[
    {
        "CategorySubtotal_TotalCost_CurrentYear_val": "45.06",
        "CategorySubtotal_TotalCost_BudgetYearOneBase_val": "",
        "CategorySubtotal_TotalCost_BudgetYearOne_val": "",
        "Name_val": "[3036] LPD",
        "@SOURCE_FILENAME": "2018-BASE_PROCUREMENT-2018-NAVY_SHIPBUILDINGANDCOVERSION-U_PROCUREMENT_JustificationBook_Navy_PB_2018.zzz_unzipped-U_PROCUREMENT_JustificationBook_Navy_PB_2018.xml",
        "@RECORDID": "ba14a00786fe807ccac6010004f7edad61e353a6b01610cc484d53c276093d34",
        "@ROWID": "0-6028333af59e83de838aa3052e9654ee56a78dce5e4a5058b8a6656465fa5a4e",
        "@PARENTROWID": "0-d105cdb67d8517e953a9e037180faa6abbaae401ed6f05457429c75dca735253",
        "@PARENT": "root.record.ItemExhibitList.P5Item"
    },
    {
        "CategorySubtotal_TotalCost_CurrentYear_val": "86",
        "CategorySubtotal_TotalCost_BudgetYearOneBase_val": "26.865",
        "CategorySubtotal_TotalCost_BudgetYearOne_val": "26.865",
        "Name_val": "[2127] Littoral Combat Ship (LCS)",
        "@SOURCE_FILENAME": "2018-BASE_PROCUREMENT-2018-NAVY_SHIPBUILDINGANDCOVERSION-U_PROCUREMENT_JustificationBook_Navy_PB_2018.zzz_unzipped-U_PROCUREMENT_JustificationBook_Navy_PB_2018.xml",
        "@RECORDID": "ba14a00786fe807ccac6010004f7edad61e353a6b01610cc484d53c276093d34",
        "@ROWID": "1-762f2a758d79af638ea88e78d6bdf9a68420a7b688e0489ecd2335265900571b",
        "@PARENTROWID": "0-d105cdb67d8517e953a9e037180faa6abbaae401ed6f05457429c75dca735253",
        "@PARENT": "root.record.ItemExhibitList.P5Item"
    },
    {
        "CategorySubtotal_TotalCost_CurrentYear_val": "",
        "CategorySubtotal_TotalCost_BudgetYearOneBase_val": "20",
        "CategorySubtotal_TotalCost_BudgetYearOne_val": "20",
        "Name_val": "[2001] CVN (Carrier Replacement Program)",
        "@SOURCE_FILENAME": "2018-BASE_PROCUREMENT-2018-NAVY_SHIPBUILDINGANDCOVERSION-U_PROCUREMENT_JustificationBook_Navy_PB_2018.zzz_unzipped-U_PROCUREMENT_JustificationBook_Navy_PB_2018.xml",
        "@RECORDID": "ba14a00786fe807ccac6010004f7edad61e353a6b01610cc484d53c276093d34",
        "@ROWID": "2-267cf459bd32ea709137d5824a4e3fa929da08aecc8a57eb9a6e4ae92222514e",
        "@PARENTROWID": "0-d105cdb67d8517e953a9e037180faa6abbaae401ed6f05457429c75dca735253",
        "@PARENT": "root.record.ItemExhibitList.P5Item"
    },
    {
        "CategorySubtotal_TotalCost_CurrentYear_val": "13.255",
        "CategorySubtotal_TotalCost_BudgetYearOneBase_val": "",
        "CategorySubtotal_TotalCost_BudgetYearOne_val": "",
        "Name_val": "[3043] Expeditionary Fast Transport (EPF)",
        "@SOURCE_FILENAME": "2018-BASE_PROCUREMENT-2018-NAVY_SHIPBUILDINGANDCOVERSION-U_PROCUREMENT_JustificationBook_Navy_PB_2018.zzz_unzipped-U_PROCUREMENT_JustificationBook_Navy_PB_2018.xml",
        "@RECORDID": "ba14a00786fe807ccac6010004f7edad61e353a6b01610cc484d53c276093d34",
        "@ROWID": "3-73e9f118b9dc13112ec4b5265185218c634b4ebe94dba8e48cbfef7ab65d0ff9",
        "@PARENTROWID": "0-d105cdb67d8517e953a9e037180faa6abbaae401ed6f05457429c75dca735253",
        "@PARENT": "root.record.ItemExhibitList.P5Item"
    },
    {
        "CategorySubtotal_TotalCost_CurrentYear_val": "15.959",
        "CategorySubtotal_TotalCost_BudgetYearOneBase_val": "51.377",
        "CategorySubtotal_TotalCost_BudgetYearOne_val": "51.377",
        "Name_val": "[2122] DDG-51",
        "@SOURCE_FILENAME": "2018-BASE_PROCUREMENT-2018-NAVY_SHIPBUILDINGANDCOVERSION-U_PROCUREMENT_JustificationBook_Navy_PB_2018.zzz_unzipped-U_PROCUREMENT_JustificationBook_Navy_PB_2018.xml",
        "@RECORDID": "ba14a00786fe807ccac6010004f7edad61e353a6b01610cc484d53c276093d34",
        "@ROWID": "4-da9799c6d2fa5c2099420fe95f1f2edaa4462a6e8ed6c17fd7c7a5024d262d0b",
        "@PARENTROWID": "0-d105cdb67d8517e953a9e037180faa6abbaae401ed6f05457429c75dca735253",
        "@PARENT": "root.record.ItemExhibitList.P5Item"
    },
    {
        "CategorySubtotal_TotalCost_CurrentYear_val": "",
        "CategorySubtotal_TotalCost_BudgetYearOneBase_val": "14.2",
        "CategorySubtotal_TotalCost_BudgetYearOne_val": "14.2",
        "Name_val": "[3041] LHA(R)",
        "@SOURCE_FILENAME": "2018-BASE_PROCUREMENT-2018-NAVY_SHIPBUILDINGANDCOVERSION-U_PROCUREMENT_JustificationBook_Navy_PB_2018.zzz_unzipped-U_PROCUREMENT_JustificationBook_Navy_PB_2018.xml",
        "@RECORDID": "ba14a00786fe807ccac6010004f7edad61e353a6b01610cc484d53c276093d34",
        "@ROWID": "5-fbccbbf65b3ab78b6eba3ef1b3a28ee6848cfdc8e5cb95a20c833c6bd1695df0",
        "@PARENTROWID": "0-d105cdb67d8517e953a9e037180faa6abbaae401ed6f05457429c75dca735253",
        "@PARENT": "root.record.ItemExhibitList.P5Item"
    },
    {
        "CategorySubtotal_TotalCost_CurrentYear_val": "",
        "CategorySubtotal_TotalCost_BudgetYearOneBase_val": "5.1",
        "CategorySubtotal_TotalCost_BudgetYearOne_val": "5.1",
        "Name_val": "[5112]  LCAC (Ship to Shore Connector)",
        "@SOURCE_FILENAME": "2018-BASE_PROCUREMENT-2018-NAVY_SHIPBUILDINGANDCOVERSION-U_PROCUREMENT_JustificationBook_Navy_PB_2018.zzz_unzipped-U_PROCUREMENT_JustificationBook_Navy_PB_2018.xml",
        "@RECORDID": "ba14a00786fe807ccac6010004f7edad61e353a6b01610cc484d53c276093d34",
        "@ROWID": "6-8622658eb7fbfd84ff78ef26350d94d2a870904110b9841c67519c03d97f7aad",
        "@PARENTROWID": "0-d105cdb67d8517e953a9e037180faa6abbaae401ed6f05457429c75dca735253",
        "@PARENT": "root.record.ItemExhibitList.P5Item"
    },
    {
        "CategorySubtotal_TotalCost_CurrentYear_val": "45.06",
        "CategorySubtotal_TotalCost_BudgetYearOneBase_val": "",
        "CategorySubtotal_TotalCost_BudgetYearOne_val": "",
        "Name_val": "[3036] LPD",
        "@SOURCE_FILENAME": "2018-BASE_PROCUREMENT-2018-NAVY_SHIPBUILDINGANDCOVERSION-U_PROCUREMENT_MasterJustificationBook_Navy_PB_2018.zzz_unzipped-U_PROCUREMENT_MasterJustificationBook_Navy_PB_2018.xml",
        "@RECORDID": "844cf09ac8dbd411df1245b882f0e816cc5e08a8e004c7233a820df7b55bceca",
        "@ROWID": "0-f393f56b6d2f7efa345d1ae84fb4d23a6bcde89580b9bb55adea6f7ff6af1491",
        "@PARENTROWID": "0-d79031b173af15ac5f4117c61896be1bc18a8cc8cc56b7c04874e3bdda878dcb",
        "@PARENT": "root.record.ItemExhibitList.P5Item"
    },
    {
        "CategorySubtotal_TotalCost_CurrentYear_val": "86",
        "CategorySubtotal_TotalCost_BudgetYearOneBase_val": "26.865",
        "CategorySubtotal_TotalCost_BudgetYearOne_val": "26.865",
        "Name_val": "[2127] Littoral Combat Ship (LCS)",
        "@SOURCE_FILENAME": "2018-BASE_PROCUREMENT-2018-NAVY_SHIPBUILDINGANDCOVERSION-U_PROCUREMENT_MasterJustificationBook_Navy_PB_2018.zzz_unzipped-U_PROCUREMENT_MasterJustificationBook_Navy_PB_2018.xml",
        "@RECORDID": "844cf09ac8dbd411df1245b882f0e816cc5e08a8e004c7233a820df7b55bceca",
        "@ROWID": "1-4b8cc7e218ea661882db84b60e02c90c290933052717ca77ea2b233380d8e1d4",
        "@PARENTROWID": "0-d79031b173af15ac5f4117c61896be1bc18a8cc8cc56b7c04874e3bdda878dcb",
        "@PARENT": "root.record.ItemExhibitList.P5Item"
    },
    {
        "CategorySubtotal_TotalCost_CurrentYear_val": "",
        "CategorySubtotal_TotalCost_BudgetYearOneBase_val": "20",
        "CategorySubtotal_TotalCost_BudgetYearOne_val": "20",
        "Name_val": "[2001] CVN (Carrier Replacement Program)",
        "@SOURCE_FILENAME": "2018-BASE_PROCUREMENT-2018-NAVY_SHIPBUILDINGANDCOVERSION-U_PROCUREMENT_MasterJustificationBook_Navy_PB_2018.zzz_unzipped-U_PROCUREMENT_MasterJustificationBook_Navy_PB_2018.xml",
        "@RECORDID": "844cf09ac8dbd411df1245b882f0e816cc5e08a8e004c7233a820df7b55bceca",
        "@ROWID": "2-b454c922661fbfc5e8462202d535bb02c7c54bdae691ea61d6ebafde5768cf3a",
        "@PARENTROWID": "0-d79031b173af15ac5f4117c61896be1bc18a8cc8cc56b7c04874e3bdda878dcb",
        "@PARENT": "root.record.ItemExhibitList.P5Item"
    },
    {
        "CategorySubtotal_TotalCost_CurrentYear_val": "13.255",
        "CategorySubtotal_TotalCost_BudgetYearOneBase_val": "",
        "CategorySubtotal_TotalCost_BudgetYearOne_val": "",
        "Name_val": "[3043] Expeditionary Fast Transport (EPF)",
        "@SOURCE_FILENAME": "2018-BASE_PROCUREMENT-2018-NAVY_SHIPBUILDINGANDCOVERSION-U_PROCUREMENT_MasterJustificationBook_Navy_PB_2018.zzz_unzipped-U_PROCUREMENT_MasterJustificationBook_Navy_PB_2018.xml",
        "@RECORDID": "844cf09ac8dbd411df1245b882f0e816cc5e08a8e004c7233a820df7b55bceca",
        "@ROWID": "3-1da3ab2589a33be41c7766f4f1e7bd4e764b7c0cc9774b26b21b7933c3189c25",
        "@PARENTROWID": "0-d79031b173af15ac5f4117c61896be1bc18a8cc8cc56b7c04874e3bdda878dcb",
        "@PARENT": "root.record.ItemExhibitList.P5Item"
    },
    {
        "CategorySubtotal_TotalCost_CurrentYear_val": "15.959",
        "CategorySubtotal_TotalCost_BudgetYearOneBase_val": "51.377",
        "CategorySubtotal_TotalCost_BudgetYearOne_val": "51.377",
        "Name_val": "[2122] DDG-51",
        "@SOURCE_FILENAME": "2018-BASE_PROCUREMENT-2018-NAVY_SHIPBUILDINGANDCOVERSION-U_PROCUREMENT_MasterJustificationBook_Navy_PB_2018.zzz_unzipped-U_PROCUREMENT_MasterJustificationBook_Navy_PB_2018.xml",
        "@RECORDID": "844cf09ac8dbd411df1245b882f0e816cc5e08a8e004c7233a820df7b55bceca",
        "@ROWID": "4-9a0f2864bcd4eda0ae215ae824306a63c111803013ab0cdfc1ec172d968d9cc3",
        "@PARENTROWID": "0-d79031b173af15ac5f4117c61896be1bc18a8cc8cc56b7c04874e3bdda878dcb",
        "@PARENT": "root.record.ItemExhibitList.P5Item"
    },
    {
        "CategorySubtotal_TotalCost_CurrentYear_val": "",
        "CategorySubtotal_TotalCost_BudgetYearOneBase_val": "14.2",
        "CategorySubtotal_TotalCost_BudgetYearOne_val": "14.2",
        "Name_val": "[3041] LHA(R)",
        "@SOURCE_FILENAME": "2018-BASE_PROCUREMENT-2018-NAVY_SHIPBUILDINGANDCOVERSION-U_PROCUREMENT_MasterJustificationBook_Navy_PB_2018.zzz_unzipped-U_PROCUREMENT_MasterJustificationBook_Navy_PB_2018.xml",
        "@RECORDID": "844cf09ac8dbd411df1245b882f0e816cc5e08a8e004c7233a820df7b55bceca",
        "@ROWID": "5-0b90e885a84ed2c113afaae447d7945a50388bdcdff3ab67b95f2e272c6a982e",
        "@PARENTROWID": "0-d79031b173af15ac5f4117c61896be1bc18a8cc8cc56b7c04874e3bdda878dcb",
        "@PARENT": "root.record.ItemExhibitList.P5Item"
    },
    {
        "CategorySubtotal_TotalCost_CurrentYear_val": "",
        "CategorySubtotal_TotalCost_BudgetYearOneBase_val": "5.1",
        "CategorySubtotal_TotalCost_BudgetYearOne_val": "5.1",
        "Name_val": "[5112]  LCAC (Ship to Shore Connector)",
        "@SOURCE_FILENAME": "2018-BASE_PROCUREMENT-2018-NAVY_SHIPBUILDINGANDCOVERSION-U_PROCUREMENT_MasterJustificationBook_Navy_PB_2018.zzz_unzipped-U_PROCUREMENT_MasterJustificationBook_Navy_PB_2018.xml",
        "@RECORDID": "844cf09ac8dbd411df1245b882f0e816cc5e08a8e004c7233a820df7b55bceca",
        "@ROWID": "6-4e0b201bf321a3fc010e71f1820907ff91509a7bb12baf1e2e943fea8f722e55",
        "@PARENTROWID": "0-d79031b173af15ac5f4117c61896be1bc18a8cc8cc56b7c04874e3bdda878dcb",
        "@PARENT": "root.record.ItemExhibitList.P5Item"
    },
    {
        "CategorySubtotal_TotalCost_CurrentYear_val": "26.865",
        "CategorySubtotal_TotalCost_BudgetYearOneBase_val": "103.184",
        "CategorySubtotal_TotalCost_BudgetYearOne_val": "103.184",
        "Name_val": "[2127] Littoral Combat Ship (LCS)",
        "@SOURCE_FILENAME": "2019-BASE_PROCUREMENT-2019-NAVY_SHIPBUILDINGANDCOVERSION-U_PROCUREMENT_JustificationBook_Navy_PB_2019.zzz_unzipped-U_PROCUREMENT_JustificationBook_Navy_PB_2019.xml",
        "@RECORDID": "4f23e71fc905fdaf1b80bd9d8605aaafa4e4d3dd58c349c54af7cc44f3280f83",
        "@ROWID": "0-6452c2f1a23461dfc258f507ff70f020f105dc3b0d395c43cf4e012a1a446633",
        "@PARENTROWID": "0-b870fedcc5079993f0a182eaafce3fac9660867852b924152893b42cabb787a8",
        "@PARENT": "root.record.ItemExhibitList.P5Item"
    },
    {
        "CategorySubtotal_TotalCost_CurrentYear_val": "20",
        "CategorySubtotal_TotalCost_BudgetYearOneBase_val": "",
        "CategorySubtotal_TotalCost_BudgetYearOne_val": "",
        "Name_val": "[2001] CVN (Carrier Replacement Program)",
        "@SOURCE_FILENAME": "2019-BASE_PROCUREMENT-2019-NAVY_SHIPBUILDINGANDCOVERSION-U_PROCUREMENT_JustificationBook_Navy_PB_2019.zzz_unzipped-U_PROCUREMENT_JustificationBook_Navy_PB_2019.xml",
        "@RECORDID": "4f23e71fc905fdaf1b80bd9d8605aaafa4e4d3dd58c349c54af7cc44f3280f83",
        "@ROWID": "1-6d04f746bb5ff4235446adfea402bbdf4b5ca01ce7948ae09e05cc35e44714d8",
        "@PARENTROWID": "0-b870fedcc5079993f0a182eaafce3fac9660867852b924152893b42cabb787a8",
        "@PARENT": "root.record.ItemExhibitList.P5Item"
    },
    {
        "CategorySubtotal_TotalCost_CurrentYear_val": "51.377",
        "CategorySubtotal_TotalCost_BudgetYearOneBase_val": "53.966",
        "CategorySubtotal_TotalCost_BudgetYearOne_val": "53.966",
        "Name_val": "[2122] DDG-51",
        "@SOURCE_FILENAME": "2019-BASE_PROCUREMENT-2019-NAVY_SHIPBUILDINGANDCOVERSION-U_PROCUREMENT_JustificationBook_Navy_PB_2019.zzz_unzipped-U_PROCUREMENT_JustificationBook_Navy_PB_2019.xml",
        "@RECORDID": "4f23e71fc905fdaf1b80bd9d8605aaafa4e4d3dd58c349c54af7cc44f3280f83",
        "@ROWID": "2-2a1f862a33fda1f76c658b1003fd16dded2af8582417f0cb9f3f98d15d912a2f",
        "@PARENTROWID": "0-b870fedcc5079993f0a182eaafce3fac9660867852b924152893b42cabb787a8",
        "@PARENT": "root.record.ItemExhibitList.P5Item"
    },
    {
        "CategorySubtotal_TotalCost_CurrentYear_val": "14.2",
        "CategorySubtotal_TotalCost_BudgetYearOneBase_val": "25.1",
        "CategorySubtotal_TotalCost_BudgetYearOne_val": "25.1",
        "Name_val": "[3041] LHA(R)",
        "@SOURCE_FILENAME": "2019-BASE_PROCUREMENT-2019-NAVY_SHIPBUILDINGANDCOVERSION-U_PROCUREMENT_JustificationBook_Navy_PB_2019.zzz_unzipped-U_PROCUREMENT_JustificationBook_Navy_PB_2019.xml",
        "@RECORDID": "4f23e71fc905fdaf1b80bd9d8605aaafa4e4d3dd58c349c54af7cc44f3280f83",
        "@ROWID": "3-ce0ee4a93c09c168769557aeee8d61df9b5af8bed3810e0858c9135d1089121c",
        "@PARENTROWID": "0-b870fedcc5079993f0a182eaafce3fac9660867852b924152893b42cabb787a8",
        "@PARENT": "root.record.ItemExhibitList.P5Item"
    },
    {
        "CategorySubtotal_TotalCost_CurrentYear_val": "5.1",
        "CategorySubtotal_TotalCost_BudgetYearOneBase_val": "9.4",
        "CategorySubtotal_TotalCost_BudgetYearOne_val": "9.4",
        "Name_val": "[5112]  LCAC (Ship to Shore Connector)",
        "@SOURCE_FILENAME": "2019-BASE_PROCUREMENT-2019-NAVY_SHIPBUILDINGANDCOVERSION-U_PROCUREMENT_JustificationBook_Navy_PB_2019.zzz_unzipped-U_PROCUREMENT_JustificationBook_Navy_PB_2019.xml",
        "@RECORDID": "4f23e71fc905fdaf1b80bd9d8605aaafa4e4d3dd58c349c54af7cc44f3280f83",
        "@ROWID": "4-61f6f88750d0d5a28403f5e9117164cfe96e7dbcd5a5a3f0d2df70762ca685b6",
        "@PARENTROWID": "0-b870fedcc5079993f0a182eaafce3fac9660867852b924152893b42cabb787a8",
        "@PARENT": "root.record.ItemExhibitList.P5Item"
    },
    {
        "CategorySubtotal_TotalCost_CurrentYear_val": "",
        "CategorySubtotal_TotalCost_BudgetYearOneBase_val": "15.449",
        "CategorySubtotal_TotalCost_BudgetYearOne_val": "15.449",
        "Name_val": "[5025] TAO Fleet Oiler",
        "@SOURCE_FILENAME": "2019-BASE_PROCUREMENT-2019-NAVY_SHIPBUILDINGANDCOVERSION-U_PROCUREMENT_JustificationBook_Navy_PB_2019.zzz_unzipped-U_PROCUREMENT_JustificationBook_Navy_PB_2019.xml",
        "@RECORDID": "4f23e71fc905fdaf1b80bd9d8605aaafa4e4d3dd58c349c54af7cc44f3280f83",
        "@ROWID": "5-095b4eec100344102739fd9b9fe37995d89a714f33655effd15d07219673cfdd",
        "@PARENTROWID": "0-b870fedcc5079993f0a182eaafce3fac9660867852b924152893b42cabb787a8",
        "@PARENT": "root.record.ItemExhibitList.P5Item"
    },
    {
        "CategorySubtotal_TotalCost_CurrentYear_val": "26.865",
        "CategorySubtotal_TotalCost_BudgetYearOneBase_val": "103.184",
        "CategorySubtotal_TotalCost_BudgetYearOne_val": "103.184",
        "Name_val": "[2127] Littoral Combat Ship (LCS)",
        "@SOURCE_FILENAME": "2019-BASE_PROCUREMENT-2019-NAVY_SHIPBUILDINGANDCOVERSION-U_PROCUREMENT_MasterJustificationBook_Navy_PB_2019.zzz_unzipped-U_PROCUREMENT_MasterJustificationBook_Navy_PB_2019.xml",
        "@RECORDID": "4e7d78eff5791982c64bcd72fe9ea8f83c6ee8a79cf0f455906a33f892b1da0a",
        "@ROWID": "0-c6c7cd84bedbebb68704f54900100691b13f6765eff59b99bffda506764edc4f",
        "@PARENTROWID": "0-168154bbc073075a89904bde62712da47f4180543eb9736ad296068797e3d804",
        "@PARENT": "root.record.ItemExhibitList.P5Item"
    },
    {
        "CategorySubtotal_TotalCost_CurrentYear_val": "20",
        "CategorySubtotal_TotalCost_BudgetYearOneBase_val": "",
        "CategorySubtotal_TotalCost_BudgetYearOne_val": "",
        "Name_val": "[2001] CVN (Carrier Replacement Program)",
        "@SOURCE_FILENAME": "2019-BASE_PROCUREMENT-2019-NAVY_SHIPBUILDINGANDCOVERSION-U_PROCUREMENT_MasterJustificationBook_Navy_PB_2019.zzz_unzipped-U_PROCUREMENT_MasterJustificationBook_Navy_PB_2019.xml",
        "@RECORDID": "4e7d78eff5791982c64bcd72fe9ea8f83c6ee8a79cf0f455906a33f892b1da0a",
        "@ROWID": "1-8c32ebbde455dc4f70902cd47bb83c5802583cfdffe87c9cf3c5f71a3b89b727",
        "@PARENTROWID": "0-168154bbc073075a89904bde62712da47f4180543eb9736ad296068797e3d804",
        "@PARENT": "root.record.ItemExhibitList.P5Item"
    },
    {
        "CategorySubtotal_TotalCost_CurrentYear_val": "51.377",
        "CategorySubtotal_TotalCost_BudgetYearOneBase_val": "53.966",
        "CategorySubtotal_TotalCost_BudgetYearOne_val": "53.966",
        "Name_val": "[2122] DDG-51",
        "@SOURCE_FILENAME": "2019-BASE_PROCUREMENT-2019-NAVY_SHIPBUILDINGANDCOVERSION-U_PROCUREMENT_MasterJustificationBook_Navy_PB_2019.zzz_unzipped-U_PROCUREMENT_MasterJustificationBook_Navy_PB_2019.xml",
        "@RECORDID": "4e7d78eff5791982c64bcd72fe9ea8f83c6ee8a79cf0f455906a33f892b1da0a",
        "@ROWID": "2-9cf77e1612bba5cad2da66a86da3b03349802a51d7444bfc3b050b4f3ca0ed6a",
        "@PARENTROWID": "0-168154bbc073075a89904bde62712da47f4180543eb9736ad296068797e3d804",
        "@PARENT": "root.record.ItemExhibitList.P5Item"
    },
    {
        "CategorySubtotal_TotalCost_CurrentYear_val": "14.2",
        "CategorySubtotal_TotalCost_BudgetYearOneBase_val": "25.1",
        "CategorySubtotal_TotalCost_BudgetYearOne_val": "25.1",
        "Name_val": "[3041] LHA(R)",
        "@SOURCE_FILENAME": "2019-BASE_PROCUREMENT-2019-NAVY_SHIPBUILDINGANDCOVERSION-U_PROCUREMENT_MasterJustificationBook_Navy_PB_2019.zzz_unzipped-U_PROCUREMENT_MasterJustificationBook_Navy_PB_2019.xml",
        "@RECORDID": "4e7d78eff5791982c64bcd72fe9ea8f83c6ee8a79cf0f455906a33f892b1da0a",
        "@ROWID": "3-80d21a6c0c145bb5fc27d915eb39eb57bd4686e2581c3d0525f8f6e6f815ebb5",
        "@PARENTROWID": "0-168154bbc073075a89904bde62712da47f4180543eb9736ad296068797e3d804",
        "@PARENT": "root.record.ItemExhibitList.P5Item"
    },
    {
        "CategorySubtotal_TotalCost_CurrentYear_val": "5.1",
        "CategorySubtotal_TotalCost_BudgetYearOneBase_val": "9.4",
        "CategorySubtotal_TotalCost_BudgetYearOne_val": "9.4",
        "Name_val": "[5112]  LCAC (Ship to Shore Connector)",
        "@SOURCE_FILENAME": "2019-BASE_PROCUREMENT-2019-NAVY_SHIPBUILDINGANDCOVERSION-U_PROCUREMENT_MasterJustificationBook_Navy_PB_2019.zzz_unzipped-U_PROCUREMENT_MasterJustificationBook_Navy_PB_2019.xml",
        "@RECORDID": "4e7d78eff5791982c64bcd72fe9ea8f83c6ee8a79cf0f455906a33f892b1da0a",
        "@ROWID": "4-04528ca1c47e6b383c90562cad7212c1d430300d7b056df36e0744d134f72062",
        "@PARENTROWID": "0-168154bbc073075a89904bde62712da47f4180543eb9736ad296068797e3d804",
        "@PARENT": "root.record.ItemExhibitList.P5Item"
    },
    {
        "CategorySubtotal_TotalCost_CurrentYear_val": "",
        "CategorySubtotal_TotalCost_BudgetYearOneBase_val": "15.449",
        "CategorySubtotal_TotalCost_BudgetYearOne_val": "15.449",
        "Name_val": "[5025] TAO Fleet Oiler",
        "@SOURCE_FILENAME": "2019-BASE_PROCUREMENT-2019-NAVY_SHIPBUILDINGANDCOVERSION-U_PROCUREMENT_MasterJustificationBook_Navy_PB_2019.zzz_unzipped-U_PROCUREMENT_MasterJustificationBook_Navy_PB_2019.xml",
        "@RECORDID": "4e7d78eff5791982c64bcd72fe9ea8f83c6ee8a79cf0f455906a33f892b1da0a",
        "@ROWID": "5-617099fa6439514783437347f35fc48f2a1eefd38d79fde05b7826c4b288c222",
        "@PARENTROWID": "0-168154bbc073075a89904bde62712da47f4180543eb9736ad296068797e3d804",
        "@PARENT": "root.record.ItemExhibitList.P5Item"
    },
    {
        "CategorySubtotal_TotalCost_CurrentYear_val": "",
        "CategorySubtotal_TotalCost_BudgetYearOneBase_val": "14",
        "CategorySubtotal_TotalCost_BudgetYearOne_val": "14",
        "Name_val": "[2127] Littoral Combat Ship (LCS)",
        "@SOURCE_FILENAME": "2020-BASE_PROCUREMENT-2020-NAVY_SHIPBUILDINGANDCOVERSION-U_PROCUREMENT_JustificationBook_Navy_PB_2020.zzz_unzipped-U_PROCUREMENT_JustificationBook_Navy_PB_2020.xml",
        "@RECORDID": "884433a6beab0e9e650d2509d54a824fa82b535689950e530778995f52bfcd62",
        "@ROWID": "0-46ad894fe7804ff6a0fff0136a4038b134f9e4ff03d328248de4e9003ade59ab",
        "@PARENTROWID": "0-442a522d0df25be9ebb309d5a53d6ca70d4139f92ce8e1d8746690e3fb1cf024",
        "@PARENT": "root.record.ItemExhibitList.P5Item"
    },
    {
        "CategorySubtotal_TotalCost_CurrentYear_val": "",
        "CategorySubtotal_TotalCost_BudgetYearOneBase_val": "38",
        "CategorySubtotal_TotalCost_BudgetYearOne_val": "38",
        "Name_val": "(3039) ESB",
        "@SOURCE_FILENAME": "2020-BASE_PROCUREMENT-2020-NAVY_SHIPBUILDINGANDCOVERSION-U_PROCUREMENT_JustificationBook_Navy_PB_2020.zzz_unzipped-U_PROCUREMENT_JustificationBook_Navy_PB_2020.xml",
        "@RECORDID": "884433a6beab0e9e650d2509d54a824fa82b535689950e530778995f52bfcd62",
        "@ROWID": "1-c6a9d9b77535e85f5178338641cf56c79dbeb9913a17150fc8f285676cd7d612",
        "@PARENTROWID": "0-442a522d0df25be9ebb309d5a53d6ca70d4139f92ce8e1d8746690e3fb1cf024",
        "@PARENT": "root.record.ItemExhibitList.P5Item"
    },
    {
        "CategorySubtotal_TotalCost_CurrentYear_val": "",
        "CategorySubtotal_TotalCost_BudgetYearOneBase_val": "3.7",
        "CategorySubtotal_TotalCost_BudgetYearOne_val": "3.7",
        "Name_val": "[5025] TAO Fleet Oiler",
        "@SOURCE_FILENAME": "2020-BASE_PROCUREMENT-2020-NAVY_SHIPBUILDINGANDCOVERSION-U_PROCUREMENT_JustificationBook_Navy_PB_2020.zzz_unzipped-U_PROCUREMENT_JustificationBook_Navy_PB_2020.xml",
        "@RECORDID": "884433a6beab0e9e650d2509d54a824fa82b535689950e530778995f52bfcd62",
        "@ROWID": "2-3217886775786a0faab9ef40237ef5c60c65bb8ee0064eceea501f7cfbbaeb35",
        "@PARENTROWID": "0-442a522d0df25be9ebb309d5a53d6ca70d4139f92ce8e1d8746690e3fb1cf024",
        "@PARENT": "root.record.ItemExhibitList.P5Item"
    },
    {
        "CategorySubtotal_TotalCost_CurrentYear_val": "",
        "CategorySubtotal_TotalCost_BudgetYearOneBase_val": "14",
        "CategorySubtotal_TotalCost_BudgetYearOne_val": "14",
        "Name_val": "[2127] Littoral Combat Ship (LCS)",
        "@SOURCE_FILENAME": "2020-BASE_PROCUREMENT-2020-NAVY_SHIPBUILDINGANDCOVERSION-U_PROCUREMENT_MasterJustificationBook_Navy_PB_2020.zzz_unzipped-U_PROCUREMENT_MasterJustificationBook_Navy_PB_2020.xml",
        "@RECORDID": "43247d3fc5a948dda4336393c7913d4aa2fa9f852a7866beab8de25bd6f746c0",
        "@ROWID": "0-bbbd7826ada5f7b4bcb0d50966a67f88f36178bfaae87e149352ded8e0a781a9",
        "@PARENTROWID": "0-8f836eb72260abf817113b4be39c3273ec001473ec56eea6a6806c1b0bdd41eb",
        "@PARENT": "root.record.ItemExhibitList.P5Item"
    },
    {
        "CategorySubtotal_TotalCost_CurrentYear_val": "",
        "CategorySubtotal_TotalCost_BudgetYearOneBase_val": "38",
        "CategorySubtotal_TotalCost_BudgetYearOne_val": "38",
        "Name_val": "(3039) ESB",
        "@SOURCE_FILENAME": "2020-BASE_PROCUREMENT-2020-NAVY_SHIPBUILDINGANDCOVERSION-U_PROCUREMENT_MasterJustificationBook_Navy_PB_2020.zzz_unzipped-U_PROCUREMENT_MasterJustificationBook_Navy_PB_2020.xml",
        "@RECORDID": "43247d3fc5a948dda4336393c7913d4aa2fa9f852a7866beab8de25bd6f746c0",
        "@ROWID": "1-e445e438bb93c03be4ea2bf26ee0ccc223f5abe5552e7139470ed9426571f100",
        "@PARENTROWID": "0-8f836eb72260abf817113b4be39c3273ec001473ec56eea6a6806c1b0bdd41eb",
        "@PARENT": "root.record.ItemExhibitList.P5Item"
    },
    {
        "CategorySubtotal_TotalCost_CurrentYear_val": "",
        "CategorySubtotal_TotalCost_BudgetYearOneBase_val": "3.7",
        "CategorySubtotal_TotalCost_BudgetYearOne_val": "3.7",
        "Name_val": "[5025] TAO Fleet Oiler",
        "@SOURCE_FILENAME": "2020-BASE_PROCUREMENT-2020-NAVY_SHIPBUILDINGANDCOVERSION-U_PROCUREMENT_MasterJustificationBook_Navy_PB_2020.zzz_unzipped-U_PROCUREMENT_MasterJustificationBook_Navy_PB_2020.xml",
        "@RECORDID": "43247d3fc5a948dda4336393c7913d4aa2fa9f852a7866beab8de25bd6f746c0",
        "@ROWID": "2-2065bbdfca70fef34a941bb1d907561cf216bf21788b5be7a2c669757de7133b",
        "@PARENTROWID": "0-8f836eb72260abf817113b4be39c3273ec001473ec56eea6a6806c1b0bdd41eb",
        "@PARENT": "root.record.ItemExhibitList.P5Item"
    }
]