[
    {
        "Name_val": "Watervliet",
        "Location_val": "Watervliet,  Arsenal Watervliet, New York",
        "Type_val": "GOGO",
        "@SOURCE_FILENAME": "2013-BASE_PROCUREMENT-2013-ARMY_WTCV-JustificationBook_Army_PB_2013.zzz_unzipped-JustificationBook_Army_PB_2013.xml",
        "@RECORDID": "77d4e2d6e7447036c7b5b87910faa2aa19021fbd093ab9579c4e3c0d93642563",
        "@ROWID": "0-97b7649d211aa66cc70fe09d353fc29d4725b5368ec6c860e68a893656c6d07f",
        "@PARENTROWID": "592-6d63f1a853ded25de45d57469e2262d7d0ce8aa20bf938c1eb6749ca69a0153b",
        "@PARENT": "root"
    },
    {
        "Name_val": "Active and Inactive Government-Owned Facilities",
        "Location_val": "Various",
        "Type_val": "GOCO",
        "@SOURCE_FILENAME": "2013-BASE_PROCUREMENT-2013-ARMY_AMMO-JustificationBook_Army_PB_2013.zzz_unzipped-JustificationBook_Army_PB_2013.xml",
        "@RECORDID": "d86559710e8c90c1e40903820e6d04df5c8421478caaf1c5036a9d6ba74875f8",
        "@ROWID": "0-04e888f058d0dc313219391cb0cb37c3a2f794d4fb9faead2dd506ca4373956a",
        "@PARENTROWID": "627-907e0371801f4fc04f71ffe75b66b0b78e20e23a0464c9a8266bd12c79326d5e",
        "@PARENT": "root"
    },
    {
        "Name_val": "Holston Army Ammunition Plant",
        "Location_val": "Kingsport, Tennessee",
        "Type_val": "GOCO",
        "@SOURCE_FILENAME": "2013-BASE_PROCUREMENT-2013-ARMY_AMMO-JustificationBook_Army_PB_2013.zzz_unzipped-JustificationBook_Army_PB_2013.xml",
        "@RECORDID": "d86559710e8c90c1e40903820e6d04df5c8421478caaf1c5036a9d6ba74875f8",
        "@ROWID": "1-34e32478a359bec2e752f4540eda10f2a86f512e093f24e2af76b239d1de9984",
        "@PARENTROWID": "627-907e0371801f4fc04f71ffe75b66b0b78e20e23a0464c9a8266bd12c79326d5e",
        "@PARENT": "root"
    },
    {
        "Name_val": "Iowa Army Ammunition Plant",
        "Location_val": "Middletown, Iowa",
        "Type_val": "GOCO",
        "@SOURCE_FILENAME": "2013-BASE_PROCUREMENT-2013-ARMY_AMMO-JustificationBook_Army_PB_2013.zzz_unzipped-JustificationBook_Army_PB_2013.xml",
        "@RECORDID": "d86559710e8c90c1e40903820e6d04df5c8421478caaf1c5036a9d6ba74875f8",
        "@ROWID": "2-6ceaac33f66070262dc8649d8447e6fc1515ebfd1ceb3c32507bc9fab9035a2c",
        "@PARENTROWID": "627-907e0371801f4fc04f71ffe75b66b0b78e20e23a0464c9a8266bd12c79326d5e",
        "@PARENT": "root"
    },
    {
        "Name_val": "Pine Bluff Arsenal",
        "Location_val": "Pine Bluff, Arkansas",
        "Type_val": "GOGO",
        "@SOURCE_FILENAME": "2013-BASE_PROCUREMENT-2013-ARMY_AMMO-JustificationBook_Army_PB_2013.zzz_unzipped-JustificationBook_Army_PB_2013.xml",
        "@RECORDID": "d86559710e8c90c1e40903820e6d04df5c8421478caaf1c5036a9d6ba74875f8",
        "@ROWID": "3-0fd1b229a4d498b9ec6a05786abfc27dd1f7a0208b096c1ea2f11165aa62d1e1",
        "@PARENTROWID": "627-907e0371801f4fc04f71ffe75b66b0b78e20e23a0464c9a8266bd12c79326d5e",
        "@PARENT": "root"
    },
    {
        "Name_val": "Quad City Cartridge Case Facility",
        "Location_val": "Rock Island, Illinois",
        "Type_val": "GOCO",
        "@SOURCE_FILENAME": "2013-BASE_PROCUREMENT-2013-ARMY_AMMO-JustificationBook_Army_PB_2013.zzz_unzipped-JustificationBook_Army_PB_2013.xml",
        "@RECORDID": "d86559710e8c90c1e40903820e6d04df5c8421478caaf1c5036a9d6ba74875f8",
        "@ROWID": "4-aa3f368e93f9b0ccb758f119956a3b254dd46f90e462c7c1e0878d32dd9fed79",
        "@PARENTROWID": "627-907e0371801f4fc04f71ffe75b66b0b78e20e23a0464c9a8266bd12c79326d5e",
        "@PARENT": "root"
    },
    {
        "Name_val": "Radford Army Ammunition Plant",
        "Location_val": "Radford, Virginia",
        "Type_val": "GOCO",
        "@SOURCE_FILENAME": "2013-BASE_PROCUREMENT-2013-ARMY_AMMO-JustificationBook_Army_PB_2013.zzz_unzipped-JustificationBook_Army_PB_2013.xml",
        "@RECORDID": "d86559710e8c90c1e40903820e6d04df5c8421478caaf1c5036a9d6ba74875f8",
        "@ROWID": "5-1beed1bd04bc3bc141aa0198942aec2e727946207dd8612eb779f528214d90e6",
        "@PARENTROWID": "627-907e0371801f4fc04f71ffe75b66b0b78e20e23a0464c9a8266bd12c79326d5e",
        "@PARENT": "root"
    },
    {
        "Name_val": "Watervliet",
        "Location_val": "Watervliet,  Arsenal Watervliet, New York",
        "Type_val": "GOGO",
        "@SOURCE_FILENAME": "2014-BASE_PROCUREMENT-2014-ARMY_WTCV-PROCUREMENT_JustificationBook_Army_PB_2014.zzz_unzipped-PROCUREMENT_JustificationBook_Army_PB_2014.xml",
        "@RECORDID": "6bd4d70739297e36cb7d4d8f35300cbc0da9f764241398b1c9c046f0a81114d8",
        "@ROWID": "0-f7e26f51eadfdb5b698f0a26f259225cf4c9943f0b0d91d4b73b811c22ab5e5e",
        "@PARENTROWID": "2266-6f7b9c9b0e60e00a457ee012200478cfe61f04bcdacb80e777bb44459849524e",
        "@PARENT": "root"
    },
    {
        "Name_val": "Active and Inactive Government-Owned Facilities",
        "Location_val": "Various",
        "Type_val": "GOCO",
        "@SOURCE_FILENAME": "2014-BASE_PROCUREMENT-2014-ARMY_AMMO-PROCUREMENT_JustificationBook_Army_PB_2014.zzz_unzipped-PROCUREMENT_JustificationBook_Army_PB_2014.xml",
        "@RECORDID": "e88f3661ea6cf14fda0467552ead014351215debdd83ba533521d2174718f5f2",
        "@ROWID": "0-b7b8e2b47da86f071c0f74c98cccb489f65a6764ed696ea8900864c94bb91566",
        "@PARENTROWID": "2301-dac8d6a47dc84002ae293ca6d0f2a76ae5746c3159de1c6c92c6eeaa9a496fc1",
        "@PARENT": "root"
    },
    {
        "Name_val": "Holston Army Ammunition Plant",
        "Location_val": "Kingsport, Tennessee",
        "Type_val": "GOCO",
        "@SOURCE_FILENAME": "2014-BASE_PROCUREMENT-2014-ARMY_AMMO-PROCUREMENT_JustificationBook_Army_PB_2014.zzz_unzipped-PROCUREMENT_JustificationBook_Army_PB_2014.xml",
        "@RECORDID": "e88f3661ea6cf14fda0467552ead014351215debdd83ba533521d2174718f5f2",
        "@ROWID": "1-da360b52caea4b2692643d006f58b03b243bc63fe924234a0c54341061ffa263",
        "@PARENTROWID": "2301-dac8d6a47dc84002ae293ca6d0f2a76ae5746c3159de1c6c92c6eeaa9a496fc1",
        "@PARENT": "root"
    },
    {
        "Name_val": "Iowa Army Ammunition Plant",
        "Location_val": "Middletown, Iowa",
        "Type_val": "GOCO",
        "@SOURCE_FILENAME": "2014-BASE_PROCUREMENT-2014-ARMY_AMMO-PROCUREMENT_JustificationBook_Army_PB_2014.zzz_unzipped-PROCUREMENT_JustificationBook_Army_PB_2014.xml",
        "@RECORDID": "e88f3661ea6cf14fda0467552ead014351215debdd83ba533521d2174718f5f2",
        "@ROWID": "2-b2941952250fad0a6dfd36f26eb08946952e6092fa235f294a394ecf35f1b936",
        "@PARENTROWID": "2301-dac8d6a47dc84002ae293ca6d0f2a76ae5746c3159de1c6c92c6eeaa9a496fc1",
        "@PARENT": "root"
    },
    {
        "Name_val": "Milan Army Ammunition Plant",
        "Location_val": "Milan, Tennessee",
        "Type_val": "GOCO",
        "@SOURCE_FILENAME": "2014-BASE_PROCUREMENT-2014-ARMY_AMMO-PROCUREMENT_JustificationBook_Army_PB_2014.zzz_unzipped-PROCUREMENT_JustificationBook_Army_PB_2014.xml",
        "@RECORDID": "e88f3661ea6cf14fda0467552ead014351215debdd83ba533521d2174718f5f2",
        "@ROWID": "3-64984a8aaa9af072154f12b887c20c334cc7dc97ea4f38b1ae9dcb1c6a3e71ea",
        "@PARENTROWID": "2301-dac8d6a47dc84002ae293ca6d0f2a76ae5746c3159de1c6c92c6eeaa9a496fc1",
        "@PARENT": "root"
    },
    {
        "Name_val": "Pine Bluff Arsenal",
        "Location_val": "Pine Bluff, Arkansas",
        "Type_val": "GOGO",
        "@SOURCE_FILENAME": "2014-BASE_PROCUREMENT-2014-ARMY_AMMO-PROCUREMENT_JustificationBook_Army_PB_2014.zzz_unzipped-PROCUREMENT_JustificationBook_Army_PB_2014.xml",
        "@RECORDID": "e88f3661ea6cf14fda0467552ead014351215debdd83ba533521d2174718f5f2",
        "@ROWID": "4-a7d835aec30049c10d619bb8394751c6d227894afe9a0fb2d7a0d5d47fd9c8f9",
        "@PARENTROWID": "2301-dac8d6a47dc84002ae293ca6d0f2a76ae5746c3159de1c6c92c6eeaa9a496fc1",
        "@PARENT": "root"
    },
    {
        "Name_val": "Quad City Cartridge Case Facility",
        "Location_val": "Rock Island, Illinois",
        "Type_val": "GOCO",
        "@SOURCE_FILENAME": "2014-BASE_PROCUREMENT-2014-ARMY_AMMO-PROCUREMENT_JustificationBook_Army_PB_2014.zzz_unzipped-PROCUREMENT_JustificationBook_Army_PB_2014.xml",
        "@RECORDID": "e88f3661ea6cf14fda0467552ead014351215debdd83ba533521d2174718f5f2",
        "@ROWID": "5-02210e3a40f1fff03aaa77c09db1c95b2f5d4b7dccf9a5c93abdecbedcf5db63",
        "@PARENTROWID": "2301-dac8d6a47dc84002ae293ca6d0f2a76ae5746c3159de1c6c92c6eeaa9a496fc1",
        "@PARENT": "root"
    },
    {
        "Name_val": "Radford Army Ammunition Plant",
        "Location_val": "Radford, Virginia",
        "Type_val": "GOCO",
        "@SOURCE_FILENAME": "2014-BASE_PROCUREMENT-2014-ARMY_AMMO-PROCUREMENT_JustificationBook_Army_PB_2014.zzz_unzipped-PROCUREMENT_JustificationBook_Army_PB_2014.xml",
        "@RECORDID": "e88f3661ea6cf14fda0467552ead014351215debdd83ba533521d2174718f5f2",
        "@ROWID": "6-8d4c21b3542e9d9c616f609117734759cdc56111823b8cc57bbf35ad728c9eb2",
        "@PARENTROWID": "2301-dac8d6a47dc84002ae293ca6d0f2a76ae5746c3159de1c6c92c6eeaa9a496fc1",
        "@PARENT": "root"
    },
    {
        "Name_val": "Watervliet",
        "Location_val": "Watervliet,  Arsenal Watervliet, New York",
        "Type_val": "GOGO",
        "@SOURCE_FILENAME": "2015-BASE_PROCUREMENT-2015-ARMY_WTCV-PROCUREMENT_JustificationBook_Army_PB_2015.zzz_unzipped-PROCUREMENT_JustificationBook_Army_PB_2015.xml",
        "@RECORDID": "a584fd6a0f683eab067c59c742ba7f9404fce4832bc6cc82fa2133d9f128704f",
        "@ROWID": "0-c8b219ed0c3e9bc7b42ddd298618ff534108a1d39d9267ffb3b39a90170149cc",
        "@PARENTROWID": "3903-afb8f4a9ee20e9e957570cfa09645f53fa0cacc09f804372250cbfcea1483168",
        "@PARENT": "root"
    },
    {
        "Name_val": "Active and Inactive Government-Owned Facilities",
        "Location_val": "Various",
        "Type_val": "GOCO",
        "@SOURCE_FILENAME": "2015-BASE_PROCUREMENT-2015-ARMY_AMMO-PROCUREMENT_JustificationBook_Army_PB_2015.zzz_unzipped-PROCUREMENT_JustificationBook_Army_PB_2015.xml",
        "@RECORDID": "c4d5510aae3be623d3815177cb4b77718e913b16082d5e476d238e93060d9756",
        "@ROWID": "0-0d936b6652ffbd957a8d8324b206dbf4312d6fe9934eeb9acf6bb1482bb42fe3",
        "@PARENTROWID": "3938-e685a11fca59762dbef862933f1886b867bed4326dd3db338bf79039022bad37",
        "@PARENT": "root"
    },
    {
        "Name_val": "Iowa Army Ammunition Plant",
        "Location_val": "Middletown, Iowa",
        "Type_val": "GOCO",
        "@SOURCE_FILENAME": "2015-BASE_PROCUREMENT-2015-ARMY_AMMO-PROCUREMENT_JustificationBook_Army_PB_2015.zzz_unzipped-PROCUREMENT_JustificationBook_Army_PB_2015.xml",
        "@RECORDID": "c4d5510aae3be623d3815177cb4b77718e913b16082d5e476d238e93060d9756",
        "@ROWID": "1-f940a46f87d9da578c489e73618e3bd8734887c5d37ecc144e8da85cb4cf6448",
        "@PARENTROWID": "3938-e685a11fca59762dbef862933f1886b867bed4326dd3db338bf79039022bad37",
        "@PARENT": "root"
    },
    {
        "Name_val": "Lake City Army Ammunition Plant",
        "Location_val": "Independence, Missouri",
        "Type_val": "GOCO",
        "@SOURCE_FILENAME": "2015-BASE_PROCUREMENT-2015-ARMY_AMMO-PROCUREMENT_JustificationBook_Army_PB_2015.zzz_unzipped-PROCUREMENT_JustificationBook_Army_PB_2015.xml",
        "@RECORDID": "c4d5510aae3be623d3815177cb4b77718e913b16082d5e476d238e93060d9756",
        "@ROWID": "2-f97514322ca77a434b06d13504978ba1f0078053e25ea25e7f4e657068c94a0a",
        "@PARENTROWID": "3938-e685a11fca59762dbef862933f1886b867bed4326dd3db338bf79039022bad37",
        "@PARENT": "root"
    },
    {
        "Name_val": "Milan Army Ammunition Plant",
        "Location_val": "Milan, Tennessee",
        "Type_val": "GOCO",
        "@SOURCE_FILENAME": "2015-BASE_PROCUREMENT-2015-ARMY_AMMO-PROCUREMENT_JustificationBook_Army_PB_2015.zzz_unzipped-PROCUREMENT_JustificationBook_Army_PB_2015.xml",
        "@RECORDID": "c4d5510aae3be623d3815177cb4b77718e913b16082d5e476d238e93060d9756",
        "@ROWID": "3-a64cbcb6ade1dbee8d607ddc3a5162fa584c2ed78d92fdb654bbb70f648ecc43",
        "@PARENTROWID": "3938-e685a11fca59762dbef862933f1886b867bed4326dd3db338bf79039022bad37",
        "@PARENT": "root"
    },
    {
        "Name_val": "Pine Bluff Arsenal",
        "Location_val": "Pine Bluff, Arkansas",
        "Type_val": "GOGO",
        "@SOURCE_FILENAME": "2015-BASE_PROCUREMENT-2015-ARMY_AMMO-PROCUREMENT_JustificationBook_Army_PB_2015.zzz_unzipped-PROCUREMENT_JustificationBook_Army_PB_2015.xml",
        "@RECORDID": "c4d5510aae3be623d3815177cb4b77718e913b16082d5e476d238e93060d9756",
        "@ROWID": "4-0dbb47362f9661b94f54a55328b933d2d5b3236f0daa2dbf302ff0dd0083516b",
        "@PARENTROWID": "3938-e685a11fca59762dbef862933f1886b867bed4326dd3db338bf79039022bad37",
        "@PARENT": "root"
    },
    {
        "Name_val": "Radford Army Ammunition Plant",
        "Location_val": "Radford, Virginia",
        "Type_val": "GOCO",
        "@SOURCE_FILENAME": "2015-BASE_PROCUREMENT-2015-ARMY_AMMO-PROCUREMENT_JustificationBook_Army_PB_2015.zzz_unzipped-PROCUREMENT_JustificationBook_Army_PB_2015.xml",
        "@RECORDID": "c4d5510aae3be623d3815177cb4b77718e913b16082d5e476d238e93060d9756",
        "@ROWID": "5-b2a9a72e27e3dd895a60e833cf4f12feb68ded26a95e296e787e4966cc254540",
        "@PARENTROWID": "3938-e685a11fca59762dbef862933f1886b867bed4326dd3db338bf79039022bad37",
        "@PARENT": "root"
    },
    {
        "Name_val": "Scranton Army Ammunition Plant",
        "Location_val": "Scranton, Pennsylvania",
        "Type_val": "GOCO",
        "@SOURCE_FILENAME": "2015-BASE_PROCUREMENT-2015-ARMY_AMMO-PROCUREMENT_JustificationBook_Army_PB_2015.zzz_unzipped-PROCUREMENT_JustificationBook_Army_PB_2015.xml",
        "@RECORDID": "c4d5510aae3be623d3815177cb4b77718e913b16082d5e476d238e93060d9756",
        "@ROWID": "6-9cb422914c8885b33a07d58140c984aad32078332d0fd0b2a1ae66e59056a898",
        "@PARENTROWID": "3938-e685a11fca59762dbef862933f1886b867bed4326dd3db338bf79039022bad37",
        "@PARENT": "root"
    },
    {
        "Name_val": "Watervliet",
        "Location_val": "Watervliet,  Arsenal Watervliet, New York",
        "Type_val": "GOGO",
        "@SOURCE_FILENAME": "2016-BASE_PROCUREMENT-2016-ARMY_WTCV-PROCUREMENT_JustificationBook_Army_PB_2016.zzz_unzipped-PROCUREMENT_JustificationBook_Army_PB_2016.xml",
        "@RECORDID": "5d00c39c1e909eed2357826245a76a51310d03e9eaaa04439ab37437904c53fa",
        "@ROWID": "0-8befd73a64b0dc8df4e1969796296b0a8874331464237f4a11bb078fd27187ea",
        "@PARENTROWID": "5564-cf18de58932e41656c7567d7785584f41434fb433524e2498151f99510071b7b",
        "@PARENT": "root"
    },
    {
        "Name_val": "Active and Inactive Government-Owned Facilities",
        "Location_val": "Various",
        "Type_val": "GOCO",
        "@SOURCE_FILENAME": "2016-BASE_PROCUREMENT-2016-ARMY_AMMO-PROCUREMENT_JustificationBook_Army_PB_2016.zzz_unzipped-PROCUREMENT_JustificationBook_Army_PB_2016.xml",
        "@RECORDID": "b8c74bded3f7e8d5becd320d034e0321c86f39aa744ca436c07c8d4430a61422",
        "@ROWID": "0-8e143b453044222e150f005359c854a3368b147acb449a49e37fe734a375deb2",
        "@PARENTROWID": "5594-662cee9c71d5fc5fb4ff0b278398320423c050e56bf33ae9bdb65c80fcce6398",
        "@PARENT": "root"
    },
    {
        "Name_val": "Holston Army Ammunition Plant",
        "Location_val": "Kingsport, Tennessee",
        "Type_val": "GOCO",
        "@SOURCE_FILENAME": "2016-BASE_PROCUREMENT-2016-ARMY_AMMO-PROCUREMENT_JustificationBook_Army_PB_2016.zzz_unzipped-PROCUREMENT_JustificationBook_Army_PB_2016.xml",
        "@RECORDID": "b8c74bded3f7e8d5becd320d034e0321c86f39aa744ca436c07c8d4430a61422",
        "@ROWID": "1-4eb663910f3114a2b76cd750876d21333f9c966214b1f06c6dc95cc9b2fbae77",
        "@PARENTROWID": "5594-662cee9c71d5fc5fb4ff0b278398320423c050e56bf33ae9bdb65c80fcce6398",
        "@PARENT": "root"
    },
    {
        "Name_val": "Iowa Army Ammunition Plant",
        "Location_val": "Middletown, Iowa",
        "Type_val": "GOCO",
        "@SOURCE_FILENAME": "2016-BASE_PROCUREMENT-2016-ARMY_AMMO-PROCUREMENT_JustificationBook_Army_PB_2016.zzz_unzipped-PROCUREMENT_JustificationBook_Army_PB_2016.xml",
        "@RECORDID": "b8c74bded3f7e8d5becd320d034e0321c86f39aa744ca436c07c8d4430a61422",
        "@ROWID": "2-f030d09e511142754b8b4f69c48068c102d87e6d71018343fa3741ead7cbf944",
        "@PARENTROWID": "5594-662cee9c71d5fc5fb4ff0b278398320423c050e56bf33ae9bdb65c80fcce6398",
        "@PARENT": "root"
    },
    {
        "Name_val": "Lake City Army Ammunition Plant",
        "Location_val": "Independence, Missouri",
        "Type_val": "GOCO",
        "@SOURCE_FILENAME": "2016-BASE_PROCUREMENT-2016-ARMY_AMMO-PROCUREMENT_JustificationBook_Army_PB_2016.zzz_unzipped-PROCUREMENT_JustificationBook_Army_PB_2016.xml",
        "@RECORDID": "b8c74bded3f7e8d5becd320d034e0321c86f39aa744ca436c07c8d4430a61422",
        "@ROWID": "3-aa5ba77da2240ed80b1799604605ac16eb105d0949581c04f5a0f3c1c9d22bde",
        "@PARENTROWID": "5594-662cee9c71d5fc5fb4ff0b278398320423c050e56bf33ae9bdb65c80fcce6398",
        "@PARENT": "root"
    },
    {
        "Name_val": "Milan Army Ammunition Plant",
        "Location_val": "Milan, Tennessee",
        "Type_val": "GOCO",
        "@SOURCE_FILENAME": "2016-BASE_PROCUREMENT-2016-ARMY_AMMO-PROCUREMENT_JustificationBook_Army_PB_2016.zzz_unzipped-PROCUREMENT_JustificationBook_Army_PB_2016.xml",
        "@RECORDID": "b8c74bded3f7e8d5becd320d034e0321c86f39aa744ca436c07c8d4430a61422",
        "@ROWID": "4-85a437c7d847746861b347fd76fb4645109752ee9b1ab5942831177e22aff331",
        "@PARENTROWID": "5594-662cee9c71d5fc5fb4ff0b278398320423c050e56bf33ae9bdb65c80fcce6398",
        "@PARENT": "root"
    },
    {
        "Name_val": "Pine Bluff Arsenal",
        "Location_val": "Pine Bluff, Arkansas",
        "Type_val": "GOGO",
        "@SOURCE_FILENAME": "2016-BASE_PROCUREMENT-2016-ARMY_AMMO-PROCUREMENT_JustificationBook_Army_PB_2016.zzz_unzipped-PROCUREMENT_JustificationBook_Army_PB_2016.xml",
        "@RECORDID": "b8c74bded3f7e8d5becd320d034e0321c86f39aa744ca436c07c8d4430a61422",
        "@ROWID": "5-bf5f21bfc6eded7fe69b312f21d1eb913980c39a450f26a9531f1ad96bf092ef",
        "@PARENTROWID": "5594-662cee9c71d5fc5fb4ff0b278398320423c050e56bf33ae9bdb65c80fcce6398",
        "@PARENT": "root"
    },
    {
        "Name_val": "Quad City Cartridge Case Facility",
        "Location_val": "Rock Island, Illinois",
        "Type_val": "GOCO",
        "@SOURCE_FILENAME": "2016-BASE_PROCUREMENT-2016-ARMY_AMMO-PROCUREMENT_JustificationBook_Army_PB_2016.zzz_unzipped-PROCUREMENT_JustificationBook_Army_PB_2016.xml",
        "@RECORDID": "b8c74bded3f7e8d5becd320d034e0321c86f39aa744ca436c07c8d4430a61422",
        "@ROWID": "6-93a23350cbd88b62e9434f57244e64c04cd4d928405be09d59fe77692085ead0",
        "@PARENTROWID": "5594-662cee9c71d5fc5fb4ff0b278398320423c050e56bf33ae9bdb65c80fcce6398",
        "@PARENT": "root"
    },
    {
        "Name_val": "Radford Army Ammunition Plant",
        "Location_val": "Radford, Virginia",
        "Type_val": "GOCO",
        "@SOURCE_FILENAME": "2016-BASE_PROCUREMENT-2016-ARMY_AMMO-PROCUREMENT_JustificationBook_Army_PB_2016.zzz_unzipped-PROCUREMENT_JustificationBook_Army_PB_2016.xml",
        "@RECORDID": "b8c74bded3f7e8d5becd320d034e0321c86f39aa744ca436c07c8d4430a61422",
        "@ROWID": "7-ed1584188ecd4d08de1c2bcdf56bd8d6eab40639ffa61cfdc26db1d9e58b1999",
        "@PARENTROWID": "5594-662cee9c71d5fc5fb4ff0b278398320423c050e56bf33ae9bdb65c80fcce6398",
        "@PARENT": "root"
    },
    {
        "Name_val": "Scranton Army Ammunition Plant",
        "Location_val": "Scranton, Pennsylvania",
        "Type_val": "GOCO",
        "@SOURCE_FILENAME": "2016-BASE_PROCUREMENT-2016-ARMY_AMMO-PROCUREMENT_JustificationBook_Army_PB_2016.zzz_unzipped-PROCUREMENT_JustificationBook_Army_PB_2016.xml",
        "@RECORDID": "b8c74bded3f7e8d5becd320d034e0321c86f39aa744ca436c07c8d4430a61422",
        "@ROWID": "8-0a566a8178a8d705a7a93d9617721f4b12721f16c1612d333ca6396cedfc7452",
        "@PARENTROWID": "5594-662cee9c71d5fc5fb4ff0b278398320423c050e56bf33ae9bdb65c80fcce6398",
        "@PARENT": "root"
    }
]