Title_val,Costs_TotalCost_PriorYearNine_val,Costs_TotalCost_PriorYearFour_val,Costs_TotalCost_BudgetYearOne_val,Costs_TotalCost_PriorYear_val,Costs_TotalCost_PriorYearThree_val,Costs_TotalCost_PriorYearTwo_val,Costs_TotalCost_CurrentYear_val,Costs_TotalCost_PriorYearFive_val,Costs_TotalCost_PriorYearTen_val,Costs_TotalCost_PriorYearEight_val,Costs_TotalCost_PriorYearEleven_val,Costs_TotalCost_PriorYearSix_val,Costs_TotalCost_PriorYearTwelve_val,Costs_Quantity_PriorYearThree_val,Costs_Quantity_PriorYearFive_val,Costs_Quantity_PriorYearTwo_val,Costs_Quantity_PriorYear_val,Costs_Quantity_CurrentYear_val,Costs_Quantity_BudgetYearOne_val,Costs_Quantity_PriorYearFour_val,@SOURCE_FILENAME,@RECORDID,@ROWID,@PARENTROWID,@PARENT
"Other ELECTRONICS","13.873","12.731","13.729","","","","","","","","","","","","","","","","","","2018-BASE_PROCUREMENT-2018-NAVY_SHIPBUILDINGANDCOVERSION-U_PROCUREMENT_JustificationBook_Navy_PB_2018.zzz_unzipped-U_PROCUREMENT_JustificationBook_Navy_PB_2018.xml","3bd3375f8dec12f579ffef5deeffb5939924e6b15ffeeee65c067abecc5c9d65","0-025c407a82b2bcd0209faecc8faca195a2fd47cd983d64d7907c7e6be8fb18f6","9441-f8e01e63fd458c07476976aec50e1680ddc982483c078fad193d4edfeaca7748","root"
"Minor Systems","","","3.755","3.365","","","","","","","","","","","","","","","","","2018-BASE_PROCUREMENT-2018-NAVY_SHIPBUILDINGANDCOVERSION-U_PROCUREMENT_JustificationBook_Navy_PB_2018.zzz_unzipped-U_PROCUREMENT_JustificationBook_Navy_PB_2018.xml","5fb03280280c04f70140363ea84e84f7472f5711a8a318be34e2b8fb03fc2dac","0-38255b44d46c9873d6bab2fb33eedcc82f67244e19d52d9073d1e93bceefcffc","9443-944a20d469a1dc1664c95e5845fb973900b1204d69897ee6b24b93935ab26e11","root"
"Misc Electronics","","","2.437","2.384","2.292","2.338","2.392","","","","","","","2","","","","","","","2018-BASE_PROCUREMENT-2018-NAVY_SHIPBUILDINGANDCOVERSION-U_PROCUREMENT_JustificationBook_Navy_PB_2018.zzz_unzipped-U_PROCUREMENT_JustificationBook_Navy_PB_2018.xml","e65faa6577a08f2ddf29b7d5454a13aa910b941ba87ebd505eb81f9f400deed2","0-960d5e04cacf286c15c7f56d469a3bc1bea34dbd35cf174dd06dc4cf2d37d5e4","9452-1e348d85f63c4bfe7233f988639d874a259ed5a8f42ffed9b3b1ebfecc66b9f1","root"
"TEST & CERTIFICATIONS, MISC.","","","","6.891","","","","10.631","","","","","","","","","","","","","2018-BASE_PROCUREMENT-2018-NAVY_SHIPBUILDINGANDCOVERSION-U_PROCUREMENT_JustificationBook_Navy_PB_2018.zzz_unzipped-U_PROCUREMENT_JustificationBook_Navy_PB_2018.xml","30f05fcd72a912823615127e43b2be8ca570156afc2855adfc6c02323fd91c7d","0-29bd525fd0b9c8ef72288a57d6660c4e596072cd7d3168259c66d7abac7f0a52","9454-0a9ba165a1c191585e53a8adbc451f966006a48128787ba028a2ab0767594fe5","root"
"CARRIER AIR DEFENSE IMPROVEMENT PROGRAM (CADIP)","","","","","","","","13.351","","","","","","","1","","","","","","2018-BASE_PROCUREMENT-2018-NAVY_SHIPBUILDINGANDCOVERSION-U_PROCUREMENT_JustificationBook_Navy_PB_2018.zzz_unzipped-U_PROCUREMENT_JustificationBook_Navy_PB_2018.xml","30f05fcd72a912823615127e43b2be8ca570156afc2855adfc6c02323fd91c7d","1-3f13f3f074478800d8c699c7adbacd8fca1a3afa8dd120731babae8d24b0a837","9454-0a9ba165a1c191585e53a8adbc451f966006a48128787ba028a2ab0767594fe5","root"
"MISSION SYSTEM ENGR INTEGR & TEST (MSEIT)","","","","","","","","","322.274","132.51","","","","","","","","","","","2018-BASE_PROCUREMENT-2018-NAVY_SHIPBUILDINGANDCOVERSION-U_PROCUREMENT_JustificationBook_Navy_PB_2018.zzz_unzipped-U_PROCUREMENT_JustificationBook_Navy_PB_2018.xml","63a199acf2aec9803478e689b99e17d5ba8e6ed8eb7dfb080491db0b111af06e","0-e63faa3cfbb22d6d2a72aa570f8a2125e76b29e0bf272090f3e8a442cf7e327a","9455-7f5ce97021f0474ce0df0f63d7df4473dd6594a6e8832b2e5711660d3d1f1f1a","root"
"MISSION SYSTEM ACTIVATION","","","","","","","","","71.621","40.9","","","","","","","","","","","2018-BASE_PROCUREMENT-2018-NAVY_SHIPBUILDINGANDCOVERSION-U_PROCUREMENT_JustificationBook_Navy_PB_2018.zzz_unzipped-U_PROCUREMENT_JustificationBook_Navy_PB_2018.xml","63a199acf2aec9803478e689b99e17d5ba8e6ed8eb7dfb080491db0b111af06e","1-c2c035bc25e9e41ed218b0d19be0ba4358db0fd0a61b5384868120887d18b966","9455-7f5ce97021f0474ce0df0f63d7df4473dd6594a6e8832b2e5711660d3d1f1f1a","root"
"MISC. ELECTRONICS","","","51.051","89.356","","63.815","50.059","","","","","","","","","2","3","2","2","","2018-BASE_PROCUREMENT-2018-NAVY_SHIPBUILDINGANDCOVERSION-U_PROCUREMENT_JustificationBook_Navy_PB_2018.zzz_unzipped-U_PROCUREMENT_JustificationBook_Navy_PB_2018.xml","341c09c4a37bc5105a93194374c2b71f3cdff23a738f04e5629acb1abd33932e","0-b369316c240cae5dff49fa286ad2df974692c887ae1098f995db9365642aa593","9456-253f06b5da3e45776807e870b30b770a981fe2058815216379550864bd6793d2","root"
"OTHER ELECTRONICS","","","6.251","10.533","","10.357","11.083","","","","","","","","","3","","","","","2018-BASE_PROCUREMENT-2018-NAVY_SHIPBUILDINGANDCOVERSION-U_PROCUREMENT_JustificationBook_Navy_PB_2018.zzz_unzipped-U_PROCUREMENT_JustificationBook_Navy_PB_2018.xml","b548d3bebc5c45d3822f00bfd12bbaf3401faadb58f2ede71a62e2af4a876487","0-0dd0a501a0049dc66834cfc0affac78e6517564b5e11f3f824be916a9ce61b85","9457-b7baf6e755a6175840367f6691029374c19f6eda82a410d8c4d1a2c20a4b595f","root"
"Miscellaneous Electronics","","","","42.119","","","","88.642","","","","","","","","","","","","","2018-BASE_PROCUREMENT-2018-NAVY_SHIPBUILDINGANDCOVERSION-U_PROCUREMENT_JustificationBook_Navy_PB_2018.zzz_unzipped-U_PROCUREMENT_JustificationBook_Navy_PB_2018.xml","6c8db8380a911de3d70ef956f133867b9c0a3463851956b9d3521431df0e0e53","0-c7122edb0f8ab4c421a6949c283ee8b0b4de9ff8e94a72193801b642a8338868","9458-97ed1a36ac6cb67fd39a1503bb6c97b5c0565c05fddfc97ede3be0a3aa022500","root"
"IWS CSI","","","","3.313","","","","","","","","","","","","","","","","","2018-BASE_PROCUREMENT-2018-NAVY_SHIPBUILDINGANDCOVERSION-U_PROCUREMENT_JustificationBook_Navy_PB_2018.zzz_unzipped-U_PROCUREMENT_JustificationBook_Navy_PB_2018.xml","6c8db8380a911de3d70ef956f133867b9c0a3463851956b9d3521431df0e0e53","1-e7377dcad7183bd56abdac3b6f458da896eb907c35e61cc67f8d0380a77a97da","9458-97ed1a36ac6cb67fd39a1503bb6c97b5c0565c05fddfc97ede3be0a3aa022500","root"
"Miscellaneous Electronics","","","","","","","13.506","","","","","","","","","","","","","","2018-BASE_PROCUREMENT-2018-NAVY_SHIPBUILDINGANDCOVERSION-U_PROCUREMENT_JustificationBook_Navy_PB_2018.zzz_unzipped-U_PROCUREMENT_JustificationBook_Navy_PB_2018.xml","3e69140d5f269b4975bbc8a50003ffb903001debb67899638f4fcb5075083df8","0-9cb8a32200ec341372165768af42c5444c98d71c572091bbcef66efb8b451461","9460-4747fd4a64740e9106ad00ccd57c3ece1e4b1297fbf0c3930803af3683d5b997","root"
"Other ELECTRONICS","13.873","12.731","13.729","","","","","","","","","","","","","","","","","","2018-BASE_PROCUREMENT-2018-NAVY_SHIPBUILDINGANDCOVERSION-U_PROCUREMENT_MasterJustificationBook_Navy_PB_2018.zzz_unzipped-U_PROCUREMENT_MasterJustificationBook_Navy_PB_2018.xml","1d7fe1ff3cd4bd81f1f8eadcb8986287a46fef38ba78ae80f3d311ff6e2885f3","0-5000165c0508cedd9d8d83b572688529a4c48eaac21d5bee6f867a141b9d5f5d","9462-aa35935785146cdadd3a9cfe5162f56ec6fed8f599ddd297bd4d86b51d0a8428","root"
"Minor Systems","","","3.755","3.365","","","","","","","","","","","","","","","","","2018-BASE_PROCUREMENT-2018-NAVY_SHIPBUILDINGANDCOVERSION-U_PROCUREMENT_MasterJustificationBook_Navy_PB_2018.zzz_unzipped-U_PROCUREMENT_MasterJustificationBook_Navy_PB_2018.xml","323dee594a542260809faba5db6e9d0ae785d79341ac33dab24393ecf402c9b9","0-863a91ca8bb2091896344294095cc1da0071a6b414abbdcabc7992dcb24b8899","9464-ce3f118b0c0a348e96ce7a61a3bde151138c7424fc8be73ed09ce8fa9d0406e6","root"
"Misc Electronics","","","2.437","2.384","2.292","2.338","2.392","","","","","","","2","","","","","","","2018-BASE_PROCUREMENT-2018-NAVY_SHIPBUILDINGANDCOVERSION-U_PROCUREMENT_MasterJustificationBook_Navy_PB_2018.zzz_unzipped-U_PROCUREMENT_MasterJustificationBook_Navy_PB_2018.xml","b9b3c2143c11a13c8f2c4f97143714796c97d937a9c0d0bc447e53de4a529dc3","0-e048bd720a530e336343f44243e73d4a012282d5718a671fb320d1e1f2e27f17","9473-316168303d888c3eb6a6142ead8559723a00cbe5b1b76227d9708f8753476759","root"
"TEST & CERTIFICATIONS, MISC.","","","","6.891","","","","10.631","","","","","","","","","","","","","2018-BASE_PROCUREMENT-2018-NAVY_SHIPBUILDINGANDCOVERSION-U_PROCUREMENT_MasterJustificationBook_Navy_PB_2018.zzz_unzipped-U_PROCUREMENT_MasterJustificationBook_Navy_PB_2018.xml","39e99632cac232ed4f791a16a1a3a350502b6d8437548761d869aa99726b1c18","0-8b29d90b1ce93a37102e92b56c84162d4a5fceac0944618e92cc2cc0870945a1","9475-055a9d40fc826ba45f41bb7f73c42cdf69d64de129d390d5fe3fac5ea91bbf3a","root"
"CARRIER AIR DEFENSE IMPROVEMENT PROGRAM (CADIP)","","","","","","","","13.351","","","","","","","1","","","","","","2018-BASE_PROCUREMENT-2018-NAVY_SHIPBUILDINGANDCOVERSION-U_PROCUREMENT_MasterJustificationBook_Navy_PB_2018.zzz_unzipped-U_PROCUREMENT_MasterJustificationBook_Navy_PB_2018.xml","39e99632cac232ed4f791a16a1a3a350502b6d8437548761d869aa99726b1c18","1-2231493f88fb932d4bfc1fd1c4f0c630be4fb937b0da7a96f8604d9ec6cb1ef6","9475-055a9d40fc826ba45f41bb7f73c42cdf69d64de129d390d5fe3fac5ea91bbf3a","root"
"MISSION SYSTEM ENGR INTEGR & TEST (MSEIT)","","","","","","","","","322.274","132.51","","","","","","","","","","","2018-BASE_PROCUREMENT-2018-NAVY_SHIPBUILDINGANDCOVERSION-U_PROCUREMENT_MasterJustificationBook_Navy_PB_2018.zzz_unzipped-U_PROCUREMENT_MasterJustificationBook_Navy_PB_2018.xml","cfcd2affcafe58149df6900b5bafde44d10bbb1934842da11d594bb3c352ff90","0-9f6481243d66959bb44c057357107b737aad5b82e1caaa457ac85753c7d2185b","9476-40986c31827bcad0522c0e1609bc2881d512b243462b911eab6919c780d64224","root"
"MISSION SYSTEM ACTIVATION","","","","","","","","","71.621","40.9","","","","","","","","","","","2018-BASE_PROCUREMENT-2018-NAVY_SHIPBUILDINGANDCOVERSION-U_PROCUREMENT_MasterJustificationBook_Navy_PB_2018.zzz_unzipped-U_PROCUREMENT_MasterJustificationBook_Navy_PB_2018.xml","cfcd2affcafe58149df6900b5bafde44d10bbb1934842da11d594bb3c352ff90","1-1356f0c0361ad4058460127f77ae76935b2655fd0064ca9bf4660f100dd1b536","9476-40986c31827bcad0522c0e1609bc2881d512b243462b911eab6919c780d64224","root"
"MISC. ELECTRONICS","","","51.051","89.356","","63.815","50.059","","","","","","","","","2","3","2","2","","2018-BASE_PROCUREMENT-2018-NAVY_SHIPBUILDINGANDCOVERSION-U_PROCUREMENT_MasterJustificationBook_Navy_PB_2018.zzz_unzipped-U_PROCUREMENT_MasterJustificationBook_Navy_PB_2018.xml","e27de6ec9cb638c66ac0b656bccfc8f782bb401590861916fc6bffb8352b5cd2","0-440262da17f6478246a6a48e11c1c48d52a089eb3d06ab809521753657d5d1f6","9477-669afc5c819137fac732c570aa45ed90f4259e011425cfedf0699463cd0eb202","root"
"OTHER ELECTRONICS","","","6.251","10.533","","10.357","11.083","","","","","","","","","3","","","","","2018-BASE_PROCUREMENT-2018-NAVY_SHIPBUILDINGANDCOVERSION-U_PROCUREMENT_MasterJustificationBook_Navy_PB_2018.zzz_unzipped-U_PROCUREMENT_MasterJustificationBook_Navy_PB_2018.xml","119a8a234210e8d816f52b47d147d9422de1a8875a3a611fd7398a69bdc2b836","0-03562e7e718c32cee7dbfc6cb00556108b523b3c75e3696f76623a21a5ef6a67","9478-de13496b0a1ccce855bb5704d1ec6375b683fa6e313fb3296fb5f69441aa03f9","root"
"Miscellaneous Electronics","","","","42.119","","","","88.642","","","","","","","","","","","","","2018-BASE_PROCUREMENT-2018-NAVY_SHIPBUILDINGANDCOVERSION-U_PROCUREMENT_MasterJustificationBook_Navy_PB_2018.zzz_unzipped-U_PROCUREMENT_MasterJustificationBook_Navy_PB_2018.xml","b6836e8f5cae238b72477d06bd8275a4b5f6643ffb0fbad18a73c25cb2c9b2b2","0-0a7b826b5c7bcfd1cbe372ea6ddc0dd368bdb75cab58c090b11855195a6916c0","9479-9c0ae7aca12c45d7ca59f97a04d456bda04129f16ab97ec3aa59d899ed347a0a","root"
"IWS CSI","","","","3.313","","","","","","","","","","","","","","","","","2018-BASE_PROCUREMENT-2018-NAVY_SHIPBUILDINGANDCOVERSION-U_PROCUREMENT_MasterJustificationBook_Navy_PB_2018.zzz_unzipped-U_PROCUREMENT_MasterJustificationBook_Navy_PB_2018.xml","b6836e8f5cae238b72477d06bd8275a4b5f6643ffb0fbad18a73c25cb2c9b2b2","1-7bab7cf3f3772d08734873e782b3bc2739559338e170f0a7177de9609f939ea6","9479-9c0ae7aca12c45d7ca59f97a04d456bda04129f16ab97ec3aa59d899ed347a0a","root"
"Miscellaneous Electronics","","","","","","","13.506","","","","","","","","","","","","","","2018-BASE_PROCUREMENT-2018-NAVY_SHIPBUILDINGANDCOVERSION-U_PROCUREMENT_MasterJustificationBook_Navy_PB_2018.zzz_unzipped-U_PROCUREMENT_MasterJustificationBook_Navy_PB_2018.xml","2663be4897e8bd7730e68372a57af357002d914757b1cea5272a0fbf7ea89d42","0-4befedd19cd32a753a986ee67a2d8a47f83ca7e0766fc64152def3ef94866a94","9481-bb57bd7a48d427300330cfa5f4cc88fbc2b622e07d1fce0a3babc13879f6bb81","root"
"Other ELECTRONICS","","","","","","","15.375","14.286","","","","","","","","","","","","","2019-BASE_PROCUREMENT-2019-NAVY_SHIPBUILDINGANDCOVERSION-U_PROCUREMENT_JustificationBook_Navy_PB_2019.zzz_unzipped-U_PROCUREMENT_JustificationBook_Navy_PB_2019.xml","036eab869a099e08a81545eee0f4f7834f7c77ef6dd1087ed8062c6d5b68d43d","0-6ef4f51648f4eda89b200361c7e3139f20f092b7008b59fed521cac31cb5ae42","11053-e6e612c9ffb2dabe88834d8b7173e66953ef9ff2d0aa03aa686f1f57e8a0dbd0","root"
"Minor Systems","","","15.208","","","","7.455","","","","","","","","","","","","","","2019-BASE_PROCUREMENT-2019-NAVY_SHIPBUILDINGANDCOVERSION-U_PROCUREMENT_JustificationBook_Navy_PB_2019.zzz_unzipped-U_PROCUREMENT_JustificationBook_Navy_PB_2019.xml","e5270008416af386e50aab32b42150c187045adf229e551f47c76e0a67907316","0-afbaa1e3f7c4b41f6ade64de92374f45a6f7db8f97447555c96f018aeac732c1","11055-ab8e71055497ff8e4e261e3de8dc67ac102130167c0399e87ed8d04001812050","root"
"Misc Electronics","","2.292","2.486","2.392","2.338","2.384","2.437","","","","","","","","","","","","","2","2019-BASE_PROCUREMENT-2019-NAVY_SHIPBUILDINGANDCOVERSION-U_PROCUREMENT_JustificationBook_Navy_PB_2019.zzz_unzipped-U_PROCUREMENT_JustificationBook_Navy_PB_2019.xml","26f7a9377367f4833fc97e7a760e9a2cc6323946d5bc9215f0843a3a55340edc","0-44e5f7568c936910b1eded116223a7d902433abdb3e53d34b55c3c675a97f9fd","11064-6d93b8ac19b0b3e23cedaadce441094b9c55ee6352e02c39e552c9879abdfdf3","root"
"TEST & CERTIFICATIONS, MISC.","","","","","","6.295","","","","","","","","","","","","","","","2019-BASE_PROCUREMENT-2019-NAVY_SHIPBUILDINGANDCOVERSION-U_PROCUREMENT_JustificationBook_Navy_PB_2019.zzz_unzipped-U_PROCUREMENT_JustificationBook_Navy_PB_2019.xml","3f04422267f18278d5d6f04f107d65e4403280e1024fb698d2f8e9e46d266e01","0-59bc60e9e5a74aecd7ad5cd27d5bc2c438f1defde2bf808faa8c164f3b3f80d4","11066-253b581f21e47879159bb1dc7fdd9814a3fee1efd69b1dbeb3de5f82baa0faed","root"
"MISSION SYSTEM ENGR INTEGR & TEST (MSEIT)","132.51","","","","","","","","","","322.274","","","","","","","","","","2019-BASE_PROCUREMENT-2019-NAVY_SHIPBUILDINGANDCOVERSION-U_PROCUREMENT_JustificationBook_Navy_PB_2019.zzz_unzipped-U_PROCUREMENT_JustificationBook_Navy_PB_2019.xml","384bbcfb660b583b57aa41ac827b7a4f96349bc3d635569d38c5399e81cf111b","0-729e5e2b1058c7af2aa69dc8a0d9f32f1c21768d3be0125716dfc1596f0442c5","11067-a3c599c6f59d30a4644bc9d5603e5799b9014f0b99c754928f253b36fea4578c","root"
"MISSION SYSTEM ACTIVATION","40.9","","","","","","","","","","71.621","","","","","","","","","","2019-BASE_PROCUREMENT-2019-NAVY_SHIPBUILDINGANDCOVERSION-U_PROCUREMENT_JustificationBook_Navy_PB_2019.zzz_unzipped-U_PROCUREMENT_JustificationBook_Navy_PB_2019.xml","384bbcfb660b583b57aa41ac827b7a4f96349bc3d635569d38c5399e81cf111b","1-d2f08ff002618ecfefadf2339448e038577dc27b85f060db0de26fbf1a730bf0","11067-a3c599c6f59d30a4644bc9d5603e5799b9014f0b99c754928f253b36fea4578c","root"
"MISC. ELECTRONICS","","","77.635","50.059","63.815","89.356","51.051","","","","","","","2","","3","2","2","3","","2019-BASE_PROCUREMENT-2019-NAVY_SHIPBUILDINGANDCOVERSION-U_PROCUREMENT_JustificationBook_Navy_PB_2019.zzz_unzipped-U_PROCUREMENT_JustificationBook_Navy_PB_2019.xml","a1a47c8635cef5e8f1226c963ba3faf740a9814b8e16b8e7235117ff98b853fd","0-e55b077be3499e16e1d5e969ddfb739092ceb8410c905c84c74f9a891a13abce","11068-a55961bf03bc0d54d9d7472a0173a14b51707e8a122cab08b0c92fc9414b87e7","root"
"New Cost Element","","","","","","","","","","","","","","","","","","","","","2019-BASE_PROCUREMENT-2019-NAVY_SHIPBUILDINGANDCOVERSION-U_PROCUREMENT_JustificationBook_Navy_PB_2019.zzz_unzipped-U_PROCUREMENT_JustificationBook_Navy_PB_2019.xml","a1a47c8635cef5e8f1226c963ba3faf740a9814b8e16b8e7235117ff98b853fd","1-2d87c2734d8badf0798a99f88a759caeab0c0cee7b0dee1362cf0fb11200cd29","11068-a55961bf03bc0d54d9d7472a0173a14b51707e8a122cab08b0c92fc9414b87e7","root"
"OTHER ELECTRONICS","","","6.357","10.798","10.357","10.533","11.271","","","","","","","3","","","","","","","2019-BASE_PROCUREMENT-2019-NAVY_SHIPBUILDINGANDCOVERSION-U_PROCUREMENT_JustificationBook_Navy_PB_2019.zzz_unzipped-U_PROCUREMENT_JustificationBook_Navy_PB_2019.xml","5152a3e67c89abc2820925748b17a30f7c8ff664b180b65af516e145f35dcb0b","0-b6eb0172c2898a0e3899bfbd4e61e0844568304558318a78d2d20d578ed6203b","11069-7759f461adb7e9a69f27f7e1fa225c7349bda8be0289b811a55bcdd0ccd30040","root"
"Miscellaneous Electronics","","","","30.46","","20.081","","","","","","","","","","","","","","","2019-BASE_PROCUREMENT-2019-NAVY_SHIPBUILDINGANDCOVERSION-U_PROCUREMENT_JustificationBook_Navy_PB_2019.zzz_unzipped-U_PROCUREMENT_JustificationBook_Navy_PB_2019.xml","169bc358bca4dfb8acf7b7efe08e701c479c593f5473f0f5b4ee6d1c0ad679db","0-feb83f14b0ac4379a1211208a6f641c893664aa05840cca708a4e3d1675dba12","11070-e6be90fd84369462662dcbb60223b2af942dae8da3af4958eee539c644c84eac","root"
"IWS CSI","","","","3.55","","3.313","","","","","","","","","","","","","","","2019-BASE_PROCUREMENT-2019-NAVY_SHIPBUILDINGANDCOVERSION-U_PROCUREMENT_JustificationBook_Navy_PB_2019.zzz_unzipped-U_PROCUREMENT_JustificationBook_Navy_PB_2019.xml","169bc358bca4dfb8acf7b7efe08e701c479c593f5473f0f5b4ee6d1c0ad679db","1-3ff93909d1f1ca30a931d6c5e5a040d109f775203acc136048f1d51a231ae924","11070-e6be90fd84369462662dcbb60223b2af942dae8da3af4958eee539c644c84eac","root"
"Miscellaneous Electronics","","","","13.506","","","","","","","","","","","","","","","","","2019-BASE_PROCUREMENT-2019-NAVY_SHIPBUILDINGANDCOVERSION-U_PROCUREMENT_JustificationBook_Navy_PB_2019.zzz_unzipped-U_PROCUREMENT_JustificationBook_Navy_PB_2019.xml","a4d7133e03bdb92eeb03e048445944f1304841c5b4b94ac0cf2aed06ecdd0c8c","0-5899aa6fdf5b087975eefa707c5b827b723b9b765b48049e524b6f3494f6f552","11072-b1fe16a84af3dea84839d0b0f6010b8675a09f2b6a524a33e26717764f72402f","root"
"Other ELECTRONICS","","","","","","","15.375","14.286","","","","","","","","","","","","","2019-BASE_PROCUREMENT-2019-NAVY_SHIPBUILDINGANDCOVERSION-U_PROCUREMENT_MasterJustificationBook_Navy_PB_2019.zzz_unzipped-U_PROCUREMENT_MasterJustificationBook_Navy_PB_2019.xml","a9fbe5c21ca9d712d778740a9c71a88aeca9364f2ca88ca90b8d87825b9fbafd","0-317c63c48c5c99c5d3c9d8d6b338d6da55e535e1833f4dc74c0820b198a8527b","11074-255ea356930ce19ad3c2bb122e4c7abfc6d85c9cdc34ecc86284e0791e1d7e06","root"
"Minor Systems","","","15.208","","","","7.455","","","","","","","","","","","","","","2019-BASE_PROCUREMENT-2019-NAVY_SHIPBUILDINGANDCOVERSION-U_PROCUREMENT_MasterJustificationBook_Navy_PB_2019.zzz_unzipped-U_PROCUREMENT_MasterJustificationBook_Navy_PB_2019.xml","6c06f09483d2a1c02376f04eacf257fcfd542e51c185b032da7658c61893735d","0-5b498d720596fd74a3b464ef28f82864dbf4ae2bbca086b5043133a7c289b64e","11076-5513f421c46286384169aabbbfc1cd35ac1db7313eb75504215ebd6b9901a8fc","root"
"Misc Electronics","","2.292","2.486","2.392","2.338","2.384","2.437","","","","","","","","","","","","","2","2019-BASE_PROCUREMENT-2019-NAVY_SHIPBUILDINGANDCOVERSION-U_PROCUREMENT_MasterJustificationBook_Navy_PB_2019.zzz_unzipped-U_PROCUREMENT_MasterJustificationBook_Navy_PB_2019.xml","cbe29039c7026c484c7be93d8dffc73f479957edddb0229a6b7ae1188f188bcd","0-9a0b372ec4d2231b1c2ea406e7db6ba268d787db3f9236c9fd1c6b5e576f9247","11085-2590a6f40211ea34fd4b8b97b5b414031ccb58d78f103f5348c3eb89d39ac90d","root"
"TEST & CERTIFICATIONS, MISC.","","","","","","6.295","","","","","","","","","","","","","","","2019-BASE_PROCUREMENT-2019-NAVY_SHIPBUILDINGANDCOVERSION-U_PROCUREMENT_MasterJustificationBook_Navy_PB_2019.zzz_unzipped-U_PROCUREMENT_MasterJustificationBook_Navy_PB_2019.xml","8e712934068abd23958514556a25c137e290832dbeb92748a5baadb930834b13","0-a0c7f3a40f2a214d6ab263fecc0245c3e14534c2440a3f9f0b972b13da4aa79a","11087-7e4b4ea950873405cfd03c81a29721244ed6deaa1daccfa249faa5c0ab3b7096","root"
"MISSION SYSTEM ENGR INTEGR & TEST (MSEIT)","132.51","","","","","","","","","","322.274","","","","","","","","","","2019-BASE_PROCUREMENT-2019-NAVY_SHIPBUILDINGANDCOVERSION-U_PROCUREMENT_MasterJustificationBook_Navy_PB_2019.zzz_unzipped-U_PROCUREMENT_MasterJustificationBook_Navy_PB_2019.xml","eb65c52dd93ce16c20d00a7266f3d388040779562cbb7747c2c0d892437bc207","0-2128fdc1e49030abf8843bd1daf7248618b8d974c7a0e57129b54682575c5626","11088-ab62bceca070b3d1e403173afd0dbad69a9b6826af8fada438839a9d7d4af07e","root"
"MISSION SYSTEM ACTIVATION","40.9","","","","","","","","","","71.621","","","","","","","","","","2019-BASE_PROCUREMENT-2019-NAVY_SHIPBUILDINGANDCOVERSION-U_PROCUREMENT_MasterJustificationBook_Navy_PB_2019.zzz_unzipped-U_PROCUREMENT_MasterJustificationBook_Navy_PB_2019.xml","eb65c52dd93ce16c20d00a7266f3d388040779562cbb7747c2c0d892437bc207","1-e0242f67738259a245e03f4a83c72cc4f3355961045bb52c6a5b8ad5aaa967de","11088-ab62bceca070b3d1e403173afd0dbad69a9b6826af8fada438839a9d7d4af07e","root"
"MISC. ELECTRONICS","","","77.635","50.059","63.815","89.356","51.051","","","","","","","2","","3","2","2","3","","2019-BASE_PROCUREMENT-2019-NAVY_SHIPBUILDINGANDCOVERSION-U_PROCUREMENT_MasterJustificationBook_Navy_PB_2019.zzz_unzipped-U_PROCUREMENT_MasterJustificationBook_Navy_PB_2019.xml","7ccb09e5aa0dcd2ff656bb6257f40762290470295a3462fc198202ddc187b82f","0-b3620558aa0dad2801cfecd85017fcea888d85ad6e443d6d98ece7ed1346a772","11089-c476b172c7bb87519c54c6c3034d5ebfcc5037740ea60d34001e6d71818fa6c6","root"
"New Cost Element","","","","","","","","","","","","","","","","","","","","","2019-BASE_PROCUREMENT-2019-NAVY_SHIPBUILDINGANDCOVERSION-U_PROCUREMENT_MasterJustificationBook_Navy_PB_2019.zzz_unzipped-U_PROCUREMENT_MasterJustificationBook_Navy_PB_2019.xml","7ccb09e5aa0dcd2ff656bb6257f40762290470295a3462fc198202ddc187b82f","1-93115f530241d39abcf779ccbd6d13f78f076d7627bd614bd2e507372554d5ab","11089-c476b172c7bb87519c54c6c3034d5ebfcc5037740ea60d34001e6d71818fa6c6","root"
"OTHER ELECTRONICS","","","6.357","10.798","10.357","10.533","11.271","","","","","","","3","","","","","","","2019-BASE_PROCUREMENT-2019-NAVY_SHIPBUILDINGANDCOVERSION-U_PROCUREMENT_MasterJustificationBook_Navy_PB_2019.zzz_unzipped-U_PROCUREMENT_MasterJustificationBook_Navy_PB_2019.xml","8d346b790189bfc9a641dace4de6f22c2edf1c141b63425557194b004b65ee77","0-ff320f5f11f2dd00de3ae9f5721e8595e137bb93365bfa5c08adbe405a162d3c","11090-a4a434d297a4e5549951ff7a6292112564342f3a6a35c215b9862f83e6d6ca9b","root"
"Miscellaneous Electronics","","","","30.46","","20.081","","","","","","","","","","","","","","","2019-BASE_PROCUREMENT-2019-NAVY_SHIPBUILDINGANDCOVERSION-U_PROCUREMENT_MasterJustificationBook_Navy_PB_2019.zzz_unzipped-U_PROCUREMENT_MasterJustificationBook_Navy_PB_2019.xml","14191acf83148e2c874d70c0ea032878d423d04892e841aeca18c4529a27d12b","0-ecab06cf1f560028aefe61fe6c51c29b2ef1b819dceccafa55c43bee643685e1","11091-8effb4d38144ac68b02c958ade918b6b71f4fa4d1417bfb801459ac21571d1b1","root"
"IWS CSI","","","","3.55","","3.313","","","","","","","","","","","","","","","2019-BASE_PROCUREMENT-2019-NAVY_SHIPBUILDINGANDCOVERSION-U_PROCUREMENT_MasterJustificationBook_Navy_PB_2019.zzz_unzipped-U_PROCUREMENT_MasterJustificationBook_Navy_PB_2019.xml","14191acf83148e2c874d70c0ea032878d423d04892e841aeca18c4529a27d12b","1-330225e753f2cf43d913656cdd79828ba9bb83d5a93270cb335a8c6dd617ac60","11091-8effb4d38144ac68b02c958ade918b6b71f4fa4d1417bfb801459ac21571d1b1","root"
"Miscellaneous Electronics","","","","13.506","","","","","","","","","","","","","","","","","2019-BASE_PROCUREMENT-2019-NAVY_SHIPBUILDINGANDCOVERSION-U_PROCUREMENT_MasterJustificationBook_Navy_PB_2019.zzz_unzipped-U_PROCUREMENT_MasterJustificationBook_Navy_PB_2019.xml","651aa59353d9c137c7c7ed7efa2f74bb1e3d8f4c6ed3eced3278e337253be7e6","0-eb0839e11e4bdfb3ce659f3031d9f3096306ddc698eff6e41af114704f84e3a0","11093-9a09d0fa285ac19232a6a415609a3b56ddc6d4707bb5f1a945e425d515f2be9b","root"
"Other ELECTRONICS","","","14.842","15.375","","","","","","","","12.783","","","","","","","","","2020-BASE_PROCUREMENT-2020-NAVY_SHIPBUILDINGANDCOVERSION-U_PROCUREMENT_JustificationBook_Navy_PB_2020.zzz_unzipped-U_PROCUREMENT_JustificationBook_Navy_PB_2020.xml","32504ad2a7e688527244f05aaddd99f674ca8968fcba75209474740d4df46dfa","0-38251c02a831da43f1b528f112c110eccc44e78b43b1874bd552c29f3e6dfbd8","12613-759cf0067dd5dbf58336a8aad2650aae26589d1b7ea58df2658fed7dd49dd1e1","root"
"Miscellaneous Electronics","","","","","","13.506","","","","","","","","","","","","","","","2020-BASE_PROCUREMENT-2020-NAVY_SHIPBUILDINGANDCOVERSION-U_PROCUREMENT_JustificationBook_Navy_PB_2020.zzz_unzipped-U_PROCUREMENT_JustificationBook_Navy_PB_2020.xml","a30fb163f04d29291638d311bbf03be8dc48823cfa05a2f328112ff44f545d50","0-137a7f7550209ba88e66c13335184c74b81693dcb846a9df244071d86d8f93ca","12614-6baeed442cf380b40d4fc304ec6b74f11b7b5d2e005ce93b44da215b468b07e7","root"
"Miscellaneous Electronics","","","","","29.301","50.281","","","","","","","","","","","","","","","2020-BASE_PROCUREMENT-2020-NAVY_SHIPBUILDINGANDCOVERSION-U_PROCUREMENT_JustificationBook_Navy_PB_2020.zzz_unzipped-U_PROCUREMENT_JustificationBook_Navy_PB_2020.xml","61c75f4854ca92250e7faa2931112113ac0649a293e0256c0de12704ee4d411a","0-1b17ca8d70d71cbced4947d6d9d62100f983dbc54d2facfa6511db53ca7e8ab2","12616-23da2bb13cfe5f50588e1fd6acd0446eca8e65dca6abf397a4b3af27cc4b2020","root"
"IWS CSI","","","","","3.313","3.55","","","","","","","","","","","","","","","2020-BASE_PROCUREMENT-2020-NAVY_SHIPBUILDINGANDCOVERSION-U_PROCUREMENT_JustificationBook_Navy_PB_2020.zzz_unzipped-U_PROCUREMENT_JustificationBook_Navy_PB_2020.xml","61c75f4854ca92250e7faa2931112113ac0649a293e0256c0de12704ee4d411a","1-0e7e66463f633756397b66e5e056cf172212247f00a368c430427c778496b2da","12616-23da2bb13cfe5f50588e1fd6acd0446eca8e65dca6abf397a4b3af27cc4b2020","root"
"Minor Systems","","","15.512","7.455","","","15.208","","","","","","","","","","","","","","2020-BASE_PROCUREMENT-2020-NAVY_SHIPBUILDINGANDCOVERSION-U_PROCUREMENT_JustificationBook_Navy_PB_2020.zzz_unzipped-U_PROCUREMENT_JustificationBook_Navy_PB_2020.xml","d424f8f8debac747eb01eb019a6c3d773c2e716c4794c090aff1eab5f46f120e","0-2bfca1e1e14a0fd5055d3043cd2037cdb98b810123d388bae7b81f6893307b24","12617-1fb902488f905604bb7d2e6d3fdcfe0a9f1d882144284ee8ee44dc00def23cd1","root"
"Misc Electronics","","2.338","3.804","2.437","2.384","2.392","2.486","2.292","","","","","","","2","","","","","","2020-BASE_PROCUREMENT-2020-NAVY_SHIPBUILDINGANDCOVERSION-U_PROCUREMENT_JustificationBook_Navy_PB_2020.zzz_unzipped-U_PROCUREMENT_JustificationBook_Navy_PB_2020.xml","cc662e74a7de7213dcbbea2bd4856f29d0eced5cfd2f89546251c34f13f65079","0-4e170c48f9ae083e7af974cbc7477c27d0f79ff46c52cc960496ee17cb3a697c","12624-ccf64be6348c1234054c6e25ecd6d0ff296de5e2f1a00098811d947138795e5b","root"
"TEST & CERTIFICATIONS, MISC.","","","2.313","","3.092","","","","","","","","","","","","","","","","2020-BASE_PROCUREMENT-2020-NAVY_SHIPBUILDINGANDCOVERSION-U_PROCUREMENT_JustificationBook_Navy_PB_2020.zzz_unzipped-U_PROCUREMENT_JustificationBook_Navy_PB_2020.xml","79df57bc99fb77f6f94f2d8202847567fc765bce66445ff4e4e663760799e6e1","0-ae6bf3d95d43fa4f13dfd8d596e737314dc516db25007a8d3d847e66d8bad76f","12629-d88fb36ef45bb58110e4003edb420c951462acb43ecd2ef9c87c4db86fdf9c81","root"
"MISSION SYSTEM ENGR INTEGR & TEST (MSEIT)","","","","","","","","","132.51","","","","322.274","","","","","","","","2020-BASE_PROCUREMENT-2020-NAVY_SHIPBUILDINGANDCOVERSION-U_PROCUREMENT_JustificationBook_Navy_PB_2020.zzz_unzipped-U_PROCUREMENT_JustificationBook_Navy_PB_2020.xml","8644d6cf0ff072d3154c0109223402de2d9d8f52cc878b156fc73009c9601119","0-bbab5aa9981f7aa12920fb15d9bcf67bd266e848171cfc4fad8c36d3dbfa3488","12630-f0c81ef7d390da44cc175476df2a8fc27581e6ec308eccd11c913d9f7cbd190b","root"
"MISSION SYSTEM ACTIVATION","","","","","","","","","40.9","","","","114.891","","","","","","","","2020-BASE_PROCUREMENT-2020-NAVY_SHIPBUILDINGANDCOVERSION-U_PROCUREMENT_JustificationBook_Navy_PB_2020.zzz_unzipped-U_PROCUREMENT_JustificationBook_Navy_PB_2020.xml","8644d6cf0ff072d3154c0109223402de2d9d8f52cc878b156fc73009c9601119","1-d25094758cab7f112aaa84fe52fc01878a5175c69f5dd3e5cd5e19bc696f48b0","12630-f0c81ef7d390da44cc175476df2a8fc27581e6ec308eccd11c913d9f7cbd190b","root"
"SPARES","","","","","","","","","5.5","","","","10","","","","","","","","2020-BASE_PROCUREMENT-2020-NAVY_SHIPBUILDINGANDCOVERSION-U_PROCUREMENT_JustificationBook_Navy_PB_2020.zzz_unzipped-U_PROCUREMENT_JustificationBook_Navy_PB_2020.xml","8644d6cf0ff072d3154c0109223402de2d9d8f52cc878b156fc73009c9601119","2-db42db7febfb84a25b1d68acd25ee2ef1968e141e7e4a8a955fe5b1d60c3305b","12630-f0c81ef7d390da44cc175476df2a8fc27581e6ec308eccd11c913d9f7cbd190b","root"
"MISC. ELECTRONICS","","63.815","64.952","37.051","89.356","50.059","63.678","","","","","","","3","","2","2","3","3","2","2020-BASE_PROCUREMENT-2020-NAVY_SHIPBUILDINGANDCOVERSION-U_PROCUREMENT_JustificationBook_Navy_PB_2020.zzz_unzipped-U_PROCUREMENT_JustificationBook_Navy_PB_2020.xml","f88449ebd51dedd31a2638fdba5e14252aa210ecf7ac5ea8d1c24b9a55389b12","0-5af41ca2a1f14ccdc20e1ae8d4bbb979ffb0b1d01e81f02135a2d1404a2e858e","12631-7a0a367430c8f82ff81c1e4cfbf69ac80ec8390865bb42aa40a854120c54c1e3","root"
"OTHER ELECTRONICS","","10.357","","11.944","10.533","10.798","12.284","","","","","","","","","","","","","3","2020-BASE_PROCUREMENT-2020-NAVY_SHIPBUILDINGANDCOVERSION-U_PROCUREMENT_JustificationBook_Navy_PB_2020.zzz_unzipped-U_PROCUREMENT_JustificationBook_Navy_PB_2020.xml","3a50af76787ade8e6e39ac7fb379b076ab9a8df59659f988b8b17ea8a6e28f09","0-a8fcc2c1a845c02f2a59b0165065c8d948f3ba3ac7dd5957a0c76e0486a026fb","12632-07aa386a7668469bed55f5907362a2c8d9679ed58a5e43ec99baa43ed6db884e","root"
"Other Electronics","","","30.395","","","","","","","","","","","","","","","","1","","2020-BASE_PROCUREMENT-2020-NAVY_SHIPBUILDINGANDCOVERSION-U_PROCUREMENT_JustificationBook_Navy_PB_2020.zzz_unzipped-U_PROCUREMENT_JustificationBook_Navy_PB_2020.xml","c28c27813a2cf7ded6b86fcbf9224130d193279ad60a95d269b6367bacde8fe9","0-eb1f0c9c1b587e2c7bac7ff452a89ba55ba454399ee310d4f48d086f4d03965a","12633-65187fbf49b85459b7256cad144ab487303bab5880b2f70f31a885b0bb77b669","root"
"Miscellaneous Electronics","","","","34.267","","","","","","","","","","","","","","","","","2020-BASE_PROCUREMENT-2020-NAVY_SHIPBUILDINGANDCOVERSION-U_PROCUREMENT_JustificationBook_Navy_PB_2020.zzz_unzipped-U_PROCUREMENT_JustificationBook_Navy_PB_2020.xml","9c168386c667ef3d36f81563d2d4cc8667e0a613f9f857e619b298d98031ffd5","0-b8f3333940ab4c56fdfa0ef604d2e79d641762db97143c9f1ce37e2c0df44ec8","12634-e2041c2038ba0cac72195f203f44cb475a45f7f34fe3e2164d054108801051f2","root"
"IWS CSI","","","","3.259","","","","","","","","","","","","","","","","","2020-BASE_PROCUREMENT-2020-NAVY_SHIPBUILDINGANDCOVERSION-U_PROCUREMENT_JustificationBook_Navy_PB_2020.zzz_unzipped-U_PROCUREMENT_JustificationBook_Navy_PB_2020.xml","9c168386c667ef3d36f81563d2d4cc8667e0a613f9f857e619b298d98031ffd5","1-0835d24796cc70bc5ec6ddca03e93e70da666f4ccf69cceb3d2145579d285006","12634-e2041c2038ba0cac72195f203f44cb475a45f7f34fe3e2164d054108801051f2","root"
"Other ELECTRONICS","","","14.842","15.375","","","","","","","","12.783","","","","","","","","","2020-BASE_PROCUREMENT-2020-NAVY_SHIPBUILDINGANDCOVERSION-U_PROCUREMENT_MasterJustificationBook_Navy_PB_2020.zzz_unzipped-U_PROCUREMENT_MasterJustificationBook_Navy_PB_2020.xml","d143fe01a081a0f255f6aad559f7bd427f9f1cc2ecd779a7e68acdbdf10f5453","0-bc03cf8e1d822e8dee2d9c0b86f5168d927bf81f9c7aa8b88ccfc8cf851874d1","12637-4d86fb643ff4e5b97fc838eb48a1a9dbe9c118a7ea9565df25d5c0af2366c50d","root"
"Miscellaneous Electronics","","","","","","13.506","","","","","","","","","","","","","","","2020-BASE_PROCUREMENT-2020-NAVY_SHIPBUILDINGANDCOVERSION-U_PROCUREMENT_MasterJustificationBook_Navy_PB_2020.zzz_unzipped-U_PROCUREMENT_MasterJustificationBook_Navy_PB_2020.xml","1bf2304bf6786187c63030b5e02bf99a3fe02fecfde1e3c616fb0ae51dbeb198","0-2f8a6b568a759869b0d425ac6a62fd4adcd28a25f313fc757d874f552adc28d6","12638-08941db188b79f53038d8fc73cad4c953bfc5f3d588d20b6a5ddb6b1b81aa737","root"
"Miscellaneous Electronics","","","","","29.301","50.281","","","","","","","","","","","","","","","2020-BASE_PROCUREMENT-2020-NAVY_SHIPBUILDINGANDCOVERSION-U_PROCUREMENT_MasterJustificationBook_Navy_PB_2020.zzz_unzipped-U_PROCUREMENT_MasterJustificationBook_Navy_PB_2020.xml","e131c0f9c0cddd147c5f2a5af285d5a65223c9ab0a8e83cb610b0d4ae369c030","0-be7c90f44c3b62ea6f184b4a4caa285e496ef0250df98382a06c5b79136875de","12640-bcaefd146d11eaacdd4144ff0647713e4880e13110713b5a7dab1057d3fe1f6a","root"
"IWS CSI","","","","","3.313","3.55","","","","","","","","","","","","","","","2020-BASE_PROCUREMENT-2020-NAVY_SHIPBUILDINGANDCOVERSION-U_PROCUREMENT_MasterJustificationBook_Navy_PB_2020.zzz_unzipped-U_PROCUREMENT_MasterJustificationBook_Navy_PB_2020.xml","e131c0f9c0cddd147c5f2a5af285d5a65223c9ab0a8e83cb610b0d4ae369c030","1-5267a6710691e27e4e34d18952441b18a2f5440073f7d9503d8230cb88ec7c18","12640-bcaefd146d11eaacdd4144ff0647713e4880e13110713b5a7dab1057d3fe1f6a","root"
"Minor Systems","","","15.512","7.455","","","15.208","","","","","","","","","","","","","","2020-BASE_PROCUREMENT-2020-NAVY_SHIPBUILDINGANDCOVERSION-U_PROCUREMENT_MasterJustificationBook_Navy_PB_2020.zzz_unzipped-U_PROCUREMENT_MasterJustificationBook_Navy_PB_2020.xml","3e0661473e5ec15016509ed4fb0204ceeea1ce5351193ca1b59c307c60b5de03","0-02e70629914ab68eda67c602f132ccb1b245cbd1368b5d39db4d5715cb946e91","12641-9e1547ff3350546a1217b23857271d7d60dd7f7bee52ed68938b2af974f3ec92","root"
"Misc Electronics","","2.338","3.804","2.437","2.384","2.392","2.486","2.292","","","","","","","2","","","","","","2020-BASE_PROCUREMENT-2020-NAVY_SHIPBUILDINGANDCOVERSION-U_PROCUREMENT_MasterJustificationBook_Navy_PB_2020.zzz_unzipped-U_PROCUREMENT_MasterJustificationBook_Navy_PB_2020.xml","6d2fd5af5b3d1649cd88586e00452843d436fea4cfb0f3c5af8f40c8bc8e1433","0-8646d0527a930e4f33981bd1e4a58270a544ce54ab6193dc1def49bbbc2c1ca2","12648-57ba64b2ad16064fa762f7d8d98001bcbee066ac7ea39ece9ba7586169a7ea59","root"
"TEST & CERTIFICATIONS, MISC.","","","2.313","","3.092","","","","","","","","","","","","","","","","2020-BASE_PROCUREMENT-2020-NAVY_SHIPBUILDINGANDCOVERSION-U_PROCUREMENT_MasterJustificationBook_Navy_PB_2020.zzz_unzipped-U_PROCUREMENT_MasterJustificationBook_Navy_PB_2020.xml","53454ed154816f70057095a6ea7a42707220b000004458bda908b6e9eea36312","0-34888040ff01d98f5f837531bf746c602bfb2bfbc443b917e2e073cc316283f3","12653-9826ff7cda02e3c7cfb5616a102edde9a9def4346b72305ec0aec1ddac058536","root"
"MISSION SYSTEM ENGR INTEGR & TEST (MSEIT)","","","","","","","","","132.51","","","","322.274","","","","","","","","2020-BASE_PROCUREMENT-2020-NAVY_SHIPBUILDINGANDCOVERSION-U_PROCUREMENT_MasterJustificationBook_Navy_PB_2020.zzz_unzipped-U_PROCUREMENT_MasterJustificationBook_Navy_PB_2020.xml","fa505ec92f383fcc1ed15c617e66a7a22b7d4afe96a0183b867c4406bbfec040","0-a6009c9cdce0a9cfdae7bd2c8b2497e8238534773fb6ca7217d392fd9163594f","12654-5874592e33f8a698fc04e47cba3cbc3abf5f20f2d3554ba5dc89b9a2c515e8fc","root"
"MISSION SYSTEM ACTIVATION","","","","","","","","","40.9","","","","114.891","","","","","","","","2020-BASE_PROCUREMENT-2020-NAVY_SHIPBUILDINGANDCOVERSION-U_PROCUREMENT_MasterJustificationBook_Navy_PB_2020.zzz_unzipped-U_PROCUREMENT_MasterJustificationBook_Navy_PB_2020.xml","fa505ec92f383fcc1ed15c617e66a7a22b7d4afe96a0183b867c4406bbfec040","1-b1e13fac85faaea240513e2403f8caf6f4e6d91ec63243ec09285860564b7514","12654-5874592e33f8a698fc04e47cba3cbc3abf5f20f2d3554ba5dc89b9a2c515e8fc","root"
"SPARES","","","","","","","","","5.5","","","","10","","","","","","","","2020-BASE_PROCUREMENT-2020-NAVY_SHIPBUILDINGANDCOVERSION-U_PROCUREMENT_MasterJustificationBook_Navy_PB_2020.zzz_unzipped-U_PROCUREMENT_MasterJustificationBook_Navy_PB_2020.xml","fa505ec92f383fcc1ed15c617e66a7a22b7d4afe96a0183b867c4406bbfec040","2-32959abdc77bc66bcba0b2994bf10ac5ba9b1bc6f208cef05c239272cfbe2462","12654-5874592e33f8a698fc04e47cba3cbc3abf5f20f2d3554ba5dc89b9a2c515e8fc","root"
"MISC. ELECTRONICS","","63.815","64.952","37.051","89.356","50.059","63.678","","","","","","","3","","2","2","3","3","2","2020-BASE_PROCUREMENT-2020-NAVY_SHIPBUILDINGANDCOVERSION-U_PROCUREMENT_MasterJustificationBook_Navy_PB_2020.zzz_unzipped-U_PROCUREMENT_MasterJustificationBook_Navy_PB_2020.xml","5f09bad83be8d9935dfb8fbbbac4473f946bb03e639a64a10be47789f49d0473","0-b7e88096b35d45028f8f2db659d065b40f0b717e52041ee7e96a38a5700180d1","12655-e3329a006cfae39d428c25dba3e886ffc92bc3b316074a854666de8708ab621b","root"
"OTHER ELECTRONICS","","10.357","","11.944","10.533","10.798","12.284","","","","","","","","","","","","","3","2020-BASE_PROCUREMENT-2020-NAVY_SHIPBUILDINGANDCOVERSION-U_PROCUREMENT_MasterJustificationBook_Navy_PB_2020.zzz_unzipped-U_PROCUREMENT_MasterJustificationBook_Navy_PB_2020.xml","aebdbec1d331d8cce6700e4da30a9b9bafcaa6b164c2778bde2d9687c6875bbf","0-6ba364802aa2a7fe19c739981abc2e19a287d43f7bad291d4e2c45b1a58468f4","12656-3b1ea0e99cde271fa47386e4521e24961fd9a23ed571fd9ed585b06c3c87a11b","root"
"Other Electronics","","","30.395","","","","","","","","","","","","","","","","1","","2020-BASE_PROCUREMENT-2020-NAVY_SHIPBUILDINGANDCOVERSION-U_PROCUREMENT_MasterJustificationBook_Navy_PB_2020.zzz_unzipped-U_PROCUREMENT_MasterJustificationBook_Navy_PB_2020.xml","e8fe4dd5e0be95240e0d086c5a917adf6e4464ec266a3ea1db82e27107e162d0","0-11095a2840f783b2466af330147fb35c3a2167896b6525b21fc88dbd078c103b","12657-b9e29cbf15f241709b3d34335b99d2fe30b8df87909682906c9602c015464bec","root"
"Miscellaneous Electronics","","","","34.267","","","","","","","","","","","","","","","","","2020-BASE_PROCUREMENT-2020-NAVY_SHIPBUILDINGANDCOVERSION-U_PROCUREMENT_MasterJustificationBook_Navy_PB_2020.zzz_unzipped-U_PROCUREMENT_MasterJustificationBook_Navy_PB_2020.xml","fede88ab6e4790d85bb219ffaa3eb2a124927ee5b9d8867aa75a8d6481dc6908","0-c7974503021de4d5ff2329743c771fd050a8596ddfadc61c2ec637ad223f1db2","12658-ce984d1cd9350f4eb80375d708df5e0a2505a33d541862229d6cf31ca702b1b8","root"
"IWS CSI","","","","3.259","","","","","","","","","","","","","","","","","2020-BASE_PROCUREMENT-2020-NAVY_SHIPBUILDINGANDCOVERSION-U_PROCUREMENT_MasterJustificationBook_Navy_PB_2020.zzz_unzipped-U_PROCUREMENT_MasterJustificationBook_Navy_PB_2020.xml","fede88ab6e4790d85bb219ffaa3eb2a124927ee5b9d8867aa75a8d6481dc6908","1-ded5a0f172a8098ec4a9b22a657854944a26ddbf81f87e177f922695d564a11b","12658-ce984d1cd9350f4eb80375d708df5e0a2505a33d541862229d6cf31ca702b1b8","root"
