Title_val,Costs_TotalCost_PriorYearNine_val,Costs_TotalCost_PriorYearFour_val,Costs_TotalCost_BudgetYearOne_val,Costs_TotalCost_PriorYear_val,Costs_TotalCost_PriorYearThree_val,Costs_TotalCost_PriorYearTwo_val,Costs_TotalCost_CurrentYear_val,Costs_TotalCost_PriorYearFive_val,Costs_TotalCost_PriorYearTen_val,Costs_TotalCost_PriorYearEight_val,Costs_TotalCost_PriorYearEleven_val,Costs_TotalCost_PriorYearSix_val,Costs_TotalCost_PriorYearTwelve_val,Costs_Quantity_PriorYearThree_val,Costs_Quantity_PriorYearFive_val,Costs_Quantity_PriorYearTwo_val,Costs_Quantity_PriorYear_val,Costs_Quantity_CurrentYear_val,Costs_Quantity_BudgetYearOne_val,Costs_Quantity_PriorYearFour_val,@SOURCE_FILENAME,@RECORDID,@ROWID,@PARENTROWID,@PARENT
"Other ELECTRONICS","13.873","12.731","13.729","","","","","","","","","","","","","","","","","","2018-BASE_PROCUREMENT-2018-NAVY_SHIPBUILDINGANDCOVERSION-U_PROCUREMENT_JustificationBook_Navy_PB_2018.zzz_unzipped-U_PROCUREMENT_JustificationBook_Navy_PB_2018.xml","3bd3375f8dec12f579ffef5deeffb5939924e6b15ffeeee65c067abecc5c9d65","0-b4a695d8217c9b656e38c4d586fbf01dbfb7452a16a1a3c8b23c5eaee2824add","9441-f66d8e0ba299d5c5a77373e09daddd7b19d54d6f219325bd00689f8fa419d01c","root"
"Minor Systems","","","3.755","3.365","","","","","","","","","","","","","","","","","2018-BASE_PROCUREMENT-2018-NAVY_SHIPBUILDINGANDCOVERSION-U_PROCUREMENT_JustificationBook_Navy_PB_2018.zzz_unzipped-U_PROCUREMENT_JustificationBook_Navy_PB_2018.xml","5fb03280280c04f70140363ea84e84f7472f5711a8a318be34e2b8fb03fc2dac","0-1fcd34e21f5e859251177d756a1a5ded31afc063f12b17eced53cf815390a4f2","9443-1648d9ff2ea12edc7155d8c0477f3716ee49fb49acb3a335e8b568ffbe38ef80","root"
"Misc Electronics","","","2.437","2.384","2.292","2.338","2.392","","","","","","","2","","","","","","","2018-BASE_PROCUREMENT-2018-NAVY_SHIPBUILDINGANDCOVERSION-U_PROCUREMENT_JustificationBook_Navy_PB_2018.zzz_unzipped-U_PROCUREMENT_JustificationBook_Navy_PB_2018.xml","e65faa6577a08f2ddf29b7d5454a13aa910b941ba87ebd505eb81f9f400deed2","0-4a454170326ed58ce3bdd3023ce9705cea9da97a003940e56d97c7719b03c8fc","9452-9715871007b3691b456eff1adfb2d4ac5002c5bbaaa206fa077084675e1a756d","root"
"TEST & CERTIFICATIONS, MISC.","","","","6.891","","","","10.631","","","","","","","","","","","","","2018-BASE_PROCUREMENT-2018-NAVY_SHIPBUILDINGANDCOVERSION-U_PROCUREMENT_JustificationBook_Navy_PB_2018.zzz_unzipped-U_PROCUREMENT_JustificationBook_Navy_PB_2018.xml","30f05fcd72a912823615127e43b2be8ca570156afc2855adfc6c02323fd91c7d","0-a91f5d44e8f86342791ce1ea545b3e1020886cf35c81f45e87940021c8485746","9454-181989145bbed0efe10bd892f5b9210386b3700bf1939d934f36335df0a3fddf","root"
"CARRIER AIR DEFENSE IMPROVEMENT PROGRAM (CADIP)","","","","","","","","13.351","","","","","","","1","","","","","","2018-BASE_PROCUREMENT-2018-NAVY_SHIPBUILDINGANDCOVERSION-U_PROCUREMENT_JustificationBook_Navy_PB_2018.zzz_unzipped-U_PROCUREMENT_JustificationBook_Navy_PB_2018.xml","30f05fcd72a912823615127e43b2be8ca570156afc2855adfc6c02323fd91c7d","1-d8ea31634b6fdb29480eb73e3894c225b1ee5e8688c131aeedc78c3394005e23","9454-181989145bbed0efe10bd892f5b9210386b3700bf1939d934f36335df0a3fddf","root"
"MISSION SYSTEM ENGR INTEGR & TEST (MSEIT)","","","","","","","","","322.274","132.51","","","","","","","","","","","2018-BASE_PROCUREMENT-2018-NAVY_SHIPBUILDINGANDCOVERSION-U_PROCUREMENT_JustificationBook_Navy_PB_2018.zzz_unzipped-U_PROCUREMENT_JustificationBook_Navy_PB_2018.xml","63a199acf2aec9803478e689b99e17d5ba8e6ed8eb7dfb080491db0b111af06e","0-9fcc3db1f917f56a1d64938277f3062f3e05e756cd2f2c68b5987d6548123caa","9455-00a71053a7497b690780ea96c8b2d74f9005928654e8326eeb7b397a1a090b8d","root"
"MISSION SYSTEM ACTIVATION","","","","","","","","","71.621","40.9","","","","","","","","","","","2018-BASE_PROCUREMENT-2018-NAVY_SHIPBUILDINGANDCOVERSION-U_PROCUREMENT_JustificationBook_Navy_PB_2018.zzz_unzipped-U_PROCUREMENT_JustificationBook_Navy_PB_2018.xml","63a199acf2aec9803478e689b99e17d5ba8e6ed8eb7dfb080491db0b111af06e","1-d3141d9187ca5f2f717209f26471af79f5439bdb4fd2f9a52d1db819bcd157dd","9455-00a71053a7497b690780ea96c8b2d74f9005928654e8326eeb7b397a1a090b8d","root"
"MISC. ELECTRONICS","","","51.051","89.356","","63.815","50.059","","","","","","","","","2","3","2","2","","2018-BASE_PROCUREMENT-2018-NAVY_SHIPBUILDINGANDCOVERSION-U_PROCUREMENT_JustificationBook_Navy_PB_2018.zzz_unzipped-U_PROCUREMENT_JustificationBook_Navy_PB_2018.xml","341c09c4a37bc5105a93194374c2b71f3cdff23a738f04e5629acb1abd33932e","0-d8c3c11db4b9b1cd9df17f2dfb59af7173b46bb323483b6d6584cf3c56b1e9b5","9456-aca9dc644a94f8910b244c1fa837d216dc424e1a505b0ce4c5d5630816be901f","root"
"OTHER ELECTRONICS","","","6.251","10.533","","10.357","11.083","","","","","","","","","3","","","","","2018-BASE_PROCUREMENT-2018-NAVY_SHIPBUILDINGANDCOVERSION-U_PROCUREMENT_JustificationBook_Navy_PB_2018.zzz_unzipped-U_PROCUREMENT_JustificationBook_Navy_PB_2018.xml","b548d3bebc5c45d3822f00bfd12bbaf3401faadb58f2ede71a62e2af4a876487","0-243b614957bf7c1edb6db6522d763455559a22ded32c5dcbee4ec7d3dc3a63e5","9457-5ac3499a631926b41477162a27ffaccdfd79d92e1fb4ddd29c9f9dc1b4f73020","root"
"Miscellaneous Electronics","","","","42.119","","","","88.642","","","","","","","","","","","","","2018-BASE_PROCUREMENT-2018-NAVY_SHIPBUILDINGANDCOVERSION-U_PROCUREMENT_JustificationBook_Navy_PB_2018.zzz_unzipped-U_PROCUREMENT_JustificationBook_Navy_PB_2018.xml","6c8db8380a911de3d70ef956f133867b9c0a3463851956b9d3521431df0e0e53","0-d2351e9ea599fed25b79f204f93d9a9d1c501c32b9f54dbadf5ef3e96225a58e","9458-ecd5e66eb1454cb7f7a13bbeefce5b084709dbbda52c2a7d6c186285f7a90476","root"
"IWS CSI","","","","3.313","","","","","","","","","","","","","","","","","2018-BASE_PROCUREMENT-2018-NAVY_SHIPBUILDINGANDCOVERSION-U_PROCUREMENT_JustificationBook_Navy_PB_2018.zzz_unzipped-U_PROCUREMENT_JustificationBook_Navy_PB_2018.xml","6c8db8380a911de3d70ef956f133867b9c0a3463851956b9d3521431df0e0e53","1-93a999cc6c68d9d6d99cb4912cbfe33abae9a6223fcbd282e21fe558716b35b1","9458-ecd5e66eb1454cb7f7a13bbeefce5b084709dbbda52c2a7d6c186285f7a90476","root"
"Miscellaneous Electronics","","","","","","","13.506","","","","","","","","","","","","","","2018-BASE_PROCUREMENT-2018-NAVY_SHIPBUILDINGANDCOVERSION-U_PROCUREMENT_JustificationBook_Navy_PB_2018.zzz_unzipped-U_PROCUREMENT_JustificationBook_Navy_PB_2018.xml","3e69140d5f269b4975bbc8a50003ffb903001debb67899638f4fcb5075083df8","0-9e2e04bf66cd8060afba9873d3f8f477f27bdfbd5a6ab1d3dd0f7ed66d9ca1e4","9460-f18602b2a70326982ef32ce2148741c02be862f8be372aa721d93a1a917a2305","root"
"Other ELECTRONICS","13.873","12.731","13.729","","","","","","","","","","","","","","","","","","2018-BASE_PROCUREMENT-2018-NAVY_SHIPBUILDINGANDCOVERSION-U_PROCUREMENT_MasterJustificationBook_Navy_PB_2018.zzz_unzipped-U_PROCUREMENT_MasterJustificationBook_Navy_PB_2018.xml","1d7fe1ff3cd4bd81f1f8eadcb8986287a46fef38ba78ae80f3d311ff6e2885f3","0-1acc00a5cb3e8668f50d020e1eb9ac2340bf867933bb1d2e91242a748323c302","9462-5e740ea8f6c4e458fbe8f2d506322f7b2a79d1e7f81ab15aa2a4d93a26ae9aea","root"
"Minor Systems","","","3.755","3.365","","","","","","","","","","","","","","","","","2018-BASE_PROCUREMENT-2018-NAVY_SHIPBUILDINGANDCOVERSION-U_PROCUREMENT_MasterJustificationBook_Navy_PB_2018.zzz_unzipped-U_PROCUREMENT_MasterJustificationBook_Navy_PB_2018.xml","323dee594a542260809faba5db6e9d0ae785d79341ac33dab24393ecf402c9b9","0-b930619861080754412b7f2e33a300f47a0108d1d84b054859345c0448f7600b","9464-effdd3273e5e2a51ed0ae16eb841c136d5ebcbd7c6ba55b50a93fa786fb09f87","root"
"Misc Electronics","","","2.437","2.384","2.292","2.338","2.392","","","","","","","2","","","","","","","2018-BASE_PROCUREMENT-2018-NAVY_SHIPBUILDINGANDCOVERSION-U_PROCUREMENT_MasterJustificationBook_Navy_PB_2018.zzz_unzipped-U_PROCUREMENT_MasterJustificationBook_Navy_PB_2018.xml","b9b3c2143c11a13c8f2c4f97143714796c97d937a9c0d0bc447e53de4a529dc3","0-73d09bb5be8985bd66ac983ba2aa96022ff8a9640724f2bbe89bc853676c1cbb","9473-446ab1df8307bd6d296e43d2a430f2ec70b6be3b257d2ab07d6f00b6203a288c","root"
"TEST & CERTIFICATIONS, MISC.","","","","6.891","","","","10.631","","","","","","","","","","","","","2018-BASE_PROCUREMENT-2018-NAVY_SHIPBUILDINGANDCOVERSION-U_PROCUREMENT_MasterJustificationBook_Navy_PB_2018.zzz_unzipped-U_PROCUREMENT_MasterJustificationBook_Navy_PB_2018.xml","39e99632cac232ed4f791a16a1a3a350502b6d8437548761d869aa99726b1c18","0-7a1429940b3bea25342bf23b64891f5f31ddeee09c2f1715269fc163680ab18c","9475-4ddd234793396d57b7b4f3f99b96529a2db31fee3a00d471f254832ef356c057","root"
"CARRIER AIR DEFENSE IMPROVEMENT PROGRAM (CADIP)","","","","","","","","13.351","","","","","","","1","","","","","","2018-BASE_PROCUREMENT-2018-NAVY_SHIPBUILDINGANDCOVERSION-U_PROCUREMENT_MasterJustificationBook_Navy_PB_2018.zzz_unzipped-U_PROCUREMENT_MasterJustificationBook_Navy_PB_2018.xml","39e99632cac232ed4f791a16a1a3a350502b6d8437548761d869aa99726b1c18","1-286f6f798411d1fa0d19c49a5ce400d28be52fddff12eb8e488ac4b5d382d4b3","9475-4ddd234793396d57b7b4f3f99b96529a2db31fee3a00d471f254832ef356c057","root"
"MISSION SYSTEM ENGR INTEGR & TEST (MSEIT)","","","","","","","","","322.274","132.51","","","","","","","","","","","2018-BASE_PROCUREMENT-2018-NAVY_SHIPBUILDINGANDCOVERSION-U_PROCUREMENT_MasterJustificationBook_Navy_PB_2018.zzz_unzipped-U_PROCUREMENT_MasterJustificationBook_Navy_PB_2018.xml","cfcd2affcafe58149df6900b5bafde44d10bbb1934842da11d594bb3c352ff90","0-f99e3d909fce1681590d27d9469e4d4c4b0f47796193da38e8d54df811d67a38","9476-9cc0a75ec51ce33063224b770eae5f485a05ecf7fd1960be63b38860f0875e4d","root"
"MISSION SYSTEM ACTIVATION","","","","","","","","","71.621","40.9","","","","","","","","","","","2018-BASE_PROCUREMENT-2018-NAVY_SHIPBUILDINGANDCOVERSION-U_PROCUREMENT_MasterJustificationBook_Navy_PB_2018.zzz_unzipped-U_PROCUREMENT_MasterJustificationBook_Navy_PB_2018.xml","cfcd2affcafe58149df6900b5bafde44d10bbb1934842da11d594bb3c352ff90","1-1c51512a8331e1b5c5251edd103204165ec221aa1a9bec53944a994121c6cccf","9476-9cc0a75ec51ce33063224b770eae5f485a05ecf7fd1960be63b38860f0875e4d","root"
"MISC. ELECTRONICS","","","51.051","89.356","","63.815","50.059","","","","","","","","","2","3","2","2","","2018-BASE_PROCUREMENT-2018-NAVY_SHIPBUILDINGANDCOVERSION-U_PROCUREMENT_MasterJustificationBook_Navy_PB_2018.zzz_unzipped-U_PROCUREMENT_MasterJustificationBook_Navy_PB_2018.xml","e27de6ec9cb638c66ac0b656bccfc8f782bb401590861916fc6bffb8352b5cd2","0-79eb5278dc330809d2241de1cbf0ee33f7825337ab9171fe8c7a2ed90610f996","9477-33313086f782ceaf1aba0ca18adb26c4b1e82380a1d1c7499d54e4ff2c1efd8f","root"
"OTHER ELECTRONICS","","","6.251","10.533","","10.357","11.083","","","","","","","","","3","","","","","2018-BASE_PROCUREMENT-2018-NAVY_SHIPBUILDINGANDCOVERSION-U_PROCUREMENT_MasterJustificationBook_Navy_PB_2018.zzz_unzipped-U_PROCUREMENT_MasterJustificationBook_Navy_PB_2018.xml","119a8a234210e8d816f52b47d147d9422de1a8875a3a611fd7398a69bdc2b836","0-96b4ba06dab6aa85b6f7dbd452235d0b95a854ba9138d0d3da782c91d13209a2","9478-f57608eab4bc8ab092b228a211f43d4f0c8863769d1120089d847d7e5c1553a7","root"
"Miscellaneous Electronics","","","","42.119","","","","88.642","","","","","","","","","","","","","2018-BASE_PROCUREMENT-2018-NAVY_SHIPBUILDINGANDCOVERSION-U_PROCUREMENT_MasterJustificationBook_Navy_PB_2018.zzz_unzipped-U_PROCUREMENT_MasterJustificationBook_Navy_PB_2018.xml","b6836e8f5cae238b72477d06bd8275a4b5f6643ffb0fbad18a73c25cb2c9b2b2","0-bdd01630495e73a8d70b68bc1d8aafde96350c44713c6f6e1a8afc11427cac1a","9479-f724ff8ebb9d329aee6ef7faeb8cc29f8c89d11adcfbe6f721ffb48938a21905","root"
"IWS CSI","","","","3.313","","","","","","","","","","","","","","","","","2018-BASE_PROCUREMENT-2018-NAVY_SHIPBUILDINGANDCOVERSION-U_PROCUREMENT_MasterJustificationBook_Navy_PB_2018.zzz_unzipped-U_PROCUREMENT_MasterJustificationBook_Navy_PB_2018.xml","b6836e8f5cae238b72477d06bd8275a4b5f6643ffb0fbad18a73c25cb2c9b2b2","1-4928ad06a644c9fb6ee442d264fdcd2501e1c1915da34529b28817a4564e7ebe","9479-f724ff8ebb9d329aee6ef7faeb8cc29f8c89d11adcfbe6f721ffb48938a21905","root"
"Miscellaneous Electronics","","","","","","","13.506","","","","","","","","","","","","","","2018-BASE_PROCUREMENT-2018-NAVY_SHIPBUILDINGANDCOVERSION-U_PROCUREMENT_MasterJustificationBook_Navy_PB_2018.zzz_unzipped-U_PROCUREMENT_MasterJustificationBook_Navy_PB_2018.xml","2663be4897e8bd7730e68372a57af357002d914757b1cea5272a0fbf7ea89d42","0-07e27e9ff5d7197ae8e8f247a872d49a7300de0d1556cd3c95fc7d0b46ae7ee7","9481-50f1c360f9783701868e3694689566c43e74b63c39f0c80b7451f027d21b38ab","root"
"Other ELECTRONICS","","","","","","","15.375","14.286","","","","","","","","","","","","","2019-BASE_PROCUREMENT-2019-NAVY_SHIPBUILDINGANDCOVERSION-U_PROCUREMENT_JustificationBook_Navy_PB_2019.zzz_unzipped-U_PROCUREMENT_JustificationBook_Navy_PB_2019.xml","036eab869a099e08a81545eee0f4f7834f7c77ef6dd1087ed8062c6d5b68d43d","0-e5ee952d0843dfceb89ca812d6d2f86e43ce83ab658809ce30e9229f40ef34dc","11053-0c999c867a481c791454273ddda5e3ebafb0af72ed21d2a67dc3f87b65b77170","root"
"Minor Systems","","","15.208","","","","7.455","","","","","","","","","","","","","","2019-BASE_PROCUREMENT-2019-NAVY_SHIPBUILDINGANDCOVERSION-U_PROCUREMENT_JustificationBook_Navy_PB_2019.zzz_unzipped-U_PROCUREMENT_JustificationBook_Navy_PB_2019.xml","e5270008416af386e50aab32b42150c187045adf229e551f47c76e0a67907316","0-76e81282d56535ec69c18941476bf3501d5a7443bcf5dd38ddf9c031e2b75fa9","11055-d8ce05a2df2cd0d20c5ad1d207f23061ebadb368510f3d164ee49f2660842958","root"
"Misc Electronics","","2.292","2.486","2.392","2.338","2.384","2.437","","","","","","","","","","","","","2","2019-BASE_PROCUREMENT-2019-NAVY_SHIPBUILDINGANDCOVERSION-U_PROCUREMENT_JustificationBook_Navy_PB_2019.zzz_unzipped-U_PROCUREMENT_JustificationBook_Navy_PB_2019.xml","26f7a9377367f4833fc97e7a760e9a2cc6323946d5bc9215f0843a3a55340edc","0-8459df8343f49ee7634207f2a523b3380225cbf09df740707bd3e88301ba1677","11064-316aacb3dddfcb5846eda70bd09a75b4ca843f9be89b5d499f778fb95be0c53a","root"
"TEST & CERTIFICATIONS, MISC.","","","","","","6.295","","","","","","","","","","","","","","","2019-BASE_PROCUREMENT-2019-NAVY_SHIPBUILDINGANDCOVERSION-U_PROCUREMENT_JustificationBook_Navy_PB_2019.zzz_unzipped-U_PROCUREMENT_JustificationBook_Navy_PB_2019.xml","3f04422267f18278d5d6f04f107d65e4403280e1024fb698d2f8e9e46d266e01","0-c909ba497b316453c123e3f5964f8aa00d8d879726375c06ebc66a374b164e92","11066-bb41ea391c6e764654c74f6f0ca4996e4fb1605359e8500f90a2409e1fd54475","root"
"MISSION SYSTEM ENGR INTEGR & TEST (MSEIT)","132.51","","","","","","","","","","322.274","","","","","","","","","","2019-BASE_PROCUREMENT-2019-NAVY_SHIPBUILDINGANDCOVERSION-U_PROCUREMENT_JustificationBook_Navy_PB_2019.zzz_unzipped-U_PROCUREMENT_JustificationBook_Navy_PB_2019.xml","384bbcfb660b583b57aa41ac827b7a4f96349bc3d635569d38c5399e81cf111b","0-b5e2b1271756d94322218762fe74da169d5be1ecadae277e31a32a408d953526","11067-9e51d140fce522b6de030375fb2ffca46d7148f2ff83937f62600a9819412841","root"
"MISSION SYSTEM ACTIVATION","40.9","","","","","","","","","","71.621","","","","","","","","","","2019-BASE_PROCUREMENT-2019-NAVY_SHIPBUILDINGANDCOVERSION-U_PROCUREMENT_JustificationBook_Navy_PB_2019.zzz_unzipped-U_PROCUREMENT_JustificationBook_Navy_PB_2019.xml","384bbcfb660b583b57aa41ac827b7a4f96349bc3d635569d38c5399e81cf111b","1-a9149c492b540461b20e5956a1abd7a79bd803dbb209c3d5d66b23f57443c545","11067-9e51d140fce522b6de030375fb2ffca46d7148f2ff83937f62600a9819412841","root"
"MISC. ELECTRONICS","","","77.635","50.059","63.815","89.356","51.051","","","","","","","2","","3","2","2","3","","2019-BASE_PROCUREMENT-2019-NAVY_SHIPBUILDINGANDCOVERSION-U_PROCUREMENT_JustificationBook_Navy_PB_2019.zzz_unzipped-U_PROCUREMENT_JustificationBook_Navy_PB_2019.xml","a1a47c8635cef5e8f1226c963ba3faf740a9814b8e16b8e7235117ff98b853fd","0-07df162b169a9d45247e25217859c7091aa6ea73cfa21e7ab9f456deb5a52fa6","11068-262b05461ea03c701eeaf6c67f5fe5bef07ba0429410ebf04c591583b4d70fd5","root"
"New Cost Element","","","","","","","","","","","","","","","","","","","","","2019-BASE_PROCUREMENT-2019-NAVY_SHIPBUILDINGANDCOVERSION-U_PROCUREMENT_JustificationBook_Navy_PB_2019.zzz_unzipped-U_PROCUREMENT_JustificationBook_Navy_PB_2019.xml","a1a47c8635cef5e8f1226c963ba3faf740a9814b8e16b8e7235117ff98b853fd","1-d63894fa297d40d66a6fe403e400d18d32c185ab39f6498e348f0a10200275d6","11068-262b05461ea03c701eeaf6c67f5fe5bef07ba0429410ebf04c591583b4d70fd5","root"
"OTHER ELECTRONICS","","","6.357","10.798","10.357","10.533","11.271","","","","","","","3","","","","","","","2019-BASE_PROCUREMENT-2019-NAVY_SHIPBUILDINGANDCOVERSION-U_PROCUREMENT_JustificationBook_Navy_PB_2019.zzz_unzipped-U_PROCUREMENT_JustificationBook_Navy_PB_2019.xml","5152a3e67c89abc2820925748b17a30f7c8ff664b180b65af516e145f35dcb0b","0-4cd7557e9446fc8bbfedd7ba825fbecefbe3a0bdc7382f1df4ef703be1a3c778","11069-2e8ed4e41316ea61379a6434846bebc0c24d696dfa94a28d43c0ab6cde3afaad","root"
"Miscellaneous Electronics","","","","30.46","","20.081","","","","","","","","","","","","","","","2019-BASE_PROCUREMENT-2019-NAVY_SHIPBUILDINGANDCOVERSION-U_PROCUREMENT_JustificationBook_Navy_PB_2019.zzz_unzipped-U_PROCUREMENT_JustificationBook_Navy_PB_2019.xml","169bc358bca4dfb8acf7b7efe08e701c479c593f5473f0f5b4ee6d1c0ad679db","0-3b04773c17df1ef72f2d6291f855be324cdae9d8130efc6b25d8ae8b5e0cf848","11070-aff3b57d1f86024e412bde68f6c6b0f2c3b8ce9aa492f3be4c9c8f4648085e06","root"
"IWS CSI","","","","3.55","","3.313","","","","","","","","","","","","","","","2019-BASE_PROCUREMENT-2019-NAVY_SHIPBUILDINGANDCOVERSION-U_PROCUREMENT_JustificationBook_Navy_PB_2019.zzz_unzipped-U_PROCUREMENT_JustificationBook_Navy_PB_2019.xml","169bc358bca4dfb8acf7b7efe08e701c479c593f5473f0f5b4ee6d1c0ad679db","1-3ea8cd52895571ee28fda4e824d580cc195d60db6fd0637378f31ca29f9c44e8","11070-aff3b57d1f86024e412bde68f6c6b0f2c3b8ce9aa492f3be4c9c8f4648085e06","root"
"Miscellaneous Electronics","","","","13.506","","","","","","","","","","","","","","","","","2019-BASE_PROCUREMENT-2019-NAVY_SHIPBUILDINGANDCOVERSION-U_PROCUREMENT_JustificationBook_Navy_PB_2019.zzz_unzipped-U_PROCUREMENT_JustificationBook_Navy_PB_2019.xml","a4d7133e03bdb92eeb03e048445944f1304841c5b4b94ac0cf2aed06ecdd0c8c","0-0d871f032027434d4807a0840c352cf858f531897abf0ae516968c58b581b2b3","11072-52a9e8603f4166cb7f40e6e1005853c55ab3b7f35aaa8d722fc7caea50d48134","root"
"Other ELECTRONICS","","","","","","","15.375","14.286","","","","","","","","","","","","","2019-BASE_PROCUREMENT-2019-NAVY_SHIPBUILDINGANDCOVERSION-U_PROCUREMENT_MasterJustificationBook_Navy_PB_2019.zzz_unzipped-U_PROCUREMENT_MasterJustificationBook_Navy_PB_2019.xml","a9fbe5c21ca9d712d778740a9c71a88aeca9364f2ca88ca90b8d87825b9fbafd","0-97aad777104df4eaa0c739a8ba71d621e9bbcf9e67816e6455614a5702555bee","11074-f09910203123b42f48a9c4bc407185aafcb940d84c9ce7d0ab693fdbe4507e91","root"
"Minor Systems","","","15.208","","","","7.455","","","","","","","","","","","","","","2019-BASE_PROCUREMENT-2019-NAVY_SHIPBUILDINGANDCOVERSION-U_PROCUREMENT_MasterJustificationBook_Navy_PB_2019.zzz_unzipped-U_PROCUREMENT_MasterJustificationBook_Navy_PB_2019.xml","6c06f09483d2a1c02376f04eacf257fcfd542e51c185b032da7658c61893735d","0-b8f6196956a95536775a8e68a8fcf34d0f1e5c7dcd5ccaa5ca2990e8f1e2c3e1","11076-f726a9c27ed0604e047d1d9e92441e1fb6797d4eefe752406a59d6f424921a56","root"
"Misc Electronics","","2.292","2.486","2.392","2.338","2.384","2.437","","","","","","","","","","","","","2","2019-BASE_PROCUREMENT-2019-NAVY_SHIPBUILDINGANDCOVERSION-U_PROCUREMENT_MasterJustificationBook_Navy_PB_2019.zzz_unzipped-U_PROCUREMENT_MasterJustificationBook_Navy_PB_2019.xml","cbe29039c7026c484c7be93d8dffc73f479957edddb0229a6b7ae1188f188bcd","0-0aef98cb6e3868e385d7c7c6a29ae5b6c12d456929ca3b7e6c5013adc3a76c1f","11085-c6494a25e7fdd6d980a749c50bf0a0103f2ed48a2c1f5c96b896396529bc39d7","root"
"TEST & CERTIFICATIONS, MISC.","","","","","","6.295","","","","","","","","","","","","","","","2019-BASE_PROCUREMENT-2019-NAVY_SHIPBUILDINGANDCOVERSION-U_PROCUREMENT_MasterJustificationBook_Navy_PB_2019.zzz_unzipped-U_PROCUREMENT_MasterJustificationBook_Navy_PB_2019.xml","8e712934068abd23958514556a25c137e290832dbeb92748a5baadb930834b13","0-12b9eff11615f4646f713316229b6698675c0bfd0e2989902ff94ed5df863e4d","11087-147c38bf19deefd1a5e1d7aebb723b097a36140d87922bc2ec82f3ba65c415e7","root"
"MISSION SYSTEM ENGR INTEGR & TEST (MSEIT)","132.51","","","","","","","","","","322.274","","","","","","","","","","2019-BASE_PROCUREMENT-2019-NAVY_SHIPBUILDINGANDCOVERSION-U_PROCUREMENT_MasterJustificationBook_Navy_PB_2019.zzz_unzipped-U_PROCUREMENT_MasterJustificationBook_Navy_PB_2019.xml","eb65c52dd93ce16c20d00a7266f3d388040779562cbb7747c2c0d892437bc207","0-d4a79c5c19527deeea4b8c33af01a9a410543caf55740dce83102d093ef8e5fe","11088-b95d8d878fda9e656a0e452e0eb313ca79960d7ffa1ebbfde5ebd4e93d1d2ace","root"
"MISSION SYSTEM ACTIVATION","40.9","","","","","","","","","","71.621","","","","","","","","","","2019-BASE_PROCUREMENT-2019-NAVY_SHIPBUILDINGANDCOVERSION-U_PROCUREMENT_MasterJustificationBook_Navy_PB_2019.zzz_unzipped-U_PROCUREMENT_MasterJustificationBook_Navy_PB_2019.xml","eb65c52dd93ce16c20d00a7266f3d388040779562cbb7747c2c0d892437bc207","1-b2a65ed8eb71c4406c65011235c60fc71c657a6f86d23efde50610fad7b12023","11088-b95d8d878fda9e656a0e452e0eb313ca79960d7ffa1ebbfde5ebd4e93d1d2ace","root"
"MISC. ELECTRONICS","","","77.635","50.059","63.815","89.356","51.051","","","","","","","2","","3","2","2","3","","2019-BASE_PROCUREMENT-2019-NAVY_SHIPBUILDINGANDCOVERSION-U_PROCUREMENT_MasterJustificationBook_Navy_PB_2019.zzz_unzipped-U_PROCUREMENT_MasterJustificationBook_Navy_PB_2019.xml","7ccb09e5aa0dcd2ff656bb6257f40762290470295a3462fc198202ddc187b82f","0-928cfcae1679bd1135fe7104a8cef2d5462b223c12a579ece16623ff05105b14","11089-deb6365b6a2e717a23075ed75f9ab35213c130fa2278e8d1d57458f5ec73d58a","root"
"New Cost Element","","","","","","","","","","","","","","","","","","","","","2019-BASE_PROCUREMENT-2019-NAVY_SHIPBUILDINGANDCOVERSION-U_PROCUREMENT_MasterJustificationBook_Navy_PB_2019.zzz_unzipped-U_PROCUREMENT_MasterJustificationBook_Navy_PB_2019.xml","7ccb09e5aa0dcd2ff656bb6257f40762290470295a3462fc198202ddc187b82f","1-baf698f3ead054a94e51ae84ee198d85ebd18e78a19e5787101f18ad9fd867b3","11089-deb6365b6a2e717a23075ed75f9ab35213c130fa2278e8d1d57458f5ec73d58a","root"
"OTHER ELECTRONICS","","","6.357","10.798","10.357","10.533","11.271","","","","","","","3","","","","","","","2019-BASE_PROCUREMENT-2019-NAVY_SHIPBUILDINGANDCOVERSION-U_PROCUREMENT_MasterJustificationBook_Navy_PB_2019.zzz_unzipped-U_PROCUREMENT_MasterJustificationBook_Navy_PB_2019.xml","8d346b790189bfc9a641dace4de6f22c2edf1c141b63425557194b004b65ee77","0-58b919b38a4e5cde992e42735b9706096b0e6edf6b6566701b20db70022cc1d6","11090-5ece1fd1bd26072f8264fbf1bbcd053f78fc1e781a5769ede64afeba94582848","root"
"Miscellaneous Electronics","","","","30.46","","20.081","","","","","","","","","","","","","","","2019-BASE_PROCUREMENT-2019-NAVY_SHIPBUILDINGANDCOVERSION-U_PROCUREMENT_MasterJustificationBook_Navy_PB_2019.zzz_unzipped-U_PROCUREMENT_MasterJustificationBook_Navy_PB_2019.xml","14191acf83148e2c874d70c0ea032878d423d04892e841aeca18c4529a27d12b","0-6b0b36d37637492659f737848691c69c43c7332867b9fba2a7cfd74bad6b3172","11091-fea2c80138ee85820eb55dbce5ab039115684e1132b544e04a1bbd0ee363323c","root"
"IWS CSI","","","","3.55","","3.313","","","","","","","","","","","","","","","2019-BASE_PROCUREMENT-2019-NAVY_SHIPBUILDINGANDCOVERSION-U_PROCUREMENT_MasterJustificationBook_Navy_PB_2019.zzz_unzipped-U_PROCUREMENT_MasterJustificationBook_Navy_PB_2019.xml","14191acf83148e2c874d70c0ea032878d423d04892e841aeca18c4529a27d12b","1-800b1371e282f505121b44607fedc7c04ec989cc7f3aaa542850a0a87a66f4d8","11091-fea2c80138ee85820eb55dbce5ab039115684e1132b544e04a1bbd0ee363323c","root"
"Miscellaneous Electronics","","","","13.506","","","","","","","","","","","","","","","","","2019-BASE_PROCUREMENT-2019-NAVY_SHIPBUILDINGANDCOVERSION-U_PROCUREMENT_MasterJustificationBook_Navy_PB_2019.zzz_unzipped-U_PROCUREMENT_MasterJustificationBook_Navy_PB_2019.xml","651aa59353d9c137c7c7ed7efa2f74bb1e3d8f4c6ed3eced3278e337253be7e6","0-c114eb8aca86d2abe7ba750b93b7b9ee425ec0cade356304578e427456257615","11093-3a7720f40aea8b99d8b8f25202ce604f2f685810c2b455f8ee37ecbda04a4a0c","root"
"Other ELECTRONICS","","","14.842","15.375","","","","","","","","12.783","","","","","","","","","2020-BASE_PROCUREMENT-2020-NAVY_SHIPBUILDINGANDCOVERSION-U_PROCUREMENT_JustificationBook_Navy_PB_2020.zzz_unzipped-U_PROCUREMENT_JustificationBook_Navy_PB_2020.xml","32504ad2a7e688527244f05aaddd99f674ca8968fcba75209474740d4df46dfa","0-d8afc62425124ce918e8a4ad3a803539a7f7a5e6129187df7808004651e863b4","12613-afffd3e516e93ffde09e465904cbe23d57a1c1cc33bfa01b23fea7d992f8de0d","root"
"Miscellaneous Electronics","","","","","","13.506","","","","","","","","","","","","","","","2020-BASE_PROCUREMENT-2020-NAVY_SHIPBUILDINGANDCOVERSION-U_PROCUREMENT_JustificationBook_Navy_PB_2020.zzz_unzipped-U_PROCUREMENT_JustificationBook_Navy_PB_2020.xml","a30fb163f04d29291638d311bbf03be8dc48823cfa05a2f328112ff44f545d50","0-e64359b18b4c71e379fb99dab5798c80918cb3abcdb8eec755dcf9723da1a6cc","12614-2f9a9515e58445f33859f902cbfcb01b317e7b265b1242f451608a880226e635","root"
"Miscellaneous Electronics","","","","","29.301","50.281","","","","","","","","","","","","","","","2020-BASE_PROCUREMENT-2020-NAVY_SHIPBUILDINGANDCOVERSION-U_PROCUREMENT_JustificationBook_Navy_PB_2020.zzz_unzipped-U_PROCUREMENT_JustificationBook_Navy_PB_2020.xml","61c75f4854ca92250e7faa2931112113ac0649a293e0256c0de12704ee4d411a","0-a9899cf624741ff2cc1d82e35cdf4239812fc448c4a1dffed4d7b72556b19198","12616-1c961421801a6f8e829c3df93a5aa14dc590ed201676cd9ee2f4d014ee14fdf2","root"
"IWS CSI","","","","","3.313","3.55","","","","","","","","","","","","","","","2020-BASE_PROCUREMENT-2020-NAVY_SHIPBUILDINGANDCOVERSION-U_PROCUREMENT_JustificationBook_Navy_PB_2020.zzz_unzipped-U_PROCUREMENT_JustificationBook_Navy_PB_2020.xml","61c75f4854ca92250e7faa2931112113ac0649a293e0256c0de12704ee4d411a","1-4b6a8cf8501f75bcc625d900deb589ec270170b06a3e2b69c1a3f28d1adbc741","12616-1c961421801a6f8e829c3df93a5aa14dc590ed201676cd9ee2f4d014ee14fdf2","root"
"Minor Systems","","","15.512","7.455","","","15.208","","","","","","","","","","","","","","2020-BASE_PROCUREMENT-2020-NAVY_SHIPBUILDINGANDCOVERSION-U_PROCUREMENT_JustificationBook_Navy_PB_2020.zzz_unzipped-U_PROCUREMENT_JustificationBook_Navy_PB_2020.xml","d424f8f8debac747eb01eb019a6c3d773c2e716c4794c090aff1eab5f46f120e","0-4049d6fef390a9a10b0bae0de317b427efc451057839d8d55eccc55cb4025341","12617-270553eff11c84e7069c7024eab6f7da50c7f89c4e13cc05ca038caee56da6c8","root"
"Misc Electronics","","2.338","3.804","2.437","2.384","2.392","2.486","2.292","","","","","","","2","","","","","","2020-BASE_PROCUREMENT-2020-NAVY_SHIPBUILDINGANDCOVERSION-U_PROCUREMENT_JustificationBook_Navy_PB_2020.zzz_unzipped-U_PROCUREMENT_JustificationBook_Navy_PB_2020.xml","cc662e74a7de7213dcbbea2bd4856f29d0eced5cfd2f89546251c34f13f65079","0-97c5a8c05308ed86d8a004a592fd987aaecf4913383d3dc7110c9159d23c5f09","12624-bdf00823ecca149ab9590ad336e7f91f62ac62355080dc0c8a98d4acaaa3208a","root"
"TEST & CERTIFICATIONS, MISC.","","","2.313","","3.092","","","","","","","","","","","","","","","","2020-BASE_PROCUREMENT-2020-NAVY_SHIPBUILDINGANDCOVERSION-U_PROCUREMENT_JustificationBook_Navy_PB_2020.zzz_unzipped-U_PROCUREMENT_JustificationBook_Navy_PB_2020.xml","79df57bc99fb77f6f94f2d8202847567fc765bce66445ff4e4e663760799e6e1","0-66af1f17e2cb864ad1de8caeaeec601c4ae0d33d55771f4356d1b8143d71f89e","12629-d437af89ac6f8c25d6ecfbc801e604d501d529c12bd1dc366b891543f0e95692","root"
"MISSION SYSTEM ENGR INTEGR & TEST (MSEIT)","","","","","","","","","132.51","","","","322.274","","","","","","","","2020-BASE_PROCUREMENT-2020-NAVY_SHIPBUILDINGANDCOVERSION-U_PROCUREMENT_JustificationBook_Navy_PB_2020.zzz_unzipped-U_PROCUREMENT_JustificationBook_Navy_PB_2020.xml","8644d6cf0ff072d3154c0109223402de2d9d8f52cc878b156fc73009c9601119","0-05c04e8102e119907cd1570a1a4934726d4458fa1d4ddb5f9ee03206c539c5ef","12630-9354439ebb2ec647296aa4fc5eb5e04aa7b2df5161cde450e2ba90c91a8ab6f8","root"
"MISSION SYSTEM ACTIVATION","","","","","","","","","40.9","","","","114.891","","","","","","","","2020-BASE_PROCUREMENT-2020-NAVY_SHIPBUILDINGANDCOVERSION-U_PROCUREMENT_JustificationBook_Navy_PB_2020.zzz_unzipped-U_PROCUREMENT_JustificationBook_Navy_PB_2020.xml","8644d6cf0ff072d3154c0109223402de2d9d8f52cc878b156fc73009c9601119","1-eff6051c36002b09af731df88d5d88627ab932e9900241834d95e1c521a4533b","12630-9354439ebb2ec647296aa4fc5eb5e04aa7b2df5161cde450e2ba90c91a8ab6f8","root"
"SPARES","","","","","","","","","5.5","","","","10","","","","","","","","2020-BASE_PROCUREMENT-2020-NAVY_SHIPBUILDINGANDCOVERSION-U_PROCUREMENT_JustificationBook_Navy_PB_2020.zzz_unzipped-U_PROCUREMENT_JustificationBook_Navy_PB_2020.xml","8644d6cf0ff072d3154c0109223402de2d9d8f52cc878b156fc73009c9601119","2-45cea7ea2a85260165a6539329b924c52fb1819766c203d80b991858d2162753","12630-9354439ebb2ec647296aa4fc5eb5e04aa7b2df5161cde450e2ba90c91a8ab6f8","root"
"MISC. ELECTRONICS","","63.815","64.952","37.051","89.356","50.059","63.678","","","","","","","3","","2","2","3","3","2","2020-BASE_PROCUREMENT-2020-NAVY_SHIPBUILDINGANDCOVERSION-U_PROCUREMENT_JustificationBook_Navy_PB_2020.zzz_unzipped-U_PROCUREMENT_JustificationBook_Navy_PB_2020.xml","f88449ebd51dedd31a2638fdba5e14252aa210ecf7ac5ea8d1c24b9a55389b12","0-1563e22709118aabd25a21fada5a4107bf55fd2944c5e545418662a0faba517d","12631-5325f347505873649a7634a337fc8f05321d991aad48a73f5db7a04583107a99","root"
"OTHER ELECTRONICS","","10.357","","11.944","10.533","10.798","12.284","","","","","","","","","","","","","3","2020-BASE_PROCUREMENT-2020-NAVY_SHIPBUILDINGANDCOVERSION-U_PROCUREMENT_JustificationBook_Navy_PB_2020.zzz_unzipped-U_PROCUREMENT_JustificationBook_Navy_PB_2020.xml","3a50af76787ade8e6e39ac7fb379b076ab9a8df59659f988b8b17ea8a6e28f09","0-fb1fbeb92d1904c61dbdf59c30e215a70a98f00ffa51ab882ac894423d6ba725","12632-3b4b56a7dfdce55263027e35b8f5a4ff7c5473e9f260530c58ee863bf385c73e","root"
"Other Electronics","","","30.395","","","","","","","","","","","","","","","","1","","2020-BASE_PROCUREMENT-2020-NAVY_SHIPBUILDINGANDCOVERSION-U_PROCUREMENT_JustificationBook_Navy_PB_2020.zzz_unzipped-U_PROCUREMENT_JustificationBook_Navy_PB_2020.xml","c28c27813a2cf7ded6b86fcbf9224130d193279ad60a95d269b6367bacde8fe9","0-4291a7c7ba1c1addf97ff73294b07f4c3730215a543fd78ffa4a14ec67124d31","12633-dc4dccb7e8320aa27c1c6938b0ffc06eee23e792658ae5097060d131cdfb938c","root"
"Miscellaneous Electronics","","","","34.267","","","","","","","","","","","","","","","","","2020-BASE_PROCUREMENT-2020-NAVY_SHIPBUILDINGANDCOVERSION-U_PROCUREMENT_JustificationBook_Navy_PB_2020.zzz_unzipped-U_PROCUREMENT_JustificationBook_Navy_PB_2020.xml","9c168386c667ef3d36f81563d2d4cc8667e0a613f9f857e619b298d98031ffd5","0-95e6c87cbafc9756676111f5f60c0e38b0a2c04b0a9fdac54424da794645193a","12634-55242a70b0c3c9d8922004f43514e0d950b6476e7aeb406d35b5dc9ab9a5a265","root"
"IWS CSI","","","","3.259","","","","","","","","","","","","","","","","","2020-BASE_PROCUREMENT-2020-NAVY_SHIPBUILDINGANDCOVERSION-U_PROCUREMENT_JustificationBook_Navy_PB_2020.zzz_unzipped-U_PROCUREMENT_JustificationBook_Navy_PB_2020.xml","9c168386c667ef3d36f81563d2d4cc8667e0a613f9f857e619b298d98031ffd5","1-73c13f923587dd8e921395d5642271770fd7bc0b297ad24c95113ea74f551182","12634-55242a70b0c3c9d8922004f43514e0d950b6476e7aeb406d35b5dc9ab9a5a265","root"
"Other ELECTRONICS","","","14.842","15.375","","","","","","","","12.783","","","","","","","","","2020-BASE_PROCUREMENT-2020-NAVY_SHIPBUILDINGANDCOVERSION-U_PROCUREMENT_MasterJustificationBook_Navy_PB_2020.zzz_unzipped-U_PROCUREMENT_MasterJustificationBook_Navy_PB_2020.xml","d143fe01a081a0f255f6aad559f7bd427f9f1cc2ecd779a7e68acdbdf10f5453","0-9d0385ebb9d12ac84dac245982a983bd84cb88274c1a94c283ac5d7ee84442b7","12637-89dfaeacdda9bdd78ce1b5722e5a6c259b7692a81e370234ba4a1e949ef434d2","root"
"Miscellaneous Electronics","","","","","","13.506","","","","","","","","","","","","","","","2020-BASE_PROCUREMENT-2020-NAVY_SHIPBUILDINGANDCOVERSION-U_PROCUREMENT_MasterJustificationBook_Navy_PB_2020.zzz_unzipped-U_PROCUREMENT_MasterJustificationBook_Navy_PB_2020.xml","1bf2304bf6786187c63030b5e02bf99a3fe02fecfde1e3c616fb0ae51dbeb198","0-21621bdb239e026ee535cc5a2828598b7d21e046c17b7d11d788e4c0d8b56516","12638-091113f2430956f7ff1ab56846b288f5018f89c7f7bb9ff8d01d9ac31a566bcd","root"
"Miscellaneous Electronics","","","","","29.301","50.281","","","","","","","","","","","","","","","2020-BASE_PROCUREMENT-2020-NAVY_SHIPBUILDINGANDCOVERSION-U_PROCUREMENT_MasterJustificationBook_Navy_PB_2020.zzz_unzipped-U_PROCUREMENT_MasterJustificationBook_Navy_PB_2020.xml","e131c0f9c0cddd147c5f2a5af285d5a65223c9ab0a8e83cb610b0d4ae369c030","0-8220884006faf8ad4b9dc5b17a1a917e4e1f10f58bd0f95181294a8331da451b","12640-6e06b28db9df819259c00f2324753469d7aa919052ee9eeffda7ccf8bb25a906","root"
"IWS CSI","","","","","3.313","3.55","","","","","","","","","","","","","","","2020-BASE_PROCUREMENT-2020-NAVY_SHIPBUILDINGANDCOVERSION-U_PROCUREMENT_MasterJustificationBook_Navy_PB_2020.zzz_unzipped-U_PROCUREMENT_MasterJustificationBook_Navy_PB_2020.xml","e131c0f9c0cddd147c5f2a5af285d5a65223c9ab0a8e83cb610b0d4ae369c030","1-88c08eb5282e4644e4383804acd9130612516c17b3732b3c4e260334f97b8592","12640-6e06b28db9df819259c00f2324753469d7aa919052ee9eeffda7ccf8bb25a906","root"
"Minor Systems","","","15.512","7.455","","","15.208","","","","","","","","","","","","","","2020-BASE_PROCUREMENT-2020-NAVY_SHIPBUILDINGANDCOVERSION-U_PROCUREMENT_MasterJustificationBook_Navy_PB_2020.zzz_unzipped-U_PROCUREMENT_MasterJustificationBook_Navy_PB_2020.xml","3e0661473e5ec15016509ed4fb0204ceeea1ce5351193ca1b59c307c60b5de03","0-827b160cbb7fad42fa985d16bf93179909214985818560435dfdb7be53992c29","12641-c5e6d7f1c1520d26af12b38120c77b21fcb67591892dcdeeeb5b9594bd2abef2","root"
"Misc Electronics","","2.338","3.804","2.437","2.384","2.392","2.486","2.292","","","","","","","2","","","","","","2020-BASE_PROCUREMENT-2020-NAVY_SHIPBUILDINGANDCOVERSION-U_PROCUREMENT_MasterJustificationBook_Navy_PB_2020.zzz_unzipped-U_PROCUREMENT_MasterJustificationBook_Navy_PB_2020.xml","6d2fd5af5b3d1649cd88586e00452843d436fea4cfb0f3c5af8f40c8bc8e1433","0-0bf9274638f114f3beddf6e118a25af2cd2ac62ae13248be30ec44776b189096","12648-1fc3c0d5ea929ac039ce0a6093501b1ee58111e6231a7b6607c5795d9977148d","root"
"TEST & CERTIFICATIONS, MISC.","","","2.313","","3.092","","","","","","","","","","","","","","","","2020-BASE_PROCUREMENT-2020-NAVY_SHIPBUILDINGANDCOVERSION-U_PROCUREMENT_MasterJustificationBook_Navy_PB_2020.zzz_unzipped-U_PROCUREMENT_MasterJustificationBook_Navy_PB_2020.xml","53454ed154816f70057095a6ea7a42707220b000004458bda908b6e9eea36312","0-dac744955d5492d3c16985ee1d134dd0b5b34ae7db14e0b1b4e8f3a08f7580c5","12653-c209b317233a74bbbce27f175cbaee75c8150d838709f9c517e40b0c8b6704cb","root"
"MISSION SYSTEM ENGR INTEGR & TEST (MSEIT)","","","","","","","","","132.51","","","","322.274","","","","","","","","2020-BASE_PROCUREMENT-2020-NAVY_SHIPBUILDINGANDCOVERSION-U_PROCUREMENT_MasterJustificationBook_Navy_PB_2020.zzz_unzipped-U_PROCUREMENT_MasterJustificationBook_Navy_PB_2020.xml","fa505ec92f383fcc1ed15c617e66a7a22b7d4afe96a0183b867c4406bbfec040","0-c0e75e7297e1120369e3062124c43a0183a1e355778489e8affd574e12467dd3","12654-8190ae3fc97982f7b4a98c560cf84d0034b507516a96aa4a1b74cabc53f7ee0d","root"
"MISSION SYSTEM ACTIVATION","","","","","","","","","40.9","","","","114.891","","","","","","","","2020-BASE_PROCUREMENT-2020-NAVY_SHIPBUILDINGANDCOVERSION-U_PROCUREMENT_MasterJustificationBook_Navy_PB_2020.zzz_unzipped-U_PROCUREMENT_MasterJustificationBook_Navy_PB_2020.xml","fa505ec92f383fcc1ed15c617e66a7a22b7d4afe96a0183b867c4406bbfec040","1-72e932e9132713b034cc82b999f997768e50d288587e15a52affcdb60fa7f6f7","12654-8190ae3fc97982f7b4a98c560cf84d0034b507516a96aa4a1b74cabc53f7ee0d","root"
"SPARES","","","","","","","","","5.5","","","","10","","","","","","","","2020-BASE_PROCUREMENT-2020-NAVY_SHIPBUILDINGANDCOVERSION-U_PROCUREMENT_MasterJustificationBook_Navy_PB_2020.zzz_unzipped-U_PROCUREMENT_MasterJustificationBook_Navy_PB_2020.xml","fa505ec92f383fcc1ed15c617e66a7a22b7d4afe96a0183b867c4406bbfec040","2-ad7ab62593aedb53019352096a34c5986947e702b381f9960fc0bc93109b52d7","12654-8190ae3fc97982f7b4a98c560cf84d0034b507516a96aa4a1b74cabc53f7ee0d","root"
"MISC. ELECTRONICS","","63.815","64.952","37.051","89.356","50.059","63.678","","","","","","","3","","2","2","3","3","2","2020-BASE_PROCUREMENT-2020-NAVY_SHIPBUILDINGANDCOVERSION-U_PROCUREMENT_MasterJustificationBook_Navy_PB_2020.zzz_unzipped-U_PROCUREMENT_MasterJustificationBook_Navy_PB_2020.xml","5f09bad83be8d9935dfb8fbbbac4473f946bb03e639a64a10be47789f49d0473","0-3b1c7a234a182645737f33f41c5b3360e1c56bf48cbfd5640849ec3c6e232b27","12655-f6943fb432796521157e329dfda21d5c18d0038bb0cbad9333afc6f98c24eefd","root"
"OTHER ELECTRONICS","","10.357","","11.944","10.533","10.798","12.284","","","","","","","","","","","","","3","2020-BASE_PROCUREMENT-2020-NAVY_SHIPBUILDINGANDCOVERSION-U_PROCUREMENT_MasterJustificationBook_Navy_PB_2020.zzz_unzipped-U_PROCUREMENT_MasterJustificationBook_Navy_PB_2020.xml","aebdbec1d331d8cce6700e4da30a9b9bafcaa6b164c2778bde2d9687c6875bbf","0-f3444f912a25a95e35418249124f8a43757fa6193df27ccd9df008e24bceaddf","12656-c6fdd7124bf68763bd7dc7b35b5c718de05736d95eafb75896daa0765d994dc1","root"
"Other Electronics","","","30.395","","","","","","","","","","","","","","","","1","","2020-BASE_PROCUREMENT-2020-NAVY_SHIPBUILDINGANDCOVERSION-U_PROCUREMENT_MasterJustificationBook_Navy_PB_2020.zzz_unzipped-U_PROCUREMENT_MasterJustificationBook_Navy_PB_2020.xml","e8fe4dd5e0be95240e0d086c5a917adf6e4464ec266a3ea1db82e27107e162d0","0-81525f98bda9e4b246355656e18f32a028a95129700067bca4e4d7ceb986f8b8","12657-f886a9d5cbd4622272be0602a883d4d54724dca1c49104f245626d2711b5c1f0","root"
"Miscellaneous Electronics","","","","34.267","","","","","","","","","","","","","","","","","2020-BASE_PROCUREMENT-2020-NAVY_SHIPBUILDINGANDCOVERSION-U_PROCUREMENT_MasterJustificationBook_Navy_PB_2020.zzz_unzipped-U_PROCUREMENT_MasterJustificationBook_Navy_PB_2020.xml","fede88ab6e4790d85bb219ffaa3eb2a124927ee5b9d8867aa75a8d6481dc6908","0-41d64405ffebf4e9e79ce0bd3bc4cf0c9380a3b7c79af794638df047e63b7c3c","12658-d7942afba9c0ef23e98f05f01bf60507fe1b7f7be5ba66e31937faad06448b78","root"
"IWS CSI","","","","3.259","","","","","","","","","","","","","","","","","2020-BASE_PROCUREMENT-2020-NAVY_SHIPBUILDINGANDCOVERSION-U_PROCUREMENT_MasterJustificationBook_Navy_PB_2020.zzz_unzipped-U_PROCUREMENT_MasterJustificationBook_Navy_PB_2020.xml","fede88ab6e4790d85bb219ffaa3eb2a124927ee5b9d8867aa75a8d6481dc6908","1-3700b32e21c701e2978775168b469386829dd9f0d3d6f236c7abc5b3e759c8a0","12658-d7942afba9c0ef23e98f05f01bf60507fe1b7f7be5ba66e31937faad06448b78","root"
