Title_val,Costs_TotalCost_PriorYearNine_val,Costs_TotalCost_PriorYearFour_val,Costs_TotalCost_BudgetYearOne_val,Costs_TotalCost_PriorYear_val,Costs_TotalCost_PriorYearThree_val,Costs_TotalCost_PriorYearTwo_val,Costs_TotalCost_CurrentYear_val,Costs_TotalCost_PriorYearFive_val,Costs_TotalCost_PriorYearTen_val,Costs_TotalCost_PriorYearEight_val,Costs_TotalCost_PriorYearEleven_val,Costs_TotalCost_PriorYearSix_val,Costs_TotalCost_PriorYearTwelve_val,Costs_Quantity_PriorYearThree_val,Costs_Quantity_PriorYearFive_val,Costs_Quantity_PriorYearTwo_val,Costs_Quantity_PriorYear_val,Costs_Quantity_CurrentYear_val,Costs_Quantity_BudgetYearOne_val,Costs_Quantity_PriorYearFour_val,@SOURCE_FILENAME,@RECORDID,@ROWID,@PARENTROWID,@PARENT
"Other ELECTRONICS","13.873","12.731","13.729","","","","","","","","","","","","","","","","","","2018-BASE_PROCUREMENT-2018-NAVY_SHIPBUILDINGANDCOVERSION-U_PROCUREMENT_JustificationBook_Navy_PB_2018.zzz_unzipped-U_PROCUREMENT_JustificationBook_Navy_PB_2018.xml","3bd3375f8dec12f579ffef5deeffb5939924e6b15ffeeee65c067abecc5c9d65","0-e0b79f78aae4420dcd9606469745ddb33f90dccee7204889aafb95256f2b43fc","9441-4386dbb7417815e429dc59d123f667a40e49ea12c9e533f350b0b6a610ec916c","root"
"Minor Systems","","","3.755","3.365","","","","","","","","","","","","","","","","","2018-BASE_PROCUREMENT-2018-NAVY_SHIPBUILDINGANDCOVERSION-U_PROCUREMENT_JustificationBook_Navy_PB_2018.zzz_unzipped-U_PROCUREMENT_JustificationBook_Navy_PB_2018.xml","5fb03280280c04f70140363ea84e84f7472f5711a8a318be34e2b8fb03fc2dac","0-dd5a0f6f15f934ebbb433482cd373996361e49b42fa958282614ecbf52ede27a","9443-31382efecd8390b5e45b4f604a14c0c9db45e3f268ad39df754c6ecedeeb02e9","root"
"Misc Electronics","","","2.437","2.384","2.292","2.338","2.392","","","","","","","2","","","","","","","2018-BASE_PROCUREMENT-2018-NAVY_SHIPBUILDINGANDCOVERSION-U_PROCUREMENT_JustificationBook_Navy_PB_2018.zzz_unzipped-U_PROCUREMENT_JustificationBook_Navy_PB_2018.xml","e65faa6577a08f2ddf29b7d5454a13aa910b941ba87ebd505eb81f9f400deed2","0-b2a30c55cb0c4bd4d2d422d7d1c6715bbe852189841ed401f30300f028c2b990","9452-87be605de25a1b7a132d8802eb2a2a1c98f5cf5eb12bb16ae6b40c0d68a30a3a","root"
"TEST & CERTIFICATIONS, MISC.","","","","6.891","","","","10.631","","","","","","","","","","","","","2018-BASE_PROCUREMENT-2018-NAVY_SHIPBUILDINGANDCOVERSION-U_PROCUREMENT_JustificationBook_Navy_PB_2018.zzz_unzipped-U_PROCUREMENT_JustificationBook_Navy_PB_2018.xml","30f05fcd72a912823615127e43b2be8ca570156afc2855adfc6c02323fd91c7d","0-7f2191313d7e21141f4a8121876301453470eae89fe18b37f4cad2fcd6160f6f","9454-9cd56e9dd201ff033e28e055aa77e067cd5588b15ee2f8a55c4067a03c1f88c2","root"
"CARRIER AIR DEFENSE IMPROVEMENT PROGRAM (CADIP)","","","","","","","","13.351","","","","","","","1","","","","","","2018-BASE_PROCUREMENT-2018-NAVY_SHIPBUILDINGANDCOVERSION-U_PROCUREMENT_JustificationBook_Navy_PB_2018.zzz_unzipped-U_PROCUREMENT_JustificationBook_Navy_PB_2018.xml","30f05fcd72a912823615127e43b2be8ca570156afc2855adfc6c02323fd91c7d","1-540d20c3bcda36a626cf684a5517f2232c73a6d9f1ea0d9f44e35d1288711c4f","9454-9cd56e9dd201ff033e28e055aa77e067cd5588b15ee2f8a55c4067a03c1f88c2","root"
"MISSION SYSTEM ENGR INTEGR & TEST (MSEIT)","","","","","","","","","322.274","132.51","","","","","","","","","","","2018-BASE_PROCUREMENT-2018-NAVY_SHIPBUILDINGANDCOVERSION-U_PROCUREMENT_JustificationBook_Navy_PB_2018.zzz_unzipped-U_PROCUREMENT_JustificationBook_Navy_PB_2018.xml","63a199acf2aec9803478e689b99e17d5ba8e6ed8eb7dfb080491db0b111af06e","0-01b1ef4b52ee032452ffaa8144856ac147b6d89d49700846a4c8b03ba60e801c","9455-f2d0503a0e1484a9e7f6bad0654f10e286475e05a192769df318bc4046ae05e6","root"
"MISSION SYSTEM ACTIVATION","","","","","","","","","71.621","40.9","","","","","","","","","","","2018-BASE_PROCUREMENT-2018-NAVY_SHIPBUILDINGANDCOVERSION-U_PROCUREMENT_JustificationBook_Navy_PB_2018.zzz_unzipped-U_PROCUREMENT_JustificationBook_Navy_PB_2018.xml","63a199acf2aec9803478e689b99e17d5ba8e6ed8eb7dfb080491db0b111af06e","1-f561e97107dc24825afc560a5a789f9bfd6f1944c091cf5799b337e863c2824e","9455-f2d0503a0e1484a9e7f6bad0654f10e286475e05a192769df318bc4046ae05e6","root"
"MISC. ELECTRONICS","","","51.051","89.356","","63.815","50.059","","","","","","","","","2","3","2","2","","2018-BASE_PROCUREMENT-2018-NAVY_SHIPBUILDINGANDCOVERSION-U_PROCUREMENT_JustificationBook_Navy_PB_2018.zzz_unzipped-U_PROCUREMENT_JustificationBook_Navy_PB_2018.xml","341c09c4a37bc5105a93194374c2b71f3cdff23a738f04e5629acb1abd33932e","0-2b2982ac1934f3a2cfba0035b693a4737eeecb76c0763cde60457eeb2395244c","9456-cd6e8b9f0da40e9512a847eb4f656c7047ea715e88ad81a44cf1a397bc8780f5","root"
"OTHER ELECTRONICS","","","6.251","10.533","","10.357","11.083","","","","","","","","","3","","","","","2018-BASE_PROCUREMENT-2018-NAVY_SHIPBUILDINGANDCOVERSION-U_PROCUREMENT_JustificationBook_Navy_PB_2018.zzz_unzipped-U_PROCUREMENT_JustificationBook_Navy_PB_2018.xml","b548d3bebc5c45d3822f00bfd12bbaf3401faadb58f2ede71a62e2af4a876487","0-d7187bac4eac7204ec9679a2682dbac4cdc92cb7825406d8308edd87eca15e97","9457-ff49ab182a8bf503ad09b654430a7f435382a24560a787b30e6535ca2491fb32","root"
"Miscellaneous Electronics","","","","42.119","","","","88.642","","","","","","","","","","","","","2018-BASE_PROCUREMENT-2018-NAVY_SHIPBUILDINGANDCOVERSION-U_PROCUREMENT_JustificationBook_Navy_PB_2018.zzz_unzipped-U_PROCUREMENT_JustificationBook_Navy_PB_2018.xml","6c8db8380a911de3d70ef956f133867b9c0a3463851956b9d3521431df0e0e53","0-071cea8844f32a36c5c20dcd2f5c157680e490dc70386fd70e945156ca1205d0","9458-dbbb1003d7dbcdafcbf60934f6e0db51433092632eeeb18d5774eae56a5b3498","root"
"IWS CSI","","","","3.313","","","","","","","","","","","","","","","","","2018-BASE_PROCUREMENT-2018-NAVY_SHIPBUILDINGANDCOVERSION-U_PROCUREMENT_JustificationBook_Navy_PB_2018.zzz_unzipped-U_PROCUREMENT_JustificationBook_Navy_PB_2018.xml","6c8db8380a911de3d70ef956f133867b9c0a3463851956b9d3521431df0e0e53","1-71130179dd0d557d16e8e499ff7b25d55ebfc867dcda3031729b21af9734d146","9458-dbbb1003d7dbcdafcbf60934f6e0db51433092632eeeb18d5774eae56a5b3498","root"
"Miscellaneous Electronics","","","","","","","13.506","","","","","","","","","","","","","","2018-BASE_PROCUREMENT-2018-NAVY_SHIPBUILDINGANDCOVERSION-U_PROCUREMENT_JustificationBook_Navy_PB_2018.zzz_unzipped-U_PROCUREMENT_JustificationBook_Navy_PB_2018.xml","3e69140d5f269b4975bbc8a50003ffb903001debb67899638f4fcb5075083df8","0-b1c98acfe3c72e9d8c5b40b2d53e382d1924d9d1fc55b3d364c14c7c645b2be2","9460-3afa20b5aa445ba3e8b5229c99eff28c72d6d6c13536743517ed75e2addc680c","root"
"Other ELECTRONICS","13.873","12.731","13.729","","","","","","","","","","","","","","","","","","2018-BASE_PROCUREMENT-2018-NAVY_SHIPBUILDINGANDCOVERSION-U_PROCUREMENT_MasterJustificationBook_Navy_PB_2018.zzz_unzipped-U_PROCUREMENT_MasterJustificationBook_Navy_PB_2018.xml","1d7fe1ff3cd4bd81f1f8eadcb8986287a46fef38ba78ae80f3d311ff6e2885f3","0-541a844808e7951d0915cd0b0161b08fa125f2eb65ff4486b4e243786cd5d0ce","9462-853d782a52ae4e30053a45795014b7b8136a2deed544d4003a0c0492ce90d472","root"
"Minor Systems","","","3.755","3.365","","","","","","","","","","","","","","","","","2018-BASE_PROCUREMENT-2018-NAVY_SHIPBUILDINGANDCOVERSION-U_PROCUREMENT_MasterJustificationBook_Navy_PB_2018.zzz_unzipped-U_PROCUREMENT_MasterJustificationBook_Navy_PB_2018.xml","323dee594a542260809faba5db6e9d0ae785d79341ac33dab24393ecf402c9b9","0-a0edb03f0afe7caec89dbe59d2ccfaf83a5b4eb3c594b46da326dfcc04594d08","9464-f192d4c48430a16931389ba5277586674308da6aa57bdb7612d80699d7759700","root"
"Misc Electronics","","","2.437","2.384","2.292","2.338","2.392","","","","","","","2","","","","","","","2018-BASE_PROCUREMENT-2018-NAVY_SHIPBUILDINGANDCOVERSION-U_PROCUREMENT_MasterJustificationBook_Navy_PB_2018.zzz_unzipped-U_PROCUREMENT_MasterJustificationBook_Navy_PB_2018.xml","b9b3c2143c11a13c8f2c4f97143714796c97d937a9c0d0bc447e53de4a529dc3","0-86af7dac5c157d41c87363ca5020665c9f19df87cef1c2ee27eebe27963cc252","9473-5e261c347d837245584898223f4950afdae7e2b3b77ecb7e213e6d5172bf7b9f","root"
"TEST & CERTIFICATIONS, MISC.","","","","6.891","","","","10.631","","","","","","","","","","","","","2018-BASE_PROCUREMENT-2018-NAVY_SHIPBUILDINGANDCOVERSION-U_PROCUREMENT_MasterJustificationBook_Navy_PB_2018.zzz_unzipped-U_PROCUREMENT_MasterJustificationBook_Navy_PB_2018.xml","39e99632cac232ed4f791a16a1a3a350502b6d8437548761d869aa99726b1c18","0-ad0fccf36dbd7d26e2c7fde682987e3b5b90f79cfdcd0a873c3bcc39fd0486e5","9475-b6283505851a182b38f2f06dc04e463cadddba0a956d7e338a4575c0bd0b93fc","root"
"CARRIER AIR DEFENSE IMPROVEMENT PROGRAM (CADIP)","","","","","","","","13.351","","","","","","","1","","","","","","2018-BASE_PROCUREMENT-2018-NAVY_SHIPBUILDINGANDCOVERSION-U_PROCUREMENT_MasterJustificationBook_Navy_PB_2018.zzz_unzipped-U_PROCUREMENT_MasterJustificationBook_Navy_PB_2018.xml","39e99632cac232ed4f791a16a1a3a350502b6d8437548761d869aa99726b1c18","1-836af02447ad675a7b421a66491658a8b9b5a37fe16bfd67b544af6a03f24e04","9475-b6283505851a182b38f2f06dc04e463cadddba0a956d7e338a4575c0bd0b93fc","root"
"MISSION SYSTEM ENGR INTEGR & TEST (MSEIT)","","","","","","","","","322.274","132.51","","","","","","","","","","","2018-BASE_PROCUREMENT-2018-NAVY_SHIPBUILDINGANDCOVERSION-U_PROCUREMENT_MasterJustificationBook_Navy_PB_2018.zzz_unzipped-U_PROCUREMENT_MasterJustificationBook_Navy_PB_2018.xml","cfcd2affcafe58149df6900b5bafde44d10bbb1934842da11d594bb3c352ff90","0-94a222b2026378e3630640b98a15e7374d7101d7781de30a1fcd1361d42e3bed","9476-cee8bc28de89fc458ffc935c5727b0bfebf865138b8e14c491713a43fb8bcef4","root"
"MISSION SYSTEM ACTIVATION","","","","","","","","","71.621","40.9","","","","","","","","","","","2018-BASE_PROCUREMENT-2018-NAVY_SHIPBUILDINGANDCOVERSION-U_PROCUREMENT_MasterJustificationBook_Navy_PB_2018.zzz_unzipped-U_PROCUREMENT_MasterJustificationBook_Navy_PB_2018.xml","cfcd2affcafe58149df6900b5bafde44d10bbb1934842da11d594bb3c352ff90","1-32f4ad10146d8cd5f97197cca94df1c2245ca3b3b365d3e5aa09d94055f3f63b","9476-cee8bc28de89fc458ffc935c5727b0bfebf865138b8e14c491713a43fb8bcef4","root"
"MISC. ELECTRONICS","","","51.051","89.356","","63.815","50.059","","","","","","","","","2","3","2","2","","2018-BASE_PROCUREMENT-2018-NAVY_SHIPBUILDINGANDCOVERSION-U_PROCUREMENT_MasterJustificationBook_Navy_PB_2018.zzz_unzipped-U_PROCUREMENT_MasterJustificationBook_Navy_PB_2018.xml","e27de6ec9cb638c66ac0b656bccfc8f782bb401590861916fc6bffb8352b5cd2","0-69ada530ac3076a2d986a3173f9b7e55c41340b29dc5ce2482085f8ab23ea33f","9477-82b8bcf87c6e34a92e50e1d5c10c035d5e973e1148e84c049b07294f8d85fa18","root"
"OTHER ELECTRONICS","","","6.251","10.533","","10.357","11.083","","","","","","","","","3","","","","","2018-BASE_PROCUREMENT-2018-NAVY_SHIPBUILDINGANDCOVERSION-U_PROCUREMENT_MasterJustificationBook_Navy_PB_2018.zzz_unzipped-U_PROCUREMENT_MasterJustificationBook_Navy_PB_2018.xml","119a8a234210e8d816f52b47d147d9422de1a8875a3a611fd7398a69bdc2b836","0-1a9a234f9b1de0c157f36c02bff1ca87fd1a7be04eba247ad7639fd91c53eac9","9478-e8873729bcd64cfbbc2ddd3c7c309b800378a49fe586162b8c89c59253f4b52b","root"
"Miscellaneous Electronics","","","","42.119","","","","88.642","","","","","","","","","","","","","2018-BASE_PROCUREMENT-2018-NAVY_SHIPBUILDINGANDCOVERSION-U_PROCUREMENT_MasterJustificationBook_Navy_PB_2018.zzz_unzipped-U_PROCUREMENT_MasterJustificationBook_Navy_PB_2018.xml","b6836e8f5cae238b72477d06bd8275a4b5f6643ffb0fbad18a73c25cb2c9b2b2","0-3d62baf4002c194f5a62ba8d57eb1afd430ac75557358dde8a622de5ec964e63","9479-39a1b1fa1e9c066122f07288cd31fe76f84b84fc46374ee535b36a2d8495e420","root"
"IWS CSI","","","","3.313","","","","","","","","","","","","","","","","","2018-BASE_PROCUREMENT-2018-NAVY_SHIPBUILDINGANDCOVERSION-U_PROCUREMENT_MasterJustificationBook_Navy_PB_2018.zzz_unzipped-U_PROCUREMENT_MasterJustificationBook_Navy_PB_2018.xml","b6836e8f5cae238b72477d06bd8275a4b5f6643ffb0fbad18a73c25cb2c9b2b2","1-d1084340e6cca698851422aee161d038ab5bafac93a974fdc2bf4f72d62b2c3a","9479-39a1b1fa1e9c066122f07288cd31fe76f84b84fc46374ee535b36a2d8495e420","root"
"Miscellaneous Electronics","","","","","","","13.506","","","","","","","","","","","","","","2018-BASE_PROCUREMENT-2018-NAVY_SHIPBUILDINGANDCOVERSION-U_PROCUREMENT_MasterJustificationBook_Navy_PB_2018.zzz_unzipped-U_PROCUREMENT_MasterJustificationBook_Navy_PB_2018.xml","2663be4897e8bd7730e68372a57af357002d914757b1cea5272a0fbf7ea89d42","0-c9072cbc2079cafaacfa9fd052087c59ef54ae2a45a2298028fcdb948cb0648f","9481-202dcde983147da76f982ac70c8a392614cda0834ff69069b8bb546e537b102b","root"
"Other ELECTRONICS","","","","","","","15.375","14.286","","","","","","","","","","","","","2019-BASE_PROCUREMENT-2019-NAVY_SHIPBUILDINGANDCOVERSION-U_PROCUREMENT_JustificationBook_Navy_PB_2019.zzz_unzipped-U_PROCUREMENT_JustificationBook_Navy_PB_2019.xml","036eab869a099e08a81545eee0f4f7834f7c77ef6dd1087ed8062c6d5b68d43d","0-f55f0c26dc2479e23c0e42a2651548dd1adcac1d44cbacb0cb15bb80addc23f3","11053-4751e4f5814275fc07174f7ee9583345eb99c286ee5788b602e77d6b15d28efe","root"
"Minor Systems","","","15.208","","","","7.455","","","","","","","","","","","","","","2019-BASE_PROCUREMENT-2019-NAVY_SHIPBUILDINGANDCOVERSION-U_PROCUREMENT_JustificationBook_Navy_PB_2019.zzz_unzipped-U_PROCUREMENT_JustificationBook_Navy_PB_2019.xml","e5270008416af386e50aab32b42150c187045adf229e551f47c76e0a67907316","0-8d0b3abffb2df10521ccabc14ae3419161960e361f5df1b27e18e6d0b4912c02","11055-5510281d6c2b8731e7da93019fb9c63a1509bec30124e91cf79ca4a4c6dacc9f","root"
"Misc Electronics","","2.292","2.486","2.392","2.338","2.384","2.437","","","","","","","","","","","","","2","2019-BASE_PROCUREMENT-2019-NAVY_SHIPBUILDINGANDCOVERSION-U_PROCUREMENT_JustificationBook_Navy_PB_2019.zzz_unzipped-U_PROCUREMENT_JustificationBook_Navy_PB_2019.xml","26f7a9377367f4833fc97e7a760e9a2cc6323946d5bc9215f0843a3a55340edc","0-e8364d0ef0f6fb4d55cf7288810223cd9ff7e1a94b336311560b0d310c04d0c3","11064-1793a54fec79ed46195b4e10671aea063e26e59a60a580561e7847eb1726a40c","root"
"TEST & CERTIFICATIONS, MISC.","","","","","","6.295","","","","","","","","","","","","","","","2019-BASE_PROCUREMENT-2019-NAVY_SHIPBUILDINGANDCOVERSION-U_PROCUREMENT_JustificationBook_Navy_PB_2019.zzz_unzipped-U_PROCUREMENT_JustificationBook_Navy_PB_2019.xml","3f04422267f18278d5d6f04f107d65e4403280e1024fb698d2f8e9e46d266e01","0-782e3f92dac7ce6e93027104b8f5f0210bb735f8e414b15aa4a55a7689ffd021","11066-7837b9a6e310dc9042ac9d7d36de56154c8b55a74426688b32ae0c81789568fa","root"
"MISSION SYSTEM ENGR INTEGR & TEST (MSEIT)","132.51","","","","","","","","","","322.274","","","","","","","","","","2019-BASE_PROCUREMENT-2019-NAVY_SHIPBUILDINGANDCOVERSION-U_PROCUREMENT_JustificationBook_Navy_PB_2019.zzz_unzipped-U_PROCUREMENT_JustificationBook_Navy_PB_2019.xml","384bbcfb660b583b57aa41ac827b7a4f96349bc3d635569d38c5399e81cf111b","0-455395e0a20d18a5fd59c84942c1bc2015b232e6cc41d8231d3e253999d3b3ae","11067-c43d2d684cc54753fa8441f559551ed73fb80c7a87243fca61596d2b449caaa5","root"
"MISSION SYSTEM ACTIVATION","40.9","","","","","","","","","","71.621","","","","","","","","","","2019-BASE_PROCUREMENT-2019-NAVY_SHIPBUILDINGANDCOVERSION-U_PROCUREMENT_JustificationBook_Navy_PB_2019.zzz_unzipped-U_PROCUREMENT_JustificationBook_Navy_PB_2019.xml","384bbcfb660b583b57aa41ac827b7a4f96349bc3d635569d38c5399e81cf111b","1-504d77538fb46bd59a9ea856fbb34b243640dedd898e4239f9f67e3e6b14fe17","11067-c43d2d684cc54753fa8441f559551ed73fb80c7a87243fca61596d2b449caaa5","root"
"MISC. ELECTRONICS","","","77.635","50.059","63.815","89.356","51.051","","","","","","","2","","3","2","2","3","","2019-BASE_PROCUREMENT-2019-NAVY_SHIPBUILDINGANDCOVERSION-U_PROCUREMENT_JustificationBook_Navy_PB_2019.zzz_unzipped-U_PROCUREMENT_JustificationBook_Navy_PB_2019.xml","a1a47c8635cef5e8f1226c963ba3faf740a9814b8e16b8e7235117ff98b853fd","0-8b198684b26cc0c9b7a2502459bbb13dfef2b5849f52fd3fc92c13f64ad6ebac","11068-b6a0c5db2ff80021f6dae902a5efe81d5f5944ded4e9435b5902fd11d6e94d48","root"
"New Cost Element","","","","","","","","","","","","","","","","","","","","","2019-BASE_PROCUREMENT-2019-NAVY_SHIPBUILDINGANDCOVERSION-U_PROCUREMENT_JustificationBook_Navy_PB_2019.zzz_unzipped-U_PROCUREMENT_JustificationBook_Navy_PB_2019.xml","a1a47c8635cef5e8f1226c963ba3faf740a9814b8e16b8e7235117ff98b853fd","1-41a2a912e4bdbc16dbda0c745b79a192ecf4c04bd41c65e49b093db3c225ec85","11068-b6a0c5db2ff80021f6dae902a5efe81d5f5944ded4e9435b5902fd11d6e94d48","root"
"OTHER ELECTRONICS","","","6.357","10.798","10.357","10.533","11.271","","","","","","","3","","","","","","","2019-BASE_PROCUREMENT-2019-NAVY_SHIPBUILDINGANDCOVERSION-U_PROCUREMENT_JustificationBook_Navy_PB_2019.zzz_unzipped-U_PROCUREMENT_JustificationBook_Navy_PB_2019.xml","5152a3e67c89abc2820925748b17a30f7c8ff664b180b65af516e145f35dcb0b","0-50495a1b4ad54e59438ba3ef78c3c4e6e697d79664a5873f669888696767bf4e","11069-e868d39929e77c441598ca6f0c2fb0f97b1c18c3d13efb7a60b65a5af3ff8237","root"
"Miscellaneous Electronics","","","","30.46","","20.081","","","","","","","","","","","","","","","2019-BASE_PROCUREMENT-2019-NAVY_SHIPBUILDINGANDCOVERSION-U_PROCUREMENT_JustificationBook_Navy_PB_2019.zzz_unzipped-U_PROCUREMENT_JustificationBook_Navy_PB_2019.xml","169bc358bca4dfb8acf7b7efe08e701c479c593f5473f0f5b4ee6d1c0ad679db","0-a2202bd45ea2805ac1746ddf6fc27539c5b6cc6b20c6f2d86cc30f75cc222aa2","11070-4bcdfe9038b5e558a7fd095715ef5621ac2aad965874dd0c01003a18d87da3a8","root"
"IWS CSI","","","","3.55","","3.313","","","","","","","","","","","","","","","2019-BASE_PROCUREMENT-2019-NAVY_SHIPBUILDINGANDCOVERSION-U_PROCUREMENT_JustificationBook_Navy_PB_2019.zzz_unzipped-U_PROCUREMENT_JustificationBook_Navy_PB_2019.xml","169bc358bca4dfb8acf7b7efe08e701c479c593f5473f0f5b4ee6d1c0ad679db","1-ae1ea6ccde89ac23333349566e9e84808116a687afc360bcc7047d74af8af71d","11070-4bcdfe9038b5e558a7fd095715ef5621ac2aad965874dd0c01003a18d87da3a8","root"
"Miscellaneous Electronics","","","","13.506","","","","","","","","","","","","","","","","","2019-BASE_PROCUREMENT-2019-NAVY_SHIPBUILDINGANDCOVERSION-U_PROCUREMENT_JustificationBook_Navy_PB_2019.zzz_unzipped-U_PROCUREMENT_JustificationBook_Navy_PB_2019.xml","a4d7133e03bdb92eeb03e048445944f1304841c5b4b94ac0cf2aed06ecdd0c8c","0-515a18ad9d489c73366fd02dd375d2e9778096cab2812cbf0494f3e92491b9f0","11072-f68249d9ccc45d5c596840a385437f3726f06ed6ebcc0c84209b7474f78319e8","root"
"Other ELECTRONICS","","","","","","","15.375","14.286","","","","","","","","","","","","","2019-BASE_PROCUREMENT-2019-NAVY_SHIPBUILDINGANDCOVERSION-U_PROCUREMENT_MasterJustificationBook_Navy_PB_2019.zzz_unzipped-U_PROCUREMENT_MasterJustificationBook_Navy_PB_2019.xml","a9fbe5c21ca9d712d778740a9c71a88aeca9364f2ca88ca90b8d87825b9fbafd","0-c7bcafb20993bc5b47e7e4f184bb7c558042e3424d9fd7519eb7feb847895705","11074-63c5fc01b67ad3e30a4e8bbd9734941283dc367131c1c4bb15c2989ef4c2e79d","root"
"Minor Systems","","","15.208","","","","7.455","","","","","","","","","","","","","","2019-BASE_PROCUREMENT-2019-NAVY_SHIPBUILDINGANDCOVERSION-U_PROCUREMENT_MasterJustificationBook_Navy_PB_2019.zzz_unzipped-U_PROCUREMENT_MasterJustificationBook_Navy_PB_2019.xml","6c06f09483d2a1c02376f04eacf257fcfd542e51c185b032da7658c61893735d","0-7a0f42a62b85b30434fe3b2fef5a0b397c729c489018f5d4bc68dda2b62a968d","11076-9cef01bc723a677861937280fa9b04603ac1064af90cb415b3c6faa7379e1eec","root"
"Misc Electronics","","2.292","2.486","2.392","2.338","2.384","2.437","","","","","","","","","","","","","2","2019-BASE_PROCUREMENT-2019-NAVY_SHIPBUILDINGANDCOVERSION-U_PROCUREMENT_MasterJustificationBook_Navy_PB_2019.zzz_unzipped-U_PROCUREMENT_MasterJustificationBook_Navy_PB_2019.xml","cbe29039c7026c484c7be93d8dffc73f479957edddb0229a6b7ae1188f188bcd","0-e8c5f9df480b31ef37aaa3946ac6c88fbc61bf2a4c83dc3d3a2bd13d61c928e4","11085-347655e861f33f8f925febcdb4ec87ae329ac739447cdf4ada63c85cf65560c1","root"
"TEST & CERTIFICATIONS, MISC.","","","","","","6.295","","","","","","","","","","","","","","","2019-BASE_PROCUREMENT-2019-NAVY_SHIPBUILDINGANDCOVERSION-U_PROCUREMENT_MasterJustificationBook_Navy_PB_2019.zzz_unzipped-U_PROCUREMENT_MasterJustificationBook_Navy_PB_2019.xml","8e712934068abd23958514556a25c137e290832dbeb92748a5baadb930834b13","0-d1dc0877954e00a6a8b1898c99b0d3be2b447ce7e0da103fd7574360637f83da","11087-31d6f45e0600c38bf0d76ac2805697542475f6fe3e2273295c22944095898902","root"
"MISSION SYSTEM ENGR INTEGR & TEST (MSEIT)","132.51","","","","","","","","","","322.274","","","","","","","","","","2019-BASE_PROCUREMENT-2019-NAVY_SHIPBUILDINGANDCOVERSION-U_PROCUREMENT_MasterJustificationBook_Navy_PB_2019.zzz_unzipped-U_PROCUREMENT_MasterJustificationBook_Navy_PB_2019.xml","eb65c52dd93ce16c20d00a7266f3d388040779562cbb7747c2c0d892437bc207","0-17ae0293cbc852253f90f59263bad17dde851308d45cff44ae0d974242ab7028","11088-2b5f1ea043a79572563a3d7f6423ef77860772371ec664cd890e30763c951e96","root"
"MISSION SYSTEM ACTIVATION","40.9","","","","","","","","","","71.621","","","","","","","","","","2019-BASE_PROCUREMENT-2019-NAVY_SHIPBUILDINGANDCOVERSION-U_PROCUREMENT_MasterJustificationBook_Navy_PB_2019.zzz_unzipped-U_PROCUREMENT_MasterJustificationBook_Navy_PB_2019.xml","eb65c52dd93ce16c20d00a7266f3d388040779562cbb7747c2c0d892437bc207","1-1dd7f2d26c03d451f9dc5744a68d59c68b1e1ec57ca02bc27277dcdaa734d079","11088-2b5f1ea043a79572563a3d7f6423ef77860772371ec664cd890e30763c951e96","root"
"MISC. ELECTRONICS","","","77.635","50.059","63.815","89.356","51.051","","","","","","","2","","3","2","2","3","","2019-BASE_PROCUREMENT-2019-NAVY_SHIPBUILDINGANDCOVERSION-U_PROCUREMENT_MasterJustificationBook_Navy_PB_2019.zzz_unzipped-U_PROCUREMENT_MasterJustificationBook_Navy_PB_2019.xml","7ccb09e5aa0dcd2ff656bb6257f40762290470295a3462fc198202ddc187b82f","0-7b431ed57d435ce11a2979f20d86b1732b27ec0b2296aa9d4e12425c4f134d82","11089-836c4e0790f9534dad39d37158de9f8beb4638a01c45c59cf317235b7ad29b11","root"
"New Cost Element","","","","","","","","","","","","","","","","","","","","","2019-BASE_PROCUREMENT-2019-NAVY_SHIPBUILDINGANDCOVERSION-U_PROCUREMENT_MasterJustificationBook_Navy_PB_2019.zzz_unzipped-U_PROCUREMENT_MasterJustificationBook_Navy_PB_2019.xml","7ccb09e5aa0dcd2ff656bb6257f40762290470295a3462fc198202ddc187b82f","1-2cf023f47b1d913d01d601f865c92bac31c482c6e45d4a6ad9eaeb9422c326bb","11089-836c4e0790f9534dad39d37158de9f8beb4638a01c45c59cf317235b7ad29b11","root"
"OTHER ELECTRONICS","","","6.357","10.798","10.357","10.533","11.271","","","","","","","3","","","","","","","2019-BASE_PROCUREMENT-2019-NAVY_SHIPBUILDINGANDCOVERSION-U_PROCUREMENT_MasterJustificationBook_Navy_PB_2019.zzz_unzipped-U_PROCUREMENT_MasterJustificationBook_Navy_PB_2019.xml","8d346b790189bfc9a641dace4de6f22c2edf1c141b63425557194b004b65ee77","0-c74d980f161b486d8d4e10b1d1acc0580c2205e7bdc048c39a6c17d25cb62949","11090-258839ef2568b6a58a3801613211753dbe6daa5a5ac53c44e6d3c9a3aba15269","root"
"Miscellaneous Electronics","","","","30.46","","20.081","","","","","","","","","","","","","","","2019-BASE_PROCUREMENT-2019-NAVY_SHIPBUILDINGANDCOVERSION-U_PROCUREMENT_MasterJustificationBook_Navy_PB_2019.zzz_unzipped-U_PROCUREMENT_MasterJustificationBook_Navy_PB_2019.xml","14191acf83148e2c874d70c0ea032878d423d04892e841aeca18c4529a27d12b","0-ae18be4a516120f498c9efc3108a3e72e50584b25eebd7869bdf6edb19e7c073","11091-a0556705b98b14141dc7e86db4a709d8bdc0c77473be09beeddadc218bb00889","root"
"IWS CSI","","","","3.55","","3.313","","","","","","","","","","","","","","","2019-BASE_PROCUREMENT-2019-NAVY_SHIPBUILDINGANDCOVERSION-U_PROCUREMENT_MasterJustificationBook_Navy_PB_2019.zzz_unzipped-U_PROCUREMENT_MasterJustificationBook_Navy_PB_2019.xml","14191acf83148e2c874d70c0ea032878d423d04892e841aeca18c4529a27d12b","1-951dcc3964d5baeda78ddd1dbf25fc48b20567c7bcb31aea1232e46255bb5105","11091-a0556705b98b14141dc7e86db4a709d8bdc0c77473be09beeddadc218bb00889","root"
"Miscellaneous Electronics","","","","13.506","","","","","","","","","","","","","","","","","2019-BASE_PROCUREMENT-2019-NAVY_SHIPBUILDINGANDCOVERSION-U_PROCUREMENT_MasterJustificationBook_Navy_PB_2019.zzz_unzipped-U_PROCUREMENT_MasterJustificationBook_Navy_PB_2019.xml","651aa59353d9c137c7c7ed7efa2f74bb1e3d8f4c6ed3eced3278e337253be7e6","0-4cf0b832e3527bab7dc3906e557d7c064327e7e6062d365892f9c1b26356cda7","11093-431402ce658f3a94510db4baa268c639defff2b162fb59bbd119d13ab4567bbf","root"
"Other ELECTRONICS","","","14.842","15.375","","","","","","","","12.783","","","","","","","","","2020-BASE_PROCUREMENT-2020-NAVY_SHIPBUILDINGANDCOVERSION-U_PROCUREMENT_JustificationBook_Navy_PB_2020.zzz_unzipped-U_PROCUREMENT_JustificationBook_Navy_PB_2020.xml","32504ad2a7e688527244f05aaddd99f674ca8968fcba75209474740d4df46dfa","0-0b355fb20bd1fcdc586a4d7b2901098ef2cb46a617b5f240216ac2c767f4197f","12613-85624c00d660248748a042a38f2fecf934cbf4958ff73f5fe7711eba88194ad7","root"
"Miscellaneous Electronics","","","","","","13.506","","","","","","","","","","","","","","","2020-BASE_PROCUREMENT-2020-NAVY_SHIPBUILDINGANDCOVERSION-U_PROCUREMENT_JustificationBook_Navy_PB_2020.zzz_unzipped-U_PROCUREMENT_JustificationBook_Navy_PB_2020.xml","a30fb163f04d29291638d311bbf03be8dc48823cfa05a2f328112ff44f545d50","0-2a2649f932aeec3a78a25732eea0ad1ad27e1920ebb002941617cd788c8bfaaa","12614-a4d61d0802ee2207836eb8979a44ab9157470af84899c861a3e3ef34ba0ef4fe","root"
"Miscellaneous Electronics","","","","","29.301","50.281","","","","","","","","","","","","","","","2020-BASE_PROCUREMENT-2020-NAVY_SHIPBUILDINGANDCOVERSION-U_PROCUREMENT_JustificationBook_Navy_PB_2020.zzz_unzipped-U_PROCUREMENT_JustificationBook_Navy_PB_2020.xml","61c75f4854ca92250e7faa2931112113ac0649a293e0256c0de12704ee4d411a","0-21fb92de75a767188538d0e035b73d308b9a69e60ed8ad77b87dbb041efeee36","12616-6956f98b87b2742a32bb04f67fdf09a66fed5cf3ccd9f032c58626bf6a20fc9d","root"
"IWS CSI","","","","","3.313","3.55","","","","","","","","","","","","","","","2020-BASE_PROCUREMENT-2020-NAVY_SHIPBUILDINGANDCOVERSION-U_PROCUREMENT_JustificationBook_Navy_PB_2020.zzz_unzipped-U_PROCUREMENT_JustificationBook_Navy_PB_2020.xml","61c75f4854ca92250e7faa2931112113ac0649a293e0256c0de12704ee4d411a","1-afceb3fd8f53eac36bc69a44bd4a1110b0663c5432b64f6615a027eb1a6d68be","12616-6956f98b87b2742a32bb04f67fdf09a66fed5cf3ccd9f032c58626bf6a20fc9d","root"
"Minor Systems","","","15.512","7.455","","","15.208","","","","","","","","","","","","","","2020-BASE_PROCUREMENT-2020-NAVY_SHIPBUILDINGANDCOVERSION-U_PROCUREMENT_JustificationBook_Navy_PB_2020.zzz_unzipped-U_PROCUREMENT_JustificationBook_Navy_PB_2020.xml","d424f8f8debac747eb01eb019a6c3d773c2e716c4794c090aff1eab5f46f120e","0-155dfab3b7ed5805021ccf47d47748756040d55a4416aa5d14e5d76de94222c4","12617-0237144d46f0bef1ec19823daca12f9695c0adb1f2390d4fbb7315890c95460c","root"
"Misc Electronics","","2.338","3.804","2.437","2.384","2.392","2.486","2.292","","","","","","","2","","","","","","2020-BASE_PROCUREMENT-2020-NAVY_SHIPBUILDINGANDCOVERSION-U_PROCUREMENT_JustificationBook_Navy_PB_2020.zzz_unzipped-U_PROCUREMENT_JustificationBook_Navy_PB_2020.xml","cc662e74a7de7213dcbbea2bd4856f29d0eced5cfd2f89546251c34f13f65079","0-b14a69e660ead2189b5e7fca7b3a4ecb7373bc521c8455d6db9cfd1bfddf180f","12624-2d04e3f2c0d5f421daa37db9675218473b7dc49e0f7be4970aa4b86c87745bac","root"
"TEST & CERTIFICATIONS, MISC.","","","2.313","","3.092","","","","","","","","","","","","","","","","2020-BASE_PROCUREMENT-2020-NAVY_SHIPBUILDINGANDCOVERSION-U_PROCUREMENT_JustificationBook_Navy_PB_2020.zzz_unzipped-U_PROCUREMENT_JustificationBook_Navy_PB_2020.xml","79df57bc99fb77f6f94f2d8202847567fc765bce66445ff4e4e663760799e6e1","0-62676a152ec940ebf4d0a494e0a7ae768bee739520069e43c39dd8ffd9ee8bc6","12629-3d8c5d1e76fb10712739a98d014b0e59b530c88a8a90ee96c988eb58527fd863","root"
"MISSION SYSTEM ENGR INTEGR & TEST (MSEIT)","","","","","","","","","132.51","","","","322.274","","","","","","","","2020-BASE_PROCUREMENT-2020-NAVY_SHIPBUILDINGANDCOVERSION-U_PROCUREMENT_JustificationBook_Navy_PB_2020.zzz_unzipped-U_PROCUREMENT_JustificationBook_Navy_PB_2020.xml","8644d6cf0ff072d3154c0109223402de2d9d8f52cc878b156fc73009c9601119","0-634d3575506910e05f00347b8a41236e904d7ee9892d34b54e22ed873d13a61c","12630-85983e0fddb6c58a88d0115e70e66668466caa1debda4d223caa9d10d5d43fa0","root"
"MISSION SYSTEM ACTIVATION","","","","","","","","","40.9","","","","114.891","","","","","","","","2020-BASE_PROCUREMENT-2020-NAVY_SHIPBUILDINGANDCOVERSION-U_PROCUREMENT_JustificationBook_Navy_PB_2020.zzz_unzipped-U_PROCUREMENT_JustificationBook_Navy_PB_2020.xml","8644d6cf0ff072d3154c0109223402de2d9d8f52cc878b156fc73009c9601119","1-084256f43a605b0728bf7757b44687dc5b7a4eb0086017f519eb1b0ef416d7e9","12630-85983e0fddb6c58a88d0115e70e66668466caa1debda4d223caa9d10d5d43fa0","root"
"SPARES","","","","","","","","","5.5","","","","10","","","","","","","","2020-BASE_PROCUREMENT-2020-NAVY_SHIPBUILDINGANDCOVERSION-U_PROCUREMENT_JustificationBook_Navy_PB_2020.zzz_unzipped-U_PROCUREMENT_JustificationBook_Navy_PB_2020.xml","8644d6cf0ff072d3154c0109223402de2d9d8f52cc878b156fc73009c9601119","2-11edb94f7e775b13edf20f2cd63b0b7f4ce4da836369c877849609a418235284","12630-85983e0fddb6c58a88d0115e70e66668466caa1debda4d223caa9d10d5d43fa0","root"
"MISC. ELECTRONICS","","63.815","64.952","37.051","89.356","50.059","63.678","","","","","","","3","","2","2","3","3","2","2020-BASE_PROCUREMENT-2020-NAVY_SHIPBUILDINGANDCOVERSION-U_PROCUREMENT_JustificationBook_Navy_PB_2020.zzz_unzipped-U_PROCUREMENT_JustificationBook_Navy_PB_2020.xml","f88449ebd51dedd31a2638fdba5e14252aa210ecf7ac5ea8d1c24b9a55389b12","0-8ecab363f3bc38a142bacf0d09c36b5ff7076f859827345990510d37fe46ff3c","12631-80ef3dd9bc28556129da10b16e57ba772ef8c010d6125b6566b9f66702d5454d","root"
"OTHER ELECTRONICS","","10.357","","11.944","10.533","10.798","12.284","","","","","","","","","","","","","3","2020-BASE_PROCUREMENT-2020-NAVY_SHIPBUILDINGANDCOVERSION-U_PROCUREMENT_JustificationBook_Navy_PB_2020.zzz_unzipped-U_PROCUREMENT_JustificationBook_Navy_PB_2020.xml","3a50af76787ade8e6e39ac7fb379b076ab9a8df59659f988b8b17ea8a6e28f09","0-f4b4b06328bea42dbcc2525a9b882422825ac1268ac8a7b8f7f60443c8b6471a","12632-a6d89756e42da3a1263550f7eceab5961bb939faaa8522cb32d5bff39891ca63","root"
"Other Electronics","","","30.395","","","","","","","","","","","","","","","","1","","2020-BASE_PROCUREMENT-2020-NAVY_SHIPBUILDINGANDCOVERSION-U_PROCUREMENT_JustificationBook_Navy_PB_2020.zzz_unzipped-U_PROCUREMENT_JustificationBook_Navy_PB_2020.xml","c28c27813a2cf7ded6b86fcbf9224130d193279ad60a95d269b6367bacde8fe9","0-8ed48afd0273cc8bf77a3416216a09927f658eacf9386e14c707481122472e93","12633-f6396dcffea2eee7defbd825fc92b460fdf406dc8a73a78d003cf6b69fc7128d","root"
"Miscellaneous Electronics","","","","34.267","","","","","","","","","","","","","","","","","2020-BASE_PROCUREMENT-2020-NAVY_SHIPBUILDINGANDCOVERSION-U_PROCUREMENT_JustificationBook_Navy_PB_2020.zzz_unzipped-U_PROCUREMENT_JustificationBook_Navy_PB_2020.xml","9c168386c667ef3d36f81563d2d4cc8667e0a613f9f857e619b298d98031ffd5","0-0e3c70ab9c2caa139d877113c7dac4d033f01fdbc0b9ccf202a19f4ca0352f4a","12634-63e4f732c4ea32fb07c2dfef9565cb532132eda28b681cb9db8303a0b1fcf281","root"
"IWS CSI","","","","3.259","","","","","","","","","","","","","","","","","2020-BASE_PROCUREMENT-2020-NAVY_SHIPBUILDINGANDCOVERSION-U_PROCUREMENT_JustificationBook_Navy_PB_2020.zzz_unzipped-U_PROCUREMENT_JustificationBook_Navy_PB_2020.xml","9c168386c667ef3d36f81563d2d4cc8667e0a613f9f857e619b298d98031ffd5","1-9d542e380c72fddc1510436a7837991cce2c6fca01b3c2c3ea44ab4f4c3a0303","12634-63e4f732c4ea32fb07c2dfef9565cb532132eda28b681cb9db8303a0b1fcf281","root"
"Other ELECTRONICS","","","14.842","15.375","","","","","","","","12.783","","","","","","","","","2020-BASE_PROCUREMENT-2020-NAVY_SHIPBUILDINGANDCOVERSION-U_PROCUREMENT_MasterJustificationBook_Navy_PB_2020.zzz_unzipped-U_PROCUREMENT_MasterJustificationBook_Navy_PB_2020.xml","d143fe01a081a0f255f6aad559f7bd427f9f1cc2ecd779a7e68acdbdf10f5453","0-411d068fdc1e57ccd52915314626b82a8776ab6edf5a37ed9c0a5806f423637e","12637-05f4d12841747c6fd36fe7e74d6e1e0e4f7d0db53eca42fc66ba30859ca4f0e0","root"
"Miscellaneous Electronics","","","","","","13.506","","","","","","","","","","","","","","","2020-BASE_PROCUREMENT-2020-NAVY_SHIPBUILDINGANDCOVERSION-U_PROCUREMENT_MasterJustificationBook_Navy_PB_2020.zzz_unzipped-U_PROCUREMENT_MasterJustificationBook_Navy_PB_2020.xml","1bf2304bf6786187c63030b5e02bf99a3fe02fecfde1e3c616fb0ae51dbeb198","0-ddbc214f852b73bc87af304999e24a1223bcd9bac4c97d64ebf22d44a2a08be3","12638-8f53b6def2cccad69c278d1079dbcc21f09f0d5a69be2fcf5c70fe4b1222dc6f","root"
"Miscellaneous Electronics","","","","","29.301","50.281","","","","","","","","","","","","","","","2020-BASE_PROCUREMENT-2020-NAVY_SHIPBUILDINGANDCOVERSION-U_PROCUREMENT_MasterJustificationBook_Navy_PB_2020.zzz_unzipped-U_PROCUREMENT_MasterJustificationBook_Navy_PB_2020.xml","e131c0f9c0cddd147c5f2a5af285d5a65223c9ab0a8e83cb610b0d4ae369c030","0-5d236228eb492d41186c7dc9a6d99a805c5f4fb5dde1e91e096c259a3cbe049d","12640-9609f00f5555b2955b30ca22ef1e3d7364e62d002ffe21ecde9ba9467ad758ff","root"
"IWS CSI","","","","","3.313","3.55","","","","","","","","","","","","","","","2020-BASE_PROCUREMENT-2020-NAVY_SHIPBUILDINGANDCOVERSION-U_PROCUREMENT_MasterJustificationBook_Navy_PB_2020.zzz_unzipped-U_PROCUREMENT_MasterJustificationBook_Navy_PB_2020.xml","e131c0f9c0cddd147c5f2a5af285d5a65223c9ab0a8e83cb610b0d4ae369c030","1-ae0422cf385400c0fd0fda392903214cf84316a5a36ddd3a5ebee08f61e2d968","12640-9609f00f5555b2955b30ca22ef1e3d7364e62d002ffe21ecde9ba9467ad758ff","root"
"Minor Systems","","","15.512","7.455","","","15.208","","","","","","","","","","","","","","2020-BASE_PROCUREMENT-2020-NAVY_SHIPBUILDINGANDCOVERSION-U_PROCUREMENT_MasterJustificationBook_Navy_PB_2020.zzz_unzipped-U_PROCUREMENT_MasterJustificationBook_Navy_PB_2020.xml","3e0661473e5ec15016509ed4fb0204ceeea1ce5351193ca1b59c307c60b5de03","0-8e8d4f24dded4f45b04c223e61ea8192651c0b226d1f16218ae4626cc885c97f","12641-65855b9ab5ecdbf8aa229e616236acb0b625bf4c69f4ed495cc223cd95944c7b","root"
"Misc Electronics","","2.338","3.804","2.437","2.384","2.392","2.486","2.292","","","","","","","2","","","","","","2020-BASE_PROCUREMENT-2020-NAVY_SHIPBUILDINGANDCOVERSION-U_PROCUREMENT_MasterJustificationBook_Navy_PB_2020.zzz_unzipped-U_PROCUREMENT_MasterJustificationBook_Navy_PB_2020.xml","6d2fd5af5b3d1649cd88586e00452843d436fea4cfb0f3c5af8f40c8bc8e1433","0-692d449992c77f70c8a04f1064b0461e47b3dc917927b9ebbf5da26e922c37cc","12648-ab5570dbc9911f234723555fe78353af8c1d1368c4cd569a91c38348bd8b6256","root"
"TEST & CERTIFICATIONS, MISC.","","","2.313","","3.092","","","","","","","","","","","","","","","","2020-BASE_PROCUREMENT-2020-NAVY_SHIPBUILDINGANDCOVERSION-U_PROCUREMENT_MasterJustificationBook_Navy_PB_2020.zzz_unzipped-U_PROCUREMENT_MasterJustificationBook_Navy_PB_2020.xml","53454ed154816f70057095a6ea7a42707220b000004458bda908b6e9eea36312","0-4d831ffec84e035e5be9b6eb20431952c5e61c105a303ccf4ee7eb222b89f7c3","12653-e4a0f85fb567b4e95344bba2c7218493fc865e936f3f0746c538f615cfd21db6","root"
"MISSION SYSTEM ENGR INTEGR & TEST (MSEIT)","","","","","","","","","132.51","","","","322.274","","","","","","","","2020-BASE_PROCUREMENT-2020-NAVY_SHIPBUILDINGANDCOVERSION-U_PROCUREMENT_MasterJustificationBook_Navy_PB_2020.zzz_unzipped-U_PROCUREMENT_MasterJustificationBook_Navy_PB_2020.xml","fa505ec92f383fcc1ed15c617e66a7a22b7d4afe96a0183b867c4406bbfec040","0-7178594b6d6f7d1197bb07395b749be7f3491effe8abae0518fb7593c1934f40","12654-9b4df0b2d900954183ae91f4ae9c9a88307fa4cc5382942de5d328893a3ccdfd","root"
"MISSION SYSTEM ACTIVATION","","","","","","","","","40.9","","","","114.891","","","","","","","","2020-BASE_PROCUREMENT-2020-NAVY_SHIPBUILDINGANDCOVERSION-U_PROCUREMENT_MasterJustificationBook_Navy_PB_2020.zzz_unzipped-U_PROCUREMENT_MasterJustificationBook_Navy_PB_2020.xml","fa505ec92f383fcc1ed15c617e66a7a22b7d4afe96a0183b867c4406bbfec040","1-9336fac0b13354ca0ca245278a5a1f862439454a507cc12cd2e1067fe08b7d59","12654-9b4df0b2d900954183ae91f4ae9c9a88307fa4cc5382942de5d328893a3ccdfd","root"
"SPARES","","","","","","","","","5.5","","","","10","","","","","","","","2020-BASE_PROCUREMENT-2020-NAVY_SHIPBUILDINGANDCOVERSION-U_PROCUREMENT_MasterJustificationBook_Navy_PB_2020.zzz_unzipped-U_PROCUREMENT_MasterJustificationBook_Navy_PB_2020.xml","fa505ec92f383fcc1ed15c617e66a7a22b7d4afe96a0183b867c4406bbfec040","2-261a3f8a9bdf20485f479a9c68d094edaadc78d8f66af7d30f1cc32ec3ab9e9e","12654-9b4df0b2d900954183ae91f4ae9c9a88307fa4cc5382942de5d328893a3ccdfd","root"
"MISC. ELECTRONICS","","63.815","64.952","37.051","89.356","50.059","63.678","","","","","","","3","","2","2","3","3","2","2020-BASE_PROCUREMENT-2020-NAVY_SHIPBUILDINGANDCOVERSION-U_PROCUREMENT_MasterJustificationBook_Navy_PB_2020.zzz_unzipped-U_PROCUREMENT_MasterJustificationBook_Navy_PB_2020.xml","5f09bad83be8d9935dfb8fbbbac4473f946bb03e639a64a10be47789f49d0473","0-225cdcaf78a23356d96e9f26e875cbd5e8942853982c8a65f53e8405f45c8004","12655-747774cbdaaa137c5a2f95b6971a731121c129af5aabb154b9fc86281a391891","root"
"OTHER ELECTRONICS","","10.357","","11.944","10.533","10.798","12.284","","","","","","","","","","","","","3","2020-BASE_PROCUREMENT-2020-NAVY_SHIPBUILDINGANDCOVERSION-U_PROCUREMENT_MasterJustificationBook_Navy_PB_2020.zzz_unzipped-U_PROCUREMENT_MasterJustificationBook_Navy_PB_2020.xml","aebdbec1d331d8cce6700e4da30a9b9bafcaa6b164c2778bde2d9687c6875bbf","0-8716ebb864a214c5c2a196a0f1559913633065646fea2dbfc07fb70a5635f243","12656-6f39636f3a34c8d00e813ef1c53ffb497ff364ebfceb0370c75c4ebeb51fed6a","root"
"Other Electronics","","","30.395","","","","","","","","","","","","","","","","1","","2020-BASE_PROCUREMENT-2020-NAVY_SHIPBUILDINGANDCOVERSION-U_PROCUREMENT_MasterJustificationBook_Navy_PB_2020.zzz_unzipped-U_PROCUREMENT_MasterJustificationBook_Navy_PB_2020.xml","e8fe4dd5e0be95240e0d086c5a917adf6e4464ec266a3ea1db82e27107e162d0","0-0d3f9f5b25327df517adf8148dc87a7cb1206be26ba473ba5c74678bb713f8af","12657-9dba221a3ead02e98194d98c2e37d006e8d75418f51e6c5c703aa9370efe0bf2","root"
"Miscellaneous Electronics","","","","34.267","","","","","","","","","","","","","","","","","2020-BASE_PROCUREMENT-2020-NAVY_SHIPBUILDINGANDCOVERSION-U_PROCUREMENT_MasterJustificationBook_Navy_PB_2020.zzz_unzipped-U_PROCUREMENT_MasterJustificationBook_Navy_PB_2020.xml","fede88ab6e4790d85bb219ffaa3eb2a124927ee5b9d8867aa75a8d6481dc6908","0-d1bea2b6575bff29895d26c90a782e87a92339c18ee2525d19c1fdf98b7d4b2a","12658-ac94d5d19640ed290cff5ce909c4390d3ae5f08d633fc372fb7483874f3a3ee6","root"
"IWS CSI","","","","3.259","","","","","","","","","","","","","","","","","2020-BASE_PROCUREMENT-2020-NAVY_SHIPBUILDINGANDCOVERSION-U_PROCUREMENT_MasterJustificationBook_Navy_PB_2020.zzz_unzipped-U_PROCUREMENT_MasterJustificationBook_Navy_PB_2020.xml","fede88ab6e4790d85bb219ffaa3eb2a124927ee5b9d8867aa75a8d6481dc6908","1-91dbac586a4b8083bd6bde0d2ba6e36d259de587061dcb122f6c8aaea8530b43","12658-ac94d5d19640ed290cff5ce909c4390d3ae5f08d633fc372fb7483874f3a3ee6","root"
