Name_val,Cost_Quantity_CurrentYear_val,Cost_Quantity_BudgetYearOneBase_val,Cost_Quantity_BudgetYearOne_val,Cost_Quantity_PriorYear_val,Cost_Quantity_BudgetYearTwo_val,Cost_Quantity_BudgetYearThree_val,Cost_Quantity_BudgetYearFour_val,Cost_Quantity_BudgetYearFive_val,Cost_TotalCost_CurrentYear_val,Cost_TotalCost_BudgetYearOneBase_val,Cost_TotalCost_BudgetYearOne_val,Cost_TotalCost_PriorYear_val,Cost_TotalCost_BudgetYearTwo_val,Cost_TotalCost_BudgetYearThree_val,Cost_TotalCost_BudgetYearFour_val,Cost_TotalCost_BudgetYearFive_val,@SOURCE_FILENAME,@RECORDID,@ROWID,@PARENTROWID,@PARENT
"Air Force Active","1","8","8","","","","","","0.9","6.718","6.718","","","","","","2015-BASE_PROCUREMENT-2015-AIRFORCE_AIRCRAFT_VOL2-PROCUREMENT_JustificationBook_Air_Force_PB_2015.zzz_unzipped-PROCUREMENT_JustificationBook_Air_Force_PB_2015.xml","64acb54550a4560598d7d665ce51dd7ecd276be3097259da048227510b8c8d9d","0-938245fecc8453ff4afaaeae3f1ed2f2415da384f5146057dfdb19d43285de22","0-140a215617c24f55cc916708d8d10a53778e7d1b435dbf8846ad786f15a2f78a","root.record.ItemExhibitList.P3AModificationItemGroup.ModificationItemList.ModificationItem.Installation.ImplementationMethodList.ImplementationMethod"
"Air Force Active","","2","2","","","","","","","0.66","0.66","","","","","","2015-BASE_PROCUREMENT-2015-AIRFORCE_AIRCRAFT_VOL2-PROCUREMENT_JustificationBook_Air_Force_PB_2015.zzz_unzipped-PROCUREMENT_JustificationBook_Air_Force_PB_2015.xml","64acb54550a4560598d7d665ce51dd7ecd276be3097259da048227510b8c8d9d","0-4f697caa33dfb7fb0204955521e7622e92b097389504595e602c94426eb13c75","1-3ad503a87b17e6dc1d1bff2d7b8a10e2487b306e79c53f2b9458e5eb7164c26e","root.record.ItemExhibitList.P3AModificationItemGroup.ModificationItemList.ModificationItem.Installation.ImplementationMethodList.ImplementationMethod"
"Air Force Active","6","","","","","","","","149.612","","","","","","","","2015-BASE_PROCUREMENT-2015-AIRFORCE_AIRCRAFT_VOL2-PROCUREMENT_JustificationBook_Air_Force_PB_2015.zzz_unzipped-PROCUREMENT_JustificationBook_Air_Force_PB_2015.xml","e049539817dd22b34918c2c0be8271bbbd79d6b6a486234ddff8e6be076c0e3d","0-c3986f3bd5cad9a5e12e3c4e9a9ad5efc167c3a93beb0a5862931c74d855b939","0-4d6f09acc821558c80bede1dc5cb3d1725f4707aa1ab4ce22dbd5dc21705de91","root.record.ItemExhibitList.P3AModificationItemGroup.ModificationItemList.ModificationItem.Installation.ImplementationMethodList.ImplementationMethod"
"Air Force Reserve","5","","","","","","","","124.676","","","","","","","","2015-BASE_PROCUREMENT-2015-AIRFORCE_AIRCRAFT_VOL2-PROCUREMENT_JustificationBook_Air_Force_PB_2015.zzz_unzipped-PROCUREMENT_JustificationBook_Air_Force_PB_2015.xml","e049539817dd22b34918c2c0be8271bbbd79d6b6a486234ddff8e6be076c0e3d","1-e963a887794064a246aee08547abc13e15eb2d10d2e657d803cf59e1a59495a0","0-4d6f09acc821558c80bede1dc5cb3d1725f4707aa1ab4ce22dbd5dc21705de91","root.record.ItemExhibitList.P3AModificationItemGroup.ModificationItemList.ModificationItem.Installation.ImplementationMethodList.ImplementationMethod"
"Air Force Active","","17","17","","","","","","","3.844","3.844","","","","","","2015-BASE_PROCUREMENT-2015-AIRFORCE_AIRCRAFT_VOL2-PROCUREMENT_JustificationBook_Air_Force_PB_2015.zzz_unzipped-PROCUREMENT_JustificationBook_Air_Force_PB_2015.xml","2c3a42ac96c574f3a05d311e38d1fd39e76b2eaa077eed338c2b56579168a566","0-3b5aa20e8859b9403189ab1a1cbef6cf67123c92e5dc40ab0302d3e4864f8b6b","0-ba6e82da78e9689faca709b902ecefa10c5196fb8bf2273d270fc68bf77a41ef","root.record.ItemExhibitList.P3AModificationItemGroup.ModificationItemList.ModificationItem.Installation.ImplementationMethodList.ImplementationMethod"
"Air National Guard","","3","3","","","","","","","0.678","0.678","","","","","","2015-BASE_PROCUREMENT-2015-AIRFORCE_AIRCRAFT_VOL2-PROCUREMENT_JustificationBook_Air_Force_PB_2015.zzz_unzipped-PROCUREMENT_JustificationBook_Air_Force_PB_2015.xml","2c3a42ac96c574f3a05d311e38d1fd39e76b2eaa077eed338c2b56579168a566","1-073614bf71eceefbe3513507d629c5fbb26ec165a7cbc4904b0d3ac5d06bc911","0-ba6e82da78e9689faca709b902ecefa10c5196fb8bf2273d270fc68bf77a41ef","root.record.ItemExhibitList.P3AModificationItemGroup.ModificationItemList.ModificationItem.Installation.ImplementationMethodList.ImplementationMethod"
"Air Force Reserve","","4","4","","","","","","","0.906","0.906","","","","","","2015-BASE_PROCUREMENT-2015-AIRFORCE_AIRCRAFT_VOL2-PROCUREMENT_JustificationBook_Air_Force_PB_2015.zzz_unzipped-PROCUREMENT_JustificationBook_Air_Force_PB_2015.xml","2c3a42ac96c574f3a05d311e38d1fd39e76b2eaa077eed338c2b56579168a566","2-95df4fa304feb3c953a6b1d874096db3eea7e9bb3de042fbace833e42548f5ad","0-ba6e82da78e9689faca709b902ecefa10c5196fb8bf2273d270fc68bf77a41ef","root.record.ItemExhibitList.P3AModificationItemGroup.ModificationItemList.ModificationItem.Installation.ImplementationMethodList.ImplementationMethod"
"Air Force Active","6","30","30","","","","","","2.187","9.615","9.615","","","","","","2015-BASE_PROCUREMENT-2015-AIRFORCE_AIRCRAFT_VOL2-PROCUREMENT_JustificationBook_Air_Force_PB_2015.zzz_unzipped-PROCUREMENT_JustificationBook_Air_Force_PB_2015.xml","2c3a42ac96c574f3a05d311e38d1fd39e76b2eaa077eed338c2b56579168a566","0-ea57bf765f36748dda62bbc576c4b865107cf7dc77434eb618a44cfe28bd51b5","0-3c5cb828cc3a022d8cfb7ecf70e10e16e573f516f89a67fdb15fe7240b6d01ab","root.record.ItemExhibitList.P3AModificationItemGroup.ModificationItemList.ModificationItem.Installation.ImplementationMethodList.ImplementationMethod"
"Air National Guard","","6","6","","","","","","","1.923","1.923","","","","","","2015-BASE_PROCUREMENT-2015-AIRFORCE_AIRCRAFT_VOL2-PROCUREMENT_JustificationBook_Air_Force_PB_2015.zzz_unzipped-PROCUREMENT_JustificationBook_Air_Force_PB_2015.xml","2c3a42ac96c574f3a05d311e38d1fd39e76b2eaa077eed338c2b56579168a566","1-5d96c884c23d07f5c55ccb7ebd738fea362b6de7f4e991d99ad22635f658d5f8","0-3c5cb828cc3a022d8cfb7ecf70e10e16e573f516f89a67fdb15fe7240b6d01ab","root.record.ItemExhibitList.P3AModificationItemGroup.ModificationItemList.ModificationItem.Installation.ImplementationMethodList.ImplementationMethod"
"Air Force Reserve","","30","30","","","","","","","9.615","9.615","","","","","","2015-BASE_PROCUREMENT-2015-AIRFORCE_AIRCRAFT_VOL2-PROCUREMENT_JustificationBook_Air_Force_PB_2015.zzz_unzipped-PROCUREMENT_JustificationBook_Air_Force_PB_2015.xml","2c3a42ac96c574f3a05d311e38d1fd39e76b2eaa077eed338c2b56579168a566","2-2fef24c0c112925a4051109d9dd7b86b32040b1e4fe51b7723f2530293277446","0-3c5cb828cc3a022d8cfb7ecf70e10e16e573f516f89a67fdb15fe7240b6d01ab","root.record.ItemExhibitList.P3AModificationItemGroup.ModificationItemList.ModificationItem.Installation.ImplementationMethodList.ImplementationMethod"
"Air Force Active","38","","","","","","","","1.447","","","","","","","","2015-BASE_PROCUREMENT-2015-AIRFORCE_AIRCRAFT_VOL2-PROCUREMENT_JustificationBook_Air_Force_PB_2015.zzz_unzipped-PROCUREMENT_JustificationBook_Air_Force_PB_2015.xml","2c3a42ac96c574f3a05d311e38d1fd39e76b2eaa077eed338c2b56579168a566","0-87c4e53d6f221774b0b1e92e1e107f6eb59e42db8ce7a12f2400bf0caed2d19e","0-dfc351b63dbea2a1d18ac1858ecee19942f5105b92312d5dafe85966af84778e","root.record.ItemExhibitList.P3AModificationItemGroup.ModificationItemList.ModificationItem.Installation.ImplementationMethodList.ImplementationMethod"
"Air Force Active","38","","","","","","","","0.000","","","","","","","","2015-BASE_PROCUREMENT-2015-AIRFORCE_AIRCRAFT_VOL2-PROCUREMENT_JustificationBook_Air_Force_PB_2015.zzz_unzipped-PROCUREMENT_JustificationBook_Air_Force_PB_2015.xml","2c3a42ac96c574f3a05d311e38d1fd39e76b2eaa077eed338c2b56579168a566","0-37053bc79aef34fa293a1c407dac1df4f555119d36821cedcfaee0bc689dcf10","0-c82589d27add76b0ffa465b994b7235a378c56d88e5434031f9ff8c17907a7c7","root.record.ItemExhibitList.P3AModificationItemGroup.ModificationItemList.ModificationItem.Installation.ImplementationMethodList.ImplementationMethod"
"Air Force Active","","0","0","0","","","","","","0.913","0.913","4.992","","","","","2015-BASE_PROCUREMENT-2015-AIRFORCE_AIRCRAFT_VOL2-PROCUREMENT_JustificationBook_Air_Force_PB_2015.zzz_unzipped-PROCUREMENT_JustificationBook_Air_Force_PB_2015.xml","ad2cbcd52887cfdbd4c4e64af0f936c986b469e78be0a9fa924477b8ad18fb8f","0-5b68e4aea5b098fe3705d876d6af09fd7dd2e4d7c40c08a1235344c9e8f548be","0-75da6ed1531778cca934a3732d0959f1b56b50141bd0951a4e2053767c5cc9c0","root.record.ItemExhibitList.P3AModificationItemGroup.ModificationItemList.ModificationItem.Installation.ImplementationMethodList.ImplementationMethod"
"Air National Guard","","","","0","","","","","","","","1.664","","","","","2015-BASE_PROCUREMENT-2015-AIRFORCE_AIRCRAFT_VOL2-PROCUREMENT_JustificationBook_Air_Force_PB_2015.zzz_unzipped-PROCUREMENT_JustificationBook_Air_Force_PB_2015.xml","ad2cbcd52887cfdbd4c4e64af0f936c986b469e78be0a9fa924477b8ad18fb8f","1-bbb8dcfb549dd3f4736012d1221eed5698177554e7cb95bffbaf25fffa4d361b","0-75da6ed1531778cca934a3732d0959f1b56b50141bd0951a4e2053767c5cc9c0","root.record.ItemExhibitList.P3AModificationItemGroup.ModificationItemList.ModificationItem.Installation.ImplementationMethodList.ImplementationMethod"
"Air Force Reserve","","","","0","","","","","","","","0.832","","","","","2015-BASE_PROCUREMENT-2015-AIRFORCE_AIRCRAFT_VOL2-PROCUREMENT_JustificationBook_Air_Force_PB_2015.zzz_unzipped-PROCUREMENT_JustificationBook_Air_Force_PB_2015.xml","ad2cbcd52887cfdbd4c4e64af0f936c986b469e78be0a9fa924477b8ad18fb8f","2-61ef8b6405a281684529982c638ed09c1ccf6638b01328073c9af6d52b6682e3","0-75da6ed1531778cca934a3732d0959f1b56b50141bd0951a4e2053767c5cc9c0","root.record.ItemExhibitList.P3AModificationItemGroup.ModificationItemList.ModificationItem.Installation.ImplementationMethodList.ImplementationMethod"
"Air Force Active","","","","0","","","","","","","","0.385","","","","","2015-BASE_PROCUREMENT-2015-AIRFORCE_AIRCRAFT_VOL2-PROCUREMENT_JustificationBook_Air_Force_PB_2015.zzz_unzipped-PROCUREMENT_JustificationBook_Air_Force_PB_2015.xml","ad2cbcd52887cfdbd4c4e64af0f936c986b469e78be0a9fa924477b8ad18fb8f","0-e7c62da3ac39ca68e6c7a6e8b0e8b935c950019da28bb780307bb4f4d6555c1b","0-b79bf2b054a44ebd37e9adc53b3f53fc78124c6f2666d7d87229a94e241e2a82","root.record.ItemExhibitList.P3AModificationItemGroup.ModificationItemList.ModificationItem.Installation.ImplementationMethodList.ImplementationMethod"
"Air Force Active","","0","0","","2","3","0","0","","4.975","4.975","","12.483","0.000","0.000","0.000","2015-BASE_PROCUREMENT-2015-AIRFORCE_AIRCRAFT_VOL2-PROCUREMENT_JustificationBook_Air_Force_PB_2015.zzz_unzipped-PROCUREMENT_JustificationBook_Air_Force_PB_2015.xml","f95a686895e7fa3d37923c2b920ccf43d5ee240504c1f66a1de53572ac91a145","0-d9d6dbee6853f1e91b930216fdea01b2c83f164210c35432462401f881c10a80","0-a1d5f68033a132af804481335cce82aea47f6d1f81a340e70da8bcec8303b060","root.record.ItemExhibitList.P3AModificationItemGroup.ModificationItemList.ModificationItem.Installation.ImplementationMethodList.ImplementationMethod"
"Air Force Active","","8","8","","","","","","","4.179","4.179","","","","","","2015-BASE_PROCUREMENT-2015-AIRFORCE_AIRCRAFT_VOL2-PROCUREMENT_JustificationBook_Air_Force_PB_2015.zzz_unzipped-PROCUREMENT_JustificationBook_Air_Force_PB_2015.xml","4f10c9d75af1ff7f39d3312af79b465fcb001e31cfa449ec049bea6f08f73af1","0-33e1be250f8f47c53e6447dc4562612c43afa1e1778c8e205c8eeac14a2feb79","0-9c397efb06098246a21cd1aa8fceeb721fb5548f531f9aef3fa07462542743af","root.record.ItemExhibitList.P3AModificationItemGroup.ModificationItemList.ModificationItem.Installation.ImplementationMethodList.ImplementationMethod"
"Air National Guard","","8","8","","","","","","","4.179","4.179","","","","","","2015-BASE_PROCUREMENT-2015-AIRFORCE_AIRCRAFT_VOL2-PROCUREMENT_JustificationBook_Air_Force_PB_2015.zzz_unzipped-PROCUREMENT_JustificationBook_Air_Force_PB_2015.xml","4f10c9d75af1ff7f39d3312af79b465fcb001e31cfa449ec049bea6f08f73af1","1-310b8fe9a15088488460d15c04ac1ae0fb5ed618b9d74cc1f1bfc1cf6615ca35","0-9c397efb06098246a21cd1aa8fceeb721fb5548f531f9aef3fa07462542743af","root.record.ItemExhibitList.P3AModificationItemGroup.ModificationItemList.ModificationItem.Installation.ImplementationMethodList.ImplementationMethod"
"Air Force Reserve","","3","3","","","","","","","1.568","1.568","","","","","","2015-BASE_PROCUREMENT-2015-AIRFORCE_AIRCRAFT_VOL2-PROCUREMENT_JustificationBook_Air_Force_PB_2015.zzz_unzipped-PROCUREMENT_JustificationBook_Air_Force_PB_2015.xml","4f10c9d75af1ff7f39d3312af79b465fcb001e31cfa449ec049bea6f08f73af1","2-7652207ca17439530bb54381453324b36445d2838879a51683dee9c3e31b3ebd","0-9c397efb06098246a21cd1aa8fceeb721fb5548f531f9aef3fa07462542743af","root.record.ItemExhibitList.P3AModificationItemGroup.ModificationItemList.ModificationItem.Installation.ImplementationMethodList.ImplementationMethod"
"Air Force Active","","7","7","","","","","","","4.991","4.991","","","","","","2015-BASE_PROCUREMENT-2015-AIRFORCE_AIRCRAFT_VOL2-PROCUREMENT_JustificationBook_Air_Force_PB_2015.zzz_unzipped-PROCUREMENT_JustificationBook_Air_Force_PB_2015.xml","37a9176d6819849bcd695141407bcbea7c3c0b02a6c4bbb6d05d22c664d601c4","0-a35418bbf5f4ffbf5080dab07aa38f9f5d42873836562fdbcbab035002ca9540","0-2eadcfd1af4c0bb70bcedb5a6b7ce1f944ea2eab553fb3dd76774a0f67e87963","root.record.ItemExhibitList.P3AModificationItemGroup.ModificationItemList.ModificationItem.Installation.ImplementationMethodList.ImplementationMethod"
"Air Force Active","","10","10","","","","","","","1.217","1.217","","","","","","2015-BASE_PROCUREMENT-2015-AIRFORCE_AIRCRAFT_VOL2-PROCUREMENT_JustificationBook_Air_Force_PB_2015.zzz_unzipped-PROCUREMENT_JustificationBook_Air_Force_PB_2015.xml","37a9176d6819849bcd695141407bcbea7c3c0b02a6c4bbb6d05d22c664d601c4","0-404c296f5a0d4fd4e8a80f6b98ee9d36e272b4754aedee683d11e07a1d439a22","0-71a864868a49462f157ae920882d856bd4fe30b525f8b2b9be605a127959b8ae","root.record.ItemExhibitList.P3AModificationItemGroup.ModificationItemList.ModificationItem.Installation.ImplementationMethodList.ImplementationMethod"
"Air Force Active","50","","","","","","","","2.202","","","","","","","","2015-BASE_PROCUREMENT-2015-AIRFORCE_AIRCRAFT_VOL2-PROCUREMENT_JustificationBook_Air_Force_PB_2015.zzz_unzipped-PROCUREMENT_JustificationBook_Air_Force_PB_2015.xml","37a9176d6819849bcd695141407bcbea7c3c0b02a6c4bbb6d05d22c664d601c4","0-fc170667d222581534c915f0504744ce3ed868236cd35bfbbcd2b7a3cc0b3992","0-cc5938c58a9d877b9bb9767f116cb695ac4b009c855b9f210703900e6c1e2e1d","root.record.ItemExhibitList.P3AModificationItemGroup.ModificationItemList.ModificationItem.Installation.ImplementationMethodList.ImplementationMethod"
"Air National Guard","","","","","2","9","","","","","","","0.778","4.179","","","2015-BASE_PROCUREMENT-2015-AIRFORCE_AIRCRAFT_VOL2-PROCUREMENT_JustificationBook_Air_Force_PB_2015.zzz_unzipped-PROCUREMENT_JustificationBook_Air_Force_PB_2015.xml","a8005ce497b4d26a96a0a73b3a202cd9ad0d2cb8833efae151bef5451667fd9e","0-954fe58f90302d3b5b008edfeb9a78640b868a2e6699413a04dc15a642c6b0da","0-16e8642ec49813632ce63a15c3d484e69ab13a63ea9110f608be6b0097f4701b","root.record.ItemExhibitList.P3AModificationItemGroup.ModificationItemList.ModificationItem.Installation.ImplementationMethodList.ImplementationMethod"
"Air Force Active","","","","442","","","","","","","","59.508","","","","","2015-BASE_PROCUREMENT-2015-AIRFORCE_AIRCRAFT_VOL2-PROCUREMENT_JustificationBook_Air_Force_PB_2015.zzz_unzipped-PROCUREMENT_JustificationBook_Air_Force_PB_2015.xml","a8005ce497b4d26a96a0a73b3a202cd9ad0d2cb8833efae151bef5451667fd9e","0-b974472b972c900ddbccbac323bd52b80b0cb500a80cfe25e426b75ff9a62d65","1-36c37572f6bc3a8825fbd52bd060f4c1c3da0ee774ba3077b1cd1c1a7d6cb584","root.record.ItemExhibitList.P3AModificationItemGroup.ModificationItemList.ModificationItem.Installation.ImplementationMethodList.ImplementationMethod"
"Air National Guard","","","","59","","","","","","","","2.6","","","","","2015-BASE_PROCUREMENT-2015-AIRFORCE_AIRCRAFT_VOL2-PROCUREMENT_JustificationBook_Air_Force_PB_2015.zzz_unzipped-PROCUREMENT_JustificationBook_Air_Force_PB_2015.xml","a8005ce497b4d26a96a0a73b3a202cd9ad0d2cb8833efae151bef5451667fd9e","1-37403d7ecf69e07dd3241331d82a65e6b72bdcbbe6d2a40d44f2898a0248a034","1-36c37572f6bc3a8825fbd52bd060f4c1c3da0ee774ba3077b1cd1c1a7d6cb584","root.record.ItemExhibitList.P3AModificationItemGroup.ModificationItemList.ModificationItem.Installation.ImplementationMethodList.ImplementationMethod"
"Air Force Active","100","","","","","","","","4.667","","","","","","","","2015-BASE_PROCUREMENT-2015-AIRFORCE_AIRCRAFT_VOL2-PROCUREMENT_JustificationBook_Air_Force_PB_2015.zzz_unzipped-PROCUREMENT_JustificationBook_Air_Force_PB_2015.xml","a8005ce497b4d26a96a0a73b3a202cd9ad0d2cb8833efae151bef5451667fd9e","0-2024e4fd0d0c179bdb34458b3779d934efadf2dceaa8dfcdbc69d148a1e33ca7","1-edd9cca754443821e399b06d86d96c3537d6a0ca1f422dd73568ba96948720eb","root.record.ItemExhibitList.P3AModificationItemGroup.ModificationItemList.ModificationItem.Installation.ImplementationMethodList.ImplementationMethod"
"Air National Guard","96","","","","","","","","0.069","","","","","","","","2015-BASE_PROCUREMENT-2015-AIRFORCE_AIRCRAFT_VOL2-PROCUREMENT_JustificationBook_Air_Force_PB_2015.zzz_unzipped-PROCUREMENT_JustificationBook_Air_Force_PB_2015.xml","a8005ce497b4d26a96a0a73b3a202cd9ad0d2cb8833efae151bef5451667fd9e","1-ea0b6b5280aab9e1a6233d45e624c8bc2a31abf1ea6705206b312b10bf0e60e3","1-edd9cca754443821e399b06d86d96c3537d6a0ca1f422dd73568ba96948720eb","root.record.ItemExhibitList.P3AModificationItemGroup.ModificationItemList.ModificationItem.Installation.ImplementationMethodList.ImplementationMethod"
"Air Force Active","15","15","15","","","","","","16.341","18.019","18.019","","","","","","2015-BASE_PROCUREMENT-2015-AIRFORCE_AIRCRAFT_VOL2-PROCUREMENT_JustificationBook_Air_Force_PB_2015.zzz_unzipped-PROCUREMENT_JustificationBook_Air_Force_PB_2015.xml","a8005ce497b4d26a96a0a73b3a202cd9ad0d2cb8833efae151bef5451667fd9e","0-4c3cbb3c9f84c154fbfc778f6a8c3112c49921916770809d11c56aac223a3a60","0-948a3971041d7a4b8dbd3b76c0da209aa786bc60d9d3d57e4ad1c7fb3660b0e1","root.record.ItemExhibitList.P3AModificationItemGroup.ModificationItemList.ModificationItem.Installation.ImplementationMethodList.ImplementationMethod"
"Air National Guard","3","","","","","","","","5.727","","","","","","","","2015-BASE_PROCUREMENT-2015-AIRFORCE_AIRCRAFT_VOL2-PROCUREMENT_JustificationBook_Air_Force_PB_2015.zzz_unzipped-PROCUREMENT_JustificationBook_Air_Force_PB_2015.xml","a8005ce497b4d26a96a0a73b3a202cd9ad0d2cb8833efae151bef5451667fd9e","1-5bdfa785a294c7c6fc8a3458a91c6717d2095d1095c3e514f3cb57e642d5e9b1","0-948a3971041d7a4b8dbd3b76c0da209aa786bc60d9d3d57e4ad1c7fb3660b0e1","root.record.ItemExhibitList.P3AModificationItemGroup.ModificationItemList.ModificationItem.Installation.ImplementationMethodList.ImplementationMethod"
"Air Force Active","12","","","","","","","","8.84","","","","","","","","2015-BASE_PROCUREMENT-2015-AIRFORCE_AIRCRAFT_VOL2-PROCUREMENT_JustificationBook_Air_Force_PB_2015.zzz_unzipped-PROCUREMENT_JustificationBook_Air_Force_PB_2015.xml","a8005ce497b4d26a96a0a73b3a202cd9ad0d2cb8833efae151bef5451667fd9e","0-b5076fd227e8ba01dedcb14adb204dd35f67eaa98b63c859c4e8e423b9d89747","0-66801fe411f22d9665e3e7bd84df272d1e20afcf9849aa324bb688dcb3c2862b","root.record.ItemExhibitList.P3AModificationItemGroup.ModificationItemList.ModificationItem.Installation.ImplementationMethodList.ImplementationMethod"
"Air Force Active","1","8","8","","","","","","0.9","6.718","6.718","","","","","","2015-BASE_PROCUREMENT-2015-AIRFORCE_AIRCRAFT_VOL2-PROCUREMENT_MasterJustificationBook_Air_Force_PB_2015.zzz_unzipped-PROCUREMENT_MasterJustificationBook_Air_Force_PB_2015.xml","ca9f1e9f848e67edf7e34b76ad9b05e59dfcbeb190b54cb2ec2a178aeaaa3bfa","0-2ee0de6dcadb124b5a8ea6baf5a3250e558d160797200ad636ca6d8ee1ba844d","0-b20af3f7fce801ee236ede6b44ff3e066b6b8bdd73d2237a0b074e968acfa312","root.record.ItemExhibitList.P3AModificationItemGroup.ModificationItemList.ModificationItem.Installation.ImplementationMethodList.ImplementationMethod"
"Air Force Active","","2","2","","","","","","","0.66","0.66","","","","","","2015-BASE_PROCUREMENT-2015-AIRFORCE_AIRCRAFT_VOL2-PROCUREMENT_MasterJustificationBook_Air_Force_PB_2015.zzz_unzipped-PROCUREMENT_MasterJustificationBook_Air_Force_PB_2015.xml","ca9f1e9f848e67edf7e34b76ad9b05e59dfcbeb190b54cb2ec2a178aeaaa3bfa","0-32b03cecb0ad1db8635c900c3a6bd6de23a80cca8cc00cebbbb668c628fa9cb3","1-e0a15bd0e800520f6315a1bf513222fba2ce3d2093ad9e9d27c062e08729e861","root.record.ItemExhibitList.P3AModificationItemGroup.ModificationItemList.ModificationItem.Installation.ImplementationMethodList.ImplementationMethod"
"Air Force Active","6","","","","","","","","149.612","","","","","","","","2015-BASE_PROCUREMENT-2015-AIRFORCE_AIRCRAFT_VOL2-PROCUREMENT_MasterJustificationBook_Air_Force_PB_2015.zzz_unzipped-PROCUREMENT_MasterJustificationBook_Air_Force_PB_2015.xml","aa1014d1730217cf58bd0eb1cf9155036af0caca57bd2ece54304d573c8411a2","0-751da84543f6c522cfd20e16a6e69a77b3945644abdd2724c28ef82d2c543211","0-ff6809c6dc55a4087cfee6041f80b6a61e9d1ea5df8ed3616a4584899cf244f7","root.record.ItemExhibitList.P3AModificationItemGroup.ModificationItemList.ModificationItem.Installation.ImplementationMethodList.ImplementationMethod"
"Air Force Reserve","5","","","","","","","","124.676","","","","","","","","2015-BASE_PROCUREMENT-2015-AIRFORCE_AIRCRAFT_VOL2-PROCUREMENT_MasterJustificationBook_Air_Force_PB_2015.zzz_unzipped-PROCUREMENT_MasterJustificationBook_Air_Force_PB_2015.xml","aa1014d1730217cf58bd0eb1cf9155036af0caca57bd2ece54304d573c8411a2","1-290abce5e5e5c49db8f90420c599f352dbe24a839afa3b00ab515019eeb18633","0-ff6809c6dc55a4087cfee6041f80b6a61e9d1ea5df8ed3616a4584899cf244f7","root.record.ItemExhibitList.P3AModificationItemGroup.ModificationItemList.ModificationItem.Installation.ImplementationMethodList.ImplementationMethod"
"Air Force Active","","17","17","","","","","","","3.844","3.844","","","","","","2015-BASE_PROCUREMENT-2015-AIRFORCE_AIRCRAFT_VOL2-PROCUREMENT_MasterJustificationBook_Air_Force_PB_2015.zzz_unzipped-PROCUREMENT_MasterJustificationBook_Air_Force_PB_2015.xml","e0b4c68aca5bcb28bf2a8d6314af11bf878587e1d5636a46ade0d81891a819a1","0-9343df1d492791201c1dd0235ef8f502c7fc3996d15e35c2cd07bf491c6679b0","0-2af44daf31ad17b16c95e8c9e15c7afc182d9aad030891cb2973457b4cce1e4b","root.record.ItemExhibitList.P3AModificationItemGroup.ModificationItemList.ModificationItem.Installation.ImplementationMethodList.ImplementationMethod"
"Air National Guard","","3","3","","","","","","","0.678","0.678","","","","","","2015-BASE_PROCUREMENT-2015-AIRFORCE_AIRCRAFT_VOL2-PROCUREMENT_MasterJustificationBook_Air_Force_PB_2015.zzz_unzipped-PROCUREMENT_MasterJustificationBook_Air_Force_PB_2015.xml","e0b4c68aca5bcb28bf2a8d6314af11bf878587e1d5636a46ade0d81891a819a1","1-37919bca55d3b0e51683cbcb527120e1b117f7a69164de8fba0be26072e759f0","0-2af44daf31ad17b16c95e8c9e15c7afc182d9aad030891cb2973457b4cce1e4b","root.record.ItemExhibitList.P3AModificationItemGroup.ModificationItemList.ModificationItem.Installation.ImplementationMethodList.ImplementationMethod"
"Air Force Reserve","","4","4","","","","","","","0.906","0.906","","","","","","2015-BASE_PROCUREMENT-2015-AIRFORCE_AIRCRAFT_VOL2-PROCUREMENT_MasterJustificationBook_Air_Force_PB_2015.zzz_unzipped-PROCUREMENT_MasterJustificationBook_Air_Force_PB_2015.xml","e0b4c68aca5bcb28bf2a8d6314af11bf878587e1d5636a46ade0d81891a819a1","2-3bd53cb8201ee674f34ab9134d60cd341295261e5e6b2d5e4676ef863f29b96d","0-2af44daf31ad17b16c95e8c9e15c7afc182d9aad030891cb2973457b4cce1e4b","root.record.ItemExhibitList.P3AModificationItemGroup.ModificationItemList.ModificationItem.Installation.ImplementationMethodList.ImplementationMethod"
"Air Force Active","6","30","30","","","","","","2.187","9.615","9.615","","","","","","2015-BASE_PROCUREMENT-2015-AIRFORCE_AIRCRAFT_VOL2-PROCUREMENT_MasterJustificationBook_Air_Force_PB_2015.zzz_unzipped-PROCUREMENT_MasterJustificationBook_Air_Force_PB_2015.xml","e0b4c68aca5bcb28bf2a8d6314af11bf878587e1d5636a46ade0d81891a819a1","0-cdd2bbf3781276d7345c22b6598e94a5ab63ec646b4d1d5dcc806ffa5add8b87","0-79c50709cc7ae51f5ccdeb6b30525a3acd4748cd203a8f231f529fc485387875","root.record.ItemExhibitList.P3AModificationItemGroup.ModificationItemList.ModificationItem.Installation.ImplementationMethodList.ImplementationMethod"
"Air National Guard","","6","6","","","","","","","1.923","1.923","","","","","","2015-BASE_PROCUREMENT-2015-AIRFORCE_AIRCRAFT_VOL2-PROCUREMENT_MasterJustificationBook_Air_Force_PB_2015.zzz_unzipped-PROCUREMENT_MasterJustificationBook_Air_Force_PB_2015.xml","e0b4c68aca5bcb28bf2a8d6314af11bf878587e1d5636a46ade0d81891a819a1","1-8f29d0bfaf2735965ee1ff44f166c5e863c960750565ed0b18c53513e7ef7dd9","0-79c50709cc7ae51f5ccdeb6b30525a3acd4748cd203a8f231f529fc485387875","root.record.ItemExhibitList.P3AModificationItemGroup.ModificationItemList.ModificationItem.Installation.ImplementationMethodList.ImplementationMethod"
"Air Force Reserve","","30","30","","","","","","","9.615","9.615","","","","","","2015-BASE_PROCUREMENT-2015-AIRFORCE_AIRCRAFT_VOL2-PROCUREMENT_MasterJustificationBook_Air_Force_PB_2015.zzz_unzipped-PROCUREMENT_MasterJustificationBook_Air_Force_PB_2015.xml","e0b4c68aca5bcb28bf2a8d6314af11bf878587e1d5636a46ade0d81891a819a1","2-86f58ebe6457b5170ec16a4697970317d37ed66b9f29cb92f4f314eb320723c8","0-79c50709cc7ae51f5ccdeb6b30525a3acd4748cd203a8f231f529fc485387875","root.record.ItemExhibitList.P3AModificationItemGroup.ModificationItemList.ModificationItem.Installation.ImplementationMethodList.ImplementationMethod"
"Air Force Active","38","","","","","","","","1.447","","","","","","","","2015-BASE_PROCUREMENT-2015-AIRFORCE_AIRCRAFT_VOL2-PROCUREMENT_MasterJustificationBook_Air_Force_PB_2015.zzz_unzipped-PROCUREMENT_MasterJustificationBook_Air_Force_PB_2015.xml","e0b4c68aca5bcb28bf2a8d6314af11bf878587e1d5636a46ade0d81891a819a1","0-10d096418cc27ad24abd6c9ec667b5d863bcdb710cc37e63452fd6ecfdde584e","0-45f341e58b3e6aeddcd9c0492f136b0013b0884e382554166b40c749f629d2fe","root.record.ItemExhibitList.P3AModificationItemGroup.ModificationItemList.ModificationItem.Installation.ImplementationMethodList.ImplementationMethod"
"Air Force Active","38","","","","","","","","0.000","","","","","","","","2015-BASE_PROCUREMENT-2015-AIRFORCE_AIRCRAFT_VOL2-PROCUREMENT_MasterJustificationBook_Air_Force_PB_2015.zzz_unzipped-PROCUREMENT_MasterJustificationBook_Air_Force_PB_2015.xml","e0b4c68aca5bcb28bf2a8d6314af11bf878587e1d5636a46ade0d81891a819a1","0-e36fb475661a12be999c0ac9413a01c492cc8fba93b7ae4205277ceb9cded383","0-e1d557c1752043762c253acfa6aaf50536893f79fd3f90b97601aefe27a6f026","root.record.ItemExhibitList.P3AModificationItemGroup.ModificationItemList.ModificationItem.Installation.ImplementationMethodList.ImplementationMethod"
"Air Force Active","","0","0","0","","","","","","0.913","0.913","4.992","","","","","2015-BASE_PROCUREMENT-2015-AIRFORCE_AIRCRAFT_VOL2-PROCUREMENT_MasterJustificationBook_Air_Force_PB_2015.zzz_unzipped-PROCUREMENT_MasterJustificationBook_Air_Force_PB_2015.xml","915b03b5c79079cef74c1f5fed99ff94d2a961666ffa690a638fb838766b41c1","0-1f97cb5d4cd52a8510d5258cab7d2c6dcd1666602d7f1f83f21ee8456035f47f","0-35bbc41e67079c75d5ec87d60049998e081bda19cbf63fbe0a3966e3013618e9","root.record.ItemExhibitList.P3AModificationItemGroup.ModificationItemList.ModificationItem.Installation.ImplementationMethodList.ImplementationMethod"
"Air National Guard","","","","0","","","","","","","","1.664","","","","","2015-BASE_PROCUREMENT-2015-AIRFORCE_AIRCRAFT_VOL2-PROCUREMENT_MasterJustificationBook_Air_Force_PB_2015.zzz_unzipped-PROCUREMENT_MasterJustificationBook_Air_Force_PB_2015.xml","915b03b5c79079cef74c1f5fed99ff94d2a961666ffa690a638fb838766b41c1","1-d1f6759be7baab92099cda3d4e9f054f39930ac4d163a02f46cf28efb31953f5","0-35bbc41e67079c75d5ec87d60049998e081bda19cbf63fbe0a3966e3013618e9","root.record.ItemExhibitList.P3AModificationItemGroup.ModificationItemList.ModificationItem.Installation.ImplementationMethodList.ImplementationMethod"
"Air Force Reserve","","","","0","","","","","","","","0.832","","","","","2015-BASE_PROCUREMENT-2015-AIRFORCE_AIRCRAFT_VOL2-PROCUREMENT_MasterJustificationBook_Air_Force_PB_2015.zzz_unzipped-PROCUREMENT_MasterJustificationBook_Air_Force_PB_2015.xml","915b03b5c79079cef74c1f5fed99ff94d2a961666ffa690a638fb838766b41c1","2-bb519ecf2daac7a952b8262240117ddb5d4298e790313d9343bf6b62d3aec8ff","0-35bbc41e67079c75d5ec87d60049998e081bda19cbf63fbe0a3966e3013618e9","root.record.ItemExhibitList.P3AModificationItemGroup.ModificationItemList.ModificationItem.Installation.ImplementationMethodList.ImplementationMethod"
"Air Force Active","","","","0","","","","","","","","0.385","","","","","2015-BASE_PROCUREMENT-2015-AIRFORCE_AIRCRAFT_VOL2-PROCUREMENT_MasterJustificationBook_Air_Force_PB_2015.zzz_unzipped-PROCUREMENT_MasterJustificationBook_Air_Force_PB_2015.xml","915b03b5c79079cef74c1f5fed99ff94d2a961666ffa690a638fb838766b41c1","0-8d61e07d0628ba68ec402005f2e5511eba09b281a3474e8ca417bc37347a1345","0-a8ab76dc58749226c5776a2ca8659ecb72254189fcf4516c93a87c139c1a4c27","root.record.ItemExhibitList.P3AModificationItemGroup.ModificationItemList.ModificationItem.Installation.ImplementationMethodList.ImplementationMethod"
"Air Force Active","","0","0","","2","3","0","0","","4.975","4.975","","12.483","0.000","0.000","0.000","2015-BASE_PROCUREMENT-2015-AIRFORCE_AIRCRAFT_VOL2-PROCUREMENT_MasterJustificationBook_Air_Force_PB_2015.zzz_unzipped-PROCUREMENT_MasterJustificationBook_Air_Force_PB_2015.xml","f589edbc06d76a4949c8665cea83963e382985d5b4eea11b3a6abcd51d15beb8","0-02603a3750e9904dc7844dd6d89e2000340f0fee916298daef03fa80ba146f70","0-64a2fd56234843f8866504fe4992cb533bd489d196f54c8fc11575019a331390","root.record.ItemExhibitList.P3AModificationItemGroup.ModificationItemList.ModificationItem.Installation.ImplementationMethodList.ImplementationMethod"
"Air Force Active","","8","8","","","","","","","4.179","4.179","","","","","","2015-BASE_PROCUREMENT-2015-AIRFORCE_AIRCRAFT_VOL2-PROCUREMENT_MasterJustificationBook_Air_Force_PB_2015.zzz_unzipped-PROCUREMENT_MasterJustificationBook_Air_Force_PB_2015.xml","1d0ff418bd7c6cd4e0e89bd791631b1a3c0f2af4c9f1aa7bb064636a8d9f282b","0-2ce988906a63713939c16bfc35836648d02838afe4f9283abdf2e7a21c1ef862","0-ddcfefe851245ba8622ec72087784534c1a02b321d3e4f3d653710b93cb4ab20","root.record.ItemExhibitList.P3AModificationItemGroup.ModificationItemList.ModificationItem.Installation.ImplementationMethodList.ImplementationMethod"
"Air National Guard","","8","8","","","","","","","4.179","4.179","","","","","","2015-BASE_PROCUREMENT-2015-AIRFORCE_AIRCRAFT_VOL2-PROCUREMENT_MasterJustificationBook_Air_Force_PB_2015.zzz_unzipped-PROCUREMENT_MasterJustificationBook_Air_Force_PB_2015.xml","1d0ff418bd7c6cd4e0e89bd791631b1a3c0f2af4c9f1aa7bb064636a8d9f282b","1-98a195e5c4db5832f00ed0159db95a2586fe52aef67178052ae59af3133a9857","0-ddcfefe851245ba8622ec72087784534c1a02b321d3e4f3d653710b93cb4ab20","root.record.ItemExhibitList.P3AModificationItemGroup.ModificationItemList.ModificationItem.Installation.ImplementationMethodList.ImplementationMethod"
"Air Force Reserve","","3","3","","","","","","","1.568","1.568","","","","","","2015-BASE_PROCUREMENT-2015-AIRFORCE_AIRCRAFT_VOL2-PROCUREMENT_MasterJustificationBook_Air_Force_PB_2015.zzz_unzipped-PROCUREMENT_MasterJustificationBook_Air_Force_PB_2015.xml","1d0ff418bd7c6cd4e0e89bd791631b1a3c0f2af4c9f1aa7bb064636a8d9f282b","2-7011c5ff5125e276a04abd3c74d8dbff519448b0fadecd2975ea08620233a6f2","0-ddcfefe851245ba8622ec72087784534c1a02b321d3e4f3d653710b93cb4ab20","root.record.ItemExhibitList.P3AModificationItemGroup.ModificationItemList.ModificationItem.Installation.ImplementationMethodList.ImplementationMethod"
"Air Force Active","","7","7","","","","","","","4.991","4.991","","","","","","2015-BASE_PROCUREMENT-2015-AIRFORCE_AIRCRAFT_VOL2-PROCUREMENT_MasterJustificationBook_Air_Force_PB_2015.zzz_unzipped-PROCUREMENT_MasterJustificationBook_Air_Force_PB_2015.xml","855eae1cbb61b6501bc214ee71975773395e237741d724826b960bf4c434431a","0-0a6662fcc274dc738f998ec2f0ca1f6570ef0cbb3f3e8adaf984c757ede74d94","0-083f48dd151faaeba0c615d477fe6f6b2d7c081054b352062131a2713015801f","root.record.ItemExhibitList.P3AModificationItemGroup.ModificationItemList.ModificationItem.Installation.ImplementationMethodList.ImplementationMethod"
"Air Force Active","","10","10","","","","","","","1.217","1.217","","","","","","2015-BASE_PROCUREMENT-2015-AIRFORCE_AIRCRAFT_VOL2-PROCUREMENT_MasterJustificationBook_Air_Force_PB_2015.zzz_unzipped-PROCUREMENT_MasterJustificationBook_Air_Force_PB_2015.xml","855eae1cbb61b6501bc214ee71975773395e237741d724826b960bf4c434431a","0-bf1c6f0d98d747b1b4ef18c539a0c7fdd4e4920e226325385b94df7c63112dbe","0-12bf351e877c6961565f40064a2629e84ac5f49a3b3e8e468ccaac8da26e023c","root.record.ItemExhibitList.P3AModificationItemGroup.ModificationItemList.ModificationItem.Installation.ImplementationMethodList.ImplementationMethod"
"Air Force Active","50","","","","","","","","2.202","","","","","","","","2015-BASE_PROCUREMENT-2015-AIRFORCE_AIRCRAFT_VOL2-PROCUREMENT_MasterJustificationBook_Air_Force_PB_2015.zzz_unzipped-PROCUREMENT_MasterJustificationBook_Air_Force_PB_2015.xml","855eae1cbb61b6501bc214ee71975773395e237741d724826b960bf4c434431a","0-956bc76032054e58c81ad5160fc2cb62e3038527b17aa21695b5e8b004010c2e","0-3b0d6020dd864f34afd591d82d05f066013a8621b5d8486e1916ae5c6234fd7a","root.record.ItemExhibitList.P3AModificationItemGroup.ModificationItemList.ModificationItem.Installation.ImplementationMethodList.ImplementationMethod"
"Air National Guard","","","","","2","9","","","","","","","0.778","4.179","","","2015-BASE_PROCUREMENT-2015-AIRFORCE_AIRCRAFT_VOL2-PROCUREMENT_MasterJustificationBook_Air_Force_PB_2015.zzz_unzipped-PROCUREMENT_MasterJustificationBook_Air_Force_PB_2015.xml","e0999d2b89817dbe0cc954d07a44ef1ad1938f20a6bca9d4306e26527654e26d","0-80a5c17e8554296e646cbee935ad1deb29ce5184b16ea2908199d407be889a88","0-d79c2560b40b3d225dafb23918912b299340ffb97f07eeeaed2a76dd0498b09d","root.record.ItemExhibitList.P3AModificationItemGroup.ModificationItemList.ModificationItem.Installation.ImplementationMethodList.ImplementationMethod"
"Air Force Active","","","","442","","","","","","","","59.508","","","","","2015-BASE_PROCUREMENT-2015-AIRFORCE_AIRCRAFT_VOL2-PROCUREMENT_MasterJustificationBook_Air_Force_PB_2015.zzz_unzipped-PROCUREMENT_MasterJustificationBook_Air_Force_PB_2015.xml","e0999d2b89817dbe0cc954d07a44ef1ad1938f20a6bca9d4306e26527654e26d","0-d93a32c5f3a9104546d4ad5e39f262805e3a5acddd56be381bd213f920975715","1-cf152cb8766e5490e39495c05c4f0dfdb855997c0c3048058737905170171b80","root.record.ItemExhibitList.P3AModificationItemGroup.ModificationItemList.ModificationItem.Installation.ImplementationMethodList.ImplementationMethod"
"Air National Guard","","","","59","","","","","","","","2.6","","","","","2015-BASE_PROCUREMENT-2015-AIRFORCE_AIRCRAFT_VOL2-PROCUREMENT_MasterJustificationBook_Air_Force_PB_2015.zzz_unzipped-PROCUREMENT_MasterJustificationBook_Air_Force_PB_2015.xml","e0999d2b89817dbe0cc954d07a44ef1ad1938f20a6bca9d4306e26527654e26d","1-e7ae130b837aa8e8e6f0cd8a134949c303e1fa39bcb2a637220c467cf91d3f65","1-cf152cb8766e5490e39495c05c4f0dfdb855997c0c3048058737905170171b80","root.record.ItemExhibitList.P3AModificationItemGroup.ModificationItemList.ModificationItem.Installation.ImplementationMethodList.ImplementationMethod"
"Air Force Active","100","","","","","","","","4.667","","","","","","","","2015-BASE_PROCUREMENT-2015-AIRFORCE_AIRCRAFT_VOL2-PROCUREMENT_MasterJustificationBook_Air_Force_PB_2015.zzz_unzipped-PROCUREMENT_MasterJustificationBook_Air_Force_PB_2015.xml","e0999d2b89817dbe0cc954d07a44ef1ad1938f20a6bca9d4306e26527654e26d","0-6053c12a343384af06c8237928934407275d8ede8efb2fe5808cfdb0114e8cf6","1-d04ee8d22f31e44499b84586869479398e42f85d8e5028db00fca067c6553689","root.record.ItemExhibitList.P3AModificationItemGroup.ModificationItemList.ModificationItem.Installation.ImplementationMethodList.ImplementationMethod"
"Air National Guard","96","","","","","","","","0.069","","","","","","","","2015-BASE_PROCUREMENT-2015-AIRFORCE_AIRCRAFT_VOL2-PROCUREMENT_MasterJustificationBook_Air_Force_PB_2015.zzz_unzipped-PROCUREMENT_MasterJustificationBook_Air_Force_PB_2015.xml","e0999d2b89817dbe0cc954d07a44ef1ad1938f20a6bca9d4306e26527654e26d","1-f531aa85572cff9c0f9571b1c061cc0c24e87cd9b982b662a91de6fe4bdfd91f","1-d04ee8d22f31e44499b84586869479398e42f85d8e5028db00fca067c6553689","root.record.ItemExhibitList.P3AModificationItemGroup.ModificationItemList.ModificationItem.Installation.ImplementationMethodList.ImplementationMethod"
"Air Force Active","15","15","15","","","","","","16.341","18.019","18.019","","","","","","2015-BASE_PROCUREMENT-2015-AIRFORCE_AIRCRAFT_VOL2-PROCUREMENT_MasterJustificationBook_Air_Force_PB_2015.zzz_unzipped-PROCUREMENT_MasterJustificationBook_Air_Force_PB_2015.xml","e0999d2b89817dbe0cc954d07a44ef1ad1938f20a6bca9d4306e26527654e26d","0-2bdd7199a4319219b6ba0777c991fa935f947311bd304fe101055d9964b6de6a","0-3dc6916aed8a21eb700cdb004c4598191942e0dd9c58b51e88ef8a6be08633b2","root.record.ItemExhibitList.P3AModificationItemGroup.ModificationItemList.ModificationItem.Installation.ImplementationMethodList.ImplementationMethod"
"Air National Guard","3","","","","","","","","5.727","","","","","","","","2015-BASE_PROCUREMENT-2015-AIRFORCE_AIRCRAFT_VOL2-PROCUREMENT_MasterJustificationBook_Air_Force_PB_2015.zzz_unzipped-PROCUREMENT_MasterJustificationBook_Air_Force_PB_2015.xml","e0999d2b89817dbe0cc954d07a44ef1ad1938f20a6bca9d4306e26527654e26d","1-2fabe151811d2d2c91719499539be9e9d43ee639b9a532ebc23b7dc0b29f6966","0-3dc6916aed8a21eb700cdb004c4598191942e0dd9c58b51e88ef8a6be08633b2","root.record.ItemExhibitList.P3AModificationItemGroup.ModificationItemList.ModificationItem.Installation.ImplementationMethodList.ImplementationMethod"
"Air Force Active","12","","","","","","","","8.84","","","","","","","","2015-BASE_PROCUREMENT-2015-AIRFORCE_AIRCRAFT_VOL2-PROCUREMENT_MasterJustificationBook_Air_Force_PB_2015.zzz_unzipped-PROCUREMENT_MasterJustificationBook_Air_Force_PB_2015.xml","e0999d2b89817dbe0cc954d07a44ef1ad1938f20a6bca9d4306e26527654e26d","0-4147975879c6ee834e8b1555a51963f43498fcf78ee708f83edd5196f4105d39","0-69456b47e7dd93a386210c56c911e45516826ef4650ab5a6797352767d228f0f","root.record.ItemExhibitList.P3AModificationItemGroup.ModificationItemList.ModificationItem.Installation.ImplementationMethodList.ImplementationMethod"
"Air Force Active","","","","20","","","","","","","","0.98","","","","","2015-BASE_PROCUREMENT-2015-AIRFORCE_OTHER-PROCUREMENT_JustificationBook_Air_Force_PB_2015.zzz_unzipped-PROCUREMENT_JustificationBook_Air_Force_PB_2015.xml","468bc985f6e66df36e06ea9a96c28ec64edcebf0d6674e83420127564b1094c0","0-bfb9a4dd4e8853a2dbab499ca7e84b46e4bec3f2c73fa507c13feff411927740","0-f8c2cb04ae35e05e7bec23058f05b3a5f5580f692c888beae0175a1f26cc944f","root.record.ItemExhibitList.P3AModificationItemGroup.ModificationItemList.ModificationItem.Installation.ImplementationMethodList.ImplementationMethod"
"Air Force Active","","","","20","","","","","","","","0.98","","","","","2015-BASE_PROCUREMENT-2015-AIRFORCE_OTHER-PROCUREMENT_MasterJustificationBook_Air_Force_PB_2015.zzz_unzipped-PROCUREMENT_MasterJustificationBook_Air_Force_PB_2015.xml","38574a0eb107b9f7269a65b5cd9e3370a0cecba368536b676cf0c3e78bac69ac","0-fc648166a0b9e5f7729e15a1a48464dcf24ed4633f50cb4c283597ee9ac6fccf","0-7add8b5eda959de8fb93bdab2c27531242b0df50f4e4ccf8b04669f25a78f1b7","root.record.ItemExhibitList.P3AModificationItemGroup.ModificationItemList.ModificationItem.Installation.ImplementationMethodList.ImplementationMethod"
"Air Force Active","","0","0","","2","3","0","0","","6.68","6.68","","12.483","0.000","0.000","0.000","2015-AMENDED_PROCUREMENT_AND_RDTE-2015-AIRFORCE_AMMO-PROCUREMENT_JustificationBook_Air_Force_PBAmended_2015.zzz_unzipped-PROCUREMENT_JustificationBook_Air_Force_PBAmended_2015.xml","3cdf5370d6aa06ad598534cb0c149c4f22f6fb738ead93645d4b6f4becdfa971","0-1002d16394172af49ab74d10c8fb62195be63011a40ccf0e1d86a49991bfb292","0-763ac5fec91cbf6201dc6e561b4929b0e22cfbdfa23bd5b59e2e53e7768551c3","root.record.ItemExhibitList.P3AModificationItemGroup.ModificationItemList.ModificationItem.Installation.ImplementationMethodList.ImplementationMethod"
"Air Force Active","","0","0","","2","3","0","0","","6.68","6.68","","12.483","0.000","0.000","0.000","2015-AMENDED_PROCUREMENT_AND_RDTE-2015-AIRFORCE_AMMO-PROCUREMENT_MasterJustificationBook_Air_Force_PBAmended_2015.zzz_unzipped-PROCUREMENT_MasterJustificationBook_Air_Force_PBAmended_2015.xml","3422ac66d0ea6fb81b14f56ab36db4a0f72d47732900596259b15b9bc0499223","0-3832ff1a16fa7367d9cd84a86cac3252e473cdf267fe1fbb0842cdeb22b2fd68","0-e5d1859d182737bd8bd5d2f80b1f05bb730f1220c1587bc20b425fbde00b6d21","root.record.ItemExhibitList.P3AModificationItemGroup.ModificationItemList.ModificationItem.Installation.ImplementationMethodList.ImplementationMethod"
