Title_val,Funding_PriorYear_val,Funding_CurrentYear_val,Funding_BudgetYearOne_val,Funding_BudgetYearOneBase_val,Funding_BudgetYearOneOCO_val,Funding_TotalPreviousYears_val,Funding_CostToComplete_val,Funding_TotalCost_val,Funding_TargetValue_val,@SOURCE_FILENAME,@RECORDID,@ROWID,@PARENTROWID,@PARENT
"Other Service Funding Adjustment","1442.252","1462.810","1625.295","1625.295","0.000","","","","","2013-BASE_RDTE-2013-AIRFORCE_V2-JustificationBook_Air_Force_PB_2013.zzz_unzipped-JustificationBook_Air_Force_PB_2013.xml","f180a7e97c0a024af28a425d8ad3d0fd07abefaf09591c6dfd90ac9b03f29188","0-8c4d3d2c798ddf42f8f27184bc71d4705cafdae51b4849f97ff3b5376f9a561c","0-b1f6ec2e8e91c04855decebf1563e61dc47f8285e60df982d786fa22fdb512e4","root.record.ProgramElement.ProjectList.Project"
"Other Service Funding Adjustment","1442.252","1462.810","1625.295","1625.295","0.000","","","","","2013-BASE_RDTE-2013-AIRFORCE_V2-MasterJustificationBook_Air_Force_PB_2013.zzz_unzipped-MasterJustificationBook_Air_Force_PB_2013.xml","0d4897ecbec40c60f5e45814fc2754a9252569f41f2a09a97cf2f5fe0feb6c26","0-15d0413bf089b5d91a21dd47b2cc974e489b74581eeafcd8a80e7531cd3c2642","0-3c5c6bea743fe487839d315aa7e6551a231edd81aac4a72ab2fbcae3aead17b3","root.record.ProgramElement.ProjectList.Project"
"0604800F","931.599","1387.926","1210.306","1210.306","0.000","","","","","2013-BASE_RDTE-2013-NAVY_BA5-JustificationBook_Navy_PB_2013.zzz_unzipped-JustificationBook_Navy_PB_2013.xml","0f1447ea9141dbbfcf8d9f0bf86264dcd034808ca01c9149c64cf5955e5d36a6","0-bdd17a4e64e8d7890483b313edc3f442a45df725e8e858953944da33a8754329","0-e6f786733a428f070f0184d5a470bb0966f4273e416a9ba25f8a8027a113a93d","root.record.ProgramElement.ProjectList.Project"
"International","185.912","152.474","144.220","144.220","0.000","","","","","2013-BASE_RDTE-2013-NAVY_BA5-JustificationBook_Navy_PB_2013.zzz_unzipped-JustificationBook_Navy_PB_2013.xml","0f1447ea9141dbbfcf8d9f0bf86264dcd034808ca01c9149c64cf5955e5d36a6","1-f76b5ba85daa340f807ac0735098b5b262094673e46ae632408dd52d661abd4a","0-e6f786733a428f070f0184d5a470bb0966f4273e416a9ba25f8a8027a113a93d","root.record.ProgramElement.ProjectList.Project"
"0604800N","615.706","631.836","724.392","724.392","0.000","","","","","2013-BASE_RDTE-2013-NAVY_BA5-JustificationBook_Navy_PB_2013.zzz_unzipped-JustificationBook_Navy_PB_2013.xml","0f1447ea9141dbbfcf8d9f0bf86264dcd034808ca01c9149c64cf5955e5d36a6","2-a719143325749d9cab345bc44de775cc11d55aa0945fc068384dc79bb9e79d24","0-e6f786733a428f070f0184d5a470bb0966f4273e416a9ba25f8a8027a113a93d","root.record.ProgramElement.ProjectList.Project"
"0604800F","931.599","1387.926","1210.306","1210.306","0.000","","","","","2013-BASE_RDTE-2013-NAVY_BA5-JustificationBook_Navy_PB_2013.zzz_unzipped-JustificationBook_Navy_PB_2013.xml","370dbeba91cf69198966dfa0753b5b961081ec25192ddc9345326df6ca0b37e4","0-14f902b30bc2d5352da10675a0f6e6db921773262f819196e2754f14a2b7a00b","0-c94557fac82f572e94306e389192e0ddaee35a3149d8991028838683a4e2e5e6","root.record.ProgramElement.ProjectList.Project"
"0604800M","602.142","651.786","737.149","737.149","0.000","","","","","2013-BASE_RDTE-2013-NAVY_BA5-JustificationBook_Navy_PB_2013.zzz_unzipped-JustificationBook_Navy_PB_2013.xml","370dbeba91cf69198966dfa0753b5b961081ec25192ddc9345326df6ca0b37e4","1-49ed3573ce0fa9b52a46d2eced6ec799136cb280cd44e644f98ef135be667cdc","0-c94557fac82f572e94306e389192e0ddaee35a3149d8991028838683a4e2e5e6","root.record.ProgramElement.ProjectList.Project"
"International","185.912","152.474","144.220","144.220","0.000","","","","","2013-BASE_RDTE-2013-NAVY_BA5-JustificationBook_Navy_PB_2013.zzz_unzipped-JustificationBook_Navy_PB_2013.xml","370dbeba91cf69198966dfa0753b5b961081ec25192ddc9345326df6ca0b37e4","2-f25b4d4d842f70fdec4467a364633c20423adb499c38bd13abca4602cd7e9ada","0-c94557fac82f572e94306e389192e0ddaee35a3149d8991028838683a4e2e5e6","root.record.ProgramElement.ProjectList.Project"
"0604800F","931.599","1387.926","1210.306","1210.306","0.000","","","","","2013-BASE_RDTE-2013-NAVY_BA5-MasterJustificationBook_Navy_PB_2013.zzz_unzipped-MasterJustificationBook_Navy_PB_2013.xml","74d9d57cc8ff46f47d3337d03e259c0f864a5341acbea723020da2fc8fe1294b","0-0ad09c64ba9a4cf85ddadbef03e7759cdcf6b528f7bca03609b8ea9e9587f6e8","0-09f76fa1c50d45fafb2c968695a806e71bb7e8ccc7a91d85ad6e80495e7281d8","root.record.ProgramElement.ProjectList.Project"
"International","185.912","152.474","144.220","144.220","0.000","","","","","2013-BASE_RDTE-2013-NAVY_BA5-MasterJustificationBook_Navy_PB_2013.zzz_unzipped-MasterJustificationBook_Navy_PB_2013.xml","74d9d57cc8ff46f47d3337d03e259c0f864a5341acbea723020da2fc8fe1294b","1-f861e7424a90a47485ddfe02c351396ea0f6a44ca803d15b20ab63e0a53670da","0-09f76fa1c50d45fafb2c968695a806e71bb7e8ccc7a91d85ad6e80495e7281d8","root.record.ProgramElement.ProjectList.Project"
"0604800N","615.706","631.836","724.392","724.392","0.000","","","","","2013-BASE_RDTE-2013-NAVY_BA5-MasterJustificationBook_Navy_PB_2013.zzz_unzipped-MasterJustificationBook_Navy_PB_2013.xml","74d9d57cc8ff46f47d3337d03e259c0f864a5341acbea723020da2fc8fe1294b","2-d7b394fe023c95c17372738c617de2fae6450323857616759b39971550082f6d","0-09f76fa1c50d45fafb2c968695a806e71bb7e8ccc7a91d85ad6e80495e7281d8","root.record.ProgramElement.ProjectList.Project"
"0604800F","931.599","1387.926","1210.306","1210.306","0.000","","","","","2013-BASE_RDTE-2013-NAVY_BA5-MasterJustificationBook_Navy_PB_2013.zzz_unzipped-MasterJustificationBook_Navy_PB_2013.xml","e2ff66f9b727c07b0b5b510c64f6a5420ba3188907c7787aece9c2aaf5ab0318","0-d9f41caa5b41efda8db9967f72a9f4d21cdadf19cdc91bc8c1c539370142b81c","0-9bddc5b1b0cf72fff9ecf50d8ffbc411ad313e47f80abef02a1340c12e12fe1c","root.record.ProgramElement.ProjectList.Project"
"0604800M","602.142","651.786","737.149","737.149","0.000","","","","","2013-BASE_RDTE-2013-NAVY_BA5-MasterJustificationBook_Navy_PB_2013.zzz_unzipped-MasterJustificationBook_Navy_PB_2013.xml","e2ff66f9b727c07b0b5b510c64f6a5420ba3188907c7787aece9c2aaf5ab0318","1-586eb380eaf6cd8ed7fece7d9c3e33b370fc548208114c273af30319fc7d85e8","0-9bddc5b1b0cf72fff9ecf50d8ffbc411ad313e47f80abef02a1340c12e12fe1c","root.record.ProgramElement.ProjectList.Project"
"International","185.912","152.474","144.220","144.220","0.000","","","","","2013-BASE_RDTE-2013-NAVY_BA5-MasterJustificationBook_Navy_PB_2013.zzz_unzipped-MasterJustificationBook_Navy_PB_2013.xml","e2ff66f9b727c07b0b5b510c64f6a5420ba3188907c7787aece9c2aaf5ab0318","2-bc345a77dcc9bc06a065e18a5b81547c8cb286999a9cce4889674557d3c04404","0-9bddc5b1b0cf72fff9ecf50d8ffbc411ad313e47f80abef02a1340c12e12fe1c","root.record.ProgramElement.ProjectList.Project"
"Other Service Funding Adjustment","1369.357","1610.887","994.987","994.987","","22124.599","2635.387","28735.217","","2014-BASE_RDTE-2014-AIRFORCE_V2-RDTE_JustificationBook_Air_Force_PB_2014.zzz_unzipped-RDTE_JustificationBook_Air_Force_PB_2014.xml","58e1ad014870108f92bfd239033a9b6f93bef0b74ad77ee1ff226f5ec9a11490","0-49c0b4d207ce7a4165444e5f4de5e650cfc52673a1c4f69e1882b498029586f7","0-62b21726730072a7fe82d206491c7d5981a977f0347e21665dbd8cfdf697f371","root.record.ProgramElement.ProjectList.Project"
"Other Service Funding Adjustment","","","29.896","29.896","","","59.990","89.886","","2014-BASE_RDTE-2014-AIRFORCE_V2-RDTE_JustificationBook_Air_Force_PB_2014.zzz_unzipped-RDTE_JustificationBook_Air_Force_PB_2014.xml","58e1ad014870108f92bfd239033a9b6f93bef0b74ad77ee1ff226f5ec9a11490","0-1fd603bdb2e31a24bad06e6a02eb4f7958c79a1822404db9f44004cb1d0e48b3","1-6969aa9ce85d63a0cf9093920897d1785185fb3d76ff0752b78d17ca3f693306","root.record.ProgramElement.ProjectList.Project"
"Other Service Program Funding Adjustment","","8.717","26.346","26.346","","","","35.063","","2014-BASE_RDTE-2014-AIRFORCE_V3A-RDTE_JustificationBook_Air_Force_PB_2014.zzz_unzipped-RDTE_JustificationBook_Air_Force_PB_2014.xml","9f5e2c21e60fe222e82243a974cae56268c6b1afdf9860026688519aaa3782d4","0-3fef1cd89b3477c7a2223ab4854a2fcecfa9c5c293827959f992ad112ed84749","0-f94f2e7dd7923f3f0645d93e877ae477e06f0dfea63773857279992e3611e831","root.record.ProgramElement.ProjectList.Project"
"Other Service Funding Adjustment","1369.357","1610.887","994.987","994.987","","22124.599","2635.387","28735.217","","2014-BASE_RDTE-2014-AIRFORCE_V3A-RDTE_MasterJustificationBook_Air_Force_PB_2014.zzz_unzipped-RDTE_MasterJustificationBook_Air_Force_PB_2014.xml","b14a3483b3c5aed5bcd644206619f24bf9bcafe11f8adc6de721b52c27c7d2c9","0-be4a064d370dec044ef2b1ad12e17ed7b3b76d590eba27e843e5eb42a8fc9f10","0-a1ad96261ab9a561663cecf394ee885ed1c23c73d90108e5db5ddc6bbcb867a2","root.record.ProgramElement.ProjectList.Project"
"Other Service Funding Adjustment","","","29.896","29.896","","","59.990","89.886","","2014-BASE_RDTE-2014-AIRFORCE_V3A-RDTE_MasterJustificationBook_Air_Force_PB_2014.zzz_unzipped-RDTE_MasterJustificationBook_Air_Force_PB_2014.xml","b14a3483b3c5aed5bcd644206619f24bf9bcafe11f8adc6de721b52c27c7d2c9","0-601eb025eb0237fdcf3b5f34ebfd610135c3f8f910c6245e9dadc71d1c2dd24a","1-46c2251cf610bb7f76db760311ea28929761cedeaf774ea9b93a61248677dea5","root.record.ProgramElement.ProjectList.Project"
"Other Service Funding Adjustment","1369.357","1610.887","994.987","994.987","","22124.599","2635.387","28735.217","","2014-BASE_RDTE-2014-AIRFORCE_V2-RDTE_MasterJustificationBook_Air_Force_PB_2014.zzz_unzipped-RDTE_MasterJustificationBook_Air_Force_PB_2014.xml","594e224b2e4fb0d486dd0598f9134bf3a5d7b9fb35336dc6fcee1daedb11b975","0-5efdb5f3f101aa443e633c0538f2afd63a2636b7a86ec20fdc123d0dd4cee5ff","0-593b86782f2f3191b68cf900aad4aa8c2cf3e25564d89c0d49809a1c19a16aed","root.record.ProgramElement.ProjectList.Project"
"Other Service Funding Adjustment","","","29.896","29.896","","","59.990","89.886","","2014-BASE_RDTE-2014-AIRFORCE_V2-RDTE_MasterJustificationBook_Air_Force_PB_2014.zzz_unzipped-RDTE_MasterJustificationBook_Air_Force_PB_2014.xml","594e224b2e4fb0d486dd0598f9134bf3a5d7b9fb35336dc6fcee1daedb11b975","0-7de27a6ba19bb38fe0ca2f443b80061e2e0ae3a4510d7d0bf9c506bc1c6ce1a0","1-492e69165dbde9db2660e124cce52c2175a9edfca3d38dd5727b4f6846f837b8","root.record.ProgramElement.ProjectList.Project"
"Other Service Funding Adjustment","1369.357","1610.887","994.987","994.987","","22124.599","2635.387","28735.217","","2014-BASE_RDTE-2014-AIRFORCE_V3B-RDTE_MasterJustificationBook_Air_Force_PB_2014.zzz_unzipped-RDTE_MasterJustificationBook_Air_Force_PB_2014.xml","89ac31fd9e1b4b5791086a66bbdc40576beedc0af18c43dcb6fa83dfe01c3bee","0-de3e66c6e3a3a535c935017de162302c5fead00fabc55faeb2ed2846bbb061c8","0-86d6af048979b6c9ef09a18edfc84e15241cf33afd2f993367d3f9a0dd98e28c","root.record.ProgramElement.ProjectList.Project"
"Other Service Funding Adjustment","","","29.896","29.896","","","59.990","89.886","","2014-BASE_RDTE-2014-AIRFORCE_V3B-RDTE_MasterJustificationBook_Air_Force_PB_2014.zzz_unzipped-RDTE_MasterJustificationBook_Air_Force_PB_2014.xml","89ac31fd9e1b4b5791086a66bbdc40576beedc0af18c43dcb6fa83dfe01c3bee","0-2eee8d3525910445ab438296f6de3771722b62ca12a061c38e15d183d9d081cb","1-d272437a47f5d94c7a6cea7d3f81c68aaf3e34999f9ec09aa5b5d76542341f1c","root.record.ProgramElement.ProjectList.Project"
"Other Service Program Funding Adjustment","","8.717","26.346","26.346","","","","35.063","","2014-BASE_RDTE-2014-AIRFORCE_V3A-RDTE_MasterJustificationBook_Air_Force_PB_2014.zzz_unzipped-RDTE_MasterJustificationBook_Air_Force_PB_2014.xml","efaf7065c65fec74f79d33a29c28573b21fd00ab432ae2cb785b65640ca81fec","0-d8c061f54aab5a0ec21d7b3bade93acacb39368a4eb46eb2c005fbd578903cb9","0-14c3fb3ab8f6c77323d140b3c15110bf16fd0daf15ecaf94d2dbe66e0c4fc729","root.record.ProgramElement.ProjectList.Project"
"Other Service Program Funding Adjustment","","8.717","26.346","26.346","","","","35.063","","2014-BASE_RDTE-2014-AIRFORCE_V2-RDTE_MasterJustificationBook_Air_Force_PB_2014.zzz_unzipped-RDTE_MasterJustificationBook_Air_Force_PB_2014.xml","0403c4569342b16f8768270407fd9331741d869a50cf5e21a42866e62f595154","0-924b445f994042295970a82e2f443a63426edf57c613fd2049ee237c7ae6f07a","0-05783a276a51c0f93a4e11bad81348c3fcc546f8939a51d0c71aba9a273d3c07","root.record.ProgramElement.ProjectList.Project"
"Other Service Program Funding Adjustment","","8.717","26.346","26.346","","","","35.063","","2014-BASE_RDTE-2014-AIRFORCE_V3B-RDTE_MasterJustificationBook_Air_Force_PB_2014.zzz_unzipped-RDTE_MasterJustificationBook_Air_Force_PB_2014.xml","48aaa91967775adb4309ca8eeb0646836b5508a899928091b69d54775ac7ee9b","0-29018f09ee2a8624f6ce8577f30f5317ebe23208f49b28c2e9871d3560dfc610","0-960a80db381d76d241e634fbce61eee74613369e4b8839cb353b30626ebf862d","root.record.ProgramElement.ProjectList.Project"
"RDT&E, AF/ 0604800F","1366.147","1192.506","782.335","782.335","","","","","","2014-BASE_RDTE-2014-NAVY_BA5-RDTE_JustificationBook_Navy_PB_2014.zzz_unzipped-RDTE_JustificationBook_Navy_PB_2014.xml","62e0b01ffb7e957206bc98a832246d49822f52366fdaecbb20de80d80b3648d7","0-7059faebd204fd46d584f3af75a184e81b530db7069468b238461b285dba3a1b","0-cd0711b81ced3793576112d807485b2be429f18f93df4f4fea6239ec39bc9b46","root.record.ProgramElement.ProjectList.Project"
"International Partner (SDD)","145.664","149.346","4.411","4.411","","","","","","2014-BASE_RDTE-2014-NAVY_BA5-RDTE_JustificationBook_Navy_PB_2014.zzz_unzipped-RDTE_JustificationBook_Navy_PB_2014.xml","62e0b01ffb7e957206bc98a832246d49822f52366fdaecbb20de80d80b3648d7","1-999d01670f616a832d3883cd4820b04c60981b237ec93c40a686b07955698155","0-cd0711b81ced3793576112d807485b2be429f18f93df4f4fea6239ec39bc9b46","root.record.ProgramElement.ProjectList.Project"
"RDT&E,N (Navy)/0604800N/2261","605.998","724.392","507.753","507.753","","","","","","2014-BASE_RDTE-2014-NAVY_BA5-RDTE_JustificationBook_Navy_PB_2014.zzz_unzipped-RDTE_JustificationBook_Navy_PB_2014.xml","62e0b01ffb7e957206bc98a832246d49822f52366fdaecbb20de80d80b3648d7","2-59024c6d4f24e4044a7d92d8a1a6c84782d444c3ae6d8b14084847741ad603c4","0-cd0711b81ced3793576112d807485b2be429f18f93df4f4fea6239ec39bc9b46","root.record.ProgramElement.ProjectList.Project"
"RDT&E,N (Navy) 0604800N/3352","0.000","0.000","14.992","14.992","","","","","","2014-BASE_RDTE-2014-NAVY_BA5-RDTE_JustificationBook_Navy_PB_2014.zzz_unzipped-RDTE_JustificationBook_Navy_PB_2014.xml","62e0b01ffb7e957206bc98a832246d49822f52366fdaecbb20de80d80b3648d7","0-cf064eba6016bccbdcb20e750fc37d500a5f10125de0dae38cd80fd4abb99fa5","1-64cce01d9ac9c5de9fcecc00ba02439fa1da088615d3f918643f1e6432c6fcad","root.record.ProgramElement.ProjectList.Project"
"RDT&E,AF 0604800F/653832","0.000","17.800","34.000","34.000","","","","","","2014-BASE_RDTE-2014-NAVY_BA5-RDTE_JustificationBook_Navy_PB_2014.zzz_unzipped-RDTE_JustificationBook_Navy_PB_2014.xml","62e0b01ffb7e957206bc98a832246d49822f52366fdaecbb20de80d80b3648d7","1-d439b66c15f01bb5d3fe54f85442106d00e1d5006fd47bc243cb51e748df3aaa","1-64cce01d9ac9c5de9fcecc00ba02439fa1da088615d3f918643f1e6432c6fcad","root.record.ProgramElement.ProjectList.Project"
"RDT&E,N (Navy) 0604800N/3353","0.000","0.000","11.442","11.442","","","","","","2014-BASE_RDTE-2014-NAVY_BA5-RDTE_JustificationBook_Navy_PB_2014.zzz_unzipped-RDTE_JustificationBook_Navy_PB_2014.xml","62e0b01ffb7e957206bc98a832246d49822f52366fdaecbb20de80d80b3648d7","0-2100d9eb7587a7a291a5b4aeb89efdd2c99c81b586cdd16571fa9e5b631b73d1","2-221a2dd5b32d1a217482371a32e95d328002ce21fc079f320c6b7f3a44f41d70","root.record.ProgramElement.ProjectList.Project"
"RDT&E,AF 0207142F/675346","0.000","8.117","23.000","23.000","","","","","","2014-BASE_RDTE-2014-NAVY_BA5-RDTE_JustificationBook_Navy_PB_2014.zzz_unzipped-RDTE_JustificationBook_Navy_PB_2014.xml","62e0b01ffb7e957206bc98a832246d49822f52366fdaecbb20de80d80b3648d7","1-2d65a49f44b51ade541bb19dfed122083780f34cf97a56637528ab1edd6d1cc9","2-221a2dd5b32d1a217482371a32e95d328002ce21fc079f320c6b7f3a44f41d70","root.record.ProgramElement.ProjectList.Project"
"RDT&E,AF 0207142F/676011","9.682","0.000","10.000","10.000","","","","","","2014-BASE_RDTE-2014-NAVY_BA5-RDTE_JustificationBook_Navy_PB_2014.zzz_unzipped-RDTE_JustificationBook_Navy_PB_2014.xml","62e0b01ffb7e957206bc98a832246d49822f52366fdaecbb20de80d80b3648d7","2-22ba43dfdf682e9dc171ca56c6a1dc21786e0528c7443756101cb22f66730d2b","2-221a2dd5b32d1a217482371a32e95d328002ce21fc079f320c6b7f3a44f41d70","root.record.ProgramElement.ProjectList.Project"
"RDT&E,N (USMC) 0604800M/2262","","4.358","","","","","","","","2014-BASE_RDTE-2014-NAVY_BA5-RDTE_JustificationBook_Navy_PB_2014.zzz_unzipped-RDTE_JustificationBook_Navy_PB_2014.xml","62e0b01ffb7e957206bc98a832246d49822f52366fdaecbb20de80d80b3648d7","3-16635891288aa5b2dfbf266bb370e6b309ad505e24936d4ec30a994a927fb2b7","2-221a2dd5b32d1a217482371a32e95d328002ce21fc079f320c6b7f3a44f41d70","root.record.ProgramElement.ProjectList.Project"
"RDT&E,N (USN) 0604800N/2261","","4.359","","","","","","","","2014-BASE_RDTE-2014-NAVY_BA5-RDTE_JustificationBook_Navy_PB_2014.zzz_unzipped-RDTE_JustificationBook_Navy_PB_2014.xml","62e0b01ffb7e957206bc98a832246d49822f52366fdaecbb20de80d80b3648d7","4-cb5f4dfe59a574355ed8367acc1b72f6462c80ea7de7594ea053736f58ff37b2","2-221a2dd5b32d1a217482371a32e95d328002ce21fc079f320c6b7f3a44f41d70","root.record.ProgramElement.ProjectList.Project"
"RDT&E,AF 0604800F","1366.147","1192.506","782.335","782.335","","","","","","2014-BASE_RDTE-2014-NAVY_BA5-RDTE_JustificationBook_Navy_PB_2014.zzz_unzipped-RDTE_JustificationBook_Navy_PB_2014.xml","9bed30f3ffdbaa3d7b6b5713cc54443a407198db6f9a7da9b9dceebf3ea9b3a5","0-6c0163f4cc7bc0fe7af01a93c1dae35a3c5acc5116af1287e0eafb44c48d3f4e","0-f155514145c45cdd398e2188f44418b8cfbdda49a2396c5a5e52dac4ed5185f7","root.record.ProgramElement.ProjectList.Project"
"International Partner (SDD)","145.664","149.346","4.411","4.411","","","","","","2014-BASE_RDTE-2014-NAVY_BA5-RDTE_JustificationBook_Navy_PB_2014.zzz_unzipped-RDTE_JustificationBook_Navy_PB_2014.xml","9bed30f3ffdbaa3d7b6b5713cc54443a407198db6f9a7da9b9dceebf3ea9b3a5","1-a97adf62c5be641c25a3edcc41aabdde492734378381e065221d521c32059c57","0-f155514145c45cdd398e2188f44418b8cfbdda49a2396c5a5e52dac4ed5185f7","root.record.ProgramElement.ProjectList.Project"
"RDT&E,N (USMC) 0604800M/2262","617.695","737.149","482.823","482.823","","","","","","2014-BASE_RDTE-2014-NAVY_BA5-RDTE_JustificationBook_Navy_PB_2014.zzz_unzipped-RDTE_JustificationBook_Navy_PB_2014.xml","9bed30f3ffdbaa3d7b6b5713cc54443a407198db6f9a7da9b9dceebf3ea9b3a5","2-4344f25affea5a5628fee643db36a1cb10799c299b12dfd5e035ec48333edfca","0-f155514145c45cdd398e2188f44418b8cfbdda49a2396c5a5e52dac4ed5185f7","root.record.ProgramElement.ProjectList.Project"
"RDT&E,N (USMC) 0604800M/3350","0.000","0.000","14.904","14.904","","","","","","2014-BASE_RDTE-2014-NAVY_BA5-RDTE_JustificationBook_Navy_PB_2014.zzz_unzipped-RDTE_JustificationBook_Navy_PB_2014.xml","9bed30f3ffdbaa3d7b6b5713cc54443a407198db6f9a7da9b9dceebf3ea9b3a5","0-b17730b74c7472e63503d89ac942d67cc44c2ef5440823111d42603ac5a81afa","2-83017a8b9eef627d388d6fb25bf9a893ab2013775360affc28c80324e0e2c29f","root.record.ProgramElement.ProjectList.Project"
"RDT&E,AF 0604800F/653832","0.000","17.800","34.000","34.000","","","","","","2014-BASE_RDTE-2014-NAVY_BA5-RDTE_JustificationBook_Navy_PB_2014.zzz_unzipped-RDTE_JustificationBook_Navy_PB_2014.xml","9bed30f3ffdbaa3d7b6b5713cc54443a407198db6f9a7da9b9dceebf3ea9b3a5","1-bf0b760b942da67556fcb7f5234c59b6aa14b252ae5d4f07df66c706eeb127be","2-83017a8b9eef627d388d6fb25bf9a893ab2013775360affc28c80324e0e2c29f","root.record.ProgramElement.ProjectList.Project"
"RDT&E,AF 0207142F (FOD)","0.000","8.117","23.000","23.000","","","","","","2014-BASE_RDTE-2014-NAVY_BA5-RDTE_JustificationBook_Navy_PB_2014.zzz_unzipped-RDTE_JustificationBook_Navy_PB_2014.xml","9bed30f3ffdbaa3d7b6b5713cc54443a407198db6f9a7da9b9dceebf3ea9b3a5","0-8bc7dcdf34e9e4a2ffe263f5a8fe34814681e59dfb03f94226e9675863e99753","3-e19053cf45bac3abfd6f20e368e260641b2b870c0b1ecc33c9d026841d33173d","root.record.ProgramElement.ProjectList.Project"
"RDT&E,N (USMC) 0604800M/3351","0.000","0.000","14.904","14.904","","","","","","2014-BASE_RDTE-2014-NAVY_BA5-RDTE_JustificationBook_Navy_PB_2014.zzz_unzipped-RDTE_JustificationBook_Navy_PB_2014.xml","9bed30f3ffdbaa3d7b6b5713cc54443a407198db6f9a7da9b9dceebf3ea9b3a5","1-83c8b7d85230676ab55bbf19593f0205a54666b33a9fcb9ca675b258bb2cd872","3-e19053cf45bac3abfd6f20e368e260641b2b870c0b1ecc33c9d026841d33173d","root.record.ProgramElement.ProjectList.Project"
"RDT&E,AF 0207142F (DCA)","9.682","0.000","10.000","10.000","","","","","","2014-BASE_RDTE-2014-NAVY_BA5-RDTE_JustificationBook_Navy_PB_2014.zzz_unzipped-RDTE_JustificationBook_Navy_PB_2014.xml","9bed30f3ffdbaa3d7b6b5713cc54443a407198db6f9a7da9b9dceebf3ea9b3a5","2-55c6da5b82856990ccfc8d0be072a46e329e475e7935e7b75f455cc3987a083f","3-e19053cf45bac3abfd6f20e368e260641b2b870c0b1ecc33c9d026841d33173d","root.record.ProgramElement.ProjectList.Project"
"RDT&E,N (USMC) 0604800M/2262","","4.358","","","","","","","","2014-BASE_RDTE-2014-NAVY_BA5-RDTE_JustificationBook_Navy_PB_2014.zzz_unzipped-RDTE_JustificationBook_Navy_PB_2014.xml","9bed30f3ffdbaa3d7b6b5713cc54443a407198db6f9a7da9b9dceebf3ea9b3a5","3-9861bf63c1d6f484532abdf53f20f5c1382d1daaaa8d0de2705f27280bf28cc9","3-e19053cf45bac3abfd6f20e368e260641b2b870c0b1ecc33c9d026841d33173d","root.record.ProgramElement.ProjectList.Project"
"RDT&E,N (USN) 0604800N/2261","","4.359","","","","","","","","2014-BASE_RDTE-2014-NAVY_BA5-RDTE_JustificationBook_Navy_PB_2014.zzz_unzipped-RDTE_JustificationBook_Navy_PB_2014.xml","9bed30f3ffdbaa3d7b6b5713cc54443a407198db6f9a7da9b9dceebf3ea9b3a5","4-afe6dba12b4545d810ee15abaf7e47ce7e79a2cf1f3387d4ad37f371e3b837b1","3-e19053cf45bac3abfd6f20e368e260641b2b870c0b1ecc33c9d026841d33173d","root.record.ProgramElement.ProjectList.Project"
"RDT&E, AF/ 0604800F","1366.147","1192.506","782.335","782.335","","","","","","2014-BASE_RDTE-2014-NAVY_BA7-RDTE_MasterJustificationBook_Navy_PB_2014.zzz_unzipped-RDTE_MasterJustificationBook_Navy_PB_2014.xml","41bf768c343a17b46656959fa3cd17b4bd542296c4745b8f16d8255af7c04b6f","0-d583150de265741dba2955852537ee5f868150d9550987dd02b3492e0cb2a24f","0-1044d18e3d28495e511a75455c75d4983aa8f780f085f349b87ab7aba9fc2f61","root.record.ProgramElement.ProjectList.Project"
"International Partner (SDD)","145.664","149.346","4.411","4.411","","","","","","2014-BASE_RDTE-2014-NAVY_BA7-RDTE_MasterJustificationBook_Navy_PB_2014.zzz_unzipped-RDTE_MasterJustificationBook_Navy_PB_2014.xml","41bf768c343a17b46656959fa3cd17b4bd542296c4745b8f16d8255af7c04b6f","1-4c6484c084f43d15ebdacf333bd390743872a98bfab9ef80f701ccdb2865c495","0-1044d18e3d28495e511a75455c75d4983aa8f780f085f349b87ab7aba9fc2f61","root.record.ProgramElement.ProjectList.Project"
"RDT&E,N (Navy)/0604800N/2261","605.998","724.392","507.753","507.753","","","","","","2014-BASE_RDTE-2014-NAVY_BA7-RDTE_MasterJustificationBook_Navy_PB_2014.zzz_unzipped-RDTE_MasterJustificationBook_Navy_PB_2014.xml","41bf768c343a17b46656959fa3cd17b4bd542296c4745b8f16d8255af7c04b6f","2-d4c4cc60b3516948d48fbbe91e7564c94b17fb3cad303fafe437f75a3c86077a","0-1044d18e3d28495e511a75455c75d4983aa8f780f085f349b87ab7aba9fc2f61","root.record.ProgramElement.ProjectList.Project"
"RDT&E,N (Navy) 0604800N/3352","0.000","0.000","14.992","14.992","","","","","","2014-BASE_RDTE-2014-NAVY_BA7-RDTE_MasterJustificationBook_Navy_PB_2014.zzz_unzipped-RDTE_MasterJustificationBook_Navy_PB_2014.xml","41bf768c343a17b46656959fa3cd17b4bd542296c4745b8f16d8255af7c04b6f","0-f1a9946c9319776efc490efda62a5ea502f94820d8a60c930aaf0682a3a32730","1-33c8e6a0b4358f332379813244935804016c306ea7d99d65633f5ab64de6c171","root.record.ProgramElement.ProjectList.Project"
"RDT&E,AF 0604800F/653832","0.000","17.800","34.000","34.000","","","","","","2014-BASE_RDTE-2014-NAVY_BA7-RDTE_MasterJustificationBook_Navy_PB_2014.zzz_unzipped-RDTE_MasterJustificationBook_Navy_PB_2014.xml","41bf768c343a17b46656959fa3cd17b4bd542296c4745b8f16d8255af7c04b6f","1-764ed1f954ce85683dedf870982219b613001d72597af576026081f8f4c59028","1-33c8e6a0b4358f332379813244935804016c306ea7d99d65633f5ab64de6c171","root.record.ProgramElement.ProjectList.Project"
"RDT&E,N (Navy) 0604800N/3353","0.000","0.000","11.442","11.442","","","","","","2014-BASE_RDTE-2014-NAVY_BA7-RDTE_MasterJustificationBook_Navy_PB_2014.zzz_unzipped-RDTE_MasterJustificationBook_Navy_PB_2014.xml","41bf768c343a17b46656959fa3cd17b4bd542296c4745b8f16d8255af7c04b6f","0-640e18190fa3b84c21271267733b1175b50e005da4bec1a0af01ef4d83a9c8ac","2-977e676715ed0d5909cf955ebddee3808e4e35ddf92deba4ed70494858997b5c","root.record.ProgramElement.ProjectList.Project"
"RDT&E,AF 0207142F/675346","0.000","8.117","23.000","23.000","","","","","","2014-BASE_RDTE-2014-NAVY_BA7-RDTE_MasterJustificationBook_Navy_PB_2014.zzz_unzipped-RDTE_MasterJustificationBook_Navy_PB_2014.xml","41bf768c343a17b46656959fa3cd17b4bd542296c4745b8f16d8255af7c04b6f","1-7a28708f0a9532236dc2777b8e6225f008a5b5b611695f491488d760b4b889e0","2-977e676715ed0d5909cf955ebddee3808e4e35ddf92deba4ed70494858997b5c","root.record.ProgramElement.ProjectList.Project"
"RDT&E,AF 0207142F/676011","9.682","0.000","10.000","10.000","","","","","","2014-BASE_RDTE-2014-NAVY_BA7-RDTE_MasterJustificationBook_Navy_PB_2014.zzz_unzipped-RDTE_MasterJustificationBook_Navy_PB_2014.xml","41bf768c343a17b46656959fa3cd17b4bd542296c4745b8f16d8255af7c04b6f","2-556f49c96ea62afa74a0fd32f5efd3eca1ae9acfb5946345b121c292ff3dda69","2-977e676715ed0d5909cf955ebddee3808e4e35ddf92deba4ed70494858997b5c","root.record.ProgramElement.ProjectList.Project"
"RDT&E,N (USMC) 0604800M/2262","","4.358","","","","","","","","2014-BASE_RDTE-2014-NAVY_BA7-RDTE_MasterJustificationBook_Navy_PB_2014.zzz_unzipped-RDTE_MasterJustificationBook_Navy_PB_2014.xml","41bf768c343a17b46656959fa3cd17b4bd542296c4745b8f16d8255af7c04b6f","3-b5bc3d21544f0605f1f5dd0cf6303eb92fe728076778e8027e8f1cfeb67f17b4","2-977e676715ed0d5909cf955ebddee3808e4e35ddf92deba4ed70494858997b5c","root.record.ProgramElement.ProjectList.Project"
"RDT&E,N (USN) 0604800N/2261","","4.359","","","","","","","","2014-BASE_RDTE-2014-NAVY_BA7-RDTE_MasterJustificationBook_Navy_PB_2014.zzz_unzipped-RDTE_MasterJustificationBook_Navy_PB_2014.xml","41bf768c343a17b46656959fa3cd17b4bd542296c4745b8f16d8255af7c04b6f","4-605f48a28ac3de12eed6b850b5571009ccb5094a7052847c9a9415c3a90f55ef","2-977e676715ed0d5909cf955ebddee3808e4e35ddf92deba4ed70494858997b5c","root.record.ProgramElement.ProjectList.Project"
"RDT&E,AF 0604800F","1366.147","1192.506","782.335","782.335","","","","","","2014-BASE_RDTE-2014-NAVY_BA7-RDTE_MasterJustificationBook_Navy_PB_2014.zzz_unzipped-RDTE_MasterJustificationBook_Navy_PB_2014.xml","9348cec0e28c6d8fff2091d0872486991d08bbec628fbfc2ceb461e4a8ff4104","0-953e9469ef49d4d154360bc31a6cf45a8c91e9b8a44218c279e32f2cdecf8ece","0-3c14cec5ec4f0899f7e6eef0dfecd3f079d1e270fd105441b2c85b5d0755ba10","root.record.ProgramElement.ProjectList.Project"
"International Partner (SDD)","145.664","149.346","4.411","4.411","","","","","","2014-BASE_RDTE-2014-NAVY_BA7-RDTE_MasterJustificationBook_Navy_PB_2014.zzz_unzipped-RDTE_MasterJustificationBook_Navy_PB_2014.xml","9348cec0e28c6d8fff2091d0872486991d08bbec628fbfc2ceb461e4a8ff4104","1-f8d80fe513fc075665f9d7056943732a9c7bdd923c9c16522d8229f4fbbbef51","0-3c14cec5ec4f0899f7e6eef0dfecd3f079d1e270fd105441b2c85b5d0755ba10","root.record.ProgramElement.ProjectList.Project"
"RDT&E,N (USMC) 0604800M/2262","617.695","737.149","482.823","482.823","","","","","","2014-BASE_RDTE-2014-NAVY_BA7-RDTE_MasterJustificationBook_Navy_PB_2014.zzz_unzipped-RDTE_MasterJustificationBook_Navy_PB_2014.xml","9348cec0e28c6d8fff2091d0872486991d08bbec628fbfc2ceb461e4a8ff4104","2-b57f06182eec2ba2773595dbe567eea629ab819d552509055dde9c235ed65d1f","0-3c14cec5ec4f0899f7e6eef0dfecd3f079d1e270fd105441b2c85b5d0755ba10","root.record.ProgramElement.ProjectList.Project"
"RDT&E,N (USMC) 0604800M/3350","0.000","0.000","14.904","14.904","","","","","","2014-BASE_RDTE-2014-NAVY_BA7-RDTE_MasterJustificationBook_Navy_PB_2014.zzz_unzipped-RDTE_MasterJustificationBook_Navy_PB_2014.xml","9348cec0e28c6d8fff2091d0872486991d08bbec628fbfc2ceb461e4a8ff4104","0-5dc50b702ce2f55c39e2fe727793c52902e7a7624fb15c695c2dcf2063142837","2-fd151d1404be59ea14d40055b0095fadee921e9806422bab58bade40aa133f81","root.record.ProgramElement.ProjectList.Project"
"RDT&E,AF 0604800F/653832","0.000","17.800","34.000","34.000","","","","","","2014-BASE_RDTE-2014-NAVY_BA7-RDTE_MasterJustificationBook_Navy_PB_2014.zzz_unzipped-RDTE_MasterJustificationBook_Navy_PB_2014.xml","9348cec0e28c6d8fff2091d0872486991d08bbec628fbfc2ceb461e4a8ff4104","1-701d8f6b4559b7142d1520303e0901a5d5045d666e24e2f921e2f90546543d18","2-fd151d1404be59ea14d40055b0095fadee921e9806422bab58bade40aa133f81","root.record.ProgramElement.ProjectList.Project"
"RDT&E,AF 0207142F (FOD)","0.000","8.117","23.000","23.000","","","","","","2014-BASE_RDTE-2014-NAVY_BA7-RDTE_MasterJustificationBook_Navy_PB_2014.zzz_unzipped-RDTE_MasterJustificationBook_Navy_PB_2014.xml","9348cec0e28c6d8fff2091d0872486991d08bbec628fbfc2ceb461e4a8ff4104","0-e31960b8c96de9555c8f19b5148a6db6dc6167f8aade36ee779b58b6d3a12f26","3-9c65b8aa82ea066e477ea19ab3a1528624e45d0c258049e2f70fe830a98bb50b","root.record.ProgramElement.ProjectList.Project"
"RDT&E,N (USMC) 0604800M/3351","0.000","0.000","14.904","14.904","","","","","","2014-BASE_RDTE-2014-NAVY_BA7-RDTE_MasterJustificationBook_Navy_PB_2014.zzz_unzipped-RDTE_MasterJustificationBook_Navy_PB_2014.xml","9348cec0e28c6d8fff2091d0872486991d08bbec628fbfc2ceb461e4a8ff4104","1-ecd38586824af1f72458f156156838c6fb5fcdd9a9862d9792c5293c86cdeb48","3-9c65b8aa82ea066e477ea19ab3a1528624e45d0c258049e2f70fe830a98bb50b","root.record.ProgramElement.ProjectList.Project"
"RDT&E,AF 0207142F (DCA)","9.682","0.000","10.000","10.000","","","","","","2014-BASE_RDTE-2014-NAVY_BA7-RDTE_MasterJustificationBook_Navy_PB_2014.zzz_unzipped-RDTE_MasterJustificationBook_Navy_PB_2014.xml","9348cec0e28c6d8fff2091d0872486991d08bbec628fbfc2ceb461e4a8ff4104","2-21335629e59bd0de391a6bfe776f6daa4bdd97eef5c7b1f1dd8788ae55133481","3-9c65b8aa82ea066e477ea19ab3a1528624e45d0c258049e2f70fe830a98bb50b","root.record.ProgramElement.ProjectList.Project"
"RDT&E,N (USMC) 0604800M/2262","","4.358","","","","","","","","2014-BASE_RDTE-2014-NAVY_BA7-RDTE_MasterJustificationBook_Navy_PB_2014.zzz_unzipped-RDTE_MasterJustificationBook_Navy_PB_2014.xml","9348cec0e28c6d8fff2091d0872486991d08bbec628fbfc2ceb461e4a8ff4104","3-8fb393f62886f1d80ffec22aa08416e7cf877b81f881cf9c7ab12c1301b535d7","3-9c65b8aa82ea066e477ea19ab3a1528624e45d0c258049e2f70fe830a98bb50b","root.record.ProgramElement.ProjectList.Project"
"RDT&E,N (USN) 0604800N/2261","","4.359","","","","","","","","2014-BASE_RDTE-2014-NAVY_BA7-RDTE_MasterJustificationBook_Navy_PB_2014.zzz_unzipped-RDTE_MasterJustificationBook_Navy_PB_2014.xml","9348cec0e28c6d8fff2091d0872486991d08bbec628fbfc2ceb461e4a8ff4104","4-edef081ed24bd0b160474b393b925fc395085368ebc44e5fa6a0c968e5c4da56","3-9c65b8aa82ea066e477ea19ab3a1528624e45d0c258049e2f70fe830a98bb50b","root.record.ProgramElement.ProjectList.Project"
"Other Service Program Funding Adjustment","","","28.169","28.169","","0.000","0.000","28.169","","2015-BASE_RDTE-2015-AIRFORCE_V3A-RDTE_JustificationBook_Air_Force_PB_2015.zzz_unzipped-RDTE_JustificationBook_Air_Force_PB_2015.xml","1fe2009036b48791fc2e49f81196fb057a858b9913b1e166a0053e47331d7358","0-487e2567006c47b88c236918180216fdc1aa499b37565d2edc58fdfb022e3de0","0-39cb0fcec88dbf6b2748071fdfa58f02f7e7fc0ad80e8131e50373c8757e0a29","root.record.ProgramElement.ProjectList.Project"
"Other Service Funding Adjustment","1412.703","841.606","978.760","978.760","","23281.753","1986.908","28501.730","2635.387","2015-BASE_RDTE-2015-AIRFORCE_V2-RDTE_JustificationBook_Air_Force_PB_2015.zzz_unzipped-RDTE_JustificationBook_Air_Force_PB_2015.xml","1798a12c3678b6689d6b6736cda56a02b5647b20f6c287e93065be2a3bcc79b2","0-ddd687310eb8f448d893d04ad65e6add60a856b3e11874b2db1e67af1105b0c0","0-06f5ba9eec7d66e1b1d05a0cabda7ebb2ed3d32aadb7228c09d447903e7a3eda","root.record.ProgramElement.ProjectList.Project"
"Other Service Funding Adjustment","","29.896","28.977","28.977","","0.000","0.000","58.873","","2015-BASE_RDTE-2015-AIRFORCE_V2-RDTE_JustificationBook_Air_Force_PB_2015.zzz_unzipped-RDTE_JustificationBook_Air_Force_PB_2015.xml","1798a12c3678b6689d6b6736cda56a02b5647b20f6c287e93065be2a3bcc79b2","0-afbf9c6d1959ac829087f7e30097e9723163ada8d15cad7eb54770f19cf99652","1-897dff4335d584e634e366e12ec729d933d9504f07479577a038c7c1dd5c8a4e","root.record.ProgramElement.ProjectList.Project"
"Other Service Funding Adjustment","1412.703","841.606","978.760","978.760","","23281.753","1986.908","28501.730","2635.387","2015-BASE_RDTE-2015-AIRFORCE_V3B-RDTE_MasterJustificationBook_Air_Force_PB_2015.zzz_unzipped-RDTE_MasterJustificationBook_Air_Force_PB_2015.xml","4bcdfda1900714429ea61e9adf45ad7a3541ce8f4ff8761b6b4c7328bda42c08","0-c3995212eb98a7c2ded26b1d281aca78969624ffffc7d8738c9539d9b0119d21","0-90f4179130d9d118b41a7aecceb2836b081ca2481b8d7798bf10b01664d6be9b","root.record.ProgramElement.ProjectList.Project"
"Other Service Funding Adjustment","","29.896","28.977","28.977","","0.000","0.000","58.873","","2015-BASE_RDTE-2015-AIRFORCE_V3B-RDTE_MasterJustificationBook_Air_Force_PB_2015.zzz_unzipped-RDTE_MasterJustificationBook_Air_Force_PB_2015.xml","4bcdfda1900714429ea61e9adf45ad7a3541ce8f4ff8761b6b4c7328bda42c08","0-25978b3f1afe45f1a0a377ae0e67e787cb650aa3a1019cd5c51cfd1fabb86c0f","1-69e23f1dea6be732a2d1a62aeb84b8a43c524a679ffbd4b8eb4dec053acf7330","root.record.ProgramElement.ProjectList.Project"
"Other Service Program Funding Adjustment","","","28.169","28.169","","0.000","0.000","28.169","","2015-BASE_RDTE-2015-AIRFORCE_V3B-RDTE_MasterJustificationBook_Air_Force_PB_2015.zzz_unzipped-RDTE_MasterJustificationBook_Air_Force_PB_2015.xml","13b91337411cf1e84f0308c34a35ad148685bc2c6858283fc917c08ef55b110c","0-7899a5d07debb5ee28573851b6c590a1e5a2835c0e4a3bae0226a88144806c3d","0-3b2c4bce81ae0c6c29364243c4f5037332b705ca1ef7559b580c707aea3d83ac","root.record.ProgramElement.ProjectList.Project"
"RDTE&E, AF 0604800F","1115.712","612.254","535.420","535.420","","","","","","2015-BASE_RDTE-2015-NAVY_BA5-RDTE_JustificationBook_Navy_PB_2015.zzz_unzipped-RDTE_JustificationBook_Navy_PB_2015.xml","f73371937351d24771af704938b5d78e40e966b90dee7f1e6fe27ff5086195b9","0-297e4ddab5a4933c2103fcc5d69751b7bc74e880f5517d62dbb94c683c41285f","0-4c90e42ad7646ac0b5193913afb0b40119d768f104a3b7ebda2dc72659c7c8c3","root.record.ProgramElement.ProjectList.Project"
"International Partner (SDD)","148.772","18.030","6.430","6.430","","","","","","2015-BASE_RDTE-2015-NAVY_BA5-RDTE_JustificationBook_Navy_PB_2015.zzz_unzipped-RDTE_JustificationBook_Navy_PB_2015.xml","f73371937351d24771af704938b5d78e40e966b90dee7f1e6fe27ff5086195b9","1-e97c535fd0061562704bfaea9c8e17a2fa44d040efb51b1e0ba62539853f93a9","0-4c90e42ad7646ac0b5193913afb0b40119d768f104a3b7ebda2dc72659c7c8c3","root.record.ProgramElement.ProjectList.Project"
"RDT&E,N (Navy) 0604800N/2261","624.872","424.253","485.263","485.263","","","","","","2015-BASE_RDTE-2015-NAVY_BA5-RDTE_JustificationBook_Navy_PB_2015.zzz_unzipped-RDTE_JustificationBook_Navy_PB_2015.xml","f73371937351d24771af704938b5d78e40e966b90dee7f1e6fe27ff5086195b9","2-7284736a204f22d698e086b7bb7b315ba4a1651a7e7c076e40bc06ddedcc2904","0-4c90e42ad7646ac0b5193913afb0b40119d768f104a3b7ebda2dc72659c7c8c3","root.record.ProgramElement.ProjectList.Project"
"RDT&E,N (Navy) 0604800N/3352","","14.992","16.997","16.997","","","","","","2015-BASE_RDTE-2015-NAVY_BA5-RDTE_JustificationBook_Navy_PB_2015.zzz_unzipped-RDTE_JustificationBook_Navy_PB_2015.xml","f73371937351d24771af704938b5d78e40e966b90dee7f1e6fe27ff5086195b9","0-027f83e4e07d92875f0fa0f9d50ed14b783787b565411c15238495595f380926","1-9d6053451b378bdb06da0bc6589991f966ef2b871639d5c0ac7ffaac463f70f6","root.record.ProgramElement.ProjectList.Project"
"RDT&E,AF 0604800F/65832","14.167","16.200","32.593","32.593","","","","","","2015-BASE_RDTE-2015-NAVY_BA5-RDTE_JustificationBook_Navy_PB_2015.zzz_unzipped-RDTE_JustificationBook_Navy_PB_2015.xml","f73371937351d24771af704938b5d78e40e966b90dee7f1e6fe27ff5086195b9","1-d16c525ed6488a2f70b719b69a4b3209c5ecab036e782d0a89e2b6449f597c3a","1-9d6053451b378bdb06da0bc6589991f966ef2b871639d5c0ac7ffaac463f70f6","root.record.ProgramElement.ProjectList.Project"
"RDT&E,N (Navy) 0604800N/3353","","","14.196","14.196","","","","","","2015-BASE_RDTE-2015-NAVY_BA5-RDTE_JustificationBook_Navy_PB_2015.zzz_unzipped-RDTE_JustificationBook_Navy_PB_2015.xml","f73371937351d24771af704938b5d78e40e966b90dee7f1e6fe27ff5086195b9","0-aaf0e814f8c2bfed4f3cd72f999d9e5673f8e3e7d1d094319be4951f0e22e27d","2-4548a5d20cfe5e2775553210a1cf109c8982ba710a8d4e2026f93ab89922adc1","root.record.ProgramElement.ProjectList.Project"
"RDT&E,AF 0207142F/675346","","3.000","28.051","28.051","","","","","","2015-BASE_RDTE-2015-NAVY_BA5-RDTE_JustificationBook_Navy_PB_2015.zzz_unzipped-RDTE_JustificationBook_Navy_PB_2015.xml","f73371937351d24771af704938b5d78e40e966b90dee7f1e6fe27ff5086195b9","1-fa4b3510251bf80f74d3af2e9f5a3676efe942eec93d7b3e114be84ab3eeb6dd","2-4548a5d20cfe5e2775553210a1cf109c8982ba710a8d4e2026f93ab89922adc1","root.record.ProgramElement.ProjectList.Project"
"RDT&E,AF 0604800F","1115.712","612.254","535.420","535.420","","","","","","2015-BASE_RDTE-2015-NAVY_BA5-RDTE_JustificationBook_Navy_PB_2015.zzz_unzipped-RDTE_JustificationBook_Navy_PB_2015.xml","26a5cc3e0e3f5e9dbe106c22fda100f6c16220d8b3b76677e6aad0f8dedc785d","0-5a55fd405638e4cf99cedf2a3913dbc06419b285d73ffaa479b4e00cd34acb41","0-df1075dad5ce54acdb23a918b28651ed6a29007e776b9096d8f763f08b6b0980","root.record.ProgramElement.ProjectList.Project"
"International Partner (SDD)","148.772","18.030","6.430","6.430","","","","","","2015-BASE_RDTE-2015-NAVY_BA5-RDTE_JustificationBook_Navy_PB_2015.zzz_unzipped-RDTE_JustificationBook_Navy_PB_2015.xml","26a5cc3e0e3f5e9dbe106c22fda100f6c16220d8b3b76677e6aad0f8dedc785d","1-506d2be07a635074e7fded7733c6a9e681d577c860e2316fe7cbc12afb8cca43","0-df1075dad5ce54acdb23a918b28651ed6a29007e776b9096d8f763f08b6b0980","root.record.ProgramElement.ProjectList.Project"
"RDT&E,N (USMC) 0604800M/2262","639.059","399.323","487.068","487.068","","","","","","2015-BASE_RDTE-2015-NAVY_BA5-RDTE_JustificationBook_Navy_PB_2015.zzz_unzipped-RDTE_JustificationBook_Navy_PB_2015.xml","26a5cc3e0e3f5e9dbe106c22fda100f6c16220d8b3b76677e6aad0f8dedc785d","2-79d5cc0d2c07f9e20a12924986d72ac5bf3ce17324ee17883e1db7c65f604ea3","0-df1075dad5ce54acdb23a918b28651ed6a29007e776b9096d8f763f08b6b0980","root.record.ProgramElement.ProjectList.Project"
"RDT&E,N (USMC) 0604800M/3350","","14.904","11.980","11.980","","","","","","2015-BASE_RDTE-2015-NAVY_BA5-RDTE_JustificationBook_Navy_PB_2015.zzz_unzipped-RDTE_JustificationBook_Navy_PB_2015.xml","26a5cc3e0e3f5e9dbe106c22fda100f6c16220d8b3b76677e6aad0f8dedc785d","0-88614d522f4fa63c82cf5c8b428717c00daf0a298c76424733a516e59b3bfff3","2-604dbd1c78e1cdc872284bb0fdb529224e86b660a4c3cad31eed124a045158b8","root.record.ProgramElement.ProjectList.Project"
"RDT&E,AF  0604800F/65832","14.167","16.200","32.593","32.593","","","","","","2015-BASE_RDTE-2015-NAVY_BA5-RDTE_JustificationBook_Navy_PB_2015.zzz_unzipped-RDTE_JustificationBook_Navy_PB_2015.xml","26a5cc3e0e3f5e9dbe106c22fda100f6c16220d8b3b76677e6aad0f8dedc785d","1-695b6e7a4e68206828cebe392e786e77bb9624ac7e0886c7cf1a202ecf8de1f8","2-604dbd1c78e1cdc872284bb0fdb529224e86b660a4c3cad31eed124a045158b8","root.record.ProgramElement.ProjectList.Project"
"RDT&E,N (USMC) 0604800M/3351","","","13.973","13.973","","","","","","2015-BASE_RDTE-2015-NAVY_BA5-RDTE_JustificationBook_Navy_PB_2015.zzz_unzipped-RDTE_JustificationBook_Navy_PB_2015.xml","26a5cc3e0e3f5e9dbe106c22fda100f6c16220d8b3b76677e6aad0f8dedc785d","0-5f977964c53022769f3a518bacc47e994a8d1d4f8bd4381b3f1b73409d6c68fa","3-1499de8ab69acbf2326ade3fc8f329a57b55be459b7ff4d723d0f1a762dd374b","root.record.ProgramElement.ProjectList.Project"
"RDT&E,AF 0207142F/675346","","3.000","28.051","28.051","","","","","","2015-BASE_RDTE-2015-NAVY_BA5-RDTE_JustificationBook_Navy_PB_2015.zzz_unzipped-RDTE_JustificationBook_Navy_PB_2015.xml","26a5cc3e0e3f5e9dbe106c22fda100f6c16220d8b3b76677e6aad0f8dedc785d","1-32588a5589dae2e78be9ce8d26e13f61cb52c5e759cd665641a67bcb93122a7c","3-1499de8ab69acbf2326ade3fc8f329a57b55be459b7ff4d723d0f1a762dd374b","root.record.ProgramElement.ProjectList.Project"
"RDTE&E, AF 0604800F","1115.712","612.254","535.420","535.420","","","","","","2015-BASE_RDTE-2015-NAVY_BA4-RDTE_MasterJustificationBook_Navy_PB_2015.zzz_unzipped-RDTE_MasterJustificationBook_Navy_PB_2015.xml","67a66f093fe65759f32380238f1ee7836e9a1472aba52a15a78a8fd7671d82ed","0-4fc0e2f3a95306fa5ab6bf190748fd5d395f94703827754307e9dbded4991777","0-c123b9e39a6a1a8abee080d0261f312d8e1c8bad139d1fcc41f45784dda30408","root.record.ProgramElement.ProjectList.Project"
"International Partner (SDD)","148.772","18.030","6.430","6.430","","","","","","2015-BASE_RDTE-2015-NAVY_BA4-RDTE_MasterJustificationBook_Navy_PB_2015.zzz_unzipped-RDTE_MasterJustificationBook_Navy_PB_2015.xml","67a66f093fe65759f32380238f1ee7836e9a1472aba52a15a78a8fd7671d82ed","1-cbd61693d59364affb0c5611ca5e8323b43cebef2564dd7eb262191a32601b5b","0-c123b9e39a6a1a8abee080d0261f312d8e1c8bad139d1fcc41f45784dda30408","root.record.ProgramElement.ProjectList.Project"
"RDT&E,N (Navy) 0604800N/2261","624.872","424.253","485.263","485.263","","","","","","2015-BASE_RDTE-2015-NAVY_BA4-RDTE_MasterJustificationBook_Navy_PB_2015.zzz_unzipped-RDTE_MasterJustificationBook_Navy_PB_2015.xml","67a66f093fe65759f32380238f1ee7836e9a1472aba52a15a78a8fd7671d82ed","2-2b730586bffd1205cf185589502ae530fd646a67dce0836cb496c33470748bae","0-c123b9e39a6a1a8abee080d0261f312d8e1c8bad139d1fcc41f45784dda30408","root.record.ProgramElement.ProjectList.Project"
"RDT&E,N (Navy) 0604800N/3352","","14.992","16.997","16.997","","","","","","2015-BASE_RDTE-2015-NAVY_BA4-RDTE_MasterJustificationBook_Navy_PB_2015.zzz_unzipped-RDTE_MasterJustificationBook_Navy_PB_2015.xml","67a66f093fe65759f32380238f1ee7836e9a1472aba52a15a78a8fd7671d82ed","0-5d837b0dc387824bee2824b8f37cd93ec2c3ca26f90ecaae2da1e45fe505cee7","1-2b2864701e28b65746bd7da4ea2be1f818b4beb8a16d647fb5ecec11cf908118","root.record.ProgramElement.ProjectList.Project"
"RDT&E,AF 0604800F/65832","14.167","16.200","32.593","32.593","","","","","","2015-BASE_RDTE-2015-NAVY_BA4-RDTE_MasterJustificationBook_Navy_PB_2015.zzz_unzipped-RDTE_MasterJustificationBook_Navy_PB_2015.xml","67a66f093fe65759f32380238f1ee7836e9a1472aba52a15a78a8fd7671d82ed","1-a33e769fe68f86e7168429d430e263319a198dfa16477fa1cdc4428346ab1cc4","1-2b2864701e28b65746bd7da4ea2be1f818b4beb8a16d647fb5ecec11cf908118","root.record.ProgramElement.ProjectList.Project"
"RDT&E,N (Navy) 0604800N/3353","","","14.196","14.196","","","","","","2015-BASE_RDTE-2015-NAVY_BA4-RDTE_MasterJustificationBook_Navy_PB_2015.zzz_unzipped-RDTE_MasterJustificationBook_Navy_PB_2015.xml","67a66f093fe65759f32380238f1ee7836e9a1472aba52a15a78a8fd7671d82ed","0-18553444f0027db0818a5f4dceeedb2bbd9e5dd26c69b7997769b536583bb139","2-3608df45b1ef21a114c240988b6d04bb05b2433d9dcdd453d82b9daad75d8239","root.record.ProgramElement.ProjectList.Project"
"RDT&E,AF 0207142F/675346","","3.000","28.051","28.051","","","","","","2015-BASE_RDTE-2015-NAVY_BA4-RDTE_MasterJustificationBook_Navy_PB_2015.zzz_unzipped-RDTE_MasterJustificationBook_Navy_PB_2015.xml","67a66f093fe65759f32380238f1ee7836e9a1472aba52a15a78a8fd7671d82ed","1-953f1d14c0e00fa10759a282dc5ecdee228f96290b2dc0f21cad8828c0bbbe3f","2-3608df45b1ef21a114c240988b6d04bb05b2433d9dcdd453d82b9daad75d8239","root.record.ProgramElement.ProjectList.Project"
"RDT&E,AF 0604800F","1115.712","612.254","535.420","535.420","","","","","","2015-BASE_RDTE-2015-NAVY_BA4-RDTE_MasterJustificationBook_Navy_PB_2015.zzz_unzipped-RDTE_MasterJustificationBook_Navy_PB_2015.xml","832852cfb632db552660d98b8de54c6f75f360b2a685205f4f9fde2506bbcada","0-3173cfda4e699cfa36a44fa7851445791ee2f833054cf2fa97f97b9d01b46cca","0-450ae2983ab3d37fee4e50b772e4d79fac2c4638c8a5e84de4b160206963980d","root.record.ProgramElement.ProjectList.Project"
"International Partner (SDD)","148.772","18.030","6.430","6.430","","","","","","2015-BASE_RDTE-2015-NAVY_BA4-RDTE_MasterJustificationBook_Navy_PB_2015.zzz_unzipped-RDTE_MasterJustificationBook_Navy_PB_2015.xml","832852cfb632db552660d98b8de54c6f75f360b2a685205f4f9fde2506bbcada","1-62d965c02733e37391ef66d8cc32bc71c7353da01721730ec5d7cd715defc412","0-450ae2983ab3d37fee4e50b772e4d79fac2c4638c8a5e84de4b160206963980d","root.record.ProgramElement.ProjectList.Project"
"RDT&E,N (USMC) 0604800M/2262","639.059","399.323","487.068","487.068","","","","","","2015-BASE_RDTE-2015-NAVY_BA4-RDTE_MasterJustificationBook_Navy_PB_2015.zzz_unzipped-RDTE_MasterJustificationBook_Navy_PB_2015.xml","832852cfb632db552660d98b8de54c6f75f360b2a685205f4f9fde2506bbcada","2-8e51e3e08b527f3d387bae792d7f24d43f96f7c26a95d4892a102896b55b22b8","0-450ae2983ab3d37fee4e50b772e4d79fac2c4638c8a5e84de4b160206963980d","root.record.ProgramElement.ProjectList.Project"
"RDT&E,N (USMC) 0604800M/3350","","14.904","11.980","11.980","","","","","","2015-BASE_RDTE-2015-NAVY_BA4-RDTE_MasterJustificationBook_Navy_PB_2015.zzz_unzipped-RDTE_MasterJustificationBook_Navy_PB_2015.xml","832852cfb632db552660d98b8de54c6f75f360b2a685205f4f9fde2506bbcada","0-146da94d3c60de2a0dd55588dd5dfb08e0502e756fc538b022d50416ba17ec82","2-364f8c1e03cebd681a303ecfbd60ac9003e71f74590225eb483593af690e5513","root.record.ProgramElement.ProjectList.Project"
"RDT&E,AF  0604800F/65832","14.167","16.200","32.593","32.593","","","","","","2015-BASE_RDTE-2015-NAVY_BA4-RDTE_MasterJustificationBook_Navy_PB_2015.zzz_unzipped-RDTE_MasterJustificationBook_Navy_PB_2015.xml","832852cfb632db552660d98b8de54c6f75f360b2a685205f4f9fde2506bbcada","1-319998da666445d3b07e3954cadd2d5b94f370f9c6c09cefad37922880feb593","2-364f8c1e03cebd681a303ecfbd60ac9003e71f74590225eb483593af690e5513","root.record.ProgramElement.ProjectList.Project"
"RDT&E,N (USMC) 0604800M/3351","","","13.973","13.973","","","","","","2015-BASE_RDTE-2015-NAVY_BA4-RDTE_MasterJustificationBook_Navy_PB_2015.zzz_unzipped-RDTE_MasterJustificationBook_Navy_PB_2015.xml","832852cfb632db552660d98b8de54c6f75f360b2a685205f4f9fde2506bbcada","0-b1ef709aac8c3085a1edfeecf34a96f3200e288d969daf03ab237ca902689bec","3-0e85b43a7cfde9407b70479ef6156df566f2ff4b02b1497eacdcbc792a0a3bec","root.record.ProgramElement.ProjectList.Project"
"RDT&E,AF 0207142F/675346","","3.000","28.051","28.051","","","","","","2015-BASE_RDTE-2015-NAVY_BA4-RDTE_MasterJustificationBook_Navy_PB_2015.zzz_unzipped-RDTE_MasterJustificationBook_Navy_PB_2015.xml","832852cfb632db552660d98b8de54c6f75f360b2a685205f4f9fde2506bbcada","1-965254c2b287adf13fd5b7bf1493f7f2673a3e66aafaf8f4b5b1259b698bd559","3-0e85b43a7cfde9407b70479ef6156df566f2ff4b02b1497eacdcbc792a0a3bec","root.record.ProgramElement.ProjectList.Project"
"RDT&E,AF 0604800F","1115.712","612.254","535.420","535.420","","","","","","2015-BASE_RDTE-2015-NAVY_BA6-RDTE_MasterJustificationBook_Navy_PB_2015.zzz_unzipped-RDTE_MasterJustificationBook_Navy_PB_2015.xml","23bfdad92c3c1e6d7812fb0e9c76662b4acebe5126a54b9eddc4e95fe9159fff","0-55961de9a6f8572b31e97fdf06f980349a1b70272001259ae1376dde4a48340b","0-25be84af307bbdd7e9726f6bb6437db074ae0d265e218bea02d582d539227700","root.record.ProgramElement.ProjectList.Project"
"International Partner (SDD)","148.772","18.030","6.430","6.430","","","","","","2015-BASE_RDTE-2015-NAVY_BA6-RDTE_MasterJustificationBook_Navy_PB_2015.zzz_unzipped-RDTE_MasterJustificationBook_Navy_PB_2015.xml","23bfdad92c3c1e6d7812fb0e9c76662b4acebe5126a54b9eddc4e95fe9159fff","1-9e13aa3613ac233afe822989f93096241c4223bac6acb9de89c795dc582fbd9b","0-25be84af307bbdd7e9726f6bb6437db074ae0d265e218bea02d582d539227700","root.record.ProgramElement.ProjectList.Project"
"RDT&E,N (Navy) 0604800N/261","624.872","424.253","485.263","485.263","","","","","","2015-BASE_RDTE-2015-NAVY_BA6-RDTE_MasterJustificationBook_Navy_PB_2015.zzz_unzipped-RDTE_MasterJustificationBook_Navy_PB_2015.xml","23bfdad92c3c1e6d7812fb0e9c76662b4acebe5126a54b9eddc4e95fe9159fff","2-fbbac09798a69009c5c7b664fe1379ad20398d58b2f8aa245276cb4b36676122","0-25be84af307bbdd7e9726f6bb6437db074ae0d265e218bea02d582d539227700","root.record.ProgramElement.ProjectList.Project"
"RDT&E,N (Navy) 0604800N/3352","","14.992","16.997","16.997","","","","","","2015-BASE_RDTE-2015-NAVY_BA6-RDTE_MasterJustificationBook_Navy_PB_2015.zzz_unzipped-RDTE_MasterJustificationBook_Navy_PB_2015.xml","23bfdad92c3c1e6d7812fb0e9c76662b4acebe5126a54b9eddc4e95fe9159fff","0-eef49111d5e980dc377d1c805642595384ee1109c8eac5436e11574de5a0ec99","1-f7636cd5464481a1331fb5e92b60fdf817fded3b1c454a6107985e641d0fe83d","root.record.ProgramElement.ProjectList.Project"
"RDT&E, AF 0604800F/65832","14.167","16.200","32.593","32.593","","","","","","2015-BASE_RDTE-2015-NAVY_BA6-RDTE_MasterJustificationBook_Navy_PB_2015.zzz_unzipped-RDTE_MasterJustificationBook_Navy_PB_2015.xml","23bfdad92c3c1e6d7812fb0e9c76662b4acebe5126a54b9eddc4e95fe9159fff","1-6da4a68a5c5df92aa8e2a0b5fef49270557e6a1e4f1edbccfe3d421843f3fb82","1-f7636cd5464481a1331fb5e92b60fdf817fded3b1c454a6107985e641d0fe83d","root.record.ProgramElement.ProjectList.Project"
"RDT&E,N (Navy) 0604800N/3352","","","14.196","14.196","","","","","","2015-BASE_RDTE-2015-NAVY_BA6-RDTE_MasterJustificationBook_Navy_PB_2015.zzz_unzipped-RDTE_MasterJustificationBook_Navy_PB_2015.xml","23bfdad92c3c1e6d7812fb0e9c76662b4acebe5126a54b9eddc4e95fe9159fff","0-7c60155f7c348062dfed41d075b55c8e80e5f59fdd9ce2254197708b2c8ddd6c","2-e9cb08a886c367da64703a0f8027a26ab93b3b44fc2ca3c4bd993d0df200c40f","root.record.ProgramElement.ProjectList.Project"
"RDT&E, AF 0207142F/675346","","3.000","28.051","28.051","","","","","","2015-BASE_RDTE-2015-NAVY_BA6-RDTE_MasterJustificationBook_Navy_PB_2015.zzz_unzipped-RDTE_MasterJustificationBook_Navy_PB_2015.xml","23bfdad92c3c1e6d7812fb0e9c76662b4acebe5126a54b9eddc4e95fe9159fff","1-639054b02978514ca6f1f90b3cd15d32832afab4492e9caf98b66559f1306d89","2-e9cb08a886c367da64703a0f8027a26ab93b3b44fc2ca3c4bd993d0df200c40f","root.record.ProgramElement.ProjectList.Project"
"RDT&E, AF 0604800F","1115.712","612.254","535.420","535.420","","","","","","2015-BASE_RDTE-2015-NAVY_BA6-RDTE_MasterJustificationBook_Navy_PB_2015.zzz_unzipped-RDTE_MasterJustificationBook_Navy_PB_2015.xml","24f87dfe0306ea240ab964f0e8c2f6eba5f63176b27999b3c2dc1b73bb4aa22f","0-7312cab621ef922dd527dd7a5feff33c3b06014d874f5e1bb43a2a967c58d964","0-b29850a6569926b2e65163737f490cc48cdca31270a67e472c68c895738b8a86","root.record.ProgramElement.ProjectList.Project"
"International Partner (SDD)","148.772","18.030","6.430","6.430","","","","","","2015-BASE_RDTE-2015-NAVY_BA6-RDTE_MasterJustificationBook_Navy_PB_2015.zzz_unzipped-RDTE_MasterJustificationBook_Navy_PB_2015.xml","24f87dfe0306ea240ab964f0e8c2f6eba5f63176b27999b3c2dc1b73bb4aa22f","1-3ee39100bd7d7a39d02fe20b38c55db7f4873428da71ca150c7e13f143dbb6f1","0-b29850a6569926b2e65163737f490cc48cdca31270a67e472c68c895738b8a86","root.record.ProgramElement.ProjectList.Project"
"RDT&E,N (USMC) 0604800M/2262","639.059","399.323","487.068","487.068","","","","","","2015-BASE_RDTE-2015-NAVY_BA6-RDTE_MasterJustificationBook_Navy_PB_2015.zzz_unzipped-RDTE_MasterJustificationBook_Navy_PB_2015.xml","24f87dfe0306ea240ab964f0e8c2f6eba5f63176b27999b3c2dc1b73bb4aa22f","2-a1858f2cfbefba7a04c93d6b2ed508809cc1a1029b82f7724c6b1b0a53e51ac7","0-b29850a6569926b2e65163737f490cc48cdca31270a67e472c68c895738b8a86","root.record.ProgramElement.ProjectList.Project"
"RDT&E,N (USMC) 0604800M/3350","","14.904","11.980","11.980","","","","","","2015-BASE_RDTE-2015-NAVY_BA6-RDTE_MasterJustificationBook_Navy_PB_2015.zzz_unzipped-RDTE_MasterJustificationBook_Navy_PB_2015.xml","24f87dfe0306ea240ab964f0e8c2f6eba5f63176b27999b3c2dc1b73bb4aa22f","0-24f2b13d276b21a97b02699db9f79520c1a7ac4b8d5413ac04f4ed336360ad9a","2-7bab192f47e53eeeaec219febb7bb31a32062bd94315393ffaddd95d84a72fa5","root.record.ProgramElement.ProjectList.Project"
"RDT&E,AF 0604800F/65832","14.167","16.200","32.593","32.593","","","","","","2015-BASE_RDTE-2015-NAVY_BA6-RDTE_MasterJustificationBook_Navy_PB_2015.zzz_unzipped-RDTE_MasterJustificationBook_Navy_PB_2015.xml","24f87dfe0306ea240ab964f0e8c2f6eba5f63176b27999b3c2dc1b73bb4aa22f","1-6deed408fbcd2e17d6b04882df1f2d7c24882b8252fe92e468b3b01f5c942293","2-7bab192f47e53eeeaec219febb7bb31a32062bd94315393ffaddd95d84a72fa5","root.record.ProgramElement.ProjectList.Project"
"RDT&E,N (USMC) 0604800M/3351","","","13.973","13.973","","","","","","2015-BASE_RDTE-2015-NAVY_BA6-RDTE_MasterJustificationBook_Navy_PB_2015.zzz_unzipped-RDTE_MasterJustificationBook_Navy_PB_2015.xml","24f87dfe0306ea240ab964f0e8c2f6eba5f63176b27999b3c2dc1b73bb4aa22f","0-153899124ac86ebb3ee487cab64d37f864444220d04bfe6a2f3e3ec6bd1b0e42","3-d57f50aca9025e5b03b549fce7337573667fd046e3937e02cb81fc8f8dadac9e","root.record.ProgramElement.ProjectList.Project"
"RDT&E,AF 0207142F/675346","","3.000","28.051","28.051","","","","","","2015-BASE_RDTE-2015-NAVY_BA6-RDTE_MasterJustificationBook_Navy_PB_2015.zzz_unzipped-RDTE_MasterJustificationBook_Navy_PB_2015.xml","24f87dfe0306ea240ab964f0e8c2f6eba5f63176b27999b3c2dc1b73bb4aa22f","1-5e552d81a6c0bb9b4aad983905e457124ad9f424dbdc1a2ff3d4c59f31767167","3-d57f50aca9025e5b03b549fce7337573667fd046e3937e02cb81fc8f8dadac9e","root.record.ProgramElement.ProjectList.Project"
"RDTE&E, AF 0604800F","1115.712","612.254","535.420","535.420","","","","","","2015-BASE_RDTE-2015-NAVY_BA7-RDTE_MasterJustificationBook_Navy_PB_2015.zzz_unzipped-RDTE_MasterJustificationBook_Navy_PB_2015.xml","7f7124eec16466125636941d581b14765a4ae4e4aa45fda84be8ebb992acbaf8","0-0d8a6564299e2e1a4087ea6639a9cf66f8fc3d71c879f7698b2db52e3f2f91f4","0-473c5a18f924683f9bfbaacce86a09a9d1d4ddc1aa2cd6b9f086cb0f928535fd","root.record.ProgramElement.ProjectList.Project"
"International Partner (SDD)","148.772","18.030","6.430","6.430","","","","","","2015-BASE_RDTE-2015-NAVY_BA7-RDTE_MasterJustificationBook_Navy_PB_2015.zzz_unzipped-RDTE_MasterJustificationBook_Navy_PB_2015.xml","7f7124eec16466125636941d581b14765a4ae4e4aa45fda84be8ebb992acbaf8","1-0c3c1883cf5b847f715b693d760e31a9d615c3c65accc3e43619feea33978e7b","0-473c5a18f924683f9bfbaacce86a09a9d1d4ddc1aa2cd6b9f086cb0f928535fd","root.record.ProgramElement.ProjectList.Project"
"RDT&E,N (Navy) 0604800N/2261","624.872","424.253","485.263","485.263","","","","","","2015-BASE_RDTE-2015-NAVY_BA7-RDTE_MasterJustificationBook_Navy_PB_2015.zzz_unzipped-RDTE_MasterJustificationBook_Navy_PB_2015.xml","7f7124eec16466125636941d581b14765a4ae4e4aa45fda84be8ebb992acbaf8","2-63e720a5c1121a33a5db3765cc971a1c37a8fd4f2acf2bef460df539bce03f4a","0-473c5a18f924683f9bfbaacce86a09a9d1d4ddc1aa2cd6b9f086cb0f928535fd","root.record.ProgramElement.ProjectList.Project"
"RDT&E,N (Navy) 0604800N/3352","","14.992","16.997","16.997","","","","","","2015-BASE_RDTE-2015-NAVY_BA7-RDTE_MasterJustificationBook_Navy_PB_2015.zzz_unzipped-RDTE_MasterJustificationBook_Navy_PB_2015.xml","7f7124eec16466125636941d581b14765a4ae4e4aa45fda84be8ebb992acbaf8","0-a7693c890ead56bfa3edca4fcb6b5fea085873dd27e3ba5fb046f17155c338b6","1-1e124018ad9e0d9e8ead35424ae0ca4dbd908ae8a92d2e61d49bfad15da090d1","root.record.ProgramElement.ProjectList.Project"
"RDT&E,AF 0604800F/65832","14.167","16.200","32.593","32.593","","","","","","2015-BASE_RDTE-2015-NAVY_BA7-RDTE_MasterJustificationBook_Navy_PB_2015.zzz_unzipped-RDTE_MasterJustificationBook_Navy_PB_2015.xml","7f7124eec16466125636941d581b14765a4ae4e4aa45fda84be8ebb992acbaf8","1-d1a060155f2960205f0fd07ab9132e7271af170979d270f8c2c76311f317e170","1-1e124018ad9e0d9e8ead35424ae0ca4dbd908ae8a92d2e61d49bfad15da090d1","root.record.ProgramElement.ProjectList.Project"
"RDT&E,N (Navy) 0604800N/3353","","","14.196","14.196","","","","","","2015-BASE_RDTE-2015-NAVY_BA7-RDTE_MasterJustificationBook_Navy_PB_2015.zzz_unzipped-RDTE_MasterJustificationBook_Navy_PB_2015.xml","7f7124eec16466125636941d581b14765a4ae4e4aa45fda84be8ebb992acbaf8","0-2aeba68733414c7f90bf6606ecd4ff0e5d1ad50a17243990cca7a4fec5010380","2-6821d3bcb168a99dfb15f118f39cd55ced67160749b6cef252fb50ac97dd5169","root.record.ProgramElement.ProjectList.Project"
"RDT&E,AF 0207142F/675346","","3.000","28.051","28.051","","","","","","2015-BASE_RDTE-2015-NAVY_BA7-RDTE_MasterJustificationBook_Navy_PB_2015.zzz_unzipped-RDTE_MasterJustificationBook_Navy_PB_2015.xml","7f7124eec16466125636941d581b14765a4ae4e4aa45fda84be8ebb992acbaf8","1-47a61f50c499fdf6cbbd29264a10ae0ece4d66883930f9263d02a2fcf117233a","2-6821d3bcb168a99dfb15f118f39cd55ced67160749b6cef252fb50ac97dd5169","root.record.ProgramElement.ProjectList.Project"
"RDT&E,AF 0604800F","1115.712","612.254","535.420","535.420","","","","","","2015-BASE_RDTE-2015-NAVY_BA7-RDTE_MasterJustificationBook_Navy_PB_2015.zzz_unzipped-RDTE_MasterJustificationBook_Navy_PB_2015.xml","c0a1b9bf2285c68386ea5f626914bc0dcf7a2ae12797281c8bd395d360ce0be5","0-3d402d9447fff1831fe7cf0defe439767356248ce58f2aaa485003fedfa64894","0-24b11b4994a841c5b75ee4ff5cedce719227902f3dc136107907afd6f419c1d5","root.record.ProgramElement.ProjectList.Project"
"International Partner (SDD)","148.772","18.030","6.430","6.430","","","","","","2015-BASE_RDTE-2015-NAVY_BA7-RDTE_MasterJustificationBook_Navy_PB_2015.zzz_unzipped-RDTE_MasterJustificationBook_Navy_PB_2015.xml","c0a1b9bf2285c68386ea5f626914bc0dcf7a2ae12797281c8bd395d360ce0be5","1-2f0916e843194d2c2774110c0d9398144c60d03a66d594473096b1dfe633c2c6","0-24b11b4994a841c5b75ee4ff5cedce719227902f3dc136107907afd6f419c1d5","root.record.ProgramElement.ProjectList.Project"
"RDT&E,N (USMC) 0604800M/2262","639.059","399.323","487.068","487.068","","","","","","2015-BASE_RDTE-2015-NAVY_BA7-RDTE_MasterJustificationBook_Navy_PB_2015.zzz_unzipped-RDTE_MasterJustificationBook_Navy_PB_2015.xml","c0a1b9bf2285c68386ea5f626914bc0dcf7a2ae12797281c8bd395d360ce0be5","2-8ecc6f39febef4712cdb9c7101db9ff03f16b34a3da82cfdbfab499bde00ec03","0-24b11b4994a841c5b75ee4ff5cedce719227902f3dc136107907afd6f419c1d5","root.record.ProgramElement.ProjectList.Project"
"RDT&E,N (USMC) 0604800M/3350","","14.904","11.980","11.980","","","","","","2015-BASE_RDTE-2015-NAVY_BA7-RDTE_MasterJustificationBook_Navy_PB_2015.zzz_unzipped-RDTE_MasterJustificationBook_Navy_PB_2015.xml","c0a1b9bf2285c68386ea5f626914bc0dcf7a2ae12797281c8bd395d360ce0be5","0-aa646ad8e887072f3a7a7f2c9aecba91c2349edb260398c6d8d7e6b5a396fd50","2-86732137be979c82b46a4b480b0c3637a476d1fe6463311932ebccddb6f494e5","root.record.ProgramElement.ProjectList.Project"
"RDT&E,AF  0604800F/65832","14.167","16.200","32.593","32.593","","","","","","2015-BASE_RDTE-2015-NAVY_BA7-RDTE_MasterJustificationBook_Navy_PB_2015.zzz_unzipped-RDTE_MasterJustificationBook_Navy_PB_2015.xml","c0a1b9bf2285c68386ea5f626914bc0dcf7a2ae12797281c8bd395d360ce0be5","1-8e147bf5cf8ab4ea9655267be94d6763631b68dbce38a1a023959c8436e3d80a","2-86732137be979c82b46a4b480b0c3637a476d1fe6463311932ebccddb6f494e5","root.record.ProgramElement.ProjectList.Project"
"RDT&E,N (USMC) 0604800M/3351","","","13.973","13.973","","","","","","2015-BASE_RDTE-2015-NAVY_BA7-RDTE_MasterJustificationBook_Navy_PB_2015.zzz_unzipped-RDTE_MasterJustificationBook_Navy_PB_2015.xml","c0a1b9bf2285c68386ea5f626914bc0dcf7a2ae12797281c8bd395d360ce0be5","0-925e7b1eba883476a5cdfb37df704f67095d9f59cf3fec51e1ea6a49c07766c7","3-1699e1ae74be1f91db09bee1e20df68c402ae31464ad2c59bf1c80da239efecb","root.record.ProgramElement.ProjectList.Project"
"RDT&E,AF 0207142F/675346","","3.000","28.051","28.051","","","","","","2015-BASE_RDTE-2015-NAVY_BA7-RDTE_MasterJustificationBook_Navy_PB_2015.zzz_unzipped-RDTE_MasterJustificationBook_Navy_PB_2015.xml","c0a1b9bf2285c68386ea5f626914bc0dcf7a2ae12797281c8bd395d360ce0be5","1-459f1ec59c2fc692585d9ac2bf201d46982c7f096dc3db0db49efa55f70336d2","3-1699e1ae74be1f91db09bee1e20df68c402ae31464ad2c59bf1c80da239efecb","root.record.ProgramElement.ProjectList.Project"
"Other Service Program Funding Adjustment","3.000","31.221","151.344","151.344","","0.000","0.000","185.565","","2016-BASE_RDTE-2016-AIRFORCE_V3A-RDTE_JustificationBook_Air_Force_PB_2016.zzz_unzipped-RDTE_JustificationBook_Air_Force_PB_2016.xml","f30c2a2228b466ef60f868ac2f449d43e44cf7edc9f38e7881d25cf7955277ce","0-b3ca6a51fc9e79c42f11881c5b949c3acb058f819b79c9fd1bc6fa3b9622621d","0-0fa88f620656199584da66e1dafe823dbf6856e2224199d6d7f6b99a991d520b","root.record.ProgramElement.ProjectList.Project"
"Other Service Funding Adjustment","813.980","987.331","990.708","990.708","","24694.529","0.000","27486.548","2635.387","2016-BASE_RDTE-2016-AIRFORCE_V2-RDTE_JustificationBook_Air_Force_PB_2016.zzz_unzipped-RDTE_JustificationBook_Air_Force_PB_2016.xml","bc2dfe1e2c1e850591f9449ffe7d8adf400db626ac6273e0234fd11fff95a1c3","0-0fa64c52d5eca588ea9164ecbbcab532fff55b43777c8c3224daecabc42a654e","0-ef80dc89dd0b2b03905ca68eb05060f17a40b6a4fdf62a172499f810305cf87d","root.record.ProgramElement.ProjectList.Project"
"Other Service Funding Adjustment","28.751","28.977","68.929","68.929","","0.000","0.000","126.657","","2016-BASE_RDTE-2016-AIRFORCE_V2-RDTE_JustificationBook_Air_Force_PB_2016.zzz_unzipped-RDTE_JustificationBook_Air_Force_PB_2016.xml","bc2dfe1e2c1e850591f9449ffe7d8adf400db626ac6273e0234fd11fff95a1c3","0-4cb11b70760280707439078990e590de71a25c15200a3d2a694450dc7fd975c5","1-50bb5071407490165500b9d9cced8cc572806022e9afb26e8e200d39b7227bc6","root.record.ProgramElement.ProjectList.Project"
"Other Service Funding Adjustment","813.980","987.331","990.708","990.708","","24694.529","0.000","27486.548","2635.387","2016-BASE_RDTE-2016-AIRFORCE_V3B-RDTE_MasterJustificationBook_Air_Force_PB_2016.zzz_unzipped-RDTE_MasterJustificationBook_Air_Force_PB_2016.xml","3127f931355705388f3e62ad61db5011cc6c27327c861290f94aa6e0559fbbb3","0-a1f6fe2af2a8fd82891e5d5c5b7fc8fff1f93c715654101718ca39018f5f6588","0-1cb5c4e878ca45ab304e0e6702647ba54e42bcf3a1320b999c430dfac3a8474b","root.record.ProgramElement.ProjectList.Project"
"Other Service Funding Adjustment","28.751","28.977","68.929","68.929","","0.000","0.000","126.657","","2016-BASE_RDTE-2016-AIRFORCE_V3B-RDTE_MasterJustificationBook_Air_Force_PB_2016.zzz_unzipped-RDTE_MasterJustificationBook_Air_Force_PB_2016.xml","3127f931355705388f3e62ad61db5011cc6c27327c861290f94aa6e0559fbbb3","0-64678ac7bb57f9aeda2e4c742c2a970a78c73887d03ea351bf858cdcac6c6bdb","1-10400a2bfd08f3d06b0b7a05e2cdc164b57d2c2afb693a1c647892c16a5af3cd","root.record.ProgramElement.ProjectList.Project"
"Other Service Program Funding Adjustment","3.000","31.221","151.344","151.344","","0.000","0.000","185.565","","2016-BASE_RDTE-2016-AIRFORCE_V3B-RDTE_MasterJustificationBook_Air_Force_PB_2016.zzz_unzipped-RDTE_MasterJustificationBook_Air_Force_PB_2016.xml","9ecf11cbaf6e4fe09c05641231af8dd2a30624a68e0750be6b0fdc4f1d4c746d","0-0228bc12ea28e8058ee9029d90d59c4df311c92b4ddbff339df9c1505057851f","0-ac3d3624256fd31547da5fef04d3c93ddd7b5b7d3b0f0601cd7bb95b41a870c9","root.record.ProgramElement.ProjectList.Project"
"Joint Strike Fighter 0604800F","600.360","535.296","517.980","517.980","","","","","","2016-BASE_RDTE-2016-NAVY_BA5-RDTE_JustificationBook_Navy_PB_2016.zzz_unzipped-RDTE_JustificationBook_Navy_PB_2016.xml","6ff468e5bc65d8879ebd0115dc2276a44fe120105b70eb9c0d709129a3a55e81","0-4facd24576ff95d787171ba46fabd2ca2969a114111301f2e10883d58db98298","0-2017d3d3247562372b95577a613786cbd6e144d8c407372e5cfe5f856a2d4ec2","root.record.ProgramElement.ProjectList.Project"
"Joint Strike Fighter 0604800N","409.421","485.263","467.759","467.759","","","","","","2016-BASE_RDTE-2016-NAVY_BA5-RDTE_JustificationBook_Navy_PB_2016.zzz_unzipped-RDTE_JustificationBook_Navy_PB_2016.xml","6ff468e5bc65d8879ebd0115dc2276a44fe120105b70eb9c0d709129a3a55e81","1-27c2b709f9987e71caa5cb7aa8d639ede4f485213afba2813621354124f43a85","0-2017d3d3247562372b95577a613786cbd6e144d8c407372e5cfe5f856a2d4ec2","root.record.ProgramElement.ProjectList.Project"
"International Partner","10.311","15.000","17.000","17.000","","","","","","2016-BASE_RDTE-2016-NAVY_BA5-RDTE_JustificationBook_Navy_PB_2016.zzz_unzipped-RDTE_JustificationBook_Navy_PB_2016.xml","6ff468e5bc65d8879ebd0115dc2276a44fe120105b70eb9c0d709129a3a55e81","2-0e4e39b2321e4d7df3080056df78f3b387f4672bc5c7b99fb7acaa64bbcc1ab1","0-2017d3d3247562372b95577a613786cbd6e144d8c407372e5cfe5f856a2d4ec2","root.record.ProgramElement.ProjectList.Project"
"Joint Strike Fighter 0604800F","16.200","32.593","71.461","71.461","","","","","","2016-BASE_RDTE-2016-NAVY_BA5-RDTE_JustificationBook_Navy_PB_2016.zzz_unzipped-RDTE_JustificationBook_Navy_PB_2016.xml","6ff468e5bc65d8879ebd0115dc2276a44fe120105b70eb9c0d709129a3a55e81","0-6375334e1bb214b427743d000fdee6f650931d077fbbe710a01bb5cbc463b605","1-d2b5e87054b0651a1792de0e4d9b7fe5fc26501ac9bef11aff1cde97dd5c5fa8","root.record.ProgramElement.ProjectList.Project"
"Joint Strike Fighter 0604800N","14.419","16.997","36.977","36.977","","","","","","2016-BASE_RDTE-2016-NAVY_BA5-RDTE_JustificationBook_Navy_PB_2016.zzz_unzipped-RDTE_JustificationBook_Navy_PB_2016.xml","6ff468e5bc65d8879ebd0115dc2276a44fe120105b70eb9c0d709129a3a55e81","1-e2d8829b86e3ed95b84d21191c177b60a142afbb0a1c5d24b4f4da8ce3de0c80","1-d2b5e87054b0651a1792de0e4d9b7fe5fc26501ac9bef11aff1cde97dd5c5fa8","root.record.ProgramElement.ProjectList.Project"
"Joint Strike Fighter 0804800N","1.500","","","","","","","","","2016-BASE_RDTE-2016-NAVY_BA5-RDTE_JustificationBook_Navy_PB_2016.zzz_unzipped-RDTE_JustificationBook_Navy_PB_2016.xml","6ff468e5bc65d8879ebd0115dc2276a44fe120105b70eb9c0d709129a3a55e81","0-8f492cdb3465cf1a1c26675fd8c54cf08cc12fd56b13609f7d0f35948c168684","2-162318abf146d952fb955c2aec9c41e5cd0d128a17ce76eab3da260298bd957b","root.record.ProgramElement.ProjectList.Project"
"Joint Strike Fighter 0604800F","600.360","535.296","517.980","517.980","","","","","","2016-BASE_RDTE-2016-NAVY_BA5-RDTE_JustificationBook_Navy_PB_2016.zzz_unzipped-RDTE_JustificationBook_Navy_PB_2016.xml","4c2491e482ea4ff2645fbaee9c4ac62904b524b1b74d323964ce6da151895846","0-9732e5aea1cf6710fd2d004e018c6946c8d7e36cdf2e7f3947a2180b990d0677","0-28e8639eca0a269d6b2b3db56fa5f3a5e4b71ae436efa8ac1d03b41db47b3b41","root.record.ProgramElement.ProjectList.Project"
"Joint Strike Fighter 0604800M","394.248","487.068","505.949","505.949","","","","","","2016-BASE_RDTE-2016-NAVY_BA5-RDTE_JustificationBook_Navy_PB_2016.zzz_unzipped-RDTE_JustificationBook_Navy_PB_2016.xml","4c2491e482ea4ff2645fbaee9c4ac62904b524b1b74d323964ce6da151895846","1-fa8c1e61bdaef988c4baffc9e7fc31f2bdcd2d4c45fe7908c6542948f94f6d1e","0-28e8639eca0a269d6b2b3db56fa5f3a5e4b71ae436efa8ac1d03b41db47b3b41","root.record.ProgramElement.ProjectList.Project"
"International Partner","10.311","15.000","17.000","17.000","","","","","","2016-BASE_RDTE-2016-NAVY_BA5-RDTE_JustificationBook_Navy_PB_2016.zzz_unzipped-RDTE_JustificationBook_Navy_PB_2016.xml","4c2491e482ea4ff2645fbaee9c4ac62904b524b1b74d323964ce6da151895846","2-8080236b4feb505b2513791727d1e4d9f47189a6e4d23dc1abaeb98e2951488b","0-28e8639eca0a269d6b2b3db56fa5f3a5e4b71ae436efa8ac1d03b41db47b3b41","root.record.ProgramElement.ProjectList.Project"
"Joint Strike Fighter 0604800F","16.200","32.593","71.461","71.461","","","","","","2016-BASE_RDTE-2016-NAVY_BA5-RDTE_JustificationBook_Navy_PB_2016.zzz_unzipped-RDTE_JustificationBook_Navy_PB_2016.xml","4c2491e482ea4ff2645fbaee9c4ac62904b524b1b74d323964ce6da151895846","0-2b6833a4d62dce1b26988a07a37a0a874a53758305a7cabe1143f083cfe67121","1-414e473c9de32906b300ebebcbff1431f47ebb66a9a25a3c54d25843db1ffe11","root.record.ProgramElement.ProjectList.Project"
"Joint Strike Fighter 0604800M","14.332","11.980","31.952","31.952","","","","","","2016-BASE_RDTE-2016-NAVY_BA5-RDTE_JustificationBook_Navy_PB_2016.zzz_unzipped-RDTE_JustificationBook_Navy_PB_2016.xml","4c2491e482ea4ff2645fbaee9c4ac62904b524b1b74d323964ce6da151895846","1-567b3e3d0b2dff9083af25d43f2ee91300298ccae35ce0086c85ea596014f205","1-414e473c9de32906b300ebebcbff1431f47ebb66a9a25a3c54d25843db1ffe11","root.record.ProgramElement.ProjectList.Project"
"Joint Strike Fighter 0604800M","1.500","","","","","","","","","2016-BASE_RDTE-2016-NAVY_BA5-RDTE_JustificationBook_Navy_PB_2016.zzz_unzipped-RDTE_JustificationBook_Navy_PB_2016.xml","4c2491e482ea4ff2645fbaee9c4ac62904b524b1b74d323964ce6da151895846","0-7ec2000daedcb49f81e1862971b937b788a95dd5b13f0387c2582095f3c727b4","2-fbac68554d5982d750f15b4360614ddaf3b1e2e330f0337275d4463c0a52d0d5","root.record.ProgramElement.ProjectList.Project"
"0207142F JSF FOLLOW ON DEVELOPMENT","3.000","24.477","110.428","110.428","","","","","","2016-BASE_RDTE-2016-NAVY_BA5-RDTE_JustificationBook_Navy_PB_2016.zzz_unzipped-RDTE_JustificationBook_Navy_PB_2016.xml","229968113a03de5e05ff90082d4e3b1938b8615d76d4c4feb76c908530ea2d91","0-1651fab5dcd87bffa939b1672ea2d2e9796021c2c25dd57dc3d91a2f08277695","0-09ceae324f5d56325298ac2dd23221427e28e8abfc4bf0f0bf01ac6b20fcd702","root.record.ProgramElement.ProjectList.Project"
"0604810N JSF FOLLOW ON DEVELOPMENT","","10.622","47.579","47.579","","","","","","2016-BASE_RDTE-2016-NAVY_BA5-RDTE_JustificationBook_Navy_PB_2016.zzz_unzipped-RDTE_JustificationBook_Navy_PB_2016.xml","229968113a03de5e05ff90082d4e3b1938b8615d76d4c4feb76c908530ea2d91","1-805b636853e5fb28a4e4b4bbff329be46f63fc4ec8cc66469ff051ee9dedd0cd","0-09ceae324f5d56325298ac2dd23221427e28e8abfc4bf0f0bf01ac6b20fcd702","root.record.ProgramElement.ProjectList.Project"
"International FoD","","10.200","44.500","44.500","","","","","","2016-BASE_RDTE-2016-NAVY_BA5-RDTE_JustificationBook_Navy_PB_2016.zzz_unzipped-RDTE_JustificationBook_Navy_PB_2016.xml","229968113a03de5e05ff90082d4e3b1938b8615d76d4c4feb76c908530ea2d91","2-bc223cd7a828944021ac54125f0976d13ab166d6fabd5aa3e01bdfe7fe90460a","0-09ceae324f5d56325298ac2dd23221427e28e8abfc4bf0f0bf01ac6b20fcd702","root.record.ProgramElement.ProjectList.Project"
"C261 JSF Block 4 Congressional Add","1.500","","","","","","","","","2016-BASE_RDTE-2016-NAVY_BA5-RDTE_JustificationBook_Navy_PB_2016.zzz_unzipped-RDTE_JustificationBook_Navy_PB_2016.xml","229968113a03de5e05ff90082d4e3b1938b8615d76d4c4feb76c908530ea2d91","3-d485ff07b7948a1e165c5e9ff0d12954a5a4e205ab734bbd03b0f2c85829b686","0-09ceae324f5d56325298ac2dd23221427e28e8abfc4bf0f0bf01ac6b20fcd702","root.record.ProgramElement.ProjectList.Project"
"C260 JSF Block 4 Congressional Add","1.500","","","","","","","","","2016-BASE_RDTE-2016-NAVY_BA5-RDTE_JustificationBook_Navy_PB_2016.zzz_unzipped-RDTE_JustificationBook_Navy_PB_2016.xml","229968113a03de5e05ff90082d4e3b1938b8615d76d4c4feb76c908530ea2d91","4-becc1a0ca1ef9f620a9066e85a035e742e53449ed5333400c70beb17c6749cf6","0-09ceae324f5d56325298ac2dd23221427e28e8abfc4bf0f0bf01ac6b20fcd702","root.record.ProgramElement.ProjectList.Project"
"0207142F JSF FOLLOW ON DEVELOPMENT","3.000","24.477","110.428","110.428","","","","","","2016-BASE_RDTE-2016-NAVY_BA5-RDTE_JustificationBook_Navy_PB_2016.zzz_unzipped-RDTE_JustificationBook_Navy_PB_2016.xml","a4e14dd51e5d88ef7b4bd7ea45f0ef14bc30152b30cc5713db4146ae7a14492c","0-2f0d79e68e960e348deffe411b9a76842ca190a6c5ffb93a3446dc6179b4f682","0-f0b412067e101347ef82522fce27b935ab13c9106d9f6182138b0cc55c56b7b0","root.record.ProgramElement.ProjectList.Project"
"0604810M JSF FOLLOW ON DEVELOPMENT","","10.399","59.265","59.265","","","","","","2016-BASE_RDTE-2016-NAVY_BA5-RDTE_JustificationBook_Navy_PB_2016.zzz_unzipped-RDTE_JustificationBook_Navy_PB_2016.xml","a4e14dd51e5d88ef7b4bd7ea45f0ef14bc30152b30cc5713db4146ae7a14492c","1-dd39a981de97a956758da511f7fda91073723d639cf253b4a959afc8ac7f8906","0-f0b412067e101347ef82522fce27b935ab13c9106d9f6182138b0cc55c56b7b0","root.record.ProgramElement.ProjectList.Project"
"International FoD","","10.200","44.500","44.500","","","","","","2016-BASE_RDTE-2016-NAVY_BA5-RDTE_JustificationBook_Navy_PB_2016.zzz_unzipped-RDTE_JustificationBook_Navy_PB_2016.xml","a4e14dd51e5d88ef7b4bd7ea45f0ef14bc30152b30cc5713db4146ae7a14492c","2-bb65ce8dda939fafb44e4ac1cf60486f1d5d59ef33710d7f9d31e0d07da349b4","0-f0b412067e101347ef82522fce27b935ab13c9106d9f6182138b0cc55c56b7b0","root.record.ProgramElement.ProjectList.Project"
"C261 JSF Block 4 Congressional Add","1.500","","","","","","","","","2016-BASE_RDTE-2016-NAVY_BA5-RDTE_JustificationBook_Navy_PB_2016.zzz_unzipped-RDTE_JustificationBook_Navy_PB_2016.xml","a4e14dd51e5d88ef7b4bd7ea45f0ef14bc30152b30cc5713db4146ae7a14492c","3-db8b2919f9ce2d4a63eed0d72a1f647b3688a2c699f1f3581c1061c1dabb6728","0-f0b412067e101347ef82522fce27b935ab13c9106d9f6182138b0cc55c56b7b0","root.record.ProgramElement.ProjectList.Project"
"C260 JSF Block 4 Congressional Add","1.500","","","","","","","","","2016-BASE_RDTE-2016-NAVY_BA5-RDTE_JustificationBook_Navy_PB_2016.zzz_unzipped-RDTE_JustificationBook_Navy_PB_2016.xml","a4e14dd51e5d88ef7b4bd7ea45f0ef14bc30152b30cc5713db4146ae7a14492c","4-f18627ebbe7a065bd1359eac8271abb30f4ca2ebe1b941e606512281d7c94e3a","0-f0b412067e101347ef82522fce27b935ab13c9106d9f6182138b0cc55c56b7b0","root.record.ProgramElement.ProjectList.Project"
"Joint Strike Fighter 0604800F","600.360","535.296","517.980","517.980","","","","","","2016-BASE_RDTE-2016-NAVY_BA7-RDTE_MasterJustificationBook_Navy_PB_2016.zzz_unzipped-RDTE_MasterJustificationBook_Navy_PB_2016.xml","436e44c7c6cfbee2bf54a8ab3cf5e5fe12dbdb59ec61925db62e1a18b0b3b406","0-cad563974f6a72dd724dc831bab340539a73057c04c79e9e1e4106019a0f7d32","0-aa853d1e987dcfe858cf7bd99bcdf789434fa8b5306c95ea086a8c017272e87f","root.record.ProgramElement.ProjectList.Project"
"Joint Strike Fighter 0604800N","409.421","485.263","467.759","467.759","","","","","","2016-BASE_RDTE-2016-NAVY_BA7-RDTE_MasterJustificationBook_Navy_PB_2016.zzz_unzipped-RDTE_MasterJustificationBook_Navy_PB_2016.xml","436e44c7c6cfbee2bf54a8ab3cf5e5fe12dbdb59ec61925db62e1a18b0b3b406","1-0aeaa790d5d1c397f16740efeddd242634dba9ca62b4af800476e74659897288","0-aa853d1e987dcfe858cf7bd99bcdf789434fa8b5306c95ea086a8c017272e87f","root.record.ProgramElement.ProjectList.Project"
"International Partner","10.311","15.000","17.000","17.000","","","","","","2016-BASE_RDTE-2016-NAVY_BA7-RDTE_MasterJustificationBook_Navy_PB_2016.zzz_unzipped-RDTE_MasterJustificationBook_Navy_PB_2016.xml","436e44c7c6cfbee2bf54a8ab3cf5e5fe12dbdb59ec61925db62e1a18b0b3b406","2-3b881c0816ed9523e8ee69ebcc22b8948a24a4d35f287496fc1046ddf53b48bc","0-aa853d1e987dcfe858cf7bd99bcdf789434fa8b5306c95ea086a8c017272e87f","root.record.ProgramElement.ProjectList.Project"
"Joint Strike Fighter 0604800F","16.200","32.593","71.461","71.461","","","","","","2016-BASE_RDTE-2016-NAVY_BA7-RDTE_MasterJustificationBook_Navy_PB_2016.zzz_unzipped-RDTE_MasterJustificationBook_Navy_PB_2016.xml","436e44c7c6cfbee2bf54a8ab3cf5e5fe12dbdb59ec61925db62e1a18b0b3b406","0-6a4cd6ce5baf86de06b9bfd626d823b6afd64b263061ab8763f249e741b523b2","1-4aa143c2d68ab820717c75ca39a9bc150f4363517c05dd7147c0bed67da88252","root.record.ProgramElement.ProjectList.Project"
"Joint Strike Fighter 0604800N","14.419","16.997","36.977","36.977","","","","","","2016-BASE_RDTE-2016-NAVY_BA7-RDTE_MasterJustificationBook_Navy_PB_2016.zzz_unzipped-RDTE_MasterJustificationBook_Navy_PB_2016.xml","436e44c7c6cfbee2bf54a8ab3cf5e5fe12dbdb59ec61925db62e1a18b0b3b406","1-5c7fe2d56fbc09ee3ea62ab0942e2ed66bcb226c06148260e3a8f86fd77aa555","1-4aa143c2d68ab820717c75ca39a9bc150f4363517c05dd7147c0bed67da88252","root.record.ProgramElement.ProjectList.Project"
"Joint Strike Fighter 0804800N","1.500","","","","","","","","","2016-BASE_RDTE-2016-NAVY_BA7-RDTE_MasterJustificationBook_Navy_PB_2016.zzz_unzipped-RDTE_MasterJustificationBook_Navy_PB_2016.xml","436e44c7c6cfbee2bf54a8ab3cf5e5fe12dbdb59ec61925db62e1a18b0b3b406","0-40396ba8040067bd4b63a1d6c4cd9134ff92c3a7d9a15f953411530cc71c1d18","2-bbbd700dbc13edafcb8d2ede0f1c8c69bb38757f01dda7a9515b29b46bf70a62","root.record.ProgramElement.ProjectList.Project"
"Joint Strike Fighter 0604800F","600.360","535.296","517.980","517.980","","","","","","2016-BASE_RDTE-2016-NAVY_BA7-RDTE_MasterJustificationBook_Navy_PB_2016.zzz_unzipped-RDTE_MasterJustificationBook_Navy_PB_2016.xml","fb41b13b1dfbc30d0c5edc2e0d86648647f2574fbfea86506bf62e4a3f147de6","0-69386fe087eaada473b94d40871c4287a32346e94c9433c24034fe5d16c2c39b","0-3c41e795ad2672e6dc8020b4d27ab7189b65c64aa55c08cb8951867a6940f92e","root.record.ProgramElement.ProjectList.Project"
"Joint Strike Fighter 0604800M","394.248","487.068","505.949","505.949","","","","","","2016-BASE_RDTE-2016-NAVY_BA7-RDTE_MasterJustificationBook_Navy_PB_2016.zzz_unzipped-RDTE_MasterJustificationBook_Navy_PB_2016.xml","fb41b13b1dfbc30d0c5edc2e0d86648647f2574fbfea86506bf62e4a3f147de6","1-58f4c0816e3669fb7cc3049ff236295345588fdc69fe782b4a87fd6f2d3089fe","0-3c41e795ad2672e6dc8020b4d27ab7189b65c64aa55c08cb8951867a6940f92e","root.record.ProgramElement.ProjectList.Project"
"International Partner","10.311","15.000","17.000","17.000","","","","","","2016-BASE_RDTE-2016-NAVY_BA7-RDTE_MasterJustificationBook_Navy_PB_2016.zzz_unzipped-RDTE_MasterJustificationBook_Navy_PB_2016.xml","fb41b13b1dfbc30d0c5edc2e0d86648647f2574fbfea86506bf62e4a3f147de6","2-0a8bc610f01d4adbe4291c22f9145057d5fe5f2f4e4e0e39dc01818cddaa0fa5","0-3c41e795ad2672e6dc8020b4d27ab7189b65c64aa55c08cb8951867a6940f92e","root.record.ProgramElement.ProjectList.Project"
"Joint Strike Fighter 0604800F","16.200","32.593","71.461","71.461","","","","","","2016-BASE_RDTE-2016-NAVY_BA7-RDTE_MasterJustificationBook_Navy_PB_2016.zzz_unzipped-RDTE_MasterJustificationBook_Navy_PB_2016.xml","fb41b13b1dfbc30d0c5edc2e0d86648647f2574fbfea86506bf62e4a3f147de6","0-9c5feaddf07f30c815f48ef622d704050f5ba4310704e4c06811cb8be1d16468","1-6c93e78710ece2a6eef7543f2b605f4462ad07c06835e5214f13030ec64d6006","root.record.ProgramElement.ProjectList.Project"
"Joint Strike Fighter 0604800M","14.332","11.980","31.952","31.952","","","","","","2016-BASE_RDTE-2016-NAVY_BA7-RDTE_MasterJustificationBook_Navy_PB_2016.zzz_unzipped-RDTE_MasterJustificationBook_Navy_PB_2016.xml","fb41b13b1dfbc30d0c5edc2e0d86648647f2574fbfea86506bf62e4a3f147de6","1-d210e848339859943e9a0593e8923076a4dcd9e936f4f8f8b20077c0f18325f7","1-6c93e78710ece2a6eef7543f2b605f4462ad07c06835e5214f13030ec64d6006","root.record.ProgramElement.ProjectList.Project"
"Joint Strike Fighter 0604800M","1.500","","","","","","","","","2016-BASE_RDTE-2016-NAVY_BA7-RDTE_MasterJustificationBook_Navy_PB_2016.zzz_unzipped-RDTE_MasterJustificationBook_Navy_PB_2016.xml","fb41b13b1dfbc30d0c5edc2e0d86648647f2574fbfea86506bf62e4a3f147de6","0-f9ecb907b034e4b19219d3193879380f22d8dd38bc597bee9f4e8741e87a95af","2-79f83cc136c4414ed1ddf8bba0fafcdee33022bbf1288df401dd1571a7aa2f53","root.record.ProgramElement.ProjectList.Project"
"0207142F JSF FOLLOW ON DEVELOPMENT","3.000","24.477","110.428","110.428","","","","","","2016-BASE_RDTE-2016-NAVY_BA7-RDTE_MasterJustificationBook_Navy_PB_2016.zzz_unzipped-RDTE_MasterJustificationBook_Navy_PB_2016.xml","2b795fcb25925426f7dd99b9f688c22c230f9cd29b22482ad86a34eb14e5285b","0-c4648833ca6eae16f71f9996b68d8c085306d34df20c6145c480ed101b0df697","0-003b14ea4dc0be7bc3f4efbeea56d0a511896673c60e3474be53ee92499becd7","root.record.ProgramElement.ProjectList.Project"
"0604810N JSF FOLLOW ON DEVELOPMENT","","10.622","47.579","47.579","","","","","","2016-BASE_RDTE-2016-NAVY_BA7-RDTE_MasterJustificationBook_Navy_PB_2016.zzz_unzipped-RDTE_MasterJustificationBook_Navy_PB_2016.xml","2b795fcb25925426f7dd99b9f688c22c230f9cd29b22482ad86a34eb14e5285b","1-a49f46cf68a39ec19ba00979436322af580f8b9b7f64ac44f41e78c1b3dcdcd8","0-003b14ea4dc0be7bc3f4efbeea56d0a511896673c60e3474be53ee92499becd7","root.record.ProgramElement.ProjectList.Project"
"International FoD","","10.200","44.500","44.500","","","","","","2016-BASE_RDTE-2016-NAVY_BA7-RDTE_MasterJustificationBook_Navy_PB_2016.zzz_unzipped-RDTE_MasterJustificationBook_Navy_PB_2016.xml","2b795fcb25925426f7dd99b9f688c22c230f9cd29b22482ad86a34eb14e5285b","2-bc955d45d7a84574a69b9ecc6b5054418640850861a430b4d61dcd7fed4d5e89","0-003b14ea4dc0be7bc3f4efbeea56d0a511896673c60e3474be53ee92499becd7","root.record.ProgramElement.ProjectList.Project"
"C261 JSF Block 4 Congressional Add","1.500","","","","","","","","","2016-BASE_RDTE-2016-NAVY_BA7-RDTE_MasterJustificationBook_Navy_PB_2016.zzz_unzipped-RDTE_MasterJustificationBook_Navy_PB_2016.xml","2b795fcb25925426f7dd99b9f688c22c230f9cd29b22482ad86a34eb14e5285b","3-d49d97037e4cac421b51f20c79485b9b4c1cd89b875ab0f1c730a4a7bb4dc619","0-003b14ea4dc0be7bc3f4efbeea56d0a511896673c60e3474be53ee92499becd7","root.record.ProgramElement.ProjectList.Project"
"C260 JSF Block 4 Congressional Add","1.500","","","","","","","","","2016-BASE_RDTE-2016-NAVY_BA7-RDTE_MasterJustificationBook_Navy_PB_2016.zzz_unzipped-RDTE_MasterJustificationBook_Navy_PB_2016.xml","2b795fcb25925426f7dd99b9f688c22c230f9cd29b22482ad86a34eb14e5285b","4-e51b2ecf9d163521803ee506ea02ab830deeee37a6a323394a59d8fa57776e42","0-003b14ea4dc0be7bc3f4efbeea56d0a511896673c60e3474be53ee92499becd7","root.record.ProgramElement.ProjectList.Project"
"0207142F JSF FOLLOW ON DEVELOPMENT","3.000","24.477","110.428","110.428","","","","","","2016-BASE_RDTE-2016-NAVY_BA7-RDTE_MasterJustificationBook_Navy_PB_2016.zzz_unzipped-RDTE_MasterJustificationBook_Navy_PB_2016.xml","c2fac14abc083ca0b70fd6c3086759b7671688ca4cb024c87cbe98123b4b765f","0-5a1a67c1032156c147e11afc40bb50ac6fd03b0f74c9fef2a5413e5ba9c71c2d","0-364fd188e776e2c40924f7b29e294a0523aee7a68a5a6f8a3c0a0842ab628eaf","root.record.ProgramElement.ProjectList.Project"
"0604810M JSF FOLLOW ON DEVELOPMENT","","10.399","59.265","59.265","","","","","","2016-BASE_RDTE-2016-NAVY_BA7-RDTE_MasterJustificationBook_Navy_PB_2016.zzz_unzipped-RDTE_MasterJustificationBook_Navy_PB_2016.xml","c2fac14abc083ca0b70fd6c3086759b7671688ca4cb024c87cbe98123b4b765f","1-a8d33b9d8f514ebc68a0f2878852a12a5dbc24c60d1165caf2c186ae070011bd","0-364fd188e776e2c40924f7b29e294a0523aee7a68a5a6f8a3c0a0842ab628eaf","root.record.ProgramElement.ProjectList.Project"
"International FoD","","10.200","44.500","44.500","","","","","","2016-BASE_RDTE-2016-NAVY_BA7-RDTE_MasterJustificationBook_Navy_PB_2016.zzz_unzipped-RDTE_MasterJustificationBook_Navy_PB_2016.xml","c2fac14abc083ca0b70fd6c3086759b7671688ca4cb024c87cbe98123b4b765f","2-cc1ede1788f5d5ed8d09249678192d833fad9a89a2f67b7c165c26b7a6cf4029","0-364fd188e776e2c40924f7b29e294a0523aee7a68a5a6f8a3c0a0842ab628eaf","root.record.ProgramElement.ProjectList.Project"
"C261 JSF Block 4 Congressional Add","1.500","","","","","","","","","2016-BASE_RDTE-2016-NAVY_BA7-RDTE_MasterJustificationBook_Navy_PB_2016.zzz_unzipped-RDTE_MasterJustificationBook_Navy_PB_2016.xml","c2fac14abc083ca0b70fd6c3086759b7671688ca4cb024c87cbe98123b4b765f","3-a3759c67c8ad15d70ca7e14626b4de3ac61bfc99ae7390fb1c69a80c2f83e2df","0-364fd188e776e2c40924f7b29e294a0523aee7a68a5a6f8a3c0a0842ab628eaf","root.record.ProgramElement.ProjectList.Project"
"C260 JSF Block 4 Congressional Add","1.500","","","","","","","","","2016-BASE_RDTE-2016-NAVY_BA7-RDTE_MasterJustificationBook_Navy_PB_2016.zzz_unzipped-RDTE_MasterJustificationBook_Navy_PB_2016.xml","c2fac14abc083ca0b70fd6c3086759b7671688ca4cb024c87cbe98123b4b765f","4-a6b126044702c3e9811b5f5f9343072e36a63028f54016b6b92af3c239e650da","0-364fd188e776e2c40924f7b29e294a0523aee7a68a5a6f8a3c0a0842ab628eaf","root.record.ProgramElement.ProjectList.Project"
"Joint Strike Fighter 0604800F","600.360","535.296","517.980","517.980","","","","","","2016-BASE_RDTE-2016-NAVY_BA4-RDTE_MasterJustificationBook_Navy_PB_2016.zzz_unzipped-RDTE_MasterJustificationBook_Navy_PB_2016.xml","746e85a92c7847e4b8540d49b742e2a1b8fee8dd505895ff6bb407e490dc02e7","0-d059775a75702eebe51d2bd546a0a68f1ff939c36672e405021d99094e78c0b2","0-4f4d2beaf7d4dcb52af2507f9737962fc67d9a9e65ee0e8e6c9533b0e0c14da1","root.record.ProgramElement.ProjectList.Project"
"Joint Strike Fighter 0604800N","409.421","485.263","467.759","467.759","","","","","","2016-BASE_RDTE-2016-NAVY_BA4-RDTE_MasterJustificationBook_Navy_PB_2016.zzz_unzipped-RDTE_MasterJustificationBook_Navy_PB_2016.xml","746e85a92c7847e4b8540d49b742e2a1b8fee8dd505895ff6bb407e490dc02e7","1-9cce9f8662d503d1234ae4d45ca28bd98cd161574de653c4f1ee64b54fb10a11","0-4f4d2beaf7d4dcb52af2507f9737962fc67d9a9e65ee0e8e6c9533b0e0c14da1","root.record.ProgramElement.ProjectList.Project"
"International Partner","10.311","15.000","17.000","17.000","","","","","","2016-BASE_RDTE-2016-NAVY_BA4-RDTE_MasterJustificationBook_Navy_PB_2016.zzz_unzipped-RDTE_MasterJustificationBook_Navy_PB_2016.xml","746e85a92c7847e4b8540d49b742e2a1b8fee8dd505895ff6bb407e490dc02e7","2-7c3e7ff8ed75785c3fbccf9aee918a6dc46cde7075cd05a4ea2d6111a337b67d","0-4f4d2beaf7d4dcb52af2507f9737962fc67d9a9e65ee0e8e6c9533b0e0c14da1","root.record.ProgramElement.ProjectList.Project"
"Joint Strike Fighter 0604800F","16.200","32.593","71.461","71.461","","","","","","2016-BASE_RDTE-2016-NAVY_BA4-RDTE_MasterJustificationBook_Navy_PB_2016.zzz_unzipped-RDTE_MasterJustificationBook_Navy_PB_2016.xml","746e85a92c7847e4b8540d49b742e2a1b8fee8dd505895ff6bb407e490dc02e7","0-15bd2c6efe9d7b709f4429602285a687812838aa7e6afe3bfbf579d4476db540","1-3b2e65238b80ddcf6fc6429b258488a7f8a7e9855f180366f33a5f36944be846","root.record.ProgramElement.ProjectList.Project"
"Joint Strike Fighter 0604800N","14.419","16.997","36.977","36.977","","","","","","2016-BASE_RDTE-2016-NAVY_BA4-RDTE_MasterJustificationBook_Navy_PB_2016.zzz_unzipped-RDTE_MasterJustificationBook_Navy_PB_2016.xml","746e85a92c7847e4b8540d49b742e2a1b8fee8dd505895ff6bb407e490dc02e7","1-6424346d42a8620130b230104aa0641f28af5c2002be8b4c92c57f87e1dcc2d1","1-3b2e65238b80ddcf6fc6429b258488a7f8a7e9855f180366f33a5f36944be846","root.record.ProgramElement.ProjectList.Project"
"Joint Strike Fighter 0804800N","1.500","","","","","","","","","2016-BASE_RDTE-2016-NAVY_BA4-RDTE_MasterJustificationBook_Navy_PB_2016.zzz_unzipped-RDTE_MasterJustificationBook_Navy_PB_2016.xml","746e85a92c7847e4b8540d49b742e2a1b8fee8dd505895ff6bb407e490dc02e7","0-067c887136bf7c962a26cf5174a714cbda6b8d65e73a14ec49e29474ce07ea17","2-1b17ffcf76eceae4a465cb72e1dc05e99ba916d5c6ea62bf7628a0feba3a1947","root.record.ProgramElement.ProjectList.Project"
"Joint Strike Fighter 0604800F","600.360","535.296","517.980","517.980","","","","","","2016-BASE_RDTE-2016-NAVY_BA4-RDTE_MasterJustificationBook_Navy_PB_2016.zzz_unzipped-RDTE_MasterJustificationBook_Navy_PB_2016.xml","da42b982d3b8dd126cae7821c8d70ac72d47614398b4e5c4f41715a8fd955ba1","0-681bb885666b451127c2d0e3eaf53d0583bc279fe92b2d284e6b7e78858ff0c9","0-4fae9baf1d6f2b367e63f938349929718eeaf27d0f4ab97f5d5147d69a0ee35d","root.record.ProgramElement.ProjectList.Project"
"Joint Strike Fighter 0604800M","394.248","487.068","505.949","505.949","","","","","","2016-BASE_RDTE-2016-NAVY_BA4-RDTE_MasterJustificationBook_Navy_PB_2016.zzz_unzipped-RDTE_MasterJustificationBook_Navy_PB_2016.xml","da42b982d3b8dd126cae7821c8d70ac72d47614398b4e5c4f41715a8fd955ba1","1-542f2f69ce242f4d1699d4bbbbaae5494c91e4817fbba9aad784a1afd7a7a35b","0-4fae9baf1d6f2b367e63f938349929718eeaf27d0f4ab97f5d5147d69a0ee35d","root.record.ProgramElement.ProjectList.Project"
"International Partner","10.311","15.000","17.000","17.000","","","","","","2016-BASE_RDTE-2016-NAVY_BA4-RDTE_MasterJustificationBook_Navy_PB_2016.zzz_unzipped-RDTE_MasterJustificationBook_Navy_PB_2016.xml","da42b982d3b8dd126cae7821c8d70ac72d47614398b4e5c4f41715a8fd955ba1","2-62ee548aecca2bca9b70efb6b9cfedbce01e855ec9d969bcbb5d0a0ff5d38957","0-4fae9baf1d6f2b367e63f938349929718eeaf27d0f4ab97f5d5147d69a0ee35d","root.record.ProgramElement.ProjectList.Project"
"Joint Strike Fighter 0604800F","16.200","32.593","71.461","71.461","","","","","","2016-BASE_RDTE-2016-NAVY_BA4-RDTE_MasterJustificationBook_Navy_PB_2016.zzz_unzipped-RDTE_MasterJustificationBook_Navy_PB_2016.xml","da42b982d3b8dd126cae7821c8d70ac72d47614398b4e5c4f41715a8fd955ba1","0-6427d5cfac3d453d9521604d6d802613b13d450fa737e7f55f6ec8480e0766bb","1-3d0fac90079043a13bdaf06c5e74c79c0c33037ea087ceaa840151c7f15f3300","root.record.ProgramElement.ProjectList.Project"
"Joint Strike Fighter 0604800M","14.332","11.980","31.952","31.952","","","","","","2016-BASE_RDTE-2016-NAVY_BA4-RDTE_MasterJustificationBook_Navy_PB_2016.zzz_unzipped-RDTE_MasterJustificationBook_Navy_PB_2016.xml","da42b982d3b8dd126cae7821c8d70ac72d47614398b4e5c4f41715a8fd955ba1","1-e04173b87f4bba73a5efafca26a020f003fc587a4406667de988c063ca213980","1-3d0fac90079043a13bdaf06c5e74c79c0c33037ea087ceaa840151c7f15f3300","root.record.ProgramElement.ProjectList.Project"
"Joint Strike Fighter 0604800M","1.500","","","","","","","","","2016-BASE_RDTE-2016-NAVY_BA4-RDTE_MasterJustificationBook_Navy_PB_2016.zzz_unzipped-RDTE_MasterJustificationBook_Navy_PB_2016.xml","da42b982d3b8dd126cae7821c8d70ac72d47614398b4e5c4f41715a8fd955ba1","0-c087b7665763b3d564ecdcb36efe047f5366b8301329386ce9d0060ead25ce88","2-008a16f6dc8fa538b7a750740ba14172d14a6ee0cc9bc7cd039171a78315d501","root.record.ProgramElement.ProjectList.Project"
"0207142F JSF FOLLOW ON DEVELOPMENT","3.000","24.477","110.428","110.428","","","","","","2016-BASE_RDTE-2016-NAVY_BA4-RDTE_MasterJustificationBook_Navy_PB_2016.zzz_unzipped-RDTE_MasterJustificationBook_Navy_PB_2016.xml","4e3f418878f73b1e0df08ac39c8c9cf3dc160ac4f2b6ef1ae4534717fd70e772","0-c65b650da095a173f988673275de2de98b3e388e997120c96130b3220c025ff8","0-c6f7e9e7eadcc56fe71b58f96cf9de116bd19e48403e70ba133a3ff3b74bb8ec","root.record.ProgramElement.ProjectList.Project"
"0604810N JSF FOLLOW ON DEVELOPMENT","","10.622","47.579","47.579","","","","","","2016-BASE_RDTE-2016-NAVY_BA4-RDTE_MasterJustificationBook_Navy_PB_2016.zzz_unzipped-RDTE_MasterJustificationBook_Navy_PB_2016.xml","4e3f418878f73b1e0df08ac39c8c9cf3dc160ac4f2b6ef1ae4534717fd70e772","1-1c3fb0bdd6b9b48461d685f6b935eb2c023ad2daa2de4e5b5e3b6aebb28065e5","0-c6f7e9e7eadcc56fe71b58f96cf9de116bd19e48403e70ba133a3ff3b74bb8ec","root.record.ProgramElement.ProjectList.Project"
"International FoD","","10.200","44.500","44.500","","","","","","2016-BASE_RDTE-2016-NAVY_BA4-RDTE_MasterJustificationBook_Navy_PB_2016.zzz_unzipped-RDTE_MasterJustificationBook_Navy_PB_2016.xml","4e3f418878f73b1e0df08ac39c8c9cf3dc160ac4f2b6ef1ae4534717fd70e772","2-2de5156d81d37df2a9c69824ed2641115e8acf900baba04c7eb67338021fa956","0-c6f7e9e7eadcc56fe71b58f96cf9de116bd19e48403e70ba133a3ff3b74bb8ec","root.record.ProgramElement.ProjectList.Project"
"C261 JSF Block 4 Congressional Add","1.500","","","","","","","","","2016-BASE_RDTE-2016-NAVY_BA4-RDTE_MasterJustificationBook_Navy_PB_2016.zzz_unzipped-RDTE_MasterJustificationBook_Navy_PB_2016.xml","4e3f418878f73b1e0df08ac39c8c9cf3dc160ac4f2b6ef1ae4534717fd70e772","3-d0b71038bf8c7e246fdad1f403c0eaa6a224b4c13697a68d0e1d074ade5c87e1","0-c6f7e9e7eadcc56fe71b58f96cf9de116bd19e48403e70ba133a3ff3b74bb8ec","root.record.ProgramElement.ProjectList.Project"
"C260 JSF Block 4 Congressional Add","1.500","","","","","","","","","2016-BASE_RDTE-2016-NAVY_BA4-RDTE_MasterJustificationBook_Navy_PB_2016.zzz_unzipped-RDTE_MasterJustificationBook_Navy_PB_2016.xml","4e3f418878f73b1e0df08ac39c8c9cf3dc160ac4f2b6ef1ae4534717fd70e772","4-666ce7c2c1e917fee3bf100e5897dbdf98b8d05d5406620a9170c2801c6ec022","0-c6f7e9e7eadcc56fe71b58f96cf9de116bd19e48403e70ba133a3ff3b74bb8ec","root.record.ProgramElement.ProjectList.Project"
"0207142F JSF FOLLOW ON DEVELOPMENT","3.000","24.477","110.428","110.428","","","","","","2016-BASE_RDTE-2016-NAVY_BA4-RDTE_MasterJustificationBook_Navy_PB_2016.zzz_unzipped-RDTE_MasterJustificationBook_Navy_PB_2016.xml","ecd5b4335c3227eda0eb7461f69ccb783a83923e9ee6b531381a3cc72a7a8344","0-6efd0b7b97566176866b32d3a00ae4efc7572078803c2e79ba2ab6f83d3b2840","0-173ae85c047a357f8701b413aaea840fb544f4656582acd853a5b923b29960b7","root.record.ProgramElement.ProjectList.Project"
"0604810M JSF FOLLOW ON DEVELOPMENT","","10.399","59.265","59.265","","","","","","2016-BASE_RDTE-2016-NAVY_BA4-RDTE_MasterJustificationBook_Navy_PB_2016.zzz_unzipped-RDTE_MasterJustificationBook_Navy_PB_2016.xml","ecd5b4335c3227eda0eb7461f69ccb783a83923e9ee6b531381a3cc72a7a8344","1-068b1281ddc859f0841669c3b308f4353aad973a62ae4eebbe3e2f3f7b2cec99","0-173ae85c047a357f8701b413aaea840fb544f4656582acd853a5b923b29960b7","root.record.ProgramElement.ProjectList.Project"
"International FoD","","10.200","44.500","44.500","","","","","","2016-BASE_RDTE-2016-NAVY_BA4-RDTE_MasterJustificationBook_Navy_PB_2016.zzz_unzipped-RDTE_MasterJustificationBook_Navy_PB_2016.xml","ecd5b4335c3227eda0eb7461f69ccb783a83923e9ee6b531381a3cc72a7a8344","2-90cd1802ae1250079f96e69c37f8134418ea7df19a58c5894dd67c43f20772fe","0-173ae85c047a357f8701b413aaea840fb544f4656582acd853a5b923b29960b7","root.record.ProgramElement.ProjectList.Project"
"C261 JSF Block 4 Congressional Add","1.500","","","","","","","","","2016-BASE_RDTE-2016-NAVY_BA4-RDTE_MasterJustificationBook_Navy_PB_2016.zzz_unzipped-RDTE_MasterJustificationBook_Navy_PB_2016.xml","ecd5b4335c3227eda0eb7461f69ccb783a83923e9ee6b531381a3cc72a7a8344","3-46c300ef1745868c11aafc986b863429be3f71414b81b6d3729f92a524ab94af","0-173ae85c047a357f8701b413aaea840fb544f4656582acd853a5b923b29960b7","root.record.ProgramElement.ProjectList.Project"
"C260 JSF Block 4 Congressional Add","1.500","","","","","","","","","2016-BASE_RDTE-2016-NAVY_BA4-RDTE_MasterJustificationBook_Navy_PB_2016.zzz_unzipped-RDTE_MasterJustificationBook_Navy_PB_2016.xml","ecd5b4335c3227eda0eb7461f69ccb783a83923e9ee6b531381a3cc72a7a8344","4-19be0b232a613efd8833fc717f6ee19aa6afbca30c6b44d158d3e141cfd94cbc","0-173ae85c047a357f8701b413aaea840fb544f4656582acd853a5b923b29960b7","root.record.ProgramElement.ProjectList.Project"
