Name_val,Location_val,@SOURCE_FILENAME,@RECORDID,@ROWID,InitialQuantity_AdminLeadTimeBeforeOct1InMonths_val,InitialQuantity_AdminLeadTimeAfterOct1InMonths_val,InitialQuantity_ProductionLeadTimeAfterOct1InMonths_val,InitialQuantity_TotalLeadTimeAfterOct1InMonths_val,ReorderQuantity_AdminLeadTimeBeforeOct1InMonths_val,ReorderQuantity_AdminLeadTimeAfterOct1InMonths_val,ReorderQuantity_ProductionLeadTimeAfterOct1InMonths_val,ReorderQuantity_TotalLeadTimeAfterOct1InMonths_val,MinimumSustainingRate_@footnote,MinimumSustainingRate_val,MaximumProductionRate_val,Rate185_val,@PARENTROWID,@PARENT
"Lockheed Martin Space Systems","Sunnyvale, CA","2013-BASE_PROCUREMENT-2013-AIRFORCE_OTHER-JustificationBook_Air_Force_PB_2013.zzz_unzipped-JustificationBook_Air_Force_PB_2013.xml","db620a4c1c8a130dd60c948f738fd17d49a1d22f36178245b87b9fa092c86953","0-19fb77a423f241d43b0e62830022756e5192f9ac09850404ca7e0113ffb54d4b","","","","","","","","","","","","","0-8642eb4fb33165f68cff148f18bd213d5bfc125dcf05e3b619b6a869e7ec12cc","root.record.ItemExhibitList.P5Item.CostElementCategoryList.Software.NonRecurring.CostElementList.CostElement"
"Lockheed Martin Space Systems","Sunnyvale, CA","2013-BASE_PROCUREMENT-2013-AIRFORCE_OTHER-JustificationBook_Air_Force_PB_2013.zzz_unzipped-JustificationBook_Air_Force_PB_2013.xml","db620a4c1c8a130dd60c948f738fd17d49a1d22f36178245b87b9fa092c86953","0-7ef8d7bfe4412a71a1b4db8a0b182897fbac92097b52562b7a294436537944c7","","","","","","","","","","","","","0-286718e84a5119aab61c87b90f9b28b74b9ab56c76a9c114c47ae9c065a8d583","root.record.ItemExhibitList.P5Item.CostElementCategoryList.Software.NonRecurring.CostElementList.CostElement"
"Lockheed Martin Space Systems","Sunnyvale, CA","2013-BASE_PROCUREMENT-2013-AIRFORCE_OTHER-MasterJustificationBook_Air_Force_PB_2013.zzz_unzipped-MasterJustificationBook_Air_Force_PB_2013.xml","8a400c2fef47d9b788224f8887bcec41dd3e6a41b162e420da864434d320ae95","0-00e42fbab813697dca36f0e9bed6b86ac06c8615aac16e3d2c08813907607065","","","","","","","","","","","","","0-d46bb9dc7ab8b6cf7d3fa10bccbd1736bceed78126890b62f61cd9773aa3d0d3","root.record.ItemExhibitList.P5Item.CostElementCategoryList.Software.NonRecurring.CostElementList.CostElement"
"Lockheed Martin Space Systems","Sunnyvale, CA","2013-BASE_PROCUREMENT-2013-AIRFORCE_OTHER-MasterJustificationBook_Air_Force_PB_2013.zzz_unzipped-MasterJustificationBook_Air_Force_PB_2013.xml","8a400c2fef47d9b788224f8887bcec41dd3e6a41b162e420da864434d320ae95","0-fa70731b6eb976fb908ec8a438da3fd37b489f2b0a65719c2858cf98414542a6","","","","","","","","","","","","","0-774d329f9242667c6d6d5827bd300e8362b6d7f4003659f52f089351ae924507","root.record.ItemExhibitList.P5Item.CostElementCategoryList.Software.NonRecurring.CostElementList.CostElement"
"TBS","TBS","2013-BASE_PROCUREMENT-2013-ARMY_OTHER_2-JustificationBook_Army_PB_2013.zzz_unzipped-JustificationBook_Army_PB_2013.xml","72202fbc686aa20f8ea0ad38b75e2ffc5e13a3c32146dd2ace23e064232dfed4","0-3d0bd8a63c489450fe1b954da3cafb4f55c11e13ad0b1c86abba26bba999a9fe","0","0","0","0","0","0","0","0","","","","","0-fa68ee25e551b07eb17421d86aeff986508c2895580fadc738bdf6c9adf33a9f","root.record.ItemExhibitList.P5Item.CostElementCategoryList.Software.NonRecurring.CostElementList.CostElement"
"SAIC Defense Solution Services","McLean, VA","2013-BASE_PROCUREMENT-2013-ARMY_OTHER_2-JustificationBook_Army_PB_2013.zzz_unzipped-JustificationBook_Army_PB_2013.xml","72202fbc686aa20f8ea0ad38b75e2ffc5e13a3c32146dd2ace23e064232dfed4","0-6c24660bd3595697f2c72e76513c533c762c76de4176af82af2b516e9ecb6937","0","0","0","0","0","0","0","0","","","","","0-8173c9cda7ae35664af805e678bfbe301ea5db30527de83f2154d609a08e9306","root.record.ItemExhibitList.P5Item.CostElementCategoryList.Software.NonRecurring.CostElementList.CostElement"
"TBS","TBS","2013-BASE_PROCUREMENT-2013-ARMY_OTHER_2-JustificationBook_Army_PB_2013.zzz_unzipped-JustificationBook_Army_PB_2013.xml","72202fbc686aa20f8ea0ad38b75e2ffc5e13a3c32146dd2ace23e064232dfed4","1-490f8c1f315f6814893cfec66fe5ed6f4b32e2264417546d16db7ecc529c690d","0","0","0","0","0","0","0","0","","","","","0-8173c9cda7ae35664af805e678bfbe301ea5db30527de83f2154d609a08e9306","root.record.ItemExhibitList.P5Item.CostElementCategoryList.Software.NonRecurring.CostElementList.CostElement"
"Iron Bow Technologies, Inc.","Chantilly, VA","2013-BASE_PROCUREMENT-2013-ARMY_OTHER_2-JustificationBook_Army_PB_2013.zzz_unzipped-JustificationBook_Army_PB_2013.xml","72202fbc686aa20f8ea0ad38b75e2ffc5e13a3c32146dd2ace23e064232dfed4","0-ed47b1fd99e4fc71a485fd7cbee418b10d574ee95a265f5c01cdbffcc8a11f64","0","0","0","0","0","0","0","0","","","","","0-22f5543f6058cf1831f606c264881aa70c3ce9e2bac726f5a76a8dcdb0941605","root.record.ItemExhibitList.P5Item.CostElementCategoryList.Software.NonRecurring.CostElementList.CostElement"
"TBS","TBS","2013-BASE_PROCUREMENT-2013-ARMY_OTHER_2-JustificationBook_Army_PB_2013.zzz_unzipped-JustificationBook_Army_PB_2013.xml","72202fbc686aa20f8ea0ad38b75e2ffc5e13a3c32146dd2ace23e064232dfed4","1-aae43083071b510ff07225db88c891d12543da021214e2bf31b22532a29efbdd","0","0","0","0","0","0","0","0","","","","","0-22f5543f6058cf1831f606c264881aa70c3ce9e2bac726f5a76a8dcdb0941605","root.record.ItemExhibitList.P5Item.CostElementCategoryList.Software.NonRecurring.CostElementList.CostElement"
"Lockheed Martin","Sea Brook, MD","2013-BASE_PROCUREMENT-2013-ARMY_OTHER_2-JustificationBook_Army_PB_2013.zzz_unzipped-JustificationBook_Army_PB_2013.xml","72202fbc686aa20f8ea0ad38b75e2ffc5e13a3c32146dd2ace23e064232dfed4","0-7b7469fbed172b740869dd9d98971883eaa69b2d28a0ac3b67b635df2b0a8085","0","0","0","0","0","0","0","0","","","","","1-18631c8bacad2b70f931aa28542a4c98b3c89112fc217a213ee843393d65752a","root.record.ItemExhibitList.P5Item.CostElementCategoryList.Software.NonRecurring.CostElementList.CostElement"
"TBS","TBS","2013-BASE_PROCUREMENT-2013-ARMY_OTHER_2-JustificationBook_Army_PB_2013.zzz_unzipped-JustificationBook_Army_PB_2013.xml","72202fbc686aa20f8ea0ad38b75e2ffc5e13a3c32146dd2ace23e064232dfed4","1-28e5685f2568ace3c3c0e6f9bd4d5a19093e207d60580025df1feaab3e4adc50","0","0","0","0","0","0","0","0","","","","","1-18631c8bacad2b70f931aa28542a4c98b3c89112fc217a213ee843393d65752a","root.record.ItemExhibitList.P5Item.CostElementCategoryList.Software.NonRecurring.CostElementList.CostElement"
"Corp of Engineers","Baltimore, MD","2013-BASE_PROCUREMENT-2013-ARMY_OTHER_2-JustificationBook_Army_PB_2013.zzz_unzipped-JustificationBook_Army_PB_2013.xml","72202fbc686aa20f8ea0ad38b75e2ffc5e13a3c32146dd2ace23e064232dfed4","0-42bfdf2c0d648d082c6b5473678bf4f703abc1dc554ed9011739cd130d85ea7d","0","0","0","0","0","0","0","0","","","","","2-2fe0ba5d74165ba15f1d8ba931e1c88dfd850c5f970957e32fe996637950505a","root.record.ItemExhibitList.P5Item.CostElementCategoryList.Software.NonRecurring.CostElementList.CostElement"
"TBS","TBS","2013-BASE_PROCUREMENT-2013-ARMY_OTHER_2-JustificationBook_Army_PB_2013.zzz_unzipped-JustificationBook_Army_PB_2013.xml","72202fbc686aa20f8ea0ad38b75e2ffc5e13a3c32146dd2ace23e064232dfed4","1-22671757de9e5893cfd0a64c75218a2453d18f84b5c02bba08f8b744f76770e1","0","0","0","0","0","0","0","0","","","","","2-2fe0ba5d74165ba15f1d8ba931e1c88dfd850c5f970957e32fe996637950505a","root.record.ItemExhibitList.P5Item.CostElementCategoryList.Software.NonRecurring.CostElementList.CostElement"
"TBS","TBS","2013-BASE_PROCUREMENT-2013-ARMY_OTHER_2-JustificationBook_Army_PB_2013.zzz_unzipped-JustificationBook_Army_PB_2013.xml","72202fbc686aa20f8ea0ad38b75e2ffc5e13a3c32146dd2ace23e064232dfed4","0-7f70ed77aa1179f7cc488061b171e9f9268a19b9bb1f3a793530a028bf313854","0","0","0","0","0","0","0","0","","","","","1-e6019f4d6151722d5d59ef1c9bd1a169751bf3890074a072e1483e52b0d2e580","root.record.ItemExhibitList.P5Item.CostElementCategoryList.Software.NonRecurring.CostElementList.CostElement"
"DRS Technical Svcs","Herndon, VA","2013-BASE_PROCUREMENT-2013-ARMY_OTHER_2-JustificationBook_Army_PB_2013.zzz_unzipped-JustificationBook_Army_PB_2013.xml","72202fbc686aa20f8ea0ad38b75e2ffc5e13a3c32146dd2ace23e064232dfed4","0-dcb7d53ecf509890680438d6f8a5f4ab3b5a51f37cd25a8b270ad98596d3b7dc","0","0","0","0","0","0","0","0","","","","","2-70cc557d81fb3c62d354f905ff561a20a8cf05194796573b8f11895a9aded941","root.record.ItemExhibitList.P5Item.CostElementCategoryList.Software.NonRecurring.CostElementList.CostElement"
"TBS","TBS","2013-BASE_PROCUREMENT-2013-ARMY_OTHER_2-JustificationBook_Army_PB_2013.zzz_unzipped-JustificationBook_Army_PB_2013.xml","72202fbc686aa20f8ea0ad38b75e2ffc5e13a3c32146dd2ace23e064232dfed4","1-732296c6fe74da1f0e4760289b60fbaea77450e82b56440aaacb745161a9516b","0","0","0","0","0","0","0","0","","","","","2-70cc557d81fb3c62d354f905ff561a20a8cf05194796573b8f11895a9aded941","root.record.ItemExhibitList.P5Item.CostElementCategoryList.Software.NonRecurring.CostElementList.CostElement"
"Snap, Inc.","Chantilly, VA","2013-BASE_PROCUREMENT-2013-ARMY_OTHER_2-JustificationBook_Army_PB_2013.zzz_unzipped-JustificationBook_Army_PB_2013.xml","72202fbc686aa20f8ea0ad38b75e2ffc5e13a3c32146dd2ace23e064232dfed4","0-bc72e92a127039d06a5af057ecf9679171f4bd4a32d5d66df942f0db70b65275","0","0","0","0","0","0","0","0","","","","","3-1380b6e914abde1f53a26f884fb68a45fa337df089a77728c5c8967bffec091e","root.record.ItemExhibitList.P5Item.CostElementCategoryList.Software.NonRecurring.CostElementList.CostElement"
"TBS","TBS","2013-BASE_PROCUREMENT-2013-ARMY_OTHER_2-JustificationBook_Army_PB_2013.zzz_unzipped-JustificationBook_Army_PB_2013.xml","72202fbc686aa20f8ea0ad38b75e2ffc5e13a3c32146dd2ace23e064232dfed4","1-690937d8655aa1bd72d855c10668eb6fc4c8cf25189cbb5ca35272d431d86a0f","0","0","0","0","0","0","0","0","","","","","3-1380b6e914abde1f53a26f884fb68a45fa337df089a77728c5c8967bffec091e","root.record.ItemExhibitList.P5Item.CostElementCategoryList.Software.NonRecurring.CostElementList.CostElement"
"Dell Federal Systems LP","Rock Round, TX","2013-BASE_PROCUREMENT-2013-ARMY_OTHER_2-JustificationBook_Army_PB_2013.zzz_unzipped-JustificationBook_Army_PB_2013.xml","72202fbc686aa20f8ea0ad38b75e2ffc5e13a3c32146dd2ace23e064232dfed4","0-996338e503b444b8d9079bef5c4f27d28bf5c93438186da3a2f876ee57b1620e","0","0","0","0","0","0","0","0","","","","","4-bb3e98fcfb4fc91caf325eb4775bf74b2a64ec8c071b413f48921be75d2211e5","root.record.ItemExhibitList.P5Item.CostElementCategoryList.Software.NonRecurring.CostElementList.CostElement"
"TBS","TBS","2013-BASE_PROCUREMENT-2013-ARMY_OTHER_2-JustificationBook_Army_PB_2013.zzz_unzipped-JustificationBook_Army_PB_2013.xml","72202fbc686aa20f8ea0ad38b75e2ffc5e13a3c32146dd2ace23e064232dfed4","1-5c766ddf9f463e70595f40e1211aa72b83a1dbb77862f4d2ccba55597ba05942","0","0","0","0","0","0","0","0","","","","","4-bb3e98fcfb4fc91caf325eb4775bf74b2a64ec8c071b413f48921be75d2211e5","root.record.ItemExhibitList.P5Item.CostElementCategoryList.Software.NonRecurring.CostElementList.CostElement"
"World Wide Technology","Maryland Heights, MO","2013-BASE_PROCUREMENT-2013-ARMY_OTHER_2-JustificationBook_Army_PB_2013.zzz_unzipped-JustificationBook_Army_PB_2013.xml","72202fbc686aa20f8ea0ad38b75e2ffc5e13a3c32146dd2ace23e064232dfed4","0-ea8a6db8a0343eedd095140d56aa0b4548c9c7356fa872e150ffa8c5a2619445","0","0","0","0","0","0","0","0","","","","","5-e9409a1014ddc54bf7221f7c8355b90764288760852f9948e99c1f5641406485","root.record.ItemExhibitList.P5Item.CostElementCategoryList.Software.NonRecurring.CostElementList.CostElement"
"TBS","TBS","2013-BASE_PROCUREMENT-2013-ARMY_OTHER_2-JustificationBook_Army_PB_2013.zzz_unzipped-JustificationBook_Army_PB_2013.xml","72202fbc686aa20f8ea0ad38b75e2ffc5e13a3c32146dd2ace23e064232dfed4","1-1f2a656d083f0af73b0ce8da39df528ad1568aa7c09e381014286422535bf420","0","0","0","0","0","0","0","0","","","","","5-e9409a1014ddc54bf7221f7c8355b90764288760852f9948e99c1f5641406485","root.record.ItemExhibitList.P5Item.CostElementCategoryList.Software.NonRecurring.CostElementList.CostElement"
"TBS","TBS","2013-BASE_PROCUREMENT-2013-ARMY_OTHER_2-JustificationBook_Army_PB_2013.zzz_unzipped-JustificationBook_Army_PB_2013.xml","72202fbc686aa20f8ea0ad38b75e2ffc5e13a3c32146dd2ace23e064232dfed4","0-f1185104c509a6d183faa527376bf04d4724b3a66119a18e80c369ef8465f26d","0","0","0","0","0","0","0","0","","","","","6-ac9d17701dad601c645a628b5a8a4228cb19f7ca4a8df8d6c17ef895b75bce78","root.record.ItemExhibitList.P5Item.CostElementCategoryList.Software.NonRecurring.CostElementList.CostElement"
"TBS","TBS","2013-BASE_PROCUREMENT-2013-ARMY_OTHER_2-JustificationBook_Army_PB_2013.zzz_unzipped-JustificationBook_Army_PB_2013.xml","72202fbc686aa20f8ea0ad38b75e2ffc5e13a3c32146dd2ace23e064232dfed4","0-721851e9d057e168bd29ddbfaebc357bde02ca6699ea45f894e0c28ac497ba8a","0","0","0","0","0","0","0","0","","","","","7-dde566f111cc3779ae7e8b0ec924c7cff9622a3ad27fb78e1132da6dd7c5c50b","root.record.ItemExhibitList.P5Item.CostElementCategoryList.Software.NonRecurring.CostElementList.CostElement"
"TBS","TBS","2013-BASE_PROCUREMENT-2013-ARMY_OTHER_2-JustificationBook_Army_PB_2013.zzz_unzipped-JustificationBook_Army_PB_2013.xml","72202fbc686aa20f8ea0ad38b75e2ffc5e13a3c32146dd2ace23e064232dfed4","0-83eb1a2a3c3fc71c2cab98e8701af70177baf2294c631d1e184578507f466de5","0","0","0","0","0","0","0","0","","","","","8-4f1419c6364f3fc69dd1d8f019066a54b03664280deaad36904caf04ce5f0709","root.record.ItemExhibitList.P5Item.CostElementCategoryList.Software.NonRecurring.CostElementList.CostElement"
"TBS","TBS","2013-BASE_PROCUREMENT-2013-ARMY_OTHER_2-JustificationBook_Army_PB_2013.zzz_unzipped-JustificationBook_Army_PB_2013.xml","72202fbc686aa20f8ea0ad38b75e2ffc5e13a3c32146dd2ace23e064232dfed4","0-1eb8da6c0b583ac1071842a79b0b5d3f143eaf91355366e09f596e5fdbed21b2","0","0","0","0","0","0","0","0","","","","","9-8cf42934ce409ea1feab72cc01e1ad8f17d2919690e40a4c5b097d748a528b61","root.record.ItemExhibitList.P5Item.CostElementCategoryList.Software.NonRecurring.CostElementList.CostElement"
"TBS","TBS","2013-BASE_PROCUREMENT-2013-ARMY_OTHER_2-JustificationBook_Army_PB_2013.zzz_unzipped-JustificationBook_Army_PB_2013.xml","72202fbc686aa20f8ea0ad38b75e2ffc5e13a3c32146dd2ace23e064232dfed4","0-919b9779ae87e7f43d3a6154c5693560161f5f7adfd06622aaeccb2a3dbad050","0","0","0","0","0","0","0","0","","","","","10-2430f0d24a3d827b5e621033e6d2e0f9d0a3b0fb9d162db94c892caf8722321e","root.record.ItemExhibitList.P5Item.CostElementCategoryList.Software.NonRecurring.CostElementList.CostElement"
"TBS","TBS","2013-BASE_PROCUREMENT-2013-ARMY_OTHER_2-JustificationBook_Army_PB_2013.zzz_unzipped-JustificationBook_Army_PB_2013.xml","72202fbc686aa20f8ea0ad38b75e2ffc5e13a3c32146dd2ace23e064232dfed4","0-d672cdf7786f133ac909042f842c5780235141764b681ce2434a0b555137149a","0","0","0","0","0","0","0","0","","","","","11-6ff0b31dd11b74d270e7eba286fa74ae327dfe2a19302245142549b7ad165958","root.record.ItemExhibitList.P5Item.CostElementCategoryList.Software.NonRecurring.CostElementList.CostElement"
"TBS","TBS","2013-BASE_PROCUREMENT-2013-ARMY_OTHER_2-JustificationBook_Army_PB_2013.zzz_unzipped-JustificationBook_Army_PB_2013.xml","72202fbc686aa20f8ea0ad38b75e2ffc5e13a3c32146dd2ace23e064232dfed4","0-7a4afec8cc547fb250c74a32e11050c6fcb6f567d51ed4d7af4aacec3dd5e8b0","0","0","0","0","0","0","0","0","","","","","12-0468dfc54acc1fc8c9b21bad8b453fdbaa7befd23d845102bd3158f2fa7f782d","root.record.ItemExhibitList.P5Item.CostElementCategoryList.Software.NonRecurring.CostElementList.CostElement"
"TBS","TBS","2013-BASE_PROCUREMENT-2013-ARMY_OTHER_2-JustificationBook_Army_PB_2013.zzz_unzipped-JustificationBook_Army_PB_2013.xml","72202fbc686aa20f8ea0ad38b75e2ffc5e13a3c32146dd2ace23e064232dfed4","0-89ff368147f73788b95f131000115316b7cf4a6165477e2b8c4330395a03b034","0","0","0","0","0","0","0","0","","","","","0-1b41ab3e9631f63d67a185c5c5432e3b6e5b258044d89d1597ce6a8a9e080b3c","root.record.ItemExhibitList.P5Item.CostElementCategoryList.Software.NonRecurring.CostElementList.CostElement"
"Mythics","Virginia Beach, VA","2013-BASE_PROCUREMENT-2013-ARMY_OTHER_2-JustificationBook_Army_PB_2013.zzz_unzipped-JustificationBook_Army_PB_2013.xml","72202fbc686aa20f8ea0ad38b75e2ffc5e13a3c32146dd2ace23e064232dfed4","0-f752eb6d50802d581ed318c90fb1956a7a6cbf9231d6f042252b986eade7e3ab","0","0","0","0","0","0","0","0","","","","","1-2d886eb873b51155bd1c10d8bfd891a175770c210472c655d8b2e43a920ca2a3","root.record.ItemExhibitList.P5Item.CostElementCategoryList.Software.NonRecurring.CostElementList.CostElement"
"TBS","TBS","2013-BASE_PROCUREMENT-2013-ARMY_OTHER_2-JustificationBook_Army_PB_2013.zzz_unzipped-JustificationBook_Army_PB_2013.xml","72202fbc686aa20f8ea0ad38b75e2ffc5e13a3c32146dd2ace23e064232dfed4","1-1e28a96bae3b20437845e3de2e6a51eb7a285ac275b866328fa7cc2354c1a7dd","0","0","0","0","0","0","0","0","","","","","1-2d886eb873b51155bd1c10d8bfd891a175770c210472c655d8b2e43a920ca2a3","root.record.ItemExhibitList.P5Item.CostElementCategoryList.Software.NonRecurring.CostElementList.CostElement"
"Rockwell-Collins","Richardson, TX","2014-BASE_PROCUREMENT-2014-AIRFORCE_OTHER-PROCUREMENT_JustificationBook_Air_Force_PB_2014.zzz_unzipped-PROCUREMENT_JustificationBook_Air_Force_PB_2014.xml","7ee66450215aa07e5fc5e2f7586e96df772899f668f3a8a5c59985ebc55d7351","0-81bc660be61e09bc1a071ab4f32416e48b200cc30e20e062f5e3b1ac868a0cc5","","","","","","","","","","","","","5-19f8f5e572eb6d031f45ed7e29e531a922f4a0a51a77f3773916d66e8be29a9c","root.record.ItemExhibitList.P5Item.CostElementCategoryList.Software.NonRecurring.CostElementList.CostElement"
"Rockwell-Collins","Richardson, TX","2014-BASE_PROCUREMENT-2014-AIRFORCE_OTHER-PROCUREMENT_MasterJustificationBook_Air_Force_PB_2014.zzz_unzipped-PROCUREMENT_MasterJustificationBook_Air_Force_PB_2014.xml","7e13f1f4256aedd194be0beb65b8fc8b222c74d5ea80d6a83a2e4353d3d903b1","0-4a6cf00115ae4e3f491f559c163dada35530ba34ea4c4c427da679c2d722cf96","","","","","","","","","","","","","5-296a5e620021bb0c34e79a0acf6ad29b0f5adeb8113863b007b11d9ad04e64f6","root.record.ItemExhibitList.P5Item.CostElementCategoryList.Software.NonRecurring.CostElementList.CostElement"
"SAIC Defense Solution Services","McLean, VA","2014-BASE_PROCUREMENT-2014-ARMY_OTHER_2-PROCUREMENT_JustificationBook_Army_PB_2014.zzz_unzipped-PROCUREMENT_JustificationBook_Army_PB_2014.xml","67071f71009ab11469c26da696e0ae2604f627ae46a7ffdcb7d3fa6a96a5fd24","0-587b1436ccd1aff328ca8528f39007f1cf5769853ee8331f08146932ae31a303","0","0","0","0","0","0","0","0","","","","","0-fcba7c0926deba23816feaa74cd3436e815b0cf41faa222e3b476e19ef57bbe8","root.record.ItemExhibitList.P5Item.CostElementCategoryList.Software.NonRecurring.CostElementList.CostElement"
"TBS","TBS","2014-BASE_PROCUREMENT-2014-ARMY_OTHER_2-PROCUREMENT_JustificationBook_Army_PB_2014.zzz_unzipped-PROCUREMENT_JustificationBook_Army_PB_2014.xml","67071f71009ab11469c26da696e0ae2604f627ae46a7ffdcb7d3fa6a96a5fd24","1-a811cab3f2c12a75d5cf2f9ef3746cb3ddf7feb7bbc13c086ec408c6c384acd4","0","0","0","0","0","0","0","0","","","","","0-fcba7c0926deba23816feaa74cd3436e815b0cf41faa222e3b476e19ef57bbe8","root.record.ItemExhibitList.P5Item.CostElementCategoryList.Software.NonRecurring.CostElementList.CostElement"
"TBS","TBS","2014-BASE_PROCUREMENT-2014-ARMY_OTHER_2-PROCUREMENT_JustificationBook_Army_PB_2014.zzz_unzipped-PROCUREMENT_JustificationBook_Army_PB_2014.xml","67071f71009ab11469c26da696e0ae2604f627ae46a7ffdcb7d3fa6a96a5fd24","0-358d1f848e4b87da1de1e88d4c9ae333c0e29ac928eca1a9fc0b3bc6458bfd6a","0","0","0","0","0","0","0","0","","","","","0-e700d2aad553813ec98791f7f5022cd8f4c7ad34359ae7fc6d1607d3efb47803","root.record.ItemExhibitList.P5Item.CostElementCategoryList.Software.NonRecurring.CostElementList.CostElement"
"Iron Bow Technologies, LLC","Chantilly, VA","2014-BASE_PROCUREMENT-2014-ARMY_OTHER_2-PROCUREMENT_JustificationBook_Army_PB_2014.zzz_unzipped-PROCUREMENT_JustificationBook_Army_PB_2014.xml","67071f71009ab11469c26da696e0ae2604f627ae46a7ffdcb7d3fa6a96a5fd24","0-60dc9aee989b92d436a2518e3f7ed811868edee4befae8f6df4b3aff0d56e6ba","0","0","0","0","0","0","0","0","","","","","1-2b67e0fb7f2b2c462878746da50456d593632f05523dfdb903f2e7897a89cae6","root.record.ItemExhibitList.P5Item.CostElementCategoryList.Software.NonRecurring.CostElementList.CostElement"
"TBS","TBS","2014-BASE_PROCUREMENT-2014-ARMY_OTHER_2-PROCUREMENT_JustificationBook_Army_PB_2014.zzz_unzipped-PROCUREMENT_JustificationBook_Army_PB_2014.xml","67071f71009ab11469c26da696e0ae2604f627ae46a7ffdcb7d3fa6a96a5fd24","1-19a016cd7601a130632bda155164452eae60b02f5dabd48d992e29563b3ae79f","0","0","0","0","0","0","0","0","","","","","1-2b67e0fb7f2b2c462878746da50456d593632f05523dfdb903f2e7897a89cae6","root.record.ItemExhibitList.P5Item.CostElementCategoryList.Software.NonRecurring.CostElementList.CostElement"
"TBS","TBS","2014-BASE_PROCUREMENT-2014-ARMY_OTHER_2-PROCUREMENT_JustificationBook_Army_PB_2014.zzz_unzipped-PROCUREMENT_JustificationBook_Army_PB_2014.xml","67071f71009ab11469c26da696e0ae2604f627ae46a7ffdcb7d3fa6a96a5fd24","0-0d2bd95f4ebb796b9cd0eadf34fcccd46aacdef842425f8bb693c7a0b428526e","0","0","0","0","0","0","0","0","","","","","2-58e9b789705aa698ecd3124b7e8bbe86bcee326562b0fa5eefd3b9544003137a","root.record.ItemExhibitList.P5Item.CostElementCategoryList.Software.NonRecurring.CostElementList.CostElement"
"TBS","TBS","2014-BASE_PROCUREMENT-2014-ARMY_OTHER_2-PROCUREMENT_JustificationBook_Army_PB_2014.zzz_unzipped-PROCUREMENT_JustificationBook_Army_PB_2014.xml","67071f71009ab11469c26da696e0ae2604f627ae46a7ffdcb7d3fa6a96a5fd24","0-ba9ced42bf06e522320f7121e33228fb9084b69769965f900a42ddc91117d9af","0","0","0","0","0","0","0","0","","","","","0-c84700f27236aac92f2f83c2ba307da82e485bc99b30f104a29340f292c41c07","root.record.ItemExhibitList.P5Item.CostElementCategoryList.Software.NonRecurring.CostElementList.CostElement"
"General Dynamics Info Tech","Fairfax, VA","2014-BASE_PROCUREMENT-2014-ARMY_OTHER_2-PROCUREMENT_JustificationBook_Army_PB_2014.zzz_unzipped-PROCUREMENT_JustificationBook_Army_PB_2014.xml","67071f71009ab11469c26da696e0ae2604f627ae46a7ffdcb7d3fa6a96a5fd24","0-9794489c6ac17c519306b42ddd85b632671a68e61fe1f1278d879790492d380d","0","0","0","0","0","0","0","0","","","","","1-f34954d0d7ff57903fc9fd81ac1a82f4d1e4b834337b3c3239b46053193153e3","root.record.ItemExhibitList.P5Item.CostElementCategoryList.Software.NonRecurring.CostElementList.CostElement"
"TBS","TBS","2014-BASE_PROCUREMENT-2014-ARMY_OTHER_2-PROCUREMENT_JustificationBook_Army_PB_2014.zzz_unzipped-PROCUREMENT_JustificationBook_Army_PB_2014.xml","67071f71009ab11469c26da696e0ae2604f627ae46a7ffdcb7d3fa6a96a5fd24","1-55be66560afa7738e385ad35552c7b94b1c9eea62403cd381f5b9aa0a1766be0","0","0","0","0","0","0","0","0","","","","","1-f34954d0d7ff57903fc9fd81ac1a82f4d1e4b834337b3c3239b46053193153e3","root.record.ItemExhibitList.P5Item.CostElementCategoryList.Software.NonRecurring.CostElementList.CostElement"
"CHESS","Ft. Benning, GA","2014-BASE_PROCUREMENT-2014-ARMY_OTHER_2-PROCUREMENT_JustificationBook_Army_PB_2014.zzz_unzipped-PROCUREMENT_JustificationBook_Army_PB_2014.xml","67071f71009ab11469c26da696e0ae2604f627ae46a7ffdcb7d3fa6a96a5fd24","0-5985cde9066c8b47ebc2992f638b0f522dd0f913a28e93bb4f951135cc804d99","0","0","0","0","0","0","0","0","","","","","2-5728bc39dd6e49811dea28799d6a85155161ddf39a257c8ccb3c5862b4635f3f","root.record.ItemExhibitList.P5Item.CostElementCategoryList.Software.NonRecurring.CostElementList.CostElement"
"TBS","TBS","2014-BASE_PROCUREMENT-2014-ARMY_OTHER_2-PROCUREMENT_JustificationBook_Army_PB_2014.zzz_unzipped-PROCUREMENT_JustificationBook_Army_PB_2014.xml","67071f71009ab11469c26da696e0ae2604f627ae46a7ffdcb7d3fa6a96a5fd24","1-6d6420b93ce2a030f589c5870b6294c19bbdc8dc3e44ff2a36f827c290053b4b","0","0","0","0","0","0","0","0","","","","","2-5728bc39dd6e49811dea28799d6a85155161ddf39a257c8ccb3c5862b4635f3f","root.record.ItemExhibitList.P5Item.CostElementCategoryList.Software.NonRecurring.CostElementList.CostElement"
"Dell Federal Systems LP","Rock Round, TX","2014-BASE_PROCUREMENT-2014-ARMY_OTHER_2-PROCUREMENT_JustificationBook_Army_PB_2014.zzz_unzipped-PROCUREMENT_JustificationBook_Army_PB_2014.xml","67071f71009ab11469c26da696e0ae2604f627ae46a7ffdcb7d3fa6a96a5fd24","0-166b892b6191f38d9f3194a164a8f173f8392026efe40bc9a9a7d8fa3c956dbf","0","0","0","0","0","0","0","0","","","","","3-48afe15b428418a764c932264c986d4ca8cdfd4caf15fd01c346f5f7e81d7568","root.record.ItemExhibitList.P5Item.CostElementCategoryList.Software.NonRecurring.CostElementList.CostElement"
"TBS","TBS","2014-BASE_PROCUREMENT-2014-ARMY_OTHER_2-PROCUREMENT_JustificationBook_Army_PB_2014.zzz_unzipped-PROCUREMENT_JustificationBook_Army_PB_2014.xml","67071f71009ab11469c26da696e0ae2604f627ae46a7ffdcb7d3fa6a96a5fd24","1-7579017ea7e48ef396ce65376d769495d8d1352ef32c7fb832e50c2978c6182d","0","0","0","0","0","0","0","0","","","","","3-48afe15b428418a764c932264c986d4ca8cdfd4caf15fd01c346f5f7e81d7568","root.record.ItemExhibitList.P5Item.CostElementCategoryList.Software.NonRecurring.CostElementList.CostElement"
"TBS","TBS","2014-BASE_PROCUREMENT-2014-ARMY_OTHER_2-PROCUREMENT_JustificationBook_Army_PB_2014.zzz_unzipped-PROCUREMENT_JustificationBook_Army_PB_2014.xml","67071f71009ab11469c26da696e0ae2604f627ae46a7ffdcb7d3fa6a96a5fd24","0-5e229ebd8e53385d7a0adacc1f366b8d898d8007b0204fe1dc5f122a2ed54000","0","0","0","0","0","0","0","0","","","","","4-ea67f8b843e291ee9769fd306d5b2a05746ea33af44d46e591bb802b2eaac5c5","root.record.ItemExhibitList.P5Item.CostElementCategoryList.Software.NonRecurring.CostElementList.CostElement"
"TBS","TBS","2014-BASE_PROCUREMENT-2014-ARMY_OTHER_2-PROCUREMENT_JustificationBook_Army_PB_2014.zzz_unzipped-PROCUREMENT_JustificationBook_Army_PB_2014.xml","67071f71009ab11469c26da696e0ae2604f627ae46a7ffdcb7d3fa6a96a5fd24","0-e9b52238880d9b7585569ca9b224942611df7e05db238342a6f81798012289a9","0","0","0","0","0","0","0","0","","","","","5-1550fb0b8e7a769c7ab29d3ea70554748793fe5fc323d7792ababe3c645e2b3b","root.record.ItemExhibitList.P5Item.CostElementCategoryList.Software.NonRecurring.CostElementList.CostElement"
"TBS","TBS","2014-BASE_PROCUREMENT-2014-ARMY_OTHER_2-PROCUREMENT_JustificationBook_Army_PB_2014.zzz_unzipped-PROCUREMENT_JustificationBook_Army_PB_2014.xml","67071f71009ab11469c26da696e0ae2604f627ae46a7ffdcb7d3fa6a96a5fd24","0-e8df6606b2ad3624671daa85592d6305b4c322818dc2829deaea85c9695d8aa3","0","0","0","0","0","0","0","0","","","","","6-fcabd18b57376eaa8cce7b0f648f7483e14622996bce481d6ecabc4f3c850e1e","root.record.ItemExhibitList.P5Item.CostElementCategoryList.Software.NonRecurring.CostElementList.CostElement"
"TBS","TBS","2014-BASE_PROCUREMENT-2014-ARMY_OTHER_2-PROCUREMENT_JustificationBook_Army_PB_2014.zzz_unzipped-PROCUREMENT_JustificationBook_Army_PB_2014.xml","67071f71009ab11469c26da696e0ae2604f627ae46a7ffdcb7d3fa6a96a5fd24","0-b2589f5c1f56d67cc67a4dadaa3b833cec5a04cf8d80c13e071a96923c2898c1","0","0","0","0","0","0","0","0","","","","","7-f72a8661fe0a0c7a75dd719b79184710a2c883c5d9f7379c6cffcee736949a02","root.record.ItemExhibitList.P5Item.CostElementCategoryList.Software.NonRecurring.CostElementList.CostElement"
"TBS","TBS","2014-BASE_PROCUREMENT-2014-ARMY_OTHER_2-PROCUREMENT_JustificationBook_Army_PB_2014.zzz_unzipped-PROCUREMENT_JustificationBook_Army_PB_2014.xml","67071f71009ab11469c26da696e0ae2604f627ae46a7ffdcb7d3fa6a96a5fd24","0-f5fccc6144bb6275515f8b221b2b19ea86050902d966c6017d471a33310f2d8c","0","0","0","0","0","0","0","0","","","","","0-3f4f79cf0372022f1373e938ab10ac5c07d1817b2bdd9f0878f72025cfebfffc","root.record.ItemExhibitList.P5Item.CostElementCategoryList.Software.NonRecurring.CostElementList.CostElement"
"TBS","TBS","2014-BASE_PROCUREMENT-2014-ARMY_OTHER_2-PROCUREMENT_JustificationBook_Army_PB_2014.zzz_unzipped-PROCUREMENT_JustificationBook_Army_PB_2014.xml","67071f71009ab11469c26da696e0ae2604f627ae46a7ffdcb7d3fa6a96a5fd24","0-8e1db046d8ff1dfcda0ca59de1582d1eaff936e884e27f7f41375e208a73fbbd","0","0","0","0","0","0","0","0","","","","","1-7a32ca9bdbacb98220b4580dfaea0e98bf4c4661956ddb96b98bc0a5f0a0dbbf","root.record.ItemExhibitList.P5Item.CostElementCategoryList.Software.NonRecurring.CostElementList.CostElement"
"TBS","TBS","2015-BASE_PROCUREMENT-2015-ARMY_OTHER_2-PROCUREMENT_JustificationBook_Army_PB_2015.zzz_unzipped-PROCUREMENT_JustificationBook_Army_PB_2015.xml","bedafffdb4dc3a382094a452b4e6bbae6568910781ead59127205c527d1a2756","0-52afaf574fe2d25b79f2ae7db110ecc7d2f664afd7b49d74e3760915753db76e","0","0","0","0","0","0","0","0","","","","","0-b9f9fa2d68f1a6c3aac2165dd825f6e7ab29dd5907d41ca92ffaceb8ef9d1b80","root.record.ItemExhibitList.P5Item.CostElementCategoryList.Software.NonRecurring.CostElementList.CostElement"
"TBS","TBS","2015-BASE_PROCUREMENT-2015-ARMY_OTHER_2-PROCUREMENT_JustificationBook_Army_PB_2015.zzz_unzipped-PROCUREMENT_JustificationBook_Army_PB_2015.xml","bedafffdb4dc3a382094a452b4e6bbae6568910781ead59127205c527d1a2756","0-1a4c2bf9d213bdeb4caf6294859faac7a678336113d8d4458ea159e3ad01f5e1","0","0","0","0","0","0","0","0","","","","","0-c80c4be5fed537c55ef55398ddc7a5f5bdc3c73d28c01e180176b16cf58c9611","root.record.ItemExhibitList.P5Item.CostElementCategoryList.Software.NonRecurring.CostElementList.CostElement"
"Defense Engineering, Inc","Arlington, VA","2015-BASE_PROCUREMENT-2015-ARMY_OTHER_2-PROCUREMENT_JustificationBook_Army_PB_2015.zzz_unzipped-PROCUREMENT_JustificationBook_Army_PB_2015.xml","bedafffdb4dc3a382094a452b4e6bbae6568910781ead59127205c527d1a2756","0-49ab8a8bf3d64340f437df0712bbcc5722110bb9cc999adba4e50e1dfec03c08","0","0","0","0","0","0","0","0","","","","","1-116a8954e835dcc43e9eb40330fead4512134f7f36e77aa38289b0b6708ce886","root.record.ItemExhibitList.P5Item.CostElementCategoryList.Software.NonRecurring.CostElementList.CostElement"
"TBS","TBS","2015-BASE_PROCUREMENT-2015-ARMY_OTHER_2-PROCUREMENT_JustificationBook_Army_PB_2015.zzz_unzipped-PROCUREMENT_JustificationBook_Army_PB_2015.xml","bedafffdb4dc3a382094a452b4e6bbae6568910781ead59127205c527d1a2756","1-52adf516e4cc16089a93227861a5618efe169b5bf1581644f89909a9313a60b2","0","0","0","0","0","0","0","0","","","","","1-116a8954e835dcc43e9eb40330fead4512134f7f36e77aa38289b0b6708ce886","root.record.ItemExhibitList.P5Item.CostElementCategoryList.Software.NonRecurring.CostElementList.CostElement"
"TBS","TBS","2015-BASE_PROCUREMENT-2015-ARMY_OTHER_2-PROCUREMENT_JustificationBook_Army_PB_2015.zzz_unzipped-PROCUREMENT_JustificationBook_Army_PB_2015.xml","bedafffdb4dc3a382094a452b4e6bbae6568910781ead59127205c527d1a2756","0-39d9a61d24b1bea7d75fa9417e01fb7eca73265d708133301d4cd9170234e920","0","0","0","0","0","0","0","0","","","","","2-6c119738b21e55a03ab7273c12958d37e079eb45d024455c65a5aa6d46a98dc1","root.record.ItemExhibitList.P5Item.CostElementCategoryList.Software.NonRecurring.CostElementList.CostElement"
"Dell","Columbus, OH","2015-BASE_PROCUREMENT-2015-ARMY_OTHER_2-PROCUREMENT_JustificationBook_Army_PB_2015.zzz_unzipped-PROCUREMENT_JustificationBook_Army_PB_2015.xml","bedafffdb4dc3a382094a452b4e6bbae6568910781ead59127205c527d1a2756","0-7021f18957ce69c868252b1707cc2de90263dcde9c5ee11809fcc2182f98a22b","0","0","0","0","0","0","0","0","","","","","0-7562aaec707582fc18493755679ed9d38970bfd950d91e34098494322d3b431a","root.record.ItemExhibitList.P5Item.CostElementCategoryList.Software.NonRecurring.CostElementList.CostElement"
"TBS","TBS","2015-BASE_PROCUREMENT-2015-ARMY_OTHER_2-PROCUREMENT_JustificationBook_Army_PB_2015.zzz_unzipped-PROCUREMENT_JustificationBook_Army_PB_2015.xml","bedafffdb4dc3a382094a452b4e6bbae6568910781ead59127205c527d1a2756","0-ec9e688b277c6e1cd40e66c01b6e9ad22ad8d02e40fc9e8640f0cbd412fd38eb","0","0","0","0","0","0","0","0","","","","","2-3e4f5c702a62e8555e35c3cb797b5e76d649ea383f41ae2193b6d124e44dd628","root.record.ItemExhibitList.P5Item.CostElementCategoryList.Software.NonRecurring.CostElementList.CostElement"
"TBS","TBS","2015-BASE_PROCUREMENT-2015-ARMY_OTHER_2-PROCUREMENT_JustificationBook_Army_PB_2015.zzz_unzipped-PROCUREMENT_JustificationBook_Army_PB_2015.xml","bedafffdb4dc3a382094a452b4e6bbae6568910781ead59127205c527d1a2756","0-dff71376f851ff391bf3af9b241811fd68f424143132a87d708054db1d041463","0","0","0","0","0","0","0","0","","","","","5-859a0c7674595e3c6f0550edf83d77a08cac18bb2f98f4e432933a35169546fb","root.record.ItemExhibitList.P5Item.CostElementCategoryList.Software.NonRecurring.CostElementList.CostElement"
"TBS","TBS","2015-BASE_PROCUREMENT-2015-ARMY_OTHER_2-PROCUREMENT_JustificationBook_Army_PB_2015.zzz_unzipped-PROCUREMENT_JustificationBook_Army_PB_2015.xml","bedafffdb4dc3a382094a452b4e6bbae6568910781ead59127205c527d1a2756","0-35b09bb3fb5ced2a750a58faec54a26a8090a9478cbf5927341e4a9c53df8759","0","0","0","0","0","0","0","0","","","","","6-58e7a605704b9d977a99f81bec0a01c1a151217d9f5507089f612e98a753067d","root.record.ItemExhibitList.P5Item.CostElementCategoryList.Software.NonRecurring.CostElementList.CostElement"
"TBS","TBS","2015-BASE_PROCUREMENT-2015-ARMY_OTHER_2-PROCUREMENT_JustificationBook_Army_PB_2015.zzz_unzipped-PROCUREMENT_JustificationBook_Army_PB_2015.xml","bedafffdb4dc3a382094a452b4e6bbae6568910781ead59127205c527d1a2756","0-1fd29ff4180c632a376f15d6c083ffce67aa40bf7be7a82cc2a4cf433889d12c","0","0","0","0","0","0","0","0","","","","","0-ea8b32c16a0073da3419c7299521817714d0e5bfdf0010d6a88749a009005552","root.record.ItemExhibitList.P5Item.CostElementCategoryList.Software.NonRecurring.CostElementList.CostElement"
"Accenture Federal Services LLC","Arlington, VA","2015-BASE_PROCUREMENT-2015-ARMY_OTHER_2-PROCUREMENT_JustificationBook_Army_PB_2015.zzz_unzipped-PROCUREMENT_JustificationBook_Army_PB_2015.xml","bedafffdb4dc3a382094a452b4e6bbae6568910781ead59127205c527d1a2756","0-7b9f192491403896221a0fd80ae835fdf6b6e982103fda9d3129b28367e5ae79","0","0","0","0","0","0","0","0","","","","","1-d4502813566263c77eeaa4b5825a9fa203d49c970be4a4077c8178f870c4847e","root.record.ItemExhibitList.P5Item.CostElementCategoryList.Software.NonRecurring.CostElementList.CostElement"
"Army","Wash DC","2015-AMENDED_PROCUREMENT_AND_RDTE-2015-DISA-PROCUREMENT_JustificationBook_Defense_Information_Systems_Agency_PBAmended_2015.zzz_unzipped-PROCUREMENT_JustificationBook_Defense_Information_Systems_Agency_PBAmended_2015.xml","d94f019ca6ad47831570c156dff39434da9ab15bce0586d43be1216cd4cf1d47","0-96cabfd89efd32fdd2cb1249b9ac2b36d3651f9a7f8404ed910f7891b38c7bdb","","","","","","","","","","","","","0-a1ebcf5e58f71ae35f26aeabc11b020f1e12d11ef2eb91118e0fbb9994940388","root.record.ItemExhibitList.P5Item.CostElementCategoryList.Software.NonRecurring.CostElementList.CostElement"
"Army","Wash DC","2015-AMENDED_PROCUREMENT_AND_RDTE-2015-DISA-PROCUREMENT_JustificationBook_Defense_Information_Systems_Agency_PBAmended_2015.zzz_unzipped-PROCUREMENT_JustificationBook_Defense_Information_Systems_Agency_PBAmended_2015.xml","d94f019ca6ad47831570c156dff39434da9ab15bce0586d43be1216cd4cf1d47","0-64505ad9c7f527aba1924095a111aebbd97d97f86e2c7c3b3492028ab8152e34","","","","","","","","","","","","","1-bc9a9bd4ead643edc1a5d75ef45c30c6d6801bf39c7698fcf5cc6ab472bccae2","root.record.ItemExhibitList.P5Item.CostElementCategoryList.Software.NonRecurring.CostElementList.CostElement"
"Army","Wash DC","2015-AMENDED_PROCUREMENT_AND_RDTE-2015-DISA-PROCUREMENT_MasterJustificationBook_Defense_Information_Systems_Agency_PBAmended_2015.zzz_unzipped-PROCUREMENT_MasterJustificationBook_Defense_Information_Systems_Agency_PBAmended_2015.xml","0ba1ff01b1584bc3e78a57a5ea1922c71db0daf80e4e1f03a022614b8e202d41","0-29ad65750983cb691abb14e2da348186c1c0b7585cacfe4c7f5572e13ae011c2","","","","","","","","","","","","","0-b44420bad14afdff875c8297cabce9647b6beab0fe90a8dc2250cc43dfeb2c3a","root.record.ItemExhibitList.P5Item.CostElementCategoryList.Software.NonRecurring.CostElementList.CostElement"
"Army","Wash DC","2015-AMENDED_PROCUREMENT_AND_RDTE-2015-DISA-PROCUREMENT_MasterJustificationBook_Defense_Information_Systems_Agency_PBAmended_2015.zzz_unzipped-PROCUREMENT_MasterJustificationBook_Defense_Information_Systems_Agency_PBAmended_2015.xml","0ba1ff01b1584bc3e78a57a5ea1922c71db0daf80e4e1f03a022614b8e202d41","0-3c4685476eb0e4cadedf56226f4f30b20972cc771ca89754b922df919dbe2aa5","","","","","","","","","","","","","1-896db072aa8955594db032fc3cfa72f3ac5deaf7dcfe64f19f2999c5fde9e31d","root.record.ItemExhibitList.P5Item.CostElementCategoryList.Software.NonRecurring.CostElementList.CostElement"
"Army","Wash DC","2015-AMENDED_PROCUREMENT_AND_RDTE-2015-DEFENSE_MASTER_JBOOK-PROCUREMENT_MasterJustificationBook_Defense-Wide_PBAmended_2015.zzz_unzipped-PROCUREMENT_MasterJustificationBook_Defense-Wide_PBAmended_2015.xml","303b558d79ac8de02c9b26612b66f29a4d300e030b75eec7d9b97dfeddac8680","0-0742803902c69c6d4041e5546452fbeafb768258c9e2387531242e2592eb21a8","","","","","","","","","","","","","0-4f4643a7a3f57eb99d3fc78fe5c6830c21610b728f1f092a5608891e1a4b8662","root.record.ItemExhibitList.P5Item.CostElementCategoryList.Software.NonRecurring.CostElementList.CostElement"
"Army","Wash DC","2015-AMENDED_PROCUREMENT_AND_RDTE-2015-DEFENSE_MASTER_JBOOK-PROCUREMENT_MasterJustificationBook_Defense-Wide_PBAmended_2015.zzz_unzipped-PROCUREMENT_MasterJustificationBook_Defense-Wide_PBAmended_2015.xml","303b558d79ac8de02c9b26612b66f29a4d300e030b75eec7d9b97dfeddac8680","0-475d692e50c3d38b0c111ce3c4bffa0a9319c2efc0240dee62eb75c8bd98d507","","","","","","","","","","","","","1-71fc35dc1c2d2214f442aa2268f6004a974b5587cfd7167bec29e2c1dc9e3a70","root.record.ItemExhibitList.P5Item.CostElementCategoryList.Software.NonRecurring.CostElementList.CostElement"
"Wyle Laboratories","Huntsville, AL","2016-BASE_PROCUREMENT-2016-ARMY_OTHER_2-PROCUREMENT_JustificationBook_Army_PB_2016.zzz_unzipped-PROCUREMENT_JustificationBook_Army_PB_2016.xml","0daeb3840995e315e0845fec38ebc9e30d4d58064f2184f55430dcb7cef2d891","0-6764b97da2d29b18d00e1bccb41be372d87299bdab6f03cd235f8e8d17a00096","0","0","0","0","0","0","0","0","","","","","0-09fc82a346115a8f600cdbe00c63ed5433b3d75f4382bfd6cc67b0a4224a7085","root.record.ItemExhibitList.P5Item.CostElementCategoryList.Software.NonRecurring.CostElementList.CostElement"
"Leidos","McLean, VA","2016-BASE_PROCUREMENT-2016-ARMY_OTHER_2-PROCUREMENT_JustificationBook_Army_PB_2016.zzz_unzipped-PROCUREMENT_JustificationBook_Army_PB_2016.xml","0daeb3840995e315e0845fec38ebc9e30d4d58064f2184f55430dcb7cef2d891","1-5b0b56c300656e581aaf7eb07c6edba31c2464c1bf25d63e48445f9874245ccc","0","0","0","0","0","0","0","0","","","","","0-09fc82a346115a8f600cdbe00c63ed5433b3d75f4382bfd6cc67b0a4224a7085","root.record.ItemExhibitList.P5Item.CostElementCategoryList.Software.NonRecurring.CostElementList.CostElement"
"TBS","TBS","2016-BASE_PROCUREMENT-2016-ARMY_OTHER_2-PROCUREMENT_JustificationBook_Army_PB_2016.zzz_unzipped-PROCUREMENT_JustificationBook_Army_PB_2016.xml","0daeb3840995e315e0845fec38ebc9e30d4d58064f2184f55430dcb7cef2d891","2-21edd8f84f8846cb2bacc241d31f4f6a8578183a5de1db89975dd58caa7838ab","0","0","0","0","0","0","0","0","","","","","0-09fc82a346115a8f600cdbe00c63ed5433b3d75f4382bfd6cc67b0a4224a7085","root.record.ItemExhibitList.P5Item.CostElementCategoryList.Software.NonRecurring.CostElementList.CostElement"
"Defense Engineering, Inc","Arlington, VA","2016-BASE_PROCUREMENT-2016-ARMY_OTHER_2-PROCUREMENT_JustificationBook_Army_PB_2016.zzz_unzipped-PROCUREMENT_JustificationBook_Army_PB_2016.xml","0daeb3840995e315e0845fec38ebc9e30d4d58064f2184f55430dcb7cef2d891","0-7c3e1078dc175a1113f93a7430a0b631e7735032c10be40be7630ed9921767d9","0","0","0","0","0","0","0","0","","","","","0-cea37268e6d51f690b5cc1eb166aece22bdc5359c8b61de05f815614fafa1b9c","root.record.ItemExhibitList.P5Item.CostElementCategoryList.Software.NonRecurring.CostElementList.CostElement"
"TBS","TBS","2016-BASE_PROCUREMENT-2016-ARMY_OTHER_2-PROCUREMENT_JustificationBook_Army_PB_2016.zzz_unzipped-PROCUREMENT_JustificationBook_Army_PB_2016.xml","0daeb3840995e315e0845fec38ebc9e30d4d58064f2184f55430dcb7cef2d891","1-197f7f4082c53b7f645eefb50db7035e652354cf17feb247d359ddbe593fdfa3","0","0","0","0","0","0","0","0","","","","","0-cea37268e6d51f690b5cc1eb166aece22bdc5359c8b61de05f815614fafa1b9c","root.record.ItemExhibitList.P5Item.CostElementCategoryList.Software.NonRecurring.CostElementList.CostElement"
"Carahsoft Tech Corp","Reston, VA","2016-BASE_PROCUREMENT-2016-ARMY_OTHER_2-PROCUREMENT_JustificationBook_Army_PB_2016.zzz_unzipped-PROCUREMENT_JustificationBook_Army_PB_2016.xml","0daeb3840995e315e0845fec38ebc9e30d4d58064f2184f55430dcb7cef2d891","0-6d8c15d6aeace2e8ae629da3feb61e92b8791caec7f1ce2d00154e5079235e03","0","0","0","0","0","0","0","0","","","","","1-e5a26cc8ce7fc95015cbdf4cc3209afa4d32fd9a5934008fcc7158162522de2e","root.record.ItemExhibitList.P5Item.CostElementCategoryList.Software.NonRecurring.CostElementList.CostElement"
"DLT Solutions","Herndon, VA","2016-BASE_PROCUREMENT-2016-ARMY_OTHER_2-PROCUREMENT_JustificationBook_Army_PB_2016.zzz_unzipped-PROCUREMENT_JustificationBook_Army_PB_2016.xml","0daeb3840995e315e0845fec38ebc9e30d4d58064f2184f55430dcb7cef2d891","1-af5b18270e0eeaa6759565c987052bde560f5c6044dc28d6c458a05f4425ad47","0","0","0","0","0","0","0","0","","","","","1-e5a26cc8ce7fc95015cbdf4cc3209afa4d32fd9a5934008fcc7158162522de2e","root.record.ItemExhibitList.P5Item.CostElementCategoryList.Software.NonRecurring.CostElementList.CostElement"
"TBS","TBS","2016-BASE_PROCUREMENT-2016-ARMY_OTHER_2-PROCUREMENT_JustificationBook_Army_PB_2016.zzz_unzipped-PROCUREMENT_JustificationBook_Army_PB_2016.xml","0daeb3840995e315e0845fec38ebc9e30d4d58064f2184f55430dcb7cef2d891","2-642f34c966e4d1b17f15285f2730bf02da6722a1d278e36f5760f169e9842a28","0","0","0","0","0","0","0","0","","","","","1-e5a26cc8ce7fc95015cbdf4cc3209afa4d32fd9a5934008fcc7158162522de2e","root.record.ItemExhibitList.P5Item.CostElementCategoryList.Software.NonRecurring.CostElementList.CostElement"
"TBS","TBS","2016-BASE_PROCUREMENT-2016-ARMY_OTHER_2-PROCUREMENT_JustificationBook_Army_PB_2016.zzz_unzipped-PROCUREMENT_JustificationBook_Army_PB_2016.xml","0daeb3840995e315e0845fec38ebc9e30d4d58064f2184f55430dcb7cef2d891","0-e2fdb2c3f131104501778f022d8b636e4a45ce5ac8c10e0a3a81525f7a19c72f","0","0","0","0","0","0","0","0","","","","","2-7879818d19f3c0d0a3917289b1a0a3f1998d77bab7831a1e435f1b229383db33","root.record.ItemExhibitList.P5Item.CostElementCategoryList.Software.NonRecurring.CostElementList.CostElement"
"TBS","TBS","2016-BASE_PROCUREMENT-2016-ARMY_OTHER_2-PROCUREMENT_JustificationBook_Army_PB_2016.zzz_unzipped-PROCUREMENT_JustificationBook_Army_PB_2016.xml","0daeb3840995e315e0845fec38ebc9e30d4d58064f2184f55430dcb7cef2d891","0-82ceddd27b28756b837d4cd0e2c6bbc2548f9e8568bd64f7ebaeec5b73249a43","0","0","0","0","0","0","0","0","","","","","2-aefa32021cd9ee810d41ba38393539061df7c2a0571fd6a9ea9fd2c436c8b4d9","root.record.ItemExhibitList.P5Item.CostElementCategoryList.Software.NonRecurring.CostElementList.CostElement"
"Iron Bow Technologies","Chantilly, VA","2016-BASE_PROCUREMENT-2016-ARMY_OTHER_2-PROCUREMENT_JustificationBook_Army_PB_2016.zzz_unzipped-PROCUREMENT_JustificationBook_Army_PB_2016.xml","0daeb3840995e315e0845fec38ebc9e30d4d58064f2184f55430dcb7cef2d891","0-b47eb9fd3fc5f2b52055ed07a554c38e5564985ba186f245d85675131cb1fef0","0","0","0","0","0","0","0","0","","","","","3-22866316e17079d988b7d7bd139c7ebb023a5e1980fe6c532b41264493412525","root.record.ItemExhibitList.P5Item.CostElementCategoryList.Software.NonRecurring.CostElementList.CostElement"
"TBS","TBS","2016-BASE_PROCUREMENT-2016-ARMY_OTHER_2-PROCUREMENT_JustificationBook_Army_PB_2016.zzz_unzipped-PROCUREMENT_JustificationBook_Army_PB_2016.xml","0daeb3840995e315e0845fec38ebc9e30d4d58064f2184f55430dcb7cef2d891","1-f7fe389da97a3868f179733498aff84892d9618ff684c335670192ffdf56235c","0","0","0","0","0","0","0","0","","","","","3-22866316e17079d988b7d7bd139c7ebb023a5e1980fe6c532b41264493412525","root.record.ItemExhibitList.P5Item.CostElementCategoryList.Software.NonRecurring.CostElementList.CostElement"
"TBS","TBS","2016-BASE_PROCUREMENT-2016-ARMY_OTHER_2-PROCUREMENT_JustificationBook_Army_PB_2016.zzz_unzipped-PROCUREMENT_JustificationBook_Army_PB_2016.xml","0daeb3840995e315e0845fec38ebc9e30d4d58064f2184f55430dcb7cef2d891","0-41bdf5d674c27c08067d549c8e3017f368bf344bcb75b98ce7bd67e2ed50e840","0","0","0","0","0","0","0","0","","","","","8-466e3191c8c19bf770edae4c8ac72f9e60606e459703b70018654d1f10d657f5","root.record.ItemExhibitList.P5Item.CostElementCategoryList.Software.NonRecurring.CostElementList.CostElement"
"TBS","TBS","2016-BASE_PROCUREMENT-2016-ARMY_OTHER_2-PROCUREMENT_JustificationBook_Army_PB_2016.zzz_unzipped-PROCUREMENT_JustificationBook_Army_PB_2016.xml","0daeb3840995e315e0845fec38ebc9e30d4d58064f2184f55430dcb7cef2d891","0-3539674443ff63f395d3d2e283baa62cf83526f0afa9c4d62c35e891c0b0cbfa","0","0","0","0","0","0","0","0","","","","","0-79818bfd8a47f628f83440bf37d68d781552f0741b8763e8b6d3351d2948850b","root.record.ItemExhibitList.P5Item.CostElementCategoryList.Software.NonRecurring.CostElementList.CostElement"
"Leidos","McLean, VA","2017-BASE_PROCUREMENT-2017-ARMY_OTHER_2-U_PROCUREMENT_JustificationBook_Army_PB_2017.zzz_unzipped-U_PROCUREMENT_JustificationBook_Army_PB_2017.xml","e2c89fbeb812916900eca5c27f8af4e89ad05088685814bc9bb1805868e5dd11","0-072c36ce4331ab4de1abac580a5e6de582ccff76f598f28c624685bd5fbcd4b3","0","0","0","0","0","0","0","0","","","","","0-de8c43e87e68c70e767ab7ff0ac9cfec6e1c9bf60885f558959fc99de33ac508","root.record.ItemExhibitList.P5Item.CostElementCategoryList.Software.NonRecurring.CostElementList.CostElement"
"TBS","TBS","2017-BASE_PROCUREMENT-2017-ARMY_OTHER_2-U_PROCUREMENT_JustificationBook_Army_PB_2017.zzz_unzipped-U_PROCUREMENT_JustificationBook_Army_PB_2017.xml","e2c89fbeb812916900eca5c27f8af4e89ad05088685814bc9bb1805868e5dd11","1-33b810fe5651f701662bc68f6ad1bac90ccaf4c9fd0ee9f8bcfefa61c292d954","0","0","0","0","0","0","0","0","","","","","0-de8c43e87e68c70e767ab7ff0ac9cfec6e1c9bf60885f558959fc99de33ac508","root.record.ItemExhibitList.P5Item.CostElementCategoryList.Software.NonRecurring.CostElementList.CostElement"
"Defense Engineering, Inc","Arlington, VA","2017-BASE_PROCUREMENT-2017-ARMY_OTHER_2-U_PROCUREMENT_JustificationBook_Army_PB_2017.zzz_unzipped-U_PROCUREMENT_JustificationBook_Army_PB_2017.xml","e2c89fbeb812916900eca5c27f8af4e89ad05088685814bc9bb1805868e5dd11","0-9595012864e583374556619c8837a27cd85aad5534fe7f6ac0790ffd0e384a87","0","0","0","0","0","0","0","0","","","","","0-7a2eff6cda2495e10506ea89953ee0b1168885f424b48100ab0c3e9136adb1be","root.record.ItemExhibitList.P5Item.CostElementCategoryList.Software.NonRecurring.CostElementList.CostElement"
"TBS","TBS","2017-BASE_PROCUREMENT-2017-ARMY_OTHER_2-U_PROCUREMENT_JustificationBook_Army_PB_2017.zzz_unzipped-U_PROCUREMENT_JustificationBook_Army_PB_2017.xml","e2c89fbeb812916900eca5c27f8af4e89ad05088685814bc9bb1805868e5dd11","1-47af473c56143df027c547e461e850f6712341e851f23d22beda19561fec1f55","0","0","0","0","0","0","0","0","","","","","0-7a2eff6cda2495e10506ea89953ee0b1168885f424b48100ab0c3e9136adb1be","root.record.ItemExhibitList.P5Item.CostElementCategoryList.Software.NonRecurring.CostElementList.CostElement"
"Defense Engineering, Inc","Arlington, VA","2017-BASE_PROCUREMENT-2017-ARMY_OTHER_2-U_PROCUREMENT_JustificationBook_Army_PB_2017.zzz_unzipped-U_PROCUREMENT_JustificationBook_Army_PB_2017.xml","e2c89fbeb812916900eca5c27f8af4e89ad05088685814bc9bb1805868e5dd11","0-2debdf0f492180604ee6378a37b591489196ee1644fa52f58cba65a33a162765","0","0","0","0","0","0","0","0","","","","","1-9bb34f047e5b4051f11e3390733c2ce4d3dde951690491874e95d07b3e5f75c5","root.record.ItemExhibitList.P5Item.CostElementCategoryList.Software.NonRecurring.CostElementList.CostElement"
"TBS","TBS","2017-BASE_PROCUREMENT-2017-ARMY_OTHER_2-U_PROCUREMENT_JustificationBook_Army_PB_2017.zzz_unzipped-U_PROCUREMENT_JustificationBook_Army_PB_2017.xml","e2c89fbeb812916900eca5c27f8af4e89ad05088685814bc9bb1805868e5dd11","1-a7d27d26782a5c67bb572993898b27dc0c0ced617bb903b98e47f7905abc17fe","0","0","0","0","0","0","0","0","","","","","1-9bb34f047e5b4051f11e3390733c2ce4d3dde951690491874e95d07b3e5f75c5","root.record.ItemExhibitList.P5Item.CostElementCategoryList.Software.NonRecurring.CostElementList.CostElement"
"TBS","TBS","2017-BASE_PROCUREMENT-2017-ARMY_OTHER_2-U_PROCUREMENT_JustificationBook_Army_PB_2017.zzz_unzipped-U_PROCUREMENT_JustificationBook_Army_PB_2017.xml","e2c89fbeb812916900eca5c27f8af4e89ad05088685814bc9bb1805868e5dd11","0-7dd4041aa91c580d4ed4375c2dd19a82219bffc7846e4efa48f1859c47d0b40d","0","0","0","0","0","0","0","0","","","","","0-650fecdf949a865900d18185d977b39da9ded8dc66ff93fc83cb6cac92fe7a68","root.record.ItemExhibitList.P5Item.CostElementCategoryList.Software.NonRecurring.CostElementList.CostElement"
"Lintech Global, Inc.","Farmington Hills, MI","2017-BASE_PROCUREMENT-2017-ARMY_OTHER_2-U_PROCUREMENT_JustificationBook_Army_PB_2017.zzz_unzipped-U_PROCUREMENT_JustificationBook_Army_PB_2017.xml","e2c89fbeb812916900eca5c27f8af4e89ad05088685814bc9bb1805868e5dd11","0-d700ce1a60881cc296e9663c89da8c5b202a4cc821b0d53d054fb6a375f2057d","0","0","0","0","0","0","0","0","","","","","2-0e9e7981e614e8d4965aafe7fd13cbd30e6b4daf4532475d6df477ee64ca2e0c","root.record.ItemExhibitList.P5Item.CostElementCategoryList.Software.NonRecurring.CostElementList.CostElement"
"Dell Federal Systems LP","Rock Round, TX","2017-BASE_PROCUREMENT-2017-ARMY_OTHER_2-U_PROCUREMENT_JustificationBook_Army_PB_2017.zzz_unzipped-U_PROCUREMENT_JustificationBook_Army_PB_2017.xml","e2c89fbeb812916900eca5c27f8af4e89ad05088685814bc9bb1805868e5dd11","0-1ef3b8a0dc589ee7565f386cc292de52ef8ec7254ed4a898c9df4149a9950820","0","0","0","0","0","0","0","0","","","","","3-a6bf92d56269cd5ac01ed111ae2677602031b5aa6e447ae025fb11f0720bcf04","root.record.ItemExhibitList.P5Item.CostElementCategoryList.Software.NonRecurring.CostElementList.CostElement"
"TBS","TBS","2017-BASE_PROCUREMENT-2017-ARMY_OTHER_2-U_PROCUREMENT_JustificationBook_Army_PB_2017.zzz_unzipped-U_PROCUREMENT_JustificationBook_Army_PB_2017.xml","e2c89fbeb812916900eca5c27f8af4e89ad05088685814bc9bb1805868e5dd11","1-cb4ecf1e073b3b7912559387aac5b08ba300d2c4f1c1c3e137ddb545a91980f0","0","0","0","0","0","0","0","0","","","","","3-a6bf92d56269cd5ac01ed111ae2677602031b5aa6e447ae025fb11f0720bcf04","root.record.ItemExhibitList.P5Item.CostElementCategoryList.Software.NonRecurring.CostElementList.CostElement"
"TBS","TBS","2017-BASE_PROCUREMENT-2017-ARMY_OTHER_2-U_PROCUREMENT_JustificationBook_Army_PB_2017.zzz_unzipped-U_PROCUREMENT_JustificationBook_Army_PB_2017.xml","e2c89fbeb812916900eca5c27f8af4e89ad05088685814bc9bb1805868e5dd11","0-c4b2e3e69f4d0c88d2c8667969456f31f5c0f2ec6356eac0a65953e771c857d7","0","0","0","0","0","0","0","0","","","","","8-0aff2407823f171dd17d6dc634c59c78a8f53086f68087c7a69e088080faaebc","root.record.ItemExhibitList.P5Item.CostElementCategoryList.Software.NonRecurring.CostElementList.CostElement"
"Multiple Hardware/Software","Various","2018-BASE_PROCUREMENT-2018-ARMY_OTHER_2-U_PROCUREMENT_JustificationBook_Army_PB_2018.zzz_unzipped-U_PROCUREMENT_JustificationBook_Army_PB_2018.xml","79442e00cbe7bfd4a4ea29a3f4d53f5b896df57a421ca9e4115007f2a5a4e861","0-65ef5b0efccdf126078397b7c857edc8cd7904e71c937e7c811a8d92ba37224d","0","0","0","0","0","0","0","0","","","","","0-e0141a501ff2890c7a34b38625862bae7cc3caea96a60829478bac6c6b28c96d","root.record.ItemExhibitList.P5Item.CostElementCategoryList.Software.NonRecurring.CostElementList.CostElement"
"SAP","TBD","2018-BASE_PROCUREMENT-2018-ARMY_OTHER_2-U_PROCUREMENT_JustificationBook_Army_PB_2018.zzz_unzipped-U_PROCUREMENT_JustificationBook_Army_PB_2018.xml","79442e00cbe7bfd4a4ea29a3f4d53f5b896df57a421ca9e4115007f2a5a4e861","0-39f26e295267b4de0ee4015cf11e228ca9b31da73289b8502cc1f7077deed277","0","0","0","0","0","0","0","0","","","","","0-98f1ca30a4e971326fddeb44af491bb9d175d5adc44dc7aa1effb458b07623c4","root.record.ItemExhibitList.P5Item.CostElementCategoryList.Software.NonRecurring.CostElementList.CostElement"
"Leidos","McLean, VA","2018-BASE_PROCUREMENT-2018-ARMY_OTHER_2-U_PROCUREMENT_JustificationBook_Army_PB_2018.zzz_unzipped-U_PROCUREMENT_JustificationBook_Army_PB_2018.xml","4fcec47d2ef2c5e454ef51ea8d74e89b75e63959a68d7baa4c0a97b8a1fc8c6e","0-4b1a1d726ad9dd1425987259b57c5d1369d32b0a7f236b6ddd765cc61b2028ff","0","0","0","0","0","0","0","0","","","","","0-9475f4edd778e92397cdac30c64d418e44f47afb8ffe229d1d42a4fe9ee04bf5","root.record.ItemExhibitList.P5Item.CostElementCategoryList.Software.NonRecurring.CostElementList.CostElement"
"TBS","TBS","2018-BASE_PROCUREMENT-2018-ARMY_OTHER_2-U_PROCUREMENT_JustificationBook_Army_PB_2018.zzz_unzipped-U_PROCUREMENT_JustificationBook_Army_PB_2018.xml","4fcec47d2ef2c5e454ef51ea8d74e89b75e63959a68d7baa4c0a97b8a1fc8c6e","1-c536c93af39447a3f5d0c7fd5932c2e339020491ab361315c65113b6afb9d156","0","0","0","0","0","0","0","0","","","","","0-9475f4edd778e92397cdac30c64d418e44f47afb8ffe229d1d42a4fe9ee04bf5","root.record.ItemExhibitList.P5Item.CostElementCategoryList.Software.NonRecurring.CostElementList.CostElement"
"TBS","TBS","2018-BASE_PROCUREMENT-2018-ARMY_OTHER_2-U_PROCUREMENT_JustificationBook_Army_PB_2018.zzz_unzipped-U_PROCUREMENT_JustificationBook_Army_PB_2018.xml","4fcec47d2ef2c5e454ef51ea8d74e89b75e63959a68d7baa4c0a97b8a1fc8c6e","0-8a0bdd0b78020dcceeedb3fe9133909bd4b562475baf905a7d2a6518fbc3238d","0","0","0","0","0","0","0","0","","","","","0-521eaac819b3910eeaa28386fb70faf79938bfd84b992dbf124ae938c62a6ac8","root.record.ItemExhibitList.P5Item.CostElementCategoryList.Software.NonRecurring.CostElementList.CostElement"
"Presidio Networked Solutions","Fulton, MD","2018-BASE_PROCUREMENT-2018-ARMY_OTHER_2-U_PROCUREMENT_JustificationBook_Army_PB_2018.zzz_unzipped-U_PROCUREMENT_JustificationBook_Army_PB_2018.xml","4fcec47d2ef2c5e454ef51ea8d74e89b75e63959a68d7baa4c0a97b8a1fc8c6e","0-48a6744c017293e7cb9ab56e036c1a58104f66a3b9cd877c668eebaa27f8ee02","0","0","0","0","0","0","0","0","","","","","1-49d0920d93481e9efe8b8e7a40fdd8a4fca5b8759586c76a6b193c938b576542","root.record.ItemExhibitList.P5Item.CostElementCategoryList.Software.NonRecurring.CostElementList.CostElement"
"Four LLC","Centreville, VA","2018-BASE_PROCUREMENT-2018-ARMY_OTHER_2-U_PROCUREMENT_JustificationBook_Army_PB_2018.zzz_unzipped-U_PROCUREMENT_JustificationBook_Army_PB_2018.xml","4fcec47d2ef2c5e454ef51ea8d74e89b75e63959a68d7baa4c0a97b8a1fc8c6e","1-81752a6bdb0e9f2a0ce8ae76c6de21fb8a666510493837277260a5991b52315f","0","0","0","0","0","0","0","0","","","","","1-49d0920d93481e9efe8b8e7a40fdd8a4fca5b8759586c76a6b193c938b576542","root.record.ItemExhibitList.P5Item.CostElementCategoryList.Software.NonRecurring.CostElementList.CostElement"
"TBS","TBS","2018-BASE_PROCUREMENT-2018-ARMY_OTHER_2-U_PROCUREMENT_JustificationBook_Army_PB_2018.zzz_unzipped-U_PROCUREMENT_JustificationBook_Army_PB_2018.xml","4fcec47d2ef2c5e454ef51ea8d74e89b75e63959a68d7baa4c0a97b8a1fc8c6e","2-5b055811d0c0c752fdb92d3f39c011bd2bad11349789309043340a6961d13551","0","0","0","0","0","0","0","0","","","","","1-49d0920d93481e9efe8b8e7a40fdd8a4fca5b8759586c76a6b193c938b576542","root.record.ItemExhibitList.P5Item.CostElementCategoryList.Software.NonRecurring.CostElementList.CostElement"
"TBS","TBS","2018-BASE_PROCUREMENT-2018-ARMY_OTHER_2-U_PROCUREMENT_JustificationBook_Army_PB_2018.zzz_unzipped-U_PROCUREMENT_JustificationBook_Army_PB_2018.xml","4fcec47d2ef2c5e454ef51ea8d74e89b75e63959a68d7baa4c0a97b8a1fc8c6e","0-7365f692b4ae00e58be7f2b015a6a28c238d3138b7479f9ad744cbb4a39a565e","0","0","0","0","0","0","0","0","","","","","0-8ad18a168995887690be80275d0d3eda298c1ee2894044160cc1f640fef2cfea","root.record.ItemExhibitList.P5Item.CostElementCategoryList.Software.NonRecurring.CostElementList.CostElement"
"TBS","TBS","2018-BASE_PROCUREMENT-2018-ARMY_OTHER_2-U_PROCUREMENT_JustificationBook_Army_PB_2018.zzz_unzipped-U_PROCUREMENT_JustificationBook_Army_PB_2018.xml","4fcec47d2ef2c5e454ef51ea8d74e89b75e63959a68d7baa4c0a97b8a1fc8c6e","0-04e5803448ce9fc696f4d0391e91e91ff202c1881eaf33a15d239f54e4cc580d","0","0","0","0","0","0","0","0","","","","","3-9418858657ddf1079bf3de208a007737ea97698cb4a228e5df1668efad3b05ae","root.record.ItemExhibitList.P5Item.CostElementCategoryList.Software.NonRecurring.CostElementList.CostElement"
"TBS","TBS","2018-BASE_PROCUREMENT-2018-ARMY_OTHER_2-U_PROCUREMENT_JustificationBook_Army_PB_2018.zzz_unzipped-U_PROCUREMENT_JustificationBook_Army_PB_2018.xml","4fcec47d2ef2c5e454ef51ea8d74e89b75e63959a68d7baa4c0a97b8a1fc8c6e","0-76543bca2570128c6bee6c42d89b50798dbc513a994b804cf548aed025ebc7b1","0","0","0","0","0","0","0","0","","","","","8-6951d32fa092bd4d5825fbfb4f57021554d7d84f2b57b2166501fb9597fe85e9","root.record.ItemExhibitList.P5Item.CostElementCategoryList.Software.NonRecurring.CostElementList.CostElement"
"TBS (IT Support to USAREUR)","Orlando, FL 32825","2018-BASE_PROCUREMENT-2018-ARMY_OTHER_3-U_PROCUREMENT_JustificationBook_Army_PB_2018.zzz_unzipped-U_PROCUREMENT_JustificationBook_Army_PB_2018.xml","613d3db5b690e83faeabb8edb3de191297ce81a72abc22ac5d15627835aa22a6","0-367d1ad34e8415b015322f7af527a8d3e9ff3c481ec593f812bc1fda817e2c5d","","","","","","","","","","","","","0-cfeff3944dd8cca2b18e802fb574d7cd9f2e3fa20362bd5c37386b7d864a54ab","root.record.ItemExhibitList.P5Item.CostElementCategoryList.Software.NonRecurring.CostElementList.CostElement"
"To Be Determined","To Be Determined","2019-BASE_PROCUREMENT-2019-AIRFORCE_OTHER-U_PROCUREMENT_JustificationBook_Air_Force_PB_2019.zzz_unzipped-U_PROCUREMENT_JustificationBook_Air_Force_PB_2019.xml","f8a7618cde0c1c125e08bf679224400ae1f2bd3b41a0e5f1894a0c6685326fac","0-f8c5555cfb8818aea152b927a44d8e1bc5e2ee48c131640e77153e7fd906ed85","0","8","1","9","0","0","0","0","AF Quantity FY 2019 Base MROI License quantities based on per user, per processor and enterprise level requirements.","1715.00","1715.00","1715.00","0-535b154351569182a69f84bca4efdb9599119e7554a0bad4e92aeb8f30da416b","root.record.ItemExhibitList.P5Item.CostElementCategoryList.Software.NonRecurring.CostElementList.CostElement"
"To Be Determined","To Be Determined","2019-BASE_PROCUREMENT-2019-AIRFORCE_OTHER-U_PROCUREMENT_JustificationBook_Air_Force_PB_2019.zzz_unzipped-U_PROCUREMENT_JustificationBook_Air_Force_PB_2019.xml","f8a7618cde0c1c125e08bf679224400ae1f2bd3b41a0e5f1894a0c6685326fac","0-b8adc570b9d95f2b2bb13401dd1b5061bd9ef43497a26d0aefcb0c1ea59535b9","0","2","1","3","0","0","0","0","","454.00","454.00","454.00","1-0138d265fff286a353bfdff9aff7e25fb28ab72f76fdb7f3ec8c9e854d8bb4ca","root.record.ItemExhibitList.P5Item.CostElementCategoryList.Software.NonRecurring.CostElementList.CostElement"
"To Be Determined","To Be Determined","2019-BASE_PROCUREMENT-2019-AIRFORCE_OTHER-U_PROCUREMENT_MasterJustificationBook_Air_Force_PB_2019.zzz_unzipped-U_PROCUREMENT_MasterJustificationBook_Air_Force_PB_2019.xml","4a25936642e06f3922888cca11fa5f826ab76a38375a7bdf787be5b07da5c5a7","0-b63fedb370b4cef5e455eb12dc656771867a3350a551d052fbcd6ddab8bf1ea6","0","8","1","9","0","0","0","0","AF Quantity FY 2019 Base MROI License quantities based on per user, per processor and enterprise level requirements.","1715.00","1715.00","1715.00","0-69a65222a5a37ff64a8cb86da41c4d130bc8af40f8e8a067ccc9a624b05f33ec","root.record.ItemExhibitList.P5Item.CostElementCategoryList.Software.NonRecurring.CostElementList.CostElement"
"To Be Determined","To Be Determined","2019-BASE_PROCUREMENT-2019-AIRFORCE_OTHER-U_PROCUREMENT_MasterJustificationBook_Air_Force_PB_2019.zzz_unzipped-U_PROCUREMENT_MasterJustificationBook_Air_Force_PB_2019.xml","4a25936642e06f3922888cca11fa5f826ab76a38375a7bdf787be5b07da5c5a7","0-53f505a1fa401fa18d66a616da7e1e1b77311f4c1488d0edf99ebd2e01bc66d9","0","2","1","3","0","0","0","0","","454.00","454.00","454.00","1-2321a62e2a0a4c93a7a52e90d14183a044781db965d489dd77b70589b9400e1c","root.record.ItemExhibitList.P5Item.CostElementCategoryList.Software.NonRecurring.CostElementList.CostElement"
"Multiple Hardware/Software","Various","2019-BASE_PROCUREMENT-2019-ARMY_OTHER_2-U_PROCUREMENT_JustificationBook_Army_PB_2019.zzz_unzipped-U_PROCUREMENT_JustificationBook_Army_PB_2019.xml","864c45b21c53c303e7fd034cef75f0bb3fa0b024147cba3a39070cf23635a784","0-5911d4b6686ee846a08bffd8a7b04d562d373c263924878a0d33aea9580c23f2","","","","","","","","","","","","","0-023f19a492368cf1794d42b8cc52ff55b6cdf06d723c57359db940176889687c","root.record.ItemExhibitList.P5Item.CostElementCategoryList.Software.NonRecurring.CostElementList.CostElement"
"TBD","TBD","2019-BASE_PROCUREMENT-2019-ARMY_OTHER_2-U_PROCUREMENT_JustificationBook_Army_PB_2019.zzz_unzipped-U_PROCUREMENT_JustificationBook_Army_PB_2019.xml","864c45b21c53c303e7fd034cef75f0bb3fa0b024147cba3a39070cf23635a784","1-c6749b1973da6bef27bd5c18c18e0df24b7cc7b5d0bbcba649dd0bc36396b95a","","","","","","","","","","","","","0-023f19a492368cf1794d42b8cc52ff55b6cdf06d723c57359db940176889687c","root.record.ItemExhibitList.P5Item.CostElementCategoryList.Software.NonRecurring.CostElementList.CostElement"
"SAP","TBD","2019-BASE_PROCUREMENT-2019-ARMY_OTHER_2-U_PROCUREMENT_JustificationBook_Army_PB_2019.zzz_unzipped-U_PROCUREMENT_JustificationBook_Army_PB_2019.xml","864c45b21c53c303e7fd034cef75f0bb3fa0b024147cba3a39070cf23635a784","0-87d92b48fdbf6864f56f36b8126e27e801eb85f121ba75ac19dad7fac495ce16","","","","","","","","","","","","","0-4a8c227dcd2330ca5127cf90845f96a2b4eb8a8ebb715d18fad2c6efeddd41a7","root.record.ItemExhibitList.P5Item.CostElementCategoryList.Software.NonRecurring.CostElementList.CostElement"
"UNICOM Government, Inc.","Chantilly, VA","2019-BASE_PROCUREMENT-2019-ARMY_OTHER_2-U_PROCUREMENT_JustificationBook_Army_PB_2019.zzz_unzipped-U_PROCUREMENT_JustificationBook_Army_PB_2019.xml","16460c7c27924b372086b35662e9cdf675b9a832b575627291fc52fa6c982e98","0-e0b34f114b7b6cd4456151dbe5a1de4b41c6c6cee610c977447a09264edeca0b","","","","","","","","","","","","","0-2973c21efde2a24512cca75f37f0b02c9b26fdc659309ed991fc8d299d188725","root.record.ItemExhibitList.P5Item.CostElementCategoryList.Software.NonRecurring.CostElementList.CostElement"
"TBS","TBS","2019-BASE_PROCUREMENT-2019-ARMY_OTHER_2-U_PROCUREMENT_JustificationBook_Army_PB_2019.zzz_unzipped-U_PROCUREMENT_JustificationBook_Army_PB_2019.xml","16460c7c27924b372086b35662e9cdf675b9a832b575627291fc52fa6c982e98","0-80cf79de80e4711a0979c1c7c53ae43720cdccc8e8e1f128538832480e311e50","","","","","","","","","","","","","0-5292827aa3ee99d562a34055a447cee3712251787716b38cd7d0753c69855efe","root.record.ItemExhibitList.P5Item.CostElementCategoryList.Software.NonRecurring.CostElementList.CostElement"
"Leidos","McLean, VA","2019-BASE_PROCUREMENT-2019-ARMY_OTHER_2-U_PROCUREMENT_JustificationBook_Army_PB_2019.zzz_unzipped-U_PROCUREMENT_JustificationBook_Army_PB_2019.xml","16460c7c27924b372086b35662e9cdf675b9a832b575627291fc52fa6c982e98","1-2e45e2945f664924a65251efabc2d5e5720e03be37bad58eaa3334fba804cd44","","","","","","","","","","","","","0-5292827aa3ee99d562a34055a447cee3712251787716b38cd7d0753c69855efe","root.record.ItemExhibitList.P5Item.CostElementCategoryList.Software.NonRecurring.CostElementList.CostElement"
"TBS","TBS","2019-BASE_PROCUREMENT-2019-ARMY_OTHER_2-U_PROCUREMENT_JustificationBook_Army_PB_2019.zzz_unzipped-U_PROCUREMENT_JustificationBook_Army_PB_2019.xml","16460c7c27924b372086b35662e9cdf675b9a832b575627291fc52fa6c982e98","0-c021aa600f3883e0743ec7be659e38381c0b7eebdf8ac574ef22e158ccf09759","","","","","","","","","","","","","3-0d833adb20716186bb389546f7dafe91aad4d13f444d0bb597f2eb11a67df29b","root.record.ItemExhibitList.P5Item.CostElementCategoryList.Software.NonRecurring.CostElementList.CostElement"
"TBS","TBS","2019-BASE_PROCUREMENT-2019-ARMY_OTHER_2-U_PROCUREMENT_JustificationBook_Army_PB_2019.zzz_unzipped-U_PROCUREMENT_JustificationBook_Army_PB_2019.xml","16460c7c27924b372086b35662e9cdf675b9a832b575627291fc52fa6c982e98","0-ffb2f0f68a4f4ed610c7f734092851bd24e9313cc485e2f869742fd11d0dace0","","","","","","","","","","","","","7-04df9e9f3a00d2e597cb2f971c995720811c7cdc6e8a3b8f8b2b56da687c0498","root.record.ItemExhibitList.P5Item.CostElementCategoryList.Software.NonRecurring.CostElementList.CostElement"
"TBS","TBS","2019-BASE_PROCUREMENT-2019-ARMY_OTHER_2-U_PROCUREMENT_JustificationBook_Army_PB_2019.zzz_unzipped-U_PROCUREMENT_JustificationBook_Army_PB_2019.xml","16460c7c27924b372086b35662e9cdf675b9a832b575627291fc52fa6c982e98","0-7ce2e23aa46c6ee2f0401cb6ef930530f6276cfb2a606195d593d7f1346d2c3e","","","","","","","","","","","","","8-19885a5f5525f47293790430bb3e8a80da987273fafdbb0b662df2283d727a26","root.record.ItemExhibitList.P5Item.CostElementCategoryList.Software.NonRecurring.CostElementList.CostElement"
"Affigent LLC","Herndon, VA","2019-BASE_PROCUREMENT-2019-ARMY_OTHER_2-U_PROCUREMENT_JustificationBook_Army_PB_2019.zzz_unzipped-U_PROCUREMENT_JustificationBook_Army_PB_2019.xml","16460c7c27924b372086b35662e9cdf675b9a832b575627291fc52fa6c982e98","0-c18847f7f20a94bb6bcc3f48884f650f12fcb364e459e44f0b45e00e2a09e80a","","","","","","","","","","","","","1-83dc3d907c80f0736c8bf590c4747447e9074e28ec1b4fdf85616a296d095859","root.record.ItemExhibitList.P5Item.CostElementCategoryList.Software.NonRecurring.CostElementList.CostElement"
"World Wide Technology","Maryland Heights, MO","2019-BASE_PROCUREMENT-2019-ARMY_OTHER_2-U_PROCUREMENT_JustificationBook_Army_PB_2019.zzz_unzipped-U_PROCUREMENT_JustificationBook_Army_PB_2019.xml","16460c7c27924b372086b35662e9cdf675b9a832b575627291fc52fa6c982e98","0-5e9ad68ceb2a5e0efb975c5eef6e72975bff26d78592395e82a699aaebc4fdbd","","","","","","","","","","","","","2-45e5845d822a1162b55d498ef43e5154ad3574c9375259fc416df7d03de9d0d4","root.record.ItemExhibitList.P5Item.CostElementCategoryList.Software.NonRecurring.CostElementList.CostElement"
"Four LLC","Herndon, VA","2019-BASE_PROCUREMENT-2019-ARMY_OTHER_2-U_PROCUREMENT_JustificationBook_Army_PB_2019.zzz_unzipped-U_PROCUREMENT_JustificationBook_Army_PB_2019.xml","16460c7c27924b372086b35662e9cdf675b9a832b575627291fc52fa6c982e98","1-e4c92415acb494918b427f7461aa4b0691694b38027feb6648a83b5ec456f411","","","","","","","","","","","","","2-45e5845d822a1162b55d498ef43e5154ad3574c9375259fc416df7d03de9d0d4","root.record.ItemExhibitList.P5Item.CostElementCategoryList.Software.NonRecurring.CostElementList.CostElement"
"Various SW Manufacturers","Various","2019-BASE_PROCUREMENT-2019-ARMY_OTHER_2-U_PROCUREMENT_JustificationBook_Army_PB_2019.zzz_unzipped-U_PROCUREMENT_JustificationBook_Army_PB_2019.xml","76cd21f8f78640c01ef5294e9e647e06af1a0c62c081ebb0f1e92f8f63cfcac1","0-5c677dd640f1769cfab67b4f0b3376a2f87bab16113279c0e39fc1a76946605d","","","","","","","","","","","","","0-551e92f88babdcc839a7e92faba58436d660d08cd72e65dde99f4c6dd5e2ef61","root.record.ItemExhibitList.P5Item.CostElementCategoryList.Software.NonRecurring.CostElementList.CostElement"
"TBS (ERI Targetry)","Orlando, FL 32825","2019-BASE_PROCUREMENT-2019-ARMY_OTHER_3-4-U_PROCUREMENT_JustificationBook_Army_PB_2019.zzz_unzipped-U_PROCUREMENT_JustificationBook_Army_PB_2019.xml","1d0b02e6570e2975253fdf442e253fb3e971dcc6537280f554af05f8d7e873c0","0-db1f4ce67319f8cb703a24a159a22d4ea5b491ff26aca4221d958a39c390652a","","","","","","","","","","","","","0-5aad9b992be70abb77284f4f6ec906b72aa8067f4bab8aeedcb4cbb2f8f4064c","root.record.ItemExhibitList.P5Item.CostElementCategoryList.Software.NonRecurring.CostElementList.CostElement"
"TBD","TBD","2020-BASE_PROCUREMENT-2020-ARMY_OTHER_2-U_PROCUREMENT_JustificationBook_Army_PB_2020.zzz_unzipped-U_PROCUREMENT_JustificationBook_Army_PB_2020.xml","b2891a2bda07367ccf2b8dbf394c670aeb2803bf06070484c4f661ee0f471972","0-a553263d5a4e37ad6e21167c56ca00554fe90052172d372e849b0f74b1ff0171","","","","","","","","","","","","","0-8927787ba11df7691f8328c32f28731c85e2398a699c5178bc1cbf10363449e0","root.record.ItemExhibitList.P5Item.CostElementCategoryList.Software.NonRecurring.CostElementList.CostElement"
"TBS","TBS","2020-BASE_PROCUREMENT-2020-ARMY_OTHER_2-U_PROCUREMENT_JustificationBook_Army_PB_2020.zzz_unzipped-U_PROCUREMENT_JustificationBook_Army_PB_2020.xml","b88d7323f0c39487e5559446b30366f2a4b0cc7b20a8d7e248026f47c8d027bd","0-7e610cf1347bb954a1cf7748457863cdccb9f2ee498e4f2fee089c7bc3f6c25d","","","","","","","","","","","","","0-6c73cb55bd7b6d1a2a5b344de8f13fc9c8cdabd13cfe7898ec7e8973c2ea416c","root.record.ItemExhibitList.P5Item.CostElementCategoryList.Software.NonRecurring.CostElementList.CostElement"
"Battlefield System Engineering Services","Atlanta, GA","2020-BASE_PROCUREMENT-2020-ARMY_OTHER_2-U_PROCUREMENT_JustificationBook_Army_PB_2020.zzz_unzipped-U_PROCUREMENT_JustificationBook_Army_PB_2020.xml","b88d7323f0c39487e5559446b30366f2a4b0cc7b20a8d7e248026f47c8d027bd","1-e5c8ca09c7f09db3fe8ca0107ce7ced131b160a2038cfcff549ce65a092752b5","","","","","","","","","","","","","0-6c73cb55bd7b6d1a2a5b344de8f13fc9c8cdabd13cfe7898ec7e8973c2ea416c","root.record.ItemExhibitList.P5Item.CostElementCategoryList.Software.NonRecurring.CostElementList.CostElement"
"TBS","TBS","2020-BASE_PROCUREMENT-2020-ARMY_OTHER_2-U_PROCUREMENT_JustificationBook_Army_PB_2020.zzz_unzipped-U_PROCUREMENT_JustificationBook_Army_PB_2020.xml","b88d7323f0c39487e5559446b30366f2a4b0cc7b20a8d7e248026f47c8d027bd","0-fdaa5b7f162da75987c170962ee25e0983ffc26217952eb042a5570064e33644","","","","","","","","","","","","","0-a9c4f012d0817c9dbf892c018e458c5c1a3f5df69a8bf5934587ac1a4d69b33d","root.record.ItemExhibitList.P5Item.CostElementCategoryList.Software.NonRecurring.CostElementList.CostElement"
"Affigent, LLC","Herndon, VA","2020-BASE_PROCUREMENT-2020-ARMY_OTHER_2-U_PROCUREMENT_JustificationBook_Army_PB_2020.zzz_unzipped-U_PROCUREMENT_JustificationBook_Army_PB_2020.xml","b88d7323f0c39487e5559446b30366f2a4b0cc7b20a8d7e248026f47c8d027bd","0-fd0026d68447810a873d9a83b7d23eba2a3a2913afb770f68a8dfd5aecd65e2f","","","","","","","","","","","","","3-fada1c185f1b8734cb49d3d9580aa36657093c1de06e4c14cfbdedabd6771397","root.record.ItemExhibitList.P5Item.CostElementCategoryList.Software.NonRecurring.CostElementList.CostElement"
"TBS","TBS","2020-BASE_PROCUREMENT-2020-ARMY_OTHER_2-U_PROCUREMENT_JustificationBook_Army_PB_2020.zzz_unzipped-U_PROCUREMENT_JustificationBook_Army_PB_2020.xml","b88d7323f0c39487e5559446b30366f2a4b0cc7b20a8d7e248026f47c8d027bd","0-6795c848df7395760a65b6d421a69ceaab4067a4e390f8b5b1681ab27657f5e2","","","","","","","","","","","","","7-d407baf9a3bab35e433c584f00b335db3fe96170ff82dd2f6b1c02d42403e510","root.record.ItemExhibitList.P5Item.CostElementCategoryList.Software.NonRecurring.CostElementList.CostElement"
"TBS","TBS","2020-BASE_PROCUREMENT-2020-ARMY_OTHER_2-U_PROCUREMENT_JustificationBook_Army_PB_2020.zzz_unzipped-U_PROCUREMENT_JustificationBook_Army_PB_2020.xml","b88d7323f0c39487e5559446b30366f2a4b0cc7b20a8d7e248026f47c8d027bd","0-afd27e4a0ff81262d101140f57f3ec8c38e99c7028aa1252e4dfd2c791d471e5","","","","","","","","","","","","","3-e19c45483ef3997296d9aad069cd2318ab8ac366375bda1e384872f2cb76ea14","root.record.ItemExhibitList.P5Item.CostElementCategoryList.Software.NonRecurring.CostElementList.CostElement"
"Various SW Manufacturers","Various","2020-BASE_PROCUREMENT-2020-ARMY_OTHER_2-U_PROCUREMENT_JustificationBook_Army_PB_2020.zzz_unzipped-U_PROCUREMENT_JustificationBook_Army_PB_2020.xml","51236519ecb09c8b6ba737c7b761a5796e49ba02390051435c0a6b218da0ee54","0-d56414d59f7a9d62a9476d3fb0ae64cd4dd9a7f0eb3ac59835bdaa60214d52a4","","","","","","","","","","","","","0-28a12d951ae814d42dce150651b5e636962d8c7e78ca02888d996d666785797d","root.record.ItemExhibitList.P5Item.CostElementCategoryList.Software.NonRecurring.CostElementList.CostElement"
"TBS (ERI Targetry)","Orlando, FL 32825","2020-BASE_PROCUREMENT-2020-ARMY_OTHER_3-4-U_PROCUREMENT_JustificationBook_Army_PB_2020.zzz_unzipped-U_PROCUREMENT_JustificationBook_Army_PB_2020.xml","75d6b5f9a3714a351adfe57397475b1716c9ab36d18146dce8d31a64a25ee33b","0-a528a16e77f2a6716a9ec77dd8222bdc4cf6a66bc49225806bf5867c5bc2dc3f","","","","","","","","","","","","","0-511cf60d14374eb1427945f10f340ae30ca36a53802368244b995806a9f5c094","root.record.ItemExhibitList.P5Item.CostElementCategoryList.Software.NonRecurring.CostElementList.CostElement"
