Name_val,Location_val,@SOURCE_FILENAME,@RECORDID,@ROWID,InitialQuantity_AdminLeadTimeBeforeOct1InMonths_val,InitialQuantity_AdminLeadTimeAfterOct1InMonths_val,InitialQuantity_ProductionLeadTimeAfterOct1InMonths_val,InitialQuantity_TotalLeadTimeAfterOct1InMonths_val,ReorderQuantity_AdminLeadTimeBeforeOct1InMonths_val,ReorderQuantity_AdminLeadTimeAfterOct1InMonths_val,ReorderQuantity_ProductionLeadTimeAfterOct1InMonths_val,ReorderQuantity_TotalLeadTimeAfterOct1InMonths_val,MinimumSustainingRate_@footnote,MinimumSustainingRate_val,MaximumProductionRate_val,Rate185_val,@PARENTROWID,@PARENT
"Lockheed Martin Space Systems","Sunnyvale, CA","2013-BASE_PROCUREMENT-2013-AIRFORCE_OTHER-JustificationBook_Air_Force_PB_2013.zzz_unzipped-JustificationBook_Air_Force_PB_2013.xml","db620a4c1c8a130dd60c948f738fd17d49a1d22f36178245b87b9fa092c86953","0-c3a381e2c4ac8aaaa85c738493872a90623c08c12843c45039e99057b962d5d0","","","","","","","","","","","","","0-6a6747f6d3005e80ca3fe093f7e8c351ab8db3512e1a61ddfa614df334cd7162","root.record.ItemExhibitList.P5Item.CostElementCategoryList.Software.NonRecurring.CostElementList.CostElement"
"Lockheed Martin Space Systems","Sunnyvale, CA","2013-BASE_PROCUREMENT-2013-AIRFORCE_OTHER-JustificationBook_Air_Force_PB_2013.zzz_unzipped-JustificationBook_Air_Force_PB_2013.xml","db620a4c1c8a130dd60c948f738fd17d49a1d22f36178245b87b9fa092c86953","0-1f11e7f6a69ab4125d319c6247d76ec782b576a8a10806db31049b5895c21264","","","","","","","","","","","","","0-f9a79eb4165d3bf032a909977dea8702a66c5bdd615ce64938d4b4e066a9fb71","root.record.ItemExhibitList.P5Item.CostElementCategoryList.Software.NonRecurring.CostElementList.CostElement"
"Lockheed Martin Space Systems","Sunnyvale, CA","2013-BASE_PROCUREMENT-2013-AIRFORCE_OTHER-MasterJustificationBook_Air_Force_PB_2013.zzz_unzipped-MasterJustificationBook_Air_Force_PB_2013.xml","8a400c2fef47d9b788224f8887bcec41dd3e6a41b162e420da864434d320ae95","0-82399b014b0059f7c82c179f9ffb0377de8ec6134785abcd5b668f94ad78fb23","","","","","","","","","","","","","0-d2390b6e3f84639ef77f32e963c9478f56aa2ded385055f9db0cd309997f23c3","root.record.ItemExhibitList.P5Item.CostElementCategoryList.Software.NonRecurring.CostElementList.CostElement"
"Lockheed Martin Space Systems","Sunnyvale, CA","2013-BASE_PROCUREMENT-2013-AIRFORCE_OTHER-MasterJustificationBook_Air_Force_PB_2013.zzz_unzipped-MasterJustificationBook_Air_Force_PB_2013.xml","8a400c2fef47d9b788224f8887bcec41dd3e6a41b162e420da864434d320ae95","0-af5a5dd504b8cc5ec9984d74379fce7678b37cb7f355f0ea1d93aa1dcc9588a0","","","","","","","","","","","","","0-df27fc29e28226d4f3d4aa013ee9df4f4ac90293cfb52c7d6286c475c7376c10","root.record.ItemExhibitList.P5Item.CostElementCategoryList.Software.NonRecurring.CostElementList.CostElement"
"TBS","TBS","2013-BASE_PROCUREMENT-2013-ARMY_OTHER_2-JustificationBook_Army_PB_2013.zzz_unzipped-JustificationBook_Army_PB_2013.xml","72202fbc686aa20f8ea0ad38b75e2ffc5e13a3c32146dd2ace23e064232dfed4","0-49a0ebba9102b8d3d2bcfda6f4495fd94614cf331261b24c4828ae78789ce0ce","0","0","0","0","0","0","0","0","","","","","0-38b6b5b0b7ca9c2a74cfd85dd62debbcc8df341f100daeda1905991ca82eaa33","root.record.ItemExhibitList.P5Item.CostElementCategoryList.Software.NonRecurring.CostElementList.CostElement"
"SAIC Defense Solution Services","McLean, VA","2013-BASE_PROCUREMENT-2013-ARMY_OTHER_2-JustificationBook_Army_PB_2013.zzz_unzipped-JustificationBook_Army_PB_2013.xml","72202fbc686aa20f8ea0ad38b75e2ffc5e13a3c32146dd2ace23e064232dfed4","0-b0bba38ea170118f185aa114b46411e464ea1b7b11023733604a2cbcd242efb0","0","0","0","0","0","0","0","0","","","","","0-b097ae984993471d130b3b3495420d174df36d1c50a96a859fd8c55cea91bc54","root.record.ItemExhibitList.P5Item.CostElementCategoryList.Software.NonRecurring.CostElementList.CostElement"
"TBS","TBS","2013-BASE_PROCUREMENT-2013-ARMY_OTHER_2-JustificationBook_Army_PB_2013.zzz_unzipped-JustificationBook_Army_PB_2013.xml","72202fbc686aa20f8ea0ad38b75e2ffc5e13a3c32146dd2ace23e064232dfed4","1-1b61a5a0774297815f266134a48ebe5dccd6c78ade049487111b3067f0868d72","0","0","0","0","0","0","0","0","","","","","0-b097ae984993471d130b3b3495420d174df36d1c50a96a859fd8c55cea91bc54","root.record.ItemExhibitList.P5Item.CostElementCategoryList.Software.NonRecurring.CostElementList.CostElement"
"Iron Bow Technologies, Inc.","Chantilly, VA","2013-BASE_PROCUREMENT-2013-ARMY_OTHER_2-JustificationBook_Army_PB_2013.zzz_unzipped-JustificationBook_Army_PB_2013.xml","72202fbc686aa20f8ea0ad38b75e2ffc5e13a3c32146dd2ace23e064232dfed4","0-e23a4c6d09cfc6f1474670aa2e1eb03cdca08428b582c3356a06f45bbb345fbb","0","0","0","0","0","0","0","0","","","","","0-d1d2a4a23e4f7ef5fb89e1138dc56bfc7cd96d491a4eca4442eb55e418903d22","root.record.ItemExhibitList.P5Item.CostElementCategoryList.Software.NonRecurring.CostElementList.CostElement"
"TBS","TBS","2013-BASE_PROCUREMENT-2013-ARMY_OTHER_2-JustificationBook_Army_PB_2013.zzz_unzipped-JustificationBook_Army_PB_2013.xml","72202fbc686aa20f8ea0ad38b75e2ffc5e13a3c32146dd2ace23e064232dfed4","1-cc537bc48a831e75659565e23218e8c9dc1a7719f5e2d6329e2f423f0bb05039","0","0","0","0","0","0","0","0","","","","","0-d1d2a4a23e4f7ef5fb89e1138dc56bfc7cd96d491a4eca4442eb55e418903d22","root.record.ItemExhibitList.P5Item.CostElementCategoryList.Software.NonRecurring.CostElementList.CostElement"
"Lockheed Martin","Sea Brook, MD","2013-BASE_PROCUREMENT-2013-ARMY_OTHER_2-JustificationBook_Army_PB_2013.zzz_unzipped-JustificationBook_Army_PB_2013.xml","72202fbc686aa20f8ea0ad38b75e2ffc5e13a3c32146dd2ace23e064232dfed4","0-e2b4c295cddd00d03104b5baa46865ade3c2a595a43b371262c3676122a2ffdf","0","0","0","0","0","0","0","0","","","","","1-81c58503fe0495bc5a87b7fb981c54b3540a1574a1f8ec72de65376fc59b7661","root.record.ItemExhibitList.P5Item.CostElementCategoryList.Software.NonRecurring.CostElementList.CostElement"
"TBS","TBS","2013-BASE_PROCUREMENT-2013-ARMY_OTHER_2-JustificationBook_Army_PB_2013.zzz_unzipped-JustificationBook_Army_PB_2013.xml","72202fbc686aa20f8ea0ad38b75e2ffc5e13a3c32146dd2ace23e064232dfed4","1-14d914e680fbc3b09d0dabcd911936ecce3971f8b9d816c8c1073b44addfc26b","0","0","0","0","0","0","0","0","","","","","1-81c58503fe0495bc5a87b7fb981c54b3540a1574a1f8ec72de65376fc59b7661","root.record.ItemExhibitList.P5Item.CostElementCategoryList.Software.NonRecurring.CostElementList.CostElement"
"Corp of Engineers","Baltimore, MD","2013-BASE_PROCUREMENT-2013-ARMY_OTHER_2-JustificationBook_Army_PB_2013.zzz_unzipped-JustificationBook_Army_PB_2013.xml","72202fbc686aa20f8ea0ad38b75e2ffc5e13a3c32146dd2ace23e064232dfed4","0-bd9c11a5e750eb4f6b5898e057f61e715645c24189c593f61cf919120f99a798","0","0","0","0","0","0","0","0","","","","","2-34bacbfd8d01613c54b31a485024b1589f303b3429fc7723bc1fd750cc196be2","root.record.ItemExhibitList.P5Item.CostElementCategoryList.Software.NonRecurring.CostElementList.CostElement"
"TBS","TBS","2013-BASE_PROCUREMENT-2013-ARMY_OTHER_2-JustificationBook_Army_PB_2013.zzz_unzipped-JustificationBook_Army_PB_2013.xml","72202fbc686aa20f8ea0ad38b75e2ffc5e13a3c32146dd2ace23e064232dfed4","1-f380205e1aa6d6f3e0913991deed6a941e8ea4eba64871d8819eddd2f3ec5692","0","0","0","0","0","0","0","0","","","","","2-34bacbfd8d01613c54b31a485024b1589f303b3429fc7723bc1fd750cc196be2","root.record.ItemExhibitList.P5Item.CostElementCategoryList.Software.NonRecurring.CostElementList.CostElement"
"TBS","TBS","2013-BASE_PROCUREMENT-2013-ARMY_OTHER_2-JustificationBook_Army_PB_2013.zzz_unzipped-JustificationBook_Army_PB_2013.xml","72202fbc686aa20f8ea0ad38b75e2ffc5e13a3c32146dd2ace23e064232dfed4","0-47d9463e2d13bce1152027643acf7df89447faa456416a4bac7eb953aa676302","0","0","0","0","0","0","0","0","","","","","1-38c0816c6421119365262249e0af782c34f83b377d491109efc53d3d6b4cb6fa","root.record.ItemExhibitList.P5Item.CostElementCategoryList.Software.NonRecurring.CostElementList.CostElement"
"DRS Technical Svcs","Herndon, VA","2013-BASE_PROCUREMENT-2013-ARMY_OTHER_2-JustificationBook_Army_PB_2013.zzz_unzipped-JustificationBook_Army_PB_2013.xml","72202fbc686aa20f8ea0ad38b75e2ffc5e13a3c32146dd2ace23e064232dfed4","0-9e9e7f3a66dbee31e9dc6e211736b1db329a0d5b411ede2ef3e111773f41eac1","0","0","0","0","0","0","0","0","","","","","2-c0a9060f52e48099b72f5b9e156bb9b901ed8503c991196cf689c9ec337fd4b8","root.record.ItemExhibitList.P5Item.CostElementCategoryList.Software.NonRecurring.CostElementList.CostElement"
"TBS","TBS","2013-BASE_PROCUREMENT-2013-ARMY_OTHER_2-JustificationBook_Army_PB_2013.zzz_unzipped-JustificationBook_Army_PB_2013.xml","72202fbc686aa20f8ea0ad38b75e2ffc5e13a3c32146dd2ace23e064232dfed4","1-49159a045b77a580338c552556cc6eb788642d97ff6ed6675801ac88a2d8f292","0","0","0","0","0","0","0","0","","","","","2-c0a9060f52e48099b72f5b9e156bb9b901ed8503c991196cf689c9ec337fd4b8","root.record.ItemExhibitList.P5Item.CostElementCategoryList.Software.NonRecurring.CostElementList.CostElement"
"Snap, Inc.","Chantilly, VA","2013-BASE_PROCUREMENT-2013-ARMY_OTHER_2-JustificationBook_Army_PB_2013.zzz_unzipped-JustificationBook_Army_PB_2013.xml","72202fbc686aa20f8ea0ad38b75e2ffc5e13a3c32146dd2ace23e064232dfed4","0-af0f3cbf1d97c8e873acbedb3924c6172f3559bed68eb2d80c79b44600e3b3a1","0","0","0","0","0","0","0","0","","","","","3-765a9516a2610920b92ad7d130a1a3a0d5dfccc87216434146947b768ff301b1","root.record.ItemExhibitList.P5Item.CostElementCategoryList.Software.NonRecurring.CostElementList.CostElement"
"TBS","TBS","2013-BASE_PROCUREMENT-2013-ARMY_OTHER_2-JustificationBook_Army_PB_2013.zzz_unzipped-JustificationBook_Army_PB_2013.xml","72202fbc686aa20f8ea0ad38b75e2ffc5e13a3c32146dd2ace23e064232dfed4","1-16402a51d0ceb42e0f7048f64e8bb9a195f99827e82b25f6abaffd33ba4cd361","0","0","0","0","0","0","0","0","","","","","3-765a9516a2610920b92ad7d130a1a3a0d5dfccc87216434146947b768ff301b1","root.record.ItemExhibitList.P5Item.CostElementCategoryList.Software.NonRecurring.CostElementList.CostElement"
"Dell Federal Systems LP","Rock Round, TX","2013-BASE_PROCUREMENT-2013-ARMY_OTHER_2-JustificationBook_Army_PB_2013.zzz_unzipped-JustificationBook_Army_PB_2013.xml","72202fbc686aa20f8ea0ad38b75e2ffc5e13a3c32146dd2ace23e064232dfed4","0-468043f3e09578e9dcb514c1eaeb1d1bc03f8f25ca88cb77de0ee25751146b69","0","0","0","0","0","0","0","0","","","","","4-8fd0fdcc5760f9a2c73cd0f21f641e361202baeb60653dcb2d4a1b5855a7b8a0","root.record.ItemExhibitList.P5Item.CostElementCategoryList.Software.NonRecurring.CostElementList.CostElement"
"TBS","TBS","2013-BASE_PROCUREMENT-2013-ARMY_OTHER_2-JustificationBook_Army_PB_2013.zzz_unzipped-JustificationBook_Army_PB_2013.xml","72202fbc686aa20f8ea0ad38b75e2ffc5e13a3c32146dd2ace23e064232dfed4","1-928e05103777290500b9a627bf3de90c09e2271e28760e240770010fd4a34cf2","0","0","0","0","0","0","0","0","","","","","4-8fd0fdcc5760f9a2c73cd0f21f641e361202baeb60653dcb2d4a1b5855a7b8a0","root.record.ItemExhibitList.P5Item.CostElementCategoryList.Software.NonRecurring.CostElementList.CostElement"
"World Wide Technology","Maryland Heights, MO","2013-BASE_PROCUREMENT-2013-ARMY_OTHER_2-JustificationBook_Army_PB_2013.zzz_unzipped-JustificationBook_Army_PB_2013.xml","72202fbc686aa20f8ea0ad38b75e2ffc5e13a3c32146dd2ace23e064232dfed4","0-b51b4002e00fe632b55d2fa66e8686684fba763cf1783c9ba79780a769cee970","0","0","0","0","0","0","0","0","","","","","5-bd2745a51c7bf145191992e40263df2eea09340420a9e096da27c9166a35058b","root.record.ItemExhibitList.P5Item.CostElementCategoryList.Software.NonRecurring.CostElementList.CostElement"
"TBS","TBS","2013-BASE_PROCUREMENT-2013-ARMY_OTHER_2-JustificationBook_Army_PB_2013.zzz_unzipped-JustificationBook_Army_PB_2013.xml","72202fbc686aa20f8ea0ad38b75e2ffc5e13a3c32146dd2ace23e064232dfed4","1-8e4acf3a14421ba794f5eb10ba1723f4d00243788756f84cfd452dbd1dcc853f","0","0","0","0","0","0","0","0","","","","","5-bd2745a51c7bf145191992e40263df2eea09340420a9e096da27c9166a35058b","root.record.ItemExhibitList.P5Item.CostElementCategoryList.Software.NonRecurring.CostElementList.CostElement"
"TBS","TBS","2013-BASE_PROCUREMENT-2013-ARMY_OTHER_2-JustificationBook_Army_PB_2013.zzz_unzipped-JustificationBook_Army_PB_2013.xml","72202fbc686aa20f8ea0ad38b75e2ffc5e13a3c32146dd2ace23e064232dfed4","0-5fbd43f82edb14003da7a850efe770e2bef1235012e140d0b3ebb00f4b9cd12b","0","0","0","0","0","0","0","0","","","","","6-b091b4871b30424cd9a96452276c0789735b9ad4941b81e94e6634c5edfb38bd","root.record.ItemExhibitList.P5Item.CostElementCategoryList.Software.NonRecurring.CostElementList.CostElement"
"TBS","TBS","2013-BASE_PROCUREMENT-2013-ARMY_OTHER_2-JustificationBook_Army_PB_2013.zzz_unzipped-JustificationBook_Army_PB_2013.xml","72202fbc686aa20f8ea0ad38b75e2ffc5e13a3c32146dd2ace23e064232dfed4","0-efd781f61089a18fc32f54132c7434d0827cf9b45036e5d21c13c1e33a9efe5d","0","0","0","0","0","0","0","0","","","","","7-48d17805d7a3b077de08ce792fee8c7c9ff6f4438cdf2c0e1ce6c6a5d0e2d7ff","root.record.ItemExhibitList.P5Item.CostElementCategoryList.Software.NonRecurring.CostElementList.CostElement"
"TBS","TBS","2013-BASE_PROCUREMENT-2013-ARMY_OTHER_2-JustificationBook_Army_PB_2013.zzz_unzipped-JustificationBook_Army_PB_2013.xml","72202fbc686aa20f8ea0ad38b75e2ffc5e13a3c32146dd2ace23e064232dfed4","0-87f974031fb95764de5d8af623d5e7abca8efebd84b0903e8031d33506b321a0","0","0","0","0","0","0","0","0","","","","","8-f93bb09f4e3a6f39c9aa5fbd5a2eea669ac8268b81d4a8f38ff5d580fbd67f2b","root.record.ItemExhibitList.P5Item.CostElementCategoryList.Software.NonRecurring.CostElementList.CostElement"
"TBS","TBS","2013-BASE_PROCUREMENT-2013-ARMY_OTHER_2-JustificationBook_Army_PB_2013.zzz_unzipped-JustificationBook_Army_PB_2013.xml","72202fbc686aa20f8ea0ad38b75e2ffc5e13a3c32146dd2ace23e064232dfed4","0-1f03329313e9f7d9a09574393a89bd267d5b3fe286f9276fc001714e0c1ce040","0","0","0","0","0","0","0","0","","","","","9-904f7757e14e37a43b482290130ff8782257694877c582f228b578f54489c3e0","root.record.ItemExhibitList.P5Item.CostElementCategoryList.Software.NonRecurring.CostElementList.CostElement"
"TBS","TBS","2013-BASE_PROCUREMENT-2013-ARMY_OTHER_2-JustificationBook_Army_PB_2013.zzz_unzipped-JustificationBook_Army_PB_2013.xml","72202fbc686aa20f8ea0ad38b75e2ffc5e13a3c32146dd2ace23e064232dfed4","0-a6eb0a038b93e011eaa37e4e0e39df44fa5e4984c6d74516a80e2175a57b57ad","0","0","0","0","0","0","0","0","","","","","10-8ca6112ecf9a3542051bb968ebfaf09416c4eedba98843fc13b5393188cc51e9","root.record.ItemExhibitList.P5Item.CostElementCategoryList.Software.NonRecurring.CostElementList.CostElement"
"TBS","TBS","2013-BASE_PROCUREMENT-2013-ARMY_OTHER_2-JustificationBook_Army_PB_2013.zzz_unzipped-JustificationBook_Army_PB_2013.xml","72202fbc686aa20f8ea0ad38b75e2ffc5e13a3c32146dd2ace23e064232dfed4","0-904d5eb780051ab50c80cbdeb5d66d50df4811a0d036fb701f507d122b3b96b5","0","0","0","0","0","0","0","0","","","","","11-00789f6c0ef00eb86aed1ab585ea90cfb62c5c5a1273adfa1ba1d563d2e5ecb9","root.record.ItemExhibitList.P5Item.CostElementCategoryList.Software.NonRecurring.CostElementList.CostElement"
"TBS","TBS","2013-BASE_PROCUREMENT-2013-ARMY_OTHER_2-JustificationBook_Army_PB_2013.zzz_unzipped-JustificationBook_Army_PB_2013.xml","72202fbc686aa20f8ea0ad38b75e2ffc5e13a3c32146dd2ace23e064232dfed4","0-9c669f9ef176cddaaaacee3525ea691d8f27543059e591a42664d72bb8ef2c76","0","0","0","0","0","0","0","0","","","","","12-00b4984671ac5ba3c9866e0ae8add93b3dd9e9491f90e6ab3977a2b984720737","root.record.ItemExhibitList.P5Item.CostElementCategoryList.Software.NonRecurring.CostElementList.CostElement"
"TBS","TBS","2013-BASE_PROCUREMENT-2013-ARMY_OTHER_2-JustificationBook_Army_PB_2013.zzz_unzipped-JustificationBook_Army_PB_2013.xml","72202fbc686aa20f8ea0ad38b75e2ffc5e13a3c32146dd2ace23e064232dfed4","0-34f1652959c86654b758eaa3917804ee0058c7707aea6020bd8116924928b3e9","0","0","0","0","0","0","0","0","","","","","0-d4eb667ccfd935ecf901e90f665e21e6019e963988e6c3b76fe0303582841236","root.record.ItemExhibitList.P5Item.CostElementCategoryList.Software.NonRecurring.CostElementList.CostElement"
"Mythics","Virginia Beach, VA","2013-BASE_PROCUREMENT-2013-ARMY_OTHER_2-JustificationBook_Army_PB_2013.zzz_unzipped-JustificationBook_Army_PB_2013.xml","72202fbc686aa20f8ea0ad38b75e2ffc5e13a3c32146dd2ace23e064232dfed4","0-c6312d3abdbc7243a0c2ebc0a2df95adc63f18ff52b730cd0c07a64f95a7e8b8","0","0","0","0","0","0","0","0","","","","","1-eae110acdfa5e2d139ccfd5e1dd88823141f0e58fc6a2dd4e1b78597aa8a5af4","root.record.ItemExhibitList.P5Item.CostElementCategoryList.Software.NonRecurring.CostElementList.CostElement"
"TBS","TBS","2013-BASE_PROCUREMENT-2013-ARMY_OTHER_2-JustificationBook_Army_PB_2013.zzz_unzipped-JustificationBook_Army_PB_2013.xml","72202fbc686aa20f8ea0ad38b75e2ffc5e13a3c32146dd2ace23e064232dfed4","1-0590e6c2946692c31d7edd0d9cdba3d1761df99718ab3bdce9d57b4487cdfaba","0","0","0","0","0","0","0","0","","","","","1-eae110acdfa5e2d139ccfd5e1dd88823141f0e58fc6a2dd4e1b78597aa8a5af4","root.record.ItemExhibitList.P5Item.CostElementCategoryList.Software.NonRecurring.CostElementList.CostElement"
"Rockwell-Collins","Richardson, TX","2014-BASE_PROCUREMENT-2014-AIRFORCE_OTHER-PROCUREMENT_JustificationBook_Air_Force_PB_2014.zzz_unzipped-PROCUREMENT_JustificationBook_Air_Force_PB_2014.xml","7ee66450215aa07e5fc5e2f7586e96df772899f668f3a8a5c59985ebc55d7351","0-922ddc5a821fa68c55d8849e4d23068ab645f3665b3ee3603327973e4b8c3b0f","","","","","","","","","","","","","5-70b9840dc61e73b0984967643bf9ddb542817118ccd9217d63796208810d749c","root.record.ItemExhibitList.P5Item.CostElementCategoryList.Software.NonRecurring.CostElementList.CostElement"
"Rockwell-Collins","Richardson, TX","2014-BASE_PROCUREMENT-2014-AIRFORCE_OTHER-PROCUREMENT_MasterJustificationBook_Air_Force_PB_2014.zzz_unzipped-PROCUREMENT_MasterJustificationBook_Air_Force_PB_2014.xml","7e13f1f4256aedd194be0beb65b8fc8b222c74d5ea80d6a83a2e4353d3d903b1","0-aedad263e904b6091892eaf1e4edd155d4742c69fb0835f3c9837a4276edfbc5","","","","","","","","","","","","","5-c676c1ec4e729fc281170cee3168f63ae87748bf03c6a5ff4829756e4655e336","root.record.ItemExhibitList.P5Item.CostElementCategoryList.Software.NonRecurring.CostElementList.CostElement"
"SAIC Defense Solution Services","McLean, VA","2014-BASE_PROCUREMENT-2014-ARMY_OTHER_2-PROCUREMENT_JustificationBook_Army_PB_2014.zzz_unzipped-PROCUREMENT_JustificationBook_Army_PB_2014.xml","67071f71009ab11469c26da696e0ae2604f627ae46a7ffdcb7d3fa6a96a5fd24","0-8d47d33ab10d0de0858f18ee27e905388d37fe8e285bef1df44fc4efecbf1b7f","0","0","0","0","0","0","0","0","","","","","0-87e774082a92037e8329637edad6461e23d1d1600b488dc8a3ab5c22107ae778","root.record.ItemExhibitList.P5Item.CostElementCategoryList.Software.NonRecurring.CostElementList.CostElement"
"TBS","TBS","2014-BASE_PROCUREMENT-2014-ARMY_OTHER_2-PROCUREMENT_JustificationBook_Army_PB_2014.zzz_unzipped-PROCUREMENT_JustificationBook_Army_PB_2014.xml","67071f71009ab11469c26da696e0ae2604f627ae46a7ffdcb7d3fa6a96a5fd24","1-e7941eff9324bfd845b5744e687a94abca1614b7931f0d709edb4b8827fee544","0","0","0","0","0","0","0","0","","","","","0-87e774082a92037e8329637edad6461e23d1d1600b488dc8a3ab5c22107ae778","root.record.ItemExhibitList.P5Item.CostElementCategoryList.Software.NonRecurring.CostElementList.CostElement"
"TBS","TBS","2014-BASE_PROCUREMENT-2014-ARMY_OTHER_2-PROCUREMENT_JustificationBook_Army_PB_2014.zzz_unzipped-PROCUREMENT_JustificationBook_Army_PB_2014.xml","67071f71009ab11469c26da696e0ae2604f627ae46a7ffdcb7d3fa6a96a5fd24","0-63e7ffe4214d9a9c58b285e9ad0a80e99f2654e9879ae671fc1c2e9020f6809d","0","0","0","0","0","0","0","0","","","","","0-7ffe9ada807eb4e6bc5a681d61cd588ae0db89467c58d34fb2a67b73240efd2c","root.record.ItemExhibitList.P5Item.CostElementCategoryList.Software.NonRecurring.CostElementList.CostElement"
"Iron Bow Technologies, LLC","Chantilly, VA","2014-BASE_PROCUREMENT-2014-ARMY_OTHER_2-PROCUREMENT_JustificationBook_Army_PB_2014.zzz_unzipped-PROCUREMENT_JustificationBook_Army_PB_2014.xml","67071f71009ab11469c26da696e0ae2604f627ae46a7ffdcb7d3fa6a96a5fd24","0-c1dc0a40a07eb783b288657cf93411070d622e8e89fa514bf8db3c600da66482","0","0","0","0","0","0","0","0","","","","","1-c0939d108886841a7e769508507eb75bfd0d35d4f41b0481f54d7d8d510b322e","root.record.ItemExhibitList.P5Item.CostElementCategoryList.Software.NonRecurring.CostElementList.CostElement"
"TBS","TBS","2014-BASE_PROCUREMENT-2014-ARMY_OTHER_2-PROCUREMENT_JustificationBook_Army_PB_2014.zzz_unzipped-PROCUREMENT_JustificationBook_Army_PB_2014.xml","67071f71009ab11469c26da696e0ae2604f627ae46a7ffdcb7d3fa6a96a5fd24","1-7931ca2fe072f95cb138b946c335281294e90e85e016be3fdd25b6601eddc26d","0","0","0","0","0","0","0","0","","","","","1-c0939d108886841a7e769508507eb75bfd0d35d4f41b0481f54d7d8d510b322e","root.record.ItemExhibitList.P5Item.CostElementCategoryList.Software.NonRecurring.CostElementList.CostElement"
"TBS","TBS","2014-BASE_PROCUREMENT-2014-ARMY_OTHER_2-PROCUREMENT_JustificationBook_Army_PB_2014.zzz_unzipped-PROCUREMENT_JustificationBook_Army_PB_2014.xml","67071f71009ab11469c26da696e0ae2604f627ae46a7ffdcb7d3fa6a96a5fd24","0-ea890501f9143841e559a3c5baddf957d939574a67fd7da228893dfc3c0dd64a","0","0","0","0","0","0","0","0","","","","","2-32b2b6e6544d691e06299e712aba2905871918c10ae033aec63ba9aa9aae26fe","root.record.ItemExhibitList.P5Item.CostElementCategoryList.Software.NonRecurring.CostElementList.CostElement"
"TBS","TBS","2014-BASE_PROCUREMENT-2014-ARMY_OTHER_2-PROCUREMENT_JustificationBook_Army_PB_2014.zzz_unzipped-PROCUREMENT_JustificationBook_Army_PB_2014.xml","67071f71009ab11469c26da696e0ae2604f627ae46a7ffdcb7d3fa6a96a5fd24","0-a8ac2fcb12c02fda132867f81d699718997223360619753c5c4ad03614ace743","0","0","0","0","0","0","0","0","","","","","0-55134220ab84ee70e56427b2c89776f7e5bd80d7f82c71dde4609daced29bdaf","root.record.ItemExhibitList.P5Item.CostElementCategoryList.Software.NonRecurring.CostElementList.CostElement"
"General Dynamics Info Tech","Fairfax, VA","2014-BASE_PROCUREMENT-2014-ARMY_OTHER_2-PROCUREMENT_JustificationBook_Army_PB_2014.zzz_unzipped-PROCUREMENT_JustificationBook_Army_PB_2014.xml","67071f71009ab11469c26da696e0ae2604f627ae46a7ffdcb7d3fa6a96a5fd24","0-97d0233a4614ee5e1ebd87b8a0d9515d1eb6b8ff468e9f9def73c16821eed490","0","0","0","0","0","0","0","0","","","","","1-15949796dffcbecb1da98748389316874417f77c7cf70b2a48992dd7e155139d","root.record.ItemExhibitList.P5Item.CostElementCategoryList.Software.NonRecurring.CostElementList.CostElement"
"TBS","TBS","2014-BASE_PROCUREMENT-2014-ARMY_OTHER_2-PROCUREMENT_JustificationBook_Army_PB_2014.zzz_unzipped-PROCUREMENT_JustificationBook_Army_PB_2014.xml","67071f71009ab11469c26da696e0ae2604f627ae46a7ffdcb7d3fa6a96a5fd24","1-205f9a189b36a7446f9dd4199976c55712a1c8d887b8f352bb5b05a6b4969b5a","0","0","0","0","0","0","0","0","","","","","1-15949796dffcbecb1da98748389316874417f77c7cf70b2a48992dd7e155139d","root.record.ItemExhibitList.P5Item.CostElementCategoryList.Software.NonRecurring.CostElementList.CostElement"
"CHESS","Ft. Benning, GA","2014-BASE_PROCUREMENT-2014-ARMY_OTHER_2-PROCUREMENT_JustificationBook_Army_PB_2014.zzz_unzipped-PROCUREMENT_JustificationBook_Army_PB_2014.xml","67071f71009ab11469c26da696e0ae2604f627ae46a7ffdcb7d3fa6a96a5fd24","0-c0acaf0d9ae6b116d557d40e5f9d2a92b139ca78a97f9f5b9ad8d8b94269c927","0","0","0","0","0","0","0","0","","","","","2-b3f136b80838a47f37aa5c1ea35db2ed7fa062184de6cbbbfc0832b073a48c9a","root.record.ItemExhibitList.P5Item.CostElementCategoryList.Software.NonRecurring.CostElementList.CostElement"
"TBS","TBS","2014-BASE_PROCUREMENT-2014-ARMY_OTHER_2-PROCUREMENT_JustificationBook_Army_PB_2014.zzz_unzipped-PROCUREMENT_JustificationBook_Army_PB_2014.xml","67071f71009ab11469c26da696e0ae2604f627ae46a7ffdcb7d3fa6a96a5fd24","1-efad26837ddf4ab9914c5667f10412513cafc3d85480233a9f67860e8a6c9143","0","0","0","0","0","0","0","0","","","","","2-b3f136b80838a47f37aa5c1ea35db2ed7fa062184de6cbbbfc0832b073a48c9a","root.record.ItemExhibitList.P5Item.CostElementCategoryList.Software.NonRecurring.CostElementList.CostElement"
"Dell Federal Systems LP","Rock Round, TX","2014-BASE_PROCUREMENT-2014-ARMY_OTHER_2-PROCUREMENT_JustificationBook_Army_PB_2014.zzz_unzipped-PROCUREMENT_JustificationBook_Army_PB_2014.xml","67071f71009ab11469c26da696e0ae2604f627ae46a7ffdcb7d3fa6a96a5fd24","0-9939e5637dc79261c874534d67de43f2c7233a2d9b5dbd6da24dfd518fd7edac","0","0","0","0","0","0","0","0","","","","","3-a35a35ad676a854be999e837aa69a9c59aafa023a63afb35814c518f758ac030","root.record.ItemExhibitList.P5Item.CostElementCategoryList.Software.NonRecurring.CostElementList.CostElement"
"TBS","TBS","2014-BASE_PROCUREMENT-2014-ARMY_OTHER_2-PROCUREMENT_JustificationBook_Army_PB_2014.zzz_unzipped-PROCUREMENT_JustificationBook_Army_PB_2014.xml","67071f71009ab11469c26da696e0ae2604f627ae46a7ffdcb7d3fa6a96a5fd24","1-b1fa2ba19c35c71cd4e78e42636ea7a59320e0b4202e9d94b5e89af8a5934940","0","0","0","0","0","0","0","0","","","","","3-a35a35ad676a854be999e837aa69a9c59aafa023a63afb35814c518f758ac030","root.record.ItemExhibitList.P5Item.CostElementCategoryList.Software.NonRecurring.CostElementList.CostElement"
"TBS","TBS","2014-BASE_PROCUREMENT-2014-ARMY_OTHER_2-PROCUREMENT_JustificationBook_Army_PB_2014.zzz_unzipped-PROCUREMENT_JustificationBook_Army_PB_2014.xml","67071f71009ab11469c26da696e0ae2604f627ae46a7ffdcb7d3fa6a96a5fd24","0-624ea2ee4000b45a612984bb0b97e112c6b8e06e9e22a906b343a4fdb6e9b163","0","0","0","0","0","0","0","0","","","","","4-536adbf2932bade63b16100d862733fe5f5d26766417c5b61b6e0aee4f458da8","root.record.ItemExhibitList.P5Item.CostElementCategoryList.Software.NonRecurring.CostElementList.CostElement"
"TBS","TBS","2014-BASE_PROCUREMENT-2014-ARMY_OTHER_2-PROCUREMENT_JustificationBook_Army_PB_2014.zzz_unzipped-PROCUREMENT_JustificationBook_Army_PB_2014.xml","67071f71009ab11469c26da696e0ae2604f627ae46a7ffdcb7d3fa6a96a5fd24","0-8a47bcbeb3d546bbcf7e78fc3d1bfd92e14d0e34c04e40133b2be4b11dac5bec","0","0","0","0","0","0","0","0","","","","","5-43555f6834eae28d4e0ed1691b2a8313fc8d14166d4a2c10337a5a1080ff1cc6","root.record.ItemExhibitList.P5Item.CostElementCategoryList.Software.NonRecurring.CostElementList.CostElement"
"TBS","TBS","2014-BASE_PROCUREMENT-2014-ARMY_OTHER_2-PROCUREMENT_JustificationBook_Army_PB_2014.zzz_unzipped-PROCUREMENT_JustificationBook_Army_PB_2014.xml","67071f71009ab11469c26da696e0ae2604f627ae46a7ffdcb7d3fa6a96a5fd24","0-4fc541a8660a1aabeaff47d7550ecdeca5ed4f7c9e01c9dd40be06e26af6087b","0","0","0","0","0","0","0","0","","","","","6-0f96d25a2d192245e2b833ffb750178c8e69030e314901fb972334c252b70094","root.record.ItemExhibitList.P5Item.CostElementCategoryList.Software.NonRecurring.CostElementList.CostElement"
"TBS","TBS","2014-BASE_PROCUREMENT-2014-ARMY_OTHER_2-PROCUREMENT_JustificationBook_Army_PB_2014.zzz_unzipped-PROCUREMENT_JustificationBook_Army_PB_2014.xml","67071f71009ab11469c26da696e0ae2604f627ae46a7ffdcb7d3fa6a96a5fd24","0-f6171447d8d2dbe9ffcb982e05c3706aa2ef2ab1b2b38e19c7d443967bddd4b9","0","0","0","0","0","0","0","0","","","","","7-78ad35dcd43eaff403d77d91df8e9deb6305e9c2747f154f486768c491a599de","root.record.ItemExhibitList.P5Item.CostElementCategoryList.Software.NonRecurring.CostElementList.CostElement"
"TBS","TBS","2014-BASE_PROCUREMENT-2014-ARMY_OTHER_2-PROCUREMENT_JustificationBook_Army_PB_2014.zzz_unzipped-PROCUREMENT_JustificationBook_Army_PB_2014.xml","67071f71009ab11469c26da696e0ae2604f627ae46a7ffdcb7d3fa6a96a5fd24","0-741d3b82396b3a7e3039f15dbc81a14c0dc970733368e29320d9f06c9848cfce","0","0","0","0","0","0","0","0","","","","","0-fc4d5724c39e6449c3d1c86689c6502396bc02cd6a2dd77cd8c604bc852c49f8","root.record.ItemExhibitList.P5Item.CostElementCategoryList.Software.NonRecurring.CostElementList.CostElement"
"TBS","TBS","2014-BASE_PROCUREMENT-2014-ARMY_OTHER_2-PROCUREMENT_JustificationBook_Army_PB_2014.zzz_unzipped-PROCUREMENT_JustificationBook_Army_PB_2014.xml","67071f71009ab11469c26da696e0ae2604f627ae46a7ffdcb7d3fa6a96a5fd24","0-4dae58fae5d1ceb2ee785e88527cda8b72efd6bbff13da274fc82e4286ec1634","0","0","0","0","0","0","0","0","","","","","1-4cfd95e0c2831803c4d4985a7c79a9129d7ff8e453e53d166eea8d1b16b2c209","root.record.ItemExhibitList.P5Item.CostElementCategoryList.Software.NonRecurring.CostElementList.CostElement"
"TBS","TBS","2015-BASE_PROCUREMENT-2015-ARMY_OTHER_2-PROCUREMENT_JustificationBook_Army_PB_2015.zzz_unzipped-PROCUREMENT_JustificationBook_Army_PB_2015.xml","bedafffdb4dc3a382094a452b4e6bbae6568910781ead59127205c527d1a2756","0-02130296825f4b946e7ba9e07dfd8682d6106c0e6a95fb997e716788c54bca28","0","0","0","0","0","0","0","0","","","","","0-090db6f2a171f24d0f40ef3ad7db2b145b4b5b3eac6595d584cf099bb540e787","root.record.ItemExhibitList.P5Item.CostElementCategoryList.Software.NonRecurring.CostElementList.CostElement"
"TBS","TBS","2015-BASE_PROCUREMENT-2015-ARMY_OTHER_2-PROCUREMENT_JustificationBook_Army_PB_2015.zzz_unzipped-PROCUREMENT_JustificationBook_Army_PB_2015.xml","bedafffdb4dc3a382094a452b4e6bbae6568910781ead59127205c527d1a2756","0-8ff6b20532b2589ec36687773d02bfa55a0f8c0e76f1de0859aacd08f5b719bf","0","0","0","0","0","0","0","0","","","","","0-b4ab6997b81a7788e893c5edca132cd29e5e5876600218ca5fa31a9076c21b5a","root.record.ItemExhibitList.P5Item.CostElementCategoryList.Software.NonRecurring.CostElementList.CostElement"
"Defense Engineering, Inc","Arlington, VA","2015-BASE_PROCUREMENT-2015-ARMY_OTHER_2-PROCUREMENT_JustificationBook_Army_PB_2015.zzz_unzipped-PROCUREMENT_JustificationBook_Army_PB_2015.xml","bedafffdb4dc3a382094a452b4e6bbae6568910781ead59127205c527d1a2756","0-9987e03345dad3ec7f9e5464c6d7becadc2fe7f2f8ad184057357a287b98ecac","0","0","0","0","0","0","0","0","","","","","1-ac7627b969db8d6c15ea17ad635ee67f2d29173ef9c4345f1188ab37c3233b07","root.record.ItemExhibitList.P5Item.CostElementCategoryList.Software.NonRecurring.CostElementList.CostElement"
"TBS","TBS","2015-BASE_PROCUREMENT-2015-ARMY_OTHER_2-PROCUREMENT_JustificationBook_Army_PB_2015.zzz_unzipped-PROCUREMENT_JustificationBook_Army_PB_2015.xml","bedafffdb4dc3a382094a452b4e6bbae6568910781ead59127205c527d1a2756","1-58568599c948b09185ecf3bcf31e175b7beb883b14999078be021be4a6bb1d3d","0","0","0","0","0","0","0","0","","","","","1-ac7627b969db8d6c15ea17ad635ee67f2d29173ef9c4345f1188ab37c3233b07","root.record.ItemExhibitList.P5Item.CostElementCategoryList.Software.NonRecurring.CostElementList.CostElement"
"TBS","TBS","2015-BASE_PROCUREMENT-2015-ARMY_OTHER_2-PROCUREMENT_JustificationBook_Army_PB_2015.zzz_unzipped-PROCUREMENT_JustificationBook_Army_PB_2015.xml","bedafffdb4dc3a382094a452b4e6bbae6568910781ead59127205c527d1a2756","0-a99b5e4e826e7840a8876bb1419ad0b9aa80885a6d77110237567451d3707e56","0","0","0","0","0","0","0","0","","","","","2-e9e5ac5321c7d171fe0ff0efb46ad4366834aebaadd1f1ed8d1e2a62ce4250a7","root.record.ItemExhibitList.P5Item.CostElementCategoryList.Software.NonRecurring.CostElementList.CostElement"
"Dell","Columbus, OH","2015-BASE_PROCUREMENT-2015-ARMY_OTHER_2-PROCUREMENT_JustificationBook_Army_PB_2015.zzz_unzipped-PROCUREMENT_JustificationBook_Army_PB_2015.xml","bedafffdb4dc3a382094a452b4e6bbae6568910781ead59127205c527d1a2756","0-16cacadcc4ee60b185d004b0d5e0ddee17b94a44d9d489ea9e425af61b6aa100","0","0","0","0","0","0","0","0","","","","","0-3eb4767f6435b30ed4e22948f26591b95a816ba4068470c03271faf867595982","root.record.ItemExhibitList.P5Item.CostElementCategoryList.Software.NonRecurring.CostElementList.CostElement"
"TBS","TBS","2015-BASE_PROCUREMENT-2015-ARMY_OTHER_2-PROCUREMENT_JustificationBook_Army_PB_2015.zzz_unzipped-PROCUREMENT_JustificationBook_Army_PB_2015.xml","bedafffdb4dc3a382094a452b4e6bbae6568910781ead59127205c527d1a2756","0-248765128ee3db88955e16ff5a8ee67d79c2669b9808894f596506ee2c8df55a","0","0","0","0","0","0","0","0","","","","","2-b017ae867e75a902025ed23454ff1d51c21e5742bea450db4ddf78e7cd5028a7","root.record.ItemExhibitList.P5Item.CostElementCategoryList.Software.NonRecurring.CostElementList.CostElement"
"TBS","TBS","2015-BASE_PROCUREMENT-2015-ARMY_OTHER_2-PROCUREMENT_JustificationBook_Army_PB_2015.zzz_unzipped-PROCUREMENT_JustificationBook_Army_PB_2015.xml","bedafffdb4dc3a382094a452b4e6bbae6568910781ead59127205c527d1a2756","0-88d6e01cfe44add68fd6b2a3f5416fef7054a243deedbff71053e7e83de6692a","0","0","0","0","0","0","0","0","","","","","5-93acbf72e85942abb4cc1e33f36af472d5e5754f9b21d1cd8d0ec657b026ed75","root.record.ItemExhibitList.P5Item.CostElementCategoryList.Software.NonRecurring.CostElementList.CostElement"
"TBS","TBS","2015-BASE_PROCUREMENT-2015-ARMY_OTHER_2-PROCUREMENT_JustificationBook_Army_PB_2015.zzz_unzipped-PROCUREMENT_JustificationBook_Army_PB_2015.xml","bedafffdb4dc3a382094a452b4e6bbae6568910781ead59127205c527d1a2756","0-c7a51659937e84a887e5a4cb38aca779a0e5535a1e8474cf8ccbc43a6b3a4507","0","0","0","0","0","0","0","0","","","","","6-2d8c901fcacda5df4e90e6248de4969ace26ac02b6b7677d0b1dfa970c3f93f9","root.record.ItemExhibitList.P5Item.CostElementCategoryList.Software.NonRecurring.CostElementList.CostElement"
"TBS","TBS","2015-BASE_PROCUREMENT-2015-ARMY_OTHER_2-PROCUREMENT_JustificationBook_Army_PB_2015.zzz_unzipped-PROCUREMENT_JustificationBook_Army_PB_2015.xml","bedafffdb4dc3a382094a452b4e6bbae6568910781ead59127205c527d1a2756","0-3bed45c61a6dd062c2b152d541f7ed910028c5e17f1d5bcdfadfa4bd1c2e17c2","0","0","0","0","0","0","0","0","","","","","0-3e22627ce5df8c5829266781368e2031a1a2202460d9460e2d899b95de5cb394","root.record.ItemExhibitList.P5Item.CostElementCategoryList.Software.NonRecurring.CostElementList.CostElement"
"Accenture Federal Services LLC","Arlington, VA","2015-BASE_PROCUREMENT-2015-ARMY_OTHER_2-PROCUREMENT_JustificationBook_Army_PB_2015.zzz_unzipped-PROCUREMENT_JustificationBook_Army_PB_2015.xml","bedafffdb4dc3a382094a452b4e6bbae6568910781ead59127205c527d1a2756","0-e8790f8c07803b27f29035e7d3cb39672e34ef6466eac097aa7b9b93ee908f6b","0","0","0","0","0","0","0","0","","","","","1-a6d6fd6c072f2432246a70e6597eba742b0c6edc254aff79e7a8aa9903f5e59a","root.record.ItemExhibitList.P5Item.CostElementCategoryList.Software.NonRecurring.CostElementList.CostElement"
"Army","Wash DC","2015-AMENDED_PROCUREMENT_AND_RDTE-2015-DISA-PROCUREMENT_JustificationBook_Defense_Information_Systems_Agency_PBAmended_2015.zzz_unzipped-PROCUREMENT_JustificationBook_Defense_Information_Systems_Agency_PBAmended_2015.xml","d94f019ca6ad47831570c156dff39434da9ab15bce0586d43be1216cd4cf1d47","0-b5fe8650e0a9a98ce2ada3aa026677bf4cc28046e4d563cd7c66a763ca5aebb1","","","","","","","","","","","","","0-644682fca2883772d4a84ca6198e012ffeccbfaecea406ee69e12b5afa1e84e3","root.record.ItemExhibitList.P5Item.CostElementCategoryList.Software.NonRecurring.CostElementList.CostElement"
"Army","Wash DC","2015-AMENDED_PROCUREMENT_AND_RDTE-2015-DISA-PROCUREMENT_JustificationBook_Defense_Information_Systems_Agency_PBAmended_2015.zzz_unzipped-PROCUREMENT_JustificationBook_Defense_Information_Systems_Agency_PBAmended_2015.xml","d94f019ca6ad47831570c156dff39434da9ab15bce0586d43be1216cd4cf1d47","0-dbdbf28450f9902fe8c42420a7fa5d67b19944745beb728b67d74e3754bbc60b","","","","","","","","","","","","","1-8934a6778ae49641a776ee59ba1cdbe6a7a6c26372d76f5d42cb622322deb827","root.record.ItemExhibitList.P5Item.CostElementCategoryList.Software.NonRecurring.CostElementList.CostElement"
"Army","Wash DC","2015-AMENDED_PROCUREMENT_AND_RDTE-2015-DISA-PROCUREMENT_MasterJustificationBook_Defense_Information_Systems_Agency_PBAmended_2015.zzz_unzipped-PROCUREMENT_MasterJustificationBook_Defense_Information_Systems_Agency_PBAmended_2015.xml","0ba1ff01b1584bc3e78a57a5ea1922c71db0daf80e4e1f03a022614b8e202d41","0-0e7e2770cdf4af755612357bdf012449867c166d58174fcd4e0442bf4a6d5199","","","","","","","","","","","","","0-8b049ba21a190f27033e76597ad00bf25bc69bd10597db440498e2189d9071ad","root.record.ItemExhibitList.P5Item.CostElementCategoryList.Software.NonRecurring.CostElementList.CostElement"
"Army","Wash DC","2015-AMENDED_PROCUREMENT_AND_RDTE-2015-DISA-PROCUREMENT_MasterJustificationBook_Defense_Information_Systems_Agency_PBAmended_2015.zzz_unzipped-PROCUREMENT_MasterJustificationBook_Defense_Information_Systems_Agency_PBAmended_2015.xml","0ba1ff01b1584bc3e78a57a5ea1922c71db0daf80e4e1f03a022614b8e202d41","0-6046b83d7fd3daf98d083bea327f15333793c4e559e14c26c7b77f616ae4c2ff","","","","","","","","","","","","","1-f028cb780186e24a00ae631264236334de3e1bda4a9139fead1e38b609094f8d","root.record.ItemExhibitList.P5Item.CostElementCategoryList.Software.NonRecurring.CostElementList.CostElement"
"Army","Wash DC","2015-AMENDED_PROCUREMENT_AND_RDTE-2015-DEFENSE_MASTER_JBOOK-PROCUREMENT_MasterJustificationBook_Defense-Wide_PBAmended_2015.zzz_unzipped-PROCUREMENT_MasterJustificationBook_Defense-Wide_PBAmended_2015.xml","303b558d79ac8de02c9b26612b66f29a4d300e030b75eec7d9b97dfeddac8680","0-edeb96c5c4206b3c63111eb8eab2ef777ed236c1057636e6ee455f52839ba2b0","","","","","","","","","","","","","0-74a52ad95e32ecff7f76f925d5e2ded3e820e7f4d7b43719161cec882b5a44ab","root.record.ItemExhibitList.P5Item.CostElementCategoryList.Software.NonRecurring.CostElementList.CostElement"
"Army","Wash DC","2015-AMENDED_PROCUREMENT_AND_RDTE-2015-DEFENSE_MASTER_JBOOK-PROCUREMENT_MasterJustificationBook_Defense-Wide_PBAmended_2015.zzz_unzipped-PROCUREMENT_MasterJustificationBook_Defense-Wide_PBAmended_2015.xml","303b558d79ac8de02c9b26612b66f29a4d300e030b75eec7d9b97dfeddac8680","0-918b9f95c42b80fb28ac12118c482722426c1abd2ea2cd8e7e86f101c953cd01","","","","","","","","","","","","","1-9fa94f12222900a0c2f7f68343f6910869479eb1cc83001ecf2459002690d8f7","root.record.ItemExhibitList.P5Item.CostElementCategoryList.Software.NonRecurring.CostElementList.CostElement"
"Wyle Laboratories","Huntsville, AL","2016-BASE_PROCUREMENT-2016-ARMY_OTHER_2-PROCUREMENT_JustificationBook_Army_PB_2016.zzz_unzipped-PROCUREMENT_JustificationBook_Army_PB_2016.xml","0daeb3840995e315e0845fec38ebc9e30d4d58064f2184f55430dcb7cef2d891","0-fda382f7cb797ef302d44bebb32efc1cd56b163156a697e9431d342725f221b5","0","0","0","0","0","0","0","0","","","","","0-b5957a2b823317e9e014e2046a97055e22a8d8c9c8af50bc8253b7b9cc4845b8","root.record.ItemExhibitList.P5Item.CostElementCategoryList.Software.NonRecurring.CostElementList.CostElement"
"Leidos","McLean, VA","2016-BASE_PROCUREMENT-2016-ARMY_OTHER_2-PROCUREMENT_JustificationBook_Army_PB_2016.zzz_unzipped-PROCUREMENT_JustificationBook_Army_PB_2016.xml","0daeb3840995e315e0845fec38ebc9e30d4d58064f2184f55430dcb7cef2d891","1-d8c0e82c582722d190bad176799d314959b4942994753fcdbaf4890103e062eb","0","0","0","0","0","0","0","0","","","","","0-b5957a2b823317e9e014e2046a97055e22a8d8c9c8af50bc8253b7b9cc4845b8","root.record.ItemExhibitList.P5Item.CostElementCategoryList.Software.NonRecurring.CostElementList.CostElement"
"TBS","TBS","2016-BASE_PROCUREMENT-2016-ARMY_OTHER_2-PROCUREMENT_JustificationBook_Army_PB_2016.zzz_unzipped-PROCUREMENT_JustificationBook_Army_PB_2016.xml","0daeb3840995e315e0845fec38ebc9e30d4d58064f2184f55430dcb7cef2d891","2-de6c5bc29d18d6b44363c1a17c73530cec66c980563e12629c323e1903b9a400","0","0","0","0","0","0","0","0","","","","","0-b5957a2b823317e9e014e2046a97055e22a8d8c9c8af50bc8253b7b9cc4845b8","root.record.ItemExhibitList.P5Item.CostElementCategoryList.Software.NonRecurring.CostElementList.CostElement"
"Defense Engineering, Inc","Arlington, VA","2016-BASE_PROCUREMENT-2016-ARMY_OTHER_2-PROCUREMENT_JustificationBook_Army_PB_2016.zzz_unzipped-PROCUREMENT_JustificationBook_Army_PB_2016.xml","0daeb3840995e315e0845fec38ebc9e30d4d58064f2184f55430dcb7cef2d891","0-de593e4dc8cd22175d13bc1f3f7c98e2e2ce8201c669fbac8e19b3188f5f3306","0","0","0","0","0","0","0","0","","","","","0-58a156e672081a66d6ce951b40c53f9f1317f9e82958c2b6d6c1702a4dae10ea","root.record.ItemExhibitList.P5Item.CostElementCategoryList.Software.NonRecurring.CostElementList.CostElement"
"TBS","TBS","2016-BASE_PROCUREMENT-2016-ARMY_OTHER_2-PROCUREMENT_JustificationBook_Army_PB_2016.zzz_unzipped-PROCUREMENT_JustificationBook_Army_PB_2016.xml","0daeb3840995e315e0845fec38ebc9e30d4d58064f2184f55430dcb7cef2d891","1-37b2cacf9c925c50d711b4085d5d3f9a86d031638ac68d9158d5130eb10dfca1","0","0","0","0","0","0","0","0","","","","","0-58a156e672081a66d6ce951b40c53f9f1317f9e82958c2b6d6c1702a4dae10ea","root.record.ItemExhibitList.P5Item.CostElementCategoryList.Software.NonRecurring.CostElementList.CostElement"
"Carahsoft Tech Corp","Reston, VA","2016-BASE_PROCUREMENT-2016-ARMY_OTHER_2-PROCUREMENT_JustificationBook_Army_PB_2016.zzz_unzipped-PROCUREMENT_JustificationBook_Army_PB_2016.xml","0daeb3840995e315e0845fec38ebc9e30d4d58064f2184f55430dcb7cef2d891","0-69829cb03ae88bb5b4abed5da9961a7ecd0b1957ec3c2dc55db72224a62edec3","0","0","0","0","0","0","0","0","","","","","1-171c87d6fad6dca1fae22f7a587ca4fbec38a518bc1d4cb9f96fec885cc8ae9e","root.record.ItemExhibitList.P5Item.CostElementCategoryList.Software.NonRecurring.CostElementList.CostElement"
"DLT Solutions","Herndon, VA","2016-BASE_PROCUREMENT-2016-ARMY_OTHER_2-PROCUREMENT_JustificationBook_Army_PB_2016.zzz_unzipped-PROCUREMENT_JustificationBook_Army_PB_2016.xml","0daeb3840995e315e0845fec38ebc9e30d4d58064f2184f55430dcb7cef2d891","1-9edeb2d59baa216537f465998866e1ffd98758b29016dc273d34ea9821f86b7e","0","0","0","0","0","0","0","0","","","","","1-171c87d6fad6dca1fae22f7a587ca4fbec38a518bc1d4cb9f96fec885cc8ae9e","root.record.ItemExhibitList.P5Item.CostElementCategoryList.Software.NonRecurring.CostElementList.CostElement"
"TBS","TBS","2016-BASE_PROCUREMENT-2016-ARMY_OTHER_2-PROCUREMENT_JustificationBook_Army_PB_2016.zzz_unzipped-PROCUREMENT_JustificationBook_Army_PB_2016.xml","0daeb3840995e315e0845fec38ebc9e30d4d58064f2184f55430dcb7cef2d891","2-3a949c94b09b7a3f923d58edc33ed5849b57dbc90638ee1e83ba29d986732465","0","0","0","0","0","0","0","0","","","","","1-171c87d6fad6dca1fae22f7a587ca4fbec38a518bc1d4cb9f96fec885cc8ae9e","root.record.ItemExhibitList.P5Item.CostElementCategoryList.Software.NonRecurring.CostElementList.CostElement"
"TBS","TBS","2016-BASE_PROCUREMENT-2016-ARMY_OTHER_2-PROCUREMENT_JustificationBook_Army_PB_2016.zzz_unzipped-PROCUREMENT_JustificationBook_Army_PB_2016.xml","0daeb3840995e315e0845fec38ebc9e30d4d58064f2184f55430dcb7cef2d891","0-6dc75ab69af825d3437f2a62fd447b87e1229618592a217ec2dcfd940aac8611","0","0","0","0","0","0","0","0","","","","","2-642b20d7e02c659f59b97eeaf97afa336e04f26666d948575b2f288373721fda","root.record.ItemExhibitList.P5Item.CostElementCategoryList.Software.NonRecurring.CostElementList.CostElement"
"TBS","TBS","2016-BASE_PROCUREMENT-2016-ARMY_OTHER_2-PROCUREMENT_JustificationBook_Army_PB_2016.zzz_unzipped-PROCUREMENT_JustificationBook_Army_PB_2016.xml","0daeb3840995e315e0845fec38ebc9e30d4d58064f2184f55430dcb7cef2d891","0-117e725d32902f3c23479211698934d71a6466d9bf55bed02eadfec135b46cdb","0","0","0","0","0","0","0","0","","","","","2-4ccc2de1e5947fdfe5b6c710f6aa604a9f5915e5a586eb5cd42b0a3ec2f154a4","root.record.ItemExhibitList.P5Item.CostElementCategoryList.Software.NonRecurring.CostElementList.CostElement"
"Iron Bow Technologies","Chantilly, VA","2016-BASE_PROCUREMENT-2016-ARMY_OTHER_2-PROCUREMENT_JustificationBook_Army_PB_2016.zzz_unzipped-PROCUREMENT_JustificationBook_Army_PB_2016.xml","0daeb3840995e315e0845fec38ebc9e30d4d58064f2184f55430dcb7cef2d891","0-d67d2e787d3ef7d0e92f2bce11f973f5eea45903d66c8ec9957d96cd93c6b005","0","0","0","0","0","0","0","0","","","","","3-700d55f68fdcc4ff690c908bc1277a2ca33677c4cc5dffd6e29d6d37ac4add0d","root.record.ItemExhibitList.P5Item.CostElementCategoryList.Software.NonRecurring.CostElementList.CostElement"
"TBS","TBS","2016-BASE_PROCUREMENT-2016-ARMY_OTHER_2-PROCUREMENT_JustificationBook_Army_PB_2016.zzz_unzipped-PROCUREMENT_JustificationBook_Army_PB_2016.xml","0daeb3840995e315e0845fec38ebc9e30d4d58064f2184f55430dcb7cef2d891","1-e0dac04340f598c044f72526bffa758f6d1aa0d8cd949aaa688b5238b8244bf8","0","0","0","0","0","0","0","0","","","","","3-700d55f68fdcc4ff690c908bc1277a2ca33677c4cc5dffd6e29d6d37ac4add0d","root.record.ItemExhibitList.P5Item.CostElementCategoryList.Software.NonRecurring.CostElementList.CostElement"
"TBS","TBS","2016-BASE_PROCUREMENT-2016-ARMY_OTHER_2-PROCUREMENT_JustificationBook_Army_PB_2016.zzz_unzipped-PROCUREMENT_JustificationBook_Army_PB_2016.xml","0daeb3840995e315e0845fec38ebc9e30d4d58064f2184f55430dcb7cef2d891","0-23f2d4a2cacb45684d5f5055d94cbfcfd294776252bd9fa3b4b5dacf93234efa","0","0","0","0","0","0","0","0","","","","","8-b7b1a00c5f8f7ada1e98e6c0fbc4a72cf52459c8fb0e8fb37e1a00cbc707f0da","root.record.ItemExhibitList.P5Item.CostElementCategoryList.Software.NonRecurring.CostElementList.CostElement"
"TBS","TBS","2016-BASE_PROCUREMENT-2016-ARMY_OTHER_2-PROCUREMENT_JustificationBook_Army_PB_2016.zzz_unzipped-PROCUREMENT_JustificationBook_Army_PB_2016.xml","0daeb3840995e315e0845fec38ebc9e30d4d58064f2184f55430dcb7cef2d891","0-56b58a67ba5696bd730368fc017300c5237ad0e260e4dd113361126a46eecf3b","0","0","0","0","0","0","0","0","","","","","0-4a00faeb60c6c72cf8f2f4809370ed8221a21531121539ec2ad44b93cf110dbd","root.record.ItemExhibitList.P5Item.CostElementCategoryList.Software.NonRecurring.CostElementList.CostElement"
"Leidos","McLean, VA","2017-BASE_PROCUREMENT-2017-ARMY_OTHER_2-U_PROCUREMENT_JustificationBook_Army_PB_2017.zzz_unzipped-U_PROCUREMENT_JustificationBook_Army_PB_2017.xml","e2c89fbeb812916900eca5c27f8af4e89ad05088685814bc9bb1805868e5dd11","0-fb6ad1c4a6932d557c7b2bda475fc2b764d1bb848f417d6f54f743f63c427a54","0","0","0","0","0","0","0","0","","","","","0-91e5c051e11c4f902662b4bf46d32945e216c5e9384d732377f81fd26e479f1e","root.record.ItemExhibitList.P5Item.CostElementCategoryList.Software.NonRecurring.CostElementList.CostElement"
"TBS","TBS","2017-BASE_PROCUREMENT-2017-ARMY_OTHER_2-U_PROCUREMENT_JustificationBook_Army_PB_2017.zzz_unzipped-U_PROCUREMENT_JustificationBook_Army_PB_2017.xml","e2c89fbeb812916900eca5c27f8af4e89ad05088685814bc9bb1805868e5dd11","1-003eb4f884b2c4b1670645eed8dc05b584d6c199e8fb71c149e1d88152210f97","0","0","0","0","0","0","0","0","","","","","0-91e5c051e11c4f902662b4bf46d32945e216c5e9384d732377f81fd26e479f1e","root.record.ItemExhibitList.P5Item.CostElementCategoryList.Software.NonRecurring.CostElementList.CostElement"
"Defense Engineering, Inc","Arlington, VA","2017-BASE_PROCUREMENT-2017-ARMY_OTHER_2-U_PROCUREMENT_JustificationBook_Army_PB_2017.zzz_unzipped-U_PROCUREMENT_JustificationBook_Army_PB_2017.xml","e2c89fbeb812916900eca5c27f8af4e89ad05088685814bc9bb1805868e5dd11","0-f8295c91fd1eea607ef6b6139bb5ada9087f916c5bac0b404914a7e106c76876","0","0","0","0","0","0","0","0","","","","","0-47a766ead6b09867ac39b5822236a619ee7f3592ca7ac027af4058e44d882099","root.record.ItemExhibitList.P5Item.CostElementCategoryList.Software.NonRecurring.CostElementList.CostElement"
"TBS","TBS","2017-BASE_PROCUREMENT-2017-ARMY_OTHER_2-U_PROCUREMENT_JustificationBook_Army_PB_2017.zzz_unzipped-U_PROCUREMENT_JustificationBook_Army_PB_2017.xml","e2c89fbeb812916900eca5c27f8af4e89ad05088685814bc9bb1805868e5dd11","1-2d088840fbd7efc0310503086234fd3d1ac14c6a20dcb8bd457f0f2f6aaf0686","0","0","0","0","0","0","0","0","","","","","0-47a766ead6b09867ac39b5822236a619ee7f3592ca7ac027af4058e44d882099","root.record.ItemExhibitList.P5Item.CostElementCategoryList.Software.NonRecurring.CostElementList.CostElement"
"Defense Engineering, Inc","Arlington, VA","2017-BASE_PROCUREMENT-2017-ARMY_OTHER_2-U_PROCUREMENT_JustificationBook_Army_PB_2017.zzz_unzipped-U_PROCUREMENT_JustificationBook_Army_PB_2017.xml","e2c89fbeb812916900eca5c27f8af4e89ad05088685814bc9bb1805868e5dd11","0-ad4aabc6b77505a6621972393a4db9dad01524096f15ebaabab3307eb0417bda","0","0","0","0","0","0","0","0","","","","","1-03ad3f9806d4e8fd05c080436cc5624af99d3fe7d07196d7b50f4e13ddb8f869","root.record.ItemExhibitList.P5Item.CostElementCategoryList.Software.NonRecurring.CostElementList.CostElement"
"TBS","TBS","2017-BASE_PROCUREMENT-2017-ARMY_OTHER_2-U_PROCUREMENT_JustificationBook_Army_PB_2017.zzz_unzipped-U_PROCUREMENT_JustificationBook_Army_PB_2017.xml","e2c89fbeb812916900eca5c27f8af4e89ad05088685814bc9bb1805868e5dd11","1-046134e3742b5b5f4d822e5771b9ba0041811944c60887d7031f33bcade499d5","0","0","0","0","0","0","0","0","","","","","1-03ad3f9806d4e8fd05c080436cc5624af99d3fe7d07196d7b50f4e13ddb8f869","root.record.ItemExhibitList.P5Item.CostElementCategoryList.Software.NonRecurring.CostElementList.CostElement"
"TBS","TBS","2017-BASE_PROCUREMENT-2017-ARMY_OTHER_2-U_PROCUREMENT_JustificationBook_Army_PB_2017.zzz_unzipped-U_PROCUREMENT_JustificationBook_Army_PB_2017.xml","e2c89fbeb812916900eca5c27f8af4e89ad05088685814bc9bb1805868e5dd11","0-df564532ed60314b75d25e7cb63ffffa4c66fe91e3d92bd2460a912e88f9562f","0","0","0","0","0","0","0","0","","","","","0-dcd7b6c2f6206dde935f5b7c3e07b559e095046f8eb9541e4b398b7b9fe0a43b","root.record.ItemExhibitList.P5Item.CostElementCategoryList.Software.NonRecurring.CostElementList.CostElement"
"Lintech Global, Inc.","Farmington Hills, MI","2017-BASE_PROCUREMENT-2017-ARMY_OTHER_2-U_PROCUREMENT_JustificationBook_Army_PB_2017.zzz_unzipped-U_PROCUREMENT_JustificationBook_Army_PB_2017.xml","e2c89fbeb812916900eca5c27f8af4e89ad05088685814bc9bb1805868e5dd11","0-b656747959afb7936c36eb40d2af3f382173f5de84960635c878782ea42a886b","0","0","0","0","0","0","0","0","","","","","2-24b0bb8036bf80c98eca12b1b8367f69602a1c85da47770365e376518724d95b","root.record.ItemExhibitList.P5Item.CostElementCategoryList.Software.NonRecurring.CostElementList.CostElement"
"Dell Federal Systems LP","Rock Round, TX","2017-BASE_PROCUREMENT-2017-ARMY_OTHER_2-U_PROCUREMENT_JustificationBook_Army_PB_2017.zzz_unzipped-U_PROCUREMENT_JustificationBook_Army_PB_2017.xml","e2c89fbeb812916900eca5c27f8af4e89ad05088685814bc9bb1805868e5dd11","0-ebb667e6628545ee4db602e37a69a73aca9698c903605889b385cf91f08628cf","0","0","0","0","0","0","0","0","","","","","3-ad28ece440f24a4ee7ff6d25affac8b153dc8f24a605f4d3a9f516203a9a7713","root.record.ItemExhibitList.P5Item.CostElementCategoryList.Software.NonRecurring.CostElementList.CostElement"
"TBS","TBS","2017-BASE_PROCUREMENT-2017-ARMY_OTHER_2-U_PROCUREMENT_JustificationBook_Army_PB_2017.zzz_unzipped-U_PROCUREMENT_JustificationBook_Army_PB_2017.xml","e2c89fbeb812916900eca5c27f8af4e89ad05088685814bc9bb1805868e5dd11","1-52ea17cb8d89b9399cefe25fb183a3dd8183aea235a965094bb65d54f68d8998","0","0","0","0","0","0","0","0","","","","","3-ad28ece440f24a4ee7ff6d25affac8b153dc8f24a605f4d3a9f516203a9a7713","root.record.ItemExhibitList.P5Item.CostElementCategoryList.Software.NonRecurring.CostElementList.CostElement"
"TBS","TBS","2017-BASE_PROCUREMENT-2017-ARMY_OTHER_2-U_PROCUREMENT_JustificationBook_Army_PB_2017.zzz_unzipped-U_PROCUREMENT_JustificationBook_Army_PB_2017.xml","e2c89fbeb812916900eca5c27f8af4e89ad05088685814bc9bb1805868e5dd11","0-16668779548dff23ca07aff0a998675ffb918ddab3f05d02be9e8b05cea8d2ef","0","0","0","0","0","0","0","0","","","","","8-16b508503bc4100f8d48f8e76eb99ed83a36a6706b09b21729dd2309d1401f07","root.record.ItemExhibitList.P5Item.CostElementCategoryList.Software.NonRecurring.CostElementList.CostElement"
"Multiple Hardware/Software","Various","2018-BASE_PROCUREMENT-2018-ARMY_OTHER_2-U_PROCUREMENT_JustificationBook_Army_PB_2018.zzz_unzipped-U_PROCUREMENT_JustificationBook_Army_PB_2018.xml","79442e00cbe7bfd4a4ea29a3f4d53f5b896df57a421ca9e4115007f2a5a4e861","0-252539b03254832096d371b9277925a7b2a3e629eb04519f8b6fb2b4381814e4","0","0","0","0","0","0","0","0","","","","","0-333b07d647b91857b775d4c7b0da687bc92672bae53bc689bf273066da17b724","root.record.ItemExhibitList.P5Item.CostElementCategoryList.Software.NonRecurring.CostElementList.CostElement"
"SAP","TBD","2018-BASE_PROCUREMENT-2018-ARMY_OTHER_2-U_PROCUREMENT_JustificationBook_Army_PB_2018.zzz_unzipped-U_PROCUREMENT_JustificationBook_Army_PB_2018.xml","79442e00cbe7bfd4a4ea29a3f4d53f5b896df57a421ca9e4115007f2a5a4e861","0-91679eca45ff0270dd1cd1cfc0f76a72428213b6de82ee6bef6ddfb2eb5751f6","0","0","0","0","0","0","0","0","","","","","0-8fc8a3768bc10de0a7ac863e9695f7b83684ef1376a505c504fc5c41c02da317","root.record.ItemExhibitList.P5Item.CostElementCategoryList.Software.NonRecurring.CostElementList.CostElement"
"Leidos","McLean, VA","2018-BASE_PROCUREMENT-2018-ARMY_OTHER_2-U_PROCUREMENT_JustificationBook_Army_PB_2018.zzz_unzipped-U_PROCUREMENT_JustificationBook_Army_PB_2018.xml","4fcec47d2ef2c5e454ef51ea8d74e89b75e63959a68d7baa4c0a97b8a1fc8c6e","0-b715352e824e631f60cffd3deb1ccd6a373304ce7dd3e9615858e5df6d2f5d78","0","0","0","0","0","0","0","0","","","","","0-ba6841bde8eca6076177ed5e8fe645df0c5db43936bd1b65412c4ba4eb2c58a4","root.record.ItemExhibitList.P5Item.CostElementCategoryList.Software.NonRecurring.CostElementList.CostElement"
"TBS","TBS","2018-BASE_PROCUREMENT-2018-ARMY_OTHER_2-U_PROCUREMENT_JustificationBook_Army_PB_2018.zzz_unzipped-U_PROCUREMENT_JustificationBook_Army_PB_2018.xml","4fcec47d2ef2c5e454ef51ea8d74e89b75e63959a68d7baa4c0a97b8a1fc8c6e","1-9d93b0ccd7240db52bca9a094081d7098631fa4ce34d1d78bd6d24b3b372beda","0","0","0","0","0","0","0","0","","","","","0-ba6841bde8eca6076177ed5e8fe645df0c5db43936bd1b65412c4ba4eb2c58a4","root.record.ItemExhibitList.P5Item.CostElementCategoryList.Software.NonRecurring.CostElementList.CostElement"
"TBS","TBS","2018-BASE_PROCUREMENT-2018-ARMY_OTHER_2-U_PROCUREMENT_JustificationBook_Army_PB_2018.zzz_unzipped-U_PROCUREMENT_JustificationBook_Army_PB_2018.xml","4fcec47d2ef2c5e454ef51ea8d74e89b75e63959a68d7baa4c0a97b8a1fc8c6e","0-e7c1813f62bb9314e89d01a8c70079baca53356f015cfa6a07023458eff60ef1","0","0","0","0","0","0","0","0","","","","","0-f0f4572e4eae18e4595a5c4fd631f98d71412ca73feaf3e81ce35a748438adc1","root.record.ItemExhibitList.P5Item.CostElementCategoryList.Software.NonRecurring.CostElementList.CostElement"
"Presidio Networked Solutions","Fulton, MD","2018-BASE_PROCUREMENT-2018-ARMY_OTHER_2-U_PROCUREMENT_JustificationBook_Army_PB_2018.zzz_unzipped-U_PROCUREMENT_JustificationBook_Army_PB_2018.xml","4fcec47d2ef2c5e454ef51ea8d74e89b75e63959a68d7baa4c0a97b8a1fc8c6e","0-cdff521b2327a3278c99961a3e062938a3c6eef54a79d5e5cb7ef2ad89c496a9","0","0","0","0","0","0","0","0","","","","","1-c710010555d6e7fbd6eda5e8bec9eaca94030b4f7a353e0dd49a987a197b2306","root.record.ItemExhibitList.P5Item.CostElementCategoryList.Software.NonRecurring.CostElementList.CostElement"
"Four LLC","Centreville, VA","2018-BASE_PROCUREMENT-2018-ARMY_OTHER_2-U_PROCUREMENT_JustificationBook_Army_PB_2018.zzz_unzipped-U_PROCUREMENT_JustificationBook_Army_PB_2018.xml","4fcec47d2ef2c5e454ef51ea8d74e89b75e63959a68d7baa4c0a97b8a1fc8c6e","1-127f58841ce37be9dfc18e772da0e652d91155bd99a8efc5dbc382678b1f21f0","0","0","0","0","0","0","0","0","","","","","1-c710010555d6e7fbd6eda5e8bec9eaca94030b4f7a353e0dd49a987a197b2306","root.record.ItemExhibitList.P5Item.CostElementCategoryList.Software.NonRecurring.CostElementList.CostElement"
"TBS","TBS","2018-BASE_PROCUREMENT-2018-ARMY_OTHER_2-U_PROCUREMENT_JustificationBook_Army_PB_2018.zzz_unzipped-U_PROCUREMENT_JustificationBook_Army_PB_2018.xml","4fcec47d2ef2c5e454ef51ea8d74e89b75e63959a68d7baa4c0a97b8a1fc8c6e","2-67523ea126cb9c2cf9f139acbd9590172d8de9dc4ed685d2c192e7de923cf082","0","0","0","0","0","0","0","0","","","","","1-c710010555d6e7fbd6eda5e8bec9eaca94030b4f7a353e0dd49a987a197b2306","root.record.ItemExhibitList.P5Item.CostElementCategoryList.Software.NonRecurring.CostElementList.CostElement"
"TBS","TBS","2018-BASE_PROCUREMENT-2018-ARMY_OTHER_2-U_PROCUREMENT_JustificationBook_Army_PB_2018.zzz_unzipped-U_PROCUREMENT_JustificationBook_Army_PB_2018.xml","4fcec47d2ef2c5e454ef51ea8d74e89b75e63959a68d7baa4c0a97b8a1fc8c6e","0-650bb9c009045e11711abde04b7c1562c33348c8b5a65ec6c1b69b0f5297acd2","0","0","0","0","0","0","0","0","","","","","0-e18a6de253b1274ee6db8ab79d95fea808287e071de445d58c54611070526097","root.record.ItemExhibitList.P5Item.CostElementCategoryList.Software.NonRecurring.CostElementList.CostElement"
"TBS","TBS","2018-BASE_PROCUREMENT-2018-ARMY_OTHER_2-U_PROCUREMENT_JustificationBook_Army_PB_2018.zzz_unzipped-U_PROCUREMENT_JustificationBook_Army_PB_2018.xml","4fcec47d2ef2c5e454ef51ea8d74e89b75e63959a68d7baa4c0a97b8a1fc8c6e","0-c0fbc2b86b4d3c416271a7ec18b35f9032c87892ac272af8c86d1f99baa8954b","0","0","0","0","0","0","0","0","","","","","3-995b7c7dad4c583dc6e2f36849ae98491abc4d50c2c56dad79f94770e9256991","root.record.ItemExhibitList.P5Item.CostElementCategoryList.Software.NonRecurring.CostElementList.CostElement"
"TBS","TBS","2018-BASE_PROCUREMENT-2018-ARMY_OTHER_2-U_PROCUREMENT_JustificationBook_Army_PB_2018.zzz_unzipped-U_PROCUREMENT_JustificationBook_Army_PB_2018.xml","4fcec47d2ef2c5e454ef51ea8d74e89b75e63959a68d7baa4c0a97b8a1fc8c6e","0-72b3b8a9fe837a241e5ec89ffff1d4a3816c231aa4a89f45dc7c93022156a153","0","0","0","0","0","0","0","0","","","","","8-10a232ed609a2938246dd98a6feeb9e71d7c2e1eff578ba02fb33724c650e844","root.record.ItemExhibitList.P5Item.CostElementCategoryList.Software.NonRecurring.CostElementList.CostElement"
"TBS (IT Support to USAREUR)","Orlando, FL 32825","2018-BASE_PROCUREMENT-2018-ARMY_OTHER_3-U_PROCUREMENT_JustificationBook_Army_PB_2018.zzz_unzipped-U_PROCUREMENT_JustificationBook_Army_PB_2018.xml","613d3db5b690e83faeabb8edb3de191297ce81a72abc22ac5d15627835aa22a6","0-2b4498d47e05bb61345999bc3ce21c02b6115917ce220a001c7ac646e57aa45c","","","","","","","","","","","","","0-a3bba6baaa3917a1c04ceff6d9fc2927e3626eebc7b6a64cd07d7712093aa455","root.record.ItemExhibitList.P5Item.CostElementCategoryList.Software.NonRecurring.CostElementList.CostElement"
"To Be Determined","To Be Determined","2019-BASE_PROCUREMENT-2019-AIRFORCE_OTHER-U_PROCUREMENT_JustificationBook_Air_Force_PB_2019.zzz_unzipped-U_PROCUREMENT_JustificationBook_Air_Force_PB_2019.xml","f8a7618cde0c1c125e08bf679224400ae1f2bd3b41a0e5f1894a0c6685326fac","0-5666ed43072e4c136c4f328c0bf6d4c2caad8cf494f658ff67d68cdb70d7b364","0","8","1","9","0","0","0","0","AF Quantity FY 2019 Base MROI License quantities based on per user, per processor and enterprise level requirements.","1715.00","1715.00","1715.00","0-000cd60ed35dd52cbc1b8ce9cb8ac62dba8bcae016c90d9cb0843ed4301e8d71","root.record.ItemExhibitList.P5Item.CostElementCategoryList.Software.NonRecurring.CostElementList.CostElement"
"To Be Determined","To Be Determined","2019-BASE_PROCUREMENT-2019-AIRFORCE_OTHER-U_PROCUREMENT_JustificationBook_Air_Force_PB_2019.zzz_unzipped-U_PROCUREMENT_JustificationBook_Air_Force_PB_2019.xml","f8a7618cde0c1c125e08bf679224400ae1f2bd3b41a0e5f1894a0c6685326fac","0-ebe907cb0c035f7c2dd7997186ebf7d01276329be129f7011ff3971bde974743","0","2","1","3","0","0","0","0","","454.00","454.00","454.00","1-23ecd4aea9769b127bd892289d5fbaf5ee4c77c26a5b7321c9cf1e1ae8e21339","root.record.ItemExhibitList.P5Item.CostElementCategoryList.Software.NonRecurring.CostElementList.CostElement"
"To Be Determined","To Be Determined","2019-BASE_PROCUREMENT-2019-AIRFORCE_OTHER-U_PROCUREMENT_MasterJustificationBook_Air_Force_PB_2019.zzz_unzipped-U_PROCUREMENT_MasterJustificationBook_Air_Force_PB_2019.xml","4a25936642e06f3922888cca11fa5f826ab76a38375a7bdf787be5b07da5c5a7","0-ca754b0cf7c6b16fdf9a8ea9a7ac24869ab1c279911b18d71fdd6b5931c6652e","0","8","1","9","0","0","0","0","AF Quantity FY 2019 Base MROI License quantities based on per user, per processor and enterprise level requirements.","1715.00","1715.00","1715.00","0-1f176d65f7ca931308ffc73c58626363a105d22d5221658ed699cd3ac14eb8da","root.record.ItemExhibitList.P5Item.CostElementCategoryList.Software.NonRecurring.CostElementList.CostElement"
"To Be Determined","To Be Determined","2019-BASE_PROCUREMENT-2019-AIRFORCE_OTHER-U_PROCUREMENT_MasterJustificationBook_Air_Force_PB_2019.zzz_unzipped-U_PROCUREMENT_MasterJustificationBook_Air_Force_PB_2019.xml","4a25936642e06f3922888cca11fa5f826ab76a38375a7bdf787be5b07da5c5a7","0-aa9c595e335f625939e528d196d5789d2d21a610532622914156444516998707","0","2","1","3","0","0","0","0","","454.00","454.00","454.00","1-014476ee2cdf244b962f73a5fb325aed4b4b96b8e8bd0824490e6ec8f95f0e65","root.record.ItemExhibitList.P5Item.CostElementCategoryList.Software.NonRecurring.CostElementList.CostElement"
"Multiple Hardware/Software","Various","2019-BASE_PROCUREMENT-2019-ARMY_OTHER_2-U_PROCUREMENT_JustificationBook_Army_PB_2019.zzz_unzipped-U_PROCUREMENT_JustificationBook_Army_PB_2019.xml","864c45b21c53c303e7fd034cef75f0bb3fa0b024147cba3a39070cf23635a784","0-2e8e078c9080bb109207cb7d2b85a8cdbde319139b50be8ac4932468757d4687","","","","","","","","","","","","","0-8b1d51afa75781d496baea23252b204c71e3b013d8690381a255917098f9863b","root.record.ItemExhibitList.P5Item.CostElementCategoryList.Software.NonRecurring.CostElementList.CostElement"
"TBD","TBD","2019-BASE_PROCUREMENT-2019-ARMY_OTHER_2-U_PROCUREMENT_JustificationBook_Army_PB_2019.zzz_unzipped-U_PROCUREMENT_JustificationBook_Army_PB_2019.xml","864c45b21c53c303e7fd034cef75f0bb3fa0b024147cba3a39070cf23635a784","1-7d2a49de3e5c781686b9694acd2993aec0e9c0d1dc6db72ea328e756f8466526","","","","","","","","","","","","","0-8b1d51afa75781d496baea23252b204c71e3b013d8690381a255917098f9863b","root.record.ItemExhibitList.P5Item.CostElementCategoryList.Software.NonRecurring.CostElementList.CostElement"
"SAP","TBD","2019-BASE_PROCUREMENT-2019-ARMY_OTHER_2-U_PROCUREMENT_JustificationBook_Army_PB_2019.zzz_unzipped-U_PROCUREMENT_JustificationBook_Army_PB_2019.xml","864c45b21c53c303e7fd034cef75f0bb3fa0b024147cba3a39070cf23635a784","0-3eecc10f6265ef00e3e515522ac0366a3a97ca00e312f91ca009316804d1c59f","","","","","","","","","","","","","0-2078c3f465ec184b6bbc65e60d018d3008897133e728c1b96cbb0d1121e325b1","root.record.ItemExhibitList.P5Item.CostElementCategoryList.Software.NonRecurring.CostElementList.CostElement"
"UNICOM Government, Inc.","Chantilly, VA","2019-BASE_PROCUREMENT-2019-ARMY_OTHER_2-U_PROCUREMENT_JustificationBook_Army_PB_2019.zzz_unzipped-U_PROCUREMENT_JustificationBook_Army_PB_2019.xml","16460c7c27924b372086b35662e9cdf675b9a832b575627291fc52fa6c982e98","0-148735c3b1658cb092c871311c31fa779c8e354ed5f1cb38511b09ce2434e364","","","","","","","","","","","","","0-0baf604f4393cf7fa12ce3b9723a9c00780f2098b64b7978ef89ad883356545a","root.record.ItemExhibitList.P5Item.CostElementCategoryList.Software.NonRecurring.CostElementList.CostElement"
"TBS","TBS","2019-BASE_PROCUREMENT-2019-ARMY_OTHER_2-U_PROCUREMENT_JustificationBook_Army_PB_2019.zzz_unzipped-U_PROCUREMENT_JustificationBook_Army_PB_2019.xml","16460c7c27924b372086b35662e9cdf675b9a832b575627291fc52fa6c982e98","0-c2a1cf75d8992b3eb2bdc507d84043c5cb34920e247c77fcd9250b11992e836b","","","","","","","","","","","","","0-a4ee835517b41a7be74a0b714b1877ebcb2b6099f1936616d516da6d9e0364c3","root.record.ItemExhibitList.P5Item.CostElementCategoryList.Software.NonRecurring.CostElementList.CostElement"
"Leidos","McLean, VA","2019-BASE_PROCUREMENT-2019-ARMY_OTHER_2-U_PROCUREMENT_JustificationBook_Army_PB_2019.zzz_unzipped-U_PROCUREMENT_JustificationBook_Army_PB_2019.xml","16460c7c27924b372086b35662e9cdf675b9a832b575627291fc52fa6c982e98","1-0594d1f92d754efcd8f63a7f1cf798d2470743b36d7111cc9526e529855acd56","","","","","","","","","","","","","0-a4ee835517b41a7be74a0b714b1877ebcb2b6099f1936616d516da6d9e0364c3","root.record.ItemExhibitList.P5Item.CostElementCategoryList.Software.NonRecurring.CostElementList.CostElement"
"TBS","TBS","2019-BASE_PROCUREMENT-2019-ARMY_OTHER_2-U_PROCUREMENT_JustificationBook_Army_PB_2019.zzz_unzipped-U_PROCUREMENT_JustificationBook_Army_PB_2019.xml","16460c7c27924b372086b35662e9cdf675b9a832b575627291fc52fa6c982e98","0-7b75115f051e77f08c2d9100fcd4fff693904926ff00c83ea305bfd2f9c711bc","","","","","","","","","","","","","3-114183f9bb8d0425c2865b6b3826fb987af210c4bd3e6d49672b56c71837adbf","root.record.ItemExhibitList.P5Item.CostElementCategoryList.Software.NonRecurring.CostElementList.CostElement"
"TBS","TBS","2019-BASE_PROCUREMENT-2019-ARMY_OTHER_2-U_PROCUREMENT_JustificationBook_Army_PB_2019.zzz_unzipped-U_PROCUREMENT_JustificationBook_Army_PB_2019.xml","16460c7c27924b372086b35662e9cdf675b9a832b575627291fc52fa6c982e98","0-d6122c1453024749a267d880ce2507818abda83c0cb96ed070e32db614451bb0","","","","","","","","","","","","","7-3f40b8c4f050a113d63a003c54e5c6b78f5a3b27953a7107404befe6b5fbdb73","root.record.ItemExhibitList.P5Item.CostElementCategoryList.Software.NonRecurring.CostElementList.CostElement"
"TBS","TBS","2019-BASE_PROCUREMENT-2019-ARMY_OTHER_2-U_PROCUREMENT_JustificationBook_Army_PB_2019.zzz_unzipped-U_PROCUREMENT_JustificationBook_Army_PB_2019.xml","16460c7c27924b372086b35662e9cdf675b9a832b575627291fc52fa6c982e98","0-0b09f945fceff70dd254ea7eb149de0946259046100c5a4aabb29294a2385ef3","","","","","","","","","","","","","8-a4b388af567159d6d192721b74067a2a24d4d9a86c97d2903784224f1561e341","root.record.ItemExhibitList.P5Item.CostElementCategoryList.Software.NonRecurring.CostElementList.CostElement"
"Affigent LLC","Herndon, VA","2019-BASE_PROCUREMENT-2019-ARMY_OTHER_2-U_PROCUREMENT_JustificationBook_Army_PB_2019.zzz_unzipped-U_PROCUREMENT_JustificationBook_Army_PB_2019.xml","16460c7c27924b372086b35662e9cdf675b9a832b575627291fc52fa6c982e98","0-2d47a5d7f62d53cfa1eeb99cec9ca9e9dea55553900238a2fe66e4a8c3144566","","","","","","","","","","","","","1-3a9990bce532e56a9bd628dc4fa5fea523463f8020ddae3b13172ae41f84325e","root.record.ItemExhibitList.P5Item.CostElementCategoryList.Software.NonRecurring.CostElementList.CostElement"
"World Wide Technology","Maryland Heights, MO","2019-BASE_PROCUREMENT-2019-ARMY_OTHER_2-U_PROCUREMENT_JustificationBook_Army_PB_2019.zzz_unzipped-U_PROCUREMENT_JustificationBook_Army_PB_2019.xml","16460c7c27924b372086b35662e9cdf675b9a832b575627291fc52fa6c982e98","0-d93464481ee3c5181a74e2b1b4694f5f0b5f3c7027508ceabcad494683a31eee","","","","","","","","","","","","","2-02a08437fdab7a70efd880700b5b05a251ce7b8bc5fa7ad2126c79ce40ed6607","root.record.ItemExhibitList.P5Item.CostElementCategoryList.Software.NonRecurring.CostElementList.CostElement"
"Four LLC","Herndon, VA","2019-BASE_PROCUREMENT-2019-ARMY_OTHER_2-U_PROCUREMENT_JustificationBook_Army_PB_2019.zzz_unzipped-U_PROCUREMENT_JustificationBook_Army_PB_2019.xml","16460c7c27924b372086b35662e9cdf675b9a832b575627291fc52fa6c982e98","1-f15efe22d560903463f6b52f7f62478f015c50ac71043afb63ff90f8af646402","","","","","","","","","","","","","2-02a08437fdab7a70efd880700b5b05a251ce7b8bc5fa7ad2126c79ce40ed6607","root.record.ItemExhibitList.P5Item.CostElementCategoryList.Software.NonRecurring.CostElementList.CostElement"
"Various SW Manufacturers","Various","2019-BASE_PROCUREMENT-2019-ARMY_OTHER_2-U_PROCUREMENT_JustificationBook_Army_PB_2019.zzz_unzipped-U_PROCUREMENT_JustificationBook_Army_PB_2019.xml","76cd21f8f78640c01ef5294e9e647e06af1a0c62c081ebb0f1e92f8f63cfcac1","0-c54f4a1a05a87f8842cdf71404bff48a9641c9829509e43a1d269fd07914f0b3","","","","","","","","","","","","","0-050c68978ac2e344975090bc1acbfc2580079138fd64e6cf9983c4693295fe29","root.record.ItemExhibitList.P5Item.CostElementCategoryList.Software.NonRecurring.CostElementList.CostElement"
"TBS (ERI Targetry)","Orlando, FL 32825","2019-BASE_PROCUREMENT-2019-ARMY_OTHER_3-4-U_PROCUREMENT_JustificationBook_Army_PB_2019.zzz_unzipped-U_PROCUREMENT_JustificationBook_Army_PB_2019.xml","1d0b02e6570e2975253fdf442e253fb3e971dcc6537280f554af05f8d7e873c0","0-25b543fa937dfd05d488d698009eed5a6b7919e8931908eb84f145a98f787164","","","","","","","","","","","","","0-f544a206e0c058df1f9b08afae4add9be9cf722ac202b6f0e56038dcdfb2989b","root.record.ItemExhibitList.P5Item.CostElementCategoryList.Software.NonRecurring.CostElementList.CostElement"
"TBD","TBD","2020-BASE_PROCUREMENT-2020-ARMY_OTHER_2-U_PROCUREMENT_JustificationBook_Army_PB_2020.zzz_unzipped-U_PROCUREMENT_JustificationBook_Army_PB_2020.xml","b2891a2bda07367ccf2b8dbf394c670aeb2803bf06070484c4f661ee0f471972","0-456456acda3910e8116a662350fcd6c1de936d211993e9f700d4436713c5024b","","","","","","","","","","","","","0-c1f7d0a526bda1a73225b0926b36e478bc263cc798105dbde1cd8ff120718686","root.record.ItemExhibitList.P5Item.CostElementCategoryList.Software.NonRecurring.CostElementList.CostElement"
"TBS","TBS","2020-BASE_PROCUREMENT-2020-ARMY_OTHER_2-U_PROCUREMENT_JustificationBook_Army_PB_2020.zzz_unzipped-U_PROCUREMENT_JustificationBook_Army_PB_2020.xml","b88d7323f0c39487e5559446b30366f2a4b0cc7b20a8d7e248026f47c8d027bd","0-704df829c6b811031051de9274b6d8f8d9c346d75bc82fd573df298e35a4b714","","","","","","","","","","","","","0-c65a17366b0c17663e776a04db556a243ac762887730dc985f81c72406368888","root.record.ItemExhibitList.P5Item.CostElementCategoryList.Software.NonRecurring.CostElementList.CostElement"
"Battlefield System Engineering Services","Atlanta, GA","2020-BASE_PROCUREMENT-2020-ARMY_OTHER_2-U_PROCUREMENT_JustificationBook_Army_PB_2020.zzz_unzipped-U_PROCUREMENT_JustificationBook_Army_PB_2020.xml","b88d7323f0c39487e5559446b30366f2a4b0cc7b20a8d7e248026f47c8d027bd","1-e9dbb4b6f0c423121b2cbf903ca72d3a77cff12b78600e7026a15d2f3245edeb","","","","","","","","","","","","","0-c65a17366b0c17663e776a04db556a243ac762887730dc985f81c72406368888","root.record.ItemExhibitList.P5Item.CostElementCategoryList.Software.NonRecurring.CostElementList.CostElement"
"TBS","TBS","2020-BASE_PROCUREMENT-2020-ARMY_OTHER_2-U_PROCUREMENT_JustificationBook_Army_PB_2020.zzz_unzipped-U_PROCUREMENT_JustificationBook_Army_PB_2020.xml","b88d7323f0c39487e5559446b30366f2a4b0cc7b20a8d7e248026f47c8d027bd","0-404e0ac18343b207ebe7a06b4cbd909566f537e576f4005a2e0b237b2c8b3941","","","","","","","","","","","","","0-34bde6e5fc0ee5ed17c6c25ea68586955a4423624d445ce9b9318ab5c58dd79b","root.record.ItemExhibitList.P5Item.CostElementCategoryList.Software.NonRecurring.CostElementList.CostElement"
"Affigent, LLC","Herndon, VA","2020-BASE_PROCUREMENT-2020-ARMY_OTHER_2-U_PROCUREMENT_JustificationBook_Army_PB_2020.zzz_unzipped-U_PROCUREMENT_JustificationBook_Army_PB_2020.xml","b88d7323f0c39487e5559446b30366f2a4b0cc7b20a8d7e248026f47c8d027bd","0-5f1e9f55ee35d78b18efd9fd05fed8606bc568a23d08189be2ca2b4fd21c56f3","","","","","","","","","","","","","3-b2ec7650f4ef7fd240960638f981f8df81196b762e33746cad3ec707d1628ccf","root.record.ItemExhibitList.P5Item.CostElementCategoryList.Software.NonRecurring.CostElementList.CostElement"
"TBS","TBS","2020-BASE_PROCUREMENT-2020-ARMY_OTHER_2-U_PROCUREMENT_JustificationBook_Army_PB_2020.zzz_unzipped-U_PROCUREMENT_JustificationBook_Army_PB_2020.xml","b88d7323f0c39487e5559446b30366f2a4b0cc7b20a8d7e248026f47c8d027bd","0-b27116cceff00a8b2dc40a1f9973a99419e2d7c60826fd816b1ae2b686aa7cb7","","","","","","","","","","","","","7-aefe685c2ecde57012593b65314182bbe9884345ef2f07b380566ca9f585575d","root.record.ItemExhibitList.P5Item.CostElementCategoryList.Software.NonRecurring.CostElementList.CostElement"
"TBS","TBS","2020-BASE_PROCUREMENT-2020-ARMY_OTHER_2-U_PROCUREMENT_JustificationBook_Army_PB_2020.zzz_unzipped-U_PROCUREMENT_JustificationBook_Army_PB_2020.xml","b88d7323f0c39487e5559446b30366f2a4b0cc7b20a8d7e248026f47c8d027bd","0-3f3c40c6ec757e0dd07109cd6cca8f6abb6850944cc1290a5f3c68cc142893a7","","","","","","","","","","","","","3-8dac006bc9bb4b4d64d125ed7fccebb2b496ebaa5bd53bf4a42c4bb7a93ad2da","root.record.ItemExhibitList.P5Item.CostElementCategoryList.Software.NonRecurring.CostElementList.CostElement"
"Various SW Manufacturers","Various","2020-BASE_PROCUREMENT-2020-ARMY_OTHER_2-U_PROCUREMENT_JustificationBook_Army_PB_2020.zzz_unzipped-U_PROCUREMENT_JustificationBook_Army_PB_2020.xml","51236519ecb09c8b6ba737c7b761a5796e49ba02390051435c0a6b218da0ee54","0-ab938250ad3db403151df6cb5bb1a9582faaef4ed419338f400ea31450c106e3","","","","","","","","","","","","","0-87279db5aa4f78e3a96b718560aa0ed464521d9441f8dd85f5887e3e63a69bd3","root.record.ItemExhibitList.P5Item.CostElementCategoryList.Software.NonRecurring.CostElementList.CostElement"
"TBS (ERI Targetry)","Orlando, FL 32825","2020-BASE_PROCUREMENT-2020-ARMY_OTHER_3-4-U_PROCUREMENT_JustificationBook_Army_PB_2020.zzz_unzipped-U_PROCUREMENT_JustificationBook_Army_PB_2020.xml","75d6b5f9a3714a351adfe57397475b1716c9ab36d18146dce8d31a64a25ee33b","0-0277b61e0044a60fe943e37719aeb4ae799f2fcf9f9e699d0f120d43fff65c18","","","","","","","","","","","","","0-46cdfb924256a79077372a6ecee4b5250650277ef257cd0c33f735c21b8efe13","root.record.ItemExhibitList.P5Item.CostElementCategoryList.Software.NonRecurring.CostElementList.CostElement"
