Name_val,Location_val,@SOURCE_FILENAME,@RECORDID,@ROWID,InitialQuantity_AdminLeadTimeBeforeOct1InMonths_val,InitialQuantity_AdminLeadTimeAfterOct1InMonths_val,InitialQuantity_ProductionLeadTimeAfterOct1InMonths_val,InitialQuantity_TotalLeadTimeAfterOct1InMonths_val,ReorderQuantity_AdminLeadTimeBeforeOct1InMonths_val,ReorderQuantity_AdminLeadTimeAfterOct1InMonths_val,ReorderQuantity_ProductionLeadTimeAfterOct1InMonths_val,ReorderQuantity_TotalLeadTimeAfterOct1InMonths_val,MinimumSustainingRate_@footnote,MinimumSustainingRate_val,MaximumProductionRate_val,Rate185_val,@PARENTROWID,@PARENT
"Lockheed Martin Space Systems","Sunnyvale, CA","2013-BASE_PROCUREMENT-2013-AIRFORCE_OTHER-JustificationBook_Air_Force_PB_2013.zzz_unzipped-JustificationBook_Air_Force_PB_2013.xml","db620a4c1c8a130dd60c948f738fd17d49a1d22f36178245b87b9fa092c86953","0-92493ef9f763dab81bcd5772b5ce25b06ce32e704165911c899f83bca993e0bc","","","","","","","","","","","","","0-4337bde2742cf3085a79590d290bd3b11f5d0f3085bcf3e28bed47142dda06b4","root.record.ItemExhibitList.P5Item.CostElementCategoryList.Software.NonRecurring.CostElementList.CostElement"
"Lockheed Martin Space Systems","Sunnyvale, CA","2013-BASE_PROCUREMENT-2013-AIRFORCE_OTHER-JustificationBook_Air_Force_PB_2013.zzz_unzipped-JustificationBook_Air_Force_PB_2013.xml","db620a4c1c8a130dd60c948f738fd17d49a1d22f36178245b87b9fa092c86953","0-22b8c3b0c68cfd34be59d1128a881525e7de7dca087127d3eb1d20b299c3cfd4","","","","","","","","","","","","","0-b1529367b11f3e1e783817d4b2425410dd6f0926cb54751bf3ca61129ca46de7","root.record.ItemExhibitList.P5Item.CostElementCategoryList.Software.NonRecurring.CostElementList.CostElement"
"Lockheed Martin Space Systems","Sunnyvale, CA","2013-BASE_PROCUREMENT-2013-AIRFORCE_OTHER-MasterJustificationBook_Air_Force_PB_2013.zzz_unzipped-MasterJustificationBook_Air_Force_PB_2013.xml","8a400c2fef47d9b788224f8887bcec41dd3e6a41b162e420da864434d320ae95","0-7221eafe72f79d7bda2d3381aa5924eddebdbb7a478cf18d11a538e511b922f0","","","","","","","","","","","","","0-507879c1c34b1dbb93f3da53300503b4e1cf2c62233270d0c63522bc0e3be9c3","root.record.ItemExhibitList.P5Item.CostElementCategoryList.Software.NonRecurring.CostElementList.CostElement"
"Lockheed Martin Space Systems","Sunnyvale, CA","2013-BASE_PROCUREMENT-2013-AIRFORCE_OTHER-MasterJustificationBook_Air_Force_PB_2013.zzz_unzipped-MasterJustificationBook_Air_Force_PB_2013.xml","8a400c2fef47d9b788224f8887bcec41dd3e6a41b162e420da864434d320ae95","0-c9c96d318b83e39020e6b0c97a32e71af17004824329ac20e1cc10fc60108d6e","","","","","","","","","","","","","0-8b31c53b80558bf7f02f70ded911308d06cfcd9246ad04977cc6b80d069c1146","root.record.ItemExhibitList.P5Item.CostElementCategoryList.Software.NonRecurring.CostElementList.CostElement"
"TBS","TBS","2013-BASE_PROCUREMENT-2013-ARMY_OTHER_2-JustificationBook_Army_PB_2013.zzz_unzipped-JustificationBook_Army_PB_2013.xml","72202fbc686aa20f8ea0ad38b75e2ffc5e13a3c32146dd2ace23e064232dfed4","0-717d2714e65d3ba73c4b5a660fe732378b1b6a3591f4489d83c18190cb8208d5","0","0","0","0","0","0","0","0","","","","","0-f5eaeafca01f2908502c57b151b16fba13aedcd471cfae772154444b615e27d8","root.record.ItemExhibitList.P5Item.CostElementCategoryList.Software.NonRecurring.CostElementList.CostElement"
"SAIC Defense Solution Services","McLean, VA","2013-BASE_PROCUREMENT-2013-ARMY_OTHER_2-JustificationBook_Army_PB_2013.zzz_unzipped-JustificationBook_Army_PB_2013.xml","72202fbc686aa20f8ea0ad38b75e2ffc5e13a3c32146dd2ace23e064232dfed4","0-5616252434f667522d4ef0322048a38a4674dd4508858d00fd788679c7b1ff90","0","0","0","0","0","0","0","0","","","","","0-98dca43eae189882ebf1aa54dac282bd1e2a4930943ef888d130e6232c816764","root.record.ItemExhibitList.P5Item.CostElementCategoryList.Software.NonRecurring.CostElementList.CostElement"
"TBS","TBS","2013-BASE_PROCUREMENT-2013-ARMY_OTHER_2-JustificationBook_Army_PB_2013.zzz_unzipped-JustificationBook_Army_PB_2013.xml","72202fbc686aa20f8ea0ad38b75e2ffc5e13a3c32146dd2ace23e064232dfed4","1-ba14a2d30e8432886639107e6eb2de2f4c3d5f2d55bf46355a50b5748b0621c1","0","0","0","0","0","0","0","0","","","","","0-98dca43eae189882ebf1aa54dac282bd1e2a4930943ef888d130e6232c816764","root.record.ItemExhibitList.P5Item.CostElementCategoryList.Software.NonRecurring.CostElementList.CostElement"
"Iron Bow Technologies, Inc.","Chantilly, VA","2013-BASE_PROCUREMENT-2013-ARMY_OTHER_2-JustificationBook_Army_PB_2013.zzz_unzipped-JustificationBook_Army_PB_2013.xml","72202fbc686aa20f8ea0ad38b75e2ffc5e13a3c32146dd2ace23e064232dfed4","0-d9ab34759b2bc0243d84de5fd97271ae2db35cbdc7dfa70b20028ff6f6f05e27","0","0","0","0","0","0","0","0","","","","","0-983d103813d963f373a4e30a0239c3d5a1c1b10a3ae002368b4266792ddd0435","root.record.ItemExhibitList.P5Item.CostElementCategoryList.Software.NonRecurring.CostElementList.CostElement"
"TBS","TBS","2013-BASE_PROCUREMENT-2013-ARMY_OTHER_2-JustificationBook_Army_PB_2013.zzz_unzipped-JustificationBook_Army_PB_2013.xml","72202fbc686aa20f8ea0ad38b75e2ffc5e13a3c32146dd2ace23e064232dfed4","1-291183f28ad99675c928a0e11321692816a11652ed1533f93b371673de275fab","0","0","0","0","0","0","0","0","","","","","0-983d103813d963f373a4e30a0239c3d5a1c1b10a3ae002368b4266792ddd0435","root.record.ItemExhibitList.P5Item.CostElementCategoryList.Software.NonRecurring.CostElementList.CostElement"
"Lockheed Martin","Sea Brook, MD","2013-BASE_PROCUREMENT-2013-ARMY_OTHER_2-JustificationBook_Army_PB_2013.zzz_unzipped-JustificationBook_Army_PB_2013.xml","72202fbc686aa20f8ea0ad38b75e2ffc5e13a3c32146dd2ace23e064232dfed4","0-6cdd87e512a205c7c5f21818f7ad246dc5f153a2e52794ff60e75f824fdae897","0","0","0","0","0","0","0","0","","","","","1-1727229f30e0ded3e7584e75baa5c0ba4a835ba8880ed7add065ddae87696a16","root.record.ItemExhibitList.P5Item.CostElementCategoryList.Software.NonRecurring.CostElementList.CostElement"
"TBS","TBS","2013-BASE_PROCUREMENT-2013-ARMY_OTHER_2-JustificationBook_Army_PB_2013.zzz_unzipped-JustificationBook_Army_PB_2013.xml","72202fbc686aa20f8ea0ad38b75e2ffc5e13a3c32146dd2ace23e064232dfed4","1-1f6ec4be2db4b94bc4d1d887bedb81a8187b6321e253e8239eec3b68a348da54","0","0","0","0","0","0","0","0","","","","","1-1727229f30e0ded3e7584e75baa5c0ba4a835ba8880ed7add065ddae87696a16","root.record.ItemExhibitList.P5Item.CostElementCategoryList.Software.NonRecurring.CostElementList.CostElement"
"Corp of Engineers","Baltimore, MD","2013-BASE_PROCUREMENT-2013-ARMY_OTHER_2-JustificationBook_Army_PB_2013.zzz_unzipped-JustificationBook_Army_PB_2013.xml","72202fbc686aa20f8ea0ad38b75e2ffc5e13a3c32146dd2ace23e064232dfed4","0-9d05e5e42b8b23080ac0795c0d94338295608feac0ec218dc1a6a2b9c2bc9d07","0","0","0","0","0","0","0","0","","","","","2-d2625b796311251a5153116534fa086247f4595f5c467e0d6f5c1057a0e75b4e","root.record.ItemExhibitList.P5Item.CostElementCategoryList.Software.NonRecurring.CostElementList.CostElement"
"TBS","TBS","2013-BASE_PROCUREMENT-2013-ARMY_OTHER_2-JustificationBook_Army_PB_2013.zzz_unzipped-JustificationBook_Army_PB_2013.xml","72202fbc686aa20f8ea0ad38b75e2ffc5e13a3c32146dd2ace23e064232dfed4","1-d91ba9d99bf7fe5a93eea91e5d6d06127bf2e8d9557047c209f969c7fc42e90d","0","0","0","0","0","0","0","0","","","","","2-d2625b796311251a5153116534fa086247f4595f5c467e0d6f5c1057a0e75b4e","root.record.ItemExhibitList.P5Item.CostElementCategoryList.Software.NonRecurring.CostElementList.CostElement"
"TBS","TBS","2013-BASE_PROCUREMENT-2013-ARMY_OTHER_2-JustificationBook_Army_PB_2013.zzz_unzipped-JustificationBook_Army_PB_2013.xml","72202fbc686aa20f8ea0ad38b75e2ffc5e13a3c32146dd2ace23e064232dfed4","0-e66b4569e2f9e23e8189d68521869952a6080d58297fefb2f435355edbdf3aac","0","0","0","0","0","0","0","0","","","","","1-676755b83dcbaf523a3262ab7e294c278888e123cc2863c7dc4ea08852b4ddf7","root.record.ItemExhibitList.P5Item.CostElementCategoryList.Software.NonRecurring.CostElementList.CostElement"
"DRS Technical Svcs","Herndon, VA","2013-BASE_PROCUREMENT-2013-ARMY_OTHER_2-JustificationBook_Army_PB_2013.zzz_unzipped-JustificationBook_Army_PB_2013.xml","72202fbc686aa20f8ea0ad38b75e2ffc5e13a3c32146dd2ace23e064232dfed4","0-d1ed073ce52c7d8f6f03db2d2c75f69d69ab49044f45790aec89a1093c6314ba","0","0","0","0","0","0","0","0","","","","","2-11b721915fccd5980a0ef5d393c3de18990c61eddf866435ebb0a1de86c3b4d1","root.record.ItemExhibitList.P5Item.CostElementCategoryList.Software.NonRecurring.CostElementList.CostElement"
"TBS","TBS","2013-BASE_PROCUREMENT-2013-ARMY_OTHER_2-JustificationBook_Army_PB_2013.zzz_unzipped-JustificationBook_Army_PB_2013.xml","72202fbc686aa20f8ea0ad38b75e2ffc5e13a3c32146dd2ace23e064232dfed4","1-cd3162e4587fd80378d2c659a5d0cc3fd1eadeb89b27cbae8858164557ef65b0","0","0","0","0","0","0","0","0","","","","","2-11b721915fccd5980a0ef5d393c3de18990c61eddf866435ebb0a1de86c3b4d1","root.record.ItemExhibitList.P5Item.CostElementCategoryList.Software.NonRecurring.CostElementList.CostElement"
"Snap, Inc.","Chantilly, VA","2013-BASE_PROCUREMENT-2013-ARMY_OTHER_2-JustificationBook_Army_PB_2013.zzz_unzipped-JustificationBook_Army_PB_2013.xml","72202fbc686aa20f8ea0ad38b75e2ffc5e13a3c32146dd2ace23e064232dfed4","0-d69fbad05329b04feb78c38371e29c1bfb4493b800505e063d9454ed1848f50e","0","0","0","0","0","0","0","0","","","","","3-3d7c96a0fea61becfe25cd81d42799a66e1907acc1d8667efea607debdbcfc6f","root.record.ItemExhibitList.P5Item.CostElementCategoryList.Software.NonRecurring.CostElementList.CostElement"
"TBS","TBS","2013-BASE_PROCUREMENT-2013-ARMY_OTHER_2-JustificationBook_Army_PB_2013.zzz_unzipped-JustificationBook_Army_PB_2013.xml","72202fbc686aa20f8ea0ad38b75e2ffc5e13a3c32146dd2ace23e064232dfed4","1-c8559e600339513100d1f4514b0feec4292c98cb57ed9e161a59180febca265a","0","0","0","0","0","0","0","0","","","","","3-3d7c96a0fea61becfe25cd81d42799a66e1907acc1d8667efea607debdbcfc6f","root.record.ItemExhibitList.P5Item.CostElementCategoryList.Software.NonRecurring.CostElementList.CostElement"
"Dell Federal Systems LP","Rock Round, TX","2013-BASE_PROCUREMENT-2013-ARMY_OTHER_2-JustificationBook_Army_PB_2013.zzz_unzipped-JustificationBook_Army_PB_2013.xml","72202fbc686aa20f8ea0ad38b75e2ffc5e13a3c32146dd2ace23e064232dfed4","0-a51e100c578aacfffe29e9fb2ed4882bb9d3f44152cebe863f30a33c4557bcc1","0","0","0","0","0","0","0","0","","","","","4-4e8d32476ad03cb872b2b7a59a41ee583e802252dda4ad4d5c383dcd52d32ffa","root.record.ItemExhibitList.P5Item.CostElementCategoryList.Software.NonRecurring.CostElementList.CostElement"
"TBS","TBS","2013-BASE_PROCUREMENT-2013-ARMY_OTHER_2-JustificationBook_Army_PB_2013.zzz_unzipped-JustificationBook_Army_PB_2013.xml","72202fbc686aa20f8ea0ad38b75e2ffc5e13a3c32146dd2ace23e064232dfed4","1-083e3b402aabd34d1c2c371d14081d032881ebd3928a63fd2f7080cd4edced3a","0","0","0","0","0","0","0","0","","","","","4-4e8d32476ad03cb872b2b7a59a41ee583e802252dda4ad4d5c383dcd52d32ffa","root.record.ItemExhibitList.P5Item.CostElementCategoryList.Software.NonRecurring.CostElementList.CostElement"
"World Wide Technology","Maryland Heights, MO","2013-BASE_PROCUREMENT-2013-ARMY_OTHER_2-JustificationBook_Army_PB_2013.zzz_unzipped-JustificationBook_Army_PB_2013.xml","72202fbc686aa20f8ea0ad38b75e2ffc5e13a3c32146dd2ace23e064232dfed4","0-7eb43e93d769f50da2ce8112741edcca4ec745ef9ca827fdaca5ca45b5414c90","0","0","0","0","0","0","0","0","","","","","5-526b4438bec9221db9851431eac7a9cccfb0986fbe8b67ecee59f39d8aef0524","root.record.ItemExhibitList.P5Item.CostElementCategoryList.Software.NonRecurring.CostElementList.CostElement"
"TBS","TBS","2013-BASE_PROCUREMENT-2013-ARMY_OTHER_2-JustificationBook_Army_PB_2013.zzz_unzipped-JustificationBook_Army_PB_2013.xml","72202fbc686aa20f8ea0ad38b75e2ffc5e13a3c32146dd2ace23e064232dfed4","1-e87eae14a90afa91bd777fab1f4580fa9f2229a44746297f0b3894474c2cbc18","0","0","0","0","0","0","0","0","","","","","5-526b4438bec9221db9851431eac7a9cccfb0986fbe8b67ecee59f39d8aef0524","root.record.ItemExhibitList.P5Item.CostElementCategoryList.Software.NonRecurring.CostElementList.CostElement"
"TBS","TBS","2013-BASE_PROCUREMENT-2013-ARMY_OTHER_2-JustificationBook_Army_PB_2013.zzz_unzipped-JustificationBook_Army_PB_2013.xml","72202fbc686aa20f8ea0ad38b75e2ffc5e13a3c32146dd2ace23e064232dfed4","0-260965576162ef1da76fbd70c5336677a176e78493ab4decbc7214169e5a98e8","0","0","0","0","0","0","0","0","","","","","6-f8355431c014312ca14b1a8174e1045fffd6f7e44355363ddee9df6a9102d6cc","root.record.ItemExhibitList.P5Item.CostElementCategoryList.Software.NonRecurring.CostElementList.CostElement"
"TBS","TBS","2013-BASE_PROCUREMENT-2013-ARMY_OTHER_2-JustificationBook_Army_PB_2013.zzz_unzipped-JustificationBook_Army_PB_2013.xml","72202fbc686aa20f8ea0ad38b75e2ffc5e13a3c32146dd2ace23e064232dfed4","0-e26b89ee2468ee89cc0bf01c034f65c45d8bc8b85606ee054ec66572d921ce34","0","0","0","0","0","0","0","0","","","","","7-bcf21227aa94da692ee5547abd0a4de360b6715edbad763732c474af78133f3d","root.record.ItemExhibitList.P5Item.CostElementCategoryList.Software.NonRecurring.CostElementList.CostElement"
"TBS","TBS","2013-BASE_PROCUREMENT-2013-ARMY_OTHER_2-JustificationBook_Army_PB_2013.zzz_unzipped-JustificationBook_Army_PB_2013.xml","72202fbc686aa20f8ea0ad38b75e2ffc5e13a3c32146dd2ace23e064232dfed4","0-ea374d4ab07b27a4ff3de9337f9aeadb2dbb99af26727d1dbbd76d0170562f6b","0","0","0","0","0","0","0","0","","","","","8-30abe508893a9934f55eed367e87203aa1a6b34e6f1da33510158c43e2f50cfb","root.record.ItemExhibitList.P5Item.CostElementCategoryList.Software.NonRecurring.CostElementList.CostElement"
"TBS","TBS","2013-BASE_PROCUREMENT-2013-ARMY_OTHER_2-JustificationBook_Army_PB_2013.zzz_unzipped-JustificationBook_Army_PB_2013.xml","72202fbc686aa20f8ea0ad38b75e2ffc5e13a3c32146dd2ace23e064232dfed4","0-bf7040134273a9b4b89f1fd4c94c7f6cd78b0de03965e039de122573c36eb6b4","0","0","0","0","0","0","0","0","","","","","9-d443709cf362045c8b8b6a1fa2a00965ae761557f62f713f87eeab6b61e4d8f7","root.record.ItemExhibitList.P5Item.CostElementCategoryList.Software.NonRecurring.CostElementList.CostElement"
"TBS","TBS","2013-BASE_PROCUREMENT-2013-ARMY_OTHER_2-JustificationBook_Army_PB_2013.zzz_unzipped-JustificationBook_Army_PB_2013.xml","72202fbc686aa20f8ea0ad38b75e2ffc5e13a3c32146dd2ace23e064232dfed4","0-c7a79026ed2991f3199f55ca46d7e521718250a734cf8d7bef6ef68288150dc1","0","0","0","0","0","0","0","0","","","","","10-14d11b82554bffd708eb256112882361db0aac34f05cf6305f9030cf7e55bd02","root.record.ItemExhibitList.P5Item.CostElementCategoryList.Software.NonRecurring.CostElementList.CostElement"
"TBS","TBS","2013-BASE_PROCUREMENT-2013-ARMY_OTHER_2-JustificationBook_Army_PB_2013.zzz_unzipped-JustificationBook_Army_PB_2013.xml","72202fbc686aa20f8ea0ad38b75e2ffc5e13a3c32146dd2ace23e064232dfed4","0-a1976410fe52d7bb3760acc409af4c640524748ace74280d3d7b9c99740095a3","0","0","0","0","0","0","0","0","","","","","11-1670c2acc9f076f87eb46441f0642e507a2388571b820963e95b0c61b3fdf8b7","root.record.ItemExhibitList.P5Item.CostElementCategoryList.Software.NonRecurring.CostElementList.CostElement"
"TBS","TBS","2013-BASE_PROCUREMENT-2013-ARMY_OTHER_2-JustificationBook_Army_PB_2013.zzz_unzipped-JustificationBook_Army_PB_2013.xml","72202fbc686aa20f8ea0ad38b75e2ffc5e13a3c32146dd2ace23e064232dfed4","0-5f36fa87fe2a142a443538511c27ddfc591eefef2146e3d382d1562d8c93b8bd","0","0","0","0","0","0","0","0","","","","","12-4fa759272b44b685c1065eed04a374b2e9f6f148780185ab184f2709304850ca","root.record.ItemExhibitList.P5Item.CostElementCategoryList.Software.NonRecurring.CostElementList.CostElement"
"TBS","TBS","2013-BASE_PROCUREMENT-2013-ARMY_OTHER_2-JustificationBook_Army_PB_2013.zzz_unzipped-JustificationBook_Army_PB_2013.xml","72202fbc686aa20f8ea0ad38b75e2ffc5e13a3c32146dd2ace23e064232dfed4","0-53ef83c31e47454ddf88d3a4e7dfcfa0fd521e4f5534dcf5b1cb5f1b78203ee8","0","0","0","0","0","0","0","0","","","","","0-6a7975cabb3d04aac35d8634cbb0c3542b7f77cac9ccaf7598c63b2f4510885c","root.record.ItemExhibitList.P5Item.CostElementCategoryList.Software.NonRecurring.CostElementList.CostElement"
"Mythics","Virginia Beach, VA","2013-BASE_PROCUREMENT-2013-ARMY_OTHER_2-JustificationBook_Army_PB_2013.zzz_unzipped-JustificationBook_Army_PB_2013.xml","72202fbc686aa20f8ea0ad38b75e2ffc5e13a3c32146dd2ace23e064232dfed4","0-f76e19865a9839c5305019ab9c15b00b7d202ccc05e0df0ff3053d284d7d3aac","0","0","0","0","0","0","0","0","","","","","1-3d59a54c2395723a23c4115a85f73222c93df4fc3d63d47ae17b2aff4230c6a0","root.record.ItemExhibitList.P5Item.CostElementCategoryList.Software.NonRecurring.CostElementList.CostElement"
"TBS","TBS","2013-BASE_PROCUREMENT-2013-ARMY_OTHER_2-JustificationBook_Army_PB_2013.zzz_unzipped-JustificationBook_Army_PB_2013.xml","72202fbc686aa20f8ea0ad38b75e2ffc5e13a3c32146dd2ace23e064232dfed4","1-02ee42d11adc01e105120b65aebd5ee6fdda7e8d703c97d5eeb724c372aec462","0","0","0","0","0","0","0","0","","","","","1-3d59a54c2395723a23c4115a85f73222c93df4fc3d63d47ae17b2aff4230c6a0","root.record.ItemExhibitList.P5Item.CostElementCategoryList.Software.NonRecurring.CostElementList.CostElement"
"Rockwell-Collins","Richardson, TX","2014-BASE_PROCUREMENT-2014-AIRFORCE_OTHER-PROCUREMENT_JustificationBook_Air_Force_PB_2014.zzz_unzipped-PROCUREMENT_JustificationBook_Air_Force_PB_2014.xml","7ee66450215aa07e5fc5e2f7586e96df772899f668f3a8a5c59985ebc55d7351","0-f8840685fbc56471bf5bf5f9516ae2c5f2518be9441a561c557809a32fb1a108","","","","","","","","","","","","","5-16bc200f3cbbcb1e6e3d10e718889a3fbb07573a7881c24818fc00985bdbe578","root.record.ItemExhibitList.P5Item.CostElementCategoryList.Software.NonRecurring.CostElementList.CostElement"
"Rockwell-Collins","Richardson, TX","2014-BASE_PROCUREMENT-2014-AIRFORCE_OTHER-PROCUREMENT_MasterJustificationBook_Air_Force_PB_2014.zzz_unzipped-PROCUREMENT_MasterJustificationBook_Air_Force_PB_2014.xml","7e13f1f4256aedd194be0beb65b8fc8b222c74d5ea80d6a83a2e4353d3d903b1","0-93fae805fc8b05de27e89004511168d4c69f41d5e10d3fa19f0d0b5c6af46970","","","","","","","","","","","","","5-760fb4cd0c194da1ab560ed27608083664c64839ff21a009eb965aa516459a48","root.record.ItemExhibitList.P5Item.CostElementCategoryList.Software.NonRecurring.CostElementList.CostElement"
"SAIC Defense Solution Services","McLean, VA","2014-BASE_PROCUREMENT-2014-ARMY_OTHER_2-PROCUREMENT_JustificationBook_Army_PB_2014.zzz_unzipped-PROCUREMENT_JustificationBook_Army_PB_2014.xml","67071f71009ab11469c26da696e0ae2604f627ae46a7ffdcb7d3fa6a96a5fd24","0-d911ba2bb2e5d65afbfea031c8002ce3932a0d89e80878672bc95abb9f9cd385","0","0","0","0","0","0","0","0","","","","","0-1e678d5de0e3801a9728ce99b9ec0ef4b9f68d6bc8a7725b6381ad1fccfedf65","root.record.ItemExhibitList.P5Item.CostElementCategoryList.Software.NonRecurring.CostElementList.CostElement"
"TBS","TBS","2014-BASE_PROCUREMENT-2014-ARMY_OTHER_2-PROCUREMENT_JustificationBook_Army_PB_2014.zzz_unzipped-PROCUREMENT_JustificationBook_Army_PB_2014.xml","67071f71009ab11469c26da696e0ae2604f627ae46a7ffdcb7d3fa6a96a5fd24","1-b885dfa63ae7979b98353b91a77ca5880825056e8d5dc533550bde4e604ab7b6","0","0","0","0","0","0","0","0","","","","","0-1e678d5de0e3801a9728ce99b9ec0ef4b9f68d6bc8a7725b6381ad1fccfedf65","root.record.ItemExhibitList.P5Item.CostElementCategoryList.Software.NonRecurring.CostElementList.CostElement"
"TBS","TBS","2014-BASE_PROCUREMENT-2014-ARMY_OTHER_2-PROCUREMENT_JustificationBook_Army_PB_2014.zzz_unzipped-PROCUREMENT_JustificationBook_Army_PB_2014.xml","67071f71009ab11469c26da696e0ae2604f627ae46a7ffdcb7d3fa6a96a5fd24","0-eb00a626c15f598f1d51abf1a37c41790880fdd20b42d845cd5f333047bba737","0","0","0","0","0","0","0","0","","","","","0-0612fb1790c5dc27f09f1f1b46979662752ca87afc2c08a43bf461b40f147b96","root.record.ItemExhibitList.P5Item.CostElementCategoryList.Software.NonRecurring.CostElementList.CostElement"
"Iron Bow Technologies, LLC","Chantilly, VA","2014-BASE_PROCUREMENT-2014-ARMY_OTHER_2-PROCUREMENT_JustificationBook_Army_PB_2014.zzz_unzipped-PROCUREMENT_JustificationBook_Army_PB_2014.xml","67071f71009ab11469c26da696e0ae2604f627ae46a7ffdcb7d3fa6a96a5fd24","0-7d2f4aad9f70741f467c90b82386da81c319f8d5313b7aee63307ae3647d7dc5","0","0","0","0","0","0","0","0","","","","","1-df0bcccd2c7180260ffc7869ddd90da073616252dd02ab7f7cf356b981db2dee","root.record.ItemExhibitList.P5Item.CostElementCategoryList.Software.NonRecurring.CostElementList.CostElement"
"TBS","TBS","2014-BASE_PROCUREMENT-2014-ARMY_OTHER_2-PROCUREMENT_JustificationBook_Army_PB_2014.zzz_unzipped-PROCUREMENT_JustificationBook_Army_PB_2014.xml","67071f71009ab11469c26da696e0ae2604f627ae46a7ffdcb7d3fa6a96a5fd24","1-2812b3bb2747a92823b7e6ba30f21475e81a00a9db67a6e89a6231657b6e3665","0","0","0","0","0","0","0","0","","","","","1-df0bcccd2c7180260ffc7869ddd90da073616252dd02ab7f7cf356b981db2dee","root.record.ItemExhibitList.P5Item.CostElementCategoryList.Software.NonRecurring.CostElementList.CostElement"
"TBS","TBS","2014-BASE_PROCUREMENT-2014-ARMY_OTHER_2-PROCUREMENT_JustificationBook_Army_PB_2014.zzz_unzipped-PROCUREMENT_JustificationBook_Army_PB_2014.xml","67071f71009ab11469c26da696e0ae2604f627ae46a7ffdcb7d3fa6a96a5fd24","0-8ad20ade63787aea5de1daa0730e5ef54b908af7565c11443339227f9c600652","0","0","0","0","0","0","0","0","","","","","2-3c668b02321af39a0c3bb35815fba88f1d8e492e983e0ff0ead72b04abbc9931","root.record.ItemExhibitList.P5Item.CostElementCategoryList.Software.NonRecurring.CostElementList.CostElement"
"TBS","TBS","2014-BASE_PROCUREMENT-2014-ARMY_OTHER_2-PROCUREMENT_JustificationBook_Army_PB_2014.zzz_unzipped-PROCUREMENT_JustificationBook_Army_PB_2014.xml","67071f71009ab11469c26da696e0ae2604f627ae46a7ffdcb7d3fa6a96a5fd24","0-31465bc71f499abf6df3e71f8321c13046f1ff6275b11565ed34a568d1682e2b","0","0","0","0","0","0","0","0","","","","","0-861c6fd5cfca254d6ba50e0f047d52d1ee2fbbcf93a158de44e42e14eaa1f7fd","root.record.ItemExhibitList.P5Item.CostElementCategoryList.Software.NonRecurring.CostElementList.CostElement"
"General Dynamics Info Tech","Fairfax, VA","2014-BASE_PROCUREMENT-2014-ARMY_OTHER_2-PROCUREMENT_JustificationBook_Army_PB_2014.zzz_unzipped-PROCUREMENT_JustificationBook_Army_PB_2014.xml","67071f71009ab11469c26da696e0ae2604f627ae46a7ffdcb7d3fa6a96a5fd24","0-2d50051bd410d6f1c717c35ccc3eb2244446263085c19549e9f70c948208d87b","0","0","0","0","0","0","0","0","","","","","1-1e2c33107667a2fa95b924ee7e86aeda4364e4b3e938724621a67af81157fa5f","root.record.ItemExhibitList.P5Item.CostElementCategoryList.Software.NonRecurring.CostElementList.CostElement"
"TBS","TBS","2014-BASE_PROCUREMENT-2014-ARMY_OTHER_2-PROCUREMENT_JustificationBook_Army_PB_2014.zzz_unzipped-PROCUREMENT_JustificationBook_Army_PB_2014.xml","67071f71009ab11469c26da696e0ae2604f627ae46a7ffdcb7d3fa6a96a5fd24","1-14110a12ffb9fb2c86b72ee09f2b9ca46f0c4e26613568dd30012ac13eede1d9","0","0","0","0","0","0","0","0","","","","","1-1e2c33107667a2fa95b924ee7e86aeda4364e4b3e938724621a67af81157fa5f","root.record.ItemExhibitList.P5Item.CostElementCategoryList.Software.NonRecurring.CostElementList.CostElement"
"CHESS","Ft. Benning, GA","2014-BASE_PROCUREMENT-2014-ARMY_OTHER_2-PROCUREMENT_JustificationBook_Army_PB_2014.zzz_unzipped-PROCUREMENT_JustificationBook_Army_PB_2014.xml","67071f71009ab11469c26da696e0ae2604f627ae46a7ffdcb7d3fa6a96a5fd24","0-5005cef11a56e0924b1ad48c3e1db6c216865442bfa50c46825bf16ef16f9ba9","0","0","0","0","0","0","0","0","","","","","2-6a2b62c25c0a09b900d1246de93c24a4c3d8ff8cf7b512ec0b24355411c47cee","root.record.ItemExhibitList.P5Item.CostElementCategoryList.Software.NonRecurring.CostElementList.CostElement"
"TBS","TBS","2014-BASE_PROCUREMENT-2014-ARMY_OTHER_2-PROCUREMENT_JustificationBook_Army_PB_2014.zzz_unzipped-PROCUREMENT_JustificationBook_Army_PB_2014.xml","67071f71009ab11469c26da696e0ae2604f627ae46a7ffdcb7d3fa6a96a5fd24","1-65eb06a9670ab1f9349b7de1ee0bb879991a70c51ffb13b8bfedf1e259447bf3","0","0","0","0","0","0","0","0","","","","","2-6a2b62c25c0a09b900d1246de93c24a4c3d8ff8cf7b512ec0b24355411c47cee","root.record.ItemExhibitList.P5Item.CostElementCategoryList.Software.NonRecurring.CostElementList.CostElement"
"Dell Federal Systems LP","Rock Round, TX","2014-BASE_PROCUREMENT-2014-ARMY_OTHER_2-PROCUREMENT_JustificationBook_Army_PB_2014.zzz_unzipped-PROCUREMENT_JustificationBook_Army_PB_2014.xml","67071f71009ab11469c26da696e0ae2604f627ae46a7ffdcb7d3fa6a96a5fd24","0-4e368689da7a81ff73ce3385d4077e5af7a4080d158dcd75db0b37dfbbc18281","0","0","0","0","0","0","0","0","","","","","3-a964a5aea2c1ef2da2619bf06f9b8168d6182bb323cb498e18225c0888c98815","root.record.ItemExhibitList.P5Item.CostElementCategoryList.Software.NonRecurring.CostElementList.CostElement"
"TBS","TBS","2014-BASE_PROCUREMENT-2014-ARMY_OTHER_2-PROCUREMENT_JustificationBook_Army_PB_2014.zzz_unzipped-PROCUREMENT_JustificationBook_Army_PB_2014.xml","67071f71009ab11469c26da696e0ae2604f627ae46a7ffdcb7d3fa6a96a5fd24","1-28c0a4e4f9499f14b6abc2e001cc8395875bf9fbdb7c357345b905e8906aa411","0","0","0","0","0","0","0","0","","","","","3-a964a5aea2c1ef2da2619bf06f9b8168d6182bb323cb498e18225c0888c98815","root.record.ItemExhibitList.P5Item.CostElementCategoryList.Software.NonRecurring.CostElementList.CostElement"
"TBS","TBS","2014-BASE_PROCUREMENT-2014-ARMY_OTHER_2-PROCUREMENT_JustificationBook_Army_PB_2014.zzz_unzipped-PROCUREMENT_JustificationBook_Army_PB_2014.xml","67071f71009ab11469c26da696e0ae2604f627ae46a7ffdcb7d3fa6a96a5fd24","0-f63a73636f883bbe34a530481963f95922953b16b0aaccc562581a653e168e7e","0","0","0","0","0","0","0","0","","","","","4-5015cb8c29e6d453d6730dabbba0659304b1d057d06c656199d69163b3dab286","root.record.ItemExhibitList.P5Item.CostElementCategoryList.Software.NonRecurring.CostElementList.CostElement"
"TBS","TBS","2014-BASE_PROCUREMENT-2014-ARMY_OTHER_2-PROCUREMENT_JustificationBook_Army_PB_2014.zzz_unzipped-PROCUREMENT_JustificationBook_Army_PB_2014.xml","67071f71009ab11469c26da696e0ae2604f627ae46a7ffdcb7d3fa6a96a5fd24","0-4c1e8659cba35eded518848e146bd63cd2fdef1fc8edf18f85cbb0b677587bb4","0","0","0","0","0","0","0","0","","","","","5-46b6e0bbbd707eece4f5f46d8df878e451279d479d35cfc5b61cee1325e0de23","root.record.ItemExhibitList.P5Item.CostElementCategoryList.Software.NonRecurring.CostElementList.CostElement"
"TBS","TBS","2014-BASE_PROCUREMENT-2014-ARMY_OTHER_2-PROCUREMENT_JustificationBook_Army_PB_2014.zzz_unzipped-PROCUREMENT_JustificationBook_Army_PB_2014.xml","67071f71009ab11469c26da696e0ae2604f627ae46a7ffdcb7d3fa6a96a5fd24","0-7793e015b3225c7581a6479bde999f3e3cbc66e070dea68e289bd30a79311d22","0","0","0","0","0","0","0","0","","","","","6-32baae6c67dfca7843956a99402f78d7003087d92f45aa83ed38df73cb0932c9","root.record.ItemExhibitList.P5Item.CostElementCategoryList.Software.NonRecurring.CostElementList.CostElement"
"TBS","TBS","2014-BASE_PROCUREMENT-2014-ARMY_OTHER_2-PROCUREMENT_JustificationBook_Army_PB_2014.zzz_unzipped-PROCUREMENT_JustificationBook_Army_PB_2014.xml","67071f71009ab11469c26da696e0ae2604f627ae46a7ffdcb7d3fa6a96a5fd24","0-e7e3e7b9254265b37e3a1f67bb671dbf2c091b3fc0aaff01a9c2d4b69b209ea5","0","0","0","0","0","0","0","0","","","","","7-36b30170003ba3ef82e043b9ab8000d56e84e8e764ebd22a38e51c2701d39d86","root.record.ItemExhibitList.P5Item.CostElementCategoryList.Software.NonRecurring.CostElementList.CostElement"
"TBS","TBS","2014-BASE_PROCUREMENT-2014-ARMY_OTHER_2-PROCUREMENT_JustificationBook_Army_PB_2014.zzz_unzipped-PROCUREMENT_JustificationBook_Army_PB_2014.xml","67071f71009ab11469c26da696e0ae2604f627ae46a7ffdcb7d3fa6a96a5fd24","0-d8865bf9ad1cddd86047e4e5dea47af1fb9f9786157d41f443500ebd64a740e8","0","0","0","0","0","0","0","0","","","","","0-45f3b20bc742c3e8c85601033a33b8c7b8c12fe2e7db32435c1e247c70b256f4","root.record.ItemExhibitList.P5Item.CostElementCategoryList.Software.NonRecurring.CostElementList.CostElement"
"TBS","TBS","2014-BASE_PROCUREMENT-2014-ARMY_OTHER_2-PROCUREMENT_JustificationBook_Army_PB_2014.zzz_unzipped-PROCUREMENT_JustificationBook_Army_PB_2014.xml","67071f71009ab11469c26da696e0ae2604f627ae46a7ffdcb7d3fa6a96a5fd24","0-3554a916c91d08fa8cb514bc8df0a356dde84f886bbc564814f918f294d68455","0","0","0","0","0","0","0","0","","","","","1-f35d21302ca8c41728420b8b4f76df773a152f9439eca2b46587326fb4eca242","root.record.ItemExhibitList.P5Item.CostElementCategoryList.Software.NonRecurring.CostElementList.CostElement"
"TBS","TBS","2015-BASE_PROCUREMENT-2015-ARMY_OTHER_2-PROCUREMENT_JustificationBook_Army_PB_2015.zzz_unzipped-PROCUREMENT_JustificationBook_Army_PB_2015.xml","bedafffdb4dc3a382094a452b4e6bbae6568910781ead59127205c527d1a2756","0-b7e1eeea9b7f658612bde4d2041ef8266646f9db01fab6436a939c78ee8d024d","0","0","0","0","0","0","0","0","","","","","0-0641f647ffcd85d347fea96a998701e83767fe8010116522fd73913f544e44ed","root.record.ItemExhibitList.P5Item.CostElementCategoryList.Software.NonRecurring.CostElementList.CostElement"
"TBS","TBS","2015-BASE_PROCUREMENT-2015-ARMY_OTHER_2-PROCUREMENT_JustificationBook_Army_PB_2015.zzz_unzipped-PROCUREMENT_JustificationBook_Army_PB_2015.xml","bedafffdb4dc3a382094a452b4e6bbae6568910781ead59127205c527d1a2756","0-a0da0441bf1d7591839b0987016cb144032f7ade6b932c5549f50317d6f959c0","0","0","0","0","0","0","0","0","","","","","0-51cc4d8ea772d12837f142b630a20a8fa9bc723211ac468a32d386cb2ae5401c","root.record.ItemExhibitList.P5Item.CostElementCategoryList.Software.NonRecurring.CostElementList.CostElement"
"Defense Engineering, Inc","Arlington, VA","2015-BASE_PROCUREMENT-2015-ARMY_OTHER_2-PROCUREMENT_JustificationBook_Army_PB_2015.zzz_unzipped-PROCUREMENT_JustificationBook_Army_PB_2015.xml","bedafffdb4dc3a382094a452b4e6bbae6568910781ead59127205c527d1a2756","0-99c12929240d9554aa986ce55d83a59181518e17be194540de87ad6bfb5c3be2","0","0","0","0","0","0","0","0","","","","","1-df6b448cc069a59d3bcaae0e0725280dd60bb2526965ecc878afee8fa12eba0f","root.record.ItemExhibitList.P5Item.CostElementCategoryList.Software.NonRecurring.CostElementList.CostElement"
"TBS","TBS","2015-BASE_PROCUREMENT-2015-ARMY_OTHER_2-PROCUREMENT_JustificationBook_Army_PB_2015.zzz_unzipped-PROCUREMENT_JustificationBook_Army_PB_2015.xml","bedafffdb4dc3a382094a452b4e6bbae6568910781ead59127205c527d1a2756","1-2a03ce6e90ff8263ae7ded22e1eb33a050e5992a6b203beeb495b23a28e3a361","0","0","0","0","0","0","0","0","","","","","1-df6b448cc069a59d3bcaae0e0725280dd60bb2526965ecc878afee8fa12eba0f","root.record.ItemExhibitList.P5Item.CostElementCategoryList.Software.NonRecurring.CostElementList.CostElement"
"TBS","TBS","2015-BASE_PROCUREMENT-2015-ARMY_OTHER_2-PROCUREMENT_JustificationBook_Army_PB_2015.zzz_unzipped-PROCUREMENT_JustificationBook_Army_PB_2015.xml","bedafffdb4dc3a382094a452b4e6bbae6568910781ead59127205c527d1a2756","0-0e7ad4209cd81dc61c0f30e45df493de60334ccb7cf2f7f74292fd090eabdf76","0","0","0","0","0","0","0","0","","","","","2-38e1a854d8da5e2b3793ef03ed2e888cf7a7d8352852ed778816d39bc6dcb323","root.record.ItemExhibitList.P5Item.CostElementCategoryList.Software.NonRecurring.CostElementList.CostElement"
"Dell","Columbus, OH","2015-BASE_PROCUREMENT-2015-ARMY_OTHER_2-PROCUREMENT_JustificationBook_Army_PB_2015.zzz_unzipped-PROCUREMENT_JustificationBook_Army_PB_2015.xml","bedafffdb4dc3a382094a452b4e6bbae6568910781ead59127205c527d1a2756","0-a788c2efe6657521b41fe7490c4e4f8da75e1fe46f336022b341bbe799a3a8eb","0","0","0","0","0","0","0","0","","","","","0-84a5ef0153006ee9639216e5c30e8e28eb02a7a0b929273e364d2723b088a249","root.record.ItemExhibitList.P5Item.CostElementCategoryList.Software.NonRecurring.CostElementList.CostElement"
"TBS","TBS","2015-BASE_PROCUREMENT-2015-ARMY_OTHER_2-PROCUREMENT_JustificationBook_Army_PB_2015.zzz_unzipped-PROCUREMENT_JustificationBook_Army_PB_2015.xml","bedafffdb4dc3a382094a452b4e6bbae6568910781ead59127205c527d1a2756","0-590311df02823b1ca9bac7ba5a5ceb67aedacffd57621672f565c82861708ea8","0","0","0","0","0","0","0","0","","","","","2-3361a37bb87e976a490902bab4d39eddae50c1fce1f797dffb52e9a9bbab3b1d","root.record.ItemExhibitList.P5Item.CostElementCategoryList.Software.NonRecurring.CostElementList.CostElement"
"TBS","TBS","2015-BASE_PROCUREMENT-2015-ARMY_OTHER_2-PROCUREMENT_JustificationBook_Army_PB_2015.zzz_unzipped-PROCUREMENT_JustificationBook_Army_PB_2015.xml","bedafffdb4dc3a382094a452b4e6bbae6568910781ead59127205c527d1a2756","0-e14695fbd147b856799aee58e00956869a6d8607758c4fe24c77a2f7f55178ba","0","0","0","0","0","0","0","0","","","","","5-5a748bac7ded14d0472ee40c8234d7dc49edd2e8e3f257d1c3693e7ff5f0a699","root.record.ItemExhibitList.P5Item.CostElementCategoryList.Software.NonRecurring.CostElementList.CostElement"
"TBS","TBS","2015-BASE_PROCUREMENT-2015-ARMY_OTHER_2-PROCUREMENT_JustificationBook_Army_PB_2015.zzz_unzipped-PROCUREMENT_JustificationBook_Army_PB_2015.xml","bedafffdb4dc3a382094a452b4e6bbae6568910781ead59127205c527d1a2756","0-316d1bbb380e7a965f761c063f4446627ef24c0b4a2fb9ae9f72f2a5b86129cc","0","0","0","0","0","0","0","0","","","","","6-574c7c0ae58cc2db0ee7243e56e86573ea1d486ce54c1a01172080b8c6659824","root.record.ItemExhibitList.P5Item.CostElementCategoryList.Software.NonRecurring.CostElementList.CostElement"
"TBS","TBS","2015-BASE_PROCUREMENT-2015-ARMY_OTHER_2-PROCUREMENT_JustificationBook_Army_PB_2015.zzz_unzipped-PROCUREMENT_JustificationBook_Army_PB_2015.xml","bedafffdb4dc3a382094a452b4e6bbae6568910781ead59127205c527d1a2756","0-230bee65ad788227b402f60b2cddf75fbf1218e4b18a542dcf7e43bc945d3891","0","0","0","0","0","0","0","0","","","","","0-3cfde584a694b27da5e01d922433f0ca9caef7893b25359c38a2bcd31e7e45f7","root.record.ItemExhibitList.P5Item.CostElementCategoryList.Software.NonRecurring.CostElementList.CostElement"
"Accenture Federal Services LLC","Arlington, VA","2015-BASE_PROCUREMENT-2015-ARMY_OTHER_2-PROCUREMENT_JustificationBook_Army_PB_2015.zzz_unzipped-PROCUREMENT_JustificationBook_Army_PB_2015.xml","bedafffdb4dc3a382094a452b4e6bbae6568910781ead59127205c527d1a2756","0-48883e9e6a53c5445f4bd0b3ff9c54db79297b94a92a5f2bc8cc63028fe59ce2","0","0","0","0","0","0","0","0","","","","","1-46d6ce1124de1701452cc6fd71b1cda70f5d1f2a9e281d37167da03dcba0e45e","root.record.ItemExhibitList.P5Item.CostElementCategoryList.Software.NonRecurring.CostElementList.CostElement"
"Army","Wash DC","2015-AMENDED_PROCUREMENT_AND_RDTE-2015-DISA-PROCUREMENT_JustificationBook_Defense_Information_Systems_Agency_PBAmended_2015.zzz_unzipped-PROCUREMENT_JustificationBook_Defense_Information_Systems_Agency_PBAmended_2015.xml","d94f019ca6ad47831570c156dff39434da9ab15bce0586d43be1216cd4cf1d47","0-b251350388f966dff55b9caff8f576db034e955b6539d38bbe8cddfa8e30b932","","","","","","","","","","","","","0-8942922b7be374a0c36c8956e2f1a4d902f39126daa4ea5078a587c4ed39a00c","root.record.ItemExhibitList.P5Item.CostElementCategoryList.Software.NonRecurring.CostElementList.CostElement"
"Army","Wash DC","2015-AMENDED_PROCUREMENT_AND_RDTE-2015-DISA-PROCUREMENT_JustificationBook_Defense_Information_Systems_Agency_PBAmended_2015.zzz_unzipped-PROCUREMENT_JustificationBook_Defense_Information_Systems_Agency_PBAmended_2015.xml","d94f019ca6ad47831570c156dff39434da9ab15bce0586d43be1216cd4cf1d47","0-07039cbfceb2c21e5c3884f5a4acdea054ca1b0f0dd222fc37a9c24c6163b349","","","","","","","","","","","","","1-5b89cccb9238a3a0a34d7f71089dcd5e4bcbd42ee7640ce79397594a599aebf6","root.record.ItemExhibitList.P5Item.CostElementCategoryList.Software.NonRecurring.CostElementList.CostElement"
"Army","Wash DC","2015-AMENDED_PROCUREMENT_AND_RDTE-2015-DISA-PROCUREMENT_MasterJustificationBook_Defense_Information_Systems_Agency_PBAmended_2015.zzz_unzipped-PROCUREMENT_MasterJustificationBook_Defense_Information_Systems_Agency_PBAmended_2015.xml","0ba1ff01b1584bc3e78a57a5ea1922c71db0daf80e4e1f03a022614b8e202d41","0-aabeeeb5792afbef51d458ecfb031de2ac18561d6c936d5a75961758966c211f","","","","","","","","","","","","","0-ffe14f3bdc8d87eedc2cc0adf06a6cd62d891c046b26c1781908a86c54f63adc","root.record.ItemExhibitList.P5Item.CostElementCategoryList.Software.NonRecurring.CostElementList.CostElement"
"Army","Wash DC","2015-AMENDED_PROCUREMENT_AND_RDTE-2015-DISA-PROCUREMENT_MasterJustificationBook_Defense_Information_Systems_Agency_PBAmended_2015.zzz_unzipped-PROCUREMENT_MasterJustificationBook_Defense_Information_Systems_Agency_PBAmended_2015.xml","0ba1ff01b1584bc3e78a57a5ea1922c71db0daf80e4e1f03a022614b8e202d41","0-62a5a201e333764cfdd433e670388bdbaad7530c710a84dc817e781f312934c9","","","","","","","","","","","","","1-fdd123359e7732ddd05f12dcba743cab19e0d021151087a71f52844d57053de8","root.record.ItemExhibitList.P5Item.CostElementCategoryList.Software.NonRecurring.CostElementList.CostElement"
"Army","Wash DC","2015-AMENDED_PROCUREMENT_AND_RDTE-2015-DEFENSE_MASTER_JBOOK-PROCUREMENT_MasterJustificationBook_Defense-Wide_PBAmended_2015.zzz_unzipped-PROCUREMENT_MasterJustificationBook_Defense-Wide_PBAmended_2015.xml","303b558d79ac8de02c9b26612b66f29a4d300e030b75eec7d9b97dfeddac8680","0-68f9a1bfa79e184883b8767777b806d38179abab9a1387fda4dd45e45ce5bf79","","","","","","","","","","","","","0-f103c13c300476b1fa3788e153db5593bb201dff04293d0800dcd7514ae2ff23","root.record.ItemExhibitList.P5Item.CostElementCategoryList.Software.NonRecurring.CostElementList.CostElement"
"Army","Wash DC","2015-AMENDED_PROCUREMENT_AND_RDTE-2015-DEFENSE_MASTER_JBOOK-PROCUREMENT_MasterJustificationBook_Defense-Wide_PBAmended_2015.zzz_unzipped-PROCUREMENT_MasterJustificationBook_Defense-Wide_PBAmended_2015.xml","303b558d79ac8de02c9b26612b66f29a4d300e030b75eec7d9b97dfeddac8680","0-12718c639da2850a3e000ea2836c02b45de2e0a7980bf67d9482fcde185e63d3","","","","","","","","","","","","","1-3f1d76f337b7bdf93f6ae9d8571c58d1a5621749d4c9ca6b19921d5c97793b63","root.record.ItemExhibitList.P5Item.CostElementCategoryList.Software.NonRecurring.CostElementList.CostElement"
"Wyle Laboratories","Huntsville, AL","2016-BASE_PROCUREMENT-2016-ARMY_OTHER_2-PROCUREMENT_JustificationBook_Army_PB_2016.zzz_unzipped-PROCUREMENT_JustificationBook_Army_PB_2016.xml","0daeb3840995e315e0845fec38ebc9e30d4d58064f2184f55430dcb7cef2d891","0-43d426f24b9e0b6f5815af995c32050d667cc39d8de85620b17c1574c6548bbd","0","0","0","0","0","0","0","0","","","","","0-f6192e9706af67f66d277e7995b4ca2cd7e1b0f9de8a6f7222fc93746c751570","root.record.ItemExhibitList.P5Item.CostElementCategoryList.Software.NonRecurring.CostElementList.CostElement"
"Leidos","McLean, VA","2016-BASE_PROCUREMENT-2016-ARMY_OTHER_2-PROCUREMENT_JustificationBook_Army_PB_2016.zzz_unzipped-PROCUREMENT_JustificationBook_Army_PB_2016.xml","0daeb3840995e315e0845fec38ebc9e30d4d58064f2184f55430dcb7cef2d891","1-eb5a073d706e84252d5f05016f7500bbef324c2c9fb9f5319cd0bbc78df519d2","0","0","0","0","0","0","0","0","","","","","0-f6192e9706af67f66d277e7995b4ca2cd7e1b0f9de8a6f7222fc93746c751570","root.record.ItemExhibitList.P5Item.CostElementCategoryList.Software.NonRecurring.CostElementList.CostElement"
"TBS","TBS","2016-BASE_PROCUREMENT-2016-ARMY_OTHER_2-PROCUREMENT_JustificationBook_Army_PB_2016.zzz_unzipped-PROCUREMENT_JustificationBook_Army_PB_2016.xml","0daeb3840995e315e0845fec38ebc9e30d4d58064f2184f55430dcb7cef2d891","2-bdb58b14253afc269a16cdf3ce6c87caa663b96389bfecf8b024f5d66b034414","0","0","0","0","0","0","0","0","","","","","0-f6192e9706af67f66d277e7995b4ca2cd7e1b0f9de8a6f7222fc93746c751570","root.record.ItemExhibitList.P5Item.CostElementCategoryList.Software.NonRecurring.CostElementList.CostElement"
"Defense Engineering, Inc","Arlington, VA","2016-BASE_PROCUREMENT-2016-ARMY_OTHER_2-PROCUREMENT_JustificationBook_Army_PB_2016.zzz_unzipped-PROCUREMENT_JustificationBook_Army_PB_2016.xml","0daeb3840995e315e0845fec38ebc9e30d4d58064f2184f55430dcb7cef2d891","0-f1b1d869d96bbfb10a0a5a10650a3ddb7576ee4c9af8a41515aa27adc969aa2c","0","0","0","0","0","0","0","0","","","","","0-9d837d8244c767541f2689ffb2fb352a173a22d1c240881908694e8969e783e1","root.record.ItemExhibitList.P5Item.CostElementCategoryList.Software.NonRecurring.CostElementList.CostElement"
"TBS","TBS","2016-BASE_PROCUREMENT-2016-ARMY_OTHER_2-PROCUREMENT_JustificationBook_Army_PB_2016.zzz_unzipped-PROCUREMENT_JustificationBook_Army_PB_2016.xml","0daeb3840995e315e0845fec38ebc9e30d4d58064f2184f55430dcb7cef2d891","1-fb526f79bd86e470ded658d6e8269df175d1342ac01f75f8d38bfa3550918ba2","0","0","0","0","0","0","0","0","","","","","0-9d837d8244c767541f2689ffb2fb352a173a22d1c240881908694e8969e783e1","root.record.ItemExhibitList.P5Item.CostElementCategoryList.Software.NonRecurring.CostElementList.CostElement"
"Carahsoft Tech Corp","Reston, VA","2016-BASE_PROCUREMENT-2016-ARMY_OTHER_2-PROCUREMENT_JustificationBook_Army_PB_2016.zzz_unzipped-PROCUREMENT_JustificationBook_Army_PB_2016.xml","0daeb3840995e315e0845fec38ebc9e30d4d58064f2184f55430dcb7cef2d891","0-b16fb2f512dac4466be8de6b7526198a2eebedbbb8d4545ba78254287ccd5ee7","0","0","0","0","0","0","0","0","","","","","1-16b1056454476388cde54c34db3e34b78295fad89b2f463a24008def28a52561","root.record.ItemExhibitList.P5Item.CostElementCategoryList.Software.NonRecurring.CostElementList.CostElement"
"DLT Solutions","Herndon, VA","2016-BASE_PROCUREMENT-2016-ARMY_OTHER_2-PROCUREMENT_JustificationBook_Army_PB_2016.zzz_unzipped-PROCUREMENT_JustificationBook_Army_PB_2016.xml","0daeb3840995e315e0845fec38ebc9e30d4d58064f2184f55430dcb7cef2d891","1-d447640c5ba34e2f4a885a433cdac4d2d9dbcd9367984e441f2fc929dc5310c3","0","0","0","0","0","0","0","0","","","","","1-16b1056454476388cde54c34db3e34b78295fad89b2f463a24008def28a52561","root.record.ItemExhibitList.P5Item.CostElementCategoryList.Software.NonRecurring.CostElementList.CostElement"
"TBS","TBS","2016-BASE_PROCUREMENT-2016-ARMY_OTHER_2-PROCUREMENT_JustificationBook_Army_PB_2016.zzz_unzipped-PROCUREMENT_JustificationBook_Army_PB_2016.xml","0daeb3840995e315e0845fec38ebc9e30d4d58064f2184f55430dcb7cef2d891","2-9524e1577498f4cc490c5c4302bc13e6e56853a24c7ba2010fd6115341e8b824","0","0","0","0","0","0","0","0","","","","","1-16b1056454476388cde54c34db3e34b78295fad89b2f463a24008def28a52561","root.record.ItemExhibitList.P5Item.CostElementCategoryList.Software.NonRecurring.CostElementList.CostElement"
"TBS","TBS","2016-BASE_PROCUREMENT-2016-ARMY_OTHER_2-PROCUREMENT_JustificationBook_Army_PB_2016.zzz_unzipped-PROCUREMENT_JustificationBook_Army_PB_2016.xml","0daeb3840995e315e0845fec38ebc9e30d4d58064f2184f55430dcb7cef2d891","0-54527254ef239673ceb181acfa76b60a76dd83465c0615a5a2230ab3be52e45c","0","0","0","0","0","0","0","0","","","","","2-3793cb6133122c8fc9fda1719267481bd13fa52a3296a02a0d3b38c6fbecb39c","root.record.ItemExhibitList.P5Item.CostElementCategoryList.Software.NonRecurring.CostElementList.CostElement"
"TBS","TBS","2016-BASE_PROCUREMENT-2016-ARMY_OTHER_2-PROCUREMENT_JustificationBook_Army_PB_2016.zzz_unzipped-PROCUREMENT_JustificationBook_Army_PB_2016.xml","0daeb3840995e315e0845fec38ebc9e30d4d58064f2184f55430dcb7cef2d891","0-678b6926793b3dcae2febff0e10cd62d549351ffa86cb6446201c96642dd9532","0","0","0","0","0","0","0","0","","","","","2-97ae08d978663576898b22183d5ea89447a05466f78de295f8b4dc067c5aef70","root.record.ItemExhibitList.P5Item.CostElementCategoryList.Software.NonRecurring.CostElementList.CostElement"
"Iron Bow Technologies","Chantilly, VA","2016-BASE_PROCUREMENT-2016-ARMY_OTHER_2-PROCUREMENT_JustificationBook_Army_PB_2016.zzz_unzipped-PROCUREMENT_JustificationBook_Army_PB_2016.xml","0daeb3840995e315e0845fec38ebc9e30d4d58064f2184f55430dcb7cef2d891","0-d77f0523026bcd67e63e26099560dd9cbd313df39489d47a5c83d958d69bcbab","0","0","0","0","0","0","0","0","","","","","3-4e457b027d2e1107824cf5bcebff3cd6fe623f7c7d9cdba9e353ebe556288418","root.record.ItemExhibitList.P5Item.CostElementCategoryList.Software.NonRecurring.CostElementList.CostElement"
"TBS","TBS","2016-BASE_PROCUREMENT-2016-ARMY_OTHER_2-PROCUREMENT_JustificationBook_Army_PB_2016.zzz_unzipped-PROCUREMENT_JustificationBook_Army_PB_2016.xml","0daeb3840995e315e0845fec38ebc9e30d4d58064f2184f55430dcb7cef2d891","1-f1c2d0249b1690e0169c5e19906efa7223ee6f4f78b8e188fb2f67b4bc2ac06e","0","0","0","0","0","0","0","0","","","","","3-4e457b027d2e1107824cf5bcebff3cd6fe623f7c7d9cdba9e353ebe556288418","root.record.ItemExhibitList.P5Item.CostElementCategoryList.Software.NonRecurring.CostElementList.CostElement"
"TBS","TBS","2016-BASE_PROCUREMENT-2016-ARMY_OTHER_2-PROCUREMENT_JustificationBook_Army_PB_2016.zzz_unzipped-PROCUREMENT_JustificationBook_Army_PB_2016.xml","0daeb3840995e315e0845fec38ebc9e30d4d58064f2184f55430dcb7cef2d891","0-425b4f6efa62ee06151aa9f48832881d9787fef3dd2b3b65e372e52401eec00b","0","0","0","0","0","0","0","0","","","","","8-5a1e09cf1a5a81937d84867b73b98efea4bbc2c9fa87e025025ceba2ad7f14de","root.record.ItemExhibitList.P5Item.CostElementCategoryList.Software.NonRecurring.CostElementList.CostElement"
"TBS","TBS","2016-BASE_PROCUREMENT-2016-ARMY_OTHER_2-PROCUREMENT_JustificationBook_Army_PB_2016.zzz_unzipped-PROCUREMENT_JustificationBook_Army_PB_2016.xml","0daeb3840995e315e0845fec38ebc9e30d4d58064f2184f55430dcb7cef2d891","0-15c0a1b5d6c3053b300af72996b0f1d86fdbe496ce0171aefeb9c6401c0ed2eb","0","0","0","0","0","0","0","0","","","","","0-c9a0f6d7d6197c012d330d01c0665c4c23b04e22f737260e1c67faffe479883b","root.record.ItemExhibitList.P5Item.CostElementCategoryList.Software.NonRecurring.CostElementList.CostElement"
"Leidos","McLean, VA","2017-BASE_PROCUREMENT-2017-ARMY_OTHER_2-U_PROCUREMENT_JustificationBook_Army_PB_2017.zzz_unzipped-U_PROCUREMENT_JustificationBook_Army_PB_2017.xml","e2c89fbeb812916900eca5c27f8af4e89ad05088685814bc9bb1805868e5dd11","0-a980221650deb0c9cc653fcee7a906c141ae6a3a732f26ec02c5a74b1c9751fb","0","0","0","0","0","0","0","0","","","","","0-8592c248e1ff00a54ee6818ef74b9239fc0f600696837128874a0e8913450b74","root.record.ItemExhibitList.P5Item.CostElementCategoryList.Software.NonRecurring.CostElementList.CostElement"
"TBS","TBS","2017-BASE_PROCUREMENT-2017-ARMY_OTHER_2-U_PROCUREMENT_JustificationBook_Army_PB_2017.zzz_unzipped-U_PROCUREMENT_JustificationBook_Army_PB_2017.xml","e2c89fbeb812916900eca5c27f8af4e89ad05088685814bc9bb1805868e5dd11","1-3819191d67d1c108ecad7aa8068ce916cbca697203dc4402a51603cd172969ad","0","0","0","0","0","0","0","0","","","","","0-8592c248e1ff00a54ee6818ef74b9239fc0f600696837128874a0e8913450b74","root.record.ItemExhibitList.P5Item.CostElementCategoryList.Software.NonRecurring.CostElementList.CostElement"
"Defense Engineering, Inc","Arlington, VA","2017-BASE_PROCUREMENT-2017-ARMY_OTHER_2-U_PROCUREMENT_JustificationBook_Army_PB_2017.zzz_unzipped-U_PROCUREMENT_JustificationBook_Army_PB_2017.xml","e2c89fbeb812916900eca5c27f8af4e89ad05088685814bc9bb1805868e5dd11","0-ca1a132a2488e2f0d3fa4bbe68ecdd47c1686218f6596d701d9490d4a553f216","0","0","0","0","0","0","0","0","","","","","0-dec16941b9effc15990795286dda0719045005c32033107890c742bddb19bf96","root.record.ItemExhibitList.P5Item.CostElementCategoryList.Software.NonRecurring.CostElementList.CostElement"
"TBS","TBS","2017-BASE_PROCUREMENT-2017-ARMY_OTHER_2-U_PROCUREMENT_JustificationBook_Army_PB_2017.zzz_unzipped-U_PROCUREMENT_JustificationBook_Army_PB_2017.xml","e2c89fbeb812916900eca5c27f8af4e89ad05088685814bc9bb1805868e5dd11","1-d9d1b4e612a3791eef5104f7ecc3d17c8c59ff3a7f9653869c13db34b20565d7","0","0","0","0","0","0","0","0","","","","","0-dec16941b9effc15990795286dda0719045005c32033107890c742bddb19bf96","root.record.ItemExhibitList.P5Item.CostElementCategoryList.Software.NonRecurring.CostElementList.CostElement"
"Defense Engineering, Inc","Arlington, VA","2017-BASE_PROCUREMENT-2017-ARMY_OTHER_2-U_PROCUREMENT_JustificationBook_Army_PB_2017.zzz_unzipped-U_PROCUREMENT_JustificationBook_Army_PB_2017.xml","e2c89fbeb812916900eca5c27f8af4e89ad05088685814bc9bb1805868e5dd11","0-80246271462f3b6bfa2c2919487983519ae83e0712a0bdb19cd5f290680f131e","0","0","0","0","0","0","0","0","","","","","1-b9e7b96b06ab648c71e158bee9172795b2fdaac8fdbc522417a9f80fc332a0bf","root.record.ItemExhibitList.P5Item.CostElementCategoryList.Software.NonRecurring.CostElementList.CostElement"
"TBS","TBS","2017-BASE_PROCUREMENT-2017-ARMY_OTHER_2-U_PROCUREMENT_JustificationBook_Army_PB_2017.zzz_unzipped-U_PROCUREMENT_JustificationBook_Army_PB_2017.xml","e2c89fbeb812916900eca5c27f8af4e89ad05088685814bc9bb1805868e5dd11","1-34f7d2899777ce20a354e25c0e1a82cee8cd7d73a294c1a53c3f487a512bc824","0","0","0","0","0","0","0","0","","","","","1-b9e7b96b06ab648c71e158bee9172795b2fdaac8fdbc522417a9f80fc332a0bf","root.record.ItemExhibitList.P5Item.CostElementCategoryList.Software.NonRecurring.CostElementList.CostElement"
"TBS","TBS","2017-BASE_PROCUREMENT-2017-ARMY_OTHER_2-U_PROCUREMENT_JustificationBook_Army_PB_2017.zzz_unzipped-U_PROCUREMENT_JustificationBook_Army_PB_2017.xml","e2c89fbeb812916900eca5c27f8af4e89ad05088685814bc9bb1805868e5dd11","0-d652374e8161efe35b3d580faf397ea3225364463e593f21109a2f3c421a7896","0","0","0","0","0","0","0","0","","","","","0-c1d3bd198e58ea855674dd7c61159b7bf3cbd938c4318517f564b2afeb547d46","root.record.ItemExhibitList.P5Item.CostElementCategoryList.Software.NonRecurring.CostElementList.CostElement"
"Lintech Global, Inc.","Farmington Hills, MI","2017-BASE_PROCUREMENT-2017-ARMY_OTHER_2-U_PROCUREMENT_JustificationBook_Army_PB_2017.zzz_unzipped-U_PROCUREMENT_JustificationBook_Army_PB_2017.xml","e2c89fbeb812916900eca5c27f8af4e89ad05088685814bc9bb1805868e5dd11","0-f69be333afce3af66415782369c45d9d83eb23200210f65bc05e18444b7cdb41","0","0","0","0","0","0","0","0","","","","","2-0bbfc8b1f034ccc651c68282227bac272e38bce5f463157aed1439af74c0dab4","root.record.ItemExhibitList.P5Item.CostElementCategoryList.Software.NonRecurring.CostElementList.CostElement"
"Dell Federal Systems LP","Rock Round, TX","2017-BASE_PROCUREMENT-2017-ARMY_OTHER_2-U_PROCUREMENT_JustificationBook_Army_PB_2017.zzz_unzipped-U_PROCUREMENT_JustificationBook_Army_PB_2017.xml","e2c89fbeb812916900eca5c27f8af4e89ad05088685814bc9bb1805868e5dd11","0-f1b5478fff685a99b2c3a05d48e9405dc2511f5bb911d032a517dfee9e8a0eca","0","0","0","0","0","0","0","0","","","","","3-32615da79589cefe8025b9d8b12db666094b549548665939b7523b21cef78d84","root.record.ItemExhibitList.P5Item.CostElementCategoryList.Software.NonRecurring.CostElementList.CostElement"
"TBS","TBS","2017-BASE_PROCUREMENT-2017-ARMY_OTHER_2-U_PROCUREMENT_JustificationBook_Army_PB_2017.zzz_unzipped-U_PROCUREMENT_JustificationBook_Army_PB_2017.xml","e2c89fbeb812916900eca5c27f8af4e89ad05088685814bc9bb1805868e5dd11","1-8bf89d1ed9a1891079bb57d149f9c06fd749890b2267a38e887192edd5b86019","0","0","0","0","0","0","0","0","","","","","3-32615da79589cefe8025b9d8b12db666094b549548665939b7523b21cef78d84","root.record.ItemExhibitList.P5Item.CostElementCategoryList.Software.NonRecurring.CostElementList.CostElement"
"TBS","TBS","2017-BASE_PROCUREMENT-2017-ARMY_OTHER_2-U_PROCUREMENT_JustificationBook_Army_PB_2017.zzz_unzipped-U_PROCUREMENT_JustificationBook_Army_PB_2017.xml","e2c89fbeb812916900eca5c27f8af4e89ad05088685814bc9bb1805868e5dd11","0-7bef21b43dc96ba90152c5a1b9810c8c78c2e35f5ee578ae10c4b3fe9881a92f","0","0","0","0","0","0","0","0","","","","","8-b064ee596a97ab84aca282f650687cd40ca42f13d598d3a387cc80be2e4a25fc","root.record.ItemExhibitList.P5Item.CostElementCategoryList.Software.NonRecurring.CostElementList.CostElement"
"Multiple Hardware/Software","Various","2018-BASE_PROCUREMENT-2018-ARMY_OTHER_2-U_PROCUREMENT_JustificationBook_Army_PB_2018.zzz_unzipped-U_PROCUREMENT_JustificationBook_Army_PB_2018.xml","79442e00cbe7bfd4a4ea29a3f4d53f5b896df57a421ca9e4115007f2a5a4e861","0-0e65d47dbc1bf04e571b3bc48aeb30e46c0a50b33b26196fab71c34d8da4adb3","0","0","0","0","0","0","0","0","","","","","0-ed334c3e7aed08c6739fc519ff754e49f6d0484a64692f3f2ed21c0ff682771a","root.record.ItemExhibitList.P5Item.CostElementCategoryList.Software.NonRecurring.CostElementList.CostElement"
"SAP","TBD","2018-BASE_PROCUREMENT-2018-ARMY_OTHER_2-U_PROCUREMENT_JustificationBook_Army_PB_2018.zzz_unzipped-U_PROCUREMENT_JustificationBook_Army_PB_2018.xml","79442e00cbe7bfd4a4ea29a3f4d53f5b896df57a421ca9e4115007f2a5a4e861","0-1af38b6826b16248cf7e02caaefa2537a2e7b2c6a35bfedcec2dd1fd23cbac02","0","0","0","0","0","0","0","0","","","","","0-c78fe539ad6bc56298642f7ba6d6fee96d72161bb4bd3a999d6c42f468cb6a49","root.record.ItemExhibitList.P5Item.CostElementCategoryList.Software.NonRecurring.CostElementList.CostElement"
"Leidos","McLean, VA","2018-BASE_PROCUREMENT-2018-ARMY_OTHER_2-U_PROCUREMENT_JustificationBook_Army_PB_2018.zzz_unzipped-U_PROCUREMENT_JustificationBook_Army_PB_2018.xml","4fcec47d2ef2c5e454ef51ea8d74e89b75e63959a68d7baa4c0a97b8a1fc8c6e","0-7f54f81b0bbe2a68c2fdb642180d9f7d19a731115730d33c05f9477eb5fd4dca","0","0","0","0","0","0","0","0","","","","","0-7ad1f4e0b9cfb68ff10d11a371282423cd07dea09c5c7b4c81679b8b1165ba2f","root.record.ItemExhibitList.P5Item.CostElementCategoryList.Software.NonRecurring.CostElementList.CostElement"
"TBS","TBS","2018-BASE_PROCUREMENT-2018-ARMY_OTHER_2-U_PROCUREMENT_JustificationBook_Army_PB_2018.zzz_unzipped-U_PROCUREMENT_JustificationBook_Army_PB_2018.xml","4fcec47d2ef2c5e454ef51ea8d74e89b75e63959a68d7baa4c0a97b8a1fc8c6e","1-7fb5c0401ba5e9518d17ecb3a62c1c7b9ef475f149917ac39d8256623f28f377","0","0","0","0","0","0","0","0","","","","","0-7ad1f4e0b9cfb68ff10d11a371282423cd07dea09c5c7b4c81679b8b1165ba2f","root.record.ItemExhibitList.P5Item.CostElementCategoryList.Software.NonRecurring.CostElementList.CostElement"
"TBS","TBS","2018-BASE_PROCUREMENT-2018-ARMY_OTHER_2-U_PROCUREMENT_JustificationBook_Army_PB_2018.zzz_unzipped-U_PROCUREMENT_JustificationBook_Army_PB_2018.xml","4fcec47d2ef2c5e454ef51ea8d74e89b75e63959a68d7baa4c0a97b8a1fc8c6e","0-e4f66c4b20fd8214ad55e37c1a882d1b9bff1aed6f676b6c2cba7a854bea7dc2","0","0","0","0","0","0","0","0","","","","","0-1a6c00bceb8cb3b17919a03b8afb228adf4472cc8904677a3e887c74bd4124bc","root.record.ItemExhibitList.P5Item.CostElementCategoryList.Software.NonRecurring.CostElementList.CostElement"
"Presidio Networked Solutions","Fulton, MD","2018-BASE_PROCUREMENT-2018-ARMY_OTHER_2-U_PROCUREMENT_JustificationBook_Army_PB_2018.zzz_unzipped-U_PROCUREMENT_JustificationBook_Army_PB_2018.xml","4fcec47d2ef2c5e454ef51ea8d74e89b75e63959a68d7baa4c0a97b8a1fc8c6e","0-fc4e9660629f0c4f8763b6c5252ee156a648d8048a60379e0575906d14467d13","0","0","0","0","0","0","0","0","","","","","1-b88a825b9bbf480917959777320b2d6d290a32483d70dcad307f234095422866","root.record.ItemExhibitList.P5Item.CostElementCategoryList.Software.NonRecurring.CostElementList.CostElement"
"Four LLC","Centreville, VA","2018-BASE_PROCUREMENT-2018-ARMY_OTHER_2-U_PROCUREMENT_JustificationBook_Army_PB_2018.zzz_unzipped-U_PROCUREMENT_JustificationBook_Army_PB_2018.xml","4fcec47d2ef2c5e454ef51ea8d74e89b75e63959a68d7baa4c0a97b8a1fc8c6e","1-4e3edcde3206f04f95e5fe3168b3b3a346d01f4d1db0fc8a8a8f7419432393c0","0","0","0","0","0","0","0","0","","","","","1-b88a825b9bbf480917959777320b2d6d290a32483d70dcad307f234095422866","root.record.ItemExhibitList.P5Item.CostElementCategoryList.Software.NonRecurring.CostElementList.CostElement"
"TBS","TBS","2018-BASE_PROCUREMENT-2018-ARMY_OTHER_2-U_PROCUREMENT_JustificationBook_Army_PB_2018.zzz_unzipped-U_PROCUREMENT_JustificationBook_Army_PB_2018.xml","4fcec47d2ef2c5e454ef51ea8d74e89b75e63959a68d7baa4c0a97b8a1fc8c6e","2-b0a16df07ce34f6159eaac1f5243adc38be753ce9a2aa7c985089b4fd917b3f9","0","0","0","0","0","0","0","0","","","","","1-b88a825b9bbf480917959777320b2d6d290a32483d70dcad307f234095422866","root.record.ItemExhibitList.P5Item.CostElementCategoryList.Software.NonRecurring.CostElementList.CostElement"
"TBS","TBS","2018-BASE_PROCUREMENT-2018-ARMY_OTHER_2-U_PROCUREMENT_JustificationBook_Army_PB_2018.zzz_unzipped-U_PROCUREMENT_JustificationBook_Army_PB_2018.xml","4fcec47d2ef2c5e454ef51ea8d74e89b75e63959a68d7baa4c0a97b8a1fc8c6e","0-162ad2666fd344bada4f3f0e49f92a104ace1f8c50aacd23f6e76d05ee21ab58","0","0","0","0","0","0","0","0","","","","","0-a0275db045a4251fe8c797693d03d8227e655c4d48873d2c0368c18e8352da83","root.record.ItemExhibitList.P5Item.CostElementCategoryList.Software.NonRecurring.CostElementList.CostElement"
"TBS","TBS","2018-BASE_PROCUREMENT-2018-ARMY_OTHER_2-U_PROCUREMENT_JustificationBook_Army_PB_2018.zzz_unzipped-U_PROCUREMENT_JustificationBook_Army_PB_2018.xml","4fcec47d2ef2c5e454ef51ea8d74e89b75e63959a68d7baa4c0a97b8a1fc8c6e","0-bbc20136846290aae896df5c5b00e227be1bbd54fc663c79c2e9fd7aaadccda4","0","0","0","0","0","0","0","0","","","","","3-824597defc4f2abae316649c5e4af87a74bb9405ebf7c936de2c06e4d077f935","root.record.ItemExhibitList.P5Item.CostElementCategoryList.Software.NonRecurring.CostElementList.CostElement"
"TBS","TBS","2018-BASE_PROCUREMENT-2018-ARMY_OTHER_2-U_PROCUREMENT_JustificationBook_Army_PB_2018.zzz_unzipped-U_PROCUREMENT_JustificationBook_Army_PB_2018.xml","4fcec47d2ef2c5e454ef51ea8d74e89b75e63959a68d7baa4c0a97b8a1fc8c6e","0-f8d86e7766ebc4acdd726d253afd06e11bd75eafbcf2f57e885a82e7a2e3f462","0","0","0","0","0","0","0","0","","","","","8-db88d7ce53b17bbdd859786d9ad320071cb68a9d12a55e1b4954747b4dde8ca5","root.record.ItemExhibitList.P5Item.CostElementCategoryList.Software.NonRecurring.CostElementList.CostElement"
"TBS (IT Support to USAREUR)","Orlando, FL 32825","2018-BASE_PROCUREMENT-2018-ARMY_OTHER_3-U_PROCUREMENT_JustificationBook_Army_PB_2018.zzz_unzipped-U_PROCUREMENT_JustificationBook_Army_PB_2018.xml","613d3db5b690e83faeabb8edb3de191297ce81a72abc22ac5d15627835aa22a6","0-79d27bef6c6c5bbba7f5a5870e388918e6bffcaf6457b80c7a290a127a09789d","","","","","","","","","","","","","0-3377146cccc5097571286e25bc6e1d55e79e6d8eb0d89fb836b825ce5f733210","root.record.ItemExhibitList.P5Item.CostElementCategoryList.Software.NonRecurring.CostElementList.CostElement"
"To Be Determined","To Be Determined","2019-BASE_PROCUREMENT-2019-AIRFORCE_OTHER-U_PROCUREMENT_JustificationBook_Air_Force_PB_2019.zzz_unzipped-U_PROCUREMENT_JustificationBook_Air_Force_PB_2019.xml","f8a7618cde0c1c125e08bf679224400ae1f2bd3b41a0e5f1894a0c6685326fac","0-7b746ed80e2b40454b16e45f41c3da8e433a293a21e302dc7d25b664e7b71d2a","0","8","1","9","0","0","0","0","AF Quantity FY 2019 Base MROI License quantities based on per user, per processor and enterprise level requirements.","1715.00","1715.00","1715.00","0-cd79017cdaad28287e2a00330fb4f9e483281c0a79499e1fcf6e8e10ec677203","root.record.ItemExhibitList.P5Item.CostElementCategoryList.Software.NonRecurring.CostElementList.CostElement"
"To Be Determined","To Be Determined","2019-BASE_PROCUREMENT-2019-AIRFORCE_OTHER-U_PROCUREMENT_JustificationBook_Air_Force_PB_2019.zzz_unzipped-U_PROCUREMENT_JustificationBook_Air_Force_PB_2019.xml","f8a7618cde0c1c125e08bf679224400ae1f2bd3b41a0e5f1894a0c6685326fac","0-3e7a4ef5268eeec1398d5b3d47b06b33d7bf2e6c77904f6c4a61194afe60e87c","0","2","1","3","0","0","0","0","","454.00","454.00","454.00","1-a3475837c948924b3fefc0609b4a37fffb49ef85a34be4e133e8afa39a814862","root.record.ItemExhibitList.P5Item.CostElementCategoryList.Software.NonRecurring.CostElementList.CostElement"
"To Be Determined","To Be Determined","2019-BASE_PROCUREMENT-2019-AIRFORCE_OTHER-U_PROCUREMENT_MasterJustificationBook_Air_Force_PB_2019.zzz_unzipped-U_PROCUREMENT_MasterJustificationBook_Air_Force_PB_2019.xml","4a25936642e06f3922888cca11fa5f826ab76a38375a7bdf787be5b07da5c5a7","0-402605c55b606da6538f51d1356bc839479cc1cc12fa368ba60b0d15dea98d12","0","8","1","9","0","0","0","0","AF Quantity FY 2019 Base MROI License quantities based on per user, per processor and enterprise level requirements.","1715.00","1715.00","1715.00","0-a02b15dcc60480cc2264e73b1c8c28fdfbe3ae9179a1e2c20d2ec2fb6b74e5f4","root.record.ItemExhibitList.P5Item.CostElementCategoryList.Software.NonRecurring.CostElementList.CostElement"
"To Be Determined","To Be Determined","2019-BASE_PROCUREMENT-2019-AIRFORCE_OTHER-U_PROCUREMENT_MasterJustificationBook_Air_Force_PB_2019.zzz_unzipped-U_PROCUREMENT_MasterJustificationBook_Air_Force_PB_2019.xml","4a25936642e06f3922888cca11fa5f826ab76a38375a7bdf787be5b07da5c5a7","0-142bacf794f5ea5e7df877f381fcaa21f871b137b28f371de07fa1cbbf34b7b2","0","2","1","3","0","0","0","0","","454.00","454.00","454.00","1-f87d178478d2a3961ee0fed9b2b3b2aa271e7e260b52e3b999d431b384f4a9e9","root.record.ItemExhibitList.P5Item.CostElementCategoryList.Software.NonRecurring.CostElementList.CostElement"
"Multiple Hardware/Software","Various","2019-BASE_PROCUREMENT-2019-ARMY_OTHER_2-U_PROCUREMENT_JustificationBook_Army_PB_2019.zzz_unzipped-U_PROCUREMENT_JustificationBook_Army_PB_2019.xml","864c45b21c53c303e7fd034cef75f0bb3fa0b024147cba3a39070cf23635a784","0-795203c63544ea89e9d8933a9c248f35cb0a3fcfa22dc737517126d1960cb4dd","","","","","","","","","","","","","0-b8404d2074b47556942fa14e3972a1738d81f71519b9347b2932e0e723f5db2a","root.record.ItemExhibitList.P5Item.CostElementCategoryList.Software.NonRecurring.CostElementList.CostElement"
"TBD","TBD","2019-BASE_PROCUREMENT-2019-ARMY_OTHER_2-U_PROCUREMENT_JustificationBook_Army_PB_2019.zzz_unzipped-U_PROCUREMENT_JustificationBook_Army_PB_2019.xml","864c45b21c53c303e7fd034cef75f0bb3fa0b024147cba3a39070cf23635a784","1-a1dd96dff5ff414cee1b6b91969fcf9a098aa9c441b59c47b22a29ff09370c90","","","","","","","","","","","","","0-b8404d2074b47556942fa14e3972a1738d81f71519b9347b2932e0e723f5db2a","root.record.ItemExhibitList.P5Item.CostElementCategoryList.Software.NonRecurring.CostElementList.CostElement"
"SAP","TBD","2019-BASE_PROCUREMENT-2019-ARMY_OTHER_2-U_PROCUREMENT_JustificationBook_Army_PB_2019.zzz_unzipped-U_PROCUREMENT_JustificationBook_Army_PB_2019.xml","864c45b21c53c303e7fd034cef75f0bb3fa0b024147cba3a39070cf23635a784","0-fa3d79f7f942dd6abed264fd73ef1505e6d8553a1be97b6003b3c50280e4c19f","","","","","","","","","","","","","0-2b2fe5cb4915dbe416c32b8f802307476ffb03bcf074c56fde9f685798fd1d4b","root.record.ItemExhibitList.P5Item.CostElementCategoryList.Software.NonRecurring.CostElementList.CostElement"
"UNICOM Government, Inc.","Chantilly, VA","2019-BASE_PROCUREMENT-2019-ARMY_OTHER_2-U_PROCUREMENT_JustificationBook_Army_PB_2019.zzz_unzipped-U_PROCUREMENT_JustificationBook_Army_PB_2019.xml","16460c7c27924b372086b35662e9cdf675b9a832b575627291fc52fa6c982e98","0-6ed387d6b33c132c74dcfae8f689876f7cc004cdb69f866bfc3cf7f2ee72900a","","","","","","","","","","","","","0-080395cb78678ffcf2aa25a72d4961882b478ac6167786fc94cb4873d2862a38","root.record.ItemExhibitList.P5Item.CostElementCategoryList.Software.NonRecurring.CostElementList.CostElement"
"TBS","TBS","2019-BASE_PROCUREMENT-2019-ARMY_OTHER_2-U_PROCUREMENT_JustificationBook_Army_PB_2019.zzz_unzipped-U_PROCUREMENT_JustificationBook_Army_PB_2019.xml","16460c7c27924b372086b35662e9cdf675b9a832b575627291fc52fa6c982e98","0-3624b14e77e98d2e26c83b2b89f71f3c6c5b7f70bf756242fbf47b2ffe47139f","","","","","","","","","","","","","0-0c407dfb4cb7473ea0b1c685809b3acd727a8a7c6cac27a06bbbd25da5bd3479","root.record.ItemExhibitList.P5Item.CostElementCategoryList.Software.NonRecurring.CostElementList.CostElement"
"Leidos","McLean, VA","2019-BASE_PROCUREMENT-2019-ARMY_OTHER_2-U_PROCUREMENT_JustificationBook_Army_PB_2019.zzz_unzipped-U_PROCUREMENT_JustificationBook_Army_PB_2019.xml","16460c7c27924b372086b35662e9cdf675b9a832b575627291fc52fa6c982e98","1-a5642dc21c15cf189fe7512a26c21bbce5127830a9276620ffef4f8698e69db7","","","","","","","","","","","","","0-0c407dfb4cb7473ea0b1c685809b3acd727a8a7c6cac27a06bbbd25da5bd3479","root.record.ItemExhibitList.P5Item.CostElementCategoryList.Software.NonRecurring.CostElementList.CostElement"
"TBS","TBS","2019-BASE_PROCUREMENT-2019-ARMY_OTHER_2-U_PROCUREMENT_JustificationBook_Army_PB_2019.zzz_unzipped-U_PROCUREMENT_JustificationBook_Army_PB_2019.xml","16460c7c27924b372086b35662e9cdf675b9a832b575627291fc52fa6c982e98","0-c87f42bf05aa50a5b24991ecaa03a9bd8a3efbb55d1765f0e8a73f5f4e39e44c","","","","","","","","","","","","","3-f9aed06a10125f9005eeff250802bef7faca31882591191829d639810376da98","root.record.ItemExhibitList.P5Item.CostElementCategoryList.Software.NonRecurring.CostElementList.CostElement"
"TBS","TBS","2019-BASE_PROCUREMENT-2019-ARMY_OTHER_2-U_PROCUREMENT_JustificationBook_Army_PB_2019.zzz_unzipped-U_PROCUREMENT_JustificationBook_Army_PB_2019.xml","16460c7c27924b372086b35662e9cdf675b9a832b575627291fc52fa6c982e98","0-fdc838788fb4e951111871926e76e58a2d7d561074f9b1d88646a4f3bd64f67f","","","","","","","","","","","","","7-3a6526989971c76c06bef8c9aa6b315dcbb22938b2549383e928d678d9dd03c3","root.record.ItemExhibitList.P5Item.CostElementCategoryList.Software.NonRecurring.CostElementList.CostElement"
"TBS","TBS","2019-BASE_PROCUREMENT-2019-ARMY_OTHER_2-U_PROCUREMENT_JustificationBook_Army_PB_2019.zzz_unzipped-U_PROCUREMENT_JustificationBook_Army_PB_2019.xml","16460c7c27924b372086b35662e9cdf675b9a832b575627291fc52fa6c982e98","0-bb37e833a982b81d96823108867c64dfc2be00c2063a563decc57db9311e5441","","","","","","","","","","","","","8-96776099735dc7d32415e75c29d95c4851e19f5a9c143d0afb1438c8e0e622cc","root.record.ItemExhibitList.P5Item.CostElementCategoryList.Software.NonRecurring.CostElementList.CostElement"
"Affigent LLC","Herndon, VA","2019-BASE_PROCUREMENT-2019-ARMY_OTHER_2-U_PROCUREMENT_JustificationBook_Army_PB_2019.zzz_unzipped-U_PROCUREMENT_JustificationBook_Army_PB_2019.xml","16460c7c27924b372086b35662e9cdf675b9a832b575627291fc52fa6c982e98","0-ebb3303188ffee4e5ce301cc9f6d43304b6bc705891bf46cb378c4d54f879e5e","","","","","","","","","","","","","1-e3f574c6ed8d8d436cb8159b4cd7c1b4baa52d858d5f26ea72d3f19b4914c71c","root.record.ItemExhibitList.P5Item.CostElementCategoryList.Software.NonRecurring.CostElementList.CostElement"
"World Wide Technology","Maryland Heights, MO","2019-BASE_PROCUREMENT-2019-ARMY_OTHER_2-U_PROCUREMENT_JustificationBook_Army_PB_2019.zzz_unzipped-U_PROCUREMENT_JustificationBook_Army_PB_2019.xml","16460c7c27924b372086b35662e9cdf675b9a832b575627291fc52fa6c982e98","0-a913283bc8dd67ae17eca83f1ab2781a1cc396dd73cfcf3ef54f49ec914b9957","","","","","","","","","","","","","2-984cd0b96f7a073e6547dbdbd94d20b72e8d3250409d8a4831ed8aabff413a6b","root.record.ItemExhibitList.P5Item.CostElementCategoryList.Software.NonRecurring.CostElementList.CostElement"
"Four LLC","Herndon, VA","2019-BASE_PROCUREMENT-2019-ARMY_OTHER_2-U_PROCUREMENT_JustificationBook_Army_PB_2019.zzz_unzipped-U_PROCUREMENT_JustificationBook_Army_PB_2019.xml","16460c7c27924b372086b35662e9cdf675b9a832b575627291fc52fa6c982e98","1-0cc7b38443b15164ea9fa374ea8dc449c0db33ac7be238e32b4e60369c957340","","","","","","","","","","","","","2-984cd0b96f7a073e6547dbdbd94d20b72e8d3250409d8a4831ed8aabff413a6b","root.record.ItemExhibitList.P5Item.CostElementCategoryList.Software.NonRecurring.CostElementList.CostElement"
"Various SW Manufacturers","Various","2019-BASE_PROCUREMENT-2019-ARMY_OTHER_2-U_PROCUREMENT_JustificationBook_Army_PB_2019.zzz_unzipped-U_PROCUREMENT_JustificationBook_Army_PB_2019.xml","76cd21f8f78640c01ef5294e9e647e06af1a0c62c081ebb0f1e92f8f63cfcac1","0-7aec1a55ca90ab917d897b9d1f9dff43770f1cfe413b6fc93ed70cf94245f90f","","","","","","","","","","","","","0-011cbef1dca58c333d087a026dcc6cbcf855b626e50755333efbb4c9be9070a9","root.record.ItemExhibitList.P5Item.CostElementCategoryList.Software.NonRecurring.CostElementList.CostElement"
"TBS (ERI Targetry)","Orlando, FL 32825","2019-BASE_PROCUREMENT-2019-ARMY_OTHER_3-4-U_PROCUREMENT_JustificationBook_Army_PB_2019.zzz_unzipped-U_PROCUREMENT_JustificationBook_Army_PB_2019.xml","1d0b02e6570e2975253fdf442e253fb3e971dcc6537280f554af05f8d7e873c0","0-9c860a522c20a29b5233243f7169590990ef7114de6899c17625f557b666aa86","","","","","","","","","","","","","0-1afd56e41aa2be092ddc7316d771d019bb733cf21a164dbde5a66ba92bb492b8","root.record.ItemExhibitList.P5Item.CostElementCategoryList.Software.NonRecurring.CostElementList.CostElement"
"TBD","TBD","2020-BASE_PROCUREMENT-2020-ARMY_OTHER_2-U_PROCUREMENT_JustificationBook_Army_PB_2020.zzz_unzipped-U_PROCUREMENT_JustificationBook_Army_PB_2020.xml","b2891a2bda07367ccf2b8dbf394c670aeb2803bf06070484c4f661ee0f471972","0-76f601cef896ea07fb3218782d2b4239a5ae7fd64ae7abd6acd52fa87b7a0fd6","","","","","","","","","","","","","0-eff508566fc6a822e97e72cb85c2768cebc044d2fe1e0e8fdf32da475a5ff456","root.record.ItemExhibitList.P5Item.CostElementCategoryList.Software.NonRecurring.CostElementList.CostElement"
"TBS","TBS","2020-BASE_PROCUREMENT-2020-ARMY_OTHER_2-U_PROCUREMENT_JustificationBook_Army_PB_2020.zzz_unzipped-U_PROCUREMENT_JustificationBook_Army_PB_2020.xml","b88d7323f0c39487e5559446b30366f2a4b0cc7b20a8d7e248026f47c8d027bd","0-fff844b287c91e2533504f815b49b01c328f925a6978296460852ce3e506691f","","","","","","","","","","","","","0-c86406a6441ca350c8a65e9522218df8bde3dad4d0874c880b71b2302dea53c0","root.record.ItemExhibitList.P5Item.CostElementCategoryList.Software.NonRecurring.CostElementList.CostElement"
"Battlefield System Engineering Services","Atlanta, GA","2020-BASE_PROCUREMENT-2020-ARMY_OTHER_2-U_PROCUREMENT_JustificationBook_Army_PB_2020.zzz_unzipped-U_PROCUREMENT_JustificationBook_Army_PB_2020.xml","b88d7323f0c39487e5559446b30366f2a4b0cc7b20a8d7e248026f47c8d027bd","1-8888ff677cab6ca7a6df58fa83fb1c948d15170e32684b9b54eea12d94fcf626","","","","","","","","","","","","","0-c86406a6441ca350c8a65e9522218df8bde3dad4d0874c880b71b2302dea53c0","root.record.ItemExhibitList.P5Item.CostElementCategoryList.Software.NonRecurring.CostElementList.CostElement"
"TBS","TBS","2020-BASE_PROCUREMENT-2020-ARMY_OTHER_2-U_PROCUREMENT_JustificationBook_Army_PB_2020.zzz_unzipped-U_PROCUREMENT_JustificationBook_Army_PB_2020.xml","b88d7323f0c39487e5559446b30366f2a4b0cc7b20a8d7e248026f47c8d027bd","0-b8a3847d775e7e2da03042fc29b12039111838f426b6281c76c66394d9d99ffc","","","","","","","","","","","","","0-eaf8d685272247090af69522c392ce7455a936cc5ff6d78e2e75c2ad8000ae85","root.record.ItemExhibitList.P5Item.CostElementCategoryList.Software.NonRecurring.CostElementList.CostElement"
"Affigent, LLC","Herndon, VA","2020-BASE_PROCUREMENT-2020-ARMY_OTHER_2-U_PROCUREMENT_JustificationBook_Army_PB_2020.zzz_unzipped-U_PROCUREMENT_JustificationBook_Army_PB_2020.xml","b88d7323f0c39487e5559446b30366f2a4b0cc7b20a8d7e248026f47c8d027bd","0-0805905509d263f028160db41027652103bc9b58fdfb28d3ce8cb68ba6f00a36","","","","","","","","","","","","","3-03c542da23a965b1d936e230c018497ffda135c44c82fcace92cc28031af130f","root.record.ItemExhibitList.P5Item.CostElementCategoryList.Software.NonRecurring.CostElementList.CostElement"
"TBS","TBS","2020-BASE_PROCUREMENT-2020-ARMY_OTHER_2-U_PROCUREMENT_JustificationBook_Army_PB_2020.zzz_unzipped-U_PROCUREMENT_JustificationBook_Army_PB_2020.xml","b88d7323f0c39487e5559446b30366f2a4b0cc7b20a8d7e248026f47c8d027bd","0-980de6b694b25047e9795edcbec8b23fe89147265bfc34b0216f6c84254cc59d","","","","","","","","","","","","","7-d61b9203431d2988da9cfce68e0aa70c7e8e0fa21f883febec21682245aeec87","root.record.ItemExhibitList.P5Item.CostElementCategoryList.Software.NonRecurring.CostElementList.CostElement"
"TBS","TBS","2020-BASE_PROCUREMENT-2020-ARMY_OTHER_2-U_PROCUREMENT_JustificationBook_Army_PB_2020.zzz_unzipped-U_PROCUREMENT_JustificationBook_Army_PB_2020.xml","b88d7323f0c39487e5559446b30366f2a4b0cc7b20a8d7e248026f47c8d027bd","0-23ad244cff80ec3dfb02b184c1b5474de37c553e7d3bc2b4036e19e5738cda65","","","","","","","","","","","","","3-d6b43c422f93594bff8c47e7e5844db9e9106a5c0b870726635d0a257cac8eb5","root.record.ItemExhibitList.P5Item.CostElementCategoryList.Software.NonRecurring.CostElementList.CostElement"
"Various SW Manufacturers","Various","2020-BASE_PROCUREMENT-2020-ARMY_OTHER_2-U_PROCUREMENT_JustificationBook_Army_PB_2020.zzz_unzipped-U_PROCUREMENT_JustificationBook_Army_PB_2020.xml","51236519ecb09c8b6ba737c7b761a5796e49ba02390051435c0a6b218da0ee54","0-15de1ea29fcb492d7d3ef51325440b4e38ac32b26a24ad486ec2300503c6033d","","","","","","","","","","","","","0-72dcddc4c6b1fcceeefe44cfeb5c967174ad49d0b6744dd84205888749171afc","root.record.ItemExhibitList.P5Item.CostElementCategoryList.Software.NonRecurring.CostElementList.CostElement"
"TBS (ERI Targetry)","Orlando, FL 32825","2020-BASE_PROCUREMENT-2020-ARMY_OTHER_3-4-U_PROCUREMENT_JustificationBook_Army_PB_2020.zzz_unzipped-U_PROCUREMENT_JustificationBook_Army_PB_2020.xml","75d6b5f9a3714a351adfe57397475b1716c9ab36d18146dce8d31a64a25ee33b","0-9ebb91c62aff9a66fff871d14a33070c945c0c19d1bc4b69b777948accf3ade1","","","","","","","","","","","","","0-c51ae68a7561f9026ae68e65e240b314825294281ee6cbaad17379336d976ad0","root.record.ItemExhibitList.P5Item.CostElementCategoryList.Software.NonRecurring.CostElementList.CostElement"
