[
    {
        "Name_val": "Air Force Active",
        "Cost_Quantity_CurrentYear_val": "1",
        "Cost_Quantity_BudgetYearOneBase_val": "8",
        "Cost_Quantity_BudgetYearOne_val": "8",
        "Cost_Quantity_PriorYear_val": "",
        "Cost_Quantity_BudgetYearTwo_val": "",
        "Cost_Quantity_BudgetYearThree_val": "",
        "Cost_Quantity_BudgetYearFour_val": "",
        "Cost_Quantity_BudgetYearFive_val": "",
        "Cost_TotalCost_CurrentYear_val": "0.9",
        "Cost_TotalCost_BudgetYearOneBase_val": "6.718",
        "Cost_TotalCost_BudgetYearOne_val": "6.718",
        "Cost_TotalCost_PriorYear_val": "",
        "Cost_TotalCost_BudgetYearTwo_val": "",
        "Cost_TotalCost_BudgetYearThree_val": "",
        "Cost_TotalCost_BudgetYearFour_val": "",
        "Cost_TotalCost_BudgetYearFive_val": "",
        "@SOURCE_FILENAME": "2015-BASE_PROCUREMENT-2015-AIRFORCE_AIRCRAFT_VOL2-PROCUREMENT_JustificationBook_Air_Force_PB_2015.zzz_unzipped-PROCUREMENT_JustificationBook_Air_Force_PB_2015.xml",
        "@RECORDID": "64acb54550a4560598d7d665ce51dd7ecd276be3097259da048227510b8c8d9d",
        "@ROWID": "0-214554cc65a2c072acc0cd8ad125c8fef2f58e80492be91f2a32a1ef55178717",
        "@PARENTROWID": "0-f4a0655dbafaa7cc298ae4bc4374116c940802ac9d6635ea20716fe56428733d",
        "@PARENT": "root.record.ItemExhibitList.P3AModificationItemGroup.ModificationItemList.ModificationItem.Installation.ImplementationMethodList.ImplementationMethod"
    },
    {
        "Name_val": "Air Force Active",
        "Cost_Quantity_CurrentYear_val": "",
        "Cost_Quantity_BudgetYearOneBase_val": "2",
        "Cost_Quantity_BudgetYearOne_val": "2",
        "Cost_Quantity_PriorYear_val": "",
        "Cost_Quantity_BudgetYearTwo_val": "",
        "Cost_Quantity_BudgetYearThree_val": "",
        "Cost_Quantity_BudgetYearFour_val": "",
        "Cost_Quantity_BudgetYearFive_val": "",
        "Cost_TotalCost_CurrentYear_val": "",
        "Cost_TotalCost_BudgetYearOneBase_val": "0.66",
        "Cost_TotalCost_BudgetYearOne_val": "0.66",
        "Cost_TotalCost_PriorYear_val": "",
        "Cost_TotalCost_BudgetYearTwo_val": "",
        "Cost_TotalCost_BudgetYearThree_val": "",
        "Cost_TotalCost_BudgetYearFour_val": "",
        "Cost_TotalCost_BudgetYearFive_val": "",
        "@SOURCE_FILENAME": "2015-BASE_PROCUREMENT-2015-AIRFORCE_AIRCRAFT_VOL2-PROCUREMENT_JustificationBook_Air_Force_PB_2015.zzz_unzipped-PROCUREMENT_JustificationBook_Air_Force_PB_2015.xml",
        "@RECORDID": "64acb54550a4560598d7d665ce51dd7ecd276be3097259da048227510b8c8d9d",
        "@ROWID": "0-abc6c9fc2086e89136ccc4ae76c34a42b33f5bf58360f0b30c5a09d6508efbbb",
        "@PARENTROWID": "1-7f9266243193cc87aecd6a4ccc273eef85029fbb305f56117ee757fe12421bc6",
        "@PARENT": "root.record.ItemExhibitList.P3AModificationItemGroup.ModificationItemList.ModificationItem.Installation.ImplementationMethodList.ImplementationMethod"
    },
    {
        "Name_val": "Air Force Active",
        "Cost_Quantity_CurrentYear_val": "6",
        "Cost_Quantity_BudgetYearOneBase_val": "",
        "Cost_Quantity_BudgetYearOne_val": "",
        "Cost_Quantity_PriorYear_val": "",
        "Cost_Quantity_BudgetYearTwo_val": "",
        "Cost_Quantity_BudgetYearThree_val": "",
        "Cost_Quantity_BudgetYearFour_val": "",
        "Cost_Quantity_BudgetYearFive_val": "",
        "Cost_TotalCost_CurrentYear_val": "149.612",
        "Cost_TotalCost_BudgetYearOneBase_val": "",
        "Cost_TotalCost_BudgetYearOne_val": "",
        "Cost_TotalCost_PriorYear_val": "",
        "Cost_TotalCost_BudgetYearTwo_val": "",
        "Cost_TotalCost_BudgetYearThree_val": "",
        "Cost_TotalCost_BudgetYearFour_val": "",
        "Cost_TotalCost_BudgetYearFive_val": "",
        "@SOURCE_FILENAME": "2015-BASE_PROCUREMENT-2015-AIRFORCE_AIRCRAFT_VOL2-PROCUREMENT_JustificationBook_Air_Force_PB_2015.zzz_unzipped-PROCUREMENT_JustificationBook_Air_Force_PB_2015.xml",
        "@RECORDID": "e049539817dd22b34918c2c0be8271bbbd79d6b6a486234ddff8e6be076c0e3d",
        "@ROWID": "0-49f6484bb084e1a984ed62af87fb3abaa2d93d6e871f5f545863630e5e299a52",
        "@PARENTROWID": "0-1c07cc8dddefd34d99035c4053c4cce2f5b5c39a2c53f5bdc75ee0c0705c4261",
        "@PARENT": "root.record.ItemExhibitList.P3AModificationItemGroup.ModificationItemList.ModificationItem.Installation.ImplementationMethodList.ImplementationMethod"
    },
    {
        "Name_val": "Air Force Reserve",
        "Cost_Quantity_CurrentYear_val": "5",
        "Cost_Quantity_BudgetYearOneBase_val": "",
        "Cost_Quantity_BudgetYearOne_val": "",
        "Cost_Quantity_PriorYear_val": "",
        "Cost_Quantity_BudgetYearTwo_val": "",
        "Cost_Quantity_BudgetYearThree_val": "",
        "Cost_Quantity_BudgetYearFour_val": "",
        "Cost_Quantity_BudgetYearFive_val": "",
        "Cost_TotalCost_CurrentYear_val": "124.676",
        "Cost_TotalCost_BudgetYearOneBase_val": "",
        "Cost_TotalCost_BudgetYearOne_val": "",
        "Cost_TotalCost_PriorYear_val": "",
        "Cost_TotalCost_BudgetYearTwo_val": "",
        "Cost_TotalCost_BudgetYearThree_val": "",
        "Cost_TotalCost_BudgetYearFour_val": "",
        "Cost_TotalCost_BudgetYearFive_val": "",
        "@SOURCE_FILENAME": "2015-BASE_PROCUREMENT-2015-AIRFORCE_AIRCRAFT_VOL2-PROCUREMENT_JustificationBook_Air_Force_PB_2015.zzz_unzipped-PROCUREMENT_JustificationBook_Air_Force_PB_2015.xml",
        "@RECORDID": "e049539817dd22b34918c2c0be8271bbbd79d6b6a486234ddff8e6be076c0e3d",
        "@ROWID": "1-b85cf7ef3e25cdd64ccc4946e659eb683f8caa79f5cc0350aa3981d9f3a65d7d",
        "@PARENTROWID": "0-1c07cc8dddefd34d99035c4053c4cce2f5b5c39a2c53f5bdc75ee0c0705c4261",
        "@PARENT": "root.record.ItemExhibitList.P3AModificationItemGroup.ModificationItemList.ModificationItem.Installation.ImplementationMethodList.ImplementationMethod"
    },
    {
        "Name_val": "Air Force Active",
        "Cost_Quantity_CurrentYear_val": "",
        "Cost_Quantity_BudgetYearOneBase_val": "17",
        "Cost_Quantity_BudgetYearOne_val": "17",
        "Cost_Quantity_PriorYear_val": "",
        "Cost_Quantity_BudgetYearTwo_val": "",
        "Cost_Quantity_BudgetYearThree_val": "",
        "Cost_Quantity_BudgetYearFour_val": "",
        "Cost_Quantity_BudgetYearFive_val": "",
        "Cost_TotalCost_CurrentYear_val": "",
        "Cost_TotalCost_BudgetYearOneBase_val": "3.844",
        "Cost_TotalCost_BudgetYearOne_val": "3.844",
        "Cost_TotalCost_PriorYear_val": "",
        "Cost_TotalCost_BudgetYearTwo_val": "",
        "Cost_TotalCost_BudgetYearThree_val": "",
        "Cost_TotalCost_BudgetYearFour_val": "",
        "Cost_TotalCost_BudgetYearFive_val": "",
        "@SOURCE_FILENAME": "2015-BASE_PROCUREMENT-2015-AIRFORCE_AIRCRAFT_VOL2-PROCUREMENT_JustificationBook_Air_Force_PB_2015.zzz_unzipped-PROCUREMENT_JustificationBook_Air_Force_PB_2015.xml",
        "@RECORDID": "2c3a42ac96c574f3a05d311e38d1fd39e76b2eaa077eed338c2b56579168a566",
        "@ROWID": "0-bd007c0bf2794a1d1ad38f0ed02dacb8e3b29d65c14f7bde09f1319fadd1afcd",
        "@PARENTROWID": "0-cd9e56fa7519c6d1d9abad7bc4a2ace98069231ef04fbbaca11aa57c52e37f1f",
        "@PARENT": "root.record.ItemExhibitList.P3AModificationItemGroup.ModificationItemList.ModificationItem.Installation.ImplementationMethodList.ImplementationMethod"
    },
    {
        "Name_val": "Air National Guard",
        "Cost_Quantity_CurrentYear_val": "",
        "Cost_Quantity_BudgetYearOneBase_val": "3",
        "Cost_Quantity_BudgetYearOne_val": "3",
        "Cost_Quantity_PriorYear_val": "",
        "Cost_Quantity_BudgetYearTwo_val": "",
        "Cost_Quantity_BudgetYearThree_val": "",
        "Cost_Quantity_BudgetYearFour_val": "",
        "Cost_Quantity_BudgetYearFive_val": "",
        "Cost_TotalCost_CurrentYear_val": "",
        "Cost_TotalCost_BudgetYearOneBase_val": "0.678",
        "Cost_TotalCost_BudgetYearOne_val": "0.678",
        "Cost_TotalCost_PriorYear_val": "",
        "Cost_TotalCost_BudgetYearTwo_val": "",
        "Cost_TotalCost_BudgetYearThree_val": "",
        "Cost_TotalCost_BudgetYearFour_val": "",
        "Cost_TotalCost_BudgetYearFive_val": "",
        "@SOURCE_FILENAME": "2015-BASE_PROCUREMENT-2015-AIRFORCE_AIRCRAFT_VOL2-PROCUREMENT_JustificationBook_Air_Force_PB_2015.zzz_unzipped-PROCUREMENT_JustificationBook_Air_Force_PB_2015.xml",
        "@RECORDID": "2c3a42ac96c574f3a05d311e38d1fd39e76b2eaa077eed338c2b56579168a566",
        "@ROWID": "1-a1c92a434f73f10c0994465c32c448d46c11f59fda59f58c6ff4d8a5701b3b61",
        "@PARENTROWID": "0-cd9e56fa7519c6d1d9abad7bc4a2ace98069231ef04fbbaca11aa57c52e37f1f",
        "@PARENT": "root.record.ItemExhibitList.P3AModificationItemGroup.ModificationItemList.ModificationItem.Installation.ImplementationMethodList.ImplementationMethod"
    },
    {
        "Name_val": "Air Force Reserve",
        "Cost_Quantity_CurrentYear_val": "",
        "Cost_Quantity_BudgetYearOneBase_val": "4",
        "Cost_Quantity_BudgetYearOne_val": "4",
        "Cost_Quantity_PriorYear_val": "",
        "Cost_Quantity_BudgetYearTwo_val": "",
        "Cost_Quantity_BudgetYearThree_val": "",
        "Cost_Quantity_BudgetYearFour_val": "",
        "Cost_Quantity_BudgetYearFive_val": "",
        "Cost_TotalCost_CurrentYear_val": "",
        "Cost_TotalCost_BudgetYearOneBase_val": "0.906",
        "Cost_TotalCost_BudgetYearOne_val": "0.906",
        "Cost_TotalCost_PriorYear_val": "",
        "Cost_TotalCost_BudgetYearTwo_val": "",
        "Cost_TotalCost_BudgetYearThree_val": "",
        "Cost_TotalCost_BudgetYearFour_val": "",
        "Cost_TotalCost_BudgetYearFive_val": "",
        "@SOURCE_FILENAME": "2015-BASE_PROCUREMENT-2015-AIRFORCE_AIRCRAFT_VOL2-PROCUREMENT_JustificationBook_Air_Force_PB_2015.zzz_unzipped-PROCUREMENT_JustificationBook_Air_Force_PB_2015.xml",
        "@RECORDID": "2c3a42ac96c574f3a05d311e38d1fd39e76b2eaa077eed338c2b56579168a566",
        "@ROWID": "2-3f654f15d686695c0c5584d6b6c6863276a90f175741f15d70470d59cc0dc091",
        "@PARENTROWID": "0-cd9e56fa7519c6d1d9abad7bc4a2ace98069231ef04fbbaca11aa57c52e37f1f",
        "@PARENT": "root.record.ItemExhibitList.P3AModificationItemGroup.ModificationItemList.ModificationItem.Installation.ImplementationMethodList.ImplementationMethod"
    },
    {
        "Name_val": "Air Force Active",
        "Cost_Quantity_CurrentYear_val": "6",
        "Cost_Quantity_BudgetYearOneBase_val": "30",
        "Cost_Quantity_BudgetYearOne_val": "30",
        "Cost_Quantity_PriorYear_val": "",
        "Cost_Quantity_BudgetYearTwo_val": "",
        "Cost_Quantity_BudgetYearThree_val": "",
        "Cost_Quantity_BudgetYearFour_val": "",
        "Cost_Quantity_BudgetYearFive_val": "",
        "Cost_TotalCost_CurrentYear_val": "2.187",
        "Cost_TotalCost_BudgetYearOneBase_val": "9.615",
        "Cost_TotalCost_BudgetYearOne_val": "9.615",
        "Cost_TotalCost_PriorYear_val": "",
        "Cost_TotalCost_BudgetYearTwo_val": "",
        "Cost_TotalCost_BudgetYearThree_val": "",
        "Cost_TotalCost_BudgetYearFour_val": "",
        "Cost_TotalCost_BudgetYearFive_val": "",
        "@SOURCE_FILENAME": "2015-BASE_PROCUREMENT-2015-AIRFORCE_AIRCRAFT_VOL2-PROCUREMENT_JustificationBook_Air_Force_PB_2015.zzz_unzipped-PROCUREMENT_JustificationBook_Air_Force_PB_2015.xml",
        "@RECORDID": "2c3a42ac96c574f3a05d311e38d1fd39e76b2eaa077eed338c2b56579168a566",
        "@ROWID": "0-ca14d145b2a1f5630d18c5b995857533be7e9111a6f525eefb1e0dca9e8258da",
        "@PARENTROWID": "0-01ffdabca261982a83b4cb5e1c3f9d1c8aa2f9eec71c5a2bb2e258b194388326",
        "@PARENT": "root.record.ItemExhibitList.P3AModificationItemGroup.ModificationItemList.ModificationItem.Installation.ImplementationMethodList.ImplementationMethod"
    },
    {
        "Name_val": "Air National Guard",
        "Cost_Quantity_CurrentYear_val": "",
        "Cost_Quantity_BudgetYearOneBase_val": "6",
        "Cost_Quantity_BudgetYearOne_val": "6",
        "Cost_Quantity_PriorYear_val": "",
        "Cost_Quantity_BudgetYearTwo_val": "",
        "Cost_Quantity_BudgetYearThree_val": "",
        "Cost_Quantity_BudgetYearFour_val": "",
        "Cost_Quantity_BudgetYearFive_val": "",
        "Cost_TotalCost_CurrentYear_val": "",
        "Cost_TotalCost_BudgetYearOneBase_val": "1.923",
        "Cost_TotalCost_BudgetYearOne_val": "1.923",
        "Cost_TotalCost_PriorYear_val": "",
        "Cost_TotalCost_BudgetYearTwo_val": "",
        "Cost_TotalCost_BudgetYearThree_val": "",
        "Cost_TotalCost_BudgetYearFour_val": "",
        "Cost_TotalCost_BudgetYearFive_val": "",
        "@SOURCE_FILENAME": "2015-BASE_PROCUREMENT-2015-AIRFORCE_AIRCRAFT_VOL2-PROCUREMENT_JustificationBook_Air_Force_PB_2015.zzz_unzipped-PROCUREMENT_JustificationBook_Air_Force_PB_2015.xml",
        "@RECORDID": "2c3a42ac96c574f3a05d311e38d1fd39e76b2eaa077eed338c2b56579168a566",
        "@ROWID": "1-a55286ed58a746b886fef7f38f6a31fb689b5dc957a5646a2679d41feefa530c",
        "@PARENTROWID": "0-01ffdabca261982a83b4cb5e1c3f9d1c8aa2f9eec71c5a2bb2e258b194388326",
        "@PARENT": "root.record.ItemExhibitList.P3AModificationItemGroup.ModificationItemList.ModificationItem.Installation.ImplementationMethodList.ImplementationMethod"
    },
    {
        "Name_val": "Air Force Reserve",
        "Cost_Quantity_CurrentYear_val": "",
        "Cost_Quantity_BudgetYearOneBase_val": "30",
        "Cost_Quantity_BudgetYearOne_val": "30",
        "Cost_Quantity_PriorYear_val": "",
        "Cost_Quantity_BudgetYearTwo_val": "",
        "Cost_Quantity_BudgetYearThree_val": "",
        "Cost_Quantity_BudgetYearFour_val": "",
        "Cost_Quantity_BudgetYearFive_val": "",
        "Cost_TotalCost_CurrentYear_val": "",
        "Cost_TotalCost_BudgetYearOneBase_val": "9.615",
        "Cost_TotalCost_BudgetYearOne_val": "9.615",
        "Cost_TotalCost_PriorYear_val": "",
        "Cost_TotalCost_BudgetYearTwo_val": "",
        "Cost_TotalCost_BudgetYearThree_val": "",
        "Cost_TotalCost_BudgetYearFour_val": "",
        "Cost_TotalCost_BudgetYearFive_val": "",
        "@SOURCE_FILENAME": "2015-BASE_PROCUREMENT-2015-AIRFORCE_AIRCRAFT_VOL2-PROCUREMENT_JustificationBook_Air_Force_PB_2015.zzz_unzipped-PROCUREMENT_JustificationBook_Air_Force_PB_2015.xml",
        "@RECORDID": "2c3a42ac96c574f3a05d311e38d1fd39e76b2eaa077eed338c2b56579168a566",
        "@ROWID": "2-595f5e3e2747e0145bf8506d8a2366f3e4a637ec8030b4292f0e3443246ad243",
        "@PARENTROWID": "0-01ffdabca261982a83b4cb5e1c3f9d1c8aa2f9eec71c5a2bb2e258b194388326",
        "@PARENT": "root.record.ItemExhibitList.P3AModificationItemGroup.ModificationItemList.ModificationItem.Installation.ImplementationMethodList.ImplementationMethod"
    },
    {
        "Name_val": "Air Force Active",
        "Cost_Quantity_CurrentYear_val": "38",
        "Cost_Quantity_BudgetYearOneBase_val": "",
        "Cost_Quantity_BudgetYearOne_val": "",
        "Cost_Quantity_PriorYear_val": "",
        "Cost_Quantity_BudgetYearTwo_val": "",
        "Cost_Quantity_BudgetYearThree_val": "",
        "Cost_Quantity_BudgetYearFour_val": "",
        "Cost_Quantity_BudgetYearFive_val": "",
        "Cost_TotalCost_CurrentYear_val": "1.447",
        "Cost_TotalCost_BudgetYearOneBase_val": "",
        "Cost_TotalCost_BudgetYearOne_val": "",
        "Cost_TotalCost_PriorYear_val": "",
        "Cost_TotalCost_BudgetYearTwo_val": "",
        "Cost_TotalCost_BudgetYearThree_val": "",
        "Cost_TotalCost_BudgetYearFour_val": "",
        "Cost_TotalCost_BudgetYearFive_val": "",
        "@SOURCE_FILENAME": "2015-BASE_PROCUREMENT-2015-AIRFORCE_AIRCRAFT_VOL2-PROCUREMENT_JustificationBook_Air_Force_PB_2015.zzz_unzipped-PROCUREMENT_JustificationBook_Air_Force_PB_2015.xml",
        "@RECORDID": "2c3a42ac96c574f3a05d311e38d1fd39e76b2eaa077eed338c2b56579168a566",
        "@ROWID": "0-60dbd0c6ba2600770aa06455480d55de95d3d99af57964ffc9a2ab94907e4f07",
        "@PARENTROWID": "0-26705708335f0890c041e2526a73483b5ba149826332fa30964ef5f441ffd283",
        "@PARENT": "root.record.ItemExhibitList.P3AModificationItemGroup.ModificationItemList.ModificationItem.Installation.ImplementationMethodList.ImplementationMethod"
    },
    {
        "Name_val": "Air Force Active",
        "Cost_Quantity_CurrentYear_val": "38",
        "Cost_Quantity_BudgetYearOneBase_val": "",
        "Cost_Quantity_BudgetYearOne_val": "",
        "Cost_Quantity_PriorYear_val": "",
        "Cost_Quantity_BudgetYearTwo_val": "",
        "Cost_Quantity_BudgetYearThree_val": "",
        "Cost_Quantity_BudgetYearFour_val": "",
        "Cost_Quantity_BudgetYearFive_val": "",
        "Cost_TotalCost_CurrentYear_val": "0.000",
        "Cost_TotalCost_BudgetYearOneBase_val": "",
        "Cost_TotalCost_BudgetYearOne_val": "",
        "Cost_TotalCost_PriorYear_val": "",
        "Cost_TotalCost_BudgetYearTwo_val": "",
        "Cost_TotalCost_BudgetYearThree_val": "",
        "Cost_TotalCost_BudgetYearFour_val": "",
        "Cost_TotalCost_BudgetYearFive_val": "",
        "@SOURCE_FILENAME": "2015-BASE_PROCUREMENT-2015-AIRFORCE_AIRCRAFT_VOL2-PROCUREMENT_JustificationBook_Air_Force_PB_2015.zzz_unzipped-PROCUREMENT_JustificationBook_Air_Force_PB_2015.xml",
        "@RECORDID": "2c3a42ac96c574f3a05d311e38d1fd39e76b2eaa077eed338c2b56579168a566",
        "@ROWID": "0-e4de25d2c061cf05229f5dee47e675432b237165c8bdbad81b70a613d0e5d31c",
        "@PARENTROWID": "0-cc2dbce79507545aeda394d7f0107328743fdfc8810a8588354d74456f2c3129",
        "@PARENT": "root.record.ItemExhibitList.P3AModificationItemGroup.ModificationItemList.ModificationItem.Installation.ImplementationMethodList.ImplementationMethod"
    },
    {
        "Name_val": "Air Force Active",
        "Cost_Quantity_CurrentYear_val": "",
        "Cost_Quantity_BudgetYearOneBase_val": "0",
        "Cost_Quantity_BudgetYearOne_val": "0",
        "Cost_Quantity_PriorYear_val": "0",
        "Cost_Quantity_BudgetYearTwo_val": "",
        "Cost_Quantity_BudgetYearThree_val": "",
        "Cost_Quantity_BudgetYearFour_val": "",
        "Cost_Quantity_BudgetYearFive_val": "",
        "Cost_TotalCost_CurrentYear_val": "",
        "Cost_TotalCost_BudgetYearOneBase_val": "0.913",
        "Cost_TotalCost_BudgetYearOne_val": "0.913",
        "Cost_TotalCost_PriorYear_val": "4.992",
        "Cost_TotalCost_BudgetYearTwo_val": "",
        "Cost_TotalCost_BudgetYearThree_val": "",
        "Cost_TotalCost_BudgetYearFour_val": "",
        "Cost_TotalCost_BudgetYearFive_val": "",
        "@SOURCE_FILENAME": "2015-BASE_PROCUREMENT-2015-AIRFORCE_AIRCRAFT_VOL2-PROCUREMENT_JustificationBook_Air_Force_PB_2015.zzz_unzipped-PROCUREMENT_JustificationBook_Air_Force_PB_2015.xml",
        "@RECORDID": "ad2cbcd52887cfdbd4c4e64af0f936c986b469e78be0a9fa924477b8ad18fb8f",
        "@ROWID": "0-8de539eeb599177fdfc6f3b529b98230870f6967dc1aaf577b638dac07d98c89",
        "@PARENTROWID": "0-7017454d78546b119bfbac2d0c5c84684440b4bba1eda724af7f9edf0c0047b4",
        "@PARENT": "root.record.ItemExhibitList.P3AModificationItemGroup.ModificationItemList.ModificationItem.Installation.ImplementationMethodList.ImplementationMethod"
    },
    {
        "Name_val": "Air National Guard",
        "Cost_Quantity_CurrentYear_val": "",
        "Cost_Quantity_BudgetYearOneBase_val": "",
        "Cost_Quantity_BudgetYearOne_val": "",
        "Cost_Quantity_PriorYear_val": "0",
        "Cost_Quantity_BudgetYearTwo_val": "",
        "Cost_Quantity_BudgetYearThree_val": "",
        "Cost_Quantity_BudgetYearFour_val": "",
        "Cost_Quantity_BudgetYearFive_val": "",
        "Cost_TotalCost_CurrentYear_val": "",
        "Cost_TotalCost_BudgetYearOneBase_val": "",
        "Cost_TotalCost_BudgetYearOne_val": "",
        "Cost_TotalCost_PriorYear_val": "1.664",
        "Cost_TotalCost_BudgetYearTwo_val": "",
        "Cost_TotalCost_BudgetYearThree_val": "",
        "Cost_TotalCost_BudgetYearFour_val": "",
        "Cost_TotalCost_BudgetYearFive_val": "",
        "@SOURCE_FILENAME": "2015-BASE_PROCUREMENT-2015-AIRFORCE_AIRCRAFT_VOL2-PROCUREMENT_JustificationBook_Air_Force_PB_2015.zzz_unzipped-PROCUREMENT_JustificationBook_Air_Force_PB_2015.xml",
        "@RECORDID": "ad2cbcd52887cfdbd4c4e64af0f936c986b469e78be0a9fa924477b8ad18fb8f",
        "@ROWID": "1-5f222ab24ccd71fa6d6b9f758555abc2a68fe05a5d525e8f31575b999ecb0cce",
        "@PARENTROWID": "0-7017454d78546b119bfbac2d0c5c84684440b4bba1eda724af7f9edf0c0047b4",
        "@PARENT": "root.record.ItemExhibitList.P3AModificationItemGroup.ModificationItemList.ModificationItem.Installation.ImplementationMethodList.ImplementationMethod"
    },
    {
        "Name_val": "Air Force Reserve",
        "Cost_Quantity_CurrentYear_val": "",
        "Cost_Quantity_BudgetYearOneBase_val": "",
        "Cost_Quantity_BudgetYearOne_val": "",
        "Cost_Quantity_PriorYear_val": "0",
        "Cost_Quantity_BudgetYearTwo_val": "",
        "Cost_Quantity_BudgetYearThree_val": "",
        "Cost_Quantity_BudgetYearFour_val": "",
        "Cost_Quantity_BudgetYearFive_val": "",
        "Cost_TotalCost_CurrentYear_val": "",
        "Cost_TotalCost_BudgetYearOneBase_val": "",
        "Cost_TotalCost_BudgetYearOne_val": "",
        "Cost_TotalCost_PriorYear_val": "0.832",
        "Cost_TotalCost_BudgetYearTwo_val": "",
        "Cost_TotalCost_BudgetYearThree_val": "",
        "Cost_TotalCost_BudgetYearFour_val": "",
        "Cost_TotalCost_BudgetYearFive_val": "",
        "@SOURCE_FILENAME": "2015-BASE_PROCUREMENT-2015-AIRFORCE_AIRCRAFT_VOL2-PROCUREMENT_JustificationBook_Air_Force_PB_2015.zzz_unzipped-PROCUREMENT_JustificationBook_Air_Force_PB_2015.xml",
        "@RECORDID": "ad2cbcd52887cfdbd4c4e64af0f936c986b469e78be0a9fa924477b8ad18fb8f",
        "@ROWID": "2-7b84dde4b555ddc9608d914b5fd27c2fd9f8213573fa31efc072118585447456",
        "@PARENTROWID": "0-7017454d78546b119bfbac2d0c5c84684440b4bba1eda724af7f9edf0c0047b4",
        "@PARENT": "root.record.ItemExhibitList.P3AModificationItemGroup.ModificationItemList.ModificationItem.Installation.ImplementationMethodList.ImplementationMethod"
    },
    {
        "Name_val": "Air Force Active",
        "Cost_Quantity_CurrentYear_val": "",
        "Cost_Quantity_BudgetYearOneBase_val": "",
        "Cost_Quantity_BudgetYearOne_val": "",
        "Cost_Quantity_PriorYear_val": "0",
        "Cost_Quantity_BudgetYearTwo_val": "",
        "Cost_Quantity_BudgetYearThree_val": "",
        "Cost_Quantity_BudgetYearFour_val": "",
        "Cost_Quantity_BudgetYearFive_val": "",
        "Cost_TotalCost_CurrentYear_val": "",
        "Cost_TotalCost_BudgetYearOneBase_val": "",
        "Cost_TotalCost_BudgetYearOne_val": "",
        "Cost_TotalCost_PriorYear_val": "0.385",
        "Cost_TotalCost_BudgetYearTwo_val": "",
        "Cost_TotalCost_BudgetYearThree_val": "",
        "Cost_TotalCost_BudgetYearFour_val": "",
        "Cost_TotalCost_BudgetYearFive_val": "",
        "@SOURCE_FILENAME": "2015-BASE_PROCUREMENT-2015-AIRFORCE_AIRCRAFT_VOL2-PROCUREMENT_JustificationBook_Air_Force_PB_2015.zzz_unzipped-PROCUREMENT_JustificationBook_Air_Force_PB_2015.xml",
        "@RECORDID": "ad2cbcd52887cfdbd4c4e64af0f936c986b469e78be0a9fa924477b8ad18fb8f",
        "@ROWID": "0-28313a5ba9b6819fd65b2bace409c45f9c1c4c49af84f8af7b1e89503078e4ef",
        "@PARENTROWID": "0-f83d9606d1cf9028efd3489e9ec628f5a07316df30b0506763630cea1e749efe",
        "@PARENT": "root.record.ItemExhibitList.P3AModificationItemGroup.ModificationItemList.ModificationItem.Installation.ImplementationMethodList.ImplementationMethod"
    },
    {
        "Name_val": "Air Force Active",
        "Cost_Quantity_CurrentYear_val": "",
        "Cost_Quantity_BudgetYearOneBase_val": "0",
        "Cost_Quantity_BudgetYearOne_val": "0",
        "Cost_Quantity_PriorYear_val": "",
        "Cost_Quantity_BudgetYearTwo_val": "2",
        "Cost_Quantity_BudgetYearThree_val": "3",
        "Cost_Quantity_BudgetYearFour_val": "0",
        "Cost_Quantity_BudgetYearFive_val": "0",
        "Cost_TotalCost_CurrentYear_val": "",
        "Cost_TotalCost_BudgetYearOneBase_val": "4.975",
        "Cost_TotalCost_BudgetYearOne_val": "4.975",
        "Cost_TotalCost_PriorYear_val": "",
        "Cost_TotalCost_BudgetYearTwo_val": "12.483",
        "Cost_TotalCost_BudgetYearThree_val": "0.000",
        "Cost_TotalCost_BudgetYearFour_val": "0.000",
        "Cost_TotalCost_BudgetYearFive_val": "0.000",
        "@SOURCE_FILENAME": "2015-BASE_PROCUREMENT-2015-AIRFORCE_AIRCRAFT_VOL2-PROCUREMENT_JustificationBook_Air_Force_PB_2015.zzz_unzipped-PROCUREMENT_JustificationBook_Air_Force_PB_2015.xml",
        "@RECORDID": "f95a686895e7fa3d37923c2b920ccf43d5ee240504c1f66a1de53572ac91a145",
        "@ROWID": "0-29c6cc3ba210112b02d321696f94ea5327577d230c1b14e5ff8a95a9ee8c4f33",
        "@PARENTROWID": "0-ecc25ed6e11b839ede9555fdfb3495087800fa5cf5fbf13a94a26e03f215eb67",
        "@PARENT": "root.record.ItemExhibitList.P3AModificationItemGroup.ModificationItemList.ModificationItem.Installation.ImplementationMethodList.ImplementationMethod"
    },
    {
        "Name_val": "Air Force Active",
        "Cost_Quantity_CurrentYear_val": "",
        "Cost_Quantity_BudgetYearOneBase_val": "8",
        "Cost_Quantity_BudgetYearOne_val": "8",
        "Cost_Quantity_PriorYear_val": "",
        "Cost_Quantity_BudgetYearTwo_val": "",
        "Cost_Quantity_BudgetYearThree_val": "",
        "Cost_Quantity_BudgetYearFour_val": "",
        "Cost_Quantity_BudgetYearFive_val": "",
        "Cost_TotalCost_CurrentYear_val": "",
        "Cost_TotalCost_BudgetYearOneBase_val": "4.179",
        "Cost_TotalCost_BudgetYearOne_val": "4.179",
        "Cost_TotalCost_PriorYear_val": "",
        "Cost_TotalCost_BudgetYearTwo_val": "",
        "Cost_TotalCost_BudgetYearThree_val": "",
        "Cost_TotalCost_BudgetYearFour_val": "",
        "Cost_TotalCost_BudgetYearFive_val": "",
        "@SOURCE_FILENAME": "2015-BASE_PROCUREMENT-2015-AIRFORCE_AIRCRAFT_VOL2-PROCUREMENT_JustificationBook_Air_Force_PB_2015.zzz_unzipped-PROCUREMENT_JustificationBook_Air_Force_PB_2015.xml",
        "@RECORDID": "4f10c9d75af1ff7f39d3312af79b465fcb001e31cfa449ec049bea6f08f73af1",
        "@ROWID": "0-1f35d834c5926ff8b1a48fdf43dacbe8d90feb26d9870c49cffe825257cc33bb",
        "@PARENTROWID": "0-f27b7f6ee59c7c4eaeaed8cfd7853f1fccf6caf9ec00780c89c83b9ec538660c",
        "@PARENT": "root.record.ItemExhibitList.P3AModificationItemGroup.ModificationItemList.ModificationItem.Installation.ImplementationMethodList.ImplementationMethod"
    },
    {
        "Name_val": "Air National Guard",
        "Cost_Quantity_CurrentYear_val": "",
        "Cost_Quantity_BudgetYearOneBase_val": "8",
        "Cost_Quantity_BudgetYearOne_val": "8",
        "Cost_Quantity_PriorYear_val": "",
        "Cost_Quantity_BudgetYearTwo_val": "",
        "Cost_Quantity_BudgetYearThree_val": "",
        "Cost_Quantity_BudgetYearFour_val": "",
        "Cost_Quantity_BudgetYearFive_val": "",
        "Cost_TotalCost_CurrentYear_val": "",
        "Cost_TotalCost_BudgetYearOneBase_val": "4.179",
        "Cost_TotalCost_BudgetYearOne_val": "4.179",
        "Cost_TotalCost_PriorYear_val": "",
        "Cost_TotalCost_BudgetYearTwo_val": "",
        "Cost_TotalCost_BudgetYearThree_val": "",
        "Cost_TotalCost_BudgetYearFour_val": "",
        "Cost_TotalCost_BudgetYearFive_val": "",
        "@SOURCE_FILENAME": "2015-BASE_PROCUREMENT-2015-AIRFORCE_AIRCRAFT_VOL2-PROCUREMENT_JustificationBook_Air_Force_PB_2015.zzz_unzipped-PROCUREMENT_JustificationBook_Air_Force_PB_2015.xml",
        "@RECORDID": "4f10c9d75af1ff7f39d3312af79b465fcb001e31cfa449ec049bea6f08f73af1",
        "@ROWID": "1-de4ca58736ecb4c4038f6f39b6a648680e141652f5f4a22cff3a14e368324254",
        "@PARENTROWID": "0-f27b7f6ee59c7c4eaeaed8cfd7853f1fccf6caf9ec00780c89c83b9ec538660c",
        "@PARENT": "root.record.ItemExhibitList.P3AModificationItemGroup.ModificationItemList.ModificationItem.Installation.ImplementationMethodList.ImplementationMethod"
    },
    {
        "Name_val": "Air Force Reserve",
        "Cost_Quantity_CurrentYear_val": "",
        "Cost_Quantity_BudgetYearOneBase_val": "3",
        "Cost_Quantity_BudgetYearOne_val": "3",
        "Cost_Quantity_PriorYear_val": "",
        "Cost_Quantity_BudgetYearTwo_val": "",
        "Cost_Quantity_BudgetYearThree_val": "",
        "Cost_Quantity_BudgetYearFour_val": "",
        "Cost_Quantity_BudgetYearFive_val": "",
        "Cost_TotalCost_CurrentYear_val": "",
        "Cost_TotalCost_BudgetYearOneBase_val": "1.568",
        "Cost_TotalCost_BudgetYearOne_val": "1.568",
        "Cost_TotalCost_PriorYear_val": "",
        "Cost_TotalCost_BudgetYearTwo_val": "",
        "Cost_TotalCost_BudgetYearThree_val": "",
        "Cost_TotalCost_BudgetYearFour_val": "",
        "Cost_TotalCost_BudgetYearFive_val": "",
        "@SOURCE_FILENAME": "2015-BASE_PROCUREMENT-2015-AIRFORCE_AIRCRAFT_VOL2-PROCUREMENT_JustificationBook_Air_Force_PB_2015.zzz_unzipped-PROCUREMENT_JustificationBook_Air_Force_PB_2015.xml",
        "@RECORDID": "4f10c9d75af1ff7f39d3312af79b465fcb001e31cfa449ec049bea6f08f73af1",
        "@ROWID": "2-af626f0d0a0c34ca096f68da53e2b4879f6fd176b4550aafb27277811abf8f54",
        "@PARENTROWID": "0-f27b7f6ee59c7c4eaeaed8cfd7853f1fccf6caf9ec00780c89c83b9ec538660c",
        "@PARENT": "root.record.ItemExhibitList.P3AModificationItemGroup.ModificationItemList.ModificationItem.Installation.ImplementationMethodList.ImplementationMethod"
    },
    {
        "Name_val": "Air Force Active",
        "Cost_Quantity_CurrentYear_val": "",
        "Cost_Quantity_BudgetYearOneBase_val": "7",
        "Cost_Quantity_BudgetYearOne_val": "7",
        "Cost_Quantity_PriorYear_val": "",
        "Cost_Quantity_BudgetYearTwo_val": "",
        "Cost_Quantity_BudgetYearThree_val": "",
        "Cost_Quantity_BudgetYearFour_val": "",
        "Cost_Quantity_BudgetYearFive_val": "",
        "Cost_TotalCost_CurrentYear_val": "",
        "Cost_TotalCost_BudgetYearOneBase_val": "4.991",
        "Cost_TotalCost_BudgetYearOne_val": "4.991",
        "Cost_TotalCost_PriorYear_val": "",
        "Cost_TotalCost_BudgetYearTwo_val": "",
        "Cost_TotalCost_BudgetYearThree_val": "",
        "Cost_TotalCost_BudgetYearFour_val": "",
        "Cost_TotalCost_BudgetYearFive_val": "",
        "@SOURCE_FILENAME": "2015-BASE_PROCUREMENT-2015-AIRFORCE_AIRCRAFT_VOL2-PROCUREMENT_JustificationBook_Air_Force_PB_2015.zzz_unzipped-PROCUREMENT_JustificationBook_Air_Force_PB_2015.xml",
        "@RECORDID": "37a9176d6819849bcd695141407bcbea7c3c0b02a6c4bbb6d05d22c664d601c4",
        "@ROWID": "0-35f39c0ed475849f7242ddf1f5681ebf54798358d58554e25422fd2f3966b51f",
        "@PARENTROWID": "0-cccea92bd4cbc71d0b17a30f1c3abe8279eaa0b7ef3e12a1bd037f1b115cf147",
        "@PARENT": "root.record.ItemExhibitList.P3AModificationItemGroup.ModificationItemList.ModificationItem.Installation.ImplementationMethodList.ImplementationMethod"
    },
    {
        "Name_val": "Air Force Active",
        "Cost_Quantity_CurrentYear_val": "",
        "Cost_Quantity_BudgetYearOneBase_val": "10",
        "Cost_Quantity_BudgetYearOne_val": "10",
        "Cost_Quantity_PriorYear_val": "",
        "Cost_Quantity_BudgetYearTwo_val": "",
        "Cost_Quantity_BudgetYearThree_val": "",
        "Cost_Quantity_BudgetYearFour_val": "",
        "Cost_Quantity_BudgetYearFive_val": "",
        "Cost_TotalCost_CurrentYear_val": "",
        "Cost_TotalCost_BudgetYearOneBase_val": "1.217",
        "Cost_TotalCost_BudgetYearOne_val": "1.217",
        "Cost_TotalCost_PriorYear_val": "",
        "Cost_TotalCost_BudgetYearTwo_val": "",
        "Cost_TotalCost_BudgetYearThree_val": "",
        "Cost_TotalCost_BudgetYearFour_val": "",
        "Cost_TotalCost_BudgetYearFive_val": "",
        "@SOURCE_FILENAME": "2015-BASE_PROCUREMENT-2015-AIRFORCE_AIRCRAFT_VOL2-PROCUREMENT_JustificationBook_Air_Force_PB_2015.zzz_unzipped-PROCUREMENT_JustificationBook_Air_Force_PB_2015.xml",
        "@RECORDID": "37a9176d6819849bcd695141407bcbea7c3c0b02a6c4bbb6d05d22c664d601c4",
        "@ROWID": "0-d2dd0c9f81b74b821af80dd21b3093ad96eae441136b0eadee69855398b3136c",
        "@PARENTROWID": "0-4f1233d4fa124bc9d0b8d2d4528dcae9943562dae5e5d5f80d155893e00bb871",
        "@PARENT": "root.record.ItemExhibitList.P3AModificationItemGroup.ModificationItemList.ModificationItem.Installation.ImplementationMethodList.ImplementationMethod"
    },
    {
        "Name_val": "Air Force Active",
        "Cost_Quantity_CurrentYear_val": "50",
        "Cost_Quantity_BudgetYearOneBase_val": "",
        "Cost_Quantity_BudgetYearOne_val": "",
        "Cost_Quantity_PriorYear_val": "",
        "Cost_Quantity_BudgetYearTwo_val": "",
        "Cost_Quantity_BudgetYearThree_val": "",
        "Cost_Quantity_BudgetYearFour_val": "",
        "Cost_Quantity_BudgetYearFive_val": "",
        "Cost_TotalCost_CurrentYear_val": "2.202",
        "Cost_TotalCost_BudgetYearOneBase_val": "",
        "Cost_TotalCost_BudgetYearOne_val": "",
        "Cost_TotalCost_PriorYear_val": "",
        "Cost_TotalCost_BudgetYearTwo_val": "",
        "Cost_TotalCost_BudgetYearThree_val": "",
        "Cost_TotalCost_BudgetYearFour_val": "",
        "Cost_TotalCost_BudgetYearFive_val": "",
        "@SOURCE_FILENAME": "2015-BASE_PROCUREMENT-2015-AIRFORCE_AIRCRAFT_VOL2-PROCUREMENT_JustificationBook_Air_Force_PB_2015.zzz_unzipped-PROCUREMENT_JustificationBook_Air_Force_PB_2015.xml",
        "@RECORDID": "37a9176d6819849bcd695141407bcbea7c3c0b02a6c4bbb6d05d22c664d601c4",
        "@ROWID": "0-876fdb817d5d43c3ced88cc51d0c3f9f7b49455afaa9a0b43e2397d57201a800",
        "@PARENTROWID": "0-90fbe995a40f6d9419338d9ca160e5bb615d51b5ade5858a996d01b7ee11a901",
        "@PARENT": "root.record.ItemExhibitList.P3AModificationItemGroup.ModificationItemList.ModificationItem.Installation.ImplementationMethodList.ImplementationMethod"
    },
    {
        "Name_val": "Air National Guard",
        "Cost_Quantity_CurrentYear_val": "",
        "Cost_Quantity_BudgetYearOneBase_val": "",
        "Cost_Quantity_BudgetYearOne_val": "",
        "Cost_Quantity_PriorYear_val": "",
        "Cost_Quantity_BudgetYearTwo_val": "2",
        "Cost_Quantity_BudgetYearThree_val": "9",
        "Cost_Quantity_BudgetYearFour_val": "",
        "Cost_Quantity_BudgetYearFive_val": "",
        "Cost_TotalCost_CurrentYear_val": "",
        "Cost_TotalCost_BudgetYearOneBase_val": "",
        "Cost_TotalCost_BudgetYearOne_val": "",
        "Cost_TotalCost_PriorYear_val": "",
        "Cost_TotalCost_BudgetYearTwo_val": "0.778",
        "Cost_TotalCost_BudgetYearThree_val": "4.179",
        "Cost_TotalCost_BudgetYearFour_val": "",
        "Cost_TotalCost_BudgetYearFive_val": "",
        "@SOURCE_FILENAME": "2015-BASE_PROCUREMENT-2015-AIRFORCE_AIRCRAFT_VOL2-PROCUREMENT_JustificationBook_Air_Force_PB_2015.zzz_unzipped-PROCUREMENT_JustificationBook_Air_Force_PB_2015.xml",
        "@RECORDID": "a8005ce497b4d26a96a0a73b3a202cd9ad0d2cb8833efae151bef5451667fd9e",
        "@ROWID": "0-2b25b93aa8e94c71bc2265501eedc3cdc8528583bc378e9f7e3992c713340e9d",
        "@PARENTROWID": "0-3eb34e1af7b1acfc8dc3aedad4649a5e045d6da54a25848e880efbc0132fd63d",
        "@PARENT": "root.record.ItemExhibitList.P3AModificationItemGroup.ModificationItemList.ModificationItem.Installation.ImplementationMethodList.ImplementationMethod"
    },
    {
        "Name_val": "Air Force Active",
        "Cost_Quantity_CurrentYear_val": "",
        "Cost_Quantity_BudgetYearOneBase_val": "",
        "Cost_Quantity_BudgetYearOne_val": "",
        "Cost_Quantity_PriorYear_val": "442",
        "Cost_Quantity_BudgetYearTwo_val": "",
        "Cost_Quantity_BudgetYearThree_val": "",
        "Cost_Quantity_BudgetYearFour_val": "",
        "Cost_Quantity_BudgetYearFive_val": "",
        "Cost_TotalCost_CurrentYear_val": "",
        "Cost_TotalCost_BudgetYearOneBase_val": "",
        "Cost_TotalCost_BudgetYearOne_val": "",
        "Cost_TotalCost_PriorYear_val": "59.508",
        "Cost_TotalCost_BudgetYearTwo_val": "",
        "Cost_TotalCost_BudgetYearThree_val": "",
        "Cost_TotalCost_BudgetYearFour_val": "",
        "Cost_TotalCost_BudgetYearFive_val": "",
        "@SOURCE_FILENAME": "2015-BASE_PROCUREMENT-2015-AIRFORCE_AIRCRAFT_VOL2-PROCUREMENT_JustificationBook_Air_Force_PB_2015.zzz_unzipped-PROCUREMENT_JustificationBook_Air_Force_PB_2015.xml",
        "@RECORDID": "a8005ce497b4d26a96a0a73b3a202cd9ad0d2cb8833efae151bef5451667fd9e",
        "@ROWID": "0-3800f6e56034406cc3d65876948519c1e6c3195ecf8e10f17a51c67ba3e31f6f",
        "@PARENTROWID": "1-b48a62ed40813f6201c54c47302a8f0ac7525837f4aeb25a2b567f33f4207065",
        "@PARENT": "root.record.ItemExhibitList.P3AModificationItemGroup.ModificationItemList.ModificationItem.Installation.ImplementationMethodList.ImplementationMethod"
    },
    {
        "Name_val": "Air National Guard",
        "Cost_Quantity_CurrentYear_val": "",
        "Cost_Quantity_BudgetYearOneBase_val": "",
        "Cost_Quantity_BudgetYearOne_val": "",
        "Cost_Quantity_PriorYear_val": "59",
        "Cost_Quantity_BudgetYearTwo_val": "",
        "Cost_Quantity_BudgetYearThree_val": "",
        "Cost_Quantity_BudgetYearFour_val": "",
        "Cost_Quantity_BudgetYearFive_val": "",
        "Cost_TotalCost_CurrentYear_val": "",
        "Cost_TotalCost_BudgetYearOneBase_val": "",
        "Cost_TotalCost_BudgetYearOne_val": "",
        "Cost_TotalCost_PriorYear_val": "2.6",
        "Cost_TotalCost_BudgetYearTwo_val": "",
        "Cost_TotalCost_BudgetYearThree_val": "",
        "Cost_TotalCost_BudgetYearFour_val": "",
        "Cost_TotalCost_BudgetYearFive_val": "",
        "@SOURCE_FILENAME": "2015-BASE_PROCUREMENT-2015-AIRFORCE_AIRCRAFT_VOL2-PROCUREMENT_JustificationBook_Air_Force_PB_2015.zzz_unzipped-PROCUREMENT_JustificationBook_Air_Force_PB_2015.xml",
        "@RECORDID": "a8005ce497b4d26a96a0a73b3a202cd9ad0d2cb8833efae151bef5451667fd9e",
        "@ROWID": "1-9cd74b0f6df8a3420674f2c85ad55fa354a838bedf40988f49fb63289a3d8b8a",
        "@PARENTROWID": "1-b48a62ed40813f6201c54c47302a8f0ac7525837f4aeb25a2b567f33f4207065",
        "@PARENT": "root.record.ItemExhibitList.P3AModificationItemGroup.ModificationItemList.ModificationItem.Installation.ImplementationMethodList.ImplementationMethod"
    },
    {
        "Name_val": "Air Force Active",
        "Cost_Quantity_CurrentYear_val": "100",
        "Cost_Quantity_BudgetYearOneBase_val": "",
        "Cost_Quantity_BudgetYearOne_val": "",
        "Cost_Quantity_PriorYear_val": "",
        "Cost_Quantity_BudgetYearTwo_val": "",
        "Cost_Quantity_BudgetYearThree_val": "",
        "Cost_Quantity_BudgetYearFour_val": "",
        "Cost_Quantity_BudgetYearFive_val": "",
        "Cost_TotalCost_CurrentYear_val": "4.667",
        "Cost_TotalCost_BudgetYearOneBase_val": "",
        "Cost_TotalCost_BudgetYearOne_val": "",
        "Cost_TotalCost_PriorYear_val": "",
        "Cost_TotalCost_BudgetYearTwo_val": "",
        "Cost_TotalCost_BudgetYearThree_val": "",
        "Cost_TotalCost_BudgetYearFour_val": "",
        "Cost_TotalCost_BudgetYearFive_val": "",
        "@SOURCE_FILENAME": "2015-BASE_PROCUREMENT-2015-AIRFORCE_AIRCRAFT_VOL2-PROCUREMENT_JustificationBook_Air_Force_PB_2015.zzz_unzipped-PROCUREMENT_JustificationBook_Air_Force_PB_2015.xml",
        "@RECORDID": "a8005ce497b4d26a96a0a73b3a202cd9ad0d2cb8833efae151bef5451667fd9e",
        "@ROWID": "0-6e8eb00a97813cf9d2a408b98841268b54b81d1e7bab6f79afec0b97ff8f4074",
        "@PARENTROWID": "1-fc7d7e0ba3082c0233030e9ebdec56bae51873d61d77cab0c9c7dd9ec904e856",
        "@PARENT": "root.record.ItemExhibitList.P3AModificationItemGroup.ModificationItemList.ModificationItem.Installation.ImplementationMethodList.ImplementationMethod"
    },
    {
        "Name_val": "Air National Guard",
        "Cost_Quantity_CurrentYear_val": "96",
        "Cost_Quantity_BudgetYearOneBase_val": "",
        "Cost_Quantity_BudgetYearOne_val": "",
        "Cost_Quantity_PriorYear_val": "",
        "Cost_Quantity_BudgetYearTwo_val": "",
        "Cost_Quantity_BudgetYearThree_val": "",
        "Cost_Quantity_BudgetYearFour_val": "",
        "Cost_Quantity_BudgetYearFive_val": "",
        "Cost_TotalCost_CurrentYear_val": "0.069",
        "Cost_TotalCost_BudgetYearOneBase_val": "",
        "Cost_TotalCost_BudgetYearOne_val": "",
        "Cost_TotalCost_PriorYear_val": "",
        "Cost_TotalCost_BudgetYearTwo_val": "",
        "Cost_TotalCost_BudgetYearThree_val": "",
        "Cost_TotalCost_BudgetYearFour_val": "",
        "Cost_TotalCost_BudgetYearFive_val": "",
        "@SOURCE_FILENAME": "2015-BASE_PROCUREMENT-2015-AIRFORCE_AIRCRAFT_VOL2-PROCUREMENT_JustificationBook_Air_Force_PB_2015.zzz_unzipped-PROCUREMENT_JustificationBook_Air_Force_PB_2015.xml",
        "@RECORDID": "a8005ce497b4d26a96a0a73b3a202cd9ad0d2cb8833efae151bef5451667fd9e",
        "@ROWID": "1-b945d594a51bb5710492a02ef147ae298cbcaf9088d32bd7cd67502a36f72964",
        "@PARENTROWID": "1-fc7d7e0ba3082c0233030e9ebdec56bae51873d61d77cab0c9c7dd9ec904e856",
        "@PARENT": "root.record.ItemExhibitList.P3AModificationItemGroup.ModificationItemList.ModificationItem.Installation.ImplementationMethodList.ImplementationMethod"
    },
    {
        "Name_val": "Air Force Active",
        "Cost_Quantity_CurrentYear_val": "15",
        "Cost_Quantity_BudgetYearOneBase_val": "15",
        "Cost_Quantity_BudgetYearOne_val": "15",
        "Cost_Quantity_PriorYear_val": "",
        "Cost_Quantity_BudgetYearTwo_val": "",
        "Cost_Quantity_BudgetYearThree_val": "",
        "Cost_Quantity_BudgetYearFour_val": "",
        "Cost_Quantity_BudgetYearFive_val": "",
        "Cost_TotalCost_CurrentYear_val": "16.341",
        "Cost_TotalCost_BudgetYearOneBase_val": "18.019",
        "Cost_TotalCost_BudgetYearOne_val": "18.019",
        "Cost_TotalCost_PriorYear_val": "",
        "Cost_TotalCost_BudgetYearTwo_val": "",
        "Cost_TotalCost_BudgetYearThree_val": "",
        "Cost_TotalCost_BudgetYearFour_val": "",
        "Cost_TotalCost_BudgetYearFive_val": "",
        "@SOURCE_FILENAME": "2015-BASE_PROCUREMENT-2015-AIRFORCE_AIRCRAFT_VOL2-PROCUREMENT_JustificationBook_Air_Force_PB_2015.zzz_unzipped-PROCUREMENT_JustificationBook_Air_Force_PB_2015.xml",
        "@RECORDID": "a8005ce497b4d26a96a0a73b3a202cd9ad0d2cb8833efae151bef5451667fd9e",
        "@ROWID": "0-e85fc1868922370c7c3eaaaebd05b0a60c186e0944752f8a1db821d2ea40e221",
        "@PARENTROWID": "0-145ffa3d61b001824f8e9db75a0916096465965e28d037e18b5df78415ca76f4",
        "@PARENT": "root.record.ItemExhibitList.P3AModificationItemGroup.ModificationItemList.ModificationItem.Installation.ImplementationMethodList.ImplementationMethod"
    },
    {
        "Name_val": "Air National Guard",
        "Cost_Quantity_CurrentYear_val": "3",
        "Cost_Quantity_BudgetYearOneBase_val": "",
        "Cost_Quantity_BudgetYearOne_val": "",
        "Cost_Quantity_PriorYear_val": "",
        "Cost_Quantity_BudgetYearTwo_val": "",
        "Cost_Quantity_BudgetYearThree_val": "",
        "Cost_Quantity_BudgetYearFour_val": "",
        "Cost_Quantity_BudgetYearFive_val": "",
        "Cost_TotalCost_CurrentYear_val": "5.727",
        "Cost_TotalCost_BudgetYearOneBase_val": "",
        "Cost_TotalCost_BudgetYearOne_val": "",
        "Cost_TotalCost_PriorYear_val": "",
        "Cost_TotalCost_BudgetYearTwo_val": "",
        "Cost_TotalCost_BudgetYearThree_val": "",
        "Cost_TotalCost_BudgetYearFour_val": "",
        "Cost_TotalCost_BudgetYearFive_val": "",
        "@SOURCE_FILENAME": "2015-BASE_PROCUREMENT-2015-AIRFORCE_AIRCRAFT_VOL2-PROCUREMENT_JustificationBook_Air_Force_PB_2015.zzz_unzipped-PROCUREMENT_JustificationBook_Air_Force_PB_2015.xml",
        "@RECORDID": "a8005ce497b4d26a96a0a73b3a202cd9ad0d2cb8833efae151bef5451667fd9e",
        "@ROWID": "1-4db32b63efb414fc5cf91eda39d46764a0d6eae6beaa0f8fcd5e742b2e6b5b52",
        "@PARENTROWID": "0-145ffa3d61b001824f8e9db75a0916096465965e28d037e18b5df78415ca76f4",
        "@PARENT": "root.record.ItemExhibitList.P3AModificationItemGroup.ModificationItemList.ModificationItem.Installation.ImplementationMethodList.ImplementationMethod"
    },
    {
        "Name_val": "Air Force Active",
        "Cost_Quantity_CurrentYear_val": "12",
        "Cost_Quantity_BudgetYearOneBase_val": "",
        "Cost_Quantity_BudgetYearOne_val": "",
        "Cost_Quantity_PriorYear_val": "",
        "Cost_Quantity_BudgetYearTwo_val": "",
        "Cost_Quantity_BudgetYearThree_val": "",
        "Cost_Quantity_BudgetYearFour_val": "",
        "Cost_Quantity_BudgetYearFive_val": "",
        "Cost_TotalCost_CurrentYear_val": "8.84",
        "Cost_TotalCost_BudgetYearOneBase_val": "",
        "Cost_TotalCost_BudgetYearOne_val": "",
        "Cost_TotalCost_PriorYear_val": "",
        "Cost_TotalCost_BudgetYearTwo_val": "",
        "Cost_TotalCost_BudgetYearThree_val": "",
        "Cost_TotalCost_BudgetYearFour_val": "",
        "Cost_TotalCost_BudgetYearFive_val": "",
        "@SOURCE_FILENAME": "2015-BASE_PROCUREMENT-2015-AIRFORCE_AIRCRAFT_VOL2-PROCUREMENT_JustificationBook_Air_Force_PB_2015.zzz_unzipped-PROCUREMENT_JustificationBook_Air_Force_PB_2015.xml",
        "@RECORDID": "a8005ce497b4d26a96a0a73b3a202cd9ad0d2cb8833efae151bef5451667fd9e",
        "@ROWID": "0-c1f3e49864d2bf0c266bd72af54d115479862168c9d5d8cb074e18f97566a6ca",
        "@PARENTROWID": "0-b3b134ed2e8c4cfb2e4f4f858c675ff3fac2d1206b519df81a6754962067f1be",
        "@PARENT": "root.record.ItemExhibitList.P3AModificationItemGroup.ModificationItemList.ModificationItem.Installation.ImplementationMethodList.ImplementationMethod"
    },
    {
        "Name_val": "Air Force Active",
        "Cost_Quantity_CurrentYear_val": "1",
        "Cost_Quantity_BudgetYearOneBase_val": "8",
        "Cost_Quantity_BudgetYearOne_val": "8",
        "Cost_Quantity_PriorYear_val": "",
        "Cost_Quantity_BudgetYearTwo_val": "",
        "Cost_Quantity_BudgetYearThree_val": "",
        "Cost_Quantity_BudgetYearFour_val": "",
        "Cost_Quantity_BudgetYearFive_val": "",
        "Cost_TotalCost_CurrentYear_val": "0.9",
        "Cost_TotalCost_BudgetYearOneBase_val": "6.718",
        "Cost_TotalCost_BudgetYearOne_val": "6.718",
        "Cost_TotalCost_PriorYear_val": "",
        "Cost_TotalCost_BudgetYearTwo_val": "",
        "Cost_TotalCost_BudgetYearThree_val": "",
        "Cost_TotalCost_BudgetYearFour_val": "",
        "Cost_TotalCost_BudgetYearFive_val": "",
        "@SOURCE_FILENAME": "2015-BASE_PROCUREMENT-2015-AIRFORCE_AIRCRAFT_VOL2-PROCUREMENT_MasterJustificationBook_Air_Force_PB_2015.zzz_unzipped-PROCUREMENT_MasterJustificationBook_Air_Force_PB_2015.xml",
        "@RECORDID": "ca9f1e9f848e67edf7e34b76ad9b05e59dfcbeb190b54cb2ec2a178aeaaa3bfa",
        "@ROWID": "0-5311e5f53082114b30915a7640c9687f69e09fceed47ba81494cf450bacd078b",
        "@PARENTROWID": "0-82785f69162e1b901b7e7bb31cc1be4e7dcb810a44753d28979cb0aab748416a",
        "@PARENT": "root.record.ItemExhibitList.P3AModificationItemGroup.ModificationItemList.ModificationItem.Installation.ImplementationMethodList.ImplementationMethod"
    },
    {
        "Name_val": "Air Force Active",
        "Cost_Quantity_CurrentYear_val": "",
        "Cost_Quantity_BudgetYearOneBase_val": "2",
        "Cost_Quantity_BudgetYearOne_val": "2",
        "Cost_Quantity_PriorYear_val": "",
        "Cost_Quantity_BudgetYearTwo_val": "",
        "Cost_Quantity_BudgetYearThree_val": "",
        "Cost_Quantity_BudgetYearFour_val": "",
        "Cost_Quantity_BudgetYearFive_val": "",
        "Cost_TotalCost_CurrentYear_val": "",
        "Cost_TotalCost_BudgetYearOneBase_val": "0.66",
        "Cost_TotalCost_BudgetYearOne_val": "0.66",
        "Cost_TotalCost_PriorYear_val": "",
        "Cost_TotalCost_BudgetYearTwo_val": "",
        "Cost_TotalCost_BudgetYearThree_val": "",
        "Cost_TotalCost_BudgetYearFour_val": "",
        "Cost_TotalCost_BudgetYearFive_val": "",
        "@SOURCE_FILENAME": "2015-BASE_PROCUREMENT-2015-AIRFORCE_AIRCRAFT_VOL2-PROCUREMENT_MasterJustificationBook_Air_Force_PB_2015.zzz_unzipped-PROCUREMENT_MasterJustificationBook_Air_Force_PB_2015.xml",
        "@RECORDID": "ca9f1e9f848e67edf7e34b76ad9b05e59dfcbeb190b54cb2ec2a178aeaaa3bfa",
        "@ROWID": "0-1cf12af24e9c4b9d8b685570663edd60068e1d868a901177f315b5a17a2f3083",
        "@PARENTROWID": "1-e9b4fabd7cacec432db45952118dbaaf055e7351cdbfd6803daaa4d3d66edc7e",
        "@PARENT": "root.record.ItemExhibitList.P3AModificationItemGroup.ModificationItemList.ModificationItem.Installation.ImplementationMethodList.ImplementationMethod"
    },
    {
        "Name_val": "Air Force Active",
        "Cost_Quantity_CurrentYear_val": "6",
        "Cost_Quantity_BudgetYearOneBase_val": "",
        "Cost_Quantity_BudgetYearOne_val": "",
        "Cost_Quantity_PriorYear_val": "",
        "Cost_Quantity_BudgetYearTwo_val": "",
        "Cost_Quantity_BudgetYearThree_val": "",
        "Cost_Quantity_BudgetYearFour_val": "",
        "Cost_Quantity_BudgetYearFive_val": "",
        "Cost_TotalCost_CurrentYear_val": "149.612",
        "Cost_TotalCost_BudgetYearOneBase_val": "",
        "Cost_TotalCost_BudgetYearOne_val": "",
        "Cost_TotalCost_PriorYear_val": "",
        "Cost_TotalCost_BudgetYearTwo_val": "",
        "Cost_TotalCost_BudgetYearThree_val": "",
        "Cost_TotalCost_BudgetYearFour_val": "",
        "Cost_TotalCost_BudgetYearFive_val": "",
        "@SOURCE_FILENAME": "2015-BASE_PROCUREMENT-2015-AIRFORCE_AIRCRAFT_VOL2-PROCUREMENT_MasterJustificationBook_Air_Force_PB_2015.zzz_unzipped-PROCUREMENT_MasterJustificationBook_Air_Force_PB_2015.xml",
        "@RECORDID": "aa1014d1730217cf58bd0eb1cf9155036af0caca57bd2ece54304d573c8411a2",
        "@ROWID": "0-ca3699073d8437cd0f35a9bd5dc0af4ccd2a60e71acdec4cb97dda1cc7d9ca53",
        "@PARENTROWID": "0-7f2cec1dd963eb674201d7b135ccc19b7836921dcb77d42d011e5430eb2e0054",
        "@PARENT": "root.record.ItemExhibitList.P3AModificationItemGroup.ModificationItemList.ModificationItem.Installation.ImplementationMethodList.ImplementationMethod"
    },
    {
        "Name_val": "Air Force Reserve",
        "Cost_Quantity_CurrentYear_val": "5",
        "Cost_Quantity_BudgetYearOneBase_val": "",
        "Cost_Quantity_BudgetYearOne_val": "",
        "Cost_Quantity_PriorYear_val": "",
        "Cost_Quantity_BudgetYearTwo_val": "",
        "Cost_Quantity_BudgetYearThree_val": "",
        "Cost_Quantity_BudgetYearFour_val": "",
        "Cost_Quantity_BudgetYearFive_val": "",
        "Cost_TotalCost_CurrentYear_val": "124.676",
        "Cost_TotalCost_BudgetYearOneBase_val": "",
        "Cost_TotalCost_BudgetYearOne_val": "",
        "Cost_TotalCost_PriorYear_val": "",
        "Cost_TotalCost_BudgetYearTwo_val": "",
        "Cost_TotalCost_BudgetYearThree_val": "",
        "Cost_TotalCost_BudgetYearFour_val": "",
        "Cost_TotalCost_BudgetYearFive_val": "",
        "@SOURCE_FILENAME": "2015-BASE_PROCUREMENT-2015-AIRFORCE_AIRCRAFT_VOL2-PROCUREMENT_MasterJustificationBook_Air_Force_PB_2015.zzz_unzipped-PROCUREMENT_MasterJustificationBook_Air_Force_PB_2015.xml",
        "@RECORDID": "aa1014d1730217cf58bd0eb1cf9155036af0caca57bd2ece54304d573c8411a2",
        "@ROWID": "1-557e36dec45487b539d910ccb9e8658ee213647d2ee5f28860eede181e2d8f6e",
        "@PARENTROWID": "0-7f2cec1dd963eb674201d7b135ccc19b7836921dcb77d42d011e5430eb2e0054",
        "@PARENT": "root.record.ItemExhibitList.P3AModificationItemGroup.ModificationItemList.ModificationItem.Installation.ImplementationMethodList.ImplementationMethod"
    },
    {
        "Name_val": "Air Force Active",
        "Cost_Quantity_CurrentYear_val": "",
        "Cost_Quantity_BudgetYearOneBase_val": "17",
        "Cost_Quantity_BudgetYearOne_val": "17",
        "Cost_Quantity_PriorYear_val": "",
        "Cost_Quantity_BudgetYearTwo_val": "",
        "Cost_Quantity_BudgetYearThree_val": "",
        "Cost_Quantity_BudgetYearFour_val": "",
        "Cost_Quantity_BudgetYearFive_val": "",
        "Cost_TotalCost_CurrentYear_val": "",
        "Cost_TotalCost_BudgetYearOneBase_val": "3.844",
        "Cost_TotalCost_BudgetYearOne_val": "3.844",
        "Cost_TotalCost_PriorYear_val": "",
        "Cost_TotalCost_BudgetYearTwo_val": "",
        "Cost_TotalCost_BudgetYearThree_val": "",
        "Cost_TotalCost_BudgetYearFour_val": "",
        "Cost_TotalCost_BudgetYearFive_val": "",
        "@SOURCE_FILENAME": "2015-BASE_PROCUREMENT-2015-AIRFORCE_AIRCRAFT_VOL2-PROCUREMENT_MasterJustificationBook_Air_Force_PB_2015.zzz_unzipped-PROCUREMENT_MasterJustificationBook_Air_Force_PB_2015.xml",
        "@RECORDID": "e0b4c68aca5bcb28bf2a8d6314af11bf878587e1d5636a46ade0d81891a819a1",
        "@ROWID": "0-5d1afeae0007ba2b07c58138b645f01b96d7a440bbbff653c02a9ab76176748c",
        "@PARENTROWID": "0-7a8858218bbd1116a52076f270aa43fdb2abf21308451c37eb93a0c503a3abae",
        "@PARENT": "root.record.ItemExhibitList.P3AModificationItemGroup.ModificationItemList.ModificationItem.Installation.ImplementationMethodList.ImplementationMethod"
    },
    {
        "Name_val": "Air National Guard",
        "Cost_Quantity_CurrentYear_val": "",
        "Cost_Quantity_BudgetYearOneBase_val": "3",
        "Cost_Quantity_BudgetYearOne_val": "3",
        "Cost_Quantity_PriorYear_val": "",
        "Cost_Quantity_BudgetYearTwo_val": "",
        "Cost_Quantity_BudgetYearThree_val": "",
        "Cost_Quantity_BudgetYearFour_val": "",
        "Cost_Quantity_BudgetYearFive_val": "",
        "Cost_TotalCost_CurrentYear_val": "",
        "Cost_TotalCost_BudgetYearOneBase_val": "0.678",
        "Cost_TotalCost_BudgetYearOne_val": "0.678",
        "Cost_TotalCost_PriorYear_val": "",
        "Cost_TotalCost_BudgetYearTwo_val": "",
        "Cost_TotalCost_BudgetYearThree_val": "",
        "Cost_TotalCost_BudgetYearFour_val": "",
        "Cost_TotalCost_BudgetYearFive_val": "",
        "@SOURCE_FILENAME": "2015-BASE_PROCUREMENT-2015-AIRFORCE_AIRCRAFT_VOL2-PROCUREMENT_MasterJustificationBook_Air_Force_PB_2015.zzz_unzipped-PROCUREMENT_MasterJustificationBook_Air_Force_PB_2015.xml",
        "@RECORDID": "e0b4c68aca5bcb28bf2a8d6314af11bf878587e1d5636a46ade0d81891a819a1",
        "@ROWID": "1-7a5ae1e2a3707d249dee188239e6a4e647c930821a95c31887f88273d70d82b8",
        "@PARENTROWID": "0-7a8858218bbd1116a52076f270aa43fdb2abf21308451c37eb93a0c503a3abae",
        "@PARENT": "root.record.ItemExhibitList.P3AModificationItemGroup.ModificationItemList.ModificationItem.Installation.ImplementationMethodList.ImplementationMethod"
    },
    {
        "Name_val": "Air Force Reserve",
        "Cost_Quantity_CurrentYear_val": "",
        "Cost_Quantity_BudgetYearOneBase_val": "4",
        "Cost_Quantity_BudgetYearOne_val": "4",
        "Cost_Quantity_PriorYear_val": "",
        "Cost_Quantity_BudgetYearTwo_val": "",
        "Cost_Quantity_BudgetYearThree_val": "",
        "Cost_Quantity_BudgetYearFour_val": "",
        "Cost_Quantity_BudgetYearFive_val": "",
        "Cost_TotalCost_CurrentYear_val": "",
        "Cost_TotalCost_BudgetYearOneBase_val": "0.906",
        "Cost_TotalCost_BudgetYearOne_val": "0.906",
        "Cost_TotalCost_PriorYear_val": "",
        "Cost_TotalCost_BudgetYearTwo_val": "",
        "Cost_TotalCost_BudgetYearThree_val": "",
        "Cost_TotalCost_BudgetYearFour_val": "",
        "Cost_TotalCost_BudgetYearFive_val": "",
        "@SOURCE_FILENAME": "2015-BASE_PROCUREMENT-2015-AIRFORCE_AIRCRAFT_VOL2-PROCUREMENT_MasterJustificationBook_Air_Force_PB_2015.zzz_unzipped-PROCUREMENT_MasterJustificationBook_Air_Force_PB_2015.xml",
        "@RECORDID": "e0b4c68aca5bcb28bf2a8d6314af11bf878587e1d5636a46ade0d81891a819a1",
        "@ROWID": "2-84318e647c81987c71208f424bd58ebc94711aa955d39f8582090a1dbf0120b0",
        "@PARENTROWID": "0-7a8858218bbd1116a52076f270aa43fdb2abf21308451c37eb93a0c503a3abae",
        "@PARENT": "root.record.ItemExhibitList.P3AModificationItemGroup.ModificationItemList.ModificationItem.Installation.ImplementationMethodList.ImplementationMethod"
    },
    {
        "Name_val": "Air Force Active",
        "Cost_Quantity_CurrentYear_val": "6",
        "Cost_Quantity_BudgetYearOneBase_val": "30",
        "Cost_Quantity_BudgetYearOne_val": "30",
        "Cost_Quantity_PriorYear_val": "",
        "Cost_Quantity_BudgetYearTwo_val": "",
        "Cost_Quantity_BudgetYearThree_val": "",
        "Cost_Quantity_BudgetYearFour_val": "",
        "Cost_Quantity_BudgetYearFive_val": "",
        "Cost_TotalCost_CurrentYear_val": "2.187",
        "Cost_TotalCost_BudgetYearOneBase_val": "9.615",
        "Cost_TotalCost_BudgetYearOne_val": "9.615",
        "Cost_TotalCost_PriorYear_val": "",
        "Cost_TotalCost_BudgetYearTwo_val": "",
        "Cost_TotalCost_BudgetYearThree_val": "",
        "Cost_TotalCost_BudgetYearFour_val": "",
        "Cost_TotalCost_BudgetYearFive_val": "",
        "@SOURCE_FILENAME": "2015-BASE_PROCUREMENT-2015-AIRFORCE_AIRCRAFT_VOL2-PROCUREMENT_MasterJustificationBook_Air_Force_PB_2015.zzz_unzipped-PROCUREMENT_MasterJustificationBook_Air_Force_PB_2015.xml",
        "@RECORDID": "e0b4c68aca5bcb28bf2a8d6314af11bf878587e1d5636a46ade0d81891a819a1",
        "@ROWID": "0-5a138d9d6aceb8b2d82766d692c6ba4f54cf2b81eb2b5ec820b430fb28223735",
        "@PARENTROWID": "0-dc7e0e025caa274d422384c08ace87a6ecec1ac335a1447f3c4eb6fd47d6ff7c",
        "@PARENT": "root.record.ItemExhibitList.P3AModificationItemGroup.ModificationItemList.ModificationItem.Installation.ImplementationMethodList.ImplementationMethod"
    },
    {
        "Name_val": "Air National Guard",
        "Cost_Quantity_CurrentYear_val": "",
        "Cost_Quantity_BudgetYearOneBase_val": "6",
        "Cost_Quantity_BudgetYearOne_val": "6",
        "Cost_Quantity_PriorYear_val": "",
        "Cost_Quantity_BudgetYearTwo_val": "",
        "Cost_Quantity_BudgetYearThree_val": "",
        "Cost_Quantity_BudgetYearFour_val": "",
        "Cost_Quantity_BudgetYearFive_val": "",
        "Cost_TotalCost_CurrentYear_val": "",
        "Cost_TotalCost_BudgetYearOneBase_val": "1.923",
        "Cost_TotalCost_BudgetYearOne_val": "1.923",
        "Cost_TotalCost_PriorYear_val": "",
        "Cost_TotalCost_BudgetYearTwo_val": "",
        "Cost_TotalCost_BudgetYearThree_val": "",
        "Cost_TotalCost_BudgetYearFour_val": "",
        "Cost_TotalCost_BudgetYearFive_val": "",
        "@SOURCE_FILENAME": "2015-BASE_PROCUREMENT-2015-AIRFORCE_AIRCRAFT_VOL2-PROCUREMENT_MasterJustificationBook_Air_Force_PB_2015.zzz_unzipped-PROCUREMENT_MasterJustificationBook_Air_Force_PB_2015.xml",
        "@RECORDID": "e0b4c68aca5bcb28bf2a8d6314af11bf878587e1d5636a46ade0d81891a819a1",
        "@ROWID": "1-190ba6f978c34acece7f2d3fc777fde5c34602b4720ba95cd2fe63d36a15fc89",
        "@PARENTROWID": "0-dc7e0e025caa274d422384c08ace87a6ecec1ac335a1447f3c4eb6fd47d6ff7c",
        "@PARENT": "root.record.ItemExhibitList.P3AModificationItemGroup.ModificationItemList.ModificationItem.Installation.ImplementationMethodList.ImplementationMethod"
    },
    {
        "Name_val": "Air Force Reserve",
        "Cost_Quantity_CurrentYear_val": "",
        "Cost_Quantity_BudgetYearOneBase_val": "30",
        "Cost_Quantity_BudgetYearOne_val": "30",
        "Cost_Quantity_PriorYear_val": "",
        "Cost_Quantity_BudgetYearTwo_val": "",
        "Cost_Quantity_BudgetYearThree_val": "",
        "Cost_Quantity_BudgetYearFour_val": "",
        "Cost_Quantity_BudgetYearFive_val": "",
        "Cost_TotalCost_CurrentYear_val": "",
        "Cost_TotalCost_BudgetYearOneBase_val": "9.615",
        "Cost_TotalCost_BudgetYearOne_val": "9.615",
        "Cost_TotalCost_PriorYear_val": "",
        "Cost_TotalCost_BudgetYearTwo_val": "",
        "Cost_TotalCost_BudgetYearThree_val": "",
        "Cost_TotalCost_BudgetYearFour_val": "",
        "Cost_TotalCost_BudgetYearFive_val": "",
        "@SOURCE_FILENAME": "2015-BASE_PROCUREMENT-2015-AIRFORCE_AIRCRAFT_VOL2-PROCUREMENT_MasterJustificationBook_Air_Force_PB_2015.zzz_unzipped-PROCUREMENT_MasterJustificationBook_Air_Force_PB_2015.xml",
        "@RECORDID": "e0b4c68aca5bcb28bf2a8d6314af11bf878587e1d5636a46ade0d81891a819a1",
        "@ROWID": "2-68c2070b9e78503735bd48f67f50cabbe793d999da60b8246ee6b69cbcf30047",
        "@PARENTROWID": "0-dc7e0e025caa274d422384c08ace87a6ecec1ac335a1447f3c4eb6fd47d6ff7c",
        "@PARENT": "root.record.ItemExhibitList.P3AModificationItemGroup.ModificationItemList.ModificationItem.Installation.ImplementationMethodList.ImplementationMethod"
    },
    {
        "Name_val": "Air Force Active",
        "Cost_Quantity_CurrentYear_val": "38",
        "Cost_Quantity_BudgetYearOneBase_val": "",
        "Cost_Quantity_BudgetYearOne_val": "",
        "Cost_Quantity_PriorYear_val": "",
        "Cost_Quantity_BudgetYearTwo_val": "",
        "Cost_Quantity_BudgetYearThree_val": "",
        "Cost_Quantity_BudgetYearFour_val": "",
        "Cost_Quantity_BudgetYearFive_val": "",
        "Cost_TotalCost_CurrentYear_val": "1.447",
        "Cost_TotalCost_BudgetYearOneBase_val": "",
        "Cost_TotalCost_BudgetYearOne_val": "",
        "Cost_TotalCost_PriorYear_val": "",
        "Cost_TotalCost_BudgetYearTwo_val": "",
        "Cost_TotalCost_BudgetYearThree_val": "",
        "Cost_TotalCost_BudgetYearFour_val": "",
        "Cost_TotalCost_BudgetYearFive_val": "",
        "@SOURCE_FILENAME": "2015-BASE_PROCUREMENT-2015-AIRFORCE_AIRCRAFT_VOL2-PROCUREMENT_MasterJustificationBook_Air_Force_PB_2015.zzz_unzipped-PROCUREMENT_MasterJustificationBook_Air_Force_PB_2015.xml",
        "@RECORDID": "e0b4c68aca5bcb28bf2a8d6314af11bf878587e1d5636a46ade0d81891a819a1",
        "@ROWID": "0-91e444d22c3bb964d910a68a03e5720d1ff81065c43049911ec08a75b6d825e1",
        "@PARENTROWID": "0-56af74ea680a9f0b696773d54fef8a7a1ecd3a26edf6c61beaf53e78c68d86b2",
        "@PARENT": "root.record.ItemExhibitList.P3AModificationItemGroup.ModificationItemList.ModificationItem.Installation.ImplementationMethodList.ImplementationMethod"
    },
    {
        "Name_val": "Air Force Active",
        "Cost_Quantity_CurrentYear_val": "38",
        "Cost_Quantity_BudgetYearOneBase_val": "",
        "Cost_Quantity_BudgetYearOne_val": "",
        "Cost_Quantity_PriorYear_val": "",
        "Cost_Quantity_BudgetYearTwo_val": "",
        "Cost_Quantity_BudgetYearThree_val": "",
        "Cost_Quantity_BudgetYearFour_val": "",
        "Cost_Quantity_BudgetYearFive_val": "",
        "Cost_TotalCost_CurrentYear_val": "0.000",
        "Cost_TotalCost_BudgetYearOneBase_val": "",
        "Cost_TotalCost_BudgetYearOne_val": "",
        "Cost_TotalCost_PriorYear_val": "",
        "Cost_TotalCost_BudgetYearTwo_val": "",
        "Cost_TotalCost_BudgetYearThree_val": "",
        "Cost_TotalCost_BudgetYearFour_val": "",
        "Cost_TotalCost_BudgetYearFive_val": "",
        "@SOURCE_FILENAME": "2015-BASE_PROCUREMENT-2015-AIRFORCE_AIRCRAFT_VOL2-PROCUREMENT_MasterJustificationBook_Air_Force_PB_2015.zzz_unzipped-PROCUREMENT_MasterJustificationBook_Air_Force_PB_2015.xml",
        "@RECORDID": "e0b4c68aca5bcb28bf2a8d6314af11bf878587e1d5636a46ade0d81891a819a1",
        "@ROWID": "0-23b21bc20471e9501b010d6802d7d69a669a2af8e143ddd8b334f9ddaa398b62",
        "@PARENTROWID": "0-2887d725004327e39c0e586f374c7ba9c7f440c481056200b1577271413b6d61",
        "@PARENT": "root.record.ItemExhibitList.P3AModificationItemGroup.ModificationItemList.ModificationItem.Installation.ImplementationMethodList.ImplementationMethod"
    },
    {
        "Name_val": "Air Force Active",
        "Cost_Quantity_CurrentYear_val": "",
        "Cost_Quantity_BudgetYearOneBase_val": "0",
        "Cost_Quantity_BudgetYearOne_val": "0",
        "Cost_Quantity_PriorYear_val": "0",
        "Cost_Quantity_BudgetYearTwo_val": "",
        "Cost_Quantity_BudgetYearThree_val": "",
        "Cost_Quantity_BudgetYearFour_val": "",
        "Cost_Quantity_BudgetYearFive_val": "",
        "Cost_TotalCost_CurrentYear_val": "",
        "Cost_TotalCost_BudgetYearOneBase_val": "0.913",
        "Cost_TotalCost_BudgetYearOne_val": "0.913",
        "Cost_TotalCost_PriorYear_val": "4.992",
        "Cost_TotalCost_BudgetYearTwo_val": "",
        "Cost_TotalCost_BudgetYearThree_val": "",
        "Cost_TotalCost_BudgetYearFour_val": "",
        "Cost_TotalCost_BudgetYearFive_val": "",
        "@SOURCE_FILENAME": "2015-BASE_PROCUREMENT-2015-AIRFORCE_AIRCRAFT_VOL2-PROCUREMENT_MasterJustificationBook_Air_Force_PB_2015.zzz_unzipped-PROCUREMENT_MasterJustificationBook_Air_Force_PB_2015.xml",
        "@RECORDID": "915b03b5c79079cef74c1f5fed99ff94d2a961666ffa690a638fb838766b41c1",
        "@ROWID": "0-31b1c03d39dd6ace35ac309c476099c1b28476a62e997e70f2f8025eace7783f",
        "@PARENTROWID": "0-ef1d57e8be771198d4a07f8b9d12641bdc24a1e399e016d54291f1d9fd4031c7",
        "@PARENT": "root.record.ItemExhibitList.P3AModificationItemGroup.ModificationItemList.ModificationItem.Installation.ImplementationMethodList.ImplementationMethod"
    },
    {
        "Name_val": "Air National Guard",
        "Cost_Quantity_CurrentYear_val": "",
        "Cost_Quantity_BudgetYearOneBase_val": "",
        "Cost_Quantity_BudgetYearOne_val": "",
        "Cost_Quantity_PriorYear_val": "0",
        "Cost_Quantity_BudgetYearTwo_val": "",
        "Cost_Quantity_BudgetYearThree_val": "",
        "Cost_Quantity_BudgetYearFour_val": "",
        "Cost_Quantity_BudgetYearFive_val": "",
        "Cost_TotalCost_CurrentYear_val": "",
        "Cost_TotalCost_BudgetYearOneBase_val": "",
        "Cost_TotalCost_BudgetYearOne_val": "",
        "Cost_TotalCost_PriorYear_val": "1.664",
        "Cost_TotalCost_BudgetYearTwo_val": "",
        "Cost_TotalCost_BudgetYearThree_val": "",
        "Cost_TotalCost_BudgetYearFour_val": "",
        "Cost_TotalCost_BudgetYearFive_val": "",
        "@SOURCE_FILENAME": "2015-BASE_PROCUREMENT-2015-AIRFORCE_AIRCRAFT_VOL2-PROCUREMENT_MasterJustificationBook_Air_Force_PB_2015.zzz_unzipped-PROCUREMENT_MasterJustificationBook_Air_Force_PB_2015.xml",
        "@RECORDID": "915b03b5c79079cef74c1f5fed99ff94d2a961666ffa690a638fb838766b41c1",
        "@ROWID": "1-8c87eca3b9e14e076efb62f882e12dfbfa92c61a4075d1ab0be67d77cf458d99",
        "@PARENTROWID": "0-ef1d57e8be771198d4a07f8b9d12641bdc24a1e399e016d54291f1d9fd4031c7",
        "@PARENT": "root.record.ItemExhibitList.P3AModificationItemGroup.ModificationItemList.ModificationItem.Installation.ImplementationMethodList.ImplementationMethod"
    },
    {
        "Name_val": "Air Force Reserve",
        "Cost_Quantity_CurrentYear_val": "",
        "Cost_Quantity_BudgetYearOneBase_val": "",
        "Cost_Quantity_BudgetYearOne_val": "",
        "Cost_Quantity_PriorYear_val": "0",
        "Cost_Quantity_BudgetYearTwo_val": "",
        "Cost_Quantity_BudgetYearThree_val": "",
        "Cost_Quantity_BudgetYearFour_val": "",
        "Cost_Quantity_BudgetYearFive_val": "",
        "Cost_TotalCost_CurrentYear_val": "",
        "Cost_TotalCost_BudgetYearOneBase_val": "",
        "Cost_TotalCost_BudgetYearOne_val": "",
        "Cost_TotalCost_PriorYear_val": "0.832",
        "Cost_TotalCost_BudgetYearTwo_val": "",
        "Cost_TotalCost_BudgetYearThree_val": "",
        "Cost_TotalCost_BudgetYearFour_val": "",
        "Cost_TotalCost_BudgetYearFive_val": "",
        "@SOURCE_FILENAME": "2015-BASE_PROCUREMENT-2015-AIRFORCE_AIRCRAFT_VOL2-PROCUREMENT_MasterJustificationBook_Air_Force_PB_2015.zzz_unzipped-PROCUREMENT_MasterJustificationBook_Air_Force_PB_2015.xml",
        "@RECORDID": "915b03b5c79079cef74c1f5fed99ff94d2a961666ffa690a638fb838766b41c1",
        "@ROWID": "2-c7d06c37be0c21e1d48caf7b2af7969c9aa9af6680807facfd43eba0bcf65da4",
        "@PARENTROWID": "0-ef1d57e8be771198d4a07f8b9d12641bdc24a1e399e016d54291f1d9fd4031c7",
        "@PARENT": "root.record.ItemExhibitList.P3AModificationItemGroup.ModificationItemList.ModificationItem.Installation.ImplementationMethodList.ImplementationMethod"
    },
    {
        "Name_val": "Air Force Active",
        "Cost_Quantity_CurrentYear_val": "",
        "Cost_Quantity_BudgetYearOneBase_val": "",
        "Cost_Quantity_BudgetYearOne_val": "",
        "Cost_Quantity_PriorYear_val": "0",
        "Cost_Quantity_BudgetYearTwo_val": "",
        "Cost_Quantity_BudgetYearThree_val": "",
        "Cost_Quantity_BudgetYearFour_val": "",
        "Cost_Quantity_BudgetYearFive_val": "",
        "Cost_TotalCost_CurrentYear_val": "",
        "Cost_TotalCost_BudgetYearOneBase_val": "",
        "Cost_TotalCost_BudgetYearOne_val": "",
        "Cost_TotalCost_PriorYear_val": "0.385",
        "Cost_TotalCost_BudgetYearTwo_val": "",
        "Cost_TotalCost_BudgetYearThree_val": "",
        "Cost_TotalCost_BudgetYearFour_val": "",
        "Cost_TotalCost_BudgetYearFive_val": "",
        "@SOURCE_FILENAME": "2015-BASE_PROCUREMENT-2015-AIRFORCE_AIRCRAFT_VOL2-PROCUREMENT_MasterJustificationBook_Air_Force_PB_2015.zzz_unzipped-PROCUREMENT_MasterJustificationBook_Air_Force_PB_2015.xml",
        "@RECORDID": "915b03b5c79079cef74c1f5fed99ff94d2a961666ffa690a638fb838766b41c1",
        "@ROWID": "0-38e71571cad57a2156391c51d15277c62185d6fd9e6632cb4800e5358451f3e7",
        "@PARENTROWID": "0-a5421862a54d714a3bced2c81f27e909fd4468b981fd6904eaadc9de23fbb926",
        "@PARENT": "root.record.ItemExhibitList.P3AModificationItemGroup.ModificationItemList.ModificationItem.Installation.ImplementationMethodList.ImplementationMethod"
    },
    {
        "Name_val": "Air Force Active",
        "Cost_Quantity_CurrentYear_val": "",
        "Cost_Quantity_BudgetYearOneBase_val": "0",
        "Cost_Quantity_BudgetYearOne_val": "0",
        "Cost_Quantity_PriorYear_val": "",
        "Cost_Quantity_BudgetYearTwo_val": "2",
        "Cost_Quantity_BudgetYearThree_val": "3",
        "Cost_Quantity_BudgetYearFour_val": "0",
        "Cost_Quantity_BudgetYearFive_val": "0",
        "Cost_TotalCost_CurrentYear_val": "",
        "Cost_TotalCost_BudgetYearOneBase_val": "4.975",
        "Cost_TotalCost_BudgetYearOne_val": "4.975",
        "Cost_TotalCost_PriorYear_val": "",
        "Cost_TotalCost_BudgetYearTwo_val": "12.483",
        "Cost_TotalCost_BudgetYearThree_val": "0.000",
        "Cost_TotalCost_BudgetYearFour_val": "0.000",
        "Cost_TotalCost_BudgetYearFive_val": "0.000",
        "@SOURCE_FILENAME": "2015-BASE_PROCUREMENT-2015-AIRFORCE_AIRCRAFT_VOL2-PROCUREMENT_MasterJustificationBook_Air_Force_PB_2015.zzz_unzipped-PROCUREMENT_MasterJustificationBook_Air_Force_PB_2015.xml",
        "@RECORDID": "f589edbc06d76a4949c8665cea83963e382985d5b4eea11b3a6abcd51d15beb8",
        "@ROWID": "0-ccbf47eb4716d92649550c3de2a070e3a3c6a2eda1dfa78694f5c35f3eb00140",
        "@PARENTROWID": "0-3051185c64639b671bef260271675ae95a8b723aded786f224c18f57e805a140",
        "@PARENT": "root.record.ItemExhibitList.P3AModificationItemGroup.ModificationItemList.ModificationItem.Installation.ImplementationMethodList.ImplementationMethod"
    },
    {
        "Name_val": "Air Force Active",
        "Cost_Quantity_CurrentYear_val": "",
        "Cost_Quantity_BudgetYearOneBase_val": "8",
        "Cost_Quantity_BudgetYearOne_val": "8",
        "Cost_Quantity_PriorYear_val": "",
        "Cost_Quantity_BudgetYearTwo_val": "",
        "Cost_Quantity_BudgetYearThree_val": "",
        "Cost_Quantity_BudgetYearFour_val": "",
        "Cost_Quantity_BudgetYearFive_val": "",
        "Cost_TotalCost_CurrentYear_val": "",
        "Cost_TotalCost_BudgetYearOneBase_val": "4.179",
        "Cost_TotalCost_BudgetYearOne_val": "4.179",
        "Cost_TotalCost_PriorYear_val": "",
        "Cost_TotalCost_BudgetYearTwo_val": "",
        "Cost_TotalCost_BudgetYearThree_val": "",
        "Cost_TotalCost_BudgetYearFour_val": "",
        "Cost_TotalCost_BudgetYearFive_val": "",
        "@SOURCE_FILENAME": "2015-BASE_PROCUREMENT-2015-AIRFORCE_AIRCRAFT_VOL2-PROCUREMENT_MasterJustificationBook_Air_Force_PB_2015.zzz_unzipped-PROCUREMENT_MasterJustificationBook_Air_Force_PB_2015.xml",
        "@RECORDID": "1d0ff418bd7c6cd4e0e89bd791631b1a3c0f2af4c9f1aa7bb064636a8d9f282b",
        "@ROWID": "0-2cb3f7b0125c5f34ad7756ee7e06af16440ed5b7c5cfdb259846f180c45d13b4",
        "@PARENTROWID": "0-4167b59dee0cd6391a775e46adb42fe19578464aca6a3ca7dfbde0493afd8640",
        "@PARENT": "root.record.ItemExhibitList.P3AModificationItemGroup.ModificationItemList.ModificationItem.Installation.ImplementationMethodList.ImplementationMethod"
    },
    {
        "Name_val": "Air National Guard",
        "Cost_Quantity_CurrentYear_val": "",
        "Cost_Quantity_BudgetYearOneBase_val": "8",
        "Cost_Quantity_BudgetYearOne_val": "8",
        "Cost_Quantity_PriorYear_val": "",
        "Cost_Quantity_BudgetYearTwo_val": "",
        "Cost_Quantity_BudgetYearThree_val": "",
        "Cost_Quantity_BudgetYearFour_val": "",
        "Cost_Quantity_BudgetYearFive_val": "",
        "Cost_TotalCost_CurrentYear_val": "",
        "Cost_TotalCost_BudgetYearOneBase_val": "4.179",
        "Cost_TotalCost_BudgetYearOne_val": "4.179",
        "Cost_TotalCost_PriorYear_val": "",
        "Cost_TotalCost_BudgetYearTwo_val": "",
        "Cost_TotalCost_BudgetYearThree_val": "",
        "Cost_TotalCost_BudgetYearFour_val": "",
        "Cost_TotalCost_BudgetYearFive_val": "",
        "@SOURCE_FILENAME": "2015-BASE_PROCUREMENT-2015-AIRFORCE_AIRCRAFT_VOL2-PROCUREMENT_MasterJustificationBook_Air_Force_PB_2015.zzz_unzipped-PROCUREMENT_MasterJustificationBook_Air_Force_PB_2015.xml",
        "@RECORDID": "1d0ff418bd7c6cd4e0e89bd791631b1a3c0f2af4c9f1aa7bb064636a8d9f282b",
        "@ROWID": "1-b5c394b7a7ee452c17aa3040db9c12638a4fe333561b00975678b24a0fce7972",
        "@PARENTROWID": "0-4167b59dee0cd6391a775e46adb42fe19578464aca6a3ca7dfbde0493afd8640",
        "@PARENT": "root.record.ItemExhibitList.P3AModificationItemGroup.ModificationItemList.ModificationItem.Installation.ImplementationMethodList.ImplementationMethod"
    },
    {
        "Name_val": "Air Force Reserve",
        "Cost_Quantity_CurrentYear_val": "",
        "Cost_Quantity_BudgetYearOneBase_val": "3",
        "Cost_Quantity_BudgetYearOne_val": "3",
        "Cost_Quantity_PriorYear_val": "",
        "Cost_Quantity_BudgetYearTwo_val": "",
        "Cost_Quantity_BudgetYearThree_val": "",
        "Cost_Quantity_BudgetYearFour_val": "",
        "Cost_Quantity_BudgetYearFive_val": "",
        "Cost_TotalCost_CurrentYear_val": "",
        "Cost_TotalCost_BudgetYearOneBase_val": "1.568",
        "Cost_TotalCost_BudgetYearOne_val": "1.568",
        "Cost_TotalCost_PriorYear_val": "",
        "Cost_TotalCost_BudgetYearTwo_val": "",
        "Cost_TotalCost_BudgetYearThree_val": "",
        "Cost_TotalCost_BudgetYearFour_val": "",
        "Cost_TotalCost_BudgetYearFive_val": "",
        "@SOURCE_FILENAME": "2015-BASE_PROCUREMENT-2015-AIRFORCE_AIRCRAFT_VOL2-PROCUREMENT_MasterJustificationBook_Air_Force_PB_2015.zzz_unzipped-PROCUREMENT_MasterJustificationBook_Air_Force_PB_2015.xml",
        "@RECORDID": "1d0ff418bd7c6cd4e0e89bd791631b1a3c0f2af4c9f1aa7bb064636a8d9f282b",
        "@ROWID": "2-5b072d99727f9b289a7a7e08d240a04b79e1ab4be9b8281bb89dfa25ed756e29",
        "@PARENTROWID": "0-4167b59dee0cd6391a775e46adb42fe19578464aca6a3ca7dfbde0493afd8640",
        "@PARENT": "root.record.ItemExhibitList.P3AModificationItemGroup.ModificationItemList.ModificationItem.Installation.ImplementationMethodList.ImplementationMethod"
    },
    {
        "Name_val": "Air Force Active",
        "Cost_Quantity_CurrentYear_val": "",
        "Cost_Quantity_BudgetYearOneBase_val": "7",
        "Cost_Quantity_BudgetYearOne_val": "7",
        "Cost_Quantity_PriorYear_val": "",
        "Cost_Quantity_BudgetYearTwo_val": "",
        "Cost_Quantity_BudgetYearThree_val": "",
        "Cost_Quantity_BudgetYearFour_val": "",
        "Cost_Quantity_BudgetYearFive_val": "",
        "Cost_TotalCost_CurrentYear_val": "",
        "Cost_TotalCost_BudgetYearOneBase_val": "4.991",
        "Cost_TotalCost_BudgetYearOne_val": "4.991",
        "Cost_TotalCost_PriorYear_val": "",
        "Cost_TotalCost_BudgetYearTwo_val": "",
        "Cost_TotalCost_BudgetYearThree_val": "",
        "Cost_TotalCost_BudgetYearFour_val": "",
        "Cost_TotalCost_BudgetYearFive_val": "",
        "@SOURCE_FILENAME": "2015-BASE_PROCUREMENT-2015-AIRFORCE_AIRCRAFT_VOL2-PROCUREMENT_MasterJustificationBook_Air_Force_PB_2015.zzz_unzipped-PROCUREMENT_MasterJustificationBook_Air_Force_PB_2015.xml",
        "@RECORDID": "855eae1cbb61b6501bc214ee71975773395e237741d724826b960bf4c434431a",
        "@ROWID": "0-ba78d83df4de2ba399c3b449dacc6bd3f70601caeb8582cf65ff1992d0d57e31",
        "@PARENTROWID": "0-27c929cc7f9fe64c99dbea5eefdb4dfc1e14edaacf3ff94e226f38266938726a",
        "@PARENT": "root.record.ItemExhibitList.P3AModificationItemGroup.ModificationItemList.ModificationItem.Installation.ImplementationMethodList.ImplementationMethod"
    },
    {
        "Name_val": "Air Force Active",
        "Cost_Quantity_CurrentYear_val": "",
        "Cost_Quantity_BudgetYearOneBase_val": "10",
        "Cost_Quantity_BudgetYearOne_val": "10",
        "Cost_Quantity_PriorYear_val": "",
        "Cost_Quantity_BudgetYearTwo_val": "",
        "Cost_Quantity_BudgetYearThree_val": "",
        "Cost_Quantity_BudgetYearFour_val": "",
        "Cost_Quantity_BudgetYearFive_val": "",
        "Cost_TotalCost_CurrentYear_val": "",
        "Cost_TotalCost_BudgetYearOneBase_val": "1.217",
        "Cost_TotalCost_BudgetYearOne_val": "1.217",
        "Cost_TotalCost_PriorYear_val": "",
        "Cost_TotalCost_BudgetYearTwo_val": "",
        "Cost_TotalCost_BudgetYearThree_val": "",
        "Cost_TotalCost_BudgetYearFour_val": "",
        "Cost_TotalCost_BudgetYearFive_val": "",
        "@SOURCE_FILENAME": "2015-BASE_PROCUREMENT-2015-AIRFORCE_AIRCRAFT_VOL2-PROCUREMENT_MasterJustificationBook_Air_Force_PB_2015.zzz_unzipped-PROCUREMENT_MasterJustificationBook_Air_Force_PB_2015.xml",
        "@RECORDID": "855eae1cbb61b6501bc214ee71975773395e237741d724826b960bf4c434431a",
        "@ROWID": "0-85d93112b61f8412df64ef2cf36b5b8a1e5f23afc90264830e13bfce04f0d09f",
        "@PARENTROWID": "0-441bd0a0615d35a584e7152e3c7506fdde8e2de8156fa3590149775d6bff63b4",
        "@PARENT": "root.record.ItemExhibitList.P3AModificationItemGroup.ModificationItemList.ModificationItem.Installation.ImplementationMethodList.ImplementationMethod"
    },
    {
        "Name_val": "Air Force Active",
        "Cost_Quantity_CurrentYear_val": "50",
        "Cost_Quantity_BudgetYearOneBase_val": "",
        "Cost_Quantity_BudgetYearOne_val": "",
        "Cost_Quantity_PriorYear_val": "",
        "Cost_Quantity_BudgetYearTwo_val": "",
        "Cost_Quantity_BudgetYearThree_val": "",
        "Cost_Quantity_BudgetYearFour_val": "",
        "Cost_Quantity_BudgetYearFive_val": "",
        "Cost_TotalCost_CurrentYear_val": "2.202",
        "Cost_TotalCost_BudgetYearOneBase_val": "",
        "Cost_TotalCost_BudgetYearOne_val": "",
        "Cost_TotalCost_PriorYear_val": "",
        "Cost_TotalCost_BudgetYearTwo_val": "",
        "Cost_TotalCost_BudgetYearThree_val": "",
        "Cost_TotalCost_BudgetYearFour_val": "",
        "Cost_TotalCost_BudgetYearFive_val": "",
        "@SOURCE_FILENAME": "2015-BASE_PROCUREMENT-2015-AIRFORCE_AIRCRAFT_VOL2-PROCUREMENT_MasterJustificationBook_Air_Force_PB_2015.zzz_unzipped-PROCUREMENT_MasterJustificationBook_Air_Force_PB_2015.xml",
        "@RECORDID": "855eae1cbb61b6501bc214ee71975773395e237741d724826b960bf4c434431a",
        "@ROWID": "0-19dd4af4b290fb5bacd2a8f5699d82d76fb2ecceb5919048ed56e8cd901abcab",
        "@PARENTROWID": "0-912ed34d28c80062396daad45d77be9a7bcc2c554bb1e75177ab9a5aa0fc19ae",
        "@PARENT": "root.record.ItemExhibitList.P3AModificationItemGroup.ModificationItemList.ModificationItem.Installation.ImplementationMethodList.ImplementationMethod"
    },
    {
        "Name_val": "Air National Guard",
        "Cost_Quantity_CurrentYear_val": "",
        "Cost_Quantity_BudgetYearOneBase_val": "",
        "Cost_Quantity_BudgetYearOne_val": "",
        "Cost_Quantity_PriorYear_val": "",
        "Cost_Quantity_BudgetYearTwo_val": "2",
        "Cost_Quantity_BudgetYearThree_val": "9",
        "Cost_Quantity_BudgetYearFour_val": "",
        "Cost_Quantity_BudgetYearFive_val": "",
        "Cost_TotalCost_CurrentYear_val": "",
        "Cost_TotalCost_BudgetYearOneBase_val": "",
        "Cost_TotalCost_BudgetYearOne_val": "",
        "Cost_TotalCost_PriorYear_val": "",
        "Cost_TotalCost_BudgetYearTwo_val": "0.778",
        "Cost_TotalCost_BudgetYearThree_val": "4.179",
        "Cost_TotalCost_BudgetYearFour_val": "",
        "Cost_TotalCost_BudgetYearFive_val": "",
        "@SOURCE_FILENAME": "2015-BASE_PROCUREMENT-2015-AIRFORCE_AIRCRAFT_VOL2-PROCUREMENT_MasterJustificationBook_Air_Force_PB_2015.zzz_unzipped-PROCUREMENT_MasterJustificationBook_Air_Force_PB_2015.xml",
        "@RECORDID": "e0999d2b89817dbe0cc954d07a44ef1ad1938f20a6bca9d4306e26527654e26d",
        "@ROWID": "0-f9fe0e1f2b6edbc43262443a1b1ab27dd3f73abb2a0d52e3b52e6c09ddec73c8",
        "@PARENTROWID": "0-35b4d6e4509fd820c88d16b1d664aacb9443ea925457ff79b8aa4d2c6e70a4d0",
        "@PARENT": "root.record.ItemExhibitList.P3AModificationItemGroup.ModificationItemList.ModificationItem.Installation.ImplementationMethodList.ImplementationMethod"
    },
    {
        "Name_val": "Air Force Active",
        "Cost_Quantity_CurrentYear_val": "",
        "Cost_Quantity_BudgetYearOneBase_val": "",
        "Cost_Quantity_BudgetYearOne_val": "",
        "Cost_Quantity_PriorYear_val": "442",
        "Cost_Quantity_BudgetYearTwo_val": "",
        "Cost_Quantity_BudgetYearThree_val": "",
        "Cost_Quantity_BudgetYearFour_val": "",
        "Cost_Quantity_BudgetYearFive_val": "",
        "Cost_TotalCost_CurrentYear_val": "",
        "Cost_TotalCost_BudgetYearOneBase_val": "",
        "Cost_TotalCost_BudgetYearOne_val": "",
        "Cost_TotalCost_PriorYear_val": "59.508",
        "Cost_TotalCost_BudgetYearTwo_val": "",
        "Cost_TotalCost_BudgetYearThree_val": "",
        "Cost_TotalCost_BudgetYearFour_val": "",
        "Cost_TotalCost_BudgetYearFive_val": "",
        "@SOURCE_FILENAME": "2015-BASE_PROCUREMENT-2015-AIRFORCE_AIRCRAFT_VOL2-PROCUREMENT_MasterJustificationBook_Air_Force_PB_2015.zzz_unzipped-PROCUREMENT_MasterJustificationBook_Air_Force_PB_2015.xml",
        "@RECORDID": "e0999d2b89817dbe0cc954d07a44ef1ad1938f20a6bca9d4306e26527654e26d",
        "@ROWID": "0-42d4b4d2d897819d8b43f12bd4ec045bdf9a5b21cc0966a539734b3db0aca1cc",
        "@PARENTROWID": "1-90f677bad55310d6e45d57442ac2d55ee31d51f8b0783a0b0c9b418e364e2f9e",
        "@PARENT": "root.record.ItemExhibitList.P3AModificationItemGroup.ModificationItemList.ModificationItem.Installation.ImplementationMethodList.ImplementationMethod"
    },
    {
        "Name_val": "Air National Guard",
        "Cost_Quantity_CurrentYear_val": "",
        "Cost_Quantity_BudgetYearOneBase_val": "",
        "Cost_Quantity_BudgetYearOne_val": "",
        "Cost_Quantity_PriorYear_val": "59",
        "Cost_Quantity_BudgetYearTwo_val": "",
        "Cost_Quantity_BudgetYearThree_val": "",
        "Cost_Quantity_BudgetYearFour_val": "",
        "Cost_Quantity_BudgetYearFive_val": "",
        "Cost_TotalCost_CurrentYear_val": "",
        "Cost_TotalCost_BudgetYearOneBase_val": "",
        "Cost_TotalCost_BudgetYearOne_val": "",
        "Cost_TotalCost_PriorYear_val": "2.6",
        "Cost_TotalCost_BudgetYearTwo_val": "",
        "Cost_TotalCost_BudgetYearThree_val": "",
        "Cost_TotalCost_BudgetYearFour_val": "",
        "Cost_TotalCost_BudgetYearFive_val": "",
        "@SOURCE_FILENAME": "2015-BASE_PROCUREMENT-2015-AIRFORCE_AIRCRAFT_VOL2-PROCUREMENT_MasterJustificationBook_Air_Force_PB_2015.zzz_unzipped-PROCUREMENT_MasterJustificationBook_Air_Force_PB_2015.xml",
        "@RECORDID": "e0999d2b89817dbe0cc954d07a44ef1ad1938f20a6bca9d4306e26527654e26d",
        "@ROWID": "1-3f5895174707798fd9aa3f2c8e9b9e7c5d80370e4b659568e709d9dbd0c5e0cd",
        "@PARENTROWID": "1-90f677bad55310d6e45d57442ac2d55ee31d51f8b0783a0b0c9b418e364e2f9e",
        "@PARENT": "root.record.ItemExhibitList.P3AModificationItemGroup.ModificationItemList.ModificationItem.Installation.ImplementationMethodList.ImplementationMethod"
    },
    {
        "Name_val": "Air Force Active",
        "Cost_Quantity_CurrentYear_val": "100",
        "Cost_Quantity_BudgetYearOneBase_val": "",
        "Cost_Quantity_BudgetYearOne_val": "",
        "Cost_Quantity_PriorYear_val": "",
        "Cost_Quantity_BudgetYearTwo_val": "",
        "Cost_Quantity_BudgetYearThree_val": "",
        "Cost_Quantity_BudgetYearFour_val": "",
        "Cost_Quantity_BudgetYearFive_val": "",
        "Cost_TotalCost_CurrentYear_val": "4.667",
        "Cost_TotalCost_BudgetYearOneBase_val": "",
        "Cost_TotalCost_BudgetYearOne_val": "",
        "Cost_TotalCost_PriorYear_val": "",
        "Cost_TotalCost_BudgetYearTwo_val": "",
        "Cost_TotalCost_BudgetYearThree_val": "",
        "Cost_TotalCost_BudgetYearFour_val": "",
        "Cost_TotalCost_BudgetYearFive_val": "",
        "@SOURCE_FILENAME": "2015-BASE_PROCUREMENT-2015-AIRFORCE_AIRCRAFT_VOL2-PROCUREMENT_MasterJustificationBook_Air_Force_PB_2015.zzz_unzipped-PROCUREMENT_MasterJustificationBook_Air_Force_PB_2015.xml",
        "@RECORDID": "e0999d2b89817dbe0cc954d07a44ef1ad1938f20a6bca9d4306e26527654e26d",
        "@ROWID": "0-b8215be3944150578352c4d7bb9b32d401610547f10a8cee78159d329b4ddafc",
        "@PARENTROWID": "1-027c4ad0a4322f0de010417e98cdad200bf1abbdf73bb1cfb39cfc9ffd5c9091",
        "@PARENT": "root.record.ItemExhibitList.P3AModificationItemGroup.ModificationItemList.ModificationItem.Installation.ImplementationMethodList.ImplementationMethod"
    },
    {
        "Name_val": "Air National Guard",
        "Cost_Quantity_CurrentYear_val": "96",
        "Cost_Quantity_BudgetYearOneBase_val": "",
        "Cost_Quantity_BudgetYearOne_val": "",
        "Cost_Quantity_PriorYear_val": "",
        "Cost_Quantity_BudgetYearTwo_val": "",
        "Cost_Quantity_BudgetYearThree_val": "",
        "Cost_Quantity_BudgetYearFour_val": "",
        "Cost_Quantity_BudgetYearFive_val": "",
        "Cost_TotalCost_CurrentYear_val": "0.069",
        "Cost_TotalCost_BudgetYearOneBase_val": "",
        "Cost_TotalCost_BudgetYearOne_val": "",
        "Cost_TotalCost_PriorYear_val": "",
        "Cost_TotalCost_BudgetYearTwo_val": "",
        "Cost_TotalCost_BudgetYearThree_val": "",
        "Cost_TotalCost_BudgetYearFour_val": "",
        "Cost_TotalCost_BudgetYearFive_val": "",
        "@SOURCE_FILENAME": "2015-BASE_PROCUREMENT-2015-AIRFORCE_AIRCRAFT_VOL2-PROCUREMENT_MasterJustificationBook_Air_Force_PB_2015.zzz_unzipped-PROCUREMENT_MasterJustificationBook_Air_Force_PB_2015.xml",
        "@RECORDID": "e0999d2b89817dbe0cc954d07a44ef1ad1938f20a6bca9d4306e26527654e26d",
        "@ROWID": "1-c6b4ff4312e3271d738f73b1bab421154dd790fe738efcbe6f931da3e2f2f76c",
        "@PARENTROWID": "1-027c4ad0a4322f0de010417e98cdad200bf1abbdf73bb1cfb39cfc9ffd5c9091",
        "@PARENT": "root.record.ItemExhibitList.P3AModificationItemGroup.ModificationItemList.ModificationItem.Installation.ImplementationMethodList.ImplementationMethod"
    },
    {
        "Name_val": "Air Force Active",
        "Cost_Quantity_CurrentYear_val": "15",
        "Cost_Quantity_BudgetYearOneBase_val": "15",
        "Cost_Quantity_BudgetYearOne_val": "15",
        "Cost_Quantity_PriorYear_val": "",
        "Cost_Quantity_BudgetYearTwo_val": "",
        "Cost_Quantity_BudgetYearThree_val": "",
        "Cost_Quantity_BudgetYearFour_val": "",
        "Cost_Quantity_BudgetYearFive_val": "",
        "Cost_TotalCost_CurrentYear_val": "16.341",
        "Cost_TotalCost_BudgetYearOneBase_val": "18.019",
        "Cost_TotalCost_BudgetYearOne_val": "18.019",
        "Cost_TotalCost_PriorYear_val": "",
        "Cost_TotalCost_BudgetYearTwo_val": "",
        "Cost_TotalCost_BudgetYearThree_val": "",
        "Cost_TotalCost_BudgetYearFour_val": "",
        "Cost_TotalCost_BudgetYearFive_val": "",
        "@SOURCE_FILENAME": "2015-BASE_PROCUREMENT-2015-AIRFORCE_AIRCRAFT_VOL2-PROCUREMENT_MasterJustificationBook_Air_Force_PB_2015.zzz_unzipped-PROCUREMENT_MasterJustificationBook_Air_Force_PB_2015.xml",
        "@RECORDID": "e0999d2b89817dbe0cc954d07a44ef1ad1938f20a6bca9d4306e26527654e26d",
        "@ROWID": "0-fc498680d23abaa017719e79d5140062e117311a035131da3913dbc7d5f5349d",
        "@PARENTROWID": "0-3e324f62736daf78b51e26432685acfc7446f80e281db1bd21694fa00124915c",
        "@PARENT": "root.record.ItemExhibitList.P3AModificationItemGroup.ModificationItemList.ModificationItem.Installation.ImplementationMethodList.ImplementationMethod"
    },
    {
        "Name_val": "Air National Guard",
        "Cost_Quantity_CurrentYear_val": "3",
        "Cost_Quantity_BudgetYearOneBase_val": "",
        "Cost_Quantity_BudgetYearOne_val": "",
        "Cost_Quantity_PriorYear_val": "",
        "Cost_Quantity_BudgetYearTwo_val": "",
        "Cost_Quantity_BudgetYearThree_val": "",
        "Cost_Quantity_BudgetYearFour_val": "",
        "Cost_Quantity_BudgetYearFive_val": "",
        "Cost_TotalCost_CurrentYear_val": "5.727",
        "Cost_TotalCost_BudgetYearOneBase_val": "",
        "Cost_TotalCost_BudgetYearOne_val": "",
        "Cost_TotalCost_PriorYear_val": "",
        "Cost_TotalCost_BudgetYearTwo_val": "",
        "Cost_TotalCost_BudgetYearThree_val": "",
        "Cost_TotalCost_BudgetYearFour_val": "",
        "Cost_TotalCost_BudgetYearFive_val": "",
        "@SOURCE_FILENAME": "2015-BASE_PROCUREMENT-2015-AIRFORCE_AIRCRAFT_VOL2-PROCUREMENT_MasterJustificationBook_Air_Force_PB_2015.zzz_unzipped-PROCUREMENT_MasterJustificationBook_Air_Force_PB_2015.xml",
        "@RECORDID": "e0999d2b89817dbe0cc954d07a44ef1ad1938f20a6bca9d4306e26527654e26d",
        "@ROWID": "1-47815c7075dff6ee7a03f14aa0a3f4154041cd503b57f3345f60800f3f297375",
        "@PARENTROWID": "0-3e324f62736daf78b51e26432685acfc7446f80e281db1bd21694fa00124915c",
        "@PARENT": "root.record.ItemExhibitList.P3AModificationItemGroup.ModificationItemList.ModificationItem.Installation.ImplementationMethodList.ImplementationMethod"
    },
    {
        "Name_val": "Air Force Active",
        "Cost_Quantity_CurrentYear_val": "12",
        "Cost_Quantity_BudgetYearOneBase_val": "",
        "Cost_Quantity_BudgetYearOne_val": "",
        "Cost_Quantity_PriorYear_val": "",
        "Cost_Quantity_BudgetYearTwo_val": "",
        "Cost_Quantity_BudgetYearThree_val": "",
        "Cost_Quantity_BudgetYearFour_val": "",
        "Cost_Quantity_BudgetYearFive_val": "",
        "Cost_TotalCost_CurrentYear_val": "8.84",
        "Cost_TotalCost_BudgetYearOneBase_val": "",
        "Cost_TotalCost_BudgetYearOne_val": "",
        "Cost_TotalCost_PriorYear_val": "",
        "Cost_TotalCost_BudgetYearTwo_val": "",
        "Cost_TotalCost_BudgetYearThree_val": "",
        "Cost_TotalCost_BudgetYearFour_val": "",
        "Cost_TotalCost_BudgetYearFive_val": "",
        "@SOURCE_FILENAME": "2015-BASE_PROCUREMENT-2015-AIRFORCE_AIRCRAFT_VOL2-PROCUREMENT_MasterJustificationBook_Air_Force_PB_2015.zzz_unzipped-PROCUREMENT_MasterJustificationBook_Air_Force_PB_2015.xml",
        "@RECORDID": "e0999d2b89817dbe0cc954d07a44ef1ad1938f20a6bca9d4306e26527654e26d",
        "@ROWID": "0-5d1cf162b357042a360ad617b2b9046c1d352fb1e501a49101978f640b4b9ab4",
        "@PARENTROWID": "0-8f4ec299c7ea273eca4014b3c92d97193f2222381c3c56691f473d7fd8013bef",
        "@PARENT": "root.record.ItemExhibitList.P3AModificationItemGroup.ModificationItemList.ModificationItem.Installation.ImplementationMethodList.ImplementationMethod"
    },
    {
        "Name_val": "Air Force Active",
        "Cost_Quantity_CurrentYear_val": "",
        "Cost_Quantity_BudgetYearOneBase_val": "",
        "Cost_Quantity_BudgetYearOne_val": "",
        "Cost_Quantity_PriorYear_val": "20",
        "Cost_Quantity_BudgetYearTwo_val": "",
        "Cost_Quantity_BudgetYearThree_val": "",
        "Cost_Quantity_BudgetYearFour_val": "",
        "Cost_Quantity_BudgetYearFive_val": "",
        "Cost_TotalCost_CurrentYear_val": "",
        "Cost_TotalCost_BudgetYearOneBase_val": "",
        "Cost_TotalCost_BudgetYearOne_val": "",
        "Cost_TotalCost_PriorYear_val": "0.98",
        "Cost_TotalCost_BudgetYearTwo_val": "",
        "Cost_TotalCost_BudgetYearThree_val": "",
        "Cost_TotalCost_BudgetYearFour_val": "",
        "Cost_TotalCost_BudgetYearFive_val": "",
        "@SOURCE_FILENAME": "2015-BASE_PROCUREMENT-2015-AIRFORCE_OTHER-PROCUREMENT_JustificationBook_Air_Force_PB_2015.zzz_unzipped-PROCUREMENT_JustificationBook_Air_Force_PB_2015.xml",
        "@RECORDID": "468bc985f6e66df36e06ea9a96c28ec64edcebf0d6674e83420127564b1094c0",
        "@ROWID": "0-727d02e912af740fce93980fb8177e9a497d7534d99a5653697dba125a3d8b1d",
        "@PARENTROWID": "0-ba8fa432cd4c16a1734f8a502c91bb4cdb90738daa2de1d4fa6d7df26a5ba108",
        "@PARENT": "root.record.ItemExhibitList.P3AModificationItemGroup.ModificationItemList.ModificationItem.Installation.ImplementationMethodList.ImplementationMethod"
    },
    {
        "Name_val": "Air Force Active",
        "Cost_Quantity_CurrentYear_val": "",
        "Cost_Quantity_BudgetYearOneBase_val": "",
        "Cost_Quantity_BudgetYearOne_val": "",
        "Cost_Quantity_PriorYear_val": "20",
        "Cost_Quantity_BudgetYearTwo_val": "",
        "Cost_Quantity_BudgetYearThree_val": "",
        "Cost_Quantity_BudgetYearFour_val": "",
        "Cost_Quantity_BudgetYearFive_val": "",
        "Cost_TotalCost_CurrentYear_val": "",
        "Cost_TotalCost_BudgetYearOneBase_val": "",
        "Cost_TotalCost_BudgetYearOne_val": "",
        "Cost_TotalCost_PriorYear_val": "0.98",
        "Cost_TotalCost_BudgetYearTwo_val": "",
        "Cost_TotalCost_BudgetYearThree_val": "",
        "Cost_TotalCost_BudgetYearFour_val": "",
        "Cost_TotalCost_BudgetYearFive_val": "",
        "@SOURCE_FILENAME": "2015-BASE_PROCUREMENT-2015-AIRFORCE_OTHER-PROCUREMENT_MasterJustificationBook_Air_Force_PB_2015.zzz_unzipped-PROCUREMENT_MasterJustificationBook_Air_Force_PB_2015.xml",
        "@RECORDID": "38574a0eb107b9f7269a65b5cd9e3370a0cecba368536b676cf0c3e78bac69ac",
        "@ROWID": "0-af8536b675311accbb9633f0c97cddd674e22098f523d053fc292cc5fc98f08d",
        "@PARENTROWID": "0-0e456de4a2be1db679296ca4dfddbefbbe9d0096970a2e15ed02e630dd1742df",
        "@PARENT": "root.record.ItemExhibitList.P3AModificationItemGroup.ModificationItemList.ModificationItem.Installation.ImplementationMethodList.ImplementationMethod"
    },
    {
        "Name_val": "Air Force Active",
        "Cost_Quantity_CurrentYear_val": "",
        "Cost_Quantity_BudgetYearOneBase_val": "0",
        "Cost_Quantity_BudgetYearOne_val": "0",
        "Cost_Quantity_PriorYear_val": "",
        "Cost_Quantity_BudgetYearTwo_val": "2",
        "Cost_Quantity_BudgetYearThree_val": "3",
        "Cost_Quantity_BudgetYearFour_val": "0",
        "Cost_Quantity_BudgetYearFive_val": "0",
        "Cost_TotalCost_CurrentYear_val": "",
        "Cost_TotalCost_BudgetYearOneBase_val": "6.68",
        "Cost_TotalCost_BudgetYearOne_val": "6.68",
        "Cost_TotalCost_PriorYear_val": "",
        "Cost_TotalCost_BudgetYearTwo_val": "12.483",
        "Cost_TotalCost_BudgetYearThree_val": "0.000",
        "Cost_TotalCost_BudgetYearFour_val": "0.000",
        "Cost_TotalCost_BudgetYearFive_val": "0.000",
        "@SOURCE_FILENAME": "2015-AMENDED_PROCUREMENT_AND_RDTE-2015-AIRFORCE_AMMO-PROCUREMENT_JustificationBook_Air_Force_PBAmended_2015.zzz_unzipped-PROCUREMENT_JustificationBook_Air_Force_PBAmended_2015.xml",
        "@RECORDID": "3cdf5370d6aa06ad598534cb0c149c4f22f6fb738ead93645d4b6f4becdfa971",
        "@ROWID": "0-578557394f764bb6b703efdaa0576b2d5331d74d9433538b2df71c87247441f2",
        "@PARENTROWID": "0-b61a60a8499533a5eb0115bd5ee5b82b8fddf0fc3e21d66185d7e0558da48e27",
        "@PARENT": "root.record.ItemExhibitList.P3AModificationItemGroup.ModificationItemList.ModificationItem.Installation.ImplementationMethodList.ImplementationMethod"
    },
    {
        "Name_val": "Air Force Active",
        "Cost_Quantity_CurrentYear_val": "",
        "Cost_Quantity_BudgetYearOneBase_val": "0",
        "Cost_Quantity_BudgetYearOne_val": "0",
        "Cost_Quantity_PriorYear_val": "",
        "Cost_Quantity_BudgetYearTwo_val": "2",
        "Cost_Quantity_BudgetYearThree_val": "3",
        "Cost_Quantity_BudgetYearFour_val": "0",
        "Cost_Quantity_BudgetYearFive_val": "0",
        "Cost_TotalCost_CurrentYear_val": "",
        "Cost_TotalCost_BudgetYearOneBase_val": "6.68",
        "Cost_TotalCost_BudgetYearOne_val": "6.68",
        "Cost_TotalCost_PriorYear_val": "",
        "Cost_TotalCost_BudgetYearTwo_val": "12.483",
        "Cost_TotalCost_BudgetYearThree_val": "0.000",
        "Cost_TotalCost_BudgetYearFour_val": "0.000",
        "Cost_TotalCost_BudgetYearFive_val": "0.000",
        "@SOURCE_FILENAME": "2015-AMENDED_PROCUREMENT_AND_RDTE-2015-AIRFORCE_AMMO-PROCUREMENT_MasterJustificationBook_Air_Force_PBAmended_2015.zzz_unzipped-PROCUREMENT_MasterJustificationBook_Air_Force_PBAmended_2015.xml",
        "@RECORDID": "3422ac66d0ea6fb81b14f56ab36db4a0f72d47732900596259b15b9bc0499223",
        "@ROWID": "0-71d1eb239415c26beddf2de48233151ce715f1717ff004c94a33ec548bd8ed5a",
        "@PARENTROWID": "0-8f66ae90b89fecf021d423fcc538b2728af54cdec7338c9569844d7617f4d812",
        "@PARENT": "root.record.ItemExhibitList.P3AModificationItemGroup.ModificationItemList.ModificationItem.Installation.ImplementationMethodList.ImplementationMethod"
    }
]