[
    {
        "Name_val": "Air Force Active",
        "Cost_Quantity_CurrentYear_val": "1",
        "Cost_Quantity_BudgetYearOneBase_val": "8",
        "Cost_Quantity_BudgetYearOne_val": "8",
        "Cost_Quantity_PriorYear_val": "",
        "Cost_Quantity_BudgetYearTwo_val": "",
        "Cost_Quantity_BudgetYearThree_val": "",
        "Cost_Quantity_BudgetYearFour_val": "",
        "Cost_Quantity_BudgetYearFive_val": "",
        "Cost_TotalCost_CurrentYear_val": "0.9",
        "Cost_TotalCost_BudgetYearOneBase_val": "6.718",
        "Cost_TotalCost_BudgetYearOne_val": "6.718",
        "Cost_TotalCost_PriorYear_val": "",
        "Cost_TotalCost_BudgetYearTwo_val": "",
        "Cost_TotalCost_BudgetYearThree_val": "",
        "Cost_TotalCost_BudgetYearFour_val": "",
        "Cost_TotalCost_BudgetYearFive_val": "",
        "@SOURCE_FILENAME": "2015-BASE_PROCUREMENT-2015-AIRFORCE_AIRCRAFT_VOL2-PROCUREMENT_JustificationBook_Air_Force_PB_2015.zzz_unzipped-PROCUREMENT_JustificationBook_Air_Force_PB_2015.xml",
        "@RECORDID": "64acb54550a4560598d7d665ce51dd7ecd276be3097259da048227510b8c8d9d",
        "@ROWID": "0-a9db457459e0495c281e9d44f52384f6e37862a2fcc840fa2124f694430d3c4a",
        "@PARENTROWID": "0-3c2be1d146f8932339a3ff1f33726f3ac254081382e2f51f29132937553f129d",
        "@PARENT": "root.record.ItemExhibitList.P3AModificationItemGroup.ModificationItemList.ModificationItem.Installation.ImplementationMethodList.ImplementationMethod"
    },
    {
        "Name_val": "Air Force Active",
        "Cost_Quantity_CurrentYear_val": "",
        "Cost_Quantity_BudgetYearOneBase_val": "2",
        "Cost_Quantity_BudgetYearOne_val": "2",
        "Cost_Quantity_PriorYear_val": "",
        "Cost_Quantity_BudgetYearTwo_val": "",
        "Cost_Quantity_BudgetYearThree_val": "",
        "Cost_Quantity_BudgetYearFour_val": "",
        "Cost_Quantity_BudgetYearFive_val": "",
        "Cost_TotalCost_CurrentYear_val": "",
        "Cost_TotalCost_BudgetYearOneBase_val": "0.66",
        "Cost_TotalCost_BudgetYearOne_val": "0.66",
        "Cost_TotalCost_PriorYear_val": "",
        "Cost_TotalCost_BudgetYearTwo_val": "",
        "Cost_TotalCost_BudgetYearThree_val": "",
        "Cost_TotalCost_BudgetYearFour_val": "",
        "Cost_TotalCost_BudgetYearFive_val": "",
        "@SOURCE_FILENAME": "2015-BASE_PROCUREMENT-2015-AIRFORCE_AIRCRAFT_VOL2-PROCUREMENT_JustificationBook_Air_Force_PB_2015.zzz_unzipped-PROCUREMENT_JustificationBook_Air_Force_PB_2015.xml",
        "@RECORDID": "64acb54550a4560598d7d665ce51dd7ecd276be3097259da048227510b8c8d9d",
        "@ROWID": "0-d6c9b51721518ae0112e801e488dd70972f5e5495c7779b471748a48559ce7b2",
        "@PARENTROWID": "1-294ce1b6b123729b53c0030ce03b77d1072a2c37f5752dd14359b7ef26fe766f",
        "@PARENT": "root.record.ItemExhibitList.P3AModificationItemGroup.ModificationItemList.ModificationItem.Installation.ImplementationMethodList.ImplementationMethod"
    },
    {
        "Name_val": "Air Force Active",
        "Cost_Quantity_CurrentYear_val": "6",
        "Cost_Quantity_BudgetYearOneBase_val": "",
        "Cost_Quantity_BudgetYearOne_val": "",
        "Cost_Quantity_PriorYear_val": "",
        "Cost_Quantity_BudgetYearTwo_val": "",
        "Cost_Quantity_BudgetYearThree_val": "",
        "Cost_Quantity_BudgetYearFour_val": "",
        "Cost_Quantity_BudgetYearFive_val": "",
        "Cost_TotalCost_CurrentYear_val": "149.612",
        "Cost_TotalCost_BudgetYearOneBase_val": "",
        "Cost_TotalCost_BudgetYearOne_val": "",
        "Cost_TotalCost_PriorYear_val": "",
        "Cost_TotalCost_BudgetYearTwo_val": "",
        "Cost_TotalCost_BudgetYearThree_val": "",
        "Cost_TotalCost_BudgetYearFour_val": "",
        "Cost_TotalCost_BudgetYearFive_val": "",
        "@SOURCE_FILENAME": "2015-BASE_PROCUREMENT-2015-AIRFORCE_AIRCRAFT_VOL2-PROCUREMENT_JustificationBook_Air_Force_PB_2015.zzz_unzipped-PROCUREMENT_JustificationBook_Air_Force_PB_2015.xml",
        "@RECORDID": "e049539817dd22b34918c2c0be8271bbbd79d6b6a486234ddff8e6be076c0e3d",
        "@ROWID": "0-b4bd1d6786595d155292ff386536e7542935185816d4a0c3634a70eccec20bcb",
        "@PARENTROWID": "0-35ddd54b494941bc31fcc7d9d355c533660ce3297f42e8516359a1294ddc496f",
        "@PARENT": "root.record.ItemExhibitList.P3AModificationItemGroup.ModificationItemList.ModificationItem.Installation.ImplementationMethodList.ImplementationMethod"
    },
    {
        "Name_val": "Air Force Reserve",
        "Cost_Quantity_CurrentYear_val": "5",
        "Cost_Quantity_BudgetYearOneBase_val": "",
        "Cost_Quantity_BudgetYearOne_val": "",
        "Cost_Quantity_PriorYear_val": "",
        "Cost_Quantity_BudgetYearTwo_val": "",
        "Cost_Quantity_BudgetYearThree_val": "",
        "Cost_Quantity_BudgetYearFour_val": "",
        "Cost_Quantity_BudgetYearFive_val": "",
        "Cost_TotalCost_CurrentYear_val": "124.676",
        "Cost_TotalCost_BudgetYearOneBase_val": "",
        "Cost_TotalCost_BudgetYearOne_val": "",
        "Cost_TotalCost_PriorYear_val": "",
        "Cost_TotalCost_BudgetYearTwo_val": "",
        "Cost_TotalCost_BudgetYearThree_val": "",
        "Cost_TotalCost_BudgetYearFour_val": "",
        "Cost_TotalCost_BudgetYearFive_val": "",
        "@SOURCE_FILENAME": "2015-BASE_PROCUREMENT-2015-AIRFORCE_AIRCRAFT_VOL2-PROCUREMENT_JustificationBook_Air_Force_PB_2015.zzz_unzipped-PROCUREMENT_JustificationBook_Air_Force_PB_2015.xml",
        "@RECORDID": "e049539817dd22b34918c2c0be8271bbbd79d6b6a486234ddff8e6be076c0e3d",
        "@ROWID": "1-3fa9c59cc7b644a7033445809d5271c2a30caa63a98eb7fd8321a1dba6dee681",
        "@PARENTROWID": "0-35ddd54b494941bc31fcc7d9d355c533660ce3297f42e8516359a1294ddc496f",
        "@PARENT": "root.record.ItemExhibitList.P3AModificationItemGroup.ModificationItemList.ModificationItem.Installation.ImplementationMethodList.ImplementationMethod"
    },
    {
        "Name_val": "Air Force Active",
        "Cost_Quantity_CurrentYear_val": "",
        "Cost_Quantity_BudgetYearOneBase_val": "17",
        "Cost_Quantity_BudgetYearOne_val": "17",
        "Cost_Quantity_PriorYear_val": "",
        "Cost_Quantity_BudgetYearTwo_val": "",
        "Cost_Quantity_BudgetYearThree_val": "",
        "Cost_Quantity_BudgetYearFour_val": "",
        "Cost_Quantity_BudgetYearFive_val": "",
        "Cost_TotalCost_CurrentYear_val": "",
        "Cost_TotalCost_BudgetYearOneBase_val": "3.844",
        "Cost_TotalCost_BudgetYearOne_val": "3.844",
        "Cost_TotalCost_PriorYear_val": "",
        "Cost_TotalCost_BudgetYearTwo_val": "",
        "Cost_TotalCost_BudgetYearThree_val": "",
        "Cost_TotalCost_BudgetYearFour_val": "",
        "Cost_TotalCost_BudgetYearFive_val": "",
        "@SOURCE_FILENAME": "2015-BASE_PROCUREMENT-2015-AIRFORCE_AIRCRAFT_VOL2-PROCUREMENT_JustificationBook_Air_Force_PB_2015.zzz_unzipped-PROCUREMENT_JustificationBook_Air_Force_PB_2015.xml",
        "@RECORDID": "2c3a42ac96c574f3a05d311e38d1fd39e76b2eaa077eed338c2b56579168a566",
        "@ROWID": "0-dedc1f0f5af8afb1eaccfdbab182607580e6d70140a95e96fc61bb8c35cec926",
        "@PARENTROWID": "0-ed48b1ca9dbaaa69474ba25179957acd7a1029b7c1f5794616a61e3b7129223f",
        "@PARENT": "root.record.ItemExhibitList.P3AModificationItemGroup.ModificationItemList.ModificationItem.Installation.ImplementationMethodList.ImplementationMethod"
    },
    {
        "Name_val": "Air National Guard",
        "Cost_Quantity_CurrentYear_val": "",
        "Cost_Quantity_BudgetYearOneBase_val": "3",
        "Cost_Quantity_BudgetYearOne_val": "3",
        "Cost_Quantity_PriorYear_val": "",
        "Cost_Quantity_BudgetYearTwo_val": "",
        "Cost_Quantity_BudgetYearThree_val": "",
        "Cost_Quantity_BudgetYearFour_val": "",
        "Cost_Quantity_BudgetYearFive_val": "",
        "Cost_TotalCost_CurrentYear_val": "",
        "Cost_TotalCost_BudgetYearOneBase_val": "0.678",
        "Cost_TotalCost_BudgetYearOne_val": "0.678",
        "Cost_TotalCost_PriorYear_val": "",
        "Cost_TotalCost_BudgetYearTwo_val": "",
        "Cost_TotalCost_BudgetYearThree_val": "",
        "Cost_TotalCost_BudgetYearFour_val": "",
        "Cost_TotalCost_BudgetYearFive_val": "",
        "@SOURCE_FILENAME": "2015-BASE_PROCUREMENT-2015-AIRFORCE_AIRCRAFT_VOL2-PROCUREMENT_JustificationBook_Air_Force_PB_2015.zzz_unzipped-PROCUREMENT_JustificationBook_Air_Force_PB_2015.xml",
        "@RECORDID": "2c3a42ac96c574f3a05d311e38d1fd39e76b2eaa077eed338c2b56579168a566",
        "@ROWID": "1-7ddfcb960b8eccdfa689e553bedad16cd9581aa78b97ff288f8f6dc7f27fcc34",
        "@PARENTROWID": "0-ed48b1ca9dbaaa69474ba25179957acd7a1029b7c1f5794616a61e3b7129223f",
        "@PARENT": "root.record.ItemExhibitList.P3AModificationItemGroup.ModificationItemList.ModificationItem.Installation.ImplementationMethodList.ImplementationMethod"
    },
    {
        "Name_val": "Air Force Reserve",
        "Cost_Quantity_CurrentYear_val": "",
        "Cost_Quantity_BudgetYearOneBase_val": "4",
        "Cost_Quantity_BudgetYearOne_val": "4",
        "Cost_Quantity_PriorYear_val": "",
        "Cost_Quantity_BudgetYearTwo_val": "",
        "Cost_Quantity_BudgetYearThree_val": "",
        "Cost_Quantity_BudgetYearFour_val": "",
        "Cost_Quantity_BudgetYearFive_val": "",
        "Cost_TotalCost_CurrentYear_val": "",
        "Cost_TotalCost_BudgetYearOneBase_val": "0.906",
        "Cost_TotalCost_BudgetYearOne_val": "0.906",
        "Cost_TotalCost_PriorYear_val": "",
        "Cost_TotalCost_BudgetYearTwo_val": "",
        "Cost_TotalCost_BudgetYearThree_val": "",
        "Cost_TotalCost_BudgetYearFour_val": "",
        "Cost_TotalCost_BudgetYearFive_val": "",
        "@SOURCE_FILENAME": "2015-BASE_PROCUREMENT-2015-AIRFORCE_AIRCRAFT_VOL2-PROCUREMENT_JustificationBook_Air_Force_PB_2015.zzz_unzipped-PROCUREMENT_JustificationBook_Air_Force_PB_2015.xml",
        "@RECORDID": "2c3a42ac96c574f3a05d311e38d1fd39e76b2eaa077eed338c2b56579168a566",
        "@ROWID": "2-910092e4fd08febaef2cc021a444b859da884af0bddf94d36ad2f6aaf77e8010",
        "@PARENTROWID": "0-ed48b1ca9dbaaa69474ba25179957acd7a1029b7c1f5794616a61e3b7129223f",
        "@PARENT": "root.record.ItemExhibitList.P3AModificationItemGroup.ModificationItemList.ModificationItem.Installation.ImplementationMethodList.ImplementationMethod"
    },
    {
        "Name_val": "Air Force Active",
        "Cost_Quantity_CurrentYear_val": "6",
        "Cost_Quantity_BudgetYearOneBase_val": "30",
        "Cost_Quantity_BudgetYearOne_val": "30",
        "Cost_Quantity_PriorYear_val": "",
        "Cost_Quantity_BudgetYearTwo_val": "",
        "Cost_Quantity_BudgetYearThree_val": "",
        "Cost_Quantity_BudgetYearFour_val": "",
        "Cost_Quantity_BudgetYearFive_val": "",
        "Cost_TotalCost_CurrentYear_val": "2.187",
        "Cost_TotalCost_BudgetYearOneBase_val": "9.615",
        "Cost_TotalCost_BudgetYearOne_val": "9.615",
        "Cost_TotalCost_PriorYear_val": "",
        "Cost_TotalCost_BudgetYearTwo_val": "",
        "Cost_TotalCost_BudgetYearThree_val": "",
        "Cost_TotalCost_BudgetYearFour_val": "",
        "Cost_TotalCost_BudgetYearFive_val": "",
        "@SOURCE_FILENAME": "2015-BASE_PROCUREMENT-2015-AIRFORCE_AIRCRAFT_VOL2-PROCUREMENT_JustificationBook_Air_Force_PB_2015.zzz_unzipped-PROCUREMENT_JustificationBook_Air_Force_PB_2015.xml",
        "@RECORDID": "2c3a42ac96c574f3a05d311e38d1fd39e76b2eaa077eed338c2b56579168a566",
        "@ROWID": "0-834b606576fc1262f7e71eb058024eb47dd65e13ae2c8fd9545c2a1154cb76c1",
        "@PARENTROWID": "0-ec26f753126f21899df491ecc677e5e772d1240057a971d4f485c943b18ef979",
        "@PARENT": "root.record.ItemExhibitList.P3AModificationItemGroup.ModificationItemList.ModificationItem.Installation.ImplementationMethodList.ImplementationMethod"
    },
    {
        "Name_val": "Air National Guard",
        "Cost_Quantity_CurrentYear_val": "",
        "Cost_Quantity_BudgetYearOneBase_val": "6",
        "Cost_Quantity_BudgetYearOne_val": "6",
        "Cost_Quantity_PriorYear_val": "",
        "Cost_Quantity_BudgetYearTwo_val": "",
        "Cost_Quantity_BudgetYearThree_val": "",
        "Cost_Quantity_BudgetYearFour_val": "",
        "Cost_Quantity_BudgetYearFive_val": "",
        "Cost_TotalCost_CurrentYear_val": "",
        "Cost_TotalCost_BudgetYearOneBase_val": "1.923",
        "Cost_TotalCost_BudgetYearOne_val": "1.923",
        "Cost_TotalCost_PriorYear_val": "",
        "Cost_TotalCost_BudgetYearTwo_val": "",
        "Cost_TotalCost_BudgetYearThree_val": "",
        "Cost_TotalCost_BudgetYearFour_val": "",
        "Cost_TotalCost_BudgetYearFive_val": "",
        "@SOURCE_FILENAME": "2015-BASE_PROCUREMENT-2015-AIRFORCE_AIRCRAFT_VOL2-PROCUREMENT_JustificationBook_Air_Force_PB_2015.zzz_unzipped-PROCUREMENT_JustificationBook_Air_Force_PB_2015.xml",
        "@RECORDID": "2c3a42ac96c574f3a05d311e38d1fd39e76b2eaa077eed338c2b56579168a566",
        "@ROWID": "1-40bb0bedfb06cef4f6d609287eabe12e413244d5ddbf48b1776b121576deb28a",
        "@PARENTROWID": "0-ec26f753126f21899df491ecc677e5e772d1240057a971d4f485c943b18ef979",
        "@PARENT": "root.record.ItemExhibitList.P3AModificationItemGroup.ModificationItemList.ModificationItem.Installation.ImplementationMethodList.ImplementationMethod"
    },
    {
        "Name_val": "Air Force Reserve",
        "Cost_Quantity_CurrentYear_val": "",
        "Cost_Quantity_BudgetYearOneBase_val": "30",
        "Cost_Quantity_BudgetYearOne_val": "30",
        "Cost_Quantity_PriorYear_val": "",
        "Cost_Quantity_BudgetYearTwo_val": "",
        "Cost_Quantity_BudgetYearThree_val": "",
        "Cost_Quantity_BudgetYearFour_val": "",
        "Cost_Quantity_BudgetYearFive_val": "",
        "Cost_TotalCost_CurrentYear_val": "",
        "Cost_TotalCost_BudgetYearOneBase_val": "9.615",
        "Cost_TotalCost_BudgetYearOne_val": "9.615",
        "Cost_TotalCost_PriorYear_val": "",
        "Cost_TotalCost_BudgetYearTwo_val": "",
        "Cost_TotalCost_BudgetYearThree_val": "",
        "Cost_TotalCost_BudgetYearFour_val": "",
        "Cost_TotalCost_BudgetYearFive_val": "",
        "@SOURCE_FILENAME": "2015-BASE_PROCUREMENT-2015-AIRFORCE_AIRCRAFT_VOL2-PROCUREMENT_JustificationBook_Air_Force_PB_2015.zzz_unzipped-PROCUREMENT_JustificationBook_Air_Force_PB_2015.xml",
        "@RECORDID": "2c3a42ac96c574f3a05d311e38d1fd39e76b2eaa077eed338c2b56579168a566",
        "@ROWID": "2-e6e7fa7c9c38327d6a2cc1c22f57487c6188f3869300ffd48ca703d57e954e4a",
        "@PARENTROWID": "0-ec26f753126f21899df491ecc677e5e772d1240057a971d4f485c943b18ef979",
        "@PARENT": "root.record.ItemExhibitList.P3AModificationItemGroup.ModificationItemList.ModificationItem.Installation.ImplementationMethodList.ImplementationMethod"
    },
    {
        "Name_val": "Air Force Active",
        "Cost_Quantity_CurrentYear_val": "38",
        "Cost_Quantity_BudgetYearOneBase_val": "",
        "Cost_Quantity_BudgetYearOne_val": "",
        "Cost_Quantity_PriorYear_val": "",
        "Cost_Quantity_BudgetYearTwo_val": "",
        "Cost_Quantity_BudgetYearThree_val": "",
        "Cost_Quantity_BudgetYearFour_val": "",
        "Cost_Quantity_BudgetYearFive_val": "",
        "Cost_TotalCost_CurrentYear_val": "1.447",
        "Cost_TotalCost_BudgetYearOneBase_val": "",
        "Cost_TotalCost_BudgetYearOne_val": "",
        "Cost_TotalCost_PriorYear_val": "",
        "Cost_TotalCost_BudgetYearTwo_val": "",
        "Cost_TotalCost_BudgetYearThree_val": "",
        "Cost_TotalCost_BudgetYearFour_val": "",
        "Cost_TotalCost_BudgetYearFive_val": "",
        "@SOURCE_FILENAME": "2015-BASE_PROCUREMENT-2015-AIRFORCE_AIRCRAFT_VOL2-PROCUREMENT_JustificationBook_Air_Force_PB_2015.zzz_unzipped-PROCUREMENT_JustificationBook_Air_Force_PB_2015.xml",
        "@RECORDID": "2c3a42ac96c574f3a05d311e38d1fd39e76b2eaa077eed338c2b56579168a566",
        "@ROWID": "0-ce35173fa548e9b3fcf2c99795e9e7a3aa1e8362887a8212d324d732c60fd309",
        "@PARENTROWID": "0-1c136f8b4edf49664b9350ec2cb2bb8d9c6863df503c718df02355738a5b129c",
        "@PARENT": "root.record.ItemExhibitList.P3AModificationItemGroup.ModificationItemList.ModificationItem.Installation.ImplementationMethodList.ImplementationMethod"
    },
    {
        "Name_val": "Air Force Active",
        "Cost_Quantity_CurrentYear_val": "38",
        "Cost_Quantity_BudgetYearOneBase_val": "",
        "Cost_Quantity_BudgetYearOne_val": "",
        "Cost_Quantity_PriorYear_val": "",
        "Cost_Quantity_BudgetYearTwo_val": "",
        "Cost_Quantity_BudgetYearThree_val": "",
        "Cost_Quantity_BudgetYearFour_val": "",
        "Cost_Quantity_BudgetYearFive_val": "",
        "Cost_TotalCost_CurrentYear_val": "0.000",
        "Cost_TotalCost_BudgetYearOneBase_val": "",
        "Cost_TotalCost_BudgetYearOne_val": "",
        "Cost_TotalCost_PriorYear_val": "",
        "Cost_TotalCost_BudgetYearTwo_val": "",
        "Cost_TotalCost_BudgetYearThree_val": "",
        "Cost_TotalCost_BudgetYearFour_val": "",
        "Cost_TotalCost_BudgetYearFive_val": "",
        "@SOURCE_FILENAME": "2015-BASE_PROCUREMENT-2015-AIRFORCE_AIRCRAFT_VOL2-PROCUREMENT_JustificationBook_Air_Force_PB_2015.zzz_unzipped-PROCUREMENT_JustificationBook_Air_Force_PB_2015.xml",
        "@RECORDID": "2c3a42ac96c574f3a05d311e38d1fd39e76b2eaa077eed338c2b56579168a566",
        "@ROWID": "0-1469c234ffbe714928c392e995a83b84bda89ca616807cf12a0c0d62140fbce1",
        "@PARENTROWID": "0-a1f878de121930277334e878cb7ca42cb9efbc98096b0106b9472833727fc5c9",
        "@PARENT": "root.record.ItemExhibitList.P3AModificationItemGroup.ModificationItemList.ModificationItem.Installation.ImplementationMethodList.ImplementationMethod"
    },
    {
        "Name_val": "Air Force Active",
        "Cost_Quantity_CurrentYear_val": "",
        "Cost_Quantity_BudgetYearOneBase_val": "0",
        "Cost_Quantity_BudgetYearOne_val": "0",
        "Cost_Quantity_PriorYear_val": "0",
        "Cost_Quantity_BudgetYearTwo_val": "",
        "Cost_Quantity_BudgetYearThree_val": "",
        "Cost_Quantity_BudgetYearFour_val": "",
        "Cost_Quantity_BudgetYearFive_val": "",
        "Cost_TotalCost_CurrentYear_val": "",
        "Cost_TotalCost_BudgetYearOneBase_val": "0.913",
        "Cost_TotalCost_BudgetYearOne_val": "0.913",
        "Cost_TotalCost_PriorYear_val": "4.992",
        "Cost_TotalCost_BudgetYearTwo_val": "",
        "Cost_TotalCost_BudgetYearThree_val": "",
        "Cost_TotalCost_BudgetYearFour_val": "",
        "Cost_TotalCost_BudgetYearFive_val": "",
        "@SOURCE_FILENAME": "2015-BASE_PROCUREMENT-2015-AIRFORCE_AIRCRAFT_VOL2-PROCUREMENT_JustificationBook_Air_Force_PB_2015.zzz_unzipped-PROCUREMENT_JustificationBook_Air_Force_PB_2015.xml",
        "@RECORDID": "ad2cbcd52887cfdbd4c4e64af0f936c986b469e78be0a9fa924477b8ad18fb8f",
        "@ROWID": "0-e19fe0c761cdc0ee602b8b7417935f97349121cf318e791a575c949a482f3423",
        "@PARENTROWID": "0-5b85ca24043434f26b412494f8ca18ef1ced3432b9a975c73d9a987753f1f1a7",
        "@PARENT": "root.record.ItemExhibitList.P3AModificationItemGroup.ModificationItemList.ModificationItem.Installation.ImplementationMethodList.ImplementationMethod"
    },
    {
        "Name_val": "Air National Guard",
        "Cost_Quantity_CurrentYear_val": "",
        "Cost_Quantity_BudgetYearOneBase_val": "",
        "Cost_Quantity_BudgetYearOne_val": "",
        "Cost_Quantity_PriorYear_val": "0",
        "Cost_Quantity_BudgetYearTwo_val": "",
        "Cost_Quantity_BudgetYearThree_val": "",
        "Cost_Quantity_BudgetYearFour_val": "",
        "Cost_Quantity_BudgetYearFive_val": "",
        "Cost_TotalCost_CurrentYear_val": "",
        "Cost_TotalCost_BudgetYearOneBase_val": "",
        "Cost_TotalCost_BudgetYearOne_val": "",
        "Cost_TotalCost_PriorYear_val": "1.664",
        "Cost_TotalCost_BudgetYearTwo_val": "",
        "Cost_TotalCost_BudgetYearThree_val": "",
        "Cost_TotalCost_BudgetYearFour_val": "",
        "Cost_TotalCost_BudgetYearFive_val": "",
        "@SOURCE_FILENAME": "2015-BASE_PROCUREMENT-2015-AIRFORCE_AIRCRAFT_VOL2-PROCUREMENT_JustificationBook_Air_Force_PB_2015.zzz_unzipped-PROCUREMENT_JustificationBook_Air_Force_PB_2015.xml",
        "@RECORDID": "ad2cbcd52887cfdbd4c4e64af0f936c986b469e78be0a9fa924477b8ad18fb8f",
        "@ROWID": "1-9b8ccdeaa8280d85e665a00e3c7877c30f718067653b0a97f78032013c21e523",
        "@PARENTROWID": "0-5b85ca24043434f26b412494f8ca18ef1ced3432b9a975c73d9a987753f1f1a7",
        "@PARENT": "root.record.ItemExhibitList.P3AModificationItemGroup.ModificationItemList.ModificationItem.Installation.ImplementationMethodList.ImplementationMethod"
    },
    {
        "Name_val": "Air Force Reserve",
        "Cost_Quantity_CurrentYear_val": "",
        "Cost_Quantity_BudgetYearOneBase_val": "",
        "Cost_Quantity_BudgetYearOne_val": "",
        "Cost_Quantity_PriorYear_val": "0",
        "Cost_Quantity_BudgetYearTwo_val": "",
        "Cost_Quantity_BudgetYearThree_val": "",
        "Cost_Quantity_BudgetYearFour_val": "",
        "Cost_Quantity_BudgetYearFive_val": "",
        "Cost_TotalCost_CurrentYear_val": "",
        "Cost_TotalCost_BudgetYearOneBase_val": "",
        "Cost_TotalCost_BudgetYearOne_val": "",
        "Cost_TotalCost_PriorYear_val": "0.832",
        "Cost_TotalCost_BudgetYearTwo_val": "",
        "Cost_TotalCost_BudgetYearThree_val": "",
        "Cost_TotalCost_BudgetYearFour_val": "",
        "Cost_TotalCost_BudgetYearFive_val": "",
        "@SOURCE_FILENAME": "2015-BASE_PROCUREMENT-2015-AIRFORCE_AIRCRAFT_VOL2-PROCUREMENT_JustificationBook_Air_Force_PB_2015.zzz_unzipped-PROCUREMENT_JustificationBook_Air_Force_PB_2015.xml",
        "@RECORDID": "ad2cbcd52887cfdbd4c4e64af0f936c986b469e78be0a9fa924477b8ad18fb8f",
        "@ROWID": "2-c40920ab1ed1d07f1e489d562831fb5ccfe1dd7cf0fce93183b48555dac15355",
        "@PARENTROWID": "0-5b85ca24043434f26b412494f8ca18ef1ced3432b9a975c73d9a987753f1f1a7",
        "@PARENT": "root.record.ItemExhibitList.P3AModificationItemGroup.ModificationItemList.ModificationItem.Installation.ImplementationMethodList.ImplementationMethod"
    },
    {
        "Name_val": "Air Force Active",
        "Cost_Quantity_CurrentYear_val": "",
        "Cost_Quantity_BudgetYearOneBase_val": "",
        "Cost_Quantity_BudgetYearOne_val": "",
        "Cost_Quantity_PriorYear_val": "0",
        "Cost_Quantity_BudgetYearTwo_val": "",
        "Cost_Quantity_BudgetYearThree_val": "",
        "Cost_Quantity_BudgetYearFour_val": "",
        "Cost_Quantity_BudgetYearFive_val": "",
        "Cost_TotalCost_CurrentYear_val": "",
        "Cost_TotalCost_BudgetYearOneBase_val": "",
        "Cost_TotalCost_BudgetYearOne_val": "",
        "Cost_TotalCost_PriorYear_val": "0.385",
        "Cost_TotalCost_BudgetYearTwo_val": "",
        "Cost_TotalCost_BudgetYearThree_val": "",
        "Cost_TotalCost_BudgetYearFour_val": "",
        "Cost_TotalCost_BudgetYearFive_val": "",
        "@SOURCE_FILENAME": "2015-BASE_PROCUREMENT-2015-AIRFORCE_AIRCRAFT_VOL2-PROCUREMENT_JustificationBook_Air_Force_PB_2015.zzz_unzipped-PROCUREMENT_JustificationBook_Air_Force_PB_2015.xml",
        "@RECORDID": "ad2cbcd52887cfdbd4c4e64af0f936c986b469e78be0a9fa924477b8ad18fb8f",
        "@ROWID": "0-20e0fc87c86618a402629caa9351fbc54cd32a552b9e9615aa2201e243d6ab21",
        "@PARENTROWID": "0-6ada717d34433b685e9727aad1d94d3c2673a641d7c44e17910b98f430158233",
        "@PARENT": "root.record.ItemExhibitList.P3AModificationItemGroup.ModificationItemList.ModificationItem.Installation.ImplementationMethodList.ImplementationMethod"
    },
    {
        "Name_val": "Air Force Active",
        "Cost_Quantity_CurrentYear_val": "",
        "Cost_Quantity_BudgetYearOneBase_val": "0",
        "Cost_Quantity_BudgetYearOne_val": "0",
        "Cost_Quantity_PriorYear_val": "",
        "Cost_Quantity_BudgetYearTwo_val": "2",
        "Cost_Quantity_BudgetYearThree_val": "3",
        "Cost_Quantity_BudgetYearFour_val": "0",
        "Cost_Quantity_BudgetYearFive_val": "0",
        "Cost_TotalCost_CurrentYear_val": "",
        "Cost_TotalCost_BudgetYearOneBase_val": "4.975",
        "Cost_TotalCost_BudgetYearOne_val": "4.975",
        "Cost_TotalCost_PriorYear_val": "",
        "Cost_TotalCost_BudgetYearTwo_val": "12.483",
        "Cost_TotalCost_BudgetYearThree_val": "0.000",
        "Cost_TotalCost_BudgetYearFour_val": "0.000",
        "Cost_TotalCost_BudgetYearFive_val": "0.000",
        "@SOURCE_FILENAME": "2015-BASE_PROCUREMENT-2015-AIRFORCE_AIRCRAFT_VOL2-PROCUREMENT_JustificationBook_Air_Force_PB_2015.zzz_unzipped-PROCUREMENT_JustificationBook_Air_Force_PB_2015.xml",
        "@RECORDID": "f95a686895e7fa3d37923c2b920ccf43d5ee240504c1f66a1de53572ac91a145",
        "@ROWID": "0-7aad8f5b7a16a788deaf628e1723a0b8d2171cd38016b833bfee789380d9d2fd",
        "@PARENTROWID": "0-cd60e5ada66d0b756a76054f03db1fac92be28193d50a51edc3882bf4be248f7",
        "@PARENT": "root.record.ItemExhibitList.P3AModificationItemGroup.ModificationItemList.ModificationItem.Installation.ImplementationMethodList.ImplementationMethod"
    },
    {
        "Name_val": "Air Force Active",
        "Cost_Quantity_CurrentYear_val": "",
        "Cost_Quantity_BudgetYearOneBase_val": "8",
        "Cost_Quantity_BudgetYearOne_val": "8",
        "Cost_Quantity_PriorYear_val": "",
        "Cost_Quantity_BudgetYearTwo_val": "",
        "Cost_Quantity_BudgetYearThree_val": "",
        "Cost_Quantity_BudgetYearFour_val": "",
        "Cost_Quantity_BudgetYearFive_val": "",
        "Cost_TotalCost_CurrentYear_val": "",
        "Cost_TotalCost_BudgetYearOneBase_val": "4.179",
        "Cost_TotalCost_BudgetYearOne_val": "4.179",
        "Cost_TotalCost_PriorYear_val": "",
        "Cost_TotalCost_BudgetYearTwo_val": "",
        "Cost_TotalCost_BudgetYearThree_val": "",
        "Cost_TotalCost_BudgetYearFour_val": "",
        "Cost_TotalCost_BudgetYearFive_val": "",
        "@SOURCE_FILENAME": "2015-BASE_PROCUREMENT-2015-AIRFORCE_AIRCRAFT_VOL2-PROCUREMENT_JustificationBook_Air_Force_PB_2015.zzz_unzipped-PROCUREMENT_JustificationBook_Air_Force_PB_2015.xml",
        "@RECORDID": "4f10c9d75af1ff7f39d3312af79b465fcb001e31cfa449ec049bea6f08f73af1",
        "@ROWID": "0-e0a27b86d974004510b5f171befa2047a68bbb3e5b720c3a9cb10fd560b828b4",
        "@PARENTROWID": "0-52cfea3480ca554335e7d48b30b145ebdfa4d6164a797f85200154497e5621c6",
        "@PARENT": "root.record.ItemExhibitList.P3AModificationItemGroup.ModificationItemList.ModificationItem.Installation.ImplementationMethodList.ImplementationMethod"
    },
    {
        "Name_val": "Air National Guard",
        "Cost_Quantity_CurrentYear_val": "",
        "Cost_Quantity_BudgetYearOneBase_val": "8",
        "Cost_Quantity_BudgetYearOne_val": "8",
        "Cost_Quantity_PriorYear_val": "",
        "Cost_Quantity_BudgetYearTwo_val": "",
        "Cost_Quantity_BudgetYearThree_val": "",
        "Cost_Quantity_BudgetYearFour_val": "",
        "Cost_Quantity_BudgetYearFive_val": "",
        "Cost_TotalCost_CurrentYear_val": "",
        "Cost_TotalCost_BudgetYearOneBase_val": "4.179",
        "Cost_TotalCost_BudgetYearOne_val": "4.179",
        "Cost_TotalCost_PriorYear_val": "",
        "Cost_TotalCost_BudgetYearTwo_val": "",
        "Cost_TotalCost_BudgetYearThree_val": "",
        "Cost_TotalCost_BudgetYearFour_val": "",
        "Cost_TotalCost_BudgetYearFive_val": "",
        "@SOURCE_FILENAME": "2015-BASE_PROCUREMENT-2015-AIRFORCE_AIRCRAFT_VOL2-PROCUREMENT_JustificationBook_Air_Force_PB_2015.zzz_unzipped-PROCUREMENT_JustificationBook_Air_Force_PB_2015.xml",
        "@RECORDID": "4f10c9d75af1ff7f39d3312af79b465fcb001e31cfa449ec049bea6f08f73af1",
        "@ROWID": "1-e5dd85b1bac70a7a6ed01c958656c731d3b2c64c27d6753766daf1e7137ce92a",
        "@PARENTROWID": "0-52cfea3480ca554335e7d48b30b145ebdfa4d6164a797f85200154497e5621c6",
        "@PARENT": "root.record.ItemExhibitList.P3AModificationItemGroup.ModificationItemList.ModificationItem.Installation.ImplementationMethodList.ImplementationMethod"
    },
    {
        "Name_val": "Air Force Reserve",
        "Cost_Quantity_CurrentYear_val": "",
        "Cost_Quantity_BudgetYearOneBase_val": "3",
        "Cost_Quantity_BudgetYearOne_val": "3",
        "Cost_Quantity_PriorYear_val": "",
        "Cost_Quantity_BudgetYearTwo_val": "",
        "Cost_Quantity_BudgetYearThree_val": "",
        "Cost_Quantity_BudgetYearFour_val": "",
        "Cost_Quantity_BudgetYearFive_val": "",
        "Cost_TotalCost_CurrentYear_val": "",
        "Cost_TotalCost_BudgetYearOneBase_val": "1.568",
        "Cost_TotalCost_BudgetYearOne_val": "1.568",
        "Cost_TotalCost_PriorYear_val": "",
        "Cost_TotalCost_BudgetYearTwo_val": "",
        "Cost_TotalCost_BudgetYearThree_val": "",
        "Cost_TotalCost_BudgetYearFour_val": "",
        "Cost_TotalCost_BudgetYearFive_val": "",
        "@SOURCE_FILENAME": "2015-BASE_PROCUREMENT-2015-AIRFORCE_AIRCRAFT_VOL2-PROCUREMENT_JustificationBook_Air_Force_PB_2015.zzz_unzipped-PROCUREMENT_JustificationBook_Air_Force_PB_2015.xml",
        "@RECORDID": "4f10c9d75af1ff7f39d3312af79b465fcb001e31cfa449ec049bea6f08f73af1",
        "@ROWID": "2-d7f5319cba674624d121b512a5997424a999bbb6c80b08cd5933209731e249ac",
        "@PARENTROWID": "0-52cfea3480ca554335e7d48b30b145ebdfa4d6164a797f85200154497e5621c6",
        "@PARENT": "root.record.ItemExhibitList.P3AModificationItemGroup.ModificationItemList.ModificationItem.Installation.ImplementationMethodList.ImplementationMethod"
    },
    {
        "Name_val": "Air Force Active",
        "Cost_Quantity_CurrentYear_val": "",
        "Cost_Quantity_BudgetYearOneBase_val": "7",
        "Cost_Quantity_BudgetYearOne_val": "7",
        "Cost_Quantity_PriorYear_val": "",
        "Cost_Quantity_BudgetYearTwo_val": "",
        "Cost_Quantity_BudgetYearThree_val": "",
        "Cost_Quantity_BudgetYearFour_val": "",
        "Cost_Quantity_BudgetYearFive_val": "",
        "Cost_TotalCost_CurrentYear_val": "",
        "Cost_TotalCost_BudgetYearOneBase_val": "4.991",
        "Cost_TotalCost_BudgetYearOne_val": "4.991",
        "Cost_TotalCost_PriorYear_val": "",
        "Cost_TotalCost_BudgetYearTwo_val": "",
        "Cost_TotalCost_BudgetYearThree_val": "",
        "Cost_TotalCost_BudgetYearFour_val": "",
        "Cost_TotalCost_BudgetYearFive_val": "",
        "@SOURCE_FILENAME": "2015-BASE_PROCUREMENT-2015-AIRFORCE_AIRCRAFT_VOL2-PROCUREMENT_JustificationBook_Air_Force_PB_2015.zzz_unzipped-PROCUREMENT_JustificationBook_Air_Force_PB_2015.xml",
        "@RECORDID": "37a9176d6819849bcd695141407bcbea7c3c0b02a6c4bbb6d05d22c664d601c4",
        "@ROWID": "0-c1d49437c1ecb688416056f2ab2c3fbb3670351534887aa95a68bffcdaf3b75c",
        "@PARENTROWID": "0-7a944c81352b1aca2b0c0c1a08285bf1e40095daa7b05479ed872103ea3d5c15",
        "@PARENT": "root.record.ItemExhibitList.P3AModificationItemGroup.ModificationItemList.ModificationItem.Installation.ImplementationMethodList.ImplementationMethod"
    },
    {
        "Name_val": "Air Force Active",
        "Cost_Quantity_CurrentYear_val": "",
        "Cost_Quantity_BudgetYearOneBase_val": "10",
        "Cost_Quantity_BudgetYearOne_val": "10",
        "Cost_Quantity_PriorYear_val": "",
        "Cost_Quantity_BudgetYearTwo_val": "",
        "Cost_Quantity_BudgetYearThree_val": "",
        "Cost_Quantity_BudgetYearFour_val": "",
        "Cost_Quantity_BudgetYearFive_val": "",
        "Cost_TotalCost_CurrentYear_val": "",
        "Cost_TotalCost_BudgetYearOneBase_val": "1.217",
        "Cost_TotalCost_BudgetYearOne_val": "1.217",
        "Cost_TotalCost_PriorYear_val": "",
        "Cost_TotalCost_BudgetYearTwo_val": "",
        "Cost_TotalCost_BudgetYearThree_val": "",
        "Cost_TotalCost_BudgetYearFour_val": "",
        "Cost_TotalCost_BudgetYearFive_val": "",
        "@SOURCE_FILENAME": "2015-BASE_PROCUREMENT-2015-AIRFORCE_AIRCRAFT_VOL2-PROCUREMENT_JustificationBook_Air_Force_PB_2015.zzz_unzipped-PROCUREMENT_JustificationBook_Air_Force_PB_2015.xml",
        "@RECORDID": "37a9176d6819849bcd695141407bcbea7c3c0b02a6c4bbb6d05d22c664d601c4",
        "@ROWID": "0-53bb0104dc5edd829a422a95fd97d3591c2af8001aabd5da06bc325fcf8980c3",
        "@PARENTROWID": "0-3f7935fe1a1e81db91114075fefda0456ac43125d10a9afbe5baf0e645fbe72e",
        "@PARENT": "root.record.ItemExhibitList.P3AModificationItemGroup.ModificationItemList.ModificationItem.Installation.ImplementationMethodList.ImplementationMethod"
    },
    {
        "Name_val": "Air Force Active",
        "Cost_Quantity_CurrentYear_val": "50",
        "Cost_Quantity_BudgetYearOneBase_val": "",
        "Cost_Quantity_BudgetYearOne_val": "",
        "Cost_Quantity_PriorYear_val": "",
        "Cost_Quantity_BudgetYearTwo_val": "",
        "Cost_Quantity_BudgetYearThree_val": "",
        "Cost_Quantity_BudgetYearFour_val": "",
        "Cost_Quantity_BudgetYearFive_val": "",
        "Cost_TotalCost_CurrentYear_val": "2.202",
        "Cost_TotalCost_BudgetYearOneBase_val": "",
        "Cost_TotalCost_BudgetYearOne_val": "",
        "Cost_TotalCost_PriorYear_val": "",
        "Cost_TotalCost_BudgetYearTwo_val": "",
        "Cost_TotalCost_BudgetYearThree_val": "",
        "Cost_TotalCost_BudgetYearFour_val": "",
        "Cost_TotalCost_BudgetYearFive_val": "",
        "@SOURCE_FILENAME": "2015-BASE_PROCUREMENT-2015-AIRFORCE_AIRCRAFT_VOL2-PROCUREMENT_JustificationBook_Air_Force_PB_2015.zzz_unzipped-PROCUREMENT_JustificationBook_Air_Force_PB_2015.xml",
        "@RECORDID": "37a9176d6819849bcd695141407bcbea7c3c0b02a6c4bbb6d05d22c664d601c4",
        "@ROWID": "0-e10cecd3ec3441ad13be770f791940ef9a5af07016c0a769ecc43a1578c756e3",
        "@PARENTROWID": "0-7f01bfb63857b8fc164dfe66bf135b1ef8fd72b7da12b638b066d64b9d782354",
        "@PARENT": "root.record.ItemExhibitList.P3AModificationItemGroup.ModificationItemList.ModificationItem.Installation.ImplementationMethodList.ImplementationMethod"
    },
    {
        "Name_val": "Air National Guard",
        "Cost_Quantity_CurrentYear_val": "",
        "Cost_Quantity_BudgetYearOneBase_val": "",
        "Cost_Quantity_BudgetYearOne_val": "",
        "Cost_Quantity_PriorYear_val": "",
        "Cost_Quantity_BudgetYearTwo_val": "2",
        "Cost_Quantity_BudgetYearThree_val": "9",
        "Cost_Quantity_BudgetYearFour_val": "",
        "Cost_Quantity_BudgetYearFive_val": "",
        "Cost_TotalCost_CurrentYear_val": "",
        "Cost_TotalCost_BudgetYearOneBase_val": "",
        "Cost_TotalCost_BudgetYearOne_val": "",
        "Cost_TotalCost_PriorYear_val": "",
        "Cost_TotalCost_BudgetYearTwo_val": "0.778",
        "Cost_TotalCost_BudgetYearThree_val": "4.179",
        "Cost_TotalCost_BudgetYearFour_val": "",
        "Cost_TotalCost_BudgetYearFive_val": "",
        "@SOURCE_FILENAME": "2015-BASE_PROCUREMENT-2015-AIRFORCE_AIRCRAFT_VOL2-PROCUREMENT_JustificationBook_Air_Force_PB_2015.zzz_unzipped-PROCUREMENT_JustificationBook_Air_Force_PB_2015.xml",
        "@RECORDID": "a8005ce497b4d26a96a0a73b3a202cd9ad0d2cb8833efae151bef5451667fd9e",
        "@ROWID": "0-806cdef54c5b976f7c11da85422ed6e8c69d1fd9e1b83d2ea73560dad44289ba",
        "@PARENTROWID": "0-2dac0fa448427d8379426a7f45188f15925aba06ae0873998efa4fb8f4536561",
        "@PARENT": "root.record.ItemExhibitList.P3AModificationItemGroup.ModificationItemList.ModificationItem.Installation.ImplementationMethodList.ImplementationMethod"
    },
    {
        "Name_val": "Air Force Active",
        "Cost_Quantity_CurrentYear_val": "",
        "Cost_Quantity_BudgetYearOneBase_val": "",
        "Cost_Quantity_BudgetYearOne_val": "",
        "Cost_Quantity_PriorYear_val": "442",
        "Cost_Quantity_BudgetYearTwo_val": "",
        "Cost_Quantity_BudgetYearThree_val": "",
        "Cost_Quantity_BudgetYearFour_val": "",
        "Cost_Quantity_BudgetYearFive_val": "",
        "Cost_TotalCost_CurrentYear_val": "",
        "Cost_TotalCost_BudgetYearOneBase_val": "",
        "Cost_TotalCost_BudgetYearOne_val": "",
        "Cost_TotalCost_PriorYear_val": "59.508",
        "Cost_TotalCost_BudgetYearTwo_val": "",
        "Cost_TotalCost_BudgetYearThree_val": "",
        "Cost_TotalCost_BudgetYearFour_val": "",
        "Cost_TotalCost_BudgetYearFive_val": "",
        "@SOURCE_FILENAME": "2015-BASE_PROCUREMENT-2015-AIRFORCE_AIRCRAFT_VOL2-PROCUREMENT_JustificationBook_Air_Force_PB_2015.zzz_unzipped-PROCUREMENT_JustificationBook_Air_Force_PB_2015.xml",
        "@RECORDID": "a8005ce497b4d26a96a0a73b3a202cd9ad0d2cb8833efae151bef5451667fd9e",
        "@ROWID": "0-1582c79eaae3788d5e316ab7201b109369b9bc8092c41c103f886fa6ac08de50",
        "@PARENTROWID": "1-8946205e80fbd6dfb7966948588fe7807e1cfd7a3d35f597449e66b5f0707368",
        "@PARENT": "root.record.ItemExhibitList.P3AModificationItemGroup.ModificationItemList.ModificationItem.Installation.ImplementationMethodList.ImplementationMethod"
    },
    {
        "Name_val": "Air National Guard",
        "Cost_Quantity_CurrentYear_val": "",
        "Cost_Quantity_BudgetYearOneBase_val": "",
        "Cost_Quantity_BudgetYearOne_val": "",
        "Cost_Quantity_PriorYear_val": "59",
        "Cost_Quantity_BudgetYearTwo_val": "",
        "Cost_Quantity_BudgetYearThree_val": "",
        "Cost_Quantity_BudgetYearFour_val": "",
        "Cost_Quantity_BudgetYearFive_val": "",
        "Cost_TotalCost_CurrentYear_val": "",
        "Cost_TotalCost_BudgetYearOneBase_val": "",
        "Cost_TotalCost_BudgetYearOne_val": "",
        "Cost_TotalCost_PriorYear_val": "2.6",
        "Cost_TotalCost_BudgetYearTwo_val": "",
        "Cost_TotalCost_BudgetYearThree_val": "",
        "Cost_TotalCost_BudgetYearFour_val": "",
        "Cost_TotalCost_BudgetYearFive_val": "",
        "@SOURCE_FILENAME": "2015-BASE_PROCUREMENT-2015-AIRFORCE_AIRCRAFT_VOL2-PROCUREMENT_JustificationBook_Air_Force_PB_2015.zzz_unzipped-PROCUREMENT_JustificationBook_Air_Force_PB_2015.xml",
        "@RECORDID": "a8005ce497b4d26a96a0a73b3a202cd9ad0d2cb8833efae151bef5451667fd9e",
        "@ROWID": "1-40d61e6951a62d0ae3288f1424a5de21c326a497fa9fc0b62bf39b586acbd56e",
        "@PARENTROWID": "1-8946205e80fbd6dfb7966948588fe7807e1cfd7a3d35f597449e66b5f0707368",
        "@PARENT": "root.record.ItemExhibitList.P3AModificationItemGroup.ModificationItemList.ModificationItem.Installation.ImplementationMethodList.ImplementationMethod"
    },
    {
        "Name_val": "Air Force Active",
        "Cost_Quantity_CurrentYear_val": "100",
        "Cost_Quantity_BudgetYearOneBase_val": "",
        "Cost_Quantity_BudgetYearOne_val": "",
        "Cost_Quantity_PriorYear_val": "",
        "Cost_Quantity_BudgetYearTwo_val": "",
        "Cost_Quantity_BudgetYearThree_val": "",
        "Cost_Quantity_BudgetYearFour_val": "",
        "Cost_Quantity_BudgetYearFive_val": "",
        "Cost_TotalCost_CurrentYear_val": "4.667",
        "Cost_TotalCost_BudgetYearOneBase_val": "",
        "Cost_TotalCost_BudgetYearOne_val": "",
        "Cost_TotalCost_PriorYear_val": "",
        "Cost_TotalCost_BudgetYearTwo_val": "",
        "Cost_TotalCost_BudgetYearThree_val": "",
        "Cost_TotalCost_BudgetYearFour_val": "",
        "Cost_TotalCost_BudgetYearFive_val": "",
        "@SOURCE_FILENAME": "2015-BASE_PROCUREMENT-2015-AIRFORCE_AIRCRAFT_VOL2-PROCUREMENT_JustificationBook_Air_Force_PB_2015.zzz_unzipped-PROCUREMENT_JustificationBook_Air_Force_PB_2015.xml",
        "@RECORDID": "a8005ce497b4d26a96a0a73b3a202cd9ad0d2cb8833efae151bef5451667fd9e",
        "@ROWID": "0-2bae1cf81aff7a128a7e525ce4847070a5abc215800ed1fd3cbe349e826026b7",
        "@PARENTROWID": "1-3ad8614db51a6313c7172c479eaf8e4d52850cfe00a17a4f43000ccab04ec939",
        "@PARENT": "root.record.ItemExhibitList.P3AModificationItemGroup.ModificationItemList.ModificationItem.Installation.ImplementationMethodList.ImplementationMethod"
    },
    {
        "Name_val": "Air National Guard",
        "Cost_Quantity_CurrentYear_val": "96",
        "Cost_Quantity_BudgetYearOneBase_val": "",
        "Cost_Quantity_BudgetYearOne_val": "",
        "Cost_Quantity_PriorYear_val": "",
        "Cost_Quantity_BudgetYearTwo_val": "",
        "Cost_Quantity_BudgetYearThree_val": "",
        "Cost_Quantity_BudgetYearFour_val": "",
        "Cost_Quantity_BudgetYearFive_val": "",
        "Cost_TotalCost_CurrentYear_val": "0.069",
        "Cost_TotalCost_BudgetYearOneBase_val": "",
        "Cost_TotalCost_BudgetYearOne_val": "",
        "Cost_TotalCost_PriorYear_val": "",
        "Cost_TotalCost_BudgetYearTwo_val": "",
        "Cost_TotalCost_BudgetYearThree_val": "",
        "Cost_TotalCost_BudgetYearFour_val": "",
        "Cost_TotalCost_BudgetYearFive_val": "",
        "@SOURCE_FILENAME": "2015-BASE_PROCUREMENT-2015-AIRFORCE_AIRCRAFT_VOL2-PROCUREMENT_JustificationBook_Air_Force_PB_2015.zzz_unzipped-PROCUREMENT_JustificationBook_Air_Force_PB_2015.xml",
        "@RECORDID": "a8005ce497b4d26a96a0a73b3a202cd9ad0d2cb8833efae151bef5451667fd9e",
        "@ROWID": "1-bfd53e81d87bdfbf402386a9177037a6ada5b696ac30d116411ec50b6d9fee03",
        "@PARENTROWID": "1-3ad8614db51a6313c7172c479eaf8e4d52850cfe00a17a4f43000ccab04ec939",
        "@PARENT": "root.record.ItemExhibitList.P3AModificationItemGroup.ModificationItemList.ModificationItem.Installation.ImplementationMethodList.ImplementationMethod"
    },
    {
        "Name_val": "Air Force Active",
        "Cost_Quantity_CurrentYear_val": "15",
        "Cost_Quantity_BudgetYearOneBase_val": "15",
        "Cost_Quantity_BudgetYearOne_val": "15",
        "Cost_Quantity_PriorYear_val": "",
        "Cost_Quantity_BudgetYearTwo_val": "",
        "Cost_Quantity_BudgetYearThree_val": "",
        "Cost_Quantity_BudgetYearFour_val": "",
        "Cost_Quantity_BudgetYearFive_val": "",
        "Cost_TotalCost_CurrentYear_val": "16.341",
        "Cost_TotalCost_BudgetYearOneBase_val": "18.019",
        "Cost_TotalCost_BudgetYearOne_val": "18.019",
        "Cost_TotalCost_PriorYear_val": "",
        "Cost_TotalCost_BudgetYearTwo_val": "",
        "Cost_TotalCost_BudgetYearThree_val": "",
        "Cost_TotalCost_BudgetYearFour_val": "",
        "Cost_TotalCost_BudgetYearFive_val": "",
        "@SOURCE_FILENAME": "2015-BASE_PROCUREMENT-2015-AIRFORCE_AIRCRAFT_VOL2-PROCUREMENT_JustificationBook_Air_Force_PB_2015.zzz_unzipped-PROCUREMENT_JustificationBook_Air_Force_PB_2015.xml",
        "@RECORDID": "a8005ce497b4d26a96a0a73b3a202cd9ad0d2cb8833efae151bef5451667fd9e",
        "@ROWID": "0-2028f28524a0b7e47d8f5403de042701b1868656f21243ecaf4c026638babaaf",
        "@PARENTROWID": "0-fb9d6a56ad6b7c82aaf99726f76659128a8f05d60f1a774a4f0b703c36af81c4",
        "@PARENT": "root.record.ItemExhibitList.P3AModificationItemGroup.ModificationItemList.ModificationItem.Installation.ImplementationMethodList.ImplementationMethod"
    },
    {
        "Name_val": "Air National Guard",
        "Cost_Quantity_CurrentYear_val": "3",
        "Cost_Quantity_BudgetYearOneBase_val": "",
        "Cost_Quantity_BudgetYearOne_val": "",
        "Cost_Quantity_PriorYear_val": "",
        "Cost_Quantity_BudgetYearTwo_val": "",
        "Cost_Quantity_BudgetYearThree_val": "",
        "Cost_Quantity_BudgetYearFour_val": "",
        "Cost_Quantity_BudgetYearFive_val": "",
        "Cost_TotalCost_CurrentYear_val": "5.727",
        "Cost_TotalCost_BudgetYearOneBase_val": "",
        "Cost_TotalCost_BudgetYearOne_val": "",
        "Cost_TotalCost_PriorYear_val": "",
        "Cost_TotalCost_BudgetYearTwo_val": "",
        "Cost_TotalCost_BudgetYearThree_val": "",
        "Cost_TotalCost_BudgetYearFour_val": "",
        "Cost_TotalCost_BudgetYearFive_val": "",
        "@SOURCE_FILENAME": "2015-BASE_PROCUREMENT-2015-AIRFORCE_AIRCRAFT_VOL2-PROCUREMENT_JustificationBook_Air_Force_PB_2015.zzz_unzipped-PROCUREMENT_JustificationBook_Air_Force_PB_2015.xml",
        "@RECORDID": "a8005ce497b4d26a96a0a73b3a202cd9ad0d2cb8833efae151bef5451667fd9e",
        "@ROWID": "1-db91c84be268bbc1fc0b1bc2a374904d6c73876ca7874392a459be1378d8853d",
        "@PARENTROWID": "0-fb9d6a56ad6b7c82aaf99726f76659128a8f05d60f1a774a4f0b703c36af81c4",
        "@PARENT": "root.record.ItemExhibitList.P3AModificationItemGroup.ModificationItemList.ModificationItem.Installation.ImplementationMethodList.ImplementationMethod"
    },
    {
        "Name_val": "Air Force Active",
        "Cost_Quantity_CurrentYear_val": "12",
        "Cost_Quantity_BudgetYearOneBase_val": "",
        "Cost_Quantity_BudgetYearOne_val": "",
        "Cost_Quantity_PriorYear_val": "",
        "Cost_Quantity_BudgetYearTwo_val": "",
        "Cost_Quantity_BudgetYearThree_val": "",
        "Cost_Quantity_BudgetYearFour_val": "",
        "Cost_Quantity_BudgetYearFive_val": "",
        "Cost_TotalCost_CurrentYear_val": "8.84",
        "Cost_TotalCost_BudgetYearOneBase_val": "",
        "Cost_TotalCost_BudgetYearOne_val": "",
        "Cost_TotalCost_PriorYear_val": "",
        "Cost_TotalCost_BudgetYearTwo_val": "",
        "Cost_TotalCost_BudgetYearThree_val": "",
        "Cost_TotalCost_BudgetYearFour_val": "",
        "Cost_TotalCost_BudgetYearFive_val": "",
        "@SOURCE_FILENAME": "2015-BASE_PROCUREMENT-2015-AIRFORCE_AIRCRAFT_VOL2-PROCUREMENT_JustificationBook_Air_Force_PB_2015.zzz_unzipped-PROCUREMENT_JustificationBook_Air_Force_PB_2015.xml",
        "@RECORDID": "a8005ce497b4d26a96a0a73b3a202cd9ad0d2cb8833efae151bef5451667fd9e",
        "@ROWID": "0-10536c17d90850ecbd36f254c4d881c93f13cf70d4d03a4666737ca8782a236d",
        "@PARENTROWID": "0-63b610fff62afe45eef6452ceb1c945dbe911dcdaacc613a6e3b45b2b8186f48",
        "@PARENT": "root.record.ItemExhibitList.P3AModificationItemGroup.ModificationItemList.ModificationItem.Installation.ImplementationMethodList.ImplementationMethod"
    },
    {
        "Name_val": "Air Force Active",
        "Cost_Quantity_CurrentYear_val": "1",
        "Cost_Quantity_BudgetYearOneBase_val": "8",
        "Cost_Quantity_BudgetYearOne_val": "8",
        "Cost_Quantity_PriorYear_val": "",
        "Cost_Quantity_BudgetYearTwo_val": "",
        "Cost_Quantity_BudgetYearThree_val": "",
        "Cost_Quantity_BudgetYearFour_val": "",
        "Cost_Quantity_BudgetYearFive_val": "",
        "Cost_TotalCost_CurrentYear_val": "0.9",
        "Cost_TotalCost_BudgetYearOneBase_val": "6.718",
        "Cost_TotalCost_BudgetYearOne_val": "6.718",
        "Cost_TotalCost_PriorYear_val": "",
        "Cost_TotalCost_BudgetYearTwo_val": "",
        "Cost_TotalCost_BudgetYearThree_val": "",
        "Cost_TotalCost_BudgetYearFour_val": "",
        "Cost_TotalCost_BudgetYearFive_val": "",
        "@SOURCE_FILENAME": "2015-BASE_PROCUREMENT-2015-AIRFORCE_AIRCRAFT_VOL2-PROCUREMENT_MasterJustificationBook_Air_Force_PB_2015.zzz_unzipped-PROCUREMENT_MasterJustificationBook_Air_Force_PB_2015.xml",
        "@RECORDID": "ca9f1e9f848e67edf7e34b76ad9b05e59dfcbeb190b54cb2ec2a178aeaaa3bfa",
        "@ROWID": "0-2d3947d6c8222b5702bf7b0e3d001707b44c3537d47236d62dbcc38ff39f34fe",
        "@PARENTROWID": "0-291fb96771b9f3ac3aaed25aca5addbdb007106e4485dabb1e398415e488a4eb",
        "@PARENT": "root.record.ItemExhibitList.P3AModificationItemGroup.ModificationItemList.ModificationItem.Installation.ImplementationMethodList.ImplementationMethod"
    },
    {
        "Name_val": "Air Force Active",
        "Cost_Quantity_CurrentYear_val": "",
        "Cost_Quantity_BudgetYearOneBase_val": "2",
        "Cost_Quantity_BudgetYearOne_val": "2",
        "Cost_Quantity_PriorYear_val": "",
        "Cost_Quantity_BudgetYearTwo_val": "",
        "Cost_Quantity_BudgetYearThree_val": "",
        "Cost_Quantity_BudgetYearFour_val": "",
        "Cost_Quantity_BudgetYearFive_val": "",
        "Cost_TotalCost_CurrentYear_val": "",
        "Cost_TotalCost_BudgetYearOneBase_val": "0.66",
        "Cost_TotalCost_BudgetYearOne_val": "0.66",
        "Cost_TotalCost_PriorYear_val": "",
        "Cost_TotalCost_BudgetYearTwo_val": "",
        "Cost_TotalCost_BudgetYearThree_val": "",
        "Cost_TotalCost_BudgetYearFour_val": "",
        "Cost_TotalCost_BudgetYearFive_val": "",
        "@SOURCE_FILENAME": "2015-BASE_PROCUREMENT-2015-AIRFORCE_AIRCRAFT_VOL2-PROCUREMENT_MasterJustificationBook_Air_Force_PB_2015.zzz_unzipped-PROCUREMENT_MasterJustificationBook_Air_Force_PB_2015.xml",
        "@RECORDID": "ca9f1e9f848e67edf7e34b76ad9b05e59dfcbeb190b54cb2ec2a178aeaaa3bfa",
        "@ROWID": "0-81576160746f5f617326843b6c9722dc4b087c3448de3de286bbfd6109c4f4f8",
        "@PARENTROWID": "1-70e06db4445fc1c573d5d70d60cc7d2fe099f4deeae8364d0043b750731f3127",
        "@PARENT": "root.record.ItemExhibitList.P3AModificationItemGroup.ModificationItemList.ModificationItem.Installation.ImplementationMethodList.ImplementationMethod"
    },
    {
        "Name_val": "Air Force Active",
        "Cost_Quantity_CurrentYear_val": "6",
        "Cost_Quantity_BudgetYearOneBase_val": "",
        "Cost_Quantity_BudgetYearOne_val": "",
        "Cost_Quantity_PriorYear_val": "",
        "Cost_Quantity_BudgetYearTwo_val": "",
        "Cost_Quantity_BudgetYearThree_val": "",
        "Cost_Quantity_BudgetYearFour_val": "",
        "Cost_Quantity_BudgetYearFive_val": "",
        "Cost_TotalCost_CurrentYear_val": "149.612",
        "Cost_TotalCost_BudgetYearOneBase_val": "",
        "Cost_TotalCost_BudgetYearOne_val": "",
        "Cost_TotalCost_PriorYear_val": "",
        "Cost_TotalCost_BudgetYearTwo_val": "",
        "Cost_TotalCost_BudgetYearThree_val": "",
        "Cost_TotalCost_BudgetYearFour_val": "",
        "Cost_TotalCost_BudgetYearFive_val": "",
        "@SOURCE_FILENAME": "2015-BASE_PROCUREMENT-2015-AIRFORCE_AIRCRAFT_VOL2-PROCUREMENT_MasterJustificationBook_Air_Force_PB_2015.zzz_unzipped-PROCUREMENT_MasterJustificationBook_Air_Force_PB_2015.xml",
        "@RECORDID": "aa1014d1730217cf58bd0eb1cf9155036af0caca57bd2ece54304d573c8411a2",
        "@ROWID": "0-df04e1b2eb3585cfa585623ca594ee47d241082b3719524a0a64f96620128f95",
        "@PARENTROWID": "0-0cfbfdc78ef565913780c74971269b05d9ed0d35b755dec26a6e7b09f49a629c",
        "@PARENT": "root.record.ItemExhibitList.P3AModificationItemGroup.ModificationItemList.ModificationItem.Installation.ImplementationMethodList.ImplementationMethod"
    },
    {
        "Name_val": "Air Force Reserve",
        "Cost_Quantity_CurrentYear_val": "5",
        "Cost_Quantity_BudgetYearOneBase_val": "",
        "Cost_Quantity_BudgetYearOne_val": "",
        "Cost_Quantity_PriorYear_val": "",
        "Cost_Quantity_BudgetYearTwo_val": "",
        "Cost_Quantity_BudgetYearThree_val": "",
        "Cost_Quantity_BudgetYearFour_val": "",
        "Cost_Quantity_BudgetYearFive_val": "",
        "Cost_TotalCost_CurrentYear_val": "124.676",
        "Cost_TotalCost_BudgetYearOneBase_val": "",
        "Cost_TotalCost_BudgetYearOne_val": "",
        "Cost_TotalCost_PriorYear_val": "",
        "Cost_TotalCost_BudgetYearTwo_val": "",
        "Cost_TotalCost_BudgetYearThree_val": "",
        "Cost_TotalCost_BudgetYearFour_val": "",
        "Cost_TotalCost_BudgetYearFive_val": "",
        "@SOURCE_FILENAME": "2015-BASE_PROCUREMENT-2015-AIRFORCE_AIRCRAFT_VOL2-PROCUREMENT_MasterJustificationBook_Air_Force_PB_2015.zzz_unzipped-PROCUREMENT_MasterJustificationBook_Air_Force_PB_2015.xml",
        "@RECORDID": "aa1014d1730217cf58bd0eb1cf9155036af0caca57bd2ece54304d573c8411a2",
        "@ROWID": "1-02fc634884e20957f5d873f5d00b3e1a2211023fd5f879ec4bfeda2eba8d3af0",
        "@PARENTROWID": "0-0cfbfdc78ef565913780c74971269b05d9ed0d35b755dec26a6e7b09f49a629c",
        "@PARENT": "root.record.ItemExhibitList.P3AModificationItemGroup.ModificationItemList.ModificationItem.Installation.ImplementationMethodList.ImplementationMethod"
    },
    {
        "Name_val": "Air Force Active",
        "Cost_Quantity_CurrentYear_val": "",
        "Cost_Quantity_BudgetYearOneBase_val": "17",
        "Cost_Quantity_BudgetYearOne_val": "17",
        "Cost_Quantity_PriorYear_val": "",
        "Cost_Quantity_BudgetYearTwo_val": "",
        "Cost_Quantity_BudgetYearThree_val": "",
        "Cost_Quantity_BudgetYearFour_val": "",
        "Cost_Quantity_BudgetYearFive_val": "",
        "Cost_TotalCost_CurrentYear_val": "",
        "Cost_TotalCost_BudgetYearOneBase_val": "3.844",
        "Cost_TotalCost_BudgetYearOne_val": "3.844",
        "Cost_TotalCost_PriorYear_val": "",
        "Cost_TotalCost_BudgetYearTwo_val": "",
        "Cost_TotalCost_BudgetYearThree_val": "",
        "Cost_TotalCost_BudgetYearFour_val": "",
        "Cost_TotalCost_BudgetYearFive_val": "",
        "@SOURCE_FILENAME": "2015-BASE_PROCUREMENT-2015-AIRFORCE_AIRCRAFT_VOL2-PROCUREMENT_MasterJustificationBook_Air_Force_PB_2015.zzz_unzipped-PROCUREMENT_MasterJustificationBook_Air_Force_PB_2015.xml",
        "@RECORDID": "e0b4c68aca5bcb28bf2a8d6314af11bf878587e1d5636a46ade0d81891a819a1",
        "@ROWID": "0-6efaa673492386c93438a022e20861d38a24e6fea16240afa26f71dbf6603ba5",
        "@PARENTROWID": "0-775ed7313cb0c37969e236a63a22489afbe83a23f1641aa077e3dc3a604d2563",
        "@PARENT": "root.record.ItemExhibitList.P3AModificationItemGroup.ModificationItemList.ModificationItem.Installation.ImplementationMethodList.ImplementationMethod"
    },
    {
        "Name_val": "Air National Guard",
        "Cost_Quantity_CurrentYear_val": "",
        "Cost_Quantity_BudgetYearOneBase_val": "3",
        "Cost_Quantity_BudgetYearOne_val": "3",
        "Cost_Quantity_PriorYear_val": "",
        "Cost_Quantity_BudgetYearTwo_val": "",
        "Cost_Quantity_BudgetYearThree_val": "",
        "Cost_Quantity_BudgetYearFour_val": "",
        "Cost_Quantity_BudgetYearFive_val": "",
        "Cost_TotalCost_CurrentYear_val": "",
        "Cost_TotalCost_BudgetYearOneBase_val": "0.678",
        "Cost_TotalCost_BudgetYearOne_val": "0.678",
        "Cost_TotalCost_PriorYear_val": "",
        "Cost_TotalCost_BudgetYearTwo_val": "",
        "Cost_TotalCost_BudgetYearThree_val": "",
        "Cost_TotalCost_BudgetYearFour_val": "",
        "Cost_TotalCost_BudgetYearFive_val": "",
        "@SOURCE_FILENAME": "2015-BASE_PROCUREMENT-2015-AIRFORCE_AIRCRAFT_VOL2-PROCUREMENT_MasterJustificationBook_Air_Force_PB_2015.zzz_unzipped-PROCUREMENT_MasterJustificationBook_Air_Force_PB_2015.xml",
        "@RECORDID": "e0b4c68aca5bcb28bf2a8d6314af11bf878587e1d5636a46ade0d81891a819a1",
        "@ROWID": "1-b5fdfd8aaf1000b8fc056bd352eefa202a5463283998bea8ba6c1aff1d01d1c8",
        "@PARENTROWID": "0-775ed7313cb0c37969e236a63a22489afbe83a23f1641aa077e3dc3a604d2563",
        "@PARENT": "root.record.ItemExhibitList.P3AModificationItemGroup.ModificationItemList.ModificationItem.Installation.ImplementationMethodList.ImplementationMethod"
    },
    {
        "Name_val": "Air Force Reserve",
        "Cost_Quantity_CurrentYear_val": "",
        "Cost_Quantity_BudgetYearOneBase_val": "4",
        "Cost_Quantity_BudgetYearOne_val": "4",
        "Cost_Quantity_PriorYear_val": "",
        "Cost_Quantity_BudgetYearTwo_val": "",
        "Cost_Quantity_BudgetYearThree_val": "",
        "Cost_Quantity_BudgetYearFour_val": "",
        "Cost_Quantity_BudgetYearFive_val": "",
        "Cost_TotalCost_CurrentYear_val": "",
        "Cost_TotalCost_BudgetYearOneBase_val": "0.906",
        "Cost_TotalCost_BudgetYearOne_val": "0.906",
        "Cost_TotalCost_PriorYear_val": "",
        "Cost_TotalCost_BudgetYearTwo_val": "",
        "Cost_TotalCost_BudgetYearThree_val": "",
        "Cost_TotalCost_BudgetYearFour_val": "",
        "Cost_TotalCost_BudgetYearFive_val": "",
        "@SOURCE_FILENAME": "2015-BASE_PROCUREMENT-2015-AIRFORCE_AIRCRAFT_VOL2-PROCUREMENT_MasterJustificationBook_Air_Force_PB_2015.zzz_unzipped-PROCUREMENT_MasterJustificationBook_Air_Force_PB_2015.xml",
        "@RECORDID": "e0b4c68aca5bcb28bf2a8d6314af11bf878587e1d5636a46ade0d81891a819a1",
        "@ROWID": "2-a8dc95cd31f24175ce28348da96fe3a345d1b06118581791dc36c1211d3726d4",
        "@PARENTROWID": "0-775ed7313cb0c37969e236a63a22489afbe83a23f1641aa077e3dc3a604d2563",
        "@PARENT": "root.record.ItemExhibitList.P3AModificationItemGroup.ModificationItemList.ModificationItem.Installation.ImplementationMethodList.ImplementationMethod"
    },
    {
        "Name_val": "Air Force Active",
        "Cost_Quantity_CurrentYear_val": "6",
        "Cost_Quantity_BudgetYearOneBase_val": "30",
        "Cost_Quantity_BudgetYearOne_val": "30",
        "Cost_Quantity_PriorYear_val": "",
        "Cost_Quantity_BudgetYearTwo_val": "",
        "Cost_Quantity_BudgetYearThree_val": "",
        "Cost_Quantity_BudgetYearFour_val": "",
        "Cost_Quantity_BudgetYearFive_val": "",
        "Cost_TotalCost_CurrentYear_val": "2.187",
        "Cost_TotalCost_BudgetYearOneBase_val": "9.615",
        "Cost_TotalCost_BudgetYearOne_val": "9.615",
        "Cost_TotalCost_PriorYear_val": "",
        "Cost_TotalCost_BudgetYearTwo_val": "",
        "Cost_TotalCost_BudgetYearThree_val": "",
        "Cost_TotalCost_BudgetYearFour_val": "",
        "Cost_TotalCost_BudgetYearFive_val": "",
        "@SOURCE_FILENAME": "2015-BASE_PROCUREMENT-2015-AIRFORCE_AIRCRAFT_VOL2-PROCUREMENT_MasterJustificationBook_Air_Force_PB_2015.zzz_unzipped-PROCUREMENT_MasterJustificationBook_Air_Force_PB_2015.xml",
        "@RECORDID": "e0b4c68aca5bcb28bf2a8d6314af11bf878587e1d5636a46ade0d81891a819a1",
        "@ROWID": "0-6b7c85344a731e87bf534e39e34e668de4da38688b7bf2c9aa302a462eef4110",
        "@PARENTROWID": "0-91746fb40d99ac79d8e3ade01822f6135ce65ba351861755f6232999fb46115c",
        "@PARENT": "root.record.ItemExhibitList.P3AModificationItemGroup.ModificationItemList.ModificationItem.Installation.ImplementationMethodList.ImplementationMethod"
    },
    {
        "Name_val": "Air National Guard",
        "Cost_Quantity_CurrentYear_val": "",
        "Cost_Quantity_BudgetYearOneBase_val": "6",
        "Cost_Quantity_BudgetYearOne_val": "6",
        "Cost_Quantity_PriorYear_val": "",
        "Cost_Quantity_BudgetYearTwo_val": "",
        "Cost_Quantity_BudgetYearThree_val": "",
        "Cost_Quantity_BudgetYearFour_val": "",
        "Cost_Quantity_BudgetYearFive_val": "",
        "Cost_TotalCost_CurrentYear_val": "",
        "Cost_TotalCost_BudgetYearOneBase_val": "1.923",
        "Cost_TotalCost_BudgetYearOne_val": "1.923",
        "Cost_TotalCost_PriorYear_val": "",
        "Cost_TotalCost_BudgetYearTwo_val": "",
        "Cost_TotalCost_BudgetYearThree_val": "",
        "Cost_TotalCost_BudgetYearFour_val": "",
        "Cost_TotalCost_BudgetYearFive_val": "",
        "@SOURCE_FILENAME": "2015-BASE_PROCUREMENT-2015-AIRFORCE_AIRCRAFT_VOL2-PROCUREMENT_MasterJustificationBook_Air_Force_PB_2015.zzz_unzipped-PROCUREMENT_MasterJustificationBook_Air_Force_PB_2015.xml",
        "@RECORDID": "e0b4c68aca5bcb28bf2a8d6314af11bf878587e1d5636a46ade0d81891a819a1",
        "@ROWID": "1-817ef37ef9d730eb863d4fee46243cd7fd504aeed558545cfce536688f01c93d",
        "@PARENTROWID": "0-91746fb40d99ac79d8e3ade01822f6135ce65ba351861755f6232999fb46115c",
        "@PARENT": "root.record.ItemExhibitList.P3AModificationItemGroup.ModificationItemList.ModificationItem.Installation.ImplementationMethodList.ImplementationMethod"
    },
    {
        "Name_val": "Air Force Reserve",
        "Cost_Quantity_CurrentYear_val": "",
        "Cost_Quantity_BudgetYearOneBase_val": "30",
        "Cost_Quantity_BudgetYearOne_val": "30",
        "Cost_Quantity_PriorYear_val": "",
        "Cost_Quantity_BudgetYearTwo_val": "",
        "Cost_Quantity_BudgetYearThree_val": "",
        "Cost_Quantity_BudgetYearFour_val": "",
        "Cost_Quantity_BudgetYearFive_val": "",
        "Cost_TotalCost_CurrentYear_val": "",
        "Cost_TotalCost_BudgetYearOneBase_val": "9.615",
        "Cost_TotalCost_BudgetYearOne_val": "9.615",
        "Cost_TotalCost_PriorYear_val": "",
        "Cost_TotalCost_BudgetYearTwo_val": "",
        "Cost_TotalCost_BudgetYearThree_val": "",
        "Cost_TotalCost_BudgetYearFour_val": "",
        "Cost_TotalCost_BudgetYearFive_val": "",
        "@SOURCE_FILENAME": "2015-BASE_PROCUREMENT-2015-AIRFORCE_AIRCRAFT_VOL2-PROCUREMENT_MasterJustificationBook_Air_Force_PB_2015.zzz_unzipped-PROCUREMENT_MasterJustificationBook_Air_Force_PB_2015.xml",
        "@RECORDID": "e0b4c68aca5bcb28bf2a8d6314af11bf878587e1d5636a46ade0d81891a819a1",
        "@ROWID": "2-02abf8911bbc7da93da792838abd738e84c3414e0e11d8283775a69334c45dde",
        "@PARENTROWID": "0-91746fb40d99ac79d8e3ade01822f6135ce65ba351861755f6232999fb46115c",
        "@PARENT": "root.record.ItemExhibitList.P3AModificationItemGroup.ModificationItemList.ModificationItem.Installation.ImplementationMethodList.ImplementationMethod"
    },
    {
        "Name_val": "Air Force Active",
        "Cost_Quantity_CurrentYear_val": "38",
        "Cost_Quantity_BudgetYearOneBase_val": "",
        "Cost_Quantity_BudgetYearOne_val": "",
        "Cost_Quantity_PriorYear_val": "",
        "Cost_Quantity_BudgetYearTwo_val": "",
        "Cost_Quantity_BudgetYearThree_val": "",
        "Cost_Quantity_BudgetYearFour_val": "",
        "Cost_Quantity_BudgetYearFive_val": "",
        "Cost_TotalCost_CurrentYear_val": "1.447",
        "Cost_TotalCost_BudgetYearOneBase_val": "",
        "Cost_TotalCost_BudgetYearOne_val": "",
        "Cost_TotalCost_PriorYear_val": "",
        "Cost_TotalCost_BudgetYearTwo_val": "",
        "Cost_TotalCost_BudgetYearThree_val": "",
        "Cost_TotalCost_BudgetYearFour_val": "",
        "Cost_TotalCost_BudgetYearFive_val": "",
        "@SOURCE_FILENAME": "2015-BASE_PROCUREMENT-2015-AIRFORCE_AIRCRAFT_VOL2-PROCUREMENT_MasterJustificationBook_Air_Force_PB_2015.zzz_unzipped-PROCUREMENT_MasterJustificationBook_Air_Force_PB_2015.xml",
        "@RECORDID": "e0b4c68aca5bcb28bf2a8d6314af11bf878587e1d5636a46ade0d81891a819a1",
        "@ROWID": "0-c9600fc0e06ef1ecd7a9139e53c3edd0e35b92817424ee89771eb2f001a6e314",
        "@PARENTROWID": "0-95ff6d000ba37a5debf46ab360a139b252fa9247af2d849f705acb46bef7ab4c",
        "@PARENT": "root.record.ItemExhibitList.P3AModificationItemGroup.ModificationItemList.ModificationItem.Installation.ImplementationMethodList.ImplementationMethod"
    },
    {
        "Name_val": "Air Force Active",
        "Cost_Quantity_CurrentYear_val": "38",
        "Cost_Quantity_BudgetYearOneBase_val": "",
        "Cost_Quantity_BudgetYearOne_val": "",
        "Cost_Quantity_PriorYear_val": "",
        "Cost_Quantity_BudgetYearTwo_val": "",
        "Cost_Quantity_BudgetYearThree_val": "",
        "Cost_Quantity_BudgetYearFour_val": "",
        "Cost_Quantity_BudgetYearFive_val": "",
        "Cost_TotalCost_CurrentYear_val": "0.000",
        "Cost_TotalCost_BudgetYearOneBase_val": "",
        "Cost_TotalCost_BudgetYearOne_val": "",
        "Cost_TotalCost_PriorYear_val": "",
        "Cost_TotalCost_BudgetYearTwo_val": "",
        "Cost_TotalCost_BudgetYearThree_val": "",
        "Cost_TotalCost_BudgetYearFour_val": "",
        "Cost_TotalCost_BudgetYearFive_val": "",
        "@SOURCE_FILENAME": "2015-BASE_PROCUREMENT-2015-AIRFORCE_AIRCRAFT_VOL2-PROCUREMENT_MasterJustificationBook_Air_Force_PB_2015.zzz_unzipped-PROCUREMENT_MasterJustificationBook_Air_Force_PB_2015.xml",
        "@RECORDID": "e0b4c68aca5bcb28bf2a8d6314af11bf878587e1d5636a46ade0d81891a819a1",
        "@ROWID": "0-d6401f3a0d85c39e891bf658c30f4b447d5cea7e3471eb8fb3f3d5278d9aa94a",
        "@PARENTROWID": "0-19c82a7e5bac22941ca9092bd44b196a457235ccefa2b0b4d3d8f2d75eec7e4b",
        "@PARENT": "root.record.ItemExhibitList.P3AModificationItemGroup.ModificationItemList.ModificationItem.Installation.ImplementationMethodList.ImplementationMethod"
    },
    {
        "Name_val": "Air Force Active",
        "Cost_Quantity_CurrentYear_val": "",
        "Cost_Quantity_BudgetYearOneBase_val": "0",
        "Cost_Quantity_BudgetYearOne_val": "0",
        "Cost_Quantity_PriorYear_val": "0",
        "Cost_Quantity_BudgetYearTwo_val": "",
        "Cost_Quantity_BudgetYearThree_val": "",
        "Cost_Quantity_BudgetYearFour_val": "",
        "Cost_Quantity_BudgetYearFive_val": "",
        "Cost_TotalCost_CurrentYear_val": "",
        "Cost_TotalCost_BudgetYearOneBase_val": "0.913",
        "Cost_TotalCost_BudgetYearOne_val": "0.913",
        "Cost_TotalCost_PriorYear_val": "4.992",
        "Cost_TotalCost_BudgetYearTwo_val": "",
        "Cost_TotalCost_BudgetYearThree_val": "",
        "Cost_TotalCost_BudgetYearFour_val": "",
        "Cost_TotalCost_BudgetYearFive_val": "",
        "@SOURCE_FILENAME": "2015-BASE_PROCUREMENT-2015-AIRFORCE_AIRCRAFT_VOL2-PROCUREMENT_MasterJustificationBook_Air_Force_PB_2015.zzz_unzipped-PROCUREMENT_MasterJustificationBook_Air_Force_PB_2015.xml",
        "@RECORDID": "915b03b5c79079cef74c1f5fed99ff94d2a961666ffa690a638fb838766b41c1",
        "@ROWID": "0-1325528ab32cebbc008df8f253d6655ac8f9c1a5788d417108d858c2b8baeb50",
        "@PARENTROWID": "0-86e33d25fb492f40bebd2810681b481a1ceb6ae87ca728d981baa45066c049bc",
        "@PARENT": "root.record.ItemExhibitList.P3AModificationItemGroup.ModificationItemList.ModificationItem.Installation.ImplementationMethodList.ImplementationMethod"
    },
    {
        "Name_val": "Air National Guard",
        "Cost_Quantity_CurrentYear_val": "",
        "Cost_Quantity_BudgetYearOneBase_val": "",
        "Cost_Quantity_BudgetYearOne_val": "",
        "Cost_Quantity_PriorYear_val": "0",
        "Cost_Quantity_BudgetYearTwo_val": "",
        "Cost_Quantity_BudgetYearThree_val": "",
        "Cost_Quantity_BudgetYearFour_val": "",
        "Cost_Quantity_BudgetYearFive_val": "",
        "Cost_TotalCost_CurrentYear_val": "",
        "Cost_TotalCost_BudgetYearOneBase_val": "",
        "Cost_TotalCost_BudgetYearOne_val": "",
        "Cost_TotalCost_PriorYear_val": "1.664",
        "Cost_TotalCost_BudgetYearTwo_val": "",
        "Cost_TotalCost_BudgetYearThree_val": "",
        "Cost_TotalCost_BudgetYearFour_val": "",
        "Cost_TotalCost_BudgetYearFive_val": "",
        "@SOURCE_FILENAME": "2015-BASE_PROCUREMENT-2015-AIRFORCE_AIRCRAFT_VOL2-PROCUREMENT_MasterJustificationBook_Air_Force_PB_2015.zzz_unzipped-PROCUREMENT_MasterJustificationBook_Air_Force_PB_2015.xml",
        "@RECORDID": "915b03b5c79079cef74c1f5fed99ff94d2a961666ffa690a638fb838766b41c1",
        "@ROWID": "1-cab02c4c3c98dddf3df08e60077e9ecc6cfb58768a5a04299a5ea2ee71ad5f13",
        "@PARENTROWID": "0-86e33d25fb492f40bebd2810681b481a1ceb6ae87ca728d981baa45066c049bc",
        "@PARENT": "root.record.ItemExhibitList.P3AModificationItemGroup.ModificationItemList.ModificationItem.Installation.ImplementationMethodList.ImplementationMethod"
    },
    {
        "Name_val": "Air Force Reserve",
        "Cost_Quantity_CurrentYear_val": "",
        "Cost_Quantity_BudgetYearOneBase_val": "",
        "Cost_Quantity_BudgetYearOne_val": "",
        "Cost_Quantity_PriorYear_val": "0",
        "Cost_Quantity_BudgetYearTwo_val": "",
        "Cost_Quantity_BudgetYearThree_val": "",
        "Cost_Quantity_BudgetYearFour_val": "",
        "Cost_Quantity_BudgetYearFive_val": "",
        "Cost_TotalCost_CurrentYear_val": "",
        "Cost_TotalCost_BudgetYearOneBase_val": "",
        "Cost_TotalCost_BudgetYearOne_val": "",
        "Cost_TotalCost_PriorYear_val": "0.832",
        "Cost_TotalCost_BudgetYearTwo_val": "",
        "Cost_TotalCost_BudgetYearThree_val": "",
        "Cost_TotalCost_BudgetYearFour_val": "",
        "Cost_TotalCost_BudgetYearFive_val": "",
        "@SOURCE_FILENAME": "2015-BASE_PROCUREMENT-2015-AIRFORCE_AIRCRAFT_VOL2-PROCUREMENT_MasterJustificationBook_Air_Force_PB_2015.zzz_unzipped-PROCUREMENT_MasterJustificationBook_Air_Force_PB_2015.xml",
        "@RECORDID": "915b03b5c79079cef74c1f5fed99ff94d2a961666ffa690a638fb838766b41c1",
        "@ROWID": "2-2d7a10b3f254a0249202ffccddfabf4ce017d1825de8b57b339d0e003d478d8e",
        "@PARENTROWID": "0-86e33d25fb492f40bebd2810681b481a1ceb6ae87ca728d981baa45066c049bc",
        "@PARENT": "root.record.ItemExhibitList.P3AModificationItemGroup.ModificationItemList.ModificationItem.Installation.ImplementationMethodList.ImplementationMethod"
    },
    {
        "Name_val": "Air Force Active",
        "Cost_Quantity_CurrentYear_val": "",
        "Cost_Quantity_BudgetYearOneBase_val": "",
        "Cost_Quantity_BudgetYearOne_val": "",
        "Cost_Quantity_PriorYear_val": "0",
        "Cost_Quantity_BudgetYearTwo_val": "",
        "Cost_Quantity_BudgetYearThree_val": "",
        "Cost_Quantity_BudgetYearFour_val": "",
        "Cost_Quantity_BudgetYearFive_val": "",
        "Cost_TotalCost_CurrentYear_val": "",
        "Cost_TotalCost_BudgetYearOneBase_val": "",
        "Cost_TotalCost_BudgetYearOne_val": "",
        "Cost_TotalCost_PriorYear_val": "0.385",
        "Cost_TotalCost_BudgetYearTwo_val": "",
        "Cost_TotalCost_BudgetYearThree_val": "",
        "Cost_TotalCost_BudgetYearFour_val": "",
        "Cost_TotalCost_BudgetYearFive_val": "",
        "@SOURCE_FILENAME": "2015-BASE_PROCUREMENT-2015-AIRFORCE_AIRCRAFT_VOL2-PROCUREMENT_MasterJustificationBook_Air_Force_PB_2015.zzz_unzipped-PROCUREMENT_MasterJustificationBook_Air_Force_PB_2015.xml",
        "@RECORDID": "915b03b5c79079cef74c1f5fed99ff94d2a961666ffa690a638fb838766b41c1",
        "@ROWID": "0-913eaa0ebfa74cd50a43b9807c483dcb121afc14ec23d530399e39a646fcc4d9",
        "@PARENTROWID": "0-9c7558db1f0f627937a066ea92fa7611ca6ccf0bdfa0d8882e313e72a4e66ee1",
        "@PARENT": "root.record.ItemExhibitList.P3AModificationItemGroup.ModificationItemList.ModificationItem.Installation.ImplementationMethodList.ImplementationMethod"
    },
    {
        "Name_val": "Air Force Active",
        "Cost_Quantity_CurrentYear_val": "",
        "Cost_Quantity_BudgetYearOneBase_val": "0",
        "Cost_Quantity_BudgetYearOne_val": "0",
        "Cost_Quantity_PriorYear_val": "",
        "Cost_Quantity_BudgetYearTwo_val": "2",
        "Cost_Quantity_BudgetYearThree_val": "3",
        "Cost_Quantity_BudgetYearFour_val": "0",
        "Cost_Quantity_BudgetYearFive_val": "0",
        "Cost_TotalCost_CurrentYear_val": "",
        "Cost_TotalCost_BudgetYearOneBase_val": "4.975",
        "Cost_TotalCost_BudgetYearOne_val": "4.975",
        "Cost_TotalCost_PriorYear_val": "",
        "Cost_TotalCost_BudgetYearTwo_val": "12.483",
        "Cost_TotalCost_BudgetYearThree_val": "0.000",
        "Cost_TotalCost_BudgetYearFour_val": "0.000",
        "Cost_TotalCost_BudgetYearFive_val": "0.000",
        "@SOURCE_FILENAME": "2015-BASE_PROCUREMENT-2015-AIRFORCE_AIRCRAFT_VOL2-PROCUREMENT_MasterJustificationBook_Air_Force_PB_2015.zzz_unzipped-PROCUREMENT_MasterJustificationBook_Air_Force_PB_2015.xml",
        "@RECORDID": "f589edbc06d76a4949c8665cea83963e382985d5b4eea11b3a6abcd51d15beb8",
        "@ROWID": "0-69284da85670ca523e7ba942a34bff142eee063e3cf2e11a22ca7376d2ee05a0",
        "@PARENTROWID": "0-0e85b56edf73ef1faf124a0438d57e98246b0dd3771426314bb64a9e2f185077",
        "@PARENT": "root.record.ItemExhibitList.P3AModificationItemGroup.ModificationItemList.ModificationItem.Installation.ImplementationMethodList.ImplementationMethod"
    },
    {
        "Name_val": "Air Force Active",
        "Cost_Quantity_CurrentYear_val": "",
        "Cost_Quantity_BudgetYearOneBase_val": "8",
        "Cost_Quantity_BudgetYearOne_val": "8",
        "Cost_Quantity_PriorYear_val": "",
        "Cost_Quantity_BudgetYearTwo_val": "",
        "Cost_Quantity_BudgetYearThree_val": "",
        "Cost_Quantity_BudgetYearFour_val": "",
        "Cost_Quantity_BudgetYearFive_val": "",
        "Cost_TotalCost_CurrentYear_val": "",
        "Cost_TotalCost_BudgetYearOneBase_val": "4.179",
        "Cost_TotalCost_BudgetYearOne_val": "4.179",
        "Cost_TotalCost_PriorYear_val": "",
        "Cost_TotalCost_BudgetYearTwo_val": "",
        "Cost_TotalCost_BudgetYearThree_val": "",
        "Cost_TotalCost_BudgetYearFour_val": "",
        "Cost_TotalCost_BudgetYearFive_val": "",
        "@SOURCE_FILENAME": "2015-BASE_PROCUREMENT-2015-AIRFORCE_AIRCRAFT_VOL2-PROCUREMENT_MasterJustificationBook_Air_Force_PB_2015.zzz_unzipped-PROCUREMENT_MasterJustificationBook_Air_Force_PB_2015.xml",
        "@RECORDID": "1d0ff418bd7c6cd4e0e89bd791631b1a3c0f2af4c9f1aa7bb064636a8d9f282b",
        "@ROWID": "0-1d1c6f2685a7bde45498820fc19ed50c656f798ac518117aa98bf2bc3a54aaf5",
        "@PARENTROWID": "0-6181d838a0c95a43dced3ee6dc375ac6434e77827c451a6b51d772145650d79f",
        "@PARENT": "root.record.ItemExhibitList.P3AModificationItemGroup.ModificationItemList.ModificationItem.Installation.ImplementationMethodList.ImplementationMethod"
    },
    {
        "Name_val": "Air National Guard",
        "Cost_Quantity_CurrentYear_val": "",
        "Cost_Quantity_BudgetYearOneBase_val": "8",
        "Cost_Quantity_BudgetYearOne_val": "8",
        "Cost_Quantity_PriorYear_val": "",
        "Cost_Quantity_BudgetYearTwo_val": "",
        "Cost_Quantity_BudgetYearThree_val": "",
        "Cost_Quantity_BudgetYearFour_val": "",
        "Cost_Quantity_BudgetYearFive_val": "",
        "Cost_TotalCost_CurrentYear_val": "",
        "Cost_TotalCost_BudgetYearOneBase_val": "4.179",
        "Cost_TotalCost_BudgetYearOne_val": "4.179",
        "Cost_TotalCost_PriorYear_val": "",
        "Cost_TotalCost_BudgetYearTwo_val": "",
        "Cost_TotalCost_BudgetYearThree_val": "",
        "Cost_TotalCost_BudgetYearFour_val": "",
        "Cost_TotalCost_BudgetYearFive_val": "",
        "@SOURCE_FILENAME": "2015-BASE_PROCUREMENT-2015-AIRFORCE_AIRCRAFT_VOL2-PROCUREMENT_MasterJustificationBook_Air_Force_PB_2015.zzz_unzipped-PROCUREMENT_MasterJustificationBook_Air_Force_PB_2015.xml",
        "@RECORDID": "1d0ff418bd7c6cd4e0e89bd791631b1a3c0f2af4c9f1aa7bb064636a8d9f282b",
        "@ROWID": "1-e8465e9a00769c92925f93ea418f6c02e5ee98f39aefef5b8114e5895db597dc",
        "@PARENTROWID": "0-6181d838a0c95a43dced3ee6dc375ac6434e77827c451a6b51d772145650d79f",
        "@PARENT": "root.record.ItemExhibitList.P3AModificationItemGroup.ModificationItemList.ModificationItem.Installation.ImplementationMethodList.ImplementationMethod"
    },
    {
        "Name_val": "Air Force Reserve",
        "Cost_Quantity_CurrentYear_val": "",
        "Cost_Quantity_BudgetYearOneBase_val": "3",
        "Cost_Quantity_BudgetYearOne_val": "3",
        "Cost_Quantity_PriorYear_val": "",
        "Cost_Quantity_BudgetYearTwo_val": "",
        "Cost_Quantity_BudgetYearThree_val": "",
        "Cost_Quantity_BudgetYearFour_val": "",
        "Cost_Quantity_BudgetYearFive_val": "",
        "Cost_TotalCost_CurrentYear_val": "",
        "Cost_TotalCost_BudgetYearOneBase_val": "1.568",
        "Cost_TotalCost_BudgetYearOne_val": "1.568",
        "Cost_TotalCost_PriorYear_val": "",
        "Cost_TotalCost_BudgetYearTwo_val": "",
        "Cost_TotalCost_BudgetYearThree_val": "",
        "Cost_TotalCost_BudgetYearFour_val": "",
        "Cost_TotalCost_BudgetYearFive_val": "",
        "@SOURCE_FILENAME": "2015-BASE_PROCUREMENT-2015-AIRFORCE_AIRCRAFT_VOL2-PROCUREMENT_MasterJustificationBook_Air_Force_PB_2015.zzz_unzipped-PROCUREMENT_MasterJustificationBook_Air_Force_PB_2015.xml",
        "@RECORDID": "1d0ff418bd7c6cd4e0e89bd791631b1a3c0f2af4c9f1aa7bb064636a8d9f282b",
        "@ROWID": "2-25e73176308e83669ece7974a0f45f012eb7766e62cec13a4731a626ddbb263c",
        "@PARENTROWID": "0-6181d838a0c95a43dced3ee6dc375ac6434e77827c451a6b51d772145650d79f",
        "@PARENT": "root.record.ItemExhibitList.P3AModificationItemGroup.ModificationItemList.ModificationItem.Installation.ImplementationMethodList.ImplementationMethod"
    },
    {
        "Name_val": "Air Force Active",
        "Cost_Quantity_CurrentYear_val": "",
        "Cost_Quantity_BudgetYearOneBase_val": "7",
        "Cost_Quantity_BudgetYearOne_val": "7",
        "Cost_Quantity_PriorYear_val": "",
        "Cost_Quantity_BudgetYearTwo_val": "",
        "Cost_Quantity_BudgetYearThree_val": "",
        "Cost_Quantity_BudgetYearFour_val": "",
        "Cost_Quantity_BudgetYearFive_val": "",
        "Cost_TotalCost_CurrentYear_val": "",
        "Cost_TotalCost_BudgetYearOneBase_val": "4.991",
        "Cost_TotalCost_BudgetYearOne_val": "4.991",
        "Cost_TotalCost_PriorYear_val": "",
        "Cost_TotalCost_BudgetYearTwo_val": "",
        "Cost_TotalCost_BudgetYearThree_val": "",
        "Cost_TotalCost_BudgetYearFour_val": "",
        "Cost_TotalCost_BudgetYearFive_val": "",
        "@SOURCE_FILENAME": "2015-BASE_PROCUREMENT-2015-AIRFORCE_AIRCRAFT_VOL2-PROCUREMENT_MasterJustificationBook_Air_Force_PB_2015.zzz_unzipped-PROCUREMENT_MasterJustificationBook_Air_Force_PB_2015.xml",
        "@RECORDID": "855eae1cbb61b6501bc214ee71975773395e237741d724826b960bf4c434431a",
        "@ROWID": "0-d0ae0562e238d1162ee2d21d313f4bba193b79459b916706b4262f9b949febcb",
        "@PARENTROWID": "0-05a5512a8234f0ea4a1f6a760efc7c446cc43f0996ff431b8a5d279fd44b456c",
        "@PARENT": "root.record.ItemExhibitList.P3AModificationItemGroup.ModificationItemList.ModificationItem.Installation.ImplementationMethodList.ImplementationMethod"
    },
    {
        "Name_val": "Air Force Active",
        "Cost_Quantity_CurrentYear_val": "",
        "Cost_Quantity_BudgetYearOneBase_val": "10",
        "Cost_Quantity_BudgetYearOne_val": "10",
        "Cost_Quantity_PriorYear_val": "",
        "Cost_Quantity_BudgetYearTwo_val": "",
        "Cost_Quantity_BudgetYearThree_val": "",
        "Cost_Quantity_BudgetYearFour_val": "",
        "Cost_Quantity_BudgetYearFive_val": "",
        "Cost_TotalCost_CurrentYear_val": "",
        "Cost_TotalCost_BudgetYearOneBase_val": "1.217",
        "Cost_TotalCost_BudgetYearOne_val": "1.217",
        "Cost_TotalCost_PriorYear_val": "",
        "Cost_TotalCost_BudgetYearTwo_val": "",
        "Cost_TotalCost_BudgetYearThree_val": "",
        "Cost_TotalCost_BudgetYearFour_val": "",
        "Cost_TotalCost_BudgetYearFive_val": "",
        "@SOURCE_FILENAME": "2015-BASE_PROCUREMENT-2015-AIRFORCE_AIRCRAFT_VOL2-PROCUREMENT_MasterJustificationBook_Air_Force_PB_2015.zzz_unzipped-PROCUREMENT_MasterJustificationBook_Air_Force_PB_2015.xml",
        "@RECORDID": "855eae1cbb61b6501bc214ee71975773395e237741d724826b960bf4c434431a",
        "@ROWID": "0-f1d29be7e150fe3a437b80fc7434e9c33b69536eee884b486762dd018e99f05f",
        "@PARENTROWID": "0-093c6709582261b4313cee340f28ece624cd1d3cdfe372a128f29cb4a71dd321",
        "@PARENT": "root.record.ItemExhibitList.P3AModificationItemGroup.ModificationItemList.ModificationItem.Installation.ImplementationMethodList.ImplementationMethod"
    },
    {
        "Name_val": "Air Force Active",
        "Cost_Quantity_CurrentYear_val": "50",
        "Cost_Quantity_BudgetYearOneBase_val": "",
        "Cost_Quantity_BudgetYearOne_val": "",
        "Cost_Quantity_PriorYear_val": "",
        "Cost_Quantity_BudgetYearTwo_val": "",
        "Cost_Quantity_BudgetYearThree_val": "",
        "Cost_Quantity_BudgetYearFour_val": "",
        "Cost_Quantity_BudgetYearFive_val": "",
        "Cost_TotalCost_CurrentYear_val": "2.202",
        "Cost_TotalCost_BudgetYearOneBase_val": "",
        "Cost_TotalCost_BudgetYearOne_val": "",
        "Cost_TotalCost_PriorYear_val": "",
        "Cost_TotalCost_BudgetYearTwo_val": "",
        "Cost_TotalCost_BudgetYearThree_val": "",
        "Cost_TotalCost_BudgetYearFour_val": "",
        "Cost_TotalCost_BudgetYearFive_val": "",
        "@SOURCE_FILENAME": "2015-BASE_PROCUREMENT-2015-AIRFORCE_AIRCRAFT_VOL2-PROCUREMENT_MasterJustificationBook_Air_Force_PB_2015.zzz_unzipped-PROCUREMENT_MasterJustificationBook_Air_Force_PB_2015.xml",
        "@RECORDID": "855eae1cbb61b6501bc214ee71975773395e237741d724826b960bf4c434431a",
        "@ROWID": "0-a20c71426f0b9535dccf843e8bf25adf2b2e1b05feaad7a5f0d07fb43797aa3c",
        "@PARENTROWID": "0-e689d29bfcbe019879fd87c71f3e0f9e0da097dc46a06bce986d84015a70218b",
        "@PARENT": "root.record.ItemExhibitList.P3AModificationItemGroup.ModificationItemList.ModificationItem.Installation.ImplementationMethodList.ImplementationMethod"
    },
    {
        "Name_val": "Air National Guard",
        "Cost_Quantity_CurrentYear_val": "",
        "Cost_Quantity_BudgetYearOneBase_val": "",
        "Cost_Quantity_BudgetYearOne_val": "",
        "Cost_Quantity_PriorYear_val": "",
        "Cost_Quantity_BudgetYearTwo_val": "2",
        "Cost_Quantity_BudgetYearThree_val": "9",
        "Cost_Quantity_BudgetYearFour_val": "",
        "Cost_Quantity_BudgetYearFive_val": "",
        "Cost_TotalCost_CurrentYear_val": "",
        "Cost_TotalCost_BudgetYearOneBase_val": "",
        "Cost_TotalCost_BudgetYearOne_val": "",
        "Cost_TotalCost_PriorYear_val": "",
        "Cost_TotalCost_BudgetYearTwo_val": "0.778",
        "Cost_TotalCost_BudgetYearThree_val": "4.179",
        "Cost_TotalCost_BudgetYearFour_val": "",
        "Cost_TotalCost_BudgetYearFive_val": "",
        "@SOURCE_FILENAME": "2015-BASE_PROCUREMENT-2015-AIRFORCE_AIRCRAFT_VOL2-PROCUREMENT_MasterJustificationBook_Air_Force_PB_2015.zzz_unzipped-PROCUREMENT_MasterJustificationBook_Air_Force_PB_2015.xml",
        "@RECORDID": "e0999d2b89817dbe0cc954d07a44ef1ad1938f20a6bca9d4306e26527654e26d",
        "@ROWID": "0-89053223f1d840fc342c101734bdd0277f1b6094e1034d1cc652009fa4408e70",
        "@PARENTROWID": "0-ee92a4bc01a8ce6f68389883c492d381a85e11ec57278bfa3703d712cdcd12ee",
        "@PARENT": "root.record.ItemExhibitList.P3AModificationItemGroup.ModificationItemList.ModificationItem.Installation.ImplementationMethodList.ImplementationMethod"
    },
    {
        "Name_val": "Air Force Active",
        "Cost_Quantity_CurrentYear_val": "",
        "Cost_Quantity_BudgetYearOneBase_val": "",
        "Cost_Quantity_BudgetYearOne_val": "",
        "Cost_Quantity_PriorYear_val": "442",
        "Cost_Quantity_BudgetYearTwo_val": "",
        "Cost_Quantity_BudgetYearThree_val": "",
        "Cost_Quantity_BudgetYearFour_val": "",
        "Cost_Quantity_BudgetYearFive_val": "",
        "Cost_TotalCost_CurrentYear_val": "",
        "Cost_TotalCost_BudgetYearOneBase_val": "",
        "Cost_TotalCost_BudgetYearOne_val": "",
        "Cost_TotalCost_PriorYear_val": "59.508",
        "Cost_TotalCost_BudgetYearTwo_val": "",
        "Cost_TotalCost_BudgetYearThree_val": "",
        "Cost_TotalCost_BudgetYearFour_val": "",
        "Cost_TotalCost_BudgetYearFive_val": "",
        "@SOURCE_FILENAME": "2015-BASE_PROCUREMENT-2015-AIRFORCE_AIRCRAFT_VOL2-PROCUREMENT_MasterJustificationBook_Air_Force_PB_2015.zzz_unzipped-PROCUREMENT_MasterJustificationBook_Air_Force_PB_2015.xml",
        "@RECORDID": "e0999d2b89817dbe0cc954d07a44ef1ad1938f20a6bca9d4306e26527654e26d",
        "@ROWID": "0-a041d834d2edbb3e9bc0d0dfe6dc1fdc8d122e96cdd1d63914c79990dd956eb8",
        "@PARENTROWID": "1-ba5a781dd725ef3b499cd84c07fbe044bc0dc77f14bad73ba6ae5562184dd111",
        "@PARENT": "root.record.ItemExhibitList.P3AModificationItemGroup.ModificationItemList.ModificationItem.Installation.ImplementationMethodList.ImplementationMethod"
    },
    {
        "Name_val": "Air National Guard",
        "Cost_Quantity_CurrentYear_val": "",
        "Cost_Quantity_BudgetYearOneBase_val": "",
        "Cost_Quantity_BudgetYearOne_val": "",
        "Cost_Quantity_PriorYear_val": "59",
        "Cost_Quantity_BudgetYearTwo_val": "",
        "Cost_Quantity_BudgetYearThree_val": "",
        "Cost_Quantity_BudgetYearFour_val": "",
        "Cost_Quantity_BudgetYearFive_val": "",
        "Cost_TotalCost_CurrentYear_val": "",
        "Cost_TotalCost_BudgetYearOneBase_val": "",
        "Cost_TotalCost_BudgetYearOne_val": "",
        "Cost_TotalCost_PriorYear_val": "2.6",
        "Cost_TotalCost_BudgetYearTwo_val": "",
        "Cost_TotalCost_BudgetYearThree_val": "",
        "Cost_TotalCost_BudgetYearFour_val": "",
        "Cost_TotalCost_BudgetYearFive_val": "",
        "@SOURCE_FILENAME": "2015-BASE_PROCUREMENT-2015-AIRFORCE_AIRCRAFT_VOL2-PROCUREMENT_MasterJustificationBook_Air_Force_PB_2015.zzz_unzipped-PROCUREMENT_MasterJustificationBook_Air_Force_PB_2015.xml",
        "@RECORDID": "e0999d2b89817dbe0cc954d07a44ef1ad1938f20a6bca9d4306e26527654e26d",
        "@ROWID": "1-95935bccecebe463661ffeec9f8cf1933442d2cb339fa26a889efb07bf2cf6eb",
        "@PARENTROWID": "1-ba5a781dd725ef3b499cd84c07fbe044bc0dc77f14bad73ba6ae5562184dd111",
        "@PARENT": "root.record.ItemExhibitList.P3AModificationItemGroup.ModificationItemList.ModificationItem.Installation.ImplementationMethodList.ImplementationMethod"
    },
    {
        "Name_val": "Air Force Active",
        "Cost_Quantity_CurrentYear_val": "100",
        "Cost_Quantity_BudgetYearOneBase_val": "",
        "Cost_Quantity_BudgetYearOne_val": "",
        "Cost_Quantity_PriorYear_val": "",
        "Cost_Quantity_BudgetYearTwo_val": "",
        "Cost_Quantity_BudgetYearThree_val": "",
        "Cost_Quantity_BudgetYearFour_val": "",
        "Cost_Quantity_BudgetYearFive_val": "",
        "Cost_TotalCost_CurrentYear_val": "4.667",
        "Cost_TotalCost_BudgetYearOneBase_val": "",
        "Cost_TotalCost_BudgetYearOne_val": "",
        "Cost_TotalCost_PriorYear_val": "",
        "Cost_TotalCost_BudgetYearTwo_val": "",
        "Cost_TotalCost_BudgetYearThree_val": "",
        "Cost_TotalCost_BudgetYearFour_val": "",
        "Cost_TotalCost_BudgetYearFive_val": "",
        "@SOURCE_FILENAME": "2015-BASE_PROCUREMENT-2015-AIRFORCE_AIRCRAFT_VOL2-PROCUREMENT_MasterJustificationBook_Air_Force_PB_2015.zzz_unzipped-PROCUREMENT_MasterJustificationBook_Air_Force_PB_2015.xml",
        "@RECORDID": "e0999d2b89817dbe0cc954d07a44ef1ad1938f20a6bca9d4306e26527654e26d",
        "@ROWID": "0-e9b982193300c17bac7307f92d999fb0d21bf6b358fe39899e4cb7004284a1df",
        "@PARENTROWID": "1-68e6c4e3316d66082b07907326f16ac2dc242be677e4ef1f74051359d4d07fee",
        "@PARENT": "root.record.ItemExhibitList.P3AModificationItemGroup.ModificationItemList.ModificationItem.Installation.ImplementationMethodList.ImplementationMethod"
    },
    {
        "Name_val": "Air National Guard",
        "Cost_Quantity_CurrentYear_val": "96",
        "Cost_Quantity_BudgetYearOneBase_val": "",
        "Cost_Quantity_BudgetYearOne_val": "",
        "Cost_Quantity_PriorYear_val": "",
        "Cost_Quantity_BudgetYearTwo_val": "",
        "Cost_Quantity_BudgetYearThree_val": "",
        "Cost_Quantity_BudgetYearFour_val": "",
        "Cost_Quantity_BudgetYearFive_val": "",
        "Cost_TotalCost_CurrentYear_val": "0.069",
        "Cost_TotalCost_BudgetYearOneBase_val": "",
        "Cost_TotalCost_BudgetYearOne_val": "",
        "Cost_TotalCost_PriorYear_val": "",
        "Cost_TotalCost_BudgetYearTwo_val": "",
        "Cost_TotalCost_BudgetYearThree_val": "",
        "Cost_TotalCost_BudgetYearFour_val": "",
        "Cost_TotalCost_BudgetYearFive_val": "",
        "@SOURCE_FILENAME": "2015-BASE_PROCUREMENT-2015-AIRFORCE_AIRCRAFT_VOL2-PROCUREMENT_MasterJustificationBook_Air_Force_PB_2015.zzz_unzipped-PROCUREMENT_MasterJustificationBook_Air_Force_PB_2015.xml",
        "@RECORDID": "e0999d2b89817dbe0cc954d07a44ef1ad1938f20a6bca9d4306e26527654e26d",
        "@ROWID": "1-9d7af6f4fad608a9908a47898166a151036ec5a5b4c4371386bcdc13da4f32f1",
        "@PARENTROWID": "1-68e6c4e3316d66082b07907326f16ac2dc242be677e4ef1f74051359d4d07fee",
        "@PARENT": "root.record.ItemExhibitList.P3AModificationItemGroup.ModificationItemList.ModificationItem.Installation.ImplementationMethodList.ImplementationMethod"
    },
    {
        "Name_val": "Air Force Active",
        "Cost_Quantity_CurrentYear_val": "15",
        "Cost_Quantity_BudgetYearOneBase_val": "15",
        "Cost_Quantity_BudgetYearOne_val": "15",
        "Cost_Quantity_PriorYear_val": "",
        "Cost_Quantity_BudgetYearTwo_val": "",
        "Cost_Quantity_BudgetYearThree_val": "",
        "Cost_Quantity_BudgetYearFour_val": "",
        "Cost_Quantity_BudgetYearFive_val": "",
        "Cost_TotalCost_CurrentYear_val": "16.341",
        "Cost_TotalCost_BudgetYearOneBase_val": "18.019",
        "Cost_TotalCost_BudgetYearOne_val": "18.019",
        "Cost_TotalCost_PriorYear_val": "",
        "Cost_TotalCost_BudgetYearTwo_val": "",
        "Cost_TotalCost_BudgetYearThree_val": "",
        "Cost_TotalCost_BudgetYearFour_val": "",
        "Cost_TotalCost_BudgetYearFive_val": "",
        "@SOURCE_FILENAME": "2015-BASE_PROCUREMENT-2015-AIRFORCE_AIRCRAFT_VOL2-PROCUREMENT_MasterJustificationBook_Air_Force_PB_2015.zzz_unzipped-PROCUREMENT_MasterJustificationBook_Air_Force_PB_2015.xml",
        "@RECORDID": "e0999d2b89817dbe0cc954d07a44ef1ad1938f20a6bca9d4306e26527654e26d",
        "@ROWID": "0-3787005becd8e1384c870a39eeba7e51a5c3e05428b4f10a48148cfa23e6f485",
        "@PARENTROWID": "0-c7d751639336ca01f70a4ec200716aa4580ab3250a14053a4ac7cf898b30a5f7",
        "@PARENT": "root.record.ItemExhibitList.P3AModificationItemGroup.ModificationItemList.ModificationItem.Installation.ImplementationMethodList.ImplementationMethod"
    },
    {
        "Name_val": "Air National Guard",
        "Cost_Quantity_CurrentYear_val": "3",
        "Cost_Quantity_BudgetYearOneBase_val": "",
        "Cost_Quantity_BudgetYearOne_val": "",
        "Cost_Quantity_PriorYear_val": "",
        "Cost_Quantity_BudgetYearTwo_val": "",
        "Cost_Quantity_BudgetYearThree_val": "",
        "Cost_Quantity_BudgetYearFour_val": "",
        "Cost_Quantity_BudgetYearFive_val": "",
        "Cost_TotalCost_CurrentYear_val": "5.727",
        "Cost_TotalCost_BudgetYearOneBase_val": "",
        "Cost_TotalCost_BudgetYearOne_val": "",
        "Cost_TotalCost_PriorYear_val": "",
        "Cost_TotalCost_BudgetYearTwo_val": "",
        "Cost_TotalCost_BudgetYearThree_val": "",
        "Cost_TotalCost_BudgetYearFour_val": "",
        "Cost_TotalCost_BudgetYearFive_val": "",
        "@SOURCE_FILENAME": "2015-BASE_PROCUREMENT-2015-AIRFORCE_AIRCRAFT_VOL2-PROCUREMENT_MasterJustificationBook_Air_Force_PB_2015.zzz_unzipped-PROCUREMENT_MasterJustificationBook_Air_Force_PB_2015.xml",
        "@RECORDID": "e0999d2b89817dbe0cc954d07a44ef1ad1938f20a6bca9d4306e26527654e26d",
        "@ROWID": "1-d0bfbe30cf3b846295cbabe0ff1140405f9c7791fa029239a95169e260006cd5",
        "@PARENTROWID": "0-c7d751639336ca01f70a4ec200716aa4580ab3250a14053a4ac7cf898b30a5f7",
        "@PARENT": "root.record.ItemExhibitList.P3AModificationItemGroup.ModificationItemList.ModificationItem.Installation.ImplementationMethodList.ImplementationMethod"
    },
    {
        "Name_val": "Air Force Active",
        "Cost_Quantity_CurrentYear_val": "12",
        "Cost_Quantity_BudgetYearOneBase_val": "",
        "Cost_Quantity_BudgetYearOne_val": "",
        "Cost_Quantity_PriorYear_val": "",
        "Cost_Quantity_BudgetYearTwo_val": "",
        "Cost_Quantity_BudgetYearThree_val": "",
        "Cost_Quantity_BudgetYearFour_val": "",
        "Cost_Quantity_BudgetYearFive_val": "",
        "Cost_TotalCost_CurrentYear_val": "8.84",
        "Cost_TotalCost_BudgetYearOneBase_val": "",
        "Cost_TotalCost_BudgetYearOne_val": "",
        "Cost_TotalCost_PriorYear_val": "",
        "Cost_TotalCost_BudgetYearTwo_val": "",
        "Cost_TotalCost_BudgetYearThree_val": "",
        "Cost_TotalCost_BudgetYearFour_val": "",
        "Cost_TotalCost_BudgetYearFive_val": "",
        "@SOURCE_FILENAME": "2015-BASE_PROCUREMENT-2015-AIRFORCE_AIRCRAFT_VOL2-PROCUREMENT_MasterJustificationBook_Air_Force_PB_2015.zzz_unzipped-PROCUREMENT_MasterJustificationBook_Air_Force_PB_2015.xml",
        "@RECORDID": "e0999d2b89817dbe0cc954d07a44ef1ad1938f20a6bca9d4306e26527654e26d",
        "@ROWID": "0-616d715fb6c8f3cb0745e5db65879745489699b20bb442742530788abbe37434",
        "@PARENTROWID": "0-5d1f8d30a38052ba474f24e187232e34b7b9f481d963ae57bfc485c1d0c61a70",
        "@PARENT": "root.record.ItemExhibitList.P3AModificationItemGroup.ModificationItemList.ModificationItem.Installation.ImplementationMethodList.ImplementationMethod"
    },
    {
        "Name_val": "Air Force Active",
        "Cost_Quantity_CurrentYear_val": "",
        "Cost_Quantity_BudgetYearOneBase_val": "",
        "Cost_Quantity_BudgetYearOne_val": "",
        "Cost_Quantity_PriorYear_val": "20",
        "Cost_Quantity_BudgetYearTwo_val": "",
        "Cost_Quantity_BudgetYearThree_val": "",
        "Cost_Quantity_BudgetYearFour_val": "",
        "Cost_Quantity_BudgetYearFive_val": "",
        "Cost_TotalCost_CurrentYear_val": "",
        "Cost_TotalCost_BudgetYearOneBase_val": "",
        "Cost_TotalCost_BudgetYearOne_val": "",
        "Cost_TotalCost_PriorYear_val": "0.98",
        "Cost_TotalCost_BudgetYearTwo_val": "",
        "Cost_TotalCost_BudgetYearThree_val": "",
        "Cost_TotalCost_BudgetYearFour_val": "",
        "Cost_TotalCost_BudgetYearFive_val": "",
        "@SOURCE_FILENAME": "2015-BASE_PROCUREMENT-2015-AIRFORCE_OTHER-PROCUREMENT_JustificationBook_Air_Force_PB_2015.zzz_unzipped-PROCUREMENT_JustificationBook_Air_Force_PB_2015.xml",
        "@RECORDID": "468bc985f6e66df36e06ea9a96c28ec64edcebf0d6674e83420127564b1094c0",
        "@ROWID": "0-b7ac6461c7bfae3f5c3dd37cf1ba0b9b71546f0e6905017e15c7dea5d9b43c4e",
        "@PARENTROWID": "0-965abe7e19177d93a88e1e8def8033a0431376da74ac71893465823563e8b971",
        "@PARENT": "root.record.ItemExhibitList.P3AModificationItemGroup.ModificationItemList.ModificationItem.Installation.ImplementationMethodList.ImplementationMethod"
    },
    {
        "Name_val": "Air Force Active",
        "Cost_Quantity_CurrentYear_val": "",
        "Cost_Quantity_BudgetYearOneBase_val": "",
        "Cost_Quantity_BudgetYearOne_val": "",
        "Cost_Quantity_PriorYear_val": "20",
        "Cost_Quantity_BudgetYearTwo_val": "",
        "Cost_Quantity_BudgetYearThree_val": "",
        "Cost_Quantity_BudgetYearFour_val": "",
        "Cost_Quantity_BudgetYearFive_val": "",
        "Cost_TotalCost_CurrentYear_val": "",
        "Cost_TotalCost_BudgetYearOneBase_val": "",
        "Cost_TotalCost_BudgetYearOne_val": "",
        "Cost_TotalCost_PriorYear_val": "0.98",
        "Cost_TotalCost_BudgetYearTwo_val": "",
        "Cost_TotalCost_BudgetYearThree_val": "",
        "Cost_TotalCost_BudgetYearFour_val": "",
        "Cost_TotalCost_BudgetYearFive_val": "",
        "@SOURCE_FILENAME": "2015-BASE_PROCUREMENT-2015-AIRFORCE_OTHER-PROCUREMENT_MasterJustificationBook_Air_Force_PB_2015.zzz_unzipped-PROCUREMENT_MasterJustificationBook_Air_Force_PB_2015.xml",
        "@RECORDID": "38574a0eb107b9f7269a65b5cd9e3370a0cecba368536b676cf0c3e78bac69ac",
        "@ROWID": "0-147f301a71042bf05fe377eadd5285ef24f8dec3377bc7049eb3e542902411d1",
        "@PARENTROWID": "0-fe612527d42cedc8d418a264f8b5287e0d20fd64ff7cf56a7036c4a075bbc8dd",
        "@PARENT": "root.record.ItemExhibitList.P3AModificationItemGroup.ModificationItemList.ModificationItem.Installation.ImplementationMethodList.ImplementationMethod"
    },
    {
        "Name_val": "Air Force Active",
        "Cost_Quantity_CurrentYear_val": "",
        "Cost_Quantity_BudgetYearOneBase_val": "0",
        "Cost_Quantity_BudgetYearOne_val": "0",
        "Cost_Quantity_PriorYear_val": "",
        "Cost_Quantity_BudgetYearTwo_val": "2",
        "Cost_Quantity_BudgetYearThree_val": "3",
        "Cost_Quantity_BudgetYearFour_val": "0",
        "Cost_Quantity_BudgetYearFive_val": "0",
        "Cost_TotalCost_CurrentYear_val": "",
        "Cost_TotalCost_BudgetYearOneBase_val": "6.68",
        "Cost_TotalCost_BudgetYearOne_val": "6.68",
        "Cost_TotalCost_PriorYear_val": "",
        "Cost_TotalCost_BudgetYearTwo_val": "12.483",
        "Cost_TotalCost_BudgetYearThree_val": "0.000",
        "Cost_TotalCost_BudgetYearFour_val": "0.000",
        "Cost_TotalCost_BudgetYearFive_val": "0.000",
        "@SOURCE_FILENAME": "2015-AMENDED_PROCUREMENT_AND_RDTE-2015-AIRFORCE_AMMO-PROCUREMENT_JustificationBook_Air_Force_PBAmended_2015.zzz_unzipped-PROCUREMENT_JustificationBook_Air_Force_PBAmended_2015.xml",
        "@RECORDID": "3cdf5370d6aa06ad598534cb0c149c4f22f6fb738ead93645d4b6f4becdfa971",
        "@ROWID": "0-ffcb1b3ef2356fea564205f999d5259dde46b6c9ebcc92e9d6df884ab324954a",
        "@PARENTROWID": "0-5297eef6b2c6cc18ac41856849a8b73f0b74f6f148bcf308ce603009cf0a072b",
        "@PARENT": "root.record.ItemExhibitList.P3AModificationItemGroup.ModificationItemList.ModificationItem.Installation.ImplementationMethodList.ImplementationMethod"
    },
    {
        "Name_val": "Air Force Active",
        "Cost_Quantity_CurrentYear_val": "",
        "Cost_Quantity_BudgetYearOneBase_val": "0",
        "Cost_Quantity_BudgetYearOne_val": "0",
        "Cost_Quantity_PriorYear_val": "",
        "Cost_Quantity_BudgetYearTwo_val": "2",
        "Cost_Quantity_BudgetYearThree_val": "3",
        "Cost_Quantity_BudgetYearFour_val": "0",
        "Cost_Quantity_BudgetYearFive_val": "0",
        "Cost_TotalCost_CurrentYear_val": "",
        "Cost_TotalCost_BudgetYearOneBase_val": "6.68",
        "Cost_TotalCost_BudgetYearOne_val": "6.68",
        "Cost_TotalCost_PriorYear_val": "",
        "Cost_TotalCost_BudgetYearTwo_val": "12.483",
        "Cost_TotalCost_BudgetYearThree_val": "0.000",
        "Cost_TotalCost_BudgetYearFour_val": "0.000",
        "Cost_TotalCost_BudgetYearFive_val": "0.000",
        "@SOURCE_FILENAME": "2015-AMENDED_PROCUREMENT_AND_RDTE-2015-AIRFORCE_AMMO-PROCUREMENT_MasterJustificationBook_Air_Force_PBAmended_2015.zzz_unzipped-PROCUREMENT_MasterJustificationBook_Air_Force_PBAmended_2015.xml",
        "@RECORDID": "3422ac66d0ea6fb81b14f56ab36db4a0f72d47732900596259b15b9bc0499223",
        "@ROWID": "0-2248071f6ac03c461bbb02712f13337fcbc2dc3574573f129fbd10ca1864cd2f",
        "@PARENTROWID": "0-88d83817873e7b5ed765232ddac43d0944ceed498bb27229fb65c3c7c1e4361e",
        "@PARENT": "root.record.ItemExhibitList.P3AModificationItemGroup.ModificationItemList.ModificationItem.Installation.ImplementationMethodList.ImplementationMethod"
    }
]