Month_val,Amount_val,@SOURCE_FILENAME,@RECORDID,@ROWID,@PARENTROWID,@PARENT
"2014-05","2","2014-BASE_PROCUREMENT-2014-AIRFORCE_OTHER-PROCUREMENT_JustificationBook_Air_Force_PB_2014.zzz_unzipped-PROCUREMENT_JustificationBook_Air_Force_PB_2014.xml","183e2235a8702efde29fd338dbfb0e070b9a0e22f45c0daf1850fb81f56857fb","0-6f8bfeb3f4353e806daf0eb09b867dd94f6a075b487a32db5ecb795b1011a778","0-72717d66c98f0ab3aa2dc48f2058eb61b0d3b035cf9de13bf0cf2b80e66a7089","root.record.ItemExhibitList.P5Item.CostElementCategoryList.PackageFielding.Recurring.CostElementList.CostElement.ManufacturerList.Manufacturer.HistoryPlanningList.HistoryPlanning"
"2014-06","2","2014-BASE_PROCUREMENT-2014-AIRFORCE_OTHER-PROCUREMENT_JustificationBook_Air_Force_PB_2014.zzz_unzipped-PROCUREMENT_JustificationBook_Air_Force_PB_2014.xml","183e2235a8702efde29fd338dbfb0e070b9a0e22f45c0daf1850fb81f56857fb","1-b2add5fcd3bf507519a51b9fcf276545014a073ccbc04fde82ad85b3e134acee","0-72717d66c98f0ab3aa2dc48f2058eb61b0d3b035cf9de13bf0cf2b80e66a7089","root.record.ItemExhibitList.P5Item.CostElementCategoryList.PackageFielding.Recurring.CostElementList.CostElement.ManufacturerList.Manufacturer.HistoryPlanningList.HistoryPlanning"
"2014-05","2","2014-BASE_PROCUREMENT-2014-AIRFORCE_OTHER-PROCUREMENT_MasterJustificationBook_Air_Force_PB_2014.zzz_unzipped-PROCUREMENT_MasterJustificationBook_Air_Force_PB_2014.xml","5900c9666985c01314d4a2a76f9022ef6609a516534f5cd224b6144f366eb840","0-361eff1e98eeea2054c6b5de05a14758fe614ad836a1f72fb85170c41ed6f347","0-fd9acbff615be939c006b4f62bb15e56475e61a495264221cbd6f3d5ca286832","root.record.ItemExhibitList.P5Item.CostElementCategoryList.PackageFielding.Recurring.CostElementList.CostElement.ManufacturerList.Manufacturer.HistoryPlanningList.HistoryPlanning"
"2014-06","2","2014-BASE_PROCUREMENT-2014-AIRFORCE_OTHER-PROCUREMENT_MasterJustificationBook_Air_Force_PB_2014.zzz_unzipped-PROCUREMENT_MasterJustificationBook_Air_Force_PB_2014.xml","5900c9666985c01314d4a2a76f9022ef6609a516534f5cd224b6144f366eb840","1-b7b6ed8c529d55f75a0a207f1b937c314b978f95906bc7d1d59f881e232662af","0-fd9acbff615be939c006b4f62bb15e56475e61a495264221cbd6f3d5ca286832","root.record.ItemExhibitList.P5Item.CostElementCategoryList.PackageFielding.Recurring.CostElementList.CostElement.ManufacturerList.Manufacturer.HistoryPlanningList.HistoryPlanning"
"2016-10","1","2017-BASE_PROCUREMENT-2017-AIRFORCE_OTHER-U_PROCUREMENT_JustificationBook_Air_Force_PB_2017.zzz_unzipped-U_PROCUREMENT_JustificationBook_Air_Force_PB_2017.xml","bcc662e800dc8bb76a8285528cc168abcc6312deba5f8a8505391946132986f2","0-dea2045f1cd8025882ec7aa3c6fe974cd4a6f8ff4dc6e41d791f4d1298335423","0-5c3d539eb18f72b55832f09040aa071847d067c3fc59cac26fabeb3889bf1193","root.record.ItemExhibitList.P5Item.CostElementCategoryList.PackageFielding.Recurring.CostElementList.CostElement.ManufacturerList.Manufacturer.HistoryPlanningList.HistoryPlanning"
"2017-02","1","2017-BASE_PROCUREMENT-2017-AIRFORCE_OTHER-U_PROCUREMENT_JustificationBook_Air_Force_PB_2017.zzz_unzipped-U_PROCUREMENT_JustificationBook_Air_Force_PB_2017.xml","bcc662e800dc8bb76a8285528cc168abcc6312deba5f8a8505391946132986f2","0-37324177b8bee69b176cb26d43586a1faaf4535a133bd2d8eccd053345cf1b90","1-03e371165ee8991fdb7b99b3e27df359112224eeb55ba9b88f9cd223ceea8041","root.record.ItemExhibitList.P5Item.CostElementCategoryList.PackageFielding.Recurring.CostElementList.CostElement.ManufacturerList.Manufacturer.HistoryPlanningList.HistoryPlanning"
"2017-03","1","2017-BASE_PROCUREMENT-2017-AIRFORCE_OTHER-U_PROCUREMENT_JustificationBook_Air_Force_PB_2017.zzz_unzipped-U_PROCUREMENT_JustificationBook_Air_Force_PB_2017.xml","bcc662e800dc8bb76a8285528cc168abcc6312deba5f8a8505391946132986f2","1-059d24977eefdffb2916ce5b67b95121c77ea5e3032c0ee5a17f0c1445c1068c","1-03e371165ee8991fdb7b99b3e27df359112224eeb55ba9b88f9cd223ceea8041","root.record.ItemExhibitList.P5Item.CostElementCategoryList.PackageFielding.Recurring.CostElementList.CostElement.ManufacturerList.Manufacturer.HistoryPlanningList.HistoryPlanning"
"2018-02","1","2017-BASE_PROCUREMENT-2017-AIRFORCE_OTHER-U_PROCUREMENT_JustificationBook_Air_Force_PB_2017.zzz_unzipped-U_PROCUREMENT_JustificationBook_Air_Force_PB_2017.xml","bcc662e800dc8bb76a8285528cc168abcc6312deba5f8a8505391946132986f2","0-8446d51276211e82effda4db91c9324395da681ded75a0f5ff9f9093e2be8a65","2-40a1221d6757f8980b94a7ae4f757f989155924588181004def97aa6f9257054","root.record.ItemExhibitList.P5Item.CostElementCategoryList.PackageFielding.Recurring.CostElementList.CostElement.ManufacturerList.Manufacturer.HistoryPlanningList.HistoryPlanning"
"2018-03","1","2017-BASE_PROCUREMENT-2017-AIRFORCE_OTHER-U_PROCUREMENT_JustificationBook_Air_Force_PB_2017.zzz_unzipped-U_PROCUREMENT_JustificationBook_Air_Force_PB_2017.xml","bcc662e800dc8bb76a8285528cc168abcc6312deba5f8a8505391946132986f2","1-b2476c020fce77148a99fb2d766ac6c14a6af118ea5a45fc7e7f59aa8abc332b","2-40a1221d6757f8980b94a7ae4f757f989155924588181004def97aa6f9257054","root.record.ItemExhibitList.P5Item.CostElementCategoryList.PackageFielding.Recurring.CostElementList.CostElement.ManufacturerList.Manufacturer.HistoryPlanningList.HistoryPlanning"
"2018-04","1","2017-BASE_PROCUREMENT-2017-AIRFORCE_OTHER-U_PROCUREMENT_JustificationBook_Air_Force_PB_2017.zzz_unzipped-U_PROCUREMENT_JustificationBook_Air_Force_PB_2017.xml","bcc662e800dc8bb76a8285528cc168abcc6312deba5f8a8505391946132986f2","2-e1d1ba3652e985ba807f2fa67b980c5560475dc68941efb12eda7ab8c075335f","2-40a1221d6757f8980b94a7ae4f757f989155924588181004def97aa6f9257054","root.record.ItemExhibitList.P5Item.CostElementCategoryList.PackageFielding.Recurring.CostElementList.CostElement.ManufacturerList.Manufacturer.HistoryPlanningList.HistoryPlanning"
"2016-10","1","2017-BASE_PROCUREMENT-2017-AIRFORCE_OTHER-U_PROCUREMENT_MasterJustificationBook_Air_Force_PB_2017.zzz_unzipped-U_PROCUREMENT_MasterJustificationBook_Air_Force_PB_2017.xml","c65c2d0ea2fabef820926a6a818da5c6319f34ef25a69b14de78ceb6be599d12","0-5b49f797b9efd50f9642fa66569378169c165e4a9e0119c013f648199b34fdb1","0-afc6b03234d1bb404904732c714391ef84246fb72832b835a7f44486ae24e435","root.record.ItemExhibitList.P5Item.CostElementCategoryList.PackageFielding.Recurring.CostElementList.CostElement.ManufacturerList.Manufacturer.HistoryPlanningList.HistoryPlanning"
"2017-02","1","2017-BASE_PROCUREMENT-2017-AIRFORCE_OTHER-U_PROCUREMENT_MasterJustificationBook_Air_Force_PB_2017.zzz_unzipped-U_PROCUREMENT_MasterJustificationBook_Air_Force_PB_2017.xml","c65c2d0ea2fabef820926a6a818da5c6319f34ef25a69b14de78ceb6be599d12","0-3375adddac89582d289812a488de128bed9f5eae661640911b96c121c063f327","1-acfd6a89b37c2fa1efa95cf706013511c6b893e0e89b5bbb7eac71e77052b54b","root.record.ItemExhibitList.P5Item.CostElementCategoryList.PackageFielding.Recurring.CostElementList.CostElement.ManufacturerList.Manufacturer.HistoryPlanningList.HistoryPlanning"
"2017-03","1","2017-BASE_PROCUREMENT-2017-AIRFORCE_OTHER-U_PROCUREMENT_MasterJustificationBook_Air_Force_PB_2017.zzz_unzipped-U_PROCUREMENT_MasterJustificationBook_Air_Force_PB_2017.xml","c65c2d0ea2fabef820926a6a818da5c6319f34ef25a69b14de78ceb6be599d12","1-a8fa959fce7006e1d72c0eb63d302b0c8456dc9923139e5a83039b9339955cf1","1-acfd6a89b37c2fa1efa95cf706013511c6b893e0e89b5bbb7eac71e77052b54b","root.record.ItemExhibitList.P5Item.CostElementCategoryList.PackageFielding.Recurring.CostElementList.CostElement.ManufacturerList.Manufacturer.HistoryPlanningList.HistoryPlanning"
"2018-02","1","2017-BASE_PROCUREMENT-2017-AIRFORCE_OTHER-U_PROCUREMENT_MasterJustificationBook_Air_Force_PB_2017.zzz_unzipped-U_PROCUREMENT_MasterJustificationBook_Air_Force_PB_2017.xml","c65c2d0ea2fabef820926a6a818da5c6319f34ef25a69b14de78ceb6be599d12","0-f7427cf37c823a2fe410ca85b64f484f943f33bef1322a3e7846657ba54826d3","2-769180536519186dc0bfb7b419dbe242b7d074cb96754728c852ff8d03ac5f41","root.record.ItemExhibitList.P5Item.CostElementCategoryList.PackageFielding.Recurring.CostElementList.CostElement.ManufacturerList.Manufacturer.HistoryPlanningList.HistoryPlanning"
"2018-03","1","2017-BASE_PROCUREMENT-2017-AIRFORCE_OTHER-U_PROCUREMENT_MasterJustificationBook_Air_Force_PB_2017.zzz_unzipped-U_PROCUREMENT_MasterJustificationBook_Air_Force_PB_2017.xml","c65c2d0ea2fabef820926a6a818da5c6319f34ef25a69b14de78ceb6be599d12","1-b37aecec148e97446a21ac16d4e5a3f1e11c591d2953ded98f99f218dbb47053","2-769180536519186dc0bfb7b419dbe242b7d074cb96754728c852ff8d03ac5f41","root.record.ItemExhibitList.P5Item.CostElementCategoryList.PackageFielding.Recurring.CostElementList.CostElement.ManufacturerList.Manufacturer.HistoryPlanningList.HistoryPlanning"
"2018-04","1","2017-BASE_PROCUREMENT-2017-AIRFORCE_OTHER-U_PROCUREMENT_MasterJustificationBook_Air_Force_PB_2017.zzz_unzipped-U_PROCUREMENT_MasterJustificationBook_Air_Force_PB_2017.xml","c65c2d0ea2fabef820926a6a818da5c6319f34ef25a69b14de78ceb6be599d12","2-d46dbbd504b3b7e4fff7c0db5cc88b42009faa1a9245a96db748447b59cd4871","2-769180536519186dc0bfb7b419dbe242b7d074cb96754728c852ff8d03ac5f41","root.record.ItemExhibitList.P5Item.CostElementCategoryList.PackageFielding.Recurring.CostElementList.CostElement.ManufacturerList.Manufacturer.HistoryPlanningList.HistoryPlanning"
