Name_val,Location_val,InitialQuantity_ProductionLeadTimeAfterOct1InMonths_val,InitialQuantity_TotalLeadTimeAfterOct1InMonths_val,InitialQuantity_AdminLeadTimeBeforeOct1InMonths_val,InitialQuantity_AdminLeadTimeAfterOct1InMonths_val,@SOURCE_FILENAME,@RECORDID,@ROWID,@PARENTROWID,@PARENT
"Lockheed Martin","Fort Worth, TX","36","36","","","2015-BASE_PROCUREMENT-2015-AIRFORCE_AIRCRAFT_VOL1-PROCUREMENT_JustificationBook_Air_Force_PB_2015.zzz_unzipped-PROCUREMENT_JustificationBook_Air_Force_PB_2015.xml","72e89ccc766fe3f87d2e7ce15feb0d55fcd0fa99a93b32c43e51b37db5c84475","0-2f68f27f83d2f69ad83e747fb3219436066ba58c51ca2770c57efe2943efa8c9","0-fdc75825475cb8ae42b7bcfe8d54453f2810be3f3c6008695091e812ed759ccc","root.record.ItemExhibitList.P5Item.P10AdvanceProcurement.APCostElementCategoryList.CFE.APCostElement"
"Lockheed Martin","Marietta GA","0","0","","","2015-BASE_PROCUREMENT-2015-AIRFORCE_AIRCRAFT_VOL1-PROCUREMENT_JustificationBook_Air_Force_PB_2015.zzz_unzipped-PROCUREMENT_JustificationBook_Air_Force_PB_2015.xml","6ba238e5761c0b5cdb4005cd9d3b0ebd730c7a47c72ec72a3cb63b26a07450e3","0-72b51e0b0ade3918e5afd827d093cf0e61f24b4d2848a21f4b1fba671f3c3c12","0-4f682985d1e6397081e8d6732589d2e81e7a175deea11a5887d3da9368638b94","root.record.ItemExhibitList.P5Item.P10AdvanceProcurement.APCostElementCategoryList.CFE.APCostElement"
"Lockheed Martin","Marietta GA","0","0","","","2015-BASE_PROCUREMENT-2015-AIRFORCE_AIRCRAFT_VOL1-PROCUREMENT_JustificationBook_Air_Force_PB_2015.zzz_unzipped-PROCUREMENT_JustificationBook_Air_Force_PB_2015.xml","565aa015362bd445cc082985b6e24c13e2957f8c30a9dfbe4c0bd8a663cbe70f","0-0b95a814354a1433fae91046a7e5791888660cfc671c5c3219949d8e44b30bba","0-f2d9e2930e82194a521126695a31db3c1bffbe7c2d49a85533162f0fc5eb7a79","root.record.ItemExhibitList.P5Item.P10AdvanceProcurement.APCostElementCategoryList.CFE.APCostElement"
"Lockheed Martin","Marietta GA","0","0","","","2015-BASE_PROCUREMENT-2015-AIRFORCE_AIRCRAFT_VOL1-PROCUREMENT_JustificationBook_Air_Force_PB_2015.zzz_unzipped-PROCUREMENT_JustificationBook_Air_Force_PB_2015.xml","17ab19c784929a028c69ad970f12cd0eee00de512acf9833a5336d1e8a33db11","0-c8b99519c05ec850b7259886f0805c0a0ce6a1b770b1f0b4049634a0a2b90043","0-248ebf4dc80ace10ce7187984428ac6207d8221ca240923cbabba17a60d67c17","root.record.ItemExhibitList.P5Item.P10AdvanceProcurement.APCostElementCategoryList.CFE.APCostElement"
"BELL BOEING","RIDLEY PARK, PA FT WORTH, TX AND AMARILLO, TX","0","0","","","2015-BASE_PROCUREMENT-2015-AIRFORCE_AIRCRAFT_VOL1-PROCUREMENT_JustificationBook_Air_Force_PB_2015.zzz_unzipped-PROCUREMENT_JustificationBook_Air_Force_PB_2015.xml","ba7a55b890941cc9f4565d78cfacfc7950f69af2644c25b93e58b8043154ba13","0-d8ee1065bdd3cb12db62b6dd2506517b86843368702049b8cc05dbacd53bc3de","0-98ce8bbf935d0e03634bd4ca5020f2d593508634b887995d27bc38b308523041","root.record.ItemExhibitList.P5Item.P10AdvanceProcurement.APCostElementCategoryList.CFE.APCostElement"
"Lockheed Martin","Marietta GA","0","0","","","2015-BASE_PROCUREMENT-2015-AIRFORCE_AIRCRAFT_VOL1-PROCUREMENT_JustificationBook_Air_Force_PB_2015.zzz_unzipped-PROCUREMENT_JustificationBook_Air_Force_PB_2015.xml","d17d6ee2f2b2d7f3a6fe2a2b61898c3ff891fdea63f7b83d1db336a7c6f0ec04","0-10df2c343a13aefd2e7ad79f21ee74c38d77ccd3457fb6e521add8a2482d4aad","0-2537ce8336b304a559c636e5338d8f1bffe9e86dc5edc5279583cfa65dd83347","root.record.ItemExhibitList.P5Item.P10AdvanceProcurement.APCostElementCategoryList.CFE.APCostElement"
"Lockheeed Martin","Marietta GA","0","0","","","2015-BASE_PROCUREMENT-2015-AIRFORCE_AIRCRAFT_VOL1-PROCUREMENT_JustificationBook_Air_Force_PB_2015.zzz_unzipped-PROCUREMENT_JustificationBook_Air_Force_PB_2015.xml","d17d6ee2f2b2d7f3a6fe2a2b61898c3ff891fdea63f7b83d1db336a7c6f0ec04","1-feb4e99f6d8588db105820cfd67c8afdea0e1a4a07e6d5b4ab4bae2a421a6945","0-2537ce8336b304a559c636e5338d8f1bffe9e86dc5edc5279583cfa65dd83347","root.record.ItemExhibitList.P5Item.P10AdvanceProcurement.APCostElementCategoryList.CFE.APCostElement"
"Lockheed Martin","Fort Worth, TX","36","36","","","2015-BASE_PROCUREMENT-2015-AIRFORCE_AIRCRAFT_VOL2-PROCUREMENT_MasterJustificationBook_Air_Force_PB_2015.zzz_unzipped-PROCUREMENT_MasterJustificationBook_Air_Force_PB_2015.xml","a90a3faa8661f0958a0901808890d67093da1edc0728f26e9236e37ed3b54059","0-0944292edbdc2fdddd5da81d596b6e6355c04a320c9ab788b7a36f04711236a0","0-6e1ee459a73ed59dfd37daabb50b0c3da3856f1c5a213f117b0d604b80e1b837","root.record.ItemExhibitList.P5Item.P10AdvanceProcurement.APCostElementCategoryList.CFE.APCostElement"
"Lockheed Martin","Marietta GA","0","0","","","2015-BASE_PROCUREMENT-2015-AIRFORCE_AIRCRAFT_VOL2-PROCUREMENT_MasterJustificationBook_Air_Force_PB_2015.zzz_unzipped-PROCUREMENT_MasterJustificationBook_Air_Force_PB_2015.xml","8e9b86220f90ce455a14b686aeeb045957500e61279471fc35c4187b1270e5ed","0-16f866df834580e35287a18ee7a81904b84bbfcac27578576aa0d46d28b40fa1","0-19d12839f11fc3c828d97913030bfb3bebf32c6eabb181dd5e6ac9f670a12642","root.record.ItemExhibitList.P5Item.P10AdvanceProcurement.APCostElementCategoryList.CFE.APCostElement"
"Lockheed Martin","Marietta GA","0","0","","","2015-BASE_PROCUREMENT-2015-AIRFORCE_AIRCRAFT_VOL2-PROCUREMENT_MasterJustificationBook_Air_Force_PB_2015.zzz_unzipped-PROCUREMENT_MasterJustificationBook_Air_Force_PB_2015.xml","9d38bc75efdc1bb24fa15dd6fdcc79dd0ddabb23d16bb5fb0fb72b4ecbbd10cc","0-acc2a224d7ac297d5ca7d49ae39009e306a5775bd56fa9c2065fda10e3c3602d","0-fd329866b4a8624da335b0066ed30354b36c1f4a8b624fcf8359fcdf87ba9f72","root.record.ItemExhibitList.P5Item.P10AdvanceProcurement.APCostElementCategoryList.CFE.APCostElement"
"Lockheed Martin","Marietta GA","0","0","","","2015-BASE_PROCUREMENT-2015-AIRFORCE_AIRCRAFT_VOL2-PROCUREMENT_MasterJustificationBook_Air_Force_PB_2015.zzz_unzipped-PROCUREMENT_MasterJustificationBook_Air_Force_PB_2015.xml","a97dfc5ffa5535857cd61c3c158de84a1441decc875ced08ad568ff95d020f85","0-2049978ed626d627b6cf646394d9dfd6b0fd99584d85ef2ac314a66088f26a0c","0-5d4e0199efb737787d4b89ea8c458b5b22125430a9ac16303b9f9b69fed82551","root.record.ItemExhibitList.P5Item.P10AdvanceProcurement.APCostElementCategoryList.CFE.APCostElement"
"BELL BOEING","RIDLEY PARK, PA FT WORTH, TX AND AMARILLO, TX","0","0","","","2015-BASE_PROCUREMENT-2015-AIRFORCE_AIRCRAFT_VOL2-PROCUREMENT_MasterJustificationBook_Air_Force_PB_2015.zzz_unzipped-PROCUREMENT_MasterJustificationBook_Air_Force_PB_2015.xml","b1952ce40545e9f4efa9c33592b95ccb07e147da54dfcd401b9d7ac8ae77b263","0-f6fce7527591b725fada9c2fcac2cbfed9618ec44249506177d3b530c8421af3","0-e1307ab22276dae6dcb4db04315990b054c1f3ed3df398893b9a03dfb14b28fc","root.record.ItemExhibitList.P5Item.P10AdvanceProcurement.APCostElementCategoryList.CFE.APCostElement"
"Lockheed Martin","Marietta GA","0","0","","","2015-BASE_PROCUREMENT-2015-AIRFORCE_AIRCRAFT_VOL2-PROCUREMENT_MasterJustificationBook_Air_Force_PB_2015.zzz_unzipped-PROCUREMENT_MasterJustificationBook_Air_Force_PB_2015.xml","fa565585ea6b9180349b6eeae04250ac133fa69073cf4dd01888b01b70af6ea2","0-e94ab85145c6e7364daa00effbc64b9c050e535dcb453cf09bc23a766993f094","0-afdd211088a3aa2c16fc72dc4aada385462b2b3060f0dff6b02451f89d362b5c","root.record.ItemExhibitList.P5Item.P10AdvanceProcurement.APCostElementCategoryList.CFE.APCostElement"
"Lockheeed Martin","Marietta GA","0","0","","","2015-BASE_PROCUREMENT-2015-AIRFORCE_AIRCRAFT_VOL2-PROCUREMENT_MasterJustificationBook_Air_Force_PB_2015.zzz_unzipped-PROCUREMENT_MasterJustificationBook_Air_Force_PB_2015.xml","fa565585ea6b9180349b6eeae04250ac133fa69073cf4dd01888b01b70af6ea2","1-beb0e259e76078569a54e6e621f0c46de63050de7be7978e4071dad1aff9ba96","0-afdd211088a3aa2c16fc72dc4aada385462b2b3060f0dff6b02451f89d362b5c","root.record.ItemExhibitList.P5Item.P10AdvanceProcurement.APCostElementCategoryList.CFE.APCostElement"
"Lockheed Martin","Marietta GA","0","0","","","2015-AMENDED_PROCUREMENT_AND_RDTE-2015-AIRFORCE_AMMO-PROCUREMENT_JustificationBook_Air_Force_PBAmended_2015.zzz_unzipped-PROCUREMENT_JustificationBook_Air_Force_PBAmended_2015.xml","d27cefc2bb72e82de7748f7a1d1ff2a8ff7ad30cf7027a91e47ee29dad986610","0-4d276294b3ca24a422fc1a5bcdfd16ff29165fb1eddd36f1b52c035c33831882","0-5341b95d9fb5287d2136256ce866cc644ff46fe2517937ac4a7d82c3091b946e","root.record.ItemExhibitList.P5Item.P10AdvanceProcurement.APCostElementCategoryList.CFE.APCostElement"
"Lockheed Martin","Marietta GA","0","0","","","2015-AMENDED_PROCUREMENT_AND_RDTE-2015-AIRFORCE_AMMO-PROCUREMENT_MasterJustificationBook_Air_Force_PBAmended_2015.zzz_unzipped-PROCUREMENT_MasterJustificationBook_Air_Force_PBAmended_2015.xml","04277271467c34157fc353a716c1236673a9ef09c1f838c7ec2af5d1128b21cc","0-3c8ea905b02415fe435daf3a828c43fdb70088c2e65bf6a01b02b4be97864a88","0-4901ebce032a89fee8c658fa824cfa040fe6c65189f3cb39fd6febeece96d313","root.record.ItemExhibitList.P5Item.P10AdvanceProcurement.APCostElementCategoryList.CFE.APCostElement"
"Lockheed Martin","Fort Worth, TX","36","36","","","2016-BASE_PROCUREMENT-2016-AIRFORCE_AIRCRAFT_VOL1-PROCUREMENT_JustificationBook_Air_Force_PB_2016.zzz_unzipped-PROCUREMENT_JustificationBook_Air_Force_PB_2016.xml","f44d2c667314c228d741f2c842043a3825974c3652ac39e3bfd27328ff6d2fa2","0-131809c86d0153e66448f2038dd06520c8b3532e3ac574d8cce32162c8b61853","0-cf1049628a0f4e71dee47ce85e117d9decfe269796c0dee328c91fc92454a242","root.record.ItemExhibitList.P5Item.P10AdvanceProcurement.APCostElementCategoryList.CFE.APCostElement"
"Lockheed Martin","Marietta Ga","12","12","","","2016-BASE_PROCUREMENT-2016-AIRFORCE_AIRCRAFT_VOL1-PROCUREMENT_JustificationBook_Air_Force_PB_2016.zzz_unzipped-PROCUREMENT_JustificationBook_Air_Force_PB_2016.xml","2a3f7563d0ca311b4f7fc69de771b398377fd3242ec19b62e816a6fb3042cf7f","0-caa15db0ba97f1a6419424ae41ff164e07644ae9c946c72f73a952a07dcb2d38","0-728c5b8f77f9b3ef2c4fb25ab929e9f13ea940fa17f3ec48b0985679b8e00e88","root.record.ItemExhibitList.P5Item.P10AdvanceProcurement.APCostElementCategoryList.CFE.APCostElement"
"Lockheed Martin","Marietta GA","12","12","","","2016-BASE_PROCUREMENT-2016-AIRFORCE_AIRCRAFT_VOL1-PROCUREMENT_JustificationBook_Air_Force_PB_2016.zzz_unzipped-PROCUREMENT_JustificationBook_Air_Force_PB_2016.xml","9535a6b720b678b9fbd2222189c9490baa2e3868115637b4c43aca3f4a4572c5","0-96aa966bfb58e3df4f3199471415ea559a6db201cbb54fc8c3f006981841944b","0-4803ed07e6ef88ff58eb83b87025e4e08914a669d4bc7b38b3c26ef98c30ccca","root.record.ItemExhibitList.P5Item.P10AdvanceProcurement.APCostElementCategoryList.CFE.APCostElement"
"Lockheed Martin","Marietta GA","12","12","","","2016-BASE_PROCUREMENT-2016-AIRFORCE_AIRCRAFT_VOL1-PROCUREMENT_JustificationBook_Air_Force_PB_2016.zzz_unzipped-PROCUREMENT_JustificationBook_Air_Force_PB_2016.xml","81dae8c956c8274f566e8fb91367c91324c122720a6e6a82f0ee4c46eb84be60","0-bd9c83351ebbb838c61d7475b59ae9ebc556dafbfdd39286acc091248b8a9afa","0-30126a6b82683103faf448758fe364c31dcf4776486393286bd7fee5779929ee","root.record.ItemExhibitList.P5Item.P10AdvanceProcurement.APCostElementCategoryList.CFE.APCostElement"
"Lockheed Martin","Fort Worth, TX","36","36","","","2016-BASE_PROCUREMENT-2016-AIRFORCE_AIRCRAFT_VOL2-PROCUREMENT_MasterJustificationBook_Air_Force_PB_2016.zzz_unzipped-PROCUREMENT_MasterJustificationBook_Air_Force_PB_2016.xml","0485cf02b8635a606917d60c2337e492c40ded75ff14634776a8126fa7df23d7","0-ada7b44fa4853ba957fd28bb25a27e8e59bc3497a471eeacbb8094ad011fb6d0","0-f78d148a18d08f3f239e34bdbbb85f774120967c6d68c299f0b7c0a1d369c02b","root.record.ItemExhibitList.P5Item.P10AdvanceProcurement.APCostElementCategoryList.CFE.APCostElement"
"Lockheed Martin","Marietta Ga","12","12","","","2016-BASE_PROCUREMENT-2016-AIRFORCE_AIRCRAFT_VOL2-PROCUREMENT_MasterJustificationBook_Air_Force_PB_2016.zzz_unzipped-PROCUREMENT_MasterJustificationBook_Air_Force_PB_2016.xml","06413109f09458e1d20d0d8c668a4bfde7b94137945d7743cd97c2331c8391ee","0-5c7ce6d5abc5dd77cf40022f42f569f143db1e304fcb54b2ddf6320cb1f1dfb2","0-228f76a483ee2e24d09de64d53446e09f6a076459585e793f2d8f6192a9b8ff9","root.record.ItemExhibitList.P5Item.P10AdvanceProcurement.APCostElementCategoryList.CFE.APCostElement"
"Lockheed Martin","Marietta GA","12","12","","","2016-BASE_PROCUREMENT-2016-AIRFORCE_AIRCRAFT_VOL2-PROCUREMENT_MasterJustificationBook_Air_Force_PB_2016.zzz_unzipped-PROCUREMENT_MasterJustificationBook_Air_Force_PB_2016.xml","065dabc8f50bb8c11fd03386b9b77f91b86bd31b64e57f28cf3442d5cb994770","0-395503fe65a0a231ecbbe53684724dd17d846470e52302042231930e6bd60e07","0-ff8cedf274a04ff5e48dc25227a317e7e739714a5d23a0e6bb0a2674884458a2","root.record.ItemExhibitList.P5Item.P10AdvanceProcurement.APCostElementCategoryList.CFE.APCostElement"
"Lockheed Martin","Marietta GA","12","12","","","2016-BASE_PROCUREMENT-2016-AIRFORCE_AIRCRAFT_VOL2-PROCUREMENT_MasterJustificationBook_Air_Force_PB_2016.zzz_unzipped-PROCUREMENT_MasterJustificationBook_Air_Force_PB_2016.xml","6c8b943a6de5398b0f3fdd5e076ae0cc947b82b18fb0c8528c7c34e5c1ca33d3","0-f5aef67d715d4a2c4db40dc8db50369d711319d17b34fd6344373a3b6e26e182","0-247464bc6af629a3877580d55cff67d78556a57a6ae14e52474c4a85ca8a6e03","root.record.ItemExhibitList.P5Item.P10AdvanceProcurement.APCostElementCategoryList.CFE.APCostElement"
"Raytheon","Tucson, AZ","29","29","0","0","2016-BASE_PROCUREMENT-2016-MDA-PROCUREMENT_JustificationBook_Missile_Defense_Agency_PB_2016.zzz_unzipped-PROCUREMENT_JustificationBook_Missile_Defense_Agency_PB_2016.xml","8fe681ed2a7b4397677aa6bf70676f250b32ded3546a6adb5424a1cf3206bbc3","0-9aff416f76282f70a3f94ac7ce99c52f4e287732b3e0bc69a148d599ff557a53","0-fe1bedf5d45a5e5d3c4d3a56fdb2a02f8d5272a54f77c9af6b30a172d6152e2f","root.record.ItemExhibitList.P5Item.P10AdvanceProcurement.APCostElementCategoryList.CFE.APCostElement"
"Raytheon","Tucson, AZ","29","29","0","0","2016-BASE_PROCUREMENT-2016-MDA-PROCUREMENT_MasterJustificationBook_Missile_Defense_Agency_PB_2016.zzz_unzipped-PROCUREMENT_MasterJustificationBook_Missile_Defense_Agency_PB_2016.xml","b4f2202771c2bfc95fdafd93a11aada31a8b14c6b9c5880fd0d937560581322f","0-2f4868e599d9362aa0830f9ebe3e2349c564f6b2ddf8bd30ef9377cea3e19857","0-2a9be35c3d2ebfac0873479a5d743c8e284fcbdeca6e99e695b63deb2638c30d","root.record.ItemExhibitList.P5Item.P10AdvanceProcurement.APCostElementCategoryList.CFE.APCostElement"
"Bell Helicopter Textron, Inc","Hurst, TX","24","26","12","2","2016-BASE_PROCUREMENT-2016-NAVY_AIRCRAFT_BA1-4-PROCUREMENT_JustificationBook_Navy_PB_2016.zzz_unzipped-PROCUREMENT_JustificationBook_Navy_PB_2016.xml","eff48ca8dae347ca306f114bb715daec4def72353d74752d8add160f4080c2fe","0-5a8193742ee4a9c7994edeba6f160d0cffa10d945bb031240f8c987c8de64b7c","0-89f1378ab897136426bd0d16b229f8759dfcb73cd2ccda7b3991e07533316bf9","root.record.ItemExhibitList.P5Item.P10AdvanceProcurement.APCostElementCategoryList.CFE.APCostElement"
"Bell Helicopter Textron, Inc","Hurst, TX","24","26","12","2","2016-BASE_PROCUREMENT-2016-NAVY_AIRCRAFT_BA1-4-PROCUREMENT_JustificationBook_Navy_PB_2016.zzz_unzipped-PROCUREMENT_JustificationBook_Navy_PB_2016.xml","eff48ca8dae347ca306f114bb715daec4def72353d74752d8add160f4080c2fe","0-8fa990b756e1f3cfcd674ed9f7a5ff44a009c99e4954c5db42f792eb3e7ef3dd","1-91385fbe53a1888d2e113e4ef4392bcbbee338659a97d9c3e2896b66799fcb33","root.record.ItemExhibitList.P5Item.P10AdvanceProcurement.APCostElementCategoryList.CFE.APCostElement"
"Bell Helicopter Textron, Inc","Hurst, TX","24","26","12","2","2016-BASE_PROCUREMENT-2016-NAVY_AIRCRAFT_BA1-4-PROCUREMENT_JustificationBook_Navy_PB_2016.zzz_unzipped-PROCUREMENT_JustificationBook_Navy_PB_2016.xml","eff48ca8dae347ca306f114bb715daec4def72353d74752d8add160f4080c2fe","0-86ff93aa4243d58c4c792b4c6e6e8b56d3994350026b0b60b94c34b9eabc23b7","2-d7975f594bce877af23c1ba311a146bf18717bea79931cf77694e0f2cf5b8198","root.record.ItemExhibitList.P5Item.P10AdvanceProcurement.APCostElementCategoryList.CFE.APCostElement"
"Bell Helicopter Textron, Inc","Hurst, TX","24","26","12","2","2016-BASE_PROCUREMENT-2016-NAVY_AIRCRAFT_BA1-4-PROCUREMENT_JustificationBook_Navy_PB_2016.zzz_unzipped-PROCUREMENT_JustificationBook_Navy_PB_2016.xml","eff48ca8dae347ca306f114bb715daec4def72353d74752d8add160f4080c2fe","0-756b5f779f59db8aa8ebaa6fae68c88dd6e3feb393a6603ef89fdc1fdcd28d18","0-9d12a7b5492798a66981d319fe9748e8364ffc1adebf545e1c72dfe02b64b68a","root.record.ItemExhibitList.P5Item.P10AdvanceProcurement.APCostElementCategoryList.CFE.APCostElement"
"Bell Helicopter Textron, Inc","Hurst, TX","24","26","12","2","2016-BASE_PROCUREMENT-2016-NAVY_AIRCRAFT_BA7-PROCUREMENT_MasterJustificationBook_Navy_PB_2016.zzz_unzipped-PROCUREMENT_MasterJustificationBook_Navy_PB_2016.xml","7bea2f559dc52dc7b29a49a1646bc05d4ef7fbf1ec3cb0fe1ea61c2c6d87b261","0-eaad2b0ea3d14a5b76f8e43c91a3beb1af1d7153dbbbc4c603aa8c75a38edd3b","0-c7c1f9f38536bf69ac969b4f7938418bbb95134d4626a516cf4c555b4771541c","root.record.ItemExhibitList.P5Item.P10AdvanceProcurement.APCostElementCategoryList.CFE.APCostElement"
"Bell Helicopter Textron, Inc","Hurst, TX","24","26","12","2","2016-BASE_PROCUREMENT-2016-NAVY_AIRCRAFT_BA7-PROCUREMENT_MasterJustificationBook_Navy_PB_2016.zzz_unzipped-PROCUREMENT_MasterJustificationBook_Navy_PB_2016.xml","7bea2f559dc52dc7b29a49a1646bc05d4ef7fbf1ec3cb0fe1ea61c2c6d87b261","0-6401c7a786cb0d8292268e4539d2794efd793d5e9eab3afa2f8e1fcda2856ba3","1-6059d410eb1da2efa97cb3aa625ae7e072d60466db6e3bbed55c755ca9ddb71f","root.record.ItemExhibitList.P5Item.P10AdvanceProcurement.APCostElementCategoryList.CFE.APCostElement"
"Bell Helicopter Textron, Inc","Hurst, TX","24","26","12","2","2016-BASE_PROCUREMENT-2016-NAVY_AIRCRAFT_BA7-PROCUREMENT_MasterJustificationBook_Navy_PB_2016.zzz_unzipped-PROCUREMENT_MasterJustificationBook_Navy_PB_2016.xml","7bea2f559dc52dc7b29a49a1646bc05d4ef7fbf1ec3cb0fe1ea61c2c6d87b261","0-99cccceda5a5100a68410a2f43469a8dfe80424d4e29a79fd5539c581755eb46","2-7d5d40163f5bd78e148802d367dac905823e2f40e6492c4c75ff2af6dd2218a7","root.record.ItemExhibitList.P5Item.P10AdvanceProcurement.APCostElementCategoryList.CFE.APCostElement"
"Bell Helicopter Textron, Inc","Hurst, TX","24","26","12","2","2016-BASE_PROCUREMENT-2016-NAVY_AIRCRAFT_BA7-PROCUREMENT_MasterJustificationBook_Navy_PB_2016.zzz_unzipped-PROCUREMENT_MasterJustificationBook_Navy_PB_2016.xml","7bea2f559dc52dc7b29a49a1646bc05d4ef7fbf1ec3cb0fe1ea61c2c6d87b261","0-ecb1b8824babe1eb28a0e9bb6e11890dbe461bfba6c60ccd1f5e59fe7a1e5aa9","0-9d5baef7c16f6420bab1b5b5c13fbd8c06e181a9de8e6b5da64d9baad456a766","root.record.ItemExhibitList.P5Item.P10AdvanceProcurement.APCostElementCategoryList.CFE.APCostElement"
"Lockheed Martin","Fort Worth, TX","18","18","","","2017-BASE_PROCUREMENT-2017-AIRFORCE_AIRCRAFT_VOL1-U_PROCUREMENT_JustificationBook_Air_Force_PB_2017.zzz_unzipped-U_PROCUREMENT_JustificationBook_Air_Force_PB_2017.xml","ee296b91c541d56100cb2ac046f671d1a95422b7bfedefe8ed6f428e04be3c20","0-006cedad8b30e1fd57f910c071abbd0e87bf8f713078fb710a49114aad709d13","0-68c78949122c86cb3ccce25ba9945e3c76b06185d30e5d7f5a46c204ed259613","root.record.ItemExhibitList.P5Item.P10AdvanceProcurement.APCostElementCategoryList.CFE.APCostElement"
"Lockheed Martin","Marietta GA","0","0","","","2017-BASE_PROCUREMENT-2017-AIRFORCE_AIRCRAFT_VOL1-U_PROCUREMENT_JustificationBook_Air_Force_PB_2017.zzz_unzipped-U_PROCUREMENT_JustificationBook_Air_Force_PB_2017.xml","317e5965462e9d7678fc4f02896e5cee9bbda817cad2e5ad9c2290b851dba197","0-b6b4e5051938905e0798528a2ec3dfe2d303d57e0c3beb190b86b799c429b5f5","0-ad9be18c765e3eac4ca787f6e1f715185cd50b5c3bbe78b009c1bc4228419c03","root.record.ItemExhibitList.P5Item.P10AdvanceProcurement.APCostElementCategoryList.CFE.APCostElement"
"Lockheed Martin","Marietta GA","12","12","","","2017-BASE_PROCUREMENT-2017-AIRFORCE_AIRCRAFT_VOL1-U_PROCUREMENT_JustificationBook_Air_Force_PB_2017.zzz_unzipped-U_PROCUREMENT_JustificationBook_Air_Force_PB_2017.xml","04b39301635aa03a7b974c8a1151aafada20c596b5345242252608dac900590d","0-1e9dfdb6cc021cc6ecbe4ef151da29c347c99125c4e1a166b0a3010e0c5b4389","0-bf08371ceeb7b4b4bd2e3bbbb69729984b0a3fd29aa18f619b8994ecc2d6a30c","root.record.ItemExhibitList.P5Item.P10AdvanceProcurement.APCostElementCategoryList.CFE.APCostElement"
"Lockheed Martin","Marietta GA","12","12","","","2017-BASE_PROCUREMENT-2017-AIRFORCE_AIRCRAFT_VOL1-U_PROCUREMENT_JustificationBook_Air_Force_PB_2017.zzz_unzipped-U_PROCUREMENT_JustificationBook_Air_Force_PB_2017.xml","dfceced65c92fa65682ab45ae434a30edc54231102355ccb2d0cccb8c70865c0","0-dcea2595b766ef2d442e0ab36081be1fd30981b5916dfbb3cfec3dafa6c2b0fe","0-a26c38103f70c059dddad7bb84e229955089601375db97e1bde1b7299bd7c616","root.record.ItemExhibitList.P5Item.P10AdvanceProcurement.APCostElementCategoryList.CFE.APCostElement"
"Lockheed Martin","Fort Worth, TX","18","18","","","2017-BASE_PROCUREMENT-2017-AIRFORCE_AIRCRAFT_VOL1-U_PROCUREMENT_MasterJustificationBook_Air_Force_PB_2017.zzz_unzipped-U_PROCUREMENT_MasterJustificationBook_Air_Force_PB_2017.xml","54ceb5c06156f9c55e6b849926ac030a11c42ee97375688e8ebb955b86c8ae13","0-5f6aa2e5bdc8e0f1d786afed9bbaaf8439dbae88519d956386fb2ccff6f8b94e","0-92d17c8794b7f92841ba90cb0bf4bb3133c1b18ecc73c21c5583cb181ad1fc44","root.record.ItemExhibitList.P5Item.P10AdvanceProcurement.APCostElementCategoryList.CFE.APCostElement"
"Lockheed Martin","Marietta GA","0","0","","","2017-BASE_PROCUREMENT-2017-AIRFORCE_AIRCRAFT_VOL1-U_PROCUREMENT_MasterJustificationBook_Air_Force_PB_2017.zzz_unzipped-U_PROCUREMENT_MasterJustificationBook_Air_Force_PB_2017.xml","1e24abaeefbb873f569d9b38ff04ead3b13c188ded0a995438fc26ef309c4d70","0-7dca9b9398a73d170c90ea31da8790073ca89f0dbd1c6c1bed7838d31e9b7db1","0-b5bf10676608848d0fa83a6417a392ea4932ac7f8aebe739fba902b0a03eef66","root.record.ItemExhibitList.P5Item.P10AdvanceProcurement.APCostElementCategoryList.CFE.APCostElement"
"Lockheed Martin","Marietta GA","12","12","","","2017-BASE_PROCUREMENT-2017-AIRFORCE_AIRCRAFT_VOL1-U_PROCUREMENT_MasterJustificationBook_Air_Force_PB_2017.zzz_unzipped-U_PROCUREMENT_MasterJustificationBook_Air_Force_PB_2017.xml","aaa3897ab1e9054e10ccba0b0bb9ce360d96a0672f9728a2ddce5dfd5536a8e9","0-f9c9a48f8b98c0203a483979031ce0cfa66ec00671a3541dfd48c5f7b19fb87d","0-c43db45f8e0ba6020350b10db1d7a60c50e2851190d49afde294ed2d8358f9e7","root.record.ItemExhibitList.P5Item.P10AdvanceProcurement.APCostElementCategoryList.CFE.APCostElement"
"Lockheed Martin","Marietta GA","12","12","","","2017-BASE_PROCUREMENT-2017-AIRFORCE_AIRCRAFT_VOL1-U_PROCUREMENT_MasterJustificationBook_Air_Force_PB_2017.zzz_unzipped-U_PROCUREMENT_MasterJustificationBook_Air_Force_PB_2017.xml","f8d8f61e907a74fdbcc61c2f963800089af997881e4e9977e7629b29e606e7f9","0-18089f395734ea6c2b5b0a6d43a97115adfb0be656c79b2c9a53dd46ee3972a3","0-51ccf443a4b356984d7f6a0654e64e8bbe559d40a15d84025f008231716bea50","root.record.ItemExhibitList.P5Item.P10AdvanceProcurement.APCostElementCategoryList.CFE.APCostElement"
"Lockheed Martin","Fort Worth, TX","18","18","","","2017-BASE_PROCUREMENT-2017-AIRFORCE_AIRCRAFT_VOL2-U_PROCUREMENT_MasterJustificationBook_Air_Force_PB_2017.zzz_unzipped-U_PROCUREMENT_MasterJustificationBook_Air_Force_PB_2017.xml","078d421d81190ecf8a486faab49d2e8ea4d456b0d51f6459cc6c7199455602cd","0-93bd11ba39e0776047639ee0e3a9c09507dc0679ad349bf2d0aa9e465fa9ebdd","0-37322c90ea24beab52ffe91b68453b5a053dbf1ad6df2993221d67a917b0969c","root.record.ItemExhibitList.P5Item.P10AdvanceProcurement.APCostElementCategoryList.CFE.APCostElement"
"Lockheed Martin","Marietta GA","0","0","","","2017-BASE_PROCUREMENT-2017-AIRFORCE_AIRCRAFT_VOL2-U_PROCUREMENT_MasterJustificationBook_Air_Force_PB_2017.zzz_unzipped-U_PROCUREMENT_MasterJustificationBook_Air_Force_PB_2017.xml","e69e07728276534fdfa55b2844b939d33d50eb19a45e7ddc2b78cbe832e14bba","0-cc024aea21f0f9f05e919be4b60f726c613b39bfaf922d52c041f78b4abb49eb","0-32339242cf8de7fc100facc78fa7b7f7d831516978748a525dcad17315782dcd","root.record.ItemExhibitList.P5Item.P10AdvanceProcurement.APCostElementCategoryList.CFE.APCostElement"
"Lockheed Martin","Marietta GA","12","12","","","2017-BASE_PROCUREMENT-2017-AIRFORCE_AIRCRAFT_VOL2-U_PROCUREMENT_MasterJustificationBook_Air_Force_PB_2017.zzz_unzipped-U_PROCUREMENT_MasterJustificationBook_Air_Force_PB_2017.xml","04c0c41116e5f6904b16bf76340a6959e7f09069c196fcfad2d2be879207724f","0-6435e3ebdc3b1f48b20151d76063319c2bd23e16158cbd2c4efec445b2694305","0-fce27174f18453baa6f0e99ef60c88d671826b465deba051a38fdbedd1559c75","root.record.ItemExhibitList.P5Item.P10AdvanceProcurement.APCostElementCategoryList.CFE.APCostElement"
"Lockheed Martin","Marietta GA","12","12","","","2017-BASE_PROCUREMENT-2017-AIRFORCE_AIRCRAFT_VOL2-U_PROCUREMENT_MasterJustificationBook_Air_Force_PB_2017.zzz_unzipped-U_PROCUREMENT_MasterJustificationBook_Air_Force_PB_2017.xml","0dd91f4446d3575886727ff6a8249093ad91205b21e77ef7cfe082bffa942faf","0-31ac2299e0fc32946d88f1309dfd4d305dba342f050cedea1896f9f863463976","0-1529d236c35894384b3902a5b3ffd7353c5a86cd271599b47d980d373e0e7fd5","root.record.ItemExhibitList.P5Item.P10AdvanceProcurement.APCostElementCategoryList.CFE.APCostElement"
"Bell Helicopter Textron, Inc","Hurst, TX","24","26","12","2","2017-BASE_PROCUREMENT-2017-NAVY_AIRCRAFT_BA1-4-U_PROCUREMENT_JustificationBook_Navy_PB_2017.zzz_unzipped-U_PROCUREMENT_JustificationBook_Navy_PB_2017.xml","1936e4723702c1ff211c3d30084fcc5c0d895218ba10b3bbe06db44ee16a628f","0-70fb3ac0ab613b4364219e6fb8d036c3eb8a0a5853724479bab8a14d5cc5c3a6","0-fb1801228721087eb8529dcbe86016b6647b3d120a508e786e9f4993ecaf059d","root.record.ItemExhibitList.P5Item.P10AdvanceProcurement.APCostElementCategoryList.CFE.APCostElement"
"Bell Helicopter Textron, Inc","Hurst, TX","24","26","12","2","2017-BASE_PROCUREMENT-2017-NAVY_AIRCRAFT_BA1-4-U_PROCUREMENT_JustificationBook_Navy_PB_2017.zzz_unzipped-U_PROCUREMENT_JustificationBook_Navy_PB_2017.xml","1936e4723702c1ff211c3d30084fcc5c0d895218ba10b3bbe06db44ee16a628f","0-623f5b2e687a42b477ad9c9dc453561919f9c76859461f1825bc149e2a61f53b","1-aa3a857b35bbb862a15db2030a5f18f5f3aa4578de1718b368f74043aa353884","root.record.ItemExhibitList.P5Item.P10AdvanceProcurement.APCostElementCategoryList.CFE.APCostElement"
"Bell Helicopter Textron, Inc","Hurst, TX","24","26","12","2","2017-BASE_PROCUREMENT-2017-NAVY_AIRCRAFT_BA1-4-U_PROCUREMENT_JustificationBook_Navy_PB_2017.zzz_unzipped-U_PROCUREMENT_JustificationBook_Navy_PB_2017.xml","1936e4723702c1ff211c3d30084fcc5c0d895218ba10b3bbe06db44ee16a628f","0-87361d43b091fd2e3ac2653a04915a3448511659b992712ea10b76d7a056742b","2-c5fcd959c8e1647c5091b0325b1275b5daea3400f24ece68de2c4f42e64decc9","root.record.ItemExhibitList.P5Item.P10AdvanceProcurement.APCostElementCategoryList.CFE.APCostElement"
"Bell Helicopter Textron, Inc","Hurst, TX","24","26","12","2","2017-BASE_PROCUREMENT-2017-NAVY_AIRCRAFT_BA1-4-U_PROCUREMENT_JustificationBook_Navy_PB_2017.zzz_unzipped-U_PROCUREMENT_JustificationBook_Navy_PB_2017.xml","1936e4723702c1ff211c3d30084fcc5c0d895218ba10b3bbe06db44ee16a628f","0-a6693321839b57832f90deb6e176807c8d009647fba58f65167992a3f07e3710","0-c03e1e5e20433ed9d353b14f0ae2fb1f68b237d3b691d97c2fed08d77608a639","root.record.ItemExhibitList.P5Item.P10AdvanceProcurement.APCostElementCategoryList.CFE.APCostElement"
"Bell Helicopter Textron, Inc","Hurst, TX","24","26","12","2","2017-BASE_PROCUREMENT-2017-NAVY_AIRCRAFT_BA7-U_PROCUREMENT_MasterJustificationBook_Navy_PB_2017.zzz_unzipped-U_PROCUREMENT_MasterJustificationBook_Navy_PB_2017.xml","b74251d985a4af1a6c0d55df2a4cb30f1e1a3fc2f34ea51f8ef53d0edb073e87","0-ae176f2282b88cf91b87eb1769f1588dbd8603b0402bd1d9e99ed04359bc245a","0-04cfb2a61f52a2f27d5a9a940a11f09f86c8f23e31bc7c93d01ffb060cdf33a0","root.record.ItemExhibitList.P5Item.P10AdvanceProcurement.APCostElementCategoryList.CFE.APCostElement"
"Bell Helicopter Textron, Inc","Hurst, TX","24","26","12","2","2017-BASE_PROCUREMENT-2017-NAVY_AIRCRAFT_BA7-U_PROCUREMENT_MasterJustificationBook_Navy_PB_2017.zzz_unzipped-U_PROCUREMENT_MasterJustificationBook_Navy_PB_2017.xml","b74251d985a4af1a6c0d55df2a4cb30f1e1a3fc2f34ea51f8ef53d0edb073e87","0-c0b9d4e5f33f24df413121931d3bf4a0ce4dee6e7059fdacd2e5cbb1118e844f","1-dd58f1c4b3e12354ab0770fde90e57dcdf000e5f8611e69c4a744ba50f5f72fd","root.record.ItemExhibitList.P5Item.P10AdvanceProcurement.APCostElementCategoryList.CFE.APCostElement"
"Bell Helicopter Textron, Inc","Hurst, TX","24","26","12","2","2017-BASE_PROCUREMENT-2017-NAVY_AIRCRAFT_BA7-U_PROCUREMENT_MasterJustificationBook_Navy_PB_2017.zzz_unzipped-U_PROCUREMENT_MasterJustificationBook_Navy_PB_2017.xml","b74251d985a4af1a6c0d55df2a4cb30f1e1a3fc2f34ea51f8ef53d0edb073e87","0-15b98ae9867744dc48ae557f1e79367e2d9da3c3843bd2305a7d34fed9b642d4","2-e33eabf72051db3ebe4aca9d60b8813eea584a469f9f2fc167f27a2be2b8b93f","root.record.ItemExhibitList.P5Item.P10AdvanceProcurement.APCostElementCategoryList.CFE.APCostElement"
"Bell Helicopter Textron, Inc","Hurst, TX","24","26","12","2","2017-BASE_PROCUREMENT-2017-NAVY_AIRCRAFT_BA7-U_PROCUREMENT_MasterJustificationBook_Navy_PB_2017.zzz_unzipped-U_PROCUREMENT_MasterJustificationBook_Navy_PB_2017.xml","b74251d985a4af1a6c0d55df2a4cb30f1e1a3fc2f34ea51f8ef53d0edb073e87","0-0bd6a712dca0caf152753a0904be59ff904e70cf400ff643948d12db0fc1b935","0-2711c8b947e4d2da7ad60f1afefbd8017a8d4a1ede923c87066d2001b87ffa65","root.record.ItemExhibitList.P5Item.P10AdvanceProcurement.APCostElementCategoryList.CFE.APCostElement"
"Lockheed Martin","Fort Worth, TX","18","18","","","2018-BASE_PROCUREMENT-2018-AIRFORCE_AIRCRAFT_VOL1-U_PROCUREMENT_JustificationBook_Air_Force_PB_2018.zzz_unzipped-U_PROCUREMENT_JustificationBook_Air_Force_PB_2018.xml","a30f2c236c5384ee16ac505377b81d18639f300a5bc38116f7a4b25eef710752","0-1d20e90da8cfa6942ab292f23aa6f2fc2cf775208b71342f7f6cf74b79a97e6d","0-cfb985d17a0be351b6e5797f28a0e2df4ec04e76c5c0505b6af37bf299cb55ed","root.record.ItemExhibitList.P5Item.P10AdvanceProcurement.APCostElementCategoryList.CFE.APCostElement"
"Lockheed Martin","Fort Worth, TX","18","18","","","2018-BASE_PROCUREMENT-2018-AIRFORCE_AIRCRAFT_VOL1-U_PROCUREMENT_JustificationBook_Air_Force_PB_2018.zzz_unzipped-U_PROCUREMENT_JustificationBook_Air_Force_PB_2018.xml","a30f2c236c5384ee16ac505377b81d18639f300a5bc38116f7a4b25eef710752","0-f7c95a3867041c9da08c263d61a63b1d52de61048b4eaac74fc0a21021bc86c0","1-62429f0d3e23e64af975473493d9010df6da8b5eeacbae4e3b1f16961c5e9a2c","root.record.ItemExhibitList.P5Item.P10AdvanceProcurement.APCostElementCategoryList.CFE.APCostElement"
"Lockheed Martin","Fort Worth, TX","30","30","","","2018-BASE_PROCUREMENT-2018-AIRFORCE_AIRCRAFT_VOL1-U_PROCUREMENT_JustificationBook_Air_Force_PB_2018.zzz_unzipped-U_PROCUREMENT_JustificationBook_Air_Force_PB_2018.xml","a30f2c236c5384ee16ac505377b81d18639f300a5bc38116f7a4b25eef710752","0-ae6290aab665b304f81155328928c38b005f19b7112a544f3b5b6824fe2a31b7","2-540302252023ab09a0f67d701e00744651579652b12bc665622c2d85c985018f","root.record.ItemExhibitList.P5Item.P10AdvanceProcurement.APCostElementCategoryList.CFE.APCostElement"
"Lockheed Martin","Fort Worth, TX","0","0","","","2018-BASE_PROCUREMENT-2018-AIRFORCE_AIRCRAFT_VOL1-U_PROCUREMENT_JustificationBook_Air_Force_PB_2018.zzz_unzipped-U_PROCUREMENT_JustificationBook_Air_Force_PB_2018.xml","a30f2c236c5384ee16ac505377b81d18639f300a5bc38116f7a4b25eef710752","0-e4d6ddb01255c65f972f3cc359b384e7bafb07a883fb10aaaaeb12e492dbc654","3-c42f18ae2aa7acf9afad50cf2f7787e1941ca4df9bd69dee1a7647113e52c4e9","root.record.ItemExhibitList.P5Item.P10AdvanceProcurement.APCostElementCategoryList.CFE.APCostElement"
"Lockheed Martin","Fort Worth, TX","0","0","","","2018-BASE_PROCUREMENT-2018-AIRFORCE_AIRCRAFT_VOL1-U_PROCUREMENT_JustificationBook_Air_Force_PB_2018.zzz_unzipped-U_PROCUREMENT_JustificationBook_Air_Force_PB_2018.xml","a30f2c236c5384ee16ac505377b81d18639f300a5bc38116f7a4b25eef710752","0-e17cd9648ba3ed8763a3f28ce10bfba63324454f520aba9408f17c391c28dc7b","4-d76247e84395cb633e531e2336d4cfcdd6518a857a3a83e5448899aa5fe25d08","root.record.ItemExhibitList.P5Item.P10AdvanceProcurement.APCostElementCategoryList.CFE.APCostElement"
"Lockheed Martin","Fort Worth, TX","0","0","","","2018-BASE_PROCUREMENT-2018-AIRFORCE_AIRCRAFT_VOL1-U_PROCUREMENT_JustificationBook_Air_Force_PB_2018.zzz_unzipped-U_PROCUREMENT_JustificationBook_Air_Force_PB_2018.xml","a30f2c236c5384ee16ac505377b81d18639f300a5bc38116f7a4b25eef710752","0-49af3c0ac0104bcbabb565bdfdc1e9dc078f3ebaed97ab87fced42c0202a0d32","5-c36577007fa830b14e2460f3b933a3a5bb2a5143d0a21c28d879c7819bd5e392","root.record.ItemExhibitList.P5Item.P10AdvanceProcurement.APCostElementCategoryList.CFE.APCostElement"
"Lockheed Martin","Fort Worth, TX","0","0","","","2018-BASE_PROCUREMENT-2018-AIRFORCE_AIRCRAFT_VOL1-U_PROCUREMENT_JustificationBook_Air_Force_PB_2018.zzz_unzipped-U_PROCUREMENT_JustificationBook_Air_Force_PB_2018.xml","a30f2c236c5384ee16ac505377b81d18639f300a5bc38116f7a4b25eef710752","0-55c1b90edf825db69ac3447709ea2c58da5d3fd4dc46010f5173d6dacd8d3ee8","6-6c3b26f2a1fdfd22c98fc5f154dd9e3f6ccd76c13abe2773be94431dbf9cf20c","root.record.ItemExhibitList.P5Item.P10AdvanceProcurement.APCostElementCategoryList.CFE.APCostElement"
"N//A","N/A","12","12","","","2018-BASE_PROCUREMENT-2018-AIRFORCE_AIRCRAFT_VOL1-U_PROCUREMENT_JustificationBook_Air_Force_PB_2018.zzz_unzipped-U_PROCUREMENT_JustificationBook_Air_Force_PB_2018.xml","3013d2c99ef7883e19c7b93224fdff50f8c7263434425601604d25632bc020a5","0-dd93969cabdc752c3d36bf8fd98f15bd32aeabac147aadd67a06b26cc3455d73","0-710bc1a3da6986cddfce2c138930abf5d3a2b45692046d2ddeb32ea75b26e370","root.record.ItemExhibitList.P5Item.P10AdvanceProcurement.APCostElementCategoryList.CFE.APCostElement"
"Lockheed Martin","Marietta GA","12","12","","","2018-BASE_PROCUREMENT-2018-AIRFORCE_AIRCRAFT_VOL1-U_PROCUREMENT_JustificationBook_Air_Force_PB_2018.zzz_unzipped-U_PROCUREMENT_JustificationBook_Air_Force_PB_2018.xml","1064caa6aad62d617f267eeab8b71ff24316efc723669cb41e40e5531ed97467","0-233e5cf6dfdb3196a75351ed480f08e9666ba9c3891087939a49f0ba85a37249","0-00520a354b717150ab5fb812cb490d3c512c0a24c0c3064194a0b4a83d3bf044","root.record.ItemExhibitList.P5Item.P10AdvanceProcurement.APCostElementCategoryList.CFE.APCostElement"
"Lockheed Martin","Marietta GA","12","12","","","2018-BASE_PROCUREMENT-2018-AIRFORCE_AIRCRAFT_VOL1-U_PROCUREMENT_JustificationBook_Air_Force_PB_2018.zzz_unzipped-U_PROCUREMENT_JustificationBook_Air_Force_PB_2018.xml","5282f14dc345aeb069c9862d0a8e6f568c12f7a22a00e4757ffea9e6ec73b23d","0-68ccf14db369a138484a1d5b5005034ddda11c4dbe930c097aa47b2bb6a44193","0-60d259cb2f2ad41973da38e90c2f4d73963237ae02cc24730217577deba791cb","root.record.ItemExhibitList.P5Item.P10AdvanceProcurement.APCostElementCategoryList.CFE.APCostElement"
"Lockheed Martin","Fort Worth, TX","18","18","","","2018-BASE_PROCUREMENT-2018-AIRFORCE_AIRCRAFT_VOL2-U_PROCUREMENT_MasterJustificationBook_Air_Force_PB_2018.zzz_unzipped-U_PROCUREMENT_MasterJustificationBook_Air_Force_PB_2018.xml","ec7c8fc0c391f9422d637e8cf6c3d4a59f3faa8a33fbbc2a34a2ae7115414e56","0-b27fcb423c08022bd9025f0cd0a0636697f39853ce33d9e6e4671506ef0b27b3","0-b015b321a87340fe9311c00c66b3456cfe8e70a1588eba6b6451ceb8e56e939f","root.record.ItemExhibitList.P5Item.P10AdvanceProcurement.APCostElementCategoryList.CFE.APCostElement"
"Lockheed Martin","Fort Worth, TX","18","18","","","2018-BASE_PROCUREMENT-2018-AIRFORCE_AIRCRAFT_VOL2-U_PROCUREMENT_MasterJustificationBook_Air_Force_PB_2018.zzz_unzipped-U_PROCUREMENT_MasterJustificationBook_Air_Force_PB_2018.xml","ec7c8fc0c391f9422d637e8cf6c3d4a59f3faa8a33fbbc2a34a2ae7115414e56","0-7d2605e32df3c93d1fb98e4e356fda7568ef47bb053f87f6bec0fb4e9582db49","1-81fea6f92fd7eda25ace2ed3f8e10b8154ca50899059c9d21928b4d271d817f9","root.record.ItemExhibitList.P5Item.P10AdvanceProcurement.APCostElementCategoryList.CFE.APCostElement"
"Lockheed Martin","Fort Worth, TX","30","30","","","2018-BASE_PROCUREMENT-2018-AIRFORCE_AIRCRAFT_VOL2-U_PROCUREMENT_MasterJustificationBook_Air_Force_PB_2018.zzz_unzipped-U_PROCUREMENT_MasterJustificationBook_Air_Force_PB_2018.xml","ec7c8fc0c391f9422d637e8cf6c3d4a59f3faa8a33fbbc2a34a2ae7115414e56","0-b21b92e2973548d70f0b9a4a8683e87885ea80c5c4547558d8b05dc208bb3ce1","2-d6175b6f21c5a629531d037be001d9f830697ff62387ffd34a09302d55ab4844","root.record.ItemExhibitList.P5Item.P10AdvanceProcurement.APCostElementCategoryList.CFE.APCostElement"
"Lockheed Martin","Fort Worth, TX","0","0","","","2018-BASE_PROCUREMENT-2018-AIRFORCE_AIRCRAFT_VOL2-U_PROCUREMENT_MasterJustificationBook_Air_Force_PB_2018.zzz_unzipped-U_PROCUREMENT_MasterJustificationBook_Air_Force_PB_2018.xml","ec7c8fc0c391f9422d637e8cf6c3d4a59f3faa8a33fbbc2a34a2ae7115414e56","0-1c7f3220f7ed4acf337a945b86cb73eeaed45d59275cd7434aaf985e889bdaf6","3-ce2a0189f79768816fc12e9272619098cdb16756c909892ab79f69f2bc61c372","root.record.ItemExhibitList.P5Item.P10AdvanceProcurement.APCostElementCategoryList.CFE.APCostElement"
"Lockheed Martin","Fort Worth, TX","0","0","","","2018-BASE_PROCUREMENT-2018-AIRFORCE_AIRCRAFT_VOL2-U_PROCUREMENT_MasterJustificationBook_Air_Force_PB_2018.zzz_unzipped-U_PROCUREMENT_MasterJustificationBook_Air_Force_PB_2018.xml","ec7c8fc0c391f9422d637e8cf6c3d4a59f3faa8a33fbbc2a34a2ae7115414e56","0-766e853d8f787fe84d3ec50da13b37977f6f99a449bf7122e53c852b65921ed4","4-01510172568d653958b8bdf9befe3493d8fdd3a8361dee6fbb73a52083953335","root.record.ItemExhibitList.P5Item.P10AdvanceProcurement.APCostElementCategoryList.CFE.APCostElement"
"Lockheed Martin","Fort Worth, TX","0","0","","","2018-BASE_PROCUREMENT-2018-AIRFORCE_AIRCRAFT_VOL2-U_PROCUREMENT_MasterJustificationBook_Air_Force_PB_2018.zzz_unzipped-U_PROCUREMENT_MasterJustificationBook_Air_Force_PB_2018.xml","ec7c8fc0c391f9422d637e8cf6c3d4a59f3faa8a33fbbc2a34a2ae7115414e56","0-a16677a0cf5ff4a6d703564e2d2dc3708a6c53ef3fa19fa7a3e9c2252dcaad93","5-13b3b20392ba5029c2558c221dfd7803d16155ecc788261dcd4ff538e8a988e2","root.record.ItemExhibitList.P5Item.P10AdvanceProcurement.APCostElementCategoryList.CFE.APCostElement"
"Lockheed Martin","Fort Worth, TX","0","0","","","2018-BASE_PROCUREMENT-2018-AIRFORCE_AIRCRAFT_VOL2-U_PROCUREMENT_MasterJustificationBook_Air_Force_PB_2018.zzz_unzipped-U_PROCUREMENT_MasterJustificationBook_Air_Force_PB_2018.xml","ec7c8fc0c391f9422d637e8cf6c3d4a59f3faa8a33fbbc2a34a2ae7115414e56","0-802a69fd124da7e0666b9f3ba276862059954a2997cf87644ae5475dc0ed5b5b","6-be212f58e5e33a1ea8bbcb4e13e951cddf86d3e17b01d26450a0d130d0f94eb8","root.record.ItemExhibitList.P5Item.P10AdvanceProcurement.APCostElementCategoryList.CFE.APCostElement"
"N//A","N/A","12","12","","","2018-BASE_PROCUREMENT-2018-AIRFORCE_AIRCRAFT_VOL2-U_PROCUREMENT_MasterJustificationBook_Air_Force_PB_2018.zzz_unzipped-U_PROCUREMENT_MasterJustificationBook_Air_Force_PB_2018.xml","f11abe99c918ba00d36c7bd6b850c69903d0cf64dd50e793b748479423a9a87c","0-c6f1ae001474d6abef5fa33f3b53744286379bfd66b530a4acf3bf17aa5cf96f","0-9f745de2c50e12a01fc40785dcf625a003f0beb7a4c8f53623becb782314b575","root.record.ItemExhibitList.P5Item.P10AdvanceProcurement.APCostElementCategoryList.CFE.APCostElement"
"Lockheed Martin","Marietta GA","12","12","","","2018-BASE_PROCUREMENT-2018-AIRFORCE_AIRCRAFT_VOL2-U_PROCUREMENT_MasterJustificationBook_Air_Force_PB_2018.zzz_unzipped-U_PROCUREMENT_MasterJustificationBook_Air_Force_PB_2018.xml","52d3e8eceb99048e70461d8badb057e5f9170779e5b578ac08b8b3a06143352f","0-fea1468e95aaad337cd56bd1116124bc13cf3dd44f76fb22cc37b96cb5bebaf3","0-3c71afbd5f5e5eec248a665d6f5a8b3222580f1989f9fbd6dc70f2846698e123","root.record.ItemExhibitList.P5Item.P10AdvanceProcurement.APCostElementCategoryList.CFE.APCostElement"
"Lockheed Martin","Marietta GA","12","12","","","2018-BASE_PROCUREMENT-2018-AIRFORCE_AIRCRAFT_VOL2-U_PROCUREMENT_MasterJustificationBook_Air_Force_PB_2018.zzz_unzipped-U_PROCUREMENT_MasterJustificationBook_Air_Force_PB_2018.xml","3a9accd390ed2b4c0db815f8762265e56f4da2f42dfd3f6bf46e7026cfaa4062","0-fdbc36bcddfacead4c00087e9ad52917873cb90e41b797bd489c0d4ee5e67299","0-897cad640261e9aa798c19f2949a036f787c569117225f2af1a50c41ff2391b9","root.record.ItemExhibitList.P5Item.P10AdvanceProcurement.APCostElementCategoryList.CFE.APCostElement"
"TBD","TBD","11","11","","","2018-BASE_PROCUREMENT-2018-AIRFORCE_AMMUNITION-U_PROCUREMENT_JustificationBook_Air_Force_PB_2018.zzz_unzipped-U_PROCUREMENT_JustificationBook_Air_Force_PB_2018.xml","4e556b87336aa79100d4803e900d244a7156d4dd8d8f6b26cd3ec27f992e16fb","0-6a28d1af1432c8c9d732cc4c4b6976213d1856ed1bf089a5d440ad706974ba05","0-93a94e3ff7f35471804bb0941ad14acd4b275d074b1afa9511de20981b33383e","root.record.ItemExhibitList.P5Item.P10AdvanceProcurement.APCostElementCategoryList.CFE.APCostElement"
"TBD","TBD","11","11","","","2018-BASE_PROCUREMENT-2018-AIRFORCE_AMMUNITION-U_PROCUREMENT_MasterJustificationBook_Air_Force_PB_2018.zzz_unzipped-U_PROCUREMENT_MasterJustificationBook_Air_Force_PB_2018.xml","63cece1a674f1f0912ca47ccc55131b5fec02f521a4eb768eb56d7c1d9e6ec09","0-0619fcf2c7573d720e59a32196358b9b6358b8bdff5ad47d0f867b7c44cc666b","0-301af06385e733a44c262a23ccf28de40d041c7632bdd684a7ce21822c7de863","root.record.ItemExhibitList.P5Item.P10AdvanceProcurement.APCostElementCategoryList.CFE.APCostElement"
"Lockheed Martin","Fort Worth, TX","18","18","","","2019-BASE_PROCUREMENT-2019-AIRFORCE_AIRCRAFT_VOL1-U_PROCUREMENT_JustificationBook_Air_Force_PB_2019.zzz_unzipped-U_PROCUREMENT_JustificationBook_Air_Force_PB_2019.xml","1fdbf569c608ae7a271625dc5ff3eaab7c35ea12b5100be5b6db75ab533692b6","0-0ad1667c73f5595906d68e539eb838a4bbb0125af0d29dd5867b71274a90c24a","0-0d6006b1f8f136c77e81b5bc79bc23fab3d2a0a6054e8c8d571fd6715271f8f4","root.record.ItemExhibitList.P5Item.P10AdvanceProcurement.APCostElementCategoryList.CFE.APCostElement"
"Lockheed Martin","Marietta GA","12","12","","","2019-BASE_PROCUREMENT-2019-AIRFORCE_AIRCRAFT_VOL1-U_PROCUREMENT_JustificationBook_Air_Force_PB_2019.zzz_unzipped-U_PROCUREMENT_JustificationBook_Air_Force_PB_2019.xml","48d362fea8109f02805de255b38f14c8d3354fa434f24d725ad243831a52ca04","0-f44e96d91ebbe8694ea4dbe1cce7a50192908d9cc399d00905ce55e26a182a0f","0-daa3a9d37794da7f4066fb8ce133666b282cadad99e73c1e971776a5e6917231","root.record.ItemExhibitList.P5Item.P10AdvanceProcurement.APCostElementCategoryList.CFE.APCostElement"
"Lockheed Martin","Fort Worth, TX","18","18","","","2019-BASE_PROCUREMENT-2019-AIRFORCE_AIRCRAFT_VOL2-U_PROCUREMENT_MasterJustificationBook_Air_Force_PB_2019.zzz_unzipped-U_PROCUREMENT_MasterJustificationBook_Air_Force_PB_2019.xml","a6302168237242179e7ebb7f4e7e0c6ef197c9aa214ebf4208a31df54f491c95","0-1c9cf8426eb0481d525070750ff4498fc4475226e0e70e91bab93bd25f548c6f","0-e7e21027a5e64e37bbbf32191405f867a889f54e4f6ab9ec41a1ddb3f2d80701","root.record.ItemExhibitList.P5Item.P10AdvanceProcurement.APCostElementCategoryList.CFE.APCostElement"
"Lockheed Martin","Marietta GA","12","12","","","2019-BASE_PROCUREMENT-2019-AIRFORCE_AIRCRAFT_VOL2-U_PROCUREMENT_MasterJustificationBook_Air_Force_PB_2019.zzz_unzipped-U_PROCUREMENT_MasterJustificationBook_Air_Force_PB_2019.xml","25050f3609f71c4e582f0bda0141fc2b15087f0de79e5b8d4a91232f00b6bcb3","0-aa4326d66739fba0f53a8e893f2b4f10ebb9f31a676b98a6486d5a8a1f901ce6","0-1db45086e335c0586fb6863d52a6e567a241b6fd19647c88cab68e2ef2191823","root.record.ItemExhibitList.P5Item.P10AdvanceProcurement.APCostElementCategoryList.CFE.APCostElement"
"Boeing","Various","18","18","","","2019-BASE_PROCUREMENT-2019-AIRFORCE_AMMUNITION-U_PROCUREMENT_JustificationBook_Air_Force_PB_2019.zzz_unzipped-U_PROCUREMENT_JustificationBook_Air_Force_PB_2019.xml","febe812ff6da49c74047d6ca8ec01f4aa83c73b56f8c312dc3f34dd1983e8647","0-b3ddc6b97272bbe4c9758027d3bda1973a7af8796e0b791bbf7f538fde99a5ec","0-87e7513587257d7f0005e713cfcdaeeb3435e02ab1b19f3bcb2abcdf8efdae17","root.record.ItemExhibitList.P5Item.P10AdvanceProcurement.APCostElementCategoryList.CFE.APCostElement"
"Boeing","Various","18","18","","","2019-BASE_PROCUREMENT-2019-AIRFORCE_AMMUNITION-U_PROCUREMENT_MasterJustificationBook_Air_Force_PB_2019.zzz_unzipped-U_PROCUREMENT_MasterJustificationBook_Air_Force_PB_2019.xml","c48d29353e3e6e5cf9c29adfc0105bdb804a21b25e74ec61fd9d65a6eb451eb5","0-2cbbb978278ebaaed896ac7b4b1f50257daefa778bdd8f489eb9c8101914e962","0-fe8973f53bd28358e4048daab78917aaa9a559e465a5bd83969ed4a2a798c7f0","root.record.ItemExhibitList.P5Item.P10AdvanceProcurement.APCostElementCategoryList.CFE.APCostElement"
"Lockheed Martin","Fort Worth, TX","","","","","2020-BASE_PROCUREMENT-2020-AIRFORCE_AIRCRAFT_VOL1-U_PROCUREMENT_JustificationBook_Air_Force_PB_2020.zzz_unzipped-U_PROCUREMENT_JustificationBook_Air_Force_PB_2020.xml","7617dbcc15ca36437e9b9096aaa833b46488c1a0960e4fce9963bdc0327c2cd5","0-10ca8e90ec77a87d7ad9490d885bc4960682f55596e2ed70d3ab304e8ba1ec0f","0-f2bd1df703afb27a79a9c15bdd8a91eb2e5ebfb6a9b93552b57a9a05819c5e8f","root.record.ItemExhibitList.P5Item.P10AdvanceProcurement.APCostElementCategoryList.CFE.APCostElement"
"Lockheed Martin","Fort Worth, TX","","","","","2020-BASE_PROCUREMENT-2020-AIRFORCE_AIRCRAFT_VOL1-U_PROCUREMENT_JustificationBook_Air_Force_PB_2020.zzz_unzipped-U_PROCUREMENT_JustificationBook_Air_Force_PB_2020.xml","7617dbcc15ca36437e9b9096aaa833b46488c1a0960e4fce9963bdc0327c2cd5","0-3900c3c1497669f9e427ef94cd79a1020d223f6482f60c34d34232f8c0345c1a","3-f99184d8b53f6f6eb3d810963d6feb119088c3339d9d004d7c32d46cfff9e2bc","root.record.ItemExhibitList.P5Item.P10AdvanceProcurement.APCostElementCategoryList.CFE.APCostElement"
"Lockheed Martin","Fort Worth, TX","","","","","2020-BASE_PROCUREMENT-2020-AIRFORCE_AIRCRAFT_VOL1-U_PROCUREMENT_JustificationBook_Air_Force_PB_2020.zzz_unzipped-U_PROCUREMENT_JustificationBook_Air_Force_PB_2020.xml","7617dbcc15ca36437e9b9096aaa833b46488c1a0960e4fce9963bdc0327c2cd5","0-decbe5da759910c686f481371d36f56b38cf04673882ca10139be11175135ce3","4-5b4720c965e405c4767bb12727b91b6872a4086648209efd802200fcdd1f5ba2","root.record.ItemExhibitList.P5Item.P10AdvanceProcurement.APCostElementCategoryList.CFE.APCostElement"
"Lockheed Martin","Fort Worth, TX","","","","","2020-BASE_PROCUREMENT-2020-AIRFORCE_AIRCRAFT_VOL1-U_PROCUREMENT_JustificationBook_Air_Force_PB_2020.zzz_unzipped-U_PROCUREMENT_JustificationBook_Air_Force_PB_2020.xml","7617dbcc15ca36437e9b9096aaa833b46488c1a0960e4fce9963bdc0327c2cd5","0-787300db1728c7cdfc013b55b4c6288cd1ff1fe62cd6a22f4c42bea54c90aa68","5-8ffb4e8170c21fffc882a721fb729b34dcb670046ef24529663dbeb12f21b3e8","root.record.ItemExhibitList.P5Item.P10AdvanceProcurement.APCostElementCategoryList.CFE.APCostElement"
"Lockheed Martin","Marietta GA","12","12","","","2020-BASE_PROCUREMENT-2020-AIRFORCE_AIRCRAFT_VOL1-U_PROCUREMENT_JustificationBook_Air_Force_PB_2020.zzz_unzipped-U_PROCUREMENT_JustificationBook_Air_Force_PB_2020.xml","3a9f3c7050929e925bf578049fe78dd3bcde399b66f1b65c09b7388bb0c772a3","0-44abc9567292d7d1e5ad3227e6eae213ea8d617141d0090abef4a6e76d48ec5a","0-79282013595f85904be9c1b75518c49ac82027312fed5ae94dde3b992a632b4b","root.record.ItemExhibitList.P5Item.P10AdvanceProcurement.APCostElementCategoryList.CFE.APCostElement"
"Lockheed Martin","Fort Worth, TX","","","","","2020-BASE_PROCUREMENT-2020-AIRFORCE_AIRCRAFT_VOL2-U_PROCUREMENT_MasterJustificationBook_Air_Force_PB_2020.zzz_unzipped-U_PROCUREMENT_MasterJustificationBook_Air_Force_PB_2020.xml","7887936a705e5042434ac2d5eee4d04e3202bfe64d739d33f5053abd069b5037","0-c7679d65a059e3a57592ffd00bb10dc4bfa01119628197dde8d686f667c8a2dd","0-daac48bc572b750719936c04aeaf1e046ca2c7479f8be74604fdbf9489b9ed7c","root.record.ItemExhibitList.P5Item.P10AdvanceProcurement.APCostElementCategoryList.CFE.APCostElement"
"Lockheed Martin","Fort Worth, TX","","","","","2020-BASE_PROCUREMENT-2020-AIRFORCE_AIRCRAFT_VOL2-U_PROCUREMENT_MasterJustificationBook_Air_Force_PB_2020.zzz_unzipped-U_PROCUREMENT_MasterJustificationBook_Air_Force_PB_2020.xml","7887936a705e5042434ac2d5eee4d04e3202bfe64d739d33f5053abd069b5037","0-bab70908e87812a0ad9ade1ddc5da1deed89c61fd3b9782f6300b4ff810c820e","3-5ab0b49ba3d059061099502823ff0f87dc35d9014aec18b78396885b25cbd278","root.record.ItemExhibitList.P5Item.P10AdvanceProcurement.APCostElementCategoryList.CFE.APCostElement"
"Lockheed Martin","Fort Worth, TX","","","","","2020-BASE_PROCUREMENT-2020-AIRFORCE_AIRCRAFT_VOL2-U_PROCUREMENT_MasterJustificationBook_Air_Force_PB_2020.zzz_unzipped-U_PROCUREMENT_MasterJustificationBook_Air_Force_PB_2020.xml","7887936a705e5042434ac2d5eee4d04e3202bfe64d739d33f5053abd069b5037","0-bfa231d6c1980bcb6dcf8caa9e1bdde11ee6aecb3b3b3cedf5b3604dad5b37fa","4-dfed0c139ebf35b679370757403b121e443250cb02821e6b911c892a62bb94bf","root.record.ItemExhibitList.P5Item.P10AdvanceProcurement.APCostElementCategoryList.CFE.APCostElement"
"Lockheed Martin","Fort Worth, TX","","","","","2020-BASE_PROCUREMENT-2020-AIRFORCE_AIRCRAFT_VOL2-U_PROCUREMENT_MasterJustificationBook_Air_Force_PB_2020.zzz_unzipped-U_PROCUREMENT_MasterJustificationBook_Air_Force_PB_2020.xml","7887936a705e5042434ac2d5eee4d04e3202bfe64d739d33f5053abd069b5037","0-0e68f1980dd6e48f8d6a3c3e22f48992bd9eb753852da21c52d9ca5b45f08ebe","5-3c134547403bde2d8c37450767a17aa3b80c281c34d91203779b0d0cadb9f386","root.record.ItemExhibitList.P5Item.P10AdvanceProcurement.APCostElementCategoryList.CFE.APCostElement"
"Lockheed Martin","Marietta GA","12","12","","","2020-BASE_PROCUREMENT-2020-AIRFORCE_AIRCRAFT_VOL2-U_PROCUREMENT_MasterJustificationBook_Air_Force_PB_2020.zzz_unzipped-U_PROCUREMENT_MasterJustificationBook_Air_Force_PB_2020.xml","fbeb7d92a6f93f3229425ab3e79909b0c2623c52de8fc6dc289624a0a85bf926","0-ffacbe5a6ad4e9b4196f26f66916ae2319d3d2720721c10fd34fbf76079e8618","0-606fe259ac0716d1db0100d43176c57a9c0eb672dd94cab235aae61980da7362","root.record.ItemExhibitList.P5Item.P10AdvanceProcurement.APCostElementCategoryList.CFE.APCostElement"
