Name_val,Location_val,InitialQuantity_ProductionLeadTimeAfterOct1InMonths_val,InitialQuantity_TotalLeadTimeAfterOct1InMonths_val,InitialQuantity_AdminLeadTimeBeforeOct1InMonths_val,InitialQuantity_AdminLeadTimeAfterOct1InMonths_val,@SOURCE_FILENAME,@RECORDID,@ROWID,@PARENTROWID,@PARENT
"Lockheed Martin","Fort Worth, TX","36","36","","","2015-BASE_PROCUREMENT-2015-AIRFORCE_AIRCRAFT_VOL1-PROCUREMENT_JustificationBook_Air_Force_PB_2015.zzz_unzipped-PROCUREMENT_JustificationBook_Air_Force_PB_2015.xml","72e89ccc766fe3f87d2e7ce15feb0d55fcd0fa99a93b32c43e51b37db5c84475","0-fead206200174dae98591647a6c9b4b376b6c57b1619c74511e44725bfb58a57","0-2a2a60d3da222688a5a74ceed48dbbfd0bbc72d58617313e7637d07d3b45fd73","root.record.ItemExhibitList.P5Item.P10AdvanceProcurement.APCostElementCategoryList.CFE.APCostElement"
"Lockheed Martin","Marietta GA","0","0","","","2015-BASE_PROCUREMENT-2015-AIRFORCE_AIRCRAFT_VOL1-PROCUREMENT_JustificationBook_Air_Force_PB_2015.zzz_unzipped-PROCUREMENT_JustificationBook_Air_Force_PB_2015.xml","6ba238e5761c0b5cdb4005cd9d3b0ebd730c7a47c72ec72a3cb63b26a07450e3","0-3acd62163814f2d516d8b114788b190e387a2a52fc560f5fd13cd7a7f52aae18","0-14149bde3a333a1ebc242da14e2e1353435dcae8ab1696dea3e1dcbb83c55ebf","root.record.ItemExhibitList.P5Item.P10AdvanceProcurement.APCostElementCategoryList.CFE.APCostElement"
"Lockheed Martin","Marietta GA","0","0","","","2015-BASE_PROCUREMENT-2015-AIRFORCE_AIRCRAFT_VOL1-PROCUREMENT_JustificationBook_Air_Force_PB_2015.zzz_unzipped-PROCUREMENT_JustificationBook_Air_Force_PB_2015.xml","565aa015362bd445cc082985b6e24c13e2957f8c30a9dfbe4c0bd8a663cbe70f","0-f44e20ff4c9fb7da388800b8aef9be313f744dd9b5eca888d6c8edfa7a2ed3d6","0-ae9ed36ed7bf75780491ea3292e3a689a144b56b591a89c77163384b64eabfe7","root.record.ItemExhibitList.P5Item.P10AdvanceProcurement.APCostElementCategoryList.CFE.APCostElement"
"Lockheed Martin","Marietta GA","0","0","","","2015-BASE_PROCUREMENT-2015-AIRFORCE_AIRCRAFT_VOL1-PROCUREMENT_JustificationBook_Air_Force_PB_2015.zzz_unzipped-PROCUREMENT_JustificationBook_Air_Force_PB_2015.xml","17ab19c784929a028c69ad970f12cd0eee00de512acf9833a5336d1e8a33db11","0-1ecade0ef87c1b8e08d4e21a43c967a39e6a10b92edc964bd85d0aeab266a03b","0-0bcb8ffb6bb90b048009c108c0d1e2c87f2fe7ae0a4380c38d5e41ca4c65fa58","root.record.ItemExhibitList.P5Item.P10AdvanceProcurement.APCostElementCategoryList.CFE.APCostElement"
"BELL BOEING","RIDLEY PARK, PA FT WORTH, TX AND AMARILLO, TX","0","0","","","2015-BASE_PROCUREMENT-2015-AIRFORCE_AIRCRAFT_VOL1-PROCUREMENT_JustificationBook_Air_Force_PB_2015.zzz_unzipped-PROCUREMENT_JustificationBook_Air_Force_PB_2015.xml","ba7a55b890941cc9f4565d78cfacfc7950f69af2644c25b93e58b8043154ba13","0-7aa0e43a360dc95724790368d75aad327a7c9e1153aeaea778552697bd0a33e8","0-4d7edd42305071f7eb5bf09141f7e487d43e3801133163a4c5a3deaca4c179b4","root.record.ItemExhibitList.P5Item.P10AdvanceProcurement.APCostElementCategoryList.CFE.APCostElement"
"Lockheed Martin","Marietta GA","0","0","","","2015-BASE_PROCUREMENT-2015-AIRFORCE_AIRCRAFT_VOL1-PROCUREMENT_JustificationBook_Air_Force_PB_2015.zzz_unzipped-PROCUREMENT_JustificationBook_Air_Force_PB_2015.xml","d17d6ee2f2b2d7f3a6fe2a2b61898c3ff891fdea63f7b83d1db336a7c6f0ec04","0-18ffbdec643b231698fb5cf9670a2f1c326bdc67cad8b07ca682ff3362ecee84","0-edf7ac9222b7ce3566df7f27e8a497501744af59a96429b30c7e74e2e3d6b5e2","root.record.ItemExhibitList.P5Item.P10AdvanceProcurement.APCostElementCategoryList.CFE.APCostElement"
"Lockheeed Martin","Marietta GA","0","0","","","2015-BASE_PROCUREMENT-2015-AIRFORCE_AIRCRAFT_VOL1-PROCUREMENT_JustificationBook_Air_Force_PB_2015.zzz_unzipped-PROCUREMENT_JustificationBook_Air_Force_PB_2015.xml","d17d6ee2f2b2d7f3a6fe2a2b61898c3ff891fdea63f7b83d1db336a7c6f0ec04","1-26a309e0239c09e79239cd7752ab40939162f3cafded7bb44ea9ce6dc394c2ff","0-edf7ac9222b7ce3566df7f27e8a497501744af59a96429b30c7e74e2e3d6b5e2","root.record.ItemExhibitList.P5Item.P10AdvanceProcurement.APCostElementCategoryList.CFE.APCostElement"
"Lockheed Martin","Fort Worth, TX","36","36","","","2015-BASE_PROCUREMENT-2015-AIRFORCE_AIRCRAFT_VOL2-PROCUREMENT_MasterJustificationBook_Air_Force_PB_2015.zzz_unzipped-PROCUREMENT_MasterJustificationBook_Air_Force_PB_2015.xml","a90a3faa8661f0958a0901808890d67093da1edc0728f26e9236e37ed3b54059","0-1ef0df962b88f809606bcfb1b36256e312485b2609c4d24aaef98117b084f58e","0-494ab9dd1754ccca30ec2a2ada7cce2d36af6eee66cbfcfc35366e0b1f97454e","root.record.ItemExhibitList.P5Item.P10AdvanceProcurement.APCostElementCategoryList.CFE.APCostElement"
"Lockheed Martin","Marietta GA","0","0","","","2015-BASE_PROCUREMENT-2015-AIRFORCE_AIRCRAFT_VOL2-PROCUREMENT_MasterJustificationBook_Air_Force_PB_2015.zzz_unzipped-PROCUREMENT_MasterJustificationBook_Air_Force_PB_2015.xml","8e9b86220f90ce455a14b686aeeb045957500e61279471fc35c4187b1270e5ed","0-cb5e29c28bde121c53ef2c4f48c5e957527921067a40c1f33bb7369aa43c3828","0-755b5a7da27c7062c38ada1baeac368a7d2aee25144e8a9a836275ed04d90c0c","root.record.ItemExhibitList.P5Item.P10AdvanceProcurement.APCostElementCategoryList.CFE.APCostElement"
"Lockheed Martin","Marietta GA","0","0","","","2015-BASE_PROCUREMENT-2015-AIRFORCE_AIRCRAFT_VOL2-PROCUREMENT_MasterJustificationBook_Air_Force_PB_2015.zzz_unzipped-PROCUREMENT_MasterJustificationBook_Air_Force_PB_2015.xml","9d38bc75efdc1bb24fa15dd6fdcc79dd0ddabb23d16bb5fb0fb72b4ecbbd10cc","0-badc2430da02bd40b5eedd2ab476c4a73d0d69a5a39f8d0b8145268e06ea7a83","0-e97da86aeb2b3378cb0ecd022147aceffdcc5655b27bde56cb1d5d55b8a43259","root.record.ItemExhibitList.P5Item.P10AdvanceProcurement.APCostElementCategoryList.CFE.APCostElement"
"Lockheed Martin","Marietta GA","0","0","","","2015-BASE_PROCUREMENT-2015-AIRFORCE_AIRCRAFT_VOL2-PROCUREMENT_MasterJustificationBook_Air_Force_PB_2015.zzz_unzipped-PROCUREMENT_MasterJustificationBook_Air_Force_PB_2015.xml","a97dfc5ffa5535857cd61c3c158de84a1441decc875ced08ad568ff95d020f85","0-4f03d962d814d240549d928e81085b1a3c13e7b293ec8296a7ba59f9a280ea4b","0-890a1d1e3e8cee31a1cb8f083e661d81881c34e83434f57fed8636e55715cfd6","root.record.ItemExhibitList.P5Item.P10AdvanceProcurement.APCostElementCategoryList.CFE.APCostElement"
"BELL BOEING","RIDLEY PARK, PA FT WORTH, TX AND AMARILLO, TX","0","0","","","2015-BASE_PROCUREMENT-2015-AIRFORCE_AIRCRAFT_VOL2-PROCUREMENT_MasterJustificationBook_Air_Force_PB_2015.zzz_unzipped-PROCUREMENT_MasterJustificationBook_Air_Force_PB_2015.xml","b1952ce40545e9f4efa9c33592b95ccb07e147da54dfcd401b9d7ac8ae77b263","0-bdb9c05fed2cbe0b17f3e895bf01f6ff142c9dd4d9e46827a5d9102593281887","0-fd6a6912268f8310680420f5d5fe1d48f893679702825b31552bf270dcbaa636","root.record.ItemExhibitList.P5Item.P10AdvanceProcurement.APCostElementCategoryList.CFE.APCostElement"
"Lockheed Martin","Marietta GA","0","0","","","2015-BASE_PROCUREMENT-2015-AIRFORCE_AIRCRAFT_VOL2-PROCUREMENT_MasterJustificationBook_Air_Force_PB_2015.zzz_unzipped-PROCUREMENT_MasterJustificationBook_Air_Force_PB_2015.xml","fa565585ea6b9180349b6eeae04250ac133fa69073cf4dd01888b01b70af6ea2","0-bf019fd90a347f52e983af177feb4d3a45138e1cd66389eae16f8e31d3a6534f","0-685d65f6c90cfe6058a09aa2bebbac92f35cd4985ec805e3e6faa2cd73f3045e","root.record.ItemExhibitList.P5Item.P10AdvanceProcurement.APCostElementCategoryList.CFE.APCostElement"
"Lockheeed Martin","Marietta GA","0","0","","","2015-BASE_PROCUREMENT-2015-AIRFORCE_AIRCRAFT_VOL2-PROCUREMENT_MasterJustificationBook_Air_Force_PB_2015.zzz_unzipped-PROCUREMENT_MasterJustificationBook_Air_Force_PB_2015.xml","fa565585ea6b9180349b6eeae04250ac133fa69073cf4dd01888b01b70af6ea2","1-9c57a3fc41cf3247dcabb794f01230c3ec5b1e199faa2224098d0a3c1a188f6d","0-685d65f6c90cfe6058a09aa2bebbac92f35cd4985ec805e3e6faa2cd73f3045e","root.record.ItemExhibitList.P5Item.P10AdvanceProcurement.APCostElementCategoryList.CFE.APCostElement"
"Lockheed Martin","Marietta GA","0","0","","","2015-AMENDED_PROCUREMENT_AND_RDTE-2015-AIRFORCE_AMMO-PROCUREMENT_JustificationBook_Air_Force_PBAmended_2015.zzz_unzipped-PROCUREMENT_JustificationBook_Air_Force_PBAmended_2015.xml","d27cefc2bb72e82de7748f7a1d1ff2a8ff7ad30cf7027a91e47ee29dad986610","0-1d68f377f12edd6db8af3c0a682e7f7c9e2d137076e47f1c51ec684845029dc0","0-304a33653fc9f409d8bb74e6997f3c22e220db09ace7b777fc9df2e478f90e32","root.record.ItemExhibitList.P5Item.P10AdvanceProcurement.APCostElementCategoryList.CFE.APCostElement"
"Lockheed Martin","Marietta GA","0","0","","","2015-AMENDED_PROCUREMENT_AND_RDTE-2015-AIRFORCE_AMMO-PROCUREMENT_MasterJustificationBook_Air_Force_PBAmended_2015.zzz_unzipped-PROCUREMENT_MasterJustificationBook_Air_Force_PBAmended_2015.xml","04277271467c34157fc353a716c1236673a9ef09c1f838c7ec2af5d1128b21cc","0-c09304d1bcbef557d487789e428ce024be1397c85e847ebc5736fcc691e02906","0-ecb0ca5eab38e8c035c6d5b07a43c019a39a5729849fb4ef6fbb1e5270685ee6","root.record.ItemExhibitList.P5Item.P10AdvanceProcurement.APCostElementCategoryList.CFE.APCostElement"
"Lockheed Martin","Fort Worth, TX","36","36","","","2016-BASE_PROCUREMENT-2016-AIRFORCE_AIRCRAFT_VOL1-PROCUREMENT_JustificationBook_Air_Force_PB_2016.zzz_unzipped-PROCUREMENT_JustificationBook_Air_Force_PB_2016.xml","f44d2c667314c228d741f2c842043a3825974c3652ac39e3bfd27328ff6d2fa2","0-7a88562d1a6685342e90336e626e4f7ab2ab4e0b6a5f05dd79f0fb22e1e241f4","0-7f56ba3ccab4b43a7ceb32a27cb88f60c6104a02d6e76f659733a505d34ff95a","root.record.ItemExhibitList.P5Item.P10AdvanceProcurement.APCostElementCategoryList.CFE.APCostElement"
"Lockheed Martin","Marietta Ga","12","12","","","2016-BASE_PROCUREMENT-2016-AIRFORCE_AIRCRAFT_VOL1-PROCUREMENT_JustificationBook_Air_Force_PB_2016.zzz_unzipped-PROCUREMENT_JustificationBook_Air_Force_PB_2016.xml","2a3f7563d0ca311b4f7fc69de771b398377fd3242ec19b62e816a6fb3042cf7f","0-0ee2d57cbe3f4f665cd3b943f4c68424ce7979ab028087a86852e616ebeced8a","0-102ad2e7e6dd0e5ed69af20091c61db0b2a5533ad9a1437c5edc70f03926e575","root.record.ItemExhibitList.P5Item.P10AdvanceProcurement.APCostElementCategoryList.CFE.APCostElement"
"Lockheed Martin","Marietta GA","12","12","","","2016-BASE_PROCUREMENT-2016-AIRFORCE_AIRCRAFT_VOL1-PROCUREMENT_JustificationBook_Air_Force_PB_2016.zzz_unzipped-PROCUREMENT_JustificationBook_Air_Force_PB_2016.xml","9535a6b720b678b9fbd2222189c9490baa2e3868115637b4c43aca3f4a4572c5","0-32a7a81fbf41fc73fb88eb00287dcd1cc9bd7ba2e7061214bb46675013c1166e","0-9b2127f4feaa2aed65a09de3f435b04cf7f0b3db3c7b97049e7ce50a41bf7a62","root.record.ItemExhibitList.P5Item.P10AdvanceProcurement.APCostElementCategoryList.CFE.APCostElement"
"Lockheed Martin","Marietta GA","12","12","","","2016-BASE_PROCUREMENT-2016-AIRFORCE_AIRCRAFT_VOL1-PROCUREMENT_JustificationBook_Air_Force_PB_2016.zzz_unzipped-PROCUREMENT_JustificationBook_Air_Force_PB_2016.xml","81dae8c956c8274f566e8fb91367c91324c122720a6e6a82f0ee4c46eb84be60","0-153a3170a0e13cc0322e200d662b04591a06640200e0bad7c086ada5f86ed6b0","0-ba94264aebd0aa8639919b24c5b2f5a7eebccd3af3d6e4e9b8a83dcbe8bcc18a","root.record.ItemExhibitList.P5Item.P10AdvanceProcurement.APCostElementCategoryList.CFE.APCostElement"
"Lockheed Martin","Fort Worth, TX","36","36","","","2016-BASE_PROCUREMENT-2016-AIRFORCE_AIRCRAFT_VOL2-PROCUREMENT_MasterJustificationBook_Air_Force_PB_2016.zzz_unzipped-PROCUREMENT_MasterJustificationBook_Air_Force_PB_2016.xml","0485cf02b8635a606917d60c2337e492c40ded75ff14634776a8126fa7df23d7","0-9a7c97649e1e436c1b56e4f8277b98cd68049457c0899bbf0b925e1c9305b931","0-7007132eea41a86c9a8c839710b6de70730e4ca8b08306f5189cc6875d3759cc","root.record.ItemExhibitList.P5Item.P10AdvanceProcurement.APCostElementCategoryList.CFE.APCostElement"
"Lockheed Martin","Marietta Ga","12","12","","","2016-BASE_PROCUREMENT-2016-AIRFORCE_AIRCRAFT_VOL2-PROCUREMENT_MasterJustificationBook_Air_Force_PB_2016.zzz_unzipped-PROCUREMENT_MasterJustificationBook_Air_Force_PB_2016.xml","06413109f09458e1d20d0d8c668a4bfde7b94137945d7743cd97c2331c8391ee","0-eb025ec0d27929d38f6676f7b8311a5bf65751c772e43031036279ee88516428","0-fbb67c29e8420bd15c631cfb8ca5a9a98771d8bd68dafdec1a5acd6ba266dcd1","root.record.ItemExhibitList.P5Item.P10AdvanceProcurement.APCostElementCategoryList.CFE.APCostElement"
"Lockheed Martin","Marietta GA","12","12","","","2016-BASE_PROCUREMENT-2016-AIRFORCE_AIRCRAFT_VOL2-PROCUREMENT_MasterJustificationBook_Air_Force_PB_2016.zzz_unzipped-PROCUREMENT_MasterJustificationBook_Air_Force_PB_2016.xml","065dabc8f50bb8c11fd03386b9b77f91b86bd31b64e57f28cf3442d5cb994770","0-657dbca2508f35fc2b858e5845c897184d167cccb2ef59f4fe2d67e0b402cc9c","0-482a73b19041126ee05073b2b7b2be6f546bb777e0b47b8f231a3474d704cd86","root.record.ItemExhibitList.P5Item.P10AdvanceProcurement.APCostElementCategoryList.CFE.APCostElement"
"Lockheed Martin","Marietta GA","12","12","","","2016-BASE_PROCUREMENT-2016-AIRFORCE_AIRCRAFT_VOL2-PROCUREMENT_MasterJustificationBook_Air_Force_PB_2016.zzz_unzipped-PROCUREMENT_MasterJustificationBook_Air_Force_PB_2016.xml","6c8b943a6de5398b0f3fdd5e076ae0cc947b82b18fb0c8528c7c34e5c1ca33d3","0-b118aa11900b03308fb0859a5e8e4ab773821dfbe5a436641b0f96deed979293","0-fea9790a46e7797ab9ef5986f6b156cc140da60a4fc244dc65e4e9c6b6340160","root.record.ItemExhibitList.P5Item.P10AdvanceProcurement.APCostElementCategoryList.CFE.APCostElement"
"Raytheon","Tucson, AZ","29","29","0","0","2016-BASE_PROCUREMENT-2016-MDA-PROCUREMENT_JustificationBook_Missile_Defense_Agency_PB_2016.zzz_unzipped-PROCUREMENT_JustificationBook_Missile_Defense_Agency_PB_2016.xml","8fe681ed2a7b4397677aa6bf70676f250b32ded3546a6adb5424a1cf3206bbc3","0-c618b034c510349d5e7137762cb64e91fe7a41c608a86c3ed4cd98de105c4131","0-dc55dfea11192e24e589aea8fec55eddafbdfec99d63b84fc5b433a30d0bd848","root.record.ItemExhibitList.P5Item.P10AdvanceProcurement.APCostElementCategoryList.CFE.APCostElement"
"Raytheon","Tucson, AZ","29","29","0","0","2016-BASE_PROCUREMENT-2016-MDA-PROCUREMENT_MasterJustificationBook_Missile_Defense_Agency_PB_2016.zzz_unzipped-PROCUREMENT_MasterJustificationBook_Missile_Defense_Agency_PB_2016.xml","b4f2202771c2bfc95fdafd93a11aada31a8b14c6b9c5880fd0d937560581322f","0-df57698eebf1dc23af39985bd516df7dda056a347ab1448bed03c6589c4784c2","0-7536ce61811f80aa8f20aac9b87f4bb6351b1a13e723ea6eb17ea80b9a3f508a","root.record.ItemExhibitList.P5Item.P10AdvanceProcurement.APCostElementCategoryList.CFE.APCostElement"
"Bell Helicopter Textron, Inc","Hurst, TX","24","26","12","2","2016-BASE_PROCUREMENT-2016-NAVY_AIRCRAFT_BA1-4-PROCUREMENT_JustificationBook_Navy_PB_2016.zzz_unzipped-PROCUREMENT_JustificationBook_Navy_PB_2016.xml","eff48ca8dae347ca306f114bb715daec4def72353d74752d8add160f4080c2fe","0-59d630a443e4c439e5fd1745ac7a07cb40bd6d6fa977d7b9807a679266d9997e","0-e3e737e9d75992de7acca0892c0c8e20016b699379a46010d501a440e5c15da4","root.record.ItemExhibitList.P5Item.P10AdvanceProcurement.APCostElementCategoryList.CFE.APCostElement"
"Bell Helicopter Textron, Inc","Hurst, TX","24","26","12","2","2016-BASE_PROCUREMENT-2016-NAVY_AIRCRAFT_BA1-4-PROCUREMENT_JustificationBook_Navy_PB_2016.zzz_unzipped-PROCUREMENT_JustificationBook_Navy_PB_2016.xml","eff48ca8dae347ca306f114bb715daec4def72353d74752d8add160f4080c2fe","0-0ede46ba0f2ddb858545ea74fc32bb0b15d5ab84dcce41911a31262c5fa66378","1-52da63a30e354434f3bfb4057edd9906cd479b5beecc2fc3a1959fae6983658c","root.record.ItemExhibitList.P5Item.P10AdvanceProcurement.APCostElementCategoryList.CFE.APCostElement"
"Bell Helicopter Textron, Inc","Hurst, TX","24","26","12","2","2016-BASE_PROCUREMENT-2016-NAVY_AIRCRAFT_BA1-4-PROCUREMENT_JustificationBook_Navy_PB_2016.zzz_unzipped-PROCUREMENT_JustificationBook_Navy_PB_2016.xml","eff48ca8dae347ca306f114bb715daec4def72353d74752d8add160f4080c2fe","0-d4db21d2292a9cf4eb1d407d19f246f0bc2fec3d28be4c4046db481f02604792","2-289da032adb5d96a2fa86c4df0eb59cca4fdfae20d96975a2e5380f97c09db26","root.record.ItemExhibitList.P5Item.P10AdvanceProcurement.APCostElementCategoryList.CFE.APCostElement"
"Bell Helicopter Textron, Inc","Hurst, TX","24","26","12","2","2016-BASE_PROCUREMENT-2016-NAVY_AIRCRAFT_BA1-4-PROCUREMENT_JustificationBook_Navy_PB_2016.zzz_unzipped-PROCUREMENT_JustificationBook_Navy_PB_2016.xml","eff48ca8dae347ca306f114bb715daec4def72353d74752d8add160f4080c2fe","0-dfd377396b6adaa276cc85b176058e772cc326b92516be8660b77cf90318af7a","0-f7933279c1fadb1ebfd709d55d0b788220da13b2ebdae8aea27ed67fbf36e23b","root.record.ItemExhibitList.P5Item.P10AdvanceProcurement.APCostElementCategoryList.CFE.APCostElement"
"Bell Helicopter Textron, Inc","Hurst, TX","24","26","12","2","2016-BASE_PROCUREMENT-2016-NAVY_AIRCRAFT_BA7-PROCUREMENT_MasterJustificationBook_Navy_PB_2016.zzz_unzipped-PROCUREMENT_MasterJustificationBook_Navy_PB_2016.xml","7bea2f559dc52dc7b29a49a1646bc05d4ef7fbf1ec3cb0fe1ea61c2c6d87b261","0-530d07f6d6fc511731b7b3f6ca0cece5f531ed4c6922ce4ff70e20146c5f5138","0-7babcffef2b86e2a9865b023447077caed4b8892eb0f8f5c3049d9306b3ad315","root.record.ItemExhibitList.P5Item.P10AdvanceProcurement.APCostElementCategoryList.CFE.APCostElement"
"Bell Helicopter Textron, Inc","Hurst, TX","24","26","12","2","2016-BASE_PROCUREMENT-2016-NAVY_AIRCRAFT_BA7-PROCUREMENT_MasterJustificationBook_Navy_PB_2016.zzz_unzipped-PROCUREMENT_MasterJustificationBook_Navy_PB_2016.xml","7bea2f559dc52dc7b29a49a1646bc05d4ef7fbf1ec3cb0fe1ea61c2c6d87b261","0-c521857aad31be7b501458c7a3e23639870c78fd8142372afd87eeb69ff6097c","1-7c76f4728f8663e01e57d899414681a9622fd525bfbe18ac97582210a3958cbe","root.record.ItemExhibitList.P5Item.P10AdvanceProcurement.APCostElementCategoryList.CFE.APCostElement"
"Bell Helicopter Textron, Inc","Hurst, TX","24","26","12","2","2016-BASE_PROCUREMENT-2016-NAVY_AIRCRAFT_BA7-PROCUREMENT_MasterJustificationBook_Navy_PB_2016.zzz_unzipped-PROCUREMENT_MasterJustificationBook_Navy_PB_2016.xml","7bea2f559dc52dc7b29a49a1646bc05d4ef7fbf1ec3cb0fe1ea61c2c6d87b261","0-b6019478ea18ead523209addd74bae99c61abef23aff4593c0563b54a3d0308d","2-a5436aab0991598e405d3da01e2e8ecaed1f4e87e69f8561115a7267f9f28357","root.record.ItemExhibitList.P5Item.P10AdvanceProcurement.APCostElementCategoryList.CFE.APCostElement"
"Bell Helicopter Textron, Inc","Hurst, TX","24","26","12","2","2016-BASE_PROCUREMENT-2016-NAVY_AIRCRAFT_BA7-PROCUREMENT_MasterJustificationBook_Navy_PB_2016.zzz_unzipped-PROCUREMENT_MasterJustificationBook_Navy_PB_2016.xml","7bea2f559dc52dc7b29a49a1646bc05d4ef7fbf1ec3cb0fe1ea61c2c6d87b261","0-a78f3200ece785e6b3fae88ddffc0dbb9f4ccd00c1a4e92d8c99483603b262ee","0-db1e62ddd29c160bd69cca0d465602020b18dc4577d03e8da1e535b18ad97544","root.record.ItemExhibitList.P5Item.P10AdvanceProcurement.APCostElementCategoryList.CFE.APCostElement"
"Lockheed Martin","Fort Worth, TX","18","18","","","2017-BASE_PROCUREMENT-2017-AIRFORCE_AIRCRAFT_VOL1-U_PROCUREMENT_JustificationBook_Air_Force_PB_2017.zzz_unzipped-U_PROCUREMENT_JustificationBook_Air_Force_PB_2017.xml","ee296b91c541d56100cb2ac046f671d1a95422b7bfedefe8ed6f428e04be3c20","0-32c9fda969ffb49d1e36076e29c99c604eb71404525eff6ae10b908b29f26d04","0-25676db5fc01737f20325101d453930d525312882aa5be04e6ec3382344944b0","root.record.ItemExhibitList.P5Item.P10AdvanceProcurement.APCostElementCategoryList.CFE.APCostElement"
"Lockheed Martin","Marietta GA","0","0","","","2017-BASE_PROCUREMENT-2017-AIRFORCE_AIRCRAFT_VOL1-U_PROCUREMENT_JustificationBook_Air_Force_PB_2017.zzz_unzipped-U_PROCUREMENT_JustificationBook_Air_Force_PB_2017.xml","317e5965462e9d7678fc4f02896e5cee9bbda817cad2e5ad9c2290b851dba197","0-d8b485fa4e9a2a67124fd5024edfa5db7163eb2d58c592088382a0737b5b7df2","0-e07faba8c257a19cde8b4de13aba5be010ebd49324f90432254ce022a9444e56","root.record.ItemExhibitList.P5Item.P10AdvanceProcurement.APCostElementCategoryList.CFE.APCostElement"
"Lockheed Martin","Marietta GA","12","12","","","2017-BASE_PROCUREMENT-2017-AIRFORCE_AIRCRAFT_VOL1-U_PROCUREMENT_JustificationBook_Air_Force_PB_2017.zzz_unzipped-U_PROCUREMENT_JustificationBook_Air_Force_PB_2017.xml","04b39301635aa03a7b974c8a1151aafada20c596b5345242252608dac900590d","0-2af445fba7418cf80e7c50ed0d25e4d7fca8fc16589ce4b1061a23b7a2ed356f","0-23f830083da4c16cd2f7efc7d67358bc13b9867e0811c657612fde1a4f7ef0cf","root.record.ItemExhibitList.P5Item.P10AdvanceProcurement.APCostElementCategoryList.CFE.APCostElement"
"Lockheed Martin","Marietta GA","12","12","","","2017-BASE_PROCUREMENT-2017-AIRFORCE_AIRCRAFT_VOL1-U_PROCUREMENT_JustificationBook_Air_Force_PB_2017.zzz_unzipped-U_PROCUREMENT_JustificationBook_Air_Force_PB_2017.xml","dfceced65c92fa65682ab45ae434a30edc54231102355ccb2d0cccb8c70865c0","0-ae896994c462918612769f1d93c04140d3b6015df67902bb1b1d90296c80423e","0-35b62cc1ef5733f065231d34d5083af4dd1e9cc51320241d9ce1135cc02197c7","root.record.ItemExhibitList.P5Item.P10AdvanceProcurement.APCostElementCategoryList.CFE.APCostElement"
"Lockheed Martin","Fort Worth, TX","18","18","","","2017-BASE_PROCUREMENT-2017-AIRFORCE_AIRCRAFT_VOL1-U_PROCUREMENT_MasterJustificationBook_Air_Force_PB_2017.zzz_unzipped-U_PROCUREMENT_MasterJustificationBook_Air_Force_PB_2017.xml","54ceb5c06156f9c55e6b849926ac030a11c42ee97375688e8ebb955b86c8ae13","0-2fc488f96e314c1bc3b2a3bcd48c8d9b38fe29177d761b4958902811be732bbe","0-36b3a0e4c7890ba28135a72d63a6a5e8c296c6d8bf60e0f6aa8a4ae6a69df1cd","root.record.ItemExhibitList.P5Item.P10AdvanceProcurement.APCostElementCategoryList.CFE.APCostElement"
"Lockheed Martin","Marietta GA","0","0","","","2017-BASE_PROCUREMENT-2017-AIRFORCE_AIRCRAFT_VOL1-U_PROCUREMENT_MasterJustificationBook_Air_Force_PB_2017.zzz_unzipped-U_PROCUREMENT_MasterJustificationBook_Air_Force_PB_2017.xml","1e24abaeefbb873f569d9b38ff04ead3b13c188ded0a995438fc26ef309c4d70","0-db2f23a2f85d1d376f817415aec3af4294432a1bc43f9f23bfdcb1e96e694870","0-3bfcdef26405b084469e694af6954859ca9289707e74d1634c7e6462d9615866","root.record.ItemExhibitList.P5Item.P10AdvanceProcurement.APCostElementCategoryList.CFE.APCostElement"
"Lockheed Martin","Marietta GA","12","12","","","2017-BASE_PROCUREMENT-2017-AIRFORCE_AIRCRAFT_VOL1-U_PROCUREMENT_MasterJustificationBook_Air_Force_PB_2017.zzz_unzipped-U_PROCUREMENT_MasterJustificationBook_Air_Force_PB_2017.xml","aaa3897ab1e9054e10ccba0b0bb9ce360d96a0672f9728a2ddce5dfd5536a8e9","0-10f34ff298489f383f9aab25d47ff1f4185128ee1cb7ee19b7f67059d6eb07d7","0-d29f85232556449126ff60f4c1bf4c871049650b2d98d6137eb3117a305e8bd5","root.record.ItemExhibitList.P5Item.P10AdvanceProcurement.APCostElementCategoryList.CFE.APCostElement"
"Lockheed Martin","Marietta GA","12","12","","","2017-BASE_PROCUREMENT-2017-AIRFORCE_AIRCRAFT_VOL1-U_PROCUREMENT_MasterJustificationBook_Air_Force_PB_2017.zzz_unzipped-U_PROCUREMENT_MasterJustificationBook_Air_Force_PB_2017.xml","f8d8f61e907a74fdbcc61c2f963800089af997881e4e9977e7629b29e606e7f9","0-3b9c5003e1284b5a6bbb25921decdcba5b03e9482df511d43782105ad34d67b4","0-81267996f90cbcbe02eca616b351ed7aff4426a2a2aa3a481dc9cea2ff35f10a","root.record.ItemExhibitList.P5Item.P10AdvanceProcurement.APCostElementCategoryList.CFE.APCostElement"
"Lockheed Martin","Fort Worth, TX","18","18","","","2017-BASE_PROCUREMENT-2017-AIRFORCE_AIRCRAFT_VOL2-U_PROCUREMENT_MasterJustificationBook_Air_Force_PB_2017.zzz_unzipped-U_PROCUREMENT_MasterJustificationBook_Air_Force_PB_2017.xml","078d421d81190ecf8a486faab49d2e8ea4d456b0d51f6459cc6c7199455602cd","0-dec6034344c435953789239ca98b360a9c4b61967f79367df665528bc20796af","0-6c214800245a0785360fafce6593a0b8dbda37c70098dbfe3c052af269245eaa","root.record.ItemExhibitList.P5Item.P10AdvanceProcurement.APCostElementCategoryList.CFE.APCostElement"
"Lockheed Martin","Marietta GA","0","0","","","2017-BASE_PROCUREMENT-2017-AIRFORCE_AIRCRAFT_VOL2-U_PROCUREMENT_MasterJustificationBook_Air_Force_PB_2017.zzz_unzipped-U_PROCUREMENT_MasterJustificationBook_Air_Force_PB_2017.xml","e69e07728276534fdfa55b2844b939d33d50eb19a45e7ddc2b78cbe832e14bba","0-91be43308a75beab9d1db367dfc15b1fd811f46d815c5bed1649a27ac5dd4d27","0-0d9193c52c7fecbdc8770205b052477f001c13d16d016d46b7980ec08ef718ef","root.record.ItemExhibitList.P5Item.P10AdvanceProcurement.APCostElementCategoryList.CFE.APCostElement"
"Lockheed Martin","Marietta GA","12","12","","","2017-BASE_PROCUREMENT-2017-AIRFORCE_AIRCRAFT_VOL2-U_PROCUREMENT_MasterJustificationBook_Air_Force_PB_2017.zzz_unzipped-U_PROCUREMENT_MasterJustificationBook_Air_Force_PB_2017.xml","04c0c41116e5f6904b16bf76340a6959e7f09069c196fcfad2d2be879207724f","0-1b43b55ca9e4a248389ab9b5deb03e6c8726d18c26c9893e0b76eb10c8f6158a","0-781b598e743d6352fe905584b6ae5aad36322b095b9327f879704f74ad61afc7","root.record.ItemExhibitList.P5Item.P10AdvanceProcurement.APCostElementCategoryList.CFE.APCostElement"
"Lockheed Martin","Marietta GA","12","12","","","2017-BASE_PROCUREMENT-2017-AIRFORCE_AIRCRAFT_VOL2-U_PROCUREMENT_MasterJustificationBook_Air_Force_PB_2017.zzz_unzipped-U_PROCUREMENT_MasterJustificationBook_Air_Force_PB_2017.xml","0dd91f4446d3575886727ff6a8249093ad91205b21e77ef7cfe082bffa942faf","0-de8c8b781744eac3139b69921c7e9bd8922b6f9714593e790ee457b614881136","0-8fc128377ff130d42fd1b1a3fbccdb5734458e3bbd396a761da7b1975182d45f","root.record.ItemExhibitList.P5Item.P10AdvanceProcurement.APCostElementCategoryList.CFE.APCostElement"
"Bell Helicopter Textron, Inc","Hurst, TX","24","26","12","2","2017-BASE_PROCUREMENT-2017-NAVY_AIRCRAFT_BA1-4-U_PROCUREMENT_JustificationBook_Navy_PB_2017.zzz_unzipped-U_PROCUREMENT_JustificationBook_Navy_PB_2017.xml","1936e4723702c1ff211c3d30084fcc5c0d895218ba10b3bbe06db44ee16a628f","0-78a809122e010994b02d377f4180647e299e024a0a599ebeb333c0de93a54429","0-935703bd16a30ad659d9082114c613f9f75d893a9216254e7d403a10a67ed5fc","root.record.ItemExhibitList.P5Item.P10AdvanceProcurement.APCostElementCategoryList.CFE.APCostElement"
"Bell Helicopter Textron, Inc","Hurst, TX","24","26","12","2","2017-BASE_PROCUREMENT-2017-NAVY_AIRCRAFT_BA1-4-U_PROCUREMENT_JustificationBook_Navy_PB_2017.zzz_unzipped-U_PROCUREMENT_JustificationBook_Navy_PB_2017.xml","1936e4723702c1ff211c3d30084fcc5c0d895218ba10b3bbe06db44ee16a628f","0-c87bd2c04c240db23256bc7061f65cdbb0733f6325154be254d73df180f1cac3","1-2b4725d004ec57d0b64a514fb17d62fc9e0b231dd255ccf97aef1060ee016d7b","root.record.ItemExhibitList.P5Item.P10AdvanceProcurement.APCostElementCategoryList.CFE.APCostElement"
"Bell Helicopter Textron, Inc","Hurst, TX","24","26","12","2","2017-BASE_PROCUREMENT-2017-NAVY_AIRCRAFT_BA1-4-U_PROCUREMENT_JustificationBook_Navy_PB_2017.zzz_unzipped-U_PROCUREMENT_JustificationBook_Navy_PB_2017.xml","1936e4723702c1ff211c3d30084fcc5c0d895218ba10b3bbe06db44ee16a628f","0-dbf43e47a0cba36dcc0f94bb849e90dbba31effc42c199f8acb125c1a16902c9","2-755b5618ce1fe9a03d2b6d09ff9964a5a310ad56ba025e4e30613461e9a7e1a7","root.record.ItemExhibitList.P5Item.P10AdvanceProcurement.APCostElementCategoryList.CFE.APCostElement"
"Bell Helicopter Textron, Inc","Hurst, TX","24","26","12","2","2017-BASE_PROCUREMENT-2017-NAVY_AIRCRAFT_BA1-4-U_PROCUREMENT_JustificationBook_Navy_PB_2017.zzz_unzipped-U_PROCUREMENT_JustificationBook_Navy_PB_2017.xml","1936e4723702c1ff211c3d30084fcc5c0d895218ba10b3bbe06db44ee16a628f","0-29a5407f41cde50f73f8c37396666a927dab2c8b72028b365d6cb48e75f59004","0-d5af58f4c342316974c9445263562118834e3d1b5a37b531838979d3dd4e3cc0","root.record.ItemExhibitList.P5Item.P10AdvanceProcurement.APCostElementCategoryList.CFE.APCostElement"
"Bell Helicopter Textron, Inc","Hurst, TX","24","26","12","2","2017-BASE_PROCUREMENT-2017-NAVY_AIRCRAFT_BA7-U_PROCUREMENT_MasterJustificationBook_Navy_PB_2017.zzz_unzipped-U_PROCUREMENT_MasterJustificationBook_Navy_PB_2017.xml","b74251d985a4af1a6c0d55df2a4cb30f1e1a3fc2f34ea51f8ef53d0edb073e87","0-c2f8b48c7b14d6485f66fd638807f40e5ec3730b3fad554dfaf87ddb70df6be3","0-f4e60733d925a3f52ca46c84d244a2b85bf8b6208dd21dace4ee4261a6233223","root.record.ItemExhibitList.P5Item.P10AdvanceProcurement.APCostElementCategoryList.CFE.APCostElement"
"Bell Helicopter Textron, Inc","Hurst, TX","24","26","12","2","2017-BASE_PROCUREMENT-2017-NAVY_AIRCRAFT_BA7-U_PROCUREMENT_MasterJustificationBook_Navy_PB_2017.zzz_unzipped-U_PROCUREMENT_MasterJustificationBook_Navy_PB_2017.xml","b74251d985a4af1a6c0d55df2a4cb30f1e1a3fc2f34ea51f8ef53d0edb073e87","0-c2df5f029d2be94ddc7fd712d14940cec395eb2af531df4d84eea876798350fb","1-9d4b0b4e8befb0bf3b047bb6857345e749e239596ea3dddad866b6b2fb813425","root.record.ItemExhibitList.P5Item.P10AdvanceProcurement.APCostElementCategoryList.CFE.APCostElement"
"Bell Helicopter Textron, Inc","Hurst, TX","24","26","12","2","2017-BASE_PROCUREMENT-2017-NAVY_AIRCRAFT_BA7-U_PROCUREMENT_MasterJustificationBook_Navy_PB_2017.zzz_unzipped-U_PROCUREMENT_MasterJustificationBook_Navy_PB_2017.xml","b74251d985a4af1a6c0d55df2a4cb30f1e1a3fc2f34ea51f8ef53d0edb073e87","0-43a56eac45de731b9b53fa177a7a5cbec859f4541474f9f5f761b9c1272e9885","2-81fe705fd85e282f81abe26dddc335372c7c804eb1b1ba96b4033e3bf015dc1a","root.record.ItemExhibitList.P5Item.P10AdvanceProcurement.APCostElementCategoryList.CFE.APCostElement"
"Bell Helicopter Textron, Inc","Hurst, TX","24","26","12","2","2017-BASE_PROCUREMENT-2017-NAVY_AIRCRAFT_BA7-U_PROCUREMENT_MasterJustificationBook_Navy_PB_2017.zzz_unzipped-U_PROCUREMENT_MasterJustificationBook_Navy_PB_2017.xml","b74251d985a4af1a6c0d55df2a4cb30f1e1a3fc2f34ea51f8ef53d0edb073e87","0-81018934c9ce3a75ef42c87a31762a242524cd7b0c1f16ad71e916b591837b9b","0-014352f0859a7bd28379821bad29e1e01c2d6c97d64217216d490297804052a9","root.record.ItemExhibitList.P5Item.P10AdvanceProcurement.APCostElementCategoryList.CFE.APCostElement"
"Lockheed Martin","Fort Worth, TX","18","18","","","2018-BASE_PROCUREMENT-2018-AIRFORCE_AIRCRAFT_VOL1-U_PROCUREMENT_JustificationBook_Air_Force_PB_2018.zzz_unzipped-U_PROCUREMENT_JustificationBook_Air_Force_PB_2018.xml","a30f2c236c5384ee16ac505377b81d18639f300a5bc38116f7a4b25eef710752","0-b0a7dd49a31f4c028cf44eb96514efbfb470eb969c4ff3a54e850a0ab95e596a","0-82febd8a995234b0f8ee9fe9a081381a9605021deb4e958049bb1b6a47c1198a","root.record.ItemExhibitList.P5Item.P10AdvanceProcurement.APCostElementCategoryList.CFE.APCostElement"
"Lockheed Martin","Fort Worth, TX","18","18","","","2018-BASE_PROCUREMENT-2018-AIRFORCE_AIRCRAFT_VOL1-U_PROCUREMENT_JustificationBook_Air_Force_PB_2018.zzz_unzipped-U_PROCUREMENT_JustificationBook_Air_Force_PB_2018.xml","a30f2c236c5384ee16ac505377b81d18639f300a5bc38116f7a4b25eef710752","0-7b154ffbec068326b6fba299628c4a40bd1788c0ff7906eb2986423d212fc902","1-8103f4621e8344cf072694276e319effc8c3cc4d4a1730c1a307b56cae469914","root.record.ItemExhibitList.P5Item.P10AdvanceProcurement.APCostElementCategoryList.CFE.APCostElement"
"Lockheed Martin","Fort Worth, TX","30","30","","","2018-BASE_PROCUREMENT-2018-AIRFORCE_AIRCRAFT_VOL1-U_PROCUREMENT_JustificationBook_Air_Force_PB_2018.zzz_unzipped-U_PROCUREMENT_JustificationBook_Air_Force_PB_2018.xml","a30f2c236c5384ee16ac505377b81d18639f300a5bc38116f7a4b25eef710752","0-5b1b7294713421ccfda4ca1f29812d619c11e574f794379986351dec850954c7","2-3bddec4afd44031838ce7b8673ca2f94dfa029930af9c2583caf4d43df088afb","root.record.ItemExhibitList.P5Item.P10AdvanceProcurement.APCostElementCategoryList.CFE.APCostElement"
"Lockheed Martin","Fort Worth, TX","0","0","","","2018-BASE_PROCUREMENT-2018-AIRFORCE_AIRCRAFT_VOL1-U_PROCUREMENT_JustificationBook_Air_Force_PB_2018.zzz_unzipped-U_PROCUREMENT_JustificationBook_Air_Force_PB_2018.xml","a30f2c236c5384ee16ac505377b81d18639f300a5bc38116f7a4b25eef710752","0-c4f95239b3c03e742bf416a599f16259b3ee55c16d5304a4833be5fa03f5e684","3-a615ff458021b0c088ff6ef2cefabf8efd5ed6c571094a03cdc070be3f9b4d8a","root.record.ItemExhibitList.P5Item.P10AdvanceProcurement.APCostElementCategoryList.CFE.APCostElement"
"Lockheed Martin","Fort Worth, TX","0","0","","","2018-BASE_PROCUREMENT-2018-AIRFORCE_AIRCRAFT_VOL1-U_PROCUREMENT_JustificationBook_Air_Force_PB_2018.zzz_unzipped-U_PROCUREMENT_JustificationBook_Air_Force_PB_2018.xml","a30f2c236c5384ee16ac505377b81d18639f300a5bc38116f7a4b25eef710752","0-2ff3e45ceb73ce42324feea9cc59c2e0ba6ef87e26cb26508f261cf272e73e9f","4-e24fae9184a99edcd38dd6e33909b04c91ccee5cdcda20ee9596a7e1f31b5777","root.record.ItemExhibitList.P5Item.P10AdvanceProcurement.APCostElementCategoryList.CFE.APCostElement"
"Lockheed Martin","Fort Worth, TX","0","0","","","2018-BASE_PROCUREMENT-2018-AIRFORCE_AIRCRAFT_VOL1-U_PROCUREMENT_JustificationBook_Air_Force_PB_2018.zzz_unzipped-U_PROCUREMENT_JustificationBook_Air_Force_PB_2018.xml","a30f2c236c5384ee16ac505377b81d18639f300a5bc38116f7a4b25eef710752","0-b5b270da2a0ee254ce0a3418154e3e40b47dbd00335b7c922e1d3b18f22c853c","5-88ebb2670437400ba7cd3b405486e45c1186b90cd2390b56bc1970df16b801ea","root.record.ItemExhibitList.P5Item.P10AdvanceProcurement.APCostElementCategoryList.CFE.APCostElement"
"Lockheed Martin","Fort Worth, TX","0","0","","","2018-BASE_PROCUREMENT-2018-AIRFORCE_AIRCRAFT_VOL1-U_PROCUREMENT_JustificationBook_Air_Force_PB_2018.zzz_unzipped-U_PROCUREMENT_JustificationBook_Air_Force_PB_2018.xml","a30f2c236c5384ee16ac505377b81d18639f300a5bc38116f7a4b25eef710752","0-c293a32c08363af1df92e5155ccedcd660b698d567d74014cfd7f67dd11b6101","6-f492b73698b9cde65480ca3a0acb68748238971de741d814c6bb086177158c0d","root.record.ItemExhibitList.P5Item.P10AdvanceProcurement.APCostElementCategoryList.CFE.APCostElement"
"N//A","N/A","12","12","","","2018-BASE_PROCUREMENT-2018-AIRFORCE_AIRCRAFT_VOL1-U_PROCUREMENT_JustificationBook_Air_Force_PB_2018.zzz_unzipped-U_PROCUREMENT_JustificationBook_Air_Force_PB_2018.xml","3013d2c99ef7883e19c7b93224fdff50f8c7263434425601604d25632bc020a5","0-0f44378462e471156b70f618d41a3f0155c8a71d236e4a92a913ba2e503187fb","0-0ab98e0d9024d2937339727e7efa09bf51f90f89e485e659d67113e861cfdc4b","root.record.ItemExhibitList.P5Item.P10AdvanceProcurement.APCostElementCategoryList.CFE.APCostElement"
"Lockheed Martin","Marietta GA","12","12","","","2018-BASE_PROCUREMENT-2018-AIRFORCE_AIRCRAFT_VOL1-U_PROCUREMENT_JustificationBook_Air_Force_PB_2018.zzz_unzipped-U_PROCUREMENT_JustificationBook_Air_Force_PB_2018.xml","1064caa6aad62d617f267eeab8b71ff24316efc723669cb41e40e5531ed97467","0-6f7127369372a564605eeb77d136861f4e1be6bb5a282d34d0fa6e6b85770bc9","0-88145282feda551ccdfcf8d265afe1f74619d92bbe1676395efb9c5239476d2a","root.record.ItemExhibitList.P5Item.P10AdvanceProcurement.APCostElementCategoryList.CFE.APCostElement"
"Lockheed Martin","Marietta GA","12","12","","","2018-BASE_PROCUREMENT-2018-AIRFORCE_AIRCRAFT_VOL1-U_PROCUREMENT_JustificationBook_Air_Force_PB_2018.zzz_unzipped-U_PROCUREMENT_JustificationBook_Air_Force_PB_2018.xml","5282f14dc345aeb069c9862d0a8e6f568c12f7a22a00e4757ffea9e6ec73b23d","0-b17b34551ae5bb5b80d27e1e86f69362be0d362f07f06839f880a59fe6bf2199","0-86cc819c24947b6f0d46efb05c11e9f8580a564e5c92efeee85f51a37a36043b","root.record.ItemExhibitList.P5Item.P10AdvanceProcurement.APCostElementCategoryList.CFE.APCostElement"
"Lockheed Martin","Fort Worth, TX","18","18","","","2018-BASE_PROCUREMENT-2018-AIRFORCE_AIRCRAFT_VOL2-U_PROCUREMENT_MasterJustificationBook_Air_Force_PB_2018.zzz_unzipped-U_PROCUREMENT_MasterJustificationBook_Air_Force_PB_2018.xml","ec7c8fc0c391f9422d637e8cf6c3d4a59f3faa8a33fbbc2a34a2ae7115414e56","0-0524195b4e36a01b6161c8ac5115b8ccf8b4009181864a6cea3f2e532b49dea0","0-c3cd4e6fbef3633b56279172414d0947e3763a9b1f1acbd47323cfd1dfebf9c7","root.record.ItemExhibitList.P5Item.P10AdvanceProcurement.APCostElementCategoryList.CFE.APCostElement"
"Lockheed Martin","Fort Worth, TX","18","18","","","2018-BASE_PROCUREMENT-2018-AIRFORCE_AIRCRAFT_VOL2-U_PROCUREMENT_MasterJustificationBook_Air_Force_PB_2018.zzz_unzipped-U_PROCUREMENT_MasterJustificationBook_Air_Force_PB_2018.xml","ec7c8fc0c391f9422d637e8cf6c3d4a59f3faa8a33fbbc2a34a2ae7115414e56","0-15ab3260d754ea7c4e52a39a2afbd20795f4ea74504a5ea5e92ee38f663b876c","1-a5bfbe9060ed75765d79e7de0b2efdeaf6dd99f4e06607c41ce0401b92a5fbe8","root.record.ItemExhibitList.P5Item.P10AdvanceProcurement.APCostElementCategoryList.CFE.APCostElement"
"Lockheed Martin","Fort Worth, TX","30","30","","","2018-BASE_PROCUREMENT-2018-AIRFORCE_AIRCRAFT_VOL2-U_PROCUREMENT_MasterJustificationBook_Air_Force_PB_2018.zzz_unzipped-U_PROCUREMENT_MasterJustificationBook_Air_Force_PB_2018.xml","ec7c8fc0c391f9422d637e8cf6c3d4a59f3faa8a33fbbc2a34a2ae7115414e56","0-193f3af446646e691c62baa93953dee7cb94df12d0581ca1237c3eb4b6b67e8f","2-57d00833dc930544b0f331d9c1645e7c818ffd169120d1514b257873db18414f","root.record.ItemExhibitList.P5Item.P10AdvanceProcurement.APCostElementCategoryList.CFE.APCostElement"
"Lockheed Martin","Fort Worth, TX","0","0","","","2018-BASE_PROCUREMENT-2018-AIRFORCE_AIRCRAFT_VOL2-U_PROCUREMENT_MasterJustificationBook_Air_Force_PB_2018.zzz_unzipped-U_PROCUREMENT_MasterJustificationBook_Air_Force_PB_2018.xml","ec7c8fc0c391f9422d637e8cf6c3d4a59f3faa8a33fbbc2a34a2ae7115414e56","0-cb8f4ff9b3c743592dc8ab5b7a64751069c647abc8a6b2c3402da16b92630ac2","3-8a1d0c77364b06d8dc85da8c7e825236de6b1c01f3b97385229335d25d78ecf2","root.record.ItemExhibitList.P5Item.P10AdvanceProcurement.APCostElementCategoryList.CFE.APCostElement"
"Lockheed Martin","Fort Worth, TX","0","0","","","2018-BASE_PROCUREMENT-2018-AIRFORCE_AIRCRAFT_VOL2-U_PROCUREMENT_MasterJustificationBook_Air_Force_PB_2018.zzz_unzipped-U_PROCUREMENT_MasterJustificationBook_Air_Force_PB_2018.xml","ec7c8fc0c391f9422d637e8cf6c3d4a59f3faa8a33fbbc2a34a2ae7115414e56","0-de3b103e5e3426a9d0d70db9f46fa4c5c7970c5199c43458823187c5ac9abdaa","4-fa8f331776c252f7a60243b9de59e158994aa65deb1c041f5b0c63d7471bd011","root.record.ItemExhibitList.P5Item.P10AdvanceProcurement.APCostElementCategoryList.CFE.APCostElement"
"Lockheed Martin","Fort Worth, TX","0","0","","","2018-BASE_PROCUREMENT-2018-AIRFORCE_AIRCRAFT_VOL2-U_PROCUREMENT_MasterJustificationBook_Air_Force_PB_2018.zzz_unzipped-U_PROCUREMENT_MasterJustificationBook_Air_Force_PB_2018.xml","ec7c8fc0c391f9422d637e8cf6c3d4a59f3faa8a33fbbc2a34a2ae7115414e56","0-c28e67a69284944346987405457959f60045ca852232252abf920184d4924cb7","5-dc10d362dbd0393cc4b064f7ad399897a5fcc6701a95eb9eec923a0ebee360fb","root.record.ItemExhibitList.P5Item.P10AdvanceProcurement.APCostElementCategoryList.CFE.APCostElement"
"Lockheed Martin","Fort Worth, TX","0","0","","","2018-BASE_PROCUREMENT-2018-AIRFORCE_AIRCRAFT_VOL2-U_PROCUREMENT_MasterJustificationBook_Air_Force_PB_2018.zzz_unzipped-U_PROCUREMENT_MasterJustificationBook_Air_Force_PB_2018.xml","ec7c8fc0c391f9422d637e8cf6c3d4a59f3faa8a33fbbc2a34a2ae7115414e56","0-5c779324407c008a8e819c205652244dd989770c1a44a5149e4cd6fb94fa235f","6-870935dcdee2a4766ed606a30cf46cba8b46cec8666502a8c499656a42659ca2","root.record.ItemExhibitList.P5Item.P10AdvanceProcurement.APCostElementCategoryList.CFE.APCostElement"
"N//A","N/A","12","12","","","2018-BASE_PROCUREMENT-2018-AIRFORCE_AIRCRAFT_VOL2-U_PROCUREMENT_MasterJustificationBook_Air_Force_PB_2018.zzz_unzipped-U_PROCUREMENT_MasterJustificationBook_Air_Force_PB_2018.xml","f11abe99c918ba00d36c7bd6b850c69903d0cf64dd50e793b748479423a9a87c","0-e3057a98ff52d7f439f96d0a5f06bc2ae445dbff70243ddbb9d53386a11425a3","0-ca249d97b5829139f9a393d821609da56343807f2e84c581e7474a1cd631a182","root.record.ItemExhibitList.P5Item.P10AdvanceProcurement.APCostElementCategoryList.CFE.APCostElement"
"Lockheed Martin","Marietta GA","12","12","","","2018-BASE_PROCUREMENT-2018-AIRFORCE_AIRCRAFT_VOL2-U_PROCUREMENT_MasterJustificationBook_Air_Force_PB_2018.zzz_unzipped-U_PROCUREMENT_MasterJustificationBook_Air_Force_PB_2018.xml","52d3e8eceb99048e70461d8badb057e5f9170779e5b578ac08b8b3a06143352f","0-74445545695bf4ed417fdb4d0aed28b792e9043948494d8fac1c02fbf0a62757","0-24c73bf5ca5f109d2d01b0439915dbb6f91b9ab67792b3ff798d3c20803a5d85","root.record.ItemExhibitList.P5Item.P10AdvanceProcurement.APCostElementCategoryList.CFE.APCostElement"
"Lockheed Martin","Marietta GA","12","12","","","2018-BASE_PROCUREMENT-2018-AIRFORCE_AIRCRAFT_VOL2-U_PROCUREMENT_MasterJustificationBook_Air_Force_PB_2018.zzz_unzipped-U_PROCUREMENT_MasterJustificationBook_Air_Force_PB_2018.xml","3a9accd390ed2b4c0db815f8762265e56f4da2f42dfd3f6bf46e7026cfaa4062","0-36a15ec86d2b2afd67d2d6dadede15f936f5fa14faadd8b5d8f676d7caf631e8","0-fdcad0389390311e30cc590974543e337663891dc43ee0b824bc135758f27207","root.record.ItemExhibitList.P5Item.P10AdvanceProcurement.APCostElementCategoryList.CFE.APCostElement"
"TBD","TBD","11","11","","","2018-BASE_PROCUREMENT-2018-AIRFORCE_AMMUNITION-U_PROCUREMENT_JustificationBook_Air_Force_PB_2018.zzz_unzipped-U_PROCUREMENT_JustificationBook_Air_Force_PB_2018.xml","4e556b87336aa79100d4803e900d244a7156d4dd8d8f6b26cd3ec27f992e16fb","0-3014e2dae02de570e4d33a1d721d26aaf559cbedd3a742bd5121fa7b692f0da9","0-fad89bc66274c1fe6827566fe98620c7ef8e7952b7dc0853a4b8c04f40606658","root.record.ItemExhibitList.P5Item.P10AdvanceProcurement.APCostElementCategoryList.CFE.APCostElement"
"TBD","TBD","11","11","","","2018-BASE_PROCUREMENT-2018-AIRFORCE_AMMUNITION-U_PROCUREMENT_MasterJustificationBook_Air_Force_PB_2018.zzz_unzipped-U_PROCUREMENT_MasterJustificationBook_Air_Force_PB_2018.xml","63cece1a674f1f0912ca47ccc55131b5fec02f521a4eb768eb56d7c1d9e6ec09","0-5f999be7f473ae0fae7146fb5ab762923ed29c39026821ab10479f93e74da4a7","0-85efb214c52a3f44f2e7db0075ba57ad44e41cbad633f5cdf54e401f7e8a5fc5","root.record.ItemExhibitList.P5Item.P10AdvanceProcurement.APCostElementCategoryList.CFE.APCostElement"
"Lockheed Martin","Fort Worth, TX","18","18","","","2019-BASE_PROCUREMENT-2019-AIRFORCE_AIRCRAFT_VOL1-U_PROCUREMENT_JustificationBook_Air_Force_PB_2019.zzz_unzipped-U_PROCUREMENT_JustificationBook_Air_Force_PB_2019.xml","1fdbf569c608ae7a271625dc5ff3eaab7c35ea12b5100be5b6db75ab533692b6","0-67f7f7e13b8740c324ccfd055b28fb3dc6881fea3360271404c56de220cdbd43","0-a1f9280d2aa06b3113fefd29a51d6ee753f5b602e554cd2290879691c945994d","root.record.ItemExhibitList.P5Item.P10AdvanceProcurement.APCostElementCategoryList.CFE.APCostElement"
"Lockheed Martin","Marietta GA","12","12","","","2019-BASE_PROCUREMENT-2019-AIRFORCE_AIRCRAFT_VOL1-U_PROCUREMENT_JustificationBook_Air_Force_PB_2019.zzz_unzipped-U_PROCUREMENT_JustificationBook_Air_Force_PB_2019.xml","48d362fea8109f02805de255b38f14c8d3354fa434f24d725ad243831a52ca04","0-cc37ce99274b5993c4f10590a144b9572eed9b25c96af1aceb6374b6d23c43c1","0-1368aaf4968d6f5b7337315a51dfab4bd65bc6ddcb3114b4622b9503f8c29791","root.record.ItemExhibitList.P5Item.P10AdvanceProcurement.APCostElementCategoryList.CFE.APCostElement"
"Lockheed Martin","Fort Worth, TX","18","18","","","2019-BASE_PROCUREMENT-2019-AIRFORCE_AIRCRAFT_VOL2-U_PROCUREMENT_MasterJustificationBook_Air_Force_PB_2019.zzz_unzipped-U_PROCUREMENT_MasterJustificationBook_Air_Force_PB_2019.xml","a6302168237242179e7ebb7f4e7e0c6ef197c9aa214ebf4208a31df54f491c95","0-b3ed2c451c2ef03168d057c22edfbab8fa3be42514edad0fc56143de61921a77","0-355f255694062488c70f336af5465521113635ce97565957c0a1a9f9c46d8849","root.record.ItemExhibitList.P5Item.P10AdvanceProcurement.APCostElementCategoryList.CFE.APCostElement"
"Lockheed Martin","Marietta GA","12","12","","","2019-BASE_PROCUREMENT-2019-AIRFORCE_AIRCRAFT_VOL2-U_PROCUREMENT_MasterJustificationBook_Air_Force_PB_2019.zzz_unzipped-U_PROCUREMENT_MasterJustificationBook_Air_Force_PB_2019.xml","25050f3609f71c4e582f0bda0141fc2b15087f0de79e5b8d4a91232f00b6bcb3","0-5b9a483a04b59c100277be1ac41c3fc1b59146a65cd59a0cf5df31bbde513c34","0-ff2ff13bc098cb01e2b475babef9d13ee867341627ad57a22002635ba004e5cf","root.record.ItemExhibitList.P5Item.P10AdvanceProcurement.APCostElementCategoryList.CFE.APCostElement"
"Boeing","Various","18","18","","","2019-BASE_PROCUREMENT-2019-AIRFORCE_AMMUNITION-U_PROCUREMENT_JustificationBook_Air_Force_PB_2019.zzz_unzipped-U_PROCUREMENT_JustificationBook_Air_Force_PB_2019.xml","febe812ff6da49c74047d6ca8ec01f4aa83c73b56f8c312dc3f34dd1983e8647","0-c4df9afb74f7baa70e2ba78472bd071be96fe6cac17b7df3a2c5a150270f911e","0-b35c6de4b865c3f2c08e421a694b78ff083011de87c5535f8c7320893616fe04","root.record.ItemExhibitList.P5Item.P10AdvanceProcurement.APCostElementCategoryList.CFE.APCostElement"
"Boeing","Various","18","18","","","2019-BASE_PROCUREMENT-2019-AIRFORCE_AMMUNITION-U_PROCUREMENT_MasterJustificationBook_Air_Force_PB_2019.zzz_unzipped-U_PROCUREMENT_MasterJustificationBook_Air_Force_PB_2019.xml","c48d29353e3e6e5cf9c29adfc0105bdb804a21b25e74ec61fd9d65a6eb451eb5","0-a50880fcadf3dc98c0a547bb911a0c4f4e1c6a98eaec901eaf18eb34ed4c3c37","0-3de30a83e43684aa4b6d6e340e441fd3bd0a40efacf0e74cff3c119819a7a158","root.record.ItemExhibitList.P5Item.P10AdvanceProcurement.APCostElementCategoryList.CFE.APCostElement"
"Lockheed Martin","Fort Worth, TX","","","","","2020-BASE_PROCUREMENT-2020-AIRFORCE_AIRCRAFT_VOL1-U_PROCUREMENT_JustificationBook_Air_Force_PB_2020.zzz_unzipped-U_PROCUREMENT_JustificationBook_Air_Force_PB_2020.xml","7617dbcc15ca36437e9b9096aaa833b46488c1a0960e4fce9963bdc0327c2cd5","0-82c71f8e27cd5572143d12f0a0b79b9886e58a052348ccc224ce6dc015627a7d","0-ab93ab8ebc2c37da103475686a465194621e82810eb0c766778075f473e46646","root.record.ItemExhibitList.P5Item.P10AdvanceProcurement.APCostElementCategoryList.CFE.APCostElement"
"Lockheed Martin","Fort Worth, TX","","","","","2020-BASE_PROCUREMENT-2020-AIRFORCE_AIRCRAFT_VOL1-U_PROCUREMENT_JustificationBook_Air_Force_PB_2020.zzz_unzipped-U_PROCUREMENT_JustificationBook_Air_Force_PB_2020.xml","7617dbcc15ca36437e9b9096aaa833b46488c1a0960e4fce9963bdc0327c2cd5","0-72f76960aeb75ba1a77bb2f4bd01b39a5cf62c5e3fb476c80ad90209595579a2","3-bd8ef404a2df507360cd3177a2ce5e8d9e0b3adf849b406a85ceba136ac78059","root.record.ItemExhibitList.P5Item.P10AdvanceProcurement.APCostElementCategoryList.CFE.APCostElement"
"Lockheed Martin","Fort Worth, TX","","","","","2020-BASE_PROCUREMENT-2020-AIRFORCE_AIRCRAFT_VOL1-U_PROCUREMENT_JustificationBook_Air_Force_PB_2020.zzz_unzipped-U_PROCUREMENT_JustificationBook_Air_Force_PB_2020.xml","7617dbcc15ca36437e9b9096aaa833b46488c1a0960e4fce9963bdc0327c2cd5","0-a6a1c04c8916102b0a9e7392615cc616cbe2430f22c035a5a45802a9467a7c80","4-d5b0a0618778320b0e13fb7146c8b4915f5e321f5be57ea0a5f7ee5368f377f4","root.record.ItemExhibitList.P5Item.P10AdvanceProcurement.APCostElementCategoryList.CFE.APCostElement"
"Lockheed Martin","Fort Worth, TX","","","","","2020-BASE_PROCUREMENT-2020-AIRFORCE_AIRCRAFT_VOL1-U_PROCUREMENT_JustificationBook_Air_Force_PB_2020.zzz_unzipped-U_PROCUREMENT_JustificationBook_Air_Force_PB_2020.xml","7617dbcc15ca36437e9b9096aaa833b46488c1a0960e4fce9963bdc0327c2cd5","0-1215b95ff425c132c9fc6046ef185f5b461dba1afb1f9955d7931ea4c89eaeae","5-549e143121a47e14647db9edb213a26a9517ee96c4a6e52df2d3da075e246ca7","root.record.ItemExhibitList.P5Item.P10AdvanceProcurement.APCostElementCategoryList.CFE.APCostElement"
"Lockheed Martin","Marietta GA","12","12","","","2020-BASE_PROCUREMENT-2020-AIRFORCE_AIRCRAFT_VOL1-U_PROCUREMENT_JustificationBook_Air_Force_PB_2020.zzz_unzipped-U_PROCUREMENT_JustificationBook_Air_Force_PB_2020.xml","3a9f3c7050929e925bf578049fe78dd3bcde399b66f1b65c09b7388bb0c772a3","0-b1ebb40f5b0652e86663e76dc81ffe6c021098b6d5be7131a7e5e41c325e96db","0-d9cd67e11bb8e966fd1457415f58f0f68e741a022bb7eb5ded2da594153ff38d","root.record.ItemExhibitList.P5Item.P10AdvanceProcurement.APCostElementCategoryList.CFE.APCostElement"
"Lockheed Martin","Fort Worth, TX","","","","","2020-BASE_PROCUREMENT-2020-AIRFORCE_AIRCRAFT_VOL2-U_PROCUREMENT_MasterJustificationBook_Air_Force_PB_2020.zzz_unzipped-U_PROCUREMENT_MasterJustificationBook_Air_Force_PB_2020.xml","7887936a705e5042434ac2d5eee4d04e3202bfe64d739d33f5053abd069b5037","0-cfd6f8a42293b16845ca0cf1656f79b1393a1eab99cbd06c73c9f60c5ae8403e","0-6976b31d40b37f8221ff47dbbedbbf24ba2ef242ac46e15c23f361f85f3816f7","root.record.ItemExhibitList.P5Item.P10AdvanceProcurement.APCostElementCategoryList.CFE.APCostElement"
"Lockheed Martin","Fort Worth, TX","","","","","2020-BASE_PROCUREMENT-2020-AIRFORCE_AIRCRAFT_VOL2-U_PROCUREMENT_MasterJustificationBook_Air_Force_PB_2020.zzz_unzipped-U_PROCUREMENT_MasterJustificationBook_Air_Force_PB_2020.xml","7887936a705e5042434ac2d5eee4d04e3202bfe64d739d33f5053abd069b5037","0-a4719d199b064768270baada5f424522b0b38f3d6a24217f89c02bcabd6ae5a4","3-888e0514e2e4f9c026fbcb9014d3caeaab2c5a9ae177fbb3ce7ab1ca9d991e2d","root.record.ItemExhibitList.P5Item.P10AdvanceProcurement.APCostElementCategoryList.CFE.APCostElement"
"Lockheed Martin","Fort Worth, TX","","","","","2020-BASE_PROCUREMENT-2020-AIRFORCE_AIRCRAFT_VOL2-U_PROCUREMENT_MasterJustificationBook_Air_Force_PB_2020.zzz_unzipped-U_PROCUREMENT_MasterJustificationBook_Air_Force_PB_2020.xml","7887936a705e5042434ac2d5eee4d04e3202bfe64d739d33f5053abd069b5037","0-8b0dd1ccba778bd1c6c81cd36d3270165e3dabe2d63af1f0e07bae1fcdbe14f0","4-972b5e49d3ab7f5580b53235e231b7e90704e9f8d28fc0986cd3c0a1feba23f3","root.record.ItemExhibitList.P5Item.P10AdvanceProcurement.APCostElementCategoryList.CFE.APCostElement"
"Lockheed Martin","Fort Worth, TX","","","","","2020-BASE_PROCUREMENT-2020-AIRFORCE_AIRCRAFT_VOL2-U_PROCUREMENT_MasterJustificationBook_Air_Force_PB_2020.zzz_unzipped-U_PROCUREMENT_MasterJustificationBook_Air_Force_PB_2020.xml","7887936a705e5042434ac2d5eee4d04e3202bfe64d739d33f5053abd069b5037","0-65b1f63004e578cdcc17270692392f6034274e2b1d4099b74834d2b62918ad91","5-06e31b564f6f2011762c1d6aa0a508472b969296a7322d23265f6f615bdd2135","root.record.ItemExhibitList.P5Item.P10AdvanceProcurement.APCostElementCategoryList.CFE.APCostElement"
"Lockheed Martin","Marietta GA","12","12","","","2020-BASE_PROCUREMENT-2020-AIRFORCE_AIRCRAFT_VOL2-U_PROCUREMENT_MasterJustificationBook_Air_Force_PB_2020.zzz_unzipped-U_PROCUREMENT_MasterJustificationBook_Air_Force_PB_2020.xml","fbeb7d92a6f93f3229425ab3e79909b0c2623c52de8fc6dc289624a0a85bf926","0-06496bc124883f915de18e90d4c31ba9b3f17832a835cee13559fe89a9dfdb3c","0-164f22bd15629aed72562c93c54ae1ffef4e99c4adf62a4fd5ddfc54d81347df","root.record.ItemExhibitList.P5Item.P10AdvanceProcurement.APCostElementCategoryList.CFE.APCostElement"
