Name_val,Location_val,InitialQuantity_ProductionLeadTimeAfterOct1InMonths_val,InitialQuantity_TotalLeadTimeAfterOct1InMonths_val,InitialQuantity_AdminLeadTimeBeforeOct1InMonths_val,InitialQuantity_AdminLeadTimeAfterOct1InMonths_val,@SOURCE_FILENAME,@RECORDID,@ROWID,@PARENTROWID,@PARENT
"Lockheed Martin","Fort Worth, TX","36","36","","","2015-BASE_PROCUREMENT-2015-AIRFORCE_AIRCRAFT_VOL1-PROCUREMENT_JustificationBook_Air_Force_PB_2015.zzz_unzipped-PROCUREMENT_JustificationBook_Air_Force_PB_2015.xml","72e89ccc766fe3f87d2e7ce15feb0d55fcd0fa99a93b32c43e51b37db5c84475","0-e2062bc21bb5ab4abac8f036ca7696c438316041da8c2b96b84a3fea46680cb8","0-7c865a61028fba7e1e852552467b12ae0e5a087ce2cafadb9a610643d09ba7f1","root.record.ItemExhibitList.P5Item.P10AdvanceProcurement.APCostElementCategoryList.CFE.APCostElement"
"Lockheed Martin","Marietta GA","0","0","","","2015-BASE_PROCUREMENT-2015-AIRFORCE_AIRCRAFT_VOL1-PROCUREMENT_JustificationBook_Air_Force_PB_2015.zzz_unzipped-PROCUREMENT_JustificationBook_Air_Force_PB_2015.xml","6ba238e5761c0b5cdb4005cd9d3b0ebd730c7a47c72ec72a3cb63b26a07450e3","0-fcb35cecca99780785481a66d6758df1549d1b14125e78410cf67f3a540b10a5","0-47695b91505ac532a918fac9695b9260e0d122d27a2ad39bd63dc18d1d36a6e1","root.record.ItemExhibitList.P5Item.P10AdvanceProcurement.APCostElementCategoryList.CFE.APCostElement"
"Lockheed Martin","Marietta GA","0","0","","","2015-BASE_PROCUREMENT-2015-AIRFORCE_AIRCRAFT_VOL1-PROCUREMENT_JustificationBook_Air_Force_PB_2015.zzz_unzipped-PROCUREMENT_JustificationBook_Air_Force_PB_2015.xml","565aa015362bd445cc082985b6e24c13e2957f8c30a9dfbe4c0bd8a663cbe70f","0-055c5391483244b665e4b83c50a8adb87a7dbca55a807597a4cdab4805aae6d9","0-39653e5daf57445d88d0bb94f5b3a97e3ced5755554c657df8465c2ada6f28e6","root.record.ItemExhibitList.P5Item.P10AdvanceProcurement.APCostElementCategoryList.CFE.APCostElement"
"Lockheed Martin","Marietta GA","0","0","","","2015-BASE_PROCUREMENT-2015-AIRFORCE_AIRCRAFT_VOL1-PROCUREMENT_JustificationBook_Air_Force_PB_2015.zzz_unzipped-PROCUREMENT_JustificationBook_Air_Force_PB_2015.xml","17ab19c784929a028c69ad970f12cd0eee00de512acf9833a5336d1e8a33db11","0-8d03e701fc8c25ef0974fd8f57745499d51e6230ac9ca34bb472f553c4777e08","0-82930d4b91853a84ffb10a15e2b19bcf9f8782a0058be0757a377b3f28ea4c00","root.record.ItemExhibitList.P5Item.P10AdvanceProcurement.APCostElementCategoryList.CFE.APCostElement"
"BELL BOEING","RIDLEY PARK, PA FT WORTH, TX AND AMARILLO, TX","0","0","","","2015-BASE_PROCUREMENT-2015-AIRFORCE_AIRCRAFT_VOL1-PROCUREMENT_JustificationBook_Air_Force_PB_2015.zzz_unzipped-PROCUREMENT_JustificationBook_Air_Force_PB_2015.xml","ba7a55b890941cc9f4565d78cfacfc7950f69af2644c25b93e58b8043154ba13","0-ee7d6a1cbef45fd9354c1ca79039af0c443da9d7ae27ba732015728345c7555c","0-e2bcbba12dbd561da0b599d1c56f6985f760e9cae643ccc2c8a6303a72092136","root.record.ItemExhibitList.P5Item.P10AdvanceProcurement.APCostElementCategoryList.CFE.APCostElement"
"Lockheed Martin","Marietta GA","0","0","","","2015-BASE_PROCUREMENT-2015-AIRFORCE_AIRCRAFT_VOL1-PROCUREMENT_JustificationBook_Air_Force_PB_2015.zzz_unzipped-PROCUREMENT_JustificationBook_Air_Force_PB_2015.xml","d17d6ee2f2b2d7f3a6fe2a2b61898c3ff891fdea63f7b83d1db336a7c6f0ec04","0-c9aa8a956d2a5eac773dff2f2317decfbcbaf82b510d8fc7558ca1b78fcdbcf9","0-91a0402218948dd5e417df79a86b154b12c1df95d9cefe5701965a4aea47a7c3","root.record.ItemExhibitList.P5Item.P10AdvanceProcurement.APCostElementCategoryList.CFE.APCostElement"
"Lockheeed Martin","Marietta GA","0","0","","","2015-BASE_PROCUREMENT-2015-AIRFORCE_AIRCRAFT_VOL1-PROCUREMENT_JustificationBook_Air_Force_PB_2015.zzz_unzipped-PROCUREMENT_JustificationBook_Air_Force_PB_2015.xml","d17d6ee2f2b2d7f3a6fe2a2b61898c3ff891fdea63f7b83d1db336a7c6f0ec04","1-46c10f9e6dd6721c55225d0cfcbf88c63a47f942ecc7e6b44851c8d3c967df04","0-91a0402218948dd5e417df79a86b154b12c1df95d9cefe5701965a4aea47a7c3","root.record.ItemExhibitList.P5Item.P10AdvanceProcurement.APCostElementCategoryList.CFE.APCostElement"
"Lockheed Martin","Fort Worth, TX","36","36","","","2015-BASE_PROCUREMENT-2015-AIRFORCE_AIRCRAFT_VOL2-PROCUREMENT_MasterJustificationBook_Air_Force_PB_2015.zzz_unzipped-PROCUREMENT_MasterJustificationBook_Air_Force_PB_2015.xml","a90a3faa8661f0958a0901808890d67093da1edc0728f26e9236e37ed3b54059","0-9467f1dc78e4b263c3f4d6c2220ab03e198cbd062e38e9120b7d64eb94c6d94f","0-22fdc891a721ef34bffeb27c1e9ced21e970e3c5574c2336229a9ee2fef4d8e4","root.record.ItemExhibitList.P5Item.P10AdvanceProcurement.APCostElementCategoryList.CFE.APCostElement"
"Lockheed Martin","Marietta GA","0","0","","","2015-BASE_PROCUREMENT-2015-AIRFORCE_AIRCRAFT_VOL2-PROCUREMENT_MasterJustificationBook_Air_Force_PB_2015.zzz_unzipped-PROCUREMENT_MasterJustificationBook_Air_Force_PB_2015.xml","8e9b86220f90ce455a14b686aeeb045957500e61279471fc35c4187b1270e5ed","0-6bd04f0da759538369f1a36403013cfe89d81a111f796499404dc13f01f837ff","0-9c74f04e6f7411ebe3169880c4ba90d81b6a5890b2fba9bb805713f7681f05f4","root.record.ItemExhibitList.P5Item.P10AdvanceProcurement.APCostElementCategoryList.CFE.APCostElement"
"Lockheed Martin","Marietta GA","0","0","","","2015-BASE_PROCUREMENT-2015-AIRFORCE_AIRCRAFT_VOL2-PROCUREMENT_MasterJustificationBook_Air_Force_PB_2015.zzz_unzipped-PROCUREMENT_MasterJustificationBook_Air_Force_PB_2015.xml","9d38bc75efdc1bb24fa15dd6fdcc79dd0ddabb23d16bb5fb0fb72b4ecbbd10cc","0-68dc8cbd316aa8649e68d442d56dcd359d27c81284e1a700077da74d686dce5e","0-d6ee88549aedc830b63311cf43290b1f4b80b12c18a05dfbc1715d0c1379ec06","root.record.ItemExhibitList.P5Item.P10AdvanceProcurement.APCostElementCategoryList.CFE.APCostElement"
"Lockheed Martin","Marietta GA","0","0","","","2015-BASE_PROCUREMENT-2015-AIRFORCE_AIRCRAFT_VOL2-PROCUREMENT_MasterJustificationBook_Air_Force_PB_2015.zzz_unzipped-PROCUREMENT_MasterJustificationBook_Air_Force_PB_2015.xml","a97dfc5ffa5535857cd61c3c158de84a1441decc875ced08ad568ff95d020f85","0-88a3f17b81036fe698bb42c74ec581aad4a3a7622510287a9cf1146a2a72a9d1","0-45f14bef4ca5dfee0d4086c70d6e8453854e541fffe108e309757d6ab71e6d19","root.record.ItemExhibitList.P5Item.P10AdvanceProcurement.APCostElementCategoryList.CFE.APCostElement"
"BELL BOEING","RIDLEY PARK, PA FT WORTH, TX AND AMARILLO, TX","0","0","","","2015-BASE_PROCUREMENT-2015-AIRFORCE_AIRCRAFT_VOL2-PROCUREMENT_MasterJustificationBook_Air_Force_PB_2015.zzz_unzipped-PROCUREMENT_MasterJustificationBook_Air_Force_PB_2015.xml","b1952ce40545e9f4efa9c33592b95ccb07e147da54dfcd401b9d7ac8ae77b263","0-9f82e642123499b033cb219d54f6e3495484a9f27afd9b2a84edcde196d193e3","0-a11fa7eb4495fa783407919bb0249cb486dd54d97f09257c8a3c66d7c3773342","root.record.ItemExhibitList.P5Item.P10AdvanceProcurement.APCostElementCategoryList.CFE.APCostElement"
"Lockheed Martin","Marietta GA","0","0","","","2015-BASE_PROCUREMENT-2015-AIRFORCE_AIRCRAFT_VOL2-PROCUREMENT_MasterJustificationBook_Air_Force_PB_2015.zzz_unzipped-PROCUREMENT_MasterJustificationBook_Air_Force_PB_2015.xml","fa565585ea6b9180349b6eeae04250ac133fa69073cf4dd01888b01b70af6ea2","0-d4ebccae491db5a86242fe81e551e0e25e7178a0cb0adfb0ebcd5f4c6c3fe7a5","0-d11b9dfc1e6d1f73928ea65860c6c1a07d4312f7306be86c0064c3fb603812d9","root.record.ItemExhibitList.P5Item.P10AdvanceProcurement.APCostElementCategoryList.CFE.APCostElement"
"Lockheeed Martin","Marietta GA","0","0","","","2015-BASE_PROCUREMENT-2015-AIRFORCE_AIRCRAFT_VOL2-PROCUREMENT_MasterJustificationBook_Air_Force_PB_2015.zzz_unzipped-PROCUREMENT_MasterJustificationBook_Air_Force_PB_2015.xml","fa565585ea6b9180349b6eeae04250ac133fa69073cf4dd01888b01b70af6ea2","1-e68f65a366480240ec2dbfd7cca0c74f6685b5693a85f388ae772c3278f6d1b4","0-d11b9dfc1e6d1f73928ea65860c6c1a07d4312f7306be86c0064c3fb603812d9","root.record.ItemExhibitList.P5Item.P10AdvanceProcurement.APCostElementCategoryList.CFE.APCostElement"
"Lockheed Martin","Marietta GA","0","0","","","2015-AMENDED_PROCUREMENT_AND_RDTE-2015-AIRFORCE_AMMO-PROCUREMENT_JustificationBook_Air_Force_PBAmended_2015.zzz_unzipped-PROCUREMENT_JustificationBook_Air_Force_PBAmended_2015.xml","d27cefc2bb72e82de7748f7a1d1ff2a8ff7ad30cf7027a91e47ee29dad986610","0-99d6d8123da1e5f2279108353eab12b082370fed1fcb389602e38c28a50b695e","0-89509e5d1c7dec576b9be609fe3638cc25a4eed61e159a327e07f83b9411f51c","root.record.ItemExhibitList.P5Item.P10AdvanceProcurement.APCostElementCategoryList.CFE.APCostElement"
"Lockheed Martin","Marietta GA","0","0","","","2015-AMENDED_PROCUREMENT_AND_RDTE-2015-AIRFORCE_AMMO-PROCUREMENT_MasterJustificationBook_Air_Force_PBAmended_2015.zzz_unzipped-PROCUREMENT_MasterJustificationBook_Air_Force_PBAmended_2015.xml","04277271467c34157fc353a716c1236673a9ef09c1f838c7ec2af5d1128b21cc","0-7f0a3b3581eebff0618cd36cd43d71edafe216aeed0388efae9b17c45987522c","0-528e38ce73f512eb2e02af38fb6a2f5684e8e2c8fc8e9fd1b96d4f86a0d2af25","root.record.ItemExhibitList.P5Item.P10AdvanceProcurement.APCostElementCategoryList.CFE.APCostElement"
"Lockheed Martin","Fort Worth, TX","36","36","","","2016-BASE_PROCUREMENT-2016-AIRFORCE_AIRCRAFT_VOL1-PROCUREMENT_JustificationBook_Air_Force_PB_2016.zzz_unzipped-PROCUREMENT_JustificationBook_Air_Force_PB_2016.xml","f44d2c667314c228d741f2c842043a3825974c3652ac39e3bfd27328ff6d2fa2","0-6b8d4e77d182f82e0829fc3106c542450c82074ad76c9b9ca979c6e3475c9fbc","0-cf6dad85646db3bd8894202cf6b05b2910e3655c86ba800e363fe6b241600a56","root.record.ItemExhibitList.P5Item.P10AdvanceProcurement.APCostElementCategoryList.CFE.APCostElement"
"Lockheed Martin","Marietta Ga","12","12","","","2016-BASE_PROCUREMENT-2016-AIRFORCE_AIRCRAFT_VOL1-PROCUREMENT_JustificationBook_Air_Force_PB_2016.zzz_unzipped-PROCUREMENT_JustificationBook_Air_Force_PB_2016.xml","2a3f7563d0ca311b4f7fc69de771b398377fd3242ec19b62e816a6fb3042cf7f","0-30446dbd336968b2ab4b1395a2802c50c86da0e3dd6ad71abe1fc6908a66d571","0-3c69c714eaa7de91724c60fdb317151eb2443617a02adb73bc194181c22a3f3c","root.record.ItemExhibitList.P5Item.P10AdvanceProcurement.APCostElementCategoryList.CFE.APCostElement"
"Lockheed Martin","Marietta GA","12","12","","","2016-BASE_PROCUREMENT-2016-AIRFORCE_AIRCRAFT_VOL1-PROCUREMENT_JustificationBook_Air_Force_PB_2016.zzz_unzipped-PROCUREMENT_JustificationBook_Air_Force_PB_2016.xml","9535a6b720b678b9fbd2222189c9490baa2e3868115637b4c43aca3f4a4572c5","0-1170e41b5d76b62a626b62df332de30206c86f016ff39a44f0459835b39fbf0c","0-2203c6e24395fba43e9d3d5b0c53fcc3a1d9b40f78328133ef7e255f11e2bb0d","root.record.ItemExhibitList.P5Item.P10AdvanceProcurement.APCostElementCategoryList.CFE.APCostElement"
"Lockheed Martin","Marietta GA","12","12","","","2016-BASE_PROCUREMENT-2016-AIRFORCE_AIRCRAFT_VOL1-PROCUREMENT_JustificationBook_Air_Force_PB_2016.zzz_unzipped-PROCUREMENT_JustificationBook_Air_Force_PB_2016.xml","81dae8c956c8274f566e8fb91367c91324c122720a6e6a82f0ee4c46eb84be60","0-f4114143eea27f7ea54f6119d61767dced3599112247c02b7e2050b236e5d786","0-8b627932ea03ffb6e4a8fdeecd3306f62f039aa80d4565cc6259727e817e3c07","root.record.ItemExhibitList.P5Item.P10AdvanceProcurement.APCostElementCategoryList.CFE.APCostElement"
"Lockheed Martin","Fort Worth, TX","36","36","","","2016-BASE_PROCUREMENT-2016-AIRFORCE_AIRCRAFT_VOL2-PROCUREMENT_MasterJustificationBook_Air_Force_PB_2016.zzz_unzipped-PROCUREMENT_MasterJustificationBook_Air_Force_PB_2016.xml","0485cf02b8635a606917d60c2337e492c40ded75ff14634776a8126fa7df23d7","0-19fd6480aed2d44ec2310bca347a27fe291033bc90d51e62b3f26ed33e42e4e9","0-70f75d648eab4057bde48031f309a519ac497ab5d724c341ec1f7b2fe07f2a93","root.record.ItemExhibitList.P5Item.P10AdvanceProcurement.APCostElementCategoryList.CFE.APCostElement"
"Lockheed Martin","Marietta Ga","12","12","","","2016-BASE_PROCUREMENT-2016-AIRFORCE_AIRCRAFT_VOL2-PROCUREMENT_MasterJustificationBook_Air_Force_PB_2016.zzz_unzipped-PROCUREMENT_MasterJustificationBook_Air_Force_PB_2016.xml","06413109f09458e1d20d0d8c668a4bfde7b94137945d7743cd97c2331c8391ee","0-18d889ab5079b1d3688a218eff110eed9494f57247a3d9c114d21f5a0dae3533","0-837347e067ede49cdfd5cb4f4ec137a945fab4c42a70e80416c01c7a65fcb1c7","root.record.ItemExhibitList.P5Item.P10AdvanceProcurement.APCostElementCategoryList.CFE.APCostElement"
"Lockheed Martin","Marietta GA","12","12","","","2016-BASE_PROCUREMENT-2016-AIRFORCE_AIRCRAFT_VOL2-PROCUREMENT_MasterJustificationBook_Air_Force_PB_2016.zzz_unzipped-PROCUREMENT_MasterJustificationBook_Air_Force_PB_2016.xml","065dabc8f50bb8c11fd03386b9b77f91b86bd31b64e57f28cf3442d5cb994770","0-3278dc9ac5b2cfaa6b004801cc8565824bbab80628b59523d2453278fe552d62","0-84dcc25ead3695b117eddf35588958c078597de8befef64a1e80dab5948c4afb","root.record.ItemExhibitList.P5Item.P10AdvanceProcurement.APCostElementCategoryList.CFE.APCostElement"
"Lockheed Martin","Marietta GA","12","12","","","2016-BASE_PROCUREMENT-2016-AIRFORCE_AIRCRAFT_VOL2-PROCUREMENT_MasterJustificationBook_Air_Force_PB_2016.zzz_unzipped-PROCUREMENT_MasterJustificationBook_Air_Force_PB_2016.xml","6c8b943a6de5398b0f3fdd5e076ae0cc947b82b18fb0c8528c7c34e5c1ca33d3","0-73b30184ff38d2b0c8480f25ab41580fb0c9abd63c8e8dfe9915d58a86380fb0","0-28a64546744cad262c75a9a0da0d380ac60f3bbd10d09ee43f3590e73143316d","root.record.ItemExhibitList.P5Item.P10AdvanceProcurement.APCostElementCategoryList.CFE.APCostElement"
"Raytheon","Tucson, AZ","29","29","0","0","2016-BASE_PROCUREMENT-2016-MDA-PROCUREMENT_JustificationBook_Missile_Defense_Agency_PB_2016.zzz_unzipped-PROCUREMENT_JustificationBook_Missile_Defense_Agency_PB_2016.xml","8fe681ed2a7b4397677aa6bf70676f250b32ded3546a6adb5424a1cf3206bbc3","0-460f6b92f197aa0660373f6d61879904d013213ef37a65d6ca0c1aedc8551b0b","0-2d03c91a78b7f84cacbcb364ec3000cc572bab3ff652a170c65e81b6a0d46054","root.record.ItemExhibitList.P5Item.P10AdvanceProcurement.APCostElementCategoryList.CFE.APCostElement"
"Raytheon","Tucson, AZ","29","29","0","0","2016-BASE_PROCUREMENT-2016-MDA-PROCUREMENT_MasterJustificationBook_Missile_Defense_Agency_PB_2016.zzz_unzipped-PROCUREMENT_MasterJustificationBook_Missile_Defense_Agency_PB_2016.xml","b4f2202771c2bfc95fdafd93a11aada31a8b14c6b9c5880fd0d937560581322f","0-7f46f95378ac51317fdf88e5c1c7e5a543f9c84dfdfd58ec5ebdcd7cdd6f47e7","0-985d180403ea36e05ddd3bcd152daa3e117741dbf0a8a29b2eeb58cd41bc5d22","root.record.ItemExhibitList.P5Item.P10AdvanceProcurement.APCostElementCategoryList.CFE.APCostElement"
"Bell Helicopter Textron, Inc","Hurst, TX","24","26","12","2","2016-BASE_PROCUREMENT-2016-NAVY_AIRCRAFT_BA1-4-PROCUREMENT_JustificationBook_Navy_PB_2016.zzz_unzipped-PROCUREMENT_JustificationBook_Navy_PB_2016.xml","eff48ca8dae347ca306f114bb715daec4def72353d74752d8add160f4080c2fe","0-9bd12dae63f61cffcfe49cd350bd9b299f787b01bf4490d85a71504e6961be6a","0-dcf134a91f89ffc5a11b8546d1f14718dba7cc8b1e056d28a16d7d4e372ea71c","root.record.ItemExhibitList.P5Item.P10AdvanceProcurement.APCostElementCategoryList.CFE.APCostElement"
"Bell Helicopter Textron, Inc","Hurst, TX","24","26","12","2","2016-BASE_PROCUREMENT-2016-NAVY_AIRCRAFT_BA1-4-PROCUREMENT_JustificationBook_Navy_PB_2016.zzz_unzipped-PROCUREMENT_JustificationBook_Navy_PB_2016.xml","eff48ca8dae347ca306f114bb715daec4def72353d74752d8add160f4080c2fe","0-61655d667f2bf90041625e16d2b1cc9724d6888219133774487a088bf8a762ea","1-e1dc50e427a277f9fe0b43744e04f5d8b836d5fb027c47c67064e4f564a7f510","root.record.ItemExhibitList.P5Item.P10AdvanceProcurement.APCostElementCategoryList.CFE.APCostElement"
"Bell Helicopter Textron, Inc","Hurst, TX","24","26","12","2","2016-BASE_PROCUREMENT-2016-NAVY_AIRCRAFT_BA1-4-PROCUREMENT_JustificationBook_Navy_PB_2016.zzz_unzipped-PROCUREMENT_JustificationBook_Navy_PB_2016.xml","eff48ca8dae347ca306f114bb715daec4def72353d74752d8add160f4080c2fe","0-fb4fbc2404220eebbcafe9fa49fb95665144b406a9aed2fb0cab0248aaace64b","2-303108091ab242d792256b543e09b0f9fc0c2c42a01bab76b79d6f54c28bf4fb","root.record.ItemExhibitList.P5Item.P10AdvanceProcurement.APCostElementCategoryList.CFE.APCostElement"
"Bell Helicopter Textron, Inc","Hurst, TX","24","26","12","2","2016-BASE_PROCUREMENT-2016-NAVY_AIRCRAFT_BA1-4-PROCUREMENT_JustificationBook_Navy_PB_2016.zzz_unzipped-PROCUREMENT_JustificationBook_Navy_PB_2016.xml","eff48ca8dae347ca306f114bb715daec4def72353d74752d8add160f4080c2fe","0-057f72b9b20cd6f96e1fb5402f6260476a0c9d109923812f0d550d06e3006308","0-0ba19c05d6059f8785f9f6c2c644ce1791a098970c30148012e08250e89d90cb","root.record.ItemExhibitList.P5Item.P10AdvanceProcurement.APCostElementCategoryList.CFE.APCostElement"
"Bell Helicopter Textron, Inc","Hurst, TX","24","26","12","2","2016-BASE_PROCUREMENT-2016-NAVY_AIRCRAFT_BA7-PROCUREMENT_MasterJustificationBook_Navy_PB_2016.zzz_unzipped-PROCUREMENT_MasterJustificationBook_Navy_PB_2016.xml","7bea2f559dc52dc7b29a49a1646bc05d4ef7fbf1ec3cb0fe1ea61c2c6d87b261","0-a4a0423ad55779379e95c03268dfe35de9e00007441490658608b58912b6d202","0-eb4977731ecbabc226d1144ec71555fae80405f51c90095d62bcbd68afe03432","root.record.ItemExhibitList.P5Item.P10AdvanceProcurement.APCostElementCategoryList.CFE.APCostElement"
"Bell Helicopter Textron, Inc","Hurst, TX","24","26","12","2","2016-BASE_PROCUREMENT-2016-NAVY_AIRCRAFT_BA7-PROCUREMENT_MasterJustificationBook_Navy_PB_2016.zzz_unzipped-PROCUREMENT_MasterJustificationBook_Navy_PB_2016.xml","7bea2f559dc52dc7b29a49a1646bc05d4ef7fbf1ec3cb0fe1ea61c2c6d87b261","0-918b3c0ffe5edf691aca966403e7e982553c2af50169f0d82f57ef156e728c88","1-ee2b42a6de512159d15c12afff62368f58b2d1d2c77380a678a32d50953dc320","root.record.ItemExhibitList.P5Item.P10AdvanceProcurement.APCostElementCategoryList.CFE.APCostElement"
"Bell Helicopter Textron, Inc","Hurst, TX","24","26","12","2","2016-BASE_PROCUREMENT-2016-NAVY_AIRCRAFT_BA7-PROCUREMENT_MasterJustificationBook_Navy_PB_2016.zzz_unzipped-PROCUREMENT_MasterJustificationBook_Navy_PB_2016.xml","7bea2f559dc52dc7b29a49a1646bc05d4ef7fbf1ec3cb0fe1ea61c2c6d87b261","0-081709eaa27ac70582e9396d5edd7d5c2ba98c8df77693b3b3fafd5603eb1108","2-758e5afe3e7faec2173448c6f59444903385d218d873b02bdd85e48e844acb49","root.record.ItemExhibitList.P5Item.P10AdvanceProcurement.APCostElementCategoryList.CFE.APCostElement"
"Bell Helicopter Textron, Inc","Hurst, TX","24","26","12","2","2016-BASE_PROCUREMENT-2016-NAVY_AIRCRAFT_BA7-PROCUREMENT_MasterJustificationBook_Navy_PB_2016.zzz_unzipped-PROCUREMENT_MasterJustificationBook_Navy_PB_2016.xml","7bea2f559dc52dc7b29a49a1646bc05d4ef7fbf1ec3cb0fe1ea61c2c6d87b261","0-ff5aac1084234fce7a22ec3fca2cacd09366892dea21ca0461e45cd37041bb2c","0-4bb671925e87eb61e26ee1d52b48b7ff5744c43a416a4f0bbc8a936506cfff80","root.record.ItemExhibitList.P5Item.P10AdvanceProcurement.APCostElementCategoryList.CFE.APCostElement"
"Lockheed Martin","Fort Worth, TX","18","18","","","2017-BASE_PROCUREMENT-2017-AIRFORCE_AIRCRAFT_VOL1-U_PROCUREMENT_JustificationBook_Air_Force_PB_2017.zzz_unzipped-U_PROCUREMENT_JustificationBook_Air_Force_PB_2017.xml","ee296b91c541d56100cb2ac046f671d1a95422b7bfedefe8ed6f428e04be3c20","0-83f3f50271ff158fa01524403452663a28c7820a035d08e435a31d0fd7cdba0d","0-7adc2b4206b7659edd7cdde562a2dea4d1f0ee5567bfe6d534845693e7941bbe","root.record.ItemExhibitList.P5Item.P10AdvanceProcurement.APCostElementCategoryList.CFE.APCostElement"
"Lockheed Martin","Marietta GA","0","0","","","2017-BASE_PROCUREMENT-2017-AIRFORCE_AIRCRAFT_VOL1-U_PROCUREMENT_JustificationBook_Air_Force_PB_2017.zzz_unzipped-U_PROCUREMENT_JustificationBook_Air_Force_PB_2017.xml","317e5965462e9d7678fc4f02896e5cee9bbda817cad2e5ad9c2290b851dba197","0-562c19032d77400bb74c31e5d94695b431fb2f546fe58f5410235af46cf47264","0-db0a25aefc98f7123618ef99a65fe1c94d2d3bdf9f0447cf6bf6b75e2bb9cb6a","root.record.ItemExhibitList.P5Item.P10AdvanceProcurement.APCostElementCategoryList.CFE.APCostElement"
"Lockheed Martin","Marietta GA","12","12","","","2017-BASE_PROCUREMENT-2017-AIRFORCE_AIRCRAFT_VOL1-U_PROCUREMENT_JustificationBook_Air_Force_PB_2017.zzz_unzipped-U_PROCUREMENT_JustificationBook_Air_Force_PB_2017.xml","04b39301635aa03a7b974c8a1151aafada20c596b5345242252608dac900590d","0-53d37b48acb630ba0ddbe36909f4e22deaf6b193f5994d5dc6d63392f0b4dacd","0-1a6b7d5898e4cf8b34f847f69dd450d9d8ea1e20e6d72b89807e43e7f8d9a6bd","root.record.ItemExhibitList.P5Item.P10AdvanceProcurement.APCostElementCategoryList.CFE.APCostElement"
"Lockheed Martin","Marietta GA","12","12","","","2017-BASE_PROCUREMENT-2017-AIRFORCE_AIRCRAFT_VOL1-U_PROCUREMENT_JustificationBook_Air_Force_PB_2017.zzz_unzipped-U_PROCUREMENT_JustificationBook_Air_Force_PB_2017.xml","dfceced65c92fa65682ab45ae434a30edc54231102355ccb2d0cccb8c70865c0","0-8f49c6f0ddd7cad5b8a15cf41c368050cac0f9a17d0a3b9fa807d88fb3e46be9","0-113b46d6782e5d341dda0632e5e0a0fef835261ae6f59b903ea779a37cdf43ea","root.record.ItemExhibitList.P5Item.P10AdvanceProcurement.APCostElementCategoryList.CFE.APCostElement"
"Lockheed Martin","Fort Worth, TX","18","18","","","2017-BASE_PROCUREMENT-2017-AIRFORCE_AIRCRAFT_VOL1-U_PROCUREMENT_MasterJustificationBook_Air_Force_PB_2017.zzz_unzipped-U_PROCUREMENT_MasterJustificationBook_Air_Force_PB_2017.xml","54ceb5c06156f9c55e6b849926ac030a11c42ee97375688e8ebb955b86c8ae13","0-b102a961b5a640901bcb80dcb52c8ebf35f7edc80be6ff227cb3a5c84da96b8b","0-efd5ba26771c4f2c35a4425da4f1aebe82a3c09efdb270ccb32c503c9a7fc54c","root.record.ItemExhibitList.P5Item.P10AdvanceProcurement.APCostElementCategoryList.CFE.APCostElement"
"Lockheed Martin","Marietta GA","0","0","","","2017-BASE_PROCUREMENT-2017-AIRFORCE_AIRCRAFT_VOL1-U_PROCUREMENT_MasterJustificationBook_Air_Force_PB_2017.zzz_unzipped-U_PROCUREMENT_MasterJustificationBook_Air_Force_PB_2017.xml","1e24abaeefbb873f569d9b38ff04ead3b13c188ded0a995438fc26ef309c4d70","0-2b75d5967492c7ede6ad21bdb269fd1ef16199fcfe8941c7621a9d97bb609174","0-0205caf4aaf4a2eb57580da35f8b501cd29b8d9263346e70d676c9ca4169235e","root.record.ItemExhibitList.P5Item.P10AdvanceProcurement.APCostElementCategoryList.CFE.APCostElement"
"Lockheed Martin","Marietta GA","12","12","","","2017-BASE_PROCUREMENT-2017-AIRFORCE_AIRCRAFT_VOL1-U_PROCUREMENT_MasterJustificationBook_Air_Force_PB_2017.zzz_unzipped-U_PROCUREMENT_MasterJustificationBook_Air_Force_PB_2017.xml","aaa3897ab1e9054e10ccba0b0bb9ce360d96a0672f9728a2ddce5dfd5536a8e9","0-6b4f73461517798bb010c2a36c881024920fe874e29081e8fc2628c48d04d52c","0-abdc0318e6bcd8f958686495b2ae81702d7572f99407436137bf9ce56d24c350","root.record.ItemExhibitList.P5Item.P10AdvanceProcurement.APCostElementCategoryList.CFE.APCostElement"
"Lockheed Martin","Marietta GA","12","12","","","2017-BASE_PROCUREMENT-2017-AIRFORCE_AIRCRAFT_VOL1-U_PROCUREMENT_MasterJustificationBook_Air_Force_PB_2017.zzz_unzipped-U_PROCUREMENT_MasterJustificationBook_Air_Force_PB_2017.xml","f8d8f61e907a74fdbcc61c2f963800089af997881e4e9977e7629b29e606e7f9","0-02ba92a416b97abbe02e22181b3ed3005df2b30dffdf138724ce72b135fcc142","0-df5261af88f0bfe127c724dddca2f62c9d738042de4750bf12d1e12009d0e389","root.record.ItemExhibitList.P5Item.P10AdvanceProcurement.APCostElementCategoryList.CFE.APCostElement"
"Lockheed Martin","Fort Worth, TX","18","18","","","2017-BASE_PROCUREMENT-2017-AIRFORCE_AIRCRAFT_VOL2-U_PROCUREMENT_MasterJustificationBook_Air_Force_PB_2017.zzz_unzipped-U_PROCUREMENT_MasterJustificationBook_Air_Force_PB_2017.xml","078d421d81190ecf8a486faab49d2e8ea4d456b0d51f6459cc6c7199455602cd","0-1ef6e05d6420e3d576b19b5b0bb8aad391ab3c71c796dcc1c24164076f212478","0-a4ce1f6903a20e2a46fc619ea7fdfb15e48b8910a2b03822b61193fca1ed3a81","root.record.ItemExhibitList.P5Item.P10AdvanceProcurement.APCostElementCategoryList.CFE.APCostElement"
"Lockheed Martin","Marietta GA","0","0","","","2017-BASE_PROCUREMENT-2017-AIRFORCE_AIRCRAFT_VOL2-U_PROCUREMENT_MasterJustificationBook_Air_Force_PB_2017.zzz_unzipped-U_PROCUREMENT_MasterJustificationBook_Air_Force_PB_2017.xml","e69e07728276534fdfa55b2844b939d33d50eb19a45e7ddc2b78cbe832e14bba","0-61e298ca07953a1d988afab3322b942c5754996d1216b44b9a4ef534aa1cc25b","0-65bd0b39eb001a8ebc97c2b38b0cacfb159c1444305c69dfb9a3224b4aee2f6f","root.record.ItemExhibitList.P5Item.P10AdvanceProcurement.APCostElementCategoryList.CFE.APCostElement"
"Lockheed Martin","Marietta GA","12","12","","","2017-BASE_PROCUREMENT-2017-AIRFORCE_AIRCRAFT_VOL2-U_PROCUREMENT_MasterJustificationBook_Air_Force_PB_2017.zzz_unzipped-U_PROCUREMENT_MasterJustificationBook_Air_Force_PB_2017.xml","04c0c41116e5f6904b16bf76340a6959e7f09069c196fcfad2d2be879207724f","0-e3d23db0bc09a953b184c3375bf5043e23bf817dd0710f30f8fea8ff8640e466","0-b06bfd4bcdbf4f83ba151f55199b0fa82070f44192337118cb949ba405cd3b74","root.record.ItemExhibitList.P5Item.P10AdvanceProcurement.APCostElementCategoryList.CFE.APCostElement"
"Lockheed Martin","Marietta GA","12","12","","","2017-BASE_PROCUREMENT-2017-AIRFORCE_AIRCRAFT_VOL2-U_PROCUREMENT_MasterJustificationBook_Air_Force_PB_2017.zzz_unzipped-U_PROCUREMENT_MasterJustificationBook_Air_Force_PB_2017.xml","0dd91f4446d3575886727ff6a8249093ad91205b21e77ef7cfe082bffa942faf","0-4dd776ab37659b009d4c486345e15db9159fe280575b0454d2ed28680f60e0b8","0-0158ba2523a9759048c300a626e131e5cf805cacf90e60a5d59cb26d6cea4c40","root.record.ItemExhibitList.P5Item.P10AdvanceProcurement.APCostElementCategoryList.CFE.APCostElement"
"Bell Helicopter Textron, Inc","Hurst, TX","24","26","12","2","2017-BASE_PROCUREMENT-2017-NAVY_AIRCRAFT_BA1-4-U_PROCUREMENT_JustificationBook_Navy_PB_2017.zzz_unzipped-U_PROCUREMENT_JustificationBook_Navy_PB_2017.xml","1936e4723702c1ff211c3d30084fcc5c0d895218ba10b3bbe06db44ee16a628f","0-68f62a46583333d318458733128c7b725839dfe45db7f265622394e11ff4f36e","0-cedf8c9ea5dec4d395f8aed624bfe4dd218ed777cf4e3eb4f019ab6a05b5cbd9","root.record.ItemExhibitList.P5Item.P10AdvanceProcurement.APCostElementCategoryList.CFE.APCostElement"
"Bell Helicopter Textron, Inc","Hurst, TX","24","26","12","2","2017-BASE_PROCUREMENT-2017-NAVY_AIRCRAFT_BA1-4-U_PROCUREMENT_JustificationBook_Navy_PB_2017.zzz_unzipped-U_PROCUREMENT_JustificationBook_Navy_PB_2017.xml","1936e4723702c1ff211c3d30084fcc5c0d895218ba10b3bbe06db44ee16a628f","0-de11afeb76e98916895c4fa21f4dfe4e98a42e385f46806da6e263453fea3288","1-cab17f097c2371ddb828345be4f5c5d12ac9d9b6b0ca31c40b109c7ef1bfb13d","root.record.ItemExhibitList.P5Item.P10AdvanceProcurement.APCostElementCategoryList.CFE.APCostElement"
"Bell Helicopter Textron, Inc","Hurst, TX","24","26","12","2","2017-BASE_PROCUREMENT-2017-NAVY_AIRCRAFT_BA1-4-U_PROCUREMENT_JustificationBook_Navy_PB_2017.zzz_unzipped-U_PROCUREMENT_JustificationBook_Navy_PB_2017.xml","1936e4723702c1ff211c3d30084fcc5c0d895218ba10b3bbe06db44ee16a628f","0-320812ca43092eeb4a3bc02ce8f62d260a0ef859123e821c2a6fed201fe7b5e8","2-c0944ea7b5ffbe0d55967ba719a9aefef614c796ada5d2dc788e1564ea48076a","root.record.ItemExhibitList.P5Item.P10AdvanceProcurement.APCostElementCategoryList.CFE.APCostElement"
"Bell Helicopter Textron, Inc","Hurst, TX","24","26","12","2","2017-BASE_PROCUREMENT-2017-NAVY_AIRCRAFT_BA1-4-U_PROCUREMENT_JustificationBook_Navy_PB_2017.zzz_unzipped-U_PROCUREMENT_JustificationBook_Navy_PB_2017.xml","1936e4723702c1ff211c3d30084fcc5c0d895218ba10b3bbe06db44ee16a628f","0-f9906374e432df26d6bfc2c7986c59fe00e7a6a0496f4627115007d6fa6bed01","0-405ff99261b4e3f1ffffe451e5b5cce13bc1d0d4800fb19bed2b82afe5bcd812","root.record.ItemExhibitList.P5Item.P10AdvanceProcurement.APCostElementCategoryList.CFE.APCostElement"
"Bell Helicopter Textron, Inc","Hurst, TX","24","26","12","2","2017-BASE_PROCUREMENT-2017-NAVY_AIRCRAFT_BA7-U_PROCUREMENT_MasterJustificationBook_Navy_PB_2017.zzz_unzipped-U_PROCUREMENT_MasterJustificationBook_Navy_PB_2017.xml","b74251d985a4af1a6c0d55df2a4cb30f1e1a3fc2f34ea51f8ef53d0edb073e87","0-0a12ba53896da6b24dbef149b9b5e143ca50a9bf5f0716b6266519bb5db76ed7","0-08caf62ea460b13e4e8d2c5b2bbf99ce255a3caa68a16ce101134e04f049b162","root.record.ItemExhibitList.P5Item.P10AdvanceProcurement.APCostElementCategoryList.CFE.APCostElement"
"Bell Helicopter Textron, Inc","Hurst, TX","24","26","12","2","2017-BASE_PROCUREMENT-2017-NAVY_AIRCRAFT_BA7-U_PROCUREMENT_MasterJustificationBook_Navy_PB_2017.zzz_unzipped-U_PROCUREMENT_MasterJustificationBook_Navy_PB_2017.xml","b74251d985a4af1a6c0d55df2a4cb30f1e1a3fc2f34ea51f8ef53d0edb073e87","0-2c8ee291a5bfea2ad7b7b7544a225d0631488c15b719a48abb2b94f688cedfbe","1-123d92410def8df39840ea41a345196c176545f85bd9397c397b542aaeaa19fa","root.record.ItemExhibitList.P5Item.P10AdvanceProcurement.APCostElementCategoryList.CFE.APCostElement"
"Bell Helicopter Textron, Inc","Hurst, TX","24","26","12","2","2017-BASE_PROCUREMENT-2017-NAVY_AIRCRAFT_BA7-U_PROCUREMENT_MasterJustificationBook_Navy_PB_2017.zzz_unzipped-U_PROCUREMENT_MasterJustificationBook_Navy_PB_2017.xml","b74251d985a4af1a6c0d55df2a4cb30f1e1a3fc2f34ea51f8ef53d0edb073e87","0-57b88ac50eaad19674eff9e6ccd7dfc60a6f3bf32c593351328141dce6b8d0ae","2-d01528e769ec26b62304138184b266bbcbf50195529cb34afd987b82bbc321da","root.record.ItemExhibitList.P5Item.P10AdvanceProcurement.APCostElementCategoryList.CFE.APCostElement"
"Bell Helicopter Textron, Inc","Hurst, TX","24","26","12","2","2017-BASE_PROCUREMENT-2017-NAVY_AIRCRAFT_BA7-U_PROCUREMENT_MasterJustificationBook_Navy_PB_2017.zzz_unzipped-U_PROCUREMENT_MasterJustificationBook_Navy_PB_2017.xml","b74251d985a4af1a6c0d55df2a4cb30f1e1a3fc2f34ea51f8ef53d0edb073e87","0-f836a2766839841c31cc89c5125e9179f9f19a154a6c3ba3c763106d7ff26254","0-318edc74d943a9453894c17757cf0bd1652b00716cb224ba8ead54fa48416b04","root.record.ItemExhibitList.P5Item.P10AdvanceProcurement.APCostElementCategoryList.CFE.APCostElement"
"Lockheed Martin","Fort Worth, TX","18","18","","","2018-BASE_PROCUREMENT-2018-AIRFORCE_AIRCRAFT_VOL1-U_PROCUREMENT_JustificationBook_Air_Force_PB_2018.zzz_unzipped-U_PROCUREMENT_JustificationBook_Air_Force_PB_2018.xml","a30f2c236c5384ee16ac505377b81d18639f300a5bc38116f7a4b25eef710752","0-7159681fec8a8d413dd63f9bc76ab76ad929d5fb7f2f07fa2c75fdc6ac7f3318","0-896e377fda95764dbbae62a6075b04fec00016a01ec2efb4c6e65005b7873c88","root.record.ItemExhibitList.P5Item.P10AdvanceProcurement.APCostElementCategoryList.CFE.APCostElement"
"Lockheed Martin","Fort Worth, TX","18","18","","","2018-BASE_PROCUREMENT-2018-AIRFORCE_AIRCRAFT_VOL1-U_PROCUREMENT_JustificationBook_Air_Force_PB_2018.zzz_unzipped-U_PROCUREMENT_JustificationBook_Air_Force_PB_2018.xml","a30f2c236c5384ee16ac505377b81d18639f300a5bc38116f7a4b25eef710752","0-d5125d5b23adc925cc0ee5b4fe24996fd69fd64e8efb068cc1677322ddbae0a0","1-1c8f322c71e1028e4f7d217ae3fe2c80e528160e1567f08c3032708a98a1f574","root.record.ItemExhibitList.P5Item.P10AdvanceProcurement.APCostElementCategoryList.CFE.APCostElement"
"Lockheed Martin","Fort Worth, TX","30","30","","","2018-BASE_PROCUREMENT-2018-AIRFORCE_AIRCRAFT_VOL1-U_PROCUREMENT_JustificationBook_Air_Force_PB_2018.zzz_unzipped-U_PROCUREMENT_JustificationBook_Air_Force_PB_2018.xml","a30f2c236c5384ee16ac505377b81d18639f300a5bc38116f7a4b25eef710752","0-5e30059e71ec8303fa3fc68b57e79ac87e7e4599caed51f07ac16c79a406f01b","2-c204a8153ca9ce019f3fb27cc20f8a2a6836fc9c893809c05e58633bc1018683","root.record.ItemExhibitList.P5Item.P10AdvanceProcurement.APCostElementCategoryList.CFE.APCostElement"
"Lockheed Martin","Fort Worth, TX","0","0","","","2018-BASE_PROCUREMENT-2018-AIRFORCE_AIRCRAFT_VOL1-U_PROCUREMENT_JustificationBook_Air_Force_PB_2018.zzz_unzipped-U_PROCUREMENT_JustificationBook_Air_Force_PB_2018.xml","a30f2c236c5384ee16ac505377b81d18639f300a5bc38116f7a4b25eef710752","0-d5a24c7b8eeb3f0161ad61607091347cc061ff42c56d1f64336ff58fa71e82f4","3-23924da52d689ed7694ff62aa9cd12bf98cd092110de1543f7310566928e4fa6","root.record.ItemExhibitList.P5Item.P10AdvanceProcurement.APCostElementCategoryList.CFE.APCostElement"
"Lockheed Martin","Fort Worth, TX","0","0","","","2018-BASE_PROCUREMENT-2018-AIRFORCE_AIRCRAFT_VOL1-U_PROCUREMENT_JustificationBook_Air_Force_PB_2018.zzz_unzipped-U_PROCUREMENT_JustificationBook_Air_Force_PB_2018.xml","a30f2c236c5384ee16ac505377b81d18639f300a5bc38116f7a4b25eef710752","0-a48501f1c0ec091a956a45ea639a57122fef814864eb6c3f50357a536591c3e3","4-f5c1d4232999ccf4b70009565cc6e0b3f0fb1350a0c2efe20cc3e36a807b189d","root.record.ItemExhibitList.P5Item.P10AdvanceProcurement.APCostElementCategoryList.CFE.APCostElement"
"Lockheed Martin","Fort Worth, TX","0","0","","","2018-BASE_PROCUREMENT-2018-AIRFORCE_AIRCRAFT_VOL1-U_PROCUREMENT_JustificationBook_Air_Force_PB_2018.zzz_unzipped-U_PROCUREMENT_JustificationBook_Air_Force_PB_2018.xml","a30f2c236c5384ee16ac505377b81d18639f300a5bc38116f7a4b25eef710752","0-ebdfde8e1b42fb5b020e00ac3c30a3c3bb5b9f9fae89474bba6a9e12092d6bed","5-c7b2ee568a61343837b82e16b2fea49f9f7571c682c12ae18e91c5d06a4895f0","root.record.ItemExhibitList.P5Item.P10AdvanceProcurement.APCostElementCategoryList.CFE.APCostElement"
"Lockheed Martin","Fort Worth, TX","0","0","","","2018-BASE_PROCUREMENT-2018-AIRFORCE_AIRCRAFT_VOL1-U_PROCUREMENT_JustificationBook_Air_Force_PB_2018.zzz_unzipped-U_PROCUREMENT_JustificationBook_Air_Force_PB_2018.xml","a30f2c236c5384ee16ac505377b81d18639f300a5bc38116f7a4b25eef710752","0-0cc485b4fca86880b009b7ea98be5eca82a4764b3649662570f6e6e32a5b93ca","6-73bc7c7415ea3d8267789ed8c802fc83135e427818fcac0e0f87739da087f4c3","root.record.ItemExhibitList.P5Item.P10AdvanceProcurement.APCostElementCategoryList.CFE.APCostElement"
"N//A","N/A","12","12","","","2018-BASE_PROCUREMENT-2018-AIRFORCE_AIRCRAFT_VOL1-U_PROCUREMENT_JustificationBook_Air_Force_PB_2018.zzz_unzipped-U_PROCUREMENT_JustificationBook_Air_Force_PB_2018.xml","3013d2c99ef7883e19c7b93224fdff50f8c7263434425601604d25632bc020a5","0-53e50532958f63b20ad2afc382570fcaa78c01983f4176436eea6be413f902d1","0-b2e86137205827524c188a0eca88cc7fdbc92e892b471033d217666621d26ec9","root.record.ItemExhibitList.P5Item.P10AdvanceProcurement.APCostElementCategoryList.CFE.APCostElement"
"Lockheed Martin","Marietta GA","12","12","","","2018-BASE_PROCUREMENT-2018-AIRFORCE_AIRCRAFT_VOL1-U_PROCUREMENT_JustificationBook_Air_Force_PB_2018.zzz_unzipped-U_PROCUREMENT_JustificationBook_Air_Force_PB_2018.xml","1064caa6aad62d617f267eeab8b71ff24316efc723669cb41e40e5531ed97467","0-5a043784eff5815454c56f365cf65c0485f5578df555dbca8fe52109ee50a361","0-77d32c2ecd0e95d9f024d44d83e17b44b543cf3d319e32099e8184e542d3a35b","root.record.ItemExhibitList.P5Item.P10AdvanceProcurement.APCostElementCategoryList.CFE.APCostElement"
"Lockheed Martin","Marietta GA","12","12","","","2018-BASE_PROCUREMENT-2018-AIRFORCE_AIRCRAFT_VOL1-U_PROCUREMENT_JustificationBook_Air_Force_PB_2018.zzz_unzipped-U_PROCUREMENT_JustificationBook_Air_Force_PB_2018.xml","5282f14dc345aeb069c9862d0a8e6f568c12f7a22a00e4757ffea9e6ec73b23d","0-dfac4848c2594cdd0a09019e8f402b889f258038f73e1b8bbbb3bced201ba718","0-fd864eae2e98e5183e86407a5bcf63cda89ec5594b46f59c93d0ac33653f9058","root.record.ItemExhibitList.P5Item.P10AdvanceProcurement.APCostElementCategoryList.CFE.APCostElement"
"Lockheed Martin","Fort Worth, TX","18","18","","","2018-BASE_PROCUREMENT-2018-AIRFORCE_AIRCRAFT_VOL2-U_PROCUREMENT_MasterJustificationBook_Air_Force_PB_2018.zzz_unzipped-U_PROCUREMENT_MasterJustificationBook_Air_Force_PB_2018.xml","ec7c8fc0c391f9422d637e8cf6c3d4a59f3faa8a33fbbc2a34a2ae7115414e56","0-5dbf1f2846f3dac51117d7cdef4b2b05b4ef7eb94bea33c661f0953fb010b50b","0-92db34feb76e800c51033bf9e79d85de4b18711de6ba6b7af48295ba65d80063","root.record.ItemExhibitList.P5Item.P10AdvanceProcurement.APCostElementCategoryList.CFE.APCostElement"
"Lockheed Martin","Fort Worth, TX","18","18","","","2018-BASE_PROCUREMENT-2018-AIRFORCE_AIRCRAFT_VOL2-U_PROCUREMENT_MasterJustificationBook_Air_Force_PB_2018.zzz_unzipped-U_PROCUREMENT_MasterJustificationBook_Air_Force_PB_2018.xml","ec7c8fc0c391f9422d637e8cf6c3d4a59f3faa8a33fbbc2a34a2ae7115414e56","0-7d45ae07c45ad7de3c016b5e7e1c0865438be96e8e3525d41590b842e1c36383","1-59182f46fdb8606188f2ab4d5fb5a0e0410bf2537f1d6e96aa5264a8d3df4322","root.record.ItemExhibitList.P5Item.P10AdvanceProcurement.APCostElementCategoryList.CFE.APCostElement"
"Lockheed Martin","Fort Worth, TX","30","30","","","2018-BASE_PROCUREMENT-2018-AIRFORCE_AIRCRAFT_VOL2-U_PROCUREMENT_MasterJustificationBook_Air_Force_PB_2018.zzz_unzipped-U_PROCUREMENT_MasterJustificationBook_Air_Force_PB_2018.xml","ec7c8fc0c391f9422d637e8cf6c3d4a59f3faa8a33fbbc2a34a2ae7115414e56","0-df4d49117c21724c39af420353b8d1502245d98cb154fa4c575363a56a3c7d97","2-49fcb9b84a70793e4215ec0f265015aef26fd6878aa738f5f3236c792445ecaf","root.record.ItemExhibitList.P5Item.P10AdvanceProcurement.APCostElementCategoryList.CFE.APCostElement"
"Lockheed Martin","Fort Worth, TX","0","0","","","2018-BASE_PROCUREMENT-2018-AIRFORCE_AIRCRAFT_VOL2-U_PROCUREMENT_MasterJustificationBook_Air_Force_PB_2018.zzz_unzipped-U_PROCUREMENT_MasterJustificationBook_Air_Force_PB_2018.xml","ec7c8fc0c391f9422d637e8cf6c3d4a59f3faa8a33fbbc2a34a2ae7115414e56","0-4bc99a36e031a8ab822d71a215b269b7bcd7a42698e632c7893536463c1b792f","3-b04ec1ade975fea68855c0d0e7b9d789945da291786f6521f23f295969c0e640","root.record.ItemExhibitList.P5Item.P10AdvanceProcurement.APCostElementCategoryList.CFE.APCostElement"
"Lockheed Martin","Fort Worth, TX","0","0","","","2018-BASE_PROCUREMENT-2018-AIRFORCE_AIRCRAFT_VOL2-U_PROCUREMENT_MasterJustificationBook_Air_Force_PB_2018.zzz_unzipped-U_PROCUREMENT_MasterJustificationBook_Air_Force_PB_2018.xml","ec7c8fc0c391f9422d637e8cf6c3d4a59f3faa8a33fbbc2a34a2ae7115414e56","0-3f66b8e70e4afa534a75dfd84f829c77742fd3b272d7fb077278bf0eb3a4fa5a","4-471919a097939f8d8aa7435c940b64c44cf4bd053af14d61b13d344d5e85dbbb","root.record.ItemExhibitList.P5Item.P10AdvanceProcurement.APCostElementCategoryList.CFE.APCostElement"
"Lockheed Martin","Fort Worth, TX","0","0","","","2018-BASE_PROCUREMENT-2018-AIRFORCE_AIRCRAFT_VOL2-U_PROCUREMENT_MasterJustificationBook_Air_Force_PB_2018.zzz_unzipped-U_PROCUREMENT_MasterJustificationBook_Air_Force_PB_2018.xml","ec7c8fc0c391f9422d637e8cf6c3d4a59f3faa8a33fbbc2a34a2ae7115414e56","0-48588a86baf405bdbd708ea02c6f1ea5c0feeae4ff9748c40176d55f3bbb9ee9","5-a561c004416a0bc9afff9c5de480a34ca0bd7734c3995720b30c2fa733f0a3eb","root.record.ItemExhibitList.P5Item.P10AdvanceProcurement.APCostElementCategoryList.CFE.APCostElement"
"Lockheed Martin","Fort Worth, TX","0","0","","","2018-BASE_PROCUREMENT-2018-AIRFORCE_AIRCRAFT_VOL2-U_PROCUREMENT_MasterJustificationBook_Air_Force_PB_2018.zzz_unzipped-U_PROCUREMENT_MasterJustificationBook_Air_Force_PB_2018.xml","ec7c8fc0c391f9422d637e8cf6c3d4a59f3faa8a33fbbc2a34a2ae7115414e56","0-00f65126c2f56ae6a316ac445141e742127b9e9dcf6364f3dff3085fa95a4618","6-91567e028a4cff7806d5e3b70fb2d7a9efa35f923000d2e65a80fc0451b9f283","root.record.ItemExhibitList.P5Item.P10AdvanceProcurement.APCostElementCategoryList.CFE.APCostElement"
"N//A","N/A","12","12","","","2018-BASE_PROCUREMENT-2018-AIRFORCE_AIRCRAFT_VOL2-U_PROCUREMENT_MasterJustificationBook_Air_Force_PB_2018.zzz_unzipped-U_PROCUREMENT_MasterJustificationBook_Air_Force_PB_2018.xml","f11abe99c918ba00d36c7bd6b850c69903d0cf64dd50e793b748479423a9a87c","0-9dd1e788251c62396431307b7a67819045b54cd3790315e5f0f0a75fc18cc8dd","0-24cfbd342bc2c3cf4e3b73e64e4d86a736cdc067920cc590a691422e1dbd2977","root.record.ItemExhibitList.P5Item.P10AdvanceProcurement.APCostElementCategoryList.CFE.APCostElement"
"Lockheed Martin","Marietta GA","12","12","","","2018-BASE_PROCUREMENT-2018-AIRFORCE_AIRCRAFT_VOL2-U_PROCUREMENT_MasterJustificationBook_Air_Force_PB_2018.zzz_unzipped-U_PROCUREMENT_MasterJustificationBook_Air_Force_PB_2018.xml","52d3e8eceb99048e70461d8badb057e5f9170779e5b578ac08b8b3a06143352f","0-98faaaf014d93c08f86722a4dc76b2c621ecff943f5d0ad5011f58249c76f8d4","0-094536a962f80b8a9a3faafb49631410b721397cf4a6e23bb95a56cbcc96ddc2","root.record.ItemExhibitList.P5Item.P10AdvanceProcurement.APCostElementCategoryList.CFE.APCostElement"
"Lockheed Martin","Marietta GA","12","12","","","2018-BASE_PROCUREMENT-2018-AIRFORCE_AIRCRAFT_VOL2-U_PROCUREMENT_MasterJustificationBook_Air_Force_PB_2018.zzz_unzipped-U_PROCUREMENT_MasterJustificationBook_Air_Force_PB_2018.xml","3a9accd390ed2b4c0db815f8762265e56f4da2f42dfd3f6bf46e7026cfaa4062","0-26332bbf5f118538f230630894b99a38b9a3112dd11afce7a3f02e608d367be9","0-d3e310dde90b1f0feec44955aedaea34ee49b771a35457e2cb8a1b13727f4534","root.record.ItemExhibitList.P5Item.P10AdvanceProcurement.APCostElementCategoryList.CFE.APCostElement"
"TBD","TBD","11","11","","","2018-BASE_PROCUREMENT-2018-AIRFORCE_AMMUNITION-U_PROCUREMENT_JustificationBook_Air_Force_PB_2018.zzz_unzipped-U_PROCUREMENT_JustificationBook_Air_Force_PB_2018.xml","4e556b87336aa79100d4803e900d244a7156d4dd8d8f6b26cd3ec27f992e16fb","0-d24575542657be51a38fa3412793d69ee25e3de3b50e8a1f490b16d9776d454b","0-71b484e70fe441d905d180da9c06092fdf8001736c0387bf0fc04a9448fea9b4","root.record.ItemExhibitList.P5Item.P10AdvanceProcurement.APCostElementCategoryList.CFE.APCostElement"
"TBD","TBD","11","11","","","2018-BASE_PROCUREMENT-2018-AIRFORCE_AMMUNITION-U_PROCUREMENT_MasterJustificationBook_Air_Force_PB_2018.zzz_unzipped-U_PROCUREMENT_MasterJustificationBook_Air_Force_PB_2018.xml","63cece1a674f1f0912ca47ccc55131b5fec02f521a4eb768eb56d7c1d9e6ec09","0-ba7566dd224753f41531cf7480d42d79f3958348d5bf14319633128a94bc5ccf","0-0c1ccd975764611029534e2918efd62ed1224b1606acdeb0f9dacb7d7ce9142e","root.record.ItemExhibitList.P5Item.P10AdvanceProcurement.APCostElementCategoryList.CFE.APCostElement"
"Lockheed Martin","Fort Worth, TX","18","18","","","2019-BASE_PROCUREMENT-2019-AIRFORCE_AIRCRAFT_VOL1-U_PROCUREMENT_JustificationBook_Air_Force_PB_2019.zzz_unzipped-U_PROCUREMENT_JustificationBook_Air_Force_PB_2019.xml","1fdbf569c608ae7a271625dc5ff3eaab7c35ea12b5100be5b6db75ab533692b6","0-9fcf9dee7be05eb75e904203fef3f4c0b5514f8e7461f2e7785a1a1bf53d02f4","0-fe4b4f7f47aff39776861f16187c0f698e06bf9258f6dc460abee4e0954ac438","root.record.ItemExhibitList.P5Item.P10AdvanceProcurement.APCostElementCategoryList.CFE.APCostElement"
"Lockheed Martin","Marietta GA","12","12","","","2019-BASE_PROCUREMENT-2019-AIRFORCE_AIRCRAFT_VOL1-U_PROCUREMENT_JustificationBook_Air_Force_PB_2019.zzz_unzipped-U_PROCUREMENT_JustificationBook_Air_Force_PB_2019.xml","48d362fea8109f02805de255b38f14c8d3354fa434f24d725ad243831a52ca04","0-98b7e2c018ef9a2536e39220d0723297422effce67e8e153e6f724f07214a5bb","0-060ced436ffab6368e3b00392ea2e9740bdd14f6a8acaddec413a2cee30ceb23","root.record.ItemExhibitList.P5Item.P10AdvanceProcurement.APCostElementCategoryList.CFE.APCostElement"
"Lockheed Martin","Fort Worth, TX","18","18","","","2019-BASE_PROCUREMENT-2019-AIRFORCE_AIRCRAFT_VOL2-U_PROCUREMENT_MasterJustificationBook_Air_Force_PB_2019.zzz_unzipped-U_PROCUREMENT_MasterJustificationBook_Air_Force_PB_2019.xml","a6302168237242179e7ebb7f4e7e0c6ef197c9aa214ebf4208a31df54f491c95","0-551e468e23c0d19f990a72a61fc3371c44ec05ce85aae1e3fd30d0207995f34c","0-41c476e3dd1163ba0e75023339f9121b1bbb6bf589c86ba6e4daa08b6ab01554","root.record.ItemExhibitList.P5Item.P10AdvanceProcurement.APCostElementCategoryList.CFE.APCostElement"
"Lockheed Martin","Marietta GA","12","12","","","2019-BASE_PROCUREMENT-2019-AIRFORCE_AIRCRAFT_VOL2-U_PROCUREMENT_MasterJustificationBook_Air_Force_PB_2019.zzz_unzipped-U_PROCUREMENT_MasterJustificationBook_Air_Force_PB_2019.xml","25050f3609f71c4e582f0bda0141fc2b15087f0de79e5b8d4a91232f00b6bcb3","0-93a1b78649253a7b9714e81d01a75fdf1ec90738dadf728d825ded9cce97095b","0-ca26a78b1e543526eb843a8b74390abd02672f0313f2f99504c0a8dd6ffde103","root.record.ItemExhibitList.P5Item.P10AdvanceProcurement.APCostElementCategoryList.CFE.APCostElement"
"Boeing","Various","18","18","","","2019-BASE_PROCUREMENT-2019-AIRFORCE_AMMUNITION-U_PROCUREMENT_JustificationBook_Air_Force_PB_2019.zzz_unzipped-U_PROCUREMENT_JustificationBook_Air_Force_PB_2019.xml","febe812ff6da49c74047d6ca8ec01f4aa83c73b56f8c312dc3f34dd1983e8647","0-c1d9d37a6f0643c891e1bfae47c12c2b558b419ef81d095ebffb43cc372a2ca3","0-cea0327240899685df0139fac99ace16979344f52dd1927056b78c20ea4e21b3","root.record.ItemExhibitList.P5Item.P10AdvanceProcurement.APCostElementCategoryList.CFE.APCostElement"
"Boeing","Various","18","18","","","2019-BASE_PROCUREMENT-2019-AIRFORCE_AMMUNITION-U_PROCUREMENT_MasterJustificationBook_Air_Force_PB_2019.zzz_unzipped-U_PROCUREMENT_MasterJustificationBook_Air_Force_PB_2019.xml","c48d29353e3e6e5cf9c29adfc0105bdb804a21b25e74ec61fd9d65a6eb451eb5","0-a1e04883d9abfc6cada00605051bd600704b5e1712d8b67412785c415463b812","0-cd91880bfa3a3213b816882608782057ab7696228654288067745a36d13ed92d","root.record.ItemExhibitList.P5Item.P10AdvanceProcurement.APCostElementCategoryList.CFE.APCostElement"
"Lockheed Martin","Fort Worth, TX","","","","","2020-BASE_PROCUREMENT-2020-AIRFORCE_AIRCRAFT_VOL1-U_PROCUREMENT_JustificationBook_Air_Force_PB_2020.zzz_unzipped-U_PROCUREMENT_JustificationBook_Air_Force_PB_2020.xml","7617dbcc15ca36437e9b9096aaa833b46488c1a0960e4fce9963bdc0327c2cd5","0-081a6d1d14d8e8bb5f286193114b4a4bda21d1781c302fbbbf2fa5dfb536547a","0-f34ad756d1b986390bdcd1611e1eec8c3ca80c5c8bfa91c1983b46659f001c35","root.record.ItemExhibitList.P5Item.P10AdvanceProcurement.APCostElementCategoryList.CFE.APCostElement"
"Lockheed Martin","Fort Worth, TX","","","","","2020-BASE_PROCUREMENT-2020-AIRFORCE_AIRCRAFT_VOL1-U_PROCUREMENT_JustificationBook_Air_Force_PB_2020.zzz_unzipped-U_PROCUREMENT_JustificationBook_Air_Force_PB_2020.xml","7617dbcc15ca36437e9b9096aaa833b46488c1a0960e4fce9963bdc0327c2cd5","0-78879d67daa638f8ce79d5c10f4127c9ea0363ef3c83a72e41e6877dafb81713","3-31847a6952101a4d4517d5c45eb98cc2c039863a0a709450ffef75d6af1f9bac","root.record.ItemExhibitList.P5Item.P10AdvanceProcurement.APCostElementCategoryList.CFE.APCostElement"
"Lockheed Martin","Fort Worth, TX","","","","","2020-BASE_PROCUREMENT-2020-AIRFORCE_AIRCRAFT_VOL1-U_PROCUREMENT_JustificationBook_Air_Force_PB_2020.zzz_unzipped-U_PROCUREMENT_JustificationBook_Air_Force_PB_2020.xml","7617dbcc15ca36437e9b9096aaa833b46488c1a0960e4fce9963bdc0327c2cd5","0-8f266f681ea798e01de5f8b4f9606608a84e7b3a990bee74cda11c8fd586cbf9","4-f9e89ee206edcc8b7d387695f9dd351f5694789b4fcc6b1214a5f3a27eae0c82","root.record.ItemExhibitList.P5Item.P10AdvanceProcurement.APCostElementCategoryList.CFE.APCostElement"
"Lockheed Martin","Fort Worth, TX","","","","","2020-BASE_PROCUREMENT-2020-AIRFORCE_AIRCRAFT_VOL1-U_PROCUREMENT_JustificationBook_Air_Force_PB_2020.zzz_unzipped-U_PROCUREMENT_JustificationBook_Air_Force_PB_2020.xml","7617dbcc15ca36437e9b9096aaa833b46488c1a0960e4fce9963bdc0327c2cd5","0-99702fb9878ea76ec0135aa138fcdfd41b55d97c18cf8bc804619041b25d317b","5-29d1c103cdb73eee7eb613618fd2bf94b3af7ddbb02c7a48baf0789313fed76b","root.record.ItemExhibitList.P5Item.P10AdvanceProcurement.APCostElementCategoryList.CFE.APCostElement"
"Lockheed Martin","Marietta GA","12","12","","","2020-BASE_PROCUREMENT-2020-AIRFORCE_AIRCRAFT_VOL1-U_PROCUREMENT_JustificationBook_Air_Force_PB_2020.zzz_unzipped-U_PROCUREMENT_JustificationBook_Air_Force_PB_2020.xml","3a9f3c7050929e925bf578049fe78dd3bcde399b66f1b65c09b7388bb0c772a3","0-ad1adac1f6a0f91e33e89abff356ff2b80e7059d3f8939fdd56be7e798b93d41","0-0a6b7973d1642b721b9b3861cc950cd0db0d17c4eeb10aa5ba14158ed2db1d80","root.record.ItemExhibitList.P5Item.P10AdvanceProcurement.APCostElementCategoryList.CFE.APCostElement"
"Lockheed Martin","Fort Worth, TX","","","","","2020-BASE_PROCUREMENT-2020-AIRFORCE_AIRCRAFT_VOL2-U_PROCUREMENT_MasterJustificationBook_Air_Force_PB_2020.zzz_unzipped-U_PROCUREMENT_MasterJustificationBook_Air_Force_PB_2020.xml","7887936a705e5042434ac2d5eee4d04e3202bfe64d739d33f5053abd069b5037","0-3e82cb22fb7ac5c61368e835b2266341ced09ee2ce95acaba1ace5a0dc8b7a78","0-d70204d918e398749a090998b886c8496a2de2dc791416f9fb98b02f8bc239ca","root.record.ItemExhibitList.P5Item.P10AdvanceProcurement.APCostElementCategoryList.CFE.APCostElement"
"Lockheed Martin","Fort Worth, TX","","","","","2020-BASE_PROCUREMENT-2020-AIRFORCE_AIRCRAFT_VOL2-U_PROCUREMENT_MasterJustificationBook_Air_Force_PB_2020.zzz_unzipped-U_PROCUREMENT_MasterJustificationBook_Air_Force_PB_2020.xml","7887936a705e5042434ac2d5eee4d04e3202bfe64d739d33f5053abd069b5037","0-0a92fb1faf9024c853160726d5fa5d6a6eb18786f54a53af2d7372486a92288f","3-9993c085e730e291401797fc575b63a1787d23dd2c25db710436b8e34d70e014","root.record.ItemExhibitList.P5Item.P10AdvanceProcurement.APCostElementCategoryList.CFE.APCostElement"
"Lockheed Martin","Fort Worth, TX","","","","","2020-BASE_PROCUREMENT-2020-AIRFORCE_AIRCRAFT_VOL2-U_PROCUREMENT_MasterJustificationBook_Air_Force_PB_2020.zzz_unzipped-U_PROCUREMENT_MasterJustificationBook_Air_Force_PB_2020.xml","7887936a705e5042434ac2d5eee4d04e3202bfe64d739d33f5053abd069b5037","0-3bf4bfbd0d127eec507caddb3f529797d8fa3d5701531b0185d055e75fb79957","4-aef2d0caa0e15f26a4702a37e48eb7f57028475901e5dad0ac141d4e70b730bc","root.record.ItemExhibitList.P5Item.P10AdvanceProcurement.APCostElementCategoryList.CFE.APCostElement"
"Lockheed Martin","Fort Worth, TX","","","","","2020-BASE_PROCUREMENT-2020-AIRFORCE_AIRCRAFT_VOL2-U_PROCUREMENT_MasterJustificationBook_Air_Force_PB_2020.zzz_unzipped-U_PROCUREMENT_MasterJustificationBook_Air_Force_PB_2020.xml","7887936a705e5042434ac2d5eee4d04e3202bfe64d739d33f5053abd069b5037","0-2db9e731e47d30492539efe8f058a7ab3336d6066fb8766faaee126774e64977","5-be1ebfb896f94aca5f1646a281a5d3b3d777b10ff13c278a4e053b5e33b9b177","root.record.ItemExhibitList.P5Item.P10AdvanceProcurement.APCostElementCategoryList.CFE.APCostElement"
"Lockheed Martin","Marietta GA","12","12","","","2020-BASE_PROCUREMENT-2020-AIRFORCE_AIRCRAFT_VOL2-U_PROCUREMENT_MasterJustificationBook_Air_Force_PB_2020.zzz_unzipped-U_PROCUREMENT_MasterJustificationBook_Air_Force_PB_2020.xml","fbeb7d92a6f93f3229425ab3e79909b0c2623c52de8fc6dc289624a0a85bf926","0-4c7d2ccccf908c28f500998260c8eb641dbb6d23ac80c4f083dad144522131ed","0-e1c96430caaea343168b69b3bc31adf20fdd612bbf2c824b2142b11df38638f3","root.record.ItemExhibitList.P5Item.P10AdvanceProcurement.APCostElementCategoryList.CFE.APCostElement"
