[
    {
        "Month_val": "2014-05",
        "Amount_val": "2",
        "@SOURCE_FILENAME": "2014-BASE_PROCUREMENT-2014-AIRFORCE_OTHER-PROCUREMENT_JustificationBook_Air_Force_PB_2014.zzz_unzipped-PROCUREMENT_JustificationBook_Air_Force_PB_2014.xml",
        "@RECORDID": "183e2235a8702efde29fd338dbfb0e070b9a0e22f45c0daf1850fb81f56857fb",
        "@ROWID": "0-61a32cd538af4bc53e413c15e970ffc42bc5aea10988d23d9f02598d6f730946",
        "@PARENTROWID": "0-a682cdbd257ebc567e5c7b4f78759c2e9147331de46cfacc47ad70e2fefb7717",
        "@PARENT": "root.record.ItemExhibitList.P5Item.CostElementCategoryList.PackageFielding.Recurring.CostElementList.CostElement.ManufacturerList.Manufacturer.HistoryPlanningList.HistoryPlanning"
    },
    {
        "Month_val": "2014-06",
        "Amount_val": "2",
        "@SOURCE_FILENAME": "2014-BASE_PROCUREMENT-2014-AIRFORCE_OTHER-PROCUREMENT_JustificationBook_Air_Force_PB_2014.zzz_unzipped-PROCUREMENT_JustificationBook_Air_Force_PB_2014.xml",
        "@RECORDID": "183e2235a8702efde29fd338dbfb0e070b9a0e22f45c0daf1850fb81f56857fb",
        "@ROWID": "1-1671572f8351e2109d5fc103be26ad1990a126d509b35fc88c4da36705169e21",
        "@PARENTROWID": "0-a682cdbd257ebc567e5c7b4f78759c2e9147331de46cfacc47ad70e2fefb7717",
        "@PARENT": "root.record.ItemExhibitList.P5Item.CostElementCategoryList.PackageFielding.Recurring.CostElementList.CostElement.ManufacturerList.Manufacturer.HistoryPlanningList.HistoryPlanning"
    },
    {
        "Month_val": "2014-05",
        "Amount_val": "2",
        "@SOURCE_FILENAME": "2014-BASE_PROCUREMENT-2014-AIRFORCE_OTHER-PROCUREMENT_MasterJustificationBook_Air_Force_PB_2014.zzz_unzipped-PROCUREMENT_MasterJustificationBook_Air_Force_PB_2014.xml",
        "@RECORDID": "5900c9666985c01314d4a2a76f9022ef6609a516534f5cd224b6144f366eb840",
        "@ROWID": "0-6f81bc84b122776e3751318b27632da2fe21863c8e1d759476db8107bf2b4c4a",
        "@PARENTROWID": "0-ee30c57b9110206fc4f5ec36124b872a3d430a58349d87f3df956f264f97aff7",
        "@PARENT": "root.record.ItemExhibitList.P5Item.CostElementCategoryList.PackageFielding.Recurring.CostElementList.CostElement.ManufacturerList.Manufacturer.HistoryPlanningList.HistoryPlanning"
    },
    {
        "Month_val": "2014-06",
        "Amount_val": "2",
        "@SOURCE_FILENAME": "2014-BASE_PROCUREMENT-2014-AIRFORCE_OTHER-PROCUREMENT_MasterJustificationBook_Air_Force_PB_2014.zzz_unzipped-PROCUREMENT_MasterJustificationBook_Air_Force_PB_2014.xml",
        "@RECORDID": "5900c9666985c01314d4a2a76f9022ef6609a516534f5cd224b6144f366eb840",
        "@ROWID": "1-b02b429863a3a2a40a8e9120f1bb2d145d828e455605f0cdb3461b6b45e4f320",
        "@PARENTROWID": "0-ee30c57b9110206fc4f5ec36124b872a3d430a58349d87f3df956f264f97aff7",
        "@PARENT": "root.record.ItemExhibitList.P5Item.CostElementCategoryList.PackageFielding.Recurring.CostElementList.CostElement.ManufacturerList.Manufacturer.HistoryPlanningList.HistoryPlanning"
    },
    {
        "Month_val": "2016-10",
        "Amount_val": "1",
        "@SOURCE_FILENAME": "2017-BASE_PROCUREMENT-2017-AIRFORCE_OTHER-U_PROCUREMENT_JustificationBook_Air_Force_PB_2017.zzz_unzipped-U_PROCUREMENT_JustificationBook_Air_Force_PB_2017.xml",
        "@RECORDID": "bcc662e800dc8bb76a8285528cc168abcc6312deba5f8a8505391946132986f2",
        "@ROWID": "0-13454aa0d0b08def7be277cf16b53cab9cee107d4347f5aba40eed0cb447b4db",
        "@PARENTROWID": "0-b40ff7255e56362d813b92dc1c6b0b4632cef437091133c10cd70ecb523386eb",
        "@PARENT": "root.record.ItemExhibitList.P5Item.CostElementCategoryList.PackageFielding.Recurring.CostElementList.CostElement.ManufacturerList.Manufacturer.HistoryPlanningList.HistoryPlanning"
    },
    {
        "Month_val": "2017-02",
        "Amount_val": "1",
        "@SOURCE_FILENAME": "2017-BASE_PROCUREMENT-2017-AIRFORCE_OTHER-U_PROCUREMENT_JustificationBook_Air_Force_PB_2017.zzz_unzipped-U_PROCUREMENT_JustificationBook_Air_Force_PB_2017.xml",
        "@RECORDID": "bcc662e800dc8bb76a8285528cc168abcc6312deba5f8a8505391946132986f2",
        "@ROWID": "0-028c321f500e7bd0f531df04b35da5f78661dbb2d788f2bac39e1c56e4b315dc",
        "@PARENTROWID": "1-aead7987891da2e585f639aa08c6f302ec935e61f5507f3a518448deb1104efd",
        "@PARENT": "root.record.ItemExhibitList.P5Item.CostElementCategoryList.PackageFielding.Recurring.CostElementList.CostElement.ManufacturerList.Manufacturer.HistoryPlanningList.HistoryPlanning"
    },
    {
        "Month_val": "2017-03",
        "Amount_val": "1",
        "@SOURCE_FILENAME": "2017-BASE_PROCUREMENT-2017-AIRFORCE_OTHER-U_PROCUREMENT_JustificationBook_Air_Force_PB_2017.zzz_unzipped-U_PROCUREMENT_JustificationBook_Air_Force_PB_2017.xml",
        "@RECORDID": "bcc662e800dc8bb76a8285528cc168abcc6312deba5f8a8505391946132986f2",
        "@ROWID": "1-d32ee1d7ad97374b4c0adaa2ce5de8d7243b5f9759be506b087c36b43bbb28b7",
        "@PARENTROWID": "1-aead7987891da2e585f639aa08c6f302ec935e61f5507f3a518448deb1104efd",
        "@PARENT": "root.record.ItemExhibitList.P5Item.CostElementCategoryList.PackageFielding.Recurring.CostElementList.CostElement.ManufacturerList.Manufacturer.HistoryPlanningList.HistoryPlanning"
    },
    {
        "Month_val": "2018-02",
        "Amount_val": "1",
        "@SOURCE_FILENAME": "2017-BASE_PROCUREMENT-2017-AIRFORCE_OTHER-U_PROCUREMENT_JustificationBook_Air_Force_PB_2017.zzz_unzipped-U_PROCUREMENT_JustificationBook_Air_Force_PB_2017.xml",
        "@RECORDID": "bcc662e800dc8bb76a8285528cc168abcc6312deba5f8a8505391946132986f2",
        "@ROWID": "0-8e0ccc5b20da76a617229fb063807445f3908f1937e1dc28d6f350ad7cced2c8",
        "@PARENTROWID": "2-eea3f46050a3a795b10f6e1121d4d558a246a0c45b65cfc1d4c542b4e1d164a2",
        "@PARENT": "root.record.ItemExhibitList.P5Item.CostElementCategoryList.PackageFielding.Recurring.CostElementList.CostElement.ManufacturerList.Manufacturer.HistoryPlanningList.HistoryPlanning"
    },
    {
        "Month_val": "2018-03",
        "Amount_val": "1",
        "@SOURCE_FILENAME": "2017-BASE_PROCUREMENT-2017-AIRFORCE_OTHER-U_PROCUREMENT_JustificationBook_Air_Force_PB_2017.zzz_unzipped-U_PROCUREMENT_JustificationBook_Air_Force_PB_2017.xml",
        "@RECORDID": "bcc662e800dc8bb76a8285528cc168abcc6312deba5f8a8505391946132986f2",
        "@ROWID": "1-2a8fb919fb66c0e139b8b6096af961292f5f9928ff077baac88506dd554fb2ae",
        "@PARENTROWID": "2-eea3f46050a3a795b10f6e1121d4d558a246a0c45b65cfc1d4c542b4e1d164a2",
        "@PARENT": "root.record.ItemExhibitList.P5Item.CostElementCategoryList.PackageFielding.Recurring.CostElementList.CostElement.ManufacturerList.Manufacturer.HistoryPlanningList.HistoryPlanning"
    },
    {
        "Month_val": "2018-04",
        "Amount_val": "1",
        "@SOURCE_FILENAME": "2017-BASE_PROCUREMENT-2017-AIRFORCE_OTHER-U_PROCUREMENT_JustificationBook_Air_Force_PB_2017.zzz_unzipped-U_PROCUREMENT_JustificationBook_Air_Force_PB_2017.xml",
        "@RECORDID": "bcc662e800dc8bb76a8285528cc168abcc6312deba5f8a8505391946132986f2",
        "@ROWID": "2-9cbbaca429426d9c5d081947af5c714451b2d525ce2af92e2e0d8aa5b66d50f3",
        "@PARENTROWID": "2-eea3f46050a3a795b10f6e1121d4d558a246a0c45b65cfc1d4c542b4e1d164a2",
        "@PARENT": "root.record.ItemExhibitList.P5Item.CostElementCategoryList.PackageFielding.Recurring.CostElementList.CostElement.ManufacturerList.Manufacturer.HistoryPlanningList.HistoryPlanning"
    },
    {
        "Month_val": "2016-10",
        "Amount_val": "1",
        "@SOURCE_FILENAME": "2017-BASE_PROCUREMENT-2017-AIRFORCE_OTHER-U_PROCUREMENT_MasterJustificationBook_Air_Force_PB_2017.zzz_unzipped-U_PROCUREMENT_MasterJustificationBook_Air_Force_PB_2017.xml",
        "@RECORDID": "c65c2d0ea2fabef820926a6a818da5c6319f34ef25a69b14de78ceb6be599d12",
        "@ROWID": "0-ed19d3b25ba1b2c35b1217006692a8f5b122aeef17001e95917181f2a7e8290d",
        "@PARENTROWID": "0-cbbfbff09686cae9c9eba868d270c1492cdf86966caece732c87821c1efb483d",
        "@PARENT": "root.record.ItemExhibitList.P5Item.CostElementCategoryList.PackageFielding.Recurring.CostElementList.CostElement.ManufacturerList.Manufacturer.HistoryPlanningList.HistoryPlanning"
    },
    {
        "Month_val": "2017-02",
        "Amount_val": "1",
        "@SOURCE_FILENAME": "2017-BASE_PROCUREMENT-2017-AIRFORCE_OTHER-U_PROCUREMENT_MasterJustificationBook_Air_Force_PB_2017.zzz_unzipped-U_PROCUREMENT_MasterJustificationBook_Air_Force_PB_2017.xml",
        "@RECORDID": "c65c2d0ea2fabef820926a6a818da5c6319f34ef25a69b14de78ceb6be599d12",
        "@ROWID": "0-21e8ae53da09e410b0d176ebfa39cb2d8eda29fc6360056030056ada91ca715f",
        "@PARENTROWID": "1-7d21671fa96630043f9a703bc02e1f93ea6c5c77912fa3c1d436d06dd0ad8a35",
        "@PARENT": "root.record.ItemExhibitList.P5Item.CostElementCategoryList.PackageFielding.Recurring.CostElementList.CostElement.ManufacturerList.Manufacturer.HistoryPlanningList.HistoryPlanning"
    },
    {
        "Month_val": "2017-03",
        "Amount_val": "1",
        "@SOURCE_FILENAME": "2017-BASE_PROCUREMENT-2017-AIRFORCE_OTHER-U_PROCUREMENT_MasterJustificationBook_Air_Force_PB_2017.zzz_unzipped-U_PROCUREMENT_MasterJustificationBook_Air_Force_PB_2017.xml",
        "@RECORDID": "c65c2d0ea2fabef820926a6a818da5c6319f34ef25a69b14de78ceb6be599d12",
        "@ROWID": "1-098b749795ab6582649efb6cccb25a542654a6dc57e4c0790e997fe79bc3c67b",
        "@PARENTROWID": "1-7d21671fa96630043f9a703bc02e1f93ea6c5c77912fa3c1d436d06dd0ad8a35",
        "@PARENT": "root.record.ItemExhibitList.P5Item.CostElementCategoryList.PackageFielding.Recurring.CostElementList.CostElement.ManufacturerList.Manufacturer.HistoryPlanningList.HistoryPlanning"
    },
    {
        "Month_val": "2018-02",
        "Amount_val": "1",
        "@SOURCE_FILENAME": "2017-BASE_PROCUREMENT-2017-AIRFORCE_OTHER-U_PROCUREMENT_MasterJustificationBook_Air_Force_PB_2017.zzz_unzipped-U_PROCUREMENT_MasterJustificationBook_Air_Force_PB_2017.xml",
        "@RECORDID": "c65c2d0ea2fabef820926a6a818da5c6319f34ef25a69b14de78ceb6be599d12",
        "@ROWID": "0-f5832dd16c7cbfd829720a368dd0c30422c53461305ed6303cb0612c59adf3fb",
        "@PARENTROWID": "2-fc9574b9cc40522ac83a5a17711f69a00e9585af764c24384f2ae656884aea90",
        "@PARENT": "root.record.ItemExhibitList.P5Item.CostElementCategoryList.PackageFielding.Recurring.CostElementList.CostElement.ManufacturerList.Manufacturer.HistoryPlanningList.HistoryPlanning"
    },
    {
        "Month_val": "2018-03",
        "Amount_val": "1",
        "@SOURCE_FILENAME": "2017-BASE_PROCUREMENT-2017-AIRFORCE_OTHER-U_PROCUREMENT_MasterJustificationBook_Air_Force_PB_2017.zzz_unzipped-U_PROCUREMENT_MasterJustificationBook_Air_Force_PB_2017.xml",
        "@RECORDID": "c65c2d0ea2fabef820926a6a818da5c6319f34ef25a69b14de78ceb6be599d12",
        "@ROWID": "1-8ce66c74c3cbf346e93ff3eee89c5b706eaa467a2c354bce3cd1828e57b97e66",
        "@PARENTROWID": "2-fc9574b9cc40522ac83a5a17711f69a00e9585af764c24384f2ae656884aea90",
        "@PARENT": "root.record.ItemExhibitList.P5Item.CostElementCategoryList.PackageFielding.Recurring.CostElementList.CostElement.ManufacturerList.Manufacturer.HistoryPlanningList.HistoryPlanning"
    },
    {
        "Month_val": "2018-04",
        "Amount_val": "1",
        "@SOURCE_FILENAME": "2017-BASE_PROCUREMENT-2017-AIRFORCE_OTHER-U_PROCUREMENT_MasterJustificationBook_Air_Force_PB_2017.zzz_unzipped-U_PROCUREMENT_MasterJustificationBook_Air_Force_PB_2017.xml",
        "@RECORDID": "c65c2d0ea2fabef820926a6a818da5c6319f34ef25a69b14de78ceb6be599d12",
        "@ROWID": "2-941d2d946d548f2db1aaae8ab3395e054fe3959a6848312445b0982027568fb3",
        "@PARENTROWID": "2-fc9574b9cc40522ac83a5a17711f69a00e9585af764c24384f2ae656884aea90",
        "@PARENT": "root.record.ItemExhibitList.P5Item.CostElementCategoryList.PackageFielding.Recurring.CostElementList.CostElement.ManufacturerList.Manufacturer.HistoryPlanningList.HistoryPlanning"
    }
]