[
    {
        "Month_val": "2014-05",
        "Amount_val": "2",
        "@SOURCE_FILENAME": "2014-BASE_PROCUREMENT-2014-AIRFORCE_OTHER-PROCUREMENT_JustificationBook_Air_Force_PB_2014.zzz_unzipped-PROCUREMENT_JustificationBook_Air_Force_PB_2014.xml",
        "@RECORDID": "183e2235a8702efde29fd338dbfb0e070b9a0e22f45c0daf1850fb81f56857fb",
        "@ROWID": "0-9f2dd4369adc684f0763d136743fcd861a13d115ab00274cead81010f359e974",
        "@PARENTROWID": "0-75b2c8c54c29e5ff4b37851aa285d4348a27d0731b770c8a1f8ac5fed0dd3cac",
        "@PARENT": "root.record.ItemExhibitList.P5Item.CostElementCategoryList.PackageFielding.Recurring.CostElementList.CostElement.ManufacturerList.Manufacturer.HistoryPlanningList.HistoryPlanning"
    },
    {
        "Month_val": "2014-06",
        "Amount_val": "2",
        "@SOURCE_FILENAME": "2014-BASE_PROCUREMENT-2014-AIRFORCE_OTHER-PROCUREMENT_JustificationBook_Air_Force_PB_2014.zzz_unzipped-PROCUREMENT_JustificationBook_Air_Force_PB_2014.xml",
        "@RECORDID": "183e2235a8702efde29fd338dbfb0e070b9a0e22f45c0daf1850fb81f56857fb",
        "@ROWID": "1-81c8fe1d07f0df108ee210e54f10d55166773cfcbe8e9de037ae33dc2de28594",
        "@PARENTROWID": "0-75b2c8c54c29e5ff4b37851aa285d4348a27d0731b770c8a1f8ac5fed0dd3cac",
        "@PARENT": "root.record.ItemExhibitList.P5Item.CostElementCategoryList.PackageFielding.Recurring.CostElementList.CostElement.ManufacturerList.Manufacturer.HistoryPlanningList.HistoryPlanning"
    },
    {
        "Month_val": "2014-05",
        "Amount_val": "2",
        "@SOURCE_FILENAME": "2014-BASE_PROCUREMENT-2014-AIRFORCE_OTHER-PROCUREMENT_MasterJustificationBook_Air_Force_PB_2014.zzz_unzipped-PROCUREMENT_MasterJustificationBook_Air_Force_PB_2014.xml",
        "@RECORDID": "5900c9666985c01314d4a2a76f9022ef6609a516534f5cd224b6144f366eb840",
        "@ROWID": "0-02c26add73ca18b59269ffdd85c0570790a663c7cb7e9c72e3f8c2cdbb26225c",
        "@PARENTROWID": "0-8e7166f48765d04668f77eb10c26ab0bf4a32ded02dfc9efc1927735655701a9",
        "@PARENT": "root.record.ItemExhibitList.P5Item.CostElementCategoryList.PackageFielding.Recurring.CostElementList.CostElement.ManufacturerList.Manufacturer.HistoryPlanningList.HistoryPlanning"
    },
    {
        "Month_val": "2014-06",
        "Amount_val": "2",
        "@SOURCE_FILENAME": "2014-BASE_PROCUREMENT-2014-AIRFORCE_OTHER-PROCUREMENT_MasterJustificationBook_Air_Force_PB_2014.zzz_unzipped-PROCUREMENT_MasterJustificationBook_Air_Force_PB_2014.xml",
        "@RECORDID": "5900c9666985c01314d4a2a76f9022ef6609a516534f5cd224b6144f366eb840",
        "@ROWID": "1-68144f84192780d68ee46a5562558564e96c2e94a492046cad5d79da2b62d927",
        "@PARENTROWID": "0-8e7166f48765d04668f77eb10c26ab0bf4a32ded02dfc9efc1927735655701a9",
        "@PARENT": "root.record.ItemExhibitList.P5Item.CostElementCategoryList.PackageFielding.Recurring.CostElementList.CostElement.ManufacturerList.Manufacturer.HistoryPlanningList.HistoryPlanning"
    },
    {
        "Month_val": "2016-10",
        "Amount_val": "1",
        "@SOURCE_FILENAME": "2017-BASE_PROCUREMENT-2017-AIRFORCE_OTHER-U_PROCUREMENT_JustificationBook_Air_Force_PB_2017.zzz_unzipped-U_PROCUREMENT_JustificationBook_Air_Force_PB_2017.xml",
        "@RECORDID": "bcc662e800dc8bb76a8285528cc168abcc6312deba5f8a8505391946132986f2",
        "@ROWID": "0-5ba58c591e4d87aea4e12f84a68f861ba95abf3762abda1a8ddef1416d58bdfb",
        "@PARENTROWID": "0-4828068d0c4d29a3f57299b976d80fd861bf761fe83e72f1f1a104be7dc7b37d",
        "@PARENT": "root.record.ItemExhibitList.P5Item.CostElementCategoryList.PackageFielding.Recurring.CostElementList.CostElement.ManufacturerList.Manufacturer.HistoryPlanningList.HistoryPlanning"
    },
    {
        "Month_val": "2017-02",
        "Amount_val": "1",
        "@SOURCE_FILENAME": "2017-BASE_PROCUREMENT-2017-AIRFORCE_OTHER-U_PROCUREMENT_JustificationBook_Air_Force_PB_2017.zzz_unzipped-U_PROCUREMENT_JustificationBook_Air_Force_PB_2017.xml",
        "@RECORDID": "bcc662e800dc8bb76a8285528cc168abcc6312deba5f8a8505391946132986f2",
        "@ROWID": "0-e3b9371038926cbcd1f58e007b11d998870e36c4a504debd21a9fa9d2d1a323c",
        "@PARENTROWID": "1-1ab27fc750a04cb2a9a1f96708cddb5ff4c52938bb5572ed06373bdcb51418e7",
        "@PARENT": "root.record.ItemExhibitList.P5Item.CostElementCategoryList.PackageFielding.Recurring.CostElementList.CostElement.ManufacturerList.Manufacturer.HistoryPlanningList.HistoryPlanning"
    },
    {
        "Month_val": "2017-03",
        "Amount_val": "1",
        "@SOURCE_FILENAME": "2017-BASE_PROCUREMENT-2017-AIRFORCE_OTHER-U_PROCUREMENT_JustificationBook_Air_Force_PB_2017.zzz_unzipped-U_PROCUREMENT_JustificationBook_Air_Force_PB_2017.xml",
        "@RECORDID": "bcc662e800dc8bb76a8285528cc168abcc6312deba5f8a8505391946132986f2",
        "@ROWID": "1-b70bf5f9bfee946957192b6787afecb425a2caca30a80351db59d68595123f99",
        "@PARENTROWID": "1-1ab27fc750a04cb2a9a1f96708cddb5ff4c52938bb5572ed06373bdcb51418e7",
        "@PARENT": "root.record.ItemExhibitList.P5Item.CostElementCategoryList.PackageFielding.Recurring.CostElementList.CostElement.ManufacturerList.Manufacturer.HistoryPlanningList.HistoryPlanning"
    },
    {
        "Month_val": "2018-02",
        "Amount_val": "1",
        "@SOURCE_FILENAME": "2017-BASE_PROCUREMENT-2017-AIRFORCE_OTHER-U_PROCUREMENT_JustificationBook_Air_Force_PB_2017.zzz_unzipped-U_PROCUREMENT_JustificationBook_Air_Force_PB_2017.xml",
        "@RECORDID": "bcc662e800dc8bb76a8285528cc168abcc6312deba5f8a8505391946132986f2",
        "@ROWID": "0-4e77a964574d79c3c34f92368aa0d9752116b05585ea0ac76fe0ebedb73655d5",
        "@PARENTROWID": "2-eff7bebb9921d6b1a420624b4b7b3e63e3ff6817049ded59a8dfd4408d5b74c5",
        "@PARENT": "root.record.ItemExhibitList.P5Item.CostElementCategoryList.PackageFielding.Recurring.CostElementList.CostElement.ManufacturerList.Manufacturer.HistoryPlanningList.HistoryPlanning"
    },
    {
        "Month_val": "2018-03",
        "Amount_val": "1",
        "@SOURCE_FILENAME": "2017-BASE_PROCUREMENT-2017-AIRFORCE_OTHER-U_PROCUREMENT_JustificationBook_Air_Force_PB_2017.zzz_unzipped-U_PROCUREMENT_JustificationBook_Air_Force_PB_2017.xml",
        "@RECORDID": "bcc662e800dc8bb76a8285528cc168abcc6312deba5f8a8505391946132986f2",
        "@ROWID": "1-4a43daa49ba37ba478eec4b6066e7f04735b410daaad372f5872b541da863fd6",
        "@PARENTROWID": "2-eff7bebb9921d6b1a420624b4b7b3e63e3ff6817049ded59a8dfd4408d5b74c5",
        "@PARENT": "root.record.ItemExhibitList.P5Item.CostElementCategoryList.PackageFielding.Recurring.CostElementList.CostElement.ManufacturerList.Manufacturer.HistoryPlanningList.HistoryPlanning"
    },
    {
        "Month_val": "2018-04",
        "Amount_val": "1",
        "@SOURCE_FILENAME": "2017-BASE_PROCUREMENT-2017-AIRFORCE_OTHER-U_PROCUREMENT_JustificationBook_Air_Force_PB_2017.zzz_unzipped-U_PROCUREMENT_JustificationBook_Air_Force_PB_2017.xml",
        "@RECORDID": "bcc662e800dc8bb76a8285528cc168abcc6312deba5f8a8505391946132986f2",
        "@ROWID": "2-05b0b188a5413ec20c691db6df21e1bc2d8f14d445373c90be0589abd5b87d7c",
        "@PARENTROWID": "2-eff7bebb9921d6b1a420624b4b7b3e63e3ff6817049ded59a8dfd4408d5b74c5",
        "@PARENT": "root.record.ItemExhibitList.P5Item.CostElementCategoryList.PackageFielding.Recurring.CostElementList.CostElement.ManufacturerList.Manufacturer.HistoryPlanningList.HistoryPlanning"
    },
    {
        "Month_val": "2016-10",
        "Amount_val": "1",
        "@SOURCE_FILENAME": "2017-BASE_PROCUREMENT-2017-AIRFORCE_OTHER-U_PROCUREMENT_MasterJustificationBook_Air_Force_PB_2017.zzz_unzipped-U_PROCUREMENT_MasterJustificationBook_Air_Force_PB_2017.xml",
        "@RECORDID": "c65c2d0ea2fabef820926a6a818da5c6319f34ef25a69b14de78ceb6be599d12",
        "@ROWID": "0-63093d01de001a26bb95960aeb41e4a8440648519aab9792edb421619a6b3cab",
        "@PARENTROWID": "0-a21f44a047a21e5ef61d62de43111eb8286249de3e2282fdcfb5484bbf5d2a1e",
        "@PARENT": "root.record.ItemExhibitList.P5Item.CostElementCategoryList.PackageFielding.Recurring.CostElementList.CostElement.ManufacturerList.Manufacturer.HistoryPlanningList.HistoryPlanning"
    },
    {
        "Month_val": "2017-02",
        "Amount_val": "1",
        "@SOURCE_FILENAME": "2017-BASE_PROCUREMENT-2017-AIRFORCE_OTHER-U_PROCUREMENT_MasterJustificationBook_Air_Force_PB_2017.zzz_unzipped-U_PROCUREMENT_MasterJustificationBook_Air_Force_PB_2017.xml",
        "@RECORDID": "c65c2d0ea2fabef820926a6a818da5c6319f34ef25a69b14de78ceb6be599d12",
        "@ROWID": "0-607f0941f874042ae83e98573f6cc3ee827070fc75afee2bbfe10ba65327b3b1",
        "@PARENTROWID": "1-f1f55c32d68028d22902f6c9c33c9131446747490cef80e7a63dca779cf4da77",
        "@PARENT": "root.record.ItemExhibitList.P5Item.CostElementCategoryList.PackageFielding.Recurring.CostElementList.CostElement.ManufacturerList.Manufacturer.HistoryPlanningList.HistoryPlanning"
    },
    {
        "Month_val": "2017-03",
        "Amount_val": "1",
        "@SOURCE_FILENAME": "2017-BASE_PROCUREMENT-2017-AIRFORCE_OTHER-U_PROCUREMENT_MasterJustificationBook_Air_Force_PB_2017.zzz_unzipped-U_PROCUREMENT_MasterJustificationBook_Air_Force_PB_2017.xml",
        "@RECORDID": "c65c2d0ea2fabef820926a6a818da5c6319f34ef25a69b14de78ceb6be599d12",
        "@ROWID": "1-4a05ee697e2c548c211f486ceb0553f79fddcf6c97ea4be98433359d9aac2c07",
        "@PARENTROWID": "1-f1f55c32d68028d22902f6c9c33c9131446747490cef80e7a63dca779cf4da77",
        "@PARENT": "root.record.ItemExhibitList.P5Item.CostElementCategoryList.PackageFielding.Recurring.CostElementList.CostElement.ManufacturerList.Manufacturer.HistoryPlanningList.HistoryPlanning"
    },
    {
        "Month_val": "2018-02",
        "Amount_val": "1",
        "@SOURCE_FILENAME": "2017-BASE_PROCUREMENT-2017-AIRFORCE_OTHER-U_PROCUREMENT_MasterJustificationBook_Air_Force_PB_2017.zzz_unzipped-U_PROCUREMENT_MasterJustificationBook_Air_Force_PB_2017.xml",
        "@RECORDID": "c65c2d0ea2fabef820926a6a818da5c6319f34ef25a69b14de78ceb6be599d12",
        "@ROWID": "0-8057ae49d89681a12ba568fbae4949c38c2ed2f6b7553e97ea8e67d8eb985683",
        "@PARENTROWID": "2-41648f6fa3b47ca098a55cdead92d1a71d343885e66767ed50b6381365c59d71",
        "@PARENT": "root.record.ItemExhibitList.P5Item.CostElementCategoryList.PackageFielding.Recurring.CostElementList.CostElement.ManufacturerList.Manufacturer.HistoryPlanningList.HistoryPlanning"
    },
    {
        "Month_val": "2018-03",
        "Amount_val": "1",
        "@SOURCE_FILENAME": "2017-BASE_PROCUREMENT-2017-AIRFORCE_OTHER-U_PROCUREMENT_MasterJustificationBook_Air_Force_PB_2017.zzz_unzipped-U_PROCUREMENT_MasterJustificationBook_Air_Force_PB_2017.xml",
        "@RECORDID": "c65c2d0ea2fabef820926a6a818da5c6319f34ef25a69b14de78ceb6be599d12",
        "@ROWID": "1-1bfad0a21dba9af910bafb662b58268b09fa1e8050e9c86f264371de6ada68d8",
        "@PARENTROWID": "2-41648f6fa3b47ca098a55cdead92d1a71d343885e66767ed50b6381365c59d71",
        "@PARENT": "root.record.ItemExhibitList.P5Item.CostElementCategoryList.PackageFielding.Recurring.CostElementList.CostElement.ManufacturerList.Manufacturer.HistoryPlanningList.HistoryPlanning"
    },
    {
        "Month_val": "2018-04",
        "Amount_val": "1",
        "@SOURCE_FILENAME": "2017-BASE_PROCUREMENT-2017-AIRFORCE_OTHER-U_PROCUREMENT_MasterJustificationBook_Air_Force_PB_2017.zzz_unzipped-U_PROCUREMENT_MasterJustificationBook_Air_Force_PB_2017.xml",
        "@RECORDID": "c65c2d0ea2fabef820926a6a818da5c6319f34ef25a69b14de78ceb6be599d12",
        "@ROWID": "2-df4097f9312ab89eb8487885405e9b837ec3c1cd3f69dc97fa46bd876545dc83",
        "@PARENTROWID": "2-41648f6fa3b47ca098a55cdead92d1a71d343885e66767ed50b6381365c59d71",
        "@PARENT": "root.record.ItemExhibitList.P5Item.CostElementCategoryList.PackageFielding.Recurring.CostElementList.CostElement.ManufacturerList.Manufacturer.HistoryPlanningList.HistoryPlanning"
    }
]