Title_val,CategorySubtotal_CurrentYear_val,CategorySubtotal_BudgetYearOne_val,CategorySubtotal_BudgetYearTwo_val,CategorySubtotal_BudgetYearThree_val,CategorySubtotal_BudgetYearFour_val,CategorySubtotal_BudgetYearFive_val,CategorySubtotal_PriorYear_val,@SOURCE_FILENAME,@RECORDID,@ROWID,@PARENTROWID,@PARENT
"PLANS (1)","773.138","727.798","711.76","656.83","","","","2018-BASE_PROCUREMENT-2018-NAVY_SHIPBUILDINGANDCOVERSION-U_PROCUREMENT_JustificationBook_Navy_PB_2018.zzz_unzipped-U_PROCUREMENT_JustificationBook_Navy_PB_2018.xml","a13f4bc1c45d92804185e81af41effc77b0ca8274fd32e9c7b503aa89e4ade25","0-4a76fab1882ea0088789734c24e0f95275f395b6540cd25cb12b1cad45198634","9440-71525416803a42172340b2b811186fe16f6991b0962663e3b19b99f419ce4e96","root"
"BASIC CONSTRUCTION (4) - ADVANCED CONSTRUCTION","","28.518","72.1","148.38","2.798","89.904","","2018-BASE_PROCUREMENT-2018-NAVY_SHIPBUILDINGANDCOVERSION-U_PROCUREMENT_JustificationBook_Navy_PB_2018.zzz_unzipped-U_PROCUREMENT_JustificationBook_Navy_PB_2018.xml","a13f4bc1c45d92804185e81af41effc77b0ca8274fd32e9c7b503aa89e4ade25","1-500aa36276c3b2099a4fdfb0d961659490e452a170a2cc77811dd5ffcfda45ea","9440-71525416803a42172340b2b811186fe16f6991b0962663e3b19b99f419ce4e96","root"
"BASIC CONSTRUCTION (3) - MISSILE TUBE CONTINUOUS PRODUCTION","","59.537","60.047","86.869","86.765","148.781","","2018-BASE_PROCUREMENT-2018-NAVY_SHIPBUILDINGANDCOVERSION-U_PROCUREMENT_JustificationBook_Navy_PB_2018.zzz_unzipped-U_PROCUREMENT_JustificationBook_Navy_PB_2018.xml","a13f4bc1c45d92804185e81af41effc77b0ca8274fd32e9c7b503aa89e4ade25","2-2d5efe18ce2d2659c843f0014201a377a3001286124accde93c49f8a971c4047","9440-71525416803a42172340b2b811186fe16f6991b0962663e3b19b99f419ce4e96","root"
"HM&E (6)","","","20","41.948","","","","2018-BASE_PROCUREMENT-2018-NAVY_SHIPBUILDINGANDCOVERSION-U_PROCUREMENT_JustificationBook_Navy_PB_2018.zzz_unzipped-U_PROCUREMENT_JustificationBook_Navy_PB_2018.xml","a13f4bc1c45d92804185e81af41effc77b0ca8274fd32e9c7b503aa89e4ade25","3-581271ef077f2d21828bb2d1e2f2d0f4f87b47dded97163390ba60b8a064a0cf","9440-71525416803a42172340b2b811186fe16f6991b0962663e3b19b99f419ce4e96","root"
"ORDNANCE (7)","","","48.3","79.4","","20.623","","2018-BASE_PROCUREMENT-2018-NAVY_SHIPBUILDINGANDCOVERSION-U_PROCUREMENT_JustificationBook_Navy_PB_2018.zzz_unzipped-U_PROCUREMENT_JustificationBook_Navy_PB_2018.xml","a13f4bc1c45d92804185e81af41effc77b0ca8274fd32e9c7b503aa89e4ade25","4-2a441ce1f5acc42b42b947092ebc20833ec6f446dadf75945e7d7a1cbc0974c3","9440-71525416803a42172340b2b811186fe16f6991b0962663e3b19b99f419ce4e96","root"
"NUCLEAR PROPULSION PLANT EQUIPMENT (5)","","","1700.896","","958","656","","2018-BASE_PROCUREMENT-2018-NAVY_SHIPBUILDINGANDCOVERSION-U_PROCUREMENT_JustificationBook_Navy_PB_2018.zzz_unzipped-U_PROCUREMENT_JustificationBook_Navy_PB_2018.xml","a13f4bc1c45d92804185e81af41effc77b0ca8274fd32e9c7b503aa89e4ade25","5-bd4acb698fabe3f318d10065a039f6e76c4bc8317bf2bca72ea12bcaf9c974a5","9440-71525416803a42172340b2b811186fe16f6991b0962663e3b19b99f419ce4e96","root"
"NFPC EXTERNAL POWER UPGRADE (8)","","27","","","","","","2018-BASE_PROCUREMENT-2018-NAVY_SHIPBUILDINGANDCOVERSION-U_PROCUREMENT_JustificationBook_Navy_PB_2018.zzz_unzipped-U_PROCUREMENT_JustificationBook_Navy_PB_2018.xml","a13f4bc1c45d92804185e81af41effc77b0ca8274fd32e9c7b503aa89e4ade25","6-d7576c0977587f45a276620d697701efbf514bc0beb534a7fbdf5ab09bf1924d","9440-71525416803a42172340b2b811186fe16f6991b0962663e3b19b99f419ce4e96","root"
"BASIC CONSTRUCTION (2) - LONG LEAD TIME CFE","","","411.133","460.471","","338.038","","2018-BASE_PROCUREMENT-2018-NAVY_SHIPBUILDINGANDCOVERSION-U_PROCUREMENT_JustificationBook_Navy_PB_2018.zzz_unzipped-U_PROCUREMENT_JustificationBook_Navy_PB_2018.xml","a13f4bc1c45d92804185e81af41effc77b0ca8274fd32e9c7b503aa89e4ade25","7-6430288a01ebef42cbaebafe6d44d7e07e029a45d1c3a18833ed3bedfa8fc46d","9440-71525416803a42172340b2b811186fe16f6991b0962663e3b19b99f419ce4e96","root"
"Basic Construction/Conversion","59.975","71.572","71.481","71.421","71.356","72.814","","2018-BASE_PROCUREMENT-2018-NAVY_SHIPBUILDINGANDCOVERSION-U_PROCUREMENT_JustificationBook_Navy_PB_2018.zzz_unzipped-U_PROCUREMENT_JustificationBook_Navy_PB_2018.xml","5fb03280280c04f70140363ea84e84f7472f5711a8a318be34e2b8fb03fc2dac","0-43b8c12f8037ae4e60be9261db03d59bc93832be4b64c474fa0808c137073b96","9443-1648d9ff2ea12edc7155d8c0477f3716ee49fb49acb3a335e8b568ffbe38ef80","root"
"Electronics","4.904","3.496","3.565","3.637","3.71","3.784","","2018-BASE_PROCUREMENT-2018-NAVY_SHIPBUILDINGANDCOVERSION-U_PROCUREMENT_JustificationBook_Navy_PB_2018.zzz_unzipped-U_PROCUREMENT_JustificationBook_Navy_PB_2018.xml","5fb03280280c04f70140363ea84e84f7472f5711a8a318be34e2b8fb03fc2dac","1-3f1dcf4491644b2a132be1bf8e75ec53f407a5f6dde7044bc6592a5822287640","9443-1648d9ff2ea12edc7155d8c0477f3716ee49fb49acb3a335e8b568ffbe38ef80","root"
"Hull, Mechanical, and Electrical (HM&E)","8.2","","","","","","","2018-BASE_PROCUREMENT-2018-NAVY_SHIPBUILDINGANDCOVERSION-U_PROCUREMENT_JustificationBook_Navy_PB_2018.zzz_unzipped-U_PROCUREMENT_JustificationBook_Navy_PB_2018.xml","5fb03280280c04f70140363ea84e84f7472f5711a8a318be34e2b8fb03fc2dac","2-e599e7629254b9621f657db1ee30f9fab0d38b32e3743af28ecddb5a1ed6a99b","9443-1648d9ff2ea12edc7155d8c0477f3716ee49fb49acb3a335e8b568ffbe38ef80","root"
"Advance Procurement","1767.234","1920.596","1811.29","1887.622","1945.91","1341.813","1641.888","2018-BASE_PROCUREMENT-2018-NAVY_SHIPBUILDINGANDCOVERSION-U_PROCUREMENT_JustificationBook_Navy_PB_2018.zzz_unzipped-U_PROCUREMENT_JustificationBook_Navy_PB_2018.xml","e65faa6577a08f2ddf29b7d5454a13aa910b941ba87ebd505eb81f9f400deed2","0-61712930970902be588147c82868f3aee5feb1ca825f62e6bf407453818ea3ba","9452-9715871007b3691b456eff1adfb2d4ac5002c5bbaaa206fa077084675e1a756d","root"
"Economic Order of Quantity","","","985.456","881.982","427.42","","329.952","2018-BASE_PROCUREMENT-2018-NAVY_SHIPBUILDINGANDCOVERSION-U_PROCUREMENT_JustificationBook_Navy_PB_2018.zzz_unzipped-U_PROCUREMENT_JustificationBook_Navy_PB_2018.xml","e65faa6577a08f2ddf29b7d5454a13aa910b941ba87ebd505eb81f9f400deed2","1-1f413aa02db06511f944b6ac8e84155fc033dfc7bcdce439e74495b69b45dff2","9452-9715871007b3691b456eff1adfb2d4ac5002c5bbaaa206fa077084675e1a756d","root"
"Advance Procurement","248.599","75.897","459.93","625.466","236.205","541.451","14.951","2018-BASE_PROCUREMENT-2018-NAVY_SHIPBUILDINGANDCOVERSION-U_PROCUREMENT_JustificationBook_Navy_PB_2018.zzz_unzipped-U_PROCUREMENT_JustificationBook_Navy_PB_2018.xml","30f05fcd72a912823615127e43b2be8ca570156afc2855adfc6c02323fd91c7d","0-c90dd3d6388243bdedcc0bcf4f06833ac03fcf3a5d8755cf397641cdfa2e6ec1","9454-181989145bbed0efe10bd892f5b9210386b3700bf1939d934f36335df0a3fddf","root"
"SHIP CONSTRUCTION EOQ","","50.035","225","225.19","","","","2018-BASE_PROCUREMENT-2018-NAVY_SHIPBUILDINGANDCOVERSION-U_PROCUREMENT_JustificationBook_Navy_PB_2018.zzz_unzipped-U_PROCUREMENT_JustificationBook_Navy_PB_2018.xml","341c09c4a37bc5105a93194374c2b71f3cdff23a738f04e5629acb1abd33932e","0-27e6b2f7147581ca33abb44f3fccb63eac8c4e9c173214c16a67be392953a99d","9456-aca9dc644a94f8910b244c1fa837d216dc424e1a505b0ce4c5d5630816be901f","root"
"VLS Advanced Procurement","","40.301","67.713","","","","","2018-BASE_PROCUREMENT-2018-NAVY_SHIPBUILDINGANDCOVERSION-U_PROCUREMENT_JustificationBook_Navy_PB_2018.zzz_unzipped-U_PROCUREMENT_JustificationBook_Navy_PB_2018.xml","341c09c4a37bc5105a93194374c2b71f3cdff23a738f04e5629acb1abd33932e","1-ab0a71e9cc46ee1676badac94a1a3aef48545441a33b7add64682b4bedf5e2a2","9456-aca9dc644a94f8910b244c1fa837d216dc424e1a505b0ce4c5d5630816be901f","root"
"PLANS (1)","773.138","727.798","711.76","656.83","","","","2018-BASE_PROCUREMENT-2018-NAVY_SHIPBUILDINGANDCOVERSION-U_PROCUREMENT_MasterJustificationBook_Navy_PB_2018.zzz_unzipped-U_PROCUREMENT_MasterJustificationBook_Navy_PB_2018.xml","3c8bb2a5e6433aa6e2f786bb04ee3f77983782bd530acf290eebf6c4716c2e9d","0-5f1433e8a5b557ce35d586cd597050fbe4aeb60c92936e74e7cc47b4c65aed64","9461-0b7e1259a9472fed95798d0bd31e520426333ffeefed818d37d789ace107f4df","root"
"BASIC CONSTRUCTION (4) - ADVANCED CONSTRUCTION","","28.518","72.1","148.38","2.798","89.904","","2018-BASE_PROCUREMENT-2018-NAVY_SHIPBUILDINGANDCOVERSION-U_PROCUREMENT_MasterJustificationBook_Navy_PB_2018.zzz_unzipped-U_PROCUREMENT_MasterJustificationBook_Navy_PB_2018.xml","3c8bb2a5e6433aa6e2f786bb04ee3f77983782bd530acf290eebf6c4716c2e9d","1-0a08d2d3001e117264cc4f74aadcf8f489b8b342688732f64b9e26de43669607","9461-0b7e1259a9472fed95798d0bd31e520426333ffeefed818d37d789ace107f4df","root"
"BASIC CONSTRUCTION (3) - MISSILE TUBE CONTINUOUS PRODUCTION","","59.537","60.047","86.869","86.765","148.781","","2018-BASE_PROCUREMENT-2018-NAVY_SHIPBUILDINGANDCOVERSION-U_PROCUREMENT_MasterJustificationBook_Navy_PB_2018.zzz_unzipped-U_PROCUREMENT_MasterJustificationBook_Navy_PB_2018.xml","3c8bb2a5e6433aa6e2f786bb04ee3f77983782bd530acf290eebf6c4716c2e9d","2-7bd4dbdc0ad814b16b5ac6030734269cf966aa2d4ad7282611b3ccf23bc8eb2b","9461-0b7e1259a9472fed95798d0bd31e520426333ffeefed818d37d789ace107f4df","root"
"HM&E (6)","","","20","41.948","","","","2018-BASE_PROCUREMENT-2018-NAVY_SHIPBUILDINGANDCOVERSION-U_PROCUREMENT_MasterJustificationBook_Navy_PB_2018.zzz_unzipped-U_PROCUREMENT_MasterJustificationBook_Navy_PB_2018.xml","3c8bb2a5e6433aa6e2f786bb04ee3f77983782bd530acf290eebf6c4716c2e9d","3-1793bcbb2462e68c1c1d81c2f78419aab659b2e15552bdf17ab684659ae2c8ed","9461-0b7e1259a9472fed95798d0bd31e520426333ffeefed818d37d789ace107f4df","root"
"ORDNANCE (7)","","","48.3","79.4","","20.623","","2018-BASE_PROCUREMENT-2018-NAVY_SHIPBUILDINGANDCOVERSION-U_PROCUREMENT_MasterJustificationBook_Navy_PB_2018.zzz_unzipped-U_PROCUREMENT_MasterJustificationBook_Navy_PB_2018.xml","3c8bb2a5e6433aa6e2f786bb04ee3f77983782bd530acf290eebf6c4716c2e9d","4-e07ce7ef807b6a3c7eb3ded34bb9fb6252df4578fccb11ef665a92cf24615840","9461-0b7e1259a9472fed95798d0bd31e520426333ffeefed818d37d789ace107f4df","root"
"NUCLEAR PROPULSION PLANT EQUIPMENT (5)","","","1700.896","","958","656","","2018-BASE_PROCUREMENT-2018-NAVY_SHIPBUILDINGANDCOVERSION-U_PROCUREMENT_MasterJustificationBook_Navy_PB_2018.zzz_unzipped-U_PROCUREMENT_MasterJustificationBook_Navy_PB_2018.xml","3c8bb2a5e6433aa6e2f786bb04ee3f77983782bd530acf290eebf6c4716c2e9d","5-7e8cf82ceb474a5636ccfeef7663084f2f0f950dcd0ba48469980980adc83337","9461-0b7e1259a9472fed95798d0bd31e520426333ffeefed818d37d789ace107f4df","root"
"NFPC EXTERNAL POWER UPGRADE (8)","","27","","","","","","2018-BASE_PROCUREMENT-2018-NAVY_SHIPBUILDINGANDCOVERSION-U_PROCUREMENT_MasterJustificationBook_Navy_PB_2018.zzz_unzipped-U_PROCUREMENT_MasterJustificationBook_Navy_PB_2018.xml","3c8bb2a5e6433aa6e2f786bb04ee3f77983782bd530acf290eebf6c4716c2e9d","6-7ba1738249022255da550e440a2445956cf2c142bae681acf80136fdbc9f4299","9461-0b7e1259a9472fed95798d0bd31e520426333ffeefed818d37d789ace107f4df","root"
"BASIC CONSTRUCTION (2) - LONG LEAD TIME CFE","","","411.133","460.471","","338.038","","2018-BASE_PROCUREMENT-2018-NAVY_SHIPBUILDINGANDCOVERSION-U_PROCUREMENT_MasterJustificationBook_Navy_PB_2018.zzz_unzipped-U_PROCUREMENT_MasterJustificationBook_Navy_PB_2018.xml","3c8bb2a5e6433aa6e2f786bb04ee3f77983782bd530acf290eebf6c4716c2e9d","7-03333b6d937e6316aee7957739c5982307b4f8cdc568a904c9c4f83699887e80","9461-0b7e1259a9472fed95798d0bd31e520426333ffeefed818d37d789ace107f4df","root"
"Basic Construction/Conversion","59.975","71.572","71.481","71.421","71.356","72.814","","2018-BASE_PROCUREMENT-2018-NAVY_SHIPBUILDINGANDCOVERSION-U_PROCUREMENT_MasterJustificationBook_Navy_PB_2018.zzz_unzipped-U_PROCUREMENT_MasterJustificationBook_Navy_PB_2018.xml","323dee594a542260809faba5db6e9d0ae785d79341ac33dab24393ecf402c9b9","0-95c3aa40a878796c0fcb1ac76684090dad9426f0472f195a974e9fe4f14a2311","9464-effdd3273e5e2a51ed0ae16eb841c136d5ebcbd7c6ba55b50a93fa786fb09f87","root"
"Electronics","4.904","3.496","3.565","3.637","3.71","3.784","","2018-BASE_PROCUREMENT-2018-NAVY_SHIPBUILDINGANDCOVERSION-U_PROCUREMENT_MasterJustificationBook_Navy_PB_2018.zzz_unzipped-U_PROCUREMENT_MasterJustificationBook_Navy_PB_2018.xml","323dee594a542260809faba5db6e9d0ae785d79341ac33dab24393ecf402c9b9","1-c9ef241687185b5b45e7c368745f27a93da5673d22c5169e1c9dbc50ebf5cde8","9464-effdd3273e5e2a51ed0ae16eb841c136d5ebcbd7c6ba55b50a93fa786fb09f87","root"
"Hull, Mechanical, and Electrical (HM&E)","8.2","","","","","","","2018-BASE_PROCUREMENT-2018-NAVY_SHIPBUILDINGANDCOVERSION-U_PROCUREMENT_MasterJustificationBook_Navy_PB_2018.zzz_unzipped-U_PROCUREMENT_MasterJustificationBook_Navy_PB_2018.xml","323dee594a542260809faba5db6e9d0ae785d79341ac33dab24393ecf402c9b9","2-aa88573ef2e9f6efd7866ab807115ea8af2c572292ed37d34405d8fa6255657a","9464-effdd3273e5e2a51ed0ae16eb841c136d5ebcbd7c6ba55b50a93fa786fb09f87","root"
"Advance Procurement","1767.234","1920.596","1811.29","1887.622","1945.91","1341.813","1641.888","2018-BASE_PROCUREMENT-2018-NAVY_SHIPBUILDINGANDCOVERSION-U_PROCUREMENT_MasterJustificationBook_Navy_PB_2018.zzz_unzipped-U_PROCUREMENT_MasterJustificationBook_Navy_PB_2018.xml","b9b3c2143c11a13c8f2c4f97143714796c97d937a9c0d0bc447e53de4a529dc3","0-6c72e958c982cd80628ba3871bd037a82b8efec75c0fd3aa05db6e5cea59582a","9473-446ab1df8307bd6d296e43d2a430f2ec70b6be3b257d2ab07d6f00b6203a288c","root"
"Economic Order of Quantity","","","985.456","881.982","427.42","","329.952","2018-BASE_PROCUREMENT-2018-NAVY_SHIPBUILDINGANDCOVERSION-U_PROCUREMENT_MasterJustificationBook_Navy_PB_2018.zzz_unzipped-U_PROCUREMENT_MasterJustificationBook_Navy_PB_2018.xml","b9b3c2143c11a13c8f2c4f97143714796c97d937a9c0d0bc447e53de4a529dc3","1-194a02a08acd98bbee3f072ed621ae7c8e3d9dd665ffaa0b5efb2c7be0ad1316","9473-446ab1df8307bd6d296e43d2a430f2ec70b6be3b257d2ab07d6f00b6203a288c","root"
"Advance Procurement","248.599","75.897","459.93","625.466","236.205","541.451","14.951","2018-BASE_PROCUREMENT-2018-NAVY_SHIPBUILDINGANDCOVERSION-U_PROCUREMENT_MasterJustificationBook_Navy_PB_2018.zzz_unzipped-U_PROCUREMENT_MasterJustificationBook_Navy_PB_2018.xml","39e99632cac232ed4f791a16a1a3a350502b6d8437548761d869aa99726b1c18","0-3390b8b8c8702b42383bab1beb47754b7706bdad9a184471cedef29dd1431c5e","9475-4ddd234793396d57b7b4f3f99b96529a2db31fee3a00d471f254832ef356c057","root"
"SHIP CONSTRUCTION EOQ","","50.035","225","225.19","","","","2018-BASE_PROCUREMENT-2018-NAVY_SHIPBUILDINGANDCOVERSION-U_PROCUREMENT_MasterJustificationBook_Navy_PB_2018.zzz_unzipped-U_PROCUREMENT_MasterJustificationBook_Navy_PB_2018.xml","e27de6ec9cb638c66ac0b656bccfc8f782bb401590861916fc6bffb8352b5cd2","0-fa371d16ae430dd374be4b59ffea312ed9276cfc53bca2e8d504475bfe064124","9477-33313086f782ceaf1aba0ca18adb26c4b1e82380a1d1c7499d54e4ff2c1efd8f","root"
"VLS Advanced Procurement","","40.301","67.713","","","","","2018-BASE_PROCUREMENT-2018-NAVY_SHIPBUILDINGANDCOVERSION-U_PROCUREMENT_MasterJustificationBook_Navy_PB_2018.zzz_unzipped-U_PROCUREMENT_MasterJustificationBook_Navy_PB_2018.xml","e27de6ec9cb638c66ac0b656bccfc8f782bb401590861916fc6bffb8352b5cd2","1-46cddd7587ca50db1183f9e7b745cefebba708f702c4ec19b1fbd8fdcca247a8","9477-33313086f782ceaf1aba0ca18adb26c4b1e82380a1d1c7499d54e4ff2c1efd8f","root"
"PLANS (1)","727.798","685.6","613.424","","","","773.138","2019-BASE_PROCUREMENT-2019-NAVY_SHIPBUILDINGANDCOVERSION-U_PROCUREMENT_JustificationBook_Navy_PB_2019.zzz_unzipped-U_PROCUREMENT_JustificationBook_Navy_PB_2019.xml","638baa1128e4028ef90837bc15eef93be42d7c0e1b8788e20de25562008d0736","0-2d1e591dd7994e3b3f5a662b711bc8948c6ee752612433cf813ee2f2e902a004","11052-d87e5859c09c23ddb11bb2dc2e5d54ecab27bf5c4622392d563909cc8645a4cc","root"
"BASIC CONSTRUCTION (3) - MISSILE TUBE CONTINUOUS PRODUCTION","59.537","59.671","85.646","86.288","147.921","112.663","","2019-BASE_PROCUREMENT-2019-NAVY_SHIPBUILDINGANDCOVERSION-U_PROCUREMENT_JustificationBook_Navy_PB_2019.zzz_unzipped-U_PROCUREMENT_JustificationBook_Navy_PB_2019.xml","638baa1128e4028ef90837bc15eef93be42d7c0e1b8788e20de25562008d0736","1-16e9cb057fdfda34381244f7229b551fd615a4b7d09f912c339a44971144cbe8","11052-d87e5859c09c23ddb11bb2dc2e5d54ecab27bf5c4622392d563909cc8645a4cc","root"
"HM&E (6)","","26","41.948","","","51.919","","2019-BASE_PROCUREMENT-2019-NAVY_SHIPBUILDINGANDCOVERSION-U_PROCUREMENT_JustificationBook_Navy_PB_2019.zzz_unzipped-U_PROCUREMENT_JustificationBook_Navy_PB_2019.xml","638baa1128e4028ef90837bc15eef93be42d7c0e1b8788e20de25562008d0736","2-4eefc8f3b7e75fda8cdaa3cb367e18e2f2658905271672592611e075a4a27d23","11052-d87e5859c09c23ddb11bb2dc2e5d54ecab27bf5c4622392d563909cc8645a4cc","root"
"ORDNANCE (7)","","48.3","79.4","","20.623","44.708","","2019-BASE_PROCUREMENT-2019-NAVY_SHIPBUILDINGANDCOVERSION-U_PROCUREMENT_JustificationBook_Navy_PB_2019.zzz_unzipped-U_PROCUREMENT_JustificationBook_Navy_PB_2019.xml","638baa1128e4028ef90837bc15eef93be42d7c0e1b8788e20de25562008d0736","3-8c7da47a3e3b70be3335e4c1cfa4025d77dfa039884ca654256d749fa0feb617","11052-d87e5859c09c23ddb11bb2dc2e5d54ecab27bf5c4622392d563909cc8645a4cc","root"
"NUCLEAR PROPULSION PLANT EQUIPMENT (5)","","1700.896","","952.737","661.262","918.373","","2019-BASE_PROCUREMENT-2019-NAVY_SHIPBUILDINGANDCOVERSION-U_PROCUREMENT_JustificationBook_Navy_PB_2019.zzz_unzipped-U_PROCUREMENT_JustificationBook_Navy_PB_2019.xml","638baa1128e4028ef90837bc15eef93be42d7c0e1b8788e20de25562008d0736","4-ed5f50b1fcacb57844cbc84edd9d06bffda7979aa69a9e5d86e17ac9a0308e26","11052-d87e5859c09c23ddb11bb2dc2e5d54ecab27bf5c4622392d563909cc8645a4cc","root"
"NFPC EXTERNAL POWER UPGRADE (8)","27","","","","","","","2019-BASE_PROCUREMENT-2019-NAVY_SHIPBUILDINGANDCOVERSION-U_PROCUREMENT_JustificationBook_Navy_PB_2019.zzz_unzipped-U_PROCUREMENT_JustificationBook_Navy_PB_2019.xml","638baa1128e4028ef90837bc15eef93be42d7c0e1b8788e20de25562008d0736","5-627de72280a6d5a3eed520c78c5d0b8cd20aea8bd7cf2216c5b27c64cec38474","11052-d87e5859c09c23ddb11bb2dc2e5d54ecab27bf5c4622392d563909cc8645a4cc","root"
"BASIC CONSTRUCTION (4) - ADVANCE CONSTRUCTION","28.518","72.1","148.38","2.783","78.261","239.416","","2019-BASE_PROCUREMENT-2019-NAVY_SHIPBUILDINGANDCOVERSION-U_PROCUREMENT_JustificationBook_Navy_PB_2019.zzz_unzipped-U_PROCUREMENT_JustificationBook_Navy_PB_2019.xml","638baa1128e4028ef90837bc15eef93be42d7c0e1b8788e20de25562008d0736","6-367667ae4876ee029e8617a8aecf1ed75fff32fa80864430cca4b319cb5223f6","11052-d87e5859c09c23ddb11bb2dc2e5d54ecab27bf5c4622392d563909cc8645a4cc","root"
"BASIC CONSTRUCTION (2) - SHIPBUILDER PROCURED LLTM","","405.133","460.471","","338.038","458.151","","2019-BASE_PROCUREMENT-2019-NAVY_SHIPBUILDINGANDCOVERSION-U_PROCUREMENT_JustificationBook_Navy_PB_2019.zzz_unzipped-U_PROCUREMENT_JustificationBook_Navy_PB_2019.xml","638baa1128e4028ef90837bc15eef93be42d7c0e1b8788e20de25562008d0736","7-8427b304346fd2bf76882e991236e2280c917ea5da380254b11c6f84f1a65b1b","11052-d87e5859c09c23ddb11bb2dc2e5d54ecab27bf5c4622392d563909cc8645a4cc","root"
"ELECTRONICS (9)","","7.63","23.89","","","","","2019-BASE_PROCUREMENT-2019-NAVY_SHIPBUILDINGANDCOVERSION-U_PROCUREMENT_JustificationBook_Navy_PB_2019.zzz_unzipped-U_PROCUREMENT_JustificationBook_Navy_PB_2019.xml","638baa1128e4028ef90837bc15eef93be42d7c0e1b8788e20de25562008d0736","8-78ee5a12eb127d89d9b49e516f487bad35d677fc457b9acb35525b94354fa93a","11052-d87e5859c09c23ddb11bb2dc2e5d54ecab27bf5c4622392d563909cc8645a4cc","root"
"Basic Construction/Conversion","72.088","72.006","71.315","71.171","72.604","74.107","60.48","2019-BASE_PROCUREMENT-2019-NAVY_SHIPBUILDINGANDCOVERSION-U_PROCUREMENT_JustificationBook_Navy_PB_2019.zzz_unzipped-U_PROCUREMENT_JustificationBook_Navy_PB_2019.xml","e5270008416af386e50aab32b42150c187045adf229e551f47c76e0a67907316","0-f9bbc82145388af3387ea894cac47b5930e89996b4ef1e4e181358fc3a2edc32","11055-d8ce05a2df2cd0d20c5ad1d207f23061ebadb368510f3d164ee49f2660842958","root"
"Electronics","2.98","3.04","3.101","3.163","3.226","3.291","4.399","2019-BASE_PROCUREMENT-2019-NAVY_SHIPBUILDINGANDCOVERSION-U_PROCUREMENT_JustificationBook_Navy_PB_2019.zzz_unzipped-U_PROCUREMENT_JustificationBook_Navy_PB_2019.xml","e5270008416af386e50aab32b42150c187045adf229e551f47c76e0a67907316","1-f8fad4a844832c2911075991085bcc47fc1389f0a83488d6a6e318067092c1a0","11055-d8ce05a2df2cd0d20c5ad1d207f23061ebadb368510f3d164ee49f2660842958","root"
"Hull, Mechanical, and Electrical (HM&E)","","","","","","","8.2","2019-BASE_PROCUREMENT-2019-NAVY_SHIPBUILDINGANDCOVERSION-U_PROCUREMENT_JustificationBook_Navy_PB_2019.zzz_unzipped-U_PROCUREMENT_JustificationBook_Navy_PB_2019.xml","e5270008416af386e50aab32b42150c187045adf229e551f47c76e0a67907316","2-15a81a3ef97259fc9bb05fdf4b390528f1bb43a11e5f6cd9c3a4a65e11af7c75","11055-d8ce05a2df2cd0d20c5ad1d207f23061ebadb368510f3d164ee49f2660842958","root"
"Advance Procurement","1920.596","1810.941","1887.588","1945.862","2140.779","2185.743","1852.234","2019-BASE_PROCUREMENT-2019-NAVY_SHIPBUILDINGANDCOVERSION-U_PROCUREMENT_JustificationBook_Navy_PB_2019.zzz_unzipped-U_PROCUREMENT_JustificationBook_Navy_PB_2019.xml","26f7a9377367f4833fc97e7a760e9a2cc6323946d5bc9215f0843a3a55340edc","0-010450ee2130b9a725e1cf683398db6a8752c332bd180f41570b3f136de0a224","11064-316aacb3dddfcb5846eda70bd09a75b4ca843f9be89b5d499f778fb95be0c53a","root"
"Economic Order of Quantity","","985.46","881.964","427.42","","","","2019-BASE_PROCUREMENT-2019-NAVY_SHIPBUILDINGANDCOVERSION-U_PROCUREMENT_JustificationBook_Navy_PB_2019.zzz_unzipped-U_PROCUREMENT_JustificationBook_Navy_PB_2019.xml","26f7a9377367f4833fc97e7a760e9a2cc6323946d5bc9215f0843a3a55340edc","1-f45937e55ec3efc87e8bb350741ae97ebd059a69743174d1971a578fd056efbe","11064-316aacb3dddfcb5846eda70bd09a75b4ca843f9be89b5d499f778fb95be0c53a","root"
"Advance Procurement","75.897","449.597","607.963","234.679","538.987","769.835","233.149","2019-BASE_PROCUREMENT-2019-NAVY_SHIPBUILDINGANDCOVERSION-U_PROCUREMENT_JustificationBook_Navy_PB_2019.zzz_unzipped-U_PROCUREMENT_JustificationBook_Navy_PB_2019.xml","3f04422267f18278d5d6f04f107d65e4403280e1024fb698d2f8e9e46d266e01","0-26c1b11ca222cf81f2eef5cfb7257e214f025a1bbe254bd193a04e512b717e33","11066-bb41ea391c6e764654c74f6f0ca4996e4fb1605359e8500f90a2409e1fd54475","root"
"SHIP CONSTRUCTION EOQ","50.035","297.141","336.028","","","","","2019-BASE_PROCUREMENT-2019-NAVY_SHIPBUILDINGANDCOVERSION-U_PROCUREMENT_JustificationBook_Navy_PB_2019.zzz_unzipped-U_PROCUREMENT_JustificationBook_Navy_PB_2019.xml","a1a47c8635cef5e8f1226c963ba3faf740a9814b8e16b8e7235117ff98b853fd","0-6cec0a6ead0637972d4b69c7e5866ec937c1a2fec355f1a476c212f40f6250ca","11068-262b05461ea03c701eeaf6c67f5fe5bef07ba0429410ebf04c591583b4d70fd5","root"
"VLS Advanced Procurement","40.301","94.787","","","","","","2019-BASE_PROCUREMENT-2019-NAVY_SHIPBUILDINGANDCOVERSION-U_PROCUREMENT_JustificationBook_Navy_PB_2019.zzz_unzipped-U_PROCUREMENT_JustificationBook_Navy_PB_2019.xml","a1a47c8635cef5e8f1226c963ba3faf740a9814b8e16b8e7235117ff98b853fd","1-ef9f589e1c21422110d0ebbbe3a8a939f198f19790d54e0f22ac4fceb9060b09","11068-262b05461ea03c701eeaf6c67f5fe5bef07ba0429410ebf04c591583b4d70fd5","root"
"PLANS (1)","727.798","685.6","613.424","","","","773.138","2019-BASE_PROCUREMENT-2019-NAVY_SHIPBUILDINGANDCOVERSION-U_PROCUREMENT_MasterJustificationBook_Navy_PB_2019.zzz_unzipped-U_PROCUREMENT_MasterJustificationBook_Navy_PB_2019.xml","9ed769213b8d8f13826d2c2f5687ae901a9a0b5ad31f556f9d940d6ef290035b","0-c7e0e572b3dd168c167a38dcb63b6ac7da3bff740ecbf091ebe16ee436ca166a","11073-91a93b65d637c1da6ffb1a5c1a1e4fb74aa0a95477288e355c8323cc8648e9a2","root"
"BASIC CONSTRUCTION (3) - MISSILE TUBE CONTINUOUS PRODUCTION","59.537","59.671","85.646","86.288","147.921","112.663","","2019-BASE_PROCUREMENT-2019-NAVY_SHIPBUILDINGANDCOVERSION-U_PROCUREMENT_MasterJustificationBook_Navy_PB_2019.zzz_unzipped-U_PROCUREMENT_MasterJustificationBook_Navy_PB_2019.xml","9ed769213b8d8f13826d2c2f5687ae901a9a0b5ad31f556f9d940d6ef290035b","1-09a4b310f2230846e37bcd8c98a08aecc4de31cdb1a857b53303361d4fef0b06","11073-91a93b65d637c1da6ffb1a5c1a1e4fb74aa0a95477288e355c8323cc8648e9a2","root"
"HM&E (6)","","26","41.948","","","51.919","","2019-BASE_PROCUREMENT-2019-NAVY_SHIPBUILDINGANDCOVERSION-U_PROCUREMENT_MasterJustificationBook_Navy_PB_2019.zzz_unzipped-U_PROCUREMENT_MasterJustificationBook_Navy_PB_2019.xml","9ed769213b8d8f13826d2c2f5687ae901a9a0b5ad31f556f9d940d6ef290035b","2-0ca4bdc50f7aba616b51a59de63229b3a4407416a1f175e56c1e9e9fc434838e","11073-91a93b65d637c1da6ffb1a5c1a1e4fb74aa0a95477288e355c8323cc8648e9a2","root"
"ORDNANCE (7)","","48.3","79.4","","20.623","44.708","","2019-BASE_PROCUREMENT-2019-NAVY_SHIPBUILDINGANDCOVERSION-U_PROCUREMENT_MasterJustificationBook_Navy_PB_2019.zzz_unzipped-U_PROCUREMENT_MasterJustificationBook_Navy_PB_2019.xml","9ed769213b8d8f13826d2c2f5687ae901a9a0b5ad31f556f9d940d6ef290035b","3-7f16142a317d93238167bccdf0269771a850c1c2b29f54b26fb403db7dd9af6c","11073-91a93b65d637c1da6ffb1a5c1a1e4fb74aa0a95477288e355c8323cc8648e9a2","root"
"NUCLEAR PROPULSION PLANT EQUIPMENT (5)","","1700.896","","952.737","661.262","918.373","","2019-BASE_PROCUREMENT-2019-NAVY_SHIPBUILDINGANDCOVERSION-U_PROCUREMENT_MasterJustificationBook_Navy_PB_2019.zzz_unzipped-U_PROCUREMENT_MasterJustificationBook_Navy_PB_2019.xml","9ed769213b8d8f13826d2c2f5687ae901a9a0b5ad31f556f9d940d6ef290035b","4-6e68c8331b5b064554f2689cff4aa1eb159ab951824f19f452d9e7eaddf77b80","11073-91a93b65d637c1da6ffb1a5c1a1e4fb74aa0a95477288e355c8323cc8648e9a2","root"
"NFPC EXTERNAL POWER UPGRADE (8)","27","","","","","","","2019-BASE_PROCUREMENT-2019-NAVY_SHIPBUILDINGANDCOVERSION-U_PROCUREMENT_MasterJustificationBook_Navy_PB_2019.zzz_unzipped-U_PROCUREMENT_MasterJustificationBook_Navy_PB_2019.xml","9ed769213b8d8f13826d2c2f5687ae901a9a0b5ad31f556f9d940d6ef290035b","5-fd8646c936e616384f995028b513789c9c5659d989817f8e91839ff659c56f5c","11073-91a93b65d637c1da6ffb1a5c1a1e4fb74aa0a95477288e355c8323cc8648e9a2","root"
"BASIC CONSTRUCTION (4) - ADVANCE CONSTRUCTION","28.518","72.1","148.38","2.783","78.261","239.416","","2019-BASE_PROCUREMENT-2019-NAVY_SHIPBUILDINGANDCOVERSION-U_PROCUREMENT_MasterJustificationBook_Navy_PB_2019.zzz_unzipped-U_PROCUREMENT_MasterJustificationBook_Navy_PB_2019.xml","9ed769213b8d8f13826d2c2f5687ae901a9a0b5ad31f556f9d940d6ef290035b","6-2199e2f459884c934df233eaee5019145733a086ebead092e396b22e4c708bb3","11073-91a93b65d637c1da6ffb1a5c1a1e4fb74aa0a95477288e355c8323cc8648e9a2","root"
"BASIC CONSTRUCTION (2) - SHIPBUILDER PROCURED LLTM","","405.133","460.471","","338.038","458.151","","2019-BASE_PROCUREMENT-2019-NAVY_SHIPBUILDINGANDCOVERSION-U_PROCUREMENT_MasterJustificationBook_Navy_PB_2019.zzz_unzipped-U_PROCUREMENT_MasterJustificationBook_Navy_PB_2019.xml","9ed769213b8d8f13826d2c2f5687ae901a9a0b5ad31f556f9d940d6ef290035b","7-260222b1eb4ef77d935f2284e9ffa247190a9f2ce081c5e08df7c2d77f7a7aac","11073-91a93b65d637c1da6ffb1a5c1a1e4fb74aa0a95477288e355c8323cc8648e9a2","root"
"ELECTRONICS (9)","","7.63","23.89","","","","","2019-BASE_PROCUREMENT-2019-NAVY_SHIPBUILDINGANDCOVERSION-U_PROCUREMENT_MasterJustificationBook_Navy_PB_2019.zzz_unzipped-U_PROCUREMENT_MasterJustificationBook_Navy_PB_2019.xml","9ed769213b8d8f13826d2c2f5687ae901a9a0b5ad31f556f9d940d6ef290035b","8-fdd7ea7c474ba9ab017d28a9bc65c218dab0e32e3c504511cfc92982c628ccb3","11073-91a93b65d637c1da6ffb1a5c1a1e4fb74aa0a95477288e355c8323cc8648e9a2","root"
"Basic Construction/Conversion","72.088","72.006","71.315","71.171","72.604","74.107","60.48","2019-BASE_PROCUREMENT-2019-NAVY_SHIPBUILDINGANDCOVERSION-U_PROCUREMENT_MasterJustificationBook_Navy_PB_2019.zzz_unzipped-U_PROCUREMENT_MasterJustificationBook_Navy_PB_2019.xml","6c06f09483d2a1c02376f04eacf257fcfd542e51c185b032da7658c61893735d","0-7e1d29e76be41386f575be658d9c2526f31b115b5b170b09b22802e18f5f7ebc","11076-f726a9c27ed0604e047d1d9e92441e1fb6797d4eefe752406a59d6f424921a56","root"
"Electronics","2.98","3.04","3.101","3.163","3.226","3.291","4.399","2019-BASE_PROCUREMENT-2019-NAVY_SHIPBUILDINGANDCOVERSION-U_PROCUREMENT_MasterJustificationBook_Navy_PB_2019.zzz_unzipped-U_PROCUREMENT_MasterJustificationBook_Navy_PB_2019.xml","6c06f09483d2a1c02376f04eacf257fcfd542e51c185b032da7658c61893735d","1-d32651b16e87b2c145bf42ad5a75ab21d338d2ed4c4e9265ccfc6af739d48189","11076-f726a9c27ed0604e047d1d9e92441e1fb6797d4eefe752406a59d6f424921a56","root"
"Hull, Mechanical, and Electrical (HM&E)","","","","","","","8.2","2019-BASE_PROCUREMENT-2019-NAVY_SHIPBUILDINGANDCOVERSION-U_PROCUREMENT_MasterJustificationBook_Navy_PB_2019.zzz_unzipped-U_PROCUREMENT_MasterJustificationBook_Navy_PB_2019.xml","6c06f09483d2a1c02376f04eacf257fcfd542e51c185b032da7658c61893735d","2-f2dd01934494b4692de932691adf8fa794bbcc22a9b37a8641e40a29e6d578d9","11076-f726a9c27ed0604e047d1d9e92441e1fb6797d4eefe752406a59d6f424921a56","root"
"Advance Procurement","1920.596","1810.941","1887.588","1945.862","2140.779","2185.743","1852.234","2019-BASE_PROCUREMENT-2019-NAVY_SHIPBUILDINGANDCOVERSION-U_PROCUREMENT_MasterJustificationBook_Navy_PB_2019.zzz_unzipped-U_PROCUREMENT_MasterJustificationBook_Navy_PB_2019.xml","cbe29039c7026c484c7be93d8dffc73f479957edddb0229a6b7ae1188f188bcd","0-30d4925e9f034ff7b2ecf67654484c9193811a7707d44817ab54aef65b4decdd","11085-c6494a25e7fdd6d980a749c50bf0a0103f2ed48a2c1f5c96b896396529bc39d7","root"
"Economic Order of Quantity","","985.46","881.964","427.42","","","","2019-BASE_PROCUREMENT-2019-NAVY_SHIPBUILDINGANDCOVERSION-U_PROCUREMENT_MasterJustificationBook_Navy_PB_2019.zzz_unzipped-U_PROCUREMENT_MasterJustificationBook_Navy_PB_2019.xml","cbe29039c7026c484c7be93d8dffc73f479957edddb0229a6b7ae1188f188bcd","1-2d92d266dd57380b3277004b62a08e9a118a5efad3f9ce9edb7198ae586b6798","11085-c6494a25e7fdd6d980a749c50bf0a0103f2ed48a2c1f5c96b896396529bc39d7","root"
"Advance Procurement","75.897","449.597","607.963","234.679","538.987","769.835","233.149","2019-BASE_PROCUREMENT-2019-NAVY_SHIPBUILDINGANDCOVERSION-U_PROCUREMENT_MasterJustificationBook_Navy_PB_2019.zzz_unzipped-U_PROCUREMENT_MasterJustificationBook_Navy_PB_2019.xml","8e712934068abd23958514556a25c137e290832dbeb92748a5baadb930834b13","0-47dccc053246f6c29cad3854bba5928e2073a0b36d6f6d096da996899bfe7157","11087-147c38bf19deefd1a5e1d7aebb723b097a36140d87922bc2ec82f3ba65c415e7","root"
"SHIP CONSTRUCTION EOQ","50.035","297.141","336.028","","","","","2019-BASE_PROCUREMENT-2019-NAVY_SHIPBUILDINGANDCOVERSION-U_PROCUREMENT_MasterJustificationBook_Navy_PB_2019.zzz_unzipped-U_PROCUREMENT_MasterJustificationBook_Navy_PB_2019.xml","7ccb09e5aa0dcd2ff656bb6257f40762290470295a3462fc198202ddc187b82f","0-5e0913891f93cb95fbad3dce79645d2c9c855c47b5db7df5729627231f7c823d","11089-deb6365b6a2e717a23075ed75f9ab35213c130fa2278e8d1d57458f5ec73d58a","root"
"VLS Advanced Procurement","40.301","94.787","","","","","","2019-BASE_PROCUREMENT-2019-NAVY_SHIPBUILDINGANDCOVERSION-U_PROCUREMENT_MasterJustificationBook_Navy_PB_2019.zzz_unzipped-U_PROCUREMENT_MasterJustificationBook_Navy_PB_2019.xml","7ccb09e5aa0dcd2ff656bb6257f40762290470295a3462fc198202ddc187b82f","1-81bbca37ef1567e1ed6f156ffa13f9ae8801ff465ae38cf620aa950ccf3e04a8","11089-deb6365b6a2e717a23075ed75f9ab35213c130fa2278e8d1d57458f5ec73d58a","root"
"PLANS","755.97","745.589","","","","","741.424","2020-BASE_PROCUREMENT-2020-NAVY_SHIPBUILDINGANDCOVERSION-U_PROCUREMENT_JustificationBook_Navy_PB_2020.zzz_unzipped-U_PROCUREMENT_JustificationBook_Navy_PB_2020.xml","ef167a7d42cc7655f3ac993a9f635436384c328054c04b938ddb115e24f54e0d","0-dd6fafdad5e536418c2e6684e97624661fe17b405fff4397268184bc1b222de4","12612-4e251413970bf85ed264a32b3a0cd3f4a29ecc0ca5404b86ac3475a1506629c5","root"
"BASIC CONSTRUCTION (3) - SHIPBUILDER PROCURED LLTM","405.133","460.471","","184.262","365.66","311.155","","2020-BASE_PROCUREMENT-2020-NAVY_SHIPBUILDINGANDCOVERSION-U_PROCUREMENT_JustificationBook_Navy_PB_2020.zzz_unzipped-U_PROCUREMENT_JustificationBook_Navy_PB_2020.xml","ef167a7d42cc7655f3ac993a9f635436384c328054c04b938ddb115e24f54e0d","1-d209f85904b20d2bd328f2439fa207e82646227bb05e6592c6955e3afe984ab0","12612-4e251413970bf85ed264a32b3a0cd3f4a29ecc0ca5404b86ac3475a1506629c5","root"
"BASIC CONSTRUCTION (4) - MISSILE TUBE CONTINUOUS PRODUCTION","59.671","85.646","86.288","147.921","112.201","94.187","59.537","2020-BASE_PROCUREMENT-2020-NAVY_SHIPBUILDINGANDCOVERSION-U_PROCUREMENT_JustificationBook_Navy_PB_2020.zzz_unzipped-U_PROCUREMENT_JustificationBook_Navy_PB_2020.xml","ef167a7d42cc7655f3ac993a9f635436384c328054c04b938ddb115e24f54e0d","2-35eee5ed38a03d7cdb85ef0f28c952d29ad79769ee30c0b54a8662634fa776bd","12612-4e251413970bf85ed264a32b3a0cd3f4a29ecc0ca5404b86ac3475a1506629c5","root"
"BASIC CONSTRUCTION (5) - ADVANCE CONSTRUCTION","72.1","148.38","2.783","78.26","239.301","91.552","28.518","2020-BASE_PROCUREMENT-2020-NAVY_SHIPBUILDINGANDCOVERSION-U_PROCUREMENT_JustificationBook_Navy_PB_2020.zzz_unzipped-U_PROCUREMENT_JustificationBook_Navy_PB_2020.xml","ef167a7d42cc7655f3ac993a9f635436384c328054c04b938ddb115e24f54e0d","3-33de1b1006164bd861491fca15f5e6e5a267cc48de0b2e80faa0c5edd90a580c","12612-4e251413970bf85ed264a32b3a0cd3f4a29ecc0ca5404b86ac3475a1506629c5","root"
"BASIC CONSTRUCTION (6) - EOQ IN SUPPORT OF MULTI-PROGRAM PROCUREMENT","95.88","75.343","12.299","12.198","11.898","13.998","","2020-BASE_PROCUREMENT-2020-NAVY_SHIPBUILDINGANDCOVERSION-U_PROCUREMENT_JustificationBook_Navy_PB_2020.zzz_unzipped-U_PROCUREMENT_JustificationBook_Navy_PB_2020.xml","ef167a7d42cc7655f3ac993a9f635436384c328054c04b938ddb115e24f54e0d","4-75a4d9163facf1b2a7741dd1e1eef8f7b0785a3e8acd9b6a11f2f9dcf709ac7e","12612-4e251413970bf85ed264a32b3a0cd3f4a29ecc0ca5404b86ac3475a1506629c5","root"
"BASIC CONSTRUCTION (7) - SHIPYARD MANUFACTURED ITEMS CONTINUOUS PRODUCTION","1.82","6.788","14.922","25.929","31.745","31.607","","2020-BASE_PROCUREMENT-2020-NAVY_SHIPBUILDINGANDCOVERSION-U_PROCUREMENT_JustificationBook_Navy_PB_2020.zzz_unzipped-U_PROCUREMENT_JustificationBook_Navy_PB_2020.xml","ef167a7d42cc7655f3ac993a9f635436384c328054c04b938ddb115e24f54e0d","5-3e55e88bb9294124d67ed8685486b73493fd9a43f7b11f3d1543d1628ebed2ea","12612-4e251413970bf85ed264a32b3a0cd3f4a29ecc0ca5404b86ac3475a1506629c5","root"
"NUCLEAR PROPULSION PLANT EQUIPMENT (8)","1700.896","","952.737","661.262","918.373","1535.627","","2020-BASE_PROCUREMENT-2020-NAVY_SHIPBUILDINGANDCOVERSION-U_PROCUREMENT_JustificationBook_Navy_PB_2020.zzz_unzipped-U_PROCUREMENT_JustificationBook_Navy_PB_2020.xml","ef167a7d42cc7655f3ac993a9f635436384c328054c04b938ddb115e24f54e0d","6-4ec2b208f322a28dff7f90d40f7ed723f038b082ad28cb2310cc8e840f0ab86c","12612-4e251413970bf85ed264a32b3a0cd3f4a29ecc0ca5404b86ac3475a1506629c5","root"
"HM&E (9)","26","41.948","","","51.919","","","2020-BASE_PROCUREMENT-2020-NAVY_SHIPBUILDINGANDCOVERSION-U_PROCUREMENT_JustificationBook_Navy_PB_2020.zzz_unzipped-U_PROCUREMENT_JustificationBook_Navy_PB_2020.xml","ef167a7d42cc7655f3ac993a9f635436384c328054c04b938ddb115e24f54e0d","7-3faceb1d2a4a487bc29497a81591791642a59119b0d2e437c1cf0fdfbbdb3c8d","12612-4e251413970bf85ed264a32b3a0cd3f4a29ecc0ca5404b86ac3475a1506629c5","root"
"ORDNANCE SWS SHIPBOARD SYSTEMS (10) - LLTM","48.3","90.02","1.912","20.623","55.707","3.785","","2020-BASE_PROCUREMENT-2020-NAVY_SHIPBUILDINGANDCOVERSION-U_PROCUREMENT_JustificationBook_Navy_PB_2020.zzz_unzipped-U_PROCUREMENT_JustificationBook_Navy_PB_2020.xml","ef167a7d42cc7655f3ac993a9f635436384c328054c04b938ddb115e24f54e0d","8-6dc658a0152549dca69bd02ff48a273d5523c0c90b96ec03d8ba075604b1dede","12612-4e251413970bf85ed264a32b3a0cd3f4a29ecc0ca5404b86ac3475a1506629c5","root"
"ORDNANCE SWS SHIPBOARD SYSTEMS (11) - ECONOMIC ORDER QUANTITY","","3.45","0.022","1.551","0.575","0.22","","2020-BASE_PROCUREMENT-2020-NAVY_SHIPBUILDINGANDCOVERSION-U_PROCUREMENT_JustificationBook_Navy_PB_2020.zzz_unzipped-U_PROCUREMENT_JustificationBook_Navy_PB_2020.xml","ef167a7d42cc7655f3ac993a9f635436384c328054c04b938ddb115e24f54e0d","9-e043783725f28d554f4f92909202390072c339863770838a671493c6ab6ee005","12612-4e251413970bf85ed264a32b3a0cd3f4a29ecc0ca5404b86ac3475a1506629c5","root"
"ORDNANCE SWS SHIPBOARD SYSTEMS (12) - CONTINUOUS PRODUCTION","","","3.842","4.478","7.082","10.175","","2020-BASE_PROCUREMENT-2020-NAVY_SHIPBUILDINGANDCOVERSION-U_PROCUREMENT_JustificationBook_Navy_PB_2020.zzz_unzipped-U_PROCUREMENT_JustificationBook_Navy_PB_2020.xml","ef167a7d42cc7655f3ac993a9f635436384c328054c04b938ddb115e24f54e0d","10-7f34df68d8ba8878d0390d2b9e79f470d043751b048eaf82517aa1a423648a0e","12612-4e251413970bf85ed264a32b3a0cd3f4a29ecc0ca5404b86ac3475a1506629c5","root"
"NFPC EXTERNAL POWER UPGRADE (13)","","","","","","","32.374","2020-BASE_PROCUREMENT-2020-NAVY_SHIPBUILDINGANDCOVERSION-U_PROCUREMENT_JustificationBook_Navy_PB_2020.zzz_unzipped-U_PROCUREMENT_JustificationBook_Navy_PB_2020.xml","ef167a7d42cc7655f3ac993a9f635436384c328054c04b938ddb115e24f54e0d","11-33d886357deeff0e0b55f34816f4ac06197e4193e8859ff9e2dbf2401d14964b","12612-4e251413970bf85ed264a32b3a0cd3f4a29ecc0ca5404b86ac3475a1506629c5","root"
"ELECTRONICS (14)","7.63","41.272","","","","","","2020-BASE_PROCUREMENT-2020-NAVY_SHIPBUILDINGANDCOVERSION-U_PROCUREMENT_JustificationBook_Navy_PB_2020.zzz_unzipped-U_PROCUREMENT_JustificationBook_Navy_PB_2020.xml","ef167a7d42cc7655f3ac993a9f635436384c328054c04b938ddb115e24f54e0d","12-b6cbea7967b3289c074159639e25d5eb55b9c2b858b1ef266590bc48a208444d","12612-4e251413970bf85ed264a32b3a0cd3f4a29ecc0ca5404b86ac3475a1506629c5","root"
"CFE","350","","","","170.602","","","2020-BASE_PROCUREMENT-2020-NAVY_SHIPBUILDINGANDCOVERSION-U_PROCUREMENT_JustificationBook_Navy_PB_2020.zzz_unzipped-U_PROCUREMENT_JustificationBook_Navy_PB_2020.xml","a30fb163f04d29291638d311bbf03be8dc48823cfa05a2f328112ff44f545d50","0-02471bebebb36e87514c43f26c9321ab1e8759535fec5df8a8b7fd8fc71060cf","12614-2f9a9515e58445f33859f902cbfcb01b317e7b265b1242f451608a880226e635","root"
"Basic Construction/Conversion","73","73","73","74","75.5","77","73","2020-BASE_PROCUREMENT-2020-NAVY_SHIPBUILDINGANDCOVERSION-U_PROCUREMENT_JustificationBook_Navy_PB_2020.zzz_unzipped-U_PROCUREMENT_JustificationBook_Navy_PB_2020.xml","d424f8f8debac747eb01eb019a6c3d773c2e716c4794c090aff1eab5f46f120e","0-1e2380d8d95ad439fdf838babca5bab20b4bf49ae26d65b3a58b2cba1f84bb0b","12617-270553eff11c84e7069c7024eab6f7da50c7f89c4e13cc05ca038caee56da6c8","root"
"Hull, Mechanical, and Electrical (HM&E)","","","","","","","","2020-BASE_PROCUREMENT-2020-NAVY_SHIPBUILDINGANDCOVERSION-U_PROCUREMENT_JustificationBook_Navy_PB_2020.zzz_unzipped-U_PROCUREMENT_JustificationBook_Navy_PB_2020.xml","d424f8f8debac747eb01eb019a6c3d773c2e716c4794c090aff1eab5f46f120e","1-324753af79054ff41126fb29800f1ca3d9e973907a641a5b68bcd4d631946c27","12617-270553eff11c84e7069c7024eab6f7da50c7f89c4e13cc05ca038caee56da6c8","root"
"Electronics","2.046","","","","","","2.068","2020-BASE_PROCUREMENT-2020-NAVY_SHIPBUILDINGANDCOVERSION-U_PROCUREMENT_JustificationBook_Navy_PB_2020.zzz_unzipped-U_PROCUREMENT_JustificationBook_Navy_PB_2020.xml","d424f8f8debac747eb01eb019a6c3d773c2e716c4794c090aff1eab5f46f120e","2-617a648a8081a9e06af818ac3801c8a86310a51a9f7ab7a4daa5f3c2d030cce7","12617-270553eff11c84e7069c7024eab6f7da50c7f89c4e13cc05ca038caee56da6c8","root"
"Advance Procurement","1810.941","1887.588","1945.862","2140.779","2185.743","2021.506","1920.596","2020-BASE_PROCUREMENT-2020-NAVY_SHIPBUILDINGANDCOVERSION-U_PROCUREMENT_JustificationBook_Navy_PB_2020.zzz_unzipped-U_PROCUREMENT_JustificationBook_Navy_PB_2020.xml","cc662e74a7de7213dcbbea2bd4856f29d0eced5cfd2f89546251c34f13f65079","0-cec0d1f219261be1c1e914aa29d183d4cca997fdb093356d5fbfa92f8fd09f43","12624-bdf00823ecca149ab9590ad336e7f91f62ac62355080dc0c8a98d4acaaa3208a","root"
"Economic Order of Quantity","985.46","881.964","427.42","","","544.014","225","2020-BASE_PROCUREMENT-2020-NAVY_SHIPBUILDINGANDCOVERSION-U_PROCUREMENT_JustificationBook_Navy_PB_2020.zzz_unzipped-U_PROCUREMENT_JustificationBook_Navy_PB_2020.xml","cc662e74a7de7213dcbbea2bd4856f29d0eced5cfd2f89546251c34f13f65079","1-44ce3754b0f576e4a43c8f1d8c4ea7c4ea20fd764ddcf58e435ce76996b2a3e9","12624-bdf00823ecca149ab9590ad336e7f91f62ac62355080dc0c8a98d4acaaa3208a","root"
"SHIP CONSTRUCTION EOQ","547.141","224.028","","","372.4","210","50.035","2020-BASE_PROCUREMENT-2020-NAVY_SHIPBUILDINGANDCOVERSION-U_PROCUREMENT_JustificationBook_Navy_PB_2020.zzz_unzipped-U_PROCUREMENT_JustificationBook_Navy_PB_2020.xml","f88449ebd51dedd31a2638fdba5e14252aa210ecf7ac5ea8d1c24b9a55389b12","0-aba7bcbc86197e3d4628d2941ecf8eca6fc9e3cbdef56823a281d5f5387c2828","12631-5325f347505873649a7634a337fc8f05321d991aad48a73f5db7a04583107a99","root"
"VLS Advanced Procurement","94.787","","","","112","","40.301","2020-BASE_PROCUREMENT-2020-NAVY_SHIPBUILDINGANDCOVERSION-U_PROCUREMENT_JustificationBook_Navy_PB_2020.zzz_unzipped-U_PROCUREMENT_JustificationBook_Navy_PB_2020.xml","f88449ebd51dedd31a2638fdba5e14252aa210ecf7ac5ea8d1c24b9a55389b12","1-81ea9b0f57fb266f4d0bc15d2dc5d96153a967d237473b64572fea129a48b9c4","12631-5325f347505873649a7634a337fc8f05321d991aad48a73f5db7a04583107a99","root"
"LPD AP","350","","","","","","","2020-BASE_PROCUREMENT-2020-NAVY_SHIPBUILDINGANDCOVERSION-U_PROCUREMENT_JustificationBook_Navy_PB_2020.zzz_unzipped-U_PROCUREMENT_JustificationBook_Navy_PB_2020.xml","9c168386c667ef3d36f81563d2d4cc8667e0a613f9f857e619b298d98031ffd5","0-c2e5f7568d3f41451538cc26414253abc954333ae739e570829ee33959fa851f","12634-55242a70b0c3c9d8922004f43514e0d950b6476e7aeb406d35b5dc9ab9a5a265","root"
"LPD 31","","247.1","","","","","","2020-BASE_PROCUREMENT-2020-NAVY_SHIPBUILDINGANDCOVERSION-U_PROCUREMENT_JustificationBook_Navy_PB_2020.zzz_unzipped-U_PROCUREMENT_JustificationBook_Navy_PB_2020.xml","9c168386c667ef3d36f81563d2d4cc8667e0a613f9f857e619b298d98031ffd5","1-b0cdac49ca031bf51f5366bd7233d09dd9a47dd9f1ccd39b79f587b2639c0fb3","12634-55242a70b0c3c9d8922004f43514e0d950b6476e7aeb406d35b5dc9ab9a5a265","root"
"PLANS","755.97","745.589","","","","","741.424","2020-BASE_PROCUREMENT-2020-NAVY_SHIPBUILDINGANDCOVERSION-U_PROCUREMENT_MasterJustificationBook_Navy_PB_2020.zzz_unzipped-U_PROCUREMENT_MasterJustificationBook_Navy_PB_2020.xml","932fdce825504fa911ecd35304bff2100a65b22e6750204204e9dcdd4121ea6f","0-139bf3719c669f5b03561f1bd8766a456984474f1f56a59da9d124fa092edd26","12636-e9a34c726ceeee95eb60064c1ff200f1f1a2a3d9c9f48cfe1635edc215c87f6d","root"
"BASIC CONSTRUCTION (3) - SHIPBUILDER PROCURED LLTM","405.133","460.471","","184.262","365.66","311.155","","2020-BASE_PROCUREMENT-2020-NAVY_SHIPBUILDINGANDCOVERSION-U_PROCUREMENT_MasterJustificationBook_Navy_PB_2020.zzz_unzipped-U_PROCUREMENT_MasterJustificationBook_Navy_PB_2020.xml","932fdce825504fa911ecd35304bff2100a65b22e6750204204e9dcdd4121ea6f","1-82f3a43b08829416f1a25f786fbdfc0a854168ef9811330550a880533a2313d7","12636-e9a34c726ceeee95eb60064c1ff200f1f1a2a3d9c9f48cfe1635edc215c87f6d","root"
"BASIC CONSTRUCTION (4) - MISSILE TUBE CONTINUOUS PRODUCTION","59.671","85.646","86.288","147.921","112.201","94.187","59.537","2020-BASE_PROCUREMENT-2020-NAVY_SHIPBUILDINGANDCOVERSION-U_PROCUREMENT_MasterJustificationBook_Navy_PB_2020.zzz_unzipped-U_PROCUREMENT_MasterJustificationBook_Navy_PB_2020.xml","932fdce825504fa911ecd35304bff2100a65b22e6750204204e9dcdd4121ea6f","2-bda6960c7b4fb7d31a07bc64103d73bd2ee46114cb9772d5e485131ef29872d0","12636-e9a34c726ceeee95eb60064c1ff200f1f1a2a3d9c9f48cfe1635edc215c87f6d","root"
"BASIC CONSTRUCTION (5) - ADVANCE CONSTRUCTION","72.1","148.38","2.783","78.26","239.301","91.552","28.518","2020-BASE_PROCUREMENT-2020-NAVY_SHIPBUILDINGANDCOVERSION-U_PROCUREMENT_MasterJustificationBook_Navy_PB_2020.zzz_unzipped-U_PROCUREMENT_MasterJustificationBook_Navy_PB_2020.xml","932fdce825504fa911ecd35304bff2100a65b22e6750204204e9dcdd4121ea6f","3-dc692a283bf7286718dbb80c9d94d53029517dc50e9ce82a93a69dddf49e7248","12636-e9a34c726ceeee95eb60064c1ff200f1f1a2a3d9c9f48cfe1635edc215c87f6d","root"
"BASIC CONSTRUCTION (6) - EOQ IN SUPPORT OF MULTI-PROGRAM PROCUREMENT","95.88","75.343","12.299","12.198","11.898","13.998","","2020-BASE_PROCUREMENT-2020-NAVY_SHIPBUILDINGANDCOVERSION-U_PROCUREMENT_MasterJustificationBook_Navy_PB_2020.zzz_unzipped-U_PROCUREMENT_MasterJustificationBook_Navy_PB_2020.xml","932fdce825504fa911ecd35304bff2100a65b22e6750204204e9dcdd4121ea6f","4-f64b7e106b2364841c09053fad9bfbb4f2696482151291302748ca0150d84c2c","12636-e9a34c726ceeee95eb60064c1ff200f1f1a2a3d9c9f48cfe1635edc215c87f6d","root"
"BASIC CONSTRUCTION (7) - SHIPYARD MANUFACTURED ITEMS CONTINUOUS PRODUCTION","1.82","6.788","14.922","25.929","31.745","31.607","","2020-BASE_PROCUREMENT-2020-NAVY_SHIPBUILDINGANDCOVERSION-U_PROCUREMENT_MasterJustificationBook_Navy_PB_2020.zzz_unzipped-U_PROCUREMENT_MasterJustificationBook_Navy_PB_2020.xml","932fdce825504fa911ecd35304bff2100a65b22e6750204204e9dcdd4121ea6f","5-94d60bf2a575c0b07605b370f7ea7215e399872e5c0b4e6fe4c47a7c80f1f264","12636-e9a34c726ceeee95eb60064c1ff200f1f1a2a3d9c9f48cfe1635edc215c87f6d","root"
"NUCLEAR PROPULSION PLANT EQUIPMENT (8)","1700.896","","952.737","661.262","918.373","1535.627","","2020-BASE_PROCUREMENT-2020-NAVY_SHIPBUILDINGANDCOVERSION-U_PROCUREMENT_MasterJustificationBook_Navy_PB_2020.zzz_unzipped-U_PROCUREMENT_MasterJustificationBook_Navy_PB_2020.xml","932fdce825504fa911ecd35304bff2100a65b22e6750204204e9dcdd4121ea6f","6-115db4b7b72985fb56ab1cf59a5146399cae47b291654ba288ef83fb7b99fa2e","12636-e9a34c726ceeee95eb60064c1ff200f1f1a2a3d9c9f48cfe1635edc215c87f6d","root"
"HM&E (9)","26","41.948","","","51.919","","","2020-BASE_PROCUREMENT-2020-NAVY_SHIPBUILDINGANDCOVERSION-U_PROCUREMENT_MasterJustificationBook_Navy_PB_2020.zzz_unzipped-U_PROCUREMENT_MasterJustificationBook_Navy_PB_2020.xml","932fdce825504fa911ecd35304bff2100a65b22e6750204204e9dcdd4121ea6f","7-77266b2bccc1531662c09299897fceec130579250991b24bb9c8bab50bfb9c4b","12636-e9a34c726ceeee95eb60064c1ff200f1f1a2a3d9c9f48cfe1635edc215c87f6d","root"
"ORDNANCE SWS SHIPBOARD SYSTEMS (10) - LLTM","48.3","90.02","1.912","20.623","55.707","3.785","","2020-BASE_PROCUREMENT-2020-NAVY_SHIPBUILDINGANDCOVERSION-U_PROCUREMENT_MasterJustificationBook_Navy_PB_2020.zzz_unzipped-U_PROCUREMENT_MasterJustificationBook_Navy_PB_2020.xml","932fdce825504fa911ecd35304bff2100a65b22e6750204204e9dcdd4121ea6f","8-b5d7cdbfa1db5c05a6caca7d23e26e398fc76d79097a81522ceb5568a4b55c29","12636-e9a34c726ceeee95eb60064c1ff200f1f1a2a3d9c9f48cfe1635edc215c87f6d","root"
"ORDNANCE SWS SHIPBOARD SYSTEMS (11) - ECONOMIC ORDER QUANTITY","","3.45","0.022","1.551","0.575","0.22","","2020-BASE_PROCUREMENT-2020-NAVY_SHIPBUILDINGANDCOVERSION-U_PROCUREMENT_MasterJustificationBook_Navy_PB_2020.zzz_unzipped-U_PROCUREMENT_MasterJustificationBook_Navy_PB_2020.xml","932fdce825504fa911ecd35304bff2100a65b22e6750204204e9dcdd4121ea6f","9-5b896fa0c3587cfd1ea0fa3bb2d1b0ba0cc343787b319334b591b5e2f2fe1079","12636-e9a34c726ceeee95eb60064c1ff200f1f1a2a3d9c9f48cfe1635edc215c87f6d","root"
"ORDNANCE SWS SHIPBOARD SYSTEMS (12) - CONTINUOUS PRODUCTION","","","3.842","4.478","7.082","10.175","","2020-BASE_PROCUREMENT-2020-NAVY_SHIPBUILDINGANDCOVERSION-U_PROCUREMENT_MasterJustificationBook_Navy_PB_2020.zzz_unzipped-U_PROCUREMENT_MasterJustificationBook_Navy_PB_2020.xml","932fdce825504fa911ecd35304bff2100a65b22e6750204204e9dcdd4121ea6f","10-aafc54d58d2b97c648570335d1daedcb869421c06e24c692e84bfd0f8041b621","12636-e9a34c726ceeee95eb60064c1ff200f1f1a2a3d9c9f48cfe1635edc215c87f6d","root"
"NFPC EXTERNAL POWER UPGRADE (13)","","","","","","","32.374","2020-BASE_PROCUREMENT-2020-NAVY_SHIPBUILDINGANDCOVERSION-U_PROCUREMENT_MasterJustificationBook_Navy_PB_2020.zzz_unzipped-U_PROCUREMENT_MasterJustificationBook_Navy_PB_2020.xml","932fdce825504fa911ecd35304bff2100a65b22e6750204204e9dcdd4121ea6f","11-5d4ca3c96f7407645bd817a5c27148f7ef811d0a997f44bd8b56fbc6bb0e29dc","12636-e9a34c726ceeee95eb60064c1ff200f1f1a2a3d9c9f48cfe1635edc215c87f6d","root"
"ELECTRONICS (14)","7.63","41.272","","","","","","2020-BASE_PROCUREMENT-2020-NAVY_SHIPBUILDINGANDCOVERSION-U_PROCUREMENT_MasterJustificationBook_Navy_PB_2020.zzz_unzipped-U_PROCUREMENT_MasterJustificationBook_Navy_PB_2020.xml","932fdce825504fa911ecd35304bff2100a65b22e6750204204e9dcdd4121ea6f","12-ab6e5eed2f8feb81f7c6aa792a13731d2663127e61d1445839d945abea972497","12636-e9a34c726ceeee95eb60064c1ff200f1f1a2a3d9c9f48cfe1635edc215c87f6d","root"
"CFE","350","","","","170.602","","","2020-BASE_PROCUREMENT-2020-NAVY_SHIPBUILDINGANDCOVERSION-U_PROCUREMENT_MasterJustificationBook_Navy_PB_2020.zzz_unzipped-U_PROCUREMENT_MasterJustificationBook_Navy_PB_2020.xml","1bf2304bf6786187c63030b5e02bf99a3fe02fecfde1e3c616fb0ae51dbeb198","0-e9a6abebc41fccf1bc0e03dbf51ef66d93ec32fa8d2185758ea900cfd61e85b6","12638-091113f2430956f7ff1ab56846b288f5018f89c7f7bb9ff8d01d9ac31a566bcd","root"
"Basic Construction/Conversion","73","73","73","74","75.5","77","73","2020-BASE_PROCUREMENT-2020-NAVY_SHIPBUILDINGANDCOVERSION-U_PROCUREMENT_MasterJustificationBook_Navy_PB_2020.zzz_unzipped-U_PROCUREMENT_MasterJustificationBook_Navy_PB_2020.xml","3e0661473e5ec15016509ed4fb0204ceeea1ce5351193ca1b59c307c60b5de03","0-111f2f80e0e703d5a4f6d550314e7b4f41f2ecadbaecd3f5fce175bdf8b83903","12641-c5e6d7f1c1520d26af12b38120c77b21fcb67591892dcdeeeb5b9594bd2abef2","root"
"Hull, Mechanical, and Electrical (HM&E)","","","","","","","","2020-BASE_PROCUREMENT-2020-NAVY_SHIPBUILDINGANDCOVERSION-U_PROCUREMENT_MasterJustificationBook_Navy_PB_2020.zzz_unzipped-U_PROCUREMENT_MasterJustificationBook_Navy_PB_2020.xml","3e0661473e5ec15016509ed4fb0204ceeea1ce5351193ca1b59c307c60b5de03","1-eccdf594c6b1cc15db7363787381e0d0aaf48556835bdfcae4c66e988b1a321b","12641-c5e6d7f1c1520d26af12b38120c77b21fcb67591892dcdeeeb5b9594bd2abef2","root"
"Electronics","2.046","","","","","","2.068","2020-BASE_PROCUREMENT-2020-NAVY_SHIPBUILDINGANDCOVERSION-U_PROCUREMENT_MasterJustificationBook_Navy_PB_2020.zzz_unzipped-U_PROCUREMENT_MasterJustificationBook_Navy_PB_2020.xml","3e0661473e5ec15016509ed4fb0204ceeea1ce5351193ca1b59c307c60b5de03","2-aca2533877aaac091fe8aa28b20ecbe76a8b0dc48014499c86ab23cd9ca1d18c","12641-c5e6d7f1c1520d26af12b38120c77b21fcb67591892dcdeeeb5b9594bd2abef2","root"
"Advance Procurement","1810.941","1887.588","1945.862","2140.779","2185.743","2021.506","1920.596","2020-BASE_PROCUREMENT-2020-NAVY_SHIPBUILDINGANDCOVERSION-U_PROCUREMENT_MasterJustificationBook_Navy_PB_2020.zzz_unzipped-U_PROCUREMENT_MasterJustificationBook_Navy_PB_2020.xml","6d2fd5af5b3d1649cd88586e00452843d436fea4cfb0f3c5af8f40c8bc8e1433","0-fca0d7c83466404a3e9b123fb62ed351080beb88d76cb1c330b0140811853532","12648-1fc3c0d5ea929ac039ce0a6093501b1ee58111e6231a7b6607c5795d9977148d","root"
"Economic Order of Quantity","985.46","881.964","427.42","","","544.014","225","2020-BASE_PROCUREMENT-2020-NAVY_SHIPBUILDINGANDCOVERSION-U_PROCUREMENT_MasterJustificationBook_Navy_PB_2020.zzz_unzipped-U_PROCUREMENT_MasterJustificationBook_Navy_PB_2020.xml","6d2fd5af5b3d1649cd88586e00452843d436fea4cfb0f3c5af8f40c8bc8e1433","1-fd4e8a021434b39773245f35673bf94d2d6e53505f8607456f36126f885ca1dd","12648-1fc3c0d5ea929ac039ce0a6093501b1ee58111e6231a7b6607c5795d9977148d","root"
"SHIP CONSTRUCTION EOQ","547.141","224.028","","","372.4","210","50.035","2020-BASE_PROCUREMENT-2020-NAVY_SHIPBUILDINGANDCOVERSION-U_PROCUREMENT_MasterJustificationBook_Navy_PB_2020.zzz_unzipped-U_PROCUREMENT_MasterJustificationBook_Navy_PB_2020.xml","5f09bad83be8d9935dfb8fbbbac4473f946bb03e639a64a10be47789f49d0473","0-1009bee1a15f27d61f358a741ec060e74ed284e20879b53a485d82bf84fa7a1c","12655-f6943fb432796521157e329dfda21d5c18d0038bb0cbad9333afc6f98c24eefd","root"
"VLS Advanced Procurement","94.787","","","","112","","40.301","2020-BASE_PROCUREMENT-2020-NAVY_SHIPBUILDINGANDCOVERSION-U_PROCUREMENT_MasterJustificationBook_Navy_PB_2020.zzz_unzipped-U_PROCUREMENT_MasterJustificationBook_Navy_PB_2020.xml","5f09bad83be8d9935dfb8fbbbac4473f946bb03e639a64a10be47789f49d0473","1-ab7385be94ea145e88ebc01757a119ae8917c150ee33ca16af6dd6fb10b3ca91","12655-f6943fb432796521157e329dfda21d5c18d0038bb0cbad9333afc6f98c24eefd","root"
"LPD AP","350","","","","","","","2020-BASE_PROCUREMENT-2020-NAVY_SHIPBUILDINGANDCOVERSION-U_PROCUREMENT_MasterJustificationBook_Navy_PB_2020.zzz_unzipped-U_PROCUREMENT_MasterJustificationBook_Navy_PB_2020.xml","fede88ab6e4790d85bb219ffaa3eb2a124927ee5b9d8867aa75a8d6481dc6908","0-d29edfe07b7b17b10574d04fb847cc17f99052034e7e1c4364bfc07d9e1d1a13","12658-d7942afba9c0ef23e98f05f01bf60507fe1b7f7be5ba66e31937faad06448b78","root"
"LPD 31","","247.1","","","","","","2020-BASE_PROCUREMENT-2020-NAVY_SHIPBUILDINGANDCOVERSION-U_PROCUREMENT_MasterJustificationBook_Navy_PB_2020.zzz_unzipped-U_PROCUREMENT_MasterJustificationBook_Navy_PB_2020.xml","fede88ab6e4790d85bb219ffaa3eb2a124927ee5b9d8867aa75a8d6481dc6908","1-a3d2cda90e4a0a8a0d6089d0fb2786123c3800da064b544169bdefd9b1d77863","12658-d7942afba9c0ef23e98f05f01bf60507fe1b7f7be5ba66e31937faad06448b78","root"
