Title_val,CategorySubtotal_CurrentYear_val,CategorySubtotal_BudgetYearOne_val,CategorySubtotal_BudgetYearTwo_val,CategorySubtotal_BudgetYearThree_val,CategorySubtotal_BudgetYearFour_val,CategorySubtotal_BudgetYearFive_val,CategorySubtotal_PriorYear_val,@SOURCE_FILENAME,@RECORDID,@ROWID,@PARENTROWID,@PARENT
"PLANS (1)","773.138","727.798","711.76","656.83","","","","2018-BASE_PROCUREMENT-2018-NAVY_SHIPBUILDINGANDCOVERSION-U_PROCUREMENT_JustificationBook_Navy_PB_2018.zzz_unzipped-U_PROCUREMENT_JustificationBook_Navy_PB_2018.xml","a13f4bc1c45d92804185e81af41effc77b0ca8274fd32e9c7b503aa89e4ade25","0-f8275fa3e576bfea69756f9d6e092623da2b7dd6493046ebce97cf1361401de8","9440-9e5504ba955110fb3a35e8308117e2077329d8e2748c5d707476483dda6077e5","root"
"BASIC CONSTRUCTION (4) - ADVANCED CONSTRUCTION","","28.518","72.1","148.38","2.798","89.904","","2018-BASE_PROCUREMENT-2018-NAVY_SHIPBUILDINGANDCOVERSION-U_PROCUREMENT_JustificationBook_Navy_PB_2018.zzz_unzipped-U_PROCUREMENT_JustificationBook_Navy_PB_2018.xml","a13f4bc1c45d92804185e81af41effc77b0ca8274fd32e9c7b503aa89e4ade25","1-add12dd0dcbac90d817cfb1b60cea964e1941f0a332c416e45a522160d282850","9440-9e5504ba955110fb3a35e8308117e2077329d8e2748c5d707476483dda6077e5","root"
"BASIC CONSTRUCTION (3) - MISSILE TUBE CONTINUOUS PRODUCTION","","59.537","60.047","86.869","86.765","148.781","","2018-BASE_PROCUREMENT-2018-NAVY_SHIPBUILDINGANDCOVERSION-U_PROCUREMENT_JustificationBook_Navy_PB_2018.zzz_unzipped-U_PROCUREMENT_JustificationBook_Navy_PB_2018.xml","a13f4bc1c45d92804185e81af41effc77b0ca8274fd32e9c7b503aa89e4ade25","2-9fe8be44321cbe21cc68e858e579bfcd1a1d56f33171c55aeab4e1336af948dd","9440-9e5504ba955110fb3a35e8308117e2077329d8e2748c5d707476483dda6077e5","root"
"HM&E (6)","","","20","41.948","","","","2018-BASE_PROCUREMENT-2018-NAVY_SHIPBUILDINGANDCOVERSION-U_PROCUREMENT_JustificationBook_Navy_PB_2018.zzz_unzipped-U_PROCUREMENT_JustificationBook_Navy_PB_2018.xml","a13f4bc1c45d92804185e81af41effc77b0ca8274fd32e9c7b503aa89e4ade25","3-e937c339cd6bb36d4d4e62a9ee92dafd61074400b051fce1427098f2381d3f62","9440-9e5504ba955110fb3a35e8308117e2077329d8e2748c5d707476483dda6077e5","root"
"ORDNANCE (7)","","","48.3","79.4","","20.623","","2018-BASE_PROCUREMENT-2018-NAVY_SHIPBUILDINGANDCOVERSION-U_PROCUREMENT_JustificationBook_Navy_PB_2018.zzz_unzipped-U_PROCUREMENT_JustificationBook_Navy_PB_2018.xml","a13f4bc1c45d92804185e81af41effc77b0ca8274fd32e9c7b503aa89e4ade25","4-e04d9026d0b233ae3947237296befdbc9d9da3166f8ebc53759ea00faac27bc6","9440-9e5504ba955110fb3a35e8308117e2077329d8e2748c5d707476483dda6077e5","root"
"NUCLEAR PROPULSION PLANT EQUIPMENT (5)","","","1700.896","","958","656","","2018-BASE_PROCUREMENT-2018-NAVY_SHIPBUILDINGANDCOVERSION-U_PROCUREMENT_JustificationBook_Navy_PB_2018.zzz_unzipped-U_PROCUREMENT_JustificationBook_Navy_PB_2018.xml","a13f4bc1c45d92804185e81af41effc77b0ca8274fd32e9c7b503aa89e4ade25","5-ab68b4f98b643217cedbe882baf106fad3332df94a7d73851a5395546415f19b","9440-9e5504ba955110fb3a35e8308117e2077329d8e2748c5d707476483dda6077e5","root"
"NFPC EXTERNAL POWER UPGRADE (8)","","27","","","","","","2018-BASE_PROCUREMENT-2018-NAVY_SHIPBUILDINGANDCOVERSION-U_PROCUREMENT_JustificationBook_Navy_PB_2018.zzz_unzipped-U_PROCUREMENT_JustificationBook_Navy_PB_2018.xml","a13f4bc1c45d92804185e81af41effc77b0ca8274fd32e9c7b503aa89e4ade25","6-22728ed212730952a59c8db1d7e9a53267dcea471eb7c627d6ac417b5c808017","9440-9e5504ba955110fb3a35e8308117e2077329d8e2748c5d707476483dda6077e5","root"
"BASIC CONSTRUCTION (2) - LONG LEAD TIME CFE","","","411.133","460.471","","338.038","","2018-BASE_PROCUREMENT-2018-NAVY_SHIPBUILDINGANDCOVERSION-U_PROCUREMENT_JustificationBook_Navy_PB_2018.zzz_unzipped-U_PROCUREMENT_JustificationBook_Navy_PB_2018.xml","a13f4bc1c45d92804185e81af41effc77b0ca8274fd32e9c7b503aa89e4ade25","7-f3c3545419e8f2689ffbfa9c8fe166b584f44eb4c1787a721b9390b5bdde7080","9440-9e5504ba955110fb3a35e8308117e2077329d8e2748c5d707476483dda6077e5","root"
"Basic Construction/Conversion","59.975","71.572","71.481","71.421","71.356","72.814","","2018-BASE_PROCUREMENT-2018-NAVY_SHIPBUILDINGANDCOVERSION-U_PROCUREMENT_JustificationBook_Navy_PB_2018.zzz_unzipped-U_PROCUREMENT_JustificationBook_Navy_PB_2018.xml","5fb03280280c04f70140363ea84e84f7472f5711a8a318be34e2b8fb03fc2dac","0-84496e15f56a6e064f6069be6887d4b134641c7f2ce79fab5df614719e21e971","9443-944a20d469a1dc1664c95e5845fb973900b1204d69897ee6b24b93935ab26e11","root"
"Electronics","4.904","3.496","3.565","3.637","3.71","3.784","","2018-BASE_PROCUREMENT-2018-NAVY_SHIPBUILDINGANDCOVERSION-U_PROCUREMENT_JustificationBook_Navy_PB_2018.zzz_unzipped-U_PROCUREMENT_JustificationBook_Navy_PB_2018.xml","5fb03280280c04f70140363ea84e84f7472f5711a8a318be34e2b8fb03fc2dac","1-06a9b0e1fb10abf0e94a72724823ca4d323c5f7fba1f4096f6651dc2c47cc84c","9443-944a20d469a1dc1664c95e5845fb973900b1204d69897ee6b24b93935ab26e11","root"
"Hull, Mechanical, and Electrical (HM&E)","8.2","","","","","","","2018-BASE_PROCUREMENT-2018-NAVY_SHIPBUILDINGANDCOVERSION-U_PROCUREMENT_JustificationBook_Navy_PB_2018.zzz_unzipped-U_PROCUREMENT_JustificationBook_Navy_PB_2018.xml","5fb03280280c04f70140363ea84e84f7472f5711a8a318be34e2b8fb03fc2dac","2-d923c5a3f4dd10ae937c6e02263fd612da2526fba23db17e7086d123859fe834","9443-944a20d469a1dc1664c95e5845fb973900b1204d69897ee6b24b93935ab26e11","root"
"Advance Procurement","1767.234","1920.596","1811.29","1887.622","1945.91","1341.813","1641.888","2018-BASE_PROCUREMENT-2018-NAVY_SHIPBUILDINGANDCOVERSION-U_PROCUREMENT_JustificationBook_Navy_PB_2018.zzz_unzipped-U_PROCUREMENT_JustificationBook_Navy_PB_2018.xml","e65faa6577a08f2ddf29b7d5454a13aa910b941ba87ebd505eb81f9f400deed2","0-8bfc1d7dbf880694af4e289157c5761a48f64bc20ad0b77764fd1f4b71fa8f77","9452-1e348d85f63c4bfe7233f988639d874a259ed5a8f42ffed9b3b1ebfecc66b9f1","root"
"Economic Order of Quantity","","","985.456","881.982","427.42","","329.952","2018-BASE_PROCUREMENT-2018-NAVY_SHIPBUILDINGANDCOVERSION-U_PROCUREMENT_JustificationBook_Navy_PB_2018.zzz_unzipped-U_PROCUREMENT_JustificationBook_Navy_PB_2018.xml","e65faa6577a08f2ddf29b7d5454a13aa910b941ba87ebd505eb81f9f400deed2","1-bb806a6fef7976cc1a2201ff3b48c6867e2c77a1f3b958d74a51db93f7ac89c8","9452-1e348d85f63c4bfe7233f988639d874a259ed5a8f42ffed9b3b1ebfecc66b9f1","root"
"Advance Procurement","248.599","75.897","459.93","625.466","236.205","541.451","14.951","2018-BASE_PROCUREMENT-2018-NAVY_SHIPBUILDINGANDCOVERSION-U_PROCUREMENT_JustificationBook_Navy_PB_2018.zzz_unzipped-U_PROCUREMENT_JustificationBook_Navy_PB_2018.xml","30f05fcd72a912823615127e43b2be8ca570156afc2855adfc6c02323fd91c7d","0-f3c25ed6a5c82d61fc50a4460b197fd03b1782ead885e7fc4ebb2615813ea08c","9454-0a9ba165a1c191585e53a8adbc451f966006a48128787ba028a2ab0767594fe5","root"
"SHIP CONSTRUCTION EOQ","","50.035","225","225.19","","","","2018-BASE_PROCUREMENT-2018-NAVY_SHIPBUILDINGANDCOVERSION-U_PROCUREMENT_JustificationBook_Navy_PB_2018.zzz_unzipped-U_PROCUREMENT_JustificationBook_Navy_PB_2018.xml","341c09c4a37bc5105a93194374c2b71f3cdff23a738f04e5629acb1abd33932e","0-fa9dcc2727a1ec5f686060674090b3f199b91854fe2abd46fe419843f65d470f","9456-253f06b5da3e45776807e870b30b770a981fe2058815216379550864bd6793d2","root"
"VLS Advanced Procurement","","40.301","67.713","","","","","2018-BASE_PROCUREMENT-2018-NAVY_SHIPBUILDINGANDCOVERSION-U_PROCUREMENT_JustificationBook_Navy_PB_2018.zzz_unzipped-U_PROCUREMENT_JustificationBook_Navy_PB_2018.xml","341c09c4a37bc5105a93194374c2b71f3cdff23a738f04e5629acb1abd33932e","1-bc3f12ab8f534da6a3f762e5c66661a4a27eaf9fc9d0d46c00ad1529002cd9ca","9456-253f06b5da3e45776807e870b30b770a981fe2058815216379550864bd6793d2","root"
"PLANS (1)","773.138","727.798","711.76","656.83","","","","2018-BASE_PROCUREMENT-2018-NAVY_SHIPBUILDINGANDCOVERSION-U_PROCUREMENT_MasterJustificationBook_Navy_PB_2018.zzz_unzipped-U_PROCUREMENT_MasterJustificationBook_Navy_PB_2018.xml","3c8bb2a5e6433aa6e2f786bb04ee3f77983782bd530acf290eebf6c4716c2e9d","0-9bc29594a6140af807119fe6f9b79c8c425f17829b7f22f7713fa173c422dee4","9461-42f0eea831b8cd955ba471d3759694f15b28ecfd4b49bd36bd57243c409537ef","root"
"BASIC CONSTRUCTION (4) - ADVANCED CONSTRUCTION","","28.518","72.1","148.38","2.798","89.904","","2018-BASE_PROCUREMENT-2018-NAVY_SHIPBUILDINGANDCOVERSION-U_PROCUREMENT_MasterJustificationBook_Navy_PB_2018.zzz_unzipped-U_PROCUREMENT_MasterJustificationBook_Navy_PB_2018.xml","3c8bb2a5e6433aa6e2f786bb04ee3f77983782bd530acf290eebf6c4716c2e9d","1-a23837824808e6e6f3e606afce2743923fdeabd31e4a4ae63ec11fe8c9cce8bb","9461-42f0eea831b8cd955ba471d3759694f15b28ecfd4b49bd36bd57243c409537ef","root"
"BASIC CONSTRUCTION (3) - MISSILE TUBE CONTINUOUS PRODUCTION","","59.537","60.047","86.869","86.765","148.781","","2018-BASE_PROCUREMENT-2018-NAVY_SHIPBUILDINGANDCOVERSION-U_PROCUREMENT_MasterJustificationBook_Navy_PB_2018.zzz_unzipped-U_PROCUREMENT_MasterJustificationBook_Navy_PB_2018.xml","3c8bb2a5e6433aa6e2f786bb04ee3f77983782bd530acf290eebf6c4716c2e9d","2-5fa65a921039008ea90560631880485c975c49bb1d6ef2422a2b499d9e014b3f","9461-42f0eea831b8cd955ba471d3759694f15b28ecfd4b49bd36bd57243c409537ef","root"
"HM&E (6)","","","20","41.948","","","","2018-BASE_PROCUREMENT-2018-NAVY_SHIPBUILDINGANDCOVERSION-U_PROCUREMENT_MasterJustificationBook_Navy_PB_2018.zzz_unzipped-U_PROCUREMENT_MasterJustificationBook_Navy_PB_2018.xml","3c8bb2a5e6433aa6e2f786bb04ee3f77983782bd530acf290eebf6c4716c2e9d","3-1e70bfb5e9f3c952d2388ce1d2b03d0224cac04cbd1492fb842ce4c4f3159290","9461-42f0eea831b8cd955ba471d3759694f15b28ecfd4b49bd36bd57243c409537ef","root"
"ORDNANCE (7)","","","48.3","79.4","","20.623","","2018-BASE_PROCUREMENT-2018-NAVY_SHIPBUILDINGANDCOVERSION-U_PROCUREMENT_MasterJustificationBook_Navy_PB_2018.zzz_unzipped-U_PROCUREMENT_MasterJustificationBook_Navy_PB_2018.xml","3c8bb2a5e6433aa6e2f786bb04ee3f77983782bd530acf290eebf6c4716c2e9d","4-d1957b18c1d27eea3fcf5ed7f4c97d0f064d4d52483cd3d6c0eb8a5855d0491e","9461-42f0eea831b8cd955ba471d3759694f15b28ecfd4b49bd36bd57243c409537ef","root"
"NUCLEAR PROPULSION PLANT EQUIPMENT (5)","","","1700.896","","958","656","","2018-BASE_PROCUREMENT-2018-NAVY_SHIPBUILDINGANDCOVERSION-U_PROCUREMENT_MasterJustificationBook_Navy_PB_2018.zzz_unzipped-U_PROCUREMENT_MasterJustificationBook_Navy_PB_2018.xml","3c8bb2a5e6433aa6e2f786bb04ee3f77983782bd530acf290eebf6c4716c2e9d","5-eed5aca00c647005204ade4e6093bc7d0e19696f1bf4e9264a80802789d8aec5","9461-42f0eea831b8cd955ba471d3759694f15b28ecfd4b49bd36bd57243c409537ef","root"
"NFPC EXTERNAL POWER UPGRADE (8)","","27","","","","","","2018-BASE_PROCUREMENT-2018-NAVY_SHIPBUILDINGANDCOVERSION-U_PROCUREMENT_MasterJustificationBook_Navy_PB_2018.zzz_unzipped-U_PROCUREMENT_MasterJustificationBook_Navy_PB_2018.xml","3c8bb2a5e6433aa6e2f786bb04ee3f77983782bd530acf290eebf6c4716c2e9d","6-9e1fd06ff8cb1d1b4c5249421892a094b27d3f664648ee839d2682d681e7b0fa","9461-42f0eea831b8cd955ba471d3759694f15b28ecfd4b49bd36bd57243c409537ef","root"
"BASIC CONSTRUCTION (2) - LONG LEAD TIME CFE","","","411.133","460.471","","338.038","","2018-BASE_PROCUREMENT-2018-NAVY_SHIPBUILDINGANDCOVERSION-U_PROCUREMENT_MasterJustificationBook_Navy_PB_2018.zzz_unzipped-U_PROCUREMENT_MasterJustificationBook_Navy_PB_2018.xml","3c8bb2a5e6433aa6e2f786bb04ee3f77983782bd530acf290eebf6c4716c2e9d","7-53ff136e309be7a0c8c4318f995cef8b96aee9587aae29fba387b86339409d01","9461-42f0eea831b8cd955ba471d3759694f15b28ecfd4b49bd36bd57243c409537ef","root"
"Basic Construction/Conversion","59.975","71.572","71.481","71.421","71.356","72.814","","2018-BASE_PROCUREMENT-2018-NAVY_SHIPBUILDINGANDCOVERSION-U_PROCUREMENT_MasterJustificationBook_Navy_PB_2018.zzz_unzipped-U_PROCUREMENT_MasterJustificationBook_Navy_PB_2018.xml","323dee594a542260809faba5db6e9d0ae785d79341ac33dab24393ecf402c9b9","0-7ff9b28e10d36dd3646ab07f29e103e4d4e52812a627db13889b248891ec5c1c","9464-ce3f118b0c0a348e96ce7a61a3bde151138c7424fc8be73ed09ce8fa9d0406e6","root"
"Electronics","4.904","3.496","3.565","3.637","3.71","3.784","","2018-BASE_PROCUREMENT-2018-NAVY_SHIPBUILDINGANDCOVERSION-U_PROCUREMENT_MasterJustificationBook_Navy_PB_2018.zzz_unzipped-U_PROCUREMENT_MasterJustificationBook_Navy_PB_2018.xml","323dee594a542260809faba5db6e9d0ae785d79341ac33dab24393ecf402c9b9","1-8f8c9be7f583b310444337fa55e66f90df1770cb30734469094ff58e9ad9e37c","9464-ce3f118b0c0a348e96ce7a61a3bde151138c7424fc8be73ed09ce8fa9d0406e6","root"
"Hull, Mechanical, and Electrical (HM&E)","8.2","","","","","","","2018-BASE_PROCUREMENT-2018-NAVY_SHIPBUILDINGANDCOVERSION-U_PROCUREMENT_MasterJustificationBook_Navy_PB_2018.zzz_unzipped-U_PROCUREMENT_MasterJustificationBook_Navy_PB_2018.xml","323dee594a542260809faba5db6e9d0ae785d79341ac33dab24393ecf402c9b9","2-4d03cab05773523be21fa2ec3c38e7c96d74e7626589a221bf93ba4cbd6fc7a6","9464-ce3f118b0c0a348e96ce7a61a3bde151138c7424fc8be73ed09ce8fa9d0406e6","root"
"Advance Procurement","1767.234","1920.596","1811.29","1887.622","1945.91","1341.813","1641.888","2018-BASE_PROCUREMENT-2018-NAVY_SHIPBUILDINGANDCOVERSION-U_PROCUREMENT_MasterJustificationBook_Navy_PB_2018.zzz_unzipped-U_PROCUREMENT_MasterJustificationBook_Navy_PB_2018.xml","b9b3c2143c11a13c8f2c4f97143714796c97d937a9c0d0bc447e53de4a529dc3","0-0b7b8fa98a844dee2d4170f77f848fb31c78c6019c5db2ae48c8b5bcc5f4f4aa","9473-316168303d888c3eb6a6142ead8559723a00cbe5b1b76227d9708f8753476759","root"
"Economic Order of Quantity","","","985.456","881.982","427.42","","329.952","2018-BASE_PROCUREMENT-2018-NAVY_SHIPBUILDINGANDCOVERSION-U_PROCUREMENT_MasterJustificationBook_Navy_PB_2018.zzz_unzipped-U_PROCUREMENT_MasterJustificationBook_Navy_PB_2018.xml","b9b3c2143c11a13c8f2c4f97143714796c97d937a9c0d0bc447e53de4a529dc3","1-bda58083a8a43ecfcacca2e18aa2de8ef856bac59b19b8b2c25a3a11a39a1bd2","9473-316168303d888c3eb6a6142ead8559723a00cbe5b1b76227d9708f8753476759","root"
"Advance Procurement","248.599","75.897","459.93","625.466","236.205","541.451","14.951","2018-BASE_PROCUREMENT-2018-NAVY_SHIPBUILDINGANDCOVERSION-U_PROCUREMENT_MasterJustificationBook_Navy_PB_2018.zzz_unzipped-U_PROCUREMENT_MasterJustificationBook_Navy_PB_2018.xml","39e99632cac232ed4f791a16a1a3a350502b6d8437548761d869aa99726b1c18","0-f169538b28623e9f0bf1ffa9bc67f39ed1ca32e13e7ec52058cf41a0f5be9e03","9475-055a9d40fc826ba45f41bb7f73c42cdf69d64de129d390d5fe3fac5ea91bbf3a","root"
"SHIP CONSTRUCTION EOQ","","50.035","225","225.19","","","","2018-BASE_PROCUREMENT-2018-NAVY_SHIPBUILDINGANDCOVERSION-U_PROCUREMENT_MasterJustificationBook_Navy_PB_2018.zzz_unzipped-U_PROCUREMENT_MasterJustificationBook_Navy_PB_2018.xml","e27de6ec9cb638c66ac0b656bccfc8f782bb401590861916fc6bffb8352b5cd2","0-d7c7791a981e56102687393afe1df4cc46f3b9d67993be62107a4d668fcceddd","9477-669afc5c819137fac732c570aa45ed90f4259e011425cfedf0699463cd0eb202","root"
"VLS Advanced Procurement","","40.301","67.713","","","","","2018-BASE_PROCUREMENT-2018-NAVY_SHIPBUILDINGANDCOVERSION-U_PROCUREMENT_MasterJustificationBook_Navy_PB_2018.zzz_unzipped-U_PROCUREMENT_MasterJustificationBook_Navy_PB_2018.xml","e27de6ec9cb638c66ac0b656bccfc8f782bb401590861916fc6bffb8352b5cd2","1-d39b20cf835ff229e46e5173a840f7df5d0f5440e34004d2181149ee5fc04902","9477-669afc5c819137fac732c570aa45ed90f4259e011425cfedf0699463cd0eb202","root"
"PLANS (1)","727.798","685.6","613.424","","","","773.138","2019-BASE_PROCUREMENT-2019-NAVY_SHIPBUILDINGANDCOVERSION-U_PROCUREMENT_JustificationBook_Navy_PB_2019.zzz_unzipped-U_PROCUREMENT_JustificationBook_Navy_PB_2019.xml","638baa1128e4028ef90837bc15eef93be42d7c0e1b8788e20de25562008d0736","0-db252d9defa286b7b2ae57bb0c18212e0a71e717b80165074442235abaef31f3","11052-1edc60136569840a74cdfdb87ddfae9ab3940e4ff62e94e05c1f31aa5f7e69ea","root"
"BASIC CONSTRUCTION (3) - MISSILE TUBE CONTINUOUS PRODUCTION","59.537","59.671","85.646","86.288","147.921","112.663","","2019-BASE_PROCUREMENT-2019-NAVY_SHIPBUILDINGANDCOVERSION-U_PROCUREMENT_JustificationBook_Navy_PB_2019.zzz_unzipped-U_PROCUREMENT_JustificationBook_Navy_PB_2019.xml","638baa1128e4028ef90837bc15eef93be42d7c0e1b8788e20de25562008d0736","1-4ae3e8361014d4c27bba2605c4dec904773529ebcb9444821314a9189c57bd91","11052-1edc60136569840a74cdfdb87ddfae9ab3940e4ff62e94e05c1f31aa5f7e69ea","root"
"HM&E (6)","","26","41.948","","","51.919","","2019-BASE_PROCUREMENT-2019-NAVY_SHIPBUILDINGANDCOVERSION-U_PROCUREMENT_JustificationBook_Navy_PB_2019.zzz_unzipped-U_PROCUREMENT_JustificationBook_Navy_PB_2019.xml","638baa1128e4028ef90837bc15eef93be42d7c0e1b8788e20de25562008d0736","2-c3387dddad26c0afbfab03401f4f67d74e6b8a714fdbeb4b26b9d31644f2b9fc","11052-1edc60136569840a74cdfdb87ddfae9ab3940e4ff62e94e05c1f31aa5f7e69ea","root"
"ORDNANCE (7)","","48.3","79.4","","20.623","44.708","","2019-BASE_PROCUREMENT-2019-NAVY_SHIPBUILDINGANDCOVERSION-U_PROCUREMENT_JustificationBook_Navy_PB_2019.zzz_unzipped-U_PROCUREMENT_JustificationBook_Navy_PB_2019.xml","638baa1128e4028ef90837bc15eef93be42d7c0e1b8788e20de25562008d0736","3-d30dfa426731d66241e501c6f0126ebb1c2cbdebc0088a83961fdd6917d39d35","11052-1edc60136569840a74cdfdb87ddfae9ab3940e4ff62e94e05c1f31aa5f7e69ea","root"
"NUCLEAR PROPULSION PLANT EQUIPMENT (5)","","1700.896","","952.737","661.262","918.373","","2019-BASE_PROCUREMENT-2019-NAVY_SHIPBUILDINGANDCOVERSION-U_PROCUREMENT_JustificationBook_Navy_PB_2019.zzz_unzipped-U_PROCUREMENT_JustificationBook_Navy_PB_2019.xml","638baa1128e4028ef90837bc15eef93be42d7c0e1b8788e20de25562008d0736","4-5c2f942533904e406a254162fed9dd74ace2923b51196fd4362d7f23661dff9b","11052-1edc60136569840a74cdfdb87ddfae9ab3940e4ff62e94e05c1f31aa5f7e69ea","root"
"NFPC EXTERNAL POWER UPGRADE (8)","27","","","","","","","2019-BASE_PROCUREMENT-2019-NAVY_SHIPBUILDINGANDCOVERSION-U_PROCUREMENT_JustificationBook_Navy_PB_2019.zzz_unzipped-U_PROCUREMENT_JustificationBook_Navy_PB_2019.xml","638baa1128e4028ef90837bc15eef93be42d7c0e1b8788e20de25562008d0736","5-d9c564c42301eced2f9d66c14a84a1daed59084e406c70681fcca768e5f2734d","11052-1edc60136569840a74cdfdb87ddfae9ab3940e4ff62e94e05c1f31aa5f7e69ea","root"
"BASIC CONSTRUCTION (4) - ADVANCE CONSTRUCTION","28.518","72.1","148.38","2.783","78.261","239.416","","2019-BASE_PROCUREMENT-2019-NAVY_SHIPBUILDINGANDCOVERSION-U_PROCUREMENT_JustificationBook_Navy_PB_2019.zzz_unzipped-U_PROCUREMENT_JustificationBook_Navy_PB_2019.xml","638baa1128e4028ef90837bc15eef93be42d7c0e1b8788e20de25562008d0736","6-ece9171b9354727d1bc7a2039497af087ea5ebd2014df6b7f47345107286de99","11052-1edc60136569840a74cdfdb87ddfae9ab3940e4ff62e94e05c1f31aa5f7e69ea","root"
"BASIC CONSTRUCTION (2) - SHIPBUILDER PROCURED LLTM","","405.133","460.471","","338.038","458.151","","2019-BASE_PROCUREMENT-2019-NAVY_SHIPBUILDINGANDCOVERSION-U_PROCUREMENT_JustificationBook_Navy_PB_2019.zzz_unzipped-U_PROCUREMENT_JustificationBook_Navy_PB_2019.xml","638baa1128e4028ef90837bc15eef93be42d7c0e1b8788e20de25562008d0736","7-9731b665d01c7d85c86d1ae78ad77af618f3bb0395dcf8c7f947f8d918576ee1","11052-1edc60136569840a74cdfdb87ddfae9ab3940e4ff62e94e05c1f31aa5f7e69ea","root"
"ELECTRONICS (9)","","7.63","23.89","","","","","2019-BASE_PROCUREMENT-2019-NAVY_SHIPBUILDINGANDCOVERSION-U_PROCUREMENT_JustificationBook_Navy_PB_2019.zzz_unzipped-U_PROCUREMENT_JustificationBook_Navy_PB_2019.xml","638baa1128e4028ef90837bc15eef93be42d7c0e1b8788e20de25562008d0736","8-02217208de17ff8dc972b1aca28d25375c4d05a77b31f53abdc5eea7a9cc8b4d","11052-1edc60136569840a74cdfdb87ddfae9ab3940e4ff62e94e05c1f31aa5f7e69ea","root"
"Basic Construction/Conversion","72.088","72.006","71.315","71.171","72.604","74.107","60.48","2019-BASE_PROCUREMENT-2019-NAVY_SHIPBUILDINGANDCOVERSION-U_PROCUREMENT_JustificationBook_Navy_PB_2019.zzz_unzipped-U_PROCUREMENT_JustificationBook_Navy_PB_2019.xml","e5270008416af386e50aab32b42150c187045adf229e551f47c76e0a67907316","0-510cab3fde1048116a850775734a2c7146015eef6107831b237d69185d847d25","11055-ab8e71055497ff8e4e261e3de8dc67ac102130167c0399e87ed8d04001812050","root"
"Electronics","2.98","3.04","3.101","3.163","3.226","3.291","4.399","2019-BASE_PROCUREMENT-2019-NAVY_SHIPBUILDINGANDCOVERSION-U_PROCUREMENT_JustificationBook_Navy_PB_2019.zzz_unzipped-U_PROCUREMENT_JustificationBook_Navy_PB_2019.xml","e5270008416af386e50aab32b42150c187045adf229e551f47c76e0a67907316","1-f6a849600070a7a584d571622e511cec56b5aaa482d40ea44f902e67ae812081","11055-ab8e71055497ff8e4e261e3de8dc67ac102130167c0399e87ed8d04001812050","root"
"Hull, Mechanical, and Electrical (HM&E)","","","","","","","8.2","2019-BASE_PROCUREMENT-2019-NAVY_SHIPBUILDINGANDCOVERSION-U_PROCUREMENT_JustificationBook_Navy_PB_2019.zzz_unzipped-U_PROCUREMENT_JustificationBook_Navy_PB_2019.xml","e5270008416af386e50aab32b42150c187045adf229e551f47c76e0a67907316","2-15c25165e11604d7b30f8d3d826eabe79ef8f15958c5b8da31b99bbba5e4edb1","11055-ab8e71055497ff8e4e261e3de8dc67ac102130167c0399e87ed8d04001812050","root"
"Advance Procurement","1920.596","1810.941","1887.588","1945.862","2140.779","2185.743","1852.234","2019-BASE_PROCUREMENT-2019-NAVY_SHIPBUILDINGANDCOVERSION-U_PROCUREMENT_JustificationBook_Navy_PB_2019.zzz_unzipped-U_PROCUREMENT_JustificationBook_Navy_PB_2019.xml","26f7a9377367f4833fc97e7a760e9a2cc6323946d5bc9215f0843a3a55340edc","0-ef9cee2888fad985c9ee44a93cc4ca1e4d5b1ba128793c2858affed3881b2218","11064-6d93b8ac19b0b3e23cedaadce441094b9c55ee6352e02c39e552c9879abdfdf3","root"
"Economic Order of Quantity","","985.46","881.964","427.42","","","","2019-BASE_PROCUREMENT-2019-NAVY_SHIPBUILDINGANDCOVERSION-U_PROCUREMENT_JustificationBook_Navy_PB_2019.zzz_unzipped-U_PROCUREMENT_JustificationBook_Navy_PB_2019.xml","26f7a9377367f4833fc97e7a760e9a2cc6323946d5bc9215f0843a3a55340edc","1-eeb9b7ae20bf43a7be4e35bf0a94402f8c8f485ff18d85327491dd992797b8d5","11064-6d93b8ac19b0b3e23cedaadce441094b9c55ee6352e02c39e552c9879abdfdf3","root"
"Advance Procurement","75.897","449.597","607.963","234.679","538.987","769.835","233.149","2019-BASE_PROCUREMENT-2019-NAVY_SHIPBUILDINGANDCOVERSION-U_PROCUREMENT_JustificationBook_Navy_PB_2019.zzz_unzipped-U_PROCUREMENT_JustificationBook_Navy_PB_2019.xml","3f04422267f18278d5d6f04f107d65e4403280e1024fb698d2f8e9e46d266e01","0-fd367ccc96bb17fa62e4a0078ca077ef9e79122f3300eccedf2bb85f75ace9b6","11066-253b581f21e47879159bb1dc7fdd9814a3fee1efd69b1dbeb3de5f82baa0faed","root"
"SHIP CONSTRUCTION EOQ","50.035","297.141","336.028","","","","","2019-BASE_PROCUREMENT-2019-NAVY_SHIPBUILDINGANDCOVERSION-U_PROCUREMENT_JustificationBook_Navy_PB_2019.zzz_unzipped-U_PROCUREMENT_JustificationBook_Navy_PB_2019.xml","a1a47c8635cef5e8f1226c963ba3faf740a9814b8e16b8e7235117ff98b853fd","0-6aa0bd1ced0d7a5be8d1b3206c363b3df339c78d54ff4f969fd5720c3e218aa2","11068-a55961bf03bc0d54d9d7472a0173a14b51707e8a122cab08b0c92fc9414b87e7","root"
"VLS Advanced Procurement","40.301","94.787","","","","","","2019-BASE_PROCUREMENT-2019-NAVY_SHIPBUILDINGANDCOVERSION-U_PROCUREMENT_JustificationBook_Navy_PB_2019.zzz_unzipped-U_PROCUREMENT_JustificationBook_Navy_PB_2019.xml","a1a47c8635cef5e8f1226c963ba3faf740a9814b8e16b8e7235117ff98b853fd","1-0efba34129bb28689ecd76fd5073ee57d28a9fb40a27c2bfb55175d44814674e","11068-a55961bf03bc0d54d9d7472a0173a14b51707e8a122cab08b0c92fc9414b87e7","root"
"PLANS (1)","727.798","685.6","613.424","","","","773.138","2019-BASE_PROCUREMENT-2019-NAVY_SHIPBUILDINGANDCOVERSION-U_PROCUREMENT_MasterJustificationBook_Navy_PB_2019.zzz_unzipped-U_PROCUREMENT_MasterJustificationBook_Navy_PB_2019.xml","9ed769213b8d8f13826d2c2f5687ae901a9a0b5ad31f556f9d940d6ef290035b","0-75e47277fde8d296ea5740586e9db26965e0b3b511f90df28e87d2f567d80457","11073-600276b0297c6103be110986e8f983f3f57739c83610c368c2e86a57ef365b31","root"
"BASIC CONSTRUCTION (3) - MISSILE TUBE CONTINUOUS PRODUCTION","59.537","59.671","85.646","86.288","147.921","112.663","","2019-BASE_PROCUREMENT-2019-NAVY_SHIPBUILDINGANDCOVERSION-U_PROCUREMENT_MasterJustificationBook_Navy_PB_2019.zzz_unzipped-U_PROCUREMENT_MasterJustificationBook_Navy_PB_2019.xml","9ed769213b8d8f13826d2c2f5687ae901a9a0b5ad31f556f9d940d6ef290035b","1-cca37c9e317064f3d4468bd7e9a7e5c04281c26b54820ba70612218ed78d93e2","11073-600276b0297c6103be110986e8f983f3f57739c83610c368c2e86a57ef365b31","root"
"HM&E (6)","","26","41.948","","","51.919","","2019-BASE_PROCUREMENT-2019-NAVY_SHIPBUILDINGANDCOVERSION-U_PROCUREMENT_MasterJustificationBook_Navy_PB_2019.zzz_unzipped-U_PROCUREMENT_MasterJustificationBook_Navy_PB_2019.xml","9ed769213b8d8f13826d2c2f5687ae901a9a0b5ad31f556f9d940d6ef290035b","2-80bca9924474b4978195f86096f289187a423b8f0d77f48d7c14af4bfb6fb947","11073-600276b0297c6103be110986e8f983f3f57739c83610c368c2e86a57ef365b31","root"
"ORDNANCE (7)","","48.3","79.4","","20.623","44.708","","2019-BASE_PROCUREMENT-2019-NAVY_SHIPBUILDINGANDCOVERSION-U_PROCUREMENT_MasterJustificationBook_Navy_PB_2019.zzz_unzipped-U_PROCUREMENT_MasterJustificationBook_Navy_PB_2019.xml","9ed769213b8d8f13826d2c2f5687ae901a9a0b5ad31f556f9d940d6ef290035b","3-9ddfaa97bd4d235bc41957e831cbfe522a9ac43c1267763ced434064adb6b9e7","11073-600276b0297c6103be110986e8f983f3f57739c83610c368c2e86a57ef365b31","root"
"NUCLEAR PROPULSION PLANT EQUIPMENT (5)","","1700.896","","952.737","661.262","918.373","","2019-BASE_PROCUREMENT-2019-NAVY_SHIPBUILDINGANDCOVERSION-U_PROCUREMENT_MasterJustificationBook_Navy_PB_2019.zzz_unzipped-U_PROCUREMENT_MasterJustificationBook_Navy_PB_2019.xml","9ed769213b8d8f13826d2c2f5687ae901a9a0b5ad31f556f9d940d6ef290035b","4-f0338b62ef00120891abf7f756c8fd9cabbbc16bde7de934874c759d5e113005","11073-600276b0297c6103be110986e8f983f3f57739c83610c368c2e86a57ef365b31","root"
"NFPC EXTERNAL POWER UPGRADE (8)","27","","","","","","","2019-BASE_PROCUREMENT-2019-NAVY_SHIPBUILDINGANDCOVERSION-U_PROCUREMENT_MasterJustificationBook_Navy_PB_2019.zzz_unzipped-U_PROCUREMENT_MasterJustificationBook_Navy_PB_2019.xml","9ed769213b8d8f13826d2c2f5687ae901a9a0b5ad31f556f9d940d6ef290035b","5-c3ffb0125535cccfebfb5f399c847f7f1b31876d935d08928a60ae90db7d7452","11073-600276b0297c6103be110986e8f983f3f57739c83610c368c2e86a57ef365b31","root"
"BASIC CONSTRUCTION (4) - ADVANCE CONSTRUCTION","28.518","72.1","148.38","2.783","78.261","239.416","","2019-BASE_PROCUREMENT-2019-NAVY_SHIPBUILDINGANDCOVERSION-U_PROCUREMENT_MasterJustificationBook_Navy_PB_2019.zzz_unzipped-U_PROCUREMENT_MasterJustificationBook_Navy_PB_2019.xml","9ed769213b8d8f13826d2c2f5687ae901a9a0b5ad31f556f9d940d6ef290035b","6-28068e89cd0725b76da97cdd06fefbc5bc43654e13601a18fa3d3f997646fd30","11073-600276b0297c6103be110986e8f983f3f57739c83610c368c2e86a57ef365b31","root"
"BASIC CONSTRUCTION (2) - SHIPBUILDER PROCURED LLTM","","405.133","460.471","","338.038","458.151","","2019-BASE_PROCUREMENT-2019-NAVY_SHIPBUILDINGANDCOVERSION-U_PROCUREMENT_MasterJustificationBook_Navy_PB_2019.zzz_unzipped-U_PROCUREMENT_MasterJustificationBook_Navy_PB_2019.xml","9ed769213b8d8f13826d2c2f5687ae901a9a0b5ad31f556f9d940d6ef290035b","7-05a03061a9b009f14c24ba1a830b45ad9fe3b664fde8f4600985f9ec82dede56","11073-600276b0297c6103be110986e8f983f3f57739c83610c368c2e86a57ef365b31","root"
"ELECTRONICS (9)","","7.63","23.89","","","","","2019-BASE_PROCUREMENT-2019-NAVY_SHIPBUILDINGANDCOVERSION-U_PROCUREMENT_MasterJustificationBook_Navy_PB_2019.zzz_unzipped-U_PROCUREMENT_MasterJustificationBook_Navy_PB_2019.xml","9ed769213b8d8f13826d2c2f5687ae901a9a0b5ad31f556f9d940d6ef290035b","8-56159ab388247a28db44c97f3376a8cee4b8ec41cf1029ed365d84e882d4a59a","11073-600276b0297c6103be110986e8f983f3f57739c83610c368c2e86a57ef365b31","root"
"Basic Construction/Conversion","72.088","72.006","71.315","71.171","72.604","74.107","60.48","2019-BASE_PROCUREMENT-2019-NAVY_SHIPBUILDINGANDCOVERSION-U_PROCUREMENT_MasterJustificationBook_Navy_PB_2019.zzz_unzipped-U_PROCUREMENT_MasterJustificationBook_Navy_PB_2019.xml","6c06f09483d2a1c02376f04eacf257fcfd542e51c185b032da7658c61893735d","0-fc7fa5e8218ce2055ed51c6b2763e38fa6741ac9765caaf0fdc43aec9859d65c","11076-5513f421c46286384169aabbbfc1cd35ac1db7313eb75504215ebd6b9901a8fc","root"
"Electronics","2.98","3.04","3.101","3.163","3.226","3.291","4.399","2019-BASE_PROCUREMENT-2019-NAVY_SHIPBUILDINGANDCOVERSION-U_PROCUREMENT_MasterJustificationBook_Navy_PB_2019.zzz_unzipped-U_PROCUREMENT_MasterJustificationBook_Navy_PB_2019.xml","6c06f09483d2a1c02376f04eacf257fcfd542e51c185b032da7658c61893735d","1-ba9befedcd09ee14f35363a4b28be12590dd9e279a1dbcd1c736ae5b24493cfb","11076-5513f421c46286384169aabbbfc1cd35ac1db7313eb75504215ebd6b9901a8fc","root"
"Hull, Mechanical, and Electrical (HM&E)","","","","","","","8.2","2019-BASE_PROCUREMENT-2019-NAVY_SHIPBUILDINGANDCOVERSION-U_PROCUREMENT_MasterJustificationBook_Navy_PB_2019.zzz_unzipped-U_PROCUREMENT_MasterJustificationBook_Navy_PB_2019.xml","6c06f09483d2a1c02376f04eacf257fcfd542e51c185b032da7658c61893735d","2-7862fb5714b34e9b640d78209b580ecdb0c0f04ce3ca8ba9d2b66aa89077c1cb","11076-5513f421c46286384169aabbbfc1cd35ac1db7313eb75504215ebd6b9901a8fc","root"
"Advance Procurement","1920.596","1810.941","1887.588","1945.862","2140.779","2185.743","1852.234","2019-BASE_PROCUREMENT-2019-NAVY_SHIPBUILDINGANDCOVERSION-U_PROCUREMENT_MasterJustificationBook_Navy_PB_2019.zzz_unzipped-U_PROCUREMENT_MasterJustificationBook_Navy_PB_2019.xml","cbe29039c7026c484c7be93d8dffc73f479957edddb0229a6b7ae1188f188bcd","0-6e229058addb2a17f94e0406b7d6a37cdf263c9466ed72131868379e49753c2d","11085-2590a6f40211ea34fd4b8b97b5b414031ccb58d78f103f5348c3eb89d39ac90d","root"
"Economic Order of Quantity","","985.46","881.964","427.42","","","","2019-BASE_PROCUREMENT-2019-NAVY_SHIPBUILDINGANDCOVERSION-U_PROCUREMENT_MasterJustificationBook_Navy_PB_2019.zzz_unzipped-U_PROCUREMENT_MasterJustificationBook_Navy_PB_2019.xml","cbe29039c7026c484c7be93d8dffc73f479957edddb0229a6b7ae1188f188bcd","1-74427bdeed96f569a8f6e793a925c6186827d85e468abedd416e843786aa0495","11085-2590a6f40211ea34fd4b8b97b5b414031ccb58d78f103f5348c3eb89d39ac90d","root"
"Advance Procurement","75.897","449.597","607.963","234.679","538.987","769.835","233.149","2019-BASE_PROCUREMENT-2019-NAVY_SHIPBUILDINGANDCOVERSION-U_PROCUREMENT_MasterJustificationBook_Navy_PB_2019.zzz_unzipped-U_PROCUREMENT_MasterJustificationBook_Navy_PB_2019.xml","8e712934068abd23958514556a25c137e290832dbeb92748a5baadb930834b13","0-7d9e87011f7f903247f809b129ff286ba8fb6a06da364af27ccc31d4d1acf7f5","11087-7e4b4ea950873405cfd03c81a29721244ed6deaa1daccfa249faa5c0ab3b7096","root"
"SHIP CONSTRUCTION EOQ","50.035","297.141","336.028","","","","","2019-BASE_PROCUREMENT-2019-NAVY_SHIPBUILDINGANDCOVERSION-U_PROCUREMENT_MasterJustificationBook_Navy_PB_2019.zzz_unzipped-U_PROCUREMENT_MasterJustificationBook_Navy_PB_2019.xml","7ccb09e5aa0dcd2ff656bb6257f40762290470295a3462fc198202ddc187b82f","0-0e3731de55055bd636101446d896a89739f34915ba1bc42b9db3efd75832c43f","11089-c476b172c7bb87519c54c6c3034d5ebfcc5037740ea60d34001e6d71818fa6c6","root"
"VLS Advanced Procurement","40.301","94.787","","","","","","2019-BASE_PROCUREMENT-2019-NAVY_SHIPBUILDINGANDCOVERSION-U_PROCUREMENT_MasterJustificationBook_Navy_PB_2019.zzz_unzipped-U_PROCUREMENT_MasterJustificationBook_Navy_PB_2019.xml","7ccb09e5aa0dcd2ff656bb6257f40762290470295a3462fc198202ddc187b82f","1-175955d24a004bf5fe7b94df03ec8eaad0eb43a7b6d4de1510833cf874954bee","11089-c476b172c7bb87519c54c6c3034d5ebfcc5037740ea60d34001e6d71818fa6c6","root"
"PLANS","755.97","745.589","","","","","741.424","2020-BASE_PROCUREMENT-2020-NAVY_SHIPBUILDINGANDCOVERSION-U_PROCUREMENT_JustificationBook_Navy_PB_2020.zzz_unzipped-U_PROCUREMENT_JustificationBook_Navy_PB_2020.xml","ef167a7d42cc7655f3ac993a9f635436384c328054c04b938ddb115e24f54e0d","0-b5d1eec193f8dfdaa8853af841d7790a572852a9a69e6521ea22404a859ede43","12612-f0c4167c0bf31c906b87d16da8e6795cf7c0595f06273ddaef367f9ef5e2f528","root"
"BASIC CONSTRUCTION (3) - SHIPBUILDER PROCURED LLTM","405.133","460.471","","184.262","365.66","311.155","","2020-BASE_PROCUREMENT-2020-NAVY_SHIPBUILDINGANDCOVERSION-U_PROCUREMENT_JustificationBook_Navy_PB_2020.zzz_unzipped-U_PROCUREMENT_JustificationBook_Navy_PB_2020.xml","ef167a7d42cc7655f3ac993a9f635436384c328054c04b938ddb115e24f54e0d","1-387d35a3e4876551f5eaf167fcf8140c2e4843c7f6a4c98938e3d58b3bd9eb51","12612-f0c4167c0bf31c906b87d16da8e6795cf7c0595f06273ddaef367f9ef5e2f528","root"
"BASIC CONSTRUCTION (4) - MISSILE TUBE CONTINUOUS PRODUCTION","59.671","85.646","86.288","147.921","112.201","94.187","59.537","2020-BASE_PROCUREMENT-2020-NAVY_SHIPBUILDINGANDCOVERSION-U_PROCUREMENT_JustificationBook_Navy_PB_2020.zzz_unzipped-U_PROCUREMENT_JustificationBook_Navy_PB_2020.xml","ef167a7d42cc7655f3ac993a9f635436384c328054c04b938ddb115e24f54e0d","2-16cc57cf3e29274454f7e7d41ec2202c403438255b433bcec9dfa716c4088cb2","12612-f0c4167c0bf31c906b87d16da8e6795cf7c0595f06273ddaef367f9ef5e2f528","root"
"BASIC CONSTRUCTION (5) - ADVANCE CONSTRUCTION","72.1","148.38","2.783","78.26","239.301","91.552","28.518","2020-BASE_PROCUREMENT-2020-NAVY_SHIPBUILDINGANDCOVERSION-U_PROCUREMENT_JustificationBook_Navy_PB_2020.zzz_unzipped-U_PROCUREMENT_JustificationBook_Navy_PB_2020.xml","ef167a7d42cc7655f3ac993a9f635436384c328054c04b938ddb115e24f54e0d","3-19f84aaabc35dd8942cd74bc81e1f54d196cf3f2c55e8aedc2c707ba7b5317ac","12612-f0c4167c0bf31c906b87d16da8e6795cf7c0595f06273ddaef367f9ef5e2f528","root"
"BASIC CONSTRUCTION (6) - EOQ IN SUPPORT OF MULTI-PROGRAM PROCUREMENT","95.88","75.343","12.299","12.198","11.898","13.998","","2020-BASE_PROCUREMENT-2020-NAVY_SHIPBUILDINGANDCOVERSION-U_PROCUREMENT_JustificationBook_Navy_PB_2020.zzz_unzipped-U_PROCUREMENT_JustificationBook_Navy_PB_2020.xml","ef167a7d42cc7655f3ac993a9f635436384c328054c04b938ddb115e24f54e0d","4-0860b1db540986f07795207a772ea28513443732afc3b9ef8564b4abea49659a","12612-f0c4167c0bf31c906b87d16da8e6795cf7c0595f06273ddaef367f9ef5e2f528","root"
"BASIC CONSTRUCTION (7) - SHIPYARD MANUFACTURED ITEMS CONTINUOUS PRODUCTION","1.82","6.788","14.922","25.929","31.745","31.607","","2020-BASE_PROCUREMENT-2020-NAVY_SHIPBUILDINGANDCOVERSION-U_PROCUREMENT_JustificationBook_Navy_PB_2020.zzz_unzipped-U_PROCUREMENT_JustificationBook_Navy_PB_2020.xml","ef167a7d42cc7655f3ac993a9f635436384c328054c04b938ddb115e24f54e0d","5-f7d74c56a5238af82a23fe6a62e605037968971f2fd5556252b395f0be95b619","12612-f0c4167c0bf31c906b87d16da8e6795cf7c0595f06273ddaef367f9ef5e2f528","root"
"NUCLEAR PROPULSION PLANT EQUIPMENT (8)","1700.896","","952.737","661.262","918.373","1535.627","","2020-BASE_PROCUREMENT-2020-NAVY_SHIPBUILDINGANDCOVERSION-U_PROCUREMENT_JustificationBook_Navy_PB_2020.zzz_unzipped-U_PROCUREMENT_JustificationBook_Navy_PB_2020.xml","ef167a7d42cc7655f3ac993a9f635436384c328054c04b938ddb115e24f54e0d","6-7265a97d001c060019496e9c11f91c5cbeee48fef594c3b41227f237863b28f3","12612-f0c4167c0bf31c906b87d16da8e6795cf7c0595f06273ddaef367f9ef5e2f528","root"
"HM&E (9)","26","41.948","","","51.919","","","2020-BASE_PROCUREMENT-2020-NAVY_SHIPBUILDINGANDCOVERSION-U_PROCUREMENT_JustificationBook_Navy_PB_2020.zzz_unzipped-U_PROCUREMENT_JustificationBook_Navy_PB_2020.xml","ef167a7d42cc7655f3ac993a9f635436384c328054c04b938ddb115e24f54e0d","7-685fe19c5c9ca499158410705274f7d6c58acf76ba8f716deb79caf90aafc121","12612-f0c4167c0bf31c906b87d16da8e6795cf7c0595f06273ddaef367f9ef5e2f528","root"
"ORDNANCE SWS SHIPBOARD SYSTEMS (10) - LLTM","48.3","90.02","1.912","20.623","55.707","3.785","","2020-BASE_PROCUREMENT-2020-NAVY_SHIPBUILDINGANDCOVERSION-U_PROCUREMENT_JustificationBook_Navy_PB_2020.zzz_unzipped-U_PROCUREMENT_JustificationBook_Navy_PB_2020.xml","ef167a7d42cc7655f3ac993a9f635436384c328054c04b938ddb115e24f54e0d","8-87c39ef4de0f2d262e72a85871ad6b3089e6948c4b8dfd5dc144463399b91fea","12612-f0c4167c0bf31c906b87d16da8e6795cf7c0595f06273ddaef367f9ef5e2f528","root"
"ORDNANCE SWS SHIPBOARD SYSTEMS (11) - ECONOMIC ORDER QUANTITY","","3.45","0.022","1.551","0.575","0.22","","2020-BASE_PROCUREMENT-2020-NAVY_SHIPBUILDINGANDCOVERSION-U_PROCUREMENT_JustificationBook_Navy_PB_2020.zzz_unzipped-U_PROCUREMENT_JustificationBook_Navy_PB_2020.xml","ef167a7d42cc7655f3ac993a9f635436384c328054c04b938ddb115e24f54e0d","9-6531c0d3f8b291c352381e6f849877d19dcdd3f51964b6b485ac82032617754a","12612-f0c4167c0bf31c906b87d16da8e6795cf7c0595f06273ddaef367f9ef5e2f528","root"
"ORDNANCE SWS SHIPBOARD SYSTEMS (12) - CONTINUOUS PRODUCTION","","","3.842","4.478","7.082","10.175","","2020-BASE_PROCUREMENT-2020-NAVY_SHIPBUILDINGANDCOVERSION-U_PROCUREMENT_JustificationBook_Navy_PB_2020.zzz_unzipped-U_PROCUREMENT_JustificationBook_Navy_PB_2020.xml","ef167a7d42cc7655f3ac993a9f635436384c328054c04b938ddb115e24f54e0d","10-4f87357e757ddcea7ceb530efbe12508f156547be2b39586721310d14b6ab395","12612-f0c4167c0bf31c906b87d16da8e6795cf7c0595f06273ddaef367f9ef5e2f528","root"
"NFPC EXTERNAL POWER UPGRADE (13)","","","","","","","32.374","2020-BASE_PROCUREMENT-2020-NAVY_SHIPBUILDINGANDCOVERSION-U_PROCUREMENT_JustificationBook_Navy_PB_2020.zzz_unzipped-U_PROCUREMENT_JustificationBook_Navy_PB_2020.xml","ef167a7d42cc7655f3ac993a9f635436384c328054c04b938ddb115e24f54e0d","11-c00ed86b38c5e3f1ba744c88fabca43a18567b50707d4da8df267de9899dbd51","12612-f0c4167c0bf31c906b87d16da8e6795cf7c0595f06273ddaef367f9ef5e2f528","root"
"ELECTRONICS (14)","7.63","41.272","","","","","","2020-BASE_PROCUREMENT-2020-NAVY_SHIPBUILDINGANDCOVERSION-U_PROCUREMENT_JustificationBook_Navy_PB_2020.zzz_unzipped-U_PROCUREMENT_JustificationBook_Navy_PB_2020.xml","ef167a7d42cc7655f3ac993a9f635436384c328054c04b938ddb115e24f54e0d","12-2251a0e1e5efa91e71f3905262aef6ff7006996c0a4e4a59b22375e21c8413f4","12612-f0c4167c0bf31c906b87d16da8e6795cf7c0595f06273ddaef367f9ef5e2f528","root"
"CFE","350","","","","170.602","","","2020-BASE_PROCUREMENT-2020-NAVY_SHIPBUILDINGANDCOVERSION-U_PROCUREMENT_JustificationBook_Navy_PB_2020.zzz_unzipped-U_PROCUREMENT_JustificationBook_Navy_PB_2020.xml","a30fb163f04d29291638d311bbf03be8dc48823cfa05a2f328112ff44f545d50","0-63e1c9b54303e6d27376b9037aef256e0a68b144f706dc058cb88323c72c915c","12614-6baeed442cf380b40d4fc304ec6b74f11b7b5d2e005ce93b44da215b468b07e7","root"
"Basic Construction/Conversion","73","73","73","74","75.5","77","73","2020-BASE_PROCUREMENT-2020-NAVY_SHIPBUILDINGANDCOVERSION-U_PROCUREMENT_JustificationBook_Navy_PB_2020.zzz_unzipped-U_PROCUREMENT_JustificationBook_Navy_PB_2020.xml","d424f8f8debac747eb01eb019a6c3d773c2e716c4794c090aff1eab5f46f120e","0-8db758374aec93e02f7a9a53691e9f77279b4c7ff58c0a215e046b61017e7ac4","12617-1fb902488f905604bb7d2e6d3fdcfe0a9f1d882144284ee8ee44dc00def23cd1","root"
"Hull, Mechanical, and Electrical (HM&E)","","","","","","","","2020-BASE_PROCUREMENT-2020-NAVY_SHIPBUILDINGANDCOVERSION-U_PROCUREMENT_JustificationBook_Navy_PB_2020.zzz_unzipped-U_PROCUREMENT_JustificationBook_Navy_PB_2020.xml","d424f8f8debac747eb01eb019a6c3d773c2e716c4794c090aff1eab5f46f120e","1-c3c72bdc8eda9033913e3471482e06819baa6695f323f2ce4cd9c081268a5237","12617-1fb902488f905604bb7d2e6d3fdcfe0a9f1d882144284ee8ee44dc00def23cd1","root"
"Electronics","2.046","","","","","","2.068","2020-BASE_PROCUREMENT-2020-NAVY_SHIPBUILDINGANDCOVERSION-U_PROCUREMENT_JustificationBook_Navy_PB_2020.zzz_unzipped-U_PROCUREMENT_JustificationBook_Navy_PB_2020.xml","d424f8f8debac747eb01eb019a6c3d773c2e716c4794c090aff1eab5f46f120e","2-7dafcf376f13d0bbf6b86528686f72edc596026fd6a3e2f0f5892b03de1df5a0","12617-1fb902488f905604bb7d2e6d3fdcfe0a9f1d882144284ee8ee44dc00def23cd1","root"
"Advance Procurement","1810.941","1887.588","1945.862","2140.779","2185.743","2021.506","1920.596","2020-BASE_PROCUREMENT-2020-NAVY_SHIPBUILDINGANDCOVERSION-U_PROCUREMENT_JustificationBook_Navy_PB_2020.zzz_unzipped-U_PROCUREMENT_JustificationBook_Navy_PB_2020.xml","cc662e74a7de7213dcbbea2bd4856f29d0eced5cfd2f89546251c34f13f65079","0-4fcedd368b9af4c7320d7bd25413f3654e27765e81570d90a84ccb4922e90050","12624-ccf64be6348c1234054c6e25ecd6d0ff296de5e2f1a00098811d947138795e5b","root"
"Economic Order of Quantity","985.46","881.964","427.42","","","544.014","225","2020-BASE_PROCUREMENT-2020-NAVY_SHIPBUILDINGANDCOVERSION-U_PROCUREMENT_JustificationBook_Navy_PB_2020.zzz_unzipped-U_PROCUREMENT_JustificationBook_Navy_PB_2020.xml","cc662e74a7de7213dcbbea2bd4856f29d0eced5cfd2f89546251c34f13f65079","1-cf45b04f978737afe80501d2791290cfc55f67d1b62038a84e73ed2fce1acce5","12624-ccf64be6348c1234054c6e25ecd6d0ff296de5e2f1a00098811d947138795e5b","root"
"SHIP CONSTRUCTION EOQ","547.141","224.028","","","372.4","210","50.035","2020-BASE_PROCUREMENT-2020-NAVY_SHIPBUILDINGANDCOVERSION-U_PROCUREMENT_JustificationBook_Navy_PB_2020.zzz_unzipped-U_PROCUREMENT_JustificationBook_Navy_PB_2020.xml","f88449ebd51dedd31a2638fdba5e14252aa210ecf7ac5ea8d1c24b9a55389b12","0-3802e4ca26a196c064507387b2ce8ede5809da9825668f5cbedf46468a3f8eac","12631-7a0a367430c8f82ff81c1e4cfbf69ac80ec8390865bb42aa40a854120c54c1e3","root"
"VLS Advanced Procurement","94.787","","","","112","","40.301","2020-BASE_PROCUREMENT-2020-NAVY_SHIPBUILDINGANDCOVERSION-U_PROCUREMENT_JustificationBook_Navy_PB_2020.zzz_unzipped-U_PROCUREMENT_JustificationBook_Navy_PB_2020.xml","f88449ebd51dedd31a2638fdba5e14252aa210ecf7ac5ea8d1c24b9a55389b12","1-73f5dad7ac9cf1dd7ba090a8ed5d0881dc78edfcc82c8ddab5aa685146c8336f","12631-7a0a367430c8f82ff81c1e4cfbf69ac80ec8390865bb42aa40a854120c54c1e3","root"
"LPD AP","350","","","","","","","2020-BASE_PROCUREMENT-2020-NAVY_SHIPBUILDINGANDCOVERSION-U_PROCUREMENT_JustificationBook_Navy_PB_2020.zzz_unzipped-U_PROCUREMENT_JustificationBook_Navy_PB_2020.xml","9c168386c667ef3d36f81563d2d4cc8667e0a613f9f857e619b298d98031ffd5","0-f4ddd3e903e11497e00332a8c017fa2f11937dc6ed674f2e738672421c0cd9bb","12634-e2041c2038ba0cac72195f203f44cb475a45f7f34fe3e2164d054108801051f2","root"
"LPD 31","","247.1","","","","","","2020-BASE_PROCUREMENT-2020-NAVY_SHIPBUILDINGANDCOVERSION-U_PROCUREMENT_JustificationBook_Navy_PB_2020.zzz_unzipped-U_PROCUREMENT_JustificationBook_Navy_PB_2020.xml","9c168386c667ef3d36f81563d2d4cc8667e0a613f9f857e619b298d98031ffd5","1-9cd55ae5a5f25f04e673d5035fe6a7da154b2d9c35697a28bb477b940863b965","12634-e2041c2038ba0cac72195f203f44cb475a45f7f34fe3e2164d054108801051f2","root"
"PLANS","755.97","745.589","","","","","741.424","2020-BASE_PROCUREMENT-2020-NAVY_SHIPBUILDINGANDCOVERSION-U_PROCUREMENT_MasterJustificationBook_Navy_PB_2020.zzz_unzipped-U_PROCUREMENT_MasterJustificationBook_Navy_PB_2020.xml","932fdce825504fa911ecd35304bff2100a65b22e6750204204e9dcdd4121ea6f","0-4d61405866cd5a298a41b063607568f037e8487c97b6510e34210059674c1761","12636-d2cc533fa00d097d922b5a47a3ab0514182ad8c8fbb849c73c160d45aebc3a08","root"
"BASIC CONSTRUCTION (3) - SHIPBUILDER PROCURED LLTM","405.133","460.471","","184.262","365.66","311.155","","2020-BASE_PROCUREMENT-2020-NAVY_SHIPBUILDINGANDCOVERSION-U_PROCUREMENT_MasterJustificationBook_Navy_PB_2020.zzz_unzipped-U_PROCUREMENT_MasterJustificationBook_Navy_PB_2020.xml","932fdce825504fa911ecd35304bff2100a65b22e6750204204e9dcdd4121ea6f","1-3fb1f5b1d632dcb278e3ff0a5d9cdec930601b10f4214d11f554da2f6687e7f7","12636-d2cc533fa00d097d922b5a47a3ab0514182ad8c8fbb849c73c160d45aebc3a08","root"
"BASIC CONSTRUCTION (4) - MISSILE TUBE CONTINUOUS PRODUCTION","59.671","85.646","86.288","147.921","112.201","94.187","59.537","2020-BASE_PROCUREMENT-2020-NAVY_SHIPBUILDINGANDCOVERSION-U_PROCUREMENT_MasterJustificationBook_Navy_PB_2020.zzz_unzipped-U_PROCUREMENT_MasterJustificationBook_Navy_PB_2020.xml","932fdce825504fa911ecd35304bff2100a65b22e6750204204e9dcdd4121ea6f","2-c0c0b818a147e72357490820ccedecac3a4e90f765226d4f959597c7dc3b4d7d","12636-d2cc533fa00d097d922b5a47a3ab0514182ad8c8fbb849c73c160d45aebc3a08","root"
"BASIC CONSTRUCTION (5) - ADVANCE CONSTRUCTION","72.1","148.38","2.783","78.26","239.301","91.552","28.518","2020-BASE_PROCUREMENT-2020-NAVY_SHIPBUILDINGANDCOVERSION-U_PROCUREMENT_MasterJustificationBook_Navy_PB_2020.zzz_unzipped-U_PROCUREMENT_MasterJustificationBook_Navy_PB_2020.xml","932fdce825504fa911ecd35304bff2100a65b22e6750204204e9dcdd4121ea6f","3-7d466fcc205a0cb3abc74a46e7fad77e28fcfc04dde651155e41566f43d0d6c2","12636-d2cc533fa00d097d922b5a47a3ab0514182ad8c8fbb849c73c160d45aebc3a08","root"
"BASIC CONSTRUCTION (6) - EOQ IN SUPPORT OF MULTI-PROGRAM PROCUREMENT","95.88","75.343","12.299","12.198","11.898","13.998","","2020-BASE_PROCUREMENT-2020-NAVY_SHIPBUILDINGANDCOVERSION-U_PROCUREMENT_MasterJustificationBook_Navy_PB_2020.zzz_unzipped-U_PROCUREMENT_MasterJustificationBook_Navy_PB_2020.xml","932fdce825504fa911ecd35304bff2100a65b22e6750204204e9dcdd4121ea6f","4-53461d87bf0e5856a12868234890aa8fa8b01629841ac87ccac7336ca2166b0d","12636-d2cc533fa00d097d922b5a47a3ab0514182ad8c8fbb849c73c160d45aebc3a08","root"
"BASIC CONSTRUCTION (7) - SHIPYARD MANUFACTURED ITEMS CONTINUOUS PRODUCTION","1.82","6.788","14.922","25.929","31.745","31.607","","2020-BASE_PROCUREMENT-2020-NAVY_SHIPBUILDINGANDCOVERSION-U_PROCUREMENT_MasterJustificationBook_Navy_PB_2020.zzz_unzipped-U_PROCUREMENT_MasterJustificationBook_Navy_PB_2020.xml","932fdce825504fa911ecd35304bff2100a65b22e6750204204e9dcdd4121ea6f","5-42a7f884ce3585c653de2fbf5575da68d8f80bcea3d530b0ea08099e267d8ae7","12636-d2cc533fa00d097d922b5a47a3ab0514182ad8c8fbb849c73c160d45aebc3a08","root"
"NUCLEAR PROPULSION PLANT EQUIPMENT (8)","1700.896","","952.737","661.262","918.373","1535.627","","2020-BASE_PROCUREMENT-2020-NAVY_SHIPBUILDINGANDCOVERSION-U_PROCUREMENT_MasterJustificationBook_Navy_PB_2020.zzz_unzipped-U_PROCUREMENT_MasterJustificationBook_Navy_PB_2020.xml","932fdce825504fa911ecd35304bff2100a65b22e6750204204e9dcdd4121ea6f","6-987a16ef7972487d0c0cba2fb30bb1ce2db483b8a35d50d2594d94685748df3d","12636-d2cc533fa00d097d922b5a47a3ab0514182ad8c8fbb849c73c160d45aebc3a08","root"
"HM&E (9)","26","41.948","","","51.919","","","2020-BASE_PROCUREMENT-2020-NAVY_SHIPBUILDINGANDCOVERSION-U_PROCUREMENT_MasterJustificationBook_Navy_PB_2020.zzz_unzipped-U_PROCUREMENT_MasterJustificationBook_Navy_PB_2020.xml","932fdce825504fa911ecd35304bff2100a65b22e6750204204e9dcdd4121ea6f","7-89bd3aaacb9c8d2aa864e6ac86b5e1509837e0d4d09227a77a7d59ef973a5b39","12636-d2cc533fa00d097d922b5a47a3ab0514182ad8c8fbb849c73c160d45aebc3a08","root"
"ORDNANCE SWS SHIPBOARD SYSTEMS (10) - LLTM","48.3","90.02","1.912","20.623","55.707","3.785","","2020-BASE_PROCUREMENT-2020-NAVY_SHIPBUILDINGANDCOVERSION-U_PROCUREMENT_MasterJustificationBook_Navy_PB_2020.zzz_unzipped-U_PROCUREMENT_MasterJustificationBook_Navy_PB_2020.xml","932fdce825504fa911ecd35304bff2100a65b22e6750204204e9dcdd4121ea6f","8-11f6b512bdbf10391010f4510b45197dcb3ab8e227f810eff04cf7edbaecfbe6","12636-d2cc533fa00d097d922b5a47a3ab0514182ad8c8fbb849c73c160d45aebc3a08","root"
"ORDNANCE SWS SHIPBOARD SYSTEMS (11) - ECONOMIC ORDER QUANTITY","","3.45","0.022","1.551","0.575","0.22","","2020-BASE_PROCUREMENT-2020-NAVY_SHIPBUILDINGANDCOVERSION-U_PROCUREMENT_MasterJustificationBook_Navy_PB_2020.zzz_unzipped-U_PROCUREMENT_MasterJustificationBook_Navy_PB_2020.xml","932fdce825504fa911ecd35304bff2100a65b22e6750204204e9dcdd4121ea6f","9-72678678179e965d61d80453c21da253ab483b9ff4c2f93d552b85950cfcf8cd","12636-d2cc533fa00d097d922b5a47a3ab0514182ad8c8fbb849c73c160d45aebc3a08","root"
"ORDNANCE SWS SHIPBOARD SYSTEMS (12) - CONTINUOUS PRODUCTION","","","3.842","4.478","7.082","10.175","","2020-BASE_PROCUREMENT-2020-NAVY_SHIPBUILDINGANDCOVERSION-U_PROCUREMENT_MasterJustificationBook_Navy_PB_2020.zzz_unzipped-U_PROCUREMENT_MasterJustificationBook_Navy_PB_2020.xml","932fdce825504fa911ecd35304bff2100a65b22e6750204204e9dcdd4121ea6f","10-a209d702c0c4575837cab1535356e9e4e13ec9a7ef1e2e31744a7bc1801d2ae5","12636-d2cc533fa00d097d922b5a47a3ab0514182ad8c8fbb849c73c160d45aebc3a08","root"
"NFPC EXTERNAL POWER UPGRADE (13)","","","","","","","32.374","2020-BASE_PROCUREMENT-2020-NAVY_SHIPBUILDINGANDCOVERSION-U_PROCUREMENT_MasterJustificationBook_Navy_PB_2020.zzz_unzipped-U_PROCUREMENT_MasterJustificationBook_Navy_PB_2020.xml","932fdce825504fa911ecd35304bff2100a65b22e6750204204e9dcdd4121ea6f","11-da645b5ee33a4a1beced7d07cba844a7f764f8d6083e5ebd4bd33d03b7ae6da8","12636-d2cc533fa00d097d922b5a47a3ab0514182ad8c8fbb849c73c160d45aebc3a08","root"
"ELECTRONICS (14)","7.63","41.272","","","","","","2020-BASE_PROCUREMENT-2020-NAVY_SHIPBUILDINGANDCOVERSION-U_PROCUREMENT_MasterJustificationBook_Navy_PB_2020.zzz_unzipped-U_PROCUREMENT_MasterJustificationBook_Navy_PB_2020.xml","932fdce825504fa911ecd35304bff2100a65b22e6750204204e9dcdd4121ea6f","12-70995cf3255a1579977c79d9c3865600a7c51fa288449f8b6a57efd3641ece56","12636-d2cc533fa00d097d922b5a47a3ab0514182ad8c8fbb849c73c160d45aebc3a08","root"
"CFE","350","","","","170.602","","","2020-BASE_PROCUREMENT-2020-NAVY_SHIPBUILDINGANDCOVERSION-U_PROCUREMENT_MasterJustificationBook_Navy_PB_2020.zzz_unzipped-U_PROCUREMENT_MasterJustificationBook_Navy_PB_2020.xml","1bf2304bf6786187c63030b5e02bf99a3fe02fecfde1e3c616fb0ae51dbeb198","0-2262506eab31bc689626f0184d46557c165c6608f2246bdcd25cc2887739e241","12638-08941db188b79f53038d8fc73cad4c953bfc5f3d588d20b6a5ddb6b1b81aa737","root"
"Basic Construction/Conversion","73","73","73","74","75.5","77","73","2020-BASE_PROCUREMENT-2020-NAVY_SHIPBUILDINGANDCOVERSION-U_PROCUREMENT_MasterJustificationBook_Navy_PB_2020.zzz_unzipped-U_PROCUREMENT_MasterJustificationBook_Navy_PB_2020.xml","3e0661473e5ec15016509ed4fb0204ceeea1ce5351193ca1b59c307c60b5de03","0-719ff8c54fe66b5faf21663f9ffe4810d64380d90a62c909be876beacc5ffc95","12641-9e1547ff3350546a1217b23857271d7d60dd7f7bee52ed68938b2af974f3ec92","root"
"Hull, Mechanical, and Electrical (HM&E)","","","","","","","","2020-BASE_PROCUREMENT-2020-NAVY_SHIPBUILDINGANDCOVERSION-U_PROCUREMENT_MasterJustificationBook_Navy_PB_2020.zzz_unzipped-U_PROCUREMENT_MasterJustificationBook_Navy_PB_2020.xml","3e0661473e5ec15016509ed4fb0204ceeea1ce5351193ca1b59c307c60b5de03","1-9dce9801f6008696f0cb9703891e361693683a957360516a1fe7e0244065a499","12641-9e1547ff3350546a1217b23857271d7d60dd7f7bee52ed68938b2af974f3ec92","root"
"Electronics","2.046","","","","","","2.068","2020-BASE_PROCUREMENT-2020-NAVY_SHIPBUILDINGANDCOVERSION-U_PROCUREMENT_MasterJustificationBook_Navy_PB_2020.zzz_unzipped-U_PROCUREMENT_MasterJustificationBook_Navy_PB_2020.xml","3e0661473e5ec15016509ed4fb0204ceeea1ce5351193ca1b59c307c60b5de03","2-cbcd427843cfa6d616ed3656ab1ab0f3c38ad3578d79bd5de72b070e50f12a79","12641-9e1547ff3350546a1217b23857271d7d60dd7f7bee52ed68938b2af974f3ec92","root"
"Advance Procurement","1810.941","1887.588","1945.862","2140.779","2185.743","2021.506","1920.596","2020-BASE_PROCUREMENT-2020-NAVY_SHIPBUILDINGANDCOVERSION-U_PROCUREMENT_MasterJustificationBook_Navy_PB_2020.zzz_unzipped-U_PROCUREMENT_MasterJustificationBook_Navy_PB_2020.xml","6d2fd5af5b3d1649cd88586e00452843d436fea4cfb0f3c5af8f40c8bc8e1433","0-522f5d5e4103eef952b52b9fcdb60fb53596d774ab4e53874491c8321c397095","12648-57ba64b2ad16064fa762f7d8d98001bcbee066ac7ea39ece9ba7586169a7ea59","root"
"Economic Order of Quantity","985.46","881.964","427.42","","","544.014","225","2020-BASE_PROCUREMENT-2020-NAVY_SHIPBUILDINGANDCOVERSION-U_PROCUREMENT_MasterJustificationBook_Navy_PB_2020.zzz_unzipped-U_PROCUREMENT_MasterJustificationBook_Navy_PB_2020.xml","6d2fd5af5b3d1649cd88586e00452843d436fea4cfb0f3c5af8f40c8bc8e1433","1-8a071f7bb95c64549f6ed5cc5677985be560aa3de3fbf9665cdbd29b4d2652b2","12648-57ba64b2ad16064fa762f7d8d98001bcbee066ac7ea39ece9ba7586169a7ea59","root"
"SHIP CONSTRUCTION EOQ","547.141","224.028","","","372.4","210","50.035","2020-BASE_PROCUREMENT-2020-NAVY_SHIPBUILDINGANDCOVERSION-U_PROCUREMENT_MasterJustificationBook_Navy_PB_2020.zzz_unzipped-U_PROCUREMENT_MasterJustificationBook_Navy_PB_2020.xml","5f09bad83be8d9935dfb8fbbbac4473f946bb03e639a64a10be47789f49d0473","0-1fa18a19ebda31e6a61eba6f09874fb2bd81ad407b986ad7918c9da7f7ded0b2","12655-e3329a006cfae39d428c25dba3e886ffc92bc3b316074a854666de8708ab621b","root"
"VLS Advanced Procurement","94.787","","","","112","","40.301","2020-BASE_PROCUREMENT-2020-NAVY_SHIPBUILDINGANDCOVERSION-U_PROCUREMENT_MasterJustificationBook_Navy_PB_2020.zzz_unzipped-U_PROCUREMENT_MasterJustificationBook_Navy_PB_2020.xml","5f09bad83be8d9935dfb8fbbbac4473f946bb03e639a64a10be47789f49d0473","1-362f42dfe70ba8d3bf3b12e2abcc05d483f350429eb6ecba297e325ea72c77ae","12655-e3329a006cfae39d428c25dba3e886ffc92bc3b316074a854666de8708ab621b","root"
"LPD AP","350","","","","","","","2020-BASE_PROCUREMENT-2020-NAVY_SHIPBUILDINGANDCOVERSION-U_PROCUREMENT_MasterJustificationBook_Navy_PB_2020.zzz_unzipped-U_PROCUREMENT_MasterJustificationBook_Navy_PB_2020.xml","fede88ab6e4790d85bb219ffaa3eb2a124927ee5b9d8867aa75a8d6481dc6908","0-013817a2fdd1f187cc9ebd61d13038d44b315883148c4290e5510a1da9a42806","12658-ce984d1cd9350f4eb80375d708df5e0a2505a33d541862229d6cf31ca702b1b8","root"
"LPD 31","","247.1","","","","","","2020-BASE_PROCUREMENT-2020-NAVY_SHIPBUILDINGANDCOVERSION-U_PROCUREMENT_MasterJustificationBook_Navy_PB_2020.zzz_unzipped-U_PROCUREMENT_MasterJustificationBook_Navy_PB_2020.xml","fede88ab6e4790d85bb219ffaa3eb2a124927ee5b9d8867aa75a8d6481dc6908","1-c995c8b40f753ebb5b737efe0a86f31a177594beda4ea1cd55103cacd83a1180","12658-ce984d1cd9350f4eb80375d708df5e0a2505a33d541862229d6cf31ca702b1b8","root"
