Title_val,CategorySubtotal_CurrentYear_val,CategorySubtotal_BudgetYearOne_val,CategorySubtotal_BudgetYearTwo_val,CategorySubtotal_BudgetYearThree_val,CategorySubtotal_BudgetYearFour_val,CategorySubtotal_BudgetYearFive_val,CategorySubtotal_PriorYear_val,@SOURCE_FILENAME,@RECORDID,@ROWID,@PARENTROWID,@PARENT
"PLANS (1)","773.138","727.798","711.76","656.83","","","","2018-BASE_PROCUREMENT-2018-NAVY_SHIPBUILDINGANDCOVERSION-U_PROCUREMENT_JustificationBook_Navy_PB_2018.zzz_unzipped-U_PROCUREMENT_JustificationBook_Navy_PB_2018.xml","a13f4bc1c45d92804185e81af41effc77b0ca8274fd32e9c7b503aa89e4ade25","0-8fa2433fb4db016b9d353836e39f7aed517f14cca474a776ab6372dfa24769bb","9440-76c2c80ba12ed989d9c5b1642260504c0a95dbf0a7e00d2c838371759c8a72d8","root"
"BASIC CONSTRUCTION (4) - ADVANCED CONSTRUCTION","","28.518","72.1","148.38","2.798","89.904","","2018-BASE_PROCUREMENT-2018-NAVY_SHIPBUILDINGANDCOVERSION-U_PROCUREMENT_JustificationBook_Navy_PB_2018.zzz_unzipped-U_PROCUREMENT_JustificationBook_Navy_PB_2018.xml","a13f4bc1c45d92804185e81af41effc77b0ca8274fd32e9c7b503aa89e4ade25","1-ac63ee02467583dcaf9967ea7558bf68f95bc6a26089f04766ef85c77e58adc5","9440-76c2c80ba12ed989d9c5b1642260504c0a95dbf0a7e00d2c838371759c8a72d8","root"
"BASIC CONSTRUCTION (3) - MISSILE TUBE CONTINUOUS PRODUCTION","","59.537","60.047","86.869","86.765","148.781","","2018-BASE_PROCUREMENT-2018-NAVY_SHIPBUILDINGANDCOVERSION-U_PROCUREMENT_JustificationBook_Navy_PB_2018.zzz_unzipped-U_PROCUREMENT_JustificationBook_Navy_PB_2018.xml","a13f4bc1c45d92804185e81af41effc77b0ca8274fd32e9c7b503aa89e4ade25","2-72db8b74474440c1c624a1f0c35f5067f011b89e3067efe8ca1e0c717805adc3","9440-76c2c80ba12ed989d9c5b1642260504c0a95dbf0a7e00d2c838371759c8a72d8","root"
"HM&E (6)","","","20","41.948","","","","2018-BASE_PROCUREMENT-2018-NAVY_SHIPBUILDINGANDCOVERSION-U_PROCUREMENT_JustificationBook_Navy_PB_2018.zzz_unzipped-U_PROCUREMENT_JustificationBook_Navy_PB_2018.xml","a13f4bc1c45d92804185e81af41effc77b0ca8274fd32e9c7b503aa89e4ade25","3-dd1e1691435285c7bc279580958fa7a35cefd67a1ee32a164119b787a7656585","9440-76c2c80ba12ed989d9c5b1642260504c0a95dbf0a7e00d2c838371759c8a72d8","root"
"ORDNANCE (7)","","","48.3","79.4","","20.623","","2018-BASE_PROCUREMENT-2018-NAVY_SHIPBUILDINGANDCOVERSION-U_PROCUREMENT_JustificationBook_Navy_PB_2018.zzz_unzipped-U_PROCUREMENT_JustificationBook_Navy_PB_2018.xml","a13f4bc1c45d92804185e81af41effc77b0ca8274fd32e9c7b503aa89e4ade25","4-8100067b6397d635189a2cb5ee6d633cb2a55f86ccef890d502af494865330cc","9440-76c2c80ba12ed989d9c5b1642260504c0a95dbf0a7e00d2c838371759c8a72d8","root"
"NUCLEAR PROPULSION PLANT EQUIPMENT (5)","","","1700.896","","958","656","","2018-BASE_PROCUREMENT-2018-NAVY_SHIPBUILDINGANDCOVERSION-U_PROCUREMENT_JustificationBook_Navy_PB_2018.zzz_unzipped-U_PROCUREMENT_JustificationBook_Navy_PB_2018.xml","a13f4bc1c45d92804185e81af41effc77b0ca8274fd32e9c7b503aa89e4ade25","5-13f698321b0e57371bde993544019b11edb646c1ae3c2f189873c859152ec1a0","9440-76c2c80ba12ed989d9c5b1642260504c0a95dbf0a7e00d2c838371759c8a72d8","root"
"NFPC EXTERNAL POWER UPGRADE (8)","","27","","","","","","2018-BASE_PROCUREMENT-2018-NAVY_SHIPBUILDINGANDCOVERSION-U_PROCUREMENT_JustificationBook_Navy_PB_2018.zzz_unzipped-U_PROCUREMENT_JustificationBook_Navy_PB_2018.xml","a13f4bc1c45d92804185e81af41effc77b0ca8274fd32e9c7b503aa89e4ade25","6-9302e709e9b134ce0b1ceb027ecfebfaebb0d862c48fe8df8a5e1b8598e17d4c","9440-76c2c80ba12ed989d9c5b1642260504c0a95dbf0a7e00d2c838371759c8a72d8","root"
"BASIC CONSTRUCTION (2) - LONG LEAD TIME CFE","","","411.133","460.471","","338.038","","2018-BASE_PROCUREMENT-2018-NAVY_SHIPBUILDINGANDCOVERSION-U_PROCUREMENT_JustificationBook_Navy_PB_2018.zzz_unzipped-U_PROCUREMENT_JustificationBook_Navy_PB_2018.xml","a13f4bc1c45d92804185e81af41effc77b0ca8274fd32e9c7b503aa89e4ade25","7-8f2a56c6f1511a2d3297f5ca24fc02d78a3901b2331e1ff9805d0f37ef0cd004","9440-76c2c80ba12ed989d9c5b1642260504c0a95dbf0a7e00d2c838371759c8a72d8","root"
"Basic Construction/Conversion","59.975","71.572","71.481","71.421","71.356","72.814","","2018-BASE_PROCUREMENT-2018-NAVY_SHIPBUILDINGANDCOVERSION-U_PROCUREMENT_JustificationBook_Navy_PB_2018.zzz_unzipped-U_PROCUREMENT_JustificationBook_Navy_PB_2018.xml","5fb03280280c04f70140363ea84e84f7472f5711a8a318be34e2b8fb03fc2dac","0-38246fa32bec015bbc9ebd315aa2fd18872597de1f4e83a133927c04a7911ad3","9443-31382efecd8390b5e45b4f604a14c0c9db45e3f268ad39df754c6ecedeeb02e9","root"
"Electronics","4.904","3.496","3.565","3.637","3.71","3.784","","2018-BASE_PROCUREMENT-2018-NAVY_SHIPBUILDINGANDCOVERSION-U_PROCUREMENT_JustificationBook_Navy_PB_2018.zzz_unzipped-U_PROCUREMENT_JustificationBook_Navy_PB_2018.xml","5fb03280280c04f70140363ea84e84f7472f5711a8a318be34e2b8fb03fc2dac","1-80cd3b3cbeb2696e0f97843dc28e6980bfa8fd69b9ce44db94f9899b760c9ba3","9443-31382efecd8390b5e45b4f604a14c0c9db45e3f268ad39df754c6ecedeeb02e9","root"
"Hull, Mechanical, and Electrical (HM&E)","8.2","","","","","","","2018-BASE_PROCUREMENT-2018-NAVY_SHIPBUILDINGANDCOVERSION-U_PROCUREMENT_JustificationBook_Navy_PB_2018.zzz_unzipped-U_PROCUREMENT_JustificationBook_Navy_PB_2018.xml","5fb03280280c04f70140363ea84e84f7472f5711a8a318be34e2b8fb03fc2dac","2-be51a703ea9e366412b036ace6ea626c270aa65fcf5f4ec6f298dfc95ca8725b","9443-31382efecd8390b5e45b4f604a14c0c9db45e3f268ad39df754c6ecedeeb02e9","root"
"Advance Procurement","1767.234","1920.596","1811.29","1887.622","1945.91","1341.813","1641.888","2018-BASE_PROCUREMENT-2018-NAVY_SHIPBUILDINGANDCOVERSION-U_PROCUREMENT_JustificationBook_Navy_PB_2018.zzz_unzipped-U_PROCUREMENT_JustificationBook_Navy_PB_2018.xml","e65faa6577a08f2ddf29b7d5454a13aa910b941ba87ebd505eb81f9f400deed2","0-9f0935a7a5c37e4f77b006dac46d68bd5f65cbd2f5f3c81c8941fb39b284ce3d","9452-87be605de25a1b7a132d8802eb2a2a1c98f5cf5eb12bb16ae6b40c0d68a30a3a","root"
"Economic Order of Quantity","","","985.456","881.982","427.42","","329.952","2018-BASE_PROCUREMENT-2018-NAVY_SHIPBUILDINGANDCOVERSION-U_PROCUREMENT_JustificationBook_Navy_PB_2018.zzz_unzipped-U_PROCUREMENT_JustificationBook_Navy_PB_2018.xml","e65faa6577a08f2ddf29b7d5454a13aa910b941ba87ebd505eb81f9f400deed2","1-62998aad281874495b026efb3593506f14847cca20df32994c6728a94294f2f6","9452-87be605de25a1b7a132d8802eb2a2a1c98f5cf5eb12bb16ae6b40c0d68a30a3a","root"
"Advance Procurement","248.599","75.897","459.93","625.466","236.205","541.451","14.951","2018-BASE_PROCUREMENT-2018-NAVY_SHIPBUILDINGANDCOVERSION-U_PROCUREMENT_JustificationBook_Navy_PB_2018.zzz_unzipped-U_PROCUREMENT_JustificationBook_Navy_PB_2018.xml","30f05fcd72a912823615127e43b2be8ca570156afc2855adfc6c02323fd91c7d","0-826f37c908719dd6142e08f5171bc3a87a1df9b86307e66315f815c1f59ae83e","9454-9cd56e9dd201ff033e28e055aa77e067cd5588b15ee2f8a55c4067a03c1f88c2","root"
"SHIP CONSTRUCTION EOQ","","50.035","225","225.19","","","","2018-BASE_PROCUREMENT-2018-NAVY_SHIPBUILDINGANDCOVERSION-U_PROCUREMENT_JustificationBook_Navy_PB_2018.zzz_unzipped-U_PROCUREMENT_JustificationBook_Navy_PB_2018.xml","341c09c4a37bc5105a93194374c2b71f3cdff23a738f04e5629acb1abd33932e","0-82f762a120b2e3a40e0402e50ef698a7745feef276935a526eb1f38b900841ca","9456-cd6e8b9f0da40e9512a847eb4f656c7047ea715e88ad81a44cf1a397bc8780f5","root"
"VLS Advanced Procurement","","40.301","67.713","","","","","2018-BASE_PROCUREMENT-2018-NAVY_SHIPBUILDINGANDCOVERSION-U_PROCUREMENT_JustificationBook_Navy_PB_2018.zzz_unzipped-U_PROCUREMENT_JustificationBook_Navy_PB_2018.xml","341c09c4a37bc5105a93194374c2b71f3cdff23a738f04e5629acb1abd33932e","1-83354cf8b3e1a181213531dafc45b99e991c6c88dcbcd21854fa8962fa04e439","9456-cd6e8b9f0da40e9512a847eb4f656c7047ea715e88ad81a44cf1a397bc8780f5","root"
"PLANS (1)","773.138","727.798","711.76","656.83","","","","2018-BASE_PROCUREMENT-2018-NAVY_SHIPBUILDINGANDCOVERSION-U_PROCUREMENT_MasterJustificationBook_Navy_PB_2018.zzz_unzipped-U_PROCUREMENT_MasterJustificationBook_Navy_PB_2018.xml","3c8bb2a5e6433aa6e2f786bb04ee3f77983782bd530acf290eebf6c4716c2e9d","0-3bf603f1c5db6cd4147ff07e29badb4a78c1d274edcafebc198e39e81dab9b48","9461-5edda0ac2f840e4507c896dfc3bbf51d0c2fb57c287b01760e4c63f85716cfa8","root"
"BASIC CONSTRUCTION (4) - ADVANCED CONSTRUCTION","","28.518","72.1","148.38","2.798","89.904","","2018-BASE_PROCUREMENT-2018-NAVY_SHIPBUILDINGANDCOVERSION-U_PROCUREMENT_MasterJustificationBook_Navy_PB_2018.zzz_unzipped-U_PROCUREMENT_MasterJustificationBook_Navy_PB_2018.xml","3c8bb2a5e6433aa6e2f786bb04ee3f77983782bd530acf290eebf6c4716c2e9d","1-a09dcab5bf7e83b0d5a8947339a105c25e9ef1257e0a5a09b1bc25c2d281001e","9461-5edda0ac2f840e4507c896dfc3bbf51d0c2fb57c287b01760e4c63f85716cfa8","root"
"BASIC CONSTRUCTION (3) - MISSILE TUBE CONTINUOUS PRODUCTION","","59.537","60.047","86.869","86.765","148.781","","2018-BASE_PROCUREMENT-2018-NAVY_SHIPBUILDINGANDCOVERSION-U_PROCUREMENT_MasterJustificationBook_Navy_PB_2018.zzz_unzipped-U_PROCUREMENT_MasterJustificationBook_Navy_PB_2018.xml","3c8bb2a5e6433aa6e2f786bb04ee3f77983782bd530acf290eebf6c4716c2e9d","2-d01f64531963f8dde30363c32993f5a57089f9f9233b5d45ee52032ed61c39a9","9461-5edda0ac2f840e4507c896dfc3bbf51d0c2fb57c287b01760e4c63f85716cfa8","root"
"HM&E (6)","","","20","41.948","","","","2018-BASE_PROCUREMENT-2018-NAVY_SHIPBUILDINGANDCOVERSION-U_PROCUREMENT_MasterJustificationBook_Navy_PB_2018.zzz_unzipped-U_PROCUREMENT_MasterJustificationBook_Navy_PB_2018.xml","3c8bb2a5e6433aa6e2f786bb04ee3f77983782bd530acf290eebf6c4716c2e9d","3-fed27574e5f4a388f902450d041048d2bc0f505df6e1cd8e99c4a7116462bcbb","9461-5edda0ac2f840e4507c896dfc3bbf51d0c2fb57c287b01760e4c63f85716cfa8","root"
"ORDNANCE (7)","","","48.3","79.4","","20.623","","2018-BASE_PROCUREMENT-2018-NAVY_SHIPBUILDINGANDCOVERSION-U_PROCUREMENT_MasterJustificationBook_Navy_PB_2018.zzz_unzipped-U_PROCUREMENT_MasterJustificationBook_Navy_PB_2018.xml","3c8bb2a5e6433aa6e2f786bb04ee3f77983782bd530acf290eebf6c4716c2e9d","4-8b04dbf638378bd7878dee8c0fa6bf987b52dc12ae1c80625d1bbaaa91df9938","9461-5edda0ac2f840e4507c896dfc3bbf51d0c2fb57c287b01760e4c63f85716cfa8","root"
"NUCLEAR PROPULSION PLANT EQUIPMENT (5)","","","1700.896","","958","656","","2018-BASE_PROCUREMENT-2018-NAVY_SHIPBUILDINGANDCOVERSION-U_PROCUREMENT_MasterJustificationBook_Navy_PB_2018.zzz_unzipped-U_PROCUREMENT_MasterJustificationBook_Navy_PB_2018.xml","3c8bb2a5e6433aa6e2f786bb04ee3f77983782bd530acf290eebf6c4716c2e9d","5-396cc0d701cde2c4699bca1eded48e29ea97b6c2e3b745a0845ae6c8660d829a","9461-5edda0ac2f840e4507c896dfc3bbf51d0c2fb57c287b01760e4c63f85716cfa8","root"
"NFPC EXTERNAL POWER UPGRADE (8)","","27","","","","","","2018-BASE_PROCUREMENT-2018-NAVY_SHIPBUILDINGANDCOVERSION-U_PROCUREMENT_MasterJustificationBook_Navy_PB_2018.zzz_unzipped-U_PROCUREMENT_MasterJustificationBook_Navy_PB_2018.xml","3c8bb2a5e6433aa6e2f786bb04ee3f77983782bd530acf290eebf6c4716c2e9d","6-37308317f301020ea88bea9041b5099fa14422f56a63bb3c97b1ba8f78baf4a8","9461-5edda0ac2f840e4507c896dfc3bbf51d0c2fb57c287b01760e4c63f85716cfa8","root"
"BASIC CONSTRUCTION (2) - LONG LEAD TIME CFE","","","411.133","460.471","","338.038","","2018-BASE_PROCUREMENT-2018-NAVY_SHIPBUILDINGANDCOVERSION-U_PROCUREMENT_MasterJustificationBook_Navy_PB_2018.zzz_unzipped-U_PROCUREMENT_MasterJustificationBook_Navy_PB_2018.xml","3c8bb2a5e6433aa6e2f786bb04ee3f77983782bd530acf290eebf6c4716c2e9d","7-1c71bcce868b9bc3b54989a8fdacd55c15620b249772c0150de5c5b5954f15be","9461-5edda0ac2f840e4507c896dfc3bbf51d0c2fb57c287b01760e4c63f85716cfa8","root"
"Basic Construction/Conversion","59.975","71.572","71.481","71.421","71.356","72.814","","2018-BASE_PROCUREMENT-2018-NAVY_SHIPBUILDINGANDCOVERSION-U_PROCUREMENT_MasterJustificationBook_Navy_PB_2018.zzz_unzipped-U_PROCUREMENT_MasterJustificationBook_Navy_PB_2018.xml","323dee594a542260809faba5db6e9d0ae785d79341ac33dab24393ecf402c9b9","0-09f5ec6351b7f436754a09d03df3864eea14aa0fbd6381eeee6a2a18f7c69ef0","9464-f192d4c48430a16931389ba5277586674308da6aa57bdb7612d80699d7759700","root"
"Electronics","4.904","3.496","3.565","3.637","3.71","3.784","","2018-BASE_PROCUREMENT-2018-NAVY_SHIPBUILDINGANDCOVERSION-U_PROCUREMENT_MasterJustificationBook_Navy_PB_2018.zzz_unzipped-U_PROCUREMENT_MasterJustificationBook_Navy_PB_2018.xml","323dee594a542260809faba5db6e9d0ae785d79341ac33dab24393ecf402c9b9","1-523c6568d0ecce5838e47f7dead93a3f79af3f75f0850cc347762a77fdaa4e84","9464-f192d4c48430a16931389ba5277586674308da6aa57bdb7612d80699d7759700","root"
"Hull, Mechanical, and Electrical (HM&E)","8.2","","","","","","","2018-BASE_PROCUREMENT-2018-NAVY_SHIPBUILDINGANDCOVERSION-U_PROCUREMENT_MasterJustificationBook_Navy_PB_2018.zzz_unzipped-U_PROCUREMENT_MasterJustificationBook_Navy_PB_2018.xml","323dee594a542260809faba5db6e9d0ae785d79341ac33dab24393ecf402c9b9","2-1a1c11d162713a90e9b94219d3c42e6c48f9fdd69a0e8581f7e19799ca9e21cd","9464-f192d4c48430a16931389ba5277586674308da6aa57bdb7612d80699d7759700","root"
"Advance Procurement","1767.234","1920.596","1811.29","1887.622","1945.91","1341.813","1641.888","2018-BASE_PROCUREMENT-2018-NAVY_SHIPBUILDINGANDCOVERSION-U_PROCUREMENT_MasterJustificationBook_Navy_PB_2018.zzz_unzipped-U_PROCUREMENT_MasterJustificationBook_Navy_PB_2018.xml","b9b3c2143c11a13c8f2c4f97143714796c97d937a9c0d0bc447e53de4a529dc3","0-9331216aaddc204cb1b9f5117a1a8de14b268902b6d4b0a6ea865f181b1e98f8","9473-5e261c347d837245584898223f4950afdae7e2b3b77ecb7e213e6d5172bf7b9f","root"
"Economic Order of Quantity","","","985.456","881.982","427.42","","329.952","2018-BASE_PROCUREMENT-2018-NAVY_SHIPBUILDINGANDCOVERSION-U_PROCUREMENT_MasterJustificationBook_Navy_PB_2018.zzz_unzipped-U_PROCUREMENT_MasterJustificationBook_Navy_PB_2018.xml","b9b3c2143c11a13c8f2c4f97143714796c97d937a9c0d0bc447e53de4a529dc3","1-69852f00232d59c509222ef8e77cdd6e3f8b9fb08d6f14007048ed0efee727dd","9473-5e261c347d837245584898223f4950afdae7e2b3b77ecb7e213e6d5172bf7b9f","root"
"Advance Procurement","248.599","75.897","459.93","625.466","236.205","541.451","14.951","2018-BASE_PROCUREMENT-2018-NAVY_SHIPBUILDINGANDCOVERSION-U_PROCUREMENT_MasterJustificationBook_Navy_PB_2018.zzz_unzipped-U_PROCUREMENT_MasterJustificationBook_Navy_PB_2018.xml","39e99632cac232ed4f791a16a1a3a350502b6d8437548761d869aa99726b1c18","0-1d7f089aa125d333fc572553f10da6d2484c329ec440b995b25b2d2ee2dbaf34","9475-b6283505851a182b38f2f06dc04e463cadddba0a956d7e338a4575c0bd0b93fc","root"
"SHIP CONSTRUCTION EOQ","","50.035","225","225.19","","","","2018-BASE_PROCUREMENT-2018-NAVY_SHIPBUILDINGANDCOVERSION-U_PROCUREMENT_MasterJustificationBook_Navy_PB_2018.zzz_unzipped-U_PROCUREMENT_MasterJustificationBook_Navy_PB_2018.xml","e27de6ec9cb638c66ac0b656bccfc8f782bb401590861916fc6bffb8352b5cd2","0-81ddf5f10cec6a155866aee4ee3432d26185b97e0d827561682978de034d3a24","9477-82b8bcf87c6e34a92e50e1d5c10c035d5e973e1148e84c049b07294f8d85fa18","root"
"VLS Advanced Procurement","","40.301","67.713","","","","","2018-BASE_PROCUREMENT-2018-NAVY_SHIPBUILDINGANDCOVERSION-U_PROCUREMENT_MasterJustificationBook_Navy_PB_2018.zzz_unzipped-U_PROCUREMENT_MasterJustificationBook_Navy_PB_2018.xml","e27de6ec9cb638c66ac0b656bccfc8f782bb401590861916fc6bffb8352b5cd2","1-21c390364f8c752b1c7061a2e92ed81bbd8a3469566fae8e027f0bd53cc9c74b","9477-82b8bcf87c6e34a92e50e1d5c10c035d5e973e1148e84c049b07294f8d85fa18","root"
"PLANS (1)","727.798","685.6","613.424","","","","773.138","2019-BASE_PROCUREMENT-2019-NAVY_SHIPBUILDINGANDCOVERSION-U_PROCUREMENT_JustificationBook_Navy_PB_2019.zzz_unzipped-U_PROCUREMENT_JustificationBook_Navy_PB_2019.xml","638baa1128e4028ef90837bc15eef93be42d7c0e1b8788e20de25562008d0736","0-e7b70fa0e1b26a7b0d1a5f57c54f3e0675ca1dcd7b77eb32d4d708b0f48e4ed0","11052-a776c5e1e8cdf32bfefc8f2ecd72506663d5f180f15ecd5f665d1f23c3128cf8","root"
"BASIC CONSTRUCTION (3) - MISSILE TUBE CONTINUOUS PRODUCTION","59.537","59.671","85.646","86.288","147.921","112.663","","2019-BASE_PROCUREMENT-2019-NAVY_SHIPBUILDINGANDCOVERSION-U_PROCUREMENT_JustificationBook_Navy_PB_2019.zzz_unzipped-U_PROCUREMENT_JustificationBook_Navy_PB_2019.xml","638baa1128e4028ef90837bc15eef93be42d7c0e1b8788e20de25562008d0736","1-444a9d7abced8be99ce40db99c6ef7158adb5bd15551bc0badaf78b04756d02e","11052-a776c5e1e8cdf32bfefc8f2ecd72506663d5f180f15ecd5f665d1f23c3128cf8","root"
"HM&E (6)","","26","41.948","","","51.919","","2019-BASE_PROCUREMENT-2019-NAVY_SHIPBUILDINGANDCOVERSION-U_PROCUREMENT_JustificationBook_Navy_PB_2019.zzz_unzipped-U_PROCUREMENT_JustificationBook_Navy_PB_2019.xml","638baa1128e4028ef90837bc15eef93be42d7c0e1b8788e20de25562008d0736","2-8385f6832c12da4464096e6bc7087eea8567bc7994e925eff3ec7c9a72e139a9","11052-a776c5e1e8cdf32bfefc8f2ecd72506663d5f180f15ecd5f665d1f23c3128cf8","root"
"ORDNANCE (7)","","48.3","79.4","","20.623","44.708","","2019-BASE_PROCUREMENT-2019-NAVY_SHIPBUILDINGANDCOVERSION-U_PROCUREMENT_JustificationBook_Navy_PB_2019.zzz_unzipped-U_PROCUREMENT_JustificationBook_Navy_PB_2019.xml","638baa1128e4028ef90837bc15eef93be42d7c0e1b8788e20de25562008d0736","3-d16aa2fb88190353fe52346b3409b91c4c74f42b56a7a112495e65cec94ce6da","11052-a776c5e1e8cdf32bfefc8f2ecd72506663d5f180f15ecd5f665d1f23c3128cf8","root"
"NUCLEAR PROPULSION PLANT EQUIPMENT (5)","","1700.896","","952.737","661.262","918.373","","2019-BASE_PROCUREMENT-2019-NAVY_SHIPBUILDINGANDCOVERSION-U_PROCUREMENT_JustificationBook_Navy_PB_2019.zzz_unzipped-U_PROCUREMENT_JustificationBook_Navy_PB_2019.xml","638baa1128e4028ef90837bc15eef93be42d7c0e1b8788e20de25562008d0736","4-c46f9a51aa582ac5115457381eeb2303a2492ccff3a6984fbd6df40997a97a45","11052-a776c5e1e8cdf32bfefc8f2ecd72506663d5f180f15ecd5f665d1f23c3128cf8","root"
"NFPC EXTERNAL POWER UPGRADE (8)","27","","","","","","","2019-BASE_PROCUREMENT-2019-NAVY_SHIPBUILDINGANDCOVERSION-U_PROCUREMENT_JustificationBook_Navy_PB_2019.zzz_unzipped-U_PROCUREMENT_JustificationBook_Navy_PB_2019.xml","638baa1128e4028ef90837bc15eef93be42d7c0e1b8788e20de25562008d0736","5-f22c2ce98fdd0c269412ec4fca70c044221d7b66018889fb8b71c62efc954408","11052-a776c5e1e8cdf32bfefc8f2ecd72506663d5f180f15ecd5f665d1f23c3128cf8","root"
"BASIC CONSTRUCTION (4) - ADVANCE CONSTRUCTION","28.518","72.1","148.38","2.783","78.261","239.416","","2019-BASE_PROCUREMENT-2019-NAVY_SHIPBUILDINGANDCOVERSION-U_PROCUREMENT_JustificationBook_Navy_PB_2019.zzz_unzipped-U_PROCUREMENT_JustificationBook_Navy_PB_2019.xml","638baa1128e4028ef90837bc15eef93be42d7c0e1b8788e20de25562008d0736","6-c445f70cbdb4dc607ae79e3095349ac696fa592f3d1e7499bb1d53fc0a4b04da","11052-a776c5e1e8cdf32bfefc8f2ecd72506663d5f180f15ecd5f665d1f23c3128cf8","root"
"BASIC CONSTRUCTION (2) - SHIPBUILDER PROCURED LLTM","","405.133","460.471","","338.038","458.151","","2019-BASE_PROCUREMENT-2019-NAVY_SHIPBUILDINGANDCOVERSION-U_PROCUREMENT_JustificationBook_Navy_PB_2019.zzz_unzipped-U_PROCUREMENT_JustificationBook_Navy_PB_2019.xml","638baa1128e4028ef90837bc15eef93be42d7c0e1b8788e20de25562008d0736","7-66bf30dee74ddceb59d5e79826490d8661e62c5d222b0c42255edcea0a00172b","11052-a776c5e1e8cdf32bfefc8f2ecd72506663d5f180f15ecd5f665d1f23c3128cf8","root"
"ELECTRONICS (9)","","7.63","23.89","","","","","2019-BASE_PROCUREMENT-2019-NAVY_SHIPBUILDINGANDCOVERSION-U_PROCUREMENT_JustificationBook_Navy_PB_2019.zzz_unzipped-U_PROCUREMENT_JustificationBook_Navy_PB_2019.xml","638baa1128e4028ef90837bc15eef93be42d7c0e1b8788e20de25562008d0736","8-771c00c9a38b84ff5c0ba7195cb289a6d0951af443c0189e96a9207afff3f003","11052-a776c5e1e8cdf32bfefc8f2ecd72506663d5f180f15ecd5f665d1f23c3128cf8","root"
"Basic Construction/Conversion","72.088","72.006","71.315","71.171","72.604","74.107","60.48","2019-BASE_PROCUREMENT-2019-NAVY_SHIPBUILDINGANDCOVERSION-U_PROCUREMENT_JustificationBook_Navy_PB_2019.zzz_unzipped-U_PROCUREMENT_JustificationBook_Navy_PB_2019.xml","e5270008416af386e50aab32b42150c187045adf229e551f47c76e0a67907316","0-ce4f50b71eaecda00291eee3fcc6795126f2091d217752e0d412d9901d13f775","11055-5510281d6c2b8731e7da93019fb9c63a1509bec30124e91cf79ca4a4c6dacc9f","root"
"Electronics","2.98","3.04","3.101","3.163","3.226","3.291","4.399","2019-BASE_PROCUREMENT-2019-NAVY_SHIPBUILDINGANDCOVERSION-U_PROCUREMENT_JustificationBook_Navy_PB_2019.zzz_unzipped-U_PROCUREMENT_JustificationBook_Navy_PB_2019.xml","e5270008416af386e50aab32b42150c187045adf229e551f47c76e0a67907316","1-c2bfc8109eeac250bce7863ec1f5f8765e6d6f53b079509eb780ea9306256fc9","11055-5510281d6c2b8731e7da93019fb9c63a1509bec30124e91cf79ca4a4c6dacc9f","root"
"Hull, Mechanical, and Electrical (HM&E)","","","","","","","8.2","2019-BASE_PROCUREMENT-2019-NAVY_SHIPBUILDINGANDCOVERSION-U_PROCUREMENT_JustificationBook_Navy_PB_2019.zzz_unzipped-U_PROCUREMENT_JustificationBook_Navy_PB_2019.xml","e5270008416af386e50aab32b42150c187045adf229e551f47c76e0a67907316","2-7149cf8d4245d63ffcde820cccbca13c8a992f9d87e6511e68532d29ef464a2d","11055-5510281d6c2b8731e7da93019fb9c63a1509bec30124e91cf79ca4a4c6dacc9f","root"
"Advance Procurement","1920.596","1810.941","1887.588","1945.862","2140.779","2185.743","1852.234","2019-BASE_PROCUREMENT-2019-NAVY_SHIPBUILDINGANDCOVERSION-U_PROCUREMENT_JustificationBook_Navy_PB_2019.zzz_unzipped-U_PROCUREMENT_JustificationBook_Navy_PB_2019.xml","26f7a9377367f4833fc97e7a760e9a2cc6323946d5bc9215f0843a3a55340edc","0-35b1bdbed6a29821b03207b7ac0903a6ead7f4e08c59922fd38556bb0026dc53","11064-1793a54fec79ed46195b4e10671aea063e26e59a60a580561e7847eb1726a40c","root"
"Economic Order of Quantity","","985.46","881.964","427.42","","","","2019-BASE_PROCUREMENT-2019-NAVY_SHIPBUILDINGANDCOVERSION-U_PROCUREMENT_JustificationBook_Navy_PB_2019.zzz_unzipped-U_PROCUREMENT_JustificationBook_Navy_PB_2019.xml","26f7a9377367f4833fc97e7a760e9a2cc6323946d5bc9215f0843a3a55340edc","1-22dd88bc69ef0cf8586eb515b67d465047602853e0cdf531638002cb7a8c79f4","11064-1793a54fec79ed46195b4e10671aea063e26e59a60a580561e7847eb1726a40c","root"
"Advance Procurement","75.897","449.597","607.963","234.679","538.987","769.835","233.149","2019-BASE_PROCUREMENT-2019-NAVY_SHIPBUILDINGANDCOVERSION-U_PROCUREMENT_JustificationBook_Navy_PB_2019.zzz_unzipped-U_PROCUREMENT_JustificationBook_Navy_PB_2019.xml","3f04422267f18278d5d6f04f107d65e4403280e1024fb698d2f8e9e46d266e01","0-e1067294d73b48f20e23a0e9108cd21ac9553401e9cf9c57883e582f412d83be","11066-7837b9a6e310dc9042ac9d7d36de56154c8b55a74426688b32ae0c81789568fa","root"
"SHIP CONSTRUCTION EOQ","50.035","297.141","336.028","","","","","2019-BASE_PROCUREMENT-2019-NAVY_SHIPBUILDINGANDCOVERSION-U_PROCUREMENT_JustificationBook_Navy_PB_2019.zzz_unzipped-U_PROCUREMENT_JustificationBook_Navy_PB_2019.xml","a1a47c8635cef5e8f1226c963ba3faf740a9814b8e16b8e7235117ff98b853fd","0-1ead1a4a46780ffde63a8b35367bd81276075bfb2740985df608f462edac8881","11068-b6a0c5db2ff80021f6dae902a5efe81d5f5944ded4e9435b5902fd11d6e94d48","root"
"VLS Advanced Procurement","40.301","94.787","","","","","","2019-BASE_PROCUREMENT-2019-NAVY_SHIPBUILDINGANDCOVERSION-U_PROCUREMENT_JustificationBook_Navy_PB_2019.zzz_unzipped-U_PROCUREMENT_JustificationBook_Navy_PB_2019.xml","a1a47c8635cef5e8f1226c963ba3faf740a9814b8e16b8e7235117ff98b853fd","1-93c4577c67ed19276300eb8a980ea4e10106d83c2c3fdeb89b6abdf1c83e09a7","11068-b6a0c5db2ff80021f6dae902a5efe81d5f5944ded4e9435b5902fd11d6e94d48","root"
"PLANS (1)","727.798","685.6","613.424","","","","773.138","2019-BASE_PROCUREMENT-2019-NAVY_SHIPBUILDINGANDCOVERSION-U_PROCUREMENT_MasterJustificationBook_Navy_PB_2019.zzz_unzipped-U_PROCUREMENT_MasterJustificationBook_Navy_PB_2019.xml","9ed769213b8d8f13826d2c2f5687ae901a9a0b5ad31f556f9d940d6ef290035b","0-80c167856aa4b6186bc35b3a34dda6242e583f3fe829fef0dc547585472df5ee","11073-f1ce39b7856ff8b9cd3868a7b4950dc2e3b24bc1432b9d2cc08d3c73ee981d3b","root"
"BASIC CONSTRUCTION (3) - MISSILE TUBE CONTINUOUS PRODUCTION","59.537","59.671","85.646","86.288","147.921","112.663","","2019-BASE_PROCUREMENT-2019-NAVY_SHIPBUILDINGANDCOVERSION-U_PROCUREMENT_MasterJustificationBook_Navy_PB_2019.zzz_unzipped-U_PROCUREMENT_MasterJustificationBook_Navy_PB_2019.xml","9ed769213b8d8f13826d2c2f5687ae901a9a0b5ad31f556f9d940d6ef290035b","1-71fe995209e80cdb23624daea71d8bf116a59a8a60e66f01f235b283afcf46ce","11073-f1ce39b7856ff8b9cd3868a7b4950dc2e3b24bc1432b9d2cc08d3c73ee981d3b","root"
"HM&E (6)","","26","41.948","","","51.919","","2019-BASE_PROCUREMENT-2019-NAVY_SHIPBUILDINGANDCOVERSION-U_PROCUREMENT_MasterJustificationBook_Navy_PB_2019.zzz_unzipped-U_PROCUREMENT_MasterJustificationBook_Navy_PB_2019.xml","9ed769213b8d8f13826d2c2f5687ae901a9a0b5ad31f556f9d940d6ef290035b","2-22347ff048d01913aa6cbc16d93c2af15af8ea3613b7b73b13f32f137b27655f","11073-f1ce39b7856ff8b9cd3868a7b4950dc2e3b24bc1432b9d2cc08d3c73ee981d3b","root"
"ORDNANCE (7)","","48.3","79.4","","20.623","44.708","","2019-BASE_PROCUREMENT-2019-NAVY_SHIPBUILDINGANDCOVERSION-U_PROCUREMENT_MasterJustificationBook_Navy_PB_2019.zzz_unzipped-U_PROCUREMENT_MasterJustificationBook_Navy_PB_2019.xml","9ed769213b8d8f13826d2c2f5687ae901a9a0b5ad31f556f9d940d6ef290035b","3-03165a4e1643d3551197b33cc2a20c702a8434c7b4d3580b7b3678d11e417609","11073-f1ce39b7856ff8b9cd3868a7b4950dc2e3b24bc1432b9d2cc08d3c73ee981d3b","root"
"NUCLEAR PROPULSION PLANT EQUIPMENT (5)","","1700.896","","952.737","661.262","918.373","","2019-BASE_PROCUREMENT-2019-NAVY_SHIPBUILDINGANDCOVERSION-U_PROCUREMENT_MasterJustificationBook_Navy_PB_2019.zzz_unzipped-U_PROCUREMENT_MasterJustificationBook_Navy_PB_2019.xml","9ed769213b8d8f13826d2c2f5687ae901a9a0b5ad31f556f9d940d6ef290035b","4-46e80e24a88c7b1d35b46d8ec8a17301bee1458615fbf304ed31fc3b47f8d93c","11073-f1ce39b7856ff8b9cd3868a7b4950dc2e3b24bc1432b9d2cc08d3c73ee981d3b","root"
"NFPC EXTERNAL POWER UPGRADE (8)","27","","","","","","","2019-BASE_PROCUREMENT-2019-NAVY_SHIPBUILDINGANDCOVERSION-U_PROCUREMENT_MasterJustificationBook_Navy_PB_2019.zzz_unzipped-U_PROCUREMENT_MasterJustificationBook_Navy_PB_2019.xml","9ed769213b8d8f13826d2c2f5687ae901a9a0b5ad31f556f9d940d6ef290035b","5-6c3ed1d0cfdc1ad0a078d480f0315a958e5dd15c5ac5bf0ceabbde8c8c4cba15","11073-f1ce39b7856ff8b9cd3868a7b4950dc2e3b24bc1432b9d2cc08d3c73ee981d3b","root"
"BASIC CONSTRUCTION (4) - ADVANCE CONSTRUCTION","28.518","72.1","148.38","2.783","78.261","239.416","","2019-BASE_PROCUREMENT-2019-NAVY_SHIPBUILDINGANDCOVERSION-U_PROCUREMENT_MasterJustificationBook_Navy_PB_2019.zzz_unzipped-U_PROCUREMENT_MasterJustificationBook_Navy_PB_2019.xml","9ed769213b8d8f13826d2c2f5687ae901a9a0b5ad31f556f9d940d6ef290035b","6-33c9aeaeaf4339bdd990bc59435f4847738cf84310cdf701c5df7aa11615dc26","11073-f1ce39b7856ff8b9cd3868a7b4950dc2e3b24bc1432b9d2cc08d3c73ee981d3b","root"
"BASIC CONSTRUCTION (2) - SHIPBUILDER PROCURED LLTM","","405.133","460.471","","338.038","458.151","","2019-BASE_PROCUREMENT-2019-NAVY_SHIPBUILDINGANDCOVERSION-U_PROCUREMENT_MasterJustificationBook_Navy_PB_2019.zzz_unzipped-U_PROCUREMENT_MasterJustificationBook_Navy_PB_2019.xml","9ed769213b8d8f13826d2c2f5687ae901a9a0b5ad31f556f9d940d6ef290035b","7-cc5615e4eb942048ae8167c5d2591334cdce8121c9e47365a4c0606f26cd8fd1","11073-f1ce39b7856ff8b9cd3868a7b4950dc2e3b24bc1432b9d2cc08d3c73ee981d3b","root"
"ELECTRONICS (9)","","7.63","23.89","","","","","2019-BASE_PROCUREMENT-2019-NAVY_SHIPBUILDINGANDCOVERSION-U_PROCUREMENT_MasterJustificationBook_Navy_PB_2019.zzz_unzipped-U_PROCUREMENT_MasterJustificationBook_Navy_PB_2019.xml","9ed769213b8d8f13826d2c2f5687ae901a9a0b5ad31f556f9d940d6ef290035b","8-db36ec8e715fa839ad64e8af71a153b490e274978de3d7074cbfe82542c494a7","11073-f1ce39b7856ff8b9cd3868a7b4950dc2e3b24bc1432b9d2cc08d3c73ee981d3b","root"
"Basic Construction/Conversion","72.088","72.006","71.315","71.171","72.604","74.107","60.48","2019-BASE_PROCUREMENT-2019-NAVY_SHIPBUILDINGANDCOVERSION-U_PROCUREMENT_MasterJustificationBook_Navy_PB_2019.zzz_unzipped-U_PROCUREMENT_MasterJustificationBook_Navy_PB_2019.xml","6c06f09483d2a1c02376f04eacf257fcfd542e51c185b032da7658c61893735d","0-24bc8ebac5ed6a6af888981a8ef1619988cf45be1ae63bb12a92cbff683de10a","11076-9cef01bc723a677861937280fa9b04603ac1064af90cb415b3c6faa7379e1eec","root"
"Electronics","2.98","3.04","3.101","3.163","3.226","3.291","4.399","2019-BASE_PROCUREMENT-2019-NAVY_SHIPBUILDINGANDCOVERSION-U_PROCUREMENT_MasterJustificationBook_Navy_PB_2019.zzz_unzipped-U_PROCUREMENT_MasterJustificationBook_Navy_PB_2019.xml","6c06f09483d2a1c02376f04eacf257fcfd542e51c185b032da7658c61893735d","1-1245b8250f2249636b84aee203e66529ed855b05004248a6c5925d9966e1cf1f","11076-9cef01bc723a677861937280fa9b04603ac1064af90cb415b3c6faa7379e1eec","root"
"Hull, Mechanical, and Electrical (HM&E)","","","","","","","8.2","2019-BASE_PROCUREMENT-2019-NAVY_SHIPBUILDINGANDCOVERSION-U_PROCUREMENT_MasterJustificationBook_Navy_PB_2019.zzz_unzipped-U_PROCUREMENT_MasterJustificationBook_Navy_PB_2019.xml","6c06f09483d2a1c02376f04eacf257fcfd542e51c185b032da7658c61893735d","2-5cc65bc1ba4fc2f5870ae8ba95bb5dd3f8dc79e76d38781245bb1f76dc64aa34","11076-9cef01bc723a677861937280fa9b04603ac1064af90cb415b3c6faa7379e1eec","root"
"Advance Procurement","1920.596","1810.941","1887.588","1945.862","2140.779","2185.743","1852.234","2019-BASE_PROCUREMENT-2019-NAVY_SHIPBUILDINGANDCOVERSION-U_PROCUREMENT_MasterJustificationBook_Navy_PB_2019.zzz_unzipped-U_PROCUREMENT_MasterJustificationBook_Navy_PB_2019.xml","cbe29039c7026c484c7be93d8dffc73f479957edddb0229a6b7ae1188f188bcd","0-655857de4a9c0d43684c6ebc262052e12269f913af62bbab3f6d20c2e69eb0ca","11085-347655e861f33f8f925febcdb4ec87ae329ac739447cdf4ada63c85cf65560c1","root"
"Economic Order of Quantity","","985.46","881.964","427.42","","","","2019-BASE_PROCUREMENT-2019-NAVY_SHIPBUILDINGANDCOVERSION-U_PROCUREMENT_MasterJustificationBook_Navy_PB_2019.zzz_unzipped-U_PROCUREMENT_MasterJustificationBook_Navy_PB_2019.xml","cbe29039c7026c484c7be93d8dffc73f479957edddb0229a6b7ae1188f188bcd","1-dd1be2ae5bf797f36e9690857dbd1f7dcaa6e50420d32ac42c8a6a233fbcc759","11085-347655e861f33f8f925febcdb4ec87ae329ac739447cdf4ada63c85cf65560c1","root"
"Advance Procurement","75.897","449.597","607.963","234.679","538.987","769.835","233.149","2019-BASE_PROCUREMENT-2019-NAVY_SHIPBUILDINGANDCOVERSION-U_PROCUREMENT_MasterJustificationBook_Navy_PB_2019.zzz_unzipped-U_PROCUREMENT_MasterJustificationBook_Navy_PB_2019.xml","8e712934068abd23958514556a25c137e290832dbeb92748a5baadb930834b13","0-76365395971b64341da7d8edfb2905734037887f902740961578a2a5b57a7a05","11087-31d6f45e0600c38bf0d76ac2805697542475f6fe3e2273295c22944095898902","root"
"SHIP CONSTRUCTION EOQ","50.035","297.141","336.028","","","","","2019-BASE_PROCUREMENT-2019-NAVY_SHIPBUILDINGANDCOVERSION-U_PROCUREMENT_MasterJustificationBook_Navy_PB_2019.zzz_unzipped-U_PROCUREMENT_MasterJustificationBook_Navy_PB_2019.xml","7ccb09e5aa0dcd2ff656bb6257f40762290470295a3462fc198202ddc187b82f","0-8ab383434d14c60ef166a72866c19862fcbe390eb2fc3680ba9b93043ac190eb","11089-836c4e0790f9534dad39d37158de9f8beb4638a01c45c59cf317235b7ad29b11","root"
"VLS Advanced Procurement","40.301","94.787","","","","","","2019-BASE_PROCUREMENT-2019-NAVY_SHIPBUILDINGANDCOVERSION-U_PROCUREMENT_MasterJustificationBook_Navy_PB_2019.zzz_unzipped-U_PROCUREMENT_MasterJustificationBook_Navy_PB_2019.xml","7ccb09e5aa0dcd2ff656bb6257f40762290470295a3462fc198202ddc187b82f","1-c22d0b7154787568096d7d656ebc7a244fe53738d680d5c6e7a096475555acc6","11089-836c4e0790f9534dad39d37158de9f8beb4638a01c45c59cf317235b7ad29b11","root"
"PLANS","755.97","745.589","","","","","741.424","2020-BASE_PROCUREMENT-2020-NAVY_SHIPBUILDINGANDCOVERSION-U_PROCUREMENT_JustificationBook_Navy_PB_2020.zzz_unzipped-U_PROCUREMENT_JustificationBook_Navy_PB_2020.xml","ef167a7d42cc7655f3ac993a9f635436384c328054c04b938ddb115e24f54e0d","0-af207caec1faf8f33c7c8e0f382ee19748e54f3ac39f6948709fb123ef59ed9e","12612-002f5f993bf3b347285e5b8b4d629841835761b41fe1fe75d856bf92650019e4","root"
"BASIC CONSTRUCTION (3) - SHIPBUILDER PROCURED LLTM","405.133","460.471","","184.262","365.66","311.155","","2020-BASE_PROCUREMENT-2020-NAVY_SHIPBUILDINGANDCOVERSION-U_PROCUREMENT_JustificationBook_Navy_PB_2020.zzz_unzipped-U_PROCUREMENT_JustificationBook_Navy_PB_2020.xml","ef167a7d42cc7655f3ac993a9f635436384c328054c04b938ddb115e24f54e0d","1-53b9d3b35d8aa4330cd6e21c42803a999983c37b1fca7c759ea6ed554b4d0ce0","12612-002f5f993bf3b347285e5b8b4d629841835761b41fe1fe75d856bf92650019e4","root"
"BASIC CONSTRUCTION (4) - MISSILE TUBE CONTINUOUS PRODUCTION","59.671","85.646","86.288","147.921","112.201","94.187","59.537","2020-BASE_PROCUREMENT-2020-NAVY_SHIPBUILDINGANDCOVERSION-U_PROCUREMENT_JustificationBook_Navy_PB_2020.zzz_unzipped-U_PROCUREMENT_JustificationBook_Navy_PB_2020.xml","ef167a7d42cc7655f3ac993a9f635436384c328054c04b938ddb115e24f54e0d","2-f20035a727983e22164aa4f9eed915d1e9fefe3e29ff06048820aa618accd6c5","12612-002f5f993bf3b347285e5b8b4d629841835761b41fe1fe75d856bf92650019e4","root"
"BASIC CONSTRUCTION (5) - ADVANCE CONSTRUCTION","72.1","148.38","2.783","78.26","239.301","91.552","28.518","2020-BASE_PROCUREMENT-2020-NAVY_SHIPBUILDINGANDCOVERSION-U_PROCUREMENT_JustificationBook_Navy_PB_2020.zzz_unzipped-U_PROCUREMENT_JustificationBook_Navy_PB_2020.xml","ef167a7d42cc7655f3ac993a9f635436384c328054c04b938ddb115e24f54e0d","3-09fa42aa9da4d77f84640e5eec944248f546473ec839a09daf8ffbf66a1a56c8","12612-002f5f993bf3b347285e5b8b4d629841835761b41fe1fe75d856bf92650019e4","root"
"BASIC CONSTRUCTION (6) - EOQ IN SUPPORT OF MULTI-PROGRAM PROCUREMENT","95.88","75.343","12.299","12.198","11.898","13.998","","2020-BASE_PROCUREMENT-2020-NAVY_SHIPBUILDINGANDCOVERSION-U_PROCUREMENT_JustificationBook_Navy_PB_2020.zzz_unzipped-U_PROCUREMENT_JustificationBook_Navy_PB_2020.xml","ef167a7d42cc7655f3ac993a9f635436384c328054c04b938ddb115e24f54e0d","4-bb17f28ddcf025c97d9c3cc42b4f768991f63f8ccdc299cfb9721491d865eeb9","12612-002f5f993bf3b347285e5b8b4d629841835761b41fe1fe75d856bf92650019e4","root"
"BASIC CONSTRUCTION (7) - SHIPYARD MANUFACTURED ITEMS CONTINUOUS PRODUCTION","1.82","6.788","14.922","25.929","31.745","31.607","","2020-BASE_PROCUREMENT-2020-NAVY_SHIPBUILDINGANDCOVERSION-U_PROCUREMENT_JustificationBook_Navy_PB_2020.zzz_unzipped-U_PROCUREMENT_JustificationBook_Navy_PB_2020.xml","ef167a7d42cc7655f3ac993a9f635436384c328054c04b938ddb115e24f54e0d","5-c92f75766aca2459bbdeba1747c3538a76e49c0c89f9dddc2d9ee519b5eef240","12612-002f5f993bf3b347285e5b8b4d629841835761b41fe1fe75d856bf92650019e4","root"
"NUCLEAR PROPULSION PLANT EQUIPMENT (8)","1700.896","","952.737","661.262","918.373","1535.627","","2020-BASE_PROCUREMENT-2020-NAVY_SHIPBUILDINGANDCOVERSION-U_PROCUREMENT_JustificationBook_Navy_PB_2020.zzz_unzipped-U_PROCUREMENT_JustificationBook_Navy_PB_2020.xml","ef167a7d42cc7655f3ac993a9f635436384c328054c04b938ddb115e24f54e0d","6-a8f6f24510b1b017a468050b0958680df628dd98adb1a34f84258f5dfd6daf93","12612-002f5f993bf3b347285e5b8b4d629841835761b41fe1fe75d856bf92650019e4","root"
"HM&E (9)","26","41.948","","","51.919","","","2020-BASE_PROCUREMENT-2020-NAVY_SHIPBUILDINGANDCOVERSION-U_PROCUREMENT_JustificationBook_Navy_PB_2020.zzz_unzipped-U_PROCUREMENT_JustificationBook_Navy_PB_2020.xml","ef167a7d42cc7655f3ac993a9f635436384c328054c04b938ddb115e24f54e0d","7-bd97a9f9d4df4253342175243d8832401ca845df40a8587b8cf483f401ec3f1c","12612-002f5f993bf3b347285e5b8b4d629841835761b41fe1fe75d856bf92650019e4","root"
"ORDNANCE SWS SHIPBOARD SYSTEMS (10) - LLTM","48.3","90.02","1.912","20.623","55.707","3.785","","2020-BASE_PROCUREMENT-2020-NAVY_SHIPBUILDINGANDCOVERSION-U_PROCUREMENT_JustificationBook_Navy_PB_2020.zzz_unzipped-U_PROCUREMENT_JustificationBook_Navy_PB_2020.xml","ef167a7d42cc7655f3ac993a9f635436384c328054c04b938ddb115e24f54e0d","8-77268ec54b7bd671647991cde298796a09bf99c2ce5ff5e44028404e23b863d7","12612-002f5f993bf3b347285e5b8b4d629841835761b41fe1fe75d856bf92650019e4","root"
"ORDNANCE SWS SHIPBOARD SYSTEMS (11) - ECONOMIC ORDER QUANTITY","","3.45","0.022","1.551","0.575","0.22","","2020-BASE_PROCUREMENT-2020-NAVY_SHIPBUILDINGANDCOVERSION-U_PROCUREMENT_JustificationBook_Navy_PB_2020.zzz_unzipped-U_PROCUREMENT_JustificationBook_Navy_PB_2020.xml","ef167a7d42cc7655f3ac993a9f635436384c328054c04b938ddb115e24f54e0d","9-ba01fc2c16c07a897626debcd70de32293f11892c9de236bd9ba028ffd8081eb","12612-002f5f993bf3b347285e5b8b4d629841835761b41fe1fe75d856bf92650019e4","root"
"ORDNANCE SWS SHIPBOARD SYSTEMS (12) - CONTINUOUS PRODUCTION","","","3.842","4.478","7.082","10.175","","2020-BASE_PROCUREMENT-2020-NAVY_SHIPBUILDINGANDCOVERSION-U_PROCUREMENT_JustificationBook_Navy_PB_2020.zzz_unzipped-U_PROCUREMENT_JustificationBook_Navy_PB_2020.xml","ef167a7d42cc7655f3ac993a9f635436384c328054c04b938ddb115e24f54e0d","10-ab93d62b03f5145574ccb3dc15085caed8cd6f3f248cf76d8d26ee43fa86cc9b","12612-002f5f993bf3b347285e5b8b4d629841835761b41fe1fe75d856bf92650019e4","root"
"NFPC EXTERNAL POWER UPGRADE (13)","","","","","","","32.374","2020-BASE_PROCUREMENT-2020-NAVY_SHIPBUILDINGANDCOVERSION-U_PROCUREMENT_JustificationBook_Navy_PB_2020.zzz_unzipped-U_PROCUREMENT_JustificationBook_Navy_PB_2020.xml","ef167a7d42cc7655f3ac993a9f635436384c328054c04b938ddb115e24f54e0d","11-91ecd5a091c6102b15a88bd0377bfea082b34aebc2659338c362f2ad8f90ec6b","12612-002f5f993bf3b347285e5b8b4d629841835761b41fe1fe75d856bf92650019e4","root"
"ELECTRONICS (14)","7.63","41.272","","","","","","2020-BASE_PROCUREMENT-2020-NAVY_SHIPBUILDINGANDCOVERSION-U_PROCUREMENT_JustificationBook_Navy_PB_2020.zzz_unzipped-U_PROCUREMENT_JustificationBook_Navy_PB_2020.xml","ef167a7d42cc7655f3ac993a9f635436384c328054c04b938ddb115e24f54e0d","12-cc7dc437b418d4b7b57121d81dc47afe95abb55129c866de3ab618fb940edf2a","12612-002f5f993bf3b347285e5b8b4d629841835761b41fe1fe75d856bf92650019e4","root"
"CFE","350","","","","170.602","","","2020-BASE_PROCUREMENT-2020-NAVY_SHIPBUILDINGANDCOVERSION-U_PROCUREMENT_JustificationBook_Navy_PB_2020.zzz_unzipped-U_PROCUREMENT_JustificationBook_Navy_PB_2020.xml","a30fb163f04d29291638d311bbf03be8dc48823cfa05a2f328112ff44f545d50","0-df210138f48d8c57e727dd4a9a413e28c70704a174eec058241962e5ebe5b15f","12614-a4d61d0802ee2207836eb8979a44ab9157470af84899c861a3e3ef34ba0ef4fe","root"
"Basic Construction/Conversion","73","73","73","74","75.5","77","73","2020-BASE_PROCUREMENT-2020-NAVY_SHIPBUILDINGANDCOVERSION-U_PROCUREMENT_JustificationBook_Navy_PB_2020.zzz_unzipped-U_PROCUREMENT_JustificationBook_Navy_PB_2020.xml","d424f8f8debac747eb01eb019a6c3d773c2e716c4794c090aff1eab5f46f120e","0-f4fda4a2c1e4366152c13aa60297d8d4d3f2fa9a06519d582a4bb979141ad8db","12617-0237144d46f0bef1ec19823daca12f9695c0adb1f2390d4fbb7315890c95460c","root"
"Hull, Mechanical, and Electrical (HM&E)","","","","","","","","2020-BASE_PROCUREMENT-2020-NAVY_SHIPBUILDINGANDCOVERSION-U_PROCUREMENT_JustificationBook_Navy_PB_2020.zzz_unzipped-U_PROCUREMENT_JustificationBook_Navy_PB_2020.xml","d424f8f8debac747eb01eb019a6c3d773c2e716c4794c090aff1eab5f46f120e","1-30643286bb5f78bd52c20e33ca88e4ffb6e8bdc0351f488fb20c229db8a0c4ee","12617-0237144d46f0bef1ec19823daca12f9695c0adb1f2390d4fbb7315890c95460c","root"
"Electronics","2.046","","","","","","2.068","2020-BASE_PROCUREMENT-2020-NAVY_SHIPBUILDINGANDCOVERSION-U_PROCUREMENT_JustificationBook_Navy_PB_2020.zzz_unzipped-U_PROCUREMENT_JustificationBook_Navy_PB_2020.xml","d424f8f8debac747eb01eb019a6c3d773c2e716c4794c090aff1eab5f46f120e","2-05383604e44d8856a9ec90f8cc17677596b69b15d6356638b3f6ecd07f771517","12617-0237144d46f0bef1ec19823daca12f9695c0adb1f2390d4fbb7315890c95460c","root"
"Advance Procurement","1810.941","1887.588","1945.862","2140.779","2185.743","2021.506","1920.596","2020-BASE_PROCUREMENT-2020-NAVY_SHIPBUILDINGANDCOVERSION-U_PROCUREMENT_JustificationBook_Navy_PB_2020.zzz_unzipped-U_PROCUREMENT_JustificationBook_Navy_PB_2020.xml","cc662e74a7de7213dcbbea2bd4856f29d0eced5cfd2f89546251c34f13f65079","0-1b56d7743f2952f7d57ebebaa328d67c5921930d050f3e982dbf7a8b54f08d7e","12624-2d04e3f2c0d5f421daa37db9675218473b7dc49e0f7be4970aa4b86c87745bac","root"
"Economic Order of Quantity","985.46","881.964","427.42","","","544.014","225","2020-BASE_PROCUREMENT-2020-NAVY_SHIPBUILDINGANDCOVERSION-U_PROCUREMENT_JustificationBook_Navy_PB_2020.zzz_unzipped-U_PROCUREMENT_JustificationBook_Navy_PB_2020.xml","cc662e74a7de7213dcbbea2bd4856f29d0eced5cfd2f89546251c34f13f65079","1-afdacd03d356e904dfe5f00528c9d2b97ba210db27841595a940081cf8b05f22","12624-2d04e3f2c0d5f421daa37db9675218473b7dc49e0f7be4970aa4b86c87745bac","root"
"SHIP CONSTRUCTION EOQ","547.141","224.028","","","372.4","210","50.035","2020-BASE_PROCUREMENT-2020-NAVY_SHIPBUILDINGANDCOVERSION-U_PROCUREMENT_JustificationBook_Navy_PB_2020.zzz_unzipped-U_PROCUREMENT_JustificationBook_Navy_PB_2020.xml","f88449ebd51dedd31a2638fdba5e14252aa210ecf7ac5ea8d1c24b9a55389b12","0-fb4f22c14cd5768ac7ea7a3473a2031c7d3b26cc8c67344abb9e31ebfb0b860e","12631-80ef3dd9bc28556129da10b16e57ba772ef8c010d6125b6566b9f66702d5454d","root"
"VLS Advanced Procurement","94.787","","","","112","","40.301","2020-BASE_PROCUREMENT-2020-NAVY_SHIPBUILDINGANDCOVERSION-U_PROCUREMENT_JustificationBook_Navy_PB_2020.zzz_unzipped-U_PROCUREMENT_JustificationBook_Navy_PB_2020.xml","f88449ebd51dedd31a2638fdba5e14252aa210ecf7ac5ea8d1c24b9a55389b12","1-ac587b51e5d9d262fea505aaa192b6a30881bb26f1ea041a41b1aa9bcef73a2e","12631-80ef3dd9bc28556129da10b16e57ba772ef8c010d6125b6566b9f66702d5454d","root"
"LPD AP","350","","","","","","","2020-BASE_PROCUREMENT-2020-NAVY_SHIPBUILDINGANDCOVERSION-U_PROCUREMENT_JustificationBook_Navy_PB_2020.zzz_unzipped-U_PROCUREMENT_JustificationBook_Navy_PB_2020.xml","9c168386c667ef3d36f81563d2d4cc8667e0a613f9f857e619b298d98031ffd5","0-e4b12c01fbf0598092b89be8eccc36feb066bbd51cfb7812ffee43dcc7b81c15","12634-63e4f732c4ea32fb07c2dfef9565cb532132eda28b681cb9db8303a0b1fcf281","root"
"LPD 31","","247.1","","","","","","2020-BASE_PROCUREMENT-2020-NAVY_SHIPBUILDINGANDCOVERSION-U_PROCUREMENT_JustificationBook_Navy_PB_2020.zzz_unzipped-U_PROCUREMENT_JustificationBook_Navy_PB_2020.xml","9c168386c667ef3d36f81563d2d4cc8667e0a613f9f857e619b298d98031ffd5","1-b830af4aec0e5e6b56266a049373f72584592b6f0d7b76280556aa646a6153ce","12634-63e4f732c4ea32fb07c2dfef9565cb532132eda28b681cb9db8303a0b1fcf281","root"
"PLANS","755.97","745.589","","","","","741.424","2020-BASE_PROCUREMENT-2020-NAVY_SHIPBUILDINGANDCOVERSION-U_PROCUREMENT_MasterJustificationBook_Navy_PB_2020.zzz_unzipped-U_PROCUREMENT_MasterJustificationBook_Navy_PB_2020.xml","932fdce825504fa911ecd35304bff2100a65b22e6750204204e9dcdd4121ea6f","0-1dd5a2dc9eacbe868f49590ae73aa4a886df6698208aeca4467064961e4608b8","12636-caca057fcc59e180222146cfba1b7a6d1afb881a7cd31193e008561dd99828b2","root"
"BASIC CONSTRUCTION (3) - SHIPBUILDER PROCURED LLTM","405.133","460.471","","184.262","365.66","311.155","","2020-BASE_PROCUREMENT-2020-NAVY_SHIPBUILDINGANDCOVERSION-U_PROCUREMENT_MasterJustificationBook_Navy_PB_2020.zzz_unzipped-U_PROCUREMENT_MasterJustificationBook_Navy_PB_2020.xml","932fdce825504fa911ecd35304bff2100a65b22e6750204204e9dcdd4121ea6f","1-521bbc5257d532f7757ae4d940c22087893966ce1fa6297a5675e1e8a58fe810","12636-caca057fcc59e180222146cfba1b7a6d1afb881a7cd31193e008561dd99828b2","root"
"BASIC CONSTRUCTION (4) - MISSILE TUBE CONTINUOUS PRODUCTION","59.671","85.646","86.288","147.921","112.201","94.187","59.537","2020-BASE_PROCUREMENT-2020-NAVY_SHIPBUILDINGANDCOVERSION-U_PROCUREMENT_MasterJustificationBook_Navy_PB_2020.zzz_unzipped-U_PROCUREMENT_MasterJustificationBook_Navy_PB_2020.xml","932fdce825504fa911ecd35304bff2100a65b22e6750204204e9dcdd4121ea6f","2-0bb8f3f43f614603c14910e202ab9375b1c9c8c0439c1948be78d1f6577be4d6","12636-caca057fcc59e180222146cfba1b7a6d1afb881a7cd31193e008561dd99828b2","root"
"BASIC CONSTRUCTION (5) - ADVANCE CONSTRUCTION","72.1","148.38","2.783","78.26","239.301","91.552","28.518","2020-BASE_PROCUREMENT-2020-NAVY_SHIPBUILDINGANDCOVERSION-U_PROCUREMENT_MasterJustificationBook_Navy_PB_2020.zzz_unzipped-U_PROCUREMENT_MasterJustificationBook_Navy_PB_2020.xml","932fdce825504fa911ecd35304bff2100a65b22e6750204204e9dcdd4121ea6f","3-f9b3a8562aedd5354d94e9ca882af583069cb1b08b428a4e7ed0da6da7e406be","12636-caca057fcc59e180222146cfba1b7a6d1afb881a7cd31193e008561dd99828b2","root"
"BASIC CONSTRUCTION (6) - EOQ IN SUPPORT OF MULTI-PROGRAM PROCUREMENT","95.88","75.343","12.299","12.198","11.898","13.998","","2020-BASE_PROCUREMENT-2020-NAVY_SHIPBUILDINGANDCOVERSION-U_PROCUREMENT_MasterJustificationBook_Navy_PB_2020.zzz_unzipped-U_PROCUREMENT_MasterJustificationBook_Navy_PB_2020.xml","932fdce825504fa911ecd35304bff2100a65b22e6750204204e9dcdd4121ea6f","4-33761d44299af5c9256cb9dd5f92cb0dd5dc036887d4fe19414b630f1d342f44","12636-caca057fcc59e180222146cfba1b7a6d1afb881a7cd31193e008561dd99828b2","root"
"BASIC CONSTRUCTION (7) - SHIPYARD MANUFACTURED ITEMS CONTINUOUS PRODUCTION","1.82","6.788","14.922","25.929","31.745","31.607","","2020-BASE_PROCUREMENT-2020-NAVY_SHIPBUILDINGANDCOVERSION-U_PROCUREMENT_MasterJustificationBook_Navy_PB_2020.zzz_unzipped-U_PROCUREMENT_MasterJustificationBook_Navy_PB_2020.xml","932fdce825504fa911ecd35304bff2100a65b22e6750204204e9dcdd4121ea6f","5-41e98228a5bd2977b33de73eeb6cea29c9b743acc9e3c1a4023279e172718d9d","12636-caca057fcc59e180222146cfba1b7a6d1afb881a7cd31193e008561dd99828b2","root"
"NUCLEAR PROPULSION PLANT EQUIPMENT (8)","1700.896","","952.737","661.262","918.373","1535.627","","2020-BASE_PROCUREMENT-2020-NAVY_SHIPBUILDINGANDCOVERSION-U_PROCUREMENT_MasterJustificationBook_Navy_PB_2020.zzz_unzipped-U_PROCUREMENT_MasterJustificationBook_Navy_PB_2020.xml","932fdce825504fa911ecd35304bff2100a65b22e6750204204e9dcdd4121ea6f","6-3c9d72e839b025cc7b4d88e0976818a40d0fb8dd0fc2dd6dd8f14cbce3698785","12636-caca057fcc59e180222146cfba1b7a6d1afb881a7cd31193e008561dd99828b2","root"
"HM&E (9)","26","41.948","","","51.919","","","2020-BASE_PROCUREMENT-2020-NAVY_SHIPBUILDINGANDCOVERSION-U_PROCUREMENT_MasterJustificationBook_Navy_PB_2020.zzz_unzipped-U_PROCUREMENT_MasterJustificationBook_Navy_PB_2020.xml","932fdce825504fa911ecd35304bff2100a65b22e6750204204e9dcdd4121ea6f","7-747bd767eef6b27ae92e7632389a72b793d4fa85f6629861b9854f205a81469d","12636-caca057fcc59e180222146cfba1b7a6d1afb881a7cd31193e008561dd99828b2","root"
"ORDNANCE SWS SHIPBOARD SYSTEMS (10) - LLTM","48.3","90.02","1.912","20.623","55.707","3.785","","2020-BASE_PROCUREMENT-2020-NAVY_SHIPBUILDINGANDCOVERSION-U_PROCUREMENT_MasterJustificationBook_Navy_PB_2020.zzz_unzipped-U_PROCUREMENT_MasterJustificationBook_Navy_PB_2020.xml","932fdce825504fa911ecd35304bff2100a65b22e6750204204e9dcdd4121ea6f","8-76705a2c0db422a5bbbda5221646d016c0c8b300eb8f0b02793adabbd006a776","12636-caca057fcc59e180222146cfba1b7a6d1afb881a7cd31193e008561dd99828b2","root"
"ORDNANCE SWS SHIPBOARD SYSTEMS (11) - ECONOMIC ORDER QUANTITY","","3.45","0.022","1.551","0.575","0.22","","2020-BASE_PROCUREMENT-2020-NAVY_SHIPBUILDINGANDCOVERSION-U_PROCUREMENT_MasterJustificationBook_Navy_PB_2020.zzz_unzipped-U_PROCUREMENT_MasterJustificationBook_Navy_PB_2020.xml","932fdce825504fa911ecd35304bff2100a65b22e6750204204e9dcdd4121ea6f","9-728200dad3586fff384e30dfe06d8236ab742778fd35f2f8e1996667819aa90d","12636-caca057fcc59e180222146cfba1b7a6d1afb881a7cd31193e008561dd99828b2","root"
"ORDNANCE SWS SHIPBOARD SYSTEMS (12) - CONTINUOUS PRODUCTION","","","3.842","4.478","7.082","10.175","","2020-BASE_PROCUREMENT-2020-NAVY_SHIPBUILDINGANDCOVERSION-U_PROCUREMENT_MasterJustificationBook_Navy_PB_2020.zzz_unzipped-U_PROCUREMENT_MasterJustificationBook_Navy_PB_2020.xml","932fdce825504fa911ecd35304bff2100a65b22e6750204204e9dcdd4121ea6f","10-55463b6e58a7ac3d11c43f54deeeea2ba74844c3aa331cb7b980197359ec20e6","12636-caca057fcc59e180222146cfba1b7a6d1afb881a7cd31193e008561dd99828b2","root"
"NFPC EXTERNAL POWER UPGRADE (13)","","","","","","","32.374","2020-BASE_PROCUREMENT-2020-NAVY_SHIPBUILDINGANDCOVERSION-U_PROCUREMENT_MasterJustificationBook_Navy_PB_2020.zzz_unzipped-U_PROCUREMENT_MasterJustificationBook_Navy_PB_2020.xml","932fdce825504fa911ecd35304bff2100a65b22e6750204204e9dcdd4121ea6f","11-4601db49b77c7dad8e42c90b68a8e0d5bbb33a9b62e3833cf5453c147203ccc3","12636-caca057fcc59e180222146cfba1b7a6d1afb881a7cd31193e008561dd99828b2","root"
"ELECTRONICS (14)","7.63","41.272","","","","","","2020-BASE_PROCUREMENT-2020-NAVY_SHIPBUILDINGANDCOVERSION-U_PROCUREMENT_MasterJustificationBook_Navy_PB_2020.zzz_unzipped-U_PROCUREMENT_MasterJustificationBook_Navy_PB_2020.xml","932fdce825504fa911ecd35304bff2100a65b22e6750204204e9dcdd4121ea6f","12-157c0a4d5022739b24319d73e4be6a29b2434f67333e7836e8ed9ab6d859874c","12636-caca057fcc59e180222146cfba1b7a6d1afb881a7cd31193e008561dd99828b2","root"
"CFE","350","","","","170.602","","","2020-BASE_PROCUREMENT-2020-NAVY_SHIPBUILDINGANDCOVERSION-U_PROCUREMENT_MasterJustificationBook_Navy_PB_2020.zzz_unzipped-U_PROCUREMENT_MasterJustificationBook_Navy_PB_2020.xml","1bf2304bf6786187c63030b5e02bf99a3fe02fecfde1e3c616fb0ae51dbeb198","0-0b77fb1f5c8a4d121da96aad33c54f7cd6ea5edaaac91cde311e33e5d61c7062","12638-8f53b6def2cccad69c278d1079dbcc21f09f0d5a69be2fcf5c70fe4b1222dc6f","root"
"Basic Construction/Conversion","73","73","73","74","75.5","77","73","2020-BASE_PROCUREMENT-2020-NAVY_SHIPBUILDINGANDCOVERSION-U_PROCUREMENT_MasterJustificationBook_Navy_PB_2020.zzz_unzipped-U_PROCUREMENT_MasterJustificationBook_Navy_PB_2020.xml","3e0661473e5ec15016509ed4fb0204ceeea1ce5351193ca1b59c307c60b5de03","0-52e2441b97d473ac81674bc8990ad8bfa2d69f678d1bcc6312d762dbfdaaaa7d","12641-65855b9ab5ecdbf8aa229e616236acb0b625bf4c69f4ed495cc223cd95944c7b","root"
"Hull, Mechanical, and Electrical (HM&E)","","","","","","","","2020-BASE_PROCUREMENT-2020-NAVY_SHIPBUILDINGANDCOVERSION-U_PROCUREMENT_MasterJustificationBook_Navy_PB_2020.zzz_unzipped-U_PROCUREMENT_MasterJustificationBook_Navy_PB_2020.xml","3e0661473e5ec15016509ed4fb0204ceeea1ce5351193ca1b59c307c60b5de03","1-2906fd45b86b19bbb2fe0465be016aa6afa72c5ee5c8a84a70cd4f0e5b9ade57","12641-65855b9ab5ecdbf8aa229e616236acb0b625bf4c69f4ed495cc223cd95944c7b","root"
"Electronics","2.046","","","","","","2.068","2020-BASE_PROCUREMENT-2020-NAVY_SHIPBUILDINGANDCOVERSION-U_PROCUREMENT_MasterJustificationBook_Navy_PB_2020.zzz_unzipped-U_PROCUREMENT_MasterJustificationBook_Navy_PB_2020.xml","3e0661473e5ec15016509ed4fb0204ceeea1ce5351193ca1b59c307c60b5de03","2-f864683a230989b750bddcfe3132fde2256eae96d855981c92671b8e0e63e412","12641-65855b9ab5ecdbf8aa229e616236acb0b625bf4c69f4ed495cc223cd95944c7b","root"
"Advance Procurement","1810.941","1887.588","1945.862","2140.779","2185.743","2021.506","1920.596","2020-BASE_PROCUREMENT-2020-NAVY_SHIPBUILDINGANDCOVERSION-U_PROCUREMENT_MasterJustificationBook_Navy_PB_2020.zzz_unzipped-U_PROCUREMENT_MasterJustificationBook_Navy_PB_2020.xml","6d2fd5af5b3d1649cd88586e00452843d436fea4cfb0f3c5af8f40c8bc8e1433","0-d4ea31244ae90959d083e4b000aba4f02a05c83f109f9c228fd3a93e2e86e633","12648-ab5570dbc9911f234723555fe78353af8c1d1368c4cd569a91c38348bd8b6256","root"
"Economic Order of Quantity","985.46","881.964","427.42","","","544.014","225","2020-BASE_PROCUREMENT-2020-NAVY_SHIPBUILDINGANDCOVERSION-U_PROCUREMENT_MasterJustificationBook_Navy_PB_2020.zzz_unzipped-U_PROCUREMENT_MasterJustificationBook_Navy_PB_2020.xml","6d2fd5af5b3d1649cd88586e00452843d436fea4cfb0f3c5af8f40c8bc8e1433","1-cad55ad07d62eebbc8813d15440be04821ef7bdb29f4f7e807abb02ed29ffb34","12648-ab5570dbc9911f234723555fe78353af8c1d1368c4cd569a91c38348bd8b6256","root"
"SHIP CONSTRUCTION EOQ","547.141","224.028","","","372.4","210","50.035","2020-BASE_PROCUREMENT-2020-NAVY_SHIPBUILDINGANDCOVERSION-U_PROCUREMENT_MasterJustificationBook_Navy_PB_2020.zzz_unzipped-U_PROCUREMENT_MasterJustificationBook_Navy_PB_2020.xml","5f09bad83be8d9935dfb8fbbbac4473f946bb03e639a64a10be47789f49d0473","0-5bc0b402ec2052e8e300c0f7f5059ca45362f23fa7b9008be637e8f2f3eeeeed","12655-747774cbdaaa137c5a2f95b6971a731121c129af5aabb154b9fc86281a391891","root"
"VLS Advanced Procurement","94.787","","","","112","","40.301","2020-BASE_PROCUREMENT-2020-NAVY_SHIPBUILDINGANDCOVERSION-U_PROCUREMENT_MasterJustificationBook_Navy_PB_2020.zzz_unzipped-U_PROCUREMENT_MasterJustificationBook_Navy_PB_2020.xml","5f09bad83be8d9935dfb8fbbbac4473f946bb03e639a64a10be47789f49d0473","1-8885f5fc4c0f5c540326a91a7f2255f6988df7ad0c51467fde4609bfca6ff0f3","12655-747774cbdaaa137c5a2f95b6971a731121c129af5aabb154b9fc86281a391891","root"
"LPD AP","350","","","","","","","2020-BASE_PROCUREMENT-2020-NAVY_SHIPBUILDINGANDCOVERSION-U_PROCUREMENT_MasterJustificationBook_Navy_PB_2020.zzz_unzipped-U_PROCUREMENT_MasterJustificationBook_Navy_PB_2020.xml","fede88ab6e4790d85bb219ffaa3eb2a124927ee5b9d8867aa75a8d6481dc6908","0-66ca2b591ae20fa5c08f538e5750437d9788e18c16eb4e63fd59cbbe9d5ab9d6","12658-ac94d5d19640ed290cff5ce909c4390d3ae5f08d633fc372fb7483874f3a3ee6","root"
"LPD 31","","247.1","","","","","","2020-BASE_PROCUREMENT-2020-NAVY_SHIPBUILDINGANDCOVERSION-U_PROCUREMENT_MasterJustificationBook_Navy_PB_2020.zzz_unzipped-U_PROCUREMENT_MasterJustificationBook_Navy_PB_2020.xml","fede88ab6e4790d85bb219ffaa3eb2a124927ee5b9d8867aa75a8d6481dc6908","1-3b81cd3b95fb8cd61ee25189e60ea885e62ae621ebc1dcb899ff46e977651946","12658-ac94d5d19640ed290cff5ce909c4390d3ae5f08d633fc372fb7483874f3a3ee6","root"
