CategorySubtotal_TotalCost_CurrentYear_val,CategorySubtotal_TotalCost_BudgetYearOneBase_val,CategorySubtotal_TotalCost_BudgetYearOne_val,Name_val,@SOURCE_FILENAME,@RECORDID,@ROWID,@PARENTROWID,@PARENT
"45.06","","","[3036] LPD","2018-BASE_PROCUREMENT-2018-NAVY_SHIPBUILDINGANDCOVERSION-U_PROCUREMENT_JustificationBook_Navy_PB_2018.zzz_unzipped-U_PROCUREMENT_JustificationBook_Navy_PB_2018.xml","ba14a00786fe807ccac6010004f7edad61e353a6b01610cc484d53c276093d34","0-6a72ec8a5b0ffdf6a8cb8237afb718fb11fd88916ee487888d39232648f5327e","0-ca783cd1832d1d54f7b8becf68143a47c733a75c4173e3b82eb148a7d6869bb3","root.record.ItemExhibitList.P5Item"
"86","26.865","26.865","[2127] Littoral Combat Ship (LCS)","2018-BASE_PROCUREMENT-2018-NAVY_SHIPBUILDINGANDCOVERSION-U_PROCUREMENT_JustificationBook_Navy_PB_2018.zzz_unzipped-U_PROCUREMENT_JustificationBook_Navy_PB_2018.xml","ba14a00786fe807ccac6010004f7edad61e353a6b01610cc484d53c276093d34","1-1bbc37e2041996cec453d7445ad4a05b48ee027541264171b6f0a3ba2143f176","0-ca783cd1832d1d54f7b8becf68143a47c733a75c4173e3b82eb148a7d6869bb3","root.record.ItemExhibitList.P5Item"
"","20","20","[2001] CVN (Carrier Replacement Program)","2018-BASE_PROCUREMENT-2018-NAVY_SHIPBUILDINGANDCOVERSION-U_PROCUREMENT_JustificationBook_Navy_PB_2018.zzz_unzipped-U_PROCUREMENT_JustificationBook_Navy_PB_2018.xml","ba14a00786fe807ccac6010004f7edad61e353a6b01610cc484d53c276093d34","2-2967e0c9aab309fdf78628aea7e6c85244bdd4a406eb54128adb712010413e24","0-ca783cd1832d1d54f7b8becf68143a47c733a75c4173e3b82eb148a7d6869bb3","root.record.ItemExhibitList.P5Item"
"13.255","","","[3043] Expeditionary Fast Transport (EPF)","2018-BASE_PROCUREMENT-2018-NAVY_SHIPBUILDINGANDCOVERSION-U_PROCUREMENT_JustificationBook_Navy_PB_2018.zzz_unzipped-U_PROCUREMENT_JustificationBook_Navy_PB_2018.xml","ba14a00786fe807ccac6010004f7edad61e353a6b01610cc484d53c276093d34","3-684825cd014ccf8560761e84c7066c9cee15d58a491b2cf8243b587585adc90f","0-ca783cd1832d1d54f7b8becf68143a47c733a75c4173e3b82eb148a7d6869bb3","root.record.ItemExhibitList.P5Item"
"15.959","51.377","51.377","[2122] DDG-51","2018-BASE_PROCUREMENT-2018-NAVY_SHIPBUILDINGANDCOVERSION-U_PROCUREMENT_JustificationBook_Navy_PB_2018.zzz_unzipped-U_PROCUREMENT_JustificationBook_Navy_PB_2018.xml","ba14a00786fe807ccac6010004f7edad61e353a6b01610cc484d53c276093d34","4-406d60d68b61b743396f7c401dbebd19e0cfd1fd1f1c08ce6b510a68df28d5c1","0-ca783cd1832d1d54f7b8becf68143a47c733a75c4173e3b82eb148a7d6869bb3","root.record.ItemExhibitList.P5Item"
"","14.2","14.2","[3041] LHA(R)","2018-BASE_PROCUREMENT-2018-NAVY_SHIPBUILDINGANDCOVERSION-U_PROCUREMENT_JustificationBook_Navy_PB_2018.zzz_unzipped-U_PROCUREMENT_JustificationBook_Navy_PB_2018.xml","ba14a00786fe807ccac6010004f7edad61e353a6b01610cc484d53c276093d34","5-d2b9cd1842467f9bdc0f0e9a9fef8777be9bf9cf2f8fafea1e53eb2c97f6a087","0-ca783cd1832d1d54f7b8becf68143a47c733a75c4173e3b82eb148a7d6869bb3","root.record.ItemExhibitList.P5Item"
"","5.1","5.1","[5112]  LCAC (Ship to Shore Connector)","2018-BASE_PROCUREMENT-2018-NAVY_SHIPBUILDINGANDCOVERSION-U_PROCUREMENT_JustificationBook_Navy_PB_2018.zzz_unzipped-U_PROCUREMENT_JustificationBook_Navy_PB_2018.xml","ba14a00786fe807ccac6010004f7edad61e353a6b01610cc484d53c276093d34","6-b65f97168a49f98f3f6d069a898663213ffe1419ebf3126bc2f50775fcb78613","0-ca783cd1832d1d54f7b8becf68143a47c733a75c4173e3b82eb148a7d6869bb3","root.record.ItemExhibitList.P5Item"
"45.06","","","[3036] LPD","2018-BASE_PROCUREMENT-2018-NAVY_SHIPBUILDINGANDCOVERSION-U_PROCUREMENT_MasterJustificationBook_Navy_PB_2018.zzz_unzipped-U_PROCUREMENT_MasterJustificationBook_Navy_PB_2018.xml","844cf09ac8dbd411df1245b882f0e816cc5e08a8e004c7233a820df7b55bceca","0-c6e377547992d87abbd4d7cbfe97df95c458140d37cd99f8b4ef4f5ec5f5042a","0-cf63108548c55b6bd6501fec177e0600b505ec6d52c004aeafa9743b237dd25f","root.record.ItemExhibitList.P5Item"
"86","26.865","26.865","[2127] Littoral Combat Ship (LCS)","2018-BASE_PROCUREMENT-2018-NAVY_SHIPBUILDINGANDCOVERSION-U_PROCUREMENT_MasterJustificationBook_Navy_PB_2018.zzz_unzipped-U_PROCUREMENT_MasterJustificationBook_Navy_PB_2018.xml","844cf09ac8dbd411df1245b882f0e816cc5e08a8e004c7233a820df7b55bceca","1-e0c2455721d848fa1d75390d8fff01498e0757b00bcbe3ad921bb8acf2268805","0-cf63108548c55b6bd6501fec177e0600b505ec6d52c004aeafa9743b237dd25f","root.record.ItemExhibitList.P5Item"
"","20","20","[2001] CVN (Carrier Replacement Program)","2018-BASE_PROCUREMENT-2018-NAVY_SHIPBUILDINGANDCOVERSION-U_PROCUREMENT_MasterJustificationBook_Navy_PB_2018.zzz_unzipped-U_PROCUREMENT_MasterJustificationBook_Navy_PB_2018.xml","844cf09ac8dbd411df1245b882f0e816cc5e08a8e004c7233a820df7b55bceca","2-e3884293fdf732b658269ed2a1ab93fbb3f7073af8012d16991ef80d8d6b805c","0-cf63108548c55b6bd6501fec177e0600b505ec6d52c004aeafa9743b237dd25f","root.record.ItemExhibitList.P5Item"
"13.255","","","[3043] Expeditionary Fast Transport (EPF)","2018-BASE_PROCUREMENT-2018-NAVY_SHIPBUILDINGANDCOVERSION-U_PROCUREMENT_MasterJustificationBook_Navy_PB_2018.zzz_unzipped-U_PROCUREMENT_MasterJustificationBook_Navy_PB_2018.xml","844cf09ac8dbd411df1245b882f0e816cc5e08a8e004c7233a820df7b55bceca","3-63c330dbd2f9dfeae9461cabc909a0d7fb7b155730a578ca9bc328b5cca6a58b","0-cf63108548c55b6bd6501fec177e0600b505ec6d52c004aeafa9743b237dd25f","root.record.ItemExhibitList.P5Item"
"15.959","51.377","51.377","[2122] DDG-51","2018-BASE_PROCUREMENT-2018-NAVY_SHIPBUILDINGANDCOVERSION-U_PROCUREMENT_MasterJustificationBook_Navy_PB_2018.zzz_unzipped-U_PROCUREMENT_MasterJustificationBook_Navy_PB_2018.xml","844cf09ac8dbd411df1245b882f0e816cc5e08a8e004c7233a820df7b55bceca","4-b67db082889c6ce84c57f895d3cc868615fc1991719b8094b71d270b1f490b07","0-cf63108548c55b6bd6501fec177e0600b505ec6d52c004aeafa9743b237dd25f","root.record.ItemExhibitList.P5Item"
"","14.2","14.2","[3041] LHA(R)","2018-BASE_PROCUREMENT-2018-NAVY_SHIPBUILDINGANDCOVERSION-U_PROCUREMENT_MasterJustificationBook_Navy_PB_2018.zzz_unzipped-U_PROCUREMENT_MasterJustificationBook_Navy_PB_2018.xml","844cf09ac8dbd411df1245b882f0e816cc5e08a8e004c7233a820df7b55bceca","5-c6498da329fe9721f0d22f843462b46b9cb84574c9d32f45e041773f248ca49f","0-cf63108548c55b6bd6501fec177e0600b505ec6d52c004aeafa9743b237dd25f","root.record.ItemExhibitList.P5Item"
"","5.1","5.1","[5112]  LCAC (Ship to Shore Connector)","2018-BASE_PROCUREMENT-2018-NAVY_SHIPBUILDINGANDCOVERSION-U_PROCUREMENT_MasterJustificationBook_Navy_PB_2018.zzz_unzipped-U_PROCUREMENT_MasterJustificationBook_Navy_PB_2018.xml","844cf09ac8dbd411df1245b882f0e816cc5e08a8e004c7233a820df7b55bceca","6-ced613eaa36410bd589789948ccfd4338aae067c356ff44df44a55e7919ba54b","0-cf63108548c55b6bd6501fec177e0600b505ec6d52c004aeafa9743b237dd25f","root.record.ItemExhibitList.P5Item"
"26.865","103.184","103.184","[2127] Littoral Combat Ship (LCS)","2019-BASE_PROCUREMENT-2019-NAVY_SHIPBUILDINGANDCOVERSION-U_PROCUREMENT_JustificationBook_Navy_PB_2019.zzz_unzipped-U_PROCUREMENT_JustificationBook_Navy_PB_2019.xml","4f23e71fc905fdaf1b80bd9d8605aaafa4e4d3dd58c349c54af7cc44f3280f83","0-08d6f218a9bc0fa394b6ae85d2c65d0ff1cdf3744f680b8c8a93a16adcd188fa","0-fe86e9a63e6c72796d7966d6bb6386a58a2da97b250e21bbdc25b4ddd98ef92e","root.record.ItemExhibitList.P5Item"
"20","","","[2001] CVN (Carrier Replacement Program)","2019-BASE_PROCUREMENT-2019-NAVY_SHIPBUILDINGANDCOVERSION-U_PROCUREMENT_JustificationBook_Navy_PB_2019.zzz_unzipped-U_PROCUREMENT_JustificationBook_Navy_PB_2019.xml","4f23e71fc905fdaf1b80bd9d8605aaafa4e4d3dd58c349c54af7cc44f3280f83","1-b2357c6f17f71299591e0c5d52e8ba9f8d055c6e977867ef5b3c4ca95d2fb2fc","0-fe86e9a63e6c72796d7966d6bb6386a58a2da97b250e21bbdc25b4ddd98ef92e","root.record.ItemExhibitList.P5Item"
"51.377","53.966","53.966","[2122] DDG-51","2019-BASE_PROCUREMENT-2019-NAVY_SHIPBUILDINGANDCOVERSION-U_PROCUREMENT_JustificationBook_Navy_PB_2019.zzz_unzipped-U_PROCUREMENT_JustificationBook_Navy_PB_2019.xml","4f23e71fc905fdaf1b80bd9d8605aaafa4e4d3dd58c349c54af7cc44f3280f83","2-95ac4e3e8c0fa35ea3a00dc35eb21f78d5ed47d23c251dd5266638409985c3be","0-fe86e9a63e6c72796d7966d6bb6386a58a2da97b250e21bbdc25b4ddd98ef92e","root.record.ItemExhibitList.P5Item"
"14.2","25.1","25.1","[3041] LHA(R)","2019-BASE_PROCUREMENT-2019-NAVY_SHIPBUILDINGANDCOVERSION-U_PROCUREMENT_JustificationBook_Navy_PB_2019.zzz_unzipped-U_PROCUREMENT_JustificationBook_Navy_PB_2019.xml","4f23e71fc905fdaf1b80bd9d8605aaafa4e4d3dd58c349c54af7cc44f3280f83","3-bd3fa9a572fe30f5778e1c0275147d7b625f3fe4b688ab3dfa9fe2a7663a3fed","0-fe86e9a63e6c72796d7966d6bb6386a58a2da97b250e21bbdc25b4ddd98ef92e","root.record.ItemExhibitList.P5Item"
"5.1","9.4","9.4","[5112]  LCAC (Ship to Shore Connector)","2019-BASE_PROCUREMENT-2019-NAVY_SHIPBUILDINGANDCOVERSION-U_PROCUREMENT_JustificationBook_Navy_PB_2019.zzz_unzipped-U_PROCUREMENT_JustificationBook_Navy_PB_2019.xml","4f23e71fc905fdaf1b80bd9d8605aaafa4e4d3dd58c349c54af7cc44f3280f83","4-bc3912362835d6fca3affca87ce37c4efadc6e7d84b637fded588121922b1f1d","0-fe86e9a63e6c72796d7966d6bb6386a58a2da97b250e21bbdc25b4ddd98ef92e","root.record.ItemExhibitList.P5Item"
"","15.449","15.449","[5025] TAO Fleet Oiler","2019-BASE_PROCUREMENT-2019-NAVY_SHIPBUILDINGANDCOVERSION-U_PROCUREMENT_JustificationBook_Navy_PB_2019.zzz_unzipped-U_PROCUREMENT_JustificationBook_Navy_PB_2019.xml","4f23e71fc905fdaf1b80bd9d8605aaafa4e4d3dd58c349c54af7cc44f3280f83","5-ab88885693f8087e188c021e62b39c36c2525feb2e35beae6b97225d7dd0ee2a","0-fe86e9a63e6c72796d7966d6bb6386a58a2da97b250e21bbdc25b4ddd98ef92e","root.record.ItemExhibitList.P5Item"
"26.865","103.184","103.184","[2127] Littoral Combat Ship (LCS)","2019-BASE_PROCUREMENT-2019-NAVY_SHIPBUILDINGANDCOVERSION-U_PROCUREMENT_MasterJustificationBook_Navy_PB_2019.zzz_unzipped-U_PROCUREMENT_MasterJustificationBook_Navy_PB_2019.xml","4e7d78eff5791982c64bcd72fe9ea8f83c6ee8a79cf0f455906a33f892b1da0a","0-aea38198eb2611e3dfdebb869cda73403e0b215d541862e93443e1c6a82b4f09","0-3986d573d6546246ba1f7708dc78ca2f10c3629968f893350d1f03816426a786","root.record.ItemExhibitList.P5Item"
"20","","","[2001] CVN (Carrier Replacement Program)","2019-BASE_PROCUREMENT-2019-NAVY_SHIPBUILDINGANDCOVERSION-U_PROCUREMENT_MasterJustificationBook_Navy_PB_2019.zzz_unzipped-U_PROCUREMENT_MasterJustificationBook_Navy_PB_2019.xml","4e7d78eff5791982c64bcd72fe9ea8f83c6ee8a79cf0f455906a33f892b1da0a","1-e96813699325f56db5e95f58183e44bba438d5b31b4eea09f07f511f7d802b4a","0-3986d573d6546246ba1f7708dc78ca2f10c3629968f893350d1f03816426a786","root.record.ItemExhibitList.P5Item"
"51.377","53.966","53.966","[2122] DDG-51","2019-BASE_PROCUREMENT-2019-NAVY_SHIPBUILDINGANDCOVERSION-U_PROCUREMENT_MasterJustificationBook_Navy_PB_2019.zzz_unzipped-U_PROCUREMENT_MasterJustificationBook_Navy_PB_2019.xml","4e7d78eff5791982c64bcd72fe9ea8f83c6ee8a79cf0f455906a33f892b1da0a","2-0c9734fa1e2650fe916a0c3440883d8dc7a7ca0f07d997d76f05c0800428aa0c","0-3986d573d6546246ba1f7708dc78ca2f10c3629968f893350d1f03816426a786","root.record.ItemExhibitList.P5Item"
"14.2","25.1","25.1","[3041] LHA(R)","2019-BASE_PROCUREMENT-2019-NAVY_SHIPBUILDINGANDCOVERSION-U_PROCUREMENT_MasterJustificationBook_Navy_PB_2019.zzz_unzipped-U_PROCUREMENT_MasterJustificationBook_Navy_PB_2019.xml","4e7d78eff5791982c64bcd72fe9ea8f83c6ee8a79cf0f455906a33f892b1da0a","3-d31b2d50f6cd79e611041d9cb993d2aa10588ee43b2f3a651f413769658a306a","0-3986d573d6546246ba1f7708dc78ca2f10c3629968f893350d1f03816426a786","root.record.ItemExhibitList.P5Item"
"5.1","9.4","9.4","[5112]  LCAC (Ship to Shore Connector)","2019-BASE_PROCUREMENT-2019-NAVY_SHIPBUILDINGANDCOVERSION-U_PROCUREMENT_MasterJustificationBook_Navy_PB_2019.zzz_unzipped-U_PROCUREMENT_MasterJustificationBook_Navy_PB_2019.xml","4e7d78eff5791982c64bcd72fe9ea8f83c6ee8a79cf0f455906a33f892b1da0a","4-a34e2e56f32124a9411eb07dda6af7b184df5af4d5d1ccf094c000667b08546d","0-3986d573d6546246ba1f7708dc78ca2f10c3629968f893350d1f03816426a786","root.record.ItemExhibitList.P5Item"
"","15.449","15.449","[5025] TAO Fleet Oiler","2019-BASE_PROCUREMENT-2019-NAVY_SHIPBUILDINGANDCOVERSION-U_PROCUREMENT_MasterJustificationBook_Navy_PB_2019.zzz_unzipped-U_PROCUREMENT_MasterJustificationBook_Navy_PB_2019.xml","4e7d78eff5791982c64bcd72fe9ea8f83c6ee8a79cf0f455906a33f892b1da0a","5-887af1272ff9051a64b1e4424233f73a16233ca46fb8918ff8742194588a2c97","0-3986d573d6546246ba1f7708dc78ca2f10c3629968f893350d1f03816426a786","root.record.ItemExhibitList.P5Item"
"","14","14","[2127] Littoral Combat Ship (LCS)","2020-BASE_PROCUREMENT-2020-NAVY_SHIPBUILDINGANDCOVERSION-U_PROCUREMENT_JustificationBook_Navy_PB_2020.zzz_unzipped-U_PROCUREMENT_JustificationBook_Navy_PB_2020.xml","884433a6beab0e9e650d2509d54a824fa82b535689950e530778995f52bfcd62","0-c2f57edf192841f007c4eeab2f50d9a269297530487b9e60f423d9e7fae4c613","0-05a0dbf476c09e43764ecb1582d20273803162defdc6e4bd1da30601728312ce","root.record.ItemExhibitList.P5Item"
"","38","38","(3039) ESB","2020-BASE_PROCUREMENT-2020-NAVY_SHIPBUILDINGANDCOVERSION-U_PROCUREMENT_JustificationBook_Navy_PB_2020.zzz_unzipped-U_PROCUREMENT_JustificationBook_Navy_PB_2020.xml","884433a6beab0e9e650d2509d54a824fa82b535689950e530778995f52bfcd62","1-712bbe75e9d1bdba2435b903f4a1b2effb7c3f83e410e29ddbef31c5a8ea456e","0-05a0dbf476c09e43764ecb1582d20273803162defdc6e4bd1da30601728312ce","root.record.ItemExhibitList.P5Item"
"","3.7","3.7","[5025] TAO Fleet Oiler","2020-BASE_PROCUREMENT-2020-NAVY_SHIPBUILDINGANDCOVERSION-U_PROCUREMENT_JustificationBook_Navy_PB_2020.zzz_unzipped-U_PROCUREMENT_JustificationBook_Navy_PB_2020.xml","884433a6beab0e9e650d2509d54a824fa82b535689950e530778995f52bfcd62","2-7bb18a84dd8996989f65f4282577912b31485fd3c63b7f75f99fc9f3cedb8524","0-05a0dbf476c09e43764ecb1582d20273803162defdc6e4bd1da30601728312ce","root.record.ItemExhibitList.P5Item"
"","14","14","[2127] Littoral Combat Ship (LCS)","2020-BASE_PROCUREMENT-2020-NAVY_SHIPBUILDINGANDCOVERSION-U_PROCUREMENT_MasterJustificationBook_Navy_PB_2020.zzz_unzipped-U_PROCUREMENT_MasterJustificationBook_Navy_PB_2020.xml","43247d3fc5a948dda4336393c7913d4aa2fa9f852a7866beab8de25bd6f746c0","0-66c00bc945ffb77ccd7ede31e2b68a890fcee9786387cb00bf22f9546f2c0de3","0-51daa05b969690ccfb91044c5e37c4abf9b241582a60cee53da13e6a47be33b2","root.record.ItemExhibitList.P5Item"
"","38","38","(3039) ESB","2020-BASE_PROCUREMENT-2020-NAVY_SHIPBUILDINGANDCOVERSION-U_PROCUREMENT_MasterJustificationBook_Navy_PB_2020.zzz_unzipped-U_PROCUREMENT_MasterJustificationBook_Navy_PB_2020.xml","43247d3fc5a948dda4336393c7913d4aa2fa9f852a7866beab8de25bd6f746c0","1-31760443df0f7796b2768a04179a937b63093e6025cc8c4c59161f3ca4393e46","0-51daa05b969690ccfb91044c5e37c4abf9b241582a60cee53da13e6a47be33b2","root.record.ItemExhibitList.P5Item"
"","3.7","3.7","[5025] TAO Fleet Oiler","2020-BASE_PROCUREMENT-2020-NAVY_SHIPBUILDINGANDCOVERSION-U_PROCUREMENT_MasterJustificationBook_Navy_PB_2020.zzz_unzipped-U_PROCUREMENT_MasterJustificationBook_Navy_PB_2020.xml","43247d3fc5a948dda4336393c7913d4aa2fa9f852a7866beab8de25bd6f746c0","2-d37d9d85aca8a41d7f0bfc09986b46348b74c9c5e53c440a7a4aee7267616b3e","0-51daa05b969690ccfb91044c5e37c4abf9b241582a60cee53da13e6a47be33b2","root.record.ItemExhibitList.P5Item"
