CategorySubtotal_TotalCost_CurrentYear_val,CategorySubtotal_TotalCost_BudgetYearOneBase_val,CategorySubtotal_TotalCost_BudgetYearOne_val,Name_val,@SOURCE_FILENAME,@RECORDID,@ROWID,@PARENTROWID,@PARENT
"45.06","","","[3036] LPD","2018-BASE_PROCUREMENT-2018-NAVY_SHIPBUILDINGANDCOVERSION-U_PROCUREMENT_JustificationBook_Navy_PB_2018.zzz_unzipped-U_PROCUREMENT_JustificationBook_Navy_PB_2018.xml","ba14a00786fe807ccac6010004f7edad61e353a6b01610cc484d53c276093d34","0-eb3c148bdadb16dfb76c775935b8700dce20b5c172d928e24b3d5cfd480ea204","0-ccbcec10599dbdeab67ad5ef2a7fda89a25af589f5f795157dd7556b9ca46c8b","root.record.ItemExhibitList.P5Item"
"86","26.865","26.865","[2127] Littoral Combat Ship (LCS)","2018-BASE_PROCUREMENT-2018-NAVY_SHIPBUILDINGANDCOVERSION-U_PROCUREMENT_JustificationBook_Navy_PB_2018.zzz_unzipped-U_PROCUREMENT_JustificationBook_Navy_PB_2018.xml","ba14a00786fe807ccac6010004f7edad61e353a6b01610cc484d53c276093d34","1-456ffddaa23be0ae89414bc4720cd196a345e8c9886a58d0af1f23d4aa4fa738","0-ccbcec10599dbdeab67ad5ef2a7fda89a25af589f5f795157dd7556b9ca46c8b","root.record.ItemExhibitList.P5Item"
"","20","20","[2001] CVN (Carrier Replacement Program)","2018-BASE_PROCUREMENT-2018-NAVY_SHIPBUILDINGANDCOVERSION-U_PROCUREMENT_JustificationBook_Navy_PB_2018.zzz_unzipped-U_PROCUREMENT_JustificationBook_Navy_PB_2018.xml","ba14a00786fe807ccac6010004f7edad61e353a6b01610cc484d53c276093d34","2-39bd1dc2b716e2d75fff298040e952e5a17d4262a4879921dee207f7956ced3f","0-ccbcec10599dbdeab67ad5ef2a7fda89a25af589f5f795157dd7556b9ca46c8b","root.record.ItemExhibitList.P5Item"
"13.255","","","[3043] Expeditionary Fast Transport (EPF)","2018-BASE_PROCUREMENT-2018-NAVY_SHIPBUILDINGANDCOVERSION-U_PROCUREMENT_JustificationBook_Navy_PB_2018.zzz_unzipped-U_PROCUREMENT_JustificationBook_Navy_PB_2018.xml","ba14a00786fe807ccac6010004f7edad61e353a6b01610cc484d53c276093d34","3-768d57784ce51610104ad783d70908888f14b0867cbcf238887b62fcb46431a3","0-ccbcec10599dbdeab67ad5ef2a7fda89a25af589f5f795157dd7556b9ca46c8b","root.record.ItemExhibitList.P5Item"
"15.959","51.377","51.377","[2122] DDG-51","2018-BASE_PROCUREMENT-2018-NAVY_SHIPBUILDINGANDCOVERSION-U_PROCUREMENT_JustificationBook_Navy_PB_2018.zzz_unzipped-U_PROCUREMENT_JustificationBook_Navy_PB_2018.xml","ba14a00786fe807ccac6010004f7edad61e353a6b01610cc484d53c276093d34","4-c691dcc2f497204c7df9ae8bb8cddf567796eed6bbc1c3b213f4689330c0161e","0-ccbcec10599dbdeab67ad5ef2a7fda89a25af589f5f795157dd7556b9ca46c8b","root.record.ItemExhibitList.P5Item"
"","14.2","14.2","[3041] LHA(R)","2018-BASE_PROCUREMENT-2018-NAVY_SHIPBUILDINGANDCOVERSION-U_PROCUREMENT_JustificationBook_Navy_PB_2018.zzz_unzipped-U_PROCUREMENT_JustificationBook_Navy_PB_2018.xml","ba14a00786fe807ccac6010004f7edad61e353a6b01610cc484d53c276093d34","5-b46863499afaa492ebdecf982a6d1a8413cac5ee8149bc7566cae152e701491a","0-ccbcec10599dbdeab67ad5ef2a7fda89a25af589f5f795157dd7556b9ca46c8b","root.record.ItemExhibitList.P5Item"
"","5.1","5.1","[5112]  LCAC (Ship to Shore Connector)","2018-BASE_PROCUREMENT-2018-NAVY_SHIPBUILDINGANDCOVERSION-U_PROCUREMENT_JustificationBook_Navy_PB_2018.zzz_unzipped-U_PROCUREMENT_JustificationBook_Navy_PB_2018.xml","ba14a00786fe807ccac6010004f7edad61e353a6b01610cc484d53c276093d34","6-2eb0cf8cf60de9306c6607e06705d9c87c37869dd146913c0f3b90c48eaf594c","0-ccbcec10599dbdeab67ad5ef2a7fda89a25af589f5f795157dd7556b9ca46c8b","root.record.ItemExhibitList.P5Item"
"45.06","","","[3036] LPD","2018-BASE_PROCUREMENT-2018-NAVY_SHIPBUILDINGANDCOVERSION-U_PROCUREMENT_MasterJustificationBook_Navy_PB_2018.zzz_unzipped-U_PROCUREMENT_MasterJustificationBook_Navy_PB_2018.xml","844cf09ac8dbd411df1245b882f0e816cc5e08a8e004c7233a820df7b55bceca","0-b5d4c8a48e992bf543d22577e859a4208d2940865552332be10f82cc81746677","0-8ca62ed165c4a795dbb7cc57c6a4b14f5135ed8e14e5580833792a874cf460f9","root.record.ItemExhibitList.P5Item"
"86","26.865","26.865","[2127] Littoral Combat Ship (LCS)","2018-BASE_PROCUREMENT-2018-NAVY_SHIPBUILDINGANDCOVERSION-U_PROCUREMENT_MasterJustificationBook_Navy_PB_2018.zzz_unzipped-U_PROCUREMENT_MasterJustificationBook_Navy_PB_2018.xml","844cf09ac8dbd411df1245b882f0e816cc5e08a8e004c7233a820df7b55bceca","1-111df39478fd01aed6ddec1e32bdc98caedaddb12823dc17c80082682ebb4564","0-8ca62ed165c4a795dbb7cc57c6a4b14f5135ed8e14e5580833792a874cf460f9","root.record.ItemExhibitList.P5Item"
"","20","20","[2001] CVN (Carrier Replacement Program)","2018-BASE_PROCUREMENT-2018-NAVY_SHIPBUILDINGANDCOVERSION-U_PROCUREMENT_MasterJustificationBook_Navy_PB_2018.zzz_unzipped-U_PROCUREMENT_MasterJustificationBook_Navy_PB_2018.xml","844cf09ac8dbd411df1245b882f0e816cc5e08a8e004c7233a820df7b55bceca","2-d0473661cd14f4c70d104cfda19fef155ad09b2c84941db61948356498e5a1ca","0-8ca62ed165c4a795dbb7cc57c6a4b14f5135ed8e14e5580833792a874cf460f9","root.record.ItemExhibitList.P5Item"
"13.255","","","[3043] Expeditionary Fast Transport (EPF)","2018-BASE_PROCUREMENT-2018-NAVY_SHIPBUILDINGANDCOVERSION-U_PROCUREMENT_MasterJustificationBook_Navy_PB_2018.zzz_unzipped-U_PROCUREMENT_MasterJustificationBook_Navy_PB_2018.xml","844cf09ac8dbd411df1245b882f0e816cc5e08a8e004c7233a820df7b55bceca","3-25fcef4a97e340162f188c1a519326bcfe6a0eedcd9d191e371c4f4bd388e79c","0-8ca62ed165c4a795dbb7cc57c6a4b14f5135ed8e14e5580833792a874cf460f9","root.record.ItemExhibitList.P5Item"
"15.959","51.377","51.377","[2122] DDG-51","2018-BASE_PROCUREMENT-2018-NAVY_SHIPBUILDINGANDCOVERSION-U_PROCUREMENT_MasterJustificationBook_Navy_PB_2018.zzz_unzipped-U_PROCUREMENT_MasterJustificationBook_Navy_PB_2018.xml","844cf09ac8dbd411df1245b882f0e816cc5e08a8e004c7233a820df7b55bceca","4-abab493413ec2d5ccdb406fde67f14840549cbcad9838c1b89b2fa5fc8a87241","0-8ca62ed165c4a795dbb7cc57c6a4b14f5135ed8e14e5580833792a874cf460f9","root.record.ItemExhibitList.P5Item"
"","14.2","14.2","[3041] LHA(R)","2018-BASE_PROCUREMENT-2018-NAVY_SHIPBUILDINGANDCOVERSION-U_PROCUREMENT_MasterJustificationBook_Navy_PB_2018.zzz_unzipped-U_PROCUREMENT_MasterJustificationBook_Navy_PB_2018.xml","844cf09ac8dbd411df1245b882f0e816cc5e08a8e004c7233a820df7b55bceca","5-898b7c9b922106e620eee882a6e49149e2b46393c74bb9dc082626cd6c6b5d46","0-8ca62ed165c4a795dbb7cc57c6a4b14f5135ed8e14e5580833792a874cf460f9","root.record.ItemExhibitList.P5Item"
"","5.1","5.1","[5112]  LCAC (Ship to Shore Connector)","2018-BASE_PROCUREMENT-2018-NAVY_SHIPBUILDINGANDCOVERSION-U_PROCUREMENT_MasterJustificationBook_Navy_PB_2018.zzz_unzipped-U_PROCUREMENT_MasterJustificationBook_Navy_PB_2018.xml","844cf09ac8dbd411df1245b882f0e816cc5e08a8e004c7233a820df7b55bceca","6-50091dcc1ec9e3f906c282edb977f86613515be000fe45243156302759622323","0-8ca62ed165c4a795dbb7cc57c6a4b14f5135ed8e14e5580833792a874cf460f9","root.record.ItemExhibitList.P5Item"
"26.865","103.184","103.184","[2127] Littoral Combat Ship (LCS)","2019-BASE_PROCUREMENT-2019-NAVY_SHIPBUILDINGANDCOVERSION-U_PROCUREMENT_JustificationBook_Navy_PB_2019.zzz_unzipped-U_PROCUREMENT_JustificationBook_Navy_PB_2019.xml","4f23e71fc905fdaf1b80bd9d8605aaafa4e4d3dd58c349c54af7cc44f3280f83","0-61004e67378b4b6392f014cff16b636bd7f24d01d26169f611ce253f5e539c04","0-e387dc1487343f1351e283fbeda316e8c5571cb29e18b210db69616a3de9b7b2","root.record.ItemExhibitList.P5Item"
"20","","","[2001] CVN (Carrier Replacement Program)","2019-BASE_PROCUREMENT-2019-NAVY_SHIPBUILDINGANDCOVERSION-U_PROCUREMENT_JustificationBook_Navy_PB_2019.zzz_unzipped-U_PROCUREMENT_JustificationBook_Navy_PB_2019.xml","4f23e71fc905fdaf1b80bd9d8605aaafa4e4d3dd58c349c54af7cc44f3280f83","1-2291d451b1bcf208d9bde48a4797e6f7afea3e1d359e81432a9374b842abda5b","0-e387dc1487343f1351e283fbeda316e8c5571cb29e18b210db69616a3de9b7b2","root.record.ItemExhibitList.P5Item"
"51.377","53.966","53.966","[2122] DDG-51","2019-BASE_PROCUREMENT-2019-NAVY_SHIPBUILDINGANDCOVERSION-U_PROCUREMENT_JustificationBook_Navy_PB_2019.zzz_unzipped-U_PROCUREMENT_JustificationBook_Navy_PB_2019.xml","4f23e71fc905fdaf1b80bd9d8605aaafa4e4d3dd58c349c54af7cc44f3280f83","2-c660f2964909324f98bf6fa2d05a87d2995163af60232e0a9e230410f1bf9c02","0-e387dc1487343f1351e283fbeda316e8c5571cb29e18b210db69616a3de9b7b2","root.record.ItemExhibitList.P5Item"
"14.2","25.1","25.1","[3041] LHA(R)","2019-BASE_PROCUREMENT-2019-NAVY_SHIPBUILDINGANDCOVERSION-U_PROCUREMENT_JustificationBook_Navy_PB_2019.zzz_unzipped-U_PROCUREMENT_JustificationBook_Navy_PB_2019.xml","4f23e71fc905fdaf1b80bd9d8605aaafa4e4d3dd58c349c54af7cc44f3280f83","3-64815a0fa4bfcf3df35a53fd1ba3123fd7a57df52c68ced0ee75f4bdbcf3b1f3","0-e387dc1487343f1351e283fbeda316e8c5571cb29e18b210db69616a3de9b7b2","root.record.ItemExhibitList.P5Item"
"5.1","9.4","9.4","[5112]  LCAC (Ship to Shore Connector)","2019-BASE_PROCUREMENT-2019-NAVY_SHIPBUILDINGANDCOVERSION-U_PROCUREMENT_JustificationBook_Navy_PB_2019.zzz_unzipped-U_PROCUREMENT_JustificationBook_Navy_PB_2019.xml","4f23e71fc905fdaf1b80bd9d8605aaafa4e4d3dd58c349c54af7cc44f3280f83","4-69e957837429fc61b5291a7066223695f69a448fb14523cd32fc9929f2fca919","0-e387dc1487343f1351e283fbeda316e8c5571cb29e18b210db69616a3de9b7b2","root.record.ItemExhibitList.P5Item"
"","15.449","15.449","[5025] TAO Fleet Oiler","2019-BASE_PROCUREMENT-2019-NAVY_SHIPBUILDINGANDCOVERSION-U_PROCUREMENT_JustificationBook_Navy_PB_2019.zzz_unzipped-U_PROCUREMENT_JustificationBook_Navy_PB_2019.xml","4f23e71fc905fdaf1b80bd9d8605aaafa4e4d3dd58c349c54af7cc44f3280f83","5-307a4ff09fc48639004268f2acdb3bdaef85683dc723116237ff46c48570a2f4","0-e387dc1487343f1351e283fbeda316e8c5571cb29e18b210db69616a3de9b7b2","root.record.ItemExhibitList.P5Item"
"26.865","103.184","103.184","[2127] Littoral Combat Ship (LCS)","2019-BASE_PROCUREMENT-2019-NAVY_SHIPBUILDINGANDCOVERSION-U_PROCUREMENT_MasterJustificationBook_Navy_PB_2019.zzz_unzipped-U_PROCUREMENT_MasterJustificationBook_Navy_PB_2019.xml","4e7d78eff5791982c64bcd72fe9ea8f83c6ee8a79cf0f455906a33f892b1da0a","0-bce796a4cb071bd92dfaed96c4523fb63efac111178e14cc2024cdbdc84925b4","0-3a6af5d6bd529ef98fccb58f9beeec169dea569e426b05b7c2c61ea7305988a6","root.record.ItemExhibitList.P5Item"
"20","","","[2001] CVN (Carrier Replacement Program)","2019-BASE_PROCUREMENT-2019-NAVY_SHIPBUILDINGANDCOVERSION-U_PROCUREMENT_MasterJustificationBook_Navy_PB_2019.zzz_unzipped-U_PROCUREMENT_MasterJustificationBook_Navy_PB_2019.xml","4e7d78eff5791982c64bcd72fe9ea8f83c6ee8a79cf0f455906a33f892b1da0a","1-66149906ca496cd0508428dc6ad9cf1111e4b9f0f33da381393a9079b9576c2a","0-3a6af5d6bd529ef98fccb58f9beeec169dea569e426b05b7c2c61ea7305988a6","root.record.ItemExhibitList.P5Item"
"51.377","53.966","53.966","[2122] DDG-51","2019-BASE_PROCUREMENT-2019-NAVY_SHIPBUILDINGANDCOVERSION-U_PROCUREMENT_MasterJustificationBook_Navy_PB_2019.zzz_unzipped-U_PROCUREMENT_MasterJustificationBook_Navy_PB_2019.xml","4e7d78eff5791982c64bcd72fe9ea8f83c6ee8a79cf0f455906a33f892b1da0a","2-b2f3e39f1a982634f4546fc9fbb74180f3946bc9036eba3152f3c68969ca172d","0-3a6af5d6bd529ef98fccb58f9beeec169dea569e426b05b7c2c61ea7305988a6","root.record.ItemExhibitList.P5Item"
"14.2","25.1","25.1","[3041] LHA(R)","2019-BASE_PROCUREMENT-2019-NAVY_SHIPBUILDINGANDCOVERSION-U_PROCUREMENT_MasterJustificationBook_Navy_PB_2019.zzz_unzipped-U_PROCUREMENT_MasterJustificationBook_Navy_PB_2019.xml","4e7d78eff5791982c64bcd72fe9ea8f83c6ee8a79cf0f455906a33f892b1da0a","3-f069934201ada2bbae3ce9ead71f84a87bc3171d3b3f1ac4896a4ef930fa3a8d","0-3a6af5d6bd529ef98fccb58f9beeec169dea569e426b05b7c2c61ea7305988a6","root.record.ItemExhibitList.P5Item"
"5.1","9.4","9.4","[5112]  LCAC (Ship to Shore Connector)","2019-BASE_PROCUREMENT-2019-NAVY_SHIPBUILDINGANDCOVERSION-U_PROCUREMENT_MasterJustificationBook_Navy_PB_2019.zzz_unzipped-U_PROCUREMENT_MasterJustificationBook_Navy_PB_2019.xml","4e7d78eff5791982c64bcd72fe9ea8f83c6ee8a79cf0f455906a33f892b1da0a","4-da25664c9d7f12beecc0496e8e3aafc300fb6a364b431f4c6be611e2f7545f7a","0-3a6af5d6bd529ef98fccb58f9beeec169dea569e426b05b7c2c61ea7305988a6","root.record.ItemExhibitList.P5Item"
"","15.449","15.449","[5025] TAO Fleet Oiler","2019-BASE_PROCUREMENT-2019-NAVY_SHIPBUILDINGANDCOVERSION-U_PROCUREMENT_MasterJustificationBook_Navy_PB_2019.zzz_unzipped-U_PROCUREMENT_MasterJustificationBook_Navy_PB_2019.xml","4e7d78eff5791982c64bcd72fe9ea8f83c6ee8a79cf0f455906a33f892b1da0a","5-4ab1a5214a11ce167486ded7b1f5df551274971fbf09592a3a8f0075c4987351","0-3a6af5d6bd529ef98fccb58f9beeec169dea569e426b05b7c2c61ea7305988a6","root.record.ItemExhibitList.P5Item"
"","14","14","[2127] Littoral Combat Ship (LCS)","2020-BASE_PROCUREMENT-2020-NAVY_SHIPBUILDINGANDCOVERSION-U_PROCUREMENT_JustificationBook_Navy_PB_2020.zzz_unzipped-U_PROCUREMENT_JustificationBook_Navy_PB_2020.xml","884433a6beab0e9e650d2509d54a824fa82b535689950e530778995f52bfcd62","0-f2e48fa155583e25fe973d54625de418c977969b9114e7995261df48cd0bd7aa","0-01aad5abe675e2abcfb65c07cfc2d1f18480f439a73cabbabd26f3687626a656","root.record.ItemExhibitList.P5Item"
"","38","38","(3039) ESB","2020-BASE_PROCUREMENT-2020-NAVY_SHIPBUILDINGANDCOVERSION-U_PROCUREMENT_JustificationBook_Navy_PB_2020.zzz_unzipped-U_PROCUREMENT_JustificationBook_Navy_PB_2020.xml","884433a6beab0e9e650d2509d54a824fa82b535689950e530778995f52bfcd62","1-2b3dd9cd6b9f8b319221c63414acc738aebf3c4a32b388f220d78cabab3f0701","0-01aad5abe675e2abcfb65c07cfc2d1f18480f439a73cabbabd26f3687626a656","root.record.ItemExhibitList.P5Item"
"","3.7","3.7","[5025] TAO Fleet Oiler","2020-BASE_PROCUREMENT-2020-NAVY_SHIPBUILDINGANDCOVERSION-U_PROCUREMENT_JustificationBook_Navy_PB_2020.zzz_unzipped-U_PROCUREMENT_JustificationBook_Navy_PB_2020.xml","884433a6beab0e9e650d2509d54a824fa82b535689950e530778995f52bfcd62","2-8491ad6f558bc4a425c7c6a2bc8a9e97e5e6f417822c94099d8b86673f23f13c","0-01aad5abe675e2abcfb65c07cfc2d1f18480f439a73cabbabd26f3687626a656","root.record.ItemExhibitList.P5Item"
"","14","14","[2127] Littoral Combat Ship (LCS)","2020-BASE_PROCUREMENT-2020-NAVY_SHIPBUILDINGANDCOVERSION-U_PROCUREMENT_MasterJustificationBook_Navy_PB_2020.zzz_unzipped-U_PROCUREMENT_MasterJustificationBook_Navy_PB_2020.xml","43247d3fc5a948dda4336393c7913d4aa2fa9f852a7866beab8de25bd6f746c0","0-77ed5aa390d1b7142f0adbb1631ab58e7d83f0e3da6b0fbb4a5dced5e845c728","0-1e3b7b6a494d6ba818c780d0daa59a5ecb1a7907641c593269fbaba4374c6407","root.record.ItemExhibitList.P5Item"
"","38","38","(3039) ESB","2020-BASE_PROCUREMENT-2020-NAVY_SHIPBUILDINGANDCOVERSION-U_PROCUREMENT_MasterJustificationBook_Navy_PB_2020.zzz_unzipped-U_PROCUREMENT_MasterJustificationBook_Navy_PB_2020.xml","43247d3fc5a948dda4336393c7913d4aa2fa9f852a7866beab8de25bd6f746c0","1-631b3e5b758d94409ba747c6f44dffbb13f9b5570ae991aa6a689c9d57cfc36a","0-1e3b7b6a494d6ba818c780d0daa59a5ecb1a7907641c593269fbaba4374c6407","root.record.ItemExhibitList.P5Item"
"","3.7","3.7","[5025] TAO Fleet Oiler","2020-BASE_PROCUREMENT-2020-NAVY_SHIPBUILDINGANDCOVERSION-U_PROCUREMENT_MasterJustificationBook_Navy_PB_2020.zzz_unzipped-U_PROCUREMENT_MasterJustificationBook_Navy_PB_2020.xml","43247d3fc5a948dda4336393c7913d4aa2fa9f852a7866beab8de25bd6f746c0","2-031f297b2dd52b8a0797f5ee23cfc8fa579b79caf46177da640ded9f23a932e7","0-1e3b7b6a494d6ba818c780d0daa59a5ecb1a7907641c593269fbaba4374c6407","root.record.ItemExhibitList.P5Item"
