[
    {
        "Name_@footnote": "Direct Mission Support (DMS) includes Systems Engineering, Shipping and Testing for Acquisition Projects",
        "Name_val": "Direct Mission Support (DMS) [Systems Engineering, Testing, Shipping]",
        "Cost_TotalCost_PriorYear_val": "0.332",
        "Cost_TotalCost_CurrentYear_val": "0.23",
        "Cost_TotalCost_BudgetYearOneBase_val": "0.3",
        "Cost_TotalCost_BudgetYearOne_val": "0.3",
        "Cost_TotalCost_BudgetYearOneOCO_val": "",
        "Cost_TotalCost_AllPriorYears_val": "",
        "Cost_Quantity_BudgetYearOneOCO_val": "",
        "Cost_Quantity_BudgetYearOne_val": "",
        "Cost_Quantity_PriorYear_val": "",
        "Cost_Quantity_AllPriorYears_val": "",
        "Cost_Quantity_CurrentYear_val": "",
        "Cost_UnitCost_BudgetYearOneOCO_val": "",
        "Cost_UnitCost_BudgetYearOne_val": "",
        "Cost_UnitCost_PriorYear_val": "",
        "Cost_UnitCost_AllPriorYears_val": "",
        "Cost_UnitCost_CurrentYear_val": "",
        "@SOURCE_FILENAME": "2015-BASE_PROCUREMENT-2015-AIRFORCE_OTHER-PROCUREMENT_JustificationBook_Air_Force_PB_2015.zzz_unzipped-PROCUREMENT_JustificationBook_Air_Force_PB_2015.xml",
        "@RECORDID": "936c5caf731caa66bd1401194ef68fb2df6b62d89f1b26f7b06f138b8dee0e6e",
        "@ROWID": "0-5143877f2838e3162055292d341975a7216e25f33d9b5fc0a3e8cc957a77b4f4",
        "@PARENTROWID": "1-ec48d226cc9b8b89f342e099930c481452058bae78346824c921e87dce3ae7b8",
        "@PARENT": "root.record.ItemExhibitList.P5Item"
    },
    {
        "Name_@footnote": "",
        "Name_val": "PMA Contractor Services",
        "Cost_TotalCost_PriorYear_val": "0.177",
        "Cost_TotalCost_CurrentYear_val": "0.247",
        "Cost_TotalCost_BudgetYearOneBase_val": "0.2",
        "Cost_TotalCost_BudgetYearOne_val": "0.2",
        "Cost_TotalCost_BudgetYearOneOCO_val": "",
        "Cost_TotalCost_AllPriorYears_val": "",
        "Cost_Quantity_BudgetYearOneOCO_val": "",
        "Cost_Quantity_BudgetYearOne_val": "",
        "Cost_Quantity_PriorYear_val": "",
        "Cost_Quantity_AllPriorYears_val": "",
        "Cost_Quantity_CurrentYear_val": "",
        "Cost_UnitCost_BudgetYearOneOCO_val": "",
        "Cost_UnitCost_BudgetYearOne_val": "",
        "Cost_UnitCost_PriorYear_val": "",
        "Cost_UnitCost_AllPriorYears_val": "",
        "Cost_UnitCost_CurrentYear_val": "",
        "@SOURCE_FILENAME": "2015-BASE_PROCUREMENT-2015-AIRFORCE_OTHER-PROCUREMENT_JustificationBook_Air_Force_PB_2015.zzz_unzipped-PROCUREMENT_JustificationBook_Air_Force_PB_2015.xml",
        "@RECORDID": "936c5caf731caa66bd1401194ef68fb2df6b62d89f1b26f7b06f138b8dee0e6e",
        "@ROWID": "1-fa498e173c16db2ecbbf6777910c87044dabb4c37f846f102304117260478757",
        "@PARENTROWID": "1-ec48d226cc9b8b89f342e099930c481452058bae78346824c921e87dce3ae7b8",
        "@PARENT": "root.record.ItemExhibitList.P5Item"
    },
    {
        "Name_@footnote": "",
        "Name_val": "PMA Other Government Costs",
        "Cost_TotalCost_PriorYear_val": "0.053",
        "Cost_TotalCost_CurrentYear_val": "0.069",
        "Cost_TotalCost_BudgetYearOneBase_val": "0.07",
        "Cost_TotalCost_BudgetYearOne_val": "0.07",
        "Cost_TotalCost_BudgetYearOneOCO_val": "",
        "Cost_TotalCost_AllPriorYears_val": "",
        "Cost_Quantity_BudgetYearOneOCO_val": "",
        "Cost_Quantity_BudgetYearOne_val": "",
        "Cost_Quantity_PriorYear_val": "",
        "Cost_Quantity_AllPriorYears_val": "",
        "Cost_Quantity_CurrentYear_val": "",
        "Cost_UnitCost_BudgetYearOneOCO_val": "",
        "Cost_UnitCost_BudgetYearOne_val": "",
        "Cost_UnitCost_PriorYear_val": "",
        "Cost_UnitCost_AllPriorYears_val": "",
        "Cost_UnitCost_CurrentYear_val": "",
        "@SOURCE_FILENAME": "2015-BASE_PROCUREMENT-2015-AIRFORCE_OTHER-PROCUREMENT_JustificationBook_Air_Force_PB_2015.zzz_unzipped-PROCUREMENT_JustificationBook_Air_Force_PB_2015.xml",
        "@RECORDID": "936c5caf731caa66bd1401194ef68fb2df6b62d89f1b26f7b06f138b8dee0e6e",
        "@ROWID": "2-32d2901e0e04c15eebf51657cbec63c26e2a06b3fba9785604629c40fb93c4c2",
        "@PARENTROWID": "1-ec48d226cc9b8b89f342e099930c481452058bae78346824c921e87dce3ae7b8",
        "@PARENT": "root.record.ItemExhibitList.P5Item"
    },
    {
        "Name_@footnote": "Direct Mission Support (DMS) includes Systems Engineering, Shipping and Testing for Acquisition Projects",
        "Name_val": "Direct Mission Support (DMS) [Systems Engineering, Testing, Shipping]",
        "Cost_TotalCost_PriorYear_val": "0.332",
        "Cost_TotalCost_CurrentYear_val": "0.23",
        "Cost_TotalCost_BudgetYearOneBase_val": "0.3",
        "Cost_TotalCost_BudgetYearOne_val": "0.3",
        "Cost_TotalCost_BudgetYearOneOCO_val": "",
        "Cost_TotalCost_AllPriorYears_val": "",
        "Cost_Quantity_BudgetYearOneOCO_val": "",
        "Cost_Quantity_BudgetYearOne_val": "",
        "Cost_Quantity_PriorYear_val": "",
        "Cost_Quantity_AllPriorYears_val": "",
        "Cost_Quantity_CurrentYear_val": "",
        "Cost_UnitCost_BudgetYearOneOCO_val": "",
        "Cost_UnitCost_BudgetYearOne_val": "",
        "Cost_UnitCost_PriorYear_val": "",
        "Cost_UnitCost_AllPriorYears_val": "",
        "Cost_UnitCost_CurrentYear_val": "",
        "@SOURCE_FILENAME": "2015-BASE_PROCUREMENT-2015-AIRFORCE_OTHER-PROCUREMENT_MasterJustificationBook_Air_Force_PB_2015.zzz_unzipped-PROCUREMENT_MasterJustificationBook_Air_Force_PB_2015.xml",
        "@RECORDID": "826531b732742c08e82d92ec80b2b0f5ae8400e3bbfac94ec6cbac56282a529e",
        "@ROWID": "0-78dead60618cda2092ffeb6b4f2b22dd4f5e059ac94f5e533b1d525dc7f10866",
        "@PARENTROWID": "1-f49f2bb321c9a503b3e0c4c551e243374f5398f9fd0b19b7827137c28a23c8c8",
        "@PARENT": "root.record.ItemExhibitList.P5Item"
    },
    {
        "Name_@footnote": "",
        "Name_val": "PMA Contractor Services",
        "Cost_TotalCost_PriorYear_val": "0.177",
        "Cost_TotalCost_CurrentYear_val": "0.247",
        "Cost_TotalCost_BudgetYearOneBase_val": "0.2",
        "Cost_TotalCost_BudgetYearOne_val": "0.2",
        "Cost_TotalCost_BudgetYearOneOCO_val": "",
        "Cost_TotalCost_AllPriorYears_val": "",
        "Cost_Quantity_BudgetYearOneOCO_val": "",
        "Cost_Quantity_BudgetYearOne_val": "",
        "Cost_Quantity_PriorYear_val": "",
        "Cost_Quantity_AllPriorYears_val": "",
        "Cost_Quantity_CurrentYear_val": "",
        "Cost_UnitCost_BudgetYearOneOCO_val": "",
        "Cost_UnitCost_BudgetYearOne_val": "",
        "Cost_UnitCost_PriorYear_val": "",
        "Cost_UnitCost_AllPriorYears_val": "",
        "Cost_UnitCost_CurrentYear_val": "",
        "@SOURCE_FILENAME": "2015-BASE_PROCUREMENT-2015-AIRFORCE_OTHER-PROCUREMENT_MasterJustificationBook_Air_Force_PB_2015.zzz_unzipped-PROCUREMENT_MasterJustificationBook_Air_Force_PB_2015.xml",
        "@RECORDID": "826531b732742c08e82d92ec80b2b0f5ae8400e3bbfac94ec6cbac56282a529e",
        "@ROWID": "1-68932e4e3d136b0282406bb61a1503cdaaa3073c11ea5581db5664442557cd68",
        "@PARENTROWID": "1-f49f2bb321c9a503b3e0c4c551e243374f5398f9fd0b19b7827137c28a23c8c8",
        "@PARENT": "root.record.ItemExhibitList.P5Item"
    },
    {
        "Name_@footnote": "",
        "Name_val": "PMA Other Government Costs",
        "Cost_TotalCost_PriorYear_val": "0.053",
        "Cost_TotalCost_CurrentYear_val": "0.069",
        "Cost_TotalCost_BudgetYearOneBase_val": "0.07",
        "Cost_TotalCost_BudgetYearOne_val": "0.07",
        "Cost_TotalCost_BudgetYearOneOCO_val": "",
        "Cost_TotalCost_AllPriorYears_val": "",
        "Cost_Quantity_BudgetYearOneOCO_val": "",
        "Cost_Quantity_BudgetYearOne_val": "",
        "Cost_Quantity_PriorYear_val": "",
        "Cost_Quantity_AllPriorYears_val": "",
        "Cost_Quantity_CurrentYear_val": "",
        "Cost_UnitCost_BudgetYearOneOCO_val": "",
        "Cost_UnitCost_BudgetYearOne_val": "",
        "Cost_UnitCost_PriorYear_val": "",
        "Cost_UnitCost_AllPriorYears_val": "",
        "Cost_UnitCost_CurrentYear_val": "",
        "@SOURCE_FILENAME": "2015-BASE_PROCUREMENT-2015-AIRFORCE_OTHER-PROCUREMENT_MasterJustificationBook_Air_Force_PB_2015.zzz_unzipped-PROCUREMENT_MasterJustificationBook_Air_Force_PB_2015.xml",
        "@RECORDID": "826531b732742c08e82d92ec80b2b0f5ae8400e3bbfac94ec6cbac56282a529e",
        "@ROWID": "2-c27d8513e6045adeec378b76aeb5dcd5541468c16b17edc9888f7ce8ac1271f1",
        "@PARENTROWID": "1-f49f2bb321c9a503b3e0c4c551e243374f5398f9fd0b19b7827137c28a23c8c8",
        "@PARENT": "root.record.ItemExhibitList.P5Item"
    },
    {
        "Name_@footnote": "",
        "Name_val": "Direct Mission Support (DMS) [Systems Engineering, Testing, Shipping]",
        "Cost_TotalCost_PriorYear_val": "0.23",
        "Cost_TotalCost_CurrentYear_val": "0.3",
        "Cost_TotalCost_BudgetYearOneBase_val": "0.372",
        "Cost_TotalCost_BudgetYearOne_val": "0.372",
        "Cost_TotalCost_BudgetYearOneOCO_val": "",
        "Cost_TotalCost_AllPriorYears_val": "",
        "Cost_Quantity_BudgetYearOneOCO_val": "",
        "Cost_Quantity_BudgetYearOne_val": "",
        "Cost_Quantity_PriorYear_val": "",
        "Cost_Quantity_AllPriorYears_val": "",
        "Cost_Quantity_CurrentYear_val": "",
        "Cost_UnitCost_BudgetYearOneOCO_val": "",
        "Cost_UnitCost_BudgetYearOne_val": "",
        "Cost_UnitCost_PriorYear_val": "",
        "Cost_UnitCost_AllPriorYears_val": "",
        "Cost_UnitCost_CurrentYear_val": "",
        "@SOURCE_FILENAME": "2016-BASE_PROCUREMENT-2016-AIRFORCE_OTHER-PROCUREMENT_JustificationBook_Air_Force_PB_2016.zzz_unzipped-PROCUREMENT_JustificationBook_Air_Force_PB_2016.xml",
        "@RECORDID": "c61fd05e067db29f50f506c03f7e7b0592a337009475dfd71ce31907e8bcfac0",
        "@ROWID": "0-104025f7ecd89f581f1ff4bbf92f3c7ae1755fc19862d57ecaf282f6781fdf14",
        "@PARENTROWID": "0-24094ff2f2c324d38317b8756725077deb51a478ce42a49cad7902dc42eb3d4e",
        "@PARENT": "root.record.ItemExhibitList.P5Item"
    },
    {
        "Name_@footnote": "",
        "Name_val": "PMA Contractor Services",
        "Cost_TotalCost_PriorYear_val": "0.247",
        "Cost_TotalCost_CurrentYear_val": "0.2",
        "Cost_TotalCost_BudgetYearOneBase_val": "0.245",
        "Cost_TotalCost_BudgetYearOne_val": "0.245",
        "Cost_TotalCost_BudgetYearOneOCO_val": "",
        "Cost_TotalCost_AllPriorYears_val": "",
        "Cost_Quantity_BudgetYearOneOCO_val": "",
        "Cost_Quantity_BudgetYearOne_val": "",
        "Cost_Quantity_PriorYear_val": "",
        "Cost_Quantity_AllPriorYears_val": "",
        "Cost_Quantity_CurrentYear_val": "",
        "Cost_UnitCost_BudgetYearOneOCO_val": "",
        "Cost_UnitCost_BudgetYearOne_val": "",
        "Cost_UnitCost_PriorYear_val": "",
        "Cost_UnitCost_AllPriorYears_val": "",
        "Cost_UnitCost_CurrentYear_val": "",
        "@SOURCE_FILENAME": "2016-BASE_PROCUREMENT-2016-AIRFORCE_OTHER-PROCUREMENT_JustificationBook_Air_Force_PB_2016.zzz_unzipped-PROCUREMENT_JustificationBook_Air_Force_PB_2016.xml",
        "@RECORDID": "c61fd05e067db29f50f506c03f7e7b0592a337009475dfd71ce31907e8bcfac0",
        "@ROWID": "1-9788aa3630b4d427e7e892a7fb92297fd9bd802302192d698a73cc0803f90a65",
        "@PARENTROWID": "0-24094ff2f2c324d38317b8756725077deb51a478ce42a49cad7902dc42eb3d4e",
        "@PARENT": "root.record.ItemExhibitList.P5Item"
    },
    {
        "Name_@footnote": "",
        "Name_val": "PMA Other Government Costs",
        "Cost_TotalCost_PriorYear_val": "0.069",
        "Cost_TotalCost_CurrentYear_val": "0.07",
        "Cost_TotalCost_BudgetYearOneBase_val": "0.085",
        "Cost_TotalCost_BudgetYearOne_val": "0.085",
        "Cost_TotalCost_BudgetYearOneOCO_val": "",
        "Cost_TotalCost_AllPriorYears_val": "",
        "Cost_Quantity_BudgetYearOneOCO_val": "",
        "Cost_Quantity_BudgetYearOne_val": "",
        "Cost_Quantity_PriorYear_val": "",
        "Cost_Quantity_AllPriorYears_val": "",
        "Cost_Quantity_CurrentYear_val": "",
        "Cost_UnitCost_BudgetYearOneOCO_val": "",
        "Cost_UnitCost_BudgetYearOne_val": "",
        "Cost_UnitCost_PriorYear_val": "",
        "Cost_UnitCost_AllPriorYears_val": "",
        "Cost_UnitCost_CurrentYear_val": "",
        "@SOURCE_FILENAME": "2016-BASE_PROCUREMENT-2016-AIRFORCE_OTHER-PROCUREMENT_JustificationBook_Air_Force_PB_2016.zzz_unzipped-PROCUREMENT_JustificationBook_Air_Force_PB_2016.xml",
        "@RECORDID": "c61fd05e067db29f50f506c03f7e7b0592a337009475dfd71ce31907e8bcfac0",
        "@ROWID": "2-2e72fc1ce9b60cb312244ce1cb9e44ee8cf904f0ff585617873991848252351c",
        "@PARENTROWID": "0-24094ff2f2c324d38317b8756725077deb51a478ce42a49cad7902dc42eb3d4e",
        "@PARENT": "root.record.ItemExhibitList.P5Item"
    },
    {
        "Name_@footnote": "",
        "Name_val": "Direct Mission Support (DMS) [Systems Engineering, Testing, Shipping]",
        "Cost_TotalCost_PriorYear_val": "0.23",
        "Cost_TotalCost_CurrentYear_val": "0.3",
        "Cost_TotalCost_BudgetYearOneBase_val": "0.372",
        "Cost_TotalCost_BudgetYearOne_val": "0.372",
        "Cost_TotalCost_BudgetYearOneOCO_val": "",
        "Cost_TotalCost_AllPriorYears_val": "",
        "Cost_Quantity_BudgetYearOneOCO_val": "",
        "Cost_Quantity_BudgetYearOne_val": "",
        "Cost_Quantity_PriorYear_val": "",
        "Cost_Quantity_AllPriorYears_val": "",
        "Cost_Quantity_CurrentYear_val": "",
        "Cost_UnitCost_BudgetYearOneOCO_val": "",
        "Cost_UnitCost_BudgetYearOne_val": "",
        "Cost_UnitCost_PriorYear_val": "",
        "Cost_UnitCost_AllPriorYears_val": "",
        "Cost_UnitCost_CurrentYear_val": "",
        "@SOURCE_FILENAME": "2016-BASE_PROCUREMENT-2016-AIRFORCE_OTHER-PROCUREMENT_MasterJustificationBook_Air_Force_PB_2016.zzz_unzipped-PROCUREMENT_MasterJustificationBook_Air_Force_PB_2016.xml",
        "@RECORDID": "649b8099b755f664a08417845f1b80d7d9cb90e407fd19fced5269f591c927de",
        "@ROWID": "0-868529bcd376fee74465dca48a5c9a65084447652e7a86b57d6c8d26b6ae538e",
        "@PARENTROWID": "0-c131ad12f08da929037f0c92c4c8851eee866da4f198585bbdcfe044506d6c46",
        "@PARENT": "root.record.ItemExhibitList.P5Item"
    },
    {
        "Name_@footnote": "",
        "Name_val": "PMA Contractor Services",
        "Cost_TotalCost_PriorYear_val": "0.247",
        "Cost_TotalCost_CurrentYear_val": "0.2",
        "Cost_TotalCost_BudgetYearOneBase_val": "0.245",
        "Cost_TotalCost_BudgetYearOne_val": "0.245",
        "Cost_TotalCost_BudgetYearOneOCO_val": "",
        "Cost_TotalCost_AllPriorYears_val": "",
        "Cost_Quantity_BudgetYearOneOCO_val": "",
        "Cost_Quantity_BudgetYearOne_val": "",
        "Cost_Quantity_PriorYear_val": "",
        "Cost_Quantity_AllPriorYears_val": "",
        "Cost_Quantity_CurrentYear_val": "",
        "Cost_UnitCost_BudgetYearOneOCO_val": "",
        "Cost_UnitCost_BudgetYearOne_val": "",
        "Cost_UnitCost_PriorYear_val": "",
        "Cost_UnitCost_AllPriorYears_val": "",
        "Cost_UnitCost_CurrentYear_val": "",
        "@SOURCE_FILENAME": "2016-BASE_PROCUREMENT-2016-AIRFORCE_OTHER-PROCUREMENT_MasterJustificationBook_Air_Force_PB_2016.zzz_unzipped-PROCUREMENT_MasterJustificationBook_Air_Force_PB_2016.xml",
        "@RECORDID": "649b8099b755f664a08417845f1b80d7d9cb90e407fd19fced5269f591c927de",
        "@ROWID": "1-40290447f9c50895bec4d740f6929a7414851132afcca4f6cb7cfefd319789f4",
        "@PARENTROWID": "0-c131ad12f08da929037f0c92c4c8851eee866da4f198585bbdcfe044506d6c46",
        "@PARENT": "root.record.ItemExhibitList.P5Item"
    },
    {
        "Name_@footnote": "",
        "Name_val": "PMA Other Government Costs",
        "Cost_TotalCost_PriorYear_val": "0.069",
        "Cost_TotalCost_CurrentYear_val": "0.07",
        "Cost_TotalCost_BudgetYearOneBase_val": "0.085",
        "Cost_TotalCost_BudgetYearOne_val": "0.085",
        "Cost_TotalCost_BudgetYearOneOCO_val": "",
        "Cost_TotalCost_AllPriorYears_val": "",
        "Cost_Quantity_BudgetYearOneOCO_val": "",
        "Cost_Quantity_BudgetYearOne_val": "",
        "Cost_Quantity_PriorYear_val": "",
        "Cost_Quantity_AllPriorYears_val": "",
        "Cost_Quantity_CurrentYear_val": "",
        "Cost_UnitCost_BudgetYearOneOCO_val": "",
        "Cost_UnitCost_BudgetYearOne_val": "",
        "Cost_UnitCost_PriorYear_val": "",
        "Cost_UnitCost_AllPriorYears_val": "",
        "Cost_UnitCost_CurrentYear_val": "",
        "@SOURCE_FILENAME": "2016-BASE_PROCUREMENT-2016-AIRFORCE_OTHER-PROCUREMENT_MasterJustificationBook_Air_Force_PB_2016.zzz_unzipped-PROCUREMENT_MasterJustificationBook_Air_Force_PB_2016.xml",
        "@RECORDID": "649b8099b755f664a08417845f1b80d7d9cb90e407fd19fced5269f591c927de",
        "@ROWID": "2-1f725440da1a16e150fafe6b89c79e6a5711b1b9121be490b39f277248e6658b",
        "@PARENTROWID": "0-c131ad12f08da929037f0c92c4c8851eee866da4f198585bbdcfe044506d6c46",
        "@PARENT": "root.record.ItemExhibitList.P5Item"
    },
    {
        "Name_@footnote": "",
        "Name_val": "Direct Mission Support (DMS) [Systems Engineering, Testing, Shipping]",
        "Cost_TotalCost_PriorYear_val": "0.3",
        "Cost_TotalCost_CurrentYear_val": "0.372",
        "Cost_TotalCost_BudgetYearOneBase_val": "0.269",
        "Cost_TotalCost_BudgetYearOne_val": "0.269",
        "Cost_TotalCost_BudgetYearOneOCO_val": "0",
        "Cost_TotalCost_AllPriorYears_val": "",
        "Cost_Quantity_BudgetYearOneOCO_val": "",
        "Cost_Quantity_BudgetYearOne_val": "",
        "Cost_Quantity_PriorYear_val": "",
        "Cost_Quantity_AllPriorYears_val": "",
        "Cost_Quantity_CurrentYear_val": "",
        "Cost_UnitCost_BudgetYearOneOCO_val": "",
        "Cost_UnitCost_BudgetYearOne_val": "",
        "Cost_UnitCost_PriorYear_val": "",
        "Cost_UnitCost_AllPriorYears_val": "",
        "Cost_UnitCost_CurrentYear_val": "",
        "@SOURCE_FILENAME": "2017-BASE_PROCUREMENT-2017-AIRFORCE_OTHER-U_PROCUREMENT_JustificationBook_Air_Force_PB_2017.zzz_unzipped-U_PROCUREMENT_JustificationBook_Air_Force_PB_2017.xml",
        "@RECORDID": "f4749bb0cc88ad02d19f332b9eceeb278aa73ab0d844ad22924138230fe2dbe9",
        "@ROWID": "0-9712c14688c82846b3c51ebbd7c8635a517c7ddf381fd638a86b77eaa60ebda9",
        "@PARENTROWID": "0-b1ce3ef3d08404bb3b47861721d969a69e6fe284964bd1af40608174631cd0a0",
        "@PARENT": "root.record.ItemExhibitList.P5Item"
    },
    {
        "Name_@footnote": "",
        "Name_val": "PMA Contractor Services",
        "Cost_TotalCost_PriorYear_val": "0.2",
        "Cost_TotalCost_CurrentYear_val": "0.245",
        "Cost_TotalCost_BudgetYearOneBase_val": "0.175",
        "Cost_TotalCost_BudgetYearOne_val": "0.175",
        "Cost_TotalCost_BudgetYearOneOCO_val": "0",
        "Cost_TotalCost_AllPriorYears_val": "",
        "Cost_Quantity_BudgetYearOneOCO_val": "",
        "Cost_Quantity_BudgetYearOne_val": "",
        "Cost_Quantity_PriorYear_val": "",
        "Cost_Quantity_AllPriorYears_val": "",
        "Cost_Quantity_CurrentYear_val": "",
        "Cost_UnitCost_BudgetYearOneOCO_val": "",
        "Cost_UnitCost_BudgetYearOne_val": "",
        "Cost_UnitCost_PriorYear_val": "",
        "Cost_UnitCost_AllPriorYears_val": "",
        "Cost_UnitCost_CurrentYear_val": "",
        "@SOURCE_FILENAME": "2017-BASE_PROCUREMENT-2017-AIRFORCE_OTHER-U_PROCUREMENT_JustificationBook_Air_Force_PB_2017.zzz_unzipped-U_PROCUREMENT_JustificationBook_Air_Force_PB_2017.xml",
        "@RECORDID": "f4749bb0cc88ad02d19f332b9eceeb278aa73ab0d844ad22924138230fe2dbe9",
        "@ROWID": "1-e859b5e048ee282fa586984784494329ab1b3e04befdb6c8b38c3f358253d7b0",
        "@PARENTROWID": "0-b1ce3ef3d08404bb3b47861721d969a69e6fe284964bd1af40608174631cd0a0",
        "@PARENT": "root.record.ItemExhibitList.P5Item"
    },
    {
        "Name_@footnote": "",
        "Name_val": "PMA Other Government Costs",
        "Cost_TotalCost_PriorYear_val": "0.07",
        "Cost_TotalCost_CurrentYear_val": "0.085",
        "Cost_TotalCost_BudgetYearOneBase_val": "0.06",
        "Cost_TotalCost_BudgetYearOne_val": "0.06",
        "Cost_TotalCost_BudgetYearOneOCO_val": "0",
        "Cost_TotalCost_AllPriorYears_val": "",
        "Cost_Quantity_BudgetYearOneOCO_val": "",
        "Cost_Quantity_BudgetYearOne_val": "",
        "Cost_Quantity_PriorYear_val": "",
        "Cost_Quantity_AllPriorYears_val": "",
        "Cost_Quantity_CurrentYear_val": "",
        "Cost_UnitCost_BudgetYearOneOCO_val": "",
        "Cost_UnitCost_BudgetYearOne_val": "",
        "Cost_UnitCost_PriorYear_val": "",
        "Cost_UnitCost_AllPriorYears_val": "",
        "Cost_UnitCost_CurrentYear_val": "",
        "@SOURCE_FILENAME": "2017-BASE_PROCUREMENT-2017-AIRFORCE_OTHER-U_PROCUREMENT_JustificationBook_Air_Force_PB_2017.zzz_unzipped-U_PROCUREMENT_JustificationBook_Air_Force_PB_2017.xml",
        "@RECORDID": "f4749bb0cc88ad02d19f332b9eceeb278aa73ab0d844ad22924138230fe2dbe9",
        "@ROWID": "2-5daed2ab33505a9dabe2bbfc8dd8a2f70ab763054b055591e6c17df8907e29bd",
        "@PARENTROWID": "0-b1ce3ef3d08404bb3b47861721d969a69e6fe284964bd1af40608174631cd0a0",
        "@PARENT": "root.record.ItemExhibitList.P5Item"
    },
    {
        "Name_@footnote": "",
        "Name_val": "Direct Mission Support (DMS) [Systems Engineering, Testing, Shipping]",
        "Cost_TotalCost_PriorYear_val": "0.3",
        "Cost_TotalCost_CurrentYear_val": "0.372",
        "Cost_TotalCost_BudgetYearOneBase_val": "0.269",
        "Cost_TotalCost_BudgetYearOne_val": "0.269",
        "Cost_TotalCost_BudgetYearOneOCO_val": "0",
        "Cost_TotalCost_AllPriorYears_val": "",
        "Cost_Quantity_BudgetYearOneOCO_val": "",
        "Cost_Quantity_BudgetYearOne_val": "",
        "Cost_Quantity_PriorYear_val": "",
        "Cost_Quantity_AllPriorYears_val": "",
        "Cost_Quantity_CurrentYear_val": "",
        "Cost_UnitCost_BudgetYearOneOCO_val": "",
        "Cost_UnitCost_BudgetYearOne_val": "",
        "Cost_UnitCost_PriorYear_val": "",
        "Cost_UnitCost_AllPriorYears_val": "",
        "Cost_UnitCost_CurrentYear_val": "",
        "@SOURCE_FILENAME": "2017-BASE_PROCUREMENT-2017-AIRFORCE_OTHER-U_PROCUREMENT_MasterJustificationBook_Air_Force_PB_2017.zzz_unzipped-U_PROCUREMENT_MasterJustificationBook_Air_Force_PB_2017.xml",
        "@RECORDID": "6bc8a8322c6eb0df063c20df2152f4cff190c2ecef8e4d87a3bb1b2eeda2c7f9",
        "@ROWID": "0-b803f2822425c1ede65a0e4292986eaecbc061852d3e52882d61db3f0956abd0",
        "@PARENTROWID": "0-98bd4fb8206675e4ab92efa89d30621024a1f7e016c6a2f01ce58b7c65c2b0e2",
        "@PARENT": "root.record.ItemExhibitList.P5Item"
    },
    {
        "Name_@footnote": "",
        "Name_val": "PMA Contractor Services",
        "Cost_TotalCost_PriorYear_val": "0.2",
        "Cost_TotalCost_CurrentYear_val": "0.245",
        "Cost_TotalCost_BudgetYearOneBase_val": "0.175",
        "Cost_TotalCost_BudgetYearOne_val": "0.175",
        "Cost_TotalCost_BudgetYearOneOCO_val": "0",
        "Cost_TotalCost_AllPriorYears_val": "",
        "Cost_Quantity_BudgetYearOneOCO_val": "",
        "Cost_Quantity_BudgetYearOne_val": "",
        "Cost_Quantity_PriorYear_val": "",
        "Cost_Quantity_AllPriorYears_val": "",
        "Cost_Quantity_CurrentYear_val": "",
        "Cost_UnitCost_BudgetYearOneOCO_val": "",
        "Cost_UnitCost_BudgetYearOne_val": "",
        "Cost_UnitCost_PriorYear_val": "",
        "Cost_UnitCost_AllPriorYears_val": "",
        "Cost_UnitCost_CurrentYear_val": "",
        "@SOURCE_FILENAME": "2017-BASE_PROCUREMENT-2017-AIRFORCE_OTHER-U_PROCUREMENT_MasterJustificationBook_Air_Force_PB_2017.zzz_unzipped-U_PROCUREMENT_MasterJustificationBook_Air_Force_PB_2017.xml",
        "@RECORDID": "6bc8a8322c6eb0df063c20df2152f4cff190c2ecef8e4d87a3bb1b2eeda2c7f9",
        "@ROWID": "1-42792bf5e6ff77b4180246c185e794f70ce80808e44009375093fcca534d1785",
        "@PARENTROWID": "0-98bd4fb8206675e4ab92efa89d30621024a1f7e016c6a2f01ce58b7c65c2b0e2",
        "@PARENT": "root.record.ItemExhibitList.P5Item"
    },
    {
        "Name_@footnote": "",
        "Name_val": "PMA Other Government Costs",
        "Cost_TotalCost_PriorYear_val": "0.07",
        "Cost_TotalCost_CurrentYear_val": "0.085",
        "Cost_TotalCost_BudgetYearOneBase_val": "0.06",
        "Cost_TotalCost_BudgetYearOne_val": "0.06",
        "Cost_TotalCost_BudgetYearOneOCO_val": "0",
        "Cost_TotalCost_AllPriorYears_val": "",
        "Cost_Quantity_BudgetYearOneOCO_val": "",
        "Cost_Quantity_BudgetYearOne_val": "",
        "Cost_Quantity_PriorYear_val": "",
        "Cost_Quantity_AllPriorYears_val": "",
        "Cost_Quantity_CurrentYear_val": "",
        "Cost_UnitCost_BudgetYearOneOCO_val": "",
        "Cost_UnitCost_BudgetYearOne_val": "",
        "Cost_UnitCost_PriorYear_val": "",
        "Cost_UnitCost_AllPriorYears_val": "",
        "Cost_UnitCost_CurrentYear_val": "",
        "@SOURCE_FILENAME": "2017-BASE_PROCUREMENT-2017-AIRFORCE_OTHER-U_PROCUREMENT_MasterJustificationBook_Air_Force_PB_2017.zzz_unzipped-U_PROCUREMENT_MasterJustificationBook_Air_Force_PB_2017.xml",
        "@RECORDID": "6bc8a8322c6eb0df063c20df2152f4cff190c2ecef8e4d87a3bb1b2eeda2c7f9",
        "@ROWID": "2-0cdc8dc425f6df5b9285d8b13f223c70a15bba774f2874efca85453e9ad0c418",
        "@PARENTROWID": "0-98bd4fb8206675e4ab92efa89d30621024a1f7e016c6a2f01ce58b7c65c2b0e2",
        "@PARENT": "root.record.ItemExhibitList.P5Item"
    },
    {
        "Name_@footnote": "",
        "Name_val": "Flight Control Units",
        "Cost_TotalCost_PriorYear_val": "",
        "Cost_TotalCost_CurrentYear_val": "",
        "Cost_TotalCost_BudgetYearOneBase_val": "",
        "Cost_TotalCost_BudgetYearOne_val": "0.253",
        "Cost_TotalCost_BudgetYearOneOCO_val": "0.253",
        "Cost_TotalCost_AllPriorYears_val": "",
        "Cost_Quantity_BudgetYearOneOCO_val": "10",
        "Cost_Quantity_BudgetYearOne_val": "10",
        "Cost_Quantity_PriorYear_val": "",
        "Cost_Quantity_AllPriorYears_val": "",
        "Cost_Quantity_CurrentYear_val": "",
        "Cost_UnitCost_BudgetYearOneOCO_val": "25.32",
        "Cost_UnitCost_BudgetYearOne_val": "25.32",
        "Cost_UnitCost_PriorYear_val": "",
        "Cost_UnitCost_AllPriorYears_val": "",
        "Cost_UnitCost_CurrentYear_val": "",
        "@SOURCE_FILENAME": "2017-BASE_PROCUREMENT-2017-ARMY_MISSLE-U_PROCUREMENT_JustificationBook_Army_PB_2017.zzz_unzipped-U_PROCUREMENT_JustificationBook_Army_PB_2017.xml",
        "@RECORDID": "256d6dd6d8dad786dfe5c29e24260aa88d3eb2c0a568b365302fd67e89c1e21c",
        "@ROWID": "0-8ba92e0c8b319ec085bc722eb140d80dac89a30e57b22a780e55d23b2add4c1e",
        "@PARENTROWID": "0-12d0d80b1604cb80853281dc2cb51dad87efabe83a7a60c50588accd0d155888",
        "@PARENT": "root.record.ItemExhibitList.P5Item"
    },
    {
        "Name_@footnote": "",
        "Name_val": "Tactical Battery Chargers",
        "Cost_TotalCost_PriorYear_val": "",
        "Cost_TotalCost_CurrentYear_val": "",
        "Cost_TotalCost_BudgetYearOneBase_val": "",
        "Cost_TotalCost_BudgetYearOne_val": "0.037",
        "Cost_TotalCost_BudgetYearOneOCO_val": "0.037",
        "Cost_TotalCost_AllPriorYears_val": "",
        "Cost_Quantity_BudgetYearOneOCO_val": "10",
        "Cost_Quantity_BudgetYearOne_val": "10",
        "Cost_Quantity_PriorYear_val": "",
        "Cost_Quantity_AllPriorYears_val": "",
        "Cost_Quantity_CurrentYear_val": "",
        "Cost_UnitCost_BudgetYearOneOCO_val": "3.68",
        "Cost_UnitCost_BudgetYearOne_val": "3.68",
        "Cost_UnitCost_PriorYear_val": "",
        "Cost_UnitCost_AllPriorYears_val": "",
        "Cost_UnitCost_CurrentYear_val": "",
        "@SOURCE_FILENAME": "2017-BASE_PROCUREMENT-2017-ARMY_MISSLE-U_PROCUREMENT_JustificationBook_Army_PB_2017.zzz_unzipped-U_PROCUREMENT_JustificationBook_Army_PB_2017.xml",
        "@RECORDID": "256d6dd6d8dad786dfe5c29e24260aa88d3eb2c0a568b365302fd67e89c1e21c",
        "@ROWID": "1-98e8915b2fd6f007e3bc262587a938c194e0e63a590320ef56087ae4af15eda3",
        "@PARENTROWID": "0-12d0d80b1604cb80853281dc2cb51dad87efabe83a7a60c50588accd0d155888",
        "@PARENT": "root.record.ItemExhibitList.P5Item"
    },
    {
        "Name_@footnote": "",
        "Name_val": "Fielding",
        "Cost_TotalCost_PriorYear_val": "",
        "Cost_TotalCost_CurrentYear_val": "",
        "Cost_TotalCost_BudgetYearOneBase_val": "",
        "Cost_TotalCost_BudgetYearOne_val": "0.36",
        "Cost_TotalCost_BudgetYearOneOCO_val": "0.36",
        "Cost_TotalCost_AllPriorYears_val": "",
        "Cost_Quantity_BudgetYearOneOCO_val": "",
        "Cost_Quantity_BudgetYearOne_val": "",
        "Cost_Quantity_PriorYear_val": "",
        "Cost_Quantity_AllPriorYears_val": "",
        "Cost_Quantity_CurrentYear_val": "",
        "Cost_UnitCost_BudgetYearOneOCO_val": "",
        "Cost_UnitCost_BudgetYearOne_val": "",
        "Cost_UnitCost_PriorYear_val": "",
        "Cost_UnitCost_AllPriorYears_val": "",
        "Cost_UnitCost_CurrentYear_val": "",
        "@SOURCE_FILENAME": "2017-BASE_PROCUREMENT-2017-ARMY_MISSLE-U_PROCUREMENT_JustificationBook_Army_PB_2017.zzz_unzipped-U_PROCUREMENT_JustificationBook_Army_PB_2017.xml",
        "@RECORDID": "256d6dd6d8dad786dfe5c29e24260aa88d3eb2c0a568b365302fd67e89c1e21c",
        "@ROWID": "2-5b2f9ddee7ce69a6b5ad499ebd7e73e3addb77207fe0306b5f9c2bd0add64335",
        "@PARENTROWID": "0-12d0d80b1604cb80853281dc2cb51dad87efabe83a7a60c50588accd0d155888",
        "@PARENT": "root.record.ItemExhibitList.P5Item"
    },
    {
        "Name_@footnote": "",
        "Name_val": "Fire Control Units",
        "Cost_TotalCost_PriorYear_val": "0.978",
        "Cost_TotalCost_CurrentYear_val": "",
        "Cost_TotalCost_BudgetYearOneBase_val": "",
        "Cost_TotalCost_BudgetYearOne_val": "0.988",
        "Cost_TotalCost_BudgetYearOneOCO_val": "0.988",
        "Cost_TotalCost_AllPriorYears_val": "",
        "Cost_Quantity_BudgetYearOneOCO_val": "40",
        "Cost_Quantity_BudgetYearOne_val": "40",
        "Cost_Quantity_PriorYear_val": "39",
        "Cost_Quantity_AllPriorYears_val": "",
        "Cost_Quantity_CurrentYear_val": "",
        "Cost_UnitCost_BudgetYearOneOCO_val": "24.7",
        "Cost_UnitCost_BudgetYearOne_val": "24.7",
        "Cost_UnitCost_PriorYear_val": "25.083",
        "Cost_UnitCost_AllPriorYears_val": "",
        "Cost_UnitCost_CurrentYear_val": "",
        "@SOURCE_FILENAME": "2019-BASE_PROCUREMENT-2019-ARMY_MISSLE-U_PROCUREMENT_JustificationBook_Army_PB_2019.zzz_unzipped-U_PROCUREMENT_JustificationBook_Army_PB_2019.xml",
        "@RECORDID": "e68d85665e7d4b70692e2be56ed604a02ef2a63c4e7173918d2310a73130513a",
        "@ROWID": "0-eeec189a0ece447e3532031cdb26b4a07e9a4abcf2f1e212f9d6866d2e527d1d",
        "@PARENTROWID": "0-50e15e44f585f1cc29c1733d83ceffa3586e4b31cf5d5f13bcf5d2515ab029a9",
        "@PARENT": "root.record.ItemExhibitList.P5Item"
    },
    {
        "Name_@footnote": "",
        "Name_val": "Fire Control Units",
        "Cost_TotalCost_PriorYear_val": "0.288",
        "Cost_TotalCost_CurrentYear_val": "0.988",
        "Cost_TotalCost_BudgetYearOneBase_val": "",
        "Cost_TotalCost_BudgetYearOne_val": "0.962",
        "Cost_TotalCost_BudgetYearOneOCO_val": "0.962",
        "Cost_TotalCost_AllPriorYears_val": "0.978",
        "Cost_Quantity_BudgetYearOneOCO_val": "38",
        "Cost_Quantity_BudgetYearOne_val": "38",
        "Cost_Quantity_PriorYear_val": "12",
        "Cost_Quantity_AllPriorYears_val": "39",
        "Cost_Quantity_CurrentYear_val": "40",
        "Cost_UnitCost_BudgetYearOneOCO_val": "25.316",
        "Cost_UnitCost_BudgetYearOne_val": "25.316",
        "Cost_UnitCost_PriorYear_val": "24",
        "Cost_UnitCost_AllPriorYears_val": "25.077",
        "Cost_UnitCost_CurrentYear_val": "24.7",
        "@SOURCE_FILENAME": "2020-BASE_PROCUREMENT-2020-ARMY_MISSLE-U_PROCUREMENT_JustificationBook_Army_PB_2020.zzz_unzipped-U_PROCUREMENT_JustificationBook_Army_PB_2020.xml",
        "@RECORDID": "630ddfcb017589d340702aff9de65296c5072c72a795388812b00cf9b3e458fa",
        "@ROWID": "0-e93c8a9c48540f5c12a7ae33301a783acd89d7ba5466da0491d16b1752ecef01",
        "@PARENTROWID": "0-aa46c51480f2bcfcdf30615e3b08744bd7db9d5a0fd8053e63014c7889622673",
        "@PARENT": "root.record.ItemExhibitList.P5Item"
    }
]