[
    {
        "Name_@footnote": "Direct Mission Support (DMS) includes Systems Engineering, Shipping and Testing for Acquisition Projects",
        "Name_val": "Direct Mission Support (DMS) [Systems Engineering, Testing, Shipping]",
        "Cost_TotalCost_PriorYear_val": "0.332",
        "Cost_TotalCost_CurrentYear_val": "0.23",
        "Cost_TotalCost_BudgetYearOneBase_val": "0.3",
        "Cost_TotalCost_BudgetYearOne_val": "0.3",
        "Cost_TotalCost_BudgetYearOneOCO_val": "",
        "Cost_TotalCost_AllPriorYears_val": "",
        "Cost_Quantity_BudgetYearOneOCO_val": "",
        "Cost_Quantity_BudgetYearOne_val": "",
        "Cost_Quantity_PriorYear_val": "",
        "Cost_Quantity_AllPriorYears_val": "",
        "Cost_Quantity_CurrentYear_val": "",
        "Cost_UnitCost_BudgetYearOneOCO_val": "",
        "Cost_UnitCost_BudgetYearOne_val": "",
        "Cost_UnitCost_PriorYear_val": "",
        "Cost_UnitCost_AllPriorYears_val": "",
        "Cost_UnitCost_CurrentYear_val": "",
        "@SOURCE_FILENAME": "2015-BASE_PROCUREMENT-2015-AIRFORCE_OTHER-PROCUREMENT_JustificationBook_Air_Force_PB_2015.zzz_unzipped-PROCUREMENT_JustificationBook_Air_Force_PB_2015.xml",
        "@RECORDID": "936c5caf731caa66bd1401194ef68fb2df6b62d89f1b26f7b06f138b8dee0e6e",
        "@ROWID": "0-ee810da63b4b5d4598cf3cf09e700cce908489a1c97183926497444490c01931",
        "@PARENTROWID": "1-32ac34c8861a989a048f8550466f60762d8dfdcca3123bef0070f349c5c53644",
        "@PARENT": "root.record.ItemExhibitList.P5Item"
    },
    {
        "Name_@footnote": "",
        "Name_val": "PMA Contractor Services",
        "Cost_TotalCost_PriorYear_val": "0.177",
        "Cost_TotalCost_CurrentYear_val": "0.247",
        "Cost_TotalCost_BudgetYearOneBase_val": "0.2",
        "Cost_TotalCost_BudgetYearOne_val": "0.2",
        "Cost_TotalCost_BudgetYearOneOCO_val": "",
        "Cost_TotalCost_AllPriorYears_val": "",
        "Cost_Quantity_BudgetYearOneOCO_val": "",
        "Cost_Quantity_BudgetYearOne_val": "",
        "Cost_Quantity_PriorYear_val": "",
        "Cost_Quantity_AllPriorYears_val": "",
        "Cost_Quantity_CurrentYear_val": "",
        "Cost_UnitCost_BudgetYearOneOCO_val": "",
        "Cost_UnitCost_BudgetYearOne_val": "",
        "Cost_UnitCost_PriorYear_val": "",
        "Cost_UnitCost_AllPriorYears_val": "",
        "Cost_UnitCost_CurrentYear_val": "",
        "@SOURCE_FILENAME": "2015-BASE_PROCUREMENT-2015-AIRFORCE_OTHER-PROCUREMENT_JustificationBook_Air_Force_PB_2015.zzz_unzipped-PROCUREMENT_JustificationBook_Air_Force_PB_2015.xml",
        "@RECORDID": "936c5caf731caa66bd1401194ef68fb2df6b62d89f1b26f7b06f138b8dee0e6e",
        "@ROWID": "1-28ee8411090411a37f3cca9148bad13d863c605293056d2d25e2ef027a422dd5",
        "@PARENTROWID": "1-32ac34c8861a989a048f8550466f60762d8dfdcca3123bef0070f349c5c53644",
        "@PARENT": "root.record.ItemExhibitList.P5Item"
    },
    {
        "Name_@footnote": "",
        "Name_val": "PMA Other Government Costs",
        "Cost_TotalCost_PriorYear_val": "0.053",
        "Cost_TotalCost_CurrentYear_val": "0.069",
        "Cost_TotalCost_BudgetYearOneBase_val": "0.07",
        "Cost_TotalCost_BudgetYearOne_val": "0.07",
        "Cost_TotalCost_BudgetYearOneOCO_val": "",
        "Cost_TotalCost_AllPriorYears_val": "",
        "Cost_Quantity_BudgetYearOneOCO_val": "",
        "Cost_Quantity_BudgetYearOne_val": "",
        "Cost_Quantity_PriorYear_val": "",
        "Cost_Quantity_AllPriorYears_val": "",
        "Cost_Quantity_CurrentYear_val": "",
        "Cost_UnitCost_BudgetYearOneOCO_val": "",
        "Cost_UnitCost_BudgetYearOne_val": "",
        "Cost_UnitCost_PriorYear_val": "",
        "Cost_UnitCost_AllPriorYears_val": "",
        "Cost_UnitCost_CurrentYear_val": "",
        "@SOURCE_FILENAME": "2015-BASE_PROCUREMENT-2015-AIRFORCE_OTHER-PROCUREMENT_JustificationBook_Air_Force_PB_2015.zzz_unzipped-PROCUREMENT_JustificationBook_Air_Force_PB_2015.xml",
        "@RECORDID": "936c5caf731caa66bd1401194ef68fb2df6b62d89f1b26f7b06f138b8dee0e6e",
        "@ROWID": "2-f34d80332d2f4ee739a166d22a8eb779e11a7969295f3d0f2baba10288b0a84d",
        "@PARENTROWID": "1-32ac34c8861a989a048f8550466f60762d8dfdcca3123bef0070f349c5c53644",
        "@PARENT": "root.record.ItemExhibitList.P5Item"
    },
    {
        "Name_@footnote": "Direct Mission Support (DMS) includes Systems Engineering, Shipping and Testing for Acquisition Projects",
        "Name_val": "Direct Mission Support (DMS) [Systems Engineering, Testing, Shipping]",
        "Cost_TotalCost_PriorYear_val": "0.332",
        "Cost_TotalCost_CurrentYear_val": "0.23",
        "Cost_TotalCost_BudgetYearOneBase_val": "0.3",
        "Cost_TotalCost_BudgetYearOne_val": "0.3",
        "Cost_TotalCost_BudgetYearOneOCO_val": "",
        "Cost_TotalCost_AllPriorYears_val": "",
        "Cost_Quantity_BudgetYearOneOCO_val": "",
        "Cost_Quantity_BudgetYearOne_val": "",
        "Cost_Quantity_PriorYear_val": "",
        "Cost_Quantity_AllPriorYears_val": "",
        "Cost_Quantity_CurrentYear_val": "",
        "Cost_UnitCost_BudgetYearOneOCO_val": "",
        "Cost_UnitCost_BudgetYearOne_val": "",
        "Cost_UnitCost_PriorYear_val": "",
        "Cost_UnitCost_AllPriorYears_val": "",
        "Cost_UnitCost_CurrentYear_val": "",
        "@SOURCE_FILENAME": "2015-BASE_PROCUREMENT-2015-AIRFORCE_OTHER-PROCUREMENT_MasterJustificationBook_Air_Force_PB_2015.zzz_unzipped-PROCUREMENT_MasterJustificationBook_Air_Force_PB_2015.xml",
        "@RECORDID": "826531b732742c08e82d92ec80b2b0f5ae8400e3bbfac94ec6cbac56282a529e",
        "@ROWID": "0-7a981be3077d827211813c5e1b5cf61a0300d0097e942a19835013050b5b2236",
        "@PARENTROWID": "1-22a7a46080e81ca237f11bf270190087d2428d96ff1e848ebb115a949a856ab7",
        "@PARENT": "root.record.ItemExhibitList.P5Item"
    },
    {
        "Name_@footnote": "",
        "Name_val": "PMA Contractor Services",
        "Cost_TotalCost_PriorYear_val": "0.177",
        "Cost_TotalCost_CurrentYear_val": "0.247",
        "Cost_TotalCost_BudgetYearOneBase_val": "0.2",
        "Cost_TotalCost_BudgetYearOne_val": "0.2",
        "Cost_TotalCost_BudgetYearOneOCO_val": "",
        "Cost_TotalCost_AllPriorYears_val": "",
        "Cost_Quantity_BudgetYearOneOCO_val": "",
        "Cost_Quantity_BudgetYearOne_val": "",
        "Cost_Quantity_PriorYear_val": "",
        "Cost_Quantity_AllPriorYears_val": "",
        "Cost_Quantity_CurrentYear_val": "",
        "Cost_UnitCost_BudgetYearOneOCO_val": "",
        "Cost_UnitCost_BudgetYearOne_val": "",
        "Cost_UnitCost_PriorYear_val": "",
        "Cost_UnitCost_AllPriorYears_val": "",
        "Cost_UnitCost_CurrentYear_val": "",
        "@SOURCE_FILENAME": "2015-BASE_PROCUREMENT-2015-AIRFORCE_OTHER-PROCUREMENT_MasterJustificationBook_Air_Force_PB_2015.zzz_unzipped-PROCUREMENT_MasterJustificationBook_Air_Force_PB_2015.xml",
        "@RECORDID": "826531b732742c08e82d92ec80b2b0f5ae8400e3bbfac94ec6cbac56282a529e",
        "@ROWID": "1-14a076a3816b312cd2ec3cd55c4a3718bad3c635c3c1b92963fd83cb9df62952",
        "@PARENTROWID": "1-22a7a46080e81ca237f11bf270190087d2428d96ff1e848ebb115a949a856ab7",
        "@PARENT": "root.record.ItemExhibitList.P5Item"
    },
    {
        "Name_@footnote": "",
        "Name_val": "PMA Other Government Costs",
        "Cost_TotalCost_PriorYear_val": "0.053",
        "Cost_TotalCost_CurrentYear_val": "0.069",
        "Cost_TotalCost_BudgetYearOneBase_val": "0.07",
        "Cost_TotalCost_BudgetYearOne_val": "0.07",
        "Cost_TotalCost_BudgetYearOneOCO_val": "",
        "Cost_TotalCost_AllPriorYears_val": "",
        "Cost_Quantity_BudgetYearOneOCO_val": "",
        "Cost_Quantity_BudgetYearOne_val": "",
        "Cost_Quantity_PriorYear_val": "",
        "Cost_Quantity_AllPriorYears_val": "",
        "Cost_Quantity_CurrentYear_val": "",
        "Cost_UnitCost_BudgetYearOneOCO_val": "",
        "Cost_UnitCost_BudgetYearOne_val": "",
        "Cost_UnitCost_PriorYear_val": "",
        "Cost_UnitCost_AllPriorYears_val": "",
        "Cost_UnitCost_CurrentYear_val": "",
        "@SOURCE_FILENAME": "2015-BASE_PROCUREMENT-2015-AIRFORCE_OTHER-PROCUREMENT_MasterJustificationBook_Air_Force_PB_2015.zzz_unzipped-PROCUREMENT_MasterJustificationBook_Air_Force_PB_2015.xml",
        "@RECORDID": "826531b732742c08e82d92ec80b2b0f5ae8400e3bbfac94ec6cbac56282a529e",
        "@ROWID": "2-2514439a67a40a7456bdbf1ad6a4dfd0abefec49968163c7187c2e46f5028b34",
        "@PARENTROWID": "1-22a7a46080e81ca237f11bf270190087d2428d96ff1e848ebb115a949a856ab7",
        "@PARENT": "root.record.ItemExhibitList.P5Item"
    },
    {
        "Name_@footnote": "",
        "Name_val": "Direct Mission Support (DMS) [Systems Engineering, Testing, Shipping]",
        "Cost_TotalCost_PriorYear_val": "0.23",
        "Cost_TotalCost_CurrentYear_val": "0.3",
        "Cost_TotalCost_BudgetYearOneBase_val": "0.372",
        "Cost_TotalCost_BudgetYearOne_val": "0.372",
        "Cost_TotalCost_BudgetYearOneOCO_val": "",
        "Cost_TotalCost_AllPriorYears_val": "",
        "Cost_Quantity_BudgetYearOneOCO_val": "",
        "Cost_Quantity_BudgetYearOne_val": "",
        "Cost_Quantity_PriorYear_val": "",
        "Cost_Quantity_AllPriorYears_val": "",
        "Cost_Quantity_CurrentYear_val": "",
        "Cost_UnitCost_BudgetYearOneOCO_val": "",
        "Cost_UnitCost_BudgetYearOne_val": "",
        "Cost_UnitCost_PriorYear_val": "",
        "Cost_UnitCost_AllPriorYears_val": "",
        "Cost_UnitCost_CurrentYear_val": "",
        "@SOURCE_FILENAME": "2016-BASE_PROCUREMENT-2016-AIRFORCE_OTHER-PROCUREMENT_JustificationBook_Air_Force_PB_2016.zzz_unzipped-PROCUREMENT_JustificationBook_Air_Force_PB_2016.xml",
        "@RECORDID": "c61fd05e067db29f50f506c03f7e7b0592a337009475dfd71ce31907e8bcfac0",
        "@ROWID": "0-da3705ea050b56820acf7f4ae72cfc70be9889fd6ca8a96624040cb34dfcb443",
        "@PARENTROWID": "0-7c32f1b02e4cb852ef2350e0cac6ca94f0bd129bac96cd7180b20e1b4c14d45d",
        "@PARENT": "root.record.ItemExhibitList.P5Item"
    },
    {
        "Name_@footnote": "",
        "Name_val": "PMA Contractor Services",
        "Cost_TotalCost_PriorYear_val": "0.247",
        "Cost_TotalCost_CurrentYear_val": "0.2",
        "Cost_TotalCost_BudgetYearOneBase_val": "0.245",
        "Cost_TotalCost_BudgetYearOne_val": "0.245",
        "Cost_TotalCost_BudgetYearOneOCO_val": "",
        "Cost_TotalCost_AllPriorYears_val": "",
        "Cost_Quantity_BudgetYearOneOCO_val": "",
        "Cost_Quantity_BudgetYearOne_val": "",
        "Cost_Quantity_PriorYear_val": "",
        "Cost_Quantity_AllPriorYears_val": "",
        "Cost_Quantity_CurrentYear_val": "",
        "Cost_UnitCost_BudgetYearOneOCO_val": "",
        "Cost_UnitCost_BudgetYearOne_val": "",
        "Cost_UnitCost_PriorYear_val": "",
        "Cost_UnitCost_AllPriorYears_val": "",
        "Cost_UnitCost_CurrentYear_val": "",
        "@SOURCE_FILENAME": "2016-BASE_PROCUREMENT-2016-AIRFORCE_OTHER-PROCUREMENT_JustificationBook_Air_Force_PB_2016.zzz_unzipped-PROCUREMENT_JustificationBook_Air_Force_PB_2016.xml",
        "@RECORDID": "c61fd05e067db29f50f506c03f7e7b0592a337009475dfd71ce31907e8bcfac0",
        "@ROWID": "1-33726ca0cb060852a6576c90298aecca6ee9959e22eed965b59d41b06ad1fddb",
        "@PARENTROWID": "0-7c32f1b02e4cb852ef2350e0cac6ca94f0bd129bac96cd7180b20e1b4c14d45d",
        "@PARENT": "root.record.ItemExhibitList.P5Item"
    },
    {
        "Name_@footnote": "",
        "Name_val": "PMA Other Government Costs",
        "Cost_TotalCost_PriorYear_val": "0.069",
        "Cost_TotalCost_CurrentYear_val": "0.07",
        "Cost_TotalCost_BudgetYearOneBase_val": "0.085",
        "Cost_TotalCost_BudgetYearOne_val": "0.085",
        "Cost_TotalCost_BudgetYearOneOCO_val": "",
        "Cost_TotalCost_AllPriorYears_val": "",
        "Cost_Quantity_BudgetYearOneOCO_val": "",
        "Cost_Quantity_BudgetYearOne_val": "",
        "Cost_Quantity_PriorYear_val": "",
        "Cost_Quantity_AllPriorYears_val": "",
        "Cost_Quantity_CurrentYear_val": "",
        "Cost_UnitCost_BudgetYearOneOCO_val": "",
        "Cost_UnitCost_BudgetYearOne_val": "",
        "Cost_UnitCost_PriorYear_val": "",
        "Cost_UnitCost_AllPriorYears_val": "",
        "Cost_UnitCost_CurrentYear_val": "",
        "@SOURCE_FILENAME": "2016-BASE_PROCUREMENT-2016-AIRFORCE_OTHER-PROCUREMENT_JustificationBook_Air_Force_PB_2016.zzz_unzipped-PROCUREMENT_JustificationBook_Air_Force_PB_2016.xml",
        "@RECORDID": "c61fd05e067db29f50f506c03f7e7b0592a337009475dfd71ce31907e8bcfac0",
        "@ROWID": "2-72c12c06151b7a7bb5ca0ec67b2bc1dfd8116ab9d6a4a9e0e9c3558d799f0b4b",
        "@PARENTROWID": "0-7c32f1b02e4cb852ef2350e0cac6ca94f0bd129bac96cd7180b20e1b4c14d45d",
        "@PARENT": "root.record.ItemExhibitList.P5Item"
    },
    {
        "Name_@footnote": "",
        "Name_val": "Direct Mission Support (DMS) [Systems Engineering, Testing, Shipping]",
        "Cost_TotalCost_PriorYear_val": "0.23",
        "Cost_TotalCost_CurrentYear_val": "0.3",
        "Cost_TotalCost_BudgetYearOneBase_val": "0.372",
        "Cost_TotalCost_BudgetYearOne_val": "0.372",
        "Cost_TotalCost_BudgetYearOneOCO_val": "",
        "Cost_TotalCost_AllPriorYears_val": "",
        "Cost_Quantity_BudgetYearOneOCO_val": "",
        "Cost_Quantity_BudgetYearOne_val": "",
        "Cost_Quantity_PriorYear_val": "",
        "Cost_Quantity_AllPriorYears_val": "",
        "Cost_Quantity_CurrentYear_val": "",
        "Cost_UnitCost_BudgetYearOneOCO_val": "",
        "Cost_UnitCost_BudgetYearOne_val": "",
        "Cost_UnitCost_PriorYear_val": "",
        "Cost_UnitCost_AllPriorYears_val": "",
        "Cost_UnitCost_CurrentYear_val": "",
        "@SOURCE_FILENAME": "2016-BASE_PROCUREMENT-2016-AIRFORCE_OTHER-PROCUREMENT_MasterJustificationBook_Air_Force_PB_2016.zzz_unzipped-PROCUREMENT_MasterJustificationBook_Air_Force_PB_2016.xml",
        "@RECORDID": "649b8099b755f664a08417845f1b80d7d9cb90e407fd19fced5269f591c927de",
        "@ROWID": "0-58dbaecbc57a2238d585f6923758bc588d7a06c30c7ac29d3ec25ad04aa0a856",
        "@PARENTROWID": "0-660b060d118fdb82feb4abb232033846a8d6fb7d3bc7528b26b713b35dbaa55b",
        "@PARENT": "root.record.ItemExhibitList.P5Item"
    },
    {
        "Name_@footnote": "",
        "Name_val": "PMA Contractor Services",
        "Cost_TotalCost_PriorYear_val": "0.247",
        "Cost_TotalCost_CurrentYear_val": "0.2",
        "Cost_TotalCost_BudgetYearOneBase_val": "0.245",
        "Cost_TotalCost_BudgetYearOne_val": "0.245",
        "Cost_TotalCost_BudgetYearOneOCO_val": "",
        "Cost_TotalCost_AllPriorYears_val": "",
        "Cost_Quantity_BudgetYearOneOCO_val": "",
        "Cost_Quantity_BudgetYearOne_val": "",
        "Cost_Quantity_PriorYear_val": "",
        "Cost_Quantity_AllPriorYears_val": "",
        "Cost_Quantity_CurrentYear_val": "",
        "Cost_UnitCost_BudgetYearOneOCO_val": "",
        "Cost_UnitCost_BudgetYearOne_val": "",
        "Cost_UnitCost_PriorYear_val": "",
        "Cost_UnitCost_AllPriorYears_val": "",
        "Cost_UnitCost_CurrentYear_val": "",
        "@SOURCE_FILENAME": "2016-BASE_PROCUREMENT-2016-AIRFORCE_OTHER-PROCUREMENT_MasterJustificationBook_Air_Force_PB_2016.zzz_unzipped-PROCUREMENT_MasterJustificationBook_Air_Force_PB_2016.xml",
        "@RECORDID": "649b8099b755f664a08417845f1b80d7d9cb90e407fd19fced5269f591c927de",
        "@ROWID": "1-f2caad9bcb701e432dbdd7456f5b2361857ab67d2ff5083e9da8a136e805dff6",
        "@PARENTROWID": "0-660b060d118fdb82feb4abb232033846a8d6fb7d3bc7528b26b713b35dbaa55b",
        "@PARENT": "root.record.ItemExhibitList.P5Item"
    },
    {
        "Name_@footnote": "",
        "Name_val": "PMA Other Government Costs",
        "Cost_TotalCost_PriorYear_val": "0.069",
        "Cost_TotalCost_CurrentYear_val": "0.07",
        "Cost_TotalCost_BudgetYearOneBase_val": "0.085",
        "Cost_TotalCost_BudgetYearOne_val": "0.085",
        "Cost_TotalCost_BudgetYearOneOCO_val": "",
        "Cost_TotalCost_AllPriorYears_val": "",
        "Cost_Quantity_BudgetYearOneOCO_val": "",
        "Cost_Quantity_BudgetYearOne_val": "",
        "Cost_Quantity_PriorYear_val": "",
        "Cost_Quantity_AllPriorYears_val": "",
        "Cost_Quantity_CurrentYear_val": "",
        "Cost_UnitCost_BudgetYearOneOCO_val": "",
        "Cost_UnitCost_BudgetYearOne_val": "",
        "Cost_UnitCost_PriorYear_val": "",
        "Cost_UnitCost_AllPriorYears_val": "",
        "Cost_UnitCost_CurrentYear_val": "",
        "@SOURCE_FILENAME": "2016-BASE_PROCUREMENT-2016-AIRFORCE_OTHER-PROCUREMENT_MasterJustificationBook_Air_Force_PB_2016.zzz_unzipped-PROCUREMENT_MasterJustificationBook_Air_Force_PB_2016.xml",
        "@RECORDID": "649b8099b755f664a08417845f1b80d7d9cb90e407fd19fced5269f591c927de",
        "@ROWID": "2-02ae55b9a7b0956008265efdf43e9cfa8a5ad9efd65d530abf9d5cf4088ca1b9",
        "@PARENTROWID": "0-660b060d118fdb82feb4abb232033846a8d6fb7d3bc7528b26b713b35dbaa55b",
        "@PARENT": "root.record.ItemExhibitList.P5Item"
    },
    {
        "Name_@footnote": "",
        "Name_val": "Direct Mission Support (DMS) [Systems Engineering, Testing, Shipping]",
        "Cost_TotalCost_PriorYear_val": "0.3",
        "Cost_TotalCost_CurrentYear_val": "0.372",
        "Cost_TotalCost_BudgetYearOneBase_val": "0.269",
        "Cost_TotalCost_BudgetYearOne_val": "0.269",
        "Cost_TotalCost_BudgetYearOneOCO_val": "0",
        "Cost_TotalCost_AllPriorYears_val": "",
        "Cost_Quantity_BudgetYearOneOCO_val": "",
        "Cost_Quantity_BudgetYearOne_val": "",
        "Cost_Quantity_PriorYear_val": "",
        "Cost_Quantity_AllPriorYears_val": "",
        "Cost_Quantity_CurrentYear_val": "",
        "Cost_UnitCost_BudgetYearOneOCO_val": "",
        "Cost_UnitCost_BudgetYearOne_val": "",
        "Cost_UnitCost_PriorYear_val": "",
        "Cost_UnitCost_AllPriorYears_val": "",
        "Cost_UnitCost_CurrentYear_val": "",
        "@SOURCE_FILENAME": "2017-BASE_PROCUREMENT-2017-AIRFORCE_OTHER-U_PROCUREMENT_JustificationBook_Air_Force_PB_2017.zzz_unzipped-U_PROCUREMENT_JustificationBook_Air_Force_PB_2017.xml",
        "@RECORDID": "f4749bb0cc88ad02d19f332b9eceeb278aa73ab0d844ad22924138230fe2dbe9",
        "@ROWID": "0-67b6d95061724922f33ac8dc8295fec3a674aa1489b1bfa33584982401c57ed3",
        "@PARENTROWID": "0-0ec43cc97e27a2921a1c841ec7a0fe95b488e6d0262f87ab6b559f64b8505f4e",
        "@PARENT": "root.record.ItemExhibitList.P5Item"
    },
    {
        "Name_@footnote": "",
        "Name_val": "PMA Contractor Services",
        "Cost_TotalCost_PriorYear_val": "0.2",
        "Cost_TotalCost_CurrentYear_val": "0.245",
        "Cost_TotalCost_BudgetYearOneBase_val": "0.175",
        "Cost_TotalCost_BudgetYearOne_val": "0.175",
        "Cost_TotalCost_BudgetYearOneOCO_val": "0",
        "Cost_TotalCost_AllPriorYears_val": "",
        "Cost_Quantity_BudgetYearOneOCO_val": "",
        "Cost_Quantity_BudgetYearOne_val": "",
        "Cost_Quantity_PriorYear_val": "",
        "Cost_Quantity_AllPriorYears_val": "",
        "Cost_Quantity_CurrentYear_val": "",
        "Cost_UnitCost_BudgetYearOneOCO_val": "",
        "Cost_UnitCost_BudgetYearOne_val": "",
        "Cost_UnitCost_PriorYear_val": "",
        "Cost_UnitCost_AllPriorYears_val": "",
        "Cost_UnitCost_CurrentYear_val": "",
        "@SOURCE_FILENAME": "2017-BASE_PROCUREMENT-2017-AIRFORCE_OTHER-U_PROCUREMENT_JustificationBook_Air_Force_PB_2017.zzz_unzipped-U_PROCUREMENT_JustificationBook_Air_Force_PB_2017.xml",
        "@RECORDID": "f4749bb0cc88ad02d19f332b9eceeb278aa73ab0d844ad22924138230fe2dbe9",
        "@ROWID": "1-5fb19ee4077c5371d59bc92aa6916b08714d36d2e86cdc44b03b67c43ef4349c",
        "@PARENTROWID": "0-0ec43cc97e27a2921a1c841ec7a0fe95b488e6d0262f87ab6b559f64b8505f4e",
        "@PARENT": "root.record.ItemExhibitList.P5Item"
    },
    {
        "Name_@footnote": "",
        "Name_val": "PMA Other Government Costs",
        "Cost_TotalCost_PriorYear_val": "0.07",
        "Cost_TotalCost_CurrentYear_val": "0.085",
        "Cost_TotalCost_BudgetYearOneBase_val": "0.06",
        "Cost_TotalCost_BudgetYearOne_val": "0.06",
        "Cost_TotalCost_BudgetYearOneOCO_val": "0",
        "Cost_TotalCost_AllPriorYears_val": "",
        "Cost_Quantity_BudgetYearOneOCO_val": "",
        "Cost_Quantity_BudgetYearOne_val": "",
        "Cost_Quantity_PriorYear_val": "",
        "Cost_Quantity_AllPriorYears_val": "",
        "Cost_Quantity_CurrentYear_val": "",
        "Cost_UnitCost_BudgetYearOneOCO_val": "",
        "Cost_UnitCost_BudgetYearOne_val": "",
        "Cost_UnitCost_PriorYear_val": "",
        "Cost_UnitCost_AllPriorYears_val": "",
        "Cost_UnitCost_CurrentYear_val": "",
        "@SOURCE_FILENAME": "2017-BASE_PROCUREMENT-2017-AIRFORCE_OTHER-U_PROCUREMENT_JustificationBook_Air_Force_PB_2017.zzz_unzipped-U_PROCUREMENT_JustificationBook_Air_Force_PB_2017.xml",
        "@RECORDID": "f4749bb0cc88ad02d19f332b9eceeb278aa73ab0d844ad22924138230fe2dbe9",
        "@ROWID": "2-11094490d41176bc1e3b6361a9739d641be90b6b0edb8f305db7b2335a16a3f1",
        "@PARENTROWID": "0-0ec43cc97e27a2921a1c841ec7a0fe95b488e6d0262f87ab6b559f64b8505f4e",
        "@PARENT": "root.record.ItemExhibitList.P5Item"
    },
    {
        "Name_@footnote": "",
        "Name_val": "Direct Mission Support (DMS) [Systems Engineering, Testing, Shipping]",
        "Cost_TotalCost_PriorYear_val": "0.3",
        "Cost_TotalCost_CurrentYear_val": "0.372",
        "Cost_TotalCost_BudgetYearOneBase_val": "0.269",
        "Cost_TotalCost_BudgetYearOne_val": "0.269",
        "Cost_TotalCost_BudgetYearOneOCO_val": "0",
        "Cost_TotalCost_AllPriorYears_val": "",
        "Cost_Quantity_BudgetYearOneOCO_val": "",
        "Cost_Quantity_BudgetYearOne_val": "",
        "Cost_Quantity_PriorYear_val": "",
        "Cost_Quantity_AllPriorYears_val": "",
        "Cost_Quantity_CurrentYear_val": "",
        "Cost_UnitCost_BudgetYearOneOCO_val": "",
        "Cost_UnitCost_BudgetYearOne_val": "",
        "Cost_UnitCost_PriorYear_val": "",
        "Cost_UnitCost_AllPriorYears_val": "",
        "Cost_UnitCost_CurrentYear_val": "",
        "@SOURCE_FILENAME": "2017-BASE_PROCUREMENT-2017-AIRFORCE_OTHER-U_PROCUREMENT_MasterJustificationBook_Air_Force_PB_2017.zzz_unzipped-U_PROCUREMENT_MasterJustificationBook_Air_Force_PB_2017.xml",
        "@RECORDID": "6bc8a8322c6eb0df063c20df2152f4cff190c2ecef8e4d87a3bb1b2eeda2c7f9",
        "@ROWID": "0-98d423e30d4226a2c89bdd81f9b4502078ded54ab03429f3f0a252ddb0065d0b",
        "@PARENTROWID": "0-6fcd46fc6c12fab74e91a5f8de97b3c349aa81345ec180d7ed78e4b1cd7486be",
        "@PARENT": "root.record.ItemExhibitList.P5Item"
    },
    {
        "Name_@footnote": "",
        "Name_val": "PMA Contractor Services",
        "Cost_TotalCost_PriorYear_val": "0.2",
        "Cost_TotalCost_CurrentYear_val": "0.245",
        "Cost_TotalCost_BudgetYearOneBase_val": "0.175",
        "Cost_TotalCost_BudgetYearOne_val": "0.175",
        "Cost_TotalCost_BudgetYearOneOCO_val": "0",
        "Cost_TotalCost_AllPriorYears_val": "",
        "Cost_Quantity_BudgetYearOneOCO_val": "",
        "Cost_Quantity_BudgetYearOne_val": "",
        "Cost_Quantity_PriorYear_val": "",
        "Cost_Quantity_AllPriorYears_val": "",
        "Cost_Quantity_CurrentYear_val": "",
        "Cost_UnitCost_BudgetYearOneOCO_val": "",
        "Cost_UnitCost_BudgetYearOne_val": "",
        "Cost_UnitCost_PriorYear_val": "",
        "Cost_UnitCost_AllPriorYears_val": "",
        "Cost_UnitCost_CurrentYear_val": "",
        "@SOURCE_FILENAME": "2017-BASE_PROCUREMENT-2017-AIRFORCE_OTHER-U_PROCUREMENT_MasterJustificationBook_Air_Force_PB_2017.zzz_unzipped-U_PROCUREMENT_MasterJustificationBook_Air_Force_PB_2017.xml",
        "@RECORDID": "6bc8a8322c6eb0df063c20df2152f4cff190c2ecef8e4d87a3bb1b2eeda2c7f9",
        "@ROWID": "1-ce0f9fe237b6ccf2e3ff5fc2766aa31bc9c91b78a00230ec88775e4752289c4e",
        "@PARENTROWID": "0-6fcd46fc6c12fab74e91a5f8de97b3c349aa81345ec180d7ed78e4b1cd7486be",
        "@PARENT": "root.record.ItemExhibitList.P5Item"
    },
    {
        "Name_@footnote": "",
        "Name_val": "PMA Other Government Costs",
        "Cost_TotalCost_PriorYear_val": "0.07",
        "Cost_TotalCost_CurrentYear_val": "0.085",
        "Cost_TotalCost_BudgetYearOneBase_val": "0.06",
        "Cost_TotalCost_BudgetYearOne_val": "0.06",
        "Cost_TotalCost_BudgetYearOneOCO_val": "0",
        "Cost_TotalCost_AllPriorYears_val": "",
        "Cost_Quantity_BudgetYearOneOCO_val": "",
        "Cost_Quantity_BudgetYearOne_val": "",
        "Cost_Quantity_PriorYear_val": "",
        "Cost_Quantity_AllPriorYears_val": "",
        "Cost_Quantity_CurrentYear_val": "",
        "Cost_UnitCost_BudgetYearOneOCO_val": "",
        "Cost_UnitCost_BudgetYearOne_val": "",
        "Cost_UnitCost_PriorYear_val": "",
        "Cost_UnitCost_AllPriorYears_val": "",
        "Cost_UnitCost_CurrentYear_val": "",
        "@SOURCE_FILENAME": "2017-BASE_PROCUREMENT-2017-AIRFORCE_OTHER-U_PROCUREMENT_MasterJustificationBook_Air_Force_PB_2017.zzz_unzipped-U_PROCUREMENT_MasterJustificationBook_Air_Force_PB_2017.xml",
        "@RECORDID": "6bc8a8322c6eb0df063c20df2152f4cff190c2ecef8e4d87a3bb1b2eeda2c7f9",
        "@ROWID": "2-5c175d0cea0cc2e9fce2d09b96b74a8fccfaa36477d7192618bf1ec669b0a62c",
        "@PARENTROWID": "0-6fcd46fc6c12fab74e91a5f8de97b3c349aa81345ec180d7ed78e4b1cd7486be",
        "@PARENT": "root.record.ItemExhibitList.P5Item"
    },
    {
        "Name_@footnote": "",
        "Name_val": "Flight Control Units",
        "Cost_TotalCost_PriorYear_val": "",
        "Cost_TotalCost_CurrentYear_val": "",
        "Cost_TotalCost_BudgetYearOneBase_val": "",
        "Cost_TotalCost_BudgetYearOne_val": "0.253",
        "Cost_TotalCost_BudgetYearOneOCO_val": "0.253",
        "Cost_TotalCost_AllPriorYears_val": "",
        "Cost_Quantity_BudgetYearOneOCO_val": "10",
        "Cost_Quantity_BudgetYearOne_val": "10",
        "Cost_Quantity_PriorYear_val": "",
        "Cost_Quantity_AllPriorYears_val": "",
        "Cost_Quantity_CurrentYear_val": "",
        "Cost_UnitCost_BudgetYearOneOCO_val": "25.32",
        "Cost_UnitCost_BudgetYearOne_val": "25.32",
        "Cost_UnitCost_PriorYear_val": "",
        "Cost_UnitCost_AllPriorYears_val": "",
        "Cost_UnitCost_CurrentYear_val": "",
        "@SOURCE_FILENAME": "2017-BASE_PROCUREMENT-2017-ARMY_MISSLE-U_PROCUREMENT_JustificationBook_Army_PB_2017.zzz_unzipped-U_PROCUREMENT_JustificationBook_Army_PB_2017.xml",
        "@RECORDID": "256d6dd6d8dad786dfe5c29e24260aa88d3eb2c0a568b365302fd67e89c1e21c",
        "@ROWID": "0-f156a3a5f1643bd4f5cbfe072192cf6d81916469d244902ed2e090f28706b760",
        "@PARENTROWID": "0-db962211d0489bc1d32b5573e0361350ef728393b8621d62597320be6ff8660b",
        "@PARENT": "root.record.ItemExhibitList.P5Item"
    },
    {
        "Name_@footnote": "",
        "Name_val": "Tactical Battery Chargers",
        "Cost_TotalCost_PriorYear_val": "",
        "Cost_TotalCost_CurrentYear_val": "",
        "Cost_TotalCost_BudgetYearOneBase_val": "",
        "Cost_TotalCost_BudgetYearOne_val": "0.037",
        "Cost_TotalCost_BudgetYearOneOCO_val": "0.037",
        "Cost_TotalCost_AllPriorYears_val": "",
        "Cost_Quantity_BudgetYearOneOCO_val": "10",
        "Cost_Quantity_BudgetYearOne_val": "10",
        "Cost_Quantity_PriorYear_val": "",
        "Cost_Quantity_AllPriorYears_val": "",
        "Cost_Quantity_CurrentYear_val": "",
        "Cost_UnitCost_BudgetYearOneOCO_val": "3.68",
        "Cost_UnitCost_BudgetYearOne_val": "3.68",
        "Cost_UnitCost_PriorYear_val": "",
        "Cost_UnitCost_AllPriorYears_val": "",
        "Cost_UnitCost_CurrentYear_val": "",
        "@SOURCE_FILENAME": "2017-BASE_PROCUREMENT-2017-ARMY_MISSLE-U_PROCUREMENT_JustificationBook_Army_PB_2017.zzz_unzipped-U_PROCUREMENT_JustificationBook_Army_PB_2017.xml",
        "@RECORDID": "256d6dd6d8dad786dfe5c29e24260aa88d3eb2c0a568b365302fd67e89c1e21c",
        "@ROWID": "1-cf6b6a772d4f434e0e9ff8414ce11db31c9c10c9287fc738fd52fad7405a18ca",
        "@PARENTROWID": "0-db962211d0489bc1d32b5573e0361350ef728393b8621d62597320be6ff8660b",
        "@PARENT": "root.record.ItemExhibitList.P5Item"
    },
    {
        "Name_@footnote": "",
        "Name_val": "Fielding",
        "Cost_TotalCost_PriorYear_val": "",
        "Cost_TotalCost_CurrentYear_val": "",
        "Cost_TotalCost_BudgetYearOneBase_val": "",
        "Cost_TotalCost_BudgetYearOne_val": "0.36",
        "Cost_TotalCost_BudgetYearOneOCO_val": "0.36",
        "Cost_TotalCost_AllPriorYears_val": "",
        "Cost_Quantity_BudgetYearOneOCO_val": "",
        "Cost_Quantity_BudgetYearOne_val": "",
        "Cost_Quantity_PriorYear_val": "",
        "Cost_Quantity_AllPriorYears_val": "",
        "Cost_Quantity_CurrentYear_val": "",
        "Cost_UnitCost_BudgetYearOneOCO_val": "",
        "Cost_UnitCost_BudgetYearOne_val": "",
        "Cost_UnitCost_PriorYear_val": "",
        "Cost_UnitCost_AllPriorYears_val": "",
        "Cost_UnitCost_CurrentYear_val": "",
        "@SOURCE_FILENAME": "2017-BASE_PROCUREMENT-2017-ARMY_MISSLE-U_PROCUREMENT_JustificationBook_Army_PB_2017.zzz_unzipped-U_PROCUREMENT_JustificationBook_Army_PB_2017.xml",
        "@RECORDID": "256d6dd6d8dad786dfe5c29e24260aa88d3eb2c0a568b365302fd67e89c1e21c",
        "@ROWID": "2-a58afe3a77b18961110d85ce711b599e5e44a64f2b6693aeb2223cfb66d5f8a7",
        "@PARENTROWID": "0-db962211d0489bc1d32b5573e0361350ef728393b8621d62597320be6ff8660b",
        "@PARENT": "root.record.ItemExhibitList.P5Item"
    },
    {
        "Name_@footnote": "",
        "Name_val": "Fire Control Units",
        "Cost_TotalCost_PriorYear_val": "0.978",
        "Cost_TotalCost_CurrentYear_val": "",
        "Cost_TotalCost_BudgetYearOneBase_val": "",
        "Cost_TotalCost_BudgetYearOne_val": "0.988",
        "Cost_TotalCost_BudgetYearOneOCO_val": "0.988",
        "Cost_TotalCost_AllPriorYears_val": "",
        "Cost_Quantity_BudgetYearOneOCO_val": "40",
        "Cost_Quantity_BudgetYearOne_val": "40",
        "Cost_Quantity_PriorYear_val": "39",
        "Cost_Quantity_AllPriorYears_val": "",
        "Cost_Quantity_CurrentYear_val": "",
        "Cost_UnitCost_BudgetYearOneOCO_val": "24.7",
        "Cost_UnitCost_BudgetYearOne_val": "24.7",
        "Cost_UnitCost_PriorYear_val": "25.083",
        "Cost_UnitCost_AllPriorYears_val": "",
        "Cost_UnitCost_CurrentYear_val": "",
        "@SOURCE_FILENAME": "2019-BASE_PROCUREMENT-2019-ARMY_MISSLE-U_PROCUREMENT_JustificationBook_Army_PB_2019.zzz_unzipped-U_PROCUREMENT_JustificationBook_Army_PB_2019.xml",
        "@RECORDID": "e68d85665e7d4b70692e2be56ed604a02ef2a63c4e7173918d2310a73130513a",
        "@ROWID": "0-58a7a767575597d0f69f33fe16d86235f74afd8748bb67a5363d9e7619876155",
        "@PARENTROWID": "0-2f2838e8daa8c7f53383e3bd731c2bae5e1c6d5713badc7c47b436dd25207f5b",
        "@PARENT": "root.record.ItemExhibitList.P5Item"
    },
    {
        "Name_@footnote": "",
        "Name_val": "Fire Control Units",
        "Cost_TotalCost_PriorYear_val": "0.288",
        "Cost_TotalCost_CurrentYear_val": "0.988",
        "Cost_TotalCost_BudgetYearOneBase_val": "",
        "Cost_TotalCost_BudgetYearOne_val": "0.962",
        "Cost_TotalCost_BudgetYearOneOCO_val": "0.962",
        "Cost_TotalCost_AllPriorYears_val": "0.978",
        "Cost_Quantity_BudgetYearOneOCO_val": "38",
        "Cost_Quantity_BudgetYearOne_val": "38",
        "Cost_Quantity_PriorYear_val": "12",
        "Cost_Quantity_AllPriorYears_val": "39",
        "Cost_Quantity_CurrentYear_val": "40",
        "Cost_UnitCost_BudgetYearOneOCO_val": "25.316",
        "Cost_UnitCost_BudgetYearOne_val": "25.316",
        "Cost_UnitCost_PriorYear_val": "24",
        "Cost_UnitCost_AllPriorYears_val": "25.077",
        "Cost_UnitCost_CurrentYear_val": "24.7",
        "@SOURCE_FILENAME": "2020-BASE_PROCUREMENT-2020-ARMY_MISSLE-U_PROCUREMENT_JustificationBook_Army_PB_2020.zzz_unzipped-U_PROCUREMENT_JustificationBook_Army_PB_2020.xml",
        "@RECORDID": "630ddfcb017589d340702aff9de65296c5072c72a795388812b00cf9b3e458fa",
        "@ROWID": "0-d52c1e697dc097a71240ad4e5aeb3522cd47f9956f20f243ab28bacae16329dc",
        "@PARENTROWID": "0-4968467821c3326aa5f639fc41ccc789a11b8028a52fa52b5db44a8938356f58",
        "@PARENT": "root.record.ItemExhibitList.P5Item"
    }
]