Name_val,Location_val,MinimumSustainingRate_val,MaximumProductionRate_val,Rate185_val,InitialQuantity_AdminLeadTimeBeforeOct1InMonths_val,InitialQuantity_AdminLeadTimeAfterOct1InMonths_val,InitialQuantity_ProductionLeadTimeAfterOct1InMonths_val,InitialQuantity_TotalLeadTimeAfterOct1InMonths_val,ReorderQuantity_AdminLeadTimeBeforeOct1InMonths_val,ReorderQuantity_AdminLeadTimeAfterOct1InMonths_val,ReorderQuantity_ProductionLeadTimeAfterOct1InMonths_val,ReorderQuantity_TotalLeadTimeAfterOct1InMonths_val,@SOURCE_FILENAME,@RECORDID,@ROWID,@PARENTROWID,@PARENT
"NETCENTS","Various","0.00","0.00","0.00","0","0","0","0","0","0","0","0","2014-BASE_PROCUREMENT-2014-AIRFORCE_OTHER-PROCUREMENT_JustificationBook_Air_Force_PB_2014.zzz_unzipped-PROCUREMENT_JustificationBook_Air_Force_PB_2014.xml","183e2235a8702efde29fd338dbfb0e070b9a0e22f45c0daf1850fb81f56857fb","0-b600cf449fa01771f8e0ee7f0091726ae5b18f8d4030f93e6c5a33c34c28c9fb","0-1a97d7a80a5f48541b218827884062de87003665236e61829f3a8aba14cedca3","root.record.ItemExhibitList.P5Item.CostElementCategoryList.PackageFielding.Recurring.CostElementList.CostElement"
"NETCENTS","Various","0.00","0.00","0.00","0","0","0","0","0","0","0","0","2014-BASE_PROCUREMENT-2014-AIRFORCE_OTHER-PROCUREMENT_JustificationBook_Air_Force_PB_2014.zzz_unzipped-PROCUREMENT_JustificationBook_Air_Force_PB_2014.xml","183e2235a8702efde29fd338dbfb0e070b9a0e22f45c0daf1850fb81f56857fb","0-b1ef88060ea247053852d3225ac37673c6669ec19762af8dfa3292bcc49117c0","0-0c7087f24191c0e07d0ffeda06cce6bbba6ed17a8ec2a96411218f53e721d032","root.record.ItemExhibitList.P5Item.CostElementCategoryList.PackageFielding.Recurring.CostElementList.CostElement"
"NETCENTS","Various","0.00","0.00","0.00","0","0","0","0","0","0","0","0","2014-BASE_PROCUREMENT-2014-AIRFORCE_OTHER-PROCUREMENT_JustificationBook_Air_Force_PB_2014.zzz_unzipped-PROCUREMENT_JustificationBook_Air_Force_PB_2014.xml","183e2235a8702efde29fd338dbfb0e070b9a0e22f45c0daf1850fb81f56857fb","0-fc88ae34970c246ddcefeaf0bc7bd48cf0233c08c365cd29cec896e85e586c85","0-9da8fa3c6f6ec461f60b16c2e9b3e58c4b8448c2e5c57f6865391980903eacd2","root.record.ItemExhibitList.P5Item.CostElementCategoryList.PackageFielding.Recurring.CostElementList.CostElement"
"NETCENTS","Various","0.00","0.00","0.00","0","0","0","0","0","0","0","0","2014-BASE_PROCUREMENT-2014-AIRFORCE_OTHER-PROCUREMENT_JustificationBook_Air_Force_PB_2014.zzz_unzipped-PROCUREMENT_JustificationBook_Air_Force_PB_2014.xml","183e2235a8702efde29fd338dbfb0e070b9a0e22f45c0daf1850fb81f56857fb","0-840009572ac4a4c43c656e0493f6d23bed35b8d2ccffabd02e30aef92bcad161","0-2894c6c82dca615993474c862e01b739c2e39b160c126fdfa2af7326e6cb5d4f","root.record.ItemExhibitList.P5Item.CostElementCategoryList.PackageFielding.Recurring.CostElementList.CostElement"
"NETCENTS","Various","0.00","0.00","0.00","0","0","0","0","0","0","0","0","2014-BASE_PROCUREMENT-2014-AIRFORCE_OTHER-PROCUREMENT_JustificationBook_Air_Force_PB_2014.zzz_unzipped-PROCUREMENT_JustificationBook_Air_Force_PB_2014.xml","183e2235a8702efde29fd338dbfb0e070b9a0e22f45c0daf1850fb81f56857fb","0-2f27a53dba24a9ba83923064ecb1519bba77c97dadcb30a5231e0e5e10ebafe3","0-d97a6ba39c83eafac95458a9f108b4090216de61efb6bb4bb0634934d158c1d2","root.record.ItemExhibitList.P5Item.CostElementCategoryList.PackageFielding.Recurring.CostElementList.CostElement"
"NETCENTS","Various","0.00","0.00","0.00","0","0","0","0","0","0","0","0","2014-BASE_PROCUREMENT-2014-AIRFORCE_OTHER-PROCUREMENT_MasterJustificationBook_Air_Force_PB_2014.zzz_unzipped-PROCUREMENT_MasterJustificationBook_Air_Force_PB_2014.xml","5900c9666985c01314d4a2a76f9022ef6609a516534f5cd224b6144f366eb840","0-a97357199d9f0931a3ef5dd8e1bb5cfcdd5e3e0653e07fe6088c73e36b00dcbc","0-84619f768aa9bebf7c9c07a8ad07bc0f263206eac70fbd2ee79ad83e97cbe784","root.record.ItemExhibitList.P5Item.CostElementCategoryList.PackageFielding.Recurring.CostElementList.CostElement"
"NETCENTS","Various","0.00","0.00","0.00","0","0","0","0","0","0","0","0","2014-BASE_PROCUREMENT-2014-AIRFORCE_OTHER-PROCUREMENT_MasterJustificationBook_Air_Force_PB_2014.zzz_unzipped-PROCUREMENT_MasterJustificationBook_Air_Force_PB_2014.xml","5900c9666985c01314d4a2a76f9022ef6609a516534f5cd224b6144f366eb840","0-c6f8eafa65b5daf1532c5755b85e4fb48cf7c27bbe6930a2e21046bd04e8be8a","0-ffaec78b1ea54f6fb3b5f4d95f52dccd0f5a15dbdc4fcb2aa77acf0360dfb87e","root.record.ItemExhibitList.P5Item.CostElementCategoryList.PackageFielding.Recurring.CostElementList.CostElement"
"NETCENTS","Various","0.00","0.00","0.00","0","0","0","0","0","0","0","0","2014-BASE_PROCUREMENT-2014-AIRFORCE_OTHER-PROCUREMENT_MasterJustificationBook_Air_Force_PB_2014.zzz_unzipped-PROCUREMENT_MasterJustificationBook_Air_Force_PB_2014.xml","5900c9666985c01314d4a2a76f9022ef6609a516534f5cd224b6144f366eb840","0-e3fba77d8e4548ad77879fcd4b4bf39e16ae1f774c754ef44f0717df5d3be872","0-a8a15697207e81854076ff3c10b9428fb7a37e6ac4078a61dddce858cd649d91","root.record.ItemExhibitList.P5Item.CostElementCategoryList.PackageFielding.Recurring.CostElementList.CostElement"
"NETCENTS","Various","0.00","0.00","0.00","0","0","0","0","0","0","0","0","2014-BASE_PROCUREMENT-2014-AIRFORCE_OTHER-PROCUREMENT_MasterJustificationBook_Air_Force_PB_2014.zzz_unzipped-PROCUREMENT_MasterJustificationBook_Air_Force_PB_2014.xml","5900c9666985c01314d4a2a76f9022ef6609a516534f5cd224b6144f366eb840","0-c212a5ce4c5fd0df0767c433037c04327507e1cc242afae8478f8623f2d02a4f","0-849c729e77e120cf682cd4102a52b79fe83d643f3c976f218abbd707727589e2","root.record.ItemExhibitList.P5Item.CostElementCategoryList.PackageFielding.Recurring.CostElementList.CostElement"
"NETCENTS","Various","0.00","0.00","0.00","0","0","0","0","0","0","0","0","2014-BASE_PROCUREMENT-2014-AIRFORCE_OTHER-PROCUREMENT_MasterJustificationBook_Air_Force_PB_2014.zzz_unzipped-PROCUREMENT_MasterJustificationBook_Air_Force_PB_2014.xml","5900c9666985c01314d4a2a76f9022ef6609a516534f5cd224b6144f366eb840","0-2506055738fa7f8e48c607092917cae54d65134c23acb7cae01d70ab2ea2406e","0-e85481a7a06f85c5220ed1002914a52d2ea138e8b788003adb01ecebb640d09d","root.record.ItemExhibitList.P5Item.CostElementCategoryList.PackageFielding.Recurring.CostElementList.CostElement"
"TBS","TBS","","","","0","0","0","0","0","0","0","0","2015-BASE_PROCUREMENT-2015-ARMY_OTHER_2-PROCUREMENT_JustificationBook_Army_PB_2015.zzz_unzipped-PROCUREMENT_JustificationBook_Army_PB_2015.xml","15e3c75f11cb579415ed3ce04619f365cf2710febf04f777fc059e6e23827745","0-3014a1ee07ce17f3c6f9f7d90f1d737bb22cb8b9c03b27e1c61363a4c6effe74","0-7daab79963339fdbe189d7004331a677ac5a3c3a51ed705c925650f707e92a99","root.record.ItemExhibitList.P5Item.CostElementCategoryList.PackageFielding.Recurring.CostElementList.CostElement"
"TBD","Various","0.00","0.00","0.00","0","0","0","0","0","0","0","0","2016-BASE_PROCUREMENT-2016-AIRFORCE_OTHER-PROCUREMENT_JustificationBook_Air_Force_PB_2016.zzz_unzipped-PROCUREMENT_JustificationBook_Air_Force_PB_2016.xml","8ecf5c6c6452e435852ecf4ce61c70ecc32c1b72674155a20b79c9ee6fe4d103","0-e0ad145021fc7a07dd08e921acd0e3421b920d0ce86bb4466491eda4709f4355","0-3813bb98f7ab35b6a47685e14c1d1597bab743635e4cb99c7fbb85cba042ae59","root.record.ItemExhibitList.P5Item.CostElementCategoryList.PackageFielding.Recurring.CostElementList.CostElement"
"TBD","N/A","0.00","0.00","0.00","0","0","0","0","0","0","0","0","2016-BASE_PROCUREMENT-2016-AIRFORCE_OTHER-PROCUREMENT_JustificationBook_Air_Force_PB_2016.zzz_unzipped-PROCUREMENT_JustificationBook_Air_Force_PB_2016.xml","bce46289ef8f6407bbe591fc76b251a80583d0d995defaa591cb39eec921a4f4","0-ce7ce60efc6b07e4bbae04c4231910aa9d553ec3d5cd27c08164e5e72bd6513d","0-c251c93c70c1a3c622eda717768acd1a4176719eff00dfd8ccdf002e2809b765","root.record.ItemExhibitList.P5Item.CostElementCategoryList.PackageFielding.Recurring.CostElementList.CostElement"
"TBD","N/A","0.00","0.00","0.00","0","0","0","0","0","0","0","0","2016-BASE_PROCUREMENT-2016-AIRFORCE_OTHER-PROCUREMENT_JustificationBook_Air_Force_PB_2016.zzz_unzipped-PROCUREMENT_JustificationBook_Air_Force_PB_2016.xml","bce46289ef8f6407bbe591fc76b251a80583d0d995defaa591cb39eec921a4f4","0-b1e5146595a4cf51be9fc6b140cb703e470643a7f779f441b6077512dec6304d","1-0587712e056c0c1fe13e16519b698f4755205d03924edffb1d591c66f3986da4","root.record.ItemExhibitList.P5Item.CostElementCategoryList.PackageFielding.Recurring.CostElementList.CostElement"
"TBD","N/A","0.00","0.00","0.00","0","0","0","0","0","0","0","0","2016-BASE_PROCUREMENT-2016-AIRFORCE_OTHER-PROCUREMENT_JustificationBook_Air_Force_PB_2016.zzz_unzipped-PROCUREMENT_JustificationBook_Air_Force_PB_2016.xml","bce46289ef8f6407bbe591fc76b251a80583d0d995defaa591cb39eec921a4f4","0-917ee7d8183fae6c087b3627a5de15c90c0bbd0efd7467ca365b673e433ef2b0","0-8e5002d9b0ef54b1869d35b26dbaa7facda9600a7d7bc52a0fd65de3f7ecf9c6","root.record.ItemExhibitList.P5Item.CostElementCategoryList.PackageFielding.Recurring.CostElementList.CostElement"
"GDIT","Needham, MA","0.00","0.00","0.00","0","0","0","0","0","0","0","0","2016-BASE_PROCUREMENT-2016-AIRFORCE_OTHER-PROCUREMENT_JustificationBook_Air_Force_PB_2016.zzz_unzipped-PROCUREMENT_JustificationBook_Air_Force_PB_2016.xml","bce46289ef8f6407bbe591fc76b251a80583d0d995defaa591cb39eec921a4f4","0-60a997273f915a95967578dd4fb5dfca30631fdcd68e21703d426285c25b7457","1-9994c694e397cecb45950bfd30e8d6f253f169775b9afbb129ad8f047bf00e4a","root.record.ItemExhibitList.P5Item.CostElementCategoryList.PackageFielding.Recurring.CostElementList.CostElement"
"TBD","N/A","0.00","0.00","0.00","0","0","0","0","0","0","0","0","2016-BASE_PROCUREMENT-2016-AIRFORCE_OTHER-PROCUREMENT_JustificationBook_Air_Force_PB_2016.zzz_unzipped-PROCUREMENT_JustificationBook_Air_Force_PB_2016.xml","bce46289ef8f6407bbe591fc76b251a80583d0d995defaa591cb39eec921a4f4","1-12cf33999318e32215fa82c09d7e81981ed2c17ec1dcd8784f720ceeb6eb16d2","1-9994c694e397cecb45950bfd30e8d6f253f169775b9afbb129ad8f047bf00e4a","root.record.ItemExhibitList.P5Item.CostElementCategoryList.PackageFielding.Recurring.CostElementList.CostElement"
"Three Wire Systems","3130 Fairview Park Dr STE 425, Falls Church VA 22042-4521","0.00","0.00","0.00","0","0","0","0","0","0","0","0","2016-BASE_PROCUREMENT-2016-AIRFORCE_OTHER-PROCUREMENT_JustificationBook_Air_Force_PB_2016.zzz_unzipped-PROCUREMENT_JustificationBook_Air_Force_PB_2016.xml","bce46289ef8f6407bbe591fc76b251a80583d0d995defaa591cb39eec921a4f4","0-b69411e699510fa9c2aefcb081cc83d78a8d41c397e943bc4abb487d99025c19","2-4966ee67632b687be23fb34aeded7bc5dddc6a98419b1217df93ca82be104303","root.record.ItemExhibitList.P5Item.CostElementCategoryList.PackageFielding.Recurring.CostElementList.CostElement"
"ACAS, NCI Information Systems","11730 Plaza America Dr STE 700, Reston VA, 20190-4764","0.00","0.00","0.00","0","0","0","0","0","0","0","0","2016-BASE_PROCUREMENT-2016-AIRFORCE_OTHER-PROCUREMENT_JustificationBook_Air_Force_PB_2016.zzz_unzipped-PROCUREMENT_JustificationBook_Air_Force_PB_2016.xml","bce46289ef8f6407bbe591fc76b251a80583d0d995defaa591cb39eec921a4f4","0-4ac229aed95381cc080355d29d8324e8a04f66e82ac9e6540e739ad9dfc0f8eb","3-51cda8a0ecec6665295015fa01826127b98db916ac1be35c2c2d84346965907b","root.record.ItemExhibitList.P5Item.CostElementCategoryList.PackageFielding.Recurring.CostElementList.CostElement"
"TBD","N/A","0.00","0.00","0.00","0","0","0","0","0","0","0","0","2016-BASE_PROCUREMENT-2016-AIRFORCE_OTHER-PROCUREMENT_JustificationBook_Air_Force_PB_2016.zzz_unzipped-PROCUREMENT_JustificationBook_Air_Force_PB_2016.xml","bce46289ef8f6407bbe591fc76b251a80583d0d995defaa591cb39eec921a4f4","1-3f4a543d15950b5c1814fdfd7be407d4f385f6025a70e222252e43f86407ae12","3-51cda8a0ecec6665295015fa01826127b98db916ac1be35c2c2d84346965907b","root.record.ItemExhibitList.P5Item.CostElementCategoryList.PackageFielding.Recurring.CostElementList.CostElement"
"TBD","Various","0.00","0.00","0.00","0","0","0","0","0","0","0","0","2016-BASE_PROCUREMENT-2016-AIRFORCE_OTHER-PROCUREMENT_MasterJustificationBook_Air_Force_PB_2016.zzz_unzipped-PROCUREMENT_MasterJustificationBook_Air_Force_PB_2016.xml","1197427e5a2bf1f1f1ef07b0ac162fb683a02ffc71fb76677769f0f00e64a713","0-7ba92703a3df5f9d9337c957acb96e0993645544145e158f580e8ff873ce80e4","0-323318a40d42d72476f0c55dba83af39eb08e164144555906041631e2ca4b05d","root.record.ItemExhibitList.P5Item.CostElementCategoryList.PackageFielding.Recurring.CostElementList.CostElement"
"TBD","N/A","0.00","0.00","0.00","0","0","0","0","0","0","0","0","2016-BASE_PROCUREMENT-2016-AIRFORCE_OTHER-PROCUREMENT_MasterJustificationBook_Air_Force_PB_2016.zzz_unzipped-PROCUREMENT_MasterJustificationBook_Air_Force_PB_2016.xml","b65725f2c732bfd8660e7280a5d35a4fef39e530ec50e75461aa335166c102b1","0-a1a734faa28d94c05875fc86af9d71d1223870cc27323aabe985d7c106486e21","0-0735510af86434eca2331d03457e38dda69d9e02ce318f0752a640eeeb2e26c3","root.record.ItemExhibitList.P5Item.CostElementCategoryList.PackageFielding.Recurring.CostElementList.CostElement"
"TBD","N/A","0.00","0.00","0.00","0","0","0","0","0","0","0","0","2016-BASE_PROCUREMENT-2016-AIRFORCE_OTHER-PROCUREMENT_MasterJustificationBook_Air_Force_PB_2016.zzz_unzipped-PROCUREMENT_MasterJustificationBook_Air_Force_PB_2016.xml","b65725f2c732bfd8660e7280a5d35a4fef39e530ec50e75461aa335166c102b1","0-636369d0f3c69d95c3a31a1acb42a23dbd4da54b1983734b80f5d1e2672b2126","1-a489e487e6a391b8b1ebf6f852c945c009c6c496f18c76dfd164237a6107ed32","root.record.ItemExhibitList.P5Item.CostElementCategoryList.PackageFielding.Recurring.CostElementList.CostElement"
"TBD","N/A","0.00","0.00","0.00","0","0","0","0","0","0","0","0","2016-BASE_PROCUREMENT-2016-AIRFORCE_OTHER-PROCUREMENT_MasterJustificationBook_Air_Force_PB_2016.zzz_unzipped-PROCUREMENT_MasterJustificationBook_Air_Force_PB_2016.xml","b65725f2c732bfd8660e7280a5d35a4fef39e530ec50e75461aa335166c102b1","0-dac66a7bb07fb4724deb1b03e103ebb020400d50e712bc4ad12f4931c3d949d6","0-e158fc91aa621dcfef201faaef548eb5444ccc460947fe3980f9431f4b173e5c","root.record.ItemExhibitList.P5Item.CostElementCategoryList.PackageFielding.Recurring.CostElementList.CostElement"
"GDIT","Needham, MA","0.00","0.00","0.00","0","0","0","0","0","0","0","0","2016-BASE_PROCUREMENT-2016-AIRFORCE_OTHER-PROCUREMENT_MasterJustificationBook_Air_Force_PB_2016.zzz_unzipped-PROCUREMENT_MasterJustificationBook_Air_Force_PB_2016.xml","b65725f2c732bfd8660e7280a5d35a4fef39e530ec50e75461aa335166c102b1","0-838bbc37c80e87a2144288d344085b7c60dcd61ac52b8971faca9f1af9614fa0","1-6f39ba89c44bdc22c67da517b2d0a814e7dcc765e33736741aac38e99aa7ab54","root.record.ItemExhibitList.P5Item.CostElementCategoryList.PackageFielding.Recurring.CostElementList.CostElement"
"TBD","N/A","0.00","0.00","0.00","0","0","0","0","0","0","0","0","2016-BASE_PROCUREMENT-2016-AIRFORCE_OTHER-PROCUREMENT_MasterJustificationBook_Air_Force_PB_2016.zzz_unzipped-PROCUREMENT_MasterJustificationBook_Air_Force_PB_2016.xml","b65725f2c732bfd8660e7280a5d35a4fef39e530ec50e75461aa335166c102b1","1-e2808162a045cf65db281f82979a4c78c3ff9fecc586484c28b4307d0c26e3c8","1-6f39ba89c44bdc22c67da517b2d0a814e7dcc765e33736741aac38e99aa7ab54","root.record.ItemExhibitList.P5Item.CostElementCategoryList.PackageFielding.Recurring.CostElementList.CostElement"
"Three Wire Systems","3130 Fairview Park Dr STE 425, Falls Church VA 22042-4521","0.00","0.00","0.00","0","0","0","0","0","0","0","0","2016-BASE_PROCUREMENT-2016-AIRFORCE_OTHER-PROCUREMENT_MasterJustificationBook_Air_Force_PB_2016.zzz_unzipped-PROCUREMENT_MasterJustificationBook_Air_Force_PB_2016.xml","b65725f2c732bfd8660e7280a5d35a4fef39e530ec50e75461aa335166c102b1","0-23ee21f7f0fc3808e12da361f5388ecd3d6bc04ebd869a6640f85aeec5600595","2-e569338a65f61762b907c70591ad832af8e8b4af4ecf35581ba958d08ca08a4e","root.record.ItemExhibitList.P5Item.CostElementCategoryList.PackageFielding.Recurring.CostElementList.CostElement"
"ACAS, NCI Information Systems","11730 Plaza America Dr STE 700, Reston VA, 20190-4764","0.00","0.00","0.00","0","0","0","0","0","0","0","0","2016-BASE_PROCUREMENT-2016-AIRFORCE_OTHER-PROCUREMENT_MasterJustificationBook_Air_Force_PB_2016.zzz_unzipped-PROCUREMENT_MasterJustificationBook_Air_Force_PB_2016.xml","b65725f2c732bfd8660e7280a5d35a4fef39e530ec50e75461aa335166c102b1","0-8a0897319207dcdb3b34eb21b562d834c45c16230f875806b3485b8f68e02077","3-c072446a4f95e816de0b8d35630f02972b506dcf412e6876a09b245d4bdd0c86","root.record.ItemExhibitList.P5Item.CostElementCategoryList.PackageFielding.Recurring.CostElementList.CostElement"
"TBD","N/A","0.00","0.00","0.00","0","0","0","0","0","0","0","0","2016-BASE_PROCUREMENT-2016-AIRFORCE_OTHER-PROCUREMENT_MasterJustificationBook_Air_Force_PB_2016.zzz_unzipped-PROCUREMENT_MasterJustificationBook_Air_Force_PB_2016.xml","b65725f2c732bfd8660e7280a5d35a4fef39e530ec50e75461aa335166c102b1","1-c679e122139c8fc9f62bb6fa971f72bda69464e600747d38e46d40540fcf3d68","3-c072446a4f95e816de0b8d35630f02972b506dcf412e6876a09b245d4bdd0c86","root.record.ItemExhibitList.P5Item.CostElementCategoryList.PackageFielding.Recurring.CostElementList.CostElement"
"TBD","Various","1.00","6.00","4.00","0","0","0","0","0","1","4","5","2017-BASE_PROCUREMENT-2017-AIRFORCE_OTHER-U_PROCUREMENT_JustificationBook_Air_Force_PB_2017.zzz_unzipped-U_PROCUREMENT_JustificationBook_Air_Force_PB_2017.xml","bcc662e800dc8bb76a8285528cc168abcc6312deba5f8a8505391946132986f2","0-0a8070bcd951dcc11a15c0d93319c07cdedf007e2468d4970f97e6f097997e8b","0-0cf54b5e9fa2dd3f530ec25b437d240e224f4bbcddf387346f1fb3b3dd28a860","root.record.ItemExhibitList.P5Item.CostElementCategoryList.PackageFielding.Recurring.CostElementList.CostElement"
"TBD","Various","1.00","6.00","4.00","0","0","0","0","0","1","4","5","2017-BASE_PROCUREMENT-2017-AIRFORCE_OTHER-U_PROCUREMENT_MasterJustificationBook_Air_Force_PB_2017.zzz_unzipped-U_PROCUREMENT_MasterJustificationBook_Air_Force_PB_2017.xml","c65c2d0ea2fabef820926a6a818da5c6319f34ef25a69b14de78ceb6be599d12","0-428372330d2954d7286c269d2fa93976cb2b1d4e4a7882aa8df3ae081e92ffa6","0-7a95469b2cd4caf8db3702f5264dc355cab3c1cc6381788771eb7674bfd46c6f","root.record.ItemExhibitList.P5Item.CostElementCategoryList.PackageFielding.Recurring.CostElementList.CostElement"
"TBS","TBS","","","","0","0","0","0","0","0","0","0","2017-BASE_PROCUREMENT-2017-ARMY_OTHER_2-U_PROCUREMENT_JustificationBook_Army_PB_2017.zzz_unzipped-U_PROCUREMENT_JustificationBook_Army_PB_2017.xml","4749a19225f22314c1a3af82dab22835b79b363ea2e08400776d9d7baf87145b","0-42421d2d6a90cfa41c37bbbedb346ef8245da8f2570f682ff054928de2304500","0-6cdee203c39bce1b82a45b2ecc2dad4ac74a16eb24fbbafec8c378e84ca13ee5","root.record.ItemExhibitList.P5Item.CostElementCategoryList.PackageFielding.Recurring.CostElementList.CostElement"
"Other Government Agency","TBD","","","","0","0","0","0","0","0","0","0","2018-BASE_PROCUREMENT-2018-ARMY_OTHER_2-U_PROCUREMENT_JustificationBook_Army_PB_2018.zzz_unzipped-U_PROCUREMENT_JustificationBook_Army_PB_2018.xml","38c294167c355d339a8ccea624e0b0643e68457c11866b2b886992043516b63d","0-0d8c351e9acd2050997e504d1cb7efaaf693bcf597db813cc79b8f45e4f6b71b","1-4913802281efb2c6580e23c41c38f7b0a312926e79c1c581e56302185ca40d8e","root.record.ItemExhibitList.P5Item.CostElementCategoryList.PackageFielding.Recurring.CostElementList.CostElement"
"Raytheon","TBD","","","","0","0","0","0","0","0","0","0","2018-BASE_PROCUREMENT-2018-ARMY_OTHER_2-U_PROCUREMENT_JustificationBook_Army_PB_2018.zzz_unzipped-U_PROCUREMENT_JustificationBook_Army_PB_2018.xml","38c294167c355d339a8ccea624e0b0643e68457c11866b2b886992043516b63d","0-cd8405b5ff5bf18b5e2702eec0b49401b1fe697c9b0380e889fb416a7d98c002","2-c8c4ba0fb807cc7112544c5640fc8e4b32eacac740a909d7bb1341623a5102ec","root.record.ItemExhibitList.P5Item.CostElementCategoryList.PackageFielding.Recurring.CostElementList.CostElement"
"VAR","VAR","","","","","","","","","","","","2019-BASE_PROCUREMENT-2019-ARMY_OTHER_2-U_PROCUREMENT_JustificationBook_Army_PB_2019.zzz_unzipped-U_PROCUREMENT_JustificationBook_Army_PB_2019.xml","5add64b8733be58a091d88ecb43cfe89e860a4a60660a6af7b3b1a128dbefa00","0-11343175fa45f1f993a246751cd22ed94607042d2e01047d7c49da5671af483b","0-9a721d5f3112039df094db22c8f55aeac0c6d6c211e97c8d80953cf58c1d6ee9","root.record.ItemExhibitList.P5Item.CostElementCategoryList.PackageFielding.Recurring.CostElementList.CostElement"
"TBS","TBS","","","","","","","","","","","","2020-BASE_PROCUREMENT-2020-ARMY_OTHER_2-U_PROCUREMENT_JustificationBook_Army_PB_2020.zzz_unzipped-U_PROCUREMENT_JustificationBook_Army_PB_2020.xml","16123f19d14714e621f3ad3717eb0a04587382702be0e2b1e9ac91adb50ab769","0-f19881bed6823ca14b1f4459ac273aa7adae0d7baab9a18a6d13c278842a8254","0-8b1564bf11811d8c89a4cde932682e76b48a8c42c774cbb44530755534a05611","root.record.ItemExhibitList.P5Item.CostElementCategoryList.PackageFielding.Recurring.CostElementList.CostElement"
"CACI","Reston, VA","","","","","","","","","","","","2020-BASE_PROCUREMENT-2020-ARMY_OTHER_2-U_PROCUREMENT_JustificationBook_Army_PB_2020.zzz_unzipped-U_PROCUREMENT_JustificationBook_Army_PB_2020.xml","16123f19d14714e621f3ad3717eb0a04587382702be0e2b1e9ac91adb50ab769","1-f0ed9f7d0b3d727d6c607784a320b3137ac782781e4200dd5753227c9b2c8bd2","0-8b1564bf11811d8c89a4cde932682e76b48a8c42c774cbb44530755534a05611","root.record.ItemExhibitList.P5Item.CostElementCategoryList.PackageFielding.Recurring.CostElementList.CostElement"
"VAR","VAR","","","","","","","","","","","","2020-BASE_PROCUREMENT-2020-ARMY_OTHER_2-U_PROCUREMENT_JustificationBook_Army_PB_2020.zzz_unzipped-U_PROCUREMENT_JustificationBook_Army_PB_2020.xml","bccab256ad07c458efbf6015255c69b667e6fb84c81c395a9847bc99db6b1514","0-df7e8eba726708d34acd4dad11b7a9634212bd6c2ac093b65b6f2f67b5a50233","0-94b9124457a42badbd5b909b277bb44323319d6a0138fa7be6773b9c375a3c46","root.record.ItemExhibitList.P5Item.CostElementCategoryList.PackageFielding.Recurring.CostElementList.CostElement"
"Other Government Agency","TBD","","","","","","","","","","","","2020-BASE_PROCUREMENT-2020-ARMY_OTHER_2-U_PROCUREMENT_JustificationBook_Army_PB_2020.zzz_unzipped-U_PROCUREMENT_JustificationBook_Army_PB_2020.xml","d5240ff4c7e79de7e15416cf9377c2be2f6ae02e5a70527e4c772787a856bd28","0-8803d99468ce9660f7c562aad4aaac0cd854e76873f1d1c7931d6a07d625a0c2","1-d130d1b317820262df72a78560b26aef85cabcd6f19821aa321e6a74580bfc04","root.record.ItemExhibitList.P5Item.CostElementCategoryList.PackageFielding.Recurring.CostElementList.CostElement"
"Raytheon","TBD","","","","","","","","","","","","2020-BASE_PROCUREMENT-2020-ARMY_OTHER_2-U_PROCUREMENT_JustificationBook_Army_PB_2020.zzz_unzipped-U_PROCUREMENT_JustificationBook_Army_PB_2020.xml","d5240ff4c7e79de7e15416cf9377c2be2f6ae02e5a70527e4c772787a856bd28","0-4f3944740ab59864a03b772969a7270be9b9165e8b6dfd4f43e18f7f4ccbea3c","2-e350e4a53e3b207290fc42dc436e1cc540719cf84c374a33e00d3f73bb98b17e","root.record.ItemExhibitList.P5Item.CostElementCategoryList.PackageFielding.Recurring.CostElementList.CostElement"
