Name_val,Location_val,MinimumSustainingRate_val,MaximumProductionRate_val,Rate185_val,InitialQuantity_AdminLeadTimeBeforeOct1InMonths_val,InitialQuantity_AdminLeadTimeAfterOct1InMonths_val,InitialQuantity_ProductionLeadTimeAfterOct1InMonths_val,InitialQuantity_TotalLeadTimeAfterOct1InMonths_val,ReorderQuantity_AdminLeadTimeBeforeOct1InMonths_val,ReorderQuantity_AdminLeadTimeAfterOct1InMonths_val,ReorderQuantity_ProductionLeadTimeAfterOct1InMonths_val,ReorderQuantity_TotalLeadTimeAfterOct1InMonths_val,@SOURCE_FILENAME,@RECORDID,@ROWID,@PARENTROWID,@PARENT
"NETCENTS","Various","0.00","0.00","0.00","0","0","0","0","0","0","0","0","2014-BASE_PROCUREMENT-2014-AIRFORCE_OTHER-PROCUREMENT_JustificationBook_Air_Force_PB_2014.zzz_unzipped-PROCUREMENT_JustificationBook_Air_Force_PB_2014.xml","183e2235a8702efde29fd338dbfb0e070b9a0e22f45c0daf1850fb81f56857fb","0-7f13411496e5c607f380e532accba3bfd8e9669968eb9cc441d31c953acf786d","0-dce1af2cc23f6f306c86478d75d3bd9548101b6e7f7c4a14dfe79d7764e6da68","root.record.ItemExhibitList.P5Item.CostElementCategoryList.PackageFielding.Recurring.CostElementList.CostElement"
"NETCENTS","Various","0.00","0.00","0.00","0","0","0","0","0","0","0","0","2014-BASE_PROCUREMENT-2014-AIRFORCE_OTHER-PROCUREMENT_JustificationBook_Air_Force_PB_2014.zzz_unzipped-PROCUREMENT_JustificationBook_Air_Force_PB_2014.xml","183e2235a8702efde29fd338dbfb0e070b9a0e22f45c0daf1850fb81f56857fb","0-fc4ef0161fb2de6ac2f861202377764f9027259922bbcabf415ab4de7287667a","0-e12d77009cdf33817ec40894b169424a7032824baf15cf5d7d6cdc21acfa0739","root.record.ItemExhibitList.P5Item.CostElementCategoryList.PackageFielding.Recurring.CostElementList.CostElement"
"NETCENTS","Various","0.00","0.00","0.00","0","0","0","0","0","0","0","0","2014-BASE_PROCUREMENT-2014-AIRFORCE_OTHER-PROCUREMENT_JustificationBook_Air_Force_PB_2014.zzz_unzipped-PROCUREMENT_JustificationBook_Air_Force_PB_2014.xml","183e2235a8702efde29fd338dbfb0e070b9a0e22f45c0daf1850fb81f56857fb","0-d462d2da6ea079f10031e44246988506826a74f194ea9737a4c49adc7a804680","0-d9da1972f4b627690f24795240b42d7422fabd1744cbb7a50f3863af19d395c9","root.record.ItemExhibitList.P5Item.CostElementCategoryList.PackageFielding.Recurring.CostElementList.CostElement"
"NETCENTS","Various","0.00","0.00","0.00","0","0","0","0","0","0","0","0","2014-BASE_PROCUREMENT-2014-AIRFORCE_OTHER-PROCUREMENT_JustificationBook_Air_Force_PB_2014.zzz_unzipped-PROCUREMENT_JustificationBook_Air_Force_PB_2014.xml","183e2235a8702efde29fd338dbfb0e070b9a0e22f45c0daf1850fb81f56857fb","0-e2e414d6d72732522b780bec70a148c323dda3b868eef050cf450705d5def5d9","0-91b83ff8b1ac26cbefdd9902e5acf5f3ec42ef751ce81099149781030336eaf2","root.record.ItemExhibitList.P5Item.CostElementCategoryList.PackageFielding.Recurring.CostElementList.CostElement"
"NETCENTS","Various","0.00","0.00","0.00","0","0","0","0","0","0","0","0","2014-BASE_PROCUREMENT-2014-AIRFORCE_OTHER-PROCUREMENT_JustificationBook_Air_Force_PB_2014.zzz_unzipped-PROCUREMENT_JustificationBook_Air_Force_PB_2014.xml","183e2235a8702efde29fd338dbfb0e070b9a0e22f45c0daf1850fb81f56857fb","0-3385eb3886b1c22293c428de7ce0d7eeed4acb48e9ee9c27cee31a957f647f03","0-0e3e37e1c29b7484c10fe48ec4f7a5295bc903af010fe4d68441166c112d3d3c","root.record.ItemExhibitList.P5Item.CostElementCategoryList.PackageFielding.Recurring.CostElementList.CostElement"
"NETCENTS","Various","0.00","0.00","0.00","0","0","0","0","0","0","0","0","2014-BASE_PROCUREMENT-2014-AIRFORCE_OTHER-PROCUREMENT_MasterJustificationBook_Air_Force_PB_2014.zzz_unzipped-PROCUREMENT_MasterJustificationBook_Air_Force_PB_2014.xml","5900c9666985c01314d4a2a76f9022ef6609a516534f5cd224b6144f366eb840","0-46d97e44dbc6496ae110b28e4a40e985d6c1cd8cd3cd945de7ebdcf0e57fc97e","0-3e723832d4ef86a43376d12bff89df319ed99b50572998b750501ceffc1a76b6","root.record.ItemExhibitList.P5Item.CostElementCategoryList.PackageFielding.Recurring.CostElementList.CostElement"
"NETCENTS","Various","0.00","0.00","0.00","0","0","0","0","0","0","0","0","2014-BASE_PROCUREMENT-2014-AIRFORCE_OTHER-PROCUREMENT_MasterJustificationBook_Air_Force_PB_2014.zzz_unzipped-PROCUREMENT_MasterJustificationBook_Air_Force_PB_2014.xml","5900c9666985c01314d4a2a76f9022ef6609a516534f5cd224b6144f366eb840","0-ac37b9afb0e262b89ea44ed6dfc376f71722d40ac2040f14a17c5895496b9708","0-0aa4cf237c29d52e2f84ea5d44b1721059d397b336084eb3357975642863ed35","root.record.ItemExhibitList.P5Item.CostElementCategoryList.PackageFielding.Recurring.CostElementList.CostElement"
"NETCENTS","Various","0.00","0.00","0.00","0","0","0","0","0","0","0","0","2014-BASE_PROCUREMENT-2014-AIRFORCE_OTHER-PROCUREMENT_MasterJustificationBook_Air_Force_PB_2014.zzz_unzipped-PROCUREMENT_MasterJustificationBook_Air_Force_PB_2014.xml","5900c9666985c01314d4a2a76f9022ef6609a516534f5cd224b6144f366eb840","0-045a98a26e340d9a4d0fdfff5d01d6fce2cde70b92643d6f7bf89da8eebcab14","0-12ac9dcdc8ab5c5a3fff4b2c2a6770abb13e306a50688dc27a5fb5e3d7323a64","root.record.ItemExhibitList.P5Item.CostElementCategoryList.PackageFielding.Recurring.CostElementList.CostElement"
"NETCENTS","Various","0.00","0.00","0.00","0","0","0","0","0","0","0","0","2014-BASE_PROCUREMENT-2014-AIRFORCE_OTHER-PROCUREMENT_MasterJustificationBook_Air_Force_PB_2014.zzz_unzipped-PROCUREMENT_MasterJustificationBook_Air_Force_PB_2014.xml","5900c9666985c01314d4a2a76f9022ef6609a516534f5cd224b6144f366eb840","0-5ba4432ec55e3c00c06531306c2f035a49a944d20e06647c0e37753866db6a28","0-604cd171c60885025bbed692aff8c47c15754b6a9a5b8d18eaeaaaa6a8684f88","root.record.ItemExhibitList.P5Item.CostElementCategoryList.PackageFielding.Recurring.CostElementList.CostElement"
"NETCENTS","Various","0.00","0.00","0.00","0","0","0","0","0","0","0","0","2014-BASE_PROCUREMENT-2014-AIRFORCE_OTHER-PROCUREMENT_MasterJustificationBook_Air_Force_PB_2014.zzz_unzipped-PROCUREMENT_MasterJustificationBook_Air_Force_PB_2014.xml","5900c9666985c01314d4a2a76f9022ef6609a516534f5cd224b6144f366eb840","0-4b08466f5e40c7fac8d3151ebb375b1350ed93c53d4616fd5c2df1668350da1f","0-608b8d084c037fd0e5c0a6ecf4f0a2402f6eab7b1381bb87ae2060fb6a6d1e79","root.record.ItemExhibitList.P5Item.CostElementCategoryList.PackageFielding.Recurring.CostElementList.CostElement"
"TBS","TBS","","","","0","0","0","0","0","0","0","0","2015-BASE_PROCUREMENT-2015-ARMY_OTHER_2-PROCUREMENT_JustificationBook_Army_PB_2015.zzz_unzipped-PROCUREMENT_JustificationBook_Army_PB_2015.xml","15e3c75f11cb579415ed3ce04619f365cf2710febf04f777fc059e6e23827745","0-cacd14b1ce75d108dafe1a300293a6921dec6f12ffa58c145728e32576561d06","0-72d3eada97277ff1bf4aedd84c0ea367c0d5ba4dbcf1363594bf9c3f5aee28a2","root.record.ItemExhibitList.P5Item.CostElementCategoryList.PackageFielding.Recurring.CostElementList.CostElement"
"TBD","Various","0.00","0.00","0.00","0","0","0","0","0","0","0","0","2016-BASE_PROCUREMENT-2016-AIRFORCE_OTHER-PROCUREMENT_JustificationBook_Air_Force_PB_2016.zzz_unzipped-PROCUREMENT_JustificationBook_Air_Force_PB_2016.xml","8ecf5c6c6452e435852ecf4ce61c70ecc32c1b72674155a20b79c9ee6fe4d103","0-bb9933923b6de44d5ed5683caf4471dab7425cbeb827036c1bcdaf111865dfd7","0-6acf21d9c44f15c43f1f19f2342473125f26b2cf294a89ef242d726ac2139e0d","root.record.ItemExhibitList.P5Item.CostElementCategoryList.PackageFielding.Recurring.CostElementList.CostElement"
"TBD","N/A","0.00","0.00","0.00","0","0","0","0","0","0","0","0","2016-BASE_PROCUREMENT-2016-AIRFORCE_OTHER-PROCUREMENT_JustificationBook_Air_Force_PB_2016.zzz_unzipped-PROCUREMENT_JustificationBook_Air_Force_PB_2016.xml","bce46289ef8f6407bbe591fc76b251a80583d0d995defaa591cb39eec921a4f4","0-1a77e1a88d73e618ce7d40b81283b51193edcc71f0243c8e2b954ffa122be2cb","0-fac69e8e42e5aa85ada671f015b2d36ac9a4134a51edd045fa6fcdafe34eaea4","root.record.ItemExhibitList.P5Item.CostElementCategoryList.PackageFielding.Recurring.CostElementList.CostElement"
"TBD","N/A","0.00","0.00","0.00","0","0","0","0","0","0","0","0","2016-BASE_PROCUREMENT-2016-AIRFORCE_OTHER-PROCUREMENT_JustificationBook_Air_Force_PB_2016.zzz_unzipped-PROCUREMENT_JustificationBook_Air_Force_PB_2016.xml","bce46289ef8f6407bbe591fc76b251a80583d0d995defaa591cb39eec921a4f4","0-459cd4160a4b0508de098c59626f4445d7642b4c0eb7f44a2c0a23ec453edd69","1-563c7cafb416ebb8d1313db8633746c227b523f316d1b21ca829fbf3fcb1505b","root.record.ItemExhibitList.P5Item.CostElementCategoryList.PackageFielding.Recurring.CostElementList.CostElement"
"TBD","N/A","0.00","0.00","0.00","0","0","0","0","0","0","0","0","2016-BASE_PROCUREMENT-2016-AIRFORCE_OTHER-PROCUREMENT_JustificationBook_Air_Force_PB_2016.zzz_unzipped-PROCUREMENT_JustificationBook_Air_Force_PB_2016.xml","bce46289ef8f6407bbe591fc76b251a80583d0d995defaa591cb39eec921a4f4","0-246838c29bae654afb1ef867c6069ac7d1bb258f323ea334572460a5602e1db7","0-e4f9d1a4e629a67e64339d3e9dd949b907da35e46933fa630e135a428e74ad8f","root.record.ItemExhibitList.P5Item.CostElementCategoryList.PackageFielding.Recurring.CostElementList.CostElement"
"GDIT","Needham, MA","0.00","0.00","0.00","0","0","0","0","0","0","0","0","2016-BASE_PROCUREMENT-2016-AIRFORCE_OTHER-PROCUREMENT_JustificationBook_Air_Force_PB_2016.zzz_unzipped-PROCUREMENT_JustificationBook_Air_Force_PB_2016.xml","bce46289ef8f6407bbe591fc76b251a80583d0d995defaa591cb39eec921a4f4","0-60f1ba2914b288c24932321b077ef23b5e7730bd480a94ee4cd0d03a9ca42f47","1-b0bde32dd1f57a49ad29156bc7605a05fd50b217df77e3e9612b72cbd3131c66","root.record.ItemExhibitList.P5Item.CostElementCategoryList.PackageFielding.Recurring.CostElementList.CostElement"
"TBD","N/A","0.00","0.00","0.00","0","0","0","0","0","0","0","0","2016-BASE_PROCUREMENT-2016-AIRFORCE_OTHER-PROCUREMENT_JustificationBook_Air_Force_PB_2016.zzz_unzipped-PROCUREMENT_JustificationBook_Air_Force_PB_2016.xml","bce46289ef8f6407bbe591fc76b251a80583d0d995defaa591cb39eec921a4f4","1-f768c32486d8dee7804954ea8b7da43b60e8a8d170aaff6e3dc53a4db7a5cb13","1-b0bde32dd1f57a49ad29156bc7605a05fd50b217df77e3e9612b72cbd3131c66","root.record.ItemExhibitList.P5Item.CostElementCategoryList.PackageFielding.Recurring.CostElementList.CostElement"
"Three Wire Systems","3130 Fairview Park Dr STE 425, Falls Church VA 22042-4521","0.00","0.00","0.00","0","0","0","0","0","0","0","0","2016-BASE_PROCUREMENT-2016-AIRFORCE_OTHER-PROCUREMENT_JustificationBook_Air_Force_PB_2016.zzz_unzipped-PROCUREMENT_JustificationBook_Air_Force_PB_2016.xml","bce46289ef8f6407bbe591fc76b251a80583d0d995defaa591cb39eec921a4f4","0-d7bb43831b3b0a587feefc1e8a8a98154f8a07bc2601ebb77eb9f310ab20947b","2-dadd2b771a3815b2e68d65f902bd04511aeac29a4a7bab06112bb66c9ae2f14b","root.record.ItemExhibitList.P5Item.CostElementCategoryList.PackageFielding.Recurring.CostElementList.CostElement"
"ACAS, NCI Information Systems","11730 Plaza America Dr STE 700, Reston VA, 20190-4764","0.00","0.00","0.00","0","0","0","0","0","0","0","0","2016-BASE_PROCUREMENT-2016-AIRFORCE_OTHER-PROCUREMENT_JustificationBook_Air_Force_PB_2016.zzz_unzipped-PROCUREMENT_JustificationBook_Air_Force_PB_2016.xml","bce46289ef8f6407bbe591fc76b251a80583d0d995defaa591cb39eec921a4f4","0-66c216561c86762cbe52d72b062fcf62f697bba3d52fcfb400041915e07f31be","3-750fa6446cc280fc7aca844eca0bec05d2009f8d207b6eddc46bf3ddc8f5ee4c","root.record.ItemExhibitList.P5Item.CostElementCategoryList.PackageFielding.Recurring.CostElementList.CostElement"
"TBD","N/A","0.00","0.00","0.00","0","0","0","0","0","0","0","0","2016-BASE_PROCUREMENT-2016-AIRFORCE_OTHER-PROCUREMENT_JustificationBook_Air_Force_PB_2016.zzz_unzipped-PROCUREMENT_JustificationBook_Air_Force_PB_2016.xml","bce46289ef8f6407bbe591fc76b251a80583d0d995defaa591cb39eec921a4f4","1-d59e1ca3c2416fec25db3d67a488be5474fb3c0e70bc637a6c6e7a008952ed89","3-750fa6446cc280fc7aca844eca0bec05d2009f8d207b6eddc46bf3ddc8f5ee4c","root.record.ItemExhibitList.P5Item.CostElementCategoryList.PackageFielding.Recurring.CostElementList.CostElement"
"TBD","Various","0.00","0.00","0.00","0","0","0","0","0","0","0","0","2016-BASE_PROCUREMENT-2016-AIRFORCE_OTHER-PROCUREMENT_MasterJustificationBook_Air_Force_PB_2016.zzz_unzipped-PROCUREMENT_MasterJustificationBook_Air_Force_PB_2016.xml","1197427e5a2bf1f1f1ef07b0ac162fb683a02ffc71fb76677769f0f00e64a713","0-fd6e53e9c54a8ae7082258bf1652e1ed65531770021f513fa1e64bb115182f17","0-cc84d02634d38f2a429afd018b53f7497f9847eb797d250827499782dff4409c","root.record.ItemExhibitList.P5Item.CostElementCategoryList.PackageFielding.Recurring.CostElementList.CostElement"
"TBD","N/A","0.00","0.00","0.00","0","0","0","0","0","0","0","0","2016-BASE_PROCUREMENT-2016-AIRFORCE_OTHER-PROCUREMENT_MasterJustificationBook_Air_Force_PB_2016.zzz_unzipped-PROCUREMENT_MasterJustificationBook_Air_Force_PB_2016.xml","b65725f2c732bfd8660e7280a5d35a4fef39e530ec50e75461aa335166c102b1","0-9a051024ff29821c8975378e924218846130c792e736d9cdf6370d8243f0bf9b","0-65f398982c12e7fe4490cb5b9b6fc81d3c9d41247fe219876decf923a06ec361","root.record.ItemExhibitList.P5Item.CostElementCategoryList.PackageFielding.Recurring.CostElementList.CostElement"
"TBD","N/A","0.00","0.00","0.00","0","0","0","0","0","0","0","0","2016-BASE_PROCUREMENT-2016-AIRFORCE_OTHER-PROCUREMENT_MasterJustificationBook_Air_Force_PB_2016.zzz_unzipped-PROCUREMENT_MasterJustificationBook_Air_Force_PB_2016.xml","b65725f2c732bfd8660e7280a5d35a4fef39e530ec50e75461aa335166c102b1","0-f81c198c7b565fe18e9413c61dbe5ffda2447371eeea68ff6133cb503af4398d","1-bf03e1e6eca65933b1e8f2d3de3985c669e826df1fe25b137da2cb21b7c57b42","root.record.ItemExhibitList.P5Item.CostElementCategoryList.PackageFielding.Recurring.CostElementList.CostElement"
"TBD","N/A","0.00","0.00","0.00","0","0","0","0","0","0","0","0","2016-BASE_PROCUREMENT-2016-AIRFORCE_OTHER-PROCUREMENT_MasterJustificationBook_Air_Force_PB_2016.zzz_unzipped-PROCUREMENT_MasterJustificationBook_Air_Force_PB_2016.xml","b65725f2c732bfd8660e7280a5d35a4fef39e530ec50e75461aa335166c102b1","0-5fdee15b34458fd6238eda0037dc32dbaaab7f2e1d0b61aa0f37838a21172750","0-520762914af2153b66eeb6763b4fa31c056d11110d2d4bbe205b8832b006b6a8","root.record.ItemExhibitList.P5Item.CostElementCategoryList.PackageFielding.Recurring.CostElementList.CostElement"
"GDIT","Needham, MA","0.00","0.00","0.00","0","0","0","0","0","0","0","0","2016-BASE_PROCUREMENT-2016-AIRFORCE_OTHER-PROCUREMENT_MasterJustificationBook_Air_Force_PB_2016.zzz_unzipped-PROCUREMENT_MasterJustificationBook_Air_Force_PB_2016.xml","b65725f2c732bfd8660e7280a5d35a4fef39e530ec50e75461aa335166c102b1","0-5a22144b188c0c10d92e818439c037d517e6a2f17bf544dd5f5b3dfd206e92a7","1-9eb9b29dfa82c9b5392d6589163eb88d1686ef1b7dd08f085853ea0e1215acf0","root.record.ItemExhibitList.P5Item.CostElementCategoryList.PackageFielding.Recurring.CostElementList.CostElement"
"TBD","N/A","0.00","0.00","0.00","0","0","0","0","0","0","0","0","2016-BASE_PROCUREMENT-2016-AIRFORCE_OTHER-PROCUREMENT_MasterJustificationBook_Air_Force_PB_2016.zzz_unzipped-PROCUREMENT_MasterJustificationBook_Air_Force_PB_2016.xml","b65725f2c732bfd8660e7280a5d35a4fef39e530ec50e75461aa335166c102b1","1-2a0d62bb7767b4e0ad64ef49783e9b0b05f226e760b0add5015944e09057e502","1-9eb9b29dfa82c9b5392d6589163eb88d1686ef1b7dd08f085853ea0e1215acf0","root.record.ItemExhibitList.P5Item.CostElementCategoryList.PackageFielding.Recurring.CostElementList.CostElement"
"Three Wire Systems","3130 Fairview Park Dr STE 425, Falls Church VA 22042-4521","0.00","0.00","0.00","0","0","0","0","0","0","0","0","2016-BASE_PROCUREMENT-2016-AIRFORCE_OTHER-PROCUREMENT_MasterJustificationBook_Air_Force_PB_2016.zzz_unzipped-PROCUREMENT_MasterJustificationBook_Air_Force_PB_2016.xml","b65725f2c732bfd8660e7280a5d35a4fef39e530ec50e75461aa335166c102b1","0-64b1c7056d1817331bdbfcb4b60e1963c3f10e8c2155efb99ba0490702fc694b","2-64dacf4cf14fc14d9e6bce04da6cf038418840b50803e17736e6126407b7e518","root.record.ItemExhibitList.P5Item.CostElementCategoryList.PackageFielding.Recurring.CostElementList.CostElement"
"ACAS, NCI Information Systems","11730 Plaza America Dr STE 700, Reston VA, 20190-4764","0.00","0.00","0.00","0","0","0","0","0","0","0","0","2016-BASE_PROCUREMENT-2016-AIRFORCE_OTHER-PROCUREMENT_MasterJustificationBook_Air_Force_PB_2016.zzz_unzipped-PROCUREMENT_MasterJustificationBook_Air_Force_PB_2016.xml","b65725f2c732bfd8660e7280a5d35a4fef39e530ec50e75461aa335166c102b1","0-7fe83df4f998a1b5360064b9a8d933e3b745f83e3add424df8c99f6a8fe8b7ad","3-60b7430b83ec3e8c043222e0f8463fe4d0db3ceefc51de3cf54401d688111e96","root.record.ItemExhibitList.P5Item.CostElementCategoryList.PackageFielding.Recurring.CostElementList.CostElement"
"TBD","N/A","0.00","0.00","0.00","0","0","0","0","0","0","0","0","2016-BASE_PROCUREMENT-2016-AIRFORCE_OTHER-PROCUREMENT_MasterJustificationBook_Air_Force_PB_2016.zzz_unzipped-PROCUREMENT_MasterJustificationBook_Air_Force_PB_2016.xml","b65725f2c732bfd8660e7280a5d35a4fef39e530ec50e75461aa335166c102b1","1-c79c41be0df9e742f1c45240fc9b13b5bd1287fac1056ed0bc1753b95020ef89","3-60b7430b83ec3e8c043222e0f8463fe4d0db3ceefc51de3cf54401d688111e96","root.record.ItemExhibitList.P5Item.CostElementCategoryList.PackageFielding.Recurring.CostElementList.CostElement"
"TBD","Various","1.00","6.00","4.00","0","0","0","0","0","1","4","5","2017-BASE_PROCUREMENT-2017-AIRFORCE_OTHER-U_PROCUREMENT_JustificationBook_Air_Force_PB_2017.zzz_unzipped-U_PROCUREMENT_JustificationBook_Air_Force_PB_2017.xml","bcc662e800dc8bb76a8285528cc168abcc6312deba5f8a8505391946132986f2","0-4c05563fcfc24676416c1914c7aa972400c36a00047b8de8b9cfb88539f02cc6","0-6cf115531346fb839a45a41bc5ee78a908b5aaa2560778f3d967a8aa9c39441d","root.record.ItemExhibitList.P5Item.CostElementCategoryList.PackageFielding.Recurring.CostElementList.CostElement"
"TBD","Various","1.00","6.00","4.00","0","0","0","0","0","1","4","5","2017-BASE_PROCUREMENT-2017-AIRFORCE_OTHER-U_PROCUREMENT_MasterJustificationBook_Air_Force_PB_2017.zzz_unzipped-U_PROCUREMENT_MasterJustificationBook_Air_Force_PB_2017.xml","c65c2d0ea2fabef820926a6a818da5c6319f34ef25a69b14de78ceb6be599d12","0-897eed7a61807b4f51e56be12ba3c3c78344cf7e2a49f60c34b03e1d9ab55289","0-e78ee02c72f742e65fba03874ff420aab02c18838e9580bf331723d4eece28fe","root.record.ItemExhibitList.P5Item.CostElementCategoryList.PackageFielding.Recurring.CostElementList.CostElement"
"TBS","TBS","","","","0","0","0","0","0","0","0","0","2017-BASE_PROCUREMENT-2017-ARMY_OTHER_2-U_PROCUREMENT_JustificationBook_Army_PB_2017.zzz_unzipped-U_PROCUREMENT_JustificationBook_Army_PB_2017.xml","4749a19225f22314c1a3af82dab22835b79b363ea2e08400776d9d7baf87145b","0-e048b7843f1c47c283272ab90b3cb43b7c29dc4d8b4f1bce3f68f233f7ddfc32","0-b1bfea987137880af84f057cdc6f8f9ba356d8ab6770a4747aa837d22155072b","root.record.ItemExhibitList.P5Item.CostElementCategoryList.PackageFielding.Recurring.CostElementList.CostElement"
"Other Government Agency","TBD","","","","0","0","0","0","0","0","0","0","2018-BASE_PROCUREMENT-2018-ARMY_OTHER_2-U_PROCUREMENT_JustificationBook_Army_PB_2018.zzz_unzipped-U_PROCUREMENT_JustificationBook_Army_PB_2018.xml","38c294167c355d339a8ccea624e0b0643e68457c11866b2b886992043516b63d","0-4e28cab47e02d5849b41116db24e14e0a72a59e8c6e505e07884be27331958a1","1-a00bc7378050770aa54fc2e1b0971aefeb4a4d056b0838769fca978e16dd8f60","root.record.ItemExhibitList.P5Item.CostElementCategoryList.PackageFielding.Recurring.CostElementList.CostElement"
"Raytheon","TBD","","","","0","0","0","0","0","0","0","0","2018-BASE_PROCUREMENT-2018-ARMY_OTHER_2-U_PROCUREMENT_JustificationBook_Army_PB_2018.zzz_unzipped-U_PROCUREMENT_JustificationBook_Army_PB_2018.xml","38c294167c355d339a8ccea624e0b0643e68457c11866b2b886992043516b63d","0-ce943e01e70453c72c20a7fbf69d201a54e9c1b6491f67cd01eb864f18e856b9","2-32d3b44af421ec3fccd956ef01008807b391d82d9a9bd63013487d4b74ee4dda","root.record.ItemExhibitList.P5Item.CostElementCategoryList.PackageFielding.Recurring.CostElementList.CostElement"
"VAR","VAR","","","","","","","","","","","","2019-BASE_PROCUREMENT-2019-ARMY_OTHER_2-U_PROCUREMENT_JustificationBook_Army_PB_2019.zzz_unzipped-U_PROCUREMENT_JustificationBook_Army_PB_2019.xml","5add64b8733be58a091d88ecb43cfe89e860a4a60660a6af7b3b1a128dbefa00","0-7f47dc2c68e4760692997e862093397d023f85c03631ef34ecf819e74ebea576","0-d2e45760dcc46957d04b00ca6811ba3aaf21ab7287871aef7756d6e649ff4baa","root.record.ItemExhibitList.P5Item.CostElementCategoryList.PackageFielding.Recurring.CostElementList.CostElement"
"TBS","TBS","","","","","","","","","","","","2020-BASE_PROCUREMENT-2020-ARMY_OTHER_2-U_PROCUREMENT_JustificationBook_Army_PB_2020.zzz_unzipped-U_PROCUREMENT_JustificationBook_Army_PB_2020.xml","16123f19d14714e621f3ad3717eb0a04587382702be0e2b1e9ac91adb50ab769","0-18593a2d3bbbaf398489d06e77daecebfdd196bd4b978d44666d123a4f815b9a","0-21ee4825b8e00b7a6bea8cfe91b157732389bb316d052798e27947ced853a2e6","root.record.ItemExhibitList.P5Item.CostElementCategoryList.PackageFielding.Recurring.CostElementList.CostElement"
"CACI","Reston, VA","","","","","","","","","","","","2020-BASE_PROCUREMENT-2020-ARMY_OTHER_2-U_PROCUREMENT_JustificationBook_Army_PB_2020.zzz_unzipped-U_PROCUREMENT_JustificationBook_Army_PB_2020.xml","16123f19d14714e621f3ad3717eb0a04587382702be0e2b1e9ac91adb50ab769","1-c6d7891854e2dd29fef1d075c27ec7ab69e0acad74b40daf20ffb0ce35ad212e","0-21ee4825b8e00b7a6bea8cfe91b157732389bb316d052798e27947ced853a2e6","root.record.ItemExhibitList.P5Item.CostElementCategoryList.PackageFielding.Recurring.CostElementList.CostElement"
"VAR","VAR","","","","","","","","","","","","2020-BASE_PROCUREMENT-2020-ARMY_OTHER_2-U_PROCUREMENT_JustificationBook_Army_PB_2020.zzz_unzipped-U_PROCUREMENT_JustificationBook_Army_PB_2020.xml","bccab256ad07c458efbf6015255c69b667e6fb84c81c395a9847bc99db6b1514","0-8a3d5d85d1319ca97d7ec14183b9ddb2f937774c3490bc6f6cb5581e434e875b","0-4a8b5a4b6cab8484a6966376523f9cde6a07b54ab356493dc18bcca782b2819b","root.record.ItemExhibitList.P5Item.CostElementCategoryList.PackageFielding.Recurring.CostElementList.CostElement"
"Other Government Agency","TBD","","","","","","","","","","","","2020-BASE_PROCUREMENT-2020-ARMY_OTHER_2-U_PROCUREMENT_JustificationBook_Army_PB_2020.zzz_unzipped-U_PROCUREMENT_JustificationBook_Army_PB_2020.xml","d5240ff4c7e79de7e15416cf9377c2be2f6ae02e5a70527e4c772787a856bd28","0-27d33de32ca6f4c232ca8966d3fb7378baeb0cd7f6786cadfa987826ae8504e5","1-ffa12f2bbbf04fa3fbe5bcd95152e5573b0d7b14400b10b446c102de8720dab0","root.record.ItemExhibitList.P5Item.CostElementCategoryList.PackageFielding.Recurring.CostElementList.CostElement"
"Raytheon","TBD","","","","","","","","","","","","2020-BASE_PROCUREMENT-2020-ARMY_OTHER_2-U_PROCUREMENT_JustificationBook_Army_PB_2020.zzz_unzipped-U_PROCUREMENT_JustificationBook_Army_PB_2020.xml","d5240ff4c7e79de7e15416cf9377c2be2f6ae02e5a70527e4c772787a856bd28","0-fafbe0795bece93a09df407d061d5aef285a81707c9e6c0c004b9873fca73a9c","2-a05e5af07eeec736c7c9dc97e7365ba43ad126b9d68213d4c4b29d3a7c29a742","root.record.ItemExhibitList.P5Item.CostElementCategoryList.PackageFielding.Recurring.CostElementList.CostElement"
