Month_val,Amount_val,@SOURCE_FILENAME,@RECORDID,@ROWID,@PARENTROWID,@PARENT
"2014-03","1","2013-BASE_PROCUREMENT-2013-AIRFORCE_AIRCRAFT_VOL1-JustificationBook_Air_Force_PB_2013.zzz_unzipped-JustificationBook_Air_Force_PB_2013.xml","b8fa5f8711ad2e5472ab82f8ae7a634c0ce171a77ff119a3b27bbb1b6f64f8eb","0-da595dc32e090a954265439c0160a7fe81a023579be9ee103ba092d40eb23061","0-510ada7da3cebfcf048b86f7bb69b30270aafbebbfea6895467c49216fd1c2ea","root.record.ItemExhibitList.P5Item.CostElementCategoryList.Vehicles.Recurring.CostElementList.CostElement.ManufacturerList.Manufacturer.HistoryPlanningList.HistoryPlanning"
"2014-07","1","2013-BASE_PROCUREMENT-2013-AIRFORCE_AIRCRAFT_VOL1-JustificationBook_Air_Force_PB_2013.zzz_unzipped-JustificationBook_Air_Force_PB_2013.xml","b8fa5f8711ad2e5472ab82f8ae7a634c0ce171a77ff119a3b27bbb1b6f64f8eb","1-c84865e0243a8b83e8ae63ae99a833a73131d91777b424a4c46d818e1176eab1","0-510ada7da3cebfcf048b86f7bb69b30270aafbebbfea6895467c49216fd1c2ea","root.record.ItemExhibitList.P5Item.CostElementCategoryList.Vehicles.Recurring.CostElementList.CostElement.ManufacturerList.Manufacturer.HistoryPlanningList.HistoryPlanning"
"2014-12","1","2013-BASE_PROCUREMENT-2013-AIRFORCE_AIRCRAFT_VOL1-JustificationBook_Air_Force_PB_2013.zzz_unzipped-JustificationBook_Air_Force_PB_2013.xml","b8fa5f8711ad2e5472ab82f8ae7a634c0ce171a77ff119a3b27bbb1b6f64f8eb","0-5ca98275d162a3b5c16453d54d615709a5d456eb9ae678a5a8706a35779224cb","1-3b4d00689fb61a3d82ee44ac02c94b32bfbb6bb9d2f9c63fbb1ef5ac0e93ad5a","root.record.ItemExhibitList.P5Item.CostElementCategoryList.Vehicles.Recurring.CostElementList.CostElement.ManufacturerList.Manufacturer.HistoryPlanningList.HistoryPlanning"
"2015-01","1","2013-BASE_PROCUREMENT-2013-AIRFORCE_AIRCRAFT_VOL1-JustificationBook_Air_Force_PB_2013.zzz_unzipped-JustificationBook_Air_Force_PB_2013.xml","b8fa5f8711ad2e5472ab82f8ae7a634c0ce171a77ff119a3b27bbb1b6f64f8eb","1-d826c022d67c53704a34b1e9cae960bf203a84540724abf79eef0905be766dd9","1-3b4d00689fb61a3d82ee44ac02c94b32bfbb6bb9d2f9c63fbb1ef5ac0e93ad5a","root.record.ItemExhibitList.P5Item.CostElementCategoryList.Vehicles.Recurring.CostElementList.CostElement.ManufacturerList.Manufacturer.HistoryPlanningList.HistoryPlanning"
"2015-03","1","2013-BASE_PROCUREMENT-2013-AIRFORCE_AIRCRAFT_VOL1-JustificationBook_Air_Force_PB_2013.zzz_unzipped-JustificationBook_Air_Force_PB_2013.xml","b8fa5f8711ad2e5472ab82f8ae7a634c0ce171a77ff119a3b27bbb1b6f64f8eb","2-77538b7c4bc4c892d19b6626de3044c33a69bc237835e4b1de0326edfa32124a","1-3b4d00689fb61a3d82ee44ac02c94b32bfbb6bb9d2f9c63fbb1ef5ac0e93ad5a","root.record.ItemExhibitList.P5Item.CostElementCategoryList.Vehicles.Recurring.CostElementList.CostElement.ManufacturerList.Manufacturer.HistoryPlanningList.HistoryPlanning"
"2014-04","1","2013-BASE_PROCUREMENT-2013-AIRFORCE_AIRCRAFT_VOL1-JustificationBook_Air_Force_PB_2013.zzz_unzipped-JustificationBook_Air_Force_PB_2013.xml","b8fa5f8711ad2e5472ab82f8ae7a634c0ce171a77ff119a3b27bbb1b6f64f8eb","0-e779c31306aaf24d8935ae77f5170d40c696e2e067377669bb78eb3f6875f948","0-51cb643ae08fb7e1373e15c973ab126c536673bcd9936dd0464aad242ba547ed","root.record.ItemExhibitList.P5Item.CostElementCategoryList.Vehicles.Recurring.CostElementList.CostElement.ManufacturerList.Manufacturer.HistoryPlanningList.HistoryPlanning"
"2014-08","1","2013-BASE_PROCUREMENT-2013-AIRFORCE_AIRCRAFT_VOL1-JustificationBook_Air_Force_PB_2013.zzz_unzipped-JustificationBook_Air_Force_PB_2013.xml","b8fa5f8711ad2e5472ab82f8ae7a634c0ce171a77ff119a3b27bbb1b6f64f8eb","1-e3f5368f613ddd02751b9d5f7425e607ad7b59b85b961e21288be76f871ec380","0-51cb643ae08fb7e1373e15c973ab126c536673bcd9936dd0464aad242ba547ed","root.record.ItemExhibitList.P5Item.CostElementCategoryList.Vehicles.Recurring.CostElementList.CostElement.ManufacturerList.Manufacturer.HistoryPlanningList.HistoryPlanning"
"2011-05","1","2013-BASE_PROCUREMENT-2013-AIRFORCE_AIRCRAFT_VOL1-JustificationBook_Air_Force_PB_2013.zzz_unzipped-JustificationBook_Air_Force_PB_2013.xml","b8fa5f8711ad2e5472ab82f8ae7a634c0ce171a77ff119a3b27bbb1b6f64f8eb","0-35120c36369659edb9085039d372a940e8fe87c2bde16c27725d0775b31f5bfc","0-64955f2158059c507d3093834b786a86527541a029f6fdbe7f18be55c951f914","root.record.ItemExhibitList.P5Item.CostElementCategoryList.Vehicles.Recurring.CostElementList.CostElement.ManufacturerList.Manufacturer.HistoryPlanningList.HistoryPlanning"
"2011-11","1","2013-BASE_PROCUREMENT-2013-AIRFORCE_AIRCRAFT_VOL1-JustificationBook_Air_Force_PB_2013.zzz_unzipped-JustificationBook_Air_Force_PB_2013.xml","b8fa5f8711ad2e5472ab82f8ae7a634c0ce171a77ff119a3b27bbb1b6f64f8eb","1-37407a5a077d2e79ed8b2161f3bd7162204a231b2ffc6240774bbb54dd1452ec","0-64955f2158059c507d3093834b786a86527541a029f6fdbe7f18be55c951f914","root.record.ItemExhibitList.P5Item.CostElementCategoryList.Vehicles.Recurring.CostElementList.CostElement.ManufacturerList.Manufacturer.HistoryPlanningList.HistoryPlanning"
"2014-03","1","2013-BASE_PROCUREMENT-2013-AIRFORCE_AIRCRAFT_VOL2-MasterJustificationBook_Air_Force_PB_2013.zzz_unzipped-MasterJustificationBook_Air_Force_PB_2013.xml","1f4f127078b801cf69bd1d343ce10449d87168a46400edc6f8142cdafd8b4153","0-9cbfd165b33bb34ea2cf9ffe06a7ce9c840530b7a8559dbb727559ab177ef3b6","0-aff333d3e833bb3920f6f59e9d7ca133e8ca25520e9d55989d53b8cd2ef3c782","root.record.ItemExhibitList.P5Item.CostElementCategoryList.Vehicles.Recurring.CostElementList.CostElement.ManufacturerList.Manufacturer.HistoryPlanningList.HistoryPlanning"
"2014-07","1","2013-BASE_PROCUREMENT-2013-AIRFORCE_AIRCRAFT_VOL2-MasterJustificationBook_Air_Force_PB_2013.zzz_unzipped-MasterJustificationBook_Air_Force_PB_2013.xml","1f4f127078b801cf69bd1d343ce10449d87168a46400edc6f8142cdafd8b4153","1-7d9d3750be3d87028e8a96f77bb8c69adf9899ea1298791f632b9f6faaf02a54","0-aff333d3e833bb3920f6f59e9d7ca133e8ca25520e9d55989d53b8cd2ef3c782","root.record.ItemExhibitList.P5Item.CostElementCategoryList.Vehicles.Recurring.CostElementList.CostElement.ManufacturerList.Manufacturer.HistoryPlanningList.HistoryPlanning"
"2014-12","1","2013-BASE_PROCUREMENT-2013-AIRFORCE_AIRCRAFT_VOL2-MasterJustificationBook_Air_Force_PB_2013.zzz_unzipped-MasterJustificationBook_Air_Force_PB_2013.xml","1f4f127078b801cf69bd1d343ce10449d87168a46400edc6f8142cdafd8b4153","0-9befb5e37e6bf710ba77e19695fdaa63581c21549a10aad61a72879dfcd57dc4","1-3f280b1770180f0e9ab2bd34670388168244344b62d070833c8bde2b0a420b24","root.record.ItemExhibitList.P5Item.CostElementCategoryList.Vehicles.Recurring.CostElementList.CostElement.ManufacturerList.Manufacturer.HistoryPlanningList.HistoryPlanning"
"2015-01","1","2013-BASE_PROCUREMENT-2013-AIRFORCE_AIRCRAFT_VOL2-MasterJustificationBook_Air_Force_PB_2013.zzz_unzipped-MasterJustificationBook_Air_Force_PB_2013.xml","1f4f127078b801cf69bd1d343ce10449d87168a46400edc6f8142cdafd8b4153","1-2213925282880e13a5f533d4522092e85711776f8d65af6c32e2b6741c57f5ac","1-3f280b1770180f0e9ab2bd34670388168244344b62d070833c8bde2b0a420b24","root.record.ItemExhibitList.P5Item.CostElementCategoryList.Vehicles.Recurring.CostElementList.CostElement.ManufacturerList.Manufacturer.HistoryPlanningList.HistoryPlanning"
"2015-03","1","2013-BASE_PROCUREMENT-2013-AIRFORCE_AIRCRAFT_VOL2-MasterJustificationBook_Air_Force_PB_2013.zzz_unzipped-MasterJustificationBook_Air_Force_PB_2013.xml","1f4f127078b801cf69bd1d343ce10449d87168a46400edc6f8142cdafd8b4153","2-d0f7e3f5d323ed6eb8577c0e09ff2f785c35e4044fb033abcccef6d2a20e2d88","1-3f280b1770180f0e9ab2bd34670388168244344b62d070833c8bde2b0a420b24","root.record.ItemExhibitList.P5Item.CostElementCategoryList.Vehicles.Recurring.CostElementList.CostElement.ManufacturerList.Manufacturer.HistoryPlanningList.HistoryPlanning"
"2014-04","1","2013-BASE_PROCUREMENT-2013-AIRFORCE_AIRCRAFT_VOL2-MasterJustificationBook_Air_Force_PB_2013.zzz_unzipped-MasterJustificationBook_Air_Force_PB_2013.xml","1f4f127078b801cf69bd1d343ce10449d87168a46400edc6f8142cdafd8b4153","0-560d5c660a5fd99b12dadf49a8126a214168b46ce576a68ea93ef2f9a2379632","0-28f217dc2b9424fb196fab8b53af56671903d126125cbce31499eba1fdbb2dbf","root.record.ItemExhibitList.P5Item.CostElementCategoryList.Vehicles.Recurring.CostElementList.CostElement.ManufacturerList.Manufacturer.HistoryPlanningList.HistoryPlanning"
"2014-08","1","2013-BASE_PROCUREMENT-2013-AIRFORCE_AIRCRAFT_VOL2-MasterJustificationBook_Air_Force_PB_2013.zzz_unzipped-MasterJustificationBook_Air_Force_PB_2013.xml","1f4f127078b801cf69bd1d343ce10449d87168a46400edc6f8142cdafd8b4153","1-2308d48f7c2022a7c3be7639322138ec865755edfa1d3d13099b2e8877862b23","0-28f217dc2b9424fb196fab8b53af56671903d126125cbce31499eba1fdbb2dbf","root.record.ItemExhibitList.P5Item.CostElementCategoryList.Vehicles.Recurring.CostElementList.CostElement.ManufacturerList.Manufacturer.HistoryPlanningList.HistoryPlanning"
"2011-05","1","2013-BASE_PROCUREMENT-2013-AIRFORCE_AIRCRAFT_VOL2-MasterJustificationBook_Air_Force_PB_2013.zzz_unzipped-MasterJustificationBook_Air_Force_PB_2013.xml","1f4f127078b801cf69bd1d343ce10449d87168a46400edc6f8142cdafd8b4153","0-fa131d69d43a7a084673d6f30efca09e4a772e53c4373a9bba21b8bc37865ff0","0-0411e3fa2bbfa5a91e49efcd0330ada3c021c87b16d592ab0b0d6128fd2989a4","root.record.ItemExhibitList.P5Item.CostElementCategoryList.Vehicles.Recurring.CostElementList.CostElement.ManufacturerList.Manufacturer.HistoryPlanningList.HistoryPlanning"
"2011-11","1","2013-BASE_PROCUREMENT-2013-AIRFORCE_AIRCRAFT_VOL2-MasterJustificationBook_Air_Force_PB_2013.zzz_unzipped-MasterJustificationBook_Air_Force_PB_2013.xml","1f4f127078b801cf69bd1d343ce10449d87168a46400edc6f8142cdafd8b4153","1-e4a75c085928c505a822163457b011eaacf0e1f1f484917a38dde925508e9833","0-0411e3fa2bbfa5a91e49efcd0330ada3c021c87b16d592ab0b0d6128fd2989a4","root.record.ItemExhibitList.P5Item.CostElementCategoryList.Vehicles.Recurring.CostElementList.CostElement.ManufacturerList.Manufacturer.HistoryPlanningList.HistoryPlanning"
"2014-03","1","2013-BASE_PROCUREMENT-2013-AIRFORCE_AIRCRAFT_VOL1-MasterJustificationBook_Air_Force_PB_2013.zzz_unzipped-MasterJustificationBook_Air_Force_PB_2013.xml","a7c6bab01f0a3102b466c221b8193722f8b6637d9b29cc98c18c29fc94b0ad9b","0-fd3e1d1059b33896e2219305ec4a189843a1699a28efde112c2e792e1a83d5dc","0-4b95e24e714a9a36400e67050175896290a8675e4ecf552053efe0781cb3ff7b","root.record.ItemExhibitList.P5Item.CostElementCategoryList.Vehicles.Recurring.CostElementList.CostElement.ManufacturerList.Manufacturer.HistoryPlanningList.HistoryPlanning"
"2014-07","1","2013-BASE_PROCUREMENT-2013-AIRFORCE_AIRCRAFT_VOL1-MasterJustificationBook_Air_Force_PB_2013.zzz_unzipped-MasterJustificationBook_Air_Force_PB_2013.xml","a7c6bab01f0a3102b466c221b8193722f8b6637d9b29cc98c18c29fc94b0ad9b","1-d04aff6befd843a3df0086dd0bdc2d9395d362a5a23ef49d8fe57fb2804d2940","0-4b95e24e714a9a36400e67050175896290a8675e4ecf552053efe0781cb3ff7b","root.record.ItemExhibitList.P5Item.CostElementCategoryList.Vehicles.Recurring.CostElementList.CostElement.ManufacturerList.Manufacturer.HistoryPlanningList.HistoryPlanning"
"2014-12","1","2013-BASE_PROCUREMENT-2013-AIRFORCE_AIRCRAFT_VOL1-MasterJustificationBook_Air_Force_PB_2013.zzz_unzipped-MasterJustificationBook_Air_Force_PB_2013.xml","a7c6bab01f0a3102b466c221b8193722f8b6637d9b29cc98c18c29fc94b0ad9b","0-4af70c1e9d1aceb4cc1bc5f1c45bf2b098661c3775a2cfbbab89d2d9bc06c6b0","1-1654d46a19162b59fe33beed51cc32fb3c3952f0a7bd0d8cf58d87da2131a564","root.record.ItemExhibitList.P5Item.CostElementCategoryList.Vehicles.Recurring.CostElementList.CostElement.ManufacturerList.Manufacturer.HistoryPlanningList.HistoryPlanning"
"2015-01","1","2013-BASE_PROCUREMENT-2013-AIRFORCE_AIRCRAFT_VOL1-MasterJustificationBook_Air_Force_PB_2013.zzz_unzipped-MasterJustificationBook_Air_Force_PB_2013.xml","a7c6bab01f0a3102b466c221b8193722f8b6637d9b29cc98c18c29fc94b0ad9b","1-56f14b0acfbad6957aee10d99f7a22643e7a7d7894a130a38627a3fcc4c30a4c","1-1654d46a19162b59fe33beed51cc32fb3c3952f0a7bd0d8cf58d87da2131a564","root.record.ItemExhibitList.P5Item.CostElementCategoryList.Vehicles.Recurring.CostElementList.CostElement.ManufacturerList.Manufacturer.HistoryPlanningList.HistoryPlanning"
"2015-03","1","2013-BASE_PROCUREMENT-2013-AIRFORCE_AIRCRAFT_VOL1-MasterJustificationBook_Air_Force_PB_2013.zzz_unzipped-MasterJustificationBook_Air_Force_PB_2013.xml","a7c6bab01f0a3102b466c221b8193722f8b6637d9b29cc98c18c29fc94b0ad9b","2-cacc499a639ab3c7bb76b0e17e0b50100cc26512cc40dccfc98515fcd77c44a5","1-1654d46a19162b59fe33beed51cc32fb3c3952f0a7bd0d8cf58d87da2131a564","root.record.ItemExhibitList.P5Item.CostElementCategoryList.Vehicles.Recurring.CostElementList.CostElement.ManufacturerList.Manufacturer.HistoryPlanningList.HistoryPlanning"
"2014-04","1","2013-BASE_PROCUREMENT-2013-AIRFORCE_AIRCRAFT_VOL1-MasterJustificationBook_Air_Force_PB_2013.zzz_unzipped-MasterJustificationBook_Air_Force_PB_2013.xml","a7c6bab01f0a3102b466c221b8193722f8b6637d9b29cc98c18c29fc94b0ad9b","0-fd8b341434a8eaf879b57469bbfd8ac6b25abd69488ba7d0b99ccf5be31416c3","0-c9d75f50fccce58055d743f7d66946aaa68da248eb2dfb015a3cc1445806e00b","root.record.ItemExhibitList.P5Item.CostElementCategoryList.Vehicles.Recurring.CostElementList.CostElement.ManufacturerList.Manufacturer.HistoryPlanningList.HistoryPlanning"
"2014-08","1","2013-BASE_PROCUREMENT-2013-AIRFORCE_AIRCRAFT_VOL1-MasterJustificationBook_Air_Force_PB_2013.zzz_unzipped-MasterJustificationBook_Air_Force_PB_2013.xml","a7c6bab01f0a3102b466c221b8193722f8b6637d9b29cc98c18c29fc94b0ad9b","1-10a6162f93d1aec0722732dc06ff3c465ed8f581fb9aaf8d447940a7e73f9d51","0-c9d75f50fccce58055d743f7d66946aaa68da248eb2dfb015a3cc1445806e00b","root.record.ItemExhibitList.P5Item.CostElementCategoryList.Vehicles.Recurring.CostElementList.CostElement.ManufacturerList.Manufacturer.HistoryPlanningList.HistoryPlanning"
"2011-05","1","2013-BASE_PROCUREMENT-2013-AIRFORCE_AIRCRAFT_VOL1-MasterJustificationBook_Air_Force_PB_2013.zzz_unzipped-MasterJustificationBook_Air_Force_PB_2013.xml","a7c6bab01f0a3102b466c221b8193722f8b6637d9b29cc98c18c29fc94b0ad9b","0-685ccc3039e6fb1626a2798f47f3237862f2eb224c908f17de0a93e788cfcd51","0-b8fdeb680b4c1021fbd6bf5b3e2c585bce579c9dd581ff3bf32bc38f7b4f71b9","root.record.ItemExhibitList.P5Item.CostElementCategoryList.Vehicles.Recurring.CostElementList.CostElement.ManufacturerList.Manufacturer.HistoryPlanningList.HistoryPlanning"
"2011-11","1","2013-BASE_PROCUREMENT-2013-AIRFORCE_AIRCRAFT_VOL1-MasterJustificationBook_Air_Force_PB_2013.zzz_unzipped-MasterJustificationBook_Air_Force_PB_2013.xml","a7c6bab01f0a3102b466c221b8193722f8b6637d9b29cc98c18c29fc94b0ad9b","1-c854d043777de5e9b028cd9b57b9b4c3278b9810dd25a6e3f97ad59dcde6cc95","0-b8fdeb680b4c1021fbd6bf5b3e2c585bce579c9dd581ff3bf32bc38f7b4f71b9","root.record.ItemExhibitList.P5Item.CostElementCategoryList.Vehicles.Recurring.CostElementList.CostElement.ManufacturerList.Manufacturer.HistoryPlanningList.HistoryPlanning"
"2012-06","1","2014-BASE_PROCUREMENT-2014-AIRFORCE_AIRCRAFT_VOL1-PROCUREMENT_JustificationBook_Air_Force_PB_2014.zzz_unzipped-PROCUREMENT_JustificationBook_Air_Force_PB_2014.xml","6344ffaffcd0dcf02df1b26345df842a688214ceb4388fac2c0f9d260faa4e49","0-235eff432c622ecd5052ccbc61cb63bd59b29f505f4c628322390daf8b296f5f","0-0e1244167b80d4771a19dc81fd3858591d4499b266f339407d65d3f3ec9e03b4","root.record.ItemExhibitList.P5Item.CostElementCategoryList.Vehicles.Recurring.CostElementList.CostElement.ManufacturerList.Manufacturer.HistoryPlanningList.HistoryPlanning"
"2012-11","1","2014-BASE_PROCUREMENT-2014-AIRFORCE_AIRCRAFT_VOL1-PROCUREMENT_JustificationBook_Air_Force_PB_2014.zzz_unzipped-PROCUREMENT_JustificationBook_Air_Force_PB_2014.xml","6344ffaffcd0dcf02df1b26345df842a688214ceb4388fac2c0f9d260faa4e49","1-5b61ab5b5c98f7adfb5fc5f8321c344e92a9eb0a24ae53f566d1809d622b99c8","0-0e1244167b80d4771a19dc81fd3858591d4499b266f339407d65d3f3ec9e03b4","root.record.ItemExhibitList.P5Item.CostElementCategoryList.Vehicles.Recurring.CostElementList.CostElement.ManufacturerList.Manufacturer.HistoryPlanningList.HistoryPlanning"
"2014-03","1","2014-BASE_PROCUREMENT-2014-AIRFORCE_AIRCRAFT_VOL1-PROCUREMENT_JustificationBook_Air_Force_PB_2014.zzz_unzipped-PROCUREMENT_JustificationBook_Air_Force_PB_2014.xml","6344ffaffcd0dcf02df1b26345df842a688214ceb4388fac2c0f9d260faa4e49","0-477dfeb4824ea8992400fc3ac6515c5f74931a5ed508c8d7cb6ba33ed6771a6e","1-93e4ff5b3dde453acdd4d555013e350c2418f2ef0b426d0134bc6e99a8056947","root.record.ItemExhibitList.P5Item.CostElementCategoryList.Vehicles.Recurring.CostElementList.CostElement.ManufacturerList.Manufacturer.HistoryPlanningList.HistoryPlanning"
"2014-07","1","2014-BASE_PROCUREMENT-2014-AIRFORCE_AIRCRAFT_VOL1-PROCUREMENT_JustificationBook_Air_Force_PB_2014.zzz_unzipped-PROCUREMENT_JustificationBook_Air_Force_PB_2014.xml","6344ffaffcd0dcf02df1b26345df842a688214ceb4388fac2c0f9d260faa4e49","1-4f0d39f016db9191bc2bc27ddc65590e8cffe73e939533e1e9f52c564ac0da7d","1-93e4ff5b3dde453acdd4d555013e350c2418f2ef0b426d0134bc6e99a8056947","root.record.ItemExhibitList.P5Item.CostElementCategoryList.Vehicles.Recurring.CostElementList.CostElement.ManufacturerList.Manufacturer.HistoryPlanningList.HistoryPlanning"
"2013-03","1","2014-BASE_PROCUREMENT-2014-AIRFORCE_AIRCRAFT_VOL1-PROCUREMENT_JustificationBook_Air_Force_PB_2014.zzz_unzipped-PROCUREMENT_JustificationBook_Air_Force_PB_2014.xml","6344ffaffcd0dcf02df1b26345df842a688214ceb4388fac2c0f9d260faa4e49","0-df9d6697dac99ba8a1518ebd0b1bc50336d416b19b3049f36052b2e790008b0e","0-7bb5bed9729c2044ccf839bfae841d3274359c7b25a741f42ea3c417b8e8cce4","root.record.ItemExhibitList.P5Item.CostElementCategoryList.Vehicles.Recurring.CostElementList.CostElement.ManufacturerList.Manufacturer.HistoryPlanningList.HistoryPlanning"
"2013-06","1","2014-BASE_PROCUREMENT-2014-AIRFORCE_AIRCRAFT_VOL1-PROCUREMENT_JustificationBook_Air_Force_PB_2014.zzz_unzipped-PROCUREMENT_JustificationBook_Air_Force_PB_2014.xml","6344ffaffcd0dcf02df1b26345df842a688214ceb4388fac2c0f9d260faa4e49","1-d18bf83fdc24a30afe149b59879b157675e762124aa2b14fc4ef5cca8a12cd4f","0-7bb5bed9729c2044ccf839bfae841d3274359c7b25a741f42ea3c417b8e8cce4","root.record.ItemExhibitList.P5Item.CostElementCategoryList.Vehicles.Recurring.CostElementList.CostElement.ManufacturerList.Manufacturer.HistoryPlanningList.HistoryPlanning"
"2014-04","1","2014-BASE_PROCUREMENT-2014-AIRFORCE_AIRCRAFT_VOL1-PROCUREMENT_JustificationBook_Air_Force_PB_2014.zzz_unzipped-PROCUREMENT_JustificationBook_Air_Force_PB_2014.xml","6344ffaffcd0dcf02df1b26345df842a688214ceb4388fac2c0f9d260faa4e49","0-7fa633a716300e0c52f058c121ff37fa0c8f7004b742aac35518639d8bed3f44","1-0dd8f843cb25eced2cbf1daf8f3867a5075603b1d2107ee2350a3622fe5d7780","root.record.ItemExhibitList.P5Item.CostElementCategoryList.Vehicles.Recurring.CostElementList.CostElement.ManufacturerList.Manufacturer.HistoryPlanningList.HistoryPlanning"
"2014-08","1","2014-BASE_PROCUREMENT-2014-AIRFORCE_AIRCRAFT_VOL1-PROCUREMENT_JustificationBook_Air_Force_PB_2014.zzz_unzipped-PROCUREMENT_JustificationBook_Air_Force_PB_2014.xml","6344ffaffcd0dcf02df1b26345df842a688214ceb4388fac2c0f9d260faa4e49","1-f32515df7e958941ca2cfd5fd58e1a207544ac12d5dd28b46c5fbcb1d5b205c4","1-0dd8f843cb25eced2cbf1daf8f3867a5075603b1d2107ee2350a3622fe5d7780","root.record.ItemExhibitList.P5Item.CostElementCategoryList.Vehicles.Recurring.CostElementList.CostElement.ManufacturerList.Manufacturer.HistoryPlanningList.HistoryPlanning"
"2011-05","1","2014-BASE_PROCUREMENT-2014-AIRFORCE_AIRCRAFT_VOL1-PROCUREMENT_JustificationBook_Air_Force_PB_2014.zzz_unzipped-PROCUREMENT_JustificationBook_Air_Force_PB_2014.xml","6344ffaffcd0dcf02df1b26345df842a688214ceb4388fac2c0f9d260faa4e49","0-a7befd4d143b4ad03f82617b6234b377a4c821e48924fa7ea05a89b442acd05e","0-45f701eaff331d906be3a347e7c939ab98803fac3d34259d27beca80d751eaad","root.record.ItemExhibitList.P5Item.CostElementCategoryList.Vehicles.Recurring.CostElementList.CostElement.ManufacturerList.Manufacturer.HistoryPlanningList.HistoryPlanning"
"2011-11","1","2014-BASE_PROCUREMENT-2014-AIRFORCE_AIRCRAFT_VOL1-PROCUREMENT_JustificationBook_Air_Force_PB_2014.zzz_unzipped-PROCUREMENT_JustificationBook_Air_Force_PB_2014.xml","6344ffaffcd0dcf02df1b26345df842a688214ceb4388fac2c0f9d260faa4e49","1-e4c9366f6361342e6dd301a3562ea6e3b10b5cb51d25b22c7bb43bed1541fb9a","0-45f701eaff331d906be3a347e7c939ab98803fac3d34259d27beca80d751eaad","root.record.ItemExhibitList.P5Item.CostElementCategoryList.Vehicles.Recurring.CostElementList.CostElement.ManufacturerList.Manufacturer.HistoryPlanningList.HistoryPlanning"
"2012-06","1","2014-BASE_PROCUREMENT-2014-AIRFORCE_AIRCRAFT_VOL2-PROCUREMENT_MasterJustificationBook_Air_Force_PB_2014.zzz_unzipped-PROCUREMENT_MasterJustificationBook_Air_Force_PB_2014.xml","4b41aab551dd5963369d5d6c772fbe316cd8c2c012a1e3a665053b2726d13344","0-7c8f4b24eda1a88f1a7ca90c08a82e72be78ac8b48b26899085ef40d69cd697f","0-a1ed732d3d44b5fc836b30203388acde83fa7ed9cc432939d352a81a25bcb7d3","root.record.ItemExhibitList.P5Item.CostElementCategoryList.Vehicles.Recurring.CostElementList.CostElement.ManufacturerList.Manufacturer.HistoryPlanningList.HistoryPlanning"
"2012-11","1","2014-BASE_PROCUREMENT-2014-AIRFORCE_AIRCRAFT_VOL2-PROCUREMENT_MasterJustificationBook_Air_Force_PB_2014.zzz_unzipped-PROCUREMENT_MasterJustificationBook_Air_Force_PB_2014.xml","4b41aab551dd5963369d5d6c772fbe316cd8c2c012a1e3a665053b2726d13344","1-19fcc1587d49004506ccb7c2cd63314d1ea5bcbc6e23bc4eb3c1ac1902aefaac","0-a1ed732d3d44b5fc836b30203388acde83fa7ed9cc432939d352a81a25bcb7d3","root.record.ItemExhibitList.P5Item.CostElementCategoryList.Vehicles.Recurring.CostElementList.CostElement.ManufacturerList.Manufacturer.HistoryPlanningList.HistoryPlanning"
"2014-03","1","2014-BASE_PROCUREMENT-2014-AIRFORCE_AIRCRAFT_VOL2-PROCUREMENT_MasterJustificationBook_Air_Force_PB_2014.zzz_unzipped-PROCUREMENT_MasterJustificationBook_Air_Force_PB_2014.xml","4b41aab551dd5963369d5d6c772fbe316cd8c2c012a1e3a665053b2726d13344","0-b1273a0567724730ca952753dad9a41ce21b72c26727c5c28afd3cb370ee0376","1-8c3c47bf54e54e2d896041a76a64f6b3dd2df5ac3e0323dc8c647d4f326b6de3","root.record.ItemExhibitList.P5Item.CostElementCategoryList.Vehicles.Recurring.CostElementList.CostElement.ManufacturerList.Manufacturer.HistoryPlanningList.HistoryPlanning"
"2014-07","1","2014-BASE_PROCUREMENT-2014-AIRFORCE_AIRCRAFT_VOL2-PROCUREMENT_MasterJustificationBook_Air_Force_PB_2014.zzz_unzipped-PROCUREMENT_MasterJustificationBook_Air_Force_PB_2014.xml","4b41aab551dd5963369d5d6c772fbe316cd8c2c012a1e3a665053b2726d13344","1-d1bbfc47d46e57fee25eab9e0994f6ecf5472ca5f0a014d773b491935c97b057","1-8c3c47bf54e54e2d896041a76a64f6b3dd2df5ac3e0323dc8c647d4f326b6de3","root.record.ItemExhibitList.P5Item.CostElementCategoryList.Vehicles.Recurring.CostElementList.CostElement.ManufacturerList.Manufacturer.HistoryPlanningList.HistoryPlanning"
"2013-03","1","2014-BASE_PROCUREMENT-2014-AIRFORCE_AIRCRAFT_VOL2-PROCUREMENT_MasterJustificationBook_Air_Force_PB_2014.zzz_unzipped-PROCUREMENT_MasterJustificationBook_Air_Force_PB_2014.xml","4b41aab551dd5963369d5d6c772fbe316cd8c2c012a1e3a665053b2726d13344","0-c87e5fce39276899699ede99f287f17ab5881a2ea858efee0aa3e37e350e14df","0-45fec6ed5d5017720671c619b2a720f5d1244b0aaa7a32a4c93e5e4dac8f900e","root.record.ItemExhibitList.P5Item.CostElementCategoryList.Vehicles.Recurring.CostElementList.CostElement.ManufacturerList.Manufacturer.HistoryPlanningList.HistoryPlanning"
"2013-06","1","2014-BASE_PROCUREMENT-2014-AIRFORCE_AIRCRAFT_VOL2-PROCUREMENT_MasterJustificationBook_Air_Force_PB_2014.zzz_unzipped-PROCUREMENT_MasterJustificationBook_Air_Force_PB_2014.xml","4b41aab551dd5963369d5d6c772fbe316cd8c2c012a1e3a665053b2726d13344","1-5bf2aa595d0e8ae02bf846908110f241646784b16fea6dc3f75867ab91aa31b7","0-45fec6ed5d5017720671c619b2a720f5d1244b0aaa7a32a4c93e5e4dac8f900e","root.record.ItemExhibitList.P5Item.CostElementCategoryList.Vehicles.Recurring.CostElementList.CostElement.ManufacturerList.Manufacturer.HistoryPlanningList.HistoryPlanning"
"2014-04","1","2014-BASE_PROCUREMENT-2014-AIRFORCE_AIRCRAFT_VOL2-PROCUREMENT_MasterJustificationBook_Air_Force_PB_2014.zzz_unzipped-PROCUREMENT_MasterJustificationBook_Air_Force_PB_2014.xml","4b41aab551dd5963369d5d6c772fbe316cd8c2c012a1e3a665053b2726d13344","0-46e997d0f13dab0db32d0cf3d3efed821c7b409edd9bd6550d15ec795a523dd4","1-cf8e01d86f037c484afdbd7607934e95dad0103fbe62030bfe83ed35b1ca20e2","root.record.ItemExhibitList.P5Item.CostElementCategoryList.Vehicles.Recurring.CostElementList.CostElement.ManufacturerList.Manufacturer.HistoryPlanningList.HistoryPlanning"
"2014-08","1","2014-BASE_PROCUREMENT-2014-AIRFORCE_AIRCRAFT_VOL2-PROCUREMENT_MasterJustificationBook_Air_Force_PB_2014.zzz_unzipped-PROCUREMENT_MasterJustificationBook_Air_Force_PB_2014.xml","4b41aab551dd5963369d5d6c772fbe316cd8c2c012a1e3a665053b2726d13344","1-b25e9e4e92953840679cd7ddf277ddcd2b25f1f2979821ddc6722e8ddb114aad","1-cf8e01d86f037c484afdbd7607934e95dad0103fbe62030bfe83ed35b1ca20e2","root.record.ItemExhibitList.P5Item.CostElementCategoryList.Vehicles.Recurring.CostElementList.CostElement.ManufacturerList.Manufacturer.HistoryPlanningList.HistoryPlanning"
"2011-05","1","2014-BASE_PROCUREMENT-2014-AIRFORCE_AIRCRAFT_VOL2-PROCUREMENT_MasterJustificationBook_Air_Force_PB_2014.zzz_unzipped-PROCUREMENT_MasterJustificationBook_Air_Force_PB_2014.xml","4b41aab551dd5963369d5d6c772fbe316cd8c2c012a1e3a665053b2726d13344","0-19391b68388dc898769d9e730a7271c24d3e36ec7261df857edd3c3f58e1b110","0-aa01dc9be1062645a43ea4086b526862d04fccd51f1b2d5cba3fb6ea0dad8175","root.record.ItemExhibitList.P5Item.CostElementCategoryList.Vehicles.Recurring.CostElementList.CostElement.ManufacturerList.Manufacturer.HistoryPlanningList.HistoryPlanning"
"2011-11","1","2014-BASE_PROCUREMENT-2014-AIRFORCE_AIRCRAFT_VOL2-PROCUREMENT_MasterJustificationBook_Air_Force_PB_2014.zzz_unzipped-PROCUREMENT_MasterJustificationBook_Air_Force_PB_2014.xml","4b41aab551dd5963369d5d6c772fbe316cd8c2c012a1e3a665053b2726d13344","1-7cabc90592434849e56cdda85bac3495f9328079489be463238ac5ff6e4f2516","0-aa01dc9be1062645a43ea4086b526862d04fccd51f1b2d5cba3fb6ea0dad8175","root.record.ItemExhibitList.P5Item.CostElementCategoryList.Vehicles.Recurring.CostElementList.CostElement.ManufacturerList.Manufacturer.HistoryPlanningList.HistoryPlanning"
"2012-06","1","2014-BASE_PROCUREMENT-2014-AIRFORCE_AIRCRAFT_VOL1-PROCUREMENT_MasterJustificationBook_Air_Force_PB_2014.zzz_unzipped-PROCUREMENT_MasterJustificationBook_Air_Force_PB_2014.xml","c7c6d00203955f967ca1e12a0c654fc7454b59fa0b67d85d18a4e4ca82ed730f","0-f04b028db996424251aa7e12f001e7a3f72feee65223c79266d09c86f43596ea","0-8cb40ffd376e6ba25965c871860018ccd9d81ae2f9785186c0c3a4c10372bc9d","root.record.ItemExhibitList.P5Item.CostElementCategoryList.Vehicles.Recurring.CostElementList.CostElement.ManufacturerList.Manufacturer.HistoryPlanningList.HistoryPlanning"
"2012-11","1","2014-BASE_PROCUREMENT-2014-AIRFORCE_AIRCRAFT_VOL1-PROCUREMENT_MasterJustificationBook_Air_Force_PB_2014.zzz_unzipped-PROCUREMENT_MasterJustificationBook_Air_Force_PB_2014.xml","c7c6d00203955f967ca1e12a0c654fc7454b59fa0b67d85d18a4e4ca82ed730f","1-a2a564d1b55d1fbbe06af3dd7e2fd03e250e4e1742cfd63f8146421487adcb38","0-8cb40ffd376e6ba25965c871860018ccd9d81ae2f9785186c0c3a4c10372bc9d","root.record.ItemExhibitList.P5Item.CostElementCategoryList.Vehicles.Recurring.CostElementList.CostElement.ManufacturerList.Manufacturer.HistoryPlanningList.HistoryPlanning"
"2014-03","1","2014-BASE_PROCUREMENT-2014-AIRFORCE_AIRCRAFT_VOL1-PROCUREMENT_MasterJustificationBook_Air_Force_PB_2014.zzz_unzipped-PROCUREMENT_MasterJustificationBook_Air_Force_PB_2014.xml","c7c6d00203955f967ca1e12a0c654fc7454b59fa0b67d85d18a4e4ca82ed730f","0-413a9d35d5f394716cca48a3b3fd166160a08df6bae78ae47f0575199c5151c4","1-27c2d25a0631fc73a0bace0d4a8db119fac143ebba2a171eab767f487447bfd3","root.record.ItemExhibitList.P5Item.CostElementCategoryList.Vehicles.Recurring.CostElementList.CostElement.ManufacturerList.Manufacturer.HistoryPlanningList.HistoryPlanning"
"2014-07","1","2014-BASE_PROCUREMENT-2014-AIRFORCE_AIRCRAFT_VOL1-PROCUREMENT_MasterJustificationBook_Air_Force_PB_2014.zzz_unzipped-PROCUREMENT_MasterJustificationBook_Air_Force_PB_2014.xml","c7c6d00203955f967ca1e12a0c654fc7454b59fa0b67d85d18a4e4ca82ed730f","1-8fcf3aa568b992f223db17a9dfb01552ae65612dfbf6340978cf9f48112cb360","1-27c2d25a0631fc73a0bace0d4a8db119fac143ebba2a171eab767f487447bfd3","root.record.ItemExhibitList.P5Item.CostElementCategoryList.Vehicles.Recurring.CostElementList.CostElement.ManufacturerList.Manufacturer.HistoryPlanningList.HistoryPlanning"
"2013-03","1","2014-BASE_PROCUREMENT-2014-AIRFORCE_AIRCRAFT_VOL1-PROCUREMENT_MasterJustificationBook_Air_Force_PB_2014.zzz_unzipped-PROCUREMENT_MasterJustificationBook_Air_Force_PB_2014.xml","c7c6d00203955f967ca1e12a0c654fc7454b59fa0b67d85d18a4e4ca82ed730f","0-c978df05252d222ae770b08ed227c1f181034f820c20509ec7020e4d872841ef","0-f90df97e962e5d294dfa0d04732df550cdba2073f85af6e06cbdb96a17230835","root.record.ItemExhibitList.P5Item.CostElementCategoryList.Vehicles.Recurring.CostElementList.CostElement.ManufacturerList.Manufacturer.HistoryPlanningList.HistoryPlanning"
"2013-06","1","2014-BASE_PROCUREMENT-2014-AIRFORCE_AIRCRAFT_VOL1-PROCUREMENT_MasterJustificationBook_Air_Force_PB_2014.zzz_unzipped-PROCUREMENT_MasterJustificationBook_Air_Force_PB_2014.xml","c7c6d00203955f967ca1e12a0c654fc7454b59fa0b67d85d18a4e4ca82ed730f","1-6df0c24e40729488473b59e3897c5dec90d943fc3c2db427727653af1fc7ca53","0-f90df97e962e5d294dfa0d04732df550cdba2073f85af6e06cbdb96a17230835","root.record.ItemExhibitList.P5Item.CostElementCategoryList.Vehicles.Recurring.CostElementList.CostElement.ManufacturerList.Manufacturer.HistoryPlanningList.HistoryPlanning"
"2014-04","1","2014-BASE_PROCUREMENT-2014-AIRFORCE_AIRCRAFT_VOL1-PROCUREMENT_MasterJustificationBook_Air_Force_PB_2014.zzz_unzipped-PROCUREMENT_MasterJustificationBook_Air_Force_PB_2014.xml","c7c6d00203955f967ca1e12a0c654fc7454b59fa0b67d85d18a4e4ca82ed730f","0-09d0247045a69ccb524730fbc4ea9bdfc091184b8204310a040164cbc8ae939e","1-3aff973de4c1bc8c9a6b8581e88e5e5c3664f3997fb1d6e35edc40350b100715","root.record.ItemExhibitList.P5Item.CostElementCategoryList.Vehicles.Recurring.CostElementList.CostElement.ManufacturerList.Manufacturer.HistoryPlanningList.HistoryPlanning"
"2014-08","1","2014-BASE_PROCUREMENT-2014-AIRFORCE_AIRCRAFT_VOL1-PROCUREMENT_MasterJustificationBook_Air_Force_PB_2014.zzz_unzipped-PROCUREMENT_MasterJustificationBook_Air_Force_PB_2014.xml","c7c6d00203955f967ca1e12a0c654fc7454b59fa0b67d85d18a4e4ca82ed730f","1-57bb260f781b98e9530ece846a320c903408310fef9782f204effe029247ef76","1-3aff973de4c1bc8c9a6b8581e88e5e5c3664f3997fb1d6e35edc40350b100715","root.record.ItemExhibitList.P5Item.CostElementCategoryList.Vehicles.Recurring.CostElementList.CostElement.ManufacturerList.Manufacturer.HistoryPlanningList.HistoryPlanning"
"2011-05","1","2014-BASE_PROCUREMENT-2014-AIRFORCE_AIRCRAFT_VOL1-PROCUREMENT_MasterJustificationBook_Air_Force_PB_2014.zzz_unzipped-PROCUREMENT_MasterJustificationBook_Air_Force_PB_2014.xml","c7c6d00203955f967ca1e12a0c654fc7454b59fa0b67d85d18a4e4ca82ed730f","0-3e62cf72390320449eacf9a74990b0509c173ba366bdd0626c8f6f50cbb43f7e","0-b69f7350893e95f3d47046e04357773d25eddd2793b5d9b674d25a9e5dfc1a38","root.record.ItemExhibitList.P5Item.CostElementCategoryList.Vehicles.Recurring.CostElementList.CostElement.ManufacturerList.Manufacturer.HistoryPlanningList.HistoryPlanning"
"2011-11","1","2014-BASE_PROCUREMENT-2014-AIRFORCE_AIRCRAFT_VOL1-PROCUREMENT_MasterJustificationBook_Air_Force_PB_2014.zzz_unzipped-PROCUREMENT_MasterJustificationBook_Air_Force_PB_2014.xml","c7c6d00203955f967ca1e12a0c654fc7454b59fa0b67d85d18a4e4ca82ed730f","1-f3947cd3feed682b61180591d7717777db32b61e7baeb3815a99622e374264d7","0-b69f7350893e95f3d47046e04357773d25eddd2793b5d9b674d25a9e5dfc1a38","root.record.ItemExhibitList.P5Item.CostElementCategoryList.Vehicles.Recurring.CostElementList.CostElement.ManufacturerList.Manufacturer.HistoryPlanningList.HistoryPlanning"
"2012-06","1","2015-BASE_PROCUREMENT-2015-AIRFORCE_AIRCRAFT_VOL1-PROCUREMENT_JustificationBook_Air_Force_PB_2015.zzz_unzipped-PROCUREMENT_JustificationBook_Air_Force_PB_2015.xml","ec976f28f64d06b6cdd6198f93851889e1b9beb1edb572669f3c69e02093017a","0-c3312ffca1046f5261393548deca98b40d3c96577051039f160d7dd38022858f","0-537ce384be31eb8faf4fee20acf14bee5318f40ab9847867c1c14a7ed5c58f49","root.record.ItemExhibitList.P5Item.CostElementCategoryList.Vehicles.Recurring.CostElementList.CostElement.ManufacturerList.Manufacturer.HistoryPlanningList.HistoryPlanning"
"2012-11","1","2015-BASE_PROCUREMENT-2015-AIRFORCE_AIRCRAFT_VOL1-PROCUREMENT_JustificationBook_Air_Force_PB_2015.zzz_unzipped-PROCUREMENT_JustificationBook_Air_Force_PB_2015.xml","ec976f28f64d06b6cdd6198f93851889e1b9beb1edb572669f3c69e02093017a","1-b8dc99149991d77b427e6514b7bcb7a00ccd1f1360f2713ca747b53fd6850d09","0-537ce384be31eb8faf4fee20acf14bee5318f40ab9847867c1c14a7ed5c58f49","root.record.ItemExhibitList.P5Item.CostElementCategoryList.Vehicles.Recurring.CostElementList.CostElement.ManufacturerList.Manufacturer.HistoryPlanningList.HistoryPlanning"
"2013-11","1","2015-BASE_PROCUREMENT-2015-AIRFORCE_AIRCRAFT_VOL1-PROCUREMENT_JustificationBook_Air_Force_PB_2015.zzz_unzipped-PROCUREMENT_JustificationBook_Air_Force_PB_2015.xml","ec976f28f64d06b6cdd6198f93851889e1b9beb1edb572669f3c69e02093017a","0-98d93107664c84c5c6edf8432f9d784e348b3aa420a93221a99eb88730e0c2d4","1-f4b44ef5575384005285be902a718b7694631a1e2d00dbcbd81b8e3d0d15e2d8","root.record.ItemExhibitList.P5Item.CostElementCategoryList.Vehicles.Recurring.CostElementList.CostElement.ManufacturerList.Manufacturer.HistoryPlanningList.HistoryPlanning"
"2014-07","1","2015-BASE_PROCUREMENT-2015-AIRFORCE_AIRCRAFT_VOL1-PROCUREMENT_JustificationBook_Air_Force_PB_2015.zzz_unzipped-PROCUREMENT_JustificationBook_Air_Force_PB_2015.xml","ec976f28f64d06b6cdd6198f93851889e1b9beb1edb572669f3c69e02093017a","1-9622e0cd8595e1ab8d4df081364ef50c951e98f3b2c176de220f0123881c50d1","1-f4b44ef5575384005285be902a718b7694631a1e2d00dbcbd81b8e3d0d15e2d8","root.record.ItemExhibitList.P5Item.CostElementCategoryList.Vehicles.Recurring.CostElementList.CostElement.ManufacturerList.Manufacturer.HistoryPlanningList.HistoryPlanning"
"2017-01","1","2015-BASE_PROCUREMENT-2015-AIRFORCE_AIRCRAFT_VOL1-PROCUREMENT_JustificationBook_Air_Force_PB_2015.zzz_unzipped-PROCUREMENT_JustificationBook_Air_Force_PB_2015.xml","ec976f28f64d06b6cdd6198f93851889e1b9beb1edb572669f3c69e02093017a","0-a55cde3c54f6d93598af13bf15bb4d39da6c843908109a34f1062677f4ea47c2","2-fff840e1ca9df4e14b479ed5c554e6421d0b9794ffddbbeeaf4990ad88233c39","root.record.ItemExhibitList.P5Item.CostElementCategoryList.Vehicles.Recurring.CostElementList.CostElement.ManufacturerList.Manufacturer.HistoryPlanningList.HistoryPlanning"
"2017-04","1","2015-BASE_PROCUREMENT-2015-AIRFORCE_AIRCRAFT_VOL1-PROCUREMENT_JustificationBook_Air_Force_PB_2015.zzz_unzipped-PROCUREMENT_JustificationBook_Air_Force_PB_2015.xml","ec976f28f64d06b6cdd6198f93851889e1b9beb1edb572669f3c69e02093017a","1-112e5c64ac2d12e3708d09683d48365d62641f5af815ebf8c10c2cd587a44699","2-fff840e1ca9df4e14b479ed5c554e6421d0b9794ffddbbeeaf4990ad88233c39","root.record.ItemExhibitList.P5Item.CostElementCategoryList.Vehicles.Recurring.CostElementList.CostElement.ManufacturerList.Manufacturer.HistoryPlanningList.HistoryPlanning"
"2017-06","1","2015-BASE_PROCUREMENT-2015-AIRFORCE_AIRCRAFT_VOL1-PROCUREMENT_JustificationBook_Air_Force_PB_2015.zzz_unzipped-PROCUREMENT_JustificationBook_Air_Force_PB_2015.xml","ec976f28f64d06b6cdd6198f93851889e1b9beb1edb572669f3c69e02093017a","2-af2f7021c7c55511f9e5d90fc49eb1ba1c47d658a3899e25fffa0e995c094953","2-fff840e1ca9df4e14b479ed5c554e6421d0b9794ffddbbeeaf4990ad88233c39","root.record.ItemExhibitList.P5Item.CostElementCategoryList.Vehicles.Recurring.CostElementList.CostElement.ManufacturerList.Manufacturer.HistoryPlanningList.HistoryPlanning"
"2013-02","1","2015-BASE_PROCUREMENT-2015-AIRFORCE_AIRCRAFT_VOL1-PROCUREMENT_JustificationBook_Air_Force_PB_2015.zzz_unzipped-PROCUREMENT_JustificationBook_Air_Force_PB_2015.xml","ec976f28f64d06b6cdd6198f93851889e1b9beb1edb572669f3c69e02093017a","0-a8e966618b6aba92eb43923177f54662ec6e756e418d0217ac78ebf14047117d","0-91382cedc5cb270bd0416650e72ccedf0887f13c18cc8f6f0677eca8223222d8","root.record.ItemExhibitList.P5Item.CostElementCategoryList.Vehicles.Recurring.CostElementList.CostElement.ManufacturerList.Manufacturer.HistoryPlanningList.HistoryPlanning"
"2013-08","1","2015-BASE_PROCUREMENT-2015-AIRFORCE_AIRCRAFT_VOL1-PROCUREMENT_JustificationBook_Air_Force_PB_2015.zzz_unzipped-PROCUREMENT_JustificationBook_Air_Force_PB_2015.xml","ec976f28f64d06b6cdd6198f93851889e1b9beb1edb572669f3c69e02093017a","1-a4c90657f2b6184d8312f885b186b00072dc4e984cb431de136be27891653ed0","0-91382cedc5cb270bd0416650e72ccedf0887f13c18cc8f6f0677eca8223222d8","root.record.ItemExhibitList.P5Item.CostElementCategoryList.Vehicles.Recurring.CostElementList.CostElement.ManufacturerList.Manufacturer.HistoryPlanningList.HistoryPlanning"
"2014-04","1","2015-BASE_PROCUREMENT-2015-AIRFORCE_AIRCRAFT_VOL1-PROCUREMENT_JustificationBook_Air_Force_PB_2015.zzz_unzipped-PROCUREMENT_JustificationBook_Air_Force_PB_2015.xml","ec976f28f64d06b6cdd6198f93851889e1b9beb1edb572669f3c69e02093017a","0-249a31aeffe08b6a397ee46157b461571b2e80faa889e23223416ffb7238f063","1-c7d9498644e770249590da900472800ec2281e18774b5f7bd209cae7dd64c2d7","root.record.ItemExhibitList.P5Item.CostElementCategoryList.Vehicles.Recurring.CostElementList.CostElement.ManufacturerList.Manufacturer.HistoryPlanningList.HistoryPlanning"
"2014-08","1","2015-BASE_PROCUREMENT-2015-AIRFORCE_AIRCRAFT_VOL1-PROCUREMENT_JustificationBook_Air_Force_PB_2015.zzz_unzipped-PROCUREMENT_JustificationBook_Air_Force_PB_2015.xml","ec976f28f64d06b6cdd6198f93851889e1b9beb1edb572669f3c69e02093017a","1-1e7fe125e65652629dca312c5b87499f414a6217c4be77ec373cab23b6a4d82c","1-c7d9498644e770249590da900472800ec2281e18774b5f7bd209cae7dd64c2d7","root.record.ItemExhibitList.P5Item.CostElementCategoryList.Vehicles.Recurring.CostElementList.CostElement.ManufacturerList.Manufacturer.HistoryPlanningList.HistoryPlanning"
"2012-06","1","2015-BASE_PROCUREMENT-2015-AIRFORCE_AIRCRAFT_VOL2-PROCUREMENT_MasterJustificationBook_Air_Force_PB_2015.zzz_unzipped-PROCUREMENT_MasterJustificationBook_Air_Force_PB_2015.xml","16648ff2f063095212525067f95f94d1ab1e5d0f22d30259c24225f3f227ab5f","0-0172cfd2b0af77ddac1153cc076e051f140e1d905b402d8379f26669e240e8e1","0-130e4f9fdd3986e004df73cceeca203639b3c0b63ade29fd3cafdb2fd5e0ab4e","root.record.ItemExhibitList.P5Item.CostElementCategoryList.Vehicles.Recurring.CostElementList.CostElement.ManufacturerList.Manufacturer.HistoryPlanningList.HistoryPlanning"
"2012-11","1","2015-BASE_PROCUREMENT-2015-AIRFORCE_AIRCRAFT_VOL2-PROCUREMENT_MasterJustificationBook_Air_Force_PB_2015.zzz_unzipped-PROCUREMENT_MasterJustificationBook_Air_Force_PB_2015.xml","16648ff2f063095212525067f95f94d1ab1e5d0f22d30259c24225f3f227ab5f","1-da816f5686b75a727f9f645dc72f1bed845704ac130185fd928a887742854a65","0-130e4f9fdd3986e004df73cceeca203639b3c0b63ade29fd3cafdb2fd5e0ab4e","root.record.ItemExhibitList.P5Item.CostElementCategoryList.Vehicles.Recurring.CostElementList.CostElement.ManufacturerList.Manufacturer.HistoryPlanningList.HistoryPlanning"
"2013-11","1","2015-BASE_PROCUREMENT-2015-AIRFORCE_AIRCRAFT_VOL2-PROCUREMENT_MasterJustificationBook_Air_Force_PB_2015.zzz_unzipped-PROCUREMENT_MasterJustificationBook_Air_Force_PB_2015.xml","16648ff2f063095212525067f95f94d1ab1e5d0f22d30259c24225f3f227ab5f","0-5e2961764269fd831dc4187cfdbcc63fa1819ef95a534c58c5f86af1d7e5ffca","1-fbce26f0b11726526f22945311d735653179de062d399edf2ac14689b8280e97","root.record.ItemExhibitList.P5Item.CostElementCategoryList.Vehicles.Recurring.CostElementList.CostElement.ManufacturerList.Manufacturer.HistoryPlanningList.HistoryPlanning"
"2014-07","1","2015-BASE_PROCUREMENT-2015-AIRFORCE_AIRCRAFT_VOL2-PROCUREMENT_MasterJustificationBook_Air_Force_PB_2015.zzz_unzipped-PROCUREMENT_MasterJustificationBook_Air_Force_PB_2015.xml","16648ff2f063095212525067f95f94d1ab1e5d0f22d30259c24225f3f227ab5f","1-5a60cf453d370ce68e0fb965e99fcc9312962fef326b046ba5cb993f6f15e75f","1-fbce26f0b11726526f22945311d735653179de062d399edf2ac14689b8280e97","root.record.ItemExhibitList.P5Item.CostElementCategoryList.Vehicles.Recurring.CostElementList.CostElement.ManufacturerList.Manufacturer.HistoryPlanningList.HistoryPlanning"
"2017-01","1","2015-BASE_PROCUREMENT-2015-AIRFORCE_AIRCRAFT_VOL2-PROCUREMENT_MasterJustificationBook_Air_Force_PB_2015.zzz_unzipped-PROCUREMENT_MasterJustificationBook_Air_Force_PB_2015.xml","16648ff2f063095212525067f95f94d1ab1e5d0f22d30259c24225f3f227ab5f","0-4403797c9e46c183b6584cc14d9824e4cdcf2082d76714a7b258b392dc0b7936","2-906bb64a263ac47ec7ad59d56544564ed05949c17c163879881abaf3c5b35a65","root.record.ItemExhibitList.P5Item.CostElementCategoryList.Vehicles.Recurring.CostElementList.CostElement.ManufacturerList.Manufacturer.HistoryPlanningList.HistoryPlanning"
"2017-04","1","2015-BASE_PROCUREMENT-2015-AIRFORCE_AIRCRAFT_VOL2-PROCUREMENT_MasterJustificationBook_Air_Force_PB_2015.zzz_unzipped-PROCUREMENT_MasterJustificationBook_Air_Force_PB_2015.xml","16648ff2f063095212525067f95f94d1ab1e5d0f22d30259c24225f3f227ab5f","1-bde2c1cdd768687ae24bacb23e4223fb6af3a4911697152b058a1d08d2d98a24","2-906bb64a263ac47ec7ad59d56544564ed05949c17c163879881abaf3c5b35a65","root.record.ItemExhibitList.P5Item.CostElementCategoryList.Vehicles.Recurring.CostElementList.CostElement.ManufacturerList.Manufacturer.HistoryPlanningList.HistoryPlanning"
"2017-06","1","2015-BASE_PROCUREMENT-2015-AIRFORCE_AIRCRAFT_VOL2-PROCUREMENT_MasterJustificationBook_Air_Force_PB_2015.zzz_unzipped-PROCUREMENT_MasterJustificationBook_Air_Force_PB_2015.xml","16648ff2f063095212525067f95f94d1ab1e5d0f22d30259c24225f3f227ab5f","2-793fc065d7cbf99d837b6b86e0f0fea843bda524fb234a1add5bf3007df109fb","2-906bb64a263ac47ec7ad59d56544564ed05949c17c163879881abaf3c5b35a65","root.record.ItemExhibitList.P5Item.CostElementCategoryList.Vehicles.Recurring.CostElementList.CostElement.ManufacturerList.Manufacturer.HistoryPlanningList.HistoryPlanning"
"2013-02","1","2015-BASE_PROCUREMENT-2015-AIRFORCE_AIRCRAFT_VOL2-PROCUREMENT_MasterJustificationBook_Air_Force_PB_2015.zzz_unzipped-PROCUREMENT_MasterJustificationBook_Air_Force_PB_2015.xml","16648ff2f063095212525067f95f94d1ab1e5d0f22d30259c24225f3f227ab5f","0-0db5dda242ad56700c8030856f8c725e86470278a9ba31c8271bacda2449e712","0-4b37007f05d86871ba6fed703f70175418c478d9a2a894f0b372b40a5e7c01d2","root.record.ItemExhibitList.P5Item.CostElementCategoryList.Vehicles.Recurring.CostElementList.CostElement.ManufacturerList.Manufacturer.HistoryPlanningList.HistoryPlanning"
"2013-08","1","2015-BASE_PROCUREMENT-2015-AIRFORCE_AIRCRAFT_VOL2-PROCUREMENT_MasterJustificationBook_Air_Force_PB_2015.zzz_unzipped-PROCUREMENT_MasterJustificationBook_Air_Force_PB_2015.xml","16648ff2f063095212525067f95f94d1ab1e5d0f22d30259c24225f3f227ab5f","1-191dd7e141a471a3f414a7f8ff063ce2339839cbc6208db5ba883e0e34a44982","0-4b37007f05d86871ba6fed703f70175418c478d9a2a894f0b372b40a5e7c01d2","root.record.ItemExhibitList.P5Item.CostElementCategoryList.Vehicles.Recurring.CostElementList.CostElement.ManufacturerList.Manufacturer.HistoryPlanningList.HistoryPlanning"
"2014-04","1","2015-BASE_PROCUREMENT-2015-AIRFORCE_AIRCRAFT_VOL2-PROCUREMENT_MasterJustificationBook_Air_Force_PB_2015.zzz_unzipped-PROCUREMENT_MasterJustificationBook_Air_Force_PB_2015.xml","16648ff2f063095212525067f95f94d1ab1e5d0f22d30259c24225f3f227ab5f","0-6a9e295137fb6da05b0c6db07d2c4040c44983a0a425994222deebe3d99ed889","1-3e411ec4fa7da5220faf7303ce78acb84d3934bf4ced6858948579da391914e6","root.record.ItemExhibitList.P5Item.CostElementCategoryList.Vehicles.Recurring.CostElementList.CostElement.ManufacturerList.Manufacturer.HistoryPlanningList.HistoryPlanning"
"2014-08","1","2015-BASE_PROCUREMENT-2015-AIRFORCE_AIRCRAFT_VOL2-PROCUREMENT_MasterJustificationBook_Air_Force_PB_2015.zzz_unzipped-PROCUREMENT_MasterJustificationBook_Air_Force_PB_2015.xml","16648ff2f063095212525067f95f94d1ab1e5d0f22d30259c24225f3f227ab5f","1-db552a6fc5d37fcc1025001977c6a310dbb6f7bfcc54ee39c090183ac033af9e","1-3e411ec4fa7da5220faf7303ce78acb84d3934bf4ced6858948579da391914e6","root.record.ItemExhibitList.P5Item.CostElementCategoryList.Vehicles.Recurring.CostElementList.CostElement.ManufacturerList.Manufacturer.HistoryPlanningList.HistoryPlanning"
"2017-04","1","2016-BASE_PROCUREMENT-2016-AIRFORCE_AIRCRAFT_VOL1-PROCUREMENT_JustificationBook_Air_Force_PB_2016.zzz_unzipped-PROCUREMENT_JustificationBook_Air_Force_PB_2016.xml","6feb0208aa26d6550229bdf370d3886d34e07818e615e22e029c46fb827c9409","0-48ccdef91ece14aad4e0513ccff2a063720ae003bc934660038bb7a24775e9de","0-66f55dabd000c71c3f56e5d31e4d81f33d43e46b6899b61fed0e71800576cf22","root.record.ItemExhibitList.P5Item.CostElementCategoryList.Vehicles.Recurring.CostElementList.CostElement.ManufacturerList.Manufacturer.HistoryPlanningList.HistoryPlanning"
"2018-04","1","2016-BASE_PROCUREMENT-2016-AIRFORCE_AIRCRAFT_VOL1-PROCUREMENT_JustificationBook_Air_Force_PB_2016.zzz_unzipped-PROCUREMENT_JustificationBook_Air_Force_PB_2016.xml","6feb0208aa26d6550229bdf370d3886d34e07818e615e22e029c46fb827c9409","0-8d5d73e89a263e3b701756be497210cb25fd03c2370f67752c2baba276f1a87d","1-073557cd655a4d0ce6845f101afde2e25d9f57e6efe2f3dc4962af31942bdf2d","root.record.ItemExhibitList.P5Item.CostElementCategoryList.Vehicles.Recurring.CostElementList.CostElement.ManufacturerList.Manufacturer.HistoryPlanningList.HistoryPlanning"
"2017-01","1","2016-BASE_PROCUREMENT-2016-AIRFORCE_AIRCRAFT_VOL1-PROCUREMENT_JustificationBook_Air_Force_PB_2016.zzz_unzipped-PROCUREMENT_JustificationBook_Air_Force_PB_2016.xml","6feb0208aa26d6550229bdf370d3886d34e07818e615e22e029c46fb827c9409","0-e6bb64a1ead70fff169a29cd5231dffd19ebdfd63c2fd87eac74ae9f3223ab39","0-3b3fddaaf23ea8658dcab8444678203e76c41e11d930dfd134a3f9fcad92c1e3","root.record.ItemExhibitList.P5Item.CostElementCategoryList.Vehicles.Recurring.CostElementList.CostElement.ManufacturerList.Manufacturer.HistoryPlanningList.HistoryPlanning"
"2017-04","1","2016-BASE_PROCUREMENT-2016-AIRFORCE_AIRCRAFT_VOL1-PROCUREMENT_JustificationBook_Air_Force_PB_2016.zzz_unzipped-PROCUREMENT_JustificationBook_Air_Force_PB_2016.xml","6feb0208aa26d6550229bdf370d3886d34e07818e615e22e029c46fb827c9409","1-550ad84011abb4e37ffa9758a8345e8b5d7cd7dca90bcbe3c664f91e70e0b391","0-3b3fddaaf23ea8658dcab8444678203e76c41e11d930dfd134a3f9fcad92c1e3","root.record.ItemExhibitList.P5Item.CostElementCategoryList.Vehicles.Recurring.CostElementList.CostElement.ManufacturerList.Manufacturer.HistoryPlanningList.HistoryPlanning"
"2017-06","1","2016-BASE_PROCUREMENT-2016-AIRFORCE_AIRCRAFT_VOL1-PROCUREMENT_JustificationBook_Air_Force_PB_2016.zzz_unzipped-PROCUREMENT_JustificationBook_Air_Force_PB_2016.xml","6feb0208aa26d6550229bdf370d3886d34e07818e615e22e029c46fb827c9409","2-351380558a7203994f70280450f33c29230ad07c297a2b3586426a09ed2fd56c","0-3b3fddaaf23ea8658dcab8444678203e76c41e11d930dfd134a3f9fcad92c1e3","root.record.ItemExhibitList.P5Item.CostElementCategoryList.Vehicles.Recurring.CostElementList.CostElement.ManufacturerList.Manufacturer.HistoryPlanningList.HistoryPlanning"
"2017-04","1","2016-BASE_PROCUREMENT-2016-AIRFORCE_AIRCRAFT_VOL2-PROCUREMENT_MasterJustificationBook_Air_Force_PB_2016.zzz_unzipped-PROCUREMENT_MasterJustificationBook_Air_Force_PB_2016.xml","0bd719ef621e4942ddcec6c35d76388658f5b2fe25e160e294e9186a3aa77111","0-f4ffc6449f663d85f045c9fc3816d8b0ca95c49291924e35c1aba34f8b89227e","0-de34dcea5603dc5d225dd493d47d32be0802f4a0977b2fd36832e258333f9826","root.record.ItemExhibitList.P5Item.CostElementCategoryList.Vehicles.Recurring.CostElementList.CostElement.ManufacturerList.Manufacturer.HistoryPlanningList.HistoryPlanning"
"2018-04","1","2016-BASE_PROCUREMENT-2016-AIRFORCE_AIRCRAFT_VOL2-PROCUREMENT_MasterJustificationBook_Air_Force_PB_2016.zzz_unzipped-PROCUREMENT_MasterJustificationBook_Air_Force_PB_2016.xml","0bd719ef621e4942ddcec6c35d76388658f5b2fe25e160e294e9186a3aa77111","0-0d14cfa2d650513bbc07803ced251a9d294fa04dacda751a755fb1ab17eea0cc","1-4499d2a31c6fea6f2a4e93a92fe4d4f7741246e0d83ca7cabce6d4835391fb08","root.record.ItemExhibitList.P5Item.CostElementCategoryList.Vehicles.Recurring.CostElementList.CostElement.ManufacturerList.Manufacturer.HistoryPlanningList.HistoryPlanning"
"2017-01","1","2016-BASE_PROCUREMENT-2016-AIRFORCE_AIRCRAFT_VOL2-PROCUREMENT_MasterJustificationBook_Air_Force_PB_2016.zzz_unzipped-PROCUREMENT_MasterJustificationBook_Air_Force_PB_2016.xml","0bd719ef621e4942ddcec6c35d76388658f5b2fe25e160e294e9186a3aa77111","0-1e66f8607d8019d742305e0822db00548fcb9126eb43a006bb2454507c5a66ea","0-d3539adeb0599e367b958a4f234f60142832cbe0502f35d6c446f58d80051aa8","root.record.ItemExhibitList.P5Item.CostElementCategoryList.Vehicles.Recurring.CostElementList.CostElement.ManufacturerList.Manufacturer.HistoryPlanningList.HistoryPlanning"
"2017-04","1","2016-BASE_PROCUREMENT-2016-AIRFORCE_AIRCRAFT_VOL2-PROCUREMENT_MasterJustificationBook_Air_Force_PB_2016.zzz_unzipped-PROCUREMENT_MasterJustificationBook_Air_Force_PB_2016.xml","0bd719ef621e4942ddcec6c35d76388658f5b2fe25e160e294e9186a3aa77111","1-d03a3ef23d01d968e735829cd2b9f37358202ea615a31158373ca442f96cf784","0-d3539adeb0599e367b958a4f234f60142832cbe0502f35d6c446f58d80051aa8","root.record.ItemExhibitList.P5Item.CostElementCategoryList.Vehicles.Recurring.CostElementList.CostElement.ManufacturerList.Manufacturer.HistoryPlanningList.HistoryPlanning"
"2017-06","1","2016-BASE_PROCUREMENT-2016-AIRFORCE_AIRCRAFT_VOL2-PROCUREMENT_MasterJustificationBook_Air_Force_PB_2016.zzz_unzipped-PROCUREMENT_MasterJustificationBook_Air_Force_PB_2016.xml","0bd719ef621e4942ddcec6c35d76388658f5b2fe25e160e294e9186a3aa77111","2-673de63d628358b2f1d4d30abc7b4d07c8e45169993a7f954c0d7a4e798417b6","0-d3539adeb0599e367b958a4f234f60142832cbe0502f35d6c446f58d80051aa8","root.record.ItemExhibitList.P5Item.CostElementCategoryList.Vehicles.Recurring.CostElementList.CostElement.ManufacturerList.Manufacturer.HistoryPlanningList.HistoryPlanning"
"2017-04","1","2017-BASE_PROCUREMENT-2017-AIRFORCE_AIRCRAFT_VOL1-U_PROCUREMENT_JustificationBook_Air_Force_PB_2017.zzz_unzipped-U_PROCUREMENT_JustificationBook_Air_Force_PB_2017.xml","81dc98969cc058d3b6f1ff5aa54a0e25b6c25eea9f72e3b6dfd8300acd9e0625","0-72f07ffb82f3716867137572a5cd0b09d60a341c19bb89b014cbeceebf40ba0c","0-3bc7d39b62e8a6d012a176cfe43e05fc9b0f5d77ce26f62e9d0af420f4281f3e","root.record.ItemExhibitList.P5Item.CostElementCategoryList.Vehicles.Recurring.CostElementList.CostElement.ManufacturerList.Manufacturer.HistoryPlanningList.HistoryPlanning"
"2017-01","1","2017-BASE_PROCUREMENT-2017-AIRFORCE_AIRCRAFT_VOL1-U_PROCUREMENT_JustificationBook_Air_Force_PB_2017.zzz_unzipped-U_PROCUREMENT_JustificationBook_Air_Force_PB_2017.xml","81dc98969cc058d3b6f1ff5aa54a0e25b6c25eea9f72e3b6dfd8300acd9e0625","0-552d728c72d9815f1c997def1edc54614d39c2ee143752e6b6b7bb7cdd46cc77","0-1fe6f52f7284a4e365915af696124fc46b2f92d722c1b06f9a343eb4b0d6a9bb","root.record.ItemExhibitList.P5Item.CostElementCategoryList.Vehicles.Recurring.CostElementList.CostElement.ManufacturerList.Manufacturer.HistoryPlanningList.HistoryPlanning"
"2017-04","1","2017-BASE_PROCUREMENT-2017-AIRFORCE_AIRCRAFT_VOL1-U_PROCUREMENT_JustificationBook_Air_Force_PB_2017.zzz_unzipped-U_PROCUREMENT_JustificationBook_Air_Force_PB_2017.xml","81dc98969cc058d3b6f1ff5aa54a0e25b6c25eea9f72e3b6dfd8300acd9e0625","1-a8c661e40e9cf6b20b8aa6ba47c6cb7fbb8810e7a30dacdc658202493d17db55","0-1fe6f52f7284a4e365915af696124fc46b2f92d722c1b06f9a343eb4b0d6a9bb","root.record.ItemExhibitList.P5Item.CostElementCategoryList.Vehicles.Recurring.CostElementList.CostElement.ManufacturerList.Manufacturer.HistoryPlanningList.HistoryPlanning"
"2017-06","1","2017-BASE_PROCUREMENT-2017-AIRFORCE_AIRCRAFT_VOL1-U_PROCUREMENT_JustificationBook_Air_Force_PB_2017.zzz_unzipped-U_PROCUREMENT_JustificationBook_Air_Force_PB_2017.xml","81dc98969cc058d3b6f1ff5aa54a0e25b6c25eea9f72e3b6dfd8300acd9e0625","2-27fcec5695223e2bf89ab824c3794f090de34430bde8eede30e96da8f7c174e9","0-1fe6f52f7284a4e365915af696124fc46b2f92d722c1b06f9a343eb4b0d6a9bb","root.record.ItemExhibitList.P5Item.CostElementCategoryList.Vehicles.Recurring.CostElementList.CostElement.ManufacturerList.Manufacturer.HistoryPlanningList.HistoryPlanning"
"2017-04","1","2017-BASE_PROCUREMENT-2017-AIRFORCE_AIRCRAFT_VOL1-U_PROCUREMENT_MasterJustificationBook_Air_Force_PB_2017.zzz_unzipped-U_PROCUREMENT_MasterJustificationBook_Air_Force_PB_2017.xml","669eef17e400acbfbeb5c5d1ae58cdd3f6dc4a1cc89036c8af26096e7fe8e9ba","0-914e63f552867dcdf4200f860976bf2663be0642973cd9810bb647373133c59e","0-cdae084f592392c95ed8dbe9b73a9619ddddb1bf1c1d3d72d3df46856d5cc494","root.record.ItemExhibitList.P5Item.CostElementCategoryList.Vehicles.Recurring.CostElementList.CostElement.ManufacturerList.Manufacturer.HistoryPlanningList.HistoryPlanning"
"2017-01","1","2017-BASE_PROCUREMENT-2017-AIRFORCE_AIRCRAFT_VOL1-U_PROCUREMENT_MasterJustificationBook_Air_Force_PB_2017.zzz_unzipped-U_PROCUREMENT_MasterJustificationBook_Air_Force_PB_2017.xml","669eef17e400acbfbeb5c5d1ae58cdd3f6dc4a1cc89036c8af26096e7fe8e9ba","0-27a1f7ef0f544e02e75ff953ecca814c4f745756e19d27dac778cc13b56e0dff","0-355b6db3406d17265d843c1b91c43ad9ff76b473c62380a1dc9f7ca51b83bc0a","root.record.ItemExhibitList.P5Item.CostElementCategoryList.Vehicles.Recurring.CostElementList.CostElement.ManufacturerList.Manufacturer.HistoryPlanningList.HistoryPlanning"
"2017-04","1","2017-BASE_PROCUREMENT-2017-AIRFORCE_AIRCRAFT_VOL1-U_PROCUREMENT_MasterJustificationBook_Air_Force_PB_2017.zzz_unzipped-U_PROCUREMENT_MasterJustificationBook_Air_Force_PB_2017.xml","669eef17e400acbfbeb5c5d1ae58cdd3f6dc4a1cc89036c8af26096e7fe8e9ba","1-86903a348505a7f10ecd2defcf43564d16be5cc355155db99059b1c016eb9805","0-355b6db3406d17265d843c1b91c43ad9ff76b473c62380a1dc9f7ca51b83bc0a","root.record.ItemExhibitList.P5Item.CostElementCategoryList.Vehicles.Recurring.CostElementList.CostElement.ManufacturerList.Manufacturer.HistoryPlanningList.HistoryPlanning"
"2017-06","1","2017-BASE_PROCUREMENT-2017-AIRFORCE_AIRCRAFT_VOL1-U_PROCUREMENT_MasterJustificationBook_Air_Force_PB_2017.zzz_unzipped-U_PROCUREMENT_MasterJustificationBook_Air_Force_PB_2017.xml","669eef17e400acbfbeb5c5d1ae58cdd3f6dc4a1cc89036c8af26096e7fe8e9ba","2-4b17c372a005073733951a5eded3cfb1bb947b88312a14208f51574ade8e456b","0-355b6db3406d17265d843c1b91c43ad9ff76b473c62380a1dc9f7ca51b83bc0a","root.record.ItemExhibitList.P5Item.CostElementCategoryList.Vehicles.Recurring.CostElementList.CostElement.ManufacturerList.Manufacturer.HistoryPlanningList.HistoryPlanning"
"2017-04","1","2017-BASE_PROCUREMENT-2017-AIRFORCE_AIRCRAFT_VOL2-U_PROCUREMENT_MasterJustificationBook_Air_Force_PB_2017.zzz_unzipped-U_PROCUREMENT_MasterJustificationBook_Air_Force_PB_2017.xml","9605ed7828ffd68e4eba9c314ca91e834dff51a5ab9e44c5de1713497796ec59","0-2ffccec064245f16044b140d7ab230da2120872d12f954478fd69793d9001764","0-a11b8ba73be3ec29a8276b1144d0f83b5c23cf54626c5ae950640fd5335681d6","root.record.ItemExhibitList.P5Item.CostElementCategoryList.Vehicles.Recurring.CostElementList.CostElement.ManufacturerList.Manufacturer.HistoryPlanningList.HistoryPlanning"
"2017-01","1","2017-BASE_PROCUREMENT-2017-AIRFORCE_AIRCRAFT_VOL2-U_PROCUREMENT_MasterJustificationBook_Air_Force_PB_2017.zzz_unzipped-U_PROCUREMENT_MasterJustificationBook_Air_Force_PB_2017.xml","9605ed7828ffd68e4eba9c314ca91e834dff51a5ab9e44c5de1713497796ec59","0-09d333e27057a0a1b6802151f424b94029b25d2f76785d02089f1dd120920440","0-a737a0dd3fdeefcd220aee92f3d8e5b2eab8f923fe181de03bac0c1605acdddc","root.record.ItemExhibitList.P5Item.CostElementCategoryList.Vehicles.Recurring.CostElementList.CostElement.ManufacturerList.Manufacturer.HistoryPlanningList.HistoryPlanning"
"2017-04","1","2017-BASE_PROCUREMENT-2017-AIRFORCE_AIRCRAFT_VOL2-U_PROCUREMENT_MasterJustificationBook_Air_Force_PB_2017.zzz_unzipped-U_PROCUREMENT_MasterJustificationBook_Air_Force_PB_2017.xml","9605ed7828ffd68e4eba9c314ca91e834dff51a5ab9e44c5de1713497796ec59","1-3f4a9fc1acb483f5c53ccb995b6d94585fcc48ffa2712d49efe51de3578c22ee","0-a737a0dd3fdeefcd220aee92f3d8e5b2eab8f923fe181de03bac0c1605acdddc","root.record.ItemExhibitList.P5Item.CostElementCategoryList.Vehicles.Recurring.CostElementList.CostElement.ManufacturerList.Manufacturer.HistoryPlanningList.HistoryPlanning"
"2017-06","1","2017-BASE_PROCUREMENT-2017-AIRFORCE_AIRCRAFT_VOL2-U_PROCUREMENT_MasterJustificationBook_Air_Force_PB_2017.zzz_unzipped-U_PROCUREMENT_MasterJustificationBook_Air_Force_PB_2017.xml","9605ed7828ffd68e4eba9c314ca91e834dff51a5ab9e44c5de1713497796ec59","2-5e1aa777392e456bae6b963d203655f50e66775500466602d308ed443046fd34","0-a737a0dd3fdeefcd220aee92f3d8e5b2eab8f923fe181de03bac0c1605acdddc","root.record.ItemExhibitList.P5Item.CostElementCategoryList.Vehicles.Recurring.CostElementList.CostElement.ManufacturerList.Manufacturer.HistoryPlanningList.HistoryPlanning"
"2022-12","1","2019-BASE_PROCUREMENT-2019-AIRFORCE_AIRCRAFT_VOL1-U_PROCUREMENT_JustificationBook_Air_Force_PB_2019.zzz_unzipped-U_PROCUREMENT_JustificationBook_Air_Force_PB_2019.xml","a591dcdfcf7a402c2264871052dd9286c3cb51812bc0b67f14b07c1cd8109fd7","0-eb6cb13be033e602cd292c029fb139053cda4569de442467be8a99e3110d712d","0-c430f6f201c1962443fb25de07875202ed17863e1ef241d44af45f9b39b7d20d","root.record.ItemExhibitList.P5Item.CostElementCategoryList.Vehicles.Recurring.CostElementList.CostElement.ManufacturerList.Manufacturer.HistoryPlanningList.HistoryPlanning"
"2023-02","1","2019-BASE_PROCUREMENT-2019-AIRFORCE_AIRCRAFT_VOL1-U_PROCUREMENT_JustificationBook_Air_Force_PB_2019.zzz_unzipped-U_PROCUREMENT_JustificationBook_Air_Force_PB_2019.xml","a591dcdfcf7a402c2264871052dd9286c3cb51812bc0b67f14b07c1cd8109fd7","0-7079d729cda6a38896800eb263c8e8a5425106c87d925f68b8396b6fc0006378","1-8f396efc3880e3634bdd65981cac9aaf8bfc22af76b15ef83b8a48aab87def34","root.record.ItemExhibitList.P5Item.CostElementCategoryList.Vehicles.Recurring.CostElementList.CostElement.ManufacturerList.Manufacturer.HistoryPlanningList.HistoryPlanning"
"2017-11","1","2019-BASE_PROCUREMENT-2019-AIRFORCE_AIRCRAFT_VOL1-U_PROCUREMENT_JustificationBook_Air_Force_PB_2019.zzz_unzipped-U_PROCUREMENT_JustificationBook_Air_Force_PB_2019.xml","a7bee76edab57bb6622e96039d6c914aab1dbb0736a4caefd4111b976889fd0e","0-a2a6f02bbe8f15935b338377c2a4cd932ce55e87073dbdf4623cb4402947a3b1","0-c865956ca3a4be4b266d0c821da4663523042ce12c4f820d05bd1d4506eb531a","root.record.ItemExhibitList.P5Item.CostElementCategoryList.Vehicles.Recurring.CostElementList.CostElement.ManufacturerList.Manufacturer.HistoryPlanningList.HistoryPlanning"
"2018-07","1","2019-BASE_PROCUREMENT-2019-AIRFORCE_AIRCRAFT_VOL1-U_PROCUREMENT_JustificationBook_Air_Force_PB_2019.zzz_unzipped-U_PROCUREMENT_JustificationBook_Air_Force_PB_2019.xml","a7bee76edab57bb6622e96039d6c914aab1dbb0736a4caefd4111b976889fd0e","1-72ec75df1e546f5a383df0202e15cdf7165d66f4cd4d76113228a61c351b5088","0-c865956ca3a4be4b266d0c821da4663523042ce12c4f820d05bd1d4506eb531a","root.record.ItemExhibitList.P5Item.CostElementCategoryList.Vehicles.Recurring.CostElementList.CostElement.ManufacturerList.Manufacturer.HistoryPlanningList.HistoryPlanning"
"2018-08","1","2019-BASE_PROCUREMENT-2019-AIRFORCE_AIRCRAFT_VOL1-U_PROCUREMENT_JustificationBook_Air_Force_PB_2019.zzz_unzipped-U_PROCUREMENT_JustificationBook_Air_Force_PB_2019.xml","a7bee76edab57bb6622e96039d6c914aab1dbb0736a4caefd4111b976889fd0e","2-2110b2f7435a2a66a84e10ebb42dd31c51c98241c5d9f393bc18c391dc7bb269","0-c865956ca3a4be4b266d0c821da4663523042ce12c4f820d05bd1d4506eb531a","root.record.ItemExhibitList.P5Item.CostElementCategoryList.Vehicles.Recurring.CostElementList.CostElement.ManufacturerList.Manufacturer.HistoryPlanningList.HistoryPlanning"
"2022-12","1","2019-BASE_PROCUREMENT-2019-AIRFORCE_AIRCRAFT_VOL2-U_PROCUREMENT_MasterJustificationBook_Air_Force_PB_2019.zzz_unzipped-U_PROCUREMENT_MasterJustificationBook_Air_Force_PB_2019.xml","05f36df23affdc21dfc3cefcdfa407fdb3e501809d6c1d183092bc441677ebd0","0-56535c5cd756b891d67a7f08a6646857100a6b709ded6290bf3abf3ce7baba69","0-7ee8cb95742667724d13d619bc3bd1b9aee6dc6c80e482832648e8bab51ab983","root.record.ItemExhibitList.P5Item.CostElementCategoryList.Vehicles.Recurring.CostElementList.CostElement.ManufacturerList.Manufacturer.HistoryPlanningList.HistoryPlanning"
"2023-02","1","2019-BASE_PROCUREMENT-2019-AIRFORCE_AIRCRAFT_VOL2-U_PROCUREMENT_MasterJustificationBook_Air_Force_PB_2019.zzz_unzipped-U_PROCUREMENT_MasterJustificationBook_Air_Force_PB_2019.xml","05f36df23affdc21dfc3cefcdfa407fdb3e501809d6c1d183092bc441677ebd0","0-14faf77707504bf4bab6a8c716b3ce89f6d81cef30b89d0d9db3fc18032544e6","1-dcb4a04b5700e71b78c02b0274ed825d4861e7446997c90a71e05289b9d2a563","root.record.ItemExhibitList.P5Item.CostElementCategoryList.Vehicles.Recurring.CostElementList.CostElement.ManufacturerList.Manufacturer.HistoryPlanningList.HistoryPlanning"
"2017-11","1","2019-BASE_PROCUREMENT-2019-AIRFORCE_AIRCRAFT_VOL2-U_PROCUREMENT_MasterJustificationBook_Air_Force_PB_2019.zzz_unzipped-U_PROCUREMENT_MasterJustificationBook_Air_Force_PB_2019.xml","abc4db74ab1f4ce6330e7152230a4802f710f076f9c17d8863ed18455613b877","0-0a6fccc8ada0a0e1b3fe119cd432423b12500caeb0d29c7b33b3062516adff79","0-a28af399e1ce19e8005c308ca11be3dbb58a1e3cb32fdea183c01a1e7985bf1d","root.record.ItemExhibitList.P5Item.CostElementCategoryList.Vehicles.Recurring.CostElementList.CostElement.ManufacturerList.Manufacturer.HistoryPlanningList.HistoryPlanning"
"2018-07","1","2019-BASE_PROCUREMENT-2019-AIRFORCE_AIRCRAFT_VOL2-U_PROCUREMENT_MasterJustificationBook_Air_Force_PB_2019.zzz_unzipped-U_PROCUREMENT_MasterJustificationBook_Air_Force_PB_2019.xml","abc4db74ab1f4ce6330e7152230a4802f710f076f9c17d8863ed18455613b877","1-b12bab44ba937f0f9f9809dd4f588b43e15ddbc8c00409f13dcd59c6b9c063a2","0-a28af399e1ce19e8005c308ca11be3dbb58a1e3cb32fdea183c01a1e7985bf1d","root.record.ItemExhibitList.P5Item.CostElementCategoryList.Vehicles.Recurring.CostElementList.CostElement.ManufacturerList.Manufacturer.HistoryPlanningList.HistoryPlanning"
"2018-08","1","2019-BASE_PROCUREMENT-2019-AIRFORCE_AIRCRAFT_VOL2-U_PROCUREMENT_MasterJustificationBook_Air_Force_PB_2019.zzz_unzipped-U_PROCUREMENT_MasterJustificationBook_Air_Force_PB_2019.xml","abc4db74ab1f4ce6330e7152230a4802f710f076f9c17d8863ed18455613b877","2-0edc45534fa46f093ee4fdea3c6021530ce9f6c7883250e5f26818f30f8cd047","0-a28af399e1ce19e8005c308ca11be3dbb58a1e3cb32fdea183c01a1e7985bf1d","root.record.ItemExhibitList.P5Item.CostElementCategoryList.Vehicles.Recurring.CostElementList.CostElement.ManufacturerList.Manufacturer.HistoryPlanningList.HistoryPlanning"
"2023-03","1","2020-BASE_PROCUREMENT-2020-AIRFORCE_AIRCRAFT_VOL1-U_PROCUREMENT_JustificationBook_Air_Force_PB_2020.zzz_unzipped-U_PROCUREMENT_JustificationBook_Air_Force_PB_2020.xml","005ddeaa4ed6e661bbe977c64adc29c5146cef98ddfdfcf229a669eb9aae562d","0-e7122e4a6bde2259bb4a3d7e06073f2a049d70e6e0bc76ced59ee27fb1e9b83e","0-a00e706eb7c2500e0592cf990e5cc978acf721a9ce97619041b6833ddf06bee3","root.record.ItemExhibitList.P5Item.CostElementCategoryList.Vehicles.Recurring.CostElementList.CostElement.ManufacturerList.Manufacturer.HistoryPlanningList.HistoryPlanning"
"2023-03","1","2020-BASE_PROCUREMENT-2020-AIRFORCE_AIRCRAFT_VOL1-U_PROCUREMENT_JustificationBook_Air_Force_PB_2020.zzz_unzipped-U_PROCUREMENT_JustificationBook_Air_Force_PB_2020.xml","005ddeaa4ed6e661bbe977c64adc29c5146cef98ddfdfcf229a669eb9aae562d","0-45fdaf973566b5c8e24b5224b41af4c6c3ece874b086b7a2f5f1bce7b4ac7c4d","1-96e87abad3bc291cdb48eafaa638649880c8e4cc467fb4d75192f65641688fa4","root.record.ItemExhibitList.P5Item.CostElementCategoryList.Vehicles.Recurring.CostElementList.CostElement.ManufacturerList.Manufacturer.HistoryPlanningList.HistoryPlanning"
"2023-03","2","2020-BASE_PROCUREMENT-2020-AIRFORCE_AIRCRAFT_VOL1-U_PROCUREMENT_JustificationBook_Air_Force_PB_2020.zzz_unzipped-U_PROCUREMENT_JustificationBook_Air_Force_PB_2020.xml","005ddeaa4ed6e661bbe977c64adc29c5146cef98ddfdfcf229a669eb9aae562d","0-088bf4f0db52e651d820eb0f1e73802f8db14089fd83493e0d289ae6c129e8a8","2-418a52fb3d44e86939b35dda48755898159ef1f96abe8e5c6fcc99b0f61fdc3b","root.record.ItemExhibitList.P5Item.CostElementCategoryList.Vehicles.Recurring.CostElementList.CostElement.ManufacturerList.Manufacturer.HistoryPlanningList.HistoryPlanning"
"2023-03","1","2020-BASE_PROCUREMENT-2020-AIRFORCE_AIRCRAFT_VOL1-U_PROCUREMENT_JustificationBook_Air_Force_PB_2020.zzz_unzipped-U_PROCUREMENT_JustificationBook_Air_Force_PB_2020.xml","005ddeaa4ed6e661bbe977c64adc29c5146cef98ddfdfcf229a669eb9aae562d","0-b8a8ac5664141b1e5dc578dd272f4e82f05b622784e785c0444c7a5a08838376","3-6ea49c00c24a7a7f44e4ee8ff9ced1c4e0aa9224e5cb5737efa69bd9c930c104","root.record.ItemExhibitList.P5Item.CostElementCategoryList.Vehicles.Recurring.CostElementList.CostElement.ManufacturerList.Manufacturer.HistoryPlanningList.HistoryPlanning"
"2023-03","1","2020-BASE_PROCUREMENT-2020-AIRFORCE_AIRCRAFT_VOL2-U_PROCUREMENT_MasterJustificationBook_Air_Force_PB_2020.zzz_unzipped-U_PROCUREMENT_MasterJustificationBook_Air_Force_PB_2020.xml","16d64327fa3f84aa8c929a4167374d7517b6cb0663b68f01ecb3d9f18a3b3e9b","0-2f9f11489317cd0034181eab1637a2e041d9d6a8b433ef4165fcb671ccd425ec","0-cf5a8b59ed922756cd774d26bf4a2bd858ae88c68559a2ffc721c0c915a891d3","root.record.ItemExhibitList.P5Item.CostElementCategoryList.Vehicles.Recurring.CostElementList.CostElement.ManufacturerList.Manufacturer.HistoryPlanningList.HistoryPlanning"
"2023-03","1","2020-BASE_PROCUREMENT-2020-AIRFORCE_AIRCRAFT_VOL2-U_PROCUREMENT_MasterJustificationBook_Air_Force_PB_2020.zzz_unzipped-U_PROCUREMENT_MasterJustificationBook_Air_Force_PB_2020.xml","16d64327fa3f84aa8c929a4167374d7517b6cb0663b68f01ecb3d9f18a3b3e9b","0-889e689624c0bf762bd9066623f4b7586b040ac32909aa7c57e1729b471caab2","1-2fc175797261e9876d3d0f8c71287c32e6b11eab8dd4ecde503569cc1534e7a4","root.record.ItemExhibitList.P5Item.CostElementCategoryList.Vehicles.Recurring.CostElementList.CostElement.ManufacturerList.Manufacturer.HistoryPlanningList.HistoryPlanning"
"2023-03","2","2020-BASE_PROCUREMENT-2020-AIRFORCE_AIRCRAFT_VOL2-U_PROCUREMENT_MasterJustificationBook_Air_Force_PB_2020.zzz_unzipped-U_PROCUREMENT_MasterJustificationBook_Air_Force_PB_2020.xml","16d64327fa3f84aa8c929a4167374d7517b6cb0663b68f01ecb3d9f18a3b3e9b","0-b443673f1c3c43902ed41188ec2e7f55b7323237ed7868621bb4ecfafd9fa7b5","2-07d866236cb26499bf826fdf480424fef7fbf90064342974dbfaf6187123d215","root.record.ItemExhibitList.P5Item.CostElementCategoryList.Vehicles.Recurring.CostElementList.CostElement.ManufacturerList.Manufacturer.HistoryPlanningList.HistoryPlanning"
"2023-03","1","2020-BASE_PROCUREMENT-2020-AIRFORCE_AIRCRAFT_VOL2-U_PROCUREMENT_MasterJustificationBook_Air_Force_PB_2020.zzz_unzipped-U_PROCUREMENT_MasterJustificationBook_Air_Force_PB_2020.xml","16d64327fa3f84aa8c929a4167374d7517b6cb0663b68f01ecb3d9f18a3b3e9b","0-91b805eff90e7efa309ba2834ef48ef464c90cd939d2952c706880158ce18215","3-837bbdbfdbe9ddc1e10debfc6429777676c58f695acbd07fc92476559a5c0a8a","root.record.ItemExhibitList.P5Item.CostElementCategoryList.Vehicles.Recurring.CostElementList.CostElement.ManufacturerList.Manufacturer.HistoryPlanningList.HistoryPlanning"
