Name_val,WhenRequiredInMonths_val,Cost_AllPriorYears_TotalCost_val,Cost_PriorYear_TotalCost_val,Cost_CurrentYear_TotalCost_val,Cost_BudgetYearOne_TotalCost_val,Cost_BudgetYearOne_Quantity_val,Cost_BudgetYearTwo_TotalCost_val,Cost_BudgetYearThree_TotalCost_val,Cost_BudgetYearFour_TotalCost_val,Cost_BudgetYearFive_TotalCost_val,Cost_ToComplete_TotalCost_val,Cost_Total_TotalCost_val,@SOURCE_FILENAME,@RECORDID,@ROWID,QuantityPerAssembly_val,ManufacturerList_P10Manufacturer_Name_val,ManufacturerList_P10Manufacturer_Location_val,ManufacturerList_P10Manufacturer_HistoryPlanningList_HistoryPlanning,ManufacturerList_P10Manufacturer_InitialQuantity_TotalLeadTimeAfterOct1InMonths_val,ManufacturerList_P10Manufacturer_ReorderQuantity_TotalLeadTimeAfterOct1InMonths_val,@PARENTROWID,@PARENT
"Engines","0","156.482","55.081","50.375","64.548","","85.368","115.871","112.162","127.16","4289.291","5056.338","2013-BASE_PROCUREMENT-2013-AIRFORCE_AIRCRAFT_VOL1-JustificationBook_Air_Force_PB_2013.zzz_unzipped-JustificationBook_Air_Force_PB_2013.xml","dff12d9c9c56d1f1f59d6607af44ce23b8ed427d17b04c39d5703919f4248df7","0-4e855f561dec197e8c3570df18f160a2fa3c8cad45d8d0ccddb69b638bbb5a28","","","","","","","49-f431c42a074b7e61831a1efedad102bc45564ee9e0b0470aa55eede08a784c47","root"
"AVIONICS","0","37.969","0","0","0","","0","0","0","0","0","37.969","2013-BASE_PROCUREMENT-2013-AIRFORCE_AIRCRAFT_VOL1-JustificationBook_Air_Force_PB_2013.zzz_unzipped-JustificationBook_Air_Force_PB_2013.xml","05376c175814f9b1bb89efc528da9cdaa60ea9f85e3ebccd583936337bde3172","0-b6d04fa353da8c0d9e63241da7741678c2568168d6d38d20617d861223783085","","","","","","","56-dddb4a7391d324c76db4d26fbf091ad87e2aabb7be8f167dfe12c211a27096aa","root"
"Equipment","30","130","0","0","0","","0","0","0","0","0","130","2013-BASE_PROCUREMENT-2013-AIRFORCE_AIRCRAFT_VOL1-JustificationBook_Air_Force_PB_2013.zzz_unzipped-JustificationBook_Air_Force_PB_2013.xml","5de403107085bf74fb9fd40854df952a9081ddccb6363319c405b20f72d8dc83","0-7e9b2133f4503fc5a92404ac62ebdb3d8201b97d5b97893b76e10b2ad4cec3bb","","","","","","","93-77fa47fdb08a5a230e25c63f148867527cc7c0333fc9e47f19a69d52576ba05e","root"
"Engines","0","156.482","55.081","50.375","64.548","","85.368","115.871","112.162","127.16","4289.291","5056.338","2013-BASE_PROCUREMENT-2013-AIRFORCE_AIRCRAFT_VOL2-MasterJustificationBook_Air_Force_PB_2013.zzz_unzipped-MasterJustificationBook_Air_Force_PB_2013.xml","cb5ffa2b00d81ff49048aa9fb66ff99640bed0266e3e03ecb1f23b38bf1313ae","0-580343cbfc1e65c19122ee78303f9ea1852e380d7710fd94736af1e2edb28aae","","","","","","","99-a7e4b7f97e141ba77aff0469171cf0ab7d793a640bb70f325be8763d4a6d968d","root"
"AVIONICS","0","37.969","0","0","0","","0","0","0","0","0","37.969","2013-BASE_PROCUREMENT-2013-AIRFORCE_AIRCRAFT_VOL2-MasterJustificationBook_Air_Force_PB_2013.zzz_unzipped-MasterJustificationBook_Air_Force_PB_2013.xml","83cdbed30cd2435e0ef690d322b3aa3d3dbd661f403d986c68db08c44173db9c","0-3f7578260ee10854c58b69bde2d90769bd84d41eeeea3e9fb1ec7e1df3165641","","","","","","","106-d9af3454fcbfc409ee75979141d83e1c86611e2efe278f7fb918b47ca34fa88c","root"
"Equipment","30","130","0","0","0","","0","0","0","0","0","130","2013-BASE_PROCUREMENT-2013-AIRFORCE_AIRCRAFT_VOL2-MasterJustificationBook_Air_Force_PB_2013.zzz_unzipped-MasterJustificationBook_Air_Force_PB_2013.xml","9a2ba94a217d82096f332eb52ba7ddeaf76b99a2e5a89a7ed11986588d44548b","0-f76601d365fbf5dbec9fd836d9915a9a440e9856df8dbefd323870ebdad3ba89","","","","","","","141-66982b0bd48aa6e5640de88e157ebcfc990f0b99ff9e9d5ce9de7c238959c74e","root"
"Engines","0","156.482","55.081","50.375","64.548","","85.368","115.871","112.162","127.16","4289.291","5056.338","2013-BASE_PROCUREMENT-2013-AIRFORCE_AIRCRAFT_VOL1-MasterJustificationBook_Air_Force_PB_2013.zzz_unzipped-MasterJustificationBook_Air_Force_PB_2013.xml","8ca272206c6b30f61972a00065d737d41c09597a3caeca5dca6f8e9b4d2b639e","0-4c01b6b8f57387dba5937107aebc6f6c869946e4de0b3e79ddee4d3405bf4749","","","","","","","147-6512333b56f46bb8efbd967bf8a975a163a2cb2e8626c0692d783bb84af2a30b","root"
"AVIONICS","0","37.969","0","0","0","","0","0","0","0","0","37.969","2013-BASE_PROCUREMENT-2013-AIRFORCE_AIRCRAFT_VOL1-MasterJustificationBook_Air_Force_PB_2013.zzz_unzipped-MasterJustificationBook_Air_Force_PB_2013.xml","a81a42ae1db722058f6d5962d3234e2397b7cb620f8cd202f2f913551d1c3f6e","0-3f84ff4fecfa16292f45aef43834a825420ae2d4ec8e58bf029885ee17de49db","","","","","","","154-a56a3ae6b5232604dd5ba6cd33b40504bc0702873ce999cc6e4c0045d499d5d9","root"
"Equipment","30","130","0","0","0","","0","0","0","0","0","130","2013-BASE_PROCUREMENT-2013-AIRFORCE_AIRCRAFT_VOL1-MasterJustificationBook_Air_Force_PB_2013.zzz_unzipped-MasterJustificationBook_Air_Force_PB_2013.xml","6d2a5a5d589018a44e3cbf52cb1c912bfc2ae7ebfa3167c185f32baeccefdb83","0-f336dedd4b1d6266e8ff357783ab112cd57a81fe23494802ce51a7d4558923f8","","","","","","","191-f8e9d4a1fc98f2c9500d7a504743f4f7ba3b76d18350325351c819fec587be13","root"
"For FY 2013 EOQ/Long Lead","0","","","","0","0","","","","","","","2013-BASE_PROCUREMENT-2013-NAVY_AIRCRAFT_BA1-4-JustificationBook_Navy_PB_2013.zzz_unzipped-JustificationBook_Navy_PB_2013.xml","117c169a68235fff5682580ef1182034c5b0c336d258b4d2bc16ac17e2d2a653","0-452e95d0506ccfa978637077e83c6bdf0c0bf8e29f7c213dbb43b2a6de8b6d77","0","","","","","","1056-7003f2b3edec68f4fae8efae78b9cba7106521330fa21a2a2acc66c4f31a527a","root"
"For FY 2014 EOQ/Long Lead","0","","","","0","0","","","","","","","2013-BASE_PROCUREMENT-2013-NAVY_AIRCRAFT_BA1-4-JustificationBook_Navy_PB_2013.zzz_unzipped-JustificationBook_Navy_PB_2013.xml","117c169a68235fff5682580ef1182034c5b0c336d258b4d2bc16ac17e2d2a653","1-ad1f8ce0e0039cb39694406512eed1f6c28293f26ce278c5fa66f7396480a4c3","0","","","","","","1056-7003f2b3edec68f4fae8efae78b9cba7106521330fa21a2a2acc66c4f31a527a","root"
"For FY 2015 EOQ/Long Lead","0","","","","0","0","","","","","","","2013-BASE_PROCUREMENT-2013-NAVY_AIRCRAFT_BA1-4-JustificationBook_Navy_PB_2013.zzz_unzipped-JustificationBook_Navy_PB_2013.xml","117c169a68235fff5682580ef1182034c5b0c336d258b4d2bc16ac17e2d2a653","2-c6aef8060cca53362af808b8a4ef7b8be01c7baa2204d5640e10f86edeaecb2c","0","","","","","","1056-7003f2b3edec68f4fae8efae78b9cba7106521330fa21a2a2acc66c4f31a527a","root"
"For FY 2016 EOQ/Long Lead","0","","","","0","0","","","","","","","2013-BASE_PROCUREMENT-2013-NAVY_AIRCRAFT_BA1-4-JustificationBook_Navy_PB_2013.zzz_unzipped-JustificationBook_Navy_PB_2013.xml","117c169a68235fff5682580ef1182034c5b0c336d258b4d2bc16ac17e2d2a653","3-90a5cb474d176791d2a0837c665e6c83e0cbc22abc80300d0f43296985649e55","0","","","","","","1056-7003f2b3edec68f4fae8efae78b9cba7106521330fa21a2a2acc66c4f31a527a","root"
"For FY 2017 EOQ/Long Lead","0","","","","0","0","","","","","","","2013-BASE_PROCUREMENT-2013-NAVY_AIRCRAFT_BA1-4-JustificationBook_Navy_PB_2013.zzz_unzipped-JustificationBook_Navy_PB_2013.xml","117c169a68235fff5682580ef1182034c5b0c336d258b4d2bc16ac17e2d2a653","4-243178a9fc4415ef77556a8a898894a001dd025dc295da73f8387f01d75004ca","0","","","","","","1056-7003f2b3edec68f4fae8efae78b9cba7106521330fa21a2a2acc66c4f31a527a","root"
"Airframe For FY 2013 EOQ/Long Lead","0","","","67.469","0","0","","","","","","","2013-BASE_PROCUREMENT-2013-NAVY_AIRCRAFT_BA1-4-JustificationBook_Navy_PB_2013.zzz_unzipped-JustificationBook_Navy_PB_2013.xml","b9d48f24ecf1fb0dc0353ad3f9cd91e926e2f3fda1f537c2caa93bb44b898f3b","0-94efcf32f970276aae4cbfe489dc519c44c79ed59554d450dd36d5022852b8e0","0","","","","","","1062-50da622a20c035d68f324dccc5309f7f229345a51a7b376fafa920c45d26f3ea","root"
"Airframe For FY 2014 EOQ/Long Lead","0","","","3.037","54.472","0","","","","","","","2013-BASE_PROCUREMENT-2013-NAVY_AIRCRAFT_BA1-4-JustificationBook_Navy_PB_2013.zzz_unzipped-JustificationBook_Navy_PB_2013.xml","b9d48f24ecf1fb0dc0353ad3f9cd91e926e2f3fda1f537c2caa93bb44b898f3b","1-2868463970da3afac36666c80e9d88b97ef9b5a51107aac36b69711ac9286ceb","0","","","","","","1062-50da622a20c035d68f324dccc5309f7f229345a51a7b376fafa920c45d26f3ea","root"
"Airframe For FY 2015 EOQ/Long Lead","0","","","1.961","4.047","0","","","","","","","2013-BASE_PROCUREMENT-2013-NAVY_AIRCRAFT_BA1-4-JustificationBook_Navy_PB_2013.zzz_unzipped-JustificationBook_Navy_PB_2013.xml","b9d48f24ecf1fb0dc0353ad3f9cd91e926e2f3fda1f537c2caa93bb44b898f3b","2-1552fb166c2a4d92724c5b911fc9541ce1c528f4b7ca9322eb39e38101a57fb7","0","","","","","","1062-50da622a20c035d68f324dccc5309f7f229345a51a7b376fafa920c45d26f3ea","root"
"Airframe For FY 2016 EOQ/Long Lead","0","","","2.338","3.737","0","","","","","","","2013-BASE_PROCUREMENT-2013-NAVY_AIRCRAFT_BA1-4-JustificationBook_Navy_PB_2013.zzz_unzipped-JustificationBook_Navy_PB_2013.xml","b9d48f24ecf1fb0dc0353ad3f9cd91e926e2f3fda1f537c2caa93bb44b898f3b","3-ae4e33f671a0351b9a4fa6add70cb62c0df1e8cd2c42bf2de8ebc96f1f2f49bf","0","","","","","","1062-50da622a20c035d68f324dccc5309f7f229345a51a7b376fafa920c45d26f3ea","root"
"CC/Avionics For FY 2013 EOQ/Long Lead","0","","","59.037","0","0","","","","","","","2013-BASE_PROCUREMENT-2013-NAVY_AIRCRAFT_BA1-4-JustificationBook_Navy_PB_2013.zzz_unzipped-JustificationBook_Navy_PB_2013.xml","b9d48f24ecf1fb0dc0353ad3f9cd91e926e2f3fda1f537c2caa93bb44b898f3b","4-f31e862c0739c36dc3ba85e9053a97f1ef356ff8379d2a48665923180950b386","0","","","","","","1062-50da622a20c035d68f324dccc5309f7f229345a51a7b376fafa920c45d26f3ea","root"
"CC/Avionics For FY 2014 EOQ/Long Lead","0","","","63.176","28.026","0","","","","","","","2013-BASE_PROCUREMENT-2013-NAVY_AIRCRAFT_BA1-4-JustificationBook_Navy_PB_2013.zzz_unzipped-JustificationBook_Navy_PB_2013.xml","b9d48f24ecf1fb0dc0353ad3f9cd91e926e2f3fda1f537c2caa93bb44b898f3b","5-5234e7e2beff11b4ebc5879b1b646510662209561b6327eb614913b419c9c52e","0","","","","","","1062-50da622a20c035d68f324dccc5309f7f229345a51a7b376fafa920c45d26f3ea","root"
"CC/Avionics For FY 2015 EOQ/Long Lead","0","","","4.5","91.314","0","","","","","","","2013-BASE_PROCUREMENT-2013-NAVY_AIRCRAFT_BA1-4-JustificationBook_Navy_PB_2013.zzz_unzipped-JustificationBook_Navy_PB_2013.xml","b9d48f24ecf1fb0dc0353ad3f9cd91e926e2f3fda1f537c2caa93bb44b898f3b","6-aae329efd41c1abc4fa9bc894f91223489dd99fd3bc33730ca45c772ff25520d","0","","","","","","1062-50da622a20c035d68f324dccc5309f7f229345a51a7b376fafa920c45d26f3ea","root"
"CC/Avionics For FY 2016 EOQ/Long Lead","0","","","4.5","2","0","","","","","","","2013-BASE_PROCUREMENT-2013-NAVY_AIRCRAFT_BA1-4-JustificationBook_Navy_PB_2013.zzz_unzipped-JustificationBook_Navy_PB_2013.xml","b9d48f24ecf1fb0dc0353ad3f9cd91e926e2f3fda1f537c2caa93bb44b898f3b","7-b9314b0a4b35817e412e446d045619e8211dae17800a0f11ae3e0b1027478a80","0","","","","","","1062-50da622a20c035d68f324dccc5309f7f229345a51a7b376fafa920c45d26f3ea","root"
"For FY 2013 EOQ/Long Lead","0","","","","0","0","","","","","","","2013-BASE_PROCUREMENT-2013-NAVY_AIRCRAFT_BA1-4-JustificationBook_Navy_PB_2013.zzz_unzipped-JustificationBook_Navy_PB_2013.xml","62ca14cc634acb0c901935df39de84860d1f64314c02973b24f410208b3cf78e","0-c88ebf7d0861768af176967b10745a0869bcd4fc032ccdd4cf52aa721f5c0357","0","","","","","","1064-78f12270aa4d6a6a6973bd8e42587f76d53e833c6d6efd25901c3bc3fa24fa5a","root"
"For FY 2014 EOQ/Long Lead","0","","","","0","0","","","","","","","2013-BASE_PROCUREMENT-2013-NAVY_AIRCRAFT_BA1-4-JustificationBook_Navy_PB_2013.zzz_unzipped-JustificationBook_Navy_PB_2013.xml","62ca14cc634acb0c901935df39de84860d1f64314c02973b24f410208b3cf78e","1-b419993234702ff6bbca7ceb9cf15ecf30ca8f002f2710fe66a65bc6c8de5d90","0","","","","","","1064-78f12270aa4d6a6a6973bd8e42587f76d53e833c6d6efd25901c3bc3fa24fa5a","root"
"For FY 2015 EOQ/Long Lead","0","","","","0","0","","","","","","","2013-BASE_PROCUREMENT-2013-NAVY_AIRCRAFT_BA1-4-JustificationBook_Navy_PB_2013.zzz_unzipped-JustificationBook_Navy_PB_2013.xml","62ca14cc634acb0c901935df39de84860d1f64314c02973b24f410208b3cf78e","2-b9a65d620cda651f3691d0d3024a3dfc15f219b25bc7b0519ee9b69fd7562fe3","0","","","","","","1064-78f12270aa4d6a6a6973bd8e42587f76d53e833c6d6efd25901c3bc3fa24fa5a","root"
"For FY 2016 EOQ/Long Lead","0","","","","0","0","","","","","","","2013-BASE_PROCUREMENT-2013-NAVY_AIRCRAFT_BA1-4-JustificationBook_Navy_PB_2013.zzz_unzipped-JustificationBook_Navy_PB_2013.xml","62ca14cc634acb0c901935df39de84860d1f64314c02973b24f410208b3cf78e","3-26d9797c257ac60c98019a8dc15fe240a56743e1d5ad2478cd79a026c38446d8","0","","","","","","1064-78f12270aa4d6a6a6973bd8e42587f76d53e833c6d6efd25901c3bc3fa24fa5a","root"
"For FY 2017 EOQ/Long Lead","0","","","","0","0","","","","","","","2013-BASE_PROCUREMENT-2013-NAVY_AIRCRAFT_BA1-4-JustificationBook_Navy_PB_2013.zzz_unzipped-JustificationBook_Navy_PB_2013.xml","62ca14cc634acb0c901935df39de84860d1f64314c02973b24f410208b3cf78e","4-0103d9a1e08123a925264f7e4a1826352b6e97ed8e49065214c7edd0d427ddd7","0","","","","","","1064-78f12270aa4d6a6a6973bd8e42587f76d53e833c6d6efd25901c3bc3fa24fa5a","root"
"Prior Years EOQ/Long Lead","0","538.598","","","0","0","","","","","","","2013-BASE_PROCUREMENT-2013-NAVY_AIRCRAFT_BA1-4-JustificationBook_Navy_PB_2013.zzz_unzipped-JustificationBook_Navy_PB_2013.xml","c58f3e1b9e38e357fc3c36cb6204a5182b2e132e43a0c2e90cc87c9d07cd04f0","0-32872c26ff24c5d6d6a4463196b8b8769255411bec12566d5a489a3ee734e4be","1","","","","","","1066-4a19934060709717700d717571c3ce34c31db894926c41da837c68e6dcc42cdd","root"
"For FY13 EOQ/Long Lead","0","","","","0","0","","","","","","","2013-BASE_PROCUREMENT-2013-NAVY_AIRCRAFT_BA1-4-JustificationBook_Navy_PB_2013.zzz_unzipped-JustificationBook_Navy_PB_2013.xml","35ba065fc15348b04ce24529e69be9f99c6cbf65b10c2c0aa5e1f211a03d3de7","0-15cca6e652e3811770758dfc38699afa2a8ced0de1116af6c9862bc4ead38510","0","","","","","","1072-7bc1dfe14ca28a6bfcf7df1b97ffa6897a64e665e5d95b45fca05df5fa4891ef","root"
"For FY14 EOQ/Long Lead","0","","","","0","0","","","","","","","2013-BASE_PROCUREMENT-2013-NAVY_AIRCRAFT_BA1-4-JustificationBook_Navy_PB_2013.zzz_unzipped-JustificationBook_Navy_PB_2013.xml","35ba065fc15348b04ce24529e69be9f99c6cbf65b10c2c0aa5e1f211a03d3de7","1-c679813eef2b3ebc996b23c3b8a49847bf0003d09d29a2193040dd0cec067603","0","","","","","","1072-7bc1dfe14ca28a6bfcf7df1b97ffa6897a64e665e5d95b45fca05df5fa4891ef","root"
"For FY15 EOQ/Long Lead","0","","","","0","0","","","","","","","2013-BASE_PROCUREMENT-2013-NAVY_AIRCRAFT_BA1-4-JustificationBook_Navy_PB_2013.zzz_unzipped-JustificationBook_Navy_PB_2013.xml","35ba065fc15348b04ce24529e69be9f99c6cbf65b10c2c0aa5e1f211a03d3de7","2-14a26de651b39b0050e72f9c1ff17f312e94fe0afe4e3b0d94f18637eeb8e52b","0","","","","","","1072-7bc1dfe14ca28a6bfcf7df1b97ffa6897a64e665e5d95b45fca05df5fa4891ef","root"
"For FY16 EOQ/Long Lead","0","","","","0","0","","","","","","","2013-BASE_PROCUREMENT-2013-NAVY_AIRCRAFT_BA1-4-JustificationBook_Navy_PB_2013.zzz_unzipped-JustificationBook_Navy_PB_2013.xml","35ba065fc15348b04ce24529e69be9f99c6cbf65b10c2c0aa5e1f211a03d3de7","3-da60c3edef95779de8d5bb0560e4fdd471d34beafff9f28e680bd10bb6412075","0","","","","","","1072-7bc1dfe14ca28a6bfcf7df1b97ffa6897a64e665e5d95b45fca05df5fa4891ef","root"
"For FY17 EOQ/Long Lead","0","","","","0","0","","","","","","","2013-BASE_PROCUREMENT-2013-NAVY_AIRCRAFT_BA1-4-JustificationBook_Navy_PB_2013.zzz_unzipped-JustificationBook_Navy_PB_2013.xml","35ba065fc15348b04ce24529e69be9f99c6cbf65b10c2c0aa5e1f211a03d3de7","4-59956d41ca38b220b4c8c93fd7e860e4dd1eb4b4a58f50c72974f769b4b1a941","0","","","","","","1072-7bc1dfe14ca28a6bfcf7df1b97ffa6897a64e665e5d95b45fca05df5fa4891ef","root"
"EOQ/Long Lead (Prior Years)","0","364.235","","","0","0","","","","","","","2013-BASE_PROCUREMENT-2013-NAVY_AIRCRAFT_BA1-4-JustificationBook_Navy_PB_2013.zzz_unzipped-JustificationBook_Navy_PB_2013.xml","726c637195c83e4c0a7ae20346d13ed0b7692dc152694d77e984d871c4d21a8a","0-b95c1a34fdfe14112d91f6f97b80b8c5c42f46731c7dae69ebd0283ff9927673","0","","","","","","1075-7b3e4f911434dd1d7a058a33e1ca3077034cb6c9f3500e95d695128aea3e8c09","root"
"For FY 11 EOQ/Long Lead","0","138.236","","","0","0","","","","","","","2013-BASE_PROCUREMENT-2013-NAVY_AIRCRAFT_BA1-4-JustificationBook_Navy_PB_2013.zzz_unzipped-JustificationBook_Navy_PB_2013.xml","88900f9fefa8c2efa538b7df0981031e5954f9d461c6376f83fc0b897746a2a5","0-e1099bf9fc7d870a9edc7010b7d1ec7b0dbf4b3b36095545347388dcaed253ed","0","","","","","","1081-731e7e2f93ea82133d8f829355a90079b7b0b43e747302ec032ff65aefb1be5a","root"
"For FY 12 EOQ/Long Lead","0","58.869","73.098","","0","0","","","","","","","2013-BASE_PROCUREMENT-2013-NAVY_AIRCRAFT_BA1-4-JustificationBook_Navy_PB_2013.zzz_unzipped-JustificationBook_Navy_PB_2013.xml","88900f9fefa8c2efa538b7df0981031e5954f9d461c6376f83fc0b897746a2a5","1-eafb54b4fa01fb8e9f62240e5af6fbea9cf907ff4dcc5742aeefd2d07398a0a4","0","","","","","","1081-731e7e2f93ea82133d8f829355a90079b7b0b43e747302ec032ff65aefb1be5a","root"
"For FY 13 EOQ/Long Lead","0","","","59.073","0","0","","","","","","","2013-BASE_PROCUREMENT-2013-NAVY_AIRCRAFT_BA1-4-JustificationBook_Navy_PB_2013.zzz_unzipped-JustificationBook_Navy_PB_2013.xml","88900f9fefa8c2efa538b7df0981031e5954f9d461c6376f83fc0b897746a2a5","2-5a33de48498ab3fa666cd9c0c7c702dc78f11591236d165ca31427e0a33d00b8","0","","","","","","1081-731e7e2f93ea82133d8f829355a90079b7b0b43e747302ec032ff65aefb1be5a","root"
"For FY 14 EOQ/Long Lead","0","","","","64.798","0","","","","","","","2013-BASE_PROCUREMENT-2013-NAVY_AIRCRAFT_BA1-4-JustificationBook_Navy_PB_2013.zzz_unzipped-JustificationBook_Navy_PB_2013.xml","88900f9fefa8c2efa538b7df0981031e5954f9d461c6376f83fc0b897746a2a5","3-1aa175bbb0eb7d6798e1c11471483ee20cae01e2ec97ad487d31d2aafbc3b03b","0","","","","","","1081-731e7e2f93ea82133d8f829355a90079b7b0b43e747302ec032ff65aefb1be5a","root"
"For FY 15 EOQ/Long Lead","0","","","","31.756","0","","","","","","","2013-BASE_PROCUREMENT-2013-NAVY_AIRCRAFT_BA1-4-JustificationBook_Navy_PB_2013.zzz_unzipped-JustificationBook_Navy_PB_2013.xml","88900f9fefa8c2efa538b7df0981031e5954f9d461c6376f83fc0b897746a2a5","4-7185de8a4b1e051e0c8056b4905baf71985fc588e9e8f78ddc45d750b3b49b05","0","","","","","","1081-731e7e2f93ea82133d8f829355a90079b7b0b43e747302ec032ff65aefb1be5a","root"
"For FY 16 EOQ/Long Lead","0","","","","29.601","0","","","","","","","2013-BASE_PROCUREMENT-2013-NAVY_AIRCRAFT_BA1-4-JustificationBook_Navy_PB_2013.zzz_unzipped-JustificationBook_Navy_PB_2013.xml","88900f9fefa8c2efa538b7df0981031e5954f9d461c6376f83fc0b897746a2a5","5-9182f1e05cc26ce007c4bba9e8ce8a72661d981333c13e027d3832984e079803","0","","","","","","1081-731e7e2f93ea82133d8f829355a90079b7b0b43e747302ec032ff65aefb1be5a","root"
"For FY 17 EOQ/Long Lead","0","","","","22.324","0","","","","","","","2013-BASE_PROCUREMENT-2013-NAVY_AIRCRAFT_BA1-4-JustificationBook_Navy_PB_2013.zzz_unzipped-JustificationBook_Navy_PB_2013.xml","88900f9fefa8c2efa538b7df0981031e5954f9d461c6376f83fc0b897746a2a5","6-4466a8ee71cf2fc37ac4b74b1189390644940e7f9f13879d90cf15501e1f244f","0","","","","","","1081-731e7e2f93ea82133d8f829355a90079b7b0b43e747302ec032ff65aefb1be5a","root"
"For FY 2013 EOQ/Long Lead","0","","","","0","0","","","","","","","2013-BASE_PROCUREMENT-2013-NAVY_AIRCRAFT_BA7-MasterJustificationBook_Navy_PB_2013.zzz_unzipped-MasterJustificationBook_Navy_PB_2013.xml","fc4ad63a37f11443d049b6c774a2c3a61b497f69db08ea5c5de15e3106a0de6f","0-0f6f767575f8c4bfe0eb80c79bce1e4bf602a573b1c0517b102b3d880b886268","0","","","","","","1083-107ae5e9b4d2d8758676e2d0ade18742f7a2a4c99d17fd8eb94ad89341413eb5","root"
"For FY 2014 EOQ/Long Lead","0","","","","0","0","","","","","","","2013-BASE_PROCUREMENT-2013-NAVY_AIRCRAFT_BA7-MasterJustificationBook_Navy_PB_2013.zzz_unzipped-MasterJustificationBook_Navy_PB_2013.xml","fc4ad63a37f11443d049b6c774a2c3a61b497f69db08ea5c5de15e3106a0de6f","1-d310262f4028ca3f15f61b213be08f3ce40644a4bb4a59e7ced236dca3d443f4","0","","","","","","1083-107ae5e9b4d2d8758676e2d0ade18742f7a2a4c99d17fd8eb94ad89341413eb5","root"
"For FY 2015 EOQ/Long Lead","0","","","","0","0","","","","","","","2013-BASE_PROCUREMENT-2013-NAVY_AIRCRAFT_BA7-MasterJustificationBook_Navy_PB_2013.zzz_unzipped-MasterJustificationBook_Navy_PB_2013.xml","fc4ad63a37f11443d049b6c774a2c3a61b497f69db08ea5c5de15e3106a0de6f","2-bfcf4efd532e187baffcbb9fbdb613e465ecda6b99ca6e4ce642fff82d46affd","0","","","","","","1083-107ae5e9b4d2d8758676e2d0ade18742f7a2a4c99d17fd8eb94ad89341413eb5","root"
"For FY 2016 EOQ/Long Lead","0","","","","0","0","","","","","","","2013-BASE_PROCUREMENT-2013-NAVY_AIRCRAFT_BA7-MasterJustificationBook_Navy_PB_2013.zzz_unzipped-MasterJustificationBook_Navy_PB_2013.xml","fc4ad63a37f11443d049b6c774a2c3a61b497f69db08ea5c5de15e3106a0de6f","3-4d06127f769faf4691bb40a95a42524e69c739df10f9f8a7170fccaf22cc9da0","0","","","","","","1083-107ae5e9b4d2d8758676e2d0ade18742f7a2a4c99d17fd8eb94ad89341413eb5","root"
"For FY 2017 EOQ/Long Lead","0","","","","0","0","","","","","","","2013-BASE_PROCUREMENT-2013-NAVY_AIRCRAFT_BA7-MasterJustificationBook_Navy_PB_2013.zzz_unzipped-MasterJustificationBook_Navy_PB_2013.xml","fc4ad63a37f11443d049b6c774a2c3a61b497f69db08ea5c5de15e3106a0de6f","4-e9ca6e9cebe6e6f0de951e0a14f4d5b451f19714ed8c95c8df1bfdea2b60a1e1","0","","","","","","1083-107ae5e9b4d2d8758676e2d0ade18742f7a2a4c99d17fd8eb94ad89341413eb5","root"
"Airframe For FY 2013 EOQ/Long Lead","0","","","67.469","0","0","","","","","","","2013-BASE_PROCUREMENT-2013-NAVY_AIRCRAFT_BA7-MasterJustificationBook_Navy_PB_2013.zzz_unzipped-MasterJustificationBook_Navy_PB_2013.xml","6b43da5773fdddd6745e6a9177c3b5322c6d5d599a05e656a65c474843726605","0-fb805227d86ed1d3257eb9b5588f7fc774462759eea566311c40e2b50f992847","0","","","","","","1089-44e9bed9180726beabec0584ecc33d6349ce159d8b2c020d09d38524fa90772f","root"
"Airframe For FY 2014 EOQ/Long Lead","0","","","3.037","54.472","0","","","","","","","2013-BASE_PROCUREMENT-2013-NAVY_AIRCRAFT_BA7-MasterJustificationBook_Navy_PB_2013.zzz_unzipped-MasterJustificationBook_Navy_PB_2013.xml","6b43da5773fdddd6745e6a9177c3b5322c6d5d599a05e656a65c474843726605","1-2da492ad8459a75a0557d1450913344d19ff3755009fb6e2342a44e2a693459e","0","","","","","","1089-44e9bed9180726beabec0584ecc33d6349ce159d8b2c020d09d38524fa90772f","root"
"Airframe For FY 2015 EOQ/Long Lead","0","","","1.961","4.047","0","","","","","","","2013-BASE_PROCUREMENT-2013-NAVY_AIRCRAFT_BA7-MasterJustificationBook_Navy_PB_2013.zzz_unzipped-MasterJustificationBook_Navy_PB_2013.xml","6b43da5773fdddd6745e6a9177c3b5322c6d5d599a05e656a65c474843726605","2-53e31891899806a2c3c7b497e030b4506bed28ce7f869b5b2c885a765c8f3e3e","0","","","","","","1089-44e9bed9180726beabec0584ecc33d6349ce159d8b2c020d09d38524fa90772f","root"
"Airframe For FY 2016 EOQ/Long Lead","0","","","2.338","3.737","0","","","","","","","2013-BASE_PROCUREMENT-2013-NAVY_AIRCRAFT_BA7-MasterJustificationBook_Navy_PB_2013.zzz_unzipped-MasterJustificationBook_Navy_PB_2013.xml","6b43da5773fdddd6745e6a9177c3b5322c6d5d599a05e656a65c474843726605","3-3e7d4530dcc5be138314b04c9ae50a319696be8436e162e0ce870d7115bf582e","0","","","","","","1089-44e9bed9180726beabec0584ecc33d6349ce159d8b2c020d09d38524fa90772f","root"
"CC/Avionics For FY 2013 EOQ/Long Lead","0","","","59.037","0","0","","","","","","","2013-BASE_PROCUREMENT-2013-NAVY_AIRCRAFT_BA7-MasterJustificationBook_Navy_PB_2013.zzz_unzipped-MasterJustificationBook_Navy_PB_2013.xml","6b43da5773fdddd6745e6a9177c3b5322c6d5d599a05e656a65c474843726605","4-b5713ddc493436652bd15fcf4805ce61b8db3734f3ae6b6ed27ddfaf7f5475df","0","","","","","","1089-44e9bed9180726beabec0584ecc33d6349ce159d8b2c020d09d38524fa90772f","root"
"CC/Avionics For FY 2014 EOQ/Long Lead","0","","","63.176","28.026","0","","","","","","","2013-BASE_PROCUREMENT-2013-NAVY_AIRCRAFT_BA7-MasterJustificationBook_Navy_PB_2013.zzz_unzipped-MasterJustificationBook_Navy_PB_2013.xml","6b43da5773fdddd6745e6a9177c3b5322c6d5d599a05e656a65c474843726605","5-057ab06b53935259306d1a43374db64be628a7c4e34179b3465856b0fc405e2e","0","","","","","","1089-44e9bed9180726beabec0584ecc33d6349ce159d8b2c020d09d38524fa90772f","root"
"CC/Avionics For FY 2015 EOQ/Long Lead","0","","","4.5","91.314","0","","","","","","","2013-BASE_PROCUREMENT-2013-NAVY_AIRCRAFT_BA7-MasterJustificationBook_Navy_PB_2013.zzz_unzipped-MasterJustificationBook_Navy_PB_2013.xml","6b43da5773fdddd6745e6a9177c3b5322c6d5d599a05e656a65c474843726605","6-4c5314325f1a9eb8793411aea91889d37d5fd71ec8b4cae6c7ebd7541507a456","0","","","","","","1089-44e9bed9180726beabec0584ecc33d6349ce159d8b2c020d09d38524fa90772f","root"
"CC/Avionics For FY 2016 EOQ/Long Lead","0","","","4.5","2","0","","","","","","","2013-BASE_PROCUREMENT-2013-NAVY_AIRCRAFT_BA7-MasterJustificationBook_Navy_PB_2013.zzz_unzipped-MasterJustificationBook_Navy_PB_2013.xml","6b43da5773fdddd6745e6a9177c3b5322c6d5d599a05e656a65c474843726605","7-66c9c8ea9c6dbc9e401e246360d6d8cd16411aca87510697ffab4a32928aa75f","0","","","","","","1089-44e9bed9180726beabec0584ecc33d6349ce159d8b2c020d09d38524fa90772f","root"
"For FY 2013 EOQ/Long Lead","0","","","","0","0","","","","","","","2013-BASE_PROCUREMENT-2013-NAVY_AIRCRAFT_BA7-MasterJustificationBook_Navy_PB_2013.zzz_unzipped-MasterJustificationBook_Navy_PB_2013.xml","a239252c2db994d3d59f63231ca3c22a219233e70e30c14c66a0ba0cdfbe6d4f","0-a8ffc519d638a25d4dda2811af7d09ef19c41bc711f1b5855d96b54ac2fa700c","0","","","","","","1091-465e0b7e26caf6fb797a42951870acf93e33094a6fdae1edd9c941ef1f4b34da","root"
"For FY 2014 EOQ/Long Lead","0","","","","0","0","","","","","","","2013-BASE_PROCUREMENT-2013-NAVY_AIRCRAFT_BA7-MasterJustificationBook_Navy_PB_2013.zzz_unzipped-MasterJustificationBook_Navy_PB_2013.xml","a239252c2db994d3d59f63231ca3c22a219233e70e30c14c66a0ba0cdfbe6d4f","1-fd77ba8583198fb563ce0400fdec4b5e59a9b8138a7ee8b5374ace2fb9f411ac","0","","","","","","1091-465e0b7e26caf6fb797a42951870acf93e33094a6fdae1edd9c941ef1f4b34da","root"
"For FY 2015 EOQ/Long Lead","0","","","","0","0","","","","","","","2013-BASE_PROCUREMENT-2013-NAVY_AIRCRAFT_BA7-MasterJustificationBook_Navy_PB_2013.zzz_unzipped-MasterJustificationBook_Navy_PB_2013.xml","a239252c2db994d3d59f63231ca3c22a219233e70e30c14c66a0ba0cdfbe6d4f","2-134f2db41ed1b47780d75c10cfd68e43ae8b01e05d94e81f62a072f39d80ee14","0","","","","","","1091-465e0b7e26caf6fb797a42951870acf93e33094a6fdae1edd9c941ef1f4b34da","root"
"For FY 2016 EOQ/Long Lead","0","","","","0","0","","","","","","","2013-BASE_PROCUREMENT-2013-NAVY_AIRCRAFT_BA7-MasterJustificationBook_Navy_PB_2013.zzz_unzipped-MasterJustificationBook_Navy_PB_2013.xml","a239252c2db994d3d59f63231ca3c22a219233e70e30c14c66a0ba0cdfbe6d4f","3-285b7f23dc6a4c6532c2bd5dd3a6eca0de800eae9fc7bf5989c6bfefe3cb4436","0","","","","","","1091-465e0b7e26caf6fb797a42951870acf93e33094a6fdae1edd9c941ef1f4b34da","root"
"For FY 2017 EOQ/Long Lead","0","","","","0","0","","","","","","","2013-BASE_PROCUREMENT-2013-NAVY_AIRCRAFT_BA7-MasterJustificationBook_Navy_PB_2013.zzz_unzipped-MasterJustificationBook_Navy_PB_2013.xml","a239252c2db994d3d59f63231ca3c22a219233e70e30c14c66a0ba0cdfbe6d4f","4-1182c7dfee4ef922d3be2a6075813f38b485557ecca736446c03e5b33015cf7c","0","","","","","","1091-465e0b7e26caf6fb797a42951870acf93e33094a6fdae1edd9c941ef1f4b34da","root"
"Prior Years EOQ/Long Lead","0","538.598","","","0","0","","","","","","","2013-BASE_PROCUREMENT-2013-NAVY_AIRCRAFT_BA7-MasterJustificationBook_Navy_PB_2013.zzz_unzipped-MasterJustificationBook_Navy_PB_2013.xml","f574b404c7e4bb0b9eaa9bd06310ba954fd8383396e28c51365d22c8228792d8","0-933ecdef408db4513f29ed678c79dc2a1a069780a557b1acaccbd9a8762a26ed","1","","","","","","1093-7c3265099d8bedac711cb513a290e5e6f0c75dc3fd7e4cace4fb8c48df5708ac","root"
"For FY13 EOQ/Long Lead","0","","","","0","0","","","","","","","2013-BASE_PROCUREMENT-2013-NAVY_AIRCRAFT_BA7-MasterJustificationBook_Navy_PB_2013.zzz_unzipped-MasterJustificationBook_Navy_PB_2013.xml","a2cf9a9f7e41de0e4e8e70c616aab683dbff4c199053caf8b648f74fa8d86680","0-25a4dc622f902075f735b539e5195b2ebdeb3e0777bf77cfca8149287c137513","0","","","","","","1099-b97e4dcae37a2030d82cf7311cdcebe1fbc1cfca4d901ff3e3ca83c643aa75da","root"
"For FY14 EOQ/Long Lead","0","","","","0","0","","","","","","","2013-BASE_PROCUREMENT-2013-NAVY_AIRCRAFT_BA7-MasterJustificationBook_Navy_PB_2013.zzz_unzipped-MasterJustificationBook_Navy_PB_2013.xml","a2cf9a9f7e41de0e4e8e70c616aab683dbff4c199053caf8b648f74fa8d86680","1-e1a8c157a4d6adf3b5d765587d0329b0ad6bb396d4fbff1271bb53b2815ef612","0","","","","","","1099-b97e4dcae37a2030d82cf7311cdcebe1fbc1cfca4d901ff3e3ca83c643aa75da","root"
"For FY15 EOQ/Long Lead","0","","","","0","0","","","","","","","2013-BASE_PROCUREMENT-2013-NAVY_AIRCRAFT_BA7-MasterJustificationBook_Navy_PB_2013.zzz_unzipped-MasterJustificationBook_Navy_PB_2013.xml","a2cf9a9f7e41de0e4e8e70c616aab683dbff4c199053caf8b648f74fa8d86680","2-3f9e586e69e7d2e66e5d9f48232aaff23e3d4fecb9c0a703e270bb978e4d5c9a","0","","","","","","1099-b97e4dcae37a2030d82cf7311cdcebe1fbc1cfca4d901ff3e3ca83c643aa75da","root"
"For FY16 EOQ/Long Lead","0","","","","0","0","","","","","","","2013-BASE_PROCUREMENT-2013-NAVY_AIRCRAFT_BA7-MasterJustificationBook_Navy_PB_2013.zzz_unzipped-MasterJustificationBook_Navy_PB_2013.xml","a2cf9a9f7e41de0e4e8e70c616aab683dbff4c199053caf8b648f74fa8d86680","3-6627251df501bff07a280a362857450edafdaa81e11ff8e1cd38162c1819ea58","0","","","","","","1099-b97e4dcae37a2030d82cf7311cdcebe1fbc1cfca4d901ff3e3ca83c643aa75da","root"
"For FY17 EOQ/Long Lead","0","","","","0","0","","","","","","","2013-BASE_PROCUREMENT-2013-NAVY_AIRCRAFT_BA7-MasterJustificationBook_Navy_PB_2013.zzz_unzipped-MasterJustificationBook_Navy_PB_2013.xml","a2cf9a9f7e41de0e4e8e70c616aab683dbff4c199053caf8b648f74fa8d86680","4-4d2007c79844dbd867c845f3665a052d98d01a91c14ea3f515a1435e172b8161","0","","","","","","1099-b97e4dcae37a2030d82cf7311cdcebe1fbc1cfca4d901ff3e3ca83c643aa75da","root"
"EOQ/Long Lead (Prior Years)","0","364.235","","","0","0","","","","","","","2013-BASE_PROCUREMENT-2013-NAVY_AIRCRAFT_BA7-MasterJustificationBook_Navy_PB_2013.zzz_unzipped-MasterJustificationBook_Navy_PB_2013.xml","e21141c5bdc26da71ac5ea984451900c0d04cdb459ada4454fef17e3e0d037e3","0-471636b3a53e74955b17d3a20b12b330f7d8574241bca8ce2100d0159dc3599d","0","","","","","","1102-5ed52523bff867ae12138adbfdb6e32ac701454573c3cece639266a6234aa833","root"
"For FY 11 EOQ/Long Lead","0","138.236","","","0","0","","","","","","","2013-BASE_PROCUREMENT-2013-NAVY_AIRCRAFT_BA7-MasterJustificationBook_Navy_PB_2013.zzz_unzipped-MasterJustificationBook_Navy_PB_2013.xml","7597bbdd4d25ec92c5844fecacfdaaaa10c12e15befbde6f7b81db23360e002e","0-d3794d28c5947835efd160c25fe94dcc4386d952f522b077cdefd5655b9765af","0","","","","","","1108-f6ac504d795fbd7cebd982eaf256c8e04b61d6c5559a3300fbe1f9fb43b4778a","root"
"For FY 12 EOQ/Long Lead","0","58.869","73.098","","0","0","","","","","","","2013-BASE_PROCUREMENT-2013-NAVY_AIRCRAFT_BA7-MasterJustificationBook_Navy_PB_2013.zzz_unzipped-MasterJustificationBook_Navy_PB_2013.xml","7597bbdd4d25ec92c5844fecacfdaaaa10c12e15befbde6f7b81db23360e002e","1-491c9684ce186e4b6457522b8b8d9469e02d5f96dddbdea1f78b02b6e8d77326","0","","","","","","1108-f6ac504d795fbd7cebd982eaf256c8e04b61d6c5559a3300fbe1f9fb43b4778a","root"
"For FY 13 EOQ/Long Lead","0","","","59.073","0","0","","","","","","","2013-BASE_PROCUREMENT-2013-NAVY_AIRCRAFT_BA7-MasterJustificationBook_Navy_PB_2013.zzz_unzipped-MasterJustificationBook_Navy_PB_2013.xml","7597bbdd4d25ec92c5844fecacfdaaaa10c12e15befbde6f7b81db23360e002e","2-8cde7e58de82211f11629f03fe0ae87de58accbf79c80ded591bb331220ca434","0","","","","","","1108-f6ac504d795fbd7cebd982eaf256c8e04b61d6c5559a3300fbe1f9fb43b4778a","root"
"For FY 14 EOQ/Long Lead","0","","","","64.798","0","","","","","","","2013-BASE_PROCUREMENT-2013-NAVY_AIRCRAFT_BA7-MasterJustificationBook_Navy_PB_2013.zzz_unzipped-MasterJustificationBook_Navy_PB_2013.xml","7597bbdd4d25ec92c5844fecacfdaaaa10c12e15befbde6f7b81db23360e002e","3-dc546095b3b131ed90129072fc65f8bb52b34f17c3b5c161f728aa1eed286417","0","","","","","","1108-f6ac504d795fbd7cebd982eaf256c8e04b61d6c5559a3300fbe1f9fb43b4778a","root"
"For FY 15 EOQ/Long Lead","0","","","","31.756","0","","","","","","","2013-BASE_PROCUREMENT-2013-NAVY_AIRCRAFT_BA7-MasterJustificationBook_Navy_PB_2013.zzz_unzipped-MasterJustificationBook_Navy_PB_2013.xml","7597bbdd4d25ec92c5844fecacfdaaaa10c12e15befbde6f7b81db23360e002e","4-04ebca9bda0f1816822863a20571ff7f7202f583f4813d1d13c4125b96099e15","0","","","","","","1108-f6ac504d795fbd7cebd982eaf256c8e04b61d6c5559a3300fbe1f9fb43b4778a","root"
"For FY 16 EOQ/Long Lead","0","","","","29.601","0","","","","","","","2013-BASE_PROCUREMENT-2013-NAVY_AIRCRAFT_BA7-MasterJustificationBook_Navy_PB_2013.zzz_unzipped-MasterJustificationBook_Navy_PB_2013.xml","7597bbdd4d25ec92c5844fecacfdaaaa10c12e15befbde6f7b81db23360e002e","5-c66c70e6032e00cd57da93b30b33f94ebb81195bfdf02b515b88139db999fac4","0","","","","","","1108-f6ac504d795fbd7cebd982eaf256c8e04b61d6c5559a3300fbe1f9fb43b4778a","root"
"For FY 17 EOQ/Long Lead","0","","","","22.324","0","","","","","","","2013-BASE_PROCUREMENT-2013-NAVY_AIRCRAFT_BA7-MasterJustificationBook_Navy_PB_2013.zzz_unzipped-MasterJustificationBook_Navy_PB_2013.xml","7597bbdd4d25ec92c5844fecacfdaaaa10c12e15befbde6f7b81db23360e002e","6-3aabf8d4b892ffdbe073a2e19146cd9c4b0dae76956cdcb123a56535e6a46da8","0","","","","","","1108-f6ac504d795fbd7cebd982eaf256c8e04b61d6c5559a3300fbe1f9fb43b4778a","root"
"Engines","0","220.776","50.375","64.548","80.032","","106.215","112.162","127.16","129.449","4093.728","4984.445","2014-BASE_PROCUREMENT-2014-AIRFORCE_AIRCRAFT_VOL1-PROCUREMENT_JustificationBook_Air_Force_PB_2014.zzz_unzipped-PROCUREMENT_JustificationBook_Air_Force_PB_2014.xml","9b61234d81d63166f24ad258b5e55dffeec409e2dd27bb2645028bc0cc61d668","0-6b85cfb7d09bf7cf0eba81843fb8b06992909861d32bd0d364f980b19fc9a4e0","","Pratt & Whitney","East Hartford, CT","","","1712-89276e1165caf35803cf3e3a0cb9a0d221a149a4a7ecccdb92139d1f07f7782e","root"
"AVIONICS","0","37.969","0","0","0","","0","0","0","0","0","37.969","2014-BASE_PROCUREMENT-2014-AIRFORCE_AIRCRAFT_VOL1-PROCUREMENT_JustificationBook_Air_Force_PB_2014.zzz_unzipped-PROCUREMENT_JustificationBook_Air_Force_PB_2014.xml","2646edf56b0a2f35eb384cabca2534ac2cc070221cde934447c037bbc8c8d2fd","0-3c707456102b310624373eca739057342f4e046155870ebe0bee97e8bb961df6","","","","","","","1718-9000f801411fa9c4720b7b3aced15b64a7697d6d779e1c7b141c1bec7799e280","root"
"Equipment","30","130","0","0","92","","0","0","0","0","0","222","2014-BASE_PROCUREMENT-2014-AIRFORCE_AIRCRAFT_VOL1-PROCUREMENT_JustificationBook_Air_Force_PB_2014.zzz_unzipped-PROCUREMENT_JustificationBook_Air_Force_PB_2014.xml","87fe378a0d0a4ac2bd7f5599a847577c8b84352d788084ef2c6af33bc809e3d3","0-4baff252c7bc26590f4e82d86a419af6243bed9c3f32462beb12e1f20aa9d135","","","","","","","1753-434fb9352040a89f21e1a38e18d394e47c7ac0e39db3b05a53a43527f9a673a8","root"
"Equipment","12","0","0","0","48","","0","0","0","0","0","48","2014-BASE_PROCUREMENT-2014-AIRFORCE_AIRCRAFT_VOL1-PROCUREMENT_JustificationBook_Air_Force_PB_2014.zzz_unzipped-PROCUREMENT_JustificationBook_Air_Force_PB_2014.xml","dbfe8de14b0d32c628ed01d3914e078284fa20402d5b14399264b391cbf7da9d","0-5557204110ace162c030190fe395c99fa730a76aef13464733b259f8df791b4e","","","","","","","1755-28b0b020cf1f1c43d128610dd926aea9117db75ecc232e7331f3f48684a3673b","root"
"Equipment","12","0","0","0","84","","0","0","0","0","0","84","2014-BASE_PROCUREMENT-2014-AIRFORCE_AIRCRAFT_VOL1-PROCUREMENT_JustificationBook_Air_Force_PB_2014.zzz_unzipped-PROCUREMENT_JustificationBook_Air_Force_PB_2014.xml","8006d245bd699020fdba3c4b1cd620c2f5d69d075a47574c25b22402c14a21e8","0-8b25369b420bcc26f17f5f8e49c5a0d44abd5ac9105eb3d09a1144915e962b10","","","","","","","1757-b27f1062232d929db3015497c969acce6ccee5e2a07f3c51d2a4b5d134eab73b","root"
"Engines","0","220.776","50.375","64.548","80.032","","106.215","112.162","127.16","129.449","4093.728","4984.445","2014-BASE_PROCUREMENT-2014-AIRFORCE_AIRCRAFT_VOL2-PROCUREMENT_MasterJustificationBook_Air_Force_PB_2014.zzz_unzipped-PROCUREMENT_MasterJustificationBook_Air_Force_PB_2014.xml","49e6ebb877c28b1a5a5ad3ec630e9669d0f205b4790c66bd50e69d037f2b0687","0-c5dcc4795c19739afa18fcc17967e477f0237843622015206fc638226b143865","","Pratt & Whitney","East Hartford, CT","","","1759-279fc5e57d7585c5a5fabef3154d3bb00b85460c5db75698f167c4cb0959f05a","root"
"AVIONICS","0","37.969","0","0","0","","0","0","0","0","0","37.969","2014-BASE_PROCUREMENT-2014-AIRFORCE_AIRCRAFT_VOL2-PROCUREMENT_MasterJustificationBook_Air_Force_PB_2014.zzz_unzipped-PROCUREMENT_MasterJustificationBook_Air_Force_PB_2014.xml","87e6219c53a6a0e21d8cd2ef48641c364c0940e3ebc418f58e09ce6611c01b96","0-4167a2a92fa0ec92e390df6a58ad3080eba05b26353d74d0854ce5a04c209ec9","","","","","","","1765-7789307a4706332fc4dfd7721f3c732a2f98f5275a79f4dff56ef457a7e411fb","root"
"Equipment","30","130","0","0","92","","0","0","0","0","0","222","2014-BASE_PROCUREMENT-2014-AIRFORCE_AIRCRAFT_VOL2-PROCUREMENT_MasterJustificationBook_Air_Force_PB_2014.zzz_unzipped-PROCUREMENT_MasterJustificationBook_Air_Force_PB_2014.xml","488edd08a4134d4ef47f67932aa0e770dd42909fc6ec080a1be4113faa890508","0-52356530f356c07fe3b4b3c505aa8583c74ac05130cdfbc06889b787a0e91a9b","","","","","","","1800-ce7c69208601001f4278e8a76d0c668075360e224e7bf9e8a8d54953a9e99fcd","root"
"Equipment","12","0","0","0","48","","0","0","0","0","0","48","2014-BASE_PROCUREMENT-2014-AIRFORCE_AIRCRAFT_VOL2-PROCUREMENT_MasterJustificationBook_Air_Force_PB_2014.zzz_unzipped-PROCUREMENT_MasterJustificationBook_Air_Force_PB_2014.xml","afff2db197154c64bd3603746babe747ea6f30fabb8f1dcbb90731d86f8fdd0a","0-f6e8e2ca6168123827291388956a085ea189871cd08cd5f16ec54d1466cbe613","","","","","","","1802-0a512f88dd4d0b4a8a6f6dac9d074f7aa44282263dc5fff173344358bc624d22","root"
"Equipment","12","0","0","0","84","","0","0","0","0","0","84","2014-BASE_PROCUREMENT-2014-AIRFORCE_AIRCRAFT_VOL2-PROCUREMENT_MasterJustificationBook_Air_Force_PB_2014.zzz_unzipped-PROCUREMENT_MasterJustificationBook_Air_Force_PB_2014.xml","568274f6da4ae741bf3451b1e4bd1ce95232308fe969b118463d712471e787ca","0-4c312aa7f07ff2e1b26f2b044cf09a258a8871735fb33595333f0d3e714c98d5","","","","","","","1804-40b17e7b3614f85eb69bb747fe0f8d945aca67a291f80a262dee1238e4a38331","root"
"Engines","0","220.776","50.375","64.548","80.032","","106.215","112.162","127.16","129.449","4093.728","4984.445","2014-BASE_PROCUREMENT-2014-AIRFORCE_AIRCRAFT_VOL1-PROCUREMENT_MasterJustificationBook_Air_Force_PB_2014.zzz_unzipped-PROCUREMENT_MasterJustificationBook_Air_Force_PB_2014.xml","6ab9e29ac3b8aded689164aba8dab423bb75c52b5172bcd81d5d2ac7eeafb8ff","0-21f64734b6587617b4c69132d69c9d1c7cac304ef4d5f47e144ce5042b4c356a","","Pratt & Whitney","East Hartford, CT","","","1806-c1e332a5344172b2e1dc789fa2259e59f30f4f2a8d0f5a2849947d112cd12910","root"
"AVIONICS","0","37.969","0","0","0","","0","0","0","0","0","37.969","2014-BASE_PROCUREMENT-2014-AIRFORCE_AIRCRAFT_VOL1-PROCUREMENT_MasterJustificationBook_Air_Force_PB_2014.zzz_unzipped-PROCUREMENT_MasterJustificationBook_Air_Force_PB_2014.xml","64862d5509d36b3dc25821d3aee2b698b642d9914a9acb94aba0df7947892b95","0-d7f4bc6fd30c0fc038f4aa675e72455044da7487650efe0ac9238573cf8959a5","","","","","","","1812-ecc7dca390731b0b29126b8b94cab8dffbdcd7884ec06b581f89f61b60e62243","root"
"Equipment","30","130","0","0","92","","0","0","0","0","0","222","2014-BASE_PROCUREMENT-2014-AIRFORCE_AIRCRAFT_VOL1-PROCUREMENT_MasterJustificationBook_Air_Force_PB_2014.zzz_unzipped-PROCUREMENT_MasterJustificationBook_Air_Force_PB_2014.xml","9de913aeb6567c0d4534e57110f9dda8f4ab9f2890ebec10995f16b0056b8d4a","0-0c0738016eb0296c5f6cc934b20c2bc45cb199d42e33836692692b2112928c33","","","","","","","1847-22969d9aab9d01811e2ee214419188b9260f6e8b500fcf04b5657398d46b45ae","root"
"Equipment","12","0","0","0","48","","0","0","0","0","0","48","2014-BASE_PROCUREMENT-2014-AIRFORCE_AIRCRAFT_VOL1-PROCUREMENT_MasterJustificationBook_Air_Force_PB_2014.zzz_unzipped-PROCUREMENT_MasterJustificationBook_Air_Force_PB_2014.xml","b4e943eafd3729a618b1044fb9e5de1dd8c175e919b52421689b90b7354dd0b6","0-7a189a2a4e0f069a653afb947ac0dd2335955533b33d9779fe49b722232c5f43","","","","","","","1849-e64810f141d50bc0a940508ca858d56103225366d94320855d546fc5e934a33f","root"
"Equipment","12","0","0","0","84","","0","0","0","0","0","84","2014-BASE_PROCUREMENT-2014-AIRFORCE_AIRCRAFT_VOL1-PROCUREMENT_MasterJustificationBook_Air_Force_PB_2014.zzz_unzipped-PROCUREMENT_MasterJustificationBook_Air_Force_PB_2014.xml","1800a4a3cade962759517e8f30a849a8b21a34bb984d87d8abe05b8727f27625","0-e7d00457bc9e207017f460a03c4038a19e01592609625f62593e6cf566b23cdb","","","","","","","1851-960013c3eb86dc1dab14b44fe61b4cb51eee375a5979b875386f0f5a120dc8c0","root"
"For FY 2013 EOQ/Long Lead","0","","","","0","0","","","","","","","2014-BASE_PROCUREMENT-2014-NAVY_AIRCRAFT_BA1-4-PROCUREMENT_JustificationBook_Navy_PB_2014.zzz_unzipped-PROCUREMENT_JustificationBook_Navy_PB_2014.xml","59eb071a2b8c27825df619eb2437ee7c5c84f3ba541674a32571545b2cf94550","0-92c40bd9794405e8d54706e268fe60fbad309cd860075659fa24f1450d526ec2","0","See End Item P5A","See End Item P5A","0","0","2720-6e1678a73599ecada001a0cdc15770905e172df8caf9fc5f2a01656a0e963fb1","root"
"For FY 2014 EOQ/Long Lead","0","","","","0","0","","","","","","","2014-BASE_PROCUREMENT-2014-NAVY_AIRCRAFT_BA1-4-PROCUREMENT_JustificationBook_Navy_PB_2014.zzz_unzipped-PROCUREMENT_JustificationBook_Navy_PB_2014.xml","59eb071a2b8c27825df619eb2437ee7c5c84f3ba541674a32571545b2cf94550","1-a0bddb8e0b1abe7ff5b0c339447269b4bbd3ade5fa45da6fb280825f0590e602","0","See End Item P5A","See End Item P5A","0","0","2720-6e1678a73599ecada001a0cdc15770905e172df8caf9fc5f2a01656a0e963fb1","root"
"For FY 2015 EOQ/Long Lead","0","","","","0","0","","","","","","","2014-BASE_PROCUREMENT-2014-NAVY_AIRCRAFT_BA1-4-PROCUREMENT_JustificationBook_Navy_PB_2014.zzz_unzipped-PROCUREMENT_JustificationBook_Navy_PB_2014.xml","59eb071a2b8c27825df619eb2437ee7c5c84f3ba541674a32571545b2cf94550","2-07781902888f2b1cf0118435b3cf025a286600d5b4c85326a9444de09c79683f","0","See End Item P5A","See End Item P5A","0","0","2720-6e1678a73599ecada001a0cdc15770905e172df8caf9fc5f2a01656a0e963fb1","root"
"For FY 2016 EOQ/Long Lead","0","","","","0","0","","","","","","","2014-BASE_PROCUREMENT-2014-NAVY_AIRCRAFT_BA1-4-PROCUREMENT_JustificationBook_Navy_PB_2014.zzz_unzipped-PROCUREMENT_JustificationBook_Navy_PB_2014.xml","59eb071a2b8c27825df619eb2437ee7c5c84f3ba541674a32571545b2cf94550","3-c93f68324f05ce04cfd74ac6d16b10c4a769a29fcd482b811b7147c332ae08f1","0","See End Item P5A","See End Item P5A","0","0","2720-6e1678a73599ecada001a0cdc15770905e172df8caf9fc5f2a01656a0e963fb1","root"
"For FY 2017 EOQ/Long Lead","0","","","","0","0","","","","","","","2014-BASE_PROCUREMENT-2014-NAVY_AIRCRAFT_BA1-4-PROCUREMENT_JustificationBook_Navy_PB_2014.zzz_unzipped-PROCUREMENT_JustificationBook_Navy_PB_2014.xml","59eb071a2b8c27825df619eb2437ee7c5c84f3ba541674a32571545b2cf94550","4-e94580271831dd9c03b93db45093d86cf16fa7ced42cc99f907fb15f643dd9e5","0","See End Item P5A","See End Item P5A","0","0","2720-6e1678a73599ecada001a0cdc15770905e172df8caf9fc5f2a01656a0e963fb1","root"
"Airframe For FY 2013 EOQ/Long Lead","0","","38.984","","0","0","","","","","","","2014-BASE_PROCUREMENT-2014-NAVY_AIRCRAFT_BA1-4-PROCUREMENT_JustificationBook_Navy_PB_2014.zzz_unzipped-PROCUREMENT_JustificationBook_Navy_PB_2014.xml","fca80c4a5bf23e192e9420dded4f49a1b46495e610d6495e88d6fe525d380853","0-cdd01c1974fbf5e7687650d795afab247c299644297ebbbc46d86b0d94116e48","0","See End Item P5A","See End Item P5A","25","25","2726-a7f16e734bbc846c3b8fcba0872c238dc2d48ced4f2c9bf0a2beb00788b3ea8d","root"
"Airframe For FY 2014 EOQ/Long Lead","0","","3.037","54.472","0","0","","","","","","","2014-BASE_PROCUREMENT-2014-NAVY_AIRCRAFT_BA1-4-PROCUREMENT_JustificationBook_Navy_PB_2014.zzz_unzipped-PROCUREMENT_JustificationBook_Navy_PB_2014.xml","fca80c4a5bf23e192e9420dded4f49a1b46495e610d6495e88d6fe525d380853","1-c56ebc80193eff5c8e4915e6cd695f320f53d6aac7a28632d0ef5c0f265e39cf","0","See End Item P5A","See End Item P5A","25","25","2726-a7f16e734bbc846c3b8fcba0872c238dc2d48ced4f2c9bf0a2beb00788b3ea8d","root"
"Airframe For FY 2015 EOQ/Long Lead","0","","1.961","4.047","91.031","0","","","","","","","2014-BASE_PROCUREMENT-2014-NAVY_AIRCRAFT_BA1-4-PROCUREMENT_JustificationBook_Navy_PB_2014.zzz_unzipped-PROCUREMENT_JustificationBook_Navy_PB_2014.xml","fca80c4a5bf23e192e9420dded4f49a1b46495e610d6495e88d6fe525d380853","2-15637cd16b8734cfc986e1340fd78693987f39ccb312c16d961e40b51df05895","0","See End Item P5A","See End Item P5A","25","25","2726-a7f16e734bbc846c3b8fcba0872c238dc2d48ced4f2c9bf0a2beb00788b3ea8d","root"
"Airframe For FY 2016 EOQ/Long Lead","0","","2.338","3.737","3.775","0","","","","","","","2014-BASE_PROCUREMENT-2014-NAVY_AIRCRAFT_BA1-4-PROCUREMENT_JustificationBook_Navy_PB_2014.zzz_unzipped-PROCUREMENT_JustificationBook_Navy_PB_2014.xml","fca80c4a5bf23e192e9420dded4f49a1b46495e610d6495e88d6fe525d380853","3-d749d456ad8463b37c1f682a895a9a056c2f41ace7b5efd61fb18aeb4fbfca7b","0","See End Item P5A","See End Item P5A","25","25","2726-a7f16e734bbc846c3b8fcba0872c238dc2d48ced4f2c9bf0a2beb00788b3ea8d","root"
"CC/Avionics For FY 2013 EOQ/Long Lead","0","","59","","0","0","","","","","","","2014-BASE_PROCUREMENT-2014-NAVY_AIRCRAFT_BA1-4-PROCUREMENT_JustificationBook_Navy_PB_2014.zzz_unzipped-PROCUREMENT_JustificationBook_Navy_PB_2014.xml","fca80c4a5bf23e192e9420dded4f49a1b46495e610d6495e88d6fe525d380853","4-be1318fa49d147fb78f61b8ab7e06c86f1f0b5f34b0a531ffa41e884659f8c85","0","See End Item P5A","See End Item P5A","32","32","2726-a7f16e734bbc846c3b8fcba0872c238dc2d48ced4f2c9bf0a2beb00788b3ea8d","root"
"CC/Avionics For FY 2014 EOQ/Long Lead","0","","55.586","25.249","0","0","","","","","","","2014-BASE_PROCUREMENT-2014-NAVY_AIRCRAFT_BA1-4-PROCUREMENT_JustificationBook_Navy_PB_2014.zzz_unzipped-PROCUREMENT_JustificationBook_Navy_PB_2014.xml","fca80c4a5bf23e192e9420dded4f49a1b46495e610d6495e88d6fe525d380853","5-7c60e70d6a44af89d140de17b900dbafeb7758c0befb5a2e3df443cfb2e0c097","0","See End Item P5A","See End Item P5A","32","32","2726-a7f16e734bbc846c3b8fcba0872c238dc2d48ced4f2c9bf0a2beb00788b3ea8d","root"
"CC/Avionics For FY 2015 EOQ/Long Lead","0","","4.5","70.673","40.051","0","","","","","","","2014-BASE_PROCUREMENT-2014-NAVY_AIRCRAFT_BA1-4-PROCUREMENT_JustificationBook_Navy_PB_2014.zzz_unzipped-PROCUREMENT_JustificationBook_Navy_PB_2014.xml","fca80c4a5bf23e192e9420dded4f49a1b46495e610d6495e88d6fe525d380853","6-7ef34ab6aaa364e7f394f5b176e12fc01eb33b6ee5cdb7d88ea06c12ba9e3b32","0","See End Item P5A","See End Item P5A","32","32","2726-a7f16e734bbc846c3b8fcba0872c238dc2d48ced4f2c9bf0a2beb00788b3ea8d","root"
"CC/Avionics For FY 2016 EOQ/Long Lead","0","","4.5","2","92.396","0","","","","","","","2014-BASE_PROCUREMENT-2014-NAVY_AIRCRAFT_BA1-4-PROCUREMENT_JustificationBook_Navy_PB_2014.zzz_unzipped-PROCUREMENT_JustificationBook_Navy_PB_2014.xml","fca80c4a5bf23e192e9420dded4f49a1b46495e610d6495e88d6fe525d380853","7-8abd975fef4f99bc7c34590fc49610a30347248a06eb850e04abf58f6ee8a0bf","0","See End Item P5A","See End Item P5A","32","32","2726-a7f16e734bbc846c3b8fcba0872c238dc2d48ced4f2c9bf0a2beb00788b3ea8d","root"
"For FY 2013 EOQ/Long Lead","0","","","","0","0","","","","","","","2014-BASE_PROCUREMENT-2014-NAVY_AIRCRAFT_BA1-4-PROCUREMENT_JustificationBook_Navy_PB_2014.zzz_unzipped-PROCUREMENT_JustificationBook_Navy_PB_2014.xml","9153159fe86babf2338e4b160b0225ad806515ca1ccc0dbf362bf9b5e04bfffb","0-38bbb8cd60109c742ca2cf8e11b1fc2b01380aecfe840a385eed3e374c40eb7b","0","See End Item P5A","See End Item P5A","0","0","2728-0b5bc1001d5bd8f22be1eb84db0e054e0392a07dff2a2699a98dd2de26d3fc9c","root"
"For FY 2014 EOQ/Long Lead","0","","","","0","0","","","","","","","2014-BASE_PROCUREMENT-2014-NAVY_AIRCRAFT_BA1-4-PROCUREMENT_JustificationBook_Navy_PB_2014.zzz_unzipped-PROCUREMENT_JustificationBook_Navy_PB_2014.xml","9153159fe86babf2338e4b160b0225ad806515ca1ccc0dbf362bf9b5e04bfffb","1-8d3075b09991793d94a32de131a93bd5db2921ed66695fcfb7deff12359b9f4e","0","See End Item P5A","See End Item P5A","0","0","2728-0b5bc1001d5bd8f22be1eb84db0e054e0392a07dff2a2699a98dd2de26d3fc9c","root"
"For FY 2015 EOQ/Long Lead","0","","","","0","0","","","","","","","2014-BASE_PROCUREMENT-2014-NAVY_AIRCRAFT_BA1-4-PROCUREMENT_JustificationBook_Navy_PB_2014.zzz_unzipped-PROCUREMENT_JustificationBook_Navy_PB_2014.xml","9153159fe86babf2338e4b160b0225ad806515ca1ccc0dbf362bf9b5e04bfffb","2-b1a53a11ccb597f512cfcfd042e3e17a309130dbb24bb3a8fb217a8bded001f5","0","See End Item P5A","See End Item P5A","0","0","2728-0b5bc1001d5bd8f22be1eb84db0e054e0392a07dff2a2699a98dd2de26d3fc9c","root"
"For FY 2016 EOQ/Long Lead","0","","","","0","0","","","","","","","2014-BASE_PROCUREMENT-2014-NAVY_AIRCRAFT_BA1-4-PROCUREMENT_JustificationBook_Navy_PB_2014.zzz_unzipped-PROCUREMENT_JustificationBook_Navy_PB_2014.xml","9153159fe86babf2338e4b160b0225ad806515ca1ccc0dbf362bf9b5e04bfffb","3-654bfc6f6eec70993a8461f4f4bd43db5ba3f626a0a83fbfd3e92f1bb75366eb","0","See End Item P5A","See End Item P5A","0","0","2728-0b5bc1001d5bd8f22be1eb84db0e054e0392a07dff2a2699a98dd2de26d3fc9c","root"
"For FY 2017 EOQ/Long Lead","0","","","","0","0","","","","","","","2014-BASE_PROCUREMENT-2014-NAVY_AIRCRAFT_BA1-4-PROCUREMENT_JustificationBook_Navy_PB_2014.zzz_unzipped-PROCUREMENT_JustificationBook_Navy_PB_2014.xml","9153159fe86babf2338e4b160b0225ad806515ca1ccc0dbf362bf9b5e04bfffb","4-36cae67c14de571f707eea42b72bacf74f87cd29bdb63aed154604a727304a56","0","See End Item P5A","See End Item P5A","0","0","2728-0b5bc1001d5bd8f22be1eb84db0e054e0392a07dff2a2699a98dd2de26d3fc9c","root"
"EOQ","0","","","","20","0","","","","","","","2014-BASE_PROCUREMENT-2014-NAVY_AIRCRAFT_BA1-4-PROCUREMENT_JustificationBook_Navy_PB_2014.zzz_unzipped-PROCUREMENT_JustificationBook_Navy_PB_2014.xml","2ca0b177ff5773179adc68e99a8aa14d5082a81544df1d5d478b6a1901815e1a","0-5b497957b933e6b025b994f4ebe5811039e3357c8c501c00f311f67b7bc33140","0","See End Item P5A","See End Item P5A","0","0","2734-c3917a9056e46a12b8fd347bcbfbd9caeedb37eff1b4741724f1fc9c2333599b","root"
"For FY13 EOQ/Long Lead","0","","","","0","0","","","","","","","2014-BASE_PROCUREMENT-2014-NAVY_AIRCRAFT_BA1-4-PROCUREMENT_JustificationBook_Navy_PB_2014.zzz_unzipped-PROCUREMENT_JustificationBook_Navy_PB_2014.xml","64929e2f3b423b633d4163e755851b1fd905e7aae3c16591258a0272ed89fca7","0-aaf633094fbd6a07f0732d23522061b90aed5dcc9888154973e70f2b7bf16550","0","See End Item P5A","See End Item P5A","0","0","2736-e4bfdb33dbf99c23dee1d80e18989c9f6cf18d65a5683638e8d25d54e9720810","root"
"For FY14 EOQ/Long Lead","0","","","","0","0","","","","","","","2014-BASE_PROCUREMENT-2014-NAVY_AIRCRAFT_BA1-4-PROCUREMENT_JustificationBook_Navy_PB_2014.zzz_unzipped-PROCUREMENT_JustificationBook_Navy_PB_2014.xml","64929e2f3b423b633d4163e755851b1fd905e7aae3c16591258a0272ed89fca7","1-0f75759d45a99964f0ec9044ab6796246b28fdc067e993934f2557946b578005","0","See End Item P5A","See End Item P5A","0","0","2736-e4bfdb33dbf99c23dee1d80e18989c9f6cf18d65a5683638e8d25d54e9720810","root"
"For FY15 EOQ/Long Lead","0","","","","0","0","","","","","","","2014-BASE_PROCUREMENT-2014-NAVY_AIRCRAFT_BA1-4-PROCUREMENT_JustificationBook_Navy_PB_2014.zzz_unzipped-PROCUREMENT_JustificationBook_Navy_PB_2014.xml","64929e2f3b423b633d4163e755851b1fd905e7aae3c16591258a0272ed89fca7","2-6696ad67aad1c4792a4ba04a725f2c0d615b3bd31aafe3c4e569e8b5c6a64c2d","0","See End Item P5A","See End Item P5A","0","0","2736-e4bfdb33dbf99c23dee1d80e18989c9f6cf18d65a5683638e8d25d54e9720810","root"
"For FY16 EOQ/Long Lead","0","","","","0","0","","","","","","","2014-BASE_PROCUREMENT-2014-NAVY_AIRCRAFT_BA1-4-PROCUREMENT_JustificationBook_Navy_PB_2014.zzz_unzipped-PROCUREMENT_JustificationBook_Navy_PB_2014.xml","64929e2f3b423b633d4163e755851b1fd905e7aae3c16591258a0272ed89fca7","3-0cc754c64ed09ae4ebb3d0d3c3555fd722b5f7dcc564086f6ea5bf83736fc9ab","0","See End Item P5A","See End Item P5A","0","0","2736-e4bfdb33dbf99c23dee1d80e18989c9f6cf18d65a5683638e8d25d54e9720810","root"
"For FY17 EOQ/Long Lead","0","","","","0","0","","","","","","","2014-BASE_PROCUREMENT-2014-NAVY_AIRCRAFT_BA1-4-PROCUREMENT_JustificationBook_Navy_PB_2014.zzz_unzipped-PROCUREMENT_JustificationBook_Navy_PB_2014.xml","64929e2f3b423b633d4163e755851b1fd905e7aae3c16591258a0272ed89fca7","4-1244f0ec3b634730dd61bf617b892384882d9ba5174938d331d3b5b381cd0d20","0","See End Item P5A","See End Item P5A","0","0","2736-e4bfdb33dbf99c23dee1d80e18989c9f6cf18d65a5683638e8d25d54e9720810","root"
"EOQ/Long Lead (Prior Years)","0","364.235","","","0","0","","","","","","","2014-BASE_PROCUREMENT-2014-NAVY_AIRCRAFT_BA1-4-PROCUREMENT_JustificationBook_Navy_PB_2014.zzz_unzipped-PROCUREMENT_JustificationBook_Navy_PB_2014.xml","049cb91018f89e9c503e94cc8bbd5cb09e1075dae1b2910caf7d2d2f90fe1cc2","0-1df22c96821b355761ba3eaa1e906bb4ff733a5a9060748dc8cb0ac1a358ac92","0","See End Item P5A","See End Item P5A","0","0","2740-1d37ba23ae53ec4147711fa148bc470e47cc76fe94591636d170876ff44b473d","root"
"For FY 2013 EOQ/Long Lead","0","","","","0","0","","","","","","","2014-BASE_PROCUREMENT-2014-NAVY_AIRCRAFT_BA7-PROCUREMENT_MasterJustificationBook_Navy_PB_2014.zzz_unzipped-PROCUREMENT_MasterJustificationBook_Navy_PB_2014.xml","fc4b633568d09aa78acf18bb3a1378b7461e8def6999ee372311daf44c967cce","0-f8979605c1b6f3c69101edb03f35e236f265b0451345e5e1a0f39acc0c9b2938","0","See End Item P5A","See End Item P5A","0","0","2790-28a525ec925b821dbdd85a2797f107d85afebd099e167805689d13e76e521df3","root"
"For FY 2014 EOQ/Long Lead","0","","","","0","0","","","","","","","2014-BASE_PROCUREMENT-2014-NAVY_AIRCRAFT_BA7-PROCUREMENT_MasterJustificationBook_Navy_PB_2014.zzz_unzipped-PROCUREMENT_MasterJustificationBook_Navy_PB_2014.xml","fc4b633568d09aa78acf18bb3a1378b7461e8def6999ee372311daf44c967cce","1-775031e95f816330571e02468869baf8422f9956160eb911a2c49e1f6a82f9cb","0","See End Item P5A","See End Item P5A","0","0","2790-28a525ec925b821dbdd85a2797f107d85afebd099e167805689d13e76e521df3","root"
"For FY 2015 EOQ/Long Lead","0","","","","0","0","","","","","","","2014-BASE_PROCUREMENT-2014-NAVY_AIRCRAFT_BA7-PROCUREMENT_MasterJustificationBook_Navy_PB_2014.zzz_unzipped-PROCUREMENT_MasterJustificationBook_Navy_PB_2014.xml","fc4b633568d09aa78acf18bb3a1378b7461e8def6999ee372311daf44c967cce","2-f85425fc0d2e254c1848d571c5a8aaab6c16658a62a7c23fe2bb92e1ec6112de","0","See End Item P5A","See End Item P5A","0","0","2790-28a525ec925b821dbdd85a2797f107d85afebd099e167805689d13e76e521df3","root"
"For FY 2016 EOQ/Long Lead","0","","","","0","0","","","","","","","2014-BASE_PROCUREMENT-2014-NAVY_AIRCRAFT_BA7-PROCUREMENT_MasterJustificationBook_Navy_PB_2014.zzz_unzipped-PROCUREMENT_MasterJustificationBook_Navy_PB_2014.xml","fc4b633568d09aa78acf18bb3a1378b7461e8def6999ee372311daf44c967cce","3-ffb6761f6605053f4a53bd450c69377e260dcf4212000fc2c11213a3a9fe750a","0","See End Item P5A","See End Item P5A","0","0","2790-28a525ec925b821dbdd85a2797f107d85afebd099e167805689d13e76e521df3","root"
"For FY 2017 EOQ/Long Lead","0","","","","0","0","","","","","","","2014-BASE_PROCUREMENT-2014-NAVY_AIRCRAFT_BA7-PROCUREMENT_MasterJustificationBook_Navy_PB_2014.zzz_unzipped-PROCUREMENT_MasterJustificationBook_Navy_PB_2014.xml","fc4b633568d09aa78acf18bb3a1378b7461e8def6999ee372311daf44c967cce","4-11377868e8f79642fadcfcfca8f2cf03892a99320b98519c4ec440c30f8cba20","0","See End Item P5A","See End Item P5A","0","0","2790-28a525ec925b821dbdd85a2797f107d85afebd099e167805689d13e76e521df3","root"
"Airframe For FY 2013 EOQ/Long Lead","0","","38.984","","0","0","","","","","","","2014-BASE_PROCUREMENT-2014-NAVY_AIRCRAFT_BA7-PROCUREMENT_MasterJustificationBook_Navy_PB_2014.zzz_unzipped-PROCUREMENT_MasterJustificationBook_Navy_PB_2014.xml","1c90d81d3283c3e99adda35a80b069d543eb8eea9500f506f69fd1fd51fa4e10","0-2ab8d24c1df8d3df9128b7f3c15d0f7488e48fb4e76a0fa6001a1e428a25d678","0","See End Item P5A","See End Item P5A","25","25","2796-5c34b2e29dd18a713f63daf623361fecf13e01afd91178ddf873d7fd7bf99e3c","root"
"Airframe For FY 2014 EOQ/Long Lead","0","","3.037","54.472","0","0","","","","","","","2014-BASE_PROCUREMENT-2014-NAVY_AIRCRAFT_BA7-PROCUREMENT_MasterJustificationBook_Navy_PB_2014.zzz_unzipped-PROCUREMENT_MasterJustificationBook_Navy_PB_2014.xml","1c90d81d3283c3e99adda35a80b069d543eb8eea9500f506f69fd1fd51fa4e10","1-17c33c5bd7668c6fd283de008b79536cb22980c8eb92da56c1815c33b89adf44","0","See End Item P5A","See End Item P5A","25","25","2796-5c34b2e29dd18a713f63daf623361fecf13e01afd91178ddf873d7fd7bf99e3c","root"
"Airframe For FY 2015 EOQ/Long Lead","0","","1.961","4.047","91.031","0","","","","","","","2014-BASE_PROCUREMENT-2014-NAVY_AIRCRAFT_BA7-PROCUREMENT_MasterJustificationBook_Navy_PB_2014.zzz_unzipped-PROCUREMENT_MasterJustificationBook_Navy_PB_2014.xml","1c90d81d3283c3e99adda35a80b069d543eb8eea9500f506f69fd1fd51fa4e10","2-0d821bcf945e9aeadef6796e108b77c02e4a673662eef6acd8028de087abd262","0","See End Item P5A","See End Item P5A","25","25","2796-5c34b2e29dd18a713f63daf623361fecf13e01afd91178ddf873d7fd7bf99e3c","root"
"Airframe For FY 2016 EOQ/Long Lead","0","","2.338","3.737","3.775","0","","","","","","","2014-BASE_PROCUREMENT-2014-NAVY_AIRCRAFT_BA7-PROCUREMENT_MasterJustificationBook_Navy_PB_2014.zzz_unzipped-PROCUREMENT_MasterJustificationBook_Navy_PB_2014.xml","1c90d81d3283c3e99adda35a80b069d543eb8eea9500f506f69fd1fd51fa4e10","3-9ed0af141684ec5f7841303ac9178e50ab34f196c4417d93b0ffa3aa2f9825fe","0","See End Item P5A","See End Item P5A","25","25","2796-5c34b2e29dd18a713f63daf623361fecf13e01afd91178ddf873d7fd7bf99e3c","root"
"CC/Avionics For FY 2013 EOQ/Long Lead","0","","59","","0","0","","","","","","","2014-BASE_PROCUREMENT-2014-NAVY_AIRCRAFT_BA7-PROCUREMENT_MasterJustificationBook_Navy_PB_2014.zzz_unzipped-PROCUREMENT_MasterJustificationBook_Navy_PB_2014.xml","1c90d81d3283c3e99adda35a80b069d543eb8eea9500f506f69fd1fd51fa4e10","4-83dcf6ae0cbe9c070de7b94f505aaff096e38efd5af938995565d24092739838","0","See End Item P5A","See End Item P5A","32","32","2796-5c34b2e29dd18a713f63daf623361fecf13e01afd91178ddf873d7fd7bf99e3c","root"
"CC/Avionics For FY 2014 EOQ/Long Lead","0","","55.586","25.249","0","0","","","","","","","2014-BASE_PROCUREMENT-2014-NAVY_AIRCRAFT_BA7-PROCUREMENT_MasterJustificationBook_Navy_PB_2014.zzz_unzipped-PROCUREMENT_MasterJustificationBook_Navy_PB_2014.xml","1c90d81d3283c3e99adda35a80b069d543eb8eea9500f506f69fd1fd51fa4e10","5-a878aa7fe971f6f309725498ea92c70c9d7b806646946af78ab09e786522862d","0","See End Item P5A","See End Item P5A","32","32","2796-5c34b2e29dd18a713f63daf623361fecf13e01afd91178ddf873d7fd7bf99e3c","root"
"CC/Avionics For FY 2015 EOQ/Long Lead","0","","4.5","70.673","40.051","0","","","","","","","2014-BASE_PROCUREMENT-2014-NAVY_AIRCRAFT_BA7-PROCUREMENT_MasterJustificationBook_Navy_PB_2014.zzz_unzipped-PROCUREMENT_MasterJustificationBook_Navy_PB_2014.xml","1c90d81d3283c3e99adda35a80b069d543eb8eea9500f506f69fd1fd51fa4e10","6-12668426270679ac4d0cb3a36a44d53ceb038e703688b2dbccd6af001f579192","0","See End Item P5A","See End Item P5A","32","32","2796-5c34b2e29dd18a713f63daf623361fecf13e01afd91178ddf873d7fd7bf99e3c","root"
"CC/Avionics For FY 2016 EOQ/Long Lead","0","","4.5","2","92.396","0","","","","","","","2014-BASE_PROCUREMENT-2014-NAVY_AIRCRAFT_BA7-PROCUREMENT_MasterJustificationBook_Navy_PB_2014.zzz_unzipped-PROCUREMENT_MasterJustificationBook_Navy_PB_2014.xml","1c90d81d3283c3e99adda35a80b069d543eb8eea9500f506f69fd1fd51fa4e10","7-315f34980e96f1b4d466f2e0b2e7a2c42f19f49b71930db8628575af5fba9f70","0","See End Item P5A","See End Item P5A","32","32","2796-5c34b2e29dd18a713f63daf623361fecf13e01afd91178ddf873d7fd7bf99e3c","root"
"For FY 2013 EOQ/Long Lead","0","","","","0","0","","","","","","","2014-BASE_PROCUREMENT-2014-NAVY_AIRCRAFT_BA7-PROCUREMENT_MasterJustificationBook_Navy_PB_2014.zzz_unzipped-PROCUREMENT_MasterJustificationBook_Navy_PB_2014.xml","ea4fce3ec1135de06d7b597e5fd943b2e14d2b3f4efb262dcaf7727a24539c26","0-d7dd6e9f504021f2cfa6a09af5949aff4e5d334c62a2085db6335abe9df50507","0","See End Item P5A","See End Item P5A","0","0","2798-e088f7e29789a19846e6c341c61084d53041ae7f18bf00db12372d01e5c8790f","root"
"For FY 2014 EOQ/Long Lead","0","","","","0","0","","","","","","","2014-BASE_PROCUREMENT-2014-NAVY_AIRCRAFT_BA7-PROCUREMENT_MasterJustificationBook_Navy_PB_2014.zzz_unzipped-PROCUREMENT_MasterJustificationBook_Navy_PB_2014.xml","ea4fce3ec1135de06d7b597e5fd943b2e14d2b3f4efb262dcaf7727a24539c26","1-0acc220a9dbc460cae052e598c733abf4999e275b44ebe2cd4e6285d350cde3f","0","See End Item P5A","See End Item P5A","0","0","2798-e088f7e29789a19846e6c341c61084d53041ae7f18bf00db12372d01e5c8790f","root"
"For FY 2015 EOQ/Long Lead","0","","","","0","0","","","","","","","2014-BASE_PROCUREMENT-2014-NAVY_AIRCRAFT_BA7-PROCUREMENT_MasterJustificationBook_Navy_PB_2014.zzz_unzipped-PROCUREMENT_MasterJustificationBook_Navy_PB_2014.xml","ea4fce3ec1135de06d7b597e5fd943b2e14d2b3f4efb262dcaf7727a24539c26","2-a7c43a7d5472420a52f077a1dd64d5ddae6e1fcbdfb46ecb17ef677f6848eb04","0","See End Item P5A","See End Item P5A","0","0","2798-e088f7e29789a19846e6c341c61084d53041ae7f18bf00db12372d01e5c8790f","root"
"For FY 2016 EOQ/Long Lead","0","","","","0","0","","","","","","","2014-BASE_PROCUREMENT-2014-NAVY_AIRCRAFT_BA7-PROCUREMENT_MasterJustificationBook_Navy_PB_2014.zzz_unzipped-PROCUREMENT_MasterJustificationBook_Navy_PB_2014.xml","ea4fce3ec1135de06d7b597e5fd943b2e14d2b3f4efb262dcaf7727a24539c26","3-488ebe5d1d85d2fbe0a1e0ecafa4fdb16f4bc9257474bb0a4f1b8e23093654f0","0","See End Item P5A","See End Item P5A","0","0","2798-e088f7e29789a19846e6c341c61084d53041ae7f18bf00db12372d01e5c8790f","root"
"For FY 2017 EOQ/Long Lead","0","","","","0","0","","","","","","","2014-BASE_PROCUREMENT-2014-NAVY_AIRCRAFT_BA7-PROCUREMENT_MasterJustificationBook_Navy_PB_2014.zzz_unzipped-PROCUREMENT_MasterJustificationBook_Navy_PB_2014.xml","ea4fce3ec1135de06d7b597e5fd943b2e14d2b3f4efb262dcaf7727a24539c26","4-4ca64ad22c842bf113dadf463a3f2f9218f2ecc7da15c4b08b04b709b00d93a0","0","See End Item P5A","See End Item P5A","0","0","2798-e088f7e29789a19846e6c341c61084d53041ae7f18bf00db12372d01e5c8790f","root"
"EOQ","0","","","","20","0","","","","","","","2014-BASE_PROCUREMENT-2014-NAVY_AIRCRAFT_BA7-PROCUREMENT_MasterJustificationBook_Navy_PB_2014.zzz_unzipped-PROCUREMENT_MasterJustificationBook_Navy_PB_2014.xml","331f4e2cab57d75c268cb0cc0f51f889b76ed2c8ba621bb4d61f3e552a2f48d3","0-102fa624f0f5350c1eb549111304d5eb3bbbca335ffaaa961d7a939a1f775240","0","See End Item P5A","See End Item P5A","0","0","2804-a52c7d74400a4a88363b39ced1154bd7eb4dca90b26624e0ed8c7f30693eb982","root"
"For FY13 EOQ/Long Lead","0","","","","0","0","","","","","","","2014-BASE_PROCUREMENT-2014-NAVY_AIRCRAFT_BA7-PROCUREMENT_MasterJustificationBook_Navy_PB_2014.zzz_unzipped-PROCUREMENT_MasterJustificationBook_Navy_PB_2014.xml","1c9f6ffd331ce8f038579fa5c7414d00a50411913e693158c477bb2776944535","0-24a18458b217c38d6b0ed6a120ea0038369941ca5bf19c0c19249091b1d25fe9","0","See End Item P5A","See End Item P5A","0","0","2806-4cde371dbdeec78187d94a6e8e9e4158d0c96e2f80e9dd2e4767cf2cd6637960","root"
"For FY14 EOQ/Long Lead","0","","","","0","0","","","","","","","2014-BASE_PROCUREMENT-2014-NAVY_AIRCRAFT_BA7-PROCUREMENT_MasterJustificationBook_Navy_PB_2014.zzz_unzipped-PROCUREMENT_MasterJustificationBook_Navy_PB_2014.xml","1c9f6ffd331ce8f038579fa5c7414d00a50411913e693158c477bb2776944535","1-9408d83d093a6db8d5e48076817c98bf33468d0bb978eb94349449445686352f","0","See End Item P5A","See End Item P5A","0","0","2806-4cde371dbdeec78187d94a6e8e9e4158d0c96e2f80e9dd2e4767cf2cd6637960","root"
"For FY15 EOQ/Long Lead","0","","","","0","0","","","","","","","2014-BASE_PROCUREMENT-2014-NAVY_AIRCRAFT_BA7-PROCUREMENT_MasterJustificationBook_Navy_PB_2014.zzz_unzipped-PROCUREMENT_MasterJustificationBook_Navy_PB_2014.xml","1c9f6ffd331ce8f038579fa5c7414d00a50411913e693158c477bb2776944535","2-0428b2d6576c5ae2f36de04f0045cca829411f243d68193d9bf2e07c717cf373","0","See End Item P5A","See End Item P5A","0","0","2806-4cde371dbdeec78187d94a6e8e9e4158d0c96e2f80e9dd2e4767cf2cd6637960","root"
"For FY16 EOQ/Long Lead","0","","","","0","0","","","","","","","2014-BASE_PROCUREMENT-2014-NAVY_AIRCRAFT_BA7-PROCUREMENT_MasterJustificationBook_Navy_PB_2014.zzz_unzipped-PROCUREMENT_MasterJustificationBook_Navy_PB_2014.xml","1c9f6ffd331ce8f038579fa5c7414d00a50411913e693158c477bb2776944535","3-537a131cd43f47b7c6428652e783b849c431a0ddcd00618dd95c0952b5c4d2b2","0","See End Item P5A","See End Item P5A","0","0","2806-4cde371dbdeec78187d94a6e8e9e4158d0c96e2f80e9dd2e4767cf2cd6637960","root"
"For FY17 EOQ/Long Lead","0","","","","0","0","","","","","","","2014-BASE_PROCUREMENT-2014-NAVY_AIRCRAFT_BA7-PROCUREMENT_MasterJustificationBook_Navy_PB_2014.zzz_unzipped-PROCUREMENT_MasterJustificationBook_Navy_PB_2014.xml","1c9f6ffd331ce8f038579fa5c7414d00a50411913e693158c477bb2776944535","4-d7c8c3ae45525612ebd481ed082a39cbcf4b87c951e6013eeb532b818f3b9ac0","0","See End Item P5A","See End Item P5A","0","0","2806-4cde371dbdeec78187d94a6e8e9e4158d0c96e2f80e9dd2e4767cf2cd6637960","root"
"EOQ/Long Lead (Prior Years)","0","364.235","","","0","0","","","","","","","2014-BASE_PROCUREMENT-2014-NAVY_AIRCRAFT_BA7-PROCUREMENT_MasterJustificationBook_Navy_PB_2014.zzz_unzipped-PROCUREMENT_MasterJustificationBook_Navy_PB_2014.xml","97ef4cf3f410d224f56ae29ea98cdf2592e9fe9b3908e3df56bf826c63de8ad7","0-0b25c52794de8629760a5109014ef321fb17e2ad935b2db12c24ffc7c1f49a64","0","See End Item P5A","See End Item P5A","0","0","2810-ac642e2423d04d047887e2b4cfd9b25b5a9f9d5501441de508b6ddd959dba809","root"
