Name_val,WhenRequiredInMonths_val,Cost_AllPriorYears_TotalCost_val,Cost_PriorYear_TotalCost_val,Cost_CurrentYear_TotalCost_val,Cost_BudgetYearOne_TotalCost_val,Cost_BudgetYearOne_Quantity_val,Cost_BudgetYearTwo_TotalCost_val,Cost_BudgetYearThree_TotalCost_val,Cost_BudgetYearFour_TotalCost_val,Cost_BudgetYearFive_TotalCost_val,Cost_ToComplete_TotalCost_val,Cost_Total_TotalCost_val,@SOURCE_FILENAME,@RECORDID,@ROWID,QuantityPerAssembly_val,ManufacturerList_P10Manufacturer_Name_val,ManufacturerList_P10Manufacturer_Location_val,ManufacturerList_P10Manufacturer_InitialQuantity_TotalLeadTimeAfterOct1InMonths_val,ManufacturerList_P10Manufacturer_ReorderQuantity_TotalLeadTimeAfterOct1InMonths_val,@PARENTROWID,@PARENT
"Engines","0","156.482","55.081","50.375","64.548","","85.368","115.871","112.162","127.16","4289.291","5056.338","2013-BASE_PROCUREMENT-2013-AIRFORCE_AIRCRAFT_VOL1-JustificationBook_Air_Force_PB_2013.zzz_unzipped-JustificationBook_Air_Force_PB_2013.xml","dff12d9c9c56d1f1f59d6607af44ce23b8ed427d17b04c39d5703919f4248df7","0-1f01aeeb330423ef7833f8418ad25f9547526b63db48ed515c798f1cfe24388d","","","","","","49-3f5c1c994aee76eb20577121caecc14854047936fdb9fd8ecb56aa9ba8fc2108","root"
"AVIONICS","0","37.969","0","0","0","","0","0","0","0","0","37.969","2013-BASE_PROCUREMENT-2013-AIRFORCE_AIRCRAFT_VOL1-JustificationBook_Air_Force_PB_2013.zzz_unzipped-JustificationBook_Air_Force_PB_2013.xml","05376c175814f9b1bb89efc528da9cdaa60ea9f85e3ebccd583936337bde3172","0-53d0b415226616090b9d7592bb86c4eccc498942f357d208db1eaf7775b55988","","","","","","56-5558b607394124a6056159b085299f43174d0f794b26510c1fabc37eb861df4a","root"
"Equipment","30","130","0","0","0","","0","0","0","0","0","130","2013-BASE_PROCUREMENT-2013-AIRFORCE_AIRCRAFT_VOL1-JustificationBook_Air_Force_PB_2013.zzz_unzipped-JustificationBook_Air_Force_PB_2013.xml","5de403107085bf74fb9fd40854df952a9081ddccb6363319c405b20f72d8dc83","0-f8aedc6ed8de7f38617c3bbad3529f23b6824b3b2d9c35730fea3284020efb34","","","","","","93-30309acc4715301c257bf93ad19abd3eeb4e25a3498c67bf441c6552662c1a38","root"
"Engines","0","156.482","55.081","50.375","64.548","","85.368","115.871","112.162","127.16","4289.291","5056.338","2013-BASE_PROCUREMENT-2013-AIRFORCE_AIRCRAFT_VOL2-MasterJustificationBook_Air_Force_PB_2013.zzz_unzipped-MasterJustificationBook_Air_Force_PB_2013.xml","cb5ffa2b00d81ff49048aa9fb66ff99640bed0266e3e03ecb1f23b38bf1313ae","0-7d14378482d35f2c9ec2e22c4baa5947b668ff0eddb55047cce37fd789fc922d","","","","","","99-eeaadbbbb91d9ac58343e6620cee3d034a8a3afe946f047eea6a1d4d6080a40c","root"
"AVIONICS","0","37.969","0","0","0","","0","0","0","0","0","37.969","2013-BASE_PROCUREMENT-2013-AIRFORCE_AIRCRAFT_VOL2-MasterJustificationBook_Air_Force_PB_2013.zzz_unzipped-MasterJustificationBook_Air_Force_PB_2013.xml","83cdbed30cd2435e0ef690d322b3aa3d3dbd661f403d986c68db08c44173db9c","0-dfce4b5df6bee538b3e61be1146a7a9fd150971ca009283d4495f1fbf83bfc29","","","","","","106-8f22dd19adc753d99ddb56ceaf08660990e8f07469f5dfcde8a73a9f88130561","root"
"Equipment","30","130","0","0","0","","0","0","0","0","0","130","2013-BASE_PROCUREMENT-2013-AIRFORCE_AIRCRAFT_VOL2-MasterJustificationBook_Air_Force_PB_2013.zzz_unzipped-MasterJustificationBook_Air_Force_PB_2013.xml","9a2ba94a217d82096f332eb52ba7ddeaf76b99a2e5a89a7ed11986588d44548b","0-8251836f2bbcadd974cb31ee1ef8c3438f7371d2756ecf4d403832ff5bd5bcac","","","","","","141-f9542a973b049f9ea13b34f2b48ce965b540a225b7c4673549105b6fcc7c9303","root"
"Engines","0","156.482","55.081","50.375","64.548","","85.368","115.871","112.162","127.16","4289.291","5056.338","2013-BASE_PROCUREMENT-2013-AIRFORCE_AIRCRAFT_VOL1-MasterJustificationBook_Air_Force_PB_2013.zzz_unzipped-MasterJustificationBook_Air_Force_PB_2013.xml","8ca272206c6b30f61972a00065d737d41c09597a3caeca5dca6f8e9b4d2b639e","0-fb3eb0ba2bbb720815587774016d073032960556e62ea5a42256df40407d8e31","","","","","","147-941e082da5104938514a94262b53de956cec0d991277f6e57d147f93f201d985","root"
"AVIONICS","0","37.969","0","0","0","","0","0","0","0","0","37.969","2013-BASE_PROCUREMENT-2013-AIRFORCE_AIRCRAFT_VOL1-MasterJustificationBook_Air_Force_PB_2013.zzz_unzipped-MasterJustificationBook_Air_Force_PB_2013.xml","a81a42ae1db722058f6d5962d3234e2397b7cb620f8cd202f2f913551d1c3f6e","0-16ddaf58fc1ac0cb1c2271a86aed3cc3fee08606300a73e9b0b68ee648bc8caa","","","","","","154-bc3d9369e898b271f6a2c33331f297ad45f1395231e81c3a98174fe62cb6240d","root"
"Equipment","30","130","0","0","0","","0","0","0","0","0","130","2013-BASE_PROCUREMENT-2013-AIRFORCE_AIRCRAFT_VOL1-MasterJustificationBook_Air_Force_PB_2013.zzz_unzipped-MasterJustificationBook_Air_Force_PB_2013.xml","6d2a5a5d589018a44e3cbf52cb1c912bfc2ae7ebfa3167c185f32baeccefdb83","0-021252a9fca8b12fb25f94f57c5005b80860de5dcbbde5bbcd6b486357ba4b03","","","","","","191-a8e79eecf573de388718ed61d825e82f634cede60d09396f5ed0364b3d5f52e0","root"
"For FY 2013 EOQ/Long Lead","0","","","","0","0","","","","","","","2013-BASE_PROCUREMENT-2013-NAVY_AIRCRAFT_BA1-4-JustificationBook_Navy_PB_2013.zzz_unzipped-JustificationBook_Navy_PB_2013.xml","117c169a68235fff5682580ef1182034c5b0c336d258b4d2bc16ac17e2d2a653","0-e2e432c68de7268698894bfa547dbda6fb6e44f95d15d6a5fbd46157e725fc0e","0","","","","","1056-4b7990cc770211568a21e949bc190af3ba4661a6eaa6d238c21c37ef2e96c848","root"
"For FY 2014 EOQ/Long Lead","0","","","","0","0","","","","","","","2013-BASE_PROCUREMENT-2013-NAVY_AIRCRAFT_BA1-4-JustificationBook_Navy_PB_2013.zzz_unzipped-JustificationBook_Navy_PB_2013.xml","117c169a68235fff5682580ef1182034c5b0c336d258b4d2bc16ac17e2d2a653","1-065d50cb5774b5ba7ee0aff553fc39467d8ac4a715f4f6f351165ae3e52926c6","0","","","","","1056-4b7990cc770211568a21e949bc190af3ba4661a6eaa6d238c21c37ef2e96c848","root"
"For FY 2015 EOQ/Long Lead","0","","","","0","0","","","","","","","2013-BASE_PROCUREMENT-2013-NAVY_AIRCRAFT_BA1-4-JustificationBook_Navy_PB_2013.zzz_unzipped-JustificationBook_Navy_PB_2013.xml","117c169a68235fff5682580ef1182034c5b0c336d258b4d2bc16ac17e2d2a653","2-54794184df6fc538e285b35c8066b0f251b321ae04bfb13464f077ba00eada95","0","","","","","1056-4b7990cc770211568a21e949bc190af3ba4661a6eaa6d238c21c37ef2e96c848","root"
"For FY 2016 EOQ/Long Lead","0","","","","0","0","","","","","","","2013-BASE_PROCUREMENT-2013-NAVY_AIRCRAFT_BA1-4-JustificationBook_Navy_PB_2013.zzz_unzipped-JustificationBook_Navy_PB_2013.xml","117c169a68235fff5682580ef1182034c5b0c336d258b4d2bc16ac17e2d2a653","3-5b8e31b4b5dc82a96da3b55960401c93c6659712b4016aa4cb6deb7f9f140463","0","","","","","1056-4b7990cc770211568a21e949bc190af3ba4661a6eaa6d238c21c37ef2e96c848","root"
"For FY 2017 EOQ/Long Lead","0","","","","0","0","","","","","","","2013-BASE_PROCUREMENT-2013-NAVY_AIRCRAFT_BA1-4-JustificationBook_Navy_PB_2013.zzz_unzipped-JustificationBook_Navy_PB_2013.xml","117c169a68235fff5682580ef1182034c5b0c336d258b4d2bc16ac17e2d2a653","4-d052b70b660e95560bf7a587e1019a36aae1816fc9bf71968ce9213865453b36","0","","","","","1056-4b7990cc770211568a21e949bc190af3ba4661a6eaa6d238c21c37ef2e96c848","root"
"Airframe For FY 2013 EOQ/Long Lead","0","","","67.469","0","0","","","","","","","2013-BASE_PROCUREMENT-2013-NAVY_AIRCRAFT_BA1-4-JustificationBook_Navy_PB_2013.zzz_unzipped-JustificationBook_Navy_PB_2013.xml","b9d48f24ecf1fb0dc0353ad3f9cd91e926e2f3fda1f537c2caa93bb44b898f3b","0-64a6e7bc9dddbed75fac7945e4752db99d62e7d2b83169d128f41d146e53a75b","0","","","","","1062-9ac9175a6edc4bbd4c04ea063330135ac434f525013b0dca15add241921c09d1","root"
"Airframe For FY 2014 EOQ/Long Lead","0","","","3.037","54.472","0","","","","","","","2013-BASE_PROCUREMENT-2013-NAVY_AIRCRAFT_BA1-4-JustificationBook_Navy_PB_2013.zzz_unzipped-JustificationBook_Navy_PB_2013.xml","b9d48f24ecf1fb0dc0353ad3f9cd91e926e2f3fda1f537c2caa93bb44b898f3b","1-70f495f65c8bcba821543fdac0a9224ae915aaeb66d8fdf378e8e00ec41ba552","0","","","","","1062-9ac9175a6edc4bbd4c04ea063330135ac434f525013b0dca15add241921c09d1","root"
"Airframe For FY 2015 EOQ/Long Lead","0","","","1.961","4.047","0","","","","","","","2013-BASE_PROCUREMENT-2013-NAVY_AIRCRAFT_BA1-4-JustificationBook_Navy_PB_2013.zzz_unzipped-JustificationBook_Navy_PB_2013.xml","b9d48f24ecf1fb0dc0353ad3f9cd91e926e2f3fda1f537c2caa93bb44b898f3b","2-782a27838f21b4d3dd5ffce63cd516366b53b649a6edd50f1ff840209188c9eb","0","","","","","1062-9ac9175a6edc4bbd4c04ea063330135ac434f525013b0dca15add241921c09d1","root"
"Airframe For FY 2016 EOQ/Long Lead","0","","","2.338","3.737","0","","","","","","","2013-BASE_PROCUREMENT-2013-NAVY_AIRCRAFT_BA1-4-JustificationBook_Navy_PB_2013.zzz_unzipped-JustificationBook_Navy_PB_2013.xml","b9d48f24ecf1fb0dc0353ad3f9cd91e926e2f3fda1f537c2caa93bb44b898f3b","3-a22b7109b03482ec5b25028f1802065aaade883e434ed6188d1bfd2db170c8de","0","","","","","1062-9ac9175a6edc4bbd4c04ea063330135ac434f525013b0dca15add241921c09d1","root"
"CC/Avionics For FY 2013 EOQ/Long Lead","0","","","59.037","0","0","","","","","","","2013-BASE_PROCUREMENT-2013-NAVY_AIRCRAFT_BA1-4-JustificationBook_Navy_PB_2013.zzz_unzipped-JustificationBook_Navy_PB_2013.xml","b9d48f24ecf1fb0dc0353ad3f9cd91e926e2f3fda1f537c2caa93bb44b898f3b","4-5d3be14db40af7e8a5ae9bc7e56272f6e04ba1917a245bd2f76079c0238cd482","0","","","","","1062-9ac9175a6edc4bbd4c04ea063330135ac434f525013b0dca15add241921c09d1","root"
"CC/Avionics For FY 2014 EOQ/Long Lead","0","","","63.176","28.026","0","","","","","","","2013-BASE_PROCUREMENT-2013-NAVY_AIRCRAFT_BA1-4-JustificationBook_Navy_PB_2013.zzz_unzipped-JustificationBook_Navy_PB_2013.xml","b9d48f24ecf1fb0dc0353ad3f9cd91e926e2f3fda1f537c2caa93bb44b898f3b","5-0d2387fda5d7bc2df0e1f907f890b03c79220eae140a19ed96dcb9ba82ea3c2b","0","","","","","1062-9ac9175a6edc4bbd4c04ea063330135ac434f525013b0dca15add241921c09d1","root"
"CC/Avionics For FY 2015 EOQ/Long Lead","0","","","4.5","91.314","0","","","","","","","2013-BASE_PROCUREMENT-2013-NAVY_AIRCRAFT_BA1-4-JustificationBook_Navy_PB_2013.zzz_unzipped-JustificationBook_Navy_PB_2013.xml","b9d48f24ecf1fb0dc0353ad3f9cd91e926e2f3fda1f537c2caa93bb44b898f3b","6-cd46e4aef3deb590602bc7d2970ca714b884d715df9a16035b84cf9a9409c38f","0","","","","","1062-9ac9175a6edc4bbd4c04ea063330135ac434f525013b0dca15add241921c09d1","root"
"CC/Avionics For FY 2016 EOQ/Long Lead","0","","","4.5","2","0","","","","","","","2013-BASE_PROCUREMENT-2013-NAVY_AIRCRAFT_BA1-4-JustificationBook_Navy_PB_2013.zzz_unzipped-JustificationBook_Navy_PB_2013.xml","b9d48f24ecf1fb0dc0353ad3f9cd91e926e2f3fda1f537c2caa93bb44b898f3b","7-ad8a6a99e878221c7e2d4b90f8b380e4e67040a25d00c7b7a125b2034a66e2ab","0","","","","","1062-9ac9175a6edc4bbd4c04ea063330135ac434f525013b0dca15add241921c09d1","root"
"For FY 2013 EOQ/Long Lead","0","","","","0","0","","","","","","","2013-BASE_PROCUREMENT-2013-NAVY_AIRCRAFT_BA1-4-JustificationBook_Navy_PB_2013.zzz_unzipped-JustificationBook_Navy_PB_2013.xml","62ca14cc634acb0c901935df39de84860d1f64314c02973b24f410208b3cf78e","0-ec7832a38693ff878bb300933188a9860145a3d6e734863958b486105c62455c","0","","","","","1064-51604d05cec01ce9165e1ad52d8590f85a6f8ec8e408dc963349bb33e710fef0","root"
"For FY 2014 EOQ/Long Lead","0","","","","0","0","","","","","","","2013-BASE_PROCUREMENT-2013-NAVY_AIRCRAFT_BA1-4-JustificationBook_Navy_PB_2013.zzz_unzipped-JustificationBook_Navy_PB_2013.xml","62ca14cc634acb0c901935df39de84860d1f64314c02973b24f410208b3cf78e","1-3387d3834777b9305425832eabfe80bc577b22cf52a9df68816443df4bc83b51","0","","","","","1064-51604d05cec01ce9165e1ad52d8590f85a6f8ec8e408dc963349bb33e710fef0","root"
"For FY 2015 EOQ/Long Lead","0","","","","0","0","","","","","","","2013-BASE_PROCUREMENT-2013-NAVY_AIRCRAFT_BA1-4-JustificationBook_Navy_PB_2013.zzz_unzipped-JustificationBook_Navy_PB_2013.xml","62ca14cc634acb0c901935df39de84860d1f64314c02973b24f410208b3cf78e","2-99b8448848f415ae6fdb566a443b918edefd56b22f778e3d1d38f03a2e1be754","0","","","","","1064-51604d05cec01ce9165e1ad52d8590f85a6f8ec8e408dc963349bb33e710fef0","root"
"For FY 2016 EOQ/Long Lead","0","","","","0","0","","","","","","","2013-BASE_PROCUREMENT-2013-NAVY_AIRCRAFT_BA1-4-JustificationBook_Navy_PB_2013.zzz_unzipped-JustificationBook_Navy_PB_2013.xml","62ca14cc634acb0c901935df39de84860d1f64314c02973b24f410208b3cf78e","3-9d6ad341f00a40e500922ec09dba1c4ca5dda74409bfb8a3a1007addf3e12da4","0","","","","","1064-51604d05cec01ce9165e1ad52d8590f85a6f8ec8e408dc963349bb33e710fef0","root"
"For FY 2017 EOQ/Long Lead","0","","","","0","0","","","","","","","2013-BASE_PROCUREMENT-2013-NAVY_AIRCRAFT_BA1-4-JustificationBook_Navy_PB_2013.zzz_unzipped-JustificationBook_Navy_PB_2013.xml","62ca14cc634acb0c901935df39de84860d1f64314c02973b24f410208b3cf78e","4-ac731ad18d1785a2bcffdc50cbeb038586665e472056a3af192129da78fe7bbb","0","","","","","1064-51604d05cec01ce9165e1ad52d8590f85a6f8ec8e408dc963349bb33e710fef0","root"
"Prior Years EOQ/Long Lead","0","538.598","","","0","0","","","","","","","2013-BASE_PROCUREMENT-2013-NAVY_AIRCRAFT_BA1-4-JustificationBook_Navy_PB_2013.zzz_unzipped-JustificationBook_Navy_PB_2013.xml","c58f3e1b9e38e357fc3c36cb6204a5182b2e132e43a0c2e90cc87c9d07cd04f0","0-706359bcaa15a1b6ac0143cae9faf74b1c2aad448984c3c627783d50ed8ba292","1","","","","","1066-3a835c097196ac78f3bcf2e9e6909d9e5be31e55723f28c57d7da0fc2f96cf01","root"
"For FY13 EOQ/Long Lead","0","","","","0","0","","","","","","","2013-BASE_PROCUREMENT-2013-NAVY_AIRCRAFT_BA1-4-JustificationBook_Navy_PB_2013.zzz_unzipped-JustificationBook_Navy_PB_2013.xml","35ba065fc15348b04ce24529e69be9f99c6cbf65b10c2c0aa5e1f211a03d3de7","0-eb7615017249de388c0459b0fc3f9e6903c610539c6cdef04f03eed7562dd90a","0","","","","","1072-e4e19a0ce9b2466111ad8b39bb8ec6957749f2f7ac471aa639c9ba44b42893a6","root"
"For FY14 EOQ/Long Lead","0","","","","0","0","","","","","","","2013-BASE_PROCUREMENT-2013-NAVY_AIRCRAFT_BA1-4-JustificationBook_Navy_PB_2013.zzz_unzipped-JustificationBook_Navy_PB_2013.xml","35ba065fc15348b04ce24529e69be9f99c6cbf65b10c2c0aa5e1f211a03d3de7","1-bd7002758f793feab875d00d60654f15432c8bfe780335f5fcb16a0eb5f71c96","0","","","","","1072-e4e19a0ce9b2466111ad8b39bb8ec6957749f2f7ac471aa639c9ba44b42893a6","root"
"For FY15 EOQ/Long Lead","0","","","","0","0","","","","","","","2013-BASE_PROCUREMENT-2013-NAVY_AIRCRAFT_BA1-4-JustificationBook_Navy_PB_2013.zzz_unzipped-JustificationBook_Navy_PB_2013.xml","35ba065fc15348b04ce24529e69be9f99c6cbf65b10c2c0aa5e1f211a03d3de7","2-2a33da0acde86065628c434f6f3f3f1b266a70443fad15c8fb71b3e810cbc209","0","","","","","1072-e4e19a0ce9b2466111ad8b39bb8ec6957749f2f7ac471aa639c9ba44b42893a6","root"
"For FY16 EOQ/Long Lead","0","","","","0","0","","","","","","","2013-BASE_PROCUREMENT-2013-NAVY_AIRCRAFT_BA1-4-JustificationBook_Navy_PB_2013.zzz_unzipped-JustificationBook_Navy_PB_2013.xml","35ba065fc15348b04ce24529e69be9f99c6cbf65b10c2c0aa5e1f211a03d3de7","3-5dab2d2e20675b97156b035362bc2b070c70f8cac9c05959e9ea54a44f687d52","0","","","","","1072-e4e19a0ce9b2466111ad8b39bb8ec6957749f2f7ac471aa639c9ba44b42893a6","root"
"For FY17 EOQ/Long Lead","0","","","","0","0","","","","","","","2013-BASE_PROCUREMENT-2013-NAVY_AIRCRAFT_BA1-4-JustificationBook_Navy_PB_2013.zzz_unzipped-JustificationBook_Navy_PB_2013.xml","35ba065fc15348b04ce24529e69be9f99c6cbf65b10c2c0aa5e1f211a03d3de7","4-4624518e609a8ef0bf5bfdca51d64631a63b0ede901ea0ab893c60d9487d16a3","0","","","","","1072-e4e19a0ce9b2466111ad8b39bb8ec6957749f2f7ac471aa639c9ba44b42893a6","root"
"EOQ/Long Lead (Prior Years)","0","364.235","","","0","0","","","","","","","2013-BASE_PROCUREMENT-2013-NAVY_AIRCRAFT_BA1-4-JustificationBook_Navy_PB_2013.zzz_unzipped-JustificationBook_Navy_PB_2013.xml","726c637195c83e4c0a7ae20346d13ed0b7692dc152694d77e984d871c4d21a8a","0-eaadf4d14ababc0e458aa9eaf0c7fc9e9681e6beda7d23c520a12fc8445f690c","0","","","","","1075-1ecbea3ff80cf5c10bd1bd9e647f96be03811299cb2a2f3a8a6e14b1690b0fc7","root"
"For FY 11 EOQ/Long Lead","0","138.236","","","0","0","","","","","","","2013-BASE_PROCUREMENT-2013-NAVY_AIRCRAFT_BA1-4-JustificationBook_Navy_PB_2013.zzz_unzipped-JustificationBook_Navy_PB_2013.xml","88900f9fefa8c2efa538b7df0981031e5954f9d461c6376f83fc0b897746a2a5","0-7a01301554f4dcd8fdbd0c46d83b52407aefa247751cd234b82cd10f4d8e3de5","0","","","","","1081-e47c9f136696e9ef759f1debb39743a95b28b440587f479b0f966b4d0c94e19c","root"
"For FY 12 EOQ/Long Lead","0","58.869","73.098","","0","0","","","","","","","2013-BASE_PROCUREMENT-2013-NAVY_AIRCRAFT_BA1-4-JustificationBook_Navy_PB_2013.zzz_unzipped-JustificationBook_Navy_PB_2013.xml","88900f9fefa8c2efa538b7df0981031e5954f9d461c6376f83fc0b897746a2a5","1-ce581439554fcb3c87b91434a43104b87c3a89561816d3300ba9253ae1e790b2","0","","","","","1081-e47c9f136696e9ef759f1debb39743a95b28b440587f479b0f966b4d0c94e19c","root"
"For FY 13 EOQ/Long Lead","0","","","59.073","0","0","","","","","","","2013-BASE_PROCUREMENT-2013-NAVY_AIRCRAFT_BA1-4-JustificationBook_Navy_PB_2013.zzz_unzipped-JustificationBook_Navy_PB_2013.xml","88900f9fefa8c2efa538b7df0981031e5954f9d461c6376f83fc0b897746a2a5","2-2c48fdeceb73c4ac8a0dad16175efb0bd4ed069ef88ce6475f9d599a3a8626f7","0","","","","","1081-e47c9f136696e9ef759f1debb39743a95b28b440587f479b0f966b4d0c94e19c","root"
"For FY 14 EOQ/Long Lead","0","","","","64.798","0","","","","","","","2013-BASE_PROCUREMENT-2013-NAVY_AIRCRAFT_BA1-4-JustificationBook_Navy_PB_2013.zzz_unzipped-JustificationBook_Navy_PB_2013.xml","88900f9fefa8c2efa538b7df0981031e5954f9d461c6376f83fc0b897746a2a5","3-f915c88bdfe2154a9d57f6b6fd738edf9a589b0f3835b227f6bc918ee1866132","0","","","","","1081-e47c9f136696e9ef759f1debb39743a95b28b440587f479b0f966b4d0c94e19c","root"
"For FY 15 EOQ/Long Lead","0","","","","31.756","0","","","","","","","2013-BASE_PROCUREMENT-2013-NAVY_AIRCRAFT_BA1-4-JustificationBook_Navy_PB_2013.zzz_unzipped-JustificationBook_Navy_PB_2013.xml","88900f9fefa8c2efa538b7df0981031e5954f9d461c6376f83fc0b897746a2a5","4-fd9c0b8d7aa5544b48cc5c7b2b9a52c7654b767ea5ce7109787a635c815d3a95","0","","","","","1081-e47c9f136696e9ef759f1debb39743a95b28b440587f479b0f966b4d0c94e19c","root"
"For FY 16 EOQ/Long Lead","0","","","","29.601","0","","","","","","","2013-BASE_PROCUREMENT-2013-NAVY_AIRCRAFT_BA1-4-JustificationBook_Navy_PB_2013.zzz_unzipped-JustificationBook_Navy_PB_2013.xml","88900f9fefa8c2efa538b7df0981031e5954f9d461c6376f83fc0b897746a2a5","5-7361e433aa848d9471561c1bb849dffd7de71ac062e19add6cd2ed58b14adaef","0","","","","","1081-e47c9f136696e9ef759f1debb39743a95b28b440587f479b0f966b4d0c94e19c","root"
"For FY 17 EOQ/Long Lead","0","","","","22.324","0","","","","","","","2013-BASE_PROCUREMENT-2013-NAVY_AIRCRAFT_BA1-4-JustificationBook_Navy_PB_2013.zzz_unzipped-JustificationBook_Navy_PB_2013.xml","88900f9fefa8c2efa538b7df0981031e5954f9d461c6376f83fc0b897746a2a5","6-4d5e10c05c3d4958d592c2efb12ef43535b3660007af953c76893d4050f5b034","0","","","","","1081-e47c9f136696e9ef759f1debb39743a95b28b440587f479b0f966b4d0c94e19c","root"
"For FY 2013 EOQ/Long Lead","0","","","","0","0","","","","","","","2013-BASE_PROCUREMENT-2013-NAVY_AIRCRAFT_BA7-MasterJustificationBook_Navy_PB_2013.zzz_unzipped-MasterJustificationBook_Navy_PB_2013.xml","fc4ad63a37f11443d049b6c774a2c3a61b497f69db08ea5c5de15e3106a0de6f","0-d2cf4ece1dd29d66af1a7a31b57978dff8f95786ad010871294e2e58831b22b7","0","","","","","1083-8a941280e10b646dd89d4fcd2ac961bfcda40541b38ae43314024d112391a77d","root"
"For FY 2014 EOQ/Long Lead","0","","","","0","0","","","","","","","2013-BASE_PROCUREMENT-2013-NAVY_AIRCRAFT_BA7-MasterJustificationBook_Navy_PB_2013.zzz_unzipped-MasterJustificationBook_Navy_PB_2013.xml","fc4ad63a37f11443d049b6c774a2c3a61b497f69db08ea5c5de15e3106a0de6f","1-b28099e1973555d3cc256388a23dc9f5f01c0168449a5e24ffa1c29274d4edbf","0","","","","","1083-8a941280e10b646dd89d4fcd2ac961bfcda40541b38ae43314024d112391a77d","root"
"For FY 2015 EOQ/Long Lead","0","","","","0","0","","","","","","","2013-BASE_PROCUREMENT-2013-NAVY_AIRCRAFT_BA7-MasterJustificationBook_Navy_PB_2013.zzz_unzipped-MasterJustificationBook_Navy_PB_2013.xml","fc4ad63a37f11443d049b6c774a2c3a61b497f69db08ea5c5de15e3106a0de6f","2-aac703de8daaba141b7edfebbbcf03765990349973d29e1cf367367feaa5ea24","0","","","","","1083-8a941280e10b646dd89d4fcd2ac961bfcda40541b38ae43314024d112391a77d","root"
"For FY 2016 EOQ/Long Lead","0","","","","0","0","","","","","","","2013-BASE_PROCUREMENT-2013-NAVY_AIRCRAFT_BA7-MasterJustificationBook_Navy_PB_2013.zzz_unzipped-MasterJustificationBook_Navy_PB_2013.xml","fc4ad63a37f11443d049b6c774a2c3a61b497f69db08ea5c5de15e3106a0de6f","3-183da4afb4551c8fb5d8c263fb914501825474b0dfb3bf743303ad0de6ad1106","0","","","","","1083-8a941280e10b646dd89d4fcd2ac961bfcda40541b38ae43314024d112391a77d","root"
"For FY 2017 EOQ/Long Lead","0","","","","0","0","","","","","","","2013-BASE_PROCUREMENT-2013-NAVY_AIRCRAFT_BA7-MasterJustificationBook_Navy_PB_2013.zzz_unzipped-MasterJustificationBook_Navy_PB_2013.xml","fc4ad63a37f11443d049b6c774a2c3a61b497f69db08ea5c5de15e3106a0de6f","4-e3cfbebc993e9a6f9dca78098f4126b23a71d83c8ce49e4056e40f76c27fc23d","0","","","","","1083-8a941280e10b646dd89d4fcd2ac961bfcda40541b38ae43314024d112391a77d","root"
"Airframe For FY 2013 EOQ/Long Lead","0","","","67.469","0","0","","","","","","","2013-BASE_PROCUREMENT-2013-NAVY_AIRCRAFT_BA7-MasterJustificationBook_Navy_PB_2013.zzz_unzipped-MasterJustificationBook_Navy_PB_2013.xml","6b43da5773fdddd6745e6a9177c3b5322c6d5d599a05e656a65c474843726605","0-eb7324b33de9ca86fd0f1f31367aad30cb042fdd67d1cdda611335029ccf5ed2","0","","","","","1089-c2c5139643e8cb1a3c96530059d0e54bed2c9555393701bd596b588e62356af7","root"
"Airframe For FY 2014 EOQ/Long Lead","0","","","3.037","54.472","0","","","","","","","2013-BASE_PROCUREMENT-2013-NAVY_AIRCRAFT_BA7-MasterJustificationBook_Navy_PB_2013.zzz_unzipped-MasterJustificationBook_Navy_PB_2013.xml","6b43da5773fdddd6745e6a9177c3b5322c6d5d599a05e656a65c474843726605","1-5b41a2c92db79588c731bc03226bd2eaa1662fa1ed6e729ef69c16ff337ab29b","0","","","","","1089-c2c5139643e8cb1a3c96530059d0e54bed2c9555393701bd596b588e62356af7","root"
"Airframe For FY 2015 EOQ/Long Lead","0","","","1.961","4.047","0","","","","","","","2013-BASE_PROCUREMENT-2013-NAVY_AIRCRAFT_BA7-MasterJustificationBook_Navy_PB_2013.zzz_unzipped-MasterJustificationBook_Navy_PB_2013.xml","6b43da5773fdddd6745e6a9177c3b5322c6d5d599a05e656a65c474843726605","2-fb6c4959dd8a01d5d5453221c3fadcfe6e8d00e4c6ccc3eac42fc3815fdde7cd","0","","","","","1089-c2c5139643e8cb1a3c96530059d0e54bed2c9555393701bd596b588e62356af7","root"
"Airframe For FY 2016 EOQ/Long Lead","0","","","2.338","3.737","0","","","","","","","2013-BASE_PROCUREMENT-2013-NAVY_AIRCRAFT_BA7-MasterJustificationBook_Navy_PB_2013.zzz_unzipped-MasterJustificationBook_Navy_PB_2013.xml","6b43da5773fdddd6745e6a9177c3b5322c6d5d599a05e656a65c474843726605","3-0b631d7b9163e88d0db86d3806f4c883c40319be29a2efc835e4be31def320f2","0","","","","","1089-c2c5139643e8cb1a3c96530059d0e54bed2c9555393701bd596b588e62356af7","root"
"CC/Avionics For FY 2013 EOQ/Long Lead","0","","","59.037","0","0","","","","","","","2013-BASE_PROCUREMENT-2013-NAVY_AIRCRAFT_BA7-MasterJustificationBook_Navy_PB_2013.zzz_unzipped-MasterJustificationBook_Navy_PB_2013.xml","6b43da5773fdddd6745e6a9177c3b5322c6d5d599a05e656a65c474843726605","4-edface04d62461766c1c2c02abc30b86d142c59cddb700b9d5de94ca6ea6d3f8","0","","","","","1089-c2c5139643e8cb1a3c96530059d0e54bed2c9555393701bd596b588e62356af7","root"
"CC/Avionics For FY 2014 EOQ/Long Lead","0","","","63.176","28.026","0","","","","","","","2013-BASE_PROCUREMENT-2013-NAVY_AIRCRAFT_BA7-MasterJustificationBook_Navy_PB_2013.zzz_unzipped-MasterJustificationBook_Navy_PB_2013.xml","6b43da5773fdddd6745e6a9177c3b5322c6d5d599a05e656a65c474843726605","5-643507d87fff0e8153b2b8b09f8b6c36735fc8fc5f7065a9ed261dec85f3323d","0","","","","","1089-c2c5139643e8cb1a3c96530059d0e54bed2c9555393701bd596b588e62356af7","root"
"CC/Avionics For FY 2015 EOQ/Long Lead","0","","","4.5","91.314","0","","","","","","","2013-BASE_PROCUREMENT-2013-NAVY_AIRCRAFT_BA7-MasterJustificationBook_Navy_PB_2013.zzz_unzipped-MasterJustificationBook_Navy_PB_2013.xml","6b43da5773fdddd6745e6a9177c3b5322c6d5d599a05e656a65c474843726605","6-3df23a6f4923b905ffbc56dcaa299ef6f2c0a451c2d07a7d217afcdda500a9e6","0","","","","","1089-c2c5139643e8cb1a3c96530059d0e54bed2c9555393701bd596b588e62356af7","root"
"CC/Avionics For FY 2016 EOQ/Long Lead","0","","","4.5","2","0","","","","","","","2013-BASE_PROCUREMENT-2013-NAVY_AIRCRAFT_BA7-MasterJustificationBook_Navy_PB_2013.zzz_unzipped-MasterJustificationBook_Navy_PB_2013.xml","6b43da5773fdddd6745e6a9177c3b5322c6d5d599a05e656a65c474843726605","7-9b16d7674a6e64bbd853c2d0bff4dc8681756e8681152636efdd6a12f8c75c1e","0","","","","","1089-c2c5139643e8cb1a3c96530059d0e54bed2c9555393701bd596b588e62356af7","root"
"For FY 2013 EOQ/Long Lead","0","","","","0","0","","","","","","","2013-BASE_PROCUREMENT-2013-NAVY_AIRCRAFT_BA7-MasterJustificationBook_Navy_PB_2013.zzz_unzipped-MasterJustificationBook_Navy_PB_2013.xml","a239252c2db994d3d59f63231ca3c22a219233e70e30c14c66a0ba0cdfbe6d4f","0-d754dc6c54d645ad0563b2395e1cfd9cebd05dc7f9f844242869ac93289c3a2c","0","","","","","1091-217df2fcb63afab234ae3057eb52649b9930e37a7dc8d891ae8cfe52c05f4204","root"
"For FY 2014 EOQ/Long Lead","0","","","","0","0","","","","","","","2013-BASE_PROCUREMENT-2013-NAVY_AIRCRAFT_BA7-MasterJustificationBook_Navy_PB_2013.zzz_unzipped-MasterJustificationBook_Navy_PB_2013.xml","a239252c2db994d3d59f63231ca3c22a219233e70e30c14c66a0ba0cdfbe6d4f","1-00c3293089c2a7dfe18c4c7907fe7b2e67e66f211a8980865bedce6f2717672f","0","","","","","1091-217df2fcb63afab234ae3057eb52649b9930e37a7dc8d891ae8cfe52c05f4204","root"
"For FY 2015 EOQ/Long Lead","0","","","","0","0","","","","","","","2013-BASE_PROCUREMENT-2013-NAVY_AIRCRAFT_BA7-MasterJustificationBook_Navy_PB_2013.zzz_unzipped-MasterJustificationBook_Navy_PB_2013.xml","a239252c2db994d3d59f63231ca3c22a219233e70e30c14c66a0ba0cdfbe6d4f","2-ab1eabc45a9fe529e766cd49358cb5cf42bf12500b65481f714f12f157787a79","0","","","","","1091-217df2fcb63afab234ae3057eb52649b9930e37a7dc8d891ae8cfe52c05f4204","root"
"For FY 2016 EOQ/Long Lead","0","","","","0","0","","","","","","","2013-BASE_PROCUREMENT-2013-NAVY_AIRCRAFT_BA7-MasterJustificationBook_Navy_PB_2013.zzz_unzipped-MasterJustificationBook_Navy_PB_2013.xml","a239252c2db994d3d59f63231ca3c22a219233e70e30c14c66a0ba0cdfbe6d4f","3-4a84591710c399c71e4e9a6c12e38b7afa8f8292aaa0db455c1b759346f6ca9d","0","","","","","1091-217df2fcb63afab234ae3057eb52649b9930e37a7dc8d891ae8cfe52c05f4204","root"
"For FY 2017 EOQ/Long Lead","0","","","","0","0","","","","","","","2013-BASE_PROCUREMENT-2013-NAVY_AIRCRAFT_BA7-MasterJustificationBook_Navy_PB_2013.zzz_unzipped-MasterJustificationBook_Navy_PB_2013.xml","a239252c2db994d3d59f63231ca3c22a219233e70e30c14c66a0ba0cdfbe6d4f","4-9996451b3b447bafcbc16b46b62b027132fcd0890342ae46f53680b12887c7cf","0","","","","","1091-217df2fcb63afab234ae3057eb52649b9930e37a7dc8d891ae8cfe52c05f4204","root"
"Prior Years EOQ/Long Lead","0","538.598","","","0","0","","","","","","","2013-BASE_PROCUREMENT-2013-NAVY_AIRCRAFT_BA7-MasterJustificationBook_Navy_PB_2013.zzz_unzipped-MasterJustificationBook_Navy_PB_2013.xml","f574b404c7e4bb0b9eaa9bd06310ba954fd8383396e28c51365d22c8228792d8","0-d0f26769663c2f59f4891ece61b5874e4ff01b9a5f43b2fb068adecf17f06e11","1","","","","","1093-3b1e46acafb75c9fea6fd7d3656d31c706f0c1eae124af6397dc203b6549cf5d","root"
"For FY13 EOQ/Long Lead","0","","","","0","0","","","","","","","2013-BASE_PROCUREMENT-2013-NAVY_AIRCRAFT_BA7-MasterJustificationBook_Navy_PB_2013.zzz_unzipped-MasterJustificationBook_Navy_PB_2013.xml","a2cf9a9f7e41de0e4e8e70c616aab683dbff4c199053caf8b648f74fa8d86680","0-187e6bc1059c9494d12b4c006d383f4f0eda11b97e4097b949289613a1adae4a","0","","","","","1099-f8fc69f61c5f0550b0eaa757f6a056f462f85d7296beba322a2526797c77392f","root"
"For FY14 EOQ/Long Lead","0","","","","0","0","","","","","","","2013-BASE_PROCUREMENT-2013-NAVY_AIRCRAFT_BA7-MasterJustificationBook_Navy_PB_2013.zzz_unzipped-MasterJustificationBook_Navy_PB_2013.xml","a2cf9a9f7e41de0e4e8e70c616aab683dbff4c199053caf8b648f74fa8d86680","1-35ec2f548fb3cbd11260b7d63efa7f20a1a4bd274c0d93dce79154514a5d84e9","0","","","","","1099-f8fc69f61c5f0550b0eaa757f6a056f462f85d7296beba322a2526797c77392f","root"
"For FY15 EOQ/Long Lead","0","","","","0","0","","","","","","","2013-BASE_PROCUREMENT-2013-NAVY_AIRCRAFT_BA7-MasterJustificationBook_Navy_PB_2013.zzz_unzipped-MasterJustificationBook_Navy_PB_2013.xml","a2cf9a9f7e41de0e4e8e70c616aab683dbff4c199053caf8b648f74fa8d86680","2-da5a5b894a9b7cb0a85aabe912cd0be44b437a7d5887423138a7b53f5e2af538","0","","","","","1099-f8fc69f61c5f0550b0eaa757f6a056f462f85d7296beba322a2526797c77392f","root"
"For FY16 EOQ/Long Lead","0","","","","0","0","","","","","","","2013-BASE_PROCUREMENT-2013-NAVY_AIRCRAFT_BA7-MasterJustificationBook_Navy_PB_2013.zzz_unzipped-MasterJustificationBook_Navy_PB_2013.xml","a2cf9a9f7e41de0e4e8e70c616aab683dbff4c199053caf8b648f74fa8d86680","3-eebe38a9b07257992a9bfce2d701e427a156b148c65f023b80a5599bc7ca0c89","0","","","","","1099-f8fc69f61c5f0550b0eaa757f6a056f462f85d7296beba322a2526797c77392f","root"
"For FY17 EOQ/Long Lead","0","","","","0","0","","","","","","","2013-BASE_PROCUREMENT-2013-NAVY_AIRCRAFT_BA7-MasterJustificationBook_Navy_PB_2013.zzz_unzipped-MasterJustificationBook_Navy_PB_2013.xml","a2cf9a9f7e41de0e4e8e70c616aab683dbff4c199053caf8b648f74fa8d86680","4-e77f4e7ab6aeddba8e2334c654c6880e8fb9b5e780a429f0af2e113e955e86da","0","","","","","1099-f8fc69f61c5f0550b0eaa757f6a056f462f85d7296beba322a2526797c77392f","root"
"EOQ/Long Lead (Prior Years)","0","364.235","","","0","0","","","","","","","2013-BASE_PROCUREMENT-2013-NAVY_AIRCRAFT_BA7-MasterJustificationBook_Navy_PB_2013.zzz_unzipped-MasterJustificationBook_Navy_PB_2013.xml","e21141c5bdc26da71ac5ea984451900c0d04cdb459ada4454fef17e3e0d037e3","0-1049a99595d0dcb6420a0e2c45a79d9e909e4a54f46ff5b5921570d769c3c260","0","","","","","1102-e71caaf28a8c102cd66acba4e7804617325e4de5bb98a620d80cdac6597a5995","root"
"For FY 11 EOQ/Long Lead","0","138.236","","","0","0","","","","","","","2013-BASE_PROCUREMENT-2013-NAVY_AIRCRAFT_BA7-MasterJustificationBook_Navy_PB_2013.zzz_unzipped-MasterJustificationBook_Navy_PB_2013.xml","7597bbdd4d25ec92c5844fecacfdaaaa10c12e15befbde6f7b81db23360e002e","0-141c3337b3763ac5429fe6821cb4af65e2335fbbe3f5a1e4050936b9dd5ec252","0","","","","","1108-da87b738724d17a2825176bc3f2d836a8413f37ec9ea6da28af2df3e960108c1","root"
"For FY 12 EOQ/Long Lead","0","58.869","73.098","","0","0","","","","","","","2013-BASE_PROCUREMENT-2013-NAVY_AIRCRAFT_BA7-MasterJustificationBook_Navy_PB_2013.zzz_unzipped-MasterJustificationBook_Navy_PB_2013.xml","7597bbdd4d25ec92c5844fecacfdaaaa10c12e15befbde6f7b81db23360e002e","1-fe965cdb9ed100ed76861f89dd97b37a9187b708a6651a83646c2585cd82cc2d","0","","","","","1108-da87b738724d17a2825176bc3f2d836a8413f37ec9ea6da28af2df3e960108c1","root"
"For FY 13 EOQ/Long Lead","0","","","59.073","0","0","","","","","","","2013-BASE_PROCUREMENT-2013-NAVY_AIRCRAFT_BA7-MasterJustificationBook_Navy_PB_2013.zzz_unzipped-MasterJustificationBook_Navy_PB_2013.xml","7597bbdd4d25ec92c5844fecacfdaaaa10c12e15befbde6f7b81db23360e002e","2-0a7f09c557393f1c6dec883e92331c00c9f712106820fcc8d7426f83cb5d5fab","0","","","","","1108-da87b738724d17a2825176bc3f2d836a8413f37ec9ea6da28af2df3e960108c1","root"
"For FY 14 EOQ/Long Lead","0","","","","64.798","0","","","","","","","2013-BASE_PROCUREMENT-2013-NAVY_AIRCRAFT_BA7-MasterJustificationBook_Navy_PB_2013.zzz_unzipped-MasterJustificationBook_Navy_PB_2013.xml","7597bbdd4d25ec92c5844fecacfdaaaa10c12e15befbde6f7b81db23360e002e","3-d600549173297c023243812a33f885b61003e84f528f16fa5a8f5cc84c7cc0a8","0","","","","","1108-da87b738724d17a2825176bc3f2d836a8413f37ec9ea6da28af2df3e960108c1","root"
"For FY 15 EOQ/Long Lead","0","","","","31.756","0","","","","","","","2013-BASE_PROCUREMENT-2013-NAVY_AIRCRAFT_BA7-MasterJustificationBook_Navy_PB_2013.zzz_unzipped-MasterJustificationBook_Navy_PB_2013.xml","7597bbdd4d25ec92c5844fecacfdaaaa10c12e15befbde6f7b81db23360e002e","4-7f3d3533b00e8708d562bcd80be693f470aba27507d1b5117cdbbda941d0ced8","0","","","","","1108-da87b738724d17a2825176bc3f2d836a8413f37ec9ea6da28af2df3e960108c1","root"
"For FY 16 EOQ/Long Lead","0","","","","29.601","0","","","","","","","2013-BASE_PROCUREMENT-2013-NAVY_AIRCRAFT_BA7-MasterJustificationBook_Navy_PB_2013.zzz_unzipped-MasterJustificationBook_Navy_PB_2013.xml","7597bbdd4d25ec92c5844fecacfdaaaa10c12e15befbde6f7b81db23360e002e","5-742a180b4487566bd3df94465e21397472b8ee7fa23f16548027857267a068ed","0","","","","","1108-da87b738724d17a2825176bc3f2d836a8413f37ec9ea6da28af2df3e960108c1","root"
"For FY 17 EOQ/Long Lead","0","","","","22.324","0","","","","","","","2013-BASE_PROCUREMENT-2013-NAVY_AIRCRAFT_BA7-MasterJustificationBook_Navy_PB_2013.zzz_unzipped-MasterJustificationBook_Navy_PB_2013.xml","7597bbdd4d25ec92c5844fecacfdaaaa10c12e15befbde6f7b81db23360e002e","6-82763abbdfcd445e7c5e5a3ab62e09817f777657140c8eb7c0c77fc765193ea7","0","","","","","1108-da87b738724d17a2825176bc3f2d836a8413f37ec9ea6da28af2df3e960108c1","root"
"Engines","0","220.776","50.375","64.548","80.032","","106.215","112.162","127.16","129.449","4093.728","4984.445","2014-BASE_PROCUREMENT-2014-AIRFORCE_AIRCRAFT_VOL1-PROCUREMENT_JustificationBook_Air_Force_PB_2014.zzz_unzipped-PROCUREMENT_JustificationBook_Air_Force_PB_2014.xml","9b61234d81d63166f24ad258b5e55dffeec409e2dd27bb2645028bc0cc61d668","0-37747e5830f11f1658b7274b65dc2a77828eb435c51cde9fe63513f05ce163c6","","Pratt & Whitney","East Hartford, CT","","","1712-b6cfd887d14329cd376b7e0ce82ae8ac78c3afae322664f5054cae1971533966","root"
"AVIONICS","0","37.969","0","0","0","","0","0","0","0","0","37.969","2014-BASE_PROCUREMENT-2014-AIRFORCE_AIRCRAFT_VOL1-PROCUREMENT_JustificationBook_Air_Force_PB_2014.zzz_unzipped-PROCUREMENT_JustificationBook_Air_Force_PB_2014.xml","2646edf56b0a2f35eb384cabca2534ac2cc070221cde934447c037bbc8c8d2fd","0-f8868d96f7d5ec99d24d6efccff1e20ac7c48e427fd5986fd8d781da74f4e1cb","","","","","","1718-547ba54f9dc8b251f13594393649c2ab72db1131db8705339cb04cc46ca9c56d","root"
"Equipment","30","130","0","0","92","","0","0","0","0","0","222","2014-BASE_PROCUREMENT-2014-AIRFORCE_AIRCRAFT_VOL1-PROCUREMENT_JustificationBook_Air_Force_PB_2014.zzz_unzipped-PROCUREMENT_JustificationBook_Air_Force_PB_2014.xml","87fe378a0d0a4ac2bd7f5599a847577c8b84352d788084ef2c6af33bc809e3d3","0-d1fe423b5d8028224e0636dac990fcd976d3ef0d071c9b5f9bd1b85d63cf499b","","","","","","1753-87a41ea4c6baf72d7aef40d9baf3eea3fceef91638eb23f2cfd933bfb0add0a4","root"
"Equipment","12","0","0","0","48","","0","0","0","0","0","48","2014-BASE_PROCUREMENT-2014-AIRFORCE_AIRCRAFT_VOL1-PROCUREMENT_JustificationBook_Air_Force_PB_2014.zzz_unzipped-PROCUREMENT_JustificationBook_Air_Force_PB_2014.xml","dbfe8de14b0d32c628ed01d3914e078284fa20402d5b14399264b391cbf7da9d","0-56bb55f1e14014781b5601cd001ab6fa3b4db25d1fc0c98d6a878d5bf9925dea","","","","","","1755-6b7eac7539954d585c091873d2b22dc0811e6f18168bf384506b65358fe82138","root"
"Equipment","12","0","0","0","84","","0","0","0","0","0","84","2014-BASE_PROCUREMENT-2014-AIRFORCE_AIRCRAFT_VOL1-PROCUREMENT_JustificationBook_Air_Force_PB_2014.zzz_unzipped-PROCUREMENT_JustificationBook_Air_Force_PB_2014.xml","8006d245bd699020fdba3c4b1cd620c2f5d69d075a47574c25b22402c14a21e8","0-a31d618d10b00105da4290d91a6db75e541096f31ec62ac5677afdbb120178da","","","","","","1757-653050d8106ae380b56fc41e6b8745ebe056c42c80cf513a15ea58b3a083ec8f","root"
"Engines","0","220.776","50.375","64.548","80.032","","106.215","112.162","127.16","129.449","4093.728","4984.445","2014-BASE_PROCUREMENT-2014-AIRFORCE_AIRCRAFT_VOL2-PROCUREMENT_MasterJustificationBook_Air_Force_PB_2014.zzz_unzipped-PROCUREMENT_MasterJustificationBook_Air_Force_PB_2014.xml","49e6ebb877c28b1a5a5ad3ec630e9669d0f205b4790c66bd50e69d037f2b0687","0-3c5825eb27fe9ad025d5712c1de196be4f531c6fde88881724257d4c5392455b","","Pratt & Whitney","East Hartford, CT","","","1759-08138e00e7e2bb3604b36df74fc78ac5202ff9141566bed17d4bc750350e8c5a","root"
"AVIONICS","0","37.969","0","0","0","","0","0","0","0","0","37.969","2014-BASE_PROCUREMENT-2014-AIRFORCE_AIRCRAFT_VOL2-PROCUREMENT_MasterJustificationBook_Air_Force_PB_2014.zzz_unzipped-PROCUREMENT_MasterJustificationBook_Air_Force_PB_2014.xml","87e6219c53a6a0e21d8cd2ef48641c364c0940e3ebc418f58e09ce6611c01b96","0-cf258676764063803f3969845d419c412cbd1251669fb60f002521b80e145703","","","","","","1765-3189411b94d4e312aa375dcbbb1b527c628dda4d56ce05da5b4ec680bf98922a","root"
"Equipment","30","130","0","0","92","","0","0","0","0","0","222","2014-BASE_PROCUREMENT-2014-AIRFORCE_AIRCRAFT_VOL2-PROCUREMENT_MasterJustificationBook_Air_Force_PB_2014.zzz_unzipped-PROCUREMENT_MasterJustificationBook_Air_Force_PB_2014.xml","488edd08a4134d4ef47f67932aa0e770dd42909fc6ec080a1be4113faa890508","0-55bde62bddf6b7e0ef4c8f6ee937c196b5dc9058f86e2d1007eaae3de4c8fd46","","","","","","1800-5744a59ffd86aa3c9611c5c686faf7ed85affa19b6f8872eae3c4a2870f84d74","root"
"Equipment","12","0","0","0","48","","0","0","0","0","0","48","2014-BASE_PROCUREMENT-2014-AIRFORCE_AIRCRAFT_VOL2-PROCUREMENT_MasterJustificationBook_Air_Force_PB_2014.zzz_unzipped-PROCUREMENT_MasterJustificationBook_Air_Force_PB_2014.xml","afff2db197154c64bd3603746babe747ea6f30fabb8f1dcbb90731d86f8fdd0a","0-51ea39358efffeeca7b5df99688019bd81187fb35a285b128673b7075bba6a0f","","","","","","1802-9653cacf739e167497ca39bb63b58d586438807d52ccb0b1f5468b428f8b7074","root"
"Equipment","12","0","0","0","84","","0","0","0","0","0","84","2014-BASE_PROCUREMENT-2014-AIRFORCE_AIRCRAFT_VOL2-PROCUREMENT_MasterJustificationBook_Air_Force_PB_2014.zzz_unzipped-PROCUREMENT_MasterJustificationBook_Air_Force_PB_2014.xml","568274f6da4ae741bf3451b1e4bd1ce95232308fe969b118463d712471e787ca","0-9c81725df41e4abf63d582834c9179b73cdff69d0a6bd1017da9404a4e89560f","","","","","","1804-fea8cd25d479986288c5766369b77833f1fb6600cdb82495816e08d1ec9ab521","root"
"Engines","0","220.776","50.375","64.548","80.032","","106.215","112.162","127.16","129.449","4093.728","4984.445","2014-BASE_PROCUREMENT-2014-AIRFORCE_AIRCRAFT_VOL1-PROCUREMENT_MasterJustificationBook_Air_Force_PB_2014.zzz_unzipped-PROCUREMENT_MasterJustificationBook_Air_Force_PB_2014.xml","6ab9e29ac3b8aded689164aba8dab423bb75c52b5172bcd81d5d2ac7eeafb8ff","0-2e269867b98555757f7b74124e3d5a3524ddb985dd4590bd20817a05dbd161b2","","Pratt & Whitney","East Hartford, CT","","","1806-6c6cac4ab5820f95d4cde76a8493d716b0dd5cb01a865bfdab927c89f38cb2dc","root"
"AVIONICS","0","37.969","0","0","0","","0","0","0","0","0","37.969","2014-BASE_PROCUREMENT-2014-AIRFORCE_AIRCRAFT_VOL1-PROCUREMENT_MasterJustificationBook_Air_Force_PB_2014.zzz_unzipped-PROCUREMENT_MasterJustificationBook_Air_Force_PB_2014.xml","64862d5509d36b3dc25821d3aee2b698b642d9914a9acb94aba0df7947892b95","0-f3c8d1485fe78f4cf6cd8beb5a15f9a569822e419b949444bc44ce0b1a077d5d","","","","","","1812-cd7b78e3921be2b9e224300ebb4b5382c0b4408dc4f5a6c008fa6a07c2b9a33d","root"
"Equipment","30","130","0","0","92","","0","0","0","0","0","222","2014-BASE_PROCUREMENT-2014-AIRFORCE_AIRCRAFT_VOL1-PROCUREMENT_MasterJustificationBook_Air_Force_PB_2014.zzz_unzipped-PROCUREMENT_MasterJustificationBook_Air_Force_PB_2014.xml","9de913aeb6567c0d4534e57110f9dda8f4ab9f2890ebec10995f16b0056b8d4a","0-2ff03c88c9803249571f79d2c18a7879a770a4eb2d2580a192e713b202b1eb27","","","","","","1847-fd42c67a5905c4a71cb26fb205f69326cd8348056009cd022dcd31e9e7120927","root"
"Equipment","12","0","0","0","48","","0","0","0","0","0","48","2014-BASE_PROCUREMENT-2014-AIRFORCE_AIRCRAFT_VOL1-PROCUREMENT_MasterJustificationBook_Air_Force_PB_2014.zzz_unzipped-PROCUREMENT_MasterJustificationBook_Air_Force_PB_2014.xml","b4e943eafd3729a618b1044fb9e5de1dd8c175e919b52421689b90b7354dd0b6","0-048bd30c0b4606417cbb6e55b8b06c4c57e5caa8eb3622d7aa5a1962f45897f4","","","","","","1849-23a653dc0b4e37773f16b9bf38a25f5bbf3c964538a7b5de8ba8bcf29ed42796","root"
"Equipment","12","0","0","0","84","","0","0","0","0","0","84","2014-BASE_PROCUREMENT-2014-AIRFORCE_AIRCRAFT_VOL1-PROCUREMENT_MasterJustificationBook_Air_Force_PB_2014.zzz_unzipped-PROCUREMENT_MasterJustificationBook_Air_Force_PB_2014.xml","1800a4a3cade962759517e8f30a849a8b21a34bb984d87d8abe05b8727f27625","0-dbd357318db5cd924118d578a28c0c12178eeba072c3e2e153681ceef3b27039","","","","","","1851-65a02f61380f1c214b118eac808a66eb392d7b5facc2ad27b941a66dfded2c04","root"
"For FY 2013 EOQ/Long Lead","0","","","","0","0","","","","","","","2014-BASE_PROCUREMENT-2014-NAVY_AIRCRAFT_BA1-4-PROCUREMENT_JustificationBook_Navy_PB_2014.zzz_unzipped-PROCUREMENT_JustificationBook_Navy_PB_2014.xml","59eb071a2b8c27825df619eb2437ee7c5c84f3ba541674a32571545b2cf94550","0-0a86627229c91dcf64d79e73e7d47ed2d08725f5b043daf186caabff1552af86","0","See End Item P5A","See End Item P5A","0","0","2720-9e6ef78cb87edfa81188417bf5b55e689fe0b23f73539154f79c48d54891d18c","root"
"For FY 2014 EOQ/Long Lead","0","","","","0","0","","","","","","","2014-BASE_PROCUREMENT-2014-NAVY_AIRCRAFT_BA1-4-PROCUREMENT_JustificationBook_Navy_PB_2014.zzz_unzipped-PROCUREMENT_JustificationBook_Navy_PB_2014.xml","59eb071a2b8c27825df619eb2437ee7c5c84f3ba541674a32571545b2cf94550","1-beb2acfadf4b08603d3c92902855773d4015337bb840a753e944e512cdd2f59b","0","See End Item P5A","See End Item P5A","0","0","2720-9e6ef78cb87edfa81188417bf5b55e689fe0b23f73539154f79c48d54891d18c","root"
"For FY 2015 EOQ/Long Lead","0","","","","0","0","","","","","","","2014-BASE_PROCUREMENT-2014-NAVY_AIRCRAFT_BA1-4-PROCUREMENT_JustificationBook_Navy_PB_2014.zzz_unzipped-PROCUREMENT_JustificationBook_Navy_PB_2014.xml","59eb071a2b8c27825df619eb2437ee7c5c84f3ba541674a32571545b2cf94550","2-7340e4328231cfe733999644d66a02fbc961269db1058a7c87a519f8bddf4430","0","See End Item P5A","See End Item P5A","0","0","2720-9e6ef78cb87edfa81188417bf5b55e689fe0b23f73539154f79c48d54891d18c","root"
"For FY 2016 EOQ/Long Lead","0","","","","0","0","","","","","","","2014-BASE_PROCUREMENT-2014-NAVY_AIRCRAFT_BA1-4-PROCUREMENT_JustificationBook_Navy_PB_2014.zzz_unzipped-PROCUREMENT_JustificationBook_Navy_PB_2014.xml","59eb071a2b8c27825df619eb2437ee7c5c84f3ba541674a32571545b2cf94550","3-dfe0ae29ab4a54c97e0ba799d9902b5fb3a784a8906f992fef4fdd0a695b9da5","0","See End Item P5A","See End Item P5A","0","0","2720-9e6ef78cb87edfa81188417bf5b55e689fe0b23f73539154f79c48d54891d18c","root"
"For FY 2017 EOQ/Long Lead","0","","","","0","0","","","","","","","2014-BASE_PROCUREMENT-2014-NAVY_AIRCRAFT_BA1-4-PROCUREMENT_JustificationBook_Navy_PB_2014.zzz_unzipped-PROCUREMENT_JustificationBook_Navy_PB_2014.xml","59eb071a2b8c27825df619eb2437ee7c5c84f3ba541674a32571545b2cf94550","4-f2f988e05039c7b62a208e0c70904f023e5e78268ffca7640ac1aa8deb3a78da","0","See End Item P5A","See End Item P5A","0","0","2720-9e6ef78cb87edfa81188417bf5b55e689fe0b23f73539154f79c48d54891d18c","root"
"Airframe For FY 2013 EOQ/Long Lead","0","","38.984","","0","0","","","","","","","2014-BASE_PROCUREMENT-2014-NAVY_AIRCRAFT_BA1-4-PROCUREMENT_JustificationBook_Navy_PB_2014.zzz_unzipped-PROCUREMENT_JustificationBook_Navy_PB_2014.xml","fca80c4a5bf23e192e9420dded4f49a1b46495e610d6495e88d6fe525d380853","0-6a950d4edec356fcebba48ba1619e1cc3b3ba95d38300caa0e9799c1ed4f632f","0","See End Item P5A","See End Item P5A","25","25","2726-5b06bcbd340cc87bcdea537bf54b2fe4f825de3835f1b89b130505c73e977366","root"
"Airframe For FY 2014 EOQ/Long Lead","0","","3.037","54.472","0","0","","","","","","","2014-BASE_PROCUREMENT-2014-NAVY_AIRCRAFT_BA1-4-PROCUREMENT_JustificationBook_Navy_PB_2014.zzz_unzipped-PROCUREMENT_JustificationBook_Navy_PB_2014.xml","fca80c4a5bf23e192e9420dded4f49a1b46495e610d6495e88d6fe525d380853","1-3302e64f0535c93a71fb385973e2373204e4ccb64a8889dc239768aa60f5728b","0","See End Item P5A","See End Item P5A","25","25","2726-5b06bcbd340cc87bcdea537bf54b2fe4f825de3835f1b89b130505c73e977366","root"
"Airframe For FY 2015 EOQ/Long Lead","0","","1.961","4.047","91.031","0","","","","","","","2014-BASE_PROCUREMENT-2014-NAVY_AIRCRAFT_BA1-4-PROCUREMENT_JustificationBook_Navy_PB_2014.zzz_unzipped-PROCUREMENT_JustificationBook_Navy_PB_2014.xml","fca80c4a5bf23e192e9420dded4f49a1b46495e610d6495e88d6fe525d380853","2-06f09801d89cb5b763d96aa70092a73479108014a3b5fb68519b300e108a5319","0","See End Item P5A","See End Item P5A","25","25","2726-5b06bcbd340cc87bcdea537bf54b2fe4f825de3835f1b89b130505c73e977366","root"
"Airframe For FY 2016 EOQ/Long Lead","0","","2.338","3.737","3.775","0","","","","","","","2014-BASE_PROCUREMENT-2014-NAVY_AIRCRAFT_BA1-4-PROCUREMENT_JustificationBook_Navy_PB_2014.zzz_unzipped-PROCUREMENT_JustificationBook_Navy_PB_2014.xml","fca80c4a5bf23e192e9420dded4f49a1b46495e610d6495e88d6fe525d380853","3-7b50da5f7a910a4e9205599e5d3b887f6feacfa0dfb078100dac1994aebef78d","0","See End Item P5A","See End Item P5A","25","25","2726-5b06bcbd340cc87bcdea537bf54b2fe4f825de3835f1b89b130505c73e977366","root"
"CC/Avionics For FY 2013 EOQ/Long Lead","0","","59","","0","0","","","","","","","2014-BASE_PROCUREMENT-2014-NAVY_AIRCRAFT_BA1-4-PROCUREMENT_JustificationBook_Navy_PB_2014.zzz_unzipped-PROCUREMENT_JustificationBook_Navy_PB_2014.xml","fca80c4a5bf23e192e9420dded4f49a1b46495e610d6495e88d6fe525d380853","4-95674c107fb33abd6b579d3c089f704820089082d978908b193c207c42bf13bf","0","See End Item P5A","See End Item P5A","32","32","2726-5b06bcbd340cc87bcdea537bf54b2fe4f825de3835f1b89b130505c73e977366","root"
"CC/Avionics For FY 2014 EOQ/Long Lead","0","","55.586","25.249","0","0","","","","","","","2014-BASE_PROCUREMENT-2014-NAVY_AIRCRAFT_BA1-4-PROCUREMENT_JustificationBook_Navy_PB_2014.zzz_unzipped-PROCUREMENT_JustificationBook_Navy_PB_2014.xml","fca80c4a5bf23e192e9420dded4f49a1b46495e610d6495e88d6fe525d380853","5-8a1509ced80671e391bdee592d5f4c98052741b66f1cb16b60740999f12e56fa","0","See End Item P5A","See End Item P5A","32","32","2726-5b06bcbd340cc87bcdea537bf54b2fe4f825de3835f1b89b130505c73e977366","root"
"CC/Avionics For FY 2015 EOQ/Long Lead","0","","4.5","70.673","40.051","0","","","","","","","2014-BASE_PROCUREMENT-2014-NAVY_AIRCRAFT_BA1-4-PROCUREMENT_JustificationBook_Navy_PB_2014.zzz_unzipped-PROCUREMENT_JustificationBook_Navy_PB_2014.xml","fca80c4a5bf23e192e9420dded4f49a1b46495e610d6495e88d6fe525d380853","6-264abaa71b686c9052b5fd572867f227cc4d681c6659b0e41267830c5f6f768a","0","See End Item P5A","See End Item P5A","32","32","2726-5b06bcbd340cc87bcdea537bf54b2fe4f825de3835f1b89b130505c73e977366","root"
"CC/Avionics For FY 2016 EOQ/Long Lead","0","","4.5","2","92.396","0","","","","","","","2014-BASE_PROCUREMENT-2014-NAVY_AIRCRAFT_BA1-4-PROCUREMENT_JustificationBook_Navy_PB_2014.zzz_unzipped-PROCUREMENT_JustificationBook_Navy_PB_2014.xml","fca80c4a5bf23e192e9420dded4f49a1b46495e610d6495e88d6fe525d380853","7-99a8e9242d1beba150d06818aa98886207098064083b20c5228ad2eb3624dd94","0","See End Item P5A","See End Item P5A","32","32","2726-5b06bcbd340cc87bcdea537bf54b2fe4f825de3835f1b89b130505c73e977366","root"
"For FY 2013 EOQ/Long Lead","0","","","","0","0","","","","","","","2014-BASE_PROCUREMENT-2014-NAVY_AIRCRAFT_BA1-4-PROCUREMENT_JustificationBook_Navy_PB_2014.zzz_unzipped-PROCUREMENT_JustificationBook_Navy_PB_2014.xml","9153159fe86babf2338e4b160b0225ad806515ca1ccc0dbf362bf9b5e04bfffb","0-e4da07baccc2d0e22f4ecf6b2e89f4c7afe28d1025ceada2e1da63ca0f91f704","0","See End Item P5A","See End Item P5A","0","0","2728-a51d10e88d107198b14696775e12eea6d4b8dfa4ff505e81b52f41199ab9c79d","root"
"For FY 2014 EOQ/Long Lead","0","","","","0","0","","","","","","","2014-BASE_PROCUREMENT-2014-NAVY_AIRCRAFT_BA1-4-PROCUREMENT_JustificationBook_Navy_PB_2014.zzz_unzipped-PROCUREMENT_JustificationBook_Navy_PB_2014.xml","9153159fe86babf2338e4b160b0225ad806515ca1ccc0dbf362bf9b5e04bfffb","1-56d29d780c2352be2a04a9101c7cf6bc26a122c0b13e0944412a8fd92e7ec4d7","0","See End Item P5A","See End Item P5A","0","0","2728-a51d10e88d107198b14696775e12eea6d4b8dfa4ff505e81b52f41199ab9c79d","root"
"For FY 2015 EOQ/Long Lead","0","","","","0","0","","","","","","","2014-BASE_PROCUREMENT-2014-NAVY_AIRCRAFT_BA1-4-PROCUREMENT_JustificationBook_Navy_PB_2014.zzz_unzipped-PROCUREMENT_JustificationBook_Navy_PB_2014.xml","9153159fe86babf2338e4b160b0225ad806515ca1ccc0dbf362bf9b5e04bfffb","2-5926f26f7bf222f1180af513cc474fb382266c37e62e3d039320e5632c822b57","0","See End Item P5A","See End Item P5A","0","0","2728-a51d10e88d107198b14696775e12eea6d4b8dfa4ff505e81b52f41199ab9c79d","root"
"For FY 2016 EOQ/Long Lead","0","","","","0","0","","","","","","","2014-BASE_PROCUREMENT-2014-NAVY_AIRCRAFT_BA1-4-PROCUREMENT_JustificationBook_Navy_PB_2014.zzz_unzipped-PROCUREMENT_JustificationBook_Navy_PB_2014.xml","9153159fe86babf2338e4b160b0225ad806515ca1ccc0dbf362bf9b5e04bfffb","3-937e2920cbf3b43a38da854ccfbb09e7d2fd07066f0585ba48e8461cde03c3b0","0","See End Item P5A","See End Item P5A","0","0","2728-a51d10e88d107198b14696775e12eea6d4b8dfa4ff505e81b52f41199ab9c79d","root"
"For FY 2017 EOQ/Long Lead","0","","","","0","0","","","","","","","2014-BASE_PROCUREMENT-2014-NAVY_AIRCRAFT_BA1-4-PROCUREMENT_JustificationBook_Navy_PB_2014.zzz_unzipped-PROCUREMENT_JustificationBook_Navy_PB_2014.xml","9153159fe86babf2338e4b160b0225ad806515ca1ccc0dbf362bf9b5e04bfffb","4-008f9dbc7529bc8c53de156efecf2e27494445db43440c2d2b07fa10c7883489","0","See End Item P5A","See End Item P5A","0","0","2728-a51d10e88d107198b14696775e12eea6d4b8dfa4ff505e81b52f41199ab9c79d","root"
"EOQ","0","","","","20","0","","","","","","","2014-BASE_PROCUREMENT-2014-NAVY_AIRCRAFT_BA1-4-PROCUREMENT_JustificationBook_Navy_PB_2014.zzz_unzipped-PROCUREMENT_JustificationBook_Navy_PB_2014.xml","2ca0b177ff5773179adc68e99a8aa14d5082a81544df1d5d478b6a1901815e1a","0-c8c153c6c685f89ac6bc9a674babc59178f2607d09802f4e88c0391d6dd802a5","0","See End Item P5A","See End Item P5A","0","0","2734-589d27ecf8d6e199c9e3b8475415ff6b5ba59a1dc3b208db689801ddf2d34acb","root"
"For FY13 EOQ/Long Lead","0","","","","0","0","","","","","","","2014-BASE_PROCUREMENT-2014-NAVY_AIRCRAFT_BA1-4-PROCUREMENT_JustificationBook_Navy_PB_2014.zzz_unzipped-PROCUREMENT_JustificationBook_Navy_PB_2014.xml","64929e2f3b423b633d4163e755851b1fd905e7aae3c16591258a0272ed89fca7","0-d3b826c955eb44f3257064e014eb5d916bf747f6472fdc92ff3103c6886e0e42","0","See End Item P5A","See End Item P5A","0","0","2736-9c69c8ee5ceef3f79fb1ad27351cd49469445117e128fddc4797e741a6bda3d2","root"
"For FY14 EOQ/Long Lead","0","","","","0","0","","","","","","","2014-BASE_PROCUREMENT-2014-NAVY_AIRCRAFT_BA1-4-PROCUREMENT_JustificationBook_Navy_PB_2014.zzz_unzipped-PROCUREMENT_JustificationBook_Navy_PB_2014.xml","64929e2f3b423b633d4163e755851b1fd905e7aae3c16591258a0272ed89fca7","1-a8e6027d406fe3a19bff3652c82d48f965bd0d55e5558716f67dd65d2a9004a1","0","See End Item P5A","See End Item P5A","0","0","2736-9c69c8ee5ceef3f79fb1ad27351cd49469445117e128fddc4797e741a6bda3d2","root"
"For FY15 EOQ/Long Lead","0","","","","0","0","","","","","","","2014-BASE_PROCUREMENT-2014-NAVY_AIRCRAFT_BA1-4-PROCUREMENT_JustificationBook_Navy_PB_2014.zzz_unzipped-PROCUREMENT_JustificationBook_Navy_PB_2014.xml","64929e2f3b423b633d4163e755851b1fd905e7aae3c16591258a0272ed89fca7","2-0b3eb815b9985d68ca53fc11b18bee8a1f57342bf1891d2af9ea51f909f2428d","0","See End Item P5A","See End Item P5A","0","0","2736-9c69c8ee5ceef3f79fb1ad27351cd49469445117e128fddc4797e741a6bda3d2","root"
"For FY16 EOQ/Long Lead","0","","","","0","0","","","","","","","2014-BASE_PROCUREMENT-2014-NAVY_AIRCRAFT_BA1-4-PROCUREMENT_JustificationBook_Navy_PB_2014.zzz_unzipped-PROCUREMENT_JustificationBook_Navy_PB_2014.xml","64929e2f3b423b633d4163e755851b1fd905e7aae3c16591258a0272ed89fca7","3-8006cd872503e5d3f7a0228da37db9f3766d7c08db08f40580920c950f3169fb","0","See End Item P5A","See End Item P5A","0","0","2736-9c69c8ee5ceef3f79fb1ad27351cd49469445117e128fddc4797e741a6bda3d2","root"
"For FY17 EOQ/Long Lead","0","","","","0","0","","","","","","","2014-BASE_PROCUREMENT-2014-NAVY_AIRCRAFT_BA1-4-PROCUREMENT_JustificationBook_Navy_PB_2014.zzz_unzipped-PROCUREMENT_JustificationBook_Navy_PB_2014.xml","64929e2f3b423b633d4163e755851b1fd905e7aae3c16591258a0272ed89fca7","4-437fcb362b143dcfbf76bfa6dc326d53635ba74c2a1eaf2eb012aa10caf1758a","0","See End Item P5A","See End Item P5A","0","0","2736-9c69c8ee5ceef3f79fb1ad27351cd49469445117e128fddc4797e741a6bda3d2","root"
"EOQ/Long Lead (Prior Years)","0","364.235","","","0","0","","","","","","","2014-BASE_PROCUREMENT-2014-NAVY_AIRCRAFT_BA1-4-PROCUREMENT_JustificationBook_Navy_PB_2014.zzz_unzipped-PROCUREMENT_JustificationBook_Navy_PB_2014.xml","049cb91018f89e9c503e94cc8bbd5cb09e1075dae1b2910caf7d2d2f90fe1cc2","0-b14f97d3f21cedb55b0bb7e3ae8fa8d77744317c46393a1a3a5e76c812de7a2d","0","See End Item P5A","See End Item P5A","0","0","2740-d8735c3f071ea8953d9b93eab148508d4fc4247f6297aa4ec775f58bf25494c9","root"
"For FY 2013 EOQ/Long Lead","0","","","","0","0","","","","","","","2014-BASE_PROCUREMENT-2014-NAVY_AIRCRAFT_BA7-PROCUREMENT_MasterJustificationBook_Navy_PB_2014.zzz_unzipped-PROCUREMENT_MasterJustificationBook_Navy_PB_2014.xml","fc4b633568d09aa78acf18bb3a1378b7461e8def6999ee372311daf44c967cce","0-f12b4491fb67061f4f7e37e5c8fb47b595954e6d45bdaf63040ffd9e7c9854e1","0","See End Item P5A","See End Item P5A","0","0","2790-a8f1fdcb6ff05fd20ce8357e89def8124eb4a83528313bf4060e99229d7f47b6","root"
"For FY 2014 EOQ/Long Lead","0","","","","0","0","","","","","","","2014-BASE_PROCUREMENT-2014-NAVY_AIRCRAFT_BA7-PROCUREMENT_MasterJustificationBook_Navy_PB_2014.zzz_unzipped-PROCUREMENT_MasterJustificationBook_Navy_PB_2014.xml","fc4b633568d09aa78acf18bb3a1378b7461e8def6999ee372311daf44c967cce","1-3cbf63f3ebe2de380a43617943a388b2f8f6918a751c559a7ed9fef46d16f60d","0","See End Item P5A","See End Item P5A","0","0","2790-a8f1fdcb6ff05fd20ce8357e89def8124eb4a83528313bf4060e99229d7f47b6","root"
"For FY 2015 EOQ/Long Lead","0","","","","0","0","","","","","","","2014-BASE_PROCUREMENT-2014-NAVY_AIRCRAFT_BA7-PROCUREMENT_MasterJustificationBook_Navy_PB_2014.zzz_unzipped-PROCUREMENT_MasterJustificationBook_Navy_PB_2014.xml","fc4b633568d09aa78acf18bb3a1378b7461e8def6999ee372311daf44c967cce","2-09ea34cc8efeaec80666c0416047cfaac7189f3a8c1459d73cd40dec18c81330","0","See End Item P5A","See End Item P5A","0","0","2790-a8f1fdcb6ff05fd20ce8357e89def8124eb4a83528313bf4060e99229d7f47b6","root"
"For FY 2016 EOQ/Long Lead","0","","","","0","0","","","","","","","2014-BASE_PROCUREMENT-2014-NAVY_AIRCRAFT_BA7-PROCUREMENT_MasterJustificationBook_Navy_PB_2014.zzz_unzipped-PROCUREMENT_MasterJustificationBook_Navy_PB_2014.xml","fc4b633568d09aa78acf18bb3a1378b7461e8def6999ee372311daf44c967cce","3-5c09517f41157a1f620c6c325ba45e10367af6a2aa144ba0852ac776adc20ade","0","See End Item P5A","See End Item P5A","0","0","2790-a8f1fdcb6ff05fd20ce8357e89def8124eb4a83528313bf4060e99229d7f47b6","root"
"For FY 2017 EOQ/Long Lead","0","","","","0","0","","","","","","","2014-BASE_PROCUREMENT-2014-NAVY_AIRCRAFT_BA7-PROCUREMENT_MasterJustificationBook_Navy_PB_2014.zzz_unzipped-PROCUREMENT_MasterJustificationBook_Navy_PB_2014.xml","fc4b633568d09aa78acf18bb3a1378b7461e8def6999ee372311daf44c967cce","4-db128e2db2786fa4553d00c83ed07ffb31e8b2455809ed22387ad88b19f66db6","0","See End Item P5A","See End Item P5A","0","0","2790-a8f1fdcb6ff05fd20ce8357e89def8124eb4a83528313bf4060e99229d7f47b6","root"
"Airframe For FY 2013 EOQ/Long Lead","0","","38.984","","0","0","","","","","","","2014-BASE_PROCUREMENT-2014-NAVY_AIRCRAFT_BA7-PROCUREMENT_MasterJustificationBook_Navy_PB_2014.zzz_unzipped-PROCUREMENT_MasterJustificationBook_Navy_PB_2014.xml","1c90d81d3283c3e99adda35a80b069d543eb8eea9500f506f69fd1fd51fa4e10","0-046925c29c26aea064e7cfa987c856bb85783951d37f516d2ba7755f9b0976b0","0","See End Item P5A","See End Item P5A","25","25","2796-f6996a45bc5159c63bb6d885ef0a6354546da5f8b99508fbdea5b48ead9ea14b","root"
"Airframe For FY 2014 EOQ/Long Lead","0","","3.037","54.472","0","0","","","","","","","2014-BASE_PROCUREMENT-2014-NAVY_AIRCRAFT_BA7-PROCUREMENT_MasterJustificationBook_Navy_PB_2014.zzz_unzipped-PROCUREMENT_MasterJustificationBook_Navy_PB_2014.xml","1c90d81d3283c3e99adda35a80b069d543eb8eea9500f506f69fd1fd51fa4e10","1-a9549cd6f8501eab81fde03cc50783a8c08c2a898e77a4355b9b935e48e77739","0","See End Item P5A","See End Item P5A","25","25","2796-f6996a45bc5159c63bb6d885ef0a6354546da5f8b99508fbdea5b48ead9ea14b","root"
"Airframe For FY 2015 EOQ/Long Lead","0","","1.961","4.047","91.031","0","","","","","","","2014-BASE_PROCUREMENT-2014-NAVY_AIRCRAFT_BA7-PROCUREMENT_MasterJustificationBook_Navy_PB_2014.zzz_unzipped-PROCUREMENT_MasterJustificationBook_Navy_PB_2014.xml","1c90d81d3283c3e99adda35a80b069d543eb8eea9500f506f69fd1fd51fa4e10","2-852977ae7067372ebe4232908371df9021f388a38aa967f4d2dd70ffd6b2c4c3","0","See End Item P5A","See End Item P5A","25","25","2796-f6996a45bc5159c63bb6d885ef0a6354546da5f8b99508fbdea5b48ead9ea14b","root"
"Airframe For FY 2016 EOQ/Long Lead","0","","2.338","3.737","3.775","0","","","","","","","2014-BASE_PROCUREMENT-2014-NAVY_AIRCRAFT_BA7-PROCUREMENT_MasterJustificationBook_Navy_PB_2014.zzz_unzipped-PROCUREMENT_MasterJustificationBook_Navy_PB_2014.xml","1c90d81d3283c3e99adda35a80b069d543eb8eea9500f506f69fd1fd51fa4e10","3-9f91bf5a3a8df381a82759f4be8639deb40c55ef3ae2facab7b937e8379b284d","0","See End Item P5A","See End Item P5A","25","25","2796-f6996a45bc5159c63bb6d885ef0a6354546da5f8b99508fbdea5b48ead9ea14b","root"
"CC/Avionics For FY 2013 EOQ/Long Lead","0","","59","","0","0","","","","","","","2014-BASE_PROCUREMENT-2014-NAVY_AIRCRAFT_BA7-PROCUREMENT_MasterJustificationBook_Navy_PB_2014.zzz_unzipped-PROCUREMENT_MasterJustificationBook_Navy_PB_2014.xml","1c90d81d3283c3e99adda35a80b069d543eb8eea9500f506f69fd1fd51fa4e10","4-8cede7b38e589e453433e54af60defdd08b25b0c467fd66563dc6493de0fd1e5","0","See End Item P5A","See End Item P5A","32","32","2796-f6996a45bc5159c63bb6d885ef0a6354546da5f8b99508fbdea5b48ead9ea14b","root"
"CC/Avionics For FY 2014 EOQ/Long Lead","0","","55.586","25.249","0","0","","","","","","","2014-BASE_PROCUREMENT-2014-NAVY_AIRCRAFT_BA7-PROCUREMENT_MasterJustificationBook_Navy_PB_2014.zzz_unzipped-PROCUREMENT_MasterJustificationBook_Navy_PB_2014.xml","1c90d81d3283c3e99adda35a80b069d543eb8eea9500f506f69fd1fd51fa4e10","5-4f8f269535e034d589b62b3ed4d64744b38129c5ae90bfc7d0d2b1147ac30d7d","0","See End Item P5A","See End Item P5A","32","32","2796-f6996a45bc5159c63bb6d885ef0a6354546da5f8b99508fbdea5b48ead9ea14b","root"
"CC/Avionics For FY 2015 EOQ/Long Lead","0","","4.5","70.673","40.051","0","","","","","","","2014-BASE_PROCUREMENT-2014-NAVY_AIRCRAFT_BA7-PROCUREMENT_MasterJustificationBook_Navy_PB_2014.zzz_unzipped-PROCUREMENT_MasterJustificationBook_Navy_PB_2014.xml","1c90d81d3283c3e99adda35a80b069d543eb8eea9500f506f69fd1fd51fa4e10","6-22474637fb77930186d082f1d00ba01daa08ce3755367073c25c4e899be4fac2","0","See End Item P5A","See End Item P5A","32","32","2796-f6996a45bc5159c63bb6d885ef0a6354546da5f8b99508fbdea5b48ead9ea14b","root"
"CC/Avionics For FY 2016 EOQ/Long Lead","0","","4.5","2","92.396","0","","","","","","","2014-BASE_PROCUREMENT-2014-NAVY_AIRCRAFT_BA7-PROCUREMENT_MasterJustificationBook_Navy_PB_2014.zzz_unzipped-PROCUREMENT_MasterJustificationBook_Navy_PB_2014.xml","1c90d81d3283c3e99adda35a80b069d543eb8eea9500f506f69fd1fd51fa4e10","7-de3dc6938410a6f02a2f05e4cb4571ecc91baad70b513027791c3626fcdea9cf","0","See End Item P5A","See End Item P5A","32","32","2796-f6996a45bc5159c63bb6d885ef0a6354546da5f8b99508fbdea5b48ead9ea14b","root"
"For FY 2013 EOQ/Long Lead","0","","","","0","0","","","","","","","2014-BASE_PROCUREMENT-2014-NAVY_AIRCRAFT_BA7-PROCUREMENT_MasterJustificationBook_Navy_PB_2014.zzz_unzipped-PROCUREMENT_MasterJustificationBook_Navy_PB_2014.xml","ea4fce3ec1135de06d7b597e5fd943b2e14d2b3f4efb262dcaf7727a24539c26","0-9d62febe38933a6fe9da11d420d726f9416ea05944c2b3f9f080171d365cd2bc","0","See End Item P5A","See End Item P5A","0","0","2798-04dc538082c654f69857ae9e8299d2d4b20f4b17aba1a3fbd77bb4c861ec4a87","root"
"For FY 2014 EOQ/Long Lead","0","","","","0","0","","","","","","","2014-BASE_PROCUREMENT-2014-NAVY_AIRCRAFT_BA7-PROCUREMENT_MasterJustificationBook_Navy_PB_2014.zzz_unzipped-PROCUREMENT_MasterJustificationBook_Navy_PB_2014.xml","ea4fce3ec1135de06d7b597e5fd943b2e14d2b3f4efb262dcaf7727a24539c26","1-b40f217e817edc8184a4db1d289a70bba961dd0f34556dfdbdd16e70a6917f07","0","See End Item P5A","See End Item P5A","0","0","2798-04dc538082c654f69857ae9e8299d2d4b20f4b17aba1a3fbd77bb4c861ec4a87","root"
"For FY 2015 EOQ/Long Lead","0","","","","0","0","","","","","","","2014-BASE_PROCUREMENT-2014-NAVY_AIRCRAFT_BA7-PROCUREMENT_MasterJustificationBook_Navy_PB_2014.zzz_unzipped-PROCUREMENT_MasterJustificationBook_Navy_PB_2014.xml","ea4fce3ec1135de06d7b597e5fd943b2e14d2b3f4efb262dcaf7727a24539c26","2-9c6bd1005fc5240817ac550098dc198d399762f54a16dd73d82544e3d557204b","0","See End Item P5A","See End Item P5A","0","0","2798-04dc538082c654f69857ae9e8299d2d4b20f4b17aba1a3fbd77bb4c861ec4a87","root"
"For FY 2016 EOQ/Long Lead","0","","","","0","0","","","","","","","2014-BASE_PROCUREMENT-2014-NAVY_AIRCRAFT_BA7-PROCUREMENT_MasterJustificationBook_Navy_PB_2014.zzz_unzipped-PROCUREMENT_MasterJustificationBook_Navy_PB_2014.xml","ea4fce3ec1135de06d7b597e5fd943b2e14d2b3f4efb262dcaf7727a24539c26","3-f546db46844f2a7625ac78252fceaf14f1b214fc23fd824bdecf4a0ca6d62b3b","0","See End Item P5A","See End Item P5A","0","0","2798-04dc538082c654f69857ae9e8299d2d4b20f4b17aba1a3fbd77bb4c861ec4a87","root"
"For FY 2017 EOQ/Long Lead","0","","","","0","0","","","","","","","2014-BASE_PROCUREMENT-2014-NAVY_AIRCRAFT_BA7-PROCUREMENT_MasterJustificationBook_Navy_PB_2014.zzz_unzipped-PROCUREMENT_MasterJustificationBook_Navy_PB_2014.xml","ea4fce3ec1135de06d7b597e5fd943b2e14d2b3f4efb262dcaf7727a24539c26","4-cc8fe92661efb34a27112c4beaf490a2b2d86200c968bffb5181e669b856a97b","0","See End Item P5A","See End Item P5A","0","0","2798-04dc538082c654f69857ae9e8299d2d4b20f4b17aba1a3fbd77bb4c861ec4a87","root"
"EOQ","0","","","","20","0","","","","","","","2014-BASE_PROCUREMENT-2014-NAVY_AIRCRAFT_BA7-PROCUREMENT_MasterJustificationBook_Navy_PB_2014.zzz_unzipped-PROCUREMENT_MasterJustificationBook_Navy_PB_2014.xml","331f4e2cab57d75c268cb0cc0f51f889b76ed2c8ba621bb4d61f3e552a2f48d3","0-70a418f0870ffa7fa051e59b3c50cfdeb6d46e6ee01fd91819fadbaa8ff8321a","0","See End Item P5A","See End Item P5A","0","0","2804-58514a65a881d4df2711e8a21c1ebe94aad46da72213c0cda23e6c26a3279b77","root"
"For FY13 EOQ/Long Lead","0","","","","0","0","","","","","","","2014-BASE_PROCUREMENT-2014-NAVY_AIRCRAFT_BA7-PROCUREMENT_MasterJustificationBook_Navy_PB_2014.zzz_unzipped-PROCUREMENT_MasterJustificationBook_Navy_PB_2014.xml","1c9f6ffd331ce8f038579fa5c7414d00a50411913e693158c477bb2776944535","0-4e48bf32ba313482e783792a7f0fa17003c071229281a2098cd72d0621310815","0","See End Item P5A","See End Item P5A","0","0","2806-8276803f131d155d56fa4e3d94abf5052049b00ffc664dfed4716846bc0491a3","root"
"For FY14 EOQ/Long Lead","0","","","","0","0","","","","","","","2014-BASE_PROCUREMENT-2014-NAVY_AIRCRAFT_BA7-PROCUREMENT_MasterJustificationBook_Navy_PB_2014.zzz_unzipped-PROCUREMENT_MasterJustificationBook_Navy_PB_2014.xml","1c9f6ffd331ce8f038579fa5c7414d00a50411913e693158c477bb2776944535","1-0a963ed70ac0da0b1c9f4fb0b21657b32a613bd00a7e15ba6695a0b5a69b7ed3","0","See End Item P5A","See End Item P5A","0","0","2806-8276803f131d155d56fa4e3d94abf5052049b00ffc664dfed4716846bc0491a3","root"
"For FY15 EOQ/Long Lead","0","","","","0","0","","","","","","","2014-BASE_PROCUREMENT-2014-NAVY_AIRCRAFT_BA7-PROCUREMENT_MasterJustificationBook_Navy_PB_2014.zzz_unzipped-PROCUREMENT_MasterJustificationBook_Navy_PB_2014.xml","1c9f6ffd331ce8f038579fa5c7414d00a50411913e693158c477bb2776944535","2-5c566ef33cca1fd124b4bd4a3e33319f618ba67e3f91d7581393d07c5d02b2a4","0","See End Item P5A","See End Item P5A","0","0","2806-8276803f131d155d56fa4e3d94abf5052049b00ffc664dfed4716846bc0491a3","root"
"For FY16 EOQ/Long Lead","0","","","","0","0","","","","","","","2014-BASE_PROCUREMENT-2014-NAVY_AIRCRAFT_BA7-PROCUREMENT_MasterJustificationBook_Navy_PB_2014.zzz_unzipped-PROCUREMENT_MasterJustificationBook_Navy_PB_2014.xml","1c9f6ffd331ce8f038579fa5c7414d00a50411913e693158c477bb2776944535","3-eeea75548e265a03c7d970c28460d91d1a20929467b73fb16c86cb462a555338","0","See End Item P5A","See End Item P5A","0","0","2806-8276803f131d155d56fa4e3d94abf5052049b00ffc664dfed4716846bc0491a3","root"
"For FY17 EOQ/Long Lead","0","","","","0","0","","","","","","","2014-BASE_PROCUREMENT-2014-NAVY_AIRCRAFT_BA7-PROCUREMENT_MasterJustificationBook_Navy_PB_2014.zzz_unzipped-PROCUREMENT_MasterJustificationBook_Navy_PB_2014.xml","1c9f6ffd331ce8f038579fa5c7414d00a50411913e693158c477bb2776944535","4-89a00864f51c74aa84c55c2d38c1a05e8676831889f9032b2303f22cbdb5be14","0","See End Item P5A","See End Item P5A","0","0","2806-8276803f131d155d56fa4e3d94abf5052049b00ffc664dfed4716846bc0491a3","root"
"EOQ/Long Lead (Prior Years)","0","364.235","","","0","0","","","","","","","2014-BASE_PROCUREMENT-2014-NAVY_AIRCRAFT_BA7-PROCUREMENT_MasterJustificationBook_Navy_PB_2014.zzz_unzipped-PROCUREMENT_MasterJustificationBook_Navy_PB_2014.xml","97ef4cf3f410d224f56ae29ea98cdf2592e9fe9b3908e3df56bf826c63de8ad7","0-0a288a070d59be17d29de7c7c4c2e410bcb9422ee43c19d2ad2413f672e9c2e8","0","See End Item P5A","See End Item P5A","0","0","2810-f21b261250918d433c79fddefd91e5755151e076203fba6559b8ca58b8020b45","root"
