Name_val,WhenRequiredInMonths_val,Cost_AllPriorYears_TotalCost_val,Cost_PriorYear_TotalCost_val,Cost_CurrentYear_TotalCost_val,Cost_BudgetYearOne_TotalCost_val,Cost_BudgetYearOne_Quantity_val,Cost_BudgetYearTwo_TotalCost_val,Cost_BudgetYearThree_TotalCost_val,Cost_BudgetYearFour_TotalCost_val,Cost_BudgetYearFive_TotalCost_val,Cost_ToComplete_TotalCost_val,Cost_Total_TotalCost_val,@SOURCE_FILENAME,@RECORDID,@ROWID,QuantityPerAssembly_val,ManufacturerList_P10Manufacturer_Name_val,ManufacturerList_P10Manufacturer_Location_val,ManufacturerList_P10Manufacturer_InitialQuantity_TotalLeadTimeAfterOct1InMonths_val,ManufacturerList_P10Manufacturer_ReorderQuantity_TotalLeadTimeAfterOct1InMonths_val,@PARENTROWID,@PARENT
"Engines","0","156.482","55.081","50.375","64.548","","85.368","115.871","112.162","127.16","4289.291","5056.338","2013-BASE_PROCUREMENT-2013-AIRFORCE_AIRCRAFT_VOL1-JustificationBook_Air_Force_PB_2013.zzz_unzipped-JustificationBook_Air_Force_PB_2013.xml","dff12d9c9c56d1f1f59d6607af44ce23b8ed427d17b04c39d5703919f4248df7","0-f359725ee18139c61740ce33f189230dec85c998c16cd889226d501260909a4f","","","","","","49-5d2193ccdd2ec9fb82ea00910c852f78598b004597ef492ae74a88264fb8d258","root"
"AVIONICS","0","37.969","0","0","0","","0","0","0","0","0","37.969","2013-BASE_PROCUREMENT-2013-AIRFORCE_AIRCRAFT_VOL1-JustificationBook_Air_Force_PB_2013.zzz_unzipped-JustificationBook_Air_Force_PB_2013.xml","05376c175814f9b1bb89efc528da9cdaa60ea9f85e3ebccd583936337bde3172","0-734445c979bb0df2711402c417222fe30dd264cf3c6828868fd6acdd09566222","","","","","","56-9173a9aef94b9ebf3ba83a420b151ec11a8018ee8f8fa9180f34247423af8c26","root"
"Equipment","30","130","0","0","0","","0","0","0","0","0","130","2013-BASE_PROCUREMENT-2013-AIRFORCE_AIRCRAFT_VOL1-JustificationBook_Air_Force_PB_2013.zzz_unzipped-JustificationBook_Air_Force_PB_2013.xml","5de403107085bf74fb9fd40854df952a9081ddccb6363319c405b20f72d8dc83","0-cd91d28c09ded0bdb8a640db7f9e8386c098957cc2225222d1fe27aa075fc4e5","","","","","","93-959f0d742d28d79f622fe06280e29af1dce89192bd011ee6dc3db6a43c58dca1","root"
"Engines","0","156.482","55.081","50.375","64.548","","85.368","115.871","112.162","127.16","4289.291","5056.338","2013-BASE_PROCUREMENT-2013-AIRFORCE_AIRCRAFT_VOL2-MasterJustificationBook_Air_Force_PB_2013.zzz_unzipped-MasterJustificationBook_Air_Force_PB_2013.xml","cb5ffa2b00d81ff49048aa9fb66ff99640bed0266e3e03ecb1f23b38bf1313ae","0-66334f3a3cbf0cc32f7e3060cc90e3abe2a56c641a1c2af9f34af4453ebe9b64","","","","","","99-3222260499f2cd31285ed3663b416795a80abbbb06bb6634d2bfadc9dfcb4104","root"
"AVIONICS","0","37.969","0","0","0","","0","0","0","0","0","37.969","2013-BASE_PROCUREMENT-2013-AIRFORCE_AIRCRAFT_VOL2-MasterJustificationBook_Air_Force_PB_2013.zzz_unzipped-MasterJustificationBook_Air_Force_PB_2013.xml","83cdbed30cd2435e0ef690d322b3aa3d3dbd661f403d986c68db08c44173db9c","0-fe34d82928d107319c4a1d78adaf74242159d35f316da64fa9b2f7656ebb220a","","","","","","106-a30a0e1fedf149e8911f3657615e03fe57c9c5395b08aea9b9e382cc30aea28d","root"
"Equipment","30","130","0","0","0","","0","0","0","0","0","130","2013-BASE_PROCUREMENT-2013-AIRFORCE_AIRCRAFT_VOL2-MasterJustificationBook_Air_Force_PB_2013.zzz_unzipped-MasterJustificationBook_Air_Force_PB_2013.xml","9a2ba94a217d82096f332eb52ba7ddeaf76b99a2e5a89a7ed11986588d44548b","0-2a5819e5466df24222f503d00a20e287c4b9479d9cbafcd5bb1646b04922f35e","","","","","","141-ec4f6b0c05cb9504bbc9e7a01515cc52c08753fa892d96e7a296e95ff46f5532","root"
"Engines","0","156.482","55.081","50.375","64.548","","85.368","115.871","112.162","127.16","4289.291","5056.338","2013-BASE_PROCUREMENT-2013-AIRFORCE_AIRCRAFT_VOL1-MasterJustificationBook_Air_Force_PB_2013.zzz_unzipped-MasterJustificationBook_Air_Force_PB_2013.xml","8ca272206c6b30f61972a00065d737d41c09597a3caeca5dca6f8e9b4d2b639e","0-fa4dab3a6ecdfb430aeea03719af17b1983eeae4e1ad6bd4a5a0589bc3e98211","","","","","","147-1d4ab397b679aded4d36418b70717a18ec64764b05627f9a39121d3700fd3947","root"
"AVIONICS","0","37.969","0","0","0","","0","0","0","0","0","37.969","2013-BASE_PROCUREMENT-2013-AIRFORCE_AIRCRAFT_VOL1-MasterJustificationBook_Air_Force_PB_2013.zzz_unzipped-MasterJustificationBook_Air_Force_PB_2013.xml","a81a42ae1db722058f6d5962d3234e2397b7cb620f8cd202f2f913551d1c3f6e","0-0f951ddbda5481ef87a4597817ddc7186b32802e36eb36dec806d36ac29d29f9","","","","","","154-45eb35f175ddba8f1ee90d81857cd5b10130e85e04586653936e46bb57d91d7d","root"
"Equipment","30","130","0","0","0","","0","0","0","0","0","130","2013-BASE_PROCUREMENT-2013-AIRFORCE_AIRCRAFT_VOL1-MasterJustificationBook_Air_Force_PB_2013.zzz_unzipped-MasterJustificationBook_Air_Force_PB_2013.xml","6d2a5a5d589018a44e3cbf52cb1c912bfc2ae7ebfa3167c185f32baeccefdb83","0-a7afae0e49c1e9fb06f8cd36bf7dbb2737730bd50cc0f1fe513df57b82d44ffe","","","","","","191-61df24a05d1b0499da2c41c95144fb2b66dd337249f0f0940b60277e481e3c12","root"
"For FY 2013 EOQ/Long Lead","0","","","","0","0","","","","","","","2013-BASE_PROCUREMENT-2013-NAVY_AIRCRAFT_BA1-4-JustificationBook_Navy_PB_2013.zzz_unzipped-JustificationBook_Navy_PB_2013.xml","117c169a68235fff5682580ef1182034c5b0c336d258b4d2bc16ac17e2d2a653","0-cec8c27a7e86884545ad33878b6e0719dd3b8c5316195a187569cec001479afa","0","","","","","1056-41ef7214ee8706eb913d15c98f6f610b8ec1cbcce8949f8a7f86d44b69f680d6","root"
"For FY 2014 EOQ/Long Lead","0","","","","0","0","","","","","","","2013-BASE_PROCUREMENT-2013-NAVY_AIRCRAFT_BA1-4-JustificationBook_Navy_PB_2013.zzz_unzipped-JustificationBook_Navy_PB_2013.xml","117c169a68235fff5682580ef1182034c5b0c336d258b4d2bc16ac17e2d2a653","1-261bf753507878d26a86df5095b49f68b5b57cbd6a34113c07421c1afebf4f15","0","","","","","1056-41ef7214ee8706eb913d15c98f6f610b8ec1cbcce8949f8a7f86d44b69f680d6","root"
"For FY 2015 EOQ/Long Lead","0","","","","0","0","","","","","","","2013-BASE_PROCUREMENT-2013-NAVY_AIRCRAFT_BA1-4-JustificationBook_Navy_PB_2013.zzz_unzipped-JustificationBook_Navy_PB_2013.xml","117c169a68235fff5682580ef1182034c5b0c336d258b4d2bc16ac17e2d2a653","2-5a53e1d031517466c7b6e3ecebdba36635a3ecef264f867e2f69aaf1412872b1","0","","","","","1056-41ef7214ee8706eb913d15c98f6f610b8ec1cbcce8949f8a7f86d44b69f680d6","root"
"For FY 2016 EOQ/Long Lead","0","","","","0","0","","","","","","","2013-BASE_PROCUREMENT-2013-NAVY_AIRCRAFT_BA1-4-JustificationBook_Navy_PB_2013.zzz_unzipped-JustificationBook_Navy_PB_2013.xml","117c169a68235fff5682580ef1182034c5b0c336d258b4d2bc16ac17e2d2a653","3-ce621f2b55d60df977dfdb1798b165acdc0cea9a2edb267a9fedc8adfc14b279","0","","","","","1056-41ef7214ee8706eb913d15c98f6f610b8ec1cbcce8949f8a7f86d44b69f680d6","root"
"For FY 2017 EOQ/Long Lead","0","","","","0","0","","","","","","","2013-BASE_PROCUREMENT-2013-NAVY_AIRCRAFT_BA1-4-JustificationBook_Navy_PB_2013.zzz_unzipped-JustificationBook_Navy_PB_2013.xml","117c169a68235fff5682580ef1182034c5b0c336d258b4d2bc16ac17e2d2a653","4-a346a1a2ea0772f79aaf23579bd3e7d4f4d2cecbed3990f143b3e8ac67ba803c","0","","","","","1056-41ef7214ee8706eb913d15c98f6f610b8ec1cbcce8949f8a7f86d44b69f680d6","root"
"Airframe For FY 2013 EOQ/Long Lead","0","","","67.469","0","0","","","","","","","2013-BASE_PROCUREMENT-2013-NAVY_AIRCRAFT_BA1-4-JustificationBook_Navy_PB_2013.zzz_unzipped-JustificationBook_Navy_PB_2013.xml","b9d48f24ecf1fb0dc0353ad3f9cd91e926e2f3fda1f537c2caa93bb44b898f3b","0-e25d63f19b37b29589e45b6ab85e4fd06d19c8e4a5572366a889ed746af8327e","0","","","","","1062-f3057ad558d5de987406d8349fdc295e741500a0c1567691494313ffb0db5fd2","root"
"Airframe For FY 2014 EOQ/Long Lead","0","","","3.037","54.472","0","","","","","","","2013-BASE_PROCUREMENT-2013-NAVY_AIRCRAFT_BA1-4-JustificationBook_Navy_PB_2013.zzz_unzipped-JustificationBook_Navy_PB_2013.xml","b9d48f24ecf1fb0dc0353ad3f9cd91e926e2f3fda1f537c2caa93bb44b898f3b","1-3e39d53107534ca53c0aa55a8bced361df5a3e5fb85fc7fccb61ffa3eaf6ae97","0","","","","","1062-f3057ad558d5de987406d8349fdc295e741500a0c1567691494313ffb0db5fd2","root"
"Airframe For FY 2015 EOQ/Long Lead","0","","","1.961","4.047","0","","","","","","","2013-BASE_PROCUREMENT-2013-NAVY_AIRCRAFT_BA1-4-JustificationBook_Navy_PB_2013.zzz_unzipped-JustificationBook_Navy_PB_2013.xml","b9d48f24ecf1fb0dc0353ad3f9cd91e926e2f3fda1f537c2caa93bb44b898f3b","2-85c2a90e727cc15d55dfda81097a8b10ccb6895cd325531ec25530a66175f905","0","","","","","1062-f3057ad558d5de987406d8349fdc295e741500a0c1567691494313ffb0db5fd2","root"
"Airframe For FY 2016 EOQ/Long Lead","0","","","2.338","3.737","0","","","","","","","2013-BASE_PROCUREMENT-2013-NAVY_AIRCRAFT_BA1-4-JustificationBook_Navy_PB_2013.zzz_unzipped-JustificationBook_Navy_PB_2013.xml","b9d48f24ecf1fb0dc0353ad3f9cd91e926e2f3fda1f537c2caa93bb44b898f3b","3-32127eba88df72f6fe2f76fb80c6e5abd1de9f9d186cf56e4bbf5f5818a39a8f","0","","","","","1062-f3057ad558d5de987406d8349fdc295e741500a0c1567691494313ffb0db5fd2","root"
"CC/Avionics For FY 2013 EOQ/Long Lead","0","","","59.037","0","0","","","","","","","2013-BASE_PROCUREMENT-2013-NAVY_AIRCRAFT_BA1-4-JustificationBook_Navy_PB_2013.zzz_unzipped-JustificationBook_Navy_PB_2013.xml","b9d48f24ecf1fb0dc0353ad3f9cd91e926e2f3fda1f537c2caa93bb44b898f3b","4-fd72c5a1db1a7083562dbbd87b751c1fda32dbccdd64d0eea3adf339f910b63a","0","","","","","1062-f3057ad558d5de987406d8349fdc295e741500a0c1567691494313ffb0db5fd2","root"
"CC/Avionics For FY 2014 EOQ/Long Lead","0","","","63.176","28.026","0","","","","","","","2013-BASE_PROCUREMENT-2013-NAVY_AIRCRAFT_BA1-4-JustificationBook_Navy_PB_2013.zzz_unzipped-JustificationBook_Navy_PB_2013.xml","b9d48f24ecf1fb0dc0353ad3f9cd91e926e2f3fda1f537c2caa93bb44b898f3b","5-96cd4ba8af525be777c671d92d281f0150852df93b31873a9a9cdcf48c25cb4a","0","","","","","1062-f3057ad558d5de987406d8349fdc295e741500a0c1567691494313ffb0db5fd2","root"
"CC/Avionics For FY 2015 EOQ/Long Lead","0","","","4.5","91.314","0","","","","","","","2013-BASE_PROCUREMENT-2013-NAVY_AIRCRAFT_BA1-4-JustificationBook_Navy_PB_2013.zzz_unzipped-JustificationBook_Navy_PB_2013.xml","b9d48f24ecf1fb0dc0353ad3f9cd91e926e2f3fda1f537c2caa93bb44b898f3b","6-717183fb102f31a7e54feef46f87ac8d8a00170ddd4d16de046f9a0b9207b3d9","0","","","","","1062-f3057ad558d5de987406d8349fdc295e741500a0c1567691494313ffb0db5fd2","root"
"CC/Avionics For FY 2016 EOQ/Long Lead","0","","","4.5","2","0","","","","","","","2013-BASE_PROCUREMENT-2013-NAVY_AIRCRAFT_BA1-4-JustificationBook_Navy_PB_2013.zzz_unzipped-JustificationBook_Navy_PB_2013.xml","b9d48f24ecf1fb0dc0353ad3f9cd91e926e2f3fda1f537c2caa93bb44b898f3b","7-b3eadba34755ddf7dbea746473dd9dfcd30227561d5f7400461aacb3aeb80235","0","","","","","1062-f3057ad558d5de987406d8349fdc295e741500a0c1567691494313ffb0db5fd2","root"
"For FY 2013 EOQ/Long Lead","0","","","","0","0","","","","","","","2013-BASE_PROCUREMENT-2013-NAVY_AIRCRAFT_BA1-4-JustificationBook_Navy_PB_2013.zzz_unzipped-JustificationBook_Navy_PB_2013.xml","62ca14cc634acb0c901935df39de84860d1f64314c02973b24f410208b3cf78e","0-844c88b7ac6deb3f21d81d50dd5d18046d0a3a0df92e628e4a553d0be5b8a8d9","0","","","","","1064-ca5c95f9f70cc9bb4b269bd6803256da5217e16d907c8fd1f81f7f4f0ace8a90","root"
"For FY 2014 EOQ/Long Lead","0","","","","0","0","","","","","","","2013-BASE_PROCUREMENT-2013-NAVY_AIRCRAFT_BA1-4-JustificationBook_Navy_PB_2013.zzz_unzipped-JustificationBook_Navy_PB_2013.xml","62ca14cc634acb0c901935df39de84860d1f64314c02973b24f410208b3cf78e","1-410d35b5c70b7c856a60301d3949c402cf00478c9c77890f57c2fe8760654e91","0","","","","","1064-ca5c95f9f70cc9bb4b269bd6803256da5217e16d907c8fd1f81f7f4f0ace8a90","root"
"For FY 2015 EOQ/Long Lead","0","","","","0","0","","","","","","","2013-BASE_PROCUREMENT-2013-NAVY_AIRCRAFT_BA1-4-JustificationBook_Navy_PB_2013.zzz_unzipped-JustificationBook_Navy_PB_2013.xml","62ca14cc634acb0c901935df39de84860d1f64314c02973b24f410208b3cf78e","2-90275a18ecf945672f7df87c3eb271d6cbd2c28c0aa1f5b00a13ca99adb85a6f","0","","","","","1064-ca5c95f9f70cc9bb4b269bd6803256da5217e16d907c8fd1f81f7f4f0ace8a90","root"
"For FY 2016 EOQ/Long Lead","0","","","","0","0","","","","","","","2013-BASE_PROCUREMENT-2013-NAVY_AIRCRAFT_BA1-4-JustificationBook_Navy_PB_2013.zzz_unzipped-JustificationBook_Navy_PB_2013.xml","62ca14cc634acb0c901935df39de84860d1f64314c02973b24f410208b3cf78e","3-e36a4ac9a2498902cf0140ffcb4ff0142cf5973ce89844c570788a80515ed5ff","0","","","","","1064-ca5c95f9f70cc9bb4b269bd6803256da5217e16d907c8fd1f81f7f4f0ace8a90","root"
"For FY 2017 EOQ/Long Lead","0","","","","0","0","","","","","","","2013-BASE_PROCUREMENT-2013-NAVY_AIRCRAFT_BA1-4-JustificationBook_Navy_PB_2013.zzz_unzipped-JustificationBook_Navy_PB_2013.xml","62ca14cc634acb0c901935df39de84860d1f64314c02973b24f410208b3cf78e","4-4946b9fb211dc5f3932152ff4aca9c8aee00124f46b9cde867e238fed4535635","0","","","","","1064-ca5c95f9f70cc9bb4b269bd6803256da5217e16d907c8fd1f81f7f4f0ace8a90","root"
"Prior Years EOQ/Long Lead","0","538.598","","","0","0","","","","","","","2013-BASE_PROCUREMENT-2013-NAVY_AIRCRAFT_BA1-4-JustificationBook_Navy_PB_2013.zzz_unzipped-JustificationBook_Navy_PB_2013.xml","c58f3e1b9e38e357fc3c36cb6204a5182b2e132e43a0c2e90cc87c9d07cd04f0","0-7ee7e29e1fda82bb8b8ac52f9cacc1b24214b7e6436d215dbe08f116d28459e6","1","","","","","1066-2130ac077f460eaf5396a5799bebfcfc51e947399c6375d2893861fc29aaa3ee","root"
"For FY13 EOQ/Long Lead","0","","","","0","0","","","","","","","2013-BASE_PROCUREMENT-2013-NAVY_AIRCRAFT_BA1-4-JustificationBook_Navy_PB_2013.zzz_unzipped-JustificationBook_Navy_PB_2013.xml","35ba065fc15348b04ce24529e69be9f99c6cbf65b10c2c0aa5e1f211a03d3de7","0-8fc44f71d481f585fdec0b555ccf15afc5c4339f9d3754b20a089adde189fa0a","0","","","","","1072-800ff3d6b923b9623ee3998495d3570fb5916ff40e73cbf216ad061d176ba00d","root"
"For FY14 EOQ/Long Lead","0","","","","0","0","","","","","","","2013-BASE_PROCUREMENT-2013-NAVY_AIRCRAFT_BA1-4-JustificationBook_Navy_PB_2013.zzz_unzipped-JustificationBook_Navy_PB_2013.xml","35ba065fc15348b04ce24529e69be9f99c6cbf65b10c2c0aa5e1f211a03d3de7","1-449d485b0a7f76d77755d527870782991880f711d5294ebb407cce843c948748","0","","","","","1072-800ff3d6b923b9623ee3998495d3570fb5916ff40e73cbf216ad061d176ba00d","root"
"For FY15 EOQ/Long Lead","0","","","","0","0","","","","","","","2013-BASE_PROCUREMENT-2013-NAVY_AIRCRAFT_BA1-4-JustificationBook_Navy_PB_2013.zzz_unzipped-JustificationBook_Navy_PB_2013.xml","35ba065fc15348b04ce24529e69be9f99c6cbf65b10c2c0aa5e1f211a03d3de7","2-165e8896fe997ed522097839b2aa63ee4d078422737637508d4c565217a76bb0","0","","","","","1072-800ff3d6b923b9623ee3998495d3570fb5916ff40e73cbf216ad061d176ba00d","root"
"For FY16 EOQ/Long Lead","0","","","","0","0","","","","","","","2013-BASE_PROCUREMENT-2013-NAVY_AIRCRAFT_BA1-4-JustificationBook_Navy_PB_2013.zzz_unzipped-JustificationBook_Navy_PB_2013.xml","35ba065fc15348b04ce24529e69be9f99c6cbf65b10c2c0aa5e1f211a03d3de7","3-89bb570b79878580ea4068086ff0b6793ae81519d6c7075c9dfb938ffee463e0","0","","","","","1072-800ff3d6b923b9623ee3998495d3570fb5916ff40e73cbf216ad061d176ba00d","root"
"For FY17 EOQ/Long Lead","0","","","","0","0","","","","","","","2013-BASE_PROCUREMENT-2013-NAVY_AIRCRAFT_BA1-4-JustificationBook_Navy_PB_2013.zzz_unzipped-JustificationBook_Navy_PB_2013.xml","35ba065fc15348b04ce24529e69be9f99c6cbf65b10c2c0aa5e1f211a03d3de7","4-081ca92c49e400d8d002cf32f12ab8b946ac0d10907a5636ea5286f6e110dad2","0","","","","","1072-800ff3d6b923b9623ee3998495d3570fb5916ff40e73cbf216ad061d176ba00d","root"
"EOQ/Long Lead (Prior Years)","0","364.235","","","0","0","","","","","","","2013-BASE_PROCUREMENT-2013-NAVY_AIRCRAFT_BA1-4-JustificationBook_Navy_PB_2013.zzz_unzipped-JustificationBook_Navy_PB_2013.xml","726c637195c83e4c0a7ae20346d13ed0b7692dc152694d77e984d871c4d21a8a","0-ecc94e403be1e92612a1747320359829bb6f1692543cb335c00c7711fbbde94e","0","","","","","1075-ae137db0aaac9eba72677b75edac5045ed95087e93e7ff8bdcd466029081896c","root"
"For FY 11 EOQ/Long Lead","0","138.236","","","0","0","","","","","","","2013-BASE_PROCUREMENT-2013-NAVY_AIRCRAFT_BA1-4-JustificationBook_Navy_PB_2013.zzz_unzipped-JustificationBook_Navy_PB_2013.xml","88900f9fefa8c2efa538b7df0981031e5954f9d461c6376f83fc0b897746a2a5","0-843e1cfd9dfbe4811dea95012e3a6f5d6460aa292ef9a88de7eb4c393c6865ac","0","","","","","1081-cebd3079ba9fd6556edc1fa1f260912416b837fc3c838605336617faeb9bd89f","root"
"For FY 12 EOQ/Long Lead","0","58.869","73.098","","0","0","","","","","","","2013-BASE_PROCUREMENT-2013-NAVY_AIRCRAFT_BA1-4-JustificationBook_Navy_PB_2013.zzz_unzipped-JustificationBook_Navy_PB_2013.xml","88900f9fefa8c2efa538b7df0981031e5954f9d461c6376f83fc0b897746a2a5","1-c0254c5fac439ba843f2e71d824c3e0e1d8732ab4792ef6372d91b29fad39f37","0","","","","","1081-cebd3079ba9fd6556edc1fa1f260912416b837fc3c838605336617faeb9bd89f","root"
"For FY 13 EOQ/Long Lead","0","","","59.073","0","0","","","","","","","2013-BASE_PROCUREMENT-2013-NAVY_AIRCRAFT_BA1-4-JustificationBook_Navy_PB_2013.zzz_unzipped-JustificationBook_Navy_PB_2013.xml","88900f9fefa8c2efa538b7df0981031e5954f9d461c6376f83fc0b897746a2a5","2-11c897d12536f87911dd9e7fa2f9189fddca7e8540071ec529691a2cb9bb22e8","0","","","","","1081-cebd3079ba9fd6556edc1fa1f260912416b837fc3c838605336617faeb9bd89f","root"
"For FY 14 EOQ/Long Lead","0","","","","64.798","0","","","","","","","2013-BASE_PROCUREMENT-2013-NAVY_AIRCRAFT_BA1-4-JustificationBook_Navy_PB_2013.zzz_unzipped-JustificationBook_Navy_PB_2013.xml","88900f9fefa8c2efa538b7df0981031e5954f9d461c6376f83fc0b897746a2a5","3-a4caa00aadf81df06d9b17520799bbc0a7d94adcd6569524f4270278b0af1c9d","0","","","","","1081-cebd3079ba9fd6556edc1fa1f260912416b837fc3c838605336617faeb9bd89f","root"
"For FY 15 EOQ/Long Lead","0","","","","31.756","0","","","","","","","2013-BASE_PROCUREMENT-2013-NAVY_AIRCRAFT_BA1-4-JustificationBook_Navy_PB_2013.zzz_unzipped-JustificationBook_Navy_PB_2013.xml","88900f9fefa8c2efa538b7df0981031e5954f9d461c6376f83fc0b897746a2a5","4-c93fc45aa051cb9df705151371a909b74f586deaeb0dc809b136213788881264","0","","","","","1081-cebd3079ba9fd6556edc1fa1f260912416b837fc3c838605336617faeb9bd89f","root"
"For FY 16 EOQ/Long Lead","0","","","","29.601","0","","","","","","","2013-BASE_PROCUREMENT-2013-NAVY_AIRCRAFT_BA1-4-JustificationBook_Navy_PB_2013.zzz_unzipped-JustificationBook_Navy_PB_2013.xml","88900f9fefa8c2efa538b7df0981031e5954f9d461c6376f83fc0b897746a2a5","5-b605c284ca0fa68861928da55de7f58dc49cd92fcf82a9e65a7e7c4d30787b74","0","","","","","1081-cebd3079ba9fd6556edc1fa1f260912416b837fc3c838605336617faeb9bd89f","root"
"For FY 17 EOQ/Long Lead","0","","","","22.324","0","","","","","","","2013-BASE_PROCUREMENT-2013-NAVY_AIRCRAFT_BA1-4-JustificationBook_Navy_PB_2013.zzz_unzipped-JustificationBook_Navy_PB_2013.xml","88900f9fefa8c2efa538b7df0981031e5954f9d461c6376f83fc0b897746a2a5","6-e10e1d12ec1bc504847a3bf4cb2aa465a11f8b3a7e5cda0f19b55d474874fa69","0","","","","","1081-cebd3079ba9fd6556edc1fa1f260912416b837fc3c838605336617faeb9bd89f","root"
"For FY 2013 EOQ/Long Lead","0","","","","0","0","","","","","","","2013-BASE_PROCUREMENT-2013-NAVY_AIRCRAFT_BA7-MasterJustificationBook_Navy_PB_2013.zzz_unzipped-MasterJustificationBook_Navy_PB_2013.xml","fc4ad63a37f11443d049b6c774a2c3a61b497f69db08ea5c5de15e3106a0de6f","0-d4f31f7ec0775192c46cae2cdabf150c9a0dc852601b8fcfc0912175ec7c15f5","0","","","","","1083-86942710a4715dbf9b1b5a4a406b58be4a7c3c212018a14cb0c770a88c272b0c","root"
"For FY 2014 EOQ/Long Lead","0","","","","0","0","","","","","","","2013-BASE_PROCUREMENT-2013-NAVY_AIRCRAFT_BA7-MasterJustificationBook_Navy_PB_2013.zzz_unzipped-MasterJustificationBook_Navy_PB_2013.xml","fc4ad63a37f11443d049b6c774a2c3a61b497f69db08ea5c5de15e3106a0de6f","1-f707dd0407a8bb4a9ab700c8edbbf1b4a6126714b0915b5aff69b707245abb11","0","","","","","1083-86942710a4715dbf9b1b5a4a406b58be4a7c3c212018a14cb0c770a88c272b0c","root"
"For FY 2015 EOQ/Long Lead","0","","","","0","0","","","","","","","2013-BASE_PROCUREMENT-2013-NAVY_AIRCRAFT_BA7-MasterJustificationBook_Navy_PB_2013.zzz_unzipped-MasterJustificationBook_Navy_PB_2013.xml","fc4ad63a37f11443d049b6c774a2c3a61b497f69db08ea5c5de15e3106a0de6f","2-88ae81917a6e7a1f639a29b6b05c00a0d5f2174c8a711c3b64eb0f0e7429af78","0","","","","","1083-86942710a4715dbf9b1b5a4a406b58be4a7c3c212018a14cb0c770a88c272b0c","root"
"For FY 2016 EOQ/Long Lead","0","","","","0","0","","","","","","","2013-BASE_PROCUREMENT-2013-NAVY_AIRCRAFT_BA7-MasterJustificationBook_Navy_PB_2013.zzz_unzipped-MasterJustificationBook_Navy_PB_2013.xml","fc4ad63a37f11443d049b6c774a2c3a61b497f69db08ea5c5de15e3106a0de6f","3-6e810cff7e85815ef6cdd03fde0472a3da90b26323602acc9bc012874a039f2b","0","","","","","1083-86942710a4715dbf9b1b5a4a406b58be4a7c3c212018a14cb0c770a88c272b0c","root"
"For FY 2017 EOQ/Long Lead","0","","","","0","0","","","","","","","2013-BASE_PROCUREMENT-2013-NAVY_AIRCRAFT_BA7-MasterJustificationBook_Navy_PB_2013.zzz_unzipped-MasterJustificationBook_Navy_PB_2013.xml","fc4ad63a37f11443d049b6c774a2c3a61b497f69db08ea5c5de15e3106a0de6f","4-f597fb109b06d21c165f5e5fab5ad0123de61ba4b6e079030c09b5acdffd6483","0","","","","","1083-86942710a4715dbf9b1b5a4a406b58be4a7c3c212018a14cb0c770a88c272b0c","root"
"Airframe For FY 2013 EOQ/Long Lead","0","","","67.469","0","0","","","","","","","2013-BASE_PROCUREMENT-2013-NAVY_AIRCRAFT_BA7-MasterJustificationBook_Navy_PB_2013.zzz_unzipped-MasterJustificationBook_Navy_PB_2013.xml","6b43da5773fdddd6745e6a9177c3b5322c6d5d599a05e656a65c474843726605","0-b897bd67c4648340a205dc768fdcac0fd3ae1556fba1958d049d3e7b90e55c2b","0","","","","","1089-29f834d186c2f05b53ad6960a47ef943c892b1854053b43dd935cd6118b66a04","root"
"Airframe For FY 2014 EOQ/Long Lead","0","","","3.037","54.472","0","","","","","","","2013-BASE_PROCUREMENT-2013-NAVY_AIRCRAFT_BA7-MasterJustificationBook_Navy_PB_2013.zzz_unzipped-MasterJustificationBook_Navy_PB_2013.xml","6b43da5773fdddd6745e6a9177c3b5322c6d5d599a05e656a65c474843726605","1-4b29a2005f97caf96de1294b812f477ba1f55dd93506df42838a436c6980407a","0","","","","","1089-29f834d186c2f05b53ad6960a47ef943c892b1854053b43dd935cd6118b66a04","root"
"Airframe For FY 2015 EOQ/Long Lead","0","","","1.961","4.047","0","","","","","","","2013-BASE_PROCUREMENT-2013-NAVY_AIRCRAFT_BA7-MasterJustificationBook_Navy_PB_2013.zzz_unzipped-MasterJustificationBook_Navy_PB_2013.xml","6b43da5773fdddd6745e6a9177c3b5322c6d5d599a05e656a65c474843726605","2-ee7861c85505ecf8726faa7622ea91df04d7a6207c816ed4e0f19cfddd9eadbe","0","","","","","1089-29f834d186c2f05b53ad6960a47ef943c892b1854053b43dd935cd6118b66a04","root"
"Airframe For FY 2016 EOQ/Long Lead","0","","","2.338","3.737","0","","","","","","","2013-BASE_PROCUREMENT-2013-NAVY_AIRCRAFT_BA7-MasterJustificationBook_Navy_PB_2013.zzz_unzipped-MasterJustificationBook_Navy_PB_2013.xml","6b43da5773fdddd6745e6a9177c3b5322c6d5d599a05e656a65c474843726605","3-61ef0028925ae09ce510f5c35b0c6a5249226948161d4c40ef7657d24c706226","0","","","","","1089-29f834d186c2f05b53ad6960a47ef943c892b1854053b43dd935cd6118b66a04","root"
"CC/Avionics For FY 2013 EOQ/Long Lead","0","","","59.037","0","0","","","","","","","2013-BASE_PROCUREMENT-2013-NAVY_AIRCRAFT_BA7-MasterJustificationBook_Navy_PB_2013.zzz_unzipped-MasterJustificationBook_Navy_PB_2013.xml","6b43da5773fdddd6745e6a9177c3b5322c6d5d599a05e656a65c474843726605","4-e78ab553cf17ab264bc4c1be938694cdf88dd2d9c1ab5d45ff97940576ced176","0","","","","","1089-29f834d186c2f05b53ad6960a47ef943c892b1854053b43dd935cd6118b66a04","root"
"CC/Avionics For FY 2014 EOQ/Long Lead","0","","","63.176","28.026","0","","","","","","","2013-BASE_PROCUREMENT-2013-NAVY_AIRCRAFT_BA7-MasterJustificationBook_Navy_PB_2013.zzz_unzipped-MasterJustificationBook_Navy_PB_2013.xml","6b43da5773fdddd6745e6a9177c3b5322c6d5d599a05e656a65c474843726605","5-c8787df559c668e4288672baad135d14a3d3beba247b71963255ad246713889e","0","","","","","1089-29f834d186c2f05b53ad6960a47ef943c892b1854053b43dd935cd6118b66a04","root"
"CC/Avionics For FY 2015 EOQ/Long Lead","0","","","4.5","91.314","0","","","","","","","2013-BASE_PROCUREMENT-2013-NAVY_AIRCRAFT_BA7-MasterJustificationBook_Navy_PB_2013.zzz_unzipped-MasterJustificationBook_Navy_PB_2013.xml","6b43da5773fdddd6745e6a9177c3b5322c6d5d599a05e656a65c474843726605","6-3c78099544520a292cc553acaf8be0067089ed6b0bbbba01268dc5d9201d26d9","0","","","","","1089-29f834d186c2f05b53ad6960a47ef943c892b1854053b43dd935cd6118b66a04","root"
"CC/Avionics For FY 2016 EOQ/Long Lead","0","","","4.5","2","0","","","","","","","2013-BASE_PROCUREMENT-2013-NAVY_AIRCRAFT_BA7-MasterJustificationBook_Navy_PB_2013.zzz_unzipped-MasterJustificationBook_Navy_PB_2013.xml","6b43da5773fdddd6745e6a9177c3b5322c6d5d599a05e656a65c474843726605","7-c2d8fc658b8318ea72d214a2a678d6cadd5ed60b5a74fa84971013c28c26d59e","0","","","","","1089-29f834d186c2f05b53ad6960a47ef943c892b1854053b43dd935cd6118b66a04","root"
"For FY 2013 EOQ/Long Lead","0","","","","0","0","","","","","","","2013-BASE_PROCUREMENT-2013-NAVY_AIRCRAFT_BA7-MasterJustificationBook_Navy_PB_2013.zzz_unzipped-MasterJustificationBook_Navy_PB_2013.xml","a239252c2db994d3d59f63231ca3c22a219233e70e30c14c66a0ba0cdfbe6d4f","0-d45fa0e301c1c730021bb486752a2a2ffb80d4862f6e9d9201ad34e08c767b25","0","","","","","1091-9c89245a727848b397c33ab80dbe8d0eb8b7d2e463a1024c65eaf2f77551dfc9","root"
"For FY 2014 EOQ/Long Lead","0","","","","0","0","","","","","","","2013-BASE_PROCUREMENT-2013-NAVY_AIRCRAFT_BA7-MasterJustificationBook_Navy_PB_2013.zzz_unzipped-MasterJustificationBook_Navy_PB_2013.xml","a239252c2db994d3d59f63231ca3c22a219233e70e30c14c66a0ba0cdfbe6d4f","1-ff865735fa945233c44a044fe99500e1d509aeac224ab112f4c07b64d06b9c1c","0","","","","","1091-9c89245a727848b397c33ab80dbe8d0eb8b7d2e463a1024c65eaf2f77551dfc9","root"
"For FY 2015 EOQ/Long Lead","0","","","","0","0","","","","","","","2013-BASE_PROCUREMENT-2013-NAVY_AIRCRAFT_BA7-MasterJustificationBook_Navy_PB_2013.zzz_unzipped-MasterJustificationBook_Navy_PB_2013.xml","a239252c2db994d3d59f63231ca3c22a219233e70e30c14c66a0ba0cdfbe6d4f","2-b2c2d045c0738eed32138edd6f2dcad3949df9ea25b194962e6b154a81e12870","0","","","","","1091-9c89245a727848b397c33ab80dbe8d0eb8b7d2e463a1024c65eaf2f77551dfc9","root"
"For FY 2016 EOQ/Long Lead","0","","","","0","0","","","","","","","2013-BASE_PROCUREMENT-2013-NAVY_AIRCRAFT_BA7-MasterJustificationBook_Navy_PB_2013.zzz_unzipped-MasterJustificationBook_Navy_PB_2013.xml","a239252c2db994d3d59f63231ca3c22a219233e70e30c14c66a0ba0cdfbe6d4f","3-deb9282dcd50b88f7fb4aed967651a556bb2b194ef5bd46ecb039f1d558a37a6","0","","","","","1091-9c89245a727848b397c33ab80dbe8d0eb8b7d2e463a1024c65eaf2f77551dfc9","root"
"For FY 2017 EOQ/Long Lead","0","","","","0","0","","","","","","","2013-BASE_PROCUREMENT-2013-NAVY_AIRCRAFT_BA7-MasterJustificationBook_Navy_PB_2013.zzz_unzipped-MasterJustificationBook_Navy_PB_2013.xml","a239252c2db994d3d59f63231ca3c22a219233e70e30c14c66a0ba0cdfbe6d4f","4-3cbb553cca3d9f989094123529be50fddee3674d31a94c41ab573a009c5b22b6","0","","","","","1091-9c89245a727848b397c33ab80dbe8d0eb8b7d2e463a1024c65eaf2f77551dfc9","root"
"Prior Years EOQ/Long Lead","0","538.598","","","0","0","","","","","","","2013-BASE_PROCUREMENT-2013-NAVY_AIRCRAFT_BA7-MasterJustificationBook_Navy_PB_2013.zzz_unzipped-MasterJustificationBook_Navy_PB_2013.xml","f574b404c7e4bb0b9eaa9bd06310ba954fd8383396e28c51365d22c8228792d8","0-7c5c0e77e43e0b5734b50031450beafe8662787e3776e738f6f2cf22fc788799","1","","","","","1093-46a6d6629b4b18bda0eca261d79b8d26671323eba7d2c091e221d412a6dbc8c2","root"
"For FY13 EOQ/Long Lead","0","","","","0","0","","","","","","","2013-BASE_PROCUREMENT-2013-NAVY_AIRCRAFT_BA7-MasterJustificationBook_Navy_PB_2013.zzz_unzipped-MasterJustificationBook_Navy_PB_2013.xml","a2cf9a9f7e41de0e4e8e70c616aab683dbff4c199053caf8b648f74fa8d86680","0-e6330ead3b56a931caff51a147c529bd5dbd32eba15bd50bb4d08dbd50bbc3e7","0","","","","","1099-41ef3aa16a0f4c1ed58041c9b4ea8ce396b7d7d6c8afd7279675b7e985ad8fd9","root"
"For FY14 EOQ/Long Lead","0","","","","0","0","","","","","","","2013-BASE_PROCUREMENT-2013-NAVY_AIRCRAFT_BA7-MasterJustificationBook_Navy_PB_2013.zzz_unzipped-MasterJustificationBook_Navy_PB_2013.xml","a2cf9a9f7e41de0e4e8e70c616aab683dbff4c199053caf8b648f74fa8d86680","1-1498682148753140587639116f237767ca759a4894fe04f1bddac03d4ec0414b","0","","","","","1099-41ef3aa16a0f4c1ed58041c9b4ea8ce396b7d7d6c8afd7279675b7e985ad8fd9","root"
"For FY15 EOQ/Long Lead","0","","","","0","0","","","","","","","2013-BASE_PROCUREMENT-2013-NAVY_AIRCRAFT_BA7-MasterJustificationBook_Navy_PB_2013.zzz_unzipped-MasterJustificationBook_Navy_PB_2013.xml","a2cf9a9f7e41de0e4e8e70c616aab683dbff4c199053caf8b648f74fa8d86680","2-2a90960580898c0c0ac53bc11d300c021da90be2493a0a02e7625d5d76c97ccc","0","","","","","1099-41ef3aa16a0f4c1ed58041c9b4ea8ce396b7d7d6c8afd7279675b7e985ad8fd9","root"
"For FY16 EOQ/Long Lead","0","","","","0","0","","","","","","","2013-BASE_PROCUREMENT-2013-NAVY_AIRCRAFT_BA7-MasterJustificationBook_Navy_PB_2013.zzz_unzipped-MasterJustificationBook_Navy_PB_2013.xml","a2cf9a9f7e41de0e4e8e70c616aab683dbff4c199053caf8b648f74fa8d86680","3-1d112d424f4c72701f13a7775a86fb165c6252ebb2ef33c603b82e794b1df2c7","0","","","","","1099-41ef3aa16a0f4c1ed58041c9b4ea8ce396b7d7d6c8afd7279675b7e985ad8fd9","root"
"For FY17 EOQ/Long Lead","0","","","","0","0","","","","","","","2013-BASE_PROCUREMENT-2013-NAVY_AIRCRAFT_BA7-MasterJustificationBook_Navy_PB_2013.zzz_unzipped-MasterJustificationBook_Navy_PB_2013.xml","a2cf9a9f7e41de0e4e8e70c616aab683dbff4c199053caf8b648f74fa8d86680","4-0f282edcf2d9dc5c3c5e1a62b85df643925d835d16ae2bcfaa4c4c096f0b6457","0","","","","","1099-41ef3aa16a0f4c1ed58041c9b4ea8ce396b7d7d6c8afd7279675b7e985ad8fd9","root"
"EOQ/Long Lead (Prior Years)","0","364.235","","","0","0","","","","","","","2013-BASE_PROCUREMENT-2013-NAVY_AIRCRAFT_BA7-MasterJustificationBook_Navy_PB_2013.zzz_unzipped-MasterJustificationBook_Navy_PB_2013.xml","e21141c5bdc26da71ac5ea984451900c0d04cdb459ada4454fef17e3e0d037e3","0-a2bb93a842656bc97aabc8cf1837e9c671b7f9c72431bb3527f70f6093cd0ba1","0","","","","","1102-32b5768ae05b3bc7ecb06c1b7a7ad376ae67a2b263e13eb63692164cf031df48","root"
"For FY 11 EOQ/Long Lead","0","138.236","","","0","0","","","","","","","2013-BASE_PROCUREMENT-2013-NAVY_AIRCRAFT_BA7-MasterJustificationBook_Navy_PB_2013.zzz_unzipped-MasterJustificationBook_Navy_PB_2013.xml","7597bbdd4d25ec92c5844fecacfdaaaa10c12e15befbde6f7b81db23360e002e","0-ec9888515e480bae3b31a110129d81cc31a78b12074a6950505c3bb03d8ca441","0","","","","","1108-c9856b0a72e1b06fdf79b9b5dcb55443b807ec5c5a2aa02dc8f86cb9a963d059","root"
"For FY 12 EOQ/Long Lead","0","58.869","73.098","","0","0","","","","","","","2013-BASE_PROCUREMENT-2013-NAVY_AIRCRAFT_BA7-MasterJustificationBook_Navy_PB_2013.zzz_unzipped-MasterJustificationBook_Navy_PB_2013.xml","7597bbdd4d25ec92c5844fecacfdaaaa10c12e15befbde6f7b81db23360e002e","1-abb1da378efc8345b0b2bf38ad93aa2289512902d650e4d2477a0fb2790d183f","0","","","","","1108-c9856b0a72e1b06fdf79b9b5dcb55443b807ec5c5a2aa02dc8f86cb9a963d059","root"
"For FY 13 EOQ/Long Lead","0","","","59.073","0","0","","","","","","","2013-BASE_PROCUREMENT-2013-NAVY_AIRCRAFT_BA7-MasterJustificationBook_Navy_PB_2013.zzz_unzipped-MasterJustificationBook_Navy_PB_2013.xml","7597bbdd4d25ec92c5844fecacfdaaaa10c12e15befbde6f7b81db23360e002e","2-1e2d6532e4b1779bc46b988cb69ca75345df9e6751ed2997ab79cd8f450ad9a1","0","","","","","1108-c9856b0a72e1b06fdf79b9b5dcb55443b807ec5c5a2aa02dc8f86cb9a963d059","root"
"For FY 14 EOQ/Long Lead","0","","","","64.798","0","","","","","","","2013-BASE_PROCUREMENT-2013-NAVY_AIRCRAFT_BA7-MasterJustificationBook_Navy_PB_2013.zzz_unzipped-MasterJustificationBook_Navy_PB_2013.xml","7597bbdd4d25ec92c5844fecacfdaaaa10c12e15befbde6f7b81db23360e002e","3-47844329fc965b4f7359b712ad2890e3b42263315b12c8e9d1d04a011671bd47","0","","","","","1108-c9856b0a72e1b06fdf79b9b5dcb55443b807ec5c5a2aa02dc8f86cb9a963d059","root"
"For FY 15 EOQ/Long Lead","0","","","","31.756","0","","","","","","","2013-BASE_PROCUREMENT-2013-NAVY_AIRCRAFT_BA7-MasterJustificationBook_Navy_PB_2013.zzz_unzipped-MasterJustificationBook_Navy_PB_2013.xml","7597bbdd4d25ec92c5844fecacfdaaaa10c12e15befbde6f7b81db23360e002e","4-752c77d35414621fffcc4697de6a83a613888b365d33fa5af79771958a0b860d","0","","","","","1108-c9856b0a72e1b06fdf79b9b5dcb55443b807ec5c5a2aa02dc8f86cb9a963d059","root"
"For FY 16 EOQ/Long Lead","0","","","","29.601","0","","","","","","","2013-BASE_PROCUREMENT-2013-NAVY_AIRCRAFT_BA7-MasterJustificationBook_Navy_PB_2013.zzz_unzipped-MasterJustificationBook_Navy_PB_2013.xml","7597bbdd4d25ec92c5844fecacfdaaaa10c12e15befbde6f7b81db23360e002e","5-b04e3e71d17554dbd6a0f44d47b0da834c82e6c71eb0bf8eabb924e68742e90b","0","","","","","1108-c9856b0a72e1b06fdf79b9b5dcb55443b807ec5c5a2aa02dc8f86cb9a963d059","root"
"For FY 17 EOQ/Long Lead","0","","","","22.324","0","","","","","","","2013-BASE_PROCUREMENT-2013-NAVY_AIRCRAFT_BA7-MasterJustificationBook_Navy_PB_2013.zzz_unzipped-MasterJustificationBook_Navy_PB_2013.xml","7597bbdd4d25ec92c5844fecacfdaaaa10c12e15befbde6f7b81db23360e002e","6-d659eb2f144e17246f34b10536035d6b92b783aab8a526081e2d287d4b87d007","0","","","","","1108-c9856b0a72e1b06fdf79b9b5dcb55443b807ec5c5a2aa02dc8f86cb9a963d059","root"
"Engines","0","220.776","50.375","64.548","80.032","","106.215","112.162","127.16","129.449","4093.728","4984.445","2014-BASE_PROCUREMENT-2014-AIRFORCE_AIRCRAFT_VOL1-PROCUREMENT_JustificationBook_Air_Force_PB_2014.zzz_unzipped-PROCUREMENT_JustificationBook_Air_Force_PB_2014.xml","9b61234d81d63166f24ad258b5e55dffeec409e2dd27bb2645028bc0cc61d668","0-9d7130afde56f976c1c8329117d8df1f4e3c1e06bd50e14dfab03612b4a58751","","Pratt & Whitney","East Hartford, CT","","","1712-e3eca6ca0954bbf8f2f693d95d6d4fa6af06fb1f8eb2c6c492490b8b9b7bc2fd","root"
"AVIONICS","0","37.969","0","0","0","","0","0","0","0","0","37.969","2014-BASE_PROCUREMENT-2014-AIRFORCE_AIRCRAFT_VOL1-PROCUREMENT_JustificationBook_Air_Force_PB_2014.zzz_unzipped-PROCUREMENT_JustificationBook_Air_Force_PB_2014.xml","2646edf56b0a2f35eb384cabca2534ac2cc070221cde934447c037bbc8c8d2fd","0-4026dfb12bbdedd86c4be65b19d2ef9da1d2d61247f7655d21db80facdc1daf4","","","","","","1718-9349ddbc6120ffc229085aaaee54c7d72491b57bcf30f4973c67885bdb9e8f33","root"
"Equipment","30","130","0","0","92","","0","0","0","0","0","222","2014-BASE_PROCUREMENT-2014-AIRFORCE_AIRCRAFT_VOL1-PROCUREMENT_JustificationBook_Air_Force_PB_2014.zzz_unzipped-PROCUREMENT_JustificationBook_Air_Force_PB_2014.xml","87fe378a0d0a4ac2bd7f5599a847577c8b84352d788084ef2c6af33bc809e3d3","0-c0e9928650f350be1d4e8fd10570d363f3ba1ab657c602afcde3dd9df0d47659","","","","","","1753-b64556deda4c19bef3038094dedaa76444da5fab00e397341158952eae4ea5e9","root"
"Equipment","12","0","0","0","48","","0","0","0","0","0","48","2014-BASE_PROCUREMENT-2014-AIRFORCE_AIRCRAFT_VOL1-PROCUREMENT_JustificationBook_Air_Force_PB_2014.zzz_unzipped-PROCUREMENT_JustificationBook_Air_Force_PB_2014.xml","dbfe8de14b0d32c628ed01d3914e078284fa20402d5b14399264b391cbf7da9d","0-461355eacdc24150e777611f57815fe8b11b72e2ccef9a08b05b959b9fcb515c","","","","","","1755-1ac05565386de838a585a41a33890ad57dabdffc89984fb9f46181cd6897b9ec","root"
"Equipment","12","0","0","0","84","","0","0","0","0","0","84","2014-BASE_PROCUREMENT-2014-AIRFORCE_AIRCRAFT_VOL1-PROCUREMENT_JustificationBook_Air_Force_PB_2014.zzz_unzipped-PROCUREMENT_JustificationBook_Air_Force_PB_2014.xml","8006d245bd699020fdba3c4b1cd620c2f5d69d075a47574c25b22402c14a21e8","0-b1302278ae1c57e1de189b259687525ea3b53f48a4b5388a7bf0274db8b3a4d7","","","","","","1757-d2c2ac60c706db67636be075142a0189434ee3fa9373b85c7c659384f943f430","root"
"Engines","0","220.776","50.375","64.548","80.032","","106.215","112.162","127.16","129.449","4093.728","4984.445","2014-BASE_PROCUREMENT-2014-AIRFORCE_AIRCRAFT_VOL2-PROCUREMENT_MasterJustificationBook_Air_Force_PB_2014.zzz_unzipped-PROCUREMENT_MasterJustificationBook_Air_Force_PB_2014.xml","49e6ebb877c28b1a5a5ad3ec630e9669d0f205b4790c66bd50e69d037f2b0687","0-6b10bb57dd0f1ae0947cb7df82468916e1f03b1559875fc35821338b03a7678d","","Pratt & Whitney","East Hartford, CT","","","1759-f717f1e14540072ae406f13b72676c2a716db912655ced6b806baf4aa8c63c6a","root"
"AVIONICS","0","37.969","0","0","0","","0","0","0","0","0","37.969","2014-BASE_PROCUREMENT-2014-AIRFORCE_AIRCRAFT_VOL2-PROCUREMENT_MasterJustificationBook_Air_Force_PB_2014.zzz_unzipped-PROCUREMENT_MasterJustificationBook_Air_Force_PB_2014.xml","87e6219c53a6a0e21d8cd2ef48641c364c0940e3ebc418f58e09ce6611c01b96","0-f4c404ec414106afe409618d52db96e5bd6d1c05624d34976950d5588d118f01","","","","","","1765-fcceced2f618d12e7739c23c40e1075eaf95714ea6bd1308c6a65b41266c4ed0","root"
"Equipment","30","130","0","0","92","","0","0","0","0","0","222","2014-BASE_PROCUREMENT-2014-AIRFORCE_AIRCRAFT_VOL2-PROCUREMENT_MasterJustificationBook_Air_Force_PB_2014.zzz_unzipped-PROCUREMENT_MasterJustificationBook_Air_Force_PB_2014.xml","488edd08a4134d4ef47f67932aa0e770dd42909fc6ec080a1be4113faa890508","0-3653d9f3c0a31bbed2fe688805a699bd4e19d209a18d74e4f603cca3da3487ee","","","","","","1800-e71aad2cc91b995511405e1be53bce5d4edf6c34d8d1189fd021b9828c0a9c9d","root"
"Equipment","12","0","0","0","48","","0","0","0","0","0","48","2014-BASE_PROCUREMENT-2014-AIRFORCE_AIRCRAFT_VOL2-PROCUREMENT_MasterJustificationBook_Air_Force_PB_2014.zzz_unzipped-PROCUREMENT_MasterJustificationBook_Air_Force_PB_2014.xml","afff2db197154c64bd3603746babe747ea6f30fabb8f1dcbb90731d86f8fdd0a","0-1ce46cb9d68a89f7caa937fe2101b5c1c586d4ea1336609f7bd4c7d04d8a0de7","","","","","","1802-7eb2e0efdc6a14500a8fede0645001ff6a8c00c1bbf149fde4374de8ec7a6c5b","root"
"Equipment","12","0","0","0","84","","0","0","0","0","0","84","2014-BASE_PROCUREMENT-2014-AIRFORCE_AIRCRAFT_VOL2-PROCUREMENT_MasterJustificationBook_Air_Force_PB_2014.zzz_unzipped-PROCUREMENT_MasterJustificationBook_Air_Force_PB_2014.xml","568274f6da4ae741bf3451b1e4bd1ce95232308fe969b118463d712471e787ca","0-fe0a8bc9c72871a9f60e558c0f7ed166b52848b89321191340bcd96348b62c3f","","","","","","1804-c62b0af73828493ee7e7c06f8480bb8332870929ffd944e5cab89a698d2b631f","root"
"Engines","0","220.776","50.375","64.548","80.032","","106.215","112.162","127.16","129.449","4093.728","4984.445","2014-BASE_PROCUREMENT-2014-AIRFORCE_AIRCRAFT_VOL1-PROCUREMENT_MasterJustificationBook_Air_Force_PB_2014.zzz_unzipped-PROCUREMENT_MasterJustificationBook_Air_Force_PB_2014.xml","6ab9e29ac3b8aded689164aba8dab423bb75c52b5172bcd81d5d2ac7eeafb8ff","0-9d959aa037d378c021789f0ebd1700a018a898f7fa2a893ad8d29d70a892013e","","Pratt & Whitney","East Hartford, CT","","","1806-f73b11dd6a62330831e6db1d6e033018cb70d68094b24eff76d15d58375b80cf","root"
"AVIONICS","0","37.969","0","0","0","","0","0","0","0","0","37.969","2014-BASE_PROCUREMENT-2014-AIRFORCE_AIRCRAFT_VOL1-PROCUREMENT_MasterJustificationBook_Air_Force_PB_2014.zzz_unzipped-PROCUREMENT_MasterJustificationBook_Air_Force_PB_2014.xml","64862d5509d36b3dc25821d3aee2b698b642d9914a9acb94aba0df7947892b95","0-95b23eb52846735ceca8dba1dc7ba7ce74dd8d9a660a59481e2edbfe01e9012e","","","","","","1812-ddb61756f4920e9caaf2f0bcb44b753840f45bbb5f9adb226af5e192ad46d0bf","root"
"Equipment","30","130","0","0","92","","0","0","0","0","0","222","2014-BASE_PROCUREMENT-2014-AIRFORCE_AIRCRAFT_VOL1-PROCUREMENT_MasterJustificationBook_Air_Force_PB_2014.zzz_unzipped-PROCUREMENT_MasterJustificationBook_Air_Force_PB_2014.xml","9de913aeb6567c0d4534e57110f9dda8f4ab9f2890ebec10995f16b0056b8d4a","0-f58a5585954f9d727749cc4d693660508b94c5c6d4509fcb135a71153d7da2f5","","","","","","1847-391ad63e5b68a7e7d3b98dfc09c593564c8bdde14f31a7d9a3d256125992707e","root"
"Equipment","12","0","0","0","48","","0","0","0","0","0","48","2014-BASE_PROCUREMENT-2014-AIRFORCE_AIRCRAFT_VOL1-PROCUREMENT_MasterJustificationBook_Air_Force_PB_2014.zzz_unzipped-PROCUREMENT_MasterJustificationBook_Air_Force_PB_2014.xml","b4e943eafd3729a618b1044fb9e5de1dd8c175e919b52421689b90b7354dd0b6","0-4393e11a09b37ca001873140041076aa6ac84548bcdc99322fc729a9f7fd1846","","","","","","1849-88ecde38752011ccbd71883412ea35bf52119b9cb88d442f5d03f9a7bfec0706","root"
"Equipment","12","0","0","0","84","","0","0","0","0","0","84","2014-BASE_PROCUREMENT-2014-AIRFORCE_AIRCRAFT_VOL1-PROCUREMENT_MasterJustificationBook_Air_Force_PB_2014.zzz_unzipped-PROCUREMENT_MasterJustificationBook_Air_Force_PB_2014.xml","1800a4a3cade962759517e8f30a849a8b21a34bb984d87d8abe05b8727f27625","0-72339e340826d7354a133bbe954d74fc26d0ef578f615ba1a53af1e1f7b6af20","","","","","","1851-ca5434ae51dd6ed88e338f5f3b5c5550bd06cece1d9353198be77dac770c6606","root"
"For FY 2013 EOQ/Long Lead","0","","","","0","0","","","","","","","2014-BASE_PROCUREMENT-2014-NAVY_AIRCRAFT_BA1-4-PROCUREMENT_JustificationBook_Navy_PB_2014.zzz_unzipped-PROCUREMENT_JustificationBook_Navy_PB_2014.xml","59eb071a2b8c27825df619eb2437ee7c5c84f3ba541674a32571545b2cf94550","0-5bdeccc30a1e5d7220012dff156288e82ecd230fbe3586b4443272bee7a07050","0","See End Item P5A","See End Item P5A","0","0","2720-52c16489841342f8773dcefe5491a6ffa989548b3a7834e4d479c8cc3305fa1e","root"
"For FY 2014 EOQ/Long Lead","0","","","","0","0","","","","","","","2014-BASE_PROCUREMENT-2014-NAVY_AIRCRAFT_BA1-4-PROCUREMENT_JustificationBook_Navy_PB_2014.zzz_unzipped-PROCUREMENT_JustificationBook_Navy_PB_2014.xml","59eb071a2b8c27825df619eb2437ee7c5c84f3ba541674a32571545b2cf94550","1-5f94fac08fa92162811ad15f12c4d81f2de8eda4973f5cfadcca0555457bffb3","0","See End Item P5A","See End Item P5A","0","0","2720-52c16489841342f8773dcefe5491a6ffa989548b3a7834e4d479c8cc3305fa1e","root"
"For FY 2015 EOQ/Long Lead","0","","","","0","0","","","","","","","2014-BASE_PROCUREMENT-2014-NAVY_AIRCRAFT_BA1-4-PROCUREMENT_JustificationBook_Navy_PB_2014.zzz_unzipped-PROCUREMENT_JustificationBook_Navy_PB_2014.xml","59eb071a2b8c27825df619eb2437ee7c5c84f3ba541674a32571545b2cf94550","2-45f26643cd8b46cc42738c99bbb228d39f6511d816d63be86a9e7ed9b6bee63a","0","See End Item P5A","See End Item P5A","0","0","2720-52c16489841342f8773dcefe5491a6ffa989548b3a7834e4d479c8cc3305fa1e","root"
"For FY 2016 EOQ/Long Lead","0","","","","0","0","","","","","","","2014-BASE_PROCUREMENT-2014-NAVY_AIRCRAFT_BA1-4-PROCUREMENT_JustificationBook_Navy_PB_2014.zzz_unzipped-PROCUREMENT_JustificationBook_Navy_PB_2014.xml","59eb071a2b8c27825df619eb2437ee7c5c84f3ba541674a32571545b2cf94550","3-481dd788997ccc92316b48a3bfad76a23b0c6898fd979a5c52305cba55ce55fa","0","See End Item P5A","See End Item P5A","0","0","2720-52c16489841342f8773dcefe5491a6ffa989548b3a7834e4d479c8cc3305fa1e","root"
"For FY 2017 EOQ/Long Lead","0","","","","0","0","","","","","","","2014-BASE_PROCUREMENT-2014-NAVY_AIRCRAFT_BA1-4-PROCUREMENT_JustificationBook_Navy_PB_2014.zzz_unzipped-PROCUREMENT_JustificationBook_Navy_PB_2014.xml","59eb071a2b8c27825df619eb2437ee7c5c84f3ba541674a32571545b2cf94550","4-21d4a55d098146ea02ddcc505208cbc4be34043d8aff9b7656bfef593e903d30","0","See End Item P5A","See End Item P5A","0","0","2720-52c16489841342f8773dcefe5491a6ffa989548b3a7834e4d479c8cc3305fa1e","root"
"Airframe For FY 2013 EOQ/Long Lead","0","","38.984","","0","0","","","","","","","2014-BASE_PROCUREMENT-2014-NAVY_AIRCRAFT_BA1-4-PROCUREMENT_JustificationBook_Navy_PB_2014.zzz_unzipped-PROCUREMENT_JustificationBook_Navy_PB_2014.xml","fca80c4a5bf23e192e9420dded4f49a1b46495e610d6495e88d6fe525d380853","0-9dc23c8b470db3308c218dddbffe77d7cdd38d69fd1688e85e28e469705e3ebf","0","See End Item P5A","See End Item P5A","25","25","2726-c6f74dadf800042a548aaa757d5bb66689b9c75e43eda6c632498c12be66a93e","root"
"Airframe For FY 2014 EOQ/Long Lead","0","","3.037","54.472","0","0","","","","","","","2014-BASE_PROCUREMENT-2014-NAVY_AIRCRAFT_BA1-4-PROCUREMENT_JustificationBook_Navy_PB_2014.zzz_unzipped-PROCUREMENT_JustificationBook_Navy_PB_2014.xml","fca80c4a5bf23e192e9420dded4f49a1b46495e610d6495e88d6fe525d380853","1-bd37d66d99f4dd0ef024537b24885cc332f6683f3d64af3e023fe93f002a3dc4","0","See End Item P5A","See End Item P5A","25","25","2726-c6f74dadf800042a548aaa757d5bb66689b9c75e43eda6c632498c12be66a93e","root"
"Airframe For FY 2015 EOQ/Long Lead","0","","1.961","4.047","91.031","0","","","","","","","2014-BASE_PROCUREMENT-2014-NAVY_AIRCRAFT_BA1-4-PROCUREMENT_JustificationBook_Navy_PB_2014.zzz_unzipped-PROCUREMENT_JustificationBook_Navy_PB_2014.xml","fca80c4a5bf23e192e9420dded4f49a1b46495e610d6495e88d6fe525d380853","2-ac052aa435482e284294853ea518fff1dcabace186bde683e2d4d8a855cd665a","0","See End Item P5A","See End Item P5A","25","25","2726-c6f74dadf800042a548aaa757d5bb66689b9c75e43eda6c632498c12be66a93e","root"
"Airframe For FY 2016 EOQ/Long Lead","0","","2.338","3.737","3.775","0","","","","","","","2014-BASE_PROCUREMENT-2014-NAVY_AIRCRAFT_BA1-4-PROCUREMENT_JustificationBook_Navy_PB_2014.zzz_unzipped-PROCUREMENT_JustificationBook_Navy_PB_2014.xml","fca80c4a5bf23e192e9420dded4f49a1b46495e610d6495e88d6fe525d380853","3-09061849ac8f550855ec56daaf9641ea98bffb92e9580108b9b3320c14bbedb7","0","See End Item P5A","See End Item P5A","25","25","2726-c6f74dadf800042a548aaa757d5bb66689b9c75e43eda6c632498c12be66a93e","root"
"CC/Avionics For FY 2013 EOQ/Long Lead","0","","59","","0","0","","","","","","","2014-BASE_PROCUREMENT-2014-NAVY_AIRCRAFT_BA1-4-PROCUREMENT_JustificationBook_Navy_PB_2014.zzz_unzipped-PROCUREMENT_JustificationBook_Navy_PB_2014.xml","fca80c4a5bf23e192e9420dded4f49a1b46495e610d6495e88d6fe525d380853","4-0d3e3cca353cf393f62c8fc78ff14498e0543ce24981ae4a69694eed5cb8c001","0","See End Item P5A","See End Item P5A","32","32","2726-c6f74dadf800042a548aaa757d5bb66689b9c75e43eda6c632498c12be66a93e","root"
"CC/Avionics For FY 2014 EOQ/Long Lead","0","","55.586","25.249","0","0","","","","","","","2014-BASE_PROCUREMENT-2014-NAVY_AIRCRAFT_BA1-4-PROCUREMENT_JustificationBook_Navy_PB_2014.zzz_unzipped-PROCUREMENT_JustificationBook_Navy_PB_2014.xml","fca80c4a5bf23e192e9420dded4f49a1b46495e610d6495e88d6fe525d380853","5-f7f41a5ade157c216b862f8642bf93de70e87197d09173869c29cb2741ab08e5","0","See End Item P5A","See End Item P5A","32","32","2726-c6f74dadf800042a548aaa757d5bb66689b9c75e43eda6c632498c12be66a93e","root"
"CC/Avionics For FY 2015 EOQ/Long Lead","0","","4.5","70.673","40.051","0","","","","","","","2014-BASE_PROCUREMENT-2014-NAVY_AIRCRAFT_BA1-4-PROCUREMENT_JustificationBook_Navy_PB_2014.zzz_unzipped-PROCUREMENT_JustificationBook_Navy_PB_2014.xml","fca80c4a5bf23e192e9420dded4f49a1b46495e610d6495e88d6fe525d380853","6-2287d8dcdb7cbad5248df927d95676a2257a054dc646ccd751600d50d9a98f82","0","See End Item P5A","See End Item P5A","32","32","2726-c6f74dadf800042a548aaa757d5bb66689b9c75e43eda6c632498c12be66a93e","root"
"CC/Avionics For FY 2016 EOQ/Long Lead","0","","4.5","2","92.396","0","","","","","","","2014-BASE_PROCUREMENT-2014-NAVY_AIRCRAFT_BA1-4-PROCUREMENT_JustificationBook_Navy_PB_2014.zzz_unzipped-PROCUREMENT_JustificationBook_Navy_PB_2014.xml","fca80c4a5bf23e192e9420dded4f49a1b46495e610d6495e88d6fe525d380853","7-bc16b3985906b3337169cc52434123c9d3a7163f3ed23a49ab89a61cc555d2a5","0","See End Item P5A","See End Item P5A","32","32","2726-c6f74dadf800042a548aaa757d5bb66689b9c75e43eda6c632498c12be66a93e","root"
"For FY 2013 EOQ/Long Lead","0","","","","0","0","","","","","","","2014-BASE_PROCUREMENT-2014-NAVY_AIRCRAFT_BA1-4-PROCUREMENT_JustificationBook_Navy_PB_2014.zzz_unzipped-PROCUREMENT_JustificationBook_Navy_PB_2014.xml","9153159fe86babf2338e4b160b0225ad806515ca1ccc0dbf362bf9b5e04bfffb","0-040a0bf63d55f70beb01cf37d0a5bc3fd06fbf82a55294d0d5ef7ac203553d5a","0","See End Item P5A","See End Item P5A","0","0","2728-ff3d0eec66ee3f274202cab0efa6a8275fc1b34b72f694f5ca58815e4e054aa9","root"
"For FY 2014 EOQ/Long Lead","0","","","","0","0","","","","","","","2014-BASE_PROCUREMENT-2014-NAVY_AIRCRAFT_BA1-4-PROCUREMENT_JustificationBook_Navy_PB_2014.zzz_unzipped-PROCUREMENT_JustificationBook_Navy_PB_2014.xml","9153159fe86babf2338e4b160b0225ad806515ca1ccc0dbf362bf9b5e04bfffb","1-53ea63d242a7ef5168acb350c9a597011600717235fbd0919420f7586e06852c","0","See End Item P5A","See End Item P5A","0","0","2728-ff3d0eec66ee3f274202cab0efa6a8275fc1b34b72f694f5ca58815e4e054aa9","root"
"For FY 2015 EOQ/Long Lead","0","","","","0","0","","","","","","","2014-BASE_PROCUREMENT-2014-NAVY_AIRCRAFT_BA1-4-PROCUREMENT_JustificationBook_Navy_PB_2014.zzz_unzipped-PROCUREMENT_JustificationBook_Navy_PB_2014.xml","9153159fe86babf2338e4b160b0225ad806515ca1ccc0dbf362bf9b5e04bfffb","2-f911840f470cf3d05cd706afed115cdce12a8078bd2ed85d8299b11cd2551605","0","See End Item P5A","See End Item P5A","0","0","2728-ff3d0eec66ee3f274202cab0efa6a8275fc1b34b72f694f5ca58815e4e054aa9","root"
"For FY 2016 EOQ/Long Lead","0","","","","0","0","","","","","","","2014-BASE_PROCUREMENT-2014-NAVY_AIRCRAFT_BA1-4-PROCUREMENT_JustificationBook_Navy_PB_2014.zzz_unzipped-PROCUREMENT_JustificationBook_Navy_PB_2014.xml","9153159fe86babf2338e4b160b0225ad806515ca1ccc0dbf362bf9b5e04bfffb","3-baec93efef2f7968d87b5d2e3fe995e00ccdf199a599e58a1afdb4ff1672f3b1","0","See End Item P5A","See End Item P5A","0","0","2728-ff3d0eec66ee3f274202cab0efa6a8275fc1b34b72f694f5ca58815e4e054aa9","root"
"For FY 2017 EOQ/Long Lead","0","","","","0","0","","","","","","","2014-BASE_PROCUREMENT-2014-NAVY_AIRCRAFT_BA1-4-PROCUREMENT_JustificationBook_Navy_PB_2014.zzz_unzipped-PROCUREMENT_JustificationBook_Navy_PB_2014.xml","9153159fe86babf2338e4b160b0225ad806515ca1ccc0dbf362bf9b5e04bfffb","4-40c3640f0fed484f94992c5521d5fa4c30748d482d31a02fd0af91b69ac02d90","0","See End Item P5A","See End Item P5A","0","0","2728-ff3d0eec66ee3f274202cab0efa6a8275fc1b34b72f694f5ca58815e4e054aa9","root"
"EOQ","0","","","","20","0","","","","","","","2014-BASE_PROCUREMENT-2014-NAVY_AIRCRAFT_BA1-4-PROCUREMENT_JustificationBook_Navy_PB_2014.zzz_unzipped-PROCUREMENT_JustificationBook_Navy_PB_2014.xml","2ca0b177ff5773179adc68e99a8aa14d5082a81544df1d5d478b6a1901815e1a","0-ec83fa2ffbbba97e0650568c7c26cbe26b4727255a499a4ce3702fcf98b7104d","0","See End Item P5A","See End Item P5A","0","0","2734-e1371d2781461540f7c74f00fadcbf7401b1a95261124dd21c2a281fe732bccc","root"
"For FY13 EOQ/Long Lead","0","","","","0","0","","","","","","","2014-BASE_PROCUREMENT-2014-NAVY_AIRCRAFT_BA1-4-PROCUREMENT_JustificationBook_Navy_PB_2014.zzz_unzipped-PROCUREMENT_JustificationBook_Navy_PB_2014.xml","64929e2f3b423b633d4163e755851b1fd905e7aae3c16591258a0272ed89fca7","0-6fe652cef080a61ba2eaf35c6f9894f2cb205eb63325c5b32410fe45c3cd8bd0","0","See End Item P5A","See End Item P5A","0","0","2736-ffa7690af80a556a4766a497f5b6d5b738bcfb3083923c7159d61c76787e0735","root"
"For FY14 EOQ/Long Lead","0","","","","0","0","","","","","","","2014-BASE_PROCUREMENT-2014-NAVY_AIRCRAFT_BA1-4-PROCUREMENT_JustificationBook_Navy_PB_2014.zzz_unzipped-PROCUREMENT_JustificationBook_Navy_PB_2014.xml","64929e2f3b423b633d4163e755851b1fd905e7aae3c16591258a0272ed89fca7","1-199a71d7f352d1979c6335191593f63af152b70cb2ada5145d245a65b87c6255","0","See End Item P5A","See End Item P5A","0","0","2736-ffa7690af80a556a4766a497f5b6d5b738bcfb3083923c7159d61c76787e0735","root"
"For FY15 EOQ/Long Lead","0","","","","0","0","","","","","","","2014-BASE_PROCUREMENT-2014-NAVY_AIRCRAFT_BA1-4-PROCUREMENT_JustificationBook_Navy_PB_2014.zzz_unzipped-PROCUREMENT_JustificationBook_Navy_PB_2014.xml","64929e2f3b423b633d4163e755851b1fd905e7aae3c16591258a0272ed89fca7","2-ab29df884fb421e0fba892f440069693d485f4326ba616f9e19183935a2bb363","0","See End Item P5A","See End Item P5A","0","0","2736-ffa7690af80a556a4766a497f5b6d5b738bcfb3083923c7159d61c76787e0735","root"
"For FY16 EOQ/Long Lead","0","","","","0","0","","","","","","","2014-BASE_PROCUREMENT-2014-NAVY_AIRCRAFT_BA1-4-PROCUREMENT_JustificationBook_Navy_PB_2014.zzz_unzipped-PROCUREMENT_JustificationBook_Navy_PB_2014.xml","64929e2f3b423b633d4163e755851b1fd905e7aae3c16591258a0272ed89fca7","3-d274ecf046d88845275ec74a03be172f7171d942816292ed98307691f113bc80","0","See End Item P5A","See End Item P5A","0","0","2736-ffa7690af80a556a4766a497f5b6d5b738bcfb3083923c7159d61c76787e0735","root"
"For FY17 EOQ/Long Lead","0","","","","0","0","","","","","","","2014-BASE_PROCUREMENT-2014-NAVY_AIRCRAFT_BA1-4-PROCUREMENT_JustificationBook_Navy_PB_2014.zzz_unzipped-PROCUREMENT_JustificationBook_Navy_PB_2014.xml","64929e2f3b423b633d4163e755851b1fd905e7aae3c16591258a0272ed89fca7","4-208dd3970c5c1fa1e29f1ad2e34a7232829fbaf8ecda3a2af620ac069b0832e7","0","See End Item P5A","See End Item P5A","0","0","2736-ffa7690af80a556a4766a497f5b6d5b738bcfb3083923c7159d61c76787e0735","root"
"EOQ/Long Lead (Prior Years)","0","364.235","","","0","0","","","","","","","2014-BASE_PROCUREMENT-2014-NAVY_AIRCRAFT_BA1-4-PROCUREMENT_JustificationBook_Navy_PB_2014.zzz_unzipped-PROCUREMENT_JustificationBook_Navy_PB_2014.xml","049cb91018f89e9c503e94cc8bbd5cb09e1075dae1b2910caf7d2d2f90fe1cc2","0-ea6815267a6c44432adb34915386c63c55e83d4b395126d972841ccb42214ac7","0","See End Item P5A","See End Item P5A","0","0","2740-619bff1c0e79c49ecbe0b4aafcb765b608e92016e0cc9a171f0d430c30598380","root"
"For FY 2013 EOQ/Long Lead","0","","","","0","0","","","","","","","2014-BASE_PROCUREMENT-2014-NAVY_AIRCRAFT_BA7-PROCUREMENT_MasterJustificationBook_Navy_PB_2014.zzz_unzipped-PROCUREMENT_MasterJustificationBook_Navy_PB_2014.xml","fc4b633568d09aa78acf18bb3a1378b7461e8def6999ee372311daf44c967cce","0-02d169f0b10a354482de7cb3134aeef6d6f8e3ede04e7e8d7b7e09a9f858355f","0","See End Item P5A","See End Item P5A","0","0","2790-087b1624d8b4073b003f6fb1cfab2f6d9cd64d9be677430a8cb29fddfa83c7f7","root"
"For FY 2014 EOQ/Long Lead","0","","","","0","0","","","","","","","2014-BASE_PROCUREMENT-2014-NAVY_AIRCRAFT_BA7-PROCUREMENT_MasterJustificationBook_Navy_PB_2014.zzz_unzipped-PROCUREMENT_MasterJustificationBook_Navy_PB_2014.xml","fc4b633568d09aa78acf18bb3a1378b7461e8def6999ee372311daf44c967cce","1-bc27bfb9bdfe150dc6a033a739999e9da43a6fb7b57cf5db4093b717c862777a","0","See End Item P5A","See End Item P5A","0","0","2790-087b1624d8b4073b003f6fb1cfab2f6d9cd64d9be677430a8cb29fddfa83c7f7","root"
"For FY 2015 EOQ/Long Lead","0","","","","0","0","","","","","","","2014-BASE_PROCUREMENT-2014-NAVY_AIRCRAFT_BA7-PROCUREMENT_MasterJustificationBook_Navy_PB_2014.zzz_unzipped-PROCUREMENT_MasterJustificationBook_Navy_PB_2014.xml","fc4b633568d09aa78acf18bb3a1378b7461e8def6999ee372311daf44c967cce","2-8d65e0ab369ef44112cf6bdec404c4c14c4f08cf82cf6cd146e620072c5bf93e","0","See End Item P5A","See End Item P5A","0","0","2790-087b1624d8b4073b003f6fb1cfab2f6d9cd64d9be677430a8cb29fddfa83c7f7","root"
"For FY 2016 EOQ/Long Lead","0","","","","0","0","","","","","","","2014-BASE_PROCUREMENT-2014-NAVY_AIRCRAFT_BA7-PROCUREMENT_MasterJustificationBook_Navy_PB_2014.zzz_unzipped-PROCUREMENT_MasterJustificationBook_Navy_PB_2014.xml","fc4b633568d09aa78acf18bb3a1378b7461e8def6999ee372311daf44c967cce","3-09585b34d3d3cfe142917c7410a1b9da66c9f8d86180ae71aff7ffbb39e57dcf","0","See End Item P5A","See End Item P5A","0","0","2790-087b1624d8b4073b003f6fb1cfab2f6d9cd64d9be677430a8cb29fddfa83c7f7","root"
"For FY 2017 EOQ/Long Lead","0","","","","0","0","","","","","","","2014-BASE_PROCUREMENT-2014-NAVY_AIRCRAFT_BA7-PROCUREMENT_MasterJustificationBook_Navy_PB_2014.zzz_unzipped-PROCUREMENT_MasterJustificationBook_Navy_PB_2014.xml","fc4b633568d09aa78acf18bb3a1378b7461e8def6999ee372311daf44c967cce","4-bff502223200c5c01b85b4d8fdc4a49f0b2a15403ccc82815961a085f6f50119","0","See End Item P5A","See End Item P5A","0","0","2790-087b1624d8b4073b003f6fb1cfab2f6d9cd64d9be677430a8cb29fddfa83c7f7","root"
"Airframe For FY 2013 EOQ/Long Lead","0","","38.984","","0","0","","","","","","","2014-BASE_PROCUREMENT-2014-NAVY_AIRCRAFT_BA7-PROCUREMENT_MasterJustificationBook_Navy_PB_2014.zzz_unzipped-PROCUREMENT_MasterJustificationBook_Navy_PB_2014.xml","1c90d81d3283c3e99adda35a80b069d543eb8eea9500f506f69fd1fd51fa4e10","0-1b067fd46208af80dcb56f8fcbee47439b3c3d00ae8b98719ae5f03d4a2b1c39","0","See End Item P5A","See End Item P5A","25","25","2796-47d8194de25abff9fa79c087e0014805e2ac5e8441cd799550ee67c507294de0","root"
"Airframe For FY 2014 EOQ/Long Lead","0","","3.037","54.472","0","0","","","","","","","2014-BASE_PROCUREMENT-2014-NAVY_AIRCRAFT_BA7-PROCUREMENT_MasterJustificationBook_Navy_PB_2014.zzz_unzipped-PROCUREMENT_MasterJustificationBook_Navy_PB_2014.xml","1c90d81d3283c3e99adda35a80b069d543eb8eea9500f506f69fd1fd51fa4e10","1-91a35aa272926b856cafeea858ccb6b8dd6712157f5fe887f0fd315d9ba78dba","0","See End Item P5A","See End Item P5A","25","25","2796-47d8194de25abff9fa79c087e0014805e2ac5e8441cd799550ee67c507294de0","root"
"Airframe For FY 2015 EOQ/Long Lead","0","","1.961","4.047","91.031","0","","","","","","","2014-BASE_PROCUREMENT-2014-NAVY_AIRCRAFT_BA7-PROCUREMENT_MasterJustificationBook_Navy_PB_2014.zzz_unzipped-PROCUREMENT_MasterJustificationBook_Navy_PB_2014.xml","1c90d81d3283c3e99adda35a80b069d543eb8eea9500f506f69fd1fd51fa4e10","2-af6ce21b03944fa38afd35e2ea37c8f7c80946efcc9ab2db17da2e012e029bbd","0","See End Item P5A","See End Item P5A","25","25","2796-47d8194de25abff9fa79c087e0014805e2ac5e8441cd799550ee67c507294de0","root"
"Airframe For FY 2016 EOQ/Long Lead","0","","2.338","3.737","3.775","0","","","","","","","2014-BASE_PROCUREMENT-2014-NAVY_AIRCRAFT_BA7-PROCUREMENT_MasterJustificationBook_Navy_PB_2014.zzz_unzipped-PROCUREMENT_MasterJustificationBook_Navy_PB_2014.xml","1c90d81d3283c3e99adda35a80b069d543eb8eea9500f506f69fd1fd51fa4e10","3-1b52d8ac812fb165ded81730cc1fa5b579d34dc4693e868eb6a862f90bd38675","0","See End Item P5A","See End Item P5A","25","25","2796-47d8194de25abff9fa79c087e0014805e2ac5e8441cd799550ee67c507294de0","root"
"CC/Avionics For FY 2013 EOQ/Long Lead","0","","59","","0","0","","","","","","","2014-BASE_PROCUREMENT-2014-NAVY_AIRCRAFT_BA7-PROCUREMENT_MasterJustificationBook_Navy_PB_2014.zzz_unzipped-PROCUREMENT_MasterJustificationBook_Navy_PB_2014.xml","1c90d81d3283c3e99adda35a80b069d543eb8eea9500f506f69fd1fd51fa4e10","4-4bd458f8cf53e2c030921d164d6a330c5ea8d2a851b3a1432592e0505a331e4a","0","See End Item P5A","See End Item P5A","32","32","2796-47d8194de25abff9fa79c087e0014805e2ac5e8441cd799550ee67c507294de0","root"
"CC/Avionics For FY 2014 EOQ/Long Lead","0","","55.586","25.249","0","0","","","","","","","2014-BASE_PROCUREMENT-2014-NAVY_AIRCRAFT_BA7-PROCUREMENT_MasterJustificationBook_Navy_PB_2014.zzz_unzipped-PROCUREMENT_MasterJustificationBook_Navy_PB_2014.xml","1c90d81d3283c3e99adda35a80b069d543eb8eea9500f506f69fd1fd51fa4e10","5-0d52199ea89ea34c3eb973791864ced67955b430f476807b57b70b7ee032aff4","0","See End Item P5A","See End Item P5A","32","32","2796-47d8194de25abff9fa79c087e0014805e2ac5e8441cd799550ee67c507294de0","root"
"CC/Avionics For FY 2015 EOQ/Long Lead","0","","4.5","70.673","40.051","0","","","","","","","2014-BASE_PROCUREMENT-2014-NAVY_AIRCRAFT_BA7-PROCUREMENT_MasterJustificationBook_Navy_PB_2014.zzz_unzipped-PROCUREMENT_MasterJustificationBook_Navy_PB_2014.xml","1c90d81d3283c3e99adda35a80b069d543eb8eea9500f506f69fd1fd51fa4e10","6-0beacf7cf3fbffa0eef515b28b0289a79ad3a51d6451b33d8816e7b904125543","0","See End Item P5A","See End Item P5A","32","32","2796-47d8194de25abff9fa79c087e0014805e2ac5e8441cd799550ee67c507294de0","root"
"CC/Avionics For FY 2016 EOQ/Long Lead","0","","4.5","2","92.396","0","","","","","","","2014-BASE_PROCUREMENT-2014-NAVY_AIRCRAFT_BA7-PROCUREMENT_MasterJustificationBook_Navy_PB_2014.zzz_unzipped-PROCUREMENT_MasterJustificationBook_Navy_PB_2014.xml","1c90d81d3283c3e99adda35a80b069d543eb8eea9500f506f69fd1fd51fa4e10","7-7b3a7210a0419f24d014c44d562bfe02b00410651045bef2a7e47e7e05fccae5","0","See End Item P5A","See End Item P5A","32","32","2796-47d8194de25abff9fa79c087e0014805e2ac5e8441cd799550ee67c507294de0","root"
"For FY 2013 EOQ/Long Lead","0","","","","0","0","","","","","","","2014-BASE_PROCUREMENT-2014-NAVY_AIRCRAFT_BA7-PROCUREMENT_MasterJustificationBook_Navy_PB_2014.zzz_unzipped-PROCUREMENT_MasterJustificationBook_Navy_PB_2014.xml","ea4fce3ec1135de06d7b597e5fd943b2e14d2b3f4efb262dcaf7727a24539c26","0-1306014d6b1dc5280d1e57f4403ecfd264102f84acbcd7cd1ac8e2d9e1e66766","0","See End Item P5A","See End Item P5A","0","0","2798-26257ecdb085ba25f24aac4754e7bb1b52963005fde5ee0a1c7e6b0a9a7cbe88","root"
"For FY 2014 EOQ/Long Lead","0","","","","0","0","","","","","","","2014-BASE_PROCUREMENT-2014-NAVY_AIRCRAFT_BA7-PROCUREMENT_MasterJustificationBook_Navy_PB_2014.zzz_unzipped-PROCUREMENT_MasterJustificationBook_Navy_PB_2014.xml","ea4fce3ec1135de06d7b597e5fd943b2e14d2b3f4efb262dcaf7727a24539c26","1-4028cf29c316a9bb50b5728e8c27c4fe3e1ad217a30b8a3bb2da435eb121d636","0","See End Item P5A","See End Item P5A","0","0","2798-26257ecdb085ba25f24aac4754e7bb1b52963005fde5ee0a1c7e6b0a9a7cbe88","root"
"For FY 2015 EOQ/Long Lead","0","","","","0","0","","","","","","","2014-BASE_PROCUREMENT-2014-NAVY_AIRCRAFT_BA7-PROCUREMENT_MasterJustificationBook_Navy_PB_2014.zzz_unzipped-PROCUREMENT_MasterJustificationBook_Navy_PB_2014.xml","ea4fce3ec1135de06d7b597e5fd943b2e14d2b3f4efb262dcaf7727a24539c26","2-5953c3c1df23699eb6da35d3999b96fc245ec9967a4252be0f34bf172c9403c9","0","See End Item P5A","See End Item P5A","0","0","2798-26257ecdb085ba25f24aac4754e7bb1b52963005fde5ee0a1c7e6b0a9a7cbe88","root"
"For FY 2016 EOQ/Long Lead","0","","","","0","0","","","","","","","2014-BASE_PROCUREMENT-2014-NAVY_AIRCRAFT_BA7-PROCUREMENT_MasterJustificationBook_Navy_PB_2014.zzz_unzipped-PROCUREMENT_MasterJustificationBook_Navy_PB_2014.xml","ea4fce3ec1135de06d7b597e5fd943b2e14d2b3f4efb262dcaf7727a24539c26","3-c46a32a878ea606f37fed7cc99cb1128764de62e4a7bffd4f70f311e097f2049","0","See End Item P5A","See End Item P5A","0","0","2798-26257ecdb085ba25f24aac4754e7bb1b52963005fde5ee0a1c7e6b0a9a7cbe88","root"
"For FY 2017 EOQ/Long Lead","0","","","","0","0","","","","","","","2014-BASE_PROCUREMENT-2014-NAVY_AIRCRAFT_BA7-PROCUREMENT_MasterJustificationBook_Navy_PB_2014.zzz_unzipped-PROCUREMENT_MasterJustificationBook_Navy_PB_2014.xml","ea4fce3ec1135de06d7b597e5fd943b2e14d2b3f4efb262dcaf7727a24539c26","4-2b7ad6a910fad04dcd5d8cf93414dd76e9cc656d1a63a82e676eddfbe652be87","0","See End Item P5A","See End Item P5A","0","0","2798-26257ecdb085ba25f24aac4754e7bb1b52963005fde5ee0a1c7e6b0a9a7cbe88","root"
"EOQ","0","","","","20","0","","","","","","","2014-BASE_PROCUREMENT-2014-NAVY_AIRCRAFT_BA7-PROCUREMENT_MasterJustificationBook_Navy_PB_2014.zzz_unzipped-PROCUREMENT_MasterJustificationBook_Navy_PB_2014.xml","331f4e2cab57d75c268cb0cc0f51f889b76ed2c8ba621bb4d61f3e552a2f48d3","0-4124bde682e4e9212b4aa2b4e2c36d4dc27c5876ea945a0020e1446a130215fc","0","See End Item P5A","See End Item P5A","0","0","2804-1f5d77bb8924940fc085741d4342724ef8ca1522b7cc887e5b8a35ea210a711c","root"
"For FY13 EOQ/Long Lead","0","","","","0","0","","","","","","","2014-BASE_PROCUREMENT-2014-NAVY_AIRCRAFT_BA7-PROCUREMENT_MasterJustificationBook_Navy_PB_2014.zzz_unzipped-PROCUREMENT_MasterJustificationBook_Navy_PB_2014.xml","1c9f6ffd331ce8f038579fa5c7414d00a50411913e693158c477bb2776944535","0-5b88e7dc1cc63b95e5a572c79f93cb1c8c238e008a0d0ef94cdd7ea9e2b446e0","0","See End Item P5A","See End Item P5A","0","0","2806-8e5413e3035c14f1b2c70d293bb688546fe1beb9ad603754da59ff1d21df7d51","root"
"For FY14 EOQ/Long Lead","0","","","","0","0","","","","","","","2014-BASE_PROCUREMENT-2014-NAVY_AIRCRAFT_BA7-PROCUREMENT_MasterJustificationBook_Navy_PB_2014.zzz_unzipped-PROCUREMENT_MasterJustificationBook_Navy_PB_2014.xml","1c9f6ffd331ce8f038579fa5c7414d00a50411913e693158c477bb2776944535","1-84c3e9bd97c461e4eec39d9df88263a07150982f289899caf8893bf4735dd1e7","0","See End Item P5A","See End Item P5A","0","0","2806-8e5413e3035c14f1b2c70d293bb688546fe1beb9ad603754da59ff1d21df7d51","root"
"For FY15 EOQ/Long Lead","0","","","","0","0","","","","","","","2014-BASE_PROCUREMENT-2014-NAVY_AIRCRAFT_BA7-PROCUREMENT_MasterJustificationBook_Navy_PB_2014.zzz_unzipped-PROCUREMENT_MasterJustificationBook_Navy_PB_2014.xml","1c9f6ffd331ce8f038579fa5c7414d00a50411913e693158c477bb2776944535","2-bef67580da185bb7693a2d7d37432f03719e56421db7d8acb0cde79f9e54a0a0","0","See End Item P5A","See End Item P5A","0","0","2806-8e5413e3035c14f1b2c70d293bb688546fe1beb9ad603754da59ff1d21df7d51","root"
"For FY16 EOQ/Long Lead","0","","","","0","0","","","","","","","2014-BASE_PROCUREMENT-2014-NAVY_AIRCRAFT_BA7-PROCUREMENT_MasterJustificationBook_Navy_PB_2014.zzz_unzipped-PROCUREMENT_MasterJustificationBook_Navy_PB_2014.xml","1c9f6ffd331ce8f038579fa5c7414d00a50411913e693158c477bb2776944535","3-472d86f7a2fea1e71e6d9d2567291f5e2cd028731ef0f79f44f1bede596b3a85","0","See End Item P5A","See End Item P5A","0","0","2806-8e5413e3035c14f1b2c70d293bb688546fe1beb9ad603754da59ff1d21df7d51","root"
"For FY17 EOQ/Long Lead","0","","","","0","0","","","","","","","2014-BASE_PROCUREMENT-2014-NAVY_AIRCRAFT_BA7-PROCUREMENT_MasterJustificationBook_Navy_PB_2014.zzz_unzipped-PROCUREMENT_MasterJustificationBook_Navy_PB_2014.xml","1c9f6ffd331ce8f038579fa5c7414d00a50411913e693158c477bb2776944535","4-506355da20fd111ede4251b80a68f555836b34bd587d66f6818cbfb05dd21141","0","See End Item P5A","See End Item P5A","0","0","2806-8e5413e3035c14f1b2c70d293bb688546fe1beb9ad603754da59ff1d21df7d51","root"
"EOQ/Long Lead (Prior Years)","0","364.235","","","0","0","","","","","","","2014-BASE_PROCUREMENT-2014-NAVY_AIRCRAFT_BA7-PROCUREMENT_MasterJustificationBook_Navy_PB_2014.zzz_unzipped-PROCUREMENT_MasterJustificationBook_Navy_PB_2014.xml","97ef4cf3f410d224f56ae29ea98cdf2592e9fe9b3908e3df56bf826c63de8ad7","0-3ef9d91aad4f142b7f702e0644fae6f19983db541d9ed03d8f46f8ce75cc4a53","0","See End Item P5A","See End Item P5A","0","0","2810-8317087cce588ff492b9a2a04793fb1516ed2cde965fee1dac4040454567785a","root"
