Name_val,Location_val,Type_val,@SOURCE_FILENAME,@RECORDID,@ROWID,@PARENTROWID,@PARENT
"Watervliet","Watervliet,  Arsenal Watervliet, New York","GOGO","2013-BASE_PROCUREMENT-2013-ARMY_WTCV-JustificationBook_Army_PB_2013.zzz_unzipped-JustificationBook_Army_PB_2013.xml","77d4e2d6e7447036c7b5b87910faa2aa19021fbd093ab9579c4e3c0d93642563","0-5c3da07592d9d9d1b6d8484cc171869367b87082a60a0bfec6da24f15ac8f326","592-a8b988d1890cb1db82abfa9043b339839d601cf3b7b7db80e3dc3f4376a97170","root"
"Active and Inactive Government-Owned Facilities","Various","GOCO","2013-BASE_PROCUREMENT-2013-ARMY_AMMO-JustificationBook_Army_PB_2013.zzz_unzipped-JustificationBook_Army_PB_2013.xml","d86559710e8c90c1e40903820e6d04df5c8421478caaf1c5036a9d6ba74875f8","0-c93f14596d6af99d4feb9ac4926ad22f7e38eae9dbb1bc3ed70a16769c04b66d","627-19582b10525b2e460cc4ecde32c60a2bb0e5cf0df27b8657c5880bf014b6f16b","root"
"Holston Army Ammunition Plant","Kingsport, Tennessee","GOCO","2013-BASE_PROCUREMENT-2013-ARMY_AMMO-JustificationBook_Army_PB_2013.zzz_unzipped-JustificationBook_Army_PB_2013.xml","d86559710e8c90c1e40903820e6d04df5c8421478caaf1c5036a9d6ba74875f8","1-6d7bf667ffd5c81636c8140bd9872fae84ff28f18b9bd2201b1784c6933d88c5","627-19582b10525b2e460cc4ecde32c60a2bb0e5cf0df27b8657c5880bf014b6f16b","root"
"Iowa Army Ammunition Plant","Middletown, Iowa","GOCO","2013-BASE_PROCUREMENT-2013-ARMY_AMMO-JustificationBook_Army_PB_2013.zzz_unzipped-JustificationBook_Army_PB_2013.xml","d86559710e8c90c1e40903820e6d04df5c8421478caaf1c5036a9d6ba74875f8","2-cf880f74f547035c2485d77240d28d8ee39004ada879cf36336818a81bf2ca06","627-19582b10525b2e460cc4ecde32c60a2bb0e5cf0df27b8657c5880bf014b6f16b","root"
"Pine Bluff Arsenal","Pine Bluff, Arkansas","GOGO","2013-BASE_PROCUREMENT-2013-ARMY_AMMO-JustificationBook_Army_PB_2013.zzz_unzipped-JustificationBook_Army_PB_2013.xml","d86559710e8c90c1e40903820e6d04df5c8421478caaf1c5036a9d6ba74875f8","3-8b47a456485d2f47f84bbbbaf4d4fc9e1f983522165f08612c61a91226659d70","627-19582b10525b2e460cc4ecde32c60a2bb0e5cf0df27b8657c5880bf014b6f16b","root"
"Quad City Cartridge Case Facility","Rock Island, Illinois","GOCO","2013-BASE_PROCUREMENT-2013-ARMY_AMMO-JustificationBook_Army_PB_2013.zzz_unzipped-JustificationBook_Army_PB_2013.xml","d86559710e8c90c1e40903820e6d04df5c8421478caaf1c5036a9d6ba74875f8","4-6b2604a515862f7dfdf78dbdb8e4829c527f662c7c0b5251a7585e6459b1222c","627-19582b10525b2e460cc4ecde32c60a2bb0e5cf0df27b8657c5880bf014b6f16b","root"
"Radford Army Ammunition Plant","Radford, Virginia","GOCO","2013-BASE_PROCUREMENT-2013-ARMY_AMMO-JustificationBook_Army_PB_2013.zzz_unzipped-JustificationBook_Army_PB_2013.xml","d86559710e8c90c1e40903820e6d04df5c8421478caaf1c5036a9d6ba74875f8","5-7cd38190d05cc113d562e4baaedc5c5dad43c8d4064183f55b4bc191dc8e7fbb","627-19582b10525b2e460cc4ecde32c60a2bb0e5cf0df27b8657c5880bf014b6f16b","root"
"Watervliet","Watervliet,  Arsenal Watervliet, New York","GOGO","2014-BASE_PROCUREMENT-2014-ARMY_WTCV-PROCUREMENT_JustificationBook_Army_PB_2014.zzz_unzipped-PROCUREMENT_JustificationBook_Army_PB_2014.xml","6bd4d70739297e36cb7d4d8f35300cbc0da9f764241398b1c9c046f0a81114d8","0-6c9536151acfbed0a6d283dad934d27b445c23789e7310a37b8aba1668474f54","2266-dc4d741a84d4d8d43a01063c909ab424ff2df238a5f8aa252b06b71f283bb4c8","root"
"Active and Inactive Government-Owned Facilities","Various","GOCO","2014-BASE_PROCUREMENT-2014-ARMY_AMMO-PROCUREMENT_JustificationBook_Army_PB_2014.zzz_unzipped-PROCUREMENT_JustificationBook_Army_PB_2014.xml","e88f3661ea6cf14fda0467552ead014351215debdd83ba533521d2174718f5f2","0-dadcfc385bfdebf8b697e9287a2a95c95c4b2ee90717f5247621d94ec626cfdd","2301-bf66af3e3960eaad117b18b1067ca0ef5204b1de6566a7c4fb7b6161448b780b","root"
"Holston Army Ammunition Plant","Kingsport, Tennessee","GOCO","2014-BASE_PROCUREMENT-2014-ARMY_AMMO-PROCUREMENT_JustificationBook_Army_PB_2014.zzz_unzipped-PROCUREMENT_JustificationBook_Army_PB_2014.xml","e88f3661ea6cf14fda0467552ead014351215debdd83ba533521d2174718f5f2","1-9648d43a3a9c27d5418305d8dcee86c716067f92729c5a8158a02dc5df9af4ef","2301-bf66af3e3960eaad117b18b1067ca0ef5204b1de6566a7c4fb7b6161448b780b","root"
"Iowa Army Ammunition Plant","Middletown, Iowa","GOCO","2014-BASE_PROCUREMENT-2014-ARMY_AMMO-PROCUREMENT_JustificationBook_Army_PB_2014.zzz_unzipped-PROCUREMENT_JustificationBook_Army_PB_2014.xml","e88f3661ea6cf14fda0467552ead014351215debdd83ba533521d2174718f5f2","2-18339b38f3a8c772461870e4fec070b761f23ce70b3373e40e7e6a3cc9eb1c52","2301-bf66af3e3960eaad117b18b1067ca0ef5204b1de6566a7c4fb7b6161448b780b","root"
"Milan Army Ammunition Plant","Milan, Tennessee","GOCO","2014-BASE_PROCUREMENT-2014-ARMY_AMMO-PROCUREMENT_JustificationBook_Army_PB_2014.zzz_unzipped-PROCUREMENT_JustificationBook_Army_PB_2014.xml","e88f3661ea6cf14fda0467552ead014351215debdd83ba533521d2174718f5f2","3-d3b2bbf460f88287c2b78e0c2e5c3fd9ef9dc71af01ef6a16b063258c0f93947","2301-bf66af3e3960eaad117b18b1067ca0ef5204b1de6566a7c4fb7b6161448b780b","root"
"Pine Bluff Arsenal","Pine Bluff, Arkansas","GOGO","2014-BASE_PROCUREMENT-2014-ARMY_AMMO-PROCUREMENT_JustificationBook_Army_PB_2014.zzz_unzipped-PROCUREMENT_JustificationBook_Army_PB_2014.xml","e88f3661ea6cf14fda0467552ead014351215debdd83ba533521d2174718f5f2","4-d6852a3fded02f0a0a4cda062942ea5c3412df512b034325e00c6c3dfe8cf7d6","2301-bf66af3e3960eaad117b18b1067ca0ef5204b1de6566a7c4fb7b6161448b780b","root"
"Quad City Cartridge Case Facility","Rock Island, Illinois","GOCO","2014-BASE_PROCUREMENT-2014-ARMY_AMMO-PROCUREMENT_JustificationBook_Army_PB_2014.zzz_unzipped-PROCUREMENT_JustificationBook_Army_PB_2014.xml","e88f3661ea6cf14fda0467552ead014351215debdd83ba533521d2174718f5f2","5-8c37602f4f354ad2919f7aefe5bba8fd776ee1d6984b7aa48ab5a59d3c17de8c","2301-bf66af3e3960eaad117b18b1067ca0ef5204b1de6566a7c4fb7b6161448b780b","root"
"Radford Army Ammunition Plant","Radford, Virginia","GOCO","2014-BASE_PROCUREMENT-2014-ARMY_AMMO-PROCUREMENT_JustificationBook_Army_PB_2014.zzz_unzipped-PROCUREMENT_JustificationBook_Army_PB_2014.xml","e88f3661ea6cf14fda0467552ead014351215debdd83ba533521d2174718f5f2","6-80f6d260b52feff037139402c3d6b43664e76188e636e0b527a455ed2f0addfd","2301-bf66af3e3960eaad117b18b1067ca0ef5204b1de6566a7c4fb7b6161448b780b","root"
"Watervliet","Watervliet,  Arsenal Watervliet, New York","GOGO","2015-BASE_PROCUREMENT-2015-ARMY_WTCV-PROCUREMENT_JustificationBook_Army_PB_2015.zzz_unzipped-PROCUREMENT_JustificationBook_Army_PB_2015.xml","a584fd6a0f683eab067c59c742ba7f9404fce4832bc6cc82fa2133d9f128704f","0-147499a10350f39ae56e9b1df55ba32381ddfbd857d5035f10e085f2a8c52aa6","3903-02ce2457bb586c4c10d5338603fb42dc98e0a37d9420b23cf4d4c7097f9c3d71","root"
"Active and Inactive Government-Owned Facilities","Various","GOCO","2015-BASE_PROCUREMENT-2015-ARMY_AMMO-PROCUREMENT_JustificationBook_Army_PB_2015.zzz_unzipped-PROCUREMENT_JustificationBook_Army_PB_2015.xml","c4d5510aae3be623d3815177cb4b77718e913b16082d5e476d238e93060d9756","0-4967af30ec1cacffa81bd374f09c5f9b28be33f8bdc054392540a3b68e0680fa","3938-054663979e9f056ef2077f566e01cf6ce54cebe71684f85232126bba19c039ae","root"
"Iowa Army Ammunition Plant","Middletown, Iowa","GOCO","2015-BASE_PROCUREMENT-2015-ARMY_AMMO-PROCUREMENT_JustificationBook_Army_PB_2015.zzz_unzipped-PROCUREMENT_JustificationBook_Army_PB_2015.xml","c4d5510aae3be623d3815177cb4b77718e913b16082d5e476d238e93060d9756","1-31b477791a21ef7b0501b3f957c56b03a26b2d00509a5e69804b5ee41a5e6d99","3938-054663979e9f056ef2077f566e01cf6ce54cebe71684f85232126bba19c039ae","root"
"Lake City Army Ammunition Plant","Independence, Missouri","GOCO","2015-BASE_PROCUREMENT-2015-ARMY_AMMO-PROCUREMENT_JustificationBook_Army_PB_2015.zzz_unzipped-PROCUREMENT_JustificationBook_Army_PB_2015.xml","c4d5510aae3be623d3815177cb4b77718e913b16082d5e476d238e93060d9756","2-061732074be16d318acc537cb2f0bb0922a2915b16465bfb57cb99c515d8e018","3938-054663979e9f056ef2077f566e01cf6ce54cebe71684f85232126bba19c039ae","root"
"Milan Army Ammunition Plant","Milan, Tennessee","GOCO","2015-BASE_PROCUREMENT-2015-ARMY_AMMO-PROCUREMENT_JustificationBook_Army_PB_2015.zzz_unzipped-PROCUREMENT_JustificationBook_Army_PB_2015.xml","c4d5510aae3be623d3815177cb4b77718e913b16082d5e476d238e93060d9756","3-1b079f6088033296b003a85c8c379040263cef3ccfc3785ba9d6f526c83f27ac","3938-054663979e9f056ef2077f566e01cf6ce54cebe71684f85232126bba19c039ae","root"
"Pine Bluff Arsenal","Pine Bluff, Arkansas","GOGO","2015-BASE_PROCUREMENT-2015-ARMY_AMMO-PROCUREMENT_JustificationBook_Army_PB_2015.zzz_unzipped-PROCUREMENT_JustificationBook_Army_PB_2015.xml","c4d5510aae3be623d3815177cb4b77718e913b16082d5e476d238e93060d9756","4-a66be6b990dec74ed32960cc4f1bbdfe7701668829d150272368ce4e89c99580","3938-054663979e9f056ef2077f566e01cf6ce54cebe71684f85232126bba19c039ae","root"
"Radford Army Ammunition Plant","Radford, Virginia","GOCO","2015-BASE_PROCUREMENT-2015-ARMY_AMMO-PROCUREMENT_JustificationBook_Army_PB_2015.zzz_unzipped-PROCUREMENT_JustificationBook_Army_PB_2015.xml","c4d5510aae3be623d3815177cb4b77718e913b16082d5e476d238e93060d9756","5-d1120b19943b2cbc56ef2049891e1691c79c7d69f02118fddcb9163100b8076b","3938-054663979e9f056ef2077f566e01cf6ce54cebe71684f85232126bba19c039ae","root"
"Scranton Army Ammunition Plant","Scranton, Pennsylvania","GOCO","2015-BASE_PROCUREMENT-2015-ARMY_AMMO-PROCUREMENT_JustificationBook_Army_PB_2015.zzz_unzipped-PROCUREMENT_JustificationBook_Army_PB_2015.xml","c4d5510aae3be623d3815177cb4b77718e913b16082d5e476d238e93060d9756","6-03997262ea04cc86b63279af90b9f20c1a6ac5909445ee65b82df5a68ccc4e23","3938-054663979e9f056ef2077f566e01cf6ce54cebe71684f85232126bba19c039ae","root"
"Watervliet","Watervliet,  Arsenal Watervliet, New York","GOGO","2016-BASE_PROCUREMENT-2016-ARMY_WTCV-PROCUREMENT_JustificationBook_Army_PB_2016.zzz_unzipped-PROCUREMENT_JustificationBook_Army_PB_2016.xml","5d00c39c1e909eed2357826245a76a51310d03e9eaaa04439ab37437904c53fa","0-5228ceaa65cf7ed949269842107f69303b531fc5c32ff6e93fe523fa53c9f2d9","5564-181d72e4d61b14b71dec631362f92999810233a3a3552496e6703b6d32849580","root"
"Active and Inactive Government-Owned Facilities","Various","GOCO","2016-BASE_PROCUREMENT-2016-ARMY_AMMO-PROCUREMENT_JustificationBook_Army_PB_2016.zzz_unzipped-PROCUREMENT_JustificationBook_Army_PB_2016.xml","b8c74bded3f7e8d5becd320d034e0321c86f39aa744ca436c07c8d4430a61422","0-0f8df92fe3df026e6da3d7561374cb421f3c8c4cc011a7eeffa2f6f86dea22f7","5594-5fe57e77af44d38e496d78e9c8442a85eb825096d14f0e195a47d95b2993dfb1","root"
"Holston Army Ammunition Plant","Kingsport, Tennessee","GOCO","2016-BASE_PROCUREMENT-2016-ARMY_AMMO-PROCUREMENT_JustificationBook_Army_PB_2016.zzz_unzipped-PROCUREMENT_JustificationBook_Army_PB_2016.xml","b8c74bded3f7e8d5becd320d034e0321c86f39aa744ca436c07c8d4430a61422","1-4bc3bd14dc1dcd65564605eea4db2f79003d8105a8e088b37a239f791dd35b41","5594-5fe57e77af44d38e496d78e9c8442a85eb825096d14f0e195a47d95b2993dfb1","root"
"Iowa Army Ammunition Plant","Middletown, Iowa","GOCO","2016-BASE_PROCUREMENT-2016-ARMY_AMMO-PROCUREMENT_JustificationBook_Army_PB_2016.zzz_unzipped-PROCUREMENT_JustificationBook_Army_PB_2016.xml","b8c74bded3f7e8d5becd320d034e0321c86f39aa744ca436c07c8d4430a61422","2-6dd154b561cd65e3602ebfc9f3ba381fe6ef58cdf3abebdcc475583c2720b603","5594-5fe57e77af44d38e496d78e9c8442a85eb825096d14f0e195a47d95b2993dfb1","root"
"Lake City Army Ammunition Plant","Independence, Missouri","GOCO","2016-BASE_PROCUREMENT-2016-ARMY_AMMO-PROCUREMENT_JustificationBook_Army_PB_2016.zzz_unzipped-PROCUREMENT_JustificationBook_Army_PB_2016.xml","b8c74bded3f7e8d5becd320d034e0321c86f39aa744ca436c07c8d4430a61422","3-aa7a219d6ec7cba044ed19b071a25a5476522268b6046bb2e4c4f354e1a9996b","5594-5fe57e77af44d38e496d78e9c8442a85eb825096d14f0e195a47d95b2993dfb1","root"
"Milan Army Ammunition Plant","Milan, Tennessee","GOCO","2016-BASE_PROCUREMENT-2016-ARMY_AMMO-PROCUREMENT_JustificationBook_Army_PB_2016.zzz_unzipped-PROCUREMENT_JustificationBook_Army_PB_2016.xml","b8c74bded3f7e8d5becd320d034e0321c86f39aa744ca436c07c8d4430a61422","4-a469a9d7608831afe4542829410bbd2a9bff4b8f4a1697dd32df0aa93f3a3626","5594-5fe57e77af44d38e496d78e9c8442a85eb825096d14f0e195a47d95b2993dfb1","root"
"Pine Bluff Arsenal","Pine Bluff, Arkansas","GOGO","2016-BASE_PROCUREMENT-2016-ARMY_AMMO-PROCUREMENT_JustificationBook_Army_PB_2016.zzz_unzipped-PROCUREMENT_JustificationBook_Army_PB_2016.xml","b8c74bded3f7e8d5becd320d034e0321c86f39aa744ca436c07c8d4430a61422","5-9ab7ed0f5e42d35f5cb9a8a5ff6590b598ffc377b7d678a73886e754aff6a9a0","5594-5fe57e77af44d38e496d78e9c8442a85eb825096d14f0e195a47d95b2993dfb1","root"
"Quad City Cartridge Case Facility","Rock Island, Illinois","GOCO","2016-BASE_PROCUREMENT-2016-ARMY_AMMO-PROCUREMENT_JustificationBook_Army_PB_2016.zzz_unzipped-PROCUREMENT_JustificationBook_Army_PB_2016.xml","b8c74bded3f7e8d5becd320d034e0321c86f39aa744ca436c07c8d4430a61422","6-f7834d9e1ba73f90ab9998f4a80e046353dc69a421fa31475ae8926d38c3b31a","5594-5fe57e77af44d38e496d78e9c8442a85eb825096d14f0e195a47d95b2993dfb1","root"
"Radford Army Ammunition Plant","Radford, Virginia","GOCO","2016-BASE_PROCUREMENT-2016-ARMY_AMMO-PROCUREMENT_JustificationBook_Army_PB_2016.zzz_unzipped-PROCUREMENT_JustificationBook_Army_PB_2016.xml","b8c74bded3f7e8d5becd320d034e0321c86f39aa744ca436c07c8d4430a61422","7-1d113caf590f735ff2ce08ad4fdc861287e11c27ed2ae83ed71ed164983b04ba","5594-5fe57e77af44d38e496d78e9c8442a85eb825096d14f0e195a47d95b2993dfb1","root"
"Scranton Army Ammunition Plant","Scranton, Pennsylvania","GOCO","2016-BASE_PROCUREMENT-2016-ARMY_AMMO-PROCUREMENT_JustificationBook_Army_PB_2016.zzz_unzipped-PROCUREMENT_JustificationBook_Army_PB_2016.xml","b8c74bded3f7e8d5becd320d034e0321c86f39aa744ca436c07c8d4430a61422","8-a9bbd09e79efb1c9e78a387e1f257380d10a848716b1dde8bea80253bc5bdbfb","5594-5fe57e77af44d38e496d78e9c8442a85eb825096d14f0e195a47d95b2993dfb1","root"
