Name_val,Location_val,Type_val,@SOURCE_FILENAME,@RECORDID,@ROWID,@PARENTROWID,@PARENT
"Watervliet","Watervliet,  Arsenal Watervliet, New York","GOGO","2013-BASE_PROCUREMENT-2013-ARMY_WTCV-JustificationBook_Army_PB_2013.zzz_unzipped-JustificationBook_Army_PB_2013.xml","77d4e2d6e7447036c7b5b87910faa2aa19021fbd093ab9579c4e3c0d93642563","0-0e208af0c61642afbd71c61237187ff1853f29793aaddcd8978c4db54687180b","592-7fdc5b613f4562ee7214c34b1909758eef78cd43706333b3333978ebcc097d4e","root"
"Active and Inactive Government-Owned Facilities","Various","GOCO","2013-BASE_PROCUREMENT-2013-ARMY_AMMO-JustificationBook_Army_PB_2013.zzz_unzipped-JustificationBook_Army_PB_2013.xml","d86559710e8c90c1e40903820e6d04df5c8421478caaf1c5036a9d6ba74875f8","0-d8111c38434aff0f350b279bd6df8ca0bb8fa44b616d616614fc2feef1ba8f22","627-bc1ce2dd6912398291bcc0389a7796ab35a4f5859e1e928574d75dde417c878c","root"
"Holston Army Ammunition Plant","Kingsport, Tennessee","GOCO","2013-BASE_PROCUREMENT-2013-ARMY_AMMO-JustificationBook_Army_PB_2013.zzz_unzipped-JustificationBook_Army_PB_2013.xml","d86559710e8c90c1e40903820e6d04df5c8421478caaf1c5036a9d6ba74875f8","1-ac512c6ef280070af2f0b7a92f569ff1f8877225b58f399a704e2e8bab39a28b","627-bc1ce2dd6912398291bcc0389a7796ab35a4f5859e1e928574d75dde417c878c","root"
"Iowa Army Ammunition Plant","Middletown, Iowa","GOCO","2013-BASE_PROCUREMENT-2013-ARMY_AMMO-JustificationBook_Army_PB_2013.zzz_unzipped-JustificationBook_Army_PB_2013.xml","d86559710e8c90c1e40903820e6d04df5c8421478caaf1c5036a9d6ba74875f8","2-569eb1d2663ed343977e21b00a792d7efdad837b42bc8dbd59363bc9e956648c","627-bc1ce2dd6912398291bcc0389a7796ab35a4f5859e1e928574d75dde417c878c","root"
"Pine Bluff Arsenal","Pine Bluff, Arkansas","GOGO","2013-BASE_PROCUREMENT-2013-ARMY_AMMO-JustificationBook_Army_PB_2013.zzz_unzipped-JustificationBook_Army_PB_2013.xml","d86559710e8c90c1e40903820e6d04df5c8421478caaf1c5036a9d6ba74875f8","3-f9eb23021bcd1dcb71598a01cc9c560ae77b020c18a4db86e5d7bec9730a8584","627-bc1ce2dd6912398291bcc0389a7796ab35a4f5859e1e928574d75dde417c878c","root"
"Quad City Cartridge Case Facility","Rock Island, Illinois","GOCO","2013-BASE_PROCUREMENT-2013-ARMY_AMMO-JustificationBook_Army_PB_2013.zzz_unzipped-JustificationBook_Army_PB_2013.xml","d86559710e8c90c1e40903820e6d04df5c8421478caaf1c5036a9d6ba74875f8","4-b9b1a3231a088def1f7ee04c1a13f3e3832dfd7f4f28b672bb75ebc2d0eaf4e0","627-bc1ce2dd6912398291bcc0389a7796ab35a4f5859e1e928574d75dde417c878c","root"
"Radford Army Ammunition Plant","Radford, Virginia","GOCO","2013-BASE_PROCUREMENT-2013-ARMY_AMMO-JustificationBook_Army_PB_2013.zzz_unzipped-JustificationBook_Army_PB_2013.xml","d86559710e8c90c1e40903820e6d04df5c8421478caaf1c5036a9d6ba74875f8","5-1ac787c18b45538f7d72e7dcfc78d9d121ddecbbfec21794f5465c456ddab5a8","627-bc1ce2dd6912398291bcc0389a7796ab35a4f5859e1e928574d75dde417c878c","root"
"Watervliet","Watervliet,  Arsenal Watervliet, New York","GOGO","2014-BASE_PROCUREMENT-2014-ARMY_WTCV-PROCUREMENT_JustificationBook_Army_PB_2014.zzz_unzipped-PROCUREMENT_JustificationBook_Army_PB_2014.xml","6bd4d70739297e36cb7d4d8f35300cbc0da9f764241398b1c9c046f0a81114d8","0-f7e0dc97f185b7a516bbf824578e52174b86e37752d9991d8834fd717992f494","2266-cd8281c59b59d3836974c803263a09f0ba20949854a28d94d80cb636902eec3a","root"
"Active and Inactive Government-Owned Facilities","Various","GOCO","2014-BASE_PROCUREMENT-2014-ARMY_AMMO-PROCUREMENT_JustificationBook_Army_PB_2014.zzz_unzipped-PROCUREMENT_JustificationBook_Army_PB_2014.xml","e88f3661ea6cf14fda0467552ead014351215debdd83ba533521d2174718f5f2","0-e2a84b655f6b1c3ef13dcd34d5a4325c9a409eef40bd727acce97fe98e79eb69","2301-2e362f3a29d29c2388a7e22944a5309649a9e5b798cc1c11ad55bd5eec4fab2e","root"
"Holston Army Ammunition Plant","Kingsport, Tennessee","GOCO","2014-BASE_PROCUREMENT-2014-ARMY_AMMO-PROCUREMENT_JustificationBook_Army_PB_2014.zzz_unzipped-PROCUREMENT_JustificationBook_Army_PB_2014.xml","e88f3661ea6cf14fda0467552ead014351215debdd83ba533521d2174718f5f2","1-95d439d7ebb78f3292033fd06e5afa5e8833ce7febfbae45f0edd1811c4c40df","2301-2e362f3a29d29c2388a7e22944a5309649a9e5b798cc1c11ad55bd5eec4fab2e","root"
"Iowa Army Ammunition Plant","Middletown, Iowa","GOCO","2014-BASE_PROCUREMENT-2014-ARMY_AMMO-PROCUREMENT_JustificationBook_Army_PB_2014.zzz_unzipped-PROCUREMENT_JustificationBook_Army_PB_2014.xml","e88f3661ea6cf14fda0467552ead014351215debdd83ba533521d2174718f5f2","2-80bacdc649a42ea7d96b79435d8b8d76772ae47831b3341fe32e3b5ea33cfb62","2301-2e362f3a29d29c2388a7e22944a5309649a9e5b798cc1c11ad55bd5eec4fab2e","root"
"Milan Army Ammunition Plant","Milan, Tennessee","GOCO","2014-BASE_PROCUREMENT-2014-ARMY_AMMO-PROCUREMENT_JustificationBook_Army_PB_2014.zzz_unzipped-PROCUREMENT_JustificationBook_Army_PB_2014.xml","e88f3661ea6cf14fda0467552ead014351215debdd83ba533521d2174718f5f2","3-dc77dfce280e7f031b2d8128ad787a34f65901001d12cbb69929f7012d4b4c82","2301-2e362f3a29d29c2388a7e22944a5309649a9e5b798cc1c11ad55bd5eec4fab2e","root"
"Pine Bluff Arsenal","Pine Bluff, Arkansas","GOGO","2014-BASE_PROCUREMENT-2014-ARMY_AMMO-PROCUREMENT_JustificationBook_Army_PB_2014.zzz_unzipped-PROCUREMENT_JustificationBook_Army_PB_2014.xml","e88f3661ea6cf14fda0467552ead014351215debdd83ba533521d2174718f5f2","4-2f22d4912020a324530d484ea1b0b50488d60276a228fd73a43c25d5c8973fd1","2301-2e362f3a29d29c2388a7e22944a5309649a9e5b798cc1c11ad55bd5eec4fab2e","root"
"Quad City Cartridge Case Facility","Rock Island, Illinois","GOCO","2014-BASE_PROCUREMENT-2014-ARMY_AMMO-PROCUREMENT_JustificationBook_Army_PB_2014.zzz_unzipped-PROCUREMENT_JustificationBook_Army_PB_2014.xml","e88f3661ea6cf14fda0467552ead014351215debdd83ba533521d2174718f5f2","5-cb648e90145da52947a6752a11de1ffc4045e29c5388075f4db499f8ddefb7df","2301-2e362f3a29d29c2388a7e22944a5309649a9e5b798cc1c11ad55bd5eec4fab2e","root"
"Radford Army Ammunition Plant","Radford, Virginia","GOCO","2014-BASE_PROCUREMENT-2014-ARMY_AMMO-PROCUREMENT_JustificationBook_Army_PB_2014.zzz_unzipped-PROCUREMENT_JustificationBook_Army_PB_2014.xml","e88f3661ea6cf14fda0467552ead014351215debdd83ba533521d2174718f5f2","6-b605a7397c7baed5939aaffb321b78cce8107389487d8577882716b0ecba655a","2301-2e362f3a29d29c2388a7e22944a5309649a9e5b798cc1c11ad55bd5eec4fab2e","root"
"Watervliet","Watervliet,  Arsenal Watervliet, New York","GOGO","2015-BASE_PROCUREMENT-2015-ARMY_WTCV-PROCUREMENT_JustificationBook_Army_PB_2015.zzz_unzipped-PROCUREMENT_JustificationBook_Army_PB_2015.xml","a584fd6a0f683eab067c59c742ba7f9404fce4832bc6cc82fa2133d9f128704f","0-ed6a7802f24ef4afdf4a1c1bb3b19661b97c5c48eaf52c9fe17649d0aba4e156","3903-5228abbab93ddaa928eb48b5ee2e55b7b90bcf8477f2f7f7aaec76d644ab50e2","root"
"Active and Inactive Government-Owned Facilities","Various","GOCO","2015-BASE_PROCUREMENT-2015-ARMY_AMMO-PROCUREMENT_JustificationBook_Army_PB_2015.zzz_unzipped-PROCUREMENT_JustificationBook_Army_PB_2015.xml","c4d5510aae3be623d3815177cb4b77718e913b16082d5e476d238e93060d9756","0-6b0b8f692ed214da329be1ac435b991ba3dbf52d090b9a7876fe77728c3600b7","3938-ad35a3f03e8ea1da07a3e21b063980caa332e49e67c84f6bceb5e3f521d1095c","root"
"Iowa Army Ammunition Plant","Middletown, Iowa","GOCO","2015-BASE_PROCUREMENT-2015-ARMY_AMMO-PROCUREMENT_JustificationBook_Army_PB_2015.zzz_unzipped-PROCUREMENT_JustificationBook_Army_PB_2015.xml","c4d5510aae3be623d3815177cb4b77718e913b16082d5e476d238e93060d9756","1-e94b65a46436f14607776855bb3a1e36c74137dc0446493f13594765683ef1e6","3938-ad35a3f03e8ea1da07a3e21b063980caa332e49e67c84f6bceb5e3f521d1095c","root"
"Lake City Army Ammunition Plant","Independence, Missouri","GOCO","2015-BASE_PROCUREMENT-2015-ARMY_AMMO-PROCUREMENT_JustificationBook_Army_PB_2015.zzz_unzipped-PROCUREMENT_JustificationBook_Army_PB_2015.xml","c4d5510aae3be623d3815177cb4b77718e913b16082d5e476d238e93060d9756","2-6daacf4be57f7a3aefdb4ed73be6385d69e9f7b3254100779337b710938f4f99","3938-ad35a3f03e8ea1da07a3e21b063980caa332e49e67c84f6bceb5e3f521d1095c","root"
"Milan Army Ammunition Plant","Milan, Tennessee","GOCO","2015-BASE_PROCUREMENT-2015-ARMY_AMMO-PROCUREMENT_JustificationBook_Army_PB_2015.zzz_unzipped-PROCUREMENT_JustificationBook_Army_PB_2015.xml","c4d5510aae3be623d3815177cb4b77718e913b16082d5e476d238e93060d9756","3-2665cecf25e7bda8fc4e7f4ae2c87a5ca99b0bd1ad7de8f0fccfdd01bea067c9","3938-ad35a3f03e8ea1da07a3e21b063980caa332e49e67c84f6bceb5e3f521d1095c","root"
"Pine Bluff Arsenal","Pine Bluff, Arkansas","GOGO","2015-BASE_PROCUREMENT-2015-ARMY_AMMO-PROCUREMENT_JustificationBook_Army_PB_2015.zzz_unzipped-PROCUREMENT_JustificationBook_Army_PB_2015.xml","c4d5510aae3be623d3815177cb4b77718e913b16082d5e476d238e93060d9756","4-e70a8350314d0d55da79b120904437b8279626f50d7ccc3dda61a7fbc7e806c9","3938-ad35a3f03e8ea1da07a3e21b063980caa332e49e67c84f6bceb5e3f521d1095c","root"
"Radford Army Ammunition Plant","Radford, Virginia","GOCO","2015-BASE_PROCUREMENT-2015-ARMY_AMMO-PROCUREMENT_JustificationBook_Army_PB_2015.zzz_unzipped-PROCUREMENT_JustificationBook_Army_PB_2015.xml","c4d5510aae3be623d3815177cb4b77718e913b16082d5e476d238e93060d9756","5-7acb1a65ed50fe505ac1111c166ef3845fb8541880e98a8d17c2516dd579604c","3938-ad35a3f03e8ea1da07a3e21b063980caa332e49e67c84f6bceb5e3f521d1095c","root"
"Scranton Army Ammunition Plant","Scranton, Pennsylvania","GOCO","2015-BASE_PROCUREMENT-2015-ARMY_AMMO-PROCUREMENT_JustificationBook_Army_PB_2015.zzz_unzipped-PROCUREMENT_JustificationBook_Army_PB_2015.xml","c4d5510aae3be623d3815177cb4b77718e913b16082d5e476d238e93060d9756","6-0168acfe23558c896e3024db9ee351646cc8dc005cd09267024bd41b81bb2b45","3938-ad35a3f03e8ea1da07a3e21b063980caa332e49e67c84f6bceb5e3f521d1095c","root"
"Watervliet","Watervliet,  Arsenal Watervliet, New York","GOGO","2016-BASE_PROCUREMENT-2016-ARMY_WTCV-PROCUREMENT_JustificationBook_Army_PB_2016.zzz_unzipped-PROCUREMENT_JustificationBook_Army_PB_2016.xml","5d00c39c1e909eed2357826245a76a51310d03e9eaaa04439ab37437904c53fa","0-38980f01a22c4f0ae756997f6a282125ca034dbce5d4f7ba1faddcd9570fac24","5564-314b136634459c9019628d9f269822351a93b559e5e9e79875bbf1693d541ea6","root"
"Active and Inactive Government-Owned Facilities","Various","GOCO","2016-BASE_PROCUREMENT-2016-ARMY_AMMO-PROCUREMENT_JustificationBook_Army_PB_2016.zzz_unzipped-PROCUREMENT_JustificationBook_Army_PB_2016.xml","b8c74bded3f7e8d5becd320d034e0321c86f39aa744ca436c07c8d4430a61422","0-95dd95ac53e7b2a9803e9d40f81f43fdd91a6eee51e0a1a314e35d4ebcffe6fa","5594-7dea7c10f7b5dbe8f3b11e8faeb39690647766e514e27a0bae6dce5a6ff8fef7","root"
"Holston Army Ammunition Plant","Kingsport, Tennessee","GOCO","2016-BASE_PROCUREMENT-2016-ARMY_AMMO-PROCUREMENT_JustificationBook_Army_PB_2016.zzz_unzipped-PROCUREMENT_JustificationBook_Army_PB_2016.xml","b8c74bded3f7e8d5becd320d034e0321c86f39aa744ca436c07c8d4430a61422","1-2d1cc19c1467bcd2ca6bba4ad1765c067a648644e2c171fd7d1820c6a9847d5b","5594-7dea7c10f7b5dbe8f3b11e8faeb39690647766e514e27a0bae6dce5a6ff8fef7","root"
"Iowa Army Ammunition Plant","Middletown, Iowa","GOCO","2016-BASE_PROCUREMENT-2016-ARMY_AMMO-PROCUREMENT_JustificationBook_Army_PB_2016.zzz_unzipped-PROCUREMENT_JustificationBook_Army_PB_2016.xml","b8c74bded3f7e8d5becd320d034e0321c86f39aa744ca436c07c8d4430a61422","2-cfb57fb4ed50cef1d679e9e9e3159ae08bfba1769e7a1a819116a9a314e26af5","5594-7dea7c10f7b5dbe8f3b11e8faeb39690647766e514e27a0bae6dce5a6ff8fef7","root"
"Lake City Army Ammunition Plant","Independence, Missouri","GOCO","2016-BASE_PROCUREMENT-2016-ARMY_AMMO-PROCUREMENT_JustificationBook_Army_PB_2016.zzz_unzipped-PROCUREMENT_JustificationBook_Army_PB_2016.xml","b8c74bded3f7e8d5becd320d034e0321c86f39aa744ca436c07c8d4430a61422","3-2198ae4f6b6cd0492dd09b67cde4389649057009f4cc84c9d1fe32dca6f8bbbb","5594-7dea7c10f7b5dbe8f3b11e8faeb39690647766e514e27a0bae6dce5a6ff8fef7","root"
"Milan Army Ammunition Plant","Milan, Tennessee","GOCO","2016-BASE_PROCUREMENT-2016-ARMY_AMMO-PROCUREMENT_JustificationBook_Army_PB_2016.zzz_unzipped-PROCUREMENT_JustificationBook_Army_PB_2016.xml","b8c74bded3f7e8d5becd320d034e0321c86f39aa744ca436c07c8d4430a61422","4-1f2237d180745f5b19c33e2f1f047331a7809bafe3bfd97cc6285fe4960ae33b","5594-7dea7c10f7b5dbe8f3b11e8faeb39690647766e514e27a0bae6dce5a6ff8fef7","root"
"Pine Bluff Arsenal","Pine Bluff, Arkansas","GOGO","2016-BASE_PROCUREMENT-2016-ARMY_AMMO-PROCUREMENT_JustificationBook_Army_PB_2016.zzz_unzipped-PROCUREMENT_JustificationBook_Army_PB_2016.xml","b8c74bded3f7e8d5becd320d034e0321c86f39aa744ca436c07c8d4430a61422","5-fadd3091eba671dbc8aaa986e24e8c3cbc93f7d79930187d31edb20bdfc6ed08","5594-7dea7c10f7b5dbe8f3b11e8faeb39690647766e514e27a0bae6dce5a6ff8fef7","root"
"Quad City Cartridge Case Facility","Rock Island, Illinois","GOCO","2016-BASE_PROCUREMENT-2016-ARMY_AMMO-PROCUREMENT_JustificationBook_Army_PB_2016.zzz_unzipped-PROCUREMENT_JustificationBook_Army_PB_2016.xml","b8c74bded3f7e8d5becd320d034e0321c86f39aa744ca436c07c8d4430a61422","6-dfb0df2474b145ad9c4e8df4e0f3e5be413a8ad02e7bb7a876d041ab2b344e23","5594-7dea7c10f7b5dbe8f3b11e8faeb39690647766e514e27a0bae6dce5a6ff8fef7","root"
"Radford Army Ammunition Plant","Radford, Virginia","GOCO","2016-BASE_PROCUREMENT-2016-ARMY_AMMO-PROCUREMENT_JustificationBook_Army_PB_2016.zzz_unzipped-PROCUREMENT_JustificationBook_Army_PB_2016.xml","b8c74bded3f7e8d5becd320d034e0321c86f39aa744ca436c07c8d4430a61422","7-e632f3965e568b15e11103a97ee659b47aaa285836bf57f0ce881fcac4e48ccd","5594-7dea7c10f7b5dbe8f3b11e8faeb39690647766e514e27a0bae6dce5a6ff8fef7","root"
"Scranton Army Ammunition Plant","Scranton, Pennsylvania","GOCO","2016-BASE_PROCUREMENT-2016-ARMY_AMMO-PROCUREMENT_JustificationBook_Army_PB_2016.zzz_unzipped-PROCUREMENT_JustificationBook_Army_PB_2016.xml","b8c74bded3f7e8d5becd320d034e0321c86f39aa744ca436c07c8d4430a61422","8-510568085ca74ba1208532bf905a794e4653b2e58171214dad02bdaaba159ecc","5594-7dea7c10f7b5dbe8f3b11e8faeb39690647766e514e27a0bae6dce5a6ff8fef7","root"
