FiscalYear_val,PCOLocation_val,AwardDate_val,FirstDeliveryDate_val,Quantity_val,UnitCost_val,SpecsAvailableNow_val,RFPIssueDate_val,ContractMethod_val,ContractType_val,MonthlyDeliveryScheduleList_MonthlyDeliverySchedule_ServiceAgencyName_val,MonthlyDeliveryScheduleList_MonthlyDeliverySchedule_ServiceAgencyName_@footnote,MonthlyDeliveryScheduleList_MonthlyDeliverySchedule_ProcQuantity_val,MonthlyDeliveryScheduleList_MonthlyDeliverySchedule_AcceptedBeforeOct1_val,@SOURCE_FILENAME,@RECORDID,@ROWID,FundingVehicle_val,Remarks_val,MonthlyDeliveryScheduleTotal_ProcQuantity_val,RevisionsAvailableDate_val,@PARENTROWID,@PARENT
"2011","303 AESG/PK","2011-12","2014-03","2","103.702","true","2010-03","SS","FPIF","Air Force","","2","0","2013-BASE_PROCUREMENT-2013-AIRFORCE_AIRCRAFT_VOL1-JustificationBook_Air_Force_PB_2013.zzz_unzipped-JustificationBook_Air_Force_PB_2013.xml","b8fa5f8711ad2e5472ab82f8ae7a634c0ce171a77ff119a3b27bbb1b6f64f8eb","0-e4af783cc3d63c135e2fc17ab718d5c52cb4746ba239675d245d4693092aa433","","","","","2-bd8cc45d688b5fdc31ad25e0e16ef4492a19524f43b56c9961e78a8498efd145","root.record.ItemExhibitList.P5Item.CostElementCategoryList.Vehicles.Recurring.CostElementList.CostElement"
"2012","303 AESG/PK","2012-12","2014-12","3","121.047","true","2012-01","SS","FPIF","Air Force","","3","0","2013-BASE_PROCUREMENT-2013-AIRFORCE_AIRCRAFT_VOL1-JustificationBook_Air_Force_PB_2013.zzz_unzipped-JustificationBook_Air_Force_PB_2013.xml","b8fa5f8711ad2e5472ab82f8ae7a634c0ce171a77ff119a3b27bbb1b6f64f8eb","1-c6407cf1a15905a8adfc75f012e3b196024383f3a1187ed554524d844b73bc18","","","","","2-bd8cc45d688b5fdc31ad25e0e16ef4492a19524f43b56c9961e78a8498efd145","root.record.ItemExhibitList.P5Item.CostElementCategoryList.Vehicles.Recurring.CostElementList.CostElement"
"2011","303 AESG/PK","2011-12","2014-04","2","105.294","true","2010-03","SS","FPIF","Air Force","","2","0","2013-BASE_PROCUREMENT-2013-AIRFORCE_AIRCRAFT_VOL1-JustificationBook_Air_Force_PB_2013.zzz_unzipped-JustificationBook_Air_Force_PB_2013.xml","b8fa5f8711ad2e5472ab82f8ae7a634c0ce171a77ff119a3b27bbb1b6f64f8eb","0-fcb8e27994ecb4046cf478564bd3be1100a58eaf0982a950acedeeed635195ff","","","","","3-e797903764d304f79c470d8da808f22fcd85a3e802c29c0fb366e70a30fdc59d","root.record.ItemExhibitList.P5Item.CostElementCategoryList.Vehicles.Recurring.CostElementList.CostElement"
"2009","303 AESG/PK","2011-02","2011-05","2","21.821","true","2008-01","SS","FPIF","Air Force","","2","0","2013-BASE_PROCUREMENT-2013-AIRFORCE_AIRCRAFT_VOL1-JustificationBook_Air_Force_PB_2013.zzz_unzipped-JustificationBook_Air_Force_PB_2013.xml","b8fa5f8711ad2e5472ab82f8ae7a634c0ce171a77ff119a3b27bbb1b6f64f8eb","0-a21ba02fc77b83daec079bc6c9c0a8d84093d2e4a65ffd9b75a88473a3bfb2ef","","","","","0-b5bb9d954060f4fe407665921758ddfd0abaa8b71f4ffd274c15278d32cea5c5","root.record.ItemExhibitList.P5Item.CostElementCategoryList.Vehicles.Recurring.CostElementList.CostElement"
"2011","303 AESG/PK","2011-12","2014-03","2","103.702","true","2010-03","SS","FPIF","Air Force","","2","0","2013-BASE_PROCUREMENT-2013-AIRFORCE_AIRCRAFT_VOL2-MasterJustificationBook_Air_Force_PB_2013.zzz_unzipped-MasterJustificationBook_Air_Force_PB_2013.xml","1f4f127078b801cf69bd1d343ce10449d87168a46400edc6f8142cdafd8b4153","0-4bb19bce7c7c8d6d6f0e065a333b71111743139fb81736b46cad93660e774716","","","","","2-8ec946b6d1c5d7e9899ae75088c990a8e2c49dbdbdd433b795b93cb247855116","root.record.ItemExhibitList.P5Item.CostElementCategoryList.Vehicles.Recurring.CostElementList.CostElement"
"2012","303 AESG/PK","2012-12","2014-12","3","121.047","true","2012-01","SS","FPIF","Air Force","","3","0","2013-BASE_PROCUREMENT-2013-AIRFORCE_AIRCRAFT_VOL2-MasterJustificationBook_Air_Force_PB_2013.zzz_unzipped-MasterJustificationBook_Air_Force_PB_2013.xml","1f4f127078b801cf69bd1d343ce10449d87168a46400edc6f8142cdafd8b4153","1-916f134f020d4197fd886de14aa3553149913178b2208db8959844fb0bed3318","","","","","2-8ec946b6d1c5d7e9899ae75088c990a8e2c49dbdbdd433b795b93cb247855116","root.record.ItemExhibitList.P5Item.CostElementCategoryList.Vehicles.Recurring.CostElementList.CostElement"
"2011","303 AESG/PK","2011-12","2014-04","2","105.294","true","2010-03","SS","FPIF","Air Force","","2","0","2013-BASE_PROCUREMENT-2013-AIRFORCE_AIRCRAFT_VOL2-MasterJustificationBook_Air_Force_PB_2013.zzz_unzipped-MasterJustificationBook_Air_Force_PB_2013.xml","1f4f127078b801cf69bd1d343ce10449d87168a46400edc6f8142cdafd8b4153","0-c10f2a53a776ed1b9d82091b8addec650dfaf4e800d209bcb08c4b83b3fb0c77","","","","","3-cb82da00997800e38fad7f5e57083d6a0dbd6a019a54416269cddb4463834082","root.record.ItemExhibitList.P5Item.CostElementCategoryList.Vehicles.Recurring.CostElementList.CostElement"
"2009","303 AESG/PK","2011-02","2011-05","2","21.821","true","2008-01","SS","FPIF","Air Force","","2","0","2013-BASE_PROCUREMENT-2013-AIRFORCE_AIRCRAFT_VOL2-MasterJustificationBook_Air_Force_PB_2013.zzz_unzipped-MasterJustificationBook_Air_Force_PB_2013.xml","1f4f127078b801cf69bd1d343ce10449d87168a46400edc6f8142cdafd8b4153","0-efc13f93cbeaa3cebb8957c9a673987ea3f62e8dcd3e5c49e2414b1a392b988e","","","","","0-d0275c75fa0cd5c82ac24c3be8d1936697da38f2fa2e13a94b7b3c4f3f2b3700","root.record.ItemExhibitList.P5Item.CostElementCategoryList.Vehicles.Recurring.CostElementList.CostElement"
"2011","303 AESG/PK","2011-12","2014-03","2","103.702","true","2010-03","SS","FPIF","Air Force","","2","0","2013-BASE_PROCUREMENT-2013-AIRFORCE_AIRCRAFT_VOL1-MasterJustificationBook_Air_Force_PB_2013.zzz_unzipped-MasterJustificationBook_Air_Force_PB_2013.xml","a7c6bab01f0a3102b466c221b8193722f8b6637d9b29cc98c18c29fc94b0ad9b","0-69713e636ec05317351268525b9eac3ca07be9d7b1ff0b6a741f86bc683d4418","","","","","2-95575821605df534a246a6a6453436c89295b20e5d56e8d90c78a11798f6e4ee","root.record.ItemExhibitList.P5Item.CostElementCategoryList.Vehicles.Recurring.CostElementList.CostElement"
"2012","303 AESG/PK","2012-12","2014-12","3","121.047","true","2012-01","SS","FPIF","Air Force","","3","0","2013-BASE_PROCUREMENT-2013-AIRFORCE_AIRCRAFT_VOL1-MasterJustificationBook_Air_Force_PB_2013.zzz_unzipped-MasterJustificationBook_Air_Force_PB_2013.xml","a7c6bab01f0a3102b466c221b8193722f8b6637d9b29cc98c18c29fc94b0ad9b","1-22c752649a36297b184da1bfe565b37b05b9fd9811f786284d054318fa0f7fc4","","","","","2-95575821605df534a246a6a6453436c89295b20e5d56e8d90c78a11798f6e4ee","root.record.ItemExhibitList.P5Item.CostElementCategoryList.Vehicles.Recurring.CostElementList.CostElement"
"2011","303 AESG/PK","2011-12","2014-04","2","105.294","true","2010-03","SS","FPIF","Air Force","","2","0","2013-BASE_PROCUREMENT-2013-AIRFORCE_AIRCRAFT_VOL1-MasterJustificationBook_Air_Force_PB_2013.zzz_unzipped-MasterJustificationBook_Air_Force_PB_2013.xml","a7c6bab01f0a3102b466c221b8193722f8b6637d9b29cc98c18c29fc94b0ad9b","0-fae8885ce93bb1fd2642a31d7808b56b17242aff368b9a132446939b7b8f9f3d","","","","","3-74a1a4d1a2fb8cc75126e5835c6f163e17defd654b492a3cb11634c903711b35","root.record.ItemExhibitList.P5Item.CostElementCategoryList.Vehicles.Recurring.CostElementList.CostElement"
"2009","303 AESG/PK","2011-02","2011-05","2","21.821","true","2008-01","SS","FPIF","Air Force","","2","0","2013-BASE_PROCUREMENT-2013-AIRFORCE_AIRCRAFT_VOL1-MasterJustificationBook_Air_Force_PB_2013.zzz_unzipped-MasterJustificationBook_Air_Force_PB_2013.xml","a7c6bab01f0a3102b466c221b8193722f8b6637d9b29cc98c18c29fc94b0ad9b","0-6f789dbda3665010d6aa516be67580f351d0fa558132dfb1c288e3385a284e5b","","","","","0-981886c31d6ef3877dbe24387cb7e8b4ab5fca842a923e3d909dfa53a9e7482c","root.record.ItemExhibitList.P5Item.CostElementCategoryList.Vehicles.Recurring.CostElementList.CostElement"
"2012","DTRA","2012-03","2012-04","4","0.050","true","","","","","","","","2013-BASE_PROCUREMENT-2013-DEFENSE_DTRA-JustificationBook_Defense_Threat_Reduction_Agency_PB_2013.zzz_unzipped-JustificationBook_Defense_Threat_Reduction_Agency_PB_2013.xml","cab5926a1466be6515a9f42f55d21078da5c905fea4d6c33952714d17f224a8c","0-18bb5b9494b155e8f8c7c758ea5d347d954764d6747a45f6d28f65342638e8e4","PO","","","","8-b43b6234e68cf7df8021517b352a7ec924c2cdbf8ed7f4ad0d56c960b2c0715a","root.record.ItemExhibitList.P5Item.CostElementCategoryList.Vehicles.Recurring.CostElementList.CostElement"
"2011","DTRA","2011-03","2011-04","1","0.050","true","","","","","","","","2013-BASE_PROCUREMENT-2013-DEFENSE_DTRA-JustificationBook_Defense_Threat_Reduction_Agency_PB_2013.zzz_unzipped-JustificationBook_Defense_Threat_Reduction_Agency_PB_2013.xml","cab5926a1466be6515a9f42f55d21078da5c905fea4d6c33952714d17f224a8c","1-ba12ae9b2642fdf18460ae36bc9e125a4f65507f09eb381aca369d0a3fa1d4ba","PO","Government Services Administration - Chicago, IL","","","8-b43b6234e68cf7df8021517b352a7ec924c2cdbf8ed7f4ad0d56c960b2c0715a","root.record.ItemExhibitList.P5Item.CostElementCategoryList.Vehicles.Recurring.CostElementList.CostElement"
"2013","DTRA","2013-03","2013-04","1","0.050","true","","","","","","","","2013-BASE_PROCUREMENT-2013-DEFENSE_DTRA-JustificationBook_Defense_Threat_Reduction_Agency_PB_2013.zzz_unzipped-JustificationBook_Defense_Threat_Reduction_Agency_PB_2013.xml","cab5926a1466be6515a9f42f55d21078da5c905fea4d6c33952714d17f224a8c","2-fa30615ea7d2a290b35302ef35c1be19bdcaa37a3c11ae849dbbce562630faa2","PO","","","","8-b43b6234e68cf7df8021517b352a7ec924c2cdbf8ed7f4ad0d56c960b2c0715a","root.record.ItemExhibitList.P5Item.CostElementCategoryList.Vehicles.Recurring.CostElementList.CostElement"
"2012","DTRA","2012-03","2012-04","4","0.050","true","","","","","","","","2013-BASE_PROCUREMENT-2013-DEFENSE_VOL1-MasterJustificationBook_Defense-Wide_PB_2013.zzz_unzipped-MasterJustificationBook_Defense-Wide_PB_2013.xml","f09953ff692e237c6d67ad56f8d52b3e437ed00dd6d7a4246069438e7cecec4b","0-4456f307f0fa33be58ce90a87bcf82c5ab6ac9a2d8cedc63ae11eb3b3798b433","PO","","","","8-30494ed10cc03bac9f7ba3483015ab5a7678114685b5f5f215179a2a62538231","root.record.ItemExhibitList.P5Item.CostElementCategoryList.Vehicles.Recurring.CostElementList.CostElement"
"2011","DTRA","2011-03","2011-04","1","0.050","true","","","","","","","","2013-BASE_PROCUREMENT-2013-DEFENSE_VOL1-MasterJustificationBook_Defense-Wide_PB_2013.zzz_unzipped-MasterJustificationBook_Defense-Wide_PB_2013.xml","f09953ff692e237c6d67ad56f8d52b3e437ed00dd6d7a4246069438e7cecec4b","1-e28f5e1f0b020343d801fd3e11b28332d74e3a83884a9eea24ca56469c6f2ba7","PO","Government Services Administration - Chicago, IL","","","8-30494ed10cc03bac9f7ba3483015ab5a7678114685b5f5f215179a2a62538231","root.record.ItemExhibitList.P5Item.CostElementCategoryList.Vehicles.Recurring.CostElementList.CostElement"
"2013","DTRA","2013-03","2013-04","1","0.050","true","","","","","","","","2013-BASE_PROCUREMENT-2013-DEFENSE_VOL1-MasterJustificationBook_Defense-Wide_PB_2013.zzz_unzipped-MasterJustificationBook_Defense-Wide_PB_2013.xml","f09953ff692e237c6d67ad56f8d52b3e437ed00dd6d7a4246069438e7cecec4b","2-84387987d0fa25bbeceb3a06c3a4c08e44575aae580f057648ee342c2e36f8cd","PO","","","","8-30494ed10cc03bac9f7ba3483015ab5a7678114685b5f5f215179a2a62538231","root.record.ItemExhibitList.P5Item.CostElementCategoryList.Vehicles.Recurring.CostElementList.CostElement"
"2010","80","2011-01","2012-06","2","102.853","true","2009-06","SS","FPIF","Air Force","","2","0","2014-BASE_PROCUREMENT-2014-AIRFORCE_AIRCRAFT_VOL1-PROCUREMENT_JustificationBook_Air_Force_PB_2014.zzz_unzipped-PROCUREMENT_JustificationBook_Air_Force_PB_2014.xml","6344ffaffcd0dcf02df1b26345df842a688214ceb4388fac2c0f9d260faa4e49","0-a5dba1301bdc61d23fe571ac81ada5c0ae5d6c7995b929e9953bb9a906f18bc1","","","","","2-c72abc86ed059d60ec1ba23748be38f7fbd1998d5317c4ff5e98d0125d82e713","root.record.ItemExhibitList.P5Item.CostElementCategoryList.Vehicles.Recurring.CostElementList.CostElement"
"2011","TBD","2013-03","2014-03","2","118.480","true","2010-03","SS","FPIF","Air Force","","2","0","2014-BASE_PROCUREMENT-2014-AIRFORCE_AIRCRAFT_VOL1-PROCUREMENT_JustificationBook_Air_Force_PB_2014.zzz_unzipped-PROCUREMENT_JustificationBook_Air_Force_PB_2014.xml","6344ffaffcd0dcf02df1b26345df842a688214ceb4388fac2c0f9d260faa4e49","1-d9983eba1a8cf3d5bfe2f3512d8d609bdf3adbeb34070d05b3074479564ab495","","","","","2-c72abc86ed059d60ec1ba23748be38f7fbd1998d5317c4ff5e98d0125d82e713","root.record.ItemExhibitList.P5Item.CostElementCategoryList.Vehicles.Recurring.CostElementList.CostElement"
"2010","TBD","2011-01","2013-03","2","94.887","true","2009-06","SS","FPIF","Air Force","","2","0","2014-BASE_PROCUREMENT-2014-AIRFORCE_AIRCRAFT_VOL1-PROCUREMENT_JustificationBook_Air_Force_PB_2014.zzz_unzipped-PROCUREMENT_JustificationBook_Air_Force_PB_2014.xml","6344ffaffcd0dcf02df1b26345df842a688214ceb4388fac2c0f9d260faa4e49","0-1b89576f61956157407864bb62f41304b17940477ff0a60db82abf1b1a93c904","","","","","3-87a51d8e353aa2a79d49fd1d1c1504470c08e501bd619b53b74991077681bed2","root.record.ItemExhibitList.P5Item.CostElementCategoryList.Vehicles.Recurring.CostElementList.CostElement"
"2011","TBD","2013-03","2014-04","2","108.581","true","2010-03","SS","FPIF","Air Force","","2","0","2014-BASE_PROCUREMENT-2014-AIRFORCE_AIRCRAFT_VOL1-PROCUREMENT_JustificationBook_Air_Force_PB_2014.zzz_unzipped-PROCUREMENT_JustificationBook_Air_Force_PB_2014.xml","6344ffaffcd0dcf02df1b26345df842a688214ceb4388fac2c0f9d260faa4e49","1-f4bbbd0d0ff042fa5c2d667f746223a010d687ac515a181330979e83716c3529","","","","","3-87a51d8e353aa2a79d49fd1d1c1504470c08e501bd619b53b74991077681bed2","root.record.ItemExhibitList.P5Item.CostElementCategoryList.Vehicles.Recurring.CostElementList.CostElement"
"2009","80","2011-02","2011-05","2","21.821","true","2008-01","SS","FPIF","Air Force","Prior Year contracts with undelivered assets have all deliveries occurring before Oct 2011 loaded in the month of first delivery.","2","0","2014-BASE_PROCUREMENT-2014-AIRFORCE_AIRCRAFT_VOL1-PROCUREMENT_JustificationBook_Air_Force_PB_2014.zzz_unzipped-PROCUREMENT_JustificationBook_Air_Force_PB_2014.xml","6344ffaffcd0dcf02df1b26345df842a688214ceb4388fac2c0f9d260faa4e49","0-951a814f092f48a6c91fc55842f96c198dacaba0b852aae576021a1ab5f0164c","","","","","0-dd998ce2c0e4d85a91dbf9fad9d55002e6788e8e78e8b06636275fe9951bc7f7","root.record.ItemExhibitList.P5Item.CostElementCategoryList.Vehicles.Recurring.CostElementList.CostElement"
"2010","80","2011-01","2012-06","2","102.853","true","2009-06","SS","FPIF","Air Force","","2","0","2014-BASE_PROCUREMENT-2014-AIRFORCE_AIRCRAFT_VOL2-PROCUREMENT_MasterJustificationBook_Air_Force_PB_2014.zzz_unzipped-PROCUREMENT_MasterJustificationBook_Air_Force_PB_2014.xml","4b41aab551dd5963369d5d6c772fbe316cd8c2c012a1e3a665053b2726d13344","0-48d955f297582a3691d33ae0e12d4262fc7a5e90a07ff2f7b93d773568c09706","","","","","2-b4d4f55160fac9408f382ba0eb9ecc1004f09d2d43ba680394efbae12f9c70a6","root.record.ItemExhibitList.P5Item.CostElementCategoryList.Vehicles.Recurring.CostElementList.CostElement"
"2011","TBD","2013-03","2014-03","2","118.480","true","2010-03","SS","FPIF","Air Force","","2","0","2014-BASE_PROCUREMENT-2014-AIRFORCE_AIRCRAFT_VOL2-PROCUREMENT_MasterJustificationBook_Air_Force_PB_2014.zzz_unzipped-PROCUREMENT_MasterJustificationBook_Air_Force_PB_2014.xml","4b41aab551dd5963369d5d6c772fbe316cd8c2c012a1e3a665053b2726d13344","1-0c3b6a51cae9aa8d8803616dc5384ec7224d9e6a8f9a9f37309d1f900d8db07f","","","","","2-b4d4f55160fac9408f382ba0eb9ecc1004f09d2d43ba680394efbae12f9c70a6","root.record.ItemExhibitList.P5Item.CostElementCategoryList.Vehicles.Recurring.CostElementList.CostElement"
"2010","TBD","2011-01","2013-03","2","94.887","true","2009-06","SS","FPIF","Air Force","","2","0","2014-BASE_PROCUREMENT-2014-AIRFORCE_AIRCRAFT_VOL2-PROCUREMENT_MasterJustificationBook_Air_Force_PB_2014.zzz_unzipped-PROCUREMENT_MasterJustificationBook_Air_Force_PB_2014.xml","4b41aab551dd5963369d5d6c772fbe316cd8c2c012a1e3a665053b2726d13344","0-7d5e954f5be95c4e02541cd6b934ed79bd0bb7e88464c1a2a5d23ea1f8e158ed","","","","","3-263bcd9c5f13286d20b7ef7c20a63fe545bdd5264c79cabc37a1bd19807c64f3","root.record.ItemExhibitList.P5Item.CostElementCategoryList.Vehicles.Recurring.CostElementList.CostElement"
"2011","TBD","2013-03","2014-04","2","108.581","true","2010-03","SS","FPIF","Air Force","","2","0","2014-BASE_PROCUREMENT-2014-AIRFORCE_AIRCRAFT_VOL2-PROCUREMENT_MasterJustificationBook_Air_Force_PB_2014.zzz_unzipped-PROCUREMENT_MasterJustificationBook_Air_Force_PB_2014.xml","4b41aab551dd5963369d5d6c772fbe316cd8c2c012a1e3a665053b2726d13344","1-b0e12900387d3df93bee0027c50ef018249a3ddaf466dc1b29b1e9238037dc14","","","","","3-263bcd9c5f13286d20b7ef7c20a63fe545bdd5264c79cabc37a1bd19807c64f3","root.record.ItemExhibitList.P5Item.CostElementCategoryList.Vehicles.Recurring.CostElementList.CostElement"
"2009","80","2011-02","2011-05","2","21.821","true","2008-01","SS","FPIF","Air Force","Prior Year contracts with undelivered assets have all deliveries occurring before Oct 2011 loaded in the month of first delivery.","2","0","2014-BASE_PROCUREMENT-2014-AIRFORCE_AIRCRAFT_VOL2-PROCUREMENT_MasterJustificationBook_Air_Force_PB_2014.zzz_unzipped-PROCUREMENT_MasterJustificationBook_Air_Force_PB_2014.xml","4b41aab551dd5963369d5d6c772fbe316cd8c2c012a1e3a665053b2726d13344","0-7b4e12b8017acc5a70dde5065d12d131f370e6be99f0b6ab45fce2ebbd568ad0","","","","","0-b8d63989880efe75a19015789e4728cdcd97ab9cee7dae4fc8d7b1a5e3701bda","root.record.ItemExhibitList.P5Item.CostElementCategoryList.Vehicles.Recurring.CostElementList.CostElement"
"2010","80","2011-01","2012-06","2","102.853","true","2009-06","SS","FPIF","Air Force","","2","0","2014-BASE_PROCUREMENT-2014-AIRFORCE_AIRCRAFT_VOL1-PROCUREMENT_MasterJustificationBook_Air_Force_PB_2014.zzz_unzipped-PROCUREMENT_MasterJustificationBook_Air_Force_PB_2014.xml","c7c6d00203955f967ca1e12a0c654fc7454b59fa0b67d85d18a4e4ca82ed730f","0-af29c363b40899b6c582549fd7b701cff7c90b9167a6cd5d55ac3104379df774","","","","","2-03f997dbfa85e6c452932be5912af0c8c6fff38e5b8e92ea51425a1cb7c6efe2","root.record.ItemExhibitList.P5Item.CostElementCategoryList.Vehicles.Recurring.CostElementList.CostElement"
"2011","TBD","2013-03","2014-03","2","118.480","true","2010-03","SS","FPIF","Air Force","","2","0","2014-BASE_PROCUREMENT-2014-AIRFORCE_AIRCRAFT_VOL1-PROCUREMENT_MasterJustificationBook_Air_Force_PB_2014.zzz_unzipped-PROCUREMENT_MasterJustificationBook_Air_Force_PB_2014.xml","c7c6d00203955f967ca1e12a0c654fc7454b59fa0b67d85d18a4e4ca82ed730f","1-73ef0b903152d57bbefd6aa83a2c76fa350ea95e3d65f1db39dff269b4b2a9da","","","","","2-03f997dbfa85e6c452932be5912af0c8c6fff38e5b8e92ea51425a1cb7c6efe2","root.record.ItemExhibitList.P5Item.CostElementCategoryList.Vehicles.Recurring.CostElementList.CostElement"
"2010","TBD","2011-01","2013-03","2","94.887","true","2009-06","SS","FPIF","Air Force","","2","0","2014-BASE_PROCUREMENT-2014-AIRFORCE_AIRCRAFT_VOL1-PROCUREMENT_MasterJustificationBook_Air_Force_PB_2014.zzz_unzipped-PROCUREMENT_MasterJustificationBook_Air_Force_PB_2014.xml","c7c6d00203955f967ca1e12a0c654fc7454b59fa0b67d85d18a4e4ca82ed730f","0-8952ec4b828c73ff8317b5c1db14a3e7cfebe5a33bea8cba39d9aacda37c6109","","","","","3-d0c89114f18cdd7e838aef6a5b228a515568a6ef692a8ce3716050c30a60e021","root.record.ItemExhibitList.P5Item.CostElementCategoryList.Vehicles.Recurring.CostElementList.CostElement"
"2011","TBD","2013-03","2014-04","2","108.581","true","2010-03","SS","FPIF","Air Force","","2","0","2014-BASE_PROCUREMENT-2014-AIRFORCE_AIRCRAFT_VOL1-PROCUREMENT_MasterJustificationBook_Air_Force_PB_2014.zzz_unzipped-PROCUREMENT_MasterJustificationBook_Air_Force_PB_2014.xml","c7c6d00203955f967ca1e12a0c654fc7454b59fa0b67d85d18a4e4ca82ed730f","1-f3e5ef9622fbfb8f249e869424785e0687e5d6fb508cbceb4e79c67ef203e700","","","","","3-d0c89114f18cdd7e838aef6a5b228a515568a6ef692a8ce3716050c30a60e021","root.record.ItemExhibitList.P5Item.CostElementCategoryList.Vehicles.Recurring.CostElementList.CostElement"
"2009","80","2011-02","2011-05","2","21.821","true","2008-01","SS","FPIF","Air Force","Prior Year contracts with undelivered assets have all deliveries occurring before Oct 2011 loaded in the month of first delivery.","2","0","2014-BASE_PROCUREMENT-2014-AIRFORCE_AIRCRAFT_VOL1-PROCUREMENT_MasterJustificationBook_Air_Force_PB_2014.zzz_unzipped-PROCUREMENT_MasterJustificationBook_Air_Force_PB_2014.xml","c7c6d00203955f967ca1e12a0c654fc7454b59fa0b67d85d18a4e4ca82ed730f","0-95a12fdb166210b0185723af1abc95f5c054203ec13874f526d8a783ed877dba","","","","","0-03c64eb6c8946d0bc9e06fdc25b84cd170b172d2db28532475b1b344726aaf38","root.record.ItemExhibitList.P5Item.CostElementCategoryList.Vehicles.Recurring.CostElementList.CostElement"
"2012","DTRA","2012-03","2012-04","4","0.050","true","","","","","","","","2014-BASE_PROCUREMENT-2014-DEFENSE_DTRA-PROCUREMENT_JustificationBook_Defense_Threat_Reduction_Agency_PB_2014.zzz_unzipped-PROCUREMENT_JustificationBook_Defense_Threat_Reduction_Agency_PB_2014.xml","e5c07248140d72d9b5dea8974d6d5f68c27551826c109b54444a8653264410f0","0-20e09587bf7af7028f98d88b17a35c2665db192e313587fc9a51ba5baa9d6d66","PO","","","","8-055433fdde27ced5dafe544238d1548655f64691839bd092067328ffe3b5dd7b","root.record.ItemExhibitList.P5Item.CostElementCategoryList.Vehicles.Recurring.CostElementList.CostElement"
"2014","DTRA","2014-03","2014-04","2","0.050","true","","","","","","","","2014-BASE_PROCUREMENT-2014-DEFENSE_DTRA-PROCUREMENT_JustificationBook_Defense_Threat_Reduction_Agency_PB_2014.zzz_unzipped-PROCUREMENT_JustificationBook_Defense_Threat_Reduction_Agency_PB_2014.xml","e5c07248140d72d9b5dea8974d6d5f68c27551826c109b54444a8653264410f0","1-644083fe3ef05545e6f1f5313d75441cd361e664465a3988ea27791d43d598bf","PO","","","","8-055433fdde27ced5dafe544238d1548655f64691839bd092067328ffe3b5dd7b","root.record.ItemExhibitList.P5Item.CostElementCategoryList.Vehicles.Recurring.CostElementList.CostElement"
"2013","DTRA","2013-03","2013-04","1","0.050","true","","","","","","","","2014-BASE_PROCUREMENT-2014-DEFENSE_DTRA-PROCUREMENT_JustificationBook_Defense_Threat_Reduction_Agency_PB_2014.zzz_unzipped-PROCUREMENT_JustificationBook_Defense_Threat_Reduction_Agency_PB_2014.xml","e5c07248140d72d9b5dea8974d6d5f68c27551826c109b54444a8653264410f0","2-b1b6af1905d405c36db8ec67521a4902d2a3d57d2e25058d44c9c045f113477f","PO","","","","8-055433fdde27ced5dafe544238d1548655f64691839bd092067328ffe3b5dd7b","root.record.ItemExhibitList.P5Item.CostElementCategoryList.Vehicles.Recurring.CostElementList.CostElement"
"2012","DTRA","2012-03","2012-04","4","0.050","true","","","","","","","","2014-BASE_PROCUREMENT-2014-DEFENSE_VOL1-PROCUREMENT_MasterJustificationBook_Defense-Wide_PB_2014.zzz_unzipped-PROCUREMENT_MasterJustificationBook_Defense-Wide_PB_2014.xml","cb9726bb5886bbb4d5fbd9a27b2f81d23f2bb0160876e23b4d49c64e3c94012d","0-aec67f0ab4140c7a8734f7a46f67464e30c7259d20e55a548868571bd9885cc9","PO","","","","8-30d279e1a4648554b0b0c0016c5cb52b3625d7722ed86e03c44eaae7834f2ff6","root.record.ItemExhibitList.P5Item.CostElementCategoryList.Vehicles.Recurring.CostElementList.CostElement"
"2014","DTRA","2014-03","2014-04","2","0.050","true","","","","","","","","2014-BASE_PROCUREMENT-2014-DEFENSE_VOL1-PROCUREMENT_MasterJustificationBook_Defense-Wide_PB_2014.zzz_unzipped-PROCUREMENT_MasterJustificationBook_Defense-Wide_PB_2014.xml","cb9726bb5886bbb4d5fbd9a27b2f81d23f2bb0160876e23b4d49c64e3c94012d","1-f284052cb53268cbc68e863505c50a13790fbf6ca98e4f3afd46cb6846477edd","PO","","","","8-30d279e1a4648554b0b0c0016c5cb52b3625d7722ed86e03c44eaae7834f2ff6","root.record.ItemExhibitList.P5Item.CostElementCategoryList.Vehicles.Recurring.CostElementList.CostElement"
"2013","DTRA","2013-03","2013-04","1","0.050","true","","","","","","","","2014-BASE_PROCUREMENT-2014-DEFENSE_VOL1-PROCUREMENT_MasterJustificationBook_Defense-Wide_PB_2014.zzz_unzipped-PROCUREMENT_MasterJustificationBook_Defense-Wide_PB_2014.xml","cb9726bb5886bbb4d5fbd9a27b2f81d23f2bb0160876e23b4d49c64e3c94012d","2-0ae49f8b844bfa31e0efe70a40959c4b34686e508af11e591a1ed0a2f05f85e0","PO","","","","8-30d279e1a4648554b0b0c0016c5cb52b3625d7722ed86e03c44eaae7834f2ff6","root.record.ItemExhibitList.P5Item.CostElementCategoryList.Vehicles.Recurring.CostElementList.CostElement"
"2010","AFLCMC Wright Patterson AFB","2011-01","2012-06","2","86.500","true","2009-06","SS","FPIF","Air Force","Prior Year contracts with undelivered assets have all deliveries occurring before Oct 2012 loaded in the month of first delivery.","2","","2015-BASE_PROCUREMENT-2015-AIRFORCE_AIRCRAFT_VOL1-PROCUREMENT_JustificationBook_Air_Force_PB_2015.zzz_unzipped-PROCUREMENT_JustificationBook_Air_Force_PB_2015.xml","ec976f28f64d06b6cdd6198f93851889e1b9beb1edb572669f3c69e02093017a","0-c764040fcf3e31937a06401c40c2c53368db3f7ae26af2c44b8146be0a8bd769","","","2","","2-49267a95c8984df5c90d508be7ca85834d2ab38b8d8c8a30a42501e5b5ac97e3","root.record.ItemExhibitList.P5Item.CostElementCategoryList.Vehicles.Recurring.CostElementList.CostElement"
"2011","AFLCMC Wright Patterson AFB","2013-03","2013-11","2","107.900","true","2010-03","SS","FPIF","Air Force","","2","","2015-BASE_PROCUREMENT-2015-AIRFORCE_AIRCRAFT_VOL1-PROCUREMENT_JustificationBook_Air_Force_PB_2015.zzz_unzipped-PROCUREMENT_JustificationBook_Air_Force_PB_2015.xml","ec976f28f64d06b6cdd6198f93851889e1b9beb1edb572669f3c69e02093017a","1-ad2c461ff034a26ff25b6379bb4ebdd11dc646f72fa61b4af264595fb1c36708","","","2","","2-49267a95c8984df5c90d508be7ca85834d2ab38b8d8c8a30a42501e5b5ac97e3","root.record.ItemExhibitList.P5Item.CostElementCategoryList.Vehicles.Recurring.CostElementList.CostElement"
"2012","AFLCMC Wright Patterson AFB","2014-07","2017-01","3","118.700","true","2013-08","SS","FFP","Air Force","","3","","2015-BASE_PROCUREMENT-2015-AIRFORCE_AIRCRAFT_VOL1-PROCUREMENT_JustificationBook_Air_Force_PB_2015.zzz_unzipped-PROCUREMENT_JustificationBook_Air_Force_PB_2015.xml","ec976f28f64d06b6cdd6198f93851889e1b9beb1edb572669f3c69e02093017a","2-221a882537ebc9e2d4f2574986f792aec22696f49620d25e558b0df7d3ed24d0","","","3","","2-49267a95c8984df5c90d508be7ca85834d2ab38b8d8c8a30a42501e5b5ac97e3","root.record.ItemExhibitList.P5Item.CostElementCategoryList.Vehicles.Recurring.CostElementList.CostElement"
"2010","AFLCMC Wright Patterson AFB","2011-01","2013-02","2","65.800","true","2009-06","SS","FPIF","Air Force","","2","","2015-BASE_PROCUREMENT-2015-AIRFORCE_AIRCRAFT_VOL1-PROCUREMENT_JustificationBook_Air_Force_PB_2015.zzz_unzipped-PROCUREMENT_JustificationBook_Air_Force_PB_2015.xml","ec976f28f64d06b6cdd6198f93851889e1b9beb1edb572669f3c69e02093017a","0-b40a926e88de9e167028d4f14ea4e55514899b9a4f0f4b8247f7693e1fa2b4f7","","","2","","3-e6491e9f2215306e5110c09c95e337065fd7a81fd6ec29b782e9d5a096f2919e","root.record.ItemExhibitList.P5Item.CostElementCategoryList.Vehicles.Recurring.CostElementList.CostElement"
"2011","AFLCMC Wright Patterson AFB","2013-03","2014-04","2","86.500","true","2010-03","SS","FPIF","Air Force","","2","","2015-BASE_PROCUREMENT-2015-AIRFORCE_AIRCRAFT_VOL1-PROCUREMENT_JustificationBook_Air_Force_PB_2015.zzz_unzipped-PROCUREMENT_JustificationBook_Air_Force_PB_2015.xml","ec976f28f64d06b6cdd6198f93851889e1b9beb1edb572669f3c69e02093017a","1-b403547f0c517301d9ba35e5459d895e1c0b367fe7c3eebe809ff44db8e49214","","","2","","3-e6491e9f2215306e5110c09c95e337065fd7a81fd6ec29b782e9d5a096f2919e","root.record.ItemExhibitList.P5Item.CostElementCategoryList.Vehicles.Recurring.CostElementList.CostElement"
"2010","AFLCMC Wright Patterson AFB","2011-01","2012-06","2","86.500","true","2009-06","SS","FPIF","Air Force","Prior Year contracts with undelivered assets have all deliveries occurring before Oct 2012 loaded in the month of first delivery.","2","","2015-BASE_PROCUREMENT-2015-AIRFORCE_AIRCRAFT_VOL2-PROCUREMENT_MasterJustificationBook_Air_Force_PB_2015.zzz_unzipped-PROCUREMENT_MasterJustificationBook_Air_Force_PB_2015.xml","16648ff2f063095212525067f95f94d1ab1e5d0f22d30259c24225f3f227ab5f","0-9e2530cba362f6468cd504cca93eae4308e1d2f7e6977f93274d602f3efff2ad","","","2","","2-b934148397a159a66a28b91fe44adbe550798598e4bbce8fc3df873c790fa8a9","root.record.ItemExhibitList.P5Item.CostElementCategoryList.Vehicles.Recurring.CostElementList.CostElement"
"2011","AFLCMC Wright Patterson AFB","2013-03","2013-11","2","107.900","true","2010-03","SS","FPIF","Air Force","","2","","2015-BASE_PROCUREMENT-2015-AIRFORCE_AIRCRAFT_VOL2-PROCUREMENT_MasterJustificationBook_Air_Force_PB_2015.zzz_unzipped-PROCUREMENT_MasterJustificationBook_Air_Force_PB_2015.xml","16648ff2f063095212525067f95f94d1ab1e5d0f22d30259c24225f3f227ab5f","1-1c6b7576b906b25764b6ffef3494354183fcc21cad060f2980b3f329dd50333a","","","2","","2-b934148397a159a66a28b91fe44adbe550798598e4bbce8fc3df873c790fa8a9","root.record.ItemExhibitList.P5Item.CostElementCategoryList.Vehicles.Recurring.CostElementList.CostElement"
"2012","AFLCMC Wright Patterson AFB","2014-07","2017-01","3","118.700","true","2013-08","SS","FFP","Air Force","","3","","2015-BASE_PROCUREMENT-2015-AIRFORCE_AIRCRAFT_VOL2-PROCUREMENT_MasterJustificationBook_Air_Force_PB_2015.zzz_unzipped-PROCUREMENT_MasterJustificationBook_Air_Force_PB_2015.xml","16648ff2f063095212525067f95f94d1ab1e5d0f22d30259c24225f3f227ab5f","2-60c9b6d79c20b467e52143337c40ec7f3841c8411224d85b9e1f80b44d5e51e9","","","3","","2-b934148397a159a66a28b91fe44adbe550798598e4bbce8fc3df873c790fa8a9","root.record.ItemExhibitList.P5Item.CostElementCategoryList.Vehicles.Recurring.CostElementList.CostElement"
"2010","AFLCMC Wright Patterson AFB","2011-01","2013-02","2","65.800","true","2009-06","SS","FPIF","Air Force","","2","","2015-BASE_PROCUREMENT-2015-AIRFORCE_AIRCRAFT_VOL2-PROCUREMENT_MasterJustificationBook_Air_Force_PB_2015.zzz_unzipped-PROCUREMENT_MasterJustificationBook_Air_Force_PB_2015.xml","16648ff2f063095212525067f95f94d1ab1e5d0f22d30259c24225f3f227ab5f","0-a7d03f2f073025f72b472e9552cb7bf15a9a3cf06544f4a19f7317e9f19a7ad8","","","2","","3-9b849da6081df394ba0fca546a681eb4183069f6d4919950ed92f966cefb817a","root.record.ItemExhibitList.P5Item.CostElementCategoryList.Vehicles.Recurring.CostElementList.CostElement"
"2011","AFLCMC Wright Patterson AFB","2013-03","2014-04","2","86.500","true","2010-03","SS","FPIF","Air Force","","2","","2015-BASE_PROCUREMENT-2015-AIRFORCE_AIRCRAFT_VOL2-PROCUREMENT_MasterJustificationBook_Air_Force_PB_2015.zzz_unzipped-PROCUREMENT_MasterJustificationBook_Air_Force_PB_2015.xml","16648ff2f063095212525067f95f94d1ab1e5d0f22d30259c24225f3f227ab5f","1-8710143a63c81de785c3dd4a1699f537db8ed356a22c97dd3fcb5d5a68344828","","","2","","3-9b849da6081df394ba0fca546a681eb4183069f6d4919950ed92f966cefb817a","root.record.ItemExhibitList.P5Item.CostElementCategoryList.Vehicles.Recurring.CostElementList.CostElement"
"2013","DTRA","2014-05","2014-06","1.000","0.046","false","","","","","","","","2015-BASE_PROCUREMENT-2015-DEFENSE_DTRA-PROCUREMENT_JustificationBook_Defense_Threat_Reduction_Agency_PB_2015.zzz_unzipped-PROCUREMENT_JustificationBook_Defense_Threat_Reduction_Agency_PB_2015.xml","e81d045cb6665780c45562863b98515cc5b88427215d979d0d18208155a82d3e","0-c9c8bd1978b186fc34b2063ba64cac45123a0a3eadc28b26a8931abaadc2563f","PO","","","","8-e0a1f6f2c7f071aaeae76a9e1e54a279eb782923853f2c6de318233ad7141547","root.record.ItemExhibitList.P5Item.CostElementCategoryList.Vehicles.Recurring.CostElementList.CostElement"
"2014","DTRA","2014-03","2014-04","2.000","0.050","false","","","","","","","","2015-BASE_PROCUREMENT-2015-DEFENSE_DTRA-PROCUREMENT_JustificationBook_Defense_Threat_Reduction_Agency_PB_2015.zzz_unzipped-PROCUREMENT_JustificationBook_Defense_Threat_Reduction_Agency_PB_2015.xml","e81d045cb6665780c45562863b98515cc5b88427215d979d0d18208155a82d3e","1-568f5ba74a07e37e03400797fafc61f8a6f56fdd22e6f20937e5a719d7290e06","PO","","","","8-e0a1f6f2c7f071aaeae76a9e1e54a279eb782923853f2c6de318233ad7141547","root.record.ItemExhibitList.P5Item.CostElementCategoryList.Vehicles.Recurring.CostElementList.CostElement"
"2015","DTRA","2015-03","2015-04","1.000","0.050","false","","","","","","","","2015-BASE_PROCUREMENT-2015-DEFENSE_DTRA-PROCUREMENT_JustificationBook_Defense_Threat_Reduction_Agency_PB_2015.zzz_unzipped-PROCUREMENT_JustificationBook_Defense_Threat_Reduction_Agency_PB_2015.xml","e81d045cb6665780c45562863b98515cc5b88427215d979d0d18208155a82d3e","2-5df2fa403ab94296eac4e4ac8ed20f6307a4e51e6da502a49f54f2f9590b8db1","PO","","","","8-e0a1f6f2c7f071aaeae76a9e1e54a279eb782923853f2c6de318233ad7141547","root.record.ItemExhibitList.P5Item.CostElementCategoryList.Vehicles.Recurring.CostElementList.CostElement"
"2013","DTRA","2014-05","2014-06","1.000","0.046","false","","","","","","","","2015-BASE_PROCUREMENT-2015-DEFENSE_DTRA-PROCUREMENT_MasterJustificationBook_Defense_Threat_Reduction_Agency_PB_2015.zzz_unzipped-PROCUREMENT_MasterJustificationBook_Defense_Threat_Reduction_Agency_PB_2015.xml","e245f26dacf3abda8e492a2a3c282fae95da9637f04bb57bd8218a2ae3a38edd","0-c92800b2be672a8c548ec054d50c38c8856596d0a7d6f100bc11e373f5744ba5","PO","","","","8-78d2d8d9b619274df4e3b665503b91b3571c7dc3b34aa31e6eebbf8f492b3746","root.record.ItemExhibitList.P5Item.CostElementCategoryList.Vehicles.Recurring.CostElementList.CostElement"
"2014","DTRA","2014-03","2014-04","2.000","0.050","false","","","","","","","","2015-BASE_PROCUREMENT-2015-DEFENSE_DTRA-PROCUREMENT_MasterJustificationBook_Defense_Threat_Reduction_Agency_PB_2015.zzz_unzipped-PROCUREMENT_MasterJustificationBook_Defense_Threat_Reduction_Agency_PB_2015.xml","e245f26dacf3abda8e492a2a3c282fae95da9637f04bb57bd8218a2ae3a38edd","1-6e4f7b44e70a005aa73b0f8dc08ea10a50b48565f50cc22f777bd392f3e10883","PO","","","","8-78d2d8d9b619274df4e3b665503b91b3571c7dc3b34aa31e6eebbf8f492b3746","root.record.ItemExhibitList.P5Item.CostElementCategoryList.Vehicles.Recurring.CostElementList.CostElement"
"2015","DTRA","2015-03","2015-04","1.000","0.050","false","","","","","","","","2015-BASE_PROCUREMENT-2015-DEFENSE_DTRA-PROCUREMENT_MasterJustificationBook_Defense_Threat_Reduction_Agency_PB_2015.zzz_unzipped-PROCUREMENT_MasterJustificationBook_Defense_Threat_Reduction_Agency_PB_2015.xml","e245f26dacf3abda8e492a2a3c282fae95da9637f04bb57bd8218a2ae3a38edd","2-cd0fde2e8ef21b54408a19e3421674f0fb187d837c9f274ea0dbed175c521652","PO","","","","8-78d2d8d9b619274df4e3b665503b91b3571c7dc3b34aa31e6eebbf8f492b3746","root.record.ItemExhibitList.P5Item.CostElementCategoryList.Vehicles.Recurring.CostElementList.CostElement"
"2013","DTRA","2014-05","2014-06","1.000","0.046","false","","","","","","","","2015-BASE_PROCUREMENT-2015-DEFENSE_VOL1-PROCUREMENT_MasterJustificationBook_Defense-Wide_PB_2015.zzz_unzipped-PROCUREMENT_MasterJustificationBook_Defense-Wide_PB_2015.xml","ae347f3ab5abd8665f0015d559831ca237cf3fa64844baddd7e172a192375f40","0-c261328a9643d37a0ab0bc1871cc53ed5ec3b2a9d1b90e22782d759012cd94db","PO","","","","8-a67a8572f9a6dd274ebaadab18d278de87dec426e7bfa355e3740992d47bff36","root.record.ItemExhibitList.P5Item.CostElementCategoryList.Vehicles.Recurring.CostElementList.CostElement"
"2014","DTRA","2014-03","2014-04","2.000","0.050","false","","","","","","","","2015-BASE_PROCUREMENT-2015-DEFENSE_VOL1-PROCUREMENT_MasterJustificationBook_Defense-Wide_PB_2015.zzz_unzipped-PROCUREMENT_MasterJustificationBook_Defense-Wide_PB_2015.xml","ae347f3ab5abd8665f0015d559831ca237cf3fa64844baddd7e172a192375f40","1-46d2f2c1adff1d7960ccd9ba698ecaf1e6997c4109761d8227bf585bfa5f7ed3","PO","","","","8-a67a8572f9a6dd274ebaadab18d278de87dec426e7bfa355e3740992d47bff36","root.record.ItemExhibitList.P5Item.CostElementCategoryList.Vehicles.Recurring.CostElementList.CostElement"
"2015","DTRA","2015-03","2015-04","1.000","0.050","false","","","","","","","","2015-BASE_PROCUREMENT-2015-DEFENSE_VOL1-PROCUREMENT_MasterJustificationBook_Defense-Wide_PB_2015.zzz_unzipped-PROCUREMENT_MasterJustificationBook_Defense-Wide_PB_2015.xml","ae347f3ab5abd8665f0015d559831ca237cf3fa64844baddd7e172a192375f40","2-19d8c5e302aa38637484ee059977e22d2ab93dc61b49809f9057788a684bd378","PO","","","","8-a67a8572f9a6dd274ebaadab18d278de87dec426e7bfa355e3740992d47bff36","root.record.ItemExhibitList.P5Item.CostElementCategoryList.Vehicles.Recurring.CostElementList.CostElement"
"2016","AFLCMC Wright Patterson AFB","2016-06","2017-04","1","8.000","true","","SS","FPIF","Air Force","","1","","2016-BASE_PROCUREMENT-2016-AIRFORCE_AIRCRAFT_VOL1-PROCUREMENT_JustificationBook_Air_Force_PB_2016.zzz_unzipped-PROCUREMENT_JustificationBook_Air_Force_PB_2016.xml","6feb0208aa26d6550229bdf370d3886d34e07818e615e22e029c46fb827c9409","0-fb7cfc652c5b3c16846ba860b8959d1e691394b92edc0a2cba6b68d431ccabc4","","","1","","0-34c735a8433be6925dbd26a8a4676c14a77813548daceb695dcaa11a581b271f","root.record.ItemExhibitList.P5Item.CostElementCategoryList.Vehicles.Recurring.CostElementList.CostElement"
"2017","AFLCMC Wright Patterson AFB","2017-06","2018-04","1","8.000","true","","SS","FPIF","Air Force","","1","","2016-BASE_PROCUREMENT-2016-AIRFORCE_AIRCRAFT_VOL1-PROCUREMENT_JustificationBook_Air_Force_PB_2016.zzz_unzipped-PROCUREMENT_JustificationBook_Air_Force_PB_2016.xml","6feb0208aa26d6550229bdf370d3886d34e07818e615e22e029c46fb827c9409","1-49fa7addb239b1c3d538bfbf23260d35866fd1bba16a5267ee9d5db46208040c","","","1","","0-34c735a8433be6925dbd26a8a4676c14a77813548daceb695dcaa11a581b271f","root.record.ItemExhibitList.P5Item.CostElementCategoryList.Vehicles.Recurring.CostElementList.CostElement"
"2012","AFLCMC Wright Patterson AFB","2014-08","2017-01","3","118.700","true","2013-08","SS","FFP","Air Force","","3","","2016-BASE_PROCUREMENT-2016-AIRFORCE_AIRCRAFT_VOL1-PROCUREMENT_JustificationBook_Air_Force_PB_2016.zzz_unzipped-PROCUREMENT_JustificationBook_Air_Force_PB_2016.xml","6feb0208aa26d6550229bdf370d3886d34e07818e615e22e029c46fb827c9409","0-99ef66aac4c24dc827db4a6cd6e64bf4a52b3302156b5ed16cd60526a350f0ff","","","3","","2-e805cd54240acb04c3d08b441c525eb8e1cf9a1b87598f93ce2336f84cc4b18d","root.record.ItemExhibitList.P5Item.CostElementCategoryList.Vehicles.Recurring.CostElementList.CostElement"
"2016","AFLCMC Wright Patterson AFB","2016-06","2017-04","1","8.000","true","","SS","FPIF","Air Force","","1","","2016-BASE_PROCUREMENT-2016-AIRFORCE_AIRCRAFT_VOL2-PROCUREMENT_MasterJustificationBook_Air_Force_PB_2016.zzz_unzipped-PROCUREMENT_MasterJustificationBook_Air_Force_PB_2016.xml","0bd719ef621e4942ddcec6c35d76388658f5b2fe25e160e294e9186a3aa77111","0-b8da522c3cbc8f0c62b4621bea9196087b89ff6b351d2dff824deaaea8e8b0d9","","","1","","0-534f132416d283b8bccfbb51eb6177ee13077bf6118054b039ad89dd977afc38","root.record.ItemExhibitList.P5Item.CostElementCategoryList.Vehicles.Recurring.CostElementList.CostElement"
"2017","AFLCMC Wright Patterson AFB","2017-06","2018-04","1","8.000","true","","SS","FPIF","Air Force","","1","","2016-BASE_PROCUREMENT-2016-AIRFORCE_AIRCRAFT_VOL2-PROCUREMENT_MasterJustificationBook_Air_Force_PB_2016.zzz_unzipped-PROCUREMENT_MasterJustificationBook_Air_Force_PB_2016.xml","0bd719ef621e4942ddcec6c35d76388658f5b2fe25e160e294e9186a3aa77111","1-0df7d74e3cd5526fc5d615cc95691e00e6c92c146cc25babe18f7aeb63ad339e","","","1","","0-534f132416d283b8bccfbb51eb6177ee13077bf6118054b039ad89dd977afc38","root.record.ItemExhibitList.P5Item.CostElementCategoryList.Vehicles.Recurring.CostElementList.CostElement"
"2012","AFLCMC Wright Patterson AFB","2014-08","2017-01","3","118.700","true","2013-08","SS","FFP","Air Force","","3","","2016-BASE_PROCUREMENT-2016-AIRFORCE_AIRCRAFT_VOL2-PROCUREMENT_MasterJustificationBook_Air_Force_PB_2016.zzz_unzipped-PROCUREMENT_MasterJustificationBook_Air_Force_PB_2016.xml","0bd719ef621e4942ddcec6c35d76388658f5b2fe25e160e294e9186a3aa77111","0-d601fed877bb09f9cea7795c854b692eeb83d1689ac7fda550ff8e92a8305c68","","","3","","2-da8d317cd3f97f54f85087036c0303c32bc907e0cbe1ac9b8b41ce7144093f65","root.record.ItemExhibitList.P5Item.CostElementCategoryList.Vehicles.Recurring.CostElementList.CostElement"
"2014","DTRA","2014-05","2014-06","2.000","0.050","true","","","","","","","","2016-BASE_PROCUREMENT-2016-DEFENSE_DTRA-PROCUREMENT_JustificationBook_Defense_Threat_Reduction_Agency_PB_2016.zzz_unzipped-PROCUREMENT_JustificationBook_Defense_Threat_Reduction_Agency_PB_2016.xml","d01d5f144c6060094f27d3bac0e12460b4656338db81041b8ca1051538f51ab3","0-0773e6f9d629998f173fc9cbe614a2e985bdae54b10fb9a35b5d51983704e199","PO","","","","3-813796e122a81e34c77e21cb5db2eda8fb3dfd2da3df6756f086b93b8e1b9a6a","root.record.ItemExhibitList.P5Item.CostElementCategoryList.Vehicles.Recurring.CostElementList.CostElement"
"2015","DTRA","2015-03","2015-04","1.000","0.050","false","","","","","","","","2016-BASE_PROCUREMENT-2016-DEFENSE_DTRA-PROCUREMENT_JustificationBook_Defense_Threat_Reduction_Agency_PB_2016.zzz_unzipped-PROCUREMENT_JustificationBook_Defense_Threat_Reduction_Agency_PB_2016.xml","d01d5f144c6060094f27d3bac0e12460b4656338db81041b8ca1051538f51ab3","0-d23c5b105944563816354c41085f7a359cdab8adf56d46d16700a83ab3d696d1","PO","","","","8-2477191a8e505357ee20462b25970ae81706c6768b454e5a045d767baa23b800","root.record.ItemExhibitList.P5Item.CostElementCategoryList.Vehicles.Recurring.CostElementList.CostElement"
"2016","DTRA","2016-03","2016-04","2.000","0.050","false","","","","","","","","2016-BASE_PROCUREMENT-2016-DEFENSE_DTRA-PROCUREMENT_JustificationBook_Defense_Threat_Reduction_Agency_PB_2016.zzz_unzipped-PROCUREMENT_JustificationBook_Defense_Threat_Reduction_Agency_PB_2016.xml","d01d5f144c6060094f27d3bac0e12460b4656338db81041b8ca1051538f51ab3","1-f93947a06b4dc215c29fdc1713509ee184781f7eb866e030603e6d4b43d01147","PO","","","","8-2477191a8e505357ee20462b25970ae81706c6768b454e5a045d767baa23b800","root.record.ItemExhibitList.P5Item.CostElementCategoryList.Vehicles.Recurring.CostElementList.CostElement"
"2014","DTRA","2014-05","2014-06","2.000","0.050","true","","","","","","","","2016-BASE_PROCUREMENT-2016-DEFENSE_DTRA-PROCUREMENT_MasterJustificationBook_Defense_Threat_Reduction_Agency_PB_2016.zzz_unzipped-PROCUREMENT_MasterJustificationBook_Defense_Threat_Reduction_Agency_PB_2016.xml","a7fd5ccf120cd85414aac295662842f4a1520e3e144b3aa1477d86e62536ba58","0-eae5abe1a9749e14daba41a08103c3d9a4c171b50cef7ffac409b5c3cb7538aa","PO","","","","3-c3ea259e902f7e98488f88fc1a1f5769d0a2654d6d4329cbffa3d074544c62e2","root.record.ItemExhibitList.P5Item.CostElementCategoryList.Vehicles.Recurring.CostElementList.CostElement"
"2015","DTRA","2015-03","2015-04","1.000","0.050","false","","","","","","","","2016-BASE_PROCUREMENT-2016-DEFENSE_DTRA-PROCUREMENT_MasterJustificationBook_Defense_Threat_Reduction_Agency_PB_2016.zzz_unzipped-PROCUREMENT_MasterJustificationBook_Defense_Threat_Reduction_Agency_PB_2016.xml","a7fd5ccf120cd85414aac295662842f4a1520e3e144b3aa1477d86e62536ba58","0-a5c22a9ce2b2d416901f67cb8e33226ad822481944216cf35b6efbc63079a4f1","PO","","","","8-28a88f14a6c3d2e8158bb2298544fe8c73fd3b28232b79088469f6907c291b75","root.record.ItemExhibitList.P5Item.CostElementCategoryList.Vehicles.Recurring.CostElementList.CostElement"
"2016","DTRA","2016-03","2016-04","2.000","0.050","false","","","","","","","","2016-BASE_PROCUREMENT-2016-DEFENSE_DTRA-PROCUREMENT_MasterJustificationBook_Defense_Threat_Reduction_Agency_PB_2016.zzz_unzipped-PROCUREMENT_MasterJustificationBook_Defense_Threat_Reduction_Agency_PB_2016.xml","a7fd5ccf120cd85414aac295662842f4a1520e3e144b3aa1477d86e62536ba58","1-2a9a8e37ce22356219a9125ee1dfe93af76aeca785bd24f095ffc5708c30d177","PO","","","","8-28a88f14a6c3d2e8158bb2298544fe8c73fd3b28232b79088469f6907c291b75","root.record.ItemExhibitList.P5Item.CostElementCategoryList.Vehicles.Recurring.CostElementList.CostElement"
"2014","DTRA","2014-05","2014-06","2.000","0.050","true","","","","","","","","2016-BASE_PROCUREMENT-2016-DEFENSE_VOL1_ALL-PROCUREMENT_MasterJustificationBook_Defense-Wide_PB_2016.zzz_unzipped-PROCUREMENT_MasterJustificationBook_Defense-Wide_PB_2016.xml","4bf38c5be4b25d9014c9222d7de1781e92d901605a4d8452b09f95cfc3df9e1b","0-262b1f9f22f8fba2a16c5e6717c9f611f1c57a0efd466f6eaa1f77f6dbe3e325","PO","","","","3-e3f96f7e76907ae6bc7e04d5ab84e7596da583560bda496510dc6d096687f982","root.record.ItemExhibitList.P5Item.CostElementCategoryList.Vehicles.Recurring.CostElementList.CostElement"
"2015","DTRA","2015-03","2015-04","1.000","0.050","false","","","","","","","","2016-BASE_PROCUREMENT-2016-DEFENSE_VOL1_ALL-PROCUREMENT_MasterJustificationBook_Defense-Wide_PB_2016.zzz_unzipped-PROCUREMENT_MasterJustificationBook_Defense-Wide_PB_2016.xml","4bf38c5be4b25d9014c9222d7de1781e92d901605a4d8452b09f95cfc3df9e1b","0-3df381d71398f30de7223b6ecc8820cb41b8c4b48ca33ee776ff3b92fcd4a42f","PO","","","","8-81269ae4130fdde1cf70c7bfe0786cf1d04ba1df1c4716b706b3dc34ce40a19c","root.record.ItemExhibitList.P5Item.CostElementCategoryList.Vehicles.Recurring.CostElementList.CostElement"
"2016","DTRA","2016-03","2016-04","2.000","0.050","false","","","","","","","","2016-BASE_PROCUREMENT-2016-DEFENSE_VOL1_ALL-PROCUREMENT_MasterJustificationBook_Defense-Wide_PB_2016.zzz_unzipped-PROCUREMENT_MasterJustificationBook_Defense-Wide_PB_2016.xml","4bf38c5be4b25d9014c9222d7de1781e92d901605a4d8452b09f95cfc3df9e1b","1-583ebb31c80ca96127beb3ccb4e8815932d589de1c4b364b308f417c596991b6","PO","","","","8-81269ae4130fdde1cf70c7bfe0786cf1d04ba1df1c4716b706b3dc34ce40a19c","root.record.ItemExhibitList.P5Item.CostElementCategoryList.Vehicles.Recurring.CostElementList.CostElement"
"2016","AFLCMC/WI - ISR & SOF","2016-06","2017-04","1","8.000","true","","SS","FPIF","Air Force","","1","","2017-BASE_PROCUREMENT-2017-AIRFORCE_AIRCRAFT_VOL1-U_PROCUREMENT_JustificationBook_Air_Force_PB_2017.zzz_unzipped-U_PROCUREMENT_JustificationBook_Air_Force_PB_2017.xml","81dc98969cc058d3b6f1ff5aa54a0e25b6c25eea9f72e3b6dfd8300acd9e0625","0-1bbc74a37640ce6a87b7e8d8f0322f5a5d833481253d6039b87a35b03105fb9d","","","1","","0-2087ac0234346e9e73187bfa0165008b5161df17bd1b2531c048079466814b74","root.record.ItemExhibitList.P5Item.CostElementCategoryList.Vehicles.Recurring.CostElementList.CostElement"
"2012","AFLCMC Wright Patterson AFB","2014-08","2017-01","3","118.700","true","2013-08","SS","FFP","Air Force","","3","","2017-BASE_PROCUREMENT-2017-AIRFORCE_AIRCRAFT_VOL1-U_PROCUREMENT_JustificationBook_Air_Force_PB_2017.zzz_unzipped-U_PROCUREMENT_JustificationBook_Air_Force_PB_2017.xml","81dc98969cc058d3b6f1ff5aa54a0e25b6c25eea9f72e3b6dfd8300acd9e0625","0-bbc70fb598fef1e076381c10c6d12fda4bbc3e44873c40963b1d6c07c16ed371","","","3","","2-053db91be441488c3b5f696351d38f222e62cf28436a53846d5f06f0b27057ff","root.record.ItemExhibitList.P5Item.CostElementCategoryList.Vehicles.Recurring.CostElementList.CostElement"
"2016","AFLCMC/WI - ISR & SOF","2016-06","2017-04","1","8.000","true","","SS","FPIF","Air Force","","1","","2017-BASE_PROCUREMENT-2017-AIRFORCE_AIRCRAFT_VOL1-U_PROCUREMENT_MasterJustificationBook_Air_Force_PB_2017.zzz_unzipped-U_PROCUREMENT_MasterJustificationBook_Air_Force_PB_2017.xml","669eef17e400acbfbeb5c5d1ae58cdd3f6dc4a1cc89036c8af26096e7fe8e9ba","0-f371b9e1ad658cb0b19447aab0c746a9377a8efcc028892d63cc16aab189425c","","","1","","0-82f4d4e1d458d083177ca7e719224bda122155ae7f8c1b20c4fea600b26ccde9","root.record.ItemExhibitList.P5Item.CostElementCategoryList.Vehicles.Recurring.CostElementList.CostElement"
"2012","AFLCMC Wright Patterson AFB","2014-08","2017-01","3","118.700","true","2013-08","SS","FFP","Air Force","","3","","2017-BASE_PROCUREMENT-2017-AIRFORCE_AIRCRAFT_VOL1-U_PROCUREMENT_MasterJustificationBook_Air_Force_PB_2017.zzz_unzipped-U_PROCUREMENT_MasterJustificationBook_Air_Force_PB_2017.xml","669eef17e400acbfbeb5c5d1ae58cdd3f6dc4a1cc89036c8af26096e7fe8e9ba","0-24e4a5ae22e1d274f5c41f6dc0f87def56a1584bd042379c146512ad0cf1a2a7","","","3","","2-290013805e5e6c42215b10b0b8c8d13d55019d8ee5596ddb23ec63757b3d6909","root.record.ItemExhibitList.P5Item.CostElementCategoryList.Vehicles.Recurring.CostElementList.CostElement"
"2016","AFLCMC/WI - ISR & SOF","2016-06","2017-04","1","8.000","true","","SS","FPIF","Air Force","","1","","2017-BASE_PROCUREMENT-2017-AIRFORCE_AIRCRAFT_VOL2-U_PROCUREMENT_MasterJustificationBook_Air_Force_PB_2017.zzz_unzipped-U_PROCUREMENT_MasterJustificationBook_Air_Force_PB_2017.xml","9605ed7828ffd68e4eba9c314ca91e834dff51a5ab9e44c5de1713497796ec59","0-ff2d4b74cb66736d9f9ea6e439a820d6c88141bccf342912c7e8287822a47d9f","","","1","","0-b0b4ea4072e2d4849a614fa6dddc47a3c62a0aa22f86118f178925eaa17614b0","root.record.ItemExhibitList.P5Item.CostElementCategoryList.Vehicles.Recurring.CostElementList.CostElement"
"2012","AFLCMC Wright Patterson AFB","2014-08","2017-01","3","118.700","true","2013-08","SS","FFP","Air Force","","3","","2017-BASE_PROCUREMENT-2017-AIRFORCE_AIRCRAFT_VOL2-U_PROCUREMENT_MasterJustificationBook_Air_Force_PB_2017.zzz_unzipped-U_PROCUREMENT_MasterJustificationBook_Air_Force_PB_2017.xml","9605ed7828ffd68e4eba9c314ca91e834dff51a5ab9e44c5de1713497796ec59","0-e8242dfbe2f0c3e1b2ed1ebbb1d59bfd130de622d57593a7105fcc96d173c8f1","","","3","","2-9d4d3d46fd7fd1b193f53cf2e3d7e9f171a6ba05dff7edbb050fb18fdbfb52af","root.record.ItemExhibitList.P5Item.CostElementCategoryList.Vehicles.Recurring.CostElementList.CostElement"
"2017","AFLCMC/WI - ISR & SOF","2017-08","2022-12","1","101.791","true","2017-05","SS","CPFF","Air Force","","1","","2019-BASE_PROCUREMENT-2019-AIRFORCE_AIRCRAFT_VOL1-U_PROCUREMENT_JustificationBook_Air_Force_PB_2019.zzz_unzipped-U_PROCUREMENT_JustificationBook_Air_Force_PB_2019.xml","a591dcdfcf7a402c2264871052dd9286c3cb51812bc0b67f14b07c1cd8109fd7","0-834f0ebdb0d1fa7ba2f763d0d06cd27079e6e21e5d704d20c77645e6e274d240","","","1","2017-08","0-a8fbffded376b9d5a5cbed63636e8d541028f3eb472421853625e39ecae0199f","root.record.ItemExhibitList.P5Item.CostElementCategoryList.Vehicles.Recurring.CostElementList.CostElement"
"2019","AFLCMC/WI - ISR & SOF","2018-11","2023-02","1","108.113","true","2018-04","SS","CPFF","Air Force","","1","","2019-BASE_PROCUREMENT-2019-AIRFORCE_AIRCRAFT_VOL1-U_PROCUREMENT_JustificationBook_Air_Force_PB_2019.zzz_unzipped-U_PROCUREMENT_JustificationBook_Air_Force_PB_2019.xml","a591dcdfcf7a402c2264871052dd9286c3cb51812bc0b67f14b07c1cd8109fd7","1-c2d1ab428fee8c2ba08269faba78eea216f6ee92fd7c987063c6260b145ef5c7","","","1","2018-10","0-a8fbffded376b9d5a5cbed63636e8d541028f3eb472421853625e39ecae0199f","root.record.ItemExhibitList.P5Item.CostElementCategoryList.Vehicles.Recurring.CostElementList.CostElement"
"2012","AFLCMC Wright Patterson AFB","2014-08","2017-11","3","118.700","true","2013-08","SS","FFP","Air Force","","3","","2019-BASE_PROCUREMENT-2019-AIRFORCE_AIRCRAFT_VOL1-U_PROCUREMENT_JustificationBook_Air_Force_PB_2019.zzz_unzipped-U_PROCUREMENT_JustificationBook_Air_Force_PB_2019.xml","a7bee76edab57bb6622e96039d6c914aab1dbb0736a4caefd4111b976889fd0e","0-8795c8a565e330bbfa56177968616639092a8efcc8f5becb66249344a03864ad","","","3","","2-240448c9e6b14f52a78753ea2a16f5b50948c75a019fad80f7d16189f5f2baca","root.record.ItemExhibitList.P5Item.CostElementCategoryList.Vehicles.Recurring.CostElementList.CostElement"
"2017","AFLCMC/WI - ISR & SOF","2017-08","2022-12","1","101.791","true","2017-05","SS","CPFF","Air Force","","1","","2019-BASE_PROCUREMENT-2019-AIRFORCE_AIRCRAFT_VOL2-U_PROCUREMENT_MasterJustificationBook_Air_Force_PB_2019.zzz_unzipped-U_PROCUREMENT_MasterJustificationBook_Air_Force_PB_2019.xml","05f36df23affdc21dfc3cefcdfa407fdb3e501809d6c1d183092bc441677ebd0","0-b2d859fa444ee7800e8118c7bbbe324361aa8f0896bf1b7088baf131e923499b","","","1","2017-08","0-ad1b617be39a620bcb206deb266eaacaaacbb31c853e8b522633587cc73a19d8","root.record.ItemExhibitList.P5Item.CostElementCategoryList.Vehicles.Recurring.CostElementList.CostElement"
"2019","AFLCMC/WI - ISR & SOF","2018-11","2023-02","1","108.113","true","2018-04","SS","CPFF","Air Force","","1","","2019-BASE_PROCUREMENT-2019-AIRFORCE_AIRCRAFT_VOL2-U_PROCUREMENT_MasterJustificationBook_Air_Force_PB_2019.zzz_unzipped-U_PROCUREMENT_MasterJustificationBook_Air_Force_PB_2019.xml","05f36df23affdc21dfc3cefcdfa407fdb3e501809d6c1d183092bc441677ebd0","1-401ab50201fcd2a165d0c7c9dc28256b46a32ac3915b6fe765b942714e45b627","","","1","2018-10","0-ad1b617be39a620bcb206deb266eaacaaacbb31c853e8b522633587cc73a19d8","root.record.ItemExhibitList.P5Item.CostElementCategoryList.Vehicles.Recurring.CostElementList.CostElement"
"2012","AFLCMC Wright Patterson AFB","2014-08","2017-11","3","118.700","true","2013-08","SS","FFP","Air Force","","3","","2019-BASE_PROCUREMENT-2019-AIRFORCE_AIRCRAFT_VOL2-U_PROCUREMENT_MasterJustificationBook_Air_Force_PB_2019.zzz_unzipped-U_PROCUREMENT_MasterJustificationBook_Air_Force_PB_2019.xml","abc4db74ab1f4ce6330e7152230a4802f710f076f9c17d8863ed18455613b877","0-7a6c8e4183efa8ca7913b70a622764263dafcd38664975201c68b493544881c7","","","3","","2-602afe2e2507f377379ca2de3524cf2a89b02a347c319b3878adf270537db7b7","root.record.ItemExhibitList.P5Item.CostElementCategoryList.Vehicles.Recurring.CostElementList.CostElement"
"2017","AFLCMC/WI - ISR & SOF","2017-08","2023-03","1","103.000","true","2017-05","SS","FFP","Air Force","","1","","2020-BASE_PROCUREMENT-2020-AIRFORCE_AIRCRAFT_VOL1-U_PROCUREMENT_JustificationBook_Air_Force_PB_2020.zzz_unzipped-U_PROCUREMENT_JustificationBook_Air_Force_PB_2020.xml","005ddeaa4ed6e661bbe977c64adc29c5146cef98ddfdfcf229a669eb9aae562d","0-1e64dfb12f39c2306dc54cdf333cb9c2b13c77c62aca64762c834a9824d97e96","","","1","","0-4ca5f965a0932a0e53307a68dc716c54a0ff47dd4a52d6d9e44d781f4e4388ed","root.record.ItemExhibitList.P5Item.CostElementCategoryList.Vehicles.Recurring.CostElementList.CostElement"
"2018","AFLCMC/WI - ISR & SOF","2018-06","2023-03","1","111.366","true","2018-06","SS","FFP","Air Force","","1","","2020-BASE_PROCUREMENT-2020-AIRFORCE_AIRCRAFT_VOL1-U_PROCUREMENT_JustificationBook_Air_Force_PB_2020.zzz_unzipped-U_PROCUREMENT_JustificationBook_Air_Force_PB_2020.xml","005ddeaa4ed6e661bbe977c64adc29c5146cef98ddfdfcf229a669eb9aae562d","1-2a087d23eed0693af552a868dcaee58d8af08c6e47bca39f1ea8daf935757f4e","","","1","","0-4ca5f965a0932a0e53307a68dc716c54a0ff47dd4a52d6d9e44d781f4e4388ed","root.record.ItemExhibitList.P5Item.CostElementCategoryList.Vehicles.Recurring.CostElementList.CostElement"
"2019","AFLCMC/WI - ISR & SOF","2019-03","2023-03","2","108.057","true","2018-08","SS","FFP","Air Force","","2","","2020-BASE_PROCUREMENT-2020-AIRFORCE_AIRCRAFT_VOL1-U_PROCUREMENT_JustificationBook_Air_Force_PB_2020.zzz_unzipped-U_PROCUREMENT_JustificationBook_Air_Force_PB_2020.xml","005ddeaa4ed6e661bbe977c64adc29c5146cef98ddfdfcf229a669eb9aae562d","2-3bd6033e8faa25a012b959e12e4f68afd875b8c46522caf520177a8c4594ed0e","","","2","","0-4ca5f965a0932a0e53307a68dc716c54a0ff47dd4a52d6d9e44d781f4e4388ed","root.record.ItemExhibitList.P5Item.CostElementCategoryList.Vehicles.Recurring.CostElementList.CostElement"
"2020","AFLCMC/WI - ISR & SOF","2020-02","2023-03","1","114.095","true","2019-08","SS","FFP","Air Force","","1","","2020-BASE_PROCUREMENT-2020-AIRFORCE_AIRCRAFT_VOL1-U_PROCUREMENT_JustificationBook_Air_Force_PB_2020.zzz_unzipped-U_PROCUREMENT_JustificationBook_Air_Force_PB_2020.xml","005ddeaa4ed6e661bbe977c64adc29c5146cef98ddfdfcf229a669eb9aae562d","3-35beac201ca612777cd99a12515e6bc46b59cf46771df10356dba9db8f9be656","","","1","","0-4ca5f965a0932a0e53307a68dc716c54a0ff47dd4a52d6d9e44d781f4e4388ed","root.record.ItemExhibitList.P5Item.CostElementCategoryList.Vehicles.Recurring.CostElementList.CostElement"
"2017","AFLCMC/WI - ISR & SOF","2017-08","2023-03","1","103.000","true","2017-05","SS","FFP","Air Force","","1","","2020-BASE_PROCUREMENT-2020-AIRFORCE_AIRCRAFT_VOL2-U_PROCUREMENT_MasterJustificationBook_Air_Force_PB_2020.zzz_unzipped-U_PROCUREMENT_MasterJustificationBook_Air_Force_PB_2020.xml","16d64327fa3f84aa8c929a4167374d7517b6cb0663b68f01ecb3d9f18a3b3e9b","0-b3e2d11f6eb7a12acf2b2127a5d8458cf0c9c0231db2243a9009189f743024cc","","","1","","0-78798030e87f68bfe779de57063e9261f29fd054c666a90043d8b35a15ce4d65","root.record.ItemExhibitList.P5Item.CostElementCategoryList.Vehicles.Recurring.CostElementList.CostElement"
"2018","AFLCMC/WI - ISR & SOF","2018-06","2023-03","1","111.366","true","2018-06","SS","FFP","Air Force","","1","","2020-BASE_PROCUREMENT-2020-AIRFORCE_AIRCRAFT_VOL2-U_PROCUREMENT_MasterJustificationBook_Air_Force_PB_2020.zzz_unzipped-U_PROCUREMENT_MasterJustificationBook_Air_Force_PB_2020.xml","16d64327fa3f84aa8c929a4167374d7517b6cb0663b68f01ecb3d9f18a3b3e9b","1-eecfb99a092bf4d1509631ef6a0c4327dae6a565247800bc17ab4e0692501ca7","","","1","","0-78798030e87f68bfe779de57063e9261f29fd054c666a90043d8b35a15ce4d65","root.record.ItemExhibitList.P5Item.CostElementCategoryList.Vehicles.Recurring.CostElementList.CostElement"
"2019","AFLCMC/WI - ISR & SOF","2019-03","2023-03","2","108.057","true","2018-08","SS","FFP","Air Force","","2","","2020-BASE_PROCUREMENT-2020-AIRFORCE_AIRCRAFT_VOL2-U_PROCUREMENT_MasterJustificationBook_Air_Force_PB_2020.zzz_unzipped-U_PROCUREMENT_MasterJustificationBook_Air_Force_PB_2020.xml","16d64327fa3f84aa8c929a4167374d7517b6cb0663b68f01ecb3d9f18a3b3e9b","2-bc7f1442ccf40cd653eec285d66736770c66b5727dea77c353917cc4464652e0","","","2","","0-78798030e87f68bfe779de57063e9261f29fd054c666a90043d8b35a15ce4d65","root.record.ItemExhibitList.P5Item.CostElementCategoryList.Vehicles.Recurring.CostElementList.CostElement"
"2020","AFLCMC/WI - ISR & SOF","2020-02","2023-03","1","114.095","true","2019-08","SS","FFP","Air Force","","1","","2020-BASE_PROCUREMENT-2020-AIRFORCE_AIRCRAFT_VOL2-U_PROCUREMENT_MasterJustificationBook_Air_Force_PB_2020.zzz_unzipped-U_PROCUREMENT_MasterJustificationBook_Air_Force_PB_2020.xml","16d64327fa3f84aa8c929a4167374d7517b6cb0663b68f01ecb3d9f18a3b3e9b","3-7ffe836fc982c14ad93a58bcee8d88adb60d08004fe9aae25acc3a0cfff1a4b5","","","1","","0-78798030e87f68bfe779de57063e9261f29fd054c666a90043d8b35a15ce4d65","root.record.ItemExhibitList.P5Item.CostElementCategoryList.Vehicles.Recurring.CostElementList.CostElement"
