FiscalYear_val,PCOLocation_val,AwardDate_val,FirstDeliveryDate_val,Quantity_val,UnitCost_val,SpecsAvailableNow_val,RFPIssueDate_val,ContractMethod_val,ContractType_val,MonthlyDeliveryScheduleList_MonthlyDeliverySchedule_ServiceAgencyName_val,MonthlyDeliveryScheduleList_MonthlyDeliverySchedule_ServiceAgencyName_@footnote,MonthlyDeliveryScheduleList_MonthlyDeliverySchedule_ProcQuantity_val,MonthlyDeliveryScheduleList_MonthlyDeliverySchedule_AcceptedBeforeOct1_val,@SOURCE_FILENAME,@RECORDID,@ROWID,FundingVehicle_val,Remarks_val,MonthlyDeliveryScheduleTotal_ProcQuantity_val,MonthlyDeliveryScheduleTotal_MonthlyDeliveryList_MonthlyDelivery,RevisionsAvailableDate_val,@PARENTROWID,@PARENT
"2011","303 AESG/PK","2011-12","2014-03","2","103.702","true","2010-03","SS","FPIF","Air Force","","2","0","2013-BASE_PROCUREMENT-2013-AIRFORCE_AIRCRAFT_VOL1-JustificationBook_Air_Force_PB_2013.zzz_unzipped-JustificationBook_Air_Force_PB_2013.xml","b8fa5f8711ad2e5472ab82f8ae7a634c0ce171a77ff119a3b27bbb1b6f64f8eb","0-cd1628d1fa7512ade5ea8e90210c1c81e480e623b43d397f5bac85ec5b5ed88a","","","","","","2-b8d7331239f65f1d2c1dd4e6cba1f6c4eee231eb202c6efdb668facd735c21d2","root.record.ItemExhibitList.P5Item.CostElementCategoryList.Vehicles.Recurring.CostElementList.CostElement"
"2012","303 AESG/PK","2012-12","2014-12","3","121.047","true","2012-01","SS","FPIF","Air Force","","3","0","2013-BASE_PROCUREMENT-2013-AIRFORCE_AIRCRAFT_VOL1-JustificationBook_Air_Force_PB_2013.zzz_unzipped-JustificationBook_Air_Force_PB_2013.xml","b8fa5f8711ad2e5472ab82f8ae7a634c0ce171a77ff119a3b27bbb1b6f64f8eb","1-d722ed1ee1a1a4d058bb8074601f42d0a20433d2a766104dc8b726eacdc71db5","","","","","","2-b8d7331239f65f1d2c1dd4e6cba1f6c4eee231eb202c6efdb668facd735c21d2","root.record.ItemExhibitList.P5Item.CostElementCategoryList.Vehicles.Recurring.CostElementList.CostElement"
"2011","303 AESG/PK","2011-12","2014-04","2","105.294","true","2010-03","SS","FPIF","Air Force","","2","0","2013-BASE_PROCUREMENT-2013-AIRFORCE_AIRCRAFT_VOL1-JustificationBook_Air_Force_PB_2013.zzz_unzipped-JustificationBook_Air_Force_PB_2013.xml","b8fa5f8711ad2e5472ab82f8ae7a634c0ce171a77ff119a3b27bbb1b6f64f8eb","0-9c94b4107db4bdba074457918c880551268a1f08c0a630b6ecbcfa1a59cfd51a","","","","","","3-2575656fc67d3988abd94bb3cabf2864ce3bb40313a36a372fa0ef643a3e9f8c","root.record.ItemExhibitList.P5Item.CostElementCategoryList.Vehicles.Recurring.CostElementList.CostElement"
"2009","303 AESG/PK","2011-02","2011-05","2","21.821","true","2008-01","SS","FPIF","Air Force","","2","0","2013-BASE_PROCUREMENT-2013-AIRFORCE_AIRCRAFT_VOL1-JustificationBook_Air_Force_PB_2013.zzz_unzipped-JustificationBook_Air_Force_PB_2013.xml","b8fa5f8711ad2e5472ab82f8ae7a634c0ce171a77ff119a3b27bbb1b6f64f8eb","0-e5492876bc35dc2106782efa97f2f0bbd7d53f4323d4c50e3fcb203bac289c0b","","","","","","0-06e759800fecff48176202fe5258247c11525f09883e9cb4e925b87f71aef4b0","root.record.ItemExhibitList.P5Item.CostElementCategoryList.Vehicles.Recurring.CostElementList.CostElement"
"2011","303 AESG/PK","2011-12","2014-03","2","103.702","true","2010-03","SS","FPIF","Air Force","","2","0","2013-BASE_PROCUREMENT-2013-AIRFORCE_AIRCRAFT_VOL2-MasterJustificationBook_Air_Force_PB_2013.zzz_unzipped-MasterJustificationBook_Air_Force_PB_2013.xml","1f4f127078b801cf69bd1d343ce10449d87168a46400edc6f8142cdafd8b4153","0-e6de7a14efd5464fc07a8770f34aa3512cf66c5804940acd628f55dfa87d38b6","","","","","","2-ffe4454407983316c95380b1155d11279e50c28835674257a1cdc28d4e18c576","root.record.ItemExhibitList.P5Item.CostElementCategoryList.Vehicles.Recurring.CostElementList.CostElement"
"2012","303 AESG/PK","2012-12","2014-12","3","121.047","true","2012-01","SS","FPIF","Air Force","","3","0","2013-BASE_PROCUREMENT-2013-AIRFORCE_AIRCRAFT_VOL2-MasterJustificationBook_Air_Force_PB_2013.zzz_unzipped-MasterJustificationBook_Air_Force_PB_2013.xml","1f4f127078b801cf69bd1d343ce10449d87168a46400edc6f8142cdafd8b4153","1-b6bf3bce01cac18ee580fe64180cd9e4975df3db161109f5b09bb11709cc2028","","","","","","2-ffe4454407983316c95380b1155d11279e50c28835674257a1cdc28d4e18c576","root.record.ItemExhibitList.P5Item.CostElementCategoryList.Vehicles.Recurring.CostElementList.CostElement"
"2011","303 AESG/PK","2011-12","2014-04","2","105.294","true","2010-03","SS","FPIF","Air Force","","2","0","2013-BASE_PROCUREMENT-2013-AIRFORCE_AIRCRAFT_VOL2-MasterJustificationBook_Air_Force_PB_2013.zzz_unzipped-MasterJustificationBook_Air_Force_PB_2013.xml","1f4f127078b801cf69bd1d343ce10449d87168a46400edc6f8142cdafd8b4153","0-c13a1ae3e0220b6f6a2d3cf555e5404651eae6b63b24b86dcbe96c79e3f1962f","","","","","","3-c30a7c9b813e022d217912b80a4e7bfa24f810c441994d71c87db9a8678098e1","root.record.ItemExhibitList.P5Item.CostElementCategoryList.Vehicles.Recurring.CostElementList.CostElement"
"2009","303 AESG/PK","2011-02","2011-05","2","21.821","true","2008-01","SS","FPIF","Air Force","","2","0","2013-BASE_PROCUREMENT-2013-AIRFORCE_AIRCRAFT_VOL2-MasterJustificationBook_Air_Force_PB_2013.zzz_unzipped-MasterJustificationBook_Air_Force_PB_2013.xml","1f4f127078b801cf69bd1d343ce10449d87168a46400edc6f8142cdafd8b4153","0-6086efe38cfeb0e15dd5857f9978772e07534d522fa9854f92c6d9e767490d9b","","","","","","0-2649d9cb5d8eb9dda1338a6b32eb90145d6438c851f404af9caaa832a678e61e","root.record.ItemExhibitList.P5Item.CostElementCategoryList.Vehicles.Recurring.CostElementList.CostElement"
"2011","303 AESG/PK","2011-12","2014-03","2","103.702","true","2010-03","SS","FPIF","Air Force","","2","0","2013-BASE_PROCUREMENT-2013-AIRFORCE_AIRCRAFT_VOL1-MasterJustificationBook_Air_Force_PB_2013.zzz_unzipped-MasterJustificationBook_Air_Force_PB_2013.xml","a7c6bab01f0a3102b466c221b8193722f8b6637d9b29cc98c18c29fc94b0ad9b","0-49d563a036c55f3db51773d4f0cd7d59f71522839f357e00d8a807c0f68515f5","","","","","","2-a95a2db800daf47fb1f2068d255d72632960d770d37402b1e03d88fba88dc9e8","root.record.ItemExhibitList.P5Item.CostElementCategoryList.Vehicles.Recurring.CostElementList.CostElement"
"2012","303 AESG/PK","2012-12","2014-12","3","121.047","true","2012-01","SS","FPIF","Air Force","","3","0","2013-BASE_PROCUREMENT-2013-AIRFORCE_AIRCRAFT_VOL1-MasterJustificationBook_Air_Force_PB_2013.zzz_unzipped-MasterJustificationBook_Air_Force_PB_2013.xml","a7c6bab01f0a3102b466c221b8193722f8b6637d9b29cc98c18c29fc94b0ad9b","1-729e52d87f29aba1b0804127d061e57ce8fd79b0d7b1a1974785cafefc46c156","","","","","","2-a95a2db800daf47fb1f2068d255d72632960d770d37402b1e03d88fba88dc9e8","root.record.ItemExhibitList.P5Item.CostElementCategoryList.Vehicles.Recurring.CostElementList.CostElement"
"2011","303 AESG/PK","2011-12","2014-04","2","105.294","true","2010-03","SS","FPIF","Air Force","","2","0","2013-BASE_PROCUREMENT-2013-AIRFORCE_AIRCRAFT_VOL1-MasterJustificationBook_Air_Force_PB_2013.zzz_unzipped-MasterJustificationBook_Air_Force_PB_2013.xml","a7c6bab01f0a3102b466c221b8193722f8b6637d9b29cc98c18c29fc94b0ad9b","0-d276524885152d0406915f9985ec44d89b317f4c43612f446c2b6f78f5c4c606","","","","","","3-911ab188f08fe597c619d69804719257cd3ed3a090116da92b41fb54f82f5070","root.record.ItemExhibitList.P5Item.CostElementCategoryList.Vehicles.Recurring.CostElementList.CostElement"
"2009","303 AESG/PK","2011-02","2011-05","2","21.821","true","2008-01","SS","FPIF","Air Force","","2","0","2013-BASE_PROCUREMENT-2013-AIRFORCE_AIRCRAFT_VOL1-MasterJustificationBook_Air_Force_PB_2013.zzz_unzipped-MasterJustificationBook_Air_Force_PB_2013.xml","a7c6bab01f0a3102b466c221b8193722f8b6637d9b29cc98c18c29fc94b0ad9b","0-3b56a59733dfec3f336cc742203a7536d84ce3dae1d7d7675a18d22b1473482c","","","","","","0-867d8a928ac018ccec0f62906cbb85ce7a6a51e46ec38bb3cc95fa06ed6ca4b6","root.record.ItemExhibitList.P5Item.CostElementCategoryList.Vehicles.Recurring.CostElementList.CostElement"
"2012","DTRA","2012-03","2012-04","4","0.050","true","","","","","","","","","2013-BASE_PROCUREMENT-2013-DEFENSE_DTRA-JustificationBook_Defense_Threat_Reduction_Agency_PB_2013.zzz_unzipped-JustificationBook_Defense_Threat_Reduction_Agency_PB_2013.xml","cab5926a1466be6515a9f42f55d21078da5c905fea4d6c33952714d17f224a8c","0-2f69675a0ec778da4f245f24bd899c71efdaf4dbb575b86d4a6f7979090196c8","PO","","","","","8-1e159ba290624326431f4df346d1901b083d924d58ae31efd4b862087df67e6d","root.record.ItemExhibitList.P5Item.CostElementCategoryList.Vehicles.Recurring.CostElementList.CostElement"
"2011","DTRA","2011-03","2011-04","1","0.050","true","","","","","","","","","2013-BASE_PROCUREMENT-2013-DEFENSE_DTRA-JustificationBook_Defense_Threat_Reduction_Agency_PB_2013.zzz_unzipped-JustificationBook_Defense_Threat_Reduction_Agency_PB_2013.xml","cab5926a1466be6515a9f42f55d21078da5c905fea4d6c33952714d17f224a8c","1-fd6a1a64bb6d5ac211f18f004065f58bd73b2a9eb62352e3fc84a82f3f0ff722","PO","Government Services Administration - Chicago, IL","","","","8-1e159ba290624326431f4df346d1901b083d924d58ae31efd4b862087df67e6d","root.record.ItemExhibitList.P5Item.CostElementCategoryList.Vehicles.Recurring.CostElementList.CostElement"
"2013","DTRA","2013-03","2013-04","1","0.050","true","","","","","","","","","2013-BASE_PROCUREMENT-2013-DEFENSE_DTRA-JustificationBook_Defense_Threat_Reduction_Agency_PB_2013.zzz_unzipped-JustificationBook_Defense_Threat_Reduction_Agency_PB_2013.xml","cab5926a1466be6515a9f42f55d21078da5c905fea4d6c33952714d17f224a8c","2-dc395168b5ae381eb2b8a577b1ec88ffc69901bee1ee88539a58f9886792e909","PO","","","","","8-1e159ba290624326431f4df346d1901b083d924d58ae31efd4b862087df67e6d","root.record.ItemExhibitList.P5Item.CostElementCategoryList.Vehicles.Recurring.CostElementList.CostElement"
"2012","DTRA","2012-03","2012-04","4","0.050","true","","","","","","","","","2013-BASE_PROCUREMENT-2013-DEFENSE_VOL1-MasterJustificationBook_Defense-Wide_PB_2013.zzz_unzipped-MasterJustificationBook_Defense-Wide_PB_2013.xml","f09953ff692e237c6d67ad56f8d52b3e437ed00dd6d7a4246069438e7cecec4b","0-68e9e1f751922076627e2466a5ecf64e78775d1e061038ac907a724533f26027","PO","","","","","8-20758e9fd047aad4d8f922e9c153a11c8393c0343557f74c7b1b94705311b5b7","root.record.ItemExhibitList.P5Item.CostElementCategoryList.Vehicles.Recurring.CostElementList.CostElement"
"2011","DTRA","2011-03","2011-04","1","0.050","true","","","","","","","","","2013-BASE_PROCUREMENT-2013-DEFENSE_VOL1-MasterJustificationBook_Defense-Wide_PB_2013.zzz_unzipped-MasterJustificationBook_Defense-Wide_PB_2013.xml","f09953ff692e237c6d67ad56f8d52b3e437ed00dd6d7a4246069438e7cecec4b","1-164323f44f30c5ff35f53e96a81c1126cf12d1e21742654cbc5ad8d50fe1b9f5","PO","Government Services Administration - Chicago, IL","","","","8-20758e9fd047aad4d8f922e9c153a11c8393c0343557f74c7b1b94705311b5b7","root.record.ItemExhibitList.P5Item.CostElementCategoryList.Vehicles.Recurring.CostElementList.CostElement"
"2013","DTRA","2013-03","2013-04","1","0.050","true","","","","","","","","","2013-BASE_PROCUREMENT-2013-DEFENSE_VOL1-MasterJustificationBook_Defense-Wide_PB_2013.zzz_unzipped-MasterJustificationBook_Defense-Wide_PB_2013.xml","f09953ff692e237c6d67ad56f8d52b3e437ed00dd6d7a4246069438e7cecec4b","2-0bb991b6fad5d5c4c2d001fa6a8960eb0796ae0f91ec675918c852e10f72fa8d","PO","","","","","8-20758e9fd047aad4d8f922e9c153a11c8393c0343557f74c7b1b94705311b5b7","root.record.ItemExhibitList.P5Item.CostElementCategoryList.Vehicles.Recurring.CostElementList.CostElement"
"2010","80","2011-01","2012-06","2","102.853","true","2009-06","SS","FPIF","Air Force","","2","0","2014-BASE_PROCUREMENT-2014-AIRFORCE_AIRCRAFT_VOL1-PROCUREMENT_JustificationBook_Air_Force_PB_2014.zzz_unzipped-PROCUREMENT_JustificationBook_Air_Force_PB_2014.xml","6344ffaffcd0dcf02df1b26345df842a688214ceb4388fac2c0f9d260faa4e49","0-ebd799c09c3ca10a16fe3eb2d3618a813e845948c7ae81cf1fcab3eaf44f66d4","","","","","","2-8a851291236862a4e3da3de893fd5135e9728c2cd6e5abe5fbb9e0a384bd07fc","root.record.ItemExhibitList.P5Item.CostElementCategoryList.Vehicles.Recurring.CostElementList.CostElement"
"2011","TBD","2013-03","2014-03","2","118.480","true","2010-03","SS","FPIF","Air Force","","2","0","2014-BASE_PROCUREMENT-2014-AIRFORCE_AIRCRAFT_VOL1-PROCUREMENT_JustificationBook_Air_Force_PB_2014.zzz_unzipped-PROCUREMENT_JustificationBook_Air_Force_PB_2014.xml","6344ffaffcd0dcf02df1b26345df842a688214ceb4388fac2c0f9d260faa4e49","1-992b3716f1f4ef1dc53dfa6767dbcee4a6d3385d1fe9c7540671b1dbbcba3f6b","","","","","","2-8a851291236862a4e3da3de893fd5135e9728c2cd6e5abe5fbb9e0a384bd07fc","root.record.ItemExhibitList.P5Item.CostElementCategoryList.Vehicles.Recurring.CostElementList.CostElement"
"2010","TBD","2011-01","2013-03","2","94.887","true","2009-06","SS","FPIF","Air Force","","2","0","2014-BASE_PROCUREMENT-2014-AIRFORCE_AIRCRAFT_VOL1-PROCUREMENT_JustificationBook_Air_Force_PB_2014.zzz_unzipped-PROCUREMENT_JustificationBook_Air_Force_PB_2014.xml","6344ffaffcd0dcf02df1b26345df842a688214ceb4388fac2c0f9d260faa4e49","0-c6c45e268bd57ed603da4d2a961b9af0f66517cc2ca894428065d1e82f333aa2","","","","","","3-144efc64b30c0d5b8ee9900954cbcbfa90985b09ce6ed975504c95f8da2ac295","root.record.ItemExhibitList.P5Item.CostElementCategoryList.Vehicles.Recurring.CostElementList.CostElement"
"2011","TBD","2013-03","2014-04","2","108.581","true","2010-03","SS","FPIF","Air Force","","2","0","2014-BASE_PROCUREMENT-2014-AIRFORCE_AIRCRAFT_VOL1-PROCUREMENT_JustificationBook_Air_Force_PB_2014.zzz_unzipped-PROCUREMENT_JustificationBook_Air_Force_PB_2014.xml","6344ffaffcd0dcf02df1b26345df842a688214ceb4388fac2c0f9d260faa4e49","1-d3feeab269cceab9cf5bfc6ba9ee75fe39013123e64b3bc3cd3bfb4422abc659","","","","","","3-144efc64b30c0d5b8ee9900954cbcbfa90985b09ce6ed975504c95f8da2ac295","root.record.ItemExhibitList.P5Item.CostElementCategoryList.Vehicles.Recurring.CostElementList.CostElement"
"2009","80","2011-02","2011-05","2","21.821","true","2008-01","SS","FPIF","Air Force","Prior Year contracts with undelivered assets have all deliveries occurring before Oct 2011 loaded in the month of first delivery.","2","0","2014-BASE_PROCUREMENT-2014-AIRFORCE_AIRCRAFT_VOL1-PROCUREMENT_JustificationBook_Air_Force_PB_2014.zzz_unzipped-PROCUREMENT_JustificationBook_Air_Force_PB_2014.xml","6344ffaffcd0dcf02df1b26345df842a688214ceb4388fac2c0f9d260faa4e49","0-175406e69806e931cee46db3f59ba849560905099265bb04ecc1b42de823e26b","","","","","","0-9c0300af57614226f54802c5d4bfedf81941f8f9d3b41ddca400c3c4c63f8689","root.record.ItemExhibitList.P5Item.CostElementCategoryList.Vehicles.Recurring.CostElementList.CostElement"
"2010","80","2011-01","2012-06","2","102.853","true","2009-06","SS","FPIF","Air Force","","2","0","2014-BASE_PROCUREMENT-2014-AIRFORCE_AIRCRAFT_VOL2-PROCUREMENT_MasterJustificationBook_Air_Force_PB_2014.zzz_unzipped-PROCUREMENT_MasterJustificationBook_Air_Force_PB_2014.xml","4b41aab551dd5963369d5d6c772fbe316cd8c2c012a1e3a665053b2726d13344","0-dde0f414a060f00d500158d9a11536dca11cc96e09a17a4eb140ec5542248547","","","","","","2-7af34f3c97a09d59bed0a6edeb5dfbee940ca46e89f535af86dc36cdf9a608f3","root.record.ItemExhibitList.P5Item.CostElementCategoryList.Vehicles.Recurring.CostElementList.CostElement"
"2011","TBD","2013-03","2014-03","2","118.480","true","2010-03","SS","FPIF","Air Force","","2","0","2014-BASE_PROCUREMENT-2014-AIRFORCE_AIRCRAFT_VOL2-PROCUREMENT_MasterJustificationBook_Air_Force_PB_2014.zzz_unzipped-PROCUREMENT_MasterJustificationBook_Air_Force_PB_2014.xml","4b41aab551dd5963369d5d6c772fbe316cd8c2c012a1e3a665053b2726d13344","1-2358bf6d53ad5a5c7f5d01806f55fd4a2901026a84d6206593f66c0bee453f5f","","","","","","2-7af34f3c97a09d59bed0a6edeb5dfbee940ca46e89f535af86dc36cdf9a608f3","root.record.ItemExhibitList.P5Item.CostElementCategoryList.Vehicles.Recurring.CostElementList.CostElement"
"2010","TBD","2011-01","2013-03","2","94.887","true","2009-06","SS","FPIF","Air Force","","2","0","2014-BASE_PROCUREMENT-2014-AIRFORCE_AIRCRAFT_VOL2-PROCUREMENT_MasterJustificationBook_Air_Force_PB_2014.zzz_unzipped-PROCUREMENT_MasterJustificationBook_Air_Force_PB_2014.xml","4b41aab551dd5963369d5d6c772fbe316cd8c2c012a1e3a665053b2726d13344","0-96c59d045c28e6ee36976ac15583b5f947948b2252c56edbd46ab463af73a974","","","","","","3-f462e9f5498e1c6821885d625c270418a99913d52df312ef9d10621be4a46a20","root.record.ItemExhibitList.P5Item.CostElementCategoryList.Vehicles.Recurring.CostElementList.CostElement"
"2011","TBD","2013-03","2014-04","2","108.581","true","2010-03","SS","FPIF","Air Force","","2","0","2014-BASE_PROCUREMENT-2014-AIRFORCE_AIRCRAFT_VOL2-PROCUREMENT_MasterJustificationBook_Air_Force_PB_2014.zzz_unzipped-PROCUREMENT_MasterJustificationBook_Air_Force_PB_2014.xml","4b41aab551dd5963369d5d6c772fbe316cd8c2c012a1e3a665053b2726d13344","1-f1a0e3c75be466a93a16f83714fa05d8f1df7352ccfe5dc91a005b1d6454f204","","","","","","3-f462e9f5498e1c6821885d625c270418a99913d52df312ef9d10621be4a46a20","root.record.ItemExhibitList.P5Item.CostElementCategoryList.Vehicles.Recurring.CostElementList.CostElement"
"2009","80","2011-02","2011-05","2","21.821","true","2008-01","SS","FPIF","Air Force","Prior Year contracts with undelivered assets have all deliveries occurring before Oct 2011 loaded in the month of first delivery.","2","0","2014-BASE_PROCUREMENT-2014-AIRFORCE_AIRCRAFT_VOL2-PROCUREMENT_MasterJustificationBook_Air_Force_PB_2014.zzz_unzipped-PROCUREMENT_MasterJustificationBook_Air_Force_PB_2014.xml","4b41aab551dd5963369d5d6c772fbe316cd8c2c012a1e3a665053b2726d13344","0-5078f7afcd01a89b2c3c863c6e14da76481bca4f63cc7f5ecd61636d887d7542","","","","","","0-7fdc45e7a0abbef7e307ec1069e9220e67bb45c9fd33f5e4d65b5dff8eb1fa0f","root.record.ItemExhibitList.P5Item.CostElementCategoryList.Vehicles.Recurring.CostElementList.CostElement"
"2010","80","2011-01","2012-06","2","102.853","true","2009-06","SS","FPIF","Air Force","","2","0","2014-BASE_PROCUREMENT-2014-AIRFORCE_AIRCRAFT_VOL1-PROCUREMENT_MasterJustificationBook_Air_Force_PB_2014.zzz_unzipped-PROCUREMENT_MasterJustificationBook_Air_Force_PB_2014.xml","c7c6d00203955f967ca1e12a0c654fc7454b59fa0b67d85d18a4e4ca82ed730f","0-24f6641218bc6815676bd37d0ba359408540b80492544efa1f7925b7ab0cbcde","","","","","","2-2aed8c7ddd8037fc1bf6a1284714e23204186ec37b56284503235fb40b279517","root.record.ItemExhibitList.P5Item.CostElementCategoryList.Vehicles.Recurring.CostElementList.CostElement"
"2011","TBD","2013-03","2014-03","2","118.480","true","2010-03","SS","FPIF","Air Force","","2","0","2014-BASE_PROCUREMENT-2014-AIRFORCE_AIRCRAFT_VOL1-PROCUREMENT_MasterJustificationBook_Air_Force_PB_2014.zzz_unzipped-PROCUREMENT_MasterJustificationBook_Air_Force_PB_2014.xml","c7c6d00203955f967ca1e12a0c654fc7454b59fa0b67d85d18a4e4ca82ed730f","1-bc1d9c9602bf5f2ff20fa79604fbe5f0f2d4a58494a3a5c62ec7f38b44676145","","","","","","2-2aed8c7ddd8037fc1bf6a1284714e23204186ec37b56284503235fb40b279517","root.record.ItemExhibitList.P5Item.CostElementCategoryList.Vehicles.Recurring.CostElementList.CostElement"
"2010","TBD","2011-01","2013-03","2","94.887","true","2009-06","SS","FPIF","Air Force","","2","0","2014-BASE_PROCUREMENT-2014-AIRFORCE_AIRCRAFT_VOL1-PROCUREMENT_MasterJustificationBook_Air_Force_PB_2014.zzz_unzipped-PROCUREMENT_MasterJustificationBook_Air_Force_PB_2014.xml","c7c6d00203955f967ca1e12a0c654fc7454b59fa0b67d85d18a4e4ca82ed730f","0-42c1dedbd345887f5a180d729f3c935784985639d8f432b0e4fbe9f51da818d7","","","","","","3-dca9c2151cd8e10354a47b50b971eaf7426a9f7602afe6811bbd5a428122ff5f","root.record.ItemExhibitList.P5Item.CostElementCategoryList.Vehicles.Recurring.CostElementList.CostElement"
"2011","TBD","2013-03","2014-04","2","108.581","true","2010-03","SS","FPIF","Air Force","","2","0","2014-BASE_PROCUREMENT-2014-AIRFORCE_AIRCRAFT_VOL1-PROCUREMENT_MasterJustificationBook_Air_Force_PB_2014.zzz_unzipped-PROCUREMENT_MasterJustificationBook_Air_Force_PB_2014.xml","c7c6d00203955f967ca1e12a0c654fc7454b59fa0b67d85d18a4e4ca82ed730f","1-e255b2a2d6687650e6e28f9f89be29446095c4e6be9db303a513a7feb23afbc7","","","","","","3-dca9c2151cd8e10354a47b50b971eaf7426a9f7602afe6811bbd5a428122ff5f","root.record.ItemExhibitList.P5Item.CostElementCategoryList.Vehicles.Recurring.CostElementList.CostElement"
"2009","80","2011-02","2011-05","2","21.821","true","2008-01","SS","FPIF","Air Force","Prior Year contracts with undelivered assets have all deliveries occurring before Oct 2011 loaded in the month of first delivery.","2","0","2014-BASE_PROCUREMENT-2014-AIRFORCE_AIRCRAFT_VOL1-PROCUREMENT_MasterJustificationBook_Air_Force_PB_2014.zzz_unzipped-PROCUREMENT_MasterJustificationBook_Air_Force_PB_2014.xml","c7c6d00203955f967ca1e12a0c654fc7454b59fa0b67d85d18a4e4ca82ed730f","0-f47f011bb429c9d935c812bbf0e4364faa29c36d3ac4421ab08e5fb4a1a077aa","","","","","","0-6a19fe9f60a396908990507891c49dd7dd1c9ba8b0dd40f1a34c89cc1656d8db","root.record.ItemExhibitList.P5Item.CostElementCategoryList.Vehicles.Recurring.CostElementList.CostElement"
"2012","DTRA","2012-03","2012-04","4","0.050","true","","","","","","","","","2014-BASE_PROCUREMENT-2014-DEFENSE_DTRA-PROCUREMENT_JustificationBook_Defense_Threat_Reduction_Agency_PB_2014.zzz_unzipped-PROCUREMENT_JustificationBook_Defense_Threat_Reduction_Agency_PB_2014.xml","e5c07248140d72d9b5dea8974d6d5f68c27551826c109b54444a8653264410f0","0-fa94f951f943d78fcae4982effdbabef0596cb5832ac17a025920f0e3461b035","PO","","","","","8-9f357bf59248aa7a12f342b1609e398d3465be6b5e9e1fd31185eafcec1095ab","root.record.ItemExhibitList.P5Item.CostElementCategoryList.Vehicles.Recurring.CostElementList.CostElement"
"2014","DTRA","2014-03","2014-04","2","0.050","true","","","","","","","","","2014-BASE_PROCUREMENT-2014-DEFENSE_DTRA-PROCUREMENT_JustificationBook_Defense_Threat_Reduction_Agency_PB_2014.zzz_unzipped-PROCUREMENT_JustificationBook_Defense_Threat_Reduction_Agency_PB_2014.xml","e5c07248140d72d9b5dea8974d6d5f68c27551826c109b54444a8653264410f0","1-363ef2d2111d0a0339d7fcac02ab6a5f93ca7a6d3af1a3bd4ddb47d6f43c9a6b","PO","","","","","8-9f357bf59248aa7a12f342b1609e398d3465be6b5e9e1fd31185eafcec1095ab","root.record.ItemExhibitList.P5Item.CostElementCategoryList.Vehicles.Recurring.CostElementList.CostElement"
"2013","DTRA","2013-03","2013-04","1","0.050","true","","","","","","","","","2014-BASE_PROCUREMENT-2014-DEFENSE_DTRA-PROCUREMENT_JustificationBook_Defense_Threat_Reduction_Agency_PB_2014.zzz_unzipped-PROCUREMENT_JustificationBook_Defense_Threat_Reduction_Agency_PB_2014.xml","e5c07248140d72d9b5dea8974d6d5f68c27551826c109b54444a8653264410f0","2-6fa4fe675484664ef20108b499525c4a3f69370bdd9e4e4f989b73ac3aae5b5e","PO","","","","","8-9f357bf59248aa7a12f342b1609e398d3465be6b5e9e1fd31185eafcec1095ab","root.record.ItemExhibitList.P5Item.CostElementCategoryList.Vehicles.Recurring.CostElementList.CostElement"
"2012","DTRA","2012-03","2012-04","4","0.050","true","","","","","","","","","2014-BASE_PROCUREMENT-2014-DEFENSE_VOL1-PROCUREMENT_MasterJustificationBook_Defense-Wide_PB_2014.zzz_unzipped-PROCUREMENT_MasterJustificationBook_Defense-Wide_PB_2014.xml","cb9726bb5886bbb4d5fbd9a27b2f81d23f2bb0160876e23b4d49c64e3c94012d","0-56a13d647c8a5d2ae5468ddbd8afeae13889f20d1dd77ca42802fa6d4f73023a","PO","","","","","8-b0672b42d4460a3999a3a2c75b2cdfb2a597fe3302a5409ad0760d44c1b0e43a","root.record.ItemExhibitList.P5Item.CostElementCategoryList.Vehicles.Recurring.CostElementList.CostElement"
"2014","DTRA","2014-03","2014-04","2","0.050","true","","","","","","","","","2014-BASE_PROCUREMENT-2014-DEFENSE_VOL1-PROCUREMENT_MasterJustificationBook_Defense-Wide_PB_2014.zzz_unzipped-PROCUREMENT_MasterJustificationBook_Defense-Wide_PB_2014.xml","cb9726bb5886bbb4d5fbd9a27b2f81d23f2bb0160876e23b4d49c64e3c94012d","1-3dc2a4eef41bb992c776f0e88338d1d4327c21827e5e9299f754454c19560be8","PO","","","","","8-b0672b42d4460a3999a3a2c75b2cdfb2a597fe3302a5409ad0760d44c1b0e43a","root.record.ItemExhibitList.P5Item.CostElementCategoryList.Vehicles.Recurring.CostElementList.CostElement"
"2013","DTRA","2013-03","2013-04","1","0.050","true","","","","","","","","","2014-BASE_PROCUREMENT-2014-DEFENSE_VOL1-PROCUREMENT_MasterJustificationBook_Defense-Wide_PB_2014.zzz_unzipped-PROCUREMENT_MasterJustificationBook_Defense-Wide_PB_2014.xml","cb9726bb5886bbb4d5fbd9a27b2f81d23f2bb0160876e23b4d49c64e3c94012d","2-4a680c66ab9c922e965da811e2837609712d2e98dd64354b824f74d0b99478c7","PO","","","","","8-b0672b42d4460a3999a3a2c75b2cdfb2a597fe3302a5409ad0760d44c1b0e43a","root.record.ItemExhibitList.P5Item.CostElementCategoryList.Vehicles.Recurring.CostElementList.CostElement"
"2010","AFLCMC Wright Patterson AFB","2011-01","2012-06","2","86.500","true","2009-06","SS","FPIF","Air Force","Prior Year contracts with undelivered assets have all deliveries occurring before Oct 2012 loaded in the month of first delivery.","2","","2015-BASE_PROCUREMENT-2015-AIRFORCE_AIRCRAFT_VOL1-PROCUREMENT_JustificationBook_Air_Force_PB_2015.zzz_unzipped-PROCUREMENT_JustificationBook_Air_Force_PB_2015.xml","ec976f28f64d06b6cdd6198f93851889e1b9beb1edb572669f3c69e02093017a","0-e14faea05e0972150819ea7247bde8e3a7c40565eacff802789ddf7f32ff420c","","","2","","2-b3b403ddc39bf0b626bdc8725488c0a6d616f2e3ce6fff08c8c946186d7fc538","root.record.ItemExhibitList.P5Item.CostElementCategoryList.Vehicles.Recurring.CostElementList.CostElement"
"2011","AFLCMC Wright Patterson AFB","2013-03","2013-11","2","107.900","true","2010-03","SS","FPIF","Air Force","","2","","2015-BASE_PROCUREMENT-2015-AIRFORCE_AIRCRAFT_VOL1-PROCUREMENT_JustificationBook_Air_Force_PB_2015.zzz_unzipped-PROCUREMENT_JustificationBook_Air_Force_PB_2015.xml","ec976f28f64d06b6cdd6198f93851889e1b9beb1edb572669f3c69e02093017a","1-74eee8d486701228def7653248cac6a441c2dfb9e7fdc0c6b43bf6cbb500839b","","","2","","2-b3b403ddc39bf0b626bdc8725488c0a6d616f2e3ce6fff08c8c946186d7fc538","root.record.ItemExhibitList.P5Item.CostElementCategoryList.Vehicles.Recurring.CostElementList.CostElement"
"2012","AFLCMC Wright Patterson AFB","2014-07","2017-01","3","118.700","true","2013-08","SS","FFP","Air Force","","3","","2015-BASE_PROCUREMENT-2015-AIRFORCE_AIRCRAFT_VOL1-PROCUREMENT_JustificationBook_Air_Force_PB_2015.zzz_unzipped-PROCUREMENT_JustificationBook_Air_Force_PB_2015.xml","ec976f28f64d06b6cdd6198f93851889e1b9beb1edb572669f3c69e02093017a","2-84df992eec26e92eb75464656df76aeca5bb33c8291fb8714c99cdcdbcaa839d","","","3","","2-b3b403ddc39bf0b626bdc8725488c0a6d616f2e3ce6fff08c8c946186d7fc538","root.record.ItemExhibitList.P5Item.CostElementCategoryList.Vehicles.Recurring.CostElementList.CostElement"
"2010","AFLCMC Wright Patterson AFB","2011-01","2013-02","2","65.800","true","2009-06","SS","FPIF","Air Force","","2","","2015-BASE_PROCUREMENT-2015-AIRFORCE_AIRCRAFT_VOL1-PROCUREMENT_JustificationBook_Air_Force_PB_2015.zzz_unzipped-PROCUREMENT_JustificationBook_Air_Force_PB_2015.xml","ec976f28f64d06b6cdd6198f93851889e1b9beb1edb572669f3c69e02093017a","0-6a007369a8bc14b58598d041555bcb4113da96965d33d7d32c63d156c5261fd5","","","2","","3-19c11cb44b7b572098f61f07f1a083a8d7018f79cc2485367e5001d4cdf63323","root.record.ItemExhibitList.P5Item.CostElementCategoryList.Vehicles.Recurring.CostElementList.CostElement"
"2011","AFLCMC Wright Patterson AFB","2013-03","2014-04","2","86.500","true","2010-03","SS","FPIF","Air Force","","2","","2015-BASE_PROCUREMENT-2015-AIRFORCE_AIRCRAFT_VOL1-PROCUREMENT_JustificationBook_Air_Force_PB_2015.zzz_unzipped-PROCUREMENT_JustificationBook_Air_Force_PB_2015.xml","ec976f28f64d06b6cdd6198f93851889e1b9beb1edb572669f3c69e02093017a","1-6cc34f7783a2114ac7a9916d16c02a4ac5958f0daa22d63440ad447e50215f2f","","","2","","3-19c11cb44b7b572098f61f07f1a083a8d7018f79cc2485367e5001d4cdf63323","root.record.ItemExhibitList.P5Item.CostElementCategoryList.Vehicles.Recurring.CostElementList.CostElement"
"2010","AFLCMC Wright Patterson AFB","2011-01","2012-06","2","86.500","true","2009-06","SS","FPIF","Air Force","Prior Year contracts with undelivered assets have all deliveries occurring before Oct 2012 loaded in the month of first delivery.","2","","2015-BASE_PROCUREMENT-2015-AIRFORCE_AIRCRAFT_VOL2-PROCUREMENT_MasterJustificationBook_Air_Force_PB_2015.zzz_unzipped-PROCUREMENT_MasterJustificationBook_Air_Force_PB_2015.xml","16648ff2f063095212525067f95f94d1ab1e5d0f22d30259c24225f3f227ab5f","0-52cae452dec2f140d8010a58bae7b9130a7f331501919664b6b1ee89de3aad33","","","2","","2-6e226ba6ac03f425cc9364fff85724b49243c94e521d7a7cff2f23ec033c6e46","root.record.ItemExhibitList.P5Item.CostElementCategoryList.Vehicles.Recurring.CostElementList.CostElement"
"2011","AFLCMC Wright Patterson AFB","2013-03","2013-11","2","107.900","true","2010-03","SS","FPIF","Air Force","","2","","2015-BASE_PROCUREMENT-2015-AIRFORCE_AIRCRAFT_VOL2-PROCUREMENT_MasterJustificationBook_Air_Force_PB_2015.zzz_unzipped-PROCUREMENT_MasterJustificationBook_Air_Force_PB_2015.xml","16648ff2f063095212525067f95f94d1ab1e5d0f22d30259c24225f3f227ab5f","1-1b9c2b4d92b47fbaeab89ac25f599bf3289243962163589b31b3be16d5221bcc","","","2","","2-6e226ba6ac03f425cc9364fff85724b49243c94e521d7a7cff2f23ec033c6e46","root.record.ItemExhibitList.P5Item.CostElementCategoryList.Vehicles.Recurring.CostElementList.CostElement"
"2012","AFLCMC Wright Patterson AFB","2014-07","2017-01","3","118.700","true","2013-08","SS","FFP","Air Force","","3","","2015-BASE_PROCUREMENT-2015-AIRFORCE_AIRCRAFT_VOL2-PROCUREMENT_MasterJustificationBook_Air_Force_PB_2015.zzz_unzipped-PROCUREMENT_MasterJustificationBook_Air_Force_PB_2015.xml","16648ff2f063095212525067f95f94d1ab1e5d0f22d30259c24225f3f227ab5f","2-bd225b494ca98e43e3b12d04caa8ad8b54a555fb214f7965a31440843bbc4ea0","","","3","","2-6e226ba6ac03f425cc9364fff85724b49243c94e521d7a7cff2f23ec033c6e46","root.record.ItemExhibitList.P5Item.CostElementCategoryList.Vehicles.Recurring.CostElementList.CostElement"
"2010","AFLCMC Wright Patterson AFB","2011-01","2013-02","2","65.800","true","2009-06","SS","FPIF","Air Force","","2","","2015-BASE_PROCUREMENT-2015-AIRFORCE_AIRCRAFT_VOL2-PROCUREMENT_MasterJustificationBook_Air_Force_PB_2015.zzz_unzipped-PROCUREMENT_MasterJustificationBook_Air_Force_PB_2015.xml","16648ff2f063095212525067f95f94d1ab1e5d0f22d30259c24225f3f227ab5f","0-c5fb09868d7c0e58c2cf834835427ed8d4a6108f8f77e80e1f8cba034c17f7eb","","","2","","3-42d228c70cb8a3afc6be62497c25312f5db3001603eb9090ee665a4e55e32465","root.record.ItemExhibitList.P5Item.CostElementCategoryList.Vehicles.Recurring.CostElementList.CostElement"
"2011","AFLCMC Wright Patterson AFB","2013-03","2014-04","2","86.500","true","2010-03","SS","FPIF","Air Force","","2","","2015-BASE_PROCUREMENT-2015-AIRFORCE_AIRCRAFT_VOL2-PROCUREMENT_MasterJustificationBook_Air_Force_PB_2015.zzz_unzipped-PROCUREMENT_MasterJustificationBook_Air_Force_PB_2015.xml","16648ff2f063095212525067f95f94d1ab1e5d0f22d30259c24225f3f227ab5f","1-9461569163a76225fb126abacd580f0bb988b72cef9b00fb5f89507a19ba067b","","","2","","3-42d228c70cb8a3afc6be62497c25312f5db3001603eb9090ee665a4e55e32465","root.record.ItemExhibitList.P5Item.CostElementCategoryList.Vehicles.Recurring.CostElementList.CostElement"
"2013","DTRA","2014-05","2014-06","1.000","0.046","false","","","","","","","","","2015-BASE_PROCUREMENT-2015-DEFENSE_DTRA-PROCUREMENT_JustificationBook_Defense_Threat_Reduction_Agency_PB_2015.zzz_unzipped-PROCUREMENT_JustificationBook_Defense_Threat_Reduction_Agency_PB_2015.xml","e81d045cb6665780c45562863b98515cc5b88427215d979d0d18208155a82d3e","0-6c5964f038629b50140cc3e8f8ab565715e2edda7a709dcaccb19afbedb525e0","PO","","","","","8-8ac271d542dbb5a9ffb510c16cf7dafdbf5a33f304f259f3e843688901b27fb2","root.record.ItemExhibitList.P5Item.CostElementCategoryList.Vehicles.Recurring.CostElementList.CostElement"
"2014","DTRA","2014-03","2014-04","2.000","0.050","false","","","","","","","","","2015-BASE_PROCUREMENT-2015-DEFENSE_DTRA-PROCUREMENT_JustificationBook_Defense_Threat_Reduction_Agency_PB_2015.zzz_unzipped-PROCUREMENT_JustificationBook_Defense_Threat_Reduction_Agency_PB_2015.xml","e81d045cb6665780c45562863b98515cc5b88427215d979d0d18208155a82d3e","1-d7815ae6e3f1cece30e22a272c7462ba683ee9c7199139c68d27e48e18c3d18a","PO","","","","","8-8ac271d542dbb5a9ffb510c16cf7dafdbf5a33f304f259f3e843688901b27fb2","root.record.ItemExhibitList.P5Item.CostElementCategoryList.Vehicles.Recurring.CostElementList.CostElement"
"2015","DTRA","2015-03","2015-04","1.000","0.050","false","","","","","","","","","2015-BASE_PROCUREMENT-2015-DEFENSE_DTRA-PROCUREMENT_JustificationBook_Defense_Threat_Reduction_Agency_PB_2015.zzz_unzipped-PROCUREMENT_JustificationBook_Defense_Threat_Reduction_Agency_PB_2015.xml","e81d045cb6665780c45562863b98515cc5b88427215d979d0d18208155a82d3e","2-066b73eaa58db1db28342663517a491d7eaa18602770647ada7c4e2fc94811a3","PO","","","","","8-8ac271d542dbb5a9ffb510c16cf7dafdbf5a33f304f259f3e843688901b27fb2","root.record.ItemExhibitList.P5Item.CostElementCategoryList.Vehicles.Recurring.CostElementList.CostElement"
"2013","DTRA","2014-05","2014-06","1.000","0.046","false","","","","","","","","","2015-BASE_PROCUREMENT-2015-DEFENSE_DTRA-PROCUREMENT_MasterJustificationBook_Defense_Threat_Reduction_Agency_PB_2015.zzz_unzipped-PROCUREMENT_MasterJustificationBook_Defense_Threat_Reduction_Agency_PB_2015.xml","e245f26dacf3abda8e492a2a3c282fae95da9637f04bb57bd8218a2ae3a38edd","0-c21c56e3e5ad58077faeb4bf4d4a1e6cf608d67d82b1d78124406fecffc781fc","PO","","","","","8-dd2d2107af73670d3c9c0c7c8576b84d24da255a86455ce7758ef4e9649d7bc9","root.record.ItemExhibitList.P5Item.CostElementCategoryList.Vehicles.Recurring.CostElementList.CostElement"
"2014","DTRA","2014-03","2014-04","2.000","0.050","false","","","","","","","","","2015-BASE_PROCUREMENT-2015-DEFENSE_DTRA-PROCUREMENT_MasterJustificationBook_Defense_Threat_Reduction_Agency_PB_2015.zzz_unzipped-PROCUREMENT_MasterJustificationBook_Defense_Threat_Reduction_Agency_PB_2015.xml","e245f26dacf3abda8e492a2a3c282fae95da9637f04bb57bd8218a2ae3a38edd","1-7df1408af438b9c2717c9a96ff654a60c5bd64fd085033019a88a637e6d472c0","PO","","","","","8-dd2d2107af73670d3c9c0c7c8576b84d24da255a86455ce7758ef4e9649d7bc9","root.record.ItemExhibitList.P5Item.CostElementCategoryList.Vehicles.Recurring.CostElementList.CostElement"
"2015","DTRA","2015-03","2015-04","1.000","0.050","false","","","","","","","","","2015-BASE_PROCUREMENT-2015-DEFENSE_DTRA-PROCUREMENT_MasterJustificationBook_Defense_Threat_Reduction_Agency_PB_2015.zzz_unzipped-PROCUREMENT_MasterJustificationBook_Defense_Threat_Reduction_Agency_PB_2015.xml","e245f26dacf3abda8e492a2a3c282fae95da9637f04bb57bd8218a2ae3a38edd","2-a53eb32d326158a7e96e9ced7d2d9082f841b98a1ca4406fb1479b53d2fcc3a0","PO","","","","","8-dd2d2107af73670d3c9c0c7c8576b84d24da255a86455ce7758ef4e9649d7bc9","root.record.ItemExhibitList.P5Item.CostElementCategoryList.Vehicles.Recurring.CostElementList.CostElement"
"2013","DTRA","2014-05","2014-06","1.000","0.046","false","","","","","","","","","2015-BASE_PROCUREMENT-2015-DEFENSE_VOL1-PROCUREMENT_MasterJustificationBook_Defense-Wide_PB_2015.zzz_unzipped-PROCUREMENT_MasterJustificationBook_Defense-Wide_PB_2015.xml","ae347f3ab5abd8665f0015d559831ca237cf3fa64844baddd7e172a192375f40","0-986e8625ae10a38bfda86b0b6142a94d9591e5c900a6cae146c3224315f712f7","PO","","","","","8-97c7ed4637940d0518d672dc202a1f254647dc26e0350b66b06432f42c5dfcff","root.record.ItemExhibitList.P5Item.CostElementCategoryList.Vehicles.Recurring.CostElementList.CostElement"
"2014","DTRA","2014-03","2014-04","2.000","0.050","false","","","","","","","","","2015-BASE_PROCUREMENT-2015-DEFENSE_VOL1-PROCUREMENT_MasterJustificationBook_Defense-Wide_PB_2015.zzz_unzipped-PROCUREMENT_MasterJustificationBook_Defense-Wide_PB_2015.xml","ae347f3ab5abd8665f0015d559831ca237cf3fa64844baddd7e172a192375f40","1-166b2545e2d2f15fe07b8fc7061206cf8575252d25c4630f24e9bf5e252f519a","PO","","","","","8-97c7ed4637940d0518d672dc202a1f254647dc26e0350b66b06432f42c5dfcff","root.record.ItemExhibitList.P5Item.CostElementCategoryList.Vehicles.Recurring.CostElementList.CostElement"
"2015","DTRA","2015-03","2015-04","1.000","0.050","false","","","","","","","","","2015-BASE_PROCUREMENT-2015-DEFENSE_VOL1-PROCUREMENT_MasterJustificationBook_Defense-Wide_PB_2015.zzz_unzipped-PROCUREMENT_MasterJustificationBook_Defense-Wide_PB_2015.xml","ae347f3ab5abd8665f0015d559831ca237cf3fa64844baddd7e172a192375f40","2-4f0aba8b5b21ca13886e3642ab9f1d9a2bd876dd4fe4307f40f7dd413e712890","PO","","","","","8-97c7ed4637940d0518d672dc202a1f254647dc26e0350b66b06432f42c5dfcff","root.record.ItemExhibitList.P5Item.CostElementCategoryList.Vehicles.Recurring.CostElementList.CostElement"
"2016","AFLCMC Wright Patterson AFB","2016-06","2017-04","1","8.000","true","","SS","FPIF","Air Force","","1","","2016-BASE_PROCUREMENT-2016-AIRFORCE_AIRCRAFT_VOL1-PROCUREMENT_JustificationBook_Air_Force_PB_2016.zzz_unzipped-PROCUREMENT_JustificationBook_Air_Force_PB_2016.xml","6feb0208aa26d6550229bdf370d3886d34e07818e615e22e029c46fb827c9409","0-81185c8eb220ec81a253eecf9dda9e77261843e9e2f5f7b9b739741b901b5edf","","","1","","0-c5e3ab15e1e2fd95561057c52be691b297880d729c25b83116e96f331ec9effe","root.record.ItemExhibitList.P5Item.CostElementCategoryList.Vehicles.Recurring.CostElementList.CostElement"
"2017","AFLCMC Wright Patterson AFB","2017-06","2018-04","1","8.000","true","","SS","FPIF","Air Force","","1","","2016-BASE_PROCUREMENT-2016-AIRFORCE_AIRCRAFT_VOL1-PROCUREMENT_JustificationBook_Air_Force_PB_2016.zzz_unzipped-PROCUREMENT_JustificationBook_Air_Force_PB_2016.xml","6feb0208aa26d6550229bdf370d3886d34e07818e615e22e029c46fb827c9409","1-76d5805e690a307674f43438f0b43ab1c28a103ec332b7e316385bd96efb0655","","","1","","0-c5e3ab15e1e2fd95561057c52be691b297880d729c25b83116e96f331ec9effe","root.record.ItemExhibitList.P5Item.CostElementCategoryList.Vehicles.Recurring.CostElementList.CostElement"
"2012","AFLCMC Wright Patterson AFB","2014-08","2017-01","3","118.700","true","2013-08","SS","FFP","Air Force","","3","","2016-BASE_PROCUREMENT-2016-AIRFORCE_AIRCRAFT_VOL1-PROCUREMENT_JustificationBook_Air_Force_PB_2016.zzz_unzipped-PROCUREMENT_JustificationBook_Air_Force_PB_2016.xml","6feb0208aa26d6550229bdf370d3886d34e07818e615e22e029c46fb827c9409","0-791576900fede93ece2dde8efd08b3ebfc298e8e0cdc2a789a530eadb7677188","","","3","","2-13090bd9e7ee19cd9e6cdfe6f0b400f3f7ee4692e1853dde4b2344b2189a6582","root.record.ItemExhibitList.P5Item.CostElementCategoryList.Vehicles.Recurring.CostElementList.CostElement"
"2016","AFLCMC Wright Patterson AFB","2016-06","2017-04","1","8.000","true","","SS","FPIF","Air Force","","1","","2016-BASE_PROCUREMENT-2016-AIRFORCE_AIRCRAFT_VOL2-PROCUREMENT_MasterJustificationBook_Air_Force_PB_2016.zzz_unzipped-PROCUREMENT_MasterJustificationBook_Air_Force_PB_2016.xml","0bd719ef621e4942ddcec6c35d76388658f5b2fe25e160e294e9186a3aa77111","0-bbf2008d5fa3e84355efcbc12a3f52a867fcf7fde9e2c84c8748f0f61e93faaf","","","1","","0-5d1d9e39637aa0498d713463e5fb6a6d12ebd97a788c21a1bda50eb6631959f0","root.record.ItemExhibitList.P5Item.CostElementCategoryList.Vehicles.Recurring.CostElementList.CostElement"
"2017","AFLCMC Wright Patterson AFB","2017-06","2018-04","1","8.000","true","","SS","FPIF","Air Force","","1","","2016-BASE_PROCUREMENT-2016-AIRFORCE_AIRCRAFT_VOL2-PROCUREMENT_MasterJustificationBook_Air_Force_PB_2016.zzz_unzipped-PROCUREMENT_MasterJustificationBook_Air_Force_PB_2016.xml","0bd719ef621e4942ddcec6c35d76388658f5b2fe25e160e294e9186a3aa77111","1-cfe64c0c98a77908c145fa2a5aa5ebb4c6a489a8e7de96b907fc6c631eb39c4b","","","1","","0-5d1d9e39637aa0498d713463e5fb6a6d12ebd97a788c21a1bda50eb6631959f0","root.record.ItemExhibitList.P5Item.CostElementCategoryList.Vehicles.Recurring.CostElementList.CostElement"
"2012","AFLCMC Wright Patterson AFB","2014-08","2017-01","3","118.700","true","2013-08","SS","FFP","Air Force","","3","","2016-BASE_PROCUREMENT-2016-AIRFORCE_AIRCRAFT_VOL2-PROCUREMENT_MasterJustificationBook_Air_Force_PB_2016.zzz_unzipped-PROCUREMENT_MasterJustificationBook_Air_Force_PB_2016.xml","0bd719ef621e4942ddcec6c35d76388658f5b2fe25e160e294e9186a3aa77111","0-891dee7c812f3ef3843019d17890031fb8d1d7912b935f6c989bd056d2068f6f","","","3","","2-6b9095c84da4fc03169ddb313561e8b78ed553694b7d343f98d21b5cee7ec629","root.record.ItemExhibitList.P5Item.CostElementCategoryList.Vehicles.Recurring.CostElementList.CostElement"
"2014","DTRA","2014-05","2014-06","2.000","0.050","true","","","","","","","","","2016-BASE_PROCUREMENT-2016-DEFENSE_DTRA-PROCUREMENT_JustificationBook_Defense_Threat_Reduction_Agency_PB_2016.zzz_unzipped-PROCUREMENT_JustificationBook_Defense_Threat_Reduction_Agency_PB_2016.xml","d01d5f144c6060094f27d3bac0e12460b4656338db81041b8ca1051538f51ab3","0-25e65aa15f78e33413cd71cab420823f517a022c87a6a36303ad195313053f69","PO","","","","","3-56d503c9ed798ec01de2404ac73bdc4d120121615921643510359353a1670495","root.record.ItemExhibitList.P5Item.CostElementCategoryList.Vehicles.Recurring.CostElementList.CostElement"
"2015","DTRA","2015-03","2015-04","1.000","0.050","false","","","","","","","","","2016-BASE_PROCUREMENT-2016-DEFENSE_DTRA-PROCUREMENT_JustificationBook_Defense_Threat_Reduction_Agency_PB_2016.zzz_unzipped-PROCUREMENT_JustificationBook_Defense_Threat_Reduction_Agency_PB_2016.xml","d01d5f144c6060094f27d3bac0e12460b4656338db81041b8ca1051538f51ab3","0-234a8f88b908e2a1838be46fa5e69ec549bc1f875d47b844bfc0815a07494cd6","PO","","","","","8-5ee28fe377d707c3890f51346f123a4f5d46c6974895560a69192dd2bbc48703","root.record.ItemExhibitList.P5Item.CostElementCategoryList.Vehicles.Recurring.CostElementList.CostElement"
"2016","DTRA","2016-03","2016-04","2.000","0.050","false","","","","","","","","","2016-BASE_PROCUREMENT-2016-DEFENSE_DTRA-PROCUREMENT_JustificationBook_Defense_Threat_Reduction_Agency_PB_2016.zzz_unzipped-PROCUREMENT_JustificationBook_Defense_Threat_Reduction_Agency_PB_2016.xml","d01d5f144c6060094f27d3bac0e12460b4656338db81041b8ca1051538f51ab3","1-122e87b719831d857a43a526d62744dddeb92a6cf27a470f15a31e00ed1ffcfb","PO","","","","","8-5ee28fe377d707c3890f51346f123a4f5d46c6974895560a69192dd2bbc48703","root.record.ItemExhibitList.P5Item.CostElementCategoryList.Vehicles.Recurring.CostElementList.CostElement"
"2014","DTRA","2014-05","2014-06","2.000","0.050","true","","","","","","","","","2016-BASE_PROCUREMENT-2016-DEFENSE_DTRA-PROCUREMENT_MasterJustificationBook_Defense_Threat_Reduction_Agency_PB_2016.zzz_unzipped-PROCUREMENT_MasterJustificationBook_Defense_Threat_Reduction_Agency_PB_2016.xml","a7fd5ccf120cd85414aac295662842f4a1520e3e144b3aa1477d86e62536ba58","0-02851a65e6d51c25312e6115c1b8ce77b44908fc8b3f04fd954e1bc5bab3f033","PO","","","","","3-1cd56c9b66cf300dc1db8006c6132ff42e7ee0e73265a67db6b746e5306c22f5","root.record.ItemExhibitList.P5Item.CostElementCategoryList.Vehicles.Recurring.CostElementList.CostElement"
"2015","DTRA","2015-03","2015-04","1.000","0.050","false","","","","","","","","","2016-BASE_PROCUREMENT-2016-DEFENSE_DTRA-PROCUREMENT_MasterJustificationBook_Defense_Threat_Reduction_Agency_PB_2016.zzz_unzipped-PROCUREMENT_MasterJustificationBook_Defense_Threat_Reduction_Agency_PB_2016.xml","a7fd5ccf120cd85414aac295662842f4a1520e3e144b3aa1477d86e62536ba58","0-0d4332f835ee78a0cf66b32714375ddd7a060c1ee85b225dbba60c9df13815f7","PO","","","","","8-f9be43362ed4f4111e2e1f9c6d105c87a530f35c03875770e40beb14c51a8f19","root.record.ItemExhibitList.P5Item.CostElementCategoryList.Vehicles.Recurring.CostElementList.CostElement"
"2016","DTRA","2016-03","2016-04","2.000","0.050","false","","","","","","","","","2016-BASE_PROCUREMENT-2016-DEFENSE_DTRA-PROCUREMENT_MasterJustificationBook_Defense_Threat_Reduction_Agency_PB_2016.zzz_unzipped-PROCUREMENT_MasterJustificationBook_Defense_Threat_Reduction_Agency_PB_2016.xml","a7fd5ccf120cd85414aac295662842f4a1520e3e144b3aa1477d86e62536ba58","1-72f701a2327b4364e10553f52bdbc68e7304491536ee102d3dbb8241c5d966ae","PO","","","","","8-f9be43362ed4f4111e2e1f9c6d105c87a530f35c03875770e40beb14c51a8f19","root.record.ItemExhibitList.P5Item.CostElementCategoryList.Vehicles.Recurring.CostElementList.CostElement"
"2014","DTRA","2014-05","2014-06","2.000","0.050","true","","","","","","","","","2016-BASE_PROCUREMENT-2016-DEFENSE_VOL1_ALL-PROCUREMENT_MasterJustificationBook_Defense-Wide_PB_2016.zzz_unzipped-PROCUREMENT_MasterJustificationBook_Defense-Wide_PB_2016.xml","4bf38c5be4b25d9014c9222d7de1781e92d901605a4d8452b09f95cfc3df9e1b","0-e4bd35c9687c73c0bea4353ac1798d6db676fae109459fc5a7c057aa658490bd","PO","","","","","3-ae0d428885d4048de4c5457ecf8729564d53eac8ac1c838edf830ecdc74ee6b0","root.record.ItemExhibitList.P5Item.CostElementCategoryList.Vehicles.Recurring.CostElementList.CostElement"
"2015","DTRA","2015-03","2015-04","1.000","0.050","false","","","","","","","","","2016-BASE_PROCUREMENT-2016-DEFENSE_VOL1_ALL-PROCUREMENT_MasterJustificationBook_Defense-Wide_PB_2016.zzz_unzipped-PROCUREMENT_MasterJustificationBook_Defense-Wide_PB_2016.xml","4bf38c5be4b25d9014c9222d7de1781e92d901605a4d8452b09f95cfc3df9e1b","0-30fe8c72e9047a683e933c324a08098b5ee6dbae64fc698a615e92c12b0fed0f","PO","","","","","8-7cb5226d14bfc01cc99aade7cc7982681ef92accec30bb5120409016030e98ee","root.record.ItemExhibitList.P5Item.CostElementCategoryList.Vehicles.Recurring.CostElementList.CostElement"
"2016","DTRA","2016-03","2016-04","2.000","0.050","false","","","","","","","","","2016-BASE_PROCUREMENT-2016-DEFENSE_VOL1_ALL-PROCUREMENT_MasterJustificationBook_Defense-Wide_PB_2016.zzz_unzipped-PROCUREMENT_MasterJustificationBook_Defense-Wide_PB_2016.xml","4bf38c5be4b25d9014c9222d7de1781e92d901605a4d8452b09f95cfc3df9e1b","1-3b6947450d821c46c6ed5a9b0e1a492e7334a6c540c429fec4d953df73a13245","PO","","","","","8-7cb5226d14bfc01cc99aade7cc7982681ef92accec30bb5120409016030e98ee","root.record.ItemExhibitList.P5Item.CostElementCategoryList.Vehicles.Recurring.CostElementList.CostElement"
"2016","AFLCMC/WI - ISR & SOF","2016-06","2017-04","1","8.000","true","","SS","FPIF","Air Force","","1","","2017-BASE_PROCUREMENT-2017-AIRFORCE_AIRCRAFT_VOL1-U_PROCUREMENT_JustificationBook_Air_Force_PB_2017.zzz_unzipped-U_PROCUREMENT_JustificationBook_Air_Force_PB_2017.xml","81dc98969cc058d3b6f1ff5aa54a0e25b6c25eea9f72e3b6dfd8300acd9e0625","0-73c634fbedf34cfe883158d30c2a379c7ffc94c4b326fc99d5d51d6bdaf23d33","","","1","","0-6fbf37e1968f91f32ad4f55034128659aac3b57d7e721c959612b239e203d6f7","root.record.ItemExhibitList.P5Item.CostElementCategoryList.Vehicles.Recurring.CostElementList.CostElement"
"2012","AFLCMC Wright Patterson AFB","2014-08","2017-01","3","118.700","true","2013-08","SS","FFP","Air Force","","3","","2017-BASE_PROCUREMENT-2017-AIRFORCE_AIRCRAFT_VOL1-U_PROCUREMENT_JustificationBook_Air_Force_PB_2017.zzz_unzipped-U_PROCUREMENT_JustificationBook_Air_Force_PB_2017.xml","81dc98969cc058d3b6f1ff5aa54a0e25b6c25eea9f72e3b6dfd8300acd9e0625","0-43253bce8fad90f8d458a35a6c351003de8b47b703bd6233b8ba9324f50d53d9","","","3","","2-db61b223137ec6185875c1586e8792d6752a624410f8c2587ea0e2dd1e380ab1","root.record.ItemExhibitList.P5Item.CostElementCategoryList.Vehicles.Recurring.CostElementList.CostElement"
"2016","AFLCMC/WI - ISR & SOF","2016-06","2017-04","1","8.000","true","","SS","FPIF","Air Force","","1","","2017-BASE_PROCUREMENT-2017-AIRFORCE_AIRCRAFT_VOL1-U_PROCUREMENT_MasterJustificationBook_Air_Force_PB_2017.zzz_unzipped-U_PROCUREMENT_MasterJustificationBook_Air_Force_PB_2017.xml","669eef17e400acbfbeb5c5d1ae58cdd3f6dc4a1cc89036c8af26096e7fe8e9ba","0-00070b652f9c4de35105a7667f6ce7c811071a708e704a8baf7ec7ab0cda12cd","","","1","","0-ccdc2ee3373be53c0b49b8581142d19cb6e04b15df21ecd22d43b7b7188bff10","root.record.ItemExhibitList.P5Item.CostElementCategoryList.Vehicles.Recurring.CostElementList.CostElement"
"2012","AFLCMC Wright Patterson AFB","2014-08","2017-01","3","118.700","true","2013-08","SS","FFP","Air Force","","3","","2017-BASE_PROCUREMENT-2017-AIRFORCE_AIRCRAFT_VOL1-U_PROCUREMENT_MasterJustificationBook_Air_Force_PB_2017.zzz_unzipped-U_PROCUREMENT_MasterJustificationBook_Air_Force_PB_2017.xml","669eef17e400acbfbeb5c5d1ae58cdd3f6dc4a1cc89036c8af26096e7fe8e9ba","0-c0e65aee49d91758593cc33086306a60dd4e567e232db66f47a741a1498bd5ad","","","3","","2-70209dc504440dda264c6c05cc28bed8867d6d1d2f6d66ddd6804c45420463cf","root.record.ItemExhibitList.P5Item.CostElementCategoryList.Vehicles.Recurring.CostElementList.CostElement"
"2016","AFLCMC/WI - ISR & SOF","2016-06","2017-04","1","8.000","true","","SS","FPIF","Air Force","","1","","2017-BASE_PROCUREMENT-2017-AIRFORCE_AIRCRAFT_VOL2-U_PROCUREMENT_MasterJustificationBook_Air_Force_PB_2017.zzz_unzipped-U_PROCUREMENT_MasterJustificationBook_Air_Force_PB_2017.xml","9605ed7828ffd68e4eba9c314ca91e834dff51a5ab9e44c5de1713497796ec59","0-d0c3085ea6aa957492a191418d4294c694a2361e2a90c2199f230c0dabf03a92","","","1","","0-142cd183c44f2801e228f4fbd5269ab3b5879502d939934a70600b36b6c590cb","root.record.ItemExhibitList.P5Item.CostElementCategoryList.Vehicles.Recurring.CostElementList.CostElement"
"2012","AFLCMC Wright Patterson AFB","2014-08","2017-01","3","118.700","true","2013-08","SS","FFP","Air Force","","3","","2017-BASE_PROCUREMENT-2017-AIRFORCE_AIRCRAFT_VOL2-U_PROCUREMENT_MasterJustificationBook_Air_Force_PB_2017.zzz_unzipped-U_PROCUREMENT_MasterJustificationBook_Air_Force_PB_2017.xml","9605ed7828ffd68e4eba9c314ca91e834dff51a5ab9e44c5de1713497796ec59","0-61c06642de5c5c1c65f99a0ec881d1cce491c43d4445881640c4f3ffab18deea","","","3","","2-8c5b10248d92ca7af39a4567521109d029eb5743421101a4f06cd57e35b28189","root.record.ItemExhibitList.P5Item.CostElementCategoryList.Vehicles.Recurring.CostElementList.CostElement"
"2017","AFLCMC/WI - ISR & SOF","2017-08","2022-12","1","101.791","true","2017-05","SS","CPFF","Air Force","","1","","2019-BASE_PROCUREMENT-2019-AIRFORCE_AIRCRAFT_VOL1-U_PROCUREMENT_JustificationBook_Air_Force_PB_2019.zzz_unzipped-U_PROCUREMENT_JustificationBook_Air_Force_PB_2019.xml","a591dcdfcf7a402c2264871052dd9286c3cb51812bc0b67f14b07c1cd8109fd7","0-4c3d366942a3ccf919404b1a95e5e0a891654cd0d26f16d99ee8bbf2e63ae43c","","","1","2017-08","0-9d70cc2e18270a0f71e8639acae9a7882ef410f4b691a8638a73f7cd84065ae4","root.record.ItemExhibitList.P5Item.CostElementCategoryList.Vehicles.Recurring.CostElementList.CostElement"
"2019","AFLCMC/WI - ISR & SOF","2018-11","2023-02","1","108.113","true","2018-04","SS","CPFF","Air Force","","1","","2019-BASE_PROCUREMENT-2019-AIRFORCE_AIRCRAFT_VOL1-U_PROCUREMENT_JustificationBook_Air_Force_PB_2019.zzz_unzipped-U_PROCUREMENT_JustificationBook_Air_Force_PB_2019.xml","a591dcdfcf7a402c2264871052dd9286c3cb51812bc0b67f14b07c1cd8109fd7","1-9f1fe2bf9cc708d89f2d77dc8bb7cf62983ab16aecff7b5f0f61491873e81e49","","","1","2018-10","0-9d70cc2e18270a0f71e8639acae9a7882ef410f4b691a8638a73f7cd84065ae4","root.record.ItemExhibitList.P5Item.CostElementCategoryList.Vehicles.Recurring.CostElementList.CostElement"
"2012","AFLCMC Wright Patterson AFB","2014-08","2017-11","3","118.700","true","2013-08","SS","FFP","Air Force","","3","","2019-BASE_PROCUREMENT-2019-AIRFORCE_AIRCRAFT_VOL1-U_PROCUREMENT_JustificationBook_Air_Force_PB_2019.zzz_unzipped-U_PROCUREMENT_JustificationBook_Air_Force_PB_2019.xml","a7bee76edab57bb6622e96039d6c914aab1dbb0736a4caefd4111b976889fd0e","0-c9875f85e4d7494030c5fd96f80b01947a839cb49450433cfd22abde396d0a37","","","3","","2-26a76fd37c402ace2a8584fdb44aea5aee73b130f490657cb2cfbae7cf92385f","root.record.ItemExhibitList.P5Item.CostElementCategoryList.Vehicles.Recurring.CostElementList.CostElement"
"2017","AFLCMC/WI - ISR & SOF","2017-08","2022-12","1","101.791","true","2017-05","SS","CPFF","Air Force","","1","","2019-BASE_PROCUREMENT-2019-AIRFORCE_AIRCRAFT_VOL2-U_PROCUREMENT_MasterJustificationBook_Air_Force_PB_2019.zzz_unzipped-U_PROCUREMENT_MasterJustificationBook_Air_Force_PB_2019.xml","05f36df23affdc21dfc3cefcdfa407fdb3e501809d6c1d183092bc441677ebd0","0-04bb36eff617ee71e20e602add20f27d20111276e67a7b3d9623622ec6ec5f14","","","1","2017-08","0-0704b15f8317d683baab240ea3af625096831c7e6c5c505d3925c745ae8a398e","root.record.ItemExhibitList.P5Item.CostElementCategoryList.Vehicles.Recurring.CostElementList.CostElement"
"2019","AFLCMC/WI - ISR & SOF","2018-11","2023-02","1","108.113","true","2018-04","SS","CPFF","Air Force","","1","","2019-BASE_PROCUREMENT-2019-AIRFORCE_AIRCRAFT_VOL2-U_PROCUREMENT_MasterJustificationBook_Air_Force_PB_2019.zzz_unzipped-U_PROCUREMENT_MasterJustificationBook_Air_Force_PB_2019.xml","05f36df23affdc21dfc3cefcdfa407fdb3e501809d6c1d183092bc441677ebd0","1-cf4b88f2d1cb7a38dd304560c66e3b08bd532d34c2d8ae0efe8559e70fc513d9","","","1","2018-10","0-0704b15f8317d683baab240ea3af625096831c7e6c5c505d3925c745ae8a398e","root.record.ItemExhibitList.P5Item.CostElementCategoryList.Vehicles.Recurring.CostElementList.CostElement"
"2012","AFLCMC Wright Patterson AFB","2014-08","2017-11","3","118.700","true","2013-08","SS","FFP","Air Force","","3","","2019-BASE_PROCUREMENT-2019-AIRFORCE_AIRCRAFT_VOL2-U_PROCUREMENT_MasterJustificationBook_Air_Force_PB_2019.zzz_unzipped-U_PROCUREMENT_MasterJustificationBook_Air_Force_PB_2019.xml","abc4db74ab1f4ce6330e7152230a4802f710f076f9c17d8863ed18455613b877","0-06a1be12467286bbb31c59aa4e5b97f0539cc905399abdfdb8501aa4780e2859","","","3","","2-b5f617395542ee0f99a8c0cf529c5e59854a62cea99a468dbd71edc86e8ce974","root.record.ItemExhibitList.P5Item.CostElementCategoryList.Vehicles.Recurring.CostElementList.CostElement"
"2017","AFLCMC/WI - ISR & SOF","2017-08","2023-03","1","103.000","true","2017-05","SS","FFP","Air Force","","1","","2020-BASE_PROCUREMENT-2020-AIRFORCE_AIRCRAFT_VOL1-U_PROCUREMENT_JustificationBook_Air_Force_PB_2020.zzz_unzipped-U_PROCUREMENT_JustificationBook_Air_Force_PB_2020.xml","005ddeaa4ed6e661bbe977c64adc29c5146cef98ddfdfcf229a669eb9aae562d","0-a3a51cc8a7e8aaa4b48b61bedc582b6a2d048de9e6a6015cbd7fd5cfec292c53","","","1","","0-6697248913f9f34f3fd6b7ad7a4127d895be276f53191ac8a428ee2320b6cf18","root.record.ItemExhibitList.P5Item.CostElementCategoryList.Vehicles.Recurring.CostElementList.CostElement"
"2018","AFLCMC/WI - ISR & SOF","2018-06","2023-03","1","111.366","true","2018-06","SS","FFP","Air Force","","1","","2020-BASE_PROCUREMENT-2020-AIRFORCE_AIRCRAFT_VOL1-U_PROCUREMENT_JustificationBook_Air_Force_PB_2020.zzz_unzipped-U_PROCUREMENT_JustificationBook_Air_Force_PB_2020.xml","005ddeaa4ed6e661bbe977c64adc29c5146cef98ddfdfcf229a669eb9aae562d","1-95117f42478f24cb1fbb9268b8de3ba4239a1093609fdf33168be0fb911d91c5","","","1","","0-6697248913f9f34f3fd6b7ad7a4127d895be276f53191ac8a428ee2320b6cf18","root.record.ItemExhibitList.P5Item.CostElementCategoryList.Vehicles.Recurring.CostElementList.CostElement"
"2019","AFLCMC/WI - ISR & SOF","2019-03","2023-03","2","108.057","true","2018-08","SS","FFP","Air Force","","2","","2020-BASE_PROCUREMENT-2020-AIRFORCE_AIRCRAFT_VOL1-U_PROCUREMENT_JustificationBook_Air_Force_PB_2020.zzz_unzipped-U_PROCUREMENT_JustificationBook_Air_Force_PB_2020.xml","005ddeaa4ed6e661bbe977c64adc29c5146cef98ddfdfcf229a669eb9aae562d","2-2e87edb7c183a1274b29f74ad26de0e16003bd4329327e82010bc72f826b40a6","","","2","","0-6697248913f9f34f3fd6b7ad7a4127d895be276f53191ac8a428ee2320b6cf18","root.record.ItemExhibitList.P5Item.CostElementCategoryList.Vehicles.Recurring.CostElementList.CostElement"
"2020","AFLCMC/WI - ISR & SOF","2020-02","2023-03","1","114.095","true","2019-08","SS","FFP","Air Force","","1","","2020-BASE_PROCUREMENT-2020-AIRFORCE_AIRCRAFT_VOL1-U_PROCUREMENT_JustificationBook_Air_Force_PB_2020.zzz_unzipped-U_PROCUREMENT_JustificationBook_Air_Force_PB_2020.xml","005ddeaa4ed6e661bbe977c64adc29c5146cef98ddfdfcf229a669eb9aae562d","3-8c0e02545ebb1b395e4351698fabb59962f4c7df4848e4fae4063d14b239b619","","","1","","0-6697248913f9f34f3fd6b7ad7a4127d895be276f53191ac8a428ee2320b6cf18","root.record.ItemExhibitList.P5Item.CostElementCategoryList.Vehicles.Recurring.CostElementList.CostElement"
"2017","AFLCMC/WI - ISR & SOF","2017-08","2023-03","1","103.000","true","2017-05","SS","FFP","Air Force","","1","","2020-BASE_PROCUREMENT-2020-AIRFORCE_AIRCRAFT_VOL2-U_PROCUREMENT_MasterJustificationBook_Air_Force_PB_2020.zzz_unzipped-U_PROCUREMENT_MasterJustificationBook_Air_Force_PB_2020.xml","16d64327fa3f84aa8c929a4167374d7517b6cb0663b68f01ecb3d9f18a3b3e9b","0-2e91bb4230695a93c77702e89da0fb80441aee72260a4551e7842f9eb5c04755","","","1","","0-81e458114efad368193674225a4724dfaad9bc38f6756b849a547a3f34a8f2ec","root.record.ItemExhibitList.P5Item.CostElementCategoryList.Vehicles.Recurring.CostElementList.CostElement"
"2018","AFLCMC/WI - ISR & SOF","2018-06","2023-03","1","111.366","true","2018-06","SS","FFP","Air Force","","1","","2020-BASE_PROCUREMENT-2020-AIRFORCE_AIRCRAFT_VOL2-U_PROCUREMENT_MasterJustificationBook_Air_Force_PB_2020.zzz_unzipped-U_PROCUREMENT_MasterJustificationBook_Air_Force_PB_2020.xml","16d64327fa3f84aa8c929a4167374d7517b6cb0663b68f01ecb3d9f18a3b3e9b","1-0f70788d7ae553761c0cb9c0b7326d8f41289fbe33ae7e22d393beecf2e5ec7a","","","1","","0-81e458114efad368193674225a4724dfaad9bc38f6756b849a547a3f34a8f2ec","root.record.ItemExhibitList.P5Item.CostElementCategoryList.Vehicles.Recurring.CostElementList.CostElement"
"2019","AFLCMC/WI - ISR & SOF","2019-03","2023-03","2","108.057","true","2018-08","SS","FFP","Air Force","","2","","2020-BASE_PROCUREMENT-2020-AIRFORCE_AIRCRAFT_VOL2-U_PROCUREMENT_MasterJustificationBook_Air_Force_PB_2020.zzz_unzipped-U_PROCUREMENT_MasterJustificationBook_Air_Force_PB_2020.xml","16d64327fa3f84aa8c929a4167374d7517b6cb0663b68f01ecb3d9f18a3b3e9b","2-8c01b7b9fed8de581b4659e50bdf9a84501b0095a9c1dfc29690a212f87ef3b2","","","2","","0-81e458114efad368193674225a4724dfaad9bc38f6756b849a547a3f34a8f2ec","root.record.ItemExhibitList.P5Item.CostElementCategoryList.Vehicles.Recurring.CostElementList.CostElement"
"2020","AFLCMC/WI - ISR & SOF","2020-02","2023-03","1","114.095","true","2019-08","SS","FFP","Air Force","","1","","2020-BASE_PROCUREMENT-2020-AIRFORCE_AIRCRAFT_VOL2-U_PROCUREMENT_MasterJustificationBook_Air_Force_PB_2020.zzz_unzipped-U_PROCUREMENT_MasterJustificationBook_Air_Force_PB_2020.xml","16d64327fa3f84aa8c929a4167374d7517b6cb0663b68f01ecb3d9f18a3b3e9b","3-e1d1efb8302770b65cda6d2f4f819cde700ff3f009661a74e2243ac88cf3f04c","","","1","","0-81e458114efad368193674225a4724dfaad9bc38f6756b849a547a3f34a8f2ec","root.record.ItemExhibitList.P5Item.CostElementCategoryList.Vehicles.Recurring.CostElementList.CostElement"
