FiscalYear_val,PCOLocation_val,AwardDate_val,FirstDeliveryDate_val,Quantity_val,UnitCost_val,SpecsAvailableNow_val,RFPIssueDate_val,ContractMethod_val,ContractType_val,MonthlyDeliveryScheduleList_MonthlyDeliverySchedule_ServiceAgencyName_val,MonthlyDeliveryScheduleList_MonthlyDeliverySchedule_ServiceAgencyName_@footnote,MonthlyDeliveryScheduleList_MonthlyDeliverySchedule_ProcQuantity_val,MonthlyDeliveryScheduleList_MonthlyDeliverySchedule_AcceptedBeforeOct1_val,@SOURCE_FILENAME,@RECORDID,@ROWID,FundingVehicle_val,Remarks_val,MonthlyDeliveryScheduleTotal_ProcQuantity_val,RevisionsAvailableDate_val,@PARENTROWID,@PARENT
"2011","303 AESG/PK","2011-12","2014-03","2","103.702","true","2010-03","SS","FPIF","Air Force","","2","0","2013-BASE_PROCUREMENT-2013-AIRFORCE_AIRCRAFT_VOL1-JustificationBook_Air_Force_PB_2013.zzz_unzipped-JustificationBook_Air_Force_PB_2013.xml","b8fa5f8711ad2e5472ab82f8ae7a634c0ce171a77ff119a3b27bbb1b6f64f8eb","0-510ada7da3cebfcf048b86f7bb69b30270aafbebbfea6895467c49216fd1c2ea","","","","","2-4e6ad69ba6fa6ed0fc753072800905ac7f300dbed8dd248518e3e104d969a009","root.record.ItemExhibitList.P5Item.CostElementCategoryList.Vehicles.Recurring.CostElementList.CostElement"
"2012","303 AESG/PK","2012-12","2014-12","3","121.047","true","2012-01","SS","FPIF","Air Force","","3","0","2013-BASE_PROCUREMENT-2013-AIRFORCE_AIRCRAFT_VOL1-JustificationBook_Air_Force_PB_2013.zzz_unzipped-JustificationBook_Air_Force_PB_2013.xml","b8fa5f8711ad2e5472ab82f8ae7a634c0ce171a77ff119a3b27bbb1b6f64f8eb","1-3b4d00689fb61a3d82ee44ac02c94b32bfbb6bb9d2f9c63fbb1ef5ac0e93ad5a","","","","","2-4e6ad69ba6fa6ed0fc753072800905ac7f300dbed8dd248518e3e104d969a009","root.record.ItemExhibitList.P5Item.CostElementCategoryList.Vehicles.Recurring.CostElementList.CostElement"
"2011","303 AESG/PK","2011-12","2014-04","2","105.294","true","2010-03","SS","FPIF","Air Force","","2","0","2013-BASE_PROCUREMENT-2013-AIRFORCE_AIRCRAFT_VOL1-JustificationBook_Air_Force_PB_2013.zzz_unzipped-JustificationBook_Air_Force_PB_2013.xml","b8fa5f8711ad2e5472ab82f8ae7a634c0ce171a77ff119a3b27bbb1b6f64f8eb","0-51cb643ae08fb7e1373e15c973ab126c536673bcd9936dd0464aad242ba547ed","","","","","3-1bb09d1462e32aea576043ee811f57d59e8cbcc0cf908478c95a32dc401415af","root.record.ItemExhibitList.P5Item.CostElementCategoryList.Vehicles.Recurring.CostElementList.CostElement"
"2009","303 AESG/PK","2011-02","2011-05","2","21.821","true","2008-01","SS","FPIF","Air Force","","2","0","2013-BASE_PROCUREMENT-2013-AIRFORCE_AIRCRAFT_VOL1-JustificationBook_Air_Force_PB_2013.zzz_unzipped-JustificationBook_Air_Force_PB_2013.xml","b8fa5f8711ad2e5472ab82f8ae7a634c0ce171a77ff119a3b27bbb1b6f64f8eb","0-64955f2158059c507d3093834b786a86527541a029f6fdbe7f18be55c951f914","","","","","0-880e6b460506b0d4871326d779f142030ca306a175c44fb8237c2f95e186d959","root.record.ItemExhibitList.P5Item.CostElementCategoryList.Vehicles.Recurring.CostElementList.CostElement"
"2011","303 AESG/PK","2011-12","2014-03","2","103.702","true","2010-03","SS","FPIF","Air Force","","2","0","2013-BASE_PROCUREMENT-2013-AIRFORCE_AIRCRAFT_VOL2-MasterJustificationBook_Air_Force_PB_2013.zzz_unzipped-MasterJustificationBook_Air_Force_PB_2013.xml","1f4f127078b801cf69bd1d343ce10449d87168a46400edc6f8142cdafd8b4153","0-aff333d3e833bb3920f6f59e9d7ca133e8ca25520e9d55989d53b8cd2ef3c782","","","","","2-dc8b28391f21aa42b1e00f2ec67baab926aeaba6fdc0e2e35c42f9d32dfae1a7","root.record.ItemExhibitList.P5Item.CostElementCategoryList.Vehicles.Recurring.CostElementList.CostElement"
"2012","303 AESG/PK","2012-12","2014-12","3","121.047","true","2012-01","SS","FPIF","Air Force","","3","0","2013-BASE_PROCUREMENT-2013-AIRFORCE_AIRCRAFT_VOL2-MasterJustificationBook_Air_Force_PB_2013.zzz_unzipped-MasterJustificationBook_Air_Force_PB_2013.xml","1f4f127078b801cf69bd1d343ce10449d87168a46400edc6f8142cdafd8b4153","1-3f280b1770180f0e9ab2bd34670388168244344b62d070833c8bde2b0a420b24","","","","","2-dc8b28391f21aa42b1e00f2ec67baab926aeaba6fdc0e2e35c42f9d32dfae1a7","root.record.ItemExhibitList.P5Item.CostElementCategoryList.Vehicles.Recurring.CostElementList.CostElement"
"2011","303 AESG/PK","2011-12","2014-04","2","105.294","true","2010-03","SS","FPIF","Air Force","","2","0","2013-BASE_PROCUREMENT-2013-AIRFORCE_AIRCRAFT_VOL2-MasterJustificationBook_Air_Force_PB_2013.zzz_unzipped-MasterJustificationBook_Air_Force_PB_2013.xml","1f4f127078b801cf69bd1d343ce10449d87168a46400edc6f8142cdafd8b4153","0-28f217dc2b9424fb196fab8b53af56671903d126125cbce31499eba1fdbb2dbf","","","","","3-79f75e741d5d13cf3588967c7495978daab59ce2f8c8c94824173e6d3229f503","root.record.ItemExhibitList.P5Item.CostElementCategoryList.Vehicles.Recurring.CostElementList.CostElement"
"2009","303 AESG/PK","2011-02","2011-05","2","21.821","true","2008-01","SS","FPIF","Air Force","","2","0","2013-BASE_PROCUREMENT-2013-AIRFORCE_AIRCRAFT_VOL2-MasterJustificationBook_Air_Force_PB_2013.zzz_unzipped-MasterJustificationBook_Air_Force_PB_2013.xml","1f4f127078b801cf69bd1d343ce10449d87168a46400edc6f8142cdafd8b4153","0-0411e3fa2bbfa5a91e49efcd0330ada3c021c87b16d592ab0b0d6128fd2989a4","","","","","0-58d8aa41d32d001b774530c716e5c379ce093f0a4ef9a0932c5c5bfd40169753","root.record.ItemExhibitList.P5Item.CostElementCategoryList.Vehicles.Recurring.CostElementList.CostElement"
"2011","303 AESG/PK","2011-12","2014-03","2","103.702","true","2010-03","SS","FPIF","Air Force","","2","0","2013-BASE_PROCUREMENT-2013-AIRFORCE_AIRCRAFT_VOL1-MasterJustificationBook_Air_Force_PB_2013.zzz_unzipped-MasterJustificationBook_Air_Force_PB_2013.xml","a7c6bab01f0a3102b466c221b8193722f8b6637d9b29cc98c18c29fc94b0ad9b","0-4b95e24e714a9a36400e67050175896290a8675e4ecf552053efe0781cb3ff7b","","","","","2-dba083c5787741141d6b14c281db296b5bac4fc906d9deb76c71f285ee620725","root.record.ItemExhibitList.P5Item.CostElementCategoryList.Vehicles.Recurring.CostElementList.CostElement"
"2012","303 AESG/PK","2012-12","2014-12","3","121.047","true","2012-01","SS","FPIF","Air Force","","3","0","2013-BASE_PROCUREMENT-2013-AIRFORCE_AIRCRAFT_VOL1-MasterJustificationBook_Air_Force_PB_2013.zzz_unzipped-MasterJustificationBook_Air_Force_PB_2013.xml","a7c6bab01f0a3102b466c221b8193722f8b6637d9b29cc98c18c29fc94b0ad9b","1-1654d46a19162b59fe33beed51cc32fb3c3952f0a7bd0d8cf58d87da2131a564","","","","","2-dba083c5787741141d6b14c281db296b5bac4fc906d9deb76c71f285ee620725","root.record.ItemExhibitList.P5Item.CostElementCategoryList.Vehicles.Recurring.CostElementList.CostElement"
"2011","303 AESG/PK","2011-12","2014-04","2","105.294","true","2010-03","SS","FPIF","Air Force","","2","0","2013-BASE_PROCUREMENT-2013-AIRFORCE_AIRCRAFT_VOL1-MasterJustificationBook_Air_Force_PB_2013.zzz_unzipped-MasterJustificationBook_Air_Force_PB_2013.xml","a7c6bab01f0a3102b466c221b8193722f8b6637d9b29cc98c18c29fc94b0ad9b","0-c9d75f50fccce58055d743f7d66946aaa68da248eb2dfb015a3cc1445806e00b","","","","","3-88dc1ac5adb28e2c3fd843dd54a8f02a59312a11384333341c9e31b2358c8d3c","root.record.ItemExhibitList.P5Item.CostElementCategoryList.Vehicles.Recurring.CostElementList.CostElement"
"2009","303 AESG/PK","2011-02","2011-05","2","21.821","true","2008-01","SS","FPIF","Air Force","","2","0","2013-BASE_PROCUREMENT-2013-AIRFORCE_AIRCRAFT_VOL1-MasterJustificationBook_Air_Force_PB_2013.zzz_unzipped-MasterJustificationBook_Air_Force_PB_2013.xml","a7c6bab01f0a3102b466c221b8193722f8b6637d9b29cc98c18c29fc94b0ad9b","0-b8fdeb680b4c1021fbd6bf5b3e2c585bce579c9dd581ff3bf32bc38f7b4f71b9","","","","","0-c0d7872e2efab07d8b78990dced36329e1b305949a739f457a28e761eef36094","root.record.ItemExhibitList.P5Item.CostElementCategoryList.Vehicles.Recurring.CostElementList.CostElement"
"2012","DTRA","2012-03","2012-04","4","0.050","true","","","","","","","","2013-BASE_PROCUREMENT-2013-DEFENSE_DTRA-JustificationBook_Defense_Threat_Reduction_Agency_PB_2013.zzz_unzipped-JustificationBook_Defense_Threat_Reduction_Agency_PB_2013.xml","cab5926a1466be6515a9f42f55d21078da5c905fea4d6c33952714d17f224a8c","0-07d843276e5e2a264c3fcbdb310d85a640b1b6bf3d0f2bb3e8d5f640cda79f9d","PO","","","","8-36b1e961a167a398e5a0b04bc4c00047db9670eaacf5a60074e0d1a8d28b98ee","root.record.ItemExhibitList.P5Item.CostElementCategoryList.Vehicles.Recurring.CostElementList.CostElement"
"2011","DTRA","2011-03","2011-04","1","0.050","true","","","","","","","","2013-BASE_PROCUREMENT-2013-DEFENSE_DTRA-JustificationBook_Defense_Threat_Reduction_Agency_PB_2013.zzz_unzipped-JustificationBook_Defense_Threat_Reduction_Agency_PB_2013.xml","cab5926a1466be6515a9f42f55d21078da5c905fea4d6c33952714d17f224a8c","1-c7617383c5d18c6303104c18d9fc3d4e00216a8dae232fb55a9cacbe29534371","PO","Government Services Administration - Chicago, IL","","","8-36b1e961a167a398e5a0b04bc4c00047db9670eaacf5a60074e0d1a8d28b98ee","root.record.ItemExhibitList.P5Item.CostElementCategoryList.Vehicles.Recurring.CostElementList.CostElement"
"2013","DTRA","2013-03","2013-04","1","0.050","true","","","","","","","","2013-BASE_PROCUREMENT-2013-DEFENSE_DTRA-JustificationBook_Defense_Threat_Reduction_Agency_PB_2013.zzz_unzipped-JustificationBook_Defense_Threat_Reduction_Agency_PB_2013.xml","cab5926a1466be6515a9f42f55d21078da5c905fea4d6c33952714d17f224a8c","2-76a5f7df989c0af59c0a46a3f5591c545136ab3aaa59c4ae684c8bdbd02f87f6","PO","","","","8-36b1e961a167a398e5a0b04bc4c00047db9670eaacf5a60074e0d1a8d28b98ee","root.record.ItemExhibitList.P5Item.CostElementCategoryList.Vehicles.Recurring.CostElementList.CostElement"
"2012","DTRA","2012-03","2012-04","4","0.050","true","","","","","","","","2013-BASE_PROCUREMENT-2013-DEFENSE_VOL1-MasterJustificationBook_Defense-Wide_PB_2013.zzz_unzipped-MasterJustificationBook_Defense-Wide_PB_2013.xml","f09953ff692e237c6d67ad56f8d52b3e437ed00dd6d7a4246069438e7cecec4b","0-8c65d2cc96568f97177c8c2ba053f73720f2dff35847fab2944084383e4cbe17","PO","","","","8-0f068dce623dac09c51531b0070b14a1bd9e57561fbc0a52d968dabb5941a1ad","root.record.ItemExhibitList.P5Item.CostElementCategoryList.Vehicles.Recurring.CostElementList.CostElement"
"2011","DTRA","2011-03","2011-04","1","0.050","true","","","","","","","","2013-BASE_PROCUREMENT-2013-DEFENSE_VOL1-MasterJustificationBook_Defense-Wide_PB_2013.zzz_unzipped-MasterJustificationBook_Defense-Wide_PB_2013.xml","f09953ff692e237c6d67ad56f8d52b3e437ed00dd6d7a4246069438e7cecec4b","1-45676af5117bbb0168d1687484ca0fbea605feccd9deb280a82c5d346e1cce22","PO","Government Services Administration - Chicago, IL","","","8-0f068dce623dac09c51531b0070b14a1bd9e57561fbc0a52d968dabb5941a1ad","root.record.ItemExhibitList.P5Item.CostElementCategoryList.Vehicles.Recurring.CostElementList.CostElement"
"2013","DTRA","2013-03","2013-04","1","0.050","true","","","","","","","","2013-BASE_PROCUREMENT-2013-DEFENSE_VOL1-MasterJustificationBook_Defense-Wide_PB_2013.zzz_unzipped-MasterJustificationBook_Defense-Wide_PB_2013.xml","f09953ff692e237c6d67ad56f8d52b3e437ed00dd6d7a4246069438e7cecec4b","2-6675571653e6e382f96ceb2740824f2ca786ad1736273953c518fc88c516356f","PO","","","","8-0f068dce623dac09c51531b0070b14a1bd9e57561fbc0a52d968dabb5941a1ad","root.record.ItemExhibitList.P5Item.CostElementCategoryList.Vehicles.Recurring.CostElementList.CostElement"
"2010","80","2011-01","2012-06","2","102.853","true","2009-06","SS","FPIF","Air Force","","2","0","2014-BASE_PROCUREMENT-2014-AIRFORCE_AIRCRAFT_VOL1-PROCUREMENT_JustificationBook_Air_Force_PB_2014.zzz_unzipped-PROCUREMENT_JustificationBook_Air_Force_PB_2014.xml","6344ffaffcd0dcf02df1b26345df842a688214ceb4388fac2c0f9d260faa4e49","0-0e1244167b80d4771a19dc81fd3858591d4499b266f339407d65d3f3ec9e03b4","","","","","2-47e6c8f684a621cdc5182b03c2569fb13178bd00660a2c0cf7dae35057eb582b","root.record.ItemExhibitList.P5Item.CostElementCategoryList.Vehicles.Recurring.CostElementList.CostElement"
"2011","TBD","2013-03","2014-03","2","118.480","true","2010-03","SS","FPIF","Air Force","","2","0","2014-BASE_PROCUREMENT-2014-AIRFORCE_AIRCRAFT_VOL1-PROCUREMENT_JustificationBook_Air_Force_PB_2014.zzz_unzipped-PROCUREMENT_JustificationBook_Air_Force_PB_2014.xml","6344ffaffcd0dcf02df1b26345df842a688214ceb4388fac2c0f9d260faa4e49","1-93e4ff5b3dde453acdd4d555013e350c2418f2ef0b426d0134bc6e99a8056947","","","","","2-47e6c8f684a621cdc5182b03c2569fb13178bd00660a2c0cf7dae35057eb582b","root.record.ItemExhibitList.P5Item.CostElementCategoryList.Vehicles.Recurring.CostElementList.CostElement"
"2010","TBD","2011-01","2013-03","2","94.887","true","2009-06","SS","FPIF","Air Force","","2","0","2014-BASE_PROCUREMENT-2014-AIRFORCE_AIRCRAFT_VOL1-PROCUREMENT_JustificationBook_Air_Force_PB_2014.zzz_unzipped-PROCUREMENT_JustificationBook_Air_Force_PB_2014.xml","6344ffaffcd0dcf02df1b26345df842a688214ceb4388fac2c0f9d260faa4e49","0-7bb5bed9729c2044ccf839bfae841d3274359c7b25a741f42ea3c417b8e8cce4","","","","","3-7811e2816cb08d28cbb78479c089b77c6f265af97814000d91945a40b7ed7c8d","root.record.ItemExhibitList.P5Item.CostElementCategoryList.Vehicles.Recurring.CostElementList.CostElement"
"2011","TBD","2013-03","2014-04","2","108.581","true","2010-03","SS","FPIF","Air Force","","2","0","2014-BASE_PROCUREMENT-2014-AIRFORCE_AIRCRAFT_VOL1-PROCUREMENT_JustificationBook_Air_Force_PB_2014.zzz_unzipped-PROCUREMENT_JustificationBook_Air_Force_PB_2014.xml","6344ffaffcd0dcf02df1b26345df842a688214ceb4388fac2c0f9d260faa4e49","1-0dd8f843cb25eced2cbf1daf8f3867a5075603b1d2107ee2350a3622fe5d7780","","","","","3-7811e2816cb08d28cbb78479c089b77c6f265af97814000d91945a40b7ed7c8d","root.record.ItemExhibitList.P5Item.CostElementCategoryList.Vehicles.Recurring.CostElementList.CostElement"
"2009","80","2011-02","2011-05","2","21.821","true","2008-01","SS","FPIF","Air Force","Prior Year contracts with undelivered assets have all deliveries occurring before Oct 2011 loaded in the month of first delivery.","2","0","2014-BASE_PROCUREMENT-2014-AIRFORCE_AIRCRAFT_VOL1-PROCUREMENT_JustificationBook_Air_Force_PB_2014.zzz_unzipped-PROCUREMENT_JustificationBook_Air_Force_PB_2014.xml","6344ffaffcd0dcf02df1b26345df842a688214ceb4388fac2c0f9d260faa4e49","0-45f701eaff331d906be3a347e7c939ab98803fac3d34259d27beca80d751eaad","","","","","0-b8e6ba4d0d0a71c7dc94c60cd5103130698c08a77c3a352ddf7e886d33c7e03b","root.record.ItemExhibitList.P5Item.CostElementCategoryList.Vehicles.Recurring.CostElementList.CostElement"
"2010","80","2011-01","2012-06","2","102.853","true","2009-06","SS","FPIF","Air Force","","2","0","2014-BASE_PROCUREMENT-2014-AIRFORCE_AIRCRAFT_VOL2-PROCUREMENT_MasterJustificationBook_Air_Force_PB_2014.zzz_unzipped-PROCUREMENT_MasterJustificationBook_Air_Force_PB_2014.xml","4b41aab551dd5963369d5d6c772fbe316cd8c2c012a1e3a665053b2726d13344","0-a1ed732d3d44b5fc836b30203388acde83fa7ed9cc432939d352a81a25bcb7d3","","","","","2-3152512b0d5f7b4fd7fbce14b5aa80b0bdccbd013694b5dcd948098e8513408d","root.record.ItemExhibitList.P5Item.CostElementCategoryList.Vehicles.Recurring.CostElementList.CostElement"
"2011","TBD","2013-03","2014-03","2","118.480","true","2010-03","SS","FPIF","Air Force","","2","0","2014-BASE_PROCUREMENT-2014-AIRFORCE_AIRCRAFT_VOL2-PROCUREMENT_MasterJustificationBook_Air_Force_PB_2014.zzz_unzipped-PROCUREMENT_MasterJustificationBook_Air_Force_PB_2014.xml","4b41aab551dd5963369d5d6c772fbe316cd8c2c012a1e3a665053b2726d13344","1-8c3c47bf54e54e2d896041a76a64f6b3dd2df5ac3e0323dc8c647d4f326b6de3","","","","","2-3152512b0d5f7b4fd7fbce14b5aa80b0bdccbd013694b5dcd948098e8513408d","root.record.ItemExhibitList.P5Item.CostElementCategoryList.Vehicles.Recurring.CostElementList.CostElement"
"2010","TBD","2011-01","2013-03","2","94.887","true","2009-06","SS","FPIF","Air Force","","2","0","2014-BASE_PROCUREMENT-2014-AIRFORCE_AIRCRAFT_VOL2-PROCUREMENT_MasterJustificationBook_Air_Force_PB_2014.zzz_unzipped-PROCUREMENT_MasterJustificationBook_Air_Force_PB_2014.xml","4b41aab551dd5963369d5d6c772fbe316cd8c2c012a1e3a665053b2726d13344","0-45fec6ed5d5017720671c619b2a720f5d1244b0aaa7a32a4c93e5e4dac8f900e","","","","","3-3a9724a78d2e9a367b47b814f2ec75c00c7ebfee85d551804fdd68835638cdfb","root.record.ItemExhibitList.P5Item.CostElementCategoryList.Vehicles.Recurring.CostElementList.CostElement"
"2011","TBD","2013-03","2014-04","2","108.581","true","2010-03","SS","FPIF","Air Force","","2","0","2014-BASE_PROCUREMENT-2014-AIRFORCE_AIRCRAFT_VOL2-PROCUREMENT_MasterJustificationBook_Air_Force_PB_2014.zzz_unzipped-PROCUREMENT_MasterJustificationBook_Air_Force_PB_2014.xml","4b41aab551dd5963369d5d6c772fbe316cd8c2c012a1e3a665053b2726d13344","1-cf8e01d86f037c484afdbd7607934e95dad0103fbe62030bfe83ed35b1ca20e2","","","","","3-3a9724a78d2e9a367b47b814f2ec75c00c7ebfee85d551804fdd68835638cdfb","root.record.ItemExhibitList.P5Item.CostElementCategoryList.Vehicles.Recurring.CostElementList.CostElement"
"2009","80","2011-02","2011-05","2","21.821","true","2008-01","SS","FPIF","Air Force","Prior Year contracts with undelivered assets have all deliveries occurring before Oct 2011 loaded in the month of first delivery.","2","0","2014-BASE_PROCUREMENT-2014-AIRFORCE_AIRCRAFT_VOL2-PROCUREMENT_MasterJustificationBook_Air_Force_PB_2014.zzz_unzipped-PROCUREMENT_MasterJustificationBook_Air_Force_PB_2014.xml","4b41aab551dd5963369d5d6c772fbe316cd8c2c012a1e3a665053b2726d13344","0-aa01dc9be1062645a43ea4086b526862d04fccd51f1b2d5cba3fb6ea0dad8175","","","","","0-230e2c73429a7098a872d5b490761571065af7496f834c587f9bcf2529b46b3e","root.record.ItemExhibitList.P5Item.CostElementCategoryList.Vehicles.Recurring.CostElementList.CostElement"
"2010","80","2011-01","2012-06","2","102.853","true","2009-06","SS","FPIF","Air Force","","2","0","2014-BASE_PROCUREMENT-2014-AIRFORCE_AIRCRAFT_VOL1-PROCUREMENT_MasterJustificationBook_Air_Force_PB_2014.zzz_unzipped-PROCUREMENT_MasterJustificationBook_Air_Force_PB_2014.xml","c7c6d00203955f967ca1e12a0c654fc7454b59fa0b67d85d18a4e4ca82ed730f","0-8cb40ffd376e6ba25965c871860018ccd9d81ae2f9785186c0c3a4c10372bc9d","","","","","2-2fd65b19f97e4aa02b09c36b4719ea045e4cf96d101c1c358077d7cf53f33a09","root.record.ItemExhibitList.P5Item.CostElementCategoryList.Vehicles.Recurring.CostElementList.CostElement"
"2011","TBD","2013-03","2014-03","2","118.480","true","2010-03","SS","FPIF","Air Force","","2","0","2014-BASE_PROCUREMENT-2014-AIRFORCE_AIRCRAFT_VOL1-PROCUREMENT_MasterJustificationBook_Air_Force_PB_2014.zzz_unzipped-PROCUREMENT_MasterJustificationBook_Air_Force_PB_2014.xml","c7c6d00203955f967ca1e12a0c654fc7454b59fa0b67d85d18a4e4ca82ed730f","1-27c2d25a0631fc73a0bace0d4a8db119fac143ebba2a171eab767f487447bfd3","","","","","2-2fd65b19f97e4aa02b09c36b4719ea045e4cf96d101c1c358077d7cf53f33a09","root.record.ItemExhibitList.P5Item.CostElementCategoryList.Vehicles.Recurring.CostElementList.CostElement"
"2010","TBD","2011-01","2013-03","2","94.887","true","2009-06","SS","FPIF","Air Force","","2","0","2014-BASE_PROCUREMENT-2014-AIRFORCE_AIRCRAFT_VOL1-PROCUREMENT_MasterJustificationBook_Air_Force_PB_2014.zzz_unzipped-PROCUREMENT_MasterJustificationBook_Air_Force_PB_2014.xml","c7c6d00203955f967ca1e12a0c654fc7454b59fa0b67d85d18a4e4ca82ed730f","0-f90df97e962e5d294dfa0d04732df550cdba2073f85af6e06cbdb96a17230835","","","","","3-a720f43e080992a3e50df182f060dd03b976a1f37dd7e0289bd2f8791ead0d65","root.record.ItemExhibitList.P5Item.CostElementCategoryList.Vehicles.Recurring.CostElementList.CostElement"
"2011","TBD","2013-03","2014-04","2","108.581","true","2010-03","SS","FPIF","Air Force","","2","0","2014-BASE_PROCUREMENT-2014-AIRFORCE_AIRCRAFT_VOL1-PROCUREMENT_MasterJustificationBook_Air_Force_PB_2014.zzz_unzipped-PROCUREMENT_MasterJustificationBook_Air_Force_PB_2014.xml","c7c6d00203955f967ca1e12a0c654fc7454b59fa0b67d85d18a4e4ca82ed730f","1-3aff973de4c1bc8c9a6b8581e88e5e5c3664f3997fb1d6e35edc40350b100715","","","","","3-a720f43e080992a3e50df182f060dd03b976a1f37dd7e0289bd2f8791ead0d65","root.record.ItemExhibitList.P5Item.CostElementCategoryList.Vehicles.Recurring.CostElementList.CostElement"
"2009","80","2011-02","2011-05","2","21.821","true","2008-01","SS","FPIF","Air Force","Prior Year contracts with undelivered assets have all deliveries occurring before Oct 2011 loaded in the month of first delivery.","2","0","2014-BASE_PROCUREMENT-2014-AIRFORCE_AIRCRAFT_VOL1-PROCUREMENT_MasterJustificationBook_Air_Force_PB_2014.zzz_unzipped-PROCUREMENT_MasterJustificationBook_Air_Force_PB_2014.xml","c7c6d00203955f967ca1e12a0c654fc7454b59fa0b67d85d18a4e4ca82ed730f","0-b69f7350893e95f3d47046e04357773d25eddd2793b5d9b674d25a9e5dfc1a38","","","","","0-16d4cdaa5a3616ae2e38b862c7fab766832d4fa9d13e81d880182d02692a8ba7","root.record.ItemExhibitList.P5Item.CostElementCategoryList.Vehicles.Recurring.CostElementList.CostElement"
"2012","DTRA","2012-03","2012-04","4","0.050","true","","","","","","","","2014-BASE_PROCUREMENT-2014-DEFENSE_DTRA-PROCUREMENT_JustificationBook_Defense_Threat_Reduction_Agency_PB_2014.zzz_unzipped-PROCUREMENT_JustificationBook_Defense_Threat_Reduction_Agency_PB_2014.xml","e5c07248140d72d9b5dea8974d6d5f68c27551826c109b54444a8653264410f0","0-8a09775020ce7f4ad4f22d6754b01012ebc47845968bdcf29983e0d52634318d","PO","","","","8-2535014d1aef61f89d360a263b1487d15aa6df667f2c39a2fa543f4388f4a246","root.record.ItemExhibitList.P5Item.CostElementCategoryList.Vehicles.Recurring.CostElementList.CostElement"
"2014","DTRA","2014-03","2014-04","2","0.050","true","","","","","","","","2014-BASE_PROCUREMENT-2014-DEFENSE_DTRA-PROCUREMENT_JustificationBook_Defense_Threat_Reduction_Agency_PB_2014.zzz_unzipped-PROCUREMENT_JustificationBook_Defense_Threat_Reduction_Agency_PB_2014.xml","e5c07248140d72d9b5dea8974d6d5f68c27551826c109b54444a8653264410f0","1-b136f3d2568f0f5a23d796e0718060405f13ad82ba69149e71db8eca99e3417d","PO","","","","8-2535014d1aef61f89d360a263b1487d15aa6df667f2c39a2fa543f4388f4a246","root.record.ItemExhibitList.P5Item.CostElementCategoryList.Vehicles.Recurring.CostElementList.CostElement"
"2013","DTRA","2013-03","2013-04","1","0.050","true","","","","","","","","2014-BASE_PROCUREMENT-2014-DEFENSE_DTRA-PROCUREMENT_JustificationBook_Defense_Threat_Reduction_Agency_PB_2014.zzz_unzipped-PROCUREMENT_JustificationBook_Defense_Threat_Reduction_Agency_PB_2014.xml","e5c07248140d72d9b5dea8974d6d5f68c27551826c109b54444a8653264410f0","2-05a7a0e27c5f6989a95cf3b38c8c393fb30baed71e4b3dc5583e2a4a144064b6","PO","","","","8-2535014d1aef61f89d360a263b1487d15aa6df667f2c39a2fa543f4388f4a246","root.record.ItemExhibitList.P5Item.CostElementCategoryList.Vehicles.Recurring.CostElementList.CostElement"
"2012","DTRA","2012-03","2012-04","4","0.050","true","","","","","","","","2014-BASE_PROCUREMENT-2014-DEFENSE_VOL1-PROCUREMENT_MasterJustificationBook_Defense-Wide_PB_2014.zzz_unzipped-PROCUREMENT_MasterJustificationBook_Defense-Wide_PB_2014.xml","cb9726bb5886bbb4d5fbd9a27b2f81d23f2bb0160876e23b4d49c64e3c94012d","0-5156f8868019f5affdb4ea0bf34e09f3c5c1e2c90fa453915401f343ab04ee18","PO","","","","8-7a8d6509d1ce8f2b3cfc674a457ca8ea78c51a11afe54bf024dee76dcf8ff9d1","root.record.ItemExhibitList.P5Item.CostElementCategoryList.Vehicles.Recurring.CostElementList.CostElement"
"2014","DTRA","2014-03","2014-04","2","0.050","true","","","","","","","","2014-BASE_PROCUREMENT-2014-DEFENSE_VOL1-PROCUREMENT_MasterJustificationBook_Defense-Wide_PB_2014.zzz_unzipped-PROCUREMENT_MasterJustificationBook_Defense-Wide_PB_2014.xml","cb9726bb5886bbb4d5fbd9a27b2f81d23f2bb0160876e23b4d49c64e3c94012d","1-19ce6da90f623fb223f4f5eab28f1d3faee3b2ea3ecef07e9d515d04e0f8e69a","PO","","","","8-7a8d6509d1ce8f2b3cfc674a457ca8ea78c51a11afe54bf024dee76dcf8ff9d1","root.record.ItemExhibitList.P5Item.CostElementCategoryList.Vehicles.Recurring.CostElementList.CostElement"
"2013","DTRA","2013-03","2013-04","1","0.050","true","","","","","","","","2014-BASE_PROCUREMENT-2014-DEFENSE_VOL1-PROCUREMENT_MasterJustificationBook_Defense-Wide_PB_2014.zzz_unzipped-PROCUREMENT_MasterJustificationBook_Defense-Wide_PB_2014.xml","cb9726bb5886bbb4d5fbd9a27b2f81d23f2bb0160876e23b4d49c64e3c94012d","2-44d190e0280d0daff08b4a2758d3362e66661251038199df6fc48e41afc8adbe","PO","","","","8-7a8d6509d1ce8f2b3cfc674a457ca8ea78c51a11afe54bf024dee76dcf8ff9d1","root.record.ItemExhibitList.P5Item.CostElementCategoryList.Vehicles.Recurring.CostElementList.CostElement"
"2010","AFLCMC Wright Patterson AFB","2011-01","2012-06","2","86.500","true","2009-06","SS","FPIF","Air Force","Prior Year contracts with undelivered assets have all deliveries occurring before Oct 2012 loaded in the month of first delivery.","2","","2015-BASE_PROCUREMENT-2015-AIRFORCE_AIRCRAFT_VOL1-PROCUREMENT_JustificationBook_Air_Force_PB_2015.zzz_unzipped-PROCUREMENT_JustificationBook_Air_Force_PB_2015.xml","ec976f28f64d06b6cdd6198f93851889e1b9beb1edb572669f3c69e02093017a","0-537ce384be31eb8faf4fee20acf14bee5318f40ab9847867c1c14a7ed5c58f49","","","2","","2-51aaa1b8d7f48f296ff87902565adec298492a3a549a7db0162c9160bde63e06","root.record.ItemExhibitList.P5Item.CostElementCategoryList.Vehicles.Recurring.CostElementList.CostElement"
"2011","AFLCMC Wright Patterson AFB","2013-03","2013-11","2","107.900","true","2010-03","SS","FPIF","Air Force","","2","","2015-BASE_PROCUREMENT-2015-AIRFORCE_AIRCRAFT_VOL1-PROCUREMENT_JustificationBook_Air_Force_PB_2015.zzz_unzipped-PROCUREMENT_JustificationBook_Air_Force_PB_2015.xml","ec976f28f64d06b6cdd6198f93851889e1b9beb1edb572669f3c69e02093017a","1-f4b44ef5575384005285be902a718b7694631a1e2d00dbcbd81b8e3d0d15e2d8","","","2","","2-51aaa1b8d7f48f296ff87902565adec298492a3a549a7db0162c9160bde63e06","root.record.ItemExhibitList.P5Item.CostElementCategoryList.Vehicles.Recurring.CostElementList.CostElement"
"2012","AFLCMC Wright Patterson AFB","2014-07","2017-01","3","118.700","true","2013-08","SS","FFP","Air Force","","3","","2015-BASE_PROCUREMENT-2015-AIRFORCE_AIRCRAFT_VOL1-PROCUREMENT_JustificationBook_Air_Force_PB_2015.zzz_unzipped-PROCUREMENT_JustificationBook_Air_Force_PB_2015.xml","ec976f28f64d06b6cdd6198f93851889e1b9beb1edb572669f3c69e02093017a","2-fff840e1ca9df4e14b479ed5c554e6421d0b9794ffddbbeeaf4990ad88233c39","","","3","","2-51aaa1b8d7f48f296ff87902565adec298492a3a549a7db0162c9160bde63e06","root.record.ItemExhibitList.P5Item.CostElementCategoryList.Vehicles.Recurring.CostElementList.CostElement"
"2010","AFLCMC Wright Patterson AFB","2011-01","2013-02","2","65.800","true","2009-06","SS","FPIF","Air Force","","2","","2015-BASE_PROCUREMENT-2015-AIRFORCE_AIRCRAFT_VOL1-PROCUREMENT_JustificationBook_Air_Force_PB_2015.zzz_unzipped-PROCUREMENT_JustificationBook_Air_Force_PB_2015.xml","ec976f28f64d06b6cdd6198f93851889e1b9beb1edb572669f3c69e02093017a","0-91382cedc5cb270bd0416650e72ccedf0887f13c18cc8f6f0677eca8223222d8","","","2","","3-b694f7be35a5ed146ad91d0ec8fd215480494933aedfc22089fc10e3a9f94319","root.record.ItemExhibitList.P5Item.CostElementCategoryList.Vehicles.Recurring.CostElementList.CostElement"
"2011","AFLCMC Wright Patterson AFB","2013-03","2014-04","2","86.500","true","2010-03","SS","FPIF","Air Force","","2","","2015-BASE_PROCUREMENT-2015-AIRFORCE_AIRCRAFT_VOL1-PROCUREMENT_JustificationBook_Air_Force_PB_2015.zzz_unzipped-PROCUREMENT_JustificationBook_Air_Force_PB_2015.xml","ec976f28f64d06b6cdd6198f93851889e1b9beb1edb572669f3c69e02093017a","1-c7d9498644e770249590da900472800ec2281e18774b5f7bd209cae7dd64c2d7","","","2","","3-b694f7be35a5ed146ad91d0ec8fd215480494933aedfc22089fc10e3a9f94319","root.record.ItemExhibitList.P5Item.CostElementCategoryList.Vehicles.Recurring.CostElementList.CostElement"
"2010","AFLCMC Wright Patterson AFB","2011-01","2012-06","2","86.500","true","2009-06","SS","FPIF","Air Force","Prior Year contracts with undelivered assets have all deliveries occurring before Oct 2012 loaded in the month of first delivery.","2","","2015-BASE_PROCUREMENT-2015-AIRFORCE_AIRCRAFT_VOL2-PROCUREMENT_MasterJustificationBook_Air_Force_PB_2015.zzz_unzipped-PROCUREMENT_MasterJustificationBook_Air_Force_PB_2015.xml","16648ff2f063095212525067f95f94d1ab1e5d0f22d30259c24225f3f227ab5f","0-130e4f9fdd3986e004df73cceeca203639b3c0b63ade29fd3cafdb2fd5e0ab4e","","","2","","2-fffd9d8dca91441d7bc76fd3bc35b44d08701527d0a33bd7207a10d85b686573","root.record.ItemExhibitList.P5Item.CostElementCategoryList.Vehicles.Recurring.CostElementList.CostElement"
"2011","AFLCMC Wright Patterson AFB","2013-03","2013-11","2","107.900","true","2010-03","SS","FPIF","Air Force","","2","","2015-BASE_PROCUREMENT-2015-AIRFORCE_AIRCRAFT_VOL2-PROCUREMENT_MasterJustificationBook_Air_Force_PB_2015.zzz_unzipped-PROCUREMENT_MasterJustificationBook_Air_Force_PB_2015.xml","16648ff2f063095212525067f95f94d1ab1e5d0f22d30259c24225f3f227ab5f","1-fbce26f0b11726526f22945311d735653179de062d399edf2ac14689b8280e97","","","2","","2-fffd9d8dca91441d7bc76fd3bc35b44d08701527d0a33bd7207a10d85b686573","root.record.ItemExhibitList.P5Item.CostElementCategoryList.Vehicles.Recurring.CostElementList.CostElement"
"2012","AFLCMC Wright Patterson AFB","2014-07","2017-01","3","118.700","true","2013-08","SS","FFP","Air Force","","3","","2015-BASE_PROCUREMENT-2015-AIRFORCE_AIRCRAFT_VOL2-PROCUREMENT_MasterJustificationBook_Air_Force_PB_2015.zzz_unzipped-PROCUREMENT_MasterJustificationBook_Air_Force_PB_2015.xml","16648ff2f063095212525067f95f94d1ab1e5d0f22d30259c24225f3f227ab5f","2-906bb64a263ac47ec7ad59d56544564ed05949c17c163879881abaf3c5b35a65","","","3","","2-fffd9d8dca91441d7bc76fd3bc35b44d08701527d0a33bd7207a10d85b686573","root.record.ItemExhibitList.P5Item.CostElementCategoryList.Vehicles.Recurring.CostElementList.CostElement"
"2010","AFLCMC Wright Patterson AFB","2011-01","2013-02","2","65.800","true","2009-06","SS","FPIF","Air Force","","2","","2015-BASE_PROCUREMENT-2015-AIRFORCE_AIRCRAFT_VOL2-PROCUREMENT_MasterJustificationBook_Air_Force_PB_2015.zzz_unzipped-PROCUREMENT_MasterJustificationBook_Air_Force_PB_2015.xml","16648ff2f063095212525067f95f94d1ab1e5d0f22d30259c24225f3f227ab5f","0-4b37007f05d86871ba6fed703f70175418c478d9a2a894f0b372b40a5e7c01d2","","","2","","3-d4f49e0d6045cae8b35bfc10c8ff19432195f0f356bb4acbe5c4d428136c9ba0","root.record.ItemExhibitList.P5Item.CostElementCategoryList.Vehicles.Recurring.CostElementList.CostElement"
"2011","AFLCMC Wright Patterson AFB","2013-03","2014-04","2","86.500","true","2010-03","SS","FPIF","Air Force","","2","","2015-BASE_PROCUREMENT-2015-AIRFORCE_AIRCRAFT_VOL2-PROCUREMENT_MasterJustificationBook_Air_Force_PB_2015.zzz_unzipped-PROCUREMENT_MasterJustificationBook_Air_Force_PB_2015.xml","16648ff2f063095212525067f95f94d1ab1e5d0f22d30259c24225f3f227ab5f","1-3e411ec4fa7da5220faf7303ce78acb84d3934bf4ced6858948579da391914e6","","","2","","3-d4f49e0d6045cae8b35bfc10c8ff19432195f0f356bb4acbe5c4d428136c9ba0","root.record.ItemExhibitList.P5Item.CostElementCategoryList.Vehicles.Recurring.CostElementList.CostElement"
"2013","DTRA","2014-05","2014-06","1.000","0.046","false","","","","","","","","2015-BASE_PROCUREMENT-2015-DEFENSE_DTRA-PROCUREMENT_JustificationBook_Defense_Threat_Reduction_Agency_PB_2015.zzz_unzipped-PROCUREMENT_JustificationBook_Defense_Threat_Reduction_Agency_PB_2015.xml","e81d045cb6665780c45562863b98515cc5b88427215d979d0d18208155a82d3e","0-fd5b874251b6a4728a2d741e27e74d8c45cef93b54ed0e5c65b7ba6aa7f37d79","PO","","","","8-3ea5dbc7541a7b94a681cdcc2dfc6eabd79e0faa123b3de9ad68ce0738326871","root.record.ItemExhibitList.P5Item.CostElementCategoryList.Vehicles.Recurring.CostElementList.CostElement"
"2014","DTRA","2014-03","2014-04","2.000","0.050","false","","","","","","","","2015-BASE_PROCUREMENT-2015-DEFENSE_DTRA-PROCUREMENT_JustificationBook_Defense_Threat_Reduction_Agency_PB_2015.zzz_unzipped-PROCUREMENT_JustificationBook_Defense_Threat_Reduction_Agency_PB_2015.xml","e81d045cb6665780c45562863b98515cc5b88427215d979d0d18208155a82d3e","1-3b1492469acd7437476fa3c0ea7d8ad0c67ea0ca77519777d7f66c15c5e4630f","PO","","","","8-3ea5dbc7541a7b94a681cdcc2dfc6eabd79e0faa123b3de9ad68ce0738326871","root.record.ItemExhibitList.P5Item.CostElementCategoryList.Vehicles.Recurring.CostElementList.CostElement"
"2015","DTRA","2015-03","2015-04","1.000","0.050","false","","","","","","","","2015-BASE_PROCUREMENT-2015-DEFENSE_DTRA-PROCUREMENT_JustificationBook_Defense_Threat_Reduction_Agency_PB_2015.zzz_unzipped-PROCUREMENT_JustificationBook_Defense_Threat_Reduction_Agency_PB_2015.xml","e81d045cb6665780c45562863b98515cc5b88427215d979d0d18208155a82d3e","2-13c5f4663a7c91c8aa8e9347ef723a3accbaf75ed4e419800546407d9d6838b7","PO","","","","8-3ea5dbc7541a7b94a681cdcc2dfc6eabd79e0faa123b3de9ad68ce0738326871","root.record.ItemExhibitList.P5Item.CostElementCategoryList.Vehicles.Recurring.CostElementList.CostElement"
"2013","DTRA","2014-05","2014-06","1.000","0.046","false","","","","","","","","2015-BASE_PROCUREMENT-2015-DEFENSE_DTRA-PROCUREMENT_MasterJustificationBook_Defense_Threat_Reduction_Agency_PB_2015.zzz_unzipped-PROCUREMENT_MasterJustificationBook_Defense_Threat_Reduction_Agency_PB_2015.xml","e245f26dacf3abda8e492a2a3c282fae95da9637f04bb57bd8218a2ae3a38edd","0-42bfeb6aff7a0fcc4644e798e51f0fafaa47fd9905df0388acef833cb3ef5f58","PO","","","","8-42626ec0312d4eaf319d507225099b12faa3aac42a5c47f4cfca63b5a815bb94","root.record.ItemExhibitList.P5Item.CostElementCategoryList.Vehicles.Recurring.CostElementList.CostElement"
"2014","DTRA","2014-03","2014-04","2.000","0.050","false","","","","","","","","2015-BASE_PROCUREMENT-2015-DEFENSE_DTRA-PROCUREMENT_MasterJustificationBook_Defense_Threat_Reduction_Agency_PB_2015.zzz_unzipped-PROCUREMENT_MasterJustificationBook_Defense_Threat_Reduction_Agency_PB_2015.xml","e245f26dacf3abda8e492a2a3c282fae95da9637f04bb57bd8218a2ae3a38edd","1-6002bd99d7cb004231efedd3408f8bf84e6dcb94af07ed6e0a546e7a42dd67b8","PO","","","","8-42626ec0312d4eaf319d507225099b12faa3aac42a5c47f4cfca63b5a815bb94","root.record.ItemExhibitList.P5Item.CostElementCategoryList.Vehicles.Recurring.CostElementList.CostElement"
"2015","DTRA","2015-03","2015-04","1.000","0.050","false","","","","","","","","2015-BASE_PROCUREMENT-2015-DEFENSE_DTRA-PROCUREMENT_MasterJustificationBook_Defense_Threat_Reduction_Agency_PB_2015.zzz_unzipped-PROCUREMENT_MasterJustificationBook_Defense_Threat_Reduction_Agency_PB_2015.xml","e245f26dacf3abda8e492a2a3c282fae95da9637f04bb57bd8218a2ae3a38edd","2-51345190c31cfe361709fc29de8ca76a7b01efd17649337f967668a10c61aec4","PO","","","","8-42626ec0312d4eaf319d507225099b12faa3aac42a5c47f4cfca63b5a815bb94","root.record.ItemExhibitList.P5Item.CostElementCategoryList.Vehicles.Recurring.CostElementList.CostElement"
"2013","DTRA","2014-05","2014-06","1.000","0.046","false","","","","","","","","2015-BASE_PROCUREMENT-2015-DEFENSE_VOL1-PROCUREMENT_MasterJustificationBook_Defense-Wide_PB_2015.zzz_unzipped-PROCUREMENT_MasterJustificationBook_Defense-Wide_PB_2015.xml","ae347f3ab5abd8665f0015d559831ca237cf3fa64844baddd7e172a192375f40","0-4aa4308a6154a44e798f06efefb6ffe169c8266e69c0f9bca36fed89a106815b","PO","","","","8-53f8dac50e8af60dd1b5a2eefd62bb8f618cfed7c1d2ab36158c9bb0f582933b","root.record.ItemExhibitList.P5Item.CostElementCategoryList.Vehicles.Recurring.CostElementList.CostElement"
"2014","DTRA","2014-03","2014-04","2.000","0.050","false","","","","","","","","2015-BASE_PROCUREMENT-2015-DEFENSE_VOL1-PROCUREMENT_MasterJustificationBook_Defense-Wide_PB_2015.zzz_unzipped-PROCUREMENT_MasterJustificationBook_Defense-Wide_PB_2015.xml","ae347f3ab5abd8665f0015d559831ca237cf3fa64844baddd7e172a192375f40","1-399328d260904f71045eb7e235463c83827cf459dbaa3c82768d7fbb2a9875f1","PO","","","","8-53f8dac50e8af60dd1b5a2eefd62bb8f618cfed7c1d2ab36158c9bb0f582933b","root.record.ItemExhibitList.P5Item.CostElementCategoryList.Vehicles.Recurring.CostElementList.CostElement"
"2015","DTRA","2015-03","2015-04","1.000","0.050","false","","","","","","","","2015-BASE_PROCUREMENT-2015-DEFENSE_VOL1-PROCUREMENT_MasterJustificationBook_Defense-Wide_PB_2015.zzz_unzipped-PROCUREMENT_MasterJustificationBook_Defense-Wide_PB_2015.xml","ae347f3ab5abd8665f0015d559831ca237cf3fa64844baddd7e172a192375f40","2-d63ab01a99c858a8f85b94f80178950d419c2b13491411571c1e57c2e986f1a6","PO","","","","8-53f8dac50e8af60dd1b5a2eefd62bb8f618cfed7c1d2ab36158c9bb0f582933b","root.record.ItemExhibitList.P5Item.CostElementCategoryList.Vehicles.Recurring.CostElementList.CostElement"
"2016","AFLCMC Wright Patterson AFB","2016-06","2017-04","1","8.000","true","","SS","FPIF","Air Force","","1","","2016-BASE_PROCUREMENT-2016-AIRFORCE_AIRCRAFT_VOL1-PROCUREMENT_JustificationBook_Air_Force_PB_2016.zzz_unzipped-PROCUREMENT_JustificationBook_Air_Force_PB_2016.xml","6feb0208aa26d6550229bdf370d3886d34e07818e615e22e029c46fb827c9409","0-66f55dabd000c71c3f56e5d31e4d81f33d43e46b6899b61fed0e71800576cf22","","","1","","0-7741016acb5a58196c31ad1617869765868083c1b0f6ddc54ef24fcc80ad9f7e","root.record.ItemExhibitList.P5Item.CostElementCategoryList.Vehicles.Recurring.CostElementList.CostElement"
"2017","AFLCMC Wright Patterson AFB","2017-06","2018-04","1","8.000","true","","SS","FPIF","Air Force","","1","","2016-BASE_PROCUREMENT-2016-AIRFORCE_AIRCRAFT_VOL1-PROCUREMENT_JustificationBook_Air_Force_PB_2016.zzz_unzipped-PROCUREMENT_JustificationBook_Air_Force_PB_2016.xml","6feb0208aa26d6550229bdf370d3886d34e07818e615e22e029c46fb827c9409","1-073557cd655a4d0ce6845f101afde2e25d9f57e6efe2f3dc4962af31942bdf2d","","","1","","0-7741016acb5a58196c31ad1617869765868083c1b0f6ddc54ef24fcc80ad9f7e","root.record.ItemExhibitList.P5Item.CostElementCategoryList.Vehicles.Recurring.CostElementList.CostElement"
"2012","AFLCMC Wright Patterson AFB","2014-08","2017-01","3","118.700","true","2013-08","SS","FFP","Air Force","","3","","2016-BASE_PROCUREMENT-2016-AIRFORCE_AIRCRAFT_VOL1-PROCUREMENT_JustificationBook_Air_Force_PB_2016.zzz_unzipped-PROCUREMENT_JustificationBook_Air_Force_PB_2016.xml","6feb0208aa26d6550229bdf370d3886d34e07818e615e22e029c46fb827c9409","0-3b3fddaaf23ea8658dcab8444678203e76c41e11d930dfd134a3f9fcad92c1e3","","","3","","2-760007a837e9c99cf1d902cf2b94fbc52afc1a65177e44f36e2d3ff07a1d6308","root.record.ItemExhibitList.P5Item.CostElementCategoryList.Vehicles.Recurring.CostElementList.CostElement"
"2016","AFLCMC Wright Patterson AFB","2016-06","2017-04","1","8.000","true","","SS","FPIF","Air Force","","1","","2016-BASE_PROCUREMENT-2016-AIRFORCE_AIRCRAFT_VOL2-PROCUREMENT_MasterJustificationBook_Air_Force_PB_2016.zzz_unzipped-PROCUREMENT_MasterJustificationBook_Air_Force_PB_2016.xml","0bd719ef621e4942ddcec6c35d76388658f5b2fe25e160e294e9186a3aa77111","0-de34dcea5603dc5d225dd493d47d32be0802f4a0977b2fd36832e258333f9826","","","1","","0-ad0c044f7b53079a9e74b31a61ea1b855fb0abc30c3f348402cfb481a73a5077","root.record.ItemExhibitList.P5Item.CostElementCategoryList.Vehicles.Recurring.CostElementList.CostElement"
"2017","AFLCMC Wright Patterson AFB","2017-06","2018-04","1","8.000","true","","SS","FPIF","Air Force","","1","","2016-BASE_PROCUREMENT-2016-AIRFORCE_AIRCRAFT_VOL2-PROCUREMENT_MasterJustificationBook_Air_Force_PB_2016.zzz_unzipped-PROCUREMENT_MasterJustificationBook_Air_Force_PB_2016.xml","0bd719ef621e4942ddcec6c35d76388658f5b2fe25e160e294e9186a3aa77111","1-4499d2a31c6fea6f2a4e93a92fe4d4f7741246e0d83ca7cabce6d4835391fb08","","","1","","0-ad0c044f7b53079a9e74b31a61ea1b855fb0abc30c3f348402cfb481a73a5077","root.record.ItemExhibitList.P5Item.CostElementCategoryList.Vehicles.Recurring.CostElementList.CostElement"
"2012","AFLCMC Wright Patterson AFB","2014-08","2017-01","3","118.700","true","2013-08","SS","FFP","Air Force","","3","","2016-BASE_PROCUREMENT-2016-AIRFORCE_AIRCRAFT_VOL2-PROCUREMENT_MasterJustificationBook_Air_Force_PB_2016.zzz_unzipped-PROCUREMENT_MasterJustificationBook_Air_Force_PB_2016.xml","0bd719ef621e4942ddcec6c35d76388658f5b2fe25e160e294e9186a3aa77111","0-d3539adeb0599e367b958a4f234f60142832cbe0502f35d6c446f58d80051aa8","","","3","","2-a0a6a0dbd21486a43dcd037d80e7d37585cbf10ec96da137035889a27d573b06","root.record.ItemExhibitList.P5Item.CostElementCategoryList.Vehicles.Recurring.CostElementList.CostElement"
"2014","DTRA","2014-05","2014-06","2.000","0.050","true","","","","","","","","2016-BASE_PROCUREMENT-2016-DEFENSE_DTRA-PROCUREMENT_JustificationBook_Defense_Threat_Reduction_Agency_PB_2016.zzz_unzipped-PROCUREMENT_JustificationBook_Defense_Threat_Reduction_Agency_PB_2016.xml","d01d5f144c6060094f27d3bac0e12460b4656338db81041b8ca1051538f51ab3","0-cc8d3845256e765e9bc11718047f8a2275d6f3f04ef5466e64281e5a90bc1e2f","PO","","","","3-50d3879a08db413ba597ee07d9bf0ee6ab7bb4e3a233933dd3cd36ac98f9c6c1","root.record.ItemExhibitList.P5Item.CostElementCategoryList.Vehicles.Recurring.CostElementList.CostElement"
"2015","DTRA","2015-03","2015-04","1.000","0.050","false","","","","","","","","2016-BASE_PROCUREMENT-2016-DEFENSE_DTRA-PROCUREMENT_JustificationBook_Defense_Threat_Reduction_Agency_PB_2016.zzz_unzipped-PROCUREMENT_JustificationBook_Defense_Threat_Reduction_Agency_PB_2016.xml","d01d5f144c6060094f27d3bac0e12460b4656338db81041b8ca1051538f51ab3","0-4db6822b230959980167af7734e4c06174521e0e8184ddb8b3d6f2f4e2e6ff8c","PO","","","","8-4403eff31b7746c1460d2d950d51924fb486dd209e6e67f9da9b369b11f365b1","root.record.ItemExhibitList.P5Item.CostElementCategoryList.Vehicles.Recurring.CostElementList.CostElement"
"2016","DTRA","2016-03","2016-04","2.000","0.050","false","","","","","","","","2016-BASE_PROCUREMENT-2016-DEFENSE_DTRA-PROCUREMENT_JustificationBook_Defense_Threat_Reduction_Agency_PB_2016.zzz_unzipped-PROCUREMENT_JustificationBook_Defense_Threat_Reduction_Agency_PB_2016.xml","d01d5f144c6060094f27d3bac0e12460b4656338db81041b8ca1051538f51ab3","1-f2597aaee45a0c4ec6b393f342b057aefc05f28b0fe914e51c5daf596f8f65fc","PO","","","","8-4403eff31b7746c1460d2d950d51924fb486dd209e6e67f9da9b369b11f365b1","root.record.ItemExhibitList.P5Item.CostElementCategoryList.Vehicles.Recurring.CostElementList.CostElement"
"2014","DTRA","2014-05","2014-06","2.000","0.050","true","","","","","","","","2016-BASE_PROCUREMENT-2016-DEFENSE_DTRA-PROCUREMENT_MasterJustificationBook_Defense_Threat_Reduction_Agency_PB_2016.zzz_unzipped-PROCUREMENT_MasterJustificationBook_Defense_Threat_Reduction_Agency_PB_2016.xml","a7fd5ccf120cd85414aac295662842f4a1520e3e144b3aa1477d86e62536ba58","0-c7e8ad10a4be913fa3b5c648c46dd135e923621d51b38985e182e3836a4fb319","PO","","","","3-b16a84857fa9b9ad3f7ed2bcf5b4e94b7a26fb81399fe2cb7c99c3fb4d2e706e","root.record.ItemExhibitList.P5Item.CostElementCategoryList.Vehicles.Recurring.CostElementList.CostElement"
"2015","DTRA","2015-03","2015-04","1.000","0.050","false","","","","","","","","2016-BASE_PROCUREMENT-2016-DEFENSE_DTRA-PROCUREMENT_MasterJustificationBook_Defense_Threat_Reduction_Agency_PB_2016.zzz_unzipped-PROCUREMENT_MasterJustificationBook_Defense_Threat_Reduction_Agency_PB_2016.xml","a7fd5ccf120cd85414aac295662842f4a1520e3e144b3aa1477d86e62536ba58","0-27215192343b9db091f471aa4c28d5f260c6ea047ce9a05b08d536318095fcf7","PO","","","","8-854abb4cfefafe6b118d46bd1dcb93e9db5b8ba2fb6919f47ef008ed48c0059e","root.record.ItemExhibitList.P5Item.CostElementCategoryList.Vehicles.Recurring.CostElementList.CostElement"
"2016","DTRA","2016-03","2016-04","2.000","0.050","false","","","","","","","","2016-BASE_PROCUREMENT-2016-DEFENSE_DTRA-PROCUREMENT_MasterJustificationBook_Defense_Threat_Reduction_Agency_PB_2016.zzz_unzipped-PROCUREMENT_MasterJustificationBook_Defense_Threat_Reduction_Agency_PB_2016.xml","a7fd5ccf120cd85414aac295662842f4a1520e3e144b3aa1477d86e62536ba58","1-8ebb6cc77108c5ae4aeea06706e8a07ade1bad7716513bf5be227ee122ffb806","PO","","","","8-854abb4cfefafe6b118d46bd1dcb93e9db5b8ba2fb6919f47ef008ed48c0059e","root.record.ItemExhibitList.P5Item.CostElementCategoryList.Vehicles.Recurring.CostElementList.CostElement"
"2014","DTRA","2014-05","2014-06","2.000","0.050","true","","","","","","","","2016-BASE_PROCUREMENT-2016-DEFENSE_VOL1_ALL-PROCUREMENT_MasterJustificationBook_Defense-Wide_PB_2016.zzz_unzipped-PROCUREMENT_MasterJustificationBook_Defense-Wide_PB_2016.xml","4bf38c5be4b25d9014c9222d7de1781e92d901605a4d8452b09f95cfc3df9e1b","0-1aaf1a997f5d930235c08abbbeb92eb0466c595946d50be22a6622af2ceb5ad1","PO","","","","3-0597e42e74948e2d6825c709c94f735a28e0c9df1f77774cbebdfeb16c0e08fe","root.record.ItemExhibitList.P5Item.CostElementCategoryList.Vehicles.Recurring.CostElementList.CostElement"
"2015","DTRA","2015-03","2015-04","1.000","0.050","false","","","","","","","","2016-BASE_PROCUREMENT-2016-DEFENSE_VOL1_ALL-PROCUREMENT_MasterJustificationBook_Defense-Wide_PB_2016.zzz_unzipped-PROCUREMENT_MasterJustificationBook_Defense-Wide_PB_2016.xml","4bf38c5be4b25d9014c9222d7de1781e92d901605a4d8452b09f95cfc3df9e1b","0-1e926f52601f9c49623debd423170396c6f01e9eff852c7b31578df3d8672e4a","PO","","","","8-326c1186c3c6ec624e93220872cc5f3535a1bb18e9837b6584f6eaf463666d7b","root.record.ItemExhibitList.P5Item.CostElementCategoryList.Vehicles.Recurring.CostElementList.CostElement"
"2016","DTRA","2016-03","2016-04","2.000","0.050","false","","","","","","","","2016-BASE_PROCUREMENT-2016-DEFENSE_VOL1_ALL-PROCUREMENT_MasterJustificationBook_Defense-Wide_PB_2016.zzz_unzipped-PROCUREMENT_MasterJustificationBook_Defense-Wide_PB_2016.xml","4bf38c5be4b25d9014c9222d7de1781e92d901605a4d8452b09f95cfc3df9e1b","1-2bfcdbeed9122d4cc0e38c526ed3351f7b586417909541e8d2ee8c4f152feb0b","PO","","","","8-326c1186c3c6ec624e93220872cc5f3535a1bb18e9837b6584f6eaf463666d7b","root.record.ItemExhibitList.P5Item.CostElementCategoryList.Vehicles.Recurring.CostElementList.CostElement"
"2016","AFLCMC/WI - ISR & SOF","2016-06","2017-04","1","8.000","true","","SS","FPIF","Air Force","","1","","2017-BASE_PROCUREMENT-2017-AIRFORCE_AIRCRAFT_VOL1-U_PROCUREMENT_JustificationBook_Air_Force_PB_2017.zzz_unzipped-U_PROCUREMENT_JustificationBook_Air_Force_PB_2017.xml","81dc98969cc058d3b6f1ff5aa54a0e25b6c25eea9f72e3b6dfd8300acd9e0625","0-3bc7d39b62e8a6d012a176cfe43e05fc9b0f5d77ce26f62e9d0af420f4281f3e","","","1","","0-d9ded84838a85f7e0ca6061970392eaac423d4902dde1e53af5861d58873d719","root.record.ItemExhibitList.P5Item.CostElementCategoryList.Vehicles.Recurring.CostElementList.CostElement"
"2012","AFLCMC Wright Patterson AFB","2014-08","2017-01","3","118.700","true","2013-08","SS","FFP","Air Force","","3","","2017-BASE_PROCUREMENT-2017-AIRFORCE_AIRCRAFT_VOL1-U_PROCUREMENT_JustificationBook_Air_Force_PB_2017.zzz_unzipped-U_PROCUREMENT_JustificationBook_Air_Force_PB_2017.xml","81dc98969cc058d3b6f1ff5aa54a0e25b6c25eea9f72e3b6dfd8300acd9e0625","0-1fe6f52f7284a4e365915af696124fc46b2f92d722c1b06f9a343eb4b0d6a9bb","","","3","","2-bfebaf08bd6e8af45a637cdd9038b40886218099a584d8aaeffbf9c96259de97","root.record.ItemExhibitList.P5Item.CostElementCategoryList.Vehicles.Recurring.CostElementList.CostElement"
"2016","AFLCMC/WI - ISR & SOF","2016-06","2017-04","1","8.000","true","","SS","FPIF","Air Force","","1","","2017-BASE_PROCUREMENT-2017-AIRFORCE_AIRCRAFT_VOL1-U_PROCUREMENT_MasterJustificationBook_Air_Force_PB_2017.zzz_unzipped-U_PROCUREMENT_MasterJustificationBook_Air_Force_PB_2017.xml","669eef17e400acbfbeb5c5d1ae58cdd3f6dc4a1cc89036c8af26096e7fe8e9ba","0-cdae084f592392c95ed8dbe9b73a9619ddddb1bf1c1d3d72d3df46856d5cc494","","","1","","0-7ef24b1137f6d0b165601dcf1c43178dee12b01d581ba1ae470a5d931d8473ab","root.record.ItemExhibitList.P5Item.CostElementCategoryList.Vehicles.Recurring.CostElementList.CostElement"
"2012","AFLCMC Wright Patterson AFB","2014-08","2017-01","3","118.700","true","2013-08","SS","FFP","Air Force","","3","","2017-BASE_PROCUREMENT-2017-AIRFORCE_AIRCRAFT_VOL1-U_PROCUREMENT_MasterJustificationBook_Air_Force_PB_2017.zzz_unzipped-U_PROCUREMENT_MasterJustificationBook_Air_Force_PB_2017.xml","669eef17e400acbfbeb5c5d1ae58cdd3f6dc4a1cc89036c8af26096e7fe8e9ba","0-355b6db3406d17265d843c1b91c43ad9ff76b473c62380a1dc9f7ca51b83bc0a","","","3","","2-f39f3794e977956d9f3eb3ae34ce6f6b3d480d2360f4f3dbd4637e6700953d4b","root.record.ItemExhibitList.P5Item.CostElementCategoryList.Vehicles.Recurring.CostElementList.CostElement"
"2016","AFLCMC/WI - ISR & SOF","2016-06","2017-04","1","8.000","true","","SS","FPIF","Air Force","","1","","2017-BASE_PROCUREMENT-2017-AIRFORCE_AIRCRAFT_VOL2-U_PROCUREMENT_MasterJustificationBook_Air_Force_PB_2017.zzz_unzipped-U_PROCUREMENT_MasterJustificationBook_Air_Force_PB_2017.xml","9605ed7828ffd68e4eba9c314ca91e834dff51a5ab9e44c5de1713497796ec59","0-a11b8ba73be3ec29a8276b1144d0f83b5c23cf54626c5ae950640fd5335681d6","","","1","","0-89d0e13a49019b5e293ea66206398da6eec784a2f38211c719ed0766082a509e","root.record.ItemExhibitList.P5Item.CostElementCategoryList.Vehicles.Recurring.CostElementList.CostElement"
"2012","AFLCMC Wright Patterson AFB","2014-08","2017-01","3","118.700","true","2013-08","SS","FFP","Air Force","","3","","2017-BASE_PROCUREMENT-2017-AIRFORCE_AIRCRAFT_VOL2-U_PROCUREMENT_MasterJustificationBook_Air_Force_PB_2017.zzz_unzipped-U_PROCUREMENT_MasterJustificationBook_Air_Force_PB_2017.xml","9605ed7828ffd68e4eba9c314ca91e834dff51a5ab9e44c5de1713497796ec59","0-a737a0dd3fdeefcd220aee92f3d8e5b2eab8f923fe181de03bac0c1605acdddc","","","3","","2-6ab00152860629ff53e725235f3a3f82e84f8fb665364ad9a838bdc0f219ba21","root.record.ItemExhibitList.P5Item.CostElementCategoryList.Vehicles.Recurring.CostElementList.CostElement"
"2017","AFLCMC/WI - ISR & SOF","2017-08","2022-12","1","101.791","true","2017-05","SS","CPFF","Air Force","","1","","2019-BASE_PROCUREMENT-2019-AIRFORCE_AIRCRAFT_VOL1-U_PROCUREMENT_JustificationBook_Air_Force_PB_2019.zzz_unzipped-U_PROCUREMENT_JustificationBook_Air_Force_PB_2019.xml","a591dcdfcf7a402c2264871052dd9286c3cb51812bc0b67f14b07c1cd8109fd7","0-c430f6f201c1962443fb25de07875202ed17863e1ef241d44af45f9b39b7d20d","","","1","2017-08","0-5d41e589e7c851be1b911893acb9ebfaa6c750cffc43fe7b34cb6202a9fbf2e2","root.record.ItemExhibitList.P5Item.CostElementCategoryList.Vehicles.Recurring.CostElementList.CostElement"
"2019","AFLCMC/WI - ISR & SOF","2018-11","2023-02","1","108.113","true","2018-04","SS","CPFF","Air Force","","1","","2019-BASE_PROCUREMENT-2019-AIRFORCE_AIRCRAFT_VOL1-U_PROCUREMENT_JustificationBook_Air_Force_PB_2019.zzz_unzipped-U_PROCUREMENT_JustificationBook_Air_Force_PB_2019.xml","a591dcdfcf7a402c2264871052dd9286c3cb51812bc0b67f14b07c1cd8109fd7","1-8f396efc3880e3634bdd65981cac9aaf8bfc22af76b15ef83b8a48aab87def34","","","1","2018-10","0-5d41e589e7c851be1b911893acb9ebfaa6c750cffc43fe7b34cb6202a9fbf2e2","root.record.ItemExhibitList.P5Item.CostElementCategoryList.Vehicles.Recurring.CostElementList.CostElement"
"2012","AFLCMC Wright Patterson AFB","2014-08","2017-11","3","118.700","true","2013-08","SS","FFP","Air Force","","3","","2019-BASE_PROCUREMENT-2019-AIRFORCE_AIRCRAFT_VOL1-U_PROCUREMENT_JustificationBook_Air_Force_PB_2019.zzz_unzipped-U_PROCUREMENT_JustificationBook_Air_Force_PB_2019.xml","a7bee76edab57bb6622e96039d6c914aab1dbb0736a4caefd4111b976889fd0e","0-c865956ca3a4be4b266d0c821da4663523042ce12c4f820d05bd1d4506eb531a","","","3","","2-edba06cb03730daf9cab5849ecc6027604b8af26c20ab148a36f08fdc02d7dd8","root.record.ItemExhibitList.P5Item.CostElementCategoryList.Vehicles.Recurring.CostElementList.CostElement"
"2017","AFLCMC/WI - ISR & SOF","2017-08","2022-12","1","101.791","true","2017-05","SS","CPFF","Air Force","","1","","2019-BASE_PROCUREMENT-2019-AIRFORCE_AIRCRAFT_VOL2-U_PROCUREMENT_MasterJustificationBook_Air_Force_PB_2019.zzz_unzipped-U_PROCUREMENT_MasterJustificationBook_Air_Force_PB_2019.xml","05f36df23affdc21dfc3cefcdfa407fdb3e501809d6c1d183092bc441677ebd0","0-7ee8cb95742667724d13d619bc3bd1b9aee6dc6c80e482832648e8bab51ab983","","","1","2017-08","0-46a24eb033e2dc2166d1f0805518b4a062c512ab7a39e6c8f9046ce1fbc6d779","root.record.ItemExhibitList.P5Item.CostElementCategoryList.Vehicles.Recurring.CostElementList.CostElement"
"2019","AFLCMC/WI - ISR & SOF","2018-11","2023-02","1","108.113","true","2018-04","SS","CPFF","Air Force","","1","","2019-BASE_PROCUREMENT-2019-AIRFORCE_AIRCRAFT_VOL2-U_PROCUREMENT_MasterJustificationBook_Air_Force_PB_2019.zzz_unzipped-U_PROCUREMENT_MasterJustificationBook_Air_Force_PB_2019.xml","05f36df23affdc21dfc3cefcdfa407fdb3e501809d6c1d183092bc441677ebd0","1-dcb4a04b5700e71b78c02b0274ed825d4861e7446997c90a71e05289b9d2a563","","","1","2018-10","0-46a24eb033e2dc2166d1f0805518b4a062c512ab7a39e6c8f9046ce1fbc6d779","root.record.ItemExhibitList.P5Item.CostElementCategoryList.Vehicles.Recurring.CostElementList.CostElement"
"2012","AFLCMC Wright Patterson AFB","2014-08","2017-11","3","118.700","true","2013-08","SS","FFP","Air Force","","3","","2019-BASE_PROCUREMENT-2019-AIRFORCE_AIRCRAFT_VOL2-U_PROCUREMENT_MasterJustificationBook_Air_Force_PB_2019.zzz_unzipped-U_PROCUREMENT_MasterJustificationBook_Air_Force_PB_2019.xml","abc4db74ab1f4ce6330e7152230a4802f710f076f9c17d8863ed18455613b877","0-a28af399e1ce19e8005c308ca11be3dbb58a1e3cb32fdea183c01a1e7985bf1d","","","3","","2-369cc74cbe91b2f1fb7ba203154328ebb674d403b22c11e3959221b5f6f7a359","root.record.ItemExhibitList.P5Item.CostElementCategoryList.Vehicles.Recurring.CostElementList.CostElement"
"2017","AFLCMC/WI - ISR & SOF","2017-08","2023-03","1","103.000","true","2017-05","SS","FFP","Air Force","","1","","2020-BASE_PROCUREMENT-2020-AIRFORCE_AIRCRAFT_VOL1-U_PROCUREMENT_JustificationBook_Air_Force_PB_2020.zzz_unzipped-U_PROCUREMENT_JustificationBook_Air_Force_PB_2020.xml","005ddeaa4ed6e661bbe977c64adc29c5146cef98ddfdfcf229a669eb9aae562d","0-a00e706eb7c2500e0592cf990e5cc978acf721a9ce97619041b6833ddf06bee3","","","1","","0-40483f745fdd0e6c60af7bb014d929e956118c63b82b971df3db9e75ce9adeb4","root.record.ItemExhibitList.P5Item.CostElementCategoryList.Vehicles.Recurring.CostElementList.CostElement"
"2018","AFLCMC/WI - ISR & SOF","2018-06","2023-03","1","111.366","true","2018-06","SS","FFP","Air Force","","1","","2020-BASE_PROCUREMENT-2020-AIRFORCE_AIRCRAFT_VOL1-U_PROCUREMENT_JustificationBook_Air_Force_PB_2020.zzz_unzipped-U_PROCUREMENT_JustificationBook_Air_Force_PB_2020.xml","005ddeaa4ed6e661bbe977c64adc29c5146cef98ddfdfcf229a669eb9aae562d","1-96e87abad3bc291cdb48eafaa638649880c8e4cc467fb4d75192f65641688fa4","","","1","","0-40483f745fdd0e6c60af7bb014d929e956118c63b82b971df3db9e75ce9adeb4","root.record.ItemExhibitList.P5Item.CostElementCategoryList.Vehicles.Recurring.CostElementList.CostElement"
"2019","AFLCMC/WI - ISR & SOF","2019-03","2023-03","2","108.057","true","2018-08","SS","FFP","Air Force","","2","","2020-BASE_PROCUREMENT-2020-AIRFORCE_AIRCRAFT_VOL1-U_PROCUREMENT_JustificationBook_Air_Force_PB_2020.zzz_unzipped-U_PROCUREMENT_JustificationBook_Air_Force_PB_2020.xml","005ddeaa4ed6e661bbe977c64adc29c5146cef98ddfdfcf229a669eb9aae562d","2-418a52fb3d44e86939b35dda48755898159ef1f96abe8e5c6fcc99b0f61fdc3b","","","2","","0-40483f745fdd0e6c60af7bb014d929e956118c63b82b971df3db9e75ce9adeb4","root.record.ItemExhibitList.P5Item.CostElementCategoryList.Vehicles.Recurring.CostElementList.CostElement"
"2020","AFLCMC/WI - ISR & SOF","2020-02","2023-03","1","114.095","true","2019-08","SS","FFP","Air Force","","1","","2020-BASE_PROCUREMENT-2020-AIRFORCE_AIRCRAFT_VOL1-U_PROCUREMENT_JustificationBook_Air_Force_PB_2020.zzz_unzipped-U_PROCUREMENT_JustificationBook_Air_Force_PB_2020.xml","005ddeaa4ed6e661bbe977c64adc29c5146cef98ddfdfcf229a669eb9aae562d","3-6ea49c00c24a7a7f44e4ee8ff9ced1c4e0aa9224e5cb5737efa69bd9c930c104","","","1","","0-40483f745fdd0e6c60af7bb014d929e956118c63b82b971df3db9e75ce9adeb4","root.record.ItemExhibitList.P5Item.CostElementCategoryList.Vehicles.Recurring.CostElementList.CostElement"
"2017","AFLCMC/WI - ISR & SOF","2017-08","2023-03","1","103.000","true","2017-05","SS","FFP","Air Force","","1","","2020-BASE_PROCUREMENT-2020-AIRFORCE_AIRCRAFT_VOL2-U_PROCUREMENT_MasterJustificationBook_Air_Force_PB_2020.zzz_unzipped-U_PROCUREMENT_MasterJustificationBook_Air_Force_PB_2020.xml","16d64327fa3f84aa8c929a4167374d7517b6cb0663b68f01ecb3d9f18a3b3e9b","0-cf5a8b59ed922756cd774d26bf4a2bd858ae88c68559a2ffc721c0c915a891d3","","","1","","0-543820b72576cf7ae4d6383bc1d68c377675f8512f3c0ab29e2a8b539ab11517","root.record.ItemExhibitList.P5Item.CostElementCategoryList.Vehicles.Recurring.CostElementList.CostElement"
"2018","AFLCMC/WI - ISR & SOF","2018-06","2023-03","1","111.366","true","2018-06","SS","FFP","Air Force","","1","","2020-BASE_PROCUREMENT-2020-AIRFORCE_AIRCRAFT_VOL2-U_PROCUREMENT_MasterJustificationBook_Air_Force_PB_2020.zzz_unzipped-U_PROCUREMENT_MasterJustificationBook_Air_Force_PB_2020.xml","16d64327fa3f84aa8c929a4167374d7517b6cb0663b68f01ecb3d9f18a3b3e9b","1-2fc175797261e9876d3d0f8c71287c32e6b11eab8dd4ecde503569cc1534e7a4","","","1","","0-543820b72576cf7ae4d6383bc1d68c377675f8512f3c0ab29e2a8b539ab11517","root.record.ItemExhibitList.P5Item.CostElementCategoryList.Vehicles.Recurring.CostElementList.CostElement"
"2019","AFLCMC/WI - ISR & SOF","2019-03","2023-03","2","108.057","true","2018-08","SS","FFP","Air Force","","2","","2020-BASE_PROCUREMENT-2020-AIRFORCE_AIRCRAFT_VOL2-U_PROCUREMENT_MasterJustificationBook_Air_Force_PB_2020.zzz_unzipped-U_PROCUREMENT_MasterJustificationBook_Air_Force_PB_2020.xml","16d64327fa3f84aa8c929a4167374d7517b6cb0663b68f01ecb3d9f18a3b3e9b","2-07d866236cb26499bf826fdf480424fef7fbf90064342974dbfaf6187123d215","","","2","","0-543820b72576cf7ae4d6383bc1d68c377675f8512f3c0ab29e2a8b539ab11517","root.record.ItemExhibitList.P5Item.CostElementCategoryList.Vehicles.Recurring.CostElementList.CostElement"
"2020","AFLCMC/WI - ISR & SOF","2020-02","2023-03","1","114.095","true","2019-08","SS","FFP","Air Force","","1","","2020-BASE_PROCUREMENT-2020-AIRFORCE_AIRCRAFT_VOL2-U_PROCUREMENT_MasterJustificationBook_Air_Force_PB_2020.zzz_unzipped-U_PROCUREMENT_MasterJustificationBook_Air_Force_PB_2020.xml","16d64327fa3f84aa8c929a4167374d7517b6cb0663b68f01ecb3d9f18a3b3e9b","3-837bbdbfdbe9ddc1e10debfc6429777676c58f695acbd07fc92476559a5c0a8a","","","1","","0-543820b72576cf7ae4d6383bc1d68c377675f8512f3c0ab29e2a8b539ab11517","root.record.ItemExhibitList.P5Item.CostElementCategoryList.Vehicles.Recurring.CostElementList.CostElement"
