Title_val,Funding_TotalPreviousYears_val,Funding_PriorYear_val,Funding_CurrentYear_val,Funding_BudgetYearOne_val,Funding_BudgetYearOneBase_val,Funding_CostToComplete_val,Funding_TotalCost_val,Funding_BudgetYearOneOCO_val,@SOURCE_FILENAME,@RECORDID,@ROWID,@PARENTROWID,@PARENT
"Other Service Program Funding Adjustment","3.000","35.385","76.257","254.849","254.849","1876.282","2245.773","","2017-BASE_RDTE-2017-AIRFORCE_V3A-U_RDTE_JustificationBook_Air_Force_PB_2017.zzz_unzipped-U_RDTE_JustificationBook_Air_Force_PB_2017.xml","017c8f00c871523a2f3d4d17b06dc78f4e1f2eea28d5655a912eb909be989baf","0-b9d9355d8fd00c03f1c1674656f336a7974f4a70e0e0c9e7eb3fc1b13377ffce","0-183cf6b16fb2a17e9c95dea92c3349f36053009153df3e27fa36fae9584de720","root.record.ProjectList.Project"
"Other Service Funding Adjustment","25502.113","961.895","990.708","1033.374","1033.374","179.029","28667.119","","2017-BASE_RDTE-2017-AIRFORCE_V2-U_RDTE_JustificationBook_Air_Force_PB_2017.zzz_unzipped-U_RDTE_JustificationBook_Air_Force_PB_2017.xml","a74db4fecefeb2d60a14a49a33bf781d089291b42e8bcf5f4e40767fe52eac1d","0-e7b37e2dc46ff4c4a2b7f177130b9615eb9b3474cba4e729b46e68816eed61f1","0-b1829eed0d98845fd44edcf10e25b01abdfb9ca8d1d007fec705b88c62a4169f","root.record.ProjectList.Project"
"Other Service Funding Adjustment","32.751","34.111","118.265","68.178","68.178","31.158","284.463","","2017-BASE_RDTE-2017-AIRFORCE_V2-U_RDTE_JustificationBook_Air_Force_PB_2017.zzz_unzipped-U_RDTE_JustificationBook_Air_Force_PB_2017.xml","a74db4fecefeb2d60a14a49a33bf781d089291b42e8bcf5f4e40767fe52eac1d","0-50ba7000013d91909b4e30abe7fdffde7696959e7a4338be48ebc5a7380f2ae9","1-af87a31f9670209baeae4e7b856b2b4de26f87ef7bd0e575aaaf60c84ebf7f63","root.record.ProjectList.Project"
"Other Service Funding Adjustment","25502.113","961.895","990.708","1033.374","1033.374","179.029","28667.119","","2017-BASE_RDTE-2017-AIRFORCE_V3B-U_RDTE_MasterJustificationBook_Air_Force_PB_2017.zzz_unzipped-U_RDTE_MasterJustificationBook_Air_Force_PB_2017.xml","74eef2ed7df5ac28827a831935c957af0deba4c52b9050497535dcc37a9893a0","0-4d5d11df762c93ef20f04f7f454d15870a363f92a5c1731288cd966aef592c83","0-d5da6ce972236d1e248e35402be5642ce5ee5b7c3e990d865b9cddeff7af9ef8","root.record.ProjectList.Project"
"Other Service Funding Adjustment","32.751","34.111","118.265","68.178","68.178","31.158","284.463","","2017-BASE_RDTE-2017-AIRFORCE_V3B-U_RDTE_MasterJustificationBook_Air_Force_PB_2017.zzz_unzipped-U_RDTE_MasterJustificationBook_Air_Force_PB_2017.xml","74eef2ed7df5ac28827a831935c957af0deba4c52b9050497535dcc37a9893a0","0-762e40ffa3f795398f74a3db724a41212617f64610c6d608b3d73112374dcbf3","1-25912b576d2a83e2f092f82289d2a2fe92058afc5da8008d736cdd8bc963190a","root.record.ProjectList.Project"
"Other Service Program Funding Adjustment","3.000","35.385","76.257","254.849","254.849","1876.282","2245.773","","2017-BASE_RDTE-2017-AIRFORCE_V3B-U_RDTE_MasterJustificationBook_Air_Force_PB_2017.zzz_unzipped-U_RDTE_MasterJustificationBook_Air_Force_PB_2017.xml","69ef633e45a49d0cacace0bd85fe6a0ab5ae3d9b10d8685d13de73eda782b6a4","0-88b2709d51ff221a1abcfee0d32a96805857da0cf558d8005e8ff9d6f6da1435","0-4eaf43bf8fcb4e6c8921a95146a965555f6c726443aebcb14fbcbd43f9cd064a","root.record.ProjectList.Project"
"Joint Strike Fighter 0604800N","","470.545","467.759","504.296","504.296","","","","2017-BASE_RDTE-2017-NAVY_BA5-U_RDTE_JustificationBook_Navy_PB_2017.zzz_unzipped-U_RDTE_JustificationBook_Navy_PB_2017.xml","38161e55df7f7d0efdb09c02fb468e148faa7a8592a3411d90995de322d2fb98","0-4617bd3c8d4767a8311516fb9abd0f4ca36479106a53906168dd04d0c2fff394","0-2f16627b484f91a04ee0acb4652514dddfde8cc453ca04654f0c2cde4a73844e","root.record.ProjectList.Project"
"Joint Strike Fighter 0604800F","","534.344","515.492","403.506","403.506","","","","2017-BASE_RDTE-2017-NAVY_BA5-U_RDTE_JustificationBook_Navy_PB_2017.zzz_unzipped-U_RDTE_JustificationBook_Navy_PB_2017.xml","38161e55df7f7d0efdb09c02fb468e148faa7a8592a3411d90995de322d2fb98","1-6012d201550febce0dd5aa6d74ad198c196994fef1a5d7d5d49fbb49f8ee36c2","0-2f16627b484f91a04ee0acb4652514dddfde8cc453ca04654f0c2cde4a73844e","root.record.ProjectList.Project"
"International Partner","","15.000","17.000","22.000","22.000","","","","2017-BASE_RDTE-2017-NAVY_BA5-U_RDTE_JustificationBook_Navy_PB_2017.zzz_unzipped-U_RDTE_JustificationBook_Navy_PB_2017.xml","38161e55df7f7d0efdb09c02fb468e148faa7a8592a3411d90995de322d2fb98","2-e656c0f2b0e065d5ae8d06aa8aa6c996e6c3142022e6398391b2cff665383655","0-2f16627b484f91a04ee0acb4652514dddfde8cc453ca04654f0c2cde4a73844e","root.record.ProjectList.Project"
"Joint Strike Fighter 0604800F","","32.593","71.461","46.962","46.962","","","","2017-BASE_RDTE-2017-NAVY_BA5-U_RDTE_JustificationBook_Navy_PB_2017.zzz_unzipped-U_RDTE_JustificationBook_Navy_PB_2017.xml","38161e55df7f7d0efdb09c02fb468e148faa7a8592a3411d90995de322d2fb98","0-ba3e1706f228c52ffdfb62cd4a3bb68eb4ec4ea33e498b4f7e6a94eb14cba9b7","1-03b7029a5bf67cd96407e21212dbade0f2f40880ed7ae80de53c581c1cf2cb34","root.record.ProjectList.Project"
"Joint Strike Fighter 0604800N","","16.433","36.977","24.420","24.420","","","","2017-BASE_RDTE-2017-NAVY_BA5-U_RDTE_JustificationBook_Navy_PB_2017.zzz_unzipped-U_RDTE_JustificationBook_Navy_PB_2017.xml","38161e55df7f7d0efdb09c02fb468e148faa7a8592a3411d90995de322d2fb98","1-97f9677682f5119ac1a04f198a0c8a1a1aeca3598f66f688c15ec1b68c76349f","1-03b7029a5bf67cd96407e21212dbade0f2f40880ed7ae80de53c581c1cf2cb34","root.record.ProjectList.Project"
"International Partner","","6.089","49.336","19.410","19.410","","","","2017-BASE_RDTE-2017-NAVY_BA5-U_RDTE_JustificationBook_Navy_PB_2017.zzz_unzipped-U_RDTE_JustificationBook_Navy_PB_2017.xml","38161e55df7f7d0efdb09c02fb468e148faa7a8592a3411d90995de322d2fb98","2-6c99e1cfd28d5e9da3babae28e3b89d4d723dc9075c018e417c33093b0bdcfaa","1-03b7029a5bf67cd96407e21212dbade0f2f40880ed7ae80de53c581c1cf2cb34","root.record.ProjectList.Project"
"Joint Strike Fighter 0604800M","","476.350","505.949","507.078","507.078","","","","2017-BASE_RDTE-2017-NAVY_BA5-U_RDTE_JustificationBook_Navy_PB_2017.zzz_unzipped-U_RDTE_JustificationBook_Navy_PB_2017.xml","3a7afc02963190b4a358f56be6ae9b7cce7b1cb90c3c7dee9606aedf1922988d","0-dad873222808dc114313f5e94b09700395ffcdfb2d336f887a21c4a0d4e20bbf","0-25bfd306d00d6705840bc11369f53675c57c5a97e679be613d47679501dd63c1","root.record.ProjectList.Project"
"Joint Strike Fighter 0604800F","","534.344","515.492","403.506","403.506","","","","2017-BASE_RDTE-2017-NAVY_BA5-U_RDTE_JustificationBook_Navy_PB_2017.zzz_unzipped-U_RDTE_JustificationBook_Navy_PB_2017.xml","3a7afc02963190b4a358f56be6ae9b7cce7b1cb90c3c7dee9606aedf1922988d","1-324129945f22c9508e54d4b3f8ec9b2d6166ba4878fdb5739eed20d782833231","0-25bfd306d00d6705840bc11369f53675c57c5a97e679be613d47679501dd63c1","root.record.ProjectList.Project"
"International Partner","","15.000","17.000","22.000","22.000","","","","2017-BASE_RDTE-2017-NAVY_BA5-U_RDTE_JustificationBook_Navy_PB_2017.zzz_unzipped-U_RDTE_JustificationBook_Navy_PB_2017.xml","3a7afc02963190b4a358f56be6ae9b7cce7b1cb90c3c7dee9606aedf1922988d","2-bd10e8944c704537af7a79ac108aa2365b92a025cdce710a8d4a429e67a1c212","0-25bfd306d00d6705840bc11369f53675c57c5a97e679be613d47679501dd63c1","root.record.ProjectList.Project"
"Joint Strike Fighter 0604800F","","32.593","71.461","46.962","46.962","","","","2017-BASE_RDTE-2017-NAVY_BA5-U_RDTE_JustificationBook_Navy_PB_2017.zzz_unzipped-U_RDTE_JustificationBook_Navy_PB_2017.xml","3a7afc02963190b4a358f56be6ae9b7cce7b1cb90c3c7dee9606aedf1922988d","0-0930c176d1ecc8766457ccd08d97c96481ba29385023b21b9ce0541189b60687","1-8c69b7637feda92804456d90297a43d1d75b7796f0d023c35403ce5a3576ec2e","root.record.ProjectList.Project"
"Joint Strike Fighter 0604800M","","11.589","31.952","24.348","24.348","","","","2017-BASE_RDTE-2017-NAVY_BA5-U_RDTE_JustificationBook_Navy_PB_2017.zzz_unzipped-U_RDTE_JustificationBook_Navy_PB_2017.xml","3a7afc02963190b4a358f56be6ae9b7cce7b1cb90c3c7dee9606aedf1922988d","1-88da2f938425bdd1e67b7391b847fc2b029a41fb6129bc428d13be6c151b0e73","1-8c69b7637feda92804456d90297a43d1d75b7796f0d023c35403ce5a3576ec2e","root.record.ProjectList.Project"
"International Partner","","6.089","49.336","19.410","19.410","","","","2017-BASE_RDTE-2017-NAVY_BA5-U_RDTE_JustificationBook_Navy_PB_2017.zzz_unzipped-U_RDTE_JustificationBook_Navy_PB_2017.xml","3a7afc02963190b4a358f56be6ae9b7cce7b1cb90c3c7dee9606aedf1922988d","2-7545b36ac61d3464fd5763f93a64301f7f2c39f2b6d56e2fd6d6d63703176ab8","1-8c69b7637feda92804456d90297a43d1d75b7796f0d023c35403ce5a3576ec2e","root.record.ProjectList.Project"
"0207142F JSF FOLLOW ON DEVELOPMENT","","23.660","48.954","127.302","127.302","","","","2017-BASE_RDTE-2017-NAVY_BA5-U_RDTE_JustificationBook_Navy_PB_2017.zzz_unzipped-U_RDTE_JustificationBook_Navy_PB_2017.xml","67ecf9ff3a56704177b35548df3542f566ef3537816d09c5264871d453567a09","0-9c057834f7f72cddf5e0bd53917947282bc58406d857966a6f448f46d19506f5","0-5dafa543d200e478af20918f71052c392f7495622b35d54bc0d6ba3a9edcba97","root.record.ProjectList.Project"
"International FoD","","14.997","34.259","117.235","117.235","","","","2017-BASE_RDTE-2017-NAVY_BA5-U_RDTE_JustificationBook_Navy_PB_2017.zzz_unzipped-U_RDTE_JustificationBook_Navy_PB_2017.xml","67ecf9ff3a56704177b35548df3542f566ef3537816d09c5264871d453567a09","1-df212a682c3be1c06615d1afa4ee69b131c7c29dbd8a1dfa77d83d1880578e2f","0-5dafa543d200e478af20918f71052c392f7495622b35d54bc0d6ba3a9edcba97","root.record.ProjectList.Project"
"0604810N JSF FOLLOW ON DEVELOPMENT","","10.302","21.200","63.387","63.387","","","","2017-BASE_RDTE-2017-NAVY_BA5-U_RDTE_JustificationBook_Navy_PB_2017.zzz_unzipped-U_RDTE_JustificationBook_Navy_PB_2017.xml","67ecf9ff3a56704177b35548df3542f566ef3537816d09c5264871d453567a09","2-5ad2868c33eedadb7895e72d9132b05722ee02b505a2e341474c172f6ff007f4","0-5dafa543d200e478af20918f71052c392f7495622b35d54bc0d6ba3a9edcba97","root.record.ProjectList.Project"
"0207142F JSF FOLLOW ON DEVELOPMENT","","23.660","48.954","127.302","127.302","","","","2017-BASE_RDTE-2017-NAVY_BA5-U_RDTE_JustificationBook_Navy_PB_2017.zzz_unzipped-U_RDTE_JustificationBook_Navy_PB_2017.xml","6b22e6f2b84807318028fcb2b6a45974a4e42f8692aa810f21763f305445bc09","0-e981a68c91522463147d127ac7490968e574e9f69286fcad46b1edc5d094b87c","0-06ed459778e3d0cc304182c464e7362f733eb111f48cc02982304758cf007903","root.record.ProjectList.Project"
"International FoD","","14.997","34.259","117.235","117.235","","","","2017-BASE_RDTE-2017-NAVY_BA5-U_RDTE_JustificationBook_Navy_PB_2017.zzz_unzipped-U_RDTE_JustificationBook_Navy_PB_2017.xml","6b22e6f2b84807318028fcb2b6a45974a4e42f8692aa810f21763f305445bc09","1-071f236bdf4a33e79d0ea278ed7e6c3bb5f7c50c51372be8648943cbc0b51226","0-06ed459778e3d0cc304182c464e7362f733eb111f48cc02982304758cf007903","root.record.ProjectList.Project"
"0604810M JSF FOLLOW ON DEVELOPMENT","","10.086","20.798","74.227","74.227","","","","2017-BASE_RDTE-2017-NAVY_BA5-U_RDTE_JustificationBook_Navy_PB_2017.zzz_unzipped-U_RDTE_JustificationBook_Navy_PB_2017.xml","6b22e6f2b84807318028fcb2b6a45974a4e42f8692aa810f21763f305445bc09","2-557d1b8206df26b2a54a4add7b0d1e58d04d72c25722e1d198780179810cbc27","0-06ed459778e3d0cc304182c464e7362f733eb111f48cc02982304758cf007903","root.record.ProjectList.Project"
"Joint Strike Fighter 0604800N","","470.545","467.759","504.296","504.296","","","","2017-BASE_RDTE-2017-NAVY_BA7-U_RDTE_MasterJustificationBook_Navy_PB_2017.zzz_unzipped-U_RDTE_MasterJustificationBook_Navy_PB_2017.xml","1830d9aa5b6813c20c26e74ca18e064396056625420a5862e8af26fe583a0d89","0-ba035102609377c053f63060094c98eca6dbc1a0c3dea8678645e8cd6a93e2bb","0-b18c096b452fa5253e156b420c928ceccdc010806d1ecc6ed53e6a98f0d045b9","root.record.ProjectList.Project"
"Joint Strike Fighter 0604800F","","534.344","515.492","403.506","403.506","","","","2017-BASE_RDTE-2017-NAVY_BA7-U_RDTE_MasterJustificationBook_Navy_PB_2017.zzz_unzipped-U_RDTE_MasterJustificationBook_Navy_PB_2017.xml","1830d9aa5b6813c20c26e74ca18e064396056625420a5862e8af26fe583a0d89","1-68b887aa1d99a3eb6eef55e9b3058801494973b9a0f11a267cd4fd7cc0dde6f2","0-b18c096b452fa5253e156b420c928ceccdc010806d1ecc6ed53e6a98f0d045b9","root.record.ProjectList.Project"
"International Partner","","15.000","17.000","22.000","22.000","","","","2017-BASE_RDTE-2017-NAVY_BA7-U_RDTE_MasterJustificationBook_Navy_PB_2017.zzz_unzipped-U_RDTE_MasterJustificationBook_Navy_PB_2017.xml","1830d9aa5b6813c20c26e74ca18e064396056625420a5862e8af26fe583a0d89","2-09034e711ef5e73ed11ae9fb160e340f920983d6187af87fad73633d93c5c8e0","0-b18c096b452fa5253e156b420c928ceccdc010806d1ecc6ed53e6a98f0d045b9","root.record.ProjectList.Project"
"Joint Strike Fighter 0604800F","","32.593","71.461","46.962","46.962","","","","2017-BASE_RDTE-2017-NAVY_BA7-U_RDTE_MasterJustificationBook_Navy_PB_2017.zzz_unzipped-U_RDTE_MasterJustificationBook_Navy_PB_2017.xml","1830d9aa5b6813c20c26e74ca18e064396056625420a5862e8af26fe583a0d89","0-dfe7ab7a936ef684dd16741eafef2ebeb01197cfcaa4e161017b29b2dc3b0572","1-4f891c6b5cb0f9ec24a0af61111a67d3735b30c2f57478562efc23a772a3da2f","root.record.ProjectList.Project"
"Joint Strike Fighter 0604800N","","16.433","36.977","24.420","24.420","","","","2017-BASE_RDTE-2017-NAVY_BA7-U_RDTE_MasterJustificationBook_Navy_PB_2017.zzz_unzipped-U_RDTE_MasterJustificationBook_Navy_PB_2017.xml","1830d9aa5b6813c20c26e74ca18e064396056625420a5862e8af26fe583a0d89","1-396c2abeeef227da7692853a645a75907d6f194494f273500f9ddd8e7c1087a7","1-4f891c6b5cb0f9ec24a0af61111a67d3735b30c2f57478562efc23a772a3da2f","root.record.ProjectList.Project"
"International Partner","","6.089","49.336","19.410","19.410","","","","2017-BASE_RDTE-2017-NAVY_BA7-U_RDTE_MasterJustificationBook_Navy_PB_2017.zzz_unzipped-U_RDTE_MasterJustificationBook_Navy_PB_2017.xml","1830d9aa5b6813c20c26e74ca18e064396056625420a5862e8af26fe583a0d89","2-5d1bad2ca242daa9426a2d2c83e1fec4b3ada97556cd61a8b1c34b7a5e585f26","1-4f891c6b5cb0f9ec24a0af61111a67d3735b30c2f57478562efc23a772a3da2f","root.record.ProjectList.Project"
"Joint Strike Fighter 0604800M","","476.350","505.949","507.078","507.078","","","","2017-BASE_RDTE-2017-NAVY_BA7-U_RDTE_MasterJustificationBook_Navy_PB_2017.zzz_unzipped-U_RDTE_MasterJustificationBook_Navy_PB_2017.xml","1ddf227e014940832fca74c9e3108a2f158b948ebaf6d6ace681440d66fedba8","0-4b6a5e04fc8aa617d7e9bd7db05dd3b6a31d7b062e684b4a682a19fa56de16b2","0-7475747dd65dbc1ecaf232e5c4fba6f24a8637bbb454fb982e5e2e2785e6ce03","root.record.ProjectList.Project"
"Joint Strike Fighter 0604800F","","534.344","515.492","403.506","403.506","","","","2017-BASE_RDTE-2017-NAVY_BA7-U_RDTE_MasterJustificationBook_Navy_PB_2017.zzz_unzipped-U_RDTE_MasterJustificationBook_Navy_PB_2017.xml","1ddf227e014940832fca74c9e3108a2f158b948ebaf6d6ace681440d66fedba8","1-7a28fe6f58c6ad8a22b5ea3b08f3955034d6f6827590122375aec7ee6a0cb677","0-7475747dd65dbc1ecaf232e5c4fba6f24a8637bbb454fb982e5e2e2785e6ce03","root.record.ProjectList.Project"
"International Partner","","15.000","17.000","22.000","22.000","","","","2017-BASE_RDTE-2017-NAVY_BA7-U_RDTE_MasterJustificationBook_Navy_PB_2017.zzz_unzipped-U_RDTE_MasterJustificationBook_Navy_PB_2017.xml","1ddf227e014940832fca74c9e3108a2f158b948ebaf6d6ace681440d66fedba8","2-b2239e26783403e3418aca9c998e9eda07ab1de3302b0bdabbae64c205432456","0-7475747dd65dbc1ecaf232e5c4fba6f24a8637bbb454fb982e5e2e2785e6ce03","root.record.ProjectList.Project"
"Joint Strike Fighter 0604800F","","32.593","71.461","46.962","46.962","","","","2017-BASE_RDTE-2017-NAVY_BA7-U_RDTE_MasterJustificationBook_Navy_PB_2017.zzz_unzipped-U_RDTE_MasterJustificationBook_Navy_PB_2017.xml","1ddf227e014940832fca74c9e3108a2f158b948ebaf6d6ace681440d66fedba8","0-3039949b5dd2e5594e845bce3d55acb99e3483fab809617477b096d6c6a45d4e","1-f8ea80b8df7a12b3043f0f4ce34226876c59c787e47c9b93707261a241b1af67","root.record.ProjectList.Project"
"Joint Strike Fighter 0604800M","","11.589","31.952","24.348","24.348","","","","2017-BASE_RDTE-2017-NAVY_BA7-U_RDTE_MasterJustificationBook_Navy_PB_2017.zzz_unzipped-U_RDTE_MasterJustificationBook_Navy_PB_2017.xml","1ddf227e014940832fca74c9e3108a2f158b948ebaf6d6ace681440d66fedba8","1-53cb9f3c1a3fdf8e279d8af38501b80cf58cffbd54d3432cb8217630fadb9947","1-f8ea80b8df7a12b3043f0f4ce34226876c59c787e47c9b93707261a241b1af67","root.record.ProjectList.Project"
"International Partner","","6.089","49.336","19.410","19.410","","","","2017-BASE_RDTE-2017-NAVY_BA7-U_RDTE_MasterJustificationBook_Navy_PB_2017.zzz_unzipped-U_RDTE_MasterJustificationBook_Navy_PB_2017.xml","1ddf227e014940832fca74c9e3108a2f158b948ebaf6d6ace681440d66fedba8","2-2b2783d6087b022ac7bdb62ea3bb491e31e65bed187b5f8594c33dcaf056f21a","1-f8ea80b8df7a12b3043f0f4ce34226876c59c787e47c9b93707261a241b1af67","root.record.ProjectList.Project"
"0207142F JSF FOLLOW ON DEVELOPMENT","","23.660","48.954","127.302","127.302","","","","2017-BASE_RDTE-2017-NAVY_BA7-U_RDTE_MasterJustificationBook_Navy_PB_2017.zzz_unzipped-U_RDTE_MasterJustificationBook_Navy_PB_2017.xml","aafa040c7bf01fddd158df66a35ee9720847b216e11df97c50105b7abaa5a638","0-4722a615463ce452482a02fa13a6fa54220c2343ae93940173cc2fe0fccc0503","0-fcd92193b1afe5eb08593fcb5848ac8910272a9cbf78e043ce0d0eb51b814435","root.record.ProjectList.Project"
"International FoD","","14.997","34.259","117.235","117.235","","","","2017-BASE_RDTE-2017-NAVY_BA7-U_RDTE_MasterJustificationBook_Navy_PB_2017.zzz_unzipped-U_RDTE_MasterJustificationBook_Navy_PB_2017.xml","aafa040c7bf01fddd158df66a35ee9720847b216e11df97c50105b7abaa5a638","1-1c912bc7f5bba48007a208621a14f8e6e2d687ce1d7ecfcff108ab43a06b4456","0-fcd92193b1afe5eb08593fcb5848ac8910272a9cbf78e043ce0d0eb51b814435","root.record.ProjectList.Project"
"0604810N JSF FOLLOW ON DEVELOPMENT","","10.302","21.200","63.387","63.387","","","","2017-BASE_RDTE-2017-NAVY_BA7-U_RDTE_MasterJustificationBook_Navy_PB_2017.zzz_unzipped-U_RDTE_MasterJustificationBook_Navy_PB_2017.xml","aafa040c7bf01fddd158df66a35ee9720847b216e11df97c50105b7abaa5a638","2-c46a800fa4712b09c1cd052748182d08b0c24bcdf96ea58514dc2f914447cd90","0-fcd92193b1afe5eb08593fcb5848ac8910272a9cbf78e043ce0d0eb51b814435","root.record.ProjectList.Project"
"0207142F JSF FOLLOW ON DEVELOPMENT","","23.660","48.954","127.302","127.302","","","","2017-BASE_RDTE-2017-NAVY_BA7-U_RDTE_MasterJustificationBook_Navy_PB_2017.zzz_unzipped-U_RDTE_MasterJustificationBook_Navy_PB_2017.xml","766160dae0e564c08c9241a22168df065ee294756d100ab56c9b978c258f5c63","0-a9c5faeeb729aa4b2756dcb4162dfc09422bbd6e5c83a08c42f9081560286572","0-19b1054e84c932258e8e6c03cc25b198ea802c35765487fe3789020476be2cb6","root.record.ProjectList.Project"
"International FoD","","14.997","34.259","117.235","117.235","","","","2017-BASE_RDTE-2017-NAVY_BA7-U_RDTE_MasterJustificationBook_Navy_PB_2017.zzz_unzipped-U_RDTE_MasterJustificationBook_Navy_PB_2017.xml","766160dae0e564c08c9241a22168df065ee294756d100ab56c9b978c258f5c63","1-61da8a38c064affefe5a52eddcea603c844fe1c92edc5caacdf3dd01568b19d7","0-19b1054e84c932258e8e6c03cc25b198ea802c35765487fe3789020476be2cb6","root.record.ProjectList.Project"
"0604810M JSF FOLLOW ON DEVELOPMENT","","10.086","20.798","74.227","74.227","","","","2017-BASE_RDTE-2017-NAVY_BA7-U_RDTE_MasterJustificationBook_Navy_PB_2017.zzz_unzipped-U_RDTE_MasterJustificationBook_Navy_PB_2017.xml","766160dae0e564c08c9241a22168df065ee294756d100ab56c9b978c258f5c63","2-2dbdabbd320e576b4841c0823fc49e630c31c98cb69b31754f37899fb6e848eb","0-19b1054e84c932258e8e6c03cc25b198ea802c35765487fe3789020476be2cb6","root.record.ProjectList.Project"
"Other Service Funding Adjustment","26466.819","965.464","1033.374","272.128","272.128","122.527","28860.312","","2018-BASE_RDTE-2018-AIRFORCE_V2-U_RDTE_JustificationBook_Air_Force_PB_2018.zzz_unzipped-U_RDTE_JustificationBook_Air_Force_PB_2018.xml","0d94ee70ddd5f6a9e953e051d098e679eae65457b16883b1a213992111781cc1","0-e28d64f9be0194abda4dbad2a43243a0df8eede5a67eb84f333fdfe3033a9b2f","0-b1a261e1f4d91b19d092fa938a79937d69c36d840e7795e19a20768320b434af","root.record.ProjectList.Project"
"Other Service Funding Adjustment","60.773","105.477","61.799","24.068","24.068","4.995","257.112","","2018-BASE_RDTE-2018-AIRFORCE_V2-U_RDTE_JustificationBook_Air_Force_PB_2018.zzz_unzipped-U_RDTE_JustificationBook_Air_Force_PB_2018.xml","0d94ee70ddd5f6a9e953e051d098e679eae65457b16883b1a213992111781cc1","0-c317004bad47799749b9d76bcd584bd07716965e020789f5d6f29132beabee47","1-162883b72c2d33aec4f3ee4c604c9cdcb1583288ee79a4c0b20b50510c12d704","root.record.ProjectList.Project"
"Other Service Program Funding Adjustment","28.560","63.494","246.161","440.347","440.347","0.000","778.562","","2018-BASE_RDTE-2018-AIRFORCE_V3A-U_RDTE_JustificationBook_Air_Force_PB_2018.zzz_unzipped-U_RDTE_JustificationBook_Air_Force_PB_2018.xml","b45424a1cb314675f9790be904a2d21b3c224af8edd257df221a9cefee201c77","0-ba19411891942c66708556a51bc0ceeef92fa3f108119530d1682f6b80bc7050","0-7d2861cd23d10536b14785226953426770e40118c53622d58f8e6c7c1b5d0ee6","root.record.ProjectList.Project"
"Other Service Funding Adjustment","26466.819","965.464","1033.374","272.128","272.128","122.527","28860.312","","2018-BASE_RDTE-2018-AIRFORCE_V3B-U_RDTE_MasterJustificationBook_Air_Force_PB_2018.zzz_unzipped-U_RDTE_MasterJustificationBook_Air_Force_PB_2018.xml","bd8b299d53fad5a78d4c474c6a913e4e20743b4a33557147406bffb518122bca","0-b87a9f7f638bc28b91d0145871a5aa9ed9cc40d0acc482a657e3159f68bc6610","0-cda5416640b67b1a5da9ceafa06986db0b49d867b4b553baa5ebee7cdf539ee8","root.record.ProjectList.Project"
"Other Service Funding Adjustment","60.773","105.477","61.799","24.068","24.068","4.995","257.112","","2018-BASE_RDTE-2018-AIRFORCE_V3B-U_RDTE_MasterJustificationBook_Air_Force_PB_2018.zzz_unzipped-U_RDTE_MasterJustificationBook_Air_Force_PB_2018.xml","bd8b299d53fad5a78d4c474c6a913e4e20743b4a33557147406bffb518122bca","0-410af98539b482550b7f10419303a57b1c9c0a0bf8d85852af51d770a3679914","1-c3713744b225551a073a594a3a545b8ab8b5e57c91ee37290c3b4c17b2bc57b2","root.record.ProjectList.Project"
"Other Service Program Funding Adjustment","28.560","63.494","246.161","440.347","440.347","0.000","778.562","","2018-BASE_RDTE-2018-AIRFORCE_V3B-U_RDTE_MasterJustificationBook_Air_Force_PB_2018.zzz_unzipped-U_RDTE_MasterJustificationBook_Air_Force_PB_2018.xml","e80d134d1767b41d2b2548f02fd6d4a94639026c468ce601ff953b1c5ffa688f","0-b7827a9f6b9755159b392577fcfa15b2856d7f01739ac140cbc5f368e44945de","0-993dcdca1fba721e5aa1f02c9f800fbbb1255d2ffb7be05b446cfd275cbfa679","root.record.ProjectList.Project"
"Joint Strike Fighter 0604800F","","497.031","403.505","255.745","255.745","","","","2018-BASE_RDTE-2018-NAVY_BA5-U_RDTE_JustificationBook_Navy_PB_2018.zzz_unzipped-U_RDTE_JustificationBook_Navy_PB_2018.xml","cf5dbc5bddee3cd037defb8801b88b7c1913270a2e77e9e36ec0d11e42749161","0-fa05807d950b65f7dc97c635ab26c204bc1afa9c4d04cfb7b0228071703b2fd0","0-abf38ed814c046058bcfd8db9d4c66738b95cf34a7295fa3ca353889526dfbe8","root.record.ProjectList.Project"
"Joint Strike Fighter 0604800N","","453.037","504.296","103.144","103.144","","","","2018-BASE_RDTE-2018-NAVY_BA5-U_RDTE_JustificationBook_Navy_PB_2018.zzz_unzipped-U_RDTE_JustificationBook_Navy_PB_2018.xml","cf5dbc5bddee3cd037defb8801b88b7c1913270a2e77e9e36ec0d11e42749161","1-9770e18fc50c4056ef356adf9a55b3af53a26e6fb5158fc9a5595015bdf7c505","0-abf38ed814c046058bcfd8db9d4c66738b95cf34a7295fa3ca353889526dfbe8","root.record.ProjectList.Project"
"International Partner","","17.000","22.000","27.450","27.450","","","","2018-BASE_RDTE-2018-NAVY_BA5-U_RDTE_JustificationBook_Navy_PB_2018.zzz_unzipped-U_RDTE_JustificationBook_Navy_PB_2018.xml","cf5dbc5bddee3cd037defb8801b88b7c1913270a2e77e9e36ec0d11e42749161","2-15bc61cf07b53512eda8f342097e7ab391a20d768d39c8dc154065f7a38c7622","0-abf38ed814c046058bcfd8db9d4c66738b95cf34a7295fa3ca353889526dfbe8","root.record.ProjectList.Project"
"Joint Strike Fighter 0604800F","","78.901","46.962","37.202","37.202","","","","2018-BASE_RDTE-2018-NAVY_BA5-U_RDTE_JustificationBook_Navy_PB_2018.zzz_unzipped-U_RDTE_JustificationBook_Navy_PB_2018.xml","cf5dbc5bddee3cd037defb8801b88b7c1913270a2e77e9e36ec0d11e42749161","0-ad1e336583188efa71664ff70ef7ebed7e9d525de3984e32b004d0639dca2080","1-aa19bdc3529582caa1861d0000aff9af7b52cd39cd622e305c1820a2b0ab3e05","root.record.ProjectList.Project"
"International Partner","","38.992","13.031","6.881","6.881","","","","2018-BASE_RDTE-2018-NAVY_BA5-U_RDTE_JustificationBook_Navy_PB_2018.zzz_unzipped-U_RDTE_JustificationBook_Navy_PB_2018.xml","cf5dbc5bddee3cd037defb8801b88b7c1913270a2e77e9e36ec0d11e42749161","1-42bf0e27d47b976b06580feb1651cec3975a871445b417e954ef2bf5ebe43b29","1-aa19bdc3529582caa1861d0000aff9af7b52cd39cd622e305c1820a2b0ab3e05","root.record.ProjectList.Project"
"Joint Strike Fighter 0604800N 3352","","35.666","24.420","5.787","5.787","","","","2018-BASE_RDTE-2018-NAVY_BA5-U_RDTE_JustificationBook_Navy_PB_2018.zzz_unzipped-U_RDTE_JustificationBook_Navy_PB_2018.xml","cf5dbc5bddee3cd037defb8801b88b7c1913270a2e77e9e36ec0d11e42749161","2-bef8e57351d32f00bca009c1c177fd3dbacabae582995eca0fd2d4d29666f6c1","1-aa19bdc3529582caa1861d0000aff9af7b52cd39cd622e305c1820a2b0ab3e05","root.record.ProjectList.Project"
"Joint Strike Fighter 0604800F","","497.031","403.505","255.745","255.745","","","","2018-BASE_RDTE-2018-NAVY_BA5-U_RDTE_JustificationBook_Navy_PB_2018.zzz_unzipped-U_RDTE_JustificationBook_Navy_PB_2018.xml","67c7d19142ac671e522ec8a4140af0eec61fe80c256f7fcc157a249933ceaf67","0-ffad1584975fe6d5b06df093053e2d79a549c8087fa1b64ad0c5641e793d5c3e","0-5ee3289722156d80bf9ee81b893e2011b33b180edb7530a0b100e20965f7ffad","root.record.ProjectList.Project"
"Joint Strike Fighter 0604800M","","495.428","507.078","141.534","141.534","","","","2018-BASE_RDTE-2018-NAVY_BA5-U_RDTE_JustificationBook_Navy_PB_2018.zzz_unzipped-U_RDTE_JustificationBook_Navy_PB_2018.xml","67c7d19142ac671e522ec8a4140af0eec61fe80c256f7fcc157a249933ceaf67","1-ce9349dca30eda17bd1f3026098022fac7fc17cbdb98cc54d8e12200398f302e","0-5ee3289722156d80bf9ee81b893e2011b33b180edb7530a0b100e20965f7ffad","root.record.ProjectList.Project"
"International Partner","","17.000","22.000","27.450","27.450","","","","2018-BASE_RDTE-2018-NAVY_BA5-U_RDTE_JustificationBook_Navy_PB_2018.zzz_unzipped-U_RDTE_JustificationBook_Navy_PB_2018.xml","67c7d19142ac671e522ec8a4140af0eec61fe80c256f7fcc157a249933ceaf67","2-65e204cc885e875d1305e6acbf6359fc58250f620a46ff2ec708f8a9e3381b46","0-5ee3289722156d80bf9ee81b893e2011b33b180edb7530a0b100e20965f7ffad","root.record.ProjectList.Project"
"Joint Strike Fighter 0604800F","","78.901","46.962","37.202","37.202","","","","2018-BASE_RDTE-2018-NAVY_BA5-U_RDTE_JustificationBook_Navy_PB_2018.zzz_unzipped-U_RDTE_JustificationBook_Navy_PB_2018.xml","67c7d19142ac671e522ec8a4140af0eec61fe80c256f7fcc157a249933ceaf67","0-211cda2f5b2116335330c5785f3e562a64ed4d05cda9701964612968117d23c9","1-6f229924d0e2271a86434ab30b372fa10c59be9067bceb08767b0c606571de8a","root.record.ProjectList.Project"
"Joint Strike Fighter 0604800M 3350","","30.819","24.348","11.400","11.400","","","","2018-BASE_RDTE-2018-NAVY_BA5-U_RDTE_JustificationBook_Navy_PB_2018.zzz_unzipped-U_RDTE_JustificationBook_Navy_PB_2018.xml","67c7d19142ac671e522ec8a4140af0eec61fe80c256f7fcc157a249933ceaf67","1-783829216e38afa5f61483e850d0995fcb154982429e46669d8af9778d376050","1-6f229924d0e2271a86434ab30b372fa10c59be9067bceb08767b0c606571de8a","root.record.ProjectList.Project"
"International Partner","","38.992","13.031","6.881","6.881","","","","2018-BASE_RDTE-2018-NAVY_BA5-U_RDTE_JustificationBook_Navy_PB_2018.zzz_unzipped-U_RDTE_JustificationBook_Navy_PB_2018.xml","67c7d19142ac671e522ec8a4140af0eec61fe80c256f7fcc157a249933ceaf67","2-6560fed71db38fb823a48d20f7fbf639e3fd4909d42e77d46249a34c2d4671b2","1-6f229924d0e2271a86434ab30b372fa10c59be9067bceb08767b0c606571de8a","root.record.ProjectList.Project"
"0207142F JSF Follow on Modernization","","47.023","127.302","299.832","299.832","","","","2018-BASE_RDTE-2018-NAVY_BA5-U_RDTE_JustificationBook_Navy_PB_2018.zzz_unzipped-U_RDTE_JustificationBook_Navy_PB_2018.xml","d36a4ddb970d40101e542b21b3cbf94055cf952d77d41763878abc3453f50543","0-6281cc5939aae2b1dffd6bcef95447f4c44cae456751258bf2cec2c3ebbe60e7","0-b826c6fe4117c037118a4951f6846f8c42017a19e2f3d456fe1fa80657f674bc","root.record.ProjectList.Project"
"International Follow on Modernization","","22.793","108.547","151.110","151.110","","","","2018-BASE_RDTE-2018-NAVY_BA5-U_RDTE_JustificationBook_Navy_PB_2018.zzz_unzipped-U_RDTE_JustificationBook_Navy_PB_2018.xml","d36a4ddb970d40101e542b21b3cbf94055cf952d77d41763878abc3453f50543","1-00a4c8f5211f2b2c3cd038a5b1e9b689e0d70d6b814128678388fec465d13f8a","0-b826c6fe4117c037118a4951f6846f8c42017a19e2f3d456fe1fa80657f674bc","root.record.ProjectList.Project"
"0604810N JSF Follow on Modernization","","20.544","63.387","143.855","143.855","","","","2018-BASE_RDTE-2018-NAVY_BA5-U_RDTE_JustificationBook_Navy_PB_2018.zzz_unzipped-U_RDTE_JustificationBook_Navy_PB_2018.xml","d36a4ddb970d40101e542b21b3cbf94055cf952d77d41763878abc3453f50543","2-ccd216776ff1a1b8a14811b94f6b24f5742135bd2baa7c40ea9dc6903557784c","0-b826c6fe4117c037118a4951f6846f8c42017a19e2f3d456fe1fa80657f674bc","root.record.ProjectList.Project"
"0207142F JSF Follow on Modernization","","47.023","127.302","299.832","299.832","","","","2018-BASE_RDTE-2018-NAVY_BA5-U_RDTE_JustificationBook_Navy_PB_2018.zzz_unzipped-U_RDTE_JustificationBook_Navy_PB_2018.xml","8245408ba3ee02e79f4de54cdebf4e52ff4515967632f24d9404792995fab72c","0-1f733841784198403e90674911bd2f2b5bc88c1be7a8b602409821eabcb48ed0","0-1aab3478225195a48d71ab3c2964575f391de4c0e07a8d06cccc0070f8a2837a","root.record.ProjectList.Project"
"International Follow on Modernization","","22.793","108.547","151.110","151.110","","","","2018-BASE_RDTE-2018-NAVY_BA5-U_RDTE_JustificationBook_Navy_PB_2018.zzz_unzipped-U_RDTE_JustificationBook_Navy_PB_2018.xml","8245408ba3ee02e79f4de54cdebf4e52ff4515967632f24d9404792995fab72c","1-a58bdd03829985d5ff34a596dd284d0df00033ad18a02ecaf27255c52507ec1e","0-1aab3478225195a48d71ab3c2964575f391de4c0e07a8d06cccc0070f8a2837a","root.record.ProjectList.Project"
"0604810M JSF Follow on Modernization","","20.157","74.227","144.958","144.958","","","","2018-BASE_RDTE-2018-NAVY_BA5-U_RDTE_JustificationBook_Navy_PB_2018.zzz_unzipped-U_RDTE_JustificationBook_Navy_PB_2018.xml","8245408ba3ee02e79f4de54cdebf4e52ff4515967632f24d9404792995fab72c","2-1157a10e62cece2be8a33ae8ff25fc6f86d5c52905a4e66093cbe41a497034c0","0-1aab3478225195a48d71ab3c2964575f391de4c0e07a8d06cccc0070f8a2837a","root.record.ProjectList.Project"
"Joint Strike Fighter 0604800F","","497.031","403.505","255.745","255.745","","","","2018-BASE_RDTE-2018-NAVY_BA7-U_RDTE_MasterJustificationBook_Navy_PB_2018.zzz_unzipped-U_RDTE_MasterJustificationBook_Navy_PB_2018.xml","ff273a2274b8f3373abc4a515f1d46f40425b40f61028c497eb76f1dddc85947","0-c855ed68c09a630848d6aad7ec99ddc0cf9cfd6df035d1cc9c60fd0b2d415431","0-099c35a694d4a9f89a47d7248a09f20503bb728f52ffb96eb41f28b48c252b21","root.record.ProjectList.Project"
"Joint Strike Fighter 0604800N","","453.037","504.296","103.144","103.144","","","","2018-BASE_RDTE-2018-NAVY_BA7-U_RDTE_MasterJustificationBook_Navy_PB_2018.zzz_unzipped-U_RDTE_MasterJustificationBook_Navy_PB_2018.xml","ff273a2274b8f3373abc4a515f1d46f40425b40f61028c497eb76f1dddc85947","1-b4e8055cbe0258248f7fb28122fa0ee834e09c86049913e02cc3175b32cf5e82","0-099c35a694d4a9f89a47d7248a09f20503bb728f52ffb96eb41f28b48c252b21","root.record.ProjectList.Project"
"International Partner","","17.000","22.000","27.450","27.450","","","","2018-BASE_RDTE-2018-NAVY_BA7-U_RDTE_MasterJustificationBook_Navy_PB_2018.zzz_unzipped-U_RDTE_MasterJustificationBook_Navy_PB_2018.xml","ff273a2274b8f3373abc4a515f1d46f40425b40f61028c497eb76f1dddc85947","2-30e5fcd5837bfd0a3e1a97fd370e1a8b666c0f0a0705ff52a8494454b80bb255","0-099c35a694d4a9f89a47d7248a09f20503bb728f52ffb96eb41f28b48c252b21","root.record.ProjectList.Project"
"Joint Strike Fighter 0604800F","","78.901","46.962","37.202","37.202","","","","2018-BASE_RDTE-2018-NAVY_BA7-U_RDTE_MasterJustificationBook_Navy_PB_2018.zzz_unzipped-U_RDTE_MasterJustificationBook_Navy_PB_2018.xml","ff273a2274b8f3373abc4a515f1d46f40425b40f61028c497eb76f1dddc85947","0-7283ee735ffe1dd6b14ca5b77c95f3d398110fea77d199a014291396498083b8","1-cfaf2bced8f4e81ef14e81364dcfa2d2a05155c3c5f1e748c056d860a37090f5","root.record.ProjectList.Project"
"International Partner","","38.992","13.031","6.881","6.881","","","","2018-BASE_RDTE-2018-NAVY_BA7-U_RDTE_MasterJustificationBook_Navy_PB_2018.zzz_unzipped-U_RDTE_MasterJustificationBook_Navy_PB_2018.xml","ff273a2274b8f3373abc4a515f1d46f40425b40f61028c497eb76f1dddc85947","1-229d86c2959e2054fa4c0dcc50e3b8821f361432aa9670d630b3c2f6b2c25fc5","1-cfaf2bced8f4e81ef14e81364dcfa2d2a05155c3c5f1e748c056d860a37090f5","root.record.ProjectList.Project"
"Joint Strike Fighter 0604800N 3352","","35.666","24.420","5.787","5.787","","","","2018-BASE_RDTE-2018-NAVY_BA7-U_RDTE_MasterJustificationBook_Navy_PB_2018.zzz_unzipped-U_RDTE_MasterJustificationBook_Navy_PB_2018.xml","ff273a2274b8f3373abc4a515f1d46f40425b40f61028c497eb76f1dddc85947","2-c59708283580587ea4207b31e1f2d00d8ba8cf4d67e678aa254bb942034ee22b","1-cfaf2bced8f4e81ef14e81364dcfa2d2a05155c3c5f1e748c056d860a37090f5","root.record.ProjectList.Project"
"Joint Strike Fighter 0604800F","","497.031","403.505","255.745","255.745","","","","2018-BASE_RDTE-2018-NAVY_BA7-U_RDTE_MasterJustificationBook_Navy_PB_2018.zzz_unzipped-U_RDTE_MasterJustificationBook_Navy_PB_2018.xml","390b3bd7053f5d911ca52cddec40661ce9fc1e357544cf59f3411363b1c639b8","0-a4052a4fdafe1531f3bc4f48ce3a944376c2140edcd49f5736272cd31d81429d","0-df7885be3eea9bd96d5c4d314010a1bc81ef3bb2ab65aef28b5f0412417fd311","root.record.ProjectList.Project"
"Joint Strike Fighter 0604800M","","495.428","507.078","141.534","141.534","","","","2018-BASE_RDTE-2018-NAVY_BA7-U_RDTE_MasterJustificationBook_Navy_PB_2018.zzz_unzipped-U_RDTE_MasterJustificationBook_Navy_PB_2018.xml","390b3bd7053f5d911ca52cddec40661ce9fc1e357544cf59f3411363b1c639b8","1-988ea3fea24a431a6342bead25453aea95f3f656133b7b57346de984cda5e2f4","0-df7885be3eea9bd96d5c4d314010a1bc81ef3bb2ab65aef28b5f0412417fd311","root.record.ProjectList.Project"
"International Partner","","17.000","22.000","27.450","27.450","","","","2018-BASE_RDTE-2018-NAVY_BA7-U_RDTE_MasterJustificationBook_Navy_PB_2018.zzz_unzipped-U_RDTE_MasterJustificationBook_Navy_PB_2018.xml","390b3bd7053f5d911ca52cddec40661ce9fc1e357544cf59f3411363b1c639b8","2-d2910c454b1dc6d7e2dd4ab794120a22f2b6d13322d88a2237e6ed67bc6211ba","0-df7885be3eea9bd96d5c4d314010a1bc81ef3bb2ab65aef28b5f0412417fd311","root.record.ProjectList.Project"
"Joint Strike Fighter 0604800F","","78.901","46.962","37.202","37.202","","","","2018-BASE_RDTE-2018-NAVY_BA7-U_RDTE_MasterJustificationBook_Navy_PB_2018.zzz_unzipped-U_RDTE_MasterJustificationBook_Navy_PB_2018.xml","390b3bd7053f5d911ca52cddec40661ce9fc1e357544cf59f3411363b1c639b8","0-0f9310cd781c02609ffdedda6e85531a8764397fcc314e6f8f259d7ca8d7a992","1-291aff639915c09a4f6ec589bb885de16b23e24d8cab86c68e76a8759e973da7","root.record.ProjectList.Project"
"Joint Strike Fighter 0604800M 3350","","30.819","24.348","11.400","11.400","","","","2018-BASE_RDTE-2018-NAVY_BA7-U_RDTE_MasterJustificationBook_Navy_PB_2018.zzz_unzipped-U_RDTE_MasterJustificationBook_Navy_PB_2018.xml","390b3bd7053f5d911ca52cddec40661ce9fc1e357544cf59f3411363b1c639b8","1-e03d7f2344a9860d0220e8952d966f32fc560598854d1098744c908dffe8f598","1-291aff639915c09a4f6ec589bb885de16b23e24d8cab86c68e76a8759e973da7","root.record.ProjectList.Project"
"International Partner","","38.992","13.031","6.881","6.881","","","","2018-BASE_RDTE-2018-NAVY_BA7-U_RDTE_MasterJustificationBook_Navy_PB_2018.zzz_unzipped-U_RDTE_MasterJustificationBook_Navy_PB_2018.xml","390b3bd7053f5d911ca52cddec40661ce9fc1e357544cf59f3411363b1c639b8","2-41632e01e6632ea3bcc2cb5a69ba24dc09de4a47e01ddfa43d8e48a59d6fe2ee","1-291aff639915c09a4f6ec589bb885de16b23e24d8cab86c68e76a8759e973da7","root.record.ProjectList.Project"
"0207142F JSF Follow on Modernization","","47.023","127.302","299.832","299.832","","","","2018-BASE_RDTE-2018-NAVY_BA7-U_RDTE_MasterJustificationBook_Navy_PB_2018.zzz_unzipped-U_RDTE_MasterJustificationBook_Navy_PB_2018.xml","99ab41b84c705353e5e8ac355a70c7526bcd442a477ce589f129c190c73daba2","0-07bc832a7236a7642185ee91258c3a98be3dfdb04601692daad64f182c54415e","0-c84ddda209ee8cb3b8b4ad215eb3e49b06f63b3ea628670ece16710eae33f0e7","root.record.ProjectList.Project"
"International Follow on Modernization","","22.793","108.547","151.110","151.110","","","","2018-BASE_RDTE-2018-NAVY_BA7-U_RDTE_MasterJustificationBook_Navy_PB_2018.zzz_unzipped-U_RDTE_MasterJustificationBook_Navy_PB_2018.xml","99ab41b84c705353e5e8ac355a70c7526bcd442a477ce589f129c190c73daba2","1-cc2dc7fc8a94bf738d99f2df72733b5e6ae569fb8245ec2e55e7f925dc21fa94","0-c84ddda209ee8cb3b8b4ad215eb3e49b06f63b3ea628670ece16710eae33f0e7","root.record.ProjectList.Project"
"0604810N JSF Follow on Modernization","","20.544","63.387","143.855","143.855","","","","2018-BASE_RDTE-2018-NAVY_BA7-U_RDTE_MasterJustificationBook_Navy_PB_2018.zzz_unzipped-U_RDTE_MasterJustificationBook_Navy_PB_2018.xml","99ab41b84c705353e5e8ac355a70c7526bcd442a477ce589f129c190c73daba2","2-009dc67bb61c9ca0141556d0b1adb5cd20182e5680594ab4c394341292893a8d","0-c84ddda209ee8cb3b8b4ad215eb3e49b06f63b3ea628670ece16710eae33f0e7","root.record.ProjectList.Project"
"0207142F JSF Follow on Modernization","","47.023","127.302","299.832","299.832","","","","2018-BASE_RDTE-2018-NAVY_BA7-U_RDTE_MasterJustificationBook_Navy_PB_2018.zzz_unzipped-U_RDTE_MasterJustificationBook_Navy_PB_2018.xml","dbf2377d39b3bc6512ecf1e75995f6d968c26467e4539d7d57661ae7c2802442","0-d24506efe1a47fd2c9f497a9f2de7c133f5dff517459bcfebbc3757dde931dda","0-22bedb547ee1f3d98431d7e517cfbe31dd8946606d5236e1d8b7df29c1534848","root.record.ProjectList.Project"
"International Follow on Modernization","","22.793","108.547","151.110","151.110","","","","2018-BASE_RDTE-2018-NAVY_BA7-U_RDTE_MasterJustificationBook_Navy_PB_2018.zzz_unzipped-U_RDTE_MasterJustificationBook_Navy_PB_2018.xml","dbf2377d39b3bc6512ecf1e75995f6d968c26467e4539d7d57661ae7c2802442","1-8bbeb1cc75022c378192cecc522d104be26a2e79da1c229f02386f0d14a383c3","0-22bedb547ee1f3d98431d7e517cfbe31dd8946606d5236e1d8b7df29c1534848","root.record.ProjectList.Project"
"0604810M JSF Follow on Modernization","","20.157","74.227","144.958","144.958","","","","2018-BASE_RDTE-2018-NAVY_BA7-U_RDTE_MasterJustificationBook_Navy_PB_2018.zzz_unzipped-U_RDTE_MasterJustificationBook_Navy_PB_2018.xml","dbf2377d39b3bc6512ecf1e75995f6d968c26467e4539d7d57661ae7c2802442","2-7031415436ec44e4b8354dc0774057a52aa9c4313fbf11cdea1d89ab845c3de6","0-22bedb547ee1f3d98431d7e517cfbe31dd8946606d5236e1d8b7df29c1534848","root.record.ProjectList.Project"
"Other Service Funding Adjustment","","0.000","0.000","0.000","0.000","","","0.000","2019-BASE_RDTE-2019-AIRFORCE_V3B-U_RDTE_JustificationBook_Air_Force_PB_2019.zzz_unzipped-U_RDTE_JustificationBook_Air_Force_PB_2019.xml","3ee46a78bd77f62fb8a00b4a539de51d8e9cff02f5165de941817bc7583353b0","0-24a33a47bb88d16823c4061ee25b630816cc2d6dc68b7b8e740ca4f2c588925d","0-f4e6e59ca1aac001e1f499e744404a815df9e8faf739bc33bcf2f895065db089","root.record.ProjectList.Project"
"Other Service Funding Adjustment","","1007.102","272.128","127.103","127.103","","","","2019-BASE_RDTE-2019-AIRFORCE_V2-U_RDTE_JustificationBook_Air_Force_PB_2019.zzz_unzipped-U_RDTE_JustificationBook_Air_Force_PB_2019.xml","ecfeafb187d2faffe9373a3b80b11c9aba5e3b4d711cda3eff9b7a51f4211af7","0-cfb665bfdea2c3b72706ee2d5231ae6701385713789899f3696b72517836e632","0-b1e5e754072af3cf87a5767dbbda1a13b4afff8e688c3c848501d05fdb5c5462","root.record.ProjectList.Project"
"Other Service Funding Adjustment","","78.900","24.068","4.957","4.957","","","","2019-BASE_RDTE-2019-AIRFORCE_V2-U_RDTE_JustificationBook_Air_Force_PB_2019.zzz_unzipped-U_RDTE_JustificationBook_Air_Force_PB_2019.xml","ecfeafb187d2faffe9373a3b80b11c9aba5e3b4d711cda3eff9b7a51f4211af7","0-c5b5a994eaae7563229e7edb4347bfeaa121811c64d874103da2522f15c241ba","1-b89daa1802460e76fd7553d6995085105dc9fa7baab35a683eadb781534076cc","root.record.ProjectList.Project"
"Other Service Funding Adjustment","","","","0.000","0.000","","","0.000","2019-BASE_RDTE-2019-AIRFORCE_V2-U_RDTE_JustificationBook_Air_Force_PB_2019.zzz_unzipped-U_RDTE_JustificationBook_Air_Force_PB_2019.xml","3b859819b6ee051d60469ae389e6b037e07c625fcdfb53251fcdbde16a302266","0-e7838c108b58438094fb4ee2ff5e96a4a1cef96153cbeb35593d5fa87e1db81d","0-e3d0bb174dcad545a6e68d4d9fb57175dcb29ecac88ce00c50c7a0ae148fc0a2","root.record.ProjectList.Project"
"Other Service Funding Adjustment","107.938","119.740","438.981","669.834","669.834","","","","2019-BASE_RDTE-2019-AIRFORCE_V3A-U_RDTE_JustificationBook_Air_Force_PB_2019.zzz_unzipped-U_RDTE_JustificationBook_Air_Force_PB_2019.xml","60b21fa38b7006ef5f74d4c7e651900246627101ce994d397d96b2ee9bb5e570","0-a4755b2b67452a30748f07cc1e149929e9b955901960ee0bf265bfbc1a28f4c5","0-91ab5ec300e0995fde218a424481073a66cf0cf7a2aae8f8157cfe02823d4a88","root.record.ProjectList.Project"
"Other Service Funding Adjustment","","1007.102","272.128","127.103","127.103","","","","2019-BASE_RDTE-2019-AIRFORCE_V3B-U_RDTE_MasterJustificationBook_Air_Force_PB_2019.zzz_unzipped-U_RDTE_MasterJustificationBook_Air_Force_PB_2019.xml","2ac5b076fb8389cf250cba8aca590b9ac40681b3501a065133780ce047e0ae54","0-29b84c5527c522d8724f16648fdafdcc3e88b7aa18fbd90ab64bc4f3934424c2","0-02fd9c7823876ad135322acc69d9acb7bc1e938c8981afed8c1f14f7ab23b35e","root.record.ProjectList.Project"
"Other Service Funding Adjustment","","78.900","24.068","4.957","4.957","","","","2019-BASE_RDTE-2019-AIRFORCE_V3B-U_RDTE_MasterJustificationBook_Air_Force_PB_2019.zzz_unzipped-U_RDTE_MasterJustificationBook_Air_Force_PB_2019.xml","2ac5b076fb8389cf250cba8aca590b9ac40681b3501a065133780ce047e0ae54","0-a407ca9a0f96725ca47d23254703b56f6b3cc63ac6a9e56ceccae39c274f6dda","1-20f31332eade37063d5cecfe304e4832dc68721058c6fe025df64207bed77d7d","root.record.ProjectList.Project"
"Other Service Funding Adjustment","","","","0.000","0.000","","","0.000","2019-BASE_RDTE-2019-AIRFORCE_V3B-U_RDTE_MasterJustificationBook_Air_Force_PB_2019.zzz_unzipped-U_RDTE_MasterJustificationBook_Air_Force_PB_2019.xml","d6f7560043fea3ee4d51aab970f30fe8c1087ae86275d2bff5ca40e2371ffdc6","0-6ab5134bb59cb3ae1a3812eaffacaeaf2da07efa3268bca98cc5ab562cb642db","0-11fb547a1f8c5cc1e17d09365aaa7a28a1a9e75a2f0aab6ca698baa8f7858073","root.record.ProjectList.Project"
"Other Service Funding Adjustment","","1007.102","272.128","127.103","127.103","","","","2019-BASE_RDTE-2019-AIRFORCE_V2-U_RDTE_MasterJustificationBook_Air_Force_PB_2019.zzz_unzipped-U_RDTE_MasterJustificationBook_Air_Force_PB_2019.xml","c26a6f2e7821d713a9bf224938973a81049c4faaf06ab22a03551ab1f28a7038","0-a1c59506facd015818ef14744f8bf10fd4cc914fe918403dbb8d412580083d9a","0-8fa30728158666152b02883d8b649c02c4bb7e005bc76458180daadd55018423","root.record.ProjectList.Project"
"Other Service Funding Adjustment","","78.900","24.068","4.957","4.957","","","","2019-BASE_RDTE-2019-AIRFORCE_V2-U_RDTE_MasterJustificationBook_Air_Force_PB_2019.zzz_unzipped-U_RDTE_MasterJustificationBook_Air_Force_PB_2019.xml","c26a6f2e7821d713a9bf224938973a81049c4faaf06ab22a03551ab1f28a7038","0-8f9d99612354d9d8ddced49ad5d33d8740b1f863fbfe53b6a7d3b6f36f31edf4","1-26ed55b7bb93e82c27b74971e0eadb87c582d103d4e4b094d1798af796c95cd5","root.record.ProjectList.Project"
"Other Service Funding Adjustment","","","","0.000","0.000","","","0.000","2019-BASE_RDTE-2019-AIRFORCE_V2-U_RDTE_MasterJustificationBook_Air_Force_PB_2019.zzz_unzipped-U_RDTE_MasterJustificationBook_Air_Force_PB_2019.xml","113f5b579976c9272ee9fc8fe378cb1e5e609e50d9348bd67d1c3846a18d9742","0-7a42b9a56158dc807c5e4f7f54246da9b6a9a43b639c4e4a42a7ffcef5c04865","0-3f38e83314c8c80e76c2e367d2c26757921e8982ea575996cf9d6096aedb3c68","root.record.ProjectList.Project"
"Other Service Funding Adjustment","107.938","119.740","438.981","669.834","669.834","","","","2019-BASE_RDTE-2019-AIRFORCE_V3B-U_RDTE_MasterJustificationBook_Air_Force_PB_2019.zzz_unzipped-U_RDTE_MasterJustificationBook_Air_Force_PB_2019.xml","1a1f0e94cdb3e47df05630846e104471492bb5f51f5a7bcc9f0e7db062ba693e","0-b42079c16ed856e5ada890912521d34c91779522a11ce3d72f0e677a640494ea","0-4b0ebef3b80eca48fb9699160134b87691812ef624fd5cee8534695134ab1eb3","root.record.ProjectList.Project"
"Other Service Funding Adjustment","107.938","119.740","438.981","669.834","669.834","","","","2019-BASE_RDTE-2019-AIRFORCE_V2-U_RDTE_MasterJustificationBook_Air_Force_PB_2019.zzz_unzipped-U_RDTE_MasterJustificationBook_Air_Force_PB_2019.xml","774b79316f0bca19facbc093250998e46da7c80f68a9b2a1b8f44a99a7ef8884","0-87d586e2d2e89bd671089d0a2f0040d4d27fb6ff4ea51fa037c472fa95dec090","0-53accedef45aa64976611b13adc1206ed6e127b350a6cf559397510eed053190","root.record.ProjectList.Project"
"Other Service Funding Adjustment","","0.000","0.000","0.000","0.000","","","0.000","2019-BASE_RDTE-2019-AIRFORCE_V3B-U_RDTE_MasterJustificationBook_Air_Force_PB_2019.zzz_unzipped-U_RDTE_MasterJustificationBook_Air_Force_PB_2019.xml","f1e583e0e929f1edd7bbaa1a57cd12a796ac8d9702bbd29967ffb872ad34baf1","0-995c0a4cc120bd980e12d308b914f730d9a069888dfe4788459184973419c0b2","0-f48b1eb8d2d398ff562a0259edb4529896945385bba7202a53644ab90a5d3b92","root.record.ProjectList.Project"
"Other Service Funding Adjustment","","0.000","0.000","0.000","0.000","","","0.000","2019-BASE_RDTE-2019-AIRFORCE_V2-U_RDTE_MasterJustificationBook_Air_Force_PB_2019.zzz_unzipped-U_RDTE_MasterJustificationBook_Air_Force_PB_2019.xml","df6e7d00ece98bdade8cc30aee2094a7ee06b3333fbb8510d6e1771327d0d11a","0-1bbef358f7757cf689346607fa2039cbb968eef01b21812ed59b24d218188db9","0-d59bebcaa7126ad49415268d447151b79d426b9fd171caf4f2d757e13022fa57","root.record.ProjectList.Project"
"0207142F JSF Continuous Capability Development and Delivery","","","","472.067","472.067","","","","2019-BASE_RDTE-2019-NAVY_BA7-U_RDTE_JustificationBook_Navy_PB_2019.zzz_unzipped-U_RDTE_JustificationBook_Navy_PB_2019.xml","ee3016d333856b440df3b435e5c812089cc9f703a8b992ca2ad8c7b8c639c6b4","0-ec6a2fe217f39958a2b8c8309efb2f1e62e0df13e57716291a06cc49a3cf7477","0-9944e0dfbdc25727cccce58ab8729d65a97ca2d7fa224b3529b6da8a5b50caae","root.record.ProjectList.Project"
"0604840M JSF Continuous Capability Development and Delivery","","","","252.360","252.360","","","","2019-BASE_RDTE-2019-NAVY_BA7-U_RDTE_JustificationBook_Navy_PB_2019.zzz_unzipped-U_RDTE_JustificationBook_Navy_PB_2019.xml","ee3016d333856b440df3b435e5c812089cc9f703a8b992ca2ad8c7b8c639c6b4","1-56685e6769870259472086f44ee461146156a1f5fb9c01feb79e01029ad737f4","0-9944e0dfbdc25727cccce58ab8729d65a97ca2d7fa224b3529b6da8a5b50caae","root.record.ProjectList.Project"
"International Continuous Capability Development and Delivery","","","","158.352","158.352","","","","2019-BASE_RDTE-2019-NAVY_BA7-U_RDTE_JustificationBook_Navy_PB_2019.zzz_unzipped-U_RDTE_JustificationBook_Navy_PB_2019.xml","ee3016d333856b440df3b435e5c812089cc9f703a8b992ca2ad8c7b8c639c6b4","2-255a6560ea61aed77e653de75aadb73cbc91b05372544537d230dc01ade453d9","0-9944e0dfbdc25727cccce58ab8729d65a97ca2d7fa224b3529b6da8a5b50caae","root.record.ProjectList.Project"
"0207142F JSF Continuous Capability Development and Delivery","","","","475.621","475.621","","","","2019-BASE_RDTE-2019-NAVY_BA7-U_RDTE_JustificationBook_Navy_PB_2019.zzz_unzipped-U_RDTE_JustificationBook_Navy_PB_2019.xml","3ef0a69223c77825d1af47c2d20f87c07a74a88b8205b5b22a6c0e7175f803e7","0-9687e5f09424198a0d2b0102a9179dc7940d0c097c6cde04ec65c8ba7a86e7d9","0-7a391ded29b3ca3927416a588c2364bc5ed4f40f4b2645e6f2c6e6714363f738","root.record.ProjectList.Project"
"0604840M JSF Continuous Capability Development and Delivery","","","","270.122","270.122","","","","2019-BASE_RDTE-2019-NAVY_BA7-U_RDTE_JustificationBook_Navy_PB_2019.zzz_unzipped-U_RDTE_JustificationBook_Navy_PB_2019.xml","3ef0a69223c77825d1af47c2d20f87c07a74a88b8205b5b22a6c0e7175f803e7","1-df742f7ff79df8caa2ecfd5a620a72088d280e256bdd33362695e1f789f1362d","0-7a391ded29b3ca3927416a588c2364bc5ed4f40f4b2645e6f2c6e6714363f738","root.record.ProjectList.Project"
"International Continuous Capability Development and Delivery","","","","158.352","158.352","","","","2019-BASE_RDTE-2019-NAVY_BA7-U_RDTE_JustificationBook_Navy_PB_2019.zzz_unzipped-U_RDTE_JustificationBook_Navy_PB_2019.xml","3ef0a69223c77825d1af47c2d20f87c07a74a88b8205b5b22a6c0e7175f803e7","2-16aa6f6d476e30ac5d554ad9a31a476bc9fdc98fbfa6e81c93a187bc12910998","0-7a391ded29b3ca3927416a588c2364bc5ed4f40f4b2645e6f2c6e6714363f738","root.record.ProjectList.Project"
"Joint Strike Fighter 0604800F","","386.941","255.745","69.519","69.519","","","","2019-BASE_RDTE-2019-NAVY_BA5-U_RDTE_JustificationBook_Navy_PB_2019.zzz_unzipped-U_RDTE_JustificationBook_Navy_PB_2019.xml","79aa8e5b0b701dcf40cf545db9c07c4ce8620a7a264bf5e5cdd21da10423a57e","0-58a2795d7e0e289526f043dc40f82d3589c0e7ec39817c88b29fa1bdbe3e4f3b","0-0f84fa4f2f4d3c8cee8b24227a65cb419ba17428ba32dee2181e95a73420392e","root.record.ProjectList.Project"
"Joint Strike Fighter 0604800N","","489.144","103.144","60.537","60.537","","","","2019-BASE_RDTE-2019-NAVY_BA5-U_RDTE_JustificationBook_Navy_PB_2019.zzz_unzipped-U_RDTE_JustificationBook_Navy_PB_2019.xml","79aa8e5b0b701dcf40cf545db9c07c4ce8620a7a264bf5e5cdd21da10423a57e","1-1bb636a91f02f18823767f0efd142aba82a7a797a5cbdcfd4d58e9a9074aa94b","0-0f84fa4f2f4d3c8cee8b24227a65cb419ba17428ba32dee2181e95a73420392e","root.record.ProjectList.Project"
"International Partner","","22.000","27.450","","","","","","2019-BASE_RDTE-2019-NAVY_BA5-U_RDTE_JustificationBook_Navy_PB_2019.zzz_unzipped-U_RDTE_JustificationBook_Navy_PB_2019.xml","79aa8e5b0b701dcf40cf545db9c07c4ce8620a7a264bf5e5cdd21da10423a57e","2-dae67abb01e8b51f9e59f60f2581693c0647048805fd6a3d5a3e7a57b249dfc4","0-0f84fa4f2f4d3c8cee8b24227a65cb419ba17428ba32dee2181e95a73420392e","root.record.ProjectList.Project"
"Joint Strike Fighter 0604800N 3352","","23.518","5.787","4.957","4.957","","","","2019-BASE_RDTE-2019-NAVY_BA5-U_RDTE_JustificationBook_Navy_PB_2019.zzz_unzipped-U_RDTE_JustificationBook_Navy_PB_2019.xml","79aa8e5b0b701dcf40cf545db9c07c4ce8620a7a264bf5e5cdd21da10423a57e","0-c3bd00614255ee2d0a547af02fb3b4c47bb4c972ec2419e2415690001459884c","1-1e7127424519f7843114a61ea747ab55678efb65355d09fe99fac3ac1f10b01f","root.record.ProjectList.Project"
"International Partner","","31.947","6.881","","","","","","2019-BASE_RDTE-2019-NAVY_BA5-U_RDTE_JustificationBook_Navy_PB_2019.zzz_unzipped-U_RDTE_JustificationBook_Navy_PB_2019.xml","79aa8e5b0b701dcf40cf545db9c07c4ce8620a7a264bf5e5cdd21da10423a57e","1-c73b2a17ef4a83216e43e84944d98d1628a76221b42dbd0cf0727c2420342f84","1-1e7127424519f7843114a61ea747ab55678efb65355d09fe99fac3ac1f10b01f","root.record.ProjectList.Project"
"Joint Strike Fighter 0604800F","","46.962","37.202","","","","","","2019-BASE_RDTE-2019-NAVY_BA5-U_RDTE_JustificationBook_Navy_PB_2019.zzz_unzipped-U_RDTE_JustificationBook_Navy_PB_2019.xml","79aa8e5b0b701dcf40cf545db9c07c4ce8620a7a264bf5e5cdd21da10423a57e","2-8be6f0bea2cae4011fd938d42ea37c3ad1bbdfcedc5464f6236e22641b949a22","1-1e7127424519f7843114a61ea747ab55678efb65355d09fe99fac3ac1f10b01f","root.record.ProjectList.Project"
"Joint Strike Fighter 0604800F","","386.941","255.745","69.519","69.519","","","","2019-BASE_RDTE-2019-NAVY_BA5-U_RDTE_JustificationBook_Navy_PB_2019.zzz_unzipped-U_RDTE_JustificationBook_Navy_PB_2019.xml","5a361dd8a91838fcf068d0dc89de92013f5ad3ba766b771ad16e566dcae79133","0-f02503c9b0a236ec021479962d464daf1eeff42daeb5edc20ecf7e9740cd7234","0-15ae038a0462b07221d6ab11b3adce37c306fc708558aeb7add10dd4c0fd5568","root.record.ProjectList.Project"
"Joint Strike Fighter 0604800M","","495.958","141.534","66.566","66.566","","","","2019-BASE_RDTE-2019-NAVY_BA5-U_RDTE_JustificationBook_Navy_PB_2019.zzz_unzipped-U_RDTE_JustificationBook_Navy_PB_2019.xml","5a361dd8a91838fcf068d0dc89de92013f5ad3ba766b771ad16e566dcae79133","1-0e1c83dfa6ae10027311256a843820c7ec7d9507f244b8656bfbd376b66cf09a","0-15ae038a0462b07221d6ab11b3adce37c306fc708558aeb7add10dd4c0fd5568","root.record.ProjectList.Project"
"International Partner","","22.000","27.450","","","","","","2019-BASE_RDTE-2019-NAVY_BA5-U_RDTE_JustificationBook_Navy_PB_2019.zzz_unzipped-U_RDTE_JustificationBook_Navy_PB_2019.xml","5a361dd8a91838fcf068d0dc89de92013f5ad3ba766b771ad16e566dcae79133","2-aa104465dd490a0e8146a98c4a2ef0c605ffc20c8f13f8ab10eb7be29038050b","0-15ae038a0462b07221d6ab11b3adce37c306fc708558aeb7add10dd4c0fd5568","root.record.ProjectList.Project"
"Joint Strike Fighter 0604800M 3350","","23.435","11.400","","","","","","2019-BASE_RDTE-2019-NAVY_BA5-U_RDTE_JustificationBook_Navy_PB_2019.zzz_unzipped-U_RDTE_JustificationBook_Navy_PB_2019.xml","5a361dd8a91838fcf068d0dc89de92013f5ad3ba766b771ad16e566dcae79133","0-31754e39968ca2962c53d7975d8f8f8ac88e213d2f2f10283c7ea6eeaae007fa","1-8b99d1211facca395b4ec4aa61f79d6a347654478cddf36637d06bf71e3e75ec","root.record.ProjectList.Project"
"International Partner","","31.947","6.881","","","","","","2019-BASE_RDTE-2019-NAVY_BA5-U_RDTE_JustificationBook_Navy_PB_2019.zzz_unzipped-U_RDTE_JustificationBook_Navy_PB_2019.xml","5a361dd8a91838fcf068d0dc89de92013f5ad3ba766b771ad16e566dcae79133","1-38c602a0154d4464e7720d603c6ba3e112a8f31a09d46aad45dab422ddadfc14","1-8b99d1211facca395b4ec4aa61f79d6a347654478cddf36637d06bf71e3e75ec","root.record.ProjectList.Project"
"Joint Strike Fighter 0604800F","","46.962","37.202","","","","","","2019-BASE_RDTE-2019-NAVY_BA5-U_RDTE_JustificationBook_Navy_PB_2019.zzz_unzipped-U_RDTE_JustificationBook_Navy_PB_2019.xml","5a361dd8a91838fcf068d0dc89de92013f5ad3ba766b771ad16e566dcae79133","2-c91fffb3c8755c9e8fcee6b0bb474baeda9a9a0defd4f7f2506c38377412e55c","1-8b99d1211facca395b4ec4aa61f79d6a347654478cddf36637d06bf71e3e75ec","root.record.ProjectList.Project"
"0604810N JSF Continuous Capability Development and Delivery","","25.041","143.855","","","","","","2019-BASE_RDTE-2019-NAVY_BA5-U_RDTE_JustificationBook_Navy_PB_2019.zzz_unzipped-U_RDTE_JustificationBook_Navy_PB_2019.xml","b2b944d85a3b9aea840c458f32b0a7e36350cc96158a1ff787921eaaae7882de","0-31db11167fb5f3a42d88d4c2178d3acd116c34f77c509444adcaa3f2518456be","0-59fede74139fe83c05a5d929b10cbdf7ace1fd58c944448bcf8d4f43388eca4f","root.record.ProjectList.Project"
"International Continuous Capability Development and Delivery","","65.008","150.168","","","","","","2019-BASE_RDTE-2019-NAVY_BA5-U_RDTE_JustificationBook_Navy_PB_2019.zzz_unzipped-U_RDTE_JustificationBook_Navy_PB_2019.xml","b2b944d85a3b9aea840c458f32b0a7e36350cc96158a1ff787921eaaae7882de","1-cac441516d0d0832fb5c036741af187909d8b4366fe24d30f0b9a018549b32bc","0-59fede74139fe83c05a5d929b10cbdf7ace1fd58c944448bcf8d4f43388eca4f","root.record.ProjectList.Project"
"0207142F JSF Continuous Capability Development and Delivery","","48.162","299.408","","","","","","2019-BASE_RDTE-2019-NAVY_BA5-U_RDTE_JustificationBook_Navy_PB_2019.zzz_unzipped-U_RDTE_JustificationBook_Navy_PB_2019.xml","b2b944d85a3b9aea840c458f32b0a7e36350cc96158a1ff787921eaaae7882de","2-a2785dc6cb3f0000a5eef835ffbe9b42614306ca3768d6ad34187ae034b232d7","0-59fede74139fe83c05a5d929b10cbdf7ace1fd58c944448bcf8d4f43388eca4f","root.record.ProjectList.Project"
"0604810M JSF Continuous Capability Development and Delivery","","29.691","144.958","","","","","","2019-BASE_RDTE-2019-NAVY_BA5-U_RDTE_JustificationBook_Navy_PB_2019.zzz_unzipped-U_RDTE_JustificationBook_Navy_PB_2019.xml","c50567b783b320577ada19074d1ce71b0d3446e6a937d2502516ae600c787dae","0-e4bc3b0f4f257a13e4682e93291a8f2d986e3c240c94ce6ef804b78fdfa63683","0-fcd3d94278c8229ba666a950476c62c6b0bcf147873f5d17bb54c0b36563a0a4","root.record.ProjectList.Project"
"International Continuous Capability Development and Delivery","","65.008","150.168","","","","","","2019-BASE_RDTE-2019-NAVY_BA5-U_RDTE_JustificationBook_Navy_PB_2019.zzz_unzipped-U_RDTE_JustificationBook_Navy_PB_2019.xml","c50567b783b320577ada19074d1ce71b0d3446e6a937d2502516ae600c787dae","1-a270c9b3f38e1bf609b36e76dd4b0d66e52ae0e86567343ce05b04d518a03826","0-fcd3d94278c8229ba666a950476c62c6b0bcf147873f5d17bb54c0b36563a0a4","root.record.ProjectList.Project"
"0207142F JSF Continuous Capability Development and Delivery","","48.162","299.408","","","","","","2019-BASE_RDTE-2019-NAVY_BA5-U_RDTE_JustificationBook_Navy_PB_2019.zzz_unzipped-U_RDTE_JustificationBook_Navy_PB_2019.xml","c50567b783b320577ada19074d1ce71b0d3446e6a937d2502516ae600c787dae","2-acd5f5863f4915bd2b119e5049aca866d258711539c73d190c43136b7d0f19fd","0-fcd3d94278c8229ba666a950476c62c6b0bcf147873f5d17bb54c0b36563a0a4","root.record.ProjectList.Project"
"Joint Strike Fighter 0604800F","","386.941","255.745","69.519","69.519","","","","2019-BASE_RDTE-2019-NAVY_BA7-U_RDTE_MasterJustificationBook_Navy_PB_2019.zzz_unzipped-U_RDTE_MasterJustificationBook_Navy_PB_2019.xml","9b3ff823c6c38ea1af82b03113fed47cee2f8c137843e29d76a7a7d09f257bcd","0-92237916002f0ca75a81799e55f970cbf3436c8ff492e9c8f389e877b0a34190","0-406236c774c373d51388a355c89b9ee44b48057468426b1dee5c4b249e3fc929","root.record.ProjectList.Project"
"Joint Strike Fighter 0604800N","","489.144","103.144","60.537","60.537","","","","2019-BASE_RDTE-2019-NAVY_BA7-U_RDTE_MasterJustificationBook_Navy_PB_2019.zzz_unzipped-U_RDTE_MasterJustificationBook_Navy_PB_2019.xml","9b3ff823c6c38ea1af82b03113fed47cee2f8c137843e29d76a7a7d09f257bcd","1-7de32f750438fd839d56394dedfc3bdab39de68056bdaf54d0a0eaef25a51f31","0-406236c774c373d51388a355c89b9ee44b48057468426b1dee5c4b249e3fc929","root.record.ProjectList.Project"
"International Partner","","22.000","27.450","","","","","","2019-BASE_RDTE-2019-NAVY_BA7-U_RDTE_MasterJustificationBook_Navy_PB_2019.zzz_unzipped-U_RDTE_MasterJustificationBook_Navy_PB_2019.xml","9b3ff823c6c38ea1af82b03113fed47cee2f8c137843e29d76a7a7d09f257bcd","2-a02db5a51b5b39508a058b425488f74fbd991d93dc2d010b65e4edacc0ea049a","0-406236c774c373d51388a355c89b9ee44b48057468426b1dee5c4b249e3fc929","root.record.ProjectList.Project"
"Joint Strike Fighter 0604800N 3352","","23.518","5.787","4.957","4.957","","","","2019-BASE_RDTE-2019-NAVY_BA7-U_RDTE_MasterJustificationBook_Navy_PB_2019.zzz_unzipped-U_RDTE_MasterJustificationBook_Navy_PB_2019.xml","9b3ff823c6c38ea1af82b03113fed47cee2f8c137843e29d76a7a7d09f257bcd","0-85cf731db0c707940ec604b35818bbfc8e71e858245ca5126b328d7d1092a754","1-c07e7b76a5de59256ccfcee50f63ad2a03ce4919902d4453bfde7b456a382552","root.record.ProjectList.Project"
"International Partner","","31.947","6.881","","","","","","2019-BASE_RDTE-2019-NAVY_BA7-U_RDTE_MasterJustificationBook_Navy_PB_2019.zzz_unzipped-U_RDTE_MasterJustificationBook_Navy_PB_2019.xml","9b3ff823c6c38ea1af82b03113fed47cee2f8c137843e29d76a7a7d09f257bcd","1-702392014a1b628c174d470af4fc4957c35691874df0afdfa8d3f36597b4086e","1-c07e7b76a5de59256ccfcee50f63ad2a03ce4919902d4453bfde7b456a382552","root.record.ProjectList.Project"
"Joint Strike Fighter 0604800F","","46.962","37.202","","","","","","2019-BASE_RDTE-2019-NAVY_BA7-U_RDTE_MasterJustificationBook_Navy_PB_2019.zzz_unzipped-U_RDTE_MasterJustificationBook_Navy_PB_2019.xml","9b3ff823c6c38ea1af82b03113fed47cee2f8c137843e29d76a7a7d09f257bcd","2-456ea4358ff96b38f65034e8427eecaa63dbd05dff2e934e6c275351de750ee4","1-c07e7b76a5de59256ccfcee50f63ad2a03ce4919902d4453bfde7b456a382552","root.record.ProjectList.Project"
"Joint Strike Fighter 0604800F","","386.941","255.745","69.519","69.519","","","","2019-BASE_RDTE-2019-NAVY_BA7-U_RDTE_MasterJustificationBook_Navy_PB_2019.zzz_unzipped-U_RDTE_MasterJustificationBook_Navy_PB_2019.xml","e7a46b586aeddd34afda2b2d792ce531c4d51cca5b54564c36fc9a4c783d39fe","0-60621a01910bf527e81c67bba48bc1ff821f0553423e6eac3dbb4adec3a5334d","0-9148f66ff98a85bd15385982f5eff029987bc37460d3c02f303e92eaf6bf3e38","root.record.ProjectList.Project"
"Joint Strike Fighter 0604800M","","495.958","141.534","66.566","66.566","","","","2019-BASE_RDTE-2019-NAVY_BA7-U_RDTE_MasterJustificationBook_Navy_PB_2019.zzz_unzipped-U_RDTE_MasterJustificationBook_Navy_PB_2019.xml","e7a46b586aeddd34afda2b2d792ce531c4d51cca5b54564c36fc9a4c783d39fe","1-a903310a40f65ac24b8c020983e1f1d2ba03ee98132a01cd2fc4dd41fb473889","0-9148f66ff98a85bd15385982f5eff029987bc37460d3c02f303e92eaf6bf3e38","root.record.ProjectList.Project"
"International Partner","","22.000","27.450","","","","","","2019-BASE_RDTE-2019-NAVY_BA7-U_RDTE_MasterJustificationBook_Navy_PB_2019.zzz_unzipped-U_RDTE_MasterJustificationBook_Navy_PB_2019.xml","e7a46b586aeddd34afda2b2d792ce531c4d51cca5b54564c36fc9a4c783d39fe","2-df2d2ed1bb3215194a165948ec9b581df50c902b32f5e79a5abda3805d314e54","0-9148f66ff98a85bd15385982f5eff029987bc37460d3c02f303e92eaf6bf3e38","root.record.ProjectList.Project"
"Joint Strike Fighter 0604800M 3350","","23.435","11.400","","","","","","2019-BASE_RDTE-2019-NAVY_BA7-U_RDTE_MasterJustificationBook_Navy_PB_2019.zzz_unzipped-U_RDTE_MasterJustificationBook_Navy_PB_2019.xml","e7a46b586aeddd34afda2b2d792ce531c4d51cca5b54564c36fc9a4c783d39fe","0-e24e182c2280405d8c423786d5d0562c677dc9bd6478cfad342d190be07596d4","1-85f6221f75c14b3ea28838e0c4b7149fb58e718838e194429dd1fcaf199eb248","root.record.ProjectList.Project"
"International Partner","","31.947","6.881","","","","","","2019-BASE_RDTE-2019-NAVY_BA7-U_RDTE_MasterJustificationBook_Navy_PB_2019.zzz_unzipped-U_RDTE_MasterJustificationBook_Navy_PB_2019.xml","e7a46b586aeddd34afda2b2d792ce531c4d51cca5b54564c36fc9a4c783d39fe","1-85828925ae5a05fa3a02639dac0730d49efbdd2014548950d4bca11ef235d74e","1-85f6221f75c14b3ea28838e0c4b7149fb58e718838e194429dd1fcaf199eb248","root.record.ProjectList.Project"
"Joint Strike Fighter 0604800F","","46.962","37.202","","","","","","2019-BASE_RDTE-2019-NAVY_BA7-U_RDTE_MasterJustificationBook_Navy_PB_2019.zzz_unzipped-U_RDTE_MasterJustificationBook_Navy_PB_2019.xml","e7a46b586aeddd34afda2b2d792ce531c4d51cca5b54564c36fc9a4c783d39fe","2-8f079e0ccf94f3920a3b205e79bada623ca1cafa996a3ee4228820df9f6695b5","1-85f6221f75c14b3ea28838e0c4b7149fb58e718838e194429dd1fcaf199eb248","root.record.ProjectList.Project"
"0604810N JSF Continuous Capability Development and Delivery","","25.041","143.855","","","","","","2019-BASE_RDTE-2019-NAVY_BA7-U_RDTE_MasterJustificationBook_Navy_PB_2019.zzz_unzipped-U_RDTE_MasterJustificationBook_Navy_PB_2019.xml","c04ef004f2dd8308b62e2de39b1b29f9622a14bf8cf092bcbd86ff9abfc1fcc3","0-368e001761d513c7cceb53d101060166f3a013dbd215d2f8af60286110a776a4","0-7387e6292007240623fee9f97b115621460ac94d88ef7c3752b45c2b390da3c8","root.record.ProjectList.Project"
"International Continuous Capability Development and Delivery","","65.008","150.168","","","","","","2019-BASE_RDTE-2019-NAVY_BA7-U_RDTE_MasterJustificationBook_Navy_PB_2019.zzz_unzipped-U_RDTE_MasterJustificationBook_Navy_PB_2019.xml","c04ef004f2dd8308b62e2de39b1b29f9622a14bf8cf092bcbd86ff9abfc1fcc3","1-15f1c5d74bc0b5c47b7e75714b10ce4c01e806c6dd7d887d4800b05de6f62f5c","0-7387e6292007240623fee9f97b115621460ac94d88ef7c3752b45c2b390da3c8","root.record.ProjectList.Project"
"0207142F JSF Continuous Capability Development and Delivery","","48.162","299.408","","","","","","2019-BASE_RDTE-2019-NAVY_BA7-U_RDTE_MasterJustificationBook_Navy_PB_2019.zzz_unzipped-U_RDTE_MasterJustificationBook_Navy_PB_2019.xml","c04ef004f2dd8308b62e2de39b1b29f9622a14bf8cf092bcbd86ff9abfc1fcc3","2-16f6358ff33529173dec8c39ff5ee5c11f2334b323f487e0974966c53277a6e0","0-7387e6292007240623fee9f97b115621460ac94d88ef7c3752b45c2b390da3c8","root.record.ProjectList.Project"
"0604810M JSF Continuous Capability Development and Delivery","","29.691","144.958","","","","","","2019-BASE_RDTE-2019-NAVY_BA7-U_RDTE_MasterJustificationBook_Navy_PB_2019.zzz_unzipped-U_RDTE_MasterJustificationBook_Navy_PB_2019.xml","5be3a053607bd26c942508730baa2ecbb101372bad7e8c8367fd832c303a22a0","0-1a91e1be1be38ac5599cac835e92e98bd8939ab89603ef1ced287f57e4508d2a","0-c48db641ecd552ff3738a519b913eebcdc39847007398ae92d865c05d3650936","root.record.ProjectList.Project"
"International Continuous Capability Development and Delivery","","65.008","150.168","","","","","","2019-BASE_RDTE-2019-NAVY_BA7-U_RDTE_MasterJustificationBook_Navy_PB_2019.zzz_unzipped-U_RDTE_MasterJustificationBook_Navy_PB_2019.xml","5be3a053607bd26c942508730baa2ecbb101372bad7e8c8367fd832c303a22a0","1-caa5bd550b7ea5df2152f0b5b2313546c9ac004516b4cf0eefe9a9b0c157bbf6","0-c48db641ecd552ff3738a519b913eebcdc39847007398ae92d865c05d3650936","root.record.ProjectList.Project"
"0207142F JSF Continuous Capability Development and Delivery","","48.162","299.408","","","","","","2019-BASE_RDTE-2019-NAVY_BA7-U_RDTE_MasterJustificationBook_Navy_PB_2019.zzz_unzipped-U_RDTE_MasterJustificationBook_Navy_PB_2019.xml","5be3a053607bd26c942508730baa2ecbb101372bad7e8c8367fd832c303a22a0","2-e264e04d22105f6409b2e9c2314cda93cbf06f2616560a3834b290e4a1e47e25","0-c48db641ecd552ff3738a519b913eebcdc39847007398ae92d865c05d3650936","root.record.ProjectList.Project"
"0207142F JSF Continuous Capability Development and Delivery","","","","472.067","472.067","","","","2019-BASE_RDTE-2019-NAVY_BA7-U_RDTE_MasterJustificationBook_Navy_PB_2019.zzz_unzipped-U_RDTE_MasterJustificationBook_Navy_PB_2019.xml","c9c74982fe75a4df7af1e2457de4c4bbc524da6495eba1cccc256376927c92f0","0-7784096f9811e1780f31cf9a21c9510d37456680e711124cdb57863263fc464f","0-7680e2f5c087dae28724c98ee55076c3e23ea869c1f9fbb037691531b095496e","root.record.ProjectList.Project"
"0604840M JSF Continuous Capability Development and Delivery","","","","252.360","252.360","","","","2019-BASE_RDTE-2019-NAVY_BA7-U_RDTE_MasterJustificationBook_Navy_PB_2019.zzz_unzipped-U_RDTE_MasterJustificationBook_Navy_PB_2019.xml","c9c74982fe75a4df7af1e2457de4c4bbc524da6495eba1cccc256376927c92f0","1-d23bf7d924c788153ff65a1eb8a816b3ab78fa2494d3f46604fada31e39a6089","0-7680e2f5c087dae28724c98ee55076c3e23ea869c1f9fbb037691531b095496e","root.record.ProjectList.Project"
"International Continuous Capability Development and Delivery","","","","158.352","158.352","","","","2019-BASE_RDTE-2019-NAVY_BA7-U_RDTE_MasterJustificationBook_Navy_PB_2019.zzz_unzipped-U_RDTE_MasterJustificationBook_Navy_PB_2019.xml","c9c74982fe75a4df7af1e2457de4c4bbc524da6495eba1cccc256376927c92f0","2-ab68199ae421a52300c7bd85a95e37d6bde35635549d9bf7401ecee9afe81d2a","0-7680e2f5c087dae28724c98ee55076c3e23ea869c1f9fbb037691531b095496e","root.record.ProjectList.Project"
"0207142F JSF Continuous Capability Development and Delivery","","","","475.621","475.621","","","","2019-BASE_RDTE-2019-NAVY_BA7-U_RDTE_MasterJustificationBook_Navy_PB_2019.zzz_unzipped-U_RDTE_MasterJustificationBook_Navy_PB_2019.xml","e23a94fa76682968d2293707ac8daed1d326569dbc2ccc98ff0f84324d5342ab","0-5c2cf9a9949b787784d2fb0e17028771c618e1de1edae8fd8796eba0a3490a35","0-84c2f07933882fb48fa8b8b5f841c5fe160ef965899d9c0b5558f3c6661f5704","root.record.ProjectList.Project"
"0604840M JSF Continuous Capability Development and Delivery","","","","270.122","270.122","","","","2019-BASE_RDTE-2019-NAVY_BA7-U_RDTE_MasterJustificationBook_Navy_PB_2019.zzz_unzipped-U_RDTE_MasterJustificationBook_Navy_PB_2019.xml","e23a94fa76682968d2293707ac8daed1d326569dbc2ccc98ff0f84324d5342ab","1-e4f79803cc1994d4fd8b7d39fcb436b427e4dc5ca16138fbc5466e9451fda5b5","0-84c2f07933882fb48fa8b8b5f841c5fe160ef965899d9c0b5558f3c6661f5704","root.record.ProjectList.Project"
"International Continuous Capability Development and Delivery","","","","158.352","158.352","","","","2019-BASE_RDTE-2019-NAVY_BA7-U_RDTE_MasterJustificationBook_Navy_PB_2019.zzz_unzipped-U_RDTE_MasterJustificationBook_Navy_PB_2019.xml","e23a94fa76682968d2293707ac8daed1d326569dbc2ccc98ff0f84324d5342ab","2-a140386522dabe2b73cbab6c3a1fa350ec8734d63c70ac6e979709f7f6353c7a","0-84c2f07933882fb48fa8b8b5f841c5fe160ef965899d9c0b5558f3c6661f5704","root.record.ProjectList.Project"
"Other Service Funding Adjustment","","273.736","127.103","3.200","3.200","","","","2020-BASE_RDTE-2020-AIRFORCE_V2-U_RDTE_JustificationBook_Air_Force_PB_2020.zzz_unzipped-U_RDTE_JustificationBook_Air_Force_PB_2020.xml","089c5d57c6f39917a241aacb8e133ccf2cb49149d29aa1b6a561c496fcf45bad","0-c824c6c3d0abdecd3e7fe073600f1ac869362e5dc6831d6f6f9f1417f2537325","0-8965be399d88f5261ad241aa4ebc8c1c439ac3399695889dcea21bea62b2c1f9","root.record.ProjectList.Project"
"Other Service Funding Adjustment","","23.405","4.957","","","","","","2020-BASE_RDTE-2020-AIRFORCE_V2-U_RDTE_JustificationBook_Air_Force_PB_2020.zzz_unzipped-U_RDTE_JustificationBook_Air_Force_PB_2020.xml","089c5d57c6f39917a241aacb8e133ccf2cb49149d29aa1b6a561c496fcf45bad","0-a18bd680591f6625c8c1b529b089169a7652e831e4979a31e78addb7f194bd28","1-583f47221afba2ec9b265f5d20f986e58575abdf314286146f037856fbbc4298","root.record.ProjectList.Project"
"Other Service Funding Adjustment","","434.530","671.868","","","","","","2020-BASE_RDTE-2020-AIRFORCE_V3A-U_RDTE_JustificationBook_Air_Force_PB_2020.zzz_unzipped-U_RDTE_JustificationBook_Air_Force_PB_2020.xml","03125cf48077b60f90a9c1bef8d5f385282e590d5ff72412af015e86b08d75cd","0-0f36c40146fa19e3c2dd5dc8334fa09ea6954d7bbf5c08f110f04c0eeb502497","0-a38bb427cfdf4747f9cf8e92f4e03c1934ffc64a2bf9ce992f396afa7c9b9ae1","root.record.ProjectList.Project"
"Other Service Funding Adjustment","","","","1088.509","1088.509","","","","2020-BASE_RDTE-2020-AIRFORCE_V3A-U_RDTE_JustificationBook_Air_Force_PB_2020.zzz_unzipped-U_RDTE_JustificationBook_Air_Force_PB_2020.xml","ff6249705151a5d78bed3f51429706ef10a026c922d6fe8b624f08ee8a5d2ec3","0-548766489e16b3b42ae6fe5223940fa518e7b7c873a588a43991322ceb70e209","0-a6ecc0ede22f6728959b142fe32f8bd5f7d3279742effc935d9b30a68fd82486","root.record.ProjectList.Project"
"Other Service Funding Adjustment","","0.000","0.000","0.000","0.000","","","","2020-BASE_RDTE-2020-AIRFORCE_V3B-U_RDTE_JustificationBook_Air_Force_PB_2020.zzz_unzipped-U_RDTE_JustificationBook_Air_Force_PB_2020.xml","9ac0f1808dbc0f223df2eeb8c18e3b213b27f4aadc371b01856fe52d3817fbcd","0-1e75ce2afff8faf9b61266159526f496d5f16e0d2fff07351543c3f4b4ac2031","0-3bc10a9bca2f3e31158721ef5ad28c24cddcabd212f43db111950a51b98f171d","root.record.ProjectList.Project"
"Other Service Funding Adjustment","","0.000","0.000","","","","","","2020-BASE_RDTE-2020-AIRFORCE_V3B-U_RDTE_JustificationBook_Air_Force_PB_2020.zzz_unzipped-U_RDTE_JustificationBook_Air_Force_PB_2020.xml","ef767fe937037ef61023d354ae81fc1fad569f8e31211d1caf7500969c2cbf5c","0-585bd2637c63f852592a2d625f8bb373d838afb7e17e8dbbd4d8f3e7daf3a04b","0-bf78805d49629806f0983c97a7070857531523f2a79b16bc79ffc323930ed122","root.record.ProjectList.Project"
"Other Service Funding Adjustment","","273.736","127.103","3.200","3.200","","","","2020-BASE_RDTE-2020-AIRFORCE_V3B-U_RDTE_MasterJustificationBook_Air_Force_PB_2020.zzz_unzipped-U_RDTE_MasterJustificationBook_Air_Force_PB_2020.xml","1bfe91a37ddc06ce52b300726f56892ffbbe8e73c842dee7fb043a4080e8b74c","0-77f54d25a8c695dd1b6f9483393637f9a7e9372e2758ac182cd1f9ea2a3b8953","0-ea5dadd8c9404174bf5b3b54bfdfed244907c0fee9c65938f77d3c09cea45507","root.record.ProjectList.Project"
"Other Service Funding Adjustment","","23.405","4.957","","","","","","2020-BASE_RDTE-2020-AIRFORCE_V3B-U_RDTE_MasterJustificationBook_Air_Force_PB_2020.zzz_unzipped-U_RDTE_MasterJustificationBook_Air_Force_PB_2020.xml","1bfe91a37ddc06ce52b300726f56892ffbbe8e73c842dee7fb043a4080e8b74c","0-148620daeb3ec792e6bad29f75b15263ef38bcb130959424840f1fed2a657715","1-a10097eaecbb7f9bc1ee45646951925bcaec07e36b94ed9f602a7208d9efe2b8","root.record.ProjectList.Project"
"Other Service Funding Adjustment","","434.530","671.868","","","","","","2020-BASE_RDTE-2020-AIRFORCE_V3B-U_RDTE_MasterJustificationBook_Air_Force_PB_2020.zzz_unzipped-U_RDTE_MasterJustificationBook_Air_Force_PB_2020.xml","bdfdf9c35defe328d6d0cc86ced47d002df38f9d08d951b1e19347a5a3b016ee","0-de2affe6f48ca4203b2591d775521b655255d46fc6de723cb136805895e5ba44","0-240a277890be3d41f4a9b3c507d73e237ba458b042c9d34b637f21d99bb1cb27","root.record.ProjectList.Project"
"Other Service Funding Adjustment","","","","1088.509","1088.509","","","","2020-BASE_RDTE-2020-AIRFORCE_V3B-U_RDTE_MasterJustificationBook_Air_Force_PB_2020.zzz_unzipped-U_RDTE_MasterJustificationBook_Air_Force_PB_2020.xml","0ec2dec4c52bbc988b0bf871417b2f954b1f8f382f293cca27f6b07c694261b8","0-5c603b3f1a1f3819ef1d4201600a7a3012d09b7d51027afc1c0d60c1e0b28911","0-b919240256ed7ddd8184aa8f0a367af9ee051704fc4c5dc9569798c705bd2069","root.record.ProjectList.Project"
"Other Service Funding Adjustment","","0.000","0.000","0.000","0.000","","","","2020-BASE_RDTE-2020-AIRFORCE_V3B-U_RDTE_MasterJustificationBook_Air_Force_PB_2020.zzz_unzipped-U_RDTE_MasterJustificationBook_Air_Force_PB_2020.xml","0e4246c87fe31def1aaf2fdc14ca50bace7c934e1f01ef858cfd0908ee3a9d35","0-0f55027c9974b69c4484952a2997adf508ba0bf24e33df3c272eae67622711c5","0-2aadc3376ee710741212e34196df3302e35358fb115ceece23651139f1778d60","root.record.ProjectList.Project"
"Other Service Funding Adjustment","","0.000","0.000","","","","","","2020-BASE_RDTE-2020-AIRFORCE_V3B-U_RDTE_MasterJustificationBook_Air_Force_PB_2020.zzz_unzipped-U_RDTE_MasterJustificationBook_Air_Force_PB_2020.xml","d21f5725b29bf2b8548bb226305319e7d4c0246e99cd32067346790ea0387416","0-8e48fdaa7a6a6527c8305ad94f11e85ff6e071a6501abfddee2cdfc4c5aca8f2","0-f84a25df9ac0c02b1e5620ad001c6d03ef19edd4ab7581034f9558381f00a225","root.record.ProjectList.Project"
"Joint Strike Fighter 0604800F","","263.936","69.001","7.628","7.628","","","","2020-BASE_RDTE-2020-NAVY_BA5-U_RDTE_JustificationBook_Navy_PB_2020.zzz_unzipped-U_RDTE_JustificationBook_Navy_PB_2020.xml","eaf72cf205f912e61b017965c44952c83ff1ea7d8d75809b0b1fd59de3f099a3","0-fcdbafdff27551ba77311e88ac2110995a73bc685f09c1f77ab9bfd8fd3510e0","0-af3159b8b12feaf474e3feda6e512a638b7947c1a44423c59e580a88660c7f3f","root.record.ProjectList.Project"
"Joint Strike Fighter 0604800N","","100.084","60.537","1.490","1.490","","","","2020-BASE_RDTE-2020-NAVY_BA5-U_RDTE_JustificationBook_Navy_PB_2020.zzz_unzipped-U_RDTE_JustificationBook_Navy_PB_2020.xml","eaf72cf205f912e61b017965c44952c83ff1ea7d8d75809b0b1fd59de3f099a3","1-c372e3f452d3f8b1683e9e50dfb1db6fe72ba009dcf1641cc3b74a277291d130","0-af3159b8b12feaf474e3feda6e512a638b7947c1a44423c59e580a88660c7f3f","root.record.ProjectList.Project"
"International Partner","","27.450","","","","","","","2020-BASE_RDTE-2020-NAVY_BA5-U_RDTE_JustificationBook_Navy_PB_2020.zzz_unzipped-U_RDTE_JustificationBook_Navy_PB_2020.xml","eaf72cf205f912e61b017965c44952c83ff1ea7d8d75809b0b1fd59de3f099a3","2-2f143d09bad6e7be4e683121713fa8204096f079d6e71dc58785c436ff7f157b","0-af3159b8b12feaf474e3feda6e512a638b7947c1a44423c59e580a88660c7f3f","root.record.ProjectList.Project"
"Joint Strike Fighter 0604800N 3352","","5.564","4.957","","","","","","2020-BASE_RDTE-2020-NAVY_BA5-U_RDTE_JustificationBook_Navy_PB_2020.zzz_unzipped-U_RDTE_JustificationBook_Navy_PB_2020.xml","eaf72cf205f912e61b017965c44952c83ff1ea7d8d75809b0b1fd59de3f099a3","0-b0cf50a146cc9535268ad8eafa5ca1ffec71bb5f792a03fdcee98c71b83a7518","1-73e261724bd5e6aa6a88613c62388c0845eea804acb884ea3de5950c5c0a489d","root.record.ProjectList.Project"
"International Partner","","6.881","","","","","","","2020-BASE_RDTE-2020-NAVY_BA5-U_RDTE_JustificationBook_Navy_PB_2020.zzz_unzipped-U_RDTE_JustificationBook_Navy_PB_2020.xml","eaf72cf205f912e61b017965c44952c83ff1ea7d8d75809b0b1fd59de3f099a3","1-bf30c3c00e4ecfa171750761e483f9d29b3faeb72da4ade9f736eb2a619dbeb3","1-73e261724bd5e6aa6a88613c62388c0845eea804acb884ea3de5950c5c0a489d","root.record.ProjectList.Project"
"Joint Strike Fighter 0604800F","","18.190","","","","","","","2020-BASE_RDTE-2020-NAVY_BA5-U_RDTE_JustificationBook_Navy_PB_2020.zzz_unzipped-U_RDTE_JustificationBook_Navy_PB_2020.xml","eaf72cf205f912e61b017965c44952c83ff1ea7d8d75809b0b1fd59de3f099a3","2-17993ce3ed09ba6004483c0ccbf90136ef1d6a957452eedfde71ffd1c904f1fb","1-73e261724bd5e6aa6a88613c62388c0845eea804acb884ea3de5950c5c0a489d","root.record.ProjectList.Project"
"Joint Strike Fighter 0604800F","","263.936","69.001","7.628","7.628","","","","2020-BASE_RDTE-2020-NAVY_BA5-U_RDTE_JustificationBook_Navy_PB_2020.zzz_unzipped-U_RDTE_JustificationBook_Navy_PB_2020.xml","934358ae58311e2025ca891361e311b0315fdd5a3a24fae9577309ba17ee7ef1","0-4d140d058124f1c6b63907b34ff5a6759929273d32ae37dffa3c6b0ac0b37ecc","0-ac09df5236af566a72c4f22f202aaeb655a91344c6f3445799321402eec7814a","root.record.ProjectList.Project"
"Joint Strike Fighter 0604800M","","146.202","66.566","1.710","1.710","","","","2020-BASE_RDTE-2020-NAVY_BA5-U_RDTE_JustificationBook_Navy_PB_2020.zzz_unzipped-U_RDTE_JustificationBook_Navy_PB_2020.xml","934358ae58311e2025ca891361e311b0315fdd5a3a24fae9577309ba17ee7ef1","1-088c0efaaa7388f800dcc30e4056e63ba369234846e6b105bb4f129e816f25ee","0-ac09df5236af566a72c4f22f202aaeb655a91344c6f3445799321402eec7814a","root.record.ProjectList.Project"
"International Partner","","27.450","","","","","","","2020-BASE_RDTE-2020-NAVY_BA5-U_RDTE_JustificationBook_Navy_PB_2020.zzz_unzipped-U_RDTE_JustificationBook_Navy_PB_2020.xml","934358ae58311e2025ca891361e311b0315fdd5a3a24fae9577309ba17ee7ef1","2-5170e0a695674fd4b2f6e3533aae1d005d53b90fc5a0f8880211994096fd0319","0-ac09df5236af566a72c4f22f202aaeb655a91344c6f3445799321402eec7814a","root.record.ProjectList.Project"
"Joint Strike Fighter 0604800M 3350","","10.960","","","","","","","2020-BASE_RDTE-2020-NAVY_BA5-U_RDTE_JustificationBook_Navy_PB_2020.zzz_unzipped-U_RDTE_JustificationBook_Navy_PB_2020.xml","934358ae58311e2025ca891361e311b0315fdd5a3a24fae9577309ba17ee7ef1","0-59a04a72310a4c416046fa455842b7b7dd34af59e1dbe8bc9009f1683f47282c","1-9230a5d9f1214b609dad83af19f174050dfb56c50fba9bbab07a9adf74a25b38","root.record.ProjectList.Project"
"International Partner","","6.881","","","","","","","2020-BASE_RDTE-2020-NAVY_BA5-U_RDTE_JustificationBook_Navy_PB_2020.zzz_unzipped-U_RDTE_JustificationBook_Navy_PB_2020.xml","934358ae58311e2025ca891361e311b0315fdd5a3a24fae9577309ba17ee7ef1","1-f3dc4af7e4ba0b39a1bcc188fd3e009193e87e7231aebffd5ed56029bd5b7243","1-9230a5d9f1214b609dad83af19f174050dfb56c50fba9bbab07a9adf74a25b38","root.record.ProjectList.Project"
"Joint Strike Fighter 0604800F","","18.190","","","","","","","2020-BASE_RDTE-2020-NAVY_BA5-U_RDTE_JustificationBook_Navy_PB_2020.zzz_unzipped-U_RDTE_JustificationBook_Navy_PB_2020.xml","934358ae58311e2025ca891361e311b0315fdd5a3a24fae9577309ba17ee7ef1","2-949c3df7f4dd0c60b4cc5b13b6f3ead8cf58bfa905800ca1d07fa33d7b274db5","1-9230a5d9f1214b609dad83af19f174050dfb56c50fba9bbab07a9adf74a25b38","root.record.ProjectList.Project"
"0604810N JSF Continuous Capability Development and Delivery","","138.308","","","","","","","2020-BASE_RDTE-2020-NAVY_BA5-U_RDTE_JustificationBook_Navy_PB_2020.zzz_unzipped-U_RDTE_JustificationBook_Navy_PB_2020.xml","337f290d18f5cda51b0b988c3f3254b68cb61e95a474651da4107aa910e0c201","0-679c6c19375a6b19032e373f8a613ab83d9e86b1b8cc0fb342e69bb8f54dad1d","0-788bd955ee70bd2afbbb0739586e0111c2ba523d66a612f4b0ec704814de39fa","root.record.ProjectList.Project"
"International Continuous Capability Development and Delivery","","157.042","","","","","","","2020-BASE_RDTE-2020-NAVY_BA5-U_RDTE_JustificationBook_Navy_PB_2020.zzz_unzipped-U_RDTE_JustificationBook_Navy_PB_2020.xml","337f290d18f5cda51b0b988c3f3254b68cb61e95a474651da4107aa910e0c201","1-e9b88583829e139311cda12d212fde17a792b467d8c1d11f066684715489f97b","0-788bd955ee70bd2afbbb0739586e0111c2ba523d66a612f4b0ec704814de39fa","root.record.ProjectList.Project"
"0207142F JSF Continuous Capability Development and Delivery","","290.891","","","","","","","2020-BASE_RDTE-2020-NAVY_BA5-U_RDTE_JustificationBook_Navy_PB_2020.zzz_unzipped-U_RDTE_JustificationBook_Navy_PB_2020.xml","337f290d18f5cda51b0b988c3f3254b68cb61e95a474651da4107aa910e0c201","2-837311c0937f17d0516a4b4d6e23a0c918f77a41c90bf7c6d65c7e8448ae6d39","0-788bd955ee70bd2afbbb0739586e0111c2ba523d66a612f4b0ec704814de39fa","root.record.ProjectList.Project"
"0604810M JSF Continuous Capability Development and Delivery","","139.369","","","","","","","2020-BASE_RDTE-2020-NAVY_BA5-U_RDTE_JustificationBook_Navy_PB_2020.zzz_unzipped-U_RDTE_JustificationBook_Navy_PB_2020.xml","c061741adfb53bec40e3c149ebaa4b4d6af3c47242fd725a48a3843ef455d98e","0-dc3e5f56f0e9c2f3a45dd26e4b51870e29a997cb1b322504a0ada5787a06a70d","0-8d27b2096e8721e12fcedad00ee451b15a9ba50bbd0d4880ac9c9fbad2eea130","root.record.ProjectList.Project"
"International Continuous Capability Development and Delivery","","157.042","","","","","","","2020-BASE_RDTE-2020-NAVY_BA5-U_RDTE_JustificationBook_Navy_PB_2020.zzz_unzipped-U_RDTE_JustificationBook_Navy_PB_2020.xml","c061741adfb53bec40e3c149ebaa4b4d6af3c47242fd725a48a3843ef455d98e","1-472616288a4e910e254701d9d47ad7a26d1be73677d9aa91fa538eec05f184da","0-8d27b2096e8721e12fcedad00ee451b15a9ba50bbd0d4880ac9c9fbad2eea130","root.record.ProjectList.Project"
"0207142F JSF Continuous Capability Development and Delivery","","290.891","","","","","","","2020-BASE_RDTE-2020-NAVY_BA5-U_RDTE_JustificationBook_Navy_PB_2020.zzz_unzipped-U_RDTE_JustificationBook_Navy_PB_2020.xml","c061741adfb53bec40e3c149ebaa4b4d6af3c47242fd725a48a3843ef455d98e","2-dc5115f173ed13d1872f5bc0c7e09abdcbcc4f36fd5ff98e7c1b446959be15ea","0-8d27b2096e8721e12fcedad00ee451b15a9ba50bbd0d4880ac9c9fbad2eea130","root.record.ProjectList.Project"
"USAF  Continuous Capability Development and Delivery","","","426.494","694.455","694.455","","","","2020-BASE_RDTE-2020-NAVY_BA7-U_RDTE_JustificationBook_Navy_PB_2020.zzz_unzipped-U_RDTE_JustificationBook_Navy_PB_2020.xml","9384e96b933dc3a46b6ca00fa9498f68934a31534c0a4351e0b79d1afc62e4bf","0-9e5da5d2f9fa329f9a24bb5e1b25986ac1bb848b5c924a47d1931df16ff9f4b9","0-595e2049c305f6a5165b9a601c8298fd9b54131fb7d0524ae56f84607a860d3f","root.record.ProjectList.Project"
"F-35C C2D2","","","227.998","383.741","383.741","","","","2020-BASE_RDTE-2020-NAVY_BA7-U_RDTE_JustificationBook_Navy_PB_2020.zzz_unzipped-U_RDTE_JustificationBook_Navy_PB_2020.xml","9384e96b933dc3a46b6ca00fa9498f68934a31534c0a4351e0b79d1afc62e4bf","1-8707d25668cde2ccc49504ab02f5d8fa06dd9d6fd28bd9b85da5cf5b3cb81165","0-595e2049c305f6a5165b9a601c8298fd9b54131fb7d0524ae56f84607a860d3f","root.record.ProjectList.Project"
"International Continuous Capability Development and Delivery","","","209.763","281.887","281.887","","","","2020-BASE_RDTE-2020-NAVY_BA7-U_RDTE_JustificationBook_Navy_PB_2020.zzz_unzipped-U_RDTE_JustificationBook_Navy_PB_2020.xml","9384e96b933dc3a46b6ca00fa9498f68934a31534c0a4351e0b79d1afc62e4bf","2-ec71253003e4a9dacc472e12e652e70e5a73d33bd05f77c91c51bf3f5db5d1f1","0-595e2049c305f6a5165b9a601c8298fd9b54131fb7d0524ae56f84607a860d3f","root.record.ProjectList.Project"
"USAF  Continuous Capability Development and Delivery","","","426.494","694.455","694.455","","","","2020-BASE_RDTE-2020-NAVY_BA7-U_RDTE_JustificationBook_Navy_PB_2020.zzz_unzipped-U_RDTE_JustificationBook_Navy_PB_2020.xml","e8ead39ebcd03d26d4e30e61819588a638a9b37063885f08ef529d37f082effc","0-9e21a9113b0243e25a64a4373d56c01d4046805adc7e6749e069a442daa616ea","0-ca7fbd4018f6954db076f6d8117c2b5e0036cb1a736036b0a040975f95f82fd3","root.record.ProjectList.Project"
"F-35B C2D2","","","234.107","422.881","422.881","","","","2020-BASE_RDTE-2020-NAVY_BA7-U_RDTE_JustificationBook_Navy_PB_2020.zzz_unzipped-U_RDTE_JustificationBook_Navy_PB_2020.xml","e8ead39ebcd03d26d4e30e61819588a638a9b37063885f08ef529d37f082effc","1-67994608c52d1c98129b15d0f139a02311132569e56ef4b31b98de5ed0340f97","0-ca7fbd4018f6954db076f6d8117c2b5e0036cb1a736036b0a040975f95f82fd3","root.record.ProjectList.Project"
"International Continuous Capability Development and Delivery","","","209.763","281.887","281.887","","","","2020-BASE_RDTE-2020-NAVY_BA7-U_RDTE_JustificationBook_Navy_PB_2020.zzz_unzipped-U_RDTE_JustificationBook_Navy_PB_2020.xml","e8ead39ebcd03d26d4e30e61819588a638a9b37063885f08ef529d37f082effc","2-c02394e29f35fa7d48fcfe83b6e070085ff403ec4c16bfff91b20bbbf1072da7","0-ca7fbd4018f6954db076f6d8117c2b5e0036cb1a736036b0a040975f95f82fd3","root.record.ProjectList.Project"
"Joint Strike Fighter 0604800F","","263.936","69.001","7.628","7.628","","","","2020-BASE_RDTE-2020-NAVY_BA7-U_RDTE_MasterJustificationBook_Navy_PB_2020.zzz_unzipped-U_RDTE_MasterJustificationBook_Navy_PB_2020.xml","5152cd250abbb2d0bd8a0f5c4b514c38c0164f322b211218384d812045c98527","0-60298f499a3fdcdb1b51a078742640940c1b70952808e0ce3d1b00e01438bd7a","0-708bea2855761d279e4dbb466e796bfc3f20475a2b28a46a0a686f0c1ff7d259","root.record.ProjectList.Project"
"Joint Strike Fighter 0604800N","","100.084","60.537","1.490","1.490","","","","2020-BASE_RDTE-2020-NAVY_BA7-U_RDTE_MasterJustificationBook_Navy_PB_2020.zzz_unzipped-U_RDTE_MasterJustificationBook_Navy_PB_2020.xml","5152cd250abbb2d0bd8a0f5c4b514c38c0164f322b211218384d812045c98527","1-31b125c7d390c6ac98d1175f7fd231bb14ed091e8554721822bfbf2b7f649757","0-708bea2855761d279e4dbb466e796bfc3f20475a2b28a46a0a686f0c1ff7d259","root.record.ProjectList.Project"
"International Partner","","27.450","","","","","","","2020-BASE_RDTE-2020-NAVY_BA7-U_RDTE_MasterJustificationBook_Navy_PB_2020.zzz_unzipped-U_RDTE_MasterJustificationBook_Navy_PB_2020.xml","5152cd250abbb2d0bd8a0f5c4b514c38c0164f322b211218384d812045c98527","2-bf3534ae1d281e0cf421cb4015a7a63f47c111b7a7b2c043f34b0f9befd82b10","0-708bea2855761d279e4dbb466e796bfc3f20475a2b28a46a0a686f0c1ff7d259","root.record.ProjectList.Project"
"Joint Strike Fighter 0604800N 3352","","5.564","4.957","","","","","","2020-BASE_RDTE-2020-NAVY_BA7-U_RDTE_MasterJustificationBook_Navy_PB_2020.zzz_unzipped-U_RDTE_MasterJustificationBook_Navy_PB_2020.xml","5152cd250abbb2d0bd8a0f5c4b514c38c0164f322b211218384d812045c98527","0-e367b9ed92b709b403a8e38570f87876eb097dbaed286cbe3c40f8f6f5e61953","1-7573f27c16d8b7790858d462673965437e986d31965a03688f02f2789ce19095","root.record.ProjectList.Project"
"International Partner","","6.881","","","","","","","2020-BASE_RDTE-2020-NAVY_BA7-U_RDTE_MasterJustificationBook_Navy_PB_2020.zzz_unzipped-U_RDTE_MasterJustificationBook_Navy_PB_2020.xml","5152cd250abbb2d0bd8a0f5c4b514c38c0164f322b211218384d812045c98527","1-582139c43a520680fceb9660555ef7ed49885bb516609f6dd9df4b9140e0a8f7","1-7573f27c16d8b7790858d462673965437e986d31965a03688f02f2789ce19095","root.record.ProjectList.Project"
"Joint Strike Fighter 0604800F","","18.190","","","","","","","2020-BASE_RDTE-2020-NAVY_BA7-U_RDTE_MasterJustificationBook_Navy_PB_2020.zzz_unzipped-U_RDTE_MasterJustificationBook_Navy_PB_2020.xml","5152cd250abbb2d0bd8a0f5c4b514c38c0164f322b211218384d812045c98527","2-0f65da1e8831088532cc3ef5bbe1dfb5438cbdc69cdf82a0464e85d15cf14b2e","1-7573f27c16d8b7790858d462673965437e986d31965a03688f02f2789ce19095","root.record.ProjectList.Project"
"Joint Strike Fighter 0604800F","","263.936","69.001","7.628","7.628","","","","2020-BASE_RDTE-2020-NAVY_BA7-U_RDTE_MasterJustificationBook_Navy_PB_2020.zzz_unzipped-U_RDTE_MasterJustificationBook_Navy_PB_2020.xml","1c1c3d9851ff54abb6cdd45c7c3fc62f9f68e40c7eee3752118260dea221bc4b","0-03f9e6672ac5c8a272684d4c7f3a4b59874b14e03ce9e966f085f79d305bade3","0-cbbf3c5c1aab4ec741cf6d3ed343a06a7542af04e607eb0a8c20f0660d21d694","root.record.ProjectList.Project"
"Joint Strike Fighter 0604800M","","146.202","66.566","1.710","1.710","","","","2020-BASE_RDTE-2020-NAVY_BA7-U_RDTE_MasterJustificationBook_Navy_PB_2020.zzz_unzipped-U_RDTE_MasterJustificationBook_Navy_PB_2020.xml","1c1c3d9851ff54abb6cdd45c7c3fc62f9f68e40c7eee3752118260dea221bc4b","1-ee230fa483c0589f6d219bfa73f857123ff61c9fa7ac4e1dd194e204064bc569","0-cbbf3c5c1aab4ec741cf6d3ed343a06a7542af04e607eb0a8c20f0660d21d694","root.record.ProjectList.Project"
"International Partner","","27.450","","","","","","","2020-BASE_RDTE-2020-NAVY_BA7-U_RDTE_MasterJustificationBook_Navy_PB_2020.zzz_unzipped-U_RDTE_MasterJustificationBook_Navy_PB_2020.xml","1c1c3d9851ff54abb6cdd45c7c3fc62f9f68e40c7eee3752118260dea221bc4b","2-97aefed7d2ede42745d15d9f7811e0283add20b8c927865c2da607e8d37c0e5b","0-cbbf3c5c1aab4ec741cf6d3ed343a06a7542af04e607eb0a8c20f0660d21d694","root.record.ProjectList.Project"
"Joint Strike Fighter 0604800M 3350","","10.960","","","","","","","2020-BASE_RDTE-2020-NAVY_BA7-U_RDTE_MasterJustificationBook_Navy_PB_2020.zzz_unzipped-U_RDTE_MasterJustificationBook_Navy_PB_2020.xml","1c1c3d9851ff54abb6cdd45c7c3fc62f9f68e40c7eee3752118260dea221bc4b","0-94c07a8c2536a5306c014cf43df4519e92654a0084a303fcab8eae1a386bd4a0","1-6674ca57e99a96ddbda5c586e93c424b21a7105d0143f7284aa1b0761a0956ba","root.record.ProjectList.Project"
"International Partner","","6.881","","","","","","","2020-BASE_RDTE-2020-NAVY_BA7-U_RDTE_MasterJustificationBook_Navy_PB_2020.zzz_unzipped-U_RDTE_MasterJustificationBook_Navy_PB_2020.xml","1c1c3d9851ff54abb6cdd45c7c3fc62f9f68e40c7eee3752118260dea221bc4b","1-5e273cdbd239a704a50f6ffcbc0a1c2efb23690cd68d62e46d41141c9ad09238","1-6674ca57e99a96ddbda5c586e93c424b21a7105d0143f7284aa1b0761a0956ba","root.record.ProjectList.Project"
"Joint Strike Fighter 0604800F","","18.190","","","","","","","2020-BASE_RDTE-2020-NAVY_BA7-U_RDTE_MasterJustificationBook_Navy_PB_2020.zzz_unzipped-U_RDTE_MasterJustificationBook_Navy_PB_2020.xml","1c1c3d9851ff54abb6cdd45c7c3fc62f9f68e40c7eee3752118260dea221bc4b","2-4e1d63dc3f55c669118bbf5dbee45d7e48fffaa830fb09381473d8e6e2fa3fee","1-6674ca57e99a96ddbda5c586e93c424b21a7105d0143f7284aa1b0761a0956ba","root.record.ProjectList.Project"
"0604810N JSF Continuous Capability Development and Delivery","","138.308","","","","","","","2020-BASE_RDTE-2020-NAVY_BA7-U_RDTE_MasterJustificationBook_Navy_PB_2020.zzz_unzipped-U_RDTE_MasterJustificationBook_Navy_PB_2020.xml","3732145ac546c3973489388d95417ad0b4dcc3efbf7faa07cf4f0c1c69526fd3","0-446c4b3a70dc9e989f699a9b0c6d71b39afee93b7cba3d31f3e9299ea94c6917","0-feecf4ed6419eab5a92a34a5d4af059e9186ba248b9397e850572cca0940361a","root.record.ProjectList.Project"
"International Continuous Capability Development and Delivery","","157.042","","","","","","","2020-BASE_RDTE-2020-NAVY_BA7-U_RDTE_MasterJustificationBook_Navy_PB_2020.zzz_unzipped-U_RDTE_MasterJustificationBook_Navy_PB_2020.xml","3732145ac546c3973489388d95417ad0b4dcc3efbf7faa07cf4f0c1c69526fd3","1-52d74c71dd67c28058c2044f5ddaa9fadcd50373c1383cb77c033de5e38b6b7c","0-feecf4ed6419eab5a92a34a5d4af059e9186ba248b9397e850572cca0940361a","root.record.ProjectList.Project"
"0207142F JSF Continuous Capability Development and Delivery","","290.891","","","","","","","2020-BASE_RDTE-2020-NAVY_BA7-U_RDTE_MasterJustificationBook_Navy_PB_2020.zzz_unzipped-U_RDTE_MasterJustificationBook_Navy_PB_2020.xml","3732145ac546c3973489388d95417ad0b4dcc3efbf7faa07cf4f0c1c69526fd3","2-5e5bf9d0e646e32237e5cdec4e6c0598b0d0340c4fa348e79026ca7953a4cf13","0-feecf4ed6419eab5a92a34a5d4af059e9186ba248b9397e850572cca0940361a","root.record.ProjectList.Project"
"0604810M JSF Continuous Capability Development and Delivery","","139.369","","","","","","","2020-BASE_RDTE-2020-NAVY_BA7-U_RDTE_MasterJustificationBook_Navy_PB_2020.zzz_unzipped-U_RDTE_MasterJustificationBook_Navy_PB_2020.xml","5d30cc33f5d8555ffc552ac7388f4a2eae77b6678e31c110de3bc08d8646ec93","0-c97272accd1f701f263d557cea3e49e2bacc056461d4e042307ff01d370a737c","0-16288edd8a527248079aeac3df47712dfb793c5f1bbf39498f3ed60f830af218","root.record.ProjectList.Project"
"International Continuous Capability Development and Delivery","","157.042","","","","","","","2020-BASE_RDTE-2020-NAVY_BA7-U_RDTE_MasterJustificationBook_Navy_PB_2020.zzz_unzipped-U_RDTE_MasterJustificationBook_Navy_PB_2020.xml","5d30cc33f5d8555ffc552ac7388f4a2eae77b6678e31c110de3bc08d8646ec93","1-d068381cf6c065a9676c21b5604bc2043e684a2fccd0c8394a75f0734b75a1df","0-16288edd8a527248079aeac3df47712dfb793c5f1bbf39498f3ed60f830af218","root.record.ProjectList.Project"
"0207142F JSF Continuous Capability Development and Delivery","","290.891","","","","","","","2020-BASE_RDTE-2020-NAVY_BA7-U_RDTE_MasterJustificationBook_Navy_PB_2020.zzz_unzipped-U_RDTE_MasterJustificationBook_Navy_PB_2020.xml","5d30cc33f5d8555ffc552ac7388f4a2eae77b6678e31c110de3bc08d8646ec93","2-1bb5889befa4885ca65df61cb71cdf7ba3ff8b6d73c0a3f4d4ea0a38cea538ff","0-16288edd8a527248079aeac3df47712dfb793c5f1bbf39498f3ed60f830af218","root.record.ProjectList.Project"
"USAF  Continuous Capability Development and Delivery","","","426.494","694.455","694.455","","","","2020-BASE_RDTE-2020-NAVY_BA7-U_RDTE_MasterJustificationBook_Navy_PB_2020.zzz_unzipped-U_RDTE_MasterJustificationBook_Navy_PB_2020.xml","6c9d9411a63409737bf38c198946107d7c438fe35369b105f79e440d7a3fb230","0-2827196d93e5a507f315c2a17315b25edb43ddd1c1e20eed3750f9291ce2b8ac","0-c9421c974f1c59a1af23bf9b76ebf4317e52b5ab7157b9cb0d70214abfeb5140","root.record.ProjectList.Project"
"F-35C C2D2","","","227.998","383.741","383.741","","","","2020-BASE_RDTE-2020-NAVY_BA7-U_RDTE_MasterJustificationBook_Navy_PB_2020.zzz_unzipped-U_RDTE_MasterJustificationBook_Navy_PB_2020.xml","6c9d9411a63409737bf38c198946107d7c438fe35369b105f79e440d7a3fb230","1-48c9454b5403eb905898c5de5262f84c3135b499cc1178548dd401da809eb029","0-c9421c974f1c59a1af23bf9b76ebf4317e52b5ab7157b9cb0d70214abfeb5140","root.record.ProjectList.Project"
"International Continuous Capability Development and Delivery","","","209.763","281.887","281.887","","","","2020-BASE_RDTE-2020-NAVY_BA7-U_RDTE_MasterJustificationBook_Navy_PB_2020.zzz_unzipped-U_RDTE_MasterJustificationBook_Navy_PB_2020.xml","6c9d9411a63409737bf38c198946107d7c438fe35369b105f79e440d7a3fb230","2-5fae7ca1b1c796617d5c8561cb8b9ad53c8d81edb05d29672897564c9a96e6af","0-c9421c974f1c59a1af23bf9b76ebf4317e52b5ab7157b9cb0d70214abfeb5140","root.record.ProjectList.Project"
"USAF  Continuous Capability Development and Delivery","","","426.494","694.455","694.455","","","","2020-BASE_RDTE-2020-NAVY_BA7-U_RDTE_MasterJustificationBook_Navy_PB_2020.zzz_unzipped-U_RDTE_MasterJustificationBook_Navy_PB_2020.xml","7d8d9c563c3f2a3d271c6cd3151c36403e508264d49954af60ae62a9ead61894","0-3dd08cdb14c019f4c98dac8d14a93c136fa7e06df2dc0986547046f396249e82","0-9da1a399cd8638f21514b69b93b86967f5cfb867cc986ea39a77b04c0f6ff379","root.record.ProjectList.Project"
"F-35B C2D2","","","234.107","422.881","422.881","","","","2020-BASE_RDTE-2020-NAVY_BA7-U_RDTE_MasterJustificationBook_Navy_PB_2020.zzz_unzipped-U_RDTE_MasterJustificationBook_Navy_PB_2020.xml","7d8d9c563c3f2a3d271c6cd3151c36403e508264d49954af60ae62a9ead61894","1-9606d8300ede00c2b5b11fbede6ffd7768c46a7425a3e910cd70929b17eed2bd","0-9da1a399cd8638f21514b69b93b86967f5cfb867cc986ea39a77b04c0f6ff379","root.record.ProjectList.Project"
"International Continuous Capability Development and Delivery","","","209.763","281.887","281.887","","","","2020-BASE_RDTE-2020-NAVY_BA7-U_RDTE_MasterJustificationBook_Navy_PB_2020.zzz_unzipped-U_RDTE_MasterJustificationBook_Navy_PB_2020.xml","7d8d9c563c3f2a3d271c6cd3151c36403e508264d49954af60ae62a9ead61894","2-d166c3edc2889e6cd9d09df0e616441840ab13f4b5addc83fc8c932fa52a1917","0-9da1a399cd8638f21514b69b93b86967f5cfb867cc986ea39a77b04c0f6ff379","root.record.ProjectList.Project"
