Name_val,IdCode_val,Cost_AllPriorYears_TotalCost_val,Cost_AllPriorYears_UnitCost_val,Cost_AllPriorYears_Quantity_val,Cost_PriorYear_UnitCost_val,Cost_PriorYear_Quantity_val,Cost_PriorYear_TotalCost_val,Cost_CurrentYear_UnitCost_val,Cost_CurrentYear_Quantity_val,Cost_CurrentYear_TotalCost_val,Cost_BudgetYearOneBase_TotalCost_val,Cost_BudgetYearOneBase_UnitCost_val,Cost_BudgetYearOneBase_Quantity_val,Cost_BudgetYearOneOCO_TotalCost_val,Cost_BudgetYearOne_TotalCost_val,Cost_BudgetYearOne_UnitCost_val,Cost_BudgetYearOne_Quantity_val,Cost_BudgetYearTwo_UnitCost_val,Cost_BudgetYearTwo_Quantity_val,Cost_BudgetYearTwo_TotalCost_val,Cost_BudgetYearThree_UnitCost_val,Cost_BudgetYearThree_Quantity_val,Cost_BudgetYearThree_TotalCost_val,Cost_BudgetYearFour_UnitCost_val,Cost_BudgetYearFour_Quantity_val,Cost_BudgetYearFour_TotalCost_val,Cost_BudgetYearFive_UnitCost_val,Cost_BudgetYearFive_Quantity_val,Cost_BudgetYearFive_TotalCost_val,Cost_Continuing_val,Cost_ToComplete_UnitCost_val,Cost_ToComplete_Quantity_val,Cost_ToComplete_TotalCost_val,Cost_Total_UnitCost_val,Cost_Total_Quantity_val,Cost_Total_TotalCost_val,Cost_TotalCost_PriorYear_val,Cost_TotalCost_CurrentYear_val,Cost_TotalCost_BudgetYearOneBase_val,Cost_TotalCost_BudgetYearOne_val,Cost_TotalCost_BudgetYearTwo_val,Cost_TotalCost_BudgetYearThree_val,Cost_TotalCost_BudgetYearFour_val,Cost_TotalCost_BudgetYearFive_val,Cost_TotalCost_ToComplete_val,Cost_TotalCost_Total_val,Cost_TotalCost_AllPriorYears_val,Cost_TotalCost_BudgetYearOneOCO_val,Cost_Quantity_AllPriorYears_val,Cost_Quantity_PriorYear_val,Cost_Quantity_CurrentYear_val,Cost_Quantity_BudgetYearOneBase_val,Cost_Quantity_BudgetYearOne_val,Cost_Quantity_BudgetYearTwo_val,Cost_Quantity_BudgetYearThree_val,Cost_Quantity_BudgetYearFour_val,Cost_Quantity_BudgetYearFive_val,Cost_Quantity_ToComplete_val,Cost_Quantity_Total_val,Cost_UnitCost_AllPriorYears_val,Cost_UnitCost_PriorYear_val,Cost_UnitCost_CurrentYear_val,Cost_UnitCost_BudgetYearOneBase_val,Cost_UnitCost_BudgetYearOne_val,Cost_UnitCost_BudgetYearTwo_val,Cost_UnitCost_BudgetYearThree_val,Cost_UnitCost_BudgetYearFour_val,Cost_UnitCost_BudgetYearFive_val,Cost_UnitCost_ToComplete_val,Cost_UnitCost_Total_val,@SOURCE_FILENAME,@RECORDID,@ROWID,AllPriorYearsDeliveries_val,@PARENTROWID,@PARENT
"REMOTE ENVIRONMENTAL MONITORING SYSTEM","A","0.000","","","1.5","1","1.5","4.2","1","4.2","0.000","","","0.000","0.000","","","","","","","","","","","","","","","","","","","","","","","","","","","","","","","","","","","","","","","","","","","","","","","","","","","","","","","","2013-BASE_PROCUREMENT-2013-AIRFORCE_MISSILE-JustificationBook_Air_Force_PB_2013.zzz_unzipped-JustificationBook_Air_Force_PB_2013.xml","330c29f5a5f0e8ed876d07b467fbbf6f5e140724b3e9e4215e0f8d5dd7597dba","0-412084c14ac902ed1c2be8bbecf269ccd5b206e90998ac21760e7b0da1bdd78e","","0-990f6cbd1930a792c8ee89241e97a11f54dd07ef3edce60d527a070b60cb6877","root.record.ItemExhibitList.P5Item"
"ENGINEERING","A","0.000","","","","","0.9","","","3.113","0.000","","","0.000","0.000","","","","","","","","","","","","","","","","","","","","","","","","","","","","","","","","","","","","","","","","","","","","","","","","","","","","","","","","2013-BASE_PROCUREMENT-2013-AIRFORCE_MISSILE-JustificationBook_Air_Force_PB_2013.zzz_unzipped-JustificationBook_Air_Force_PB_2013.xml","330c29f5a5f0e8ed876d07b467fbbf6f5e140724b3e9e4215e0f8d5dd7597dba","1-9c4d2772dabf940fadaaebcc2335d930f80fff1064c38ee6624f4213be45527c","","0-990f6cbd1930a792c8ee89241e97a11f54dd07ef3edce60d527a070b60cb6877","root.record.ItemExhibitList.P5Item"
"PRODUCTION SUPPORT SERVICES","A","0.000","","","","","0.752","","","4","0.000","","","0.000","0.000","","","","","","","","","","","","","","","","","","","","","","","","","","","","","","","","","","","","","","","","","","","","","","","","","","","","","","","","2013-BASE_PROCUREMENT-2013-AIRFORCE_MISSILE-JustificationBook_Air_Force_PB_2013.zzz_unzipped-JustificationBook_Air_Force_PB_2013.xml","330c29f5a5f0e8ed876d07b467fbbf6f5e140724b3e9e4215e0f8d5dd7597dba","2-d2fedcc9c1e79c2edbce99563742c74c35b129639f74644d56f8be867ec0e96e","","0-990f6cbd1930a792c8ee89241e97a11f54dd07ef3edce60d527a070b60cb6877","root.record.ItemExhibitList.P5Item"
"DATA","A","0.000","","","","","0.4","","","0.75","0.000","","","0.000","0.000","","","","","","","","","","","","","","","","","","","","","","","","","","","","","","","","","","","","","","","","","","","","","","","","","","","","","","","","2013-BASE_PROCUREMENT-2013-AIRFORCE_MISSILE-JustificationBook_Air_Force_PB_2013.zzz_unzipped-JustificationBook_Air_Force_PB_2013.xml","330c29f5a5f0e8ed876d07b467fbbf6f5e140724b3e9e4215e0f8d5dd7597dba","3-5ca792f7e5bb6d25dcc7715b7f679823cf7089787554a7ddd1e40ca6cb012959","","0-990f6cbd1930a792c8ee89241e97a11f54dd07ef3edce60d527a070b60cb6877","root.record.ItemExhibitList.P5Item"
"GOVERNMENT COSTS","A","0.000","","","","","0.329","","","4","0.000","","","0.000","0.000","","","","","","","","","","","","","","","","","","","","","","","","","","","","","","","","","","","","","","","","","","","","","","","","","","","","","","","","2013-BASE_PROCUREMENT-2013-AIRFORCE_MISSILE-JustificationBook_Air_Force_PB_2013.zzz_unzipped-JustificationBook_Air_Force_PB_2013.xml","330c29f5a5f0e8ed876d07b467fbbf6f5e140724b3e9e4215e0f8d5dd7597dba","4-386b9b0efe778776c8be4246ebd771380a5881c3e20273ca8baa86207b2194cc","","0-990f6cbd1930a792c8ee89241e97a11f54dd07ef3edce60d527a070b60cb6877","root.record.ItemExhibitList.P5Item"
"Launch Services","A","2154.642","89.777","24","104.345","3","313.035","195.069","4","780.274","692.224","173.056","4","0.000","692.224","173.056","4","185.566","5","927.832","195.312","5","976.558","216.335","5","1081.676","206.068","5","1030.339","true","","","","","","","","","","","","","","","","","","","","","","","","","","","","","","","","","","","","","","","","","2013-BASE_PROCUREMENT-2013-AIRFORCE_MISSILE-JustificationBook_Air_Force_PB_2013.zzz_unzipped-JustificationBook_Air_Force_PB_2013.xml","8b85eb0d0f9d135685fb9ddd37378f4e4b83141bb343dc95a96c33fa3bcdf18d","0-02e644c5880af402afc3b04a5fe84349e526af1aa467ef2cf973902af7b986c8","","0-520efcd0e8485ab1910d36a2064c176ca86abea039cee90918f7187010559ed4","root.record.ItemExhibitList.P5Item"
"Launch Capability","A","3387.895","","","","","727.919","","","826.637","874.606","","","0.000","874.606","","","","","914.425","","","962.397","","","1026.065","","","1071.923","true","","","","","","","","","","","","","","","","","","","","","","","","","","","","","","","","","","","","","","","","","2013-BASE_PROCUREMENT-2013-AIRFORCE_MISSILE-JustificationBook_Air_Force_PB_2013.zzz_unzipped-JustificationBook_Air_Force_PB_2013.xml","8b85eb0d0f9d135685fb9ddd37378f4e4b83141bb343dc95a96c33fa3bcdf18d","1-242e0e9bb02d1c8712302b5b44a26244a0e01f3c9cf6bee546ced6314b8da7cb","","0-520efcd0e8485ab1910d36a2064c176ca86abea039cee90918f7187010559ed4","root.record.ItemExhibitList.P5Item"
"REMOTE ENVIRONMENTAL MONITORING SYSTEM","A","0.000","","","1.5","1","1.5","4.2","1","4.2","0.000","","","0.000","0.000","","","","","","","","","","","","","","","","","","","","","","","","","","","","","","","","","","","","","","","","","","","","","","","","","","","","","","","","2013-BASE_PROCUREMENT-2013-AIRFORCE_MISSILE-MasterJustificationBook_Air_Force_PB_2013.zzz_unzipped-MasterJustificationBook_Air_Force_PB_2013.xml","f399505badda0ce97b9cd0a1489cdb66271dafdc767f23f81d1697e9f3480573","0-cf58a086e16ec7140dda9e1aff3aca58f913d502b0900c04ef9f65e292458d31","","0-88d3e62713175c4d1d250969dafd42616b48785a2b380266cf253f7480af69ca","root.record.ItemExhibitList.P5Item"
"ENGINEERING","A","0.000","","","","","0.9","","","3.113","0.000","","","0.000","0.000","","","","","","","","","","","","","","","","","","","","","","","","","","","","","","","","","","","","","","","","","","","","","","","","","","","","","","","","2013-BASE_PROCUREMENT-2013-AIRFORCE_MISSILE-MasterJustificationBook_Air_Force_PB_2013.zzz_unzipped-MasterJustificationBook_Air_Force_PB_2013.xml","f399505badda0ce97b9cd0a1489cdb66271dafdc767f23f81d1697e9f3480573","1-2e052fc0c9fac04b5efe4157a1717bbf248c28acb973a3862e49c7e15f8cd047","","0-88d3e62713175c4d1d250969dafd42616b48785a2b380266cf253f7480af69ca","root.record.ItemExhibitList.P5Item"
"PRODUCTION SUPPORT SERVICES","A","0.000","","","","","0.752","","","4","0.000","","","0.000","0.000","","","","","","","","","","","","","","","","","","","","","","","","","","","","","","","","","","","","","","","","","","","","","","","","","","","","","","","","2013-BASE_PROCUREMENT-2013-AIRFORCE_MISSILE-MasterJustificationBook_Air_Force_PB_2013.zzz_unzipped-MasterJustificationBook_Air_Force_PB_2013.xml","f399505badda0ce97b9cd0a1489cdb66271dafdc767f23f81d1697e9f3480573","2-975018305129525740bf628b89de73d9fd7b5a1a7429699ab22fa0fb8881e25a","","0-88d3e62713175c4d1d250969dafd42616b48785a2b380266cf253f7480af69ca","root.record.ItemExhibitList.P5Item"
"DATA","A","0.000","","","","","0.4","","","0.75","0.000","","","0.000","0.000","","","","","","","","","","","","","","","","","","","","","","","","","","","","","","","","","","","","","","","","","","","","","","","","","","","","","","","","2013-BASE_PROCUREMENT-2013-AIRFORCE_MISSILE-MasterJustificationBook_Air_Force_PB_2013.zzz_unzipped-MasterJustificationBook_Air_Force_PB_2013.xml","f399505badda0ce97b9cd0a1489cdb66271dafdc767f23f81d1697e9f3480573","3-999b02dbe2d0dbdb19ea51366213be81954146ee4c53b31f674ce999a6e0af30","","0-88d3e62713175c4d1d250969dafd42616b48785a2b380266cf253f7480af69ca","root.record.ItemExhibitList.P5Item"
"GOVERNMENT COSTS","A","0.000","","","","","0.329","","","4","0.000","","","0.000","0.000","","","","","","","","","","","","","","","","","","","","","","","","","","","","","","","","","","","","","","","","","","","","","","","","","","","","","","","","2013-BASE_PROCUREMENT-2013-AIRFORCE_MISSILE-MasterJustificationBook_Air_Force_PB_2013.zzz_unzipped-MasterJustificationBook_Air_Force_PB_2013.xml","f399505badda0ce97b9cd0a1489cdb66271dafdc767f23f81d1697e9f3480573","4-e5059d5710710f939784ca1a43698ea5b9cc64e02110a5020fcfcf91837e6549","","0-88d3e62713175c4d1d250969dafd42616b48785a2b380266cf253f7480af69ca","root.record.ItemExhibitList.P5Item"
"Launch Services","A","2154.642","89.777","24","104.345","3","313.035","195.069","4","780.274","692.224","173.056","4","0.000","692.224","173.056","4","185.566","5","927.832","195.312","5","976.558","216.335","5","1081.676","206.068","5","1030.339","true","","","","","","","","","","","","","","","","","","","","","","","","","","","","","","","","","","","","","","","","","2013-BASE_PROCUREMENT-2013-AIRFORCE_MISSILE-MasterJustificationBook_Air_Force_PB_2013.zzz_unzipped-MasterJustificationBook_Air_Force_PB_2013.xml","d10fbc086dd24d31f215c1abc02d7f81f52a1aa0dd3e06f1f6d0611fde3447ec","0-34a98836fe5e7edccd94983c5dc2a672d6cdd14d827203a65f723e90810cbd01","","0-efd6127455d1179ebd7d6fa4e8dd088d1417bf7ac2c3dcb4b825dcf6f3347336","root.record.ItemExhibitList.P5Item"
"Launch Capability","A","3387.895","","","","","727.919","","","826.637","874.606","","","0.000","874.606","","","","","914.425","","","962.397","","","1026.065","","","1071.923","true","","","","","","","","","","","","","","","","","","","","","","","","","","","","","","","","","","","","","","","","","2013-BASE_PROCUREMENT-2013-AIRFORCE_MISSILE-MasterJustificationBook_Air_Force_PB_2013.zzz_unzipped-MasterJustificationBook_Air_Force_PB_2013.xml","d10fbc086dd24d31f215c1abc02d7f81f52a1aa0dd3e06f1f6d0611fde3447ec","1-13e0b601f1bbe36077435d9ae777130ec0989e2df07052da674aeae61c08d602","","0-efd6127455d1179ebd7d6fa4e8dd088d1417bf7ac2c3dcb4b825dcf6f3347336","root.record.ItemExhibitList.P5Item"
"Launch Services","A","2467.677","91.395","27","174.792","5","873.958","162.11","4","648.44","825.738","165.148","5","","825.738","165.148","5","176.6","5","883.002","141.39","5","706.951","136.934","5","684.671","178.801","5","894.007","","274.894","29","7971.933","177.293","90","15956.377","","","","","","","","","","","","","","","","","","","","","","","","","","","","","","","","","","","2014-BASE_PROCUREMENT-2014-AIRFORCE_MISSILE-PROCUREMENT_JustificationBook_Air_Force_PB_2014.zzz_unzipped-PROCUREMENT_JustificationBook_Air_Force_PB_2014.xml","68ea63f1b14499493039407eb06bfa2f6b465ded3e4359e8517cedd6dfa14364","0-e8e181cdc11bfd61fc10e816fe3c09d8106a32702135c791cd3520b1f4728097","15","0-28c9a0246abc92250d52da6091d2b81aadd21b4c39b326ccb92e9bf0f1ac7eef","root.record.ItemExhibitList.P5Item"
"Launch Capability","A","4116.199","","","","","688.722","","","874.637","878.863","","","","878.863","","","","","922.058","","","958.521","","","985.417","","","1004.885","","","","13391.013","","","23820.315","","","","","","","","","","","","","","","","","","","","","","","","","","","","","","","","","","","2014-BASE_PROCUREMENT-2014-AIRFORCE_MISSILE-PROCUREMENT_JustificationBook_Air_Force_PB_2014.zzz_unzipped-PROCUREMENT_JustificationBook_Air_Force_PB_2014.xml","68ea63f1b14499493039407eb06bfa2f6b465ded3e4359e8517cedd6dfa14364","1-01b0ebce5a764a147114f4ff427208a7776b0434a4da23851b661b1f7f86de51","","0-28c9a0246abc92250d52da6091d2b81aadd21b4c39b326ccb92e9bf0f1ac7eef","root.record.ItemExhibitList.P5Item"
"Launch Services","A","2467.677","91.395","27","174.792","5","873.958","162.11","4","648.44","825.738","165.148","5","","825.738","165.148","5","176.6","5","883.002","141.39","5","706.951","136.934","5","684.671","178.801","5","894.007","","274.894","29","7971.933","177.293","90","15956.377","","","","","","","","","","","","","","","","","","","","","","","","","","","","","","","","","","","2014-BASE_PROCUREMENT-2014-AIRFORCE_MISSILE-PROCUREMENT_MasterJustificationBook_Air_Force_PB_2014.zzz_unzipped-PROCUREMENT_MasterJustificationBook_Air_Force_PB_2014.xml","e628ef6da8da11143b41e85d0575946b1eab2d1b8e7c19d89d4f124b7c2b2e32","0-aa68b9b7dcb99a036e221beacb5794c2a5af8a0b9c91c0f79b9e1f64601bf97a","15","0-1d6667d32a651cc869bc997da6941d4a60b4d7297a49d0b12eecdc0dad79308c","root.record.ItemExhibitList.P5Item"
"Launch Capability","A","4116.199","","","","","688.722","","","874.637","878.863","","","","878.863","","","","","922.058","","","958.521","","","985.417","","","1004.885","","","","13391.013","","","23820.315","","","","","","","","","","","","","","","","","","","","","","","","","","","","","","","","","","","2014-BASE_PROCUREMENT-2014-AIRFORCE_MISSILE-PROCUREMENT_MasterJustificationBook_Air_Force_PB_2014.zzz_unzipped-PROCUREMENT_MasterJustificationBook_Air_Force_PB_2014.xml","e628ef6da8da11143b41e85d0575946b1eab2d1b8e7c19d89d4f124b7c2b2e32","1-1ae18480272237b8910ecf0199a3fec296e9ec8b9bd4c44ea68606ec73c7bce8","","0-1d6667d32a651cc869bc997da6941d4a60b4d7297a49d0b12eecdc0dad79308c","root.record.ItemExhibitList.P5Item"
"Launch Capability","A","","","","","","","","","","","","","","","","","","","","","","","","","","","","","","","","","","","","631.551","554.946","745.183","745.183","734.126","772.022","758.05","510.43","11148.019","15854.327","","","","","","","","","","","","","","","","","","","","","","","","","2015-BASE_PROCUREMENT-2015-AIRFORCE_MISSILE-PROCUREMENT_JustificationBook_Air_Force_PB_2015.zzz_unzipped-PROCUREMENT_JustificationBook_Air_Force_PB_2015.xml","5588bd353e468fa2427599906eaf5204c914d2ff6c5a23059ba5e5a43438c69d","0-2874099f3ad5ef8994fa8f10a779a124c750abc0ab72dbaaee255c9c31ac3d4a","","0-7e58b132be33ac956971b8f76cba81c2d6898a47f105dce2fc840b539807a907","root.record.ItemExhibitList.P5Item"
"Launch Services","A","","","","","","","","","","","","","","","","","","","","","","","","","","","","","","","","","","","","573.837","726.093","466.671","466.671","507.406","661.43","668.685","1140.359","10005.128","18029.258","3279.649","","32","4","5","3","3","4","5","4","5","39","101","102.489","143.459","145.219","155.557","155.557","126.852","132.286","167.171","228.072","256.542","178.508","2015-BASE_PROCUREMENT-2015-AIRFORCE_MISSILE-PROCUREMENT_JustificationBook_Air_Force_PB_2015.zzz_unzipped-PROCUREMENT_JustificationBook_Air_Force_PB_2015.xml","04ba31003147d065bb7b0469d96856c0e467991933cc18cbefa9e3616265b178","0-3c223fee9e5e34873c17f325797b443e9cba21cece0e8127f29157753352c57a","19","0-9158d00f54b5e319486eb003a3f25866fda2c5c8f3eda2c66178beb22c9e45e5","root.record.ItemExhibitList.P5Item"
"Launch Capability","A","","","","","","","","","","","","","","","","","","","","","","","","","","","","","","","","","","","","0.000","","0.000","0.000","0.000","0.000","0.000","0.000","0.000","4842.649","4842.649","","","","","","","","","","","","","","","","","","","","","","","","2015-BASE_PROCUREMENT-2015-AIRFORCE_MISSILE-PROCUREMENT_JustificationBook_Air_Force_PB_2015.zzz_unzipped-PROCUREMENT_JustificationBook_Air_Force_PB_2015.xml","04ba31003147d065bb7b0469d96856c0e467991933cc18cbefa9e3616265b178","1-13a43a36e4bc0c1dce6aeaacee800d8fd35ca68f2519039f0ca4444ba5a740cd","","0-9158d00f54b5e319486eb003a3f25866fda2c5c8f3eda2c66178beb22c9e45e5","root.record.ItemExhibitList.P5Item"
"Launch Capability","A","","","","","","","","","","","","","","","","","","","","","","","","","","","","","","","","","","","","631.551","554.946","745.183","745.183","734.126","772.022","758.05","510.43","11148.019","15854.327","","","","","","","","","","","","","","","","","","","","","","","","","2015-BASE_PROCUREMENT-2015-AIRFORCE_MISSILE-PROCUREMENT_MasterJustificationBook_Air_Force_PB_2015.zzz_unzipped-PROCUREMENT_MasterJustificationBook_Air_Force_PB_2015.xml","ee98adf863f9acb06f7969fc9013cb712910207eff6a664b6913ce2fb4fff69f","0-b6fe27bbf8e75a2e63ffc1b8b61c21af4ae98c852e2674f15470972486a06c38","","0-241065905a1c6d2cf0680521864d1205b39569c2e3d9ddb7499af51f8fa63db0","root.record.ItemExhibitList.P5Item"
"Launch Services","A","","","","","","","","","","","","","","","","","","","","","","","","","","","","","","","","","","","","573.837","726.093","466.671","466.671","507.406","661.43","668.685","1140.359","10005.128","18029.258","3279.649","","32","4","5","3","3","4","5","4","5","39","101","102.489","143.459","145.219","155.557","155.557","126.852","132.286","167.171","228.072","256.542","178.508","2015-BASE_PROCUREMENT-2015-AIRFORCE_MISSILE-PROCUREMENT_MasterJustificationBook_Air_Force_PB_2015.zzz_unzipped-PROCUREMENT_MasterJustificationBook_Air_Force_PB_2015.xml","3abf8b64467cbed6c01c156005d72134c5ac025da35c8ec98beeec4ffadf8568","0-91341d2d5c0a24fd92b1adde1b85ad32f7088ce9156656f72f586f98bb20d3d6","19","0-22edfc8c008b84697f7a6ad6fe10a7e671c4858d97240ef19137ee4cd64af486","root.record.ItemExhibitList.P5Item"
"Launch Capability","A","","","","","","","","","","","","","","","","","","","","","","","","","","","","","","","","","","","","0.000","","0.000","0.000","0.000","0.000","0.000","0.000","0.000","4842.649","4842.649","","","","","","","","","","","","","","","","","","","","","","","","2015-BASE_PROCUREMENT-2015-AIRFORCE_MISSILE-PROCUREMENT_MasterJustificationBook_Air_Force_PB_2015.zzz_unzipped-PROCUREMENT_MasterJustificationBook_Air_Force_PB_2015.xml","3abf8b64467cbed6c01c156005d72134c5ac025da35c8ec98beeec4ffadf8568","1-2fefbbdaf6db6cc29f1a4dada5ba64695a8daab05e4af9b53ee6b3a02af3cca9","","0-22edfc8c008b84697f7a6ad6fe10a7e671c4858d97240ef19137ee4cd64af486","root.record.ItemExhibitList.P5Item"
"Launch Capability","","","","","","","","","","","","","","","","","","","","","","","","","","","","","","","","","","","","","554.946","673.428","0","0","0","0","0","0","0","1859.925","631.551","0","","1","1","","","","","","","","2","","554.946","673.428","","","","","","","","929.963","2016-BASE_PROCUREMENT-2016-AIRFORCE_MISSILE-PROCUREMENT_JustificationBook_Air_Force_PB_2016.zzz_unzipped-PROCUREMENT_JustificationBook_Air_Force_PB_2016.xml","6c9aa995b91ad030ee6d32b356405a3b1f11b8001606a08d20590bebadee431a","0-607a8a7f309f165567df620bf500bce8298c8bf775894f4a9ae04a76fcd63c8a","","0-a49af88f4d608adaf0a380fff33be3d57edf24102f3bc94fbd30c25b112e570e","root.record.ItemExhibitList.P5Item"
"Launch Services","","","","","","","","","","","","","","","","","","","","","","","","","","","","","","","","","","","","","749.616","539.843","","0","","","","0","0","5154.029","3864.57","0","36","5","4","","","","","","","","45","107.349","149.923","134.961","","","","","","","","114.534","2016-BASE_PROCUREMENT-2016-AIRFORCE_MISSILE-PROCUREMENT_JustificationBook_Air_Force_PB_2016.zzz_unzipped-PROCUREMENT_JustificationBook_Air_Force_PB_2016.xml","cf8925d65bd63fdedf24ce17755069f37593cef7cbbe4aeacd94a8f5b6fd690f","0-ab7e201c4eff373bf12cb2c2a427cf141dcbc26dfac109af98ab13b840f30e9e","27","0-355414d1c7a2e9eaffbf76120fcb2248f20d63c5c658577b52a2c80023d1bc2f","root.record.ItemExhibitList.P5Item"
"Launch Capability","","","","","","","","","","","","","","","","","","","","","","","","","","","","","","","","","","","","","","0","0","0","0","0","0","","0","4842.649","4842.649","0","","","","","","","","","","","","","","","","","","","","","","","2016-BASE_PROCUREMENT-2016-AIRFORCE_MISSILE-PROCUREMENT_JustificationBook_Air_Force_PB_2016.zzz_unzipped-PROCUREMENT_JustificationBook_Air_Force_PB_2016.xml","cf8925d65bd63fdedf24ce17755069f37593cef7cbbe4aeacd94a8f5b6fd690f","1-1b2228986718da009b3d2508d8e270252e9ec0a519233545817696732bc4a20d","","0-355414d1c7a2e9eaffbf76120fcb2248f20d63c5c658577b52a2c80023d1bc2f","root.record.ItemExhibitList.P5Item"
"Launch Capability","","","","","","","","","","","","","","","","","","","","","","","","","","","","","","","","","","","","","554.946","673.428","0","0","0","0","0","0","0","1859.925","631.551","0","","1","1","","","","","","","","2","","554.946","673.428","","","","","","","","929.963","2016-BASE_PROCUREMENT-2016-AIRFORCE_MISSILE-PROCUREMENT_MasterJustificationBook_Air_Force_PB_2016.zzz_unzipped-PROCUREMENT_MasterJustificationBook_Air_Force_PB_2016.xml","276c920b26f02c0ce9ac31d54a0860fa7e35984db3fb4afee67af15af6561e99","0-0784a3268aa5da0767217c1c74d6f88c3f4eef251a005e29612f6685f7edc516","","0-ce7200e2a413a1e9bd956de8b29f0923f73fbc8b50a49b732f056e822493ffd6","root.record.ItemExhibitList.P5Item"
"Launch Services","","","","","","","","","","","","","","","","","","","","","","","","","","","","","","","","","","","","","749.616","539.843","","0","","","","0","0","5154.029","3864.57","0","36","5","4","","","","","","","","45","107.349","149.923","134.961","","","","","","","","114.534","2016-BASE_PROCUREMENT-2016-AIRFORCE_MISSILE-PROCUREMENT_MasterJustificationBook_Air_Force_PB_2016.zzz_unzipped-PROCUREMENT_MasterJustificationBook_Air_Force_PB_2016.xml","939818d19b159c135335fe081effefc55291969edf99d66feedb0e0d81b54846","0-3d3a822999aa736372d0fabcb81f80b4b45f676f0fa9b27ee1575b4507464c21","27","0-34e4919977d465fa7020c71488bc994256ac83bccae17264a0956cdd87002fe2","root.record.ItemExhibitList.P5Item"
"Launch Capability","","","","","","","","","","","","","","","","","","","","","","","","","","","","","","","","","","","","","","0","0","0","0","0","0","","0","4842.649","4842.649","0","","","","","","","","","","","","","","","","","","","","","","","2016-BASE_PROCUREMENT-2016-AIRFORCE_MISSILE-PROCUREMENT_MasterJustificationBook_Air_Force_PB_2016.zzz_unzipped-PROCUREMENT_MasterJustificationBook_Air_Force_PB_2016.xml","939818d19b159c135335fe081effefc55291969edf99d66feedb0e0d81b54846","1-1a76b88a6b636502c6387d71a8ac6cf68e3173961f158f5753799628b3a339b1","","0-34e4919977d465fa7020c71488bc994256ac83bccae17264a0956cdd87002fe2","root.record.ItemExhibitList.P5Item"
"Launch Capability","","","","","","","","","","","","","","","","","","","","","","","","","","","","","","","","","","","","","0","0","556.233","556.233","761.945","748.303","500.499","509.519","9307.516","12384.015","0","0","","","","1","1","1","1","1","1","1","6","","","","556.233","556.233","761.945","748.303","500.499","509.519","9307.516","2064.003","2016-BASE_PROCUREMENT-2016-AIRFORCE_SPACE-PROCUREMENT_JustificationBook_Air_Force_PB_2016.zzz_unzipped-PROCUREMENT_JustificationBook_Air_Force_PB_2016.xml","d1f0521c73ebc9037816c74e70ee33273b5fd9f2e08f916f050ecbe177d86071","0-371c26862337ec4a665039cab750596712283dc8e166c5637a2c12cd38a044ac","","0-9fa87f673a2eba0b684b3a72af8dc4b575ce47c07d197e4c752c326f5c44f283","root.record.ItemExhibitList.P5Item"
"Launch Services","","","","","","","","","","","","","","","","","","","","","","","","","","","","","","","","","","","","","","","632.981","632.981","655.647","666.413","1135.319","1147.357","8308.983","12546.7","","0","","","","5","5","5","4","5","5","34","58","","","","126.596","126.596","131.129","166.603","227.064","229.471","244.382","216.322","2016-BASE_PROCUREMENT-2016-AIRFORCE_SPACE-PROCUREMENT_JustificationBook_Air_Force_PB_2016.zzz_unzipped-PROCUREMENT_JustificationBook_Air_Force_PB_2016.xml","7a2d660364617df9c4864dac6ccd860e0aa8b3a898565771e1e333f1544053e7","0-d30b9c3b09470bfa91307f925ba6996971f50566b02fb0e38b7475b7fc6f3bd3","","0-5d8f6f8c74407b4d0e9defd1cbfa0aa41dd983f909b8cecc8757a8e7de58c0a6","root.record.ItemExhibitList.P5Item"
"Launch Capability","","","","","","","","","","","","","","","","","","","","","","","","","","","","","","","","","","","","","","","0","0","0","0","0","","0","0","0","0","","","","","","","","","","","","","","","","","","","","","","","2016-BASE_PROCUREMENT-2016-AIRFORCE_SPACE-PROCUREMENT_JustificationBook_Air_Force_PB_2016.zzz_unzipped-PROCUREMENT_JustificationBook_Air_Force_PB_2016.xml","7a2d660364617df9c4864dac6ccd860e0aa8b3a898565771e1e333f1544053e7","1-5f319f7604ba37f75e3db7d10300874b07270fc37a4d53bc43c7d90ebfdd7bf3","","0-5d8f6f8c74407b4d0e9defd1cbfa0aa41dd983f909b8cecc8757a8e7de58c0a6","root.record.ItemExhibitList.P5Item"
"Launch Capability","","","","","","","","","","","","","","","","","","","","","","","","","","","","","","","","","","","","","0","0","556.233","556.233","761.945","748.303","500.499","509.519","9307.516","12384.015","0","0","","","","1","1","1","1","1","1","1","6","","","","556.233","556.233","761.945","748.303","500.499","509.519","9307.516","2064.003","2016-BASE_PROCUREMENT-2016-AIRFORCE_SPACE-PROCUREMENT_MasterJustificationBook_Air_Force_PB_2016.zzz_unzipped-PROCUREMENT_MasterJustificationBook_Air_Force_PB_2016.xml","a5822c6433aedb78daa4985dc310373c7cdabcb6db4d8f36492c10d0e4fd1487","0-7edb5f60c0171e2191c798f03c56e060a0b3697e55d1d959f0c5cffcb4062198","","0-f1eaba5254769818a7385c0c070d8b1ac647378e12df3570e3519dad79d31783","root.record.ItemExhibitList.P5Item"
"Launch Services","","","","","","","","","","","","","","","","","","","","","","","","","","","","","","","","","","","","","","","632.981","632.981","655.647","666.413","1135.319","1147.357","8308.983","12546.7","","0","","","","5","5","5","4","5","5","34","58","","","","126.596","126.596","131.129","166.603","227.064","229.471","244.382","216.322","2016-BASE_PROCUREMENT-2016-AIRFORCE_SPACE-PROCUREMENT_MasterJustificationBook_Air_Force_PB_2016.zzz_unzipped-PROCUREMENT_MasterJustificationBook_Air_Force_PB_2016.xml","e74c5625e1731a9bfe9f4efe680292d976b26eee481f576bfc724d2c763e55fb","0-43ad3b54d95755a699a8a96b9b36e2132abb1735dc2002072e3d0a9376c4f4fa","","0-5bda6fa2c2b55db063c8ffb30995e157f2de2777a037bf48afaacfce46d2c0b3","root.record.ItemExhibitList.P5Item"
"Launch Capability","","","","","","","","","","","","","","","","","","","","","","","","","","","","","","","","","","","","","","","0","0","0","0","0","","0","0","0","0","","","","","","","","","","","","","","","","","","","","","","","2016-BASE_PROCUREMENT-2016-AIRFORCE_SPACE-PROCUREMENT_MasterJustificationBook_Air_Force_PB_2016.zzz_unzipped-PROCUREMENT_MasterJustificationBook_Air_Force_PB_2016.xml","e74c5625e1731a9bfe9f4efe680292d976b26eee481f576bfc724d2c763e55fb","1-7542b156f682121ba7364dcae45fff01429ef2a73fb921ff8242f7476c9c3bc4","","0-5bda6fa2c2b55db063c8ffb30995e157f2de2777a037bf48afaacfce46d2c0b3","root.record.ItemExhibitList.P5Item"
"Launch Capability","","","","","","","","","","","","","","","","","","","","","","","","","","","","","","","","","","","","","683.378","0","0","0","0","0","0","0","0","1869.881","1186.503","0","1","1","","","","","","","","","2","1186.503","683.378","","","","","","","","","934.941","2017-BASE_PROCUREMENT-2017-AIRFORCE_MISSILE-U_PROCUREMENT_JustificationBook_Air_Force_PB_2017.zzz_unzipped-U_PROCUREMENT_JustificationBook_Air_Force_PB_2017.xml","ce33d887958287eb22f25db5c4372a5be3d549dd643325817beec223ffddc64c","0-4f63dfe3ead4008e10df320043711ba7b08a1663c05e83f1e05dd609d5639553","","0-e21bc121533db9749f1f00c92b3e57a575cf72fb608da5fad7891f05bc8bee69","root.record.ItemExhibitList.P5Item"
"Launch Services","","","","","","","","","","","","","","","","","","","","","","","","","","","","","","","","","","","","","573.342","0","0","0","0","0","0","0","0","5187.528","4614.186","0","41","4","","","","","","","","","45","112.541","143.335","","","","","","","","","115.278","2017-BASE_PROCUREMENT-2017-AIRFORCE_MISSILE-U_PROCUREMENT_JustificationBook_Air_Force_PB_2017.zzz_unzipped-U_PROCUREMENT_JustificationBook_Air_Force_PB_2017.xml","1eb519244af6b52f585c68b446dd7d32bfe9132b3a808e75d418f71c32a68e95","0-0cd6bbbf5d15329c93342dfd2f1d049d8b6258580b738fb4fe84cb632e27c5ca","27","0-d1334fd7d2b61be54604e9be9ff78c7b9d0bb635d74333f8586f5815789e2fd8","root.record.ItemExhibitList.P5Item"
"Launch Capability","","","","","","","","","","","","","","","","","","","","","","","","","","","","","","","","","","","","","0","0","0","0","0","0","0","0","0","4842.649","4842.649","0","","","","","","","","","","","","","","","","","","","","","","","2017-BASE_PROCUREMENT-2017-AIRFORCE_MISSILE-U_PROCUREMENT_JustificationBook_Air_Force_PB_2017.zzz_unzipped-U_PROCUREMENT_JustificationBook_Air_Force_PB_2017.xml","1eb519244af6b52f585c68b446dd7d32bfe9132b3a808e75d418f71c32a68e95","1-04dd804b0978ec6399ee28fa1aba907ff4e4bc9e79967ff92acc36d767dbb2b8","","0-d1334fd7d2b61be54604e9be9ff78c7b9d0bb635d74333f8586f5815789e2fd8","root.record.ItemExhibitList.P5Item"
"EELV Enterprise Systems Engineering & Integration","","","","","","","","","","","","","","","","","","","","","","","","","","","","","","","","","","","","","18.202","","0","0","0","0","0","0","0","83.072","64.87","0","","","","","","","","","","","","","","","","","","","","","","","2017-BASE_PROCUREMENT-2017-AIRFORCE_MISSILE-U_PROCUREMENT_JustificationBook_Air_Force_PB_2017.zzz_unzipped-U_PROCUREMENT_JustificationBook_Air_Force_PB_2017.xml","1eb519244af6b52f585c68b446dd7d32bfe9132b3a808e75d418f71c32a68e95","2-6b79edbc26cfc06904f39f7cdf1ec7ae87a672c68e90c8913a76fbc40cf383af","","0-d1334fd7d2b61be54604e9be9ff78c7b9d0bb635d74333f8586f5815789e2fd8","root.record.ItemExhibitList.P5Item"
"Mission Assurance","","","","","","","","","","","","","","","","","","","","","","","","","","","","","","","","","","","","","130.572","","0","0","0","0","0","0","0","852.838","722.266","0","","","","","","","","","","","","","","","","","","","","","","","2017-BASE_PROCUREMENT-2017-AIRFORCE_MISSILE-U_PROCUREMENT_JustificationBook_Air_Force_PB_2017.zzz_unzipped-U_PROCUREMENT_JustificationBook_Air_Force_PB_2017.xml","1eb519244af6b52f585c68b446dd7d32bfe9132b3a808e75d418f71c32a68e95","3-781b07f4a562c04799e22635e40e2bf01a96f960bbf1917f0d1516a23a1ccaf4","","0-d1334fd7d2b61be54604e9be9ff78c7b9d0bb635d74333f8586f5815789e2fd8","root.record.ItemExhibitList.P5Item"
"Launch Capability","","","","","","","","","","","","","","","","","","","","","","","","","","","","","","","","","","","","","683.378","0","0","0","0","0","0","0","0","1869.881","1186.503","0","1","1","","","","","","","","","2","1186.503","683.378","","","","","","","","","934.941","2017-BASE_PROCUREMENT-2017-AIRFORCE_MISSILE-U_PROCUREMENT_MasterJustificationBook_Air_Force_PB_2017.zzz_unzipped-U_PROCUREMENT_MasterJustificationBook_Air_Force_PB_2017.xml","c3a033a02dd266f763c2138e8649e17878d13f50115d4fe57dd90be56509c75e","0-14b9610173aca546cd30dfc4809a8438a25132056d9f0b6ee0c2f4810348d380","","0-de416b0fea4c0f96f8042ff05f027ac578cd3782bcacaabc7df683a1efbd1d2b","root.record.ItemExhibitList.P5Item"
"Launch Services","","","","","","","","","","","","","","","","","","","","","","","","","","","","","","","","","","","","","573.342","0","0","0","0","0","0","0","0","5187.528","4614.186","0","41","4","","","","","","","","","45","112.541","143.335","","","","","","","","","115.278","2017-BASE_PROCUREMENT-2017-AIRFORCE_MISSILE-U_PROCUREMENT_MasterJustificationBook_Air_Force_PB_2017.zzz_unzipped-U_PROCUREMENT_MasterJustificationBook_Air_Force_PB_2017.xml","0aaff7f9fbc97457e9ac7628aca63d803f4f49d5d154173563fad4699056f5e8","0-c6fc49f3ed5d7f12cfac23b30c499e2d7cc1ada50afa2bdfbb8a328f64855b10","27","0-16f94719df7a1ef3094caa69f61a0bcc9ce2d692050cbe25981ad763d060ba82","root.record.ItemExhibitList.P5Item"
"Launch Capability","","","","","","","","","","","","","","","","","","","","","","","","","","","","","","","","","","","","","0","0","0","0","0","0","0","0","0","4842.649","4842.649","0","","","","","","","","","","","","","","","","","","","","","","","2017-BASE_PROCUREMENT-2017-AIRFORCE_MISSILE-U_PROCUREMENT_MasterJustificationBook_Air_Force_PB_2017.zzz_unzipped-U_PROCUREMENT_MasterJustificationBook_Air_Force_PB_2017.xml","0aaff7f9fbc97457e9ac7628aca63d803f4f49d5d154173563fad4699056f5e8","1-4e968a22ab188f594694d45b11de241987235983442b07b9dd58830ce7b2caef","","0-16f94719df7a1ef3094caa69f61a0bcc9ce2d692050cbe25981ad763d060ba82","root.record.ItemExhibitList.P5Item"
"EELV Enterprise Systems Engineering & Integration","","","","","","","","","","","","","","","","","","","","","","","","","","","","","","","","","","","","","18.202","","0","0","0","0","0","0","0","83.072","64.87","0","","","","","","","","","","","","","","","","","","","","","","","2017-BASE_PROCUREMENT-2017-AIRFORCE_MISSILE-U_PROCUREMENT_MasterJustificationBook_Air_Force_PB_2017.zzz_unzipped-U_PROCUREMENT_MasterJustificationBook_Air_Force_PB_2017.xml","0aaff7f9fbc97457e9ac7628aca63d803f4f49d5d154173563fad4699056f5e8","2-311fc52791b0dcd71a557f023294188dad50400bd14419225c4990c89b7d7f27","","0-16f94719df7a1ef3094caa69f61a0bcc9ce2d692050cbe25981ad763d060ba82","root.record.ItemExhibitList.P5Item"
"Mission Assurance","","","","","","","","","","","","","","","","","","","","","","","","","","","","","","","","","","","","","130.572","","0","0","0","0","0","0","0","852.838","722.266","0","","","","","","","","","","","","","","","","","","","","","","","2017-BASE_PROCUREMENT-2017-AIRFORCE_MISSILE-U_PROCUREMENT_MasterJustificationBook_Air_Force_PB_2017.zzz_unzipped-U_PROCUREMENT_MasterJustificationBook_Air_Force_PB_2017.xml","0aaff7f9fbc97457e9ac7628aca63d803f4f49d5d154173563fad4699056f5e8","3-55290dd80e7d5be9d8ff7002dbfe9474ca77453ca3ba5075f7e7cebafd454796","","0-16f94719df7a1ef3094caa69f61a0bcc9ce2d692050cbe25981ad763d060ba82","root.record.ItemExhibitList.P5Item"
"Launch Capability","","","","","","","","","","","","","","","","","","","","","","","","","","","","","","","","","","","","","0","554.826","737.273","737.273","727.429","486.569","495.269","504.183","8300.618","11806.167","0","0","","","1","1","1","1","1","1","1","1","7","","","554.826","737.273","737.273","727.429","486.569","495.269","504.183","8300.618","1686.595","2017-BASE_PROCUREMENT-2017-AIRFORCE_SPACE-U_PROCUREMENT_JustificationBook_Air_Force_PB_2017.zzz_unzipped-U_PROCUREMENT_JustificationBook_Air_Force_PB_2017.xml","eba9fe6c064fe1d265f9658104dc72ec79802ee6864d5cf1b5db6e8c06a27c92","0-60151503b7f901251a9ff06086ad25c026f809bb2cdcc6e8c6b28d1bec548d6c","","0-25b3bc1ae2db7133927d04cb4858423e5e8169ff523137ebed74ee3859cb8802","root.record.ItemExhibitList.P5Item"
"Launch Services","","","","","","","","","","","","","","","","","","","","","","","","","","","","","","","","","","","","","0","470.587","588.266","588.266","479.441","1100.472","1014.981","951.308","6865.916","11470.971","","0","","","4","5","5","3","6","5","4","34","61","","","117.647","117.653","117.653","159.814","183.412","202.996","237.827","201.939","188.049","2017-BASE_PROCUREMENT-2017-AIRFORCE_SPACE-U_PROCUREMENT_JustificationBook_Air_Force_PB_2017.zzz_unzipped-U_PROCUREMENT_JustificationBook_Air_Force_PB_2017.xml","ec93ed095b5ca4b931dec7bb1f726d801cfd1dfdbf02f5e7c1bf686ce7e68176","0-712647c64b30a2f9502c2e2e50564691467c13505c35603d5ad183c1548caa9b","","0-91f562046d2bba95e66914f99e200857e7b2b3bbaeafa069ed74f5b63608f442","root.record.ItemExhibitList.P5Item"
"Launch Capability","","","","","","","","","","","","","","","","","","","","","","","","","","","","","","","","","","","","","","0","0","0","0","0","","","0","0","0","","","","","","","","","","","","","","","","","","","","","","","","2017-BASE_PROCUREMENT-2017-AIRFORCE_SPACE-U_PROCUREMENT_JustificationBook_Air_Force_PB_2017.zzz_unzipped-U_PROCUREMENT_JustificationBook_Air_Force_PB_2017.xml","ec93ed095b5ca4b931dec7bb1f726d801cfd1dfdbf02f5e7c1bf686ce7e68176","1-e481817c71d5a4989a8d3454a3fd1fdb1e20a934dc3e02a44cdb959e365ae074","","0-91f562046d2bba95e66914f99e200857e7b2b3bbaeafa069ed74f5b63608f442","root.record.ItemExhibitList.P5Item"
"EELV Enterprise Systems Engineering & Integration","","","","","","","","","","","","","","","","","","","","","","","","","","","","","","","","","","","","","0","22.579","21.736","21.736","15.609","15.018","22.58","23.3","243.36","364.182","","","","","","","","","","","","","","","","","","","","","","","","","2017-BASE_PROCUREMENT-2017-AIRFORCE_SPACE-U_PROCUREMENT_JustificationBook_Air_Force_PB_2017.zzz_unzipped-U_PROCUREMENT_JustificationBook_Air_Force_PB_2017.xml","ec93ed095b5ca4b931dec7bb1f726d801cfd1dfdbf02f5e7c1bf686ce7e68176","2-8751a905e70064e0ed3b26d1b1b7a1c87167d627e62ecc095ea7c4bde471b8c6","","0-91f562046d2bba95e66914f99e200857e7b2b3bbaeafa069ed74f5b63608f442","root.record.ItemExhibitList.P5Item"
"Mission Assurance","","","","","","","","","","","","","","","","","","","","","","","","","","","","","","","","","","","","","0","149.191","89.673","89.673","135.295","164.331","157.074","150.983","1611.429","2457.976","","","","","","","","","","","","","","","","","","","","","","","","","2017-BASE_PROCUREMENT-2017-AIRFORCE_SPACE-U_PROCUREMENT_JustificationBook_Air_Force_PB_2017.zzz_unzipped-U_PROCUREMENT_JustificationBook_Air_Force_PB_2017.xml","ec93ed095b5ca4b931dec7bb1f726d801cfd1dfdbf02f5e7c1bf686ce7e68176","3-0502f1bc6aa25f68c848bf81b9b2fff29d0abd7ddff19448c6665f3dbebf788c","","0-91f562046d2bba95e66914f99e200857e7b2b3bbaeafa069ed74f5b63608f442","root.record.ItemExhibitList.P5Item"
"Launch Capability","","","","","","","","","","","","","","","","","","","","","","","","","","","","","","","","","","","","","0","554.826","737.273","737.273","727.429","486.569","495.269","504.183","8300.618","11806.167","0","0","","","1","1","1","1","1","1","1","1","7","","","554.826","737.273","737.273","727.429","486.569","495.269","504.183","8300.618","1686.595","2017-BASE_PROCUREMENT-2017-AIRFORCE_SPACE-U_PROCUREMENT_MasterJustificationBook_Air_Force_PB_2017.zzz_unzipped-U_PROCUREMENT_MasterJustificationBook_Air_Force_PB_2017.xml","93da043eef78975dad30e261ee4c5f8ab6799eb4953cc377d1c9f77ce349529c","0-3a6462d554dff0bc1e28e380f59d4d7b771bc07a310f2b34352304e8610f04e5","","0-d04a8fe0077422909e35629a92e4ef2b04aaf24cd094b5fe8c00b031b7c8be99","root.record.ItemExhibitList.P5Item"
"Launch Services","","","","","","","","","","","","","","","","","","","","","","","","","","","","","","","","","","","","","0","470.587","588.266","588.266","479.441","1100.472","1014.981","951.308","6865.916","11470.971","","0","","","4","5","5","3","6","5","4","34","61","","","117.647","117.653","117.653","159.814","183.412","202.996","237.827","201.939","188.049","2017-BASE_PROCUREMENT-2017-AIRFORCE_SPACE-U_PROCUREMENT_MasterJustificationBook_Air_Force_PB_2017.zzz_unzipped-U_PROCUREMENT_MasterJustificationBook_Air_Force_PB_2017.xml","96cd91b6f0a12ac29a5457b42901859397ea8cd74200ed2ed8fc9c97846f481d","0-0075ad35a6a772e4e60d883f9824e31430463ee82d1815eefdb5759a99a9270c","","0-e3babd49c240112791fd969393756f2fb839c4ab6ea5e49fb2a122c868b55856","root.record.ItemExhibitList.P5Item"
"Launch Capability","","","","","","","","","","","","","","","","","","","","","","","","","","","","","","","","","","","","","","0","0","0","0","0","","","0","0","0","","","","","","","","","","","","","","","","","","","","","","","","2017-BASE_PROCUREMENT-2017-AIRFORCE_SPACE-U_PROCUREMENT_MasterJustificationBook_Air_Force_PB_2017.zzz_unzipped-U_PROCUREMENT_MasterJustificationBook_Air_Force_PB_2017.xml","96cd91b6f0a12ac29a5457b42901859397ea8cd74200ed2ed8fc9c97846f481d","1-d6062f461aa56d0450f551413bb155a9a8f8b5242a306cc833ae0f98694715cb","","0-e3babd49c240112791fd969393756f2fb839c4ab6ea5e49fb2a122c868b55856","root.record.ItemExhibitList.P5Item"
"EELV Enterprise Systems Engineering & Integration","","","","","","","","","","","","","","","","","","","","","","","","","","","","","","","","","","","","","0","22.579","21.736","21.736","15.609","15.018","22.58","23.3","243.36","364.182","","","","","","","","","","","","","","","","","","","","","","","","","2017-BASE_PROCUREMENT-2017-AIRFORCE_SPACE-U_PROCUREMENT_MasterJustificationBook_Air_Force_PB_2017.zzz_unzipped-U_PROCUREMENT_MasterJustificationBook_Air_Force_PB_2017.xml","96cd91b6f0a12ac29a5457b42901859397ea8cd74200ed2ed8fc9c97846f481d","2-142de05c69cc3f26ca6ec7edb8bcd0dea564187804d09b4a33afbb4127037a64","","0-e3babd49c240112791fd969393756f2fb839c4ab6ea5e49fb2a122c868b55856","root.record.ItemExhibitList.P5Item"
"Mission Assurance","","","","","","","","","","","","","","","","","","","","","","","","","","","","","","","","","","","","","0","149.191","89.673","89.673","135.295","164.331","157.074","150.983","1611.429","2457.976","","","","","","","","","","","","","","","","","","","","","","","","","2017-BASE_PROCUREMENT-2017-AIRFORCE_SPACE-U_PROCUREMENT_MasterJustificationBook_Air_Force_PB_2017.zzz_unzipped-U_PROCUREMENT_MasterJustificationBook_Air_Force_PB_2017.xml","96cd91b6f0a12ac29a5457b42901859397ea8cd74200ed2ed8fc9c97846f481d","3-39101a8cbe57a15369b8f3bdd89978178d491745ff393c504740549c2343be29","","0-e3babd49c240112791fd969393756f2fb839c4ab6ea5e49fb2a122c868b55856","root.record.ItemExhibitList.P5Item"
"Phase 1 Launch Capability","","","","","","","","","","","","","","","","","","","","","","","","","","","","","","","","","","","","","478.902","597.367","741.11","741.11","","","","","","","","0","","1","1","1","1","","","","","","","","478.902","597.367","741.11","741.11","","","","","","","2018-BASE_PROCUREMENT-2018-AIRFORCE_SPACE-U_PROCUREMENT_JustificationBook_Air_Force_PB_2018.zzz_unzipped-U_PROCUREMENT_JustificationBook_Air_Force_PB_2018.xml","a504d38fb691940edf6ae31773acb20020b93bb4b14f2e126f1dbfb1833d2c40","0-933e4da916fa11ec51de3c07eac74c9bbf2c311e7d65123930d55d3da3422920","","0-127678515c3696b915a197cbcdae098154d18fb13f51d45d2a95af4f7c3b16bf","root.record.ItemExhibitList.P5Item"
"Phase 1A Launch Capability","","","","","","","","","","","","","","","","","","","","","","","","","","","","","","","","","","","","","82.971","139.906","177.499","177.499","","","","","","","","0","","","","","","","","","","","","","","","","","","","","","","","2018-BASE_PROCUREMENT-2018-AIRFORCE_SPACE-U_PROCUREMENT_JustificationBook_Air_Force_PB_2018.zzz_unzipped-U_PROCUREMENT_JustificationBook_Air_Force_PB_2018.xml","a504d38fb691940edf6ae31773acb20020b93bb4b14f2e126f1dbfb1833d2c40","1-a927f1c8c862316a94af56d1de24ee48a80e7cf0bdffe38f91213472e6a0439d","","0-127678515c3696b915a197cbcdae098154d18fb13f51d45d2a95af4f7c3b16bf","root.record.ItemExhibitList.P5Item"
"Launch Services","","","","","","","","","","","","","","","","","","","","","","","","","","","","","","","","","","","","","556.056","594.792","394.747","394.747","","","","","","","","0","","4","5","3","3","","","","","","","","139.014","118.958","131.582","131.582","","","","","","","2018-BASE_PROCUREMENT-2018-AIRFORCE_SPACE-U_PROCUREMENT_JustificationBook_Air_Force_PB_2018.zzz_unzipped-U_PROCUREMENT_JustificationBook_Air_Force_PB_2018.xml","325d3c3180a12017ffe453649a0a4a785aea7e048f4c973d82c0e34139fd5940","0-aeed267a22546694ace62b813c7ce5b1ec2c05be8a164538a48db666ef1f120f","","0-034632d5b364b33436a7fa83313e60bf2ae1487ee2da0d4aa7ab8887515c496d","root.record.ItemExhibitList.P5Item"
"EELV Enterprise Systems Engineering & Integration","","","","","","","","","","","","","","","","","","","","","","","","","","","","","","","","","","","","","27.638","38.81","50.606","50.606","","","","","","","","0","","","","","","","","","","","","","","","","","","","","","","","2018-BASE_PROCUREMENT-2018-AIRFORCE_SPACE-U_PROCUREMENT_JustificationBook_Air_Force_PB_2018.zzz_unzipped-U_PROCUREMENT_JustificationBook_Air_Force_PB_2018.xml","325d3c3180a12017ffe453649a0a4a785aea7e048f4c973d82c0e34139fd5940","1-9c74325a47bc1fc9da6fb40edf0acfa940f9f32a7879c6412d25e2099f5a7bb3","","0-034632d5b364b33436a7fa83313e60bf2ae1487ee2da0d4aa7ab8887515c496d","root.record.ItemExhibitList.P5Item"
"Mission Assurance","","","","","","","","","","","","","","","","","","","","","","","","","","","","","","","","","","","","","65.03","70.292","121.262","121.262","","","","","","","","0","","","","","","","","","","","","","","","","","","","","","","","2018-BASE_PROCUREMENT-2018-AIRFORCE_SPACE-U_PROCUREMENT_JustificationBook_Air_Force_PB_2018.zzz_unzipped-U_PROCUREMENT_JustificationBook_Air_Force_PB_2018.xml","325d3c3180a12017ffe453649a0a4a785aea7e048f4c973d82c0e34139fd5940","2-4f7a6f2191709c42b29516d6086b87c6882a4a1f8a19b332d2fd18ccd3310c52","","0-034632d5b364b33436a7fa83313e60bf2ae1487ee2da0d4aa7ab8887515c496d","root.record.ItemExhibitList.P5Item"
"Phase 1 Launch Capability","","","","","","","","","","","","","","","","","","","","","","","","","","","","","","","","","","","","","478.902","597.367","741.11","741.11","","","","","","","","0","","1","1","1","1","","","","","","","","478.902","597.367","741.11","741.11","","","","","","","2018-BASE_PROCUREMENT-2018-AIRFORCE_SPACE-U_PROCUREMENT_MasterJustificationBook_Air_Force_PB_2018.zzz_unzipped-U_PROCUREMENT_MasterJustificationBook_Air_Force_PB_2018.xml","c130b3a1f104b5de3401c5acdd5cb51029b1ae1eaf597bbfa82e5b55fd991423","0-0fe31bd7afbcb4c4a5f39840bb69f96ae9804293573c19304d9dcc751022218a","","0-48916fdb12147747126ae70acfaf6cf816f00f0f4b39e851396af00a8ed70684","root.record.ItemExhibitList.P5Item"
"Phase 1A Launch Capability","","","","","","","","","","","","","","","","","","","","","","","","","","","","","","","","","","","","","82.971","139.906","177.499","177.499","","","","","","","","0","","","","","","","","","","","","","","","","","","","","","","","2018-BASE_PROCUREMENT-2018-AIRFORCE_SPACE-U_PROCUREMENT_MasterJustificationBook_Air_Force_PB_2018.zzz_unzipped-U_PROCUREMENT_MasterJustificationBook_Air_Force_PB_2018.xml","c130b3a1f104b5de3401c5acdd5cb51029b1ae1eaf597bbfa82e5b55fd991423","1-29e8211db0ed1b5c68424823af00b1e49e97cd4b7b0fc129c801e18ae4feb2e3","","0-48916fdb12147747126ae70acfaf6cf816f00f0f4b39e851396af00a8ed70684","root.record.ItemExhibitList.P5Item"
"Launch Services","","","","","","","","","","","","","","","","","","","","","","","","","","","","","","","","","","","","","556.056","594.792","394.747","394.747","","","","","","","","0","","4","5","3","3","","","","","","","","139.014","118.958","131.582","131.582","","","","","","","2018-BASE_PROCUREMENT-2018-AIRFORCE_SPACE-U_PROCUREMENT_MasterJustificationBook_Air_Force_PB_2018.zzz_unzipped-U_PROCUREMENT_MasterJustificationBook_Air_Force_PB_2018.xml","ea40833ccabefde03e8b1c2e9d9f55f14d7d4e54a7c37cd2d2b1f7b53af14e9d","0-a9b2dd6c8957462908443dc312a4c7f38ad02b264827e21989521f07a33cb5bc","","0-9829c8c147b300d0e0e7638b31153428cc3702b166528e646e6bd44d569b7303","root.record.ItemExhibitList.P5Item"
"EELV Enterprise Systems Engineering & Integration","","","","","","","","","","","","","","","","","","","","","","","","","","","","","","","","","","","","","27.638","38.81","50.606","50.606","","","","","","","","0","","","","","","","","","","","","","","","","","","","","","","","2018-BASE_PROCUREMENT-2018-AIRFORCE_SPACE-U_PROCUREMENT_MasterJustificationBook_Air_Force_PB_2018.zzz_unzipped-U_PROCUREMENT_MasterJustificationBook_Air_Force_PB_2018.xml","ea40833ccabefde03e8b1c2e9d9f55f14d7d4e54a7c37cd2d2b1f7b53af14e9d","1-7a86fc77a45196bf1054f1c64ca8053179a654c4493cbf5f4dbb9042e6fc4256","","0-9829c8c147b300d0e0e7638b31153428cc3702b166528e646e6bd44d569b7303","root.record.ItemExhibitList.P5Item"
"Mission Assurance","","","","","","","","","","","","","","","","","","","","","","","","","","","","","","","","","","","","","65.03","70.292","121.262","121.262","","","","","","","","0","","","","","","","","","","","","","","","","","","","","","","","2018-BASE_PROCUREMENT-2018-AIRFORCE_SPACE-U_PROCUREMENT_MasterJustificationBook_Air_Force_PB_2018.zzz_unzipped-U_PROCUREMENT_MasterJustificationBook_Air_Force_PB_2018.xml","ea40833ccabefde03e8b1c2e9d9f55f14d7d4e54a7c37cd2d2b1f7b53af14e9d","2-c1082ebfeba7f6375dae2974a04e3330e33a371390016e1f3360b00e35f5b38a","","0-9829c8c147b300d0e0e7638b31153428cc3702b166528e646e6bd44d569b7303","root.record.ItemExhibitList.P5Item"
"Phase 1 Launch Capability","","","","","","","","","","","","","","","","","","","","","","","","","","","","","","","","","","","","","614.7","674.403","428.537","428.537","","","","","","","499.602","0","1","1","1","1","1","","","","","","","499.602","614.7","674.403","428.537","428.537","","","","","","","2019-BASE_PROCUREMENT-2019-AIRFORCE_SPACE-U_PROCUREMENT_JustificationBook_Air_Force_PB_2019.zzz_unzipped-U_PROCUREMENT_JustificationBook_Air_Force_PB_2019.xml","db46b2261433bc4722a6ce262878edc82af01260e83ad0e4141f1696ee1ab4a1","0-1b64e38d03bb0cb63da8d5446ab771e1fb34ae1d51ca6db991e67d34b0ed62f8","","0-53b10cd1aa180a6f7dad43576c18fd413a3ad49ef8c9167d2a8eb142e59d9445","root.record.ItemExhibitList.P5Item"
"Phase 1A Launch Capability","","","","","","","","","","","","","","","","","","","","","","","","","","","","","","","","","","","","","75.586","244.8","253.045","253.045","","","","","","","82.271","0","1","1","1","1","1","","","","","","","82.271","75.586","244.8","253.045","253.045","","","","","","","2019-BASE_PROCUREMENT-2019-AIRFORCE_SPACE-U_PROCUREMENT_JustificationBook_Air_Force_PB_2019.zzz_unzipped-U_PROCUREMENT_JustificationBook_Air_Force_PB_2019.xml","db46b2261433bc4722a6ce262878edc82af01260e83ad0e4141f1696ee1ab4a1","1-7759723ed5ea2005f0a0ade041a157c1ebb944b9a1b3321ad766b60a9a7530db","","0-53b10cd1aa180a6f7dad43576c18fd413a3ad49ef8c9167d2a8eb142e59d9445","root.record.ItemExhibitList.P5Item"
"Launch Services","","","","","","","","","","","","","","","","","","","","","","","","","","","","","","","","","","","","","404.164","434.872","761.086","761.086","","","","","","","441.809","0","3","3","3","5","5","","","","","","","147.27","134.721","144.957","152.217","152.217","","","","","","","2019-BASE_PROCUREMENT-2019-AIRFORCE_SPACE-U_PROCUREMENT_JustificationBook_Air_Force_PB_2019.zzz_unzipped-U_PROCUREMENT_JustificationBook_Air_Force_PB_2019.xml","437d2c67a4cc5d16854929d21729fd5d4c78483d0ac1527148024d46b499a23b","0-9ce0c571046e23e879a9fa6e7c81b0b152108a43fbc513c508984b9ccd200eee","0","0-01fb903d1439d1be54021e2fc6c5a63363b4957ac6ee313b40545fcdd52b473e","root.record.ItemExhibitList.P5Item"
"EELV Enterprise Systems Engineering & Integration","","","","","","","","","","","","","","","","","","","","","","","","","","","","","","","","","","","","","22.732","42.159","51.964","51.964","","","","","","","20.794","0","","","","","","","","","","","","","","","","","","","","","","","2019-BASE_PROCUREMENT-2019-AIRFORCE_SPACE-U_PROCUREMENT_JustificationBook_Air_Force_PB_2019.zzz_unzipped-U_PROCUREMENT_JustificationBook_Air_Force_PB_2019.xml","437d2c67a4cc5d16854929d21729fd5d4c78483d0ac1527148024d46b499a23b","1-ae22b1439def18302056c972b7f52cbcece83e940a2e1b7492c5bc67f788f1bf","","0-01fb903d1439d1be54021e2fc6c5a63363b4957ac6ee313b40545fcdd52b473e","root.record.ItemExhibitList.P5Item"
"Mission Assurance","","","","","","","","","","","","","","","","","","","","","","","","","","","","","","","","","","","","","77.652","89.328","140.455","140.455","","","","","","","86.408","0","","","","","","","","","","","","","","","","","","","","","","","2019-BASE_PROCUREMENT-2019-AIRFORCE_SPACE-U_PROCUREMENT_JustificationBook_Air_Force_PB_2019.zzz_unzipped-U_PROCUREMENT_JustificationBook_Air_Force_PB_2019.xml","437d2c67a4cc5d16854929d21729fd5d4c78483d0ac1527148024d46b499a23b","2-11c79f7e8e11b0480bac6d61609a54981c611e8e06e7d0ad33761f11bb1ce030","","0-01fb903d1439d1be54021e2fc6c5a63363b4957ac6ee313b40545fcdd52b473e","root.record.ItemExhibitList.P5Item"
"Phase 1 Launch Capability","","","","","","","","","","","","","","","","","","","","","","","","","","","","","","","","","","","","","614.7","674.403","428.537","428.537","","","","","","","499.602","0","1","1","1","1","1","","","","","","","499.602","614.7","674.403","428.537","428.537","","","","","","","2019-BASE_PROCUREMENT-2019-AIRFORCE_SPACE-U_PROCUREMENT_MasterJustificationBook_Air_Force_PB_2019.zzz_unzipped-U_PROCUREMENT_MasterJustificationBook_Air_Force_PB_2019.xml","337d686eec0c89a868c57fc4633a6590d3dee3fd609e2c1827e49a935f958691","0-12f13eeb12416fb1c688a18c9b2d311a702c2f94c9e7f6613d8961115f9d6c62","","0-bd0e6833158efb2c4ca2d200b3a805f879a4ef85e0a75ad324c8fa86dbb23ca7","root.record.ItemExhibitList.P5Item"
"Phase 1A Launch Capability","","","","","","","","","","","","","","","","","","","","","","","","","","","","","","","","","","","","","75.586","244.8","253.045","253.045","","","","","","","82.271","0","1","1","1","1","1","","","","","","","82.271","75.586","244.8","253.045","253.045","","","","","","","2019-BASE_PROCUREMENT-2019-AIRFORCE_SPACE-U_PROCUREMENT_MasterJustificationBook_Air_Force_PB_2019.zzz_unzipped-U_PROCUREMENT_MasterJustificationBook_Air_Force_PB_2019.xml","337d686eec0c89a868c57fc4633a6590d3dee3fd609e2c1827e49a935f958691","1-abf30e9f1edb583d5be8ff2228b2ca5d9c2e118601583da6d010809d9a3c3849","","0-bd0e6833158efb2c4ca2d200b3a805f879a4ef85e0a75ad324c8fa86dbb23ca7","root.record.ItemExhibitList.P5Item"
"Launch Services","","","","","","","","","","","","","","","","","","","","","","","","","","","","","","","","","","","","","404.164","434.872","761.086","761.086","","","","","","","441.809","0","3","3","3","5","5","","","","","","","147.27","134.721","144.957","152.217","152.217","","","","","","","2019-BASE_PROCUREMENT-2019-AIRFORCE_SPACE-U_PROCUREMENT_MasterJustificationBook_Air_Force_PB_2019.zzz_unzipped-U_PROCUREMENT_MasterJustificationBook_Air_Force_PB_2019.xml","5c7e320ef862152863a5c39cc1a485c2c4e8fa5279f08c8454a72905bff07d97","0-8fee58cb5691cb56f0dfe645361b15fc89cf2b3ea9b6526f04023dfd1ad8ad9d","0","0-87350a22eb4dd313fddc90c3315ad80ed500ce10837ff1e71486c7f6bf5ef814","root.record.ItemExhibitList.P5Item"
"EELV Enterprise Systems Engineering & Integration","","","","","","","","","","","","","","","","","","","","","","","","","","","","","","","","","","","","","22.732","42.159","51.964","51.964","","","","","","","20.794","0","","","","","","","","","","","","","","","","","","","","","","","2019-BASE_PROCUREMENT-2019-AIRFORCE_SPACE-U_PROCUREMENT_MasterJustificationBook_Air_Force_PB_2019.zzz_unzipped-U_PROCUREMENT_MasterJustificationBook_Air_Force_PB_2019.xml","5c7e320ef862152863a5c39cc1a485c2c4e8fa5279f08c8454a72905bff07d97","1-a1ab41f27d89f59b77075fbed95e0bec8762e5687b2086f2b467fc4916b66f73","","0-87350a22eb4dd313fddc90c3315ad80ed500ce10837ff1e71486c7f6bf5ef814","root.record.ItemExhibitList.P5Item"
"Mission Assurance","","","","","","","","","","","","","","","","","","","","","","","","","","","","","","","","","","","","","77.652","89.328","140.455","140.455","","","","","","","86.408","0","","","","","","","","","","","","","","","","","","","","","","","2019-BASE_PROCUREMENT-2019-AIRFORCE_SPACE-U_PROCUREMENT_MasterJustificationBook_Air_Force_PB_2019.zzz_unzipped-U_PROCUREMENT_MasterJustificationBook_Air_Force_PB_2019.xml","5c7e320ef862152863a5c39cc1a485c2c4e8fa5279f08c8454a72905bff07d97","2-8819ee07f0bf972cddd7554b076e1b1b2d2c5b68b55e2f09166abcd7673e0286","","0-87350a22eb4dd313fddc90c3315ad80ed500ce10837ff1e71486c7f6bf5ef814","root.record.ItemExhibitList.P5Item"
"Multi-Mission Launcher Materials","","","","","","","","","","","","","","","","","","","","","","","","","","","","","","","","","","","","","","19.319","","","","","","","","","","","","","","","","","","","","","","","","","","","","","","","","","2019-BASE_PROCUREMENT-2019-ARMY_MISSLE-U_PROCUREMENT_JustificationBook_Army_PB_2019.zzz_unzipped-U_PROCUREMENT_JustificationBook_Army_PB_2019.xml","6d3c4ef124673a75c5f508699d459545dcd5fa1c2d2edd37b8ca572d6abb187f","0-daef84efaa7ea4d6e67406ce64ef69ada80a7676495c068122dff85e46ab776d","","1-e0b729b203fb672453c800d323dc14d1b9b5445fdbbc0e0a1fac0179b75faa43","root.record.ItemExhibitList.P5Item"
"Phase 1 Launch Capability","","","","","","","","","","","","","","","","","","","","","","","","","","","","","","","","","","","","","718.228","359.659","0","0","","","","","","","1114.302","","1","1","1","","","","","","","","","1114.302","718.228","359.659","","","","","","","","","2020-BASE_PROCUREMENT-2020-AIRFORCE_SPACE-U_PROCUREMENT_JustificationBook_Air_Force_PB_2020.zzz_unzipped-U_PROCUREMENT_JustificationBook_Air_Force_PB_2020.xml","3822a3fb2bbb0a070ee96b3e88efa10587113b9cf1b464ee906cd8c3b320b82e","0-8d52cf01c8512eaa393e81cdf5bcf88928dfadd614bb8fbfa3e492e22fdf782a","","0-d8786e5742ad987016c76c95ce00d4ef2f48f7dae0d2dfb3f2bac48290d91402","root.record.ItemExhibitList.P5Item"
"Phase 1A Launch Capability","","","","","","","","","","","","","","","","","","","","","","","","","","","","","","","","","","","","","134.582","273.923","","","","","","","","","157.857","","","1","1","","","","","","","","","","134.582","273.923","","","","","","","","","2020-BASE_PROCUREMENT-2020-AIRFORCE_SPACE-U_PROCUREMENT_JustificationBook_Air_Force_PB_2020.zzz_unzipped-U_PROCUREMENT_JustificationBook_Air_Force_PB_2020.xml","3822a3fb2bbb0a070ee96b3e88efa10587113b9cf1b464ee906cd8c3b320b82e","1-a7f9f0675a3481edcbb16fbd7bf01aee422b7e2e34d97dab0a70b4cd72e9e1e9","","0-d8786e5742ad987016c76c95ce00d4ef2f48f7dae0d2dfb3f2bac48290d91402","root.record.ItemExhibitList.P5Item"
"Launch Services","","","","","","","","","","","","","","","","","","","","","","","","","","","","","","","","","","","","","346.498","730.44","752.96","752.96","","","","","","","801.173","","6","3","5","4","4","","","","","","","133.529","115.499","146.088","211.937","188.24","","","","","","","2020-BASE_PROCUREMENT-2020-AIRFORCE_SPACE-U_PROCUREMENT_JustificationBook_Air_Force_PB_2020.zzz_unzipped-U_PROCUREMENT_JustificationBook_Air_Force_PB_2020.xml","08c4d8d5e59a351bd4ee55fd7ea05b6cb60e8cbc8db146c1f3d795741592e31b","0-70a0d204a3af5dfcde9f6db0902691de0cd3015b8dcec7d68a34162dcd21410e","0","0-439e168c834d590c443b8b0236a5b5d12e8f9e5de8e3ea2e053c7aae311d7f3e","root.record.ItemExhibitList.P5Item"
"Enterprise Systems Engineering & Integration","","","","","","","","","","","","","","","","","","","","","","","","","","","","","","","","","","","","","41.125","60.335","71.32","71.32","","","","","","","43.526","","","","","","","","","","","","","","","","","","","","","","","","2020-BASE_PROCUREMENT-2020-AIRFORCE_SPACE-U_PROCUREMENT_JustificationBook_Air_Force_PB_2020.zzz_unzipped-U_PROCUREMENT_JustificationBook_Air_Force_PB_2020.xml","08c4d8d5e59a351bd4ee55fd7ea05b6cb60e8cbc8db146c1f3d795741592e31b","1-3c1a82d704d397b9954c1b7fb021cbb79b485c2b4d5b807b85bcfd43be98c7df","","0-439e168c834d590c443b8b0236a5b5d12e8f9e5de8e3ea2e053c7aae311d7f3e","root.record.ItemExhibitList.P5Item"
"Mission Assurance","","","","","","","","","","","","","","","","","","","","","","","","","","","","","","","","","","","","","70.076","119.151","102.444","102.444","","","","","","","164.06","","","","","","","","","","","","","","","","","","","","","","","","2020-BASE_PROCUREMENT-2020-AIRFORCE_SPACE-U_PROCUREMENT_JustificationBook_Air_Force_PB_2020.zzz_unzipped-U_PROCUREMENT_JustificationBook_Air_Force_PB_2020.xml","08c4d8d5e59a351bd4ee55fd7ea05b6cb60e8cbc8db146c1f3d795741592e31b","2-aa81f7f9ba549b14dd29f7b05d05f79ac45a48b701bea065267605608933f02a","","0-439e168c834d590c443b8b0236a5b5d12e8f9e5de8e3ea2e053c7aae311d7f3e","root.record.ItemExhibitList.P5Item"
"Launch Services Support","","","","","","","","","","","","","","","","","","","","","","","","","","","","","","","","","","","","","","","174.41","174.41","","","","","","","","","","","","1","1","","","","","","","","","","174.41","174.41","","","","","","","2020-BASE_PROCUREMENT-2020-AIRFORCE_SPACE-U_PROCUREMENT_JustificationBook_Air_Force_PB_2020.zzz_unzipped-U_PROCUREMENT_JustificationBook_Air_Force_PB_2020.xml","08c4d8d5e59a351bd4ee55fd7ea05b6cb60e8cbc8db146c1f3d795741592e31b","3-e53b62ad201001a1bbb2922cf3b00e8d6b4d1ab2dc1ca2d402a7b534c988e5c2","","0-439e168c834d590c443b8b0236a5b5d12e8f9e5de8e3ea2e053c7aae311d7f3e","root.record.ItemExhibitList.P5Item"
"Phase 1 Atlas V completion","","","","","","","","","","","","","","","","","","","","","","","","","","","","","","","","","","","","","","","94.79","94.79","","","","","","","","","","","","","","","","","","","","","","","","","","","","","","","2020-BASE_PROCUREMENT-2020-AIRFORCE_SPACE-U_PROCUREMENT_JustificationBook_Air_Force_PB_2020.zzz_unzipped-U_PROCUREMENT_JustificationBook_Air_Force_PB_2020.xml","08c4d8d5e59a351bd4ee55fd7ea05b6cb60e8cbc8db146c1f3d795741592e31b","4-69ab010fa8d69dc1a3d97642705c4d662077e3147554d6e889a9c4add14a5e69","","0-439e168c834d590c443b8b0236a5b5d12e8f9e5de8e3ea2e053c7aae311d7f3e","root.record.ItemExhibitList.P5Item"
"Phase 1 Launch Capability","","","","","","","","","","","","","","","","","","","","","","","","","","","","","","","","","","","","","718.228","359.659","0","0","","","","","","","1114.302","","1","1","1","","","","","","","","","1114.302","718.228","359.659","","","","","","","","","2020-BASE_PROCUREMENT-2020-AIRFORCE_SPACE-U_PROCUREMENT_MasterJustificationBook_Air_Force_PB_2020.zzz_unzipped-U_PROCUREMENT_MasterJustificationBook_Air_Force_PB_2020.xml","4d46fb63f2137e78641651d53b34b56f6b00c6b8ad9cb366b14a09cbd13be531","0-cd61c7a35ee86676c4aa842d9eb150b1ebbd9776fc5067e478f3bf20c49a7d64","","0-52ea4f50ec0c81666b1d608546139380a1af2597cee8a914395737b34b79b262","root.record.ItemExhibitList.P5Item"
"Phase 1A Launch Capability","","","","","","","","","","","","","","","","","","","","","","","","","","","","","","","","","","","","","134.582","273.923","","","","","","","","","157.857","","","1","1","","","","","","","","","","134.582","273.923","","","","","","","","","2020-BASE_PROCUREMENT-2020-AIRFORCE_SPACE-U_PROCUREMENT_MasterJustificationBook_Air_Force_PB_2020.zzz_unzipped-U_PROCUREMENT_MasterJustificationBook_Air_Force_PB_2020.xml","4d46fb63f2137e78641651d53b34b56f6b00c6b8ad9cb366b14a09cbd13be531","1-2e2dac19ae9ad288ff4a5ddb8a7f8f551ed82fadcda21a208a3ea0e191abf094","","0-52ea4f50ec0c81666b1d608546139380a1af2597cee8a914395737b34b79b262","root.record.ItemExhibitList.P5Item"
"Launch Services","","","","","","","","","","","","","","","","","","","","","","","","","","","","","","","","","","","","","346.498","730.44","752.96","752.96","","","","","","","801.173","","6","3","5","4","4","","","","","","","133.529","115.499","146.088","211.937","188.24","","","","","","","2020-BASE_PROCUREMENT-2020-AIRFORCE_SPACE-U_PROCUREMENT_MasterJustificationBook_Air_Force_PB_2020.zzz_unzipped-U_PROCUREMENT_MasterJustificationBook_Air_Force_PB_2020.xml","c9b645ca3693dc4386f5024067a158db34ff6924a8e540b310f1bbc768a98941","0-920f1a516633a66ff218cf1ecc0455ec6b342d9f9d272eb19e86de8ac8450d8b","0","0-6f4063ae238d82a463c88906ca3e7b8b576656c71a5a35294e8067cc24aa869a","root.record.ItemExhibitList.P5Item"
"Enterprise Systems Engineering & Integration","","","","","","","","","","","","","","","","","","","","","","","","","","","","","","","","","","","","","41.125","60.335","71.32","71.32","","","","","","","43.526","","","","","","","","","","","","","","","","","","","","","","","","2020-BASE_PROCUREMENT-2020-AIRFORCE_SPACE-U_PROCUREMENT_MasterJustificationBook_Air_Force_PB_2020.zzz_unzipped-U_PROCUREMENT_MasterJustificationBook_Air_Force_PB_2020.xml","c9b645ca3693dc4386f5024067a158db34ff6924a8e540b310f1bbc768a98941","1-63c258fbbdae0dd44334ab3b917622269bbd88789260e3fea079b4afc036b18b","","0-6f4063ae238d82a463c88906ca3e7b8b576656c71a5a35294e8067cc24aa869a","root.record.ItemExhibitList.P5Item"
"Mission Assurance","","","","","","","","","","","","","","","","","","","","","","","","","","","","","","","","","","","","","70.076","119.151","102.444","102.444","","","","","","","164.06","","","","","","","","","","","","","","","","","","","","","","","","2020-BASE_PROCUREMENT-2020-AIRFORCE_SPACE-U_PROCUREMENT_MasterJustificationBook_Air_Force_PB_2020.zzz_unzipped-U_PROCUREMENT_MasterJustificationBook_Air_Force_PB_2020.xml","c9b645ca3693dc4386f5024067a158db34ff6924a8e540b310f1bbc768a98941","2-7ca2b1c8920570cc1891ea7f06ad153c2110a5d8124284136511b0a771c5b095","","0-6f4063ae238d82a463c88906ca3e7b8b576656c71a5a35294e8067cc24aa869a","root.record.ItemExhibitList.P5Item"
"Launch Services Support","","","","","","","","","","","","","","","","","","","","","","","","","","","","","","","","","","","","","","","174.41","174.41","","","","","","","","","","","","1","1","","","","","","","","","","174.41","174.41","","","","","","","2020-BASE_PROCUREMENT-2020-AIRFORCE_SPACE-U_PROCUREMENT_MasterJustificationBook_Air_Force_PB_2020.zzz_unzipped-U_PROCUREMENT_MasterJustificationBook_Air_Force_PB_2020.xml","c9b645ca3693dc4386f5024067a158db34ff6924a8e540b310f1bbc768a98941","3-eb4a545d31a80ddb788f90131a6a1b8e478f68dbe3b8252f199b655c61ac73cc","","0-6f4063ae238d82a463c88906ca3e7b8b576656c71a5a35294e8067cc24aa869a","root.record.ItemExhibitList.P5Item"
"Phase 1 Atlas V completion","","","","","","","","","","","","","","","","","","","","","","","","","","","","","","","","","","","","","","","94.79","94.79","","","","","","","","","","","","","","","","","","","","","","","","","","","","","","","2020-BASE_PROCUREMENT-2020-AIRFORCE_SPACE-U_PROCUREMENT_MasterJustificationBook_Air_Force_PB_2020.zzz_unzipped-U_PROCUREMENT_MasterJustificationBook_Air_Force_PB_2020.xml","c9b645ca3693dc4386f5024067a158db34ff6924a8e540b310f1bbc768a98941","4-7ab18a81922e5d2d7c2aa32de564a0958fb5e284eed4883499066ae9c4781ff3","","0-6f4063ae238d82a463c88906ca3e7b8b576656c71a5a35294e8067cc24aa869a","root.record.ItemExhibitList.P5Item"
"Adv Proc - Multi-Mission Launcher Materials (Unexecuted - Rescinded by NDAA of 2018)","","","","","","","","","","","","","","","","","","","","","","","","","","","","","","","","","","","","","19.319","","","","","","","","","","","","","","","","","","","","","","","","","","","","","","","","","","2020-BASE_PROCUREMENT-2020-ARMY_MISSLE-U_PROCUREMENT_JustificationBook_Army_PB_2020.zzz_unzipped-U_PROCUREMENT_JustificationBook_Army_PB_2020.xml","50a5217e1270d0048e174d6aba1ea43048f8902784301504ef4ca043ba1d93b3","0-83cc1924afd2dce94705cab1fd32abfbe809557e551bc1638f3dd7e2ed857fd6","","1-2eab5882c008b6fcd82920778fb8e2c43b3b32303254db397f6a55dacffbdaec","root.record.ItemExhibitList.P5Item"
