Name_val,IdCode_val,Cost_AllPriorYears_TotalCost_val,Cost_AllPriorYears_UnitCost_val,Cost_AllPriorYears_Quantity_val,Cost_PriorYear_UnitCost_val,Cost_PriorYear_Quantity_val,Cost_PriorYear_TotalCost_val,Cost_CurrentYear_UnitCost_val,Cost_CurrentYear_Quantity_val,Cost_CurrentYear_TotalCost_val,Cost_BudgetYearOneBase_TotalCost_val,Cost_BudgetYearOneBase_UnitCost_val,Cost_BudgetYearOneBase_Quantity_val,Cost_BudgetYearOneOCO_TotalCost_val,Cost_BudgetYearOne_TotalCost_val,Cost_BudgetYearOne_UnitCost_val,Cost_BudgetYearOne_Quantity_val,Cost_BudgetYearTwo_UnitCost_val,Cost_BudgetYearTwo_Quantity_val,Cost_BudgetYearTwo_TotalCost_val,Cost_BudgetYearThree_UnitCost_val,Cost_BudgetYearThree_Quantity_val,Cost_BudgetYearThree_TotalCost_val,Cost_BudgetYearFour_UnitCost_val,Cost_BudgetYearFour_Quantity_val,Cost_BudgetYearFour_TotalCost_val,Cost_BudgetYearFive_UnitCost_val,Cost_BudgetYearFive_Quantity_val,Cost_BudgetYearFive_TotalCost_val,Cost_Continuing_val,Cost_ToComplete_UnitCost_val,Cost_ToComplete_Quantity_val,Cost_ToComplete_TotalCost_val,Cost_Total_UnitCost_val,Cost_Total_Quantity_val,Cost_Total_TotalCost_val,Cost_TotalCost_PriorYear_val,Cost_TotalCost_CurrentYear_val,Cost_TotalCost_BudgetYearOneBase_val,Cost_TotalCost_BudgetYearOne_val,Cost_TotalCost_BudgetYearTwo_val,Cost_TotalCost_BudgetYearThree_val,Cost_TotalCost_BudgetYearFour_val,Cost_TotalCost_BudgetYearFive_val,Cost_TotalCost_ToComplete_val,Cost_TotalCost_Total_val,Cost_TotalCost_AllPriorYears_val,Cost_TotalCost_BudgetYearOneOCO_val,Cost_Quantity_AllPriorYears_val,Cost_Quantity_PriorYear_val,Cost_Quantity_CurrentYear_val,Cost_Quantity_BudgetYearOneBase_val,Cost_Quantity_BudgetYearOne_val,Cost_Quantity_BudgetYearTwo_val,Cost_Quantity_BudgetYearThree_val,Cost_Quantity_BudgetYearFour_val,Cost_Quantity_BudgetYearFive_val,Cost_Quantity_ToComplete_val,Cost_Quantity_Total_val,Cost_UnitCost_AllPriorYears_val,Cost_UnitCost_PriorYear_val,Cost_UnitCost_CurrentYear_val,Cost_UnitCost_BudgetYearOneBase_val,Cost_UnitCost_BudgetYearOne_val,Cost_UnitCost_BudgetYearTwo_val,Cost_UnitCost_BudgetYearThree_val,Cost_UnitCost_BudgetYearFour_val,Cost_UnitCost_BudgetYearFive_val,Cost_UnitCost_ToComplete_val,Cost_UnitCost_Total_val,@SOURCE_FILENAME,@RECORDID,@ROWID,AllPriorYearsDeliveries_val,@PARENTROWID,@PARENT
"REMOTE ENVIRONMENTAL MONITORING SYSTEM","A","0.000","","","1.5","1","1.5","4.2","1","4.2","0.000","","","0.000","0.000","","","","","","","","","","","","","","","","","","","","","","","","","","","","","","","","","","","","","","","","","","","","","","","","","","","","","","","","2013-BASE_PROCUREMENT-2013-AIRFORCE_MISSILE-JustificationBook_Air_Force_PB_2013.zzz_unzipped-JustificationBook_Air_Force_PB_2013.xml","330c29f5a5f0e8ed876d07b467fbbf6f5e140724b3e9e4215e0f8d5dd7597dba","0-cf7f3694acbe75e661f8568b9bee05b11e4cd2d8cb05857387ebe6011aa934f5","","0-4dd114f819f31dd80c2b7d6d626ad2859af63239c7474fe424372d6a6f4a9fcb","root.record.ItemExhibitList.P5Item"
"ENGINEERING","A","0.000","","","","","0.9","","","3.113","0.000","","","0.000","0.000","","","","","","","","","","","","","","","","","","","","","","","","","","","","","","","","","","","","","","","","","","","","","","","","","","","","","","","","2013-BASE_PROCUREMENT-2013-AIRFORCE_MISSILE-JustificationBook_Air_Force_PB_2013.zzz_unzipped-JustificationBook_Air_Force_PB_2013.xml","330c29f5a5f0e8ed876d07b467fbbf6f5e140724b3e9e4215e0f8d5dd7597dba","1-5372cb88ba5fddc1cd504898d9e3a3fd9d08971e7bf376ce48106798c004a628","","0-4dd114f819f31dd80c2b7d6d626ad2859af63239c7474fe424372d6a6f4a9fcb","root.record.ItemExhibitList.P5Item"
"PRODUCTION SUPPORT SERVICES","A","0.000","","","","","0.752","","","4","0.000","","","0.000","0.000","","","","","","","","","","","","","","","","","","","","","","","","","","","","","","","","","","","","","","","","","","","","","","","","","","","","","","","","2013-BASE_PROCUREMENT-2013-AIRFORCE_MISSILE-JustificationBook_Air_Force_PB_2013.zzz_unzipped-JustificationBook_Air_Force_PB_2013.xml","330c29f5a5f0e8ed876d07b467fbbf6f5e140724b3e9e4215e0f8d5dd7597dba","2-72883c870f426f6b47efb253b56b5ffc9f6efa932aeed44882f6603ba086822e","","0-4dd114f819f31dd80c2b7d6d626ad2859af63239c7474fe424372d6a6f4a9fcb","root.record.ItemExhibitList.P5Item"
"DATA","A","0.000","","","","","0.4","","","0.75","0.000","","","0.000","0.000","","","","","","","","","","","","","","","","","","","","","","","","","","","","","","","","","","","","","","","","","","","","","","","","","","","","","","","","2013-BASE_PROCUREMENT-2013-AIRFORCE_MISSILE-JustificationBook_Air_Force_PB_2013.zzz_unzipped-JustificationBook_Air_Force_PB_2013.xml","330c29f5a5f0e8ed876d07b467fbbf6f5e140724b3e9e4215e0f8d5dd7597dba","3-ce2af11f6183a76cfa583417a6112ab97fd7800bd3de228673b57518ed499f03","","0-4dd114f819f31dd80c2b7d6d626ad2859af63239c7474fe424372d6a6f4a9fcb","root.record.ItemExhibitList.P5Item"
"GOVERNMENT COSTS","A","0.000","","","","","0.329","","","4","0.000","","","0.000","0.000","","","","","","","","","","","","","","","","","","","","","","","","","","","","","","","","","","","","","","","","","","","","","","","","","","","","","","","","2013-BASE_PROCUREMENT-2013-AIRFORCE_MISSILE-JustificationBook_Air_Force_PB_2013.zzz_unzipped-JustificationBook_Air_Force_PB_2013.xml","330c29f5a5f0e8ed876d07b467fbbf6f5e140724b3e9e4215e0f8d5dd7597dba","4-8f786bdad06e7606b2c949543c468946f4d55917691ea8ef95438ecf1262e52e","","0-4dd114f819f31dd80c2b7d6d626ad2859af63239c7474fe424372d6a6f4a9fcb","root.record.ItemExhibitList.P5Item"
"Launch Services","A","2154.642","89.777","24","104.345","3","313.035","195.069","4","780.274","692.224","173.056","4","0.000","692.224","173.056","4","185.566","5","927.832","195.312","5","976.558","216.335","5","1081.676","206.068","5","1030.339","true","","","","","","","","","","","","","","","","","","","","","","","","","","","","","","","","","","","","","","","","","2013-BASE_PROCUREMENT-2013-AIRFORCE_MISSILE-JustificationBook_Air_Force_PB_2013.zzz_unzipped-JustificationBook_Air_Force_PB_2013.xml","8b85eb0d0f9d135685fb9ddd37378f4e4b83141bb343dc95a96c33fa3bcdf18d","0-6eb93bc03f6720cbf76a9979a6cd79e7f45decbd4d8981a9fdfeaea94bc6ff9f","","0-713128f4419fd197b0e1128dbe5479850d7a03ff4990090530583f95b94a77b2","root.record.ItemExhibitList.P5Item"
"Launch Capability","A","3387.895","","","","","727.919","","","826.637","874.606","","","0.000","874.606","","","","","914.425","","","962.397","","","1026.065","","","1071.923","true","","","","","","","","","","","","","","","","","","","","","","","","","","","","","","","","","","","","","","","","","2013-BASE_PROCUREMENT-2013-AIRFORCE_MISSILE-JustificationBook_Air_Force_PB_2013.zzz_unzipped-JustificationBook_Air_Force_PB_2013.xml","8b85eb0d0f9d135685fb9ddd37378f4e4b83141bb343dc95a96c33fa3bcdf18d","1-94195f6188a604f9217bd2da3cdf5f0f5458d032a4c0776d6fd04e72d7d22ada","","0-713128f4419fd197b0e1128dbe5479850d7a03ff4990090530583f95b94a77b2","root.record.ItemExhibitList.P5Item"
"REMOTE ENVIRONMENTAL MONITORING SYSTEM","A","0.000","","","1.5","1","1.5","4.2","1","4.2","0.000","","","0.000","0.000","","","","","","","","","","","","","","","","","","","","","","","","","","","","","","","","","","","","","","","","","","","","","","","","","","","","","","","","2013-BASE_PROCUREMENT-2013-AIRFORCE_MISSILE-MasterJustificationBook_Air_Force_PB_2013.zzz_unzipped-MasterJustificationBook_Air_Force_PB_2013.xml","f399505badda0ce97b9cd0a1489cdb66271dafdc767f23f81d1697e9f3480573","0-39e3915c51543e911fa23c1e2939544aa8023bbb309ef01345751b9b23df5bb7","","0-b781d7c51c879def94d973dbd1b4c4e18a7b872482cdf974bbe0bbc28b4b580a","root.record.ItemExhibitList.P5Item"
"ENGINEERING","A","0.000","","","","","0.9","","","3.113","0.000","","","0.000","0.000","","","","","","","","","","","","","","","","","","","","","","","","","","","","","","","","","","","","","","","","","","","","","","","","","","","","","","","","2013-BASE_PROCUREMENT-2013-AIRFORCE_MISSILE-MasterJustificationBook_Air_Force_PB_2013.zzz_unzipped-MasterJustificationBook_Air_Force_PB_2013.xml","f399505badda0ce97b9cd0a1489cdb66271dafdc767f23f81d1697e9f3480573","1-b2bf3a8c73b7ba7aa9118507fa1c9a348959cf5015d752c35a78e65941e13ef4","","0-b781d7c51c879def94d973dbd1b4c4e18a7b872482cdf974bbe0bbc28b4b580a","root.record.ItemExhibitList.P5Item"
"PRODUCTION SUPPORT SERVICES","A","0.000","","","","","0.752","","","4","0.000","","","0.000","0.000","","","","","","","","","","","","","","","","","","","","","","","","","","","","","","","","","","","","","","","","","","","","","","","","","","","","","","","","2013-BASE_PROCUREMENT-2013-AIRFORCE_MISSILE-MasterJustificationBook_Air_Force_PB_2013.zzz_unzipped-MasterJustificationBook_Air_Force_PB_2013.xml","f399505badda0ce97b9cd0a1489cdb66271dafdc767f23f81d1697e9f3480573","2-ed6159666c91ab6e5ab1961291ff13c78cb04644a43a764f3141e355338ff6e3","","0-b781d7c51c879def94d973dbd1b4c4e18a7b872482cdf974bbe0bbc28b4b580a","root.record.ItemExhibitList.P5Item"
"DATA","A","0.000","","","","","0.4","","","0.75","0.000","","","0.000","0.000","","","","","","","","","","","","","","","","","","","","","","","","","","","","","","","","","","","","","","","","","","","","","","","","","","","","","","","","2013-BASE_PROCUREMENT-2013-AIRFORCE_MISSILE-MasterJustificationBook_Air_Force_PB_2013.zzz_unzipped-MasterJustificationBook_Air_Force_PB_2013.xml","f399505badda0ce97b9cd0a1489cdb66271dafdc767f23f81d1697e9f3480573","3-f12e1bef333a39ec7661572cbef94cd301727b26e38f6d79fa03d5d1f5ef04b0","","0-b781d7c51c879def94d973dbd1b4c4e18a7b872482cdf974bbe0bbc28b4b580a","root.record.ItemExhibitList.P5Item"
"GOVERNMENT COSTS","A","0.000","","","","","0.329","","","4","0.000","","","0.000","0.000","","","","","","","","","","","","","","","","","","","","","","","","","","","","","","","","","","","","","","","","","","","","","","","","","","","","","","","","2013-BASE_PROCUREMENT-2013-AIRFORCE_MISSILE-MasterJustificationBook_Air_Force_PB_2013.zzz_unzipped-MasterJustificationBook_Air_Force_PB_2013.xml","f399505badda0ce97b9cd0a1489cdb66271dafdc767f23f81d1697e9f3480573","4-30cd00aac6c015c0b4f2d8de2656b9fd8c239dfe4b2d0f49380695418cfee9db","","0-b781d7c51c879def94d973dbd1b4c4e18a7b872482cdf974bbe0bbc28b4b580a","root.record.ItemExhibitList.P5Item"
"Launch Services","A","2154.642","89.777","24","104.345","3","313.035","195.069","4","780.274","692.224","173.056","4","0.000","692.224","173.056","4","185.566","5","927.832","195.312","5","976.558","216.335","5","1081.676","206.068","5","1030.339","true","","","","","","","","","","","","","","","","","","","","","","","","","","","","","","","","","","","","","","","","","2013-BASE_PROCUREMENT-2013-AIRFORCE_MISSILE-MasterJustificationBook_Air_Force_PB_2013.zzz_unzipped-MasterJustificationBook_Air_Force_PB_2013.xml","d10fbc086dd24d31f215c1abc02d7f81f52a1aa0dd3e06f1f6d0611fde3447ec","0-9d8b7c9c6e102c352353ca4b7b8603d718e53472d96205277e8e6596673879c0","","0-46b730854ce1486eddda2b7b159973a4bd31e162934bc1796e7735f603fcbfca","root.record.ItemExhibitList.P5Item"
"Launch Capability","A","3387.895","","","","","727.919","","","826.637","874.606","","","0.000","874.606","","","","","914.425","","","962.397","","","1026.065","","","1071.923","true","","","","","","","","","","","","","","","","","","","","","","","","","","","","","","","","","","","","","","","","","2013-BASE_PROCUREMENT-2013-AIRFORCE_MISSILE-MasterJustificationBook_Air_Force_PB_2013.zzz_unzipped-MasterJustificationBook_Air_Force_PB_2013.xml","d10fbc086dd24d31f215c1abc02d7f81f52a1aa0dd3e06f1f6d0611fde3447ec","1-c71463da09abacc5b3b52b60bcd97119e40ba895f759863d7598266a4f97baa3","","0-46b730854ce1486eddda2b7b159973a4bd31e162934bc1796e7735f603fcbfca","root.record.ItemExhibitList.P5Item"
"Launch Services","A","2467.677","91.395","27","174.792","5","873.958","162.11","4","648.44","825.738","165.148","5","","825.738","165.148","5","176.6","5","883.002","141.39","5","706.951","136.934","5","684.671","178.801","5","894.007","","274.894","29","7971.933","177.293","90","15956.377","","","","","","","","","","","","","","","","","","","","","","","","","","","","","","","","","","","2014-BASE_PROCUREMENT-2014-AIRFORCE_MISSILE-PROCUREMENT_JustificationBook_Air_Force_PB_2014.zzz_unzipped-PROCUREMENT_JustificationBook_Air_Force_PB_2014.xml","68ea63f1b14499493039407eb06bfa2f6b465ded3e4359e8517cedd6dfa14364","0-f5a74d5cc59ba51a5adbed8b3e5c43f607f2f3fea861102aaaf9a15016830c8d","15","0-d2530bd30df0850eaa058fe933941e844a637a78e54929e649594001d9cf4c6f","root.record.ItemExhibitList.P5Item"
"Launch Capability","A","4116.199","","","","","688.722","","","874.637","878.863","","","","878.863","","","","","922.058","","","958.521","","","985.417","","","1004.885","","","","13391.013","","","23820.315","","","","","","","","","","","","","","","","","","","","","","","","","","","","","","","","","","","2014-BASE_PROCUREMENT-2014-AIRFORCE_MISSILE-PROCUREMENT_JustificationBook_Air_Force_PB_2014.zzz_unzipped-PROCUREMENT_JustificationBook_Air_Force_PB_2014.xml","68ea63f1b14499493039407eb06bfa2f6b465ded3e4359e8517cedd6dfa14364","1-539863eb82aab68795d072dbeb8b5f539c5d70861d7d6be0162c428e0a18f008","","0-d2530bd30df0850eaa058fe933941e844a637a78e54929e649594001d9cf4c6f","root.record.ItemExhibitList.P5Item"
"Launch Services","A","2467.677","91.395","27","174.792","5","873.958","162.11","4","648.44","825.738","165.148","5","","825.738","165.148","5","176.6","5","883.002","141.39","5","706.951","136.934","5","684.671","178.801","5","894.007","","274.894","29","7971.933","177.293","90","15956.377","","","","","","","","","","","","","","","","","","","","","","","","","","","","","","","","","","","2014-BASE_PROCUREMENT-2014-AIRFORCE_MISSILE-PROCUREMENT_MasterJustificationBook_Air_Force_PB_2014.zzz_unzipped-PROCUREMENT_MasterJustificationBook_Air_Force_PB_2014.xml","e628ef6da8da11143b41e85d0575946b1eab2d1b8e7c19d89d4f124b7c2b2e32","0-7fa8795b1fc0282a90b126a5d69f1e23fbda3d838611f7e369ae5ee265fbe393","15","0-462db9e8e5a5849a5088d6e0b26e777e4d74e6eeb38f117e72075d93430acf12","root.record.ItemExhibitList.P5Item"
"Launch Capability","A","4116.199","","","","","688.722","","","874.637","878.863","","","","878.863","","","","","922.058","","","958.521","","","985.417","","","1004.885","","","","13391.013","","","23820.315","","","","","","","","","","","","","","","","","","","","","","","","","","","","","","","","","","","2014-BASE_PROCUREMENT-2014-AIRFORCE_MISSILE-PROCUREMENT_MasterJustificationBook_Air_Force_PB_2014.zzz_unzipped-PROCUREMENT_MasterJustificationBook_Air_Force_PB_2014.xml","e628ef6da8da11143b41e85d0575946b1eab2d1b8e7c19d89d4f124b7c2b2e32","1-a4de1ce5a3c89bdbefcca2ed79ffa7e102d332424de5b31b612620cfae015ae4","","0-462db9e8e5a5849a5088d6e0b26e777e4d74e6eeb38f117e72075d93430acf12","root.record.ItemExhibitList.P5Item"
"Launch Capability","A","","","","","","","","","","","","","","","","","","","","","","","","","","","","","","","","","","","","631.551","554.946","745.183","745.183","734.126","772.022","758.05","510.43","11148.019","15854.327","","","","","","","","","","","","","","","","","","","","","","","","","2015-BASE_PROCUREMENT-2015-AIRFORCE_MISSILE-PROCUREMENT_JustificationBook_Air_Force_PB_2015.zzz_unzipped-PROCUREMENT_JustificationBook_Air_Force_PB_2015.xml","5588bd353e468fa2427599906eaf5204c914d2ff6c5a23059ba5e5a43438c69d","0-a2baa45b781670b21e3f291d584f5df2c1af1f189edfba1c484d7633068e4be0","","0-09866308fceb3d8523985423ba7a32e7ee76f7bf1fd95b4b8c48f6a1ff556925","root.record.ItemExhibitList.P5Item"
"Launch Services","A","","","","","","","","","","","","","","","","","","","","","","","","","","","","","","","","","","","","573.837","726.093","466.671","466.671","507.406","661.43","668.685","1140.359","10005.128","18029.258","3279.649","","32","4","5","3","3","4","5","4","5","39","101","102.489","143.459","145.219","155.557","155.557","126.852","132.286","167.171","228.072","256.542","178.508","2015-BASE_PROCUREMENT-2015-AIRFORCE_MISSILE-PROCUREMENT_JustificationBook_Air_Force_PB_2015.zzz_unzipped-PROCUREMENT_JustificationBook_Air_Force_PB_2015.xml","04ba31003147d065bb7b0469d96856c0e467991933cc18cbefa9e3616265b178","0-d51b58797f64c460e89b6165097f295f213fe8cf9244a4a4578704ae43bbaa72","19","0-2e1bf56f12d4a7acd8bf552ca767cfcde47b94c067b9e410179e6d2826f832a1","root.record.ItemExhibitList.P5Item"
"Launch Capability","A","","","","","","","","","","","","","","","","","","","","","","","","","","","","","","","","","","","","0.000","","0.000","0.000","0.000","0.000","0.000","0.000","0.000","4842.649","4842.649","","","","","","","","","","","","","","","","","","","","","","","","2015-BASE_PROCUREMENT-2015-AIRFORCE_MISSILE-PROCUREMENT_JustificationBook_Air_Force_PB_2015.zzz_unzipped-PROCUREMENT_JustificationBook_Air_Force_PB_2015.xml","04ba31003147d065bb7b0469d96856c0e467991933cc18cbefa9e3616265b178","1-61a05b0e8619ae5001a831cff9fe3536718c07fff209a24597050e1661a25101","","0-2e1bf56f12d4a7acd8bf552ca767cfcde47b94c067b9e410179e6d2826f832a1","root.record.ItemExhibitList.P5Item"
"Launch Capability","A","","","","","","","","","","","","","","","","","","","","","","","","","","","","","","","","","","","","631.551","554.946","745.183","745.183","734.126","772.022","758.05","510.43","11148.019","15854.327","","","","","","","","","","","","","","","","","","","","","","","","","2015-BASE_PROCUREMENT-2015-AIRFORCE_MISSILE-PROCUREMENT_MasterJustificationBook_Air_Force_PB_2015.zzz_unzipped-PROCUREMENT_MasterJustificationBook_Air_Force_PB_2015.xml","ee98adf863f9acb06f7969fc9013cb712910207eff6a664b6913ce2fb4fff69f","0-5a1bbf4b5fbf43b2ad218260ca09ef2a75209faea727f4c1864e427aea70fbbc","","0-f81e3d267148ee00c845b9d15dffafcc097bc7a302bc2a214bbd396f0c7958a4","root.record.ItemExhibitList.P5Item"
"Launch Services","A","","","","","","","","","","","","","","","","","","","","","","","","","","","","","","","","","","","","573.837","726.093","466.671","466.671","507.406","661.43","668.685","1140.359","10005.128","18029.258","3279.649","","32","4","5","3","3","4","5","4","5","39","101","102.489","143.459","145.219","155.557","155.557","126.852","132.286","167.171","228.072","256.542","178.508","2015-BASE_PROCUREMENT-2015-AIRFORCE_MISSILE-PROCUREMENT_MasterJustificationBook_Air_Force_PB_2015.zzz_unzipped-PROCUREMENT_MasterJustificationBook_Air_Force_PB_2015.xml","3abf8b64467cbed6c01c156005d72134c5ac025da35c8ec98beeec4ffadf8568","0-cfd08b7af70438922abfd42e9ebe2982484c32efb7c705af3cdb1bc6c4e8ab07","19","0-305a7d946e18c688106e65a79235a6796b5476a65ba54dedad246e8b8942e440","root.record.ItemExhibitList.P5Item"
"Launch Capability","A","","","","","","","","","","","","","","","","","","","","","","","","","","","","","","","","","","","","0.000","","0.000","0.000","0.000","0.000","0.000","0.000","0.000","4842.649","4842.649","","","","","","","","","","","","","","","","","","","","","","","","2015-BASE_PROCUREMENT-2015-AIRFORCE_MISSILE-PROCUREMENT_MasterJustificationBook_Air_Force_PB_2015.zzz_unzipped-PROCUREMENT_MasterJustificationBook_Air_Force_PB_2015.xml","3abf8b64467cbed6c01c156005d72134c5ac025da35c8ec98beeec4ffadf8568","1-633707f9b0f8206cd2b1c5b86438ec8f11402c403c730f8426c252f56c09a1ae","","0-305a7d946e18c688106e65a79235a6796b5476a65ba54dedad246e8b8942e440","root.record.ItemExhibitList.P5Item"
"Launch Capability","","","","","","","","","","","","","","","","","","","","","","","","","","","","","","","","","","","","","554.946","673.428","0","0","0","0","0","0","0","1859.925","631.551","0","","1","1","","","","","","","","2","","554.946","673.428","","","","","","","","929.963","2016-BASE_PROCUREMENT-2016-AIRFORCE_MISSILE-PROCUREMENT_JustificationBook_Air_Force_PB_2016.zzz_unzipped-PROCUREMENT_JustificationBook_Air_Force_PB_2016.xml","6c9aa995b91ad030ee6d32b356405a3b1f11b8001606a08d20590bebadee431a","0-7b5d13a48114382a2021aa55a68f2585b22a1e68d2d9b38bb15c4f5339adc0f1","","0-63a850c3cd6cf8b5f6b108d47518b7a96b1415b3abee3f9e5e6d664da0592269","root.record.ItemExhibitList.P5Item"
"Launch Services","","","","","","","","","","","","","","","","","","","","","","","","","","","","","","","","","","","","","749.616","539.843","","0","","","","0","0","5154.029","3864.57","0","36","5","4","","","","","","","","45","107.349","149.923","134.961","","","","","","","","114.534","2016-BASE_PROCUREMENT-2016-AIRFORCE_MISSILE-PROCUREMENT_JustificationBook_Air_Force_PB_2016.zzz_unzipped-PROCUREMENT_JustificationBook_Air_Force_PB_2016.xml","cf8925d65bd63fdedf24ce17755069f37593cef7cbbe4aeacd94a8f5b6fd690f","0-8c6b60553991fd3e3f41be680277ad5c4f7bdd1acf49f86966670673f65fd5a2","27","0-06d24aaa7bc9c6a3f409813a616c785b6863f5900c1e92c1b929b8fce94c787a","root.record.ItemExhibitList.P5Item"
"Launch Capability","","","","","","","","","","","","","","","","","","","","","","","","","","","","","","","","","","","","","","0","0","0","0","0","0","","0","4842.649","4842.649","0","","","","","","","","","","","","","","","","","","","","","","","2016-BASE_PROCUREMENT-2016-AIRFORCE_MISSILE-PROCUREMENT_JustificationBook_Air_Force_PB_2016.zzz_unzipped-PROCUREMENT_JustificationBook_Air_Force_PB_2016.xml","cf8925d65bd63fdedf24ce17755069f37593cef7cbbe4aeacd94a8f5b6fd690f","1-ca0fee6f71961dfc09d3e91700f3dbedff95ed643296215249b25dafbaea8aa0","","0-06d24aaa7bc9c6a3f409813a616c785b6863f5900c1e92c1b929b8fce94c787a","root.record.ItemExhibitList.P5Item"
"Launch Capability","","","","","","","","","","","","","","","","","","","","","","","","","","","","","","","","","","","","","554.946","673.428","0","0","0","0","0","0","0","1859.925","631.551","0","","1","1","","","","","","","","2","","554.946","673.428","","","","","","","","929.963","2016-BASE_PROCUREMENT-2016-AIRFORCE_MISSILE-PROCUREMENT_MasterJustificationBook_Air_Force_PB_2016.zzz_unzipped-PROCUREMENT_MasterJustificationBook_Air_Force_PB_2016.xml","276c920b26f02c0ce9ac31d54a0860fa7e35984db3fb4afee67af15af6561e99","0-8bcd8fa5f5531f969322fd2af9f42abb10507a8a77a5a60e8b7c80c26e197a81","","0-f2ceb96cabf48defc7cf39b87ec974ecefd2b59fcf3e24a02bb54565940e0734","root.record.ItemExhibitList.P5Item"
"Launch Services","","","","","","","","","","","","","","","","","","","","","","","","","","","","","","","","","","","","","749.616","539.843","","0","","","","0","0","5154.029","3864.57","0","36","5","4","","","","","","","","45","107.349","149.923","134.961","","","","","","","","114.534","2016-BASE_PROCUREMENT-2016-AIRFORCE_MISSILE-PROCUREMENT_MasterJustificationBook_Air_Force_PB_2016.zzz_unzipped-PROCUREMENT_MasterJustificationBook_Air_Force_PB_2016.xml","939818d19b159c135335fe081effefc55291969edf99d66feedb0e0d81b54846","0-0f0ab337949f8251496f1af35ad57a2baf0b876a7922120a2a5fbc7365ab5810","27","0-eaaad194cc607c5e22cb8f35120ba79ad243aca4e09c6c5e2d556c871b20198b","root.record.ItemExhibitList.P5Item"
"Launch Capability","","","","","","","","","","","","","","","","","","","","","","","","","","","","","","","","","","","","","","0","0","0","0","0","0","","0","4842.649","4842.649","0","","","","","","","","","","","","","","","","","","","","","","","2016-BASE_PROCUREMENT-2016-AIRFORCE_MISSILE-PROCUREMENT_MasterJustificationBook_Air_Force_PB_2016.zzz_unzipped-PROCUREMENT_MasterJustificationBook_Air_Force_PB_2016.xml","939818d19b159c135335fe081effefc55291969edf99d66feedb0e0d81b54846","1-d71240906d0abcef7f4b87fa72f62453bf98720959d5e4d227a912c92f336be8","","0-eaaad194cc607c5e22cb8f35120ba79ad243aca4e09c6c5e2d556c871b20198b","root.record.ItemExhibitList.P5Item"
"Launch Capability","","","","","","","","","","","","","","","","","","","","","","","","","","","","","","","","","","","","","0","0","556.233","556.233","761.945","748.303","500.499","509.519","9307.516","12384.015","0","0","","","","1","1","1","1","1","1","1","6","","","","556.233","556.233","761.945","748.303","500.499","509.519","9307.516","2064.003","2016-BASE_PROCUREMENT-2016-AIRFORCE_SPACE-PROCUREMENT_JustificationBook_Air_Force_PB_2016.zzz_unzipped-PROCUREMENT_JustificationBook_Air_Force_PB_2016.xml","d1f0521c73ebc9037816c74e70ee33273b5fd9f2e08f916f050ecbe177d86071","0-d31341157d595cb16a0935c0cdf9c2d1ec554b52360e5c603987814c1e08740d","","0-0c452efed6aa079ed901617336b646d016d8c6e2064d7d938a6d2833b3925a49","root.record.ItemExhibitList.P5Item"
"Launch Services","","","","","","","","","","","","","","","","","","","","","","","","","","","","","","","","","","","","","","","632.981","632.981","655.647","666.413","1135.319","1147.357","8308.983","12546.7","","0","","","","5","5","5","4","5","5","34","58","","","","126.596","126.596","131.129","166.603","227.064","229.471","244.382","216.322","2016-BASE_PROCUREMENT-2016-AIRFORCE_SPACE-PROCUREMENT_JustificationBook_Air_Force_PB_2016.zzz_unzipped-PROCUREMENT_JustificationBook_Air_Force_PB_2016.xml","7a2d660364617df9c4864dac6ccd860e0aa8b3a898565771e1e333f1544053e7","0-c183e8152d46f372efba426bf84f2864721d346a1c7e493e5552d355b9313bed","","0-f6123858b61803accb918534ddec38681e746761085cded8d05859d258e1a35d","root.record.ItemExhibitList.P5Item"
"Launch Capability","","","","","","","","","","","","","","","","","","","","","","","","","","","","","","","","","","","","","","","0","0","0","0","0","","0","0","0","0","","","","","","","","","","","","","","","","","","","","","","","2016-BASE_PROCUREMENT-2016-AIRFORCE_SPACE-PROCUREMENT_JustificationBook_Air_Force_PB_2016.zzz_unzipped-PROCUREMENT_JustificationBook_Air_Force_PB_2016.xml","7a2d660364617df9c4864dac6ccd860e0aa8b3a898565771e1e333f1544053e7","1-00d691e63a1b2584536d90b50436f4a833ac53550461968a082a514f174a9453","","0-f6123858b61803accb918534ddec38681e746761085cded8d05859d258e1a35d","root.record.ItemExhibitList.P5Item"
"Launch Capability","","","","","","","","","","","","","","","","","","","","","","","","","","","","","","","","","","","","","0","0","556.233","556.233","761.945","748.303","500.499","509.519","9307.516","12384.015","0","0","","","","1","1","1","1","1","1","1","6","","","","556.233","556.233","761.945","748.303","500.499","509.519","9307.516","2064.003","2016-BASE_PROCUREMENT-2016-AIRFORCE_SPACE-PROCUREMENT_MasterJustificationBook_Air_Force_PB_2016.zzz_unzipped-PROCUREMENT_MasterJustificationBook_Air_Force_PB_2016.xml","a5822c6433aedb78daa4985dc310373c7cdabcb6db4d8f36492c10d0e4fd1487","0-3c654733af35c33e43e7946fbc7044cdbfe453211afba5cccfb47515590233c0","","0-2d3fdfcf43f02cbd3bdd080011cc22a2da681a975cc22d7fbc6bbba42c1ef890","root.record.ItemExhibitList.P5Item"
"Launch Services","","","","","","","","","","","","","","","","","","","","","","","","","","","","","","","","","","","","","","","632.981","632.981","655.647","666.413","1135.319","1147.357","8308.983","12546.7","","0","","","","5","5","5","4","5","5","34","58","","","","126.596","126.596","131.129","166.603","227.064","229.471","244.382","216.322","2016-BASE_PROCUREMENT-2016-AIRFORCE_SPACE-PROCUREMENT_MasterJustificationBook_Air_Force_PB_2016.zzz_unzipped-PROCUREMENT_MasterJustificationBook_Air_Force_PB_2016.xml","e74c5625e1731a9bfe9f4efe680292d976b26eee481f576bfc724d2c763e55fb","0-694730123567eaddc6dbf20a8d459610a2d3d648f5734773bef4d3d298c7df37","","0-97a5237df68c1187e10ee2f7d4a078fd7374722e29543408567cb4dc8880e544","root.record.ItemExhibitList.P5Item"
"Launch Capability","","","","","","","","","","","","","","","","","","","","","","","","","","","","","","","","","","","","","","","0","0","0","0","0","","0","0","0","0","","","","","","","","","","","","","","","","","","","","","","","2016-BASE_PROCUREMENT-2016-AIRFORCE_SPACE-PROCUREMENT_MasterJustificationBook_Air_Force_PB_2016.zzz_unzipped-PROCUREMENT_MasterJustificationBook_Air_Force_PB_2016.xml","e74c5625e1731a9bfe9f4efe680292d976b26eee481f576bfc724d2c763e55fb","1-17cbf5bc1b0377a21dac972bc3457840c1f72525e3476dd3961914a83284356e","","0-97a5237df68c1187e10ee2f7d4a078fd7374722e29543408567cb4dc8880e544","root.record.ItemExhibitList.P5Item"
"Launch Capability","","","","","","","","","","","","","","","","","","","","","","","","","","","","","","","","","","","","","683.378","0","0","0","0","0","0","0","0","1869.881","1186.503","0","1","1","","","","","","","","","2","1186.503","683.378","","","","","","","","","934.941","2017-BASE_PROCUREMENT-2017-AIRFORCE_MISSILE-U_PROCUREMENT_JustificationBook_Air_Force_PB_2017.zzz_unzipped-U_PROCUREMENT_JustificationBook_Air_Force_PB_2017.xml","ce33d887958287eb22f25db5c4372a5be3d549dd643325817beec223ffddc64c","0-9c1ffc1fa12041b8f17d6282ea9c0f8f12886c81af50b243303bcbf8001517c4","","0-32213266f01864181e19540481f435b36039ee5ea1963550542ed88af7420bd8","root.record.ItemExhibitList.P5Item"
"Launch Services","","","","","","","","","","","","","","","","","","","","","","","","","","","","","","","","","","","","","573.342","0","0","0","0","0","0","0","0","5187.528","4614.186","0","41","4","","","","","","","","","45","112.541","143.335","","","","","","","","","115.278","2017-BASE_PROCUREMENT-2017-AIRFORCE_MISSILE-U_PROCUREMENT_JustificationBook_Air_Force_PB_2017.zzz_unzipped-U_PROCUREMENT_JustificationBook_Air_Force_PB_2017.xml","1eb519244af6b52f585c68b446dd7d32bfe9132b3a808e75d418f71c32a68e95","0-db259c5ee83ba3a2b0e965a3f797c64e72076b08938ea5bcd240b3a5651e3914","27","0-29bc0bcf8f44de42ffd2004fe3996836bdabff5f4f455957d8c0ff49be653a17","root.record.ItemExhibitList.P5Item"
"Launch Capability","","","","","","","","","","","","","","","","","","","","","","","","","","","","","","","","","","","","","0","0","0","0","0","0","0","0","0","4842.649","4842.649","0","","","","","","","","","","","","","","","","","","","","","","","2017-BASE_PROCUREMENT-2017-AIRFORCE_MISSILE-U_PROCUREMENT_JustificationBook_Air_Force_PB_2017.zzz_unzipped-U_PROCUREMENT_JustificationBook_Air_Force_PB_2017.xml","1eb519244af6b52f585c68b446dd7d32bfe9132b3a808e75d418f71c32a68e95","1-b2162c1f5c548fca85b61f4bb68f529d8c4cee2f8feb742f25d2730051bac855","","0-29bc0bcf8f44de42ffd2004fe3996836bdabff5f4f455957d8c0ff49be653a17","root.record.ItemExhibitList.P5Item"
"EELV Enterprise Systems Engineering & Integration","","","","","","","","","","","","","","","","","","","","","","","","","","","","","","","","","","","","","18.202","","0","0","0","0","0","0","0","83.072","64.87","0","","","","","","","","","","","","","","","","","","","","","","","2017-BASE_PROCUREMENT-2017-AIRFORCE_MISSILE-U_PROCUREMENT_JustificationBook_Air_Force_PB_2017.zzz_unzipped-U_PROCUREMENT_JustificationBook_Air_Force_PB_2017.xml","1eb519244af6b52f585c68b446dd7d32bfe9132b3a808e75d418f71c32a68e95","2-83db72c1fa5b280afe5130900d1ef189011e28181ea4593de111722cdaed02e2","","0-29bc0bcf8f44de42ffd2004fe3996836bdabff5f4f455957d8c0ff49be653a17","root.record.ItemExhibitList.P5Item"
"Mission Assurance","","","","","","","","","","","","","","","","","","","","","","","","","","","","","","","","","","","","","130.572","","0","0","0","0","0","0","0","852.838","722.266","0","","","","","","","","","","","","","","","","","","","","","","","2017-BASE_PROCUREMENT-2017-AIRFORCE_MISSILE-U_PROCUREMENT_JustificationBook_Air_Force_PB_2017.zzz_unzipped-U_PROCUREMENT_JustificationBook_Air_Force_PB_2017.xml","1eb519244af6b52f585c68b446dd7d32bfe9132b3a808e75d418f71c32a68e95","3-fac40d7568c3eb14f950375fe38a61a35d28870e3a85352246b7dd95d7a4fc58","","0-29bc0bcf8f44de42ffd2004fe3996836bdabff5f4f455957d8c0ff49be653a17","root.record.ItemExhibitList.P5Item"
"Launch Capability","","","","","","","","","","","","","","","","","","","","","","","","","","","","","","","","","","","","","683.378","0","0","0","0","0","0","0","0","1869.881","1186.503","0","1","1","","","","","","","","","2","1186.503","683.378","","","","","","","","","934.941","2017-BASE_PROCUREMENT-2017-AIRFORCE_MISSILE-U_PROCUREMENT_MasterJustificationBook_Air_Force_PB_2017.zzz_unzipped-U_PROCUREMENT_MasterJustificationBook_Air_Force_PB_2017.xml","c3a033a02dd266f763c2138e8649e17878d13f50115d4fe57dd90be56509c75e","0-607183fd660e6b993cfc2f5daf8f1b5ccb3b48ad757424ab9007a2c7eb37a764","","0-78521b0d672b3ad18c9fcb38a3fb7aaf29e1d83555ab795a4402518f22982283","root.record.ItemExhibitList.P5Item"
"Launch Services","","","","","","","","","","","","","","","","","","","","","","","","","","","","","","","","","","","","","573.342","0","0","0","0","0","0","0","0","5187.528","4614.186","0","41","4","","","","","","","","","45","112.541","143.335","","","","","","","","","115.278","2017-BASE_PROCUREMENT-2017-AIRFORCE_MISSILE-U_PROCUREMENT_MasterJustificationBook_Air_Force_PB_2017.zzz_unzipped-U_PROCUREMENT_MasterJustificationBook_Air_Force_PB_2017.xml","0aaff7f9fbc97457e9ac7628aca63d803f4f49d5d154173563fad4699056f5e8","0-bca4cbae8c53451fadb8e7b46e29a4746ae6b1ec44f421d4a515febd29366b3a","27","0-e4c7df2173d38ef3631e294c7ed39a72bc3d1ae99f87c6d98c5e4fb145c311b5","root.record.ItemExhibitList.P5Item"
"Launch Capability","","","","","","","","","","","","","","","","","","","","","","","","","","","","","","","","","","","","","0","0","0","0","0","0","0","0","0","4842.649","4842.649","0","","","","","","","","","","","","","","","","","","","","","","","2017-BASE_PROCUREMENT-2017-AIRFORCE_MISSILE-U_PROCUREMENT_MasterJustificationBook_Air_Force_PB_2017.zzz_unzipped-U_PROCUREMENT_MasterJustificationBook_Air_Force_PB_2017.xml","0aaff7f9fbc97457e9ac7628aca63d803f4f49d5d154173563fad4699056f5e8","1-500f8229b2411fa3a9e495a58f6f7b646a9fac6f7bb93204aa12c8785a7eaec1","","0-e4c7df2173d38ef3631e294c7ed39a72bc3d1ae99f87c6d98c5e4fb145c311b5","root.record.ItemExhibitList.P5Item"
"EELV Enterprise Systems Engineering & Integration","","","","","","","","","","","","","","","","","","","","","","","","","","","","","","","","","","","","","18.202","","0","0","0","0","0","0","0","83.072","64.87","0","","","","","","","","","","","","","","","","","","","","","","","2017-BASE_PROCUREMENT-2017-AIRFORCE_MISSILE-U_PROCUREMENT_MasterJustificationBook_Air_Force_PB_2017.zzz_unzipped-U_PROCUREMENT_MasterJustificationBook_Air_Force_PB_2017.xml","0aaff7f9fbc97457e9ac7628aca63d803f4f49d5d154173563fad4699056f5e8","2-5f9e225c44d487adb55a1b478eddc25b334abd055c6677e6d1b8a973121019f9","","0-e4c7df2173d38ef3631e294c7ed39a72bc3d1ae99f87c6d98c5e4fb145c311b5","root.record.ItemExhibitList.P5Item"
"Mission Assurance","","","","","","","","","","","","","","","","","","","","","","","","","","","","","","","","","","","","","130.572","","0","0","0","0","0","0","0","852.838","722.266","0","","","","","","","","","","","","","","","","","","","","","","","2017-BASE_PROCUREMENT-2017-AIRFORCE_MISSILE-U_PROCUREMENT_MasterJustificationBook_Air_Force_PB_2017.zzz_unzipped-U_PROCUREMENT_MasterJustificationBook_Air_Force_PB_2017.xml","0aaff7f9fbc97457e9ac7628aca63d803f4f49d5d154173563fad4699056f5e8","3-e3fea9c9fb99efddced620552671acc8f0c7d2b174a7ef46b58b557568eeee44","","0-e4c7df2173d38ef3631e294c7ed39a72bc3d1ae99f87c6d98c5e4fb145c311b5","root.record.ItemExhibitList.P5Item"
"Launch Capability","","","","","","","","","","","","","","","","","","","","","","","","","","","","","","","","","","","","","0","554.826","737.273","737.273","727.429","486.569","495.269","504.183","8300.618","11806.167","0","0","","","1","1","1","1","1","1","1","1","7","","","554.826","737.273","737.273","727.429","486.569","495.269","504.183","8300.618","1686.595","2017-BASE_PROCUREMENT-2017-AIRFORCE_SPACE-U_PROCUREMENT_JustificationBook_Air_Force_PB_2017.zzz_unzipped-U_PROCUREMENT_JustificationBook_Air_Force_PB_2017.xml","eba9fe6c064fe1d265f9658104dc72ec79802ee6864d5cf1b5db6e8c06a27c92","0-4d4a479d46e7404a105a0ad8f105d185f32e67d17f0a7e5f6f2499a01e81d1d0","","0-e2b47c64d164c9851a346bb058bb7164418488086b84ebd024f74844cf216d03","root.record.ItemExhibitList.P5Item"
"Launch Services","","","","","","","","","","","","","","","","","","","","","","","","","","","","","","","","","","","","","0","470.587","588.266","588.266","479.441","1100.472","1014.981","951.308","6865.916","11470.971","","0","","","4","5","5","3","6","5","4","34","61","","","117.647","117.653","117.653","159.814","183.412","202.996","237.827","201.939","188.049","2017-BASE_PROCUREMENT-2017-AIRFORCE_SPACE-U_PROCUREMENT_JustificationBook_Air_Force_PB_2017.zzz_unzipped-U_PROCUREMENT_JustificationBook_Air_Force_PB_2017.xml","ec93ed095b5ca4b931dec7bb1f726d801cfd1dfdbf02f5e7c1bf686ce7e68176","0-2c4ac1193597898ccd922813e8662cbad32f9c471dbcaf572743a2d95a5248f5","","0-144ede464b64e59227da58735dddb10ea80d1cede10868741b1c33253e362a7b","root.record.ItemExhibitList.P5Item"
"Launch Capability","","","","","","","","","","","","","","","","","","","","","","","","","","","","","","","","","","","","","","0","0","0","0","0","","","0","0","0","","","","","","","","","","","","","","","","","","","","","","","","2017-BASE_PROCUREMENT-2017-AIRFORCE_SPACE-U_PROCUREMENT_JustificationBook_Air_Force_PB_2017.zzz_unzipped-U_PROCUREMENT_JustificationBook_Air_Force_PB_2017.xml","ec93ed095b5ca4b931dec7bb1f726d801cfd1dfdbf02f5e7c1bf686ce7e68176","1-f24bec932123f3e85ad984cc61234dae0950e9c90df597acce835f2e17d41f29","","0-144ede464b64e59227da58735dddb10ea80d1cede10868741b1c33253e362a7b","root.record.ItemExhibitList.P5Item"
"EELV Enterprise Systems Engineering & Integration","","","","","","","","","","","","","","","","","","","","","","","","","","","","","","","","","","","","","0","22.579","21.736","21.736","15.609","15.018","22.58","23.3","243.36","364.182","","","","","","","","","","","","","","","","","","","","","","","","","2017-BASE_PROCUREMENT-2017-AIRFORCE_SPACE-U_PROCUREMENT_JustificationBook_Air_Force_PB_2017.zzz_unzipped-U_PROCUREMENT_JustificationBook_Air_Force_PB_2017.xml","ec93ed095b5ca4b931dec7bb1f726d801cfd1dfdbf02f5e7c1bf686ce7e68176","2-056c2adaa8650cd5a596bccd05fafac0931013d1f7d878f653bb5fd5402ab3dd","","0-144ede464b64e59227da58735dddb10ea80d1cede10868741b1c33253e362a7b","root.record.ItemExhibitList.P5Item"
"Mission Assurance","","","","","","","","","","","","","","","","","","","","","","","","","","","","","","","","","","","","","0","149.191","89.673","89.673","135.295","164.331","157.074","150.983","1611.429","2457.976","","","","","","","","","","","","","","","","","","","","","","","","","2017-BASE_PROCUREMENT-2017-AIRFORCE_SPACE-U_PROCUREMENT_JustificationBook_Air_Force_PB_2017.zzz_unzipped-U_PROCUREMENT_JustificationBook_Air_Force_PB_2017.xml","ec93ed095b5ca4b931dec7bb1f726d801cfd1dfdbf02f5e7c1bf686ce7e68176","3-561ce808fa7f864e0af987b465ff4a55cd2b887c349a10c0968bc4006761e5c5","","0-144ede464b64e59227da58735dddb10ea80d1cede10868741b1c33253e362a7b","root.record.ItemExhibitList.P5Item"
"Launch Capability","","","","","","","","","","","","","","","","","","","","","","","","","","","","","","","","","","","","","0","554.826","737.273","737.273","727.429","486.569","495.269","504.183","8300.618","11806.167","0","0","","","1","1","1","1","1","1","1","1","7","","","554.826","737.273","737.273","727.429","486.569","495.269","504.183","8300.618","1686.595","2017-BASE_PROCUREMENT-2017-AIRFORCE_SPACE-U_PROCUREMENT_MasterJustificationBook_Air_Force_PB_2017.zzz_unzipped-U_PROCUREMENT_MasterJustificationBook_Air_Force_PB_2017.xml","93da043eef78975dad30e261ee4c5f8ab6799eb4953cc377d1c9f77ce349529c","0-0336d9b53cb2c6ac0743da5d69da637dc6f73acc156d042b44ae564b8a4b45eb","","0-aa2719339c8ceedfb5a564cbecb213151f4abdc3f635fd66ec5c6569e981851c","root.record.ItemExhibitList.P5Item"
"Launch Services","","","","","","","","","","","","","","","","","","","","","","","","","","","","","","","","","","","","","0","470.587","588.266","588.266","479.441","1100.472","1014.981","951.308","6865.916","11470.971","","0","","","4","5","5","3","6","5","4","34","61","","","117.647","117.653","117.653","159.814","183.412","202.996","237.827","201.939","188.049","2017-BASE_PROCUREMENT-2017-AIRFORCE_SPACE-U_PROCUREMENT_MasterJustificationBook_Air_Force_PB_2017.zzz_unzipped-U_PROCUREMENT_MasterJustificationBook_Air_Force_PB_2017.xml","96cd91b6f0a12ac29a5457b42901859397ea8cd74200ed2ed8fc9c97846f481d","0-f882247b758a0c9956386645fce168e7adfdb4551d0c74d1b99589767c27cf29","","0-460158370a773d14ef6f72f90d6c470da39bd9dd62f2a291b1410c1bc5833438","root.record.ItemExhibitList.P5Item"
"Launch Capability","","","","","","","","","","","","","","","","","","","","","","","","","","","","","","","","","","","","","","0","0","0","0","0","","","0","0","0","","","","","","","","","","","","","","","","","","","","","","","","2017-BASE_PROCUREMENT-2017-AIRFORCE_SPACE-U_PROCUREMENT_MasterJustificationBook_Air_Force_PB_2017.zzz_unzipped-U_PROCUREMENT_MasterJustificationBook_Air_Force_PB_2017.xml","96cd91b6f0a12ac29a5457b42901859397ea8cd74200ed2ed8fc9c97846f481d","1-a4d63839e0838d6514eee6bae2b6cc986680db1f43f1cac0a3cd30918c98ca4e","","0-460158370a773d14ef6f72f90d6c470da39bd9dd62f2a291b1410c1bc5833438","root.record.ItemExhibitList.P5Item"
"EELV Enterprise Systems Engineering & Integration","","","","","","","","","","","","","","","","","","","","","","","","","","","","","","","","","","","","","0","22.579","21.736","21.736","15.609","15.018","22.58","23.3","243.36","364.182","","","","","","","","","","","","","","","","","","","","","","","","","2017-BASE_PROCUREMENT-2017-AIRFORCE_SPACE-U_PROCUREMENT_MasterJustificationBook_Air_Force_PB_2017.zzz_unzipped-U_PROCUREMENT_MasterJustificationBook_Air_Force_PB_2017.xml","96cd91b6f0a12ac29a5457b42901859397ea8cd74200ed2ed8fc9c97846f481d","2-c104e04b178bcb4ab6e2cca90eabbdf7747c800be95031a45ca7df65f0e2636f","","0-460158370a773d14ef6f72f90d6c470da39bd9dd62f2a291b1410c1bc5833438","root.record.ItemExhibitList.P5Item"
"Mission Assurance","","","","","","","","","","","","","","","","","","","","","","","","","","","","","","","","","","","","","0","149.191","89.673","89.673","135.295","164.331","157.074","150.983","1611.429","2457.976","","","","","","","","","","","","","","","","","","","","","","","","","2017-BASE_PROCUREMENT-2017-AIRFORCE_SPACE-U_PROCUREMENT_MasterJustificationBook_Air_Force_PB_2017.zzz_unzipped-U_PROCUREMENT_MasterJustificationBook_Air_Force_PB_2017.xml","96cd91b6f0a12ac29a5457b42901859397ea8cd74200ed2ed8fc9c97846f481d","3-2c524cd5e53197264d2fe6621f1fc2c3a0a349f9a2c5d286b30d58fde8cfaeb7","","0-460158370a773d14ef6f72f90d6c470da39bd9dd62f2a291b1410c1bc5833438","root.record.ItemExhibitList.P5Item"
"Phase 1 Launch Capability","","","","","","","","","","","","","","","","","","","","","","","","","","","","","","","","","","","","","478.902","597.367","741.11","741.11","","","","","","","","0","","1","1","1","1","","","","","","","","478.902","597.367","741.11","741.11","","","","","","","2018-BASE_PROCUREMENT-2018-AIRFORCE_SPACE-U_PROCUREMENT_JustificationBook_Air_Force_PB_2018.zzz_unzipped-U_PROCUREMENT_JustificationBook_Air_Force_PB_2018.xml","a504d38fb691940edf6ae31773acb20020b93bb4b14f2e126f1dbfb1833d2c40","0-2bbea2936c007d8064864138b40fa2920ec9a2dee19cc209f2f452ce65c0e540","","0-5cd4d83c4b3885834f10c5396c63f6218bf0158ca05bdb1ced7640e2120194d7","root.record.ItemExhibitList.P5Item"
"Phase 1A Launch Capability","","","","","","","","","","","","","","","","","","","","","","","","","","","","","","","","","","","","","82.971","139.906","177.499","177.499","","","","","","","","0","","","","","","","","","","","","","","","","","","","","","","","2018-BASE_PROCUREMENT-2018-AIRFORCE_SPACE-U_PROCUREMENT_JustificationBook_Air_Force_PB_2018.zzz_unzipped-U_PROCUREMENT_JustificationBook_Air_Force_PB_2018.xml","a504d38fb691940edf6ae31773acb20020b93bb4b14f2e126f1dbfb1833d2c40","1-c98330c08211c33e853b630dadbf5c92a3d7958a44f10c4086ba6b9565d1484e","","0-5cd4d83c4b3885834f10c5396c63f6218bf0158ca05bdb1ced7640e2120194d7","root.record.ItemExhibitList.P5Item"
"Launch Services","","","","","","","","","","","","","","","","","","","","","","","","","","","","","","","","","","","","","556.056","594.792","394.747","394.747","","","","","","","","0","","4","5","3","3","","","","","","","","139.014","118.958","131.582","131.582","","","","","","","2018-BASE_PROCUREMENT-2018-AIRFORCE_SPACE-U_PROCUREMENT_JustificationBook_Air_Force_PB_2018.zzz_unzipped-U_PROCUREMENT_JustificationBook_Air_Force_PB_2018.xml","325d3c3180a12017ffe453649a0a4a785aea7e048f4c973d82c0e34139fd5940","0-e9717913753d6776ba3fcee2401c44f3d097c7cb2d9311f946cc871050e90034","","0-171048b26933075e53bac3d03cf6e5243ecb5b750d7f5a35d4e3d27eae9162f3","root.record.ItemExhibitList.P5Item"
"EELV Enterprise Systems Engineering & Integration","","","","","","","","","","","","","","","","","","","","","","","","","","","","","","","","","","","","","27.638","38.81","50.606","50.606","","","","","","","","0","","","","","","","","","","","","","","","","","","","","","","","2018-BASE_PROCUREMENT-2018-AIRFORCE_SPACE-U_PROCUREMENT_JustificationBook_Air_Force_PB_2018.zzz_unzipped-U_PROCUREMENT_JustificationBook_Air_Force_PB_2018.xml","325d3c3180a12017ffe453649a0a4a785aea7e048f4c973d82c0e34139fd5940","1-8544cc7f5c03fb22bbb0a05c9ccdc48e463741f4524d96181e415f21908d59fd","","0-171048b26933075e53bac3d03cf6e5243ecb5b750d7f5a35d4e3d27eae9162f3","root.record.ItemExhibitList.P5Item"
"Mission Assurance","","","","","","","","","","","","","","","","","","","","","","","","","","","","","","","","","","","","","65.03","70.292","121.262","121.262","","","","","","","","0","","","","","","","","","","","","","","","","","","","","","","","2018-BASE_PROCUREMENT-2018-AIRFORCE_SPACE-U_PROCUREMENT_JustificationBook_Air_Force_PB_2018.zzz_unzipped-U_PROCUREMENT_JustificationBook_Air_Force_PB_2018.xml","325d3c3180a12017ffe453649a0a4a785aea7e048f4c973d82c0e34139fd5940","2-9ffdfe4347d5cc4703628f98b6ada6bc4d3c9c90faae1c7139f2d544fe085062","","0-171048b26933075e53bac3d03cf6e5243ecb5b750d7f5a35d4e3d27eae9162f3","root.record.ItemExhibitList.P5Item"
"Phase 1 Launch Capability","","","","","","","","","","","","","","","","","","","","","","","","","","","","","","","","","","","","","478.902","597.367","741.11","741.11","","","","","","","","0","","1","1","1","1","","","","","","","","478.902","597.367","741.11","741.11","","","","","","","2018-BASE_PROCUREMENT-2018-AIRFORCE_SPACE-U_PROCUREMENT_MasterJustificationBook_Air_Force_PB_2018.zzz_unzipped-U_PROCUREMENT_MasterJustificationBook_Air_Force_PB_2018.xml","c130b3a1f104b5de3401c5acdd5cb51029b1ae1eaf597bbfa82e5b55fd991423","0-3dca7ea59187f013d83ba2cc4a6c4128e8a50b1c1946e1edd662c227a232e404","","0-f7acad9961619a8b76faf9d6661e62021d0cc680f86595002fc1e17c7efd3d84","root.record.ItemExhibitList.P5Item"
"Phase 1A Launch Capability","","","","","","","","","","","","","","","","","","","","","","","","","","","","","","","","","","","","","82.971","139.906","177.499","177.499","","","","","","","","0","","","","","","","","","","","","","","","","","","","","","","","2018-BASE_PROCUREMENT-2018-AIRFORCE_SPACE-U_PROCUREMENT_MasterJustificationBook_Air_Force_PB_2018.zzz_unzipped-U_PROCUREMENT_MasterJustificationBook_Air_Force_PB_2018.xml","c130b3a1f104b5de3401c5acdd5cb51029b1ae1eaf597bbfa82e5b55fd991423","1-df3dedb4e2e3cb19634c0dc754541780eb75726962d11514ff5cf269b639fcb3","","0-f7acad9961619a8b76faf9d6661e62021d0cc680f86595002fc1e17c7efd3d84","root.record.ItemExhibitList.P5Item"
"Launch Services","","","","","","","","","","","","","","","","","","","","","","","","","","","","","","","","","","","","","556.056","594.792","394.747","394.747","","","","","","","","0","","4","5","3","3","","","","","","","","139.014","118.958","131.582","131.582","","","","","","","2018-BASE_PROCUREMENT-2018-AIRFORCE_SPACE-U_PROCUREMENT_MasterJustificationBook_Air_Force_PB_2018.zzz_unzipped-U_PROCUREMENT_MasterJustificationBook_Air_Force_PB_2018.xml","ea40833ccabefde03e8b1c2e9d9f55f14d7d4e54a7c37cd2d2b1f7b53af14e9d","0-a38b9f81dd74e97fe5473b618caf166a8c5577da03a4c4a3d939a5a191b86b57","","0-8241306b6ed2178ec8f7c7805ec965c9e1482ece569f63eab8ab7927ebe15dd4","root.record.ItemExhibitList.P5Item"
"EELV Enterprise Systems Engineering & Integration","","","","","","","","","","","","","","","","","","","","","","","","","","","","","","","","","","","","","27.638","38.81","50.606","50.606","","","","","","","","0","","","","","","","","","","","","","","","","","","","","","","","2018-BASE_PROCUREMENT-2018-AIRFORCE_SPACE-U_PROCUREMENT_MasterJustificationBook_Air_Force_PB_2018.zzz_unzipped-U_PROCUREMENT_MasterJustificationBook_Air_Force_PB_2018.xml","ea40833ccabefde03e8b1c2e9d9f55f14d7d4e54a7c37cd2d2b1f7b53af14e9d","1-683c4370f41a64a68f1e1df07c382afc7920b9a7a6dcd7903a30895ed00a6a7f","","0-8241306b6ed2178ec8f7c7805ec965c9e1482ece569f63eab8ab7927ebe15dd4","root.record.ItemExhibitList.P5Item"
"Mission Assurance","","","","","","","","","","","","","","","","","","","","","","","","","","","","","","","","","","","","","65.03","70.292","121.262","121.262","","","","","","","","0","","","","","","","","","","","","","","","","","","","","","","","2018-BASE_PROCUREMENT-2018-AIRFORCE_SPACE-U_PROCUREMENT_MasterJustificationBook_Air_Force_PB_2018.zzz_unzipped-U_PROCUREMENT_MasterJustificationBook_Air_Force_PB_2018.xml","ea40833ccabefde03e8b1c2e9d9f55f14d7d4e54a7c37cd2d2b1f7b53af14e9d","2-78aae432c350fb6703d8044444f6d5ddb4e51159412c00e26b5a6fdc4ab224e9","","0-8241306b6ed2178ec8f7c7805ec965c9e1482ece569f63eab8ab7927ebe15dd4","root.record.ItemExhibitList.P5Item"
"Phase 1 Launch Capability","","","","","","","","","","","","","","","","","","","","","","","","","","","","","","","","","","","","","614.7","674.403","428.537","428.537","","","","","","","499.602","0","1","1","1","1","1","","","","","","","499.602","614.7","674.403","428.537","428.537","","","","","","","2019-BASE_PROCUREMENT-2019-AIRFORCE_SPACE-U_PROCUREMENT_JustificationBook_Air_Force_PB_2019.zzz_unzipped-U_PROCUREMENT_JustificationBook_Air_Force_PB_2019.xml","db46b2261433bc4722a6ce262878edc82af01260e83ad0e4141f1696ee1ab4a1","0-c7977b250af3a489883a5d507d338d524a23fdb8645721a7d3f2f3ead9ce5fec","","0-fc2391204748f586196b6118dbe7e561335a39f10278c64508b01a6c49b546e3","root.record.ItemExhibitList.P5Item"
"Phase 1A Launch Capability","","","","","","","","","","","","","","","","","","","","","","","","","","","","","","","","","","","","","75.586","244.8","253.045","253.045","","","","","","","82.271","0","1","1","1","1","1","","","","","","","82.271","75.586","244.8","253.045","253.045","","","","","","","2019-BASE_PROCUREMENT-2019-AIRFORCE_SPACE-U_PROCUREMENT_JustificationBook_Air_Force_PB_2019.zzz_unzipped-U_PROCUREMENT_JustificationBook_Air_Force_PB_2019.xml","db46b2261433bc4722a6ce262878edc82af01260e83ad0e4141f1696ee1ab4a1","1-ab2fba2f1773011dd261f20947735b352bb1749588d260fbb921094c0f72c90a","","0-fc2391204748f586196b6118dbe7e561335a39f10278c64508b01a6c49b546e3","root.record.ItemExhibitList.P5Item"
"Launch Services","","","","","","","","","","","","","","","","","","","","","","","","","","","","","","","","","","","","","404.164","434.872","761.086","761.086","","","","","","","441.809","0","3","3","3","5","5","","","","","","","147.27","134.721","144.957","152.217","152.217","","","","","","","2019-BASE_PROCUREMENT-2019-AIRFORCE_SPACE-U_PROCUREMENT_JustificationBook_Air_Force_PB_2019.zzz_unzipped-U_PROCUREMENT_JustificationBook_Air_Force_PB_2019.xml","437d2c67a4cc5d16854929d21729fd5d4c78483d0ac1527148024d46b499a23b","0-ca485c9c93bf236a827600e6606d336d0956da2398aacbc5c0d1166d827f9ee1","0","0-0152c106a40097a5b420209cb0bbf877493e69feefc4efc40f7781f4ba26ce28","root.record.ItemExhibitList.P5Item"
"EELV Enterprise Systems Engineering & Integration","","","","","","","","","","","","","","","","","","","","","","","","","","","","","","","","","","","","","22.732","42.159","51.964","51.964","","","","","","","20.794","0","","","","","","","","","","","","","","","","","","","","","","","2019-BASE_PROCUREMENT-2019-AIRFORCE_SPACE-U_PROCUREMENT_JustificationBook_Air_Force_PB_2019.zzz_unzipped-U_PROCUREMENT_JustificationBook_Air_Force_PB_2019.xml","437d2c67a4cc5d16854929d21729fd5d4c78483d0ac1527148024d46b499a23b","1-d0a6b42f5f652edf6a85dd3fbe3024cbf842d39031f03b0196d577c1cfd3504e","","0-0152c106a40097a5b420209cb0bbf877493e69feefc4efc40f7781f4ba26ce28","root.record.ItemExhibitList.P5Item"
"Mission Assurance","","","","","","","","","","","","","","","","","","","","","","","","","","","","","","","","","","","","","77.652","89.328","140.455","140.455","","","","","","","86.408","0","","","","","","","","","","","","","","","","","","","","","","","2019-BASE_PROCUREMENT-2019-AIRFORCE_SPACE-U_PROCUREMENT_JustificationBook_Air_Force_PB_2019.zzz_unzipped-U_PROCUREMENT_JustificationBook_Air_Force_PB_2019.xml","437d2c67a4cc5d16854929d21729fd5d4c78483d0ac1527148024d46b499a23b","2-fa8a45e04e74ce9363ece1675f0ea5a363f92db8c57e4b493372e86ecffc46b6","","0-0152c106a40097a5b420209cb0bbf877493e69feefc4efc40f7781f4ba26ce28","root.record.ItemExhibitList.P5Item"
"Phase 1 Launch Capability","","","","","","","","","","","","","","","","","","","","","","","","","","","","","","","","","","","","","614.7","674.403","428.537","428.537","","","","","","","499.602","0","1","1","1","1","1","","","","","","","499.602","614.7","674.403","428.537","428.537","","","","","","","2019-BASE_PROCUREMENT-2019-AIRFORCE_SPACE-U_PROCUREMENT_MasterJustificationBook_Air_Force_PB_2019.zzz_unzipped-U_PROCUREMENT_MasterJustificationBook_Air_Force_PB_2019.xml","337d686eec0c89a868c57fc4633a6590d3dee3fd609e2c1827e49a935f958691","0-b927b24ca0c82da48a956a1f11048d4d6e55290057216de573fe633fc5881e8d","","0-57bd44e0c261296c634759204ebbf37ecf4524c2c1f59473108908af375fa4d5","root.record.ItemExhibitList.P5Item"
"Phase 1A Launch Capability","","","","","","","","","","","","","","","","","","","","","","","","","","","","","","","","","","","","","75.586","244.8","253.045","253.045","","","","","","","82.271","0","1","1","1","1","1","","","","","","","82.271","75.586","244.8","253.045","253.045","","","","","","","2019-BASE_PROCUREMENT-2019-AIRFORCE_SPACE-U_PROCUREMENT_MasterJustificationBook_Air_Force_PB_2019.zzz_unzipped-U_PROCUREMENT_MasterJustificationBook_Air_Force_PB_2019.xml","337d686eec0c89a868c57fc4633a6590d3dee3fd609e2c1827e49a935f958691","1-676007942380c7a7cd9924fe9cc6d5ea3a98ad040f83e0c6226eca468dc4c667","","0-57bd44e0c261296c634759204ebbf37ecf4524c2c1f59473108908af375fa4d5","root.record.ItemExhibitList.P5Item"
"Launch Services","","","","","","","","","","","","","","","","","","","","","","","","","","","","","","","","","","","","","404.164","434.872","761.086","761.086","","","","","","","441.809","0","3","3","3","5","5","","","","","","","147.27","134.721","144.957","152.217","152.217","","","","","","","2019-BASE_PROCUREMENT-2019-AIRFORCE_SPACE-U_PROCUREMENT_MasterJustificationBook_Air_Force_PB_2019.zzz_unzipped-U_PROCUREMENT_MasterJustificationBook_Air_Force_PB_2019.xml","5c7e320ef862152863a5c39cc1a485c2c4e8fa5279f08c8454a72905bff07d97","0-88474e274a9c42dab2cc2e3c54e1fcdaa29ccf82afcf468054df987aeed584c5","0","0-c9b93b26a649fe52a9f4b1ef50dd2d77d60e69fb88177c1b99441eb7b5f64972","root.record.ItemExhibitList.P5Item"
"EELV Enterprise Systems Engineering & Integration","","","","","","","","","","","","","","","","","","","","","","","","","","","","","","","","","","","","","22.732","42.159","51.964","51.964","","","","","","","20.794","0","","","","","","","","","","","","","","","","","","","","","","","2019-BASE_PROCUREMENT-2019-AIRFORCE_SPACE-U_PROCUREMENT_MasterJustificationBook_Air_Force_PB_2019.zzz_unzipped-U_PROCUREMENT_MasterJustificationBook_Air_Force_PB_2019.xml","5c7e320ef862152863a5c39cc1a485c2c4e8fa5279f08c8454a72905bff07d97","1-2f8eaad278805c2eb87d6889ae60fe359aff1d58ba6619364812b79248b2b8cf","","0-c9b93b26a649fe52a9f4b1ef50dd2d77d60e69fb88177c1b99441eb7b5f64972","root.record.ItemExhibitList.P5Item"
"Mission Assurance","","","","","","","","","","","","","","","","","","","","","","","","","","","","","","","","","","","","","77.652","89.328","140.455","140.455","","","","","","","86.408","0","","","","","","","","","","","","","","","","","","","","","","","2019-BASE_PROCUREMENT-2019-AIRFORCE_SPACE-U_PROCUREMENT_MasterJustificationBook_Air_Force_PB_2019.zzz_unzipped-U_PROCUREMENT_MasterJustificationBook_Air_Force_PB_2019.xml","5c7e320ef862152863a5c39cc1a485c2c4e8fa5279f08c8454a72905bff07d97","2-132285e3d4ec296ea5264be6c4ddd12597550fc99c415a4f73331190011fe161","","0-c9b93b26a649fe52a9f4b1ef50dd2d77d60e69fb88177c1b99441eb7b5f64972","root.record.ItemExhibitList.P5Item"
"Multi-Mission Launcher Materials","","","","","","","","","","","","","","","","","","","","","","","","","","","","","","","","","","","","","","19.319","","","","","","","","","","","","","","","","","","","","","","","","","","","","","","","","","2019-BASE_PROCUREMENT-2019-ARMY_MISSLE-U_PROCUREMENT_JustificationBook_Army_PB_2019.zzz_unzipped-U_PROCUREMENT_JustificationBook_Army_PB_2019.xml","6d3c4ef124673a75c5f508699d459545dcd5fa1c2d2edd37b8ca572d6abb187f","0-45af1fd4d9bc4cc5c4ed5053c8a7e609f7e86efbb02055cc951a1157946e32c3","","1-80ed49667a31c3c60727153d40e70b6df9f48e049492e915f5a8d01f8cd545d9","root.record.ItemExhibitList.P5Item"
"Phase 1 Launch Capability","","","","","","","","","","","","","","","","","","","","","","","","","","","","","","","","","","","","","718.228","359.659","0","0","","","","","","","1114.302","","1","1","1","","","","","","","","","1114.302","718.228","359.659","","","","","","","","","2020-BASE_PROCUREMENT-2020-AIRFORCE_SPACE-U_PROCUREMENT_JustificationBook_Air_Force_PB_2020.zzz_unzipped-U_PROCUREMENT_JustificationBook_Air_Force_PB_2020.xml","3822a3fb2bbb0a070ee96b3e88efa10587113b9cf1b464ee906cd8c3b320b82e","0-36697339a4c0918c2bc9b203cfbe16aac504576cf54a965f706c95bb9e2feff7","","0-5a29332be0dc5126bd85d71249ad20b6339034dbee74af8a7f8b0982be5c1fce","root.record.ItemExhibitList.P5Item"
"Phase 1A Launch Capability","","","","","","","","","","","","","","","","","","","","","","","","","","","","","","","","","","","","","134.582","273.923","","","","","","","","","157.857","","","1","1","","","","","","","","","","134.582","273.923","","","","","","","","","2020-BASE_PROCUREMENT-2020-AIRFORCE_SPACE-U_PROCUREMENT_JustificationBook_Air_Force_PB_2020.zzz_unzipped-U_PROCUREMENT_JustificationBook_Air_Force_PB_2020.xml","3822a3fb2bbb0a070ee96b3e88efa10587113b9cf1b464ee906cd8c3b320b82e","1-226274e3d2f94c2f25390f72855b4ae82ebf19247834623f56f690c034265280","","0-5a29332be0dc5126bd85d71249ad20b6339034dbee74af8a7f8b0982be5c1fce","root.record.ItemExhibitList.P5Item"
"Launch Services","","","","","","","","","","","","","","","","","","","","","","","","","","","","","","","","","","","","","346.498","730.44","752.96","752.96","","","","","","","801.173","","6","3","5","4","4","","","","","","","133.529","115.499","146.088","211.937","188.24","","","","","","","2020-BASE_PROCUREMENT-2020-AIRFORCE_SPACE-U_PROCUREMENT_JustificationBook_Air_Force_PB_2020.zzz_unzipped-U_PROCUREMENT_JustificationBook_Air_Force_PB_2020.xml","08c4d8d5e59a351bd4ee55fd7ea05b6cb60e8cbc8db146c1f3d795741592e31b","0-c822dc06f796fb52d1097a67d2c1a995183058ceb7e4a11502502415920d5bae","0","0-8eb6f4b8259a8a11e3f6e3031f55fc21fc2de8f1f6268c0d9abd9c2d16decbbf","root.record.ItemExhibitList.P5Item"
"Enterprise Systems Engineering & Integration","","","","","","","","","","","","","","","","","","","","","","","","","","","","","","","","","","","","","41.125","60.335","71.32","71.32","","","","","","","43.526","","","","","","","","","","","","","","","","","","","","","","","","2020-BASE_PROCUREMENT-2020-AIRFORCE_SPACE-U_PROCUREMENT_JustificationBook_Air_Force_PB_2020.zzz_unzipped-U_PROCUREMENT_JustificationBook_Air_Force_PB_2020.xml","08c4d8d5e59a351bd4ee55fd7ea05b6cb60e8cbc8db146c1f3d795741592e31b","1-1524607f4f2f807718fc946b559d7ecd0547ce5860f646ae8973abb1d558627a","","0-8eb6f4b8259a8a11e3f6e3031f55fc21fc2de8f1f6268c0d9abd9c2d16decbbf","root.record.ItemExhibitList.P5Item"
"Mission Assurance","","","","","","","","","","","","","","","","","","","","","","","","","","","","","","","","","","","","","70.076","119.151","102.444","102.444","","","","","","","164.06","","","","","","","","","","","","","","","","","","","","","","","","2020-BASE_PROCUREMENT-2020-AIRFORCE_SPACE-U_PROCUREMENT_JustificationBook_Air_Force_PB_2020.zzz_unzipped-U_PROCUREMENT_JustificationBook_Air_Force_PB_2020.xml","08c4d8d5e59a351bd4ee55fd7ea05b6cb60e8cbc8db146c1f3d795741592e31b","2-5eccb5706538ae2f148221d5e487af9818e8b4711f325f4cc2f8d98a51231cc4","","0-8eb6f4b8259a8a11e3f6e3031f55fc21fc2de8f1f6268c0d9abd9c2d16decbbf","root.record.ItemExhibitList.P5Item"
"Launch Services Support","","","","","","","","","","","","","","","","","","","","","","","","","","","","","","","","","","","","","","","174.41","174.41","","","","","","","","","","","","1","1","","","","","","","","","","174.41","174.41","","","","","","","2020-BASE_PROCUREMENT-2020-AIRFORCE_SPACE-U_PROCUREMENT_JustificationBook_Air_Force_PB_2020.zzz_unzipped-U_PROCUREMENT_JustificationBook_Air_Force_PB_2020.xml","08c4d8d5e59a351bd4ee55fd7ea05b6cb60e8cbc8db146c1f3d795741592e31b","3-6132f6ccd98ae6e1fa120daf3071a1354a49d1954b2a9359e7dc215187d4e1e3","","0-8eb6f4b8259a8a11e3f6e3031f55fc21fc2de8f1f6268c0d9abd9c2d16decbbf","root.record.ItemExhibitList.P5Item"
"Phase 1 Atlas V completion","","","","","","","","","","","","","","","","","","","","","","","","","","","","","","","","","","","","","","","94.79","94.79","","","","","","","","","","","","","","","","","","","","","","","","","","","","","","","2020-BASE_PROCUREMENT-2020-AIRFORCE_SPACE-U_PROCUREMENT_JustificationBook_Air_Force_PB_2020.zzz_unzipped-U_PROCUREMENT_JustificationBook_Air_Force_PB_2020.xml","08c4d8d5e59a351bd4ee55fd7ea05b6cb60e8cbc8db146c1f3d795741592e31b","4-996dd303959597a94ec41b217ef4eb6a8c01458174cf0d61c5646021bbcf7311","","0-8eb6f4b8259a8a11e3f6e3031f55fc21fc2de8f1f6268c0d9abd9c2d16decbbf","root.record.ItemExhibitList.P5Item"
"Phase 1 Launch Capability","","","","","","","","","","","","","","","","","","","","","","","","","","","","","","","","","","","","","718.228","359.659","0","0","","","","","","","1114.302","","1","1","1","","","","","","","","","1114.302","718.228","359.659","","","","","","","","","2020-BASE_PROCUREMENT-2020-AIRFORCE_SPACE-U_PROCUREMENT_MasterJustificationBook_Air_Force_PB_2020.zzz_unzipped-U_PROCUREMENT_MasterJustificationBook_Air_Force_PB_2020.xml","4d46fb63f2137e78641651d53b34b56f6b00c6b8ad9cb366b14a09cbd13be531","0-a1c1013ece128a619cff7587238b5dda084b7be85a8bd45ccbd758beb4973352","","0-2f79fe15c5b816791bc1fd5c38aae1cf4a38c5b5c7428873fd5c29547a8500f7","root.record.ItemExhibitList.P5Item"
"Phase 1A Launch Capability","","","","","","","","","","","","","","","","","","","","","","","","","","","","","","","","","","","","","134.582","273.923","","","","","","","","","157.857","","","1","1","","","","","","","","","","134.582","273.923","","","","","","","","","2020-BASE_PROCUREMENT-2020-AIRFORCE_SPACE-U_PROCUREMENT_MasterJustificationBook_Air_Force_PB_2020.zzz_unzipped-U_PROCUREMENT_MasterJustificationBook_Air_Force_PB_2020.xml","4d46fb63f2137e78641651d53b34b56f6b00c6b8ad9cb366b14a09cbd13be531","1-9ba6e9670618ca0ed4a0e6259aac1da6ac7bada91d3aacc45b590c1f4f91c935","","0-2f79fe15c5b816791bc1fd5c38aae1cf4a38c5b5c7428873fd5c29547a8500f7","root.record.ItemExhibitList.P5Item"
"Launch Services","","","","","","","","","","","","","","","","","","","","","","","","","","","","","","","","","","","","","346.498","730.44","752.96","752.96","","","","","","","801.173","","6","3","5","4","4","","","","","","","133.529","115.499","146.088","211.937","188.24","","","","","","","2020-BASE_PROCUREMENT-2020-AIRFORCE_SPACE-U_PROCUREMENT_MasterJustificationBook_Air_Force_PB_2020.zzz_unzipped-U_PROCUREMENT_MasterJustificationBook_Air_Force_PB_2020.xml","c9b645ca3693dc4386f5024067a158db34ff6924a8e540b310f1bbc768a98941","0-6a47e9ae195936c8b5c2f45fe91088f70e6f98c28b3fef1b9cce4aff9e9fa26f","0","0-a81eb7692980ea20341687aee49b5b745b974123cc01141da796724987556471","root.record.ItemExhibitList.P5Item"
"Enterprise Systems Engineering & Integration","","","","","","","","","","","","","","","","","","","","","","","","","","","","","","","","","","","","","41.125","60.335","71.32","71.32","","","","","","","43.526","","","","","","","","","","","","","","","","","","","","","","","","2020-BASE_PROCUREMENT-2020-AIRFORCE_SPACE-U_PROCUREMENT_MasterJustificationBook_Air_Force_PB_2020.zzz_unzipped-U_PROCUREMENT_MasterJustificationBook_Air_Force_PB_2020.xml","c9b645ca3693dc4386f5024067a158db34ff6924a8e540b310f1bbc768a98941","1-a86790a80ce4e4b9f93d557cb28a0ad69297cbeba6d72f9dac6dbd645b48e45e","","0-a81eb7692980ea20341687aee49b5b745b974123cc01141da796724987556471","root.record.ItemExhibitList.P5Item"
"Mission Assurance","","","","","","","","","","","","","","","","","","","","","","","","","","","","","","","","","","","","","70.076","119.151","102.444","102.444","","","","","","","164.06","","","","","","","","","","","","","","","","","","","","","","","","2020-BASE_PROCUREMENT-2020-AIRFORCE_SPACE-U_PROCUREMENT_MasterJustificationBook_Air_Force_PB_2020.zzz_unzipped-U_PROCUREMENT_MasterJustificationBook_Air_Force_PB_2020.xml","c9b645ca3693dc4386f5024067a158db34ff6924a8e540b310f1bbc768a98941","2-cb8b73405bda2cd0f4de6fc4296f33e3b02471e16cf5590641548a1ea2bf6922","","0-a81eb7692980ea20341687aee49b5b745b974123cc01141da796724987556471","root.record.ItemExhibitList.P5Item"
"Launch Services Support","","","","","","","","","","","","","","","","","","","","","","","","","","","","","","","","","","","","","","","174.41","174.41","","","","","","","","","","","","1","1","","","","","","","","","","174.41","174.41","","","","","","","2020-BASE_PROCUREMENT-2020-AIRFORCE_SPACE-U_PROCUREMENT_MasterJustificationBook_Air_Force_PB_2020.zzz_unzipped-U_PROCUREMENT_MasterJustificationBook_Air_Force_PB_2020.xml","c9b645ca3693dc4386f5024067a158db34ff6924a8e540b310f1bbc768a98941","3-e9beee8f896321ae4591c8cc06a99958023bfb648aec1cc306d2d00958c36abf","","0-a81eb7692980ea20341687aee49b5b745b974123cc01141da796724987556471","root.record.ItemExhibitList.P5Item"
"Phase 1 Atlas V completion","","","","","","","","","","","","","","","","","","","","","","","","","","","","","","","","","","","","","","","94.79","94.79","","","","","","","","","","","","","","","","","","","","","","","","","","","","","","","2020-BASE_PROCUREMENT-2020-AIRFORCE_SPACE-U_PROCUREMENT_MasterJustificationBook_Air_Force_PB_2020.zzz_unzipped-U_PROCUREMENT_MasterJustificationBook_Air_Force_PB_2020.xml","c9b645ca3693dc4386f5024067a158db34ff6924a8e540b310f1bbc768a98941","4-39fbf588f81b963e412e510e75dd4c76b3431a84c9cc169a3b2bbd70dc079a05","","0-a81eb7692980ea20341687aee49b5b745b974123cc01141da796724987556471","root.record.ItemExhibitList.P5Item"
"Adv Proc - Multi-Mission Launcher Materials (Unexecuted - Rescinded by NDAA of 2018)","","","","","","","","","","","","","","","","","","","","","","","","","","","","","","","","","","","","","19.319","","","","","","","","","","","","","","","","","","","","","","","","","","","","","","","","","","2020-BASE_PROCUREMENT-2020-ARMY_MISSLE-U_PROCUREMENT_JustificationBook_Army_PB_2020.zzz_unzipped-U_PROCUREMENT_JustificationBook_Army_PB_2020.xml","50a5217e1270d0048e174d6aba1ea43048f8902784301504ef4ca043ba1d93b3","0-8fd14683d0656ed98fb90c6139b014a1968b36aa97ee2f83d3557d08360e5096","","1-1128bb9e9245b57b06738f7bb1316296f90e7acda93ebdc455658931b5f01f92","root.record.ItemExhibitList.P5Item"
