Name_val,IdCode_val,Cost_AllPriorYears_TotalCost_val,Cost_AllPriorYears_UnitCost_val,Cost_AllPriorYears_Quantity_val,Cost_PriorYear_UnitCost_val,Cost_PriorYear_Quantity_val,Cost_PriorYear_TotalCost_val,Cost_CurrentYear_UnitCost_val,Cost_CurrentYear_Quantity_val,Cost_CurrentYear_TotalCost_val,Cost_BudgetYearOneBase_TotalCost_val,Cost_BudgetYearOneBase_UnitCost_val,Cost_BudgetYearOneBase_Quantity_val,Cost_BudgetYearOneOCO_TotalCost_val,Cost_BudgetYearOne_TotalCost_val,Cost_BudgetYearOne_UnitCost_val,Cost_BudgetYearOne_Quantity_val,Cost_BudgetYearTwo_UnitCost_val,Cost_BudgetYearTwo_Quantity_val,Cost_BudgetYearTwo_TotalCost_val,Cost_BudgetYearThree_UnitCost_val,Cost_BudgetYearThree_Quantity_val,Cost_BudgetYearThree_TotalCost_val,Cost_BudgetYearFour_UnitCost_val,Cost_BudgetYearFour_Quantity_val,Cost_BudgetYearFour_TotalCost_val,Cost_BudgetYearFive_UnitCost_val,Cost_BudgetYearFive_Quantity_val,Cost_BudgetYearFive_TotalCost_val,Cost_Continuing_val,Cost_ToComplete_UnitCost_val,Cost_ToComplete_Quantity_val,Cost_ToComplete_TotalCost_val,Cost_Total_UnitCost_val,Cost_Total_Quantity_val,Cost_Total_TotalCost_val,Cost_TotalCost_PriorYear_val,Cost_TotalCost_CurrentYear_val,Cost_TotalCost_BudgetYearOneBase_val,Cost_TotalCost_BudgetYearOne_val,Cost_TotalCost_BudgetYearTwo_val,Cost_TotalCost_BudgetYearThree_val,Cost_TotalCost_BudgetYearFour_val,Cost_TotalCost_BudgetYearFive_val,Cost_TotalCost_ToComplete_val,Cost_TotalCost_Total_val,Cost_TotalCost_AllPriorYears_val,Cost_TotalCost_BudgetYearOneOCO_val,Cost_Quantity_AllPriorYears_val,Cost_Quantity_PriorYear_val,Cost_Quantity_CurrentYear_val,Cost_Quantity_BudgetYearOneBase_val,Cost_Quantity_BudgetYearOne_val,Cost_Quantity_BudgetYearTwo_val,Cost_Quantity_BudgetYearThree_val,Cost_Quantity_BudgetYearFour_val,Cost_Quantity_BudgetYearFive_val,Cost_Quantity_ToComplete_val,Cost_Quantity_Total_val,Cost_UnitCost_AllPriorYears_val,Cost_UnitCost_PriorYear_val,Cost_UnitCost_CurrentYear_val,Cost_UnitCost_BudgetYearOneBase_val,Cost_UnitCost_BudgetYearOne_val,Cost_UnitCost_BudgetYearTwo_val,Cost_UnitCost_BudgetYearThree_val,Cost_UnitCost_BudgetYearFour_val,Cost_UnitCost_BudgetYearFive_val,Cost_UnitCost_ToComplete_val,Cost_UnitCost_Total_val,@SOURCE_FILENAME,@RECORDID,@ROWID,ManufacturerList_Manufacturer,AllPriorYearsDeliveries_val,@PARENTROWID,@PARENT
"REMOTE ENVIRONMENTAL MONITORING SYSTEM","A","0.000","","","1.5","1","1.5","4.2","1","4.2","0.000","","","0.000","0.000","","","","","","","","","","","","","","","","","","","","","","","","","","","","","","","","","","","","","","","","","","","","","","","","","","","","","","","","2013-BASE_PROCUREMENT-2013-AIRFORCE_MISSILE-JustificationBook_Air_Force_PB_2013.zzz_unzipped-JustificationBook_Air_Force_PB_2013.xml","330c29f5a5f0e8ed876d07b467fbbf6f5e140724b3e9e4215e0f8d5dd7597dba","0-ca0f0b7986f69af39a3f2d6169b36e2440632080cf5ae92dc38271b035860e5f","","","0-56d32a058aa73ed9bdb31aa0eefa12e5e4eba2e9e3d07ec8351ba159adadfefe","root.record.ItemExhibitList.P5Item"
"ENGINEERING","A","0.000","","","","","0.9","","","3.113","0.000","","","0.000","0.000","","","","","","","","","","","","","","","","","","","","","","","","","","","","","","","","","","","","","","","","","","","","","","","","","","","","","","","","2013-BASE_PROCUREMENT-2013-AIRFORCE_MISSILE-JustificationBook_Air_Force_PB_2013.zzz_unzipped-JustificationBook_Air_Force_PB_2013.xml","330c29f5a5f0e8ed876d07b467fbbf6f5e140724b3e9e4215e0f8d5dd7597dba","1-343a28cf1d499d6abcc394298cbffc915c7a0da4dd6fcb56fec5bbd82cb9ca29","","","0-56d32a058aa73ed9bdb31aa0eefa12e5e4eba2e9e3d07ec8351ba159adadfefe","root.record.ItemExhibitList.P5Item"
"PRODUCTION SUPPORT SERVICES","A","0.000","","","","","0.752","","","4","0.000","","","0.000","0.000","","","","","","","","","","","","","","","","","","","","","","","","","","","","","","","","","","","","","","","","","","","","","","","","","","","","","","","","2013-BASE_PROCUREMENT-2013-AIRFORCE_MISSILE-JustificationBook_Air_Force_PB_2013.zzz_unzipped-JustificationBook_Air_Force_PB_2013.xml","330c29f5a5f0e8ed876d07b467fbbf6f5e140724b3e9e4215e0f8d5dd7597dba","2-fb9a89945afd5e51192e42ab63361663d881add3e3977ac14c059b85a3fef1db","","","0-56d32a058aa73ed9bdb31aa0eefa12e5e4eba2e9e3d07ec8351ba159adadfefe","root.record.ItemExhibitList.P5Item"
"DATA","A","0.000","","","","","0.4","","","0.75","0.000","","","0.000","0.000","","","","","","","","","","","","","","","","","","","","","","","","","","","","","","","","","","","","","","","","","","","","","","","","","","","","","","","","2013-BASE_PROCUREMENT-2013-AIRFORCE_MISSILE-JustificationBook_Air_Force_PB_2013.zzz_unzipped-JustificationBook_Air_Force_PB_2013.xml","330c29f5a5f0e8ed876d07b467fbbf6f5e140724b3e9e4215e0f8d5dd7597dba","3-32435bb68d45d432ec54da6b40c239cd5163472db610e49f456f4a85292f8d09","","","0-56d32a058aa73ed9bdb31aa0eefa12e5e4eba2e9e3d07ec8351ba159adadfefe","root.record.ItemExhibitList.P5Item"
"GOVERNMENT COSTS","A","0.000","","","","","0.329","","","4","0.000","","","0.000","0.000","","","","","","","","","","","","","","","","","","","","","","","","","","","","","","","","","","","","","","","","","","","","","","","","","","","","","","","","2013-BASE_PROCUREMENT-2013-AIRFORCE_MISSILE-JustificationBook_Air_Force_PB_2013.zzz_unzipped-JustificationBook_Air_Force_PB_2013.xml","330c29f5a5f0e8ed876d07b467fbbf6f5e140724b3e9e4215e0f8d5dd7597dba","4-b2af2d3bc5e483987138628ee612b8b7a32359f30b74b2a02c3c9c0772ef85d6","","","0-56d32a058aa73ed9bdb31aa0eefa12e5e4eba2e9e3d07ec8351ba159adadfefe","root.record.ItemExhibitList.P5Item"
"Launch Services","A","2154.642","89.777","24","104.345","3","313.035","195.069","4","780.274","692.224","173.056","4","0.000","692.224","173.056","4","185.566","5","927.832","195.312","5","976.558","216.335","5","1081.676","206.068","5","1030.339","true","","","","","","","","","","","","","","","","","","","","","","","","","","","","","","","","","","","","","","","","","2013-BASE_PROCUREMENT-2013-AIRFORCE_MISSILE-JustificationBook_Air_Force_PB_2013.zzz_unzipped-JustificationBook_Air_Force_PB_2013.xml","8b85eb0d0f9d135685fb9ddd37378f4e4b83141bb343dc95a96c33fa3bcdf18d","0-b313f2cf1a6f0a3e9e9ce7abd43c3ecb95a0552410c950c5eb0b53f3984d5bf5","","0-2dd8c2aeee920b55f679a75891569abcc074696e83ac79e573403dfbf2b9917c","root.record.ItemExhibitList.P5Item"
"Launch Capability","A","3387.895","","","","","727.919","","","826.637","874.606","","","0.000","874.606","","","","","914.425","","","962.397","","","1026.065","","","1071.923","true","","","","","","","","","","","","","","","","","","","","","","","","","","","","","","","","","","","","","","","","","2013-BASE_PROCUREMENT-2013-AIRFORCE_MISSILE-JustificationBook_Air_Force_PB_2013.zzz_unzipped-JustificationBook_Air_Force_PB_2013.xml","8b85eb0d0f9d135685fb9ddd37378f4e4b83141bb343dc95a96c33fa3bcdf18d","1-7eade30895934a9ec14d05570be329d09e6f7f4e222e439a8f207d1de7610bba","","","0-2dd8c2aeee920b55f679a75891569abcc074696e83ac79e573403dfbf2b9917c","root.record.ItemExhibitList.P5Item"
"REMOTE ENVIRONMENTAL MONITORING SYSTEM","A","0.000","","","1.5","1","1.5","4.2","1","4.2","0.000","","","0.000","0.000","","","","","","","","","","","","","","","","","","","","","","","","","","","","","","","","","","","","","","","","","","","","","","","","","","","","","","","","2013-BASE_PROCUREMENT-2013-AIRFORCE_MISSILE-MasterJustificationBook_Air_Force_PB_2013.zzz_unzipped-MasterJustificationBook_Air_Force_PB_2013.xml","f399505badda0ce97b9cd0a1489cdb66271dafdc767f23f81d1697e9f3480573","0-2c3271b8ee554c07195c851cd32e38686d52e8740a4ea09d68d55a1284477bba","","","0-569c0b278516b42c9be54beaaf9e1a40838a0d1f7fcd859ca5ac378d82f3f08e","root.record.ItemExhibitList.P5Item"
"ENGINEERING","A","0.000","","","","","0.9","","","3.113","0.000","","","0.000","0.000","","","","","","","","","","","","","","","","","","","","","","","","","","","","","","","","","","","","","","","","","","","","","","","","","","","","","","","","2013-BASE_PROCUREMENT-2013-AIRFORCE_MISSILE-MasterJustificationBook_Air_Force_PB_2013.zzz_unzipped-MasterJustificationBook_Air_Force_PB_2013.xml","f399505badda0ce97b9cd0a1489cdb66271dafdc767f23f81d1697e9f3480573","1-dc59c33d332877920ccb40d32255c470d3b5f85bf69cd3fce5bbabaa8f00e9fe","","","0-569c0b278516b42c9be54beaaf9e1a40838a0d1f7fcd859ca5ac378d82f3f08e","root.record.ItemExhibitList.P5Item"
"PRODUCTION SUPPORT SERVICES","A","0.000","","","","","0.752","","","4","0.000","","","0.000","0.000","","","","","","","","","","","","","","","","","","","","","","","","","","","","","","","","","","","","","","","","","","","","","","","","","","","","","","","","2013-BASE_PROCUREMENT-2013-AIRFORCE_MISSILE-MasterJustificationBook_Air_Force_PB_2013.zzz_unzipped-MasterJustificationBook_Air_Force_PB_2013.xml","f399505badda0ce97b9cd0a1489cdb66271dafdc767f23f81d1697e9f3480573","2-cc76b6705c5f55654710adcfe93d6887c935d804f6cea9af14d8f755475e8799","","","0-569c0b278516b42c9be54beaaf9e1a40838a0d1f7fcd859ca5ac378d82f3f08e","root.record.ItemExhibitList.P5Item"
"DATA","A","0.000","","","","","0.4","","","0.75","0.000","","","0.000","0.000","","","","","","","","","","","","","","","","","","","","","","","","","","","","","","","","","","","","","","","","","","","","","","","","","","","","","","","","2013-BASE_PROCUREMENT-2013-AIRFORCE_MISSILE-MasterJustificationBook_Air_Force_PB_2013.zzz_unzipped-MasterJustificationBook_Air_Force_PB_2013.xml","f399505badda0ce97b9cd0a1489cdb66271dafdc767f23f81d1697e9f3480573","3-a5186a38e19a3bf478ade1990b4df8dd0fcc974aa67a876423eba9bb66f58abe","","","0-569c0b278516b42c9be54beaaf9e1a40838a0d1f7fcd859ca5ac378d82f3f08e","root.record.ItemExhibitList.P5Item"
"GOVERNMENT COSTS","A","0.000","","","","","0.329","","","4","0.000","","","0.000","0.000","","","","","","","","","","","","","","","","","","","","","","","","","","","","","","","","","","","","","","","","","","","","","","","","","","","","","","","","2013-BASE_PROCUREMENT-2013-AIRFORCE_MISSILE-MasterJustificationBook_Air_Force_PB_2013.zzz_unzipped-MasterJustificationBook_Air_Force_PB_2013.xml","f399505badda0ce97b9cd0a1489cdb66271dafdc767f23f81d1697e9f3480573","4-5bfa9e7610809715266cedca6576e8331e9513a9181aad2687cb6cd620a7886e","","","0-569c0b278516b42c9be54beaaf9e1a40838a0d1f7fcd859ca5ac378d82f3f08e","root.record.ItemExhibitList.P5Item"
"Launch Services","A","2154.642","89.777","24","104.345","3","313.035","195.069","4","780.274","692.224","173.056","4","0.000","692.224","173.056","4","185.566","5","927.832","195.312","5","976.558","216.335","5","1081.676","206.068","5","1030.339","true","","","","","","","","","","","","","","","","","","","","","","","","","","","","","","","","","","","","","","","","","2013-BASE_PROCUREMENT-2013-AIRFORCE_MISSILE-MasterJustificationBook_Air_Force_PB_2013.zzz_unzipped-MasterJustificationBook_Air_Force_PB_2013.xml","d10fbc086dd24d31f215c1abc02d7f81f52a1aa0dd3e06f1f6d0611fde3447ec","0-f6a55a0a6352bf5bdcbd90e2b30f007f7a94ee5021a224e924f3cb6d41483841","","0-8ef56a2224ac449b0d46a07bdabe8644aee3002805b6455b0ebab3015b4272c7","root.record.ItemExhibitList.P5Item"
"Launch Capability","A","3387.895","","","","","727.919","","","826.637","874.606","","","0.000","874.606","","","","","914.425","","","962.397","","","1026.065","","","1071.923","true","","","","","","","","","","","","","","","","","","","","","","","","","","","","","","","","","","","","","","","","","2013-BASE_PROCUREMENT-2013-AIRFORCE_MISSILE-MasterJustificationBook_Air_Force_PB_2013.zzz_unzipped-MasterJustificationBook_Air_Force_PB_2013.xml","d10fbc086dd24d31f215c1abc02d7f81f52a1aa0dd3e06f1f6d0611fde3447ec","1-1ba4944bfc75b27412a32af6db23e90e2e2385495e749e5d85a30b267feba508","","","0-8ef56a2224ac449b0d46a07bdabe8644aee3002805b6455b0ebab3015b4272c7","root.record.ItemExhibitList.P5Item"
"Launch Services","A","2467.677","91.395","27","174.792","5","873.958","162.11","4","648.44","825.738","165.148","5","","825.738","165.148","5","176.6","5","883.002","141.39","5","706.951","136.934","5","684.671","178.801","5","894.007","","274.894","29","7971.933","177.293","90","15956.377","","","","","","","","","","","","","","","","","","","","","","","","","","","","","","","","","","","2014-BASE_PROCUREMENT-2014-AIRFORCE_MISSILE-PROCUREMENT_JustificationBook_Air_Force_PB_2014.zzz_unzipped-PROCUREMENT_JustificationBook_Air_Force_PB_2014.xml","68ea63f1b14499493039407eb06bfa2f6b465ded3e4359e8517cedd6dfa14364","0-900dd930d4e32beb809308428d734ed27c64c12683f7dcd165ed46412ae01cbd","15","0-33a2d4c6b91857b70751271ea2a6c10987a907696c04c97eda6c22e3fd069e81","root.record.ItemExhibitList.P5Item"
"Launch Capability","A","4116.199","","","","","688.722","","","874.637","878.863","","","","878.863","","","","","922.058","","","958.521","","","985.417","","","1004.885","","","","13391.013","","","23820.315","","","","","","","","","","","","","","","","","","","","","","","","","","","","","","","","","","","2014-BASE_PROCUREMENT-2014-AIRFORCE_MISSILE-PROCUREMENT_JustificationBook_Air_Force_PB_2014.zzz_unzipped-PROCUREMENT_JustificationBook_Air_Force_PB_2014.xml","68ea63f1b14499493039407eb06bfa2f6b465ded3e4359e8517cedd6dfa14364","1-cb8b3b53d088318ad0e23896feee103f77efa315a6ec811ec76fbb117559281f","","","0-33a2d4c6b91857b70751271ea2a6c10987a907696c04c97eda6c22e3fd069e81","root.record.ItemExhibitList.P5Item"
"Launch Services","A","2467.677","91.395","27","174.792","5","873.958","162.11","4","648.44","825.738","165.148","5","","825.738","165.148","5","176.6","5","883.002","141.39","5","706.951","136.934","5","684.671","178.801","5","894.007","","274.894","29","7971.933","177.293","90","15956.377","","","","","","","","","","","","","","","","","","","","","","","","","","","","","","","","","","","2014-BASE_PROCUREMENT-2014-AIRFORCE_MISSILE-PROCUREMENT_MasterJustificationBook_Air_Force_PB_2014.zzz_unzipped-PROCUREMENT_MasterJustificationBook_Air_Force_PB_2014.xml","e628ef6da8da11143b41e85d0575946b1eab2d1b8e7c19d89d4f124b7c2b2e32","0-43ee8ba4f24b0f853d18764fce31ee4528a245c72dc258bf3f2c4904d4b80f9a","15","0-f5dcde5158b7a17f58e10ebd9f40ba76042a91982c1168c615983452e8268d86","root.record.ItemExhibitList.P5Item"
"Launch Capability","A","4116.199","","","","","688.722","","","874.637","878.863","","","","878.863","","","","","922.058","","","958.521","","","985.417","","","1004.885","","","","13391.013","","","23820.315","","","","","","","","","","","","","","","","","","","","","","","","","","","","","","","","","","","2014-BASE_PROCUREMENT-2014-AIRFORCE_MISSILE-PROCUREMENT_MasterJustificationBook_Air_Force_PB_2014.zzz_unzipped-PROCUREMENT_MasterJustificationBook_Air_Force_PB_2014.xml","e628ef6da8da11143b41e85d0575946b1eab2d1b8e7c19d89d4f124b7c2b2e32","1-b561881150fd6d0c889460dde577b44c3f9ce8cf5df1ffcf7edf69161ff231ad","","","0-f5dcde5158b7a17f58e10ebd9f40ba76042a91982c1168c615983452e8268d86","root.record.ItemExhibitList.P5Item"
"Launch Capability","A","","","","","","","","","","","","","","","","","","","","","","","","","","","","","","","","","","","","631.551","554.946","745.183","745.183","734.126","772.022","758.05","510.43","11148.019","15854.327","","","","","","","","","","","","","","","","","","","","","","","","","2015-BASE_PROCUREMENT-2015-AIRFORCE_MISSILE-PROCUREMENT_JustificationBook_Air_Force_PB_2015.zzz_unzipped-PROCUREMENT_JustificationBook_Air_Force_PB_2015.xml","5588bd353e468fa2427599906eaf5204c914d2ff6c5a23059ba5e5a43438c69d","0-57c948a7e7acf5ced6e4bafc916f91f81935094b91188c5238d750226f455d0d","","","0-50c185788a33f4f4f7e1f0b289e61585934c1bb403e636cd26a34f944b8f46e4","root.record.ItemExhibitList.P5Item"
"Launch Services","A","","","","","","","","","","","","","","","","","","","","","","","","","","","","","","","","","","","","573.837","726.093","466.671","466.671","507.406","661.43","668.685","1140.359","10005.128","18029.258","3279.649","","32","4","5","3","3","4","5","4","5","39","101","102.489","143.459","145.219","155.557","155.557","126.852","132.286","167.171","228.072","256.542","178.508","2015-BASE_PROCUREMENT-2015-AIRFORCE_MISSILE-PROCUREMENT_JustificationBook_Air_Force_PB_2015.zzz_unzipped-PROCUREMENT_JustificationBook_Air_Force_PB_2015.xml","04ba31003147d065bb7b0469d96856c0e467991933cc18cbefa9e3616265b178","0-5f4978d2977f147d829f2f8fb7605fdb0000b52c6249e07149aa90dcbc4618c9","19","0-390dea069c6b7e34cc29308347719a38f435f201452e34e84b66a833c67cbd7b","root.record.ItemExhibitList.P5Item"
"Launch Capability","A","","","","","","","","","","","","","","","","","","","","","","","","","","","","","","","","","","","","0.000","","0.000","0.000","0.000","0.000","0.000","0.000","0.000","4842.649","4842.649","","","","","","","","","","","","","","","","","","","","","","","","2015-BASE_PROCUREMENT-2015-AIRFORCE_MISSILE-PROCUREMENT_JustificationBook_Air_Force_PB_2015.zzz_unzipped-PROCUREMENT_JustificationBook_Air_Force_PB_2015.xml","04ba31003147d065bb7b0469d96856c0e467991933cc18cbefa9e3616265b178","1-6b2fd7b60ba5f7075e0a9c9f9c78c16652466f487beb32a93da1f1ec1b0433a6","","","0-390dea069c6b7e34cc29308347719a38f435f201452e34e84b66a833c67cbd7b","root.record.ItemExhibitList.P5Item"
"Launch Capability","A","","","","","","","","","","","","","","","","","","","","","","","","","","","","","","","","","","","","631.551","554.946","745.183","745.183","734.126","772.022","758.05","510.43","11148.019","15854.327","","","","","","","","","","","","","","","","","","","","","","","","","2015-BASE_PROCUREMENT-2015-AIRFORCE_MISSILE-PROCUREMENT_MasterJustificationBook_Air_Force_PB_2015.zzz_unzipped-PROCUREMENT_MasterJustificationBook_Air_Force_PB_2015.xml","ee98adf863f9acb06f7969fc9013cb712910207eff6a664b6913ce2fb4fff69f","0-468f3bdf17478e724514f8696d78ac3e02d00261e866a9ad01e4d031638d3be2","","","0-fbef3e5e0917cc1d374c40749055afb747cd45bcaeb70f124fa37a4694e9a35d","root.record.ItemExhibitList.P5Item"
"Launch Services","A","","","","","","","","","","","","","","","","","","","","","","","","","","","","","","","","","","","","573.837","726.093","466.671","466.671","507.406","661.43","668.685","1140.359","10005.128","18029.258","3279.649","","32","4","5","3","3","4","5","4","5","39","101","102.489","143.459","145.219","155.557","155.557","126.852","132.286","167.171","228.072","256.542","178.508","2015-BASE_PROCUREMENT-2015-AIRFORCE_MISSILE-PROCUREMENT_MasterJustificationBook_Air_Force_PB_2015.zzz_unzipped-PROCUREMENT_MasterJustificationBook_Air_Force_PB_2015.xml","3abf8b64467cbed6c01c156005d72134c5ac025da35c8ec98beeec4ffadf8568","0-d20780a6631fbc08fe5c1a576e27925e4381de71f5c63f36ef69aa0df7a40c20","19","0-cbae9211d628ce60fd4e025495485ce90ebdc24de5bcaa910696dc3de06904f2","root.record.ItemExhibitList.P5Item"
"Launch Capability","A","","","","","","","","","","","","","","","","","","","","","","","","","","","","","","","","","","","","0.000","","0.000","0.000","0.000","0.000","0.000","0.000","0.000","4842.649","4842.649","","","","","","","","","","","","","","","","","","","","","","","","2015-BASE_PROCUREMENT-2015-AIRFORCE_MISSILE-PROCUREMENT_MasterJustificationBook_Air_Force_PB_2015.zzz_unzipped-PROCUREMENT_MasterJustificationBook_Air_Force_PB_2015.xml","3abf8b64467cbed6c01c156005d72134c5ac025da35c8ec98beeec4ffadf8568","1-192b6ef4308e476c718850f88b2e827c29b35359e9b12b3e2d959c51c00d5352","","","0-cbae9211d628ce60fd4e025495485ce90ebdc24de5bcaa910696dc3de06904f2","root.record.ItemExhibitList.P5Item"
"Launch Capability","","","","","","","","","","","","","","","","","","","","","","","","","","","","","","","","","","","","","554.946","673.428","0","0","0","0","0","0","0","1859.925","631.551","0","","1","1","","","","","","","","2","","554.946","673.428","","","","","","","","929.963","2016-BASE_PROCUREMENT-2016-AIRFORCE_MISSILE-PROCUREMENT_JustificationBook_Air_Force_PB_2016.zzz_unzipped-PROCUREMENT_JustificationBook_Air_Force_PB_2016.xml","6c9aa995b91ad030ee6d32b356405a3b1f11b8001606a08d20590bebadee431a","0-181f508f73a800d4f1797fa9937150e088859b76492b029059263fbb4e29f5bd","","0-253a5a6eaef2c4921019dfdb293e0236fe8d498adb017ff41ab0573fdf260d7d","root.record.ItemExhibitList.P5Item"
"Launch Services","","","","","","","","","","","","","","","","","","","","","","","","","","","","","","","","","","","","","749.616","539.843","","0","","","","0","0","5154.029","3864.57","0","36","5","4","","","","","","","","45","107.349","149.923","134.961","","","","","","","","114.534","2016-BASE_PROCUREMENT-2016-AIRFORCE_MISSILE-PROCUREMENT_JustificationBook_Air_Force_PB_2016.zzz_unzipped-PROCUREMENT_JustificationBook_Air_Force_PB_2016.xml","cf8925d65bd63fdedf24ce17755069f37593cef7cbbe4aeacd94a8f5b6fd690f","0-26dd448859c3f52f167590574cd2d95364206729325e98d478676e87ca473963","27","0-b3947bdb303c191a4939a9d19ed3ad3b48703661c35b976c8aef7038e5b56926","root.record.ItemExhibitList.P5Item"
"Launch Capability","","","","","","","","","","","","","","","","","","","","","","","","","","","","","","","","","","","","","","0","0","0","0","0","0","","0","4842.649","4842.649","0","","","","","","","","","","","","","","","","","","","","","","","2016-BASE_PROCUREMENT-2016-AIRFORCE_MISSILE-PROCUREMENT_JustificationBook_Air_Force_PB_2016.zzz_unzipped-PROCUREMENT_JustificationBook_Air_Force_PB_2016.xml","cf8925d65bd63fdedf24ce17755069f37593cef7cbbe4aeacd94a8f5b6fd690f","1-63e37569efa8047a4b051ae3caa4310b2ef2cbcaa675dd0b47e44b21ac416fd1","","","0-b3947bdb303c191a4939a9d19ed3ad3b48703661c35b976c8aef7038e5b56926","root.record.ItemExhibitList.P5Item"
"Launch Capability","","","","","","","","","","","","","","","","","","","","","","","","","","","","","","","","","","","","","554.946","673.428","0","0","0","0","0","0","0","1859.925","631.551","0","","1","1","","","","","","","","2","","554.946","673.428","","","","","","","","929.963","2016-BASE_PROCUREMENT-2016-AIRFORCE_MISSILE-PROCUREMENT_MasterJustificationBook_Air_Force_PB_2016.zzz_unzipped-PROCUREMENT_MasterJustificationBook_Air_Force_PB_2016.xml","276c920b26f02c0ce9ac31d54a0860fa7e35984db3fb4afee67af15af6561e99","0-3738fe308fc4e7a3e958355a8e7c8acc2e607e668efd5ce9927a3bbb1a26c2b6","","0-c03072c21388524998e6c352c93095030d583b158276fc5d2fd5cef882df2844","root.record.ItemExhibitList.P5Item"
"Launch Services","","","","","","","","","","","","","","","","","","","","","","","","","","","","","","","","","","","","","749.616","539.843","","0","","","","0","0","5154.029","3864.57","0","36","5","4","","","","","","","","45","107.349","149.923","134.961","","","","","","","","114.534","2016-BASE_PROCUREMENT-2016-AIRFORCE_MISSILE-PROCUREMENT_MasterJustificationBook_Air_Force_PB_2016.zzz_unzipped-PROCUREMENT_MasterJustificationBook_Air_Force_PB_2016.xml","939818d19b159c135335fe081effefc55291969edf99d66feedb0e0d81b54846","0-bcbb1222673c6a0806620950d4baa8663c2558107dfec3f139060ee04f0b7dbe","27","0-67fb6e41b1fff62e655be489da7d444442d25b73e037bdef918523b83bbf2b9e","root.record.ItemExhibitList.P5Item"
"Launch Capability","","","","","","","","","","","","","","","","","","","","","","","","","","","","","","","","","","","","","","0","0","0","0","0","0","","0","4842.649","4842.649","0","","","","","","","","","","","","","","","","","","","","","","","2016-BASE_PROCUREMENT-2016-AIRFORCE_MISSILE-PROCUREMENT_MasterJustificationBook_Air_Force_PB_2016.zzz_unzipped-PROCUREMENT_MasterJustificationBook_Air_Force_PB_2016.xml","939818d19b159c135335fe081effefc55291969edf99d66feedb0e0d81b54846","1-f8e0a0f1119644e3b6af27da2f7deff3f940b280d1e1d9f2ee5c7fc7a68b8b80","","","0-67fb6e41b1fff62e655be489da7d444442d25b73e037bdef918523b83bbf2b9e","root.record.ItemExhibitList.P5Item"
"Launch Capability","","","","","","","","","","","","","","","","","","","","","","","","","","","","","","","","","","","","","0","0","556.233","556.233","761.945","748.303","500.499","509.519","9307.516","12384.015","0","0","","","","1","1","1","1","1","1","1","6","","","","556.233","556.233","761.945","748.303","500.499","509.519","9307.516","2064.003","2016-BASE_PROCUREMENT-2016-AIRFORCE_SPACE-PROCUREMENT_JustificationBook_Air_Force_PB_2016.zzz_unzipped-PROCUREMENT_JustificationBook_Air_Force_PB_2016.xml","d1f0521c73ebc9037816c74e70ee33273b5fd9f2e08f916f050ecbe177d86071","0-3e74aa184e74f79802f74be49170bca2e43c4c82100fcf7f7917bb4b90df39f0","","0-3eed2cf910904db14209d7eecb040f46cbd65fe53e87b408f486d9dbfb3b7343","root.record.ItemExhibitList.P5Item"
"Launch Services","","","","","","","","","","","","","","","","","","","","","","","","","","","","","","","","","","","","","","","632.981","632.981","655.647","666.413","1135.319","1147.357","8308.983","12546.7","","0","","","","5","5","5","4","5","5","34","58","","","","126.596","126.596","131.129","166.603","227.064","229.471","244.382","216.322","2016-BASE_PROCUREMENT-2016-AIRFORCE_SPACE-PROCUREMENT_JustificationBook_Air_Force_PB_2016.zzz_unzipped-PROCUREMENT_JustificationBook_Air_Force_PB_2016.xml","7a2d660364617df9c4864dac6ccd860e0aa8b3a898565771e1e333f1544053e7","0-0e378068e38c1cb64040a613cb9912e69633ddd9a3cbd4ca4b594acde5ee3e4d","","0-84ce00c88c56d453b3d23ac8fe1bbdeeedfb8d763351f6f6ce5498749f4444bb","root.record.ItemExhibitList.P5Item"
"Launch Capability","","","","","","","","","","","","","","","","","","","","","","","","","","","","","","","","","","","","","","","0","0","0","0","0","","0","0","0","0","","","","","","","","","","","","","","","","","","","","","","","2016-BASE_PROCUREMENT-2016-AIRFORCE_SPACE-PROCUREMENT_JustificationBook_Air_Force_PB_2016.zzz_unzipped-PROCUREMENT_JustificationBook_Air_Force_PB_2016.xml","7a2d660364617df9c4864dac6ccd860e0aa8b3a898565771e1e333f1544053e7","1-89e7a096ec7e1724de2ecbd8b177072539036b8acc5697295bd622ed51b60416","","","0-84ce00c88c56d453b3d23ac8fe1bbdeeedfb8d763351f6f6ce5498749f4444bb","root.record.ItemExhibitList.P5Item"
"Launch Capability","","","","","","","","","","","","","","","","","","","","","","","","","","","","","","","","","","","","","0","0","556.233","556.233","761.945","748.303","500.499","509.519","9307.516","12384.015","0","0","","","","1","1","1","1","1","1","1","6","","","","556.233","556.233","761.945","748.303","500.499","509.519","9307.516","2064.003","2016-BASE_PROCUREMENT-2016-AIRFORCE_SPACE-PROCUREMENT_MasterJustificationBook_Air_Force_PB_2016.zzz_unzipped-PROCUREMENT_MasterJustificationBook_Air_Force_PB_2016.xml","a5822c6433aedb78daa4985dc310373c7cdabcb6db4d8f36492c10d0e4fd1487","0-c410259e033c921f2353685ff0497dcef5eb24c9ce430c2165bbafccd65afcae","","0-8519ee91678701bf657b4a376d265d4e7789fb9cb08e670395c18cf1d0221e4e","root.record.ItemExhibitList.P5Item"
"Launch Services","","","","","","","","","","","","","","","","","","","","","","","","","","","","","","","","","","","","","","","632.981","632.981","655.647","666.413","1135.319","1147.357","8308.983","12546.7","","0","","","","5","5","5","4","5","5","34","58","","","","126.596","126.596","131.129","166.603","227.064","229.471","244.382","216.322","2016-BASE_PROCUREMENT-2016-AIRFORCE_SPACE-PROCUREMENT_MasterJustificationBook_Air_Force_PB_2016.zzz_unzipped-PROCUREMENT_MasterJustificationBook_Air_Force_PB_2016.xml","e74c5625e1731a9bfe9f4efe680292d976b26eee481f576bfc724d2c763e55fb","0-7ba45c71e8e3240ad0b0bf52eaaf11041cec474b400558131e5993b438259619","","0-4c204bce1d5133b130d4b9164965f7cec01815b1b63188abd736bc51c596c542","root.record.ItemExhibitList.P5Item"
"Launch Capability","","","","","","","","","","","","","","","","","","","","","","","","","","","","","","","","","","","","","","","0","0","0","0","0","","0","0","0","0","","","","","","","","","","","","","","","","","","","","","","","2016-BASE_PROCUREMENT-2016-AIRFORCE_SPACE-PROCUREMENT_MasterJustificationBook_Air_Force_PB_2016.zzz_unzipped-PROCUREMENT_MasterJustificationBook_Air_Force_PB_2016.xml","e74c5625e1731a9bfe9f4efe680292d976b26eee481f576bfc724d2c763e55fb","1-705ead4c8d486088dd66e745e3c0f54780d54af2a6025ea65a517189963f2370","","","0-4c204bce1d5133b130d4b9164965f7cec01815b1b63188abd736bc51c596c542","root.record.ItemExhibitList.P5Item"
"Launch Capability","","","","","","","","","","","","","","","","","","","","","","","","","","","","","","","","","","","","","683.378","0","0","0","0","0","0","0","0","1869.881","1186.503","0","1","1","","","","","","","","","2","1186.503","683.378","","","","","","","","","934.941","2017-BASE_PROCUREMENT-2017-AIRFORCE_MISSILE-U_PROCUREMENT_JustificationBook_Air_Force_PB_2017.zzz_unzipped-U_PROCUREMENT_JustificationBook_Air_Force_PB_2017.xml","ce33d887958287eb22f25db5c4372a5be3d549dd643325817beec223ffddc64c","0-4ed99bf6323c2de435c22fa1f381034fef7cc23d225c36926772e5daeab96da8","","0-36aa2f50fb14e409e568da7e3ca3faf5abebcacc7c18deacc1f476c38329ad25","root.record.ItemExhibitList.P5Item"
"Launch Services","","","","","","","","","","","","","","","","","","","","","","","","","","","","","","","","","","","","","573.342","0","0","0","0","0","0","0","0","5187.528","4614.186","0","41","4","","","","","","","","","45","112.541","143.335","","","","","","","","","115.278","2017-BASE_PROCUREMENT-2017-AIRFORCE_MISSILE-U_PROCUREMENT_JustificationBook_Air_Force_PB_2017.zzz_unzipped-U_PROCUREMENT_JustificationBook_Air_Force_PB_2017.xml","1eb519244af6b52f585c68b446dd7d32bfe9132b3a808e75d418f71c32a68e95","0-f83fa8e41b24bd8bf6a7a364f66a50ddebac5d55d8037cfdebdfbe0a10998a18","27","0-cae559013d61fc6d5221b89ece55be730dd0b03e6321c9236ecd9377ad5e9da1","root.record.ItemExhibitList.P5Item"
"Launch Capability","","","","","","","","","","","","","","","","","","","","","","","","","","","","","","","","","","","","","0","0","0","0","0","0","0","0","0","4842.649","4842.649","0","","","","","","","","","","","","","","","","","","","","","","","2017-BASE_PROCUREMENT-2017-AIRFORCE_MISSILE-U_PROCUREMENT_JustificationBook_Air_Force_PB_2017.zzz_unzipped-U_PROCUREMENT_JustificationBook_Air_Force_PB_2017.xml","1eb519244af6b52f585c68b446dd7d32bfe9132b3a808e75d418f71c32a68e95","1-e1ac59fec85e3d1b14270a2e0e1f575b7672bbb3a837760457d99d7e5abe2483","","","0-cae559013d61fc6d5221b89ece55be730dd0b03e6321c9236ecd9377ad5e9da1","root.record.ItemExhibitList.P5Item"
"EELV Enterprise Systems Engineering & Integration","","","","","","","","","","","","","","","","","","","","","","","","","","","","","","","","","","","","","18.202","","0","0","0","0","0","0","0","83.072","64.87","0","","","","","","","","","","","","","","","","","","","","","","","2017-BASE_PROCUREMENT-2017-AIRFORCE_MISSILE-U_PROCUREMENT_JustificationBook_Air_Force_PB_2017.zzz_unzipped-U_PROCUREMENT_JustificationBook_Air_Force_PB_2017.xml","1eb519244af6b52f585c68b446dd7d32bfe9132b3a808e75d418f71c32a68e95","2-c40abc94e8cc5712aab8d32d49b92201b28ecdae896fe22943230e69797f9b7f","","","0-cae559013d61fc6d5221b89ece55be730dd0b03e6321c9236ecd9377ad5e9da1","root.record.ItemExhibitList.P5Item"
"Mission Assurance","","","","","","","","","","","","","","","","","","","","","","","","","","","","","","","","","","","","","130.572","","0","0","0","0","0","0","0","852.838","722.266","0","","","","","","","","","","","","","","","","","","","","","","","2017-BASE_PROCUREMENT-2017-AIRFORCE_MISSILE-U_PROCUREMENT_JustificationBook_Air_Force_PB_2017.zzz_unzipped-U_PROCUREMENT_JustificationBook_Air_Force_PB_2017.xml","1eb519244af6b52f585c68b446dd7d32bfe9132b3a808e75d418f71c32a68e95","3-c90fa329e050b2be266010836779c000047ccfc8758effdad0d42f5a2d53a7b7","","","0-cae559013d61fc6d5221b89ece55be730dd0b03e6321c9236ecd9377ad5e9da1","root.record.ItemExhibitList.P5Item"
"Launch Capability","","","","","","","","","","","","","","","","","","","","","","","","","","","","","","","","","","","","","683.378","0","0","0","0","0","0","0","0","1869.881","1186.503","0","1","1","","","","","","","","","2","1186.503","683.378","","","","","","","","","934.941","2017-BASE_PROCUREMENT-2017-AIRFORCE_MISSILE-U_PROCUREMENT_MasterJustificationBook_Air_Force_PB_2017.zzz_unzipped-U_PROCUREMENT_MasterJustificationBook_Air_Force_PB_2017.xml","c3a033a02dd266f763c2138e8649e17878d13f50115d4fe57dd90be56509c75e","0-353cdb6e3bc19a52d7c2daccd19b10ee366bb9656ff06d943b6d53b9fdef14d1","","0-72244b9b268df712f4b8ad0b841fbefce6fe63ead49675f3550062dbef5f5a29","root.record.ItemExhibitList.P5Item"
"Launch Services","","","","","","","","","","","","","","","","","","","","","","","","","","","","","","","","","","","","","573.342","0","0","0","0","0","0","0","0","5187.528","4614.186","0","41","4","","","","","","","","","45","112.541","143.335","","","","","","","","","115.278","2017-BASE_PROCUREMENT-2017-AIRFORCE_MISSILE-U_PROCUREMENT_MasterJustificationBook_Air_Force_PB_2017.zzz_unzipped-U_PROCUREMENT_MasterJustificationBook_Air_Force_PB_2017.xml","0aaff7f9fbc97457e9ac7628aca63d803f4f49d5d154173563fad4699056f5e8","0-12f7762b709290412326701d172e0ebb7e903d9e99be642ded41bea72359364b","27","0-4b8d7f435fe8a6df02fe679cca0b7f574aecfff1e5200e7fe3edc28b9b0e439e","root.record.ItemExhibitList.P5Item"
"Launch Capability","","","","","","","","","","","","","","","","","","","","","","","","","","","","","","","","","","","","","0","0","0","0","0","0","0","0","0","4842.649","4842.649","0","","","","","","","","","","","","","","","","","","","","","","","2017-BASE_PROCUREMENT-2017-AIRFORCE_MISSILE-U_PROCUREMENT_MasterJustificationBook_Air_Force_PB_2017.zzz_unzipped-U_PROCUREMENT_MasterJustificationBook_Air_Force_PB_2017.xml","0aaff7f9fbc97457e9ac7628aca63d803f4f49d5d154173563fad4699056f5e8","1-627e21d1f5c5ee87c4dde260683c9fcf12dd9eec63a653fd4edf81c384104736","","","0-4b8d7f435fe8a6df02fe679cca0b7f574aecfff1e5200e7fe3edc28b9b0e439e","root.record.ItemExhibitList.P5Item"
"EELV Enterprise Systems Engineering & Integration","","","","","","","","","","","","","","","","","","","","","","","","","","","","","","","","","","","","","18.202","","0","0","0","0","0","0","0","83.072","64.87","0","","","","","","","","","","","","","","","","","","","","","","","2017-BASE_PROCUREMENT-2017-AIRFORCE_MISSILE-U_PROCUREMENT_MasterJustificationBook_Air_Force_PB_2017.zzz_unzipped-U_PROCUREMENT_MasterJustificationBook_Air_Force_PB_2017.xml","0aaff7f9fbc97457e9ac7628aca63d803f4f49d5d154173563fad4699056f5e8","2-01a726dcbb58b4946c303d71f0b4ba40d581c728c2c7d6a9f3b95dd5ebc656bb","","","0-4b8d7f435fe8a6df02fe679cca0b7f574aecfff1e5200e7fe3edc28b9b0e439e","root.record.ItemExhibitList.P5Item"
"Mission Assurance","","","","","","","","","","","","","","","","","","","","","","","","","","","","","","","","","","","","","130.572","","0","0","0","0","0","0","0","852.838","722.266","0","","","","","","","","","","","","","","","","","","","","","","","2017-BASE_PROCUREMENT-2017-AIRFORCE_MISSILE-U_PROCUREMENT_MasterJustificationBook_Air_Force_PB_2017.zzz_unzipped-U_PROCUREMENT_MasterJustificationBook_Air_Force_PB_2017.xml","0aaff7f9fbc97457e9ac7628aca63d803f4f49d5d154173563fad4699056f5e8","3-ed22aebe12efc8177397b45508b146bfa7ba9f08c527b99690e76fdc9fcd2f10","","","0-4b8d7f435fe8a6df02fe679cca0b7f574aecfff1e5200e7fe3edc28b9b0e439e","root.record.ItemExhibitList.P5Item"
"Launch Capability","","","","","","","","","","","","","","","","","","","","","","","","","","","","","","","","","","","","","0","554.826","737.273","737.273","727.429","486.569","495.269","504.183","8300.618","11806.167","0","0","","","1","1","1","1","1","1","1","1","7","","","554.826","737.273","737.273","727.429","486.569","495.269","504.183","8300.618","1686.595","2017-BASE_PROCUREMENT-2017-AIRFORCE_SPACE-U_PROCUREMENT_JustificationBook_Air_Force_PB_2017.zzz_unzipped-U_PROCUREMENT_JustificationBook_Air_Force_PB_2017.xml","eba9fe6c064fe1d265f9658104dc72ec79802ee6864d5cf1b5db6e8c06a27c92","0-c9719bef59a50c9b5449af3445c424afa5f801f09c48595595b1f11e0fcee70d","","0-0f861763bd6d7ef03843b69954486ada25736cd427f60794a11c8ece61edf0aa","root.record.ItemExhibitList.P5Item"
"Launch Services","","","","","","","","","","","","","","","","","","","","","","","","","","","","","","","","","","","","","0","470.587","588.266","588.266","479.441","1100.472","1014.981","951.308","6865.916","11470.971","","0","","","4","5","5","3","6","5","4","34","61","","","117.647","117.653","117.653","159.814","183.412","202.996","237.827","201.939","188.049","2017-BASE_PROCUREMENT-2017-AIRFORCE_SPACE-U_PROCUREMENT_JustificationBook_Air_Force_PB_2017.zzz_unzipped-U_PROCUREMENT_JustificationBook_Air_Force_PB_2017.xml","ec93ed095b5ca4b931dec7bb1f726d801cfd1dfdbf02f5e7c1bf686ce7e68176","0-31e33f71eda5c695d72424eb55231e3806bc73be9f6c1bd0609b012bbecb1d31","","0-ed1abaf675c96b32bb0a1df086ab3a3529e472974dd708efa3c9668f58f0752d","root.record.ItemExhibitList.P5Item"
"Launch Capability","","","","","","","","","","","","","","","","","","","","","","","","","","","","","","","","","","","","","","0","0","0","0","0","","","0","0","0","","","","","","","","","","","","","","","","","","","","","","","","2017-BASE_PROCUREMENT-2017-AIRFORCE_SPACE-U_PROCUREMENT_JustificationBook_Air_Force_PB_2017.zzz_unzipped-U_PROCUREMENT_JustificationBook_Air_Force_PB_2017.xml","ec93ed095b5ca4b931dec7bb1f726d801cfd1dfdbf02f5e7c1bf686ce7e68176","1-a39cc36383f78fb3c4b17ec35dd4e99c3acd2a3d544708165d827a0a1b7b62ab","","","0-ed1abaf675c96b32bb0a1df086ab3a3529e472974dd708efa3c9668f58f0752d","root.record.ItemExhibitList.P5Item"
"EELV Enterprise Systems Engineering & Integration","","","","","","","","","","","","","","","","","","","","","","","","","","","","","","","","","","","","","0","22.579","21.736","21.736","15.609","15.018","22.58","23.3","243.36","364.182","","","","","","","","","","","","","","","","","","","","","","","","","2017-BASE_PROCUREMENT-2017-AIRFORCE_SPACE-U_PROCUREMENT_JustificationBook_Air_Force_PB_2017.zzz_unzipped-U_PROCUREMENT_JustificationBook_Air_Force_PB_2017.xml","ec93ed095b5ca4b931dec7bb1f726d801cfd1dfdbf02f5e7c1bf686ce7e68176","2-e1ad0dc08296108cd0e062df59a30252d8c5de10ecf975a71fa00c238768739a","","","0-ed1abaf675c96b32bb0a1df086ab3a3529e472974dd708efa3c9668f58f0752d","root.record.ItemExhibitList.P5Item"
"Mission Assurance","","","","","","","","","","","","","","","","","","","","","","","","","","","","","","","","","","","","","0","149.191","89.673","89.673","135.295","164.331","157.074","150.983","1611.429","2457.976","","","","","","","","","","","","","","","","","","","","","","","","","2017-BASE_PROCUREMENT-2017-AIRFORCE_SPACE-U_PROCUREMENT_JustificationBook_Air_Force_PB_2017.zzz_unzipped-U_PROCUREMENT_JustificationBook_Air_Force_PB_2017.xml","ec93ed095b5ca4b931dec7bb1f726d801cfd1dfdbf02f5e7c1bf686ce7e68176","3-9c39616a0eea7c434d4213be39b3b881663d4af1d24d9071195128ac87a6dbab","","","0-ed1abaf675c96b32bb0a1df086ab3a3529e472974dd708efa3c9668f58f0752d","root.record.ItemExhibitList.P5Item"
"Launch Capability","","","","","","","","","","","","","","","","","","","","","","","","","","","","","","","","","","","","","0","554.826","737.273","737.273","727.429","486.569","495.269","504.183","8300.618","11806.167","0","0","","","1","1","1","1","1","1","1","1","7","","","554.826","737.273","737.273","727.429","486.569","495.269","504.183","8300.618","1686.595","2017-BASE_PROCUREMENT-2017-AIRFORCE_SPACE-U_PROCUREMENT_MasterJustificationBook_Air_Force_PB_2017.zzz_unzipped-U_PROCUREMENT_MasterJustificationBook_Air_Force_PB_2017.xml","93da043eef78975dad30e261ee4c5f8ab6799eb4953cc377d1c9f77ce349529c","0-91147ace2ac5971dfd448241ab7f20ba0a8712399af6d0e3cdbf2d2a1b8e9115","","0-6c138126529f27a617d640202f7599835bec0c517cd0dbcfc5ad3a6bbdd3e80f","root.record.ItemExhibitList.P5Item"
"Launch Services","","","","","","","","","","","","","","","","","","","","","","","","","","","","","","","","","","","","","0","470.587","588.266","588.266","479.441","1100.472","1014.981","951.308","6865.916","11470.971","","0","","","4","5","5","3","6","5","4","34","61","","","117.647","117.653","117.653","159.814","183.412","202.996","237.827","201.939","188.049","2017-BASE_PROCUREMENT-2017-AIRFORCE_SPACE-U_PROCUREMENT_MasterJustificationBook_Air_Force_PB_2017.zzz_unzipped-U_PROCUREMENT_MasterJustificationBook_Air_Force_PB_2017.xml","96cd91b6f0a12ac29a5457b42901859397ea8cd74200ed2ed8fc9c97846f481d","0-c01c235797f9edff32a91f3951f214296d8774f90155ca302692877abc3cf773","","0-f1316a8405b7cd99624b00905678d3e43f1df97f5d8f4d44355d3a00c47e8a1f","root.record.ItemExhibitList.P5Item"
"Launch Capability","","","","","","","","","","","","","","","","","","","","","","","","","","","","","","","","","","","","","","0","0","0","0","0","","","0","0","0","","","","","","","","","","","","","","","","","","","","","","","","2017-BASE_PROCUREMENT-2017-AIRFORCE_SPACE-U_PROCUREMENT_MasterJustificationBook_Air_Force_PB_2017.zzz_unzipped-U_PROCUREMENT_MasterJustificationBook_Air_Force_PB_2017.xml","96cd91b6f0a12ac29a5457b42901859397ea8cd74200ed2ed8fc9c97846f481d","1-f7cde77264cc8b3ba7b9ed72e4c0db7f1b5010f792f9020ead628b5ef8c10ad2","","","0-f1316a8405b7cd99624b00905678d3e43f1df97f5d8f4d44355d3a00c47e8a1f","root.record.ItemExhibitList.P5Item"
"EELV Enterprise Systems Engineering & Integration","","","","","","","","","","","","","","","","","","","","","","","","","","","","","","","","","","","","","0","22.579","21.736","21.736","15.609","15.018","22.58","23.3","243.36","364.182","","","","","","","","","","","","","","","","","","","","","","","","","2017-BASE_PROCUREMENT-2017-AIRFORCE_SPACE-U_PROCUREMENT_MasterJustificationBook_Air_Force_PB_2017.zzz_unzipped-U_PROCUREMENT_MasterJustificationBook_Air_Force_PB_2017.xml","96cd91b6f0a12ac29a5457b42901859397ea8cd74200ed2ed8fc9c97846f481d","2-ef1914437d5d2fa7e07ebd6458eb3ff0bcdc70263cef7d94f310dda272a36d57","","","0-f1316a8405b7cd99624b00905678d3e43f1df97f5d8f4d44355d3a00c47e8a1f","root.record.ItemExhibitList.P5Item"
"Mission Assurance","","","","","","","","","","","","","","","","","","","","","","","","","","","","","","","","","","","","","0","149.191","89.673","89.673","135.295","164.331","157.074","150.983","1611.429","2457.976","","","","","","","","","","","","","","","","","","","","","","","","","2017-BASE_PROCUREMENT-2017-AIRFORCE_SPACE-U_PROCUREMENT_MasterJustificationBook_Air_Force_PB_2017.zzz_unzipped-U_PROCUREMENT_MasterJustificationBook_Air_Force_PB_2017.xml","96cd91b6f0a12ac29a5457b42901859397ea8cd74200ed2ed8fc9c97846f481d","3-4fc30cb5ee26df611e1026c03f21cbe4030c06e78a9d01efb6e0af0b2724146c","","","0-f1316a8405b7cd99624b00905678d3e43f1df97f5d8f4d44355d3a00c47e8a1f","root.record.ItemExhibitList.P5Item"
"Phase 1 Launch Capability","","","","","","","","","","","","","","","","","","","","","","","","","","","","","","","","","","","","","478.902","597.367","741.11","741.11","","","","","","","","0","","1","1","1","1","","","","","","","","478.902","597.367","741.11","741.11","","","","","","","2018-BASE_PROCUREMENT-2018-AIRFORCE_SPACE-U_PROCUREMENT_JustificationBook_Air_Force_PB_2018.zzz_unzipped-U_PROCUREMENT_JustificationBook_Air_Force_PB_2018.xml","a504d38fb691940edf6ae31773acb20020b93bb4b14f2e126f1dbfb1833d2c40","0-855b47ea4aad0c7c1fba61e72cd5c6e8d5862dc3e7bb062f57a1dd0038678c80","","0-2f7dfddfdcf4b173ce73bc54b5f220f9a242ef0538657f33864cdedd972efa4d","root.record.ItemExhibitList.P5Item"
"Phase 1A Launch Capability","","","","","","","","","","","","","","","","","","","","","","","","","","","","","","","","","","","","","82.971","139.906","177.499","177.499","","","","","","","","0","","","","","","","","","","","","","","","","","","","","","","","2018-BASE_PROCUREMENT-2018-AIRFORCE_SPACE-U_PROCUREMENT_JustificationBook_Air_Force_PB_2018.zzz_unzipped-U_PROCUREMENT_JustificationBook_Air_Force_PB_2018.xml","a504d38fb691940edf6ae31773acb20020b93bb4b14f2e126f1dbfb1833d2c40","1-9fe9a7b09f4d46c2c6fb66207fd5a8a296809fbda250247bccf5dc30e4c4b88a","","","0-2f7dfddfdcf4b173ce73bc54b5f220f9a242ef0538657f33864cdedd972efa4d","root.record.ItemExhibitList.P5Item"
"Launch Services","","","","","","","","","","","","","","","","","","","","","","","","","","","","","","","","","","","","","556.056","594.792","394.747","394.747","","","","","","","","0","","4","5","3","3","","","","","","","","139.014","118.958","131.582","131.582","","","","","","","2018-BASE_PROCUREMENT-2018-AIRFORCE_SPACE-U_PROCUREMENT_JustificationBook_Air_Force_PB_2018.zzz_unzipped-U_PROCUREMENT_JustificationBook_Air_Force_PB_2018.xml","325d3c3180a12017ffe453649a0a4a785aea7e048f4c973d82c0e34139fd5940","0-4e87a56d44222619d5b7abfe034a536fae13606e0134a84a15e0283394a50f1b","","0-c5f908db6a8bde141a60cd5407707124b27d0606156b14a00cc6fddb0292c9e3","root.record.ItemExhibitList.P5Item"
"EELV Enterprise Systems Engineering & Integration","","","","","","","","","","","","","","","","","","","","","","","","","","","","","","","","","","","","","27.638","38.81","50.606","50.606","","","","","","","","0","","","","","","","","","","","","","","","","","","","","","","","2018-BASE_PROCUREMENT-2018-AIRFORCE_SPACE-U_PROCUREMENT_JustificationBook_Air_Force_PB_2018.zzz_unzipped-U_PROCUREMENT_JustificationBook_Air_Force_PB_2018.xml","325d3c3180a12017ffe453649a0a4a785aea7e048f4c973d82c0e34139fd5940","1-9d04a554413ace417b3014c42cceda99a6e6b42edb0fb51a108b3d93496427ae","","","0-c5f908db6a8bde141a60cd5407707124b27d0606156b14a00cc6fddb0292c9e3","root.record.ItemExhibitList.P5Item"
"Mission Assurance","","","","","","","","","","","","","","","","","","","","","","","","","","","","","","","","","","","","","65.03","70.292","121.262","121.262","","","","","","","","0","","","","","","","","","","","","","","","","","","","","","","","2018-BASE_PROCUREMENT-2018-AIRFORCE_SPACE-U_PROCUREMENT_JustificationBook_Air_Force_PB_2018.zzz_unzipped-U_PROCUREMENT_JustificationBook_Air_Force_PB_2018.xml","325d3c3180a12017ffe453649a0a4a785aea7e048f4c973d82c0e34139fd5940","2-4188981e3d5490e8d8dff27194dd7d639fae3c88f3986547ac08fa7aa365db0a","","","0-c5f908db6a8bde141a60cd5407707124b27d0606156b14a00cc6fddb0292c9e3","root.record.ItemExhibitList.P5Item"
"Phase 1 Launch Capability","","","","","","","","","","","","","","","","","","","","","","","","","","","","","","","","","","","","","478.902","597.367","741.11","741.11","","","","","","","","0","","1","1","1","1","","","","","","","","478.902","597.367","741.11","741.11","","","","","","","2018-BASE_PROCUREMENT-2018-AIRFORCE_SPACE-U_PROCUREMENT_MasterJustificationBook_Air_Force_PB_2018.zzz_unzipped-U_PROCUREMENT_MasterJustificationBook_Air_Force_PB_2018.xml","c130b3a1f104b5de3401c5acdd5cb51029b1ae1eaf597bbfa82e5b55fd991423","0-dac3b3da9dd20fe2ae92de7eefd2eeac586a67512355ebb08e8b3d81824832fe","","0-5c1257264e33e9fb62aef7a2c9f0d77eb12f7ed6eea029ffdf590730930ecba3","root.record.ItemExhibitList.P5Item"
"Phase 1A Launch Capability","","","","","","","","","","","","","","","","","","","","","","","","","","","","","","","","","","","","","82.971","139.906","177.499","177.499","","","","","","","","0","","","","","","","","","","","","","","","","","","","","","","","2018-BASE_PROCUREMENT-2018-AIRFORCE_SPACE-U_PROCUREMENT_MasterJustificationBook_Air_Force_PB_2018.zzz_unzipped-U_PROCUREMENT_MasterJustificationBook_Air_Force_PB_2018.xml","c130b3a1f104b5de3401c5acdd5cb51029b1ae1eaf597bbfa82e5b55fd991423","1-4ca7648a23a3c5081315ee49bbd0af9ceafa108a3be6438b670e59bc4fcd382b","","","0-5c1257264e33e9fb62aef7a2c9f0d77eb12f7ed6eea029ffdf590730930ecba3","root.record.ItemExhibitList.P5Item"
"Launch Services","","","","","","","","","","","","","","","","","","","","","","","","","","","","","","","","","","","","","556.056","594.792","394.747","394.747","","","","","","","","0","","4","5","3","3","","","","","","","","139.014","118.958","131.582","131.582","","","","","","","2018-BASE_PROCUREMENT-2018-AIRFORCE_SPACE-U_PROCUREMENT_MasterJustificationBook_Air_Force_PB_2018.zzz_unzipped-U_PROCUREMENT_MasterJustificationBook_Air_Force_PB_2018.xml","ea40833ccabefde03e8b1c2e9d9f55f14d7d4e54a7c37cd2d2b1f7b53af14e9d","0-f89f6e4ba6253c9d5a2c60e0aa7a9407d8c1522865672e28603075dc6da31ec6","","0-c07f6c1ba7bbdcf67f94d37866f4e6630d6079e6dbe81ba5afb93fdb24ade822","root.record.ItemExhibitList.P5Item"
"EELV Enterprise Systems Engineering & Integration","","","","","","","","","","","","","","","","","","","","","","","","","","","","","","","","","","","","","27.638","38.81","50.606","50.606","","","","","","","","0","","","","","","","","","","","","","","","","","","","","","","","2018-BASE_PROCUREMENT-2018-AIRFORCE_SPACE-U_PROCUREMENT_MasterJustificationBook_Air_Force_PB_2018.zzz_unzipped-U_PROCUREMENT_MasterJustificationBook_Air_Force_PB_2018.xml","ea40833ccabefde03e8b1c2e9d9f55f14d7d4e54a7c37cd2d2b1f7b53af14e9d","1-e8c7ace04ad76c9978c4ed82a97f9c2627ef7bbb8bebb845843dcbc5323e3167","","","0-c07f6c1ba7bbdcf67f94d37866f4e6630d6079e6dbe81ba5afb93fdb24ade822","root.record.ItemExhibitList.P5Item"
"Mission Assurance","","","","","","","","","","","","","","","","","","","","","","","","","","","","","","","","","","","","","65.03","70.292","121.262","121.262","","","","","","","","0","","","","","","","","","","","","","","","","","","","","","","","2018-BASE_PROCUREMENT-2018-AIRFORCE_SPACE-U_PROCUREMENT_MasterJustificationBook_Air_Force_PB_2018.zzz_unzipped-U_PROCUREMENT_MasterJustificationBook_Air_Force_PB_2018.xml","ea40833ccabefde03e8b1c2e9d9f55f14d7d4e54a7c37cd2d2b1f7b53af14e9d","2-981b60aa73a79ccce6785486bf597a0d0fd01e2dfcd52b8075943ef404d2b4e4","","","0-c07f6c1ba7bbdcf67f94d37866f4e6630d6079e6dbe81ba5afb93fdb24ade822","root.record.ItemExhibitList.P5Item"
"Phase 1 Launch Capability","","","","","","","","","","","","","","","","","","","","","","","","","","","","","","","","","","","","","614.7","674.403","428.537","428.537","","","","","","","499.602","0","1","1","1","1","1","","","","","","","499.602","614.7","674.403","428.537","428.537","","","","","","","2019-BASE_PROCUREMENT-2019-AIRFORCE_SPACE-U_PROCUREMENT_JustificationBook_Air_Force_PB_2019.zzz_unzipped-U_PROCUREMENT_JustificationBook_Air_Force_PB_2019.xml","db46b2261433bc4722a6ce262878edc82af01260e83ad0e4141f1696ee1ab4a1","0-bf9412d95d8c3810bf47662f76982323f1afafd4e633f92c9ea774b169480cd1","","0-ec353065dc66c0a7212b599e8aabe89514b3c1a8cee942dd20bfd22e46542b5d","root.record.ItemExhibitList.P5Item"
"Phase 1A Launch Capability","","","","","","","","","","","","","","","","","","","","","","","","","","","","","","","","","","","","","75.586","244.8","253.045","253.045","","","","","","","82.271","0","1","1","1","1","1","","","","","","","82.271","75.586","244.8","253.045","253.045","","","","","","","2019-BASE_PROCUREMENT-2019-AIRFORCE_SPACE-U_PROCUREMENT_JustificationBook_Air_Force_PB_2019.zzz_unzipped-U_PROCUREMENT_JustificationBook_Air_Force_PB_2019.xml","db46b2261433bc4722a6ce262878edc82af01260e83ad0e4141f1696ee1ab4a1","1-0a31145ffd1d99e260d0d9ff41bae90eccfdb39b6765190324d53191cf0271b9","","0-ec353065dc66c0a7212b599e8aabe89514b3c1a8cee942dd20bfd22e46542b5d","root.record.ItemExhibitList.P5Item"
"Launch Services","","","","","","","","","","","","","","","","","","","","","","","","","","","","","","","","","","","","","404.164","434.872","761.086","761.086","","","","","","","441.809","0","3","3","3","5","5","","","","","","","147.27","134.721","144.957","152.217","152.217","","","","","","","2019-BASE_PROCUREMENT-2019-AIRFORCE_SPACE-U_PROCUREMENT_JustificationBook_Air_Force_PB_2019.zzz_unzipped-U_PROCUREMENT_JustificationBook_Air_Force_PB_2019.xml","437d2c67a4cc5d16854929d21729fd5d4c78483d0ac1527148024d46b499a23b","0-0a134eb177ab388ca9fec2422d72c3163daf67d68b40e0cca9675a64e1b97c62","0","0-0a3919b8dbc34162bbc02cd07e4ad3881458516b97bcde90ffa45c4d8f76eddb","root.record.ItemExhibitList.P5Item"
"EELV Enterprise Systems Engineering & Integration","","","","","","","","","","","","","","","","","","","","","","","","","","","","","","","","","","","","","22.732","42.159","51.964","51.964","","","","","","","20.794","0","","","","","","","","","","","","","","","","","","","","","","","2019-BASE_PROCUREMENT-2019-AIRFORCE_SPACE-U_PROCUREMENT_JustificationBook_Air_Force_PB_2019.zzz_unzipped-U_PROCUREMENT_JustificationBook_Air_Force_PB_2019.xml","437d2c67a4cc5d16854929d21729fd5d4c78483d0ac1527148024d46b499a23b","1-8a9d9d6c92f2e97690a0c5a607d5713d890e48cda9da44a61717f8e2f48c1529","","","0-0a3919b8dbc34162bbc02cd07e4ad3881458516b97bcde90ffa45c4d8f76eddb","root.record.ItemExhibitList.P5Item"
"Mission Assurance","","","","","","","","","","","","","","","","","","","","","","","","","","","","","","","","","","","","","77.652","89.328","140.455","140.455","","","","","","","86.408","0","","","","","","","","","","","","","","","","","","","","","","","2019-BASE_PROCUREMENT-2019-AIRFORCE_SPACE-U_PROCUREMENT_JustificationBook_Air_Force_PB_2019.zzz_unzipped-U_PROCUREMENT_JustificationBook_Air_Force_PB_2019.xml","437d2c67a4cc5d16854929d21729fd5d4c78483d0ac1527148024d46b499a23b","2-84eeee2ac94d17ff8b295fda88ff027e099daf6afc9f84867ef4ad752976d5ea","","","0-0a3919b8dbc34162bbc02cd07e4ad3881458516b97bcde90ffa45c4d8f76eddb","root.record.ItemExhibitList.P5Item"
"Phase 1 Launch Capability","","","","","","","","","","","","","","","","","","","","","","","","","","","","","","","","","","","","","614.7","674.403","428.537","428.537","","","","","","","499.602","0","1","1","1","1","1","","","","","","","499.602","614.7","674.403","428.537","428.537","","","","","","","2019-BASE_PROCUREMENT-2019-AIRFORCE_SPACE-U_PROCUREMENT_MasterJustificationBook_Air_Force_PB_2019.zzz_unzipped-U_PROCUREMENT_MasterJustificationBook_Air_Force_PB_2019.xml","337d686eec0c89a868c57fc4633a6590d3dee3fd609e2c1827e49a935f958691","0-20e26ef67b5c429833a712076e21a848117ee081fc1dbc00def83777daa6db91","","0-e3997ba71640ab37b43e004b63a0bdf0cfb271ec6d3b0c7692827b19dffd8538","root.record.ItemExhibitList.P5Item"
"Phase 1A Launch Capability","","","","","","","","","","","","","","","","","","","","","","","","","","","","","","","","","","","","","75.586","244.8","253.045","253.045","","","","","","","82.271","0","1","1","1","1","1","","","","","","","82.271","75.586","244.8","253.045","253.045","","","","","","","2019-BASE_PROCUREMENT-2019-AIRFORCE_SPACE-U_PROCUREMENT_MasterJustificationBook_Air_Force_PB_2019.zzz_unzipped-U_PROCUREMENT_MasterJustificationBook_Air_Force_PB_2019.xml","337d686eec0c89a868c57fc4633a6590d3dee3fd609e2c1827e49a935f958691","1-8266e6dbf5fe186a2603dea86e39c46563ba34ca020e862e174fe9d65ad3bd0e","","0-e3997ba71640ab37b43e004b63a0bdf0cfb271ec6d3b0c7692827b19dffd8538","root.record.ItemExhibitList.P5Item"
"Launch Services","","","","","","","","","","","","","","","","","","","","","","","","","","","","","","","","","","","","","404.164","434.872","761.086","761.086","","","","","","","441.809","0","3","3","3","5","5","","","","","","","147.27","134.721","144.957","152.217","152.217","","","","","","","2019-BASE_PROCUREMENT-2019-AIRFORCE_SPACE-U_PROCUREMENT_MasterJustificationBook_Air_Force_PB_2019.zzz_unzipped-U_PROCUREMENT_MasterJustificationBook_Air_Force_PB_2019.xml","5c7e320ef862152863a5c39cc1a485c2c4e8fa5279f08c8454a72905bff07d97","0-9f34b4f98d2772b8107757caba5018ec27d461b3007303ecc58d0dc5196b75b7","0","0-718857d291d15d545d6181e4640dafd986d8334ad7450ca9dceb6a02b99e672d","root.record.ItemExhibitList.P5Item"
"EELV Enterprise Systems Engineering & Integration","","","","","","","","","","","","","","","","","","","","","","","","","","","","","","","","","","","","","22.732","42.159","51.964","51.964","","","","","","","20.794","0","","","","","","","","","","","","","","","","","","","","","","","2019-BASE_PROCUREMENT-2019-AIRFORCE_SPACE-U_PROCUREMENT_MasterJustificationBook_Air_Force_PB_2019.zzz_unzipped-U_PROCUREMENT_MasterJustificationBook_Air_Force_PB_2019.xml","5c7e320ef862152863a5c39cc1a485c2c4e8fa5279f08c8454a72905bff07d97","1-e15da1e7f045080886abf2ffd4980aee4a14ca6ff3a2e8b5ed8ca96249093c25","","","0-718857d291d15d545d6181e4640dafd986d8334ad7450ca9dceb6a02b99e672d","root.record.ItemExhibitList.P5Item"
"Mission Assurance","","","","","","","","","","","","","","","","","","","","","","","","","","","","","","","","","","","","","77.652","89.328","140.455","140.455","","","","","","","86.408","0","","","","","","","","","","","","","","","","","","","","","","","2019-BASE_PROCUREMENT-2019-AIRFORCE_SPACE-U_PROCUREMENT_MasterJustificationBook_Air_Force_PB_2019.zzz_unzipped-U_PROCUREMENT_MasterJustificationBook_Air_Force_PB_2019.xml","5c7e320ef862152863a5c39cc1a485c2c4e8fa5279f08c8454a72905bff07d97","2-9228b9e948d7693041f3bf37ab28713be29206a7045dba0b16905969c6400698","","","0-718857d291d15d545d6181e4640dafd986d8334ad7450ca9dceb6a02b99e672d","root.record.ItemExhibitList.P5Item"
"Multi-Mission Launcher Materials","","","","","","","","","","","","","","","","","","","","","","","","","","","","","","","","","","","","","","19.319","","","","","","","","","","","","","","","","","","","","","","","","","","","","","","","","","2019-BASE_PROCUREMENT-2019-ARMY_MISSLE-U_PROCUREMENT_JustificationBook_Army_PB_2019.zzz_unzipped-U_PROCUREMENT_JustificationBook_Army_PB_2019.xml","6d3c4ef124673a75c5f508699d459545dcd5fa1c2d2edd37b8ca572d6abb187f","0-baabb0707fda902cac00015145fbf9516caf759c802ca3686014490fcd346208","","","1-426466a1df8bf0492cae623501e359e3411993e25289fe5e3f8031667ebede2e","root.record.ItemExhibitList.P5Item"
"Phase 1 Launch Capability","","","","","","","","","","","","","","","","","","","","","","","","","","","","","","","","","","","","","718.228","359.659","0","0","","","","","","","1114.302","","1","1","1","","","","","","","","","1114.302","718.228","359.659","","","","","","","","","2020-BASE_PROCUREMENT-2020-AIRFORCE_SPACE-U_PROCUREMENT_JustificationBook_Air_Force_PB_2020.zzz_unzipped-U_PROCUREMENT_JustificationBook_Air_Force_PB_2020.xml","3822a3fb2bbb0a070ee96b3e88efa10587113b9cf1b464ee906cd8c3b320b82e","0-249e873c897e47f39addaf9603a5ea4ced1bcaeeb4e0856d4b74f9368e36c74a","","0-a926b0d3184b7c8c9e6a1c7de4f4467de85b1bfa78960a0e66a7a7cb2cfbfae9","root.record.ItemExhibitList.P5Item"
"Phase 1A Launch Capability","","","","","","","","","","","","","","","","","","","","","","","","","","","","","","","","","","","","","134.582","273.923","","","","","","","","","157.857","","","1","1","","","","","","","","","","134.582","273.923","","","","","","","","","2020-BASE_PROCUREMENT-2020-AIRFORCE_SPACE-U_PROCUREMENT_JustificationBook_Air_Force_PB_2020.zzz_unzipped-U_PROCUREMENT_JustificationBook_Air_Force_PB_2020.xml","3822a3fb2bbb0a070ee96b3e88efa10587113b9cf1b464ee906cd8c3b320b82e","1-50c72d545252d8035efa91d4a39ad1fb56f1603a7eb522e83a6bd4aa91d466ca","","","0-a926b0d3184b7c8c9e6a1c7de4f4467de85b1bfa78960a0e66a7a7cb2cfbfae9","root.record.ItemExhibitList.P5Item"
"Launch Services","","","","","","","","","","","","","","","","","","","","","","","","","","","","","","","","","","","","","346.498","730.44","752.96","752.96","","","","","","","801.173","","6","3","5","4","4","","","","","","","133.529","115.499","146.088","211.937","188.24","","","","","","","2020-BASE_PROCUREMENT-2020-AIRFORCE_SPACE-U_PROCUREMENT_JustificationBook_Air_Force_PB_2020.zzz_unzipped-U_PROCUREMENT_JustificationBook_Air_Force_PB_2020.xml","08c4d8d5e59a351bd4ee55fd7ea05b6cb60e8cbc8db146c1f3d795741592e31b","0-4e4877cb855fea4b5d65e4526891f5004b375102325f72e0cb2870f4b8478baf","0","0-d4b3cd835a1df5e7d5d8035803776f344d5888fb847007ab2f3aa34c74597001","root.record.ItemExhibitList.P5Item"
"Enterprise Systems Engineering & Integration","","","","","","","","","","","","","","","","","","","","","","","","","","","","","","","","","","","","","41.125","60.335","71.32","71.32","","","","","","","43.526","","","","","","","","","","","","","","","","","","","","","","","","2020-BASE_PROCUREMENT-2020-AIRFORCE_SPACE-U_PROCUREMENT_JustificationBook_Air_Force_PB_2020.zzz_unzipped-U_PROCUREMENT_JustificationBook_Air_Force_PB_2020.xml","08c4d8d5e59a351bd4ee55fd7ea05b6cb60e8cbc8db146c1f3d795741592e31b","1-bfe017adf4b926a643c2fec4e72b71fba60487c84a774118e9088a5817ebdfc1","","","0-d4b3cd835a1df5e7d5d8035803776f344d5888fb847007ab2f3aa34c74597001","root.record.ItemExhibitList.P5Item"
"Mission Assurance","","","","","","","","","","","","","","","","","","","","","","","","","","","","","","","","","","","","","70.076","119.151","102.444","102.444","","","","","","","164.06","","","","","","","","","","","","","","","","","","","","","","","","2020-BASE_PROCUREMENT-2020-AIRFORCE_SPACE-U_PROCUREMENT_JustificationBook_Air_Force_PB_2020.zzz_unzipped-U_PROCUREMENT_JustificationBook_Air_Force_PB_2020.xml","08c4d8d5e59a351bd4ee55fd7ea05b6cb60e8cbc8db146c1f3d795741592e31b","2-4a6b22b904a4c7bfbf2759b76fc9e59955d3eb1e5e619b8bc3e8cb7da8729721","","","0-d4b3cd835a1df5e7d5d8035803776f344d5888fb847007ab2f3aa34c74597001","root.record.ItemExhibitList.P5Item"
"Launch Services Support","","","","","","","","","","","","","","","","","","","","","","","","","","","","","","","","","","","","","","","174.41","174.41","","","","","","","","","","","","1","1","","","","","","","","","","174.41","174.41","","","","","","","2020-BASE_PROCUREMENT-2020-AIRFORCE_SPACE-U_PROCUREMENT_JustificationBook_Air_Force_PB_2020.zzz_unzipped-U_PROCUREMENT_JustificationBook_Air_Force_PB_2020.xml","08c4d8d5e59a351bd4ee55fd7ea05b6cb60e8cbc8db146c1f3d795741592e31b","3-31350d6704c4dbca7beea58e73c6340e768aca66760618608cfac9e17a8cd7cc","","0-d4b3cd835a1df5e7d5d8035803776f344d5888fb847007ab2f3aa34c74597001","root.record.ItemExhibitList.P5Item"
"Phase 1 Atlas V completion","","","","","","","","","","","","","","","","","","","","","","","","","","","","","","","","","","","","","","","94.79","94.79","","","","","","","","","","","","","","","","","","","","","","","","","","","","","","","2020-BASE_PROCUREMENT-2020-AIRFORCE_SPACE-U_PROCUREMENT_JustificationBook_Air_Force_PB_2020.zzz_unzipped-U_PROCUREMENT_JustificationBook_Air_Force_PB_2020.xml","08c4d8d5e59a351bd4ee55fd7ea05b6cb60e8cbc8db146c1f3d795741592e31b","4-ceb2c5ea35779edcc46eba6dfe8be518b52ad748b2c8245bd10c2a6090f7fa17","","","0-d4b3cd835a1df5e7d5d8035803776f344d5888fb847007ab2f3aa34c74597001","root.record.ItemExhibitList.P5Item"
"Phase 1 Launch Capability","","","","","","","","","","","","","","","","","","","","","","","","","","","","","","","","","","","","","718.228","359.659","0","0","","","","","","","1114.302","","1","1","1","","","","","","","","","1114.302","718.228","359.659","","","","","","","","","2020-BASE_PROCUREMENT-2020-AIRFORCE_SPACE-U_PROCUREMENT_MasterJustificationBook_Air_Force_PB_2020.zzz_unzipped-U_PROCUREMENT_MasterJustificationBook_Air_Force_PB_2020.xml","4d46fb63f2137e78641651d53b34b56f6b00c6b8ad9cb366b14a09cbd13be531","0-e278128ee3e9c9040b96793b952280f3927bbd3792ca72a870a49abe170bf717","","0-2d94dbb778419f7018b5600908ea0ff9bb9606941696b05fb3b89ab6fa2ffb76","root.record.ItemExhibitList.P5Item"
"Phase 1A Launch Capability","","","","","","","","","","","","","","","","","","","","","","","","","","","","","","","","","","","","","134.582","273.923","","","","","","","","","157.857","","","1","1","","","","","","","","","","134.582","273.923","","","","","","","","","2020-BASE_PROCUREMENT-2020-AIRFORCE_SPACE-U_PROCUREMENT_MasterJustificationBook_Air_Force_PB_2020.zzz_unzipped-U_PROCUREMENT_MasterJustificationBook_Air_Force_PB_2020.xml","4d46fb63f2137e78641651d53b34b56f6b00c6b8ad9cb366b14a09cbd13be531","1-8a49d77f93fc000d8b5531b6bf4950a79ed499a7fd56747523a698904c02411b","","","0-2d94dbb778419f7018b5600908ea0ff9bb9606941696b05fb3b89ab6fa2ffb76","root.record.ItemExhibitList.P5Item"
"Launch Services","","","","","","","","","","","","","","","","","","","","","","","","","","","","","","","","","","","","","346.498","730.44","752.96","752.96","","","","","","","801.173","","6","3","5","4","4","","","","","","","133.529","115.499","146.088","211.937","188.24","","","","","","","2020-BASE_PROCUREMENT-2020-AIRFORCE_SPACE-U_PROCUREMENT_MasterJustificationBook_Air_Force_PB_2020.zzz_unzipped-U_PROCUREMENT_MasterJustificationBook_Air_Force_PB_2020.xml","c9b645ca3693dc4386f5024067a158db34ff6924a8e540b310f1bbc768a98941","0-e5739f4efe8afecba8e83c7d47041631cab9ec9db7875b56b03b0b549353802c","0","0-21735cdead382fc7eb195c1269faef7d8f27294356ef8f5cd9b77f01f19ca312","root.record.ItemExhibitList.P5Item"
"Enterprise Systems Engineering & Integration","","","","","","","","","","","","","","","","","","","","","","","","","","","","","","","","","","","","","41.125","60.335","71.32","71.32","","","","","","","43.526","","","","","","","","","","","","","","","","","","","","","","","","2020-BASE_PROCUREMENT-2020-AIRFORCE_SPACE-U_PROCUREMENT_MasterJustificationBook_Air_Force_PB_2020.zzz_unzipped-U_PROCUREMENT_MasterJustificationBook_Air_Force_PB_2020.xml","c9b645ca3693dc4386f5024067a158db34ff6924a8e540b310f1bbc768a98941","1-209fea1b49cdd15c577de074b004f7f94359c5ac749c1a3986d22fe50895a2ea","","","0-21735cdead382fc7eb195c1269faef7d8f27294356ef8f5cd9b77f01f19ca312","root.record.ItemExhibitList.P5Item"
"Mission Assurance","","","","","","","","","","","","","","","","","","","","","","","","","","","","","","","","","","","","","70.076","119.151","102.444","102.444","","","","","","","164.06","","","","","","","","","","","","","","","","","","","","","","","","2020-BASE_PROCUREMENT-2020-AIRFORCE_SPACE-U_PROCUREMENT_MasterJustificationBook_Air_Force_PB_2020.zzz_unzipped-U_PROCUREMENT_MasterJustificationBook_Air_Force_PB_2020.xml","c9b645ca3693dc4386f5024067a158db34ff6924a8e540b310f1bbc768a98941","2-ba9d4b4157b480c3f53c2824a729ec05c3545adcde277dd9b4de6f5f1067727f","","","0-21735cdead382fc7eb195c1269faef7d8f27294356ef8f5cd9b77f01f19ca312","root.record.ItemExhibitList.P5Item"
"Launch Services Support","","","","","","","","","","","","","","","","","","","","","","","","","","","","","","","","","","","","","","","174.41","174.41","","","","","","","","","","","","1","1","","","","","","","","","","174.41","174.41","","","","","","","2020-BASE_PROCUREMENT-2020-AIRFORCE_SPACE-U_PROCUREMENT_MasterJustificationBook_Air_Force_PB_2020.zzz_unzipped-U_PROCUREMENT_MasterJustificationBook_Air_Force_PB_2020.xml","c9b645ca3693dc4386f5024067a158db34ff6924a8e540b310f1bbc768a98941","3-5bff13cbb15d6070e7411eda25fc1b5a2e1d3f1e834def789f257acc083aa13d","","0-21735cdead382fc7eb195c1269faef7d8f27294356ef8f5cd9b77f01f19ca312","root.record.ItemExhibitList.P5Item"
"Phase 1 Atlas V completion","","","","","","","","","","","","","","","","","","","","","","","","","","","","","","","","","","","","","","","94.79","94.79","","","","","","","","","","","","","","","","","","","","","","","","","","","","","","","2020-BASE_PROCUREMENT-2020-AIRFORCE_SPACE-U_PROCUREMENT_MasterJustificationBook_Air_Force_PB_2020.zzz_unzipped-U_PROCUREMENT_MasterJustificationBook_Air_Force_PB_2020.xml","c9b645ca3693dc4386f5024067a158db34ff6924a8e540b310f1bbc768a98941","4-e889a6e8e51e398c04f60a92558974e99300c1883d698f31cc07da06b94c5f73","","","0-21735cdead382fc7eb195c1269faef7d8f27294356ef8f5cd9b77f01f19ca312","root.record.ItemExhibitList.P5Item"
"Adv Proc - Multi-Mission Launcher Materials (Unexecuted - Rescinded by NDAA of 2018)","","","","","","","","","","","","","","","","","","","","","","","","","","","","","","","","","","","","","19.319","","","","","","","","","","","","","","","","","","","","","","","","","","","","","","","","","","2020-BASE_PROCUREMENT-2020-ARMY_MISSLE-U_PROCUREMENT_JustificationBook_Army_PB_2020.zzz_unzipped-U_PROCUREMENT_JustificationBook_Army_PB_2020.xml","50a5217e1270d0048e174d6aba1ea43048f8902784301504ef4ca043ba1d93b3","0-c3182465b996c1fe8cc7af21d082113b33850bc0e6297bab1f798267ca6b5933","","","1-887790c49357bbe226b123db83e6c6b9039119affb549ac223984564accf46b4","root.record.ItemExhibitList.P5Item"
