Title_val,Costs_TotalCost_PriorYearThree_val,Costs_TotalCost_PriorYearTwo_val,Costs_TotalCost_PriorYear_val,Costs_TotalCost_CurrentYear_val,Costs_TotalCost_BudgetYearOne_val,Costs_TotalCost_PriorYearTen_val,Costs_TotalCost_PriorYearFour_val,Costs_TotalCost_PriorYearEleven_val,Costs_TotalCost_PriorYearFive_val,Costs_TotalCost_PriorYearTwelve_val,@SOURCE_FILENAME,@RECORDID,@ROWID,@PARENTROWID,@PARENT
"TECH ENGINEERING SERVICES","10.772","10.828","11.142","10.314","10.52","","","","","","2018-BASE_PROCUREMENT-2018-NAVY_SHIPBUILDINGANDCOVERSION-U_PROCUREMENT_JustificationBook_Navy_PB_2018.zzz_unzipped-U_PROCUREMENT_JustificationBook_Navy_PB_2018.xml","e65faa6577a08f2ddf29b7d5454a13aa910b941ba87ebd505eb81f9f400deed2","0-8a9c5f068d147d2decce00cd35fad78b18fe6aa0df4c4cbb6c7b2360cb543ba0","0-e1434414707f2375327686e141885f31743067d09106602c0cd2734ab5114a96","root.record.ShipsExhibitList.P5ShipClass.CostElementCategories.HME.CostElementAnalysis.P35ItemList.P35Item"
"Technical Support Services","","","","","","1.485","","","","","2018-BASE_PROCUREMENT-2018-NAVY_SHIPBUILDINGANDCOVERSION-U_PROCUREMENT_JustificationBook_Navy_PB_2018.zzz_unzipped-U_PROCUREMENT_JustificationBook_Navy_PB_2018.xml","63a199acf2aec9803478e689b99e17d5ba8e6ed8eb7dfb080491db0b111af06e","0-b10b6fbd533eec00cf202246615e925753371671611d5b78b9bc85d7ce3ddbcd","0-4360a801154feb93da18e4105aae165606225f360037e01001d0c3df02a854bc","root.record.ShipsExhibitList.P5ShipClass.CostElementCategories.HME.CostElementAnalysis.P35ItemList.P35Item"
"Other / NRE","","","","","","3.378","","","","","2018-BASE_PROCUREMENT-2018-NAVY_SHIPBUILDINGANDCOVERSION-U_PROCUREMENT_JustificationBook_Navy_PB_2018.zzz_unzipped-U_PROCUREMENT_JustificationBook_Navy_PB_2018.xml","63a199acf2aec9803478e689b99e17d5ba8e6ed8eb7dfb080491db0b111af06e","1-96a991d503754eeb5c9a8b4182534ceae4a6e15de4ad3a840b318b84d1bb4cfe","0-4360a801154feb93da18e4105aae165606225f360037e01001d0c3df02a854bc","root.record.ShipsExhibitList.P5ShipClass.CostElementCategories.HME.CostElementAnalysis.P35ItemList.P35Item"
"TECH ENGINEERING SERVICES","10.772","10.828","11.142","10.314","10.52","","","","","","2018-BASE_PROCUREMENT-2018-NAVY_SHIPBUILDINGANDCOVERSION-U_PROCUREMENT_MasterJustificationBook_Navy_PB_2018.zzz_unzipped-U_PROCUREMENT_MasterJustificationBook_Navy_PB_2018.xml","b9b3c2143c11a13c8f2c4f97143714796c97d937a9c0d0bc447e53de4a529dc3","0-da94ef5ebf4de12ad24413610da7eec5473fcd666053acae16a54a37e6458f8e","0-e05526d81c8afdb83d48649b67f2d85548e7802ad2c08a1023e32aad3bf912af","root.record.ShipsExhibitList.P5ShipClass.CostElementCategories.HME.CostElementAnalysis.P35ItemList.P35Item"
"Technical Support Services","","","","","","1.485","","","","","2018-BASE_PROCUREMENT-2018-NAVY_SHIPBUILDINGANDCOVERSION-U_PROCUREMENT_MasterJustificationBook_Navy_PB_2018.zzz_unzipped-U_PROCUREMENT_MasterJustificationBook_Navy_PB_2018.xml","cfcd2affcafe58149df6900b5bafde44d10bbb1934842da11d594bb3c352ff90","0-e35eef4df4091ee4a7fe0026e79f666534c305d377d6a3f56cfd0605677f34b7","0-ef8e1683d50f44d896a410370e6c386479e91efc878a79ebb9551e05b981dea3","root.record.ShipsExhibitList.P5ShipClass.CostElementCategories.HME.CostElementAnalysis.P35ItemList.P35Item"
"Other / NRE","","","","","","3.378","","","","","2018-BASE_PROCUREMENT-2018-NAVY_SHIPBUILDINGANDCOVERSION-U_PROCUREMENT_MasterJustificationBook_Navy_PB_2018.zzz_unzipped-U_PROCUREMENT_MasterJustificationBook_Navy_PB_2018.xml","cfcd2affcafe58149df6900b5bafde44d10bbb1934842da11d594bb3c352ff90","1-07e5edfed6708b61242f96ce5964573443d7b6a09f0388899039e47207a517da","0-ef8e1683d50f44d896a410370e6c386479e91efc878a79ebb9551e05b981dea3","root.record.ShipsExhibitList.P5ShipClass.CostElementCategories.HME.CostElementAnalysis.P35ItemList.P35Item"
"TECH ENGINEERING SERVICES","10.828","11.142","10.314","10.52","10.73","","10.772","","","","2019-BASE_PROCUREMENT-2019-NAVY_SHIPBUILDINGANDCOVERSION-U_PROCUREMENT_JustificationBook_Navy_PB_2019.zzz_unzipped-U_PROCUREMENT_JustificationBook_Navy_PB_2019.xml","26f7a9377367f4833fc97e7a760e9a2cc6323946d5bc9215f0843a3a55340edc","0-770ffe31708af09bda3ba2e9459196c7ea02df14907197208fd9a9683724e015","0-02be7e98253bbc11e8c160896e28ca33aedd7803fb1b2e60c96999734b78fdcb","root.record.ShipsExhibitList.P5ShipClass.CostElementCategories.HME.CostElementAnalysis.P35ItemList.P35Item"
"Technical Support Services","","","","","","","","1.485","","","2019-BASE_PROCUREMENT-2019-NAVY_SHIPBUILDINGANDCOVERSION-U_PROCUREMENT_JustificationBook_Navy_PB_2019.zzz_unzipped-U_PROCUREMENT_JustificationBook_Navy_PB_2019.xml","384bbcfb660b583b57aa41ac827b7a4f96349bc3d635569d38c5399e81cf111b","0-59dab64f6fd5cf3ef6689cfae599e356d3e5d72205d7e49a7ab30fe29a0f9b59","0-0ed22290f026898412bf5da0b8a6e0234be8a78d97a61bec712737b183a084a2","root.record.ShipsExhibitList.P5ShipClass.CostElementCategories.HME.CostElementAnalysis.P35ItemList.P35Item"
"Other / NRE","","","","","","","","3.378","","","2019-BASE_PROCUREMENT-2019-NAVY_SHIPBUILDINGANDCOVERSION-U_PROCUREMENT_JustificationBook_Navy_PB_2019.zzz_unzipped-U_PROCUREMENT_JustificationBook_Navy_PB_2019.xml","384bbcfb660b583b57aa41ac827b7a4f96349bc3d635569d38c5399e81cf111b","1-033f4258a832feebe1106082cec5e3c66078e550dc0d188c932d8be4c4f83288","0-0ed22290f026898412bf5da0b8a6e0234be8a78d97a61bec712737b183a084a2","root.record.ShipsExhibitList.P5ShipClass.CostElementCategories.HME.CostElementAnalysis.P35ItemList.P35Item"
"TECH ENGINEERING SERVICES","10.828","11.142","10.314","10.52","10.73","","10.772","","","","2019-BASE_PROCUREMENT-2019-NAVY_SHIPBUILDINGANDCOVERSION-U_PROCUREMENT_MasterJustificationBook_Navy_PB_2019.zzz_unzipped-U_PROCUREMENT_MasterJustificationBook_Navy_PB_2019.xml","cbe29039c7026c484c7be93d8dffc73f479957edddb0229a6b7ae1188f188bcd","0-b77abe0a4b980880d8a6fb532fa3482e613c0464720cffe7d111b131ee3e7176","0-1ab15e8459df7e7295ad7ca74afbd3489df3352aa2d458fc7ac91445e773d340","root.record.ShipsExhibitList.P5ShipClass.CostElementCategories.HME.CostElementAnalysis.P35ItemList.P35Item"
"Technical Support Services","","","","","","","","1.485","","","2019-BASE_PROCUREMENT-2019-NAVY_SHIPBUILDINGANDCOVERSION-U_PROCUREMENT_MasterJustificationBook_Navy_PB_2019.zzz_unzipped-U_PROCUREMENT_MasterJustificationBook_Navy_PB_2019.xml","eb65c52dd93ce16c20d00a7266f3d388040779562cbb7747c2c0d892437bc207","0-914bc67b82699601db6d2f043f999e04c5cbc439f35003a86d35a9bcbe818324","0-3633f4e4d0048ae997b2582f48eaaa5ba8e3abda3c32912ebef0f6b161f89875","root.record.ShipsExhibitList.P5ShipClass.CostElementCategories.HME.CostElementAnalysis.P35ItemList.P35Item"
"Other / NRE","","","","","","","","3.378","","","2019-BASE_PROCUREMENT-2019-NAVY_SHIPBUILDINGANDCOVERSION-U_PROCUREMENT_MasterJustificationBook_Navy_PB_2019.zzz_unzipped-U_PROCUREMENT_MasterJustificationBook_Navy_PB_2019.xml","eb65c52dd93ce16c20d00a7266f3d388040779562cbb7747c2c0d892437bc207","1-f6912c3ac4dce9214244088603a5815c7dcfe25df10b984209708b742f3784d3","0-3633f4e4d0048ae997b2582f48eaaa5ba8e3abda3c32912ebef0f6b161f89875","root.record.ShipsExhibitList.P5ShipClass.CostElementCategories.HME.CostElementAnalysis.P35ItemList.P35Item"
"TECH ENGINEERING SERVICES","11.142","10.314","10.52","10.73","16.417","","10.828","","10.772","","2020-BASE_PROCUREMENT-2020-NAVY_SHIPBUILDINGANDCOVERSION-U_PROCUREMENT_JustificationBook_Navy_PB_2020.zzz_unzipped-U_PROCUREMENT_JustificationBook_Navy_PB_2020.xml","cc662e74a7de7213dcbbea2bd4856f29d0eced5cfd2f89546251c34f13f65079","0-745fe81f565df6b5ebfd4b3f09c7ffbda73b2810de413c05b2a3aec7c90864ba","0-05b1984dd31a93f60c8591e89af0bdf96587ac8fd84283458d8ea4d16d144c83","root.record.ShipsExhibitList.P5ShipClass.CostElementCategories.HME.CostElementAnalysis.P35ItemList.P35Item"
"Technical Support Services","","","","","","","","","","6.126","2020-BASE_PROCUREMENT-2020-NAVY_SHIPBUILDINGANDCOVERSION-U_PROCUREMENT_JustificationBook_Navy_PB_2020.zzz_unzipped-U_PROCUREMENT_JustificationBook_Navy_PB_2020.xml","8644d6cf0ff072d3154c0109223402de2d9d8f52cc878b156fc73009c9601119","0-7188f70fa276fb04f1acf8278be8d75a02e60db8cdb3accfd549c8b0ee981492","0-1a14f9936d6e51f71a4d7ecae74cae7cb0c3db5f6781203f6ba5150a4e81aded","root.record.ShipsExhibitList.P5ShipClass.CostElementCategories.HME.CostElementAnalysis.P35ItemList.P35Item"
"Other / NRE","","","","","","","","","","5.409","2020-BASE_PROCUREMENT-2020-NAVY_SHIPBUILDINGANDCOVERSION-U_PROCUREMENT_JustificationBook_Navy_PB_2020.zzz_unzipped-U_PROCUREMENT_JustificationBook_Navy_PB_2020.xml","8644d6cf0ff072d3154c0109223402de2d9d8f52cc878b156fc73009c9601119","1-a9bb3916707d695d9ab6826513b74dcb2928f81d6e0965a6473d9b36ab346bef","0-1a14f9936d6e51f71a4d7ecae74cae7cb0c3db5f6781203f6ba5150a4e81aded","root.record.ShipsExhibitList.P5ShipClass.CostElementCategories.HME.CostElementAnalysis.P35ItemList.P35Item"
"TECH ENGINEERING SERVICES","11.142","10.314","10.52","10.73","16.417","","10.828","","10.772","","2020-BASE_PROCUREMENT-2020-NAVY_SHIPBUILDINGANDCOVERSION-U_PROCUREMENT_MasterJustificationBook_Navy_PB_2020.zzz_unzipped-U_PROCUREMENT_MasterJustificationBook_Navy_PB_2020.xml","6d2fd5af5b3d1649cd88586e00452843d436fea4cfb0f3c5af8f40c8bc8e1433","0-5ccfd80372f8816a77eab61aeb70e535e3f5314c19787c4bc4dcbaac462ce3e4","0-6c74a61ff5aab50fe0626b664e51bcd181302d75636a4c28a65209be1eadd4c9","root.record.ShipsExhibitList.P5ShipClass.CostElementCategories.HME.CostElementAnalysis.P35ItemList.P35Item"
"Technical Support Services","","","","","","","","","","6.126","2020-BASE_PROCUREMENT-2020-NAVY_SHIPBUILDINGANDCOVERSION-U_PROCUREMENT_MasterJustificationBook_Navy_PB_2020.zzz_unzipped-U_PROCUREMENT_MasterJustificationBook_Navy_PB_2020.xml","fa505ec92f383fcc1ed15c617e66a7a22b7d4afe96a0183b867c4406bbfec040","0-b1fb83c9e96c1ec54d954cc17213f6916111731ddb031f08a1859bcb7118d77c","0-26babe246160ce1527f4f3caccbef07a7043f102a25a188650238ff9c0c735c0","root.record.ShipsExhibitList.P5ShipClass.CostElementCategories.HME.CostElementAnalysis.P35ItemList.P35Item"
"Other / NRE","","","","","","","","","","5.409","2020-BASE_PROCUREMENT-2020-NAVY_SHIPBUILDINGANDCOVERSION-U_PROCUREMENT_MasterJustificationBook_Navy_PB_2020.zzz_unzipped-U_PROCUREMENT_MasterJustificationBook_Navy_PB_2020.xml","fa505ec92f383fcc1ed15c617e66a7a22b7d4afe96a0183b867c4406bbfec040","1-7ba734592f383471cd139a68d60b8ce25148dd5bc1136e2383799f9ada3b460f","0-26babe246160ce1527f4f3caccbef07a7043f102a25a188650238ff9c0c735c0","root.record.ShipsExhibitList.P5ShipClass.CostElementCategories.HME.CostElementAnalysis.P35ItemList.P35Item"
