Title_val,Costs_TotalCost_PriorYearThree_val,Costs_TotalCost_PriorYearTwo_val,Costs_TotalCost_PriorYear_val,Costs_TotalCost_CurrentYear_val,Costs_TotalCost_BudgetYearOne_val,Costs_TotalCost_PriorYearTen_val,Costs_TotalCost_PriorYearFour_val,Costs_TotalCost_PriorYearEleven_val,Costs_TotalCost_PriorYearFive_val,Costs_TotalCost_PriorYearTwelve_val,@SOURCE_FILENAME,@RECORDID,@ROWID,@PARENTROWID,@PARENT
"TECH ENGINEERING SERVICES","10.772","10.828","11.142","10.314","10.52","","","","","","2018-BASE_PROCUREMENT-2018-NAVY_SHIPBUILDINGANDCOVERSION-U_PROCUREMENT_JustificationBook_Navy_PB_2018.zzz_unzipped-U_PROCUREMENT_JustificationBook_Navy_PB_2018.xml","e65faa6577a08f2ddf29b7d5454a13aa910b941ba87ebd505eb81f9f400deed2","0-d0e93ae65105e26b8b3048e4b5bd2086bfa79be06843bae696bda9985f3c3343","0-724386d29d7e802bd06aef7cd1c5bb9d1112154eacdffc3fe098dcf10489e7dd","root.record.ShipsExhibitList.P5ShipClass.CostElementCategories.HME.CostElementAnalysis.P35ItemList.P35Item"
"Technical Support Services","","","","","","1.485","","","","","2018-BASE_PROCUREMENT-2018-NAVY_SHIPBUILDINGANDCOVERSION-U_PROCUREMENT_JustificationBook_Navy_PB_2018.zzz_unzipped-U_PROCUREMENT_JustificationBook_Navy_PB_2018.xml","63a199acf2aec9803478e689b99e17d5ba8e6ed8eb7dfb080491db0b111af06e","0-751d35ec079ac035227cbb28418f977c3fb2ca48497454909a420fa712f5ce5e","0-f77e92b9dcbfddef7bb6b48b35e185eacdbbbcc29af3bf94a6624c5b7c34bac8","root.record.ShipsExhibitList.P5ShipClass.CostElementCategories.HME.CostElementAnalysis.P35ItemList.P35Item"
"Other / NRE","","","","","","3.378","","","","","2018-BASE_PROCUREMENT-2018-NAVY_SHIPBUILDINGANDCOVERSION-U_PROCUREMENT_JustificationBook_Navy_PB_2018.zzz_unzipped-U_PROCUREMENT_JustificationBook_Navy_PB_2018.xml","63a199acf2aec9803478e689b99e17d5ba8e6ed8eb7dfb080491db0b111af06e","1-4c6b0a7eae9d18ac2bcda80fb07ce7d23aab479ebaabc23f89d58b0e92e59520","0-f77e92b9dcbfddef7bb6b48b35e185eacdbbbcc29af3bf94a6624c5b7c34bac8","root.record.ShipsExhibitList.P5ShipClass.CostElementCategories.HME.CostElementAnalysis.P35ItemList.P35Item"
"TECH ENGINEERING SERVICES","10.772","10.828","11.142","10.314","10.52","","","","","","2018-BASE_PROCUREMENT-2018-NAVY_SHIPBUILDINGANDCOVERSION-U_PROCUREMENT_MasterJustificationBook_Navy_PB_2018.zzz_unzipped-U_PROCUREMENT_MasterJustificationBook_Navy_PB_2018.xml","b9b3c2143c11a13c8f2c4f97143714796c97d937a9c0d0bc447e53de4a529dc3","0-a4b061d64670dc3f3680c7d0b1dc9ed51bd93c63d671ab0098ab2dc52131dcbf","0-49c4689ac822dd6262ecb5f096cc9bfae6c6e77e2fbad5f62a09647462163f33","root.record.ShipsExhibitList.P5ShipClass.CostElementCategories.HME.CostElementAnalysis.P35ItemList.P35Item"
"Technical Support Services","","","","","","1.485","","","","","2018-BASE_PROCUREMENT-2018-NAVY_SHIPBUILDINGANDCOVERSION-U_PROCUREMENT_MasterJustificationBook_Navy_PB_2018.zzz_unzipped-U_PROCUREMENT_MasterJustificationBook_Navy_PB_2018.xml","cfcd2affcafe58149df6900b5bafde44d10bbb1934842da11d594bb3c352ff90","0-4b8c548722076c468da8a5b33f2ff47dc8548d59f3615d946e80824dc1b1a705","0-b93b7f7e48faa74ff4f1a86437b04552accccad226042f0931916284e69fa0c6","root.record.ShipsExhibitList.P5ShipClass.CostElementCategories.HME.CostElementAnalysis.P35ItemList.P35Item"
"Other / NRE","","","","","","3.378","","","","","2018-BASE_PROCUREMENT-2018-NAVY_SHIPBUILDINGANDCOVERSION-U_PROCUREMENT_MasterJustificationBook_Navy_PB_2018.zzz_unzipped-U_PROCUREMENT_MasterJustificationBook_Navy_PB_2018.xml","cfcd2affcafe58149df6900b5bafde44d10bbb1934842da11d594bb3c352ff90","1-e91e32e36b518c2f2ddafbdab3a5db0897a04b73f8d17cf9a97a80e8eb969929","0-b93b7f7e48faa74ff4f1a86437b04552accccad226042f0931916284e69fa0c6","root.record.ShipsExhibitList.P5ShipClass.CostElementCategories.HME.CostElementAnalysis.P35ItemList.P35Item"
"TECH ENGINEERING SERVICES","10.828","11.142","10.314","10.52","10.73","","10.772","","","","2019-BASE_PROCUREMENT-2019-NAVY_SHIPBUILDINGANDCOVERSION-U_PROCUREMENT_JustificationBook_Navy_PB_2019.zzz_unzipped-U_PROCUREMENT_JustificationBook_Navy_PB_2019.xml","26f7a9377367f4833fc97e7a760e9a2cc6323946d5bc9215f0843a3a55340edc","0-42077177a5247d4196edd510b29c7b63397f8cb4ae7c22f3b69d599b43c1f104","0-9ce371d3c136313c5c651dda58b5f6d9d660dcb337a76c7f83fe0aaed870ec0c","root.record.ShipsExhibitList.P5ShipClass.CostElementCategories.HME.CostElementAnalysis.P35ItemList.P35Item"
"Technical Support Services","","","","","","","","1.485","","","2019-BASE_PROCUREMENT-2019-NAVY_SHIPBUILDINGANDCOVERSION-U_PROCUREMENT_JustificationBook_Navy_PB_2019.zzz_unzipped-U_PROCUREMENT_JustificationBook_Navy_PB_2019.xml","384bbcfb660b583b57aa41ac827b7a4f96349bc3d635569d38c5399e81cf111b","0-0098fa94dd3fcde2a26fe45010787722c5f8ce5b9634ed558f190473c5703963","0-ccb8209230e2d1cc041bd506d2881cfffa7c28340e9400f4ccc474e0978ce4e8","root.record.ShipsExhibitList.P5ShipClass.CostElementCategories.HME.CostElementAnalysis.P35ItemList.P35Item"
"Other / NRE","","","","","","","","3.378","","","2019-BASE_PROCUREMENT-2019-NAVY_SHIPBUILDINGANDCOVERSION-U_PROCUREMENT_JustificationBook_Navy_PB_2019.zzz_unzipped-U_PROCUREMENT_JustificationBook_Navy_PB_2019.xml","384bbcfb660b583b57aa41ac827b7a4f96349bc3d635569d38c5399e81cf111b","1-d4e61a14f8e5cbf12d4cb2b7770f9609eefa62ef0e6dba79ca918d34fdf02666","0-ccb8209230e2d1cc041bd506d2881cfffa7c28340e9400f4ccc474e0978ce4e8","root.record.ShipsExhibitList.P5ShipClass.CostElementCategories.HME.CostElementAnalysis.P35ItemList.P35Item"
"TECH ENGINEERING SERVICES","10.828","11.142","10.314","10.52","10.73","","10.772","","","","2019-BASE_PROCUREMENT-2019-NAVY_SHIPBUILDINGANDCOVERSION-U_PROCUREMENT_MasterJustificationBook_Navy_PB_2019.zzz_unzipped-U_PROCUREMENT_MasterJustificationBook_Navy_PB_2019.xml","cbe29039c7026c484c7be93d8dffc73f479957edddb0229a6b7ae1188f188bcd","0-de7c491c7c64d4a727fe47f09525fe4c398c0f8fb36c27941626ecdafda7875a","0-27bd8a79b21aba6af66d8ae50b1dcc14592254add48b52a8d895fb404a3f0b81","root.record.ShipsExhibitList.P5ShipClass.CostElementCategories.HME.CostElementAnalysis.P35ItemList.P35Item"
"Technical Support Services","","","","","","","","1.485","","","2019-BASE_PROCUREMENT-2019-NAVY_SHIPBUILDINGANDCOVERSION-U_PROCUREMENT_MasterJustificationBook_Navy_PB_2019.zzz_unzipped-U_PROCUREMENT_MasterJustificationBook_Navy_PB_2019.xml","eb65c52dd93ce16c20d00a7266f3d388040779562cbb7747c2c0d892437bc207","0-30cfc8f5f434ed88454e661111a418a8ec682f55cb33abeacef600801c7e2463","0-a6be3cf970cd72dca3413bc2c809b635243a7c49e60ac4b2ea44506bb63fd865","root.record.ShipsExhibitList.P5ShipClass.CostElementCategories.HME.CostElementAnalysis.P35ItemList.P35Item"
"Other / NRE","","","","","","","","3.378","","","2019-BASE_PROCUREMENT-2019-NAVY_SHIPBUILDINGANDCOVERSION-U_PROCUREMENT_MasterJustificationBook_Navy_PB_2019.zzz_unzipped-U_PROCUREMENT_MasterJustificationBook_Navy_PB_2019.xml","eb65c52dd93ce16c20d00a7266f3d388040779562cbb7747c2c0d892437bc207","1-13ded91f1478a165f65ce1a0fe1feb9000a18d3f90da89a29f1c3c1b2200bc19","0-a6be3cf970cd72dca3413bc2c809b635243a7c49e60ac4b2ea44506bb63fd865","root.record.ShipsExhibitList.P5ShipClass.CostElementCategories.HME.CostElementAnalysis.P35ItemList.P35Item"
"TECH ENGINEERING SERVICES","11.142","10.314","10.52","10.73","16.417","","10.828","","10.772","","2020-BASE_PROCUREMENT-2020-NAVY_SHIPBUILDINGANDCOVERSION-U_PROCUREMENT_JustificationBook_Navy_PB_2020.zzz_unzipped-U_PROCUREMENT_JustificationBook_Navy_PB_2020.xml","cc662e74a7de7213dcbbea2bd4856f29d0eced5cfd2f89546251c34f13f65079","0-7a8cd3f108da6723d16e797c4abca4fc9231a5b502ae8a1d9c76f93c2434f243","0-16084ae9ce5388558e7852f335c4d90d76f9338b776f1024fbe114a5fac5dda0","root.record.ShipsExhibitList.P5ShipClass.CostElementCategories.HME.CostElementAnalysis.P35ItemList.P35Item"
"Technical Support Services","","","","","","","","","","6.126","2020-BASE_PROCUREMENT-2020-NAVY_SHIPBUILDINGANDCOVERSION-U_PROCUREMENT_JustificationBook_Navy_PB_2020.zzz_unzipped-U_PROCUREMENT_JustificationBook_Navy_PB_2020.xml","8644d6cf0ff072d3154c0109223402de2d9d8f52cc878b156fc73009c9601119","0-c9ff212e08f1785c5d174925b93ca672bd0a620409cef6d9a4468ec14aaf490d","0-c08d383c28123474925ddcaf50f697d531bd0e24ca2fcdfa705c50d8553d8595","root.record.ShipsExhibitList.P5ShipClass.CostElementCategories.HME.CostElementAnalysis.P35ItemList.P35Item"
"Other / NRE","","","","","","","","","","5.409","2020-BASE_PROCUREMENT-2020-NAVY_SHIPBUILDINGANDCOVERSION-U_PROCUREMENT_JustificationBook_Navy_PB_2020.zzz_unzipped-U_PROCUREMENT_JustificationBook_Navy_PB_2020.xml","8644d6cf0ff072d3154c0109223402de2d9d8f52cc878b156fc73009c9601119","1-fa0d781dc5cc438e307b22c7275101cbb495811b52f9e98d2b1ee435c8bdf016","0-c08d383c28123474925ddcaf50f697d531bd0e24ca2fcdfa705c50d8553d8595","root.record.ShipsExhibitList.P5ShipClass.CostElementCategories.HME.CostElementAnalysis.P35ItemList.P35Item"
"TECH ENGINEERING SERVICES","11.142","10.314","10.52","10.73","16.417","","10.828","","10.772","","2020-BASE_PROCUREMENT-2020-NAVY_SHIPBUILDINGANDCOVERSION-U_PROCUREMENT_MasterJustificationBook_Navy_PB_2020.zzz_unzipped-U_PROCUREMENT_MasterJustificationBook_Navy_PB_2020.xml","6d2fd5af5b3d1649cd88586e00452843d436fea4cfb0f3c5af8f40c8bc8e1433","0-883f7a224e0374e06f5b0f522511d4703087070b432afe68a463b74f0794f8e8","0-a82f81726b4c7159981b5c238f077eb1a0653110ae5d0e0499de3db1c638e745","root.record.ShipsExhibitList.P5ShipClass.CostElementCategories.HME.CostElementAnalysis.P35ItemList.P35Item"
"Technical Support Services","","","","","","","","","","6.126","2020-BASE_PROCUREMENT-2020-NAVY_SHIPBUILDINGANDCOVERSION-U_PROCUREMENT_MasterJustificationBook_Navy_PB_2020.zzz_unzipped-U_PROCUREMENT_MasterJustificationBook_Navy_PB_2020.xml","fa505ec92f383fcc1ed15c617e66a7a22b7d4afe96a0183b867c4406bbfec040","0-e18add8ddf1ced55e520cfe291f93508a537ea189843f457caeb4711ea6408c7","0-46fc8ec25acb3d78dbe6741cdb54d1ce9ff66d6315c9583c0827fea0e84dde41","root.record.ShipsExhibitList.P5ShipClass.CostElementCategories.HME.CostElementAnalysis.P35ItemList.P35Item"
"Other / NRE","","","","","","","","","","5.409","2020-BASE_PROCUREMENT-2020-NAVY_SHIPBUILDINGANDCOVERSION-U_PROCUREMENT_MasterJustificationBook_Navy_PB_2020.zzz_unzipped-U_PROCUREMENT_MasterJustificationBook_Navy_PB_2020.xml","fa505ec92f383fcc1ed15c617e66a7a22b7d4afe96a0183b867c4406bbfec040","1-c111d2b0a3ea2aec7a2b645552f3fa8a98dc3cee3f1d7ad06d8df47318d7df3b","0-46fc8ec25acb3d78dbe6741cdb54d1ce9ff66d6315c9583c0827fea0e84dde41","root.record.ShipsExhibitList.P5ShipClass.CostElementCategories.HME.CostElementAnalysis.P35ItemList.P35Item"
