Title_val,Costs_TotalCost_PriorYearThree_val,Costs_TotalCost_PriorYearTwo_val,Costs_TotalCost_PriorYear_val,Costs_TotalCost_CurrentYear_val,Costs_TotalCost_BudgetYearOne_val,Costs_TotalCost_PriorYearTen_val,Costs_TotalCost_PriorYearFour_val,Costs_TotalCost_PriorYearEleven_val,Costs_TotalCost_PriorYearFive_val,Costs_TotalCost_PriorYearTwelve_val,@SOURCE_FILENAME,@RECORDID,@ROWID,@PARENTROWID,@PARENT
"TECH ENGINEERING SERVICES","10.772","10.828","11.142","10.314","10.52","","","","","","2018-BASE_PROCUREMENT-2018-NAVY_SHIPBUILDINGANDCOVERSION-U_PROCUREMENT_JustificationBook_Navy_PB_2018.zzz_unzipped-U_PROCUREMENT_JustificationBook_Navy_PB_2018.xml","e65faa6577a08f2ddf29b7d5454a13aa910b941ba87ebd505eb81f9f400deed2","0-296b3e7d17ea41755bcbf574873394527bbd929180e4581625b9ac8ef66a59f2","0-bd05dc986829ff2c8f7e1d47e0562a9c217eee75d807e0e2da5cfd0ef67f1d4c","root.record.ShipsExhibitList.P5ShipClass.CostElementCategories.HME.CostElementAnalysis.P35ItemList.P35Item"
"Technical Support Services","","","","","","1.485","","","","","2018-BASE_PROCUREMENT-2018-NAVY_SHIPBUILDINGANDCOVERSION-U_PROCUREMENT_JustificationBook_Navy_PB_2018.zzz_unzipped-U_PROCUREMENT_JustificationBook_Navy_PB_2018.xml","63a199acf2aec9803478e689b99e17d5ba8e6ed8eb7dfb080491db0b111af06e","0-987b5d5f3357418e953379e6347c3dbaa25b8e245f7f3ec5ebcff4836d2682f7","0-28acc5399e0dbb57a9cad0e673a09893afee34a1b533f6ae25433a56613daf66","root.record.ShipsExhibitList.P5ShipClass.CostElementCategories.HME.CostElementAnalysis.P35ItemList.P35Item"
"Other / NRE","","","","","","3.378","","","","","2018-BASE_PROCUREMENT-2018-NAVY_SHIPBUILDINGANDCOVERSION-U_PROCUREMENT_JustificationBook_Navy_PB_2018.zzz_unzipped-U_PROCUREMENT_JustificationBook_Navy_PB_2018.xml","63a199acf2aec9803478e689b99e17d5ba8e6ed8eb7dfb080491db0b111af06e","1-ecdba80a175cc1ccd37ef75f72b8fd06c37f78b69281cb95b00d88aa626b882f","0-28acc5399e0dbb57a9cad0e673a09893afee34a1b533f6ae25433a56613daf66","root.record.ShipsExhibitList.P5ShipClass.CostElementCategories.HME.CostElementAnalysis.P35ItemList.P35Item"
"TECH ENGINEERING SERVICES","10.772","10.828","11.142","10.314","10.52","","","","","","2018-BASE_PROCUREMENT-2018-NAVY_SHIPBUILDINGANDCOVERSION-U_PROCUREMENT_MasterJustificationBook_Navy_PB_2018.zzz_unzipped-U_PROCUREMENT_MasterJustificationBook_Navy_PB_2018.xml","b9b3c2143c11a13c8f2c4f97143714796c97d937a9c0d0bc447e53de4a529dc3","0-97209e6b3a1434489302a2139ee8a0eb78bbc328ed247c0c8a9b9421cc579564","0-7e8a880c79efca7c74cd488b3cf60cf7e4ed9894e8f234c5f166bfb997a93c2a","root.record.ShipsExhibitList.P5ShipClass.CostElementCategories.HME.CostElementAnalysis.P35ItemList.P35Item"
"Technical Support Services","","","","","","1.485","","","","","2018-BASE_PROCUREMENT-2018-NAVY_SHIPBUILDINGANDCOVERSION-U_PROCUREMENT_MasterJustificationBook_Navy_PB_2018.zzz_unzipped-U_PROCUREMENT_MasterJustificationBook_Navy_PB_2018.xml","cfcd2affcafe58149df6900b5bafde44d10bbb1934842da11d594bb3c352ff90","0-1a313d7c1adc2c9aa209a5a9ce39293d0f52fba5d3ccca3716310510659923e5","0-9ad9eff4cade10c187d08b34cf8c2be95974a8cd170af31abf6bc57fa02ba903","root.record.ShipsExhibitList.P5ShipClass.CostElementCategories.HME.CostElementAnalysis.P35ItemList.P35Item"
"Other / NRE","","","","","","3.378","","","","","2018-BASE_PROCUREMENT-2018-NAVY_SHIPBUILDINGANDCOVERSION-U_PROCUREMENT_MasterJustificationBook_Navy_PB_2018.zzz_unzipped-U_PROCUREMENT_MasterJustificationBook_Navy_PB_2018.xml","cfcd2affcafe58149df6900b5bafde44d10bbb1934842da11d594bb3c352ff90","1-29694c25f1c952ac467ddeb47c74aee9a6b0900750d1f91108879fbe0eebe033","0-9ad9eff4cade10c187d08b34cf8c2be95974a8cd170af31abf6bc57fa02ba903","root.record.ShipsExhibitList.P5ShipClass.CostElementCategories.HME.CostElementAnalysis.P35ItemList.P35Item"
"TECH ENGINEERING SERVICES","10.828","11.142","10.314","10.52","10.73","","10.772","","","","2019-BASE_PROCUREMENT-2019-NAVY_SHIPBUILDINGANDCOVERSION-U_PROCUREMENT_JustificationBook_Navy_PB_2019.zzz_unzipped-U_PROCUREMENT_JustificationBook_Navy_PB_2019.xml","26f7a9377367f4833fc97e7a760e9a2cc6323946d5bc9215f0843a3a55340edc","0-06e754210366662c63be35382aee4c1147be74f6a4b8987592b9df0c7333d937","0-a7fe98ddfb69b64fbceac3843fae0f282fd93ee080a6b699d22645819cb348a4","root.record.ShipsExhibitList.P5ShipClass.CostElementCategories.HME.CostElementAnalysis.P35ItemList.P35Item"
"Technical Support Services","","","","","","","","1.485","","","2019-BASE_PROCUREMENT-2019-NAVY_SHIPBUILDINGANDCOVERSION-U_PROCUREMENT_JustificationBook_Navy_PB_2019.zzz_unzipped-U_PROCUREMENT_JustificationBook_Navy_PB_2019.xml","384bbcfb660b583b57aa41ac827b7a4f96349bc3d635569d38c5399e81cf111b","0-d708a364e101f8292ad12e88cc09765fbc00c5e40795e658dc48242b47a2ccea","0-a13acce4f47ed08cef0fd4cc3a08732860702e3e5a4fc28c2ee31f82d18331b8","root.record.ShipsExhibitList.P5ShipClass.CostElementCategories.HME.CostElementAnalysis.P35ItemList.P35Item"
"Other / NRE","","","","","","","","3.378","","","2019-BASE_PROCUREMENT-2019-NAVY_SHIPBUILDINGANDCOVERSION-U_PROCUREMENT_JustificationBook_Navy_PB_2019.zzz_unzipped-U_PROCUREMENT_JustificationBook_Navy_PB_2019.xml","384bbcfb660b583b57aa41ac827b7a4f96349bc3d635569d38c5399e81cf111b","1-5caa97356070e55bd36bcd470ac5fd088959a3b3196e5507b4161b126069d1bc","0-a13acce4f47ed08cef0fd4cc3a08732860702e3e5a4fc28c2ee31f82d18331b8","root.record.ShipsExhibitList.P5ShipClass.CostElementCategories.HME.CostElementAnalysis.P35ItemList.P35Item"
"TECH ENGINEERING SERVICES","10.828","11.142","10.314","10.52","10.73","","10.772","","","","2019-BASE_PROCUREMENT-2019-NAVY_SHIPBUILDINGANDCOVERSION-U_PROCUREMENT_MasterJustificationBook_Navy_PB_2019.zzz_unzipped-U_PROCUREMENT_MasterJustificationBook_Navy_PB_2019.xml","cbe29039c7026c484c7be93d8dffc73f479957edddb0229a6b7ae1188f188bcd","0-6ac7961581e2c38c7905da67d640ff12b80ef8434b693b1247fa3440f7b1619f","0-dbbdc2c8d20d4792e9752ddef262ce8bdbcc04aa7c8d77a290117481b5df488d","root.record.ShipsExhibitList.P5ShipClass.CostElementCategories.HME.CostElementAnalysis.P35ItemList.P35Item"
"Technical Support Services","","","","","","","","1.485","","","2019-BASE_PROCUREMENT-2019-NAVY_SHIPBUILDINGANDCOVERSION-U_PROCUREMENT_MasterJustificationBook_Navy_PB_2019.zzz_unzipped-U_PROCUREMENT_MasterJustificationBook_Navy_PB_2019.xml","eb65c52dd93ce16c20d00a7266f3d388040779562cbb7747c2c0d892437bc207","0-c570ff5e5fb0d9543a54fff45f9ba732fbe1d09dc0da6c905f3176ea152dcfb0","0-c04bf19737df149718cdfc6df683844b65cf4bc29ccfe78703615add1d9b6e7e","root.record.ShipsExhibitList.P5ShipClass.CostElementCategories.HME.CostElementAnalysis.P35ItemList.P35Item"
"Other / NRE","","","","","","","","3.378","","","2019-BASE_PROCUREMENT-2019-NAVY_SHIPBUILDINGANDCOVERSION-U_PROCUREMENT_MasterJustificationBook_Navy_PB_2019.zzz_unzipped-U_PROCUREMENT_MasterJustificationBook_Navy_PB_2019.xml","eb65c52dd93ce16c20d00a7266f3d388040779562cbb7747c2c0d892437bc207","1-1ac3bb4bb27942e9156007e10efa8e98b338390783a42f3d88e2e9762a2a8ef1","0-c04bf19737df149718cdfc6df683844b65cf4bc29ccfe78703615add1d9b6e7e","root.record.ShipsExhibitList.P5ShipClass.CostElementCategories.HME.CostElementAnalysis.P35ItemList.P35Item"
"TECH ENGINEERING SERVICES","11.142","10.314","10.52","10.73","16.417","","10.828","","10.772","","2020-BASE_PROCUREMENT-2020-NAVY_SHIPBUILDINGANDCOVERSION-U_PROCUREMENT_JustificationBook_Navy_PB_2020.zzz_unzipped-U_PROCUREMENT_JustificationBook_Navy_PB_2020.xml","cc662e74a7de7213dcbbea2bd4856f29d0eced5cfd2f89546251c34f13f65079","0-be0befe1ed0e4eec394ed90259f49c36c31f6cad7d28337a6fc08b00999fe046","0-39bbd9874eb69edea64906a379f2780f773e2e22600e3b53a8c3e7206faf4e2c","root.record.ShipsExhibitList.P5ShipClass.CostElementCategories.HME.CostElementAnalysis.P35ItemList.P35Item"
"Technical Support Services","","","","","","","","","","6.126","2020-BASE_PROCUREMENT-2020-NAVY_SHIPBUILDINGANDCOVERSION-U_PROCUREMENT_JustificationBook_Navy_PB_2020.zzz_unzipped-U_PROCUREMENT_JustificationBook_Navy_PB_2020.xml","8644d6cf0ff072d3154c0109223402de2d9d8f52cc878b156fc73009c9601119","0-1c7b5460ed98a455293795dfe341e58d0628d51fb72705401be06f27181b7df2","0-ae57f189ac7df8157b2f35a50e3f4f88e0027850b26ba0014dde255a951cc425","root.record.ShipsExhibitList.P5ShipClass.CostElementCategories.HME.CostElementAnalysis.P35ItemList.P35Item"
"Other / NRE","","","","","","","","","","5.409","2020-BASE_PROCUREMENT-2020-NAVY_SHIPBUILDINGANDCOVERSION-U_PROCUREMENT_JustificationBook_Navy_PB_2020.zzz_unzipped-U_PROCUREMENT_JustificationBook_Navy_PB_2020.xml","8644d6cf0ff072d3154c0109223402de2d9d8f52cc878b156fc73009c9601119","1-37662f18076b327735b2f58186a0bb084112dda2bbe899f79182c288d58ab421","0-ae57f189ac7df8157b2f35a50e3f4f88e0027850b26ba0014dde255a951cc425","root.record.ShipsExhibitList.P5ShipClass.CostElementCategories.HME.CostElementAnalysis.P35ItemList.P35Item"
"TECH ENGINEERING SERVICES","11.142","10.314","10.52","10.73","16.417","","10.828","","10.772","","2020-BASE_PROCUREMENT-2020-NAVY_SHIPBUILDINGANDCOVERSION-U_PROCUREMENT_MasterJustificationBook_Navy_PB_2020.zzz_unzipped-U_PROCUREMENT_MasterJustificationBook_Navy_PB_2020.xml","6d2fd5af5b3d1649cd88586e00452843d436fea4cfb0f3c5af8f40c8bc8e1433","0-e42e39241dc86c303dce6a74ca4bdb7a6ef48379f5055d374b2c2053c52a64c6","0-4ba4c616915522f3821fcc4f645ace3ef3ebf18b6c03d6fff56af9590eac4fce","root.record.ShipsExhibitList.P5ShipClass.CostElementCategories.HME.CostElementAnalysis.P35ItemList.P35Item"
"Technical Support Services","","","","","","","","","","6.126","2020-BASE_PROCUREMENT-2020-NAVY_SHIPBUILDINGANDCOVERSION-U_PROCUREMENT_MasterJustificationBook_Navy_PB_2020.zzz_unzipped-U_PROCUREMENT_MasterJustificationBook_Navy_PB_2020.xml","fa505ec92f383fcc1ed15c617e66a7a22b7d4afe96a0183b867c4406bbfec040","0-fa6829d0d593a00da2810495c54d7ea3aa73178efcba19ed32edc07d99c94d60","0-b7dde489ebb6e344f9538f4a916278c3f16ae7081d1941bf699d41fe5f8a174d","root.record.ShipsExhibitList.P5ShipClass.CostElementCategories.HME.CostElementAnalysis.P35ItemList.P35Item"
"Other / NRE","","","","","","","","","","5.409","2020-BASE_PROCUREMENT-2020-NAVY_SHIPBUILDINGANDCOVERSION-U_PROCUREMENT_MasterJustificationBook_Navy_PB_2020.zzz_unzipped-U_PROCUREMENT_MasterJustificationBook_Navy_PB_2020.xml","fa505ec92f383fcc1ed15c617e66a7a22b7d4afe96a0183b867c4406bbfec040","1-8d8ec17897049762e938cd8229b38d1955beea1b6c68077e99cd361d3bbaddd0","0-b7dde489ebb6e344f9538f4a916278c3f16ae7081d1941bf699d41fe5f8a174d","root.record.ShipsExhibitList.P5ShipClass.CostElementCategories.HME.CostElementAnalysis.P35ItemList.P35Item"
