Name_val,Cost_AllPriorYears_TotalCost_val,Cost_PriorYear_UnitCost_val,Cost_PriorYear_Quantity_val,Cost_PriorYear_TotalCost_val,Cost_CurrentYear_TotalCost_val,Cost_CurrentYear_UnitCost_val,Cost_CurrentYear_Quantity_val,Cost_BudgetYearOneBase_TotalCost_val,Cost_BudgetYearOneBase_UnitCost_val,Cost_BudgetYearOneBase_Quantity_val,Cost_BudgetYearOneOCO_TotalCost_val,Cost_BudgetYearOne_TotalCost_val,Cost_BudgetYearOne_UnitCost_val,Cost_BudgetYearOne_Quantity_val,Cost_BudgetYearTwo_TotalCost_val,Cost_BudgetYearTwo_UnitCost_val,Cost_BudgetYearTwo_Quantity_val,Cost_BudgetYearThree_TotalCost_val,Cost_BudgetYearThree_UnitCost_val,Cost_BudgetYearThree_Quantity_val,Cost_BudgetYearFour_TotalCost_val,Cost_BudgetYearFour_UnitCost_val,Cost_BudgetYearFour_Quantity_val,Cost_BudgetYearFive_TotalCost_val,Cost_BudgetYearFive_UnitCost_val,Cost_BudgetYearFive_Quantity_val,Cost_ToComplete_UnitCost_val,Cost_ToComplete_Quantity_val,Cost_ToComplete_TotalCost_val,Cost_Total_UnitCost_val,Cost_Total_Quantity_val,Cost_Total_TotalCost_val,@SOURCE_FILENAME,@RECORDID,@ROWID,@PARENTROWID,@PARENT
"AFNET INC 1 - Prime Contract","0.000","0.002","18","0.043","0.000","","","0.000","","","0.000","0.000","","","0.000","","","0.000","","","0.000","","","0.000","","","0.000","0","0.000","0.002","18","0.043","2013-BASE_PROCUREMENT-2013-AIRFORCE_OTHER-JustificationBook_Air_Force_PB_2013.zzz_unzipped-JustificationBook_Air_Force_PB_2013.xml","04240ecded67f436ddb6efcd685c9ef6fa5f098a08de556a233272c39a14662f","0-80ef5abb37c871e01951563b76b115fefe73001bf1f52033f2789846e345b44d","0-f51ea4968383039a9dca11df547bbe0bf99bf68943a6d5a505a7669e08a6acac","root.record.ItemExhibitList.P5Item.CostElementCategoryList.Hardware.NonRecurring.CostElementList.CostElement"
"AFNET INC 1 - A & AS","0.000","","","2.323","0.000","","","0.000","","","0.000","0.000","","","0.000","","","0.000","","","0.000","","","0.000","","","","","0.000","","","2.323","2013-BASE_PROCUREMENT-2013-AIRFORCE_OTHER-JustificationBook_Air_Force_PB_2013.zzz_unzipped-JustificationBook_Air_Force_PB_2013.xml","04240ecded67f436ddb6efcd685c9ef6fa5f098a08de556a233272c39a14662f","1-70ceb1ee6c33a739fd26b8d047cc8a987fc3b1a193b3200bd2200e190a4a2557","0-f51ea4968383039a9dca11df547bbe0bf99bf68943a6d5a505a7669e08a6acac","root.record.ItemExhibitList.P5Item.CostElementCategoryList.Hardware.NonRecurring.CostElementList.CostElement"
"AFNET INC 1 - Other","0.000","","","7.581","0.000","","","0.000","","","0.000","0.000","","","0.000","","","0.000","","","0.000","","","0.000","","","","","0.000","","","7.581","2013-BASE_PROCUREMENT-2013-AIRFORCE_OTHER-JustificationBook_Air_Force_PB_2013.zzz_unzipped-JustificationBook_Air_Force_PB_2013.xml","04240ecded67f436ddb6efcd685c9ef6fa5f098a08de556a233272c39a14662f","2-2269b1c2622b4e17895b1640ea9dfe5d3219d3dc88f57bcb069a07f1dbe43343","0-f51ea4968383039a9dca11df547bbe0bf99bf68943a6d5a505a7669e08a6acac","root.record.ItemExhibitList.P5Item.CostElementCategoryList.Hardware.NonRecurring.CostElementList.CostElement"
"AFNET INC 2 - Prime Contract","0.000","0.811","45","36.484","27.202","0.486","56","44.595","0.409","109","0.000","44.595","0.409","109","15.896","0.568","28","13.651","0.268","51","7.995","0.286","28","9.133","0.761","12","0.000","0","0.000","0.471","329","154.956","2013-BASE_PROCUREMENT-2013-AIRFORCE_OTHER-JustificationBook_Air_Force_PB_2013.zzz_unzipped-JustificationBook_Air_Force_PB_2013.xml","04240ecded67f436ddb6efcd685c9ef6fa5f098a08de556a233272c39a14662f","0-0de5bd89b77374339b069967f836c411a96ca7b1139eafb091a46ab224d9bc89","1-3a8917ad0561eec68fe56fc881ae77d646bf48845b73f0da3f394ca553955714","root.record.ItemExhibitList.P5Item.CostElementCategoryList.Hardware.NonRecurring.CostElementList.CostElement"
"AFNET INC 2 - A & AS","0.000","","","2.515","2.496","","","2.089","","","0.000","2.089","","","1.954","","","1.925","","","1.024","","","1.043","","","","","0.000","","","13.046","2013-BASE_PROCUREMENT-2013-AIRFORCE_OTHER-JustificationBook_Air_Force_PB_2013.zzz_unzipped-JustificationBook_Air_Force_PB_2013.xml","04240ecded67f436ddb6efcd685c9ef6fa5f098a08de556a233272c39a14662f","1-6ccf6cf5bf1f6966d1375bac10b914b4c9e263ee4dce55852d84e5bb3eb86074","1-3a8917ad0561eec68fe56fc881ae77d646bf48845b73f0da3f394ca553955714","root.record.ItemExhibitList.P5Item.CostElementCategoryList.Hardware.NonRecurring.CostElementList.CostElement"
"AFNET INC 2 - Other","0.000","","","11.208","4.726","","","3.763","","","0.000","3.763","","","2.823","","","2.706","","","1.48","","","1.506","","","","","0.000","","","28.212","2013-BASE_PROCUREMENT-2013-AIRFORCE_OTHER-JustificationBook_Air_Force_PB_2013.zzz_unzipped-JustificationBook_Air_Force_PB_2013.xml","04240ecded67f436ddb6efcd685c9ef6fa5f098a08de556a233272c39a14662f","2-a79e5f519938b0d418cb958ea4a57e62922f3f260fea9322a8acde74f8fdcaae","1-3a8917ad0561eec68fe56fc881ae77d646bf48845b73f0da3f394ca553955714","root.record.ItemExhibitList.P5Item.CostElementCategoryList.Hardware.NonRecurring.CostElementList.CostElement"
"AFNET INC 3 - Prime Contract","0.000","","","4.076","12.97","0.102","127","22.341","0.302","74","0.000","22.341","0.302","74","0.000","","","0.000","","","0.000","","","0.000","","","0.000","0","0.000","0.196","201","39.387","2013-BASE_PROCUREMENT-2013-AIRFORCE_OTHER-JustificationBook_Air_Force_PB_2013.zzz_unzipped-JustificationBook_Air_Force_PB_2013.xml","04240ecded67f436ddb6efcd685c9ef6fa5f098a08de556a233272c39a14662f","0-cfdb0f0ac83e842330e451a7bc9c1b3697db7adeaf5b70967d3a6f60339dc5ab","2-8db49ef17ba32cb0cef8e25cf904becae83764ab40a810d188d36d021d269711","root.record.ItemExhibitList.P5Item.CostElementCategoryList.Hardware.NonRecurring.CostElementList.CostElement"
"AFNET Inc 3 - A & AS","0.000","","","0.551","0.000","","","0.000","","","0.000","0.000","","","0.000","","","0.000","","","0.000","","","0.000","","","","","0.000","","","0.551","2013-BASE_PROCUREMENT-2013-AIRFORCE_OTHER-JustificationBook_Air_Force_PB_2013.zzz_unzipped-JustificationBook_Air_Force_PB_2013.xml","04240ecded67f436ddb6efcd685c9ef6fa5f098a08de556a233272c39a14662f","1-2d33785badd2e2290d333184d33be79a8a8bc72fd928f7b6048a02f6f4f49979","2-8db49ef17ba32cb0cef8e25cf904becae83764ab40a810d188d36d021d269711","root.record.ItemExhibitList.P5Item.CostElementCategoryList.Hardware.NonRecurring.CostElementList.CostElement"
"AFNET INC 3 - Other","0.000","","","0.136","1.667","","","0.62","","","0.000","0.62","","","0.000","","","0.000","","","0.000","","","0.000","","","","","0.000","","","2.423","2013-BASE_PROCUREMENT-2013-AIRFORCE_OTHER-JustificationBook_Air_Force_PB_2013.zzz_unzipped-JustificationBook_Air_Force_PB_2013.xml","04240ecded67f436ddb6efcd685c9ef6fa5f098a08de556a233272c39a14662f","2-590bd436646ce203f3574ee442c512f71cfd005455acf8ec069a88503fc2ccc9","2-8db49ef17ba32cb0cef8e25cf904becae83764ab40a810d188d36d021d269711","root.record.ItemExhibitList.P5Item.CostElementCategoryList.Hardware.NonRecurring.CostElementList.CostElement"
"Host Based Security System - Prime Contract","0.000","","","0.000","0.000","","","6.375","0.06","106","0.000","6.375","0.06","106","6.603","0.062","106","12.304","0.116","106","14.477","0.137","106","11.25","0.106","106","0.000","0","0.000","0.096","530","51.009","2013-BASE_PROCUREMENT-2013-AIRFORCE_OTHER-JustificationBook_Air_Force_PB_2013.zzz_unzipped-JustificationBook_Air_Force_PB_2013.xml","04240ecded67f436ddb6efcd685c9ef6fa5f098a08de556a233272c39a14662f","0-992cc3107c3f10760657ed91382e97e45a955e51ca802beb040022206b2ded6c","3-b8fd51d5a2870e64685c6dc69c13a95529d6bfc8e6ef9dae2b10d59c5faedd70","root.record.ItemExhibitList.P5Item.CostElementCategoryList.Hardware.NonRecurring.CostElementList.CostElement"
"Host Based Security System - A & AS","0.000","","","0.000","0.513","","","0.554","","","0.000","0.554","","","0.407","","","0.416","","","0.426","","","0.439","","","","","0.000","","","2.755","2013-BASE_PROCUREMENT-2013-AIRFORCE_OTHER-JustificationBook_Air_Force_PB_2013.zzz_unzipped-JustificationBook_Air_Force_PB_2013.xml","04240ecded67f436ddb6efcd685c9ef6fa5f098a08de556a233272c39a14662f","1-20a0a8905c70e7dbca28956324efdcad90940ce96421142f7558512d9610bf8f","3-b8fd51d5a2870e64685c6dc69c13a95529d6bfc8e6ef9dae2b10d59c5faedd70","root.record.ItemExhibitList.P5Item.CostElementCategoryList.Hardware.NonRecurring.CostElementList.CostElement"
"Host Based Security System - Other","0.000","","","0.000","2.222","","","2.554","","","0.000","2.554","","","4.235","","","2.365","","","0.366","","","3.818","","","","","0.000","","","15.56","2013-BASE_PROCUREMENT-2013-AIRFORCE_OTHER-JustificationBook_Air_Force_PB_2013.zzz_unzipped-JustificationBook_Air_Force_PB_2013.xml","04240ecded67f436ddb6efcd685c9ef6fa5f098a08de556a233272c39a14662f","2-38553fa16a4a51540df8ac52d3c9d27fbaec024fae25824f3a1d455d3b577c7a","3-b8fd51d5a2870e64685c6dc69c13a95529d6bfc8e6ef9dae2b10d59c5faedd70","root.record.ItemExhibitList.P5Item.CostElementCategoryList.Hardware.NonRecurring.CostElementList.CostElement"
"HBSS Support","0.000","","","0.000","0.000","","","0.000","","","0.000","0.000","","","0.529","","","0.604","","","0.689","","","0.718","","","","","0.000","","","2.54","2013-BASE_PROCUREMENT-2013-AIRFORCE_OTHER-JustificationBook_Air_Force_PB_2013.zzz_unzipped-JustificationBook_Air_Force_PB_2013.xml","04240ecded67f436ddb6efcd685c9ef6fa5f098a08de556a233272c39a14662f","3-2b2f45a3e098328753d743ac3b7c9dec7b43016cff191a58711a4b6a4a983dd3","3-b8fd51d5a2870e64685c6dc69c13a95529d6bfc8e6ef9dae2b10d59c5faedd70","root.record.ItemExhibitList.P5Item.CostElementCategoryList.Hardware.NonRecurring.CostElementList.CostElement"
"VLMS - Prime Contract","0.000","","","0.000","0.000","","","2.191","0.049","45","0.000","2.191","0.049","45","0.000","","","0.000","","","0.000","","","0.000","","","0.000","0","0.000","0.049","45","2.191","2013-BASE_PROCUREMENT-2013-AIRFORCE_OTHER-JustificationBook_Air_Force_PB_2013.zzz_unzipped-JustificationBook_Air_Force_PB_2013.xml","04240ecded67f436ddb6efcd685c9ef6fa5f098a08de556a233272c39a14662f","0-9279e292810ac21fd9c8b3e0aab9cc99e09ca6d478b7c50d197531c75a17de30","4-df776c167e7fce6ccd2dfb076d3baa478be5c8556d933a42ebcb835e473eec77","root.record.ItemExhibitList.P5Item.CostElementCategoryList.Hardware.NonRecurring.CostElementList.CostElement"
"VLMS - A & AS","0.000","","","0.000","1.318","","","1.34","","","0.000","1.34","","","1.363","","","0.000","","","0.000","","","0.000","","","","","0.000","","","4.021","2013-BASE_PROCUREMENT-2013-AIRFORCE_OTHER-JustificationBook_Air_Force_PB_2013.zzz_unzipped-JustificationBook_Air_Force_PB_2013.xml","04240ecded67f436ddb6efcd685c9ef6fa5f098a08de556a233272c39a14662f","1-c31db3f2dc9124ea8a3ac5fe9ed3216b42de14af1d5376d03c42858e6201a8d1","4-df776c167e7fce6ccd2dfb076d3baa478be5c8556d933a42ebcb835e473eec77","root.record.ItemExhibitList.P5Item.CostElementCategoryList.Hardware.NonRecurring.CostElementList.CostElement"
"VLMS - Other","0.000","","","0.000","1.568","","","5.669","","","0.000","5.669","","","3.488","","","0.000","","","0.000","","","0.000","","","","","0.000","","","10.725","2013-BASE_PROCUREMENT-2013-AIRFORCE_OTHER-JustificationBook_Air_Force_PB_2013.zzz_unzipped-JustificationBook_Air_Force_PB_2013.xml","04240ecded67f436ddb6efcd685c9ef6fa5f098a08de556a233272c39a14662f","2-8ff74d06148840597697e2d975fb84264796c0fab99449436d8bca19daf444b8","4-df776c167e7fce6ccd2dfb076d3baa478be5c8556d933a42ebcb835e473eec77","root.record.ItemExhibitList.P5Item.CostElementCategoryList.Hardware.NonRecurring.CostElementList.CostElement"
"AFNET Support - Prime Contract","0.000","","","0.000","33.208","1.845","18","18.589","1.033","18","0.000","18.589","1.033","18","57.395","3.189","18","87.12","4.84","18","77.131","4.285","18","77.167","4.287","18","0.000","0","0.000","3.246","108","350.61","2013-BASE_PROCUREMENT-2013-AIRFORCE_OTHER-JustificationBook_Air_Force_PB_2013.zzz_unzipped-JustificationBook_Air_Force_PB_2013.xml","04240ecded67f436ddb6efcd685c9ef6fa5f098a08de556a233272c39a14662f","0-453eaa0701ffb4610ec05d53f054df2526e86ff1c3cd1bb97fdab23b3ddd92bd","5-997a44c38aa1de241a3e48b023dee527c8814d2f8fb8c0113e3207c455c142d6","root.record.ItemExhibitList.P5Item.CostElementCategoryList.Hardware.NonRecurring.CostElementList.CostElement"
"AFNET SUPPORT - Hardware/Software Support","0.000","","","0.000","29.413","0.275","107","1.037","0.01","107","0.000","1.037","0.01","107","50.257","0.47","107","53.62","0.501","107","53.907","0.504","107","54.22","0.507","107","0.000","0","0.000","0.378","642","242.454","2013-BASE_PROCUREMENT-2013-AIRFORCE_OTHER-JustificationBook_Air_Force_PB_2013.zzz_unzipped-JustificationBook_Air_Force_PB_2013.xml","04240ecded67f436ddb6efcd685c9ef6fa5f098a08de556a233272c39a14662f","1-0137bb00f5bbc6925e1ed06946efd1a88518da56a42c1c9d07d72d695bdf5365","5-997a44c38aa1de241a3e48b023dee527c8814d2f8fb8c0113e3207c455c142d6","root.record.ItemExhibitList.P5Item.CostElementCategoryList.Hardware.NonRecurring.CostElementList.CostElement"
"AFNet Support - A & AS","0.000","","","0.000","1.993","","","2.025","","","0.000","2.025","","","2.058","","","2.091","","","2.125","","","2.159","","","","","0.000","","","12.451","2013-BASE_PROCUREMENT-2013-AIRFORCE_OTHER-JustificationBook_Air_Force_PB_2013.zzz_unzipped-JustificationBook_Air_Force_PB_2013.xml","04240ecded67f436ddb6efcd685c9ef6fa5f098a08de556a233272c39a14662f","2-7ce80baa50b251d3c1c57420bb5265330a37a5c2fa4252f63a57837defab0227","5-997a44c38aa1de241a3e48b023dee527c8814d2f8fb8c0113e3207c455c142d6","root.record.ItemExhibitList.P5Item.CostElementCategoryList.Hardware.NonRecurring.CostElementList.CostElement"
"AFNET Support - Other","0.000","","","0.000","9.169","","","12.046","","","0.000","12.046","","","10.518","","","11.279","","","11.758","","","13.326","","","","","0.000","","","68.096","2013-BASE_PROCUREMENT-2013-AIRFORCE_OTHER-JustificationBook_Air_Force_PB_2013.zzz_unzipped-JustificationBook_Air_Force_PB_2013.xml","04240ecded67f436ddb6efcd685c9ef6fa5f098a08de556a233272c39a14662f","3-82efaa992daa669f550cffc29fad1c7d0fbd57eebc88c40eaa586d34cf3adb13","5-997a44c38aa1de241a3e48b023dee527c8814d2f8fb8c0113e3207c455c142d6","root.record.ItemExhibitList.P5Item.CostElementCategoryList.Hardware.NonRecurring.CostElementList.CostElement"
"DaR - Prime Contract","0.000","","","7.196","0.000","","","0.000","","","0.000","0.000","","","0.000","","","0.000","","","0.000","","","0.000","","","","","0.000","","","7.196","2013-BASE_PROCUREMENT-2013-AIRFORCE_OTHER-JustificationBook_Air_Force_PB_2013.zzz_unzipped-JustificationBook_Air_Force_PB_2013.xml","04240ecded67f436ddb6efcd685c9ef6fa5f098a08de556a233272c39a14662f","0-6baf36414d1d3ba1dd4d85a16460438f22bc2ed8f82e096d90b0fd53459afa3e","6-a09a65aa538437e2ec96e314f022152cae3a4fbfa45d811ecd8fad4e29f092f7","root.record.ItemExhibitList.P5Item.CostElementCategoryList.Hardware.NonRecurring.CostElementList.CostElement"
"DaR- A & AS","0.000","","","1.134","0.000","","","0.000","","","0.000","0.000","","","0.000","","","0.000","","","0.000","","","0.000","","","","","0.000","","","1.134","2013-BASE_PROCUREMENT-2013-AIRFORCE_OTHER-JustificationBook_Air_Force_PB_2013.zzz_unzipped-JustificationBook_Air_Force_PB_2013.xml","04240ecded67f436ddb6efcd685c9ef6fa5f098a08de556a233272c39a14662f","1-352c6bf3f9fe39a75aab01e6a7b1c3a1d1a2dbd7c02a8a8a315c9872c83c54ba","6-a09a65aa538437e2ec96e314f022152cae3a4fbfa45d811ecd8fad4e29f092f7","root.record.ItemExhibitList.P5Item.CostElementCategoryList.Hardware.NonRecurring.CostElementList.CostElement"
"DaR - Other","0.000","","","0.88","0.000","","","0.000","","","0.000","0.000","","","0.000","","","0.000","","","0.000","","","0.000","","","","","0.000","","","0.88","2013-BASE_PROCUREMENT-2013-AIRFORCE_OTHER-JustificationBook_Air_Force_PB_2013.zzz_unzipped-JustificationBook_Air_Force_PB_2013.xml","04240ecded67f436ddb6efcd685c9ef6fa5f098a08de556a233272c39a14662f","2-7536ba28d143b9e2c0e6f9c13b181cc2566b0686f27ab70c9d4b0f4fb8f61fed","6-a09a65aa538437e2ec96e314f022152cae3a4fbfa45d811ecd8fad4e29f092f7","root.record.ItemExhibitList.P5Item.CostElementCategoryList.Hardware.NonRecurring.CostElementList.CostElement"
"VULNERABILITY LIFECYCLE MANAGEMENT SYSTEMS (VLMS) - Prime Contract","0.000","0.205","47","9.62","0.000","","","0.000","","","0.000","0.000","","","0.000","","","0.000","","","0.000","","","0.000","","","0.000","0","0.000","0.205","47","9.62","2013-BASE_PROCUREMENT-2013-AIRFORCE_OTHER-JustificationBook_Air_Force_PB_2013.zzz_unzipped-JustificationBook_Air_Force_PB_2013.xml","04240ecded67f436ddb6efcd685c9ef6fa5f098a08de556a233272c39a14662f","0-e924d80d4b650988c0464cdc90dfc9a676faaa3265f5938327165e35f1481040","7-11c6dc5dcfb045c630201270c5487db4dc71a50f5989f56f7c8b388946575693","root.record.ItemExhibitList.P5Item.CostElementCategoryList.Hardware.NonRecurring.CostElementList.CostElement"
"VLMS - A & AS","0.000","","","1.306","0.000","","","0.000","","","0.000","0.000","","","0.000","","","0.000","","","0.000","","","0.000","","","","","0.000","","","1.306","2013-BASE_PROCUREMENT-2013-AIRFORCE_OTHER-JustificationBook_Air_Force_PB_2013.zzz_unzipped-JustificationBook_Air_Force_PB_2013.xml","04240ecded67f436ddb6efcd685c9ef6fa5f098a08de556a233272c39a14662f","1-52241c091bf678966342361bce3b6630b9fa494182f549287fb8fbe5a4401afa","7-11c6dc5dcfb045c630201270c5487db4dc71a50f5989f56f7c8b388946575693","root.record.ItemExhibitList.P5Item.CostElementCategoryList.Hardware.NonRecurring.CostElementList.CostElement"
"VLMS - Other","0.000","","","6.084","0.000","","","0.000","","","0.000","0.000","","","0.000","","","0.000","","","0.000","","","0.000","","","","","0.000","","","6.084","2013-BASE_PROCUREMENT-2013-AIRFORCE_OTHER-JustificationBook_Air_Force_PB_2013.zzz_unzipped-JustificationBook_Air_Force_PB_2013.xml","04240ecded67f436ddb6efcd685c9ef6fa5f098a08de556a233272c39a14662f","2-c3354118d296d4d3ae60216309f71fdbfd5727f6893cd96272ef70b9fbc74a4e","7-11c6dc5dcfb045c630201270c5487db4dc71a50f5989f56f7c8b388946575693","root.record.ItemExhibitList.P5Item.CostElementCategoryList.Hardware.NonRecurring.CostElementList.CostElement"
"AFNET INC 1 - Prime Contract","0.000","0.002","18","0.043","0.000","","","0.000","","","0.000","0.000","","","0.000","","","0.000","","","0.000","","","0.000","","","0.000","0","0.000","0.002","18","0.043","2013-BASE_PROCUREMENT-2013-AIRFORCE_OTHER-MasterJustificationBook_Air_Force_PB_2013.zzz_unzipped-MasterJustificationBook_Air_Force_PB_2013.xml","ebc9405b73ff930fed2756aa4bd842622b5bee610d3cd07c19cc24c5aa0f5678","0-97a6b51f96fe565fb842a8a309a8ae9e159a72028417ee1a2ed8651edd61c7ac","0-c26eee1bb2d9a912ff10d4f17f15feb70ec98acfabd2ca4eaf3141af5e9f5dad","root.record.ItemExhibitList.P5Item.CostElementCategoryList.Hardware.NonRecurring.CostElementList.CostElement"
"AFNET INC 1 - A & AS","0.000","","","2.323","0.000","","","0.000","","","0.000","0.000","","","0.000","","","0.000","","","0.000","","","0.000","","","","","0.000","","","2.323","2013-BASE_PROCUREMENT-2013-AIRFORCE_OTHER-MasterJustificationBook_Air_Force_PB_2013.zzz_unzipped-MasterJustificationBook_Air_Force_PB_2013.xml","ebc9405b73ff930fed2756aa4bd842622b5bee610d3cd07c19cc24c5aa0f5678","1-9f2b89d60e4979ce643ab5b346c557e1c0113c64208ed79791cd522e08dd7083","0-c26eee1bb2d9a912ff10d4f17f15feb70ec98acfabd2ca4eaf3141af5e9f5dad","root.record.ItemExhibitList.P5Item.CostElementCategoryList.Hardware.NonRecurring.CostElementList.CostElement"
"AFNET INC 1 - Other","0.000","","","7.581","0.000","","","0.000","","","0.000","0.000","","","0.000","","","0.000","","","0.000","","","0.000","","","","","0.000","","","7.581","2013-BASE_PROCUREMENT-2013-AIRFORCE_OTHER-MasterJustificationBook_Air_Force_PB_2013.zzz_unzipped-MasterJustificationBook_Air_Force_PB_2013.xml","ebc9405b73ff930fed2756aa4bd842622b5bee610d3cd07c19cc24c5aa0f5678","2-d76468b24351328f5ad82cc732ffefd6b4ba1aab6c694d9870180c0e17c89226","0-c26eee1bb2d9a912ff10d4f17f15feb70ec98acfabd2ca4eaf3141af5e9f5dad","root.record.ItemExhibitList.P5Item.CostElementCategoryList.Hardware.NonRecurring.CostElementList.CostElement"
"AFNET INC 2 - Prime Contract","0.000","0.811","45","36.484","27.202","0.486","56","44.595","0.409","109","0.000","44.595","0.409","109","15.896","0.568","28","13.651","0.268","51","7.995","0.286","28","9.133","0.761","12","0.000","0","0.000","0.471","329","154.956","2013-BASE_PROCUREMENT-2013-AIRFORCE_OTHER-MasterJustificationBook_Air_Force_PB_2013.zzz_unzipped-MasterJustificationBook_Air_Force_PB_2013.xml","ebc9405b73ff930fed2756aa4bd842622b5bee610d3cd07c19cc24c5aa0f5678","0-a0eafaad89dea6c336d5e7d54a1e85f859a45108d30a643c3ac6282d0fcf480a","1-dae89e0ae79e8a40bca7d01b13f07198d96b81b8a01b487b290e4f3350eb2023","root.record.ItemExhibitList.P5Item.CostElementCategoryList.Hardware.NonRecurring.CostElementList.CostElement"
"AFNET INC 2 - A & AS","0.000","","","2.515","2.496","","","2.089","","","0.000","2.089","","","1.954","","","1.925","","","1.024","","","1.043","","","","","0.000","","","13.046","2013-BASE_PROCUREMENT-2013-AIRFORCE_OTHER-MasterJustificationBook_Air_Force_PB_2013.zzz_unzipped-MasterJustificationBook_Air_Force_PB_2013.xml","ebc9405b73ff930fed2756aa4bd842622b5bee610d3cd07c19cc24c5aa0f5678","1-c9f745c02a6f011114e7635d2158336bded451b1a9087d9b12b49a0ce5f9b2b1","1-dae89e0ae79e8a40bca7d01b13f07198d96b81b8a01b487b290e4f3350eb2023","root.record.ItemExhibitList.P5Item.CostElementCategoryList.Hardware.NonRecurring.CostElementList.CostElement"
"AFNET INC 2 - Other","0.000","","","11.208","4.726","","","3.763","","","0.000","3.763","","","2.823","","","2.706","","","1.48","","","1.506","","","","","0.000","","","28.212","2013-BASE_PROCUREMENT-2013-AIRFORCE_OTHER-MasterJustificationBook_Air_Force_PB_2013.zzz_unzipped-MasterJustificationBook_Air_Force_PB_2013.xml","ebc9405b73ff930fed2756aa4bd842622b5bee610d3cd07c19cc24c5aa0f5678","2-f5af4487f9a5ea1eb648619c4c65926e848f64c55f01c0235fb1ef6536b52b85","1-dae89e0ae79e8a40bca7d01b13f07198d96b81b8a01b487b290e4f3350eb2023","root.record.ItemExhibitList.P5Item.CostElementCategoryList.Hardware.NonRecurring.CostElementList.CostElement"
"AFNET INC 3 - Prime Contract","0.000","","","4.076","12.97","0.102","127","22.341","0.302","74","0.000","22.341","0.302","74","0.000","","","0.000","","","0.000","","","0.000","","","0.000","0","0.000","0.196","201","39.387","2013-BASE_PROCUREMENT-2013-AIRFORCE_OTHER-MasterJustificationBook_Air_Force_PB_2013.zzz_unzipped-MasterJustificationBook_Air_Force_PB_2013.xml","ebc9405b73ff930fed2756aa4bd842622b5bee610d3cd07c19cc24c5aa0f5678","0-e2bb0e25838b5edc8260f53058107c5f464ea412ba8092b8a66430005eaa0338","2-0c4cb091c8dd49412a48d2bad1b5941ba8507dacd56524acd2faac73d29dc068","root.record.ItemExhibitList.P5Item.CostElementCategoryList.Hardware.NonRecurring.CostElementList.CostElement"
"AFNET Inc 3 - A & AS","0.000","","","0.551","0.000","","","0.000","","","0.000","0.000","","","0.000","","","0.000","","","0.000","","","0.000","","","","","0.000","","","0.551","2013-BASE_PROCUREMENT-2013-AIRFORCE_OTHER-MasterJustificationBook_Air_Force_PB_2013.zzz_unzipped-MasterJustificationBook_Air_Force_PB_2013.xml","ebc9405b73ff930fed2756aa4bd842622b5bee610d3cd07c19cc24c5aa0f5678","1-b81691b5592842a34f534666059c8e9e8d690a58690a7f0a3557bfd164d201b3","2-0c4cb091c8dd49412a48d2bad1b5941ba8507dacd56524acd2faac73d29dc068","root.record.ItemExhibitList.P5Item.CostElementCategoryList.Hardware.NonRecurring.CostElementList.CostElement"
"AFNET INC 3 - Other","0.000","","","0.136","1.667","","","0.62","","","0.000","0.62","","","0.000","","","0.000","","","0.000","","","0.000","","","","","0.000","","","2.423","2013-BASE_PROCUREMENT-2013-AIRFORCE_OTHER-MasterJustificationBook_Air_Force_PB_2013.zzz_unzipped-MasterJustificationBook_Air_Force_PB_2013.xml","ebc9405b73ff930fed2756aa4bd842622b5bee610d3cd07c19cc24c5aa0f5678","2-2d9c4e3dcf63b89217b0779b4a802d264f0a7bfbafa9fa6d41e4648c70cdace6","2-0c4cb091c8dd49412a48d2bad1b5941ba8507dacd56524acd2faac73d29dc068","root.record.ItemExhibitList.P5Item.CostElementCategoryList.Hardware.NonRecurring.CostElementList.CostElement"
"Host Based Security System - Prime Contract","0.000","","","0.000","0.000","","","6.375","0.06","106","0.000","6.375","0.06","106","6.603","0.062","106","12.304","0.116","106","14.477","0.137","106","11.25","0.106","106","0.000","0","0.000","0.096","530","51.009","2013-BASE_PROCUREMENT-2013-AIRFORCE_OTHER-MasterJustificationBook_Air_Force_PB_2013.zzz_unzipped-MasterJustificationBook_Air_Force_PB_2013.xml","ebc9405b73ff930fed2756aa4bd842622b5bee610d3cd07c19cc24c5aa0f5678","0-b4ce743fc89f122a9cda08321a9d8749e81b21b2557eaa4d687f7b5d4f03d904","3-8d27face0628ef8c0e9bf3b6b60f05a864cf27455b23e2f3cf3f9e29a42fdb33","root.record.ItemExhibitList.P5Item.CostElementCategoryList.Hardware.NonRecurring.CostElementList.CostElement"
"Host Based Security System - A & AS","0.000","","","0.000","0.513","","","0.554","","","0.000","0.554","","","0.407","","","0.416","","","0.426","","","0.439","","","","","0.000","","","2.755","2013-BASE_PROCUREMENT-2013-AIRFORCE_OTHER-MasterJustificationBook_Air_Force_PB_2013.zzz_unzipped-MasterJustificationBook_Air_Force_PB_2013.xml","ebc9405b73ff930fed2756aa4bd842622b5bee610d3cd07c19cc24c5aa0f5678","1-7990cbbce7117e77806d4986eeade45564c9817d67f515b53f0f31ac4b1f4db4","3-8d27face0628ef8c0e9bf3b6b60f05a864cf27455b23e2f3cf3f9e29a42fdb33","root.record.ItemExhibitList.P5Item.CostElementCategoryList.Hardware.NonRecurring.CostElementList.CostElement"
"Host Based Security System - Other","0.000","","","0.000","2.222","","","2.554","","","0.000","2.554","","","4.235","","","2.365","","","0.366","","","3.818","","","","","0.000","","","15.56","2013-BASE_PROCUREMENT-2013-AIRFORCE_OTHER-MasterJustificationBook_Air_Force_PB_2013.zzz_unzipped-MasterJustificationBook_Air_Force_PB_2013.xml","ebc9405b73ff930fed2756aa4bd842622b5bee610d3cd07c19cc24c5aa0f5678","2-8904c737117dbad9df1fc54082a1fc0ea7581cd648de91ace4f67290b57efa78","3-8d27face0628ef8c0e9bf3b6b60f05a864cf27455b23e2f3cf3f9e29a42fdb33","root.record.ItemExhibitList.P5Item.CostElementCategoryList.Hardware.NonRecurring.CostElementList.CostElement"
"HBSS Support","0.000","","","0.000","0.000","","","0.000","","","0.000","0.000","","","0.529","","","0.604","","","0.689","","","0.718","","","","","0.000","","","2.54","2013-BASE_PROCUREMENT-2013-AIRFORCE_OTHER-MasterJustificationBook_Air_Force_PB_2013.zzz_unzipped-MasterJustificationBook_Air_Force_PB_2013.xml","ebc9405b73ff930fed2756aa4bd842622b5bee610d3cd07c19cc24c5aa0f5678","3-a798f4a3be6b45907cf2ad67d6e13a17f8ac7d1661e753e93982b273d065b3c4","3-8d27face0628ef8c0e9bf3b6b60f05a864cf27455b23e2f3cf3f9e29a42fdb33","root.record.ItemExhibitList.P5Item.CostElementCategoryList.Hardware.NonRecurring.CostElementList.CostElement"
"VLMS - Prime Contract","0.000","","","0.000","0.000","","","2.191","0.049","45","0.000","2.191","0.049","45","0.000","","","0.000","","","0.000","","","0.000","","","0.000","0","0.000","0.049","45","2.191","2013-BASE_PROCUREMENT-2013-AIRFORCE_OTHER-MasterJustificationBook_Air_Force_PB_2013.zzz_unzipped-MasterJustificationBook_Air_Force_PB_2013.xml","ebc9405b73ff930fed2756aa4bd842622b5bee610d3cd07c19cc24c5aa0f5678","0-dd3f04d16f8f57200df91f45a7dc832060b2f866318dd1573e8a5972f65dd63a","4-bc58c10528b3da3409cd58f6eac5fd2c742a9d7734a8c8f264e312e3a5b39ab2","root.record.ItemExhibitList.P5Item.CostElementCategoryList.Hardware.NonRecurring.CostElementList.CostElement"
"VLMS - A & AS","0.000","","","0.000","1.318","","","1.34","","","0.000","1.34","","","1.363","","","0.000","","","0.000","","","0.000","","","","","0.000","","","4.021","2013-BASE_PROCUREMENT-2013-AIRFORCE_OTHER-MasterJustificationBook_Air_Force_PB_2013.zzz_unzipped-MasterJustificationBook_Air_Force_PB_2013.xml","ebc9405b73ff930fed2756aa4bd842622b5bee610d3cd07c19cc24c5aa0f5678","1-9bbc60699e999d12c1f77f478ff437ec0e20748a7a969b86f0146c2a5c81d5cf","4-bc58c10528b3da3409cd58f6eac5fd2c742a9d7734a8c8f264e312e3a5b39ab2","root.record.ItemExhibitList.P5Item.CostElementCategoryList.Hardware.NonRecurring.CostElementList.CostElement"
"VLMS - Other","0.000","","","0.000","1.568","","","5.669","","","0.000","5.669","","","3.488","","","0.000","","","0.000","","","0.000","","","","","0.000","","","10.725","2013-BASE_PROCUREMENT-2013-AIRFORCE_OTHER-MasterJustificationBook_Air_Force_PB_2013.zzz_unzipped-MasterJustificationBook_Air_Force_PB_2013.xml","ebc9405b73ff930fed2756aa4bd842622b5bee610d3cd07c19cc24c5aa0f5678","2-0cc9b72c0f8eab78e9408df17aac99cc6052f1d20937b9f27067bb76f83eeb73","4-bc58c10528b3da3409cd58f6eac5fd2c742a9d7734a8c8f264e312e3a5b39ab2","root.record.ItemExhibitList.P5Item.CostElementCategoryList.Hardware.NonRecurring.CostElementList.CostElement"
"AFNET Support - Prime Contract","0.000","","","0.000","33.208","1.845","18","18.589","1.033","18","0.000","18.589","1.033","18","57.395","3.189","18","87.12","4.84","18","77.131","4.285","18","77.167","4.287","18","0.000","0","0.000","3.246","108","350.61","2013-BASE_PROCUREMENT-2013-AIRFORCE_OTHER-MasterJustificationBook_Air_Force_PB_2013.zzz_unzipped-MasterJustificationBook_Air_Force_PB_2013.xml","ebc9405b73ff930fed2756aa4bd842622b5bee610d3cd07c19cc24c5aa0f5678","0-cd28dd9de1a7837a8a079dad565b68a293774ec2a8391f230e8c9c022ebe932b","5-1652842367024e92e89c3ce443d66206c117f9af04d2fc7b476b7f5d7aa09819","root.record.ItemExhibitList.P5Item.CostElementCategoryList.Hardware.NonRecurring.CostElementList.CostElement"
"AFNET SUPPORT - Hardware/Software Support","0.000","","","0.000","29.413","0.275","107","1.037","0.01","107","0.000","1.037","0.01","107","50.257","0.47","107","53.62","0.501","107","53.907","0.504","107","54.22","0.507","107","0.000","0","0.000","0.378","642","242.454","2013-BASE_PROCUREMENT-2013-AIRFORCE_OTHER-MasterJustificationBook_Air_Force_PB_2013.zzz_unzipped-MasterJustificationBook_Air_Force_PB_2013.xml","ebc9405b73ff930fed2756aa4bd842622b5bee610d3cd07c19cc24c5aa0f5678","1-c750dfffd85c07a6762a6b426500d9c0feb535ebb4bfb9c30c24465ffe3ad678","5-1652842367024e92e89c3ce443d66206c117f9af04d2fc7b476b7f5d7aa09819","root.record.ItemExhibitList.P5Item.CostElementCategoryList.Hardware.NonRecurring.CostElementList.CostElement"
"AFNet Support - A & AS","0.000","","","0.000","1.993","","","2.025","","","0.000","2.025","","","2.058","","","2.091","","","2.125","","","2.159","","","","","0.000","","","12.451","2013-BASE_PROCUREMENT-2013-AIRFORCE_OTHER-MasterJustificationBook_Air_Force_PB_2013.zzz_unzipped-MasterJustificationBook_Air_Force_PB_2013.xml","ebc9405b73ff930fed2756aa4bd842622b5bee610d3cd07c19cc24c5aa0f5678","2-e3ecec2ee9c9c2f0faa2b3d1f0f1611672509688d4cbed3d704a2616c05f368b","5-1652842367024e92e89c3ce443d66206c117f9af04d2fc7b476b7f5d7aa09819","root.record.ItemExhibitList.P5Item.CostElementCategoryList.Hardware.NonRecurring.CostElementList.CostElement"
"AFNET Support - Other","0.000","","","0.000","9.169","","","12.046","","","0.000","12.046","","","10.518","","","11.279","","","11.758","","","13.326","","","","","0.000","","","68.096","2013-BASE_PROCUREMENT-2013-AIRFORCE_OTHER-MasterJustificationBook_Air_Force_PB_2013.zzz_unzipped-MasterJustificationBook_Air_Force_PB_2013.xml","ebc9405b73ff930fed2756aa4bd842622b5bee610d3cd07c19cc24c5aa0f5678","3-7df19d4f84c2c58ba9322ae13764be6ea60e10135df4622b85b41fe21d5d1a2d","5-1652842367024e92e89c3ce443d66206c117f9af04d2fc7b476b7f5d7aa09819","root.record.ItemExhibitList.P5Item.CostElementCategoryList.Hardware.NonRecurring.CostElementList.CostElement"
"DaR - Prime Contract","0.000","","","7.196","0.000","","","0.000","","","0.000","0.000","","","0.000","","","0.000","","","0.000","","","0.000","","","","","0.000","","","7.196","2013-BASE_PROCUREMENT-2013-AIRFORCE_OTHER-MasterJustificationBook_Air_Force_PB_2013.zzz_unzipped-MasterJustificationBook_Air_Force_PB_2013.xml","ebc9405b73ff930fed2756aa4bd842622b5bee610d3cd07c19cc24c5aa0f5678","0-73f0a37fcd5519e04668b63a28ecb00c5703495a8251aa198db67631ce505736","6-015e6081beb18d1d97d0f7343cf29d823de8c6a5ba34d245ad2453c30c20a9bf","root.record.ItemExhibitList.P5Item.CostElementCategoryList.Hardware.NonRecurring.CostElementList.CostElement"
"DaR- A & AS","0.000","","","1.134","0.000","","","0.000","","","0.000","0.000","","","0.000","","","0.000","","","0.000","","","0.000","","","","","0.000","","","1.134","2013-BASE_PROCUREMENT-2013-AIRFORCE_OTHER-MasterJustificationBook_Air_Force_PB_2013.zzz_unzipped-MasterJustificationBook_Air_Force_PB_2013.xml","ebc9405b73ff930fed2756aa4bd842622b5bee610d3cd07c19cc24c5aa0f5678","1-9bca0bd6f1705a202179ee895ad948e383f2c2d1a35c6e87a0d9b65b6045d8fa","6-015e6081beb18d1d97d0f7343cf29d823de8c6a5ba34d245ad2453c30c20a9bf","root.record.ItemExhibitList.P5Item.CostElementCategoryList.Hardware.NonRecurring.CostElementList.CostElement"
"DaR - Other","0.000","","","0.88","0.000","","","0.000","","","0.000","0.000","","","0.000","","","0.000","","","0.000","","","0.000","","","","","0.000","","","0.88","2013-BASE_PROCUREMENT-2013-AIRFORCE_OTHER-MasterJustificationBook_Air_Force_PB_2013.zzz_unzipped-MasterJustificationBook_Air_Force_PB_2013.xml","ebc9405b73ff930fed2756aa4bd842622b5bee610d3cd07c19cc24c5aa0f5678","2-85ec783d6c62cd658ade873b6f73d7df81e0920d1ebc43ba849cda9befbfc142","6-015e6081beb18d1d97d0f7343cf29d823de8c6a5ba34d245ad2453c30c20a9bf","root.record.ItemExhibitList.P5Item.CostElementCategoryList.Hardware.NonRecurring.CostElementList.CostElement"
"VULNERABILITY LIFECYCLE MANAGEMENT SYSTEMS (VLMS) - Prime Contract","0.000","0.205","47","9.62","0.000","","","0.000","","","0.000","0.000","","","0.000","","","0.000","","","0.000","","","0.000","","","0.000","0","0.000","0.205","47","9.62","2013-BASE_PROCUREMENT-2013-AIRFORCE_OTHER-MasterJustificationBook_Air_Force_PB_2013.zzz_unzipped-MasterJustificationBook_Air_Force_PB_2013.xml","ebc9405b73ff930fed2756aa4bd842622b5bee610d3cd07c19cc24c5aa0f5678","0-80710537f1e3890087b73e7ae7ef230278da230c6854a9998f636b14c01ef6c6","7-d7396ab72d8c80ca57aa2c8759822d9576106cb52f6ea02148ffe604c9f3c2cb","root.record.ItemExhibitList.P5Item.CostElementCategoryList.Hardware.NonRecurring.CostElementList.CostElement"
"VLMS - A & AS","0.000","","","1.306","0.000","","","0.000","","","0.000","0.000","","","0.000","","","0.000","","","0.000","","","0.000","","","","","0.000","","","1.306","2013-BASE_PROCUREMENT-2013-AIRFORCE_OTHER-MasterJustificationBook_Air_Force_PB_2013.zzz_unzipped-MasterJustificationBook_Air_Force_PB_2013.xml","ebc9405b73ff930fed2756aa4bd842622b5bee610d3cd07c19cc24c5aa0f5678","1-01a3c1ee25a20120c850b97675ce754950b24992c11ec65d37337683662c1507","7-d7396ab72d8c80ca57aa2c8759822d9576106cb52f6ea02148ffe604c9f3c2cb","root.record.ItemExhibitList.P5Item.CostElementCategoryList.Hardware.NonRecurring.CostElementList.CostElement"
"VLMS - Other","0.000","","","6.084","0.000","","","0.000","","","0.000","0.000","","","0.000","","","0.000","","","0.000","","","0.000","","","","","0.000","","","6.084","2013-BASE_PROCUREMENT-2013-AIRFORCE_OTHER-MasterJustificationBook_Air_Force_PB_2013.zzz_unzipped-MasterJustificationBook_Air_Force_PB_2013.xml","ebc9405b73ff930fed2756aa4bd842622b5bee610d3cd07c19cc24c5aa0f5678","2-81ab904a8df72053134c5ed9c299b0f7e626087b76e28d30845241f04f74f9cd","7-d7396ab72d8c80ca57aa2c8759822d9576106cb52f6ea02148ffe604c9f3c2cb","root.record.ItemExhibitList.P5Item.CostElementCategoryList.Hardware.NonRecurring.CostElementList.CostElement"
