Name_val,Cost_AllPriorYears_TotalCost_val,Cost_PriorYear_UnitCost_val,Cost_PriorYear_Quantity_val,Cost_PriorYear_TotalCost_val,Cost_CurrentYear_TotalCost_val,Cost_CurrentYear_UnitCost_val,Cost_CurrentYear_Quantity_val,Cost_BudgetYearOneBase_TotalCost_val,Cost_BudgetYearOneBase_UnitCost_val,Cost_BudgetYearOneBase_Quantity_val,Cost_BudgetYearOneOCO_TotalCost_val,Cost_BudgetYearOne_TotalCost_val,Cost_BudgetYearOne_UnitCost_val,Cost_BudgetYearOne_Quantity_val,Cost_BudgetYearTwo_TotalCost_val,Cost_BudgetYearTwo_UnitCost_val,Cost_BudgetYearTwo_Quantity_val,Cost_BudgetYearThree_TotalCost_val,Cost_BudgetYearThree_UnitCost_val,Cost_BudgetYearThree_Quantity_val,Cost_BudgetYearFour_TotalCost_val,Cost_BudgetYearFour_UnitCost_val,Cost_BudgetYearFour_Quantity_val,Cost_BudgetYearFive_TotalCost_val,Cost_BudgetYearFive_UnitCost_val,Cost_BudgetYearFive_Quantity_val,Cost_ToComplete_UnitCost_val,Cost_ToComplete_Quantity_val,Cost_ToComplete_TotalCost_val,Cost_Total_UnitCost_val,Cost_Total_Quantity_val,Cost_Total_TotalCost_val,@SOURCE_FILENAME,@RECORDID,@ROWID,@PARENTROWID,@PARENT
"AFNET INC 1 - Prime Contract","0.000","0.002","18","0.043","0.000","","","0.000","","","0.000","0.000","","","0.000","","","0.000","","","0.000","","","0.000","","","0.000","0","0.000","0.002","18","0.043","2013-BASE_PROCUREMENT-2013-AIRFORCE_OTHER-JustificationBook_Air_Force_PB_2013.zzz_unzipped-JustificationBook_Air_Force_PB_2013.xml","04240ecded67f436ddb6efcd685c9ef6fa5f098a08de556a233272c39a14662f","0-f6cc9acfab3a612bf2c90e3c2d8e1203cea54856ad01dbcdb1b89ea7553459f5","0-3e6cefbab0f43dc5dd4e4b10fa5d89d32b9c87b35d831f99b68ccb02d09caca2","root.record.ItemExhibitList.P5Item.CostElementCategoryList.Hardware.NonRecurring.CostElementList.CostElement"
"AFNET INC 1 - A & AS","0.000","","","2.323","0.000","","","0.000","","","0.000","0.000","","","0.000","","","0.000","","","0.000","","","0.000","","","","","0.000","","","2.323","2013-BASE_PROCUREMENT-2013-AIRFORCE_OTHER-JustificationBook_Air_Force_PB_2013.zzz_unzipped-JustificationBook_Air_Force_PB_2013.xml","04240ecded67f436ddb6efcd685c9ef6fa5f098a08de556a233272c39a14662f","1-0aff97295e2e438c02e8ba69026f75b29673f5d86554a9bd88b63218013edacc","0-3e6cefbab0f43dc5dd4e4b10fa5d89d32b9c87b35d831f99b68ccb02d09caca2","root.record.ItemExhibitList.P5Item.CostElementCategoryList.Hardware.NonRecurring.CostElementList.CostElement"
"AFNET INC 1 - Other","0.000","","","7.581","0.000","","","0.000","","","0.000","0.000","","","0.000","","","0.000","","","0.000","","","0.000","","","","","0.000","","","7.581","2013-BASE_PROCUREMENT-2013-AIRFORCE_OTHER-JustificationBook_Air_Force_PB_2013.zzz_unzipped-JustificationBook_Air_Force_PB_2013.xml","04240ecded67f436ddb6efcd685c9ef6fa5f098a08de556a233272c39a14662f","2-803123b967ed6712a580f8474104af4abaab8d59ec936a783601ab144cd6d03a","0-3e6cefbab0f43dc5dd4e4b10fa5d89d32b9c87b35d831f99b68ccb02d09caca2","root.record.ItemExhibitList.P5Item.CostElementCategoryList.Hardware.NonRecurring.CostElementList.CostElement"
"AFNET INC 2 - Prime Contract","0.000","0.811","45","36.484","27.202","0.486","56","44.595","0.409","109","0.000","44.595","0.409","109","15.896","0.568","28","13.651","0.268","51","7.995","0.286","28","9.133","0.761","12","0.000","0","0.000","0.471","329","154.956","2013-BASE_PROCUREMENT-2013-AIRFORCE_OTHER-JustificationBook_Air_Force_PB_2013.zzz_unzipped-JustificationBook_Air_Force_PB_2013.xml","04240ecded67f436ddb6efcd685c9ef6fa5f098a08de556a233272c39a14662f","0-bdfffe044b6322e6d74682a742a118c81b0137d618014f5a5cde61f2d12a0205","1-5eb02d68948da0dd47e3c9aa118ae41f8a971044d3ff507c0cfa2924570bf1d0","root.record.ItemExhibitList.P5Item.CostElementCategoryList.Hardware.NonRecurring.CostElementList.CostElement"
"AFNET INC 2 - A & AS","0.000","","","2.515","2.496","","","2.089","","","0.000","2.089","","","1.954","","","1.925","","","1.024","","","1.043","","","","","0.000","","","13.046","2013-BASE_PROCUREMENT-2013-AIRFORCE_OTHER-JustificationBook_Air_Force_PB_2013.zzz_unzipped-JustificationBook_Air_Force_PB_2013.xml","04240ecded67f436ddb6efcd685c9ef6fa5f098a08de556a233272c39a14662f","1-b944b630417f5be29efd09040d2f0570b5b5686a8d173a60e5db4d3b20d29759","1-5eb02d68948da0dd47e3c9aa118ae41f8a971044d3ff507c0cfa2924570bf1d0","root.record.ItemExhibitList.P5Item.CostElementCategoryList.Hardware.NonRecurring.CostElementList.CostElement"
"AFNET INC 2 - Other","0.000","","","11.208","4.726","","","3.763","","","0.000","3.763","","","2.823","","","2.706","","","1.48","","","1.506","","","","","0.000","","","28.212","2013-BASE_PROCUREMENT-2013-AIRFORCE_OTHER-JustificationBook_Air_Force_PB_2013.zzz_unzipped-JustificationBook_Air_Force_PB_2013.xml","04240ecded67f436ddb6efcd685c9ef6fa5f098a08de556a233272c39a14662f","2-9627a8d44e51b3339a9378453e9020061712209beafcd6618ab380839dde0da9","1-5eb02d68948da0dd47e3c9aa118ae41f8a971044d3ff507c0cfa2924570bf1d0","root.record.ItemExhibitList.P5Item.CostElementCategoryList.Hardware.NonRecurring.CostElementList.CostElement"
"AFNET INC 3 - Prime Contract","0.000","","","4.076","12.97","0.102","127","22.341","0.302","74","0.000","22.341","0.302","74","0.000","","","0.000","","","0.000","","","0.000","","","0.000","0","0.000","0.196","201","39.387","2013-BASE_PROCUREMENT-2013-AIRFORCE_OTHER-JustificationBook_Air_Force_PB_2013.zzz_unzipped-JustificationBook_Air_Force_PB_2013.xml","04240ecded67f436ddb6efcd685c9ef6fa5f098a08de556a233272c39a14662f","0-807c539b8b653d637a706f94ffcbff31ca517e746925beaa58c00705da4206e6","2-91e084f25b401ce391752b3578c69b9f80d32ce6af11af310ee2b9f2290ab752","root.record.ItemExhibitList.P5Item.CostElementCategoryList.Hardware.NonRecurring.CostElementList.CostElement"
"AFNET Inc 3 - A & AS","0.000","","","0.551","0.000","","","0.000","","","0.000","0.000","","","0.000","","","0.000","","","0.000","","","0.000","","","","","0.000","","","0.551","2013-BASE_PROCUREMENT-2013-AIRFORCE_OTHER-JustificationBook_Air_Force_PB_2013.zzz_unzipped-JustificationBook_Air_Force_PB_2013.xml","04240ecded67f436ddb6efcd685c9ef6fa5f098a08de556a233272c39a14662f","1-7d32da24413d0098ffcd1b14823858ca77d4e000ef824d452181827a0d75d701","2-91e084f25b401ce391752b3578c69b9f80d32ce6af11af310ee2b9f2290ab752","root.record.ItemExhibitList.P5Item.CostElementCategoryList.Hardware.NonRecurring.CostElementList.CostElement"
"AFNET INC 3 - Other","0.000","","","0.136","1.667","","","0.62","","","0.000","0.62","","","0.000","","","0.000","","","0.000","","","0.000","","","","","0.000","","","2.423","2013-BASE_PROCUREMENT-2013-AIRFORCE_OTHER-JustificationBook_Air_Force_PB_2013.zzz_unzipped-JustificationBook_Air_Force_PB_2013.xml","04240ecded67f436ddb6efcd685c9ef6fa5f098a08de556a233272c39a14662f","2-478b38b04fc2182e6498fac1c6711fed00ee4b00f3613d460da5235858b68ae5","2-91e084f25b401ce391752b3578c69b9f80d32ce6af11af310ee2b9f2290ab752","root.record.ItemExhibitList.P5Item.CostElementCategoryList.Hardware.NonRecurring.CostElementList.CostElement"
"Host Based Security System - Prime Contract","0.000","","","0.000","0.000","","","6.375","0.06","106","0.000","6.375","0.06","106","6.603","0.062","106","12.304","0.116","106","14.477","0.137","106","11.25","0.106","106","0.000","0","0.000","0.096","530","51.009","2013-BASE_PROCUREMENT-2013-AIRFORCE_OTHER-JustificationBook_Air_Force_PB_2013.zzz_unzipped-JustificationBook_Air_Force_PB_2013.xml","04240ecded67f436ddb6efcd685c9ef6fa5f098a08de556a233272c39a14662f","0-b45b2b6b5ad086a0bccf8dd4dc036d3b9df9bde97b8b0e046c9300f9f696e0dd","3-d23288feedda1e2e932ff3725200a15f17f64d053393b81e65bc9c2addafee46","root.record.ItemExhibitList.P5Item.CostElementCategoryList.Hardware.NonRecurring.CostElementList.CostElement"
"Host Based Security System - A & AS","0.000","","","0.000","0.513","","","0.554","","","0.000","0.554","","","0.407","","","0.416","","","0.426","","","0.439","","","","","0.000","","","2.755","2013-BASE_PROCUREMENT-2013-AIRFORCE_OTHER-JustificationBook_Air_Force_PB_2013.zzz_unzipped-JustificationBook_Air_Force_PB_2013.xml","04240ecded67f436ddb6efcd685c9ef6fa5f098a08de556a233272c39a14662f","1-c8c850f1c9a70d7d3ec3c09723c939489c94c9952e3a71d833e9683da36e753a","3-d23288feedda1e2e932ff3725200a15f17f64d053393b81e65bc9c2addafee46","root.record.ItemExhibitList.P5Item.CostElementCategoryList.Hardware.NonRecurring.CostElementList.CostElement"
"Host Based Security System - Other","0.000","","","0.000","2.222","","","2.554","","","0.000","2.554","","","4.235","","","2.365","","","0.366","","","3.818","","","","","0.000","","","15.56","2013-BASE_PROCUREMENT-2013-AIRFORCE_OTHER-JustificationBook_Air_Force_PB_2013.zzz_unzipped-JustificationBook_Air_Force_PB_2013.xml","04240ecded67f436ddb6efcd685c9ef6fa5f098a08de556a233272c39a14662f","2-aadd04f93f7edbfcb2618c9b4afa5eb5afff8f2e14cb33357dd699c0839dc27d","3-d23288feedda1e2e932ff3725200a15f17f64d053393b81e65bc9c2addafee46","root.record.ItemExhibitList.P5Item.CostElementCategoryList.Hardware.NonRecurring.CostElementList.CostElement"
"HBSS Support","0.000","","","0.000","0.000","","","0.000","","","0.000","0.000","","","0.529","","","0.604","","","0.689","","","0.718","","","","","0.000","","","2.54","2013-BASE_PROCUREMENT-2013-AIRFORCE_OTHER-JustificationBook_Air_Force_PB_2013.zzz_unzipped-JustificationBook_Air_Force_PB_2013.xml","04240ecded67f436ddb6efcd685c9ef6fa5f098a08de556a233272c39a14662f","3-82589edf7f597a39084c3cfd7ff4a439d3e570fb4505408bbefffa3362d241da","3-d23288feedda1e2e932ff3725200a15f17f64d053393b81e65bc9c2addafee46","root.record.ItemExhibitList.P5Item.CostElementCategoryList.Hardware.NonRecurring.CostElementList.CostElement"
"VLMS - Prime Contract","0.000","","","0.000","0.000","","","2.191","0.049","45","0.000","2.191","0.049","45","0.000","","","0.000","","","0.000","","","0.000","","","0.000","0","0.000","0.049","45","2.191","2013-BASE_PROCUREMENT-2013-AIRFORCE_OTHER-JustificationBook_Air_Force_PB_2013.zzz_unzipped-JustificationBook_Air_Force_PB_2013.xml","04240ecded67f436ddb6efcd685c9ef6fa5f098a08de556a233272c39a14662f","0-79d34e2ab88fa3dc34f491f204eeff6b85d06daecfdc1b6caa4a6569aca5a52b","4-720887bbd262c5cf256dd95bb0fb7c6a2c341fdb1403be12bf372a0495e60299","root.record.ItemExhibitList.P5Item.CostElementCategoryList.Hardware.NonRecurring.CostElementList.CostElement"
"VLMS - A & AS","0.000","","","0.000","1.318","","","1.34","","","0.000","1.34","","","1.363","","","0.000","","","0.000","","","0.000","","","","","0.000","","","4.021","2013-BASE_PROCUREMENT-2013-AIRFORCE_OTHER-JustificationBook_Air_Force_PB_2013.zzz_unzipped-JustificationBook_Air_Force_PB_2013.xml","04240ecded67f436ddb6efcd685c9ef6fa5f098a08de556a233272c39a14662f","1-96d8d894e7156198c6b5fe884c552af07adf5a5c404b48289adb9c6a07eb874e","4-720887bbd262c5cf256dd95bb0fb7c6a2c341fdb1403be12bf372a0495e60299","root.record.ItemExhibitList.P5Item.CostElementCategoryList.Hardware.NonRecurring.CostElementList.CostElement"
"VLMS - Other","0.000","","","0.000","1.568","","","5.669","","","0.000","5.669","","","3.488","","","0.000","","","0.000","","","0.000","","","","","0.000","","","10.725","2013-BASE_PROCUREMENT-2013-AIRFORCE_OTHER-JustificationBook_Air_Force_PB_2013.zzz_unzipped-JustificationBook_Air_Force_PB_2013.xml","04240ecded67f436ddb6efcd685c9ef6fa5f098a08de556a233272c39a14662f","2-06b933db86db48bf931fb002bf5771856016df34020e0e4b0703e9b1f803a0b1","4-720887bbd262c5cf256dd95bb0fb7c6a2c341fdb1403be12bf372a0495e60299","root.record.ItemExhibitList.P5Item.CostElementCategoryList.Hardware.NonRecurring.CostElementList.CostElement"
"AFNET Support - Prime Contract","0.000","","","0.000","33.208","1.845","18","18.589","1.033","18","0.000","18.589","1.033","18","57.395","3.189","18","87.12","4.84","18","77.131","4.285","18","77.167","4.287","18","0.000","0","0.000","3.246","108","350.61","2013-BASE_PROCUREMENT-2013-AIRFORCE_OTHER-JustificationBook_Air_Force_PB_2013.zzz_unzipped-JustificationBook_Air_Force_PB_2013.xml","04240ecded67f436ddb6efcd685c9ef6fa5f098a08de556a233272c39a14662f","0-d3580ae96188bfc72f8cf614b83a69c4e76caa2eae8536deb79eb1f16e634675","5-53ee8f7e3ec8a8f7efdba06a0d41fc534c17473324a77eb9bfe5d840c2bee927","root.record.ItemExhibitList.P5Item.CostElementCategoryList.Hardware.NonRecurring.CostElementList.CostElement"
"AFNET SUPPORT - Hardware/Software Support","0.000","","","0.000","29.413","0.275","107","1.037","0.01","107","0.000","1.037","0.01","107","50.257","0.47","107","53.62","0.501","107","53.907","0.504","107","54.22","0.507","107","0.000","0","0.000","0.378","642","242.454","2013-BASE_PROCUREMENT-2013-AIRFORCE_OTHER-JustificationBook_Air_Force_PB_2013.zzz_unzipped-JustificationBook_Air_Force_PB_2013.xml","04240ecded67f436ddb6efcd685c9ef6fa5f098a08de556a233272c39a14662f","1-90f0a81244989f152615fb53dd689c8aa350c8fb3884ce25c0a3e4430de31d56","5-53ee8f7e3ec8a8f7efdba06a0d41fc534c17473324a77eb9bfe5d840c2bee927","root.record.ItemExhibitList.P5Item.CostElementCategoryList.Hardware.NonRecurring.CostElementList.CostElement"
"AFNet Support - A & AS","0.000","","","0.000","1.993","","","2.025","","","0.000","2.025","","","2.058","","","2.091","","","2.125","","","2.159","","","","","0.000","","","12.451","2013-BASE_PROCUREMENT-2013-AIRFORCE_OTHER-JustificationBook_Air_Force_PB_2013.zzz_unzipped-JustificationBook_Air_Force_PB_2013.xml","04240ecded67f436ddb6efcd685c9ef6fa5f098a08de556a233272c39a14662f","2-880b1299f6d10da699b5d8cf3d4bab1a5aa88274f5831b45ef588b34f1700fcc","5-53ee8f7e3ec8a8f7efdba06a0d41fc534c17473324a77eb9bfe5d840c2bee927","root.record.ItemExhibitList.P5Item.CostElementCategoryList.Hardware.NonRecurring.CostElementList.CostElement"
"AFNET Support - Other","0.000","","","0.000","9.169","","","12.046","","","0.000","12.046","","","10.518","","","11.279","","","11.758","","","13.326","","","","","0.000","","","68.096","2013-BASE_PROCUREMENT-2013-AIRFORCE_OTHER-JustificationBook_Air_Force_PB_2013.zzz_unzipped-JustificationBook_Air_Force_PB_2013.xml","04240ecded67f436ddb6efcd685c9ef6fa5f098a08de556a233272c39a14662f","3-0469a22375c2a4dbdce535efe4f7884960fd17c5d4d519cac0bad319793b24e6","5-53ee8f7e3ec8a8f7efdba06a0d41fc534c17473324a77eb9bfe5d840c2bee927","root.record.ItemExhibitList.P5Item.CostElementCategoryList.Hardware.NonRecurring.CostElementList.CostElement"
"DaR - Prime Contract","0.000","","","7.196","0.000","","","0.000","","","0.000","0.000","","","0.000","","","0.000","","","0.000","","","0.000","","","","","0.000","","","7.196","2013-BASE_PROCUREMENT-2013-AIRFORCE_OTHER-JustificationBook_Air_Force_PB_2013.zzz_unzipped-JustificationBook_Air_Force_PB_2013.xml","04240ecded67f436ddb6efcd685c9ef6fa5f098a08de556a233272c39a14662f","0-3597520588a8f358ea7ead86e9d2abe64ecfb6cae79e26e4a7099c2cbdf4e67c","6-9f778707b914a885243823770effd73a79439bae8ce019afa0000a80f40f2248","root.record.ItemExhibitList.P5Item.CostElementCategoryList.Hardware.NonRecurring.CostElementList.CostElement"
"DaR- A & AS","0.000","","","1.134","0.000","","","0.000","","","0.000","0.000","","","0.000","","","0.000","","","0.000","","","0.000","","","","","0.000","","","1.134","2013-BASE_PROCUREMENT-2013-AIRFORCE_OTHER-JustificationBook_Air_Force_PB_2013.zzz_unzipped-JustificationBook_Air_Force_PB_2013.xml","04240ecded67f436ddb6efcd685c9ef6fa5f098a08de556a233272c39a14662f","1-4de0b4f60cef87c3113fb8ce2cb9b74ed50a0db3b3b0078cf565be79c26387c6","6-9f778707b914a885243823770effd73a79439bae8ce019afa0000a80f40f2248","root.record.ItemExhibitList.P5Item.CostElementCategoryList.Hardware.NonRecurring.CostElementList.CostElement"
"DaR - Other","0.000","","","0.88","0.000","","","0.000","","","0.000","0.000","","","0.000","","","0.000","","","0.000","","","0.000","","","","","0.000","","","0.88","2013-BASE_PROCUREMENT-2013-AIRFORCE_OTHER-JustificationBook_Air_Force_PB_2013.zzz_unzipped-JustificationBook_Air_Force_PB_2013.xml","04240ecded67f436ddb6efcd685c9ef6fa5f098a08de556a233272c39a14662f","2-d81aa84c6e4f9f863653fcab2895ffab6c7f939ff55d74b16f73d0b84e7f0035","6-9f778707b914a885243823770effd73a79439bae8ce019afa0000a80f40f2248","root.record.ItemExhibitList.P5Item.CostElementCategoryList.Hardware.NonRecurring.CostElementList.CostElement"
"VULNERABILITY LIFECYCLE MANAGEMENT SYSTEMS (VLMS) - Prime Contract","0.000","0.205","47","9.62","0.000","","","0.000","","","0.000","0.000","","","0.000","","","0.000","","","0.000","","","0.000","","","0.000","0","0.000","0.205","47","9.62","2013-BASE_PROCUREMENT-2013-AIRFORCE_OTHER-JustificationBook_Air_Force_PB_2013.zzz_unzipped-JustificationBook_Air_Force_PB_2013.xml","04240ecded67f436ddb6efcd685c9ef6fa5f098a08de556a233272c39a14662f","0-ad34363278454e73c7341da8642316995c9ce2b01588dffc14f191e8a7692553","7-f4fb52009b02e735c0df2c347a795690f4e61f3cbe18e4bf1f74ed40854801df","root.record.ItemExhibitList.P5Item.CostElementCategoryList.Hardware.NonRecurring.CostElementList.CostElement"
"VLMS - A & AS","0.000","","","1.306","0.000","","","0.000","","","0.000","0.000","","","0.000","","","0.000","","","0.000","","","0.000","","","","","0.000","","","1.306","2013-BASE_PROCUREMENT-2013-AIRFORCE_OTHER-JustificationBook_Air_Force_PB_2013.zzz_unzipped-JustificationBook_Air_Force_PB_2013.xml","04240ecded67f436ddb6efcd685c9ef6fa5f098a08de556a233272c39a14662f","1-a8056035c0ad5e5d4b355f81cedb7e9837cd24c7df98d2cece61e4817a02d1d9","7-f4fb52009b02e735c0df2c347a795690f4e61f3cbe18e4bf1f74ed40854801df","root.record.ItemExhibitList.P5Item.CostElementCategoryList.Hardware.NonRecurring.CostElementList.CostElement"
"VLMS - Other","0.000","","","6.084","0.000","","","0.000","","","0.000","0.000","","","0.000","","","0.000","","","0.000","","","0.000","","","","","0.000","","","6.084","2013-BASE_PROCUREMENT-2013-AIRFORCE_OTHER-JustificationBook_Air_Force_PB_2013.zzz_unzipped-JustificationBook_Air_Force_PB_2013.xml","04240ecded67f436ddb6efcd685c9ef6fa5f098a08de556a233272c39a14662f","2-cb31ed902c66e45edecc3dfa6e4351a93b9d85043aa0cfaf66168722b3d9ab37","7-f4fb52009b02e735c0df2c347a795690f4e61f3cbe18e4bf1f74ed40854801df","root.record.ItemExhibitList.P5Item.CostElementCategoryList.Hardware.NonRecurring.CostElementList.CostElement"
"AFNET INC 1 - Prime Contract","0.000","0.002","18","0.043","0.000","","","0.000","","","0.000","0.000","","","0.000","","","0.000","","","0.000","","","0.000","","","0.000","0","0.000","0.002","18","0.043","2013-BASE_PROCUREMENT-2013-AIRFORCE_OTHER-MasterJustificationBook_Air_Force_PB_2013.zzz_unzipped-MasterJustificationBook_Air_Force_PB_2013.xml","ebc9405b73ff930fed2756aa4bd842622b5bee610d3cd07c19cc24c5aa0f5678","0-86199845e16902417ecfc7021bf63998ec9f7dba489188995fd4c43f1b303547","0-cdbe7dbdcb3ab750006b02b3eaf4f23dd5a2a93e65fb312ced6f69d8cb3c6709","root.record.ItemExhibitList.P5Item.CostElementCategoryList.Hardware.NonRecurring.CostElementList.CostElement"
"AFNET INC 1 - A & AS","0.000","","","2.323","0.000","","","0.000","","","0.000","0.000","","","0.000","","","0.000","","","0.000","","","0.000","","","","","0.000","","","2.323","2013-BASE_PROCUREMENT-2013-AIRFORCE_OTHER-MasterJustificationBook_Air_Force_PB_2013.zzz_unzipped-MasterJustificationBook_Air_Force_PB_2013.xml","ebc9405b73ff930fed2756aa4bd842622b5bee610d3cd07c19cc24c5aa0f5678","1-4fdb5f71f5c5eed14025fe3bfd6abcdf350fd62beda0bd3bdc724e55e743e675","0-cdbe7dbdcb3ab750006b02b3eaf4f23dd5a2a93e65fb312ced6f69d8cb3c6709","root.record.ItemExhibitList.P5Item.CostElementCategoryList.Hardware.NonRecurring.CostElementList.CostElement"
"AFNET INC 1 - Other","0.000","","","7.581","0.000","","","0.000","","","0.000","0.000","","","0.000","","","0.000","","","0.000","","","0.000","","","","","0.000","","","7.581","2013-BASE_PROCUREMENT-2013-AIRFORCE_OTHER-MasterJustificationBook_Air_Force_PB_2013.zzz_unzipped-MasterJustificationBook_Air_Force_PB_2013.xml","ebc9405b73ff930fed2756aa4bd842622b5bee610d3cd07c19cc24c5aa0f5678","2-61570ca032737f6a6ed58836bc43a52d3f93462d4cfa5c4ac3253416279bceca","0-cdbe7dbdcb3ab750006b02b3eaf4f23dd5a2a93e65fb312ced6f69d8cb3c6709","root.record.ItemExhibitList.P5Item.CostElementCategoryList.Hardware.NonRecurring.CostElementList.CostElement"
"AFNET INC 2 - Prime Contract","0.000","0.811","45","36.484","27.202","0.486","56","44.595","0.409","109","0.000","44.595","0.409","109","15.896","0.568","28","13.651","0.268","51","7.995","0.286","28","9.133","0.761","12","0.000","0","0.000","0.471","329","154.956","2013-BASE_PROCUREMENT-2013-AIRFORCE_OTHER-MasterJustificationBook_Air_Force_PB_2013.zzz_unzipped-MasterJustificationBook_Air_Force_PB_2013.xml","ebc9405b73ff930fed2756aa4bd842622b5bee610d3cd07c19cc24c5aa0f5678","0-ebef0a3dbf78119a5cb133c5285914ee3c1cc878574e47b05c39f80cfe2a9cbf","1-636bac9d45f7618ead0c7dd0fe1d16685c064f21d256a925596eba7df66cde2b","root.record.ItemExhibitList.P5Item.CostElementCategoryList.Hardware.NonRecurring.CostElementList.CostElement"
"AFNET INC 2 - A & AS","0.000","","","2.515","2.496","","","2.089","","","0.000","2.089","","","1.954","","","1.925","","","1.024","","","1.043","","","","","0.000","","","13.046","2013-BASE_PROCUREMENT-2013-AIRFORCE_OTHER-MasterJustificationBook_Air_Force_PB_2013.zzz_unzipped-MasterJustificationBook_Air_Force_PB_2013.xml","ebc9405b73ff930fed2756aa4bd842622b5bee610d3cd07c19cc24c5aa0f5678","1-69b2548ca3c2fceadea018124678fd8f5ca57bdf924466f5f520c7dcee54d552","1-636bac9d45f7618ead0c7dd0fe1d16685c064f21d256a925596eba7df66cde2b","root.record.ItemExhibitList.P5Item.CostElementCategoryList.Hardware.NonRecurring.CostElementList.CostElement"
"AFNET INC 2 - Other","0.000","","","11.208","4.726","","","3.763","","","0.000","3.763","","","2.823","","","2.706","","","1.48","","","1.506","","","","","0.000","","","28.212","2013-BASE_PROCUREMENT-2013-AIRFORCE_OTHER-MasterJustificationBook_Air_Force_PB_2013.zzz_unzipped-MasterJustificationBook_Air_Force_PB_2013.xml","ebc9405b73ff930fed2756aa4bd842622b5bee610d3cd07c19cc24c5aa0f5678","2-f173122b1c405373ec8ef420b7a5e84e0cebc5a0c7aabb252443226b9f8222ce","1-636bac9d45f7618ead0c7dd0fe1d16685c064f21d256a925596eba7df66cde2b","root.record.ItemExhibitList.P5Item.CostElementCategoryList.Hardware.NonRecurring.CostElementList.CostElement"
"AFNET INC 3 - Prime Contract","0.000","","","4.076","12.97","0.102","127","22.341","0.302","74","0.000","22.341","0.302","74","0.000","","","0.000","","","0.000","","","0.000","","","0.000","0","0.000","0.196","201","39.387","2013-BASE_PROCUREMENT-2013-AIRFORCE_OTHER-MasterJustificationBook_Air_Force_PB_2013.zzz_unzipped-MasterJustificationBook_Air_Force_PB_2013.xml","ebc9405b73ff930fed2756aa4bd842622b5bee610d3cd07c19cc24c5aa0f5678","0-beffad60915209a6c89ff7bc0383532743e95d5a501f88be298b25991881d728","2-d3bd19660feb906bb891896d3cfccdd41480f8089a7928d727536afcd95faa92","root.record.ItemExhibitList.P5Item.CostElementCategoryList.Hardware.NonRecurring.CostElementList.CostElement"
"AFNET Inc 3 - A & AS","0.000","","","0.551","0.000","","","0.000","","","0.000","0.000","","","0.000","","","0.000","","","0.000","","","0.000","","","","","0.000","","","0.551","2013-BASE_PROCUREMENT-2013-AIRFORCE_OTHER-MasterJustificationBook_Air_Force_PB_2013.zzz_unzipped-MasterJustificationBook_Air_Force_PB_2013.xml","ebc9405b73ff930fed2756aa4bd842622b5bee610d3cd07c19cc24c5aa0f5678","1-68f0d32ad822e1b6287a645b8d3f8159b521cfff6f20a4ac2d1726c038db0c52","2-d3bd19660feb906bb891896d3cfccdd41480f8089a7928d727536afcd95faa92","root.record.ItemExhibitList.P5Item.CostElementCategoryList.Hardware.NonRecurring.CostElementList.CostElement"
"AFNET INC 3 - Other","0.000","","","0.136","1.667","","","0.62","","","0.000","0.62","","","0.000","","","0.000","","","0.000","","","0.000","","","","","0.000","","","2.423","2013-BASE_PROCUREMENT-2013-AIRFORCE_OTHER-MasterJustificationBook_Air_Force_PB_2013.zzz_unzipped-MasterJustificationBook_Air_Force_PB_2013.xml","ebc9405b73ff930fed2756aa4bd842622b5bee610d3cd07c19cc24c5aa0f5678","2-2dca6b0a1c4b82f1b21cd4a9b867d2120d72db06f8554d6215179329c0374000","2-d3bd19660feb906bb891896d3cfccdd41480f8089a7928d727536afcd95faa92","root.record.ItemExhibitList.P5Item.CostElementCategoryList.Hardware.NonRecurring.CostElementList.CostElement"
"Host Based Security System - Prime Contract","0.000","","","0.000","0.000","","","6.375","0.06","106","0.000","6.375","0.06","106","6.603","0.062","106","12.304","0.116","106","14.477","0.137","106","11.25","0.106","106","0.000","0","0.000","0.096","530","51.009","2013-BASE_PROCUREMENT-2013-AIRFORCE_OTHER-MasterJustificationBook_Air_Force_PB_2013.zzz_unzipped-MasterJustificationBook_Air_Force_PB_2013.xml","ebc9405b73ff930fed2756aa4bd842622b5bee610d3cd07c19cc24c5aa0f5678","0-22dabaeaa0f7a0597e62d3fc8fffd38f92baa1363425b114ad94c13462d8ba15","3-337fde2b6ed681ba2e83b3a8859063adb515d1fdea2acaf0e0c0ee284099b78d","root.record.ItemExhibitList.P5Item.CostElementCategoryList.Hardware.NonRecurring.CostElementList.CostElement"
"Host Based Security System - A & AS","0.000","","","0.000","0.513","","","0.554","","","0.000","0.554","","","0.407","","","0.416","","","0.426","","","0.439","","","","","0.000","","","2.755","2013-BASE_PROCUREMENT-2013-AIRFORCE_OTHER-MasterJustificationBook_Air_Force_PB_2013.zzz_unzipped-MasterJustificationBook_Air_Force_PB_2013.xml","ebc9405b73ff930fed2756aa4bd842622b5bee610d3cd07c19cc24c5aa0f5678","1-a134a0478e10c33dd915116478ec8b00331391d47120b1f49250105bfea67ec2","3-337fde2b6ed681ba2e83b3a8859063adb515d1fdea2acaf0e0c0ee284099b78d","root.record.ItemExhibitList.P5Item.CostElementCategoryList.Hardware.NonRecurring.CostElementList.CostElement"
"Host Based Security System - Other","0.000","","","0.000","2.222","","","2.554","","","0.000","2.554","","","4.235","","","2.365","","","0.366","","","3.818","","","","","0.000","","","15.56","2013-BASE_PROCUREMENT-2013-AIRFORCE_OTHER-MasterJustificationBook_Air_Force_PB_2013.zzz_unzipped-MasterJustificationBook_Air_Force_PB_2013.xml","ebc9405b73ff930fed2756aa4bd842622b5bee610d3cd07c19cc24c5aa0f5678","2-fb722f53c60ee3f129dc642697f98ff13c560089300c78c5f8fb48caafbaf407","3-337fde2b6ed681ba2e83b3a8859063adb515d1fdea2acaf0e0c0ee284099b78d","root.record.ItemExhibitList.P5Item.CostElementCategoryList.Hardware.NonRecurring.CostElementList.CostElement"
"HBSS Support","0.000","","","0.000","0.000","","","0.000","","","0.000","0.000","","","0.529","","","0.604","","","0.689","","","0.718","","","","","0.000","","","2.54","2013-BASE_PROCUREMENT-2013-AIRFORCE_OTHER-MasterJustificationBook_Air_Force_PB_2013.zzz_unzipped-MasterJustificationBook_Air_Force_PB_2013.xml","ebc9405b73ff930fed2756aa4bd842622b5bee610d3cd07c19cc24c5aa0f5678","3-86c2e8c151024115c60e56ba8e1a74da6587d9c2cb0fb07cbdc0f68cb669cc6e","3-337fde2b6ed681ba2e83b3a8859063adb515d1fdea2acaf0e0c0ee284099b78d","root.record.ItemExhibitList.P5Item.CostElementCategoryList.Hardware.NonRecurring.CostElementList.CostElement"
"VLMS - Prime Contract","0.000","","","0.000","0.000","","","2.191","0.049","45","0.000","2.191","0.049","45","0.000","","","0.000","","","0.000","","","0.000","","","0.000","0","0.000","0.049","45","2.191","2013-BASE_PROCUREMENT-2013-AIRFORCE_OTHER-MasterJustificationBook_Air_Force_PB_2013.zzz_unzipped-MasterJustificationBook_Air_Force_PB_2013.xml","ebc9405b73ff930fed2756aa4bd842622b5bee610d3cd07c19cc24c5aa0f5678","0-c5a25ea9904a3d8fb311b630425fd72343453178930aa077fe180fb241a0c54c","4-b2b28f15e653af5a4cc3842136e6abb34a43438338d962849b09fac5deceabb1","root.record.ItemExhibitList.P5Item.CostElementCategoryList.Hardware.NonRecurring.CostElementList.CostElement"
"VLMS - A & AS","0.000","","","0.000","1.318","","","1.34","","","0.000","1.34","","","1.363","","","0.000","","","0.000","","","0.000","","","","","0.000","","","4.021","2013-BASE_PROCUREMENT-2013-AIRFORCE_OTHER-MasterJustificationBook_Air_Force_PB_2013.zzz_unzipped-MasterJustificationBook_Air_Force_PB_2013.xml","ebc9405b73ff930fed2756aa4bd842622b5bee610d3cd07c19cc24c5aa0f5678","1-f173b41bc72fcdf17c74a983c0a13518facb1888fcb4e192572c151c8ea8e07c","4-b2b28f15e653af5a4cc3842136e6abb34a43438338d962849b09fac5deceabb1","root.record.ItemExhibitList.P5Item.CostElementCategoryList.Hardware.NonRecurring.CostElementList.CostElement"
"VLMS - Other","0.000","","","0.000","1.568","","","5.669","","","0.000","5.669","","","3.488","","","0.000","","","0.000","","","0.000","","","","","0.000","","","10.725","2013-BASE_PROCUREMENT-2013-AIRFORCE_OTHER-MasterJustificationBook_Air_Force_PB_2013.zzz_unzipped-MasterJustificationBook_Air_Force_PB_2013.xml","ebc9405b73ff930fed2756aa4bd842622b5bee610d3cd07c19cc24c5aa0f5678","2-9f0e95dfbe9f9aa5ce26d8c2dff04567603007a12dcb2be4752823f0f331140c","4-b2b28f15e653af5a4cc3842136e6abb34a43438338d962849b09fac5deceabb1","root.record.ItemExhibitList.P5Item.CostElementCategoryList.Hardware.NonRecurring.CostElementList.CostElement"
"AFNET Support - Prime Contract","0.000","","","0.000","33.208","1.845","18","18.589","1.033","18","0.000","18.589","1.033","18","57.395","3.189","18","87.12","4.84","18","77.131","4.285","18","77.167","4.287","18","0.000","0","0.000","3.246","108","350.61","2013-BASE_PROCUREMENT-2013-AIRFORCE_OTHER-MasterJustificationBook_Air_Force_PB_2013.zzz_unzipped-MasterJustificationBook_Air_Force_PB_2013.xml","ebc9405b73ff930fed2756aa4bd842622b5bee610d3cd07c19cc24c5aa0f5678","0-4304fcdeb84cfebe71a68ce4f757ebf6c13936973020ed36ce9dc049343dc165","5-112961a398db4cb5cead7bde39fdbb81ddabd33820bc5cf92963fd27802de898","root.record.ItemExhibitList.P5Item.CostElementCategoryList.Hardware.NonRecurring.CostElementList.CostElement"
"AFNET SUPPORT - Hardware/Software Support","0.000","","","0.000","29.413","0.275","107","1.037","0.01","107","0.000","1.037","0.01","107","50.257","0.47","107","53.62","0.501","107","53.907","0.504","107","54.22","0.507","107","0.000","0","0.000","0.378","642","242.454","2013-BASE_PROCUREMENT-2013-AIRFORCE_OTHER-MasterJustificationBook_Air_Force_PB_2013.zzz_unzipped-MasterJustificationBook_Air_Force_PB_2013.xml","ebc9405b73ff930fed2756aa4bd842622b5bee610d3cd07c19cc24c5aa0f5678","1-f63de6804116090c939f81ccd422e6bff7daf5be22c9d9049aa435b455345f30","5-112961a398db4cb5cead7bde39fdbb81ddabd33820bc5cf92963fd27802de898","root.record.ItemExhibitList.P5Item.CostElementCategoryList.Hardware.NonRecurring.CostElementList.CostElement"
"AFNet Support - A & AS","0.000","","","0.000","1.993","","","2.025","","","0.000","2.025","","","2.058","","","2.091","","","2.125","","","2.159","","","","","0.000","","","12.451","2013-BASE_PROCUREMENT-2013-AIRFORCE_OTHER-MasterJustificationBook_Air_Force_PB_2013.zzz_unzipped-MasterJustificationBook_Air_Force_PB_2013.xml","ebc9405b73ff930fed2756aa4bd842622b5bee610d3cd07c19cc24c5aa0f5678","2-7883ca9fe330cd50bc61e59345ad3c0424d565d3539fecb7d384fbbd886c8170","5-112961a398db4cb5cead7bde39fdbb81ddabd33820bc5cf92963fd27802de898","root.record.ItemExhibitList.P5Item.CostElementCategoryList.Hardware.NonRecurring.CostElementList.CostElement"
"AFNET Support - Other","0.000","","","0.000","9.169","","","12.046","","","0.000","12.046","","","10.518","","","11.279","","","11.758","","","13.326","","","","","0.000","","","68.096","2013-BASE_PROCUREMENT-2013-AIRFORCE_OTHER-MasterJustificationBook_Air_Force_PB_2013.zzz_unzipped-MasterJustificationBook_Air_Force_PB_2013.xml","ebc9405b73ff930fed2756aa4bd842622b5bee610d3cd07c19cc24c5aa0f5678","3-e5b4075ab16338c7c7e4e9c77591527956c3e4ab10a4748e83620780df598bc8","5-112961a398db4cb5cead7bde39fdbb81ddabd33820bc5cf92963fd27802de898","root.record.ItemExhibitList.P5Item.CostElementCategoryList.Hardware.NonRecurring.CostElementList.CostElement"
"DaR - Prime Contract","0.000","","","7.196","0.000","","","0.000","","","0.000","0.000","","","0.000","","","0.000","","","0.000","","","0.000","","","","","0.000","","","7.196","2013-BASE_PROCUREMENT-2013-AIRFORCE_OTHER-MasterJustificationBook_Air_Force_PB_2013.zzz_unzipped-MasterJustificationBook_Air_Force_PB_2013.xml","ebc9405b73ff930fed2756aa4bd842622b5bee610d3cd07c19cc24c5aa0f5678","0-4f5226bc209c1c311a949ec506d13a07e048b5a7919e4ebb1b17695885d95d4c","6-273e29b6055870c2547524808865ed2bf6dbc2efede6d1d48753fbb9bfb62db6","root.record.ItemExhibitList.P5Item.CostElementCategoryList.Hardware.NonRecurring.CostElementList.CostElement"
"DaR- A & AS","0.000","","","1.134","0.000","","","0.000","","","0.000","0.000","","","0.000","","","0.000","","","0.000","","","0.000","","","","","0.000","","","1.134","2013-BASE_PROCUREMENT-2013-AIRFORCE_OTHER-MasterJustificationBook_Air_Force_PB_2013.zzz_unzipped-MasterJustificationBook_Air_Force_PB_2013.xml","ebc9405b73ff930fed2756aa4bd842622b5bee610d3cd07c19cc24c5aa0f5678","1-63f7d55ead5b9e376728403bcbdc524aae32757c1b4ef5e29aae3bd4b615f545","6-273e29b6055870c2547524808865ed2bf6dbc2efede6d1d48753fbb9bfb62db6","root.record.ItemExhibitList.P5Item.CostElementCategoryList.Hardware.NonRecurring.CostElementList.CostElement"
"DaR - Other","0.000","","","0.88","0.000","","","0.000","","","0.000","0.000","","","0.000","","","0.000","","","0.000","","","0.000","","","","","0.000","","","0.88","2013-BASE_PROCUREMENT-2013-AIRFORCE_OTHER-MasterJustificationBook_Air_Force_PB_2013.zzz_unzipped-MasterJustificationBook_Air_Force_PB_2013.xml","ebc9405b73ff930fed2756aa4bd842622b5bee610d3cd07c19cc24c5aa0f5678","2-04fcdfdd6f803cbaac3a7e6958cdba1bddd86a26180260525a09733f1cae5ad5","6-273e29b6055870c2547524808865ed2bf6dbc2efede6d1d48753fbb9bfb62db6","root.record.ItemExhibitList.P5Item.CostElementCategoryList.Hardware.NonRecurring.CostElementList.CostElement"
"VULNERABILITY LIFECYCLE MANAGEMENT SYSTEMS (VLMS) - Prime Contract","0.000","0.205","47","9.62","0.000","","","0.000","","","0.000","0.000","","","0.000","","","0.000","","","0.000","","","0.000","","","0.000","0","0.000","0.205","47","9.62","2013-BASE_PROCUREMENT-2013-AIRFORCE_OTHER-MasterJustificationBook_Air_Force_PB_2013.zzz_unzipped-MasterJustificationBook_Air_Force_PB_2013.xml","ebc9405b73ff930fed2756aa4bd842622b5bee610d3cd07c19cc24c5aa0f5678","0-ee4174c0a4536b6e9cb3d8c52d7f0fb95bbc10b065ce81ab52b4e465f18db70e","7-e3622bd7b41a600244cf288267207e6bb0e288103e307350105e18e5fea4ecca","root.record.ItemExhibitList.P5Item.CostElementCategoryList.Hardware.NonRecurring.CostElementList.CostElement"
"VLMS - A & AS","0.000","","","1.306","0.000","","","0.000","","","0.000","0.000","","","0.000","","","0.000","","","0.000","","","0.000","","","","","0.000","","","1.306","2013-BASE_PROCUREMENT-2013-AIRFORCE_OTHER-MasterJustificationBook_Air_Force_PB_2013.zzz_unzipped-MasterJustificationBook_Air_Force_PB_2013.xml","ebc9405b73ff930fed2756aa4bd842622b5bee610d3cd07c19cc24c5aa0f5678","1-4cb4ec9526dabd2df6894f7d92fe59c4a270fdbea3ab05c7683b088a702f7ac1","7-e3622bd7b41a600244cf288267207e6bb0e288103e307350105e18e5fea4ecca","root.record.ItemExhibitList.P5Item.CostElementCategoryList.Hardware.NonRecurring.CostElementList.CostElement"
"VLMS - Other","0.000","","","6.084","0.000","","","0.000","","","0.000","0.000","","","0.000","","","0.000","","","0.000","","","0.000","","","","","0.000","","","6.084","2013-BASE_PROCUREMENT-2013-AIRFORCE_OTHER-MasterJustificationBook_Air_Force_PB_2013.zzz_unzipped-MasterJustificationBook_Air_Force_PB_2013.xml","ebc9405b73ff930fed2756aa4bd842622b5bee610d3cd07c19cc24c5aa0f5678","2-93f60c5a16114446ee7f0db5cc0e4f6f4d67f8173db4ef2cd8445360f96a9902","7-e3622bd7b41a600244cf288267207e6bb0e288103e307350105e18e5fea4ecca","root.record.ItemExhibitList.P5Item.CostElementCategoryList.Hardware.NonRecurring.CostElementList.CostElement"
