Name_val,Cost_AllPriorYears_TotalCost_val,Cost_PriorYear_UnitCost_val,Cost_PriorYear_Quantity_val,Cost_PriorYear_TotalCost_val,Cost_CurrentYear_TotalCost_val,Cost_CurrentYear_UnitCost_val,Cost_CurrentYear_Quantity_val,Cost_BudgetYearOneBase_TotalCost_val,Cost_BudgetYearOneBase_UnitCost_val,Cost_BudgetYearOneBase_Quantity_val,Cost_BudgetYearOneOCO_TotalCost_val,Cost_BudgetYearOne_TotalCost_val,Cost_BudgetYearOne_UnitCost_val,Cost_BudgetYearOne_Quantity_val,Cost_BudgetYearTwo_TotalCost_val,Cost_BudgetYearTwo_UnitCost_val,Cost_BudgetYearTwo_Quantity_val,Cost_BudgetYearThree_TotalCost_val,Cost_BudgetYearThree_UnitCost_val,Cost_BudgetYearThree_Quantity_val,Cost_BudgetYearFour_TotalCost_val,Cost_BudgetYearFour_UnitCost_val,Cost_BudgetYearFour_Quantity_val,Cost_BudgetYearFive_TotalCost_val,Cost_BudgetYearFive_UnitCost_val,Cost_BudgetYearFive_Quantity_val,Cost_ToComplete_UnitCost_val,Cost_ToComplete_Quantity_val,Cost_ToComplete_TotalCost_val,Cost_Total_UnitCost_val,Cost_Total_Quantity_val,Cost_Total_TotalCost_val,@SOURCE_FILENAME,@RECORDID,@ROWID,@PARENTROWID,@PARENT
"AFNET INC 1 - Prime Contract","0.000","0.002","18","0.043","0.000","","","0.000","","","0.000","0.000","","","0.000","","","0.000","","","0.000","","","0.000","","","0.000","0","0.000","0.002","18","0.043","2013-BASE_PROCUREMENT-2013-AIRFORCE_OTHER-JustificationBook_Air_Force_PB_2013.zzz_unzipped-JustificationBook_Air_Force_PB_2013.xml","04240ecded67f436ddb6efcd685c9ef6fa5f098a08de556a233272c39a14662f","0-139f854fe08832c087e253ec51212254c5df0f93bb4d695c2ee154e8f4553795","0-1990861fcff16a44dd9caca9ec9c257a7e871569a59ab5724b6fa77415c28afc","root.record.ItemExhibitList.P5Item.CostElementCategoryList.Hardware.NonRecurring.CostElementList.CostElement"
"AFNET INC 1 - A & AS","0.000","","","2.323","0.000","","","0.000","","","0.000","0.000","","","0.000","","","0.000","","","0.000","","","0.000","","","","","0.000","","","2.323","2013-BASE_PROCUREMENT-2013-AIRFORCE_OTHER-JustificationBook_Air_Force_PB_2013.zzz_unzipped-JustificationBook_Air_Force_PB_2013.xml","04240ecded67f436ddb6efcd685c9ef6fa5f098a08de556a233272c39a14662f","1-05ff1d64f25c482876db83fa8295c7b2613987845b5c8ba5c6a8a4b0343be299","0-1990861fcff16a44dd9caca9ec9c257a7e871569a59ab5724b6fa77415c28afc","root.record.ItemExhibitList.P5Item.CostElementCategoryList.Hardware.NonRecurring.CostElementList.CostElement"
"AFNET INC 1 - Other","0.000","","","7.581","0.000","","","0.000","","","0.000","0.000","","","0.000","","","0.000","","","0.000","","","0.000","","","","","0.000","","","7.581","2013-BASE_PROCUREMENT-2013-AIRFORCE_OTHER-JustificationBook_Air_Force_PB_2013.zzz_unzipped-JustificationBook_Air_Force_PB_2013.xml","04240ecded67f436ddb6efcd685c9ef6fa5f098a08de556a233272c39a14662f","2-2ddf5f5536f442ae5034bc033c6bb3ffce7369ee4d7429b3e7b431852d98c3fa","0-1990861fcff16a44dd9caca9ec9c257a7e871569a59ab5724b6fa77415c28afc","root.record.ItemExhibitList.P5Item.CostElementCategoryList.Hardware.NonRecurring.CostElementList.CostElement"
"AFNET INC 2 - Prime Contract","0.000","0.811","45","36.484","27.202","0.486","56","44.595","0.409","109","0.000","44.595","0.409","109","15.896","0.568","28","13.651","0.268","51","7.995","0.286","28","9.133","0.761","12","0.000","0","0.000","0.471","329","154.956","2013-BASE_PROCUREMENT-2013-AIRFORCE_OTHER-JustificationBook_Air_Force_PB_2013.zzz_unzipped-JustificationBook_Air_Force_PB_2013.xml","04240ecded67f436ddb6efcd685c9ef6fa5f098a08de556a233272c39a14662f","0-d4e7aa3d8dc43dde45859f22648d756cd20a0c3857bce2348ffb1fd04f018153","1-64911d83a981b2456028370fef2b2498c221b76ffd4c3fa422192d6786332a94","root.record.ItemExhibitList.P5Item.CostElementCategoryList.Hardware.NonRecurring.CostElementList.CostElement"
"AFNET INC 2 - A & AS","0.000","","","2.515","2.496","","","2.089","","","0.000","2.089","","","1.954","","","1.925","","","1.024","","","1.043","","","","","0.000","","","13.046","2013-BASE_PROCUREMENT-2013-AIRFORCE_OTHER-JustificationBook_Air_Force_PB_2013.zzz_unzipped-JustificationBook_Air_Force_PB_2013.xml","04240ecded67f436ddb6efcd685c9ef6fa5f098a08de556a233272c39a14662f","1-178e38657c22f1fd555a85e4a81620fb34e190a41083877d0ffc87e6b6d149ac","1-64911d83a981b2456028370fef2b2498c221b76ffd4c3fa422192d6786332a94","root.record.ItemExhibitList.P5Item.CostElementCategoryList.Hardware.NonRecurring.CostElementList.CostElement"
"AFNET INC 2 - Other","0.000","","","11.208","4.726","","","3.763","","","0.000","3.763","","","2.823","","","2.706","","","1.48","","","1.506","","","","","0.000","","","28.212","2013-BASE_PROCUREMENT-2013-AIRFORCE_OTHER-JustificationBook_Air_Force_PB_2013.zzz_unzipped-JustificationBook_Air_Force_PB_2013.xml","04240ecded67f436ddb6efcd685c9ef6fa5f098a08de556a233272c39a14662f","2-8d99aaaf393f8a62f908433ca2be7a48b63f0aa1169ec5ac2b9c7a2bf163e476","1-64911d83a981b2456028370fef2b2498c221b76ffd4c3fa422192d6786332a94","root.record.ItemExhibitList.P5Item.CostElementCategoryList.Hardware.NonRecurring.CostElementList.CostElement"
"AFNET INC 3 - Prime Contract","0.000","","","4.076","12.97","0.102","127","22.341","0.302","74","0.000","22.341","0.302","74","0.000","","","0.000","","","0.000","","","0.000","","","0.000","0","0.000","0.196","201","39.387","2013-BASE_PROCUREMENT-2013-AIRFORCE_OTHER-JustificationBook_Air_Force_PB_2013.zzz_unzipped-JustificationBook_Air_Force_PB_2013.xml","04240ecded67f436ddb6efcd685c9ef6fa5f098a08de556a233272c39a14662f","0-5763fb348437c45d6119c0490c48319a117b9324d8265a7b2c69a2786c3dc5e1","2-dc5b4b3b46c6ca9206a88377cf8abc7704a0448f71aa5c38c1f3b69c008a69d5","root.record.ItemExhibitList.P5Item.CostElementCategoryList.Hardware.NonRecurring.CostElementList.CostElement"
"AFNET Inc 3 - A & AS","0.000","","","0.551","0.000","","","0.000","","","0.000","0.000","","","0.000","","","0.000","","","0.000","","","0.000","","","","","0.000","","","0.551","2013-BASE_PROCUREMENT-2013-AIRFORCE_OTHER-JustificationBook_Air_Force_PB_2013.zzz_unzipped-JustificationBook_Air_Force_PB_2013.xml","04240ecded67f436ddb6efcd685c9ef6fa5f098a08de556a233272c39a14662f","1-4b53ee9271dc848d4fa5326ed9837733d181a02ed01fd8ea992a5f642d9e1434","2-dc5b4b3b46c6ca9206a88377cf8abc7704a0448f71aa5c38c1f3b69c008a69d5","root.record.ItemExhibitList.P5Item.CostElementCategoryList.Hardware.NonRecurring.CostElementList.CostElement"
"AFNET INC 3 - Other","0.000","","","0.136","1.667","","","0.62","","","0.000","0.62","","","0.000","","","0.000","","","0.000","","","0.000","","","","","0.000","","","2.423","2013-BASE_PROCUREMENT-2013-AIRFORCE_OTHER-JustificationBook_Air_Force_PB_2013.zzz_unzipped-JustificationBook_Air_Force_PB_2013.xml","04240ecded67f436ddb6efcd685c9ef6fa5f098a08de556a233272c39a14662f","2-17f4b280af21a834ee535afcb678276ee5ec33e7f05145c2ca899ffc985c8868","2-dc5b4b3b46c6ca9206a88377cf8abc7704a0448f71aa5c38c1f3b69c008a69d5","root.record.ItemExhibitList.P5Item.CostElementCategoryList.Hardware.NonRecurring.CostElementList.CostElement"
"Host Based Security System - Prime Contract","0.000","","","0.000","0.000","","","6.375","0.06","106","0.000","6.375","0.06","106","6.603","0.062","106","12.304","0.116","106","14.477","0.137","106","11.25","0.106","106","0.000","0","0.000","0.096","530","51.009","2013-BASE_PROCUREMENT-2013-AIRFORCE_OTHER-JustificationBook_Air_Force_PB_2013.zzz_unzipped-JustificationBook_Air_Force_PB_2013.xml","04240ecded67f436ddb6efcd685c9ef6fa5f098a08de556a233272c39a14662f","0-36d55df740c32afa8154be731547fb7ea97cbd31eb07496487ba540833264208","3-d4d87204a7d8c8b9098d9ff6ff8edbbe2d88979f362d51cba94c82f682e91271","root.record.ItemExhibitList.P5Item.CostElementCategoryList.Hardware.NonRecurring.CostElementList.CostElement"
"Host Based Security System - A & AS","0.000","","","0.000","0.513","","","0.554","","","0.000","0.554","","","0.407","","","0.416","","","0.426","","","0.439","","","","","0.000","","","2.755","2013-BASE_PROCUREMENT-2013-AIRFORCE_OTHER-JustificationBook_Air_Force_PB_2013.zzz_unzipped-JustificationBook_Air_Force_PB_2013.xml","04240ecded67f436ddb6efcd685c9ef6fa5f098a08de556a233272c39a14662f","1-629dc36c770bf1fca779f24b75b4da16b4ed80c4139fd495062b1c288766e0b3","3-d4d87204a7d8c8b9098d9ff6ff8edbbe2d88979f362d51cba94c82f682e91271","root.record.ItemExhibitList.P5Item.CostElementCategoryList.Hardware.NonRecurring.CostElementList.CostElement"
"Host Based Security System - Other","0.000","","","0.000","2.222","","","2.554","","","0.000","2.554","","","4.235","","","2.365","","","0.366","","","3.818","","","","","0.000","","","15.56","2013-BASE_PROCUREMENT-2013-AIRFORCE_OTHER-JustificationBook_Air_Force_PB_2013.zzz_unzipped-JustificationBook_Air_Force_PB_2013.xml","04240ecded67f436ddb6efcd685c9ef6fa5f098a08de556a233272c39a14662f","2-bd9f9a7d86ca2df23669d4a2fbb572459d7ac4b76de9e0f01a332383e59ebcd2","3-d4d87204a7d8c8b9098d9ff6ff8edbbe2d88979f362d51cba94c82f682e91271","root.record.ItemExhibitList.P5Item.CostElementCategoryList.Hardware.NonRecurring.CostElementList.CostElement"
"HBSS Support","0.000","","","0.000","0.000","","","0.000","","","0.000","0.000","","","0.529","","","0.604","","","0.689","","","0.718","","","","","0.000","","","2.54","2013-BASE_PROCUREMENT-2013-AIRFORCE_OTHER-JustificationBook_Air_Force_PB_2013.zzz_unzipped-JustificationBook_Air_Force_PB_2013.xml","04240ecded67f436ddb6efcd685c9ef6fa5f098a08de556a233272c39a14662f","3-9cacbefdac1c62daea1c7828a0d960093daf80ebbdd5cbfaaf91452a6f1af150","3-d4d87204a7d8c8b9098d9ff6ff8edbbe2d88979f362d51cba94c82f682e91271","root.record.ItemExhibitList.P5Item.CostElementCategoryList.Hardware.NonRecurring.CostElementList.CostElement"
"VLMS - Prime Contract","0.000","","","0.000","0.000","","","2.191","0.049","45","0.000","2.191","0.049","45","0.000","","","0.000","","","0.000","","","0.000","","","0.000","0","0.000","0.049","45","2.191","2013-BASE_PROCUREMENT-2013-AIRFORCE_OTHER-JustificationBook_Air_Force_PB_2013.zzz_unzipped-JustificationBook_Air_Force_PB_2013.xml","04240ecded67f436ddb6efcd685c9ef6fa5f098a08de556a233272c39a14662f","0-b00a6d317d773cf90fe77fadc879ef8f93aa54481be5a2fb93394e016d07a244","4-19e621ee5db55946098f60fec97c86178eb5a50b667999dbcd3385c10a58c498","root.record.ItemExhibitList.P5Item.CostElementCategoryList.Hardware.NonRecurring.CostElementList.CostElement"
"VLMS - A & AS","0.000","","","0.000","1.318","","","1.34","","","0.000","1.34","","","1.363","","","0.000","","","0.000","","","0.000","","","","","0.000","","","4.021","2013-BASE_PROCUREMENT-2013-AIRFORCE_OTHER-JustificationBook_Air_Force_PB_2013.zzz_unzipped-JustificationBook_Air_Force_PB_2013.xml","04240ecded67f436ddb6efcd685c9ef6fa5f098a08de556a233272c39a14662f","1-37d958a14aef112ed0dc7db42997cbdb0600c6f6d75696d290d4062c56f51698","4-19e621ee5db55946098f60fec97c86178eb5a50b667999dbcd3385c10a58c498","root.record.ItemExhibitList.P5Item.CostElementCategoryList.Hardware.NonRecurring.CostElementList.CostElement"
"VLMS - Other","0.000","","","0.000","1.568","","","5.669","","","0.000","5.669","","","3.488","","","0.000","","","0.000","","","0.000","","","","","0.000","","","10.725","2013-BASE_PROCUREMENT-2013-AIRFORCE_OTHER-JustificationBook_Air_Force_PB_2013.zzz_unzipped-JustificationBook_Air_Force_PB_2013.xml","04240ecded67f436ddb6efcd685c9ef6fa5f098a08de556a233272c39a14662f","2-06e299137696e5d60e86ecc1b111445f9f63b43e5e135e82e3fda70bd451a7f2","4-19e621ee5db55946098f60fec97c86178eb5a50b667999dbcd3385c10a58c498","root.record.ItemExhibitList.P5Item.CostElementCategoryList.Hardware.NonRecurring.CostElementList.CostElement"
"AFNET Support - Prime Contract","0.000","","","0.000","33.208","1.845","18","18.589","1.033","18","0.000","18.589","1.033","18","57.395","3.189","18","87.12","4.84","18","77.131","4.285","18","77.167","4.287","18","0.000","0","0.000","3.246","108","350.61","2013-BASE_PROCUREMENT-2013-AIRFORCE_OTHER-JustificationBook_Air_Force_PB_2013.zzz_unzipped-JustificationBook_Air_Force_PB_2013.xml","04240ecded67f436ddb6efcd685c9ef6fa5f098a08de556a233272c39a14662f","0-73a5f4ce8fcf71457f0154b34de13fb93163337e14063126b4259c262577e99c","5-a693a620b27902edc625e2efc0e23e1df9a5cf1e22e7ae5d431423b731a07e61","root.record.ItemExhibitList.P5Item.CostElementCategoryList.Hardware.NonRecurring.CostElementList.CostElement"
"AFNET SUPPORT - Hardware/Software Support","0.000","","","0.000","29.413","0.275","107","1.037","0.01","107","0.000","1.037","0.01","107","50.257","0.47","107","53.62","0.501","107","53.907","0.504","107","54.22","0.507","107","0.000","0","0.000","0.378","642","242.454","2013-BASE_PROCUREMENT-2013-AIRFORCE_OTHER-JustificationBook_Air_Force_PB_2013.zzz_unzipped-JustificationBook_Air_Force_PB_2013.xml","04240ecded67f436ddb6efcd685c9ef6fa5f098a08de556a233272c39a14662f","1-6ba03e1e9a5099d2f94f03ee15ebaf2582ce7912a5b771babd5fe2f73f0e064a","5-a693a620b27902edc625e2efc0e23e1df9a5cf1e22e7ae5d431423b731a07e61","root.record.ItemExhibitList.P5Item.CostElementCategoryList.Hardware.NonRecurring.CostElementList.CostElement"
"AFNet Support - A & AS","0.000","","","0.000","1.993","","","2.025","","","0.000","2.025","","","2.058","","","2.091","","","2.125","","","2.159","","","","","0.000","","","12.451","2013-BASE_PROCUREMENT-2013-AIRFORCE_OTHER-JustificationBook_Air_Force_PB_2013.zzz_unzipped-JustificationBook_Air_Force_PB_2013.xml","04240ecded67f436ddb6efcd685c9ef6fa5f098a08de556a233272c39a14662f","2-51f0d07a94769f73e3f159cfe2399741fa3e0bf8ac66d95b9a3081bc86030877","5-a693a620b27902edc625e2efc0e23e1df9a5cf1e22e7ae5d431423b731a07e61","root.record.ItemExhibitList.P5Item.CostElementCategoryList.Hardware.NonRecurring.CostElementList.CostElement"
"AFNET Support - Other","0.000","","","0.000","9.169","","","12.046","","","0.000","12.046","","","10.518","","","11.279","","","11.758","","","13.326","","","","","0.000","","","68.096","2013-BASE_PROCUREMENT-2013-AIRFORCE_OTHER-JustificationBook_Air_Force_PB_2013.zzz_unzipped-JustificationBook_Air_Force_PB_2013.xml","04240ecded67f436ddb6efcd685c9ef6fa5f098a08de556a233272c39a14662f","3-8096c2467b14d0bfa1a631ba070349626d6c58ea9bea2ec5fa6adb0faf611277","5-a693a620b27902edc625e2efc0e23e1df9a5cf1e22e7ae5d431423b731a07e61","root.record.ItemExhibitList.P5Item.CostElementCategoryList.Hardware.NonRecurring.CostElementList.CostElement"
"DaR - Prime Contract","0.000","","","7.196","0.000","","","0.000","","","0.000","0.000","","","0.000","","","0.000","","","0.000","","","0.000","","","","","0.000","","","7.196","2013-BASE_PROCUREMENT-2013-AIRFORCE_OTHER-JustificationBook_Air_Force_PB_2013.zzz_unzipped-JustificationBook_Air_Force_PB_2013.xml","04240ecded67f436ddb6efcd685c9ef6fa5f098a08de556a233272c39a14662f","0-f0ce1257d2b1bbabcc04fb09e28b0420b94cd826043db41e208b905878d6a8c4","6-1a97c0fa1cf584bdb05f82c3ac02ef1fcc00907553e06397da60f9c9d49590da","root.record.ItemExhibitList.P5Item.CostElementCategoryList.Hardware.NonRecurring.CostElementList.CostElement"
"DaR- A & AS","0.000","","","1.134","0.000","","","0.000","","","0.000","0.000","","","0.000","","","0.000","","","0.000","","","0.000","","","","","0.000","","","1.134","2013-BASE_PROCUREMENT-2013-AIRFORCE_OTHER-JustificationBook_Air_Force_PB_2013.zzz_unzipped-JustificationBook_Air_Force_PB_2013.xml","04240ecded67f436ddb6efcd685c9ef6fa5f098a08de556a233272c39a14662f","1-a67eb3b638c89f32d322ea33cb3afeedf80ef60b175da83e23b4a2855f3cf206","6-1a97c0fa1cf584bdb05f82c3ac02ef1fcc00907553e06397da60f9c9d49590da","root.record.ItemExhibitList.P5Item.CostElementCategoryList.Hardware.NonRecurring.CostElementList.CostElement"
"DaR - Other","0.000","","","0.88","0.000","","","0.000","","","0.000","0.000","","","0.000","","","0.000","","","0.000","","","0.000","","","","","0.000","","","0.88","2013-BASE_PROCUREMENT-2013-AIRFORCE_OTHER-JustificationBook_Air_Force_PB_2013.zzz_unzipped-JustificationBook_Air_Force_PB_2013.xml","04240ecded67f436ddb6efcd685c9ef6fa5f098a08de556a233272c39a14662f","2-6050d13f31a7f5b1451a3acaed285b1072feca97e29abdd613ea3ad98ef56f73","6-1a97c0fa1cf584bdb05f82c3ac02ef1fcc00907553e06397da60f9c9d49590da","root.record.ItemExhibitList.P5Item.CostElementCategoryList.Hardware.NonRecurring.CostElementList.CostElement"
"VULNERABILITY LIFECYCLE MANAGEMENT SYSTEMS (VLMS) - Prime Contract","0.000","0.205","47","9.62","0.000","","","0.000","","","0.000","0.000","","","0.000","","","0.000","","","0.000","","","0.000","","","0.000","0","0.000","0.205","47","9.62","2013-BASE_PROCUREMENT-2013-AIRFORCE_OTHER-JustificationBook_Air_Force_PB_2013.zzz_unzipped-JustificationBook_Air_Force_PB_2013.xml","04240ecded67f436ddb6efcd685c9ef6fa5f098a08de556a233272c39a14662f","0-bf14c32d86617ac695ac651c7e92733964ed176b6903ee05d7036de4aad2a283","7-a95b37218a5d8e3ffba851cb44a29c36f272b3256ea6d1183635157a529c5d74","root.record.ItemExhibitList.P5Item.CostElementCategoryList.Hardware.NonRecurring.CostElementList.CostElement"
"VLMS - A & AS","0.000","","","1.306","0.000","","","0.000","","","0.000","0.000","","","0.000","","","0.000","","","0.000","","","0.000","","","","","0.000","","","1.306","2013-BASE_PROCUREMENT-2013-AIRFORCE_OTHER-JustificationBook_Air_Force_PB_2013.zzz_unzipped-JustificationBook_Air_Force_PB_2013.xml","04240ecded67f436ddb6efcd685c9ef6fa5f098a08de556a233272c39a14662f","1-2083378779f1ed6b6b8572a4a4cdcace14a7852df55a84a4e5c56e1b233b3db5","7-a95b37218a5d8e3ffba851cb44a29c36f272b3256ea6d1183635157a529c5d74","root.record.ItemExhibitList.P5Item.CostElementCategoryList.Hardware.NonRecurring.CostElementList.CostElement"
"VLMS - Other","0.000","","","6.084","0.000","","","0.000","","","0.000","0.000","","","0.000","","","0.000","","","0.000","","","0.000","","","","","0.000","","","6.084","2013-BASE_PROCUREMENT-2013-AIRFORCE_OTHER-JustificationBook_Air_Force_PB_2013.zzz_unzipped-JustificationBook_Air_Force_PB_2013.xml","04240ecded67f436ddb6efcd685c9ef6fa5f098a08de556a233272c39a14662f","2-03f2057df65a4015bad0235dc03cc147a02dca1ab1a1b8a748542c42fb64a8ae","7-a95b37218a5d8e3ffba851cb44a29c36f272b3256ea6d1183635157a529c5d74","root.record.ItemExhibitList.P5Item.CostElementCategoryList.Hardware.NonRecurring.CostElementList.CostElement"
"AFNET INC 1 - Prime Contract","0.000","0.002","18","0.043","0.000","","","0.000","","","0.000","0.000","","","0.000","","","0.000","","","0.000","","","0.000","","","0.000","0","0.000","0.002","18","0.043","2013-BASE_PROCUREMENT-2013-AIRFORCE_OTHER-MasterJustificationBook_Air_Force_PB_2013.zzz_unzipped-MasterJustificationBook_Air_Force_PB_2013.xml","ebc9405b73ff930fed2756aa4bd842622b5bee610d3cd07c19cc24c5aa0f5678","0-fc5010e7d3fbd2ab5542c8058ff73773459f50098c19c72734476235ea764791","0-c4f3bf579cfc6420a67c1263b6b3f3f5b7b3acfb1d4af4320f346a5f17055196","root.record.ItemExhibitList.P5Item.CostElementCategoryList.Hardware.NonRecurring.CostElementList.CostElement"
"AFNET INC 1 - A & AS","0.000","","","2.323","0.000","","","0.000","","","0.000","0.000","","","0.000","","","0.000","","","0.000","","","0.000","","","","","0.000","","","2.323","2013-BASE_PROCUREMENT-2013-AIRFORCE_OTHER-MasterJustificationBook_Air_Force_PB_2013.zzz_unzipped-MasterJustificationBook_Air_Force_PB_2013.xml","ebc9405b73ff930fed2756aa4bd842622b5bee610d3cd07c19cc24c5aa0f5678","1-f1e2cde96e7f0e3d8150b81847e3eff5b7415a8dbbbe78ecef4c5168e98b8ebe","0-c4f3bf579cfc6420a67c1263b6b3f3f5b7b3acfb1d4af4320f346a5f17055196","root.record.ItemExhibitList.P5Item.CostElementCategoryList.Hardware.NonRecurring.CostElementList.CostElement"
"AFNET INC 1 - Other","0.000","","","7.581","0.000","","","0.000","","","0.000","0.000","","","0.000","","","0.000","","","0.000","","","0.000","","","","","0.000","","","7.581","2013-BASE_PROCUREMENT-2013-AIRFORCE_OTHER-MasterJustificationBook_Air_Force_PB_2013.zzz_unzipped-MasterJustificationBook_Air_Force_PB_2013.xml","ebc9405b73ff930fed2756aa4bd842622b5bee610d3cd07c19cc24c5aa0f5678","2-20297482884093381ec439485950685b2cfd75456c2bbe365742652ba2178e7f","0-c4f3bf579cfc6420a67c1263b6b3f3f5b7b3acfb1d4af4320f346a5f17055196","root.record.ItemExhibitList.P5Item.CostElementCategoryList.Hardware.NonRecurring.CostElementList.CostElement"
"AFNET INC 2 - Prime Contract","0.000","0.811","45","36.484","27.202","0.486","56","44.595","0.409","109","0.000","44.595","0.409","109","15.896","0.568","28","13.651","0.268","51","7.995","0.286","28","9.133","0.761","12","0.000","0","0.000","0.471","329","154.956","2013-BASE_PROCUREMENT-2013-AIRFORCE_OTHER-MasterJustificationBook_Air_Force_PB_2013.zzz_unzipped-MasterJustificationBook_Air_Force_PB_2013.xml","ebc9405b73ff930fed2756aa4bd842622b5bee610d3cd07c19cc24c5aa0f5678","0-df2649bba9826e7179956e6a770e5fac4f14b3a99dcb91d7ffa3ad1f32c3215c","1-361d5c4d1be66e0ed0b2ede9642e1151b46c39dbdfac8ef28ff9562ca50d8f27","root.record.ItemExhibitList.P5Item.CostElementCategoryList.Hardware.NonRecurring.CostElementList.CostElement"
"AFNET INC 2 - A & AS","0.000","","","2.515","2.496","","","2.089","","","0.000","2.089","","","1.954","","","1.925","","","1.024","","","1.043","","","","","0.000","","","13.046","2013-BASE_PROCUREMENT-2013-AIRFORCE_OTHER-MasterJustificationBook_Air_Force_PB_2013.zzz_unzipped-MasterJustificationBook_Air_Force_PB_2013.xml","ebc9405b73ff930fed2756aa4bd842622b5bee610d3cd07c19cc24c5aa0f5678","1-ebe7591dc1931051aef10e8edc826e0402055616209b863c68a46285bcf845bc","1-361d5c4d1be66e0ed0b2ede9642e1151b46c39dbdfac8ef28ff9562ca50d8f27","root.record.ItemExhibitList.P5Item.CostElementCategoryList.Hardware.NonRecurring.CostElementList.CostElement"
"AFNET INC 2 - Other","0.000","","","11.208","4.726","","","3.763","","","0.000","3.763","","","2.823","","","2.706","","","1.48","","","1.506","","","","","0.000","","","28.212","2013-BASE_PROCUREMENT-2013-AIRFORCE_OTHER-MasterJustificationBook_Air_Force_PB_2013.zzz_unzipped-MasterJustificationBook_Air_Force_PB_2013.xml","ebc9405b73ff930fed2756aa4bd842622b5bee610d3cd07c19cc24c5aa0f5678","2-a2ba741a2119ac2455754877f66fb79cfe7fe4ee4f0d2acd28ea79243d309531","1-361d5c4d1be66e0ed0b2ede9642e1151b46c39dbdfac8ef28ff9562ca50d8f27","root.record.ItemExhibitList.P5Item.CostElementCategoryList.Hardware.NonRecurring.CostElementList.CostElement"
"AFNET INC 3 - Prime Contract","0.000","","","4.076","12.97","0.102","127","22.341","0.302","74","0.000","22.341","0.302","74","0.000","","","0.000","","","0.000","","","0.000","","","0.000","0","0.000","0.196","201","39.387","2013-BASE_PROCUREMENT-2013-AIRFORCE_OTHER-MasterJustificationBook_Air_Force_PB_2013.zzz_unzipped-MasterJustificationBook_Air_Force_PB_2013.xml","ebc9405b73ff930fed2756aa4bd842622b5bee610d3cd07c19cc24c5aa0f5678","0-2cdad4a392d057b1893428255c9b873d08f60d7bcc2ee38ee49c68c6faa1de85","2-7196f0b72bb01601d706e5601f145c35a66b6a83d44abde69bf9f3401acd616e","root.record.ItemExhibitList.P5Item.CostElementCategoryList.Hardware.NonRecurring.CostElementList.CostElement"
"AFNET Inc 3 - A & AS","0.000","","","0.551","0.000","","","0.000","","","0.000","0.000","","","0.000","","","0.000","","","0.000","","","0.000","","","","","0.000","","","0.551","2013-BASE_PROCUREMENT-2013-AIRFORCE_OTHER-MasterJustificationBook_Air_Force_PB_2013.zzz_unzipped-MasterJustificationBook_Air_Force_PB_2013.xml","ebc9405b73ff930fed2756aa4bd842622b5bee610d3cd07c19cc24c5aa0f5678","1-fbd2022f5b6abea84f28dd6a974b40d439041fcbeee593d931d590dc6da58145","2-7196f0b72bb01601d706e5601f145c35a66b6a83d44abde69bf9f3401acd616e","root.record.ItemExhibitList.P5Item.CostElementCategoryList.Hardware.NonRecurring.CostElementList.CostElement"
"AFNET INC 3 - Other","0.000","","","0.136","1.667","","","0.62","","","0.000","0.62","","","0.000","","","0.000","","","0.000","","","0.000","","","","","0.000","","","2.423","2013-BASE_PROCUREMENT-2013-AIRFORCE_OTHER-MasterJustificationBook_Air_Force_PB_2013.zzz_unzipped-MasterJustificationBook_Air_Force_PB_2013.xml","ebc9405b73ff930fed2756aa4bd842622b5bee610d3cd07c19cc24c5aa0f5678","2-40c764cf13dacf04732ba567012e9be3ed17a2727371bf5d13d63930411acef6","2-7196f0b72bb01601d706e5601f145c35a66b6a83d44abde69bf9f3401acd616e","root.record.ItemExhibitList.P5Item.CostElementCategoryList.Hardware.NonRecurring.CostElementList.CostElement"
"Host Based Security System - Prime Contract","0.000","","","0.000","0.000","","","6.375","0.06","106","0.000","6.375","0.06","106","6.603","0.062","106","12.304","0.116","106","14.477","0.137","106","11.25","0.106","106","0.000","0","0.000","0.096","530","51.009","2013-BASE_PROCUREMENT-2013-AIRFORCE_OTHER-MasterJustificationBook_Air_Force_PB_2013.zzz_unzipped-MasterJustificationBook_Air_Force_PB_2013.xml","ebc9405b73ff930fed2756aa4bd842622b5bee610d3cd07c19cc24c5aa0f5678","0-88ed5473ead5eb505528bfe007882cfedd9979687ff952f634ad4c7ed3a402b0","3-f40a35e15b4d861d0d55576a6662a3344f9594b4cdd5a6bbabc0552dc364e056","root.record.ItemExhibitList.P5Item.CostElementCategoryList.Hardware.NonRecurring.CostElementList.CostElement"
"Host Based Security System - A & AS","0.000","","","0.000","0.513","","","0.554","","","0.000","0.554","","","0.407","","","0.416","","","0.426","","","0.439","","","","","0.000","","","2.755","2013-BASE_PROCUREMENT-2013-AIRFORCE_OTHER-MasterJustificationBook_Air_Force_PB_2013.zzz_unzipped-MasterJustificationBook_Air_Force_PB_2013.xml","ebc9405b73ff930fed2756aa4bd842622b5bee610d3cd07c19cc24c5aa0f5678","1-ce2fb840db9318a5b5fd5d813c057d7d09afae3df60eb2a5326b7dcda2770494","3-f40a35e15b4d861d0d55576a6662a3344f9594b4cdd5a6bbabc0552dc364e056","root.record.ItemExhibitList.P5Item.CostElementCategoryList.Hardware.NonRecurring.CostElementList.CostElement"
"Host Based Security System - Other","0.000","","","0.000","2.222","","","2.554","","","0.000","2.554","","","4.235","","","2.365","","","0.366","","","3.818","","","","","0.000","","","15.56","2013-BASE_PROCUREMENT-2013-AIRFORCE_OTHER-MasterJustificationBook_Air_Force_PB_2013.zzz_unzipped-MasterJustificationBook_Air_Force_PB_2013.xml","ebc9405b73ff930fed2756aa4bd842622b5bee610d3cd07c19cc24c5aa0f5678","2-6974e6eb3c56f9d414714cb9076b8a57480c47456a19e775af9ee602f67b4f84","3-f40a35e15b4d861d0d55576a6662a3344f9594b4cdd5a6bbabc0552dc364e056","root.record.ItemExhibitList.P5Item.CostElementCategoryList.Hardware.NonRecurring.CostElementList.CostElement"
"HBSS Support","0.000","","","0.000","0.000","","","0.000","","","0.000","0.000","","","0.529","","","0.604","","","0.689","","","0.718","","","","","0.000","","","2.54","2013-BASE_PROCUREMENT-2013-AIRFORCE_OTHER-MasterJustificationBook_Air_Force_PB_2013.zzz_unzipped-MasterJustificationBook_Air_Force_PB_2013.xml","ebc9405b73ff930fed2756aa4bd842622b5bee610d3cd07c19cc24c5aa0f5678","3-8859151759c57e9a461147e5e61e9e73aecf729ba7242441e8cfdf2230c87c36","3-f40a35e15b4d861d0d55576a6662a3344f9594b4cdd5a6bbabc0552dc364e056","root.record.ItemExhibitList.P5Item.CostElementCategoryList.Hardware.NonRecurring.CostElementList.CostElement"
"VLMS - Prime Contract","0.000","","","0.000","0.000","","","2.191","0.049","45","0.000","2.191","0.049","45","0.000","","","0.000","","","0.000","","","0.000","","","0.000","0","0.000","0.049","45","2.191","2013-BASE_PROCUREMENT-2013-AIRFORCE_OTHER-MasterJustificationBook_Air_Force_PB_2013.zzz_unzipped-MasterJustificationBook_Air_Force_PB_2013.xml","ebc9405b73ff930fed2756aa4bd842622b5bee610d3cd07c19cc24c5aa0f5678","0-3182b6afa870766ca695a4d0be0b78619f6f4533d0e473b163258202deeaa698","4-a6fb6c3edea91f0cb541c2937aa6286644b0a5fc1835283248334b4361c23f59","root.record.ItemExhibitList.P5Item.CostElementCategoryList.Hardware.NonRecurring.CostElementList.CostElement"
"VLMS - A & AS","0.000","","","0.000","1.318","","","1.34","","","0.000","1.34","","","1.363","","","0.000","","","0.000","","","0.000","","","","","0.000","","","4.021","2013-BASE_PROCUREMENT-2013-AIRFORCE_OTHER-MasterJustificationBook_Air_Force_PB_2013.zzz_unzipped-MasterJustificationBook_Air_Force_PB_2013.xml","ebc9405b73ff930fed2756aa4bd842622b5bee610d3cd07c19cc24c5aa0f5678","1-1f9011a1e1bcb475f6cffe69d46ceb54958e87688cdba20bc3ece44b169b79c3","4-a6fb6c3edea91f0cb541c2937aa6286644b0a5fc1835283248334b4361c23f59","root.record.ItemExhibitList.P5Item.CostElementCategoryList.Hardware.NonRecurring.CostElementList.CostElement"
"VLMS - Other","0.000","","","0.000","1.568","","","5.669","","","0.000","5.669","","","3.488","","","0.000","","","0.000","","","0.000","","","","","0.000","","","10.725","2013-BASE_PROCUREMENT-2013-AIRFORCE_OTHER-MasterJustificationBook_Air_Force_PB_2013.zzz_unzipped-MasterJustificationBook_Air_Force_PB_2013.xml","ebc9405b73ff930fed2756aa4bd842622b5bee610d3cd07c19cc24c5aa0f5678","2-1fdce3f7ca3cfa7bf26d776d0708d6e5936aceb36db6efd901ffecb1674606ee","4-a6fb6c3edea91f0cb541c2937aa6286644b0a5fc1835283248334b4361c23f59","root.record.ItemExhibitList.P5Item.CostElementCategoryList.Hardware.NonRecurring.CostElementList.CostElement"
"AFNET Support - Prime Contract","0.000","","","0.000","33.208","1.845","18","18.589","1.033","18","0.000","18.589","1.033","18","57.395","3.189","18","87.12","4.84","18","77.131","4.285","18","77.167","4.287","18","0.000","0","0.000","3.246","108","350.61","2013-BASE_PROCUREMENT-2013-AIRFORCE_OTHER-MasterJustificationBook_Air_Force_PB_2013.zzz_unzipped-MasterJustificationBook_Air_Force_PB_2013.xml","ebc9405b73ff930fed2756aa4bd842622b5bee610d3cd07c19cc24c5aa0f5678","0-66491ad572c16cdcfff919d58c7e0a53f6be41778af6cc639ca5a72b4bfdae87","5-8040e4f2eda1c1312228e67956fac001677fdf1824547453f8d511adc0b689f6","root.record.ItemExhibitList.P5Item.CostElementCategoryList.Hardware.NonRecurring.CostElementList.CostElement"
"AFNET SUPPORT - Hardware/Software Support","0.000","","","0.000","29.413","0.275","107","1.037","0.01","107","0.000","1.037","0.01","107","50.257","0.47","107","53.62","0.501","107","53.907","0.504","107","54.22","0.507","107","0.000","0","0.000","0.378","642","242.454","2013-BASE_PROCUREMENT-2013-AIRFORCE_OTHER-MasterJustificationBook_Air_Force_PB_2013.zzz_unzipped-MasterJustificationBook_Air_Force_PB_2013.xml","ebc9405b73ff930fed2756aa4bd842622b5bee610d3cd07c19cc24c5aa0f5678","1-0fd773b813dd88d31435992e16969c6c196c02c371ad3fef561c6b9b5a795f57","5-8040e4f2eda1c1312228e67956fac001677fdf1824547453f8d511adc0b689f6","root.record.ItemExhibitList.P5Item.CostElementCategoryList.Hardware.NonRecurring.CostElementList.CostElement"
"AFNet Support - A & AS","0.000","","","0.000","1.993","","","2.025","","","0.000","2.025","","","2.058","","","2.091","","","2.125","","","2.159","","","","","0.000","","","12.451","2013-BASE_PROCUREMENT-2013-AIRFORCE_OTHER-MasterJustificationBook_Air_Force_PB_2013.zzz_unzipped-MasterJustificationBook_Air_Force_PB_2013.xml","ebc9405b73ff930fed2756aa4bd842622b5bee610d3cd07c19cc24c5aa0f5678","2-9b59abeaf9a1356caa61cc67b3fa29b1adf17310eef97fcd77830402af0423dd","5-8040e4f2eda1c1312228e67956fac001677fdf1824547453f8d511adc0b689f6","root.record.ItemExhibitList.P5Item.CostElementCategoryList.Hardware.NonRecurring.CostElementList.CostElement"
"AFNET Support - Other","0.000","","","0.000","9.169","","","12.046","","","0.000","12.046","","","10.518","","","11.279","","","11.758","","","13.326","","","","","0.000","","","68.096","2013-BASE_PROCUREMENT-2013-AIRFORCE_OTHER-MasterJustificationBook_Air_Force_PB_2013.zzz_unzipped-MasterJustificationBook_Air_Force_PB_2013.xml","ebc9405b73ff930fed2756aa4bd842622b5bee610d3cd07c19cc24c5aa0f5678","3-a8fe9fad88148c40650723c586ece132541af3b44023d6fa1e43d7fe230cdfbf","5-8040e4f2eda1c1312228e67956fac001677fdf1824547453f8d511adc0b689f6","root.record.ItemExhibitList.P5Item.CostElementCategoryList.Hardware.NonRecurring.CostElementList.CostElement"
"DaR - Prime Contract","0.000","","","7.196","0.000","","","0.000","","","0.000","0.000","","","0.000","","","0.000","","","0.000","","","0.000","","","","","0.000","","","7.196","2013-BASE_PROCUREMENT-2013-AIRFORCE_OTHER-MasterJustificationBook_Air_Force_PB_2013.zzz_unzipped-MasterJustificationBook_Air_Force_PB_2013.xml","ebc9405b73ff930fed2756aa4bd842622b5bee610d3cd07c19cc24c5aa0f5678","0-801695b90dc5e26a8be8bef31a50804f43414558bcc6c2e67e41f921211d8229","6-5d71be4af4f5e516c413c71215a4018c7f0f0292b9df9bf394c79590d3b38907","root.record.ItemExhibitList.P5Item.CostElementCategoryList.Hardware.NonRecurring.CostElementList.CostElement"
"DaR- A & AS","0.000","","","1.134","0.000","","","0.000","","","0.000","0.000","","","0.000","","","0.000","","","0.000","","","0.000","","","","","0.000","","","1.134","2013-BASE_PROCUREMENT-2013-AIRFORCE_OTHER-MasterJustificationBook_Air_Force_PB_2013.zzz_unzipped-MasterJustificationBook_Air_Force_PB_2013.xml","ebc9405b73ff930fed2756aa4bd842622b5bee610d3cd07c19cc24c5aa0f5678","1-2722fc82fe4aa72ebbc3de8dae512840162cf446dc6f05b8e8dbd688c19bc274","6-5d71be4af4f5e516c413c71215a4018c7f0f0292b9df9bf394c79590d3b38907","root.record.ItemExhibitList.P5Item.CostElementCategoryList.Hardware.NonRecurring.CostElementList.CostElement"
"DaR - Other","0.000","","","0.88","0.000","","","0.000","","","0.000","0.000","","","0.000","","","0.000","","","0.000","","","0.000","","","","","0.000","","","0.88","2013-BASE_PROCUREMENT-2013-AIRFORCE_OTHER-MasterJustificationBook_Air_Force_PB_2013.zzz_unzipped-MasterJustificationBook_Air_Force_PB_2013.xml","ebc9405b73ff930fed2756aa4bd842622b5bee610d3cd07c19cc24c5aa0f5678","2-db467d02c81741e7c46afb847528354028eea7f892dfc4881b44b5b51d5592e6","6-5d71be4af4f5e516c413c71215a4018c7f0f0292b9df9bf394c79590d3b38907","root.record.ItemExhibitList.P5Item.CostElementCategoryList.Hardware.NonRecurring.CostElementList.CostElement"
"VULNERABILITY LIFECYCLE MANAGEMENT SYSTEMS (VLMS) - Prime Contract","0.000","0.205","47","9.62","0.000","","","0.000","","","0.000","0.000","","","0.000","","","0.000","","","0.000","","","0.000","","","0.000","0","0.000","0.205","47","9.62","2013-BASE_PROCUREMENT-2013-AIRFORCE_OTHER-MasterJustificationBook_Air_Force_PB_2013.zzz_unzipped-MasterJustificationBook_Air_Force_PB_2013.xml","ebc9405b73ff930fed2756aa4bd842622b5bee610d3cd07c19cc24c5aa0f5678","0-1012b801e8d68e4036560470620264f3588a298dd69f3b1926e4413abc87e8f6","7-d3365189bbd013da04abe08a73353a05f9c87fef0e41056624423fc12a4b62b0","root.record.ItemExhibitList.P5Item.CostElementCategoryList.Hardware.NonRecurring.CostElementList.CostElement"
"VLMS - A & AS","0.000","","","1.306","0.000","","","0.000","","","0.000","0.000","","","0.000","","","0.000","","","0.000","","","0.000","","","","","0.000","","","1.306","2013-BASE_PROCUREMENT-2013-AIRFORCE_OTHER-MasterJustificationBook_Air_Force_PB_2013.zzz_unzipped-MasterJustificationBook_Air_Force_PB_2013.xml","ebc9405b73ff930fed2756aa4bd842622b5bee610d3cd07c19cc24c5aa0f5678","1-56d2ad5112dea37feb278d3984172e7a6784448b7643763743b08c3153c646af","7-d3365189bbd013da04abe08a73353a05f9c87fef0e41056624423fc12a4b62b0","root.record.ItemExhibitList.P5Item.CostElementCategoryList.Hardware.NonRecurring.CostElementList.CostElement"
"VLMS - Other","0.000","","","6.084","0.000","","","0.000","","","0.000","0.000","","","0.000","","","0.000","","","0.000","","","0.000","","","","","0.000","","","6.084","2013-BASE_PROCUREMENT-2013-AIRFORCE_OTHER-MasterJustificationBook_Air_Force_PB_2013.zzz_unzipped-MasterJustificationBook_Air_Force_PB_2013.xml","ebc9405b73ff930fed2756aa4bd842622b5bee610d3cd07c19cc24c5aa0f5678","2-985de120a6e061b0eb2331069c816db6a32e53a368d0426d03293ca85d0a9be5","7-d3365189bbd013da04abe08a73353a05f9c87fef0e41056624423fc12a4b62b0","root.record.ItemExhibitList.P5Item.CostElementCategoryList.Hardware.NonRecurring.CostElementList.CostElement"
