Name_val,Cost_Quantity_PriorYear_val,Cost_Quantity_CurrentYear_val,Cost_Quantity_BudgetYearOneBase_val,Cost_Quantity_BudgetYearOne_val,Cost_Quantity_BudgetYearTwo_val,Cost_Quantity_BudgetYearThree_val,Cost_Quantity_BudgetYearFour_val,Cost_Quantity_BudgetYearFive_val,Cost_TotalCost_PriorYear_val,Cost_TotalCost_CurrentYear_val,Cost_TotalCost_BudgetYearOneBase_val,Cost_TotalCost_BudgetYearOne_val,Cost_TotalCost_BudgetYearTwo_val,Cost_TotalCost_BudgetYearThree_val,Cost_TotalCost_BudgetYearFour_val,Cost_TotalCost_BudgetYearFive_val,@SOURCE_FILENAME,@RECORDID,@ROWID,@PARENTROWID,@PARENT
"Air Force Active","1","4","8","8","","","","","1.132","4.728","6.718","6.718","","","","","2015-BASE_PROCUREMENT-2015-AIRFORCE_AIRCRAFT_VOL2-PROCUREMENT_JustificationBook_Air_Force_PB_2015.zzz_unzipped-PROCUREMENT_JustificationBook_Air_Force_PB_2015.xml","64acb54550a4560598d7d665ce51dd7ecd276be3097259da048227510b8c8d9d","0-cc5178fd4987c18bcfe1c5f2263fc66dc7a7dce2b3094272cb0e7643876d6cd4","0-3c2be1d146f8932339a3ff1f33726f3ac254081382e2f51f29132937553f129d","root.record.ItemExhibitList.P3AModificationItemGroup.ModificationItemList.ModificationItem.Installation.ImplementationMethodList.ImplementationMethod"
"Air Force Active","","2","2","2","","","","","","0.675","0.66","0.66","","","","","2015-BASE_PROCUREMENT-2015-AIRFORCE_AIRCRAFT_VOL2-PROCUREMENT_JustificationBook_Air_Force_PB_2015.zzz_unzipped-PROCUREMENT_JustificationBook_Air_Force_PB_2015.xml","64acb54550a4560598d7d665ce51dd7ecd276be3097259da048227510b8c8d9d","0-4affb245c7f1f9d6a079ee451e6b8c8f3bf77eb55e30d25d904a0c6d095bcd3c","1-294ce1b6b123729b53c0030ce03b77d1072a2c37f5752dd14359b7ef26fe766f","root.record.ItemExhibitList.P3AModificationItemGroup.ModificationItemList.ModificationItem.Installation.ImplementationMethodList.ImplementationMethod"
"Air Force Active","","","7","7","","","","","","","4.401","4.401","","","","","2015-BASE_PROCUREMENT-2015-AIRFORCE_AIRCRAFT_VOL2-PROCUREMENT_JustificationBook_Air_Force_PB_2015.zzz_unzipped-PROCUREMENT_JustificationBook_Air_Force_PB_2015.xml","b8767409fbe18f979daf324b822c3fc717f2bfd9a9a8e2c0e9528e4bdde4d803","0-27b2bdbee8a1c03e6df1ca5299c820a785bed0600ca9f86ff6eda0759a8b3346","0-3a454420978d70f2f3ba7df38be2cc567aa9042e2109d3964de8ece31af966ad","root.record.ItemExhibitList.P3AModificationItemGroup.ModificationItemList.ModificationItem.Installation.ImplementationMethodList.ImplementationMethod"
"Air Force Active","11","6","","","","","","","222.512","149.612","","","","","","","2015-BASE_PROCUREMENT-2015-AIRFORCE_AIRCRAFT_VOL2-PROCUREMENT_JustificationBook_Air_Force_PB_2015.zzz_unzipped-PROCUREMENT_JustificationBook_Air_Force_PB_2015.xml","e049539817dd22b34918c2c0be8271bbbd79d6b6a486234ddff8e6be076c0e3d","0-7aa114e21438171506dab468ca2ffd1c95dedb3972f20aff123cf21b92eb7e7f","0-35ddd54b494941bc31fcc7d9d355c533660ce3297f42e8516359a1294ddc496f","root.record.ItemExhibitList.P3AModificationItemGroup.ModificationItemList.ModificationItem.Installation.ImplementationMethodList.ImplementationMethod"
"Air Force Reserve","","5","11","11","","","","","","124.676","254.23","254.23","","","","","2015-BASE_PROCUREMENT-2015-AIRFORCE_AIRCRAFT_VOL2-PROCUREMENT_JustificationBook_Air_Force_PB_2015.zzz_unzipped-PROCUREMENT_JustificationBook_Air_Force_PB_2015.xml","e049539817dd22b34918c2c0be8271bbbd79d6b6a486234ddff8e6be076c0e3d","1-805bb3a477c3f9a6570f5277406391ab4deb8e533b78f278f8396496d5248db0","0-35ddd54b494941bc31fcc7d9d355c533660ce3297f42e8516359a1294ddc496f","root.record.ItemExhibitList.P3AModificationItemGroup.ModificationItemList.ModificationItem.Installation.ImplementationMethodList.ImplementationMethod"
"Air Force Active","10","28","22","22","28","1","","","1.496","3.007","4.975","4.975","5.787","0.213","","","2015-BASE_PROCUREMENT-2015-AIRFORCE_AIRCRAFT_VOL2-PROCUREMENT_JustificationBook_Air_Force_PB_2015.zzz_unzipped-PROCUREMENT_JustificationBook_Air_Force_PB_2015.xml","2c3a42ac96c574f3a05d311e38d1fd39e76b2eaa077eed338c2b56579168a566","0-078954fdc38ae94b77e989acefc87bb0439545bef5014ed4b205a6c74d51957e","0-ed48b1ca9dbaaa69474ba25179957acd7a1029b7c1f5794616a61e3b7129223f","root.record.ItemExhibitList.P3AModificationItemGroup.ModificationItemList.ModificationItem.Installation.ImplementationMethodList.ImplementationMethod"
"Air National Guard","5","1","3","3","","13","","","0.748","0.107","0.678","0.678","","2.767","","","2015-BASE_PROCUREMENT-2015-AIRFORCE_AIRCRAFT_VOL2-PROCUREMENT_JustificationBook_Air_Force_PB_2015.zzz_unzipped-PROCUREMENT_JustificationBook_Air_Force_PB_2015.xml","2c3a42ac96c574f3a05d311e38d1fd39e76b2eaa077eed338c2b56579168a566","1-47f7798dcb19e3dac86eb7862fc214fe7a64207a9deb58b80c03455e3e63f5de","0-ed48b1ca9dbaaa69474ba25179957acd7a1029b7c1f5794616a61e3b7129223f","root.record.ItemExhibitList.P3AModificationItemGroup.ModificationItemList.ModificationItem.Installation.ImplementationMethodList.ImplementationMethod"
"Air Force Reserve","","1","4","4","1","3","","","","0.108","0.906","0.906","0.207","0.638","","","2015-BASE_PROCUREMENT-2015-AIRFORCE_AIRCRAFT_VOL2-PROCUREMENT_JustificationBook_Air_Force_PB_2015.zzz_unzipped-PROCUREMENT_JustificationBook_Air_Force_PB_2015.xml","2c3a42ac96c574f3a05d311e38d1fd39e76b2eaa077eed338c2b56579168a566","2-b13f087e1e14398ab7a8542387f6b5a9d3b100ab099bbc6960e82519f0c3b3e4","0-ed48b1ca9dbaaa69474ba25179957acd7a1029b7c1f5794616a61e3b7129223f","root.record.ItemExhibitList.P3AModificationItemGroup.ModificationItemList.ModificationItem.Installation.ImplementationMethodList.ImplementationMethod"
"Air Force Active","144","79","30","30","","","","","90.713","8.449","9.615","9.615","","","","","2015-BASE_PROCUREMENT-2015-AIRFORCE_AIRCRAFT_VOL2-PROCUREMENT_JustificationBook_Air_Force_PB_2015.zzz_unzipped-PROCUREMENT_JustificationBook_Air_Force_PB_2015.xml","2c3a42ac96c574f3a05d311e38d1fd39e76b2eaa077eed338c2b56579168a566","0-f93be1bd41dc6ad35d413ff13bc2660c334e11284fbc7e6678d9019c58f18f18","0-ec26f753126f21899df491ecc677e5e772d1240057a971d4f485c943b18ef979","root.record.ItemExhibitList.P3AModificationItemGroup.ModificationItemList.ModificationItem.Installation.ImplementationMethodList.ImplementationMethod"
"Air National Guard","14","55","51","51","","","","","9.833","10.044","16.898","16.898","","","","","2015-BASE_PROCUREMENT-2015-AIRFORCE_AIRCRAFT_VOL2-PROCUREMENT_JustificationBook_Air_Force_PB_2015.zzz_unzipped-PROCUREMENT_JustificationBook_Air_Force_PB_2015.xml","2c3a42ac96c574f3a05d311e38d1fd39e76b2eaa077eed338c2b56579168a566","1-a809fa92ac9d3834b9531e812c8b25320706a34df4a059c58867d598972af829","0-ec26f753126f21899df491ecc677e5e772d1240057a971d4f485c943b18ef979","root.record.ItemExhibitList.P3AModificationItemGroup.ModificationItemList.ModificationItem.Installation.ImplementationMethodList.ImplementationMethod"
"Air Force Reserve","12","21","58","58","","","","","8.429","3.653","18.589","18.589","","","","","2015-BASE_PROCUREMENT-2015-AIRFORCE_AIRCRAFT_VOL2-PROCUREMENT_JustificationBook_Air_Force_PB_2015.zzz_unzipped-PROCUREMENT_JustificationBook_Air_Force_PB_2015.xml","2c3a42ac96c574f3a05d311e38d1fd39e76b2eaa077eed338c2b56579168a566","2-2813efe5ae69a310ff9c582974b66ac5ebce6153cde8a86a585a8ffa77b92ed0","0-ec26f753126f21899df491ecc677e5e772d1240057a971d4f485c943b18ef979","root.record.ItemExhibitList.P3AModificationItemGroup.ModificationItemList.ModificationItem.Installation.ImplementationMethodList.ImplementationMethod"
"Air Force Active","2","38","33","33","33","33","33","6","1.771","1.447","2.95","2.95","3.04","5.25","5.91","1.105","2015-BASE_PROCUREMENT-2015-AIRFORCE_AIRCRAFT_VOL2-PROCUREMENT_JustificationBook_Air_Force_PB_2015.zzz_unzipped-PROCUREMENT_JustificationBook_Air_Force_PB_2015.xml","2c3a42ac96c574f3a05d311e38d1fd39e76b2eaa077eed338c2b56579168a566","0-e55bfee68eb95f6c7e8bf988d6fd6c640d997b4df477349553ea720ee38f3ff5","0-1c136f8b4edf49664b9350ec2cb2bb8d9c6863df503c718df02355738a5b129c","root.record.ItemExhibitList.P3AModificationItemGroup.ModificationItemList.ModificationItem.Installation.ImplementationMethodList.ImplementationMethod"
"Air National Guard","","","","","","","","26","","","","","","","","4.79","2015-BASE_PROCUREMENT-2015-AIRFORCE_AIRCRAFT_VOL2-PROCUREMENT_JustificationBook_Air_Force_PB_2015.zzz_unzipped-PROCUREMENT_JustificationBook_Air_Force_PB_2015.xml","2c3a42ac96c574f3a05d311e38d1fd39e76b2eaa077eed338c2b56579168a566","1-95b045c15f5b9f5f35c6e563235b24f079d7b2ff64da342a47822d8cd6a18c37","0-1c136f8b4edf49664b9350ec2cb2bb8d9c6863df503c718df02355738a5b129c","root.record.ItemExhibitList.P3AModificationItemGroup.ModificationItemList.ModificationItem.Installation.ImplementationMethodList.ImplementationMethod"
"Air Force Reserve","","","","","","","","1","","","","","","","","0.184","2015-BASE_PROCUREMENT-2015-AIRFORCE_AIRCRAFT_VOL2-PROCUREMENT_JustificationBook_Air_Force_PB_2015.zzz_unzipped-PROCUREMENT_JustificationBook_Air_Force_PB_2015.xml","2c3a42ac96c574f3a05d311e38d1fd39e76b2eaa077eed338c2b56579168a566","2-95dd89977c3d69632a57e10d23ba7c055c35a84edbd3c0fc733eb3e315438611","0-1c136f8b4edf49664b9350ec2cb2bb8d9c6863df503c718df02355738a5b129c","root.record.ItemExhibitList.P3AModificationItemGroup.ModificationItemList.ModificationItem.Installation.ImplementationMethodList.ImplementationMethod"
"Air Force Active","","","","","2","52","52","","","","","","3.47","1.37","2.027","","2015-BASE_PROCUREMENT-2015-AIRFORCE_AIRCRAFT_VOL2-PROCUREMENT_JustificationBook_Air_Force_PB_2015.zzz_unzipped-PROCUREMENT_JustificationBook_Air_Force_PB_2015.xml","2c3a42ac96c574f3a05d311e38d1fd39e76b2eaa077eed338c2b56579168a566","0-980b2bb9378f1a75c7b91dfc00e399189a1e929a9b757406af58666c8160b8b4","0-c69b6624e4345a814effb816e8505b53298b0b75b77552461ad440651882de01","root.record.ItemExhibitList.P3AModificationItemGroup.ModificationItemList.ModificationItem.Installation.ImplementationMethodList.ImplementationMethod"
"Air Force Active","","","","","","54","52","13","","","","","","0.000","0.000","0.000","2015-BASE_PROCUREMENT-2015-AIRFORCE_AIRCRAFT_VOL2-PROCUREMENT_JustificationBook_Air_Force_PB_2015.zzz_unzipped-PROCUREMENT_JustificationBook_Air_Force_PB_2015.xml","2c3a42ac96c574f3a05d311e38d1fd39e76b2eaa077eed338c2b56579168a566","0-09031226dc05d47b9487bb8c0c205b9b14f291849d6d531059b7f282c11bf65f","0-8e9193f67129822f395ea41cc247b7418b94e26ed88c9651728ae92a1bb647e6","root.record.ItemExhibitList.P3AModificationItemGroup.ModificationItemList.ModificationItem.Installation.ImplementationMethodList.ImplementationMethod"
"Air Force Active","","2","2","2","2","3","4","4","","5.474","5.497","5.497","5.53","10.003","13.65","13.328","2015-BASE_PROCUREMENT-2015-AIRFORCE_AIRCRAFT_VOL2-PROCUREMENT_JustificationBook_Air_Force_PB_2015.zzz_unzipped-PROCUREMENT_JustificationBook_Air_Force_PB_2015.xml","2c3a42ac96c574f3a05d311e38d1fd39e76b2eaa077eed338c2b56579168a566","0-adc22fde375b094cf0853ad19398ac68acb2e10f504381731f68e19157d25ada","0-37404011141377ac372b8789d18aff27351b08f28e4bf019a4d0ded40099f9fa","root.record.ItemExhibitList.P3AModificationItemGroup.ModificationItemList.ModificationItem.Installation.ImplementationMethodList.ImplementationMethod"
"Air Force Active","2","38","160","160","54","83","34","","0.000","0.000","1.588","1.588","0.801","1.092","0.718","","2015-BASE_PROCUREMENT-2015-AIRFORCE_AIRCRAFT_VOL2-PROCUREMENT_JustificationBook_Air_Force_PB_2015.zzz_unzipped-PROCUREMENT_JustificationBook_Air_Force_PB_2015.xml","2c3a42ac96c574f3a05d311e38d1fd39e76b2eaa077eed338c2b56579168a566","0-8ef6154ef46e8b707597d50b704e2e96e2cb4318f82c6af59830c688b5db695f","0-a1f878de121930277334e878cb7ca42cb9efbc98096b0106b9472833727fc5c9","root.record.ItemExhibitList.P3AModificationItemGroup.ModificationItemList.ModificationItem.Installation.ImplementationMethodList.ImplementationMethod"
"Air Force Active","","","12","12","","","","","","","0.32","0.32","","","","","2015-BASE_PROCUREMENT-2015-AIRFORCE_AIRCRAFT_VOL2-PROCUREMENT_JustificationBook_Air_Force_PB_2015.zzz_unzipped-PROCUREMENT_JustificationBook_Air_Force_PB_2015.xml","c18079498214be7c8507bd7289056635ea6ba000e7bb766e68a998d56e53f49a","0-05da6e5ffbbaa9b054458e20f8de74a3723f92f6fca4d2c8db1ac5ed768b579b","0-2f34f84f64f0786730eb91f7801e304d3df5d3795b36e11f45ae537435c79351","root.record.ItemExhibitList.P3AModificationItemGroup.ModificationItemList.ModificationItem.Installation.ImplementationMethodList.ImplementationMethod"
"Air Force Reserve","","","3","3","","","","","","","0.08","0.08","","","","","2015-BASE_PROCUREMENT-2015-AIRFORCE_AIRCRAFT_VOL2-PROCUREMENT_JustificationBook_Air_Force_PB_2015.zzz_unzipped-PROCUREMENT_JustificationBook_Air_Force_PB_2015.xml","c18079498214be7c8507bd7289056635ea6ba000e7bb766e68a998d56e53f49a","1-68e8441b1c07cfb7f096e5b5b405a7c6169ddc6cb0b369e5068bbf8613fc5d16","0-2f34f84f64f0786730eb91f7801e304d3df5d3795b36e11f45ae537435c79351","root.record.ItemExhibitList.P3AModificationItemGroup.ModificationItemList.ModificationItem.Installation.ImplementationMethodList.ImplementationMethod"
"Air Force Active","1","2","9","9","","","","","0.000","4.75","14.796","14.796","","","","","2015-BASE_PROCUREMENT-2015-AIRFORCE_AIRCRAFT_VOL2-PROCUREMENT_JustificationBook_Air_Force_PB_2015.zzz_unzipped-PROCUREMENT_JustificationBook_Air_Force_PB_2015.xml","c18079498214be7c8507bd7289056635ea6ba000e7bb766e68a998d56e53f49a","0-7c50b16f398a78ba7cf1aaa45754a480136744736d35f5f61d7b37537286af0d","0-7503fa8de96f8d80e92675ffc85f9112f7428cc96d4502faa8fbd42fde44bf4a","root.record.ItemExhibitList.P3AModificationItemGroup.ModificationItemList.ModificationItem.Installation.ImplementationMethodList.ImplementationMethod"
"Air Force Reserve","","","1","1","","","","","","","1.644","1.644","","","","","2015-BASE_PROCUREMENT-2015-AIRFORCE_AIRCRAFT_VOL2-PROCUREMENT_JustificationBook_Air_Force_PB_2015.zzz_unzipped-PROCUREMENT_JustificationBook_Air_Force_PB_2015.xml","c18079498214be7c8507bd7289056635ea6ba000e7bb766e68a998d56e53f49a","1-1aa83b5335650be6813c9f80ef2215e6dd90c11d3de4ecf8f53dcb494ec709e2","0-7503fa8de96f8d80e92675ffc85f9112f7428cc96d4502faa8fbd42fde44bf4a","root.record.ItemExhibitList.P3AModificationItemGroup.ModificationItemList.ModificationItem.Installation.ImplementationMethodList.ImplementationMethod"
"Air Force Active","","","6","6","","","","","","","1.961","1.961","","","","","2015-BASE_PROCUREMENT-2015-AIRFORCE_AIRCRAFT_VOL2-PROCUREMENT_JustificationBook_Air_Force_PB_2015.zzz_unzipped-PROCUREMENT_JustificationBook_Air_Force_PB_2015.xml","c18079498214be7c8507bd7289056635ea6ba000e7bb766e68a998d56e53f49a","0-bfed2e34df45b9a6560cea148a616ac4d9b7813875b4d483a78bf9a1448065b3","0-28491df678ee84bb5d78bd0e8f8e0472e4b9154d843f5c39c7a9faa67ec7db4e","root.record.ItemExhibitList.P3AModificationItemGroup.ModificationItemList.ModificationItem.Installation.ImplementationMethodList.ImplementationMethod"
"Air Force Active","","","12","12","","","","","","","2.351","2.351","","","","","2015-BASE_PROCUREMENT-2015-AIRFORCE_AIRCRAFT_VOL2-PROCUREMENT_JustificationBook_Air_Force_PB_2015.zzz_unzipped-PROCUREMENT_JustificationBook_Air_Force_PB_2015.xml","c18079498214be7c8507bd7289056635ea6ba000e7bb766e68a998d56e53f49a","0-af11c458e4fe3723ad997a3129b0c0c95a28dc364dbacc8445476c5264905ffe","0-6cf5eda4bf36fa3a3e72ff68a20a907b605afedc7082d7d4088fd2ce12ae7b15","root.record.ItemExhibitList.P3AModificationItemGroup.ModificationItemList.ModificationItem.Installation.ImplementationMethodList.ImplementationMethod"
"Air Force Active","1","1","2","2","","","","","2.557","2.716","5.534","5.534","","","","","2015-BASE_PROCUREMENT-2015-AIRFORCE_AIRCRAFT_VOL2-PROCUREMENT_JustificationBook_Air_Force_PB_2015.zzz_unzipped-PROCUREMENT_JustificationBook_Air_Force_PB_2015.xml","c95b3cad136b9abd961b0302a1b9dcc36c9e32822973785202e66e43ffe473da","0-6b4c71d362f6ccc48022c75eb69ddb4a7fd8fbd4bfd1355251af20a915df7db3","0-95ce1dcba859a03edf276f1cf4a80d702c1462c3adf89e5093952af574b5ce5c","root.record.ItemExhibitList.P3AModificationItemGroup.ModificationItemList.ModificationItem.Installation.ImplementationMethodList.ImplementationMethod"
"Air Force Active","4","2","","","","","","","10.585","6.045","","","","","","","2015-BASE_PROCUREMENT-2015-AIRFORCE_AIRCRAFT_VOL2-PROCUREMENT_JustificationBook_Air_Force_PB_2015.zzz_unzipped-PROCUREMENT_JustificationBook_Air_Force_PB_2015.xml","c95b3cad136b9abd961b0302a1b9dcc36c9e32822973785202e66e43ffe473da","0-1ed3adfebce9ab235cb203ac5b3d25ecac68a9dd52a7ac623ca3065e3717a0d3","0-e1977635837e82403910c0cb90e372c3a924b2a6584956d5b3634479bea63168","root.record.ItemExhibitList.P3AModificationItemGroup.ModificationItemList.ModificationItem.Installation.ImplementationMethodList.ImplementationMethod"
"Air Force Active","1","1","1","1","","","","","2.6","2.6","2.6","2.6","","","","","2015-BASE_PROCUREMENT-2015-AIRFORCE_AIRCRAFT_VOL2-PROCUREMENT_JustificationBook_Air_Force_PB_2015.zzz_unzipped-PROCUREMENT_JustificationBook_Air_Force_PB_2015.xml","c95b3cad136b9abd961b0302a1b9dcc36c9e32822973785202e66e43ffe473da","0-31204e4a8b2e39b4d425614f4b4c8129926dfa8f20acf77250aa99afc49dff95","0-c91c3b676f4778a2bfa0e7ae8fdd73cbea0d99ced8942bb5c64fddbb06ce952b","root.record.ItemExhibitList.P3AModificationItemGroup.ModificationItemList.ModificationItem.Installation.ImplementationMethodList.ImplementationMethod"
"Air Force Active","","3","","","","","","","","0.334","","","","","","","2015-BASE_PROCUREMENT-2015-AIRFORCE_AIRCRAFT_VOL2-PROCUREMENT_JustificationBook_Air_Force_PB_2015.zzz_unzipped-PROCUREMENT_JustificationBook_Air_Force_PB_2015.xml","ad2cbcd52887cfdbd4c4e64af0f936c986b469e78be0a9fa924477b8ad18fb8f","0-90863d29cb3d50fcf3f4d01ed99a4f883951555ad9eef40f802f2ba624bdabd5","0-3caaa5b11a30e5812c3f78a17d4e8b08cb7d6a4adacf9b4a2edd0000dec0a613","root.record.ItemExhibitList.P3AModificationItemGroup.ModificationItemList.ModificationItem.Installation.ImplementationMethodList.ImplementationMethod"
"Air Force Active","0","0","0","0","","","","","4.992","0.913","0.913","0.913","","","","","2015-BASE_PROCUREMENT-2015-AIRFORCE_AIRCRAFT_VOL2-PROCUREMENT_JustificationBook_Air_Force_PB_2015.zzz_unzipped-PROCUREMENT_JustificationBook_Air_Force_PB_2015.xml","ad2cbcd52887cfdbd4c4e64af0f936c986b469e78be0a9fa924477b8ad18fb8f","0-ca0da7755d9efc8176ae38cd41bc0fc5ad1d33e0344323dab2760363ee758d5f","0-5b85ca24043434f26b412494f8ca18ef1ced3432b9a975c73d9a987753f1f1a7","root.record.ItemExhibitList.P3AModificationItemGroup.ModificationItemList.ModificationItem.Installation.ImplementationMethodList.ImplementationMethod"
"Air National Guard","0","","","","","","","","1.664","","","","","","","","2015-BASE_PROCUREMENT-2015-AIRFORCE_AIRCRAFT_VOL2-PROCUREMENT_JustificationBook_Air_Force_PB_2015.zzz_unzipped-PROCUREMENT_JustificationBook_Air_Force_PB_2015.xml","ad2cbcd52887cfdbd4c4e64af0f936c986b469e78be0a9fa924477b8ad18fb8f","1-796069793f0919e98b09cfe5e0c99b18ccb89889544792618deb8bb369e0ae62","0-5b85ca24043434f26b412494f8ca18ef1ced3432b9a975c73d9a987753f1f1a7","root.record.ItemExhibitList.P3AModificationItemGroup.ModificationItemList.ModificationItem.Installation.ImplementationMethodList.ImplementationMethod"
"Air Force Reserve","0","","","","","","","","0.832","","","","","","","","2015-BASE_PROCUREMENT-2015-AIRFORCE_AIRCRAFT_VOL2-PROCUREMENT_JustificationBook_Air_Force_PB_2015.zzz_unzipped-PROCUREMENT_JustificationBook_Air_Force_PB_2015.xml","ad2cbcd52887cfdbd4c4e64af0f936c986b469e78be0a9fa924477b8ad18fb8f","2-a6ddb34608cb308bfca522da4b48e7cdfa2b7c3c1cee26f8cc8518b73e01fe2f","0-5b85ca24043434f26b412494f8ca18ef1ced3432b9a975c73d9a987753f1f1a7","root.record.ItemExhibitList.P3AModificationItemGroup.ModificationItemList.ModificationItem.Installation.ImplementationMethodList.ImplementationMethod"
"Air Force Active","0","","","","","","","","0.385","","","","","","","","2015-BASE_PROCUREMENT-2015-AIRFORCE_AIRCRAFT_VOL2-PROCUREMENT_JustificationBook_Air_Force_PB_2015.zzz_unzipped-PROCUREMENT_JustificationBook_Air_Force_PB_2015.xml","ad2cbcd52887cfdbd4c4e64af0f936c986b469e78be0a9fa924477b8ad18fb8f","0-4e4f726a4eb4ed2bc4a2232544353b0b9dbc92876588fc682f6122d7df2b71b2","0-6ada717d34433b685e9727aad1d94d3c2673a641d7c44e17910b98f430158233","root.record.ItemExhibitList.P3AModificationItemGroup.ModificationItemList.ModificationItem.Installation.ImplementationMethodList.ImplementationMethod"
"Air Force Active","","","0","0","2","3","0","0","","","4.975","4.975","12.483","0.000","0.000","0.000","2015-BASE_PROCUREMENT-2015-AIRFORCE_AIRCRAFT_VOL2-PROCUREMENT_JustificationBook_Air_Force_PB_2015.zzz_unzipped-PROCUREMENT_JustificationBook_Air_Force_PB_2015.xml","f95a686895e7fa3d37923c2b920ccf43d5ee240504c1f66a1de53572ac91a145","0-7675993397a9edc5f79fe562834602b392eb74593834f38ea90b3b66e43f7d72","0-cd60e5ada66d0b756a76054f03db1fac92be28193d50a51edc3882bf4be248f7","root.record.ItemExhibitList.P3AModificationItemGroup.ModificationItemList.ModificationItem.Installation.ImplementationMethodList.ImplementationMethod"
"Air Force Active","","15","8","8","","","","","","7.25","4.179","4.179","","","","","2015-BASE_PROCUREMENT-2015-AIRFORCE_AIRCRAFT_VOL2-PROCUREMENT_JustificationBook_Air_Force_PB_2015.zzz_unzipped-PROCUREMENT_JustificationBook_Air_Force_PB_2015.xml","4f10c9d75af1ff7f39d3312af79b465fcb001e31cfa449ec049bea6f08f73af1","0-bb530b54b92c7ef20b00b84a038fc037a639f4bca69fbccaa45ff7e4421f0c69","0-52cfea3480ca554335e7d48b30b145ebdfa4d6164a797f85200154497e5621c6","root.record.ItemExhibitList.P3AModificationItemGroup.ModificationItemList.ModificationItem.Installation.ImplementationMethodList.ImplementationMethod"
"Air National Guard","","","8","8","","","","","","","4.179","4.179","","","","","2015-BASE_PROCUREMENT-2015-AIRFORCE_AIRCRAFT_VOL2-PROCUREMENT_JustificationBook_Air_Force_PB_2015.zzz_unzipped-PROCUREMENT_JustificationBook_Air_Force_PB_2015.xml","4f10c9d75af1ff7f39d3312af79b465fcb001e31cfa449ec049bea6f08f73af1","1-753a5b8637c93d45ddfb1c522b912b7bf3c97b2cd65a8fac191a7d46c1bba5ed","0-52cfea3480ca554335e7d48b30b145ebdfa4d6164a797f85200154497e5621c6","root.record.ItemExhibitList.P3AModificationItemGroup.ModificationItemList.ModificationItem.Installation.ImplementationMethodList.ImplementationMethod"
"Air Force Reserve","","","3","3","","","","","","","1.568","1.568","","","","","2015-BASE_PROCUREMENT-2015-AIRFORCE_AIRCRAFT_VOL2-PROCUREMENT_JustificationBook_Air_Force_PB_2015.zzz_unzipped-PROCUREMENT_JustificationBook_Air_Force_PB_2015.xml","4f10c9d75af1ff7f39d3312af79b465fcb001e31cfa449ec049bea6f08f73af1","2-5767fa71a7ca228a28b12cb65ed6a1c3f217ba5a74959233aaf28b0dbec053aa","0-52cfea3480ca554335e7d48b30b145ebdfa4d6164a797f85200154497e5621c6","root.record.ItemExhibitList.P3AModificationItemGroup.ModificationItemList.ModificationItem.Installation.ImplementationMethodList.ImplementationMethod"
"Air Force Active","","","7","7","","","","","","","43.127","43.127","","","","","2015-BASE_PROCUREMENT-2015-AIRFORCE_AIRCRAFT_VOL2-PROCUREMENT_JustificationBook_Air_Force_PB_2015.zzz_unzipped-PROCUREMENT_JustificationBook_Air_Force_PB_2015.xml","bbc8063372e02d2bc548b494988437c9d99675713059aabc6acf7bc346906c17","0-d4548d66edadae92c06590176f1dd8b4262073c96542aa3d777eac3a892eafcf","0-2fa07e18d790166ef75af56ce92da32bd0273f0107b4575ea4976012faf72158","root.record.ItemExhibitList.P3AModificationItemGroup.ModificationItemList.ModificationItem.Installation.ImplementationMethodList.ImplementationMethod"
"Air Force Active","4","8","15","15","","","","","1.833","5.603","10.695","10.695","","","","","2015-BASE_PROCUREMENT-2015-AIRFORCE_AIRCRAFT_VOL2-PROCUREMENT_JustificationBook_Air_Force_PB_2015.zzz_unzipped-PROCUREMENT_JustificationBook_Air_Force_PB_2015.xml","37a9176d6819849bcd695141407bcbea7c3c0b02a6c4bbb6d05d22c664d601c4","0-531ef459e519b3a7f415b8c853824254189ca0c310a83d0c92b5db04e7c8bff8","0-7a944c81352b1aca2b0c0c1a08285bf1e40095daa7b05479ed872103ea3d5c15","root.record.ItemExhibitList.P3AModificationItemGroup.ModificationItemList.ModificationItem.Installation.ImplementationMethodList.ImplementationMethod"
"Air Force Active","16","10","8","8","","","","","2.044","4.347","0.000","0.000","","","","","2015-BASE_PROCUREMENT-2015-AIRFORCE_AIRCRAFT_VOL2-PROCUREMENT_JustificationBook_Air_Force_PB_2015.zzz_unzipped-PROCUREMENT_JustificationBook_Air_Force_PB_2015.xml","37a9176d6819849bcd695141407bcbea7c3c0b02a6c4bbb6d05d22c664d601c4","0-dddd7a11818006c490e18359c00d8c9b691c76bc9b0b9987c504fe828eb4c12e","0-87426ce61cee4c46477b1ad7b893146f386f6e0459bad13ba5991232e6615e8d","root.record.ItemExhibitList.P3AModificationItemGroup.ModificationItemList.ModificationItem.Installation.ImplementationMethodList.ImplementationMethod"
"Air National Guard","8","7","13","13","","","","","0.000","0.000","0.000","0.000","","","","","2015-BASE_PROCUREMENT-2015-AIRFORCE_AIRCRAFT_VOL2-PROCUREMENT_JustificationBook_Air_Force_PB_2015.zzz_unzipped-PROCUREMENT_JustificationBook_Air_Force_PB_2015.xml","37a9176d6819849bcd695141407bcbea7c3c0b02a6c4bbb6d05d22c664d601c4","1-4f01df0ebcc695c393422e4b210dd725c37e2b20685fea57b092428282c3d150","0-87426ce61cee4c46477b1ad7b893146f386f6e0459bad13ba5991232e6615e8d","root.record.ItemExhibitList.P3AModificationItemGroup.ModificationItemList.ModificationItem.Installation.ImplementationMethodList.ImplementationMethod"
"Air Force Active","6","","45","45","","","","","0.000","","3.072","3.072","","","","","2015-BASE_PROCUREMENT-2015-AIRFORCE_AIRCRAFT_VOL2-PROCUREMENT_JustificationBook_Air_Force_PB_2015.zzz_unzipped-PROCUREMENT_JustificationBook_Air_Force_PB_2015.xml","37a9176d6819849bcd695141407bcbea7c3c0b02a6c4bbb6d05d22c664d601c4","0-b8c971904f63e9006f70faa4a86ecf8fc05dfc688dfce472b4aaff8f89ac3c30","0-3f7935fe1a1e81db91114075fefda0456ac43125d10a9afbe5baf0e645fbe72e","root.record.ItemExhibitList.P3AModificationItemGroup.ModificationItemList.ModificationItem.Installation.ImplementationMethodList.ImplementationMethod"
"Air Force Active","","75","44","44","","","","","","2.817","2.279","2.279","","","","","2015-BASE_PROCUREMENT-2015-AIRFORCE_AIRCRAFT_VOL2-PROCUREMENT_JustificationBook_Air_Force_PB_2015.zzz_unzipped-PROCUREMENT_JustificationBook_Air_Force_PB_2015.xml","37a9176d6819849bcd695141407bcbea7c3c0b02a6c4bbb6d05d22c664d601c4","0-525648da88859bf139b5bfe37203fec4835ee27882d07bb57386d2ac3322ca17","0-7f01bfb63857b8fc164dfe66bf135b1ef8fd72b7da12b638b066d64b9d782354","root.record.ItemExhibitList.P3AModificationItemGroup.ModificationItemList.ModificationItem.Installation.ImplementationMethodList.ImplementationMethod"
"Air National Guard","","25","","","","","","","","0.615","","","","","","","2015-BASE_PROCUREMENT-2015-AIRFORCE_AIRCRAFT_VOL2-PROCUREMENT_JustificationBook_Air_Force_PB_2015.zzz_unzipped-PROCUREMENT_JustificationBook_Air_Force_PB_2015.xml","37a9176d6819849bcd695141407bcbea7c3c0b02a6c4bbb6d05d22c664d601c4","1-493c264d6c11b31317dc9050984e49cbf52a89f93f18df25c05de9a387a8a94c","0-7f01bfb63857b8fc164dfe66bf135b1ef8fd72b7da12b638b066d64b9d782354","root.record.ItemExhibitList.P3AModificationItemGroup.ModificationItemList.ModificationItem.Installation.ImplementationMethodList.ImplementationMethod"
"Air Force Active","23","27","30","30","13","","","","7.511","12.333","12.4","12.4","5.06","","","","2015-BASE_PROCUREMENT-2015-AIRFORCE_AIRCRAFT_VOL2-PROCUREMENT_JustificationBook_Air_Force_PB_2015.zzz_unzipped-PROCUREMENT_JustificationBook_Air_Force_PB_2015.xml","a8005ce497b4d26a96a0a73b3a202cd9ad0d2cb8833efae151bef5451667fd9e","0-9e3b97c02dba7889e00e4e1e73ebeb903815f623527f1f0b02a678855f780fe5","0-2dac0fa448427d8379426a7f45188f15925aba06ae0873998efa4fb8f4536561","root.record.ItemExhibitList.P3AModificationItemGroup.ModificationItemList.ModificationItem.Installation.ImplementationMethodList.ImplementationMethod"
"Air National Guard","","","","","11","9","","","","","","","4.281","4.179","","","2015-BASE_PROCUREMENT-2015-AIRFORCE_AIRCRAFT_VOL2-PROCUREMENT_JustificationBook_Air_Force_PB_2015.zzz_unzipped-PROCUREMENT_JustificationBook_Air_Force_PB_2015.xml","a8005ce497b4d26a96a0a73b3a202cd9ad0d2cb8833efae151bef5451667fd9e","1-198191de6c02878c8f625280d559ab6f4a7427f969d9b231a6b1744b8ba1a498","0-2dac0fa448427d8379426a7f45188f15925aba06ae0873998efa4fb8f4536561","root.record.ItemExhibitList.P3AModificationItemGroup.ModificationItemList.ModificationItem.Installation.ImplementationMethodList.ImplementationMethod"
"Air Force Active","","","248","248","190","221","189","189","","","16.145","16.145","7.778","7.778","7.778","6.824","2015-BASE_PROCUREMENT-2015-AIRFORCE_AIRCRAFT_VOL2-PROCUREMENT_JustificationBook_Air_Force_PB_2015.zzz_unzipped-PROCUREMENT_JustificationBook_Air_Force_PB_2015.xml","a8005ce497b4d26a96a0a73b3a202cd9ad0d2cb8833efae151bef5451667fd9e","0-dcee0c0e2e6a91bf66e9d0d2537dc1ef4af9cdef347e333b11865c076c073d50","0-e001c6577caf85498f74dc3a3a530cac7ef4eae6df9c9d310adc006212eb8fe1","root.record.ItemExhibitList.P3AModificationItemGroup.ModificationItemList.ModificationItem.Installation.ImplementationMethodList.ImplementationMethod"
"Air Force Active","442","1733","993","993","758","883","757","757","59.508","44.927","34.608","34.608","35.705","29.53","29.85","26.105","2015-BASE_PROCUREMENT-2015-AIRFORCE_AIRCRAFT_VOL2-PROCUREMENT_JustificationBook_Air_Force_PB_2015.zzz_unzipped-PROCUREMENT_JustificationBook_Air_Force_PB_2015.xml","a8005ce497b4d26a96a0a73b3a202cd9ad0d2cb8833efae151bef5451667fd9e","0-219e7171d0ed7af17c6ea84bae8adc7157706e3d816a72c5ba7a182fd92ed7d4","1-8946205e80fbd6dfb7966948588fe7807e1cfd7a3d35f597449e66b5f0707368","root.record.ItemExhibitList.P3AModificationItemGroup.ModificationItemList.ModificationItem.Installation.ImplementationMethodList.ImplementationMethod"
"Air National Guard","59","324","197","197","86","34","14","14","2.6","10.335","5.028","5.028","6.863","6.863","6.863","6.047","2015-BASE_PROCUREMENT-2015-AIRFORCE_AIRCRAFT_VOL2-PROCUREMENT_JustificationBook_Air_Force_PB_2015.zzz_unzipped-PROCUREMENT_JustificationBook_Air_Force_PB_2015.xml","a8005ce497b4d26a96a0a73b3a202cd9ad0d2cb8833efae151bef5451667fd9e","1-12901600e5676e339b1740ec286033f1394cd339d6146a51964e89f170ad43bd","1-8946205e80fbd6dfb7966948588fe7807e1cfd7a3d35f597449e66b5f0707368","root.record.ItemExhibitList.P3AModificationItemGroup.ModificationItemList.ModificationItem.Installation.ImplementationMethodList.ImplementationMethod"
"Air Force Active","","","234","234","275","213","172","196","","","0.571","0.571","0.318","0.335","0.337","0.027","2015-BASE_PROCUREMENT-2015-AIRFORCE_AIRCRAFT_VOL2-PROCUREMENT_JustificationBook_Air_Force_PB_2015.zzz_unzipped-PROCUREMENT_JustificationBook_Air_Force_PB_2015.xml","a8005ce497b4d26a96a0a73b3a202cd9ad0d2cb8833efae151bef5451667fd9e","0-cb1a4e6105441169b687315e57188278747c68390fa7b5d0e157a1b37dd8b43e","0-e9e8e1be547c9945b926fe554f085be9b141cf2ff1d4bd6c0412d665471ef9df","root.record.ItemExhibitList.P3AModificationItemGroup.ModificationItemList.ModificationItem.Installation.ImplementationMethodList.ImplementationMethod"
"Air Force Active","352","100","938","938","1100","851","737","782","1.142","4.667","2.282","2.282","1.27","7.462","6.347","5.109","2015-BASE_PROCUREMENT-2015-AIRFORCE_AIRCRAFT_VOL2-PROCUREMENT_JustificationBook_Air_Force_PB_2015.zzz_unzipped-PROCUREMENT_JustificationBook_Air_Force_PB_2015.xml","a8005ce497b4d26a96a0a73b3a202cd9ad0d2cb8833efae151bef5451667fd9e","0-bbaa58167d8708b52fbb3aae459b3f6e5313cb25f433362e42e50aafa450a247","1-3ad8614db51a6313c7172c479eaf8e4d52850cfe00a17a4f43000ccab04ec939","root.record.ItemExhibitList.P3AModificationItemGroup.ModificationItemList.ModificationItem.Installation.ImplementationMethodList.ImplementationMethod"
"Air National Guard","38","96","104","104","149","116","99","106","0.124","0.069","0.31","0.31","0.173","0.866","0.183","0.015","2015-BASE_PROCUREMENT-2015-AIRFORCE_AIRCRAFT_VOL2-PROCUREMENT_JustificationBook_Air_Force_PB_2015.zzz_unzipped-PROCUREMENT_JustificationBook_Air_Force_PB_2015.xml","a8005ce497b4d26a96a0a73b3a202cd9ad0d2cb8833efae151bef5451667fd9e","1-6a6a81e61b72db96ca507eae4831eafcd02fd70d7f34e48a000d3e41be5a74f3","1-3ad8614db51a6313c7172c479eaf8e4d52850cfe00a17a4f43000ccab04ec939","root.record.ItemExhibitList.P3AModificationItemGroup.ModificationItemList.ModificationItem.Installation.ImplementationMethodList.ImplementationMethod"
"Air Force Active","15","15","25","25","21","21","8","","48.614","16.341","30.032","30.032","27.369","33.469","8.4","","2015-BASE_PROCUREMENT-2015-AIRFORCE_AIRCRAFT_VOL2-PROCUREMENT_JustificationBook_Air_Force_PB_2015.zzz_unzipped-PROCUREMENT_JustificationBook_Air_Force_PB_2015.xml","a8005ce497b4d26a96a0a73b3a202cd9ad0d2cb8833efae151bef5451667fd9e","0-204eebacb6b688b363c461370d4b16e41bc49724554b9d0f90ebcbe220e4009b","0-fb9d6a56ad6b7c82aaf99726f76659128a8f05d60f1a774a4f0b703c36af81c4","root.record.ItemExhibitList.P3AModificationItemGroup.ModificationItemList.ModificationItem.Installation.ImplementationMethodList.ImplementationMethod"
"Air National Guard","2","3","","","","","7","13","1.68","5.727","","","","","9.602","6.339","2015-BASE_PROCUREMENT-2015-AIRFORCE_AIRCRAFT_VOL2-PROCUREMENT_JustificationBook_Air_Force_PB_2015.zzz_unzipped-PROCUREMENT_JustificationBook_Air_Force_PB_2015.xml","a8005ce497b4d26a96a0a73b3a202cd9ad0d2cb8833efae151bef5451667fd9e","1-cfb4fb181e512a87f3db2667a0e9e15e42189a590921ae293e90aa60b235befc","0-fb9d6a56ad6b7c82aaf99726f76659128a8f05d60f1a774a4f0b703c36af81c4","root.record.ItemExhibitList.P3AModificationItemGroup.ModificationItemList.ModificationItem.Installation.ImplementationMethodList.ImplementationMethod"
"Air Force Active","","22","8","8","10","10","10","10","","9.19","6.925","6.925","0.35","0.65","0.677","0.285","2015-BASE_PROCUREMENT-2015-AIRFORCE_AIRCRAFT_VOL2-PROCUREMENT_JustificationBook_Air_Force_PB_2015.zzz_unzipped-PROCUREMENT_JustificationBook_Air_Force_PB_2015.xml","a8005ce497b4d26a96a0a73b3a202cd9ad0d2cb8833efae151bef5451667fd9e","0-8b1c71d02024843f7cf89616cc54c15f90de79335af24e6ea3caab785a8c1ee6","0-63b610fff62afe45eef6452ceb1c945dbe911dcdaacc613a6e3b45b2b8186f48","root.record.ItemExhibitList.P3AModificationItemGroup.ModificationItemList.ModificationItem.Installation.ImplementationMethodList.ImplementationMethod"
"Air Force Active","","","","","","","35","36","","","","","","","9.5","12.285","2015-BASE_PROCUREMENT-2015-AIRFORCE_AIRCRAFT_VOL2-PROCUREMENT_JustificationBook_Air_Force_PB_2015.zzz_unzipped-PROCUREMENT_JustificationBook_Air_Force_PB_2015.xml","0e0c5259a601c4aa4ff961a0ac121c4db369bfa13d87e153e3615741b3479e79","0-402579c35dd799e40edecf2bb75579caf8d313f967198c0509ccf3a0c4bee777","0-5d7b536d876db61b2bb63326ad246ce252d8c01aea9f1f3d5a59963f5aad2e6c","root.record.ItemExhibitList.P3AModificationItemGroup.ModificationItemList.ModificationItem.Installation.ImplementationMethodList.ImplementationMethod"
"Air Force Active","1","4","8","8","","","","","1.132","4.728","6.718","6.718","","","","","2015-BASE_PROCUREMENT-2015-AIRFORCE_AIRCRAFT_VOL2-PROCUREMENT_MasterJustificationBook_Air_Force_PB_2015.zzz_unzipped-PROCUREMENT_MasterJustificationBook_Air_Force_PB_2015.xml","ca9f1e9f848e67edf7e34b76ad9b05e59dfcbeb190b54cb2ec2a178aeaaa3bfa","0-4bc34919b742538ba945141300332dc174ed8732c0cffc0df1fbba6e6f6a4c89","0-291fb96771b9f3ac3aaed25aca5addbdb007106e4485dabb1e398415e488a4eb","root.record.ItemExhibitList.P3AModificationItemGroup.ModificationItemList.ModificationItem.Installation.ImplementationMethodList.ImplementationMethod"
"Air Force Active","","2","2","2","","","","","","0.675","0.66","0.66","","","","","2015-BASE_PROCUREMENT-2015-AIRFORCE_AIRCRAFT_VOL2-PROCUREMENT_MasterJustificationBook_Air_Force_PB_2015.zzz_unzipped-PROCUREMENT_MasterJustificationBook_Air_Force_PB_2015.xml","ca9f1e9f848e67edf7e34b76ad9b05e59dfcbeb190b54cb2ec2a178aeaaa3bfa","0-8116ef1c01f04603853d16d5113a3adbb39fa25c84133e6c9bb614c2cd6481ac","1-70e06db4445fc1c573d5d70d60cc7d2fe099f4deeae8364d0043b750731f3127","root.record.ItemExhibitList.P3AModificationItemGroup.ModificationItemList.ModificationItem.Installation.ImplementationMethodList.ImplementationMethod"
"Air Force Active","","","7","7","","","","","","","4.401","4.401","","","","","2015-BASE_PROCUREMENT-2015-AIRFORCE_AIRCRAFT_VOL2-PROCUREMENT_MasterJustificationBook_Air_Force_PB_2015.zzz_unzipped-PROCUREMENT_MasterJustificationBook_Air_Force_PB_2015.xml","25442f0fc741be383c8f1f024b4ed975774a4a3437a381bef47bf09fa44b0a02","0-a839950eecefac64c8908cd90e7f3e3d7b1d1abaf41733b2c5e9b99fdd22822a","0-5b162a81dbdce55b268ca1010b394a135ed4b97247768766eb3c2ce7611d8802","root.record.ItemExhibitList.P3AModificationItemGroup.ModificationItemList.ModificationItem.Installation.ImplementationMethodList.ImplementationMethod"
"Air Force Active","11","6","","","","","","","222.512","149.612","","","","","","","2015-BASE_PROCUREMENT-2015-AIRFORCE_AIRCRAFT_VOL2-PROCUREMENT_MasterJustificationBook_Air_Force_PB_2015.zzz_unzipped-PROCUREMENT_MasterJustificationBook_Air_Force_PB_2015.xml","aa1014d1730217cf58bd0eb1cf9155036af0caca57bd2ece54304d573c8411a2","0-dc1c2c177f33987be06bac42dc53df6d7b9ebd5c0e89d33a7433ac4b3e6e0ee0","0-0cfbfdc78ef565913780c74971269b05d9ed0d35b755dec26a6e7b09f49a629c","root.record.ItemExhibitList.P3AModificationItemGroup.ModificationItemList.ModificationItem.Installation.ImplementationMethodList.ImplementationMethod"
"Air Force Reserve","","5","11","11","","","","","","124.676","254.23","254.23","","","","","2015-BASE_PROCUREMENT-2015-AIRFORCE_AIRCRAFT_VOL2-PROCUREMENT_MasterJustificationBook_Air_Force_PB_2015.zzz_unzipped-PROCUREMENT_MasterJustificationBook_Air_Force_PB_2015.xml","aa1014d1730217cf58bd0eb1cf9155036af0caca57bd2ece54304d573c8411a2","1-c76a3ffb90067a20aaaca8692a1cc4ad18cc85114d02fced438d4baccc2ef919","0-0cfbfdc78ef565913780c74971269b05d9ed0d35b755dec26a6e7b09f49a629c","root.record.ItemExhibitList.P3AModificationItemGroup.ModificationItemList.ModificationItem.Installation.ImplementationMethodList.ImplementationMethod"
"Air Force Active","10","28","22","22","28","1","","","1.496","3.007","4.975","4.975","5.787","0.213","","","2015-BASE_PROCUREMENT-2015-AIRFORCE_AIRCRAFT_VOL2-PROCUREMENT_MasterJustificationBook_Air_Force_PB_2015.zzz_unzipped-PROCUREMENT_MasterJustificationBook_Air_Force_PB_2015.xml","e0b4c68aca5bcb28bf2a8d6314af11bf878587e1d5636a46ade0d81891a819a1","0-367b2cabb3faafe34c47d8deb29a66542a849ee06afdeeee7af8dbc724db1d73","0-775ed7313cb0c37969e236a63a22489afbe83a23f1641aa077e3dc3a604d2563","root.record.ItemExhibitList.P3AModificationItemGroup.ModificationItemList.ModificationItem.Installation.ImplementationMethodList.ImplementationMethod"
"Air National Guard","5","1","3","3","","13","","","0.748","0.107","0.678","0.678","","2.767","","","2015-BASE_PROCUREMENT-2015-AIRFORCE_AIRCRAFT_VOL2-PROCUREMENT_MasterJustificationBook_Air_Force_PB_2015.zzz_unzipped-PROCUREMENT_MasterJustificationBook_Air_Force_PB_2015.xml","e0b4c68aca5bcb28bf2a8d6314af11bf878587e1d5636a46ade0d81891a819a1","1-835deafe3f2b0ee1cecb079ad1bfb61831a817790926283253bc53c33f06c234","0-775ed7313cb0c37969e236a63a22489afbe83a23f1641aa077e3dc3a604d2563","root.record.ItemExhibitList.P3AModificationItemGroup.ModificationItemList.ModificationItem.Installation.ImplementationMethodList.ImplementationMethod"
"Air Force Reserve","","1","4","4","1","3","","","","0.108","0.906","0.906","0.207","0.638","","","2015-BASE_PROCUREMENT-2015-AIRFORCE_AIRCRAFT_VOL2-PROCUREMENT_MasterJustificationBook_Air_Force_PB_2015.zzz_unzipped-PROCUREMENT_MasterJustificationBook_Air_Force_PB_2015.xml","e0b4c68aca5bcb28bf2a8d6314af11bf878587e1d5636a46ade0d81891a819a1","2-a972fef09e02903b1955f21544255089be86b3245112026cd916da110e6fd846","0-775ed7313cb0c37969e236a63a22489afbe83a23f1641aa077e3dc3a604d2563","root.record.ItemExhibitList.P3AModificationItemGroup.ModificationItemList.ModificationItem.Installation.ImplementationMethodList.ImplementationMethod"
"Air Force Active","144","79","30","30","","","","","90.713","8.449","9.615","9.615","","","","","2015-BASE_PROCUREMENT-2015-AIRFORCE_AIRCRAFT_VOL2-PROCUREMENT_MasterJustificationBook_Air_Force_PB_2015.zzz_unzipped-PROCUREMENT_MasterJustificationBook_Air_Force_PB_2015.xml","e0b4c68aca5bcb28bf2a8d6314af11bf878587e1d5636a46ade0d81891a819a1","0-aee245ffb918b28aca572c6aaa81e2eb84af6ac90587bb6562deffd71d9bfdfc","0-91746fb40d99ac79d8e3ade01822f6135ce65ba351861755f6232999fb46115c","root.record.ItemExhibitList.P3AModificationItemGroup.ModificationItemList.ModificationItem.Installation.ImplementationMethodList.ImplementationMethod"
"Air National Guard","14","55","51","51","","","","","9.833","10.044","16.898","16.898","","","","","2015-BASE_PROCUREMENT-2015-AIRFORCE_AIRCRAFT_VOL2-PROCUREMENT_MasterJustificationBook_Air_Force_PB_2015.zzz_unzipped-PROCUREMENT_MasterJustificationBook_Air_Force_PB_2015.xml","e0b4c68aca5bcb28bf2a8d6314af11bf878587e1d5636a46ade0d81891a819a1","1-d27d46e8c3f381a8e8f0df2dbe7972e1354ea4462fe6dfc3482395dbe885b8bb","0-91746fb40d99ac79d8e3ade01822f6135ce65ba351861755f6232999fb46115c","root.record.ItemExhibitList.P3AModificationItemGroup.ModificationItemList.ModificationItem.Installation.ImplementationMethodList.ImplementationMethod"
"Air Force Reserve","12","21","58","58","","","","","8.429","3.653","18.589","18.589","","","","","2015-BASE_PROCUREMENT-2015-AIRFORCE_AIRCRAFT_VOL2-PROCUREMENT_MasterJustificationBook_Air_Force_PB_2015.zzz_unzipped-PROCUREMENT_MasterJustificationBook_Air_Force_PB_2015.xml","e0b4c68aca5bcb28bf2a8d6314af11bf878587e1d5636a46ade0d81891a819a1","2-db8ff2d4ab29d821e555b8f2620c4d69758a469a27e5f757365cdc3d34bea007","0-91746fb40d99ac79d8e3ade01822f6135ce65ba351861755f6232999fb46115c","root.record.ItemExhibitList.P3AModificationItemGroup.ModificationItemList.ModificationItem.Installation.ImplementationMethodList.ImplementationMethod"
"Air Force Active","2","38","33","33","33","33","33","6","1.771","1.447","2.95","2.95","3.04","5.25","5.91","1.105","2015-BASE_PROCUREMENT-2015-AIRFORCE_AIRCRAFT_VOL2-PROCUREMENT_MasterJustificationBook_Air_Force_PB_2015.zzz_unzipped-PROCUREMENT_MasterJustificationBook_Air_Force_PB_2015.xml","e0b4c68aca5bcb28bf2a8d6314af11bf878587e1d5636a46ade0d81891a819a1","0-9baabce8df6978c2c31bf8f5120c3cbe19068855fee4662fc0fa405701c6b5cf","0-95ff6d000ba37a5debf46ab360a139b252fa9247af2d849f705acb46bef7ab4c","root.record.ItemExhibitList.P3AModificationItemGroup.ModificationItemList.ModificationItem.Installation.ImplementationMethodList.ImplementationMethod"
"Air National Guard","","","","","","","","26","","","","","","","","4.79","2015-BASE_PROCUREMENT-2015-AIRFORCE_AIRCRAFT_VOL2-PROCUREMENT_MasterJustificationBook_Air_Force_PB_2015.zzz_unzipped-PROCUREMENT_MasterJustificationBook_Air_Force_PB_2015.xml","e0b4c68aca5bcb28bf2a8d6314af11bf878587e1d5636a46ade0d81891a819a1","1-eadb80606b2849ba6cebb768fe8c0e1c69b407379ecd7a3f9f67a1c1f8ad4161","0-95ff6d000ba37a5debf46ab360a139b252fa9247af2d849f705acb46bef7ab4c","root.record.ItemExhibitList.P3AModificationItemGroup.ModificationItemList.ModificationItem.Installation.ImplementationMethodList.ImplementationMethod"
"Air Force Reserve","","","","","","","","1","","","","","","","","0.184","2015-BASE_PROCUREMENT-2015-AIRFORCE_AIRCRAFT_VOL2-PROCUREMENT_MasterJustificationBook_Air_Force_PB_2015.zzz_unzipped-PROCUREMENT_MasterJustificationBook_Air_Force_PB_2015.xml","e0b4c68aca5bcb28bf2a8d6314af11bf878587e1d5636a46ade0d81891a819a1","2-cc308afbd8b0078f880ca14f52d6c00a4ca429680602643feb169ab44b5953d6","0-95ff6d000ba37a5debf46ab360a139b252fa9247af2d849f705acb46bef7ab4c","root.record.ItemExhibitList.P3AModificationItemGroup.ModificationItemList.ModificationItem.Installation.ImplementationMethodList.ImplementationMethod"
"Air Force Active","","","","","2","52","52","","","","","","3.47","1.37","2.027","","2015-BASE_PROCUREMENT-2015-AIRFORCE_AIRCRAFT_VOL2-PROCUREMENT_MasterJustificationBook_Air_Force_PB_2015.zzz_unzipped-PROCUREMENT_MasterJustificationBook_Air_Force_PB_2015.xml","e0b4c68aca5bcb28bf2a8d6314af11bf878587e1d5636a46ade0d81891a819a1","0-17062b586af3d3311a5a8c0d7f9bd76920d775e9248d43c7fb01ca321f86377a","0-185b3f02d74d341af212bca24a25072c767a6ee987762b0fad056f4954819ad6","root.record.ItemExhibitList.P3AModificationItemGroup.ModificationItemList.ModificationItem.Installation.ImplementationMethodList.ImplementationMethod"
"Air Force Active","","","","","","54","52","13","","","","","","0.000","0.000","0.000","2015-BASE_PROCUREMENT-2015-AIRFORCE_AIRCRAFT_VOL2-PROCUREMENT_MasterJustificationBook_Air_Force_PB_2015.zzz_unzipped-PROCUREMENT_MasterJustificationBook_Air_Force_PB_2015.xml","e0b4c68aca5bcb28bf2a8d6314af11bf878587e1d5636a46ade0d81891a819a1","0-44a7add0fcc7f7cc851e7cb237d1960312aecf3557af785ed1e4a678399e856d","0-3d6b367c98a08c5aa961d7dd8f410ed237e252f2828bcc48445cd867149e5052","root.record.ItemExhibitList.P3AModificationItemGroup.ModificationItemList.ModificationItem.Installation.ImplementationMethodList.ImplementationMethod"
"Air Force Active","","2","2","2","2","3","4","4","","5.474","5.497","5.497","5.53","10.003","13.65","13.328","2015-BASE_PROCUREMENT-2015-AIRFORCE_AIRCRAFT_VOL2-PROCUREMENT_MasterJustificationBook_Air_Force_PB_2015.zzz_unzipped-PROCUREMENT_MasterJustificationBook_Air_Force_PB_2015.xml","e0b4c68aca5bcb28bf2a8d6314af11bf878587e1d5636a46ade0d81891a819a1","0-32cde0be27f4dcf8caa6c81c6e7bfe36fb16539793ccc3578e422bbe75134329","0-9e85bfc034902b13671d8ecabcd71b4254dcef2cd9fc655c35f5615fca89f42b","root.record.ItemExhibitList.P3AModificationItemGroup.ModificationItemList.ModificationItem.Installation.ImplementationMethodList.ImplementationMethod"
"Air Force Active","2","38","160","160","54","83","34","","0.000","0.000","1.588","1.588","0.801","1.092","0.718","","2015-BASE_PROCUREMENT-2015-AIRFORCE_AIRCRAFT_VOL2-PROCUREMENT_MasterJustificationBook_Air_Force_PB_2015.zzz_unzipped-PROCUREMENT_MasterJustificationBook_Air_Force_PB_2015.xml","e0b4c68aca5bcb28bf2a8d6314af11bf878587e1d5636a46ade0d81891a819a1","0-50cb88813323ab0735fd20332ba05f5cb27150900a90aa21be3008af60d61695","0-19c82a7e5bac22941ca9092bd44b196a457235ccefa2b0b4d3d8f2d75eec7e4b","root.record.ItemExhibitList.P3AModificationItemGroup.ModificationItemList.ModificationItem.Installation.ImplementationMethodList.ImplementationMethod"
"Air Force Active","","","12","12","","","","","","","0.32","0.32","","","","","2015-BASE_PROCUREMENT-2015-AIRFORCE_AIRCRAFT_VOL2-PROCUREMENT_MasterJustificationBook_Air_Force_PB_2015.zzz_unzipped-PROCUREMENT_MasterJustificationBook_Air_Force_PB_2015.xml","0b3cc84504de3dcd8d9b0ee78b03c6179e180dce85fc9cbee3b0fc0b68f603c4","0-04cf295ce7b78c652e7610f7b0329d8bbf5172f816d4d71fcb776e96b69b5dd5","0-eebd87b8c19d5357c07b202aaefa14b264efb59ef815d6352742d57a3084c5d1","root.record.ItemExhibitList.P3AModificationItemGroup.ModificationItemList.ModificationItem.Installation.ImplementationMethodList.ImplementationMethod"
"Air Force Reserve","","","3","3","","","","","","","0.08","0.08","","","","","2015-BASE_PROCUREMENT-2015-AIRFORCE_AIRCRAFT_VOL2-PROCUREMENT_MasterJustificationBook_Air_Force_PB_2015.zzz_unzipped-PROCUREMENT_MasterJustificationBook_Air_Force_PB_2015.xml","0b3cc84504de3dcd8d9b0ee78b03c6179e180dce85fc9cbee3b0fc0b68f603c4","1-1f8fb597db29a37747c51c2d3a4a49756e347bad54309e8e916aa778ebfbdfe3","0-eebd87b8c19d5357c07b202aaefa14b264efb59ef815d6352742d57a3084c5d1","root.record.ItemExhibitList.P3AModificationItemGroup.ModificationItemList.ModificationItem.Installation.ImplementationMethodList.ImplementationMethod"
"Air Force Active","1","2","9","9","","","","","0.000","4.75","14.796","14.796","","","","","2015-BASE_PROCUREMENT-2015-AIRFORCE_AIRCRAFT_VOL2-PROCUREMENT_MasterJustificationBook_Air_Force_PB_2015.zzz_unzipped-PROCUREMENT_MasterJustificationBook_Air_Force_PB_2015.xml","0b3cc84504de3dcd8d9b0ee78b03c6179e180dce85fc9cbee3b0fc0b68f603c4","0-49970cabe323610d113df4be2b99ad6d6eea783c7cb1f5f6807630f279022d14","0-dbe57f53456a8e285923a0294caecb20cb80b45b25200dd35634a4f5ef1fc6df","root.record.ItemExhibitList.P3AModificationItemGroup.ModificationItemList.ModificationItem.Installation.ImplementationMethodList.ImplementationMethod"
"Air Force Reserve","","","1","1","","","","","","","1.644","1.644","","","","","2015-BASE_PROCUREMENT-2015-AIRFORCE_AIRCRAFT_VOL2-PROCUREMENT_MasterJustificationBook_Air_Force_PB_2015.zzz_unzipped-PROCUREMENT_MasterJustificationBook_Air_Force_PB_2015.xml","0b3cc84504de3dcd8d9b0ee78b03c6179e180dce85fc9cbee3b0fc0b68f603c4","1-e7953b2a92dc1be5dac9ca32525838b65dbe44bd3b4d2db95bd4db38568f5e09","0-dbe57f53456a8e285923a0294caecb20cb80b45b25200dd35634a4f5ef1fc6df","root.record.ItemExhibitList.P3AModificationItemGroup.ModificationItemList.ModificationItem.Installation.ImplementationMethodList.ImplementationMethod"
"Air Force Active","","","6","6","","","","","","","1.961","1.961","","","","","2015-BASE_PROCUREMENT-2015-AIRFORCE_AIRCRAFT_VOL2-PROCUREMENT_MasterJustificationBook_Air_Force_PB_2015.zzz_unzipped-PROCUREMENT_MasterJustificationBook_Air_Force_PB_2015.xml","0b3cc84504de3dcd8d9b0ee78b03c6179e180dce85fc9cbee3b0fc0b68f603c4","0-eb89e52581203687ec4930a471e33ba5af6e145e2ea51da681210bd5b5eb543d","0-988f00778e3ef682c3cdc7aee071c668275a1439db43a7ddf1d4369a11cebaaa","root.record.ItemExhibitList.P3AModificationItemGroup.ModificationItemList.ModificationItem.Installation.ImplementationMethodList.ImplementationMethod"
"Air Force Active","","","12","12","","","","","","","2.351","2.351","","","","","2015-BASE_PROCUREMENT-2015-AIRFORCE_AIRCRAFT_VOL2-PROCUREMENT_MasterJustificationBook_Air_Force_PB_2015.zzz_unzipped-PROCUREMENT_MasterJustificationBook_Air_Force_PB_2015.xml","0b3cc84504de3dcd8d9b0ee78b03c6179e180dce85fc9cbee3b0fc0b68f603c4","0-f756d80af3fabb2f84c8da55a67325a145327b183aa4b306d1f32dac7d9714e4","0-7c0e1abba9b349d3d777951c116f610415391a61aee5e36a7cac7787564e3ba0","root.record.ItemExhibitList.P3AModificationItemGroup.ModificationItemList.ModificationItem.Installation.ImplementationMethodList.ImplementationMethod"
"Air Force Active","1","1","2","2","","","","","2.557","2.716","5.534","5.534","","","","","2015-BASE_PROCUREMENT-2015-AIRFORCE_AIRCRAFT_VOL2-PROCUREMENT_MasterJustificationBook_Air_Force_PB_2015.zzz_unzipped-PROCUREMENT_MasterJustificationBook_Air_Force_PB_2015.xml","238e5085dc0888e77904efb55416822a25ede521b2dc0ac35009e46fc2ba274d","0-f25575fc8d8fca453c375b74e4f953acd9a83cf6ac6b6c7c4ce9be9bfe2c1848","0-98424512ef928b62666781822fd2455139ef56126c48b00caf1fc0448c8e1384","root.record.ItemExhibitList.P3AModificationItemGroup.ModificationItemList.ModificationItem.Installation.ImplementationMethodList.ImplementationMethod"
"Air Force Active","4","2","","","","","","","10.585","6.045","","","","","","","2015-BASE_PROCUREMENT-2015-AIRFORCE_AIRCRAFT_VOL2-PROCUREMENT_MasterJustificationBook_Air_Force_PB_2015.zzz_unzipped-PROCUREMENT_MasterJustificationBook_Air_Force_PB_2015.xml","238e5085dc0888e77904efb55416822a25ede521b2dc0ac35009e46fc2ba274d","0-f16e97ada6e9ac2bba76632822fc520bdc0d4f601598a43abab8a78dab923761","0-0374863a905b9492241106dce5d33853b00f6b5772f3ddc5d42916b7dc5f4cfd","root.record.ItemExhibitList.P3AModificationItemGroup.ModificationItemList.ModificationItem.Installation.ImplementationMethodList.ImplementationMethod"
"Air Force Active","1","1","1","1","","","","","2.6","2.6","2.6","2.6","","","","","2015-BASE_PROCUREMENT-2015-AIRFORCE_AIRCRAFT_VOL2-PROCUREMENT_MasterJustificationBook_Air_Force_PB_2015.zzz_unzipped-PROCUREMENT_MasterJustificationBook_Air_Force_PB_2015.xml","238e5085dc0888e77904efb55416822a25ede521b2dc0ac35009e46fc2ba274d","0-2ba8f327ca20dd5fe98e0a98fe63c19db8c47f7d693d78926d34e8899873689d","0-b2311f0768ab471df1ce3d3a0ed7ac69b8b5446e6575a8173928d10159ad6025","root.record.ItemExhibitList.P3AModificationItemGroup.ModificationItemList.ModificationItem.Installation.ImplementationMethodList.ImplementationMethod"
"Air Force Active","","3","","","","","","","","0.334","","","","","","","2015-BASE_PROCUREMENT-2015-AIRFORCE_AIRCRAFT_VOL2-PROCUREMENT_MasterJustificationBook_Air_Force_PB_2015.zzz_unzipped-PROCUREMENT_MasterJustificationBook_Air_Force_PB_2015.xml","915b03b5c79079cef74c1f5fed99ff94d2a961666ffa690a638fb838766b41c1","0-f35fe5186e6639110d4df29f2a98ca4ed8422a66c893c5ba141a9c269e769833","0-c53bd6d1023944f42479fb8c499dbd9304655cded55ea017f5b1bca5f99a655f","root.record.ItemExhibitList.P3AModificationItemGroup.ModificationItemList.ModificationItem.Installation.ImplementationMethodList.ImplementationMethod"
"Air Force Active","0","0","0","0","","","","","4.992","0.913","0.913","0.913","","","","","2015-BASE_PROCUREMENT-2015-AIRFORCE_AIRCRAFT_VOL2-PROCUREMENT_MasterJustificationBook_Air_Force_PB_2015.zzz_unzipped-PROCUREMENT_MasterJustificationBook_Air_Force_PB_2015.xml","915b03b5c79079cef74c1f5fed99ff94d2a961666ffa690a638fb838766b41c1","0-e986314286e60c2a74fb07b59b0bc03cf0c42658f9961b18f4c4428c38316b3d","0-86e33d25fb492f40bebd2810681b481a1ceb6ae87ca728d981baa45066c049bc","root.record.ItemExhibitList.P3AModificationItemGroup.ModificationItemList.ModificationItem.Installation.ImplementationMethodList.ImplementationMethod"
"Air National Guard","0","","","","","","","","1.664","","","","","","","","2015-BASE_PROCUREMENT-2015-AIRFORCE_AIRCRAFT_VOL2-PROCUREMENT_MasterJustificationBook_Air_Force_PB_2015.zzz_unzipped-PROCUREMENT_MasterJustificationBook_Air_Force_PB_2015.xml","915b03b5c79079cef74c1f5fed99ff94d2a961666ffa690a638fb838766b41c1","1-368bb25292ddf7704a51009a6763a8da137004130527e3ccd33c63c703dbb2df","0-86e33d25fb492f40bebd2810681b481a1ceb6ae87ca728d981baa45066c049bc","root.record.ItemExhibitList.P3AModificationItemGroup.ModificationItemList.ModificationItem.Installation.ImplementationMethodList.ImplementationMethod"
"Air Force Reserve","0","","","","","","","","0.832","","","","","","","","2015-BASE_PROCUREMENT-2015-AIRFORCE_AIRCRAFT_VOL2-PROCUREMENT_MasterJustificationBook_Air_Force_PB_2015.zzz_unzipped-PROCUREMENT_MasterJustificationBook_Air_Force_PB_2015.xml","915b03b5c79079cef74c1f5fed99ff94d2a961666ffa690a638fb838766b41c1","2-2b8d4d675fc0f03571b0014dd06adea34a899d0ed0bb194500199a7655195ee7","0-86e33d25fb492f40bebd2810681b481a1ceb6ae87ca728d981baa45066c049bc","root.record.ItemExhibitList.P3AModificationItemGroup.ModificationItemList.ModificationItem.Installation.ImplementationMethodList.ImplementationMethod"
"Air Force Active","0","","","","","","","","0.385","","","","","","","","2015-BASE_PROCUREMENT-2015-AIRFORCE_AIRCRAFT_VOL2-PROCUREMENT_MasterJustificationBook_Air_Force_PB_2015.zzz_unzipped-PROCUREMENT_MasterJustificationBook_Air_Force_PB_2015.xml","915b03b5c79079cef74c1f5fed99ff94d2a961666ffa690a638fb838766b41c1","0-399ebdca2b6f8cb76f804ee90a5b404f2ccef6034b5b13949fbb51c9a7e0e333","0-9c7558db1f0f627937a066ea92fa7611ca6ccf0bdfa0d8882e313e72a4e66ee1","root.record.ItemExhibitList.P3AModificationItemGroup.ModificationItemList.ModificationItem.Installation.ImplementationMethodList.ImplementationMethod"
"Air Force Active","","","0","0","2","3","0","0","","","4.975","4.975","12.483","0.000","0.000","0.000","2015-BASE_PROCUREMENT-2015-AIRFORCE_AIRCRAFT_VOL2-PROCUREMENT_MasterJustificationBook_Air_Force_PB_2015.zzz_unzipped-PROCUREMENT_MasterJustificationBook_Air_Force_PB_2015.xml","f589edbc06d76a4949c8665cea83963e382985d5b4eea11b3a6abcd51d15beb8","0-88c4a8441b2d9a0d0d5c6147cf4e322e4c9fb65a47c75ba2971f14d03d5c1f26","0-0e85b56edf73ef1faf124a0438d57e98246b0dd3771426314bb64a9e2f185077","root.record.ItemExhibitList.P3AModificationItemGroup.ModificationItemList.ModificationItem.Installation.ImplementationMethodList.ImplementationMethod"
"Air Force Active","","15","8","8","","","","","","7.25","4.179","4.179","","","","","2015-BASE_PROCUREMENT-2015-AIRFORCE_AIRCRAFT_VOL2-PROCUREMENT_MasterJustificationBook_Air_Force_PB_2015.zzz_unzipped-PROCUREMENT_MasterJustificationBook_Air_Force_PB_2015.xml","1d0ff418bd7c6cd4e0e89bd791631b1a3c0f2af4c9f1aa7bb064636a8d9f282b","0-a4f5f0764afe839e45aa236f599c54c20b37bd286885a0067eb5de9745a0f5ec","0-6181d838a0c95a43dced3ee6dc375ac6434e77827c451a6b51d772145650d79f","root.record.ItemExhibitList.P3AModificationItemGroup.ModificationItemList.ModificationItem.Installation.ImplementationMethodList.ImplementationMethod"
"Air National Guard","","","8","8","","","","","","","4.179","4.179","","","","","2015-BASE_PROCUREMENT-2015-AIRFORCE_AIRCRAFT_VOL2-PROCUREMENT_MasterJustificationBook_Air_Force_PB_2015.zzz_unzipped-PROCUREMENT_MasterJustificationBook_Air_Force_PB_2015.xml","1d0ff418bd7c6cd4e0e89bd791631b1a3c0f2af4c9f1aa7bb064636a8d9f282b","1-5df7e32d0f08d77473c5cc09624fb23f98ca07637e519fba32617c7c6fb9d4c6","0-6181d838a0c95a43dced3ee6dc375ac6434e77827c451a6b51d772145650d79f","root.record.ItemExhibitList.P3AModificationItemGroup.ModificationItemList.ModificationItem.Installation.ImplementationMethodList.ImplementationMethod"
"Air Force Reserve","","","3","3","","","","","","","1.568","1.568","","","","","2015-BASE_PROCUREMENT-2015-AIRFORCE_AIRCRAFT_VOL2-PROCUREMENT_MasterJustificationBook_Air_Force_PB_2015.zzz_unzipped-PROCUREMENT_MasterJustificationBook_Air_Force_PB_2015.xml","1d0ff418bd7c6cd4e0e89bd791631b1a3c0f2af4c9f1aa7bb064636a8d9f282b","2-cda4807223d007300d88572a481e2353292497d3d4f777ec7602516c4e7ee727","0-6181d838a0c95a43dced3ee6dc375ac6434e77827c451a6b51d772145650d79f","root.record.ItemExhibitList.P3AModificationItemGroup.ModificationItemList.ModificationItem.Installation.ImplementationMethodList.ImplementationMethod"
"Air Force Active","","","7","7","","","","","","","43.127","43.127","","","","","2015-BASE_PROCUREMENT-2015-AIRFORCE_AIRCRAFT_VOL2-PROCUREMENT_MasterJustificationBook_Air_Force_PB_2015.zzz_unzipped-PROCUREMENT_MasterJustificationBook_Air_Force_PB_2015.xml","a48921b64d03b92f38e99229622434b0339f2788458c62c08f23ae8dd17a6497","0-5d4faa8ac2c9c16c3c499554dc8f6932bb7da0f9c8073be14973a85c54b74e4c","0-927c625330c2c8b21971168dabdf7e41d46feb8e747d35cc99db03f7633854fc","root.record.ItemExhibitList.P3AModificationItemGroup.ModificationItemList.ModificationItem.Installation.ImplementationMethodList.ImplementationMethod"
"Air Force Active","4","8","15","15","","","","","1.833","5.603","10.695","10.695","","","","","2015-BASE_PROCUREMENT-2015-AIRFORCE_AIRCRAFT_VOL2-PROCUREMENT_MasterJustificationBook_Air_Force_PB_2015.zzz_unzipped-PROCUREMENT_MasterJustificationBook_Air_Force_PB_2015.xml","855eae1cbb61b6501bc214ee71975773395e237741d724826b960bf4c434431a","0-6768a59f82ba0f27fcff9362288ff1ff757de284cfc4338e351a3f90246f79f4","0-05a5512a8234f0ea4a1f6a760efc7c446cc43f0996ff431b8a5d279fd44b456c","root.record.ItemExhibitList.P3AModificationItemGroup.ModificationItemList.ModificationItem.Installation.ImplementationMethodList.ImplementationMethod"
"Air Force Active","16","10","8","8","","","","","2.044","4.347","0.000","0.000","","","","","2015-BASE_PROCUREMENT-2015-AIRFORCE_AIRCRAFT_VOL2-PROCUREMENT_MasterJustificationBook_Air_Force_PB_2015.zzz_unzipped-PROCUREMENT_MasterJustificationBook_Air_Force_PB_2015.xml","855eae1cbb61b6501bc214ee71975773395e237741d724826b960bf4c434431a","0-e96beb31c793381eb62c15653ded93af2cb39fb315ac4364296c5053dbaa0df5","0-d4ea9ad91007926f7c650fc6b35daa4c0c19b5e48944b29c090a1e4b89b2513b","root.record.ItemExhibitList.P3AModificationItemGroup.ModificationItemList.ModificationItem.Installation.ImplementationMethodList.ImplementationMethod"
"Air National Guard","8","7","13","13","","","","","0.000","0.000","0.000","0.000","","","","","2015-BASE_PROCUREMENT-2015-AIRFORCE_AIRCRAFT_VOL2-PROCUREMENT_MasterJustificationBook_Air_Force_PB_2015.zzz_unzipped-PROCUREMENT_MasterJustificationBook_Air_Force_PB_2015.xml","855eae1cbb61b6501bc214ee71975773395e237741d724826b960bf4c434431a","1-ed575287527df15e3398199214474cf21255cbfdf5d38ffcd94651634679af38","0-d4ea9ad91007926f7c650fc6b35daa4c0c19b5e48944b29c090a1e4b89b2513b","root.record.ItemExhibitList.P3AModificationItemGroup.ModificationItemList.ModificationItem.Installation.ImplementationMethodList.ImplementationMethod"
"Air Force Active","6","","45","45","","","","","0.000","","3.072","3.072","","","","","2015-BASE_PROCUREMENT-2015-AIRFORCE_AIRCRAFT_VOL2-PROCUREMENT_MasterJustificationBook_Air_Force_PB_2015.zzz_unzipped-PROCUREMENT_MasterJustificationBook_Air_Force_PB_2015.xml","855eae1cbb61b6501bc214ee71975773395e237741d724826b960bf4c434431a","0-1c0cc82580c1de10f5527cf21f3156cec088efe5746f32fbfd24ba3e066e48e4","0-093c6709582261b4313cee340f28ece624cd1d3cdfe372a128f29cb4a71dd321","root.record.ItemExhibitList.P3AModificationItemGroup.ModificationItemList.ModificationItem.Installation.ImplementationMethodList.ImplementationMethod"
"Air Force Active","","75","44","44","","","","","","2.817","2.279","2.279","","","","","2015-BASE_PROCUREMENT-2015-AIRFORCE_AIRCRAFT_VOL2-PROCUREMENT_MasterJustificationBook_Air_Force_PB_2015.zzz_unzipped-PROCUREMENT_MasterJustificationBook_Air_Force_PB_2015.xml","855eae1cbb61b6501bc214ee71975773395e237741d724826b960bf4c434431a","0-1035e1a8cb38023fd4a2e4b9800e13c20aa005ba76b619ead8a370987dd428eb","0-e689d29bfcbe019879fd87c71f3e0f9e0da097dc46a06bce986d84015a70218b","root.record.ItemExhibitList.P3AModificationItemGroup.ModificationItemList.ModificationItem.Installation.ImplementationMethodList.ImplementationMethod"
"Air National Guard","","25","","","","","","","","0.615","","","","","","","2015-BASE_PROCUREMENT-2015-AIRFORCE_AIRCRAFT_VOL2-PROCUREMENT_MasterJustificationBook_Air_Force_PB_2015.zzz_unzipped-PROCUREMENT_MasterJustificationBook_Air_Force_PB_2015.xml","855eae1cbb61b6501bc214ee71975773395e237741d724826b960bf4c434431a","1-0307c228d48981f2c0ec59e61438417d48a69336d21d4d43485bc7ccb606c680","0-e689d29bfcbe019879fd87c71f3e0f9e0da097dc46a06bce986d84015a70218b","root.record.ItemExhibitList.P3AModificationItemGroup.ModificationItemList.ModificationItem.Installation.ImplementationMethodList.ImplementationMethod"
"Air Force Active","23","27","30","30","13","","","","7.511","12.333","12.4","12.4","5.06","","","","2015-BASE_PROCUREMENT-2015-AIRFORCE_AIRCRAFT_VOL2-PROCUREMENT_MasterJustificationBook_Air_Force_PB_2015.zzz_unzipped-PROCUREMENT_MasterJustificationBook_Air_Force_PB_2015.xml","e0999d2b89817dbe0cc954d07a44ef1ad1938f20a6bca9d4306e26527654e26d","0-0263ee12fd6bb7a222fe26b8e4501dbbbf8fe47247552601d69738aecf26d364","0-ee92a4bc01a8ce6f68389883c492d381a85e11ec57278bfa3703d712cdcd12ee","root.record.ItemExhibitList.P3AModificationItemGroup.ModificationItemList.ModificationItem.Installation.ImplementationMethodList.ImplementationMethod"
"Air National Guard","","","","","11","9","","","","","","","4.281","4.179","","","2015-BASE_PROCUREMENT-2015-AIRFORCE_AIRCRAFT_VOL2-PROCUREMENT_MasterJustificationBook_Air_Force_PB_2015.zzz_unzipped-PROCUREMENT_MasterJustificationBook_Air_Force_PB_2015.xml","e0999d2b89817dbe0cc954d07a44ef1ad1938f20a6bca9d4306e26527654e26d","1-54b7df0920bd871fd16f7fac4c28cadd7e0dca1a77c62207e53e8fbf6a46171e","0-ee92a4bc01a8ce6f68389883c492d381a85e11ec57278bfa3703d712cdcd12ee","root.record.ItemExhibitList.P3AModificationItemGroup.ModificationItemList.ModificationItem.Installation.ImplementationMethodList.ImplementationMethod"
"Air Force Active","","","248","248","190","221","189","189","","","16.145","16.145","7.778","7.778","7.778","6.824","2015-BASE_PROCUREMENT-2015-AIRFORCE_AIRCRAFT_VOL2-PROCUREMENT_MasterJustificationBook_Air_Force_PB_2015.zzz_unzipped-PROCUREMENT_MasterJustificationBook_Air_Force_PB_2015.xml","e0999d2b89817dbe0cc954d07a44ef1ad1938f20a6bca9d4306e26527654e26d","0-9f116fe870ee922b06f67990faed6802f40fce863fbd8e5b4c1daebe98fede60","0-9b50b012948f55935a8bcb6d8b2462edabeea388ec8b1e1bda6b712bda112a67","root.record.ItemExhibitList.P3AModificationItemGroup.ModificationItemList.ModificationItem.Installation.ImplementationMethodList.ImplementationMethod"
"Air Force Active","442","1733","993","993","758","883","757","757","59.508","44.927","34.608","34.608","35.705","29.53","29.85","26.105","2015-BASE_PROCUREMENT-2015-AIRFORCE_AIRCRAFT_VOL2-PROCUREMENT_MasterJustificationBook_Air_Force_PB_2015.zzz_unzipped-PROCUREMENT_MasterJustificationBook_Air_Force_PB_2015.xml","e0999d2b89817dbe0cc954d07a44ef1ad1938f20a6bca9d4306e26527654e26d","0-e093cbdcf0d9233297550ad78bd0d217e1a78586c8437bae5626d4ccb33582e8","1-ba5a781dd725ef3b499cd84c07fbe044bc0dc77f14bad73ba6ae5562184dd111","root.record.ItemExhibitList.P3AModificationItemGroup.ModificationItemList.ModificationItem.Installation.ImplementationMethodList.ImplementationMethod"
"Air National Guard","59","324","197","197","86","34","14","14","2.6","10.335","5.028","5.028","6.863","6.863","6.863","6.047","2015-BASE_PROCUREMENT-2015-AIRFORCE_AIRCRAFT_VOL2-PROCUREMENT_MasterJustificationBook_Air_Force_PB_2015.zzz_unzipped-PROCUREMENT_MasterJustificationBook_Air_Force_PB_2015.xml","e0999d2b89817dbe0cc954d07a44ef1ad1938f20a6bca9d4306e26527654e26d","1-41f0f5856510e73601008229f3f2205d09dd8bdacfba9f17e2e7ad2f7920d4a5","1-ba5a781dd725ef3b499cd84c07fbe044bc0dc77f14bad73ba6ae5562184dd111","root.record.ItemExhibitList.P3AModificationItemGroup.ModificationItemList.ModificationItem.Installation.ImplementationMethodList.ImplementationMethod"
"Air Force Active","","","234","234","275","213","172","196","","","0.571","0.571","0.318","0.335","0.337","0.027","2015-BASE_PROCUREMENT-2015-AIRFORCE_AIRCRAFT_VOL2-PROCUREMENT_MasterJustificationBook_Air_Force_PB_2015.zzz_unzipped-PROCUREMENT_MasterJustificationBook_Air_Force_PB_2015.xml","e0999d2b89817dbe0cc954d07a44ef1ad1938f20a6bca9d4306e26527654e26d","0-616861c120ba710823a435a4f54298c369c014e153bcf6189b7cfa210d8429b2","0-6bf3aac48d487eeb1b369fa7d3cf92875c72645dd26a107628ce7ecb3a12b814","root.record.ItemExhibitList.P3AModificationItemGroup.ModificationItemList.ModificationItem.Installation.ImplementationMethodList.ImplementationMethod"
"Air Force Active","352","100","938","938","1100","851","737","782","1.142","4.667","2.282","2.282","1.27","7.462","6.347","5.109","2015-BASE_PROCUREMENT-2015-AIRFORCE_AIRCRAFT_VOL2-PROCUREMENT_MasterJustificationBook_Air_Force_PB_2015.zzz_unzipped-PROCUREMENT_MasterJustificationBook_Air_Force_PB_2015.xml","e0999d2b89817dbe0cc954d07a44ef1ad1938f20a6bca9d4306e26527654e26d","0-a3a2452e7ae7607398ca89c6f327ff242190d1bb2d85dbbeb41326007fd39c3a","1-68e6c4e3316d66082b07907326f16ac2dc242be677e4ef1f74051359d4d07fee","root.record.ItemExhibitList.P3AModificationItemGroup.ModificationItemList.ModificationItem.Installation.ImplementationMethodList.ImplementationMethod"
"Air National Guard","38","96","104","104","149","116","99","106","0.124","0.069","0.31","0.31","0.173","0.866","0.183","0.015","2015-BASE_PROCUREMENT-2015-AIRFORCE_AIRCRAFT_VOL2-PROCUREMENT_MasterJustificationBook_Air_Force_PB_2015.zzz_unzipped-PROCUREMENT_MasterJustificationBook_Air_Force_PB_2015.xml","e0999d2b89817dbe0cc954d07a44ef1ad1938f20a6bca9d4306e26527654e26d","1-d6ee4a8fcc1198a3ba46d3d5dde87e40292ecfc5a2d3aba5224f4c52a27cd745","1-68e6c4e3316d66082b07907326f16ac2dc242be677e4ef1f74051359d4d07fee","root.record.ItemExhibitList.P3AModificationItemGroup.ModificationItemList.ModificationItem.Installation.ImplementationMethodList.ImplementationMethod"
"Air Force Active","15","15","25","25","21","21","8","","48.614","16.341","30.032","30.032","27.369","33.469","8.4","","2015-BASE_PROCUREMENT-2015-AIRFORCE_AIRCRAFT_VOL2-PROCUREMENT_MasterJustificationBook_Air_Force_PB_2015.zzz_unzipped-PROCUREMENT_MasterJustificationBook_Air_Force_PB_2015.xml","e0999d2b89817dbe0cc954d07a44ef1ad1938f20a6bca9d4306e26527654e26d","0-3f32f8cccf225868103eb42d8d08a9d60a92a914a04550a18d4fe13cb21eee15","0-c7d751639336ca01f70a4ec200716aa4580ab3250a14053a4ac7cf898b30a5f7","root.record.ItemExhibitList.P3AModificationItemGroup.ModificationItemList.ModificationItem.Installation.ImplementationMethodList.ImplementationMethod"
"Air National Guard","2","3","","","","","7","13","1.68","5.727","","","","","9.602","6.339","2015-BASE_PROCUREMENT-2015-AIRFORCE_AIRCRAFT_VOL2-PROCUREMENT_MasterJustificationBook_Air_Force_PB_2015.zzz_unzipped-PROCUREMENT_MasterJustificationBook_Air_Force_PB_2015.xml","e0999d2b89817dbe0cc954d07a44ef1ad1938f20a6bca9d4306e26527654e26d","1-18bc8e498d7335528a2498aea9827520ab159ae23fea92164635018ba275a686","0-c7d751639336ca01f70a4ec200716aa4580ab3250a14053a4ac7cf898b30a5f7","root.record.ItemExhibitList.P3AModificationItemGroup.ModificationItemList.ModificationItem.Installation.ImplementationMethodList.ImplementationMethod"
"Air Force Active","","22","8","8","10","10","10","10","","9.19","6.925","6.925","0.35","0.65","0.677","0.285","2015-BASE_PROCUREMENT-2015-AIRFORCE_AIRCRAFT_VOL2-PROCUREMENT_MasterJustificationBook_Air_Force_PB_2015.zzz_unzipped-PROCUREMENT_MasterJustificationBook_Air_Force_PB_2015.xml","e0999d2b89817dbe0cc954d07a44ef1ad1938f20a6bca9d4306e26527654e26d","0-7c3716230cf7f5b75854b6bd7f96eaa57d83b806d72aec46969015bc5ecc4287","0-5d1f8d30a38052ba474f24e187232e34b7b9f481d963ae57bfc485c1d0c61a70","root.record.ItemExhibitList.P3AModificationItemGroup.ModificationItemList.ModificationItem.Installation.ImplementationMethodList.ImplementationMethod"
"Air Force Active","","","","","","","35","36","","","","","","","9.5","12.285","2015-BASE_PROCUREMENT-2015-AIRFORCE_AIRCRAFT_VOL2-PROCUREMENT_MasterJustificationBook_Air_Force_PB_2015.zzz_unzipped-PROCUREMENT_MasterJustificationBook_Air_Force_PB_2015.xml","a8a6e5bc3013496d237ccecb8631798e1f6fde8d6f32dd9210c3a80ded847d47","0-a177f3ab08959ab8335d1fbcfaa8a998600981f3185b4698427cb89601457be8","0-f558cdffae66310f03d3ecad4189c6da8ab2e9537843c2f1a3dcc755a6917fe4","root.record.ItemExhibitList.P3AModificationItemGroup.ModificationItemList.ModificationItem.Installation.ImplementationMethodList.ImplementationMethod"
"Air Force Active","20","31","12","12","","","","","0.98","1.922","0.756","0.756","","","","","2015-BASE_PROCUREMENT-2015-AIRFORCE_OTHER-PROCUREMENT_JustificationBook_Air_Force_PB_2015.zzz_unzipped-PROCUREMENT_JustificationBook_Air_Force_PB_2015.xml","468bc985f6e66df36e06ea9a96c28ec64edcebf0d6674e83420127564b1094c0","0-20780f87da671f282a9869041cd78229aebb7bd4f85d3a93bd48b72c31f355b3","0-965abe7e19177d93a88e1e8def8033a0431376da74ac71893465823563e8b971","root.record.ItemExhibitList.P3AModificationItemGroup.ModificationItemList.ModificationItem.Installation.ImplementationMethodList.ImplementationMethod"
"Air National Guard","","2","","","","","","","","0.124","","","","","","","2015-BASE_PROCUREMENT-2015-AIRFORCE_OTHER-PROCUREMENT_JustificationBook_Air_Force_PB_2015.zzz_unzipped-PROCUREMENT_JustificationBook_Air_Force_PB_2015.xml","468bc985f6e66df36e06ea9a96c28ec64edcebf0d6674e83420127564b1094c0","1-76fd29102d7899375742785c27bf0ea4e71d259b69414ef5affa9c0e2fbcae4c","0-965abe7e19177d93a88e1e8def8033a0431376da74ac71893465823563e8b971","root.record.ItemExhibitList.P3AModificationItemGroup.ModificationItemList.ModificationItem.Installation.ImplementationMethodList.ImplementationMethod"
"Air Force Reserve","","6","3","3","","","","","","0.372","0.189","0.189","","","","","2015-BASE_PROCUREMENT-2015-AIRFORCE_OTHER-PROCUREMENT_JustificationBook_Air_Force_PB_2015.zzz_unzipped-PROCUREMENT_JustificationBook_Air_Force_PB_2015.xml","468bc985f6e66df36e06ea9a96c28ec64edcebf0d6674e83420127564b1094c0","2-1d5b783efd2f0a50f5753c1558bcc7291ed21dd68f95ac8e512a01bac5510f1b","0-965abe7e19177d93a88e1e8def8033a0431376da74ac71893465823563e8b971","root.record.ItemExhibitList.P3AModificationItemGroup.ModificationItemList.ModificationItem.Installation.ImplementationMethodList.ImplementationMethod"
"Air Force Active","20","31","12","12","","","","","0.98","1.922","0.756","0.756","","","","","2015-BASE_PROCUREMENT-2015-AIRFORCE_OTHER-PROCUREMENT_MasterJustificationBook_Air_Force_PB_2015.zzz_unzipped-PROCUREMENT_MasterJustificationBook_Air_Force_PB_2015.xml","38574a0eb107b9f7269a65b5cd9e3370a0cecba368536b676cf0c3e78bac69ac","0-5f8e57d1fe3cceca9669bdcc45f4f134d9cb96c17e447aa828870084dd54078a","0-fe612527d42cedc8d418a264f8b5287e0d20fd64ff7cf56a7036c4a075bbc8dd","root.record.ItemExhibitList.P3AModificationItemGroup.ModificationItemList.ModificationItem.Installation.ImplementationMethodList.ImplementationMethod"
"Air National Guard","","2","","","","","","","","0.124","","","","","","","2015-BASE_PROCUREMENT-2015-AIRFORCE_OTHER-PROCUREMENT_MasterJustificationBook_Air_Force_PB_2015.zzz_unzipped-PROCUREMENT_MasterJustificationBook_Air_Force_PB_2015.xml","38574a0eb107b9f7269a65b5cd9e3370a0cecba368536b676cf0c3e78bac69ac","1-85e48e3e4b10e1c0507e8578c67dd383efbdc2426b70596e8347b6f3c58c2aae","0-fe612527d42cedc8d418a264f8b5287e0d20fd64ff7cf56a7036c4a075bbc8dd","root.record.ItemExhibitList.P3AModificationItemGroup.ModificationItemList.ModificationItem.Installation.ImplementationMethodList.ImplementationMethod"
"Air Force Reserve","","6","3","3","","","","","","0.372","0.189","0.189","","","","","2015-BASE_PROCUREMENT-2015-AIRFORCE_OTHER-PROCUREMENT_MasterJustificationBook_Air_Force_PB_2015.zzz_unzipped-PROCUREMENT_MasterJustificationBook_Air_Force_PB_2015.xml","38574a0eb107b9f7269a65b5cd9e3370a0cecba368536b676cf0c3e78bac69ac","2-851efd7a573a850e17e8b39276bde595fd49ffcdea7106ff1f316821d185ba99","0-fe612527d42cedc8d418a264f8b5287e0d20fd64ff7cf56a7036c4a075bbc8dd","root.record.ItemExhibitList.P3AModificationItemGroup.ModificationItemList.ModificationItem.Installation.ImplementationMethodList.ImplementationMethod"
"Air Force Active","1","1","2","2","","","","","2.557","2.716","5.534","5.534","","","","","2015-AMENDED_PROCUREMENT_AND_RDTE-2015-AIRFORCE_AMMO-PROCUREMENT_JustificationBook_Air_Force_PBAmended_2015.zzz_unzipped-PROCUREMENT_JustificationBook_Air_Force_PBAmended_2015.xml","5d0eeab0e5f827704ba2a685913a7359c919753ae300be7e875ee61ae60888e4","0-a4ab8c133234c6f783e1eafe4304469222d75c8e03d05bfe99e3f6acb0423f68","0-76d40db9da91c902c663e55983cfe0175227c8be25608f7b97401a12c6f5fd56","root.record.ItemExhibitList.P3AModificationItemGroup.ModificationItemList.ModificationItem.Installation.ImplementationMethodList.ImplementationMethod"
"Air Force Active","4","2","","","","","","","10.585","6.045","","","","","","","2015-AMENDED_PROCUREMENT_AND_RDTE-2015-AIRFORCE_AMMO-PROCUREMENT_JustificationBook_Air_Force_PBAmended_2015.zzz_unzipped-PROCUREMENT_JustificationBook_Air_Force_PBAmended_2015.xml","5d0eeab0e5f827704ba2a685913a7359c919753ae300be7e875ee61ae60888e4","0-92dd6c0cf61e84c011e1bef1f9b6e5b20252955eb7359257a32bb1ceb53aa0fa","0-4d98125a8ea5c58012bdcefa2e7c6c1f003661d8ac1d3a06658af618a24d32d1","root.record.ItemExhibitList.P3AModificationItemGroup.ModificationItemList.ModificationItem.Installation.ImplementationMethodList.ImplementationMethod"
"Air Force Active","1","1","1","1","","","","","2.6","2.6","2.6","2.6","","","","","2015-AMENDED_PROCUREMENT_AND_RDTE-2015-AIRFORCE_AMMO-PROCUREMENT_JustificationBook_Air_Force_PBAmended_2015.zzz_unzipped-PROCUREMENT_JustificationBook_Air_Force_PBAmended_2015.xml","5d0eeab0e5f827704ba2a685913a7359c919753ae300be7e875ee61ae60888e4","0-4d2a3412b4850149bcc49c37259ea271abf8a2972f145391daefc0aedecad036","0-a436d6c60c91d69efe4b86342b2720d1f821fd5d490cc044796ffd9f4e8812f4","root.record.ItemExhibitList.P3AModificationItemGroup.ModificationItemList.ModificationItem.Installation.ImplementationMethodList.ImplementationMethod"
"Air Force Active","","","0","0","2","3","2","0","","","6.68","6.68","12.483","0.000","0.000","0.000","2015-AMENDED_PROCUREMENT_AND_RDTE-2015-AIRFORCE_AMMO-PROCUREMENT_JustificationBook_Air_Force_PBAmended_2015.zzz_unzipped-PROCUREMENT_JustificationBook_Air_Force_PBAmended_2015.xml","3cdf5370d6aa06ad598534cb0c149c4f22f6fb738ead93645d4b6f4becdfa971","0-640b252644d19abc13f70c869fd4b99872e87a11ab745b3b3d402d461cef12b4","0-5297eef6b2c6cc18ac41856849a8b73f0b74f6f148bcf308ce603009cf0a072b","root.record.ItemExhibitList.P3AModificationItemGroup.ModificationItemList.ModificationItem.Installation.ImplementationMethodList.ImplementationMethod"
"Air Force Active","1","1","2","2","","","","","2.557","2.716","5.534","5.534","","","","","2015-AMENDED_PROCUREMENT_AND_RDTE-2015-AIRFORCE_AMMO-PROCUREMENT_MasterJustificationBook_Air_Force_PBAmended_2015.zzz_unzipped-PROCUREMENT_MasterJustificationBook_Air_Force_PBAmended_2015.xml","308f697704d8ddc7394defea12f143515a17c085f8cd1988f241494e4852d23c","0-e711500233fc13f2be512a6cd1b3fe0f08068d4ebef7551048010aa273b910e7","0-bb176f05a07421795d6a7fb5357286444d9b5e073d77163ef0ce4384911ed737","root.record.ItemExhibitList.P3AModificationItemGroup.ModificationItemList.ModificationItem.Installation.ImplementationMethodList.ImplementationMethod"
"Air Force Active","4","2","","","","","","","10.585","6.045","","","","","","","2015-AMENDED_PROCUREMENT_AND_RDTE-2015-AIRFORCE_AMMO-PROCUREMENT_MasterJustificationBook_Air_Force_PBAmended_2015.zzz_unzipped-PROCUREMENT_MasterJustificationBook_Air_Force_PBAmended_2015.xml","308f697704d8ddc7394defea12f143515a17c085f8cd1988f241494e4852d23c","0-9825004ffb7851d7fdfae53ac47897caaec7f0e44d3f884d071c498abea50ab0","0-cf288c4643a13a053c8607db79bb273f21ff6d2b4d33c817aea600bcdfdeb47d","root.record.ItemExhibitList.P3AModificationItemGroup.ModificationItemList.ModificationItem.Installation.ImplementationMethodList.ImplementationMethod"
"Air Force Active","1","1","1","1","","","","","2.6","2.6","2.6","2.6","","","","","2015-AMENDED_PROCUREMENT_AND_RDTE-2015-AIRFORCE_AMMO-PROCUREMENT_MasterJustificationBook_Air_Force_PBAmended_2015.zzz_unzipped-PROCUREMENT_MasterJustificationBook_Air_Force_PBAmended_2015.xml","308f697704d8ddc7394defea12f143515a17c085f8cd1988f241494e4852d23c","0-614b1d736aa66bf4ad8e9dab2b9052e81f849246fd92b7fa41e2effae141cb51","0-be42f52cedb97d22fc91f469a79ee7fa9685b1207d25f7f71fe6007be879a23d","root.record.ItemExhibitList.P3AModificationItemGroup.ModificationItemList.ModificationItem.Installation.ImplementationMethodList.ImplementationMethod"
"Air Force Active","","","0","0","2","3","2","0","","","6.68","6.68","12.483","0.000","0.000","0.000","2015-AMENDED_PROCUREMENT_AND_RDTE-2015-AIRFORCE_AMMO-PROCUREMENT_MasterJustificationBook_Air_Force_PBAmended_2015.zzz_unzipped-PROCUREMENT_MasterJustificationBook_Air_Force_PBAmended_2015.xml","3422ac66d0ea6fb81b14f56ab36db4a0f72d47732900596259b15b9bc0499223","0-c747a25c6bc724935d5140d6c297601e1a135254efb59cddcdd558fd239ec546","0-88d83817873e7b5ed765232ddac43d0944ceed498bb27229fb65c3c7c1e4361e","root.record.ItemExhibitList.P3AModificationItemGroup.ModificationItemList.ModificationItem.Installation.ImplementationMethodList.ImplementationMethod"
