Name_val,Cost_Quantity_PriorYear_val,Cost_Quantity_CurrentYear_val,Cost_Quantity_BudgetYearOneBase_val,Cost_Quantity_BudgetYearOne_val,Cost_Quantity_BudgetYearTwo_val,Cost_Quantity_BudgetYearThree_val,Cost_Quantity_BudgetYearFour_val,Cost_Quantity_BudgetYearFive_val,Cost_TotalCost_PriorYear_val,Cost_TotalCost_CurrentYear_val,Cost_TotalCost_BudgetYearOneBase_val,Cost_TotalCost_BudgetYearOne_val,Cost_TotalCost_BudgetYearTwo_val,Cost_TotalCost_BudgetYearThree_val,Cost_TotalCost_BudgetYearFour_val,Cost_TotalCost_BudgetYearFive_val,@SOURCE_FILENAME,@RECORDID,@ROWID,@PARENTROWID,@PARENT
"Air Force Active","1","4","8","8","","","","","1.132","4.728","6.718","6.718","","","","","2015-BASE_PROCUREMENT-2015-AIRFORCE_AIRCRAFT_VOL2-PROCUREMENT_JustificationBook_Air_Force_PB_2015.zzz_unzipped-PROCUREMENT_JustificationBook_Air_Force_PB_2015.xml","64acb54550a4560598d7d665ce51dd7ecd276be3097259da048227510b8c8d9d","0-72a43b38b10eb5ffafb67d6b432495b8ae2c5a325c6da1483c706a8f4b827fc6","0-f4a0655dbafaa7cc298ae4bc4374116c940802ac9d6635ea20716fe56428733d","root.record.ItemExhibitList.P3AModificationItemGroup.ModificationItemList.ModificationItem.Installation.ImplementationMethodList.ImplementationMethod"
"Air Force Active","","2","2","2","","","","","","0.675","0.66","0.66","","","","","2015-BASE_PROCUREMENT-2015-AIRFORCE_AIRCRAFT_VOL2-PROCUREMENT_JustificationBook_Air_Force_PB_2015.zzz_unzipped-PROCUREMENT_JustificationBook_Air_Force_PB_2015.xml","64acb54550a4560598d7d665ce51dd7ecd276be3097259da048227510b8c8d9d","0-7e245530c4a100637e514f1820185b07dc5b5bdf81dfaf25b88980c0df7dd0fa","1-7f9266243193cc87aecd6a4ccc273eef85029fbb305f56117ee757fe12421bc6","root.record.ItemExhibitList.P3AModificationItemGroup.ModificationItemList.ModificationItem.Installation.ImplementationMethodList.ImplementationMethod"
"Air Force Active","","","7","7","","","","","","","4.401","4.401","","","","","2015-BASE_PROCUREMENT-2015-AIRFORCE_AIRCRAFT_VOL2-PROCUREMENT_JustificationBook_Air_Force_PB_2015.zzz_unzipped-PROCUREMENT_JustificationBook_Air_Force_PB_2015.xml","b8767409fbe18f979daf324b822c3fc717f2bfd9a9a8e2c0e9528e4bdde4d803","0-a31406f5c3ba0557b5aa8b07c575a1c681be51182c451ee101f544962231acd7","0-e462480b317c22918761b9a1edff86f96c046fa5867c71a547c0a7601b0c5765","root.record.ItemExhibitList.P3AModificationItemGroup.ModificationItemList.ModificationItem.Installation.ImplementationMethodList.ImplementationMethod"
"Air Force Active","11","6","","","","","","","222.512","149.612","","","","","","","2015-BASE_PROCUREMENT-2015-AIRFORCE_AIRCRAFT_VOL2-PROCUREMENT_JustificationBook_Air_Force_PB_2015.zzz_unzipped-PROCUREMENT_JustificationBook_Air_Force_PB_2015.xml","e049539817dd22b34918c2c0be8271bbbd79d6b6a486234ddff8e6be076c0e3d","0-68949e9f58bf57ea5c77dcc8ae9f38eda429e833fd6794c4095f195e4d5bfcf6","0-1c07cc8dddefd34d99035c4053c4cce2f5b5c39a2c53f5bdc75ee0c0705c4261","root.record.ItemExhibitList.P3AModificationItemGroup.ModificationItemList.ModificationItem.Installation.ImplementationMethodList.ImplementationMethod"
"Air Force Reserve","","5","11","11","","","","","","124.676","254.23","254.23","","","","","2015-BASE_PROCUREMENT-2015-AIRFORCE_AIRCRAFT_VOL2-PROCUREMENT_JustificationBook_Air_Force_PB_2015.zzz_unzipped-PROCUREMENT_JustificationBook_Air_Force_PB_2015.xml","e049539817dd22b34918c2c0be8271bbbd79d6b6a486234ddff8e6be076c0e3d","1-b444894b0b7bfbfceaae379fc83e9510c9de850fe840c6bf7d7660fdb599b6df","0-1c07cc8dddefd34d99035c4053c4cce2f5b5c39a2c53f5bdc75ee0c0705c4261","root.record.ItemExhibitList.P3AModificationItemGroup.ModificationItemList.ModificationItem.Installation.ImplementationMethodList.ImplementationMethod"
"Air Force Active","10","28","22","22","28","1","","","1.496","3.007","4.975","4.975","5.787","0.213","","","2015-BASE_PROCUREMENT-2015-AIRFORCE_AIRCRAFT_VOL2-PROCUREMENT_JustificationBook_Air_Force_PB_2015.zzz_unzipped-PROCUREMENT_JustificationBook_Air_Force_PB_2015.xml","2c3a42ac96c574f3a05d311e38d1fd39e76b2eaa077eed338c2b56579168a566","0-bc949084c7d50d55568be413a6541c8a8cdc50ffe9d82d459cfee0f0bfdf2547","0-cd9e56fa7519c6d1d9abad7bc4a2ace98069231ef04fbbaca11aa57c52e37f1f","root.record.ItemExhibitList.P3AModificationItemGroup.ModificationItemList.ModificationItem.Installation.ImplementationMethodList.ImplementationMethod"
"Air National Guard","5","1","3","3","","13","","","0.748","0.107","0.678","0.678","","2.767","","","2015-BASE_PROCUREMENT-2015-AIRFORCE_AIRCRAFT_VOL2-PROCUREMENT_JustificationBook_Air_Force_PB_2015.zzz_unzipped-PROCUREMENT_JustificationBook_Air_Force_PB_2015.xml","2c3a42ac96c574f3a05d311e38d1fd39e76b2eaa077eed338c2b56579168a566","1-40977cde6ee7015bf996279428a71cc8c0fc579ed0ae327d978bd8901056e489","0-cd9e56fa7519c6d1d9abad7bc4a2ace98069231ef04fbbaca11aa57c52e37f1f","root.record.ItemExhibitList.P3AModificationItemGroup.ModificationItemList.ModificationItem.Installation.ImplementationMethodList.ImplementationMethod"
"Air Force Reserve","","1","4","4","1","3","","","","0.108","0.906","0.906","0.207","0.638","","","2015-BASE_PROCUREMENT-2015-AIRFORCE_AIRCRAFT_VOL2-PROCUREMENT_JustificationBook_Air_Force_PB_2015.zzz_unzipped-PROCUREMENT_JustificationBook_Air_Force_PB_2015.xml","2c3a42ac96c574f3a05d311e38d1fd39e76b2eaa077eed338c2b56579168a566","2-f3b8354a65f8e5c607437071475fb3e6f36a3402bb18f6585d0590bb2b2c515c","0-cd9e56fa7519c6d1d9abad7bc4a2ace98069231ef04fbbaca11aa57c52e37f1f","root.record.ItemExhibitList.P3AModificationItemGroup.ModificationItemList.ModificationItem.Installation.ImplementationMethodList.ImplementationMethod"
"Air Force Active","144","79","30","30","","","","","90.713","8.449","9.615","9.615","","","","","2015-BASE_PROCUREMENT-2015-AIRFORCE_AIRCRAFT_VOL2-PROCUREMENT_JustificationBook_Air_Force_PB_2015.zzz_unzipped-PROCUREMENT_JustificationBook_Air_Force_PB_2015.xml","2c3a42ac96c574f3a05d311e38d1fd39e76b2eaa077eed338c2b56579168a566","0-a47b0249548ff0e406317ab0f2352dc642b045e5f411e43b94a5ed3e204f6de6","0-01ffdabca261982a83b4cb5e1c3f9d1c8aa2f9eec71c5a2bb2e258b194388326","root.record.ItemExhibitList.P3AModificationItemGroup.ModificationItemList.ModificationItem.Installation.ImplementationMethodList.ImplementationMethod"
"Air National Guard","14","55","51","51","","","","","9.833","10.044","16.898","16.898","","","","","2015-BASE_PROCUREMENT-2015-AIRFORCE_AIRCRAFT_VOL2-PROCUREMENT_JustificationBook_Air_Force_PB_2015.zzz_unzipped-PROCUREMENT_JustificationBook_Air_Force_PB_2015.xml","2c3a42ac96c574f3a05d311e38d1fd39e76b2eaa077eed338c2b56579168a566","1-b1ba82b8dd5dd6a04897fef3930e110b0621284fd979afd8081cdfc147a44928","0-01ffdabca261982a83b4cb5e1c3f9d1c8aa2f9eec71c5a2bb2e258b194388326","root.record.ItemExhibitList.P3AModificationItemGroup.ModificationItemList.ModificationItem.Installation.ImplementationMethodList.ImplementationMethod"
"Air Force Reserve","12","21","58","58","","","","","8.429","3.653","18.589","18.589","","","","","2015-BASE_PROCUREMENT-2015-AIRFORCE_AIRCRAFT_VOL2-PROCUREMENT_JustificationBook_Air_Force_PB_2015.zzz_unzipped-PROCUREMENT_JustificationBook_Air_Force_PB_2015.xml","2c3a42ac96c574f3a05d311e38d1fd39e76b2eaa077eed338c2b56579168a566","2-041306d653dc5bd7abce5e618e6f8a24e1fd44795f1d87f567428129dba59d2a","0-01ffdabca261982a83b4cb5e1c3f9d1c8aa2f9eec71c5a2bb2e258b194388326","root.record.ItemExhibitList.P3AModificationItemGroup.ModificationItemList.ModificationItem.Installation.ImplementationMethodList.ImplementationMethod"
"Air Force Active","2","38","33","33","33","33","33","6","1.771","1.447","2.95","2.95","3.04","5.25","5.91","1.105","2015-BASE_PROCUREMENT-2015-AIRFORCE_AIRCRAFT_VOL2-PROCUREMENT_JustificationBook_Air_Force_PB_2015.zzz_unzipped-PROCUREMENT_JustificationBook_Air_Force_PB_2015.xml","2c3a42ac96c574f3a05d311e38d1fd39e76b2eaa077eed338c2b56579168a566","0-833fb2a1b32e3027b62a9d082e6d8b4db2f8623cc005c65e5116f4ced08f8580","0-26705708335f0890c041e2526a73483b5ba149826332fa30964ef5f441ffd283","root.record.ItemExhibitList.P3AModificationItemGroup.ModificationItemList.ModificationItem.Installation.ImplementationMethodList.ImplementationMethod"
"Air National Guard","","","","","","","","26","","","","","","","","4.79","2015-BASE_PROCUREMENT-2015-AIRFORCE_AIRCRAFT_VOL2-PROCUREMENT_JustificationBook_Air_Force_PB_2015.zzz_unzipped-PROCUREMENT_JustificationBook_Air_Force_PB_2015.xml","2c3a42ac96c574f3a05d311e38d1fd39e76b2eaa077eed338c2b56579168a566","1-7d65f2bb391db7701bd203d9141fca9bf027bc31887be3262b3743fef47afc21","0-26705708335f0890c041e2526a73483b5ba149826332fa30964ef5f441ffd283","root.record.ItemExhibitList.P3AModificationItemGroup.ModificationItemList.ModificationItem.Installation.ImplementationMethodList.ImplementationMethod"
"Air Force Reserve","","","","","","","","1","","","","","","","","0.184","2015-BASE_PROCUREMENT-2015-AIRFORCE_AIRCRAFT_VOL2-PROCUREMENT_JustificationBook_Air_Force_PB_2015.zzz_unzipped-PROCUREMENT_JustificationBook_Air_Force_PB_2015.xml","2c3a42ac96c574f3a05d311e38d1fd39e76b2eaa077eed338c2b56579168a566","2-73a6a56eccedeba6f4686b8346176fa697fab16931df35fb2e3325c2618232e1","0-26705708335f0890c041e2526a73483b5ba149826332fa30964ef5f441ffd283","root.record.ItemExhibitList.P3AModificationItemGroup.ModificationItemList.ModificationItem.Installation.ImplementationMethodList.ImplementationMethod"
"Air Force Active","","","","","2","52","52","","","","","","3.47","1.37","2.027","","2015-BASE_PROCUREMENT-2015-AIRFORCE_AIRCRAFT_VOL2-PROCUREMENT_JustificationBook_Air_Force_PB_2015.zzz_unzipped-PROCUREMENT_JustificationBook_Air_Force_PB_2015.xml","2c3a42ac96c574f3a05d311e38d1fd39e76b2eaa077eed338c2b56579168a566","0-ff22069c316e6de2cf067ffd4fdf0dd4143442ea090885b0152761cbd70eb637","0-6fdeb1504ef645936be1cff224df4135e3e05021c3e0566db4939d6bf982d6ed","root.record.ItemExhibitList.P3AModificationItemGroup.ModificationItemList.ModificationItem.Installation.ImplementationMethodList.ImplementationMethod"
"Air Force Active","","","","","","54","52","13","","","","","","0.000","0.000","0.000","2015-BASE_PROCUREMENT-2015-AIRFORCE_AIRCRAFT_VOL2-PROCUREMENT_JustificationBook_Air_Force_PB_2015.zzz_unzipped-PROCUREMENT_JustificationBook_Air_Force_PB_2015.xml","2c3a42ac96c574f3a05d311e38d1fd39e76b2eaa077eed338c2b56579168a566","0-c65779d15e056de2e420002715ad082cc58752766f1f706a745b2648e9b7071d","0-51f8015093a8a714eab9c8c1960684e09a4ab03bf05db170ebf7de7bcdc6d469","root.record.ItemExhibitList.P3AModificationItemGroup.ModificationItemList.ModificationItem.Installation.ImplementationMethodList.ImplementationMethod"
"Air Force Active","","2","2","2","2","3","4","4","","5.474","5.497","5.497","5.53","10.003","13.65","13.328","2015-BASE_PROCUREMENT-2015-AIRFORCE_AIRCRAFT_VOL2-PROCUREMENT_JustificationBook_Air_Force_PB_2015.zzz_unzipped-PROCUREMENT_JustificationBook_Air_Force_PB_2015.xml","2c3a42ac96c574f3a05d311e38d1fd39e76b2eaa077eed338c2b56579168a566","0-4dd3891d89ad5c3c0276f2c3677d6c3e84beb0b3474fe62c3d3d89e94928fe4f","0-bd589b88e092b44b7f03e3e479f104ade8177e537d44767319e69b29127f894c","root.record.ItemExhibitList.P3AModificationItemGroup.ModificationItemList.ModificationItem.Installation.ImplementationMethodList.ImplementationMethod"
"Air Force Active","2","38","160","160","54","83","34","","0.000","0.000","1.588","1.588","0.801","1.092","0.718","","2015-BASE_PROCUREMENT-2015-AIRFORCE_AIRCRAFT_VOL2-PROCUREMENT_JustificationBook_Air_Force_PB_2015.zzz_unzipped-PROCUREMENT_JustificationBook_Air_Force_PB_2015.xml","2c3a42ac96c574f3a05d311e38d1fd39e76b2eaa077eed338c2b56579168a566","0-441ebe581d7dcada7b492faeab8ecc0079e4de034dd30b7c5a0f4ebffe1f593f","0-cc2dbce79507545aeda394d7f0107328743fdfc8810a8588354d74456f2c3129","root.record.ItemExhibitList.P3AModificationItemGroup.ModificationItemList.ModificationItem.Installation.ImplementationMethodList.ImplementationMethod"
"Air Force Active","","","12","12","","","","","","","0.32","0.32","","","","","2015-BASE_PROCUREMENT-2015-AIRFORCE_AIRCRAFT_VOL2-PROCUREMENT_JustificationBook_Air_Force_PB_2015.zzz_unzipped-PROCUREMENT_JustificationBook_Air_Force_PB_2015.xml","c18079498214be7c8507bd7289056635ea6ba000e7bb766e68a998d56e53f49a","0-6cca9bd85115fce97c13c34e080e58a9646fe6d9f5993190a37b133c8ea385c8","0-83c187e098b40bab624e404df4e1bf349a4df5a2d3d9be23d6c7ed0ebb88a02b","root.record.ItemExhibitList.P3AModificationItemGroup.ModificationItemList.ModificationItem.Installation.ImplementationMethodList.ImplementationMethod"
"Air Force Reserve","","","3","3","","","","","","","0.08","0.08","","","","","2015-BASE_PROCUREMENT-2015-AIRFORCE_AIRCRAFT_VOL2-PROCUREMENT_JustificationBook_Air_Force_PB_2015.zzz_unzipped-PROCUREMENT_JustificationBook_Air_Force_PB_2015.xml","c18079498214be7c8507bd7289056635ea6ba000e7bb766e68a998d56e53f49a","1-843591cd8c96935c109d9e3a718d802952481ce0d8f5b9d4bfb4287a46b2d550","0-83c187e098b40bab624e404df4e1bf349a4df5a2d3d9be23d6c7ed0ebb88a02b","root.record.ItemExhibitList.P3AModificationItemGroup.ModificationItemList.ModificationItem.Installation.ImplementationMethodList.ImplementationMethod"
"Air Force Active","1","2","9","9","","","","","0.000","4.75","14.796","14.796","","","","","2015-BASE_PROCUREMENT-2015-AIRFORCE_AIRCRAFT_VOL2-PROCUREMENT_JustificationBook_Air_Force_PB_2015.zzz_unzipped-PROCUREMENT_JustificationBook_Air_Force_PB_2015.xml","c18079498214be7c8507bd7289056635ea6ba000e7bb766e68a998d56e53f49a","0-0d99227b80960c902dad7eef8175907bf24dc8c6513e3f2e2fe413f78d512053","0-3ef71c4c708b5af2cdc283038611c8037278889165844df2f1798ce36d25753e","root.record.ItemExhibitList.P3AModificationItemGroup.ModificationItemList.ModificationItem.Installation.ImplementationMethodList.ImplementationMethod"
"Air Force Reserve","","","1","1","","","","","","","1.644","1.644","","","","","2015-BASE_PROCUREMENT-2015-AIRFORCE_AIRCRAFT_VOL2-PROCUREMENT_JustificationBook_Air_Force_PB_2015.zzz_unzipped-PROCUREMENT_JustificationBook_Air_Force_PB_2015.xml","c18079498214be7c8507bd7289056635ea6ba000e7bb766e68a998d56e53f49a","1-06b9a2b672a4d63dcbd24d3bec237b957a034b2aec7ac94921f5cffa0bd0019d","0-3ef71c4c708b5af2cdc283038611c8037278889165844df2f1798ce36d25753e","root.record.ItemExhibitList.P3AModificationItemGroup.ModificationItemList.ModificationItem.Installation.ImplementationMethodList.ImplementationMethod"
"Air Force Active","","","6","6","","","","","","","1.961","1.961","","","","","2015-BASE_PROCUREMENT-2015-AIRFORCE_AIRCRAFT_VOL2-PROCUREMENT_JustificationBook_Air_Force_PB_2015.zzz_unzipped-PROCUREMENT_JustificationBook_Air_Force_PB_2015.xml","c18079498214be7c8507bd7289056635ea6ba000e7bb766e68a998d56e53f49a","0-4c3a0e1e5890735e9ac2340e1a1a340751d34a81a9812f327d7d194a0074f285","0-fd43cba22737cdf531a88814af52ccd79d99c5bdcdf4870a5a406eb2a618038a","root.record.ItemExhibitList.P3AModificationItemGroup.ModificationItemList.ModificationItem.Installation.ImplementationMethodList.ImplementationMethod"
"Air Force Active","","","12","12","","","","","","","2.351","2.351","","","","","2015-BASE_PROCUREMENT-2015-AIRFORCE_AIRCRAFT_VOL2-PROCUREMENT_JustificationBook_Air_Force_PB_2015.zzz_unzipped-PROCUREMENT_JustificationBook_Air_Force_PB_2015.xml","c18079498214be7c8507bd7289056635ea6ba000e7bb766e68a998d56e53f49a","0-a27267fb10250fd900ff5b847d39041412d96eb8782689732b893a53ec33423d","0-1745ddb8a98f0f4c5a8ad9e77bc042f401e6f79c4630982591d79bc7c906b243","root.record.ItemExhibitList.P3AModificationItemGroup.ModificationItemList.ModificationItem.Installation.ImplementationMethodList.ImplementationMethod"
"Air Force Active","1","1","2","2","","","","","2.557","2.716","5.534","5.534","","","","","2015-BASE_PROCUREMENT-2015-AIRFORCE_AIRCRAFT_VOL2-PROCUREMENT_JustificationBook_Air_Force_PB_2015.zzz_unzipped-PROCUREMENT_JustificationBook_Air_Force_PB_2015.xml","c95b3cad136b9abd961b0302a1b9dcc36c9e32822973785202e66e43ffe473da","0-ff0c82e1f4adfb622e08e3b3ebe045532ab0a1806c253bcb544519dd1cf1436f","0-c512209965703c8a9655630cd3b2f41572c65232a762897fbbd3257467403a7b","root.record.ItemExhibitList.P3AModificationItemGroup.ModificationItemList.ModificationItem.Installation.ImplementationMethodList.ImplementationMethod"
"Air Force Active","4","2","","","","","","","10.585","6.045","","","","","","","2015-BASE_PROCUREMENT-2015-AIRFORCE_AIRCRAFT_VOL2-PROCUREMENT_JustificationBook_Air_Force_PB_2015.zzz_unzipped-PROCUREMENT_JustificationBook_Air_Force_PB_2015.xml","c95b3cad136b9abd961b0302a1b9dcc36c9e32822973785202e66e43ffe473da","0-9831187954a94c673e62bad009c26d153a8b3726dc573f0dad2198767eb427e2","0-6f1c47559caf0b84c6d5ccf39785797a2100cfeacef5de130cfe7eb95d527570","root.record.ItemExhibitList.P3AModificationItemGroup.ModificationItemList.ModificationItem.Installation.ImplementationMethodList.ImplementationMethod"
"Air Force Active","1","1","1","1","","","","","2.6","2.6","2.6","2.6","","","","","2015-BASE_PROCUREMENT-2015-AIRFORCE_AIRCRAFT_VOL2-PROCUREMENT_JustificationBook_Air_Force_PB_2015.zzz_unzipped-PROCUREMENT_JustificationBook_Air_Force_PB_2015.xml","c95b3cad136b9abd961b0302a1b9dcc36c9e32822973785202e66e43ffe473da","0-1054a205bdf2baabb47d38b4b09a7dce6ed52d823410a2bedcc0c3ab0c7e0627","0-67c1c2a75bd58bc0bdde6af4df150a5100d2321cc5dbaaf73ec895c019caf7c5","root.record.ItemExhibitList.P3AModificationItemGroup.ModificationItemList.ModificationItem.Installation.ImplementationMethodList.ImplementationMethod"
"Air Force Active","","3","","","","","","","","0.334","","","","","","","2015-BASE_PROCUREMENT-2015-AIRFORCE_AIRCRAFT_VOL2-PROCUREMENT_JustificationBook_Air_Force_PB_2015.zzz_unzipped-PROCUREMENT_JustificationBook_Air_Force_PB_2015.xml","ad2cbcd52887cfdbd4c4e64af0f936c986b469e78be0a9fa924477b8ad18fb8f","0-6ffaeda9a57036ef3f5665d03d6449d87dcdb15210083baa18afa5dd9ef3fc3e","0-1550e589df7220bbd6ee84a438c1577a1ffc69746e491acdaff42f839af04b33","root.record.ItemExhibitList.P3AModificationItemGroup.ModificationItemList.ModificationItem.Installation.ImplementationMethodList.ImplementationMethod"
"Air Force Active","0","0","0","0","","","","","4.992","0.913","0.913","0.913","","","","","2015-BASE_PROCUREMENT-2015-AIRFORCE_AIRCRAFT_VOL2-PROCUREMENT_JustificationBook_Air_Force_PB_2015.zzz_unzipped-PROCUREMENT_JustificationBook_Air_Force_PB_2015.xml","ad2cbcd52887cfdbd4c4e64af0f936c986b469e78be0a9fa924477b8ad18fb8f","0-618952b97adc06cb954b2e6114f2271fd46bf9a0100d293c77cd764a132b92a4","0-7017454d78546b119bfbac2d0c5c84684440b4bba1eda724af7f9edf0c0047b4","root.record.ItemExhibitList.P3AModificationItemGroup.ModificationItemList.ModificationItem.Installation.ImplementationMethodList.ImplementationMethod"
"Air National Guard","0","","","","","","","","1.664","","","","","","","","2015-BASE_PROCUREMENT-2015-AIRFORCE_AIRCRAFT_VOL2-PROCUREMENT_JustificationBook_Air_Force_PB_2015.zzz_unzipped-PROCUREMENT_JustificationBook_Air_Force_PB_2015.xml","ad2cbcd52887cfdbd4c4e64af0f936c986b469e78be0a9fa924477b8ad18fb8f","1-57f2bcdd7243edc8c7764e5190d8c6ea7d3d86eaf930733ffc5af9bbf3ba0177","0-7017454d78546b119bfbac2d0c5c84684440b4bba1eda724af7f9edf0c0047b4","root.record.ItemExhibitList.P3AModificationItemGroup.ModificationItemList.ModificationItem.Installation.ImplementationMethodList.ImplementationMethod"
"Air Force Reserve","0","","","","","","","","0.832","","","","","","","","2015-BASE_PROCUREMENT-2015-AIRFORCE_AIRCRAFT_VOL2-PROCUREMENT_JustificationBook_Air_Force_PB_2015.zzz_unzipped-PROCUREMENT_JustificationBook_Air_Force_PB_2015.xml","ad2cbcd52887cfdbd4c4e64af0f936c986b469e78be0a9fa924477b8ad18fb8f","2-76d96bfdd8ec079cc124e696034d9ab5c402ec0cd4d26d94438b8cbdd414adc3","0-7017454d78546b119bfbac2d0c5c84684440b4bba1eda724af7f9edf0c0047b4","root.record.ItemExhibitList.P3AModificationItemGroup.ModificationItemList.ModificationItem.Installation.ImplementationMethodList.ImplementationMethod"
"Air Force Active","0","","","","","","","","0.385","","","","","","","","2015-BASE_PROCUREMENT-2015-AIRFORCE_AIRCRAFT_VOL2-PROCUREMENT_JustificationBook_Air_Force_PB_2015.zzz_unzipped-PROCUREMENT_JustificationBook_Air_Force_PB_2015.xml","ad2cbcd52887cfdbd4c4e64af0f936c986b469e78be0a9fa924477b8ad18fb8f","0-447a3419fa4cc729ba76938c664f5821a960763180c60f1cc210394afc2082c2","0-f83d9606d1cf9028efd3489e9ec628f5a07316df30b0506763630cea1e749efe","root.record.ItemExhibitList.P3AModificationItemGroup.ModificationItemList.ModificationItem.Installation.ImplementationMethodList.ImplementationMethod"
"Air Force Active","","","0","0","2","3","0","0","","","4.975","4.975","12.483","0.000","0.000","0.000","2015-BASE_PROCUREMENT-2015-AIRFORCE_AIRCRAFT_VOL2-PROCUREMENT_JustificationBook_Air_Force_PB_2015.zzz_unzipped-PROCUREMENT_JustificationBook_Air_Force_PB_2015.xml","f95a686895e7fa3d37923c2b920ccf43d5ee240504c1f66a1de53572ac91a145","0-6d6f8593bafeb627985cd4a5d8ba6053bd05411d96549648f85d93d897dc633d","0-ecc25ed6e11b839ede9555fdfb3495087800fa5cf5fbf13a94a26e03f215eb67","root.record.ItemExhibitList.P3AModificationItemGroup.ModificationItemList.ModificationItem.Installation.ImplementationMethodList.ImplementationMethod"
"Air Force Active","","15","8","8","","","","","","7.25","4.179","4.179","","","","","2015-BASE_PROCUREMENT-2015-AIRFORCE_AIRCRAFT_VOL2-PROCUREMENT_JustificationBook_Air_Force_PB_2015.zzz_unzipped-PROCUREMENT_JustificationBook_Air_Force_PB_2015.xml","4f10c9d75af1ff7f39d3312af79b465fcb001e31cfa449ec049bea6f08f73af1","0-fb85d372519c96df3ff0c403e26364740f50338b1ce03fbf6362c96bf933f091","0-f27b7f6ee59c7c4eaeaed8cfd7853f1fccf6caf9ec00780c89c83b9ec538660c","root.record.ItemExhibitList.P3AModificationItemGroup.ModificationItemList.ModificationItem.Installation.ImplementationMethodList.ImplementationMethod"
"Air National Guard","","","8","8","","","","","","","4.179","4.179","","","","","2015-BASE_PROCUREMENT-2015-AIRFORCE_AIRCRAFT_VOL2-PROCUREMENT_JustificationBook_Air_Force_PB_2015.zzz_unzipped-PROCUREMENT_JustificationBook_Air_Force_PB_2015.xml","4f10c9d75af1ff7f39d3312af79b465fcb001e31cfa449ec049bea6f08f73af1","1-57e87c2bd5915596907fbae1640511b107a2457dfe3c242d59b3fe7369f15f21","0-f27b7f6ee59c7c4eaeaed8cfd7853f1fccf6caf9ec00780c89c83b9ec538660c","root.record.ItemExhibitList.P3AModificationItemGroup.ModificationItemList.ModificationItem.Installation.ImplementationMethodList.ImplementationMethod"
"Air Force Reserve","","","3","3","","","","","","","1.568","1.568","","","","","2015-BASE_PROCUREMENT-2015-AIRFORCE_AIRCRAFT_VOL2-PROCUREMENT_JustificationBook_Air_Force_PB_2015.zzz_unzipped-PROCUREMENT_JustificationBook_Air_Force_PB_2015.xml","4f10c9d75af1ff7f39d3312af79b465fcb001e31cfa449ec049bea6f08f73af1","2-3a914123c27fd30063c28d6ba344bac7cea4d92bfb8a119aea265a13f1d44465","0-f27b7f6ee59c7c4eaeaed8cfd7853f1fccf6caf9ec00780c89c83b9ec538660c","root.record.ItemExhibitList.P3AModificationItemGroup.ModificationItemList.ModificationItem.Installation.ImplementationMethodList.ImplementationMethod"
"Air Force Active","","","7","7","","","","","","","43.127","43.127","","","","","2015-BASE_PROCUREMENT-2015-AIRFORCE_AIRCRAFT_VOL2-PROCUREMENT_JustificationBook_Air_Force_PB_2015.zzz_unzipped-PROCUREMENT_JustificationBook_Air_Force_PB_2015.xml","bbc8063372e02d2bc548b494988437c9d99675713059aabc6acf7bc346906c17","0-d1e604bc087eb9e49ebe2739747e940b0a5c782f0f488b67c338defcd5aa8126","0-bd806ed09e55e823a2adf362f1831d49cec17e2c70e517bbe58842c78f10ec9b","root.record.ItemExhibitList.P3AModificationItemGroup.ModificationItemList.ModificationItem.Installation.ImplementationMethodList.ImplementationMethod"
"Air Force Active","4","8","15","15","","","","","1.833","5.603","10.695","10.695","","","","","2015-BASE_PROCUREMENT-2015-AIRFORCE_AIRCRAFT_VOL2-PROCUREMENT_JustificationBook_Air_Force_PB_2015.zzz_unzipped-PROCUREMENT_JustificationBook_Air_Force_PB_2015.xml","37a9176d6819849bcd695141407bcbea7c3c0b02a6c4bbb6d05d22c664d601c4","0-d7abd3a3b79be00c40e9f7439792c649c66b18a0e7c10f80d3966b97f2cd4dc3","0-cccea92bd4cbc71d0b17a30f1c3abe8279eaa0b7ef3e12a1bd037f1b115cf147","root.record.ItemExhibitList.P3AModificationItemGroup.ModificationItemList.ModificationItem.Installation.ImplementationMethodList.ImplementationMethod"
"Air Force Active","16","10","8","8","","","","","2.044","4.347","0.000","0.000","","","","","2015-BASE_PROCUREMENT-2015-AIRFORCE_AIRCRAFT_VOL2-PROCUREMENT_JustificationBook_Air_Force_PB_2015.zzz_unzipped-PROCUREMENT_JustificationBook_Air_Force_PB_2015.xml","37a9176d6819849bcd695141407bcbea7c3c0b02a6c4bbb6d05d22c664d601c4","0-8f52151fe55f411b6ed37579b10e54c527134b0c2452b09abe41e42d446ab368","0-04092aafa4d72024d864ce90cff9f7cdd38c9ecb304c23f2a4818e1ad3ae763a","root.record.ItemExhibitList.P3AModificationItemGroup.ModificationItemList.ModificationItem.Installation.ImplementationMethodList.ImplementationMethod"
"Air National Guard","8","7","13","13","","","","","0.000","0.000","0.000","0.000","","","","","2015-BASE_PROCUREMENT-2015-AIRFORCE_AIRCRAFT_VOL2-PROCUREMENT_JustificationBook_Air_Force_PB_2015.zzz_unzipped-PROCUREMENT_JustificationBook_Air_Force_PB_2015.xml","37a9176d6819849bcd695141407bcbea7c3c0b02a6c4bbb6d05d22c664d601c4","1-3d71987972ca781107f70244da17db8ee499dde3b0957e92e757104932ca8684","0-04092aafa4d72024d864ce90cff9f7cdd38c9ecb304c23f2a4818e1ad3ae763a","root.record.ItemExhibitList.P3AModificationItemGroup.ModificationItemList.ModificationItem.Installation.ImplementationMethodList.ImplementationMethod"
"Air Force Active","6","","45","45","","","","","0.000","","3.072","3.072","","","","","2015-BASE_PROCUREMENT-2015-AIRFORCE_AIRCRAFT_VOL2-PROCUREMENT_JustificationBook_Air_Force_PB_2015.zzz_unzipped-PROCUREMENT_JustificationBook_Air_Force_PB_2015.xml","37a9176d6819849bcd695141407bcbea7c3c0b02a6c4bbb6d05d22c664d601c4","0-34416df49ec685a431ca516ae761847b4355958f917e4332236226c7fb813e72","0-4f1233d4fa124bc9d0b8d2d4528dcae9943562dae5e5d5f80d155893e00bb871","root.record.ItemExhibitList.P3AModificationItemGroup.ModificationItemList.ModificationItem.Installation.ImplementationMethodList.ImplementationMethod"
"Air Force Active","","75","44","44","","","","","","2.817","2.279","2.279","","","","","2015-BASE_PROCUREMENT-2015-AIRFORCE_AIRCRAFT_VOL2-PROCUREMENT_JustificationBook_Air_Force_PB_2015.zzz_unzipped-PROCUREMENT_JustificationBook_Air_Force_PB_2015.xml","37a9176d6819849bcd695141407bcbea7c3c0b02a6c4bbb6d05d22c664d601c4","0-53e16989c1b48d9e9b679abca8667034717f4111b7acde0d7cdb4f6210ead1c5","0-90fbe995a40f6d9419338d9ca160e5bb615d51b5ade5858a996d01b7ee11a901","root.record.ItemExhibitList.P3AModificationItemGroup.ModificationItemList.ModificationItem.Installation.ImplementationMethodList.ImplementationMethod"
"Air National Guard","","25","","","","","","","","0.615","","","","","","","2015-BASE_PROCUREMENT-2015-AIRFORCE_AIRCRAFT_VOL2-PROCUREMENT_JustificationBook_Air_Force_PB_2015.zzz_unzipped-PROCUREMENT_JustificationBook_Air_Force_PB_2015.xml","37a9176d6819849bcd695141407bcbea7c3c0b02a6c4bbb6d05d22c664d601c4","1-23cec8595e04a92c9a65f0bcee95c023b189e764a9de73c55f542672d805c094","0-90fbe995a40f6d9419338d9ca160e5bb615d51b5ade5858a996d01b7ee11a901","root.record.ItemExhibitList.P3AModificationItemGroup.ModificationItemList.ModificationItem.Installation.ImplementationMethodList.ImplementationMethod"
"Air Force Active","23","27","30","30","13","","","","7.511","12.333","12.4","12.4","5.06","","","","2015-BASE_PROCUREMENT-2015-AIRFORCE_AIRCRAFT_VOL2-PROCUREMENT_JustificationBook_Air_Force_PB_2015.zzz_unzipped-PROCUREMENT_JustificationBook_Air_Force_PB_2015.xml","a8005ce497b4d26a96a0a73b3a202cd9ad0d2cb8833efae151bef5451667fd9e","0-68689a8139eba50085ddd02ccd761010623931ab91eba67bfd8d8f92aa2f040e","0-3eb34e1af7b1acfc8dc3aedad4649a5e045d6da54a25848e880efbc0132fd63d","root.record.ItemExhibitList.P3AModificationItemGroup.ModificationItemList.ModificationItem.Installation.ImplementationMethodList.ImplementationMethod"
"Air National Guard","","","","","11","9","","","","","","","4.281","4.179","","","2015-BASE_PROCUREMENT-2015-AIRFORCE_AIRCRAFT_VOL2-PROCUREMENT_JustificationBook_Air_Force_PB_2015.zzz_unzipped-PROCUREMENT_JustificationBook_Air_Force_PB_2015.xml","a8005ce497b4d26a96a0a73b3a202cd9ad0d2cb8833efae151bef5451667fd9e","1-a0449e6191f3795b65a0fedb2d791ef35b58ff7e0cee055a5c3b2b44c8a8d05c","0-3eb34e1af7b1acfc8dc3aedad4649a5e045d6da54a25848e880efbc0132fd63d","root.record.ItemExhibitList.P3AModificationItemGroup.ModificationItemList.ModificationItem.Installation.ImplementationMethodList.ImplementationMethod"
"Air Force Active","","","248","248","190","221","189","189","","","16.145","16.145","7.778","7.778","7.778","6.824","2015-BASE_PROCUREMENT-2015-AIRFORCE_AIRCRAFT_VOL2-PROCUREMENT_JustificationBook_Air_Force_PB_2015.zzz_unzipped-PROCUREMENT_JustificationBook_Air_Force_PB_2015.xml","a8005ce497b4d26a96a0a73b3a202cd9ad0d2cb8833efae151bef5451667fd9e","0-ee60204fb79c71901642367aa2bfe5b2cd6f3ba14e020a6e21e2959a59f2d887","0-40ee8a5346cbc05a14f0ef88c226473bb7140eb524108e6c8f4eb2b235d47dcf","root.record.ItemExhibitList.P3AModificationItemGroup.ModificationItemList.ModificationItem.Installation.ImplementationMethodList.ImplementationMethod"
"Air Force Active","442","1733","993","993","758","883","757","757","59.508","44.927","34.608","34.608","35.705","29.53","29.85","26.105","2015-BASE_PROCUREMENT-2015-AIRFORCE_AIRCRAFT_VOL2-PROCUREMENT_JustificationBook_Air_Force_PB_2015.zzz_unzipped-PROCUREMENT_JustificationBook_Air_Force_PB_2015.xml","a8005ce497b4d26a96a0a73b3a202cd9ad0d2cb8833efae151bef5451667fd9e","0-9c9c275a302c3e444b1fcbb8b758081aa420d23cc218f4ebe3d5b8908a8123f4","1-b48a62ed40813f6201c54c47302a8f0ac7525837f4aeb25a2b567f33f4207065","root.record.ItemExhibitList.P3AModificationItemGroup.ModificationItemList.ModificationItem.Installation.ImplementationMethodList.ImplementationMethod"
"Air National Guard","59","324","197","197","86","34","14","14","2.6","10.335","5.028","5.028","6.863","6.863","6.863","6.047","2015-BASE_PROCUREMENT-2015-AIRFORCE_AIRCRAFT_VOL2-PROCUREMENT_JustificationBook_Air_Force_PB_2015.zzz_unzipped-PROCUREMENT_JustificationBook_Air_Force_PB_2015.xml","a8005ce497b4d26a96a0a73b3a202cd9ad0d2cb8833efae151bef5451667fd9e","1-7f3562bc7442437597210dad996082a8b6fcf85f72eac30407a37e61159b1224","1-b48a62ed40813f6201c54c47302a8f0ac7525837f4aeb25a2b567f33f4207065","root.record.ItemExhibitList.P3AModificationItemGroup.ModificationItemList.ModificationItem.Installation.ImplementationMethodList.ImplementationMethod"
"Air Force Active","","","234","234","275","213","172","196","","","0.571","0.571","0.318","0.335","0.337","0.027","2015-BASE_PROCUREMENT-2015-AIRFORCE_AIRCRAFT_VOL2-PROCUREMENT_JustificationBook_Air_Force_PB_2015.zzz_unzipped-PROCUREMENT_JustificationBook_Air_Force_PB_2015.xml","a8005ce497b4d26a96a0a73b3a202cd9ad0d2cb8833efae151bef5451667fd9e","0-dfadcfd20229e6b87259322766bac4f9e183c8392a1de9f5fade3cc906ad6423","0-6d007b3b722b822f2593030b07e4b2f9d46c1a07f89fe9e171da614bcd655038","root.record.ItemExhibitList.P3AModificationItemGroup.ModificationItemList.ModificationItem.Installation.ImplementationMethodList.ImplementationMethod"
"Air Force Active","352","100","938","938","1100","851","737","782","1.142","4.667","2.282","2.282","1.27","7.462","6.347","5.109","2015-BASE_PROCUREMENT-2015-AIRFORCE_AIRCRAFT_VOL2-PROCUREMENT_JustificationBook_Air_Force_PB_2015.zzz_unzipped-PROCUREMENT_JustificationBook_Air_Force_PB_2015.xml","a8005ce497b4d26a96a0a73b3a202cd9ad0d2cb8833efae151bef5451667fd9e","0-400ab4a56b5ed08387272a0a093c75a834869ee332a78b44af09dc78394b6e47","1-fc7d7e0ba3082c0233030e9ebdec56bae51873d61d77cab0c9c7dd9ec904e856","root.record.ItemExhibitList.P3AModificationItemGroup.ModificationItemList.ModificationItem.Installation.ImplementationMethodList.ImplementationMethod"
"Air National Guard","38","96","104","104","149","116","99","106","0.124","0.069","0.31","0.31","0.173","0.866","0.183","0.015","2015-BASE_PROCUREMENT-2015-AIRFORCE_AIRCRAFT_VOL2-PROCUREMENT_JustificationBook_Air_Force_PB_2015.zzz_unzipped-PROCUREMENT_JustificationBook_Air_Force_PB_2015.xml","a8005ce497b4d26a96a0a73b3a202cd9ad0d2cb8833efae151bef5451667fd9e","1-c9a791f1260513f421efc6174aa63a9976a8efb6afb1f7c1a239e773bf8b4c6f","1-fc7d7e0ba3082c0233030e9ebdec56bae51873d61d77cab0c9c7dd9ec904e856","root.record.ItemExhibitList.P3AModificationItemGroup.ModificationItemList.ModificationItem.Installation.ImplementationMethodList.ImplementationMethod"
"Air Force Active","15","15","25","25","21","21","8","","48.614","16.341","30.032","30.032","27.369","33.469","8.4","","2015-BASE_PROCUREMENT-2015-AIRFORCE_AIRCRAFT_VOL2-PROCUREMENT_JustificationBook_Air_Force_PB_2015.zzz_unzipped-PROCUREMENT_JustificationBook_Air_Force_PB_2015.xml","a8005ce497b4d26a96a0a73b3a202cd9ad0d2cb8833efae151bef5451667fd9e","0-7c5653323e6b65616fa9e2c18c8899605c82577c31bd21786f31c2faa58d9353","0-145ffa3d61b001824f8e9db75a0916096465965e28d037e18b5df78415ca76f4","root.record.ItemExhibitList.P3AModificationItemGroup.ModificationItemList.ModificationItem.Installation.ImplementationMethodList.ImplementationMethod"
"Air National Guard","2","3","","","","","7","13","1.68","5.727","","","","","9.602","6.339","2015-BASE_PROCUREMENT-2015-AIRFORCE_AIRCRAFT_VOL2-PROCUREMENT_JustificationBook_Air_Force_PB_2015.zzz_unzipped-PROCUREMENT_JustificationBook_Air_Force_PB_2015.xml","a8005ce497b4d26a96a0a73b3a202cd9ad0d2cb8833efae151bef5451667fd9e","1-55c1002851840f1baa4f6f13c054ae78770e893a85ef307763df85fbd7c0ee62","0-145ffa3d61b001824f8e9db75a0916096465965e28d037e18b5df78415ca76f4","root.record.ItemExhibitList.P3AModificationItemGroup.ModificationItemList.ModificationItem.Installation.ImplementationMethodList.ImplementationMethod"
"Air Force Active","","22","8","8","10","10","10","10","","9.19","6.925","6.925","0.35","0.65","0.677","0.285","2015-BASE_PROCUREMENT-2015-AIRFORCE_AIRCRAFT_VOL2-PROCUREMENT_JustificationBook_Air_Force_PB_2015.zzz_unzipped-PROCUREMENT_JustificationBook_Air_Force_PB_2015.xml","a8005ce497b4d26a96a0a73b3a202cd9ad0d2cb8833efae151bef5451667fd9e","0-1644e92b0a3072361a818306fbf41fd53e4c027faf7577831a3351c0fb1b8d63","0-b3b134ed2e8c4cfb2e4f4f858c675ff3fac2d1206b519df81a6754962067f1be","root.record.ItemExhibitList.P3AModificationItemGroup.ModificationItemList.ModificationItem.Installation.ImplementationMethodList.ImplementationMethod"
"Air Force Active","","","","","","","35","36","","","","","","","9.5","12.285","2015-BASE_PROCUREMENT-2015-AIRFORCE_AIRCRAFT_VOL2-PROCUREMENT_JustificationBook_Air_Force_PB_2015.zzz_unzipped-PROCUREMENT_JustificationBook_Air_Force_PB_2015.xml","0e0c5259a601c4aa4ff961a0ac121c4db369bfa13d87e153e3615741b3479e79","0-4fac611bb9c895fe186c5b2bc8df83a28e8e7a021f62428f50d43cf86ba433a6","0-d6b2eb781719f2ff97137a5d442e27232d14c582fb0d07972fc37bb3a71225b9","root.record.ItemExhibitList.P3AModificationItemGroup.ModificationItemList.ModificationItem.Installation.ImplementationMethodList.ImplementationMethod"
"Air Force Active","1","4","8","8","","","","","1.132","4.728","6.718","6.718","","","","","2015-BASE_PROCUREMENT-2015-AIRFORCE_AIRCRAFT_VOL2-PROCUREMENT_MasterJustificationBook_Air_Force_PB_2015.zzz_unzipped-PROCUREMENT_MasterJustificationBook_Air_Force_PB_2015.xml","ca9f1e9f848e67edf7e34b76ad9b05e59dfcbeb190b54cb2ec2a178aeaaa3bfa","0-9b760d3e85dd2dcd8a9e09b2409475e6e940c430523275ad06338efb8a753321","0-82785f69162e1b901b7e7bb31cc1be4e7dcb810a44753d28979cb0aab748416a","root.record.ItemExhibitList.P3AModificationItemGroup.ModificationItemList.ModificationItem.Installation.ImplementationMethodList.ImplementationMethod"
"Air Force Active","","2","2","2","","","","","","0.675","0.66","0.66","","","","","2015-BASE_PROCUREMENT-2015-AIRFORCE_AIRCRAFT_VOL2-PROCUREMENT_MasterJustificationBook_Air_Force_PB_2015.zzz_unzipped-PROCUREMENT_MasterJustificationBook_Air_Force_PB_2015.xml","ca9f1e9f848e67edf7e34b76ad9b05e59dfcbeb190b54cb2ec2a178aeaaa3bfa","0-d5f6740d83673346c4386b7574fb00f1aa78ea28db3f4c6fa5f77650be3a17de","1-e9b4fabd7cacec432db45952118dbaaf055e7351cdbfd6803daaa4d3d66edc7e","root.record.ItemExhibitList.P3AModificationItemGroup.ModificationItemList.ModificationItem.Installation.ImplementationMethodList.ImplementationMethod"
"Air Force Active","","","7","7","","","","","","","4.401","4.401","","","","","2015-BASE_PROCUREMENT-2015-AIRFORCE_AIRCRAFT_VOL2-PROCUREMENT_MasterJustificationBook_Air_Force_PB_2015.zzz_unzipped-PROCUREMENT_MasterJustificationBook_Air_Force_PB_2015.xml","25442f0fc741be383c8f1f024b4ed975774a4a3437a381bef47bf09fa44b0a02","0-19828608f095e0643a7c5a1041008417b180f2283bb79ff4bbeed0f39dcd097a","0-7d4de32f9e3729d91dbdde409df64e5282ec8ca4f2ba9580b7c8cd808de674b8","root.record.ItemExhibitList.P3AModificationItemGroup.ModificationItemList.ModificationItem.Installation.ImplementationMethodList.ImplementationMethod"
"Air Force Active","11","6","","","","","","","222.512","149.612","","","","","","","2015-BASE_PROCUREMENT-2015-AIRFORCE_AIRCRAFT_VOL2-PROCUREMENT_MasterJustificationBook_Air_Force_PB_2015.zzz_unzipped-PROCUREMENT_MasterJustificationBook_Air_Force_PB_2015.xml","aa1014d1730217cf58bd0eb1cf9155036af0caca57bd2ece54304d573c8411a2","0-61a1d411fc4f4ad7e6a1bd43a028dd54fb2719c97aba2bf245a7b552e895d813","0-7f2cec1dd963eb674201d7b135ccc19b7836921dcb77d42d011e5430eb2e0054","root.record.ItemExhibitList.P3AModificationItemGroup.ModificationItemList.ModificationItem.Installation.ImplementationMethodList.ImplementationMethod"
"Air Force Reserve","","5","11","11","","","","","","124.676","254.23","254.23","","","","","2015-BASE_PROCUREMENT-2015-AIRFORCE_AIRCRAFT_VOL2-PROCUREMENT_MasterJustificationBook_Air_Force_PB_2015.zzz_unzipped-PROCUREMENT_MasterJustificationBook_Air_Force_PB_2015.xml","aa1014d1730217cf58bd0eb1cf9155036af0caca57bd2ece54304d573c8411a2","1-077773b36759b7adba965416d4d1e5d5b360dbde7b50d6e7bd740ebfddfa670c","0-7f2cec1dd963eb674201d7b135ccc19b7836921dcb77d42d011e5430eb2e0054","root.record.ItemExhibitList.P3AModificationItemGroup.ModificationItemList.ModificationItem.Installation.ImplementationMethodList.ImplementationMethod"
"Air Force Active","10","28","22","22","28","1","","","1.496","3.007","4.975","4.975","5.787","0.213","","","2015-BASE_PROCUREMENT-2015-AIRFORCE_AIRCRAFT_VOL2-PROCUREMENT_MasterJustificationBook_Air_Force_PB_2015.zzz_unzipped-PROCUREMENT_MasterJustificationBook_Air_Force_PB_2015.xml","e0b4c68aca5bcb28bf2a8d6314af11bf878587e1d5636a46ade0d81891a819a1","0-8e6e0112e350b2c382779d1bf09c657178d2e9e7f7c284357a44a039051a5664","0-7a8858218bbd1116a52076f270aa43fdb2abf21308451c37eb93a0c503a3abae","root.record.ItemExhibitList.P3AModificationItemGroup.ModificationItemList.ModificationItem.Installation.ImplementationMethodList.ImplementationMethod"
"Air National Guard","5","1","3","3","","13","","","0.748","0.107","0.678","0.678","","2.767","","","2015-BASE_PROCUREMENT-2015-AIRFORCE_AIRCRAFT_VOL2-PROCUREMENT_MasterJustificationBook_Air_Force_PB_2015.zzz_unzipped-PROCUREMENT_MasterJustificationBook_Air_Force_PB_2015.xml","e0b4c68aca5bcb28bf2a8d6314af11bf878587e1d5636a46ade0d81891a819a1","1-380ce609a88b91d8158b0a21ec245d5ceb0bcc9b66d2179fb2c9358343202b8a","0-7a8858218bbd1116a52076f270aa43fdb2abf21308451c37eb93a0c503a3abae","root.record.ItemExhibitList.P3AModificationItemGroup.ModificationItemList.ModificationItem.Installation.ImplementationMethodList.ImplementationMethod"
"Air Force Reserve","","1","4","4","1","3","","","","0.108","0.906","0.906","0.207","0.638","","","2015-BASE_PROCUREMENT-2015-AIRFORCE_AIRCRAFT_VOL2-PROCUREMENT_MasterJustificationBook_Air_Force_PB_2015.zzz_unzipped-PROCUREMENT_MasterJustificationBook_Air_Force_PB_2015.xml","e0b4c68aca5bcb28bf2a8d6314af11bf878587e1d5636a46ade0d81891a819a1","2-5d911ed60f5843d9cc6e507e0ca654cb6b9e5843691dfe7ab929eda6f6e23a8f","0-7a8858218bbd1116a52076f270aa43fdb2abf21308451c37eb93a0c503a3abae","root.record.ItemExhibitList.P3AModificationItemGroup.ModificationItemList.ModificationItem.Installation.ImplementationMethodList.ImplementationMethod"
"Air Force Active","144","79","30","30","","","","","90.713","8.449","9.615","9.615","","","","","2015-BASE_PROCUREMENT-2015-AIRFORCE_AIRCRAFT_VOL2-PROCUREMENT_MasterJustificationBook_Air_Force_PB_2015.zzz_unzipped-PROCUREMENT_MasterJustificationBook_Air_Force_PB_2015.xml","e0b4c68aca5bcb28bf2a8d6314af11bf878587e1d5636a46ade0d81891a819a1","0-55c3adfcd79e9a35a665ee535df4581bb45bcd951f446d81cabfce72fb66daaf","0-dc7e0e025caa274d422384c08ace87a6ecec1ac335a1447f3c4eb6fd47d6ff7c","root.record.ItemExhibitList.P3AModificationItemGroup.ModificationItemList.ModificationItem.Installation.ImplementationMethodList.ImplementationMethod"
"Air National Guard","14","55","51","51","","","","","9.833","10.044","16.898","16.898","","","","","2015-BASE_PROCUREMENT-2015-AIRFORCE_AIRCRAFT_VOL2-PROCUREMENT_MasterJustificationBook_Air_Force_PB_2015.zzz_unzipped-PROCUREMENT_MasterJustificationBook_Air_Force_PB_2015.xml","e0b4c68aca5bcb28bf2a8d6314af11bf878587e1d5636a46ade0d81891a819a1","1-976636c0c35f53aa3de654d8d35cfe0c1709a64eedad755bffec1639087a403d","0-dc7e0e025caa274d422384c08ace87a6ecec1ac335a1447f3c4eb6fd47d6ff7c","root.record.ItemExhibitList.P3AModificationItemGroup.ModificationItemList.ModificationItem.Installation.ImplementationMethodList.ImplementationMethod"
"Air Force Reserve","12","21","58","58","","","","","8.429","3.653","18.589","18.589","","","","","2015-BASE_PROCUREMENT-2015-AIRFORCE_AIRCRAFT_VOL2-PROCUREMENT_MasterJustificationBook_Air_Force_PB_2015.zzz_unzipped-PROCUREMENT_MasterJustificationBook_Air_Force_PB_2015.xml","e0b4c68aca5bcb28bf2a8d6314af11bf878587e1d5636a46ade0d81891a819a1","2-5dcdef4bce3d77c6032d22ae627efd76c06cc4e597f47837c5bcd33627f24fc7","0-dc7e0e025caa274d422384c08ace87a6ecec1ac335a1447f3c4eb6fd47d6ff7c","root.record.ItemExhibitList.P3AModificationItemGroup.ModificationItemList.ModificationItem.Installation.ImplementationMethodList.ImplementationMethod"
"Air Force Active","2","38","33","33","33","33","33","6","1.771","1.447","2.95","2.95","3.04","5.25","5.91","1.105","2015-BASE_PROCUREMENT-2015-AIRFORCE_AIRCRAFT_VOL2-PROCUREMENT_MasterJustificationBook_Air_Force_PB_2015.zzz_unzipped-PROCUREMENT_MasterJustificationBook_Air_Force_PB_2015.xml","e0b4c68aca5bcb28bf2a8d6314af11bf878587e1d5636a46ade0d81891a819a1","0-0c1397600b12b5335eb9fce0ebb80a4e64be17ee3fa68cd7172fafa4f92e645b","0-56af74ea680a9f0b696773d54fef8a7a1ecd3a26edf6c61beaf53e78c68d86b2","root.record.ItemExhibitList.P3AModificationItemGroup.ModificationItemList.ModificationItem.Installation.ImplementationMethodList.ImplementationMethod"
"Air National Guard","","","","","","","","26","","","","","","","","4.79","2015-BASE_PROCUREMENT-2015-AIRFORCE_AIRCRAFT_VOL2-PROCUREMENT_MasterJustificationBook_Air_Force_PB_2015.zzz_unzipped-PROCUREMENT_MasterJustificationBook_Air_Force_PB_2015.xml","e0b4c68aca5bcb28bf2a8d6314af11bf878587e1d5636a46ade0d81891a819a1","1-4db10287f6e3073e78b38023a866ed170777b4b419b70ca2b4ff05f2faf3df19","0-56af74ea680a9f0b696773d54fef8a7a1ecd3a26edf6c61beaf53e78c68d86b2","root.record.ItemExhibitList.P3AModificationItemGroup.ModificationItemList.ModificationItem.Installation.ImplementationMethodList.ImplementationMethod"
"Air Force Reserve","","","","","","","","1","","","","","","","","0.184","2015-BASE_PROCUREMENT-2015-AIRFORCE_AIRCRAFT_VOL2-PROCUREMENT_MasterJustificationBook_Air_Force_PB_2015.zzz_unzipped-PROCUREMENT_MasterJustificationBook_Air_Force_PB_2015.xml","e0b4c68aca5bcb28bf2a8d6314af11bf878587e1d5636a46ade0d81891a819a1","2-e4bcf75033b3bf3da1fecdd1a88aa9cb33c676829957bd74508d8278b228c8ce","0-56af74ea680a9f0b696773d54fef8a7a1ecd3a26edf6c61beaf53e78c68d86b2","root.record.ItemExhibitList.P3AModificationItemGroup.ModificationItemList.ModificationItem.Installation.ImplementationMethodList.ImplementationMethod"
"Air Force Active","","","","","2","52","52","","","","","","3.47","1.37","2.027","","2015-BASE_PROCUREMENT-2015-AIRFORCE_AIRCRAFT_VOL2-PROCUREMENT_MasterJustificationBook_Air_Force_PB_2015.zzz_unzipped-PROCUREMENT_MasterJustificationBook_Air_Force_PB_2015.xml","e0b4c68aca5bcb28bf2a8d6314af11bf878587e1d5636a46ade0d81891a819a1","0-d42736fce1edbed9363be61bbb7e0bb693f766e5834dc985fc1006750ff47939","0-d516d59657d71244c5090aba1c919a80985866857c78458bcc1ff584dd4cb1e9","root.record.ItemExhibitList.P3AModificationItemGroup.ModificationItemList.ModificationItem.Installation.ImplementationMethodList.ImplementationMethod"
"Air Force Active","","","","","","54","52","13","","","","","","0.000","0.000","0.000","2015-BASE_PROCUREMENT-2015-AIRFORCE_AIRCRAFT_VOL2-PROCUREMENT_MasterJustificationBook_Air_Force_PB_2015.zzz_unzipped-PROCUREMENT_MasterJustificationBook_Air_Force_PB_2015.xml","e0b4c68aca5bcb28bf2a8d6314af11bf878587e1d5636a46ade0d81891a819a1","0-c848fdbbc7167a8c7f7c3329c7631ab1866387254e8e43395bff76378d45caf1","0-cc0f2331072ae790b2169fb98c117ac9ed22b32373cd367a53db17158834523f","root.record.ItemExhibitList.P3AModificationItemGroup.ModificationItemList.ModificationItem.Installation.ImplementationMethodList.ImplementationMethod"
"Air Force Active","","2","2","2","2","3","4","4","","5.474","5.497","5.497","5.53","10.003","13.65","13.328","2015-BASE_PROCUREMENT-2015-AIRFORCE_AIRCRAFT_VOL2-PROCUREMENT_MasterJustificationBook_Air_Force_PB_2015.zzz_unzipped-PROCUREMENT_MasterJustificationBook_Air_Force_PB_2015.xml","e0b4c68aca5bcb28bf2a8d6314af11bf878587e1d5636a46ade0d81891a819a1","0-4af5a25e766156f8b55ad426a698e21b4056e556af8faa5b896f4e9b1b05d848","0-f33d92d5a516d4e0bf82ba640c6b514660c10a8de897911db004e8cd3e22fd89","root.record.ItemExhibitList.P3AModificationItemGroup.ModificationItemList.ModificationItem.Installation.ImplementationMethodList.ImplementationMethod"
"Air Force Active","2","38","160","160","54","83","34","","0.000","0.000","1.588","1.588","0.801","1.092","0.718","","2015-BASE_PROCUREMENT-2015-AIRFORCE_AIRCRAFT_VOL2-PROCUREMENT_MasterJustificationBook_Air_Force_PB_2015.zzz_unzipped-PROCUREMENT_MasterJustificationBook_Air_Force_PB_2015.xml","e0b4c68aca5bcb28bf2a8d6314af11bf878587e1d5636a46ade0d81891a819a1","0-99dc33b9d365c7b8e3ebcbd3b2fbc76d4eee77439e454a39852aaefd231d3fb0","0-2887d725004327e39c0e586f374c7ba9c7f440c481056200b1577271413b6d61","root.record.ItemExhibitList.P3AModificationItemGroup.ModificationItemList.ModificationItem.Installation.ImplementationMethodList.ImplementationMethod"
"Air Force Active","","","12","12","","","","","","","0.32","0.32","","","","","2015-BASE_PROCUREMENT-2015-AIRFORCE_AIRCRAFT_VOL2-PROCUREMENT_MasterJustificationBook_Air_Force_PB_2015.zzz_unzipped-PROCUREMENT_MasterJustificationBook_Air_Force_PB_2015.xml","0b3cc84504de3dcd8d9b0ee78b03c6179e180dce85fc9cbee3b0fc0b68f603c4","0-d191cd8699358147e228cd38339f5058d7ed039e1a7fc0afa38bf98275d18830","0-5ab8ee0b10a48b66848994faf5a621b790f3273e08419c85e327163ac7a45c98","root.record.ItemExhibitList.P3AModificationItemGroup.ModificationItemList.ModificationItem.Installation.ImplementationMethodList.ImplementationMethod"
"Air Force Reserve","","","3","3","","","","","","","0.08","0.08","","","","","2015-BASE_PROCUREMENT-2015-AIRFORCE_AIRCRAFT_VOL2-PROCUREMENT_MasterJustificationBook_Air_Force_PB_2015.zzz_unzipped-PROCUREMENT_MasterJustificationBook_Air_Force_PB_2015.xml","0b3cc84504de3dcd8d9b0ee78b03c6179e180dce85fc9cbee3b0fc0b68f603c4","1-4e16722a60979dea6a3a3c759947fc80741b8e2578ddadbf037c65353164611e","0-5ab8ee0b10a48b66848994faf5a621b790f3273e08419c85e327163ac7a45c98","root.record.ItemExhibitList.P3AModificationItemGroup.ModificationItemList.ModificationItem.Installation.ImplementationMethodList.ImplementationMethod"
"Air Force Active","1","2","9","9","","","","","0.000","4.75","14.796","14.796","","","","","2015-BASE_PROCUREMENT-2015-AIRFORCE_AIRCRAFT_VOL2-PROCUREMENT_MasterJustificationBook_Air_Force_PB_2015.zzz_unzipped-PROCUREMENT_MasterJustificationBook_Air_Force_PB_2015.xml","0b3cc84504de3dcd8d9b0ee78b03c6179e180dce85fc9cbee3b0fc0b68f603c4","0-5373b5802b6fda81989a1f3e81d52a043cf38346c1a6f6196a01b9b8cf618eaa","0-a207702bce1702a3792b87576abd705af03facac8d31bb62080e25f7e1aee06c","root.record.ItemExhibitList.P3AModificationItemGroup.ModificationItemList.ModificationItem.Installation.ImplementationMethodList.ImplementationMethod"
"Air Force Reserve","","","1","1","","","","","","","1.644","1.644","","","","","2015-BASE_PROCUREMENT-2015-AIRFORCE_AIRCRAFT_VOL2-PROCUREMENT_MasterJustificationBook_Air_Force_PB_2015.zzz_unzipped-PROCUREMENT_MasterJustificationBook_Air_Force_PB_2015.xml","0b3cc84504de3dcd8d9b0ee78b03c6179e180dce85fc9cbee3b0fc0b68f603c4","1-d7d22398ae36bef0634c092952a94a470d30dd6b9af0443b69e3561d18b4fc9d","0-a207702bce1702a3792b87576abd705af03facac8d31bb62080e25f7e1aee06c","root.record.ItemExhibitList.P3AModificationItemGroup.ModificationItemList.ModificationItem.Installation.ImplementationMethodList.ImplementationMethod"
"Air Force Active","","","6","6","","","","","","","1.961","1.961","","","","","2015-BASE_PROCUREMENT-2015-AIRFORCE_AIRCRAFT_VOL2-PROCUREMENT_MasterJustificationBook_Air_Force_PB_2015.zzz_unzipped-PROCUREMENT_MasterJustificationBook_Air_Force_PB_2015.xml","0b3cc84504de3dcd8d9b0ee78b03c6179e180dce85fc9cbee3b0fc0b68f603c4","0-4fa63bed3e6c8815c88bfb46136c1f5c0ee124a626866ebba6123a080f322273","0-ecb796be44bc1049e2432e9a12ae71852bf770f67e2078e343f62f28f1182c0d","root.record.ItemExhibitList.P3AModificationItemGroup.ModificationItemList.ModificationItem.Installation.ImplementationMethodList.ImplementationMethod"
"Air Force Active","","","12","12","","","","","","","2.351","2.351","","","","","2015-BASE_PROCUREMENT-2015-AIRFORCE_AIRCRAFT_VOL2-PROCUREMENT_MasterJustificationBook_Air_Force_PB_2015.zzz_unzipped-PROCUREMENT_MasterJustificationBook_Air_Force_PB_2015.xml","0b3cc84504de3dcd8d9b0ee78b03c6179e180dce85fc9cbee3b0fc0b68f603c4","0-6faaa27ee554d38f5ba50300a93cc9e09bede2f078405b67d3044cd25973f7e0","0-891cfad1545a976d9131bdf3bda8fc1ccbaf0182464a5afc87e7d2e94ecc075e","root.record.ItemExhibitList.P3AModificationItemGroup.ModificationItemList.ModificationItem.Installation.ImplementationMethodList.ImplementationMethod"
"Air Force Active","1","1","2","2","","","","","2.557","2.716","5.534","5.534","","","","","2015-BASE_PROCUREMENT-2015-AIRFORCE_AIRCRAFT_VOL2-PROCUREMENT_MasterJustificationBook_Air_Force_PB_2015.zzz_unzipped-PROCUREMENT_MasterJustificationBook_Air_Force_PB_2015.xml","238e5085dc0888e77904efb55416822a25ede521b2dc0ac35009e46fc2ba274d","0-2d89339e8ad6c7db960ea18f52e6e981f1ffa8e6103cc1321c9060c4b66a7d66","0-c63ce1d0bd57398d19ce74d0848fee49f0e9bfded31c132c5c13e1450302da18","root.record.ItemExhibitList.P3AModificationItemGroup.ModificationItemList.ModificationItem.Installation.ImplementationMethodList.ImplementationMethod"
"Air Force Active","4","2","","","","","","","10.585","6.045","","","","","","","2015-BASE_PROCUREMENT-2015-AIRFORCE_AIRCRAFT_VOL2-PROCUREMENT_MasterJustificationBook_Air_Force_PB_2015.zzz_unzipped-PROCUREMENT_MasterJustificationBook_Air_Force_PB_2015.xml","238e5085dc0888e77904efb55416822a25ede521b2dc0ac35009e46fc2ba274d","0-f0bdc29cba749c04bee1f041d0d93455811d6ef7651d218400b833e8b5b95004","0-fbb295202e694c17b10e2591022d5d502a4109f6305b390a7524ef77aa65f396","root.record.ItemExhibitList.P3AModificationItemGroup.ModificationItemList.ModificationItem.Installation.ImplementationMethodList.ImplementationMethod"
"Air Force Active","1","1","1","1","","","","","2.6","2.6","2.6","2.6","","","","","2015-BASE_PROCUREMENT-2015-AIRFORCE_AIRCRAFT_VOL2-PROCUREMENT_MasterJustificationBook_Air_Force_PB_2015.zzz_unzipped-PROCUREMENT_MasterJustificationBook_Air_Force_PB_2015.xml","238e5085dc0888e77904efb55416822a25ede521b2dc0ac35009e46fc2ba274d","0-7acb87ef94185f8d2d2d7c30cf9b87182159cd6d9da8a1c326689528cee6f5f2","0-a5895adbb93e09ddddbdbd69d3cd785e13cfd602a0e9f96f67f4682ab93d5ed1","root.record.ItemExhibitList.P3AModificationItemGroup.ModificationItemList.ModificationItem.Installation.ImplementationMethodList.ImplementationMethod"
"Air Force Active","","3","","","","","","","","0.334","","","","","","","2015-BASE_PROCUREMENT-2015-AIRFORCE_AIRCRAFT_VOL2-PROCUREMENT_MasterJustificationBook_Air_Force_PB_2015.zzz_unzipped-PROCUREMENT_MasterJustificationBook_Air_Force_PB_2015.xml","915b03b5c79079cef74c1f5fed99ff94d2a961666ffa690a638fb838766b41c1","0-415ec580042f7c6b7f8269d3d6bc129cfdd0743d84bf57362fb252dd299e6c0b","0-78a3ffa54f255ed42c28274e36d528fe39d15345287233444fad266e6fa4735d","root.record.ItemExhibitList.P3AModificationItemGroup.ModificationItemList.ModificationItem.Installation.ImplementationMethodList.ImplementationMethod"
"Air Force Active","0","0","0","0","","","","","4.992","0.913","0.913","0.913","","","","","2015-BASE_PROCUREMENT-2015-AIRFORCE_AIRCRAFT_VOL2-PROCUREMENT_MasterJustificationBook_Air_Force_PB_2015.zzz_unzipped-PROCUREMENT_MasterJustificationBook_Air_Force_PB_2015.xml","915b03b5c79079cef74c1f5fed99ff94d2a961666ffa690a638fb838766b41c1","0-a7fcea05c0eba5a3ec1fd188e7efb298733f8d79dd87f357d89f10307f4fa7a2","0-ef1d57e8be771198d4a07f8b9d12641bdc24a1e399e016d54291f1d9fd4031c7","root.record.ItemExhibitList.P3AModificationItemGroup.ModificationItemList.ModificationItem.Installation.ImplementationMethodList.ImplementationMethod"
"Air National Guard","0","","","","","","","","1.664","","","","","","","","2015-BASE_PROCUREMENT-2015-AIRFORCE_AIRCRAFT_VOL2-PROCUREMENT_MasterJustificationBook_Air_Force_PB_2015.zzz_unzipped-PROCUREMENT_MasterJustificationBook_Air_Force_PB_2015.xml","915b03b5c79079cef74c1f5fed99ff94d2a961666ffa690a638fb838766b41c1","1-a319b9e91acbc07d9d2f56ec573ad7e0498a21fbe4c003c759ac01d82cf27c29","0-ef1d57e8be771198d4a07f8b9d12641bdc24a1e399e016d54291f1d9fd4031c7","root.record.ItemExhibitList.P3AModificationItemGroup.ModificationItemList.ModificationItem.Installation.ImplementationMethodList.ImplementationMethod"
"Air Force Reserve","0","","","","","","","","0.832","","","","","","","","2015-BASE_PROCUREMENT-2015-AIRFORCE_AIRCRAFT_VOL2-PROCUREMENT_MasterJustificationBook_Air_Force_PB_2015.zzz_unzipped-PROCUREMENT_MasterJustificationBook_Air_Force_PB_2015.xml","915b03b5c79079cef74c1f5fed99ff94d2a961666ffa690a638fb838766b41c1","2-31d908e79ae6c612047ba2b089ad14b8ff4af5284d19121b9d08f15457d1f6b8","0-ef1d57e8be771198d4a07f8b9d12641bdc24a1e399e016d54291f1d9fd4031c7","root.record.ItemExhibitList.P3AModificationItemGroup.ModificationItemList.ModificationItem.Installation.ImplementationMethodList.ImplementationMethod"
"Air Force Active","0","","","","","","","","0.385","","","","","","","","2015-BASE_PROCUREMENT-2015-AIRFORCE_AIRCRAFT_VOL2-PROCUREMENT_MasterJustificationBook_Air_Force_PB_2015.zzz_unzipped-PROCUREMENT_MasterJustificationBook_Air_Force_PB_2015.xml","915b03b5c79079cef74c1f5fed99ff94d2a961666ffa690a638fb838766b41c1","0-ef5439ef3b1b9f922d2e4ed6efa091553866510540006cb5f05d5a1d159d6d8b","0-a5421862a54d714a3bced2c81f27e909fd4468b981fd6904eaadc9de23fbb926","root.record.ItemExhibitList.P3AModificationItemGroup.ModificationItemList.ModificationItem.Installation.ImplementationMethodList.ImplementationMethod"
"Air Force Active","","","0","0","2","3","0","0","","","4.975","4.975","12.483","0.000","0.000","0.000","2015-BASE_PROCUREMENT-2015-AIRFORCE_AIRCRAFT_VOL2-PROCUREMENT_MasterJustificationBook_Air_Force_PB_2015.zzz_unzipped-PROCUREMENT_MasterJustificationBook_Air_Force_PB_2015.xml","f589edbc06d76a4949c8665cea83963e382985d5b4eea11b3a6abcd51d15beb8","0-86d7d9ab3e7a6fb71447d1832783626edc23d78c09d5f2a8e487048727322bb7","0-3051185c64639b671bef260271675ae95a8b723aded786f224c18f57e805a140","root.record.ItemExhibitList.P3AModificationItemGroup.ModificationItemList.ModificationItem.Installation.ImplementationMethodList.ImplementationMethod"
"Air Force Active","","15","8","8","","","","","","7.25","4.179","4.179","","","","","2015-BASE_PROCUREMENT-2015-AIRFORCE_AIRCRAFT_VOL2-PROCUREMENT_MasterJustificationBook_Air_Force_PB_2015.zzz_unzipped-PROCUREMENT_MasterJustificationBook_Air_Force_PB_2015.xml","1d0ff418bd7c6cd4e0e89bd791631b1a3c0f2af4c9f1aa7bb064636a8d9f282b","0-4eeee0f75722ecdc6e14fe3ed9677cd571ecd81d474c4bb243a0d3c369b96df6","0-4167b59dee0cd6391a775e46adb42fe19578464aca6a3ca7dfbde0493afd8640","root.record.ItemExhibitList.P3AModificationItemGroup.ModificationItemList.ModificationItem.Installation.ImplementationMethodList.ImplementationMethod"
"Air National Guard","","","8","8","","","","","","","4.179","4.179","","","","","2015-BASE_PROCUREMENT-2015-AIRFORCE_AIRCRAFT_VOL2-PROCUREMENT_MasterJustificationBook_Air_Force_PB_2015.zzz_unzipped-PROCUREMENT_MasterJustificationBook_Air_Force_PB_2015.xml","1d0ff418bd7c6cd4e0e89bd791631b1a3c0f2af4c9f1aa7bb064636a8d9f282b","1-0700d0950b70a9658d826f06346dc589355e974b8d142083cef1f04e3ccaa464","0-4167b59dee0cd6391a775e46adb42fe19578464aca6a3ca7dfbde0493afd8640","root.record.ItemExhibitList.P3AModificationItemGroup.ModificationItemList.ModificationItem.Installation.ImplementationMethodList.ImplementationMethod"
"Air Force Reserve","","","3","3","","","","","","","1.568","1.568","","","","","2015-BASE_PROCUREMENT-2015-AIRFORCE_AIRCRAFT_VOL2-PROCUREMENT_MasterJustificationBook_Air_Force_PB_2015.zzz_unzipped-PROCUREMENT_MasterJustificationBook_Air_Force_PB_2015.xml","1d0ff418bd7c6cd4e0e89bd791631b1a3c0f2af4c9f1aa7bb064636a8d9f282b","2-ec32072696b813319eddf12df3ad6b558e4f890c880b71ae8d3c30c63d5e0c2b","0-4167b59dee0cd6391a775e46adb42fe19578464aca6a3ca7dfbde0493afd8640","root.record.ItemExhibitList.P3AModificationItemGroup.ModificationItemList.ModificationItem.Installation.ImplementationMethodList.ImplementationMethod"
"Air Force Active","","","7","7","","","","","","","43.127","43.127","","","","","2015-BASE_PROCUREMENT-2015-AIRFORCE_AIRCRAFT_VOL2-PROCUREMENT_MasterJustificationBook_Air_Force_PB_2015.zzz_unzipped-PROCUREMENT_MasterJustificationBook_Air_Force_PB_2015.xml","a48921b64d03b92f38e99229622434b0339f2788458c62c08f23ae8dd17a6497","0-bbdeaabf0e06b0987b5e72dac542528233b9690008dac0732f977b68272fa857","0-78e2ecf5dfee7674d01b427f197c6c303ea70466f017e3a3e171dc977fc8d793","root.record.ItemExhibitList.P3AModificationItemGroup.ModificationItemList.ModificationItem.Installation.ImplementationMethodList.ImplementationMethod"
"Air Force Active","4","8","15","15","","","","","1.833","5.603","10.695","10.695","","","","","2015-BASE_PROCUREMENT-2015-AIRFORCE_AIRCRAFT_VOL2-PROCUREMENT_MasterJustificationBook_Air_Force_PB_2015.zzz_unzipped-PROCUREMENT_MasterJustificationBook_Air_Force_PB_2015.xml","855eae1cbb61b6501bc214ee71975773395e237741d724826b960bf4c434431a","0-9fdb43f1a14e1eb31b3cb61b5140cc9c30089128668057be909050aebce57293","0-27c929cc7f9fe64c99dbea5eefdb4dfc1e14edaacf3ff94e226f38266938726a","root.record.ItemExhibitList.P3AModificationItemGroup.ModificationItemList.ModificationItem.Installation.ImplementationMethodList.ImplementationMethod"
"Air Force Active","16","10","8","8","","","","","2.044","4.347","0.000","0.000","","","","","2015-BASE_PROCUREMENT-2015-AIRFORCE_AIRCRAFT_VOL2-PROCUREMENT_MasterJustificationBook_Air_Force_PB_2015.zzz_unzipped-PROCUREMENT_MasterJustificationBook_Air_Force_PB_2015.xml","855eae1cbb61b6501bc214ee71975773395e237741d724826b960bf4c434431a","0-f135c21efb73e3326998531b9ebc9d94d9fc3e458adf2e4e4a00368e52e73da8","0-b457274a4dc980fe88cb4581d4ae6d3484cb6bd4408e97f26065f849d14bc2ff","root.record.ItemExhibitList.P3AModificationItemGroup.ModificationItemList.ModificationItem.Installation.ImplementationMethodList.ImplementationMethod"
"Air National Guard","8","7","13","13","","","","","0.000","0.000","0.000","0.000","","","","","2015-BASE_PROCUREMENT-2015-AIRFORCE_AIRCRAFT_VOL2-PROCUREMENT_MasterJustificationBook_Air_Force_PB_2015.zzz_unzipped-PROCUREMENT_MasterJustificationBook_Air_Force_PB_2015.xml","855eae1cbb61b6501bc214ee71975773395e237741d724826b960bf4c434431a","1-2f52e9c5b23a80ee8ee25c82b022f2d391c2e9f25ee1a5556d37f339b95ad48a","0-b457274a4dc980fe88cb4581d4ae6d3484cb6bd4408e97f26065f849d14bc2ff","root.record.ItemExhibitList.P3AModificationItemGroup.ModificationItemList.ModificationItem.Installation.ImplementationMethodList.ImplementationMethod"
"Air Force Active","6","","45","45","","","","","0.000","","3.072","3.072","","","","","2015-BASE_PROCUREMENT-2015-AIRFORCE_AIRCRAFT_VOL2-PROCUREMENT_MasterJustificationBook_Air_Force_PB_2015.zzz_unzipped-PROCUREMENT_MasterJustificationBook_Air_Force_PB_2015.xml","855eae1cbb61b6501bc214ee71975773395e237741d724826b960bf4c434431a","0-7292ed450b64c51bc7bdcc98e7316a3f169bc6832d0a9916c2f44f4f3a9bb082","0-441bd0a0615d35a584e7152e3c7506fdde8e2de8156fa3590149775d6bff63b4","root.record.ItemExhibitList.P3AModificationItemGroup.ModificationItemList.ModificationItem.Installation.ImplementationMethodList.ImplementationMethod"
"Air Force Active","","75","44","44","","","","","","2.817","2.279","2.279","","","","","2015-BASE_PROCUREMENT-2015-AIRFORCE_AIRCRAFT_VOL2-PROCUREMENT_MasterJustificationBook_Air_Force_PB_2015.zzz_unzipped-PROCUREMENT_MasterJustificationBook_Air_Force_PB_2015.xml","855eae1cbb61b6501bc214ee71975773395e237741d724826b960bf4c434431a","0-a28b31d70b4cf9eea3fdc3ac09829d9645d0febe49f7d2e963c27eb74611b9f3","0-912ed34d28c80062396daad45d77be9a7bcc2c554bb1e75177ab9a5aa0fc19ae","root.record.ItemExhibitList.P3AModificationItemGroup.ModificationItemList.ModificationItem.Installation.ImplementationMethodList.ImplementationMethod"
"Air National Guard","","25","","","","","","","","0.615","","","","","","","2015-BASE_PROCUREMENT-2015-AIRFORCE_AIRCRAFT_VOL2-PROCUREMENT_MasterJustificationBook_Air_Force_PB_2015.zzz_unzipped-PROCUREMENT_MasterJustificationBook_Air_Force_PB_2015.xml","855eae1cbb61b6501bc214ee71975773395e237741d724826b960bf4c434431a","1-5f12bbed8e60a88af56c6bd0d85d66592a6d8e39ff8040152692a143e34964be","0-912ed34d28c80062396daad45d77be9a7bcc2c554bb1e75177ab9a5aa0fc19ae","root.record.ItemExhibitList.P3AModificationItemGroup.ModificationItemList.ModificationItem.Installation.ImplementationMethodList.ImplementationMethod"
"Air Force Active","23","27","30","30","13","","","","7.511","12.333","12.4","12.4","5.06","","","","2015-BASE_PROCUREMENT-2015-AIRFORCE_AIRCRAFT_VOL2-PROCUREMENT_MasterJustificationBook_Air_Force_PB_2015.zzz_unzipped-PROCUREMENT_MasterJustificationBook_Air_Force_PB_2015.xml","e0999d2b89817dbe0cc954d07a44ef1ad1938f20a6bca9d4306e26527654e26d","0-dba5538964b0bcd9ea39a96fcf3e71dbc170bbb1fb852bf1cf1cef2c02f2108b","0-35b4d6e4509fd820c88d16b1d664aacb9443ea925457ff79b8aa4d2c6e70a4d0","root.record.ItemExhibitList.P3AModificationItemGroup.ModificationItemList.ModificationItem.Installation.ImplementationMethodList.ImplementationMethod"
"Air National Guard","","","","","11","9","","","","","","","4.281","4.179","","","2015-BASE_PROCUREMENT-2015-AIRFORCE_AIRCRAFT_VOL2-PROCUREMENT_MasterJustificationBook_Air_Force_PB_2015.zzz_unzipped-PROCUREMENT_MasterJustificationBook_Air_Force_PB_2015.xml","e0999d2b89817dbe0cc954d07a44ef1ad1938f20a6bca9d4306e26527654e26d","1-f2af0b6aad946ab54e2da89560c219ff06265cc8b133675e8314250106a7ca29","0-35b4d6e4509fd820c88d16b1d664aacb9443ea925457ff79b8aa4d2c6e70a4d0","root.record.ItemExhibitList.P3AModificationItemGroup.ModificationItemList.ModificationItem.Installation.ImplementationMethodList.ImplementationMethod"
"Air Force Active","","","248","248","190","221","189","189","","","16.145","16.145","7.778","7.778","7.778","6.824","2015-BASE_PROCUREMENT-2015-AIRFORCE_AIRCRAFT_VOL2-PROCUREMENT_MasterJustificationBook_Air_Force_PB_2015.zzz_unzipped-PROCUREMENT_MasterJustificationBook_Air_Force_PB_2015.xml","e0999d2b89817dbe0cc954d07a44ef1ad1938f20a6bca9d4306e26527654e26d","0-a22fc60d75a2e6a7565a29ebb657dc6b204d85758aa14afe7b7b1d7a1f451ec3","0-a9e5c6a9a5934b34339dd7143a44e1462a1ea3b68f8dc2b64d0c010380152a9a","root.record.ItemExhibitList.P3AModificationItemGroup.ModificationItemList.ModificationItem.Installation.ImplementationMethodList.ImplementationMethod"
"Air Force Active","442","1733","993","993","758","883","757","757","59.508","44.927","34.608","34.608","35.705","29.53","29.85","26.105","2015-BASE_PROCUREMENT-2015-AIRFORCE_AIRCRAFT_VOL2-PROCUREMENT_MasterJustificationBook_Air_Force_PB_2015.zzz_unzipped-PROCUREMENT_MasterJustificationBook_Air_Force_PB_2015.xml","e0999d2b89817dbe0cc954d07a44ef1ad1938f20a6bca9d4306e26527654e26d","0-1c12b4f87410a1d8f7a593b6652582149d08245d95b479d94ef671bcbd5b0eae","1-90f677bad55310d6e45d57442ac2d55ee31d51f8b0783a0b0c9b418e364e2f9e","root.record.ItemExhibitList.P3AModificationItemGroup.ModificationItemList.ModificationItem.Installation.ImplementationMethodList.ImplementationMethod"
"Air National Guard","59","324","197","197","86","34","14","14","2.6","10.335","5.028","5.028","6.863","6.863","6.863","6.047","2015-BASE_PROCUREMENT-2015-AIRFORCE_AIRCRAFT_VOL2-PROCUREMENT_MasterJustificationBook_Air_Force_PB_2015.zzz_unzipped-PROCUREMENT_MasterJustificationBook_Air_Force_PB_2015.xml","e0999d2b89817dbe0cc954d07a44ef1ad1938f20a6bca9d4306e26527654e26d","1-dc3aada02aee3918360a7d6429636a6ec4ccf4d2f32fc87e3b3ca014dd1e1144","1-90f677bad55310d6e45d57442ac2d55ee31d51f8b0783a0b0c9b418e364e2f9e","root.record.ItemExhibitList.P3AModificationItemGroup.ModificationItemList.ModificationItem.Installation.ImplementationMethodList.ImplementationMethod"
"Air Force Active","","","234","234","275","213","172","196","","","0.571","0.571","0.318","0.335","0.337","0.027","2015-BASE_PROCUREMENT-2015-AIRFORCE_AIRCRAFT_VOL2-PROCUREMENT_MasterJustificationBook_Air_Force_PB_2015.zzz_unzipped-PROCUREMENT_MasterJustificationBook_Air_Force_PB_2015.xml","e0999d2b89817dbe0cc954d07a44ef1ad1938f20a6bca9d4306e26527654e26d","0-f493cc1f2a5bdf16cf16f12b8ce750724ac64bdde27ed136a093caa05fe6b8ee","0-14bf970612c94de5d7154117902aec6afb06e781c3d362dba074eaedd12c146a","root.record.ItemExhibitList.P3AModificationItemGroup.ModificationItemList.ModificationItem.Installation.ImplementationMethodList.ImplementationMethod"
"Air Force Active","352","100","938","938","1100","851","737","782","1.142","4.667","2.282","2.282","1.27","7.462","6.347","5.109","2015-BASE_PROCUREMENT-2015-AIRFORCE_AIRCRAFT_VOL2-PROCUREMENT_MasterJustificationBook_Air_Force_PB_2015.zzz_unzipped-PROCUREMENT_MasterJustificationBook_Air_Force_PB_2015.xml","e0999d2b89817dbe0cc954d07a44ef1ad1938f20a6bca9d4306e26527654e26d","0-090faced0467b549119e97098384dd3fb8a8bb43e34ca690b8f9ddc6cdcfe74d","1-027c4ad0a4322f0de010417e98cdad200bf1abbdf73bb1cfb39cfc9ffd5c9091","root.record.ItemExhibitList.P3AModificationItemGroup.ModificationItemList.ModificationItem.Installation.ImplementationMethodList.ImplementationMethod"
"Air National Guard","38","96","104","104","149","116","99","106","0.124","0.069","0.31","0.31","0.173","0.866","0.183","0.015","2015-BASE_PROCUREMENT-2015-AIRFORCE_AIRCRAFT_VOL2-PROCUREMENT_MasterJustificationBook_Air_Force_PB_2015.zzz_unzipped-PROCUREMENT_MasterJustificationBook_Air_Force_PB_2015.xml","e0999d2b89817dbe0cc954d07a44ef1ad1938f20a6bca9d4306e26527654e26d","1-990d8bc9149ef024384f09042b7350b06a40f4ddfef9b2485fe9f92b6e83cc35","1-027c4ad0a4322f0de010417e98cdad200bf1abbdf73bb1cfb39cfc9ffd5c9091","root.record.ItemExhibitList.P3AModificationItemGroup.ModificationItemList.ModificationItem.Installation.ImplementationMethodList.ImplementationMethod"
"Air Force Active","15","15","25","25","21","21","8","","48.614","16.341","30.032","30.032","27.369","33.469","8.4","","2015-BASE_PROCUREMENT-2015-AIRFORCE_AIRCRAFT_VOL2-PROCUREMENT_MasterJustificationBook_Air_Force_PB_2015.zzz_unzipped-PROCUREMENT_MasterJustificationBook_Air_Force_PB_2015.xml","e0999d2b89817dbe0cc954d07a44ef1ad1938f20a6bca9d4306e26527654e26d","0-14aa52716bed2f7611ec9aa23e4310b6c8e05514e0436c97ff23f54a4b28a9cf","0-3e324f62736daf78b51e26432685acfc7446f80e281db1bd21694fa00124915c","root.record.ItemExhibitList.P3AModificationItemGroup.ModificationItemList.ModificationItem.Installation.ImplementationMethodList.ImplementationMethod"
"Air National Guard","2","3","","","","","7","13","1.68","5.727","","","","","9.602","6.339","2015-BASE_PROCUREMENT-2015-AIRFORCE_AIRCRAFT_VOL2-PROCUREMENT_MasterJustificationBook_Air_Force_PB_2015.zzz_unzipped-PROCUREMENT_MasterJustificationBook_Air_Force_PB_2015.xml","e0999d2b89817dbe0cc954d07a44ef1ad1938f20a6bca9d4306e26527654e26d","1-1a013ceb5cce4a43f67b6af3d9666c3a13a757ccfa797197bc8a79d0f51e4102","0-3e324f62736daf78b51e26432685acfc7446f80e281db1bd21694fa00124915c","root.record.ItemExhibitList.P3AModificationItemGroup.ModificationItemList.ModificationItem.Installation.ImplementationMethodList.ImplementationMethod"
"Air Force Active","","22","8","8","10","10","10","10","","9.19","6.925","6.925","0.35","0.65","0.677","0.285","2015-BASE_PROCUREMENT-2015-AIRFORCE_AIRCRAFT_VOL2-PROCUREMENT_MasterJustificationBook_Air_Force_PB_2015.zzz_unzipped-PROCUREMENT_MasterJustificationBook_Air_Force_PB_2015.xml","e0999d2b89817dbe0cc954d07a44ef1ad1938f20a6bca9d4306e26527654e26d","0-8f5ce8adbb1e6493b32029730dcc1e3d0726ee92312f2fde29cd1cbc98c1039e","0-8f4ec299c7ea273eca4014b3c92d97193f2222381c3c56691f473d7fd8013bef","root.record.ItemExhibitList.P3AModificationItemGroup.ModificationItemList.ModificationItem.Installation.ImplementationMethodList.ImplementationMethod"
"Air Force Active","","","","","","","35","36","","","","","","","9.5","12.285","2015-BASE_PROCUREMENT-2015-AIRFORCE_AIRCRAFT_VOL2-PROCUREMENT_MasterJustificationBook_Air_Force_PB_2015.zzz_unzipped-PROCUREMENT_MasterJustificationBook_Air_Force_PB_2015.xml","a8a6e5bc3013496d237ccecb8631798e1f6fde8d6f32dd9210c3a80ded847d47","0-6b218ea31ef86e003d201fe0be151b08988f8d0f372bc63a5d205e9a1261b16a","0-81011f9427798b701a2458585ae142673f854b0737c39a951e86d74a7833364a","root.record.ItemExhibitList.P3AModificationItemGroup.ModificationItemList.ModificationItem.Installation.ImplementationMethodList.ImplementationMethod"
"Air Force Active","20","31","12","12","","","","","0.98","1.922","0.756","0.756","","","","","2015-BASE_PROCUREMENT-2015-AIRFORCE_OTHER-PROCUREMENT_JustificationBook_Air_Force_PB_2015.zzz_unzipped-PROCUREMENT_JustificationBook_Air_Force_PB_2015.xml","468bc985f6e66df36e06ea9a96c28ec64edcebf0d6674e83420127564b1094c0","0-de0f4a5661fce22ecc1636c1862d26a38afd4912422e5c5913f287c6e858b5bd","0-ba8fa432cd4c16a1734f8a502c91bb4cdb90738daa2de1d4fa6d7df26a5ba108","root.record.ItemExhibitList.P3AModificationItemGroup.ModificationItemList.ModificationItem.Installation.ImplementationMethodList.ImplementationMethod"
"Air National Guard","","2","","","","","","","","0.124","","","","","","","2015-BASE_PROCUREMENT-2015-AIRFORCE_OTHER-PROCUREMENT_JustificationBook_Air_Force_PB_2015.zzz_unzipped-PROCUREMENT_JustificationBook_Air_Force_PB_2015.xml","468bc985f6e66df36e06ea9a96c28ec64edcebf0d6674e83420127564b1094c0","1-23c4b6c56d21291a62450e2216ae2c4c9131a9e3502f1258350284a5e1de6770","0-ba8fa432cd4c16a1734f8a502c91bb4cdb90738daa2de1d4fa6d7df26a5ba108","root.record.ItemExhibitList.P3AModificationItemGroup.ModificationItemList.ModificationItem.Installation.ImplementationMethodList.ImplementationMethod"
"Air Force Reserve","","6","3","3","","","","","","0.372","0.189","0.189","","","","","2015-BASE_PROCUREMENT-2015-AIRFORCE_OTHER-PROCUREMENT_JustificationBook_Air_Force_PB_2015.zzz_unzipped-PROCUREMENT_JustificationBook_Air_Force_PB_2015.xml","468bc985f6e66df36e06ea9a96c28ec64edcebf0d6674e83420127564b1094c0","2-79cee38bff2ea738e6228617ee92d295e9858f8c73851cc8e2770484d533b27d","0-ba8fa432cd4c16a1734f8a502c91bb4cdb90738daa2de1d4fa6d7df26a5ba108","root.record.ItemExhibitList.P3AModificationItemGroup.ModificationItemList.ModificationItem.Installation.ImplementationMethodList.ImplementationMethod"
"Air Force Active","20","31","12","12","","","","","0.98","1.922","0.756","0.756","","","","","2015-BASE_PROCUREMENT-2015-AIRFORCE_OTHER-PROCUREMENT_MasterJustificationBook_Air_Force_PB_2015.zzz_unzipped-PROCUREMENT_MasterJustificationBook_Air_Force_PB_2015.xml","38574a0eb107b9f7269a65b5cd9e3370a0cecba368536b676cf0c3e78bac69ac","0-9d2430df88f6ddd109a9de5f10f404c38ff3b92ae01191e1137cce2266629d66","0-0e456de4a2be1db679296ca4dfddbefbbe9d0096970a2e15ed02e630dd1742df","root.record.ItemExhibitList.P3AModificationItemGroup.ModificationItemList.ModificationItem.Installation.ImplementationMethodList.ImplementationMethod"
"Air National Guard","","2","","","","","","","","0.124","","","","","","","2015-BASE_PROCUREMENT-2015-AIRFORCE_OTHER-PROCUREMENT_MasterJustificationBook_Air_Force_PB_2015.zzz_unzipped-PROCUREMENT_MasterJustificationBook_Air_Force_PB_2015.xml","38574a0eb107b9f7269a65b5cd9e3370a0cecba368536b676cf0c3e78bac69ac","1-548272f0e4cd68860fa2f51838da49ebc85ced2a2866370be489398efcdfe7d5","0-0e456de4a2be1db679296ca4dfddbefbbe9d0096970a2e15ed02e630dd1742df","root.record.ItemExhibitList.P3AModificationItemGroup.ModificationItemList.ModificationItem.Installation.ImplementationMethodList.ImplementationMethod"
"Air Force Reserve","","6","3","3","","","","","","0.372","0.189","0.189","","","","","2015-BASE_PROCUREMENT-2015-AIRFORCE_OTHER-PROCUREMENT_MasterJustificationBook_Air_Force_PB_2015.zzz_unzipped-PROCUREMENT_MasterJustificationBook_Air_Force_PB_2015.xml","38574a0eb107b9f7269a65b5cd9e3370a0cecba368536b676cf0c3e78bac69ac","2-1c314a61282c0b3d82f78dcb1518df547d026251ec808cf2e4d323258f6e0b09","0-0e456de4a2be1db679296ca4dfddbefbbe9d0096970a2e15ed02e630dd1742df","root.record.ItemExhibitList.P3AModificationItemGroup.ModificationItemList.ModificationItem.Installation.ImplementationMethodList.ImplementationMethod"
"Air Force Active","1","1","2","2","","","","","2.557","2.716","5.534","5.534","","","","","2015-AMENDED_PROCUREMENT_AND_RDTE-2015-AIRFORCE_AMMO-PROCUREMENT_JustificationBook_Air_Force_PBAmended_2015.zzz_unzipped-PROCUREMENT_JustificationBook_Air_Force_PBAmended_2015.xml","5d0eeab0e5f827704ba2a685913a7359c919753ae300be7e875ee61ae60888e4","0-e495e179b0879dde8b78ca459ce792772fdce427e455caa959f7db3a1a92b404","0-0987ea48572025c8cfd4d6281007572575415ace788fa8e6406773c57d2e0a71","root.record.ItemExhibitList.P3AModificationItemGroup.ModificationItemList.ModificationItem.Installation.ImplementationMethodList.ImplementationMethod"
"Air Force Active","4","2","","","","","","","10.585","6.045","","","","","","","2015-AMENDED_PROCUREMENT_AND_RDTE-2015-AIRFORCE_AMMO-PROCUREMENT_JustificationBook_Air_Force_PBAmended_2015.zzz_unzipped-PROCUREMENT_JustificationBook_Air_Force_PBAmended_2015.xml","5d0eeab0e5f827704ba2a685913a7359c919753ae300be7e875ee61ae60888e4","0-bd81943c31f276a5f4117229e3858bd9c63537f70333c98cfef13141e35fb042","0-19143a5cfb900540dcad82f07c61b31b577cd1992c50841ff01693506e8e7ade","root.record.ItemExhibitList.P3AModificationItemGroup.ModificationItemList.ModificationItem.Installation.ImplementationMethodList.ImplementationMethod"
"Air Force Active","1","1","1","1","","","","","2.6","2.6","2.6","2.6","","","","","2015-AMENDED_PROCUREMENT_AND_RDTE-2015-AIRFORCE_AMMO-PROCUREMENT_JustificationBook_Air_Force_PBAmended_2015.zzz_unzipped-PROCUREMENT_JustificationBook_Air_Force_PBAmended_2015.xml","5d0eeab0e5f827704ba2a685913a7359c919753ae300be7e875ee61ae60888e4","0-6ef3c93572731efd8792886988ca9d2913c1ca3f0d0e1a63980f4fb2b68448f8","0-c4bbdead2a96a5d246f761b23d45dfecc2f8b08790b5fb89b53d165ae1fbb109","root.record.ItemExhibitList.P3AModificationItemGroup.ModificationItemList.ModificationItem.Installation.ImplementationMethodList.ImplementationMethod"
"Air Force Active","","","0","0","2","3","2","0","","","6.68","6.68","12.483","0.000","0.000","0.000","2015-AMENDED_PROCUREMENT_AND_RDTE-2015-AIRFORCE_AMMO-PROCUREMENT_JustificationBook_Air_Force_PBAmended_2015.zzz_unzipped-PROCUREMENT_JustificationBook_Air_Force_PBAmended_2015.xml","3cdf5370d6aa06ad598534cb0c149c4f22f6fb738ead93645d4b6f4becdfa971","0-87ba732df4a8d9c08a9627b3dfb870be2b91053ad8541f7df92d7f7a89a47f35","0-b61a60a8499533a5eb0115bd5ee5b82b8fddf0fc3e21d66185d7e0558da48e27","root.record.ItemExhibitList.P3AModificationItemGroup.ModificationItemList.ModificationItem.Installation.ImplementationMethodList.ImplementationMethod"
"Air Force Active","1","1","2","2","","","","","2.557","2.716","5.534","5.534","","","","","2015-AMENDED_PROCUREMENT_AND_RDTE-2015-AIRFORCE_AMMO-PROCUREMENT_MasterJustificationBook_Air_Force_PBAmended_2015.zzz_unzipped-PROCUREMENT_MasterJustificationBook_Air_Force_PBAmended_2015.xml","308f697704d8ddc7394defea12f143515a17c085f8cd1988f241494e4852d23c","0-373a785371d6ed8e84ea6f3b2694e76a6f551b98bfe6c3aaceb888dceb3ad4bb","0-c8792297a3c0e59e0b067d7e022aa293c31baa8592e9beb71b28150122b93056","root.record.ItemExhibitList.P3AModificationItemGroup.ModificationItemList.ModificationItem.Installation.ImplementationMethodList.ImplementationMethod"
"Air Force Active","4","2","","","","","","","10.585","6.045","","","","","","","2015-AMENDED_PROCUREMENT_AND_RDTE-2015-AIRFORCE_AMMO-PROCUREMENT_MasterJustificationBook_Air_Force_PBAmended_2015.zzz_unzipped-PROCUREMENT_MasterJustificationBook_Air_Force_PBAmended_2015.xml","308f697704d8ddc7394defea12f143515a17c085f8cd1988f241494e4852d23c","0-8750ab43ca0ec8ff5b8fe9b95524ec92ce95e1c958c84080ad07041772a7db44","0-ac2ba421b6f06fcc47d5e2e86e2c31c4a06b6a087220d33ef8f8580aae3f6b84","root.record.ItemExhibitList.P3AModificationItemGroup.ModificationItemList.ModificationItem.Installation.ImplementationMethodList.ImplementationMethod"
"Air Force Active","1","1","1","1","","","","","2.6","2.6","2.6","2.6","","","","","2015-AMENDED_PROCUREMENT_AND_RDTE-2015-AIRFORCE_AMMO-PROCUREMENT_MasterJustificationBook_Air_Force_PBAmended_2015.zzz_unzipped-PROCUREMENT_MasterJustificationBook_Air_Force_PBAmended_2015.xml","308f697704d8ddc7394defea12f143515a17c085f8cd1988f241494e4852d23c","0-237372e57c2d4717fa8fdf809c3f4c3904bb04f5562080cd7dc5761d58c18d3b","0-565bcb6cef60816516d9e33f8b0eded1753384a517c0e558c0f85f3596d951ca","root.record.ItemExhibitList.P3AModificationItemGroup.ModificationItemList.ModificationItem.Installation.ImplementationMethodList.ImplementationMethod"
"Air Force Active","","","0","0","2","3","2","0","","","6.68","6.68","12.483","0.000","0.000","0.000","2015-AMENDED_PROCUREMENT_AND_RDTE-2015-AIRFORCE_AMMO-PROCUREMENT_MasterJustificationBook_Air_Force_PBAmended_2015.zzz_unzipped-PROCUREMENT_MasterJustificationBook_Air_Force_PBAmended_2015.xml","3422ac66d0ea6fb81b14f56ab36db4a0f72d47732900596259b15b9bc0499223","0-e69540f870150668495369361d6aca5a7848980d60d7e240378763b1cd49cca0","0-8f66ae90b89fecf021d423fcc538b2728af54cdec7338c9569844d7617f4d812","root.record.ItemExhibitList.P3AModificationItemGroup.ModificationItemList.ModificationItem.Installation.ImplementationMethodList.ImplementationMethod"
