Name_val,Cost_Quantity_PriorYear_val,Cost_Quantity_CurrentYear_val,Cost_Quantity_BudgetYearOneBase_val,Cost_Quantity_BudgetYearOne_val,Cost_Quantity_BudgetYearTwo_val,Cost_TotalCost_PriorYear_val,Cost_TotalCost_CurrentYear_val,Cost_TotalCost_BudgetYearOneBase_val,Cost_TotalCost_BudgetYearOne_val,Cost_TotalCost_BudgetYearTwo_val,@SOURCE_FILENAME,@RECORDID,@ROWID,@PARENTROWID,@PARENT
"Air Force Active","1","3","0","0","","1.132","3.828","0.000","0.000","","2015-BASE_PROCUREMENT-2015-AIRFORCE_AIRCRAFT_VOL2-PROCUREMENT_JustificationBook_Air_Force_PB_2015.zzz_unzipped-PROCUREMENT_JustificationBook_Air_Force_PB_2015.xml","64acb54550a4560598d7d665ce51dd7ecd276be3097259da048227510b8c8d9d","0-cc8e3f7da344796807b2c62b66e4671d0b601914eca6733320fce4c3b8e52b8b","0-140a215617c24f55cc916708d8d10a53778e7d1b435dbf8846ad786f15a2f78a","root.record.ItemExhibitList.P3AModificationItemGroup.ModificationItemList.ModificationItem.Installation.ImplementationMethodList.ImplementationMethod"
"Air Force Active","","2","","","","","0.675","","","","2015-BASE_PROCUREMENT-2015-AIRFORCE_AIRCRAFT_VOL2-PROCUREMENT_JustificationBook_Air_Force_PB_2015.zzz_unzipped-PROCUREMENT_JustificationBook_Air_Force_PB_2015.xml","64acb54550a4560598d7d665ce51dd7ecd276be3097259da048227510b8c8d9d","0-a791b0933e819a370644b9ace7b899173377545ab8607318576b93590061518b","1-3ad503a87b17e6dc1d1bff2d7b8a10e2487b306e79c53f2b9458e5eb7164c26e","root.record.ItemExhibitList.P3AModificationItemGroup.ModificationItemList.ModificationItem.Installation.ImplementationMethodList.ImplementationMethod"
"Air Force Active","11","","","","","222.512","","","","","2015-BASE_PROCUREMENT-2015-AIRFORCE_AIRCRAFT_VOL2-PROCUREMENT_JustificationBook_Air_Force_PB_2015.zzz_unzipped-PROCUREMENT_JustificationBook_Air_Force_PB_2015.xml","e049539817dd22b34918c2c0be8271bbbd79d6b6a486234ddff8e6be076c0e3d","0-3c7002c89b0326ec07fc209555aa0807e6c6ba4ba5511f966fc3e93f356b7fa6","0-4d6f09acc821558c80bede1dc5cb3d1725f4707aa1ab4ce22dbd5dc21705de91","root.record.ItemExhibitList.P3AModificationItemGroup.ModificationItemList.ModificationItem.Installation.ImplementationMethodList.ImplementationMethod"
"Air Force Active","10","28","5","5","","1.496","3.007","1.131","1.131","","2015-BASE_PROCUREMENT-2015-AIRFORCE_AIRCRAFT_VOL2-PROCUREMENT_JustificationBook_Air_Force_PB_2015.zzz_unzipped-PROCUREMENT_JustificationBook_Air_Force_PB_2015.xml","2c3a42ac96c574f3a05d311e38d1fd39e76b2eaa077eed338c2b56579168a566","0-072753913149420cdb4266ae600679572a345ecee9d4fd2c567ae12d4f21920c","0-ba6e82da78e9689faca709b902ecefa10c5196fb8bf2273d270fc68bf77a41ef","root.record.ItemExhibitList.P3AModificationItemGroup.ModificationItemList.ModificationItem.Installation.ImplementationMethodList.ImplementationMethod"
"Air National Guard","5","1","","","","0.748","0.107","","","","2015-BASE_PROCUREMENT-2015-AIRFORCE_AIRCRAFT_VOL2-PROCUREMENT_JustificationBook_Air_Force_PB_2015.zzz_unzipped-PROCUREMENT_JustificationBook_Air_Force_PB_2015.xml","2c3a42ac96c574f3a05d311e38d1fd39e76b2eaa077eed338c2b56579168a566","1-2aa4b4ce3384685e846aecb1477ece4f826c1c823f39bcad3aeee27b4a868880","0-ba6e82da78e9689faca709b902ecefa10c5196fb8bf2273d270fc68bf77a41ef","root.record.ItemExhibitList.P3AModificationItemGroup.ModificationItemList.ModificationItem.Installation.ImplementationMethodList.ImplementationMethod"
"Air Force Reserve","","1","","","","","0.108","","","","2015-BASE_PROCUREMENT-2015-AIRFORCE_AIRCRAFT_VOL2-PROCUREMENT_JustificationBook_Air_Force_PB_2015.zzz_unzipped-PROCUREMENT_JustificationBook_Air_Force_PB_2015.xml","2c3a42ac96c574f3a05d311e38d1fd39e76b2eaa077eed338c2b56579168a566","2-1c08477015ca239bd7ea40fb557170773359d993770978b1e7daa54cbe8f3ad3","0-ba6e82da78e9689faca709b902ecefa10c5196fb8bf2273d270fc68bf77a41ef","root.record.ItemExhibitList.P3AModificationItemGroup.ModificationItemList.ModificationItem.Installation.ImplementationMethodList.ImplementationMethod"
"Air Force Active","144","73","","","","90.713","6.262","","","","2015-BASE_PROCUREMENT-2015-AIRFORCE_AIRCRAFT_VOL2-PROCUREMENT_JustificationBook_Air_Force_PB_2015.zzz_unzipped-PROCUREMENT_JustificationBook_Air_Force_PB_2015.xml","2c3a42ac96c574f3a05d311e38d1fd39e76b2eaa077eed338c2b56579168a566","0-766fc3b508328526de179b1fb034af552ec2b902c8ec4fad9fb50093a25733f7","0-3c5cb828cc3a022d8cfb7ecf70e10e16e573f516f89a67fdb15fe7240b6d01ab","root.record.ItemExhibitList.P3AModificationItemGroup.ModificationItemList.ModificationItem.Installation.ImplementationMethodList.ImplementationMethod"
"Air National Guard","14","55","45","45","","9.833","10.044","14.975","14.975","","2015-BASE_PROCUREMENT-2015-AIRFORCE_AIRCRAFT_VOL2-PROCUREMENT_JustificationBook_Air_Force_PB_2015.zzz_unzipped-PROCUREMENT_JustificationBook_Air_Force_PB_2015.xml","2c3a42ac96c574f3a05d311e38d1fd39e76b2eaa077eed338c2b56579168a566","1-c8f16f30dd1e23e81d7c8fc52a8571657b6b0173c3da9a1d71e4e3be248926d9","0-3c5cb828cc3a022d8cfb7ecf70e10e16e573f516f89a67fdb15fe7240b6d01ab","root.record.ItemExhibitList.P3AModificationItemGroup.ModificationItemList.ModificationItem.Installation.ImplementationMethodList.ImplementationMethod"
"Air Force Reserve","12","21","28","28","","8.429","3.653","8.974","8.974","","2015-BASE_PROCUREMENT-2015-AIRFORCE_AIRCRAFT_VOL2-PROCUREMENT_JustificationBook_Air_Force_PB_2015.zzz_unzipped-PROCUREMENT_JustificationBook_Air_Force_PB_2015.xml","2c3a42ac96c574f3a05d311e38d1fd39e76b2eaa077eed338c2b56579168a566","2-4a46376b95963e95f47a16459375ac1d381ab01ddebeded01a53ef9695ccbb86","0-3c5cb828cc3a022d8cfb7ecf70e10e16e573f516f89a67fdb15fe7240b6d01ab","root.record.ItemExhibitList.P3AModificationItemGroup.ModificationItemList.ModificationItem.Installation.ImplementationMethodList.ImplementationMethod"
"Air Force Active","2","","","","","1.771","","","","","2015-BASE_PROCUREMENT-2015-AIRFORCE_AIRCRAFT_VOL2-PROCUREMENT_JustificationBook_Air_Force_PB_2015.zzz_unzipped-PROCUREMENT_JustificationBook_Air_Force_PB_2015.xml","2c3a42ac96c574f3a05d311e38d1fd39e76b2eaa077eed338c2b56579168a566","0-180cdae9a1ff1ed01dbf9b1a10d4324c3338ce2d228ab15f1a5a858c408b08a4","0-dfc351b63dbea2a1d18ac1858ecee19942f5105b92312d5dafe85966af84778e","root.record.ItemExhibitList.P3AModificationItemGroup.ModificationItemList.ModificationItem.Installation.ImplementationMethodList.ImplementationMethod"
"Air Force Active","","2","2","2","","","5.474","5.497","5.497","","2015-BASE_PROCUREMENT-2015-AIRFORCE_AIRCRAFT_VOL2-PROCUREMENT_JustificationBook_Air_Force_PB_2015.zzz_unzipped-PROCUREMENT_JustificationBook_Air_Force_PB_2015.xml","2c3a42ac96c574f3a05d311e38d1fd39e76b2eaa077eed338c2b56579168a566","0-7b5a792cfa23fd09c52897ee43bc9204c0c04ca7daf88f961e30ebac61e13436","0-9bb0a43044595d525a0a659e7427b878defd4438ddb310db5bca331889ec6bb5","root.record.ItemExhibitList.P3AModificationItemGroup.ModificationItemList.ModificationItem.Installation.ImplementationMethodList.ImplementationMethod"
"Air Force Active","2","","","","","0.000","","","","","2015-BASE_PROCUREMENT-2015-AIRFORCE_AIRCRAFT_VOL2-PROCUREMENT_JustificationBook_Air_Force_PB_2015.zzz_unzipped-PROCUREMENT_JustificationBook_Air_Force_PB_2015.xml","2c3a42ac96c574f3a05d311e38d1fd39e76b2eaa077eed338c2b56579168a566","0-0cddcfa2d20a8c4e917e855fab3dbced32e4d712187ee1b37368650847b5c306","0-c82589d27add76b0ffa465b994b7235a378c56d88e5434031f9ff8c17907a7c7","root.record.ItemExhibitList.P3AModificationItemGroup.ModificationItemList.ModificationItem.Installation.ImplementationMethodList.ImplementationMethod"
"Air Force Active","1","2","6","6","","0.000","4.75","9.864","9.864","","2015-BASE_PROCUREMENT-2015-AIRFORCE_AIRCRAFT_VOL2-PROCUREMENT_JustificationBook_Air_Force_PB_2015.zzz_unzipped-PROCUREMENT_JustificationBook_Air_Force_PB_2015.xml","c18079498214be7c8507bd7289056635ea6ba000e7bb766e68a998d56e53f49a","0-f1c32e10ea760ece288dbf99875fb4cad464a86941e43ed862f3d71f3821b1bf","0-62efaa6ce8f3440b9f16d91ce7c8a595decc9d9df03b368a5379111d4725193e","root.record.ItemExhibitList.P3AModificationItemGroup.ModificationItemList.ModificationItem.Installation.ImplementationMethodList.ImplementationMethod"
"Air Force Active","1","1","2","2","","2.557","2.716","5.534","5.534","","2015-BASE_PROCUREMENT-2015-AIRFORCE_AIRCRAFT_VOL2-PROCUREMENT_JustificationBook_Air_Force_PB_2015.zzz_unzipped-PROCUREMENT_JustificationBook_Air_Force_PB_2015.xml","c95b3cad136b9abd961b0302a1b9dcc36c9e32822973785202e66e43ffe473da","0-2df7424da4257f35e37fdb014a7806cb68cafecf1b865e875c614ed16cbdfcb8","0-754e141c475367b2c73ba54fc65d22801dee2d006ac7137e1fd6ea1a3a269739","root.record.ItemExhibitList.P3AModificationItemGroup.ModificationItemList.ModificationItem.Installation.ImplementationMethodList.ImplementationMethod"
"Air Force Active","4","2","","","","10.585","6.045","","","","2015-BASE_PROCUREMENT-2015-AIRFORCE_AIRCRAFT_VOL2-PROCUREMENT_JustificationBook_Air_Force_PB_2015.zzz_unzipped-PROCUREMENT_JustificationBook_Air_Force_PB_2015.xml","c95b3cad136b9abd961b0302a1b9dcc36c9e32822973785202e66e43ffe473da","0-cdaabab4d2a291e7c9f827d18049278237ec8bee8a8d5b6de5847fe891bc67bc","0-24847ede97d6c51f5b1dd97b5f8b3a7444ec330b985d84742d4c0b40b15dda56","root.record.ItemExhibitList.P3AModificationItemGroup.ModificationItemList.ModificationItem.Installation.ImplementationMethodList.ImplementationMethod"
"Air Force Active","1","1","1","1","","2.6","2.6","2.6","2.6","","2015-BASE_PROCUREMENT-2015-AIRFORCE_AIRCRAFT_VOL2-PROCUREMENT_JustificationBook_Air_Force_PB_2015.zzz_unzipped-PROCUREMENT_JustificationBook_Air_Force_PB_2015.xml","c95b3cad136b9abd961b0302a1b9dcc36c9e32822973785202e66e43ffe473da","0-99cc2fdf7463437d1f1bdcadd20b3138f3b1fc391987ec5ed776fddb0b49ec66","0-1b7ce8c69989475fce69c232ac34a8eb896686cb0f166a0984043af84335011a","root.record.ItemExhibitList.P3AModificationItemGroup.ModificationItemList.ModificationItem.Installation.ImplementationMethodList.ImplementationMethod"
"Air Force Active","","3","","","","","0.334","","","","2015-BASE_PROCUREMENT-2015-AIRFORCE_AIRCRAFT_VOL2-PROCUREMENT_JustificationBook_Air_Force_PB_2015.zzz_unzipped-PROCUREMENT_JustificationBook_Air_Force_PB_2015.xml","ad2cbcd52887cfdbd4c4e64af0f936c986b469e78be0a9fa924477b8ad18fb8f","0-8abe725879a9886a49f260ff9d774326c715ec3273053a1fe5f45e3bb82a8f7d","0-4299185f475f701d48268cb248b74941a99732f80edf54cc72b844e1a183eeee","root.record.ItemExhibitList.P3AModificationItemGroup.ModificationItemList.ModificationItem.Installation.ImplementationMethodList.ImplementationMethod"
"Air Force Active","","15","","","","","7.25","","","","2015-BASE_PROCUREMENT-2015-AIRFORCE_AIRCRAFT_VOL2-PROCUREMENT_JustificationBook_Air_Force_PB_2015.zzz_unzipped-PROCUREMENT_JustificationBook_Air_Force_PB_2015.xml","4f10c9d75af1ff7f39d3312af79b465fcb001e31cfa449ec049bea6f08f73af1","0-622b9f15da4c3b150e8b66406e748e6e04c838950101c883ad3a8e4595f722d9","0-9c397efb06098246a21cd1aa8fceeb721fb5548f531f9aef3fa07462542743af","root.record.ItemExhibitList.P3AModificationItemGroup.ModificationItemList.ModificationItem.Installation.ImplementationMethodList.ImplementationMethod"
"Air Force Active","","","7","7","","","","43.127","43.127","","2015-BASE_PROCUREMENT-2015-AIRFORCE_AIRCRAFT_VOL2-PROCUREMENT_JustificationBook_Air_Force_PB_2015.zzz_unzipped-PROCUREMENT_JustificationBook_Air_Force_PB_2015.xml","bbc8063372e02d2bc548b494988437c9d99675713059aabc6acf7bc346906c17","0-7f4939896956be0baae6c2f8da3fa1e540c80948fd98d408285557e585e32032","0-6cf888a77b03738c6efd973eb324ed453334cf8eb3475aebc8d2a6a2bf95102c","root.record.ItemExhibitList.P3AModificationItemGroup.ModificationItemList.ModificationItem.Installation.ImplementationMethodList.ImplementationMethod"
"Air Force Active","4","8","8","8","","1.833","5.603","5.704","5.704","","2015-BASE_PROCUREMENT-2015-AIRFORCE_AIRCRAFT_VOL2-PROCUREMENT_JustificationBook_Air_Force_PB_2015.zzz_unzipped-PROCUREMENT_JustificationBook_Air_Force_PB_2015.xml","37a9176d6819849bcd695141407bcbea7c3c0b02a6c4bbb6d05d22c664d601c4","0-24b2d09b0409697a9677cbe0eb23bb8300bc85c66ea5ead3a7ee2094fef1a3b0","0-2eadcfd1af4c0bb70bcedb5a6b7ce1f944ea2eab553fb3dd76774a0f67e87963","root.record.ItemExhibitList.P3AModificationItemGroup.ModificationItemList.ModificationItem.Installation.ImplementationMethodList.ImplementationMethod"
"Air Force Active","16","10","8","8","","2.044","4.347","0.000","0.000","","2015-BASE_PROCUREMENT-2015-AIRFORCE_AIRCRAFT_VOL2-PROCUREMENT_JustificationBook_Air_Force_PB_2015.zzz_unzipped-PROCUREMENT_JustificationBook_Air_Force_PB_2015.xml","37a9176d6819849bcd695141407bcbea7c3c0b02a6c4bbb6d05d22c664d601c4","0-045248813cdd124a0e6cfa315370fea8d9c8a994ebd5e6e843b32ca4c718848f","0-323a260c135958771157144044800f8714798c2ac13b03476d88e24be6ffb155","root.record.ItemExhibitList.P3AModificationItemGroup.ModificationItemList.ModificationItem.Installation.ImplementationMethodList.ImplementationMethod"
"Air National Guard","8","7","13","13","","0.000","0.000","0.000","0.000","","2015-BASE_PROCUREMENT-2015-AIRFORCE_AIRCRAFT_VOL2-PROCUREMENT_JustificationBook_Air_Force_PB_2015.zzz_unzipped-PROCUREMENT_JustificationBook_Air_Force_PB_2015.xml","37a9176d6819849bcd695141407bcbea7c3c0b02a6c4bbb6d05d22c664d601c4","1-2f009708b241765889d64b47e1187c43d25c454fd21acdcca68da70a3a786138","0-323a260c135958771157144044800f8714798c2ac13b03476d88e24be6ffb155","root.record.ItemExhibitList.P3AModificationItemGroup.ModificationItemList.ModificationItem.Installation.ImplementationMethodList.ImplementationMethod"
"Air Force Active","6","","","","","0.000","","","","","2015-BASE_PROCUREMENT-2015-AIRFORCE_AIRCRAFT_VOL2-PROCUREMENT_JustificationBook_Air_Force_PB_2015.zzz_unzipped-PROCUREMENT_JustificationBook_Air_Force_PB_2015.xml","37a9176d6819849bcd695141407bcbea7c3c0b02a6c4bbb6d05d22c664d601c4","0-a288f41b4d1e0fae3a7c4cb09ed890aee89f9bd0f725374df10b8b65043c4685","0-71a864868a49462f157ae920882d856bd4fe30b525f8b2b9be605a127959b8ae","root.record.ItemExhibitList.P3AModificationItemGroup.ModificationItemList.ModificationItem.Installation.ImplementationMethodList.ImplementationMethod"
"Air Force Active","","25","","","","","0.615","","","","2015-BASE_PROCUREMENT-2015-AIRFORCE_AIRCRAFT_VOL2-PROCUREMENT_JustificationBook_Air_Force_PB_2015.zzz_unzipped-PROCUREMENT_JustificationBook_Air_Force_PB_2015.xml","37a9176d6819849bcd695141407bcbea7c3c0b02a6c4bbb6d05d22c664d601c4","0-b462e9a5e769a0551eb8c26b34876385c534419f291230ce19ae80dd16a2791a","0-cc5938c58a9d877b9bb9767f116cb695ac4b009c855b9f210703900e6c1e2e1d","root.record.ItemExhibitList.P3AModificationItemGroup.ModificationItemList.ModificationItem.Installation.ImplementationMethodList.ImplementationMethod"
"Air National Guard","","25","","","","","0.615","","","","2015-BASE_PROCUREMENT-2015-AIRFORCE_AIRCRAFT_VOL2-PROCUREMENT_JustificationBook_Air_Force_PB_2015.zzz_unzipped-PROCUREMENT_JustificationBook_Air_Force_PB_2015.xml","37a9176d6819849bcd695141407bcbea7c3c0b02a6c4bbb6d05d22c664d601c4","1-210eb3a0a72eb3278614e65f52d0d654c0245b2f45f6337457cf93da8eb5d85f","0-cc5938c58a9d877b9bb9767f116cb695ac4b009c855b9f210703900e6c1e2e1d","root.record.ItemExhibitList.P3AModificationItemGroup.ModificationItemList.ModificationItem.Installation.ImplementationMethodList.ImplementationMethod"
"Air Force Active","23","27","30","30","13","7.511","12.333","12.4","12.4","5.06","2015-BASE_PROCUREMENT-2015-AIRFORCE_AIRCRAFT_VOL2-PROCUREMENT_JustificationBook_Air_Force_PB_2015.zzz_unzipped-PROCUREMENT_JustificationBook_Air_Force_PB_2015.xml","a8005ce497b4d26a96a0a73b3a202cd9ad0d2cb8833efae151bef5451667fd9e","0-f85f7e0bed9a64586c14d36e300b401140fa49156d019c7f7f63059dfe4f69ec","0-16e8642ec49813632ce63a15c3d484e69ab13a63ea9110f608be6b0097f4701b","root.record.ItemExhibitList.P3AModificationItemGroup.ModificationItemList.ModificationItem.Installation.ImplementationMethodList.ImplementationMethod"
"Air National Guard","","","","","9","","","","","3.503","2015-BASE_PROCUREMENT-2015-AIRFORCE_AIRCRAFT_VOL2-PROCUREMENT_JustificationBook_Air_Force_PB_2015.zzz_unzipped-PROCUREMENT_JustificationBook_Air_Force_PB_2015.xml","a8005ce497b4d26a96a0a73b3a202cd9ad0d2cb8833efae151bef5451667fd9e","1-98b8b927ce44da1b86ea19c6e055098d5319b5460f5874400c6944909eaa6101","0-16e8642ec49813632ce63a15c3d484e69ab13a63ea9110f608be6b0097f4701b","root.record.ItemExhibitList.P3AModificationItemGroup.ModificationItemList.ModificationItem.Installation.ImplementationMethodList.ImplementationMethod"
"Air Force Active","352","","","","","1.142","","","","","2015-BASE_PROCUREMENT-2015-AIRFORCE_AIRCRAFT_VOL2-PROCUREMENT_JustificationBook_Air_Force_PB_2015.zzz_unzipped-PROCUREMENT_JustificationBook_Air_Force_PB_2015.xml","a8005ce497b4d26a96a0a73b3a202cd9ad0d2cb8833efae151bef5451667fd9e","0-7351caf029dd2c6d01203e3da783cabf2fcde30a8acfe4356d5d4ab7bf14dcbd","1-edd9cca754443821e399b06d86d96c3537d6a0ca1f422dd73568ba96948720eb","root.record.ItemExhibitList.P3AModificationItemGroup.ModificationItemList.ModificationItem.Installation.ImplementationMethodList.ImplementationMethod"
"Air National Guard","38","","","","","0.124","","","","","2015-BASE_PROCUREMENT-2015-AIRFORCE_AIRCRAFT_VOL2-PROCUREMENT_JustificationBook_Air_Force_PB_2015.zzz_unzipped-PROCUREMENT_JustificationBook_Air_Force_PB_2015.xml","a8005ce497b4d26a96a0a73b3a202cd9ad0d2cb8833efae151bef5451667fd9e","1-54e77ea84cb5c1bcd746d4be2e4e3bda8fd3a040dbd49d8c368d360a3dd02859","1-edd9cca754443821e399b06d86d96c3537d6a0ca1f422dd73568ba96948720eb","root.record.ItemExhibitList.P3AModificationItemGroup.ModificationItemList.ModificationItem.Installation.ImplementationMethodList.ImplementationMethod"
"Air Force Active","15","","","","","48.614","","","","","2015-BASE_PROCUREMENT-2015-AIRFORCE_AIRCRAFT_VOL2-PROCUREMENT_JustificationBook_Air_Force_PB_2015.zzz_unzipped-PROCUREMENT_JustificationBook_Air_Force_PB_2015.xml","a8005ce497b4d26a96a0a73b3a202cd9ad0d2cb8833efae151bef5451667fd9e","0-2bb96a1c9eb449e0e1cf0fe34786c4c05decb68a5b807be5eee5e46ef84d8c6b","0-948a3971041d7a4b8dbd3b76c0da209aa786bc60d9d3d57e4ad1c7fb3660b0e1","root.record.ItemExhibitList.P3AModificationItemGroup.ModificationItemList.ModificationItem.Installation.ImplementationMethodList.ImplementationMethod"
"Air National Guard","2","","","","","1.68","","","","","2015-BASE_PROCUREMENT-2015-AIRFORCE_AIRCRAFT_VOL2-PROCUREMENT_JustificationBook_Air_Force_PB_2015.zzz_unzipped-PROCUREMENT_JustificationBook_Air_Force_PB_2015.xml","a8005ce497b4d26a96a0a73b3a202cd9ad0d2cb8833efae151bef5451667fd9e","1-6cd8d9e798d1255a1404ec1785a7776ecd7329b9d39155b1d79ef06257839724","0-948a3971041d7a4b8dbd3b76c0da209aa786bc60d9d3d57e4ad1c7fb3660b0e1","root.record.ItemExhibitList.P3AModificationItemGroup.ModificationItemList.ModificationItem.Installation.ImplementationMethodList.ImplementationMethod"
"Air Force Active","1","3","0","0","","1.132","3.828","0.000","0.000","","2015-BASE_PROCUREMENT-2015-AIRFORCE_AIRCRAFT_VOL2-PROCUREMENT_MasterJustificationBook_Air_Force_PB_2015.zzz_unzipped-PROCUREMENT_MasterJustificationBook_Air_Force_PB_2015.xml","ca9f1e9f848e67edf7e34b76ad9b05e59dfcbeb190b54cb2ec2a178aeaaa3bfa","0-190a0fe2949959c30270f217c554383bad11b7c6fb13e7f2aa45f864e8f8bc2a","0-b20af3f7fce801ee236ede6b44ff3e066b6b8bdd73d2237a0b074e968acfa312","root.record.ItemExhibitList.P3AModificationItemGroup.ModificationItemList.ModificationItem.Installation.ImplementationMethodList.ImplementationMethod"
"Air Force Active","","2","","","","","0.675","","","","2015-BASE_PROCUREMENT-2015-AIRFORCE_AIRCRAFT_VOL2-PROCUREMENT_MasterJustificationBook_Air_Force_PB_2015.zzz_unzipped-PROCUREMENT_MasterJustificationBook_Air_Force_PB_2015.xml","ca9f1e9f848e67edf7e34b76ad9b05e59dfcbeb190b54cb2ec2a178aeaaa3bfa","0-3e8ea3265d06ceddae3e35e26e9ac0305061f2e467b416f867348a19aa166237","1-e0a15bd0e800520f6315a1bf513222fba2ce3d2093ad9e9d27c062e08729e861","root.record.ItemExhibitList.P3AModificationItemGroup.ModificationItemList.ModificationItem.Installation.ImplementationMethodList.ImplementationMethod"
"Air Force Active","11","","","","","222.512","","","","","2015-BASE_PROCUREMENT-2015-AIRFORCE_AIRCRAFT_VOL2-PROCUREMENT_MasterJustificationBook_Air_Force_PB_2015.zzz_unzipped-PROCUREMENT_MasterJustificationBook_Air_Force_PB_2015.xml","aa1014d1730217cf58bd0eb1cf9155036af0caca57bd2ece54304d573c8411a2","0-2cdd6381124735952ae45d6192fb4598a5b7fc81b58b01acfd5cad0b356d8fe4","0-ff6809c6dc55a4087cfee6041f80b6a61e9d1ea5df8ed3616a4584899cf244f7","root.record.ItemExhibitList.P3AModificationItemGroup.ModificationItemList.ModificationItem.Installation.ImplementationMethodList.ImplementationMethod"
"Air Force Active","10","28","5","5","","1.496","3.007","1.131","1.131","","2015-BASE_PROCUREMENT-2015-AIRFORCE_AIRCRAFT_VOL2-PROCUREMENT_MasterJustificationBook_Air_Force_PB_2015.zzz_unzipped-PROCUREMENT_MasterJustificationBook_Air_Force_PB_2015.xml","e0b4c68aca5bcb28bf2a8d6314af11bf878587e1d5636a46ade0d81891a819a1","0-1014c0703b07e08e4ea1065dfbb29fc73b1cc81c4894d06725c9d5899c4561e4","0-2af44daf31ad17b16c95e8c9e15c7afc182d9aad030891cb2973457b4cce1e4b","root.record.ItemExhibitList.P3AModificationItemGroup.ModificationItemList.ModificationItem.Installation.ImplementationMethodList.ImplementationMethod"
"Air National Guard","5","1","","","","0.748","0.107","","","","2015-BASE_PROCUREMENT-2015-AIRFORCE_AIRCRAFT_VOL2-PROCUREMENT_MasterJustificationBook_Air_Force_PB_2015.zzz_unzipped-PROCUREMENT_MasterJustificationBook_Air_Force_PB_2015.xml","e0b4c68aca5bcb28bf2a8d6314af11bf878587e1d5636a46ade0d81891a819a1","1-b234c1467a1b10ec791a4420f15ecbf024583d6f1f76a763bd58f4f788ab51f6","0-2af44daf31ad17b16c95e8c9e15c7afc182d9aad030891cb2973457b4cce1e4b","root.record.ItemExhibitList.P3AModificationItemGroup.ModificationItemList.ModificationItem.Installation.ImplementationMethodList.ImplementationMethod"
"Air Force Reserve","","1","","","","","0.108","","","","2015-BASE_PROCUREMENT-2015-AIRFORCE_AIRCRAFT_VOL2-PROCUREMENT_MasterJustificationBook_Air_Force_PB_2015.zzz_unzipped-PROCUREMENT_MasterJustificationBook_Air_Force_PB_2015.xml","e0b4c68aca5bcb28bf2a8d6314af11bf878587e1d5636a46ade0d81891a819a1","2-354ba500ff54c5ce2c970650f45ad1ec49802c14fe8baf46c25b1d190c4d433c","0-2af44daf31ad17b16c95e8c9e15c7afc182d9aad030891cb2973457b4cce1e4b","root.record.ItemExhibitList.P3AModificationItemGroup.ModificationItemList.ModificationItem.Installation.ImplementationMethodList.ImplementationMethod"
"Air Force Active","144","73","","","","90.713","6.262","","","","2015-BASE_PROCUREMENT-2015-AIRFORCE_AIRCRAFT_VOL2-PROCUREMENT_MasterJustificationBook_Air_Force_PB_2015.zzz_unzipped-PROCUREMENT_MasterJustificationBook_Air_Force_PB_2015.xml","e0b4c68aca5bcb28bf2a8d6314af11bf878587e1d5636a46ade0d81891a819a1","0-c425e733ec6df68b201da469bdb02c90a47e357a7a77ddcbf7744f650970b35f","0-79c50709cc7ae51f5ccdeb6b30525a3acd4748cd203a8f231f529fc485387875","root.record.ItemExhibitList.P3AModificationItemGroup.ModificationItemList.ModificationItem.Installation.ImplementationMethodList.ImplementationMethod"
"Air National Guard","14","55","45","45","","9.833","10.044","14.975","14.975","","2015-BASE_PROCUREMENT-2015-AIRFORCE_AIRCRAFT_VOL2-PROCUREMENT_MasterJustificationBook_Air_Force_PB_2015.zzz_unzipped-PROCUREMENT_MasterJustificationBook_Air_Force_PB_2015.xml","e0b4c68aca5bcb28bf2a8d6314af11bf878587e1d5636a46ade0d81891a819a1","1-84327435acd7e64702e538e2cdf04a4bbd83d62557a07c1ecedb10d0e42ebd31","0-79c50709cc7ae51f5ccdeb6b30525a3acd4748cd203a8f231f529fc485387875","root.record.ItemExhibitList.P3AModificationItemGroup.ModificationItemList.ModificationItem.Installation.ImplementationMethodList.ImplementationMethod"
"Air Force Reserve","12","21","28","28","","8.429","3.653","8.974","8.974","","2015-BASE_PROCUREMENT-2015-AIRFORCE_AIRCRAFT_VOL2-PROCUREMENT_MasterJustificationBook_Air_Force_PB_2015.zzz_unzipped-PROCUREMENT_MasterJustificationBook_Air_Force_PB_2015.xml","e0b4c68aca5bcb28bf2a8d6314af11bf878587e1d5636a46ade0d81891a819a1","2-1c32d87b69cc8c6a284aa4c92a87b49f7ac2fcef6cc887e087c452dba0aca8fd","0-79c50709cc7ae51f5ccdeb6b30525a3acd4748cd203a8f231f529fc485387875","root.record.ItemExhibitList.P3AModificationItemGroup.ModificationItemList.ModificationItem.Installation.ImplementationMethodList.ImplementationMethod"
"Air Force Active","2","","","","","1.771","","","","","2015-BASE_PROCUREMENT-2015-AIRFORCE_AIRCRAFT_VOL2-PROCUREMENT_MasterJustificationBook_Air_Force_PB_2015.zzz_unzipped-PROCUREMENT_MasterJustificationBook_Air_Force_PB_2015.xml","e0b4c68aca5bcb28bf2a8d6314af11bf878587e1d5636a46ade0d81891a819a1","0-ac9998b81c8c885ead33e4eb9aa3cf248de52faacb5a7ade508b11f1d313d791","0-45f341e58b3e6aeddcd9c0492f136b0013b0884e382554166b40c749f629d2fe","root.record.ItemExhibitList.P3AModificationItemGroup.ModificationItemList.ModificationItem.Installation.ImplementationMethodList.ImplementationMethod"
"Air Force Active","","2","2","2","","","5.474","5.497","5.497","","2015-BASE_PROCUREMENT-2015-AIRFORCE_AIRCRAFT_VOL2-PROCUREMENT_MasterJustificationBook_Air_Force_PB_2015.zzz_unzipped-PROCUREMENT_MasterJustificationBook_Air_Force_PB_2015.xml","e0b4c68aca5bcb28bf2a8d6314af11bf878587e1d5636a46ade0d81891a819a1","0-3f84b795a9eb29122d5df3b87dc4b82462c407d59adc23bdd45bf92edc2b13f1","0-85204a49cf0407fc7139bc2ddc0024a9797d4fc8500992beca057daf749ce56f","root.record.ItemExhibitList.P3AModificationItemGroup.ModificationItemList.ModificationItem.Installation.ImplementationMethodList.ImplementationMethod"
"Air Force Active","2","","","","","0.000","","","","","2015-BASE_PROCUREMENT-2015-AIRFORCE_AIRCRAFT_VOL2-PROCUREMENT_MasterJustificationBook_Air_Force_PB_2015.zzz_unzipped-PROCUREMENT_MasterJustificationBook_Air_Force_PB_2015.xml","e0b4c68aca5bcb28bf2a8d6314af11bf878587e1d5636a46ade0d81891a819a1","0-514c9b4d19436de616a3426ebc0aa7790edd4fb83a2c9fa70d8afc2e4815d691","0-e1d557c1752043762c253acfa6aaf50536893f79fd3f90b97601aefe27a6f026","root.record.ItemExhibitList.P3AModificationItemGroup.ModificationItemList.ModificationItem.Installation.ImplementationMethodList.ImplementationMethod"
"Air Force Active","1","2","6","6","","0.000","4.75","9.864","9.864","","2015-BASE_PROCUREMENT-2015-AIRFORCE_AIRCRAFT_VOL2-PROCUREMENT_MasterJustificationBook_Air_Force_PB_2015.zzz_unzipped-PROCUREMENT_MasterJustificationBook_Air_Force_PB_2015.xml","0b3cc84504de3dcd8d9b0ee78b03c6179e180dce85fc9cbee3b0fc0b68f603c4","0-0e427eeb6a7b7e65ee470e430783ce204a632aa8686d0b21ca61989c6698b563","0-13855c304b1a57983a7aafe2633396c7c3c538bd58ce561f65f307dcba680bb9","root.record.ItemExhibitList.P3AModificationItemGroup.ModificationItemList.ModificationItem.Installation.ImplementationMethodList.ImplementationMethod"
"Air Force Active","1","1","2","2","","2.557","2.716","5.534","5.534","","2015-BASE_PROCUREMENT-2015-AIRFORCE_AIRCRAFT_VOL2-PROCUREMENT_MasterJustificationBook_Air_Force_PB_2015.zzz_unzipped-PROCUREMENT_MasterJustificationBook_Air_Force_PB_2015.xml","238e5085dc0888e77904efb55416822a25ede521b2dc0ac35009e46fc2ba274d","0-0211a466f77cf9c79b92e5a796047d8a1d2004e2fee295736acf57475be3328f","0-d70bbcb1cbb029449cb5f9417a26d0ead1f22cc3fbe3bf87a5906c723cacb2f9","root.record.ItemExhibitList.P3AModificationItemGroup.ModificationItemList.ModificationItem.Installation.ImplementationMethodList.ImplementationMethod"
"Air Force Active","4","2","","","","10.585","6.045","","","","2015-BASE_PROCUREMENT-2015-AIRFORCE_AIRCRAFT_VOL2-PROCUREMENT_MasterJustificationBook_Air_Force_PB_2015.zzz_unzipped-PROCUREMENT_MasterJustificationBook_Air_Force_PB_2015.xml","238e5085dc0888e77904efb55416822a25ede521b2dc0ac35009e46fc2ba274d","0-9778269377d6c0b82500f6cd5e81eddec7bcbbf0af66a25994bcab736e8bdc3a","0-f01dc88d0b654f44d757435c6dd1ef17cd51a88a1bd688292708d14ed963a95e","root.record.ItemExhibitList.P3AModificationItemGroup.ModificationItemList.ModificationItem.Installation.ImplementationMethodList.ImplementationMethod"
"Air Force Active","1","1","1","1","","2.6","2.6","2.6","2.6","","2015-BASE_PROCUREMENT-2015-AIRFORCE_AIRCRAFT_VOL2-PROCUREMENT_MasterJustificationBook_Air_Force_PB_2015.zzz_unzipped-PROCUREMENT_MasterJustificationBook_Air_Force_PB_2015.xml","238e5085dc0888e77904efb55416822a25ede521b2dc0ac35009e46fc2ba274d","0-facc62668fde4c11cea641a6698eb7d98c90b4d4884a467b5568d36074b8af47","0-23dea73c7425fc4d5b3b13bcdbcd6bafe4da8df83e826dae0e1fabd5cd28b3c8","root.record.ItemExhibitList.P3AModificationItemGroup.ModificationItemList.ModificationItem.Installation.ImplementationMethodList.ImplementationMethod"
"Air Force Active","","3","","","","","0.334","","","","2015-BASE_PROCUREMENT-2015-AIRFORCE_AIRCRAFT_VOL2-PROCUREMENT_MasterJustificationBook_Air_Force_PB_2015.zzz_unzipped-PROCUREMENT_MasterJustificationBook_Air_Force_PB_2015.xml","915b03b5c79079cef74c1f5fed99ff94d2a961666ffa690a638fb838766b41c1","0-75c2c8d90b9fb9e542918da4ccd9ed39ba35ed830cccc5437e5d8b6a970234a9","0-f0eeea6975ecfe1c703109f977f9bd4317812bc9af988ffbcf0df489b74a7b5b","root.record.ItemExhibitList.P3AModificationItemGroup.ModificationItemList.ModificationItem.Installation.ImplementationMethodList.ImplementationMethod"
"Air Force Active","","15","","","","","7.25","","","","2015-BASE_PROCUREMENT-2015-AIRFORCE_AIRCRAFT_VOL2-PROCUREMENT_MasterJustificationBook_Air_Force_PB_2015.zzz_unzipped-PROCUREMENT_MasterJustificationBook_Air_Force_PB_2015.xml","1d0ff418bd7c6cd4e0e89bd791631b1a3c0f2af4c9f1aa7bb064636a8d9f282b","0-a88bfa0f73fbb9a2a5ff9a0c64faa96022de22a11d255f3e269a67a94453f14a","0-ddcfefe851245ba8622ec72087784534c1a02b321d3e4f3d653710b93cb4ab20","root.record.ItemExhibitList.P3AModificationItemGroup.ModificationItemList.ModificationItem.Installation.ImplementationMethodList.ImplementationMethod"
"Air Force Active","","","7","7","","","","43.127","43.127","","2015-BASE_PROCUREMENT-2015-AIRFORCE_AIRCRAFT_VOL2-PROCUREMENT_MasterJustificationBook_Air_Force_PB_2015.zzz_unzipped-PROCUREMENT_MasterJustificationBook_Air_Force_PB_2015.xml","a48921b64d03b92f38e99229622434b0339f2788458c62c08f23ae8dd17a6497","0-b6f85254ecfc8ae12fa8f1589d6138d2867a85b937cc5a3f3cc4ded9b0123855","0-320de419a4aaa9af797a32644b25d94354eb789b302a9f47929d83a60a25e5b8","root.record.ItemExhibitList.P3AModificationItemGroup.ModificationItemList.ModificationItem.Installation.ImplementationMethodList.ImplementationMethod"
"Air Force Active","4","8","8","8","","1.833","5.603","5.704","5.704","","2015-BASE_PROCUREMENT-2015-AIRFORCE_AIRCRAFT_VOL2-PROCUREMENT_MasterJustificationBook_Air_Force_PB_2015.zzz_unzipped-PROCUREMENT_MasterJustificationBook_Air_Force_PB_2015.xml","855eae1cbb61b6501bc214ee71975773395e237741d724826b960bf4c434431a","0-f4226ea87e6765929c792c4bc6a45faeb96c0a693030765640a4d1461126e4da","0-083f48dd151faaeba0c615d477fe6f6b2d7c081054b352062131a2713015801f","root.record.ItemExhibitList.P3AModificationItemGroup.ModificationItemList.ModificationItem.Installation.ImplementationMethodList.ImplementationMethod"
"Air Force Active","16","10","8","8","","2.044","4.347","0.000","0.000","","2015-BASE_PROCUREMENT-2015-AIRFORCE_AIRCRAFT_VOL2-PROCUREMENT_MasterJustificationBook_Air_Force_PB_2015.zzz_unzipped-PROCUREMENT_MasterJustificationBook_Air_Force_PB_2015.xml","855eae1cbb61b6501bc214ee71975773395e237741d724826b960bf4c434431a","0-7e77b828647d8f2c04bfb627ec6b87b974371f50a30f104ee1738f33e432e096","0-b309c89f0dd62c9ff2968172c93d02633472703685f528737db7b91b2b4b7ac0","root.record.ItemExhibitList.P3AModificationItemGroup.ModificationItemList.ModificationItem.Installation.ImplementationMethodList.ImplementationMethod"
"Air National Guard","8","7","13","13","","0.000","0.000","0.000","0.000","","2015-BASE_PROCUREMENT-2015-AIRFORCE_AIRCRAFT_VOL2-PROCUREMENT_MasterJustificationBook_Air_Force_PB_2015.zzz_unzipped-PROCUREMENT_MasterJustificationBook_Air_Force_PB_2015.xml","855eae1cbb61b6501bc214ee71975773395e237741d724826b960bf4c434431a","1-1f3a482ccc8a893ec5ed9c9a4950ded49824d56b95d5d4917a383e33e56af6a9","0-b309c89f0dd62c9ff2968172c93d02633472703685f528737db7b91b2b4b7ac0","root.record.ItemExhibitList.P3AModificationItemGroup.ModificationItemList.ModificationItem.Installation.ImplementationMethodList.ImplementationMethod"
"Air Force Active","6","","","","","0.000","","","","","2015-BASE_PROCUREMENT-2015-AIRFORCE_AIRCRAFT_VOL2-PROCUREMENT_MasterJustificationBook_Air_Force_PB_2015.zzz_unzipped-PROCUREMENT_MasterJustificationBook_Air_Force_PB_2015.xml","855eae1cbb61b6501bc214ee71975773395e237741d724826b960bf4c434431a","0-4215695da58e31d16d1592b58533278f1bbaea168fa957a55dc47692c7d9208f","0-12bf351e877c6961565f40064a2629e84ac5f49a3b3e8e468ccaac8da26e023c","root.record.ItemExhibitList.P3AModificationItemGroup.ModificationItemList.ModificationItem.Installation.ImplementationMethodList.ImplementationMethod"
"Air Force Active","","25","","","","","0.615","","","","2015-BASE_PROCUREMENT-2015-AIRFORCE_AIRCRAFT_VOL2-PROCUREMENT_MasterJustificationBook_Air_Force_PB_2015.zzz_unzipped-PROCUREMENT_MasterJustificationBook_Air_Force_PB_2015.xml","855eae1cbb61b6501bc214ee71975773395e237741d724826b960bf4c434431a","0-d5ba0ed71fae107f2dc46473c035f960e7da485a71726ae200df47341b2b83ce","0-3b0d6020dd864f34afd591d82d05f066013a8621b5d8486e1916ae5c6234fd7a","root.record.ItemExhibitList.P3AModificationItemGroup.ModificationItemList.ModificationItem.Installation.ImplementationMethodList.ImplementationMethod"
"Air National Guard","","25","","","","","0.615","","","","2015-BASE_PROCUREMENT-2015-AIRFORCE_AIRCRAFT_VOL2-PROCUREMENT_MasterJustificationBook_Air_Force_PB_2015.zzz_unzipped-PROCUREMENT_MasterJustificationBook_Air_Force_PB_2015.xml","855eae1cbb61b6501bc214ee71975773395e237741d724826b960bf4c434431a","1-b14080ad49884a23f8d7b449b960c33c67421a95f9b3a3980959eb153a6ec790","0-3b0d6020dd864f34afd591d82d05f066013a8621b5d8486e1916ae5c6234fd7a","root.record.ItemExhibitList.P3AModificationItemGroup.ModificationItemList.ModificationItem.Installation.ImplementationMethodList.ImplementationMethod"
"Air Force Active","23","27","30","30","13","7.511","12.333","12.4","12.4","5.06","2015-BASE_PROCUREMENT-2015-AIRFORCE_AIRCRAFT_VOL2-PROCUREMENT_MasterJustificationBook_Air_Force_PB_2015.zzz_unzipped-PROCUREMENT_MasterJustificationBook_Air_Force_PB_2015.xml","e0999d2b89817dbe0cc954d07a44ef1ad1938f20a6bca9d4306e26527654e26d","0-dd47c22927410c0b1f5b45e00343612f0a012e09f60673c17dccb8717514c5a6","0-d79c2560b40b3d225dafb23918912b299340ffb97f07eeeaed2a76dd0498b09d","root.record.ItemExhibitList.P3AModificationItemGroup.ModificationItemList.ModificationItem.Installation.ImplementationMethodList.ImplementationMethod"
"Air National Guard","","","","","9","","","","","3.503","2015-BASE_PROCUREMENT-2015-AIRFORCE_AIRCRAFT_VOL2-PROCUREMENT_MasterJustificationBook_Air_Force_PB_2015.zzz_unzipped-PROCUREMENT_MasterJustificationBook_Air_Force_PB_2015.xml","e0999d2b89817dbe0cc954d07a44ef1ad1938f20a6bca9d4306e26527654e26d","1-e9916b96209bfb70a878fd762047a014b339f8e861acd004f6d45aef4a7d411d","0-d79c2560b40b3d225dafb23918912b299340ffb97f07eeeaed2a76dd0498b09d","root.record.ItemExhibitList.P3AModificationItemGroup.ModificationItemList.ModificationItem.Installation.ImplementationMethodList.ImplementationMethod"
"Air Force Active","352","","","","","1.142","","","","","2015-BASE_PROCUREMENT-2015-AIRFORCE_AIRCRAFT_VOL2-PROCUREMENT_MasterJustificationBook_Air_Force_PB_2015.zzz_unzipped-PROCUREMENT_MasterJustificationBook_Air_Force_PB_2015.xml","e0999d2b89817dbe0cc954d07a44ef1ad1938f20a6bca9d4306e26527654e26d","0-2ef37eda0bcb99d66bf5507f22e15ca7e772d672824cac34ee2d2a86873ac8ba","1-d04ee8d22f31e44499b84586869479398e42f85d8e5028db00fca067c6553689","root.record.ItemExhibitList.P3AModificationItemGroup.ModificationItemList.ModificationItem.Installation.ImplementationMethodList.ImplementationMethod"
"Air National Guard","38","","","","","0.124","","","","","2015-BASE_PROCUREMENT-2015-AIRFORCE_AIRCRAFT_VOL2-PROCUREMENT_MasterJustificationBook_Air_Force_PB_2015.zzz_unzipped-PROCUREMENT_MasterJustificationBook_Air_Force_PB_2015.xml","e0999d2b89817dbe0cc954d07a44ef1ad1938f20a6bca9d4306e26527654e26d","1-07be22cc39a06f36213ee159729f534fc0909163f656a816572f4868b823d4c3","1-d04ee8d22f31e44499b84586869479398e42f85d8e5028db00fca067c6553689","root.record.ItemExhibitList.P3AModificationItemGroup.ModificationItemList.ModificationItem.Installation.ImplementationMethodList.ImplementationMethod"
"Air Force Active","15","","","","","48.614","","","","","2015-BASE_PROCUREMENT-2015-AIRFORCE_AIRCRAFT_VOL2-PROCUREMENT_MasterJustificationBook_Air_Force_PB_2015.zzz_unzipped-PROCUREMENT_MasterJustificationBook_Air_Force_PB_2015.xml","e0999d2b89817dbe0cc954d07a44ef1ad1938f20a6bca9d4306e26527654e26d","0-c75417c7466cba2960ffbaeec989f5803639041432817151349fde546ad028b1","0-3dc6916aed8a21eb700cdb004c4598191942e0dd9c58b51e88ef8a6be08633b2","root.record.ItemExhibitList.P3AModificationItemGroup.ModificationItemList.ModificationItem.Installation.ImplementationMethodList.ImplementationMethod"
"Air National Guard","2","","","","","1.68","","","","","2015-BASE_PROCUREMENT-2015-AIRFORCE_AIRCRAFT_VOL2-PROCUREMENT_MasterJustificationBook_Air_Force_PB_2015.zzz_unzipped-PROCUREMENT_MasterJustificationBook_Air_Force_PB_2015.xml","e0999d2b89817dbe0cc954d07a44ef1ad1938f20a6bca9d4306e26527654e26d","1-f9ccfbc0573eb39d6919d3457f19b7954137b7f5543dc7eb56b5277f97f8aabd","0-3dc6916aed8a21eb700cdb004c4598191942e0dd9c58b51e88ef8a6be08633b2","root.record.ItemExhibitList.P3AModificationItemGroup.ModificationItemList.ModificationItem.Installation.ImplementationMethodList.ImplementationMethod"
"Air Force Active","0","","","","","0.000","","","","","2015-BASE_PROCUREMENT-2015-AIRFORCE_OTHER-PROCUREMENT_JustificationBook_Air_Force_PB_2015.zzz_unzipped-PROCUREMENT_JustificationBook_Air_Force_PB_2015.xml","468bc985f6e66df36e06ea9a96c28ec64edcebf0d6674e83420127564b1094c0","0-4130543efbc6da431df1de4026146f24342eee3c17d8e7a6cdf8a45d6aa33fd7","0-f8c2cb04ae35e05e7bec23058f05b3a5f5580f692c888beae0175a1f26cc944f","root.record.ItemExhibitList.P3AModificationItemGroup.ModificationItemList.ModificationItem.Installation.ImplementationMethodList.ImplementationMethod"
"Air Force Active","0","","","","","0.000","","","","","2015-BASE_PROCUREMENT-2015-AIRFORCE_OTHER-PROCUREMENT_MasterJustificationBook_Air_Force_PB_2015.zzz_unzipped-PROCUREMENT_MasterJustificationBook_Air_Force_PB_2015.xml","38574a0eb107b9f7269a65b5cd9e3370a0cecba368536b676cf0c3e78bac69ac","0-f46baccb6de618292720cdc7137d183ffdf5349776a30079b4e5f4c6cd5b989e","0-7add8b5eda959de8fb93bdab2c27531242b0df50f4e4ccf8b04669f25a78f1b7","root.record.ItemExhibitList.P3AModificationItemGroup.ModificationItemList.ModificationItem.Installation.ImplementationMethodList.ImplementationMethod"
"Air Force Active","1","1","2","2","","2.557","2.716","5.534","5.534","","2015-AMENDED_PROCUREMENT_AND_RDTE-2015-AIRFORCE_AMMO-PROCUREMENT_JustificationBook_Air_Force_PBAmended_2015.zzz_unzipped-PROCUREMENT_JustificationBook_Air_Force_PBAmended_2015.xml","5d0eeab0e5f827704ba2a685913a7359c919753ae300be7e875ee61ae60888e4","0-f60c964f2756985a0f0724e89147d7ec137647d52f6035f0192af2c3293eaafc","0-57ed1fed68e35ee10f69bd4e211b4e34a356e0f14c0e11362863a6301cd9526d","root.record.ItemExhibitList.P3AModificationItemGroup.ModificationItemList.ModificationItem.Installation.ImplementationMethodList.ImplementationMethod"
"Air Force Active","4","2","","","","10.585","6.045","","","","2015-AMENDED_PROCUREMENT_AND_RDTE-2015-AIRFORCE_AMMO-PROCUREMENT_JustificationBook_Air_Force_PBAmended_2015.zzz_unzipped-PROCUREMENT_JustificationBook_Air_Force_PBAmended_2015.xml","5d0eeab0e5f827704ba2a685913a7359c919753ae300be7e875ee61ae60888e4","0-99734e8d68afe71544fda2a8046fb9eb6f1fda3bf5c88b70bcc69ebe018bb442","0-d62051b1380b65701b7724144b81044349eb09e83c7bc73ed20631c43066f9a6","root.record.ItemExhibitList.P3AModificationItemGroup.ModificationItemList.ModificationItem.Installation.ImplementationMethodList.ImplementationMethod"
"Air Force Active","1","1","1","1","","2.6","2.6","2.6","2.6","","2015-AMENDED_PROCUREMENT_AND_RDTE-2015-AIRFORCE_AMMO-PROCUREMENT_JustificationBook_Air_Force_PBAmended_2015.zzz_unzipped-PROCUREMENT_JustificationBook_Air_Force_PBAmended_2015.xml","5d0eeab0e5f827704ba2a685913a7359c919753ae300be7e875ee61ae60888e4","0-9ca9466ffb4536ecf1b54d23576e08b99c16e3fd44e4795458163cf027ca3a19","0-387a1bdfdc0e15c66590b62b4b8547cc518f9239b8e14c439bede1bd87d3917a","root.record.ItemExhibitList.P3AModificationItemGroup.ModificationItemList.ModificationItem.Installation.ImplementationMethodList.ImplementationMethod"
"Air Force Active","1","1","2","2","","2.557","2.716","5.534","5.534","","2015-AMENDED_PROCUREMENT_AND_RDTE-2015-AIRFORCE_AMMO-PROCUREMENT_MasterJustificationBook_Air_Force_PBAmended_2015.zzz_unzipped-PROCUREMENT_MasterJustificationBook_Air_Force_PBAmended_2015.xml","308f697704d8ddc7394defea12f143515a17c085f8cd1988f241494e4852d23c","0-0a4042d99fa83f599df7fab2b6f1aa5fd60b7b1b0aeb6ddaa42cae77a049c508","0-42eec5a2eba8190d5e311b5650b7a4deb001d6777720a82be67aca2d6151112f","root.record.ItemExhibitList.P3AModificationItemGroup.ModificationItemList.ModificationItem.Installation.ImplementationMethodList.ImplementationMethod"
"Air Force Active","4","2","","","","10.585","6.045","","","","2015-AMENDED_PROCUREMENT_AND_RDTE-2015-AIRFORCE_AMMO-PROCUREMENT_MasterJustificationBook_Air_Force_PBAmended_2015.zzz_unzipped-PROCUREMENT_MasterJustificationBook_Air_Force_PBAmended_2015.xml","308f697704d8ddc7394defea12f143515a17c085f8cd1988f241494e4852d23c","0-08cc1cbc9c0c82bd7b565c3e62b9065862b2270a038c187b6b295a1938838807","0-8f9ffed557daa94c50118e0819f35912797d501f35fd1133a4e815e545026b12","root.record.ItemExhibitList.P3AModificationItemGroup.ModificationItemList.ModificationItem.Installation.ImplementationMethodList.ImplementationMethod"
"Air Force Active","1","1","1","1","","2.6","2.6","2.6","2.6","","2015-AMENDED_PROCUREMENT_AND_RDTE-2015-AIRFORCE_AMMO-PROCUREMENT_MasterJustificationBook_Air_Force_PBAmended_2015.zzz_unzipped-PROCUREMENT_MasterJustificationBook_Air_Force_PBAmended_2015.xml","308f697704d8ddc7394defea12f143515a17c085f8cd1988f241494e4852d23c","0-aafde04e859677dee2368f14a025c55c9fc32c64ff9f2772a05c706715a1f28a","0-872b34d3cf1bb1780606518961075bd9d7b948b450558789b81c81ea6623f303","root.record.ItemExhibitList.P3AModificationItemGroup.ModificationItemList.ModificationItem.Installation.ImplementationMethodList.ImplementationMethod"
