ServiceAgencyName_val,ProcQuantity_val,AcceptedBeforeOct1_val,@SOURCE_FILENAME,@RECORDID,@ROWID,@PARENTROWID,@PARENT
"Army","1995","0","2013-BASE_PROCUREMENT-2013-DEFENSE_CBDP-JustificationBook_Chemical_and_Biological_Defense_Program_PB_2013.zzz_unzipped-JustificationBook_Chemical_and_Biological_Defense_Program_PB_2013.xml","44176a3b5f929933fa29f988a86df488aaa195b200a378d544132404a2eeb5bb","0-726f443eda945bb80f5aa084fdd44f94ae415187fd4adda8fff10f7318c21110","0-dc92e396e8d3bf3d980ab401f72a0bffd2fdef0a202fc326d2fef8d605f31bd9","root.record.ItemExhibitList.P5Item.CostElementCategoryList.Software.Recurring.CostElementList.CostElement.ManufacturerList.Manufacturer.HistoryPlanningList.HistoryPlanning"
"Marine Corps","1340","0","2013-BASE_PROCUREMENT-2013-DEFENSE_CBDP-JustificationBook_Chemical_and_Biological_Defense_Program_PB_2013.zzz_unzipped-JustificationBook_Chemical_and_Biological_Defense_Program_PB_2013.xml","44176a3b5f929933fa29f988a86df488aaa195b200a378d544132404a2eeb5bb","1-9726cb56a90573c79a45ad27da740c2545879b7250f3b2cac3512bd45de7d249","0-dc92e396e8d3bf3d980ab401f72a0bffd2fdef0a202fc326d2fef8d605f31bd9","root.record.ItemExhibitList.P5Item.CostElementCategoryList.Software.Recurring.CostElementList.CostElement.ManufacturerList.Manufacturer.HistoryPlanningList.HistoryPlanning"
"Navy","665","0","2013-BASE_PROCUREMENT-2013-DEFENSE_CBDP-JustificationBook_Chemical_and_Biological_Defense_Program_PB_2013.zzz_unzipped-JustificationBook_Chemical_and_Biological_Defense_Program_PB_2013.xml","44176a3b5f929933fa29f988a86df488aaa195b200a378d544132404a2eeb5bb","2-757bc0f462aeba4428a72a9cb54deeae3877c811ff3d48645ffd6c7ee251478d","0-dc92e396e8d3bf3d980ab401f72a0bffd2fdef0a202fc326d2fef8d605f31bd9","root.record.ItemExhibitList.P5Item.CostElementCategoryList.Software.Recurring.CostElementList.CostElement.ManufacturerList.Manufacturer.HistoryPlanningList.HistoryPlanning"
"Army","1995","0","2013-BASE_PROCUREMENT-2013-DEFENSE_CBDP-JustificationBook_Chemical_and_Biological_Defense_Program_PB_2013.zzz_unzipped-JustificationBook_Chemical_and_Biological_Defense_Program_PB_2013.xml","44176a3b5f929933fa29f988a86df488aaa195b200a378d544132404a2eeb5bb","0-07340c7746289cd3c56e6556bccec16201f3ce6712c83d83570177005334bf9f","1-24b0f8941df164922a21c692a7f92ebdcd64169f5611f21ad11c477fc05a67c1","root.record.ItemExhibitList.P5Item.CostElementCategoryList.Software.Recurring.CostElementList.CostElement.ManufacturerList.Manufacturer.HistoryPlanningList.HistoryPlanning"
"Marine Corps","1340","0","2013-BASE_PROCUREMENT-2013-DEFENSE_CBDP-JustificationBook_Chemical_and_Biological_Defense_Program_PB_2013.zzz_unzipped-JustificationBook_Chemical_and_Biological_Defense_Program_PB_2013.xml","44176a3b5f929933fa29f988a86df488aaa195b200a378d544132404a2eeb5bb","1-3b829f02810e3ea5c52833b1796658f7f12357e9403a2640c5fff7d0691144c1","1-24b0f8941df164922a21c692a7f92ebdcd64169f5611f21ad11c477fc05a67c1","root.record.ItemExhibitList.P5Item.CostElementCategoryList.Software.Recurring.CostElementList.CostElement.ManufacturerList.Manufacturer.HistoryPlanningList.HistoryPlanning"
"Navy","665","0","2013-BASE_PROCUREMENT-2013-DEFENSE_CBDP-JustificationBook_Chemical_and_Biological_Defense_Program_PB_2013.zzz_unzipped-JustificationBook_Chemical_and_Biological_Defense_Program_PB_2013.xml","44176a3b5f929933fa29f988a86df488aaa195b200a378d544132404a2eeb5bb","2-52fc52c9b88669a8631086a49746c9443b29da9bdca6a9202d566940a2d8d45c","1-24b0f8941df164922a21c692a7f92ebdcd64169f5611f21ad11c477fc05a67c1","root.record.ItemExhibitList.P5Item.CostElementCategoryList.Software.Recurring.CostElementList.CostElement.ManufacturerList.Manufacturer.HistoryPlanningList.HistoryPlanning"
"Army","2495","0","2013-BASE_PROCUREMENT-2013-DEFENSE_CBDP-JustificationBook_Chemical_and_Biological_Defense_Program_PB_2013.zzz_unzipped-JustificationBook_Chemical_and_Biological_Defense_Program_PB_2013.xml","44176a3b5f929933fa29f988a86df488aaa195b200a378d544132404a2eeb5bb","0-aa0eba41873f640db804eedc0ef0f98c28a79b43593011e01b775d9c2cdda622","2-d49920f504589d821a82e5a012696b7ec65d060c897dfcc43ae23c7f0cc55017","root.record.ItemExhibitList.P5Item.CostElementCategoryList.Software.Recurring.CostElementList.CostElement.ManufacturerList.Manufacturer.HistoryPlanningList.HistoryPlanning"
"Marine Corps","1680","0","2013-BASE_PROCUREMENT-2013-DEFENSE_CBDP-JustificationBook_Chemical_and_Biological_Defense_Program_PB_2013.zzz_unzipped-JustificationBook_Chemical_and_Biological_Defense_Program_PB_2013.xml","44176a3b5f929933fa29f988a86df488aaa195b200a378d544132404a2eeb5bb","1-962dae06e89399bb15158a67e03258c97048c9119552c0ff46b9d23ab6b9e529","2-d49920f504589d821a82e5a012696b7ec65d060c897dfcc43ae23c7f0cc55017","root.record.ItemExhibitList.P5Item.CostElementCategoryList.Software.Recurring.CostElementList.CostElement.ManufacturerList.Manufacturer.HistoryPlanningList.HistoryPlanning"
"Navy","825","0","2013-BASE_PROCUREMENT-2013-DEFENSE_CBDP-JustificationBook_Chemical_and_Biological_Defense_Program_PB_2013.zzz_unzipped-JustificationBook_Chemical_and_Biological_Defense_Program_PB_2013.xml","44176a3b5f929933fa29f988a86df488aaa195b200a378d544132404a2eeb5bb","2-5ccd2c1ab2cc3171111d59c4dba9b07918edd18a7ec4d18285f31b8b07a27a1c","2-d49920f504589d821a82e5a012696b7ec65d060c897dfcc43ae23c7f0cc55017","root.record.ItemExhibitList.P5Item.CostElementCategoryList.Software.Recurring.CostElementList.CostElement.ManufacturerList.Manufacturer.HistoryPlanningList.HistoryPlanning"
"Army","2495","0","2013-BASE_PROCUREMENT-2013-DEFENSE_CBDP-JustificationBook_Chemical_and_Biological_Defense_Program_PB_2013.zzz_unzipped-JustificationBook_Chemical_and_Biological_Defense_Program_PB_2013.xml","44176a3b5f929933fa29f988a86df488aaa195b200a378d544132404a2eeb5bb","0-337103f863573faecc85ef729ec9d78c5cde89c2d8f2ce3e4444ca0b8880d3ac","3-55acf4c35070c81d34e8e61b9fa56eafc39b10bc158ae4c5fbe8b3c78fa9e32e","root.record.ItemExhibitList.P5Item.CostElementCategoryList.Software.Recurring.CostElementList.CostElement.ManufacturerList.Manufacturer.HistoryPlanningList.HistoryPlanning"
"Marine Corps","1680","0","2013-BASE_PROCUREMENT-2013-DEFENSE_CBDP-JustificationBook_Chemical_and_Biological_Defense_Program_PB_2013.zzz_unzipped-JustificationBook_Chemical_and_Biological_Defense_Program_PB_2013.xml","44176a3b5f929933fa29f988a86df488aaa195b200a378d544132404a2eeb5bb","1-0423eafff2edfe846f07407414f386dd6954aa0877f8ebacb02d9a8d29cea12c","3-55acf4c35070c81d34e8e61b9fa56eafc39b10bc158ae4c5fbe8b3c78fa9e32e","root.record.ItemExhibitList.P5Item.CostElementCategoryList.Software.Recurring.CostElementList.CostElement.ManufacturerList.Manufacturer.HistoryPlanningList.HistoryPlanning"
"Navy","825","0","2013-BASE_PROCUREMENT-2013-DEFENSE_CBDP-JustificationBook_Chemical_and_Biological_Defense_Program_PB_2013.zzz_unzipped-JustificationBook_Chemical_and_Biological_Defense_Program_PB_2013.xml","44176a3b5f929933fa29f988a86df488aaa195b200a378d544132404a2eeb5bb","2-c9d982a368d44f06824740e9949022f7bfdd0fc2cc087a7a90cf3b507ca299d0","3-55acf4c35070c81d34e8e61b9fa56eafc39b10bc158ae4c5fbe8b3c78fa9e32e","root.record.ItemExhibitList.P5Item.CostElementCategoryList.Software.Recurring.CostElementList.CostElement.ManufacturerList.Manufacturer.HistoryPlanningList.HistoryPlanning"
"Army","3485","2440","2013-BASE_PROCUREMENT-2013-DEFENSE_CBDP-JustificationBook_Chemical_and_Biological_Defense_Program_PB_2013.zzz_unzipped-JustificationBook_Chemical_and_Biological_Defense_Program_PB_2013.xml","44176a3b5f929933fa29f988a86df488aaa195b200a378d544132404a2eeb5bb","0-6e690096de84595ba87d752141139587a8c10e42d5cc5e6296d27bbe9cbfdb60","0-6a61aa014c7e0399dac81a6f391b5b04fed46ed281319b31ff2853ea0bd48e10","root.record.ItemExhibitList.P5Item.CostElementCategoryList.Software.Recurring.CostElementList.CostElement.ManufacturerList.Manufacturer.HistoryPlanningList.HistoryPlanning"
"Air Force","2869","2009","2013-BASE_PROCUREMENT-2013-DEFENSE_CBDP-JustificationBook_Chemical_and_Biological_Defense_Program_PB_2013.zzz_unzipped-JustificationBook_Chemical_and_Biological_Defense_Program_PB_2013.xml","44176a3b5f929933fa29f988a86df488aaa195b200a378d544132404a2eeb5bb","1-3b3b13d468312150e460343d882ad6da6b671dc3ac790e1d04d3da192969090f","0-6a61aa014c7e0399dac81a6f391b5b04fed46ed281319b31ff2853ea0bd48e10","root.record.ItemExhibitList.P5Item.CostElementCategoryList.Software.Recurring.CostElementList.CostElement.ManufacturerList.Manufacturer.HistoryPlanningList.HistoryPlanning"
"Marine Corps","356","356","2013-BASE_PROCUREMENT-2013-DEFENSE_CBDP-JustificationBook_Chemical_and_Biological_Defense_Program_PB_2013.zzz_unzipped-JustificationBook_Chemical_and_Biological_Defense_Program_PB_2013.xml","44176a3b5f929933fa29f988a86df488aaa195b200a378d544132404a2eeb5bb","2-6053b68f0f77083f81e72735ab985df56b965c20625be583a36b1eba4dc4ca6e","0-6a61aa014c7e0399dac81a6f391b5b04fed46ed281319b31ff2853ea0bd48e10","root.record.ItemExhibitList.P5Item.CostElementCategoryList.Software.Recurring.CostElementList.CostElement.ManufacturerList.Manufacturer.HistoryPlanningList.HistoryPlanning"
"Navy","254","254","2013-BASE_PROCUREMENT-2013-DEFENSE_CBDP-JustificationBook_Chemical_and_Biological_Defense_Program_PB_2013.zzz_unzipped-JustificationBook_Chemical_and_Biological_Defense_Program_PB_2013.xml","44176a3b5f929933fa29f988a86df488aaa195b200a378d544132404a2eeb5bb","3-7a559a056b5ebb0445842ac19a6d3f55a1bf3d6544be3ad797833c128ab40831","0-6a61aa014c7e0399dac81a6f391b5b04fed46ed281319b31ff2853ea0bd48e10","root.record.ItemExhibitList.P5Item.CostElementCategoryList.Software.Recurring.CostElementList.CostElement.ManufacturerList.Manufacturer.HistoryPlanningList.HistoryPlanning"
"Army","3485","0","2013-BASE_PROCUREMENT-2013-DEFENSE_CBDP-JustificationBook_Chemical_and_Biological_Defense_Program_PB_2013.zzz_unzipped-JustificationBook_Chemical_and_Biological_Defense_Program_PB_2013.xml","44176a3b5f929933fa29f988a86df488aaa195b200a378d544132404a2eeb5bb","0-49cdf7db04271929fac218d599d7eb604a7112d39e838af9e5c666a49c8209c1","1-af01d4116c3b39fee56338ca05007c8bef04f7d503a2a16d7939d6be3e1bed75","root.record.ItemExhibitList.P5Item.CostElementCategoryList.Software.Recurring.CostElementList.CostElement.ManufacturerList.Manufacturer.HistoryPlanningList.HistoryPlanning"
"Air Force","2869","0","2013-BASE_PROCUREMENT-2013-DEFENSE_CBDP-JustificationBook_Chemical_and_Biological_Defense_Program_PB_2013.zzz_unzipped-JustificationBook_Chemical_and_Biological_Defense_Program_PB_2013.xml","44176a3b5f929933fa29f988a86df488aaa195b200a378d544132404a2eeb5bb","1-990cba9dcb2b340eebd2f1fe617a04b5ae243a67ac27624a9eb73adb7093c093","1-af01d4116c3b39fee56338ca05007c8bef04f7d503a2a16d7939d6be3e1bed75","root.record.ItemExhibitList.P5Item.CostElementCategoryList.Software.Recurring.CostElementList.CostElement.ManufacturerList.Manufacturer.HistoryPlanningList.HistoryPlanning"
"Marine Corps","356","0","2013-BASE_PROCUREMENT-2013-DEFENSE_CBDP-JustificationBook_Chemical_and_Biological_Defense_Program_PB_2013.zzz_unzipped-JustificationBook_Chemical_and_Biological_Defense_Program_PB_2013.xml","44176a3b5f929933fa29f988a86df488aaa195b200a378d544132404a2eeb5bb","2-caa07299ae470672b8e790caa48a45ca5d255a4b4bdf1574e3f01fa4e8cbacc1","1-af01d4116c3b39fee56338ca05007c8bef04f7d503a2a16d7939d6be3e1bed75","root.record.ItemExhibitList.P5Item.CostElementCategoryList.Software.Recurring.CostElementList.CostElement.ManufacturerList.Manufacturer.HistoryPlanningList.HistoryPlanning"
"Navy","254","0","2013-BASE_PROCUREMENT-2013-DEFENSE_CBDP-JustificationBook_Chemical_and_Biological_Defense_Program_PB_2013.zzz_unzipped-JustificationBook_Chemical_and_Biological_Defense_Program_PB_2013.xml","44176a3b5f929933fa29f988a86df488aaa195b200a378d544132404a2eeb5bb","3-e6a11eb2809cc46e68827f5d432b066ff6873cf6f8acef7a2ec2db0d419e5e73","1-af01d4116c3b39fee56338ca05007c8bef04f7d503a2a16d7939d6be3e1bed75","root.record.ItemExhibitList.P5Item.CostElementCategoryList.Software.Recurring.CostElementList.CostElement.ManufacturerList.Manufacturer.HistoryPlanningList.HistoryPlanning"
"Army","1995","0","2013-BASE_PROCUREMENT-2013-DEFENSE_VOL1-MasterJustificationBook_Defense-Wide_PB_2013.zzz_unzipped-MasterJustificationBook_Defense-Wide_PB_2013.xml","c77d5f438539d7acd66e0d53502dbd64712600bc7cbf03a534e487a823f9d240","0-fca0f86a38531cfa76e2782bb05ddfd03247b44e2839abdabca96bf3ebf07505","0-13a8ff495f9a80966a179bd9d6c128c5e88be880d81974333011b86a8de4500e","root.record.ItemExhibitList.P5Item.CostElementCategoryList.Software.Recurring.CostElementList.CostElement.ManufacturerList.Manufacturer.HistoryPlanningList.HistoryPlanning"
"Marine Corps","1340","0","2013-BASE_PROCUREMENT-2013-DEFENSE_VOL1-MasterJustificationBook_Defense-Wide_PB_2013.zzz_unzipped-MasterJustificationBook_Defense-Wide_PB_2013.xml","c77d5f438539d7acd66e0d53502dbd64712600bc7cbf03a534e487a823f9d240","1-983169d017321cd9d7fc9d88a2e9d5e035067af096a2a19e651fd8885ecf1dbf","0-13a8ff495f9a80966a179bd9d6c128c5e88be880d81974333011b86a8de4500e","root.record.ItemExhibitList.P5Item.CostElementCategoryList.Software.Recurring.CostElementList.CostElement.ManufacturerList.Manufacturer.HistoryPlanningList.HistoryPlanning"
"Navy","665","0","2013-BASE_PROCUREMENT-2013-DEFENSE_VOL1-MasterJustificationBook_Defense-Wide_PB_2013.zzz_unzipped-MasterJustificationBook_Defense-Wide_PB_2013.xml","c77d5f438539d7acd66e0d53502dbd64712600bc7cbf03a534e487a823f9d240","2-1c0756734c8da38bfbde7cf87d1b5396bbdd8e57d9d396c4e910c0649e168fc7","0-13a8ff495f9a80966a179bd9d6c128c5e88be880d81974333011b86a8de4500e","root.record.ItemExhibitList.P5Item.CostElementCategoryList.Software.Recurring.CostElementList.CostElement.ManufacturerList.Manufacturer.HistoryPlanningList.HistoryPlanning"
"Army","1995","0","2013-BASE_PROCUREMENT-2013-DEFENSE_VOL1-MasterJustificationBook_Defense-Wide_PB_2013.zzz_unzipped-MasterJustificationBook_Defense-Wide_PB_2013.xml","c77d5f438539d7acd66e0d53502dbd64712600bc7cbf03a534e487a823f9d240","0-fbec343c326d9e1de91ca452d06fc1479f22d16c4f58acdbd9180514d8150b64","1-b44eac4fe41b37700424a3e6c36863c9d837b585a4f9a194d0dd0a3aa84a6765","root.record.ItemExhibitList.P5Item.CostElementCategoryList.Software.Recurring.CostElementList.CostElement.ManufacturerList.Manufacturer.HistoryPlanningList.HistoryPlanning"
"Marine Corps","1340","0","2013-BASE_PROCUREMENT-2013-DEFENSE_VOL1-MasterJustificationBook_Defense-Wide_PB_2013.zzz_unzipped-MasterJustificationBook_Defense-Wide_PB_2013.xml","c77d5f438539d7acd66e0d53502dbd64712600bc7cbf03a534e487a823f9d240","1-7e8c2cf9230091591004d1ee10359211a31cdecf407a8959fb85fff994cad2a2","1-b44eac4fe41b37700424a3e6c36863c9d837b585a4f9a194d0dd0a3aa84a6765","root.record.ItemExhibitList.P5Item.CostElementCategoryList.Software.Recurring.CostElementList.CostElement.ManufacturerList.Manufacturer.HistoryPlanningList.HistoryPlanning"
"Navy","665","0","2013-BASE_PROCUREMENT-2013-DEFENSE_VOL1-MasterJustificationBook_Defense-Wide_PB_2013.zzz_unzipped-MasterJustificationBook_Defense-Wide_PB_2013.xml","c77d5f438539d7acd66e0d53502dbd64712600bc7cbf03a534e487a823f9d240","2-9e9f59726f6c84c7ae3613630f63f19d7697a060e8d085134efbde7fdaf51fff","1-b44eac4fe41b37700424a3e6c36863c9d837b585a4f9a194d0dd0a3aa84a6765","root.record.ItemExhibitList.P5Item.CostElementCategoryList.Software.Recurring.CostElementList.CostElement.ManufacturerList.Manufacturer.HistoryPlanningList.HistoryPlanning"
"Army","2495","0","2013-BASE_PROCUREMENT-2013-DEFENSE_VOL1-MasterJustificationBook_Defense-Wide_PB_2013.zzz_unzipped-MasterJustificationBook_Defense-Wide_PB_2013.xml","c77d5f438539d7acd66e0d53502dbd64712600bc7cbf03a534e487a823f9d240","0-7b50391ef8bc6196cb472f19b5611634c4471f9596e5f7e81e057c97764d642e","2-685d3fee33be7604e9c888f1fd420cabf2f8c33b6134c7c30ba1f089cea50f3d","root.record.ItemExhibitList.P5Item.CostElementCategoryList.Software.Recurring.CostElementList.CostElement.ManufacturerList.Manufacturer.HistoryPlanningList.HistoryPlanning"
"Marine Corps","1680","0","2013-BASE_PROCUREMENT-2013-DEFENSE_VOL1-MasterJustificationBook_Defense-Wide_PB_2013.zzz_unzipped-MasterJustificationBook_Defense-Wide_PB_2013.xml","c77d5f438539d7acd66e0d53502dbd64712600bc7cbf03a534e487a823f9d240","1-71f68372d336928f959e81066489772d5a26800bc52715009750ee27065770cc","2-685d3fee33be7604e9c888f1fd420cabf2f8c33b6134c7c30ba1f089cea50f3d","root.record.ItemExhibitList.P5Item.CostElementCategoryList.Software.Recurring.CostElementList.CostElement.ManufacturerList.Manufacturer.HistoryPlanningList.HistoryPlanning"
"Navy","825","0","2013-BASE_PROCUREMENT-2013-DEFENSE_VOL1-MasterJustificationBook_Defense-Wide_PB_2013.zzz_unzipped-MasterJustificationBook_Defense-Wide_PB_2013.xml","c77d5f438539d7acd66e0d53502dbd64712600bc7cbf03a534e487a823f9d240","2-a60e2a32670c0980c1dd1f56b76fc0edf756e70795b55fa7b5ef333da3daee24","2-685d3fee33be7604e9c888f1fd420cabf2f8c33b6134c7c30ba1f089cea50f3d","root.record.ItemExhibitList.P5Item.CostElementCategoryList.Software.Recurring.CostElementList.CostElement.ManufacturerList.Manufacturer.HistoryPlanningList.HistoryPlanning"
"Army","2495","0","2013-BASE_PROCUREMENT-2013-DEFENSE_VOL1-MasterJustificationBook_Defense-Wide_PB_2013.zzz_unzipped-MasterJustificationBook_Defense-Wide_PB_2013.xml","c77d5f438539d7acd66e0d53502dbd64712600bc7cbf03a534e487a823f9d240","0-b9d14d26021418f69647ecca3fa65f42c28138b1821a0b00c4840901a0eee552","3-5af791b1a7b8c8faaa3032d36c94d7aeaa2130fe50d291cb747879020b5fcecf","root.record.ItemExhibitList.P5Item.CostElementCategoryList.Software.Recurring.CostElementList.CostElement.ManufacturerList.Manufacturer.HistoryPlanningList.HistoryPlanning"
"Marine Corps","1680","0","2013-BASE_PROCUREMENT-2013-DEFENSE_VOL1-MasterJustificationBook_Defense-Wide_PB_2013.zzz_unzipped-MasterJustificationBook_Defense-Wide_PB_2013.xml","c77d5f438539d7acd66e0d53502dbd64712600bc7cbf03a534e487a823f9d240","1-4e18064d9ff4da51ab5dd346d5689b5ddc0c229b0aaa93498e48e455558e057b","3-5af791b1a7b8c8faaa3032d36c94d7aeaa2130fe50d291cb747879020b5fcecf","root.record.ItemExhibitList.P5Item.CostElementCategoryList.Software.Recurring.CostElementList.CostElement.ManufacturerList.Manufacturer.HistoryPlanningList.HistoryPlanning"
"Navy","825","0","2013-BASE_PROCUREMENT-2013-DEFENSE_VOL1-MasterJustificationBook_Defense-Wide_PB_2013.zzz_unzipped-MasterJustificationBook_Defense-Wide_PB_2013.xml","c77d5f438539d7acd66e0d53502dbd64712600bc7cbf03a534e487a823f9d240","2-c0c058f1f3f1d9903e6b6503fd9bb56bc6dc229924af07d2c56877435aa248a4","3-5af791b1a7b8c8faaa3032d36c94d7aeaa2130fe50d291cb747879020b5fcecf","root.record.ItemExhibitList.P5Item.CostElementCategoryList.Software.Recurring.CostElementList.CostElement.ManufacturerList.Manufacturer.HistoryPlanningList.HistoryPlanning"
"Army","3485","2440","2013-BASE_PROCUREMENT-2013-DEFENSE_VOL1-MasterJustificationBook_Defense-Wide_PB_2013.zzz_unzipped-MasterJustificationBook_Defense-Wide_PB_2013.xml","c77d5f438539d7acd66e0d53502dbd64712600bc7cbf03a534e487a823f9d240","0-20ac8e164d6ac74484545bd35369582323424fda1d5e92a564f415d7466bf8a6","0-36f091c1ef86d107ce04937757b5f75238d86c782155748570faa57d1ce37032","root.record.ItemExhibitList.P5Item.CostElementCategoryList.Software.Recurring.CostElementList.CostElement.ManufacturerList.Manufacturer.HistoryPlanningList.HistoryPlanning"
"Air Force","2869","2009","2013-BASE_PROCUREMENT-2013-DEFENSE_VOL1-MasterJustificationBook_Defense-Wide_PB_2013.zzz_unzipped-MasterJustificationBook_Defense-Wide_PB_2013.xml","c77d5f438539d7acd66e0d53502dbd64712600bc7cbf03a534e487a823f9d240","1-22c62b3c5da9bb22647471c2da8ac2168cf58deb961afadafe7c53323b583a94","0-36f091c1ef86d107ce04937757b5f75238d86c782155748570faa57d1ce37032","root.record.ItemExhibitList.P5Item.CostElementCategoryList.Software.Recurring.CostElementList.CostElement.ManufacturerList.Manufacturer.HistoryPlanningList.HistoryPlanning"
"Marine Corps","356","356","2013-BASE_PROCUREMENT-2013-DEFENSE_VOL1-MasterJustificationBook_Defense-Wide_PB_2013.zzz_unzipped-MasterJustificationBook_Defense-Wide_PB_2013.xml","c77d5f438539d7acd66e0d53502dbd64712600bc7cbf03a534e487a823f9d240","2-2b9401c0ef90d9e259354235da6992c423fed9ab7569d8f8f40e17ea7178da81","0-36f091c1ef86d107ce04937757b5f75238d86c782155748570faa57d1ce37032","root.record.ItemExhibitList.P5Item.CostElementCategoryList.Software.Recurring.CostElementList.CostElement.ManufacturerList.Manufacturer.HistoryPlanningList.HistoryPlanning"
"Navy","254","254","2013-BASE_PROCUREMENT-2013-DEFENSE_VOL1-MasterJustificationBook_Defense-Wide_PB_2013.zzz_unzipped-MasterJustificationBook_Defense-Wide_PB_2013.xml","c77d5f438539d7acd66e0d53502dbd64712600bc7cbf03a534e487a823f9d240","3-96df9fe77679878c6ec8758f3145ae17ad3d06fb2d92d63ccc57f7cb87a57708","0-36f091c1ef86d107ce04937757b5f75238d86c782155748570faa57d1ce37032","root.record.ItemExhibitList.P5Item.CostElementCategoryList.Software.Recurring.CostElementList.CostElement.ManufacturerList.Manufacturer.HistoryPlanningList.HistoryPlanning"
"Army","3485","0","2013-BASE_PROCUREMENT-2013-DEFENSE_VOL1-MasterJustificationBook_Defense-Wide_PB_2013.zzz_unzipped-MasterJustificationBook_Defense-Wide_PB_2013.xml","c77d5f438539d7acd66e0d53502dbd64712600bc7cbf03a534e487a823f9d240","0-3ee1a05f6e38dcdb1f62716ddcf78559a91fbf81dd2e183031929e4e39a9a6c1","1-ff67e92db0fcd1d98acd42102f478c251cec6c54935b511eaa06fe92083af912","root.record.ItemExhibitList.P5Item.CostElementCategoryList.Software.Recurring.CostElementList.CostElement.ManufacturerList.Manufacturer.HistoryPlanningList.HistoryPlanning"
"Air Force","2869","0","2013-BASE_PROCUREMENT-2013-DEFENSE_VOL1-MasterJustificationBook_Defense-Wide_PB_2013.zzz_unzipped-MasterJustificationBook_Defense-Wide_PB_2013.xml","c77d5f438539d7acd66e0d53502dbd64712600bc7cbf03a534e487a823f9d240","1-ab659a3c071e379f96625ee0af064797a0d6f7d65be86a57ded3a367dbd1b7ed","1-ff67e92db0fcd1d98acd42102f478c251cec6c54935b511eaa06fe92083af912","root.record.ItemExhibitList.P5Item.CostElementCategoryList.Software.Recurring.CostElementList.CostElement.ManufacturerList.Manufacturer.HistoryPlanningList.HistoryPlanning"
"Marine Corps","356","0","2013-BASE_PROCUREMENT-2013-DEFENSE_VOL1-MasterJustificationBook_Defense-Wide_PB_2013.zzz_unzipped-MasterJustificationBook_Defense-Wide_PB_2013.xml","c77d5f438539d7acd66e0d53502dbd64712600bc7cbf03a534e487a823f9d240","2-5dd834ea6a6c6183265b6751696e717958a139d87530f22765d7e5f2aa607831","1-ff67e92db0fcd1d98acd42102f478c251cec6c54935b511eaa06fe92083af912","root.record.ItemExhibitList.P5Item.CostElementCategoryList.Software.Recurring.CostElementList.CostElement.ManufacturerList.Manufacturer.HistoryPlanningList.HistoryPlanning"
"Navy","254","0","2013-BASE_PROCUREMENT-2013-DEFENSE_VOL1-MasterJustificationBook_Defense-Wide_PB_2013.zzz_unzipped-MasterJustificationBook_Defense-Wide_PB_2013.xml","c77d5f438539d7acd66e0d53502dbd64712600bc7cbf03a534e487a823f9d240","3-0ba879581d31e09f9d4f850d41fe900b4bd386e3f55212698dd0a4282669bd28","1-ff67e92db0fcd1d98acd42102f478c251cec6c54935b511eaa06fe92083af912","root.record.ItemExhibitList.P5Item.CostElementCategoryList.Software.Recurring.CostElementList.CostElement.ManufacturerList.Manufacturer.HistoryPlanningList.HistoryPlanning"
"Army","1995","0","2014-BASE_PROCUREMENT-2014-DEFENSE_CBDP-PROCUREMENT_JustificationBook_Chemical_and_Biological_Defense_Program_PB_2014.zzz_unzipped-PROCUREMENT_JustificationBook_Chemical_and_Biological_Defense_Program_PB_2014.xml","97d306f3e37f2906a5001bc7c82dbaa23baf8de90825e377097cc280fffa115b","0-d39745ddb070c8dcef502604f134936a9d90848f961bdf30f78134464318b8e4","0-ddded01316cea95cc2e9b3b80e56832d894db123790e0ea8b9781afe8fef688a","root.record.ItemExhibitList.P5Item.CostElementCategoryList.Software.Recurring.CostElementList.CostElement.ManufacturerList.Manufacturer.HistoryPlanningList.HistoryPlanning"
"Marine Corps","1340","0","2014-BASE_PROCUREMENT-2014-DEFENSE_CBDP-PROCUREMENT_JustificationBook_Chemical_and_Biological_Defense_Program_PB_2014.zzz_unzipped-PROCUREMENT_JustificationBook_Chemical_and_Biological_Defense_Program_PB_2014.xml","97d306f3e37f2906a5001bc7c82dbaa23baf8de90825e377097cc280fffa115b","1-bd6f82b46a93bee3b3d98776f89643472075c0b9df36d08d72c6a4deed137aea","0-ddded01316cea95cc2e9b3b80e56832d894db123790e0ea8b9781afe8fef688a","root.record.ItemExhibitList.P5Item.CostElementCategoryList.Software.Recurring.CostElementList.CostElement.ManufacturerList.Manufacturer.HistoryPlanningList.HistoryPlanning"
"Navy","665","0","2014-BASE_PROCUREMENT-2014-DEFENSE_CBDP-PROCUREMENT_JustificationBook_Chemical_and_Biological_Defense_Program_PB_2014.zzz_unzipped-PROCUREMENT_JustificationBook_Chemical_and_Biological_Defense_Program_PB_2014.xml","97d306f3e37f2906a5001bc7c82dbaa23baf8de90825e377097cc280fffa115b","2-4e87abaf0f189f6991b8c8e7d71df5948f3a898d10ec306a4e08813c801613a6","0-ddded01316cea95cc2e9b3b80e56832d894db123790e0ea8b9781afe8fef688a","root.record.ItemExhibitList.P5Item.CostElementCategoryList.Software.Recurring.CostElementList.CostElement.ManufacturerList.Manufacturer.HistoryPlanningList.HistoryPlanning"
"Army","2495","0","2014-BASE_PROCUREMENT-2014-DEFENSE_CBDP-PROCUREMENT_JustificationBook_Chemical_and_Biological_Defense_Program_PB_2014.zzz_unzipped-PROCUREMENT_JustificationBook_Chemical_and_Biological_Defense_Program_PB_2014.xml","97d306f3e37f2906a5001bc7c82dbaa23baf8de90825e377097cc280fffa115b","0-230f84bc33ae640e9ddb50064ac7664cb0672e0433d1b4fa4614986101637ca5","1-719fe3d6336700bd0833e66a7ad041e64473d9bc30e5d8dc9d6245a08115afd0","root.record.ItemExhibitList.P5Item.CostElementCategoryList.Software.Recurring.CostElementList.CostElement.ManufacturerList.Manufacturer.HistoryPlanningList.HistoryPlanning"
"Marine Corps","1680","0","2014-BASE_PROCUREMENT-2014-DEFENSE_CBDP-PROCUREMENT_JustificationBook_Chemical_and_Biological_Defense_Program_PB_2014.zzz_unzipped-PROCUREMENT_JustificationBook_Chemical_and_Biological_Defense_Program_PB_2014.xml","97d306f3e37f2906a5001bc7c82dbaa23baf8de90825e377097cc280fffa115b","1-173eff720c94a0b94243fc4b1d13692c8534dd2a3340c12cfe211d1251d4931e","1-719fe3d6336700bd0833e66a7ad041e64473d9bc30e5d8dc9d6245a08115afd0","root.record.ItemExhibitList.P5Item.CostElementCategoryList.Software.Recurring.CostElementList.CostElement.ManufacturerList.Manufacturer.HistoryPlanningList.HistoryPlanning"
"Navy","825","0","2014-BASE_PROCUREMENT-2014-DEFENSE_CBDP-PROCUREMENT_JustificationBook_Chemical_and_Biological_Defense_Program_PB_2014.zzz_unzipped-PROCUREMENT_JustificationBook_Chemical_and_Biological_Defense_Program_PB_2014.xml","97d306f3e37f2906a5001bc7c82dbaa23baf8de90825e377097cc280fffa115b","2-74b90bd1dd08084c6d684c7df316abb8b88ac343df79fabdaeef95703a53d88e","1-719fe3d6336700bd0833e66a7ad041e64473d9bc30e5d8dc9d6245a08115afd0","root.record.ItemExhibitList.P5Item.CostElementCategoryList.Software.Recurring.CostElementList.CostElement.ManufacturerList.Manufacturer.HistoryPlanningList.HistoryPlanning"
"Army","2495","0","2014-BASE_PROCUREMENT-2014-DEFENSE_CBDP-PROCUREMENT_JustificationBook_Chemical_and_Biological_Defense_Program_PB_2014.zzz_unzipped-PROCUREMENT_JustificationBook_Chemical_and_Biological_Defense_Program_PB_2014.xml","97d306f3e37f2906a5001bc7c82dbaa23baf8de90825e377097cc280fffa115b","0-b2c1d640b4e3f7ff96c7ed73a6e7237db313b37512d96338a720bad30ca93061","2-c56822701df3188714723e6eec62c9959aba94737b785d2567ac87382f4a2e8d","root.record.ItemExhibitList.P5Item.CostElementCategoryList.Software.Recurring.CostElementList.CostElement.ManufacturerList.Manufacturer.HistoryPlanningList.HistoryPlanning"
"Marine Corps","1680","0","2014-BASE_PROCUREMENT-2014-DEFENSE_CBDP-PROCUREMENT_JustificationBook_Chemical_and_Biological_Defense_Program_PB_2014.zzz_unzipped-PROCUREMENT_JustificationBook_Chemical_and_Biological_Defense_Program_PB_2014.xml","97d306f3e37f2906a5001bc7c82dbaa23baf8de90825e377097cc280fffa115b","1-5043689c25ff313afbd3d9e67934ef6cc7305d66e9f4992bcab2c484b8128182","2-c56822701df3188714723e6eec62c9959aba94737b785d2567ac87382f4a2e8d","root.record.ItemExhibitList.P5Item.CostElementCategoryList.Software.Recurring.CostElementList.CostElement.ManufacturerList.Manufacturer.HistoryPlanningList.HistoryPlanning"
"Navy","825","0","2014-BASE_PROCUREMENT-2014-DEFENSE_CBDP-PROCUREMENT_JustificationBook_Chemical_and_Biological_Defense_Program_PB_2014.zzz_unzipped-PROCUREMENT_JustificationBook_Chemical_and_Biological_Defense_Program_PB_2014.xml","97d306f3e37f2906a5001bc7c82dbaa23baf8de90825e377097cc280fffa115b","2-f532a7803cd981e60e95ba1882461b19a524863cf1ddb2dfd0bbc33796edd93e","2-c56822701df3188714723e6eec62c9959aba94737b785d2567ac87382f4a2e8d","root.record.ItemExhibitList.P5Item.CostElementCategoryList.Software.Recurring.CostElementList.CostElement.ManufacturerList.Manufacturer.HistoryPlanningList.HistoryPlanning"
"Army","3485","0","2014-BASE_PROCUREMENT-2014-DEFENSE_CBDP-PROCUREMENT_JustificationBook_Chemical_and_Biological_Defense_Program_PB_2014.zzz_unzipped-PROCUREMENT_JustificationBook_Chemical_and_Biological_Defense_Program_PB_2014.xml","97d306f3e37f2906a5001bc7c82dbaa23baf8de90825e377097cc280fffa115b","0-d85429b1b2613c02bf2888a00f44d8e6f7cb29250829b497f66b286898361ee1","0-c14ffeb87e586811a4107d5943d26f3b26bfe9db23513ab7ebd2c715e39b3229","root.record.ItemExhibitList.P5Item.CostElementCategoryList.Software.Recurring.CostElementList.CostElement.ManufacturerList.Manufacturer.HistoryPlanningList.HistoryPlanning"
"Air Force","2869","0","2014-BASE_PROCUREMENT-2014-DEFENSE_CBDP-PROCUREMENT_JustificationBook_Chemical_and_Biological_Defense_Program_PB_2014.zzz_unzipped-PROCUREMENT_JustificationBook_Chemical_and_Biological_Defense_Program_PB_2014.xml","97d306f3e37f2906a5001bc7c82dbaa23baf8de90825e377097cc280fffa115b","1-5f613b40b42dfe08a6d9e517fb3cd338be789365a7d001fcde520873dc1d51ff","0-c14ffeb87e586811a4107d5943d26f3b26bfe9db23513ab7ebd2c715e39b3229","root.record.ItemExhibitList.P5Item.CostElementCategoryList.Software.Recurring.CostElementList.CostElement.ManufacturerList.Manufacturer.HistoryPlanningList.HistoryPlanning"
"Marine Corps","356","0","2014-BASE_PROCUREMENT-2014-DEFENSE_CBDP-PROCUREMENT_JustificationBook_Chemical_and_Biological_Defense_Program_PB_2014.zzz_unzipped-PROCUREMENT_JustificationBook_Chemical_and_Biological_Defense_Program_PB_2014.xml","97d306f3e37f2906a5001bc7c82dbaa23baf8de90825e377097cc280fffa115b","2-e277b5a3c20766239ce25fdaa91a3a53e88171f47f24b72cdcd54a2c230610c2","0-c14ffeb87e586811a4107d5943d26f3b26bfe9db23513ab7ebd2c715e39b3229","root.record.ItemExhibitList.P5Item.CostElementCategoryList.Software.Recurring.CostElementList.CostElement.ManufacturerList.Manufacturer.HistoryPlanningList.HistoryPlanning"
"Navy","254","0","2014-BASE_PROCUREMENT-2014-DEFENSE_CBDP-PROCUREMENT_JustificationBook_Chemical_and_Biological_Defense_Program_PB_2014.zzz_unzipped-PROCUREMENT_JustificationBook_Chemical_and_Biological_Defense_Program_PB_2014.xml","97d306f3e37f2906a5001bc7c82dbaa23baf8de90825e377097cc280fffa115b","3-9c6297902af38dcaf7f1f0e35c8b65aaf80eb524f842de97905915e31bb9e00a","0-c14ffeb87e586811a4107d5943d26f3b26bfe9db23513ab7ebd2c715e39b3229","root.record.ItemExhibitList.P5Item.CostElementCategoryList.Software.Recurring.CostElementList.CostElement.ManufacturerList.Manufacturer.HistoryPlanningList.HistoryPlanning"
"Army","1995","0","2014-BASE_PROCUREMENT-2014-DEFENSE_VOL1-PROCUREMENT_MasterJustificationBook_Defense-Wide_PB_2014.zzz_unzipped-PROCUREMENT_MasterJustificationBook_Defense-Wide_PB_2014.xml","2dc8b319e28774b8158e551f3de9ff70b9908792cce30b426a07033c4ab4c58f","0-9a81aac143271e97fe4f8fd1027aff67ddc8327f4d04586de73507e3c4d471ae","0-e3c81ed49da097c006b6d8870a1634c9f7c63034dcde9840660027fa3919fe6c","root.record.ItemExhibitList.P5Item.CostElementCategoryList.Software.Recurring.CostElementList.CostElement.ManufacturerList.Manufacturer.HistoryPlanningList.HistoryPlanning"
"Marine Corps","1340","0","2014-BASE_PROCUREMENT-2014-DEFENSE_VOL1-PROCUREMENT_MasterJustificationBook_Defense-Wide_PB_2014.zzz_unzipped-PROCUREMENT_MasterJustificationBook_Defense-Wide_PB_2014.xml","2dc8b319e28774b8158e551f3de9ff70b9908792cce30b426a07033c4ab4c58f","1-53f2e9cadffc1dbdea3ceb6344fdb2c73fe16aca5d6eb54e8f2a3ba6491b587f","0-e3c81ed49da097c006b6d8870a1634c9f7c63034dcde9840660027fa3919fe6c","root.record.ItemExhibitList.P5Item.CostElementCategoryList.Software.Recurring.CostElementList.CostElement.ManufacturerList.Manufacturer.HistoryPlanningList.HistoryPlanning"
"Navy","665","0","2014-BASE_PROCUREMENT-2014-DEFENSE_VOL1-PROCUREMENT_MasterJustificationBook_Defense-Wide_PB_2014.zzz_unzipped-PROCUREMENT_MasterJustificationBook_Defense-Wide_PB_2014.xml","2dc8b319e28774b8158e551f3de9ff70b9908792cce30b426a07033c4ab4c58f","2-a55c0c5ebd001dde46e53802a56c1a9e5319ba01fa3802f33cabc3e20f315fdd","0-e3c81ed49da097c006b6d8870a1634c9f7c63034dcde9840660027fa3919fe6c","root.record.ItemExhibitList.P5Item.CostElementCategoryList.Software.Recurring.CostElementList.CostElement.ManufacturerList.Manufacturer.HistoryPlanningList.HistoryPlanning"
"Army","2495","0","2014-BASE_PROCUREMENT-2014-DEFENSE_VOL1-PROCUREMENT_MasterJustificationBook_Defense-Wide_PB_2014.zzz_unzipped-PROCUREMENT_MasterJustificationBook_Defense-Wide_PB_2014.xml","2dc8b319e28774b8158e551f3de9ff70b9908792cce30b426a07033c4ab4c58f","0-703346f527649f6a42666011237d1a5ea3cacc4855ff16bcd694687fa7e29363","1-1d5b5cba22a15a097448dc310d4dfc3322e2b03a1ffe7d0ea46ef098d900cbcb","root.record.ItemExhibitList.P5Item.CostElementCategoryList.Software.Recurring.CostElementList.CostElement.ManufacturerList.Manufacturer.HistoryPlanningList.HistoryPlanning"
"Marine Corps","1680","0","2014-BASE_PROCUREMENT-2014-DEFENSE_VOL1-PROCUREMENT_MasterJustificationBook_Defense-Wide_PB_2014.zzz_unzipped-PROCUREMENT_MasterJustificationBook_Defense-Wide_PB_2014.xml","2dc8b319e28774b8158e551f3de9ff70b9908792cce30b426a07033c4ab4c58f","1-4b57e29800bd8ba8a9b25bea632eea56c83593db1dc0801569cf22ff30fa9d76","1-1d5b5cba22a15a097448dc310d4dfc3322e2b03a1ffe7d0ea46ef098d900cbcb","root.record.ItemExhibitList.P5Item.CostElementCategoryList.Software.Recurring.CostElementList.CostElement.ManufacturerList.Manufacturer.HistoryPlanningList.HistoryPlanning"
"Navy","825","0","2014-BASE_PROCUREMENT-2014-DEFENSE_VOL1-PROCUREMENT_MasterJustificationBook_Defense-Wide_PB_2014.zzz_unzipped-PROCUREMENT_MasterJustificationBook_Defense-Wide_PB_2014.xml","2dc8b319e28774b8158e551f3de9ff70b9908792cce30b426a07033c4ab4c58f","2-a2e598d0ac21c19a06d526fc274c4bfe68e826fbce315f95f6e1e0c73926402d","1-1d5b5cba22a15a097448dc310d4dfc3322e2b03a1ffe7d0ea46ef098d900cbcb","root.record.ItemExhibitList.P5Item.CostElementCategoryList.Software.Recurring.CostElementList.CostElement.ManufacturerList.Manufacturer.HistoryPlanningList.HistoryPlanning"
"Army","2495","0","2014-BASE_PROCUREMENT-2014-DEFENSE_VOL1-PROCUREMENT_MasterJustificationBook_Defense-Wide_PB_2014.zzz_unzipped-PROCUREMENT_MasterJustificationBook_Defense-Wide_PB_2014.xml","2dc8b319e28774b8158e551f3de9ff70b9908792cce30b426a07033c4ab4c58f","0-0cafcf5b9434acb8d7001d43a184357abe5203ba8716919d760266e4fb9ce76f","2-4bcf2d7e5a3b0c708e0642cdebec6815bab0e6bc9e2d8716b45f72d61aff2efb","root.record.ItemExhibitList.P5Item.CostElementCategoryList.Software.Recurring.CostElementList.CostElement.ManufacturerList.Manufacturer.HistoryPlanningList.HistoryPlanning"
"Marine Corps","1680","0","2014-BASE_PROCUREMENT-2014-DEFENSE_VOL1-PROCUREMENT_MasterJustificationBook_Defense-Wide_PB_2014.zzz_unzipped-PROCUREMENT_MasterJustificationBook_Defense-Wide_PB_2014.xml","2dc8b319e28774b8158e551f3de9ff70b9908792cce30b426a07033c4ab4c58f","1-ac5f0946f5166ede3e0c2f181e629a79af6e4e29a45b24775d1fd4fde167c2a5","2-4bcf2d7e5a3b0c708e0642cdebec6815bab0e6bc9e2d8716b45f72d61aff2efb","root.record.ItemExhibitList.P5Item.CostElementCategoryList.Software.Recurring.CostElementList.CostElement.ManufacturerList.Manufacturer.HistoryPlanningList.HistoryPlanning"
"Navy","825","0","2014-BASE_PROCUREMENT-2014-DEFENSE_VOL1-PROCUREMENT_MasterJustificationBook_Defense-Wide_PB_2014.zzz_unzipped-PROCUREMENT_MasterJustificationBook_Defense-Wide_PB_2014.xml","2dc8b319e28774b8158e551f3de9ff70b9908792cce30b426a07033c4ab4c58f","2-5ef8720a331d8f13ba1271a397c54c04b67afd12ef1aeaed71e1e45ec8b6a40c","2-4bcf2d7e5a3b0c708e0642cdebec6815bab0e6bc9e2d8716b45f72d61aff2efb","root.record.ItemExhibitList.P5Item.CostElementCategoryList.Software.Recurring.CostElementList.CostElement.ManufacturerList.Manufacturer.HistoryPlanningList.HistoryPlanning"
"Army","3485","0","2014-BASE_PROCUREMENT-2014-DEFENSE_VOL1-PROCUREMENT_MasterJustificationBook_Defense-Wide_PB_2014.zzz_unzipped-PROCUREMENT_MasterJustificationBook_Defense-Wide_PB_2014.xml","2dc8b319e28774b8158e551f3de9ff70b9908792cce30b426a07033c4ab4c58f","0-f888f94f876839b29efb6e914d4dd2ca9c356a80ea3c6a79f08bb6af64748bf8","0-7228b4c0ed9ac614e83971574ef4c939d04c8895dc149b09d658ba7e5af581b2","root.record.ItemExhibitList.P5Item.CostElementCategoryList.Software.Recurring.CostElementList.CostElement.ManufacturerList.Manufacturer.HistoryPlanningList.HistoryPlanning"
"Air Force","2869","0","2014-BASE_PROCUREMENT-2014-DEFENSE_VOL1-PROCUREMENT_MasterJustificationBook_Defense-Wide_PB_2014.zzz_unzipped-PROCUREMENT_MasterJustificationBook_Defense-Wide_PB_2014.xml","2dc8b319e28774b8158e551f3de9ff70b9908792cce30b426a07033c4ab4c58f","1-a0398cc4cb9a96a7e53cdca87b325014747e7e3fe07f2effb6fbfe2daedb2a83","0-7228b4c0ed9ac614e83971574ef4c939d04c8895dc149b09d658ba7e5af581b2","root.record.ItemExhibitList.P5Item.CostElementCategoryList.Software.Recurring.CostElementList.CostElement.ManufacturerList.Manufacturer.HistoryPlanningList.HistoryPlanning"
"Marine Corps","356","0","2014-BASE_PROCUREMENT-2014-DEFENSE_VOL1-PROCUREMENT_MasterJustificationBook_Defense-Wide_PB_2014.zzz_unzipped-PROCUREMENT_MasterJustificationBook_Defense-Wide_PB_2014.xml","2dc8b319e28774b8158e551f3de9ff70b9908792cce30b426a07033c4ab4c58f","2-a7d2db80d4760cceab676c41b7d652a17a657ecebcec80d2e93d8a48a87a17a5","0-7228b4c0ed9ac614e83971574ef4c939d04c8895dc149b09d658ba7e5af581b2","root.record.ItemExhibitList.P5Item.CostElementCategoryList.Software.Recurring.CostElementList.CostElement.ManufacturerList.Manufacturer.HistoryPlanningList.HistoryPlanning"
"Navy","254","0","2014-BASE_PROCUREMENT-2014-DEFENSE_VOL1-PROCUREMENT_MasterJustificationBook_Defense-Wide_PB_2014.zzz_unzipped-PROCUREMENT_MasterJustificationBook_Defense-Wide_PB_2014.xml","2dc8b319e28774b8158e551f3de9ff70b9908792cce30b426a07033c4ab4c58f","3-375ebda96309f249ee85652447abfabf48d52fc9ded58f3edea7b99d6453d7cf","0-7228b4c0ed9ac614e83971574ef4c939d04c8895dc149b09d658ba7e5af581b2","root.record.ItemExhibitList.P5Item.CostElementCategoryList.Software.Recurring.CostElementList.CostElement.ManufacturerList.Manufacturer.HistoryPlanningList.HistoryPlanning"
