FiscalYear_val,PCOLocation_val,AwardDate_val,FirstDeliveryDate_val,Quantity_val,UnitCost_val,SpecsAvailableNow_val,RFPIssueDate_val,ContractMethod_val,ContractType_val,@SOURCE_FILENAME,@RECORDID,@ROWID,ItemNameSuffix_val,OCO_val,@PARENTROWID,@PARENT
"2011","AFMC/AAC","2011-12","2013-04","195","0.039","true","2011-05","SS","FFP","2013-BASE_PROCUREMENT-2013-AIRFORCE_AMMUNITION-JustificationBook_Air_Force_PB_2013.zzz_unzipped-JustificationBook_Air_Force_PB_2013.xml","101c78e8b718e2eb490a6e9385e8f4fb9a2e42c27419ef92c73bc89bb4fcd89c","0-29d6efa881b3e908afacb98929a7e34d6a0b4405a2dec5b337dae9c6f128120c","","","1-cd97952794999c926bd2d32decd6948cedf6020b0ce04276151a934a9205d675","root.record.ItemExhibitList.P5Item.CostElementCategoryList.AncillaryEquipment.Recurring.CostElementList.CostElement"
"2012","AFMC/AAC","2012-08","2013-11","121","0.040","true","2012-01","SS","FFP","2013-BASE_PROCUREMENT-2013-AIRFORCE_AMMUNITION-JustificationBook_Air_Force_PB_2013.zzz_unzipped-JustificationBook_Air_Force_PB_2013.xml","101c78e8b718e2eb490a6e9385e8f4fb9a2e42c27419ef92c73bc89bb4fcd89c","1-8afa0b56ac15f3afbb11c80170c8830f4b21f41754589efad6ce675979561bf9","","","1-cd97952794999c926bd2d32decd6948cedf6020b0ce04276151a934a9205d675","root.record.ItemExhibitList.P5Item.CostElementCategoryList.AncillaryEquipment.Recurring.CostElementList.CostElement"
"2013","AFMC/AAC","2013-08","2014-11","116","0.040","true","2013-01","SS","FFP","2013-BASE_PROCUREMENT-2013-AIRFORCE_AMMUNITION-JustificationBook_Air_Force_PB_2013.zzz_unzipped-JustificationBook_Air_Force_PB_2013.xml","101c78e8b718e2eb490a6e9385e8f4fb9a2e42c27419ef92c73bc89bb4fcd89c","2-4424ac6b60364aeef945a6f7a5858c6714b79b80512596f4040c47344168f792","","","1-cd97952794999c926bd2d32decd6948cedf6020b0ce04276151a934a9205d675","root.record.ItemExhibitList.P5Item.CostElementCategoryList.AncillaryEquipment.Recurring.CostElementList.CostElement"
"2014","AFMC/AAC","2014-08","2015-11","147","0.041","true","2014-01","SS","FFP","2013-BASE_PROCUREMENT-2013-AIRFORCE_AMMUNITION-JustificationBook_Air_Force_PB_2013.zzz_unzipped-JustificationBook_Air_Force_PB_2013.xml","101c78e8b718e2eb490a6e9385e8f4fb9a2e42c27419ef92c73bc89bb4fcd89c","3-36b18599dbd05f4389e057b09fdc9218530657c5353fc0f651f3ad3f4aec5039","","","1-cd97952794999c926bd2d32decd6948cedf6020b0ce04276151a934a9205d675","root.record.ItemExhibitList.P5Item.CostElementCategoryList.AncillaryEquipment.Recurring.CostElementList.CostElement"
"2015","AFMC/AAC","2015-08","2016-11","146","0.042","true","2015-01","SS","FFP","2013-BASE_PROCUREMENT-2013-AIRFORCE_AMMUNITION-JustificationBook_Air_Force_PB_2013.zzz_unzipped-JustificationBook_Air_Force_PB_2013.xml","101c78e8b718e2eb490a6e9385e8f4fb9a2e42c27419ef92c73bc89bb4fcd89c","4-5af0b95c7a0148165bac57f28da791c654eb6e914afe3acebd57183c3508312d","","","1-cd97952794999c926bd2d32decd6948cedf6020b0ce04276151a934a9205d675","root.record.ItemExhibitList.P5Item.CostElementCategoryList.AncillaryEquipment.Recurring.CostElementList.CostElement"
"2016","AFMC/AAC","2016-08","2017-11","146","0.042","true","2016-01","SS","FFP","2013-BASE_PROCUREMENT-2013-AIRFORCE_AMMUNITION-JustificationBook_Air_Force_PB_2013.zzz_unzipped-JustificationBook_Air_Force_PB_2013.xml","101c78e8b718e2eb490a6e9385e8f4fb9a2e42c27419ef92c73bc89bb4fcd89c","5-a0cef2568a0ff8b4883f66c9a02f0f934a026e33b5210e7591711cb10927d3a5","","","1-cd97952794999c926bd2d32decd6948cedf6020b0ce04276151a934a9205d675","root.record.ItemExhibitList.P5Item.CostElementCategoryList.AncillaryEquipment.Recurring.CostElementList.CostElement"
"2017","AFMC/AAC","2017-08","2018-11","145","0.043","true","2017-01","SS","FFP","2013-BASE_PROCUREMENT-2013-AIRFORCE_AMMUNITION-JustificationBook_Air_Force_PB_2013.zzz_unzipped-JustificationBook_Air_Force_PB_2013.xml","101c78e8b718e2eb490a6e9385e8f4fb9a2e42c27419ef92c73bc89bb4fcd89c","6-4d70ecdf3cdcc21052d66437f24df9ebac8c0f1537f094361f2a8375e4e3a1ed","","","1-cd97952794999c926bd2d32decd6948cedf6020b0ce04276151a934a9205d675","root.record.ItemExhibitList.P5Item.CostElementCategoryList.AncillaryEquipment.Recurring.CostElementList.CostElement"
"2011","AFMC/AAC","2011-12","2013-04","195","0.039","true","2011-05","SS","FFP","2013-BASE_PROCUREMENT-2013-AIRFORCE_AMMUNITION-MasterJustificationBook_Air_Force_PB_2013.zzz_unzipped-MasterJustificationBook_Air_Force_PB_2013.xml","fb847c5d73ff209ee22672c491cfdc55c0254d39afb27400c3e8a3828a2ae363","0-09473b73c1135ee032b1202ca02d4184e62ccdbdc548d3ff4d5864596f4790a5","","","1-3ec849068d4cb27b9426a9da18858ef3f840190c39a214585cb4915cfcd7bd63","root.record.ItemExhibitList.P5Item.CostElementCategoryList.AncillaryEquipment.Recurring.CostElementList.CostElement"
"2012","AFMC/AAC","2012-08","2013-11","121","0.040","true","2012-01","SS","FFP","2013-BASE_PROCUREMENT-2013-AIRFORCE_AMMUNITION-MasterJustificationBook_Air_Force_PB_2013.zzz_unzipped-MasterJustificationBook_Air_Force_PB_2013.xml","fb847c5d73ff209ee22672c491cfdc55c0254d39afb27400c3e8a3828a2ae363","1-e8d2651e6269d5be8991468140907844b2f7ce48a65420671daf7127e56bf300","","","1-3ec849068d4cb27b9426a9da18858ef3f840190c39a214585cb4915cfcd7bd63","root.record.ItemExhibitList.P5Item.CostElementCategoryList.AncillaryEquipment.Recurring.CostElementList.CostElement"
"2013","AFMC/AAC","2013-08","2014-11","116","0.040","true","2013-01","SS","FFP","2013-BASE_PROCUREMENT-2013-AIRFORCE_AMMUNITION-MasterJustificationBook_Air_Force_PB_2013.zzz_unzipped-MasterJustificationBook_Air_Force_PB_2013.xml","fb847c5d73ff209ee22672c491cfdc55c0254d39afb27400c3e8a3828a2ae363","2-478ac027e3b79298b214972af2a34711189148d41832adffc897a4a0f289f5d4","","","1-3ec849068d4cb27b9426a9da18858ef3f840190c39a214585cb4915cfcd7bd63","root.record.ItemExhibitList.P5Item.CostElementCategoryList.AncillaryEquipment.Recurring.CostElementList.CostElement"
"2014","AFMC/AAC","2014-08","2015-11","147","0.041","true","2014-01","SS","FFP","2013-BASE_PROCUREMENT-2013-AIRFORCE_AMMUNITION-MasterJustificationBook_Air_Force_PB_2013.zzz_unzipped-MasterJustificationBook_Air_Force_PB_2013.xml","fb847c5d73ff209ee22672c491cfdc55c0254d39afb27400c3e8a3828a2ae363","3-4f27403f9a929a3578852e3ad4aca583fb0222473442373fcd4f0cffd0bc7d01","","","1-3ec849068d4cb27b9426a9da18858ef3f840190c39a214585cb4915cfcd7bd63","root.record.ItemExhibitList.P5Item.CostElementCategoryList.AncillaryEquipment.Recurring.CostElementList.CostElement"
"2015","AFMC/AAC","2015-08","2016-11","146","0.042","true","2015-01","SS","FFP","2013-BASE_PROCUREMENT-2013-AIRFORCE_AMMUNITION-MasterJustificationBook_Air_Force_PB_2013.zzz_unzipped-MasterJustificationBook_Air_Force_PB_2013.xml","fb847c5d73ff209ee22672c491cfdc55c0254d39afb27400c3e8a3828a2ae363","4-0442b3351bef81726c9555e48763e13d40f12e0362147e157702929f94b890c5","","","1-3ec849068d4cb27b9426a9da18858ef3f840190c39a214585cb4915cfcd7bd63","root.record.ItemExhibitList.P5Item.CostElementCategoryList.AncillaryEquipment.Recurring.CostElementList.CostElement"
"2016","AFMC/AAC","2016-08","2017-11","146","0.042","true","2016-01","SS","FFP","2013-BASE_PROCUREMENT-2013-AIRFORCE_AMMUNITION-MasterJustificationBook_Air_Force_PB_2013.zzz_unzipped-MasterJustificationBook_Air_Force_PB_2013.xml","fb847c5d73ff209ee22672c491cfdc55c0254d39afb27400c3e8a3828a2ae363","5-252a76fa345d1d49e7fc48f6b86058150f7288b0a077055dc5f5fe88ca6eeeda","","","1-3ec849068d4cb27b9426a9da18858ef3f840190c39a214585cb4915cfcd7bd63","root.record.ItemExhibitList.P5Item.CostElementCategoryList.AncillaryEquipment.Recurring.CostElementList.CostElement"
"2017","AFMC/AAC","2017-08","2018-11","145","0.043","true","2017-01","SS","FFP","2013-BASE_PROCUREMENT-2013-AIRFORCE_AMMUNITION-MasterJustificationBook_Air_Force_PB_2013.zzz_unzipped-MasterJustificationBook_Air_Force_PB_2013.xml","fb847c5d73ff209ee22672c491cfdc55c0254d39afb27400c3e8a3828a2ae363","6-4da2da99e81b00fea2487685697712ae62303692a78c5ef1b457a2cb8497b86d","","","1-3ec849068d4cb27b9426a9da18858ef3f840190c39a214585cb4915cfcd7bd63","root.record.ItemExhibitList.P5Item.CostElementCategoryList.AncillaryEquipment.Recurring.CostElementList.CostElement"
"2012","AFMC/AAC","2012-12","2014-02","153","0.031","true","2012-01","SS","FFP","2014-BASE_PROCUREMENT-2014-AIRFORCE_AMMUNITION-PROCUREMENT_JustificationBook_Air_Force_PB_2014.zzz_unzipped-PROCUREMENT_JustificationBook_Air_Force_PB_2014.xml","05febd9fd223dc1f11a80359dde784d02467edaef9d2080887a2e6f8da7ed3c9","0-616b9a538c1f42203cad79812cc0a9f4ced888f4749df806c602c1348bc07421","","","1-61a376d799543e0ead9e53911088d983c6eed4e54c43715561e9942b38d04fdc","root.record.ItemExhibitList.P5Item.CostElementCategoryList.AncillaryEquipment.Recurring.CostElementList.CostElement"
"2013","AFMC/AAC","2013-05","2014-07","123","0.040","true","2013-01","SS","FFP","2014-BASE_PROCUREMENT-2014-AIRFORCE_AMMUNITION-PROCUREMENT_JustificationBook_Air_Force_PB_2014.zzz_unzipped-PROCUREMENT_JustificationBook_Air_Force_PB_2014.xml","05febd9fd223dc1f11a80359dde784d02467edaef9d2080887a2e6f8da7ed3c9","1-9fbc9afcd47c32bac34a3e1bde6f95dacfb70cc8a79e5a8fed725aa5472a332e","","","1-61a376d799543e0ead9e53911088d983c6eed4e54c43715561e9942b38d04fdc","root.record.ItemExhibitList.P5Item.CostElementCategoryList.AncillaryEquipment.Recurring.CostElementList.CostElement"
"2014","AFMC/AAC","2014-05","2015-07","148","0.036","true","2014-01","SS","FFP","2014-BASE_PROCUREMENT-2014-AIRFORCE_AMMUNITION-PROCUREMENT_JustificationBook_Air_Force_PB_2014.zzz_unzipped-PROCUREMENT_JustificationBook_Air_Force_PB_2014.xml","05febd9fd223dc1f11a80359dde784d02467edaef9d2080887a2e6f8da7ed3c9","2-dcf88e14d31aede47add1886bc645c7512231a63b50db4c950dba442cdb1c60e","","","1-61a376d799543e0ead9e53911088d983c6eed4e54c43715561e9942b38d04fdc","root.record.ItemExhibitList.P5Item.CostElementCategoryList.AncillaryEquipment.Recurring.CostElementList.CostElement"
"2015","AFMC/AAC","2015-05","2016-07","150","0.037","true","2015-01","SS","FFP","2014-BASE_PROCUREMENT-2014-AIRFORCE_AMMUNITION-PROCUREMENT_JustificationBook_Air_Force_PB_2014.zzz_unzipped-PROCUREMENT_JustificationBook_Air_Force_PB_2014.xml","05febd9fd223dc1f11a80359dde784d02467edaef9d2080887a2e6f8da7ed3c9","3-4b91ccfe812bac9dccb269b8a594f29260dd92ec6b513a78c4465531463f8bc6","","","1-61a376d799543e0ead9e53911088d983c6eed4e54c43715561e9942b38d04fdc","root.record.ItemExhibitList.P5Item.CostElementCategoryList.AncillaryEquipment.Recurring.CostElementList.CostElement"
"2016","AFMC/AAC","2016-05","2017-07","150","0.038","true","2016-01","SS","FFP","2014-BASE_PROCUREMENT-2014-AIRFORCE_AMMUNITION-PROCUREMENT_JustificationBook_Air_Force_PB_2014.zzz_unzipped-PROCUREMENT_JustificationBook_Air_Force_PB_2014.xml","05febd9fd223dc1f11a80359dde784d02467edaef9d2080887a2e6f8da7ed3c9","4-53c57c45470d381e60eccffe3facdddab5ee6e2308d31af6fd93f3b71f2149ae","","","1-61a376d799543e0ead9e53911088d983c6eed4e54c43715561e9942b38d04fdc","root.record.ItemExhibitList.P5Item.CostElementCategoryList.AncillaryEquipment.Recurring.CostElementList.CostElement"
"2017","AFMC/AAC","2017-05","2018-07","130","0.038","true","2017-01","SS","FFP","2014-BASE_PROCUREMENT-2014-AIRFORCE_AMMUNITION-PROCUREMENT_JustificationBook_Air_Force_PB_2014.zzz_unzipped-PROCUREMENT_JustificationBook_Air_Force_PB_2014.xml","05febd9fd223dc1f11a80359dde784d02467edaef9d2080887a2e6f8da7ed3c9","5-a96367b58e094eca6988914727262d2cc4b695dee7bb4df98a62a806886b4c2c","","","1-61a376d799543e0ead9e53911088d983c6eed4e54c43715561e9942b38d04fdc","root.record.ItemExhibitList.P5Item.CostElementCategoryList.AncillaryEquipment.Recurring.CostElementList.CostElement"
"2018","AFMC/AAC","2018-05","2019-07","112","0.039","true","2018-01","SS","FFP","2014-BASE_PROCUREMENT-2014-AIRFORCE_AMMUNITION-PROCUREMENT_JustificationBook_Air_Force_PB_2014.zzz_unzipped-PROCUREMENT_JustificationBook_Air_Force_PB_2014.xml","05febd9fd223dc1f11a80359dde784d02467edaef9d2080887a2e6f8da7ed3c9","6-cd964cf9e5ae9e2597b18846750032b0e3f288d8e1a755d42d389d44dd9700a9","","","1-61a376d799543e0ead9e53911088d983c6eed4e54c43715561e9942b38d04fdc","root.record.ItemExhibitList.P5Item.CostElementCategoryList.AncillaryEquipment.Recurring.CostElementList.CostElement"
"2012","AFMC/AAC","2012-12","2014-02","153","0.031","true","2012-01","SS","FFP","2014-BASE_PROCUREMENT-2014-AIRFORCE_AMMUNITION-PROCUREMENT_MasterJustificationBook_Air_Force_PB_2014.zzz_unzipped-PROCUREMENT_MasterJustificationBook_Air_Force_PB_2014.xml","d3d63be9c5c5e719591bcda3447f416bb3b81071cb651f930686a4336f54c10b","0-6f3a6ac5d5e8b14a14dfea1c744b16a843aaf0c5a1555408d0d0a134209232ae","","","1-d14c929ca7e2bfe7daae32b91bc668802715398a53c7882b02161ac36655736e","root.record.ItemExhibitList.P5Item.CostElementCategoryList.AncillaryEquipment.Recurring.CostElementList.CostElement"
"2013","AFMC/AAC","2013-05","2014-07","123","0.040","true","2013-01","SS","FFP","2014-BASE_PROCUREMENT-2014-AIRFORCE_AMMUNITION-PROCUREMENT_MasterJustificationBook_Air_Force_PB_2014.zzz_unzipped-PROCUREMENT_MasterJustificationBook_Air_Force_PB_2014.xml","d3d63be9c5c5e719591bcda3447f416bb3b81071cb651f930686a4336f54c10b","1-50d3f1db845a3148db71c4a12af860a6e626df932d70c9946d83138d481ff07d","","","1-d14c929ca7e2bfe7daae32b91bc668802715398a53c7882b02161ac36655736e","root.record.ItemExhibitList.P5Item.CostElementCategoryList.AncillaryEquipment.Recurring.CostElementList.CostElement"
"2014","AFMC/AAC","2014-05","2015-07","148","0.036","true","2014-01","SS","FFP","2014-BASE_PROCUREMENT-2014-AIRFORCE_AMMUNITION-PROCUREMENT_MasterJustificationBook_Air_Force_PB_2014.zzz_unzipped-PROCUREMENT_MasterJustificationBook_Air_Force_PB_2014.xml","d3d63be9c5c5e719591bcda3447f416bb3b81071cb651f930686a4336f54c10b","2-a78c20d47f672ef4478a8d21e1e34e896aee7361a2df2228f009ce2cf7d2086b","","","1-d14c929ca7e2bfe7daae32b91bc668802715398a53c7882b02161ac36655736e","root.record.ItemExhibitList.P5Item.CostElementCategoryList.AncillaryEquipment.Recurring.CostElementList.CostElement"
"2015","AFMC/AAC","2015-05","2016-07","150","0.037","true","2015-01","SS","FFP","2014-BASE_PROCUREMENT-2014-AIRFORCE_AMMUNITION-PROCUREMENT_MasterJustificationBook_Air_Force_PB_2014.zzz_unzipped-PROCUREMENT_MasterJustificationBook_Air_Force_PB_2014.xml","d3d63be9c5c5e719591bcda3447f416bb3b81071cb651f930686a4336f54c10b","3-a214050f74b7093054895cd16bfdeadd10a3f9ca9a9c2b647862038a43db34ca","","","1-d14c929ca7e2bfe7daae32b91bc668802715398a53c7882b02161ac36655736e","root.record.ItemExhibitList.P5Item.CostElementCategoryList.AncillaryEquipment.Recurring.CostElementList.CostElement"
"2016","AFMC/AAC","2016-05","2017-07","150","0.038","true","2016-01","SS","FFP","2014-BASE_PROCUREMENT-2014-AIRFORCE_AMMUNITION-PROCUREMENT_MasterJustificationBook_Air_Force_PB_2014.zzz_unzipped-PROCUREMENT_MasterJustificationBook_Air_Force_PB_2014.xml","d3d63be9c5c5e719591bcda3447f416bb3b81071cb651f930686a4336f54c10b","4-59c5289b3a70d9df5f7e445a8d2b2ffcd2ddda38965ae5f554e375475db72603","","","1-d14c929ca7e2bfe7daae32b91bc668802715398a53c7882b02161ac36655736e","root.record.ItemExhibitList.P5Item.CostElementCategoryList.AncillaryEquipment.Recurring.CostElementList.CostElement"
"2017","AFMC/AAC","2017-05","2018-07","130","0.038","true","2017-01","SS","FFP","2014-BASE_PROCUREMENT-2014-AIRFORCE_AMMUNITION-PROCUREMENT_MasterJustificationBook_Air_Force_PB_2014.zzz_unzipped-PROCUREMENT_MasterJustificationBook_Air_Force_PB_2014.xml","d3d63be9c5c5e719591bcda3447f416bb3b81071cb651f930686a4336f54c10b","5-98c94615a145f3e224d70e1dad84d0b7fe41ff5b90b73dfe81d11983cc77788a","","","1-d14c929ca7e2bfe7daae32b91bc668802715398a53c7882b02161ac36655736e","root.record.ItemExhibitList.P5Item.CostElementCategoryList.AncillaryEquipment.Recurring.CostElementList.CostElement"
"2018","AFMC/AAC","2018-05","2019-07","112","0.039","true","2018-01","SS","FFP","2014-BASE_PROCUREMENT-2014-AIRFORCE_AMMUNITION-PROCUREMENT_MasterJustificationBook_Air_Force_PB_2014.zzz_unzipped-PROCUREMENT_MasterJustificationBook_Air_Force_PB_2014.xml","d3d63be9c5c5e719591bcda3447f416bb3b81071cb651f930686a4336f54c10b","6-cdbfe4ad1b29827600d125632cd07426c100e5e101c99167517244f4247e1606","","","1-d14c929ca7e2bfe7daae32b91bc668802715398a53c7882b02161ac36655736e","root.record.ItemExhibitList.P5Item.CostElementCategoryList.AncillaryEquipment.Recurring.CostElementList.CostElement"
"2012","AFMC/AAC","2012-12","2014-02","153","0.031","true","2012-01","SS","FFP","2014-AMENDED_PROCUREMENT_AND_RDTE-2014-AIRFORCE_AMMO-PROCUREMENT_JustificationBook_Air_Force_PBAmended_2014.zzz_unzipped-PROCUREMENT_JustificationBook_Air_Force_PBAmended_2014.xml","b5d40cd233de64231545e67fe364fbbc249db0c95ca4e5837fddfdfe82c10532","0-58a3faf034a2057d990fb3db0ed67838614156efa0891f1798c95e8c1ec2bc52","","","1-e515ece417f62f93846be457f59b4ad0de2819906a20d6eb2eeb48d49b7f29f4","root.record.ItemExhibitList.P5Item.CostElementCategoryList.AncillaryEquipment.Recurring.CostElementList.CostElement"
"2013","AFMC/AAC","2013-05","2014-07","123","0.040","true","2013-01","SS","FFP","2014-AMENDED_PROCUREMENT_AND_RDTE-2014-AIRFORCE_AMMO-PROCUREMENT_JustificationBook_Air_Force_PBAmended_2014.zzz_unzipped-PROCUREMENT_JustificationBook_Air_Force_PBAmended_2014.xml","b5d40cd233de64231545e67fe364fbbc249db0c95ca4e5837fddfdfe82c10532","1-a5b2899dad3fe37acd4d4f0a07b035daec5f60a366439b831b038adbdf7c432e","","","1-e515ece417f62f93846be457f59b4ad0de2819906a20d6eb2eeb48d49b7f29f4","root.record.ItemExhibitList.P5Item.CostElementCategoryList.AncillaryEquipment.Recurring.CostElementList.CostElement"
"2014","AFMC/AAC","2014-05","2015-07","148","0.036","true","2014-01","SS","FFP","2014-AMENDED_PROCUREMENT_AND_RDTE-2014-AIRFORCE_AMMO-PROCUREMENT_JustificationBook_Air_Force_PBAmended_2014.zzz_unzipped-PROCUREMENT_JustificationBook_Air_Force_PBAmended_2014.xml","b5d40cd233de64231545e67fe364fbbc249db0c95ca4e5837fddfdfe82c10532","2-715f9d5a53230f3cec2250cb29a3dc49ace20c537e6fa3017069ce088c30d3c5","","","1-e515ece417f62f93846be457f59b4ad0de2819906a20d6eb2eeb48d49b7f29f4","root.record.ItemExhibitList.P5Item.CostElementCategoryList.AncillaryEquipment.Recurring.CostElementList.CostElement"
"2015","AFMC/AAC","2015-05","2016-07","150","0.037","true","2015-01","SS","FFP","2014-AMENDED_PROCUREMENT_AND_RDTE-2014-AIRFORCE_AMMO-PROCUREMENT_JustificationBook_Air_Force_PBAmended_2014.zzz_unzipped-PROCUREMENT_JustificationBook_Air_Force_PBAmended_2014.xml","b5d40cd233de64231545e67fe364fbbc249db0c95ca4e5837fddfdfe82c10532","3-abace3f3b3e5aa1428221992a3dd1c9d83aae3f8fe76c53c26fc67e7d581a0a8","","","1-e515ece417f62f93846be457f59b4ad0de2819906a20d6eb2eeb48d49b7f29f4","root.record.ItemExhibitList.P5Item.CostElementCategoryList.AncillaryEquipment.Recurring.CostElementList.CostElement"
"2016","AFMC/AAC","2016-05","2017-07","150","0.038","true","2016-01","SS","FFP","2014-AMENDED_PROCUREMENT_AND_RDTE-2014-AIRFORCE_AMMO-PROCUREMENT_JustificationBook_Air_Force_PBAmended_2014.zzz_unzipped-PROCUREMENT_JustificationBook_Air_Force_PBAmended_2014.xml","b5d40cd233de64231545e67fe364fbbc249db0c95ca4e5837fddfdfe82c10532","4-57749dbefe3afc0ba8957b9cfe378f877196c199783105435aa5b14367b2d302","","","1-e515ece417f62f93846be457f59b4ad0de2819906a20d6eb2eeb48d49b7f29f4","root.record.ItemExhibitList.P5Item.CostElementCategoryList.AncillaryEquipment.Recurring.CostElementList.CostElement"
"2017","AFMC/AAC","2017-05","2018-07","130","0.038","true","2017-01","SS","FFP","2014-AMENDED_PROCUREMENT_AND_RDTE-2014-AIRFORCE_AMMO-PROCUREMENT_JustificationBook_Air_Force_PBAmended_2014.zzz_unzipped-PROCUREMENT_JustificationBook_Air_Force_PBAmended_2014.xml","b5d40cd233de64231545e67fe364fbbc249db0c95ca4e5837fddfdfe82c10532","5-66dcb24c50c786a8aba3205d0de3bc2e0758984601e9c74a24de88c913250618","","","1-e515ece417f62f93846be457f59b4ad0de2819906a20d6eb2eeb48d49b7f29f4","root.record.ItemExhibitList.P5Item.CostElementCategoryList.AncillaryEquipment.Recurring.CostElementList.CostElement"
"2018","AFMC/AAC","2018-05","2019-07","112","0.039","true","2018-01","SS","FFP","2014-AMENDED_PROCUREMENT_AND_RDTE-2014-AIRFORCE_AMMO-PROCUREMENT_JustificationBook_Air_Force_PBAmended_2014.zzz_unzipped-PROCUREMENT_JustificationBook_Air_Force_PBAmended_2014.xml","b5d40cd233de64231545e67fe364fbbc249db0c95ca4e5837fddfdfe82c10532","6-83d8e6a3e84687afbef7d0ffce64be3530ea653bbbe7c26f7b6ac58ba2773556","","","1-e515ece417f62f93846be457f59b4ad0de2819906a20d6eb2eeb48d49b7f29f4","root.record.ItemExhibitList.P5Item.CostElementCategoryList.AncillaryEquipment.Recurring.CostElementList.CostElement"
"2012","AFMC/AAC","2012-12","2014-02","153","0.031","true","2012-01","SS","FFP","2014-AMENDED_PROCUREMENT_AND_RDTE-2014-AIRFORCE_AMMO-PROCUREMENT_MasterJustificationBook_Air_Force_PBAmended_2014.zzz_unzipped-PROCUREMENT_MasterJustificationBook_Air_Force_PBAmended_2014.xml","7d938e4bebe0116d387e87da841f248e2a796a3e07f06980627bf00afbe6b4f4","0-1a842b85cf9de5abd3b13a9dc0044cacc8de6c33204bc99f72b121ac7b26e901","","","1-89bb7621a780fd76154731b608d72e9278bbc542ebe66de904b35be19bdf6699","root.record.ItemExhibitList.P5Item.CostElementCategoryList.AncillaryEquipment.Recurring.CostElementList.CostElement"
"2013","AFMC/AAC","2013-05","2014-07","123","0.040","true","2013-01","SS","FFP","2014-AMENDED_PROCUREMENT_AND_RDTE-2014-AIRFORCE_AMMO-PROCUREMENT_MasterJustificationBook_Air_Force_PBAmended_2014.zzz_unzipped-PROCUREMENT_MasterJustificationBook_Air_Force_PBAmended_2014.xml","7d938e4bebe0116d387e87da841f248e2a796a3e07f06980627bf00afbe6b4f4","1-b4fee702107c56fc47d7c00f8a582d395b1be33ea9800c60470046c4983141cf","","","1-89bb7621a780fd76154731b608d72e9278bbc542ebe66de904b35be19bdf6699","root.record.ItemExhibitList.P5Item.CostElementCategoryList.AncillaryEquipment.Recurring.CostElementList.CostElement"
"2014","AFMC/AAC","2014-05","2015-07","148","0.036","true","2014-01","SS","FFP","2014-AMENDED_PROCUREMENT_AND_RDTE-2014-AIRFORCE_AMMO-PROCUREMENT_MasterJustificationBook_Air_Force_PBAmended_2014.zzz_unzipped-PROCUREMENT_MasterJustificationBook_Air_Force_PBAmended_2014.xml","7d938e4bebe0116d387e87da841f248e2a796a3e07f06980627bf00afbe6b4f4","2-d02471dc4ad79543f4cf8da423201c1d124167dc3468fb0777d713fc616c28fe","","","1-89bb7621a780fd76154731b608d72e9278bbc542ebe66de904b35be19bdf6699","root.record.ItemExhibitList.P5Item.CostElementCategoryList.AncillaryEquipment.Recurring.CostElementList.CostElement"
"2015","AFMC/AAC","2015-05","2016-07","150","0.037","true","2015-01","SS","FFP","2014-AMENDED_PROCUREMENT_AND_RDTE-2014-AIRFORCE_AMMO-PROCUREMENT_MasterJustificationBook_Air_Force_PBAmended_2014.zzz_unzipped-PROCUREMENT_MasterJustificationBook_Air_Force_PBAmended_2014.xml","7d938e4bebe0116d387e87da841f248e2a796a3e07f06980627bf00afbe6b4f4","3-776afd2ffea0478ab3156a870bea3395639b08f77ca50c2b0aefc3456dcbc9c9","","","1-89bb7621a780fd76154731b608d72e9278bbc542ebe66de904b35be19bdf6699","root.record.ItemExhibitList.P5Item.CostElementCategoryList.AncillaryEquipment.Recurring.CostElementList.CostElement"
"2016","AFMC/AAC","2016-05","2017-07","150","0.038","true","2016-01","SS","FFP","2014-AMENDED_PROCUREMENT_AND_RDTE-2014-AIRFORCE_AMMO-PROCUREMENT_MasterJustificationBook_Air_Force_PBAmended_2014.zzz_unzipped-PROCUREMENT_MasterJustificationBook_Air_Force_PBAmended_2014.xml","7d938e4bebe0116d387e87da841f248e2a796a3e07f06980627bf00afbe6b4f4","4-a46f205113838ccc7c6bd320764c408f5938ca08669e55a164864b104ce5ed67","","","1-89bb7621a780fd76154731b608d72e9278bbc542ebe66de904b35be19bdf6699","root.record.ItemExhibitList.P5Item.CostElementCategoryList.AncillaryEquipment.Recurring.CostElementList.CostElement"
"2017","AFMC/AAC","2017-05","2018-07","130","0.038","true","2017-01","SS","FFP","2014-AMENDED_PROCUREMENT_AND_RDTE-2014-AIRFORCE_AMMO-PROCUREMENT_MasterJustificationBook_Air_Force_PBAmended_2014.zzz_unzipped-PROCUREMENT_MasterJustificationBook_Air_Force_PBAmended_2014.xml","7d938e4bebe0116d387e87da841f248e2a796a3e07f06980627bf00afbe6b4f4","5-a731300dfbf26c5be20e6823f9653ec50d207b4a56cfa410179e663350bf1a51","","","1-89bb7621a780fd76154731b608d72e9278bbc542ebe66de904b35be19bdf6699","root.record.ItemExhibitList.P5Item.CostElementCategoryList.AncillaryEquipment.Recurring.CostElementList.CostElement"
"2018","AFMC/AAC","2018-05","2019-07","112","0.039","true","2018-01","SS","FFP","2014-AMENDED_PROCUREMENT_AND_RDTE-2014-AIRFORCE_AMMO-PROCUREMENT_MasterJustificationBook_Air_Force_PBAmended_2014.zzz_unzipped-PROCUREMENT_MasterJustificationBook_Air_Force_PBAmended_2014.xml","7d938e4bebe0116d387e87da841f248e2a796a3e07f06980627bf00afbe6b4f4","6-f5cb0dbadf3f65a53a68d77cddbdf41153ebebd68b213a1c0c324943a515936c","","","1-89bb7621a780fd76154731b608d72e9278bbc542ebe66de904b35be19bdf6699","root.record.ItemExhibitList.P5Item.CostElementCategoryList.AncillaryEquipment.Recurring.CostElementList.CostElement"
"2013","AFMC/AAC","2013-05","2014-07","100","0.035","true","2013-01","SS","FFP","2015-BASE_PROCUREMENT-2015-AIRFORCE_AMMUNITION-PROCUREMENT_JustificationBook_Air_Force_PB_2015.zzz_unzipped-PROCUREMENT_JustificationBook_Air_Force_PB_2015.xml","33b5cea1fb235d4089de81a288121044165990e1922943a27750f1b6724988c5","0-3abd3f0c6256cdaa53c13b55772f957ef33a28211d4db14c3a33bf3f7257b820","","","1-18ec85092b19f030190105db4a894bd5ec54a15c9c56d09246c50d1140964c34","root.record.ItemExhibitList.P5Item.CostElementCategoryList.AncillaryEquipment.Recurring.CostElementList.CostElement"
"2015","AFMC/AAC","2015-05","2016-07","150","0.037","true","2015-01","SS","FFP","2015-BASE_PROCUREMENT-2015-AIRFORCE_AMMUNITION-PROCUREMENT_JustificationBook_Air_Force_PB_2015.zzz_unzipped-PROCUREMENT_JustificationBook_Air_Force_PB_2015.xml","33b5cea1fb235d4089de81a288121044165990e1922943a27750f1b6724988c5","1-0319d24caf235f4ab5cc81799e00faf47e9c60a8f1c3554796a274496e3b9a4d","","","1-18ec85092b19f030190105db4a894bd5ec54a15c9c56d09246c50d1140964c34","root.record.ItemExhibitList.P5Item.CostElementCategoryList.AncillaryEquipment.Recurring.CostElementList.CostElement"
"2016","AFMC/AAC","2016-05","2017-07","150","0.038","true","2016-01","SS","FFP","2015-BASE_PROCUREMENT-2015-AIRFORCE_AMMUNITION-PROCUREMENT_JustificationBook_Air_Force_PB_2015.zzz_unzipped-PROCUREMENT_JustificationBook_Air_Force_PB_2015.xml","33b5cea1fb235d4089de81a288121044165990e1922943a27750f1b6724988c5","2-f46b4a384a592f56ea81b61f7f953deca4750dadde711194cf6d86ec548860b6","","","1-18ec85092b19f030190105db4a894bd5ec54a15c9c56d09246c50d1140964c34","root.record.ItemExhibitList.P5Item.CostElementCategoryList.AncillaryEquipment.Recurring.CostElementList.CostElement"
"2017","AFMC/AAC","2017-05","2018-07","130","0.039","true","2017-01","SS","FFP","2015-BASE_PROCUREMENT-2015-AIRFORCE_AMMUNITION-PROCUREMENT_JustificationBook_Air_Force_PB_2015.zzz_unzipped-PROCUREMENT_JustificationBook_Air_Force_PB_2015.xml","33b5cea1fb235d4089de81a288121044165990e1922943a27750f1b6724988c5","3-6cc7503878b150eac42ad22bda49bbacc8566373d581dec436e45f2683cdd5d2","","","1-18ec85092b19f030190105db4a894bd5ec54a15c9c56d09246c50d1140964c34","root.record.ItemExhibitList.P5Item.CostElementCategoryList.AncillaryEquipment.Recurring.CostElementList.CostElement"
"2018","AFMC/AAC","2018-05","2019-07","112","0.039","true","2018-01","SS","FFP","2015-BASE_PROCUREMENT-2015-AIRFORCE_AMMUNITION-PROCUREMENT_JustificationBook_Air_Force_PB_2015.zzz_unzipped-PROCUREMENT_JustificationBook_Air_Force_PB_2015.xml","33b5cea1fb235d4089de81a288121044165990e1922943a27750f1b6724988c5","4-af7d9d6275f0df72dacda4f4a222e72da6a3e988646ad72b184563288c12a76b","","","1-18ec85092b19f030190105db4a894bd5ec54a15c9c56d09246c50d1140964c34","root.record.ItemExhibitList.P5Item.CostElementCategoryList.AncillaryEquipment.Recurring.CostElementList.CostElement"
"2019","AFMC/AAC","2019-05","2020-07","112","0.040","true","2019-01","SS","FFP","2015-BASE_PROCUREMENT-2015-AIRFORCE_AMMUNITION-PROCUREMENT_JustificationBook_Air_Force_PB_2015.zzz_unzipped-PROCUREMENT_JustificationBook_Air_Force_PB_2015.xml","33b5cea1fb235d4089de81a288121044165990e1922943a27750f1b6724988c5","5-76fe2359b608a040ca7d3a03e32bc24378179ed4f5961ebe7c7914dbb319c7c8","","","1-18ec85092b19f030190105db4a894bd5ec54a15c9c56d09246c50d1140964c34","root.record.ItemExhibitList.P5Item.CostElementCategoryList.AncillaryEquipment.Recurring.CostElementList.CostElement"
"2013","AFMC/AAC","2013-05","2014-07","100","0.035","true","2013-01","SS","FFP","2015-BASE_PROCUREMENT-2015-AIRFORCE_AMMUNITION-PROCUREMENT_MasterJustificationBook_Air_Force_PB_2015.zzz_unzipped-PROCUREMENT_MasterJustificationBook_Air_Force_PB_2015.xml","c0e2bedccbbf63fd4c05d9426033baf39171382e7134dc3349216570b33b556e","0-c5a827f8210380e121c528b18c0f761adf0096f43bbde7f3cd8b9d803b70c53d","","","1-daed088809898bbd329237f4833e69ea62582adae13f6ccc941055d474405aae","root.record.ItemExhibitList.P5Item.CostElementCategoryList.AncillaryEquipment.Recurring.CostElementList.CostElement"
"2015","AFMC/AAC","2015-05","2016-07","150","0.037","true","2015-01","SS","FFP","2015-BASE_PROCUREMENT-2015-AIRFORCE_AMMUNITION-PROCUREMENT_MasterJustificationBook_Air_Force_PB_2015.zzz_unzipped-PROCUREMENT_MasterJustificationBook_Air_Force_PB_2015.xml","c0e2bedccbbf63fd4c05d9426033baf39171382e7134dc3349216570b33b556e","1-6e57f7579ea3730c37df423a41af389ded2a9142c418318dfc9989ea0c0e4f0f","","","1-daed088809898bbd329237f4833e69ea62582adae13f6ccc941055d474405aae","root.record.ItemExhibitList.P5Item.CostElementCategoryList.AncillaryEquipment.Recurring.CostElementList.CostElement"
"2016","AFMC/AAC","2016-05","2017-07","150","0.038","true","2016-01","SS","FFP","2015-BASE_PROCUREMENT-2015-AIRFORCE_AMMUNITION-PROCUREMENT_MasterJustificationBook_Air_Force_PB_2015.zzz_unzipped-PROCUREMENT_MasterJustificationBook_Air_Force_PB_2015.xml","c0e2bedccbbf63fd4c05d9426033baf39171382e7134dc3349216570b33b556e","2-7b2f4c47118d054d69bf3f5d6062efa90323a9aa2658e08ed93992404957c415","","","1-daed088809898bbd329237f4833e69ea62582adae13f6ccc941055d474405aae","root.record.ItemExhibitList.P5Item.CostElementCategoryList.AncillaryEquipment.Recurring.CostElementList.CostElement"
"2017","AFMC/AAC","2017-05","2018-07","130","0.039","true","2017-01","SS","FFP","2015-BASE_PROCUREMENT-2015-AIRFORCE_AMMUNITION-PROCUREMENT_MasterJustificationBook_Air_Force_PB_2015.zzz_unzipped-PROCUREMENT_MasterJustificationBook_Air_Force_PB_2015.xml","c0e2bedccbbf63fd4c05d9426033baf39171382e7134dc3349216570b33b556e","3-795cd530ce8a09b9057b304588150a67533b39c8574ba080abb81cc95b0c0ebd","","","1-daed088809898bbd329237f4833e69ea62582adae13f6ccc941055d474405aae","root.record.ItemExhibitList.P5Item.CostElementCategoryList.AncillaryEquipment.Recurring.CostElementList.CostElement"
"2018","AFMC/AAC","2018-05","2019-07","112","0.039","true","2018-01","SS","FFP","2015-BASE_PROCUREMENT-2015-AIRFORCE_AMMUNITION-PROCUREMENT_MasterJustificationBook_Air_Force_PB_2015.zzz_unzipped-PROCUREMENT_MasterJustificationBook_Air_Force_PB_2015.xml","c0e2bedccbbf63fd4c05d9426033baf39171382e7134dc3349216570b33b556e","4-e1e9317cec02d704bdc9b136cfccb7781a08ee8773320fafec1d2ea34970edfd","","","1-daed088809898bbd329237f4833e69ea62582adae13f6ccc941055d474405aae","root.record.ItemExhibitList.P5Item.CostElementCategoryList.AncillaryEquipment.Recurring.CostElementList.CostElement"
"2019","AFMC/AAC","2019-05","2020-07","112","0.040","true","2019-01","SS","FFP","2015-BASE_PROCUREMENT-2015-AIRFORCE_AMMUNITION-PROCUREMENT_MasterJustificationBook_Air_Force_PB_2015.zzz_unzipped-PROCUREMENT_MasterJustificationBook_Air_Force_PB_2015.xml","c0e2bedccbbf63fd4c05d9426033baf39171382e7134dc3349216570b33b556e","5-4d96e1158fa3652f299f217273c16a59fa761a4ee9c7ca1d2bdc60bd0a982273","","","1-daed088809898bbd329237f4833e69ea62582adae13f6ccc941055d474405aae","root.record.ItemExhibitList.P5Item.CostElementCategoryList.AncillaryEquipment.Recurring.CostElementList.CostElement"
"2016","AFMC/AAC","2016-05","2017-07","150","0.049","true","2015-01","SS","FFP","2016-BASE_PROCUREMENT-2016-AIRFORCE_AMMUNITION-PROCUREMENT_JustificationBook_Air_Force_PB_2016.zzz_unzipped-PROCUREMENT_JustificationBook_Air_Force_PB_2016.xml","bdee042a721677e3e5e70e5f3618256806e0932795811c6de8d026b41ec3c764","0-243e46145a1b44a1eb18e3b6444b7be82a6ab61aad164cbd5e2d7b3ee15cca7a","May 2016","","1-80b2045ccc6240f87798be3d36204927bf223b337fda5014a813e08a1dffbd73","root.record.ItemExhibitList.P5Item.CostElementCategoryList.AncillaryEquipment.Recurring.CostElementList.CostElement"
"2016","AFMC/AAC","2016-05","2017-07","75","0.048","true","","SS","FFP","2016-BASE_PROCUREMENT-2016-AIRFORCE_AMMUNITION-PROCUREMENT_JustificationBook_Air_Force_PB_2016.zzz_unzipped-PROCUREMENT_JustificationBook_Air_Force_PB_2016.xml","bdee042a721677e3e5e70e5f3618256806e0932795811c6de8d026b41ec3c764","1-5b790a601ae6c92f5904d1f3351d812f22e343171fb1e2a5a48dce3e981a5729","May 2016","true","1-80b2045ccc6240f87798be3d36204927bf223b337fda5014a813e08a1dffbd73","root.record.ItemExhibitList.P5Item.CostElementCategoryList.AncillaryEquipment.Recurring.CostElementList.CostElement"
"2017","AFMC/AAC","2017-05","2018-07","108","0.040","true","2015-01","SS","FFP","2016-BASE_PROCUREMENT-2016-AIRFORCE_AMMUNITION-PROCUREMENT_JustificationBook_Air_Force_PB_2016.zzz_unzipped-PROCUREMENT_JustificationBook_Air_Force_PB_2016.xml","bdee042a721677e3e5e70e5f3618256806e0932795811c6de8d026b41ec3c764","2-cd048c108c49b38a2cca54637f223edc1090c60ccb9ff15cf665923d04142fba","","","1-80b2045ccc6240f87798be3d36204927bf223b337fda5014a813e08a1dffbd73","root.record.ItemExhibitList.P5Item.CostElementCategoryList.AncillaryEquipment.Recurring.CostElementList.CostElement"
"2018","AFMC/AAC","2018-05","2019-07","112","0.039","true","2015-01","SS","FFP","2016-BASE_PROCUREMENT-2016-AIRFORCE_AMMUNITION-PROCUREMENT_JustificationBook_Air_Force_PB_2016.zzz_unzipped-PROCUREMENT_JustificationBook_Air_Force_PB_2016.xml","bdee042a721677e3e5e70e5f3618256806e0932795811c6de8d026b41ec3c764","3-456774bffc6ceaf331b39a195c739832342aee2bfc95374cfb8c0b87392a8969","","","1-80b2045ccc6240f87798be3d36204927bf223b337fda5014a813e08a1dffbd73","root.record.ItemExhibitList.P5Item.CostElementCategoryList.AncillaryEquipment.Recurring.CostElementList.CostElement"
"2019","AFMC/AAC","2019-05","2020-07","112","0.040","true","2015-01","SS","FFP","2016-BASE_PROCUREMENT-2016-AIRFORCE_AMMUNITION-PROCUREMENT_JustificationBook_Air_Force_PB_2016.zzz_unzipped-PROCUREMENT_JustificationBook_Air_Force_PB_2016.xml","bdee042a721677e3e5e70e5f3618256806e0932795811c6de8d026b41ec3c764","4-474cd0e5328953b040da10410b0d7810fe105bb733227a3f4f65397d90ca8627","","","1-80b2045ccc6240f87798be3d36204927bf223b337fda5014a813e08a1dffbd73","root.record.ItemExhibitList.P5Item.CostElementCategoryList.AncillaryEquipment.Recurring.CostElementList.CostElement"
"2020","AFMC/AAC","2020-05","2021-07","114","0.040","true","","SS","FFP","2016-BASE_PROCUREMENT-2016-AIRFORCE_AMMUNITION-PROCUREMENT_JustificationBook_Air_Force_PB_2016.zzz_unzipped-PROCUREMENT_JustificationBook_Air_Force_PB_2016.xml","bdee042a721677e3e5e70e5f3618256806e0932795811c6de8d026b41ec3c764","5-962e964d093229368d1af9998266ceeae5c8b11fb28bd6f973bc18c67cdacf30","","","1-80b2045ccc6240f87798be3d36204927bf223b337fda5014a813e08a1dffbd73","root.record.ItemExhibitList.P5Item.CostElementCategoryList.AncillaryEquipment.Recurring.CostElementList.CostElement"
"2016","AFMC/AAC","2016-05","2017-07","150","0.049","true","2015-01","SS","FFP","2016-BASE_PROCUREMENT-2016-AIRFORCE_AMMUNITION-PROCUREMENT_MasterJustificationBook_Air_Force_PB_2016.zzz_unzipped-PROCUREMENT_MasterJustificationBook_Air_Force_PB_2016.xml","0405e21ec303f808ccdc5e52c17f9e11b90ad768be9d21f077d3c4e2706d2147","0-c04552f71ff77abd8604afe9ba29049811147e7be1e5de6aadad45024c72da33","May 2016","","1-5a664ced0bbe645a486cc2e1d4b312d7611a3d842338f337ccbaf1cbb19406da","root.record.ItemExhibitList.P5Item.CostElementCategoryList.AncillaryEquipment.Recurring.CostElementList.CostElement"
"2016","AFMC/AAC","2016-05","2017-07","75","0.048","true","","SS","FFP","2016-BASE_PROCUREMENT-2016-AIRFORCE_AMMUNITION-PROCUREMENT_MasterJustificationBook_Air_Force_PB_2016.zzz_unzipped-PROCUREMENT_MasterJustificationBook_Air_Force_PB_2016.xml","0405e21ec303f808ccdc5e52c17f9e11b90ad768be9d21f077d3c4e2706d2147","1-9f089720b5bf14f5c3c1d19cc61d9dd637b6bf29695d1cf72257f9b3502bc918","May 2016","true","1-5a664ced0bbe645a486cc2e1d4b312d7611a3d842338f337ccbaf1cbb19406da","root.record.ItemExhibitList.P5Item.CostElementCategoryList.AncillaryEquipment.Recurring.CostElementList.CostElement"
"2017","AFMC/AAC","2017-05","2018-07","108","0.040","true","2015-01","SS","FFP","2016-BASE_PROCUREMENT-2016-AIRFORCE_AMMUNITION-PROCUREMENT_MasterJustificationBook_Air_Force_PB_2016.zzz_unzipped-PROCUREMENT_MasterJustificationBook_Air_Force_PB_2016.xml","0405e21ec303f808ccdc5e52c17f9e11b90ad768be9d21f077d3c4e2706d2147","2-6d81a5ecb8c70217978ea4ec740b8f62d574397853681b1e0fadcb8cdd0ccc09","","","1-5a664ced0bbe645a486cc2e1d4b312d7611a3d842338f337ccbaf1cbb19406da","root.record.ItemExhibitList.P5Item.CostElementCategoryList.AncillaryEquipment.Recurring.CostElementList.CostElement"
"2018","AFMC/AAC","2018-05","2019-07","112","0.039","true","2015-01","SS","FFP","2016-BASE_PROCUREMENT-2016-AIRFORCE_AMMUNITION-PROCUREMENT_MasterJustificationBook_Air_Force_PB_2016.zzz_unzipped-PROCUREMENT_MasterJustificationBook_Air_Force_PB_2016.xml","0405e21ec303f808ccdc5e52c17f9e11b90ad768be9d21f077d3c4e2706d2147","3-35676c11a028af13381f547a210c0298219c4a7b215904de194be396d95e3fb2","","","1-5a664ced0bbe645a486cc2e1d4b312d7611a3d842338f337ccbaf1cbb19406da","root.record.ItemExhibitList.P5Item.CostElementCategoryList.AncillaryEquipment.Recurring.CostElementList.CostElement"
"2019","AFMC/AAC","2019-05","2020-07","112","0.040","true","2015-01","SS","FFP","2016-BASE_PROCUREMENT-2016-AIRFORCE_AMMUNITION-PROCUREMENT_MasterJustificationBook_Air_Force_PB_2016.zzz_unzipped-PROCUREMENT_MasterJustificationBook_Air_Force_PB_2016.xml","0405e21ec303f808ccdc5e52c17f9e11b90ad768be9d21f077d3c4e2706d2147","4-6918210b1ee32cfaa5d4d244f42a92ef6b6e77a4567f281bf56a89e9fc768a95","","","1-5a664ced0bbe645a486cc2e1d4b312d7611a3d842338f337ccbaf1cbb19406da","root.record.ItemExhibitList.P5Item.CostElementCategoryList.AncillaryEquipment.Recurring.CostElementList.CostElement"
"2020","AFMC/AAC","2020-05","2021-07","114","0.040","true","","SS","FFP","2016-BASE_PROCUREMENT-2016-AIRFORCE_AMMUNITION-PROCUREMENT_MasterJustificationBook_Air_Force_PB_2016.zzz_unzipped-PROCUREMENT_MasterJustificationBook_Air_Force_PB_2016.xml","0405e21ec303f808ccdc5e52c17f9e11b90ad768be9d21f077d3c4e2706d2147","5-b41ef6466ba77d1d16c1d8a275d1b1de931fd526c9f0980385d9e77d4f866175","","","1-5a664ced0bbe645a486cc2e1d4b312d7611a3d842338f337ccbaf1cbb19406da","root.record.ItemExhibitList.P5Item.CostElementCategoryList.AncillaryEquipment.Recurring.CostElementList.CostElement"
