FiscalYear_val,PCOLocation_val,AwardDate_val,FirstDeliveryDate_val,Quantity_val,UnitCost_val,SpecsAvailableNow_val,RFPIssueDate_val,ContractMethod_val,ContractType_val,@SOURCE_FILENAME,@RECORDID,@ROWID,ItemNameSuffix_val,OCO_val,@PARENTROWID,@PARENT
"2011","AFMC/AAC","2011-12","2013-04","195","0.039","true","2011-05","SS","FFP","2013-BASE_PROCUREMENT-2013-AIRFORCE_AMMUNITION-JustificationBook_Air_Force_PB_2013.zzz_unzipped-JustificationBook_Air_Force_PB_2013.xml","101c78e8b718e2eb490a6e9385e8f4fb9a2e42c27419ef92c73bc89bb4fcd89c","0-504594bb6cc9fef18c0a8936f70b5bce3fabc9dcb8e4deb91523cb75c8602cc1","","","1-a744ccc80102ef0650a6be743115c67d0e4a116efed4f2478ee53560059ccf91","root.record.ItemExhibitList.P5Item.CostElementCategoryList.AncillaryEquipment.Recurring.CostElementList.CostElement"
"2012","AFMC/AAC","2012-08","2013-11","121","0.040","true","2012-01","SS","FFP","2013-BASE_PROCUREMENT-2013-AIRFORCE_AMMUNITION-JustificationBook_Air_Force_PB_2013.zzz_unzipped-JustificationBook_Air_Force_PB_2013.xml","101c78e8b718e2eb490a6e9385e8f4fb9a2e42c27419ef92c73bc89bb4fcd89c","1-757de005c8ada496e3689354b78b9247509653942fde37c82274a6067e964fc4","","","1-a744ccc80102ef0650a6be743115c67d0e4a116efed4f2478ee53560059ccf91","root.record.ItemExhibitList.P5Item.CostElementCategoryList.AncillaryEquipment.Recurring.CostElementList.CostElement"
"2013","AFMC/AAC","2013-08","2014-11","116","0.040","true","2013-01","SS","FFP","2013-BASE_PROCUREMENT-2013-AIRFORCE_AMMUNITION-JustificationBook_Air_Force_PB_2013.zzz_unzipped-JustificationBook_Air_Force_PB_2013.xml","101c78e8b718e2eb490a6e9385e8f4fb9a2e42c27419ef92c73bc89bb4fcd89c","2-c0b2c0e56ecaf8caa541935a99dcc85fc04dac07525b95cf7edd1db792cc8313","","","1-a744ccc80102ef0650a6be743115c67d0e4a116efed4f2478ee53560059ccf91","root.record.ItemExhibitList.P5Item.CostElementCategoryList.AncillaryEquipment.Recurring.CostElementList.CostElement"
"2014","AFMC/AAC","2014-08","2015-11","147","0.041","true","2014-01","SS","FFP","2013-BASE_PROCUREMENT-2013-AIRFORCE_AMMUNITION-JustificationBook_Air_Force_PB_2013.zzz_unzipped-JustificationBook_Air_Force_PB_2013.xml","101c78e8b718e2eb490a6e9385e8f4fb9a2e42c27419ef92c73bc89bb4fcd89c","3-f2869ddd5a0cf7200083746fab095881285a39b47e45bdc63272df8ff523c930","","","1-a744ccc80102ef0650a6be743115c67d0e4a116efed4f2478ee53560059ccf91","root.record.ItemExhibitList.P5Item.CostElementCategoryList.AncillaryEquipment.Recurring.CostElementList.CostElement"
"2015","AFMC/AAC","2015-08","2016-11","146","0.042","true","2015-01","SS","FFP","2013-BASE_PROCUREMENT-2013-AIRFORCE_AMMUNITION-JustificationBook_Air_Force_PB_2013.zzz_unzipped-JustificationBook_Air_Force_PB_2013.xml","101c78e8b718e2eb490a6e9385e8f4fb9a2e42c27419ef92c73bc89bb4fcd89c","4-cdbd4ccaa496fa47c87a567a946d69e926809b9cb8e29162a4059ce89dfcbc45","","","1-a744ccc80102ef0650a6be743115c67d0e4a116efed4f2478ee53560059ccf91","root.record.ItemExhibitList.P5Item.CostElementCategoryList.AncillaryEquipment.Recurring.CostElementList.CostElement"
"2016","AFMC/AAC","2016-08","2017-11","146","0.042","true","2016-01","SS","FFP","2013-BASE_PROCUREMENT-2013-AIRFORCE_AMMUNITION-JustificationBook_Air_Force_PB_2013.zzz_unzipped-JustificationBook_Air_Force_PB_2013.xml","101c78e8b718e2eb490a6e9385e8f4fb9a2e42c27419ef92c73bc89bb4fcd89c","5-c69c0fa5fabdbc6698a3f24ed9b9202d1db00955b7a7e605c1e7950d977387f0","","","1-a744ccc80102ef0650a6be743115c67d0e4a116efed4f2478ee53560059ccf91","root.record.ItemExhibitList.P5Item.CostElementCategoryList.AncillaryEquipment.Recurring.CostElementList.CostElement"
"2017","AFMC/AAC","2017-08","2018-11","145","0.043","true","2017-01","SS","FFP","2013-BASE_PROCUREMENT-2013-AIRFORCE_AMMUNITION-JustificationBook_Air_Force_PB_2013.zzz_unzipped-JustificationBook_Air_Force_PB_2013.xml","101c78e8b718e2eb490a6e9385e8f4fb9a2e42c27419ef92c73bc89bb4fcd89c","6-d4b13ab775bd3f07a7c0f12349ced85ba8981c5d010975b819e01ffbdbeef85e","","","1-a744ccc80102ef0650a6be743115c67d0e4a116efed4f2478ee53560059ccf91","root.record.ItemExhibitList.P5Item.CostElementCategoryList.AncillaryEquipment.Recurring.CostElementList.CostElement"
"2011","AFMC/AAC","2011-12","2013-04","195","0.039","true","2011-05","SS","FFP","2013-BASE_PROCUREMENT-2013-AIRFORCE_AMMUNITION-MasterJustificationBook_Air_Force_PB_2013.zzz_unzipped-MasterJustificationBook_Air_Force_PB_2013.xml","fb847c5d73ff209ee22672c491cfdc55c0254d39afb27400c3e8a3828a2ae363","0-a54a9401a701219f60932b4a8837a16813706809efad7fa594f37451f59857aa","","","1-c0b0cc4682c8c18f076048a02a5a7fe082a6f24212cf1417479ac0e2ad9dc941","root.record.ItemExhibitList.P5Item.CostElementCategoryList.AncillaryEquipment.Recurring.CostElementList.CostElement"
"2012","AFMC/AAC","2012-08","2013-11","121","0.040","true","2012-01","SS","FFP","2013-BASE_PROCUREMENT-2013-AIRFORCE_AMMUNITION-MasterJustificationBook_Air_Force_PB_2013.zzz_unzipped-MasterJustificationBook_Air_Force_PB_2013.xml","fb847c5d73ff209ee22672c491cfdc55c0254d39afb27400c3e8a3828a2ae363","1-dbbcafad33e280931d0b7b1177b4fee1d78e2c823159e5bf4894276227e72b63","","","1-c0b0cc4682c8c18f076048a02a5a7fe082a6f24212cf1417479ac0e2ad9dc941","root.record.ItemExhibitList.P5Item.CostElementCategoryList.AncillaryEquipment.Recurring.CostElementList.CostElement"
"2013","AFMC/AAC","2013-08","2014-11","116","0.040","true","2013-01","SS","FFP","2013-BASE_PROCUREMENT-2013-AIRFORCE_AMMUNITION-MasterJustificationBook_Air_Force_PB_2013.zzz_unzipped-MasterJustificationBook_Air_Force_PB_2013.xml","fb847c5d73ff209ee22672c491cfdc55c0254d39afb27400c3e8a3828a2ae363","2-ed1be79237a80204320853858fd7e0b3685d154f629f3d0b0ee069b517caa8d9","","","1-c0b0cc4682c8c18f076048a02a5a7fe082a6f24212cf1417479ac0e2ad9dc941","root.record.ItemExhibitList.P5Item.CostElementCategoryList.AncillaryEquipment.Recurring.CostElementList.CostElement"
"2014","AFMC/AAC","2014-08","2015-11","147","0.041","true","2014-01","SS","FFP","2013-BASE_PROCUREMENT-2013-AIRFORCE_AMMUNITION-MasterJustificationBook_Air_Force_PB_2013.zzz_unzipped-MasterJustificationBook_Air_Force_PB_2013.xml","fb847c5d73ff209ee22672c491cfdc55c0254d39afb27400c3e8a3828a2ae363","3-7b5f5d2fa3e2364c5002abb8712199c94f0be49eb6d94338d7d829780df69630","","","1-c0b0cc4682c8c18f076048a02a5a7fe082a6f24212cf1417479ac0e2ad9dc941","root.record.ItemExhibitList.P5Item.CostElementCategoryList.AncillaryEquipment.Recurring.CostElementList.CostElement"
"2015","AFMC/AAC","2015-08","2016-11","146","0.042","true","2015-01","SS","FFP","2013-BASE_PROCUREMENT-2013-AIRFORCE_AMMUNITION-MasterJustificationBook_Air_Force_PB_2013.zzz_unzipped-MasterJustificationBook_Air_Force_PB_2013.xml","fb847c5d73ff209ee22672c491cfdc55c0254d39afb27400c3e8a3828a2ae363","4-7f5e399eae86bea8d6b7f54200433edc24106ccadea556cbb6201b6c799d1d54","","","1-c0b0cc4682c8c18f076048a02a5a7fe082a6f24212cf1417479ac0e2ad9dc941","root.record.ItemExhibitList.P5Item.CostElementCategoryList.AncillaryEquipment.Recurring.CostElementList.CostElement"
"2016","AFMC/AAC","2016-08","2017-11","146","0.042","true","2016-01","SS","FFP","2013-BASE_PROCUREMENT-2013-AIRFORCE_AMMUNITION-MasterJustificationBook_Air_Force_PB_2013.zzz_unzipped-MasterJustificationBook_Air_Force_PB_2013.xml","fb847c5d73ff209ee22672c491cfdc55c0254d39afb27400c3e8a3828a2ae363","5-7fb3b5a241dbf632c4d9da0b670a03b6259d49f7f382e6c353f765e284857bc3","","","1-c0b0cc4682c8c18f076048a02a5a7fe082a6f24212cf1417479ac0e2ad9dc941","root.record.ItemExhibitList.P5Item.CostElementCategoryList.AncillaryEquipment.Recurring.CostElementList.CostElement"
"2017","AFMC/AAC","2017-08","2018-11","145","0.043","true","2017-01","SS","FFP","2013-BASE_PROCUREMENT-2013-AIRFORCE_AMMUNITION-MasterJustificationBook_Air_Force_PB_2013.zzz_unzipped-MasterJustificationBook_Air_Force_PB_2013.xml","fb847c5d73ff209ee22672c491cfdc55c0254d39afb27400c3e8a3828a2ae363","6-4e44d3ead97ba94a39a0eb116d025def0f04606e63a3d42eb7630956e2d3c38c","","","1-c0b0cc4682c8c18f076048a02a5a7fe082a6f24212cf1417479ac0e2ad9dc941","root.record.ItemExhibitList.P5Item.CostElementCategoryList.AncillaryEquipment.Recurring.CostElementList.CostElement"
"2012","AFMC/AAC","2012-12","2014-02","153","0.031","true","2012-01","SS","FFP","2014-BASE_PROCUREMENT-2014-AIRFORCE_AMMUNITION-PROCUREMENT_JustificationBook_Air_Force_PB_2014.zzz_unzipped-PROCUREMENT_JustificationBook_Air_Force_PB_2014.xml","05febd9fd223dc1f11a80359dde784d02467edaef9d2080887a2e6f8da7ed3c9","0-282d77f7c18577c69e1601ab69eb157ce0753ed30777a66f5762aedb3cc49f72","","","1-97d03e0e400019ec350579ede4209d0604d4f909b66f1a59c71cafc5869bdcd2","root.record.ItemExhibitList.P5Item.CostElementCategoryList.AncillaryEquipment.Recurring.CostElementList.CostElement"
"2013","AFMC/AAC","2013-05","2014-07","123","0.040","true","2013-01","SS","FFP","2014-BASE_PROCUREMENT-2014-AIRFORCE_AMMUNITION-PROCUREMENT_JustificationBook_Air_Force_PB_2014.zzz_unzipped-PROCUREMENT_JustificationBook_Air_Force_PB_2014.xml","05febd9fd223dc1f11a80359dde784d02467edaef9d2080887a2e6f8da7ed3c9","1-b7f63990d04673e10e8508ad1de6820116a44d9ed6aa459f905e9e80793f63fd","","","1-97d03e0e400019ec350579ede4209d0604d4f909b66f1a59c71cafc5869bdcd2","root.record.ItemExhibitList.P5Item.CostElementCategoryList.AncillaryEquipment.Recurring.CostElementList.CostElement"
"2014","AFMC/AAC","2014-05","2015-07","148","0.036","true","2014-01","SS","FFP","2014-BASE_PROCUREMENT-2014-AIRFORCE_AMMUNITION-PROCUREMENT_JustificationBook_Air_Force_PB_2014.zzz_unzipped-PROCUREMENT_JustificationBook_Air_Force_PB_2014.xml","05febd9fd223dc1f11a80359dde784d02467edaef9d2080887a2e6f8da7ed3c9","2-004625efad2921744b648640666bc8a0241b216df9e2b4a50fb07c4c849e7dd0","","","1-97d03e0e400019ec350579ede4209d0604d4f909b66f1a59c71cafc5869bdcd2","root.record.ItemExhibitList.P5Item.CostElementCategoryList.AncillaryEquipment.Recurring.CostElementList.CostElement"
"2015","AFMC/AAC","2015-05","2016-07","150","0.037","true","2015-01","SS","FFP","2014-BASE_PROCUREMENT-2014-AIRFORCE_AMMUNITION-PROCUREMENT_JustificationBook_Air_Force_PB_2014.zzz_unzipped-PROCUREMENT_JustificationBook_Air_Force_PB_2014.xml","05febd9fd223dc1f11a80359dde784d02467edaef9d2080887a2e6f8da7ed3c9","3-0c04a2570a9c8db62303918b34648c2c8adc72781eeb935b41fe9447cfd11b15","","","1-97d03e0e400019ec350579ede4209d0604d4f909b66f1a59c71cafc5869bdcd2","root.record.ItemExhibitList.P5Item.CostElementCategoryList.AncillaryEquipment.Recurring.CostElementList.CostElement"
"2016","AFMC/AAC","2016-05","2017-07","150","0.038","true","2016-01","SS","FFP","2014-BASE_PROCUREMENT-2014-AIRFORCE_AMMUNITION-PROCUREMENT_JustificationBook_Air_Force_PB_2014.zzz_unzipped-PROCUREMENT_JustificationBook_Air_Force_PB_2014.xml","05febd9fd223dc1f11a80359dde784d02467edaef9d2080887a2e6f8da7ed3c9","4-6ea2418b3afdc9602b9969c2a49d0bbc9187e1a504a0dc6e834ebca35724b16e","","","1-97d03e0e400019ec350579ede4209d0604d4f909b66f1a59c71cafc5869bdcd2","root.record.ItemExhibitList.P5Item.CostElementCategoryList.AncillaryEquipment.Recurring.CostElementList.CostElement"
"2017","AFMC/AAC","2017-05","2018-07","130","0.038","true","2017-01","SS","FFP","2014-BASE_PROCUREMENT-2014-AIRFORCE_AMMUNITION-PROCUREMENT_JustificationBook_Air_Force_PB_2014.zzz_unzipped-PROCUREMENT_JustificationBook_Air_Force_PB_2014.xml","05febd9fd223dc1f11a80359dde784d02467edaef9d2080887a2e6f8da7ed3c9","5-afe97fccc73829df300b738dd491ae8183c7f300a22a737f5073d28e605edffa","","","1-97d03e0e400019ec350579ede4209d0604d4f909b66f1a59c71cafc5869bdcd2","root.record.ItemExhibitList.P5Item.CostElementCategoryList.AncillaryEquipment.Recurring.CostElementList.CostElement"
"2018","AFMC/AAC","2018-05","2019-07","112","0.039","true","2018-01","SS","FFP","2014-BASE_PROCUREMENT-2014-AIRFORCE_AMMUNITION-PROCUREMENT_JustificationBook_Air_Force_PB_2014.zzz_unzipped-PROCUREMENT_JustificationBook_Air_Force_PB_2014.xml","05febd9fd223dc1f11a80359dde784d02467edaef9d2080887a2e6f8da7ed3c9","6-dd36e012548d40780c784030cd1f0574f4576eb25e23eddc6adc946b181e97a6","","","1-97d03e0e400019ec350579ede4209d0604d4f909b66f1a59c71cafc5869bdcd2","root.record.ItemExhibitList.P5Item.CostElementCategoryList.AncillaryEquipment.Recurring.CostElementList.CostElement"
"2012","AFMC/AAC","2012-12","2014-02","153","0.031","true","2012-01","SS","FFP","2014-BASE_PROCUREMENT-2014-AIRFORCE_AMMUNITION-PROCUREMENT_MasterJustificationBook_Air_Force_PB_2014.zzz_unzipped-PROCUREMENT_MasterJustificationBook_Air_Force_PB_2014.xml","d3d63be9c5c5e719591bcda3447f416bb3b81071cb651f930686a4336f54c10b","0-01738113b8c98bfedff5a4b4b490e6f2ac4cc69d08ace0c5eba6b3a273f2025e","","","1-5a800bacbff349b9ee2d2f98d4038ac67cbfe54221c8e122667fdc475c6d68eb","root.record.ItemExhibitList.P5Item.CostElementCategoryList.AncillaryEquipment.Recurring.CostElementList.CostElement"
"2013","AFMC/AAC","2013-05","2014-07","123","0.040","true","2013-01","SS","FFP","2014-BASE_PROCUREMENT-2014-AIRFORCE_AMMUNITION-PROCUREMENT_MasterJustificationBook_Air_Force_PB_2014.zzz_unzipped-PROCUREMENT_MasterJustificationBook_Air_Force_PB_2014.xml","d3d63be9c5c5e719591bcda3447f416bb3b81071cb651f930686a4336f54c10b","1-55d16e66c85a7346809eed53ed0fa745937c07324fa89d844278f91fc693699b","","","1-5a800bacbff349b9ee2d2f98d4038ac67cbfe54221c8e122667fdc475c6d68eb","root.record.ItemExhibitList.P5Item.CostElementCategoryList.AncillaryEquipment.Recurring.CostElementList.CostElement"
"2014","AFMC/AAC","2014-05","2015-07","148","0.036","true","2014-01","SS","FFP","2014-BASE_PROCUREMENT-2014-AIRFORCE_AMMUNITION-PROCUREMENT_MasterJustificationBook_Air_Force_PB_2014.zzz_unzipped-PROCUREMENT_MasterJustificationBook_Air_Force_PB_2014.xml","d3d63be9c5c5e719591bcda3447f416bb3b81071cb651f930686a4336f54c10b","2-cc2666e43ee5a38ac0c5a7b16dcf5b4ce50e430c2795e5f6dc71a9d4a6bab9d2","","","1-5a800bacbff349b9ee2d2f98d4038ac67cbfe54221c8e122667fdc475c6d68eb","root.record.ItemExhibitList.P5Item.CostElementCategoryList.AncillaryEquipment.Recurring.CostElementList.CostElement"
"2015","AFMC/AAC","2015-05","2016-07","150","0.037","true","2015-01","SS","FFP","2014-BASE_PROCUREMENT-2014-AIRFORCE_AMMUNITION-PROCUREMENT_MasterJustificationBook_Air_Force_PB_2014.zzz_unzipped-PROCUREMENT_MasterJustificationBook_Air_Force_PB_2014.xml","d3d63be9c5c5e719591bcda3447f416bb3b81071cb651f930686a4336f54c10b","3-6211c8390c722443d6598e8c627bca07becde806a51e5937f85d1cae0fc0e798","","","1-5a800bacbff349b9ee2d2f98d4038ac67cbfe54221c8e122667fdc475c6d68eb","root.record.ItemExhibitList.P5Item.CostElementCategoryList.AncillaryEquipment.Recurring.CostElementList.CostElement"
"2016","AFMC/AAC","2016-05","2017-07","150","0.038","true","2016-01","SS","FFP","2014-BASE_PROCUREMENT-2014-AIRFORCE_AMMUNITION-PROCUREMENT_MasterJustificationBook_Air_Force_PB_2014.zzz_unzipped-PROCUREMENT_MasterJustificationBook_Air_Force_PB_2014.xml","d3d63be9c5c5e719591bcda3447f416bb3b81071cb651f930686a4336f54c10b","4-fdb3f534419430e086ca77679794ae896e9f7a712d6d8ce3c6fbfed1c26c1500","","","1-5a800bacbff349b9ee2d2f98d4038ac67cbfe54221c8e122667fdc475c6d68eb","root.record.ItemExhibitList.P5Item.CostElementCategoryList.AncillaryEquipment.Recurring.CostElementList.CostElement"
"2017","AFMC/AAC","2017-05","2018-07","130","0.038","true","2017-01","SS","FFP","2014-BASE_PROCUREMENT-2014-AIRFORCE_AMMUNITION-PROCUREMENT_MasterJustificationBook_Air_Force_PB_2014.zzz_unzipped-PROCUREMENT_MasterJustificationBook_Air_Force_PB_2014.xml","d3d63be9c5c5e719591bcda3447f416bb3b81071cb651f930686a4336f54c10b","5-9e163f4a2319963fd21ae3925f7d0cf5cf64f8901bbb9efd4d284f5a4500d1bc","","","1-5a800bacbff349b9ee2d2f98d4038ac67cbfe54221c8e122667fdc475c6d68eb","root.record.ItemExhibitList.P5Item.CostElementCategoryList.AncillaryEquipment.Recurring.CostElementList.CostElement"
"2018","AFMC/AAC","2018-05","2019-07","112","0.039","true","2018-01","SS","FFP","2014-BASE_PROCUREMENT-2014-AIRFORCE_AMMUNITION-PROCUREMENT_MasterJustificationBook_Air_Force_PB_2014.zzz_unzipped-PROCUREMENT_MasterJustificationBook_Air_Force_PB_2014.xml","d3d63be9c5c5e719591bcda3447f416bb3b81071cb651f930686a4336f54c10b","6-16fa0ec9b81ed92b28fddfdf2f62d7ff7269e7359f2ffa3edd63de4610162d75","","","1-5a800bacbff349b9ee2d2f98d4038ac67cbfe54221c8e122667fdc475c6d68eb","root.record.ItemExhibitList.P5Item.CostElementCategoryList.AncillaryEquipment.Recurring.CostElementList.CostElement"
"2012","AFMC/AAC","2012-12","2014-02","153","0.031","true","2012-01","SS","FFP","2014-AMENDED_PROCUREMENT_AND_RDTE-2014-AIRFORCE_AMMO-PROCUREMENT_JustificationBook_Air_Force_PBAmended_2014.zzz_unzipped-PROCUREMENT_JustificationBook_Air_Force_PBAmended_2014.xml","b5d40cd233de64231545e67fe364fbbc249db0c95ca4e5837fddfdfe82c10532","0-2c51b4c8d23529907f8fe4b192114ca4601e56fc58930e49b4ad1de35be5b16e","","","1-d43958d6720239324bfe384cfb0f1f8554ae1ade81d3784320d79a06d69684b7","root.record.ItemExhibitList.P5Item.CostElementCategoryList.AncillaryEquipment.Recurring.CostElementList.CostElement"
"2013","AFMC/AAC","2013-05","2014-07","123","0.040","true","2013-01","SS","FFP","2014-AMENDED_PROCUREMENT_AND_RDTE-2014-AIRFORCE_AMMO-PROCUREMENT_JustificationBook_Air_Force_PBAmended_2014.zzz_unzipped-PROCUREMENT_JustificationBook_Air_Force_PBAmended_2014.xml","b5d40cd233de64231545e67fe364fbbc249db0c95ca4e5837fddfdfe82c10532","1-7ff10628139e15cc5e725c6d60662d263c78675c6a5ce8b37fa3b82a511d6b53","","","1-d43958d6720239324bfe384cfb0f1f8554ae1ade81d3784320d79a06d69684b7","root.record.ItemExhibitList.P5Item.CostElementCategoryList.AncillaryEquipment.Recurring.CostElementList.CostElement"
"2014","AFMC/AAC","2014-05","2015-07","148","0.036","true","2014-01","SS","FFP","2014-AMENDED_PROCUREMENT_AND_RDTE-2014-AIRFORCE_AMMO-PROCUREMENT_JustificationBook_Air_Force_PBAmended_2014.zzz_unzipped-PROCUREMENT_JustificationBook_Air_Force_PBAmended_2014.xml","b5d40cd233de64231545e67fe364fbbc249db0c95ca4e5837fddfdfe82c10532","2-f4074eafede7859e7fc1a85830916ef400790d8b5f6331e5ddb4d9a4f29d71de","","","1-d43958d6720239324bfe384cfb0f1f8554ae1ade81d3784320d79a06d69684b7","root.record.ItemExhibitList.P5Item.CostElementCategoryList.AncillaryEquipment.Recurring.CostElementList.CostElement"
"2015","AFMC/AAC","2015-05","2016-07","150","0.037","true","2015-01","SS","FFP","2014-AMENDED_PROCUREMENT_AND_RDTE-2014-AIRFORCE_AMMO-PROCUREMENT_JustificationBook_Air_Force_PBAmended_2014.zzz_unzipped-PROCUREMENT_JustificationBook_Air_Force_PBAmended_2014.xml","b5d40cd233de64231545e67fe364fbbc249db0c95ca4e5837fddfdfe82c10532","3-f770fa8119e3eab2b91ef17c33192b3d137ef4017e2384c4d8ca7dc96e5032c6","","","1-d43958d6720239324bfe384cfb0f1f8554ae1ade81d3784320d79a06d69684b7","root.record.ItemExhibitList.P5Item.CostElementCategoryList.AncillaryEquipment.Recurring.CostElementList.CostElement"
"2016","AFMC/AAC","2016-05","2017-07","150","0.038","true","2016-01","SS","FFP","2014-AMENDED_PROCUREMENT_AND_RDTE-2014-AIRFORCE_AMMO-PROCUREMENT_JustificationBook_Air_Force_PBAmended_2014.zzz_unzipped-PROCUREMENT_JustificationBook_Air_Force_PBAmended_2014.xml","b5d40cd233de64231545e67fe364fbbc249db0c95ca4e5837fddfdfe82c10532","4-db09f0d7779a9e89836d2cdee77c2a9709a958e4ee7131d73b8055a0d7980156","","","1-d43958d6720239324bfe384cfb0f1f8554ae1ade81d3784320d79a06d69684b7","root.record.ItemExhibitList.P5Item.CostElementCategoryList.AncillaryEquipment.Recurring.CostElementList.CostElement"
"2017","AFMC/AAC","2017-05","2018-07","130","0.038","true","2017-01","SS","FFP","2014-AMENDED_PROCUREMENT_AND_RDTE-2014-AIRFORCE_AMMO-PROCUREMENT_JustificationBook_Air_Force_PBAmended_2014.zzz_unzipped-PROCUREMENT_JustificationBook_Air_Force_PBAmended_2014.xml","b5d40cd233de64231545e67fe364fbbc249db0c95ca4e5837fddfdfe82c10532","5-cc76b82507322a1def02dbf8cb4e833453e7c1fbd252c0bda47210a503313653","","","1-d43958d6720239324bfe384cfb0f1f8554ae1ade81d3784320d79a06d69684b7","root.record.ItemExhibitList.P5Item.CostElementCategoryList.AncillaryEquipment.Recurring.CostElementList.CostElement"
"2018","AFMC/AAC","2018-05","2019-07","112","0.039","true","2018-01","SS","FFP","2014-AMENDED_PROCUREMENT_AND_RDTE-2014-AIRFORCE_AMMO-PROCUREMENT_JustificationBook_Air_Force_PBAmended_2014.zzz_unzipped-PROCUREMENT_JustificationBook_Air_Force_PBAmended_2014.xml","b5d40cd233de64231545e67fe364fbbc249db0c95ca4e5837fddfdfe82c10532","6-b19519ea15d3b851a778c0cc628e2cfd787d663e749d4a0ff1d111a9d3f628c1","","","1-d43958d6720239324bfe384cfb0f1f8554ae1ade81d3784320d79a06d69684b7","root.record.ItemExhibitList.P5Item.CostElementCategoryList.AncillaryEquipment.Recurring.CostElementList.CostElement"
"2012","AFMC/AAC","2012-12","2014-02","153","0.031","true","2012-01","SS","FFP","2014-AMENDED_PROCUREMENT_AND_RDTE-2014-AIRFORCE_AMMO-PROCUREMENT_MasterJustificationBook_Air_Force_PBAmended_2014.zzz_unzipped-PROCUREMENT_MasterJustificationBook_Air_Force_PBAmended_2014.xml","7d938e4bebe0116d387e87da841f248e2a796a3e07f06980627bf00afbe6b4f4","0-c60282206c913ef710e6ac283c483b57134170c267aefd0cac13b62a39010bac","","","1-884f5746f1ca985f3e9f54aff3a93d024debb70b36dd6e748023c22143469b1e","root.record.ItemExhibitList.P5Item.CostElementCategoryList.AncillaryEquipment.Recurring.CostElementList.CostElement"
"2013","AFMC/AAC","2013-05","2014-07","123","0.040","true","2013-01","SS","FFP","2014-AMENDED_PROCUREMENT_AND_RDTE-2014-AIRFORCE_AMMO-PROCUREMENT_MasterJustificationBook_Air_Force_PBAmended_2014.zzz_unzipped-PROCUREMENT_MasterJustificationBook_Air_Force_PBAmended_2014.xml","7d938e4bebe0116d387e87da841f248e2a796a3e07f06980627bf00afbe6b4f4","1-e00f4e18f3301d705088a8ab7210dfefedee86352ad31d2a5192c933e0ca5015","","","1-884f5746f1ca985f3e9f54aff3a93d024debb70b36dd6e748023c22143469b1e","root.record.ItemExhibitList.P5Item.CostElementCategoryList.AncillaryEquipment.Recurring.CostElementList.CostElement"
"2014","AFMC/AAC","2014-05","2015-07","148","0.036","true","2014-01","SS","FFP","2014-AMENDED_PROCUREMENT_AND_RDTE-2014-AIRFORCE_AMMO-PROCUREMENT_MasterJustificationBook_Air_Force_PBAmended_2014.zzz_unzipped-PROCUREMENT_MasterJustificationBook_Air_Force_PBAmended_2014.xml","7d938e4bebe0116d387e87da841f248e2a796a3e07f06980627bf00afbe6b4f4","2-43ae50c14ff2c29d3187a1ecb1d2f35fe33de235cabda54b42e5b81a3d90569a","","","1-884f5746f1ca985f3e9f54aff3a93d024debb70b36dd6e748023c22143469b1e","root.record.ItemExhibitList.P5Item.CostElementCategoryList.AncillaryEquipment.Recurring.CostElementList.CostElement"
"2015","AFMC/AAC","2015-05","2016-07","150","0.037","true","2015-01","SS","FFP","2014-AMENDED_PROCUREMENT_AND_RDTE-2014-AIRFORCE_AMMO-PROCUREMENT_MasterJustificationBook_Air_Force_PBAmended_2014.zzz_unzipped-PROCUREMENT_MasterJustificationBook_Air_Force_PBAmended_2014.xml","7d938e4bebe0116d387e87da841f248e2a796a3e07f06980627bf00afbe6b4f4","3-031f810e1e0a5154637a609f9371e846a1a340ae9a4a5d2e43a81770555fb503","","","1-884f5746f1ca985f3e9f54aff3a93d024debb70b36dd6e748023c22143469b1e","root.record.ItemExhibitList.P5Item.CostElementCategoryList.AncillaryEquipment.Recurring.CostElementList.CostElement"
"2016","AFMC/AAC","2016-05","2017-07","150","0.038","true","2016-01","SS","FFP","2014-AMENDED_PROCUREMENT_AND_RDTE-2014-AIRFORCE_AMMO-PROCUREMENT_MasterJustificationBook_Air_Force_PBAmended_2014.zzz_unzipped-PROCUREMENT_MasterJustificationBook_Air_Force_PBAmended_2014.xml","7d938e4bebe0116d387e87da841f248e2a796a3e07f06980627bf00afbe6b4f4","4-6dbeb1080f962a95aab68e8f45f11507111c63c58ae133506c16102ac63f0958","","","1-884f5746f1ca985f3e9f54aff3a93d024debb70b36dd6e748023c22143469b1e","root.record.ItemExhibitList.P5Item.CostElementCategoryList.AncillaryEquipment.Recurring.CostElementList.CostElement"
"2017","AFMC/AAC","2017-05","2018-07","130","0.038","true","2017-01","SS","FFP","2014-AMENDED_PROCUREMENT_AND_RDTE-2014-AIRFORCE_AMMO-PROCUREMENT_MasterJustificationBook_Air_Force_PBAmended_2014.zzz_unzipped-PROCUREMENT_MasterJustificationBook_Air_Force_PBAmended_2014.xml","7d938e4bebe0116d387e87da841f248e2a796a3e07f06980627bf00afbe6b4f4","5-1f94f0fa8e49726a371287a7b1ee6b326b058bec558b99e3a06e44c2cce0bd55","","","1-884f5746f1ca985f3e9f54aff3a93d024debb70b36dd6e748023c22143469b1e","root.record.ItemExhibitList.P5Item.CostElementCategoryList.AncillaryEquipment.Recurring.CostElementList.CostElement"
"2018","AFMC/AAC","2018-05","2019-07","112","0.039","true","2018-01","SS","FFP","2014-AMENDED_PROCUREMENT_AND_RDTE-2014-AIRFORCE_AMMO-PROCUREMENT_MasterJustificationBook_Air_Force_PBAmended_2014.zzz_unzipped-PROCUREMENT_MasterJustificationBook_Air_Force_PBAmended_2014.xml","7d938e4bebe0116d387e87da841f248e2a796a3e07f06980627bf00afbe6b4f4","6-00d76171582fd4a3948f4ad471743f28437b869b6db03cc6bcdc1d770e15c259","","","1-884f5746f1ca985f3e9f54aff3a93d024debb70b36dd6e748023c22143469b1e","root.record.ItemExhibitList.P5Item.CostElementCategoryList.AncillaryEquipment.Recurring.CostElementList.CostElement"
"2013","AFMC/AAC","2013-05","2014-07","100","0.035","true","2013-01","SS","FFP","2015-BASE_PROCUREMENT-2015-AIRFORCE_AMMUNITION-PROCUREMENT_JustificationBook_Air_Force_PB_2015.zzz_unzipped-PROCUREMENT_JustificationBook_Air_Force_PB_2015.xml","33b5cea1fb235d4089de81a288121044165990e1922943a27750f1b6724988c5","0-8e49602dd210e47d991eda279fa719cb4b0084fa125f04c864a67e52a88581e6","","","1-9668a471d9e7aa870f62c152ca43dcc78bf1d85eb256e5f3e83a325668c117ea","root.record.ItemExhibitList.P5Item.CostElementCategoryList.AncillaryEquipment.Recurring.CostElementList.CostElement"
"2015","AFMC/AAC","2015-05","2016-07","150","0.037","true","2015-01","SS","FFP","2015-BASE_PROCUREMENT-2015-AIRFORCE_AMMUNITION-PROCUREMENT_JustificationBook_Air_Force_PB_2015.zzz_unzipped-PROCUREMENT_JustificationBook_Air_Force_PB_2015.xml","33b5cea1fb235d4089de81a288121044165990e1922943a27750f1b6724988c5","1-41ea7771ff5db6cca9989c32794104b933207bfccba5b577313da83c50b77384","","","1-9668a471d9e7aa870f62c152ca43dcc78bf1d85eb256e5f3e83a325668c117ea","root.record.ItemExhibitList.P5Item.CostElementCategoryList.AncillaryEquipment.Recurring.CostElementList.CostElement"
"2016","AFMC/AAC","2016-05","2017-07","150","0.038","true","2016-01","SS","FFP","2015-BASE_PROCUREMENT-2015-AIRFORCE_AMMUNITION-PROCUREMENT_JustificationBook_Air_Force_PB_2015.zzz_unzipped-PROCUREMENT_JustificationBook_Air_Force_PB_2015.xml","33b5cea1fb235d4089de81a288121044165990e1922943a27750f1b6724988c5","2-ebd1a0a2e0e2c7dc826f8a36c4e3574be915c723ee210aeb7c0e466c8c83bddf","","","1-9668a471d9e7aa870f62c152ca43dcc78bf1d85eb256e5f3e83a325668c117ea","root.record.ItemExhibitList.P5Item.CostElementCategoryList.AncillaryEquipment.Recurring.CostElementList.CostElement"
"2017","AFMC/AAC","2017-05","2018-07","130","0.039","true","2017-01","SS","FFP","2015-BASE_PROCUREMENT-2015-AIRFORCE_AMMUNITION-PROCUREMENT_JustificationBook_Air_Force_PB_2015.zzz_unzipped-PROCUREMENT_JustificationBook_Air_Force_PB_2015.xml","33b5cea1fb235d4089de81a288121044165990e1922943a27750f1b6724988c5","3-1ecc7fd1861010bd3cb36a5e3e3d8f662c8eb120877142810aa37f94787d49a8","","","1-9668a471d9e7aa870f62c152ca43dcc78bf1d85eb256e5f3e83a325668c117ea","root.record.ItemExhibitList.P5Item.CostElementCategoryList.AncillaryEquipment.Recurring.CostElementList.CostElement"
"2018","AFMC/AAC","2018-05","2019-07","112","0.039","true","2018-01","SS","FFP","2015-BASE_PROCUREMENT-2015-AIRFORCE_AMMUNITION-PROCUREMENT_JustificationBook_Air_Force_PB_2015.zzz_unzipped-PROCUREMENT_JustificationBook_Air_Force_PB_2015.xml","33b5cea1fb235d4089de81a288121044165990e1922943a27750f1b6724988c5","4-b83e7dde83b02feca6aae4a948dff269fb3ee9275308125a4d9d3fe0e5c17c04","","","1-9668a471d9e7aa870f62c152ca43dcc78bf1d85eb256e5f3e83a325668c117ea","root.record.ItemExhibitList.P5Item.CostElementCategoryList.AncillaryEquipment.Recurring.CostElementList.CostElement"
"2019","AFMC/AAC","2019-05","2020-07","112","0.040","true","2019-01","SS","FFP","2015-BASE_PROCUREMENT-2015-AIRFORCE_AMMUNITION-PROCUREMENT_JustificationBook_Air_Force_PB_2015.zzz_unzipped-PROCUREMENT_JustificationBook_Air_Force_PB_2015.xml","33b5cea1fb235d4089de81a288121044165990e1922943a27750f1b6724988c5","5-e393122bf070396467e9d6d9fbde7988dace72c477c14e28d1e3a07d21a3bd13","","","1-9668a471d9e7aa870f62c152ca43dcc78bf1d85eb256e5f3e83a325668c117ea","root.record.ItemExhibitList.P5Item.CostElementCategoryList.AncillaryEquipment.Recurring.CostElementList.CostElement"
"2013","AFMC/AAC","2013-05","2014-07","100","0.035","true","2013-01","SS","FFP","2015-BASE_PROCUREMENT-2015-AIRFORCE_AMMUNITION-PROCUREMENT_MasterJustificationBook_Air_Force_PB_2015.zzz_unzipped-PROCUREMENT_MasterJustificationBook_Air_Force_PB_2015.xml","c0e2bedccbbf63fd4c05d9426033baf39171382e7134dc3349216570b33b556e","0-e8bf4e439018a490942c72333430b738e36b1810df5c81ce179235c95f4df8a5","","","1-fbf3f8dceb4b87e30bb0f74eeb8e780686bc4e40f6497bcc8981f058d51a8b11","root.record.ItemExhibitList.P5Item.CostElementCategoryList.AncillaryEquipment.Recurring.CostElementList.CostElement"
"2015","AFMC/AAC","2015-05","2016-07","150","0.037","true","2015-01","SS","FFP","2015-BASE_PROCUREMENT-2015-AIRFORCE_AMMUNITION-PROCUREMENT_MasterJustificationBook_Air_Force_PB_2015.zzz_unzipped-PROCUREMENT_MasterJustificationBook_Air_Force_PB_2015.xml","c0e2bedccbbf63fd4c05d9426033baf39171382e7134dc3349216570b33b556e","1-4593c68e3a5b8f506c7bd05d4c821fdd0c6ef47dc925085ec438916df70fc95b","","","1-fbf3f8dceb4b87e30bb0f74eeb8e780686bc4e40f6497bcc8981f058d51a8b11","root.record.ItemExhibitList.P5Item.CostElementCategoryList.AncillaryEquipment.Recurring.CostElementList.CostElement"
"2016","AFMC/AAC","2016-05","2017-07","150","0.038","true","2016-01","SS","FFP","2015-BASE_PROCUREMENT-2015-AIRFORCE_AMMUNITION-PROCUREMENT_MasterJustificationBook_Air_Force_PB_2015.zzz_unzipped-PROCUREMENT_MasterJustificationBook_Air_Force_PB_2015.xml","c0e2bedccbbf63fd4c05d9426033baf39171382e7134dc3349216570b33b556e","2-c8ddd916082637dfdf713192c269c72a375be0f67bd023f850fd94a89e861dff","","","1-fbf3f8dceb4b87e30bb0f74eeb8e780686bc4e40f6497bcc8981f058d51a8b11","root.record.ItemExhibitList.P5Item.CostElementCategoryList.AncillaryEquipment.Recurring.CostElementList.CostElement"
"2017","AFMC/AAC","2017-05","2018-07","130","0.039","true","2017-01","SS","FFP","2015-BASE_PROCUREMENT-2015-AIRFORCE_AMMUNITION-PROCUREMENT_MasterJustificationBook_Air_Force_PB_2015.zzz_unzipped-PROCUREMENT_MasterJustificationBook_Air_Force_PB_2015.xml","c0e2bedccbbf63fd4c05d9426033baf39171382e7134dc3349216570b33b556e","3-95573f9e6918be808dde245bb324757253a399380fcb6f724c14654c42303ba6","","","1-fbf3f8dceb4b87e30bb0f74eeb8e780686bc4e40f6497bcc8981f058d51a8b11","root.record.ItemExhibitList.P5Item.CostElementCategoryList.AncillaryEquipment.Recurring.CostElementList.CostElement"
"2018","AFMC/AAC","2018-05","2019-07","112","0.039","true","2018-01","SS","FFP","2015-BASE_PROCUREMENT-2015-AIRFORCE_AMMUNITION-PROCUREMENT_MasterJustificationBook_Air_Force_PB_2015.zzz_unzipped-PROCUREMENT_MasterJustificationBook_Air_Force_PB_2015.xml","c0e2bedccbbf63fd4c05d9426033baf39171382e7134dc3349216570b33b556e","4-3becde9333a7aeb10228044775e71bdf1a10b0d43a396244dd9caa67c94ce6c3","","","1-fbf3f8dceb4b87e30bb0f74eeb8e780686bc4e40f6497bcc8981f058d51a8b11","root.record.ItemExhibitList.P5Item.CostElementCategoryList.AncillaryEquipment.Recurring.CostElementList.CostElement"
"2019","AFMC/AAC","2019-05","2020-07","112","0.040","true","2019-01","SS","FFP","2015-BASE_PROCUREMENT-2015-AIRFORCE_AMMUNITION-PROCUREMENT_MasterJustificationBook_Air_Force_PB_2015.zzz_unzipped-PROCUREMENT_MasterJustificationBook_Air_Force_PB_2015.xml","c0e2bedccbbf63fd4c05d9426033baf39171382e7134dc3349216570b33b556e","5-0490392d79a102af6bb3bef74e731fab12713e9ccc0becfe100704d57519028b","","","1-fbf3f8dceb4b87e30bb0f74eeb8e780686bc4e40f6497bcc8981f058d51a8b11","root.record.ItemExhibitList.P5Item.CostElementCategoryList.AncillaryEquipment.Recurring.CostElementList.CostElement"
"2016","AFMC/AAC","2016-05","2017-07","150","0.049","true","2015-01","SS","FFP","2016-BASE_PROCUREMENT-2016-AIRFORCE_AMMUNITION-PROCUREMENT_JustificationBook_Air_Force_PB_2016.zzz_unzipped-PROCUREMENT_JustificationBook_Air_Force_PB_2016.xml","bdee042a721677e3e5e70e5f3618256806e0932795811c6de8d026b41ec3c764","0-9ee98ff3f4ac620328acc8c17a3e592376ff11cc7424bd9ba2d234d2b162350d","May 2016","","1-df0e9f143cfb04fcb4d17d880eefb3a70afccd4ca0e35d3d6d65dd6117c817c2","root.record.ItemExhibitList.P5Item.CostElementCategoryList.AncillaryEquipment.Recurring.CostElementList.CostElement"
"2016","AFMC/AAC","2016-05","2017-07","75","0.048","true","","SS","FFP","2016-BASE_PROCUREMENT-2016-AIRFORCE_AMMUNITION-PROCUREMENT_JustificationBook_Air_Force_PB_2016.zzz_unzipped-PROCUREMENT_JustificationBook_Air_Force_PB_2016.xml","bdee042a721677e3e5e70e5f3618256806e0932795811c6de8d026b41ec3c764","1-8a8468c7260a4c2ec5c07de97c1fd7b6e6adc3c3c97fce48e8a0fb7294598e75","May 2016","true","1-df0e9f143cfb04fcb4d17d880eefb3a70afccd4ca0e35d3d6d65dd6117c817c2","root.record.ItemExhibitList.P5Item.CostElementCategoryList.AncillaryEquipment.Recurring.CostElementList.CostElement"
"2017","AFMC/AAC","2017-05","2018-07","108","0.040","true","2015-01","SS","FFP","2016-BASE_PROCUREMENT-2016-AIRFORCE_AMMUNITION-PROCUREMENT_JustificationBook_Air_Force_PB_2016.zzz_unzipped-PROCUREMENT_JustificationBook_Air_Force_PB_2016.xml","bdee042a721677e3e5e70e5f3618256806e0932795811c6de8d026b41ec3c764","2-e0f508169ea4cab6e8df5b6b4f4f1480749dd54cfad82c755c7988faa3c4f799","","","1-df0e9f143cfb04fcb4d17d880eefb3a70afccd4ca0e35d3d6d65dd6117c817c2","root.record.ItemExhibitList.P5Item.CostElementCategoryList.AncillaryEquipment.Recurring.CostElementList.CostElement"
"2018","AFMC/AAC","2018-05","2019-07","112","0.039","true","2015-01","SS","FFP","2016-BASE_PROCUREMENT-2016-AIRFORCE_AMMUNITION-PROCUREMENT_JustificationBook_Air_Force_PB_2016.zzz_unzipped-PROCUREMENT_JustificationBook_Air_Force_PB_2016.xml","bdee042a721677e3e5e70e5f3618256806e0932795811c6de8d026b41ec3c764","3-dde3fdc93a84f9bbc983d1123d63bd3023401deee7f3c6de0bfe2fa82e1024ce","","","1-df0e9f143cfb04fcb4d17d880eefb3a70afccd4ca0e35d3d6d65dd6117c817c2","root.record.ItemExhibitList.P5Item.CostElementCategoryList.AncillaryEquipment.Recurring.CostElementList.CostElement"
"2019","AFMC/AAC","2019-05","2020-07","112","0.040","true","2015-01","SS","FFP","2016-BASE_PROCUREMENT-2016-AIRFORCE_AMMUNITION-PROCUREMENT_JustificationBook_Air_Force_PB_2016.zzz_unzipped-PROCUREMENT_JustificationBook_Air_Force_PB_2016.xml","bdee042a721677e3e5e70e5f3618256806e0932795811c6de8d026b41ec3c764","4-bbcd219ce8665618f997350d37ff848b9148058494f73e6e6ee3464ad1ddd73e","","","1-df0e9f143cfb04fcb4d17d880eefb3a70afccd4ca0e35d3d6d65dd6117c817c2","root.record.ItemExhibitList.P5Item.CostElementCategoryList.AncillaryEquipment.Recurring.CostElementList.CostElement"
"2020","AFMC/AAC","2020-05","2021-07","114","0.040","true","","SS","FFP","2016-BASE_PROCUREMENT-2016-AIRFORCE_AMMUNITION-PROCUREMENT_JustificationBook_Air_Force_PB_2016.zzz_unzipped-PROCUREMENT_JustificationBook_Air_Force_PB_2016.xml","bdee042a721677e3e5e70e5f3618256806e0932795811c6de8d026b41ec3c764","5-2e9a65d0446c51aaf5045d0254751d5bff119f66158392034a05bfe2a77e8ea2","","","1-df0e9f143cfb04fcb4d17d880eefb3a70afccd4ca0e35d3d6d65dd6117c817c2","root.record.ItemExhibitList.P5Item.CostElementCategoryList.AncillaryEquipment.Recurring.CostElementList.CostElement"
"2016","AFMC/AAC","2016-05","2017-07","150","0.049","true","2015-01","SS","FFP","2016-BASE_PROCUREMENT-2016-AIRFORCE_AMMUNITION-PROCUREMENT_MasterJustificationBook_Air_Force_PB_2016.zzz_unzipped-PROCUREMENT_MasterJustificationBook_Air_Force_PB_2016.xml","0405e21ec303f808ccdc5e52c17f9e11b90ad768be9d21f077d3c4e2706d2147","0-c0ceae9024de4b5696dbad5294f21c217fd7c90c1817de76ede639dd53dc3803","May 2016","","1-adf9d3bf86b6952960f2270389a40683d3b167101373e7cf0fb0e9eb0d6d57b9","root.record.ItemExhibitList.P5Item.CostElementCategoryList.AncillaryEquipment.Recurring.CostElementList.CostElement"
"2016","AFMC/AAC","2016-05","2017-07","75","0.048","true","","SS","FFP","2016-BASE_PROCUREMENT-2016-AIRFORCE_AMMUNITION-PROCUREMENT_MasterJustificationBook_Air_Force_PB_2016.zzz_unzipped-PROCUREMENT_MasterJustificationBook_Air_Force_PB_2016.xml","0405e21ec303f808ccdc5e52c17f9e11b90ad768be9d21f077d3c4e2706d2147","1-819963403208d850b6168c8873eeebf691348afbde5f28e7b6fd36b7afb00228","May 2016","true","1-adf9d3bf86b6952960f2270389a40683d3b167101373e7cf0fb0e9eb0d6d57b9","root.record.ItemExhibitList.P5Item.CostElementCategoryList.AncillaryEquipment.Recurring.CostElementList.CostElement"
"2017","AFMC/AAC","2017-05","2018-07","108","0.040","true","2015-01","SS","FFP","2016-BASE_PROCUREMENT-2016-AIRFORCE_AMMUNITION-PROCUREMENT_MasterJustificationBook_Air_Force_PB_2016.zzz_unzipped-PROCUREMENT_MasterJustificationBook_Air_Force_PB_2016.xml","0405e21ec303f808ccdc5e52c17f9e11b90ad768be9d21f077d3c4e2706d2147","2-dcf42c419d31314c03df1d87c0eaa9619ea7c120f24f83a171ca5f62a9f72d62","","","1-adf9d3bf86b6952960f2270389a40683d3b167101373e7cf0fb0e9eb0d6d57b9","root.record.ItemExhibitList.P5Item.CostElementCategoryList.AncillaryEquipment.Recurring.CostElementList.CostElement"
"2018","AFMC/AAC","2018-05","2019-07","112","0.039","true","2015-01","SS","FFP","2016-BASE_PROCUREMENT-2016-AIRFORCE_AMMUNITION-PROCUREMENT_MasterJustificationBook_Air_Force_PB_2016.zzz_unzipped-PROCUREMENT_MasterJustificationBook_Air_Force_PB_2016.xml","0405e21ec303f808ccdc5e52c17f9e11b90ad768be9d21f077d3c4e2706d2147","3-88521980baf0feb761de1126e830b77195f335268fe50406890d93c5ac72a7b6","","","1-adf9d3bf86b6952960f2270389a40683d3b167101373e7cf0fb0e9eb0d6d57b9","root.record.ItemExhibitList.P5Item.CostElementCategoryList.AncillaryEquipment.Recurring.CostElementList.CostElement"
"2019","AFMC/AAC","2019-05","2020-07","112","0.040","true","2015-01","SS","FFP","2016-BASE_PROCUREMENT-2016-AIRFORCE_AMMUNITION-PROCUREMENT_MasterJustificationBook_Air_Force_PB_2016.zzz_unzipped-PROCUREMENT_MasterJustificationBook_Air_Force_PB_2016.xml","0405e21ec303f808ccdc5e52c17f9e11b90ad768be9d21f077d3c4e2706d2147","4-f03368ab785cd3171bc44ee365ac5fc9edf79dd243df5fe919ad95ff6e9064fe","","","1-adf9d3bf86b6952960f2270389a40683d3b167101373e7cf0fb0e9eb0d6d57b9","root.record.ItemExhibitList.P5Item.CostElementCategoryList.AncillaryEquipment.Recurring.CostElementList.CostElement"
"2020","AFMC/AAC","2020-05","2021-07","114","0.040","true","","SS","FFP","2016-BASE_PROCUREMENT-2016-AIRFORCE_AMMUNITION-PROCUREMENT_MasterJustificationBook_Air_Force_PB_2016.zzz_unzipped-PROCUREMENT_MasterJustificationBook_Air_Force_PB_2016.xml","0405e21ec303f808ccdc5e52c17f9e11b90ad768be9d21f077d3c4e2706d2147","5-8177083875b13c2875c428a3494c94a9e6da6719d02e00705a4704eb66ae2788","","","1-adf9d3bf86b6952960f2270389a40683d3b167101373e7cf0fb0e9eb0d6d57b9","root.record.ItemExhibitList.P5Item.CostElementCategoryList.AncillaryEquipment.Recurring.CostElementList.CostElement"
