Name_val,Location_val,MinimumSustainingRate_val,MaximumProductionRate_val,Rate185_val,InitialQuantity_AdminLeadTimeBeforeOct1InMonths_val,InitialQuantity_AdminLeadTimeAfterOct1InMonths_val,InitialQuantity_ProductionLeadTimeAfterOct1InMonths_val,InitialQuantity_TotalLeadTimeAfterOct1InMonths_val,ReorderQuantity_AdminLeadTimeBeforeOct1InMonths_val,ReorderQuantity_AdminLeadTimeAfterOct1InMonths_val,ReorderQuantity_ProductionLeadTimeAfterOct1InMonths_val,ReorderQuantity_TotalLeadTimeAfterOct1InMonths_val,@SOURCE_FILENAME,@RECORDID,@ROWID,@PARENTROWID,@PARENT
"BAE Systems","Nashua, NH","24","1000","600","6","6","6","12","6","6","6","12","2014-BASE_PROCUREMENT-2014-ARMY_AIRCRAFT-PROCUREMENT_JustificationBook_Army_PB_2014.zzz_unzipped-PROCUREMENT_JustificationBook_Army_PB_2014.xml","7424cd444ec3bd9cc778e3e016fb369e95039e3b37d88e0c13f5bf04624acc83","0-2d601eab52e4ae4edcc3209277274974f278d7322fdee6fa1c36dad8fa7595b5","4-b54405544580c799f2f1afacbd075efc0527fc543dcfc75db2382d319f48edc9","root.record.ItemExhibitList.P5Item.CostElementCategoryList.Support.CostElementList.CostElement"
"Raytheon","FL","","","","","","","","","","","","2014-BASE_PROCUREMENT-2014-DEFENSE_DISA-PROCUREMENT_JustificationBook_Defense_Information_Systems_Agency_PB_2014.zzz_unzipped-PROCUREMENT_JustificationBook_Defense_Information_Systems_Agency_PB_2014.xml","cba25fef3ae29418ab6486735f2bf577629f2dd2828004af6fbf0effbb20815b","0-f0ef10a27beaf19bc0a6e4d211e7c460e1ec2e0df1a94114eb02cae59cfd4ffb","0-47b78eb2d2ee9ad138421b5e9dc46fdabe8617892e631e56b7b61ca7da90c71a","root.record.ItemExhibitList.P5Item.CostElementCategoryList.Support.CostElementList.CostElement"
"Raytheon","FL","","","","","","","","","","","","2014-BASE_PROCUREMENT-2014-DEFENSE_DISA-PROCUREMENT_JustificationBook_Defense_Information_Systems_Agency_PB_2014.zzz_unzipped-PROCUREMENT_JustificationBook_Defense_Information_Systems_Agency_PB_2014.xml","cba25fef3ae29418ab6486735f2bf577629f2dd2828004af6fbf0effbb20815b","0-1042afc90942e8943bcd472000b0dfef33de184300a05e9cecc838eea1c8b9a4","0-f9f119348be2746574bcb9b6dbfe0561ce54882319fb491258052414f1c990c0","root.record.ItemExhibitList.P5Item.CostElementCategoryList.Support.CostElementList.CostElement"
"Raytheon","FL","","","","","","","","","","","","2014-BASE_PROCUREMENT-2014-DEFENSE_DISA-PROCUREMENT_JustificationBook_Defense_Information_Systems_Agency_PB_2014.zzz_unzipped-PROCUREMENT_JustificationBook_Defense_Information_Systems_Agency_PB_2014.xml","cba25fef3ae29418ab6486735f2bf577629f2dd2828004af6fbf0effbb20815b","0-79840c3f903a1350baacffed84c7f26c174ae709689df59a5d7c9f0b2430b27b","1-f31fc29394ccd93b7acb3ef5d5e106b43f6c67b8e90075763f4bedf1e36c5c85","root.record.ItemExhibitList.P5Item.CostElementCategoryList.Support.CostElementList.CostElement"
"Raytheon","FL","","","","","","","","","","","","2014-BASE_PROCUREMENT-2014-DEFENSE_DISA-PROCUREMENT_JustificationBook_Defense_Information_Systems_Agency_PB_2014.zzz_unzipped-PROCUREMENT_JustificationBook_Defense_Information_Systems_Agency_PB_2014.xml","cba25fef3ae29418ab6486735f2bf577629f2dd2828004af6fbf0effbb20815b","0-d64ad32ebfa92e882bb1ae87fb794274a0484236e58e94ca47d0fee17471c5f0","2-c8353cf49737bd717292d58e90120ff2d77c89a23847c95ddd11a3ab25890e08","root.record.ItemExhibitList.P5Item.CostElementCategoryList.Support.CostElementList.CostElement"
"Raytheon","FL","","","","","","","","","","","","2014-BASE_PROCUREMENT-2014-DEFENSE_VOL1-PROCUREMENT_MasterJustificationBook_Defense-Wide_PB_2014.zzz_unzipped-PROCUREMENT_MasterJustificationBook_Defense-Wide_PB_2014.xml","4d360eed146407a9526a8af340d12602d3d56cadb0857bd27ef69ddd7bbcec85","0-33c24decbd2003511e437ecc5f4a5e43de25a7e6a3b3b6777a25e3a84d9c449e","0-8a1d1f7eec4c46b4d8c6302c1a16c2a773b3c64692b3dd0a20e5782d490e9484","root.record.ItemExhibitList.P5Item.CostElementCategoryList.Support.CostElementList.CostElement"
"Raytheon","FL","","","","","","","","","","","","2014-BASE_PROCUREMENT-2014-DEFENSE_VOL1-PROCUREMENT_MasterJustificationBook_Defense-Wide_PB_2014.zzz_unzipped-PROCUREMENT_MasterJustificationBook_Defense-Wide_PB_2014.xml","4d360eed146407a9526a8af340d12602d3d56cadb0857bd27ef69ddd7bbcec85","0-b75f8f86ea3783e97f483f35bf5302f86ed4f66ab54a43bb033accf1a0c319db","0-cf8d946bd57c41cde8a769ecdd6d5bee71412c30bcd14237db253ad6785706ce","root.record.ItemExhibitList.P5Item.CostElementCategoryList.Support.CostElementList.CostElement"
"Raytheon","FL","","","","","","","","","","","","2014-BASE_PROCUREMENT-2014-DEFENSE_VOL1-PROCUREMENT_MasterJustificationBook_Defense-Wide_PB_2014.zzz_unzipped-PROCUREMENT_MasterJustificationBook_Defense-Wide_PB_2014.xml","4d360eed146407a9526a8af340d12602d3d56cadb0857bd27ef69ddd7bbcec85","0-b7bbf6a9db7f2c5b0bae4474b958587b55c0c0464c36b5384fb45e51fbb0348c","1-1562aaddd029cc81f3c1c7342be138ab18c123e85ae3294a636fca054eec767b","root.record.ItemExhibitList.P5Item.CostElementCategoryList.Support.CostElementList.CostElement"
"Raytheon","FL","","","","","","","","","","","","2014-BASE_PROCUREMENT-2014-DEFENSE_VOL1-PROCUREMENT_MasterJustificationBook_Defense-Wide_PB_2014.zzz_unzipped-PROCUREMENT_MasterJustificationBook_Defense-Wide_PB_2014.xml","4d360eed146407a9526a8af340d12602d3d56cadb0857bd27ef69ddd7bbcec85","0-4a925f76ffc315e6d811517f96e1aad7a9f845b0e1d2b33f56f78c3cc33c0db0","2-34b36164387a6330107987801fcfe1a860253de57cf0dfcbd1710aaf38be0739","root.record.ItemExhibitList.P5Item.CostElementCategoryList.Support.CostElementList.CostElement"
"BAE Systems","Nashua, NH","24","1000","600","0","3","9","12","0","3","9","12","2015-BASE_PROCUREMENT-2015-ARMY_AIRCRAFT-PROCUREMENT_JustificationBook_Army_PB_2015.zzz_unzipped-PROCUREMENT_JustificationBook_Army_PB_2015.xml","9a1873cad4521949934e526dc24cae6111fdb0711ce69b1e93bdfd0bf8223cb3","0-78b7c9eaae7b57c87d5ce40e35784ea4b75fd47976b4aee039d255f8d05be465","3-efc8cb199927937b378ab9a76541bc323c71ec6debd5fbc11c2297a3cead94f5","root.record.ItemExhibitList.P5Item.CostElementCategoryList.Support.CostElementList.CostElement"
"GSM ETI","Various","","","","","","","","","","","","2015-BASE_PROCUREMENT-2015-DEFENSE_DISA-PROCUREMENT_JustificationBook_Defense_Information_Systems_Agency_PB_2015.zzz_unzipped-PROCUREMENT_JustificationBook_Defense_Information_Systems_Agency_PB_2015.xml","b4a2bfa222274882e1035a15dfb0b4c9d8c25f2347323e4862655e6df742eb3b","0-f2a96053a4c8725ed76040f8afe70b92c67ff0856ac5943b29cce666cdb0b641","5-527b5c1a4bcd3ed71e45e17f6b045aeeca69d840540380e68f1d71418618ef09","root.record.ItemExhibitList.P5Item.CostElementCategoryList.Support.CostElementList.CostElement"
"Raytheon","FL","","","","","","","","","","","","2015-BASE_PROCUREMENT-2015-DEFENSE_DISA-PROCUREMENT_JustificationBook_Defense_Information_Systems_Agency_PB_2015.zzz_unzipped-PROCUREMENT_JustificationBook_Defense_Information_Systems_Agency_PB_2015.xml","b4a2bfa222274882e1035a15dfb0b4c9d8c25f2347323e4862655e6df742eb3b","0-7411034acd66098c79acd4b3ecf62ff0ea830639991045f7ed224e3b38dfdad6","0-75a4e65f4c4c45a368b7c4d14a7b2d937b73959adbbc1446d4de24f138d965f4","root.record.ItemExhibitList.P5Item.CostElementCategoryList.Support.CostElementList.CostElement"
"Raytheon","FL","","","","","","","","","","","","2015-BASE_PROCUREMENT-2015-DEFENSE_DISA-PROCUREMENT_JustificationBook_Defense_Information_Systems_Agency_PB_2015.zzz_unzipped-PROCUREMENT_JustificationBook_Defense_Information_Systems_Agency_PB_2015.xml","b4a2bfa222274882e1035a15dfb0b4c9d8c25f2347323e4862655e6df742eb3b","0-f9c685132b1fce9bce0573da5eed9b9df9264c6ac514425a2da28808c6d8c1f4","0-8d8ba73fd0941253427a614477628fa60d2570797ee2f90045243db82f43e6c6","root.record.ItemExhibitList.P5Item.CostElementCategoryList.Support.CostElementList.CostElement"
"Raytheon","FL","","","","","","","","","","","","2015-BASE_PROCUREMENT-2015-DEFENSE_DISA-PROCUREMENT_JustificationBook_Defense_Information_Systems_Agency_PB_2015.zzz_unzipped-PROCUREMENT_JustificationBook_Defense_Information_Systems_Agency_PB_2015.xml","b4a2bfa222274882e1035a15dfb0b4c9d8c25f2347323e4862655e6df742eb3b","0-4d1225651ce9b6fe7486b2ab9a9b8b27122e0b6843ccd32440345e3837606cf7","1-2790b7d43c75d58ac86500a72a06ac0eccd717bc5bcd80eed2ea9d6290bd5d65","root.record.ItemExhibitList.P5Item.CostElementCategoryList.Support.CostElementList.CostElement"
"Raytheon","FL","","","","","","","","","","","","2015-BASE_PROCUREMENT-2015-DEFENSE_DISA-PROCUREMENT_JustificationBook_Defense_Information_Systems_Agency_PB_2015.zzz_unzipped-PROCUREMENT_JustificationBook_Defense_Information_Systems_Agency_PB_2015.xml","b4a2bfa222274882e1035a15dfb0b4c9d8c25f2347323e4862655e6df742eb3b","0-3ed5c74e9aa83c0e207e6356ef1e35268eacef4369bf8407d28d5b1c1a49a5f6","2-93856cec060789c0d888b47baf73bd7455a0b2e5a6c99743f702c165595e7fed","root.record.ItemExhibitList.P5Item.CostElementCategoryList.Support.CostElementList.CostElement"
"GSM ETI","Various","","","","","","","","","","","","2015-BASE_PROCUREMENT-2015-DEFENSE_DISA-PROCUREMENT_MasterJustificationBook_Defense_Information_Systems_Agency_PB_2015.zzz_unzipped-PROCUREMENT_MasterJustificationBook_Defense_Information_Systems_Agency_PB_2015.xml","a142c81e24088ccf76f5b06f779fca0d49ce474dee0c7d8dae3f938eb877e7a7","0-f61392388977b1e0e8c0ab1fa870e50186f036cd0c0f5514a20db7bf229e1593","5-99a4425a9f88458eaacbfbfd06b92eb7a5bd0e798a36872970f5516a6f7cefc0","root.record.ItemExhibitList.P5Item.CostElementCategoryList.Support.CostElementList.CostElement"
"Raytheon","FL","","","","","","","","","","","","2015-BASE_PROCUREMENT-2015-DEFENSE_DISA-PROCUREMENT_MasterJustificationBook_Defense_Information_Systems_Agency_PB_2015.zzz_unzipped-PROCUREMENT_MasterJustificationBook_Defense_Information_Systems_Agency_PB_2015.xml","a142c81e24088ccf76f5b06f779fca0d49ce474dee0c7d8dae3f938eb877e7a7","0-23484ba0c4dca9ffbdf2c81446e03ace3717ac9fa4a4a5a4b293677ecedce37c","0-6b85386fc87fa69db9fd7388b5c9b400eae2ee9c32357cf55bd3420f0502297b","root.record.ItemExhibitList.P5Item.CostElementCategoryList.Support.CostElementList.CostElement"
"Raytheon","FL","","","","","","","","","","","","2015-BASE_PROCUREMENT-2015-DEFENSE_DISA-PROCUREMENT_MasterJustificationBook_Defense_Information_Systems_Agency_PB_2015.zzz_unzipped-PROCUREMENT_MasterJustificationBook_Defense_Information_Systems_Agency_PB_2015.xml","a142c81e24088ccf76f5b06f779fca0d49ce474dee0c7d8dae3f938eb877e7a7","0-72219451c3747b4c73d225b4f55bbe016e5994f18565e0acc2feccfe0fedc331","0-b7025297bf34720740ee43af1678e6f0251e4a037dd6889b3b28f3cdadce2214","root.record.ItemExhibitList.P5Item.CostElementCategoryList.Support.CostElementList.CostElement"
"Raytheon","FL","","","","","","","","","","","","2015-BASE_PROCUREMENT-2015-DEFENSE_DISA-PROCUREMENT_MasterJustificationBook_Defense_Information_Systems_Agency_PB_2015.zzz_unzipped-PROCUREMENT_MasterJustificationBook_Defense_Information_Systems_Agency_PB_2015.xml","a142c81e24088ccf76f5b06f779fca0d49ce474dee0c7d8dae3f938eb877e7a7","0-5501e466f3cba7e463b279f63e40c4930f7fe4d4bdb306f5c08f3957e69b8038","1-4b4f24deeae13942d7704efe4e99cff243448a2772bfe7bae3cf6015bf70c84b","root.record.ItemExhibitList.P5Item.CostElementCategoryList.Support.CostElementList.CostElement"
"Raytheon","FL","","","","","","","","","","","","2015-BASE_PROCUREMENT-2015-DEFENSE_DISA-PROCUREMENT_MasterJustificationBook_Defense_Information_Systems_Agency_PB_2015.zzz_unzipped-PROCUREMENT_MasterJustificationBook_Defense_Information_Systems_Agency_PB_2015.xml","a142c81e24088ccf76f5b06f779fca0d49ce474dee0c7d8dae3f938eb877e7a7","0-f456929879155f2988bb1fbfca4bef7aa3cdb6f72d3563ad20b2dc1628409ca4","2-098c4e68cf9e29bf84ab1dcc14ea1d5d24471dffd4325783f4e81019b31be7d1","root.record.ItemExhibitList.P5Item.CostElementCategoryList.Support.CostElementList.CostElement"
"GSM ETI","Various","","","","","","","","","","","","2015-BASE_PROCUREMENT-2015-DEFENSE_VOL1-PROCUREMENT_MasterJustificationBook_Defense-Wide_PB_2015.zzz_unzipped-PROCUREMENT_MasterJustificationBook_Defense-Wide_PB_2015.xml","f8fb97f0c35eb66e82a2dd33be510d6d7ff7f0d5096fc825199018e824e85efc","0-da37b8f64e3c9e84d745c3fa852fc800a66b9068694b6432ec94b186fb64423d","5-f58749195f5fbca8289e54c0a3f1a4f0b37e088604e3c038944b1e879c4d72e5","root.record.ItemExhibitList.P5Item.CostElementCategoryList.Support.CostElementList.CostElement"
"Raytheon","FL","","","","","","","","","","","","2015-BASE_PROCUREMENT-2015-DEFENSE_VOL1-PROCUREMENT_MasterJustificationBook_Defense-Wide_PB_2015.zzz_unzipped-PROCUREMENT_MasterJustificationBook_Defense-Wide_PB_2015.xml","f8fb97f0c35eb66e82a2dd33be510d6d7ff7f0d5096fc825199018e824e85efc","0-a54a82d0c8633d07bfc94e2a9eb74859cc7cd176dc69f3e0af68ce0793974773","0-f178e0db59e4888add89a0ed1e12309acb81d433cced2e9fb1fdcf8cc65a1419","root.record.ItemExhibitList.P5Item.CostElementCategoryList.Support.CostElementList.CostElement"
"Raytheon","FL","","","","","","","","","","","","2015-BASE_PROCUREMENT-2015-DEFENSE_VOL1-PROCUREMENT_MasterJustificationBook_Defense-Wide_PB_2015.zzz_unzipped-PROCUREMENT_MasterJustificationBook_Defense-Wide_PB_2015.xml","f8fb97f0c35eb66e82a2dd33be510d6d7ff7f0d5096fc825199018e824e85efc","0-6584fb625ef68bd104cc7415794970e407be6b26cbc24ea5cdcf28a429a8f4ba","0-7c90e05dabc674299a82f80317dcbf941e6c1788018889c933e32cd234433d3b","root.record.ItemExhibitList.P5Item.CostElementCategoryList.Support.CostElementList.CostElement"
"Raytheon","FL","","","","","","","","","","","","2015-BASE_PROCUREMENT-2015-DEFENSE_VOL1-PROCUREMENT_MasterJustificationBook_Defense-Wide_PB_2015.zzz_unzipped-PROCUREMENT_MasterJustificationBook_Defense-Wide_PB_2015.xml","f8fb97f0c35eb66e82a2dd33be510d6d7ff7f0d5096fc825199018e824e85efc","0-7fda657f75c0a613f93a7fe55319f207272791cd2c750c40918a1d30a1255f18","1-0c2695ee0125103ff5f8ea0c0823e5cede57208c0be653701fa7e683f2188b7b","root.record.ItemExhibitList.P5Item.CostElementCategoryList.Support.CostElementList.CostElement"
"Raytheon","FL","","","","","","","","","","","","2015-BASE_PROCUREMENT-2015-DEFENSE_VOL1-PROCUREMENT_MasterJustificationBook_Defense-Wide_PB_2015.zzz_unzipped-PROCUREMENT_MasterJustificationBook_Defense-Wide_PB_2015.xml","f8fb97f0c35eb66e82a2dd33be510d6d7ff7f0d5096fc825199018e824e85efc","0-b75a39646810baac8969c6cb0499cf99428996b78661b6266dcfcd8d5522458f","2-b8d0c01e859c8f3792078dc79da6bf946879bd0658f363441ccc13d1cd373588","root.record.ItemExhibitList.P5Item.CostElementCategoryList.Support.CostElementList.CostElement"
"FN MANUFACTURING","COLUMBIA, SC","0.00","0.00","0.00","0","0","0","0","0","0","0","0","2016-BASE_PROCUREMENT-2016-AIRFORCE_AMMUNITION-PROCUREMENT_JustificationBook_Air_Force_PB_2016.zzz_unzipped-PROCUREMENT_JustificationBook_Air_Force_PB_2016.xml","71bb89db9689567af8f2723844d961955b47a1c0be7a5135c3bac8c7deab71b1","0-cb9a32fae5b4573aa57bda4a7b5e90822b8e41a11b78fac1d4b82b30f300a6d7","0-bb9b706a2d24e959ba77e4aac298937f9484cd5621c732f68e83d0610e11bede","root.record.ItemExhibitList.P5Item.CostElementCategoryList.Support.CostElementList.CostElement"
"FN MANUFACTURING","COLUMBIA, SC","0.00","0.00","0.00","0","0","0","0","0","0","0","0","2016-BASE_PROCUREMENT-2016-AIRFORCE_AMMUNITION-PROCUREMENT_MasterJustificationBook_Air_Force_PB_2016.zzz_unzipped-PROCUREMENT_MasterJustificationBook_Air_Force_PB_2016.xml","38fcdfdda9233b9f1d0767030b7c148e0a2a3e60a66c65aa05d126641d035dc4","0-8e7f15f25f7f5aa1fe24591d363a8e34a7428564d146a1c33023b9718123caf0","0-b56d64b4480c9f1260c852b324b0974f0b7f2bf4d21375ccdeac2a76aea833ae","root.record.ItemExhibitList.P5Item.CostElementCategoryList.Support.CostElementList.CostElement"
"MULTIPLE","MULTIPLE","0.00","0.00","0.00","0","0","0","0","0","0","0","0","2016-BASE_PROCUREMENT-2016-AIRFORCE_MISSILE-PROCUREMENT_JustificationBook_Air_Force_PB_2016.zzz_unzipped-PROCUREMENT_JustificationBook_Air_Force_PB_2016.xml","61c0a556a6347ba180c63d4c610a0bad4bb2844558560f20ab1410ae031f2f79","0-9d13fbc5ac3c9e2b7009efcfead8e672d1c0648ea219596e4027c2e7c4d402a2","0-6057c32764f87aa1b1f74ef4d807ede1d6dd9bcddc69f943381c44ef5443a7e6","root.record.ItemExhibitList.P5Item.CostElementCategoryList.Support.CostElementList.CostElement"
"MULTIPLE","MULTIPLE","0.00","0.00","0.00","0","0","0","0","0","0","0","0","2016-BASE_PROCUREMENT-2016-AIRFORCE_MISSILE-PROCUREMENT_JustificationBook_Air_Force_PB_2016.zzz_unzipped-PROCUREMENT_JustificationBook_Air_Force_PB_2016.xml","61c0a556a6347ba180c63d4c610a0bad4bb2844558560f20ab1410ae031f2f79","0-58b521f55feca36f3ee39c2e22cc02f75e6972951383a2879c5c22642785f2c6","1-d54de204bf56ecaca9fd31ea122a3dbc304e72b584dfd86c74725db57e35981a","root.record.ItemExhibitList.P5Item.CostElementCategoryList.Support.CostElementList.CostElement"
"MULTIPLE","MULTIPLE","0.00","0.00","0.00","0","0","0","0","0","0","0","0","2016-BASE_PROCUREMENT-2016-AIRFORCE_MISSILE-PROCUREMENT_MasterJustificationBook_Air_Force_PB_2016.zzz_unzipped-PROCUREMENT_MasterJustificationBook_Air_Force_PB_2016.xml","d3ec86aa5696af172515eaa02c00c1e05d801894caa2e7a07894d028dc6bb332","0-41d143f01ec83b10d57a6a6754e26f7a81739656e0f08a589ae121187ddcc415","0-f30e91e43282b37d693605a5d250b888ef78d4b2267af86547bfae37aec4fbbe","root.record.ItemExhibitList.P5Item.CostElementCategoryList.Support.CostElementList.CostElement"
"MULTIPLE","MULTIPLE","0.00","0.00","0.00","0","0","0","0","0","0","0","0","2016-BASE_PROCUREMENT-2016-AIRFORCE_MISSILE-PROCUREMENT_MasterJustificationBook_Air_Force_PB_2016.zzz_unzipped-PROCUREMENT_MasterJustificationBook_Air_Force_PB_2016.xml","d3ec86aa5696af172515eaa02c00c1e05d801894caa2e7a07894d028dc6bb332","0-f950dfc8031e29d76c7170761f31689ab02032ea1787cbceea7526c2d4b954d2","1-687924d3228da4da5fa7c24008cb56212ed2347d113a08fda64c979de19d1486","root.record.ItemExhibitList.P5Item.CostElementCategoryList.Support.CostElementList.CostElement"
"MULTIPLE","MULTIPLE","0.00","0.00","0.00","0","0","0","0","0","0","0","0","2016-BASE_PROCUREMENT-2016-AIRFORCE_SPACE-PROCUREMENT_JustificationBook_Air_Force_PB_2016.zzz_unzipped-PROCUREMENT_JustificationBook_Air_Force_PB_2016.xml","0deb4c45fa1ef1984477f24b5eea0df8544031e378c5263baf42899e35992f3e","0-9e5819f183517e0401c475893e8429a1106f3c49ed08ab83239fe4ef662d6655","0-91f16fe27b7beca8fd61b36e04a467843028b3a3a339c55e4bdb9a1d36f0310d","root.record.ItemExhibitList.P5Item.CostElementCategoryList.Support.CostElementList.CostElement"
"MULTIPLE","MULTIPLE","0.00","0.00","0.00","0","0","0","0","0","0","0","0","2016-BASE_PROCUREMENT-2016-AIRFORCE_SPACE-PROCUREMENT_JustificationBook_Air_Force_PB_2016.zzz_unzipped-PROCUREMENT_JustificationBook_Air_Force_PB_2016.xml","0deb4c45fa1ef1984477f24b5eea0df8544031e378c5263baf42899e35992f3e","0-a5f21557a9eee559e00d3663374722a39b4439d87a1f8446bcefae4142dc4811","1-e0d322a187f7e60ef24eed4cfb2d830af425c22c46d86a718629db290d495c0e","root.record.ItemExhibitList.P5Item.CostElementCategoryList.Support.CostElementList.CostElement"
"MULTIPLE","MULTIPLE","0.00","0.00","0.00","0","0","0","0","0","0","0","0","2016-BASE_PROCUREMENT-2016-AIRFORCE_SPACE-PROCUREMENT_MasterJustificationBook_Air_Force_PB_2016.zzz_unzipped-PROCUREMENT_MasterJustificationBook_Air_Force_PB_2016.xml","2a2199d67cacfc237cc5f4fb1cb2d87461c797a5ad442b57ed3498ab7c04c59c","0-62ca4043066c58258eab223032284d6c6bbe0474b2b64ffddced7daa4c09f8b3","0-09f53095fe2d2ef283f4e6f311ad80f1d9d8b27684bb79ff21dc5edc6364e144","root.record.ItemExhibitList.P5Item.CostElementCategoryList.Support.CostElementList.CostElement"
"MULTIPLE","MULTIPLE","0.00","0.00","0.00","0","0","0","0","0","0","0","0","2016-BASE_PROCUREMENT-2016-AIRFORCE_SPACE-PROCUREMENT_MasterJustificationBook_Air_Force_PB_2016.zzz_unzipped-PROCUREMENT_MasterJustificationBook_Air_Force_PB_2016.xml","2a2199d67cacfc237cc5f4fb1cb2d87461c797a5ad442b57ed3498ab7c04c59c","0-30cf238ce06a82b6def7e5bb8cd2ad75b80e515c3c478d29a7022aa429093091","1-a29e331fe305453268d5172b67f48697abcbd7fe0279df2c1726b26a3f43ac13","root.record.ItemExhibitList.P5Item.CostElementCategoryList.Support.CostElementList.CostElement"
"Multiple","Multiple","0.00","0.00","0.00","0","0","0","0","0","0","0","0","2016-BASE_PROCUREMENT-2016-AIRFORCE_OTHER-PROCUREMENT_JustificationBook_Air_Force_PB_2016.zzz_unzipped-PROCUREMENT_JustificationBook_Air_Force_PB_2016.xml","59494116396e69660e75d77397a4826440aeb0f74e218dea5d849876aa3e9ff7","0-8285228e1b467630bc275cf5f62d1ab9fc8045fce3239b0a662087a15ad436df","0-e3e6baaa7ad1ea9b11e65b61f6ef66f9aeb2fa08be312fe970b6aa7a39382697","root.record.ItemExhibitList.P5Item.CostElementCategoryList.Support.CostElementList.CostElement"
"Multiple","Multiple","0.00","0.00","0.00","0","0","0","0","0","0","0","0","2016-BASE_PROCUREMENT-2016-AIRFORCE_OTHER-PROCUREMENT_MasterJustificationBook_Air_Force_PB_2016.zzz_unzipped-PROCUREMENT_MasterJustificationBook_Air_Force_PB_2016.xml","2b682caee02270a3f69e0b57abb623f02c776949655dc1b401fb2790291e9b29","0-187bcffb8eef6dc0a44bc2dc94eb0e171262d818e5e00cdb1a675ae0ea16ae3e","0-9114fb39d4abff42750f4741164ce9e767c5c3eae6f10a52c662ac6f67de8e45","root.record.ItemExhibitList.P5Item.CostElementCategoryList.Support.CostElementList.CostElement"
"BAE Systems","Nashua, NH","24","1000","600","0","3","9","12","0","3","9","12","2016-BASE_PROCUREMENT-2016-ARMY_AIRCRAFT-PROCUREMENT_JustificationBook_Army_PB_2016.zzz_unzipped-PROCUREMENT_JustificationBook_Army_PB_2016.xml","d0faa6bb647f25deaeff34e03fb27743c073d7601384b99f8fa7a3c57893f097","0-521b257eb085b4a8e760b76ad4f34fcbcec3c95b4c3697c2ae550aab9195cbac","3-31e3076fd8108ba91d238aa6e071a64f69698b5cd8183f8a2fe5b647cf173e72","root.record.ItemExhibitList.P5Item.CostElementCategoryList.Support.CostElementList.CostElement"
"PM I3C2","Ft. Belvoir, VA","","","","0","0","0","0","0","0","0","0","2016-BASE_PROCUREMENT-2016-ARMY_OTHER_2-PROCUREMENT_JustificationBook_Army_PB_2016.zzz_unzipped-PROCUREMENT_JustificationBook_Army_PB_2016.xml","0daeb3840995e315e0845fec38ebc9e30d4d58064f2184f55430dcb7cef2d891","0-088be5c63e10c99a796e2ca210aefa17559f40795188f7130e1739d35ec5633f","0-0b2b7651773f5e0e89687bf2e69d738023c9c1109451754bcbffabb8757a540c","root.record.ItemExhibitList.P5Item.CostElementCategoryList.Support.CostElementList.CostElement"
"PM I3C2","Ft. Belvoir, VA","","","","0","0","0","0","0","0","0","0","2016-BASE_PROCUREMENT-2016-ARMY_OTHER_2-PROCUREMENT_JustificationBook_Army_PB_2016.zzz_unzipped-PROCUREMENT_JustificationBook_Army_PB_2016.xml","0daeb3840995e315e0845fec38ebc9e30d4d58064f2184f55430dcb7cef2d891","0-34351bdc3d5ae18bec80a0dc31321d1255c714fc592157f30209210edd9d8308","0-c903fae81182760fdd1f4722c47c8360412914ba6d59d50dec20935e08099f1e","root.record.ItemExhibitList.P5Item.CostElementCategoryList.Support.CostElementList.CostElement"
"GSM ETI","Various","","","","","","","","","","","","2016-BASE_PROCUREMENT-2016-DEFENSE_DISA-PROCUREMENT_JustificationBook_Defense_Information_Systems_Agency_PB_2016.zzz_unzipped-PROCUREMENT_JustificationBook_Defense_Information_Systems_Agency_PB_2016.xml","dae3a3a4e1c3c917c599d350ec43c3a226320faf050977de21e224ac91e9b5cf","0-d50b601e7b317500046f34623e24d78b42f41fdacc0b9e2b4f38e5e6b18a00da","5-4dcaec51ca595b30d8ee0308ca8788bd64fc8d036ce78b54d7497ef9c07b0eee","root.record.ItemExhibitList.P5Item.CostElementCategoryList.Support.CostElementList.CostElement"
"Raytheon","FL","","","","","","","","","","","","2016-BASE_PROCUREMENT-2016-DEFENSE_DISA-PROCUREMENT_JustificationBook_Defense_Information_Systems_Agency_PB_2016.zzz_unzipped-PROCUREMENT_JustificationBook_Defense_Information_Systems_Agency_PB_2016.xml","dae3a3a4e1c3c917c599d350ec43c3a226320faf050977de21e224ac91e9b5cf","0-271c3231b74f554a98d7e6eaab2d44c3b45f1a4c3e6b606a222971a34bda775c","0-aceb3754ff6d1f051ed02d675238f6ecc9f2302819e347cd5b38f183d1a9045f","root.record.ItemExhibitList.P5Item.CostElementCategoryList.Support.CostElementList.CostElement"
"Raytheon","FL","","","","","","","","","","","","2016-BASE_PROCUREMENT-2016-DEFENSE_DISA-PROCUREMENT_JustificationBook_Defense_Information_Systems_Agency_PB_2016.zzz_unzipped-PROCUREMENT_JustificationBook_Defense_Information_Systems_Agency_PB_2016.xml","dae3a3a4e1c3c917c599d350ec43c3a226320faf050977de21e224ac91e9b5cf","0-479ea249d125192aee0141aeecc3267f5686070187a6fab7c9b5ce068c9ca67b","0-f6ed0e2e37f6850f03478d1d504dfb91fe6272a0847db1bd968fc4322c7e5f10","root.record.ItemExhibitList.P5Item.CostElementCategoryList.Support.CostElementList.CostElement"
"Raytheon","FL","","","","","","","","","","","","2016-BASE_PROCUREMENT-2016-DEFENSE_DISA-PROCUREMENT_JustificationBook_Defense_Information_Systems_Agency_PB_2016.zzz_unzipped-PROCUREMENT_JustificationBook_Defense_Information_Systems_Agency_PB_2016.xml","dae3a3a4e1c3c917c599d350ec43c3a226320faf050977de21e224ac91e9b5cf","0-1c1f70fc8c283c097c86ddcbb9f4689d865c85725bd8b1b42521cb18ade8af24","1-1641d5ca836171c42a9504c2f1c518e63d058390406e3452997450f30920c692","root.record.ItemExhibitList.P5Item.CostElementCategoryList.Support.CostElementList.CostElement"
"Raytheon","FL","","","","","","","","","","","","2016-BASE_PROCUREMENT-2016-DEFENSE_DISA-PROCUREMENT_JustificationBook_Defense_Information_Systems_Agency_PB_2016.zzz_unzipped-PROCUREMENT_JustificationBook_Defense_Information_Systems_Agency_PB_2016.xml","dae3a3a4e1c3c917c599d350ec43c3a226320faf050977de21e224ac91e9b5cf","0-79f447cb01d6f78b59a23f04aeae32d9bb01f96db5c55050d9c8450ebb9aefd0","2-570ce6dd730f02ce75ebd5cbc33ed4461e81e6b3794960ae9e7137771f3e6277","root.record.ItemExhibitList.P5Item.CostElementCategoryList.Support.CostElementList.CostElement"
"GSM ETI","Various","","","","","","","","","","","","2016-BASE_PROCUREMENT-2016-DEFENSE_DISA-PROCUREMENT_MasterJustificationBook_Defense_Information_Systems_Agency_PB_2016.zzz_unzipped-PROCUREMENT_MasterJustificationBook_Defense_Information_Systems_Agency_PB_2016.xml","bebf0444ff6624ed8a94a6d10ff2e33e3ab7c2bfc221b320f62da0b22b6fe720","0-575217dbad0b05d664d8482e27a0a45c5b6829cf6304780322a8491b28981026","5-a1f66358ce187bde3ded8920f0eb1802f8876bf953f763f20e654266c7ee7cb4","root.record.ItemExhibitList.P5Item.CostElementCategoryList.Support.CostElementList.CostElement"
"Raytheon","FL","","","","","","","","","","","","2016-BASE_PROCUREMENT-2016-DEFENSE_DISA-PROCUREMENT_MasterJustificationBook_Defense_Information_Systems_Agency_PB_2016.zzz_unzipped-PROCUREMENT_MasterJustificationBook_Defense_Information_Systems_Agency_PB_2016.xml","bebf0444ff6624ed8a94a6d10ff2e33e3ab7c2bfc221b320f62da0b22b6fe720","0-c11369c732b6bbd0ae6876914060ab7f19d6e9aeb098dda7b7dd40fc51af1587","0-655ba00fd2b240bf50aff5aad7e2ae73c8ed8319548cd1db0274dcc3c55dd775","root.record.ItemExhibitList.P5Item.CostElementCategoryList.Support.CostElementList.CostElement"
"Raytheon","FL","","","","","","","","","","","","2016-BASE_PROCUREMENT-2016-DEFENSE_DISA-PROCUREMENT_MasterJustificationBook_Defense_Information_Systems_Agency_PB_2016.zzz_unzipped-PROCUREMENT_MasterJustificationBook_Defense_Information_Systems_Agency_PB_2016.xml","bebf0444ff6624ed8a94a6d10ff2e33e3ab7c2bfc221b320f62da0b22b6fe720","0-19c84275b2a9cd061d22fa124ba9e1600cc3e2be2b38f92af01344dc9b6aad14","0-f548a90b95f1a11d6a8d581250e947331851be903e9e918a26954e619796df78","root.record.ItemExhibitList.P5Item.CostElementCategoryList.Support.CostElementList.CostElement"
"Raytheon","FL","","","","","","","","","","","","2016-BASE_PROCUREMENT-2016-DEFENSE_DISA-PROCUREMENT_MasterJustificationBook_Defense_Information_Systems_Agency_PB_2016.zzz_unzipped-PROCUREMENT_MasterJustificationBook_Defense_Information_Systems_Agency_PB_2016.xml","bebf0444ff6624ed8a94a6d10ff2e33e3ab7c2bfc221b320f62da0b22b6fe720","0-aef66c03a7456bd9a6b340f07b907439f999cc27c52e2dbec5a3c8b5532cccac","1-ead5086cc5dd734c393e762a3ca1196cd88afcd903135869bae10d90b086b453","root.record.ItemExhibitList.P5Item.CostElementCategoryList.Support.CostElementList.CostElement"
"Raytheon","FL","","","","","","","","","","","","2016-BASE_PROCUREMENT-2016-DEFENSE_DISA-PROCUREMENT_MasterJustificationBook_Defense_Information_Systems_Agency_PB_2016.zzz_unzipped-PROCUREMENT_MasterJustificationBook_Defense_Information_Systems_Agency_PB_2016.xml","bebf0444ff6624ed8a94a6d10ff2e33e3ab7c2bfc221b320f62da0b22b6fe720","0-7e8acf36e2e9db435e8dae72702f2524493ba66cf7f2094812a89bec72a3348d","2-2884992703a2477b0008de250f5b63147a70da01da85a73ed760c0ac494d8a99","root.record.ItemExhibitList.P5Item.CostElementCategoryList.Support.CostElementList.CostElement"
"GSM ETI","Various","","","","","","","","","","","","2016-BASE_PROCUREMENT-2016-DEFENSE_VOL1_ALL-PROCUREMENT_MasterJustificationBook_Defense-Wide_PB_2016.zzz_unzipped-PROCUREMENT_MasterJustificationBook_Defense-Wide_PB_2016.xml","571ee542d4cf5bc412d71e6caaa79683ff9dcab501f779c89e8c87d935a48228","0-b24071845b841facb6ef3e718c9174068f8690efa04d4ac2d200e03bc5087178","5-95fae325b270e3ee747b184ef9e56249fab8f6a47bedaa52877f66ccae0cf9cc","root.record.ItemExhibitList.P5Item.CostElementCategoryList.Support.CostElementList.CostElement"
"Raytheon","FL","","","","","","","","","","","","2016-BASE_PROCUREMENT-2016-DEFENSE_VOL1_ALL-PROCUREMENT_MasterJustificationBook_Defense-Wide_PB_2016.zzz_unzipped-PROCUREMENT_MasterJustificationBook_Defense-Wide_PB_2016.xml","571ee542d4cf5bc412d71e6caaa79683ff9dcab501f779c89e8c87d935a48228","0-df3656d29bd9fd87003a01a25877ae1a3d977c19d7ca14e9f703f210bc3d4853","0-a4aff50cedc10eb20fbc8a0a5aaa2c7a30d23d7091809abd87d79241175e4d07","root.record.ItemExhibitList.P5Item.CostElementCategoryList.Support.CostElementList.CostElement"
"Raytheon","FL","","","","","","","","","","","","2016-BASE_PROCUREMENT-2016-DEFENSE_VOL1_ALL-PROCUREMENT_MasterJustificationBook_Defense-Wide_PB_2016.zzz_unzipped-PROCUREMENT_MasterJustificationBook_Defense-Wide_PB_2016.xml","571ee542d4cf5bc412d71e6caaa79683ff9dcab501f779c89e8c87d935a48228","0-71fa6a2daf771022dddd8e462e6d5465736671bd29582c485df9cb7e8100811b","0-7a754cb9d524bae375508c1950791d7d327bc73ce03cce0246ec961d3fa43d78","root.record.ItemExhibitList.P5Item.CostElementCategoryList.Support.CostElementList.CostElement"
"Raytheon","FL","","","","","","","","","","","","2016-BASE_PROCUREMENT-2016-DEFENSE_VOL1_ALL-PROCUREMENT_MasterJustificationBook_Defense-Wide_PB_2016.zzz_unzipped-PROCUREMENT_MasterJustificationBook_Defense-Wide_PB_2016.xml","571ee542d4cf5bc412d71e6caaa79683ff9dcab501f779c89e8c87d935a48228","0-83dbe6681e681d6463a2a6c917c3abffeeff41fb970b465e300090fdee075283","1-b95fc317b784b7c98255a79b57a468da23818dbc6279ebd86a40454b7422bda0","root.record.ItemExhibitList.P5Item.CostElementCategoryList.Support.CostElementList.CostElement"
"Raytheon","FL","","","","","","","","","","","","2016-BASE_PROCUREMENT-2016-DEFENSE_VOL1_ALL-PROCUREMENT_MasterJustificationBook_Defense-Wide_PB_2016.zzz_unzipped-PROCUREMENT_MasterJustificationBook_Defense-Wide_PB_2016.xml","571ee542d4cf5bc412d71e6caaa79683ff9dcab501f779c89e8c87d935a48228","0-218fc231c08b4a7c3fc80f18365a40bef2d5a8ebb25717acd1ebd1fd318c4806","2-f691f90e181a161e5fc21bb58139212cae995f618b9a17708d6a96d51090057e","root.record.ItemExhibitList.P5Item.CostElementCategoryList.Support.CostElementList.CostElement"
"Lockheed Martin","Sunnyvale, CA","12","24","18","9","1","37","38","9","1","37","38","2016-BASE_PROCUREMENT-2016-NAVY_WEAPONS-PROCUREMENT_JustificationBook_Navy_PB_2016.zzz_unzipped-PROCUREMENT_JustificationBook_Navy_PB_2016.xml","bcde46388610d3fe9b0f232edafe31c15133f8ebea7b2ad1daa1d62c146c33bb","0-92d595851b9ed19648c76a7b63e9c548330b2d0132458b995649b6653c877413","11-1f2454a683b6cbc9a7a71106ed6b6114be7524e85bba40af210ef59529f41bc3","root.record.ItemExhibitList.P5Item.CostElementCategoryList.Support.CostElementList.CostElement"
"Lockheed Martin","Sunnyvale, CA","12","24","18","9","1","37","38","9","1","37","38","2016-BASE_PROCUREMENT-2016-NAVY_WEAPONS-PROCUREMENT_MasterJustificationBook_Navy_PB_2016.zzz_unzipped-PROCUREMENT_MasterJustificationBook_Navy_PB_2016.xml","45af71fb24d18604860f3aa7d70ecb1967e2f415f7bc2b5c52225977d9c7d3cd","0-1682a1f341549266a86b10c85577156a84f560fe92341559bce46e0e1b155ae0","11-5142328e8cdeb0a083e5f4c0713b662206c3ca66584336495e8656080e364f34","root.record.ItemExhibitList.P5Item.CostElementCategoryList.Support.CostElementList.CostElement"
"FN MANUFACRTURING","COLUMBIA, SC","0.00","0.00","0.00","0","0","0","0","0","0","0","0","2017-BASE_PROCUREMENT-2017-AIRFORCE_AMMUNITION-U_PROCUREMENT_JustificationBook_Air_Force_PB_2017.zzz_unzipped-U_PROCUREMENT_JustificationBook_Air_Force_PB_2017.xml","5832b4457d5305e7ddfa0d7374c76fdd053c835a0f4dd954a32b9f7f8a48b378","0-7a59013aad36751be4be9f76ab26d3a5820fc8a1e439f7212531553254ce7448","0-854259a48f5c311f9fd821afc169c40e7f415333e0a0a86a7bf625e1944f263b","root.record.ItemExhibitList.P5Item.CostElementCategoryList.Support.CostElementList.CostElement"
"FN MANUFACTURING","COLUMBIA, SC","0.00","0.00","0.00","0","0","0","0","0","0","0","0","2017-BASE_PROCUREMENT-2017-AIRFORCE_AMMUNITION-U_PROCUREMENT_JustificationBook_Air_Force_PB_2017.zzz_unzipped-U_PROCUREMENT_JustificationBook_Air_Force_PB_2017.xml","5832b4457d5305e7ddfa0d7374c76fdd053c835a0f4dd954a32b9f7f8a48b378","1-ddc67a6e4581769b19f495479a568a605920afe615c8097cbb1dab658dc08b8e","0-854259a48f5c311f9fd821afc169c40e7f415333e0a0a86a7bf625e1944f263b","root.record.ItemExhibitList.P5Item.CostElementCategoryList.Support.CostElementList.CostElement"
"FN MANUFACRTURING","COLUMBIA, SC","0.00","0.00","0.00","0","0","0","0","0","0","0","0","2017-BASE_PROCUREMENT-2017-AIRFORCE_AMMUNITION-U_PROCUREMENT_MasterJustificationBook_Air_Force_PB_2017.zzz_unzipped-U_PROCUREMENT_MasterJustificationBook_Air_Force_PB_2017.xml","51088242fb44703fc3fb7309c93c3488d1bb2fb254c6ae95fe2487d462ca3bcd","0-f22d6373778a5fee3557ef8811622c76ac0f4748a82a08298f2420b4a368a50e","0-bbd2eb0c1f2eef1357fcea118ba5f2f315ae3cd4c0a4c88a14df9963d915ce83","root.record.ItemExhibitList.P5Item.CostElementCategoryList.Support.CostElementList.CostElement"
"FN MANUFACTURING","COLUMBIA, SC","0.00","0.00","0.00","0","0","0","0","0","0","0","0","2017-BASE_PROCUREMENT-2017-AIRFORCE_AMMUNITION-U_PROCUREMENT_MasterJustificationBook_Air_Force_PB_2017.zzz_unzipped-U_PROCUREMENT_MasterJustificationBook_Air_Force_PB_2017.xml","51088242fb44703fc3fb7309c93c3488d1bb2fb254c6ae95fe2487d462ca3bcd","1-c0152517e9382dd4126df5b85ce1822ec75cca32b825c6bf5950c0faaa45a508","0-bbd2eb0c1f2eef1357fcea118ba5f2f315ae3cd4c0a4c88a14df9963d915ce83","root.record.ItemExhibitList.P5Item.CostElementCategoryList.Support.CostElementList.CostElement"
"MULTIPLE","MULTIPLE","0.00","0.00","0.00","0","0","0","0","0","0","0","0","2017-BASE_PROCUREMENT-2017-AIRFORCE_MISSILE-U_PROCUREMENT_JustificationBook_Air_Force_PB_2017.zzz_unzipped-U_PROCUREMENT_JustificationBook_Air_Force_PB_2017.xml","3103289247c50e254005e82a3fb9bb4ff3d0e5bd1b370491b278b3bbd0b2b276","0-d4ff50a67df90cad9b9db068224a81ff004d1d726b940d30eb207d80e75b1f4f","0-976aa674aa833330e5698838f4aba044f71fc837bb19b6556d32a5711820bd0a","root.record.ItemExhibitList.P5Item.CostElementCategoryList.Support.CostElementList.CostElement"
"MULTIPLE","MULTIPLE","0.00","0.00","0.00","0","0","0","0","0","0","0","0","2017-BASE_PROCUREMENT-2017-AIRFORCE_MISSILE-U_PROCUREMENT_JustificationBook_Air_Force_PB_2017.zzz_unzipped-U_PROCUREMENT_JustificationBook_Air_Force_PB_2017.xml","3103289247c50e254005e82a3fb9bb4ff3d0e5bd1b370491b278b3bbd0b2b276","0-791fb886edc3296dec5f28a12a7d9b30b2779116a1a5b3f56cb3208420ebf8d0","1-1b099f748803e07c21c183d0b02ac5fc137af5ae214dd573d1a28fab5d20a44b","root.record.ItemExhibitList.P5Item.CostElementCategoryList.Support.CostElementList.CostElement"
"MULTIPLE","MULTIPLE","0.00","0.00","0.00","0","0","0","0","0","0","0","0","2017-BASE_PROCUREMENT-2017-AIRFORCE_MISSILE-U_PROCUREMENT_MasterJustificationBook_Air_Force_PB_2017.zzz_unzipped-U_PROCUREMENT_MasterJustificationBook_Air_Force_PB_2017.xml","63db0773d9b60ef0aebc6138f685c133fb03e24a3b5a33ad906ead630fcc46aa","0-cb39723f318972c84b7572acf18b9a0d6154af2c794e4c54645cac98b1c70b8c","0-1d35ac05d34798dd10a1053fc932016b68966e5d35e8c9305169f2e1764e3a8e","root.record.ItemExhibitList.P5Item.CostElementCategoryList.Support.CostElementList.CostElement"
"MULTIPLE","MULTIPLE","0.00","0.00","0.00","0","0","0","0","0","0","0","0","2017-BASE_PROCUREMENT-2017-AIRFORCE_MISSILE-U_PROCUREMENT_MasterJustificationBook_Air_Force_PB_2017.zzz_unzipped-U_PROCUREMENT_MasterJustificationBook_Air_Force_PB_2017.xml","63db0773d9b60ef0aebc6138f685c133fb03e24a3b5a33ad906ead630fcc46aa","0-1791b308d427231c9d6bb77df469bc1986011c0fb84289451745a8fdf4383c08","1-e5a9227fb0c0f9049db5973ec67833f2051cd650cdbee3b946c8d7c6df90abb8","root.record.ItemExhibitList.P5Item.CostElementCategoryList.Support.CostElementList.CostElement"
"NAVSURFWARCENDIV","Crane, Indiana","0.00","0.00","0.00","0","0","0","0","0","0","0","0","2017-BASE_PROCUREMENT-2017-AIRFORCE_OTHER-U_PROCUREMENT_JustificationBook_Air_Force_PB_2017.zzz_unzipped-U_PROCUREMENT_JustificationBook_Air_Force_PB_2017.xml","38c642dc0285b7d8781f87014042ad3d1b52b59501bab1602b747599958c4b3f","0-47240616ea81691c8f600c256138441c85841a1054af4e8469bc45a3e905905d","3-c0320bab745542678359f84d48a6d1d67cef027589802b68a41cf34956ca6009","root.record.ItemExhibitList.P5Item.CostElementCategoryList.Support.CostElementList.CostElement"
"Various","AFLCMC Hanscom AFB","0.00","0.00","0.00","0","0","0","0","0","0","0","0","2017-BASE_PROCUREMENT-2017-AIRFORCE_OTHER-U_PROCUREMENT_JustificationBook_Air_Force_PB_2017.zzz_unzipped-U_PROCUREMENT_JustificationBook_Air_Force_PB_2017.xml","38c642dc0285b7d8781f87014042ad3d1b52b59501bab1602b747599958c4b3f","0-40537bb5fc13d5d607b5426dc2215bbeb58f0003bbd957decf8b5e9037797f67","4-187d05119add43fda796b265a6fe188309851b2a1222e4c73285cbff34efd992","root.record.ItemExhibitList.P5Item.CostElementCategoryList.Support.CostElementList.CostElement"
"Multiple","Multiple","0.00","0.00","0.00","0","0","0","0","0","0","0","0","2017-BASE_PROCUREMENT-2017-AIRFORCE_OTHER-U_PROCUREMENT_JustificationBook_Air_Force_PB_2017.zzz_unzipped-U_PROCUREMENT_JustificationBook_Air_Force_PB_2017.xml","38c642dc0285b7d8781f87014042ad3d1b52b59501bab1602b747599958c4b3f","0-793b353e5519006892faf23c138a2f4b5053b3dfffcd3605a6b9a89899118f45","0-6c359bafb101f7e7d806d4c13bf1881c8d1c6e0164185ea42567e4051f19fd64","root.record.ItemExhibitList.P5Item.CostElementCategoryList.Support.CostElementList.CostElement"
"NAVSURFWARCENDIV","Crane, Indiana","0.00","0.00","0.00","0","0","0","0","0","0","0","0","2017-BASE_PROCUREMENT-2017-AIRFORCE_OTHER-U_PROCUREMENT_MasterJustificationBook_Air_Force_PB_2017.zzz_unzipped-U_PROCUREMENT_MasterJustificationBook_Air_Force_PB_2017.xml","36ace9e2c2250de3b99e411ac5642c43f6759be84df645121aad6b5f7bddc5c8","0-3f26a6d63e6f94f841dd29d155d318cd57713348eee21fb3134e4e6200e6b58f","3-d92222f02da2e56956d0813ac229ba724a138454a245bd3bf29aa5286fd6a757","root.record.ItemExhibitList.P5Item.CostElementCategoryList.Support.CostElementList.CostElement"
"Various","AFLCMC Hanscom AFB","0.00","0.00","0.00","0","0","0","0","0","0","0","0","2017-BASE_PROCUREMENT-2017-AIRFORCE_OTHER-U_PROCUREMENT_MasterJustificationBook_Air_Force_PB_2017.zzz_unzipped-U_PROCUREMENT_MasterJustificationBook_Air_Force_PB_2017.xml","36ace9e2c2250de3b99e411ac5642c43f6759be84df645121aad6b5f7bddc5c8","0-b2c139b4c56890ca0c318fac6a478bf72e75362d7eab82f1721ab756db2271f6","4-b2937e093be6c1d2c0c44b2728a6310118a08a9691aa9ef4cecc3cf1faff0f97","root.record.ItemExhibitList.P5Item.CostElementCategoryList.Support.CostElementList.CostElement"
"Multiple","Multiple","0.00","0.00","0.00","0","0","0","0","0","0","0","0","2017-BASE_PROCUREMENT-2017-AIRFORCE_OTHER-U_PROCUREMENT_MasterJustificationBook_Air_Force_PB_2017.zzz_unzipped-U_PROCUREMENT_MasterJustificationBook_Air_Force_PB_2017.xml","36ace9e2c2250de3b99e411ac5642c43f6759be84df645121aad6b5f7bddc5c8","0-cf0a308ff69562b3f1076590f69070ab9d8e669a91adce144e05cf15fa5cdd19","0-827e1d5b21435e905127f53b7ccc0bfe884f9f32a8e1df17e0e6ad913df06290","root.record.ItemExhibitList.P5Item.CostElementCategoryList.Support.CostElementList.CostElement"
"Program Management Support","PEO EIS, Ft Belvoir, VA","","","","0","0","0","0","0","0","0","0","2017-BASE_PROCUREMENT-2017-ARMY_OTHER_2-U_PROCUREMENT_JustificationBook_Army_PB_2017.zzz_unzipped-U_PROCUREMENT_JustificationBook_Army_PB_2017.xml","48ab450ab6008fa35b4bf1a2279460177958a9224250653792205202a62abfd5","0-2d1f972a98e81bc5ba290a97b720ba0696930f458ea145bd771a74270fd956ac","0-eb5702c892587b25c9669053e290f06d86a5803ff7ed4fcf38af76ebc808c2de","root.record.ItemExhibitList.P5Item.CostElementCategoryList.Support.CostElementList.CostElement"
"PM I3C2","Ft. Belvoir, VA","","","","0","0","0","0","0","0","0","0","2017-BASE_PROCUREMENT-2017-ARMY_OTHER_2-U_PROCUREMENT_JustificationBook_Army_PB_2017.zzz_unzipped-U_PROCUREMENT_JustificationBook_Army_PB_2017.xml","e2c89fbeb812916900eca5c27f8af4e89ad05088685814bc9bb1805868e5dd11","0-f47a6449dc560ef65b0076dc265cf195795e60c9f105a9e8dc220ff253ff142f","0-c35e965bcdabaa73c3e85dbca32fc95d32e86b73d760ea7a643f284e7b409760","root.record.ItemExhibitList.P5Item.CostElementCategoryList.Support.CostElementList.CostElement"
"PM I3C2","Ft. Belvoir, VA","","","","0","0","0","0","0","0","0","0","2017-BASE_PROCUREMENT-2017-ARMY_OTHER_2-U_PROCUREMENT_JustificationBook_Army_PB_2017.zzz_unzipped-U_PROCUREMENT_JustificationBook_Army_PB_2017.xml","e2c89fbeb812916900eca5c27f8af4e89ad05088685814bc9bb1805868e5dd11","0-4e44b6b37f46449e91c6c51f5b1723c9ae21bc7b74fe67236b38645bf4950d29","0-0a3a9ea57777148e2827a6dfbece19b2251448db241e2b816bed0fc5334a21ac","root.record.ItemExhibitList.P5Item.CostElementCategoryList.Support.CostElementList.CostElement"
"GSM ETI","Various","","","","","","","","","","","","2017-BASE_PROCUREMENT-2017-DEFENSE_DISA-U_PROCUREMENT_JustificationBook_Defense_Information_Systems_Agency_PB_2017.zzz_unzipped-U_PROCUREMENT_JustificationBook_Defense_Information_Systems_Agency_PB_2017.xml","fb221902332d322a3dbca31c563079bae28136d0a5656ae7e5b0f07f2aa47c7f","0-5ea9a7e4406ba121fcca5796e47137984f92503def8af0282d660ec62beedcb7","5-6029fbb5463b18ea3f798f052bad30d191f69f8c1d19792017ae9b8da02cea4a","root.record.ItemExhibitList.P5Item.CostElementCategoryList.Support.CostElementList.CostElement"
"Raytheon","FL","","","","","","","","","","","","2017-BASE_PROCUREMENT-2017-DEFENSE_DISA-U_PROCUREMENT_JustificationBook_Defense_Information_Systems_Agency_PB_2017.zzz_unzipped-U_PROCUREMENT_JustificationBook_Defense_Information_Systems_Agency_PB_2017.xml","fb221902332d322a3dbca31c563079bae28136d0a5656ae7e5b0f07f2aa47c7f","0-6d171368cb730f69fec71e3a295e6e4fa8e69d53d706a53f876d9f44f46a5051","0-b8d84aa8c2f1f677dd8af97c6c29676dad7155095db4e198880d7fadd2c663f5","root.record.ItemExhibitList.P5Item.CostElementCategoryList.Support.CostElementList.CostElement"
"Raytheon","FL","","","","","","","","","","","","2017-BASE_PROCUREMENT-2017-DEFENSE_DISA-U_PROCUREMENT_JustificationBook_Defense_Information_Systems_Agency_PB_2017.zzz_unzipped-U_PROCUREMENT_JustificationBook_Defense_Information_Systems_Agency_PB_2017.xml","fb221902332d322a3dbca31c563079bae28136d0a5656ae7e5b0f07f2aa47c7f","0-5eb19f0018464e2bc23fe2f5b1ba9a7b38b8abd832af94e2442206b6fcf2f8ae","0-1709178443a48ae0fe7d729915ccccbed29f19e421fa7284cd27c7355152ee9f","root.record.ItemExhibitList.P5Item.CostElementCategoryList.Support.CostElementList.CostElement"
"Raytheon","FL","","","","","","","","","","","","2017-BASE_PROCUREMENT-2017-DEFENSE_DISA-U_PROCUREMENT_JustificationBook_Defense_Information_Systems_Agency_PB_2017.zzz_unzipped-U_PROCUREMENT_JustificationBook_Defense_Information_Systems_Agency_PB_2017.xml","fb221902332d322a3dbca31c563079bae28136d0a5656ae7e5b0f07f2aa47c7f","0-be9061ae059896b5e1cf492663aa045dd2ff10487d363ed03d4a0ca4ab7dabbf","1-4c7eb00851d6a166df068fa07cc3f0defbeba1afd7b62d237c9e9ba2f688899d","root.record.ItemExhibitList.P5Item.CostElementCategoryList.Support.CostElementList.CostElement"
"Raytheon","FL","","","","","","","","","","","","2017-BASE_PROCUREMENT-2017-DEFENSE_DISA-U_PROCUREMENT_JustificationBook_Defense_Information_Systems_Agency_PB_2017.zzz_unzipped-U_PROCUREMENT_JustificationBook_Defense_Information_Systems_Agency_PB_2017.xml","fb221902332d322a3dbca31c563079bae28136d0a5656ae7e5b0f07f2aa47c7f","0-e3746201da292d25fde89c0fea2b078233b7778f65c0a490ffc1eafa7748c32f","2-9dba9ff978f4fda8bd1b39bdf46d6361a02d4ece7035fc1e5885a799326f5bdb","root.record.ItemExhibitList.P5Item.CostElementCategoryList.Support.CostElementList.CostElement"
"GSM ETI","Various","","","","","","","","","","","","2017-BASE_PROCUREMENT-2017-DEFENSE_DISA-U_PROCUREMENT_MasterJustificationBook_Defense_Information_Systems_Agency_PB_2017.zzz_unzipped-U_PROCUREMENT_MasterJustificationBook_Defense_Information_Systems_Agency_PB_2017.xml","1fc0889224fb914d81c6fc765696fbe12c90ce9f0e5cc1dd755186ceefffc36e","0-4ec3158d4dbfe94e5976d1f2bb9286df5ad405ec81c7162f3a7d6098f3479282","5-f936dcd003f8daaf2cf68b10c5fc189222a61dae1c30e2ce1ffabc80baf66606","root.record.ItemExhibitList.P5Item.CostElementCategoryList.Support.CostElementList.CostElement"
"Raytheon","FL","","","","","","","","","","","","2017-BASE_PROCUREMENT-2017-DEFENSE_DISA-U_PROCUREMENT_MasterJustificationBook_Defense_Information_Systems_Agency_PB_2017.zzz_unzipped-U_PROCUREMENT_MasterJustificationBook_Defense_Information_Systems_Agency_PB_2017.xml","1fc0889224fb914d81c6fc765696fbe12c90ce9f0e5cc1dd755186ceefffc36e","0-3228936c5b87d113c9e5d0b0f7a150c3bb113260e57fa903eb759e75319376f5","0-a4348bd0d93f76ede4cb63edf0ccc790ca005aa8a3b26594222eb39fc16415ab","root.record.ItemExhibitList.P5Item.CostElementCategoryList.Support.CostElementList.CostElement"
"Raytheon","FL","","","","","","","","","","","","2017-BASE_PROCUREMENT-2017-DEFENSE_DISA-U_PROCUREMENT_MasterJustificationBook_Defense_Information_Systems_Agency_PB_2017.zzz_unzipped-U_PROCUREMENT_MasterJustificationBook_Defense_Information_Systems_Agency_PB_2017.xml","1fc0889224fb914d81c6fc765696fbe12c90ce9f0e5cc1dd755186ceefffc36e","0-7bbeea01a303e3a2626a889c63597bb895da2bc33edf894be63581a01a6d1ca9","0-0b740887122603ab6aa977453be9d6fd24fb9475134e97f74ce58777cb8bf0dc","root.record.ItemExhibitList.P5Item.CostElementCategoryList.Support.CostElementList.CostElement"
"Raytheon","FL","","","","","","","","","","","","2017-BASE_PROCUREMENT-2017-DEFENSE_DISA-U_PROCUREMENT_MasterJustificationBook_Defense_Information_Systems_Agency_PB_2017.zzz_unzipped-U_PROCUREMENT_MasterJustificationBook_Defense_Information_Systems_Agency_PB_2017.xml","1fc0889224fb914d81c6fc765696fbe12c90ce9f0e5cc1dd755186ceefffc36e","0-1a6f13921b629b71b2cde4cffaa4c8fae2225fa79791b1ee0c5964dfcbf363dd","1-59d0acdd1e7064191479b2170ebcda4b32889ce8045574805beed9bfbe564b48","root.record.ItemExhibitList.P5Item.CostElementCategoryList.Support.CostElementList.CostElement"
"Raytheon","FL","","","","","","","","","","","","2017-BASE_PROCUREMENT-2017-DEFENSE_DISA-U_PROCUREMENT_MasterJustificationBook_Defense_Information_Systems_Agency_PB_2017.zzz_unzipped-U_PROCUREMENT_MasterJustificationBook_Defense_Information_Systems_Agency_PB_2017.xml","1fc0889224fb914d81c6fc765696fbe12c90ce9f0e5cc1dd755186ceefffc36e","0-752e92e523e6acc680801b60bd9adaf2b2f54ff2548adec4b5a72a13d6295058","2-d790ab10757c024441189731e1bc144ca9dd3d5d2febc6c5ae1bc29295265d3c","root.record.ItemExhibitList.P5Item.CostElementCategoryList.Support.CostElementList.CostElement"
"GSM ETI","Various","","","","","","","","","","","","2017-BASE_PROCUREMENT-2017-DEFENSE_VOL1_ALL-U_PROCUREMENT_MasterJustificationBook_Defense-Wide_PB_2017.zzz_unzipped-U_PROCUREMENT_MasterJustificationBook_Defense-Wide_PB_2017.xml","3fe26018306f06e04ec8c699d42dab94c86644eae13f58780bf2bad0a7a5e6ed","0-449a131de15b2fdce6c741970e9396c249727d4348e4f15ea60f7e2cc700a99e","5-d2b84cb61cdb65f4ee3172e6453402a4b6dd33e09991b9b9384e9e05a2bcc8c5","root.record.ItemExhibitList.P5Item.CostElementCategoryList.Support.CostElementList.CostElement"
"Raytheon","FL","","","","","","","","","","","","2017-BASE_PROCUREMENT-2017-DEFENSE_VOL1_ALL-U_PROCUREMENT_MasterJustificationBook_Defense-Wide_PB_2017.zzz_unzipped-U_PROCUREMENT_MasterJustificationBook_Defense-Wide_PB_2017.xml","3fe26018306f06e04ec8c699d42dab94c86644eae13f58780bf2bad0a7a5e6ed","0-7f1f093f8eaf86259907b4282ad7fd7644caa8e34d248eb850dbc8eb83f6084d","0-218bd7e37762d2e8c3c199c2ddd8cf8a46e9771fcda96be3f4886143d61595e5","root.record.ItemExhibitList.P5Item.CostElementCategoryList.Support.CostElementList.CostElement"
"Raytheon","FL","","","","","","","","","","","","2017-BASE_PROCUREMENT-2017-DEFENSE_VOL1_ALL-U_PROCUREMENT_MasterJustificationBook_Defense-Wide_PB_2017.zzz_unzipped-U_PROCUREMENT_MasterJustificationBook_Defense-Wide_PB_2017.xml","3fe26018306f06e04ec8c699d42dab94c86644eae13f58780bf2bad0a7a5e6ed","0-b1e35efed9914cea94a645bb24346eaa9d029fa0875ce05ec9e0d38cd4744a1b","0-e68363fcf422650b39f17f6ce3d19c568eaf53bee03e68ebf7971b02bebd6432","root.record.ItemExhibitList.P5Item.CostElementCategoryList.Support.CostElementList.CostElement"
"Raytheon","FL","","","","","","","","","","","","2017-BASE_PROCUREMENT-2017-DEFENSE_VOL1_ALL-U_PROCUREMENT_MasterJustificationBook_Defense-Wide_PB_2017.zzz_unzipped-U_PROCUREMENT_MasterJustificationBook_Defense-Wide_PB_2017.xml","3fe26018306f06e04ec8c699d42dab94c86644eae13f58780bf2bad0a7a5e6ed","0-94626a6ffa07b2002e5ea295a7c4013d39bc5f3e4397dee27a221ed0aeb5f109","1-1c955227327c2c421844f2992130fb02a0bc6f837720312d4c321d68d36ff024","root.record.ItemExhibitList.P5Item.CostElementCategoryList.Support.CostElementList.CostElement"
"Raytheon","FL","","","","","","","","","","","","2017-BASE_PROCUREMENT-2017-DEFENSE_VOL1_ALL-U_PROCUREMENT_MasterJustificationBook_Defense-Wide_PB_2017.zzz_unzipped-U_PROCUREMENT_MasterJustificationBook_Defense-Wide_PB_2017.xml","3fe26018306f06e04ec8c699d42dab94c86644eae13f58780bf2bad0a7a5e6ed","0-28e4428f92270eefb741e4c4ae45803a4c02a6f02fa5b2243b38863e149c2d37","2-849a2167ef4d7b35131cce487e9d06e691e24bef26170bd7cf288614be778ea2","root.record.ItemExhibitList.P5Item.CostElementCategoryList.Support.CostElementList.CostElement"
"Lockheed Martin","Sunnyvale, CA","12","24","18","9","1","37","38","9","1","37","38","2017-BASE_PROCUREMENT-2017-NAVY_WEAPONS-U_PROCUREMENT_JustificationBook_Navy_PB_2017.zzz_unzipped-U_PROCUREMENT_JustificationBook_Navy_PB_2017.xml","38ff7797f221e83b6fee70eaeaeafec069af19d9b0da2fd7a89ee07a3a9df75e","0-6f2c38f453eafa538a24a5b09f6f8503859efd8e659b92568d0f3f82c2b9ad39","0-d778daadcc5c4d1d008ec98d7cbcf2fcc0f1fc1b6586d7531ddfca064cf3aba2","root.record.ItemExhibitList.P5Item.CostElementCategoryList.Support.CostElementList.CostElement"
"Lockheed Martin","Sunnyvale, CA","12","24","18","9","1","37","38","9","1","37","38","2017-BASE_PROCUREMENT-2017-NAVY_WEAPONS-U_PROCUREMENT_JustificationBook_Navy_PB_2017.zzz_unzipped-U_PROCUREMENT_JustificationBook_Navy_PB_2017.xml","38ff7797f221e83b6fee70eaeaeafec069af19d9b0da2fd7a89ee07a3a9df75e","0-81c315dd8d82726a71816bdc299f09e1eb1180bc1fa44e0f5d326ade68fe7c98","1-f42ca998ea4e038b001092e066accb638207dcb54c6ec792212210a60c7e56d5","root.record.ItemExhibitList.P5Item.CostElementCategoryList.Support.CostElementList.CostElement"
"Lockheed Martin","Sunnyvale, CA","12","24","18","9","1","37","38","9","1","37","38","2017-BASE_PROCUREMENT-2017-NAVY_WEAPONS-U_PROCUREMENT_MasterJustificationBook_Navy_PB_2017.zzz_unzipped-U_PROCUREMENT_MasterJustificationBook_Navy_PB_2017.xml","a89bef2b7f5cfdde47606d05c9640d7a2523bdf280da00393b8712516b53efad","0-9d4d8e5107199cc8ece63a925cb9a9339bd8b23f22959a6df34e29cbb7951f3f","0-945a87318e2d3a317c69c1aee7d75b89ad1bd0a736d77eee40ac0fd183369315","root.record.ItemExhibitList.P5Item.CostElementCategoryList.Support.CostElementList.CostElement"
"Lockheed Martin","Sunnyvale, CA","12","24","18","9","1","37","38","9","1","37","38","2017-BASE_PROCUREMENT-2017-NAVY_WEAPONS-U_PROCUREMENT_MasterJustificationBook_Navy_PB_2017.zzz_unzipped-U_PROCUREMENT_MasterJustificationBook_Navy_PB_2017.xml","a89bef2b7f5cfdde47606d05c9640d7a2523bdf280da00393b8712516b53efad","0-64f8feaaee5c62d41f46ede9c4959bfed799d396da288b76fb74d19586dd9e63","1-79c5d6ef917428e8fbb759ad5119293ea86103b9f9c10402d5aeb974696e0a9d","root.record.ItemExhibitList.P5Item.CostElementCategoryList.Support.CostElementList.CostElement"
"PM I3C2","Ft. Belvoir, VA","","","","0","0","0","0","0","0","0","0","2018-BASE_PROCUREMENT-2018-ARMY_OTHER_2-U_PROCUREMENT_JustificationBook_Army_PB_2018.zzz_unzipped-U_PROCUREMENT_JustificationBook_Army_PB_2018.xml","4fcec47d2ef2c5e454ef51ea8d74e89b75e63959a68d7baa4c0a97b8a1fc8c6e","0-4a49f7c49bd8eaaac42126512044dd5d9e6a77761d185d090b29ffbeeec600e6","0-fe488f7dfa69fd888a530c25de65c40daa7eafdf9a831b074a9d8e1c2918c4a0","root.record.ItemExhibitList.P5Item.CostElementCategoryList.Support.CostElementList.CostElement"
"PM I3C2","Ft. Belvoir, VA","","","","0","0","0","0","0","0","0","0","2018-BASE_PROCUREMENT-2018-ARMY_OTHER_2-U_PROCUREMENT_JustificationBook_Army_PB_2018.zzz_unzipped-U_PROCUREMENT_JustificationBook_Army_PB_2018.xml","4fcec47d2ef2c5e454ef51ea8d74e89b75e63959a68d7baa4c0a97b8a1fc8c6e","0-a94fc4b458530cb4972d9b583fc9e63cb60d0cc5520ff39bd9eade20ed23df40","0-a59d0a0dc32f594fe97bf54b79c0282cf0a5880e17f89b18212f7fafaee76804","root.record.ItemExhibitList.P5Item.CostElementCategoryList.Support.CostElementList.CostElement"
"TBD","TBD","","","","0","0","0","0","0","0","0","0","2018-BASE_PROCUREMENT-2018-ARMY_OTHER_2-U_PROCUREMENT_JustificationBook_Army_PB_2018.zzz_unzipped-U_PROCUREMENT_JustificationBook_Army_PB_2018.xml","38c294167c355d339a8ccea624e0b0643e68457c11866b2b886992043516b63d","0-cfdd59aa43fd5a55f4326d05339126635e2ad269ba6c845e8cbaf06bf6930049","0-54fa2d31db819f603b8f7d374d52c3fe29e5dbedaffa04db5f1fe6527f46eb92","root.record.ItemExhibitList.P5Item.CostElementCategoryList.Support.CostElementList.CostElement"
"Lockheed Martin Corporation","Orlando","","","","","","","","","","","","2018-BASE_PROCUREMENT-2018-ARMY_OTHER_3-U_PROCUREMENT_JustificationBook_Army_PB_2018.zzz_unzipped-U_PROCUREMENT_JustificationBook_Army_PB_2018.xml","e1e9137e14aa038d5610c38fd80342be292928310c6f28808f3780d47d4ae08f","0-02f59409a0a33ea21f353d457c1e0344445872302a996773251324dc517bc93e","2-7be39f331dbed691e8fd81632132197bf564fa4934c58a5037c154f2435381a8","root.record.ItemExhibitList.P5Item.CostElementCategoryList.Support.CostElementList.CostElement"
"VARIOUS","VARIOUS","","","","","","","","","","","","2018-BASE_PROCUREMENT-2018-DEFENSE_DISA-U_PROCUREMENT_JustificationBook_Defense_Information_Systems_Agency_PB_2018.zzz_unzipped-U_PROCUREMENT_JustificationBook_Defense_Information_Systems_Agency_PB_2018.xml","2aba1962b4cb1e864353ef939063c21a367c6f82c8e11e2473b49ac42503d201","0-0ca91c19ce7a57805b8bfa91c37573825fd382415344d091bc5374f0d03e97a0","0-6c04fc912140f686d8ca4f99001438be2de8cccac3881399653a2320008bcdfe","root.record.ItemExhibitList.P5Item.CostElementCategoryList.Support.CostElementList.CostElement"
"Raytheon","FL","","","","","","","","","","","","2018-BASE_PROCUREMENT-2018-DEFENSE_DISA-U_PROCUREMENT_JustificationBook_Defense_Information_Systems_Agency_PB_2018.zzz_unzipped-U_PROCUREMENT_JustificationBook_Defense_Information_Systems_Agency_PB_2018.xml","74fbd88062e94fafe3b2a2f641200d29fa65a16858067f91a872874813013009","0-d5a7733ffce6f5dd036d370c8239cc5ab0b59808f2a797615a7e59f88ab97c89","0-de5a4d5f34e3158d62308fd188adfd655689e5536313f3df39954e2ed11c48b7","root.record.ItemExhibitList.P5Item.CostElementCategoryList.Support.CostElementList.CostElement"
"Raytheon","FL","","","","","","","","","","","","2018-BASE_PROCUREMENT-2018-DEFENSE_DISA-U_PROCUREMENT_JustificationBook_Defense_Information_Systems_Agency_PB_2018.zzz_unzipped-U_PROCUREMENT_JustificationBook_Defense_Information_Systems_Agency_PB_2018.xml","74fbd88062e94fafe3b2a2f641200d29fa65a16858067f91a872874813013009","0-6b5a2453735fe9db7ec998a177c4d884ff7eba3229ee6e32c1fd56bb048612a9","0-400ce63bd555555a64c2efe78d54951fbb4aef47a407cdee91b5540ddde4bc04","root.record.ItemExhibitList.P5Item.CostElementCategoryList.Support.CostElementList.CostElement"
"Raytheon","FL","","","","","","","","","","","","2018-BASE_PROCUREMENT-2018-DEFENSE_DISA-U_PROCUREMENT_JustificationBook_Defense_Information_Systems_Agency_PB_2018.zzz_unzipped-U_PROCUREMENT_JustificationBook_Defense_Information_Systems_Agency_PB_2018.xml","74fbd88062e94fafe3b2a2f641200d29fa65a16858067f91a872874813013009","0-70921d179d020e4e3d0a1f43c6ba9ecd1d5460dc4741bf6114c30c6495eb5a78","1-bfdcef9d08713783c2f28306610832e88c826ccf6fd072a10e03ee5675214ded","root.record.ItemExhibitList.P5Item.CostElementCategoryList.Support.CostElementList.CostElement"
"Raytheon","FL","","","","","","","","","","","","2018-BASE_PROCUREMENT-2018-DEFENSE_DISA-U_PROCUREMENT_JustificationBook_Defense_Information_Systems_Agency_PB_2018.zzz_unzipped-U_PROCUREMENT_JustificationBook_Defense_Information_Systems_Agency_PB_2018.xml","74fbd88062e94fafe3b2a2f641200d29fa65a16858067f91a872874813013009","0-bebf65fd067b7882a1a5942857e84d7a73273f562e5d78494b8f71c9360e10a7","2-3652583ecfa2d657eeee7163b912aff3fcf920b167c941c1243009ae184d2179","root.record.ItemExhibitList.P5Item.CostElementCategoryList.Support.CostElementList.CostElement"
"VARIOUS","VARIOUS","","","","","","","","","","","","2018-BASE_PROCUREMENT-2018-DEFENSE_DISA-U_PROCUREMENT_MasterJustificationBook_Defense_Information_Systems_Agency_PB_2018.zzz_unzipped-U_PROCUREMENT_MasterJustificationBook_Defense_Information_Systems_Agency_PB_2018.xml","1ff22ba33938fd2d5a82da54e28e981588485e425458022ea70223649689dc3b","0-f0186fef42140e67f8274e6da99cbf371fa9b4d59a778fd123b96160ae4c44d3","0-435db099c48ba380796c11d28d290a541b4cd913f32d682371afdf5c58515609","root.record.ItemExhibitList.P5Item.CostElementCategoryList.Support.CostElementList.CostElement"
"Raytheon","FL","","","","","","","","","","","","2018-BASE_PROCUREMENT-2018-DEFENSE_DISA-U_PROCUREMENT_MasterJustificationBook_Defense_Information_Systems_Agency_PB_2018.zzz_unzipped-U_PROCUREMENT_MasterJustificationBook_Defense_Information_Systems_Agency_PB_2018.xml","4ff2116b0755a8b49a77000707e1b818b753a14c33d83734d9a6c7c985375a75","0-fc2d781df5be9001fae799138088c14639f366f59e93255774823de91279ea7e","0-f88ebbee960e693fece39760c127ecd7ee12f5b709f4d8cc66482d017a05876e","root.record.ItemExhibitList.P5Item.CostElementCategoryList.Support.CostElementList.CostElement"
"Raytheon","FL","","","","","","","","","","","","2018-BASE_PROCUREMENT-2018-DEFENSE_DISA-U_PROCUREMENT_MasterJustificationBook_Defense_Information_Systems_Agency_PB_2018.zzz_unzipped-U_PROCUREMENT_MasterJustificationBook_Defense_Information_Systems_Agency_PB_2018.xml","4ff2116b0755a8b49a77000707e1b818b753a14c33d83734d9a6c7c985375a75","0-9ed00e5b1b1ccd857741277b5552771832ddc6146855fa29319f32204fbf80c8","0-c53b1843001b78ab6ca3a269be9370d280af753b4a8a34dc1a9856339dad1e3f","root.record.ItemExhibitList.P5Item.CostElementCategoryList.Support.CostElementList.CostElement"
"Raytheon","FL","","","","","","","","","","","","2018-BASE_PROCUREMENT-2018-DEFENSE_DISA-U_PROCUREMENT_MasterJustificationBook_Defense_Information_Systems_Agency_PB_2018.zzz_unzipped-U_PROCUREMENT_MasterJustificationBook_Defense_Information_Systems_Agency_PB_2018.xml","4ff2116b0755a8b49a77000707e1b818b753a14c33d83734d9a6c7c985375a75","0-a27cd606d182a42c3732c03000c24b9d8a07b116a03e87c90550a32a5f0236a9","1-310759594df90427f7149dd26bd03b6ba11e586f14e5d32725d3c8932f6a6460","root.record.ItemExhibitList.P5Item.CostElementCategoryList.Support.CostElementList.CostElement"
"Raytheon","FL","","","","","","","","","","","","2018-BASE_PROCUREMENT-2018-DEFENSE_DISA-U_PROCUREMENT_MasterJustificationBook_Defense_Information_Systems_Agency_PB_2018.zzz_unzipped-U_PROCUREMENT_MasterJustificationBook_Defense_Information_Systems_Agency_PB_2018.xml","4ff2116b0755a8b49a77000707e1b818b753a14c33d83734d9a6c7c985375a75","0-c3b581318d480da1dc135b61b4cfac3735628d09353b295cb6ebf7277bd56f8d","2-80c9951565a6cca32dec8498b82616bf7d7a2f9af4354e7c764dacc0daf93313","root.record.ItemExhibitList.P5Item.CostElementCategoryList.Support.CostElementList.CostElement"
"VARIOUS","VARIOUS","","","","","","","","","","","","2018-BASE_PROCUREMENT-2018-DEFENSE_VOL1_ALL-U_PROCUREMENT_MasterJustificationBook_Defense-Wide_PB_2018.zzz_unzipped-U_PROCUREMENT_MasterJustificationBook_Defense-Wide_PB_2018.xml","a10fd304ea1af2401ea1f5e3423a2d62d700eed684615bd75677b30ac02d9053","0-a0c06ef472132b642993c5200b0e5f15cc0c205265d7bf282c8febfbbf723efc","0-f3622285dd8852eeee20da702579fba7cb977435a60fc48a805cd176d885d996","root.record.ItemExhibitList.P5Item.CostElementCategoryList.Support.CostElementList.CostElement"
"Raytheon","FL","","","","","","","","","","","","2018-BASE_PROCUREMENT-2018-DEFENSE_VOL1_ALL-U_PROCUREMENT_MasterJustificationBook_Defense-Wide_PB_2018.zzz_unzipped-U_PROCUREMENT_MasterJustificationBook_Defense-Wide_PB_2018.xml","043f4ecebd906d7d16aa3bb394ad4cacbbe9e78ae1f4ea044c0a41463db188ab","0-e5669c138207ede2a41e3aa4a465abde09c70e599a694183ee218a53f711eba7","0-19848e75d3edf7c87dab8ff7ccf2b3b4881aa23ca1eaf605b84e62e5443c84da","root.record.ItemExhibitList.P5Item.CostElementCategoryList.Support.CostElementList.CostElement"
"Raytheon","FL","","","","","","","","","","","","2018-BASE_PROCUREMENT-2018-DEFENSE_VOL1_ALL-U_PROCUREMENT_MasterJustificationBook_Defense-Wide_PB_2018.zzz_unzipped-U_PROCUREMENT_MasterJustificationBook_Defense-Wide_PB_2018.xml","043f4ecebd906d7d16aa3bb394ad4cacbbe9e78ae1f4ea044c0a41463db188ab","0-c0a050057bd89850f8f7741206abb015937429c88898a5951a3a5c7ea996f97f","0-2c67ca4f467e7a196c7ada559aed806cfbe7dd1ba5f75c34e51ed5ff2f1e6278","root.record.ItemExhibitList.P5Item.CostElementCategoryList.Support.CostElementList.CostElement"
"Raytheon","FL","","","","","","","","","","","","2018-BASE_PROCUREMENT-2018-DEFENSE_VOL1_ALL-U_PROCUREMENT_MasterJustificationBook_Defense-Wide_PB_2018.zzz_unzipped-U_PROCUREMENT_MasterJustificationBook_Defense-Wide_PB_2018.xml","043f4ecebd906d7d16aa3bb394ad4cacbbe9e78ae1f4ea044c0a41463db188ab","0-f8b68bac517e809401010d08e370a0dcf7ae146c87b390f2833f3e352bf12ee1","1-a7505291e4913491be14bfa2520becb4af02676730f6e790d93875cb67c0ecf0","root.record.ItemExhibitList.P5Item.CostElementCategoryList.Support.CostElementList.CostElement"
"Raytheon","FL","","","","","","","","","","","","2018-BASE_PROCUREMENT-2018-DEFENSE_VOL1_ALL-U_PROCUREMENT_MasterJustificationBook_Defense-Wide_PB_2018.zzz_unzipped-U_PROCUREMENT_MasterJustificationBook_Defense-Wide_PB_2018.xml","043f4ecebd906d7d16aa3bb394ad4cacbbe9e78ae1f4ea044c0a41463db188ab","0-5ad0ae4cfcff0b0b107cb8ae0afd03aeec465712a099bcb98542711b81794067","2-e35292ebab5affcd95a0d09f11afd6acbeda2d0e3afa1bad220525df07842493","root.record.ItemExhibitList.P5Item.CostElementCategoryList.Support.CostElementList.CostElement"
"Lockheed Martin","Sunnyvale, CA","12","24","18","9","1","37","38","9","1","37","38","2018-BASE_PROCUREMENT-2018-NAVY_WEAPONS-U_PROCUREMENT_JustificationBook_Navy_PB_2018.zzz_unzipped-U_PROCUREMENT_JustificationBook_Navy_PB_2018.xml","fdc977eee8ba24a0c8dabb17aa575496669213c23cd9d4995e1f6d3ea552ceb7","0-1ee73fe3e04c04aa6f2c3a3087a48e7c03f84a65cf3cd127913d9baa021514d2","0-b94127728a8bc94b6210bba05b64c17820b8bf5eebd5230075521082696ca498","root.record.ItemExhibitList.P5Item.CostElementCategoryList.Support.CostElementList.CostElement"
"Lockheed Martin","Sunnyvale, CA","12","24","18","9","1","37","38","9","1","37","38","2018-BASE_PROCUREMENT-2018-NAVY_WEAPONS-U_PROCUREMENT_JustificationBook_Navy_PB_2018.zzz_unzipped-U_PROCUREMENT_JustificationBook_Navy_PB_2018.xml","fdc977eee8ba24a0c8dabb17aa575496669213c23cd9d4995e1f6d3ea552ceb7","0-37b13fce30962b02b3a3cf4b47cb395520fca7ab3c6b09a2a495f659577c1dcf","1-0b5d6d87448d5b9fed98c8cb8317d7ded142da9edcfcd2c87b8d203632360437","root.record.ItemExhibitList.P5Item.CostElementCategoryList.Support.CostElementList.CostElement"
"Lockheed Martin","Sunnyvale, CA","12","24","18","9","1","37","38","9","1","37","38","2018-BASE_PROCUREMENT-2018-NAVY_WEAPONS-U_PROCUREMENT_MasterJustificationBook_Navy_PB_2018.zzz_unzipped-U_PROCUREMENT_MasterJustificationBook_Navy_PB_2018.xml","08a0673ab129ade45b165d87689b204b5fb53675a0f4ac5affbba7c828124732","0-2ffbd474d5d345fd1684a74f4621fb2d2cf11fa9dea81064ea76ef4c73c69808","0-d784f3fe13a7d8d5eb7f5b040ed81c1c98d033c9c4b1c629529971b2e73fd26e","root.record.ItemExhibitList.P5Item.CostElementCategoryList.Support.CostElementList.CostElement"
"Lockheed Martin","Sunnyvale, CA","12","24","18","9","1","37","38","9","1","37","38","2018-BASE_PROCUREMENT-2018-NAVY_WEAPONS-U_PROCUREMENT_MasterJustificationBook_Navy_PB_2018.zzz_unzipped-U_PROCUREMENT_MasterJustificationBook_Navy_PB_2018.xml","08a0673ab129ade45b165d87689b204b5fb53675a0f4ac5affbba7c828124732","0-230c6de42f217108d61e51f488f582d4fdcc9be29d163730ef2d609b2bee6026","1-989d018e1ce61ac2348fa9c290fd5a0db980eb858b81b82c71778a1e7e01ff62","root.record.ItemExhibitList.P5Item.CostElementCategoryList.Support.CostElementList.CostElement"
"FN MANUFACTURING","COLUMBIA, SC","0.00","0.00","0.00","0","0","0","0","0","0","0","0","2019-BASE_PROCUREMENT-2019-AIRFORCE_AMMUNITION-U_PROCUREMENT_JustificationBook_Air_Force_PB_2019.zzz_unzipped-U_PROCUREMENT_JustificationBook_Air_Force_PB_2019.xml","948340796190edae4b7d09a84a23e6c0f1e8d2da5a93e04cbdddc3e0a25eeec6","0-d89c2a61b8706266136c16d8d89c9864751b337f6a1f35c1075f5de8cb5d246e","0-52a31d330e41c42dcb0ac38e73fac046682ddb287d7ba85e5eaaa0d74bff930c","root.record.ItemExhibitList.P5Item.CostElementCategoryList.Support.CostElementList.CostElement"
"FN MANUFACTURING","COLIMBIA, SC","0.00","0.00","0.00","0","0","0","0","0","0","0","0","2019-BASE_PROCUREMENT-2019-AIRFORCE_AMMUNITION-U_PROCUREMENT_JustificationBook_Air_Force_PB_2019.zzz_unzipped-U_PROCUREMENT_JustificationBook_Air_Force_PB_2019.xml","948340796190edae4b7d09a84a23e6c0f1e8d2da5a93e04cbdddc3e0a25eeec6","1-c108f239f5476664bef5d7c26dcc72b23e44431a5996929f7031451fc448c358","0-52a31d330e41c42dcb0ac38e73fac046682ddb287d7ba85e5eaaa0d74bff930c","root.record.ItemExhibitList.P5Item.CostElementCategoryList.Support.CostElementList.CostElement"
"COLT DEFENSE LLC","WEST HARTFORD, CT","0.00","0.00","0.00","0","0","0","0","0","0","0","0","2019-BASE_PROCUREMENT-2019-AIRFORCE_AMMUNITION-U_PROCUREMENT_JustificationBook_Air_Force_PB_2019.zzz_unzipped-U_PROCUREMENT_JustificationBook_Air_Force_PB_2019.xml","948340796190edae4b7d09a84a23e6c0f1e8d2da5a93e04cbdddc3e0a25eeec6","2-ab73e8ffff2546a0a297c280cd4ef070adbfcbf01b54646c1ec23b2172463dab","0-52a31d330e41c42dcb0ac38e73fac046682ddb287d7ba85e5eaaa0d74bff930c","root.record.ItemExhibitList.P5Item.CostElementCategoryList.Support.CostElementList.CostElement"
"TBD","TBD","0.00","0.00","0.00","0","0","0","0","0","0","0","0","2019-BASE_PROCUREMENT-2019-AIRFORCE_AMMUNITION-U_PROCUREMENT_JustificationBook_Air_Force_PB_2019.zzz_unzipped-U_PROCUREMENT_JustificationBook_Air_Force_PB_2019.xml","948340796190edae4b7d09a84a23e6c0f1e8d2da5a93e04cbdddc3e0a25eeec6","3-2b80edf8e5b796f13426cb77c28ffeb6aedecd4748e324f9cb20944e67b0de81","0-52a31d330e41c42dcb0ac38e73fac046682ddb287d7ba85e5eaaa0d74bff930c","root.record.ItemExhibitList.P5Item.CostElementCategoryList.Support.CostElementList.CostElement"
"FN MANUFACTURING","COLUMBIA, SC","0.00","0.00","0.00","0","0","0","0","0","0","0","0","2019-BASE_PROCUREMENT-2019-AIRFORCE_AMMUNITION-U_PROCUREMENT_MasterJustificationBook_Air_Force_PB_2019.zzz_unzipped-U_PROCUREMENT_MasterJustificationBook_Air_Force_PB_2019.xml","5eb932eec80633e31db3e36e2444efa3425816690f6ea7ac7f2cdb928901e9a5","0-40356d00be3c3f708494bc6c8e18783f56c21136566362de81b52c5bdb030902","0-774e5feb91b5477946d7a004630c6d6886d4cdeaa6d54ad79b33e9c12600d045","root.record.ItemExhibitList.P5Item.CostElementCategoryList.Support.CostElementList.CostElement"
"FN MANUFACTURING","COLIMBIA, SC","0.00","0.00","0.00","0","0","0","0","0","0","0","0","2019-BASE_PROCUREMENT-2019-AIRFORCE_AMMUNITION-U_PROCUREMENT_MasterJustificationBook_Air_Force_PB_2019.zzz_unzipped-U_PROCUREMENT_MasterJustificationBook_Air_Force_PB_2019.xml","5eb932eec80633e31db3e36e2444efa3425816690f6ea7ac7f2cdb928901e9a5","1-f25e61bc5311b4d285b5328740dd8e2268eb2ffdd373fc5f7391d99b12adb774","0-774e5feb91b5477946d7a004630c6d6886d4cdeaa6d54ad79b33e9c12600d045","root.record.ItemExhibitList.P5Item.CostElementCategoryList.Support.CostElementList.CostElement"
"COLT DEFENSE LLC","WEST HARTFORD, CT","0.00","0.00","0.00","0","0","0","0","0","0","0","0","2019-BASE_PROCUREMENT-2019-AIRFORCE_AMMUNITION-U_PROCUREMENT_MasterJustificationBook_Air_Force_PB_2019.zzz_unzipped-U_PROCUREMENT_MasterJustificationBook_Air_Force_PB_2019.xml","5eb932eec80633e31db3e36e2444efa3425816690f6ea7ac7f2cdb928901e9a5","2-125500e07a56ac6e6ec9ad1ccbd252a5240cfabd28fc595a64478ba0a4bcbd1e","0-774e5feb91b5477946d7a004630c6d6886d4cdeaa6d54ad79b33e9c12600d045","root.record.ItemExhibitList.P5Item.CostElementCategoryList.Support.CostElementList.CostElement"
"TBD","TBD","0.00","0.00","0.00","0","0","0","0","0","0","0","0","2019-BASE_PROCUREMENT-2019-AIRFORCE_AMMUNITION-U_PROCUREMENT_MasterJustificationBook_Air_Force_PB_2019.zzz_unzipped-U_PROCUREMENT_MasterJustificationBook_Air_Force_PB_2019.xml","5eb932eec80633e31db3e36e2444efa3425816690f6ea7ac7f2cdb928901e9a5","3-917ba955f47d5169c82e898ae746c93b2fca18c094f25a0a7e69871397ac6353","0-774e5feb91b5477946d7a004630c6d6886d4cdeaa6d54ad79b33e9c12600d045","root.record.ItemExhibitList.P5Item.CostElementCategoryList.Support.CostElementList.CostElement"
"NAVSURFWARCENDIV","Crane, Indiana","0.00","0.00","0.00","0","0","0","0","0","0","0","0","2019-BASE_PROCUREMENT-2019-AIRFORCE_OTHER-U_PROCUREMENT_JustificationBook_Air_Force_PB_2019.zzz_unzipped-U_PROCUREMENT_JustificationBook_Air_Force_PB_2019.xml","cfe39698d6a55296019381ae6433583029de5e5830566a5d01d614d183d01876","0-ba6927b6706ad4aa03f07894518eddaeb723a9ba02e55d3c57fa63e8291c41e0","0-c87ebe2eee7dbff2587b01209c908f9e361053fef42ae45acbb2cb5f3b1df031","root.record.ItemExhibitList.P5Item.CostElementCategoryList.Support.CostElementList.CostElement"
"Various","AFLCMC Hanscom AFB","0.00","0.00","0.00","0","0","0","0","0","0","0","0","2019-BASE_PROCUREMENT-2019-AIRFORCE_OTHER-U_PROCUREMENT_JustificationBook_Air_Force_PB_2019.zzz_unzipped-U_PROCUREMENT_JustificationBook_Air_Force_PB_2019.xml","cfe39698d6a55296019381ae6433583029de5e5830566a5d01d614d183d01876","0-7bf5fe70bc8473877d6785b6605342f9c6f756179b7a383f9738f2d01d5878d4","1-df891ecc1821c445de9907144573dd42ba77dac49b3e07032c07aa06a510603b","root.record.ItemExhibitList.P5Item.CostElementCategoryList.Support.CostElementList.CostElement"
"Multiple","Multiple","0.00","0.00","0.00","0","0","0","0","0","0","0","0","2019-BASE_PROCUREMENT-2019-AIRFORCE_OTHER-U_PROCUREMENT_JustificationBook_Air_Force_PB_2019.zzz_unzipped-U_PROCUREMENT_JustificationBook_Air_Force_PB_2019.xml","cfe39698d6a55296019381ae6433583029de5e5830566a5d01d614d183d01876","0-1a5da7cbf2b0ec7b944a6dad9151c85bb1924c9502c0b2cc748b7f46644684f1","0-eb18fe0d4bf01db334a25fff7c82b253e622cd1df17dfbfb5a82a56ccbd7ce58","root.record.ItemExhibitList.P5Item.CostElementCategoryList.Support.CostElementList.CostElement"
"Multiple","Multiple","0.00","0.00","0.00","0","0","0","0","0","0","0","0","2019-BASE_PROCUREMENT-2019-AIRFORCE_OTHER-U_PROCUREMENT_JustificationBook_Air_Force_PB_2019.zzz_unzipped-U_PROCUREMENT_JustificationBook_Air_Force_PB_2019.xml","cfe39698d6a55296019381ae6433583029de5e5830566a5d01d614d183d01876","0-99415071d90571b52e5a11bf3f4737f07b231683a56b704f2fcb9d157e8911a8","1-790b8bc77a09c8b5f28171a6754c318453576c98677a9bc243f98751017aa859","root.record.ItemExhibitList.P5Item.CostElementCategoryList.Support.CostElementList.CostElement"
"NAVSURFWARCENDIV","Crane, Indiana","0.00","0.00","0.00","0","0","0","0","0","0","0","0","2019-BASE_PROCUREMENT-2019-AIRFORCE_OTHER-U_PROCUREMENT_MasterJustificationBook_Air_Force_PB_2019.zzz_unzipped-U_PROCUREMENT_MasterJustificationBook_Air_Force_PB_2019.xml","53cb469a7481a4b0f0732b4848d7b1f8bc62be3d4a4eb7fdf65b19b837eb91e9","0-a0c64fca7dd2309ade6e4c39b4edc563905ece69661715e8d5715acf8b6eb21a","0-bae41e20aa814df78e4df2c06bd2bec2e1a911ad486b0363ed889e0cc159a815","root.record.ItemExhibitList.P5Item.CostElementCategoryList.Support.CostElementList.CostElement"
"Various","AFLCMC Hanscom AFB","0.00","0.00","0.00","0","0","0","0","0","0","0","0","2019-BASE_PROCUREMENT-2019-AIRFORCE_OTHER-U_PROCUREMENT_MasterJustificationBook_Air_Force_PB_2019.zzz_unzipped-U_PROCUREMENT_MasterJustificationBook_Air_Force_PB_2019.xml","53cb469a7481a4b0f0732b4848d7b1f8bc62be3d4a4eb7fdf65b19b837eb91e9","0-92afe402c7acd32c8f80585d6f7616d9a05d27b264949155e16057bdfa2b874f","1-233131f09081947a8fffcae7aa7f66bb54abe4e64d118cec04406563fef897c7","root.record.ItemExhibitList.P5Item.CostElementCategoryList.Support.CostElementList.CostElement"
"Multiple","Multiple","0.00","0.00","0.00","0","0","0","0","0","0","0","0","2019-BASE_PROCUREMENT-2019-AIRFORCE_OTHER-U_PROCUREMENT_MasterJustificationBook_Air_Force_PB_2019.zzz_unzipped-U_PROCUREMENT_MasterJustificationBook_Air_Force_PB_2019.xml","53cb469a7481a4b0f0732b4848d7b1f8bc62be3d4a4eb7fdf65b19b837eb91e9","0-e4abbdcc546765a039284e6e7e45aae0fe4f1bd3f4333c03463b8d1b495bcd91","0-9c1b300703fc9fc89b1ec552046df29de1bebd13af533a771ec772bd278ac32d","root.record.ItemExhibitList.P5Item.CostElementCategoryList.Support.CostElementList.CostElement"
"Multiple","Multiple","0.00","0.00","0.00","0","0","0","0","0","0","0","0","2019-BASE_PROCUREMENT-2019-AIRFORCE_OTHER-U_PROCUREMENT_MasterJustificationBook_Air_Force_PB_2019.zzz_unzipped-U_PROCUREMENT_MasterJustificationBook_Air_Force_PB_2019.xml","53cb469a7481a4b0f0732b4848d7b1f8bc62be3d4a4eb7fdf65b19b837eb91e9","0-b08757801808feea04152ecc8a5ea0184b38250abd039ab30c75cb4a7645cdc0","1-40e103cc651e19afe6562822d5394b67da15ca377f8da672529124e811c225ed","root.record.ItemExhibitList.P5Item.CostElementCategoryList.Support.CostElementList.CostElement"
"PM I3C2","Ft. Belvoir, VA","","","","","","","","","","","","2019-BASE_PROCUREMENT-2019-ARMY_OTHER_2-U_PROCUREMENT_JustificationBook_Army_PB_2019.zzz_unzipped-U_PROCUREMENT_JustificationBook_Army_PB_2019.xml","16460c7c27924b372086b35662e9cdf675b9a832b575627291fc52fa6c982e98","0-39c5aa634d4f5501257a19a6603394c68bf212602a92cc41bed2383cc0a37a30","0-2e9bd02a965f14298d1b5be06347a390f09d97413a63c71c58e042bf49a34231","root.record.ItemExhibitList.P5Item.CostElementCategoryList.Support.CostElementList.CostElement"
"PM I3C2","Ft. Belvoir, VA","","","","","","","","","","","","2019-BASE_PROCUREMENT-2019-ARMY_OTHER_2-U_PROCUREMENT_JustificationBook_Army_PB_2019.zzz_unzipped-U_PROCUREMENT_JustificationBook_Army_PB_2019.xml","16460c7c27924b372086b35662e9cdf675b9a832b575627291fc52fa6c982e98","0-620b5739082aa777101c419d8444f3ac6a91da882ccda3de450d272c14432caf","0-e46d563d189040e5787bec18dc48282b638a3716f583b1e21cd4866b2edb0577","root.record.ItemExhibitList.P5Item.CostElementCategoryList.Support.CostElementList.CostElement"
"Raytheon","FL","","","","","","","","","","","","2019-BASE_PROCUREMENT-2019-DEFENSE_DISA-U_PROCUREMENT_JustificationBook_Defense_Information_Systems_Agency_PB_2019.zzz_unzipped-U_PROCUREMENT_JustificationBook_Defense_Information_Systems_Agency_PB_2019.xml","b0ae57b56222cb80b515622e835e990f4de01f0bba897023f6aa38870c1742d2","0-4f58e6b1b9880eaee754c4bda6cc79f404b31b2a7ced46c08f21dc0cb4b95015","0-dd8fd80ba2b0310ebd110c54b05abc33ce4bab3d465a83a9bb391da5c4f9583f","root.record.ItemExhibitList.P5Item.CostElementCategoryList.Support.CostElementList.CostElement"
"Raytheon","FL","","","","","","","","","","","","2019-BASE_PROCUREMENT-2019-DEFENSE_DISA-U_PROCUREMENT_JustificationBook_Defense_Information_Systems_Agency_PB_2019.zzz_unzipped-U_PROCUREMENT_JustificationBook_Defense_Information_Systems_Agency_PB_2019.xml","b0ae57b56222cb80b515622e835e990f4de01f0bba897023f6aa38870c1742d2","0-a5bea2fac72bed472ad8a339b04b5130ecbe56400889305771e2e98c4ab21cd8","0-1c32529c3ea8264b33a618b41312044b32a08cbe1dad33ebfd888001f95dec35","root.record.ItemExhibitList.P5Item.CostElementCategoryList.Support.CostElementList.CostElement"
"Raytheon","FL","","","","","","","","","","","","2019-BASE_PROCUREMENT-2019-DEFENSE_DISA-U_PROCUREMENT_JustificationBook_Defense_Information_Systems_Agency_PB_2019.zzz_unzipped-U_PROCUREMENT_JustificationBook_Defense_Information_Systems_Agency_PB_2019.xml","b0ae57b56222cb80b515622e835e990f4de01f0bba897023f6aa38870c1742d2","0-3602f4e2c5a046ba660a47227ee55ff0944222d5e2da4122bd66c0dc0045683e","1-9ee77cda84f69927ce756e127e0b54256c7081fb97bea6d147b77f514f8747af","root.record.ItemExhibitList.P5Item.CostElementCategoryList.Support.CostElementList.CostElement"
"Raytheon","FL","","","","","","","","","","","","2019-BASE_PROCUREMENT-2019-DEFENSE_DISA-U_PROCUREMENT_JustificationBook_Defense_Information_Systems_Agency_PB_2019.zzz_unzipped-U_PROCUREMENT_JustificationBook_Defense_Information_Systems_Agency_PB_2019.xml","b0ae57b56222cb80b515622e835e990f4de01f0bba897023f6aa38870c1742d2","0-c6c3c096c59ab611f76ab22914dc7dbd79c5b9ccca4fd6da01107ff6f1778492","2-a1b12868bc8932a016dde7f5541723107f723ea98a18efe597cd50ea43be0b58","root.record.ItemExhibitList.P5Item.CostElementCategoryList.Support.CostElementList.CostElement"
"VARIOUS","VARIOUS","","","","","","","","","","","","2019-BASE_PROCUREMENT-2019-DEFENSE_DISA-U_PROCUREMENT_JustificationBook_Defense_Information_Systems_Agency_PB_2019.zzz_unzipped-U_PROCUREMENT_JustificationBook_Defense_Information_Systems_Agency_PB_2019.xml","b9a69a5b15b541122687082e1889f3962c4fbec58d2048d60ba6766b783afda9","0-22c614dbb0c75be807e5a73f5918eb564549e8e3022f63ade8f9c0496fcf167b","0-3fd5e4b986207b6db4126389343930b3a9a1ea5fdefc872ed0f9332305fd2fbb","root.record.ItemExhibitList.P5Item.CostElementCategoryList.Support.CostElementList.CostElement"
"Raytheon","FL","","","","","","","","","","","","2019-BASE_PROCUREMENT-2019-DEFENSE_DISA-U_PROCUREMENT_MasterJustificationBook_Defense_Information_Systems_Agency_PB_2019.zzz_unzipped-U_PROCUREMENT_MasterJustificationBook_Defense_Information_Systems_Agency_PB_2019.xml","88738f60287a94edaac6a41a70ac01d120921c54882c29209a5cf143f4885870","0-e6e4d043739361fe7db1e085c719383c2aadb812af9a29f3eb21273cb6bcefb2","0-170c46401c461dc59ff88453480734db2e3c2a949f9da98909568afaa950f7b8","root.record.ItemExhibitList.P5Item.CostElementCategoryList.Support.CostElementList.CostElement"
"Raytheon","FL","","","","","","","","","","","","2019-BASE_PROCUREMENT-2019-DEFENSE_DISA-U_PROCUREMENT_MasterJustificationBook_Defense_Information_Systems_Agency_PB_2019.zzz_unzipped-U_PROCUREMENT_MasterJustificationBook_Defense_Information_Systems_Agency_PB_2019.xml","88738f60287a94edaac6a41a70ac01d120921c54882c29209a5cf143f4885870","0-eae67e019a029a33645ad54ef5382076636dfde228b8b327255c1cab963a430d","0-32b937eac74f45c261ee1990af7e881d444891c3d80d97bd9b3c4e8867887b70","root.record.ItemExhibitList.P5Item.CostElementCategoryList.Support.CostElementList.CostElement"
"Raytheon","FL","","","","","","","","","","","","2019-BASE_PROCUREMENT-2019-DEFENSE_DISA-U_PROCUREMENT_MasterJustificationBook_Defense_Information_Systems_Agency_PB_2019.zzz_unzipped-U_PROCUREMENT_MasterJustificationBook_Defense_Information_Systems_Agency_PB_2019.xml","88738f60287a94edaac6a41a70ac01d120921c54882c29209a5cf143f4885870","0-5becc40e34eed5cca0c2ae2a60491c9e3d1e6a15cd926a47f4cf467401edba33","1-f0860d0e6c012348f5660eae8d3629420e9ca1626b812911bbef58d67d1c0c5a","root.record.ItemExhibitList.P5Item.CostElementCategoryList.Support.CostElementList.CostElement"
"Raytheon","FL","","","","","","","","","","","","2019-BASE_PROCUREMENT-2019-DEFENSE_DISA-U_PROCUREMENT_MasterJustificationBook_Defense_Information_Systems_Agency_PB_2019.zzz_unzipped-U_PROCUREMENT_MasterJustificationBook_Defense_Information_Systems_Agency_PB_2019.xml","88738f60287a94edaac6a41a70ac01d120921c54882c29209a5cf143f4885870","0-03d8b93030f4f33dd402d6005171255e08610f7b54210d11ab17299ecd1e54aa","2-2086fe7a04a0554c8081b29322dfa38e4c403253287b2e95840b3f78bf6943b9","root.record.ItemExhibitList.P5Item.CostElementCategoryList.Support.CostElementList.CostElement"
"VARIOUS","VARIOUS","","","","","","","","","","","","2019-BASE_PROCUREMENT-2019-DEFENSE_DISA-U_PROCUREMENT_MasterJustificationBook_Defense_Information_Systems_Agency_PB_2019.zzz_unzipped-U_PROCUREMENT_MasterJustificationBook_Defense_Information_Systems_Agency_PB_2019.xml","e449a92c82ce190ecf8b05ace2510bd56fdb71d43fbbb50be9eb7f55552e0aa9","0-270fdcc591ea848d6599ef3718e0af915421717e0eabbe913fc7c9aefcde9fe6","0-fab514641e88ce924b37e1fa713961cc8b45c1a3d92413043f70d0fb050e92b0","root.record.ItemExhibitList.P5Item.CostElementCategoryList.Support.CostElementList.CostElement"
"Raytheon","FL","","","","","","","","","","","","2019-BASE_PROCUREMENT-2019-DEFENSE_VOL1_ALL-U_PROCUREMENT_MasterJustificationBook_Defense-Wide_PB_2019.zzz_unzipped-U_PROCUREMENT_MasterJustificationBook_Defense-Wide_PB_2019.xml","0219f8974db499279a367eff37337592089e34703321429f9769e373cd676ae8","0-3f24488366bac36987bef488fb9fe29aca132feda6c47dda91e5bfd0f1e039cb","0-5e80face4082cbd79c3ce560e1b990578b8c2f0b64dcb5f1cf004f54f1079a61","root.record.ItemExhibitList.P5Item.CostElementCategoryList.Support.CostElementList.CostElement"
"Raytheon","FL","","","","","","","","","","","","2019-BASE_PROCUREMENT-2019-DEFENSE_VOL1_ALL-U_PROCUREMENT_MasterJustificationBook_Defense-Wide_PB_2019.zzz_unzipped-U_PROCUREMENT_MasterJustificationBook_Defense-Wide_PB_2019.xml","0219f8974db499279a367eff37337592089e34703321429f9769e373cd676ae8","0-184f6057d3444027bed7db65b8dec076958eb0affe67ade9b18c026726f3d23a","0-994a07f52aa05a71d811b15d8c82f5418b83b2a7b0707d8311a67fe40f7f8359","root.record.ItemExhibitList.P5Item.CostElementCategoryList.Support.CostElementList.CostElement"
"Raytheon","FL","","","","","","","","","","","","2019-BASE_PROCUREMENT-2019-DEFENSE_VOL1_ALL-U_PROCUREMENT_MasterJustificationBook_Defense-Wide_PB_2019.zzz_unzipped-U_PROCUREMENT_MasterJustificationBook_Defense-Wide_PB_2019.xml","0219f8974db499279a367eff37337592089e34703321429f9769e373cd676ae8","0-6ea35a45a52338ce3b4992f19ccaaf5901c369ad5f6d6bade295a3283d2b01dd","1-f70ceea2fe9bccd64dd6df238f69a000a41446be42e511fe5ae1138c5298dac4","root.record.ItemExhibitList.P5Item.CostElementCategoryList.Support.CostElementList.CostElement"
"Raytheon","FL","","","","","","","","","","","","2019-BASE_PROCUREMENT-2019-DEFENSE_VOL1_ALL-U_PROCUREMENT_MasterJustificationBook_Defense-Wide_PB_2019.zzz_unzipped-U_PROCUREMENT_MasterJustificationBook_Defense-Wide_PB_2019.xml","0219f8974db499279a367eff37337592089e34703321429f9769e373cd676ae8","0-64a6dafd98294df8ea8f629c2db1e8877ebf85449ea133096568c31d6d500102","2-c3012d00f5e5f5156439aad4239bf0755bef4c283cae1a1d935fbe61274fea4a","root.record.ItemExhibitList.P5Item.CostElementCategoryList.Support.CostElementList.CostElement"
"VARIOUS","VARIOUS","","","","","","","","","","","","2019-BASE_PROCUREMENT-2019-DEFENSE_VOL1_ALL-U_PROCUREMENT_MasterJustificationBook_Defense-Wide_PB_2019.zzz_unzipped-U_PROCUREMENT_MasterJustificationBook_Defense-Wide_PB_2019.xml","b67a29620149b9e3a87c8d40f7dcd99eb53b2c64d55697092eb36d09502a84a1","0-1976fb391c5fed7a12949fd8e3974d98eee78b8439ab0a4211b5ae47ed0bc498","0-c990f7f06e8188f5bc99e89ab6d347c22823f2bfe48471eb981029066d0af462","root.record.ItemExhibitList.P5Item.CostElementCategoryList.Support.CostElementList.CostElement"
"Lockheed Martin","Sunnyvale, CA","12","18","14","9","1","37","38","9","1","37","38","2019-BASE_PROCUREMENT-2019-NAVY_WEAPONS-U_PROCUREMENT_JustificationBook_Navy_PB_2019.zzz_unzipped-U_PROCUREMENT_JustificationBook_Navy_PB_2019.xml","e8e01b50ccb3830ca2d37f217f6d5eb4e5347757f1bd6cfe767eb0b83c61d4a3","0-067d5dcfcf007e25a6699861afd9cbcd17d43785e785905b0aa228536a75efbf","0-8b1ecf75778a4fa46ab61326aa66363f1fa4abfb15cd46c81e7326c4f0e7ed39","root.record.ItemExhibitList.P5Item.CostElementCategoryList.Support.CostElementList.CostElement"
"Lockheed Martin","Sunnyvale, CA","12","18","14","9","1","37","38","9","1","37","38","2019-BASE_PROCUREMENT-2019-NAVY_WEAPONS-U_PROCUREMENT_JustificationBook_Navy_PB_2019.zzz_unzipped-U_PROCUREMENT_JustificationBook_Navy_PB_2019.xml","e8e01b50ccb3830ca2d37f217f6d5eb4e5347757f1bd6cfe767eb0b83c61d4a3","0-3948fa753a4866becd207fe5a3c3fb6a77cc5667358073e5355181e669aa7558","1-aed815bddae547b6757d092b4ee637062b26ed029108bcd3f4e80710d9788ac4","root.record.ItemExhibitList.P5Item.CostElementCategoryList.Support.CostElementList.CostElement"
"Lockheed Martin","Sunnyvale, CA","12","18","14","9","1","37","38","9","1","37","38","2019-BASE_PROCUREMENT-2019-NAVY_WEAPONS-U_PROCUREMENT_MasterJustificationBook_Navy_PB_2019.zzz_unzipped-U_PROCUREMENT_MasterJustificationBook_Navy_PB_2019.xml","a38c825e473d41dc200fa91692b40ebb7b19a1e9dc5e4a435165d779d555673a","0-ce8e459243153ef06c3a89a4708cbae7c310f1d7ba1241591bc10c9e472c22f3","0-de7a2a7e92cd7bfcd78c7d95f61bb0ace2376260a8736260a2711ca70926ca2d","root.record.ItemExhibitList.P5Item.CostElementCategoryList.Support.CostElementList.CostElement"
"Lockheed Martin","Sunnyvale, CA","12","18","14","9","1","37","38","9","1","37","38","2019-BASE_PROCUREMENT-2019-NAVY_WEAPONS-U_PROCUREMENT_MasterJustificationBook_Navy_PB_2019.zzz_unzipped-U_PROCUREMENT_MasterJustificationBook_Navy_PB_2019.xml","a38c825e473d41dc200fa91692b40ebb7b19a1e9dc5e4a435165d779d555673a","0-eda14035d44b37dc0db659197fce1fb8b0c4db6448ffd899772d39c3a4e9474b","1-0968f15f2ae001c0c1dfce9190db22a83002283f1bd4058f44187ede9cfa9e13","root.record.ItemExhibitList.P5Item.CostElementCategoryList.Support.CostElementList.CostElement"
"TBD","TBD","","","","","","","","","","","","2020-BASE_PROCUREMENT-2020-AIRFORCE_AMMUNITION-U_PROCUREMENT_JustificationBook_Air_Force_PB_2020.zzz_unzipped-U_PROCUREMENT_JustificationBook_Air_Force_PB_2020.xml","a84e79a8c90fd076bc507715c928c0e4e428efab1b074271d195db5bb8e71924","0-b636b5661d4ee4d1fc0d38c3698c3290908d918170f0f1d58fd29a32b9c58a1b","0-77d92192748b7c9cc945c50470ea5177a3bc807c4b8f567cbeb64483b6d1011d","root.record.ItemExhibitList.P5Item.CostElementCategoryList.Support.CostElementList.CostElement"
"TBD","TBD","","","","","","","","","","","","2020-BASE_PROCUREMENT-2020-AIRFORCE_AMMUNITION-U_PROCUREMENT_MasterJustificationBook_Air_Force_PB_2020.zzz_unzipped-U_PROCUREMENT_MasterJustificationBook_Air_Force_PB_2020.xml","4390006b26c79acf3d11f40cd2e9ca1426e65694a2b0a88e1b33be9f4a878c17","0-53a187f4ba63e99748e1452e8acf06b15ea34657f153a25b8cc449bc2860a292","0-c7ee6a3c25d860318c3d0c286beedce94ea667c3cca72450ac8b020d9a509f97","root.record.ItemExhibitList.P5Item.CostElementCategoryList.Support.CostElementList.CostElement"
"PM I3C2","Ft. Belvoir, VA","","","","","","","","","","","","2020-BASE_PROCUREMENT-2020-ARMY_OTHER_2-U_PROCUREMENT_JustificationBook_Army_PB_2020.zzz_unzipped-U_PROCUREMENT_JustificationBook_Army_PB_2020.xml","b88d7323f0c39487e5559446b30366f2a4b0cc7b20a8d7e248026f47c8d027bd","0-97e4c791e1bd8835551688a6bf71387096bfe5f30d93abf9970306c49c189d99","0-5a1239edc16c2e0c673ec46196020349530b13498e5fbfcd629c782aba59671a","root.record.ItemExhibitList.P5Item.CostElementCategoryList.Support.CostElementList.CostElement"
"Various","TBD","","","","","","","","","","","","2020-BASE_PROCUREMENT-2020-ARMY_OTHER_2-U_PROCUREMENT_JustificationBook_Army_PB_2020.zzz_unzipped-U_PROCUREMENT_JustificationBook_Army_PB_2020.xml","d5240ff4c7e79de7e15416cf9377c2be2f6ae02e5a70527e4c772787a856bd28","0-d4894920fac32affd0403010d34ae62b78ad81394af4c8560c213db9eb45a6f3","0-59868284211fb9e2352711b411b5fb7ad064c36e79a67ffb25757f6093102230","root.record.ItemExhibitList.P5Item.CostElementCategoryList.Support.CostElementList.CostElement"
"Raytheon","FL","","","","","","","","","","","","2020-BASE_PROCUREMENT-2020-DEFENSE_DISA-U_PROCUREMENT_JustificationBook_Defense_Information_Systems_Agency_PB_2020.zzz_unzipped-U_PROCUREMENT_JustificationBook_Defense_Information_Systems_Agency_PB_2020.xml","77c4f8798d6338d86857242de51b5f92a6b42af9e8764f3e711a4c910bc8d34e","0-fdca3d3aa13ce93099b4774a0c0956a5b0404ea2534a0e7f383396543647718d","1-ddbe1224e5f573a1bb7b114238bffbb0c50b52ae502565043d08e51b3c014220","root.record.ItemExhibitList.P5Item.CostElementCategoryList.Support.CostElementList.CostElement"
"Raytheon","FL","","","","","","","","","","","","2020-BASE_PROCUREMENT-2020-DEFENSE_DISA-U_PROCUREMENT_JustificationBook_Defense_Information_Systems_Agency_PB_2020.zzz_unzipped-U_PROCUREMENT_JustificationBook_Defense_Information_Systems_Agency_PB_2020.xml","77c4f8798d6338d86857242de51b5f92a6b42af9e8764f3e711a4c910bc8d34e","0-732cda12e2c9af139b9270bf62b1bae94e7190bdd6baa79046bb7b447e6ff2e6","2-9114cc9f8797e46b354b195ca1462bfbd5cfed8537e23cfd5b45016602336b4f","root.record.ItemExhibitList.P5Item.CostElementCategoryList.Support.CostElementList.CostElement"
"VARIOUS","VARIOUS","","","","","","","","","","","","2020-BASE_PROCUREMENT-2020-DEFENSE_DISA-U_PROCUREMENT_JustificationBook_Defense_Information_Systems_Agency_PB_2020.zzz_unzipped-U_PROCUREMENT_JustificationBook_Defense_Information_Systems_Agency_PB_2020.xml","05778d6b8fec6720d51ae8ff2715d51b405966a2797b86495a9cd49556847422","0-882e4c1dcba5e947b9df6cf75f3499394d8d05de34dcc77b930b209011160469","0-af499fe37b5432e1fba3ed0fa7122c39ee47c0dce8a1ce2f51300fe4855e16dc","root.record.ItemExhibitList.P5Item.CostElementCategoryList.Support.CostElementList.CostElement"
"Raytheon","FL","","","","","","","","","","","","2020-BASE_PROCUREMENT-2020-DEFENSE_DISA-U_PROCUREMENT_MasterJustificationBook_Defense_Information_Systems_Agency_PB_2020.zzz_unzipped-U_PROCUREMENT_MasterJustificationBook_Defense_Information_Systems_Agency_PB_2020.xml","ad281f62c95d800b90e56715de1341c8c968b9501813cb8432594d90a3e348b7","0-948dea2cc45cd80bd0f2acb111b0d74a5c20096ce2520a699329c960cf1dd582","1-b2ba6d74df8872522a4154c5ad83b6d91740645fea103b4b157904447701566c","root.record.ItemExhibitList.P5Item.CostElementCategoryList.Support.CostElementList.CostElement"
"Raytheon","FL","","","","","","","","","","","","2020-BASE_PROCUREMENT-2020-DEFENSE_DISA-U_PROCUREMENT_MasterJustificationBook_Defense_Information_Systems_Agency_PB_2020.zzz_unzipped-U_PROCUREMENT_MasterJustificationBook_Defense_Information_Systems_Agency_PB_2020.xml","ad281f62c95d800b90e56715de1341c8c968b9501813cb8432594d90a3e348b7","0-0c0a143f260a2d8e06f4b353f2f82d887c1f09b0b13c64feef0a96d4f2d4f5f0","2-6180e43dfaa237aa9470ed4480514ea2fcb003e13d09c3b5314b0eaaf545fb5a","root.record.ItemExhibitList.P5Item.CostElementCategoryList.Support.CostElementList.CostElement"
"VARIOUS","VARIOUS","","","","","","","","","","","","2020-BASE_PROCUREMENT-2020-DEFENSE_DISA-U_PROCUREMENT_MasterJustificationBook_Defense_Information_Systems_Agency_PB_2020.zzz_unzipped-U_PROCUREMENT_MasterJustificationBook_Defense_Information_Systems_Agency_PB_2020.xml","21819adc84cc20097e4ca29ee54c40e845263b2f5944aad1b8fe41d4e6b37771","0-43d4eb10c11b69995039a452983fc4b4c29410cac2d9341956ae002feb5ec197","0-f83a30a94c5a893fabe16862d9b516b6c298bd18e7ebc0d75851d50d7498e0d8","root.record.ItemExhibitList.P5Item.CostElementCategoryList.Support.CostElementList.CostElement"
"Raytheon","FL","","","","","","","","","","","","2020-BASE_PROCUREMENT-2020-DEFENSE_VOL1_ALL-U_PROCUREMENT_MasterJustificationBook_Defense-Wide_PB_2020.zzz_unzipped-U_PROCUREMENT_MasterJustificationBook_Defense-Wide_PB_2020.xml","64cc3839269868baaf76be0cd7113d456324a0cce211c50784decbbf62ce2875","0-d85506591e134b0ddd44fe1bd778b783d5926f61967faf621f7f4db78b4251c1","1-8c375b6aa23ae5587cd1544537906a68c1211e4813fbc45a3f46c8bbedb600f4","root.record.ItemExhibitList.P5Item.CostElementCategoryList.Support.CostElementList.CostElement"
"Raytheon","FL","","","","","","","","","","","","2020-BASE_PROCUREMENT-2020-DEFENSE_VOL1_ALL-U_PROCUREMENT_MasterJustificationBook_Defense-Wide_PB_2020.zzz_unzipped-U_PROCUREMENT_MasterJustificationBook_Defense-Wide_PB_2020.xml","64cc3839269868baaf76be0cd7113d456324a0cce211c50784decbbf62ce2875","0-2e1494418109a4a451012ebe8cb903d7830a0237e0f332b42c6f44a728ab4c4a","2-4e5b880263ff656f0bbaeaa0beb5414e62a4c919d2aee1e72486155df2dc61e4","root.record.ItemExhibitList.P5Item.CostElementCategoryList.Support.CostElementList.CostElement"
"VARIOUS","VARIOUS","","","","","","","","","","","","2020-BASE_PROCUREMENT-2020-DEFENSE_VOL1_ALL-U_PROCUREMENT_MasterJustificationBook_Defense-Wide_PB_2020.zzz_unzipped-U_PROCUREMENT_MasterJustificationBook_Defense-Wide_PB_2020.xml","25fea0b6165b6b0ae58f0b2e28ac339c9fada454bbee95d6497e2e977babce55","0-81557535eab2d085907c1dc40905fb621346fab0c255e61705b828a3ef9db2dd","0-6df8a86cca093b578814bc7dc07e74c8379a6d0834c42525d53bad9cf13f9f6c","root.record.ItemExhibitList.P5Item.CostElementCategoryList.Support.CostElementList.CostElement"
"Lockheed Martin","Sunnyvale, CA","12","18","14","9","1","37","38","9","1","37","38","2020-BASE_PROCUREMENT-2020-NAVY_WEAPONS-U_PROCUREMENT_JustificationBook_Navy_PB_2020.zzz_unzipped-U_PROCUREMENT_JustificationBook_Navy_PB_2020.xml","292614d254e9ed9d52fb1e92c7de367ef59394b2c8b1502009032951a02dcfb5","0-98f360c00c21e4996b50f7c669dcee6091f7526e185ae966e9b8f8f8190f9666","0-a2097694957a40d6dd94c4aa91ae1c953435f84be59b82d001310fab7b04fe0b","root.record.ItemExhibitList.P5Item.CostElementCategoryList.Support.CostElementList.CostElement"
"Lockheed Martin","Sunnyvale, CA","12","18","14","9","1","37","38","9","1","37","38","2020-BASE_PROCUREMENT-2020-NAVY_WEAPONS-U_PROCUREMENT_JustificationBook_Navy_PB_2020.zzz_unzipped-U_PROCUREMENT_JustificationBook_Navy_PB_2020.xml","292614d254e9ed9d52fb1e92c7de367ef59394b2c8b1502009032951a02dcfb5","0-9e4dc6277d7316c16ae364cc9c602f49961aa90141be33efa0bbbb35f60e8a5b","1-068a4bf65c3cb33658bfec0d428a46bd85676191e6b604628bd15d50b31e8104","root.record.ItemExhibitList.P5Item.CostElementCategoryList.Support.CostElementList.CostElement"
"Lockheed Martin","Sunnyvale, CA","12","18","14","9","1","37","38","9","1","37","38","2020-BASE_PROCUREMENT-2020-NAVY_WEAPONS-U_PROCUREMENT_MasterJustificationBook_Navy_PB_2020.zzz_unzipped-U_PROCUREMENT_MasterJustificationBook_Navy_PB_2020.xml","32c0d2ee65a656215737fc2fb3c5f8f7c4792411605626586f0b352395a52b9c","0-e0cb814f597c2a8bec8412b32bc7c9215ed777c39fe8641e7ffec0861760b2b4","0-90da3701d7e6f6bdd0eb2dac0ae53a2b0410ec08b7a1919a7c29bbed8515a08b","root.record.ItemExhibitList.P5Item.CostElementCategoryList.Support.CostElementList.CostElement"
"Lockheed Martin","Sunnyvale, CA","12","18","14","9","1","37","38","9","1","37","38","2020-BASE_PROCUREMENT-2020-NAVY_WEAPONS-U_PROCUREMENT_MasterJustificationBook_Navy_PB_2020.zzz_unzipped-U_PROCUREMENT_MasterJustificationBook_Navy_PB_2020.xml","32c0d2ee65a656215737fc2fb3c5f8f7c4792411605626586f0b352395a52b9c","0-dd011c81dd5b19381397968e212b30be41c8e90ea855555d6e6a5812bb2830bd","1-a057b9a2985d97730ee6e721cc062e98f7e9c995b7f535c5e5153d70de599fa4","root.record.ItemExhibitList.P5Item.CostElementCategoryList.Support.CostElementList.CostElement"
"SPAWAR","San Diego, CA","0","TBD","0","0","0","0","0","0","0","0","0","2020-BASE_PROCUREMENT-2020-NAVY_OTHER_BA4-U_PROCUREMENT_MasterJustificationBook_Navy_PB_2020.zzz_unzipped-U_PROCUREMENT_MasterJustificationBook_Navy_PB_2020.xml","e5192c05dd16791828a888523563db5749868dc2527c908a40cb059bf18e897c","0-925d7e0a53a20757b793f22b995ebb466b486f90516295b9d8c4f4b8b839df68","0-d507cb45c74161c2b5194bce562e18dd0687f5d181ed49649732eb7de7983908","root.record.ItemExhibitList.P5Item.CostElementCategoryList.Support.CostElementList.CostElement"
