Name_val,Location_val,MinimumSustainingRate_val,MaximumProductionRate_val,Rate185_val,InitialQuantity_AdminLeadTimeBeforeOct1InMonths_val,InitialQuantity_AdminLeadTimeAfterOct1InMonths_val,InitialQuantity_ProductionLeadTimeAfterOct1InMonths_val,InitialQuantity_TotalLeadTimeAfterOct1InMonths_val,ReorderQuantity_AdminLeadTimeBeforeOct1InMonths_val,ReorderQuantity_AdminLeadTimeAfterOct1InMonths_val,ReorderQuantity_ProductionLeadTimeAfterOct1InMonths_val,ReorderQuantity_TotalLeadTimeAfterOct1InMonths_val,@SOURCE_FILENAME,@RECORDID,@ROWID,@PARENTROWID,@PARENT
"BAE Systems","Nashua, NH","24","1000","600","6","6","6","12","6","6","6","12","2014-BASE_PROCUREMENT-2014-ARMY_AIRCRAFT-PROCUREMENT_JustificationBook_Army_PB_2014.zzz_unzipped-PROCUREMENT_JustificationBook_Army_PB_2014.xml","7424cd444ec3bd9cc778e3e016fb369e95039e3b37d88e0c13f5bf04624acc83","0-4c3c829dde00cfb3387b0eb4cf4684888ecebdc1ab05f57205f52faab0a69170","4-11bda04b32ad228ee20fd66aff6ef2fd82c5f363ecdd69e731e776f4ab8d1889","root.record.ItemExhibitList.P5Item.CostElementCategoryList.Support.CostElementList.CostElement"
"Raytheon","FL","","","","","","","","","","","","2014-BASE_PROCUREMENT-2014-DEFENSE_DISA-PROCUREMENT_JustificationBook_Defense_Information_Systems_Agency_PB_2014.zzz_unzipped-PROCUREMENT_JustificationBook_Defense_Information_Systems_Agency_PB_2014.xml","cba25fef3ae29418ab6486735f2bf577629f2dd2828004af6fbf0effbb20815b","0-4e4b3daa6a3a34e40b5c80ff258e3ee58d6aa7aeee27e7b17aff256684360055","0-729913bb41f1e3c1fd7523ac29ad0e290e7a6f4a15d89dc28f447dd3fbe0928d","root.record.ItemExhibitList.P5Item.CostElementCategoryList.Support.CostElementList.CostElement"
"Raytheon","FL","","","","","","","","","","","","2014-BASE_PROCUREMENT-2014-DEFENSE_DISA-PROCUREMENT_JustificationBook_Defense_Information_Systems_Agency_PB_2014.zzz_unzipped-PROCUREMENT_JustificationBook_Defense_Information_Systems_Agency_PB_2014.xml","cba25fef3ae29418ab6486735f2bf577629f2dd2828004af6fbf0effbb20815b","0-d2ae22770151517c4fde93de508fc85ff4b84137b5b36124270cb27ac3417f5f","0-1f52c68fcabb4c2f9003513151c6209d31b40095c7e8c8c3e4d7ffbddbc82974","root.record.ItemExhibitList.P5Item.CostElementCategoryList.Support.CostElementList.CostElement"
"Raytheon","FL","","","","","","","","","","","","2014-BASE_PROCUREMENT-2014-DEFENSE_DISA-PROCUREMENT_JustificationBook_Defense_Information_Systems_Agency_PB_2014.zzz_unzipped-PROCUREMENT_JustificationBook_Defense_Information_Systems_Agency_PB_2014.xml","cba25fef3ae29418ab6486735f2bf577629f2dd2828004af6fbf0effbb20815b","0-8fa30da792d0ed3a8540c974479a8700218bfc45df724c3c89e581fbe88489c2","1-8a9a21ff8533bcc06e5937178635920e953b1b02ec32bffe6ee08c842650ee8c","root.record.ItemExhibitList.P5Item.CostElementCategoryList.Support.CostElementList.CostElement"
"Raytheon","FL","","","","","","","","","","","","2014-BASE_PROCUREMENT-2014-DEFENSE_DISA-PROCUREMENT_JustificationBook_Defense_Information_Systems_Agency_PB_2014.zzz_unzipped-PROCUREMENT_JustificationBook_Defense_Information_Systems_Agency_PB_2014.xml","cba25fef3ae29418ab6486735f2bf577629f2dd2828004af6fbf0effbb20815b","0-77d8b31d663a43cbb58c9446dd19f6b361f4b7359bd0e011329772001bbc19d8","2-e7d090b7c08a9b51ac22a505f90dd50e3ceca46f87418554ca0963b1ce222d1d","root.record.ItemExhibitList.P5Item.CostElementCategoryList.Support.CostElementList.CostElement"
"Raytheon","FL","","","","","","","","","","","","2014-BASE_PROCUREMENT-2014-DEFENSE_VOL1-PROCUREMENT_MasterJustificationBook_Defense-Wide_PB_2014.zzz_unzipped-PROCUREMENT_MasterJustificationBook_Defense-Wide_PB_2014.xml","4d360eed146407a9526a8af340d12602d3d56cadb0857bd27ef69ddd7bbcec85","0-adb56d4ae19b320bf3690130d5b169acbe7fcd9046b69103f4a66e9b05e37a43","0-81eb0c0fc1ee3d5c98c74e307dc94c580042c3c33215c6ffcd25e458e3649b90","root.record.ItemExhibitList.P5Item.CostElementCategoryList.Support.CostElementList.CostElement"
"Raytheon","FL","","","","","","","","","","","","2014-BASE_PROCUREMENT-2014-DEFENSE_VOL1-PROCUREMENT_MasterJustificationBook_Defense-Wide_PB_2014.zzz_unzipped-PROCUREMENT_MasterJustificationBook_Defense-Wide_PB_2014.xml","4d360eed146407a9526a8af340d12602d3d56cadb0857bd27ef69ddd7bbcec85","0-3593eacb6e7f479ed35bdd83bf68bd77a71b63fc974c4bf9d87cc92fedb6a853","0-f8291fa6092627237c17ea76fa0fd343a2591cf4860b0db00754529f4dda90d2","root.record.ItemExhibitList.P5Item.CostElementCategoryList.Support.CostElementList.CostElement"
"Raytheon","FL","","","","","","","","","","","","2014-BASE_PROCUREMENT-2014-DEFENSE_VOL1-PROCUREMENT_MasterJustificationBook_Defense-Wide_PB_2014.zzz_unzipped-PROCUREMENT_MasterJustificationBook_Defense-Wide_PB_2014.xml","4d360eed146407a9526a8af340d12602d3d56cadb0857bd27ef69ddd7bbcec85","0-27dfbc23975d8a701b10173fc8f0e92c34432bca1c7f6af0feea967d30d82046","1-6ce21c42bbef1424c60257a11c3d1e2cf4197ce537ea44a1f08250b50c3f9be4","root.record.ItemExhibitList.P5Item.CostElementCategoryList.Support.CostElementList.CostElement"
"Raytheon","FL","","","","","","","","","","","","2014-BASE_PROCUREMENT-2014-DEFENSE_VOL1-PROCUREMENT_MasterJustificationBook_Defense-Wide_PB_2014.zzz_unzipped-PROCUREMENT_MasterJustificationBook_Defense-Wide_PB_2014.xml","4d360eed146407a9526a8af340d12602d3d56cadb0857bd27ef69ddd7bbcec85","0-b850b11de4fd83974388a8746ff71b336435cb4de9e36092d857ad09cb359c18","2-a79649a804e6b150cd6e62cd2723b6a96a86870dedfe0e10e5b1bf0041062676","root.record.ItemExhibitList.P5Item.CostElementCategoryList.Support.CostElementList.CostElement"
"BAE Systems","Nashua, NH","24","1000","600","0","3","9","12","0","3","9","12","2015-BASE_PROCUREMENT-2015-ARMY_AIRCRAFT-PROCUREMENT_JustificationBook_Army_PB_2015.zzz_unzipped-PROCUREMENT_JustificationBook_Army_PB_2015.xml","9a1873cad4521949934e526dc24cae6111fdb0711ce69b1e93bdfd0bf8223cb3","0-5edbf52dd141a7a4d4fd170611a7711b8e5192608cc253effee0a212387bd2ee","3-05129807b278ccb21ca5606c6cf52f9ce176b1bc7d3477bc8ba29e94a8b07c87","root.record.ItemExhibitList.P5Item.CostElementCategoryList.Support.CostElementList.CostElement"
"GSM ETI","Various","","","","","","","","","","","","2015-BASE_PROCUREMENT-2015-DEFENSE_DISA-PROCUREMENT_JustificationBook_Defense_Information_Systems_Agency_PB_2015.zzz_unzipped-PROCUREMENT_JustificationBook_Defense_Information_Systems_Agency_PB_2015.xml","b4a2bfa222274882e1035a15dfb0b4c9d8c25f2347323e4862655e6df742eb3b","0-21c0b62ba48a61b69c38d209c7a47c15d163e7c954fbcc90152119ce57c9d2d0","5-04eb898c9764379ab26171df89cb0c32f252536fcc2f671e0ee9c18d28370f35","root.record.ItemExhibitList.P5Item.CostElementCategoryList.Support.CostElementList.CostElement"
"Raytheon","FL","","","","","","","","","","","","2015-BASE_PROCUREMENT-2015-DEFENSE_DISA-PROCUREMENT_JustificationBook_Defense_Information_Systems_Agency_PB_2015.zzz_unzipped-PROCUREMENT_JustificationBook_Defense_Information_Systems_Agency_PB_2015.xml","b4a2bfa222274882e1035a15dfb0b4c9d8c25f2347323e4862655e6df742eb3b","0-ad1dbf9af6d240048138db5a6856bc335bccb509891fcf576baae74ca3ea44b6","0-0d3be72b8997d2764ed507175c68d55feccf1527dd8d37a4271a67b39a6a7c90","root.record.ItemExhibitList.P5Item.CostElementCategoryList.Support.CostElementList.CostElement"
"Raytheon","FL","","","","","","","","","","","","2015-BASE_PROCUREMENT-2015-DEFENSE_DISA-PROCUREMENT_JustificationBook_Defense_Information_Systems_Agency_PB_2015.zzz_unzipped-PROCUREMENT_JustificationBook_Defense_Information_Systems_Agency_PB_2015.xml","b4a2bfa222274882e1035a15dfb0b4c9d8c25f2347323e4862655e6df742eb3b","0-90f02dfd09058bdd70c22faa13d92f8f2d9759daacae4ad2ce3e98cfab656130","0-8aa1aec184edda24c11aea5ea966395ff1b4811b79933da0d9898dc44eddba13","root.record.ItemExhibitList.P5Item.CostElementCategoryList.Support.CostElementList.CostElement"
"Raytheon","FL","","","","","","","","","","","","2015-BASE_PROCUREMENT-2015-DEFENSE_DISA-PROCUREMENT_JustificationBook_Defense_Information_Systems_Agency_PB_2015.zzz_unzipped-PROCUREMENT_JustificationBook_Defense_Information_Systems_Agency_PB_2015.xml","b4a2bfa222274882e1035a15dfb0b4c9d8c25f2347323e4862655e6df742eb3b","0-22d2c96aac9a0e55d27e3aafa296f2ae3af42866008be22b90ee586afc3d70f0","1-591381f65eafc4e7bf390d28241f37651115447d031ca83fe06ed6d21d8a9f67","root.record.ItemExhibitList.P5Item.CostElementCategoryList.Support.CostElementList.CostElement"
"Raytheon","FL","","","","","","","","","","","","2015-BASE_PROCUREMENT-2015-DEFENSE_DISA-PROCUREMENT_JustificationBook_Defense_Information_Systems_Agency_PB_2015.zzz_unzipped-PROCUREMENT_JustificationBook_Defense_Information_Systems_Agency_PB_2015.xml","b4a2bfa222274882e1035a15dfb0b4c9d8c25f2347323e4862655e6df742eb3b","0-572038ef04a349d08b7e1a72a5e8bc219f3f5ed880b5bf8ac3cec2ff98885603","2-14552d2f37c27fb873bf2dbe68d028ae340ab4f7cbd02884eea1b52d3f48a6d1","root.record.ItemExhibitList.P5Item.CostElementCategoryList.Support.CostElementList.CostElement"
"GSM ETI","Various","","","","","","","","","","","","2015-BASE_PROCUREMENT-2015-DEFENSE_DISA-PROCUREMENT_MasterJustificationBook_Defense_Information_Systems_Agency_PB_2015.zzz_unzipped-PROCUREMENT_MasterJustificationBook_Defense_Information_Systems_Agency_PB_2015.xml","a142c81e24088ccf76f5b06f779fca0d49ce474dee0c7d8dae3f938eb877e7a7","0-f6396354788cc9a2fe7d25ab07c57501ffb22ded5dd581262917c8da485dca2e","5-9b10a231bef4db497322d3fe2821a280fec05d4d6d3186cd0c78eca8e1e4b747","root.record.ItemExhibitList.P5Item.CostElementCategoryList.Support.CostElementList.CostElement"
"Raytheon","FL","","","","","","","","","","","","2015-BASE_PROCUREMENT-2015-DEFENSE_DISA-PROCUREMENT_MasterJustificationBook_Defense_Information_Systems_Agency_PB_2015.zzz_unzipped-PROCUREMENT_MasterJustificationBook_Defense_Information_Systems_Agency_PB_2015.xml","a142c81e24088ccf76f5b06f779fca0d49ce474dee0c7d8dae3f938eb877e7a7","0-bdd353a5798a1d35280bfd61a5610b3931bf4f3d292ce4975c3709b7d916dea5","0-01305c5d45adea2ba080291759e6aeaf659f359c87a0edc5dd74bc4c9dfdc1aa","root.record.ItemExhibitList.P5Item.CostElementCategoryList.Support.CostElementList.CostElement"
"Raytheon","FL","","","","","","","","","","","","2015-BASE_PROCUREMENT-2015-DEFENSE_DISA-PROCUREMENT_MasterJustificationBook_Defense_Information_Systems_Agency_PB_2015.zzz_unzipped-PROCUREMENT_MasterJustificationBook_Defense_Information_Systems_Agency_PB_2015.xml","a142c81e24088ccf76f5b06f779fca0d49ce474dee0c7d8dae3f938eb877e7a7","0-74baed7b49836ac9f72d0390af6ea0fa15cf84b29345f26f6e322ec870a0427d","0-a48fdd4138b5cada1fff1d700a2c0b8f5e97e6ee2e96390e0703578d4f7a963d","root.record.ItemExhibitList.P5Item.CostElementCategoryList.Support.CostElementList.CostElement"
"Raytheon","FL","","","","","","","","","","","","2015-BASE_PROCUREMENT-2015-DEFENSE_DISA-PROCUREMENT_MasterJustificationBook_Defense_Information_Systems_Agency_PB_2015.zzz_unzipped-PROCUREMENT_MasterJustificationBook_Defense_Information_Systems_Agency_PB_2015.xml","a142c81e24088ccf76f5b06f779fca0d49ce474dee0c7d8dae3f938eb877e7a7","0-abb6db7cdb79332c319dbd12e9395f2a0049e01ddc6532014222b50568d7566d","1-30c79dd4b4e99b31fc5cb02849792469c825adbc5a3f471a79cfc392db4be916","root.record.ItemExhibitList.P5Item.CostElementCategoryList.Support.CostElementList.CostElement"
"Raytheon","FL","","","","","","","","","","","","2015-BASE_PROCUREMENT-2015-DEFENSE_DISA-PROCUREMENT_MasterJustificationBook_Defense_Information_Systems_Agency_PB_2015.zzz_unzipped-PROCUREMENT_MasterJustificationBook_Defense_Information_Systems_Agency_PB_2015.xml","a142c81e24088ccf76f5b06f779fca0d49ce474dee0c7d8dae3f938eb877e7a7","0-c01ccbd831cbb46cbfd36f708bd899f92857aab8b8376d2a957ad476e62709f6","2-f7f39410306863cc2c1471a4e76e98d7d7d6da28f6ff626fde8d164eaa70fe8c","root.record.ItemExhibitList.P5Item.CostElementCategoryList.Support.CostElementList.CostElement"
"GSM ETI","Various","","","","","","","","","","","","2015-BASE_PROCUREMENT-2015-DEFENSE_VOL1-PROCUREMENT_MasterJustificationBook_Defense-Wide_PB_2015.zzz_unzipped-PROCUREMENT_MasterJustificationBook_Defense-Wide_PB_2015.xml","f8fb97f0c35eb66e82a2dd33be510d6d7ff7f0d5096fc825199018e824e85efc","0-535d086f9c1ffbdce6d670fc044fd4ff8a74332e39e89edd7b395d217728ef5b","5-af8ee9206ee25c2bef920b7ccbf11893a8210c45ce68fac74e4eddcf8f530f23","root.record.ItemExhibitList.P5Item.CostElementCategoryList.Support.CostElementList.CostElement"
"Raytheon","FL","","","","","","","","","","","","2015-BASE_PROCUREMENT-2015-DEFENSE_VOL1-PROCUREMENT_MasterJustificationBook_Defense-Wide_PB_2015.zzz_unzipped-PROCUREMENT_MasterJustificationBook_Defense-Wide_PB_2015.xml","f8fb97f0c35eb66e82a2dd33be510d6d7ff7f0d5096fc825199018e824e85efc","0-c10c784c533c4c8cb4235ff153646bca414c4080fa47e7c3151d3592223fdd64","0-714d6d4efbd8c60ef3bdb27333fbebe14e81a30902dadc23ff2d83ba8b828ac5","root.record.ItemExhibitList.P5Item.CostElementCategoryList.Support.CostElementList.CostElement"
"Raytheon","FL","","","","","","","","","","","","2015-BASE_PROCUREMENT-2015-DEFENSE_VOL1-PROCUREMENT_MasterJustificationBook_Defense-Wide_PB_2015.zzz_unzipped-PROCUREMENT_MasterJustificationBook_Defense-Wide_PB_2015.xml","f8fb97f0c35eb66e82a2dd33be510d6d7ff7f0d5096fc825199018e824e85efc","0-4d100d1ceac7a9a7429e1382d75eb658e7126b950b045538a8adf531a725d299","0-43fc17f5afb5738bc1b2e0c341a3a1a72b4d18767463a01fb7aac2927f906b19","root.record.ItemExhibitList.P5Item.CostElementCategoryList.Support.CostElementList.CostElement"
"Raytheon","FL","","","","","","","","","","","","2015-BASE_PROCUREMENT-2015-DEFENSE_VOL1-PROCUREMENT_MasterJustificationBook_Defense-Wide_PB_2015.zzz_unzipped-PROCUREMENT_MasterJustificationBook_Defense-Wide_PB_2015.xml","f8fb97f0c35eb66e82a2dd33be510d6d7ff7f0d5096fc825199018e824e85efc","0-291871d4a10cbe0e272c420fdac3288cf260f5036652b272329f2924e1122c29","1-42d7799325660e88eef99666a8235932f714c3c0d02425818e9258f2a86c89ed","root.record.ItemExhibitList.P5Item.CostElementCategoryList.Support.CostElementList.CostElement"
"Raytheon","FL","","","","","","","","","","","","2015-BASE_PROCUREMENT-2015-DEFENSE_VOL1-PROCUREMENT_MasterJustificationBook_Defense-Wide_PB_2015.zzz_unzipped-PROCUREMENT_MasterJustificationBook_Defense-Wide_PB_2015.xml","f8fb97f0c35eb66e82a2dd33be510d6d7ff7f0d5096fc825199018e824e85efc","0-270abea5839db3edcb47076a49e7f09b8dfeb315cfbd0b43a74304facdf48055","2-267326d865e033f4372ebfe7fadb3aa260279d7932edf6c322f774a6f326e981","root.record.ItemExhibitList.P5Item.CostElementCategoryList.Support.CostElementList.CostElement"
"FN MANUFACTURING","COLUMBIA, SC","0.00","0.00","0.00","0","0","0","0","0","0","0","0","2016-BASE_PROCUREMENT-2016-AIRFORCE_AMMUNITION-PROCUREMENT_JustificationBook_Air_Force_PB_2016.zzz_unzipped-PROCUREMENT_JustificationBook_Air_Force_PB_2016.xml","71bb89db9689567af8f2723844d961955b47a1c0be7a5135c3bac8c7deab71b1","0-ecaab30e64555637d423a5277b4d4bd3c162e8a9aebc0d732880e4c7476a3cde","0-c44a42ca39804e7d7f20c88ae2699aa1df2f5991d92b1253fd6a4105e4565e15","root.record.ItemExhibitList.P5Item.CostElementCategoryList.Support.CostElementList.CostElement"
"FN MANUFACTURING","COLUMBIA, SC","0.00","0.00","0.00","0","0","0","0","0","0","0","0","2016-BASE_PROCUREMENT-2016-AIRFORCE_AMMUNITION-PROCUREMENT_MasterJustificationBook_Air_Force_PB_2016.zzz_unzipped-PROCUREMENT_MasterJustificationBook_Air_Force_PB_2016.xml","38fcdfdda9233b9f1d0767030b7c148e0a2a3e60a66c65aa05d126641d035dc4","0-6cd757eef3eb604a9215a9ec8429e82467bbbb88a2320e58d7698896bd546baf","0-cf622a800f3b95bd5a7fd6b3f517f034000302002c8ae488afdd2b9d07a391ea","root.record.ItemExhibitList.P5Item.CostElementCategoryList.Support.CostElementList.CostElement"
"MULTIPLE","MULTIPLE","0.00","0.00","0.00","0","0","0","0","0","0","0","0","2016-BASE_PROCUREMENT-2016-AIRFORCE_MISSILE-PROCUREMENT_JustificationBook_Air_Force_PB_2016.zzz_unzipped-PROCUREMENT_JustificationBook_Air_Force_PB_2016.xml","61c0a556a6347ba180c63d4c610a0bad4bb2844558560f20ab1410ae031f2f79","0-133d79f6a558a4102eaadc4d69809573d84d1dac536297ce1fec238f03909df5","0-bb588152be70d9ec59e967b848954f2223ed6b86df8c2a333470bbc4349b5f5d","root.record.ItemExhibitList.P5Item.CostElementCategoryList.Support.CostElementList.CostElement"
"MULTIPLE","MULTIPLE","0.00","0.00","0.00","0","0","0","0","0","0","0","0","2016-BASE_PROCUREMENT-2016-AIRFORCE_MISSILE-PROCUREMENT_JustificationBook_Air_Force_PB_2016.zzz_unzipped-PROCUREMENT_JustificationBook_Air_Force_PB_2016.xml","61c0a556a6347ba180c63d4c610a0bad4bb2844558560f20ab1410ae031f2f79","0-6186969a91c1d252bf9b0efee47dfc5b7446155a750df16b6d9230fd3ab7f3e8","1-4277639989b20024d5b422c6924dbe4707119460a5fce855e787e0d5b8af3e89","root.record.ItemExhibitList.P5Item.CostElementCategoryList.Support.CostElementList.CostElement"
"MULTIPLE","MULTIPLE","0.00","0.00","0.00","0","0","0","0","0","0","0","0","2016-BASE_PROCUREMENT-2016-AIRFORCE_MISSILE-PROCUREMENT_MasterJustificationBook_Air_Force_PB_2016.zzz_unzipped-PROCUREMENT_MasterJustificationBook_Air_Force_PB_2016.xml","d3ec86aa5696af172515eaa02c00c1e05d801894caa2e7a07894d028dc6bb332","0-7e6b0c2713dd632f36c68a359bdeecc438ddef18567443d0a5380ae22ec5399b","0-464a17d10f6c06502c2ea9f21d36fdca4a191e79e84f6aafd9746c0af22ec5db","root.record.ItemExhibitList.P5Item.CostElementCategoryList.Support.CostElementList.CostElement"
"MULTIPLE","MULTIPLE","0.00","0.00","0.00","0","0","0","0","0","0","0","0","2016-BASE_PROCUREMENT-2016-AIRFORCE_MISSILE-PROCUREMENT_MasterJustificationBook_Air_Force_PB_2016.zzz_unzipped-PROCUREMENT_MasterJustificationBook_Air_Force_PB_2016.xml","d3ec86aa5696af172515eaa02c00c1e05d801894caa2e7a07894d028dc6bb332","0-cf1770f4711e104e53012a992b3e697523eb09741084aa97fb12458b5167dd1b","1-b5da7a27e273e5c91522c923f33a78b4bb7a29d4bdcbef9fe9f43094c9aaaef2","root.record.ItemExhibitList.P5Item.CostElementCategoryList.Support.CostElementList.CostElement"
"MULTIPLE","MULTIPLE","0.00","0.00","0.00","0","0","0","0","0","0","0","0","2016-BASE_PROCUREMENT-2016-AIRFORCE_SPACE-PROCUREMENT_JustificationBook_Air_Force_PB_2016.zzz_unzipped-PROCUREMENT_JustificationBook_Air_Force_PB_2016.xml","0deb4c45fa1ef1984477f24b5eea0df8544031e378c5263baf42899e35992f3e","0-35c91dd828b9308628fe0195cd087287a0c7422c7af9dc8d76a93822d6ec9147","0-9e0f481e6c61b97df0619143f2b40bc4dca48e2a08d0f5099feb48a5ea63fbe6","root.record.ItemExhibitList.P5Item.CostElementCategoryList.Support.CostElementList.CostElement"
"MULTIPLE","MULTIPLE","0.00","0.00","0.00","0","0","0","0","0","0","0","0","2016-BASE_PROCUREMENT-2016-AIRFORCE_SPACE-PROCUREMENT_JustificationBook_Air_Force_PB_2016.zzz_unzipped-PROCUREMENT_JustificationBook_Air_Force_PB_2016.xml","0deb4c45fa1ef1984477f24b5eea0df8544031e378c5263baf42899e35992f3e","0-243dca8a064efc6efafec2232efd7f1948f7219deef7cd2df814fb55d3ef43f4","1-8ff6d6c36e1ed3c1718bd0bc685948841cc8784bf694f581b2638328f8653f79","root.record.ItemExhibitList.P5Item.CostElementCategoryList.Support.CostElementList.CostElement"
"MULTIPLE","MULTIPLE","0.00","0.00","0.00","0","0","0","0","0","0","0","0","2016-BASE_PROCUREMENT-2016-AIRFORCE_SPACE-PROCUREMENT_MasterJustificationBook_Air_Force_PB_2016.zzz_unzipped-PROCUREMENT_MasterJustificationBook_Air_Force_PB_2016.xml","2a2199d67cacfc237cc5f4fb1cb2d87461c797a5ad442b57ed3498ab7c04c59c","0-ecac1d50a21987d0f63d40225701e958d39bed69d8aa6e3ced7ce155dc66d209","0-6c5e8080fe23c0173b3ba492a03f6267c21023f0fa5ae568d283ed6af60cd0be","root.record.ItemExhibitList.P5Item.CostElementCategoryList.Support.CostElementList.CostElement"
"MULTIPLE","MULTIPLE","0.00","0.00","0.00","0","0","0","0","0","0","0","0","2016-BASE_PROCUREMENT-2016-AIRFORCE_SPACE-PROCUREMENT_MasterJustificationBook_Air_Force_PB_2016.zzz_unzipped-PROCUREMENT_MasterJustificationBook_Air_Force_PB_2016.xml","2a2199d67cacfc237cc5f4fb1cb2d87461c797a5ad442b57ed3498ab7c04c59c","0-c2e7cd30f723506badeea34cd6f6a0f88bcd0612e67c66291586589ac525d1a8","1-48d9f3fd24e2e4ace0aa3de8f1ddbdb63e456c78bf0963f1c4b4c72bb9ff28e9","root.record.ItemExhibitList.P5Item.CostElementCategoryList.Support.CostElementList.CostElement"
"Multiple","Multiple","0.00","0.00","0.00","0","0","0","0","0","0","0","0","2016-BASE_PROCUREMENT-2016-AIRFORCE_OTHER-PROCUREMENT_JustificationBook_Air_Force_PB_2016.zzz_unzipped-PROCUREMENT_JustificationBook_Air_Force_PB_2016.xml","59494116396e69660e75d77397a4826440aeb0f74e218dea5d849876aa3e9ff7","0-3a0a23bb21f8563633263b9d3c01aadb4addc2bf55d39c9410ccc847bb78b074","0-d2274febac1f9d99be5d597b3611620bc213fd1fd38bda22270c47c8bda7b6ea","root.record.ItemExhibitList.P5Item.CostElementCategoryList.Support.CostElementList.CostElement"
"Multiple","Multiple","0.00","0.00","0.00","0","0","0","0","0","0","0","0","2016-BASE_PROCUREMENT-2016-AIRFORCE_OTHER-PROCUREMENT_MasterJustificationBook_Air_Force_PB_2016.zzz_unzipped-PROCUREMENT_MasterJustificationBook_Air_Force_PB_2016.xml","2b682caee02270a3f69e0b57abb623f02c776949655dc1b401fb2790291e9b29","0-f3bc0bcfab94939fe5557296ab7624cdeca8154cb967d5006a5fbddbd0d4a6cd","0-72060b1a971d8f365a49810542f4a030b3aba771fe59d2228420f4241f64ffab","root.record.ItemExhibitList.P5Item.CostElementCategoryList.Support.CostElementList.CostElement"
"BAE Systems","Nashua, NH","24","1000","600","0","3","9","12","0","3","9","12","2016-BASE_PROCUREMENT-2016-ARMY_AIRCRAFT-PROCUREMENT_JustificationBook_Army_PB_2016.zzz_unzipped-PROCUREMENT_JustificationBook_Army_PB_2016.xml","d0faa6bb647f25deaeff34e03fb27743c073d7601384b99f8fa7a3c57893f097","0-5c3762597dc551f365acc9b3cb2c622e003c8d7f7a20888032e7ac4de8dd8564","3-d5390b14fce7e24e260ee2c7a747856a5c8cdd8257b959b39b948db9a51b07a2","root.record.ItemExhibitList.P5Item.CostElementCategoryList.Support.CostElementList.CostElement"
"PM I3C2","Ft. Belvoir, VA","","","","0","0","0","0","0","0","0","0","2016-BASE_PROCUREMENT-2016-ARMY_OTHER_2-PROCUREMENT_JustificationBook_Army_PB_2016.zzz_unzipped-PROCUREMENT_JustificationBook_Army_PB_2016.xml","0daeb3840995e315e0845fec38ebc9e30d4d58064f2184f55430dcb7cef2d891","0-45253948f03c998422a0d50a0dd62f19cd1dc4d6e77be5694f5c50108ef76341","0-1d2edc26e860bbe1f46b73040da91cc4f3b22b345eb535538755b569f56c7ae2","root.record.ItemExhibitList.P5Item.CostElementCategoryList.Support.CostElementList.CostElement"
"PM I3C2","Ft. Belvoir, VA","","","","0","0","0","0","0","0","0","0","2016-BASE_PROCUREMENT-2016-ARMY_OTHER_2-PROCUREMENT_JustificationBook_Army_PB_2016.zzz_unzipped-PROCUREMENT_JustificationBook_Army_PB_2016.xml","0daeb3840995e315e0845fec38ebc9e30d4d58064f2184f55430dcb7cef2d891","0-b37869a2f4de0012d082f126a13e0cd71aefee835e31eb9e4699e98dabfd66db","0-3ba0b0810eccd03619fda7888f3cc8f1785f830af96f7abd16fb76c60322976a","root.record.ItemExhibitList.P5Item.CostElementCategoryList.Support.CostElementList.CostElement"
"GSM ETI","Various","","","","","","","","","","","","2016-BASE_PROCUREMENT-2016-DEFENSE_DISA-PROCUREMENT_JustificationBook_Defense_Information_Systems_Agency_PB_2016.zzz_unzipped-PROCUREMENT_JustificationBook_Defense_Information_Systems_Agency_PB_2016.xml","dae3a3a4e1c3c917c599d350ec43c3a226320faf050977de21e224ac91e9b5cf","0-d0c7e159338d9bdbf5390706aadcc3ceef5cb264bc57f2e00d517fd52756d15c","5-02aa874fb917b0231355da011a7714b6da12e04e836f2e3cae7b41762c7da5f4","root.record.ItemExhibitList.P5Item.CostElementCategoryList.Support.CostElementList.CostElement"
"Raytheon","FL","","","","","","","","","","","","2016-BASE_PROCUREMENT-2016-DEFENSE_DISA-PROCUREMENT_JustificationBook_Defense_Information_Systems_Agency_PB_2016.zzz_unzipped-PROCUREMENT_JustificationBook_Defense_Information_Systems_Agency_PB_2016.xml","dae3a3a4e1c3c917c599d350ec43c3a226320faf050977de21e224ac91e9b5cf","0-559e4ffdd99faa91c37c6276723923bafd03234d4699b8ad5833c53636e88d5e","0-c5be97e0ecfee6d01c5b410d0628d977e08ba6769c8179e5d75dc75fb1582dd6","root.record.ItemExhibitList.P5Item.CostElementCategoryList.Support.CostElementList.CostElement"
"Raytheon","FL","","","","","","","","","","","","2016-BASE_PROCUREMENT-2016-DEFENSE_DISA-PROCUREMENT_JustificationBook_Defense_Information_Systems_Agency_PB_2016.zzz_unzipped-PROCUREMENT_JustificationBook_Defense_Information_Systems_Agency_PB_2016.xml","dae3a3a4e1c3c917c599d350ec43c3a226320faf050977de21e224ac91e9b5cf","0-0f836266d5020090b3577b32cbf826b1848a5ec54110a2f24cf41c43087ecda1","0-544c290bf49996520c59daab13007eadc32d35924df34bc24587ae81c3ae1906","root.record.ItemExhibitList.P5Item.CostElementCategoryList.Support.CostElementList.CostElement"
"Raytheon","FL","","","","","","","","","","","","2016-BASE_PROCUREMENT-2016-DEFENSE_DISA-PROCUREMENT_JustificationBook_Defense_Information_Systems_Agency_PB_2016.zzz_unzipped-PROCUREMENT_JustificationBook_Defense_Information_Systems_Agency_PB_2016.xml","dae3a3a4e1c3c917c599d350ec43c3a226320faf050977de21e224ac91e9b5cf","0-2ab4e04f5e69fddcaf6b884c7e0d2e9bc203c04f3750b7d7e932383095c74abc","1-06d634ce2b5961727896507217cdef06019ec14bb3fdc452c440a03789e0b6e4","root.record.ItemExhibitList.P5Item.CostElementCategoryList.Support.CostElementList.CostElement"
"Raytheon","FL","","","","","","","","","","","","2016-BASE_PROCUREMENT-2016-DEFENSE_DISA-PROCUREMENT_JustificationBook_Defense_Information_Systems_Agency_PB_2016.zzz_unzipped-PROCUREMENT_JustificationBook_Defense_Information_Systems_Agency_PB_2016.xml","dae3a3a4e1c3c917c599d350ec43c3a226320faf050977de21e224ac91e9b5cf","0-3e85c1ac13726c6c7027c91f3f24a5a5620b4721a998f77417bc3923fd1af33e","2-fd39e0979659eee09b055be03477d1614a6b62710fb319c41a11c7de5fc191b5","root.record.ItemExhibitList.P5Item.CostElementCategoryList.Support.CostElementList.CostElement"
"GSM ETI","Various","","","","","","","","","","","","2016-BASE_PROCUREMENT-2016-DEFENSE_DISA-PROCUREMENT_MasterJustificationBook_Defense_Information_Systems_Agency_PB_2016.zzz_unzipped-PROCUREMENT_MasterJustificationBook_Defense_Information_Systems_Agency_PB_2016.xml","bebf0444ff6624ed8a94a6d10ff2e33e3ab7c2bfc221b320f62da0b22b6fe720","0-9f27431b9b6065ec1e04839fd575a80665467535584176751a882aff8ce78dfb","5-d91727818b224d39416d51b284f5e21c1163f31163130ad5d06ee173719de67b","root.record.ItemExhibitList.P5Item.CostElementCategoryList.Support.CostElementList.CostElement"
"Raytheon","FL","","","","","","","","","","","","2016-BASE_PROCUREMENT-2016-DEFENSE_DISA-PROCUREMENT_MasterJustificationBook_Defense_Information_Systems_Agency_PB_2016.zzz_unzipped-PROCUREMENT_MasterJustificationBook_Defense_Information_Systems_Agency_PB_2016.xml","bebf0444ff6624ed8a94a6d10ff2e33e3ab7c2bfc221b320f62da0b22b6fe720","0-6ff8a5d4701186b11e682dc4809bbddce9d286d8592e29bec136f549f7ab1535","0-fd42270f71977a7dc2c9f851445f15c8b4028418ef07e2fd0b0d1452ef0ef524","root.record.ItemExhibitList.P5Item.CostElementCategoryList.Support.CostElementList.CostElement"
"Raytheon","FL","","","","","","","","","","","","2016-BASE_PROCUREMENT-2016-DEFENSE_DISA-PROCUREMENT_MasterJustificationBook_Defense_Information_Systems_Agency_PB_2016.zzz_unzipped-PROCUREMENT_MasterJustificationBook_Defense_Information_Systems_Agency_PB_2016.xml","bebf0444ff6624ed8a94a6d10ff2e33e3ab7c2bfc221b320f62da0b22b6fe720","0-3b83e6f6a53238191c6932b19ea70a0d284119257e81d445e284c249d61e2e0f","0-75f60cab362a8dabdb03224f5906aafb46763b8c852c2e436110680231e2990f","root.record.ItemExhibitList.P5Item.CostElementCategoryList.Support.CostElementList.CostElement"
"Raytheon","FL","","","","","","","","","","","","2016-BASE_PROCUREMENT-2016-DEFENSE_DISA-PROCUREMENT_MasterJustificationBook_Defense_Information_Systems_Agency_PB_2016.zzz_unzipped-PROCUREMENT_MasterJustificationBook_Defense_Information_Systems_Agency_PB_2016.xml","bebf0444ff6624ed8a94a6d10ff2e33e3ab7c2bfc221b320f62da0b22b6fe720","0-d18ab877c9dabc68d0529ef00af4b4638d4cb2f4d708d827f64307fa65bca615","1-5c1433bb241e9cd616aa368158dea8c8714ba395e316ae9c333fd33246c1f1c3","root.record.ItemExhibitList.P5Item.CostElementCategoryList.Support.CostElementList.CostElement"
"Raytheon","FL","","","","","","","","","","","","2016-BASE_PROCUREMENT-2016-DEFENSE_DISA-PROCUREMENT_MasterJustificationBook_Defense_Information_Systems_Agency_PB_2016.zzz_unzipped-PROCUREMENT_MasterJustificationBook_Defense_Information_Systems_Agency_PB_2016.xml","bebf0444ff6624ed8a94a6d10ff2e33e3ab7c2bfc221b320f62da0b22b6fe720","0-bf297df1c0df525038f492485882e666240356d917eaedaf1a1dc5438189ea01","2-b4333a152602a16725aacb8966d4797447e76cbee5a6bd54e53ff5263adfd984","root.record.ItemExhibitList.P5Item.CostElementCategoryList.Support.CostElementList.CostElement"
"GSM ETI","Various","","","","","","","","","","","","2016-BASE_PROCUREMENT-2016-DEFENSE_VOL1_ALL-PROCUREMENT_MasterJustificationBook_Defense-Wide_PB_2016.zzz_unzipped-PROCUREMENT_MasterJustificationBook_Defense-Wide_PB_2016.xml","571ee542d4cf5bc412d71e6caaa79683ff9dcab501f779c89e8c87d935a48228","0-5cc94c82aa2b1da175f556044da9ab6e2df7858a59de4847434030030f9e18f9","5-d8e5be991c349951688df041dbd7767f383740c5b6dd9d54e8bc37a840c002b3","root.record.ItemExhibitList.P5Item.CostElementCategoryList.Support.CostElementList.CostElement"
"Raytheon","FL","","","","","","","","","","","","2016-BASE_PROCUREMENT-2016-DEFENSE_VOL1_ALL-PROCUREMENT_MasterJustificationBook_Defense-Wide_PB_2016.zzz_unzipped-PROCUREMENT_MasterJustificationBook_Defense-Wide_PB_2016.xml","571ee542d4cf5bc412d71e6caaa79683ff9dcab501f779c89e8c87d935a48228","0-4ae1b83ba3a13532e37caf091a1367fe64a226a6d8c97c52e818cefef46b0f2f","0-2d7aba3fd1a562e33b861d248fc4d2eba059088e39b7661e8b1797f2c5b0d2ad","root.record.ItemExhibitList.P5Item.CostElementCategoryList.Support.CostElementList.CostElement"
"Raytheon","FL","","","","","","","","","","","","2016-BASE_PROCUREMENT-2016-DEFENSE_VOL1_ALL-PROCUREMENT_MasterJustificationBook_Defense-Wide_PB_2016.zzz_unzipped-PROCUREMENT_MasterJustificationBook_Defense-Wide_PB_2016.xml","571ee542d4cf5bc412d71e6caaa79683ff9dcab501f779c89e8c87d935a48228","0-e4eba78767047090d6850fc7e75700abb4666f3c461030112d8f473a0e2bdb43","0-2a732a297193bdde9d63b18efbc66fda054ac4b12d8550f8d83776e4fddbe574","root.record.ItemExhibitList.P5Item.CostElementCategoryList.Support.CostElementList.CostElement"
"Raytheon","FL","","","","","","","","","","","","2016-BASE_PROCUREMENT-2016-DEFENSE_VOL1_ALL-PROCUREMENT_MasterJustificationBook_Defense-Wide_PB_2016.zzz_unzipped-PROCUREMENT_MasterJustificationBook_Defense-Wide_PB_2016.xml","571ee542d4cf5bc412d71e6caaa79683ff9dcab501f779c89e8c87d935a48228","0-77a5f5e2a06b2c77c6178ed845565263d802d2f743dc83dee989ad2b8af3bdd0","1-101e8281fe1b4bc64e0a71aaa7f5b9294d82cb32a4cb16cc76079a71ec7d5cd7","root.record.ItemExhibitList.P5Item.CostElementCategoryList.Support.CostElementList.CostElement"
"Raytheon","FL","","","","","","","","","","","","2016-BASE_PROCUREMENT-2016-DEFENSE_VOL1_ALL-PROCUREMENT_MasterJustificationBook_Defense-Wide_PB_2016.zzz_unzipped-PROCUREMENT_MasterJustificationBook_Defense-Wide_PB_2016.xml","571ee542d4cf5bc412d71e6caaa79683ff9dcab501f779c89e8c87d935a48228","0-35d21db1d3a90b9c35c94fd9c86b312c03dceaca5cb40ebe29c82ff12474a66a","2-25a70d80486d28c06960df99bd458095af85981086efa952b3557cd05b49c6f5","root.record.ItemExhibitList.P5Item.CostElementCategoryList.Support.CostElementList.CostElement"
"Lockheed Martin","Sunnyvale, CA","12","24","18","9","1","37","38","9","1","37","38","2016-BASE_PROCUREMENT-2016-NAVY_WEAPONS-PROCUREMENT_JustificationBook_Navy_PB_2016.zzz_unzipped-PROCUREMENT_JustificationBook_Navy_PB_2016.xml","bcde46388610d3fe9b0f232edafe31c15133f8ebea7b2ad1daa1d62c146c33bb","0-8362d538dcf2cf7d398771c80c4e66a6e5e5ec2f0e33c4e52caac81ff2327aed","11-c2bc8609e26da53ffa8fad2b4ce41d16e6b63fe81a1732dfd13a16c218c168bc","root.record.ItemExhibitList.P5Item.CostElementCategoryList.Support.CostElementList.CostElement"
"Lockheed Martin","Sunnyvale, CA","12","24","18","9","1","37","38","9","1","37","38","2016-BASE_PROCUREMENT-2016-NAVY_WEAPONS-PROCUREMENT_MasterJustificationBook_Navy_PB_2016.zzz_unzipped-PROCUREMENT_MasterJustificationBook_Navy_PB_2016.xml","45af71fb24d18604860f3aa7d70ecb1967e2f415f7bc2b5c52225977d9c7d3cd","0-b05f5aa00cb8df1f39fbc7c622675f0f6588c19c4dc7fd8c11641b2d8c2ea3b5","11-9f86d296acac2042c2ab4d71e62bc7a042218751ffd7b25b323720ed70153e20","root.record.ItemExhibitList.P5Item.CostElementCategoryList.Support.CostElementList.CostElement"
"FN MANUFACRTURING","COLUMBIA, SC","0.00","0.00","0.00","0","0","0","0","0","0","0","0","2017-BASE_PROCUREMENT-2017-AIRFORCE_AMMUNITION-U_PROCUREMENT_JustificationBook_Air_Force_PB_2017.zzz_unzipped-U_PROCUREMENT_JustificationBook_Air_Force_PB_2017.xml","5832b4457d5305e7ddfa0d7374c76fdd053c835a0f4dd954a32b9f7f8a48b378","0-61d9bc7e6aa614bdf01846dfb93733770d8232b060e8fc42728678c7c7d97e5a","0-04a0adfdaba6840885a41ef290dde04d0baf8ee6b791cfa11568a10d5a11b5a7","root.record.ItemExhibitList.P5Item.CostElementCategoryList.Support.CostElementList.CostElement"
"FN MANUFACTURING","COLUMBIA, SC","0.00","0.00","0.00","0","0","0","0","0","0","0","0","2017-BASE_PROCUREMENT-2017-AIRFORCE_AMMUNITION-U_PROCUREMENT_JustificationBook_Air_Force_PB_2017.zzz_unzipped-U_PROCUREMENT_JustificationBook_Air_Force_PB_2017.xml","5832b4457d5305e7ddfa0d7374c76fdd053c835a0f4dd954a32b9f7f8a48b378","1-0da6d3a6eec8df51fe743c1b67f5f1205bec4f87aa928b4222e97baf2b4511b2","0-04a0adfdaba6840885a41ef290dde04d0baf8ee6b791cfa11568a10d5a11b5a7","root.record.ItemExhibitList.P5Item.CostElementCategoryList.Support.CostElementList.CostElement"
"FN MANUFACRTURING","COLUMBIA, SC","0.00","0.00","0.00","0","0","0","0","0","0","0","0","2017-BASE_PROCUREMENT-2017-AIRFORCE_AMMUNITION-U_PROCUREMENT_MasterJustificationBook_Air_Force_PB_2017.zzz_unzipped-U_PROCUREMENT_MasterJustificationBook_Air_Force_PB_2017.xml","51088242fb44703fc3fb7309c93c3488d1bb2fb254c6ae95fe2487d462ca3bcd","0-440966b616a37faaa25be7773dd2696579a6858664dff958a503e46e41110324","0-4da781324cb52bb10df0099cd6e391e39420e8a9c86400d4ded0fcd5d9772a71","root.record.ItemExhibitList.P5Item.CostElementCategoryList.Support.CostElementList.CostElement"
"FN MANUFACTURING","COLUMBIA, SC","0.00","0.00","0.00","0","0","0","0","0","0","0","0","2017-BASE_PROCUREMENT-2017-AIRFORCE_AMMUNITION-U_PROCUREMENT_MasterJustificationBook_Air_Force_PB_2017.zzz_unzipped-U_PROCUREMENT_MasterJustificationBook_Air_Force_PB_2017.xml","51088242fb44703fc3fb7309c93c3488d1bb2fb254c6ae95fe2487d462ca3bcd","1-3d0238ef27f300819938713524285460fc5855bcb55990166383eeebbd662714","0-4da781324cb52bb10df0099cd6e391e39420e8a9c86400d4ded0fcd5d9772a71","root.record.ItemExhibitList.P5Item.CostElementCategoryList.Support.CostElementList.CostElement"
"MULTIPLE","MULTIPLE","0.00","0.00","0.00","0","0","0","0","0","0","0","0","2017-BASE_PROCUREMENT-2017-AIRFORCE_MISSILE-U_PROCUREMENT_JustificationBook_Air_Force_PB_2017.zzz_unzipped-U_PROCUREMENT_JustificationBook_Air_Force_PB_2017.xml","3103289247c50e254005e82a3fb9bb4ff3d0e5bd1b370491b278b3bbd0b2b276","0-90c2ecf167f4b82e9ab33d4d0fdf36e67c00351029e33c775f65cf35ceac7447","0-77e36a7e4a87bed6ac66d70e3af896fa59529fff0382d2ae06b0acfe5095d14d","root.record.ItemExhibitList.P5Item.CostElementCategoryList.Support.CostElementList.CostElement"
"MULTIPLE","MULTIPLE","0.00","0.00","0.00","0","0","0","0","0","0","0","0","2017-BASE_PROCUREMENT-2017-AIRFORCE_MISSILE-U_PROCUREMENT_JustificationBook_Air_Force_PB_2017.zzz_unzipped-U_PROCUREMENT_JustificationBook_Air_Force_PB_2017.xml","3103289247c50e254005e82a3fb9bb4ff3d0e5bd1b370491b278b3bbd0b2b276","0-ffb8e5ea504c5004d94c1dc02513ade039daf602bde56dc16ebdbab582e0229b","1-cdc2ec7ab9530fc40d2bee5540a50426f6f7ddfd077bf7331f6f8a9189e7cff2","root.record.ItemExhibitList.P5Item.CostElementCategoryList.Support.CostElementList.CostElement"
"MULTIPLE","MULTIPLE","0.00","0.00","0.00","0","0","0","0","0","0","0","0","2017-BASE_PROCUREMENT-2017-AIRFORCE_MISSILE-U_PROCUREMENT_MasterJustificationBook_Air_Force_PB_2017.zzz_unzipped-U_PROCUREMENT_MasterJustificationBook_Air_Force_PB_2017.xml","63db0773d9b60ef0aebc6138f685c133fb03e24a3b5a33ad906ead630fcc46aa","0-f40baddcd7781ce4d91c9e3c5d81b9e963d0c3f5394215bed91f4a3aabbfa52e","0-5e759ff5fdb6d452648f49b4cc9dd22ce75ff5cde21b3aba9ab4d5cc9eac13a9","root.record.ItemExhibitList.P5Item.CostElementCategoryList.Support.CostElementList.CostElement"
"MULTIPLE","MULTIPLE","0.00","0.00","0.00","0","0","0","0","0","0","0","0","2017-BASE_PROCUREMENT-2017-AIRFORCE_MISSILE-U_PROCUREMENT_MasterJustificationBook_Air_Force_PB_2017.zzz_unzipped-U_PROCUREMENT_MasterJustificationBook_Air_Force_PB_2017.xml","63db0773d9b60ef0aebc6138f685c133fb03e24a3b5a33ad906ead630fcc46aa","0-85ceb7780b9773a373207f32e79953892b932b272ca242c1571567b63aa2f504","1-1c5e1755ffb65e0b813274fc0959e4172a75964bf20345a37a814fcf8228f875","root.record.ItemExhibitList.P5Item.CostElementCategoryList.Support.CostElementList.CostElement"
"NAVSURFWARCENDIV","Crane, Indiana","0.00","0.00","0.00","0","0","0","0","0","0","0","0","2017-BASE_PROCUREMENT-2017-AIRFORCE_OTHER-U_PROCUREMENT_JustificationBook_Air_Force_PB_2017.zzz_unzipped-U_PROCUREMENT_JustificationBook_Air_Force_PB_2017.xml","38c642dc0285b7d8781f87014042ad3d1b52b59501bab1602b747599958c4b3f","0-ce4dbfada87e47022bfd0d7dad6587d0e9085977a32a15dd0bdee5e135fc3c6e","3-9a0308384f378dea88893541a4a8a86b3a1d4e771f4372655fa8d9a1922e5487","root.record.ItemExhibitList.P5Item.CostElementCategoryList.Support.CostElementList.CostElement"
"Various","AFLCMC Hanscom AFB","0.00","0.00","0.00","0","0","0","0","0","0","0","0","2017-BASE_PROCUREMENT-2017-AIRFORCE_OTHER-U_PROCUREMENT_JustificationBook_Air_Force_PB_2017.zzz_unzipped-U_PROCUREMENT_JustificationBook_Air_Force_PB_2017.xml","38c642dc0285b7d8781f87014042ad3d1b52b59501bab1602b747599958c4b3f","0-46ceb13a6bd93f595e9a3b32b1e935acf213b48b3e17a488e739e1a5ea29036d","4-e1dda813bacb8148bf05fb1a66e9372e0a51d42639ab9abd47b1710563d91928","root.record.ItemExhibitList.P5Item.CostElementCategoryList.Support.CostElementList.CostElement"
"Multiple","Multiple","0.00","0.00","0.00","0","0","0","0","0","0","0","0","2017-BASE_PROCUREMENT-2017-AIRFORCE_OTHER-U_PROCUREMENT_JustificationBook_Air_Force_PB_2017.zzz_unzipped-U_PROCUREMENT_JustificationBook_Air_Force_PB_2017.xml","38c642dc0285b7d8781f87014042ad3d1b52b59501bab1602b747599958c4b3f","0-44f71f0ca045ecc6b566ce544046d9aee5487b40ac0203ee4b534f94594a6f41","0-73e29f6d5e80ec92d4bd124bf38e6baec7ad5b08810b646c084bf969e451d270","root.record.ItemExhibitList.P5Item.CostElementCategoryList.Support.CostElementList.CostElement"
"NAVSURFWARCENDIV","Crane, Indiana","0.00","0.00","0.00","0","0","0","0","0","0","0","0","2017-BASE_PROCUREMENT-2017-AIRFORCE_OTHER-U_PROCUREMENT_MasterJustificationBook_Air_Force_PB_2017.zzz_unzipped-U_PROCUREMENT_MasterJustificationBook_Air_Force_PB_2017.xml","36ace9e2c2250de3b99e411ac5642c43f6759be84df645121aad6b5f7bddc5c8","0-bda09981c105e4fb20c51563029617359b41b5d294d742254f63156c8c1c867b","3-81fdd2069db1d303b28269a9c261ec106a8e6c69fba123e7a51eb8b9c45cac05","root.record.ItemExhibitList.P5Item.CostElementCategoryList.Support.CostElementList.CostElement"
"Various","AFLCMC Hanscom AFB","0.00","0.00","0.00","0","0","0","0","0","0","0","0","2017-BASE_PROCUREMENT-2017-AIRFORCE_OTHER-U_PROCUREMENT_MasterJustificationBook_Air_Force_PB_2017.zzz_unzipped-U_PROCUREMENT_MasterJustificationBook_Air_Force_PB_2017.xml","36ace9e2c2250de3b99e411ac5642c43f6759be84df645121aad6b5f7bddc5c8","0-f07890c64c88e02a14acf89d0ef06529223405cc3678c1361411a99b4caa01e5","4-a141e24e40b94966cce3e86d1188edd7e532ad78d9a5c367d9700e13445b6f89","root.record.ItemExhibitList.P5Item.CostElementCategoryList.Support.CostElementList.CostElement"
"Multiple","Multiple","0.00","0.00","0.00","0","0","0","0","0","0","0","0","2017-BASE_PROCUREMENT-2017-AIRFORCE_OTHER-U_PROCUREMENT_MasterJustificationBook_Air_Force_PB_2017.zzz_unzipped-U_PROCUREMENT_MasterJustificationBook_Air_Force_PB_2017.xml","36ace9e2c2250de3b99e411ac5642c43f6759be84df645121aad6b5f7bddc5c8","0-2e3e4e86774954e834b4719a149b1c34607224133122d0749bfba0916dee3f96","0-a1fa195ffc0faff664468a9a95a407a84c1b17aa3e53ee4f70bf52dc295eb818","root.record.ItemExhibitList.P5Item.CostElementCategoryList.Support.CostElementList.CostElement"
"Program Management Support","PEO EIS, Ft Belvoir, VA","","","","0","0","0","0","0","0","0","0","2017-BASE_PROCUREMENT-2017-ARMY_OTHER_2-U_PROCUREMENT_JustificationBook_Army_PB_2017.zzz_unzipped-U_PROCUREMENT_JustificationBook_Army_PB_2017.xml","48ab450ab6008fa35b4bf1a2279460177958a9224250653792205202a62abfd5","0-83f165b37fa06cc950b2680be00c19c141f08b7c06f120f6aae281e7b1d9f74b","0-9a1fe16c5af9a2fadb61fd8d2e7b78d9acc8e495eba759e0df347d64e9910e96","root.record.ItemExhibitList.P5Item.CostElementCategoryList.Support.CostElementList.CostElement"
"PM I3C2","Ft. Belvoir, VA","","","","0","0","0","0","0","0","0","0","2017-BASE_PROCUREMENT-2017-ARMY_OTHER_2-U_PROCUREMENT_JustificationBook_Army_PB_2017.zzz_unzipped-U_PROCUREMENT_JustificationBook_Army_PB_2017.xml","e2c89fbeb812916900eca5c27f8af4e89ad05088685814bc9bb1805868e5dd11","0-f22503212d1d8da3da55065fb6060aae19d8f414d844be8b0dde85f7db3e2e2c","0-c6f616fc2b0fa679bda440a131f322b19787f5ddad58b1055cb0eb7cb5e55a5a","root.record.ItemExhibitList.P5Item.CostElementCategoryList.Support.CostElementList.CostElement"
"PM I3C2","Ft. Belvoir, VA","","","","0","0","0","0","0","0","0","0","2017-BASE_PROCUREMENT-2017-ARMY_OTHER_2-U_PROCUREMENT_JustificationBook_Army_PB_2017.zzz_unzipped-U_PROCUREMENT_JustificationBook_Army_PB_2017.xml","e2c89fbeb812916900eca5c27f8af4e89ad05088685814bc9bb1805868e5dd11","0-cb434e849e61a43ced0a0dce88a68f1815fa42118a9be3b238a94c1b56f0ecdd","0-bc8ebf0a204f409d72097ba67f853ff70cf0e7fe9549f20f62ea8838a4b81de5","root.record.ItemExhibitList.P5Item.CostElementCategoryList.Support.CostElementList.CostElement"
"GSM ETI","Various","","","","","","","","","","","","2017-BASE_PROCUREMENT-2017-DEFENSE_DISA-U_PROCUREMENT_JustificationBook_Defense_Information_Systems_Agency_PB_2017.zzz_unzipped-U_PROCUREMENT_JustificationBook_Defense_Information_Systems_Agency_PB_2017.xml","fb221902332d322a3dbca31c563079bae28136d0a5656ae7e5b0f07f2aa47c7f","0-c124282966723775cd89d93f88e51b4dca51851d4ac2fef62a8c533a9e23234d","5-b2fca4405210572263f95ce8676ebc25aa0cb2cdba580b0459dc970e2af506af","root.record.ItemExhibitList.P5Item.CostElementCategoryList.Support.CostElementList.CostElement"
"Raytheon","FL","","","","","","","","","","","","2017-BASE_PROCUREMENT-2017-DEFENSE_DISA-U_PROCUREMENT_JustificationBook_Defense_Information_Systems_Agency_PB_2017.zzz_unzipped-U_PROCUREMENT_JustificationBook_Defense_Information_Systems_Agency_PB_2017.xml","fb221902332d322a3dbca31c563079bae28136d0a5656ae7e5b0f07f2aa47c7f","0-02d86ea9d4bb403fffb13390a9ebaa457540fc3f9b2b398de7010f70357666b9","0-33bdbfe865e445e467cb952ff3c48eba2d64844aafd7a6fb46f4c19227999b44","root.record.ItemExhibitList.P5Item.CostElementCategoryList.Support.CostElementList.CostElement"
"Raytheon","FL","","","","","","","","","","","","2017-BASE_PROCUREMENT-2017-DEFENSE_DISA-U_PROCUREMENT_JustificationBook_Defense_Information_Systems_Agency_PB_2017.zzz_unzipped-U_PROCUREMENT_JustificationBook_Defense_Information_Systems_Agency_PB_2017.xml","fb221902332d322a3dbca31c563079bae28136d0a5656ae7e5b0f07f2aa47c7f","0-c4e9ba46ce863638eff38f515d32f09036a7256295c7a2d42c26f5b861c62675","0-cb152b1d34a399dd507fd3b10605df0cf5f2d3e9a609219769e765f1cb5dec87","root.record.ItemExhibitList.P5Item.CostElementCategoryList.Support.CostElementList.CostElement"
"Raytheon","FL","","","","","","","","","","","","2017-BASE_PROCUREMENT-2017-DEFENSE_DISA-U_PROCUREMENT_JustificationBook_Defense_Information_Systems_Agency_PB_2017.zzz_unzipped-U_PROCUREMENT_JustificationBook_Defense_Information_Systems_Agency_PB_2017.xml","fb221902332d322a3dbca31c563079bae28136d0a5656ae7e5b0f07f2aa47c7f","0-d12377b48cb35e6c13e7c01714b4882f7ae5aa5b89a5c037f3b6388c01760373","1-13ad08fe03c27e0a3c7eea3eb9724249504350a2689b332cab8cc93b0b82d3a5","root.record.ItemExhibitList.P5Item.CostElementCategoryList.Support.CostElementList.CostElement"
"Raytheon","FL","","","","","","","","","","","","2017-BASE_PROCUREMENT-2017-DEFENSE_DISA-U_PROCUREMENT_JustificationBook_Defense_Information_Systems_Agency_PB_2017.zzz_unzipped-U_PROCUREMENT_JustificationBook_Defense_Information_Systems_Agency_PB_2017.xml","fb221902332d322a3dbca31c563079bae28136d0a5656ae7e5b0f07f2aa47c7f","0-a245c766062e6c0ac29e13f10fd0b4a157c127380f10ad74cb37304d01025793","2-4ce1ce0bca2d16eea9c0995f77885d4956c75e3efc666d6345cf9af8637c2db9","root.record.ItemExhibitList.P5Item.CostElementCategoryList.Support.CostElementList.CostElement"
"GSM ETI","Various","","","","","","","","","","","","2017-BASE_PROCUREMENT-2017-DEFENSE_DISA-U_PROCUREMENT_MasterJustificationBook_Defense_Information_Systems_Agency_PB_2017.zzz_unzipped-U_PROCUREMENT_MasterJustificationBook_Defense_Information_Systems_Agency_PB_2017.xml","1fc0889224fb914d81c6fc765696fbe12c90ce9f0e5cc1dd755186ceefffc36e","0-04414a9a1707ee0ae49ebc8524c5c7646cd2d74f3ee64ed0e698240b0042d5b3","5-e631ecff78eb1d0c87b99d53779273d16a9ac40288ea878f38326f0097e06b99","root.record.ItemExhibitList.P5Item.CostElementCategoryList.Support.CostElementList.CostElement"
"Raytheon","FL","","","","","","","","","","","","2017-BASE_PROCUREMENT-2017-DEFENSE_DISA-U_PROCUREMENT_MasterJustificationBook_Defense_Information_Systems_Agency_PB_2017.zzz_unzipped-U_PROCUREMENT_MasterJustificationBook_Defense_Information_Systems_Agency_PB_2017.xml","1fc0889224fb914d81c6fc765696fbe12c90ce9f0e5cc1dd755186ceefffc36e","0-670e7f0845e3c3b079473d3c9530d6142c708b78f733727746812b34b6172512","0-93fa5956effc8313560b506965b2a8b7c0ca8e920048fa6bfd6fe3a60518ea57","root.record.ItemExhibitList.P5Item.CostElementCategoryList.Support.CostElementList.CostElement"
"Raytheon","FL","","","","","","","","","","","","2017-BASE_PROCUREMENT-2017-DEFENSE_DISA-U_PROCUREMENT_MasterJustificationBook_Defense_Information_Systems_Agency_PB_2017.zzz_unzipped-U_PROCUREMENT_MasterJustificationBook_Defense_Information_Systems_Agency_PB_2017.xml","1fc0889224fb914d81c6fc765696fbe12c90ce9f0e5cc1dd755186ceefffc36e","0-ec8174644404f2d2f2939ab78e528c6cb7fb3a7ad669f2f8dd46681510ff35bb","0-9e278c1e71d45079d75e6e88a26db3ef38d782c39e639bd48b4bedf1255e23a6","root.record.ItemExhibitList.P5Item.CostElementCategoryList.Support.CostElementList.CostElement"
"Raytheon","FL","","","","","","","","","","","","2017-BASE_PROCUREMENT-2017-DEFENSE_DISA-U_PROCUREMENT_MasterJustificationBook_Defense_Information_Systems_Agency_PB_2017.zzz_unzipped-U_PROCUREMENT_MasterJustificationBook_Defense_Information_Systems_Agency_PB_2017.xml","1fc0889224fb914d81c6fc765696fbe12c90ce9f0e5cc1dd755186ceefffc36e","0-a9cfb2e00a57261185f016a190b7b2172b6b0b4689e701d3fc37797cff6ad8e3","1-3476992f6ac3dfedfd84f68450aadf1e69781d9ee8b69caad1efa7031add57e2","root.record.ItemExhibitList.P5Item.CostElementCategoryList.Support.CostElementList.CostElement"
"Raytheon","FL","","","","","","","","","","","","2017-BASE_PROCUREMENT-2017-DEFENSE_DISA-U_PROCUREMENT_MasterJustificationBook_Defense_Information_Systems_Agency_PB_2017.zzz_unzipped-U_PROCUREMENT_MasterJustificationBook_Defense_Information_Systems_Agency_PB_2017.xml","1fc0889224fb914d81c6fc765696fbe12c90ce9f0e5cc1dd755186ceefffc36e","0-7590820b6af2768c40201fc4256fae36ab47345f67b232de011872c9a0face06","2-72934fd08674e4dfa279ce8676b367248b17c8ea356a2fcca3ee7c94eb81dfe0","root.record.ItemExhibitList.P5Item.CostElementCategoryList.Support.CostElementList.CostElement"
"GSM ETI","Various","","","","","","","","","","","","2017-BASE_PROCUREMENT-2017-DEFENSE_VOL1_ALL-U_PROCUREMENT_MasterJustificationBook_Defense-Wide_PB_2017.zzz_unzipped-U_PROCUREMENT_MasterJustificationBook_Defense-Wide_PB_2017.xml","3fe26018306f06e04ec8c699d42dab94c86644eae13f58780bf2bad0a7a5e6ed","0-3981134a4e5f8eec88eabcc9811a6b8405d6ff6c0ee7e3aff6d2db399d30ade5","5-7468c62dad92b0cae25fa8a6de7f0a40d20ef2bfa3963455732ae8880fb74cbe","root.record.ItemExhibitList.P5Item.CostElementCategoryList.Support.CostElementList.CostElement"
"Raytheon","FL","","","","","","","","","","","","2017-BASE_PROCUREMENT-2017-DEFENSE_VOL1_ALL-U_PROCUREMENT_MasterJustificationBook_Defense-Wide_PB_2017.zzz_unzipped-U_PROCUREMENT_MasterJustificationBook_Defense-Wide_PB_2017.xml","3fe26018306f06e04ec8c699d42dab94c86644eae13f58780bf2bad0a7a5e6ed","0-9b3f83a7da9f8310b17ab68b1e3ec769af78b16abdc77f95177f4605fa061535","0-8f0a943bccc5b8978f3eedc4384e60ee9be395a58935253626d6825299ecc5d9","root.record.ItemExhibitList.P5Item.CostElementCategoryList.Support.CostElementList.CostElement"
"Raytheon","FL","","","","","","","","","","","","2017-BASE_PROCUREMENT-2017-DEFENSE_VOL1_ALL-U_PROCUREMENT_MasterJustificationBook_Defense-Wide_PB_2017.zzz_unzipped-U_PROCUREMENT_MasterJustificationBook_Defense-Wide_PB_2017.xml","3fe26018306f06e04ec8c699d42dab94c86644eae13f58780bf2bad0a7a5e6ed","0-5ed58699fffb99783d68d35b4cba65a30bf6f9b013caaf4aa59bc40d8520097d","0-3d5b416f101f88dc3dd82d2a659e9129b129f2d6780f625d7b496ba975414bb6","root.record.ItemExhibitList.P5Item.CostElementCategoryList.Support.CostElementList.CostElement"
"Raytheon","FL","","","","","","","","","","","","2017-BASE_PROCUREMENT-2017-DEFENSE_VOL1_ALL-U_PROCUREMENT_MasterJustificationBook_Defense-Wide_PB_2017.zzz_unzipped-U_PROCUREMENT_MasterJustificationBook_Defense-Wide_PB_2017.xml","3fe26018306f06e04ec8c699d42dab94c86644eae13f58780bf2bad0a7a5e6ed","0-87867ebfe001fa24c931736229d445058ea4b3b7c5a6f913239b1c0fea42122d","1-5dd5759d262551fc01d5622959cec202b6ea03c42b1af8ec34c8ec86703e8b85","root.record.ItemExhibitList.P5Item.CostElementCategoryList.Support.CostElementList.CostElement"
"Raytheon","FL","","","","","","","","","","","","2017-BASE_PROCUREMENT-2017-DEFENSE_VOL1_ALL-U_PROCUREMENT_MasterJustificationBook_Defense-Wide_PB_2017.zzz_unzipped-U_PROCUREMENT_MasterJustificationBook_Defense-Wide_PB_2017.xml","3fe26018306f06e04ec8c699d42dab94c86644eae13f58780bf2bad0a7a5e6ed","0-e58d18880b8bee98f2c731eceed96bb55ad6d8053c3e5612c4814d53d5559d17","2-d5c691bc73f829af940c0b76cb1997e541008499345d26c08f8fb3ab96c61ced","root.record.ItemExhibitList.P5Item.CostElementCategoryList.Support.CostElementList.CostElement"
"Lockheed Martin","Sunnyvale, CA","12","24","18","9","1","37","38","9","1","37","38","2017-BASE_PROCUREMENT-2017-NAVY_WEAPONS-U_PROCUREMENT_JustificationBook_Navy_PB_2017.zzz_unzipped-U_PROCUREMENT_JustificationBook_Navy_PB_2017.xml","38ff7797f221e83b6fee70eaeaeafec069af19d9b0da2fd7a89ee07a3a9df75e","0-3447caa9192f5c11bd5d926668d438bf61c6095d89d8f2c066cb9910089f4fdc","0-c851580bc8df1e57818a0d2f7ad3e65d84d898e2dceb145ae4981268892d49fd","root.record.ItemExhibitList.P5Item.CostElementCategoryList.Support.CostElementList.CostElement"
"Lockheed Martin","Sunnyvale, CA","12","24","18","9","1","37","38","9","1","37","38","2017-BASE_PROCUREMENT-2017-NAVY_WEAPONS-U_PROCUREMENT_JustificationBook_Navy_PB_2017.zzz_unzipped-U_PROCUREMENT_JustificationBook_Navy_PB_2017.xml","38ff7797f221e83b6fee70eaeaeafec069af19d9b0da2fd7a89ee07a3a9df75e","0-068023411f7b18069e43fbaee2a5c0a70b4c4768b6023b92a9bd19eb4db8c99a","1-d654dadb87b2148dc932ab9c5b450df2f5c38c7cb617a27bca97e978cc5d54a2","root.record.ItemExhibitList.P5Item.CostElementCategoryList.Support.CostElementList.CostElement"
"Lockheed Martin","Sunnyvale, CA","12","24","18","9","1","37","38","9","1","37","38","2017-BASE_PROCUREMENT-2017-NAVY_WEAPONS-U_PROCUREMENT_MasterJustificationBook_Navy_PB_2017.zzz_unzipped-U_PROCUREMENT_MasterJustificationBook_Navy_PB_2017.xml","a89bef2b7f5cfdde47606d05c9640d7a2523bdf280da00393b8712516b53efad","0-eaa0805d03a9772d7e5e222e32aa19dc22a64033c377d53ff4aa723b1e740e1e","0-314f880609afee0a68ab60be695a14a3120896eddc9a942dc7309809b6937a85","root.record.ItemExhibitList.P5Item.CostElementCategoryList.Support.CostElementList.CostElement"
"Lockheed Martin","Sunnyvale, CA","12","24","18","9","1","37","38","9","1","37","38","2017-BASE_PROCUREMENT-2017-NAVY_WEAPONS-U_PROCUREMENT_MasterJustificationBook_Navy_PB_2017.zzz_unzipped-U_PROCUREMENT_MasterJustificationBook_Navy_PB_2017.xml","a89bef2b7f5cfdde47606d05c9640d7a2523bdf280da00393b8712516b53efad","0-a68e21987680c7eed7ddd7bb223761bb6503b8639d1a1c4ed91b4ce84eba29a2","1-d2a3690f7b92daa37589e0df737e09b4dba62af77132693dda0c6b6e3cc906e4","root.record.ItemExhibitList.P5Item.CostElementCategoryList.Support.CostElementList.CostElement"
"PM I3C2","Ft. Belvoir, VA","","","","0","0","0","0","0","0","0","0","2018-BASE_PROCUREMENT-2018-ARMY_OTHER_2-U_PROCUREMENT_JustificationBook_Army_PB_2018.zzz_unzipped-U_PROCUREMENT_JustificationBook_Army_PB_2018.xml","4fcec47d2ef2c5e454ef51ea8d74e89b75e63959a68d7baa4c0a97b8a1fc8c6e","0-15a6d985f898c1d87e2d09dd77036f86237081f40069828200d241b80bfe82f4","0-8e057d6368d061bafd4041eb1a75299ca27bb519e8c47a42f862de0684d4c791","root.record.ItemExhibitList.P5Item.CostElementCategoryList.Support.CostElementList.CostElement"
"PM I3C2","Ft. Belvoir, VA","","","","0","0","0","0","0","0","0","0","2018-BASE_PROCUREMENT-2018-ARMY_OTHER_2-U_PROCUREMENT_JustificationBook_Army_PB_2018.zzz_unzipped-U_PROCUREMENT_JustificationBook_Army_PB_2018.xml","4fcec47d2ef2c5e454ef51ea8d74e89b75e63959a68d7baa4c0a97b8a1fc8c6e","0-682ef482155e4fad58a9d630ea3d3bd5c5b356d086cb3f5f095096dfdf7d1a35","0-9a066783aa146a466dfd47a43856d08b83b03f9180982f7160dc90610fcb7036","root.record.ItemExhibitList.P5Item.CostElementCategoryList.Support.CostElementList.CostElement"
"TBD","TBD","","","","0","0","0","0","0","0","0","0","2018-BASE_PROCUREMENT-2018-ARMY_OTHER_2-U_PROCUREMENT_JustificationBook_Army_PB_2018.zzz_unzipped-U_PROCUREMENT_JustificationBook_Army_PB_2018.xml","38c294167c355d339a8ccea624e0b0643e68457c11866b2b886992043516b63d","0-8b63a946f743c66b0f4715efc2cd57d099b1b51ccfb1a2bc7e63ffb684d628a8","0-73b9043fc4a312ca32a9c765d6b3c338c9a2cba4df2347002cdbc96d0d505e80","root.record.ItemExhibitList.P5Item.CostElementCategoryList.Support.CostElementList.CostElement"
"Lockheed Martin Corporation","Orlando","","","","","","","","","","","","2018-BASE_PROCUREMENT-2018-ARMY_OTHER_3-U_PROCUREMENT_JustificationBook_Army_PB_2018.zzz_unzipped-U_PROCUREMENT_JustificationBook_Army_PB_2018.xml","e1e9137e14aa038d5610c38fd80342be292928310c6f28808f3780d47d4ae08f","0-073f3406cadc1581b0b62cb60bc79a85ab82174ef94ed6c29f000488583b7500","2-e28315c9422559ef683a8983be622e8274cdd4db0e45b603ab41b2c65d856728","root.record.ItemExhibitList.P5Item.CostElementCategoryList.Support.CostElementList.CostElement"
"VARIOUS","VARIOUS","","","","","","","","","","","","2018-BASE_PROCUREMENT-2018-DEFENSE_DISA-U_PROCUREMENT_JustificationBook_Defense_Information_Systems_Agency_PB_2018.zzz_unzipped-U_PROCUREMENT_JustificationBook_Defense_Information_Systems_Agency_PB_2018.xml","2aba1962b4cb1e864353ef939063c21a367c6f82c8e11e2473b49ac42503d201","0-1a4feabb71417aaf1dbb773780b63f28f16e2ab49f6dc16aa22b97c63980d5cb","0-f84af08e7ef17cd766f8e9b1abb8a2001b57f010815c187b4506524459859ea1","root.record.ItemExhibitList.P5Item.CostElementCategoryList.Support.CostElementList.CostElement"
"Raytheon","FL","","","","","","","","","","","","2018-BASE_PROCUREMENT-2018-DEFENSE_DISA-U_PROCUREMENT_JustificationBook_Defense_Information_Systems_Agency_PB_2018.zzz_unzipped-U_PROCUREMENT_JustificationBook_Defense_Information_Systems_Agency_PB_2018.xml","74fbd88062e94fafe3b2a2f641200d29fa65a16858067f91a872874813013009","0-740a382e15188dcef987f6fa299fff27f898144982f80c18870c27d5fe98d0f1","0-9cc7e95bccefaf4073e7dfe6be8c7905cac449443bfb8fb97b28c32fdf5e6048","root.record.ItemExhibitList.P5Item.CostElementCategoryList.Support.CostElementList.CostElement"
"Raytheon","FL","","","","","","","","","","","","2018-BASE_PROCUREMENT-2018-DEFENSE_DISA-U_PROCUREMENT_JustificationBook_Defense_Information_Systems_Agency_PB_2018.zzz_unzipped-U_PROCUREMENT_JustificationBook_Defense_Information_Systems_Agency_PB_2018.xml","74fbd88062e94fafe3b2a2f641200d29fa65a16858067f91a872874813013009","0-92bf8e395caf3317f029a18d9f187884fb864fa05294904d767fc792d8c428d5","0-afeb3978e58535f191e6ce512b79f814727548289a7548e30db9c5aff92db206","root.record.ItemExhibitList.P5Item.CostElementCategoryList.Support.CostElementList.CostElement"
"Raytheon","FL","","","","","","","","","","","","2018-BASE_PROCUREMENT-2018-DEFENSE_DISA-U_PROCUREMENT_JustificationBook_Defense_Information_Systems_Agency_PB_2018.zzz_unzipped-U_PROCUREMENT_JustificationBook_Defense_Information_Systems_Agency_PB_2018.xml","74fbd88062e94fafe3b2a2f641200d29fa65a16858067f91a872874813013009","0-217b858a83a20ba0b5b1838302f9f91671d60925bf8a7c9183abe7f41d07c4b5","1-4bccc0d59d496e0ab067b1de306caa853d4c2ba16ffc82115ab88a921fec30e5","root.record.ItemExhibitList.P5Item.CostElementCategoryList.Support.CostElementList.CostElement"
"Raytheon","FL","","","","","","","","","","","","2018-BASE_PROCUREMENT-2018-DEFENSE_DISA-U_PROCUREMENT_JustificationBook_Defense_Information_Systems_Agency_PB_2018.zzz_unzipped-U_PROCUREMENT_JustificationBook_Defense_Information_Systems_Agency_PB_2018.xml","74fbd88062e94fafe3b2a2f641200d29fa65a16858067f91a872874813013009","0-cb6a7f0ecc2c19d4d945938827f0521e28b813b8cb56d2d369dfd8e597ff4ca2","2-96dc7836d119f426f75cafe0bef499bc73df5bc2a67434368208984afb78aad5","root.record.ItemExhibitList.P5Item.CostElementCategoryList.Support.CostElementList.CostElement"
"VARIOUS","VARIOUS","","","","","","","","","","","","2018-BASE_PROCUREMENT-2018-DEFENSE_DISA-U_PROCUREMENT_MasterJustificationBook_Defense_Information_Systems_Agency_PB_2018.zzz_unzipped-U_PROCUREMENT_MasterJustificationBook_Defense_Information_Systems_Agency_PB_2018.xml","1ff22ba33938fd2d5a82da54e28e981588485e425458022ea70223649689dc3b","0-9e5bb9734fa98f6b1929a4af6968c43d7ed94cf1347298dfc07e1f7f1836bf23","0-fe46380836bfd4487c9b7fc89402b53b067490e06f6a960216b0e7b81134607d","root.record.ItemExhibitList.P5Item.CostElementCategoryList.Support.CostElementList.CostElement"
"Raytheon","FL","","","","","","","","","","","","2018-BASE_PROCUREMENT-2018-DEFENSE_DISA-U_PROCUREMENT_MasterJustificationBook_Defense_Information_Systems_Agency_PB_2018.zzz_unzipped-U_PROCUREMENT_MasterJustificationBook_Defense_Information_Systems_Agency_PB_2018.xml","4ff2116b0755a8b49a77000707e1b818b753a14c33d83734d9a6c7c985375a75","0-63f22407609f8c3a6d3499b756460fd02324c223a64c468286b8b102fdc35b7e","0-cf7ae7f420637f6d34960bd54d858ad55571d68149df79e7d1a63e0fe1d6b3b7","root.record.ItemExhibitList.P5Item.CostElementCategoryList.Support.CostElementList.CostElement"
"Raytheon","FL","","","","","","","","","","","","2018-BASE_PROCUREMENT-2018-DEFENSE_DISA-U_PROCUREMENT_MasterJustificationBook_Defense_Information_Systems_Agency_PB_2018.zzz_unzipped-U_PROCUREMENT_MasterJustificationBook_Defense_Information_Systems_Agency_PB_2018.xml","4ff2116b0755a8b49a77000707e1b818b753a14c33d83734d9a6c7c985375a75","0-c8b2ac72c39b86bd85ea1258eb4722f6b9f6e06e6e8d8eee2fb5e644d4559ae4","0-8ba86580e414b709b0c1564a7306dd6b473b93e0735cf85733627ebf5dfb5fd2","root.record.ItemExhibitList.P5Item.CostElementCategoryList.Support.CostElementList.CostElement"
"Raytheon","FL","","","","","","","","","","","","2018-BASE_PROCUREMENT-2018-DEFENSE_DISA-U_PROCUREMENT_MasterJustificationBook_Defense_Information_Systems_Agency_PB_2018.zzz_unzipped-U_PROCUREMENT_MasterJustificationBook_Defense_Information_Systems_Agency_PB_2018.xml","4ff2116b0755a8b49a77000707e1b818b753a14c33d83734d9a6c7c985375a75","0-cd47ce0ef892a8f872b952082bb8f11bc4914945dc474ebd77cb77c94a14c1cf","1-0c3c93c98028cf2bf0ebc2150b1c4ea870c1800573fea4c7b38f7369cb551917","root.record.ItemExhibitList.P5Item.CostElementCategoryList.Support.CostElementList.CostElement"
"Raytheon","FL","","","","","","","","","","","","2018-BASE_PROCUREMENT-2018-DEFENSE_DISA-U_PROCUREMENT_MasterJustificationBook_Defense_Information_Systems_Agency_PB_2018.zzz_unzipped-U_PROCUREMENT_MasterJustificationBook_Defense_Information_Systems_Agency_PB_2018.xml","4ff2116b0755a8b49a77000707e1b818b753a14c33d83734d9a6c7c985375a75","0-539f4c65860315bf785b3f83dea6f91993a9a8ca81c75c80d0d05951be3848fd","2-87b819d4012f96e2decf04c77fca1791003cdc7e5578d35f0cb71d5dafb8ba02","root.record.ItemExhibitList.P5Item.CostElementCategoryList.Support.CostElementList.CostElement"
"VARIOUS","VARIOUS","","","","","","","","","","","","2018-BASE_PROCUREMENT-2018-DEFENSE_VOL1_ALL-U_PROCUREMENT_MasterJustificationBook_Defense-Wide_PB_2018.zzz_unzipped-U_PROCUREMENT_MasterJustificationBook_Defense-Wide_PB_2018.xml","a10fd304ea1af2401ea1f5e3423a2d62d700eed684615bd75677b30ac02d9053","0-592f3e037cd65b6b1aaed1953ada6f07530d5b1f2316de404d1df6eb0c1c15a4","0-b2a64fe71c2f4bb00bfba0bb7b63bf169d13bb10aa9de02643f1b8784193ccc2","root.record.ItemExhibitList.P5Item.CostElementCategoryList.Support.CostElementList.CostElement"
"Raytheon","FL","","","","","","","","","","","","2018-BASE_PROCUREMENT-2018-DEFENSE_VOL1_ALL-U_PROCUREMENT_MasterJustificationBook_Defense-Wide_PB_2018.zzz_unzipped-U_PROCUREMENT_MasterJustificationBook_Defense-Wide_PB_2018.xml","043f4ecebd906d7d16aa3bb394ad4cacbbe9e78ae1f4ea044c0a41463db188ab","0-5e1abd15742c60b00a6db9781aa69e70e26ae77c1ae68984eb790ceaaccda324","0-706859ecdbd0e71d61e286b13131d77bf30904e26955dd0752444b340b20dfab","root.record.ItemExhibitList.P5Item.CostElementCategoryList.Support.CostElementList.CostElement"
"Raytheon","FL","","","","","","","","","","","","2018-BASE_PROCUREMENT-2018-DEFENSE_VOL1_ALL-U_PROCUREMENT_MasterJustificationBook_Defense-Wide_PB_2018.zzz_unzipped-U_PROCUREMENT_MasterJustificationBook_Defense-Wide_PB_2018.xml","043f4ecebd906d7d16aa3bb394ad4cacbbe9e78ae1f4ea044c0a41463db188ab","0-46019340b31123a1400e181c139e82d173001dddf2a4be7fd80269a76fe1f816","0-93e0571b9e551ee76463375de315295b9632811ef5b4be1317ab1cbd92aafbd0","root.record.ItemExhibitList.P5Item.CostElementCategoryList.Support.CostElementList.CostElement"
"Raytheon","FL","","","","","","","","","","","","2018-BASE_PROCUREMENT-2018-DEFENSE_VOL1_ALL-U_PROCUREMENT_MasterJustificationBook_Defense-Wide_PB_2018.zzz_unzipped-U_PROCUREMENT_MasterJustificationBook_Defense-Wide_PB_2018.xml","043f4ecebd906d7d16aa3bb394ad4cacbbe9e78ae1f4ea044c0a41463db188ab","0-ca72d6c738f25737f1613399f216c57fc514a2d37627345b60ae8fb261812fac","1-153b729f18efc192fd367faf4010c484f6bf76f921e147ea79af8b1a78773ce6","root.record.ItemExhibitList.P5Item.CostElementCategoryList.Support.CostElementList.CostElement"
"Raytheon","FL","","","","","","","","","","","","2018-BASE_PROCUREMENT-2018-DEFENSE_VOL1_ALL-U_PROCUREMENT_MasterJustificationBook_Defense-Wide_PB_2018.zzz_unzipped-U_PROCUREMENT_MasterJustificationBook_Defense-Wide_PB_2018.xml","043f4ecebd906d7d16aa3bb394ad4cacbbe9e78ae1f4ea044c0a41463db188ab","0-74080e2151315478222c1babc8e0bd50fdeab9a036aca7962d1fda4a9e6bcb82","2-37394eb45f15ae7821d0ae5b0b3620e4a0cdf343f4df6e56cb3d100c66cdef0a","root.record.ItemExhibitList.P5Item.CostElementCategoryList.Support.CostElementList.CostElement"
"Lockheed Martin","Sunnyvale, CA","12","24","18","9","1","37","38","9","1","37","38","2018-BASE_PROCUREMENT-2018-NAVY_WEAPONS-U_PROCUREMENT_JustificationBook_Navy_PB_2018.zzz_unzipped-U_PROCUREMENT_JustificationBook_Navy_PB_2018.xml","fdc977eee8ba24a0c8dabb17aa575496669213c23cd9d4995e1f6d3ea552ceb7","0-a76fd6a11c403848f1f66b1a88382344c623cc99d4f1b0094b0d5401e415835a","0-9da44549845102ae540119f6cb3301161c5414f924683925bcbb3d101b541aff","root.record.ItemExhibitList.P5Item.CostElementCategoryList.Support.CostElementList.CostElement"
"Lockheed Martin","Sunnyvale, CA","12","24","18","9","1","37","38","9","1","37","38","2018-BASE_PROCUREMENT-2018-NAVY_WEAPONS-U_PROCUREMENT_JustificationBook_Navy_PB_2018.zzz_unzipped-U_PROCUREMENT_JustificationBook_Navy_PB_2018.xml","fdc977eee8ba24a0c8dabb17aa575496669213c23cd9d4995e1f6d3ea552ceb7","0-f3a4e84939572f0570e01e6fdb4fea7d3b780b79d151d3587be240f9bdf04146","1-f26fd5fc93d141f58c3fbe2f7f952875ceb6a43e93c64ad0e488a89c81cb40ec","root.record.ItemExhibitList.P5Item.CostElementCategoryList.Support.CostElementList.CostElement"
"Lockheed Martin","Sunnyvale, CA","12","24","18","9","1","37","38","9","1","37","38","2018-BASE_PROCUREMENT-2018-NAVY_WEAPONS-U_PROCUREMENT_MasterJustificationBook_Navy_PB_2018.zzz_unzipped-U_PROCUREMENT_MasterJustificationBook_Navy_PB_2018.xml","08a0673ab129ade45b165d87689b204b5fb53675a0f4ac5affbba7c828124732","0-7ee5275e4fb6c38a5690a0f04ea90c7e093a289efba0d63bc7b9b9df59dc7fc4","0-d7cbe394a5edfd39966307a251b57c3ed524bf3c0ebe2cf6f9654d769c772e80","root.record.ItemExhibitList.P5Item.CostElementCategoryList.Support.CostElementList.CostElement"
"Lockheed Martin","Sunnyvale, CA","12","24","18","9","1","37","38","9","1","37","38","2018-BASE_PROCUREMENT-2018-NAVY_WEAPONS-U_PROCUREMENT_MasterJustificationBook_Navy_PB_2018.zzz_unzipped-U_PROCUREMENT_MasterJustificationBook_Navy_PB_2018.xml","08a0673ab129ade45b165d87689b204b5fb53675a0f4ac5affbba7c828124732","0-431c9c87bebb8b99a2b966878c38f56ada7b3e6f4c7d5bacc085eb1b135cacd3","1-0f3dcec26f8ba7531e412516c1ff29c20f2ae61353b0db1db23c07145b7d9c67","root.record.ItemExhibitList.P5Item.CostElementCategoryList.Support.CostElementList.CostElement"
"FN MANUFACTURING","COLUMBIA, SC","0.00","0.00","0.00","0","0","0","0","0","0","0","0","2019-BASE_PROCUREMENT-2019-AIRFORCE_AMMUNITION-U_PROCUREMENT_JustificationBook_Air_Force_PB_2019.zzz_unzipped-U_PROCUREMENT_JustificationBook_Air_Force_PB_2019.xml","948340796190edae4b7d09a84a23e6c0f1e8d2da5a93e04cbdddc3e0a25eeec6","0-32a750ec243855070fc234b74c7ffe36a913b61cb8d77af9b1a21be0a06f11da","0-e11298c700519e17e7e5b5f718b4b4a72ed5c6ce7925f9f978568b3ea64c840f","root.record.ItemExhibitList.P5Item.CostElementCategoryList.Support.CostElementList.CostElement"
"FN MANUFACTURING","COLIMBIA, SC","0.00","0.00","0.00","0","0","0","0","0","0","0","0","2019-BASE_PROCUREMENT-2019-AIRFORCE_AMMUNITION-U_PROCUREMENT_JustificationBook_Air_Force_PB_2019.zzz_unzipped-U_PROCUREMENT_JustificationBook_Air_Force_PB_2019.xml","948340796190edae4b7d09a84a23e6c0f1e8d2da5a93e04cbdddc3e0a25eeec6","1-7080cf24f90d08538424ca06dde124ccfacb8642370b220eba422eb27220852e","0-e11298c700519e17e7e5b5f718b4b4a72ed5c6ce7925f9f978568b3ea64c840f","root.record.ItemExhibitList.P5Item.CostElementCategoryList.Support.CostElementList.CostElement"
"COLT DEFENSE LLC","WEST HARTFORD, CT","0.00","0.00","0.00","0","0","0","0","0","0","0","0","2019-BASE_PROCUREMENT-2019-AIRFORCE_AMMUNITION-U_PROCUREMENT_JustificationBook_Air_Force_PB_2019.zzz_unzipped-U_PROCUREMENT_JustificationBook_Air_Force_PB_2019.xml","948340796190edae4b7d09a84a23e6c0f1e8d2da5a93e04cbdddc3e0a25eeec6","2-91e30eedf1f9ff32275cd8910f8685d992ca97f963b951fdb50b55ed30587a72","0-e11298c700519e17e7e5b5f718b4b4a72ed5c6ce7925f9f978568b3ea64c840f","root.record.ItemExhibitList.P5Item.CostElementCategoryList.Support.CostElementList.CostElement"
"TBD","TBD","0.00","0.00","0.00","0","0","0","0","0","0","0","0","2019-BASE_PROCUREMENT-2019-AIRFORCE_AMMUNITION-U_PROCUREMENT_JustificationBook_Air_Force_PB_2019.zzz_unzipped-U_PROCUREMENT_JustificationBook_Air_Force_PB_2019.xml","948340796190edae4b7d09a84a23e6c0f1e8d2da5a93e04cbdddc3e0a25eeec6","3-ee0e1b2cc064f2b15aab9056cbccd05cead9b3bfbc61d66e786b9ab1edc4e265","0-e11298c700519e17e7e5b5f718b4b4a72ed5c6ce7925f9f978568b3ea64c840f","root.record.ItemExhibitList.P5Item.CostElementCategoryList.Support.CostElementList.CostElement"
"FN MANUFACTURING","COLUMBIA, SC","0.00","0.00","0.00","0","0","0","0","0","0","0","0","2019-BASE_PROCUREMENT-2019-AIRFORCE_AMMUNITION-U_PROCUREMENT_MasterJustificationBook_Air_Force_PB_2019.zzz_unzipped-U_PROCUREMENT_MasterJustificationBook_Air_Force_PB_2019.xml","5eb932eec80633e31db3e36e2444efa3425816690f6ea7ac7f2cdb928901e9a5","0-d1d72c5ede7766fee35411c822533879b3c83c4024a7f8815e0c8a5e32cedbb3","0-bcfd82ff41f8faac6c7460749ae088771974fb45e5b8b68920b946c62159b10e","root.record.ItemExhibitList.P5Item.CostElementCategoryList.Support.CostElementList.CostElement"
"FN MANUFACTURING","COLIMBIA, SC","0.00","0.00","0.00","0","0","0","0","0","0","0","0","2019-BASE_PROCUREMENT-2019-AIRFORCE_AMMUNITION-U_PROCUREMENT_MasterJustificationBook_Air_Force_PB_2019.zzz_unzipped-U_PROCUREMENT_MasterJustificationBook_Air_Force_PB_2019.xml","5eb932eec80633e31db3e36e2444efa3425816690f6ea7ac7f2cdb928901e9a5","1-caa6b80900a497d34aad2fee05c6e4a40dfbc78f381ac1ff5c0a46de71bfaebf","0-bcfd82ff41f8faac6c7460749ae088771974fb45e5b8b68920b946c62159b10e","root.record.ItemExhibitList.P5Item.CostElementCategoryList.Support.CostElementList.CostElement"
"COLT DEFENSE LLC","WEST HARTFORD, CT","0.00","0.00","0.00","0","0","0","0","0","0","0","0","2019-BASE_PROCUREMENT-2019-AIRFORCE_AMMUNITION-U_PROCUREMENT_MasterJustificationBook_Air_Force_PB_2019.zzz_unzipped-U_PROCUREMENT_MasterJustificationBook_Air_Force_PB_2019.xml","5eb932eec80633e31db3e36e2444efa3425816690f6ea7ac7f2cdb928901e9a5","2-202ec18297471b1fd0021b4a0e625f614a3d91fa9c75c52d9b9539ffeea47c9b","0-bcfd82ff41f8faac6c7460749ae088771974fb45e5b8b68920b946c62159b10e","root.record.ItemExhibitList.P5Item.CostElementCategoryList.Support.CostElementList.CostElement"
"TBD","TBD","0.00","0.00","0.00","0","0","0","0","0","0","0","0","2019-BASE_PROCUREMENT-2019-AIRFORCE_AMMUNITION-U_PROCUREMENT_MasterJustificationBook_Air_Force_PB_2019.zzz_unzipped-U_PROCUREMENT_MasterJustificationBook_Air_Force_PB_2019.xml","5eb932eec80633e31db3e36e2444efa3425816690f6ea7ac7f2cdb928901e9a5","3-f07c2af6fb7a06ced4d8a15b51c6b2f1619f73fd8087340b0e16cb07fb6e4203","0-bcfd82ff41f8faac6c7460749ae088771974fb45e5b8b68920b946c62159b10e","root.record.ItemExhibitList.P5Item.CostElementCategoryList.Support.CostElementList.CostElement"
"NAVSURFWARCENDIV","Crane, Indiana","0.00","0.00","0.00","0","0","0","0","0","0","0","0","2019-BASE_PROCUREMENT-2019-AIRFORCE_OTHER-U_PROCUREMENT_JustificationBook_Air_Force_PB_2019.zzz_unzipped-U_PROCUREMENT_JustificationBook_Air_Force_PB_2019.xml","cfe39698d6a55296019381ae6433583029de5e5830566a5d01d614d183d01876","0-31b1bfe2aa4bb7d4dd791c5c1b9173ec95facbef68f1465dee89947504b53843","0-11c7b3ff22bb8674ca3508365208236377e0bb63d093f8e7f8da6bb8dd2b595c","root.record.ItemExhibitList.P5Item.CostElementCategoryList.Support.CostElementList.CostElement"
"Various","AFLCMC Hanscom AFB","0.00","0.00","0.00","0","0","0","0","0","0","0","0","2019-BASE_PROCUREMENT-2019-AIRFORCE_OTHER-U_PROCUREMENT_JustificationBook_Air_Force_PB_2019.zzz_unzipped-U_PROCUREMENT_JustificationBook_Air_Force_PB_2019.xml","cfe39698d6a55296019381ae6433583029de5e5830566a5d01d614d183d01876","0-90fe91591dcf86b14a57f0824eb31673c7d680327cd1dfe79edcf2d649b40908","1-7df751a9b4c92f5d99919598c5992de08e36b52267b5216c1f9ab893a915c2ba","root.record.ItemExhibitList.P5Item.CostElementCategoryList.Support.CostElementList.CostElement"
"Multiple","Multiple","0.00","0.00","0.00","0","0","0","0","0","0","0","0","2019-BASE_PROCUREMENT-2019-AIRFORCE_OTHER-U_PROCUREMENT_JustificationBook_Air_Force_PB_2019.zzz_unzipped-U_PROCUREMENT_JustificationBook_Air_Force_PB_2019.xml","cfe39698d6a55296019381ae6433583029de5e5830566a5d01d614d183d01876","0-40de27e66bcd152f2514f10d98ddf8e5bccd8173ce72caba371c5ee539bb4a6c","0-4e84adf02397f6909cc857f160ec4a0cd399cdedfad031ee708cf2fde9edabec","root.record.ItemExhibitList.P5Item.CostElementCategoryList.Support.CostElementList.CostElement"
"Multiple","Multiple","0.00","0.00","0.00","0","0","0","0","0","0","0","0","2019-BASE_PROCUREMENT-2019-AIRFORCE_OTHER-U_PROCUREMENT_JustificationBook_Air_Force_PB_2019.zzz_unzipped-U_PROCUREMENT_JustificationBook_Air_Force_PB_2019.xml","cfe39698d6a55296019381ae6433583029de5e5830566a5d01d614d183d01876","0-fcb1ede0abe5e8953f370730caa09c649653230c6fa8677eeb17a28ce4262ebb","1-e03d1bc8605af9e64a3879b0d184c373ec9e0d184a9741ae30de5c46fb1774f5","root.record.ItemExhibitList.P5Item.CostElementCategoryList.Support.CostElementList.CostElement"
"NAVSURFWARCENDIV","Crane, Indiana","0.00","0.00","0.00","0","0","0","0","0","0","0","0","2019-BASE_PROCUREMENT-2019-AIRFORCE_OTHER-U_PROCUREMENT_MasterJustificationBook_Air_Force_PB_2019.zzz_unzipped-U_PROCUREMENT_MasterJustificationBook_Air_Force_PB_2019.xml","53cb469a7481a4b0f0732b4848d7b1f8bc62be3d4a4eb7fdf65b19b837eb91e9","0-c2a0820fe52c08ba8cf9e3796cb76ad0b4387842091f08cac120f8560b9cb95f","0-8c1cf7fb56ae887a4360d3318f58391ec6786f803241607b88b53d79d27f3b65","root.record.ItemExhibitList.P5Item.CostElementCategoryList.Support.CostElementList.CostElement"
"Various","AFLCMC Hanscom AFB","0.00","0.00","0.00","0","0","0","0","0","0","0","0","2019-BASE_PROCUREMENT-2019-AIRFORCE_OTHER-U_PROCUREMENT_MasterJustificationBook_Air_Force_PB_2019.zzz_unzipped-U_PROCUREMENT_MasterJustificationBook_Air_Force_PB_2019.xml","53cb469a7481a4b0f0732b4848d7b1f8bc62be3d4a4eb7fdf65b19b837eb91e9","0-f841306a5ec861e7c81b834bbc417d4a18b2d490320773fe1ea7b1da5c221e02","1-245404daee85247013daa42e34aeaff5e91c4f727325ef1eb7e4f87034a00a79","root.record.ItemExhibitList.P5Item.CostElementCategoryList.Support.CostElementList.CostElement"
"Multiple","Multiple","0.00","0.00","0.00","0","0","0","0","0","0","0","0","2019-BASE_PROCUREMENT-2019-AIRFORCE_OTHER-U_PROCUREMENT_MasterJustificationBook_Air_Force_PB_2019.zzz_unzipped-U_PROCUREMENT_MasterJustificationBook_Air_Force_PB_2019.xml","53cb469a7481a4b0f0732b4848d7b1f8bc62be3d4a4eb7fdf65b19b837eb91e9","0-a4d0e3cef2875ee66dc466279b1f8dec4c9be8ed96c0121f6ec59118fcc9b59a","0-b118295d91e8a0f27e4d5ffe3d7c4efe14a41b922f087ed8ad7f705fbf8afd19","root.record.ItemExhibitList.P5Item.CostElementCategoryList.Support.CostElementList.CostElement"
"Multiple","Multiple","0.00","0.00","0.00","0","0","0","0","0","0","0","0","2019-BASE_PROCUREMENT-2019-AIRFORCE_OTHER-U_PROCUREMENT_MasterJustificationBook_Air_Force_PB_2019.zzz_unzipped-U_PROCUREMENT_MasterJustificationBook_Air_Force_PB_2019.xml","53cb469a7481a4b0f0732b4848d7b1f8bc62be3d4a4eb7fdf65b19b837eb91e9","0-44cf1a9579ef9da22afd1f6820cd73e0bef2bc29abfd14c3cc8b29221886f2cb","1-271af054d7865bac61184d93e935181277ce9a7ac3da7f01ebbd162aed7e3bc0","root.record.ItemExhibitList.P5Item.CostElementCategoryList.Support.CostElementList.CostElement"
"PM I3C2","Ft. Belvoir, VA","","","","","","","","","","","","2019-BASE_PROCUREMENT-2019-ARMY_OTHER_2-U_PROCUREMENT_JustificationBook_Army_PB_2019.zzz_unzipped-U_PROCUREMENT_JustificationBook_Army_PB_2019.xml","16460c7c27924b372086b35662e9cdf675b9a832b575627291fc52fa6c982e98","0-800928d74a45b2909ee80a3d810ae42bcd17e8c86a51fd00ff1fe5e1e840e7bf","0-32fa73d7695fcc57f7b22af5a7265035b79c13cac5b2b6d63705e6cd061e4085","root.record.ItemExhibitList.P5Item.CostElementCategoryList.Support.CostElementList.CostElement"
"PM I3C2","Ft. Belvoir, VA","","","","","","","","","","","","2019-BASE_PROCUREMENT-2019-ARMY_OTHER_2-U_PROCUREMENT_JustificationBook_Army_PB_2019.zzz_unzipped-U_PROCUREMENT_JustificationBook_Army_PB_2019.xml","16460c7c27924b372086b35662e9cdf675b9a832b575627291fc52fa6c982e98","0-aa2e0cddb08a5b0409ff551864999132d31867e4ff9013af19c910d7e137b2f9","0-1bc7e19ff9c29dcc2975adeaa6dec92a0b47840fbfb241290a5363cd41e6fd74","root.record.ItemExhibitList.P5Item.CostElementCategoryList.Support.CostElementList.CostElement"
"Raytheon","FL","","","","","","","","","","","","2019-BASE_PROCUREMENT-2019-DEFENSE_DISA-U_PROCUREMENT_JustificationBook_Defense_Information_Systems_Agency_PB_2019.zzz_unzipped-U_PROCUREMENT_JustificationBook_Defense_Information_Systems_Agency_PB_2019.xml","b0ae57b56222cb80b515622e835e990f4de01f0bba897023f6aa38870c1742d2","0-e3afe5aa3adc3a191c71e1cdfe3f503fb30fc0f59128523e354fcded5cec4ebd","0-641fd4737b35ac07c18f4b074e617e90d0720afe6b36060367ef1c207aa0b9c3","root.record.ItemExhibitList.P5Item.CostElementCategoryList.Support.CostElementList.CostElement"
"Raytheon","FL","","","","","","","","","","","","2019-BASE_PROCUREMENT-2019-DEFENSE_DISA-U_PROCUREMENT_JustificationBook_Defense_Information_Systems_Agency_PB_2019.zzz_unzipped-U_PROCUREMENT_JustificationBook_Defense_Information_Systems_Agency_PB_2019.xml","b0ae57b56222cb80b515622e835e990f4de01f0bba897023f6aa38870c1742d2","0-e335346f4b776cc0ce32c2dc07198eda49e9d0127d2284908b64bdf119162079","0-54aceb8a3b3ecf5bcc8e27b7875b53dec0e9ab95977bf983bef7519a76d45041","root.record.ItemExhibitList.P5Item.CostElementCategoryList.Support.CostElementList.CostElement"
"Raytheon","FL","","","","","","","","","","","","2019-BASE_PROCUREMENT-2019-DEFENSE_DISA-U_PROCUREMENT_JustificationBook_Defense_Information_Systems_Agency_PB_2019.zzz_unzipped-U_PROCUREMENT_JustificationBook_Defense_Information_Systems_Agency_PB_2019.xml","b0ae57b56222cb80b515622e835e990f4de01f0bba897023f6aa38870c1742d2","0-68368eea8b622e743721110cd43f469927711340ca0dfb8359a581fdaf2eaaaf","1-79f887103c8d55d7e4faed6df1098400904a359b970c72724af4120375ad3e0f","root.record.ItemExhibitList.P5Item.CostElementCategoryList.Support.CostElementList.CostElement"
"Raytheon","FL","","","","","","","","","","","","2019-BASE_PROCUREMENT-2019-DEFENSE_DISA-U_PROCUREMENT_JustificationBook_Defense_Information_Systems_Agency_PB_2019.zzz_unzipped-U_PROCUREMENT_JustificationBook_Defense_Information_Systems_Agency_PB_2019.xml","b0ae57b56222cb80b515622e835e990f4de01f0bba897023f6aa38870c1742d2","0-ee0c66a11641a543c929dc3da2fbc1779b78e86228d1008a71f57776c1dcec10","2-285aec2698e00f73b66795043dc61184e892788e2c6bbfdf19c6b8dc37321326","root.record.ItemExhibitList.P5Item.CostElementCategoryList.Support.CostElementList.CostElement"
"VARIOUS","VARIOUS","","","","","","","","","","","","2019-BASE_PROCUREMENT-2019-DEFENSE_DISA-U_PROCUREMENT_JustificationBook_Defense_Information_Systems_Agency_PB_2019.zzz_unzipped-U_PROCUREMENT_JustificationBook_Defense_Information_Systems_Agency_PB_2019.xml","b9a69a5b15b541122687082e1889f3962c4fbec58d2048d60ba6766b783afda9","0-19f14d100af08db61d77baaa6e88bb35f77b4077d1fe8a1fc23ea05c1f0194a4","0-189f04fa4bf201b38c21234f494d7fc5faea858c2cc1fd53ce1f8a607dcd2de8","root.record.ItemExhibitList.P5Item.CostElementCategoryList.Support.CostElementList.CostElement"
"Raytheon","FL","","","","","","","","","","","","2019-BASE_PROCUREMENT-2019-DEFENSE_DISA-U_PROCUREMENT_MasterJustificationBook_Defense_Information_Systems_Agency_PB_2019.zzz_unzipped-U_PROCUREMENT_MasterJustificationBook_Defense_Information_Systems_Agency_PB_2019.xml","88738f60287a94edaac6a41a70ac01d120921c54882c29209a5cf143f4885870","0-e0929493a49e3192eccf8b2a63c58124a268582dbcb7d36ac8c125ee4c52fd8a","0-3729b701819df0e21a8234d164d9ed717cfc43c358fd77734e6dff2e6e1bb0c7","root.record.ItemExhibitList.P5Item.CostElementCategoryList.Support.CostElementList.CostElement"
"Raytheon","FL","","","","","","","","","","","","2019-BASE_PROCUREMENT-2019-DEFENSE_DISA-U_PROCUREMENT_MasterJustificationBook_Defense_Information_Systems_Agency_PB_2019.zzz_unzipped-U_PROCUREMENT_MasterJustificationBook_Defense_Information_Systems_Agency_PB_2019.xml","88738f60287a94edaac6a41a70ac01d120921c54882c29209a5cf143f4885870","0-5c10e87f187b1adc4d75d7d1e8b1ee72acdee1f39da25571dcc2004aaa593823","0-52e0aa038e1375562803af685fb5edcadd2a8a8744476e65a18b1c9997886a76","root.record.ItemExhibitList.P5Item.CostElementCategoryList.Support.CostElementList.CostElement"
"Raytheon","FL","","","","","","","","","","","","2019-BASE_PROCUREMENT-2019-DEFENSE_DISA-U_PROCUREMENT_MasterJustificationBook_Defense_Information_Systems_Agency_PB_2019.zzz_unzipped-U_PROCUREMENT_MasterJustificationBook_Defense_Information_Systems_Agency_PB_2019.xml","88738f60287a94edaac6a41a70ac01d120921c54882c29209a5cf143f4885870","0-0a9161280852fd4bcc6ab3a6a016a3071dd171eb78f0ae68d83bda1fca935d1d","1-0004f26f637a0a717e3a48f304eb4429faa10f27b7aca723af0bd650658dfc0a","root.record.ItemExhibitList.P5Item.CostElementCategoryList.Support.CostElementList.CostElement"
"Raytheon","FL","","","","","","","","","","","","2019-BASE_PROCUREMENT-2019-DEFENSE_DISA-U_PROCUREMENT_MasterJustificationBook_Defense_Information_Systems_Agency_PB_2019.zzz_unzipped-U_PROCUREMENT_MasterJustificationBook_Defense_Information_Systems_Agency_PB_2019.xml","88738f60287a94edaac6a41a70ac01d120921c54882c29209a5cf143f4885870","0-d5ae51c3b80986df050bf88e4f07fc9d7a1e6b9578a8bf9d9e7602a1b516c224","2-9f30d4556e46493412b2cf8f8b93297bc214f4cadc6aa02503fe7dc60228b4ca","root.record.ItemExhibitList.P5Item.CostElementCategoryList.Support.CostElementList.CostElement"
"VARIOUS","VARIOUS","","","","","","","","","","","","2019-BASE_PROCUREMENT-2019-DEFENSE_DISA-U_PROCUREMENT_MasterJustificationBook_Defense_Information_Systems_Agency_PB_2019.zzz_unzipped-U_PROCUREMENT_MasterJustificationBook_Defense_Information_Systems_Agency_PB_2019.xml","e449a92c82ce190ecf8b05ace2510bd56fdb71d43fbbb50be9eb7f55552e0aa9","0-0730e9efa6ac12cb1ca7e1f12ab738f917f54bcd6af3d5f97cd1c964afa22473","0-c950ddd1130ac8620dd9ff06a5cd709d6a4a90c77d21ef95df9e644d7102f488","root.record.ItemExhibitList.P5Item.CostElementCategoryList.Support.CostElementList.CostElement"
"Raytheon","FL","","","","","","","","","","","","2019-BASE_PROCUREMENT-2019-DEFENSE_VOL1_ALL-U_PROCUREMENT_MasterJustificationBook_Defense-Wide_PB_2019.zzz_unzipped-U_PROCUREMENT_MasterJustificationBook_Defense-Wide_PB_2019.xml","0219f8974db499279a367eff37337592089e34703321429f9769e373cd676ae8","0-5225706e465e8ea7d57576764d58db0811ae84b0d18176783add109bb8dfc15d","0-ed5fc2e6d44018651a11cc6e279b79f0fe7bacd4049ca36da12ce513743b0d74","root.record.ItemExhibitList.P5Item.CostElementCategoryList.Support.CostElementList.CostElement"
"Raytheon","FL","","","","","","","","","","","","2019-BASE_PROCUREMENT-2019-DEFENSE_VOL1_ALL-U_PROCUREMENT_MasterJustificationBook_Defense-Wide_PB_2019.zzz_unzipped-U_PROCUREMENT_MasterJustificationBook_Defense-Wide_PB_2019.xml","0219f8974db499279a367eff37337592089e34703321429f9769e373cd676ae8","0-af764190a4268505b80917893f0bc560100f9c117cc45ab11ab3e5fad1667c4d","0-092eb26b452209f6c6a3a861323ea44e2a033a5fb1528170fc6eb75ef93e5b24","root.record.ItemExhibitList.P5Item.CostElementCategoryList.Support.CostElementList.CostElement"
"Raytheon","FL","","","","","","","","","","","","2019-BASE_PROCUREMENT-2019-DEFENSE_VOL1_ALL-U_PROCUREMENT_MasterJustificationBook_Defense-Wide_PB_2019.zzz_unzipped-U_PROCUREMENT_MasterJustificationBook_Defense-Wide_PB_2019.xml","0219f8974db499279a367eff37337592089e34703321429f9769e373cd676ae8","0-4b9b333321c4d1c2ce134ca83cf2e2500fadb61101eec619732d22193c051d4b","1-cb36c26f335a2c3502fa34f44c5a6dcb50e5df216b7355a8b9b98e1f35fb840c","root.record.ItemExhibitList.P5Item.CostElementCategoryList.Support.CostElementList.CostElement"
"Raytheon","FL","","","","","","","","","","","","2019-BASE_PROCUREMENT-2019-DEFENSE_VOL1_ALL-U_PROCUREMENT_MasterJustificationBook_Defense-Wide_PB_2019.zzz_unzipped-U_PROCUREMENT_MasterJustificationBook_Defense-Wide_PB_2019.xml","0219f8974db499279a367eff37337592089e34703321429f9769e373cd676ae8","0-73274b3d4630c17e6466496daddea40decca25554f1ea322c152cbdb91f34d3f","2-0da14ef48dfe7ebcb84e31b494ca83a975cda175f818723b5904c05faead4e76","root.record.ItemExhibitList.P5Item.CostElementCategoryList.Support.CostElementList.CostElement"
"VARIOUS","VARIOUS","","","","","","","","","","","","2019-BASE_PROCUREMENT-2019-DEFENSE_VOL1_ALL-U_PROCUREMENT_MasterJustificationBook_Defense-Wide_PB_2019.zzz_unzipped-U_PROCUREMENT_MasterJustificationBook_Defense-Wide_PB_2019.xml","b67a29620149b9e3a87c8d40f7dcd99eb53b2c64d55697092eb36d09502a84a1","0-e8f535c1436deef3501c3eeffe27cf65ed616a679f52c2d566f58cac67aaf5a3","0-b42135899c770c000efa0d71f7e43dca9786101ed74e2fd833ffc2630ad9219f","root.record.ItemExhibitList.P5Item.CostElementCategoryList.Support.CostElementList.CostElement"
"Lockheed Martin","Sunnyvale, CA","12","18","14","9","1","37","38","9","1","37","38","2019-BASE_PROCUREMENT-2019-NAVY_WEAPONS-U_PROCUREMENT_JustificationBook_Navy_PB_2019.zzz_unzipped-U_PROCUREMENT_JustificationBook_Navy_PB_2019.xml","e8e01b50ccb3830ca2d37f217f6d5eb4e5347757f1bd6cfe767eb0b83c61d4a3","0-564958f00558cdf48e0965f461691457ca7cd9f7d65376866c6322849b04b1fe","0-faa174b1bb250d1043f16260866d583de04023dad4f2baa8c0a5bfaefa245af4","root.record.ItemExhibitList.P5Item.CostElementCategoryList.Support.CostElementList.CostElement"
"Lockheed Martin","Sunnyvale, CA","12","18","14","9","1","37","38","9","1","37","38","2019-BASE_PROCUREMENT-2019-NAVY_WEAPONS-U_PROCUREMENT_JustificationBook_Navy_PB_2019.zzz_unzipped-U_PROCUREMENT_JustificationBook_Navy_PB_2019.xml","e8e01b50ccb3830ca2d37f217f6d5eb4e5347757f1bd6cfe767eb0b83c61d4a3","0-6064ede59fc67351afbce49ce7a70d80c5f384aa2a84bc9b0d17bef6b02179f7","1-64889c7bb94f274e5be52839817b9d87b28b3548c825430798a41ae16c31fee6","root.record.ItemExhibitList.P5Item.CostElementCategoryList.Support.CostElementList.CostElement"
"Lockheed Martin","Sunnyvale, CA","12","18","14","9","1","37","38","9","1","37","38","2019-BASE_PROCUREMENT-2019-NAVY_WEAPONS-U_PROCUREMENT_MasterJustificationBook_Navy_PB_2019.zzz_unzipped-U_PROCUREMENT_MasterJustificationBook_Navy_PB_2019.xml","a38c825e473d41dc200fa91692b40ebb7b19a1e9dc5e4a435165d779d555673a","0-2cb29b18edf08395d8c20e7a76568ea959bc818d465ec259e209883013ed59ec","0-d2d6232b67a7a0da424e35f049d6f0d6dd1ec9239874aab89619e0162fa748f5","root.record.ItemExhibitList.P5Item.CostElementCategoryList.Support.CostElementList.CostElement"
"Lockheed Martin","Sunnyvale, CA","12","18","14","9","1","37","38","9","1","37","38","2019-BASE_PROCUREMENT-2019-NAVY_WEAPONS-U_PROCUREMENT_MasterJustificationBook_Navy_PB_2019.zzz_unzipped-U_PROCUREMENT_MasterJustificationBook_Navy_PB_2019.xml","a38c825e473d41dc200fa91692b40ebb7b19a1e9dc5e4a435165d779d555673a","0-877d4cadbf3d3e22d1e8fedd59442dc074bfa3977db54cca2b0908e3b7181b5e","1-a2c2daf453ccf9d22fe90d8845b566a7703e91497475738c139fc64625fd69cf","root.record.ItemExhibitList.P5Item.CostElementCategoryList.Support.CostElementList.CostElement"
"TBD","TBD","","","","","","","","","","","","2020-BASE_PROCUREMENT-2020-AIRFORCE_AMMUNITION-U_PROCUREMENT_JustificationBook_Air_Force_PB_2020.zzz_unzipped-U_PROCUREMENT_JustificationBook_Air_Force_PB_2020.xml","a84e79a8c90fd076bc507715c928c0e4e428efab1b074271d195db5bb8e71924","0-5e50435e039fa09c8e274ab05e9343144ac164ea6e5e2262f1719bad92b95d24","0-f2d3535c50959787eb5144cc8dcd38926bd0f548751ba09a79a725bd5e5852a8","root.record.ItemExhibitList.P5Item.CostElementCategoryList.Support.CostElementList.CostElement"
"TBD","TBD","","","","","","","","","","","","2020-BASE_PROCUREMENT-2020-AIRFORCE_AMMUNITION-U_PROCUREMENT_MasterJustificationBook_Air_Force_PB_2020.zzz_unzipped-U_PROCUREMENT_MasterJustificationBook_Air_Force_PB_2020.xml","4390006b26c79acf3d11f40cd2e9ca1426e65694a2b0a88e1b33be9f4a878c17","0-95bf8eb3aa0ae99e3199ba16df7fea0590c6ad64d08df264a8b33a86c481dcb4","0-7b01dae9d3688b55c83f6faa69b4ebf6ef9ecac9cf504f7dbaf1dd7d31fbd21d","root.record.ItemExhibitList.P5Item.CostElementCategoryList.Support.CostElementList.CostElement"
"PM I3C2","Ft. Belvoir, VA","","","","","","","","","","","","2020-BASE_PROCUREMENT-2020-ARMY_OTHER_2-U_PROCUREMENT_JustificationBook_Army_PB_2020.zzz_unzipped-U_PROCUREMENT_JustificationBook_Army_PB_2020.xml","b88d7323f0c39487e5559446b30366f2a4b0cc7b20a8d7e248026f47c8d027bd","0-564a9bcb13bb87cf2d5a0fe80aaf9793bab6e39224747a8e7b1faa7d66f1d2e9","0-a489e363c023898190490eb033ab6be10e830a915ebb3dd3bfb5b4d5cd1e19ae","root.record.ItemExhibitList.P5Item.CostElementCategoryList.Support.CostElementList.CostElement"
"Various","TBD","","","","","","","","","","","","2020-BASE_PROCUREMENT-2020-ARMY_OTHER_2-U_PROCUREMENT_JustificationBook_Army_PB_2020.zzz_unzipped-U_PROCUREMENT_JustificationBook_Army_PB_2020.xml","d5240ff4c7e79de7e15416cf9377c2be2f6ae02e5a70527e4c772787a856bd28","0-5d1cb25b3ba6dc3bb999a01f8a7c968890d842a50f4c89f548035a96bdc2cdc8","0-a2f6c9021db158e565d9ae1e60db10ff06b108386686dfab8459768a45b9192b","root.record.ItemExhibitList.P5Item.CostElementCategoryList.Support.CostElementList.CostElement"
"Raytheon","FL","","","","","","","","","","","","2020-BASE_PROCUREMENT-2020-DEFENSE_DISA-U_PROCUREMENT_JustificationBook_Defense_Information_Systems_Agency_PB_2020.zzz_unzipped-U_PROCUREMENT_JustificationBook_Defense_Information_Systems_Agency_PB_2020.xml","77c4f8798d6338d86857242de51b5f92a6b42af9e8764f3e711a4c910bc8d34e","0-4549b2a7f5dca6101446499df980cfdf68bf806ebbaec6b1e45a3cac48dbf194","1-cb216cc0a360cb2dd89a3cba8e9b6e32359ca1998436d26c0a259520ad18ed0b","root.record.ItemExhibitList.P5Item.CostElementCategoryList.Support.CostElementList.CostElement"
"Raytheon","FL","","","","","","","","","","","","2020-BASE_PROCUREMENT-2020-DEFENSE_DISA-U_PROCUREMENT_JustificationBook_Defense_Information_Systems_Agency_PB_2020.zzz_unzipped-U_PROCUREMENT_JustificationBook_Defense_Information_Systems_Agency_PB_2020.xml","77c4f8798d6338d86857242de51b5f92a6b42af9e8764f3e711a4c910bc8d34e","0-8ceb83b255bd57e4c186e88debb62035caa18a66ee41207a9154aae909ff647d","2-026f101906fa1f0f7a3b901abcda9959ef110e5204f08c61fd5ef892df5a85c0","root.record.ItemExhibitList.P5Item.CostElementCategoryList.Support.CostElementList.CostElement"
"VARIOUS","VARIOUS","","","","","","","","","","","","2020-BASE_PROCUREMENT-2020-DEFENSE_DISA-U_PROCUREMENT_JustificationBook_Defense_Information_Systems_Agency_PB_2020.zzz_unzipped-U_PROCUREMENT_JustificationBook_Defense_Information_Systems_Agency_PB_2020.xml","05778d6b8fec6720d51ae8ff2715d51b405966a2797b86495a9cd49556847422","0-dfe4117365b90ea99c4d018204a326ab42e5782b2c5db01658aa2d753c950106","0-ed3bc99b099b6d16a64f840268ad5c6672f1ef26c1ad72f54db7844a55ecc4e0","root.record.ItemExhibitList.P5Item.CostElementCategoryList.Support.CostElementList.CostElement"
"Raytheon","FL","","","","","","","","","","","","2020-BASE_PROCUREMENT-2020-DEFENSE_DISA-U_PROCUREMENT_MasterJustificationBook_Defense_Information_Systems_Agency_PB_2020.zzz_unzipped-U_PROCUREMENT_MasterJustificationBook_Defense_Information_Systems_Agency_PB_2020.xml","ad281f62c95d800b90e56715de1341c8c968b9501813cb8432594d90a3e348b7","0-906af69be34c57ca94f992cfa830281eaf549087081427474eeb1475a20e0364","1-68cdaff36a6a46256f450efe1771e7f9a9992cd5a3f57ea631356385fac68710","root.record.ItemExhibitList.P5Item.CostElementCategoryList.Support.CostElementList.CostElement"
"Raytheon","FL","","","","","","","","","","","","2020-BASE_PROCUREMENT-2020-DEFENSE_DISA-U_PROCUREMENT_MasterJustificationBook_Defense_Information_Systems_Agency_PB_2020.zzz_unzipped-U_PROCUREMENT_MasterJustificationBook_Defense_Information_Systems_Agency_PB_2020.xml","ad281f62c95d800b90e56715de1341c8c968b9501813cb8432594d90a3e348b7","0-7d7449cef5a66fc569776b650060c3e5085bb44ac51a9254aaa07c539b7f5aba","2-517096a8813de435d180937a3e58bb9303e20476acdfdbd3fec33c1e20d76942","root.record.ItemExhibitList.P5Item.CostElementCategoryList.Support.CostElementList.CostElement"
"VARIOUS","VARIOUS","","","","","","","","","","","","2020-BASE_PROCUREMENT-2020-DEFENSE_DISA-U_PROCUREMENT_MasterJustificationBook_Defense_Information_Systems_Agency_PB_2020.zzz_unzipped-U_PROCUREMENT_MasterJustificationBook_Defense_Information_Systems_Agency_PB_2020.xml","21819adc84cc20097e4ca29ee54c40e845263b2f5944aad1b8fe41d4e6b37771","0-830a9189d5462fbc8313de9eb7a0dabc8aed82d9c76ba2ebcc6becd8f654d7ff","0-fdb2c8a439e39447856e46bcc53a80ac08b89adb2706423d8075c1fdaf52086d","root.record.ItemExhibitList.P5Item.CostElementCategoryList.Support.CostElementList.CostElement"
"Raytheon","FL","","","","","","","","","","","","2020-BASE_PROCUREMENT-2020-DEFENSE_VOL1_ALL-U_PROCUREMENT_MasterJustificationBook_Defense-Wide_PB_2020.zzz_unzipped-U_PROCUREMENT_MasterJustificationBook_Defense-Wide_PB_2020.xml","64cc3839269868baaf76be0cd7113d456324a0cce211c50784decbbf62ce2875","0-8e651219152b65ee8a28fef359429177ab668b6cddbfff17b0a256adbb37db7b","1-ee46bbf5f3083c18548075a56d3e67eef2ae41990a63725d718ee1e19950ba6b","root.record.ItemExhibitList.P5Item.CostElementCategoryList.Support.CostElementList.CostElement"
"Raytheon","FL","","","","","","","","","","","","2020-BASE_PROCUREMENT-2020-DEFENSE_VOL1_ALL-U_PROCUREMENT_MasterJustificationBook_Defense-Wide_PB_2020.zzz_unzipped-U_PROCUREMENT_MasterJustificationBook_Defense-Wide_PB_2020.xml","64cc3839269868baaf76be0cd7113d456324a0cce211c50784decbbf62ce2875","0-0de1530f2d67a97604335af858bb5f46c4153b016b5b561b138ab33f108d03e0","2-50f80af1f52b1ccfa9f9ef8712b1451271c93d149abd2925dd85dbea4c4959c4","root.record.ItemExhibitList.P5Item.CostElementCategoryList.Support.CostElementList.CostElement"
"VARIOUS","VARIOUS","","","","","","","","","","","","2020-BASE_PROCUREMENT-2020-DEFENSE_VOL1_ALL-U_PROCUREMENT_MasterJustificationBook_Defense-Wide_PB_2020.zzz_unzipped-U_PROCUREMENT_MasterJustificationBook_Defense-Wide_PB_2020.xml","25fea0b6165b6b0ae58f0b2e28ac339c9fada454bbee95d6497e2e977babce55","0-7bbd0f8c05be85173f9361c9930773ca7151c6f90bc0abb47fdf185209474a55","0-896b3a5adc92c4b0273eaed538fb86236fc3640f7a55e5f44c89eff5175664e2","root.record.ItemExhibitList.P5Item.CostElementCategoryList.Support.CostElementList.CostElement"
"Lockheed Martin","Sunnyvale, CA","12","18","14","9","1","37","38","9","1","37","38","2020-BASE_PROCUREMENT-2020-NAVY_WEAPONS-U_PROCUREMENT_JustificationBook_Navy_PB_2020.zzz_unzipped-U_PROCUREMENT_JustificationBook_Navy_PB_2020.xml","292614d254e9ed9d52fb1e92c7de367ef59394b2c8b1502009032951a02dcfb5","0-89ff378497f7461348506139d31b7b9d2dda3d9351fd16cc92d5e4b3aa34d39a","0-ee627f0afa7e739256d684f52cbc34524b9f7c1a9c1f3cb704b5574db23e13f3","root.record.ItemExhibitList.P5Item.CostElementCategoryList.Support.CostElementList.CostElement"
"Lockheed Martin","Sunnyvale, CA","12","18","14","9","1","37","38","9","1","37","38","2020-BASE_PROCUREMENT-2020-NAVY_WEAPONS-U_PROCUREMENT_JustificationBook_Navy_PB_2020.zzz_unzipped-U_PROCUREMENT_JustificationBook_Navy_PB_2020.xml","292614d254e9ed9d52fb1e92c7de367ef59394b2c8b1502009032951a02dcfb5","0-f99d51929110027e0a0de746a6a816d3b583f9f641344cf9a851a1e439b5b5c7","1-e3e17e5d370f2467cd3d1a04cf60f1c62de0e0b7769e5d2c47640b7b7359455e","root.record.ItemExhibitList.P5Item.CostElementCategoryList.Support.CostElementList.CostElement"
"Lockheed Martin","Sunnyvale, CA","12","18","14","9","1","37","38","9","1","37","38","2020-BASE_PROCUREMENT-2020-NAVY_WEAPONS-U_PROCUREMENT_MasterJustificationBook_Navy_PB_2020.zzz_unzipped-U_PROCUREMENT_MasterJustificationBook_Navy_PB_2020.xml","32c0d2ee65a656215737fc2fb3c5f8f7c4792411605626586f0b352395a52b9c","0-1df9b34f652cfbe35fe07160f5686f52dae3e4395646f5f49654d037b6628d9a","0-501bb9ddaffde807e56e7aa55a852e2dbbc8b5d5eb056ff86e49fe46eadfc999","root.record.ItemExhibitList.P5Item.CostElementCategoryList.Support.CostElementList.CostElement"
"Lockheed Martin","Sunnyvale, CA","12","18","14","9","1","37","38","9","1","37","38","2020-BASE_PROCUREMENT-2020-NAVY_WEAPONS-U_PROCUREMENT_MasterJustificationBook_Navy_PB_2020.zzz_unzipped-U_PROCUREMENT_MasterJustificationBook_Navy_PB_2020.xml","32c0d2ee65a656215737fc2fb3c5f8f7c4792411605626586f0b352395a52b9c","0-4b539349a16decd796fcb5637c6f1d6792f5e90d2cb94d01ea534508c1d2aea5","1-daabf4ac44c5803e95198704fbf577104f74e35e77fad5158eb27ccb440ad9d9","root.record.ItemExhibitList.P5Item.CostElementCategoryList.Support.CostElementList.CostElement"
"SPAWAR","San Diego, CA","0","TBD","0","0","0","0","0","0","0","0","0","2020-BASE_PROCUREMENT-2020-NAVY_OTHER_BA4-U_PROCUREMENT_MasterJustificationBook_Navy_PB_2020.zzz_unzipped-U_PROCUREMENT_MasterJustificationBook_Navy_PB_2020.xml","e5192c05dd16791828a888523563db5749868dc2527c908a40cb059bf18e897c","0-d865f94f739de06ca9253116729dde9a14ed192ea2df8b0a112f581d2fed49db","0-15ce5d9687bcd89264abf21f08fd07493298323679f07369879727f86f2e15f7","root.record.ItemExhibitList.P5Item.CostElementCategoryList.Support.CostElementList.CostElement"
