Name_val,Location_val,MinimumSustainingRate_val,MaximumProductionRate_val,Rate185_val,InitialQuantity_AdminLeadTimeBeforeOct1InMonths_val,InitialQuantity_AdminLeadTimeAfterOct1InMonths_val,InitialQuantity_ProductionLeadTimeAfterOct1InMonths_val,InitialQuantity_TotalLeadTimeAfterOct1InMonths_val,ReorderQuantity_AdminLeadTimeBeforeOct1InMonths_val,ReorderQuantity_AdminLeadTimeAfterOct1InMonths_val,ReorderQuantity_ProductionLeadTimeAfterOct1InMonths_val,ReorderQuantity_TotalLeadTimeAfterOct1InMonths_val,@SOURCE_FILENAME,@RECORDID,@ROWID,@PARENTROWID,@PARENT
"BAE Systems","Nashua, NH","24","1000","600","6","6","6","12","6","6","6","12","2014-BASE_PROCUREMENT-2014-ARMY_AIRCRAFT-PROCUREMENT_JustificationBook_Army_PB_2014.zzz_unzipped-PROCUREMENT_JustificationBook_Army_PB_2014.xml","7424cd444ec3bd9cc778e3e016fb369e95039e3b37d88e0c13f5bf04624acc83","0-40d607d03a09b52da38c88f5794263df7ff759999cecdf04d7adde9506b33239","4-4db78bff632658dea7748106269d94331b7718832635836e7dc1a940938da92b","root.record.ItemExhibitList.P5Item.CostElementCategoryList.Support.CostElementList.CostElement"
"Raytheon","FL","","","","","","","","","","","","2014-BASE_PROCUREMENT-2014-DEFENSE_DISA-PROCUREMENT_JustificationBook_Defense_Information_Systems_Agency_PB_2014.zzz_unzipped-PROCUREMENT_JustificationBook_Defense_Information_Systems_Agency_PB_2014.xml","cba25fef3ae29418ab6486735f2bf577629f2dd2828004af6fbf0effbb20815b","0-3eeb7eb0e90ad2619a0ce924fcdaf111ea13ccc963cd882e9d77930e43e27689","0-eaf9ddd0029b56e3533b2db0e784e5cde66cb793059a37e221cda19438c70f6d","root.record.ItemExhibitList.P5Item.CostElementCategoryList.Support.CostElementList.CostElement"
"Raytheon","FL","","","","","","","","","","","","2014-BASE_PROCUREMENT-2014-DEFENSE_DISA-PROCUREMENT_JustificationBook_Defense_Information_Systems_Agency_PB_2014.zzz_unzipped-PROCUREMENT_JustificationBook_Defense_Information_Systems_Agency_PB_2014.xml","cba25fef3ae29418ab6486735f2bf577629f2dd2828004af6fbf0effbb20815b","0-009da88de35a07e36d444c5fc2ef032ca7023001f6f9e7c371096770e7e52177","0-1c2dfa669e817fc551d6fbfa64d7c8739d4e97fca93983cc1f6fef7d67016d8e","root.record.ItemExhibitList.P5Item.CostElementCategoryList.Support.CostElementList.CostElement"
"Raytheon","FL","","","","","","","","","","","","2014-BASE_PROCUREMENT-2014-DEFENSE_DISA-PROCUREMENT_JustificationBook_Defense_Information_Systems_Agency_PB_2014.zzz_unzipped-PROCUREMENT_JustificationBook_Defense_Information_Systems_Agency_PB_2014.xml","cba25fef3ae29418ab6486735f2bf577629f2dd2828004af6fbf0effbb20815b","0-6fe60c8f1a7fc1400135c13f8464bb36c4430e0133d2977780e73aa16a72e348","1-28155579b194aeb4735c8ed27343ee77f1cf21477f89a1ed2db6cb3262ed73c8","root.record.ItemExhibitList.P5Item.CostElementCategoryList.Support.CostElementList.CostElement"
"Raytheon","FL","","","","","","","","","","","","2014-BASE_PROCUREMENT-2014-DEFENSE_DISA-PROCUREMENT_JustificationBook_Defense_Information_Systems_Agency_PB_2014.zzz_unzipped-PROCUREMENT_JustificationBook_Defense_Information_Systems_Agency_PB_2014.xml","cba25fef3ae29418ab6486735f2bf577629f2dd2828004af6fbf0effbb20815b","0-5918cc4a6546e272bae02c20431aca31eb2f03f83158fa06af44a6567156997a","2-e94beff135f729e9d53173e7d03aa55cfb57a4e885e3bc6137db1aebad3fa4c7","root.record.ItemExhibitList.P5Item.CostElementCategoryList.Support.CostElementList.CostElement"
"Raytheon","FL","","","","","","","","","","","","2014-BASE_PROCUREMENT-2014-DEFENSE_VOL1-PROCUREMENT_MasterJustificationBook_Defense-Wide_PB_2014.zzz_unzipped-PROCUREMENT_MasterJustificationBook_Defense-Wide_PB_2014.xml","4d360eed146407a9526a8af340d12602d3d56cadb0857bd27ef69ddd7bbcec85","0-60af2d6aa6128b2646727b3ee1ef0bbe24d2334c77c6a124e135de19e783edf5","0-0b3b1de158a6c1999ae0dcbeddde980913daf9f8dbf0a209cf408618111f57d6","root.record.ItemExhibitList.P5Item.CostElementCategoryList.Support.CostElementList.CostElement"
"Raytheon","FL","","","","","","","","","","","","2014-BASE_PROCUREMENT-2014-DEFENSE_VOL1-PROCUREMENT_MasterJustificationBook_Defense-Wide_PB_2014.zzz_unzipped-PROCUREMENT_MasterJustificationBook_Defense-Wide_PB_2014.xml","4d360eed146407a9526a8af340d12602d3d56cadb0857bd27ef69ddd7bbcec85","0-cb30a171fd91314a1fefd4e4d41b0e389cd440b92095b09257a1ef1021b75237","0-bddceab2ac16f4ba8ca2a5a308b22094765f78e38824ebe8e41495d7f328bf87","root.record.ItemExhibitList.P5Item.CostElementCategoryList.Support.CostElementList.CostElement"
"Raytheon","FL","","","","","","","","","","","","2014-BASE_PROCUREMENT-2014-DEFENSE_VOL1-PROCUREMENT_MasterJustificationBook_Defense-Wide_PB_2014.zzz_unzipped-PROCUREMENT_MasterJustificationBook_Defense-Wide_PB_2014.xml","4d360eed146407a9526a8af340d12602d3d56cadb0857bd27ef69ddd7bbcec85","0-e16eeffe44d75f58f9ebf830694b094e276047abb4b71efd495f5e7c2cf033af","1-0ec1abcb2f1e5f14e845dc0526f926b0cff14527de35a1c392f3f2bc8eb2c66d","root.record.ItemExhibitList.P5Item.CostElementCategoryList.Support.CostElementList.CostElement"
"Raytheon","FL","","","","","","","","","","","","2014-BASE_PROCUREMENT-2014-DEFENSE_VOL1-PROCUREMENT_MasterJustificationBook_Defense-Wide_PB_2014.zzz_unzipped-PROCUREMENT_MasterJustificationBook_Defense-Wide_PB_2014.xml","4d360eed146407a9526a8af340d12602d3d56cadb0857bd27ef69ddd7bbcec85","0-2c94b9bad2583744996412debc217c75f7ffbdcd8ebb31ea1ca0b44aa8153d10","2-c50fa7fb48b6cfad61e84ed1e8e3fe7eb52676a57db5d74f5f4f7f924cd005a4","root.record.ItemExhibitList.P5Item.CostElementCategoryList.Support.CostElementList.CostElement"
"BAE Systems","Nashua, NH","24","1000","600","0","3","9","12","0","3","9","12","2015-BASE_PROCUREMENT-2015-ARMY_AIRCRAFT-PROCUREMENT_JustificationBook_Army_PB_2015.zzz_unzipped-PROCUREMENT_JustificationBook_Army_PB_2015.xml","9a1873cad4521949934e526dc24cae6111fdb0711ce69b1e93bdfd0bf8223cb3","0-8dc0682c6668ba44e7b0fe9efe4a56b19caf26580a30a40a3e75d764549535f1","3-3a6771974b4e5854a300643fe399fa38cd643ad047729ba7b0be6bb6ce5dd465","root.record.ItemExhibitList.P5Item.CostElementCategoryList.Support.CostElementList.CostElement"
"GSM ETI","Various","","","","","","","","","","","","2015-BASE_PROCUREMENT-2015-DEFENSE_DISA-PROCUREMENT_JustificationBook_Defense_Information_Systems_Agency_PB_2015.zzz_unzipped-PROCUREMENT_JustificationBook_Defense_Information_Systems_Agency_PB_2015.xml","b4a2bfa222274882e1035a15dfb0b4c9d8c25f2347323e4862655e6df742eb3b","0-3769f823dbfe8643c4c8bc6635f690876165c4f50aa71e05f3d2ebd355f06af2","5-999dd84f40cfe6b4b1af1127fdf4eb1a1d011428f3bed4c68a9eda81698a4166","root.record.ItemExhibitList.P5Item.CostElementCategoryList.Support.CostElementList.CostElement"
"Raytheon","FL","","","","","","","","","","","","2015-BASE_PROCUREMENT-2015-DEFENSE_DISA-PROCUREMENT_JustificationBook_Defense_Information_Systems_Agency_PB_2015.zzz_unzipped-PROCUREMENT_JustificationBook_Defense_Information_Systems_Agency_PB_2015.xml","b4a2bfa222274882e1035a15dfb0b4c9d8c25f2347323e4862655e6df742eb3b","0-8913161203d99f1e8bf11f7565804dea34a11c30765704044945384cba883f9c","0-73d32e3959a70907f110a60a47d2d6515f4e1e8d09bd7a2f763eb9b0fe05970d","root.record.ItemExhibitList.P5Item.CostElementCategoryList.Support.CostElementList.CostElement"
"Raytheon","FL","","","","","","","","","","","","2015-BASE_PROCUREMENT-2015-DEFENSE_DISA-PROCUREMENT_JustificationBook_Defense_Information_Systems_Agency_PB_2015.zzz_unzipped-PROCUREMENT_JustificationBook_Defense_Information_Systems_Agency_PB_2015.xml","b4a2bfa222274882e1035a15dfb0b4c9d8c25f2347323e4862655e6df742eb3b","0-b5beaa1c032b08c5170fd501c1bda0edc342b568127c3c1d10b9f0ff9b0ab651","0-988a91b2a2b5e0039fcbef09305ca29188cd9b6fcc0dcb76da735415d09c9d6e","root.record.ItemExhibitList.P5Item.CostElementCategoryList.Support.CostElementList.CostElement"
"Raytheon","FL","","","","","","","","","","","","2015-BASE_PROCUREMENT-2015-DEFENSE_DISA-PROCUREMENT_JustificationBook_Defense_Information_Systems_Agency_PB_2015.zzz_unzipped-PROCUREMENT_JustificationBook_Defense_Information_Systems_Agency_PB_2015.xml","b4a2bfa222274882e1035a15dfb0b4c9d8c25f2347323e4862655e6df742eb3b","0-3cf6f61655ccae5599e3843d7fa967fc845dc59352dc54bf48c01c27b930f872","1-7d95bc7c11a63dcfddbe2c1564e3fc2639e3d0740e0c5a70ff0bb2bb94343e99","root.record.ItemExhibitList.P5Item.CostElementCategoryList.Support.CostElementList.CostElement"
"Raytheon","FL","","","","","","","","","","","","2015-BASE_PROCUREMENT-2015-DEFENSE_DISA-PROCUREMENT_JustificationBook_Defense_Information_Systems_Agency_PB_2015.zzz_unzipped-PROCUREMENT_JustificationBook_Defense_Information_Systems_Agency_PB_2015.xml","b4a2bfa222274882e1035a15dfb0b4c9d8c25f2347323e4862655e6df742eb3b","0-ef4652b221cd03b508c96cd36befff4658837232ab7f306673c7e9a96cc913a6","2-70fdb4954ebaa2f3edddd9cc7050b06fc7975ee6ce143d3254730dab87b48c46","root.record.ItemExhibitList.P5Item.CostElementCategoryList.Support.CostElementList.CostElement"
"GSM ETI","Various","","","","","","","","","","","","2015-BASE_PROCUREMENT-2015-DEFENSE_DISA-PROCUREMENT_MasterJustificationBook_Defense_Information_Systems_Agency_PB_2015.zzz_unzipped-PROCUREMENT_MasterJustificationBook_Defense_Information_Systems_Agency_PB_2015.xml","a142c81e24088ccf76f5b06f779fca0d49ce474dee0c7d8dae3f938eb877e7a7","0-5d890c1f7f36fd6b26589f2f67f6daeb5163e7b25cb1aa75ea196362c3ebbf13","5-1622175ad818d56518b0f3e3df036e6d7a753197cdcf6ea274345f3927e8ccfd","root.record.ItemExhibitList.P5Item.CostElementCategoryList.Support.CostElementList.CostElement"
"Raytheon","FL","","","","","","","","","","","","2015-BASE_PROCUREMENT-2015-DEFENSE_DISA-PROCUREMENT_MasterJustificationBook_Defense_Information_Systems_Agency_PB_2015.zzz_unzipped-PROCUREMENT_MasterJustificationBook_Defense_Information_Systems_Agency_PB_2015.xml","a142c81e24088ccf76f5b06f779fca0d49ce474dee0c7d8dae3f938eb877e7a7","0-fb2e07aafddd0c2d65fdee39e9115c4e7f85d616c96810d222eb48c3add2244e","0-c65f1238165a99ca591bb12147076ed1c1f4263e8b9eb703d4ef29eaffa9370f","root.record.ItemExhibitList.P5Item.CostElementCategoryList.Support.CostElementList.CostElement"
"Raytheon","FL","","","","","","","","","","","","2015-BASE_PROCUREMENT-2015-DEFENSE_DISA-PROCUREMENT_MasterJustificationBook_Defense_Information_Systems_Agency_PB_2015.zzz_unzipped-PROCUREMENT_MasterJustificationBook_Defense_Information_Systems_Agency_PB_2015.xml","a142c81e24088ccf76f5b06f779fca0d49ce474dee0c7d8dae3f938eb877e7a7","0-a0d86e083e4673dddc503b14eb92344bdba72b0582d4638238169a5d0d028c1b","0-4a74a3a6e945b6ad9848202339e1e6f531eaf1ada64f3969641d4808a05d84ba","root.record.ItemExhibitList.P5Item.CostElementCategoryList.Support.CostElementList.CostElement"
"Raytheon","FL","","","","","","","","","","","","2015-BASE_PROCUREMENT-2015-DEFENSE_DISA-PROCUREMENT_MasterJustificationBook_Defense_Information_Systems_Agency_PB_2015.zzz_unzipped-PROCUREMENT_MasterJustificationBook_Defense_Information_Systems_Agency_PB_2015.xml","a142c81e24088ccf76f5b06f779fca0d49ce474dee0c7d8dae3f938eb877e7a7","0-6c0dd69de6cca4a266de87f1062984934bc1570b8242df0c09beebd0d4c04c79","1-f5b6b49c66d9cf88037eb3a1700b27b16d0fcbb8dcd46008ca24128d59f0b9c3","root.record.ItemExhibitList.P5Item.CostElementCategoryList.Support.CostElementList.CostElement"
"Raytheon","FL","","","","","","","","","","","","2015-BASE_PROCUREMENT-2015-DEFENSE_DISA-PROCUREMENT_MasterJustificationBook_Defense_Information_Systems_Agency_PB_2015.zzz_unzipped-PROCUREMENT_MasterJustificationBook_Defense_Information_Systems_Agency_PB_2015.xml","a142c81e24088ccf76f5b06f779fca0d49ce474dee0c7d8dae3f938eb877e7a7","0-dd97886f15a441eb79af6c649e9722a92b32b2d4defb3db4d53b23786d8f2f59","2-b2621fc9ad6e8e603551e181a727f4ac8d3c25e7ff4e098db68a112c5f6fa1eb","root.record.ItemExhibitList.P5Item.CostElementCategoryList.Support.CostElementList.CostElement"
"GSM ETI","Various","","","","","","","","","","","","2015-BASE_PROCUREMENT-2015-DEFENSE_VOL1-PROCUREMENT_MasterJustificationBook_Defense-Wide_PB_2015.zzz_unzipped-PROCUREMENT_MasterJustificationBook_Defense-Wide_PB_2015.xml","f8fb97f0c35eb66e82a2dd33be510d6d7ff7f0d5096fc825199018e824e85efc","0-4534fe65d8aec29744269418323fbb1af745b775fd8e5549f14e5a9997e63b82","5-657c04d03db7b0cef8eb756103418961ba9b9b73b28aef73b497678a4d490079","root.record.ItemExhibitList.P5Item.CostElementCategoryList.Support.CostElementList.CostElement"
"Raytheon","FL","","","","","","","","","","","","2015-BASE_PROCUREMENT-2015-DEFENSE_VOL1-PROCUREMENT_MasterJustificationBook_Defense-Wide_PB_2015.zzz_unzipped-PROCUREMENT_MasterJustificationBook_Defense-Wide_PB_2015.xml","f8fb97f0c35eb66e82a2dd33be510d6d7ff7f0d5096fc825199018e824e85efc","0-aee743591f29fb333ec50be127e61a84242d7e391973b38decd7fa3f1f7fb930","0-e41f765ef901f8554bb1a169f573c2f93784ca91475de36dc4a6435860430236","root.record.ItemExhibitList.P5Item.CostElementCategoryList.Support.CostElementList.CostElement"
"Raytheon","FL","","","","","","","","","","","","2015-BASE_PROCUREMENT-2015-DEFENSE_VOL1-PROCUREMENT_MasterJustificationBook_Defense-Wide_PB_2015.zzz_unzipped-PROCUREMENT_MasterJustificationBook_Defense-Wide_PB_2015.xml","f8fb97f0c35eb66e82a2dd33be510d6d7ff7f0d5096fc825199018e824e85efc","0-802d9a902532c1613d1faf0c7a714bf4ef8f6fc9d0059ca3a212b2cd40fa66bb","0-483ea7685c8f16602afc13f85ef74a9b8cfca5fb11a3bd7f51565bc136b3d83c","root.record.ItemExhibitList.P5Item.CostElementCategoryList.Support.CostElementList.CostElement"
"Raytheon","FL","","","","","","","","","","","","2015-BASE_PROCUREMENT-2015-DEFENSE_VOL1-PROCUREMENT_MasterJustificationBook_Defense-Wide_PB_2015.zzz_unzipped-PROCUREMENT_MasterJustificationBook_Defense-Wide_PB_2015.xml","f8fb97f0c35eb66e82a2dd33be510d6d7ff7f0d5096fc825199018e824e85efc","0-ad1c0eb9c37eceda142384c7178d0f459e24d74ef8801543fd4284a94880111e","1-72b439b31b45547beaba750623ac4a6863989c2b1787c85bb2e4faff8e40e4c6","root.record.ItemExhibitList.P5Item.CostElementCategoryList.Support.CostElementList.CostElement"
"Raytheon","FL","","","","","","","","","","","","2015-BASE_PROCUREMENT-2015-DEFENSE_VOL1-PROCUREMENT_MasterJustificationBook_Defense-Wide_PB_2015.zzz_unzipped-PROCUREMENT_MasterJustificationBook_Defense-Wide_PB_2015.xml","f8fb97f0c35eb66e82a2dd33be510d6d7ff7f0d5096fc825199018e824e85efc","0-3fa19e632b96b85310cddac6e77f561e27226cc8db0de086b06d63ead4cbee51","2-f00de5d37f53328a1af0fa32296075db830195a97baff98113feab2b5b6ab924","root.record.ItemExhibitList.P5Item.CostElementCategoryList.Support.CostElementList.CostElement"
"FN MANUFACTURING","COLUMBIA, SC","0.00","0.00","0.00","0","0","0","0","0","0","0","0","2016-BASE_PROCUREMENT-2016-AIRFORCE_AMMUNITION-PROCUREMENT_JustificationBook_Air_Force_PB_2016.zzz_unzipped-PROCUREMENT_JustificationBook_Air_Force_PB_2016.xml","71bb89db9689567af8f2723844d961955b47a1c0be7a5135c3bac8c7deab71b1","0-f1baad9c1dc7a21d460ecc1ecbfc32b5f19863025cc7b11589590d57c7240a0f","0-6046a9133a2f9a950b6a189659e9a9c2e55b4cd18a5b8235673d3509ee756ca1","root.record.ItemExhibitList.P5Item.CostElementCategoryList.Support.CostElementList.CostElement"
"FN MANUFACTURING","COLUMBIA, SC","0.00","0.00","0.00","0","0","0","0","0","0","0","0","2016-BASE_PROCUREMENT-2016-AIRFORCE_AMMUNITION-PROCUREMENT_MasterJustificationBook_Air_Force_PB_2016.zzz_unzipped-PROCUREMENT_MasterJustificationBook_Air_Force_PB_2016.xml","38fcdfdda9233b9f1d0767030b7c148e0a2a3e60a66c65aa05d126641d035dc4","0-ee9218916b6c3741cc3dba796a7d0a5b734f3eafdaca235a1c81a1d30821ced9","0-6a5f31df821b79f7cd4913a27cde901aeaf59e96001d28c53aa2fdc5a9437095","root.record.ItemExhibitList.P5Item.CostElementCategoryList.Support.CostElementList.CostElement"
"MULTIPLE","MULTIPLE","0.00","0.00","0.00","0","0","0","0","0","0","0","0","2016-BASE_PROCUREMENT-2016-AIRFORCE_MISSILE-PROCUREMENT_JustificationBook_Air_Force_PB_2016.zzz_unzipped-PROCUREMENT_JustificationBook_Air_Force_PB_2016.xml","61c0a556a6347ba180c63d4c610a0bad4bb2844558560f20ab1410ae031f2f79","0-5275ef7187dc35a27cc585716318365c4811b4852b414626398beafe7c35ac94","0-62d8d43853d8b1a02ffb84de6a9b5e35275999be7bac6734267ec9d5c8bce637","root.record.ItemExhibitList.P5Item.CostElementCategoryList.Support.CostElementList.CostElement"
"MULTIPLE","MULTIPLE","0.00","0.00","0.00","0","0","0","0","0","0","0","0","2016-BASE_PROCUREMENT-2016-AIRFORCE_MISSILE-PROCUREMENT_JustificationBook_Air_Force_PB_2016.zzz_unzipped-PROCUREMENT_JustificationBook_Air_Force_PB_2016.xml","61c0a556a6347ba180c63d4c610a0bad4bb2844558560f20ab1410ae031f2f79","0-285a7a93620d244006b67933485f0ec993aeaeb3c02e0d4beea8676e97c9cdab","1-fc5c80e9879f2c0223d523fc001aa1f1b0f8bb72db1e3a0a7561e49b57de764e","root.record.ItemExhibitList.P5Item.CostElementCategoryList.Support.CostElementList.CostElement"
"MULTIPLE","MULTIPLE","0.00","0.00","0.00","0","0","0","0","0","0","0","0","2016-BASE_PROCUREMENT-2016-AIRFORCE_MISSILE-PROCUREMENT_MasterJustificationBook_Air_Force_PB_2016.zzz_unzipped-PROCUREMENT_MasterJustificationBook_Air_Force_PB_2016.xml","d3ec86aa5696af172515eaa02c00c1e05d801894caa2e7a07894d028dc6bb332","0-651401e1d38ddde4684cb85c1a5ff5e6b1ba1c8d8f793c2cad9eb8c1272db516","0-13c130759da1ad271b11e8b3e0c83bab1bced2ba3ec642ba791dc9fa0920273b","root.record.ItemExhibitList.P5Item.CostElementCategoryList.Support.CostElementList.CostElement"
"MULTIPLE","MULTIPLE","0.00","0.00","0.00","0","0","0","0","0","0","0","0","2016-BASE_PROCUREMENT-2016-AIRFORCE_MISSILE-PROCUREMENT_MasterJustificationBook_Air_Force_PB_2016.zzz_unzipped-PROCUREMENT_MasterJustificationBook_Air_Force_PB_2016.xml","d3ec86aa5696af172515eaa02c00c1e05d801894caa2e7a07894d028dc6bb332","0-18748d3402d23bbe968beb7b7ca8cb7f908153c1953bb42fa40bfbfde0b02310","1-c3fcaca4c1d97a4715dd39a05d2b5d84fdc8bc66ebd23d2d5c1e10903d3170d4","root.record.ItemExhibitList.P5Item.CostElementCategoryList.Support.CostElementList.CostElement"
"MULTIPLE","MULTIPLE","0.00","0.00","0.00","0","0","0","0","0","0","0","0","2016-BASE_PROCUREMENT-2016-AIRFORCE_SPACE-PROCUREMENT_JustificationBook_Air_Force_PB_2016.zzz_unzipped-PROCUREMENT_JustificationBook_Air_Force_PB_2016.xml","0deb4c45fa1ef1984477f24b5eea0df8544031e378c5263baf42899e35992f3e","0-c1b07db709966fe4d8eb05b9555c9b91b929b49c1de6ab7d51b6a2a85cc564a7","0-8854922dbc0e1178031c600272a52b712def9e71288776e1bf154c86627cee9e","root.record.ItemExhibitList.P5Item.CostElementCategoryList.Support.CostElementList.CostElement"
"MULTIPLE","MULTIPLE","0.00","0.00","0.00","0","0","0","0","0","0","0","0","2016-BASE_PROCUREMENT-2016-AIRFORCE_SPACE-PROCUREMENT_JustificationBook_Air_Force_PB_2016.zzz_unzipped-PROCUREMENT_JustificationBook_Air_Force_PB_2016.xml","0deb4c45fa1ef1984477f24b5eea0df8544031e378c5263baf42899e35992f3e","0-071e39dbb166d35166fb8b25de5f316cdaee4c5727cbc3537fe339c83aacc235","1-3a6ba2e5ece23b45c43265c957d72c75f24762f286932bf0a204e6e0e1997df8","root.record.ItemExhibitList.P5Item.CostElementCategoryList.Support.CostElementList.CostElement"
"MULTIPLE","MULTIPLE","0.00","0.00","0.00","0","0","0","0","0","0","0","0","2016-BASE_PROCUREMENT-2016-AIRFORCE_SPACE-PROCUREMENT_MasterJustificationBook_Air_Force_PB_2016.zzz_unzipped-PROCUREMENT_MasterJustificationBook_Air_Force_PB_2016.xml","2a2199d67cacfc237cc5f4fb1cb2d87461c797a5ad442b57ed3498ab7c04c59c","0-c49b7368b0cac6b3d11c8c8bd525f81d95be08e7ef862f25c6ace2edee307201","0-3bf0913812bad32bfee08235f19f62c3261374287696671fbdc657191bbcd1aa","root.record.ItemExhibitList.P5Item.CostElementCategoryList.Support.CostElementList.CostElement"
"MULTIPLE","MULTIPLE","0.00","0.00","0.00","0","0","0","0","0","0","0","0","2016-BASE_PROCUREMENT-2016-AIRFORCE_SPACE-PROCUREMENT_MasterJustificationBook_Air_Force_PB_2016.zzz_unzipped-PROCUREMENT_MasterJustificationBook_Air_Force_PB_2016.xml","2a2199d67cacfc237cc5f4fb1cb2d87461c797a5ad442b57ed3498ab7c04c59c","0-d8ddce0632e428658e451d7ad4f8f67bc245b027ade0bbb840fa715f226c9975","1-47ec3c3581f45d898be90b73c4f0b99e0cd823f32a56a11a26e16a8a07f11cbb","root.record.ItemExhibitList.P5Item.CostElementCategoryList.Support.CostElementList.CostElement"
"Multiple","Multiple","0.00","0.00","0.00","0","0","0","0","0","0","0","0","2016-BASE_PROCUREMENT-2016-AIRFORCE_OTHER-PROCUREMENT_JustificationBook_Air_Force_PB_2016.zzz_unzipped-PROCUREMENT_JustificationBook_Air_Force_PB_2016.xml","59494116396e69660e75d77397a4826440aeb0f74e218dea5d849876aa3e9ff7","0-d981816cc970306f3203036aeb99fb4e036e27b9f08820b2b4e2851b816aa85f","0-3154817e630fb7781e7f4d3f302318029e9e051251b58bbe618cfb4b665c97b3","root.record.ItemExhibitList.P5Item.CostElementCategoryList.Support.CostElementList.CostElement"
"Multiple","Multiple","0.00","0.00","0.00","0","0","0","0","0","0","0","0","2016-BASE_PROCUREMENT-2016-AIRFORCE_OTHER-PROCUREMENT_MasterJustificationBook_Air_Force_PB_2016.zzz_unzipped-PROCUREMENT_MasterJustificationBook_Air_Force_PB_2016.xml","2b682caee02270a3f69e0b57abb623f02c776949655dc1b401fb2790291e9b29","0-a9082bfc4bca9e09f4ae72984b017fe0f167da67494a810110d1a5201290b62e","0-a97a8d88ba994a612a5d960d570197056ca6b25f68806bc0678c594f4b0dfe68","root.record.ItemExhibitList.P5Item.CostElementCategoryList.Support.CostElementList.CostElement"
"BAE Systems","Nashua, NH","24","1000","600","0","3","9","12","0","3","9","12","2016-BASE_PROCUREMENT-2016-ARMY_AIRCRAFT-PROCUREMENT_JustificationBook_Army_PB_2016.zzz_unzipped-PROCUREMENT_JustificationBook_Army_PB_2016.xml","d0faa6bb647f25deaeff34e03fb27743c073d7601384b99f8fa7a3c57893f097","0-95c5d0d3191c245013a0dcef08b9bedd6134956417d3aba16566ed344648e125","3-69628df542ee221633bd9e347909180adb524e9686b44d49d0dc8064b14dd836","root.record.ItemExhibitList.P5Item.CostElementCategoryList.Support.CostElementList.CostElement"
"PM I3C2","Ft. Belvoir, VA","","","","0","0","0","0","0","0","0","0","2016-BASE_PROCUREMENT-2016-ARMY_OTHER_2-PROCUREMENT_JustificationBook_Army_PB_2016.zzz_unzipped-PROCUREMENT_JustificationBook_Army_PB_2016.xml","0daeb3840995e315e0845fec38ebc9e30d4d58064f2184f55430dcb7cef2d891","0-f981308fc8f30bbe99d1b6351a62f887a891ef8f940caefe88e4be0cafecd529","0-640bc7de37e41c5fe63e537e50b6fc27f6bba2b0502568a063c7c68f8669841c","root.record.ItemExhibitList.P5Item.CostElementCategoryList.Support.CostElementList.CostElement"
"PM I3C2","Ft. Belvoir, VA","","","","0","0","0","0","0","0","0","0","2016-BASE_PROCUREMENT-2016-ARMY_OTHER_2-PROCUREMENT_JustificationBook_Army_PB_2016.zzz_unzipped-PROCUREMENT_JustificationBook_Army_PB_2016.xml","0daeb3840995e315e0845fec38ebc9e30d4d58064f2184f55430dcb7cef2d891","0-1f93bfb7165e3b8f80501a3af19837f593acde58db1033f777aaa56219c63b2d","0-2766c9de460bd247a5d5c17fd26d08abb8124caee015bfed366cc6f0ee90e109","root.record.ItemExhibitList.P5Item.CostElementCategoryList.Support.CostElementList.CostElement"
"GSM ETI","Various","","","","","","","","","","","","2016-BASE_PROCUREMENT-2016-DEFENSE_DISA-PROCUREMENT_JustificationBook_Defense_Information_Systems_Agency_PB_2016.zzz_unzipped-PROCUREMENT_JustificationBook_Defense_Information_Systems_Agency_PB_2016.xml","dae3a3a4e1c3c917c599d350ec43c3a226320faf050977de21e224ac91e9b5cf","0-47886819eca28a4ec5efec0f87f4da2b09ebb0f64234612692f82de9e48d6f27","5-eee08a11bbc43b3e2a2d9ab01be3aed2242de5a2a502a0ce2b561f022c6fd76e","root.record.ItemExhibitList.P5Item.CostElementCategoryList.Support.CostElementList.CostElement"
"Raytheon","FL","","","","","","","","","","","","2016-BASE_PROCUREMENT-2016-DEFENSE_DISA-PROCUREMENT_JustificationBook_Defense_Information_Systems_Agency_PB_2016.zzz_unzipped-PROCUREMENT_JustificationBook_Defense_Information_Systems_Agency_PB_2016.xml","dae3a3a4e1c3c917c599d350ec43c3a226320faf050977de21e224ac91e9b5cf","0-818843463703700f2f6bfb4611833cbf4daae776b454ee060258f667667fbaa9","0-5db70d2a64e90414c066eba3e1e30b1b4e162ba0c4a2f2c11a0ce7e54bbb6776","root.record.ItemExhibitList.P5Item.CostElementCategoryList.Support.CostElementList.CostElement"
"Raytheon","FL","","","","","","","","","","","","2016-BASE_PROCUREMENT-2016-DEFENSE_DISA-PROCUREMENT_JustificationBook_Defense_Information_Systems_Agency_PB_2016.zzz_unzipped-PROCUREMENT_JustificationBook_Defense_Information_Systems_Agency_PB_2016.xml","dae3a3a4e1c3c917c599d350ec43c3a226320faf050977de21e224ac91e9b5cf","0-0c6712ea74f3b36831608ad19aeb75f7fd9d1df65406aaca8fa52235db4e1c99","0-c2171763fe5b6c0bb11109de4f8b410a3a30cded377b327db866a7e7fd92e88f","root.record.ItemExhibitList.P5Item.CostElementCategoryList.Support.CostElementList.CostElement"
"Raytheon","FL","","","","","","","","","","","","2016-BASE_PROCUREMENT-2016-DEFENSE_DISA-PROCUREMENT_JustificationBook_Defense_Information_Systems_Agency_PB_2016.zzz_unzipped-PROCUREMENT_JustificationBook_Defense_Information_Systems_Agency_PB_2016.xml","dae3a3a4e1c3c917c599d350ec43c3a226320faf050977de21e224ac91e9b5cf","0-88130b66e4ecc1b692c7e2340993b80a10773f5014af8f2548fa1c544f10e2ff","1-27e641d4352d15ba087879698d9e9f3edf6ffd161377f55fa8dad435c6029689","root.record.ItemExhibitList.P5Item.CostElementCategoryList.Support.CostElementList.CostElement"
"Raytheon","FL","","","","","","","","","","","","2016-BASE_PROCUREMENT-2016-DEFENSE_DISA-PROCUREMENT_JustificationBook_Defense_Information_Systems_Agency_PB_2016.zzz_unzipped-PROCUREMENT_JustificationBook_Defense_Information_Systems_Agency_PB_2016.xml","dae3a3a4e1c3c917c599d350ec43c3a226320faf050977de21e224ac91e9b5cf","0-ac993cd7a066aec8ef1a05068b06f28e30c90b11c22abb9522a9aca02d5422b3","2-8f40c63a2f679652f588484c5cbea048d5f17539d65dfc7829f3a54a216dd4b4","root.record.ItemExhibitList.P5Item.CostElementCategoryList.Support.CostElementList.CostElement"
"GSM ETI","Various","","","","","","","","","","","","2016-BASE_PROCUREMENT-2016-DEFENSE_DISA-PROCUREMENT_MasterJustificationBook_Defense_Information_Systems_Agency_PB_2016.zzz_unzipped-PROCUREMENT_MasterJustificationBook_Defense_Information_Systems_Agency_PB_2016.xml","bebf0444ff6624ed8a94a6d10ff2e33e3ab7c2bfc221b320f62da0b22b6fe720","0-7de09a3a09a350f930fae8d5c71b182b9ac6e69ecd008563e14ea9c06286a2ed","5-936119e3a1594b72f30485397079ac14c889996e70f5618f7305bfa4953385bf","root.record.ItemExhibitList.P5Item.CostElementCategoryList.Support.CostElementList.CostElement"
"Raytheon","FL","","","","","","","","","","","","2016-BASE_PROCUREMENT-2016-DEFENSE_DISA-PROCUREMENT_MasterJustificationBook_Defense_Information_Systems_Agency_PB_2016.zzz_unzipped-PROCUREMENT_MasterJustificationBook_Defense_Information_Systems_Agency_PB_2016.xml","bebf0444ff6624ed8a94a6d10ff2e33e3ab7c2bfc221b320f62da0b22b6fe720","0-e6205e0eb59021880802081ba2974e50d5991988d396657d9cafd3f8d6be7b3a","0-1cfe7cc3f107226c3415681c7ea351b164b22e9af871aaa4a90bb491047d433e","root.record.ItemExhibitList.P5Item.CostElementCategoryList.Support.CostElementList.CostElement"
"Raytheon","FL","","","","","","","","","","","","2016-BASE_PROCUREMENT-2016-DEFENSE_DISA-PROCUREMENT_MasterJustificationBook_Defense_Information_Systems_Agency_PB_2016.zzz_unzipped-PROCUREMENT_MasterJustificationBook_Defense_Information_Systems_Agency_PB_2016.xml","bebf0444ff6624ed8a94a6d10ff2e33e3ab7c2bfc221b320f62da0b22b6fe720","0-05849fd0e16172c606b9472cb174c89c7c96447f2cb63e5ddecf405309fb7060","0-455b68d3679d641968d390971f231dfa23c6b852b4fec82a7d39d05b342d5782","root.record.ItemExhibitList.P5Item.CostElementCategoryList.Support.CostElementList.CostElement"
"Raytheon","FL","","","","","","","","","","","","2016-BASE_PROCUREMENT-2016-DEFENSE_DISA-PROCUREMENT_MasterJustificationBook_Defense_Information_Systems_Agency_PB_2016.zzz_unzipped-PROCUREMENT_MasterJustificationBook_Defense_Information_Systems_Agency_PB_2016.xml","bebf0444ff6624ed8a94a6d10ff2e33e3ab7c2bfc221b320f62da0b22b6fe720","0-e4044042c312bc12a846640294a2dc1a2546b76921993a2773339707f3c15572","1-d1efe7269bfa3bb5257d3edc35e65444b546883d489afde71bfa7e533dfb1f48","root.record.ItemExhibitList.P5Item.CostElementCategoryList.Support.CostElementList.CostElement"
"Raytheon","FL","","","","","","","","","","","","2016-BASE_PROCUREMENT-2016-DEFENSE_DISA-PROCUREMENT_MasterJustificationBook_Defense_Information_Systems_Agency_PB_2016.zzz_unzipped-PROCUREMENT_MasterJustificationBook_Defense_Information_Systems_Agency_PB_2016.xml","bebf0444ff6624ed8a94a6d10ff2e33e3ab7c2bfc221b320f62da0b22b6fe720","0-de06f18542e6c4cc1f58f9aae109e45d332f4829e19746421ca0049ea9e97372","2-3a8a8b249360153411e3765cd60cc698ccbc523e6447343c73d6089e1754d7bd","root.record.ItemExhibitList.P5Item.CostElementCategoryList.Support.CostElementList.CostElement"
"GSM ETI","Various","","","","","","","","","","","","2016-BASE_PROCUREMENT-2016-DEFENSE_VOL1_ALL-PROCUREMENT_MasterJustificationBook_Defense-Wide_PB_2016.zzz_unzipped-PROCUREMENT_MasterJustificationBook_Defense-Wide_PB_2016.xml","571ee542d4cf5bc412d71e6caaa79683ff9dcab501f779c89e8c87d935a48228","0-c0b0701918a73f849d2e2308ae741e313ed8481a97ef4aa2f4a6ec8af83ba009","5-7e004a5ef514c924877c60d2fda0f4c7831de689a08e5418a5fdbb809a24b281","root.record.ItemExhibitList.P5Item.CostElementCategoryList.Support.CostElementList.CostElement"
"Raytheon","FL","","","","","","","","","","","","2016-BASE_PROCUREMENT-2016-DEFENSE_VOL1_ALL-PROCUREMENT_MasterJustificationBook_Defense-Wide_PB_2016.zzz_unzipped-PROCUREMENT_MasterJustificationBook_Defense-Wide_PB_2016.xml","571ee542d4cf5bc412d71e6caaa79683ff9dcab501f779c89e8c87d935a48228","0-8e95de6be7276488f1e436d23b7d0fdd41c2e70b0ce497fe70e264634d941d7e","0-58e79b2bbe12c5a7c3a366953a8ba81a4531c51d27abe4ccbfae07a2bdb38dfd","root.record.ItemExhibitList.P5Item.CostElementCategoryList.Support.CostElementList.CostElement"
"Raytheon","FL","","","","","","","","","","","","2016-BASE_PROCUREMENT-2016-DEFENSE_VOL1_ALL-PROCUREMENT_MasterJustificationBook_Defense-Wide_PB_2016.zzz_unzipped-PROCUREMENT_MasterJustificationBook_Defense-Wide_PB_2016.xml","571ee542d4cf5bc412d71e6caaa79683ff9dcab501f779c89e8c87d935a48228","0-fb313e205d1da53414969cf2e54ca6db8eb2c8ceb1f7b56fc72fff448c317f2d","0-ba8462f2863ed37f843e3870036244014dfe8bf125f780d177646e290c442f27","root.record.ItemExhibitList.P5Item.CostElementCategoryList.Support.CostElementList.CostElement"
"Raytheon","FL","","","","","","","","","","","","2016-BASE_PROCUREMENT-2016-DEFENSE_VOL1_ALL-PROCUREMENT_MasterJustificationBook_Defense-Wide_PB_2016.zzz_unzipped-PROCUREMENT_MasterJustificationBook_Defense-Wide_PB_2016.xml","571ee542d4cf5bc412d71e6caaa79683ff9dcab501f779c89e8c87d935a48228","0-9243aa3084740a9d340efcbd884673e96527fe9f92adf583b49975063e0ab799","1-568076caded526b249e5321ebbb751fc0cd83f08386406a83a928e994ea99908","root.record.ItemExhibitList.P5Item.CostElementCategoryList.Support.CostElementList.CostElement"
"Raytheon","FL","","","","","","","","","","","","2016-BASE_PROCUREMENT-2016-DEFENSE_VOL1_ALL-PROCUREMENT_MasterJustificationBook_Defense-Wide_PB_2016.zzz_unzipped-PROCUREMENT_MasterJustificationBook_Defense-Wide_PB_2016.xml","571ee542d4cf5bc412d71e6caaa79683ff9dcab501f779c89e8c87d935a48228","0-6410075c1685cfe611f075d1a7325d947a315a1871f53af5d84e6ec06c66603d","2-05cfe6d82677c24abc6a6338ac1b0742e5b83333c314167880b024e51b13d011","root.record.ItemExhibitList.P5Item.CostElementCategoryList.Support.CostElementList.CostElement"
"Lockheed Martin","Sunnyvale, CA","12","24","18","9","1","37","38","9","1","37","38","2016-BASE_PROCUREMENT-2016-NAVY_WEAPONS-PROCUREMENT_JustificationBook_Navy_PB_2016.zzz_unzipped-PROCUREMENT_JustificationBook_Navy_PB_2016.xml","bcde46388610d3fe9b0f232edafe31c15133f8ebea7b2ad1daa1d62c146c33bb","0-877356b40271fc098d3b5c1ebf60f356d372deb2066721adb79f89bfb98ebdb3","11-3f625c7ba14e4ea95ff6e333c74326cf334152041f6b68177f9ace8a174c6b9a","root.record.ItemExhibitList.P5Item.CostElementCategoryList.Support.CostElementList.CostElement"
"Lockheed Martin","Sunnyvale, CA","12","24","18","9","1","37","38","9","1","37","38","2016-BASE_PROCUREMENT-2016-NAVY_WEAPONS-PROCUREMENT_MasterJustificationBook_Navy_PB_2016.zzz_unzipped-PROCUREMENT_MasterJustificationBook_Navy_PB_2016.xml","45af71fb24d18604860f3aa7d70ecb1967e2f415f7bc2b5c52225977d9c7d3cd","0-6c206370f21c5e3e93c75483af86228b27d4b1d8c44e44f3da12baf2d3e1888a","11-9e8ded83e1a047a77e63656d1e75b669b4e93de16d143fbf7eeed1584105f1a4","root.record.ItemExhibitList.P5Item.CostElementCategoryList.Support.CostElementList.CostElement"
"FN MANUFACRTURING","COLUMBIA, SC","0.00","0.00","0.00","0","0","0","0","0","0","0","0","2017-BASE_PROCUREMENT-2017-AIRFORCE_AMMUNITION-U_PROCUREMENT_JustificationBook_Air_Force_PB_2017.zzz_unzipped-U_PROCUREMENT_JustificationBook_Air_Force_PB_2017.xml","5832b4457d5305e7ddfa0d7374c76fdd053c835a0f4dd954a32b9f7f8a48b378","0-8a3f37875545c38420b826eac7f949d912cff17ca70ce319e1e77913b93ea1ae","0-99ad1f16711f173fea3516b4eb874c9d059a74d50f870e882a33bc1ed53fd8ca","root.record.ItemExhibitList.P5Item.CostElementCategoryList.Support.CostElementList.CostElement"
"FN MANUFACTURING","COLUMBIA, SC","0.00","0.00","0.00","0","0","0","0","0","0","0","0","2017-BASE_PROCUREMENT-2017-AIRFORCE_AMMUNITION-U_PROCUREMENT_JustificationBook_Air_Force_PB_2017.zzz_unzipped-U_PROCUREMENT_JustificationBook_Air_Force_PB_2017.xml","5832b4457d5305e7ddfa0d7374c76fdd053c835a0f4dd954a32b9f7f8a48b378","1-59b89c6c6fe4e304b5552e886a3311f3a022139feb24f1371c754fff993fc039","0-99ad1f16711f173fea3516b4eb874c9d059a74d50f870e882a33bc1ed53fd8ca","root.record.ItemExhibitList.P5Item.CostElementCategoryList.Support.CostElementList.CostElement"
"FN MANUFACRTURING","COLUMBIA, SC","0.00","0.00","0.00","0","0","0","0","0","0","0","0","2017-BASE_PROCUREMENT-2017-AIRFORCE_AMMUNITION-U_PROCUREMENT_MasterJustificationBook_Air_Force_PB_2017.zzz_unzipped-U_PROCUREMENT_MasterJustificationBook_Air_Force_PB_2017.xml","51088242fb44703fc3fb7309c93c3488d1bb2fb254c6ae95fe2487d462ca3bcd","0-e76ec3eb13f20b5ce29f93b8b151d710359fae92303052bf4a4e70cd42148073","0-fe08ff831ea1010d026651a5463b602ae037e18ba755f561dd155b4663f836e9","root.record.ItemExhibitList.P5Item.CostElementCategoryList.Support.CostElementList.CostElement"
"FN MANUFACTURING","COLUMBIA, SC","0.00","0.00","0.00","0","0","0","0","0","0","0","0","2017-BASE_PROCUREMENT-2017-AIRFORCE_AMMUNITION-U_PROCUREMENT_MasterJustificationBook_Air_Force_PB_2017.zzz_unzipped-U_PROCUREMENT_MasterJustificationBook_Air_Force_PB_2017.xml","51088242fb44703fc3fb7309c93c3488d1bb2fb254c6ae95fe2487d462ca3bcd","1-13ad49b39278838529f5b38048ac0f3397d96e710c3d59bc4fb3843af6f3f1b7","0-fe08ff831ea1010d026651a5463b602ae037e18ba755f561dd155b4663f836e9","root.record.ItemExhibitList.P5Item.CostElementCategoryList.Support.CostElementList.CostElement"
"MULTIPLE","MULTIPLE","0.00","0.00","0.00","0","0","0","0","0","0","0","0","2017-BASE_PROCUREMENT-2017-AIRFORCE_MISSILE-U_PROCUREMENT_JustificationBook_Air_Force_PB_2017.zzz_unzipped-U_PROCUREMENT_JustificationBook_Air_Force_PB_2017.xml","3103289247c50e254005e82a3fb9bb4ff3d0e5bd1b370491b278b3bbd0b2b276","0-8dfc4daaf83c1841d3337eafb08583df0534d6610d7ad535206c55a8652b0a3c","0-679730bab8cb70fdb0b2450bfb62e315b6382405da2e30a4ffac82c3ab3e82c1","root.record.ItemExhibitList.P5Item.CostElementCategoryList.Support.CostElementList.CostElement"
"MULTIPLE","MULTIPLE","0.00","0.00","0.00","0","0","0","0","0","0","0","0","2017-BASE_PROCUREMENT-2017-AIRFORCE_MISSILE-U_PROCUREMENT_JustificationBook_Air_Force_PB_2017.zzz_unzipped-U_PROCUREMENT_JustificationBook_Air_Force_PB_2017.xml","3103289247c50e254005e82a3fb9bb4ff3d0e5bd1b370491b278b3bbd0b2b276","0-8157c42abf43fbf8c3c84a35062fda50bad31ef6f4fb29617ea2cb2d482f6449","1-08527a360e3a58af8dd8355bc6bc444ba3c502598a07ce4f44f10814580c7283","root.record.ItemExhibitList.P5Item.CostElementCategoryList.Support.CostElementList.CostElement"
"MULTIPLE","MULTIPLE","0.00","0.00","0.00","0","0","0","0","0","0","0","0","2017-BASE_PROCUREMENT-2017-AIRFORCE_MISSILE-U_PROCUREMENT_MasterJustificationBook_Air_Force_PB_2017.zzz_unzipped-U_PROCUREMENT_MasterJustificationBook_Air_Force_PB_2017.xml","63db0773d9b60ef0aebc6138f685c133fb03e24a3b5a33ad906ead630fcc46aa","0-c5021b355f206108adcd31456a6f9505a92af5d7086c7af166f98ad21d9c73f6","0-f22ca404b4604e5b1832616ca736479b623efdf34e4b39362acf48a19df0e4fd","root.record.ItemExhibitList.P5Item.CostElementCategoryList.Support.CostElementList.CostElement"
"MULTIPLE","MULTIPLE","0.00","0.00","0.00","0","0","0","0","0","0","0","0","2017-BASE_PROCUREMENT-2017-AIRFORCE_MISSILE-U_PROCUREMENT_MasterJustificationBook_Air_Force_PB_2017.zzz_unzipped-U_PROCUREMENT_MasterJustificationBook_Air_Force_PB_2017.xml","63db0773d9b60ef0aebc6138f685c133fb03e24a3b5a33ad906ead630fcc46aa","0-83d2e18c03f15c23fc3a3e1ee1f343b34e6cdc879e4fde265f9f876b45db3338","1-872b3e2b769e2ed15fa8a1efce6da6ddd87ba159c1a6c1ffd58b94cc035f9b07","root.record.ItemExhibitList.P5Item.CostElementCategoryList.Support.CostElementList.CostElement"
"NAVSURFWARCENDIV","Crane, Indiana","0.00","0.00","0.00","0","0","0","0","0","0","0","0","2017-BASE_PROCUREMENT-2017-AIRFORCE_OTHER-U_PROCUREMENT_JustificationBook_Air_Force_PB_2017.zzz_unzipped-U_PROCUREMENT_JustificationBook_Air_Force_PB_2017.xml","38c642dc0285b7d8781f87014042ad3d1b52b59501bab1602b747599958c4b3f","0-63fd99d78e148b5e2c08814f29e2c99974db694936bfb4e7442d5373af94e6c2","3-288ad2a081d3e68a87e9351785b4b4e9c1a92b84b60a5156d817985689fba6e2","root.record.ItemExhibitList.P5Item.CostElementCategoryList.Support.CostElementList.CostElement"
"Various","AFLCMC Hanscom AFB","0.00","0.00","0.00","0","0","0","0","0","0","0","0","2017-BASE_PROCUREMENT-2017-AIRFORCE_OTHER-U_PROCUREMENT_JustificationBook_Air_Force_PB_2017.zzz_unzipped-U_PROCUREMENT_JustificationBook_Air_Force_PB_2017.xml","38c642dc0285b7d8781f87014042ad3d1b52b59501bab1602b747599958c4b3f","0-796cb183a9a2cc0ef18bbbe37ef406c9d359c423b4a3015081e8b11ce7db7286","4-66f0bc144e52977529f6c1b47e7ca8a354eca5a36b3ad9c4badc50e5fb968fad","root.record.ItemExhibitList.P5Item.CostElementCategoryList.Support.CostElementList.CostElement"
"Multiple","Multiple","0.00","0.00","0.00","0","0","0","0","0","0","0","0","2017-BASE_PROCUREMENT-2017-AIRFORCE_OTHER-U_PROCUREMENT_JustificationBook_Air_Force_PB_2017.zzz_unzipped-U_PROCUREMENT_JustificationBook_Air_Force_PB_2017.xml","38c642dc0285b7d8781f87014042ad3d1b52b59501bab1602b747599958c4b3f","0-83115ab4377c019e2ebcc1834402557557e9eb5e17d9675947a637efcb0e9f5b","0-bf34179726f3a30f0cb0c0a4f2bc41c6eeecede30875264b0d3ca6a193b7d102","root.record.ItemExhibitList.P5Item.CostElementCategoryList.Support.CostElementList.CostElement"
"NAVSURFWARCENDIV","Crane, Indiana","0.00","0.00","0.00","0","0","0","0","0","0","0","0","2017-BASE_PROCUREMENT-2017-AIRFORCE_OTHER-U_PROCUREMENT_MasterJustificationBook_Air_Force_PB_2017.zzz_unzipped-U_PROCUREMENT_MasterJustificationBook_Air_Force_PB_2017.xml","36ace9e2c2250de3b99e411ac5642c43f6759be84df645121aad6b5f7bddc5c8","0-0b6f33fb6cf876c9ee7c5e209a0e8c34bd9110cb8c4bb63249627caac7d721ef","3-e1386cf6c26f8b5d02427fc265e3829db54c674632da6a431ca584afbdae135e","root.record.ItemExhibitList.P5Item.CostElementCategoryList.Support.CostElementList.CostElement"
"Various","AFLCMC Hanscom AFB","0.00","0.00","0.00","0","0","0","0","0","0","0","0","2017-BASE_PROCUREMENT-2017-AIRFORCE_OTHER-U_PROCUREMENT_MasterJustificationBook_Air_Force_PB_2017.zzz_unzipped-U_PROCUREMENT_MasterJustificationBook_Air_Force_PB_2017.xml","36ace9e2c2250de3b99e411ac5642c43f6759be84df645121aad6b5f7bddc5c8","0-0dafa6acf89108d00716626b48f9e4c9f41f0277d7495161350ab222c0bf1743","4-003eb2ddae30f4b9c5e027d84ea43e0e7fa11e5f50c32a8c6b5077657afe3745","root.record.ItemExhibitList.P5Item.CostElementCategoryList.Support.CostElementList.CostElement"
"Multiple","Multiple","0.00","0.00","0.00","0","0","0","0","0","0","0","0","2017-BASE_PROCUREMENT-2017-AIRFORCE_OTHER-U_PROCUREMENT_MasterJustificationBook_Air_Force_PB_2017.zzz_unzipped-U_PROCUREMENT_MasterJustificationBook_Air_Force_PB_2017.xml","36ace9e2c2250de3b99e411ac5642c43f6759be84df645121aad6b5f7bddc5c8","0-7a7c6114302daed4d2982d187a1cfb3cafae416332165d1355903dc8e7c508c8","0-70cc2814f8362405a85c296839cf0421730c873d2bbefea20d62b58d6a97066d","root.record.ItemExhibitList.P5Item.CostElementCategoryList.Support.CostElementList.CostElement"
"Program Management Support","PEO EIS, Ft Belvoir, VA","","","","0","0","0","0","0","0","0","0","2017-BASE_PROCUREMENT-2017-ARMY_OTHER_2-U_PROCUREMENT_JustificationBook_Army_PB_2017.zzz_unzipped-U_PROCUREMENT_JustificationBook_Army_PB_2017.xml","48ab450ab6008fa35b4bf1a2279460177958a9224250653792205202a62abfd5","0-76b4db2ae9d4e957360dccfc2b8499db7566cb33aac164f453cf59eff79e4e49","0-5fdf2d6597a16c8cdebe892f0724ebfa81ce8eb8b9d4215e1a291a20a5133093","root.record.ItemExhibitList.P5Item.CostElementCategoryList.Support.CostElementList.CostElement"
"PM I3C2","Ft. Belvoir, VA","","","","0","0","0","0","0","0","0","0","2017-BASE_PROCUREMENT-2017-ARMY_OTHER_2-U_PROCUREMENT_JustificationBook_Army_PB_2017.zzz_unzipped-U_PROCUREMENT_JustificationBook_Army_PB_2017.xml","e2c89fbeb812916900eca5c27f8af4e89ad05088685814bc9bb1805868e5dd11","0-de0a8067b79d7f4d9b9265e3e0ab7ec90f756a7048fcff772d9420a6b3657d71","0-510caa852a3876c468f3613fe53835f03f1425aac58f55c93d73f502d3652636","root.record.ItemExhibitList.P5Item.CostElementCategoryList.Support.CostElementList.CostElement"
"PM I3C2","Ft. Belvoir, VA","","","","0","0","0","0","0","0","0","0","2017-BASE_PROCUREMENT-2017-ARMY_OTHER_2-U_PROCUREMENT_JustificationBook_Army_PB_2017.zzz_unzipped-U_PROCUREMENT_JustificationBook_Army_PB_2017.xml","e2c89fbeb812916900eca5c27f8af4e89ad05088685814bc9bb1805868e5dd11","0-0c8808840a7bff1a7d7f2932bec5de5320dde7a6978ac7205bbb44c840ab2a18","0-eb52d26666007923e2cd6d56f3e3c53587ad812401f1cd86e5459cfeaeeee238","root.record.ItemExhibitList.P5Item.CostElementCategoryList.Support.CostElementList.CostElement"
"GSM ETI","Various","","","","","","","","","","","","2017-BASE_PROCUREMENT-2017-DEFENSE_DISA-U_PROCUREMENT_JustificationBook_Defense_Information_Systems_Agency_PB_2017.zzz_unzipped-U_PROCUREMENT_JustificationBook_Defense_Information_Systems_Agency_PB_2017.xml","fb221902332d322a3dbca31c563079bae28136d0a5656ae7e5b0f07f2aa47c7f","0-8a8c9c971e62b004838f232bb5f2688a5e3be696205b77861ed85cc30be0430b","5-c7220ef3a23b2b81f53c69d9d9b629de2bd0522ee896b78cf5a5cf9efd450056","root.record.ItemExhibitList.P5Item.CostElementCategoryList.Support.CostElementList.CostElement"
"Raytheon","FL","","","","","","","","","","","","2017-BASE_PROCUREMENT-2017-DEFENSE_DISA-U_PROCUREMENT_JustificationBook_Defense_Information_Systems_Agency_PB_2017.zzz_unzipped-U_PROCUREMENT_JustificationBook_Defense_Information_Systems_Agency_PB_2017.xml","fb221902332d322a3dbca31c563079bae28136d0a5656ae7e5b0f07f2aa47c7f","0-4f4d36b759bd903fffd9503ea1265f2b50884c063bab7b03781416314047bc49","0-7273e99a2221b63eb3140a09d15dd7d1003f2d7cdff76438f119dd1dbe707354","root.record.ItemExhibitList.P5Item.CostElementCategoryList.Support.CostElementList.CostElement"
"Raytheon","FL","","","","","","","","","","","","2017-BASE_PROCUREMENT-2017-DEFENSE_DISA-U_PROCUREMENT_JustificationBook_Defense_Information_Systems_Agency_PB_2017.zzz_unzipped-U_PROCUREMENT_JustificationBook_Defense_Information_Systems_Agency_PB_2017.xml","fb221902332d322a3dbca31c563079bae28136d0a5656ae7e5b0f07f2aa47c7f","0-8b2f8d9b4901eb13d372ec3238654bd58ff1c0c167fa2becb9c7a3bb6efb85a4","0-494c72e458b2bf1d41cf95869d78546b5cecae7d8f6fc2655597719a462803ce","root.record.ItemExhibitList.P5Item.CostElementCategoryList.Support.CostElementList.CostElement"
"Raytheon","FL","","","","","","","","","","","","2017-BASE_PROCUREMENT-2017-DEFENSE_DISA-U_PROCUREMENT_JustificationBook_Defense_Information_Systems_Agency_PB_2017.zzz_unzipped-U_PROCUREMENT_JustificationBook_Defense_Information_Systems_Agency_PB_2017.xml","fb221902332d322a3dbca31c563079bae28136d0a5656ae7e5b0f07f2aa47c7f","0-9b7e35841b94791ea4824056f38148b1c2637d09a6bd940cfb7a2e6f08011f30","1-7c564c64b7728858da4bbb36dd0965dc473958979e1f5a1f550fab2ed41de3e8","root.record.ItemExhibitList.P5Item.CostElementCategoryList.Support.CostElementList.CostElement"
"Raytheon","FL","","","","","","","","","","","","2017-BASE_PROCUREMENT-2017-DEFENSE_DISA-U_PROCUREMENT_JustificationBook_Defense_Information_Systems_Agency_PB_2017.zzz_unzipped-U_PROCUREMENT_JustificationBook_Defense_Information_Systems_Agency_PB_2017.xml","fb221902332d322a3dbca31c563079bae28136d0a5656ae7e5b0f07f2aa47c7f","0-751a804bd230764405c1fab4f075be7776603ef356399bec530c5b82b597ce3e","2-5175aaa466b534edadab644b42f2719b27c5f85f6214bbd15b54a837b91d5113","root.record.ItemExhibitList.P5Item.CostElementCategoryList.Support.CostElementList.CostElement"
"GSM ETI","Various","","","","","","","","","","","","2017-BASE_PROCUREMENT-2017-DEFENSE_DISA-U_PROCUREMENT_MasterJustificationBook_Defense_Information_Systems_Agency_PB_2017.zzz_unzipped-U_PROCUREMENT_MasterJustificationBook_Defense_Information_Systems_Agency_PB_2017.xml","1fc0889224fb914d81c6fc765696fbe12c90ce9f0e5cc1dd755186ceefffc36e","0-6f1ccf660b7f1d4882303dcbec0122614b0c0312c502a972b7cac031f56b20e9","5-c66ee0d64b30bdd476202e47a3c7881cb89b3be202dff5c78ba18b60ef980857","root.record.ItemExhibitList.P5Item.CostElementCategoryList.Support.CostElementList.CostElement"
"Raytheon","FL","","","","","","","","","","","","2017-BASE_PROCUREMENT-2017-DEFENSE_DISA-U_PROCUREMENT_MasterJustificationBook_Defense_Information_Systems_Agency_PB_2017.zzz_unzipped-U_PROCUREMENT_MasterJustificationBook_Defense_Information_Systems_Agency_PB_2017.xml","1fc0889224fb914d81c6fc765696fbe12c90ce9f0e5cc1dd755186ceefffc36e","0-935f470e665c1eca751a9c661835759ba338d8b5def1b7093e168699be109bc3","0-7043939a625841f9f326c8e509238280b29071923b5d0e4d8ee0ccae467bc165","root.record.ItemExhibitList.P5Item.CostElementCategoryList.Support.CostElementList.CostElement"
"Raytheon","FL","","","","","","","","","","","","2017-BASE_PROCUREMENT-2017-DEFENSE_DISA-U_PROCUREMENT_MasterJustificationBook_Defense_Information_Systems_Agency_PB_2017.zzz_unzipped-U_PROCUREMENT_MasterJustificationBook_Defense_Information_Systems_Agency_PB_2017.xml","1fc0889224fb914d81c6fc765696fbe12c90ce9f0e5cc1dd755186ceefffc36e","0-9d5942a6d71200f0cf831726a955a4066e20ea12fd67d52da95491c8fcd7b6d1","0-0bac0c909c37c5c6bc64ee007b2dc2ffafd35f899479eaebb46b6ed30dd9ca8c","root.record.ItemExhibitList.P5Item.CostElementCategoryList.Support.CostElementList.CostElement"
"Raytheon","FL","","","","","","","","","","","","2017-BASE_PROCUREMENT-2017-DEFENSE_DISA-U_PROCUREMENT_MasterJustificationBook_Defense_Information_Systems_Agency_PB_2017.zzz_unzipped-U_PROCUREMENT_MasterJustificationBook_Defense_Information_Systems_Agency_PB_2017.xml","1fc0889224fb914d81c6fc765696fbe12c90ce9f0e5cc1dd755186ceefffc36e","0-92b6762f705ada3a03cc03864902fd950ab3c711cdbb9bd6231ce517cf6957fb","1-ecfbe2daeb8c9ea65f3006196c77d7c123399b0c72493b462fee355ec282e56b","root.record.ItemExhibitList.P5Item.CostElementCategoryList.Support.CostElementList.CostElement"
"Raytheon","FL","","","","","","","","","","","","2017-BASE_PROCUREMENT-2017-DEFENSE_DISA-U_PROCUREMENT_MasterJustificationBook_Defense_Information_Systems_Agency_PB_2017.zzz_unzipped-U_PROCUREMENT_MasterJustificationBook_Defense_Information_Systems_Agency_PB_2017.xml","1fc0889224fb914d81c6fc765696fbe12c90ce9f0e5cc1dd755186ceefffc36e","0-b12e281db351bf1935e0362de3dbd8f2f565ffc5c208e9cffcb9cf06145a2652","2-886fb907b94c994ab3b54fcb94c93c0ab76dd8c679aa71ca70dd3c63b96681c3","root.record.ItemExhibitList.P5Item.CostElementCategoryList.Support.CostElementList.CostElement"
"GSM ETI","Various","","","","","","","","","","","","2017-BASE_PROCUREMENT-2017-DEFENSE_VOL1_ALL-U_PROCUREMENT_MasterJustificationBook_Defense-Wide_PB_2017.zzz_unzipped-U_PROCUREMENT_MasterJustificationBook_Defense-Wide_PB_2017.xml","3fe26018306f06e04ec8c699d42dab94c86644eae13f58780bf2bad0a7a5e6ed","0-99598765957fb4fd7bc2ad3dab2eab4bab9cae44a1dde6314f8e530128fa10bc","5-c030cc55d98d2dec56ebda341ef0dd2694012aeea77e9e9b8fb811360531dec6","root.record.ItemExhibitList.P5Item.CostElementCategoryList.Support.CostElementList.CostElement"
"Raytheon","FL","","","","","","","","","","","","2017-BASE_PROCUREMENT-2017-DEFENSE_VOL1_ALL-U_PROCUREMENT_MasterJustificationBook_Defense-Wide_PB_2017.zzz_unzipped-U_PROCUREMENT_MasterJustificationBook_Defense-Wide_PB_2017.xml","3fe26018306f06e04ec8c699d42dab94c86644eae13f58780bf2bad0a7a5e6ed","0-7567c20d9441455bd949a355f5d4155ad66f3d2dc3dd46dbf078396b17f0e7eb","0-bcb54297b035b6df5e4156437e66519e4fd3f70ea431d34466efee5fa18186a8","root.record.ItemExhibitList.P5Item.CostElementCategoryList.Support.CostElementList.CostElement"
"Raytheon","FL","","","","","","","","","","","","2017-BASE_PROCUREMENT-2017-DEFENSE_VOL1_ALL-U_PROCUREMENT_MasterJustificationBook_Defense-Wide_PB_2017.zzz_unzipped-U_PROCUREMENT_MasterJustificationBook_Defense-Wide_PB_2017.xml","3fe26018306f06e04ec8c699d42dab94c86644eae13f58780bf2bad0a7a5e6ed","0-b0b8ac9a43c82f267acb483876cdf870b8eba3da265324c9ee95b11c93a91a9a","0-de080f9ee715f7006ebb8f09fb048ec2271d08982dd4b2bc63e2657626969393","root.record.ItemExhibitList.P5Item.CostElementCategoryList.Support.CostElementList.CostElement"
"Raytheon","FL","","","","","","","","","","","","2017-BASE_PROCUREMENT-2017-DEFENSE_VOL1_ALL-U_PROCUREMENT_MasterJustificationBook_Defense-Wide_PB_2017.zzz_unzipped-U_PROCUREMENT_MasterJustificationBook_Defense-Wide_PB_2017.xml","3fe26018306f06e04ec8c699d42dab94c86644eae13f58780bf2bad0a7a5e6ed","0-68759e572e051177e613b7696457b537a5739b3924675076e440f2d8f502022d","1-b9988fccf4f0cc25ab7e593d564ad7b4e30bae0394ecca42678778d35a669edd","root.record.ItemExhibitList.P5Item.CostElementCategoryList.Support.CostElementList.CostElement"
"Raytheon","FL","","","","","","","","","","","","2017-BASE_PROCUREMENT-2017-DEFENSE_VOL1_ALL-U_PROCUREMENT_MasterJustificationBook_Defense-Wide_PB_2017.zzz_unzipped-U_PROCUREMENT_MasterJustificationBook_Defense-Wide_PB_2017.xml","3fe26018306f06e04ec8c699d42dab94c86644eae13f58780bf2bad0a7a5e6ed","0-4d723b29bb9d5defdf610382564b953f6d1766e1b9f0b9b07f26d5b54c29a814","2-b031e730bceb119695a48a81250e4e1fab3fba046fc3ad10b3aa955ae6d47830","root.record.ItemExhibitList.P5Item.CostElementCategoryList.Support.CostElementList.CostElement"
"Lockheed Martin","Sunnyvale, CA","12","24","18","9","1","37","38","9","1","37","38","2017-BASE_PROCUREMENT-2017-NAVY_WEAPONS-U_PROCUREMENT_JustificationBook_Navy_PB_2017.zzz_unzipped-U_PROCUREMENT_JustificationBook_Navy_PB_2017.xml","38ff7797f221e83b6fee70eaeaeafec069af19d9b0da2fd7a89ee07a3a9df75e","0-eb2c5abdef4e08a0055152a4168366546598d1c42db0d81a62f0a5472640a463","0-453e8dc90501c904f54896d483eda70e93a5aff7e4fadb21cff93458c0efdbef","root.record.ItemExhibitList.P5Item.CostElementCategoryList.Support.CostElementList.CostElement"
"Lockheed Martin","Sunnyvale, CA","12","24","18","9","1","37","38","9","1","37","38","2017-BASE_PROCUREMENT-2017-NAVY_WEAPONS-U_PROCUREMENT_JustificationBook_Navy_PB_2017.zzz_unzipped-U_PROCUREMENT_JustificationBook_Navy_PB_2017.xml","38ff7797f221e83b6fee70eaeaeafec069af19d9b0da2fd7a89ee07a3a9df75e","0-e0feadb3709e934aefebb6d0c3f44ea2edacab14b39706b24a8dd7b521c8818a","1-e41e2a7a5db7705c1b1a3e71532401f1f69c522efadc7b51b6ce3dd1073ec0f5","root.record.ItemExhibitList.P5Item.CostElementCategoryList.Support.CostElementList.CostElement"
"Lockheed Martin","Sunnyvale, CA","12","24","18","9","1","37","38","9","1","37","38","2017-BASE_PROCUREMENT-2017-NAVY_WEAPONS-U_PROCUREMENT_MasterJustificationBook_Navy_PB_2017.zzz_unzipped-U_PROCUREMENT_MasterJustificationBook_Navy_PB_2017.xml","a89bef2b7f5cfdde47606d05c9640d7a2523bdf280da00393b8712516b53efad","0-07d39852774e745096233750794bf728b2e36f7f3cd7fa7089be59f1f1d2e242","0-d297de1b7f2f564d88e1f40d77e4af84a0262889b0ef46b81f9c1a7dba327ef1","root.record.ItemExhibitList.P5Item.CostElementCategoryList.Support.CostElementList.CostElement"
"Lockheed Martin","Sunnyvale, CA","12","24","18","9","1","37","38","9","1","37","38","2017-BASE_PROCUREMENT-2017-NAVY_WEAPONS-U_PROCUREMENT_MasterJustificationBook_Navy_PB_2017.zzz_unzipped-U_PROCUREMENT_MasterJustificationBook_Navy_PB_2017.xml","a89bef2b7f5cfdde47606d05c9640d7a2523bdf280da00393b8712516b53efad","0-6ab03cc316c264e67ec87b36c51fafc507d490a39301f2d3277dda62d7060d08","1-7c2d2a80e8a5da007475ca196a83764d5c3b101e6ff98dfdc3937d4950cdfb6c","root.record.ItemExhibitList.P5Item.CostElementCategoryList.Support.CostElementList.CostElement"
"PM I3C2","Ft. Belvoir, VA","","","","0","0","0","0","0","0","0","0","2018-BASE_PROCUREMENT-2018-ARMY_OTHER_2-U_PROCUREMENT_JustificationBook_Army_PB_2018.zzz_unzipped-U_PROCUREMENT_JustificationBook_Army_PB_2018.xml","4fcec47d2ef2c5e454ef51ea8d74e89b75e63959a68d7baa4c0a97b8a1fc8c6e","0-24a5650d536daee0b55f7da77ebb4182752dcc33e91dd6d30dcce8068215ae70","0-506a327f6c98acf5badcf26bf97bd3e0398f46156417b747c3d8781b7e7cc29b","root.record.ItemExhibitList.P5Item.CostElementCategoryList.Support.CostElementList.CostElement"
"PM I3C2","Ft. Belvoir, VA","","","","0","0","0","0","0","0","0","0","2018-BASE_PROCUREMENT-2018-ARMY_OTHER_2-U_PROCUREMENT_JustificationBook_Army_PB_2018.zzz_unzipped-U_PROCUREMENT_JustificationBook_Army_PB_2018.xml","4fcec47d2ef2c5e454ef51ea8d74e89b75e63959a68d7baa4c0a97b8a1fc8c6e","0-aa17c6ed6576d7d2c6a86a3b2e344cd46bc4be4cd1c8f2ff3c9993c9d9f5a2cb","0-3c201b4a021c4178f0a167130e33de9cecbeaa9d689461689a323847b0813ddb","root.record.ItemExhibitList.P5Item.CostElementCategoryList.Support.CostElementList.CostElement"
"TBD","TBD","","","","0","0","0","0","0","0","0","0","2018-BASE_PROCUREMENT-2018-ARMY_OTHER_2-U_PROCUREMENT_JustificationBook_Army_PB_2018.zzz_unzipped-U_PROCUREMENT_JustificationBook_Army_PB_2018.xml","38c294167c355d339a8ccea624e0b0643e68457c11866b2b886992043516b63d","0-04dcf87bbcf57e6a073c86ffe8835df3bf17e89f53878bb42ad2790a23a9eb10","0-82d191589209c3727300f776af0ba06ec60c8dae7455a52f4bf8d9d4387b7637","root.record.ItemExhibitList.P5Item.CostElementCategoryList.Support.CostElementList.CostElement"
"Lockheed Martin Corporation","Orlando","","","","","","","","","","","","2018-BASE_PROCUREMENT-2018-ARMY_OTHER_3-U_PROCUREMENT_JustificationBook_Army_PB_2018.zzz_unzipped-U_PROCUREMENT_JustificationBook_Army_PB_2018.xml","e1e9137e14aa038d5610c38fd80342be292928310c6f28808f3780d47d4ae08f","0-22354720bb330a3919f24d22f945e2bb86b3eab0b54fa772e20c13290df15d88","2-be563332e259c2ea02c62c41a48ed38640f2455583e13ac68da041672fc1b5a1","root.record.ItemExhibitList.P5Item.CostElementCategoryList.Support.CostElementList.CostElement"
"VARIOUS","VARIOUS","","","","","","","","","","","","2018-BASE_PROCUREMENT-2018-DEFENSE_DISA-U_PROCUREMENT_JustificationBook_Defense_Information_Systems_Agency_PB_2018.zzz_unzipped-U_PROCUREMENT_JustificationBook_Defense_Information_Systems_Agency_PB_2018.xml","2aba1962b4cb1e864353ef939063c21a367c6f82c8e11e2473b49ac42503d201","0-1dc13c0780c02acc37638ca64834f4e0b7d554c286bda00b066cdf10d7680b1c","0-bdf27b6d06dc457e72eb4c4f12223cd9a4ac7878ef296240b8c1c285555684c4","root.record.ItemExhibitList.P5Item.CostElementCategoryList.Support.CostElementList.CostElement"
"Raytheon","FL","","","","","","","","","","","","2018-BASE_PROCUREMENT-2018-DEFENSE_DISA-U_PROCUREMENT_JustificationBook_Defense_Information_Systems_Agency_PB_2018.zzz_unzipped-U_PROCUREMENT_JustificationBook_Defense_Information_Systems_Agency_PB_2018.xml","74fbd88062e94fafe3b2a2f641200d29fa65a16858067f91a872874813013009","0-2924037c9e9fedf397ce544f8dd17aada6a5f38dedfff6d71ef979c29d964dad","0-137a4d6bcbc71621045ee98dee61841e1e0e5a87e04583d42e185966caa66d20","root.record.ItemExhibitList.P5Item.CostElementCategoryList.Support.CostElementList.CostElement"
"Raytheon","FL","","","","","","","","","","","","2018-BASE_PROCUREMENT-2018-DEFENSE_DISA-U_PROCUREMENT_JustificationBook_Defense_Information_Systems_Agency_PB_2018.zzz_unzipped-U_PROCUREMENT_JustificationBook_Defense_Information_Systems_Agency_PB_2018.xml","74fbd88062e94fafe3b2a2f641200d29fa65a16858067f91a872874813013009","0-ff37c5d18a339755d38e67b739608e57eb0fa8052c61aea34abe14e27735da15","0-87238585c07e52360ebf312d866297992dc845dc0258bd967d3e57786424f6cf","root.record.ItemExhibitList.P5Item.CostElementCategoryList.Support.CostElementList.CostElement"
"Raytheon","FL","","","","","","","","","","","","2018-BASE_PROCUREMENT-2018-DEFENSE_DISA-U_PROCUREMENT_JustificationBook_Defense_Information_Systems_Agency_PB_2018.zzz_unzipped-U_PROCUREMENT_JustificationBook_Defense_Information_Systems_Agency_PB_2018.xml","74fbd88062e94fafe3b2a2f641200d29fa65a16858067f91a872874813013009","0-a9ea9922ee5de9a53c37389b44aebacb77b45dbcba03bff8806dc4581871bb9e","1-5507985c06c237fadc33f0c2259d13bdba20673201156cb2d7dbb47aa7ae0055","root.record.ItemExhibitList.P5Item.CostElementCategoryList.Support.CostElementList.CostElement"
"Raytheon","FL","","","","","","","","","","","","2018-BASE_PROCUREMENT-2018-DEFENSE_DISA-U_PROCUREMENT_JustificationBook_Defense_Information_Systems_Agency_PB_2018.zzz_unzipped-U_PROCUREMENT_JustificationBook_Defense_Information_Systems_Agency_PB_2018.xml","74fbd88062e94fafe3b2a2f641200d29fa65a16858067f91a872874813013009","0-2c1530d4c7e177111511d41f2c4e7d43f6ca3db59664bbbf9f63de887118a3ab","2-6b3e7bd57d1b9a8ebf0597e6154fde4b77b6a600ed4a55b6e074919fb8e62bda","root.record.ItemExhibitList.P5Item.CostElementCategoryList.Support.CostElementList.CostElement"
"VARIOUS","VARIOUS","","","","","","","","","","","","2018-BASE_PROCUREMENT-2018-DEFENSE_DISA-U_PROCUREMENT_MasterJustificationBook_Defense_Information_Systems_Agency_PB_2018.zzz_unzipped-U_PROCUREMENT_MasterJustificationBook_Defense_Information_Systems_Agency_PB_2018.xml","1ff22ba33938fd2d5a82da54e28e981588485e425458022ea70223649689dc3b","0-436d3effe1e0691083e3d409227822064f3561201153af0da4dbfadb98bafd26","0-50c9e8f8a5c2b451960066699161698764ac947ca35e8c8a86ad97b51a81d6e4","root.record.ItemExhibitList.P5Item.CostElementCategoryList.Support.CostElementList.CostElement"
"Raytheon","FL","","","","","","","","","","","","2018-BASE_PROCUREMENT-2018-DEFENSE_DISA-U_PROCUREMENT_MasterJustificationBook_Defense_Information_Systems_Agency_PB_2018.zzz_unzipped-U_PROCUREMENT_MasterJustificationBook_Defense_Information_Systems_Agency_PB_2018.xml","4ff2116b0755a8b49a77000707e1b818b753a14c33d83734d9a6c7c985375a75","0-f897e2d1c94a75946ec5e0882a9a96fb12edaca8403b835b842f68511b2f53b8","0-33348eb4b93ab7bfa37f378b41067b7f4eddd8dd077e2fc6319a92ddd967f2cd","root.record.ItemExhibitList.P5Item.CostElementCategoryList.Support.CostElementList.CostElement"
"Raytheon","FL","","","","","","","","","","","","2018-BASE_PROCUREMENT-2018-DEFENSE_DISA-U_PROCUREMENT_MasterJustificationBook_Defense_Information_Systems_Agency_PB_2018.zzz_unzipped-U_PROCUREMENT_MasterJustificationBook_Defense_Information_Systems_Agency_PB_2018.xml","4ff2116b0755a8b49a77000707e1b818b753a14c33d83734d9a6c7c985375a75","0-be9daa3605ebbd7a0937615aa39156a481d2fe4a8a2e901523e654c650926271","0-9b31f2d5977c404b662a188eede1df17f6b0383f1686560b5504f0cf91524e64","root.record.ItemExhibitList.P5Item.CostElementCategoryList.Support.CostElementList.CostElement"
"Raytheon","FL","","","","","","","","","","","","2018-BASE_PROCUREMENT-2018-DEFENSE_DISA-U_PROCUREMENT_MasterJustificationBook_Defense_Information_Systems_Agency_PB_2018.zzz_unzipped-U_PROCUREMENT_MasterJustificationBook_Defense_Information_Systems_Agency_PB_2018.xml","4ff2116b0755a8b49a77000707e1b818b753a14c33d83734d9a6c7c985375a75","0-0955673338c48a7dba8cec28058335c7f925c14d46077db208a9815fb965da26","1-04d1ddaf47ab8f6eac7ad9a4c19e8c33c935b30b5dd257b00c092729eb35d858","root.record.ItemExhibitList.P5Item.CostElementCategoryList.Support.CostElementList.CostElement"
"Raytheon","FL","","","","","","","","","","","","2018-BASE_PROCUREMENT-2018-DEFENSE_DISA-U_PROCUREMENT_MasterJustificationBook_Defense_Information_Systems_Agency_PB_2018.zzz_unzipped-U_PROCUREMENT_MasterJustificationBook_Defense_Information_Systems_Agency_PB_2018.xml","4ff2116b0755a8b49a77000707e1b818b753a14c33d83734d9a6c7c985375a75","0-29e1b10254ed55b57a245120c373bf04373813b68d1636e8b53e56c139de22bc","2-2ec44cbf4e5e323f3bcd0ff4ffe51de3a2c304a6735301685242f3349f500524","root.record.ItemExhibitList.P5Item.CostElementCategoryList.Support.CostElementList.CostElement"
"VARIOUS","VARIOUS","","","","","","","","","","","","2018-BASE_PROCUREMENT-2018-DEFENSE_VOL1_ALL-U_PROCUREMENT_MasterJustificationBook_Defense-Wide_PB_2018.zzz_unzipped-U_PROCUREMENT_MasterJustificationBook_Defense-Wide_PB_2018.xml","a10fd304ea1af2401ea1f5e3423a2d62d700eed684615bd75677b30ac02d9053","0-b22316a395411766355f94f180804137f4b13f13c6e92eb0da8e6349d09763bb","0-5383b9fe6e323d2b066cb6727c513e378f0acef6b5244f0084f8a873df7a98f4","root.record.ItemExhibitList.P5Item.CostElementCategoryList.Support.CostElementList.CostElement"
"Raytheon","FL","","","","","","","","","","","","2018-BASE_PROCUREMENT-2018-DEFENSE_VOL1_ALL-U_PROCUREMENT_MasterJustificationBook_Defense-Wide_PB_2018.zzz_unzipped-U_PROCUREMENT_MasterJustificationBook_Defense-Wide_PB_2018.xml","043f4ecebd906d7d16aa3bb394ad4cacbbe9e78ae1f4ea044c0a41463db188ab","0-3cdb274c99905e2bb70eff1dca9a253baaa6414ff31f0f9240e42a262d1dccc3","0-a15dd86dd88176f757730f3436cb4e381e4df5bc8a03b199d449d6f24ea40004","root.record.ItemExhibitList.P5Item.CostElementCategoryList.Support.CostElementList.CostElement"
"Raytheon","FL","","","","","","","","","","","","2018-BASE_PROCUREMENT-2018-DEFENSE_VOL1_ALL-U_PROCUREMENT_MasterJustificationBook_Defense-Wide_PB_2018.zzz_unzipped-U_PROCUREMENT_MasterJustificationBook_Defense-Wide_PB_2018.xml","043f4ecebd906d7d16aa3bb394ad4cacbbe9e78ae1f4ea044c0a41463db188ab","0-0444a5fd86354e90e6b102a58a3f9d61cb117ecda47ead789b52875ecc012274","0-8e3f1b0a4633369d31919acc9da6140fc08cec0b6811434cb562b520c7119893","root.record.ItemExhibitList.P5Item.CostElementCategoryList.Support.CostElementList.CostElement"
"Raytheon","FL","","","","","","","","","","","","2018-BASE_PROCUREMENT-2018-DEFENSE_VOL1_ALL-U_PROCUREMENT_MasterJustificationBook_Defense-Wide_PB_2018.zzz_unzipped-U_PROCUREMENT_MasterJustificationBook_Defense-Wide_PB_2018.xml","043f4ecebd906d7d16aa3bb394ad4cacbbe9e78ae1f4ea044c0a41463db188ab","0-9c69048ab60d604e17c5a3f154c0ab50d2b10c1655844974c7658ec29b50b721","1-f41bbd949710c7f6453ac8afe58411c139d8c7262b3156f08b3cd4102ac22aa6","root.record.ItemExhibitList.P5Item.CostElementCategoryList.Support.CostElementList.CostElement"
"Raytheon","FL","","","","","","","","","","","","2018-BASE_PROCUREMENT-2018-DEFENSE_VOL1_ALL-U_PROCUREMENT_MasterJustificationBook_Defense-Wide_PB_2018.zzz_unzipped-U_PROCUREMENT_MasterJustificationBook_Defense-Wide_PB_2018.xml","043f4ecebd906d7d16aa3bb394ad4cacbbe9e78ae1f4ea044c0a41463db188ab","0-c8664ca9f4eea037f715467c7a79a422ff56c4873e60d48a5941e4cbbd75a8f4","2-c64d8e4cf5edc6a24dcc2e1f1520105d648bf5ce1f92b67d7d4a9af7a3ca2575","root.record.ItemExhibitList.P5Item.CostElementCategoryList.Support.CostElementList.CostElement"
"Lockheed Martin","Sunnyvale, CA","12","24","18","9","1","37","38","9","1","37","38","2018-BASE_PROCUREMENT-2018-NAVY_WEAPONS-U_PROCUREMENT_JustificationBook_Navy_PB_2018.zzz_unzipped-U_PROCUREMENT_JustificationBook_Navy_PB_2018.xml","fdc977eee8ba24a0c8dabb17aa575496669213c23cd9d4995e1f6d3ea552ceb7","0-831a182ad231e9f32bb577f195e9fd16d6d9d45386bdf2f907db80ce4ccf3f77","0-66780243447ac5b1163652501feb62e8eb8761ad2358ea19d95ef60204b46dbf","root.record.ItemExhibitList.P5Item.CostElementCategoryList.Support.CostElementList.CostElement"
"Lockheed Martin","Sunnyvale, CA","12","24","18","9","1","37","38","9","1","37","38","2018-BASE_PROCUREMENT-2018-NAVY_WEAPONS-U_PROCUREMENT_JustificationBook_Navy_PB_2018.zzz_unzipped-U_PROCUREMENT_JustificationBook_Navy_PB_2018.xml","fdc977eee8ba24a0c8dabb17aa575496669213c23cd9d4995e1f6d3ea552ceb7","0-7f603c380367b33ebee3fc709ebc4ba0e7d56045c1f84273f9acea96f80f7923","1-d48d951ffbda2a1158a8f319ca513134c23d1401f49208b759b10f9c95c97a31","root.record.ItemExhibitList.P5Item.CostElementCategoryList.Support.CostElementList.CostElement"
"Lockheed Martin","Sunnyvale, CA","12","24","18","9","1","37","38","9","1","37","38","2018-BASE_PROCUREMENT-2018-NAVY_WEAPONS-U_PROCUREMENT_MasterJustificationBook_Navy_PB_2018.zzz_unzipped-U_PROCUREMENT_MasterJustificationBook_Navy_PB_2018.xml","08a0673ab129ade45b165d87689b204b5fb53675a0f4ac5affbba7c828124732","0-be43904d570a1fa8e210613047c66a4cfaf5469b34b26bc59c16dff2bbe8c293","0-a9186dbbd9ee302031e7d3857aa8bd0d2743560dbb4a3c091af1d66e147c54d4","root.record.ItemExhibitList.P5Item.CostElementCategoryList.Support.CostElementList.CostElement"
"Lockheed Martin","Sunnyvale, CA","12","24","18","9","1","37","38","9","1","37","38","2018-BASE_PROCUREMENT-2018-NAVY_WEAPONS-U_PROCUREMENT_MasterJustificationBook_Navy_PB_2018.zzz_unzipped-U_PROCUREMENT_MasterJustificationBook_Navy_PB_2018.xml","08a0673ab129ade45b165d87689b204b5fb53675a0f4ac5affbba7c828124732","0-ca218923c933bd201669cfd7bc59ebb0dbdefd462f4d0b49b6d4945c313978ac","1-9c18ed4857c583baf3f4c56474c8775b3d808ac6b1ad3f6eac1d91c15e8d7d45","root.record.ItemExhibitList.P5Item.CostElementCategoryList.Support.CostElementList.CostElement"
"FN MANUFACTURING","COLUMBIA, SC","0.00","0.00","0.00","0","0","0","0","0","0","0","0","2019-BASE_PROCUREMENT-2019-AIRFORCE_AMMUNITION-U_PROCUREMENT_JustificationBook_Air_Force_PB_2019.zzz_unzipped-U_PROCUREMENT_JustificationBook_Air_Force_PB_2019.xml","948340796190edae4b7d09a84a23e6c0f1e8d2da5a93e04cbdddc3e0a25eeec6","0-0648a1bb0f1c9c166743cd11fbc154f86c8620e2669c159caa7de02ec44bff53","0-9dd92b495fd78e4fd7fbac2524636a5fec318b66b774b9edf5a2c3c2cc61172b","root.record.ItemExhibitList.P5Item.CostElementCategoryList.Support.CostElementList.CostElement"
"FN MANUFACTURING","COLIMBIA, SC","0.00","0.00","0.00","0","0","0","0","0","0","0","0","2019-BASE_PROCUREMENT-2019-AIRFORCE_AMMUNITION-U_PROCUREMENT_JustificationBook_Air_Force_PB_2019.zzz_unzipped-U_PROCUREMENT_JustificationBook_Air_Force_PB_2019.xml","948340796190edae4b7d09a84a23e6c0f1e8d2da5a93e04cbdddc3e0a25eeec6","1-cfcb39786da88960227fb6b95f2aa80410ddb8d9f18b08c8c000dac75da04405","0-9dd92b495fd78e4fd7fbac2524636a5fec318b66b774b9edf5a2c3c2cc61172b","root.record.ItemExhibitList.P5Item.CostElementCategoryList.Support.CostElementList.CostElement"
"COLT DEFENSE LLC","WEST HARTFORD, CT","0.00","0.00","0.00","0","0","0","0","0","0","0","0","2019-BASE_PROCUREMENT-2019-AIRFORCE_AMMUNITION-U_PROCUREMENT_JustificationBook_Air_Force_PB_2019.zzz_unzipped-U_PROCUREMENT_JustificationBook_Air_Force_PB_2019.xml","948340796190edae4b7d09a84a23e6c0f1e8d2da5a93e04cbdddc3e0a25eeec6","2-ccda5d4938c2f66251176b2b5d91e886e3aa0c80e348274db3a790600b01ef9a","0-9dd92b495fd78e4fd7fbac2524636a5fec318b66b774b9edf5a2c3c2cc61172b","root.record.ItemExhibitList.P5Item.CostElementCategoryList.Support.CostElementList.CostElement"
"TBD","TBD","0.00","0.00","0.00","0","0","0","0","0","0","0","0","2019-BASE_PROCUREMENT-2019-AIRFORCE_AMMUNITION-U_PROCUREMENT_JustificationBook_Air_Force_PB_2019.zzz_unzipped-U_PROCUREMENT_JustificationBook_Air_Force_PB_2019.xml","948340796190edae4b7d09a84a23e6c0f1e8d2da5a93e04cbdddc3e0a25eeec6","3-1243417adde1fd07f14cf1f1ad8560fa17cca63bb3b1cc716903c005827b63fb","0-9dd92b495fd78e4fd7fbac2524636a5fec318b66b774b9edf5a2c3c2cc61172b","root.record.ItemExhibitList.P5Item.CostElementCategoryList.Support.CostElementList.CostElement"
"FN MANUFACTURING","COLUMBIA, SC","0.00","0.00","0.00","0","0","0","0","0","0","0","0","2019-BASE_PROCUREMENT-2019-AIRFORCE_AMMUNITION-U_PROCUREMENT_MasterJustificationBook_Air_Force_PB_2019.zzz_unzipped-U_PROCUREMENT_MasterJustificationBook_Air_Force_PB_2019.xml","5eb932eec80633e31db3e36e2444efa3425816690f6ea7ac7f2cdb928901e9a5","0-ec326a0a75e256ec2210bdea84f6d0865879bc0d65932a4f45cdc33b80ee4086","0-e791f77adbfba0949c890457ab54fd321b14c816186211634e12666b662e8ef3","root.record.ItemExhibitList.P5Item.CostElementCategoryList.Support.CostElementList.CostElement"
"FN MANUFACTURING","COLIMBIA, SC","0.00","0.00","0.00","0","0","0","0","0","0","0","0","2019-BASE_PROCUREMENT-2019-AIRFORCE_AMMUNITION-U_PROCUREMENT_MasterJustificationBook_Air_Force_PB_2019.zzz_unzipped-U_PROCUREMENT_MasterJustificationBook_Air_Force_PB_2019.xml","5eb932eec80633e31db3e36e2444efa3425816690f6ea7ac7f2cdb928901e9a5","1-15079114662f21b04a289569cb25e20c89adafe2d9b2b7c089da64cd589cbf6d","0-e791f77adbfba0949c890457ab54fd321b14c816186211634e12666b662e8ef3","root.record.ItemExhibitList.P5Item.CostElementCategoryList.Support.CostElementList.CostElement"
"COLT DEFENSE LLC","WEST HARTFORD, CT","0.00","0.00","0.00","0","0","0","0","0","0","0","0","2019-BASE_PROCUREMENT-2019-AIRFORCE_AMMUNITION-U_PROCUREMENT_MasterJustificationBook_Air_Force_PB_2019.zzz_unzipped-U_PROCUREMENT_MasterJustificationBook_Air_Force_PB_2019.xml","5eb932eec80633e31db3e36e2444efa3425816690f6ea7ac7f2cdb928901e9a5","2-33562e7895ef6738e2fc2f83b9f53e3248528d0c7dcfb9119d04d08b2ec9439b","0-e791f77adbfba0949c890457ab54fd321b14c816186211634e12666b662e8ef3","root.record.ItemExhibitList.P5Item.CostElementCategoryList.Support.CostElementList.CostElement"
"TBD","TBD","0.00","0.00","0.00","0","0","0","0","0","0","0","0","2019-BASE_PROCUREMENT-2019-AIRFORCE_AMMUNITION-U_PROCUREMENT_MasterJustificationBook_Air_Force_PB_2019.zzz_unzipped-U_PROCUREMENT_MasterJustificationBook_Air_Force_PB_2019.xml","5eb932eec80633e31db3e36e2444efa3425816690f6ea7ac7f2cdb928901e9a5","3-55cf38db60adc95b4c7bc7fad7f714f5cb6f885c15589a5dbf13d8ee61eb5cde","0-e791f77adbfba0949c890457ab54fd321b14c816186211634e12666b662e8ef3","root.record.ItemExhibitList.P5Item.CostElementCategoryList.Support.CostElementList.CostElement"
"NAVSURFWARCENDIV","Crane, Indiana","0.00","0.00","0.00","0","0","0","0","0","0","0","0","2019-BASE_PROCUREMENT-2019-AIRFORCE_OTHER-U_PROCUREMENT_JustificationBook_Air_Force_PB_2019.zzz_unzipped-U_PROCUREMENT_JustificationBook_Air_Force_PB_2019.xml","cfe39698d6a55296019381ae6433583029de5e5830566a5d01d614d183d01876","0-618210a295d293b2fb2ebce879b14087b19cfe8162d5e2ab29d5817f94d04f8e","0-3c9571c11aac2fb15c91db6d6aec101230d839ccfd7aff61575e1b8681b95daf","root.record.ItemExhibitList.P5Item.CostElementCategoryList.Support.CostElementList.CostElement"
"Various","AFLCMC Hanscom AFB","0.00","0.00","0.00","0","0","0","0","0","0","0","0","2019-BASE_PROCUREMENT-2019-AIRFORCE_OTHER-U_PROCUREMENT_JustificationBook_Air_Force_PB_2019.zzz_unzipped-U_PROCUREMENT_JustificationBook_Air_Force_PB_2019.xml","cfe39698d6a55296019381ae6433583029de5e5830566a5d01d614d183d01876","0-ea05b30400c5ad59e2d45fb02c5aca1de5ccb371ba432013aa2bad11ecc9a5db","1-106acde2795457c63e98a3a9a9c816146da63bafecc3cb9c14be1acd4b64c036","root.record.ItemExhibitList.P5Item.CostElementCategoryList.Support.CostElementList.CostElement"
"Multiple","Multiple","0.00","0.00","0.00","0","0","0","0","0","0","0","0","2019-BASE_PROCUREMENT-2019-AIRFORCE_OTHER-U_PROCUREMENT_JustificationBook_Air_Force_PB_2019.zzz_unzipped-U_PROCUREMENT_JustificationBook_Air_Force_PB_2019.xml","cfe39698d6a55296019381ae6433583029de5e5830566a5d01d614d183d01876","0-bcfeeb49b0917b08895ddb3b84fd6b008314b2ae2eb4ae434c73c229eee96ad9","0-1d0dc66cb4dc5af5bd488f3e79a683c16c6d1aed602fdf4220104b4f4626abbf","root.record.ItemExhibitList.P5Item.CostElementCategoryList.Support.CostElementList.CostElement"
"Multiple","Multiple","0.00","0.00","0.00","0","0","0","0","0","0","0","0","2019-BASE_PROCUREMENT-2019-AIRFORCE_OTHER-U_PROCUREMENT_JustificationBook_Air_Force_PB_2019.zzz_unzipped-U_PROCUREMENT_JustificationBook_Air_Force_PB_2019.xml","cfe39698d6a55296019381ae6433583029de5e5830566a5d01d614d183d01876","0-5f53fc887bee4c54e1a1b18c1e4beb4e554456c18209522b6dccc2b9b1f4d754","1-15dd7799fae2f688d9c3015d4ab8bc50231a7de8b9f4828692296b5c3baa6b59","root.record.ItemExhibitList.P5Item.CostElementCategoryList.Support.CostElementList.CostElement"
"NAVSURFWARCENDIV","Crane, Indiana","0.00","0.00","0.00","0","0","0","0","0","0","0","0","2019-BASE_PROCUREMENT-2019-AIRFORCE_OTHER-U_PROCUREMENT_MasterJustificationBook_Air_Force_PB_2019.zzz_unzipped-U_PROCUREMENT_MasterJustificationBook_Air_Force_PB_2019.xml","53cb469a7481a4b0f0732b4848d7b1f8bc62be3d4a4eb7fdf65b19b837eb91e9","0-45b42c6372733ccc4164d42ce787c204d0c944afb0819b49f6425b428cd64ec7","0-00aadf632fe45efc2f0e261c8eeb70b8a93ba9a43ff8141290302d274e2f5a93","root.record.ItemExhibitList.P5Item.CostElementCategoryList.Support.CostElementList.CostElement"
"Various","AFLCMC Hanscom AFB","0.00","0.00","0.00","0","0","0","0","0","0","0","0","2019-BASE_PROCUREMENT-2019-AIRFORCE_OTHER-U_PROCUREMENT_MasterJustificationBook_Air_Force_PB_2019.zzz_unzipped-U_PROCUREMENT_MasterJustificationBook_Air_Force_PB_2019.xml","53cb469a7481a4b0f0732b4848d7b1f8bc62be3d4a4eb7fdf65b19b837eb91e9","0-235f9893f859edb0fcb40bd7b53ee146ade8b3f04a3ff45743621bbd880c244b","1-b86917530210eb7e3be6b84bc0d648f7167c074e9f14edb85371ccdcc925728c","root.record.ItemExhibitList.P5Item.CostElementCategoryList.Support.CostElementList.CostElement"
"Multiple","Multiple","0.00","0.00","0.00","0","0","0","0","0","0","0","0","2019-BASE_PROCUREMENT-2019-AIRFORCE_OTHER-U_PROCUREMENT_MasterJustificationBook_Air_Force_PB_2019.zzz_unzipped-U_PROCUREMENT_MasterJustificationBook_Air_Force_PB_2019.xml","53cb469a7481a4b0f0732b4848d7b1f8bc62be3d4a4eb7fdf65b19b837eb91e9","0-af322faaa1aef55f679fddca96dc08695fe14e0329528ab384a99015d461ee78","0-b521d2cd0843cb1733dc7c82f7def6a45e730dc11f5d45a1aeadff91f4963141","root.record.ItemExhibitList.P5Item.CostElementCategoryList.Support.CostElementList.CostElement"
"Multiple","Multiple","0.00","0.00","0.00","0","0","0","0","0","0","0","0","2019-BASE_PROCUREMENT-2019-AIRFORCE_OTHER-U_PROCUREMENT_MasterJustificationBook_Air_Force_PB_2019.zzz_unzipped-U_PROCUREMENT_MasterJustificationBook_Air_Force_PB_2019.xml","53cb469a7481a4b0f0732b4848d7b1f8bc62be3d4a4eb7fdf65b19b837eb91e9","0-80a5f543be14fdb8c7da4df924b76c72d69743bc240f656d11e11c1054d1f347","1-406efe735a29c26c876ba7075265955b82e3e1aae9a79d406e23f425162810b5","root.record.ItemExhibitList.P5Item.CostElementCategoryList.Support.CostElementList.CostElement"
"PM I3C2","Ft. Belvoir, VA","","","","","","","","","","","","2019-BASE_PROCUREMENT-2019-ARMY_OTHER_2-U_PROCUREMENT_JustificationBook_Army_PB_2019.zzz_unzipped-U_PROCUREMENT_JustificationBook_Army_PB_2019.xml","16460c7c27924b372086b35662e9cdf675b9a832b575627291fc52fa6c982e98","0-378c8360c329c975f6c5117e269d393a901d766847cceede7e4fd804fcae901e","0-6fb04150bc463726e27020dd88b6e14abd27f2eb1ef80e99d0f9d423a96556cd","root.record.ItemExhibitList.P5Item.CostElementCategoryList.Support.CostElementList.CostElement"
"PM I3C2","Ft. Belvoir, VA","","","","","","","","","","","","2019-BASE_PROCUREMENT-2019-ARMY_OTHER_2-U_PROCUREMENT_JustificationBook_Army_PB_2019.zzz_unzipped-U_PROCUREMENT_JustificationBook_Army_PB_2019.xml","16460c7c27924b372086b35662e9cdf675b9a832b575627291fc52fa6c982e98","0-0a2b87ef8edada7847bafaa8cf6b3eff7c3877ace76fa19b02a22aeef4ffdbcd","0-ed56d115f20ac633214017898d04edb4e8e3eb95e1c6452df651e6c6ef4071f7","root.record.ItemExhibitList.P5Item.CostElementCategoryList.Support.CostElementList.CostElement"
"Raytheon","FL","","","","","","","","","","","","2019-BASE_PROCUREMENT-2019-DEFENSE_DISA-U_PROCUREMENT_JustificationBook_Defense_Information_Systems_Agency_PB_2019.zzz_unzipped-U_PROCUREMENT_JustificationBook_Defense_Information_Systems_Agency_PB_2019.xml","b0ae57b56222cb80b515622e835e990f4de01f0bba897023f6aa38870c1742d2","0-b2a3fdbdd0adefbb754b4bf0680c626f3f417e6c7f444d3af743f11268d607de","0-b8b212683231b558ae7506b96ac005d035d2c435349775ccc204291170ca62e4","root.record.ItemExhibitList.P5Item.CostElementCategoryList.Support.CostElementList.CostElement"
"Raytheon","FL","","","","","","","","","","","","2019-BASE_PROCUREMENT-2019-DEFENSE_DISA-U_PROCUREMENT_JustificationBook_Defense_Information_Systems_Agency_PB_2019.zzz_unzipped-U_PROCUREMENT_JustificationBook_Defense_Information_Systems_Agency_PB_2019.xml","b0ae57b56222cb80b515622e835e990f4de01f0bba897023f6aa38870c1742d2","0-66ee717dc4f4e248a2aab609b6ab974ba85860e78da5126e78b3d9e40d90c6ad","0-1d8ea9167a0b891971b4dd5ff0aaf6ef20ffcd935747be2802323c51eb8522c1","root.record.ItemExhibitList.P5Item.CostElementCategoryList.Support.CostElementList.CostElement"
"Raytheon","FL","","","","","","","","","","","","2019-BASE_PROCUREMENT-2019-DEFENSE_DISA-U_PROCUREMENT_JustificationBook_Defense_Information_Systems_Agency_PB_2019.zzz_unzipped-U_PROCUREMENT_JustificationBook_Defense_Information_Systems_Agency_PB_2019.xml","b0ae57b56222cb80b515622e835e990f4de01f0bba897023f6aa38870c1742d2","0-5ec0853572e964f5509c90c4a2ccb74a54704c4f0b87dff100da71133a4511ae","1-9217d786ad3148d73343c6e326ffae1aa76cc2e88476eca94e29db53b1caeabc","root.record.ItemExhibitList.P5Item.CostElementCategoryList.Support.CostElementList.CostElement"
"Raytheon","FL","","","","","","","","","","","","2019-BASE_PROCUREMENT-2019-DEFENSE_DISA-U_PROCUREMENT_JustificationBook_Defense_Information_Systems_Agency_PB_2019.zzz_unzipped-U_PROCUREMENT_JustificationBook_Defense_Information_Systems_Agency_PB_2019.xml","b0ae57b56222cb80b515622e835e990f4de01f0bba897023f6aa38870c1742d2","0-af140efb07baaf59833cea0fc3784c89ad63e88dc26d9c8db7b3e54552d9d9af","2-f4f3b6ac0d934fc2a4742e3c8b0e4735d92f545ea989795852fdc2ae07aaa394","root.record.ItemExhibitList.P5Item.CostElementCategoryList.Support.CostElementList.CostElement"
"VARIOUS","VARIOUS","","","","","","","","","","","","2019-BASE_PROCUREMENT-2019-DEFENSE_DISA-U_PROCUREMENT_JustificationBook_Defense_Information_Systems_Agency_PB_2019.zzz_unzipped-U_PROCUREMENT_JustificationBook_Defense_Information_Systems_Agency_PB_2019.xml","b9a69a5b15b541122687082e1889f3962c4fbec58d2048d60ba6766b783afda9","0-6a23b554c740b6666095832dca1f37a85b69788db8ecad230bcc88232b1da1f9","0-d78b5b2f1a223fef33b25b1eb3c5d4c0ef484e1ecd67a936ba405574329f7ed8","root.record.ItemExhibitList.P5Item.CostElementCategoryList.Support.CostElementList.CostElement"
"Raytheon","FL","","","","","","","","","","","","2019-BASE_PROCUREMENT-2019-DEFENSE_DISA-U_PROCUREMENT_MasterJustificationBook_Defense_Information_Systems_Agency_PB_2019.zzz_unzipped-U_PROCUREMENT_MasterJustificationBook_Defense_Information_Systems_Agency_PB_2019.xml","88738f60287a94edaac6a41a70ac01d120921c54882c29209a5cf143f4885870","0-04784a1f8b6a5a6da5a9efdeec9aa6db20d0fd87de862e91709d4b32c8e1d139","0-643fca2700b7902e7bb0d3b49e446676a959b8251170c15c42acba8474149494","root.record.ItemExhibitList.P5Item.CostElementCategoryList.Support.CostElementList.CostElement"
"Raytheon","FL","","","","","","","","","","","","2019-BASE_PROCUREMENT-2019-DEFENSE_DISA-U_PROCUREMENT_MasterJustificationBook_Defense_Information_Systems_Agency_PB_2019.zzz_unzipped-U_PROCUREMENT_MasterJustificationBook_Defense_Information_Systems_Agency_PB_2019.xml","88738f60287a94edaac6a41a70ac01d120921c54882c29209a5cf143f4885870","0-dbb92d28601576a1589cf230167cd42e537b346286670066365db9cd2ea8de90","0-315d4f486f2c290de61be8cb47aff6b98d8a75b6ccfd3179bae405c51718d063","root.record.ItemExhibitList.P5Item.CostElementCategoryList.Support.CostElementList.CostElement"
"Raytheon","FL","","","","","","","","","","","","2019-BASE_PROCUREMENT-2019-DEFENSE_DISA-U_PROCUREMENT_MasterJustificationBook_Defense_Information_Systems_Agency_PB_2019.zzz_unzipped-U_PROCUREMENT_MasterJustificationBook_Defense_Information_Systems_Agency_PB_2019.xml","88738f60287a94edaac6a41a70ac01d120921c54882c29209a5cf143f4885870","0-89ab6123a5caf67791d68c89263b17e930837e97303cf6de24198c78106291c3","1-c0a05178d5ee8706d900a42bcb4ef98540f5a7848cdd9f20c581bd660de1d7de","root.record.ItemExhibitList.P5Item.CostElementCategoryList.Support.CostElementList.CostElement"
"Raytheon","FL","","","","","","","","","","","","2019-BASE_PROCUREMENT-2019-DEFENSE_DISA-U_PROCUREMENT_MasterJustificationBook_Defense_Information_Systems_Agency_PB_2019.zzz_unzipped-U_PROCUREMENT_MasterJustificationBook_Defense_Information_Systems_Agency_PB_2019.xml","88738f60287a94edaac6a41a70ac01d120921c54882c29209a5cf143f4885870","0-14ad6f82ad4c26ecc66a9ace1f80b24d8a09fb6eb0cdea48c4a60019bc1c6d76","2-cf04308a726226654060f06aa752e33414e3b255253bcebfccbc58ba18f74c99","root.record.ItemExhibitList.P5Item.CostElementCategoryList.Support.CostElementList.CostElement"
"VARIOUS","VARIOUS","","","","","","","","","","","","2019-BASE_PROCUREMENT-2019-DEFENSE_DISA-U_PROCUREMENT_MasterJustificationBook_Defense_Information_Systems_Agency_PB_2019.zzz_unzipped-U_PROCUREMENT_MasterJustificationBook_Defense_Information_Systems_Agency_PB_2019.xml","e449a92c82ce190ecf8b05ace2510bd56fdb71d43fbbb50be9eb7f55552e0aa9","0-7ebd08051da1ed92e5e85642b6ca88925d8563e904b92241617641a8084dfd90","0-04893e9076e68af3ca9c1602c65658f9319c7f12e533f71798c5c1a9f40e7ecc","root.record.ItemExhibitList.P5Item.CostElementCategoryList.Support.CostElementList.CostElement"
"Raytheon","FL","","","","","","","","","","","","2019-BASE_PROCUREMENT-2019-DEFENSE_VOL1_ALL-U_PROCUREMENT_MasterJustificationBook_Defense-Wide_PB_2019.zzz_unzipped-U_PROCUREMENT_MasterJustificationBook_Defense-Wide_PB_2019.xml","0219f8974db499279a367eff37337592089e34703321429f9769e373cd676ae8","0-9d4922c1034915f4597d03b5e943057b8396cbc998ef7761a07db093bd1b52f6","0-4770e8a862c50468f5f3900c7b79eb13317fcc5d6e0f6a25a5c74fca52633a23","root.record.ItemExhibitList.P5Item.CostElementCategoryList.Support.CostElementList.CostElement"
"Raytheon","FL","","","","","","","","","","","","2019-BASE_PROCUREMENT-2019-DEFENSE_VOL1_ALL-U_PROCUREMENT_MasterJustificationBook_Defense-Wide_PB_2019.zzz_unzipped-U_PROCUREMENT_MasterJustificationBook_Defense-Wide_PB_2019.xml","0219f8974db499279a367eff37337592089e34703321429f9769e373cd676ae8","0-570b18aa1b2b700e55a1a3fa07009c1dcf2c533950f4544aef0150b6fa9dfcfe","0-9a29bb8ff4f1c6d127fc498ded0fb210060d4cbbd87d80064d05d51f16ad579c","root.record.ItemExhibitList.P5Item.CostElementCategoryList.Support.CostElementList.CostElement"
"Raytheon","FL","","","","","","","","","","","","2019-BASE_PROCUREMENT-2019-DEFENSE_VOL1_ALL-U_PROCUREMENT_MasterJustificationBook_Defense-Wide_PB_2019.zzz_unzipped-U_PROCUREMENT_MasterJustificationBook_Defense-Wide_PB_2019.xml","0219f8974db499279a367eff37337592089e34703321429f9769e373cd676ae8","0-d33e7c518a9b114593cb0750bf40de23183f762f790a934ec2b715d4da932283","1-55d86657bbc8923a99b0ce6ade50e64ea3ed3ace1b29d622eac8fb036c559a6b","root.record.ItemExhibitList.P5Item.CostElementCategoryList.Support.CostElementList.CostElement"
"Raytheon","FL","","","","","","","","","","","","2019-BASE_PROCUREMENT-2019-DEFENSE_VOL1_ALL-U_PROCUREMENT_MasterJustificationBook_Defense-Wide_PB_2019.zzz_unzipped-U_PROCUREMENT_MasterJustificationBook_Defense-Wide_PB_2019.xml","0219f8974db499279a367eff37337592089e34703321429f9769e373cd676ae8","0-34823629c0bdcb93146a007a0072d26f9f6f258e47678b2bbe526aaa923e42c7","2-f5cea27f8df214bd9349341806ada53ebf3cb20bb43cc08b4ed371cf38d00eaf","root.record.ItemExhibitList.P5Item.CostElementCategoryList.Support.CostElementList.CostElement"
"VARIOUS","VARIOUS","","","","","","","","","","","","2019-BASE_PROCUREMENT-2019-DEFENSE_VOL1_ALL-U_PROCUREMENT_MasterJustificationBook_Defense-Wide_PB_2019.zzz_unzipped-U_PROCUREMENT_MasterJustificationBook_Defense-Wide_PB_2019.xml","b67a29620149b9e3a87c8d40f7dcd99eb53b2c64d55697092eb36d09502a84a1","0-9b851254ac00d59ef91e4ccb86f0814ec792fab63ad50d098766696a3b6f4863","0-c9601b67d4774cc7285ddb3da4492ebcda45eae223d7970ffbb5feb083d3f0c1","root.record.ItemExhibitList.P5Item.CostElementCategoryList.Support.CostElementList.CostElement"
"Lockheed Martin","Sunnyvale, CA","12","18","14","9","1","37","38","9","1","37","38","2019-BASE_PROCUREMENT-2019-NAVY_WEAPONS-U_PROCUREMENT_JustificationBook_Navy_PB_2019.zzz_unzipped-U_PROCUREMENT_JustificationBook_Navy_PB_2019.xml","e8e01b50ccb3830ca2d37f217f6d5eb4e5347757f1bd6cfe767eb0b83c61d4a3","0-0de31f20bfa093c88b03bec1e6db50d46d577c80f67a342183f56d73bcfd6cff","0-b869633fb3500be8f340692d359f35bcb5ff4c2d7cbda87470761d99a0fcab0d","root.record.ItemExhibitList.P5Item.CostElementCategoryList.Support.CostElementList.CostElement"
"Lockheed Martin","Sunnyvale, CA","12","18","14","9","1","37","38","9","1","37","38","2019-BASE_PROCUREMENT-2019-NAVY_WEAPONS-U_PROCUREMENT_JustificationBook_Navy_PB_2019.zzz_unzipped-U_PROCUREMENT_JustificationBook_Navy_PB_2019.xml","e8e01b50ccb3830ca2d37f217f6d5eb4e5347757f1bd6cfe767eb0b83c61d4a3","0-88878033afa9ba1f2825f7027da63534cdb35d85b312c67c3ac068182bb181fa","1-f8df02b6b23181dc9e0e22c5576533c64ebe36bcee645efe70cc49ad84a02b03","root.record.ItemExhibitList.P5Item.CostElementCategoryList.Support.CostElementList.CostElement"
"Lockheed Martin","Sunnyvale, CA","12","18","14","9","1","37","38","9","1","37","38","2019-BASE_PROCUREMENT-2019-NAVY_WEAPONS-U_PROCUREMENT_MasterJustificationBook_Navy_PB_2019.zzz_unzipped-U_PROCUREMENT_MasterJustificationBook_Navy_PB_2019.xml","a38c825e473d41dc200fa91692b40ebb7b19a1e9dc5e4a435165d779d555673a","0-236f9c4ee6474e27e0fa3c25f427b0bccd8b9fce6077a443891718ce27310768","0-85dfca8b4e01d022ab7db94a3eb532fb1ae01aa0b0bd70b610afc7110918ae13","root.record.ItemExhibitList.P5Item.CostElementCategoryList.Support.CostElementList.CostElement"
"Lockheed Martin","Sunnyvale, CA","12","18","14","9","1","37","38","9","1","37","38","2019-BASE_PROCUREMENT-2019-NAVY_WEAPONS-U_PROCUREMENT_MasterJustificationBook_Navy_PB_2019.zzz_unzipped-U_PROCUREMENT_MasterJustificationBook_Navy_PB_2019.xml","a38c825e473d41dc200fa91692b40ebb7b19a1e9dc5e4a435165d779d555673a","0-4532140f26129b24c2e683960a693a882d129f06d4393b18a5d3ed43dc24aea1","1-a04f8886b35928e3cb90b724838470b90f2485bdcc77b79e798f4f4d1c3cb066","root.record.ItemExhibitList.P5Item.CostElementCategoryList.Support.CostElementList.CostElement"
"TBD","TBD","","","","","","","","","","","","2020-BASE_PROCUREMENT-2020-AIRFORCE_AMMUNITION-U_PROCUREMENT_JustificationBook_Air_Force_PB_2020.zzz_unzipped-U_PROCUREMENT_JustificationBook_Air_Force_PB_2020.xml","a84e79a8c90fd076bc507715c928c0e4e428efab1b074271d195db5bb8e71924","0-9ea48e4bc5b7bae6f9b95e8db0e4f8989c7bd0341bde423c2044ad92f782bf28","0-fd4ba87bf94291b5234fe9ba7e0212d22a2336617f253c61395f8dc966b08909","root.record.ItemExhibitList.P5Item.CostElementCategoryList.Support.CostElementList.CostElement"
"TBD","TBD","","","","","","","","","","","","2020-BASE_PROCUREMENT-2020-AIRFORCE_AMMUNITION-U_PROCUREMENT_MasterJustificationBook_Air_Force_PB_2020.zzz_unzipped-U_PROCUREMENT_MasterJustificationBook_Air_Force_PB_2020.xml","4390006b26c79acf3d11f40cd2e9ca1426e65694a2b0a88e1b33be9f4a878c17","0-a3057fb6a7ee1e8ae948b9216f8763b4301cc39b4e47690b38477744ce357e2e","0-0d6f5228e2fa3beb6a18da81e80735177a8a2de0d19aa7d6424484a38ea733ac","root.record.ItemExhibitList.P5Item.CostElementCategoryList.Support.CostElementList.CostElement"
"PM I3C2","Ft. Belvoir, VA","","","","","","","","","","","","2020-BASE_PROCUREMENT-2020-ARMY_OTHER_2-U_PROCUREMENT_JustificationBook_Army_PB_2020.zzz_unzipped-U_PROCUREMENT_JustificationBook_Army_PB_2020.xml","b88d7323f0c39487e5559446b30366f2a4b0cc7b20a8d7e248026f47c8d027bd","0-a556bf0459bf7805adf9a0b7c30238264ca97b2310a37296451d20e4302ac509","0-a2324373a4e09f007a939d9bae405d2bc56ef26060fe6daaa7ac518c343a7d63","root.record.ItemExhibitList.P5Item.CostElementCategoryList.Support.CostElementList.CostElement"
"Various","TBD","","","","","","","","","","","","2020-BASE_PROCUREMENT-2020-ARMY_OTHER_2-U_PROCUREMENT_JustificationBook_Army_PB_2020.zzz_unzipped-U_PROCUREMENT_JustificationBook_Army_PB_2020.xml","d5240ff4c7e79de7e15416cf9377c2be2f6ae02e5a70527e4c772787a856bd28","0-6a778ec387be6ccf3b08f827786e023d4cc4ec9414dfc95433157393795faa7d","0-60e60d6aa008dd4e6d958fdeac67d244ef9c17d227267be9f6109db7893eeb10","root.record.ItemExhibitList.P5Item.CostElementCategoryList.Support.CostElementList.CostElement"
"Raytheon","FL","","","","","","","","","","","","2020-BASE_PROCUREMENT-2020-DEFENSE_DISA-U_PROCUREMENT_JustificationBook_Defense_Information_Systems_Agency_PB_2020.zzz_unzipped-U_PROCUREMENT_JustificationBook_Defense_Information_Systems_Agency_PB_2020.xml","77c4f8798d6338d86857242de51b5f92a6b42af9e8764f3e711a4c910bc8d34e","0-6f56d40933dfbff22a549b18ec5dfb3f452edee1a3d9d17abf998afff83e3a3b","1-ca0d43dd1ab39416be780f33e28984bf9703ebd035609109fc2c2fe1afb73645","root.record.ItemExhibitList.P5Item.CostElementCategoryList.Support.CostElementList.CostElement"
"Raytheon","FL","","","","","","","","","","","","2020-BASE_PROCUREMENT-2020-DEFENSE_DISA-U_PROCUREMENT_JustificationBook_Defense_Information_Systems_Agency_PB_2020.zzz_unzipped-U_PROCUREMENT_JustificationBook_Defense_Information_Systems_Agency_PB_2020.xml","77c4f8798d6338d86857242de51b5f92a6b42af9e8764f3e711a4c910bc8d34e","0-3156e0bd8bca5dd20fc68802232b057b538eb35d284c4cc79afe51e51497465c","2-ba00a1a574ed476f1a8875485b0abc3c08594590c79dc1ee99253c9fc43b6da8","root.record.ItemExhibitList.P5Item.CostElementCategoryList.Support.CostElementList.CostElement"
"VARIOUS","VARIOUS","","","","","","","","","","","","2020-BASE_PROCUREMENT-2020-DEFENSE_DISA-U_PROCUREMENT_JustificationBook_Defense_Information_Systems_Agency_PB_2020.zzz_unzipped-U_PROCUREMENT_JustificationBook_Defense_Information_Systems_Agency_PB_2020.xml","05778d6b8fec6720d51ae8ff2715d51b405966a2797b86495a9cd49556847422","0-6dd52065ebab90ba688e810d48b09f1ca4aee8fb1f539893e2e23b3c9c2ca89b","0-875acfaa7619e64db7802990c227d1c92f6765465a5e8f6cb5eef2bf1d146898","root.record.ItemExhibitList.P5Item.CostElementCategoryList.Support.CostElementList.CostElement"
"Raytheon","FL","","","","","","","","","","","","2020-BASE_PROCUREMENT-2020-DEFENSE_DISA-U_PROCUREMENT_MasterJustificationBook_Defense_Information_Systems_Agency_PB_2020.zzz_unzipped-U_PROCUREMENT_MasterJustificationBook_Defense_Information_Systems_Agency_PB_2020.xml","ad281f62c95d800b90e56715de1341c8c968b9501813cb8432594d90a3e348b7","0-2d249181fc9a48d1eabda3f5016d5b2ee22cf80443515c621070a396cc7f9aef","1-3933558aaaa0abdb4fec5eaf1a668811b2cda16d7a9b6b5795a005dfc3ae1242","root.record.ItemExhibitList.P5Item.CostElementCategoryList.Support.CostElementList.CostElement"
"Raytheon","FL","","","","","","","","","","","","2020-BASE_PROCUREMENT-2020-DEFENSE_DISA-U_PROCUREMENT_MasterJustificationBook_Defense_Information_Systems_Agency_PB_2020.zzz_unzipped-U_PROCUREMENT_MasterJustificationBook_Defense_Information_Systems_Agency_PB_2020.xml","ad281f62c95d800b90e56715de1341c8c968b9501813cb8432594d90a3e348b7","0-85ff219c11a2f6f13af23cc309a5a511749a1464e230fe34d6f5ffe59c01ce01","2-d5423d4f464252239bed20ca98f0fa4c9fe03e884d065fc52ea8f4d7c8d124b1","root.record.ItemExhibitList.P5Item.CostElementCategoryList.Support.CostElementList.CostElement"
"VARIOUS","VARIOUS","","","","","","","","","","","","2020-BASE_PROCUREMENT-2020-DEFENSE_DISA-U_PROCUREMENT_MasterJustificationBook_Defense_Information_Systems_Agency_PB_2020.zzz_unzipped-U_PROCUREMENT_MasterJustificationBook_Defense_Information_Systems_Agency_PB_2020.xml","21819adc84cc20097e4ca29ee54c40e845263b2f5944aad1b8fe41d4e6b37771","0-56124b0fc7c6e695e1317dc3dffb094f11f3111b6f46fc20e58c13f9b8b981f3","0-4452084ecca6f2bc66439cd1729b893ef0d5bb231a17ed4f317e83619cd2a852","root.record.ItemExhibitList.P5Item.CostElementCategoryList.Support.CostElementList.CostElement"
"Raytheon","FL","","","","","","","","","","","","2020-BASE_PROCUREMENT-2020-DEFENSE_VOL1_ALL-U_PROCUREMENT_MasterJustificationBook_Defense-Wide_PB_2020.zzz_unzipped-U_PROCUREMENT_MasterJustificationBook_Defense-Wide_PB_2020.xml","64cc3839269868baaf76be0cd7113d456324a0cce211c50784decbbf62ce2875","0-617e4e18d21a7ae7f067ca3759c9451148b567927fa25ad7017c5712d9a2dc0c","1-341aaf0a0a65a359ecac1092bae5080d560c0e30dc6f7d0e48c77adc6269c36d","root.record.ItemExhibitList.P5Item.CostElementCategoryList.Support.CostElementList.CostElement"
"Raytheon","FL","","","","","","","","","","","","2020-BASE_PROCUREMENT-2020-DEFENSE_VOL1_ALL-U_PROCUREMENT_MasterJustificationBook_Defense-Wide_PB_2020.zzz_unzipped-U_PROCUREMENT_MasterJustificationBook_Defense-Wide_PB_2020.xml","64cc3839269868baaf76be0cd7113d456324a0cce211c50784decbbf62ce2875","0-899f583f5213f6ef1a155897160072635cedb05b278371ec0404bf810c04bba2","2-13b034716bd8890002e9f45885d246149c6a3f1b01e988146d637ecf2bf611ae","root.record.ItemExhibitList.P5Item.CostElementCategoryList.Support.CostElementList.CostElement"
"VARIOUS","VARIOUS","","","","","","","","","","","","2020-BASE_PROCUREMENT-2020-DEFENSE_VOL1_ALL-U_PROCUREMENT_MasterJustificationBook_Defense-Wide_PB_2020.zzz_unzipped-U_PROCUREMENT_MasterJustificationBook_Defense-Wide_PB_2020.xml","25fea0b6165b6b0ae58f0b2e28ac339c9fada454bbee95d6497e2e977babce55","0-b57ed56d8b8327fc03309540c78779a55c2a734c4130119617eba8d6ada0980b","0-172c74e7641dfbb3cd4e75255219e542e664f7d968924a39f7f0c90d154f3e27","root.record.ItemExhibitList.P5Item.CostElementCategoryList.Support.CostElementList.CostElement"
"Lockheed Martin","Sunnyvale, CA","12","18","14","9","1","37","38","9","1","37","38","2020-BASE_PROCUREMENT-2020-NAVY_WEAPONS-U_PROCUREMENT_JustificationBook_Navy_PB_2020.zzz_unzipped-U_PROCUREMENT_JustificationBook_Navy_PB_2020.xml","292614d254e9ed9d52fb1e92c7de367ef59394b2c8b1502009032951a02dcfb5","0-058b2276bef902d8c7a64d67c9efae84205957c633bfead9c837d2433e873860","0-8b28db34faacc95bb829a80b6c0c6de27acd47c67b599e5e3bfd3ae7008d40ec","root.record.ItemExhibitList.P5Item.CostElementCategoryList.Support.CostElementList.CostElement"
"Lockheed Martin","Sunnyvale, CA","12","18","14","9","1","37","38","9","1","37","38","2020-BASE_PROCUREMENT-2020-NAVY_WEAPONS-U_PROCUREMENT_JustificationBook_Navy_PB_2020.zzz_unzipped-U_PROCUREMENT_JustificationBook_Navy_PB_2020.xml","292614d254e9ed9d52fb1e92c7de367ef59394b2c8b1502009032951a02dcfb5","0-5cf121f160f284148659354b4ce2953a046924ad80230ada7bd700bc78b061e7","1-38581db689cd4013e331fbb791eb42153e7263d488d7d252a8a1f2502325cb40","root.record.ItemExhibitList.P5Item.CostElementCategoryList.Support.CostElementList.CostElement"
"Lockheed Martin","Sunnyvale, CA","12","18","14","9","1","37","38","9","1","37","38","2020-BASE_PROCUREMENT-2020-NAVY_WEAPONS-U_PROCUREMENT_MasterJustificationBook_Navy_PB_2020.zzz_unzipped-U_PROCUREMENT_MasterJustificationBook_Navy_PB_2020.xml","32c0d2ee65a656215737fc2fb3c5f8f7c4792411605626586f0b352395a52b9c","0-bd3aa90dfa049e38f7dd3c6550c823ffd42e1c524fdc15c1e65c7be9de82885e","0-03588ed9e944187eed5efe03bf8199b288ba0afe33fa2000d887badd8bbd9b09","root.record.ItemExhibitList.P5Item.CostElementCategoryList.Support.CostElementList.CostElement"
"Lockheed Martin","Sunnyvale, CA","12","18","14","9","1","37","38","9","1","37","38","2020-BASE_PROCUREMENT-2020-NAVY_WEAPONS-U_PROCUREMENT_MasterJustificationBook_Navy_PB_2020.zzz_unzipped-U_PROCUREMENT_MasterJustificationBook_Navy_PB_2020.xml","32c0d2ee65a656215737fc2fb3c5f8f7c4792411605626586f0b352395a52b9c","0-e34da839e5b031626f1e59c578720b5c741b848454bebde4cf08f7943b2bdaeb","1-e42dbad382f5af5fe89643ac1ca7da766de79b4e2c11fa44e975598c7297bda3","root.record.ItemExhibitList.P5Item.CostElementCategoryList.Support.CostElementList.CostElement"
"SPAWAR","San Diego, CA","0","TBD","0","0","0","0","0","0","0","0","0","2020-BASE_PROCUREMENT-2020-NAVY_OTHER_BA4-U_PROCUREMENT_MasterJustificationBook_Navy_PB_2020.zzz_unzipped-U_PROCUREMENT_MasterJustificationBook_Navy_PB_2020.xml","e5192c05dd16791828a888523563db5749868dc2527c908a40cb059bf18e897c","0-fe5bc88e1df20154331a672f29fd8aca22f3c497952f7c738aed192c765aa8e3","0-8b771ffad205c16c79b3f0756b0ef34bed2b8f8a83babfd29f39bacfe01f25f1","root.record.ItemExhibitList.P5Item.CostElementCategoryList.Support.CostElementList.CostElement"
