[
    {
        "CategorySubtotal_Quantity_PriorYearTwo_val": "1",
        "CategorySubtotal_Quantity_CurrentYear_val": "1",
        "CategorySubtotal_Quantity_PriorYearThree_val": "",
        "CategorySubtotal_Quantity_PriorYear_val": "",
        "CategorySubtotal_Quantity_BudgetYearOne_val": "",
        "CategorySubtotal_Quantity_PriorYearFour_val": "",
        "CategorySubtotal_TotalCost_PriorYearTwo_val": "482.4",
        "CategorySubtotal_TotalCost_CurrentYear_val": "46.449",
        "CategorySubtotal_TotalCost_PriorYearThree_val": "",
        "CategorySubtotal_TotalCost_PriorYear_val": "",
        "CategorySubtotal_TotalCost_PriorYearFour_val": "",
        "Name_val": "Design",
        "@SOURCE_FILENAME": "2018-BASE_PROCUREMENT-2018-NAVY_SHIPBUILDINGANDCOVERSION-U_PROCUREMENT_JustificationBook_Navy_PB_2018.zzz_unzipped-U_PROCUREMENT_JustificationBook_Navy_PB_2018.xml",
        "@RECORDID": "ae6f920a19e0fc7e64d674da19e88fe3edaf45afabfd6ea6182084c3636ef425",
        "@ROWID": "0-b984b30b88f6d3e8a49cf5f770205dd628d8ed0183c350f3a196f810985a1cd1",
        "@PARENTROWID": "9445-1a957d07b968c85e31880b18dbcd1a2b43891a7bfb3034a2692344a52a21ecc9",
        "@PARENT": "root"
    },
    {
        "CategorySubtotal_Quantity_PriorYearTwo_val": "",
        "CategorySubtotal_Quantity_CurrentYear_val": "",
        "CategorySubtotal_Quantity_PriorYearThree_val": "",
        "CategorySubtotal_Quantity_PriorYear_val": "",
        "CategorySubtotal_Quantity_BudgetYearOne_val": "",
        "CategorySubtotal_Quantity_PriorYearFour_val": "",
        "CategorySubtotal_TotalCost_PriorYearTwo_val": "387.7",
        "CategorySubtotal_TotalCost_CurrentYear_val": "382.214",
        "CategorySubtotal_TotalCost_PriorYearThree_val": "",
        "CategorySubtotal_TotalCost_PriorYear_val": "",
        "CategorySubtotal_TotalCost_PriorYearFour_val": "",
        "Name_val": "Plans\/Conversion",
        "@SOURCE_FILENAME": "2018-BASE_PROCUREMENT-2018-NAVY_SHIPBUILDINGANDCOVERSION-U_PROCUREMENT_JustificationBook_Navy_PB_2018.zzz_unzipped-U_PROCUREMENT_JustificationBook_Navy_PB_2018.xml",
        "@RECORDID": "ae6f920a19e0fc7e64d674da19e88fe3edaf45afabfd6ea6182084c3636ef425",
        "@ROWID": "1-c9d9c093e5dac5130f9678d58505eb1e18b44e0ba23f58db69489873dc83a075",
        "@PARENTROWID": "9445-1a957d07b968c85e31880b18dbcd1a2b43891a7bfb3034a2692344a52a21ecc9",
        "@PARENT": "root"
    },
    {
        "CategorySubtotal_Quantity_PriorYearTwo_val": "",
        "CategorySubtotal_Quantity_CurrentYear_val": "",
        "CategorySubtotal_Quantity_PriorYearThree_val": "",
        "CategorySubtotal_Quantity_PriorYear_val": "",
        "CategorySubtotal_Quantity_BudgetYearOne_val": "",
        "CategorySubtotal_Quantity_PriorYearFour_val": "",
        "CategorySubtotal_TotalCost_PriorYearTwo_val": "30.6",
        "CategorySubtotal_TotalCost_CurrentYear_val": "31.1",
        "CategorySubtotal_TotalCost_PriorYearThree_val": "",
        "CategorySubtotal_TotalCost_PriorYear_val": "",
        "CategorySubtotal_TotalCost_PriorYearFour_val": "",
        "Name_val": "GFE",
        "@SOURCE_FILENAME": "2018-BASE_PROCUREMENT-2018-NAVY_SHIPBUILDINGANDCOVERSION-U_PROCUREMENT_JustificationBook_Navy_PB_2018.zzz_unzipped-U_PROCUREMENT_JustificationBook_Navy_PB_2018.xml",
        "@RECORDID": "ae6f920a19e0fc7e64d674da19e88fe3edaf45afabfd6ea6182084c3636ef425",
        "@ROWID": "2-7185a017af2ce66655b5d2f2d56115f4e7292bd66574a9bdf3659899ee3c57cd",
        "@PARENTROWID": "9445-1a957d07b968c85e31880b18dbcd1a2b43891a7bfb3034a2692344a52a21ecc9",
        "@PARENT": "root"
    },
    {
        "CategorySubtotal_Quantity_PriorYearTwo_val": "",
        "CategorySubtotal_Quantity_CurrentYear_val": "",
        "CategorySubtotal_Quantity_PriorYearThree_val": "",
        "CategorySubtotal_Quantity_PriorYear_val": "",
        "CategorySubtotal_Quantity_BudgetYearOne_val": "",
        "CategorySubtotal_Quantity_PriorYearFour_val": "",
        "CategorySubtotal_TotalCost_PriorYearTwo_val": "421.321",
        "CategorySubtotal_TotalCost_CurrentYear_val": "404.552",
        "CategorySubtotal_TotalCost_PriorYearThree_val": "",
        "CategorySubtotal_TotalCost_PriorYear_val": "",
        "CategorySubtotal_TotalCost_PriorYearFour_val": "",
        "Name_val": "Basic Construction",
        "@SOURCE_FILENAME": "2018-BASE_PROCUREMENT-2018-NAVY_SHIPBUILDINGANDCOVERSION-U_PROCUREMENT_JustificationBook_Navy_PB_2018.zzz_unzipped-U_PROCUREMENT_JustificationBook_Navy_PB_2018.xml",
        "@RECORDID": "ae6f920a19e0fc7e64d674da19e88fe3edaf45afabfd6ea6182084c3636ef425",
        "@ROWID": "3-aac2043d8c42e48954465b1478bef17956291eef0cf55a27a65962a0dd1eeee7",
        "@PARENTROWID": "9445-1a957d07b968c85e31880b18dbcd1a2b43891a7bfb3034a2692344a52a21ecc9",
        "@PARENT": "root"
    },
    {
        "CategorySubtotal_Quantity_PriorYearTwo_val": "1",
        "CategorySubtotal_Quantity_CurrentYear_val": "1",
        "CategorySubtotal_Quantity_PriorYearThree_val": "",
        "CategorySubtotal_Quantity_PriorYear_val": "",
        "CategorySubtotal_Quantity_BudgetYearOne_val": "",
        "CategorySubtotal_Quantity_PriorYearFour_val": "",
        "CategorySubtotal_TotalCost_PriorYearTwo_val": "482.4",
        "CategorySubtotal_TotalCost_CurrentYear_val": "46.449",
        "CategorySubtotal_TotalCost_PriorYearThree_val": "",
        "CategorySubtotal_TotalCost_PriorYear_val": "",
        "CategorySubtotal_TotalCost_PriorYearFour_val": "",
        "Name_val": "Design",
        "@SOURCE_FILENAME": "2018-BASE_PROCUREMENT-2018-NAVY_SHIPBUILDINGANDCOVERSION-U_PROCUREMENT_MasterJustificationBook_Navy_PB_2018.zzz_unzipped-U_PROCUREMENT_MasterJustificationBook_Navy_PB_2018.xml",
        "@RECORDID": "269a51b71a5a9c51c39fa616fdad42d11775225eda15271bececc8d94b07b8dd",
        "@ROWID": "0-5e8ee2237e5a24e22db8c5441fe6a7c40aeda9ebc3cb5a5d9c8cd33a15351973",
        "@PARENTROWID": "9466-562ff3e6fab4cc65ea242d9be4f8ee64edac73e8bc9ec375f116725496b42346",
        "@PARENT": "root"
    },
    {
        "CategorySubtotal_Quantity_PriorYearTwo_val": "",
        "CategorySubtotal_Quantity_CurrentYear_val": "",
        "CategorySubtotal_Quantity_PriorYearThree_val": "",
        "CategorySubtotal_Quantity_PriorYear_val": "",
        "CategorySubtotal_Quantity_BudgetYearOne_val": "",
        "CategorySubtotal_Quantity_PriorYearFour_val": "",
        "CategorySubtotal_TotalCost_PriorYearTwo_val": "387.7",
        "CategorySubtotal_TotalCost_CurrentYear_val": "382.214",
        "CategorySubtotal_TotalCost_PriorYearThree_val": "",
        "CategorySubtotal_TotalCost_PriorYear_val": "",
        "CategorySubtotal_TotalCost_PriorYearFour_val": "",
        "Name_val": "Plans\/Conversion",
        "@SOURCE_FILENAME": "2018-BASE_PROCUREMENT-2018-NAVY_SHIPBUILDINGANDCOVERSION-U_PROCUREMENT_MasterJustificationBook_Navy_PB_2018.zzz_unzipped-U_PROCUREMENT_MasterJustificationBook_Navy_PB_2018.xml",
        "@RECORDID": "269a51b71a5a9c51c39fa616fdad42d11775225eda15271bececc8d94b07b8dd",
        "@ROWID": "1-e3189c2988941e1dab6c03d0851acf707dccdd77f1c783675a618c092a18441a",
        "@PARENTROWID": "9466-562ff3e6fab4cc65ea242d9be4f8ee64edac73e8bc9ec375f116725496b42346",
        "@PARENT": "root"
    },
    {
        "CategorySubtotal_Quantity_PriorYearTwo_val": "",
        "CategorySubtotal_Quantity_CurrentYear_val": "",
        "CategorySubtotal_Quantity_PriorYearThree_val": "",
        "CategorySubtotal_Quantity_PriorYear_val": "",
        "CategorySubtotal_Quantity_BudgetYearOne_val": "",
        "CategorySubtotal_Quantity_PriorYearFour_val": "",
        "CategorySubtotal_TotalCost_PriorYearTwo_val": "30.6",
        "CategorySubtotal_TotalCost_CurrentYear_val": "31.1",
        "CategorySubtotal_TotalCost_PriorYearThree_val": "",
        "CategorySubtotal_TotalCost_PriorYear_val": "",
        "CategorySubtotal_TotalCost_PriorYearFour_val": "",
        "Name_val": "GFE",
        "@SOURCE_FILENAME": "2018-BASE_PROCUREMENT-2018-NAVY_SHIPBUILDINGANDCOVERSION-U_PROCUREMENT_MasterJustificationBook_Navy_PB_2018.zzz_unzipped-U_PROCUREMENT_MasterJustificationBook_Navy_PB_2018.xml",
        "@RECORDID": "269a51b71a5a9c51c39fa616fdad42d11775225eda15271bececc8d94b07b8dd",
        "@ROWID": "2-8667230061c40c1bddaf3f749594ba044ac9b3c5ba53fe016d2500a19c83e880",
        "@PARENTROWID": "9466-562ff3e6fab4cc65ea242d9be4f8ee64edac73e8bc9ec375f116725496b42346",
        "@PARENT": "root"
    },
    {
        "CategorySubtotal_Quantity_PriorYearTwo_val": "",
        "CategorySubtotal_Quantity_CurrentYear_val": "",
        "CategorySubtotal_Quantity_PriorYearThree_val": "",
        "CategorySubtotal_Quantity_PriorYear_val": "",
        "CategorySubtotal_Quantity_BudgetYearOne_val": "",
        "CategorySubtotal_Quantity_PriorYearFour_val": "",
        "CategorySubtotal_TotalCost_PriorYearTwo_val": "421.321",
        "CategorySubtotal_TotalCost_CurrentYear_val": "404.552",
        "CategorySubtotal_TotalCost_PriorYearThree_val": "",
        "CategorySubtotal_TotalCost_PriorYear_val": "",
        "CategorySubtotal_TotalCost_PriorYearFour_val": "",
        "Name_val": "Basic Construction",
        "@SOURCE_FILENAME": "2018-BASE_PROCUREMENT-2018-NAVY_SHIPBUILDINGANDCOVERSION-U_PROCUREMENT_MasterJustificationBook_Navy_PB_2018.zzz_unzipped-U_PROCUREMENT_MasterJustificationBook_Navy_PB_2018.xml",
        "@RECORDID": "269a51b71a5a9c51c39fa616fdad42d11775225eda15271bececc8d94b07b8dd",
        "@ROWID": "3-e44203bd0f83f2375776a5de4642a321219a04f2d070fe70e0a1d4a89e8e0abd",
        "@PARENTROWID": "9466-562ff3e6fab4cc65ea242d9be4f8ee64edac73e8bc9ec375f116725496b42346",
        "@PARENT": "root"
    },
    {
        "CategorySubtotal_Quantity_PriorYearTwo_val": "",
        "CategorySubtotal_Quantity_CurrentYear_val": "",
        "CategorySubtotal_Quantity_PriorYearThree_val": "1",
        "CategorySubtotal_Quantity_PriorYear_val": "1",
        "CategorySubtotal_Quantity_BudgetYearOne_val": "",
        "CategorySubtotal_Quantity_PriorYearFour_val": "",
        "CategorySubtotal_TotalCost_PriorYearTwo_val": "",
        "CategorySubtotal_TotalCost_CurrentYear_val": "",
        "CategorySubtotal_TotalCost_PriorYearThree_val": "482.4",
        "CategorySubtotal_TotalCost_PriorYear_val": "46.449",
        "CategorySubtotal_TotalCost_PriorYearFour_val": "",
        "Name_val": "Design",
        "@SOURCE_FILENAME": "2019-BASE_PROCUREMENT-2019-NAVY_SHIPBUILDINGANDCOVERSION-U_PROCUREMENT_JustificationBook_Navy_PB_2019.zzz_unzipped-U_PROCUREMENT_JustificationBook_Navy_PB_2019.xml",
        "@RECORDID": "a6ca721dbc624822ae730f52fd5c68acd58e779725964f598a347d6ece74e3dd",
        "@ROWID": "0-32c40a7325b26f25883499181ebfdc2ebe1d2cb641cd75528f3ab11c39fc9aee",
        "@PARENTROWID": "11057-d2e86744bb8b5ea3a09b0d258f54114f1409d9d3345789f7bf1aa22bc3d74149",
        "@PARENT": "root"
    },
    {
        "CategorySubtotal_Quantity_PriorYearTwo_val": "",
        "CategorySubtotal_Quantity_CurrentYear_val": "",
        "CategorySubtotal_Quantity_PriorYearThree_val": "",
        "CategorySubtotal_Quantity_PriorYear_val": "",
        "CategorySubtotal_Quantity_BudgetYearOne_val": "",
        "CategorySubtotal_Quantity_PriorYearFour_val": "",
        "CategorySubtotal_TotalCost_PriorYearTwo_val": "",
        "CategorySubtotal_TotalCost_CurrentYear_val": "",
        "CategorySubtotal_TotalCost_PriorYearThree_val": "387.7",
        "CategorySubtotal_TotalCost_PriorYear_val": "382.214",
        "CategorySubtotal_TotalCost_PriorYearFour_val": "",
        "Name_val": "Plans\/Conversion",
        "@SOURCE_FILENAME": "2019-BASE_PROCUREMENT-2019-NAVY_SHIPBUILDINGANDCOVERSION-U_PROCUREMENT_JustificationBook_Navy_PB_2019.zzz_unzipped-U_PROCUREMENT_JustificationBook_Navy_PB_2019.xml",
        "@RECORDID": "a6ca721dbc624822ae730f52fd5c68acd58e779725964f598a347d6ece74e3dd",
        "@ROWID": "1-0eeedc6419f5f721513d8f5f5a2903db749254773a05f858bfeedb68aca8833c",
        "@PARENTROWID": "11057-d2e86744bb8b5ea3a09b0d258f54114f1409d9d3345789f7bf1aa22bc3d74149",
        "@PARENT": "root"
    },
    {
        "CategorySubtotal_Quantity_PriorYearTwo_val": "",
        "CategorySubtotal_Quantity_CurrentYear_val": "",
        "CategorySubtotal_Quantity_PriorYearThree_val": "",
        "CategorySubtotal_Quantity_PriorYear_val": "",
        "CategorySubtotal_Quantity_BudgetYearOne_val": "",
        "CategorySubtotal_Quantity_PriorYearFour_val": "",
        "CategorySubtotal_TotalCost_PriorYearTwo_val": "",
        "CategorySubtotal_TotalCost_CurrentYear_val": "",
        "CategorySubtotal_TotalCost_PriorYearThree_val": "30.6",
        "CategorySubtotal_TotalCost_PriorYear_val": "31.1",
        "CategorySubtotal_TotalCost_PriorYearFour_val": "",
        "Name_val": "GFE",
        "@SOURCE_FILENAME": "2019-BASE_PROCUREMENT-2019-NAVY_SHIPBUILDINGANDCOVERSION-U_PROCUREMENT_JustificationBook_Navy_PB_2019.zzz_unzipped-U_PROCUREMENT_JustificationBook_Navy_PB_2019.xml",
        "@RECORDID": "a6ca721dbc624822ae730f52fd5c68acd58e779725964f598a347d6ece74e3dd",
        "@ROWID": "2-c9524e8815c85c480e48b280507efaeb1e5b0689146375a4428554259e53c024",
        "@PARENTROWID": "11057-d2e86744bb8b5ea3a09b0d258f54114f1409d9d3345789f7bf1aa22bc3d74149",
        "@PARENT": "root"
    },
    {
        "CategorySubtotal_Quantity_PriorYearTwo_val": "",
        "CategorySubtotal_Quantity_CurrentYear_val": "",
        "CategorySubtotal_Quantity_PriorYearThree_val": "",
        "CategorySubtotal_Quantity_PriorYear_val": "",
        "CategorySubtotal_Quantity_BudgetYearOne_val": "",
        "CategorySubtotal_Quantity_PriorYearFour_val": "",
        "CategorySubtotal_TotalCost_PriorYearTwo_val": "",
        "CategorySubtotal_TotalCost_CurrentYear_val": "",
        "CategorySubtotal_TotalCost_PriorYearThree_val": "421.321",
        "CategorySubtotal_TotalCost_PriorYear_val": "404.552",
        "CategorySubtotal_TotalCost_PriorYearFour_val": "",
        "Name_val": "Basic Construction",
        "@SOURCE_FILENAME": "2019-BASE_PROCUREMENT-2019-NAVY_SHIPBUILDINGANDCOVERSION-U_PROCUREMENT_JustificationBook_Navy_PB_2019.zzz_unzipped-U_PROCUREMENT_JustificationBook_Navy_PB_2019.xml",
        "@RECORDID": "a6ca721dbc624822ae730f52fd5c68acd58e779725964f598a347d6ece74e3dd",
        "@ROWID": "3-20328c81a277b4e057381ac09fe3c5924e5cdde15420fdffb9718e252d3acbf0",
        "@PARENTROWID": "11057-d2e86744bb8b5ea3a09b0d258f54114f1409d9d3345789f7bf1aa22bc3d74149",
        "@PARENT": "root"
    },
    {
        "CategorySubtotal_Quantity_PriorYearTwo_val": "",
        "CategorySubtotal_Quantity_CurrentYear_val": "",
        "CategorySubtotal_Quantity_PriorYearThree_val": "1",
        "CategorySubtotal_Quantity_PriorYear_val": "1",
        "CategorySubtotal_Quantity_BudgetYearOne_val": "",
        "CategorySubtotal_Quantity_PriorYearFour_val": "",
        "CategorySubtotal_TotalCost_PriorYearTwo_val": "",
        "CategorySubtotal_TotalCost_CurrentYear_val": "",
        "CategorySubtotal_TotalCost_PriorYearThree_val": "482.4",
        "CategorySubtotal_TotalCost_PriorYear_val": "46.449",
        "CategorySubtotal_TotalCost_PriorYearFour_val": "",
        "Name_val": "Design",
        "@SOURCE_FILENAME": "2019-BASE_PROCUREMENT-2019-NAVY_SHIPBUILDINGANDCOVERSION-U_PROCUREMENT_MasterJustificationBook_Navy_PB_2019.zzz_unzipped-U_PROCUREMENT_MasterJustificationBook_Navy_PB_2019.xml",
        "@RECORDID": "a15a5ac2b476fa1821fecdd175f009d6b6d94490898adb63d35ae0f8acea13e8",
        "@ROWID": "0-ab94004dc30b152e29a3df7528c2384d88ba4ea3701a562d81089c8130cdea9c",
        "@PARENTROWID": "11078-cdc3ccc5d2c5f5fbd00f5b4db8e97d1c339cef031cc3e1c00c8d8a20f680c63a",
        "@PARENT": "root"
    },
    {
        "CategorySubtotal_Quantity_PriorYearTwo_val": "",
        "CategorySubtotal_Quantity_CurrentYear_val": "",
        "CategorySubtotal_Quantity_PriorYearThree_val": "",
        "CategorySubtotal_Quantity_PriorYear_val": "",
        "CategorySubtotal_Quantity_BudgetYearOne_val": "",
        "CategorySubtotal_Quantity_PriorYearFour_val": "",
        "CategorySubtotal_TotalCost_PriorYearTwo_val": "",
        "CategorySubtotal_TotalCost_CurrentYear_val": "",
        "CategorySubtotal_TotalCost_PriorYearThree_val": "387.7",
        "CategorySubtotal_TotalCost_PriorYear_val": "382.214",
        "CategorySubtotal_TotalCost_PriorYearFour_val": "",
        "Name_val": "Plans\/Conversion",
        "@SOURCE_FILENAME": "2019-BASE_PROCUREMENT-2019-NAVY_SHIPBUILDINGANDCOVERSION-U_PROCUREMENT_MasterJustificationBook_Navy_PB_2019.zzz_unzipped-U_PROCUREMENT_MasterJustificationBook_Navy_PB_2019.xml",
        "@RECORDID": "a15a5ac2b476fa1821fecdd175f009d6b6d94490898adb63d35ae0f8acea13e8",
        "@ROWID": "1-adc9bc247d287a3d123cb96b21d18ae935f6f773ed7f28b52d3ffec65b4ff41c",
        "@PARENTROWID": "11078-cdc3ccc5d2c5f5fbd00f5b4db8e97d1c339cef031cc3e1c00c8d8a20f680c63a",
        "@PARENT": "root"
    },
    {
        "CategorySubtotal_Quantity_PriorYearTwo_val": "",
        "CategorySubtotal_Quantity_CurrentYear_val": "",
        "CategorySubtotal_Quantity_PriorYearThree_val": "",
        "CategorySubtotal_Quantity_PriorYear_val": "",
        "CategorySubtotal_Quantity_BudgetYearOne_val": "",
        "CategorySubtotal_Quantity_PriorYearFour_val": "",
        "CategorySubtotal_TotalCost_PriorYearTwo_val": "",
        "CategorySubtotal_TotalCost_CurrentYear_val": "",
        "CategorySubtotal_TotalCost_PriorYearThree_val": "30.6",
        "CategorySubtotal_TotalCost_PriorYear_val": "31.1",
        "CategorySubtotal_TotalCost_PriorYearFour_val": "",
        "Name_val": "GFE",
        "@SOURCE_FILENAME": "2019-BASE_PROCUREMENT-2019-NAVY_SHIPBUILDINGANDCOVERSION-U_PROCUREMENT_MasterJustificationBook_Navy_PB_2019.zzz_unzipped-U_PROCUREMENT_MasterJustificationBook_Navy_PB_2019.xml",
        "@RECORDID": "a15a5ac2b476fa1821fecdd175f009d6b6d94490898adb63d35ae0f8acea13e8",
        "@ROWID": "2-de7816820fb4afb7ecb8458f47d71b66619bf0080153be344c69f60a8c0c8d88",
        "@PARENTROWID": "11078-cdc3ccc5d2c5f5fbd00f5b4db8e97d1c339cef031cc3e1c00c8d8a20f680c63a",
        "@PARENT": "root"
    },
    {
        "CategorySubtotal_Quantity_PriorYearTwo_val": "",
        "CategorySubtotal_Quantity_CurrentYear_val": "",
        "CategorySubtotal_Quantity_PriorYearThree_val": "",
        "CategorySubtotal_Quantity_PriorYear_val": "",
        "CategorySubtotal_Quantity_BudgetYearOne_val": "",
        "CategorySubtotal_Quantity_PriorYearFour_val": "",
        "CategorySubtotal_TotalCost_PriorYearTwo_val": "",
        "CategorySubtotal_TotalCost_CurrentYear_val": "",
        "CategorySubtotal_TotalCost_PriorYearThree_val": "421.321",
        "CategorySubtotal_TotalCost_PriorYear_val": "404.552",
        "CategorySubtotal_TotalCost_PriorYearFour_val": "",
        "Name_val": "Basic Construction",
        "@SOURCE_FILENAME": "2019-BASE_PROCUREMENT-2019-NAVY_SHIPBUILDINGANDCOVERSION-U_PROCUREMENT_MasterJustificationBook_Navy_PB_2019.zzz_unzipped-U_PROCUREMENT_MasterJustificationBook_Navy_PB_2019.xml",
        "@RECORDID": "a15a5ac2b476fa1821fecdd175f009d6b6d94490898adb63d35ae0f8acea13e8",
        "@ROWID": "3-cacdea59d4e3b2f7fb30de2c30d3dd34b53ec1d98256a8295d2f6f172212edf9",
        "@PARENTROWID": "11078-cdc3ccc5d2c5f5fbd00f5b4db8e97d1c339cef031cc3e1c00c8d8a20f680c63a",
        "@PARENT": "root"
    },
    {
        "CategorySubtotal_Quantity_PriorYearTwo_val": "",
        "CategorySubtotal_Quantity_CurrentYear_val": "2",
        "CategorySubtotal_Quantity_PriorYearThree_val": "1",
        "CategorySubtotal_Quantity_PriorYear_val": "",
        "CategorySubtotal_Quantity_BudgetYearOne_val": "4",
        "CategorySubtotal_Quantity_PriorYearFour_val": "",
        "CategorySubtotal_TotalCost_PriorYearTwo_val": "",
        "CategorySubtotal_TotalCost_CurrentYear_val": "",
        "CategorySubtotal_TotalCost_PriorYearThree_val": "5",
        "CategorySubtotal_TotalCost_PriorYear_val": "",
        "CategorySubtotal_TotalCost_PriorYearFour_val": "",
        "Name_val": "Plan Costs",
        "@SOURCE_FILENAME": "2020-BASE_PROCUREMENT-2020-NAVY_SHIPBUILDINGANDCOVERSION-U_PROCUREMENT_JustificationBook_Navy_PB_2020.zzz_unzipped-U_PROCUREMENT_JustificationBook_Navy_PB_2020.xml",
        "@RECORDID": "b3d6afef738256da20170fb5f009d8a6128ab91392924ece660b705bf1e023ed",
        "@ROWID": "0-13f1b3b26d38af0e9a7d29a01271d272b94442e4cb867ffae29c06314a518cda",
        "@PARENTROWID": "12620-f308e18563250ba57ae2a840245cd3260f9996409a86014587cea735e891100c",
        "@PARENT": "root"
    },
    {
        "CategorySubtotal_Quantity_PriorYearTwo_val": "1",
        "CategorySubtotal_Quantity_CurrentYear_val": "",
        "CategorySubtotal_Quantity_PriorYearThree_val": "",
        "CategorySubtotal_Quantity_PriorYear_val": "",
        "CategorySubtotal_Quantity_BudgetYearOne_val": "",
        "CategorySubtotal_Quantity_PriorYearFour_val": "1",
        "CategorySubtotal_TotalCost_PriorYearTwo_val": "46.449",
        "CategorySubtotal_TotalCost_CurrentYear_val": "",
        "CategorySubtotal_TotalCost_PriorYearThree_val": "",
        "CategorySubtotal_TotalCost_PriorYear_val": "",
        "CategorySubtotal_TotalCost_PriorYearFour_val": "482.4",
        "Name_val": "Design",
        "@SOURCE_FILENAME": "2020-BASE_PROCUREMENT-2020-NAVY_SHIPBUILDINGANDCOVERSION-U_PROCUREMENT_JustificationBook_Navy_PB_2020.zzz_unzipped-U_PROCUREMENT_JustificationBook_Navy_PB_2020.xml",
        "@RECORDID": "009291bf5018cd3034bdb12026a82f0feec8f1300bee17e65f0846928ca0dfec",
        "@ROWID": "0-051ebc24229336930462f4d3a6e484ea2c979e5ee24bbced48c2cb0387a03ecf",
        "@PARENTROWID": "12627-600d866c16692e28b08bded413199684bb21acef1422c11e694d2d88f70d9b00",
        "@PARENT": "root"
    },
    {
        "CategorySubtotal_Quantity_PriorYearTwo_val": "",
        "CategorySubtotal_Quantity_CurrentYear_val": "",
        "CategorySubtotal_Quantity_PriorYearThree_val": "",
        "CategorySubtotal_Quantity_PriorYear_val": "",
        "CategorySubtotal_Quantity_BudgetYearOne_val": "",
        "CategorySubtotal_Quantity_PriorYearFour_val": "",
        "CategorySubtotal_TotalCost_PriorYearTwo_val": "382.214",
        "CategorySubtotal_TotalCost_CurrentYear_val": "",
        "CategorySubtotal_TotalCost_PriorYearThree_val": "",
        "CategorySubtotal_TotalCost_PriorYear_val": "",
        "CategorySubtotal_TotalCost_PriorYearFour_val": "387.7",
        "Name_val": "Plans\/Conversion",
        "@SOURCE_FILENAME": "2020-BASE_PROCUREMENT-2020-NAVY_SHIPBUILDINGANDCOVERSION-U_PROCUREMENT_JustificationBook_Navy_PB_2020.zzz_unzipped-U_PROCUREMENT_JustificationBook_Navy_PB_2020.xml",
        "@RECORDID": "009291bf5018cd3034bdb12026a82f0feec8f1300bee17e65f0846928ca0dfec",
        "@ROWID": "1-71a2d418ac6e91f1e49161acc1611a7d59f5889209dc94939024c9f4deb24bd4",
        "@PARENTROWID": "12627-600d866c16692e28b08bded413199684bb21acef1422c11e694d2d88f70d9b00",
        "@PARENT": "root"
    },
    {
        "CategorySubtotal_Quantity_PriorYearTwo_val": "",
        "CategorySubtotal_Quantity_CurrentYear_val": "",
        "CategorySubtotal_Quantity_PriorYearThree_val": "",
        "CategorySubtotal_Quantity_PriorYear_val": "",
        "CategorySubtotal_Quantity_BudgetYearOne_val": "",
        "CategorySubtotal_Quantity_PriorYearFour_val": "",
        "CategorySubtotal_TotalCost_PriorYearTwo_val": "31.1",
        "CategorySubtotal_TotalCost_CurrentYear_val": "",
        "CategorySubtotal_TotalCost_PriorYearThree_val": "",
        "CategorySubtotal_TotalCost_PriorYear_val": "",
        "CategorySubtotal_TotalCost_PriorYearFour_val": "30.6",
        "Name_val": "GFE",
        "@SOURCE_FILENAME": "2020-BASE_PROCUREMENT-2020-NAVY_SHIPBUILDINGANDCOVERSION-U_PROCUREMENT_JustificationBook_Navy_PB_2020.zzz_unzipped-U_PROCUREMENT_JustificationBook_Navy_PB_2020.xml",
        "@RECORDID": "009291bf5018cd3034bdb12026a82f0feec8f1300bee17e65f0846928ca0dfec",
        "@ROWID": "2-ef95f8d57bdd6fdaa6ca107903889fa053561fb8108058b5ca7b9bc633ed0e2e",
        "@PARENTROWID": "12627-600d866c16692e28b08bded413199684bb21acef1422c11e694d2d88f70d9b00",
        "@PARENT": "root"
    },
    {
        "CategorySubtotal_Quantity_PriorYearTwo_val": "",
        "CategorySubtotal_Quantity_CurrentYear_val": "",
        "CategorySubtotal_Quantity_PriorYearThree_val": "",
        "CategorySubtotal_Quantity_PriorYear_val": "",
        "CategorySubtotal_Quantity_BudgetYearOne_val": "",
        "CategorySubtotal_Quantity_PriorYearFour_val": "",
        "CategorySubtotal_TotalCost_PriorYearTwo_val": "404.552",
        "CategorySubtotal_TotalCost_CurrentYear_val": "",
        "CategorySubtotal_TotalCost_PriorYearThree_val": "",
        "CategorySubtotal_TotalCost_PriorYear_val": "",
        "CategorySubtotal_TotalCost_PriorYearFour_val": "421.321",
        "Name_val": "Basic Construction",
        "@SOURCE_FILENAME": "2020-BASE_PROCUREMENT-2020-NAVY_SHIPBUILDINGANDCOVERSION-U_PROCUREMENT_JustificationBook_Navy_PB_2020.zzz_unzipped-U_PROCUREMENT_JustificationBook_Navy_PB_2020.xml",
        "@RECORDID": "009291bf5018cd3034bdb12026a82f0feec8f1300bee17e65f0846928ca0dfec",
        "@ROWID": "3-065fc2c6c1658c0cf763143775ff8442f76333024a452004c8fe059b85bd5d30",
        "@PARENTROWID": "12627-600d866c16692e28b08bded413199684bb21acef1422c11e694d2d88f70d9b00",
        "@PARENT": "root"
    },
    {
        "CategorySubtotal_Quantity_PriorYearTwo_val": "",
        "CategorySubtotal_Quantity_CurrentYear_val": "2",
        "CategorySubtotal_Quantity_PriorYearThree_val": "1",
        "CategorySubtotal_Quantity_PriorYear_val": "",
        "CategorySubtotal_Quantity_BudgetYearOne_val": "4",
        "CategorySubtotal_Quantity_PriorYearFour_val": "",
        "CategorySubtotal_TotalCost_PriorYearTwo_val": "",
        "CategorySubtotal_TotalCost_CurrentYear_val": "",
        "CategorySubtotal_TotalCost_PriorYearThree_val": "5",
        "CategorySubtotal_TotalCost_PriorYear_val": "",
        "CategorySubtotal_TotalCost_PriorYearFour_val": "",
        "Name_val": "Plan Costs",
        "@SOURCE_FILENAME": "2020-BASE_PROCUREMENT-2020-NAVY_SHIPBUILDINGANDCOVERSION-U_PROCUREMENT_MasterJustificationBook_Navy_PB_2020.zzz_unzipped-U_PROCUREMENT_MasterJustificationBook_Navy_PB_2020.xml",
        "@RECORDID": "393b0b919e596d7bdf4f6b051576c9a8bc72857df2d9e38fe2617e790e458ed6",
        "@ROWID": "0-5c07df6f709693a511810196dd4419f0ab2a56bf0e653005eb3793ec252de53f",
        "@PARENTROWID": "12644-43df69b7c6a0294d4caee12734da7306a34eea1fe3f58dadb67f73a33460b7c2",
        "@PARENT": "root"
    },
    {
        "CategorySubtotal_Quantity_PriorYearTwo_val": "1",
        "CategorySubtotal_Quantity_CurrentYear_val": "",
        "CategorySubtotal_Quantity_PriorYearThree_val": "",
        "CategorySubtotal_Quantity_PriorYear_val": "",
        "CategorySubtotal_Quantity_BudgetYearOne_val": "",
        "CategorySubtotal_Quantity_PriorYearFour_val": "1",
        "CategorySubtotal_TotalCost_PriorYearTwo_val": "46.449",
        "CategorySubtotal_TotalCost_CurrentYear_val": "",
        "CategorySubtotal_TotalCost_PriorYearThree_val": "",
        "CategorySubtotal_TotalCost_PriorYear_val": "",
        "CategorySubtotal_TotalCost_PriorYearFour_val": "482.4",
        "Name_val": "Design",
        "@SOURCE_FILENAME": "2020-BASE_PROCUREMENT-2020-NAVY_SHIPBUILDINGANDCOVERSION-U_PROCUREMENT_MasterJustificationBook_Navy_PB_2020.zzz_unzipped-U_PROCUREMENT_MasterJustificationBook_Navy_PB_2020.xml",
        "@RECORDID": "337937ba59e3b821ef7213e16b1758b97d98a4aba53bb39f4b41339f2b4f9519",
        "@ROWID": "0-a26359a8758e85567bcbcb501bf1562f0b620005e51187132db655aaa9dd7bec",
        "@PARENTROWID": "12651-cb5ed70aa312ed1025e969c6b4e3657162bc31eca6f270c51c2861a9903bd4ed",
        "@PARENT": "root"
    },
    {
        "CategorySubtotal_Quantity_PriorYearTwo_val": "",
        "CategorySubtotal_Quantity_CurrentYear_val": "",
        "CategorySubtotal_Quantity_PriorYearThree_val": "",
        "CategorySubtotal_Quantity_PriorYear_val": "",
        "CategorySubtotal_Quantity_BudgetYearOne_val": "",
        "CategorySubtotal_Quantity_PriorYearFour_val": "",
        "CategorySubtotal_TotalCost_PriorYearTwo_val": "382.214",
        "CategorySubtotal_TotalCost_CurrentYear_val": "",
        "CategorySubtotal_TotalCost_PriorYearThree_val": "",
        "CategorySubtotal_TotalCost_PriorYear_val": "",
        "CategorySubtotal_TotalCost_PriorYearFour_val": "387.7",
        "Name_val": "Plans\/Conversion",
        "@SOURCE_FILENAME": "2020-BASE_PROCUREMENT-2020-NAVY_SHIPBUILDINGANDCOVERSION-U_PROCUREMENT_MasterJustificationBook_Navy_PB_2020.zzz_unzipped-U_PROCUREMENT_MasterJustificationBook_Navy_PB_2020.xml",
        "@RECORDID": "337937ba59e3b821ef7213e16b1758b97d98a4aba53bb39f4b41339f2b4f9519",
        "@ROWID": "1-04d3c86170fb3431a3d6cc703b3bc29e6806de90e4b464714579c80e2d9aedb0",
        "@PARENTROWID": "12651-cb5ed70aa312ed1025e969c6b4e3657162bc31eca6f270c51c2861a9903bd4ed",
        "@PARENT": "root"
    },
    {
        "CategorySubtotal_Quantity_PriorYearTwo_val": "",
        "CategorySubtotal_Quantity_CurrentYear_val": "",
        "CategorySubtotal_Quantity_PriorYearThree_val": "",
        "CategorySubtotal_Quantity_PriorYear_val": "",
        "CategorySubtotal_Quantity_BudgetYearOne_val": "",
        "CategorySubtotal_Quantity_PriorYearFour_val": "",
        "CategorySubtotal_TotalCost_PriorYearTwo_val": "31.1",
        "CategorySubtotal_TotalCost_CurrentYear_val": "",
        "CategorySubtotal_TotalCost_PriorYearThree_val": "",
        "CategorySubtotal_TotalCost_PriorYear_val": "",
        "CategorySubtotal_TotalCost_PriorYearFour_val": "30.6",
        "Name_val": "GFE",
        "@SOURCE_FILENAME": "2020-BASE_PROCUREMENT-2020-NAVY_SHIPBUILDINGANDCOVERSION-U_PROCUREMENT_MasterJustificationBook_Navy_PB_2020.zzz_unzipped-U_PROCUREMENT_MasterJustificationBook_Navy_PB_2020.xml",
        "@RECORDID": "337937ba59e3b821ef7213e16b1758b97d98a4aba53bb39f4b41339f2b4f9519",
        "@ROWID": "2-e12d2b05297f9056f5e8fd289390f1c9b207a0e30f1bd93f767aab874e737322",
        "@PARENTROWID": "12651-cb5ed70aa312ed1025e969c6b4e3657162bc31eca6f270c51c2861a9903bd4ed",
        "@PARENT": "root"
    },
    {
        "CategorySubtotal_Quantity_PriorYearTwo_val": "",
        "CategorySubtotal_Quantity_CurrentYear_val": "",
        "CategorySubtotal_Quantity_PriorYearThree_val": "",
        "CategorySubtotal_Quantity_PriorYear_val": "",
        "CategorySubtotal_Quantity_BudgetYearOne_val": "",
        "CategorySubtotal_Quantity_PriorYearFour_val": "",
        "CategorySubtotal_TotalCost_PriorYearTwo_val": "404.552",
        "CategorySubtotal_TotalCost_CurrentYear_val": "",
        "CategorySubtotal_TotalCost_PriorYearThree_val": "",
        "CategorySubtotal_TotalCost_PriorYear_val": "",
        "CategorySubtotal_TotalCost_PriorYearFour_val": "421.321",
        "Name_val": "Basic Construction",
        "@SOURCE_FILENAME": "2020-BASE_PROCUREMENT-2020-NAVY_SHIPBUILDINGANDCOVERSION-U_PROCUREMENT_MasterJustificationBook_Navy_PB_2020.zzz_unzipped-U_PROCUREMENT_MasterJustificationBook_Navy_PB_2020.xml",
        "@RECORDID": "337937ba59e3b821ef7213e16b1758b97d98a4aba53bb39f4b41339f2b4f9519",
        "@ROWID": "3-8645b065b42825ee89bf8e48f3b564589a2cdd46ff2f57ec28c9d11ecccde5a5",
        "@PARENTROWID": "12651-cb5ed70aa312ed1025e969c6b4e3657162bc31eca6f270c51c2861a9903bd4ed",
        "@PARENT": "root"
    }
]