[
    {
        "CategorySubtotal_Quantity_PriorYearTwo_val": "1",
        "CategorySubtotal_Quantity_CurrentYear_val": "1",
        "CategorySubtotal_Quantity_PriorYearThree_val": "",
        "CategorySubtotal_Quantity_PriorYear_val": "",
        "CategorySubtotal_Quantity_BudgetYearOne_val": "",
        "CategorySubtotal_Quantity_PriorYearFour_val": "",
        "CategorySubtotal_TotalCost_PriorYearTwo_val": "482.4",
        "CategorySubtotal_TotalCost_CurrentYear_val": "46.449",
        "CategorySubtotal_TotalCost_PriorYearThree_val": "",
        "CategorySubtotal_TotalCost_PriorYear_val": "",
        "CategorySubtotal_TotalCost_PriorYearFour_val": "",
        "Name_val": "Design",
        "@SOURCE_FILENAME": "2018-BASE_PROCUREMENT-2018-NAVY_SHIPBUILDINGANDCOVERSION-U_PROCUREMENT_JustificationBook_Navy_PB_2018.zzz_unzipped-U_PROCUREMENT_JustificationBook_Navy_PB_2018.xml",
        "@RECORDID": "ae6f920a19e0fc7e64d674da19e88fe3edaf45afabfd6ea6182084c3636ef425",
        "@ROWID": "0-35648baff5dca6ea702e180ce3f2d06ecec2e5f11cfd7b1d6b0f229ceb7400f2",
        "@PARENTROWID": "9445-305a4f5771b9b83bc1c35032b7c9794a74bad1b94d016453a56264bd5e236a29",
        "@PARENT": "root"
    },
    {
        "CategorySubtotal_Quantity_PriorYearTwo_val": "",
        "CategorySubtotal_Quantity_CurrentYear_val": "",
        "CategorySubtotal_Quantity_PriorYearThree_val": "",
        "CategorySubtotal_Quantity_PriorYear_val": "",
        "CategorySubtotal_Quantity_BudgetYearOne_val": "",
        "CategorySubtotal_Quantity_PriorYearFour_val": "",
        "CategorySubtotal_TotalCost_PriorYearTwo_val": "387.7",
        "CategorySubtotal_TotalCost_CurrentYear_val": "382.214",
        "CategorySubtotal_TotalCost_PriorYearThree_val": "",
        "CategorySubtotal_TotalCost_PriorYear_val": "",
        "CategorySubtotal_TotalCost_PriorYearFour_val": "",
        "Name_val": "Plans\/Conversion",
        "@SOURCE_FILENAME": "2018-BASE_PROCUREMENT-2018-NAVY_SHIPBUILDINGANDCOVERSION-U_PROCUREMENT_JustificationBook_Navy_PB_2018.zzz_unzipped-U_PROCUREMENT_JustificationBook_Navy_PB_2018.xml",
        "@RECORDID": "ae6f920a19e0fc7e64d674da19e88fe3edaf45afabfd6ea6182084c3636ef425",
        "@ROWID": "1-bda8e4a2b9a8f8000654ff9c132e312ad6568ba87d9d87d709c88b12e7eaf400",
        "@PARENTROWID": "9445-305a4f5771b9b83bc1c35032b7c9794a74bad1b94d016453a56264bd5e236a29",
        "@PARENT": "root"
    },
    {
        "CategorySubtotal_Quantity_PriorYearTwo_val": "",
        "CategorySubtotal_Quantity_CurrentYear_val": "",
        "CategorySubtotal_Quantity_PriorYearThree_val": "",
        "CategorySubtotal_Quantity_PriorYear_val": "",
        "CategorySubtotal_Quantity_BudgetYearOne_val": "",
        "CategorySubtotal_Quantity_PriorYearFour_val": "",
        "CategorySubtotal_TotalCost_PriorYearTwo_val": "30.6",
        "CategorySubtotal_TotalCost_CurrentYear_val": "31.1",
        "CategorySubtotal_TotalCost_PriorYearThree_val": "",
        "CategorySubtotal_TotalCost_PriorYear_val": "",
        "CategorySubtotal_TotalCost_PriorYearFour_val": "",
        "Name_val": "GFE",
        "@SOURCE_FILENAME": "2018-BASE_PROCUREMENT-2018-NAVY_SHIPBUILDINGANDCOVERSION-U_PROCUREMENT_JustificationBook_Navy_PB_2018.zzz_unzipped-U_PROCUREMENT_JustificationBook_Navy_PB_2018.xml",
        "@RECORDID": "ae6f920a19e0fc7e64d674da19e88fe3edaf45afabfd6ea6182084c3636ef425",
        "@ROWID": "2-5ed9b0a9ac9656cd0eda33ff99d0869d9751aefb32e5c0607da55594de900fe2",
        "@PARENTROWID": "9445-305a4f5771b9b83bc1c35032b7c9794a74bad1b94d016453a56264bd5e236a29",
        "@PARENT": "root"
    },
    {
        "CategorySubtotal_Quantity_PriorYearTwo_val": "",
        "CategorySubtotal_Quantity_CurrentYear_val": "",
        "CategorySubtotal_Quantity_PriorYearThree_val": "",
        "CategorySubtotal_Quantity_PriorYear_val": "",
        "CategorySubtotal_Quantity_BudgetYearOne_val": "",
        "CategorySubtotal_Quantity_PriorYearFour_val": "",
        "CategorySubtotal_TotalCost_PriorYearTwo_val": "421.321",
        "CategorySubtotal_TotalCost_CurrentYear_val": "404.552",
        "CategorySubtotal_TotalCost_PriorYearThree_val": "",
        "CategorySubtotal_TotalCost_PriorYear_val": "",
        "CategorySubtotal_TotalCost_PriorYearFour_val": "",
        "Name_val": "Basic Construction",
        "@SOURCE_FILENAME": "2018-BASE_PROCUREMENT-2018-NAVY_SHIPBUILDINGANDCOVERSION-U_PROCUREMENT_JustificationBook_Navy_PB_2018.zzz_unzipped-U_PROCUREMENT_JustificationBook_Navy_PB_2018.xml",
        "@RECORDID": "ae6f920a19e0fc7e64d674da19e88fe3edaf45afabfd6ea6182084c3636ef425",
        "@ROWID": "3-193c001f0b945df4e102eba8768fc1b98c80703cdfea5768f219dc42da4bb7c6",
        "@PARENTROWID": "9445-305a4f5771b9b83bc1c35032b7c9794a74bad1b94d016453a56264bd5e236a29",
        "@PARENT": "root"
    },
    {
        "CategorySubtotal_Quantity_PriorYearTwo_val": "1",
        "CategorySubtotal_Quantity_CurrentYear_val": "1",
        "CategorySubtotal_Quantity_PriorYearThree_val": "",
        "CategorySubtotal_Quantity_PriorYear_val": "",
        "CategorySubtotal_Quantity_BudgetYearOne_val": "",
        "CategorySubtotal_Quantity_PriorYearFour_val": "",
        "CategorySubtotal_TotalCost_PriorYearTwo_val": "482.4",
        "CategorySubtotal_TotalCost_CurrentYear_val": "46.449",
        "CategorySubtotal_TotalCost_PriorYearThree_val": "",
        "CategorySubtotal_TotalCost_PriorYear_val": "",
        "CategorySubtotal_TotalCost_PriorYearFour_val": "",
        "Name_val": "Design",
        "@SOURCE_FILENAME": "2018-BASE_PROCUREMENT-2018-NAVY_SHIPBUILDINGANDCOVERSION-U_PROCUREMENT_MasterJustificationBook_Navy_PB_2018.zzz_unzipped-U_PROCUREMENT_MasterJustificationBook_Navy_PB_2018.xml",
        "@RECORDID": "269a51b71a5a9c51c39fa616fdad42d11775225eda15271bececc8d94b07b8dd",
        "@ROWID": "0-3d4b7d9e182569c41552c35219b9ecd9130b34721fd8baf2eb616dbcadbfa5f2",
        "@PARENTROWID": "9466-41c17201b299b7784eb11b18429d5911cd7d3a0e5754880aa61d8db918b27a16",
        "@PARENT": "root"
    },
    {
        "CategorySubtotal_Quantity_PriorYearTwo_val": "",
        "CategorySubtotal_Quantity_CurrentYear_val": "",
        "CategorySubtotal_Quantity_PriorYearThree_val": "",
        "CategorySubtotal_Quantity_PriorYear_val": "",
        "CategorySubtotal_Quantity_BudgetYearOne_val": "",
        "CategorySubtotal_Quantity_PriorYearFour_val": "",
        "CategorySubtotal_TotalCost_PriorYearTwo_val": "387.7",
        "CategorySubtotal_TotalCost_CurrentYear_val": "382.214",
        "CategorySubtotal_TotalCost_PriorYearThree_val": "",
        "CategorySubtotal_TotalCost_PriorYear_val": "",
        "CategorySubtotal_TotalCost_PriorYearFour_val": "",
        "Name_val": "Plans\/Conversion",
        "@SOURCE_FILENAME": "2018-BASE_PROCUREMENT-2018-NAVY_SHIPBUILDINGANDCOVERSION-U_PROCUREMENT_MasterJustificationBook_Navy_PB_2018.zzz_unzipped-U_PROCUREMENT_MasterJustificationBook_Navy_PB_2018.xml",
        "@RECORDID": "269a51b71a5a9c51c39fa616fdad42d11775225eda15271bececc8d94b07b8dd",
        "@ROWID": "1-adf11286e53f2573de0db13f7e294a83fd559e7c3911e37c5fb1e6ac39e03256",
        "@PARENTROWID": "9466-41c17201b299b7784eb11b18429d5911cd7d3a0e5754880aa61d8db918b27a16",
        "@PARENT": "root"
    },
    {
        "CategorySubtotal_Quantity_PriorYearTwo_val": "",
        "CategorySubtotal_Quantity_CurrentYear_val": "",
        "CategorySubtotal_Quantity_PriorYearThree_val": "",
        "CategorySubtotal_Quantity_PriorYear_val": "",
        "CategorySubtotal_Quantity_BudgetYearOne_val": "",
        "CategorySubtotal_Quantity_PriorYearFour_val": "",
        "CategorySubtotal_TotalCost_PriorYearTwo_val": "30.6",
        "CategorySubtotal_TotalCost_CurrentYear_val": "31.1",
        "CategorySubtotal_TotalCost_PriorYearThree_val": "",
        "CategorySubtotal_TotalCost_PriorYear_val": "",
        "CategorySubtotal_TotalCost_PriorYearFour_val": "",
        "Name_val": "GFE",
        "@SOURCE_FILENAME": "2018-BASE_PROCUREMENT-2018-NAVY_SHIPBUILDINGANDCOVERSION-U_PROCUREMENT_MasterJustificationBook_Navy_PB_2018.zzz_unzipped-U_PROCUREMENT_MasterJustificationBook_Navy_PB_2018.xml",
        "@RECORDID": "269a51b71a5a9c51c39fa616fdad42d11775225eda15271bececc8d94b07b8dd",
        "@ROWID": "2-015a7598eecfa2e0a0196496915314388708b8f8153b9f9c6f1f589631d9fb99",
        "@PARENTROWID": "9466-41c17201b299b7784eb11b18429d5911cd7d3a0e5754880aa61d8db918b27a16",
        "@PARENT": "root"
    },
    {
        "CategorySubtotal_Quantity_PriorYearTwo_val": "",
        "CategorySubtotal_Quantity_CurrentYear_val": "",
        "CategorySubtotal_Quantity_PriorYearThree_val": "",
        "CategorySubtotal_Quantity_PriorYear_val": "",
        "CategorySubtotal_Quantity_BudgetYearOne_val": "",
        "CategorySubtotal_Quantity_PriorYearFour_val": "",
        "CategorySubtotal_TotalCost_PriorYearTwo_val": "421.321",
        "CategorySubtotal_TotalCost_CurrentYear_val": "404.552",
        "CategorySubtotal_TotalCost_PriorYearThree_val": "",
        "CategorySubtotal_TotalCost_PriorYear_val": "",
        "CategorySubtotal_TotalCost_PriorYearFour_val": "",
        "Name_val": "Basic Construction",
        "@SOURCE_FILENAME": "2018-BASE_PROCUREMENT-2018-NAVY_SHIPBUILDINGANDCOVERSION-U_PROCUREMENT_MasterJustificationBook_Navy_PB_2018.zzz_unzipped-U_PROCUREMENT_MasterJustificationBook_Navy_PB_2018.xml",
        "@RECORDID": "269a51b71a5a9c51c39fa616fdad42d11775225eda15271bececc8d94b07b8dd",
        "@ROWID": "3-53afe211341745fa813e847fe68f03dc6bf1840e9f18e0b723082272fb0ec6b4",
        "@PARENTROWID": "9466-41c17201b299b7784eb11b18429d5911cd7d3a0e5754880aa61d8db918b27a16",
        "@PARENT": "root"
    },
    {
        "CategorySubtotal_Quantity_PriorYearTwo_val": "",
        "CategorySubtotal_Quantity_CurrentYear_val": "",
        "CategorySubtotal_Quantity_PriorYearThree_val": "1",
        "CategorySubtotal_Quantity_PriorYear_val": "1",
        "CategorySubtotal_Quantity_BudgetYearOne_val": "",
        "CategorySubtotal_Quantity_PriorYearFour_val": "",
        "CategorySubtotal_TotalCost_PriorYearTwo_val": "",
        "CategorySubtotal_TotalCost_CurrentYear_val": "",
        "CategorySubtotal_TotalCost_PriorYearThree_val": "482.4",
        "CategorySubtotal_TotalCost_PriorYear_val": "46.449",
        "CategorySubtotal_TotalCost_PriorYearFour_val": "",
        "Name_val": "Design",
        "@SOURCE_FILENAME": "2019-BASE_PROCUREMENT-2019-NAVY_SHIPBUILDINGANDCOVERSION-U_PROCUREMENT_JustificationBook_Navy_PB_2019.zzz_unzipped-U_PROCUREMENT_JustificationBook_Navy_PB_2019.xml",
        "@RECORDID": "a6ca721dbc624822ae730f52fd5c68acd58e779725964f598a347d6ece74e3dd",
        "@ROWID": "0-02e5e7c5f074c94ce83ffff7ac98dba0a6c940d5c29cd5ce24afb0bd9fcccad8",
        "@PARENTROWID": "11057-c01738996b042689420decae03add16c4944684014321b2803a3642d61ddd69a",
        "@PARENT": "root"
    },
    {
        "CategorySubtotal_Quantity_PriorYearTwo_val": "",
        "CategorySubtotal_Quantity_CurrentYear_val": "",
        "CategorySubtotal_Quantity_PriorYearThree_val": "",
        "CategorySubtotal_Quantity_PriorYear_val": "",
        "CategorySubtotal_Quantity_BudgetYearOne_val": "",
        "CategorySubtotal_Quantity_PriorYearFour_val": "",
        "CategorySubtotal_TotalCost_PriorYearTwo_val": "",
        "CategorySubtotal_TotalCost_CurrentYear_val": "",
        "CategorySubtotal_TotalCost_PriorYearThree_val": "387.7",
        "CategorySubtotal_TotalCost_PriorYear_val": "382.214",
        "CategorySubtotal_TotalCost_PriorYearFour_val": "",
        "Name_val": "Plans\/Conversion",
        "@SOURCE_FILENAME": "2019-BASE_PROCUREMENT-2019-NAVY_SHIPBUILDINGANDCOVERSION-U_PROCUREMENT_JustificationBook_Navy_PB_2019.zzz_unzipped-U_PROCUREMENT_JustificationBook_Navy_PB_2019.xml",
        "@RECORDID": "a6ca721dbc624822ae730f52fd5c68acd58e779725964f598a347d6ece74e3dd",
        "@ROWID": "1-699c62c341eae2f5069cc8deb2db7af6fa21b8f0df389037164821e562c2ed5b",
        "@PARENTROWID": "11057-c01738996b042689420decae03add16c4944684014321b2803a3642d61ddd69a",
        "@PARENT": "root"
    },
    {
        "CategorySubtotal_Quantity_PriorYearTwo_val": "",
        "CategorySubtotal_Quantity_CurrentYear_val": "",
        "CategorySubtotal_Quantity_PriorYearThree_val": "",
        "CategorySubtotal_Quantity_PriorYear_val": "",
        "CategorySubtotal_Quantity_BudgetYearOne_val": "",
        "CategorySubtotal_Quantity_PriorYearFour_val": "",
        "CategorySubtotal_TotalCost_PriorYearTwo_val": "",
        "CategorySubtotal_TotalCost_CurrentYear_val": "",
        "CategorySubtotal_TotalCost_PriorYearThree_val": "30.6",
        "CategorySubtotal_TotalCost_PriorYear_val": "31.1",
        "CategorySubtotal_TotalCost_PriorYearFour_val": "",
        "Name_val": "GFE",
        "@SOURCE_FILENAME": "2019-BASE_PROCUREMENT-2019-NAVY_SHIPBUILDINGANDCOVERSION-U_PROCUREMENT_JustificationBook_Navy_PB_2019.zzz_unzipped-U_PROCUREMENT_JustificationBook_Navy_PB_2019.xml",
        "@RECORDID": "a6ca721dbc624822ae730f52fd5c68acd58e779725964f598a347d6ece74e3dd",
        "@ROWID": "2-34ffd6b87f10b7fc800fc093f7a654e33e0442010faa5bd8eeeeacefb89f0821",
        "@PARENTROWID": "11057-c01738996b042689420decae03add16c4944684014321b2803a3642d61ddd69a",
        "@PARENT": "root"
    },
    {
        "CategorySubtotal_Quantity_PriorYearTwo_val": "",
        "CategorySubtotal_Quantity_CurrentYear_val": "",
        "CategorySubtotal_Quantity_PriorYearThree_val": "",
        "CategorySubtotal_Quantity_PriorYear_val": "",
        "CategorySubtotal_Quantity_BudgetYearOne_val": "",
        "CategorySubtotal_Quantity_PriorYearFour_val": "",
        "CategorySubtotal_TotalCost_PriorYearTwo_val": "",
        "CategorySubtotal_TotalCost_CurrentYear_val": "",
        "CategorySubtotal_TotalCost_PriorYearThree_val": "421.321",
        "CategorySubtotal_TotalCost_PriorYear_val": "404.552",
        "CategorySubtotal_TotalCost_PriorYearFour_val": "",
        "Name_val": "Basic Construction",
        "@SOURCE_FILENAME": "2019-BASE_PROCUREMENT-2019-NAVY_SHIPBUILDINGANDCOVERSION-U_PROCUREMENT_JustificationBook_Navy_PB_2019.zzz_unzipped-U_PROCUREMENT_JustificationBook_Navy_PB_2019.xml",
        "@RECORDID": "a6ca721dbc624822ae730f52fd5c68acd58e779725964f598a347d6ece74e3dd",
        "@ROWID": "3-07d6a05cc8fdbac947ecc082c7469c9931be3d484e88d38ce2f04aaefabfad3a",
        "@PARENTROWID": "11057-c01738996b042689420decae03add16c4944684014321b2803a3642d61ddd69a",
        "@PARENT": "root"
    },
    {
        "CategorySubtotal_Quantity_PriorYearTwo_val": "",
        "CategorySubtotal_Quantity_CurrentYear_val": "",
        "CategorySubtotal_Quantity_PriorYearThree_val": "1",
        "CategorySubtotal_Quantity_PriorYear_val": "1",
        "CategorySubtotal_Quantity_BudgetYearOne_val": "",
        "CategorySubtotal_Quantity_PriorYearFour_val": "",
        "CategorySubtotal_TotalCost_PriorYearTwo_val": "",
        "CategorySubtotal_TotalCost_CurrentYear_val": "",
        "CategorySubtotal_TotalCost_PriorYearThree_val": "482.4",
        "CategorySubtotal_TotalCost_PriorYear_val": "46.449",
        "CategorySubtotal_TotalCost_PriorYearFour_val": "",
        "Name_val": "Design",
        "@SOURCE_FILENAME": "2019-BASE_PROCUREMENT-2019-NAVY_SHIPBUILDINGANDCOVERSION-U_PROCUREMENT_MasterJustificationBook_Navy_PB_2019.zzz_unzipped-U_PROCUREMENT_MasterJustificationBook_Navy_PB_2019.xml",
        "@RECORDID": "a15a5ac2b476fa1821fecdd175f009d6b6d94490898adb63d35ae0f8acea13e8",
        "@ROWID": "0-0eebe5196e820d9b72a5af4bcc6e79fbd85af7100f1eaa161eb14e18ac99fbd9",
        "@PARENTROWID": "11078-f119911ac960d6e551904eebc3397c7c1fe58732881b02714d316c2aa18bf1eb",
        "@PARENT": "root"
    },
    {
        "CategorySubtotal_Quantity_PriorYearTwo_val": "",
        "CategorySubtotal_Quantity_CurrentYear_val": "",
        "CategorySubtotal_Quantity_PriorYearThree_val": "",
        "CategorySubtotal_Quantity_PriorYear_val": "",
        "CategorySubtotal_Quantity_BudgetYearOne_val": "",
        "CategorySubtotal_Quantity_PriorYearFour_val": "",
        "CategorySubtotal_TotalCost_PriorYearTwo_val": "",
        "CategorySubtotal_TotalCost_CurrentYear_val": "",
        "CategorySubtotal_TotalCost_PriorYearThree_val": "387.7",
        "CategorySubtotal_TotalCost_PriorYear_val": "382.214",
        "CategorySubtotal_TotalCost_PriorYearFour_val": "",
        "Name_val": "Plans\/Conversion",
        "@SOURCE_FILENAME": "2019-BASE_PROCUREMENT-2019-NAVY_SHIPBUILDINGANDCOVERSION-U_PROCUREMENT_MasterJustificationBook_Navy_PB_2019.zzz_unzipped-U_PROCUREMENT_MasterJustificationBook_Navy_PB_2019.xml",
        "@RECORDID": "a15a5ac2b476fa1821fecdd175f009d6b6d94490898adb63d35ae0f8acea13e8",
        "@ROWID": "1-942859962314b6019516abde4fa9b7996f80862b26458a479e805e354f8f7c1a",
        "@PARENTROWID": "11078-f119911ac960d6e551904eebc3397c7c1fe58732881b02714d316c2aa18bf1eb",
        "@PARENT": "root"
    },
    {
        "CategorySubtotal_Quantity_PriorYearTwo_val": "",
        "CategorySubtotal_Quantity_CurrentYear_val": "",
        "CategorySubtotal_Quantity_PriorYearThree_val": "",
        "CategorySubtotal_Quantity_PriorYear_val": "",
        "CategorySubtotal_Quantity_BudgetYearOne_val": "",
        "CategorySubtotal_Quantity_PriorYearFour_val": "",
        "CategorySubtotal_TotalCost_PriorYearTwo_val": "",
        "CategorySubtotal_TotalCost_CurrentYear_val": "",
        "CategorySubtotal_TotalCost_PriorYearThree_val": "30.6",
        "CategorySubtotal_TotalCost_PriorYear_val": "31.1",
        "CategorySubtotal_TotalCost_PriorYearFour_val": "",
        "Name_val": "GFE",
        "@SOURCE_FILENAME": "2019-BASE_PROCUREMENT-2019-NAVY_SHIPBUILDINGANDCOVERSION-U_PROCUREMENT_MasterJustificationBook_Navy_PB_2019.zzz_unzipped-U_PROCUREMENT_MasterJustificationBook_Navy_PB_2019.xml",
        "@RECORDID": "a15a5ac2b476fa1821fecdd175f009d6b6d94490898adb63d35ae0f8acea13e8",
        "@ROWID": "2-68a96c43bcad815088f898b04e157ced958a2fa7a23187797b5d8be9c9a74abb",
        "@PARENTROWID": "11078-f119911ac960d6e551904eebc3397c7c1fe58732881b02714d316c2aa18bf1eb",
        "@PARENT": "root"
    },
    {
        "CategorySubtotal_Quantity_PriorYearTwo_val": "",
        "CategorySubtotal_Quantity_CurrentYear_val": "",
        "CategorySubtotal_Quantity_PriorYearThree_val": "",
        "CategorySubtotal_Quantity_PriorYear_val": "",
        "CategorySubtotal_Quantity_BudgetYearOne_val": "",
        "CategorySubtotal_Quantity_PriorYearFour_val": "",
        "CategorySubtotal_TotalCost_PriorYearTwo_val": "",
        "CategorySubtotal_TotalCost_CurrentYear_val": "",
        "CategorySubtotal_TotalCost_PriorYearThree_val": "421.321",
        "CategorySubtotal_TotalCost_PriorYear_val": "404.552",
        "CategorySubtotal_TotalCost_PriorYearFour_val": "",
        "Name_val": "Basic Construction",
        "@SOURCE_FILENAME": "2019-BASE_PROCUREMENT-2019-NAVY_SHIPBUILDINGANDCOVERSION-U_PROCUREMENT_MasterJustificationBook_Navy_PB_2019.zzz_unzipped-U_PROCUREMENT_MasterJustificationBook_Navy_PB_2019.xml",
        "@RECORDID": "a15a5ac2b476fa1821fecdd175f009d6b6d94490898adb63d35ae0f8acea13e8",
        "@ROWID": "3-fb9222ecdeea460374d8f4e7029e384f41b93a18602e531e0f816e231f9fbf3b",
        "@PARENTROWID": "11078-f119911ac960d6e551904eebc3397c7c1fe58732881b02714d316c2aa18bf1eb",
        "@PARENT": "root"
    },
    {
        "CategorySubtotal_Quantity_PriorYearTwo_val": "",
        "CategorySubtotal_Quantity_CurrentYear_val": "2",
        "CategorySubtotal_Quantity_PriorYearThree_val": "1",
        "CategorySubtotal_Quantity_PriorYear_val": "",
        "CategorySubtotal_Quantity_BudgetYearOne_val": "4",
        "CategorySubtotal_Quantity_PriorYearFour_val": "",
        "CategorySubtotal_TotalCost_PriorYearTwo_val": "",
        "CategorySubtotal_TotalCost_CurrentYear_val": "",
        "CategorySubtotal_TotalCost_PriorYearThree_val": "5",
        "CategorySubtotal_TotalCost_PriorYear_val": "",
        "CategorySubtotal_TotalCost_PriorYearFour_val": "",
        "Name_val": "Plan Costs",
        "@SOURCE_FILENAME": "2020-BASE_PROCUREMENT-2020-NAVY_SHIPBUILDINGANDCOVERSION-U_PROCUREMENT_JustificationBook_Navy_PB_2020.zzz_unzipped-U_PROCUREMENT_JustificationBook_Navy_PB_2020.xml",
        "@RECORDID": "b3d6afef738256da20170fb5f009d8a6128ab91392924ece660b705bf1e023ed",
        "@ROWID": "0-cb14daf75fb7b3821c9897fdcd5346d026c06304c51c392cb08577bf019c0769",
        "@PARENTROWID": "12620-12666eff923a90ed178d24df36a835189970e6543213996deaac0d4592e5a0ad",
        "@PARENT": "root"
    },
    {
        "CategorySubtotal_Quantity_PriorYearTwo_val": "1",
        "CategorySubtotal_Quantity_CurrentYear_val": "",
        "CategorySubtotal_Quantity_PriorYearThree_val": "",
        "CategorySubtotal_Quantity_PriorYear_val": "",
        "CategorySubtotal_Quantity_BudgetYearOne_val": "",
        "CategorySubtotal_Quantity_PriorYearFour_val": "1",
        "CategorySubtotal_TotalCost_PriorYearTwo_val": "46.449",
        "CategorySubtotal_TotalCost_CurrentYear_val": "",
        "CategorySubtotal_TotalCost_PriorYearThree_val": "",
        "CategorySubtotal_TotalCost_PriorYear_val": "",
        "CategorySubtotal_TotalCost_PriorYearFour_val": "482.4",
        "Name_val": "Design",
        "@SOURCE_FILENAME": "2020-BASE_PROCUREMENT-2020-NAVY_SHIPBUILDINGANDCOVERSION-U_PROCUREMENT_JustificationBook_Navy_PB_2020.zzz_unzipped-U_PROCUREMENT_JustificationBook_Navy_PB_2020.xml",
        "@RECORDID": "009291bf5018cd3034bdb12026a82f0feec8f1300bee17e65f0846928ca0dfec",
        "@ROWID": "0-e3167e5fab36c766c924decccc31f42fef64eed0f6ecb9e77888267a8da28e29",
        "@PARENTROWID": "12627-13bbcf7da0fddc17f21d46ffcb5469cdb04c9e040753c9c31d5a166065bd5839",
        "@PARENT": "root"
    },
    {
        "CategorySubtotal_Quantity_PriorYearTwo_val": "",
        "CategorySubtotal_Quantity_CurrentYear_val": "",
        "CategorySubtotal_Quantity_PriorYearThree_val": "",
        "CategorySubtotal_Quantity_PriorYear_val": "",
        "CategorySubtotal_Quantity_BudgetYearOne_val": "",
        "CategorySubtotal_Quantity_PriorYearFour_val": "",
        "CategorySubtotal_TotalCost_PriorYearTwo_val": "382.214",
        "CategorySubtotal_TotalCost_CurrentYear_val": "",
        "CategorySubtotal_TotalCost_PriorYearThree_val": "",
        "CategorySubtotal_TotalCost_PriorYear_val": "",
        "CategorySubtotal_TotalCost_PriorYearFour_val": "387.7",
        "Name_val": "Plans\/Conversion",
        "@SOURCE_FILENAME": "2020-BASE_PROCUREMENT-2020-NAVY_SHIPBUILDINGANDCOVERSION-U_PROCUREMENT_JustificationBook_Navy_PB_2020.zzz_unzipped-U_PROCUREMENT_JustificationBook_Navy_PB_2020.xml",
        "@RECORDID": "009291bf5018cd3034bdb12026a82f0feec8f1300bee17e65f0846928ca0dfec",
        "@ROWID": "1-6702c719fa500b714e7f67bc3e9a7ce7035eda69f35da464580af48495f85297",
        "@PARENTROWID": "12627-13bbcf7da0fddc17f21d46ffcb5469cdb04c9e040753c9c31d5a166065bd5839",
        "@PARENT": "root"
    },
    {
        "CategorySubtotal_Quantity_PriorYearTwo_val": "",
        "CategorySubtotal_Quantity_CurrentYear_val": "",
        "CategorySubtotal_Quantity_PriorYearThree_val": "",
        "CategorySubtotal_Quantity_PriorYear_val": "",
        "CategorySubtotal_Quantity_BudgetYearOne_val": "",
        "CategorySubtotal_Quantity_PriorYearFour_val": "",
        "CategorySubtotal_TotalCost_PriorYearTwo_val": "31.1",
        "CategorySubtotal_TotalCost_CurrentYear_val": "",
        "CategorySubtotal_TotalCost_PriorYearThree_val": "",
        "CategorySubtotal_TotalCost_PriorYear_val": "",
        "CategorySubtotal_TotalCost_PriorYearFour_val": "30.6",
        "Name_val": "GFE",
        "@SOURCE_FILENAME": "2020-BASE_PROCUREMENT-2020-NAVY_SHIPBUILDINGANDCOVERSION-U_PROCUREMENT_JustificationBook_Navy_PB_2020.zzz_unzipped-U_PROCUREMENT_JustificationBook_Navy_PB_2020.xml",
        "@RECORDID": "009291bf5018cd3034bdb12026a82f0feec8f1300bee17e65f0846928ca0dfec",
        "@ROWID": "2-5adf5f75f1e58c67955867664dfe2352e9088c0df258a851b87b8aeb2df8cf0e",
        "@PARENTROWID": "12627-13bbcf7da0fddc17f21d46ffcb5469cdb04c9e040753c9c31d5a166065bd5839",
        "@PARENT": "root"
    },
    {
        "CategorySubtotal_Quantity_PriorYearTwo_val": "",
        "CategorySubtotal_Quantity_CurrentYear_val": "",
        "CategorySubtotal_Quantity_PriorYearThree_val": "",
        "CategorySubtotal_Quantity_PriorYear_val": "",
        "CategorySubtotal_Quantity_BudgetYearOne_val": "",
        "CategorySubtotal_Quantity_PriorYearFour_val": "",
        "CategorySubtotal_TotalCost_PriorYearTwo_val": "404.552",
        "CategorySubtotal_TotalCost_CurrentYear_val": "",
        "CategorySubtotal_TotalCost_PriorYearThree_val": "",
        "CategorySubtotal_TotalCost_PriorYear_val": "",
        "CategorySubtotal_TotalCost_PriorYearFour_val": "421.321",
        "Name_val": "Basic Construction",
        "@SOURCE_FILENAME": "2020-BASE_PROCUREMENT-2020-NAVY_SHIPBUILDINGANDCOVERSION-U_PROCUREMENT_JustificationBook_Navy_PB_2020.zzz_unzipped-U_PROCUREMENT_JustificationBook_Navy_PB_2020.xml",
        "@RECORDID": "009291bf5018cd3034bdb12026a82f0feec8f1300bee17e65f0846928ca0dfec",
        "@ROWID": "3-4772b91bba3c24743004e10be0d1486a9f47460e31001014e1b8c4c4f70007d2",
        "@PARENTROWID": "12627-13bbcf7da0fddc17f21d46ffcb5469cdb04c9e040753c9c31d5a166065bd5839",
        "@PARENT": "root"
    },
    {
        "CategorySubtotal_Quantity_PriorYearTwo_val": "",
        "CategorySubtotal_Quantity_CurrentYear_val": "2",
        "CategorySubtotal_Quantity_PriorYearThree_val": "1",
        "CategorySubtotal_Quantity_PriorYear_val": "",
        "CategorySubtotal_Quantity_BudgetYearOne_val": "4",
        "CategorySubtotal_Quantity_PriorYearFour_val": "",
        "CategorySubtotal_TotalCost_PriorYearTwo_val": "",
        "CategorySubtotal_TotalCost_CurrentYear_val": "",
        "CategorySubtotal_TotalCost_PriorYearThree_val": "5",
        "CategorySubtotal_TotalCost_PriorYear_val": "",
        "CategorySubtotal_TotalCost_PriorYearFour_val": "",
        "Name_val": "Plan Costs",
        "@SOURCE_FILENAME": "2020-BASE_PROCUREMENT-2020-NAVY_SHIPBUILDINGANDCOVERSION-U_PROCUREMENT_MasterJustificationBook_Navy_PB_2020.zzz_unzipped-U_PROCUREMENT_MasterJustificationBook_Navy_PB_2020.xml",
        "@RECORDID": "393b0b919e596d7bdf4f6b051576c9a8bc72857df2d9e38fe2617e790e458ed6",
        "@ROWID": "0-75788e825c83d55267aaaff7e6d5cbf473119953bb69f52c72dbfc5481520148",
        "@PARENTROWID": "12644-d0864ad6bd5ea2785a01ebf047f68d686221c61c400a6cd9045340c60c14f31d",
        "@PARENT": "root"
    },
    {
        "CategorySubtotal_Quantity_PriorYearTwo_val": "1",
        "CategorySubtotal_Quantity_CurrentYear_val": "",
        "CategorySubtotal_Quantity_PriorYearThree_val": "",
        "CategorySubtotal_Quantity_PriorYear_val": "",
        "CategorySubtotal_Quantity_BudgetYearOne_val": "",
        "CategorySubtotal_Quantity_PriorYearFour_val": "1",
        "CategorySubtotal_TotalCost_PriorYearTwo_val": "46.449",
        "CategorySubtotal_TotalCost_CurrentYear_val": "",
        "CategorySubtotal_TotalCost_PriorYearThree_val": "",
        "CategorySubtotal_TotalCost_PriorYear_val": "",
        "CategorySubtotal_TotalCost_PriorYearFour_val": "482.4",
        "Name_val": "Design",
        "@SOURCE_FILENAME": "2020-BASE_PROCUREMENT-2020-NAVY_SHIPBUILDINGANDCOVERSION-U_PROCUREMENT_MasterJustificationBook_Navy_PB_2020.zzz_unzipped-U_PROCUREMENT_MasterJustificationBook_Navy_PB_2020.xml",
        "@RECORDID": "337937ba59e3b821ef7213e16b1758b97d98a4aba53bb39f4b41339f2b4f9519",
        "@ROWID": "0-86c9330bd880e0ea185043dd915a44751c8888af33efa2f445405e1c55e5b28d",
        "@PARENTROWID": "12651-78284143b57049cc395059eda0b1bc66da53a61a5c7c0ed96c608314ceab7c2d",
        "@PARENT": "root"
    },
    {
        "CategorySubtotal_Quantity_PriorYearTwo_val": "",
        "CategorySubtotal_Quantity_CurrentYear_val": "",
        "CategorySubtotal_Quantity_PriorYearThree_val": "",
        "CategorySubtotal_Quantity_PriorYear_val": "",
        "CategorySubtotal_Quantity_BudgetYearOne_val": "",
        "CategorySubtotal_Quantity_PriorYearFour_val": "",
        "CategorySubtotal_TotalCost_PriorYearTwo_val": "382.214",
        "CategorySubtotal_TotalCost_CurrentYear_val": "",
        "CategorySubtotal_TotalCost_PriorYearThree_val": "",
        "CategorySubtotal_TotalCost_PriorYear_val": "",
        "CategorySubtotal_TotalCost_PriorYearFour_val": "387.7",
        "Name_val": "Plans\/Conversion",
        "@SOURCE_FILENAME": "2020-BASE_PROCUREMENT-2020-NAVY_SHIPBUILDINGANDCOVERSION-U_PROCUREMENT_MasterJustificationBook_Navy_PB_2020.zzz_unzipped-U_PROCUREMENT_MasterJustificationBook_Navy_PB_2020.xml",
        "@RECORDID": "337937ba59e3b821ef7213e16b1758b97d98a4aba53bb39f4b41339f2b4f9519",
        "@ROWID": "1-bbb3aae203e41185affa8efc72a81f4b7341f8bd1de10e8c7c068c5a70cb602b",
        "@PARENTROWID": "12651-78284143b57049cc395059eda0b1bc66da53a61a5c7c0ed96c608314ceab7c2d",
        "@PARENT": "root"
    },
    {
        "CategorySubtotal_Quantity_PriorYearTwo_val": "",
        "CategorySubtotal_Quantity_CurrentYear_val": "",
        "CategorySubtotal_Quantity_PriorYearThree_val": "",
        "CategorySubtotal_Quantity_PriorYear_val": "",
        "CategorySubtotal_Quantity_BudgetYearOne_val": "",
        "CategorySubtotal_Quantity_PriorYearFour_val": "",
        "CategorySubtotal_TotalCost_PriorYearTwo_val": "31.1",
        "CategorySubtotal_TotalCost_CurrentYear_val": "",
        "CategorySubtotal_TotalCost_PriorYearThree_val": "",
        "CategorySubtotal_TotalCost_PriorYear_val": "",
        "CategorySubtotal_TotalCost_PriorYearFour_val": "30.6",
        "Name_val": "GFE",
        "@SOURCE_FILENAME": "2020-BASE_PROCUREMENT-2020-NAVY_SHIPBUILDINGANDCOVERSION-U_PROCUREMENT_MasterJustificationBook_Navy_PB_2020.zzz_unzipped-U_PROCUREMENT_MasterJustificationBook_Navy_PB_2020.xml",
        "@RECORDID": "337937ba59e3b821ef7213e16b1758b97d98a4aba53bb39f4b41339f2b4f9519",
        "@ROWID": "2-988a47d7bc141640eb506f12857aa343c5249674801d13897f3bfd5186f4f246",
        "@PARENTROWID": "12651-78284143b57049cc395059eda0b1bc66da53a61a5c7c0ed96c608314ceab7c2d",
        "@PARENT": "root"
    },
    {
        "CategorySubtotal_Quantity_PriorYearTwo_val": "",
        "CategorySubtotal_Quantity_CurrentYear_val": "",
        "CategorySubtotal_Quantity_PriorYearThree_val": "",
        "CategorySubtotal_Quantity_PriorYear_val": "",
        "CategorySubtotal_Quantity_BudgetYearOne_val": "",
        "CategorySubtotal_Quantity_PriorYearFour_val": "",
        "CategorySubtotal_TotalCost_PriorYearTwo_val": "404.552",
        "CategorySubtotal_TotalCost_CurrentYear_val": "",
        "CategorySubtotal_TotalCost_PriorYearThree_val": "",
        "CategorySubtotal_TotalCost_PriorYear_val": "",
        "CategorySubtotal_TotalCost_PriorYearFour_val": "421.321",
        "Name_val": "Basic Construction",
        "@SOURCE_FILENAME": "2020-BASE_PROCUREMENT-2020-NAVY_SHIPBUILDINGANDCOVERSION-U_PROCUREMENT_MasterJustificationBook_Navy_PB_2020.zzz_unzipped-U_PROCUREMENT_MasterJustificationBook_Navy_PB_2020.xml",
        "@RECORDID": "337937ba59e3b821ef7213e16b1758b97d98a4aba53bb39f4b41339f2b4f9519",
        "@ROWID": "3-6ae716e4a73135b838db44dfdbd9c26f6343dad2a15c8fe918166e4ca6fc44c6",
        "@PARENTROWID": "12651-78284143b57049cc395059eda0b1bc66da53a61a5c7c0ed96c608314ceab7c2d",
        "@PARENT": "root"
    }
]