[
    {
        "Name_val": "Air Force Active",
        "Cost_Quantity_BudgetYearFive_val": "189",
        "Cost_TotalCost_BudgetYearFive_val": "6.824",
        "@SOURCE_FILENAME": "2015-BASE_PROCUREMENT-2015-AIRFORCE_AIRCRAFT_VOL2-PROCUREMENT_JustificationBook_Air_Force_PB_2015.zzz_unzipped-PROCUREMENT_JustificationBook_Air_Force_PB_2015.xml",
        "@RECORDID": "a8005ce497b4d26a96a0a73b3a202cd9ad0d2cb8833efae151bef5451667fd9e",
        "@ROWID": "0-4de1c21bccb534ed78b91b97d21ff2ac070f44054e6d7fa443382957ff005631",
        "@PARENTROWID": "0-40ee8a5346cbc05a14f0ef88c226473bb7140eb524108e6c8f4eb2b235d47dcf",
        "@PARENT": "root.record.ItemExhibitList.P3AModificationItemGroup.ModificationItemList.ModificationItem.Installation.ImplementationMethodList.ImplementationMethod"
    },
    {
        "Name_val": "Air Force Active",
        "Cost_Quantity_BudgetYearFive_val": "757",
        "Cost_TotalCost_BudgetYearFive_val": "26.105",
        "@SOURCE_FILENAME": "2015-BASE_PROCUREMENT-2015-AIRFORCE_AIRCRAFT_VOL2-PROCUREMENT_JustificationBook_Air_Force_PB_2015.zzz_unzipped-PROCUREMENT_JustificationBook_Air_Force_PB_2015.xml",
        "@RECORDID": "a8005ce497b4d26a96a0a73b3a202cd9ad0d2cb8833efae151bef5451667fd9e",
        "@ROWID": "0-24ac23ab1830dad8eb21f5fe2d623ce6f6aeebd850ec43c12e42bdfa6d883f3d",
        "@PARENTROWID": "1-b48a62ed40813f6201c54c47302a8f0ac7525837f4aeb25a2b567f33f4207065",
        "@PARENT": "root.record.ItemExhibitList.P3AModificationItemGroup.ModificationItemList.ModificationItem.Installation.ImplementationMethodList.ImplementationMethod"
    },
    {
        "Name_val": "Air National Guard",
        "Cost_Quantity_BudgetYearFive_val": "14",
        "Cost_TotalCost_BudgetYearFive_val": "6.047",
        "@SOURCE_FILENAME": "2015-BASE_PROCUREMENT-2015-AIRFORCE_AIRCRAFT_VOL2-PROCUREMENT_JustificationBook_Air_Force_PB_2015.zzz_unzipped-PROCUREMENT_JustificationBook_Air_Force_PB_2015.xml",
        "@RECORDID": "a8005ce497b4d26a96a0a73b3a202cd9ad0d2cb8833efae151bef5451667fd9e",
        "@ROWID": "1-836e43700f6d8956f4178966bf407b3bb9f59100ad1be2ba616af6785aa18ffd",
        "@PARENTROWID": "1-b48a62ed40813f6201c54c47302a8f0ac7525837f4aeb25a2b567f33f4207065",
        "@PARENT": "root.record.ItemExhibitList.P3AModificationItemGroup.ModificationItemList.ModificationItem.Installation.ImplementationMethodList.ImplementationMethod"
    },
    {
        "Name_val": "Air Force Active",
        "Cost_Quantity_BudgetYearFive_val": "10",
        "Cost_TotalCost_BudgetYearFive_val": "0.285",
        "@SOURCE_FILENAME": "2015-BASE_PROCUREMENT-2015-AIRFORCE_AIRCRAFT_VOL2-PROCUREMENT_JustificationBook_Air_Force_PB_2015.zzz_unzipped-PROCUREMENT_JustificationBook_Air_Force_PB_2015.xml",
        "@RECORDID": "a8005ce497b4d26a96a0a73b3a202cd9ad0d2cb8833efae151bef5451667fd9e",
        "@ROWID": "0-edb3530e709efca654295b6319049273895087645db288b81c355f0d68f73743",
        "@PARENTROWID": "0-b3b134ed2e8c4cfb2e4f4f858c675ff3fac2d1206b519df81a6754962067f1be",
        "@PARENT": "root.record.ItemExhibitList.P3AModificationItemGroup.ModificationItemList.ModificationItem.Installation.ImplementationMethodList.ImplementationMethod"
    },
    {
        "Name_val": "Air Force Active",
        "Cost_Quantity_BudgetYearFive_val": "189",
        "Cost_TotalCost_BudgetYearFive_val": "6.824",
        "@SOURCE_FILENAME": "2015-BASE_PROCUREMENT-2015-AIRFORCE_AIRCRAFT_VOL2-PROCUREMENT_MasterJustificationBook_Air_Force_PB_2015.zzz_unzipped-PROCUREMENT_MasterJustificationBook_Air_Force_PB_2015.xml",
        "@RECORDID": "e0999d2b89817dbe0cc954d07a44ef1ad1938f20a6bca9d4306e26527654e26d",
        "@ROWID": "0-9bafa39e320b62150117284c0424a35c261953aa60b67aaec3ad9c9a6f92d773",
        "@PARENTROWID": "0-a9e5c6a9a5934b34339dd7143a44e1462a1ea3b68f8dc2b64d0c010380152a9a",
        "@PARENT": "root.record.ItemExhibitList.P3AModificationItemGroup.ModificationItemList.ModificationItem.Installation.ImplementationMethodList.ImplementationMethod"
    },
    {
        "Name_val": "Air Force Active",
        "Cost_Quantity_BudgetYearFive_val": "757",
        "Cost_TotalCost_BudgetYearFive_val": "26.105",
        "@SOURCE_FILENAME": "2015-BASE_PROCUREMENT-2015-AIRFORCE_AIRCRAFT_VOL2-PROCUREMENT_MasterJustificationBook_Air_Force_PB_2015.zzz_unzipped-PROCUREMENT_MasterJustificationBook_Air_Force_PB_2015.xml",
        "@RECORDID": "e0999d2b89817dbe0cc954d07a44ef1ad1938f20a6bca9d4306e26527654e26d",
        "@ROWID": "0-2331754f6c43635ea0f71a79cf8488b20546c6fc227398d532a3bddea371ad97",
        "@PARENTROWID": "1-90f677bad55310d6e45d57442ac2d55ee31d51f8b0783a0b0c9b418e364e2f9e",
        "@PARENT": "root.record.ItemExhibitList.P3AModificationItemGroup.ModificationItemList.ModificationItem.Installation.ImplementationMethodList.ImplementationMethod"
    },
    {
        "Name_val": "Air National Guard",
        "Cost_Quantity_BudgetYearFive_val": "14",
        "Cost_TotalCost_BudgetYearFive_val": "6.047",
        "@SOURCE_FILENAME": "2015-BASE_PROCUREMENT-2015-AIRFORCE_AIRCRAFT_VOL2-PROCUREMENT_MasterJustificationBook_Air_Force_PB_2015.zzz_unzipped-PROCUREMENT_MasterJustificationBook_Air_Force_PB_2015.xml",
        "@RECORDID": "e0999d2b89817dbe0cc954d07a44ef1ad1938f20a6bca9d4306e26527654e26d",
        "@ROWID": "1-51ed511bfeca1742c8ce8c7dfad2850b195f550e025798d0ef12e767868b7a59",
        "@PARENTROWID": "1-90f677bad55310d6e45d57442ac2d55ee31d51f8b0783a0b0c9b418e364e2f9e",
        "@PARENT": "root.record.ItemExhibitList.P3AModificationItemGroup.ModificationItemList.ModificationItem.Installation.ImplementationMethodList.ImplementationMethod"
    },
    {
        "Name_val": "Air Force Active",
        "Cost_Quantity_BudgetYearFive_val": "10",
        "Cost_TotalCost_BudgetYearFive_val": "0.285",
        "@SOURCE_FILENAME": "2015-BASE_PROCUREMENT-2015-AIRFORCE_AIRCRAFT_VOL2-PROCUREMENT_MasterJustificationBook_Air_Force_PB_2015.zzz_unzipped-PROCUREMENT_MasterJustificationBook_Air_Force_PB_2015.xml",
        "@RECORDID": "e0999d2b89817dbe0cc954d07a44ef1ad1938f20a6bca9d4306e26527654e26d",
        "@ROWID": "0-dfc4a4c846df6e5a4715f0df9a3cdccbdc827938bbc0faa21214b8dd60dca5da",
        "@PARENTROWID": "0-8f4ec299c7ea273eca4014b3c92d97193f2222381c3c56691f473d7fd8013bef",
        "@PARENT": "root.record.ItemExhibitList.P3AModificationItemGroup.ModificationItemList.ModificationItem.Installation.ImplementationMethodList.ImplementationMethod"
    }
]