Title_val,Costs_Quantity_PriorYearNine_val,Costs_Quantity_PriorYearFour_val,Costs_Quantity_BudgetYearOne_val,Costs_Quantity_PriorYear_val,Costs_Quantity_PriorYearTwo_val,Costs_Quantity_CurrentYear_val,Costs_Quantity_PriorYearFive_val,Costs_Quantity_PriorYearThree_val,Costs_Quantity_PriorYearSix_val,Costs_TotalCost_PriorYearNine_val,Costs_TotalCost_PriorYearFour_val,Costs_TotalCost_BudgetYearOne_val,Costs_TotalCost_PriorYear_val,Costs_TotalCost_PriorYearTen_val,Costs_TotalCost_PriorYearTwo_val,Costs_TotalCost_CurrentYear_val,Costs_TotalCost_PriorYearFive_val,Costs_TotalCost_PriorYearEleven_val,Costs_TotalCost_PriorYearThree_val,Costs_TotalCost_PriorYearSix_val,Costs_TotalCost_PriorYearTwelve_val,@SOURCE_FILENAME,@RECORDID,@ROWID,@isSignificant,@PARENTROWID,@PARENT
"LANDING SIGNAL OFFICER DISPLAY SYSTEM (LSODS)","1","1","1","","","","","","","1.63","1.941","2.112","","","","","","","","","","2018-BASE_PROCUREMENT-2018-NAVY_SHIPBUILDINGANDCOVERSION-U_PROCUREMENT_JustificationBook_Navy_PB_2018.zzz_unzipped-U_PROCUREMENT_JustificationBook_Navy_PB_2018.xml","3bd3375f8dec12f579ffef5deeffb5939924e6b15ffeeee65c067abecc5c9d65","0-fff879cce4f2d18cde5063da3a2d81409cad8bbe5b5a6f69b3cb50ca843af934","","9441-4386dbb7417815e429dc59d123f667a40e49ea12c9e533f350b0b6a610ec916c","root"
"MORIAH BLOCK 2","1","1","1","","","","","","","1.426","1.378","1.499","","","","","","","","","","2018-BASE_PROCUREMENT-2018-NAVY_SHIPBUILDINGANDCOVERSION-U_PROCUREMENT_JustificationBook_Navy_PB_2018.zzz_unzipped-U_PROCUREMENT_JustificationBook_Navy_PB_2018.xml","3bd3375f8dec12f579ffef5deeffb5939924e6b15ffeeee65c067abecc5c9d65","1-4eec05dd18b92ad176e2856194678c81c4e1a1fe8d71d31cf3ec7daa2b0515f2","","9441-4386dbb7417815e429dc59d123f667a40e49ea12c9e533f350b0b6a610ec916c","root"
"LONG RANGE LINEUP SYSTEM (LRLS)","","1","1","","","","","","","","0.933","0.966","","","","","","","","","","2018-BASE_PROCUREMENT-2018-NAVY_SHIPBUILDINGANDCOVERSION-U_PROCUREMENT_JustificationBook_Navy_PB_2018.zzz_unzipped-U_PROCUREMENT_JustificationBook_Navy_PB_2018.xml","3bd3375f8dec12f579ffef5deeffb5939924e6b15ffeeee65c067abecc5c9d65","2-17c8d66214da28c49e80f6b951b7a3e6a5cdb5f3c3477f587f44a943ca779936","","9441-4386dbb7417815e429dc59d123f667a40e49ea12c9e533f350b0b6a610ec916c","root"
"IMPROVED FRESNEL LENS OPTICAL LANDING SYSTEM (IFLOLS)","1","1","1","","","","","","","3.245","2.088","2.272","","","","","","","","","","2018-BASE_PROCUREMENT-2018-NAVY_SHIPBUILDINGANDCOVERSION-U_PROCUREMENT_JustificationBook_Navy_PB_2018.zzz_unzipped-U_PROCUREMENT_JustificationBook_Navy_PB_2018.xml","3bd3375f8dec12f579ffef5deeffb5939924e6b15ffeeee65c067abecc5c9d65","3-909211514b3c0a9463c37af562e5eef798296a83472f6516dc60d5fa59bef30d","","9441-4386dbb7417815e429dc59d123f667a40e49ea12c9e533f350b0b6a610ec916c","root"
"IWS CDC/FLAG PARTIAL RECONFIGURATION (RIPOUT/INSTALL)","","","","1","","","","","","","","","16.524","","","","","","","","","2018-BASE_PROCUREMENT-2018-NAVY_SHIPBUILDINGANDCOVERSION-U_PROCUREMENT_JustificationBook_Navy_PB_2018.zzz_unzipped-U_PROCUREMENT_JustificationBook_Navy_PB_2018.xml","30f05fcd72a912823615127e43b2be8ca570156afc2855adfc6c02323fd91c7d","0-af7e35ec579cd2a1a9f0550de60a3344584ff4545bc01775c92e7cbf0830adeb","","9454-9cd56e9dd201ff033e28e055aa77e067cd5588b15ee2f8a55c4067a03c1f88c2","root"
"SEAT SHOP MODIFICATIONS (JSF CVN)/PILOT EQUIPMENT AND HELM","","","","1","","","","","","","","","3.6","","","","","","","","","2018-BASE_PROCUREMENT-2018-NAVY_SHIPBUILDINGANDCOVERSION-U_PROCUREMENT_JustificationBook_Navy_PB_2018.zzz_unzipped-U_PROCUREMENT_JustificationBook_Navy_PB_2018.xml","30f05fcd72a912823615127e43b2be8ca570156afc2855adfc6c02323fd91c7d","1-efd0c68da80c3d9e5fe52871d9ed32ebe847efb2c94b2817efe9aa03de6d28fd","","9454-9cd56e9dd201ff033e28e055aa77e067cd5588b15ee2f8a55c4067a03c1f88c2","root"
"RAM GUIDED MISSILE LAUNCHING SYSTEM","","","","1","","","","","","","","","1.474","","","","","","","","","2018-BASE_PROCUREMENT-2018-NAVY_SHIPBUILDINGANDCOVERSION-U_PROCUREMENT_JustificationBook_Navy_PB_2018.zzz_unzipped-U_PROCUREMENT_JustificationBook_Navy_PB_2018.xml","30f05fcd72a912823615127e43b2be8ca570156afc2855adfc6c02323fd91c7d","2-50333adf116221806204a066c8ba306a3f1a02baa74ea2d082a429f175fbfe1f","","9454-9cd56e9dd201ff033e28e055aa77e067cd5588b15ee2f8a55c4067a03c1f88c2","root"
"PHALANX MK 15 MOD 22 (CIWS)","","","","1","","","","","","","","","1.241","","","","","","","","","2018-BASE_PROCUREMENT-2018-NAVY_SHIPBUILDINGANDCOVERSION-U_PROCUREMENT_JustificationBook_Navy_PB_2018.zzz_unzipped-U_PROCUREMENT_JustificationBook_Navy_PB_2018.xml","30f05fcd72a912823615127e43b2be8ca570156afc2855adfc6c02323fd91c7d","3-5048f4d0ad73b0052f4f79da704ace2b888815056a9da62dd232b5a94840b412","","9454-9cd56e9dd201ff033e28e055aa77e067cd5588b15ee2f8a55c4067a03c1f88c2","root"
"BATTLE SPARES (AGS)","","","","","","","","","","","","","","18.449","","","","","","","","2018-BASE_PROCUREMENT-2018-NAVY_SHIPBUILDINGANDCOVERSION-U_PROCUREMENT_JustificationBook_Navy_PB_2018.zzz_unzipped-U_PROCUREMENT_JustificationBook_Navy_PB_2018.xml","63a199acf2aec9803478e689b99e17d5ba8e6ed8eb7dfb080491db0b111af06e","0-0caf3ff74bc6d0a0bb24b5595e5a8745b84111762a5b752ebcaf51bca81aed09","","9455-f2d0503a0e1484a9e7f6bad0654f10e286475e05a192769df318bc4046ae05e6","root"
"MK 32 SVTT","","","2","3","2","2","","","","","","6.101","8.826","","5.785","5.983","","","","","","2018-BASE_PROCUREMENT-2018-NAVY_SHIPBUILDINGANDCOVERSION-U_PROCUREMENT_JustificationBook_Navy_PB_2018.zzz_unzipped-U_PROCUREMENT_JustificationBook_Navy_PB_2018.xml","341c09c4a37bc5105a93194374c2b71f3cdff23a738f04e5629acb1abd33932e","0-f145753257149425cd99e3e9efc71b315d056cb19b7ddb0c0a9a25cd48bc4ee0","","9456-cd6e8b9f0da40e9512a847eb4f656c7047ea715e88ad81a44cf1a397bc8780f5","root"
"ELECTRO-OPTICAL SYSTEM","","","2","3","2","2","","","","","","6.456","9.339","","6.121","6.331","","","","","","2018-BASE_PROCUREMENT-2018-NAVY_SHIPBUILDINGANDCOVERSION-U_PROCUREMENT_JustificationBook_Navy_PB_2018.zzz_unzipped-U_PROCUREMENT_JustificationBook_Navy_PB_2018.xml","341c09c4a37bc5105a93194374c2b71f3cdff23a738f04e5629acb1abd33932e","1-a077f75c500be47bd7772f45660dfcb1ce8561e36263d0bc8451327b26799a89","","9456-cd6e8b9f0da40e9512a847eb4f656c7047ea715e88ad81a44cf1a397bc8780f5","root"
"MK 160 GFCS","","","2","3","2","2","","","","","","6.714","9.711","","6.366","6.584","","","","","","2018-BASE_PROCUREMENT-2018-NAVY_SHIPBUILDINGANDCOVERSION-U_PROCUREMENT_JustificationBook_Navy_PB_2018.zzz_unzipped-U_PROCUREMENT_JustificationBook_Navy_PB_2018.xml","341c09c4a37bc5105a93194374c2b71f3cdff23a738f04e5629acb1abd33932e","2-07882e1184c86addfd68c497adb9af04aec97b031b8907671f44f62d1895b8bd","","9456-cd6e8b9f0da40e9512a847eb4f656c7047ea715e88ad81a44cf1a397bc8780f5","root"
"ORDNANCE HANDLING EQUIPMENT","","","1","3","3","2","","","","","","0.55","1.284","","1.262","0.879","","","","","","2018-BASE_PROCUREMENT-2018-NAVY_SHIPBUILDINGANDCOVERSION-U_PROCUREMENT_JustificationBook_Navy_PB_2018.zzz_unzipped-U_PROCUREMENT_JustificationBook_Navy_PB_2018.xml","b548d3bebc5c45d3822f00bfd12bbaf3401faadb58f2ede71a62e2af4a876487","0-97d7be885958ea6c316584516f4d2a46e86e7beb1c480159075ce59c517c81cd","","9457-ff49ab182a8bf503ad09b654430a7f435382a24560a787b30e6535ca2491fb32","root"
"SMALL ARMS, MACHINE GUNS","","","1","3","","2","","","","","","0.375","0.733","","0.721","0.494","","","","","","2018-BASE_PROCUREMENT-2018-NAVY_SHIPBUILDINGANDCOVERSION-U_PROCUREMENT_JustificationBook_Navy_PB_2018.zzz_unzipped-U_PROCUREMENT_JustificationBook_Navy_PB_2018.xml","b548d3bebc5c45d3822f00bfd12bbaf3401faadb58f2ede71a62e2af4a876487","1-c6b67df503b37f8239b76c1d17b747fd14795f0b472c4d3ddf079572914cdba6","","9457-ff49ab182a8bf503ad09b654430a7f435382a24560a787b30e6535ca2491fb32","root"
"50 CAL MACHINE GUN","","","","","","","","","","","","","0.021","","","","0.078","","","","","2018-BASE_PROCUREMENT-2018-NAVY_SHIPBUILDINGANDCOVERSION-U_PROCUREMENT_JustificationBook_Navy_PB_2018.zzz_unzipped-U_PROCUREMENT_JustificationBook_Navy_PB_2018.xml","6c8db8380a911de3d70ef956f133867b9c0a3463851956b9d3521431df0e0e53","0-e7bf0ccd1b335e1483cbda063b5c163555c46212ad486d942c45681e83082472","","9458-dbbb1003d7dbcdafcbf60934f6e0db51433092632eeeb18d5774eae56a5b3498","root"
"ASGSI/HOSS/MWS Fit Control & Inst Land Sys","","","","","","","","","","","","","3.44","","","","2.897","","","","","2018-BASE_PROCUREMENT-2018-NAVY_SHIPBUILDINGANDCOVERSION-U_PROCUREMENT_JustificationBook_Navy_PB_2018.zzz_unzipped-U_PROCUREMENT_JustificationBook_Navy_PB_2018.xml","6c8db8380a911de3d70ef956f133867b9c0a3463851956b9d3521431df0e0e53","1-de4ab685c90bcf74d116c57a368ca57796798cee0ddf055e45d120097c9eae46","","9458-dbbb1003d7dbcdafcbf60934f6e0db51433092632eeeb18d5774eae56a5b3498","root"
"MK-46 Gun Barrels","","","","","","","","","","","","","","","","","0.946","","","","","2018-BASE_PROCUREMENT-2018-NAVY_SHIPBUILDINGANDCOVERSION-U_PROCUREMENT_JustificationBook_Navy_PB_2018.zzz_unzipped-U_PROCUREMENT_JustificationBook_Navy_PB_2018.xml","6c8db8380a911de3d70ef956f133867b9c0a3463851956b9d3521431df0e0e53","2-22bddbdb1c5c019f470be8411fdad1945e1669d9e086874bbe9851647ccc209c","","9458-dbbb1003d7dbcdafcbf60934f6e0db51433092632eeeb18d5774eae56a5b3498","root"
"ORDNANCE HANDLING EQUIPMENT","","","","","","","","","","","","","0.427","","","","0.495","","","","","2018-BASE_PROCUREMENT-2018-NAVY_SHIPBUILDINGANDCOVERSION-U_PROCUREMENT_JustificationBook_Navy_PB_2018.zzz_unzipped-U_PROCUREMENT_JustificationBook_Navy_PB_2018.xml","6c8db8380a911de3d70ef956f133867b9c0a3463851956b9d3521431df0e0e53","3-0e37557b9f2b5d41c1e2da8e435c12553bb7a0b6a9c367c9f09a3ae9f0102fa8","","9458-dbbb1003d7dbcdafcbf60934f6e0db51433092632eeeb18d5774eae56a5b3498","root"
"AN/SPS-73","","","","","","","","","","","","","","","","","","","","","","2018-BASE_PROCUREMENT-2018-NAVY_SHIPBUILDINGANDCOVERSION-U_PROCUREMENT_JustificationBook_Navy_PB_2018.zzz_unzipped-U_PROCUREMENT_JustificationBook_Navy_PB_2018.xml","6c8db8380a911de3d70ef956f133867b9c0a3463851956b9d3521431df0e0e53","4-bddaf426cb76b40609fdcedaa33d784353ae6e76994cc27b0d9de8f985a85248","","9458-dbbb1003d7dbcdafcbf60934f6e0db51433092632eeeb18d5774eae56a5b3498","root"
"MK 38 Mod 2 Stabilized Gun Stand Assembly","","","","","","3","","","","","","","","","","6.145","","","","","","2018-BASE_PROCUREMENT-2018-NAVY_SHIPBUILDINGANDCOVERSION-U_PROCUREMENT_JustificationBook_Navy_PB_2018.zzz_unzipped-U_PROCUREMENT_JustificationBook_Navy_PB_2018.xml","3e69140d5f269b4975bbc8a50003ffb903001debb67899638f4fcb5075083df8","0-884614b67c7eab01d850318abce43713b71978c6f1aca263c8ea553db3c821ae","","9460-3afa20b5aa445ba3e8b5229c99eff28c72d6d6c13536743517ed75e2addc680c","root"
"AN/SPQ-14","","","","","","1","","","","","","","","","","2.537","","","","","","2018-BASE_PROCUREMENT-2018-NAVY_SHIPBUILDINGANDCOVERSION-U_PROCUREMENT_JustificationBook_Navy_PB_2018.zzz_unzipped-U_PROCUREMENT_JustificationBook_Navy_PB_2018.xml","3e69140d5f269b4975bbc8a50003ffb903001debb67899638f4fcb5075083df8","1-86b5e27b735955e232af84a96d3a2c862cc78e4156e421387a28aaca6d4a1d7d","","9460-3afa20b5aa445ba3e8b5229c99eff28c72d6d6c13536743517ed75e2addc680c","root"
"MORIAH","","","","","","1","","","","","","","","","","1.762","","","","","","2018-BASE_PROCUREMENT-2018-NAVY_SHIPBUILDINGANDCOVERSION-U_PROCUREMENT_JustificationBook_Navy_PB_2018.zzz_unzipped-U_PROCUREMENT_JustificationBook_Navy_PB_2018.xml","3e69140d5f269b4975bbc8a50003ffb903001debb67899638f4fcb5075083df8","2-02eb04bea473f9efa2fd62c7d4eac35e61f09c909cc84928e5476dbf8a3e4404","","9460-3afa20b5aa445ba3e8b5229c99eff28c72d6d6c13536743517ed75e2addc680c","root"
"LANDING SIGNAL OFFICER DISPLAY SYSTEM (LSODS)","1","1","1","","","","","","","1.63","1.941","2.112","","","","","","","","","","2018-BASE_PROCUREMENT-2018-NAVY_SHIPBUILDINGANDCOVERSION-U_PROCUREMENT_MasterJustificationBook_Navy_PB_2018.zzz_unzipped-U_PROCUREMENT_MasterJustificationBook_Navy_PB_2018.xml","1d7fe1ff3cd4bd81f1f8eadcb8986287a46fef38ba78ae80f3d311ff6e2885f3","0-7dc4419dcdea0fc27b8d7142d437c8b5d58dba4101761ff0ffa0db9ad82875a2","","9462-853d782a52ae4e30053a45795014b7b8136a2deed544d4003a0c0492ce90d472","root"
"MORIAH BLOCK 2","1","1","1","","","","","","","1.426","1.378","1.499","","","","","","","","","","2018-BASE_PROCUREMENT-2018-NAVY_SHIPBUILDINGANDCOVERSION-U_PROCUREMENT_MasterJustificationBook_Navy_PB_2018.zzz_unzipped-U_PROCUREMENT_MasterJustificationBook_Navy_PB_2018.xml","1d7fe1ff3cd4bd81f1f8eadcb8986287a46fef38ba78ae80f3d311ff6e2885f3","1-a224c82817c0dec05bb0c0d09bf8215ce760aea0c026a87c5cfad8a4e1967ecf","","9462-853d782a52ae4e30053a45795014b7b8136a2deed544d4003a0c0492ce90d472","root"
"LONG RANGE LINEUP SYSTEM (LRLS)","","1","1","","","","","","","","0.933","0.966","","","","","","","","","","2018-BASE_PROCUREMENT-2018-NAVY_SHIPBUILDINGANDCOVERSION-U_PROCUREMENT_MasterJustificationBook_Navy_PB_2018.zzz_unzipped-U_PROCUREMENT_MasterJustificationBook_Navy_PB_2018.xml","1d7fe1ff3cd4bd81f1f8eadcb8986287a46fef38ba78ae80f3d311ff6e2885f3","2-ef0f6f1ed99573bd0c25039f2fae68af1b96caa048db5ce87c1de9d7732760ff","","9462-853d782a52ae4e30053a45795014b7b8136a2deed544d4003a0c0492ce90d472","root"
"IMPROVED FRESNEL LENS OPTICAL LANDING SYSTEM (IFLOLS)","1","1","1","","","","","","","3.245","2.088","2.272","","","","","","","","","","2018-BASE_PROCUREMENT-2018-NAVY_SHIPBUILDINGANDCOVERSION-U_PROCUREMENT_MasterJustificationBook_Navy_PB_2018.zzz_unzipped-U_PROCUREMENT_MasterJustificationBook_Navy_PB_2018.xml","1d7fe1ff3cd4bd81f1f8eadcb8986287a46fef38ba78ae80f3d311ff6e2885f3","3-e9585b2d84df87eab2517c53ca08522e73a6f0c3f752524fb39f3e23ed0078a3","","9462-853d782a52ae4e30053a45795014b7b8136a2deed544d4003a0c0492ce90d472","root"
"IWS CDC/FLAG PARTIAL RECONFIGURATION (RIPOUT/INSTALL)","","","","1","","","","","","","","","16.524","","","","","","","","","2018-BASE_PROCUREMENT-2018-NAVY_SHIPBUILDINGANDCOVERSION-U_PROCUREMENT_MasterJustificationBook_Navy_PB_2018.zzz_unzipped-U_PROCUREMENT_MasterJustificationBook_Navy_PB_2018.xml","39e99632cac232ed4f791a16a1a3a350502b6d8437548761d869aa99726b1c18","0-4e48b0a7439b66747aa646ad3c4b601a84851ea452658953095020d62aede12d","","9475-b6283505851a182b38f2f06dc04e463cadddba0a956d7e338a4575c0bd0b93fc","root"
"SEAT SHOP MODIFICATIONS (JSF CVN)/PILOT EQUIPMENT AND HELM","","","","1","","","","","","","","","3.6","","","","","","","","","2018-BASE_PROCUREMENT-2018-NAVY_SHIPBUILDINGANDCOVERSION-U_PROCUREMENT_MasterJustificationBook_Navy_PB_2018.zzz_unzipped-U_PROCUREMENT_MasterJustificationBook_Navy_PB_2018.xml","39e99632cac232ed4f791a16a1a3a350502b6d8437548761d869aa99726b1c18","1-3096096c3a2775fc7f9c0f2198453b95f996061e94b4f73cb2ca87d030523849","","9475-b6283505851a182b38f2f06dc04e463cadddba0a956d7e338a4575c0bd0b93fc","root"
"RAM GUIDED MISSILE LAUNCHING SYSTEM","","","","1","","","","","","","","","1.474","","","","","","","","","2018-BASE_PROCUREMENT-2018-NAVY_SHIPBUILDINGANDCOVERSION-U_PROCUREMENT_MasterJustificationBook_Navy_PB_2018.zzz_unzipped-U_PROCUREMENT_MasterJustificationBook_Navy_PB_2018.xml","39e99632cac232ed4f791a16a1a3a350502b6d8437548761d869aa99726b1c18","2-6a9b8508cf8459a6762219eff1bbffba407907f802e2b64191d3339cd3f52f01","","9475-b6283505851a182b38f2f06dc04e463cadddba0a956d7e338a4575c0bd0b93fc","root"
"PHALANX MK 15 MOD 22 (CIWS)","","","","1","","","","","","","","","1.241","","","","","","","","","2018-BASE_PROCUREMENT-2018-NAVY_SHIPBUILDINGANDCOVERSION-U_PROCUREMENT_MasterJustificationBook_Navy_PB_2018.zzz_unzipped-U_PROCUREMENT_MasterJustificationBook_Navy_PB_2018.xml","39e99632cac232ed4f791a16a1a3a350502b6d8437548761d869aa99726b1c18","3-0c3398912dc8febb6aa179d3bf134268cf13c53e4e9885d9a9098afe5a878941","","9475-b6283505851a182b38f2f06dc04e463cadddba0a956d7e338a4575c0bd0b93fc","root"
"BATTLE SPARES (AGS)","","","","","","","","","","","","","","18.449","","","","","","","","2018-BASE_PROCUREMENT-2018-NAVY_SHIPBUILDINGANDCOVERSION-U_PROCUREMENT_MasterJustificationBook_Navy_PB_2018.zzz_unzipped-U_PROCUREMENT_MasterJustificationBook_Navy_PB_2018.xml","cfcd2affcafe58149df6900b5bafde44d10bbb1934842da11d594bb3c352ff90","0-95fa894c640eb93ef306be4988163a50d6be02bfce0b3eb90aad52ed6b5bf3c4","","9476-cee8bc28de89fc458ffc935c5727b0bfebf865138b8e14c491713a43fb8bcef4","root"
"MK 32 SVTT","","","2","3","2","2","","","","","","6.101","8.826","","5.785","5.983","","","","","","2018-BASE_PROCUREMENT-2018-NAVY_SHIPBUILDINGANDCOVERSION-U_PROCUREMENT_MasterJustificationBook_Navy_PB_2018.zzz_unzipped-U_PROCUREMENT_MasterJustificationBook_Navy_PB_2018.xml","e27de6ec9cb638c66ac0b656bccfc8f782bb401590861916fc6bffb8352b5cd2","0-0ce74ac839450e4fde6367fe86229503d365685fc6bd32951dff4895c3dea9b0","","9477-82b8bcf87c6e34a92e50e1d5c10c035d5e973e1148e84c049b07294f8d85fa18","root"
"ELECTRO-OPTICAL SYSTEM","","","2","3","2","2","","","","","","6.456","9.339","","6.121","6.331","","","","","","2018-BASE_PROCUREMENT-2018-NAVY_SHIPBUILDINGANDCOVERSION-U_PROCUREMENT_MasterJustificationBook_Navy_PB_2018.zzz_unzipped-U_PROCUREMENT_MasterJustificationBook_Navy_PB_2018.xml","e27de6ec9cb638c66ac0b656bccfc8f782bb401590861916fc6bffb8352b5cd2","1-5a39796b4a87d5a6a88a8aeb07d3417f578d9f1f4023841b74d26b930e29ee0b","","9477-82b8bcf87c6e34a92e50e1d5c10c035d5e973e1148e84c049b07294f8d85fa18","root"
"MK 160 GFCS","","","2","3","2","2","","","","","","6.714","9.711","","6.366","6.584","","","","","","2018-BASE_PROCUREMENT-2018-NAVY_SHIPBUILDINGANDCOVERSION-U_PROCUREMENT_MasterJustificationBook_Navy_PB_2018.zzz_unzipped-U_PROCUREMENT_MasterJustificationBook_Navy_PB_2018.xml","e27de6ec9cb638c66ac0b656bccfc8f782bb401590861916fc6bffb8352b5cd2","2-e118249f8aaaabd5e54fe44f818523b25aa8f28e2717d10ffcd9c5b3e3180641","","9477-82b8bcf87c6e34a92e50e1d5c10c035d5e973e1148e84c049b07294f8d85fa18","root"
"ORDNANCE HANDLING EQUIPMENT","","","1","3","3","2","","","","","","0.55","1.284","","1.262","0.879","","","","","","2018-BASE_PROCUREMENT-2018-NAVY_SHIPBUILDINGANDCOVERSION-U_PROCUREMENT_MasterJustificationBook_Navy_PB_2018.zzz_unzipped-U_PROCUREMENT_MasterJustificationBook_Navy_PB_2018.xml","119a8a234210e8d816f52b47d147d9422de1a8875a3a611fd7398a69bdc2b836","0-82f67e9591b447c17d470e724d504ba9f4452bc4af549a1c78b6587338d1abca","","9478-e8873729bcd64cfbbc2ddd3c7c309b800378a49fe586162b8c89c59253f4b52b","root"
"SMALL ARMS, MACHINE GUNS","","","1","3","","2","","","","","","0.375","0.733","","0.721","0.494","","","","","","2018-BASE_PROCUREMENT-2018-NAVY_SHIPBUILDINGANDCOVERSION-U_PROCUREMENT_MasterJustificationBook_Navy_PB_2018.zzz_unzipped-U_PROCUREMENT_MasterJustificationBook_Navy_PB_2018.xml","119a8a234210e8d816f52b47d147d9422de1a8875a3a611fd7398a69bdc2b836","1-aac5fb94ff18f5fd708642204eb6fba71414f0f9c3bbed14459d33151e87705d","","9478-e8873729bcd64cfbbc2ddd3c7c309b800378a49fe586162b8c89c59253f4b52b","root"
"50 CAL MACHINE GUN","","","","","","","","","","","","","0.021","","","","0.078","","","","","2018-BASE_PROCUREMENT-2018-NAVY_SHIPBUILDINGANDCOVERSION-U_PROCUREMENT_MasterJustificationBook_Navy_PB_2018.zzz_unzipped-U_PROCUREMENT_MasterJustificationBook_Navy_PB_2018.xml","b6836e8f5cae238b72477d06bd8275a4b5f6643ffb0fbad18a73c25cb2c9b2b2","0-bb2d443213f311a459dfa4d9010d16f5d159f684f6540c592190b7a5ce111cd7","","9479-39a1b1fa1e9c066122f07288cd31fe76f84b84fc46374ee535b36a2d8495e420","root"
"ASGSI/HOSS/MWS Fit Control & Inst Land Sys","","","","","","","","","","","","","3.44","","","","2.897","","","","","2018-BASE_PROCUREMENT-2018-NAVY_SHIPBUILDINGANDCOVERSION-U_PROCUREMENT_MasterJustificationBook_Navy_PB_2018.zzz_unzipped-U_PROCUREMENT_MasterJustificationBook_Navy_PB_2018.xml","b6836e8f5cae238b72477d06bd8275a4b5f6643ffb0fbad18a73c25cb2c9b2b2","1-00ea3d86af2ef6943a84ad41b1f4271a5af270c85edd9f0e01f9f2d457275b06","","9479-39a1b1fa1e9c066122f07288cd31fe76f84b84fc46374ee535b36a2d8495e420","root"
"MK-46 Gun Barrels","","","","","","","","","","","","","","","","","0.946","","","","","2018-BASE_PROCUREMENT-2018-NAVY_SHIPBUILDINGANDCOVERSION-U_PROCUREMENT_MasterJustificationBook_Navy_PB_2018.zzz_unzipped-U_PROCUREMENT_MasterJustificationBook_Navy_PB_2018.xml","b6836e8f5cae238b72477d06bd8275a4b5f6643ffb0fbad18a73c25cb2c9b2b2","2-35b6f35d6483541fe21c0f28521089a1045bdb009f49e763a672d7e1ca623dbe","","9479-39a1b1fa1e9c066122f07288cd31fe76f84b84fc46374ee535b36a2d8495e420","root"
"ORDNANCE HANDLING EQUIPMENT","","","","","","","","","","","","","0.427","","","","0.495","","","","","2018-BASE_PROCUREMENT-2018-NAVY_SHIPBUILDINGANDCOVERSION-U_PROCUREMENT_MasterJustificationBook_Navy_PB_2018.zzz_unzipped-U_PROCUREMENT_MasterJustificationBook_Navy_PB_2018.xml","b6836e8f5cae238b72477d06bd8275a4b5f6643ffb0fbad18a73c25cb2c9b2b2","3-44ddb9e710fb1a9e72971bcec183fb5e2725e7a5429c203a0e2335b34af0ffbc","","9479-39a1b1fa1e9c066122f07288cd31fe76f84b84fc46374ee535b36a2d8495e420","root"
"AN/SPS-73","","","","","","","","","","","","","","","","","","","","","","2018-BASE_PROCUREMENT-2018-NAVY_SHIPBUILDINGANDCOVERSION-U_PROCUREMENT_MasterJustificationBook_Navy_PB_2018.zzz_unzipped-U_PROCUREMENT_MasterJustificationBook_Navy_PB_2018.xml","b6836e8f5cae238b72477d06bd8275a4b5f6643ffb0fbad18a73c25cb2c9b2b2","4-1a04f5e855b42667431ecae2ce285295eea5e675a9563f8e68030a0ae33bfae4","","9479-39a1b1fa1e9c066122f07288cd31fe76f84b84fc46374ee535b36a2d8495e420","root"
"MK 38 Mod 2 Stabilized Gun Stand Assembly","","","","","","3","","","","","","","","","","6.145","","","","","","2018-BASE_PROCUREMENT-2018-NAVY_SHIPBUILDINGANDCOVERSION-U_PROCUREMENT_MasterJustificationBook_Navy_PB_2018.zzz_unzipped-U_PROCUREMENT_MasterJustificationBook_Navy_PB_2018.xml","2663be4897e8bd7730e68372a57af357002d914757b1cea5272a0fbf7ea89d42","0-438b93494d78b4f27fb892730155248a673dde402f9d12ef7bd890b67e3d1a85","","9481-202dcde983147da76f982ac70c8a392614cda0834ff69069b8bb546e537b102b","root"
"AN/SPQ-14","","","","","","1","","","","","","","","","","2.537","","","","","","2018-BASE_PROCUREMENT-2018-NAVY_SHIPBUILDINGANDCOVERSION-U_PROCUREMENT_MasterJustificationBook_Navy_PB_2018.zzz_unzipped-U_PROCUREMENT_MasterJustificationBook_Navy_PB_2018.xml","2663be4897e8bd7730e68372a57af357002d914757b1cea5272a0fbf7ea89d42","1-3acb0fa2462c57d8a3b7b3e3dd39616378f8c0fa09d27f61f6bed6793e0cdf84","","9481-202dcde983147da76f982ac70c8a392614cda0834ff69069b8bb546e537b102b","root"
"MORIAH","","","","","","1","","","","","","","","","","1.762","","","","","","2018-BASE_PROCUREMENT-2018-NAVY_SHIPBUILDINGANDCOVERSION-U_PROCUREMENT_MasterJustificationBook_Navy_PB_2018.zzz_unzipped-U_PROCUREMENT_MasterJustificationBook_Navy_PB_2018.xml","2663be4897e8bd7730e68372a57af357002d914757b1cea5272a0fbf7ea89d42","2-ed701cf87a230042bcb6f4db8880f2c5e306bd1becb4c049085bbd48b8b9b3ab","","9481-202dcde983147da76f982ac70c8a392614cda0834ff69069b8bb546e537b102b","root"
"LANDING SIGNAL OFFICER DISPLAY SYSTEM (LSODS)","","","","","","1","1","","","","","","","","","2.112","1.941","","","","","2019-BASE_PROCUREMENT-2019-NAVY_SHIPBUILDINGANDCOVERSION-U_PROCUREMENT_JustificationBook_Navy_PB_2019.zzz_unzipped-U_PROCUREMENT_JustificationBook_Navy_PB_2019.xml","036eab869a099e08a81545eee0f4f7834f7c77ef6dd1087ed8062c6d5b68d43d","0-a5ef90f4e4284f990f547157dfd030a68c0f5c6e71d35413e9a1e32408de686d","","11053-4751e4f5814275fc07174f7ee9583345eb99c286ee5788b602e77d6b15d28efe","root"
"MORIAH BLOCK 2","","","","","","1","1","","","","","","","","","1.499","1.378","","","","","2019-BASE_PROCUREMENT-2019-NAVY_SHIPBUILDINGANDCOVERSION-U_PROCUREMENT_JustificationBook_Navy_PB_2019.zzz_unzipped-U_PROCUREMENT_JustificationBook_Navy_PB_2019.xml","036eab869a099e08a81545eee0f4f7834f7c77ef6dd1087ed8062c6d5b68d43d","1-179c6e455c8c13282ba39452b42473fdd54d83ed6a3862310d1c16e5794654a6","","11053-4751e4f5814275fc07174f7ee9583345eb99c286ee5788b602e77d6b15d28efe","root"
"LONG RANGE LINEUP SYSTEM (LRLS)","","","","","","1","1","","","","","","","","","0.966","0.933","","","","","2019-BASE_PROCUREMENT-2019-NAVY_SHIPBUILDINGANDCOVERSION-U_PROCUREMENT_JustificationBook_Navy_PB_2019.zzz_unzipped-U_PROCUREMENT_JustificationBook_Navy_PB_2019.xml","036eab869a099e08a81545eee0f4f7834f7c77ef6dd1087ed8062c6d5b68d43d","2-5b51f9af6dac2b48f7709ad35f3b4c5c82b7c8ff09ff5e2979f85c685b88f6b2","","11053-4751e4f5814275fc07174f7ee9583345eb99c286ee5788b602e77d6b15d28efe","root"
"IMPROVED FRESNEL LENS OPTICAL LANDING SYSTEM (IFLOLS)","","","","","","1","1","","","","","","","","","2.272","2.088","","","","","2019-BASE_PROCUREMENT-2019-NAVY_SHIPBUILDINGANDCOVERSION-U_PROCUREMENT_JustificationBook_Navy_PB_2019.zzz_unzipped-U_PROCUREMENT_JustificationBook_Navy_PB_2019.xml","036eab869a099e08a81545eee0f4f7834f7c77ef6dd1087ed8062c6d5b68d43d","3-4c2f302fc6e56665fb9f8668f9e9aae15f8bc4eed22175ac9d0adf042bc633f9","","11053-4751e4f5814275fc07174f7ee9583345eb99c286ee5788b602e77d6b15d28efe","root"
"INTEGRATED LAUNCH AND RECOVERY TELEVISION SYSTEM (ILARTS)","","","","","","1","1","","","","","","","","","5.544","5.096","","","","","2019-BASE_PROCUREMENT-2019-NAVY_SHIPBUILDINGANDCOVERSION-U_PROCUREMENT_JustificationBook_Navy_PB_2019.zzz_unzipped-U_PROCUREMENT_JustificationBook_Navy_PB_2019.xml","036eab869a099e08a81545eee0f4f7834f7c77ef6dd1087ed8062c6d5b68d43d","4-8d0a7a04719999fabbfd0683f6972367ff7ac380b626ca396bba2e20d69e6c0c","","11053-4751e4f5814275fc07174f7ee9583345eb99c286ee5788b602e77d6b15d28efe","root"
"COMBAT DIRECTION CENTER (CDC)/FLAG RIPOUT/INSTALL","","","","","1","","","","","","","","","","16.524","","","","","","","2019-BASE_PROCUREMENT-2019-NAVY_SHIPBUILDINGANDCOVERSION-U_PROCUREMENT_JustificationBook_Navy_PB_2019.zzz_unzipped-U_PROCUREMENT_JustificationBook_Navy_PB_2019.xml","3f04422267f18278d5d6f04f107d65e4403280e1024fb698d2f8e9e46d266e01","0-3ac0751c51cc1ef8dce7f3a6c53182012f6830d323a6661f3c147a1e235fabff","true","11066-7837b9a6e310dc9042ac9d7d36de56154c8b55a74426688b32ae0c81789568fa","root"
"AN/SPQ-9B - ANTI-SHIP CRUISE MISSILE DEFENSE RADAR","","","","","1","","","","","","","","","","3.728","","","","","","","2019-BASE_PROCUREMENT-2019-NAVY_SHIPBUILDINGANDCOVERSION-U_PROCUREMENT_JustificationBook_Navy_PB_2019.zzz_unzipped-U_PROCUREMENT_JustificationBook_Navy_PB_2019.xml","3f04422267f18278d5d6f04f107d65e4403280e1024fb698d2f8e9e46d266e01","1-a8446309d0b9583850847b5e223956f7bc0cfe2c1e3fe8106b1441e0d7dc611c","true","11066-7837b9a6e310dc9042ac9d7d36de56154c8b55a74426688b32ae0c81789568fa","root"
"SEAT SHOP MODIFICATIONS (JSF CVN)/PILOT EQUIPMENT AND HELM","","","","","1","","","","","","","","","","3.6","","","","","","","2019-BASE_PROCUREMENT-2019-NAVY_SHIPBUILDINGANDCOVERSION-U_PROCUREMENT_JustificationBook_Navy_PB_2019.zzz_unzipped-U_PROCUREMENT_JustificationBook_Navy_PB_2019.xml","3f04422267f18278d5d6f04f107d65e4403280e1024fb698d2f8e9e46d266e01","2-4137499f6a9546d4feeaabc8bcfec8f45b2ca64df24bfeaecb04eda12ae20446","true","11066-7837b9a6e310dc9042ac9d7d36de56154c8b55a74426688b32ae0c81789568fa","root"
"MK38 MOD 2 GUN SYSTEM","","","","","1","","","","","","","","","","2.03","","","","","","","2019-BASE_PROCUREMENT-2019-NAVY_SHIPBUILDINGANDCOVERSION-U_PROCUREMENT_JustificationBook_Navy_PB_2019.zzz_unzipped-U_PROCUREMENT_JustificationBook_Navy_PB_2019.xml","3f04422267f18278d5d6f04f107d65e4403280e1024fb698d2f8e9e46d266e01","3-19e5e2f6168e152a7ec6c8ec5c0a693bd16b1c6854db4ec2f875eb40768969f2","true","11066-7837b9a6e310dc9042ac9d7d36de56154c8b55a74426688b32ae0c81789568fa","root"
"AN/SQQ-34C - CARRIER TACTICAL SUPPORT CENTER","","","","","1","","","","","","","","","","1.287","","","","","","","2019-BASE_PROCUREMENT-2019-NAVY_SHIPBUILDINGANDCOVERSION-U_PROCUREMENT_JustificationBook_Navy_PB_2019.zzz_unzipped-U_PROCUREMENT_JustificationBook_Navy_PB_2019.xml","3f04422267f18278d5d6f04f107d65e4403280e1024fb698d2f8e9e46d266e01","4-8d05eeb8d703f042d25ece5e54ce78d608b399aca14adea834f8b46cd2bce4af","true","11066-7837b9a6e310dc9042ac9d7d36de56154c8b55a74426688b32ae0c81789568fa","root"
"RAM GUIDED MISSILE LAUNCHING SYSTEM","","","","","1","","","","","","","","","","1.188","","","","","","","2019-BASE_PROCUREMENT-2019-NAVY_SHIPBUILDINGANDCOVERSION-U_PROCUREMENT_JustificationBook_Navy_PB_2019.zzz_unzipped-U_PROCUREMENT_JustificationBook_Navy_PB_2019.xml","3f04422267f18278d5d6f04f107d65e4403280e1024fb698d2f8e9e46d266e01","5-0cc9475521c76b9889c958e8d2329bbeb5c7f68e70d3648e61b9b8966972752c","true","11066-7837b9a6e310dc9042ac9d7d36de56154c8b55a74426688b32ae0c81789568fa","root"
"BATTLE SPARES (AGS)","","","","","","","","","","","","","","","","","","18.449","","","","2019-BASE_PROCUREMENT-2019-NAVY_SHIPBUILDINGANDCOVERSION-U_PROCUREMENT_JustificationBook_Navy_PB_2019.zzz_unzipped-U_PROCUREMENT_JustificationBook_Navy_PB_2019.xml","384bbcfb660b583b57aa41ac827b7a4f96349bc3d635569d38c5399e81cf111b","0-224a8679d50990a064ca40c14b9a27b14d7b292f4625f37c3c4f56ddbc4705a5","","11067-c43d2d684cc54753fa8441f559551ed73fb80c7a87243fca61596d2b449caaa5","root"
"MK 32 SVTT","","","3","2","3","2","","2","","","","9.335","5.983","","8.826","6.101","","","5.785","","","2019-BASE_PROCUREMENT-2019-NAVY_SHIPBUILDINGANDCOVERSION-U_PROCUREMENT_JustificationBook_Navy_PB_2019.zzz_unzipped-U_PROCUREMENT_JustificationBook_Navy_PB_2019.xml","a1a47c8635cef5e8f1226c963ba3faf740a9814b8e16b8e7235117ff98b853fd","0-cafb00a59074642e427944f5f20ea13b911c8acf4aee844e38fd20afe2f70eff","","11068-b6a0c5db2ff80021f6dae902a5efe81d5f5944ded4e9435b5902fd11d6e94d48","root"
"ELECTRO-OPTICAL SYSTEM","","","3","2","3","2","","2","","","","9.878","6.331","","9.339","6.456","","","6.121","","","2019-BASE_PROCUREMENT-2019-NAVY_SHIPBUILDINGANDCOVERSION-U_PROCUREMENT_JustificationBook_Navy_PB_2019.zzz_unzipped-U_PROCUREMENT_JustificationBook_Navy_PB_2019.xml","a1a47c8635cef5e8f1226c963ba3faf740a9814b8e16b8e7235117ff98b853fd","1-27d936146ae11d32178a785770beb4661d96925132e0b0b490d9f72bb864aca2","","11068-b6a0c5db2ff80021f6dae902a5efe81d5f5944ded4e9435b5902fd11d6e94d48","root"
"MK 160 GFCS","","","3","2","3","2","","2","","","","10.272","6.584","","9.711","6.714","","","6.366","","","2019-BASE_PROCUREMENT-2019-NAVY_SHIPBUILDINGANDCOVERSION-U_PROCUREMENT_JustificationBook_Navy_PB_2019.zzz_unzipped-U_PROCUREMENT_JustificationBook_Navy_PB_2019.xml","a1a47c8635cef5e8f1226c963ba3faf740a9814b8e16b8e7235117ff98b853fd","2-f0b14f4be6260602306707de7ea3420e667af87f1c6e8a86980423c303149c22","","11068-b6a0c5db2ff80021f6dae902a5efe81d5f5944ded4e9435b5902fd11d6e94d48","root"
"ORDNANCE HANDLING EQUIPMENT","","","1","2","3","2","","3","","","","0.559","1.352","","1.284","0.894","","","1.262","","","2019-BASE_PROCUREMENT-2019-NAVY_SHIPBUILDINGANDCOVERSION-U_PROCUREMENT_JustificationBook_Navy_PB_2019.zzz_unzipped-U_PROCUREMENT_JustificationBook_Navy_PB_2019.xml","5152a3e67c89abc2820925748b17a30f7c8ff664b180b65af516e145f35dcb0b","0-0265fb1fc0cd4d0d01a15360d984ee0c948081340bca1de001fcce291bc8c196","","11069-e868d39929e77c441598ca6f0c2fb0f97b1c18c3d13efb7a60b65a5af3ff8237","root"
"SMALL ARMS, MACHINE GUNS","","","1","3","3","2","","","","","","0.382","0.783","","0.733","0.502","","","0.721","","","2019-BASE_PROCUREMENT-2019-NAVY_SHIPBUILDINGANDCOVERSION-U_PROCUREMENT_JustificationBook_Navy_PB_2019.zzz_unzipped-U_PROCUREMENT_JustificationBook_Navy_PB_2019.xml","5152a3e67c89abc2820925748b17a30f7c8ff664b180b65af516e145f35dcb0b","1-4980bb3c12d800f47fdb29286e3d992ab8fecede8b447af06ad55df24f0af417","","11069-e868d39929e77c441598ca6f0c2fb0f97b1c18c3d13efb7a60b65a5af3ff8237","root"
"50 CAL MACHINE GUN","","","","","","","","","","","","","0.18","","0.021","","","","","","","2019-BASE_PROCUREMENT-2019-NAVY_SHIPBUILDINGANDCOVERSION-U_PROCUREMENT_JustificationBook_Navy_PB_2019.zzz_unzipped-U_PROCUREMENT_JustificationBook_Navy_PB_2019.xml","169bc358bca4dfb8acf7b7efe08e701c479c593f5473f0f5b4ee6d1c0ad679db","0-9489b8b86bfdac550841118190c955cb0cfc2386889f1b4e1438b22cfd70f56d","","11070-4bcdfe9038b5e558a7fd095715ef5621ac2aad965874dd0c01003a18d87da3a8","root"
"ASGSI/HOSS/MWS Fit Control & Inst Land Sys","","","","","","","","","","","","","3.24","","3.44","","","","","","","2019-BASE_PROCUREMENT-2019-NAVY_SHIPBUILDINGANDCOVERSION-U_PROCUREMENT_JustificationBook_Navy_PB_2019.zzz_unzipped-U_PROCUREMENT_JustificationBook_Navy_PB_2019.xml","169bc358bca4dfb8acf7b7efe08e701c479c593f5473f0f5b4ee6d1c0ad679db","1-311e7f832af84f409873efb793f7062706c366685ac5870af618d0e4de828f59","","11070-4bcdfe9038b5e558a7fd095715ef5621ac2aad965874dd0c01003a18d87da3a8","root"
"ORDNANCE HANDLING EQUIPMENT","","","","","","","","","","","","","0.4","","0.427","","","","","","","2019-BASE_PROCUREMENT-2019-NAVY_SHIPBUILDINGANDCOVERSION-U_PROCUREMENT_JustificationBook_Navy_PB_2019.zzz_unzipped-U_PROCUREMENT_JustificationBook_Navy_PB_2019.xml","169bc358bca4dfb8acf7b7efe08e701c479c593f5473f0f5b4ee6d1c0ad679db","2-e57281f9015c6fc7cbf931e8ca9c689f2c4ad9a89dbd97d21133fa14a69144e8","","11070-4bcdfe9038b5e558a7fd095715ef5621ac2aad965874dd0c01003a18d87da3a8","root"
"MK 38 Mod 2 Stabilized Gun Stand Assembly","","","","3","","","","","","","","","6.145","","","","","","","","","2019-BASE_PROCUREMENT-2019-NAVY_SHIPBUILDINGANDCOVERSION-U_PROCUREMENT_JustificationBook_Navy_PB_2019.zzz_unzipped-U_PROCUREMENT_JustificationBook_Navy_PB_2019.xml","a4d7133e03bdb92eeb03e048445944f1304841c5b4b94ac0cf2aed06ecdd0c8c","0-23b021887fc3bbfd4a1d084f0bc305f6c894229cbc17e2624d93e037a00a58bd","","11072-f68249d9ccc45d5c596840a385437f3726f06ed6ebcc0c84209b7474f78319e8","root"
"AN/SPQ-14","","","","1","","","","","","","","","2.537","","","","","","","","","2019-BASE_PROCUREMENT-2019-NAVY_SHIPBUILDINGANDCOVERSION-U_PROCUREMENT_JustificationBook_Navy_PB_2019.zzz_unzipped-U_PROCUREMENT_JustificationBook_Navy_PB_2019.xml","a4d7133e03bdb92eeb03e048445944f1304841c5b4b94ac0cf2aed06ecdd0c8c","1-edbe465d7a8451643fa62da02ca03668944450fad18faa2ded1e6274448995e0","","11072-f68249d9ccc45d5c596840a385437f3726f06ed6ebcc0c84209b7474f78319e8","root"
"MORIAH","","","","1","","","","","","","","","1.762","","","","","","","","","2019-BASE_PROCUREMENT-2019-NAVY_SHIPBUILDINGANDCOVERSION-U_PROCUREMENT_JustificationBook_Navy_PB_2019.zzz_unzipped-U_PROCUREMENT_JustificationBook_Navy_PB_2019.xml","a4d7133e03bdb92eeb03e048445944f1304841c5b4b94ac0cf2aed06ecdd0c8c","2-3d047cca505d1a7b9f951c398bc0a954e24921fc2679df4758bc26ad90b7f76a","","11072-f68249d9ccc45d5c596840a385437f3726f06ed6ebcc0c84209b7474f78319e8","root"
"LANDING SIGNAL OFFICER DISPLAY SYSTEM (LSODS)","","","","","","1","1","","","","","","","","","2.112","1.941","","","","","2019-BASE_PROCUREMENT-2019-NAVY_SHIPBUILDINGANDCOVERSION-U_PROCUREMENT_MasterJustificationBook_Navy_PB_2019.zzz_unzipped-U_PROCUREMENT_MasterJustificationBook_Navy_PB_2019.xml","a9fbe5c21ca9d712d778740a9c71a88aeca9364f2ca88ca90b8d87825b9fbafd","0-81a7e3b91d2142646a2479f5e2d4dc48de39626df79df42f4b9aeb6de6c0b383","","11074-63c5fc01b67ad3e30a4e8bbd9734941283dc367131c1c4bb15c2989ef4c2e79d","root"
"MORIAH BLOCK 2","","","","","","1","1","","","","","","","","","1.499","1.378","","","","","2019-BASE_PROCUREMENT-2019-NAVY_SHIPBUILDINGANDCOVERSION-U_PROCUREMENT_MasterJustificationBook_Navy_PB_2019.zzz_unzipped-U_PROCUREMENT_MasterJustificationBook_Navy_PB_2019.xml","a9fbe5c21ca9d712d778740a9c71a88aeca9364f2ca88ca90b8d87825b9fbafd","1-856fa350356eec58d2388b46b81f0207ca73af5081fc8a3611d4c00792966f13","","11074-63c5fc01b67ad3e30a4e8bbd9734941283dc367131c1c4bb15c2989ef4c2e79d","root"
"LONG RANGE LINEUP SYSTEM (LRLS)","","","","","","1","1","","","","","","","","","0.966","0.933","","","","","2019-BASE_PROCUREMENT-2019-NAVY_SHIPBUILDINGANDCOVERSION-U_PROCUREMENT_MasterJustificationBook_Navy_PB_2019.zzz_unzipped-U_PROCUREMENT_MasterJustificationBook_Navy_PB_2019.xml","a9fbe5c21ca9d712d778740a9c71a88aeca9364f2ca88ca90b8d87825b9fbafd","2-67345c016178dfcc3365012e923eaac57d33a53f244066bf9f543aef9ca01996","","11074-63c5fc01b67ad3e30a4e8bbd9734941283dc367131c1c4bb15c2989ef4c2e79d","root"
"IMPROVED FRESNEL LENS OPTICAL LANDING SYSTEM (IFLOLS)","","","","","","1","1","","","","","","","","","2.272","2.088","","","","","2019-BASE_PROCUREMENT-2019-NAVY_SHIPBUILDINGANDCOVERSION-U_PROCUREMENT_MasterJustificationBook_Navy_PB_2019.zzz_unzipped-U_PROCUREMENT_MasterJustificationBook_Navy_PB_2019.xml","a9fbe5c21ca9d712d778740a9c71a88aeca9364f2ca88ca90b8d87825b9fbafd","3-1454b8b5e02c5d2abcdce9cac806207777230e398ee8e712781ff19fe090d162","","11074-63c5fc01b67ad3e30a4e8bbd9734941283dc367131c1c4bb15c2989ef4c2e79d","root"
"INTEGRATED LAUNCH AND RECOVERY TELEVISION SYSTEM (ILARTS)","","","","","","1","1","","","","","","","","","5.544","5.096","","","","","2019-BASE_PROCUREMENT-2019-NAVY_SHIPBUILDINGANDCOVERSION-U_PROCUREMENT_MasterJustificationBook_Navy_PB_2019.zzz_unzipped-U_PROCUREMENT_MasterJustificationBook_Navy_PB_2019.xml","a9fbe5c21ca9d712d778740a9c71a88aeca9364f2ca88ca90b8d87825b9fbafd","4-037c3608f6323b6b993a1824ad5ab86f0681c88bab2679ef0d685e2dc41dad5b","","11074-63c5fc01b67ad3e30a4e8bbd9734941283dc367131c1c4bb15c2989ef4c2e79d","root"
"COMBAT DIRECTION CENTER (CDC)/FLAG RIPOUT/INSTALL","","","","","1","","","","","","","","","","16.524","","","","","","","2019-BASE_PROCUREMENT-2019-NAVY_SHIPBUILDINGANDCOVERSION-U_PROCUREMENT_MasterJustificationBook_Navy_PB_2019.zzz_unzipped-U_PROCUREMENT_MasterJustificationBook_Navy_PB_2019.xml","8e712934068abd23958514556a25c137e290832dbeb92748a5baadb930834b13","0-98f74d97a1a5d14c6a2e1754821f8eeab509548a194cc6056e271a467bc668c4","true","11087-31d6f45e0600c38bf0d76ac2805697542475f6fe3e2273295c22944095898902","root"
"AN/SPQ-9B - ANTI-SHIP CRUISE MISSILE DEFENSE RADAR","","","","","1","","","","","","","","","","3.728","","","","","","","2019-BASE_PROCUREMENT-2019-NAVY_SHIPBUILDINGANDCOVERSION-U_PROCUREMENT_MasterJustificationBook_Navy_PB_2019.zzz_unzipped-U_PROCUREMENT_MasterJustificationBook_Navy_PB_2019.xml","8e712934068abd23958514556a25c137e290832dbeb92748a5baadb930834b13","1-cccee26e48f2164beee63424f2e1942236ec6245002985e28a2c705e75a5c3a0","true","11087-31d6f45e0600c38bf0d76ac2805697542475f6fe3e2273295c22944095898902","root"
"SEAT SHOP MODIFICATIONS (JSF CVN)/PILOT EQUIPMENT AND HELM","","","","","1","","","","","","","","","","3.6","","","","","","","2019-BASE_PROCUREMENT-2019-NAVY_SHIPBUILDINGANDCOVERSION-U_PROCUREMENT_MasterJustificationBook_Navy_PB_2019.zzz_unzipped-U_PROCUREMENT_MasterJustificationBook_Navy_PB_2019.xml","8e712934068abd23958514556a25c137e290832dbeb92748a5baadb930834b13","2-4ac0d0d8cc406af86be2cb93fa4945693a5f3e49753e5ff1ad80f3692ab0001a","true","11087-31d6f45e0600c38bf0d76ac2805697542475f6fe3e2273295c22944095898902","root"
"MK38 MOD 2 GUN SYSTEM","","","","","1","","","","","","","","","","2.03","","","","","","","2019-BASE_PROCUREMENT-2019-NAVY_SHIPBUILDINGANDCOVERSION-U_PROCUREMENT_MasterJustificationBook_Navy_PB_2019.zzz_unzipped-U_PROCUREMENT_MasterJustificationBook_Navy_PB_2019.xml","8e712934068abd23958514556a25c137e290832dbeb92748a5baadb930834b13","3-d93f47642a2d7f00941a9a6341981f45e1341ee00f53b7839aa891c5f20d1162","true","11087-31d6f45e0600c38bf0d76ac2805697542475f6fe3e2273295c22944095898902","root"
"AN/SQQ-34C - CARRIER TACTICAL SUPPORT CENTER","","","","","1","","","","","","","","","","1.287","","","","","","","2019-BASE_PROCUREMENT-2019-NAVY_SHIPBUILDINGANDCOVERSION-U_PROCUREMENT_MasterJustificationBook_Navy_PB_2019.zzz_unzipped-U_PROCUREMENT_MasterJustificationBook_Navy_PB_2019.xml","8e712934068abd23958514556a25c137e290832dbeb92748a5baadb930834b13","4-eb39a4a4d7fc503617f9ad69f52bf08fba8a81fe51e90814abb597456f5d5b7c","true","11087-31d6f45e0600c38bf0d76ac2805697542475f6fe3e2273295c22944095898902","root"
"RAM GUIDED MISSILE LAUNCHING SYSTEM","","","","","1","","","","","","","","","","1.188","","","","","","","2019-BASE_PROCUREMENT-2019-NAVY_SHIPBUILDINGANDCOVERSION-U_PROCUREMENT_MasterJustificationBook_Navy_PB_2019.zzz_unzipped-U_PROCUREMENT_MasterJustificationBook_Navy_PB_2019.xml","8e712934068abd23958514556a25c137e290832dbeb92748a5baadb930834b13","5-8d04368bdeeccf749b1eb0e23945ac36b9c54e075869592b1ff8412d49bda379","true","11087-31d6f45e0600c38bf0d76ac2805697542475f6fe3e2273295c22944095898902","root"
"BATTLE SPARES (AGS)","","","","","","","","","","","","","","","","","","18.449","","","","2019-BASE_PROCUREMENT-2019-NAVY_SHIPBUILDINGANDCOVERSION-U_PROCUREMENT_MasterJustificationBook_Navy_PB_2019.zzz_unzipped-U_PROCUREMENT_MasterJustificationBook_Navy_PB_2019.xml","eb65c52dd93ce16c20d00a7266f3d388040779562cbb7747c2c0d892437bc207","0-176cc6530a051d2b656f07aa0a548981e9aad06de151288ee90cb1072966943b","","11088-2b5f1ea043a79572563a3d7f6423ef77860772371ec664cd890e30763c951e96","root"
"MK 32 SVTT","","","3","2","3","2","","2","","","","9.335","5.983","","8.826","6.101","","","5.785","","","2019-BASE_PROCUREMENT-2019-NAVY_SHIPBUILDINGANDCOVERSION-U_PROCUREMENT_MasterJustificationBook_Navy_PB_2019.zzz_unzipped-U_PROCUREMENT_MasterJustificationBook_Navy_PB_2019.xml","7ccb09e5aa0dcd2ff656bb6257f40762290470295a3462fc198202ddc187b82f","0-e031b761e30fecc5932699dd92f70b5a2725436b496726d982be5a48490f45ee","","11089-836c4e0790f9534dad39d37158de9f8beb4638a01c45c59cf317235b7ad29b11","root"
"ELECTRO-OPTICAL SYSTEM","","","3","2","3","2","","2","","","","9.878","6.331","","9.339","6.456","","","6.121","","","2019-BASE_PROCUREMENT-2019-NAVY_SHIPBUILDINGANDCOVERSION-U_PROCUREMENT_MasterJustificationBook_Navy_PB_2019.zzz_unzipped-U_PROCUREMENT_MasterJustificationBook_Navy_PB_2019.xml","7ccb09e5aa0dcd2ff656bb6257f40762290470295a3462fc198202ddc187b82f","1-859f1bde0a6ac0b6399f55ee498313cf35e38bb92edb3c7c2fb05f168d395aae","","11089-836c4e0790f9534dad39d37158de9f8beb4638a01c45c59cf317235b7ad29b11","root"
"MK 160 GFCS","","","3","2","3","2","","2","","","","10.272","6.584","","9.711","6.714","","","6.366","","","2019-BASE_PROCUREMENT-2019-NAVY_SHIPBUILDINGANDCOVERSION-U_PROCUREMENT_MasterJustificationBook_Navy_PB_2019.zzz_unzipped-U_PROCUREMENT_MasterJustificationBook_Navy_PB_2019.xml","7ccb09e5aa0dcd2ff656bb6257f40762290470295a3462fc198202ddc187b82f","2-f155c9551877524667de4d58195c572e6dcaa4a8fe4bd5b6c45ee5fa937456f5","","11089-836c4e0790f9534dad39d37158de9f8beb4638a01c45c59cf317235b7ad29b11","root"
"ORDNANCE HANDLING EQUIPMENT","","","1","2","3","2","","3","","","","0.559","1.352","","1.284","0.894","","","1.262","","","2019-BASE_PROCUREMENT-2019-NAVY_SHIPBUILDINGANDCOVERSION-U_PROCUREMENT_MasterJustificationBook_Navy_PB_2019.zzz_unzipped-U_PROCUREMENT_MasterJustificationBook_Navy_PB_2019.xml","8d346b790189bfc9a641dace4de6f22c2edf1c141b63425557194b004b65ee77","0-defc6eaf1955f865c39dc5bba3bb2a685b74fc39a43d1f93c6106229eee7fc4b","","11090-258839ef2568b6a58a3801613211753dbe6daa5a5ac53c44e6d3c9a3aba15269","root"
"SMALL ARMS, MACHINE GUNS","","","1","3","3","2","","","","","","0.382","0.783","","0.733","0.502","","","0.721","","","2019-BASE_PROCUREMENT-2019-NAVY_SHIPBUILDINGANDCOVERSION-U_PROCUREMENT_MasterJustificationBook_Navy_PB_2019.zzz_unzipped-U_PROCUREMENT_MasterJustificationBook_Navy_PB_2019.xml","8d346b790189bfc9a641dace4de6f22c2edf1c141b63425557194b004b65ee77","1-1d696f0b797056ce63b945bd9e92e642c51bd93cc4153616d9b28a0e69b48352","","11090-258839ef2568b6a58a3801613211753dbe6daa5a5ac53c44e6d3c9a3aba15269","root"
"50 CAL MACHINE GUN","","","","","","","","","","","","","0.18","","0.021","","","","","","","2019-BASE_PROCUREMENT-2019-NAVY_SHIPBUILDINGANDCOVERSION-U_PROCUREMENT_MasterJustificationBook_Navy_PB_2019.zzz_unzipped-U_PROCUREMENT_MasterJustificationBook_Navy_PB_2019.xml","14191acf83148e2c874d70c0ea032878d423d04892e841aeca18c4529a27d12b","0-f4c7235de59f561f9fec4a0e1a92d231ef0b7f746630f7deb837a0df152f4a0b","","11091-a0556705b98b14141dc7e86db4a709d8bdc0c77473be09beeddadc218bb00889","root"
"ASGSI/HOSS/MWS Fit Control & Inst Land Sys","","","","","","","","","","","","","3.24","","3.44","","","","","","","2019-BASE_PROCUREMENT-2019-NAVY_SHIPBUILDINGANDCOVERSION-U_PROCUREMENT_MasterJustificationBook_Navy_PB_2019.zzz_unzipped-U_PROCUREMENT_MasterJustificationBook_Navy_PB_2019.xml","14191acf83148e2c874d70c0ea032878d423d04892e841aeca18c4529a27d12b","1-66a8d457f446cde71f10821c5016992d6a87e3fdfd13e2c97409b5014b81105a","","11091-a0556705b98b14141dc7e86db4a709d8bdc0c77473be09beeddadc218bb00889","root"
"ORDNANCE HANDLING EQUIPMENT","","","","","","","","","","","","","0.4","","0.427","","","","","","","2019-BASE_PROCUREMENT-2019-NAVY_SHIPBUILDINGANDCOVERSION-U_PROCUREMENT_MasterJustificationBook_Navy_PB_2019.zzz_unzipped-U_PROCUREMENT_MasterJustificationBook_Navy_PB_2019.xml","14191acf83148e2c874d70c0ea032878d423d04892e841aeca18c4529a27d12b","2-6bd79c8be8b169cf0be9295e8f12dd9280d478c6bc187c024909e850b48a1564","","11091-a0556705b98b14141dc7e86db4a709d8bdc0c77473be09beeddadc218bb00889","root"
"MK 38 Mod 2 Stabilized Gun Stand Assembly","","","","3","","","","","","","","","6.145","","","","","","","","","2019-BASE_PROCUREMENT-2019-NAVY_SHIPBUILDINGANDCOVERSION-U_PROCUREMENT_MasterJustificationBook_Navy_PB_2019.zzz_unzipped-U_PROCUREMENT_MasterJustificationBook_Navy_PB_2019.xml","651aa59353d9c137c7c7ed7efa2f74bb1e3d8f4c6ed3eced3278e337253be7e6","0-962d67f14191026e4421d241978c048ead4c28a176facb62227566da9512977c","","11093-431402ce658f3a94510db4baa268c639defff2b162fb59bbd119d13ab4567bbf","root"
"AN/SPQ-14","","","","1","","","","","","","","","2.537","","","","","","","","","2019-BASE_PROCUREMENT-2019-NAVY_SHIPBUILDINGANDCOVERSION-U_PROCUREMENT_MasterJustificationBook_Navy_PB_2019.zzz_unzipped-U_PROCUREMENT_MasterJustificationBook_Navy_PB_2019.xml","651aa59353d9c137c7c7ed7efa2f74bb1e3d8f4c6ed3eced3278e337253be7e6","1-5d7e862a455c2c7e57153623f9780964930677cb1e22e36886cfcb974422e09d","","11093-431402ce658f3a94510db4baa268c639defff2b162fb59bbd119d13ab4567bbf","root"
"MORIAH","","","","1","","","","","","","","","1.762","","","","","","","","","2019-BASE_PROCUREMENT-2019-NAVY_SHIPBUILDINGANDCOVERSION-U_PROCUREMENT_MasterJustificationBook_Navy_PB_2019.zzz_unzipped-U_PROCUREMENT_MasterJustificationBook_Navy_PB_2019.xml","651aa59353d9c137c7c7ed7efa2f74bb1e3d8f4c6ed3eced3278e337253be7e6","2-98b95d0b86ecffa17c769ab724a0da07fbed8fc90651f1769115f3294b28be00","","11093-431402ce658f3a94510db4baa268c639defff2b162fb59bbd119d13ab4567bbf","root"
"LANDING SIGNAL OFFICER DISPLAY SYSTEM (LSODS)","","","1","1","","","","","1","","","2.098","2.112","","","","","","","1.927","","2020-BASE_PROCUREMENT-2020-NAVY_SHIPBUILDINGANDCOVERSION-U_PROCUREMENT_JustificationBook_Navy_PB_2020.zzz_unzipped-U_PROCUREMENT_JustificationBook_Navy_PB_2020.xml","32504ad2a7e688527244f05aaddd99f674ca8968fcba75209474740d4df46dfa","0-614856fbb3a7881715bf45d46eb325809a95281d045e9285ee39e96c148dc63d","","12613-85624c00d660248748a042a38f2fecf934cbf4958ff73f5fe7711eba88194ad7","root"
"MORIAH BLOCK 2","","","1","1","","","","","1","","","1.49","1.499","","","","","","","1.365","","2020-BASE_PROCUREMENT-2020-NAVY_SHIPBUILDINGANDCOVERSION-U_PROCUREMENT_JustificationBook_Navy_PB_2020.zzz_unzipped-U_PROCUREMENT_JustificationBook_Navy_PB_2020.xml","32504ad2a7e688527244f05aaddd99f674ca8968fcba75209474740d4df46dfa","1-e585c8324d16f6e86266750a637d8373ddb2d316aa7ba6b11d6733e63a9379f5","","12613-85624c00d660248748a042a38f2fecf934cbf4958ff73f5fe7711eba88194ad7","root"
"LONG RANGE LINEUP SYSTEM (LRLS)","","","1","1","","","","","1","","","0.96","0.966","","","","","","","0.926","","2020-BASE_PROCUREMENT-2020-NAVY_SHIPBUILDINGANDCOVERSION-U_PROCUREMENT_JustificationBook_Navy_PB_2020.zzz_unzipped-U_PROCUREMENT_JustificationBook_Navy_PB_2020.xml","32504ad2a7e688527244f05aaddd99f674ca8968fcba75209474740d4df46dfa","2-b85055ba23bf7a3b5c2bc917aec14efa5e0c6f567dc1d25ecb6b145471d272e1","","12613-85624c00d660248748a042a38f2fecf934cbf4958ff73f5fe7711eba88194ad7","root"
"IMPROVED FRESNEL LENS OPTICAL LANDING SYSTEM (IFLOLS)","","","1","1","","","","","1","","","2.257","2.272","","","","","","","2.073","","2020-BASE_PROCUREMENT-2020-NAVY_SHIPBUILDINGANDCOVERSION-U_PROCUREMENT_JustificationBook_Navy_PB_2020.zzz_unzipped-U_PROCUREMENT_JustificationBook_Navy_PB_2020.xml","32504ad2a7e688527244f05aaddd99f674ca8968fcba75209474740d4df46dfa","3-665b60fb5fb58904f91c3a66e45f1d2e1e7deda88cc5a99f2f53ff0c766373c2","","12613-85624c00d660248748a042a38f2fecf934cbf4958ff73f5fe7711eba88194ad7","root"
"INTEGRATED LAUNCH AND RECOVERY TELEVISION SYSTEM (ILARTS)","","","1","1","","","","","1","","","5.509","5.544","","","","","","","4.685","","2020-BASE_PROCUREMENT-2020-NAVY_SHIPBUILDINGANDCOVERSION-U_PROCUREMENT_JustificationBook_Navy_PB_2020.zzz_unzipped-U_PROCUREMENT_JustificationBook_Navy_PB_2020.xml","32504ad2a7e688527244f05aaddd99f674ca8968fcba75209474740d4df46dfa","4-01270dcb3fdeb0bc1ad393239049acd3708f1b94152861cee83500cdde5621f0","","12613-85624c00d660248748a042a38f2fecf934cbf4958ff73f5fe7711eba88194ad7","root"
"MK 38 Mod 2 Stabilized Gun Stand Assembly","","","","","3","","","","","","","","","","6.145","","","","","","","2020-BASE_PROCUREMENT-2020-NAVY_SHIPBUILDINGANDCOVERSION-U_PROCUREMENT_JustificationBook_Navy_PB_2020.zzz_unzipped-U_PROCUREMENT_JustificationBook_Navy_PB_2020.xml","a30fb163f04d29291638d311bbf03be8dc48823cfa05a2f328112ff44f545d50","0-385948019cc449b4c6db2a1d4bb39ff2986f2ceef6937c2f6757c1c92887f42d","","12614-a4d61d0802ee2207836eb8979a44ab9157470af84899c861a3e3ef34ba0ef4fe","root"
"AN/SPQ-14","","","","","1","","","","","","","","","","2.537","","","","","","","2020-BASE_PROCUREMENT-2020-NAVY_SHIPBUILDINGANDCOVERSION-U_PROCUREMENT_JustificationBook_Navy_PB_2020.zzz_unzipped-U_PROCUREMENT_JustificationBook_Navy_PB_2020.xml","a30fb163f04d29291638d311bbf03be8dc48823cfa05a2f328112ff44f545d50","1-c66ec5734246effaf23c2d5269af4519030771cf6f159a045ff5d99e28eabff4","","12614-a4d61d0802ee2207836eb8979a44ab9157470af84899c861a3e3ef34ba0ef4fe","root"
"MORIAH","","","","","1","","","","","","","","","","1.762","","","","","","","2020-BASE_PROCUREMENT-2020-NAVY_SHIPBUILDINGANDCOVERSION-U_PROCUREMENT_JustificationBook_Navy_PB_2020.zzz_unzipped-U_PROCUREMENT_JustificationBook_Navy_PB_2020.xml","a30fb163f04d29291638d311bbf03be8dc48823cfa05a2f328112ff44f545d50","2-95639516738713e67ab7fc6003b2cacd489f56bd66ab6255285a3f4ee84125d2","","12614-a4d61d0802ee2207836eb8979a44ab9157470af84899c861a3e3ef34ba0ef4fe","root"
"50 CAL MACHINE GUN","","","","","","","","","","","","","","","0.18","","","","0.021","","","2020-BASE_PROCUREMENT-2020-NAVY_SHIPBUILDINGANDCOVERSION-U_PROCUREMENT_JustificationBook_Navy_PB_2020.zzz_unzipped-U_PROCUREMENT_JustificationBook_Navy_PB_2020.xml","61c75f4854ca92250e7faa2931112113ac0649a293e0256c0de12704ee4d411a","0-9f82801a54fa583faf28cdb071bbc8c9b2d50a4e94f5f830580952e82bc9c4ce","","12616-6956f98b87b2742a32bb04f67fdf09a66fed5cf3ccd9f032c58626bf6a20fc9d","root"
"ASGSI/HOSS/MWS Fit Control & Inst Land Sys","","","","","","","","","","","","","","","3.24","","","","3.44","","","2020-BASE_PROCUREMENT-2020-NAVY_SHIPBUILDINGANDCOVERSION-U_PROCUREMENT_JustificationBook_Navy_PB_2020.zzz_unzipped-U_PROCUREMENT_JustificationBook_Navy_PB_2020.xml","61c75f4854ca92250e7faa2931112113ac0649a293e0256c0de12704ee4d411a","1-5e6d814c1b667dd108ac73467cb30a86d4058b02399ea5ea10ddd7126cf8a4f2","","12616-6956f98b87b2742a32bb04f67fdf09a66fed5cf3ccd9f032c58626bf6a20fc9d","root"
"ORDNANCE HANDLING EQUIPMENT","","","","","","","","","","","","","","","0.4","","","","0.427","","","2020-BASE_PROCUREMENT-2020-NAVY_SHIPBUILDINGANDCOVERSION-U_PROCUREMENT_JustificationBook_Navy_PB_2020.zzz_unzipped-U_PROCUREMENT_JustificationBook_Navy_PB_2020.xml","61c75f4854ca92250e7faa2931112113ac0649a293e0256c0de12704ee4d411a","2-6657ca0095c6114712b5f92eec09ef954c7ad81221fd03a9c74939d1d0399c89","","12616-6956f98b87b2742a32bb04f67fdf09a66fed5cf3ccd9f032c58626bf6a20fc9d","root"
"COMBAT DIRECTION CENTER (CDC)/FLAG RIPOUT/INSTALL","","","1","","","","","1","","","","17.02","","","","","","","16.524","","","2020-BASE_PROCUREMENT-2020-NAVY_SHIPBUILDINGANDCOVERSION-U_PROCUREMENT_JustificationBook_Navy_PB_2020.zzz_unzipped-U_PROCUREMENT_JustificationBook_Navy_PB_2020.xml","79df57bc99fb77f6f94f2d8202847567fc765bce66445ff4e4e663760799e6e1","0-b2ae23c2c6120f4c18ae3046f7393706ee11c84f6fd61d1ff3ae6b0b559cf6b7","true","12629-3d8c5d1e76fb10712739a98d014b0e59b530c88a8a90ee96c988eb58527fd863","root"
"AN/SPQ-9B - ANTI-SHIP CRUISE MISSILE DEFENSE RADAR","","","1","","","","","1","","","","4.472","","","","","","","3.624","","","2020-BASE_PROCUREMENT-2020-NAVY_SHIPBUILDINGANDCOVERSION-U_PROCUREMENT_JustificationBook_Navy_PB_2020.zzz_unzipped-U_PROCUREMENT_JustificationBook_Navy_PB_2020.xml","79df57bc99fb77f6f94f2d8202847567fc765bce66445ff4e4e663760799e6e1","1-4e7a0b7a1955ee47ecc8acbe6d66ee0e67a86649022edc0b828aadf425f9f16f","true","12629-3d8c5d1e76fb10712739a98d014b0e59b530c88a8a90ee96c988eb58527fd863","root"
"MK 38 MOD 2 GUN SYSTEM","","","","","","","","1","","","","","","","","","","","2.03","","","2020-BASE_PROCUREMENT-2020-NAVY_SHIPBUILDINGANDCOVERSION-U_PROCUREMENT_JustificationBook_Navy_PB_2020.zzz_unzipped-U_PROCUREMENT_JustificationBook_Navy_PB_2020.xml","79df57bc99fb77f6f94f2d8202847567fc765bce66445ff4e4e663760799e6e1","2-f71ac81e16fc586bee49872fe5392b2af782b5b2b5d7d41a030c824a2fcffac1","true","12629-3d8c5d1e76fb10712739a98d014b0e59b530c88a8a90ee96c988eb58527fd863","root"
"AN/SQQ-34C - CARRIER TACTICAL SUPPORT CENTER","","","1","","","","","1","","","","2.485","","","","","","","1.287","","","2020-BASE_PROCUREMENT-2020-NAVY_SHIPBUILDINGANDCOVERSION-U_PROCUREMENT_JustificationBook_Navy_PB_2020.zzz_unzipped-U_PROCUREMENT_JustificationBook_Navy_PB_2020.xml","79df57bc99fb77f6f94f2d8202847567fc765bce66445ff4e4e663760799e6e1","3-26ac0a81db2afb94da7017b2214f1e4b132a9630a252cd5e9df74c920cf34446","true","12629-3d8c5d1e76fb10712739a98d014b0e59b530c88a8a90ee96c988eb58527fd863","root"
"RAM GUIDED MISSILE LAUNCHING SYSTEM","","","1","","","","","1","","","","2.542","","","","","","","1.185","","","2020-BASE_PROCUREMENT-2020-NAVY_SHIPBUILDINGANDCOVERSION-U_PROCUREMENT_JustificationBook_Navy_PB_2020.zzz_unzipped-U_PROCUREMENT_JustificationBook_Navy_PB_2020.xml","79df57bc99fb77f6f94f2d8202847567fc765bce66445ff4e4e663760799e6e1","4-ac751ec4adafc0ad4f244ecdc2221c63697f017845ad874d6ab7ac95dd763d5a","true","12629-3d8c5d1e76fb10712739a98d014b0e59b530c88a8a90ee96c988eb58527fd863","root"
"MK 53 DECOY LAUNCHING SYSTEM (DLS)","","","1","","","","","","","","","5.725","","","","","","","","","","2020-BASE_PROCUREMENT-2020-NAVY_SHIPBUILDINGANDCOVERSION-U_PROCUREMENT_JustificationBook_Navy_PB_2020.zzz_unzipped-U_PROCUREMENT_JustificationBook_Navy_PB_2020.xml","79df57bc99fb77f6f94f2d8202847567fc765bce66445ff4e4e663760799e6e1","5-37cdced9c602d9221693217a2ee51b82bb15fd0dec9bad0b2425e7466846ba02","true","12629-3d8c5d1e76fb10712739a98d014b0e59b530c88a8a90ee96c988eb58527fd863","root"
"BATTLE SPARES (AGS)","","","","","","","","","","","","","","","","","","","","","18.449","2020-BASE_PROCUREMENT-2020-NAVY_SHIPBUILDINGANDCOVERSION-U_PROCUREMENT_JustificationBook_Navy_PB_2020.zzz_unzipped-U_PROCUREMENT_JustificationBook_Navy_PB_2020.xml","8644d6cf0ff072d3154c0109223402de2d9d8f52cc878b156fc73009c9601119","0-30b458dd4c34e42f312bac6562324eba267f1717ca66cfa81beeb9f1982e5324","","12630-85983e0fddb6c58a88d0115e70e66668466caa1debda4d223caa9d10d5d43fa0","root"
"MK 32 Surface Vessel Torpedo Tubes (SVTT)","","2","3","2","2","3","","3","","","5.785","9.52","6.101","","5.983","9.335","","","8.826","","","2020-BASE_PROCUREMENT-2020-NAVY_SHIPBUILDINGANDCOVERSION-U_PROCUREMENT_JustificationBook_Navy_PB_2020.zzz_unzipped-U_PROCUREMENT_JustificationBook_Navy_PB_2020.xml","f88449ebd51dedd31a2638fdba5e14252aa210ecf7ac5ea8d1c24b9a55389b12","0-ebf5e418a74cf4f6dd17615dc2ec298930ec5f973dc997a4db2ad4f6f86fcdc1","","12631-80ef3dd9bc28556129da10b16e57ba772ef8c010d6125b6566b9f66702d5454d","root"
"ELECTRO-OPTICAL SYSTEM","","2","3","2","2","3","","3","","","6.121","10.075","6.456","","6.331","9.878","","","9.339","","","2020-BASE_PROCUREMENT-2020-NAVY_SHIPBUILDINGANDCOVERSION-U_PROCUREMENT_JustificationBook_Navy_PB_2020.zzz_unzipped-U_PROCUREMENT_JustificationBook_Navy_PB_2020.xml","f88449ebd51dedd31a2638fdba5e14252aa210ecf7ac5ea8d1c24b9a55389b12","1-a3586fcaa0a33e4ab601874586baf96910cd5213b0a733432502064317f1470e","","12631-80ef3dd9bc28556129da10b16e57ba772ef8c010d6125b6566b9f66702d5454d","root"
"MK 160 Gun Fire Control System (GFCS)","","2","3","2","2","3","","3","","","6.366","10.477","6.714","","6.584","10.272","","","9.711","","","2020-BASE_PROCUREMENT-2020-NAVY_SHIPBUILDINGANDCOVERSION-U_PROCUREMENT_JustificationBook_Navy_PB_2020.zzz_unzipped-U_PROCUREMENT_JustificationBook_Navy_PB_2020.xml","f88449ebd51dedd31a2638fdba5e14252aa210ecf7ac5ea8d1c24b9a55389b12","2-9d734b31c20ef022dce4939d65e8b985f4f4da46b510618eab5fec02c75cf6a4","","12631-80ef3dd9bc28556129da10b16e57ba772ef8c010d6125b6566b9f66702d5454d","root"
"ORDNANCE HANDLING EQUIPMENT","","3","","2","2","2","","3","","","1.262","","1.39","","1.352","1.413","","","1.284","","","2020-BASE_PROCUREMENT-2020-NAVY_SHIPBUILDINGANDCOVERSION-U_PROCUREMENT_JustificationBook_Navy_PB_2020.zzz_unzipped-U_PROCUREMENT_JustificationBook_Navy_PB_2020.xml","3a50af76787ade8e6e39ac7fb379b076ab9a8df59659f988b8b17ea8a6e28f09","0-d7cc30d825354d73ac4b676c04d825ba66162400d2936fd303e85c7de9f86ce1","","12632-a6d89756e42da3a1263550f7eceab5961bb939faaa8522cb32d5bff39891ca63","root"
"SMALL ARMS, MACHINE GUNS","","","","3","3","3","","3","","","0.721","","0.811","","0.783","0.917","","","0.733","","","2020-BASE_PROCUREMENT-2020-NAVY_SHIPBUILDINGANDCOVERSION-U_PROCUREMENT_JustificationBook_Navy_PB_2020.zzz_unzipped-U_PROCUREMENT_JustificationBook_Navy_PB_2020.xml","3a50af76787ade8e6e39ac7fb379b076ab9a8df59659f988b8b17ea8a6e28f09","1-5bf33a3208bbaf64c3ed897cbbfb3fd898823e02316cf64e3fe851d97ea85a17","","12632-a6d89756e42da3a1263550f7eceab5961bb939faaa8522cb32d5bff39891ca63","root"
"Over-The-Horizon Missile Launcher  (OTH)- 8 Canister","","","1","","","","","","","","","2.95","","","","","","","","","","2020-BASE_PROCUREMENT-2020-NAVY_SHIPBUILDINGANDCOVERSION-U_PROCUREMENT_JustificationBook_Navy_PB_2020.zzz_unzipped-U_PROCUREMENT_JustificationBook_Navy_PB_2020.xml","c28c27813a2cf7ded6b86fcbf9224130d193279ad60a95d269b6367bacde8fe9","0-8861176cb6a2b5d0a039677cbf40a6892702b9748408be41cfb6bb5a79858116","","12633-f6396dcffea2eee7defbd825fc92b460fdf406dc8a73a78d003cf6b69fc7128d","root"
"MK 53 Decoy Launching System (DLS) (Nulka)- 4 Launcher","","","1","","","","","","","","","1.523","","","","","","","","","","2020-BASE_PROCUREMENT-2020-NAVY_SHIPBUILDINGANDCOVERSION-U_PROCUREMENT_JustificationBook_Navy_PB_2020.zzz_unzipped-U_PROCUREMENT_JustificationBook_Navy_PB_2020.xml","c28c27813a2cf7ded6b86fcbf9224130d193279ad60a95d269b6367bacde8fe9","1-f683e2a28b2c6263db99b42a4f7eed1acb814dc3c7e7b1c4d383e9a522292b1f","","12633-f6396dcffea2eee7defbd825fc92b460fdf406dc8a73a78d003cf6b69fc7128d","root"
"50 CAL MACHINE GUN","","","","","","","","","","","","","0.183","","","","","","","","","2020-BASE_PROCUREMENT-2020-NAVY_SHIPBUILDINGANDCOVERSION-U_PROCUREMENT_JustificationBook_Navy_PB_2020.zzz_unzipped-U_PROCUREMENT_JustificationBook_Navy_PB_2020.xml","9c168386c667ef3d36f81563d2d4cc8667e0a613f9f857e619b298d98031ffd5","0-164595a05462d01a2f70c8276d04953b437fc298e8c25fdb90b76c285f6a635f","","12634-63e4f732c4ea32fb07c2dfef9565cb532132eda28b681cb9db8303a0b1fcf281","root"
"ASGSI/HOSS/MWS Fit Control & Inst Land Sys","","","","","","","","","","","","","3.252","","","","","","","","","2020-BASE_PROCUREMENT-2020-NAVY_SHIPBUILDINGANDCOVERSION-U_PROCUREMENT_JustificationBook_Navy_PB_2020.zzz_unzipped-U_PROCUREMENT_JustificationBook_Navy_PB_2020.xml","9c168386c667ef3d36f81563d2d4cc8667e0a613f9f857e619b298d98031ffd5","1-ad1f337728db3c4834851890ac9fbd86d1a4aa62c991c7148ec74ce3e0262d1c","","12634-63e4f732c4ea32fb07c2dfef9565cb532132eda28b681cb9db8303a0b1fcf281","root"
"ORDNANCE HANDLING EQUIPMENT","","","","","","","","","","","","","0.423","","","","","","","","","2020-BASE_PROCUREMENT-2020-NAVY_SHIPBUILDINGANDCOVERSION-U_PROCUREMENT_JustificationBook_Navy_PB_2020.zzz_unzipped-U_PROCUREMENT_JustificationBook_Navy_PB_2020.xml","9c168386c667ef3d36f81563d2d4cc8667e0a613f9f857e619b298d98031ffd5","2-42657e5b3deee982b1edacfdf4e5e4dd783a5797e45c33368831ebff4fab91a8","","12634-63e4f732c4ea32fb07c2dfef9565cb532132eda28b681cb9db8303a0b1fcf281","root"
"LANDING SIGNAL OFFICER DISPLAY SYSTEM (LSODS)","","","1","1","","","","","1","","","2.098","2.112","","","","","","","1.927","","2020-BASE_PROCUREMENT-2020-NAVY_SHIPBUILDINGANDCOVERSION-U_PROCUREMENT_MasterJustificationBook_Navy_PB_2020.zzz_unzipped-U_PROCUREMENT_MasterJustificationBook_Navy_PB_2020.xml","d143fe01a081a0f255f6aad559f7bd427f9f1cc2ecd779a7e68acdbdf10f5453","0-7c742994ae8693f17f3f3607f58d3b0b0d9adbcaaf548cfa31864afc318d1835","","12637-05f4d12841747c6fd36fe7e74d6e1e0e4f7d0db53eca42fc66ba30859ca4f0e0","root"
"MORIAH BLOCK 2","","","1","1","","","","","1","","","1.49","1.499","","","","","","","1.365","","2020-BASE_PROCUREMENT-2020-NAVY_SHIPBUILDINGANDCOVERSION-U_PROCUREMENT_MasterJustificationBook_Navy_PB_2020.zzz_unzipped-U_PROCUREMENT_MasterJustificationBook_Navy_PB_2020.xml","d143fe01a081a0f255f6aad559f7bd427f9f1cc2ecd779a7e68acdbdf10f5453","1-52f4605bbb289a3580eb1a4905b84ecf9ab78eeb42aa6170d9ae72d681570809","","12637-05f4d12841747c6fd36fe7e74d6e1e0e4f7d0db53eca42fc66ba30859ca4f0e0","root"
"LONG RANGE LINEUP SYSTEM (LRLS)","","","1","1","","","","","1","","","0.96","0.966","","","","","","","0.926","","2020-BASE_PROCUREMENT-2020-NAVY_SHIPBUILDINGANDCOVERSION-U_PROCUREMENT_MasterJustificationBook_Navy_PB_2020.zzz_unzipped-U_PROCUREMENT_MasterJustificationBook_Navy_PB_2020.xml","d143fe01a081a0f255f6aad559f7bd427f9f1cc2ecd779a7e68acdbdf10f5453","2-281be5c6353278882923012efcdd8fa6124c1bffe220d221e86a58c8004a20bc","","12637-05f4d12841747c6fd36fe7e74d6e1e0e4f7d0db53eca42fc66ba30859ca4f0e0","root"
"IMPROVED FRESNEL LENS OPTICAL LANDING SYSTEM (IFLOLS)","","","1","1","","","","","1","","","2.257","2.272","","","","","","","2.073","","2020-BASE_PROCUREMENT-2020-NAVY_SHIPBUILDINGANDCOVERSION-U_PROCUREMENT_MasterJustificationBook_Navy_PB_2020.zzz_unzipped-U_PROCUREMENT_MasterJustificationBook_Navy_PB_2020.xml","d143fe01a081a0f255f6aad559f7bd427f9f1cc2ecd779a7e68acdbdf10f5453","3-1a93eb1558681a29097c8e6c5d1a7f446632cb99044ad736894c238e7a2d99a4","","12637-05f4d12841747c6fd36fe7e74d6e1e0e4f7d0db53eca42fc66ba30859ca4f0e0","root"
"INTEGRATED LAUNCH AND RECOVERY TELEVISION SYSTEM (ILARTS)","","","1","1","","","","","1","","","5.509","5.544","","","","","","","4.685","","2020-BASE_PROCUREMENT-2020-NAVY_SHIPBUILDINGANDCOVERSION-U_PROCUREMENT_MasterJustificationBook_Navy_PB_2020.zzz_unzipped-U_PROCUREMENT_MasterJustificationBook_Navy_PB_2020.xml","d143fe01a081a0f255f6aad559f7bd427f9f1cc2ecd779a7e68acdbdf10f5453","4-55c35b1d83165cfe84308a6d0110d3f85a29f2d6e692e2a6c0c63a54d03e7f54","","12637-05f4d12841747c6fd36fe7e74d6e1e0e4f7d0db53eca42fc66ba30859ca4f0e0","root"
"MK 38 Mod 2 Stabilized Gun Stand Assembly","","","","","3","","","","","","","","","","6.145","","","","","","","2020-BASE_PROCUREMENT-2020-NAVY_SHIPBUILDINGANDCOVERSION-U_PROCUREMENT_MasterJustificationBook_Navy_PB_2020.zzz_unzipped-U_PROCUREMENT_MasterJustificationBook_Navy_PB_2020.xml","1bf2304bf6786187c63030b5e02bf99a3fe02fecfde1e3c616fb0ae51dbeb198","0-1d38b24b5c82176121e70fc9cbbe38d45d193077c026b5d41c50dca4122bbc6f","","12638-8f53b6def2cccad69c278d1079dbcc21f09f0d5a69be2fcf5c70fe4b1222dc6f","root"
"AN/SPQ-14","","","","","1","","","","","","","","","","2.537","","","","","","","2020-BASE_PROCUREMENT-2020-NAVY_SHIPBUILDINGANDCOVERSION-U_PROCUREMENT_MasterJustificationBook_Navy_PB_2020.zzz_unzipped-U_PROCUREMENT_MasterJustificationBook_Navy_PB_2020.xml","1bf2304bf6786187c63030b5e02bf99a3fe02fecfde1e3c616fb0ae51dbeb198","1-1482d3e840e17689fb2ed201908e4835aa241499b8de5498b7bde1ead5b8b2d7","","12638-8f53b6def2cccad69c278d1079dbcc21f09f0d5a69be2fcf5c70fe4b1222dc6f","root"
"MORIAH","","","","","1","","","","","","","","","","1.762","","","","","","","2020-BASE_PROCUREMENT-2020-NAVY_SHIPBUILDINGANDCOVERSION-U_PROCUREMENT_MasterJustificationBook_Navy_PB_2020.zzz_unzipped-U_PROCUREMENT_MasterJustificationBook_Navy_PB_2020.xml","1bf2304bf6786187c63030b5e02bf99a3fe02fecfde1e3c616fb0ae51dbeb198","2-7e1e0522a67113b95a95643fa4e8de446f95320f7c451704a3b0cda0ba576344","","12638-8f53b6def2cccad69c278d1079dbcc21f09f0d5a69be2fcf5c70fe4b1222dc6f","root"
"50 CAL MACHINE GUN","","","","","","","","","","","","","","","0.18","","","","0.021","","","2020-BASE_PROCUREMENT-2020-NAVY_SHIPBUILDINGANDCOVERSION-U_PROCUREMENT_MasterJustificationBook_Navy_PB_2020.zzz_unzipped-U_PROCUREMENT_MasterJustificationBook_Navy_PB_2020.xml","e131c0f9c0cddd147c5f2a5af285d5a65223c9ab0a8e83cb610b0d4ae369c030","0-594cf365d19e1b5acbf5493c99047ee318edbdecc3f5afb8bed0ab5f877ba1c3","","12640-9609f00f5555b2955b30ca22ef1e3d7364e62d002ffe21ecde9ba9467ad758ff","root"
"ASGSI/HOSS/MWS Fit Control & Inst Land Sys","","","","","","","","","","","","","","","3.24","","","","3.44","","","2020-BASE_PROCUREMENT-2020-NAVY_SHIPBUILDINGANDCOVERSION-U_PROCUREMENT_MasterJustificationBook_Navy_PB_2020.zzz_unzipped-U_PROCUREMENT_MasterJustificationBook_Navy_PB_2020.xml","e131c0f9c0cddd147c5f2a5af285d5a65223c9ab0a8e83cb610b0d4ae369c030","1-d8ef0d45f29735359ef3b41d59f259cbcbb9e96117cf52983233e0a835bbb9ab","","12640-9609f00f5555b2955b30ca22ef1e3d7364e62d002ffe21ecde9ba9467ad758ff","root"
"ORDNANCE HANDLING EQUIPMENT","","","","","","","","","","","","","","","0.4","","","","0.427","","","2020-BASE_PROCUREMENT-2020-NAVY_SHIPBUILDINGANDCOVERSION-U_PROCUREMENT_MasterJustificationBook_Navy_PB_2020.zzz_unzipped-U_PROCUREMENT_MasterJustificationBook_Navy_PB_2020.xml","e131c0f9c0cddd147c5f2a5af285d5a65223c9ab0a8e83cb610b0d4ae369c030","2-79a28d891c81b84a8595b166cb22c23abf27c699139d0c49d4a1557ace7265c2","","12640-9609f00f5555b2955b30ca22ef1e3d7364e62d002ffe21ecde9ba9467ad758ff","root"
"COMBAT DIRECTION CENTER (CDC)/FLAG RIPOUT/INSTALL","","","1","","","","","1","","","","17.02","","","","","","","16.524","","","2020-BASE_PROCUREMENT-2020-NAVY_SHIPBUILDINGANDCOVERSION-U_PROCUREMENT_MasterJustificationBook_Navy_PB_2020.zzz_unzipped-U_PROCUREMENT_MasterJustificationBook_Navy_PB_2020.xml","53454ed154816f70057095a6ea7a42707220b000004458bda908b6e9eea36312","0-6576c9904d1d1a171ccab9cabead9af246f57e34183468750ea975c0ad76d4b4","true","12653-e4a0f85fb567b4e95344bba2c7218493fc865e936f3f0746c538f615cfd21db6","root"
"AN/SPQ-9B - ANTI-SHIP CRUISE MISSILE DEFENSE RADAR","","","1","","","","","1","","","","4.472","","","","","","","3.624","","","2020-BASE_PROCUREMENT-2020-NAVY_SHIPBUILDINGANDCOVERSION-U_PROCUREMENT_MasterJustificationBook_Navy_PB_2020.zzz_unzipped-U_PROCUREMENT_MasterJustificationBook_Navy_PB_2020.xml","53454ed154816f70057095a6ea7a42707220b000004458bda908b6e9eea36312","1-0e652163ac69a022af1a82a1d358d72b88818a5a5f8982ad756ef3d007c705fb","true","12653-e4a0f85fb567b4e95344bba2c7218493fc865e936f3f0746c538f615cfd21db6","root"
"MK 38 MOD 2 GUN SYSTEM","","","","","","","","1","","","","","","","","","","","2.03","","","2020-BASE_PROCUREMENT-2020-NAVY_SHIPBUILDINGANDCOVERSION-U_PROCUREMENT_MasterJustificationBook_Navy_PB_2020.zzz_unzipped-U_PROCUREMENT_MasterJustificationBook_Navy_PB_2020.xml","53454ed154816f70057095a6ea7a42707220b000004458bda908b6e9eea36312","2-25dbf285957ce8af9c352dec7a581bff00fe17d09cf3644a9ea82395a48ba1b2","true","12653-e4a0f85fb567b4e95344bba2c7218493fc865e936f3f0746c538f615cfd21db6","root"
"AN/SQQ-34C - CARRIER TACTICAL SUPPORT CENTER","","","1","","","","","1","","","","2.485","","","","","","","1.287","","","2020-BASE_PROCUREMENT-2020-NAVY_SHIPBUILDINGANDCOVERSION-U_PROCUREMENT_MasterJustificationBook_Navy_PB_2020.zzz_unzipped-U_PROCUREMENT_MasterJustificationBook_Navy_PB_2020.xml","53454ed154816f70057095a6ea7a42707220b000004458bda908b6e9eea36312","3-e17493ccdc3b7a51108558d71061748b7d5b3afb75eae8b526bc1c94b91ccbf6","true","12653-e4a0f85fb567b4e95344bba2c7218493fc865e936f3f0746c538f615cfd21db6","root"
"RAM GUIDED MISSILE LAUNCHING SYSTEM","","","1","","","","","1","","","","2.542","","","","","","","1.185","","","2020-BASE_PROCUREMENT-2020-NAVY_SHIPBUILDINGANDCOVERSION-U_PROCUREMENT_MasterJustificationBook_Navy_PB_2020.zzz_unzipped-U_PROCUREMENT_MasterJustificationBook_Navy_PB_2020.xml","53454ed154816f70057095a6ea7a42707220b000004458bda908b6e9eea36312","4-40845b9a3e132fc11cd1525dc6eb90daf60223e16a6da56042242279a9fb5dd4","true","12653-e4a0f85fb567b4e95344bba2c7218493fc865e936f3f0746c538f615cfd21db6","root"
"MK 53 DECOY LAUNCHING SYSTEM (DLS)","","","1","","","","","","","","","5.725","","","","","","","","","","2020-BASE_PROCUREMENT-2020-NAVY_SHIPBUILDINGANDCOVERSION-U_PROCUREMENT_MasterJustificationBook_Navy_PB_2020.zzz_unzipped-U_PROCUREMENT_MasterJustificationBook_Navy_PB_2020.xml","53454ed154816f70057095a6ea7a42707220b000004458bda908b6e9eea36312","5-3c6169fab4cd94afeeda236dfc6b997c296b706d19638b668aac38836645943a","true","12653-e4a0f85fb567b4e95344bba2c7218493fc865e936f3f0746c538f615cfd21db6","root"
"BATTLE SPARES (AGS)","","","","","","","","","","","","","","","","","","","","","18.449","2020-BASE_PROCUREMENT-2020-NAVY_SHIPBUILDINGANDCOVERSION-U_PROCUREMENT_MasterJustificationBook_Navy_PB_2020.zzz_unzipped-U_PROCUREMENT_MasterJustificationBook_Navy_PB_2020.xml","fa505ec92f383fcc1ed15c617e66a7a22b7d4afe96a0183b867c4406bbfec040","0-5a0f9c286ec6c1038f3aa1371c2a02974b320e342490a3ac1956ef90e0e186e3","","12654-9b4df0b2d900954183ae91f4ae9c9a88307fa4cc5382942de5d328893a3ccdfd","root"
"MK 32 Surface Vessel Torpedo Tubes (SVTT)","","2","3","2","2","3","","3","","","5.785","9.52","6.101","","5.983","9.335","","","8.826","","","2020-BASE_PROCUREMENT-2020-NAVY_SHIPBUILDINGANDCOVERSION-U_PROCUREMENT_MasterJustificationBook_Navy_PB_2020.zzz_unzipped-U_PROCUREMENT_MasterJustificationBook_Navy_PB_2020.xml","5f09bad83be8d9935dfb8fbbbac4473f946bb03e639a64a10be47789f49d0473","0-1e82621ebdd51d6e70e09f3954b5890952eb53f71b52729c69f6239ee2b32e93","","12655-747774cbdaaa137c5a2f95b6971a731121c129af5aabb154b9fc86281a391891","root"
"ELECTRO-OPTICAL SYSTEM","","2","3","2","2","3","","3","","","6.121","10.075","6.456","","6.331","9.878","","","9.339","","","2020-BASE_PROCUREMENT-2020-NAVY_SHIPBUILDINGANDCOVERSION-U_PROCUREMENT_MasterJustificationBook_Navy_PB_2020.zzz_unzipped-U_PROCUREMENT_MasterJustificationBook_Navy_PB_2020.xml","5f09bad83be8d9935dfb8fbbbac4473f946bb03e639a64a10be47789f49d0473","1-9968221534f0643dcc645eac537c0c555fc80816af8a33933a0eff30b7059b42","","12655-747774cbdaaa137c5a2f95b6971a731121c129af5aabb154b9fc86281a391891","root"
"MK 160 Gun Fire Control System (GFCS)","","2","3","2","2","3","","3","","","6.366","10.477","6.714","","6.584","10.272","","","9.711","","","2020-BASE_PROCUREMENT-2020-NAVY_SHIPBUILDINGANDCOVERSION-U_PROCUREMENT_MasterJustificationBook_Navy_PB_2020.zzz_unzipped-U_PROCUREMENT_MasterJustificationBook_Navy_PB_2020.xml","5f09bad83be8d9935dfb8fbbbac4473f946bb03e639a64a10be47789f49d0473","2-2b156d282e7d7cf56696dac5a9599db41a19ce1b8f6a23f77a9b278d3bfccc61","","12655-747774cbdaaa137c5a2f95b6971a731121c129af5aabb154b9fc86281a391891","root"
"ORDNANCE HANDLING EQUIPMENT","","3","","2","2","2","","3","","","1.262","","1.39","","1.352","1.413","","","1.284","","","2020-BASE_PROCUREMENT-2020-NAVY_SHIPBUILDINGANDCOVERSION-U_PROCUREMENT_MasterJustificationBook_Navy_PB_2020.zzz_unzipped-U_PROCUREMENT_MasterJustificationBook_Navy_PB_2020.xml","aebdbec1d331d8cce6700e4da30a9b9bafcaa6b164c2778bde2d9687c6875bbf","0-2a257c8ee8c873a5990b7622b35197164e67da277800ce6c90b457588dd1f2b5","","12656-6f39636f3a34c8d00e813ef1c53ffb497ff364ebfceb0370c75c4ebeb51fed6a","root"
"SMALL ARMS, MACHINE GUNS","","","","3","3","3","","3","","","0.721","","0.811","","0.783","0.917","","","0.733","","","2020-BASE_PROCUREMENT-2020-NAVY_SHIPBUILDINGANDCOVERSION-U_PROCUREMENT_MasterJustificationBook_Navy_PB_2020.zzz_unzipped-U_PROCUREMENT_MasterJustificationBook_Navy_PB_2020.xml","aebdbec1d331d8cce6700e4da30a9b9bafcaa6b164c2778bde2d9687c6875bbf","1-e10661223d5522217761af16da825306c093ba435b2a1ee60c72d3ac8c5be940","","12656-6f39636f3a34c8d00e813ef1c53ffb497ff364ebfceb0370c75c4ebeb51fed6a","root"
"Over-The-Horizon Missile Launcher  (OTH)- 8 Canister","","","1","","","","","","","","","2.95","","","","","","","","","","2020-BASE_PROCUREMENT-2020-NAVY_SHIPBUILDINGANDCOVERSION-U_PROCUREMENT_MasterJustificationBook_Navy_PB_2020.zzz_unzipped-U_PROCUREMENT_MasterJustificationBook_Navy_PB_2020.xml","e8fe4dd5e0be95240e0d086c5a917adf6e4464ec266a3ea1db82e27107e162d0","0-c69ed7a20cb80d78c38660c0f0a3c6b68e9d12c79918167d99b63a31417c21c4","","12657-9dba221a3ead02e98194d98c2e37d006e8d75418f51e6c5c703aa9370efe0bf2","root"
"MK 53 Decoy Launching System (DLS) (Nulka)- 4 Launcher","","","1","","","","","","","","","1.523","","","","","","","","","","2020-BASE_PROCUREMENT-2020-NAVY_SHIPBUILDINGANDCOVERSION-U_PROCUREMENT_MasterJustificationBook_Navy_PB_2020.zzz_unzipped-U_PROCUREMENT_MasterJustificationBook_Navy_PB_2020.xml","e8fe4dd5e0be95240e0d086c5a917adf6e4464ec266a3ea1db82e27107e162d0","1-3ecd0bf47b98655416a1ab44885c9247191b637f95b2a39b750718c398fd33c2","","12657-9dba221a3ead02e98194d98c2e37d006e8d75418f51e6c5c703aa9370efe0bf2","root"
"50 CAL MACHINE GUN","","","","","","","","","","","","","0.183","","","","","","","","","2020-BASE_PROCUREMENT-2020-NAVY_SHIPBUILDINGANDCOVERSION-U_PROCUREMENT_MasterJustificationBook_Navy_PB_2020.zzz_unzipped-U_PROCUREMENT_MasterJustificationBook_Navy_PB_2020.xml","fede88ab6e4790d85bb219ffaa3eb2a124927ee5b9d8867aa75a8d6481dc6908","0-60401bf766af62e7fdec0dd79ebef89bdb10ef366a0018fc7e94f4efa8d458e1","","12658-ac94d5d19640ed290cff5ce909c4390d3ae5f08d633fc372fb7483874f3a3ee6","root"
"ASGSI/HOSS/MWS Fit Control & Inst Land Sys","","","","","","","","","","","","","3.252","","","","","","","","","2020-BASE_PROCUREMENT-2020-NAVY_SHIPBUILDINGANDCOVERSION-U_PROCUREMENT_MasterJustificationBook_Navy_PB_2020.zzz_unzipped-U_PROCUREMENT_MasterJustificationBook_Navy_PB_2020.xml","fede88ab6e4790d85bb219ffaa3eb2a124927ee5b9d8867aa75a8d6481dc6908","1-d888da7b7c6d5bcdc1c9d4afa07f0780a430a48e50eb3537eebb570df7563fbc","","12658-ac94d5d19640ed290cff5ce909c4390d3ae5f08d633fc372fb7483874f3a3ee6","root"
"ORDNANCE HANDLING EQUIPMENT","","","","","","","","","","","","","0.423","","","","","","","","","2020-BASE_PROCUREMENT-2020-NAVY_SHIPBUILDINGANDCOVERSION-U_PROCUREMENT_MasterJustificationBook_Navy_PB_2020.zzz_unzipped-U_PROCUREMENT_MasterJustificationBook_Navy_PB_2020.xml","fede88ab6e4790d85bb219ffaa3eb2a124927ee5b9d8867aa75a8d6481dc6908","2-3d6cf9dd6b7840c53138cec75ad050bb046bf51d8256ae3dad15d0c5ff952872","","12658-ac94d5d19640ed290cff5ce909c4390d3ae5f08d633fc372fb7483874f3a3ee6","root"
