Title_val,Costs_Quantity_PriorYearNine_val,Costs_Quantity_PriorYearFour_val,Costs_Quantity_BudgetYearOne_val,Costs_Quantity_PriorYear_val,Costs_Quantity_PriorYearTwo_val,Costs_Quantity_CurrentYear_val,Costs_Quantity_PriorYearFive_val,Costs_Quantity_PriorYearThree_val,Costs_Quantity_PriorYearSix_val,Costs_TotalCost_PriorYearNine_val,Costs_TotalCost_PriorYearFour_val,Costs_TotalCost_BudgetYearOne_val,Costs_TotalCost_PriorYear_val,Costs_TotalCost_PriorYearTen_val,Costs_TotalCost_PriorYearTwo_val,Costs_TotalCost_CurrentYear_val,Costs_TotalCost_PriorYearFive_val,Costs_TotalCost_PriorYearEleven_val,Costs_TotalCost_PriorYearThree_val,Costs_TotalCost_PriorYearSix_val,Costs_TotalCost_PriorYearTwelve_val,@SOURCE_FILENAME,@RECORDID,@ROWID,@isSignificant,@PARENTROWID,@PARENT
"LANDING SIGNAL OFFICER DISPLAY SYSTEM (LSODS)","1","1","1","","","","","","","1.63","1.941","2.112","","","","","","","","","","2018-BASE_PROCUREMENT-2018-NAVY_SHIPBUILDINGANDCOVERSION-U_PROCUREMENT_JustificationBook_Navy_PB_2018.zzz_unzipped-U_PROCUREMENT_JustificationBook_Navy_PB_2018.xml","3bd3375f8dec12f579ffef5deeffb5939924e6b15ffeeee65c067abecc5c9d65","0-dd65989f94679afb971952311f130281e7ead1c90ce6596ad3be3600be4a582d","","9441-f8e01e63fd458c07476976aec50e1680ddc982483c078fad193d4edfeaca7748","root"
"MORIAH BLOCK 2","1","1","1","","","","","","","1.426","1.378","1.499","","","","","","","","","","2018-BASE_PROCUREMENT-2018-NAVY_SHIPBUILDINGANDCOVERSION-U_PROCUREMENT_JustificationBook_Navy_PB_2018.zzz_unzipped-U_PROCUREMENT_JustificationBook_Navy_PB_2018.xml","3bd3375f8dec12f579ffef5deeffb5939924e6b15ffeeee65c067abecc5c9d65","1-2b46c0c9b2a72b5c23089f05b05c1f566af438e5d23c3255491b96ae26ab50f5","","9441-f8e01e63fd458c07476976aec50e1680ddc982483c078fad193d4edfeaca7748","root"
"LONG RANGE LINEUP SYSTEM (LRLS)","","1","1","","","","","","","","0.933","0.966","","","","","","","","","","2018-BASE_PROCUREMENT-2018-NAVY_SHIPBUILDINGANDCOVERSION-U_PROCUREMENT_JustificationBook_Navy_PB_2018.zzz_unzipped-U_PROCUREMENT_JustificationBook_Navy_PB_2018.xml","3bd3375f8dec12f579ffef5deeffb5939924e6b15ffeeee65c067abecc5c9d65","2-9b541e97656ea2685442d7f5997be31491dd81fe07b62729c9c725e9c68aeb8f","","9441-f8e01e63fd458c07476976aec50e1680ddc982483c078fad193d4edfeaca7748","root"
"IMPROVED FRESNEL LENS OPTICAL LANDING SYSTEM (IFLOLS)","1","1","1","","","","","","","3.245","2.088","2.272","","","","","","","","","","2018-BASE_PROCUREMENT-2018-NAVY_SHIPBUILDINGANDCOVERSION-U_PROCUREMENT_JustificationBook_Navy_PB_2018.zzz_unzipped-U_PROCUREMENT_JustificationBook_Navy_PB_2018.xml","3bd3375f8dec12f579ffef5deeffb5939924e6b15ffeeee65c067abecc5c9d65","3-4df832e809fb226dd3ae13d14c4c47348281f161e2bd4f521e09520292c72bdc","","9441-f8e01e63fd458c07476976aec50e1680ddc982483c078fad193d4edfeaca7748","root"
"IWS CDC/FLAG PARTIAL RECONFIGURATION (RIPOUT/INSTALL)","","","","1","","","","","","","","","16.524","","","","","","","","","2018-BASE_PROCUREMENT-2018-NAVY_SHIPBUILDINGANDCOVERSION-U_PROCUREMENT_JustificationBook_Navy_PB_2018.zzz_unzipped-U_PROCUREMENT_JustificationBook_Navy_PB_2018.xml","30f05fcd72a912823615127e43b2be8ca570156afc2855adfc6c02323fd91c7d","0-d1ebec41c6a4cf7b1062d812164b72c8bfa24d2c3c91e5b3e48599fba33772a1","","9454-0a9ba165a1c191585e53a8adbc451f966006a48128787ba028a2ab0767594fe5","root"
"SEAT SHOP MODIFICATIONS (JSF CVN)/PILOT EQUIPMENT AND HELM","","","","1","","","","","","","","","3.6","","","","","","","","","2018-BASE_PROCUREMENT-2018-NAVY_SHIPBUILDINGANDCOVERSION-U_PROCUREMENT_JustificationBook_Navy_PB_2018.zzz_unzipped-U_PROCUREMENT_JustificationBook_Navy_PB_2018.xml","30f05fcd72a912823615127e43b2be8ca570156afc2855adfc6c02323fd91c7d","1-3e3bc899be02f639898f7c70544a46f2ad166834e00c7dbb90249a6a4eea08f1","","9454-0a9ba165a1c191585e53a8adbc451f966006a48128787ba028a2ab0767594fe5","root"
"RAM GUIDED MISSILE LAUNCHING SYSTEM","","","","1","","","","","","","","","1.474","","","","","","","","","2018-BASE_PROCUREMENT-2018-NAVY_SHIPBUILDINGANDCOVERSION-U_PROCUREMENT_JustificationBook_Navy_PB_2018.zzz_unzipped-U_PROCUREMENT_JustificationBook_Navy_PB_2018.xml","30f05fcd72a912823615127e43b2be8ca570156afc2855adfc6c02323fd91c7d","2-620256824ae0192b80b76384fb78145011a29e66732bfeff6456fec1f2127f31","","9454-0a9ba165a1c191585e53a8adbc451f966006a48128787ba028a2ab0767594fe5","root"
"PHALANX MK 15 MOD 22 (CIWS)","","","","1","","","","","","","","","1.241","","","","","","","","","2018-BASE_PROCUREMENT-2018-NAVY_SHIPBUILDINGANDCOVERSION-U_PROCUREMENT_JustificationBook_Navy_PB_2018.zzz_unzipped-U_PROCUREMENT_JustificationBook_Navy_PB_2018.xml","30f05fcd72a912823615127e43b2be8ca570156afc2855adfc6c02323fd91c7d","3-514310dfb13fa51216fb5e6005707dc3126743f943fab8876eb2647b101716cf","","9454-0a9ba165a1c191585e53a8adbc451f966006a48128787ba028a2ab0767594fe5","root"
"BATTLE SPARES (AGS)","","","","","","","","","","","","","","18.449","","","","","","","","2018-BASE_PROCUREMENT-2018-NAVY_SHIPBUILDINGANDCOVERSION-U_PROCUREMENT_JustificationBook_Navy_PB_2018.zzz_unzipped-U_PROCUREMENT_JustificationBook_Navy_PB_2018.xml","63a199acf2aec9803478e689b99e17d5ba8e6ed8eb7dfb080491db0b111af06e","0-1c199509dfd922f3684c0a860cd2620efa81cdc31d0396076ba66445beded5ca","","9455-7f5ce97021f0474ce0df0f63d7df4473dd6594a6e8832b2e5711660d3d1f1f1a","root"
"MK 32 SVTT","","","2","3","2","2","","","","","","6.101","8.826","","5.785","5.983","","","","","","2018-BASE_PROCUREMENT-2018-NAVY_SHIPBUILDINGANDCOVERSION-U_PROCUREMENT_JustificationBook_Navy_PB_2018.zzz_unzipped-U_PROCUREMENT_JustificationBook_Navy_PB_2018.xml","341c09c4a37bc5105a93194374c2b71f3cdff23a738f04e5629acb1abd33932e","0-4061b62071d8c581ee14231b64f2a4f4d7f17ab8a0aaf52dcd994d08838debcf","","9456-253f06b5da3e45776807e870b30b770a981fe2058815216379550864bd6793d2","root"
"ELECTRO-OPTICAL SYSTEM","","","2","3","2","2","","","","","","6.456","9.339","","6.121","6.331","","","","","","2018-BASE_PROCUREMENT-2018-NAVY_SHIPBUILDINGANDCOVERSION-U_PROCUREMENT_JustificationBook_Navy_PB_2018.zzz_unzipped-U_PROCUREMENT_JustificationBook_Navy_PB_2018.xml","341c09c4a37bc5105a93194374c2b71f3cdff23a738f04e5629acb1abd33932e","1-fbc34f2e2279b770c47efeefb755a326a92fb0d470c77064c0f2134ffe5ca4a2","","9456-253f06b5da3e45776807e870b30b770a981fe2058815216379550864bd6793d2","root"
"MK 160 GFCS","","","2","3","2","2","","","","","","6.714","9.711","","6.366","6.584","","","","","","2018-BASE_PROCUREMENT-2018-NAVY_SHIPBUILDINGANDCOVERSION-U_PROCUREMENT_JustificationBook_Navy_PB_2018.zzz_unzipped-U_PROCUREMENT_JustificationBook_Navy_PB_2018.xml","341c09c4a37bc5105a93194374c2b71f3cdff23a738f04e5629acb1abd33932e","2-d8bef433c8e9c72e445200f1ef9081a5bd4f9e86ad22938618465e80e66f0261","","9456-253f06b5da3e45776807e870b30b770a981fe2058815216379550864bd6793d2","root"
"ORDNANCE HANDLING EQUIPMENT","","","1","3","3","2","","","","","","0.55","1.284","","1.262","0.879","","","","","","2018-BASE_PROCUREMENT-2018-NAVY_SHIPBUILDINGANDCOVERSION-U_PROCUREMENT_JustificationBook_Navy_PB_2018.zzz_unzipped-U_PROCUREMENT_JustificationBook_Navy_PB_2018.xml","b548d3bebc5c45d3822f00bfd12bbaf3401faadb58f2ede71a62e2af4a876487","0-384488f4cd690011e4d72d54279ac7abeb029312d0d32bd16f16c147c945b324","","9457-b7baf6e755a6175840367f6691029374c19f6eda82a410d8c4d1a2c20a4b595f","root"
"SMALL ARMS, MACHINE GUNS","","","1","3","","2","","","","","","0.375","0.733","","0.721","0.494","","","","","","2018-BASE_PROCUREMENT-2018-NAVY_SHIPBUILDINGANDCOVERSION-U_PROCUREMENT_JustificationBook_Navy_PB_2018.zzz_unzipped-U_PROCUREMENT_JustificationBook_Navy_PB_2018.xml","b548d3bebc5c45d3822f00bfd12bbaf3401faadb58f2ede71a62e2af4a876487","1-d4ff09f0d7298b39b4495e0a1f05907a78f3b49af6d0af522bbf969d34601136","","9457-b7baf6e755a6175840367f6691029374c19f6eda82a410d8c4d1a2c20a4b595f","root"
"50 CAL MACHINE GUN","","","","","","","","","","","","","0.021","","","","0.078","","","","","2018-BASE_PROCUREMENT-2018-NAVY_SHIPBUILDINGANDCOVERSION-U_PROCUREMENT_JustificationBook_Navy_PB_2018.zzz_unzipped-U_PROCUREMENT_JustificationBook_Navy_PB_2018.xml","6c8db8380a911de3d70ef956f133867b9c0a3463851956b9d3521431df0e0e53","0-8b617405982bf11ae1f93b20799c5fe90279e713531c57b4fcf450d75b6de7dd","","9458-97ed1a36ac6cb67fd39a1503bb6c97b5c0565c05fddfc97ede3be0a3aa022500","root"
"ASGSI/HOSS/MWS Fit Control & Inst Land Sys","","","","","","","","","","","","","3.44","","","","2.897","","","","","2018-BASE_PROCUREMENT-2018-NAVY_SHIPBUILDINGANDCOVERSION-U_PROCUREMENT_JustificationBook_Navy_PB_2018.zzz_unzipped-U_PROCUREMENT_JustificationBook_Navy_PB_2018.xml","6c8db8380a911de3d70ef956f133867b9c0a3463851956b9d3521431df0e0e53","1-928f62bf734b0a222fcf61164fb76f7a74cdd3a4c102db91af42b1232f7097c4","","9458-97ed1a36ac6cb67fd39a1503bb6c97b5c0565c05fddfc97ede3be0a3aa022500","root"
"MK-46 Gun Barrels","","","","","","","","","","","","","","","","","0.946","","","","","2018-BASE_PROCUREMENT-2018-NAVY_SHIPBUILDINGANDCOVERSION-U_PROCUREMENT_JustificationBook_Navy_PB_2018.zzz_unzipped-U_PROCUREMENT_JustificationBook_Navy_PB_2018.xml","6c8db8380a911de3d70ef956f133867b9c0a3463851956b9d3521431df0e0e53","2-d2fb7a5346c4722bf490c39a6f865888c0b1cf36e00f5a209ec4df18cad4d695","","9458-97ed1a36ac6cb67fd39a1503bb6c97b5c0565c05fddfc97ede3be0a3aa022500","root"
"ORDNANCE HANDLING EQUIPMENT","","","","","","","","","","","","","0.427","","","","0.495","","","","","2018-BASE_PROCUREMENT-2018-NAVY_SHIPBUILDINGANDCOVERSION-U_PROCUREMENT_JustificationBook_Navy_PB_2018.zzz_unzipped-U_PROCUREMENT_JustificationBook_Navy_PB_2018.xml","6c8db8380a911de3d70ef956f133867b9c0a3463851956b9d3521431df0e0e53","3-87a99e4ebb37f04058cd5fe3c355cf10ae0dac54418ea081dfc143ccfbafeb6d","","9458-97ed1a36ac6cb67fd39a1503bb6c97b5c0565c05fddfc97ede3be0a3aa022500","root"
"AN/SPS-73","","","","","","","","","","","","","","","","","","","","","","2018-BASE_PROCUREMENT-2018-NAVY_SHIPBUILDINGANDCOVERSION-U_PROCUREMENT_JustificationBook_Navy_PB_2018.zzz_unzipped-U_PROCUREMENT_JustificationBook_Navy_PB_2018.xml","6c8db8380a911de3d70ef956f133867b9c0a3463851956b9d3521431df0e0e53","4-3b4da2a3c2f48c1a89413622e74e4f9692ea3483910b5af83b382cc2972a29da","","9458-97ed1a36ac6cb67fd39a1503bb6c97b5c0565c05fddfc97ede3be0a3aa022500","root"
"MK 38 Mod 2 Stabilized Gun Stand Assembly","","","","","","3","","","","","","","","","","6.145","","","","","","2018-BASE_PROCUREMENT-2018-NAVY_SHIPBUILDINGANDCOVERSION-U_PROCUREMENT_JustificationBook_Navy_PB_2018.zzz_unzipped-U_PROCUREMENT_JustificationBook_Navy_PB_2018.xml","3e69140d5f269b4975bbc8a50003ffb903001debb67899638f4fcb5075083df8","0-983f3cded07fb54734a5f1ed00ad2a37a76a306478d7d27426f911fc12f56437","","9460-4747fd4a64740e9106ad00ccd57c3ece1e4b1297fbf0c3930803af3683d5b997","root"
"AN/SPQ-14","","","","","","1","","","","","","","","","","2.537","","","","","","2018-BASE_PROCUREMENT-2018-NAVY_SHIPBUILDINGANDCOVERSION-U_PROCUREMENT_JustificationBook_Navy_PB_2018.zzz_unzipped-U_PROCUREMENT_JustificationBook_Navy_PB_2018.xml","3e69140d5f269b4975bbc8a50003ffb903001debb67899638f4fcb5075083df8","1-96080e13436a55b4455fb5b316670105588f09763f09ca992995b60c7dc03dda","","9460-4747fd4a64740e9106ad00ccd57c3ece1e4b1297fbf0c3930803af3683d5b997","root"
"MORIAH","","","","","","1","","","","","","","","","","1.762","","","","","","2018-BASE_PROCUREMENT-2018-NAVY_SHIPBUILDINGANDCOVERSION-U_PROCUREMENT_JustificationBook_Navy_PB_2018.zzz_unzipped-U_PROCUREMENT_JustificationBook_Navy_PB_2018.xml","3e69140d5f269b4975bbc8a50003ffb903001debb67899638f4fcb5075083df8","2-a2fac070bb489979c1713ea45499e8f516e323a4c3e936c939d29a8c4df4266a","","9460-4747fd4a64740e9106ad00ccd57c3ece1e4b1297fbf0c3930803af3683d5b997","root"
"LANDING SIGNAL OFFICER DISPLAY SYSTEM (LSODS)","1","1","1","","","","","","","1.63","1.941","2.112","","","","","","","","","","2018-BASE_PROCUREMENT-2018-NAVY_SHIPBUILDINGANDCOVERSION-U_PROCUREMENT_MasterJustificationBook_Navy_PB_2018.zzz_unzipped-U_PROCUREMENT_MasterJustificationBook_Navy_PB_2018.xml","1d7fe1ff3cd4bd81f1f8eadcb8986287a46fef38ba78ae80f3d311ff6e2885f3","0-56474b7b79a9515425552332c2cd1436dc13da6a2169ea6f5a0127bebab636cc","","9462-aa35935785146cdadd3a9cfe5162f56ec6fed8f599ddd297bd4d86b51d0a8428","root"
"MORIAH BLOCK 2","1","1","1","","","","","","","1.426","1.378","1.499","","","","","","","","","","2018-BASE_PROCUREMENT-2018-NAVY_SHIPBUILDINGANDCOVERSION-U_PROCUREMENT_MasterJustificationBook_Navy_PB_2018.zzz_unzipped-U_PROCUREMENT_MasterJustificationBook_Navy_PB_2018.xml","1d7fe1ff3cd4bd81f1f8eadcb8986287a46fef38ba78ae80f3d311ff6e2885f3","1-fad9155c8acd9898507fcefadaeb8246fb69f93d552e372b5b49ab4038f8cd31","","9462-aa35935785146cdadd3a9cfe5162f56ec6fed8f599ddd297bd4d86b51d0a8428","root"
"LONG RANGE LINEUP SYSTEM (LRLS)","","1","1","","","","","","","","0.933","0.966","","","","","","","","","","2018-BASE_PROCUREMENT-2018-NAVY_SHIPBUILDINGANDCOVERSION-U_PROCUREMENT_MasterJustificationBook_Navy_PB_2018.zzz_unzipped-U_PROCUREMENT_MasterJustificationBook_Navy_PB_2018.xml","1d7fe1ff3cd4bd81f1f8eadcb8986287a46fef38ba78ae80f3d311ff6e2885f3","2-2b9de8bac56e76d7963f556c526656704cf570f0356f4c410df1e1e4e2222aae","","9462-aa35935785146cdadd3a9cfe5162f56ec6fed8f599ddd297bd4d86b51d0a8428","root"
"IMPROVED FRESNEL LENS OPTICAL LANDING SYSTEM (IFLOLS)","1","1","1","","","","","","","3.245","2.088","2.272","","","","","","","","","","2018-BASE_PROCUREMENT-2018-NAVY_SHIPBUILDINGANDCOVERSION-U_PROCUREMENT_MasterJustificationBook_Navy_PB_2018.zzz_unzipped-U_PROCUREMENT_MasterJustificationBook_Navy_PB_2018.xml","1d7fe1ff3cd4bd81f1f8eadcb8986287a46fef38ba78ae80f3d311ff6e2885f3","3-6ba7e2e33f351d7d04486f7cc5b08d388807bfd05642a4a7f6fa5edad3845f1e","","9462-aa35935785146cdadd3a9cfe5162f56ec6fed8f599ddd297bd4d86b51d0a8428","root"
"IWS CDC/FLAG PARTIAL RECONFIGURATION (RIPOUT/INSTALL)","","","","1","","","","","","","","","16.524","","","","","","","","","2018-BASE_PROCUREMENT-2018-NAVY_SHIPBUILDINGANDCOVERSION-U_PROCUREMENT_MasterJustificationBook_Navy_PB_2018.zzz_unzipped-U_PROCUREMENT_MasterJustificationBook_Navy_PB_2018.xml","39e99632cac232ed4f791a16a1a3a350502b6d8437548761d869aa99726b1c18","0-7843057bc24ef54e536fa809c4804fdeefddaf1352e9da013fda5b4e100aac0c","","9475-055a9d40fc826ba45f41bb7f73c42cdf69d64de129d390d5fe3fac5ea91bbf3a","root"
"SEAT SHOP MODIFICATIONS (JSF CVN)/PILOT EQUIPMENT AND HELM","","","","1","","","","","","","","","3.6","","","","","","","","","2018-BASE_PROCUREMENT-2018-NAVY_SHIPBUILDINGANDCOVERSION-U_PROCUREMENT_MasterJustificationBook_Navy_PB_2018.zzz_unzipped-U_PROCUREMENT_MasterJustificationBook_Navy_PB_2018.xml","39e99632cac232ed4f791a16a1a3a350502b6d8437548761d869aa99726b1c18","1-911f5cf92377193821c3115ad6737cc41ff3b639a285a64913d489c5d7fa8880","","9475-055a9d40fc826ba45f41bb7f73c42cdf69d64de129d390d5fe3fac5ea91bbf3a","root"
"RAM GUIDED MISSILE LAUNCHING SYSTEM","","","","1","","","","","","","","","1.474","","","","","","","","","2018-BASE_PROCUREMENT-2018-NAVY_SHIPBUILDINGANDCOVERSION-U_PROCUREMENT_MasterJustificationBook_Navy_PB_2018.zzz_unzipped-U_PROCUREMENT_MasterJustificationBook_Navy_PB_2018.xml","39e99632cac232ed4f791a16a1a3a350502b6d8437548761d869aa99726b1c18","2-4d25880a741323610c86edde3fc1af31a243f6fb5f33e6541b6ca72ad786411a","","9475-055a9d40fc826ba45f41bb7f73c42cdf69d64de129d390d5fe3fac5ea91bbf3a","root"
"PHALANX MK 15 MOD 22 (CIWS)","","","","1","","","","","","","","","1.241","","","","","","","","","2018-BASE_PROCUREMENT-2018-NAVY_SHIPBUILDINGANDCOVERSION-U_PROCUREMENT_MasterJustificationBook_Navy_PB_2018.zzz_unzipped-U_PROCUREMENT_MasterJustificationBook_Navy_PB_2018.xml","39e99632cac232ed4f791a16a1a3a350502b6d8437548761d869aa99726b1c18","3-9ade51205fa2a5dca3687825ba6b810212ffe07b6b84220d620115e2934846bc","","9475-055a9d40fc826ba45f41bb7f73c42cdf69d64de129d390d5fe3fac5ea91bbf3a","root"
"BATTLE SPARES (AGS)","","","","","","","","","","","","","","18.449","","","","","","","","2018-BASE_PROCUREMENT-2018-NAVY_SHIPBUILDINGANDCOVERSION-U_PROCUREMENT_MasterJustificationBook_Navy_PB_2018.zzz_unzipped-U_PROCUREMENT_MasterJustificationBook_Navy_PB_2018.xml","cfcd2affcafe58149df6900b5bafde44d10bbb1934842da11d594bb3c352ff90","0-346df97e8d5e6a172e789d1f05611b02536a7e772c2283de54d942657dfcd5a5","","9476-40986c31827bcad0522c0e1609bc2881d512b243462b911eab6919c780d64224","root"
"MK 32 SVTT","","","2","3","2","2","","","","","","6.101","8.826","","5.785","5.983","","","","","","2018-BASE_PROCUREMENT-2018-NAVY_SHIPBUILDINGANDCOVERSION-U_PROCUREMENT_MasterJustificationBook_Navy_PB_2018.zzz_unzipped-U_PROCUREMENT_MasterJustificationBook_Navy_PB_2018.xml","e27de6ec9cb638c66ac0b656bccfc8f782bb401590861916fc6bffb8352b5cd2","0-fd523547279595bdd28a685fa2e34a2fc7a7a32d8d3c52ddcbc4234817ca9273","","9477-669afc5c819137fac732c570aa45ed90f4259e011425cfedf0699463cd0eb202","root"
"ELECTRO-OPTICAL SYSTEM","","","2","3","2","2","","","","","","6.456","9.339","","6.121","6.331","","","","","","2018-BASE_PROCUREMENT-2018-NAVY_SHIPBUILDINGANDCOVERSION-U_PROCUREMENT_MasterJustificationBook_Navy_PB_2018.zzz_unzipped-U_PROCUREMENT_MasterJustificationBook_Navy_PB_2018.xml","e27de6ec9cb638c66ac0b656bccfc8f782bb401590861916fc6bffb8352b5cd2","1-603809a8ef082c219b8771dbf5f2d9aa3523eca4e5d3d25e436bac727a031fda","","9477-669afc5c819137fac732c570aa45ed90f4259e011425cfedf0699463cd0eb202","root"
"MK 160 GFCS","","","2","3","2","2","","","","","","6.714","9.711","","6.366","6.584","","","","","","2018-BASE_PROCUREMENT-2018-NAVY_SHIPBUILDINGANDCOVERSION-U_PROCUREMENT_MasterJustificationBook_Navy_PB_2018.zzz_unzipped-U_PROCUREMENT_MasterJustificationBook_Navy_PB_2018.xml","e27de6ec9cb638c66ac0b656bccfc8f782bb401590861916fc6bffb8352b5cd2","2-013a9d1d6ea0e2443596466f2f27e9952a703f8a1cd711fbfc59513686b861ea","","9477-669afc5c819137fac732c570aa45ed90f4259e011425cfedf0699463cd0eb202","root"
"ORDNANCE HANDLING EQUIPMENT","","","1","3","3","2","","","","","","0.55","1.284","","1.262","0.879","","","","","","2018-BASE_PROCUREMENT-2018-NAVY_SHIPBUILDINGANDCOVERSION-U_PROCUREMENT_MasterJustificationBook_Navy_PB_2018.zzz_unzipped-U_PROCUREMENT_MasterJustificationBook_Navy_PB_2018.xml","119a8a234210e8d816f52b47d147d9422de1a8875a3a611fd7398a69bdc2b836","0-d357a55f4664ec75191d60f80048057b8b7fa81280cbdcfbf6a7ddcc82685a19","","9478-de13496b0a1ccce855bb5704d1ec6375b683fa6e313fb3296fb5f69441aa03f9","root"
"SMALL ARMS, MACHINE GUNS","","","1","3","","2","","","","","","0.375","0.733","","0.721","0.494","","","","","","2018-BASE_PROCUREMENT-2018-NAVY_SHIPBUILDINGANDCOVERSION-U_PROCUREMENT_MasterJustificationBook_Navy_PB_2018.zzz_unzipped-U_PROCUREMENT_MasterJustificationBook_Navy_PB_2018.xml","119a8a234210e8d816f52b47d147d9422de1a8875a3a611fd7398a69bdc2b836","1-f5ebe2816c58cfebc4426b8d859f60ecbed1a7734ef6fb1fcf340fc0eda8488e","","9478-de13496b0a1ccce855bb5704d1ec6375b683fa6e313fb3296fb5f69441aa03f9","root"
"50 CAL MACHINE GUN","","","","","","","","","","","","","0.021","","","","0.078","","","","","2018-BASE_PROCUREMENT-2018-NAVY_SHIPBUILDINGANDCOVERSION-U_PROCUREMENT_MasterJustificationBook_Navy_PB_2018.zzz_unzipped-U_PROCUREMENT_MasterJustificationBook_Navy_PB_2018.xml","b6836e8f5cae238b72477d06bd8275a4b5f6643ffb0fbad18a73c25cb2c9b2b2","0-ea93f6c00e0dc45f072b670fcae6494379d4d01f7723da0f8c9c1c8ded7908c2","","9479-9c0ae7aca12c45d7ca59f97a04d456bda04129f16ab97ec3aa59d899ed347a0a","root"
"ASGSI/HOSS/MWS Fit Control & Inst Land Sys","","","","","","","","","","","","","3.44","","","","2.897","","","","","2018-BASE_PROCUREMENT-2018-NAVY_SHIPBUILDINGANDCOVERSION-U_PROCUREMENT_MasterJustificationBook_Navy_PB_2018.zzz_unzipped-U_PROCUREMENT_MasterJustificationBook_Navy_PB_2018.xml","b6836e8f5cae238b72477d06bd8275a4b5f6643ffb0fbad18a73c25cb2c9b2b2","1-cbefa0e368e43c41f73d5bd9daaa25864bc571209900724820bf2a0b30e5868d","","9479-9c0ae7aca12c45d7ca59f97a04d456bda04129f16ab97ec3aa59d899ed347a0a","root"
"MK-46 Gun Barrels","","","","","","","","","","","","","","","","","0.946","","","","","2018-BASE_PROCUREMENT-2018-NAVY_SHIPBUILDINGANDCOVERSION-U_PROCUREMENT_MasterJustificationBook_Navy_PB_2018.zzz_unzipped-U_PROCUREMENT_MasterJustificationBook_Navy_PB_2018.xml","b6836e8f5cae238b72477d06bd8275a4b5f6643ffb0fbad18a73c25cb2c9b2b2","2-e46ebc891d5285de1115c310f558a21cc9abf17660217889b472d4ee94a7acd3","","9479-9c0ae7aca12c45d7ca59f97a04d456bda04129f16ab97ec3aa59d899ed347a0a","root"
"ORDNANCE HANDLING EQUIPMENT","","","","","","","","","","","","","0.427","","","","0.495","","","","","2018-BASE_PROCUREMENT-2018-NAVY_SHIPBUILDINGANDCOVERSION-U_PROCUREMENT_MasterJustificationBook_Navy_PB_2018.zzz_unzipped-U_PROCUREMENT_MasterJustificationBook_Navy_PB_2018.xml","b6836e8f5cae238b72477d06bd8275a4b5f6643ffb0fbad18a73c25cb2c9b2b2","3-86ece2bdaaa4814162f46f6cd17a7bee56c75e5ba5d0728badbeba6fef5469dd","","9479-9c0ae7aca12c45d7ca59f97a04d456bda04129f16ab97ec3aa59d899ed347a0a","root"
"AN/SPS-73","","","","","","","","","","","","","","","","","","","","","","2018-BASE_PROCUREMENT-2018-NAVY_SHIPBUILDINGANDCOVERSION-U_PROCUREMENT_MasterJustificationBook_Navy_PB_2018.zzz_unzipped-U_PROCUREMENT_MasterJustificationBook_Navy_PB_2018.xml","b6836e8f5cae238b72477d06bd8275a4b5f6643ffb0fbad18a73c25cb2c9b2b2","4-f44a4094c6e26b035a1d667f066a2554df43032cd02782bd88fe4011da99b970","","9479-9c0ae7aca12c45d7ca59f97a04d456bda04129f16ab97ec3aa59d899ed347a0a","root"
"MK 38 Mod 2 Stabilized Gun Stand Assembly","","","","","","3","","","","","","","","","","6.145","","","","","","2018-BASE_PROCUREMENT-2018-NAVY_SHIPBUILDINGANDCOVERSION-U_PROCUREMENT_MasterJustificationBook_Navy_PB_2018.zzz_unzipped-U_PROCUREMENT_MasterJustificationBook_Navy_PB_2018.xml","2663be4897e8bd7730e68372a57af357002d914757b1cea5272a0fbf7ea89d42","0-24fd58c7345ca5dcf62b91f196b9b0c16f4697b06e22dd1480884111751733fe","","9481-bb57bd7a48d427300330cfa5f4cc88fbc2b622e07d1fce0a3babc13879f6bb81","root"
"AN/SPQ-14","","","","","","1","","","","","","","","","","2.537","","","","","","2018-BASE_PROCUREMENT-2018-NAVY_SHIPBUILDINGANDCOVERSION-U_PROCUREMENT_MasterJustificationBook_Navy_PB_2018.zzz_unzipped-U_PROCUREMENT_MasterJustificationBook_Navy_PB_2018.xml","2663be4897e8bd7730e68372a57af357002d914757b1cea5272a0fbf7ea89d42","1-bc502e0c5f4574fbc181f2d9d642fe886edc0e2260df8ada76e88105a68a61a5","","9481-bb57bd7a48d427300330cfa5f4cc88fbc2b622e07d1fce0a3babc13879f6bb81","root"
"MORIAH","","","","","","1","","","","","","","","","","1.762","","","","","","2018-BASE_PROCUREMENT-2018-NAVY_SHIPBUILDINGANDCOVERSION-U_PROCUREMENT_MasterJustificationBook_Navy_PB_2018.zzz_unzipped-U_PROCUREMENT_MasterJustificationBook_Navy_PB_2018.xml","2663be4897e8bd7730e68372a57af357002d914757b1cea5272a0fbf7ea89d42","2-c5e70a931d8377cdc441c1fd51a55f7a2f8bb5680a87db6b5cd4b6d4852fbc78","","9481-bb57bd7a48d427300330cfa5f4cc88fbc2b622e07d1fce0a3babc13879f6bb81","root"
"LANDING SIGNAL OFFICER DISPLAY SYSTEM (LSODS)","","","","","","1","1","","","","","","","","","2.112","1.941","","","","","2019-BASE_PROCUREMENT-2019-NAVY_SHIPBUILDINGANDCOVERSION-U_PROCUREMENT_JustificationBook_Navy_PB_2019.zzz_unzipped-U_PROCUREMENT_JustificationBook_Navy_PB_2019.xml","036eab869a099e08a81545eee0f4f7834f7c77ef6dd1087ed8062c6d5b68d43d","0-916a5214d83785b7f7671c100ebb4cb87bcb3c85ad2f4321a92c404460aab493","","11053-e6e612c9ffb2dabe88834d8b7173e66953ef9ff2d0aa03aa686f1f57e8a0dbd0","root"
"MORIAH BLOCK 2","","","","","","1","1","","","","","","","","","1.499","1.378","","","","","2019-BASE_PROCUREMENT-2019-NAVY_SHIPBUILDINGANDCOVERSION-U_PROCUREMENT_JustificationBook_Navy_PB_2019.zzz_unzipped-U_PROCUREMENT_JustificationBook_Navy_PB_2019.xml","036eab869a099e08a81545eee0f4f7834f7c77ef6dd1087ed8062c6d5b68d43d","1-8c57dc8e372fdd4991fec3a83c2dab06a91205acb29d9adc5d78007df15bd238","","11053-e6e612c9ffb2dabe88834d8b7173e66953ef9ff2d0aa03aa686f1f57e8a0dbd0","root"
"LONG RANGE LINEUP SYSTEM (LRLS)","","","","","","1","1","","","","","","","","","0.966","0.933","","","","","2019-BASE_PROCUREMENT-2019-NAVY_SHIPBUILDINGANDCOVERSION-U_PROCUREMENT_JustificationBook_Navy_PB_2019.zzz_unzipped-U_PROCUREMENT_JustificationBook_Navy_PB_2019.xml","036eab869a099e08a81545eee0f4f7834f7c77ef6dd1087ed8062c6d5b68d43d","2-b190d3cb5ea666a354d188b84bc336e0774ec90352ca1e6c1242e26fd193e4a8","","11053-e6e612c9ffb2dabe88834d8b7173e66953ef9ff2d0aa03aa686f1f57e8a0dbd0","root"
"IMPROVED FRESNEL LENS OPTICAL LANDING SYSTEM (IFLOLS)","","","","","","1","1","","","","","","","","","2.272","2.088","","","","","2019-BASE_PROCUREMENT-2019-NAVY_SHIPBUILDINGANDCOVERSION-U_PROCUREMENT_JustificationBook_Navy_PB_2019.zzz_unzipped-U_PROCUREMENT_JustificationBook_Navy_PB_2019.xml","036eab869a099e08a81545eee0f4f7834f7c77ef6dd1087ed8062c6d5b68d43d","3-7e50d14738f3b00eec03e154d0eafb4e647a59520ab8a48768a8e25ee0d41ff6","","11053-e6e612c9ffb2dabe88834d8b7173e66953ef9ff2d0aa03aa686f1f57e8a0dbd0","root"
"INTEGRATED LAUNCH AND RECOVERY TELEVISION SYSTEM (ILARTS)","","","","","","1","1","","","","","","","","","5.544","5.096","","","","","2019-BASE_PROCUREMENT-2019-NAVY_SHIPBUILDINGANDCOVERSION-U_PROCUREMENT_JustificationBook_Navy_PB_2019.zzz_unzipped-U_PROCUREMENT_JustificationBook_Navy_PB_2019.xml","036eab869a099e08a81545eee0f4f7834f7c77ef6dd1087ed8062c6d5b68d43d","4-3692231265e0ee140f9815a9c312ca4a1de6878f9c16ecd2b79f26872b07d17c","","11053-e6e612c9ffb2dabe88834d8b7173e66953ef9ff2d0aa03aa686f1f57e8a0dbd0","root"
"COMBAT DIRECTION CENTER (CDC)/FLAG RIPOUT/INSTALL","","","","","1","","","","","","","","","","16.524","","","","","","","2019-BASE_PROCUREMENT-2019-NAVY_SHIPBUILDINGANDCOVERSION-U_PROCUREMENT_JustificationBook_Navy_PB_2019.zzz_unzipped-U_PROCUREMENT_JustificationBook_Navy_PB_2019.xml","3f04422267f18278d5d6f04f107d65e4403280e1024fb698d2f8e9e46d266e01","0-be6f00df3dd2c4871c7db5dbbfe2b561033b7d1f579a748ce11ca18fe047a8b6","true","11066-253b581f21e47879159bb1dc7fdd9814a3fee1efd69b1dbeb3de5f82baa0faed","root"
"AN/SPQ-9B - ANTI-SHIP CRUISE MISSILE DEFENSE RADAR","","","","","1","","","","","","","","","","3.728","","","","","","","2019-BASE_PROCUREMENT-2019-NAVY_SHIPBUILDINGANDCOVERSION-U_PROCUREMENT_JustificationBook_Navy_PB_2019.zzz_unzipped-U_PROCUREMENT_JustificationBook_Navy_PB_2019.xml","3f04422267f18278d5d6f04f107d65e4403280e1024fb698d2f8e9e46d266e01","1-3e09fbda81c58516c39d0a36e3e43ed7a4c08cbb70ed6e7dbaf61e9fdae12424","true","11066-253b581f21e47879159bb1dc7fdd9814a3fee1efd69b1dbeb3de5f82baa0faed","root"
"SEAT SHOP MODIFICATIONS (JSF CVN)/PILOT EQUIPMENT AND HELM","","","","","1","","","","","","","","","","3.6","","","","","","","2019-BASE_PROCUREMENT-2019-NAVY_SHIPBUILDINGANDCOVERSION-U_PROCUREMENT_JustificationBook_Navy_PB_2019.zzz_unzipped-U_PROCUREMENT_JustificationBook_Navy_PB_2019.xml","3f04422267f18278d5d6f04f107d65e4403280e1024fb698d2f8e9e46d266e01","2-e2b6722cbcef01aa9657484a059d3e68ca2853cafa799e3dad9563ee8c352738","true","11066-253b581f21e47879159bb1dc7fdd9814a3fee1efd69b1dbeb3de5f82baa0faed","root"
"MK38 MOD 2 GUN SYSTEM","","","","","1","","","","","","","","","","2.03","","","","","","","2019-BASE_PROCUREMENT-2019-NAVY_SHIPBUILDINGANDCOVERSION-U_PROCUREMENT_JustificationBook_Navy_PB_2019.zzz_unzipped-U_PROCUREMENT_JustificationBook_Navy_PB_2019.xml","3f04422267f18278d5d6f04f107d65e4403280e1024fb698d2f8e9e46d266e01","3-0346b07ead8a40b08702f96e80c4ad1fe97a1bfb7bacc49c866eda7d20963b85","true","11066-253b581f21e47879159bb1dc7fdd9814a3fee1efd69b1dbeb3de5f82baa0faed","root"
"AN/SQQ-34C - CARRIER TACTICAL SUPPORT CENTER","","","","","1","","","","","","","","","","1.287","","","","","","","2019-BASE_PROCUREMENT-2019-NAVY_SHIPBUILDINGANDCOVERSION-U_PROCUREMENT_JustificationBook_Navy_PB_2019.zzz_unzipped-U_PROCUREMENT_JustificationBook_Navy_PB_2019.xml","3f04422267f18278d5d6f04f107d65e4403280e1024fb698d2f8e9e46d266e01","4-444bb4f5ca0fd28286fec7e2f01d59577175ea60e33d59f9bb8332d38213e142","true","11066-253b581f21e47879159bb1dc7fdd9814a3fee1efd69b1dbeb3de5f82baa0faed","root"
"RAM GUIDED MISSILE LAUNCHING SYSTEM","","","","","1","","","","","","","","","","1.188","","","","","","","2019-BASE_PROCUREMENT-2019-NAVY_SHIPBUILDINGANDCOVERSION-U_PROCUREMENT_JustificationBook_Navy_PB_2019.zzz_unzipped-U_PROCUREMENT_JustificationBook_Navy_PB_2019.xml","3f04422267f18278d5d6f04f107d65e4403280e1024fb698d2f8e9e46d266e01","5-d12c86db2b344b1b1a37faca731ba2d1a8abac6704bcb4e0a3c6e0a7faefd9ea","true","11066-253b581f21e47879159bb1dc7fdd9814a3fee1efd69b1dbeb3de5f82baa0faed","root"
"BATTLE SPARES (AGS)","","","","","","","","","","","","","","","","","","18.449","","","","2019-BASE_PROCUREMENT-2019-NAVY_SHIPBUILDINGANDCOVERSION-U_PROCUREMENT_JustificationBook_Navy_PB_2019.zzz_unzipped-U_PROCUREMENT_JustificationBook_Navy_PB_2019.xml","384bbcfb660b583b57aa41ac827b7a4f96349bc3d635569d38c5399e81cf111b","0-0e4f746063baa433c6a021e697b595bc0f7f15eda696f32e3bfda2b21a58c4c7","","11067-a3c599c6f59d30a4644bc9d5603e5799b9014f0b99c754928f253b36fea4578c","root"
"MK 32 SVTT","","","3","2","3","2","","2","","","","9.335","5.983","","8.826","6.101","","","5.785","","","2019-BASE_PROCUREMENT-2019-NAVY_SHIPBUILDINGANDCOVERSION-U_PROCUREMENT_JustificationBook_Navy_PB_2019.zzz_unzipped-U_PROCUREMENT_JustificationBook_Navy_PB_2019.xml","a1a47c8635cef5e8f1226c963ba3faf740a9814b8e16b8e7235117ff98b853fd","0-6c4830f96c7c00159c4a74b7ea1b62f1bc750e8e8707532a39c5f1b309ecd629","","11068-a55961bf03bc0d54d9d7472a0173a14b51707e8a122cab08b0c92fc9414b87e7","root"
"ELECTRO-OPTICAL SYSTEM","","","3","2","3","2","","2","","","","9.878","6.331","","9.339","6.456","","","6.121","","","2019-BASE_PROCUREMENT-2019-NAVY_SHIPBUILDINGANDCOVERSION-U_PROCUREMENT_JustificationBook_Navy_PB_2019.zzz_unzipped-U_PROCUREMENT_JustificationBook_Navy_PB_2019.xml","a1a47c8635cef5e8f1226c963ba3faf740a9814b8e16b8e7235117ff98b853fd","1-b00a61b2946e7e1ced1891023d47ef6db65766aaa80963de8885dc7267025b75","","11068-a55961bf03bc0d54d9d7472a0173a14b51707e8a122cab08b0c92fc9414b87e7","root"
"MK 160 GFCS","","","3","2","3","2","","2","","","","10.272","6.584","","9.711","6.714","","","6.366","","","2019-BASE_PROCUREMENT-2019-NAVY_SHIPBUILDINGANDCOVERSION-U_PROCUREMENT_JustificationBook_Navy_PB_2019.zzz_unzipped-U_PROCUREMENT_JustificationBook_Navy_PB_2019.xml","a1a47c8635cef5e8f1226c963ba3faf740a9814b8e16b8e7235117ff98b853fd","2-90ae60f4592e1b1dcd7ddd39a4910e1d0b2b11d328284f65711a9f2c74986eee","","11068-a55961bf03bc0d54d9d7472a0173a14b51707e8a122cab08b0c92fc9414b87e7","root"
"ORDNANCE HANDLING EQUIPMENT","","","1","2","3","2","","3","","","","0.559","1.352","","1.284","0.894","","","1.262","","","2019-BASE_PROCUREMENT-2019-NAVY_SHIPBUILDINGANDCOVERSION-U_PROCUREMENT_JustificationBook_Navy_PB_2019.zzz_unzipped-U_PROCUREMENT_JustificationBook_Navy_PB_2019.xml","5152a3e67c89abc2820925748b17a30f7c8ff664b180b65af516e145f35dcb0b","0-cf37dcd804c27fd59cff779b6f74334e122ed47281f50a60d0e0c474ba423de1","","11069-7759f461adb7e9a69f27f7e1fa225c7349bda8be0289b811a55bcdd0ccd30040","root"
"SMALL ARMS, MACHINE GUNS","","","1","3","3","2","","","","","","0.382","0.783","","0.733","0.502","","","0.721","","","2019-BASE_PROCUREMENT-2019-NAVY_SHIPBUILDINGANDCOVERSION-U_PROCUREMENT_JustificationBook_Navy_PB_2019.zzz_unzipped-U_PROCUREMENT_JustificationBook_Navy_PB_2019.xml","5152a3e67c89abc2820925748b17a30f7c8ff664b180b65af516e145f35dcb0b","1-58f8227851525ab611e7c68ebb1b10507b58c4b479ba46530961ea83086d4326","","11069-7759f461adb7e9a69f27f7e1fa225c7349bda8be0289b811a55bcdd0ccd30040","root"
"50 CAL MACHINE GUN","","","","","","","","","","","","","0.18","","0.021","","","","","","","2019-BASE_PROCUREMENT-2019-NAVY_SHIPBUILDINGANDCOVERSION-U_PROCUREMENT_JustificationBook_Navy_PB_2019.zzz_unzipped-U_PROCUREMENT_JustificationBook_Navy_PB_2019.xml","169bc358bca4dfb8acf7b7efe08e701c479c593f5473f0f5b4ee6d1c0ad679db","0-a569d493dbda16aba35836043492465e24db4dda632a83d31247d539c343c600","","11070-e6be90fd84369462662dcbb60223b2af942dae8da3af4958eee539c644c84eac","root"
"ASGSI/HOSS/MWS Fit Control & Inst Land Sys","","","","","","","","","","","","","3.24","","3.44","","","","","","","2019-BASE_PROCUREMENT-2019-NAVY_SHIPBUILDINGANDCOVERSION-U_PROCUREMENT_JustificationBook_Navy_PB_2019.zzz_unzipped-U_PROCUREMENT_JustificationBook_Navy_PB_2019.xml","169bc358bca4dfb8acf7b7efe08e701c479c593f5473f0f5b4ee6d1c0ad679db","1-3c384e6cf7d6f21f1664cdd60bfa2f0803f4f79e4f08c6827604b9e88b0a7504","","11070-e6be90fd84369462662dcbb60223b2af942dae8da3af4958eee539c644c84eac","root"
"ORDNANCE HANDLING EQUIPMENT","","","","","","","","","","","","","0.4","","0.427","","","","","","","2019-BASE_PROCUREMENT-2019-NAVY_SHIPBUILDINGANDCOVERSION-U_PROCUREMENT_JustificationBook_Navy_PB_2019.zzz_unzipped-U_PROCUREMENT_JustificationBook_Navy_PB_2019.xml","169bc358bca4dfb8acf7b7efe08e701c479c593f5473f0f5b4ee6d1c0ad679db","2-15f8839eafada3402661682b2f8e183b6489fbf31f4a112f80dc2d9ac742cd4e","","11070-e6be90fd84369462662dcbb60223b2af942dae8da3af4958eee539c644c84eac","root"
"MK 38 Mod 2 Stabilized Gun Stand Assembly","","","","3","","","","","","","","","6.145","","","","","","","","","2019-BASE_PROCUREMENT-2019-NAVY_SHIPBUILDINGANDCOVERSION-U_PROCUREMENT_JustificationBook_Navy_PB_2019.zzz_unzipped-U_PROCUREMENT_JustificationBook_Navy_PB_2019.xml","a4d7133e03bdb92eeb03e048445944f1304841c5b4b94ac0cf2aed06ecdd0c8c","0-8b8a203ca5ecab82ed29ad97219d067c37efd0d8848e341472d9ba1a0bfd1626","","11072-b1fe16a84af3dea84839d0b0f6010b8675a09f2b6a524a33e26717764f72402f","root"
"AN/SPQ-14","","","","1","","","","","","","","","2.537","","","","","","","","","2019-BASE_PROCUREMENT-2019-NAVY_SHIPBUILDINGANDCOVERSION-U_PROCUREMENT_JustificationBook_Navy_PB_2019.zzz_unzipped-U_PROCUREMENT_JustificationBook_Navy_PB_2019.xml","a4d7133e03bdb92eeb03e048445944f1304841c5b4b94ac0cf2aed06ecdd0c8c","1-b96ec32125503ba41fd47ea62670de0ab483f90f3892a30b520ef8425989f267","","11072-b1fe16a84af3dea84839d0b0f6010b8675a09f2b6a524a33e26717764f72402f","root"
"MORIAH","","","","1","","","","","","","","","1.762","","","","","","","","","2019-BASE_PROCUREMENT-2019-NAVY_SHIPBUILDINGANDCOVERSION-U_PROCUREMENT_JustificationBook_Navy_PB_2019.zzz_unzipped-U_PROCUREMENT_JustificationBook_Navy_PB_2019.xml","a4d7133e03bdb92eeb03e048445944f1304841c5b4b94ac0cf2aed06ecdd0c8c","2-f4748634a372da70089c89aab55431d2554d51e64f55651b7b9043b5978de290","","11072-b1fe16a84af3dea84839d0b0f6010b8675a09f2b6a524a33e26717764f72402f","root"
"LANDING SIGNAL OFFICER DISPLAY SYSTEM (LSODS)","","","","","","1","1","","","","","","","","","2.112","1.941","","","","","2019-BASE_PROCUREMENT-2019-NAVY_SHIPBUILDINGANDCOVERSION-U_PROCUREMENT_MasterJustificationBook_Navy_PB_2019.zzz_unzipped-U_PROCUREMENT_MasterJustificationBook_Navy_PB_2019.xml","a9fbe5c21ca9d712d778740a9c71a88aeca9364f2ca88ca90b8d87825b9fbafd","0-ee197a71095c53a63b0eec6c287deac82ed65502276b4f1632e0f3ca4619316f","","11074-255ea356930ce19ad3c2bb122e4c7abfc6d85c9cdc34ecc86284e0791e1d7e06","root"
"MORIAH BLOCK 2","","","","","","1","1","","","","","","","","","1.499","1.378","","","","","2019-BASE_PROCUREMENT-2019-NAVY_SHIPBUILDINGANDCOVERSION-U_PROCUREMENT_MasterJustificationBook_Navy_PB_2019.zzz_unzipped-U_PROCUREMENT_MasterJustificationBook_Navy_PB_2019.xml","a9fbe5c21ca9d712d778740a9c71a88aeca9364f2ca88ca90b8d87825b9fbafd","1-e0916480cab142f75b118dc28655ae21256cdd0617f1491b135f950b088c5c6c","","11074-255ea356930ce19ad3c2bb122e4c7abfc6d85c9cdc34ecc86284e0791e1d7e06","root"
"LONG RANGE LINEUP SYSTEM (LRLS)","","","","","","1","1","","","","","","","","","0.966","0.933","","","","","2019-BASE_PROCUREMENT-2019-NAVY_SHIPBUILDINGANDCOVERSION-U_PROCUREMENT_MasterJustificationBook_Navy_PB_2019.zzz_unzipped-U_PROCUREMENT_MasterJustificationBook_Navy_PB_2019.xml","a9fbe5c21ca9d712d778740a9c71a88aeca9364f2ca88ca90b8d87825b9fbafd","2-506ae6c814d5c72a1562a02e4df48d7965b6a9fa9864a42a9530469d19077051","","11074-255ea356930ce19ad3c2bb122e4c7abfc6d85c9cdc34ecc86284e0791e1d7e06","root"
"IMPROVED FRESNEL LENS OPTICAL LANDING SYSTEM (IFLOLS)","","","","","","1","1","","","","","","","","","2.272","2.088","","","","","2019-BASE_PROCUREMENT-2019-NAVY_SHIPBUILDINGANDCOVERSION-U_PROCUREMENT_MasterJustificationBook_Navy_PB_2019.zzz_unzipped-U_PROCUREMENT_MasterJustificationBook_Navy_PB_2019.xml","a9fbe5c21ca9d712d778740a9c71a88aeca9364f2ca88ca90b8d87825b9fbafd","3-7c3abb8beb23b7f7fc71055c6227a8815fed0994876f3e9cece53466d99b7651","","11074-255ea356930ce19ad3c2bb122e4c7abfc6d85c9cdc34ecc86284e0791e1d7e06","root"
"INTEGRATED LAUNCH AND RECOVERY TELEVISION SYSTEM (ILARTS)","","","","","","1","1","","","","","","","","","5.544","5.096","","","","","2019-BASE_PROCUREMENT-2019-NAVY_SHIPBUILDINGANDCOVERSION-U_PROCUREMENT_MasterJustificationBook_Navy_PB_2019.zzz_unzipped-U_PROCUREMENT_MasterJustificationBook_Navy_PB_2019.xml","a9fbe5c21ca9d712d778740a9c71a88aeca9364f2ca88ca90b8d87825b9fbafd","4-b2ff5483995fd56d97f8e8ef23fb1a2d0f44bba6265f63625dbdd8fd5c717d18","","11074-255ea356930ce19ad3c2bb122e4c7abfc6d85c9cdc34ecc86284e0791e1d7e06","root"
"COMBAT DIRECTION CENTER (CDC)/FLAG RIPOUT/INSTALL","","","","","1","","","","","","","","","","16.524","","","","","","","2019-BASE_PROCUREMENT-2019-NAVY_SHIPBUILDINGANDCOVERSION-U_PROCUREMENT_MasterJustificationBook_Navy_PB_2019.zzz_unzipped-U_PROCUREMENT_MasterJustificationBook_Navy_PB_2019.xml","8e712934068abd23958514556a25c137e290832dbeb92748a5baadb930834b13","0-76d9f6b2c9c6400c28bc4ef4c6a0a24093f597f18cb02f9e7be53dcb0d3d9bb1","true","11087-7e4b4ea950873405cfd03c81a29721244ed6deaa1daccfa249faa5c0ab3b7096","root"
"AN/SPQ-9B - ANTI-SHIP CRUISE MISSILE DEFENSE RADAR","","","","","1","","","","","","","","","","3.728","","","","","","","2019-BASE_PROCUREMENT-2019-NAVY_SHIPBUILDINGANDCOVERSION-U_PROCUREMENT_MasterJustificationBook_Navy_PB_2019.zzz_unzipped-U_PROCUREMENT_MasterJustificationBook_Navy_PB_2019.xml","8e712934068abd23958514556a25c137e290832dbeb92748a5baadb930834b13","1-50f0ce1f8454fec807868a70aa083dc6378a709d3c7b46b5c2eccf5b6c1c7360","true","11087-7e4b4ea950873405cfd03c81a29721244ed6deaa1daccfa249faa5c0ab3b7096","root"
"SEAT SHOP MODIFICATIONS (JSF CVN)/PILOT EQUIPMENT AND HELM","","","","","1","","","","","","","","","","3.6","","","","","","","2019-BASE_PROCUREMENT-2019-NAVY_SHIPBUILDINGANDCOVERSION-U_PROCUREMENT_MasterJustificationBook_Navy_PB_2019.zzz_unzipped-U_PROCUREMENT_MasterJustificationBook_Navy_PB_2019.xml","8e712934068abd23958514556a25c137e290832dbeb92748a5baadb930834b13","2-cae77af0375bec909c74a182d1983a008bed5190e3a38abf90cf7f4dabe8aca3","true","11087-7e4b4ea950873405cfd03c81a29721244ed6deaa1daccfa249faa5c0ab3b7096","root"
"MK38 MOD 2 GUN SYSTEM","","","","","1","","","","","","","","","","2.03","","","","","","","2019-BASE_PROCUREMENT-2019-NAVY_SHIPBUILDINGANDCOVERSION-U_PROCUREMENT_MasterJustificationBook_Navy_PB_2019.zzz_unzipped-U_PROCUREMENT_MasterJustificationBook_Navy_PB_2019.xml","8e712934068abd23958514556a25c137e290832dbeb92748a5baadb930834b13","3-fe952f0047830a14f825887545aab8b9a6ab5b172defbe28c3accdee9a0ecd9e","true","11087-7e4b4ea950873405cfd03c81a29721244ed6deaa1daccfa249faa5c0ab3b7096","root"
"AN/SQQ-34C - CARRIER TACTICAL SUPPORT CENTER","","","","","1","","","","","","","","","","1.287","","","","","","","2019-BASE_PROCUREMENT-2019-NAVY_SHIPBUILDINGANDCOVERSION-U_PROCUREMENT_MasterJustificationBook_Navy_PB_2019.zzz_unzipped-U_PROCUREMENT_MasterJustificationBook_Navy_PB_2019.xml","8e712934068abd23958514556a25c137e290832dbeb92748a5baadb930834b13","4-d02893ee5ab4d04de6d7e6101a2c50bdf7413f1e973988f4c14a8b926bc0c9c1","true","11087-7e4b4ea950873405cfd03c81a29721244ed6deaa1daccfa249faa5c0ab3b7096","root"
"RAM GUIDED MISSILE LAUNCHING SYSTEM","","","","","1","","","","","","","","","","1.188","","","","","","","2019-BASE_PROCUREMENT-2019-NAVY_SHIPBUILDINGANDCOVERSION-U_PROCUREMENT_MasterJustificationBook_Navy_PB_2019.zzz_unzipped-U_PROCUREMENT_MasterJustificationBook_Navy_PB_2019.xml","8e712934068abd23958514556a25c137e290832dbeb92748a5baadb930834b13","5-eaf355a999e701c4639f8da023c422c7c2aac0b03175db4096b5d6f468dfc7d2","true","11087-7e4b4ea950873405cfd03c81a29721244ed6deaa1daccfa249faa5c0ab3b7096","root"
"BATTLE SPARES (AGS)","","","","","","","","","","","","","","","","","","18.449","","","","2019-BASE_PROCUREMENT-2019-NAVY_SHIPBUILDINGANDCOVERSION-U_PROCUREMENT_MasterJustificationBook_Navy_PB_2019.zzz_unzipped-U_PROCUREMENT_MasterJustificationBook_Navy_PB_2019.xml","eb65c52dd93ce16c20d00a7266f3d388040779562cbb7747c2c0d892437bc207","0-b86522cd08896403cbec7a8787f66cc92149509af6b0e05284bf28643f298f8a","","11088-ab62bceca070b3d1e403173afd0dbad69a9b6826af8fada438839a9d7d4af07e","root"
"MK 32 SVTT","","","3","2","3","2","","2","","","","9.335","5.983","","8.826","6.101","","","5.785","","","2019-BASE_PROCUREMENT-2019-NAVY_SHIPBUILDINGANDCOVERSION-U_PROCUREMENT_MasterJustificationBook_Navy_PB_2019.zzz_unzipped-U_PROCUREMENT_MasterJustificationBook_Navy_PB_2019.xml","7ccb09e5aa0dcd2ff656bb6257f40762290470295a3462fc198202ddc187b82f","0-23ccc693f90722a38bef6d971303d43aefcffdbcdb864821e200d8e6e9112c19","","11089-c476b172c7bb87519c54c6c3034d5ebfcc5037740ea60d34001e6d71818fa6c6","root"
"ELECTRO-OPTICAL SYSTEM","","","3","2","3","2","","2","","","","9.878","6.331","","9.339","6.456","","","6.121","","","2019-BASE_PROCUREMENT-2019-NAVY_SHIPBUILDINGANDCOVERSION-U_PROCUREMENT_MasterJustificationBook_Navy_PB_2019.zzz_unzipped-U_PROCUREMENT_MasterJustificationBook_Navy_PB_2019.xml","7ccb09e5aa0dcd2ff656bb6257f40762290470295a3462fc198202ddc187b82f","1-c1c0382741937f47f7cbbe0f99cd7c3d3979130a336462b1749ff3617b1caf4c","","11089-c476b172c7bb87519c54c6c3034d5ebfcc5037740ea60d34001e6d71818fa6c6","root"
"MK 160 GFCS","","","3","2","3","2","","2","","","","10.272","6.584","","9.711","6.714","","","6.366","","","2019-BASE_PROCUREMENT-2019-NAVY_SHIPBUILDINGANDCOVERSION-U_PROCUREMENT_MasterJustificationBook_Navy_PB_2019.zzz_unzipped-U_PROCUREMENT_MasterJustificationBook_Navy_PB_2019.xml","7ccb09e5aa0dcd2ff656bb6257f40762290470295a3462fc198202ddc187b82f","2-5c6ce2d7ce43513e53f29c69411be853605386873eb86ccb350a6505ca68f6a9","","11089-c476b172c7bb87519c54c6c3034d5ebfcc5037740ea60d34001e6d71818fa6c6","root"
"ORDNANCE HANDLING EQUIPMENT","","","1","2","3","2","","3","","","","0.559","1.352","","1.284","0.894","","","1.262","","","2019-BASE_PROCUREMENT-2019-NAVY_SHIPBUILDINGANDCOVERSION-U_PROCUREMENT_MasterJustificationBook_Navy_PB_2019.zzz_unzipped-U_PROCUREMENT_MasterJustificationBook_Navy_PB_2019.xml","8d346b790189bfc9a641dace4de6f22c2edf1c141b63425557194b004b65ee77","0-5d45cc94ef070410a8744c868180d5fbf53a1fb1f6b336dbda7b39fe492b8937","","11090-a4a434d297a4e5549951ff7a6292112564342f3a6a35c215b9862f83e6d6ca9b","root"
"SMALL ARMS, MACHINE GUNS","","","1","3","3","2","","","","","","0.382","0.783","","0.733","0.502","","","0.721","","","2019-BASE_PROCUREMENT-2019-NAVY_SHIPBUILDINGANDCOVERSION-U_PROCUREMENT_MasterJustificationBook_Navy_PB_2019.zzz_unzipped-U_PROCUREMENT_MasterJustificationBook_Navy_PB_2019.xml","8d346b790189bfc9a641dace4de6f22c2edf1c141b63425557194b004b65ee77","1-c615eac6aef05577b5a25d9d3c4aaf1a22a8ec91cbfcde6b1a5cfcdcaba0ed73","","11090-a4a434d297a4e5549951ff7a6292112564342f3a6a35c215b9862f83e6d6ca9b","root"
"50 CAL MACHINE GUN","","","","","","","","","","","","","0.18","","0.021","","","","","","","2019-BASE_PROCUREMENT-2019-NAVY_SHIPBUILDINGANDCOVERSION-U_PROCUREMENT_MasterJustificationBook_Navy_PB_2019.zzz_unzipped-U_PROCUREMENT_MasterJustificationBook_Navy_PB_2019.xml","14191acf83148e2c874d70c0ea032878d423d04892e841aeca18c4529a27d12b","0-903e11d1e04155ae7857f1c3b31bf19e4577128f8e894e7852ab5fefc8e500d7","","11091-8effb4d38144ac68b02c958ade918b6b71f4fa4d1417bfb801459ac21571d1b1","root"
"ASGSI/HOSS/MWS Fit Control & Inst Land Sys","","","","","","","","","","","","","3.24","","3.44","","","","","","","2019-BASE_PROCUREMENT-2019-NAVY_SHIPBUILDINGANDCOVERSION-U_PROCUREMENT_MasterJustificationBook_Navy_PB_2019.zzz_unzipped-U_PROCUREMENT_MasterJustificationBook_Navy_PB_2019.xml","14191acf83148e2c874d70c0ea032878d423d04892e841aeca18c4529a27d12b","1-54184d0fe58149a09ba7bc50b3ea16fc88114be564c6fe5962b4ae89693f628c","","11091-8effb4d38144ac68b02c958ade918b6b71f4fa4d1417bfb801459ac21571d1b1","root"
"ORDNANCE HANDLING EQUIPMENT","","","","","","","","","","","","","0.4","","0.427","","","","","","","2019-BASE_PROCUREMENT-2019-NAVY_SHIPBUILDINGANDCOVERSION-U_PROCUREMENT_MasterJustificationBook_Navy_PB_2019.zzz_unzipped-U_PROCUREMENT_MasterJustificationBook_Navy_PB_2019.xml","14191acf83148e2c874d70c0ea032878d423d04892e841aeca18c4529a27d12b","2-2ade8734cc7dc35ae482f69d56340a811859372eea462884fabf655ddabf78ae","","11091-8effb4d38144ac68b02c958ade918b6b71f4fa4d1417bfb801459ac21571d1b1","root"
"MK 38 Mod 2 Stabilized Gun Stand Assembly","","","","3","","","","","","","","","6.145","","","","","","","","","2019-BASE_PROCUREMENT-2019-NAVY_SHIPBUILDINGANDCOVERSION-U_PROCUREMENT_MasterJustificationBook_Navy_PB_2019.zzz_unzipped-U_PROCUREMENT_MasterJustificationBook_Navy_PB_2019.xml","651aa59353d9c137c7c7ed7efa2f74bb1e3d8f4c6ed3eced3278e337253be7e6","0-066c25c3fd82ff74a13cbd42201dfa4f293b504aa38ee727389da7f87770046a","","11093-9a09d0fa285ac19232a6a415609a3b56ddc6d4707bb5f1a945e425d515f2be9b","root"
"AN/SPQ-14","","","","1","","","","","","","","","2.537","","","","","","","","","2019-BASE_PROCUREMENT-2019-NAVY_SHIPBUILDINGANDCOVERSION-U_PROCUREMENT_MasterJustificationBook_Navy_PB_2019.zzz_unzipped-U_PROCUREMENT_MasterJustificationBook_Navy_PB_2019.xml","651aa59353d9c137c7c7ed7efa2f74bb1e3d8f4c6ed3eced3278e337253be7e6","1-b1e082f7920933a9736ca35541ee679f9095d4a269025e8fa4dfbbcbe838be92","","11093-9a09d0fa285ac19232a6a415609a3b56ddc6d4707bb5f1a945e425d515f2be9b","root"
"MORIAH","","","","1","","","","","","","","","1.762","","","","","","","","","2019-BASE_PROCUREMENT-2019-NAVY_SHIPBUILDINGANDCOVERSION-U_PROCUREMENT_MasterJustificationBook_Navy_PB_2019.zzz_unzipped-U_PROCUREMENT_MasterJustificationBook_Navy_PB_2019.xml","651aa59353d9c137c7c7ed7efa2f74bb1e3d8f4c6ed3eced3278e337253be7e6","2-66071ec2e40491b9c22a287d9f0edf585082a2ca9820ef02f3745021e3293ea8","","11093-9a09d0fa285ac19232a6a415609a3b56ddc6d4707bb5f1a945e425d515f2be9b","root"
"LANDING SIGNAL OFFICER DISPLAY SYSTEM (LSODS)","","","1","1","","","","","1","","","2.098","2.112","","","","","","","1.927","","2020-BASE_PROCUREMENT-2020-NAVY_SHIPBUILDINGANDCOVERSION-U_PROCUREMENT_JustificationBook_Navy_PB_2020.zzz_unzipped-U_PROCUREMENT_JustificationBook_Navy_PB_2020.xml","32504ad2a7e688527244f05aaddd99f674ca8968fcba75209474740d4df46dfa","0-f04b590fb43c2268da5196f285ad9d540f34896bd44f568287a71ac0ad027f1e","","12613-759cf0067dd5dbf58336a8aad2650aae26589d1b7ea58df2658fed7dd49dd1e1","root"
"MORIAH BLOCK 2","","","1","1","","","","","1","","","1.49","1.499","","","","","","","1.365","","2020-BASE_PROCUREMENT-2020-NAVY_SHIPBUILDINGANDCOVERSION-U_PROCUREMENT_JustificationBook_Navy_PB_2020.zzz_unzipped-U_PROCUREMENT_JustificationBook_Navy_PB_2020.xml","32504ad2a7e688527244f05aaddd99f674ca8968fcba75209474740d4df46dfa","1-6f40b82f75324e62dc5a31e9d216ff6a756319a3782e35448e45bc0d14ee5011","","12613-759cf0067dd5dbf58336a8aad2650aae26589d1b7ea58df2658fed7dd49dd1e1","root"
"LONG RANGE LINEUP SYSTEM (LRLS)","","","1","1","","","","","1","","","0.96","0.966","","","","","","","0.926","","2020-BASE_PROCUREMENT-2020-NAVY_SHIPBUILDINGANDCOVERSION-U_PROCUREMENT_JustificationBook_Navy_PB_2020.zzz_unzipped-U_PROCUREMENT_JustificationBook_Navy_PB_2020.xml","32504ad2a7e688527244f05aaddd99f674ca8968fcba75209474740d4df46dfa","2-1418eaf83d251644147153f0424a22ab74486afe0d06265356bffbb731b5ec9f","","12613-759cf0067dd5dbf58336a8aad2650aae26589d1b7ea58df2658fed7dd49dd1e1","root"
"IMPROVED FRESNEL LENS OPTICAL LANDING SYSTEM (IFLOLS)","","","1","1","","","","","1","","","2.257","2.272","","","","","","","2.073","","2020-BASE_PROCUREMENT-2020-NAVY_SHIPBUILDINGANDCOVERSION-U_PROCUREMENT_JustificationBook_Navy_PB_2020.zzz_unzipped-U_PROCUREMENT_JustificationBook_Navy_PB_2020.xml","32504ad2a7e688527244f05aaddd99f674ca8968fcba75209474740d4df46dfa","3-c300c83c37dc6716157622349460f2f5368e3f158f0d09132d9bda561806320b","","12613-759cf0067dd5dbf58336a8aad2650aae26589d1b7ea58df2658fed7dd49dd1e1","root"
"INTEGRATED LAUNCH AND RECOVERY TELEVISION SYSTEM (ILARTS)","","","1","1","","","","","1","","","5.509","5.544","","","","","","","4.685","","2020-BASE_PROCUREMENT-2020-NAVY_SHIPBUILDINGANDCOVERSION-U_PROCUREMENT_JustificationBook_Navy_PB_2020.zzz_unzipped-U_PROCUREMENT_JustificationBook_Navy_PB_2020.xml","32504ad2a7e688527244f05aaddd99f674ca8968fcba75209474740d4df46dfa","4-e4696bc1dd04319baed4e173871252274eafefe1724367559896c28e491dc660","","12613-759cf0067dd5dbf58336a8aad2650aae26589d1b7ea58df2658fed7dd49dd1e1","root"
"MK 38 Mod 2 Stabilized Gun Stand Assembly","","","","","3","","","","","","","","","","6.145","","","","","","","2020-BASE_PROCUREMENT-2020-NAVY_SHIPBUILDINGANDCOVERSION-U_PROCUREMENT_JustificationBook_Navy_PB_2020.zzz_unzipped-U_PROCUREMENT_JustificationBook_Navy_PB_2020.xml","a30fb163f04d29291638d311bbf03be8dc48823cfa05a2f328112ff44f545d50","0-dbe58d1c30a06d0744b9dfc506444eb6e417a740551613d40232153bcd56dc88","","12614-6baeed442cf380b40d4fc304ec6b74f11b7b5d2e005ce93b44da215b468b07e7","root"
"AN/SPQ-14","","","","","1","","","","","","","","","","2.537","","","","","","","2020-BASE_PROCUREMENT-2020-NAVY_SHIPBUILDINGANDCOVERSION-U_PROCUREMENT_JustificationBook_Navy_PB_2020.zzz_unzipped-U_PROCUREMENT_JustificationBook_Navy_PB_2020.xml","a30fb163f04d29291638d311bbf03be8dc48823cfa05a2f328112ff44f545d50","1-ebdc92b2f275a76e89e93c0542c7c76e4d3509e2c7d7900fb0bbd44ad6e7e27d","","12614-6baeed442cf380b40d4fc304ec6b74f11b7b5d2e005ce93b44da215b468b07e7","root"
"MORIAH","","","","","1","","","","","","","","","","1.762","","","","","","","2020-BASE_PROCUREMENT-2020-NAVY_SHIPBUILDINGANDCOVERSION-U_PROCUREMENT_JustificationBook_Navy_PB_2020.zzz_unzipped-U_PROCUREMENT_JustificationBook_Navy_PB_2020.xml","a30fb163f04d29291638d311bbf03be8dc48823cfa05a2f328112ff44f545d50","2-65546888bffb823370d1f8f122e92f7c213d903f703458fb63c9d14e692bb4b3","","12614-6baeed442cf380b40d4fc304ec6b74f11b7b5d2e005ce93b44da215b468b07e7","root"
"50 CAL MACHINE GUN","","","","","","","","","","","","","","","0.18","","","","0.021","","","2020-BASE_PROCUREMENT-2020-NAVY_SHIPBUILDINGANDCOVERSION-U_PROCUREMENT_JustificationBook_Navy_PB_2020.zzz_unzipped-U_PROCUREMENT_JustificationBook_Navy_PB_2020.xml","61c75f4854ca92250e7faa2931112113ac0649a293e0256c0de12704ee4d411a","0-8dc581b9cc0f99db644818dd6284f00f84d4bb0033d1da682bb6bfa2e1178150","","12616-23da2bb13cfe5f50588e1fd6acd0446eca8e65dca6abf397a4b3af27cc4b2020","root"
"ASGSI/HOSS/MWS Fit Control & Inst Land Sys","","","","","","","","","","","","","","","3.24","","","","3.44","","","2020-BASE_PROCUREMENT-2020-NAVY_SHIPBUILDINGANDCOVERSION-U_PROCUREMENT_JustificationBook_Navy_PB_2020.zzz_unzipped-U_PROCUREMENT_JustificationBook_Navy_PB_2020.xml","61c75f4854ca92250e7faa2931112113ac0649a293e0256c0de12704ee4d411a","1-d77a69cf8e3ad0b337ee2dc58dfe72a80e054d0772431fd7e7ba84795fd0c00f","","12616-23da2bb13cfe5f50588e1fd6acd0446eca8e65dca6abf397a4b3af27cc4b2020","root"
"ORDNANCE HANDLING EQUIPMENT","","","","","","","","","","","","","","","0.4","","","","0.427","","","2020-BASE_PROCUREMENT-2020-NAVY_SHIPBUILDINGANDCOVERSION-U_PROCUREMENT_JustificationBook_Navy_PB_2020.zzz_unzipped-U_PROCUREMENT_JustificationBook_Navy_PB_2020.xml","61c75f4854ca92250e7faa2931112113ac0649a293e0256c0de12704ee4d411a","2-efb3720c3066202c94b006a70bfda9994331aaac32e6540fc8564d507ae398e2","","12616-23da2bb13cfe5f50588e1fd6acd0446eca8e65dca6abf397a4b3af27cc4b2020","root"
"COMBAT DIRECTION CENTER (CDC)/FLAG RIPOUT/INSTALL","","","1","","","","","1","","","","17.02","","","","","","","16.524","","","2020-BASE_PROCUREMENT-2020-NAVY_SHIPBUILDINGANDCOVERSION-U_PROCUREMENT_JustificationBook_Navy_PB_2020.zzz_unzipped-U_PROCUREMENT_JustificationBook_Navy_PB_2020.xml","79df57bc99fb77f6f94f2d8202847567fc765bce66445ff4e4e663760799e6e1","0-223561260f08539956813c83d87e607020ec345da0d9c032d07c3062db01dd5c","true","12629-d88fb36ef45bb58110e4003edb420c951462acb43ecd2ef9c87c4db86fdf9c81","root"
"AN/SPQ-9B - ANTI-SHIP CRUISE MISSILE DEFENSE RADAR","","","1","","","","","1","","","","4.472","","","","","","","3.624","","","2020-BASE_PROCUREMENT-2020-NAVY_SHIPBUILDINGANDCOVERSION-U_PROCUREMENT_JustificationBook_Navy_PB_2020.zzz_unzipped-U_PROCUREMENT_JustificationBook_Navy_PB_2020.xml","79df57bc99fb77f6f94f2d8202847567fc765bce66445ff4e4e663760799e6e1","1-5810ec69b6cb8d5669fe4434cc17622e75cdca1dca606e028ffbc8a84f9e69e7","true","12629-d88fb36ef45bb58110e4003edb420c951462acb43ecd2ef9c87c4db86fdf9c81","root"
"MK 38 MOD 2 GUN SYSTEM","","","","","","","","1","","","","","","","","","","","2.03","","","2020-BASE_PROCUREMENT-2020-NAVY_SHIPBUILDINGANDCOVERSION-U_PROCUREMENT_JustificationBook_Navy_PB_2020.zzz_unzipped-U_PROCUREMENT_JustificationBook_Navy_PB_2020.xml","79df57bc99fb77f6f94f2d8202847567fc765bce66445ff4e4e663760799e6e1","2-147db399b68dcaa3e0260038443bfc817cbcc2bfc07038609927659ae0c2be69","true","12629-d88fb36ef45bb58110e4003edb420c951462acb43ecd2ef9c87c4db86fdf9c81","root"
"AN/SQQ-34C - CARRIER TACTICAL SUPPORT CENTER","","","1","","","","","1","","","","2.485","","","","","","","1.287","","","2020-BASE_PROCUREMENT-2020-NAVY_SHIPBUILDINGANDCOVERSION-U_PROCUREMENT_JustificationBook_Navy_PB_2020.zzz_unzipped-U_PROCUREMENT_JustificationBook_Navy_PB_2020.xml","79df57bc99fb77f6f94f2d8202847567fc765bce66445ff4e4e663760799e6e1","3-e6929531f6acb5c624e55a99c25bc073394a0a5360b0ab338fe360630ae19467","true","12629-d88fb36ef45bb58110e4003edb420c951462acb43ecd2ef9c87c4db86fdf9c81","root"
"RAM GUIDED MISSILE LAUNCHING SYSTEM","","","1","","","","","1","","","","2.542","","","","","","","1.185","","","2020-BASE_PROCUREMENT-2020-NAVY_SHIPBUILDINGANDCOVERSION-U_PROCUREMENT_JustificationBook_Navy_PB_2020.zzz_unzipped-U_PROCUREMENT_JustificationBook_Navy_PB_2020.xml","79df57bc99fb77f6f94f2d8202847567fc765bce66445ff4e4e663760799e6e1","4-5d691ecc56d00990bf09ce47e4bca2106bac0d8bbe2e1bed59c1f44e7e30a471","true","12629-d88fb36ef45bb58110e4003edb420c951462acb43ecd2ef9c87c4db86fdf9c81","root"
"MK 53 DECOY LAUNCHING SYSTEM (DLS)","","","1","","","","","","","","","5.725","","","","","","","","","","2020-BASE_PROCUREMENT-2020-NAVY_SHIPBUILDINGANDCOVERSION-U_PROCUREMENT_JustificationBook_Navy_PB_2020.zzz_unzipped-U_PROCUREMENT_JustificationBook_Navy_PB_2020.xml","79df57bc99fb77f6f94f2d8202847567fc765bce66445ff4e4e663760799e6e1","5-dd0f9670266e258cc85819d1390b54cb8884efdf6e42dff9ad4e9964f58578e3","true","12629-d88fb36ef45bb58110e4003edb420c951462acb43ecd2ef9c87c4db86fdf9c81","root"
"BATTLE SPARES (AGS)","","","","","","","","","","","","","","","","","","","","","18.449","2020-BASE_PROCUREMENT-2020-NAVY_SHIPBUILDINGANDCOVERSION-U_PROCUREMENT_JustificationBook_Navy_PB_2020.zzz_unzipped-U_PROCUREMENT_JustificationBook_Navy_PB_2020.xml","8644d6cf0ff072d3154c0109223402de2d9d8f52cc878b156fc73009c9601119","0-1afbb3f8e50d7839382765c03ab753c486cba88a0acb40575940f6507e8ad78f","","12630-f0c81ef7d390da44cc175476df2a8fc27581e6ec308eccd11c913d9f7cbd190b","root"
"MK 32 Surface Vessel Torpedo Tubes (SVTT)","","2","3","2","2","3","","3","","","5.785","9.52","6.101","","5.983","9.335","","","8.826","","","2020-BASE_PROCUREMENT-2020-NAVY_SHIPBUILDINGANDCOVERSION-U_PROCUREMENT_JustificationBook_Navy_PB_2020.zzz_unzipped-U_PROCUREMENT_JustificationBook_Navy_PB_2020.xml","f88449ebd51dedd31a2638fdba5e14252aa210ecf7ac5ea8d1c24b9a55389b12","0-ff4f938d63504b73de86f3bb6da742396f88456d3c027dd52d1c8edb5d9939b4","","12631-7a0a367430c8f82ff81c1e4cfbf69ac80ec8390865bb42aa40a854120c54c1e3","root"
"ELECTRO-OPTICAL SYSTEM","","2","3","2","2","3","","3","","","6.121","10.075","6.456","","6.331","9.878","","","9.339","","","2020-BASE_PROCUREMENT-2020-NAVY_SHIPBUILDINGANDCOVERSION-U_PROCUREMENT_JustificationBook_Navy_PB_2020.zzz_unzipped-U_PROCUREMENT_JustificationBook_Navy_PB_2020.xml","f88449ebd51dedd31a2638fdba5e14252aa210ecf7ac5ea8d1c24b9a55389b12","1-769b9aab057715890d4eb61683801e5a58cf5d86af5c46c72dc029f09efb72d7","","12631-7a0a367430c8f82ff81c1e4cfbf69ac80ec8390865bb42aa40a854120c54c1e3","root"
"MK 160 Gun Fire Control System (GFCS)","","2","3","2","2","3","","3","","","6.366","10.477","6.714","","6.584","10.272","","","9.711","","","2020-BASE_PROCUREMENT-2020-NAVY_SHIPBUILDINGANDCOVERSION-U_PROCUREMENT_JustificationBook_Navy_PB_2020.zzz_unzipped-U_PROCUREMENT_JustificationBook_Navy_PB_2020.xml","f88449ebd51dedd31a2638fdba5e14252aa210ecf7ac5ea8d1c24b9a55389b12","2-618face1311e67678129a5f4105fdd80a224d152107816157ef639bd9ab9ce1b","","12631-7a0a367430c8f82ff81c1e4cfbf69ac80ec8390865bb42aa40a854120c54c1e3","root"
"ORDNANCE HANDLING EQUIPMENT","","3","","2","2","2","","3","","","1.262","","1.39","","1.352","1.413","","","1.284","","","2020-BASE_PROCUREMENT-2020-NAVY_SHIPBUILDINGANDCOVERSION-U_PROCUREMENT_JustificationBook_Navy_PB_2020.zzz_unzipped-U_PROCUREMENT_JustificationBook_Navy_PB_2020.xml","3a50af76787ade8e6e39ac7fb379b076ab9a8df59659f988b8b17ea8a6e28f09","0-931227dec8262db2df61faf96e6b466863409ceecf74dfbafc1025d0ff78954d","","12632-07aa386a7668469bed55f5907362a2c8d9679ed58a5e43ec99baa43ed6db884e","root"
"SMALL ARMS, MACHINE GUNS","","","","3","3","3","","3","","","0.721","","0.811","","0.783","0.917","","","0.733","","","2020-BASE_PROCUREMENT-2020-NAVY_SHIPBUILDINGANDCOVERSION-U_PROCUREMENT_JustificationBook_Navy_PB_2020.zzz_unzipped-U_PROCUREMENT_JustificationBook_Navy_PB_2020.xml","3a50af76787ade8e6e39ac7fb379b076ab9a8df59659f988b8b17ea8a6e28f09","1-633d1603ee56ea9fe81f7b94192eec6374b8600095c11428b1cbcd7ba8c67879","","12632-07aa386a7668469bed55f5907362a2c8d9679ed58a5e43ec99baa43ed6db884e","root"
"Over-The-Horizon Missile Launcher  (OTH)- 8 Canister","","","1","","","","","","","","","2.95","","","","","","","","","","2020-BASE_PROCUREMENT-2020-NAVY_SHIPBUILDINGANDCOVERSION-U_PROCUREMENT_JustificationBook_Navy_PB_2020.zzz_unzipped-U_PROCUREMENT_JustificationBook_Navy_PB_2020.xml","c28c27813a2cf7ded6b86fcbf9224130d193279ad60a95d269b6367bacde8fe9","0-42beec340cf33cc8b02e41efe143b5d5a025571e75c537e11edd10fa39aeb2ce","","12633-65187fbf49b85459b7256cad144ab487303bab5880b2f70f31a885b0bb77b669","root"
"MK 53 Decoy Launching System (DLS) (Nulka)- 4 Launcher","","","1","","","","","","","","","1.523","","","","","","","","","","2020-BASE_PROCUREMENT-2020-NAVY_SHIPBUILDINGANDCOVERSION-U_PROCUREMENT_JustificationBook_Navy_PB_2020.zzz_unzipped-U_PROCUREMENT_JustificationBook_Navy_PB_2020.xml","c28c27813a2cf7ded6b86fcbf9224130d193279ad60a95d269b6367bacde8fe9","1-07bfb55069c7f7e876e80f58912bc8d60f9f16df12aa43d156473a93d3b4f35d","","12633-65187fbf49b85459b7256cad144ab487303bab5880b2f70f31a885b0bb77b669","root"
"50 CAL MACHINE GUN","","","","","","","","","","","","","0.183","","","","","","","","","2020-BASE_PROCUREMENT-2020-NAVY_SHIPBUILDINGANDCOVERSION-U_PROCUREMENT_JustificationBook_Navy_PB_2020.zzz_unzipped-U_PROCUREMENT_JustificationBook_Navy_PB_2020.xml","9c168386c667ef3d36f81563d2d4cc8667e0a613f9f857e619b298d98031ffd5","0-0ab84f95ac4ea3a67df38f57bcbf97f1ec2bd05a178cd5266cca419874b12d60","","12634-e2041c2038ba0cac72195f203f44cb475a45f7f34fe3e2164d054108801051f2","root"
"ASGSI/HOSS/MWS Fit Control & Inst Land Sys","","","","","","","","","","","","","3.252","","","","","","","","","2020-BASE_PROCUREMENT-2020-NAVY_SHIPBUILDINGANDCOVERSION-U_PROCUREMENT_JustificationBook_Navy_PB_2020.zzz_unzipped-U_PROCUREMENT_JustificationBook_Navy_PB_2020.xml","9c168386c667ef3d36f81563d2d4cc8667e0a613f9f857e619b298d98031ffd5","1-74da4804fe3e5d551d063d7ee460f7fc4a33b5fbc9decdb7ed21b4ac21d13b8f","","12634-e2041c2038ba0cac72195f203f44cb475a45f7f34fe3e2164d054108801051f2","root"
"ORDNANCE HANDLING EQUIPMENT","","","","","","","","","","","","","0.423","","","","","","","","","2020-BASE_PROCUREMENT-2020-NAVY_SHIPBUILDINGANDCOVERSION-U_PROCUREMENT_JustificationBook_Navy_PB_2020.zzz_unzipped-U_PROCUREMENT_JustificationBook_Navy_PB_2020.xml","9c168386c667ef3d36f81563d2d4cc8667e0a613f9f857e619b298d98031ffd5","2-f10b7b3c5a9bb1a290388f03b524ef511bbed04cf1f1da7c3e6a89afac0baf79","","12634-e2041c2038ba0cac72195f203f44cb475a45f7f34fe3e2164d054108801051f2","root"
"LANDING SIGNAL OFFICER DISPLAY SYSTEM (LSODS)","","","1","1","","","","","1","","","2.098","2.112","","","","","","","1.927","","2020-BASE_PROCUREMENT-2020-NAVY_SHIPBUILDINGANDCOVERSION-U_PROCUREMENT_MasterJustificationBook_Navy_PB_2020.zzz_unzipped-U_PROCUREMENT_MasterJustificationBook_Navy_PB_2020.xml","d143fe01a081a0f255f6aad559f7bd427f9f1cc2ecd779a7e68acdbdf10f5453","0-14ff2f24e69ddd889276b9fe7708aa24c14a28b1877a0db55d9fc03cba7e6838","","12637-4d86fb643ff4e5b97fc838eb48a1a9dbe9c118a7ea9565df25d5c0af2366c50d","root"
"MORIAH BLOCK 2","","","1","1","","","","","1","","","1.49","1.499","","","","","","","1.365","","2020-BASE_PROCUREMENT-2020-NAVY_SHIPBUILDINGANDCOVERSION-U_PROCUREMENT_MasterJustificationBook_Navy_PB_2020.zzz_unzipped-U_PROCUREMENT_MasterJustificationBook_Navy_PB_2020.xml","d143fe01a081a0f255f6aad559f7bd427f9f1cc2ecd779a7e68acdbdf10f5453","1-5cfdfad960b02256a9d158b49037ebc624b5dcb76b63a204866d2be206e9bdaa","","12637-4d86fb643ff4e5b97fc838eb48a1a9dbe9c118a7ea9565df25d5c0af2366c50d","root"
"LONG RANGE LINEUP SYSTEM (LRLS)","","","1","1","","","","","1","","","0.96","0.966","","","","","","","0.926","","2020-BASE_PROCUREMENT-2020-NAVY_SHIPBUILDINGANDCOVERSION-U_PROCUREMENT_MasterJustificationBook_Navy_PB_2020.zzz_unzipped-U_PROCUREMENT_MasterJustificationBook_Navy_PB_2020.xml","d143fe01a081a0f255f6aad559f7bd427f9f1cc2ecd779a7e68acdbdf10f5453","2-4339376c5c13b310c341c70fcdc2b017c26ce01a6b5a39901f9f94d853f3fcb4","","12637-4d86fb643ff4e5b97fc838eb48a1a9dbe9c118a7ea9565df25d5c0af2366c50d","root"
"IMPROVED FRESNEL LENS OPTICAL LANDING SYSTEM (IFLOLS)","","","1","1","","","","","1","","","2.257","2.272","","","","","","","2.073","","2020-BASE_PROCUREMENT-2020-NAVY_SHIPBUILDINGANDCOVERSION-U_PROCUREMENT_MasterJustificationBook_Navy_PB_2020.zzz_unzipped-U_PROCUREMENT_MasterJustificationBook_Navy_PB_2020.xml","d143fe01a081a0f255f6aad559f7bd427f9f1cc2ecd779a7e68acdbdf10f5453","3-d26ad34825a46f222b79521dc00a7758658b4cbee70f3fba5fae9fd8f51986b8","","12637-4d86fb643ff4e5b97fc838eb48a1a9dbe9c118a7ea9565df25d5c0af2366c50d","root"
"INTEGRATED LAUNCH AND RECOVERY TELEVISION SYSTEM (ILARTS)","","","1","1","","","","","1","","","5.509","5.544","","","","","","","4.685","","2020-BASE_PROCUREMENT-2020-NAVY_SHIPBUILDINGANDCOVERSION-U_PROCUREMENT_MasterJustificationBook_Navy_PB_2020.zzz_unzipped-U_PROCUREMENT_MasterJustificationBook_Navy_PB_2020.xml","d143fe01a081a0f255f6aad559f7bd427f9f1cc2ecd779a7e68acdbdf10f5453","4-72e2df35a20b8a3b7759998fdb0644ea320709aa0f85d8d2837101727411f126","","12637-4d86fb643ff4e5b97fc838eb48a1a9dbe9c118a7ea9565df25d5c0af2366c50d","root"
"MK 38 Mod 2 Stabilized Gun Stand Assembly","","","","","3","","","","","","","","","","6.145","","","","","","","2020-BASE_PROCUREMENT-2020-NAVY_SHIPBUILDINGANDCOVERSION-U_PROCUREMENT_MasterJustificationBook_Navy_PB_2020.zzz_unzipped-U_PROCUREMENT_MasterJustificationBook_Navy_PB_2020.xml","1bf2304bf6786187c63030b5e02bf99a3fe02fecfde1e3c616fb0ae51dbeb198","0-d16dae90e1f590b4d53c674a8e3bf08e665011d77c1ec326761b423bf889b424","","12638-08941db188b79f53038d8fc73cad4c953bfc5f3d588d20b6a5ddb6b1b81aa737","root"
"AN/SPQ-14","","","","","1","","","","","","","","","","2.537","","","","","","","2020-BASE_PROCUREMENT-2020-NAVY_SHIPBUILDINGANDCOVERSION-U_PROCUREMENT_MasterJustificationBook_Navy_PB_2020.zzz_unzipped-U_PROCUREMENT_MasterJustificationBook_Navy_PB_2020.xml","1bf2304bf6786187c63030b5e02bf99a3fe02fecfde1e3c616fb0ae51dbeb198","1-67e7541bae0df211fa2c48e5bf5ca99c21661c7f4be43bfc1bad2c0a0f530205","","12638-08941db188b79f53038d8fc73cad4c953bfc5f3d588d20b6a5ddb6b1b81aa737","root"
"MORIAH","","","","","1","","","","","","","","","","1.762","","","","","","","2020-BASE_PROCUREMENT-2020-NAVY_SHIPBUILDINGANDCOVERSION-U_PROCUREMENT_MasterJustificationBook_Navy_PB_2020.zzz_unzipped-U_PROCUREMENT_MasterJustificationBook_Navy_PB_2020.xml","1bf2304bf6786187c63030b5e02bf99a3fe02fecfde1e3c616fb0ae51dbeb198","2-f551a0eb932713568b7143ec90fd56fdc0957ac01ccaadeff898b37a6167ab32","","12638-08941db188b79f53038d8fc73cad4c953bfc5f3d588d20b6a5ddb6b1b81aa737","root"
"50 CAL MACHINE GUN","","","","","","","","","","","","","","","0.18","","","","0.021","","","2020-BASE_PROCUREMENT-2020-NAVY_SHIPBUILDINGANDCOVERSION-U_PROCUREMENT_MasterJustificationBook_Navy_PB_2020.zzz_unzipped-U_PROCUREMENT_MasterJustificationBook_Navy_PB_2020.xml","e131c0f9c0cddd147c5f2a5af285d5a65223c9ab0a8e83cb610b0d4ae369c030","0-3705a6493a70d0d05fd6025578f720a79694cc9f014af1e3dbf2730f6f24828e","","12640-bcaefd146d11eaacdd4144ff0647713e4880e13110713b5a7dab1057d3fe1f6a","root"
"ASGSI/HOSS/MWS Fit Control & Inst Land Sys","","","","","","","","","","","","","","","3.24","","","","3.44","","","2020-BASE_PROCUREMENT-2020-NAVY_SHIPBUILDINGANDCOVERSION-U_PROCUREMENT_MasterJustificationBook_Navy_PB_2020.zzz_unzipped-U_PROCUREMENT_MasterJustificationBook_Navy_PB_2020.xml","e131c0f9c0cddd147c5f2a5af285d5a65223c9ab0a8e83cb610b0d4ae369c030","1-2e4c1a6f007b168a78485261eba6a8d0ad81bd9122eadf87d2678524d331e4ce","","12640-bcaefd146d11eaacdd4144ff0647713e4880e13110713b5a7dab1057d3fe1f6a","root"
"ORDNANCE HANDLING EQUIPMENT","","","","","","","","","","","","","","","0.4","","","","0.427","","","2020-BASE_PROCUREMENT-2020-NAVY_SHIPBUILDINGANDCOVERSION-U_PROCUREMENT_MasterJustificationBook_Navy_PB_2020.zzz_unzipped-U_PROCUREMENT_MasterJustificationBook_Navy_PB_2020.xml","e131c0f9c0cddd147c5f2a5af285d5a65223c9ab0a8e83cb610b0d4ae369c030","2-cdb422fcdce5e8ff50200fa46663ce02457c8bc3f80275aae1c7cd05fff86c77","","12640-bcaefd146d11eaacdd4144ff0647713e4880e13110713b5a7dab1057d3fe1f6a","root"
"COMBAT DIRECTION CENTER (CDC)/FLAG RIPOUT/INSTALL","","","1","","","","","1","","","","17.02","","","","","","","16.524","","","2020-BASE_PROCUREMENT-2020-NAVY_SHIPBUILDINGANDCOVERSION-U_PROCUREMENT_MasterJustificationBook_Navy_PB_2020.zzz_unzipped-U_PROCUREMENT_MasterJustificationBook_Navy_PB_2020.xml","53454ed154816f70057095a6ea7a42707220b000004458bda908b6e9eea36312","0-fe0ccf3ff6bbe5781d1e808911cb369bc42c886b4eb84c416de82e0cc87170ef","true","12653-9826ff7cda02e3c7cfb5616a102edde9a9def4346b72305ec0aec1ddac058536","root"
"AN/SPQ-9B - ANTI-SHIP CRUISE MISSILE DEFENSE RADAR","","","1","","","","","1","","","","4.472","","","","","","","3.624","","","2020-BASE_PROCUREMENT-2020-NAVY_SHIPBUILDINGANDCOVERSION-U_PROCUREMENT_MasterJustificationBook_Navy_PB_2020.zzz_unzipped-U_PROCUREMENT_MasterJustificationBook_Navy_PB_2020.xml","53454ed154816f70057095a6ea7a42707220b000004458bda908b6e9eea36312","1-fad3921de7fd3c2f7fc121f05a24deb48f474dd1ccd85219078e565f04ea4707","true","12653-9826ff7cda02e3c7cfb5616a102edde9a9def4346b72305ec0aec1ddac058536","root"
"MK 38 MOD 2 GUN SYSTEM","","","","","","","","1","","","","","","","","","","","2.03","","","2020-BASE_PROCUREMENT-2020-NAVY_SHIPBUILDINGANDCOVERSION-U_PROCUREMENT_MasterJustificationBook_Navy_PB_2020.zzz_unzipped-U_PROCUREMENT_MasterJustificationBook_Navy_PB_2020.xml","53454ed154816f70057095a6ea7a42707220b000004458bda908b6e9eea36312","2-b9c10a469f2280aaf81c65d226e578311922c95cf05fbe36e1f60c7a44a603d2","true","12653-9826ff7cda02e3c7cfb5616a102edde9a9def4346b72305ec0aec1ddac058536","root"
"AN/SQQ-34C - CARRIER TACTICAL SUPPORT CENTER","","","1","","","","","1","","","","2.485","","","","","","","1.287","","","2020-BASE_PROCUREMENT-2020-NAVY_SHIPBUILDINGANDCOVERSION-U_PROCUREMENT_MasterJustificationBook_Navy_PB_2020.zzz_unzipped-U_PROCUREMENT_MasterJustificationBook_Navy_PB_2020.xml","53454ed154816f70057095a6ea7a42707220b000004458bda908b6e9eea36312","3-b4fa46dbdb29c39c08f78ff3e6811b66fef6170ebec517b0cf9070f5adb8bca9","true","12653-9826ff7cda02e3c7cfb5616a102edde9a9def4346b72305ec0aec1ddac058536","root"
"RAM GUIDED MISSILE LAUNCHING SYSTEM","","","1","","","","","1","","","","2.542","","","","","","","1.185","","","2020-BASE_PROCUREMENT-2020-NAVY_SHIPBUILDINGANDCOVERSION-U_PROCUREMENT_MasterJustificationBook_Navy_PB_2020.zzz_unzipped-U_PROCUREMENT_MasterJustificationBook_Navy_PB_2020.xml","53454ed154816f70057095a6ea7a42707220b000004458bda908b6e9eea36312","4-a92567293113112d0611122e8d603274448ea73010f6b089a5f3c7352746e8dd","true","12653-9826ff7cda02e3c7cfb5616a102edde9a9def4346b72305ec0aec1ddac058536","root"
"MK 53 DECOY LAUNCHING SYSTEM (DLS)","","","1","","","","","","","","","5.725","","","","","","","","","","2020-BASE_PROCUREMENT-2020-NAVY_SHIPBUILDINGANDCOVERSION-U_PROCUREMENT_MasterJustificationBook_Navy_PB_2020.zzz_unzipped-U_PROCUREMENT_MasterJustificationBook_Navy_PB_2020.xml","53454ed154816f70057095a6ea7a42707220b000004458bda908b6e9eea36312","5-9e799cc29f8b9b0ea058fec8e956b316803e179bb42896b8e6d9d4de34b31fac","true","12653-9826ff7cda02e3c7cfb5616a102edde9a9def4346b72305ec0aec1ddac058536","root"
"BATTLE SPARES (AGS)","","","","","","","","","","","","","","","","","","","","","18.449","2020-BASE_PROCUREMENT-2020-NAVY_SHIPBUILDINGANDCOVERSION-U_PROCUREMENT_MasterJustificationBook_Navy_PB_2020.zzz_unzipped-U_PROCUREMENT_MasterJustificationBook_Navy_PB_2020.xml","fa505ec92f383fcc1ed15c617e66a7a22b7d4afe96a0183b867c4406bbfec040","0-2f89ca54718d3f7592cc2822ab5cf87e92ec5588c5cf2356c0185a6c4c0fe211","","12654-5874592e33f8a698fc04e47cba3cbc3abf5f20f2d3554ba5dc89b9a2c515e8fc","root"
"MK 32 Surface Vessel Torpedo Tubes (SVTT)","","2","3","2","2","3","","3","","","5.785","9.52","6.101","","5.983","9.335","","","8.826","","","2020-BASE_PROCUREMENT-2020-NAVY_SHIPBUILDINGANDCOVERSION-U_PROCUREMENT_MasterJustificationBook_Navy_PB_2020.zzz_unzipped-U_PROCUREMENT_MasterJustificationBook_Navy_PB_2020.xml","5f09bad83be8d9935dfb8fbbbac4473f946bb03e639a64a10be47789f49d0473","0-562d89dc5067a540fe3802387b6095ac0b25297ddd41fbef09a2d783455ec525","","12655-e3329a006cfae39d428c25dba3e886ffc92bc3b316074a854666de8708ab621b","root"
"ELECTRO-OPTICAL SYSTEM","","2","3","2","2","3","","3","","","6.121","10.075","6.456","","6.331","9.878","","","9.339","","","2020-BASE_PROCUREMENT-2020-NAVY_SHIPBUILDINGANDCOVERSION-U_PROCUREMENT_MasterJustificationBook_Navy_PB_2020.zzz_unzipped-U_PROCUREMENT_MasterJustificationBook_Navy_PB_2020.xml","5f09bad83be8d9935dfb8fbbbac4473f946bb03e639a64a10be47789f49d0473","1-5fc5f1ba19c45fe0caa97d1923cd795b3f96dbd316117ec1d4646a2a090bb86c","","12655-e3329a006cfae39d428c25dba3e886ffc92bc3b316074a854666de8708ab621b","root"
"MK 160 Gun Fire Control System (GFCS)","","2","3","2","2","3","","3","","","6.366","10.477","6.714","","6.584","10.272","","","9.711","","","2020-BASE_PROCUREMENT-2020-NAVY_SHIPBUILDINGANDCOVERSION-U_PROCUREMENT_MasterJustificationBook_Navy_PB_2020.zzz_unzipped-U_PROCUREMENT_MasterJustificationBook_Navy_PB_2020.xml","5f09bad83be8d9935dfb8fbbbac4473f946bb03e639a64a10be47789f49d0473","2-e9f2ebd7859b47ae0c4c0465377a43b8630dda46c5c56e0b6bffa18c4bd8b07a","","12655-e3329a006cfae39d428c25dba3e886ffc92bc3b316074a854666de8708ab621b","root"
"ORDNANCE HANDLING EQUIPMENT","","3","","2","2","2","","3","","","1.262","","1.39","","1.352","1.413","","","1.284","","","2020-BASE_PROCUREMENT-2020-NAVY_SHIPBUILDINGANDCOVERSION-U_PROCUREMENT_MasterJustificationBook_Navy_PB_2020.zzz_unzipped-U_PROCUREMENT_MasterJustificationBook_Navy_PB_2020.xml","aebdbec1d331d8cce6700e4da30a9b9bafcaa6b164c2778bde2d9687c6875bbf","0-1350913fad9d1a05c6f0dbdf37f8e1c251082e6d16beb98beb3c65cbc8e28716","","12656-3b1ea0e99cde271fa47386e4521e24961fd9a23ed571fd9ed585b06c3c87a11b","root"
"SMALL ARMS, MACHINE GUNS","","","","3","3","3","","3","","","0.721","","0.811","","0.783","0.917","","","0.733","","","2020-BASE_PROCUREMENT-2020-NAVY_SHIPBUILDINGANDCOVERSION-U_PROCUREMENT_MasterJustificationBook_Navy_PB_2020.zzz_unzipped-U_PROCUREMENT_MasterJustificationBook_Navy_PB_2020.xml","aebdbec1d331d8cce6700e4da30a9b9bafcaa6b164c2778bde2d9687c6875bbf","1-dbf10c62bd0aa492d6a91fd83c06faa793145e48ee2cf1fad02728c0f96208be","","12656-3b1ea0e99cde271fa47386e4521e24961fd9a23ed571fd9ed585b06c3c87a11b","root"
"Over-The-Horizon Missile Launcher  (OTH)- 8 Canister","","","1","","","","","","","","","2.95","","","","","","","","","","2020-BASE_PROCUREMENT-2020-NAVY_SHIPBUILDINGANDCOVERSION-U_PROCUREMENT_MasterJustificationBook_Navy_PB_2020.zzz_unzipped-U_PROCUREMENT_MasterJustificationBook_Navy_PB_2020.xml","e8fe4dd5e0be95240e0d086c5a917adf6e4464ec266a3ea1db82e27107e162d0","0-294383acf6c99df042a035b2dc88640864583e1caf3a352a92f5c084012cd3a5","","12657-b9e29cbf15f241709b3d34335b99d2fe30b8df87909682906c9602c015464bec","root"
"MK 53 Decoy Launching System (DLS) (Nulka)- 4 Launcher","","","1","","","","","","","","","1.523","","","","","","","","","","2020-BASE_PROCUREMENT-2020-NAVY_SHIPBUILDINGANDCOVERSION-U_PROCUREMENT_MasterJustificationBook_Navy_PB_2020.zzz_unzipped-U_PROCUREMENT_MasterJustificationBook_Navy_PB_2020.xml","e8fe4dd5e0be95240e0d086c5a917adf6e4464ec266a3ea1db82e27107e162d0","1-a2ea8ca0ae01dc2118484880f73091f2ecef149e73a764be3c1b7fa7b833e9be","","12657-b9e29cbf15f241709b3d34335b99d2fe30b8df87909682906c9602c015464bec","root"
"50 CAL MACHINE GUN","","","","","","","","","","","","","0.183","","","","","","","","","2020-BASE_PROCUREMENT-2020-NAVY_SHIPBUILDINGANDCOVERSION-U_PROCUREMENT_MasterJustificationBook_Navy_PB_2020.zzz_unzipped-U_PROCUREMENT_MasterJustificationBook_Navy_PB_2020.xml","fede88ab6e4790d85bb219ffaa3eb2a124927ee5b9d8867aa75a8d6481dc6908","0-4265d6690577580b747831ee92aa730f5403f516782fca99fb07bda3037932bc","","12658-ce984d1cd9350f4eb80375d708df5e0a2505a33d541862229d6cf31ca702b1b8","root"
"ASGSI/HOSS/MWS Fit Control & Inst Land Sys","","","","","","","","","","","","","3.252","","","","","","","","","2020-BASE_PROCUREMENT-2020-NAVY_SHIPBUILDINGANDCOVERSION-U_PROCUREMENT_MasterJustificationBook_Navy_PB_2020.zzz_unzipped-U_PROCUREMENT_MasterJustificationBook_Navy_PB_2020.xml","fede88ab6e4790d85bb219ffaa3eb2a124927ee5b9d8867aa75a8d6481dc6908","1-40d6dc99e05046e326317c1fa11b2c1a793204dac229ecc27b55a48696d1bcbe","","12658-ce984d1cd9350f4eb80375d708df5e0a2505a33d541862229d6cf31ca702b1b8","root"
"ORDNANCE HANDLING EQUIPMENT","","","","","","","","","","","","","0.423","","","","","","","","","2020-BASE_PROCUREMENT-2020-NAVY_SHIPBUILDINGANDCOVERSION-U_PROCUREMENT_MasterJustificationBook_Navy_PB_2020.zzz_unzipped-U_PROCUREMENT_MasterJustificationBook_Navy_PB_2020.xml","fede88ab6e4790d85bb219ffaa3eb2a124927ee5b9d8867aa75a8d6481dc6908","2-78ea286d166f02f0fbcc0203787e471739920cfbc317c97c7c6b8c51ca95ead3","","12658-ce984d1cd9350f4eb80375d708df5e0a2505a33d541862229d6cf31ca702b1b8","root"
