Title_val,Costs_Quantity_PriorYearNine_val,Costs_Quantity_PriorYearFour_val,Costs_Quantity_BudgetYearOne_val,Costs_Quantity_PriorYear_val,Costs_Quantity_PriorYearTwo_val,Costs_Quantity_CurrentYear_val,Costs_Quantity_PriorYearFive_val,Costs_Quantity_PriorYearThree_val,Costs_Quantity_PriorYearSix_val,Costs_TotalCost_PriorYearNine_val,Costs_TotalCost_PriorYearFour_val,Costs_TotalCost_BudgetYearOne_val,Costs_TotalCost_PriorYear_val,Costs_TotalCost_PriorYearTen_val,Costs_TotalCost_PriorYearTwo_val,Costs_TotalCost_CurrentYear_val,Costs_TotalCost_PriorYearFive_val,Costs_TotalCost_PriorYearEleven_val,Costs_TotalCost_PriorYearThree_val,Costs_TotalCost_PriorYearSix_val,Costs_TotalCost_PriorYearTwelve_val,@SOURCE_FILENAME,@RECORDID,@ROWID,@isSignificant,@PARENTROWID,@PARENT
"LANDING SIGNAL OFFICER DISPLAY SYSTEM (LSODS)","1","1","1","","","","","","","1.63","1.941","2.112","","","","","","","","","","2018-BASE_PROCUREMENT-2018-NAVY_SHIPBUILDINGANDCOVERSION-U_PROCUREMENT_JustificationBook_Navy_PB_2018.zzz_unzipped-U_PROCUREMENT_JustificationBook_Navy_PB_2018.xml","3bd3375f8dec12f579ffef5deeffb5939924e6b15ffeeee65c067abecc5c9d65","0-754968eed0ce4c2e18f1a28043bac1790c4068cbc572f0c26e471ee7efa20d60","","9441-f66d8e0ba299d5c5a77373e09daddd7b19d54d6f219325bd00689f8fa419d01c","root"
"MORIAH BLOCK 2","1","1","1","","","","","","","1.426","1.378","1.499","","","","","","","","","","2018-BASE_PROCUREMENT-2018-NAVY_SHIPBUILDINGANDCOVERSION-U_PROCUREMENT_JustificationBook_Navy_PB_2018.zzz_unzipped-U_PROCUREMENT_JustificationBook_Navy_PB_2018.xml","3bd3375f8dec12f579ffef5deeffb5939924e6b15ffeeee65c067abecc5c9d65","1-97dfa1a3bc9c7532dca05401b2ef4762f1446c581f564a7d140954b5cfd643aa","","9441-f66d8e0ba299d5c5a77373e09daddd7b19d54d6f219325bd00689f8fa419d01c","root"
"LONG RANGE LINEUP SYSTEM (LRLS)","","1","1","","","","","","","","0.933","0.966","","","","","","","","","","2018-BASE_PROCUREMENT-2018-NAVY_SHIPBUILDINGANDCOVERSION-U_PROCUREMENT_JustificationBook_Navy_PB_2018.zzz_unzipped-U_PROCUREMENT_JustificationBook_Navy_PB_2018.xml","3bd3375f8dec12f579ffef5deeffb5939924e6b15ffeeee65c067abecc5c9d65","2-5e2d021ee42c11c90cc0dad560b6d93e86fe827f0d47e67ea441c1ab4555d3fb","","9441-f66d8e0ba299d5c5a77373e09daddd7b19d54d6f219325bd00689f8fa419d01c","root"
"IMPROVED FRESNEL LENS OPTICAL LANDING SYSTEM (IFLOLS)","1","1","1","","","","","","","3.245","2.088","2.272","","","","","","","","","","2018-BASE_PROCUREMENT-2018-NAVY_SHIPBUILDINGANDCOVERSION-U_PROCUREMENT_JustificationBook_Navy_PB_2018.zzz_unzipped-U_PROCUREMENT_JustificationBook_Navy_PB_2018.xml","3bd3375f8dec12f579ffef5deeffb5939924e6b15ffeeee65c067abecc5c9d65","3-c3fccda07af0e46dfea1f7ea99fbf8888d115c5c7cb4519f3ec71ea03046cc1a","","9441-f66d8e0ba299d5c5a77373e09daddd7b19d54d6f219325bd00689f8fa419d01c","root"
"IWS CDC/FLAG PARTIAL RECONFIGURATION (RIPOUT/INSTALL)","","","","1","","","","","","","","","16.524","","","","","","","","","2018-BASE_PROCUREMENT-2018-NAVY_SHIPBUILDINGANDCOVERSION-U_PROCUREMENT_JustificationBook_Navy_PB_2018.zzz_unzipped-U_PROCUREMENT_JustificationBook_Navy_PB_2018.xml","30f05fcd72a912823615127e43b2be8ca570156afc2855adfc6c02323fd91c7d","0-3a5eaa456f011823ae85eb73e3cb763060a5be539b28bc5af84fd41d976f3c07","","9454-181989145bbed0efe10bd892f5b9210386b3700bf1939d934f36335df0a3fddf","root"
"SEAT SHOP MODIFICATIONS (JSF CVN)/PILOT EQUIPMENT AND HELM","","","","1","","","","","","","","","3.6","","","","","","","","","2018-BASE_PROCUREMENT-2018-NAVY_SHIPBUILDINGANDCOVERSION-U_PROCUREMENT_JustificationBook_Navy_PB_2018.zzz_unzipped-U_PROCUREMENT_JustificationBook_Navy_PB_2018.xml","30f05fcd72a912823615127e43b2be8ca570156afc2855adfc6c02323fd91c7d","1-afb184d2338c21657364d3a52c91d8d491ad90fee3f245b0bb686f4edcfbe0af","","9454-181989145bbed0efe10bd892f5b9210386b3700bf1939d934f36335df0a3fddf","root"
"RAM GUIDED MISSILE LAUNCHING SYSTEM","","","","1","","","","","","","","","1.474","","","","","","","","","2018-BASE_PROCUREMENT-2018-NAVY_SHIPBUILDINGANDCOVERSION-U_PROCUREMENT_JustificationBook_Navy_PB_2018.zzz_unzipped-U_PROCUREMENT_JustificationBook_Navy_PB_2018.xml","30f05fcd72a912823615127e43b2be8ca570156afc2855adfc6c02323fd91c7d","2-0a9f32b935b4eba7b31bb024db12ad1f4686e5e064703e0dbccd4a9e99922db5","","9454-181989145bbed0efe10bd892f5b9210386b3700bf1939d934f36335df0a3fddf","root"
"PHALANX MK 15 MOD 22 (CIWS)","","","","1","","","","","","","","","1.241","","","","","","","","","2018-BASE_PROCUREMENT-2018-NAVY_SHIPBUILDINGANDCOVERSION-U_PROCUREMENT_JustificationBook_Navy_PB_2018.zzz_unzipped-U_PROCUREMENT_JustificationBook_Navy_PB_2018.xml","30f05fcd72a912823615127e43b2be8ca570156afc2855adfc6c02323fd91c7d","3-4b8768ccc3890a8dd61841a206906a28d1fbf81496f94144c6129de4f55b3edf","","9454-181989145bbed0efe10bd892f5b9210386b3700bf1939d934f36335df0a3fddf","root"
"BATTLE SPARES (AGS)","","","","","","","","","","","","","","18.449","","","","","","","","2018-BASE_PROCUREMENT-2018-NAVY_SHIPBUILDINGANDCOVERSION-U_PROCUREMENT_JustificationBook_Navy_PB_2018.zzz_unzipped-U_PROCUREMENT_JustificationBook_Navy_PB_2018.xml","63a199acf2aec9803478e689b99e17d5ba8e6ed8eb7dfb080491db0b111af06e","0-7dfd165e675f9b2a0288501144f5827aff8f3cc4bc3c8149538187b3cc56446c","","9455-00a71053a7497b690780ea96c8b2d74f9005928654e8326eeb7b397a1a090b8d","root"
"MK 32 SVTT","","","2","3","2","2","","","","","","6.101","8.826","","5.785","5.983","","","","","","2018-BASE_PROCUREMENT-2018-NAVY_SHIPBUILDINGANDCOVERSION-U_PROCUREMENT_JustificationBook_Navy_PB_2018.zzz_unzipped-U_PROCUREMENT_JustificationBook_Navy_PB_2018.xml","341c09c4a37bc5105a93194374c2b71f3cdff23a738f04e5629acb1abd33932e","0-6100dd2ddf7dd81322af8523e9dcd4b2a8620c3e1d1b2990a9af2aa11966af8f","","9456-aca9dc644a94f8910b244c1fa837d216dc424e1a505b0ce4c5d5630816be901f","root"
"ELECTRO-OPTICAL SYSTEM","","","2","3","2","2","","","","","","6.456","9.339","","6.121","6.331","","","","","","2018-BASE_PROCUREMENT-2018-NAVY_SHIPBUILDINGANDCOVERSION-U_PROCUREMENT_JustificationBook_Navy_PB_2018.zzz_unzipped-U_PROCUREMENT_JustificationBook_Navy_PB_2018.xml","341c09c4a37bc5105a93194374c2b71f3cdff23a738f04e5629acb1abd33932e","1-a6614c2b996496dd0d6d399370c91231af349e71f56f6d9bd3574b8ad92b6d42","","9456-aca9dc644a94f8910b244c1fa837d216dc424e1a505b0ce4c5d5630816be901f","root"
"MK 160 GFCS","","","2","3","2","2","","","","","","6.714","9.711","","6.366","6.584","","","","","","2018-BASE_PROCUREMENT-2018-NAVY_SHIPBUILDINGANDCOVERSION-U_PROCUREMENT_JustificationBook_Navy_PB_2018.zzz_unzipped-U_PROCUREMENT_JustificationBook_Navy_PB_2018.xml","341c09c4a37bc5105a93194374c2b71f3cdff23a738f04e5629acb1abd33932e","2-c1b7376d096b62613a648c647e9dbbd04ff4a6b42985b72e08debbb83993e3ca","","9456-aca9dc644a94f8910b244c1fa837d216dc424e1a505b0ce4c5d5630816be901f","root"
"ORDNANCE HANDLING EQUIPMENT","","","1","3","3","2","","","","","","0.55","1.284","","1.262","0.879","","","","","","2018-BASE_PROCUREMENT-2018-NAVY_SHIPBUILDINGANDCOVERSION-U_PROCUREMENT_JustificationBook_Navy_PB_2018.zzz_unzipped-U_PROCUREMENT_JustificationBook_Navy_PB_2018.xml","b548d3bebc5c45d3822f00bfd12bbaf3401faadb58f2ede71a62e2af4a876487","0-686bcab513d1169aaf20f42e8fd82bee5d29ad81ed9bb0c78e91970b8be0e759","","9457-5ac3499a631926b41477162a27ffaccdfd79d92e1fb4ddd29c9f9dc1b4f73020","root"
"SMALL ARMS, MACHINE GUNS","","","1","3","","2","","","","","","0.375","0.733","","0.721","0.494","","","","","","2018-BASE_PROCUREMENT-2018-NAVY_SHIPBUILDINGANDCOVERSION-U_PROCUREMENT_JustificationBook_Navy_PB_2018.zzz_unzipped-U_PROCUREMENT_JustificationBook_Navy_PB_2018.xml","b548d3bebc5c45d3822f00bfd12bbaf3401faadb58f2ede71a62e2af4a876487","1-028ef65d5b8b74943ba2f60efc745ca841b0e2e2715a5e3e9b50d25bb1adfd75","","9457-5ac3499a631926b41477162a27ffaccdfd79d92e1fb4ddd29c9f9dc1b4f73020","root"
"50 CAL MACHINE GUN","","","","","","","","","","","","","0.021","","","","0.078","","","","","2018-BASE_PROCUREMENT-2018-NAVY_SHIPBUILDINGANDCOVERSION-U_PROCUREMENT_JustificationBook_Navy_PB_2018.zzz_unzipped-U_PROCUREMENT_JustificationBook_Navy_PB_2018.xml","6c8db8380a911de3d70ef956f133867b9c0a3463851956b9d3521431df0e0e53","0-ce63f83eed67e8118bce3b9cd408956db5b56d8852091f2e356f2ea1e7c38945","","9458-ecd5e66eb1454cb7f7a13bbeefce5b084709dbbda52c2a7d6c186285f7a90476","root"
"ASGSI/HOSS/MWS Fit Control & Inst Land Sys","","","","","","","","","","","","","3.44","","","","2.897","","","","","2018-BASE_PROCUREMENT-2018-NAVY_SHIPBUILDINGANDCOVERSION-U_PROCUREMENT_JustificationBook_Navy_PB_2018.zzz_unzipped-U_PROCUREMENT_JustificationBook_Navy_PB_2018.xml","6c8db8380a911de3d70ef956f133867b9c0a3463851956b9d3521431df0e0e53","1-b3830c562ef11d2496f913c3301c7b31ec7cd7dd5aba57d74a0207c021404a5f","","9458-ecd5e66eb1454cb7f7a13bbeefce5b084709dbbda52c2a7d6c186285f7a90476","root"
"MK-46 Gun Barrels","","","","","","","","","","","","","","","","","0.946","","","","","2018-BASE_PROCUREMENT-2018-NAVY_SHIPBUILDINGANDCOVERSION-U_PROCUREMENT_JustificationBook_Navy_PB_2018.zzz_unzipped-U_PROCUREMENT_JustificationBook_Navy_PB_2018.xml","6c8db8380a911de3d70ef956f133867b9c0a3463851956b9d3521431df0e0e53","2-39e5620b729a06828f7d6bfe7a00e2b54f472563d8e1ba49d5a68b78cb749d12","","9458-ecd5e66eb1454cb7f7a13bbeefce5b084709dbbda52c2a7d6c186285f7a90476","root"
"ORDNANCE HANDLING EQUIPMENT","","","","","","","","","","","","","0.427","","","","0.495","","","","","2018-BASE_PROCUREMENT-2018-NAVY_SHIPBUILDINGANDCOVERSION-U_PROCUREMENT_JustificationBook_Navy_PB_2018.zzz_unzipped-U_PROCUREMENT_JustificationBook_Navy_PB_2018.xml","6c8db8380a911de3d70ef956f133867b9c0a3463851956b9d3521431df0e0e53","3-b3b7d97ce5925c5aa072bdcdebbed356d1b17b6a0a194a9382ba6732d7980786","","9458-ecd5e66eb1454cb7f7a13bbeefce5b084709dbbda52c2a7d6c186285f7a90476","root"
"AN/SPS-73","","","","","","","","","","","","","","","","","","","","","","2018-BASE_PROCUREMENT-2018-NAVY_SHIPBUILDINGANDCOVERSION-U_PROCUREMENT_JustificationBook_Navy_PB_2018.zzz_unzipped-U_PROCUREMENT_JustificationBook_Navy_PB_2018.xml","6c8db8380a911de3d70ef956f133867b9c0a3463851956b9d3521431df0e0e53","4-5d89e6d9d5ab2b63595b5d6288446e956ca74eb3d806e38cf1cc3ded5967b616","","9458-ecd5e66eb1454cb7f7a13bbeefce5b084709dbbda52c2a7d6c186285f7a90476","root"
"MK 38 Mod 2 Stabilized Gun Stand Assembly","","","","","","3","","","","","","","","","","6.145","","","","","","2018-BASE_PROCUREMENT-2018-NAVY_SHIPBUILDINGANDCOVERSION-U_PROCUREMENT_JustificationBook_Navy_PB_2018.zzz_unzipped-U_PROCUREMENT_JustificationBook_Navy_PB_2018.xml","3e69140d5f269b4975bbc8a50003ffb903001debb67899638f4fcb5075083df8","0-554548ac8a2726ab71173c80bd63a59bcda738fc2aa8421d23a4b68cd792db57","","9460-f18602b2a70326982ef32ce2148741c02be862f8be372aa721d93a1a917a2305","root"
"AN/SPQ-14","","","","","","1","","","","","","","","","","2.537","","","","","","2018-BASE_PROCUREMENT-2018-NAVY_SHIPBUILDINGANDCOVERSION-U_PROCUREMENT_JustificationBook_Navy_PB_2018.zzz_unzipped-U_PROCUREMENT_JustificationBook_Navy_PB_2018.xml","3e69140d5f269b4975bbc8a50003ffb903001debb67899638f4fcb5075083df8","1-cb0ff12873735738220e9a688735421b46727c097be423acd4e335822f57d7ca","","9460-f18602b2a70326982ef32ce2148741c02be862f8be372aa721d93a1a917a2305","root"
"MORIAH","","","","","","1","","","","","","","","","","1.762","","","","","","2018-BASE_PROCUREMENT-2018-NAVY_SHIPBUILDINGANDCOVERSION-U_PROCUREMENT_JustificationBook_Navy_PB_2018.zzz_unzipped-U_PROCUREMENT_JustificationBook_Navy_PB_2018.xml","3e69140d5f269b4975bbc8a50003ffb903001debb67899638f4fcb5075083df8","2-538b56b77d434a9dc118b686126ea59493a2fdf4d19e46ae0b336086934b9438","","9460-f18602b2a70326982ef32ce2148741c02be862f8be372aa721d93a1a917a2305","root"
"LANDING SIGNAL OFFICER DISPLAY SYSTEM (LSODS)","1","1","1","","","","","","","1.63","1.941","2.112","","","","","","","","","","2018-BASE_PROCUREMENT-2018-NAVY_SHIPBUILDINGANDCOVERSION-U_PROCUREMENT_MasterJustificationBook_Navy_PB_2018.zzz_unzipped-U_PROCUREMENT_MasterJustificationBook_Navy_PB_2018.xml","1d7fe1ff3cd4bd81f1f8eadcb8986287a46fef38ba78ae80f3d311ff6e2885f3","0-f95e70e38419190e85b54c3338e4f2261fb77d4ebf80e49ddc07ece00278c924","","9462-5e740ea8f6c4e458fbe8f2d506322f7b2a79d1e7f81ab15aa2a4d93a26ae9aea","root"
"MORIAH BLOCK 2","1","1","1","","","","","","","1.426","1.378","1.499","","","","","","","","","","2018-BASE_PROCUREMENT-2018-NAVY_SHIPBUILDINGANDCOVERSION-U_PROCUREMENT_MasterJustificationBook_Navy_PB_2018.zzz_unzipped-U_PROCUREMENT_MasterJustificationBook_Navy_PB_2018.xml","1d7fe1ff3cd4bd81f1f8eadcb8986287a46fef38ba78ae80f3d311ff6e2885f3","1-db2c6095cb55deadf8678bc315654765d0b7372416a1ae4076489b4e873cc2ca","","9462-5e740ea8f6c4e458fbe8f2d506322f7b2a79d1e7f81ab15aa2a4d93a26ae9aea","root"
"LONG RANGE LINEUP SYSTEM (LRLS)","","1","1","","","","","","","","0.933","0.966","","","","","","","","","","2018-BASE_PROCUREMENT-2018-NAVY_SHIPBUILDINGANDCOVERSION-U_PROCUREMENT_MasterJustificationBook_Navy_PB_2018.zzz_unzipped-U_PROCUREMENT_MasterJustificationBook_Navy_PB_2018.xml","1d7fe1ff3cd4bd81f1f8eadcb8986287a46fef38ba78ae80f3d311ff6e2885f3","2-b3d6d1846586a12164f37aee268554bb80f1681637e793584fb50d6fab0526e4","","9462-5e740ea8f6c4e458fbe8f2d506322f7b2a79d1e7f81ab15aa2a4d93a26ae9aea","root"
"IMPROVED FRESNEL LENS OPTICAL LANDING SYSTEM (IFLOLS)","1","1","1","","","","","","","3.245","2.088","2.272","","","","","","","","","","2018-BASE_PROCUREMENT-2018-NAVY_SHIPBUILDINGANDCOVERSION-U_PROCUREMENT_MasterJustificationBook_Navy_PB_2018.zzz_unzipped-U_PROCUREMENT_MasterJustificationBook_Navy_PB_2018.xml","1d7fe1ff3cd4bd81f1f8eadcb8986287a46fef38ba78ae80f3d311ff6e2885f3","3-e91576cd6009c6e55eb734d5e1c6c726f147398451cd5d2c7235d222e402e9ab","","9462-5e740ea8f6c4e458fbe8f2d506322f7b2a79d1e7f81ab15aa2a4d93a26ae9aea","root"
"IWS CDC/FLAG PARTIAL RECONFIGURATION (RIPOUT/INSTALL)","","","","1","","","","","","","","","16.524","","","","","","","","","2018-BASE_PROCUREMENT-2018-NAVY_SHIPBUILDINGANDCOVERSION-U_PROCUREMENT_MasterJustificationBook_Navy_PB_2018.zzz_unzipped-U_PROCUREMENT_MasterJustificationBook_Navy_PB_2018.xml","39e99632cac232ed4f791a16a1a3a350502b6d8437548761d869aa99726b1c18","0-ba0c136550467f20e2c854f1f83104df07ea92e251265cd5749ac0c5fb2d1278","","9475-4ddd234793396d57b7b4f3f99b96529a2db31fee3a00d471f254832ef356c057","root"
"SEAT SHOP MODIFICATIONS (JSF CVN)/PILOT EQUIPMENT AND HELM","","","","1","","","","","","","","","3.6","","","","","","","","","2018-BASE_PROCUREMENT-2018-NAVY_SHIPBUILDINGANDCOVERSION-U_PROCUREMENT_MasterJustificationBook_Navy_PB_2018.zzz_unzipped-U_PROCUREMENT_MasterJustificationBook_Navy_PB_2018.xml","39e99632cac232ed4f791a16a1a3a350502b6d8437548761d869aa99726b1c18","1-9b55b6cdc84e20519f01db616482a78c091e6ec72a0419972ce5b5cf29d52959","","9475-4ddd234793396d57b7b4f3f99b96529a2db31fee3a00d471f254832ef356c057","root"
"RAM GUIDED MISSILE LAUNCHING SYSTEM","","","","1","","","","","","","","","1.474","","","","","","","","","2018-BASE_PROCUREMENT-2018-NAVY_SHIPBUILDINGANDCOVERSION-U_PROCUREMENT_MasterJustificationBook_Navy_PB_2018.zzz_unzipped-U_PROCUREMENT_MasterJustificationBook_Navy_PB_2018.xml","39e99632cac232ed4f791a16a1a3a350502b6d8437548761d869aa99726b1c18","2-40e844d6d703f5b9be5fe9404ff068c2a64dc2f0c87a9ddd777ca65b4ab99c86","","9475-4ddd234793396d57b7b4f3f99b96529a2db31fee3a00d471f254832ef356c057","root"
"PHALANX MK 15 MOD 22 (CIWS)","","","","1","","","","","","","","","1.241","","","","","","","","","2018-BASE_PROCUREMENT-2018-NAVY_SHIPBUILDINGANDCOVERSION-U_PROCUREMENT_MasterJustificationBook_Navy_PB_2018.zzz_unzipped-U_PROCUREMENT_MasterJustificationBook_Navy_PB_2018.xml","39e99632cac232ed4f791a16a1a3a350502b6d8437548761d869aa99726b1c18","3-3dad467fab0fc00e7587f8b00ebae07704a98d224dc9e68f00708d398259489f","","9475-4ddd234793396d57b7b4f3f99b96529a2db31fee3a00d471f254832ef356c057","root"
"BATTLE SPARES (AGS)","","","","","","","","","","","","","","18.449","","","","","","","","2018-BASE_PROCUREMENT-2018-NAVY_SHIPBUILDINGANDCOVERSION-U_PROCUREMENT_MasterJustificationBook_Navy_PB_2018.zzz_unzipped-U_PROCUREMENT_MasterJustificationBook_Navy_PB_2018.xml","cfcd2affcafe58149df6900b5bafde44d10bbb1934842da11d594bb3c352ff90","0-d0690095d486c73dc396bd2703cc7fb52198134a4374ac4a46f6bae41b99f782","","9476-9cc0a75ec51ce33063224b770eae5f485a05ecf7fd1960be63b38860f0875e4d","root"
"MK 32 SVTT","","","2","3","2","2","","","","","","6.101","8.826","","5.785","5.983","","","","","","2018-BASE_PROCUREMENT-2018-NAVY_SHIPBUILDINGANDCOVERSION-U_PROCUREMENT_MasterJustificationBook_Navy_PB_2018.zzz_unzipped-U_PROCUREMENT_MasterJustificationBook_Navy_PB_2018.xml","e27de6ec9cb638c66ac0b656bccfc8f782bb401590861916fc6bffb8352b5cd2","0-058e7299cba4226a7de3ef75d5903ca910d79ce926cc6d7ec9c5f0b29afa245a","","9477-33313086f782ceaf1aba0ca18adb26c4b1e82380a1d1c7499d54e4ff2c1efd8f","root"
"ELECTRO-OPTICAL SYSTEM","","","2","3","2","2","","","","","","6.456","9.339","","6.121","6.331","","","","","","2018-BASE_PROCUREMENT-2018-NAVY_SHIPBUILDINGANDCOVERSION-U_PROCUREMENT_MasterJustificationBook_Navy_PB_2018.zzz_unzipped-U_PROCUREMENT_MasterJustificationBook_Navy_PB_2018.xml","e27de6ec9cb638c66ac0b656bccfc8f782bb401590861916fc6bffb8352b5cd2","1-2f2acb8072683ec6602c9afde2baef2accf4d8ca82f1f6388470cc7fd5201ecd","","9477-33313086f782ceaf1aba0ca18adb26c4b1e82380a1d1c7499d54e4ff2c1efd8f","root"
"MK 160 GFCS","","","2","3","2","2","","","","","","6.714","9.711","","6.366","6.584","","","","","","2018-BASE_PROCUREMENT-2018-NAVY_SHIPBUILDINGANDCOVERSION-U_PROCUREMENT_MasterJustificationBook_Navy_PB_2018.zzz_unzipped-U_PROCUREMENT_MasterJustificationBook_Navy_PB_2018.xml","e27de6ec9cb638c66ac0b656bccfc8f782bb401590861916fc6bffb8352b5cd2","2-cccb09d0644934f1ec30de5a387282adcbfd71e66318099c0347eb96a3658335","","9477-33313086f782ceaf1aba0ca18adb26c4b1e82380a1d1c7499d54e4ff2c1efd8f","root"
"ORDNANCE HANDLING EQUIPMENT","","","1","3","3","2","","","","","","0.55","1.284","","1.262","0.879","","","","","","2018-BASE_PROCUREMENT-2018-NAVY_SHIPBUILDINGANDCOVERSION-U_PROCUREMENT_MasterJustificationBook_Navy_PB_2018.zzz_unzipped-U_PROCUREMENT_MasterJustificationBook_Navy_PB_2018.xml","119a8a234210e8d816f52b47d147d9422de1a8875a3a611fd7398a69bdc2b836","0-a4eed7faad5453f93dc944a2193e543ccc16b6063462e76030ca6a1bbd3113b4","","9478-f57608eab4bc8ab092b228a211f43d4f0c8863769d1120089d847d7e5c1553a7","root"
"SMALL ARMS, MACHINE GUNS","","","1","3","","2","","","","","","0.375","0.733","","0.721","0.494","","","","","","2018-BASE_PROCUREMENT-2018-NAVY_SHIPBUILDINGANDCOVERSION-U_PROCUREMENT_MasterJustificationBook_Navy_PB_2018.zzz_unzipped-U_PROCUREMENT_MasterJustificationBook_Navy_PB_2018.xml","119a8a234210e8d816f52b47d147d9422de1a8875a3a611fd7398a69bdc2b836","1-5bf737227704383d26735fbb1ac4866eed89ab88bbba4b67e1e555d11bef8d3d","","9478-f57608eab4bc8ab092b228a211f43d4f0c8863769d1120089d847d7e5c1553a7","root"
"50 CAL MACHINE GUN","","","","","","","","","","","","","0.021","","","","0.078","","","","","2018-BASE_PROCUREMENT-2018-NAVY_SHIPBUILDINGANDCOVERSION-U_PROCUREMENT_MasterJustificationBook_Navy_PB_2018.zzz_unzipped-U_PROCUREMENT_MasterJustificationBook_Navy_PB_2018.xml","b6836e8f5cae238b72477d06bd8275a4b5f6643ffb0fbad18a73c25cb2c9b2b2","0-252bf0ec76098a5403ff655cb041ba64e85ce1ad564582b53a87867bd34104b0","","9479-f724ff8ebb9d329aee6ef7faeb8cc29f8c89d11adcfbe6f721ffb48938a21905","root"
"ASGSI/HOSS/MWS Fit Control & Inst Land Sys","","","","","","","","","","","","","3.44","","","","2.897","","","","","2018-BASE_PROCUREMENT-2018-NAVY_SHIPBUILDINGANDCOVERSION-U_PROCUREMENT_MasterJustificationBook_Navy_PB_2018.zzz_unzipped-U_PROCUREMENT_MasterJustificationBook_Navy_PB_2018.xml","b6836e8f5cae238b72477d06bd8275a4b5f6643ffb0fbad18a73c25cb2c9b2b2","1-7f2e7de2cc314a5f25fe0c822cb8ffb5a83b703fc0209ff329cc3a5b59c10c96","","9479-f724ff8ebb9d329aee6ef7faeb8cc29f8c89d11adcfbe6f721ffb48938a21905","root"
"MK-46 Gun Barrels","","","","","","","","","","","","","","","","","0.946","","","","","2018-BASE_PROCUREMENT-2018-NAVY_SHIPBUILDINGANDCOVERSION-U_PROCUREMENT_MasterJustificationBook_Navy_PB_2018.zzz_unzipped-U_PROCUREMENT_MasterJustificationBook_Navy_PB_2018.xml","b6836e8f5cae238b72477d06bd8275a4b5f6643ffb0fbad18a73c25cb2c9b2b2","2-17b9e2376cb5832a783a03404ddcb9b322a2fdb8ee6e104662b5b278f61910ca","","9479-f724ff8ebb9d329aee6ef7faeb8cc29f8c89d11adcfbe6f721ffb48938a21905","root"
"ORDNANCE HANDLING EQUIPMENT","","","","","","","","","","","","","0.427","","","","0.495","","","","","2018-BASE_PROCUREMENT-2018-NAVY_SHIPBUILDINGANDCOVERSION-U_PROCUREMENT_MasterJustificationBook_Navy_PB_2018.zzz_unzipped-U_PROCUREMENT_MasterJustificationBook_Navy_PB_2018.xml","b6836e8f5cae238b72477d06bd8275a4b5f6643ffb0fbad18a73c25cb2c9b2b2","3-ae296c036238338eaada27abe00d1ab6cf64a6874616c3e40ba66125345db160","","9479-f724ff8ebb9d329aee6ef7faeb8cc29f8c89d11adcfbe6f721ffb48938a21905","root"
"AN/SPS-73","","","","","","","","","","","","","","","","","","","","","","2018-BASE_PROCUREMENT-2018-NAVY_SHIPBUILDINGANDCOVERSION-U_PROCUREMENT_MasterJustificationBook_Navy_PB_2018.zzz_unzipped-U_PROCUREMENT_MasterJustificationBook_Navy_PB_2018.xml","b6836e8f5cae238b72477d06bd8275a4b5f6643ffb0fbad18a73c25cb2c9b2b2","4-19f7d39545e39054f2a99cdce80e17d04e66942e49a5bbb19e19e36d2603e1d8","","9479-f724ff8ebb9d329aee6ef7faeb8cc29f8c89d11adcfbe6f721ffb48938a21905","root"
"MK 38 Mod 2 Stabilized Gun Stand Assembly","","","","","","3","","","","","","","","","","6.145","","","","","","2018-BASE_PROCUREMENT-2018-NAVY_SHIPBUILDINGANDCOVERSION-U_PROCUREMENT_MasterJustificationBook_Navy_PB_2018.zzz_unzipped-U_PROCUREMENT_MasterJustificationBook_Navy_PB_2018.xml","2663be4897e8bd7730e68372a57af357002d914757b1cea5272a0fbf7ea89d42","0-185dd77355627fa198a0c34e6d6ae99be02d009fae69d5eadfc150702b68dd5a","","9481-50f1c360f9783701868e3694689566c43e74b63c39f0c80b7451f027d21b38ab","root"
"AN/SPQ-14","","","","","","1","","","","","","","","","","2.537","","","","","","2018-BASE_PROCUREMENT-2018-NAVY_SHIPBUILDINGANDCOVERSION-U_PROCUREMENT_MasterJustificationBook_Navy_PB_2018.zzz_unzipped-U_PROCUREMENT_MasterJustificationBook_Navy_PB_2018.xml","2663be4897e8bd7730e68372a57af357002d914757b1cea5272a0fbf7ea89d42","1-bd7ecc96846c39a94f76a6c42bae672cf65a99d72ba831ffb9a155c0a2053e1c","","9481-50f1c360f9783701868e3694689566c43e74b63c39f0c80b7451f027d21b38ab","root"
"MORIAH","","","","","","1","","","","","","","","","","1.762","","","","","","2018-BASE_PROCUREMENT-2018-NAVY_SHIPBUILDINGANDCOVERSION-U_PROCUREMENT_MasterJustificationBook_Navy_PB_2018.zzz_unzipped-U_PROCUREMENT_MasterJustificationBook_Navy_PB_2018.xml","2663be4897e8bd7730e68372a57af357002d914757b1cea5272a0fbf7ea89d42","2-967eef13f355ec26f35ac57c999e4d4c089cdf0b8f6d72994e5bb4408c67078c","","9481-50f1c360f9783701868e3694689566c43e74b63c39f0c80b7451f027d21b38ab","root"
"LANDING SIGNAL OFFICER DISPLAY SYSTEM (LSODS)","","","","","","1","1","","","","","","","","","2.112","1.941","","","","","2019-BASE_PROCUREMENT-2019-NAVY_SHIPBUILDINGANDCOVERSION-U_PROCUREMENT_JustificationBook_Navy_PB_2019.zzz_unzipped-U_PROCUREMENT_JustificationBook_Navy_PB_2019.xml","036eab869a099e08a81545eee0f4f7834f7c77ef6dd1087ed8062c6d5b68d43d","0-d889814a0d6bd3120dca90953520ede5021c274daa367e94fa652f68b54ec6bd","","11053-0c999c867a481c791454273ddda5e3ebafb0af72ed21d2a67dc3f87b65b77170","root"
"MORIAH BLOCK 2","","","","","","1","1","","","","","","","","","1.499","1.378","","","","","2019-BASE_PROCUREMENT-2019-NAVY_SHIPBUILDINGANDCOVERSION-U_PROCUREMENT_JustificationBook_Navy_PB_2019.zzz_unzipped-U_PROCUREMENT_JustificationBook_Navy_PB_2019.xml","036eab869a099e08a81545eee0f4f7834f7c77ef6dd1087ed8062c6d5b68d43d","1-94509106cb4a02eda4e6f77846a0260dcc85d17a8eb7524c58f2c2c9edd878b9","","11053-0c999c867a481c791454273ddda5e3ebafb0af72ed21d2a67dc3f87b65b77170","root"
"LONG RANGE LINEUP SYSTEM (LRLS)","","","","","","1","1","","","","","","","","","0.966","0.933","","","","","2019-BASE_PROCUREMENT-2019-NAVY_SHIPBUILDINGANDCOVERSION-U_PROCUREMENT_JustificationBook_Navy_PB_2019.zzz_unzipped-U_PROCUREMENT_JustificationBook_Navy_PB_2019.xml","036eab869a099e08a81545eee0f4f7834f7c77ef6dd1087ed8062c6d5b68d43d","2-1bb6906b56509fa21d88a272e97bb5b60c727d96dc34bad26a2c063dbc7bc307","","11053-0c999c867a481c791454273ddda5e3ebafb0af72ed21d2a67dc3f87b65b77170","root"
"IMPROVED FRESNEL LENS OPTICAL LANDING SYSTEM (IFLOLS)","","","","","","1","1","","","","","","","","","2.272","2.088","","","","","2019-BASE_PROCUREMENT-2019-NAVY_SHIPBUILDINGANDCOVERSION-U_PROCUREMENT_JustificationBook_Navy_PB_2019.zzz_unzipped-U_PROCUREMENT_JustificationBook_Navy_PB_2019.xml","036eab869a099e08a81545eee0f4f7834f7c77ef6dd1087ed8062c6d5b68d43d","3-b9fe6e4c473332a6da3c8a011df83a049a4396a8df96720426c7af5346ab4d52","","11053-0c999c867a481c791454273ddda5e3ebafb0af72ed21d2a67dc3f87b65b77170","root"
"INTEGRATED LAUNCH AND RECOVERY TELEVISION SYSTEM (ILARTS)","","","","","","1","1","","","","","","","","","5.544","5.096","","","","","2019-BASE_PROCUREMENT-2019-NAVY_SHIPBUILDINGANDCOVERSION-U_PROCUREMENT_JustificationBook_Navy_PB_2019.zzz_unzipped-U_PROCUREMENT_JustificationBook_Navy_PB_2019.xml","036eab869a099e08a81545eee0f4f7834f7c77ef6dd1087ed8062c6d5b68d43d","4-3f48b792108c468502712d19070d3d154a42fdc2f44e862ff9e11abf3689361b","","11053-0c999c867a481c791454273ddda5e3ebafb0af72ed21d2a67dc3f87b65b77170","root"
"COMBAT DIRECTION CENTER (CDC)/FLAG RIPOUT/INSTALL","","","","","1","","","","","","","","","","16.524","","","","","","","2019-BASE_PROCUREMENT-2019-NAVY_SHIPBUILDINGANDCOVERSION-U_PROCUREMENT_JustificationBook_Navy_PB_2019.zzz_unzipped-U_PROCUREMENT_JustificationBook_Navy_PB_2019.xml","3f04422267f18278d5d6f04f107d65e4403280e1024fb698d2f8e9e46d266e01","0-c5991caa54a25509f94ef58a1eaa98842be53f4f85a2d72660b7afa0368d3a43","true","11066-bb41ea391c6e764654c74f6f0ca4996e4fb1605359e8500f90a2409e1fd54475","root"
"AN/SPQ-9B - ANTI-SHIP CRUISE MISSILE DEFENSE RADAR","","","","","1","","","","","","","","","","3.728","","","","","","","2019-BASE_PROCUREMENT-2019-NAVY_SHIPBUILDINGANDCOVERSION-U_PROCUREMENT_JustificationBook_Navy_PB_2019.zzz_unzipped-U_PROCUREMENT_JustificationBook_Navy_PB_2019.xml","3f04422267f18278d5d6f04f107d65e4403280e1024fb698d2f8e9e46d266e01","1-03c06d26bed4a02e0bfe6992d5e6be0f8aafaa41b502700f2f5458ddd4a4e3ea","true","11066-bb41ea391c6e764654c74f6f0ca4996e4fb1605359e8500f90a2409e1fd54475","root"
"SEAT SHOP MODIFICATIONS (JSF CVN)/PILOT EQUIPMENT AND HELM","","","","","1","","","","","","","","","","3.6","","","","","","","2019-BASE_PROCUREMENT-2019-NAVY_SHIPBUILDINGANDCOVERSION-U_PROCUREMENT_JustificationBook_Navy_PB_2019.zzz_unzipped-U_PROCUREMENT_JustificationBook_Navy_PB_2019.xml","3f04422267f18278d5d6f04f107d65e4403280e1024fb698d2f8e9e46d266e01","2-39d012735d415b0f687f06aa0121c6fc36528537046eba8301021d465d0fcb48","true","11066-bb41ea391c6e764654c74f6f0ca4996e4fb1605359e8500f90a2409e1fd54475","root"
"MK38 MOD 2 GUN SYSTEM","","","","","1","","","","","","","","","","2.03","","","","","","","2019-BASE_PROCUREMENT-2019-NAVY_SHIPBUILDINGANDCOVERSION-U_PROCUREMENT_JustificationBook_Navy_PB_2019.zzz_unzipped-U_PROCUREMENT_JustificationBook_Navy_PB_2019.xml","3f04422267f18278d5d6f04f107d65e4403280e1024fb698d2f8e9e46d266e01","3-c6363220ccb1ea94cbbd181d09e6d07b18f18153f32eaf0ecb6ceea9e28e810a","true","11066-bb41ea391c6e764654c74f6f0ca4996e4fb1605359e8500f90a2409e1fd54475","root"
"AN/SQQ-34C - CARRIER TACTICAL SUPPORT CENTER","","","","","1","","","","","","","","","","1.287","","","","","","","2019-BASE_PROCUREMENT-2019-NAVY_SHIPBUILDINGANDCOVERSION-U_PROCUREMENT_JustificationBook_Navy_PB_2019.zzz_unzipped-U_PROCUREMENT_JustificationBook_Navy_PB_2019.xml","3f04422267f18278d5d6f04f107d65e4403280e1024fb698d2f8e9e46d266e01","4-f78e41a39cfec52ff32039d0a6cec4dbe3ce8049002d7a848829ffd13524f741","true","11066-bb41ea391c6e764654c74f6f0ca4996e4fb1605359e8500f90a2409e1fd54475","root"
"RAM GUIDED MISSILE LAUNCHING SYSTEM","","","","","1","","","","","","","","","","1.188","","","","","","","2019-BASE_PROCUREMENT-2019-NAVY_SHIPBUILDINGANDCOVERSION-U_PROCUREMENT_JustificationBook_Navy_PB_2019.zzz_unzipped-U_PROCUREMENT_JustificationBook_Navy_PB_2019.xml","3f04422267f18278d5d6f04f107d65e4403280e1024fb698d2f8e9e46d266e01","5-2cb98bb88921042d4c5f7feb7dcb128012a97eddd8bb0ca70e53418dade19c6c","true","11066-bb41ea391c6e764654c74f6f0ca4996e4fb1605359e8500f90a2409e1fd54475","root"
"BATTLE SPARES (AGS)","","","","","","","","","","","","","","","","","","18.449","","","","2019-BASE_PROCUREMENT-2019-NAVY_SHIPBUILDINGANDCOVERSION-U_PROCUREMENT_JustificationBook_Navy_PB_2019.zzz_unzipped-U_PROCUREMENT_JustificationBook_Navy_PB_2019.xml","384bbcfb660b583b57aa41ac827b7a4f96349bc3d635569d38c5399e81cf111b","0-e4104ac4c44c6c2d045d39fddaa7b53a74b3feeab3350cf9860cc404e27aa63b","","11067-9e51d140fce522b6de030375fb2ffca46d7148f2ff83937f62600a9819412841","root"
"MK 32 SVTT","","","3","2","3","2","","2","","","","9.335","5.983","","8.826","6.101","","","5.785","","","2019-BASE_PROCUREMENT-2019-NAVY_SHIPBUILDINGANDCOVERSION-U_PROCUREMENT_JustificationBook_Navy_PB_2019.zzz_unzipped-U_PROCUREMENT_JustificationBook_Navy_PB_2019.xml","a1a47c8635cef5e8f1226c963ba3faf740a9814b8e16b8e7235117ff98b853fd","0-ec3251aea2298cfae5993246df5e2a35381f12bc841c0a944b2e9420df8ad2c7","","11068-262b05461ea03c701eeaf6c67f5fe5bef07ba0429410ebf04c591583b4d70fd5","root"
"ELECTRO-OPTICAL SYSTEM","","","3","2","3","2","","2","","","","9.878","6.331","","9.339","6.456","","","6.121","","","2019-BASE_PROCUREMENT-2019-NAVY_SHIPBUILDINGANDCOVERSION-U_PROCUREMENT_JustificationBook_Navy_PB_2019.zzz_unzipped-U_PROCUREMENT_JustificationBook_Navy_PB_2019.xml","a1a47c8635cef5e8f1226c963ba3faf740a9814b8e16b8e7235117ff98b853fd","1-54edec7bcbbcd84a7e2d38e75a488f1462683ef7a9d38c92b04b2b55a83be50b","","11068-262b05461ea03c701eeaf6c67f5fe5bef07ba0429410ebf04c591583b4d70fd5","root"
"MK 160 GFCS","","","3","2","3","2","","2","","","","10.272","6.584","","9.711","6.714","","","6.366","","","2019-BASE_PROCUREMENT-2019-NAVY_SHIPBUILDINGANDCOVERSION-U_PROCUREMENT_JustificationBook_Navy_PB_2019.zzz_unzipped-U_PROCUREMENT_JustificationBook_Navy_PB_2019.xml","a1a47c8635cef5e8f1226c963ba3faf740a9814b8e16b8e7235117ff98b853fd","2-816b383d2839ecca5eb5164f6c92b6830ed79c6d72d3b7ea77f7da5fc3e22b92","","11068-262b05461ea03c701eeaf6c67f5fe5bef07ba0429410ebf04c591583b4d70fd5","root"
"ORDNANCE HANDLING EQUIPMENT","","","1","2","3","2","","3","","","","0.559","1.352","","1.284","0.894","","","1.262","","","2019-BASE_PROCUREMENT-2019-NAVY_SHIPBUILDINGANDCOVERSION-U_PROCUREMENT_JustificationBook_Navy_PB_2019.zzz_unzipped-U_PROCUREMENT_JustificationBook_Navy_PB_2019.xml","5152a3e67c89abc2820925748b17a30f7c8ff664b180b65af516e145f35dcb0b","0-9985ade5fc5385a263168f4ede6c6702adbae01e379cca0bc7347faab836ef69","","11069-2e8ed4e41316ea61379a6434846bebc0c24d696dfa94a28d43c0ab6cde3afaad","root"
"SMALL ARMS, MACHINE GUNS","","","1","3","3","2","","","","","","0.382","0.783","","0.733","0.502","","","0.721","","","2019-BASE_PROCUREMENT-2019-NAVY_SHIPBUILDINGANDCOVERSION-U_PROCUREMENT_JustificationBook_Navy_PB_2019.zzz_unzipped-U_PROCUREMENT_JustificationBook_Navy_PB_2019.xml","5152a3e67c89abc2820925748b17a30f7c8ff664b180b65af516e145f35dcb0b","1-0397f8831305428856973fc3d31ddbb5719f85582a19717f63270df463cae046","","11069-2e8ed4e41316ea61379a6434846bebc0c24d696dfa94a28d43c0ab6cde3afaad","root"
"50 CAL MACHINE GUN","","","","","","","","","","","","","0.18","","0.021","","","","","","","2019-BASE_PROCUREMENT-2019-NAVY_SHIPBUILDINGANDCOVERSION-U_PROCUREMENT_JustificationBook_Navy_PB_2019.zzz_unzipped-U_PROCUREMENT_JustificationBook_Navy_PB_2019.xml","169bc358bca4dfb8acf7b7efe08e701c479c593f5473f0f5b4ee6d1c0ad679db","0-c2f78900e195dcb195cc0dc9f5994f9cbafa117f0b56273808d0d457ea44967d","","11070-aff3b57d1f86024e412bde68f6c6b0f2c3b8ce9aa492f3be4c9c8f4648085e06","root"
"ASGSI/HOSS/MWS Fit Control & Inst Land Sys","","","","","","","","","","","","","3.24","","3.44","","","","","","","2019-BASE_PROCUREMENT-2019-NAVY_SHIPBUILDINGANDCOVERSION-U_PROCUREMENT_JustificationBook_Navy_PB_2019.zzz_unzipped-U_PROCUREMENT_JustificationBook_Navy_PB_2019.xml","169bc358bca4dfb8acf7b7efe08e701c479c593f5473f0f5b4ee6d1c0ad679db","1-fc4582b9e59d111ab3c37f1de38d772b2c60139ca8f9cdc3fafaf5cdb1e5b96d","","11070-aff3b57d1f86024e412bde68f6c6b0f2c3b8ce9aa492f3be4c9c8f4648085e06","root"
"ORDNANCE HANDLING EQUIPMENT","","","","","","","","","","","","","0.4","","0.427","","","","","","","2019-BASE_PROCUREMENT-2019-NAVY_SHIPBUILDINGANDCOVERSION-U_PROCUREMENT_JustificationBook_Navy_PB_2019.zzz_unzipped-U_PROCUREMENT_JustificationBook_Navy_PB_2019.xml","169bc358bca4dfb8acf7b7efe08e701c479c593f5473f0f5b4ee6d1c0ad679db","2-dfa27394bc3e8ac52ef2f8fc43f404d2a4636d8ab0f407933414965e82cde384","","11070-aff3b57d1f86024e412bde68f6c6b0f2c3b8ce9aa492f3be4c9c8f4648085e06","root"
"MK 38 Mod 2 Stabilized Gun Stand Assembly","","","","3","","","","","","","","","6.145","","","","","","","","","2019-BASE_PROCUREMENT-2019-NAVY_SHIPBUILDINGANDCOVERSION-U_PROCUREMENT_JustificationBook_Navy_PB_2019.zzz_unzipped-U_PROCUREMENT_JustificationBook_Navy_PB_2019.xml","a4d7133e03bdb92eeb03e048445944f1304841c5b4b94ac0cf2aed06ecdd0c8c","0-004f30d1f6d0edf3880e11fb3da72df77f7f2aa3be803ecde136e1f09064c5d9","","11072-52a9e8603f4166cb7f40e6e1005853c55ab3b7f35aaa8d722fc7caea50d48134","root"
"AN/SPQ-14","","","","1","","","","","","","","","2.537","","","","","","","","","2019-BASE_PROCUREMENT-2019-NAVY_SHIPBUILDINGANDCOVERSION-U_PROCUREMENT_JustificationBook_Navy_PB_2019.zzz_unzipped-U_PROCUREMENT_JustificationBook_Navy_PB_2019.xml","a4d7133e03bdb92eeb03e048445944f1304841c5b4b94ac0cf2aed06ecdd0c8c","1-d1f747249e99f3ee1a0a8c524fb63acf5a7c9b6699e79fe4143ac050ddaa6477","","11072-52a9e8603f4166cb7f40e6e1005853c55ab3b7f35aaa8d722fc7caea50d48134","root"
"MORIAH","","","","1","","","","","","","","","1.762","","","","","","","","","2019-BASE_PROCUREMENT-2019-NAVY_SHIPBUILDINGANDCOVERSION-U_PROCUREMENT_JustificationBook_Navy_PB_2019.zzz_unzipped-U_PROCUREMENT_JustificationBook_Navy_PB_2019.xml","a4d7133e03bdb92eeb03e048445944f1304841c5b4b94ac0cf2aed06ecdd0c8c","2-f8fe1030084b5d583d78b144e8884e21a1117e2fa286fc940e8119ab8216f42e","","11072-52a9e8603f4166cb7f40e6e1005853c55ab3b7f35aaa8d722fc7caea50d48134","root"
"LANDING SIGNAL OFFICER DISPLAY SYSTEM (LSODS)","","","","","","1","1","","","","","","","","","2.112","1.941","","","","","2019-BASE_PROCUREMENT-2019-NAVY_SHIPBUILDINGANDCOVERSION-U_PROCUREMENT_MasterJustificationBook_Navy_PB_2019.zzz_unzipped-U_PROCUREMENT_MasterJustificationBook_Navy_PB_2019.xml","a9fbe5c21ca9d712d778740a9c71a88aeca9364f2ca88ca90b8d87825b9fbafd","0-6b3521ea92f1e3c043ea522c71eb36212998eb11c1215fa6a454136c08838cb0","","11074-f09910203123b42f48a9c4bc407185aafcb940d84c9ce7d0ab693fdbe4507e91","root"
"MORIAH BLOCK 2","","","","","","1","1","","","","","","","","","1.499","1.378","","","","","2019-BASE_PROCUREMENT-2019-NAVY_SHIPBUILDINGANDCOVERSION-U_PROCUREMENT_MasterJustificationBook_Navy_PB_2019.zzz_unzipped-U_PROCUREMENT_MasterJustificationBook_Navy_PB_2019.xml","a9fbe5c21ca9d712d778740a9c71a88aeca9364f2ca88ca90b8d87825b9fbafd","1-6c3a6c7dc8516c2daab95299d9637145bbf8be8489d864a5d8db18743865189c","","11074-f09910203123b42f48a9c4bc407185aafcb940d84c9ce7d0ab693fdbe4507e91","root"
"LONG RANGE LINEUP SYSTEM (LRLS)","","","","","","1","1","","","","","","","","","0.966","0.933","","","","","2019-BASE_PROCUREMENT-2019-NAVY_SHIPBUILDINGANDCOVERSION-U_PROCUREMENT_MasterJustificationBook_Navy_PB_2019.zzz_unzipped-U_PROCUREMENT_MasterJustificationBook_Navy_PB_2019.xml","a9fbe5c21ca9d712d778740a9c71a88aeca9364f2ca88ca90b8d87825b9fbafd","2-1795ac4caf49324e311c6237e8a9cfb94467630417034b6e8c00b839ee4b6b95","","11074-f09910203123b42f48a9c4bc407185aafcb940d84c9ce7d0ab693fdbe4507e91","root"
"IMPROVED FRESNEL LENS OPTICAL LANDING SYSTEM (IFLOLS)","","","","","","1","1","","","","","","","","","2.272","2.088","","","","","2019-BASE_PROCUREMENT-2019-NAVY_SHIPBUILDINGANDCOVERSION-U_PROCUREMENT_MasterJustificationBook_Navy_PB_2019.zzz_unzipped-U_PROCUREMENT_MasterJustificationBook_Navy_PB_2019.xml","a9fbe5c21ca9d712d778740a9c71a88aeca9364f2ca88ca90b8d87825b9fbafd","3-dcdbc2a135cf0b340f9226c92ad296f0f5c73765dc7137bb2f5d659a1fbe8455","","11074-f09910203123b42f48a9c4bc407185aafcb940d84c9ce7d0ab693fdbe4507e91","root"
"INTEGRATED LAUNCH AND RECOVERY TELEVISION SYSTEM (ILARTS)","","","","","","1","1","","","","","","","","","5.544","5.096","","","","","2019-BASE_PROCUREMENT-2019-NAVY_SHIPBUILDINGANDCOVERSION-U_PROCUREMENT_MasterJustificationBook_Navy_PB_2019.zzz_unzipped-U_PROCUREMENT_MasterJustificationBook_Navy_PB_2019.xml","a9fbe5c21ca9d712d778740a9c71a88aeca9364f2ca88ca90b8d87825b9fbafd","4-f6094c983dea5c8583b2610d38d3d7461a998041643a2bce6076fc46d53a6cb8","","11074-f09910203123b42f48a9c4bc407185aafcb940d84c9ce7d0ab693fdbe4507e91","root"
"COMBAT DIRECTION CENTER (CDC)/FLAG RIPOUT/INSTALL","","","","","1","","","","","","","","","","16.524","","","","","","","2019-BASE_PROCUREMENT-2019-NAVY_SHIPBUILDINGANDCOVERSION-U_PROCUREMENT_MasterJustificationBook_Navy_PB_2019.zzz_unzipped-U_PROCUREMENT_MasterJustificationBook_Navy_PB_2019.xml","8e712934068abd23958514556a25c137e290832dbeb92748a5baadb930834b13","0-6935110b900df833d84e345b60833c03467dfcd675c3e5d92452b09b07835f3a","true","11087-147c38bf19deefd1a5e1d7aebb723b097a36140d87922bc2ec82f3ba65c415e7","root"
"AN/SPQ-9B - ANTI-SHIP CRUISE MISSILE DEFENSE RADAR","","","","","1","","","","","","","","","","3.728","","","","","","","2019-BASE_PROCUREMENT-2019-NAVY_SHIPBUILDINGANDCOVERSION-U_PROCUREMENT_MasterJustificationBook_Navy_PB_2019.zzz_unzipped-U_PROCUREMENT_MasterJustificationBook_Navy_PB_2019.xml","8e712934068abd23958514556a25c137e290832dbeb92748a5baadb930834b13","1-145091e2c701e71209d97e9c4d8ce5bed53002f10f69c8c72eae9bb1c6292d5d","true","11087-147c38bf19deefd1a5e1d7aebb723b097a36140d87922bc2ec82f3ba65c415e7","root"
"SEAT SHOP MODIFICATIONS (JSF CVN)/PILOT EQUIPMENT AND HELM","","","","","1","","","","","","","","","","3.6","","","","","","","2019-BASE_PROCUREMENT-2019-NAVY_SHIPBUILDINGANDCOVERSION-U_PROCUREMENT_MasterJustificationBook_Navy_PB_2019.zzz_unzipped-U_PROCUREMENT_MasterJustificationBook_Navy_PB_2019.xml","8e712934068abd23958514556a25c137e290832dbeb92748a5baadb930834b13","2-0f7d979d22c41caccc2d6346b3004460c875b6f54361267cc6942aa8cdfca4d2","true","11087-147c38bf19deefd1a5e1d7aebb723b097a36140d87922bc2ec82f3ba65c415e7","root"
"MK38 MOD 2 GUN SYSTEM","","","","","1","","","","","","","","","","2.03","","","","","","","2019-BASE_PROCUREMENT-2019-NAVY_SHIPBUILDINGANDCOVERSION-U_PROCUREMENT_MasterJustificationBook_Navy_PB_2019.zzz_unzipped-U_PROCUREMENT_MasterJustificationBook_Navy_PB_2019.xml","8e712934068abd23958514556a25c137e290832dbeb92748a5baadb930834b13","3-23cb0b7339705bb8e45770820e3a291eb1d660af0a8b6612508d4971f344b3ae","true","11087-147c38bf19deefd1a5e1d7aebb723b097a36140d87922bc2ec82f3ba65c415e7","root"
"AN/SQQ-34C - CARRIER TACTICAL SUPPORT CENTER","","","","","1","","","","","","","","","","1.287","","","","","","","2019-BASE_PROCUREMENT-2019-NAVY_SHIPBUILDINGANDCOVERSION-U_PROCUREMENT_MasterJustificationBook_Navy_PB_2019.zzz_unzipped-U_PROCUREMENT_MasterJustificationBook_Navy_PB_2019.xml","8e712934068abd23958514556a25c137e290832dbeb92748a5baadb930834b13","4-e06af9fefacbf07d74e184ea8b3767dbcea4c22817516737be9d87c0064cc1f6","true","11087-147c38bf19deefd1a5e1d7aebb723b097a36140d87922bc2ec82f3ba65c415e7","root"
"RAM GUIDED MISSILE LAUNCHING SYSTEM","","","","","1","","","","","","","","","","1.188","","","","","","","2019-BASE_PROCUREMENT-2019-NAVY_SHIPBUILDINGANDCOVERSION-U_PROCUREMENT_MasterJustificationBook_Navy_PB_2019.zzz_unzipped-U_PROCUREMENT_MasterJustificationBook_Navy_PB_2019.xml","8e712934068abd23958514556a25c137e290832dbeb92748a5baadb930834b13","5-7638704f1d673e0d1f11e2be1d9204af15872dd574746beda75132d455acf52f","true","11087-147c38bf19deefd1a5e1d7aebb723b097a36140d87922bc2ec82f3ba65c415e7","root"
"BATTLE SPARES (AGS)","","","","","","","","","","","","","","","","","","18.449","","","","2019-BASE_PROCUREMENT-2019-NAVY_SHIPBUILDINGANDCOVERSION-U_PROCUREMENT_MasterJustificationBook_Navy_PB_2019.zzz_unzipped-U_PROCUREMENT_MasterJustificationBook_Navy_PB_2019.xml","eb65c52dd93ce16c20d00a7266f3d388040779562cbb7747c2c0d892437bc207","0-3ccc50e2d8247bdcc1c062096881793eb97b193d860f538fa71a79ff89e82c65","","11088-b95d8d878fda9e656a0e452e0eb313ca79960d7ffa1ebbfde5ebd4e93d1d2ace","root"
"MK 32 SVTT","","","3","2","3","2","","2","","","","9.335","5.983","","8.826","6.101","","","5.785","","","2019-BASE_PROCUREMENT-2019-NAVY_SHIPBUILDINGANDCOVERSION-U_PROCUREMENT_MasterJustificationBook_Navy_PB_2019.zzz_unzipped-U_PROCUREMENT_MasterJustificationBook_Navy_PB_2019.xml","7ccb09e5aa0dcd2ff656bb6257f40762290470295a3462fc198202ddc187b82f","0-19061f711d5f7e2c95830066a13f43b6ba8f72cc5efdc1fd0dd7ea7908a13b4e","","11089-deb6365b6a2e717a23075ed75f9ab35213c130fa2278e8d1d57458f5ec73d58a","root"
"ELECTRO-OPTICAL SYSTEM","","","3","2","3","2","","2","","","","9.878","6.331","","9.339","6.456","","","6.121","","","2019-BASE_PROCUREMENT-2019-NAVY_SHIPBUILDINGANDCOVERSION-U_PROCUREMENT_MasterJustificationBook_Navy_PB_2019.zzz_unzipped-U_PROCUREMENT_MasterJustificationBook_Navy_PB_2019.xml","7ccb09e5aa0dcd2ff656bb6257f40762290470295a3462fc198202ddc187b82f","1-bb5a2f6190ef50dd09451574a581b7f9eb1aedd7f9c44a172de5f04b78752d8d","","11089-deb6365b6a2e717a23075ed75f9ab35213c130fa2278e8d1d57458f5ec73d58a","root"
"MK 160 GFCS","","","3","2","3","2","","2","","","","10.272","6.584","","9.711","6.714","","","6.366","","","2019-BASE_PROCUREMENT-2019-NAVY_SHIPBUILDINGANDCOVERSION-U_PROCUREMENT_MasterJustificationBook_Navy_PB_2019.zzz_unzipped-U_PROCUREMENT_MasterJustificationBook_Navy_PB_2019.xml","7ccb09e5aa0dcd2ff656bb6257f40762290470295a3462fc198202ddc187b82f","2-bcf39a0f21ffe98560dba3011ad6f972c03f6c6747cde48cd9271d9fb9c7f603","","11089-deb6365b6a2e717a23075ed75f9ab35213c130fa2278e8d1d57458f5ec73d58a","root"
"ORDNANCE HANDLING EQUIPMENT","","","1","2","3","2","","3","","","","0.559","1.352","","1.284","0.894","","","1.262","","","2019-BASE_PROCUREMENT-2019-NAVY_SHIPBUILDINGANDCOVERSION-U_PROCUREMENT_MasterJustificationBook_Navy_PB_2019.zzz_unzipped-U_PROCUREMENT_MasterJustificationBook_Navy_PB_2019.xml","8d346b790189bfc9a641dace4de6f22c2edf1c141b63425557194b004b65ee77","0-ba712ca2d66b453aa106157b2cf14ad352339883bfabe290c03e579b9cbde464","","11090-5ece1fd1bd26072f8264fbf1bbcd053f78fc1e781a5769ede64afeba94582848","root"
"SMALL ARMS, MACHINE GUNS","","","1","3","3","2","","","","","","0.382","0.783","","0.733","0.502","","","0.721","","","2019-BASE_PROCUREMENT-2019-NAVY_SHIPBUILDINGANDCOVERSION-U_PROCUREMENT_MasterJustificationBook_Navy_PB_2019.zzz_unzipped-U_PROCUREMENT_MasterJustificationBook_Navy_PB_2019.xml","8d346b790189bfc9a641dace4de6f22c2edf1c141b63425557194b004b65ee77","1-748e33f9a7acbad296b76ac77cad60bbfc617dff342e9c9539634fd00c1dfdfb","","11090-5ece1fd1bd26072f8264fbf1bbcd053f78fc1e781a5769ede64afeba94582848","root"
"50 CAL MACHINE GUN","","","","","","","","","","","","","0.18","","0.021","","","","","","","2019-BASE_PROCUREMENT-2019-NAVY_SHIPBUILDINGANDCOVERSION-U_PROCUREMENT_MasterJustificationBook_Navy_PB_2019.zzz_unzipped-U_PROCUREMENT_MasterJustificationBook_Navy_PB_2019.xml","14191acf83148e2c874d70c0ea032878d423d04892e841aeca18c4529a27d12b","0-f7c2b53bce71f4d1d5b1475d7cc4d96f3a462381a01134ab1145cfac8fc20cff","","11091-fea2c80138ee85820eb55dbce5ab039115684e1132b544e04a1bbd0ee363323c","root"
"ASGSI/HOSS/MWS Fit Control & Inst Land Sys","","","","","","","","","","","","","3.24","","3.44","","","","","","","2019-BASE_PROCUREMENT-2019-NAVY_SHIPBUILDINGANDCOVERSION-U_PROCUREMENT_MasterJustificationBook_Navy_PB_2019.zzz_unzipped-U_PROCUREMENT_MasterJustificationBook_Navy_PB_2019.xml","14191acf83148e2c874d70c0ea032878d423d04892e841aeca18c4529a27d12b","1-09ac664caf3b56146572c64fc3ca9a747fb02a0b72d6de37a30886c062746b86","","11091-fea2c80138ee85820eb55dbce5ab039115684e1132b544e04a1bbd0ee363323c","root"
"ORDNANCE HANDLING EQUIPMENT","","","","","","","","","","","","","0.4","","0.427","","","","","","","2019-BASE_PROCUREMENT-2019-NAVY_SHIPBUILDINGANDCOVERSION-U_PROCUREMENT_MasterJustificationBook_Navy_PB_2019.zzz_unzipped-U_PROCUREMENT_MasterJustificationBook_Navy_PB_2019.xml","14191acf83148e2c874d70c0ea032878d423d04892e841aeca18c4529a27d12b","2-0a3fa37283dab179f36c76e890e340d03b8aa341baaba8e362412fc0eda8b8eb","","11091-fea2c80138ee85820eb55dbce5ab039115684e1132b544e04a1bbd0ee363323c","root"
"MK 38 Mod 2 Stabilized Gun Stand Assembly","","","","3","","","","","","","","","6.145","","","","","","","","","2019-BASE_PROCUREMENT-2019-NAVY_SHIPBUILDINGANDCOVERSION-U_PROCUREMENT_MasterJustificationBook_Navy_PB_2019.zzz_unzipped-U_PROCUREMENT_MasterJustificationBook_Navy_PB_2019.xml","651aa59353d9c137c7c7ed7efa2f74bb1e3d8f4c6ed3eced3278e337253be7e6","0-b6ce11de8c0446906c7acb1c3d31b5b9a23e8e7861189afa0cb3dab7136c9bb3","","11093-3a7720f40aea8b99d8b8f25202ce604f2f685810c2b455f8ee37ecbda04a4a0c","root"
"AN/SPQ-14","","","","1","","","","","","","","","2.537","","","","","","","","","2019-BASE_PROCUREMENT-2019-NAVY_SHIPBUILDINGANDCOVERSION-U_PROCUREMENT_MasterJustificationBook_Navy_PB_2019.zzz_unzipped-U_PROCUREMENT_MasterJustificationBook_Navy_PB_2019.xml","651aa59353d9c137c7c7ed7efa2f74bb1e3d8f4c6ed3eced3278e337253be7e6","1-1fb9f2ec58b95a47e9e6d69eeade5fefb9a665a0e8ae3bd7a9a85c53b3c6cfac","","11093-3a7720f40aea8b99d8b8f25202ce604f2f685810c2b455f8ee37ecbda04a4a0c","root"
"MORIAH","","","","1","","","","","","","","","1.762","","","","","","","","","2019-BASE_PROCUREMENT-2019-NAVY_SHIPBUILDINGANDCOVERSION-U_PROCUREMENT_MasterJustificationBook_Navy_PB_2019.zzz_unzipped-U_PROCUREMENT_MasterJustificationBook_Navy_PB_2019.xml","651aa59353d9c137c7c7ed7efa2f74bb1e3d8f4c6ed3eced3278e337253be7e6","2-b840839d6c84ef53c0a6c3e33e4671309d954f48f14b2e836aba67aa148ee1b1","","11093-3a7720f40aea8b99d8b8f25202ce604f2f685810c2b455f8ee37ecbda04a4a0c","root"
"LANDING SIGNAL OFFICER DISPLAY SYSTEM (LSODS)","","","1","1","","","","","1","","","2.098","2.112","","","","","","","1.927","","2020-BASE_PROCUREMENT-2020-NAVY_SHIPBUILDINGANDCOVERSION-U_PROCUREMENT_JustificationBook_Navy_PB_2020.zzz_unzipped-U_PROCUREMENT_JustificationBook_Navy_PB_2020.xml","32504ad2a7e688527244f05aaddd99f674ca8968fcba75209474740d4df46dfa","0-8d78874b5356f2f54437033f5d7cdc7c49ab096b46a13f861ef8c712d4996c3b","","12613-afffd3e516e93ffde09e465904cbe23d57a1c1cc33bfa01b23fea7d992f8de0d","root"
"MORIAH BLOCK 2","","","1","1","","","","","1","","","1.49","1.499","","","","","","","1.365","","2020-BASE_PROCUREMENT-2020-NAVY_SHIPBUILDINGANDCOVERSION-U_PROCUREMENT_JustificationBook_Navy_PB_2020.zzz_unzipped-U_PROCUREMENT_JustificationBook_Navy_PB_2020.xml","32504ad2a7e688527244f05aaddd99f674ca8968fcba75209474740d4df46dfa","1-147f0d0e6ff1e9c095574963b11270370d5b2d2f0ce50351d2a12c632968886a","","12613-afffd3e516e93ffde09e465904cbe23d57a1c1cc33bfa01b23fea7d992f8de0d","root"
"LONG RANGE LINEUP SYSTEM (LRLS)","","","1","1","","","","","1","","","0.96","0.966","","","","","","","0.926","","2020-BASE_PROCUREMENT-2020-NAVY_SHIPBUILDINGANDCOVERSION-U_PROCUREMENT_JustificationBook_Navy_PB_2020.zzz_unzipped-U_PROCUREMENT_JustificationBook_Navy_PB_2020.xml","32504ad2a7e688527244f05aaddd99f674ca8968fcba75209474740d4df46dfa","2-4bf10cd5af918e2c0bbca57de84ed1de066fab00712e65ad3256b8e78f5217ac","","12613-afffd3e516e93ffde09e465904cbe23d57a1c1cc33bfa01b23fea7d992f8de0d","root"
"IMPROVED FRESNEL LENS OPTICAL LANDING SYSTEM (IFLOLS)","","","1","1","","","","","1","","","2.257","2.272","","","","","","","2.073","","2020-BASE_PROCUREMENT-2020-NAVY_SHIPBUILDINGANDCOVERSION-U_PROCUREMENT_JustificationBook_Navy_PB_2020.zzz_unzipped-U_PROCUREMENT_JustificationBook_Navy_PB_2020.xml","32504ad2a7e688527244f05aaddd99f674ca8968fcba75209474740d4df46dfa","3-8e4fb7f5a6324864701f5369c2c450ebd3ef19c0fbd0b8b8e5de6d2b4d1c95d4","","12613-afffd3e516e93ffde09e465904cbe23d57a1c1cc33bfa01b23fea7d992f8de0d","root"
"INTEGRATED LAUNCH AND RECOVERY TELEVISION SYSTEM (ILARTS)","","","1","1","","","","","1","","","5.509","5.544","","","","","","","4.685","","2020-BASE_PROCUREMENT-2020-NAVY_SHIPBUILDINGANDCOVERSION-U_PROCUREMENT_JustificationBook_Navy_PB_2020.zzz_unzipped-U_PROCUREMENT_JustificationBook_Navy_PB_2020.xml","32504ad2a7e688527244f05aaddd99f674ca8968fcba75209474740d4df46dfa","4-e3c1a11513982979144a8b4d0cb706efe7382772ab97c2400ff6f9ff5c3c4118","","12613-afffd3e516e93ffde09e465904cbe23d57a1c1cc33bfa01b23fea7d992f8de0d","root"
"MK 38 Mod 2 Stabilized Gun Stand Assembly","","","","","3","","","","","","","","","","6.145","","","","","","","2020-BASE_PROCUREMENT-2020-NAVY_SHIPBUILDINGANDCOVERSION-U_PROCUREMENT_JustificationBook_Navy_PB_2020.zzz_unzipped-U_PROCUREMENT_JustificationBook_Navy_PB_2020.xml","a30fb163f04d29291638d311bbf03be8dc48823cfa05a2f328112ff44f545d50","0-59f4a18c5451895eb238b05a397a45cb1cb4aaaef3b70aff80581da7317e8c51","","12614-2f9a9515e58445f33859f902cbfcb01b317e7b265b1242f451608a880226e635","root"
"AN/SPQ-14","","","","","1","","","","","","","","","","2.537","","","","","","","2020-BASE_PROCUREMENT-2020-NAVY_SHIPBUILDINGANDCOVERSION-U_PROCUREMENT_JustificationBook_Navy_PB_2020.zzz_unzipped-U_PROCUREMENT_JustificationBook_Navy_PB_2020.xml","a30fb163f04d29291638d311bbf03be8dc48823cfa05a2f328112ff44f545d50","1-ace13d8ba435d9c78e493c793b914a8e6127bee8afb7662c0ccd12ce317e74fb","","12614-2f9a9515e58445f33859f902cbfcb01b317e7b265b1242f451608a880226e635","root"
"MORIAH","","","","","1","","","","","","","","","","1.762","","","","","","","2020-BASE_PROCUREMENT-2020-NAVY_SHIPBUILDINGANDCOVERSION-U_PROCUREMENT_JustificationBook_Navy_PB_2020.zzz_unzipped-U_PROCUREMENT_JustificationBook_Navy_PB_2020.xml","a30fb163f04d29291638d311bbf03be8dc48823cfa05a2f328112ff44f545d50","2-9c8d5a103f3bc47e0df501037843b8039675007ffe5d97d50343ba13ecf594b4","","12614-2f9a9515e58445f33859f902cbfcb01b317e7b265b1242f451608a880226e635","root"
"50 CAL MACHINE GUN","","","","","","","","","","","","","","","0.18","","","","0.021","","","2020-BASE_PROCUREMENT-2020-NAVY_SHIPBUILDINGANDCOVERSION-U_PROCUREMENT_JustificationBook_Navy_PB_2020.zzz_unzipped-U_PROCUREMENT_JustificationBook_Navy_PB_2020.xml","61c75f4854ca92250e7faa2931112113ac0649a293e0256c0de12704ee4d411a","0-0ec23ec3f19da24f4ef4cc4808504c3c42e600592fa50e9877a093c3347dc1b5","","12616-1c961421801a6f8e829c3df93a5aa14dc590ed201676cd9ee2f4d014ee14fdf2","root"
"ASGSI/HOSS/MWS Fit Control & Inst Land Sys","","","","","","","","","","","","","","","3.24","","","","3.44","","","2020-BASE_PROCUREMENT-2020-NAVY_SHIPBUILDINGANDCOVERSION-U_PROCUREMENT_JustificationBook_Navy_PB_2020.zzz_unzipped-U_PROCUREMENT_JustificationBook_Navy_PB_2020.xml","61c75f4854ca92250e7faa2931112113ac0649a293e0256c0de12704ee4d411a","1-c8e1ba3046f0c8b381e00d1e21f62c0c0c2b8276ee458d1b2402378636892d28","","12616-1c961421801a6f8e829c3df93a5aa14dc590ed201676cd9ee2f4d014ee14fdf2","root"
"ORDNANCE HANDLING EQUIPMENT","","","","","","","","","","","","","","","0.4","","","","0.427","","","2020-BASE_PROCUREMENT-2020-NAVY_SHIPBUILDINGANDCOVERSION-U_PROCUREMENT_JustificationBook_Navy_PB_2020.zzz_unzipped-U_PROCUREMENT_JustificationBook_Navy_PB_2020.xml","61c75f4854ca92250e7faa2931112113ac0649a293e0256c0de12704ee4d411a","2-ef7181893d260d9d7893b0ed44c2813b8303c58aa13743f6e7b1ff024bfb7204","","12616-1c961421801a6f8e829c3df93a5aa14dc590ed201676cd9ee2f4d014ee14fdf2","root"
"COMBAT DIRECTION CENTER (CDC)/FLAG RIPOUT/INSTALL","","","1","","","","","1","","","","17.02","","","","","","","16.524","","","2020-BASE_PROCUREMENT-2020-NAVY_SHIPBUILDINGANDCOVERSION-U_PROCUREMENT_JustificationBook_Navy_PB_2020.zzz_unzipped-U_PROCUREMENT_JustificationBook_Navy_PB_2020.xml","79df57bc99fb77f6f94f2d8202847567fc765bce66445ff4e4e663760799e6e1","0-0a4755ba849f9ee4b3ecbbff048d2dcd30192db9256a97cd8de4d1fb947b9744","true","12629-d437af89ac6f8c25d6ecfbc801e604d501d529c12bd1dc366b891543f0e95692","root"
"AN/SPQ-9B - ANTI-SHIP CRUISE MISSILE DEFENSE RADAR","","","1","","","","","1","","","","4.472","","","","","","","3.624","","","2020-BASE_PROCUREMENT-2020-NAVY_SHIPBUILDINGANDCOVERSION-U_PROCUREMENT_JustificationBook_Navy_PB_2020.zzz_unzipped-U_PROCUREMENT_JustificationBook_Navy_PB_2020.xml","79df57bc99fb77f6f94f2d8202847567fc765bce66445ff4e4e663760799e6e1","1-75ce5eaabb2e0eab98a5d8f47715229ac455c3fb32fa2ab4c80b08dee92cc3b4","true","12629-d437af89ac6f8c25d6ecfbc801e604d501d529c12bd1dc366b891543f0e95692","root"
"MK 38 MOD 2 GUN SYSTEM","","","","","","","","1","","","","","","","","","","","2.03","","","2020-BASE_PROCUREMENT-2020-NAVY_SHIPBUILDINGANDCOVERSION-U_PROCUREMENT_JustificationBook_Navy_PB_2020.zzz_unzipped-U_PROCUREMENT_JustificationBook_Navy_PB_2020.xml","79df57bc99fb77f6f94f2d8202847567fc765bce66445ff4e4e663760799e6e1","2-78b4fd5cfeaa0d1aa78c77d52c6f50b0fbe4c1001d7b4d2fcd47d7e01d9626ef","true","12629-d437af89ac6f8c25d6ecfbc801e604d501d529c12bd1dc366b891543f0e95692","root"
"AN/SQQ-34C - CARRIER TACTICAL SUPPORT CENTER","","","1","","","","","1","","","","2.485","","","","","","","1.287","","","2020-BASE_PROCUREMENT-2020-NAVY_SHIPBUILDINGANDCOVERSION-U_PROCUREMENT_JustificationBook_Navy_PB_2020.zzz_unzipped-U_PROCUREMENT_JustificationBook_Navy_PB_2020.xml","79df57bc99fb77f6f94f2d8202847567fc765bce66445ff4e4e663760799e6e1","3-94c69694672052d3da51c7185378dbd2d95083de659c58263ff418e099dc9493","true","12629-d437af89ac6f8c25d6ecfbc801e604d501d529c12bd1dc366b891543f0e95692","root"
"RAM GUIDED MISSILE LAUNCHING SYSTEM","","","1","","","","","1","","","","2.542","","","","","","","1.185","","","2020-BASE_PROCUREMENT-2020-NAVY_SHIPBUILDINGANDCOVERSION-U_PROCUREMENT_JustificationBook_Navy_PB_2020.zzz_unzipped-U_PROCUREMENT_JustificationBook_Navy_PB_2020.xml","79df57bc99fb77f6f94f2d8202847567fc765bce66445ff4e4e663760799e6e1","4-ce693c38ec6208dd428d2da2a824f5056d21a657052b2150a3f99b4a53b01d36","true","12629-d437af89ac6f8c25d6ecfbc801e604d501d529c12bd1dc366b891543f0e95692","root"
"MK 53 DECOY LAUNCHING SYSTEM (DLS)","","","1","","","","","","","","","5.725","","","","","","","","","","2020-BASE_PROCUREMENT-2020-NAVY_SHIPBUILDINGANDCOVERSION-U_PROCUREMENT_JustificationBook_Navy_PB_2020.zzz_unzipped-U_PROCUREMENT_JustificationBook_Navy_PB_2020.xml","79df57bc99fb77f6f94f2d8202847567fc765bce66445ff4e4e663760799e6e1","5-2118e856eaadbe82cc4073df79f58cb7bad478823f7ef27f85ff2cce8d6e7b42","true","12629-d437af89ac6f8c25d6ecfbc801e604d501d529c12bd1dc366b891543f0e95692","root"
"BATTLE SPARES (AGS)","","","","","","","","","","","","","","","","","","","","","18.449","2020-BASE_PROCUREMENT-2020-NAVY_SHIPBUILDINGANDCOVERSION-U_PROCUREMENT_JustificationBook_Navy_PB_2020.zzz_unzipped-U_PROCUREMENT_JustificationBook_Navy_PB_2020.xml","8644d6cf0ff072d3154c0109223402de2d9d8f52cc878b156fc73009c9601119","0-8c114aadfd89f3d5283aba30365914850d15a433c37c0d3f790c69a6817a1d05","","12630-9354439ebb2ec647296aa4fc5eb5e04aa7b2df5161cde450e2ba90c91a8ab6f8","root"
"MK 32 Surface Vessel Torpedo Tubes (SVTT)","","2","3","2","2","3","","3","","","5.785","9.52","6.101","","5.983","9.335","","","8.826","","","2020-BASE_PROCUREMENT-2020-NAVY_SHIPBUILDINGANDCOVERSION-U_PROCUREMENT_JustificationBook_Navy_PB_2020.zzz_unzipped-U_PROCUREMENT_JustificationBook_Navy_PB_2020.xml","f88449ebd51dedd31a2638fdba5e14252aa210ecf7ac5ea8d1c24b9a55389b12","0-79015660d1124ca656f72630c97cc1d004b0f3a3307780b9c9e4df0e8cc144a9","","12631-5325f347505873649a7634a337fc8f05321d991aad48a73f5db7a04583107a99","root"
"ELECTRO-OPTICAL SYSTEM","","2","3","2","2","3","","3","","","6.121","10.075","6.456","","6.331","9.878","","","9.339","","","2020-BASE_PROCUREMENT-2020-NAVY_SHIPBUILDINGANDCOVERSION-U_PROCUREMENT_JustificationBook_Navy_PB_2020.zzz_unzipped-U_PROCUREMENT_JustificationBook_Navy_PB_2020.xml","f88449ebd51dedd31a2638fdba5e14252aa210ecf7ac5ea8d1c24b9a55389b12","1-2e956bf3a2c4574562e2f4a6e7d5144a1cae17af9c012a695f7fbb5d83df93f4","","12631-5325f347505873649a7634a337fc8f05321d991aad48a73f5db7a04583107a99","root"
"MK 160 Gun Fire Control System (GFCS)","","2","3","2","2","3","","3","","","6.366","10.477","6.714","","6.584","10.272","","","9.711","","","2020-BASE_PROCUREMENT-2020-NAVY_SHIPBUILDINGANDCOVERSION-U_PROCUREMENT_JustificationBook_Navy_PB_2020.zzz_unzipped-U_PROCUREMENT_JustificationBook_Navy_PB_2020.xml","f88449ebd51dedd31a2638fdba5e14252aa210ecf7ac5ea8d1c24b9a55389b12","2-71323514c3b4e2d62b8c4c254869bf1910d466146e7c74d6101e96928f40c6f2","","12631-5325f347505873649a7634a337fc8f05321d991aad48a73f5db7a04583107a99","root"
"ORDNANCE HANDLING EQUIPMENT","","3","","2","2","2","","3","","","1.262","","1.39","","1.352","1.413","","","1.284","","","2020-BASE_PROCUREMENT-2020-NAVY_SHIPBUILDINGANDCOVERSION-U_PROCUREMENT_JustificationBook_Navy_PB_2020.zzz_unzipped-U_PROCUREMENT_JustificationBook_Navy_PB_2020.xml","3a50af76787ade8e6e39ac7fb379b076ab9a8df59659f988b8b17ea8a6e28f09","0-1745a2386f09c6a25ebdfe813fb256170aa3ce810573dc695d161ef742991aec","","12632-3b4b56a7dfdce55263027e35b8f5a4ff7c5473e9f260530c58ee863bf385c73e","root"
"SMALL ARMS, MACHINE GUNS","","","","3","3","3","","3","","","0.721","","0.811","","0.783","0.917","","","0.733","","","2020-BASE_PROCUREMENT-2020-NAVY_SHIPBUILDINGANDCOVERSION-U_PROCUREMENT_JustificationBook_Navy_PB_2020.zzz_unzipped-U_PROCUREMENT_JustificationBook_Navy_PB_2020.xml","3a50af76787ade8e6e39ac7fb379b076ab9a8df59659f988b8b17ea8a6e28f09","1-367ae02985d3846b0a5d1029f8986bcd838d662d6d2278956f74676352ed41a2","","12632-3b4b56a7dfdce55263027e35b8f5a4ff7c5473e9f260530c58ee863bf385c73e","root"
"Over-The-Horizon Missile Launcher  (OTH)- 8 Canister","","","1","","","","","","","","","2.95","","","","","","","","","","2020-BASE_PROCUREMENT-2020-NAVY_SHIPBUILDINGANDCOVERSION-U_PROCUREMENT_JustificationBook_Navy_PB_2020.zzz_unzipped-U_PROCUREMENT_JustificationBook_Navy_PB_2020.xml","c28c27813a2cf7ded6b86fcbf9224130d193279ad60a95d269b6367bacde8fe9","0-2f539e77c7d85e6ce47e4097afd40113402f66f4c028aedfc30e273c385f66dc","","12633-dc4dccb7e8320aa27c1c6938b0ffc06eee23e792658ae5097060d131cdfb938c","root"
"MK 53 Decoy Launching System (DLS) (Nulka)- 4 Launcher","","","1","","","","","","","","","1.523","","","","","","","","","","2020-BASE_PROCUREMENT-2020-NAVY_SHIPBUILDINGANDCOVERSION-U_PROCUREMENT_JustificationBook_Navy_PB_2020.zzz_unzipped-U_PROCUREMENT_JustificationBook_Navy_PB_2020.xml","c28c27813a2cf7ded6b86fcbf9224130d193279ad60a95d269b6367bacde8fe9","1-1048f9265b9b964a3af24e5a1fe89a409224bf95512db2a8a679263a25347b57","","12633-dc4dccb7e8320aa27c1c6938b0ffc06eee23e792658ae5097060d131cdfb938c","root"
"50 CAL MACHINE GUN","","","","","","","","","","","","","0.183","","","","","","","","","2020-BASE_PROCUREMENT-2020-NAVY_SHIPBUILDINGANDCOVERSION-U_PROCUREMENT_JustificationBook_Navy_PB_2020.zzz_unzipped-U_PROCUREMENT_JustificationBook_Navy_PB_2020.xml","9c168386c667ef3d36f81563d2d4cc8667e0a613f9f857e619b298d98031ffd5","0-efd4df3a32ca1274d5706fc6b3c4462abbb6c187e3a468bd3d58bc968677d660","","12634-55242a70b0c3c9d8922004f43514e0d950b6476e7aeb406d35b5dc9ab9a5a265","root"
"ASGSI/HOSS/MWS Fit Control & Inst Land Sys","","","","","","","","","","","","","3.252","","","","","","","","","2020-BASE_PROCUREMENT-2020-NAVY_SHIPBUILDINGANDCOVERSION-U_PROCUREMENT_JustificationBook_Navy_PB_2020.zzz_unzipped-U_PROCUREMENT_JustificationBook_Navy_PB_2020.xml","9c168386c667ef3d36f81563d2d4cc8667e0a613f9f857e619b298d98031ffd5","1-a72587647733ae461ee4bd01765467915de79a6296705bb063d6a472c6d6cf3f","","12634-55242a70b0c3c9d8922004f43514e0d950b6476e7aeb406d35b5dc9ab9a5a265","root"
"ORDNANCE HANDLING EQUIPMENT","","","","","","","","","","","","","0.423","","","","","","","","","2020-BASE_PROCUREMENT-2020-NAVY_SHIPBUILDINGANDCOVERSION-U_PROCUREMENT_JustificationBook_Navy_PB_2020.zzz_unzipped-U_PROCUREMENT_JustificationBook_Navy_PB_2020.xml","9c168386c667ef3d36f81563d2d4cc8667e0a613f9f857e619b298d98031ffd5","2-030cd5744cbc7a201f7c7a55e9a522826926165717fdb8733b87ccbc517b22f2","","12634-55242a70b0c3c9d8922004f43514e0d950b6476e7aeb406d35b5dc9ab9a5a265","root"
"LANDING SIGNAL OFFICER DISPLAY SYSTEM (LSODS)","","","1","1","","","","","1","","","2.098","2.112","","","","","","","1.927","","2020-BASE_PROCUREMENT-2020-NAVY_SHIPBUILDINGANDCOVERSION-U_PROCUREMENT_MasterJustificationBook_Navy_PB_2020.zzz_unzipped-U_PROCUREMENT_MasterJustificationBook_Navy_PB_2020.xml","d143fe01a081a0f255f6aad559f7bd427f9f1cc2ecd779a7e68acdbdf10f5453","0-19b314fd6122e4bbd99c141e2f7b7d481d99543b4d8824e054526a1db6e6b78b","","12637-89dfaeacdda9bdd78ce1b5722e5a6c259b7692a81e370234ba4a1e949ef434d2","root"
"MORIAH BLOCK 2","","","1","1","","","","","1","","","1.49","1.499","","","","","","","1.365","","2020-BASE_PROCUREMENT-2020-NAVY_SHIPBUILDINGANDCOVERSION-U_PROCUREMENT_MasterJustificationBook_Navy_PB_2020.zzz_unzipped-U_PROCUREMENT_MasterJustificationBook_Navy_PB_2020.xml","d143fe01a081a0f255f6aad559f7bd427f9f1cc2ecd779a7e68acdbdf10f5453","1-3af60b6f749bdf9592a7d9d4c81f89271c632008e0946c4708c1afd1858a117d","","12637-89dfaeacdda9bdd78ce1b5722e5a6c259b7692a81e370234ba4a1e949ef434d2","root"
"LONG RANGE LINEUP SYSTEM (LRLS)","","","1","1","","","","","1","","","0.96","0.966","","","","","","","0.926","","2020-BASE_PROCUREMENT-2020-NAVY_SHIPBUILDINGANDCOVERSION-U_PROCUREMENT_MasterJustificationBook_Navy_PB_2020.zzz_unzipped-U_PROCUREMENT_MasterJustificationBook_Navy_PB_2020.xml","d143fe01a081a0f255f6aad559f7bd427f9f1cc2ecd779a7e68acdbdf10f5453","2-c951d9fac17671470f0ae6f80066bca90f47d96cd6fa88f27309642f0efa8f13","","12637-89dfaeacdda9bdd78ce1b5722e5a6c259b7692a81e370234ba4a1e949ef434d2","root"
"IMPROVED FRESNEL LENS OPTICAL LANDING SYSTEM (IFLOLS)","","","1","1","","","","","1","","","2.257","2.272","","","","","","","2.073","","2020-BASE_PROCUREMENT-2020-NAVY_SHIPBUILDINGANDCOVERSION-U_PROCUREMENT_MasterJustificationBook_Navy_PB_2020.zzz_unzipped-U_PROCUREMENT_MasterJustificationBook_Navy_PB_2020.xml","d143fe01a081a0f255f6aad559f7bd427f9f1cc2ecd779a7e68acdbdf10f5453","3-79c3e579ff8f07c54e5c065fac9ed712ac6cf6eee87f18c1511c0a35f9f98817","","12637-89dfaeacdda9bdd78ce1b5722e5a6c259b7692a81e370234ba4a1e949ef434d2","root"
"INTEGRATED LAUNCH AND RECOVERY TELEVISION SYSTEM (ILARTS)","","","1","1","","","","","1","","","5.509","5.544","","","","","","","4.685","","2020-BASE_PROCUREMENT-2020-NAVY_SHIPBUILDINGANDCOVERSION-U_PROCUREMENT_MasterJustificationBook_Navy_PB_2020.zzz_unzipped-U_PROCUREMENT_MasterJustificationBook_Navy_PB_2020.xml","d143fe01a081a0f255f6aad559f7bd427f9f1cc2ecd779a7e68acdbdf10f5453","4-397d076014d85f9945714fa9eb3b47e1982f99131e0685ad83b9902e1f7963ef","","12637-89dfaeacdda9bdd78ce1b5722e5a6c259b7692a81e370234ba4a1e949ef434d2","root"
"MK 38 Mod 2 Stabilized Gun Stand Assembly","","","","","3","","","","","","","","","","6.145","","","","","","","2020-BASE_PROCUREMENT-2020-NAVY_SHIPBUILDINGANDCOVERSION-U_PROCUREMENT_MasterJustificationBook_Navy_PB_2020.zzz_unzipped-U_PROCUREMENT_MasterJustificationBook_Navy_PB_2020.xml","1bf2304bf6786187c63030b5e02bf99a3fe02fecfde1e3c616fb0ae51dbeb198","0-92847a796b72b7de8942cb9c4bde8c62746351027e19fcfda69e16087d18e067","","12638-091113f2430956f7ff1ab56846b288f5018f89c7f7bb9ff8d01d9ac31a566bcd","root"
"AN/SPQ-14","","","","","1","","","","","","","","","","2.537","","","","","","","2020-BASE_PROCUREMENT-2020-NAVY_SHIPBUILDINGANDCOVERSION-U_PROCUREMENT_MasterJustificationBook_Navy_PB_2020.zzz_unzipped-U_PROCUREMENT_MasterJustificationBook_Navy_PB_2020.xml","1bf2304bf6786187c63030b5e02bf99a3fe02fecfde1e3c616fb0ae51dbeb198","1-3f1588ca2943bc74af84cee87fa1d6e521a8c390adb52dd7d4acb8fe665996de","","12638-091113f2430956f7ff1ab56846b288f5018f89c7f7bb9ff8d01d9ac31a566bcd","root"
"MORIAH","","","","","1","","","","","","","","","","1.762","","","","","","","2020-BASE_PROCUREMENT-2020-NAVY_SHIPBUILDINGANDCOVERSION-U_PROCUREMENT_MasterJustificationBook_Navy_PB_2020.zzz_unzipped-U_PROCUREMENT_MasterJustificationBook_Navy_PB_2020.xml","1bf2304bf6786187c63030b5e02bf99a3fe02fecfde1e3c616fb0ae51dbeb198","2-67c54de02710a483ed53b755971778804b26bc12283e95ac2388b628e9c3044b","","12638-091113f2430956f7ff1ab56846b288f5018f89c7f7bb9ff8d01d9ac31a566bcd","root"
"50 CAL MACHINE GUN","","","","","","","","","","","","","","","0.18","","","","0.021","","","2020-BASE_PROCUREMENT-2020-NAVY_SHIPBUILDINGANDCOVERSION-U_PROCUREMENT_MasterJustificationBook_Navy_PB_2020.zzz_unzipped-U_PROCUREMENT_MasterJustificationBook_Navy_PB_2020.xml","e131c0f9c0cddd147c5f2a5af285d5a65223c9ab0a8e83cb610b0d4ae369c030","0-256d4b1fa42e3b7237ca9fc236301825b4afa199c1bbf794a9112785ccab7817","","12640-6e06b28db9df819259c00f2324753469d7aa919052ee9eeffda7ccf8bb25a906","root"
"ASGSI/HOSS/MWS Fit Control & Inst Land Sys","","","","","","","","","","","","","","","3.24","","","","3.44","","","2020-BASE_PROCUREMENT-2020-NAVY_SHIPBUILDINGANDCOVERSION-U_PROCUREMENT_MasterJustificationBook_Navy_PB_2020.zzz_unzipped-U_PROCUREMENT_MasterJustificationBook_Navy_PB_2020.xml","e131c0f9c0cddd147c5f2a5af285d5a65223c9ab0a8e83cb610b0d4ae369c030","1-19e2e2177d1f88038d3846a107c1611e51523e24de92eda93269c44bf652a13f","","12640-6e06b28db9df819259c00f2324753469d7aa919052ee9eeffda7ccf8bb25a906","root"
"ORDNANCE HANDLING EQUIPMENT","","","","","","","","","","","","","","","0.4","","","","0.427","","","2020-BASE_PROCUREMENT-2020-NAVY_SHIPBUILDINGANDCOVERSION-U_PROCUREMENT_MasterJustificationBook_Navy_PB_2020.zzz_unzipped-U_PROCUREMENT_MasterJustificationBook_Navy_PB_2020.xml","e131c0f9c0cddd147c5f2a5af285d5a65223c9ab0a8e83cb610b0d4ae369c030","2-1489c1e032fb1772528da88c07539e02ff082cea3a7406548cb0435254f8c2aa","","12640-6e06b28db9df819259c00f2324753469d7aa919052ee9eeffda7ccf8bb25a906","root"
"COMBAT DIRECTION CENTER (CDC)/FLAG RIPOUT/INSTALL","","","1","","","","","1","","","","17.02","","","","","","","16.524","","","2020-BASE_PROCUREMENT-2020-NAVY_SHIPBUILDINGANDCOVERSION-U_PROCUREMENT_MasterJustificationBook_Navy_PB_2020.zzz_unzipped-U_PROCUREMENT_MasterJustificationBook_Navy_PB_2020.xml","53454ed154816f70057095a6ea7a42707220b000004458bda908b6e9eea36312","0-192f07477058c859970c6027eabcdad915dd79f5c4fc342b8e003e17231ea7e3","true","12653-c209b317233a74bbbce27f175cbaee75c8150d838709f9c517e40b0c8b6704cb","root"
"AN/SPQ-9B - ANTI-SHIP CRUISE MISSILE DEFENSE RADAR","","","1","","","","","1","","","","4.472","","","","","","","3.624","","","2020-BASE_PROCUREMENT-2020-NAVY_SHIPBUILDINGANDCOVERSION-U_PROCUREMENT_MasterJustificationBook_Navy_PB_2020.zzz_unzipped-U_PROCUREMENT_MasterJustificationBook_Navy_PB_2020.xml","53454ed154816f70057095a6ea7a42707220b000004458bda908b6e9eea36312","1-1412931887d9aed35848999804c0576bffb6847d379c78e1744ff5936571b364","true","12653-c209b317233a74bbbce27f175cbaee75c8150d838709f9c517e40b0c8b6704cb","root"
"MK 38 MOD 2 GUN SYSTEM","","","","","","","","1","","","","","","","","","","","2.03","","","2020-BASE_PROCUREMENT-2020-NAVY_SHIPBUILDINGANDCOVERSION-U_PROCUREMENT_MasterJustificationBook_Navy_PB_2020.zzz_unzipped-U_PROCUREMENT_MasterJustificationBook_Navy_PB_2020.xml","53454ed154816f70057095a6ea7a42707220b000004458bda908b6e9eea36312","2-b7984410d13d4c0c4e7e539e65aa1f6000b1f89b2f6a137bde13aeeb3d735be8","true","12653-c209b317233a74bbbce27f175cbaee75c8150d838709f9c517e40b0c8b6704cb","root"
"AN/SQQ-34C - CARRIER TACTICAL SUPPORT CENTER","","","1","","","","","1","","","","2.485","","","","","","","1.287","","","2020-BASE_PROCUREMENT-2020-NAVY_SHIPBUILDINGANDCOVERSION-U_PROCUREMENT_MasterJustificationBook_Navy_PB_2020.zzz_unzipped-U_PROCUREMENT_MasterJustificationBook_Navy_PB_2020.xml","53454ed154816f70057095a6ea7a42707220b000004458bda908b6e9eea36312","3-0b300cc3a42f23ba580e135a0cb123d56b7638a6ba4c6ba552952a9e1a27f66e","true","12653-c209b317233a74bbbce27f175cbaee75c8150d838709f9c517e40b0c8b6704cb","root"
"RAM GUIDED MISSILE LAUNCHING SYSTEM","","","1","","","","","1","","","","2.542","","","","","","","1.185","","","2020-BASE_PROCUREMENT-2020-NAVY_SHIPBUILDINGANDCOVERSION-U_PROCUREMENT_MasterJustificationBook_Navy_PB_2020.zzz_unzipped-U_PROCUREMENT_MasterJustificationBook_Navy_PB_2020.xml","53454ed154816f70057095a6ea7a42707220b000004458bda908b6e9eea36312","4-3a05fe57d29b536b179a82fd4786194384760ae79f085c22c9875a302b41a178","true","12653-c209b317233a74bbbce27f175cbaee75c8150d838709f9c517e40b0c8b6704cb","root"
"MK 53 DECOY LAUNCHING SYSTEM (DLS)","","","1","","","","","","","","","5.725","","","","","","","","","","2020-BASE_PROCUREMENT-2020-NAVY_SHIPBUILDINGANDCOVERSION-U_PROCUREMENT_MasterJustificationBook_Navy_PB_2020.zzz_unzipped-U_PROCUREMENT_MasterJustificationBook_Navy_PB_2020.xml","53454ed154816f70057095a6ea7a42707220b000004458bda908b6e9eea36312","5-b5070836c9c3eb0f0e0e00f35a252fd272f97ab0f8f0f75a7e2bf16a095f8110","true","12653-c209b317233a74bbbce27f175cbaee75c8150d838709f9c517e40b0c8b6704cb","root"
"BATTLE SPARES (AGS)","","","","","","","","","","","","","","","","","","","","","18.449","2020-BASE_PROCUREMENT-2020-NAVY_SHIPBUILDINGANDCOVERSION-U_PROCUREMENT_MasterJustificationBook_Navy_PB_2020.zzz_unzipped-U_PROCUREMENT_MasterJustificationBook_Navy_PB_2020.xml","fa505ec92f383fcc1ed15c617e66a7a22b7d4afe96a0183b867c4406bbfec040","0-6f9145f6376e074e6a0d7aee6da66715cfb838bae04d168fb2a1d4919b007b63","","12654-8190ae3fc97982f7b4a98c560cf84d0034b507516a96aa4a1b74cabc53f7ee0d","root"
"MK 32 Surface Vessel Torpedo Tubes (SVTT)","","2","3","2","2","3","","3","","","5.785","9.52","6.101","","5.983","9.335","","","8.826","","","2020-BASE_PROCUREMENT-2020-NAVY_SHIPBUILDINGANDCOVERSION-U_PROCUREMENT_MasterJustificationBook_Navy_PB_2020.zzz_unzipped-U_PROCUREMENT_MasterJustificationBook_Navy_PB_2020.xml","5f09bad83be8d9935dfb8fbbbac4473f946bb03e639a64a10be47789f49d0473","0-194d9b040234898c0ff9acff3c5a99f7bb5bdbbec6373808cfdbd81b0838ca97","","12655-f6943fb432796521157e329dfda21d5c18d0038bb0cbad9333afc6f98c24eefd","root"
"ELECTRO-OPTICAL SYSTEM","","2","3","2","2","3","","3","","","6.121","10.075","6.456","","6.331","9.878","","","9.339","","","2020-BASE_PROCUREMENT-2020-NAVY_SHIPBUILDINGANDCOVERSION-U_PROCUREMENT_MasterJustificationBook_Navy_PB_2020.zzz_unzipped-U_PROCUREMENT_MasterJustificationBook_Navy_PB_2020.xml","5f09bad83be8d9935dfb8fbbbac4473f946bb03e639a64a10be47789f49d0473","1-92878d185de8874532f4f8932a1dc3e7619fb6a365ba41c98ddbbc8f9e124a2d","","12655-f6943fb432796521157e329dfda21d5c18d0038bb0cbad9333afc6f98c24eefd","root"
"MK 160 Gun Fire Control System (GFCS)","","2","3","2","2","3","","3","","","6.366","10.477","6.714","","6.584","10.272","","","9.711","","","2020-BASE_PROCUREMENT-2020-NAVY_SHIPBUILDINGANDCOVERSION-U_PROCUREMENT_MasterJustificationBook_Navy_PB_2020.zzz_unzipped-U_PROCUREMENT_MasterJustificationBook_Navy_PB_2020.xml","5f09bad83be8d9935dfb8fbbbac4473f946bb03e639a64a10be47789f49d0473","2-afefe209176cd997d4fca5fe99c5742745b5becc0c12cff9ecb9bae753117aa1","","12655-f6943fb432796521157e329dfda21d5c18d0038bb0cbad9333afc6f98c24eefd","root"
"ORDNANCE HANDLING EQUIPMENT","","3","","2","2","2","","3","","","1.262","","1.39","","1.352","1.413","","","1.284","","","2020-BASE_PROCUREMENT-2020-NAVY_SHIPBUILDINGANDCOVERSION-U_PROCUREMENT_MasterJustificationBook_Navy_PB_2020.zzz_unzipped-U_PROCUREMENT_MasterJustificationBook_Navy_PB_2020.xml","aebdbec1d331d8cce6700e4da30a9b9bafcaa6b164c2778bde2d9687c6875bbf","0-330fd9dd74b98b8dbb408fb1357baa07d25bf584e08300fbba6ced36d47bd92f","","12656-c6fdd7124bf68763bd7dc7b35b5c718de05736d95eafb75896daa0765d994dc1","root"
"SMALL ARMS, MACHINE GUNS","","","","3","3","3","","3","","","0.721","","0.811","","0.783","0.917","","","0.733","","","2020-BASE_PROCUREMENT-2020-NAVY_SHIPBUILDINGANDCOVERSION-U_PROCUREMENT_MasterJustificationBook_Navy_PB_2020.zzz_unzipped-U_PROCUREMENT_MasterJustificationBook_Navy_PB_2020.xml","aebdbec1d331d8cce6700e4da30a9b9bafcaa6b164c2778bde2d9687c6875bbf","1-07ccc2ff128fd231af5fa8b0f59ab9ce72548ff5f7babcd80d5a8586a12aa9c4","","12656-c6fdd7124bf68763bd7dc7b35b5c718de05736d95eafb75896daa0765d994dc1","root"
"Over-The-Horizon Missile Launcher  (OTH)- 8 Canister","","","1","","","","","","","","","2.95","","","","","","","","","","2020-BASE_PROCUREMENT-2020-NAVY_SHIPBUILDINGANDCOVERSION-U_PROCUREMENT_MasterJustificationBook_Navy_PB_2020.zzz_unzipped-U_PROCUREMENT_MasterJustificationBook_Navy_PB_2020.xml","e8fe4dd5e0be95240e0d086c5a917adf6e4464ec266a3ea1db82e27107e162d0","0-ac029eb81e87e253c234e9344d8dfade07e606d01e09ba7635d3d51c41fefc05","","12657-f886a9d5cbd4622272be0602a883d4d54724dca1c49104f245626d2711b5c1f0","root"
"MK 53 Decoy Launching System (DLS) (Nulka)- 4 Launcher","","","1","","","","","","","","","1.523","","","","","","","","","","2020-BASE_PROCUREMENT-2020-NAVY_SHIPBUILDINGANDCOVERSION-U_PROCUREMENT_MasterJustificationBook_Navy_PB_2020.zzz_unzipped-U_PROCUREMENT_MasterJustificationBook_Navy_PB_2020.xml","e8fe4dd5e0be95240e0d086c5a917adf6e4464ec266a3ea1db82e27107e162d0","1-74cd0d76e1626fc0fcbd207f3e3dbf9e56054c81d34b87644aa9a37f04b9cd5c","","12657-f886a9d5cbd4622272be0602a883d4d54724dca1c49104f245626d2711b5c1f0","root"
"50 CAL MACHINE GUN","","","","","","","","","","","","","0.183","","","","","","","","","2020-BASE_PROCUREMENT-2020-NAVY_SHIPBUILDINGANDCOVERSION-U_PROCUREMENT_MasterJustificationBook_Navy_PB_2020.zzz_unzipped-U_PROCUREMENT_MasterJustificationBook_Navy_PB_2020.xml","fede88ab6e4790d85bb219ffaa3eb2a124927ee5b9d8867aa75a8d6481dc6908","0-b2d003713734b1398d669f6bcb4a8977e9e0352c02b43d70a20ac9180c81a583","","12658-d7942afba9c0ef23e98f05f01bf60507fe1b7f7be5ba66e31937faad06448b78","root"
"ASGSI/HOSS/MWS Fit Control & Inst Land Sys","","","","","","","","","","","","","3.252","","","","","","","","","2020-BASE_PROCUREMENT-2020-NAVY_SHIPBUILDINGANDCOVERSION-U_PROCUREMENT_MasterJustificationBook_Navy_PB_2020.zzz_unzipped-U_PROCUREMENT_MasterJustificationBook_Navy_PB_2020.xml","fede88ab6e4790d85bb219ffaa3eb2a124927ee5b9d8867aa75a8d6481dc6908","1-431b5329808b3da3452d600cce0561d25ae5e287421339fcfec8437904c5133b","","12658-d7942afba9c0ef23e98f05f01bf60507fe1b7f7be5ba66e31937faad06448b78","root"
"ORDNANCE HANDLING EQUIPMENT","","","","","","","","","","","","","0.423","","","","","","","","","2020-BASE_PROCUREMENT-2020-NAVY_SHIPBUILDINGANDCOVERSION-U_PROCUREMENT_MasterJustificationBook_Navy_PB_2020.zzz_unzipped-U_PROCUREMENT_MasterJustificationBook_Navy_PB_2020.xml","fede88ab6e4790d85bb219ffaa3eb2a124927ee5b9d8867aa75a8d6481dc6908","2-472995cf35762ba1577ae1beb5f6291e248be5af0a7b16d88ba8523991e49595","","12658-d7942afba9c0ef23e98f05f01bf60507fe1b7f7be5ba66e31937faad06448b78","root"
