[
    {
        "Month_val": "2018-12",
        "Amount_val": "1",
        "@SOURCE_FILENAME": "2020-BASE_PROCUREMENT-2020-ARMY_OTHER_2-U_PROCUREMENT_JustificationBook_Army_PB_2020.zzz_unzipped-U_PROCUREMENT_JustificationBook_Army_PB_2020.xml",
        "@RECORDID": "a0fe3160a923bdac56366cddc13e2f069799883fdc41c28d1dcac426880e73af",
        "@ROWID": "0-b5618280831b9b92b3be917e0bf6692a9c9a703b8f7b634dc8ca05b238057fd1",
        "@PARENTROWID": "0-832b4864d9a4c8f2f29acd2ed0882ae111fa12c420c5731230866d20609c7f42",
        "@PARENT": "root.record.ItemExhibitList.P5Item.CostElementCategoryList.Hardware.NonRecurring.CostElementList.CostElement.ManufacturerList.Manufacturer.HistoryPlanningList.HistoryPlanning"
    },
    {
        "Month_val": "2019-01",
        "Amount_val": "1",
        "@SOURCE_FILENAME": "2020-BASE_PROCUREMENT-2020-ARMY_OTHER_2-U_PROCUREMENT_JustificationBook_Army_PB_2020.zzz_unzipped-U_PROCUREMENT_JustificationBook_Army_PB_2020.xml",
        "@RECORDID": "a0fe3160a923bdac56366cddc13e2f069799883fdc41c28d1dcac426880e73af",
        "@ROWID": "1-b82f6f3d724ce7e03b97798a524f179a03c22b08d7e238d41e2198578e738749",
        "@PARENTROWID": "0-832b4864d9a4c8f2f29acd2ed0882ae111fa12c420c5731230866d20609c7f42",
        "@PARENT": "root.record.ItemExhibitList.P5Item.CostElementCategoryList.Hardware.NonRecurring.CostElementList.CostElement.ManufacturerList.Manufacturer.HistoryPlanningList.HistoryPlanning"
    },
    {
        "Month_val": "2019-02",
        "Amount_val": "1",
        "@SOURCE_FILENAME": "2020-BASE_PROCUREMENT-2020-ARMY_OTHER_2-U_PROCUREMENT_JustificationBook_Army_PB_2020.zzz_unzipped-U_PROCUREMENT_JustificationBook_Army_PB_2020.xml",
        "@RECORDID": "a0fe3160a923bdac56366cddc13e2f069799883fdc41c28d1dcac426880e73af",
        "@ROWID": "2-a9a76b978df202b622f5980a59c48f19c4772b66b1d4dc131230158b55ee3ed4",
        "@PARENTROWID": "0-832b4864d9a4c8f2f29acd2ed0882ae111fa12c420c5731230866d20609c7f42",
        "@PARENT": "root.record.ItemExhibitList.P5Item.CostElementCategoryList.Hardware.NonRecurring.CostElementList.CostElement.ManufacturerList.Manufacturer.HistoryPlanningList.HistoryPlanning"
    },
    {
        "Month_val": "2018-02",
        "Amount_val": "2",
        "@SOURCE_FILENAME": "2020-BASE_PROCUREMENT-2020-ARMY_OTHER_2-U_PROCUREMENT_JustificationBook_Army_PB_2020.zzz_unzipped-U_PROCUREMENT_JustificationBook_Army_PB_2020.xml",
        "@RECORDID": "a0fe3160a923bdac56366cddc13e2f069799883fdc41c28d1dcac426880e73af",
        "@ROWID": "0-042a081f2c334ea948abdfd96397792a5211e951fd50db8fa5ad0d2024a8805f",
        "@PARENTROWID": "1-4bccb7c97f9f58fc226c731f0e8a7c63b4fe288281631e7cc85252bd9a85b730",
        "@PARENT": "root.record.ItemExhibitList.P5Item.CostElementCategoryList.Hardware.NonRecurring.CostElementList.CostElement.ManufacturerList.Manufacturer.HistoryPlanningList.HistoryPlanning"
    },
    {
        "Month_val": "2018-04",
        "Amount_val": "2",
        "@SOURCE_FILENAME": "2020-BASE_PROCUREMENT-2020-ARMY_OTHER_2-U_PROCUREMENT_JustificationBook_Army_PB_2020.zzz_unzipped-U_PROCUREMENT_JustificationBook_Army_PB_2020.xml",
        "@RECORDID": "a0fe3160a923bdac56366cddc13e2f069799883fdc41c28d1dcac426880e73af",
        "@ROWID": "1-5b6a4a7fd0daf83482d3a64f14dc2f4865ab1dd7328c8b4ef197d869a6d0afe7",
        "@PARENTROWID": "1-4bccb7c97f9f58fc226c731f0e8a7c63b4fe288281631e7cc85252bd9a85b730",
        "@PARENT": "root.record.ItemExhibitList.P5Item.CostElementCategoryList.Hardware.NonRecurring.CostElementList.CostElement.ManufacturerList.Manufacturer.HistoryPlanningList.HistoryPlanning"
    },
    {
        "Month_val": "2018-06",
        "Amount_val": "2",
        "@SOURCE_FILENAME": "2020-BASE_PROCUREMENT-2020-ARMY_OTHER_2-U_PROCUREMENT_JustificationBook_Army_PB_2020.zzz_unzipped-U_PROCUREMENT_JustificationBook_Army_PB_2020.xml",
        "@RECORDID": "a0fe3160a923bdac56366cddc13e2f069799883fdc41c28d1dcac426880e73af",
        "@ROWID": "2-4f0d1ef29a9ff2e608b68e0826eb9b31b28302d31405799be1a0356d3fbd548c",
        "@PARENTROWID": "1-4bccb7c97f9f58fc226c731f0e8a7c63b4fe288281631e7cc85252bd9a85b730",
        "@PARENT": "root.record.ItemExhibitList.P5Item.CostElementCategoryList.Hardware.NonRecurring.CostElementList.CostElement.ManufacturerList.Manufacturer.HistoryPlanningList.HistoryPlanning"
    },
    {
        "Month_val": "2018-08",
        "Amount_val": "2",
        "@SOURCE_FILENAME": "2020-BASE_PROCUREMENT-2020-ARMY_OTHER_2-U_PROCUREMENT_JustificationBook_Army_PB_2020.zzz_unzipped-U_PROCUREMENT_JustificationBook_Army_PB_2020.xml",
        "@RECORDID": "a0fe3160a923bdac56366cddc13e2f069799883fdc41c28d1dcac426880e73af",
        "@ROWID": "3-e695e4c94166dbf0392bebadf8271d431cdf9e440ad4a591f0eb1f4ff2cd6bfe",
        "@PARENTROWID": "1-4bccb7c97f9f58fc226c731f0e8a7c63b4fe288281631e7cc85252bd9a85b730",
        "@PARENT": "root.record.ItemExhibitList.P5Item.CostElementCategoryList.Hardware.NonRecurring.CostElementList.CostElement.ManufacturerList.Manufacturer.HistoryPlanningList.HistoryPlanning"
    },
    {
        "Month_val": "2020-02",
        "Amount_val": "1",
        "@SOURCE_FILENAME": "2020-BASE_PROCUREMENT-2020-ARMY_OTHER_2-U_PROCUREMENT_JustificationBook_Army_PB_2020.zzz_unzipped-U_PROCUREMENT_JustificationBook_Army_PB_2020.xml",
        "@RECORDID": "a0fe3160a923bdac56366cddc13e2f069799883fdc41c28d1dcac426880e73af",
        "@ROWID": "0-ac59257aed196fcbf75940101131df4d267f60941bdc121eee5e8542ba5559be",
        "@PARENTROWID": "2-f13df5755fa491522cb1b2dd1672a4f2b95a3fe578ee257889736fbddc7a0971",
        "@PARENT": "root.record.ItemExhibitList.P5Item.CostElementCategoryList.Hardware.NonRecurring.CostElementList.CostElement.ManufacturerList.Manufacturer.HistoryPlanningList.HistoryPlanning"
    },
    {
        "Month_val": "2021-02",
        "Amount_val": "2",
        "@SOURCE_FILENAME": "2020-BASE_PROCUREMENT-2020-ARMY_OTHER_2-U_PROCUREMENT_JustificationBook_Army_PB_2020.zzz_unzipped-U_PROCUREMENT_JustificationBook_Army_PB_2020.xml",
        "@RECORDID": "a0fe3160a923bdac56366cddc13e2f069799883fdc41c28d1dcac426880e73af",
        "@ROWID": "0-5cfa8cd8f8c545bcb23c6376005699e8a735bebf5fb5f5799b456a53743642da",
        "@PARENTROWID": "3-0121f8f18c79581494a3bb84edfafe160a63c6e116fd91667e5ea01b370b0978",
        "@PARENT": "root.record.ItemExhibitList.P5Item.CostElementCategoryList.Hardware.NonRecurring.CostElementList.CostElement.ManufacturerList.Manufacturer.HistoryPlanningList.HistoryPlanning"
    },
    {
        "Month_val": "2021-03",
        "Amount_val": "4",
        "@SOURCE_FILENAME": "2020-BASE_PROCUREMENT-2020-ARMY_OTHER_2-U_PROCUREMENT_JustificationBook_Army_PB_2020.zzz_unzipped-U_PROCUREMENT_JustificationBook_Army_PB_2020.xml",
        "@RECORDID": "a0fe3160a923bdac56366cddc13e2f069799883fdc41c28d1dcac426880e73af",
        "@ROWID": "1-c7442a08e91a0aa6d242dfcfd92d81629f9f2bd41117a6f0d8a4b46b2a91ffc3",
        "@PARENTROWID": "3-0121f8f18c79581494a3bb84edfafe160a63c6e116fd91667e5ea01b370b0978",
        "@PARENT": "root.record.ItemExhibitList.P5Item.CostElementCategoryList.Hardware.NonRecurring.CostElementList.CostElement.ManufacturerList.Manufacturer.HistoryPlanningList.HistoryPlanning"
    },
    {
        "Month_val": "2021-04",
        "Amount_val": "5",
        "@SOURCE_FILENAME": "2020-BASE_PROCUREMENT-2020-ARMY_OTHER_2-U_PROCUREMENT_JustificationBook_Army_PB_2020.zzz_unzipped-U_PROCUREMENT_JustificationBook_Army_PB_2020.xml",
        "@RECORDID": "a0fe3160a923bdac56366cddc13e2f069799883fdc41c28d1dcac426880e73af",
        "@ROWID": "2-e4a96bd4f94675cdf1f738328e290828cb9e7edfc060d3602b3fa11264becc77",
        "@PARENTROWID": "3-0121f8f18c79581494a3bb84edfafe160a63c6e116fd91667e5ea01b370b0978",
        "@PARENT": "root.record.ItemExhibitList.P5Item.CostElementCategoryList.Hardware.NonRecurring.CostElementList.CostElement.ManufacturerList.Manufacturer.HistoryPlanningList.HistoryPlanning"
    },
    {
        "Month_val": "2021-05",
        "Amount_val": "5",
        "@SOURCE_FILENAME": "2020-BASE_PROCUREMENT-2020-ARMY_OTHER_2-U_PROCUREMENT_JustificationBook_Army_PB_2020.zzz_unzipped-U_PROCUREMENT_JustificationBook_Army_PB_2020.xml",
        "@RECORDID": "a0fe3160a923bdac56366cddc13e2f069799883fdc41c28d1dcac426880e73af",
        "@ROWID": "3-efe76099a3cea8c6164152c067f86b174305d4b131e160982c7ced9f772510a6",
        "@PARENTROWID": "3-0121f8f18c79581494a3bb84edfafe160a63c6e116fd91667e5ea01b370b0978",
        "@PARENT": "root.record.ItemExhibitList.P5Item.CostElementCategoryList.Hardware.NonRecurring.CostElementList.CostElement.ManufacturerList.Manufacturer.HistoryPlanningList.HistoryPlanning"
    },
    {
        "Month_val": "2021-06",
        "Amount_val": "5",
        "@SOURCE_FILENAME": "2020-BASE_PROCUREMENT-2020-ARMY_OTHER_2-U_PROCUREMENT_JustificationBook_Army_PB_2020.zzz_unzipped-U_PROCUREMENT_JustificationBook_Army_PB_2020.xml",
        "@RECORDID": "a0fe3160a923bdac56366cddc13e2f069799883fdc41c28d1dcac426880e73af",
        "@ROWID": "4-2df15e122bee5b6a9a5df55f7f59b4976859037f72b29767c4cd54e97e8505b7",
        "@PARENTROWID": "3-0121f8f18c79581494a3bb84edfafe160a63c6e116fd91667e5ea01b370b0978",
        "@PARENT": "root.record.ItemExhibitList.P5Item.CostElementCategoryList.Hardware.NonRecurring.CostElementList.CostElement.ManufacturerList.Manufacturer.HistoryPlanningList.HistoryPlanning"
    },
    {
        "Month_val": "2021-07",
        "Amount_val": "5",
        "@SOURCE_FILENAME": "2020-BASE_PROCUREMENT-2020-ARMY_OTHER_2-U_PROCUREMENT_JustificationBook_Army_PB_2020.zzz_unzipped-U_PROCUREMENT_JustificationBook_Army_PB_2020.xml",
        "@RECORDID": "a0fe3160a923bdac56366cddc13e2f069799883fdc41c28d1dcac426880e73af",
        "@ROWID": "5-3f54e36b3ebf00cda5d9e902ab408aeb6e207a152938a6a67d2ae2d05bd133e6",
        "@PARENTROWID": "3-0121f8f18c79581494a3bb84edfafe160a63c6e116fd91667e5ea01b370b0978",
        "@PARENT": "root.record.ItemExhibitList.P5Item.CostElementCategoryList.Hardware.NonRecurring.CostElementList.CostElement.ManufacturerList.Manufacturer.HistoryPlanningList.HistoryPlanning"
    },
    {
        "Month_val": "2021-08",
        "Amount_val": "2",
        "@SOURCE_FILENAME": "2020-BASE_PROCUREMENT-2020-ARMY_OTHER_2-U_PROCUREMENT_JustificationBook_Army_PB_2020.zzz_unzipped-U_PROCUREMENT_JustificationBook_Army_PB_2020.xml",
        "@RECORDID": "a0fe3160a923bdac56366cddc13e2f069799883fdc41c28d1dcac426880e73af",
        "@ROWID": "6-6bc8c376740ec1aebcc128efb34ce603d8a906d6a2f38a62194ed74e21a279c5",
        "@PARENTROWID": "3-0121f8f18c79581494a3bb84edfafe160a63c6e116fd91667e5ea01b370b0978",
        "@PARENT": "root.record.ItemExhibitList.P5Item.CostElementCategoryList.Hardware.NonRecurring.CostElementList.CostElement.ManufacturerList.Manufacturer.HistoryPlanningList.HistoryPlanning"
    },
    {
        "Month_val": "2020-08",
        "Amount_val": "15",
        "@SOURCE_FILENAME": "2020-BASE_PROCUREMENT-2020-ARMY_OTHER_3-4-U_PROCUREMENT_JustificationBook_Army_PB_2020.zzz_unzipped-U_PROCUREMENT_JustificationBook_Army_PB_2020.xml",
        "@RECORDID": "614bbccf622ad4d1a6e058f8782e575d8ecd8319854edfbf4dae743f1d6121e0",
        "@ROWID": "0-c6c166638a7160cfa15f3e3ef59f35c44598d8dbc5c245ccfd76c7b828148d49",
        "@PARENTROWID": "0-c0a6f0a8d1b325d01dbac87aa0b1a482520dcdccc50700551a2f0a09fc314fc7",
        "@PARENT": "root.record.ItemExhibitList.P5Item.CostElementCategoryList.Hardware.NonRecurring.CostElementList.CostElement.ManufacturerList.Manufacturer.HistoryPlanningList.HistoryPlanning"
    },
    {
        "Month_val": "2020-09",
        "Amount_val": "15",
        "@SOURCE_FILENAME": "2020-BASE_PROCUREMENT-2020-ARMY_OTHER_3-4-U_PROCUREMENT_JustificationBook_Army_PB_2020.zzz_unzipped-U_PROCUREMENT_JustificationBook_Army_PB_2020.xml",
        "@RECORDID": "614bbccf622ad4d1a6e058f8782e575d8ecd8319854edfbf4dae743f1d6121e0",
        "@ROWID": "1-5c527b26f3d3d4beffb78929a828f05d9630f127e82e311176c9a6bb1786c7fa",
        "@PARENTROWID": "0-c0a6f0a8d1b325d01dbac87aa0b1a482520dcdccc50700551a2f0a09fc314fc7",
        "@PARENT": "root.record.ItemExhibitList.P5Item.CostElementCategoryList.Hardware.NonRecurring.CostElementList.CostElement.ManufacturerList.Manufacturer.HistoryPlanningList.HistoryPlanning"
    },
    {
        "Month_val": "2020-10",
        "Amount_val": "15",
        "@SOURCE_FILENAME": "2020-BASE_PROCUREMENT-2020-ARMY_OTHER_3-4-U_PROCUREMENT_JustificationBook_Army_PB_2020.zzz_unzipped-U_PROCUREMENT_JustificationBook_Army_PB_2020.xml",
        "@RECORDID": "614bbccf622ad4d1a6e058f8782e575d8ecd8319854edfbf4dae743f1d6121e0",
        "@ROWID": "2-f1fd77671130ffce2637ed1271dd65ce3ab93d96238e3d6d33c5fd9609099ff3",
        "@PARENTROWID": "0-c0a6f0a8d1b325d01dbac87aa0b1a482520dcdccc50700551a2f0a09fc314fc7",
        "@PARENT": "root.record.ItemExhibitList.P5Item.CostElementCategoryList.Hardware.NonRecurring.CostElementList.CostElement.ManufacturerList.Manufacturer.HistoryPlanningList.HistoryPlanning"
    },
    {
        "Month_val": "2020-11",
        "Amount_val": "15",
        "@SOURCE_FILENAME": "2020-BASE_PROCUREMENT-2020-ARMY_OTHER_3-4-U_PROCUREMENT_JustificationBook_Army_PB_2020.zzz_unzipped-U_PROCUREMENT_JustificationBook_Army_PB_2020.xml",
        "@RECORDID": "614bbccf622ad4d1a6e058f8782e575d8ecd8319854edfbf4dae743f1d6121e0",
        "@ROWID": "3-85fa96df8991bab7357f9c156245e742deba75d4d78b8fb4a2af29c0960c2256",
        "@PARENTROWID": "0-c0a6f0a8d1b325d01dbac87aa0b1a482520dcdccc50700551a2f0a09fc314fc7",
        "@PARENT": "root.record.ItemExhibitList.P5Item.CostElementCategoryList.Hardware.NonRecurring.CostElementList.CostElement.ManufacturerList.Manufacturer.HistoryPlanningList.HistoryPlanning"
    },
    {
        "Month_val": "2020-12",
        "Amount_val": "2",
        "@SOURCE_FILENAME": "2020-BASE_PROCUREMENT-2020-ARMY_OTHER_3-4-U_PROCUREMENT_JustificationBook_Army_PB_2020.zzz_unzipped-U_PROCUREMENT_JustificationBook_Army_PB_2020.xml",
        "@RECORDID": "614bbccf622ad4d1a6e058f8782e575d8ecd8319854edfbf4dae743f1d6121e0",
        "@ROWID": "4-9f737966431be673146ccbdce6848653b451cfd8ceb1155c99a6bf129ef9bf5d",
        "@PARENTROWID": "0-c0a6f0a8d1b325d01dbac87aa0b1a482520dcdccc50700551a2f0a09fc314fc7",
        "@PARENT": "root.record.ItemExhibitList.P5Item.CostElementCategoryList.Hardware.NonRecurring.CostElementList.CostElement.ManufacturerList.Manufacturer.HistoryPlanningList.HistoryPlanning"
    }
]