[
    {
        "Month_val": "2018-12",
        "Amount_val": "1",
        "@SOURCE_FILENAME": "2020-BASE_PROCUREMENT-2020-ARMY_OTHER_2-U_PROCUREMENT_JustificationBook_Army_PB_2020.zzz_unzipped-U_PROCUREMENT_JustificationBook_Army_PB_2020.xml",
        "@RECORDID": "a0fe3160a923bdac56366cddc13e2f069799883fdc41c28d1dcac426880e73af",
        "@ROWID": "0-45d7da9d269a09e51cefe0010b528f8e0096abfe8569216e4f5826330f732077",
        "@PARENTROWID": "0-79e6fe216a8322aa7b2c44691a5c160dd9e997600a9449b82b8b7c91e8787cee",
        "@PARENT": "root.record.ItemExhibitList.P5Item.CostElementCategoryList.Hardware.NonRecurring.CostElementList.CostElement.ManufacturerList.Manufacturer.HistoryPlanningList.HistoryPlanning"
    },
    {
        "Month_val": "2019-01",
        "Amount_val": "1",
        "@SOURCE_FILENAME": "2020-BASE_PROCUREMENT-2020-ARMY_OTHER_2-U_PROCUREMENT_JustificationBook_Army_PB_2020.zzz_unzipped-U_PROCUREMENT_JustificationBook_Army_PB_2020.xml",
        "@RECORDID": "a0fe3160a923bdac56366cddc13e2f069799883fdc41c28d1dcac426880e73af",
        "@ROWID": "1-ce0147552117553afd94673f544ccf5cb813cccdef7d68058e039c6ae56efac5",
        "@PARENTROWID": "0-79e6fe216a8322aa7b2c44691a5c160dd9e997600a9449b82b8b7c91e8787cee",
        "@PARENT": "root.record.ItemExhibitList.P5Item.CostElementCategoryList.Hardware.NonRecurring.CostElementList.CostElement.ManufacturerList.Manufacturer.HistoryPlanningList.HistoryPlanning"
    },
    {
        "Month_val": "2019-02",
        "Amount_val": "1",
        "@SOURCE_FILENAME": "2020-BASE_PROCUREMENT-2020-ARMY_OTHER_2-U_PROCUREMENT_JustificationBook_Army_PB_2020.zzz_unzipped-U_PROCUREMENT_JustificationBook_Army_PB_2020.xml",
        "@RECORDID": "a0fe3160a923bdac56366cddc13e2f069799883fdc41c28d1dcac426880e73af",
        "@ROWID": "2-45a8a629e8132e8e5decc41253669df8060b5feb5b91d54cc35101d024e97ca3",
        "@PARENTROWID": "0-79e6fe216a8322aa7b2c44691a5c160dd9e997600a9449b82b8b7c91e8787cee",
        "@PARENT": "root.record.ItemExhibitList.P5Item.CostElementCategoryList.Hardware.NonRecurring.CostElementList.CostElement.ManufacturerList.Manufacturer.HistoryPlanningList.HistoryPlanning"
    },
    {
        "Month_val": "2018-02",
        "Amount_val": "2",
        "@SOURCE_FILENAME": "2020-BASE_PROCUREMENT-2020-ARMY_OTHER_2-U_PROCUREMENT_JustificationBook_Army_PB_2020.zzz_unzipped-U_PROCUREMENT_JustificationBook_Army_PB_2020.xml",
        "@RECORDID": "a0fe3160a923bdac56366cddc13e2f069799883fdc41c28d1dcac426880e73af",
        "@ROWID": "0-7b1cb9ab9994d12fc5f64974f9e7702e3938a137a292b0e8f0da255b5d3d5290",
        "@PARENTROWID": "1-1ab2d8c963f09d60011f6f151c7deed1cb99d50c569f3da2ac5262d61a976a26",
        "@PARENT": "root.record.ItemExhibitList.P5Item.CostElementCategoryList.Hardware.NonRecurring.CostElementList.CostElement.ManufacturerList.Manufacturer.HistoryPlanningList.HistoryPlanning"
    },
    {
        "Month_val": "2018-04",
        "Amount_val": "2",
        "@SOURCE_FILENAME": "2020-BASE_PROCUREMENT-2020-ARMY_OTHER_2-U_PROCUREMENT_JustificationBook_Army_PB_2020.zzz_unzipped-U_PROCUREMENT_JustificationBook_Army_PB_2020.xml",
        "@RECORDID": "a0fe3160a923bdac56366cddc13e2f069799883fdc41c28d1dcac426880e73af",
        "@ROWID": "1-5ee4f4abf9f2c2e35249e7918f3e5f8fa54a6a4e11ffb13cf3c4858bfa739ea6",
        "@PARENTROWID": "1-1ab2d8c963f09d60011f6f151c7deed1cb99d50c569f3da2ac5262d61a976a26",
        "@PARENT": "root.record.ItemExhibitList.P5Item.CostElementCategoryList.Hardware.NonRecurring.CostElementList.CostElement.ManufacturerList.Manufacturer.HistoryPlanningList.HistoryPlanning"
    },
    {
        "Month_val": "2018-06",
        "Amount_val": "2",
        "@SOURCE_FILENAME": "2020-BASE_PROCUREMENT-2020-ARMY_OTHER_2-U_PROCUREMENT_JustificationBook_Army_PB_2020.zzz_unzipped-U_PROCUREMENT_JustificationBook_Army_PB_2020.xml",
        "@RECORDID": "a0fe3160a923bdac56366cddc13e2f069799883fdc41c28d1dcac426880e73af",
        "@ROWID": "2-b53e0f04ff569a2e9c6621df1552b481349921c49c4b7002f06f17a0b0996176",
        "@PARENTROWID": "1-1ab2d8c963f09d60011f6f151c7deed1cb99d50c569f3da2ac5262d61a976a26",
        "@PARENT": "root.record.ItemExhibitList.P5Item.CostElementCategoryList.Hardware.NonRecurring.CostElementList.CostElement.ManufacturerList.Manufacturer.HistoryPlanningList.HistoryPlanning"
    },
    {
        "Month_val": "2018-08",
        "Amount_val": "2",
        "@SOURCE_FILENAME": "2020-BASE_PROCUREMENT-2020-ARMY_OTHER_2-U_PROCUREMENT_JustificationBook_Army_PB_2020.zzz_unzipped-U_PROCUREMENT_JustificationBook_Army_PB_2020.xml",
        "@RECORDID": "a0fe3160a923bdac56366cddc13e2f069799883fdc41c28d1dcac426880e73af",
        "@ROWID": "3-b6ddaf7dfd905ca7b73cab16564a9a4a008e528cf652f23f8f28f9280f803420",
        "@PARENTROWID": "1-1ab2d8c963f09d60011f6f151c7deed1cb99d50c569f3da2ac5262d61a976a26",
        "@PARENT": "root.record.ItemExhibitList.P5Item.CostElementCategoryList.Hardware.NonRecurring.CostElementList.CostElement.ManufacturerList.Manufacturer.HistoryPlanningList.HistoryPlanning"
    },
    {
        "Month_val": "2020-02",
        "Amount_val": "1",
        "@SOURCE_FILENAME": "2020-BASE_PROCUREMENT-2020-ARMY_OTHER_2-U_PROCUREMENT_JustificationBook_Army_PB_2020.zzz_unzipped-U_PROCUREMENT_JustificationBook_Army_PB_2020.xml",
        "@RECORDID": "a0fe3160a923bdac56366cddc13e2f069799883fdc41c28d1dcac426880e73af",
        "@ROWID": "0-440e40dd25a46ff79dfb721301bdb8da7d80ada305a3eec5716a1c3cc0406250",
        "@PARENTROWID": "2-96325a38ca0a8354cae2b64a9df4596d18257d15e7088ef209a0d4e1ff1acc0f",
        "@PARENT": "root.record.ItemExhibitList.P5Item.CostElementCategoryList.Hardware.NonRecurring.CostElementList.CostElement.ManufacturerList.Manufacturer.HistoryPlanningList.HistoryPlanning"
    },
    {
        "Month_val": "2021-02",
        "Amount_val": "2",
        "@SOURCE_FILENAME": "2020-BASE_PROCUREMENT-2020-ARMY_OTHER_2-U_PROCUREMENT_JustificationBook_Army_PB_2020.zzz_unzipped-U_PROCUREMENT_JustificationBook_Army_PB_2020.xml",
        "@RECORDID": "a0fe3160a923bdac56366cddc13e2f069799883fdc41c28d1dcac426880e73af",
        "@ROWID": "0-16eb4359563dd8a3a923df38c92914de9457dd31254996633667b742c5c3bced",
        "@PARENTROWID": "3-5947a7aff4cfb08b287e1d97ff4475b2353fa212d684841ef3765751932708a6",
        "@PARENT": "root.record.ItemExhibitList.P5Item.CostElementCategoryList.Hardware.NonRecurring.CostElementList.CostElement.ManufacturerList.Manufacturer.HistoryPlanningList.HistoryPlanning"
    },
    {
        "Month_val": "2021-03",
        "Amount_val": "4",
        "@SOURCE_FILENAME": "2020-BASE_PROCUREMENT-2020-ARMY_OTHER_2-U_PROCUREMENT_JustificationBook_Army_PB_2020.zzz_unzipped-U_PROCUREMENT_JustificationBook_Army_PB_2020.xml",
        "@RECORDID": "a0fe3160a923bdac56366cddc13e2f069799883fdc41c28d1dcac426880e73af",
        "@ROWID": "1-24c5b6b7b8c0d2afa3a21a63da7af613981761384a1117f187182e3f7517322b",
        "@PARENTROWID": "3-5947a7aff4cfb08b287e1d97ff4475b2353fa212d684841ef3765751932708a6",
        "@PARENT": "root.record.ItemExhibitList.P5Item.CostElementCategoryList.Hardware.NonRecurring.CostElementList.CostElement.ManufacturerList.Manufacturer.HistoryPlanningList.HistoryPlanning"
    },
    {
        "Month_val": "2021-04",
        "Amount_val": "5",
        "@SOURCE_FILENAME": "2020-BASE_PROCUREMENT-2020-ARMY_OTHER_2-U_PROCUREMENT_JustificationBook_Army_PB_2020.zzz_unzipped-U_PROCUREMENT_JustificationBook_Army_PB_2020.xml",
        "@RECORDID": "a0fe3160a923bdac56366cddc13e2f069799883fdc41c28d1dcac426880e73af",
        "@ROWID": "2-e0a69bdb7c2a32ab32c3de267368b086b6703cd52c3cf3b8b9071cc9ed7fb410",
        "@PARENTROWID": "3-5947a7aff4cfb08b287e1d97ff4475b2353fa212d684841ef3765751932708a6",
        "@PARENT": "root.record.ItemExhibitList.P5Item.CostElementCategoryList.Hardware.NonRecurring.CostElementList.CostElement.ManufacturerList.Manufacturer.HistoryPlanningList.HistoryPlanning"
    },
    {
        "Month_val": "2021-05",
        "Amount_val": "5",
        "@SOURCE_FILENAME": "2020-BASE_PROCUREMENT-2020-ARMY_OTHER_2-U_PROCUREMENT_JustificationBook_Army_PB_2020.zzz_unzipped-U_PROCUREMENT_JustificationBook_Army_PB_2020.xml",
        "@RECORDID": "a0fe3160a923bdac56366cddc13e2f069799883fdc41c28d1dcac426880e73af",
        "@ROWID": "3-362e7adc6d341346a3ba956dbb5ba885be3fdf8af095b96735877db8e6f2e5a7",
        "@PARENTROWID": "3-5947a7aff4cfb08b287e1d97ff4475b2353fa212d684841ef3765751932708a6",
        "@PARENT": "root.record.ItemExhibitList.P5Item.CostElementCategoryList.Hardware.NonRecurring.CostElementList.CostElement.ManufacturerList.Manufacturer.HistoryPlanningList.HistoryPlanning"
    },
    {
        "Month_val": "2021-06",
        "Amount_val": "5",
        "@SOURCE_FILENAME": "2020-BASE_PROCUREMENT-2020-ARMY_OTHER_2-U_PROCUREMENT_JustificationBook_Army_PB_2020.zzz_unzipped-U_PROCUREMENT_JustificationBook_Army_PB_2020.xml",
        "@RECORDID": "a0fe3160a923bdac56366cddc13e2f069799883fdc41c28d1dcac426880e73af",
        "@ROWID": "4-11679e9f8c175fb3526a38bd90a5e533112fefa787ca32c73657441d2e1425c8",
        "@PARENTROWID": "3-5947a7aff4cfb08b287e1d97ff4475b2353fa212d684841ef3765751932708a6",
        "@PARENT": "root.record.ItemExhibitList.P5Item.CostElementCategoryList.Hardware.NonRecurring.CostElementList.CostElement.ManufacturerList.Manufacturer.HistoryPlanningList.HistoryPlanning"
    },
    {
        "Month_val": "2021-07",
        "Amount_val": "5",
        "@SOURCE_FILENAME": "2020-BASE_PROCUREMENT-2020-ARMY_OTHER_2-U_PROCUREMENT_JustificationBook_Army_PB_2020.zzz_unzipped-U_PROCUREMENT_JustificationBook_Army_PB_2020.xml",
        "@RECORDID": "a0fe3160a923bdac56366cddc13e2f069799883fdc41c28d1dcac426880e73af",
        "@ROWID": "5-0c8b0656bc8658772583ec138e098b8e32747d2ccdabac298496309e5427f465",
        "@PARENTROWID": "3-5947a7aff4cfb08b287e1d97ff4475b2353fa212d684841ef3765751932708a6",
        "@PARENT": "root.record.ItemExhibitList.P5Item.CostElementCategoryList.Hardware.NonRecurring.CostElementList.CostElement.ManufacturerList.Manufacturer.HistoryPlanningList.HistoryPlanning"
    },
    {
        "Month_val": "2021-08",
        "Amount_val": "2",
        "@SOURCE_FILENAME": "2020-BASE_PROCUREMENT-2020-ARMY_OTHER_2-U_PROCUREMENT_JustificationBook_Army_PB_2020.zzz_unzipped-U_PROCUREMENT_JustificationBook_Army_PB_2020.xml",
        "@RECORDID": "a0fe3160a923bdac56366cddc13e2f069799883fdc41c28d1dcac426880e73af",
        "@ROWID": "6-2fc86a4f65b28907b00ec4eafe1c30f0fe05b9aaa045dfb0d2c4762ed5ae0616",
        "@PARENTROWID": "3-5947a7aff4cfb08b287e1d97ff4475b2353fa212d684841ef3765751932708a6",
        "@PARENT": "root.record.ItemExhibitList.P5Item.CostElementCategoryList.Hardware.NonRecurring.CostElementList.CostElement.ManufacturerList.Manufacturer.HistoryPlanningList.HistoryPlanning"
    },
    {
        "Month_val": "2020-08",
        "Amount_val": "15",
        "@SOURCE_FILENAME": "2020-BASE_PROCUREMENT-2020-ARMY_OTHER_3-4-U_PROCUREMENT_JustificationBook_Army_PB_2020.zzz_unzipped-U_PROCUREMENT_JustificationBook_Army_PB_2020.xml",
        "@RECORDID": "614bbccf622ad4d1a6e058f8782e575d8ecd8319854edfbf4dae743f1d6121e0",
        "@ROWID": "0-2674ac03bc5311d36c4f694f728570b0596095c643011175c324fc753bb46b1b",
        "@PARENTROWID": "0-e6cb574702d1a7c3fc8e4000aec34401009b85fe542ae701047e35604ed2d03c",
        "@PARENT": "root.record.ItemExhibitList.P5Item.CostElementCategoryList.Hardware.NonRecurring.CostElementList.CostElement.ManufacturerList.Manufacturer.HistoryPlanningList.HistoryPlanning"
    },
    {
        "Month_val": "2020-09",
        "Amount_val": "15",
        "@SOURCE_FILENAME": "2020-BASE_PROCUREMENT-2020-ARMY_OTHER_3-4-U_PROCUREMENT_JustificationBook_Army_PB_2020.zzz_unzipped-U_PROCUREMENT_JustificationBook_Army_PB_2020.xml",
        "@RECORDID": "614bbccf622ad4d1a6e058f8782e575d8ecd8319854edfbf4dae743f1d6121e0",
        "@ROWID": "1-f9ba7bb97d07ede248fc1ed8f77aad98e1f4ca667b26ecf2c1cce07e0bd6c3b6",
        "@PARENTROWID": "0-e6cb574702d1a7c3fc8e4000aec34401009b85fe542ae701047e35604ed2d03c",
        "@PARENT": "root.record.ItemExhibitList.P5Item.CostElementCategoryList.Hardware.NonRecurring.CostElementList.CostElement.ManufacturerList.Manufacturer.HistoryPlanningList.HistoryPlanning"
    },
    {
        "Month_val": "2020-10",
        "Amount_val": "15",
        "@SOURCE_FILENAME": "2020-BASE_PROCUREMENT-2020-ARMY_OTHER_3-4-U_PROCUREMENT_JustificationBook_Army_PB_2020.zzz_unzipped-U_PROCUREMENT_JustificationBook_Army_PB_2020.xml",
        "@RECORDID": "614bbccf622ad4d1a6e058f8782e575d8ecd8319854edfbf4dae743f1d6121e0",
        "@ROWID": "2-e074e50c9a6b0f1f1e1bc5e8db187125bada408418bc955b9221770fa78116e0",
        "@PARENTROWID": "0-e6cb574702d1a7c3fc8e4000aec34401009b85fe542ae701047e35604ed2d03c",
        "@PARENT": "root.record.ItemExhibitList.P5Item.CostElementCategoryList.Hardware.NonRecurring.CostElementList.CostElement.ManufacturerList.Manufacturer.HistoryPlanningList.HistoryPlanning"
    },
    {
        "Month_val": "2020-11",
        "Amount_val": "15",
        "@SOURCE_FILENAME": "2020-BASE_PROCUREMENT-2020-ARMY_OTHER_3-4-U_PROCUREMENT_JustificationBook_Army_PB_2020.zzz_unzipped-U_PROCUREMENT_JustificationBook_Army_PB_2020.xml",
        "@RECORDID": "614bbccf622ad4d1a6e058f8782e575d8ecd8319854edfbf4dae743f1d6121e0",
        "@ROWID": "3-877f03af789d7b1b8be4d6d4d2392f9c2f5f470a11d5c5a6171f3f3f1bb787bb",
        "@PARENTROWID": "0-e6cb574702d1a7c3fc8e4000aec34401009b85fe542ae701047e35604ed2d03c",
        "@PARENT": "root.record.ItemExhibitList.P5Item.CostElementCategoryList.Hardware.NonRecurring.CostElementList.CostElement.ManufacturerList.Manufacturer.HistoryPlanningList.HistoryPlanning"
    },
    {
        "Month_val": "2020-12",
        "Amount_val": "2",
        "@SOURCE_FILENAME": "2020-BASE_PROCUREMENT-2020-ARMY_OTHER_3-4-U_PROCUREMENT_JustificationBook_Army_PB_2020.zzz_unzipped-U_PROCUREMENT_JustificationBook_Army_PB_2020.xml",
        "@RECORDID": "614bbccf622ad4d1a6e058f8782e575d8ecd8319854edfbf4dae743f1d6121e0",
        "@ROWID": "4-bf203c3572d5afb5e88d297100bb85416c67a69c1b6e11553d3bedf9395c89b2",
        "@PARENTROWID": "0-e6cb574702d1a7c3fc8e4000aec34401009b85fe542ae701047e35604ed2d03c",
        "@PARENT": "root.record.ItemExhibitList.P5Item.CostElementCategoryList.Hardware.NonRecurring.CostElementList.CostElement.ManufacturerList.Manufacturer.HistoryPlanningList.HistoryPlanning"
    }
]