ShipNomenclature_ShipType_val,ShipNomenclature_ShipClassification_val,ShipNomenclature_FirstHullNumber_val,ShipClassOutfittingTotal_AllPriorYears_val,ShipClassOutfittingTotal_PriorYear_val,ShipClassOutfittingTotal_ToComplete_val,ShipClassOutfittingTotal_Total_val,ShipClassOutfittingTotal_CurrentYear_val,ShipClassOutfittingTotal_BudgetYearOne_val,ShipClassDeliveryTotal_AllPriorYears_val,ShipClassDeliveryTotal_PriorYear_val,ShipClassDeliveryTotal_CurrentYear_val,ShipClassDeliveryTotal_BudgetYearOne_val,ShipClassDeliveryTotal_ToComplete_val,ShipClassDeliveryTotal_Total_val,@SOURCE_FILENAME,@RECORDID,@ROWID,@PARENTROWID,@PARENT
"CVN","CVN","78","112.131","33.687","343.195","489.013","","","2.5","65.803","2.341","26.213","229.989","326.846","2018-BASE_PROCUREMENT-2018-NAVY_SHIPBUILDINGANDCOVERSION-U_PROCUREMENT_JustificationBook_Navy_PB_2018.zzz_unzipped-U_PROCUREMENT_JustificationBook_Navy_PB_2018.xml","446572dfec4731662095f6b1f4dcc0c4a786ebc016a71e705c18853376a92c9e","0-84810cae7c7574840f5da3cd69e94077151e37b215c69a1ccad58ee91beae312","9447-a0402fa7e04349d124cf34c852b64fe25a43290fdf466a3a6c4224bd75e2e4e4","root"
"VIRGINIA","VIRGINIA","783","106.866","36.437","229.677","421.863","31.755","17.128","144.482","68.176","110.912","101.613","469.844","895.027","2018-BASE_PROCUREMENT-2018-NAVY_SHIPBUILDINGANDCOVERSION-U_PROCUREMENT_JustificationBook_Navy_PB_2018.zzz_unzipped-U_PROCUREMENT_JustificationBook_Navy_PB_2018.xml","446572dfec4731662095f6b1f4dcc0c4a786ebc016a71e705c18853376a92c9e","1-9e4aa5759c86d04d0d84119c29e51214ecfd783288765b9380aa32ef024cefad","9447-a0402fa7e04349d124cf34c852b64fe25a43290fdf466a3a6c4224bd75e2e4e4","root"
"CVN-RCOH","CVN-RCOH","72","40.52","21.881","129.489","202.88","4.504","6.486","","2.845","29.912","","39.021","71.778","2018-BASE_PROCUREMENT-2018-NAVY_SHIPBUILDINGANDCOVERSION-U_PROCUREMENT_JustificationBook_Navy_PB_2018.zzz_unzipped-U_PROCUREMENT_JustificationBook_Navy_PB_2018.xml","446572dfec4731662095f6b1f4dcc0c4a786ebc016a71e705c18853376a92c9e","2-048f214a6058997276892744642d1594e4081fa67c6b7eef1aa612019989ae4c","9447-a0402fa7e04349d124cf34c852b64fe25a43290fdf466a3a6c4224bd75e2e4e4","root"
"DDG 1000","DDG 1000","1000","56.384","4.525","35.139","111.158","7.137","7.973","66.513","41.096","30.922","35.553","294.617","468.701","2018-BASE_PROCUREMENT-2018-NAVY_SHIPBUILDINGANDCOVERSION-U_PROCUREMENT_JustificationBook_Navy_PB_2018.zzz_unzipped-U_PROCUREMENT_JustificationBook_Navy_PB_2018.xml","446572dfec4731662095f6b1f4dcc0c4a786ebc016a71e705c18853376a92c9e","3-f86962bafee04c35d98c4a1f58684abe4d7a34ef93bc105d41d7b38170cc3b21","9447-a0402fa7e04349d124cf34c852b64fe25a43290fdf466a3a6c4224bd75e2e4e4","root"
"DDG","DDG","113","9.81","39.011","188.575","302.119","34.597","30.126","","19.63","87.064","54.671","376.041","537.406","2018-BASE_PROCUREMENT-2018-NAVY_SHIPBUILDINGANDCOVERSION-U_PROCUREMENT_JustificationBook_Navy_PB_2018.zzz_unzipped-U_PROCUREMENT_JustificationBook_Navy_PB_2018.xml","446572dfec4731662095f6b1f4dcc0c4a786ebc016a71e705c18853376a92c9e","4-05f6408798af8a4fd2416324170193560b52c932f3e35feda8c6bb9764edc9fc","9447-a0402fa7e04349d124cf34c852b64fe25a43290fdf466a3a6c4224bd75e2e4e4","root"
"FF","FF","1","","","11.504","11.504","","","","","","","","","2018-BASE_PROCUREMENT-2018-NAVY_SHIPBUILDINGANDCOVERSION-U_PROCUREMENT_JustificationBook_Navy_PB_2018.zzz_unzipped-U_PROCUREMENT_JustificationBook_Navy_PB_2018.xml","446572dfec4731662095f6b1f4dcc0c4a786ebc016a71e705c18853376a92c9e","5-0c17e16ad686ecffe63209f3e19b808db52681ab9ebd879af6768fd1e31dad7c","9447-a0402fa7e04349d124cf34c852b64fe25a43290fdf466a3a6c4224bd75e2e4e4","root"
"LCS","LCS","6","49.503","35.853","67.361","186.789","18.065","16.007","75.107","152.963","158.334","153.724","498.984","1039.112","2018-BASE_PROCUREMENT-2018-NAVY_SHIPBUILDINGANDCOVERSION-U_PROCUREMENT_JustificationBook_Navy_PB_2018.zzz_unzipped-U_PROCUREMENT_JustificationBook_Navy_PB_2018.xml","446572dfec4731662095f6b1f4dcc0c4a786ebc016a71e705c18853376a92c9e","6-ca87765aa9e745ffa43bfe3059f00cae9fb8a97cc16472be0b18aeae8df64aa7","9447-a0402fa7e04349d124cf34c852b64fe25a43290fdf466a3a6c4224bd75e2e4e4","root"
"LPD","LPD","26","15.933","22.559","22.119","76.34","14.305","1.424","5.648","21.077","55.308","28.72","49.624","160.377","2018-BASE_PROCUREMENT-2018-NAVY_SHIPBUILDINGANDCOVERSION-U_PROCUREMENT_JustificationBook_Navy_PB_2018.zzz_unzipped-U_PROCUREMENT_JustificationBook_Navy_PB_2018.xml","446572dfec4731662095f6b1f4dcc0c4a786ebc016a71e705c18853376a92c9e","7-cbe2a6e6876dfd3a27f9169f4c2f9987fa9949c3bc40f6ec3aaa34a61b29cb5e","9447-a0402fa7e04349d124cf34c852b64fe25a43290fdf466a3a6c4224bd75e2e4e4","root"
"ESB","ESB","4","","3.015","20.008","46.053","18.03","5","","","","7.35","23.618","30.968","2018-BASE_PROCUREMENT-2018-NAVY_SHIPBUILDINGANDCOVERSION-U_PROCUREMENT_JustificationBook_Navy_PB_2018.zzz_unzipped-U_PROCUREMENT_JustificationBook_Navy_PB_2018.xml","446572dfec4731662095f6b1f4dcc0c4a786ebc016a71e705c18853376a92c9e","8-2026f9668b1f32a85dad561be205b60c2534b82be9558dd5570171b0f671dba0","9447-a0402fa7e04349d124cf34c852b64fe25a43290fdf466a3a6c4224bd75e2e4e4","root"
"LHA","LHA","7","0.959","12.627","9.558","49.704","15.731","10.829","","","","4.14","45.575","49.715","2018-BASE_PROCUREMENT-2018-NAVY_SHIPBUILDINGANDCOVERSION-U_PROCUREMENT_JustificationBook_Navy_PB_2018.zzz_unzipped-U_PROCUREMENT_JustificationBook_Navy_PB_2018.xml","446572dfec4731662095f6b1f4dcc0c4a786ebc016a71e705c18853376a92c9e","9-386c78637222d445f9f5be4093e70ff0430d0f3bfed1ac6af5619aa2b580024e","9447-a0402fa7e04349d124cf34c852b64fe25a43290fdf466a3a6c4224bd75e2e4e4","root"
"EPF","EPF","6","3.84","7.696","4.816","25.559","4.904","4.303","4.881","6.325","10.724","5.684","9.809","37.423","2018-BASE_PROCUREMENT-2018-NAVY_SHIPBUILDINGANDCOVERSION-U_PROCUREMENT_JustificationBook_Navy_PB_2018.zzz_unzipped-U_PROCUREMENT_JustificationBook_Navy_PB_2018.xml","446572dfec4731662095f6b1f4dcc0c4a786ebc016a71e705c18853376a92c9e","10-6006998560e68c64269ba8ba5b259ab262b2a1781dd04f5e5e385c7c4597265c","9447-a0402fa7e04349d124cf34c852b64fe25a43290fdf466a3a6c4224bd75e2e4e4","root"
"T-AO","T-AO","205","","","78.334","78.334","","","","","","","86.536","86.536","2018-BASE_PROCUREMENT-2018-NAVY_SHIPBUILDINGANDCOVERSION-U_PROCUREMENT_JustificationBook_Navy_PB_2018.zzz_unzipped-U_PROCUREMENT_JustificationBook_Navy_PB_2018.xml","446572dfec4731662095f6b1f4dcc0c4a786ebc016a71e705c18853376a92c9e","11-51ab20787227f33c36579e2e14d89b891d993135767dfd81ca2390c03c7bef68","9447-a0402fa7e04349d124cf34c852b64fe25a43290fdf466a3a6c4224bd75e2e4e4","root"
"T-ATS(X)","T-ATS(X)","1601","","","17.045","17.045","","","","","","","9.022","9.022","2018-BASE_PROCUREMENT-2018-NAVY_SHIPBUILDINGANDCOVERSION-U_PROCUREMENT_JustificationBook_Navy_PB_2018.zzz_unzipped-U_PROCUREMENT_JustificationBook_Navy_PB_2018.xml","446572dfec4731662095f6b1f4dcc0c4a786ebc016a71e705c18853376a92c9e","12-dcbda1ff4b3198f6797901b1a6bee664bc73c279bff829345463dd3c83e668c6","9447-a0402fa7e04349d124cf34c852b64fe25a43290fdf466a3a6c4224bd75e2e4e4","root"
"AGOR","AGOR","28","","","","","","","1.75","1.3","","","","3.05","2018-BASE_PROCUREMENT-2018-NAVY_SHIPBUILDINGANDCOVERSION-U_PROCUREMENT_JustificationBook_Navy_PB_2018.zzz_unzipped-U_PROCUREMENT_JustificationBook_Navy_PB_2018.xml","446572dfec4731662095f6b1f4dcc0c4a786ebc016a71e705c18853376a92c9e","13-6859fe5fa10b322b8ba2327fcde5d617a2656be18f502a2c0941d6e48a26a1a7","9447-a0402fa7e04349d124cf34c852b64fe25a43290fdf466a3a6c4224bd75e2e4e4","root"
"T-AGS","T-AGS","66","","","","","","","1.188","1.5","","","","2.688","2018-BASE_PROCUREMENT-2018-NAVY_SHIPBUILDINGANDCOVERSION-U_PROCUREMENT_JustificationBook_Navy_PB_2018.zzz_unzipped-U_PROCUREMENT_JustificationBook_Navy_PB_2018.xml","446572dfec4731662095f6b1f4dcc0c4a786ebc016a71e705c18853376a92c9e","14-422803d54981f5244c928314d288c5b01caeeb033eb8a6be3387cce255d44fea","9447-a0402fa7e04349d124cf34c852b64fe25a43290fdf466a3a6c4224bd75e2e4e4","root"
"MTS","MTS","701","","","4.978","29.591","14.81","9.803","","","","","","","2018-BASE_PROCUREMENT-2018-NAVY_SHIPBUILDINGANDCOVERSION-U_PROCUREMENT_JustificationBook_Navy_PB_2018.zzz_unzipped-U_PROCUREMENT_JustificationBook_Navy_PB_2018.xml","446572dfec4731662095f6b1f4dcc0c4a786ebc016a71e705c18853376a92c9e","15-f8ccec055423a74a3f2b9543f310a0a8f982d617de4e117fd2b4ea838ee606a8","9447-a0402fa7e04349d124cf34c852b64fe25a43290fdf466a3a6c4224bd75e2e4e4","root"
"LCAC","LCAC","101","","","24.256","25.6","","1.344","","","","3.738","41.356","45.094","2018-BASE_PROCUREMENT-2018-NAVY_SHIPBUILDINGANDCOVERSION-U_PROCUREMENT_JustificationBook_Navy_PB_2018.zzz_unzipped-U_PROCUREMENT_JustificationBook_Navy_PB_2018.xml","446572dfec4731662095f6b1f4dcc0c4a786ebc016a71e705c18853376a92c9e","16-ca9ed728d19e6f5b0c6fe339879d2c9281e2e9a2ae8adc2997ea14271f2488c4","9447-a0402fa7e04349d124cf34c852b64fe25a43290fdf466a3a6c4224bd75e2e4e4","root"
"LCAC SLEP","LCAC SLEP","89","","0.389","","1.355","0.86","0.106","0.05","0.334","1.184","0.762","0.134","2.464","2018-BASE_PROCUREMENT-2018-NAVY_SHIPBUILDINGANDCOVERSION-U_PROCUREMENT_JustificationBook_Navy_PB_2018.zzz_unzipped-U_PROCUREMENT_JustificationBook_Navy_PB_2018.xml","446572dfec4731662095f6b1f4dcc0c4a786ebc016a71e705c18853376a92c9e","17-3bb05aa1ec723422d216e53196b896947aabeb8e4335cd8b5a89d7ee8a49b0f6","9447-a0402fa7e04349d124cf34c852b64fe25a43290fdf466a3a6c4224bd75e2e4e4","root"
"YP SLEP","YP SLEP","688","","0.146","0.145","0.571","0.28","","","","","","","","2018-BASE_PROCUREMENT-2018-NAVY_SHIPBUILDINGANDCOVERSION-U_PROCUREMENT_JustificationBook_Navy_PB_2018.zzz_unzipped-U_PROCUREMENT_JustificationBook_Navy_PB_2018.xml","446572dfec4731662095f6b1f4dcc0c4a786ebc016a71e705c18853376a92c9e","18-dce1cb94c7cca18812e322e08e563cc62ca128ee6326e1c2d5f29d6ceb82489e","9447-a0402fa7e04349d124cf34c852b64fe25a43290fdf466a3a6c4224bd75e2e4e4","root"
"PUBS","PUBS","0","30.256","9.76","54.228","114.593","9.491","10.858","","","","","","","2018-BASE_PROCUREMENT-2018-NAVY_SHIPBUILDINGANDCOVERSION-U_PROCUREMENT_JustificationBook_Navy_PB_2018.zzz_unzipped-U_PROCUREMENT_JustificationBook_Navy_PB_2018.xml","446572dfec4731662095f6b1f4dcc0c4a786ebc016a71e705c18853376a92c9e","19-92a858ee78f0b1c8898f8fce169bb6f75587ac47592533d827f54bd85f32661d","9447-a0402fa7e04349d124cf34c852b64fe25a43290fdf466a3a6c4224bd75e2e4e4","root"
"CVN","CVN","78","112.131","33.687","343.195","489.013","","","2.5","65.803","2.341","26.213","229.989","326.846","2018-BASE_PROCUREMENT-2018-NAVY_SHIPBUILDINGANDCOVERSION-U_PROCUREMENT_MasterJustificationBook_Navy_PB_2018.zzz_unzipped-U_PROCUREMENT_MasterJustificationBook_Navy_PB_2018.xml","43d529bbf3dbc61e508321b0e46f3aecbe37bc2d3a20714e98e0b2cdf7ff4c5d","0-cd039eed3e488e759acd925e426a9275ff5866c0f1b12963bdc2ac9bf5e95be8","9468-2290f4fcede24c7af002772605c3c50d15c61cb6af8601e2896137868675e69e","root"
"VIRGINIA","VIRGINIA","783","106.866","36.437","229.677","421.863","31.755","17.128","144.482","68.176","110.912","101.613","469.844","895.027","2018-BASE_PROCUREMENT-2018-NAVY_SHIPBUILDINGANDCOVERSION-U_PROCUREMENT_MasterJustificationBook_Navy_PB_2018.zzz_unzipped-U_PROCUREMENT_MasterJustificationBook_Navy_PB_2018.xml","43d529bbf3dbc61e508321b0e46f3aecbe37bc2d3a20714e98e0b2cdf7ff4c5d","1-737ec305b0e8fd8bf8b566f7a11b422279b59637e50b05fdc5554bfd2ac78b54","9468-2290f4fcede24c7af002772605c3c50d15c61cb6af8601e2896137868675e69e","root"
"CVN-RCOH","CVN-RCOH","72","40.52","21.881","129.489","202.88","4.504","6.486","","2.845","29.912","","39.021","71.778","2018-BASE_PROCUREMENT-2018-NAVY_SHIPBUILDINGANDCOVERSION-U_PROCUREMENT_MasterJustificationBook_Navy_PB_2018.zzz_unzipped-U_PROCUREMENT_MasterJustificationBook_Navy_PB_2018.xml","43d529bbf3dbc61e508321b0e46f3aecbe37bc2d3a20714e98e0b2cdf7ff4c5d","2-3c7216a189bb26684c030a492b15141151de01e84986ea58967f81ab106174af","9468-2290f4fcede24c7af002772605c3c50d15c61cb6af8601e2896137868675e69e","root"
"DDG 1000","DDG 1000","1000","56.384","4.525","35.139","111.158","7.137","7.973","66.513","41.096","30.922","35.553","294.617","468.701","2018-BASE_PROCUREMENT-2018-NAVY_SHIPBUILDINGANDCOVERSION-U_PROCUREMENT_MasterJustificationBook_Navy_PB_2018.zzz_unzipped-U_PROCUREMENT_MasterJustificationBook_Navy_PB_2018.xml","43d529bbf3dbc61e508321b0e46f3aecbe37bc2d3a20714e98e0b2cdf7ff4c5d","3-63fa018dc9048f3ee696eefec927c704ea9da5b6362de5d4984a2800ac065659","9468-2290f4fcede24c7af002772605c3c50d15c61cb6af8601e2896137868675e69e","root"
"DDG","DDG","113","9.81","39.011","188.575","302.119","34.597","30.126","","19.63","87.064","54.671","376.041","537.406","2018-BASE_PROCUREMENT-2018-NAVY_SHIPBUILDINGANDCOVERSION-U_PROCUREMENT_MasterJustificationBook_Navy_PB_2018.zzz_unzipped-U_PROCUREMENT_MasterJustificationBook_Navy_PB_2018.xml","43d529bbf3dbc61e508321b0e46f3aecbe37bc2d3a20714e98e0b2cdf7ff4c5d","4-31d5de50de4aa0b2b51dcb5f163d13cddf1c88621ac6879b4b0d9a7eb6cf3a44","9468-2290f4fcede24c7af002772605c3c50d15c61cb6af8601e2896137868675e69e","root"
"FF","FF","1","","","11.504","11.504","","","","","","","","","2018-BASE_PROCUREMENT-2018-NAVY_SHIPBUILDINGANDCOVERSION-U_PROCUREMENT_MasterJustificationBook_Navy_PB_2018.zzz_unzipped-U_PROCUREMENT_MasterJustificationBook_Navy_PB_2018.xml","43d529bbf3dbc61e508321b0e46f3aecbe37bc2d3a20714e98e0b2cdf7ff4c5d","5-8c0866330b5d4dcdda458b3dba43478a905a3122e15c7dd593fe5b376d87dbde","9468-2290f4fcede24c7af002772605c3c50d15c61cb6af8601e2896137868675e69e","root"
"LCS","LCS","6","49.503","35.853","67.361","186.789","18.065","16.007","75.107","152.963","158.334","153.724","498.984","1039.112","2018-BASE_PROCUREMENT-2018-NAVY_SHIPBUILDINGANDCOVERSION-U_PROCUREMENT_MasterJustificationBook_Navy_PB_2018.zzz_unzipped-U_PROCUREMENT_MasterJustificationBook_Navy_PB_2018.xml","43d529bbf3dbc61e508321b0e46f3aecbe37bc2d3a20714e98e0b2cdf7ff4c5d","6-b4629fb39c98fd3e7acdbbb7df7e8a458e063c39c85c5643b65658f91790a06f","9468-2290f4fcede24c7af002772605c3c50d15c61cb6af8601e2896137868675e69e","root"
"LPD","LPD","26","15.933","22.559","22.119","76.34","14.305","1.424","5.648","21.077","55.308","28.72","49.624","160.377","2018-BASE_PROCUREMENT-2018-NAVY_SHIPBUILDINGANDCOVERSION-U_PROCUREMENT_MasterJustificationBook_Navy_PB_2018.zzz_unzipped-U_PROCUREMENT_MasterJustificationBook_Navy_PB_2018.xml","43d529bbf3dbc61e508321b0e46f3aecbe37bc2d3a20714e98e0b2cdf7ff4c5d","7-ae001de62c82ed67fa6d34cee53f0e1601741358679fd9e0cda770f9bf18a274","9468-2290f4fcede24c7af002772605c3c50d15c61cb6af8601e2896137868675e69e","root"
"ESB","ESB","4","","3.015","20.008","46.053","18.03","5","","","","7.35","23.618","30.968","2018-BASE_PROCUREMENT-2018-NAVY_SHIPBUILDINGANDCOVERSION-U_PROCUREMENT_MasterJustificationBook_Navy_PB_2018.zzz_unzipped-U_PROCUREMENT_MasterJustificationBook_Navy_PB_2018.xml","43d529bbf3dbc61e508321b0e46f3aecbe37bc2d3a20714e98e0b2cdf7ff4c5d","8-af524682835c574508d863d4a8cbc17d239aa8f77af782f695265fbb546d1de6","9468-2290f4fcede24c7af002772605c3c50d15c61cb6af8601e2896137868675e69e","root"
"LHA","LHA","7","0.959","12.627","9.558","49.704","15.731","10.829","","","","4.14","45.575","49.715","2018-BASE_PROCUREMENT-2018-NAVY_SHIPBUILDINGANDCOVERSION-U_PROCUREMENT_MasterJustificationBook_Navy_PB_2018.zzz_unzipped-U_PROCUREMENT_MasterJustificationBook_Navy_PB_2018.xml","43d529bbf3dbc61e508321b0e46f3aecbe37bc2d3a20714e98e0b2cdf7ff4c5d","9-afd948f0f250d51eb4aeed34076fb4c60bb0bd9db8e7dcab154ea266bb7248b0","9468-2290f4fcede24c7af002772605c3c50d15c61cb6af8601e2896137868675e69e","root"
"EPF","EPF","6","3.84","7.696","4.816","25.559","4.904","4.303","4.881","6.325","10.724","5.684","9.809","37.423","2018-BASE_PROCUREMENT-2018-NAVY_SHIPBUILDINGANDCOVERSION-U_PROCUREMENT_MasterJustificationBook_Navy_PB_2018.zzz_unzipped-U_PROCUREMENT_MasterJustificationBook_Navy_PB_2018.xml","43d529bbf3dbc61e508321b0e46f3aecbe37bc2d3a20714e98e0b2cdf7ff4c5d","10-4fe4b2a1e7dc231c8f206eb8c44c8d3a7b8f84be3fba1df8341b496e9eea0c00","9468-2290f4fcede24c7af002772605c3c50d15c61cb6af8601e2896137868675e69e","root"
"T-AO","T-AO","205","","","78.334","78.334","","","","","","","86.536","86.536","2018-BASE_PROCUREMENT-2018-NAVY_SHIPBUILDINGANDCOVERSION-U_PROCUREMENT_MasterJustificationBook_Navy_PB_2018.zzz_unzipped-U_PROCUREMENT_MasterJustificationBook_Navy_PB_2018.xml","43d529bbf3dbc61e508321b0e46f3aecbe37bc2d3a20714e98e0b2cdf7ff4c5d","11-4fbb629badaf061a728e07da5354f3f5a2542e3488aa502b54bd0195cc27634d","9468-2290f4fcede24c7af002772605c3c50d15c61cb6af8601e2896137868675e69e","root"
"T-ATS(X)","T-ATS(X)","1601","","","17.045","17.045","","","","","","","9.022","9.022","2018-BASE_PROCUREMENT-2018-NAVY_SHIPBUILDINGANDCOVERSION-U_PROCUREMENT_MasterJustificationBook_Navy_PB_2018.zzz_unzipped-U_PROCUREMENT_MasterJustificationBook_Navy_PB_2018.xml","43d529bbf3dbc61e508321b0e46f3aecbe37bc2d3a20714e98e0b2cdf7ff4c5d","12-347e04821935dc1d821a23ae98aaf926e1712f85e2872f7f6e75fffdd50d1c00","9468-2290f4fcede24c7af002772605c3c50d15c61cb6af8601e2896137868675e69e","root"
"AGOR","AGOR","28","","","","","","","1.75","1.3","","","","3.05","2018-BASE_PROCUREMENT-2018-NAVY_SHIPBUILDINGANDCOVERSION-U_PROCUREMENT_MasterJustificationBook_Navy_PB_2018.zzz_unzipped-U_PROCUREMENT_MasterJustificationBook_Navy_PB_2018.xml","43d529bbf3dbc61e508321b0e46f3aecbe37bc2d3a20714e98e0b2cdf7ff4c5d","13-86c418e386ecee99e84e7ef1e718543456521a65c7e28171b83fe1cfa6d29213","9468-2290f4fcede24c7af002772605c3c50d15c61cb6af8601e2896137868675e69e","root"
"T-AGS","T-AGS","66","","","","","","","1.188","1.5","","","","2.688","2018-BASE_PROCUREMENT-2018-NAVY_SHIPBUILDINGANDCOVERSION-U_PROCUREMENT_MasterJustificationBook_Navy_PB_2018.zzz_unzipped-U_PROCUREMENT_MasterJustificationBook_Navy_PB_2018.xml","43d529bbf3dbc61e508321b0e46f3aecbe37bc2d3a20714e98e0b2cdf7ff4c5d","14-04942efe0c19087cbddbe1a23a363bca07381e6a7f40467cd5401da62b74cf12","9468-2290f4fcede24c7af002772605c3c50d15c61cb6af8601e2896137868675e69e","root"
"MTS","MTS","701","","","4.978","29.591","14.81","9.803","","","","","","","2018-BASE_PROCUREMENT-2018-NAVY_SHIPBUILDINGANDCOVERSION-U_PROCUREMENT_MasterJustificationBook_Navy_PB_2018.zzz_unzipped-U_PROCUREMENT_MasterJustificationBook_Navy_PB_2018.xml","43d529bbf3dbc61e508321b0e46f3aecbe37bc2d3a20714e98e0b2cdf7ff4c5d","15-4a46c0b011d75546830fee44547c0f3271b54fafa22cd9258c5d4ddf3561b1f4","9468-2290f4fcede24c7af002772605c3c50d15c61cb6af8601e2896137868675e69e","root"
"LCAC","LCAC","101","","","24.256","25.6","","1.344","","","","3.738","41.356","45.094","2018-BASE_PROCUREMENT-2018-NAVY_SHIPBUILDINGANDCOVERSION-U_PROCUREMENT_MasterJustificationBook_Navy_PB_2018.zzz_unzipped-U_PROCUREMENT_MasterJustificationBook_Navy_PB_2018.xml","43d529bbf3dbc61e508321b0e46f3aecbe37bc2d3a20714e98e0b2cdf7ff4c5d","16-200221714bf04afe4922e028f04ebb8abc6d2f4bf40e10eb8436850e3429c409","9468-2290f4fcede24c7af002772605c3c50d15c61cb6af8601e2896137868675e69e","root"
"LCAC SLEP","LCAC SLEP","89","","0.389","","1.355","0.86","0.106","0.05","0.334","1.184","0.762","0.134","2.464","2018-BASE_PROCUREMENT-2018-NAVY_SHIPBUILDINGANDCOVERSION-U_PROCUREMENT_MasterJustificationBook_Navy_PB_2018.zzz_unzipped-U_PROCUREMENT_MasterJustificationBook_Navy_PB_2018.xml","43d529bbf3dbc61e508321b0e46f3aecbe37bc2d3a20714e98e0b2cdf7ff4c5d","17-b165f23f99ecad266618870052710284ce46ec7d25621eb0513365df5adda931","9468-2290f4fcede24c7af002772605c3c50d15c61cb6af8601e2896137868675e69e","root"
"YP SLEP","YP SLEP","688","","0.146","0.145","0.571","0.28","","","","","","","","2018-BASE_PROCUREMENT-2018-NAVY_SHIPBUILDINGANDCOVERSION-U_PROCUREMENT_MasterJustificationBook_Navy_PB_2018.zzz_unzipped-U_PROCUREMENT_MasterJustificationBook_Navy_PB_2018.xml","43d529bbf3dbc61e508321b0e46f3aecbe37bc2d3a20714e98e0b2cdf7ff4c5d","18-65f4f3b8d5d858d20ad9d38de76ef31d80f6721d5ed9e6d08ef1b0ae04a82152","9468-2290f4fcede24c7af002772605c3c50d15c61cb6af8601e2896137868675e69e","root"
"PUBS","PUBS","0","30.256","9.76","54.228","114.593","9.491","10.858","","","","","","","2018-BASE_PROCUREMENT-2018-NAVY_SHIPBUILDINGANDCOVERSION-U_PROCUREMENT_MasterJustificationBook_Navy_PB_2018.zzz_unzipped-U_PROCUREMENT_MasterJustificationBook_Navy_PB_2018.xml","43d529bbf3dbc61e508321b0e46f3aecbe37bc2d3a20714e98e0b2cdf7ff4c5d","19-9fdf2dbda99a4ecccb5adc493d122c7d2f5d89ac8471139819f50cabeef53c24","9468-2290f4fcede24c7af002772605c3c50d15c61cb6af8601e2896137868675e69e","root"
"CVN","CVN","78","145.818","","325.572","489.013","","17.623","68.303","2.341","26.213","33.9","230.051","360.808","2019-BASE_PROCUREMENT-2019-NAVY_SHIPBUILDINGANDCOVERSION-U_PROCUREMENT_JustificationBook_Navy_PB_2019.zzz_unzipped-U_PROCUREMENT_JustificationBook_Navy_PB_2019.xml","20f0cbeada285325b78e6d086f8b298d2cb7e1776780b0dad7597cf0dfc0d0ff","0-1b14fbfa24b645546bce457250527850749a280ce934a5110a184270ea77eb1c","11059-ec288b9180b0a39ec661b92e74c62223321f9aba52fac1dbf7773cf63fcf10f0","root"
"VIRGINIA","VIRGINIA","786","95.51","23.608","347.068","527.306","17.128","43.992","37.046","110.912","101.613","77.753","500.238","827.562","2019-BASE_PROCUREMENT-2019-NAVY_SHIPBUILDINGANDCOVERSION-U_PROCUREMENT_JustificationBook_Navy_PB_2019.zzz_unzipped-U_PROCUREMENT_JustificationBook_Navy_PB_2019.xml","20f0cbeada285325b78e6d086f8b298d2cb7e1776780b0dad7597cf0dfc0d0ff","1-630c40ecdb7352d6ff4402599d3ec73190d4ea05b35fdcc251a8ad7d0f25eae6","11059-ec288b9180b0a39ec661b92e74c62223321f9aba52fac1dbf7773cf63fcf10f0","root"
"CVN-RCOH","CVN-RCOH","72","63.818","4.504","110.137","204.993","6.486","20.048","2.845","29.912","","","83","115.757","2019-BASE_PROCUREMENT-2019-NAVY_SHIPBUILDINGANDCOVERSION-U_PROCUREMENT_JustificationBook_Navy_PB_2019.zzz_unzipped-U_PROCUREMENT_JustificationBook_Navy_PB_2019.xml","20f0cbeada285325b78e6d086f8b298d2cb7e1776780b0dad7597cf0dfc0d0ff","2-0a9a3b39a984c803009a7e9fd17cc60cac1c463e006dd704a31869caa36607b0","11059-ec288b9180b0a39ec661b92e74c62223321f9aba52fac1dbf7773cf63fcf10f0","root"
"DDG 1000","DDG 1000","1000","62.698","7.137","14.636","112.947","7.973","20.503","109.904","30.922","35.553","56.6","238.018","470.997","2019-BASE_PROCUREMENT-2019-NAVY_SHIPBUILDINGANDCOVERSION-U_PROCUREMENT_JustificationBook_Navy_PB_2019.zzz_unzipped-U_PROCUREMENT_JustificationBook_Navy_PB_2019.xml","20f0cbeada285325b78e6d086f8b298d2cb7e1776780b0dad7597cf0dfc0d0ff","3-0297ed95e03873082ff9011ade7243694e00dd8318079de2194343de2ec6bee2","11059-ec288b9180b0a39ec661b92e74c62223321f9aba52fac1dbf7773cf63fcf10f0","root"
"DDG","DDG","113","52.099","43.712","292.433","451.629","30.126","33.259","19.63","70.38","54.671","39.766","458.765","643.212","2019-BASE_PROCUREMENT-2019-NAVY_SHIPBUILDINGANDCOVERSION-U_PROCUREMENT_JustificationBook_Navy_PB_2019.zzz_unzipped-U_PROCUREMENT_JustificationBook_Navy_PB_2019.xml","20f0cbeada285325b78e6d086f8b298d2cb7e1776780b0dad7597cf0dfc0d0ff","4-4f871326a719e10bb772b5e2e381664653cbfaf2e8685628deb71ae7bc19213e","11059-ec288b9180b0a39ec661b92e74c62223321f9aba52fac1dbf7773cf63fcf10f0","root"
"FF","FF","1","","","29.268","29.268","","","","","","","","","2019-BASE_PROCUREMENT-2019-NAVY_SHIPBUILDINGANDCOVERSION-U_PROCUREMENT_JustificationBook_Navy_PB_2019.zzz_unzipped-U_PROCUREMENT_JustificationBook_Navy_PB_2019.xml","20f0cbeada285325b78e6d086f8b298d2cb7e1776780b0dad7597cf0dfc0d0ff","5-59faa3a2e7de94b279a9425f35e359349c8aa55399c912e63b0bdf8b30c0ba15","11059-ec288b9180b0a39ec661b92e74c62223321f9aba52fac1dbf7773cf63fcf10f0","root"
"LCS","LCS","6","75.528","18.065","58.2","189.483","16.007","21.683","226.598","139.438","153.724","147.582","625.196","1292.538","2019-BASE_PROCUREMENT-2019-NAVY_SHIPBUILDINGANDCOVERSION-U_PROCUREMENT_JustificationBook_Navy_PB_2019.zzz_unzipped-U_PROCUREMENT_JustificationBook_Navy_PB_2019.xml","20f0cbeada285325b78e6d086f8b298d2cb7e1776780b0dad7597cf0dfc0d0ff","6-bc12e4d77f9698dd871c40f7bdf0d916c2b55ce692b1aafb343d0b1ebf3793a6","11059-ec288b9180b0a39ec661b92e74c62223321f9aba52fac1dbf7773cf63fcf10f0","root"
"LPD","LPD","26","40.984","11.426","61.536","116.927","1.424","1.557","26.052","55.308","28.72","1.988","130","242.068","2019-BASE_PROCUREMENT-2019-NAVY_SHIPBUILDINGANDCOVERSION-U_PROCUREMENT_JustificationBook_Navy_PB_2019.zzz_unzipped-U_PROCUREMENT_JustificationBook_Navy_PB_2019.xml","20f0cbeada285325b78e6d086f8b298d2cb7e1776780b0dad7597cf0dfc0d0ff","7-96bb0e7d72b3e7cfba7c6efd79fc1bc40997a9d4b683960df85c9abd015615d9","11059-ec288b9180b0a39ec661b92e74c62223321f9aba52fac1dbf7773cf63fcf10f0","root"
"ESB","ESB","4","4","18.03","7.398","47.717","5.844","12.445","","","7.38","14.746","9.327","31.453","2019-BASE_PROCUREMENT-2019-NAVY_SHIPBUILDINGANDCOVERSION-U_PROCUREMENT_JustificationBook_Navy_PB_2019.zzz_unzipped-U_PROCUREMENT_JustificationBook_Navy_PB_2019.xml","20f0cbeada285325b78e6d086f8b298d2cb7e1776780b0dad7597cf0dfc0d0ff","8-f83e4afb66837ed8c4712322f0e89cb059a45eea7aa4bceb3985c21116c66781","11059-ec288b9180b0a39ec661b92e74c62223321f9aba52fac1dbf7773cf63fcf10f0","root"
"LHA","LHA","7","16.628","15.731","28.646","80.164","10.829","8.33","","","4.14","24.239","76.25","104.629","2019-BASE_PROCUREMENT-2019-NAVY_SHIPBUILDINGANDCOVERSION-U_PROCUREMENT_JustificationBook_Navy_PB_2019.zzz_unzipped-U_PROCUREMENT_JustificationBook_Navy_PB_2019.xml","20f0cbeada285325b78e6d086f8b298d2cb7e1776780b0dad7597cf0dfc0d0ff","9-552b59f0789f6ae2fe074b6eecbc45fa166a1db75cc7b02fdc1e3603e2e4cdd7","11059-ec288b9180b0a39ec661b92e74c62223321f9aba52fac1dbf7773cf63fcf10f0","root"
"EPF","EPF","8","4.58","2.395","","16.083","4.303","4.805","","10.724","5.684","4.213","2.407","23.028","2019-BASE_PROCUREMENT-2019-NAVY_SHIPBUILDINGANDCOVERSION-U_PROCUREMENT_JustificationBook_Navy_PB_2019.zzz_unzipped-U_PROCUREMENT_JustificationBook_Navy_PB_2019.xml","20f0cbeada285325b78e6d086f8b298d2cb7e1776780b0dad7597cf0dfc0d0ff","10-7842355aff8150cd6f35305127a1840573dce5d9dd0b074fc52ff373261d2ce9","11059-ec288b9180b0a39ec661b92e74c62223321f9aba52fac1dbf7773cf63fcf10f0","root"
"T-AO","T-AO","205","","","121.302","139.038","0.024","17.712","","","","","86.535","86.535","2019-BASE_PROCUREMENT-2019-NAVY_SHIPBUILDINGANDCOVERSION-U_PROCUREMENT_JustificationBook_Navy_PB_2019.zzz_unzipped-U_PROCUREMENT_JustificationBook_Navy_PB_2019.xml","20f0cbeada285325b78e6d086f8b298d2cb7e1776780b0dad7597cf0dfc0d0ff","11-3700fe5f675e2a100510eab40934a9837461cc04cbe64ba93532f619a9efb541","11059-ec288b9180b0a39ec661b92e74c62223321f9aba52fac1dbf7773cf63fcf10f0","root"
"T-ATS(X)","T-ATS(X)","1601","","","11.732","16.63","","4.898","","","","","8.953","8.953","2019-BASE_PROCUREMENT-2019-NAVY_SHIPBUILDINGANDCOVERSION-U_PROCUREMENT_JustificationBook_Navy_PB_2019.zzz_unzipped-U_PROCUREMENT_JustificationBook_Navy_PB_2019.xml","20f0cbeada285325b78e6d086f8b298d2cb7e1776780b0dad7597cf0dfc0d0ff","12-a3b6c2f2eeb3c0944d14d27fd34a50bc54e5b33ab2b3ccd9ae169011eade12f8","11059-ec288b9180b0a39ec661b92e74c62223321f9aba52fac1dbf7773cf63fcf10f0","root"
"MTS","MTS","701","","14.81","","29.55","9.803","4.937","","","","","","","2019-BASE_PROCUREMENT-2019-NAVY_SHIPBUILDINGANDCOVERSION-U_PROCUREMENT_JustificationBook_Navy_PB_2019.zzz_unzipped-U_PROCUREMENT_JustificationBook_Navy_PB_2019.xml","20f0cbeada285325b78e6d086f8b298d2cb7e1776780b0dad7597cf0dfc0d0ff","13-6ccbe9fd329ff7c4141caf73c07ccade92298c48ce3377bb0f39716969e7a0fb","11059-ec288b9180b0a39ec661b92e74c62223321f9aba52fac1dbf7773cf63fcf10f0","root"
"LCAC","LCAC","101","0.3","","20.605","25.566","1.374","3.287","","","3.738","3.09","35.15","41.978","2019-BASE_PROCUREMENT-2019-NAVY_SHIPBUILDINGANDCOVERSION-U_PROCUREMENT_JustificationBook_Navy_PB_2019.zzz_unzipped-U_PROCUREMENT_JustificationBook_Navy_PB_2019.xml","20f0cbeada285325b78e6d086f8b298d2cb7e1776780b0dad7597cf0dfc0d0ff","14-47a5fb924481d1524eecfff758be85e46e55f9bba0e7118aa81a40708d408b92","11059-ec288b9180b0a39ec661b92e74c62223321f9aba52fac1dbf7773cf63fcf10f0","root"
"LCAC SLEP","LCAC SLEP","78","0.792","0.86","0.98","2.738","0.106","","0.271","1.184","0.469","0.134","0.9","2.958","2019-BASE_PROCUREMENT-2019-NAVY_SHIPBUILDINGANDCOVERSION-U_PROCUREMENT_JustificationBook_Navy_PB_2019.zzz_unzipped-U_PROCUREMENT_JustificationBook_Navy_PB_2019.xml","20f0cbeada285325b78e6d086f8b298d2cb7e1776780b0dad7597cf0dfc0d0ff","15-2d58582780d8611d796df2c0c87e872dc3a908b0d2af90e421dce70e145c0f95","11059-ec288b9180b0a39ec661b92e74c62223321f9aba52fac1dbf7773cf63fcf10f0","root"
"YP SLEP","YP SLEP","694","0.049","0.28","0.145","0.474","","","","","","","","","2019-BASE_PROCUREMENT-2019-NAVY_SHIPBUILDINGANDCOVERSION-U_PROCUREMENT_JustificationBook_Navy_PB_2019.zzz_unzipped-U_PROCUREMENT_JustificationBook_Navy_PB_2019.xml","20f0cbeada285325b78e6d086f8b298d2cb7e1776780b0dad7597cf0dfc0d0ff","16-d7654fdea56e01b236f4da8aa6251d2541e6f7827d09e522afbe8ff5a653d762","11059-ec288b9180b0a39ec661b92e74c62223321f9aba52fac1dbf7773cf63fcf10f0","root"
"PUBS","PUBS","0","32.482","9.491","51.815","113.768","10.223","9.757","","","","","","","2019-BASE_PROCUREMENT-2019-NAVY_SHIPBUILDINGANDCOVERSION-U_PROCUREMENT_JustificationBook_Navy_PB_2019.zzz_unzipped-U_PROCUREMENT_JustificationBook_Navy_PB_2019.xml","20f0cbeada285325b78e6d086f8b298d2cb7e1776780b0dad7597cf0dfc0d0ff","17-2dd377caecf803d6a073969b6d41b9a3c4037f02c8ab0f05c1b7ae0fa363f6fd","11059-ec288b9180b0a39ec661b92e74c62223321f9aba52fac1dbf7773cf63fcf10f0","root"
"CVN","CVN","78","145.818","","325.572","489.013","","17.623","68.303","2.341","26.213","33.9","230.051","360.808","2019-BASE_PROCUREMENT-2019-NAVY_SHIPBUILDINGANDCOVERSION-U_PROCUREMENT_MasterJustificationBook_Navy_PB_2019.zzz_unzipped-U_PROCUREMENT_MasterJustificationBook_Navy_PB_2019.xml","bee2904d5dd307d291e5b97f5b0fd988b4382f20a6afa3a8acdc3f2702393b56","0-9ca925eba612d0a94af22dc806c01c5bc29248b0775a6b4f50aaf4e1ce407b52","11080-2693b46c7b6954f9b0ad55c4ed17ebafe417a118f62ca20c63ac1131ae930f41","root"
"VIRGINIA","VIRGINIA","786","95.51","23.608","347.068","527.306","17.128","43.992","37.046","110.912","101.613","77.753","500.238","827.562","2019-BASE_PROCUREMENT-2019-NAVY_SHIPBUILDINGANDCOVERSION-U_PROCUREMENT_MasterJustificationBook_Navy_PB_2019.zzz_unzipped-U_PROCUREMENT_MasterJustificationBook_Navy_PB_2019.xml","bee2904d5dd307d291e5b97f5b0fd988b4382f20a6afa3a8acdc3f2702393b56","1-6a3743324e8f503aed83e214384de183351da620dea4c24cb38fc3211ba9389a","11080-2693b46c7b6954f9b0ad55c4ed17ebafe417a118f62ca20c63ac1131ae930f41","root"
"CVN-RCOH","CVN-RCOH","72","63.818","4.504","110.137","204.993","6.486","20.048","2.845","29.912","","","83","115.757","2019-BASE_PROCUREMENT-2019-NAVY_SHIPBUILDINGANDCOVERSION-U_PROCUREMENT_MasterJustificationBook_Navy_PB_2019.zzz_unzipped-U_PROCUREMENT_MasterJustificationBook_Navy_PB_2019.xml","bee2904d5dd307d291e5b97f5b0fd988b4382f20a6afa3a8acdc3f2702393b56","2-4571eda42b52c949553af4bfc8246ee61b164cc1bdb9ce6b8beb4251b668a840","11080-2693b46c7b6954f9b0ad55c4ed17ebafe417a118f62ca20c63ac1131ae930f41","root"
"DDG 1000","DDG 1000","1000","62.698","7.137","14.636","112.947","7.973","20.503","109.904","30.922","35.553","56.6","238.018","470.997","2019-BASE_PROCUREMENT-2019-NAVY_SHIPBUILDINGANDCOVERSION-U_PROCUREMENT_MasterJustificationBook_Navy_PB_2019.zzz_unzipped-U_PROCUREMENT_MasterJustificationBook_Navy_PB_2019.xml","bee2904d5dd307d291e5b97f5b0fd988b4382f20a6afa3a8acdc3f2702393b56","3-14f3a8201a0dfb4ba43fc658aee2286e7d34481216952fbdb99d6ba5479b44dc","11080-2693b46c7b6954f9b0ad55c4ed17ebafe417a118f62ca20c63ac1131ae930f41","root"
"DDG","DDG","113","52.099","43.712","292.433","451.629","30.126","33.259","19.63","70.38","54.671","39.766","458.765","643.212","2019-BASE_PROCUREMENT-2019-NAVY_SHIPBUILDINGANDCOVERSION-U_PROCUREMENT_MasterJustificationBook_Navy_PB_2019.zzz_unzipped-U_PROCUREMENT_MasterJustificationBook_Navy_PB_2019.xml","bee2904d5dd307d291e5b97f5b0fd988b4382f20a6afa3a8acdc3f2702393b56","4-6677c154821f39de83fa40381c7122324e8b3d8eb503ee46a7a13b0573095be4","11080-2693b46c7b6954f9b0ad55c4ed17ebafe417a118f62ca20c63ac1131ae930f41","root"
"FF","FF","1","","","29.268","29.268","","","","","","","","","2019-BASE_PROCUREMENT-2019-NAVY_SHIPBUILDINGANDCOVERSION-U_PROCUREMENT_MasterJustificationBook_Navy_PB_2019.zzz_unzipped-U_PROCUREMENT_MasterJustificationBook_Navy_PB_2019.xml","bee2904d5dd307d291e5b97f5b0fd988b4382f20a6afa3a8acdc3f2702393b56","5-5949255c8db2c8780757ef64ad2f6163f72371e04971cd60f6850a8f7b70bff3","11080-2693b46c7b6954f9b0ad55c4ed17ebafe417a118f62ca20c63ac1131ae930f41","root"
"LCS","LCS","6","75.528","18.065","58.2","189.483","16.007","21.683","226.598","139.438","153.724","147.582","625.196","1292.538","2019-BASE_PROCUREMENT-2019-NAVY_SHIPBUILDINGANDCOVERSION-U_PROCUREMENT_MasterJustificationBook_Navy_PB_2019.zzz_unzipped-U_PROCUREMENT_MasterJustificationBook_Navy_PB_2019.xml","bee2904d5dd307d291e5b97f5b0fd988b4382f20a6afa3a8acdc3f2702393b56","6-cc94b44081cddcf12eceeeba29961696655a9f3614fb3ad9c70cc0bdd2d1e07f","11080-2693b46c7b6954f9b0ad55c4ed17ebafe417a118f62ca20c63ac1131ae930f41","root"
"LPD","LPD","26","40.984","11.426","61.536","116.927","1.424","1.557","26.052","55.308","28.72","1.988","130","242.068","2019-BASE_PROCUREMENT-2019-NAVY_SHIPBUILDINGANDCOVERSION-U_PROCUREMENT_MasterJustificationBook_Navy_PB_2019.zzz_unzipped-U_PROCUREMENT_MasterJustificationBook_Navy_PB_2019.xml","bee2904d5dd307d291e5b97f5b0fd988b4382f20a6afa3a8acdc3f2702393b56","7-218c6308a55a197ca0af5f5af3cf2a21d20410596c7e49a400552f01ce5ec0ee","11080-2693b46c7b6954f9b0ad55c4ed17ebafe417a118f62ca20c63ac1131ae930f41","root"
"ESB","ESB","4","4","18.03","7.398","47.717","5.844","12.445","","","7.38","14.746","9.327","31.453","2019-BASE_PROCUREMENT-2019-NAVY_SHIPBUILDINGANDCOVERSION-U_PROCUREMENT_MasterJustificationBook_Navy_PB_2019.zzz_unzipped-U_PROCUREMENT_MasterJustificationBook_Navy_PB_2019.xml","bee2904d5dd307d291e5b97f5b0fd988b4382f20a6afa3a8acdc3f2702393b56","8-603f6df7bfd8ab28d54cbbb14e942793d998a680da27bb8aba4686399e96e6b8","11080-2693b46c7b6954f9b0ad55c4ed17ebafe417a118f62ca20c63ac1131ae930f41","root"
"LHA","LHA","7","16.628","15.731","28.646","80.164","10.829","8.33","","","4.14","24.239","76.25","104.629","2019-BASE_PROCUREMENT-2019-NAVY_SHIPBUILDINGANDCOVERSION-U_PROCUREMENT_MasterJustificationBook_Navy_PB_2019.zzz_unzipped-U_PROCUREMENT_MasterJustificationBook_Navy_PB_2019.xml","bee2904d5dd307d291e5b97f5b0fd988b4382f20a6afa3a8acdc3f2702393b56","9-660568e7c9e404b944d824aa2fc66922cd21271bd22ce4020737a1210aed46fe","11080-2693b46c7b6954f9b0ad55c4ed17ebafe417a118f62ca20c63ac1131ae930f41","root"
"EPF","EPF","8","4.58","2.395","","16.083","4.303","4.805","","10.724","5.684","4.213","2.407","23.028","2019-BASE_PROCUREMENT-2019-NAVY_SHIPBUILDINGANDCOVERSION-U_PROCUREMENT_MasterJustificationBook_Navy_PB_2019.zzz_unzipped-U_PROCUREMENT_MasterJustificationBook_Navy_PB_2019.xml","bee2904d5dd307d291e5b97f5b0fd988b4382f20a6afa3a8acdc3f2702393b56","10-1501ac046d585b3371241d2f99e5faaa5fda775f4af2d1903413e8c17b9156cc","11080-2693b46c7b6954f9b0ad55c4ed17ebafe417a118f62ca20c63ac1131ae930f41","root"
"T-AO","T-AO","205","","","121.302","139.038","0.024","17.712","","","","","86.535","86.535","2019-BASE_PROCUREMENT-2019-NAVY_SHIPBUILDINGANDCOVERSION-U_PROCUREMENT_MasterJustificationBook_Navy_PB_2019.zzz_unzipped-U_PROCUREMENT_MasterJustificationBook_Navy_PB_2019.xml","bee2904d5dd307d291e5b97f5b0fd988b4382f20a6afa3a8acdc3f2702393b56","11-f14fa92c45d240c1ac9e4937f9ec9708eb6e51c2ceecfe771facb72bfbf8dc8b","11080-2693b46c7b6954f9b0ad55c4ed17ebafe417a118f62ca20c63ac1131ae930f41","root"
"T-ATS(X)","T-ATS(X)","1601","","","11.732","16.63","","4.898","","","","","8.953","8.953","2019-BASE_PROCUREMENT-2019-NAVY_SHIPBUILDINGANDCOVERSION-U_PROCUREMENT_MasterJustificationBook_Navy_PB_2019.zzz_unzipped-U_PROCUREMENT_MasterJustificationBook_Navy_PB_2019.xml","bee2904d5dd307d291e5b97f5b0fd988b4382f20a6afa3a8acdc3f2702393b56","12-8bf2cbe6ccd7b4033dde86aa9cbc78f9f57c1390b3b29beca7bec63f36d17cb2","11080-2693b46c7b6954f9b0ad55c4ed17ebafe417a118f62ca20c63ac1131ae930f41","root"
"MTS","MTS","701","","14.81","","29.55","9.803","4.937","","","","","","","2019-BASE_PROCUREMENT-2019-NAVY_SHIPBUILDINGANDCOVERSION-U_PROCUREMENT_MasterJustificationBook_Navy_PB_2019.zzz_unzipped-U_PROCUREMENT_MasterJustificationBook_Navy_PB_2019.xml","bee2904d5dd307d291e5b97f5b0fd988b4382f20a6afa3a8acdc3f2702393b56","13-8eadf7e662594ab1f29b85a234732bbfad009919395f99879a1970a40d73bd41","11080-2693b46c7b6954f9b0ad55c4ed17ebafe417a118f62ca20c63ac1131ae930f41","root"
"LCAC","LCAC","101","0.3","","20.605","25.566","1.374","3.287","","","3.738","3.09","35.15","41.978","2019-BASE_PROCUREMENT-2019-NAVY_SHIPBUILDINGANDCOVERSION-U_PROCUREMENT_MasterJustificationBook_Navy_PB_2019.zzz_unzipped-U_PROCUREMENT_MasterJustificationBook_Navy_PB_2019.xml","bee2904d5dd307d291e5b97f5b0fd988b4382f20a6afa3a8acdc3f2702393b56","14-f8f8a07d2cc9a3a2774da9dfeaaf29d94139a7deb9057fd99b80264346710f3a","11080-2693b46c7b6954f9b0ad55c4ed17ebafe417a118f62ca20c63ac1131ae930f41","root"
"LCAC SLEP","LCAC SLEP","78","0.792","0.86","0.98","2.738","0.106","","0.271","1.184","0.469","0.134","0.9","2.958","2019-BASE_PROCUREMENT-2019-NAVY_SHIPBUILDINGANDCOVERSION-U_PROCUREMENT_MasterJustificationBook_Navy_PB_2019.zzz_unzipped-U_PROCUREMENT_MasterJustificationBook_Navy_PB_2019.xml","bee2904d5dd307d291e5b97f5b0fd988b4382f20a6afa3a8acdc3f2702393b56","15-8b9ca1e17135ecac6eaa2f00a5e00451f94bc82a12b179099d1b9367d609540c","11080-2693b46c7b6954f9b0ad55c4ed17ebafe417a118f62ca20c63ac1131ae930f41","root"
"YP SLEP","YP SLEP","694","0.049","0.28","0.145","0.474","","","","","","","","","2019-BASE_PROCUREMENT-2019-NAVY_SHIPBUILDINGANDCOVERSION-U_PROCUREMENT_MasterJustificationBook_Navy_PB_2019.zzz_unzipped-U_PROCUREMENT_MasterJustificationBook_Navy_PB_2019.xml","bee2904d5dd307d291e5b97f5b0fd988b4382f20a6afa3a8acdc3f2702393b56","16-84b5e5ff27b85b4ab7e3d8321554326e313f0db923509404b7cc76368de78a7a","11080-2693b46c7b6954f9b0ad55c4ed17ebafe417a118f62ca20c63ac1131ae930f41","root"
"PUBS","PUBS","0","32.482","9.491","51.815","113.768","10.223","9.757","","","","","","","2019-BASE_PROCUREMENT-2019-NAVY_SHIPBUILDINGANDCOVERSION-U_PROCUREMENT_MasterJustificationBook_Navy_PB_2019.zzz_unzipped-U_PROCUREMENT_MasterJustificationBook_Navy_PB_2019.xml","bee2904d5dd307d291e5b97f5b0fd988b4382f20a6afa3a8acdc3f2702393b56","17-3b9af7b4737e27e5437a2c5aa6c44be35dfbd0f9d4b39881731ee0124e89104b","11080-2693b46c7b6954f9b0ad55c4ed17ebafe417a118f62ca20c63ac1131ae930f41","root"
"CVN","CVN","78","151.6","0.231","489.59","679.96","","38.539","78.562","92.116","27.097","56.3","467.784","721.859","2020-BASE_PROCUREMENT-2020-NAVY_SHIPBUILDINGANDCOVERSION-U_PROCUREMENT_JustificationBook_Navy_PB_2020.zzz_unzipped-U_PROCUREMENT_JustificationBook_Navy_PB_2020.xml","6a6f7f045f2fff3696da11d165105c21c54858498f228591196758572a217bbd","0-0c24f8260a7fc5f6d39237214cc83637f8d89d56fcb0370222b142b0e4494c24","12621-a882c3e5b56e161d7837b01996190ac15c1f69fc0bc196d0f94de81c182e0061","root"
"VIRGINIA","VIRGINIA","787","119.334","22.577","341.729","568.31","26.393","58.277","82.822","46.703","77.753","107.29","484.07","798.638","2020-BASE_PROCUREMENT-2020-NAVY_SHIPBUILDINGANDCOVERSION-U_PROCUREMENT_JustificationBook_Navy_PB_2020.zzz_unzipped-U_PROCUREMENT_JustificationBook_Navy_PB_2020.xml","6a6f7f045f2fff3696da11d165105c21c54858498f228591196758572a217bbd","1-ccac740a4885e0ee94c75c979272769675c1f69adab4c81e1eeefe52b70e5a85","12621-a882c3e5b56e161d7837b01996190ac15c1f69fc0bc196d0f94de81c182e0061","root"
"CVN-RCOH","CVN-RCOH","73","","7.701","78.53","137.876","20.048","31.597","","","","","83","83","2020-BASE_PROCUREMENT-2020-NAVY_SHIPBUILDINGANDCOVERSION-U_PROCUREMENT_JustificationBook_Navy_PB_2020.zzz_unzipped-U_PROCUREMENT_JustificationBook_Navy_PB_2020.xml","6a6f7f045f2fff3696da11d165105c21c54858498f228591196758572a217bbd","2-052907683c98e6cd5d70fb3b00f458716fcab7260b35b16f75b79c0078a8bc9b","12621-a882c3e5b56e161d7837b01996190ac15c1f69fc0bc196d0f94de81c182e0061","root"
"DDG 1000","DDG 1000","1000","77.825","6.679","10.598","114.745","14.089","5.554","149.437","34.053","30.519","57.438","177.244","448.691","2020-BASE_PROCUREMENT-2020-NAVY_SHIPBUILDINGANDCOVERSION-U_PROCUREMENT_JustificationBook_Navy_PB_2020.zzz_unzipped-U_PROCUREMENT_JustificationBook_Navy_PB_2020.xml","6a6f7f045f2fff3696da11d165105c21c54858498f228591196758572a217bbd","3-cb2a5d22ebafe03cdd4784302a643b1d22075e614db715754af1bf6d59c4129e","12621-a882c3e5b56e161d7837b01996190ac15c1f69fc0bc196d0f94de81c182e0061","root"
"DDG","DDG","114","55.043","22.584","334.113","488.383","33.259","43.384","23.198","44.954","39.766","87.54","554.912","750.37","2020-BASE_PROCUREMENT-2020-NAVY_SHIPBUILDINGANDCOVERSION-U_PROCUREMENT_JustificationBook_Navy_PB_2020.zzz_unzipped-U_PROCUREMENT_JustificationBook_Navy_PB_2020.xml","6a6f7f045f2fff3696da11d165105c21c54858498f228591196758572a217bbd","4-9cce6b512d1db7b07e2879741b4de4cbbd676a502cb14dc0d90b2d5f060207cb","12621-a882c3e5b56e161d7837b01996190ac15c1f69fc0bc196d0f94de81c182e0061","root"
"LCS","LCS","6","83.108","16.007","102.283","238.66","14.376","22.886","376.679","121.033","140.163","136.361","606.056","1380.292","2020-BASE_PROCUREMENT-2020-NAVY_SHIPBUILDINGANDCOVERSION-U_PROCUREMENT_JustificationBook_Navy_PB_2020.zzz_unzipped-U_PROCUREMENT_JustificationBook_Navy_PB_2020.xml","6a6f7f045f2fff3696da11d165105c21c54858498f228591196758572a217bbd","5-3f5028fc141bedccc2215799c2d88cf911c82d862d523f74d3bc80d8af4ff32c","12621-a882c3e5b56e161d7837b01996190ac15c1f69fc0bc196d0f94de81c182e0061","root"
"LPD","LPD","27","24.43","1.424","36.701","81.013","","18.458","28.171","21.72","1.988","0.207","129.893","181.979","2020-BASE_PROCUREMENT-2020-NAVY_SHIPBUILDINGANDCOVERSION-U_PROCUREMENT_JustificationBook_Navy_PB_2020.zzz_unzipped-U_PROCUREMENT_JustificationBook_Navy_PB_2020.xml","6a6f7f045f2fff3696da11d165105c21c54858498f228591196758572a217bbd","6-66e66e3a2e35566ce35ce9fe7aef2939d29a20a6474aba61c33b3623afc6b3b3","12621-a882c3e5b56e161d7837b01996190ac15c1f69fc0bc196d0f94de81c182e0061","root"
"ESB","ESB","4","17.916","4.895","68.585","110.517","12.207","6.914","","7.38","14.88","9.177","37.662","69.099","2020-BASE_PROCUREMENT-2020-NAVY_SHIPBUILDINGANDCOVERSION-U_PROCUREMENT_JustificationBook_Navy_PB_2020.zzz_unzipped-U_PROCUREMENT_JustificationBook_Navy_PB_2020.xml","6a6f7f045f2fff3696da11d165105c21c54858498f228591196758572a217bbd","7-2dfd6defb07799eef1ad18839afbab1563647ee3478880d06f43cd34c41ea00f","12621-a882c3e5b56e161d7837b01996190ac15c1f69fc0bc196d0f94de81c182e0061","root"
"LHA","LHA","7","28.358","9.071","29.823","75.582","8.33","","","7.14","24.239","11.361","69.059","111.799","2020-BASE_PROCUREMENT-2020-NAVY_SHIPBUILDINGANDCOVERSION-U_PROCUREMENT_JustificationBook_Navy_PB_2020.zzz_unzipped-U_PROCUREMENT_JustificationBook_Navy_PB_2020.xml","6a6f7f045f2fff3696da11d165105c21c54858498f228591196758572a217bbd","8-8c48a445c1d2af80262f998f785d7e3e5dd0f1b7f1f8151bb57a09f7b93f028e","12621-a882c3e5b56e161d7837b01996190ac15c1f69fc0bc196d0f94de81c182e0061","root"
"EPF","EPF","9","7.815","3.604","4.5","20.724","4.805","","4.244","3.02","4.213","2.403","3.588","17.468","2020-BASE_PROCUREMENT-2020-NAVY_SHIPBUILDINGANDCOVERSION-U_PROCUREMENT_JustificationBook_Navy_PB_2020.zzz_unzipped-U_PROCUREMENT_JustificationBook_Navy_PB_2020.xml","6a6f7f045f2fff3696da11d165105c21c54858498f228591196758572a217bbd","9-3e42afb680e9ebe3fe421b421f7afc78376342bd809d23c93669635989c7fce5","12621-a882c3e5b56e161d7837b01996190ac15c1f69fc0bc196d0f94de81c182e0061","root"
"T-AO","T-AO","205","","","119.883","155.13","17.712","17.535","","","","4.197","95.105","99.302","2020-BASE_PROCUREMENT-2020-NAVY_SHIPBUILDINGANDCOVERSION-U_PROCUREMENT_JustificationBook_Navy_PB_2020.zzz_unzipped-U_PROCUREMENT_JustificationBook_Navy_PB_2020.xml","6a6f7f045f2fff3696da11d165105c21c54858498f228591196758572a217bbd","10-bfcb328230f0fc9317f5a1913d59440bc1000d110e5bcfb1687759131fdcab1d","12621-a882c3e5b56e161d7837b01996190ac15c1f69fc0bc196d0f94de81c182e0061","root"
"T-ATS(X)","T-ATS(X)","1601","","","11.168","20.95","4.898","4.884","","","","2.486","6.467","8.953","2020-BASE_PROCUREMENT-2020-NAVY_SHIPBUILDINGANDCOVERSION-U_PROCUREMENT_JustificationBook_Navy_PB_2020.zzz_unzipped-U_PROCUREMENT_JustificationBook_Navy_PB_2020.xml","6a6f7f045f2fff3696da11d165105c21c54858498f228591196758572a217bbd","11-9e814d18c8c00ebdb0da203956f1f9545e973e862aa57aaf257f6a7ac1ed8518","12621-a882c3e5b56e161d7837b01996190ac15c1f69fc0bc196d0f94de81c182e0061","root"
"MTS","MTS","701","15.683","3","","35.223","11.74","4.8","","","","","","","2020-BASE_PROCUREMENT-2020-NAVY_SHIPBUILDINGANDCOVERSION-U_PROCUREMENT_JustificationBook_Navy_PB_2020.zzz_unzipped-U_PROCUREMENT_JustificationBook_Navy_PB_2020.xml","6a6f7f045f2fff3696da11d165105c21c54858498f228591196758572a217bbd","12-6179aa9e8bf6a7b99ce110762803c97caefde9b688652ceff82c526ff56bda3d","12621-a882c3e5b56e161d7837b01996190ac15c1f69fc0bc196d0f94de81c182e0061","root"
"LCAC","LCAC","102","0.3","1.151","24.44","33.007","3.287","3.829","","1.738","3.09","7.264","34.995","47.087","2020-BASE_PROCUREMENT-2020-NAVY_SHIPBUILDINGANDCOVERSION-U_PROCUREMENT_JustificationBook_Navy_PB_2020.zzz_unzipped-U_PROCUREMENT_JustificationBook_Navy_PB_2020.xml","6a6f7f045f2fff3696da11d165105c21c54858498f228591196758572a217bbd","13-2ee1f94cf5107ed216dfc7326d32cb2231ddb72c255d7a94e6aab7d3e3df7d37","12621-a882c3e5b56e161d7837b01996190ac15c1f69fc0bc196d0f94de81c182e0061","root"
"LCAC SLEP","LCAC SLEP","65","0.552","","0.257","1.531","0.238","0.484","","0.163","","0.15","0.45","0.763","2020-BASE_PROCUREMENT-2020-NAVY_SHIPBUILDINGANDCOVERSION-U_PROCUREMENT_JustificationBook_Navy_PB_2020.zzz_unzipped-U_PROCUREMENT_JustificationBook_Navy_PB_2020.xml","6a6f7f045f2fff3696da11d165105c21c54858498f228591196758572a217bbd","14-54ce7a85d198541645ef268f33e692fdec98dc49094e5263d5ca844c4794a7c3","12621-a882c3e5b56e161d7837b01996190ac15c1f69fc0bc196d0f94de81c182e0061","root"
"YP SLEP","YP SLEP","694","0.28","","","0.425","","0.145","","","","","","","2020-BASE_PROCUREMENT-2020-NAVY_SHIPBUILDINGANDCOVERSION-U_PROCUREMENT_JustificationBook_Navy_PB_2020.zzz_unzipped-U_PROCUREMENT_JustificationBook_Navy_PB_2020.xml","6a6f7f045f2fff3696da11d165105c21c54858498f228591196758572a217bbd","15-6669d40d7d3e18fba143dddb41df87a3b96fc6cd876b6f2e872370b9a9f41084","12621-a882c3e5b56e161d7837b01996190ac15c1f69fc0bc196d0f94de81c182e0061","root"
"PUBS","PUBS","0","41.973","5.54","52.863","120.051","9.757","9.918","","","","","","","2020-BASE_PROCUREMENT-2020-NAVY_SHIPBUILDINGANDCOVERSION-U_PROCUREMENT_JustificationBook_Navy_PB_2020.zzz_unzipped-U_PROCUREMENT_JustificationBook_Navy_PB_2020.xml","6a6f7f045f2fff3696da11d165105c21c54858498f228591196758572a217bbd","16-223ea251540b913515d17f497c5a8b6d559c529b71ebaf8e8fc2095ca599a435","12621-a882c3e5b56e161d7837b01996190ac15c1f69fc0bc196d0f94de81c182e0061","root"
"CVN","CVN","78","151.6","0.231","489.59","679.96","","38.539","78.562","92.116","27.097","56.3","467.784","721.859","2020-BASE_PROCUREMENT-2020-NAVY_SHIPBUILDINGANDCOVERSION-U_PROCUREMENT_MasterJustificationBook_Navy_PB_2020.zzz_unzipped-U_PROCUREMENT_MasterJustificationBook_Navy_PB_2020.xml","0155258b6bb9aee5a5d937007ec17fee605953e6085a014d21adf1e56637359d","0-b9af4f54b26cf05aa5567aa40290a2e35708a82c3d11c47eb06c905499de2edc","12645-66aca3a7c6bc06bdd3f7ded7b01d05feb9d3d562d524c093cf07139b6edbbf21","root"
"VIRGINIA","VIRGINIA","787","119.334","22.577","341.729","568.31","26.393","58.277","82.822","46.703","77.753","107.29","484.07","798.638","2020-BASE_PROCUREMENT-2020-NAVY_SHIPBUILDINGANDCOVERSION-U_PROCUREMENT_MasterJustificationBook_Navy_PB_2020.zzz_unzipped-U_PROCUREMENT_MasterJustificationBook_Navy_PB_2020.xml","0155258b6bb9aee5a5d937007ec17fee605953e6085a014d21adf1e56637359d","1-45404be2a2bebd0f84e54f13e61dc9bac16c97d219c2fa1be1f6ff676e3b9baa","12645-66aca3a7c6bc06bdd3f7ded7b01d05feb9d3d562d524c093cf07139b6edbbf21","root"
"CVN-RCOH","CVN-RCOH","73","","7.701","78.53","137.876","20.048","31.597","","","","","83","83","2020-BASE_PROCUREMENT-2020-NAVY_SHIPBUILDINGANDCOVERSION-U_PROCUREMENT_MasterJustificationBook_Navy_PB_2020.zzz_unzipped-U_PROCUREMENT_MasterJustificationBook_Navy_PB_2020.xml","0155258b6bb9aee5a5d937007ec17fee605953e6085a014d21adf1e56637359d","2-91292a1805a6f5c13311a8fc203fe5b006eaf5261156d53ee443388f0c0f1b2f","12645-66aca3a7c6bc06bdd3f7ded7b01d05feb9d3d562d524c093cf07139b6edbbf21","root"
"DDG 1000","DDG 1000","1000","77.825","6.679","10.598","114.745","14.089","5.554","149.437","34.053","30.519","57.438","177.244","448.691","2020-BASE_PROCUREMENT-2020-NAVY_SHIPBUILDINGANDCOVERSION-U_PROCUREMENT_MasterJustificationBook_Navy_PB_2020.zzz_unzipped-U_PROCUREMENT_MasterJustificationBook_Navy_PB_2020.xml","0155258b6bb9aee5a5d937007ec17fee605953e6085a014d21adf1e56637359d","3-016ac0070f9accd605aa0814356b1c14a9dff47f7bf9c997b1dddafab173c3c3","12645-66aca3a7c6bc06bdd3f7ded7b01d05feb9d3d562d524c093cf07139b6edbbf21","root"
"DDG","DDG","114","55.043","22.584","334.113","488.383","33.259","43.384","23.198","44.954","39.766","87.54","554.912","750.37","2020-BASE_PROCUREMENT-2020-NAVY_SHIPBUILDINGANDCOVERSION-U_PROCUREMENT_MasterJustificationBook_Navy_PB_2020.zzz_unzipped-U_PROCUREMENT_MasterJustificationBook_Navy_PB_2020.xml","0155258b6bb9aee5a5d937007ec17fee605953e6085a014d21adf1e56637359d","4-cc89accd30ba2f1f386b4b8f9e5ce75e42a3c1bc1eb1465c7a6188ebcb86da68","12645-66aca3a7c6bc06bdd3f7ded7b01d05feb9d3d562d524c093cf07139b6edbbf21","root"
"LCS","LCS","6","83.108","16.007","102.283","238.66","14.376","22.886","376.679","121.033","140.163","136.361","606.056","1380.292","2020-BASE_PROCUREMENT-2020-NAVY_SHIPBUILDINGANDCOVERSION-U_PROCUREMENT_MasterJustificationBook_Navy_PB_2020.zzz_unzipped-U_PROCUREMENT_MasterJustificationBook_Navy_PB_2020.xml","0155258b6bb9aee5a5d937007ec17fee605953e6085a014d21adf1e56637359d","5-6de3cb9aead6c16f46b3fca243e3b3c248994b8a97232cb10f0d1bfc9e6f5912","12645-66aca3a7c6bc06bdd3f7ded7b01d05feb9d3d562d524c093cf07139b6edbbf21","root"
"LPD","LPD","27","24.43","1.424","36.701","81.013","","18.458","28.171","21.72","1.988","0.207","129.893","181.979","2020-BASE_PROCUREMENT-2020-NAVY_SHIPBUILDINGANDCOVERSION-U_PROCUREMENT_MasterJustificationBook_Navy_PB_2020.zzz_unzipped-U_PROCUREMENT_MasterJustificationBook_Navy_PB_2020.xml","0155258b6bb9aee5a5d937007ec17fee605953e6085a014d21adf1e56637359d","6-e54a44aacc9e0ef6a59a4df2c757f345dc6f0af5845e27ace46a68a28d31cc54","12645-66aca3a7c6bc06bdd3f7ded7b01d05feb9d3d562d524c093cf07139b6edbbf21","root"
"ESB","ESB","4","17.916","4.895","68.585","110.517","12.207","6.914","","7.38","14.88","9.177","37.662","69.099","2020-BASE_PROCUREMENT-2020-NAVY_SHIPBUILDINGANDCOVERSION-U_PROCUREMENT_MasterJustificationBook_Navy_PB_2020.zzz_unzipped-U_PROCUREMENT_MasterJustificationBook_Navy_PB_2020.xml","0155258b6bb9aee5a5d937007ec17fee605953e6085a014d21adf1e56637359d","7-5d46ce2b513b28f0363068d041e034659e134bdf1474f8862535ad58700069ed","12645-66aca3a7c6bc06bdd3f7ded7b01d05feb9d3d562d524c093cf07139b6edbbf21","root"
"LHA","LHA","7","28.358","9.071","29.823","75.582","8.33","","","7.14","24.239","11.361","69.059","111.799","2020-BASE_PROCUREMENT-2020-NAVY_SHIPBUILDINGANDCOVERSION-U_PROCUREMENT_MasterJustificationBook_Navy_PB_2020.zzz_unzipped-U_PROCUREMENT_MasterJustificationBook_Navy_PB_2020.xml","0155258b6bb9aee5a5d937007ec17fee605953e6085a014d21adf1e56637359d","8-e4cee84621fe03e5308a7bc7a31dcb514015caf75b2ac5a20148174a2df72473","12645-66aca3a7c6bc06bdd3f7ded7b01d05feb9d3d562d524c093cf07139b6edbbf21","root"
"EPF","EPF","9","7.815","3.604","4.5","20.724","4.805","","4.244","3.02","4.213","2.403","3.588","17.468","2020-BASE_PROCUREMENT-2020-NAVY_SHIPBUILDINGANDCOVERSION-U_PROCUREMENT_MasterJustificationBook_Navy_PB_2020.zzz_unzipped-U_PROCUREMENT_MasterJustificationBook_Navy_PB_2020.xml","0155258b6bb9aee5a5d937007ec17fee605953e6085a014d21adf1e56637359d","9-3938a5cddfb1963b17b16bcce3b63bbb5da6efafb555996f958757e60a63b420","12645-66aca3a7c6bc06bdd3f7ded7b01d05feb9d3d562d524c093cf07139b6edbbf21","root"
"T-AO","T-AO","205","","","119.883","155.13","17.712","17.535","","","","4.197","95.105","99.302","2020-BASE_PROCUREMENT-2020-NAVY_SHIPBUILDINGANDCOVERSION-U_PROCUREMENT_MasterJustificationBook_Navy_PB_2020.zzz_unzipped-U_PROCUREMENT_MasterJustificationBook_Navy_PB_2020.xml","0155258b6bb9aee5a5d937007ec17fee605953e6085a014d21adf1e56637359d","10-8b4daec48fe23d078544f08c1b5d95edc38967f8cf189a3bb9b2d2149834ff36","12645-66aca3a7c6bc06bdd3f7ded7b01d05feb9d3d562d524c093cf07139b6edbbf21","root"
"T-ATS(X)","T-ATS(X)","1601","","","11.168","20.95","4.898","4.884","","","","2.486","6.467","8.953","2020-BASE_PROCUREMENT-2020-NAVY_SHIPBUILDINGANDCOVERSION-U_PROCUREMENT_MasterJustificationBook_Navy_PB_2020.zzz_unzipped-U_PROCUREMENT_MasterJustificationBook_Navy_PB_2020.xml","0155258b6bb9aee5a5d937007ec17fee605953e6085a014d21adf1e56637359d","11-61a6745dc4fc83a50e3525efc5b5aaff68935c63cf138f5f888265935ae54515","12645-66aca3a7c6bc06bdd3f7ded7b01d05feb9d3d562d524c093cf07139b6edbbf21","root"
"MTS","MTS","701","15.683","3","","35.223","11.74","4.8","","","","","","","2020-BASE_PROCUREMENT-2020-NAVY_SHIPBUILDINGANDCOVERSION-U_PROCUREMENT_MasterJustificationBook_Navy_PB_2020.zzz_unzipped-U_PROCUREMENT_MasterJustificationBook_Navy_PB_2020.xml","0155258b6bb9aee5a5d937007ec17fee605953e6085a014d21adf1e56637359d","12-b31b4c6482dd6ee59091be2017d54d8e0351a87254e472fa12dfc5f6a932ce69","12645-66aca3a7c6bc06bdd3f7ded7b01d05feb9d3d562d524c093cf07139b6edbbf21","root"
"LCAC","LCAC","102","0.3","1.151","24.44","33.007","3.287","3.829","","1.738","3.09","7.264","34.995","47.087","2020-BASE_PROCUREMENT-2020-NAVY_SHIPBUILDINGANDCOVERSION-U_PROCUREMENT_MasterJustificationBook_Navy_PB_2020.zzz_unzipped-U_PROCUREMENT_MasterJustificationBook_Navy_PB_2020.xml","0155258b6bb9aee5a5d937007ec17fee605953e6085a014d21adf1e56637359d","13-81a6f69f735ddf39e62f0f072f483236c936c4382e0aa0f3b74c93a84345be6e","12645-66aca3a7c6bc06bdd3f7ded7b01d05feb9d3d562d524c093cf07139b6edbbf21","root"
"LCAC SLEP","LCAC SLEP","65","0.552","","0.257","1.531","0.238","0.484","","0.163","","0.15","0.45","0.763","2020-BASE_PROCUREMENT-2020-NAVY_SHIPBUILDINGANDCOVERSION-U_PROCUREMENT_MasterJustificationBook_Navy_PB_2020.zzz_unzipped-U_PROCUREMENT_MasterJustificationBook_Navy_PB_2020.xml","0155258b6bb9aee5a5d937007ec17fee605953e6085a014d21adf1e56637359d","14-53659597bcca0c1749b253c255a84698b8774a20452a2ae62b1c79819de5f949","12645-66aca3a7c6bc06bdd3f7ded7b01d05feb9d3d562d524c093cf07139b6edbbf21","root"
"YP SLEP","YP SLEP","694","0.28","","","0.425","","0.145","","","","","","","2020-BASE_PROCUREMENT-2020-NAVY_SHIPBUILDINGANDCOVERSION-U_PROCUREMENT_MasterJustificationBook_Navy_PB_2020.zzz_unzipped-U_PROCUREMENT_MasterJustificationBook_Navy_PB_2020.xml","0155258b6bb9aee5a5d937007ec17fee605953e6085a014d21adf1e56637359d","15-686ee8aa4e7228973008f4f82d1883534591abe042e9de423e2edf5f1d95d460","12645-66aca3a7c6bc06bdd3f7ded7b01d05feb9d3d562d524c093cf07139b6edbbf21","root"
"PUBS","PUBS","0","41.973","5.54","52.863","120.051","9.757","9.918","","","","","","","2020-BASE_PROCUREMENT-2020-NAVY_SHIPBUILDINGANDCOVERSION-U_PROCUREMENT_MasterJustificationBook_Navy_PB_2020.zzz_unzipped-U_PROCUREMENT_MasterJustificationBook_Navy_PB_2020.xml","0155258b6bb9aee5a5d937007ec17fee605953e6085a014d21adf1e56637359d","16-31c7fb3be92422659be4bcb1478d4f9b29d356e1f677479ef65dd99235d56fd7","12645-66aca3a7c6bc06bdd3f7ded7b01d05feb9d3d562d524c093cf07139b6edbbf21","root"
