ShipNomenclature_ShipType_val,ShipNomenclature_ShipClassification_val,ShipNomenclature_FirstHullNumber_val,ShipClassOutfittingTotal_AllPriorYears_val,ShipClassOutfittingTotal_PriorYear_val,ShipClassOutfittingTotal_ToComplete_val,ShipClassOutfittingTotal_Total_val,ShipClassOutfittingTotal_CurrentYear_val,ShipClassOutfittingTotal_BudgetYearOne_val,ShipClassDeliveryTotal_AllPriorYears_val,ShipClassDeliveryTotal_PriorYear_val,ShipClassDeliveryTotal_CurrentYear_val,ShipClassDeliveryTotal_BudgetYearOne_val,ShipClassDeliveryTotal_ToComplete_val,ShipClassDeliveryTotal_Total_val,@SOURCE_FILENAME,@RECORDID,@ROWID,@PARENTROWID,@PARENT
"CVN","CVN","78","112.131","33.687","343.195","489.013","","","2.5","65.803","2.341","26.213","229.989","326.846","2018-BASE_PROCUREMENT-2018-NAVY_SHIPBUILDINGANDCOVERSION-U_PROCUREMENT_JustificationBook_Navy_PB_2018.zzz_unzipped-U_PROCUREMENT_JustificationBook_Navy_PB_2018.xml","446572dfec4731662095f6b1f4dcc0c4a786ebc016a71e705c18853376a92c9e","0-ea5772eb4107f3cb3f6f1a8888a20d32d4efb4533a2c7e29665c777c8013ad09","9447-a236ee0848e2a8b8041bf2d0b0a5829ed0f1725981cb48af45567e101117c494","root"
"VIRGINIA","VIRGINIA","783","106.866","36.437","229.677","421.863","31.755","17.128","144.482","68.176","110.912","101.613","469.844","895.027","2018-BASE_PROCUREMENT-2018-NAVY_SHIPBUILDINGANDCOVERSION-U_PROCUREMENT_JustificationBook_Navy_PB_2018.zzz_unzipped-U_PROCUREMENT_JustificationBook_Navy_PB_2018.xml","446572dfec4731662095f6b1f4dcc0c4a786ebc016a71e705c18853376a92c9e","1-3fffe4463c19fb459d98112ea09802ae5da6812456153d7867a2946e9d949e8b","9447-a236ee0848e2a8b8041bf2d0b0a5829ed0f1725981cb48af45567e101117c494","root"
"CVN-RCOH","CVN-RCOH","72","40.52","21.881","129.489","202.88","4.504","6.486","","2.845","29.912","","39.021","71.778","2018-BASE_PROCUREMENT-2018-NAVY_SHIPBUILDINGANDCOVERSION-U_PROCUREMENT_JustificationBook_Navy_PB_2018.zzz_unzipped-U_PROCUREMENT_JustificationBook_Navy_PB_2018.xml","446572dfec4731662095f6b1f4dcc0c4a786ebc016a71e705c18853376a92c9e","2-ce527b054192a383e5993b0883bc7b5060e973da5970fd62b14e24abfae1eb76","9447-a236ee0848e2a8b8041bf2d0b0a5829ed0f1725981cb48af45567e101117c494","root"
"DDG 1000","DDG 1000","1000","56.384","4.525","35.139","111.158","7.137","7.973","66.513","41.096","30.922","35.553","294.617","468.701","2018-BASE_PROCUREMENT-2018-NAVY_SHIPBUILDINGANDCOVERSION-U_PROCUREMENT_JustificationBook_Navy_PB_2018.zzz_unzipped-U_PROCUREMENT_JustificationBook_Navy_PB_2018.xml","446572dfec4731662095f6b1f4dcc0c4a786ebc016a71e705c18853376a92c9e","3-80571b7ccd2d3a04ffbd06826743ba8accd10152a0d98764c2309602cac61c56","9447-a236ee0848e2a8b8041bf2d0b0a5829ed0f1725981cb48af45567e101117c494","root"
"DDG","DDG","113","9.81","39.011","188.575","302.119","34.597","30.126","","19.63","87.064","54.671","376.041","537.406","2018-BASE_PROCUREMENT-2018-NAVY_SHIPBUILDINGANDCOVERSION-U_PROCUREMENT_JustificationBook_Navy_PB_2018.zzz_unzipped-U_PROCUREMENT_JustificationBook_Navy_PB_2018.xml","446572dfec4731662095f6b1f4dcc0c4a786ebc016a71e705c18853376a92c9e","4-89744a7b4d81761933e63b8a401407fc6d35acc4aed32d98c0263b30221aba26","9447-a236ee0848e2a8b8041bf2d0b0a5829ed0f1725981cb48af45567e101117c494","root"
"FF","FF","1","","","11.504","11.504","","","","","","","","","2018-BASE_PROCUREMENT-2018-NAVY_SHIPBUILDINGANDCOVERSION-U_PROCUREMENT_JustificationBook_Navy_PB_2018.zzz_unzipped-U_PROCUREMENT_JustificationBook_Navy_PB_2018.xml","446572dfec4731662095f6b1f4dcc0c4a786ebc016a71e705c18853376a92c9e","5-cb62bb4124a6acba658a1600bb9ef60e2d9a16899c3833cbf6765dc1b7cd6e47","9447-a236ee0848e2a8b8041bf2d0b0a5829ed0f1725981cb48af45567e101117c494","root"
"LCS","LCS","6","49.503","35.853","67.361","186.789","18.065","16.007","75.107","152.963","158.334","153.724","498.984","1039.112","2018-BASE_PROCUREMENT-2018-NAVY_SHIPBUILDINGANDCOVERSION-U_PROCUREMENT_JustificationBook_Navy_PB_2018.zzz_unzipped-U_PROCUREMENT_JustificationBook_Navy_PB_2018.xml","446572dfec4731662095f6b1f4dcc0c4a786ebc016a71e705c18853376a92c9e","6-c6c38ed9301a704cdfe1120fde96740e8c17b1910e77a38b764bab36e458b5aa","9447-a236ee0848e2a8b8041bf2d0b0a5829ed0f1725981cb48af45567e101117c494","root"
"LPD","LPD","26","15.933","22.559","22.119","76.34","14.305","1.424","5.648","21.077","55.308","28.72","49.624","160.377","2018-BASE_PROCUREMENT-2018-NAVY_SHIPBUILDINGANDCOVERSION-U_PROCUREMENT_JustificationBook_Navy_PB_2018.zzz_unzipped-U_PROCUREMENT_JustificationBook_Navy_PB_2018.xml","446572dfec4731662095f6b1f4dcc0c4a786ebc016a71e705c18853376a92c9e","7-1a62976a99387eef38051651c036dbceaffd956abfc5ac79986e58ac15d4b583","9447-a236ee0848e2a8b8041bf2d0b0a5829ed0f1725981cb48af45567e101117c494","root"
"ESB","ESB","4","","3.015","20.008","46.053","18.03","5","","","","7.35","23.618","30.968","2018-BASE_PROCUREMENT-2018-NAVY_SHIPBUILDINGANDCOVERSION-U_PROCUREMENT_JustificationBook_Navy_PB_2018.zzz_unzipped-U_PROCUREMENT_JustificationBook_Navy_PB_2018.xml","446572dfec4731662095f6b1f4dcc0c4a786ebc016a71e705c18853376a92c9e","8-1f6a88ab9deb811e52f3e1fe32e3e77f87117e4aa62f8a46cd20936cfcdd6216","9447-a236ee0848e2a8b8041bf2d0b0a5829ed0f1725981cb48af45567e101117c494","root"
"LHA","LHA","7","0.959","12.627","9.558","49.704","15.731","10.829","","","","4.14","45.575","49.715","2018-BASE_PROCUREMENT-2018-NAVY_SHIPBUILDINGANDCOVERSION-U_PROCUREMENT_JustificationBook_Navy_PB_2018.zzz_unzipped-U_PROCUREMENT_JustificationBook_Navy_PB_2018.xml","446572dfec4731662095f6b1f4dcc0c4a786ebc016a71e705c18853376a92c9e","9-c5c3fc6e547e025cbbc1c8d4bda33d5f3cdd8769cb10f52ad5a7d191e25833f9","9447-a236ee0848e2a8b8041bf2d0b0a5829ed0f1725981cb48af45567e101117c494","root"
"EPF","EPF","6","3.84","7.696","4.816","25.559","4.904","4.303","4.881","6.325","10.724","5.684","9.809","37.423","2018-BASE_PROCUREMENT-2018-NAVY_SHIPBUILDINGANDCOVERSION-U_PROCUREMENT_JustificationBook_Navy_PB_2018.zzz_unzipped-U_PROCUREMENT_JustificationBook_Navy_PB_2018.xml","446572dfec4731662095f6b1f4dcc0c4a786ebc016a71e705c18853376a92c9e","10-8c33ddc8cd0847a09527371bd8c52ad1e252bc22ecb5d47f36bfdc3858c9ad91","9447-a236ee0848e2a8b8041bf2d0b0a5829ed0f1725981cb48af45567e101117c494","root"
"T-AO","T-AO","205","","","78.334","78.334","","","","","","","86.536","86.536","2018-BASE_PROCUREMENT-2018-NAVY_SHIPBUILDINGANDCOVERSION-U_PROCUREMENT_JustificationBook_Navy_PB_2018.zzz_unzipped-U_PROCUREMENT_JustificationBook_Navy_PB_2018.xml","446572dfec4731662095f6b1f4dcc0c4a786ebc016a71e705c18853376a92c9e","11-b4c7db9d9456599c0a7cef2acfcad3a86122502e9c934b56b14a1f7843a0a716","9447-a236ee0848e2a8b8041bf2d0b0a5829ed0f1725981cb48af45567e101117c494","root"
"T-ATS(X)","T-ATS(X)","1601","","","17.045","17.045","","","","","","","9.022","9.022","2018-BASE_PROCUREMENT-2018-NAVY_SHIPBUILDINGANDCOVERSION-U_PROCUREMENT_JustificationBook_Navy_PB_2018.zzz_unzipped-U_PROCUREMENT_JustificationBook_Navy_PB_2018.xml","446572dfec4731662095f6b1f4dcc0c4a786ebc016a71e705c18853376a92c9e","12-eb8da76331ea192ab093f251241a77946678a49fdede75de689620be16002b79","9447-a236ee0848e2a8b8041bf2d0b0a5829ed0f1725981cb48af45567e101117c494","root"
"AGOR","AGOR","28","","","","","","","1.75","1.3","","","","3.05","2018-BASE_PROCUREMENT-2018-NAVY_SHIPBUILDINGANDCOVERSION-U_PROCUREMENT_JustificationBook_Navy_PB_2018.zzz_unzipped-U_PROCUREMENT_JustificationBook_Navy_PB_2018.xml","446572dfec4731662095f6b1f4dcc0c4a786ebc016a71e705c18853376a92c9e","13-42aa94b4aa7550cd2f6ad7869ff27d06f9ebac5c82285ad6b8fca2200f19f742","9447-a236ee0848e2a8b8041bf2d0b0a5829ed0f1725981cb48af45567e101117c494","root"
"T-AGS","T-AGS","66","","","","","","","1.188","1.5","","","","2.688","2018-BASE_PROCUREMENT-2018-NAVY_SHIPBUILDINGANDCOVERSION-U_PROCUREMENT_JustificationBook_Navy_PB_2018.zzz_unzipped-U_PROCUREMENT_JustificationBook_Navy_PB_2018.xml","446572dfec4731662095f6b1f4dcc0c4a786ebc016a71e705c18853376a92c9e","14-839af9c6a8ee212a1469e92acd0766246cbaf6a752580b3458aeae474021c38f","9447-a236ee0848e2a8b8041bf2d0b0a5829ed0f1725981cb48af45567e101117c494","root"
"MTS","MTS","701","","","4.978","29.591","14.81","9.803","","","","","","","2018-BASE_PROCUREMENT-2018-NAVY_SHIPBUILDINGANDCOVERSION-U_PROCUREMENT_JustificationBook_Navy_PB_2018.zzz_unzipped-U_PROCUREMENT_JustificationBook_Navy_PB_2018.xml","446572dfec4731662095f6b1f4dcc0c4a786ebc016a71e705c18853376a92c9e","15-9cb1dd2d6a0616f939d65dca04fc4f24998d3c54d032e99e49efa37db43572cb","9447-a236ee0848e2a8b8041bf2d0b0a5829ed0f1725981cb48af45567e101117c494","root"
"LCAC","LCAC","101","","","24.256","25.6","","1.344","","","","3.738","41.356","45.094","2018-BASE_PROCUREMENT-2018-NAVY_SHIPBUILDINGANDCOVERSION-U_PROCUREMENT_JustificationBook_Navy_PB_2018.zzz_unzipped-U_PROCUREMENT_JustificationBook_Navy_PB_2018.xml","446572dfec4731662095f6b1f4dcc0c4a786ebc016a71e705c18853376a92c9e","16-b1e326b1db29ef43bd3b1587e4901f8d626f396933bf36ee7ce383783a54dec5","9447-a236ee0848e2a8b8041bf2d0b0a5829ed0f1725981cb48af45567e101117c494","root"
"LCAC SLEP","LCAC SLEP","89","","0.389","","1.355","0.86","0.106","0.05","0.334","1.184","0.762","0.134","2.464","2018-BASE_PROCUREMENT-2018-NAVY_SHIPBUILDINGANDCOVERSION-U_PROCUREMENT_JustificationBook_Navy_PB_2018.zzz_unzipped-U_PROCUREMENT_JustificationBook_Navy_PB_2018.xml","446572dfec4731662095f6b1f4dcc0c4a786ebc016a71e705c18853376a92c9e","17-48c3178f508382d6f22a3ce6f4647908a47d5db705e51d3b113b03f28b67399a","9447-a236ee0848e2a8b8041bf2d0b0a5829ed0f1725981cb48af45567e101117c494","root"
"YP SLEP","YP SLEP","688","","0.146","0.145","0.571","0.28","","","","","","","","2018-BASE_PROCUREMENT-2018-NAVY_SHIPBUILDINGANDCOVERSION-U_PROCUREMENT_JustificationBook_Navy_PB_2018.zzz_unzipped-U_PROCUREMENT_JustificationBook_Navy_PB_2018.xml","446572dfec4731662095f6b1f4dcc0c4a786ebc016a71e705c18853376a92c9e","18-f90077435e27663b283ef5be75e7d0ab90cdbce37c5ebef4a758f817ec4f7196","9447-a236ee0848e2a8b8041bf2d0b0a5829ed0f1725981cb48af45567e101117c494","root"
"PUBS","PUBS","0","30.256","9.76","54.228","114.593","9.491","10.858","","","","","","","2018-BASE_PROCUREMENT-2018-NAVY_SHIPBUILDINGANDCOVERSION-U_PROCUREMENT_JustificationBook_Navy_PB_2018.zzz_unzipped-U_PROCUREMENT_JustificationBook_Navy_PB_2018.xml","446572dfec4731662095f6b1f4dcc0c4a786ebc016a71e705c18853376a92c9e","19-210f1afbba79340c112274781ad82bd9a40e80c870821b4bba7a7c5d82bb3de1","9447-a236ee0848e2a8b8041bf2d0b0a5829ed0f1725981cb48af45567e101117c494","root"
"CVN","CVN","78","112.131","33.687","343.195","489.013","","","2.5","65.803","2.341","26.213","229.989","326.846","2018-BASE_PROCUREMENT-2018-NAVY_SHIPBUILDINGANDCOVERSION-U_PROCUREMENT_MasterJustificationBook_Navy_PB_2018.zzz_unzipped-U_PROCUREMENT_MasterJustificationBook_Navy_PB_2018.xml","43d529bbf3dbc61e508321b0e46f3aecbe37bc2d3a20714e98e0b2cdf7ff4c5d","0-a41d2d8dc00db0203bdfbfed26382807cb13288d7cfd82967b71bea8fa902a9f","9468-b2b45ce75ee8fb61675740d9d489ea0317d75448638afb4ca6d9c8227ae0ec68","root"
"VIRGINIA","VIRGINIA","783","106.866","36.437","229.677","421.863","31.755","17.128","144.482","68.176","110.912","101.613","469.844","895.027","2018-BASE_PROCUREMENT-2018-NAVY_SHIPBUILDINGANDCOVERSION-U_PROCUREMENT_MasterJustificationBook_Navy_PB_2018.zzz_unzipped-U_PROCUREMENT_MasterJustificationBook_Navy_PB_2018.xml","43d529bbf3dbc61e508321b0e46f3aecbe37bc2d3a20714e98e0b2cdf7ff4c5d","1-96832a1ea6edbe10d695e901161d47fc09ca73522057f88d993da0a077f1d358","9468-b2b45ce75ee8fb61675740d9d489ea0317d75448638afb4ca6d9c8227ae0ec68","root"
"CVN-RCOH","CVN-RCOH","72","40.52","21.881","129.489","202.88","4.504","6.486","","2.845","29.912","","39.021","71.778","2018-BASE_PROCUREMENT-2018-NAVY_SHIPBUILDINGANDCOVERSION-U_PROCUREMENT_MasterJustificationBook_Navy_PB_2018.zzz_unzipped-U_PROCUREMENT_MasterJustificationBook_Navy_PB_2018.xml","43d529bbf3dbc61e508321b0e46f3aecbe37bc2d3a20714e98e0b2cdf7ff4c5d","2-95b81b787da52702e41e625555b653185efe5dec740fdbcc95868a34179d6352","9468-b2b45ce75ee8fb61675740d9d489ea0317d75448638afb4ca6d9c8227ae0ec68","root"
"DDG 1000","DDG 1000","1000","56.384","4.525","35.139","111.158","7.137","7.973","66.513","41.096","30.922","35.553","294.617","468.701","2018-BASE_PROCUREMENT-2018-NAVY_SHIPBUILDINGANDCOVERSION-U_PROCUREMENT_MasterJustificationBook_Navy_PB_2018.zzz_unzipped-U_PROCUREMENT_MasterJustificationBook_Navy_PB_2018.xml","43d529bbf3dbc61e508321b0e46f3aecbe37bc2d3a20714e98e0b2cdf7ff4c5d","3-68e9a51707a739ef04beeaefb76181218ce73da03bd9518a9462c024dc11221a","9468-b2b45ce75ee8fb61675740d9d489ea0317d75448638afb4ca6d9c8227ae0ec68","root"
"DDG","DDG","113","9.81","39.011","188.575","302.119","34.597","30.126","","19.63","87.064","54.671","376.041","537.406","2018-BASE_PROCUREMENT-2018-NAVY_SHIPBUILDINGANDCOVERSION-U_PROCUREMENT_MasterJustificationBook_Navy_PB_2018.zzz_unzipped-U_PROCUREMENT_MasterJustificationBook_Navy_PB_2018.xml","43d529bbf3dbc61e508321b0e46f3aecbe37bc2d3a20714e98e0b2cdf7ff4c5d","4-22d40b0b4704bce6f5c15d00c27baaf5ba76ba5e06b70865db17c8f2ea23c934","9468-b2b45ce75ee8fb61675740d9d489ea0317d75448638afb4ca6d9c8227ae0ec68","root"
"FF","FF","1","","","11.504","11.504","","","","","","","","","2018-BASE_PROCUREMENT-2018-NAVY_SHIPBUILDINGANDCOVERSION-U_PROCUREMENT_MasterJustificationBook_Navy_PB_2018.zzz_unzipped-U_PROCUREMENT_MasterJustificationBook_Navy_PB_2018.xml","43d529bbf3dbc61e508321b0e46f3aecbe37bc2d3a20714e98e0b2cdf7ff4c5d","5-ce6aaf5926cd231cba213ab16d29cb5ccd7f95ad74ac1fc78012fd685804c6be","9468-b2b45ce75ee8fb61675740d9d489ea0317d75448638afb4ca6d9c8227ae0ec68","root"
"LCS","LCS","6","49.503","35.853","67.361","186.789","18.065","16.007","75.107","152.963","158.334","153.724","498.984","1039.112","2018-BASE_PROCUREMENT-2018-NAVY_SHIPBUILDINGANDCOVERSION-U_PROCUREMENT_MasterJustificationBook_Navy_PB_2018.zzz_unzipped-U_PROCUREMENT_MasterJustificationBook_Navy_PB_2018.xml","43d529bbf3dbc61e508321b0e46f3aecbe37bc2d3a20714e98e0b2cdf7ff4c5d","6-ac319dcc25105d5ec28db54b8a808d59f94897d3641c1d48c9c0f26ff0382cda","9468-b2b45ce75ee8fb61675740d9d489ea0317d75448638afb4ca6d9c8227ae0ec68","root"
"LPD","LPD","26","15.933","22.559","22.119","76.34","14.305","1.424","5.648","21.077","55.308","28.72","49.624","160.377","2018-BASE_PROCUREMENT-2018-NAVY_SHIPBUILDINGANDCOVERSION-U_PROCUREMENT_MasterJustificationBook_Navy_PB_2018.zzz_unzipped-U_PROCUREMENT_MasterJustificationBook_Navy_PB_2018.xml","43d529bbf3dbc61e508321b0e46f3aecbe37bc2d3a20714e98e0b2cdf7ff4c5d","7-a5be0dc065341f9732fc721e70b04a3f8d6f8428fad32d10a5198612cb215a9c","9468-b2b45ce75ee8fb61675740d9d489ea0317d75448638afb4ca6d9c8227ae0ec68","root"
"ESB","ESB","4","","3.015","20.008","46.053","18.03","5","","","","7.35","23.618","30.968","2018-BASE_PROCUREMENT-2018-NAVY_SHIPBUILDINGANDCOVERSION-U_PROCUREMENT_MasterJustificationBook_Navy_PB_2018.zzz_unzipped-U_PROCUREMENT_MasterJustificationBook_Navy_PB_2018.xml","43d529bbf3dbc61e508321b0e46f3aecbe37bc2d3a20714e98e0b2cdf7ff4c5d","8-a2395f0f9893569f73efe2f02a015b08ece32fbfa2056e3adc2d6a3a6af0f4d0","9468-b2b45ce75ee8fb61675740d9d489ea0317d75448638afb4ca6d9c8227ae0ec68","root"
"LHA","LHA","7","0.959","12.627","9.558","49.704","15.731","10.829","","","","4.14","45.575","49.715","2018-BASE_PROCUREMENT-2018-NAVY_SHIPBUILDINGANDCOVERSION-U_PROCUREMENT_MasterJustificationBook_Navy_PB_2018.zzz_unzipped-U_PROCUREMENT_MasterJustificationBook_Navy_PB_2018.xml","43d529bbf3dbc61e508321b0e46f3aecbe37bc2d3a20714e98e0b2cdf7ff4c5d","9-2b8cfcae2a619657f6e7c25d843e56d58fe9d764ea8c7e5e86cd395861263ed6","9468-b2b45ce75ee8fb61675740d9d489ea0317d75448638afb4ca6d9c8227ae0ec68","root"
"EPF","EPF","6","3.84","7.696","4.816","25.559","4.904","4.303","4.881","6.325","10.724","5.684","9.809","37.423","2018-BASE_PROCUREMENT-2018-NAVY_SHIPBUILDINGANDCOVERSION-U_PROCUREMENT_MasterJustificationBook_Navy_PB_2018.zzz_unzipped-U_PROCUREMENT_MasterJustificationBook_Navy_PB_2018.xml","43d529bbf3dbc61e508321b0e46f3aecbe37bc2d3a20714e98e0b2cdf7ff4c5d","10-cb9589c97734422083beda9122942f6200e1e57616796a32c2744d81d6c2a35f","9468-b2b45ce75ee8fb61675740d9d489ea0317d75448638afb4ca6d9c8227ae0ec68","root"
"T-AO","T-AO","205","","","78.334","78.334","","","","","","","86.536","86.536","2018-BASE_PROCUREMENT-2018-NAVY_SHIPBUILDINGANDCOVERSION-U_PROCUREMENT_MasterJustificationBook_Navy_PB_2018.zzz_unzipped-U_PROCUREMENT_MasterJustificationBook_Navy_PB_2018.xml","43d529bbf3dbc61e508321b0e46f3aecbe37bc2d3a20714e98e0b2cdf7ff4c5d","11-c6ffbbb86aad8d3bc448e3484719476db5233a8d9c13014b3a32f8893595f7ad","9468-b2b45ce75ee8fb61675740d9d489ea0317d75448638afb4ca6d9c8227ae0ec68","root"
"T-ATS(X)","T-ATS(X)","1601","","","17.045","17.045","","","","","","","9.022","9.022","2018-BASE_PROCUREMENT-2018-NAVY_SHIPBUILDINGANDCOVERSION-U_PROCUREMENT_MasterJustificationBook_Navy_PB_2018.zzz_unzipped-U_PROCUREMENT_MasterJustificationBook_Navy_PB_2018.xml","43d529bbf3dbc61e508321b0e46f3aecbe37bc2d3a20714e98e0b2cdf7ff4c5d","12-86b524df2a8f521ae7157ccd181454e67b4f2cc2c63a1f5f71e3a3f206410a9f","9468-b2b45ce75ee8fb61675740d9d489ea0317d75448638afb4ca6d9c8227ae0ec68","root"
"AGOR","AGOR","28","","","","","","","1.75","1.3","","","","3.05","2018-BASE_PROCUREMENT-2018-NAVY_SHIPBUILDINGANDCOVERSION-U_PROCUREMENT_MasterJustificationBook_Navy_PB_2018.zzz_unzipped-U_PROCUREMENT_MasterJustificationBook_Navy_PB_2018.xml","43d529bbf3dbc61e508321b0e46f3aecbe37bc2d3a20714e98e0b2cdf7ff4c5d","13-c8a550f6f5e3d0d22ae705854e8b91faccd176648f477d097e2d00e5cf3d6ecb","9468-b2b45ce75ee8fb61675740d9d489ea0317d75448638afb4ca6d9c8227ae0ec68","root"
"T-AGS","T-AGS","66","","","","","","","1.188","1.5","","","","2.688","2018-BASE_PROCUREMENT-2018-NAVY_SHIPBUILDINGANDCOVERSION-U_PROCUREMENT_MasterJustificationBook_Navy_PB_2018.zzz_unzipped-U_PROCUREMENT_MasterJustificationBook_Navy_PB_2018.xml","43d529bbf3dbc61e508321b0e46f3aecbe37bc2d3a20714e98e0b2cdf7ff4c5d","14-0a696924c4b216c35ca7b6bad6afaf68a352549cba6103c30da5d009a2d6bf66","9468-b2b45ce75ee8fb61675740d9d489ea0317d75448638afb4ca6d9c8227ae0ec68","root"
"MTS","MTS","701","","","4.978","29.591","14.81","9.803","","","","","","","2018-BASE_PROCUREMENT-2018-NAVY_SHIPBUILDINGANDCOVERSION-U_PROCUREMENT_MasterJustificationBook_Navy_PB_2018.zzz_unzipped-U_PROCUREMENT_MasterJustificationBook_Navy_PB_2018.xml","43d529bbf3dbc61e508321b0e46f3aecbe37bc2d3a20714e98e0b2cdf7ff4c5d","15-85920aeec692c39f3b0ad0285861a2536b20ef8f76f3b8776211bfb24a54f5b3","9468-b2b45ce75ee8fb61675740d9d489ea0317d75448638afb4ca6d9c8227ae0ec68","root"
"LCAC","LCAC","101","","","24.256","25.6","","1.344","","","","3.738","41.356","45.094","2018-BASE_PROCUREMENT-2018-NAVY_SHIPBUILDINGANDCOVERSION-U_PROCUREMENT_MasterJustificationBook_Navy_PB_2018.zzz_unzipped-U_PROCUREMENT_MasterJustificationBook_Navy_PB_2018.xml","43d529bbf3dbc61e508321b0e46f3aecbe37bc2d3a20714e98e0b2cdf7ff4c5d","16-65508d717a7c2d460f52dfeb0042c55ec5f3a76d3bf5b2a8a6515bcc569e1f79","9468-b2b45ce75ee8fb61675740d9d489ea0317d75448638afb4ca6d9c8227ae0ec68","root"
"LCAC SLEP","LCAC SLEP","89","","0.389","","1.355","0.86","0.106","0.05","0.334","1.184","0.762","0.134","2.464","2018-BASE_PROCUREMENT-2018-NAVY_SHIPBUILDINGANDCOVERSION-U_PROCUREMENT_MasterJustificationBook_Navy_PB_2018.zzz_unzipped-U_PROCUREMENT_MasterJustificationBook_Navy_PB_2018.xml","43d529bbf3dbc61e508321b0e46f3aecbe37bc2d3a20714e98e0b2cdf7ff4c5d","17-de6435fc070aa08351a2c8452200ad8988c6b2ecb3d7c69c41268678a3de0cd6","9468-b2b45ce75ee8fb61675740d9d489ea0317d75448638afb4ca6d9c8227ae0ec68","root"
"YP SLEP","YP SLEP","688","","0.146","0.145","0.571","0.28","","","","","","","","2018-BASE_PROCUREMENT-2018-NAVY_SHIPBUILDINGANDCOVERSION-U_PROCUREMENT_MasterJustificationBook_Navy_PB_2018.zzz_unzipped-U_PROCUREMENT_MasterJustificationBook_Navy_PB_2018.xml","43d529bbf3dbc61e508321b0e46f3aecbe37bc2d3a20714e98e0b2cdf7ff4c5d","18-8b879a08144f86f3ba4849f3dc1b51ff4e2de1db47b22c72af480fc7ec8cc7df","9468-b2b45ce75ee8fb61675740d9d489ea0317d75448638afb4ca6d9c8227ae0ec68","root"
"PUBS","PUBS","0","30.256","9.76","54.228","114.593","9.491","10.858","","","","","","","2018-BASE_PROCUREMENT-2018-NAVY_SHIPBUILDINGANDCOVERSION-U_PROCUREMENT_MasterJustificationBook_Navy_PB_2018.zzz_unzipped-U_PROCUREMENT_MasterJustificationBook_Navy_PB_2018.xml","43d529bbf3dbc61e508321b0e46f3aecbe37bc2d3a20714e98e0b2cdf7ff4c5d","19-415e11add8a8b3bb78d7a257c64bb0c9eb288fa974634bd2672ca176fcbe6413","9468-b2b45ce75ee8fb61675740d9d489ea0317d75448638afb4ca6d9c8227ae0ec68","root"
"CVN","CVN","78","145.818","","325.572","489.013","","17.623","68.303","2.341","26.213","33.9","230.051","360.808","2019-BASE_PROCUREMENT-2019-NAVY_SHIPBUILDINGANDCOVERSION-U_PROCUREMENT_JustificationBook_Navy_PB_2019.zzz_unzipped-U_PROCUREMENT_JustificationBook_Navy_PB_2019.xml","20f0cbeada285325b78e6d086f8b298d2cb7e1776780b0dad7597cf0dfc0d0ff","0-7da00a96c0bd83bef0b52df36913ddc8fc41c3d6e54f2847f98192cc6b6fcb8d","11059-58a54eb7b84760647205f1a48b362d7f40ec600ced9eb975bca6ec39d67decc6","root"
"VIRGINIA","VIRGINIA","786","95.51","23.608","347.068","527.306","17.128","43.992","37.046","110.912","101.613","77.753","500.238","827.562","2019-BASE_PROCUREMENT-2019-NAVY_SHIPBUILDINGANDCOVERSION-U_PROCUREMENT_JustificationBook_Navy_PB_2019.zzz_unzipped-U_PROCUREMENT_JustificationBook_Navy_PB_2019.xml","20f0cbeada285325b78e6d086f8b298d2cb7e1776780b0dad7597cf0dfc0d0ff","1-f44f4b178a4c8ce1d1ca117b39b9e7606883c68b75b1de129c7e33e001373c5f","11059-58a54eb7b84760647205f1a48b362d7f40ec600ced9eb975bca6ec39d67decc6","root"
"CVN-RCOH","CVN-RCOH","72","63.818","4.504","110.137","204.993","6.486","20.048","2.845","29.912","","","83","115.757","2019-BASE_PROCUREMENT-2019-NAVY_SHIPBUILDINGANDCOVERSION-U_PROCUREMENT_JustificationBook_Navy_PB_2019.zzz_unzipped-U_PROCUREMENT_JustificationBook_Navy_PB_2019.xml","20f0cbeada285325b78e6d086f8b298d2cb7e1776780b0dad7597cf0dfc0d0ff","2-0d14ff6a969f2c9d62c7d12ca49902d78687afc652c2753fd5af131cffcd1a25","11059-58a54eb7b84760647205f1a48b362d7f40ec600ced9eb975bca6ec39d67decc6","root"
"DDG 1000","DDG 1000","1000","62.698","7.137","14.636","112.947","7.973","20.503","109.904","30.922","35.553","56.6","238.018","470.997","2019-BASE_PROCUREMENT-2019-NAVY_SHIPBUILDINGANDCOVERSION-U_PROCUREMENT_JustificationBook_Navy_PB_2019.zzz_unzipped-U_PROCUREMENT_JustificationBook_Navy_PB_2019.xml","20f0cbeada285325b78e6d086f8b298d2cb7e1776780b0dad7597cf0dfc0d0ff","3-2237e30cf08a6b8bd928d520d32e4f4fd63d0f82b89c714a1444ffd220a71ae0","11059-58a54eb7b84760647205f1a48b362d7f40ec600ced9eb975bca6ec39d67decc6","root"
"DDG","DDG","113","52.099","43.712","292.433","451.629","30.126","33.259","19.63","70.38","54.671","39.766","458.765","643.212","2019-BASE_PROCUREMENT-2019-NAVY_SHIPBUILDINGANDCOVERSION-U_PROCUREMENT_JustificationBook_Navy_PB_2019.zzz_unzipped-U_PROCUREMENT_JustificationBook_Navy_PB_2019.xml","20f0cbeada285325b78e6d086f8b298d2cb7e1776780b0dad7597cf0dfc0d0ff","4-59add61f3c1bb97eaff6c3e947a7a01bdfeeba85843483bdd043dd47ea77d01f","11059-58a54eb7b84760647205f1a48b362d7f40ec600ced9eb975bca6ec39d67decc6","root"
"FF","FF","1","","","29.268","29.268","","","","","","","","","2019-BASE_PROCUREMENT-2019-NAVY_SHIPBUILDINGANDCOVERSION-U_PROCUREMENT_JustificationBook_Navy_PB_2019.zzz_unzipped-U_PROCUREMENT_JustificationBook_Navy_PB_2019.xml","20f0cbeada285325b78e6d086f8b298d2cb7e1776780b0dad7597cf0dfc0d0ff","5-1193e93f4f27237daf423536b1964f58a3fd53638e85b6dda6459a3e129f281b","11059-58a54eb7b84760647205f1a48b362d7f40ec600ced9eb975bca6ec39d67decc6","root"
"LCS","LCS","6","75.528","18.065","58.2","189.483","16.007","21.683","226.598","139.438","153.724","147.582","625.196","1292.538","2019-BASE_PROCUREMENT-2019-NAVY_SHIPBUILDINGANDCOVERSION-U_PROCUREMENT_JustificationBook_Navy_PB_2019.zzz_unzipped-U_PROCUREMENT_JustificationBook_Navy_PB_2019.xml","20f0cbeada285325b78e6d086f8b298d2cb7e1776780b0dad7597cf0dfc0d0ff","6-3698bc15dda5ff111e39e7f4485d2413bc27ba5231a61e24cc6b85fdfae43c3a","11059-58a54eb7b84760647205f1a48b362d7f40ec600ced9eb975bca6ec39d67decc6","root"
"LPD","LPD","26","40.984","11.426","61.536","116.927","1.424","1.557","26.052","55.308","28.72","1.988","130","242.068","2019-BASE_PROCUREMENT-2019-NAVY_SHIPBUILDINGANDCOVERSION-U_PROCUREMENT_JustificationBook_Navy_PB_2019.zzz_unzipped-U_PROCUREMENT_JustificationBook_Navy_PB_2019.xml","20f0cbeada285325b78e6d086f8b298d2cb7e1776780b0dad7597cf0dfc0d0ff","7-8a76e2dfb0353a67766eadf8cd42a0c6ae9bddd7c20ef885898cb749aa5c1209","11059-58a54eb7b84760647205f1a48b362d7f40ec600ced9eb975bca6ec39d67decc6","root"
"ESB","ESB","4","4","18.03","7.398","47.717","5.844","12.445","","","7.38","14.746","9.327","31.453","2019-BASE_PROCUREMENT-2019-NAVY_SHIPBUILDINGANDCOVERSION-U_PROCUREMENT_JustificationBook_Navy_PB_2019.zzz_unzipped-U_PROCUREMENT_JustificationBook_Navy_PB_2019.xml","20f0cbeada285325b78e6d086f8b298d2cb7e1776780b0dad7597cf0dfc0d0ff","8-b8a211d1a56d496e4c6ee185e78a265e1f9862e5ac6ce169fabd0e0377c00e90","11059-58a54eb7b84760647205f1a48b362d7f40ec600ced9eb975bca6ec39d67decc6","root"
"LHA","LHA","7","16.628","15.731","28.646","80.164","10.829","8.33","","","4.14","24.239","76.25","104.629","2019-BASE_PROCUREMENT-2019-NAVY_SHIPBUILDINGANDCOVERSION-U_PROCUREMENT_JustificationBook_Navy_PB_2019.zzz_unzipped-U_PROCUREMENT_JustificationBook_Navy_PB_2019.xml","20f0cbeada285325b78e6d086f8b298d2cb7e1776780b0dad7597cf0dfc0d0ff","9-dc30658fc4feade3b31dbf512419238a5f867b3151d9d87f1ea252c97d25a7a8","11059-58a54eb7b84760647205f1a48b362d7f40ec600ced9eb975bca6ec39d67decc6","root"
"EPF","EPF","8","4.58","2.395","","16.083","4.303","4.805","","10.724","5.684","4.213","2.407","23.028","2019-BASE_PROCUREMENT-2019-NAVY_SHIPBUILDINGANDCOVERSION-U_PROCUREMENT_JustificationBook_Navy_PB_2019.zzz_unzipped-U_PROCUREMENT_JustificationBook_Navy_PB_2019.xml","20f0cbeada285325b78e6d086f8b298d2cb7e1776780b0dad7597cf0dfc0d0ff","10-29f4902f2d74f13fe62a9f17f839e54e5f842557be598f78903b1bdf4fff5ec0","11059-58a54eb7b84760647205f1a48b362d7f40ec600ced9eb975bca6ec39d67decc6","root"
"T-AO","T-AO","205","","","121.302","139.038","0.024","17.712","","","","","86.535","86.535","2019-BASE_PROCUREMENT-2019-NAVY_SHIPBUILDINGANDCOVERSION-U_PROCUREMENT_JustificationBook_Navy_PB_2019.zzz_unzipped-U_PROCUREMENT_JustificationBook_Navy_PB_2019.xml","20f0cbeada285325b78e6d086f8b298d2cb7e1776780b0dad7597cf0dfc0d0ff","11-e677a17a3ada44b3ecaec0671f4fdf3d58a1d8740e6940dc9479e0829b01af4a","11059-58a54eb7b84760647205f1a48b362d7f40ec600ced9eb975bca6ec39d67decc6","root"
"T-ATS(X)","T-ATS(X)","1601","","","11.732","16.63","","4.898","","","","","8.953","8.953","2019-BASE_PROCUREMENT-2019-NAVY_SHIPBUILDINGANDCOVERSION-U_PROCUREMENT_JustificationBook_Navy_PB_2019.zzz_unzipped-U_PROCUREMENT_JustificationBook_Navy_PB_2019.xml","20f0cbeada285325b78e6d086f8b298d2cb7e1776780b0dad7597cf0dfc0d0ff","12-aca5e1e333b6c9154424b36995986efd31405e1b93a7afcb91039bcf2a97a9e5","11059-58a54eb7b84760647205f1a48b362d7f40ec600ced9eb975bca6ec39d67decc6","root"
"MTS","MTS","701","","14.81","","29.55","9.803","4.937","","","","","","","2019-BASE_PROCUREMENT-2019-NAVY_SHIPBUILDINGANDCOVERSION-U_PROCUREMENT_JustificationBook_Navy_PB_2019.zzz_unzipped-U_PROCUREMENT_JustificationBook_Navy_PB_2019.xml","20f0cbeada285325b78e6d086f8b298d2cb7e1776780b0dad7597cf0dfc0d0ff","13-d671e11b82581e1562447fe0f0d0ea48b96aab8d3e3a0611ecfcee66dd6ad032","11059-58a54eb7b84760647205f1a48b362d7f40ec600ced9eb975bca6ec39d67decc6","root"
"LCAC","LCAC","101","0.3","","20.605","25.566","1.374","3.287","","","3.738","3.09","35.15","41.978","2019-BASE_PROCUREMENT-2019-NAVY_SHIPBUILDINGANDCOVERSION-U_PROCUREMENT_JustificationBook_Navy_PB_2019.zzz_unzipped-U_PROCUREMENT_JustificationBook_Navy_PB_2019.xml","20f0cbeada285325b78e6d086f8b298d2cb7e1776780b0dad7597cf0dfc0d0ff","14-63f07828bfbb21f48c8dcecc75cc58251ad7a89a8dcce0505aff61deaf22657d","11059-58a54eb7b84760647205f1a48b362d7f40ec600ced9eb975bca6ec39d67decc6","root"
"LCAC SLEP","LCAC SLEP","78","0.792","0.86","0.98","2.738","0.106","","0.271","1.184","0.469","0.134","0.9","2.958","2019-BASE_PROCUREMENT-2019-NAVY_SHIPBUILDINGANDCOVERSION-U_PROCUREMENT_JustificationBook_Navy_PB_2019.zzz_unzipped-U_PROCUREMENT_JustificationBook_Navy_PB_2019.xml","20f0cbeada285325b78e6d086f8b298d2cb7e1776780b0dad7597cf0dfc0d0ff","15-b8f5bef1396e22080c8ccc54750c53b8321fef07f1a25c19c279af6bb9ea4d5d","11059-58a54eb7b84760647205f1a48b362d7f40ec600ced9eb975bca6ec39d67decc6","root"
"YP SLEP","YP SLEP","694","0.049","0.28","0.145","0.474","","","","","","","","","2019-BASE_PROCUREMENT-2019-NAVY_SHIPBUILDINGANDCOVERSION-U_PROCUREMENT_JustificationBook_Navy_PB_2019.zzz_unzipped-U_PROCUREMENT_JustificationBook_Navy_PB_2019.xml","20f0cbeada285325b78e6d086f8b298d2cb7e1776780b0dad7597cf0dfc0d0ff","16-cac36e0530f5f9de8c86db1ed4d1bb4d29c9f803fec093eabb5bd9b3490a267f","11059-58a54eb7b84760647205f1a48b362d7f40ec600ced9eb975bca6ec39d67decc6","root"
"PUBS","PUBS","0","32.482","9.491","51.815","113.768","10.223","9.757","","","","","","","2019-BASE_PROCUREMENT-2019-NAVY_SHIPBUILDINGANDCOVERSION-U_PROCUREMENT_JustificationBook_Navy_PB_2019.zzz_unzipped-U_PROCUREMENT_JustificationBook_Navy_PB_2019.xml","20f0cbeada285325b78e6d086f8b298d2cb7e1776780b0dad7597cf0dfc0d0ff","17-1ff5d5bfc72107d5712fe37633209b5f8d4a35e041c70dccff58c47883739390","11059-58a54eb7b84760647205f1a48b362d7f40ec600ced9eb975bca6ec39d67decc6","root"
"CVN","CVN","78","145.818","","325.572","489.013","","17.623","68.303","2.341","26.213","33.9","230.051","360.808","2019-BASE_PROCUREMENT-2019-NAVY_SHIPBUILDINGANDCOVERSION-U_PROCUREMENT_MasterJustificationBook_Navy_PB_2019.zzz_unzipped-U_PROCUREMENT_MasterJustificationBook_Navy_PB_2019.xml","bee2904d5dd307d291e5b97f5b0fd988b4382f20a6afa3a8acdc3f2702393b56","0-7aeb25d14950c11223f303d6b0a0d0f044043e3d84c8ac903524228784cfe341","11080-59a82ee3504158db67d711a50c012c5fe8dc7604df153527070e5df01388123e","root"
"VIRGINIA","VIRGINIA","786","95.51","23.608","347.068","527.306","17.128","43.992","37.046","110.912","101.613","77.753","500.238","827.562","2019-BASE_PROCUREMENT-2019-NAVY_SHIPBUILDINGANDCOVERSION-U_PROCUREMENT_MasterJustificationBook_Navy_PB_2019.zzz_unzipped-U_PROCUREMENT_MasterJustificationBook_Navy_PB_2019.xml","bee2904d5dd307d291e5b97f5b0fd988b4382f20a6afa3a8acdc3f2702393b56","1-a5f803dcbd2b5dfa6a330c59cdf96a02f617a69785a72c69fd93b023acfe71f7","11080-59a82ee3504158db67d711a50c012c5fe8dc7604df153527070e5df01388123e","root"
"CVN-RCOH","CVN-RCOH","72","63.818","4.504","110.137","204.993","6.486","20.048","2.845","29.912","","","83","115.757","2019-BASE_PROCUREMENT-2019-NAVY_SHIPBUILDINGANDCOVERSION-U_PROCUREMENT_MasterJustificationBook_Navy_PB_2019.zzz_unzipped-U_PROCUREMENT_MasterJustificationBook_Navy_PB_2019.xml","bee2904d5dd307d291e5b97f5b0fd988b4382f20a6afa3a8acdc3f2702393b56","2-04737bc2a6accb79691ba9b887cd1e7d8a353e56bacfe80e8a5252d1826349ea","11080-59a82ee3504158db67d711a50c012c5fe8dc7604df153527070e5df01388123e","root"
"DDG 1000","DDG 1000","1000","62.698","7.137","14.636","112.947","7.973","20.503","109.904","30.922","35.553","56.6","238.018","470.997","2019-BASE_PROCUREMENT-2019-NAVY_SHIPBUILDINGANDCOVERSION-U_PROCUREMENT_MasterJustificationBook_Navy_PB_2019.zzz_unzipped-U_PROCUREMENT_MasterJustificationBook_Navy_PB_2019.xml","bee2904d5dd307d291e5b97f5b0fd988b4382f20a6afa3a8acdc3f2702393b56","3-c771f18d872b97709c10014d8065edb2b47dad405c06ccfb9cc99b214a01f29a","11080-59a82ee3504158db67d711a50c012c5fe8dc7604df153527070e5df01388123e","root"
"DDG","DDG","113","52.099","43.712","292.433","451.629","30.126","33.259","19.63","70.38","54.671","39.766","458.765","643.212","2019-BASE_PROCUREMENT-2019-NAVY_SHIPBUILDINGANDCOVERSION-U_PROCUREMENT_MasterJustificationBook_Navy_PB_2019.zzz_unzipped-U_PROCUREMENT_MasterJustificationBook_Navy_PB_2019.xml","bee2904d5dd307d291e5b97f5b0fd988b4382f20a6afa3a8acdc3f2702393b56","4-73859180d6ce7e547de0d907d8e61db7565ca03dd6d63a62028ca052e40e891b","11080-59a82ee3504158db67d711a50c012c5fe8dc7604df153527070e5df01388123e","root"
"FF","FF","1","","","29.268","29.268","","","","","","","","","2019-BASE_PROCUREMENT-2019-NAVY_SHIPBUILDINGANDCOVERSION-U_PROCUREMENT_MasterJustificationBook_Navy_PB_2019.zzz_unzipped-U_PROCUREMENT_MasterJustificationBook_Navy_PB_2019.xml","bee2904d5dd307d291e5b97f5b0fd988b4382f20a6afa3a8acdc3f2702393b56","5-482fde7ee0fcc78d182ce3b63b8e6d0d1322d69084a325da3f1444462b025663","11080-59a82ee3504158db67d711a50c012c5fe8dc7604df153527070e5df01388123e","root"
"LCS","LCS","6","75.528","18.065","58.2","189.483","16.007","21.683","226.598","139.438","153.724","147.582","625.196","1292.538","2019-BASE_PROCUREMENT-2019-NAVY_SHIPBUILDINGANDCOVERSION-U_PROCUREMENT_MasterJustificationBook_Navy_PB_2019.zzz_unzipped-U_PROCUREMENT_MasterJustificationBook_Navy_PB_2019.xml","bee2904d5dd307d291e5b97f5b0fd988b4382f20a6afa3a8acdc3f2702393b56","6-aaabdab1587deea1c33ee16ad2dc67865cc3715a3f0bd87d32a2e13553ed3061","11080-59a82ee3504158db67d711a50c012c5fe8dc7604df153527070e5df01388123e","root"
"LPD","LPD","26","40.984","11.426","61.536","116.927","1.424","1.557","26.052","55.308","28.72","1.988","130","242.068","2019-BASE_PROCUREMENT-2019-NAVY_SHIPBUILDINGANDCOVERSION-U_PROCUREMENT_MasterJustificationBook_Navy_PB_2019.zzz_unzipped-U_PROCUREMENT_MasterJustificationBook_Navy_PB_2019.xml","bee2904d5dd307d291e5b97f5b0fd988b4382f20a6afa3a8acdc3f2702393b56","7-94c29ff518c58db224949aa7374e2c3edabe456a0245ffb4d7c2987354080b02","11080-59a82ee3504158db67d711a50c012c5fe8dc7604df153527070e5df01388123e","root"
"ESB","ESB","4","4","18.03","7.398","47.717","5.844","12.445","","","7.38","14.746","9.327","31.453","2019-BASE_PROCUREMENT-2019-NAVY_SHIPBUILDINGANDCOVERSION-U_PROCUREMENT_MasterJustificationBook_Navy_PB_2019.zzz_unzipped-U_PROCUREMENT_MasterJustificationBook_Navy_PB_2019.xml","bee2904d5dd307d291e5b97f5b0fd988b4382f20a6afa3a8acdc3f2702393b56","8-cf26f8c1347c9be4677f20b0a71a37fa4abdef2904b3d5f42bd252d0965b8e3f","11080-59a82ee3504158db67d711a50c012c5fe8dc7604df153527070e5df01388123e","root"
"LHA","LHA","7","16.628","15.731","28.646","80.164","10.829","8.33","","","4.14","24.239","76.25","104.629","2019-BASE_PROCUREMENT-2019-NAVY_SHIPBUILDINGANDCOVERSION-U_PROCUREMENT_MasterJustificationBook_Navy_PB_2019.zzz_unzipped-U_PROCUREMENT_MasterJustificationBook_Navy_PB_2019.xml","bee2904d5dd307d291e5b97f5b0fd988b4382f20a6afa3a8acdc3f2702393b56","9-b3caf432f474bf7bd1336b6f6c53b640a6e217bdddf4f0cbc5342d88676b8ef6","11080-59a82ee3504158db67d711a50c012c5fe8dc7604df153527070e5df01388123e","root"
"EPF","EPF","8","4.58","2.395","","16.083","4.303","4.805","","10.724","5.684","4.213","2.407","23.028","2019-BASE_PROCUREMENT-2019-NAVY_SHIPBUILDINGANDCOVERSION-U_PROCUREMENT_MasterJustificationBook_Navy_PB_2019.zzz_unzipped-U_PROCUREMENT_MasterJustificationBook_Navy_PB_2019.xml","bee2904d5dd307d291e5b97f5b0fd988b4382f20a6afa3a8acdc3f2702393b56","10-54a60e28f048d54917114ec48b3c1083fddcce8e999c926f153bf90e2fd096b0","11080-59a82ee3504158db67d711a50c012c5fe8dc7604df153527070e5df01388123e","root"
"T-AO","T-AO","205","","","121.302","139.038","0.024","17.712","","","","","86.535","86.535","2019-BASE_PROCUREMENT-2019-NAVY_SHIPBUILDINGANDCOVERSION-U_PROCUREMENT_MasterJustificationBook_Navy_PB_2019.zzz_unzipped-U_PROCUREMENT_MasterJustificationBook_Navy_PB_2019.xml","bee2904d5dd307d291e5b97f5b0fd988b4382f20a6afa3a8acdc3f2702393b56","11-bb71da35cd9279551b27f131a05c83956696694d076827f6a418b4bd01dbca89","11080-59a82ee3504158db67d711a50c012c5fe8dc7604df153527070e5df01388123e","root"
"T-ATS(X)","T-ATS(X)","1601","","","11.732","16.63","","4.898","","","","","8.953","8.953","2019-BASE_PROCUREMENT-2019-NAVY_SHIPBUILDINGANDCOVERSION-U_PROCUREMENT_MasterJustificationBook_Navy_PB_2019.zzz_unzipped-U_PROCUREMENT_MasterJustificationBook_Navy_PB_2019.xml","bee2904d5dd307d291e5b97f5b0fd988b4382f20a6afa3a8acdc3f2702393b56","12-614c3cd31d0de6aa7631502947da3d4be269d08ce15f3841996cce2c2be5c456","11080-59a82ee3504158db67d711a50c012c5fe8dc7604df153527070e5df01388123e","root"
"MTS","MTS","701","","14.81","","29.55","9.803","4.937","","","","","","","2019-BASE_PROCUREMENT-2019-NAVY_SHIPBUILDINGANDCOVERSION-U_PROCUREMENT_MasterJustificationBook_Navy_PB_2019.zzz_unzipped-U_PROCUREMENT_MasterJustificationBook_Navy_PB_2019.xml","bee2904d5dd307d291e5b97f5b0fd988b4382f20a6afa3a8acdc3f2702393b56","13-c61fb545acb085c1af8f37fba37aae74232f3f24f52f3314c853e1009b31878a","11080-59a82ee3504158db67d711a50c012c5fe8dc7604df153527070e5df01388123e","root"
"LCAC","LCAC","101","0.3","","20.605","25.566","1.374","3.287","","","3.738","3.09","35.15","41.978","2019-BASE_PROCUREMENT-2019-NAVY_SHIPBUILDINGANDCOVERSION-U_PROCUREMENT_MasterJustificationBook_Navy_PB_2019.zzz_unzipped-U_PROCUREMENT_MasterJustificationBook_Navy_PB_2019.xml","bee2904d5dd307d291e5b97f5b0fd988b4382f20a6afa3a8acdc3f2702393b56","14-bb8e37a62f39dbd65e44969a92ebce76f5b19ef83b79a2039b89408a8bb8ef72","11080-59a82ee3504158db67d711a50c012c5fe8dc7604df153527070e5df01388123e","root"
"LCAC SLEP","LCAC SLEP","78","0.792","0.86","0.98","2.738","0.106","","0.271","1.184","0.469","0.134","0.9","2.958","2019-BASE_PROCUREMENT-2019-NAVY_SHIPBUILDINGANDCOVERSION-U_PROCUREMENT_MasterJustificationBook_Navy_PB_2019.zzz_unzipped-U_PROCUREMENT_MasterJustificationBook_Navy_PB_2019.xml","bee2904d5dd307d291e5b97f5b0fd988b4382f20a6afa3a8acdc3f2702393b56","15-87745911d7d4b2396160ac2b6b3df15cbe486bb52ef83139550e941fa4ae29f2","11080-59a82ee3504158db67d711a50c012c5fe8dc7604df153527070e5df01388123e","root"
"YP SLEP","YP SLEP","694","0.049","0.28","0.145","0.474","","","","","","","","","2019-BASE_PROCUREMENT-2019-NAVY_SHIPBUILDINGANDCOVERSION-U_PROCUREMENT_MasterJustificationBook_Navy_PB_2019.zzz_unzipped-U_PROCUREMENT_MasterJustificationBook_Navy_PB_2019.xml","bee2904d5dd307d291e5b97f5b0fd988b4382f20a6afa3a8acdc3f2702393b56","16-1b02e97c435146ae311f31e60ecc1c733a94c72ad851da7aaea86476c9641f6b","11080-59a82ee3504158db67d711a50c012c5fe8dc7604df153527070e5df01388123e","root"
"PUBS","PUBS","0","32.482","9.491","51.815","113.768","10.223","9.757","","","","","","","2019-BASE_PROCUREMENT-2019-NAVY_SHIPBUILDINGANDCOVERSION-U_PROCUREMENT_MasterJustificationBook_Navy_PB_2019.zzz_unzipped-U_PROCUREMENT_MasterJustificationBook_Navy_PB_2019.xml","bee2904d5dd307d291e5b97f5b0fd988b4382f20a6afa3a8acdc3f2702393b56","17-55fdf292c7f8f9deb2539e8267594057ea8e50a2ed9f1f52cdfc6697442aa34f","11080-59a82ee3504158db67d711a50c012c5fe8dc7604df153527070e5df01388123e","root"
"CVN","CVN","78","151.6","0.231","489.59","679.96","","38.539","78.562","92.116","27.097","56.3","467.784","721.859","2020-BASE_PROCUREMENT-2020-NAVY_SHIPBUILDINGANDCOVERSION-U_PROCUREMENT_JustificationBook_Navy_PB_2020.zzz_unzipped-U_PROCUREMENT_JustificationBook_Navy_PB_2020.xml","6a6f7f045f2fff3696da11d165105c21c54858498f228591196758572a217bbd","0-27d19654bb7496f330f4b3cccf314852b3b8de4a6f5b314b08643bd342ac76ec","12621-11b92904783d7ea01371d7fb4454cd1a36961873ab442825fdaece70da10b70b","root"
"VIRGINIA","VIRGINIA","787","119.334","22.577","341.729","568.31","26.393","58.277","82.822","46.703","77.753","107.29","484.07","798.638","2020-BASE_PROCUREMENT-2020-NAVY_SHIPBUILDINGANDCOVERSION-U_PROCUREMENT_JustificationBook_Navy_PB_2020.zzz_unzipped-U_PROCUREMENT_JustificationBook_Navy_PB_2020.xml","6a6f7f045f2fff3696da11d165105c21c54858498f228591196758572a217bbd","1-402c532a352b29e3ce9915c7006fc1df0a722e8cd379dbbf3016ad62e875ff8f","12621-11b92904783d7ea01371d7fb4454cd1a36961873ab442825fdaece70da10b70b","root"
"CVN-RCOH","CVN-RCOH","73","","7.701","78.53","137.876","20.048","31.597","","","","","83","83","2020-BASE_PROCUREMENT-2020-NAVY_SHIPBUILDINGANDCOVERSION-U_PROCUREMENT_JustificationBook_Navy_PB_2020.zzz_unzipped-U_PROCUREMENT_JustificationBook_Navy_PB_2020.xml","6a6f7f045f2fff3696da11d165105c21c54858498f228591196758572a217bbd","2-973c3a264e9a07d913e537b59d13b61baf7e7f1d8cd951d48e0d9cf7cea8fced","12621-11b92904783d7ea01371d7fb4454cd1a36961873ab442825fdaece70da10b70b","root"
"DDG 1000","DDG 1000","1000","77.825","6.679","10.598","114.745","14.089","5.554","149.437","34.053","30.519","57.438","177.244","448.691","2020-BASE_PROCUREMENT-2020-NAVY_SHIPBUILDINGANDCOVERSION-U_PROCUREMENT_JustificationBook_Navy_PB_2020.zzz_unzipped-U_PROCUREMENT_JustificationBook_Navy_PB_2020.xml","6a6f7f045f2fff3696da11d165105c21c54858498f228591196758572a217bbd","3-0df8ab147c1fb7adf83432a908d0e223cc81b6258329fa5b67cf929c80ed93e8","12621-11b92904783d7ea01371d7fb4454cd1a36961873ab442825fdaece70da10b70b","root"
"DDG","DDG","114","55.043","22.584","334.113","488.383","33.259","43.384","23.198","44.954","39.766","87.54","554.912","750.37","2020-BASE_PROCUREMENT-2020-NAVY_SHIPBUILDINGANDCOVERSION-U_PROCUREMENT_JustificationBook_Navy_PB_2020.zzz_unzipped-U_PROCUREMENT_JustificationBook_Navy_PB_2020.xml","6a6f7f045f2fff3696da11d165105c21c54858498f228591196758572a217bbd","4-44bf18e3f575a2f4a0c3361024d5876bc521a78c47b0be2e8cd2b1fbc56f3ee6","12621-11b92904783d7ea01371d7fb4454cd1a36961873ab442825fdaece70da10b70b","root"
"LCS","LCS","6","83.108","16.007","102.283","238.66","14.376","22.886","376.679","121.033","140.163","136.361","606.056","1380.292","2020-BASE_PROCUREMENT-2020-NAVY_SHIPBUILDINGANDCOVERSION-U_PROCUREMENT_JustificationBook_Navy_PB_2020.zzz_unzipped-U_PROCUREMENT_JustificationBook_Navy_PB_2020.xml","6a6f7f045f2fff3696da11d165105c21c54858498f228591196758572a217bbd","5-a827e6c205e5ac67d318fa85de7229b967cc6991ab8e11c924cfb7de5fc78d8b","12621-11b92904783d7ea01371d7fb4454cd1a36961873ab442825fdaece70da10b70b","root"
"LPD","LPD","27","24.43","1.424","36.701","81.013","","18.458","28.171","21.72","1.988","0.207","129.893","181.979","2020-BASE_PROCUREMENT-2020-NAVY_SHIPBUILDINGANDCOVERSION-U_PROCUREMENT_JustificationBook_Navy_PB_2020.zzz_unzipped-U_PROCUREMENT_JustificationBook_Navy_PB_2020.xml","6a6f7f045f2fff3696da11d165105c21c54858498f228591196758572a217bbd","6-c54aa2505ba224220ebe1ce23136af6ca7682977f44d3d1d14d69158f8443a39","12621-11b92904783d7ea01371d7fb4454cd1a36961873ab442825fdaece70da10b70b","root"
"ESB","ESB","4","17.916","4.895","68.585","110.517","12.207","6.914","","7.38","14.88","9.177","37.662","69.099","2020-BASE_PROCUREMENT-2020-NAVY_SHIPBUILDINGANDCOVERSION-U_PROCUREMENT_JustificationBook_Navy_PB_2020.zzz_unzipped-U_PROCUREMENT_JustificationBook_Navy_PB_2020.xml","6a6f7f045f2fff3696da11d165105c21c54858498f228591196758572a217bbd","7-6ed39b2124d3b973acaaa5847472ca0c69bfa5663fe5fa0a777a540cb68ab3bd","12621-11b92904783d7ea01371d7fb4454cd1a36961873ab442825fdaece70da10b70b","root"
"LHA","LHA","7","28.358","9.071","29.823","75.582","8.33","","","7.14","24.239","11.361","69.059","111.799","2020-BASE_PROCUREMENT-2020-NAVY_SHIPBUILDINGANDCOVERSION-U_PROCUREMENT_JustificationBook_Navy_PB_2020.zzz_unzipped-U_PROCUREMENT_JustificationBook_Navy_PB_2020.xml","6a6f7f045f2fff3696da11d165105c21c54858498f228591196758572a217bbd","8-a8bb3dcab9eeb94217211c4c8b92b5706965691d544694641828b6c667235f17","12621-11b92904783d7ea01371d7fb4454cd1a36961873ab442825fdaece70da10b70b","root"
"EPF","EPF","9","7.815","3.604","4.5","20.724","4.805","","4.244","3.02","4.213","2.403","3.588","17.468","2020-BASE_PROCUREMENT-2020-NAVY_SHIPBUILDINGANDCOVERSION-U_PROCUREMENT_JustificationBook_Navy_PB_2020.zzz_unzipped-U_PROCUREMENT_JustificationBook_Navy_PB_2020.xml","6a6f7f045f2fff3696da11d165105c21c54858498f228591196758572a217bbd","9-c74e2553e2d77876d2c1f06c9a6be132b8c10ef20bf2a810ad3f9f8730a945e7","12621-11b92904783d7ea01371d7fb4454cd1a36961873ab442825fdaece70da10b70b","root"
"T-AO","T-AO","205","","","119.883","155.13","17.712","17.535","","","","4.197","95.105","99.302","2020-BASE_PROCUREMENT-2020-NAVY_SHIPBUILDINGANDCOVERSION-U_PROCUREMENT_JustificationBook_Navy_PB_2020.zzz_unzipped-U_PROCUREMENT_JustificationBook_Navy_PB_2020.xml","6a6f7f045f2fff3696da11d165105c21c54858498f228591196758572a217bbd","10-2ebaa608f5a2bcca378f1390d89343f6312d84219c0fdaec0569526be1f95671","12621-11b92904783d7ea01371d7fb4454cd1a36961873ab442825fdaece70da10b70b","root"
"T-ATS(X)","T-ATS(X)","1601","","","11.168","20.95","4.898","4.884","","","","2.486","6.467","8.953","2020-BASE_PROCUREMENT-2020-NAVY_SHIPBUILDINGANDCOVERSION-U_PROCUREMENT_JustificationBook_Navy_PB_2020.zzz_unzipped-U_PROCUREMENT_JustificationBook_Navy_PB_2020.xml","6a6f7f045f2fff3696da11d165105c21c54858498f228591196758572a217bbd","11-7fed1c3c988a8d9cce61d96fc69e0e94545a453539569654f0c3c2a9055d1ae8","12621-11b92904783d7ea01371d7fb4454cd1a36961873ab442825fdaece70da10b70b","root"
"MTS","MTS","701","15.683","3","","35.223","11.74","4.8","","","","","","","2020-BASE_PROCUREMENT-2020-NAVY_SHIPBUILDINGANDCOVERSION-U_PROCUREMENT_JustificationBook_Navy_PB_2020.zzz_unzipped-U_PROCUREMENT_JustificationBook_Navy_PB_2020.xml","6a6f7f045f2fff3696da11d165105c21c54858498f228591196758572a217bbd","12-5f502af37c92aa06a2327bcd5b7bb03bc0bd6857b4b730426c2b9d617e2193f7","12621-11b92904783d7ea01371d7fb4454cd1a36961873ab442825fdaece70da10b70b","root"
"LCAC","LCAC","102","0.3","1.151","24.44","33.007","3.287","3.829","","1.738","3.09","7.264","34.995","47.087","2020-BASE_PROCUREMENT-2020-NAVY_SHIPBUILDINGANDCOVERSION-U_PROCUREMENT_JustificationBook_Navy_PB_2020.zzz_unzipped-U_PROCUREMENT_JustificationBook_Navy_PB_2020.xml","6a6f7f045f2fff3696da11d165105c21c54858498f228591196758572a217bbd","13-77162ddd24acf24b37521ee211554229121ae65cf3fb96bf458ec224b262ac30","12621-11b92904783d7ea01371d7fb4454cd1a36961873ab442825fdaece70da10b70b","root"
"LCAC SLEP","LCAC SLEP","65","0.552","","0.257","1.531","0.238","0.484","","0.163","","0.15","0.45","0.763","2020-BASE_PROCUREMENT-2020-NAVY_SHIPBUILDINGANDCOVERSION-U_PROCUREMENT_JustificationBook_Navy_PB_2020.zzz_unzipped-U_PROCUREMENT_JustificationBook_Navy_PB_2020.xml","6a6f7f045f2fff3696da11d165105c21c54858498f228591196758572a217bbd","14-5e0d2377a07adbd1d9082c231dc1364f4608c376551c22fc958295d147fcd190","12621-11b92904783d7ea01371d7fb4454cd1a36961873ab442825fdaece70da10b70b","root"
"YP SLEP","YP SLEP","694","0.28","","","0.425","","0.145","","","","","","","2020-BASE_PROCUREMENT-2020-NAVY_SHIPBUILDINGANDCOVERSION-U_PROCUREMENT_JustificationBook_Navy_PB_2020.zzz_unzipped-U_PROCUREMENT_JustificationBook_Navy_PB_2020.xml","6a6f7f045f2fff3696da11d165105c21c54858498f228591196758572a217bbd","15-846e2732547e8359f91bebd8a641e38eae8d17b27610de5f3b5fcda2749ee41a","12621-11b92904783d7ea01371d7fb4454cd1a36961873ab442825fdaece70da10b70b","root"
"PUBS","PUBS","0","41.973","5.54","52.863","120.051","9.757","9.918","","","","","","","2020-BASE_PROCUREMENT-2020-NAVY_SHIPBUILDINGANDCOVERSION-U_PROCUREMENT_JustificationBook_Navy_PB_2020.zzz_unzipped-U_PROCUREMENT_JustificationBook_Navy_PB_2020.xml","6a6f7f045f2fff3696da11d165105c21c54858498f228591196758572a217bbd","16-1cff019205ae088d35502414d6551023aaa76a52a535ec6c44cbd0d17ea66110","12621-11b92904783d7ea01371d7fb4454cd1a36961873ab442825fdaece70da10b70b","root"
"CVN","CVN","78","151.6","0.231","489.59","679.96","","38.539","78.562","92.116","27.097","56.3","467.784","721.859","2020-BASE_PROCUREMENT-2020-NAVY_SHIPBUILDINGANDCOVERSION-U_PROCUREMENT_MasterJustificationBook_Navy_PB_2020.zzz_unzipped-U_PROCUREMENT_MasterJustificationBook_Navy_PB_2020.xml","0155258b6bb9aee5a5d937007ec17fee605953e6085a014d21adf1e56637359d","0-e698e10ede817bc0052b361246672c8ed291d35a84558e2673962dec8adc11e9","12645-a5a1fb1bf80035759ff2b47802ac05fb50700d0bcd77c6a3256d717e04fa67fe","root"
"VIRGINIA","VIRGINIA","787","119.334","22.577","341.729","568.31","26.393","58.277","82.822","46.703","77.753","107.29","484.07","798.638","2020-BASE_PROCUREMENT-2020-NAVY_SHIPBUILDINGANDCOVERSION-U_PROCUREMENT_MasterJustificationBook_Navy_PB_2020.zzz_unzipped-U_PROCUREMENT_MasterJustificationBook_Navy_PB_2020.xml","0155258b6bb9aee5a5d937007ec17fee605953e6085a014d21adf1e56637359d","1-e69f99c9c306a33df356b1b7ea5489117c5a6fca125df4421bb9d3db1d3a92d8","12645-a5a1fb1bf80035759ff2b47802ac05fb50700d0bcd77c6a3256d717e04fa67fe","root"
"CVN-RCOH","CVN-RCOH","73","","7.701","78.53","137.876","20.048","31.597","","","","","83","83","2020-BASE_PROCUREMENT-2020-NAVY_SHIPBUILDINGANDCOVERSION-U_PROCUREMENT_MasterJustificationBook_Navy_PB_2020.zzz_unzipped-U_PROCUREMENT_MasterJustificationBook_Navy_PB_2020.xml","0155258b6bb9aee5a5d937007ec17fee605953e6085a014d21adf1e56637359d","2-ad23220b22e3b8172393ac3b3f896bd743acf7ac84dc00abe639aff0d4428f03","12645-a5a1fb1bf80035759ff2b47802ac05fb50700d0bcd77c6a3256d717e04fa67fe","root"
"DDG 1000","DDG 1000","1000","77.825","6.679","10.598","114.745","14.089","5.554","149.437","34.053","30.519","57.438","177.244","448.691","2020-BASE_PROCUREMENT-2020-NAVY_SHIPBUILDINGANDCOVERSION-U_PROCUREMENT_MasterJustificationBook_Navy_PB_2020.zzz_unzipped-U_PROCUREMENT_MasterJustificationBook_Navy_PB_2020.xml","0155258b6bb9aee5a5d937007ec17fee605953e6085a014d21adf1e56637359d","3-a8e6c31cb898c4aea5ec55524858eb1f4ed74d894b5e4189e9c3e438cca6e6df","12645-a5a1fb1bf80035759ff2b47802ac05fb50700d0bcd77c6a3256d717e04fa67fe","root"
"DDG","DDG","114","55.043","22.584","334.113","488.383","33.259","43.384","23.198","44.954","39.766","87.54","554.912","750.37","2020-BASE_PROCUREMENT-2020-NAVY_SHIPBUILDINGANDCOVERSION-U_PROCUREMENT_MasterJustificationBook_Navy_PB_2020.zzz_unzipped-U_PROCUREMENT_MasterJustificationBook_Navy_PB_2020.xml","0155258b6bb9aee5a5d937007ec17fee605953e6085a014d21adf1e56637359d","4-82ccca267141fece0802ab580850c6deec736ece6d6f93409acd576508518504","12645-a5a1fb1bf80035759ff2b47802ac05fb50700d0bcd77c6a3256d717e04fa67fe","root"
"LCS","LCS","6","83.108","16.007","102.283","238.66","14.376","22.886","376.679","121.033","140.163","136.361","606.056","1380.292","2020-BASE_PROCUREMENT-2020-NAVY_SHIPBUILDINGANDCOVERSION-U_PROCUREMENT_MasterJustificationBook_Navy_PB_2020.zzz_unzipped-U_PROCUREMENT_MasterJustificationBook_Navy_PB_2020.xml","0155258b6bb9aee5a5d937007ec17fee605953e6085a014d21adf1e56637359d","5-43e1c8e72a1de9711685b61201dbc7059d91d8778950cb49ff99944a21621fb7","12645-a5a1fb1bf80035759ff2b47802ac05fb50700d0bcd77c6a3256d717e04fa67fe","root"
"LPD","LPD","27","24.43","1.424","36.701","81.013","","18.458","28.171","21.72","1.988","0.207","129.893","181.979","2020-BASE_PROCUREMENT-2020-NAVY_SHIPBUILDINGANDCOVERSION-U_PROCUREMENT_MasterJustificationBook_Navy_PB_2020.zzz_unzipped-U_PROCUREMENT_MasterJustificationBook_Navy_PB_2020.xml","0155258b6bb9aee5a5d937007ec17fee605953e6085a014d21adf1e56637359d","6-5284ac7a1ea24d84ad7ec4b0ecd1221729392064c7f75ea889a2c338bb743ef4","12645-a5a1fb1bf80035759ff2b47802ac05fb50700d0bcd77c6a3256d717e04fa67fe","root"
"ESB","ESB","4","17.916","4.895","68.585","110.517","12.207","6.914","","7.38","14.88","9.177","37.662","69.099","2020-BASE_PROCUREMENT-2020-NAVY_SHIPBUILDINGANDCOVERSION-U_PROCUREMENT_MasterJustificationBook_Navy_PB_2020.zzz_unzipped-U_PROCUREMENT_MasterJustificationBook_Navy_PB_2020.xml","0155258b6bb9aee5a5d937007ec17fee605953e6085a014d21adf1e56637359d","7-f08e0dc5f08bd88ed809f8cd59290fa18fbd1b459d26688f566c0f6a3c587acb","12645-a5a1fb1bf80035759ff2b47802ac05fb50700d0bcd77c6a3256d717e04fa67fe","root"
"LHA","LHA","7","28.358","9.071","29.823","75.582","8.33","","","7.14","24.239","11.361","69.059","111.799","2020-BASE_PROCUREMENT-2020-NAVY_SHIPBUILDINGANDCOVERSION-U_PROCUREMENT_MasterJustificationBook_Navy_PB_2020.zzz_unzipped-U_PROCUREMENT_MasterJustificationBook_Navy_PB_2020.xml","0155258b6bb9aee5a5d937007ec17fee605953e6085a014d21adf1e56637359d","8-21adb1e94860159c77e2bf54729f04db44230209e6332f9fdd46428bf1e04a1e","12645-a5a1fb1bf80035759ff2b47802ac05fb50700d0bcd77c6a3256d717e04fa67fe","root"
"EPF","EPF","9","7.815","3.604","4.5","20.724","4.805","","4.244","3.02","4.213","2.403","3.588","17.468","2020-BASE_PROCUREMENT-2020-NAVY_SHIPBUILDINGANDCOVERSION-U_PROCUREMENT_MasterJustificationBook_Navy_PB_2020.zzz_unzipped-U_PROCUREMENT_MasterJustificationBook_Navy_PB_2020.xml","0155258b6bb9aee5a5d937007ec17fee605953e6085a014d21adf1e56637359d","9-8f0c99c177c7e0c96316614edc7ba54c1c61509aafd396204a05cb36506bd5b4","12645-a5a1fb1bf80035759ff2b47802ac05fb50700d0bcd77c6a3256d717e04fa67fe","root"
"T-AO","T-AO","205","","","119.883","155.13","17.712","17.535","","","","4.197","95.105","99.302","2020-BASE_PROCUREMENT-2020-NAVY_SHIPBUILDINGANDCOVERSION-U_PROCUREMENT_MasterJustificationBook_Navy_PB_2020.zzz_unzipped-U_PROCUREMENT_MasterJustificationBook_Navy_PB_2020.xml","0155258b6bb9aee5a5d937007ec17fee605953e6085a014d21adf1e56637359d","10-02c508799a277c0280221ee55b65fa4bd26d607c62946785f411a7075843d5bd","12645-a5a1fb1bf80035759ff2b47802ac05fb50700d0bcd77c6a3256d717e04fa67fe","root"
"T-ATS(X)","T-ATS(X)","1601","","","11.168","20.95","4.898","4.884","","","","2.486","6.467","8.953","2020-BASE_PROCUREMENT-2020-NAVY_SHIPBUILDINGANDCOVERSION-U_PROCUREMENT_MasterJustificationBook_Navy_PB_2020.zzz_unzipped-U_PROCUREMENT_MasterJustificationBook_Navy_PB_2020.xml","0155258b6bb9aee5a5d937007ec17fee605953e6085a014d21adf1e56637359d","11-ba1f0b104e883e9b2d0f15dc87c0673a1ca7376ad11f4d40b38c6a70a5f566e0","12645-a5a1fb1bf80035759ff2b47802ac05fb50700d0bcd77c6a3256d717e04fa67fe","root"
"MTS","MTS","701","15.683","3","","35.223","11.74","4.8","","","","","","","2020-BASE_PROCUREMENT-2020-NAVY_SHIPBUILDINGANDCOVERSION-U_PROCUREMENT_MasterJustificationBook_Navy_PB_2020.zzz_unzipped-U_PROCUREMENT_MasterJustificationBook_Navy_PB_2020.xml","0155258b6bb9aee5a5d937007ec17fee605953e6085a014d21adf1e56637359d","12-aac319a4c1855ba87a61c3e5ba80a48d97d3f1d6bf15bfb77b269487f76f85f4","12645-a5a1fb1bf80035759ff2b47802ac05fb50700d0bcd77c6a3256d717e04fa67fe","root"
"LCAC","LCAC","102","0.3","1.151","24.44","33.007","3.287","3.829","","1.738","3.09","7.264","34.995","47.087","2020-BASE_PROCUREMENT-2020-NAVY_SHIPBUILDINGANDCOVERSION-U_PROCUREMENT_MasterJustificationBook_Navy_PB_2020.zzz_unzipped-U_PROCUREMENT_MasterJustificationBook_Navy_PB_2020.xml","0155258b6bb9aee5a5d937007ec17fee605953e6085a014d21adf1e56637359d","13-a10639dd19e1683db0fae04b3e5aeff8089957be006970309ebaadecdb99e461","12645-a5a1fb1bf80035759ff2b47802ac05fb50700d0bcd77c6a3256d717e04fa67fe","root"
"LCAC SLEP","LCAC SLEP","65","0.552","","0.257","1.531","0.238","0.484","","0.163","","0.15","0.45","0.763","2020-BASE_PROCUREMENT-2020-NAVY_SHIPBUILDINGANDCOVERSION-U_PROCUREMENT_MasterJustificationBook_Navy_PB_2020.zzz_unzipped-U_PROCUREMENT_MasterJustificationBook_Navy_PB_2020.xml","0155258b6bb9aee5a5d937007ec17fee605953e6085a014d21adf1e56637359d","14-c4ee3b5d5965cbb969d274dd37d974557a67984a7c7276d84b4a737ea7f7cbaa","12645-a5a1fb1bf80035759ff2b47802ac05fb50700d0bcd77c6a3256d717e04fa67fe","root"
"YP SLEP","YP SLEP","694","0.28","","","0.425","","0.145","","","","","","","2020-BASE_PROCUREMENT-2020-NAVY_SHIPBUILDINGANDCOVERSION-U_PROCUREMENT_MasterJustificationBook_Navy_PB_2020.zzz_unzipped-U_PROCUREMENT_MasterJustificationBook_Navy_PB_2020.xml","0155258b6bb9aee5a5d937007ec17fee605953e6085a014d21adf1e56637359d","15-532ff0b981a8672c5bcaa75a40344f60763aa2057177f3292c915cb699faa1eb","12645-a5a1fb1bf80035759ff2b47802ac05fb50700d0bcd77c6a3256d717e04fa67fe","root"
"PUBS","PUBS","0","41.973","5.54","52.863","120.051","9.757","9.918","","","","","","","2020-BASE_PROCUREMENT-2020-NAVY_SHIPBUILDINGANDCOVERSION-U_PROCUREMENT_MasterJustificationBook_Navy_PB_2020.zzz_unzipped-U_PROCUREMENT_MasterJustificationBook_Navy_PB_2020.xml","0155258b6bb9aee5a5d937007ec17fee605953e6085a014d21adf1e56637359d","16-e598c59d7d5de63875bb95a864cf13ba941ee82b3abdff8ee0af11a7091af7bc","12645-a5a1fb1bf80035759ff2b47802ac05fb50700d0bcd77c6a3256d717e04fa67fe","root"
