ShipNomenclature_ShipType_val,ShipNomenclature_ShipClassification_val,ShipNomenclature_FirstHullNumber_val,ShipClassOutfittingTotal_AllPriorYears_val,ShipClassOutfittingTotal_PriorYear_val,ShipClassOutfittingTotal_ToComplete_val,ShipClassOutfittingTotal_Total_val,ShipClassOutfittingTotal_CurrentYear_val,ShipClassOutfittingTotal_BudgetYearOne_val,ShipClassDeliveryTotal_AllPriorYears_val,ShipClassDeliveryTotal_PriorYear_val,ShipClassDeliveryTotal_CurrentYear_val,ShipClassDeliveryTotal_BudgetYearOne_val,ShipClassDeliveryTotal_ToComplete_val,ShipClassDeliveryTotal_Total_val,@SOURCE_FILENAME,@RECORDID,@ROWID,@PARENTROWID,@PARENT
"CVN","CVN","78","112.131","33.687","343.195","489.013","","","2.5","65.803","2.341","26.213","229.989","326.846","2018-BASE_PROCUREMENT-2018-NAVY_SHIPBUILDINGANDCOVERSION-U_PROCUREMENT_JustificationBook_Navy_PB_2018.zzz_unzipped-U_PROCUREMENT_JustificationBook_Navy_PB_2018.xml","446572dfec4731662095f6b1f4dcc0c4a786ebc016a71e705c18853376a92c9e","0-44628ba1de49e12547c5382a2a7c7dfa629f591852b4675b0581f42e36d4c997","9447-e748c0d398506f0d1a86dd3dc9cbaa3010ca4e76df2579d54e07e84833477a4f","root"
"VIRGINIA","VIRGINIA","783","106.866","36.437","229.677","421.863","31.755","17.128","144.482","68.176","110.912","101.613","469.844","895.027","2018-BASE_PROCUREMENT-2018-NAVY_SHIPBUILDINGANDCOVERSION-U_PROCUREMENT_JustificationBook_Navy_PB_2018.zzz_unzipped-U_PROCUREMENT_JustificationBook_Navy_PB_2018.xml","446572dfec4731662095f6b1f4dcc0c4a786ebc016a71e705c18853376a92c9e","1-30a936d79144b1ef76198a09d7f19c59992688da628db542467871d19ea45378","9447-e748c0d398506f0d1a86dd3dc9cbaa3010ca4e76df2579d54e07e84833477a4f","root"
"CVN-RCOH","CVN-RCOH","72","40.52","21.881","129.489","202.88","4.504","6.486","","2.845","29.912","","39.021","71.778","2018-BASE_PROCUREMENT-2018-NAVY_SHIPBUILDINGANDCOVERSION-U_PROCUREMENT_JustificationBook_Navy_PB_2018.zzz_unzipped-U_PROCUREMENT_JustificationBook_Navy_PB_2018.xml","446572dfec4731662095f6b1f4dcc0c4a786ebc016a71e705c18853376a92c9e","2-772eae700682edd27216b7004e505210f030caf47a991a997ddabd28bd00176c","9447-e748c0d398506f0d1a86dd3dc9cbaa3010ca4e76df2579d54e07e84833477a4f","root"
"DDG 1000","DDG 1000","1000","56.384","4.525","35.139","111.158","7.137","7.973","66.513","41.096","30.922","35.553","294.617","468.701","2018-BASE_PROCUREMENT-2018-NAVY_SHIPBUILDINGANDCOVERSION-U_PROCUREMENT_JustificationBook_Navy_PB_2018.zzz_unzipped-U_PROCUREMENT_JustificationBook_Navy_PB_2018.xml","446572dfec4731662095f6b1f4dcc0c4a786ebc016a71e705c18853376a92c9e","3-6c4c461f7d69b6cd65fb6b4509cf770617bdf29821eade97757d2784112171cf","9447-e748c0d398506f0d1a86dd3dc9cbaa3010ca4e76df2579d54e07e84833477a4f","root"
"DDG","DDG","113","9.81","39.011","188.575","302.119","34.597","30.126","","19.63","87.064","54.671","376.041","537.406","2018-BASE_PROCUREMENT-2018-NAVY_SHIPBUILDINGANDCOVERSION-U_PROCUREMENT_JustificationBook_Navy_PB_2018.zzz_unzipped-U_PROCUREMENT_JustificationBook_Navy_PB_2018.xml","446572dfec4731662095f6b1f4dcc0c4a786ebc016a71e705c18853376a92c9e","4-bf702fec411dcda10a3ec0d70f9f51f28610fdf2018674585a0d034b29510b7f","9447-e748c0d398506f0d1a86dd3dc9cbaa3010ca4e76df2579d54e07e84833477a4f","root"
"FF","FF","1","","","11.504","11.504","","","","","","","","","2018-BASE_PROCUREMENT-2018-NAVY_SHIPBUILDINGANDCOVERSION-U_PROCUREMENT_JustificationBook_Navy_PB_2018.zzz_unzipped-U_PROCUREMENT_JustificationBook_Navy_PB_2018.xml","446572dfec4731662095f6b1f4dcc0c4a786ebc016a71e705c18853376a92c9e","5-9f69d9c9b14835d0fda779e7026d87247e99d43e2504b10b7ec2bf509f853696","9447-e748c0d398506f0d1a86dd3dc9cbaa3010ca4e76df2579d54e07e84833477a4f","root"
"LCS","LCS","6","49.503","35.853","67.361","186.789","18.065","16.007","75.107","152.963","158.334","153.724","498.984","1039.112","2018-BASE_PROCUREMENT-2018-NAVY_SHIPBUILDINGANDCOVERSION-U_PROCUREMENT_JustificationBook_Navy_PB_2018.zzz_unzipped-U_PROCUREMENT_JustificationBook_Navy_PB_2018.xml","446572dfec4731662095f6b1f4dcc0c4a786ebc016a71e705c18853376a92c9e","6-ea4fd1b98e6cc2a9844828b1d2fbadf85976c9dd29195630824b11fae8621732","9447-e748c0d398506f0d1a86dd3dc9cbaa3010ca4e76df2579d54e07e84833477a4f","root"
"LPD","LPD","26","15.933","22.559","22.119","76.34","14.305","1.424","5.648","21.077","55.308","28.72","49.624","160.377","2018-BASE_PROCUREMENT-2018-NAVY_SHIPBUILDINGANDCOVERSION-U_PROCUREMENT_JustificationBook_Navy_PB_2018.zzz_unzipped-U_PROCUREMENT_JustificationBook_Navy_PB_2018.xml","446572dfec4731662095f6b1f4dcc0c4a786ebc016a71e705c18853376a92c9e","7-caa7afe21e7075f0ea3a935686d888a4da965d60997db4697c1653684bcdbfc5","9447-e748c0d398506f0d1a86dd3dc9cbaa3010ca4e76df2579d54e07e84833477a4f","root"
"ESB","ESB","4","","3.015","20.008","46.053","18.03","5","","","","7.35","23.618","30.968","2018-BASE_PROCUREMENT-2018-NAVY_SHIPBUILDINGANDCOVERSION-U_PROCUREMENT_JustificationBook_Navy_PB_2018.zzz_unzipped-U_PROCUREMENT_JustificationBook_Navy_PB_2018.xml","446572dfec4731662095f6b1f4dcc0c4a786ebc016a71e705c18853376a92c9e","8-4f1526dd22f27da8f017c480799a6531d05d68a79d4037237ac4754670731108","9447-e748c0d398506f0d1a86dd3dc9cbaa3010ca4e76df2579d54e07e84833477a4f","root"
"LHA","LHA","7","0.959","12.627","9.558","49.704","15.731","10.829","","","","4.14","45.575","49.715","2018-BASE_PROCUREMENT-2018-NAVY_SHIPBUILDINGANDCOVERSION-U_PROCUREMENT_JustificationBook_Navy_PB_2018.zzz_unzipped-U_PROCUREMENT_JustificationBook_Navy_PB_2018.xml","446572dfec4731662095f6b1f4dcc0c4a786ebc016a71e705c18853376a92c9e","9-db7d189e87a8fe8ffa00271053062b2ebfced5e75b5495817c44e6674af6b05f","9447-e748c0d398506f0d1a86dd3dc9cbaa3010ca4e76df2579d54e07e84833477a4f","root"
"EPF","EPF","6","3.84","7.696","4.816","25.559","4.904","4.303","4.881","6.325","10.724","5.684","9.809","37.423","2018-BASE_PROCUREMENT-2018-NAVY_SHIPBUILDINGANDCOVERSION-U_PROCUREMENT_JustificationBook_Navy_PB_2018.zzz_unzipped-U_PROCUREMENT_JustificationBook_Navy_PB_2018.xml","446572dfec4731662095f6b1f4dcc0c4a786ebc016a71e705c18853376a92c9e","10-7c524fc05da74004eb3935ddf5f40c6f10e8e3b9bb7bc0c2cbc04dfafcbbfa8e","9447-e748c0d398506f0d1a86dd3dc9cbaa3010ca4e76df2579d54e07e84833477a4f","root"
"T-AO","T-AO","205","","","78.334","78.334","","","","","","","86.536","86.536","2018-BASE_PROCUREMENT-2018-NAVY_SHIPBUILDINGANDCOVERSION-U_PROCUREMENT_JustificationBook_Navy_PB_2018.zzz_unzipped-U_PROCUREMENT_JustificationBook_Navy_PB_2018.xml","446572dfec4731662095f6b1f4dcc0c4a786ebc016a71e705c18853376a92c9e","11-5843b02fbffbd00ac678b8becabcac8117e4791547d0460294f6ad6e6c8fbc29","9447-e748c0d398506f0d1a86dd3dc9cbaa3010ca4e76df2579d54e07e84833477a4f","root"
"T-ATS(X)","T-ATS(X)","1601","","","17.045","17.045","","","","","","","9.022","9.022","2018-BASE_PROCUREMENT-2018-NAVY_SHIPBUILDINGANDCOVERSION-U_PROCUREMENT_JustificationBook_Navy_PB_2018.zzz_unzipped-U_PROCUREMENT_JustificationBook_Navy_PB_2018.xml","446572dfec4731662095f6b1f4dcc0c4a786ebc016a71e705c18853376a92c9e","12-cbd759d4c75c9aac1d1cfc65fdf09c784c8dda7b09409dbb3a96f7f0d5e4eeb0","9447-e748c0d398506f0d1a86dd3dc9cbaa3010ca4e76df2579d54e07e84833477a4f","root"
"AGOR","AGOR","28","","","","","","","1.75","1.3","","","","3.05","2018-BASE_PROCUREMENT-2018-NAVY_SHIPBUILDINGANDCOVERSION-U_PROCUREMENT_JustificationBook_Navy_PB_2018.zzz_unzipped-U_PROCUREMENT_JustificationBook_Navy_PB_2018.xml","446572dfec4731662095f6b1f4dcc0c4a786ebc016a71e705c18853376a92c9e","13-81c07814e084b97a8e2b27ad029fdf1c51adfcd2ec4fc0e4f94b5d11d3aa4732","9447-e748c0d398506f0d1a86dd3dc9cbaa3010ca4e76df2579d54e07e84833477a4f","root"
"T-AGS","T-AGS","66","","","","","","","1.188","1.5","","","","2.688","2018-BASE_PROCUREMENT-2018-NAVY_SHIPBUILDINGANDCOVERSION-U_PROCUREMENT_JustificationBook_Navy_PB_2018.zzz_unzipped-U_PROCUREMENT_JustificationBook_Navy_PB_2018.xml","446572dfec4731662095f6b1f4dcc0c4a786ebc016a71e705c18853376a92c9e","14-f9bbf947c7a62c46e308509b35a7b8d448c63061fcf3a9c8e2427b7fba2cceea","9447-e748c0d398506f0d1a86dd3dc9cbaa3010ca4e76df2579d54e07e84833477a4f","root"
"MTS","MTS","701","","","4.978","29.591","14.81","9.803","","","","","","","2018-BASE_PROCUREMENT-2018-NAVY_SHIPBUILDINGANDCOVERSION-U_PROCUREMENT_JustificationBook_Navy_PB_2018.zzz_unzipped-U_PROCUREMENT_JustificationBook_Navy_PB_2018.xml","446572dfec4731662095f6b1f4dcc0c4a786ebc016a71e705c18853376a92c9e","15-f9084c585ecfad0b9a42ef7ec96a6734b922fdeedcdf1df5bfe04cc0f6501511","9447-e748c0d398506f0d1a86dd3dc9cbaa3010ca4e76df2579d54e07e84833477a4f","root"
"LCAC","LCAC","101","","","24.256","25.6","","1.344","","","","3.738","41.356","45.094","2018-BASE_PROCUREMENT-2018-NAVY_SHIPBUILDINGANDCOVERSION-U_PROCUREMENT_JustificationBook_Navy_PB_2018.zzz_unzipped-U_PROCUREMENT_JustificationBook_Navy_PB_2018.xml","446572dfec4731662095f6b1f4dcc0c4a786ebc016a71e705c18853376a92c9e","16-5275944113563e7bbb4d71f56bbca84dc9bc38dd7101d9e93492770c281cbb21","9447-e748c0d398506f0d1a86dd3dc9cbaa3010ca4e76df2579d54e07e84833477a4f","root"
"LCAC SLEP","LCAC SLEP","89","","0.389","","1.355","0.86","0.106","0.05","0.334","1.184","0.762","0.134","2.464","2018-BASE_PROCUREMENT-2018-NAVY_SHIPBUILDINGANDCOVERSION-U_PROCUREMENT_JustificationBook_Navy_PB_2018.zzz_unzipped-U_PROCUREMENT_JustificationBook_Navy_PB_2018.xml","446572dfec4731662095f6b1f4dcc0c4a786ebc016a71e705c18853376a92c9e","17-a14d75ff9787bbb7421a818b155167d315d1791971feaaa67e45233ff1cb6d44","9447-e748c0d398506f0d1a86dd3dc9cbaa3010ca4e76df2579d54e07e84833477a4f","root"
"YP SLEP","YP SLEP","688","","0.146","0.145","0.571","0.28","","","","","","","","2018-BASE_PROCUREMENT-2018-NAVY_SHIPBUILDINGANDCOVERSION-U_PROCUREMENT_JustificationBook_Navy_PB_2018.zzz_unzipped-U_PROCUREMENT_JustificationBook_Navy_PB_2018.xml","446572dfec4731662095f6b1f4dcc0c4a786ebc016a71e705c18853376a92c9e","18-888657453de68ad1f775b03cacedb356fe1a8ce45ce0fdac2b0fcc36278a90f9","9447-e748c0d398506f0d1a86dd3dc9cbaa3010ca4e76df2579d54e07e84833477a4f","root"
"PUBS","PUBS","0","30.256","9.76","54.228","114.593","9.491","10.858","","","","","","","2018-BASE_PROCUREMENT-2018-NAVY_SHIPBUILDINGANDCOVERSION-U_PROCUREMENT_JustificationBook_Navy_PB_2018.zzz_unzipped-U_PROCUREMENT_JustificationBook_Navy_PB_2018.xml","446572dfec4731662095f6b1f4dcc0c4a786ebc016a71e705c18853376a92c9e","19-9fa6378a577b97c2c307787b2981ab8f8c6fd5bdb3083e6bf9e1a4ac72027d5d","9447-e748c0d398506f0d1a86dd3dc9cbaa3010ca4e76df2579d54e07e84833477a4f","root"
"CVN","CVN","78","112.131","33.687","343.195","489.013","","","2.5","65.803","2.341","26.213","229.989","326.846","2018-BASE_PROCUREMENT-2018-NAVY_SHIPBUILDINGANDCOVERSION-U_PROCUREMENT_MasterJustificationBook_Navy_PB_2018.zzz_unzipped-U_PROCUREMENT_MasterJustificationBook_Navy_PB_2018.xml","43d529bbf3dbc61e508321b0e46f3aecbe37bc2d3a20714e98e0b2cdf7ff4c5d","0-68958f469b56a36338264040778a062dec77ebdedf6751f7549e5a76d13c9a9d","9468-09d763a5207f0f329d4cd1f57f9bb97474bd946a2f89610b0c90ec29a23a30b6","root"
"VIRGINIA","VIRGINIA","783","106.866","36.437","229.677","421.863","31.755","17.128","144.482","68.176","110.912","101.613","469.844","895.027","2018-BASE_PROCUREMENT-2018-NAVY_SHIPBUILDINGANDCOVERSION-U_PROCUREMENT_MasterJustificationBook_Navy_PB_2018.zzz_unzipped-U_PROCUREMENT_MasterJustificationBook_Navy_PB_2018.xml","43d529bbf3dbc61e508321b0e46f3aecbe37bc2d3a20714e98e0b2cdf7ff4c5d","1-7d6b0ccd8c96e49bf7a1fee7c84a98dc6446d2fd1c7533714d1b54b28bb43411","9468-09d763a5207f0f329d4cd1f57f9bb97474bd946a2f89610b0c90ec29a23a30b6","root"
"CVN-RCOH","CVN-RCOH","72","40.52","21.881","129.489","202.88","4.504","6.486","","2.845","29.912","","39.021","71.778","2018-BASE_PROCUREMENT-2018-NAVY_SHIPBUILDINGANDCOVERSION-U_PROCUREMENT_MasterJustificationBook_Navy_PB_2018.zzz_unzipped-U_PROCUREMENT_MasterJustificationBook_Navy_PB_2018.xml","43d529bbf3dbc61e508321b0e46f3aecbe37bc2d3a20714e98e0b2cdf7ff4c5d","2-f58ee7c3cff72c2f9b20d2d6f4403973c164710718318c72b5643b42a0c95bf6","9468-09d763a5207f0f329d4cd1f57f9bb97474bd946a2f89610b0c90ec29a23a30b6","root"
"DDG 1000","DDG 1000","1000","56.384","4.525","35.139","111.158","7.137","7.973","66.513","41.096","30.922","35.553","294.617","468.701","2018-BASE_PROCUREMENT-2018-NAVY_SHIPBUILDINGANDCOVERSION-U_PROCUREMENT_MasterJustificationBook_Navy_PB_2018.zzz_unzipped-U_PROCUREMENT_MasterJustificationBook_Navy_PB_2018.xml","43d529bbf3dbc61e508321b0e46f3aecbe37bc2d3a20714e98e0b2cdf7ff4c5d","3-bb0a6a07f0428182c10422a37dbadad09be0bdb112c3be5ef0a63baa94fedc06","9468-09d763a5207f0f329d4cd1f57f9bb97474bd946a2f89610b0c90ec29a23a30b6","root"
"DDG","DDG","113","9.81","39.011","188.575","302.119","34.597","30.126","","19.63","87.064","54.671","376.041","537.406","2018-BASE_PROCUREMENT-2018-NAVY_SHIPBUILDINGANDCOVERSION-U_PROCUREMENT_MasterJustificationBook_Navy_PB_2018.zzz_unzipped-U_PROCUREMENT_MasterJustificationBook_Navy_PB_2018.xml","43d529bbf3dbc61e508321b0e46f3aecbe37bc2d3a20714e98e0b2cdf7ff4c5d","4-6d29ad691a31e334c6dc48802897b3e7b0c38ae97b2481de97f20ad95cbe23d8","9468-09d763a5207f0f329d4cd1f57f9bb97474bd946a2f89610b0c90ec29a23a30b6","root"
"FF","FF","1","","","11.504","11.504","","","","","","","","","2018-BASE_PROCUREMENT-2018-NAVY_SHIPBUILDINGANDCOVERSION-U_PROCUREMENT_MasterJustificationBook_Navy_PB_2018.zzz_unzipped-U_PROCUREMENT_MasterJustificationBook_Navy_PB_2018.xml","43d529bbf3dbc61e508321b0e46f3aecbe37bc2d3a20714e98e0b2cdf7ff4c5d","5-20ed5a9d14117a7119e4c948c0c2654c0c2bf3ad79398f2e7059c1fc19354a1e","9468-09d763a5207f0f329d4cd1f57f9bb97474bd946a2f89610b0c90ec29a23a30b6","root"
"LCS","LCS","6","49.503","35.853","67.361","186.789","18.065","16.007","75.107","152.963","158.334","153.724","498.984","1039.112","2018-BASE_PROCUREMENT-2018-NAVY_SHIPBUILDINGANDCOVERSION-U_PROCUREMENT_MasterJustificationBook_Navy_PB_2018.zzz_unzipped-U_PROCUREMENT_MasterJustificationBook_Navy_PB_2018.xml","43d529bbf3dbc61e508321b0e46f3aecbe37bc2d3a20714e98e0b2cdf7ff4c5d","6-af27b02f73122b7433b67419746a53946ca957443b58ecbcc80366238a7668bc","9468-09d763a5207f0f329d4cd1f57f9bb97474bd946a2f89610b0c90ec29a23a30b6","root"
"LPD","LPD","26","15.933","22.559","22.119","76.34","14.305","1.424","5.648","21.077","55.308","28.72","49.624","160.377","2018-BASE_PROCUREMENT-2018-NAVY_SHIPBUILDINGANDCOVERSION-U_PROCUREMENT_MasterJustificationBook_Navy_PB_2018.zzz_unzipped-U_PROCUREMENT_MasterJustificationBook_Navy_PB_2018.xml","43d529bbf3dbc61e508321b0e46f3aecbe37bc2d3a20714e98e0b2cdf7ff4c5d","7-04f00672d20786435bc6066fdcbddb2ac5f8fe0c51bab462414cbfa0009e2843","9468-09d763a5207f0f329d4cd1f57f9bb97474bd946a2f89610b0c90ec29a23a30b6","root"
"ESB","ESB","4","","3.015","20.008","46.053","18.03","5","","","","7.35","23.618","30.968","2018-BASE_PROCUREMENT-2018-NAVY_SHIPBUILDINGANDCOVERSION-U_PROCUREMENT_MasterJustificationBook_Navy_PB_2018.zzz_unzipped-U_PROCUREMENT_MasterJustificationBook_Navy_PB_2018.xml","43d529bbf3dbc61e508321b0e46f3aecbe37bc2d3a20714e98e0b2cdf7ff4c5d","8-81ea01497c20b644e5b227f8c3e9c8150b7a6d34d8410ad45efa6a6670268b14","9468-09d763a5207f0f329d4cd1f57f9bb97474bd946a2f89610b0c90ec29a23a30b6","root"
"LHA","LHA","7","0.959","12.627","9.558","49.704","15.731","10.829","","","","4.14","45.575","49.715","2018-BASE_PROCUREMENT-2018-NAVY_SHIPBUILDINGANDCOVERSION-U_PROCUREMENT_MasterJustificationBook_Navy_PB_2018.zzz_unzipped-U_PROCUREMENT_MasterJustificationBook_Navy_PB_2018.xml","43d529bbf3dbc61e508321b0e46f3aecbe37bc2d3a20714e98e0b2cdf7ff4c5d","9-e521d98d79c0bab083111b82c11a4056d2ecbc32b686cda3e019d70a42c35b9e","9468-09d763a5207f0f329d4cd1f57f9bb97474bd946a2f89610b0c90ec29a23a30b6","root"
"EPF","EPF","6","3.84","7.696","4.816","25.559","4.904","4.303","4.881","6.325","10.724","5.684","9.809","37.423","2018-BASE_PROCUREMENT-2018-NAVY_SHIPBUILDINGANDCOVERSION-U_PROCUREMENT_MasterJustificationBook_Navy_PB_2018.zzz_unzipped-U_PROCUREMENT_MasterJustificationBook_Navy_PB_2018.xml","43d529bbf3dbc61e508321b0e46f3aecbe37bc2d3a20714e98e0b2cdf7ff4c5d","10-1fa1c43e8b8e1b3224b1990ce0d335481eac3d74faaa51abdc3004040cb9ecbe","9468-09d763a5207f0f329d4cd1f57f9bb97474bd946a2f89610b0c90ec29a23a30b6","root"
"T-AO","T-AO","205","","","78.334","78.334","","","","","","","86.536","86.536","2018-BASE_PROCUREMENT-2018-NAVY_SHIPBUILDINGANDCOVERSION-U_PROCUREMENT_MasterJustificationBook_Navy_PB_2018.zzz_unzipped-U_PROCUREMENT_MasterJustificationBook_Navy_PB_2018.xml","43d529bbf3dbc61e508321b0e46f3aecbe37bc2d3a20714e98e0b2cdf7ff4c5d","11-2d9b26a6c40ae2e55e7a84f72a3a4aa8d66cf1c26a6dd5ca28e7318a4b955dc9","9468-09d763a5207f0f329d4cd1f57f9bb97474bd946a2f89610b0c90ec29a23a30b6","root"
"T-ATS(X)","T-ATS(X)","1601","","","17.045","17.045","","","","","","","9.022","9.022","2018-BASE_PROCUREMENT-2018-NAVY_SHIPBUILDINGANDCOVERSION-U_PROCUREMENT_MasterJustificationBook_Navy_PB_2018.zzz_unzipped-U_PROCUREMENT_MasterJustificationBook_Navy_PB_2018.xml","43d529bbf3dbc61e508321b0e46f3aecbe37bc2d3a20714e98e0b2cdf7ff4c5d","12-9a8508766e96c405cf292a1e0e494339b6b839d0127d21d51c7405e7226d0ff3","9468-09d763a5207f0f329d4cd1f57f9bb97474bd946a2f89610b0c90ec29a23a30b6","root"
"AGOR","AGOR","28","","","","","","","1.75","1.3","","","","3.05","2018-BASE_PROCUREMENT-2018-NAVY_SHIPBUILDINGANDCOVERSION-U_PROCUREMENT_MasterJustificationBook_Navy_PB_2018.zzz_unzipped-U_PROCUREMENT_MasterJustificationBook_Navy_PB_2018.xml","43d529bbf3dbc61e508321b0e46f3aecbe37bc2d3a20714e98e0b2cdf7ff4c5d","13-3fcde16ba3689ce82989a28eac00b214d9048f3be345438c0ad2d4af768cafa4","9468-09d763a5207f0f329d4cd1f57f9bb97474bd946a2f89610b0c90ec29a23a30b6","root"
"T-AGS","T-AGS","66","","","","","","","1.188","1.5","","","","2.688","2018-BASE_PROCUREMENT-2018-NAVY_SHIPBUILDINGANDCOVERSION-U_PROCUREMENT_MasterJustificationBook_Navy_PB_2018.zzz_unzipped-U_PROCUREMENT_MasterJustificationBook_Navy_PB_2018.xml","43d529bbf3dbc61e508321b0e46f3aecbe37bc2d3a20714e98e0b2cdf7ff4c5d","14-fd63a0beaf0a5ddbb5712bcbff0f96b56c9e33b0f76b3e056f193cd8a4d3cc0c","9468-09d763a5207f0f329d4cd1f57f9bb97474bd946a2f89610b0c90ec29a23a30b6","root"
"MTS","MTS","701","","","4.978","29.591","14.81","9.803","","","","","","","2018-BASE_PROCUREMENT-2018-NAVY_SHIPBUILDINGANDCOVERSION-U_PROCUREMENT_MasterJustificationBook_Navy_PB_2018.zzz_unzipped-U_PROCUREMENT_MasterJustificationBook_Navy_PB_2018.xml","43d529bbf3dbc61e508321b0e46f3aecbe37bc2d3a20714e98e0b2cdf7ff4c5d","15-1105c4b8fc550d8d08a0a801d08865c052e3993f1b2ce0507bba081897024703","9468-09d763a5207f0f329d4cd1f57f9bb97474bd946a2f89610b0c90ec29a23a30b6","root"
"LCAC","LCAC","101","","","24.256","25.6","","1.344","","","","3.738","41.356","45.094","2018-BASE_PROCUREMENT-2018-NAVY_SHIPBUILDINGANDCOVERSION-U_PROCUREMENT_MasterJustificationBook_Navy_PB_2018.zzz_unzipped-U_PROCUREMENT_MasterJustificationBook_Navy_PB_2018.xml","43d529bbf3dbc61e508321b0e46f3aecbe37bc2d3a20714e98e0b2cdf7ff4c5d","16-09660567dd55a9a2686605a938ff6e95f4377f18f484400b44fd7b8e928310a6","9468-09d763a5207f0f329d4cd1f57f9bb97474bd946a2f89610b0c90ec29a23a30b6","root"
"LCAC SLEP","LCAC SLEP","89","","0.389","","1.355","0.86","0.106","0.05","0.334","1.184","0.762","0.134","2.464","2018-BASE_PROCUREMENT-2018-NAVY_SHIPBUILDINGANDCOVERSION-U_PROCUREMENT_MasterJustificationBook_Navy_PB_2018.zzz_unzipped-U_PROCUREMENT_MasterJustificationBook_Navy_PB_2018.xml","43d529bbf3dbc61e508321b0e46f3aecbe37bc2d3a20714e98e0b2cdf7ff4c5d","17-f5bf19f1362352fe81c39765638a025e84eaf09e0bd90aa8b58f716357447393","9468-09d763a5207f0f329d4cd1f57f9bb97474bd946a2f89610b0c90ec29a23a30b6","root"
"YP SLEP","YP SLEP","688","","0.146","0.145","0.571","0.28","","","","","","","","2018-BASE_PROCUREMENT-2018-NAVY_SHIPBUILDINGANDCOVERSION-U_PROCUREMENT_MasterJustificationBook_Navy_PB_2018.zzz_unzipped-U_PROCUREMENT_MasterJustificationBook_Navy_PB_2018.xml","43d529bbf3dbc61e508321b0e46f3aecbe37bc2d3a20714e98e0b2cdf7ff4c5d","18-de3b1d94fb907c3b4d81bf23955ca9d03049ea05b4c950aeee3370edb8f25b4d","9468-09d763a5207f0f329d4cd1f57f9bb97474bd946a2f89610b0c90ec29a23a30b6","root"
"PUBS","PUBS","0","30.256","9.76","54.228","114.593","9.491","10.858","","","","","","","2018-BASE_PROCUREMENT-2018-NAVY_SHIPBUILDINGANDCOVERSION-U_PROCUREMENT_MasterJustificationBook_Navy_PB_2018.zzz_unzipped-U_PROCUREMENT_MasterJustificationBook_Navy_PB_2018.xml","43d529bbf3dbc61e508321b0e46f3aecbe37bc2d3a20714e98e0b2cdf7ff4c5d","19-446583b660f013d1d88ec5fa881140187349cb79e7c3cfd9b9cac5106cef3fb7","9468-09d763a5207f0f329d4cd1f57f9bb97474bd946a2f89610b0c90ec29a23a30b6","root"
"CVN","CVN","78","145.818","","325.572","489.013","","17.623","68.303","2.341","26.213","33.9","230.051","360.808","2019-BASE_PROCUREMENT-2019-NAVY_SHIPBUILDINGANDCOVERSION-U_PROCUREMENT_JustificationBook_Navy_PB_2019.zzz_unzipped-U_PROCUREMENT_JustificationBook_Navy_PB_2019.xml","20f0cbeada285325b78e6d086f8b298d2cb7e1776780b0dad7597cf0dfc0d0ff","0-cf99cae068faddd4128fe51e469f517f0d95582ad42b7bdc73b2db5ecee279b5","11059-233fa747e9c256a946370dc0d9906e8e4e5f3a45be779226a265483f0b284f0c","root"
"VIRGINIA","VIRGINIA","786","95.51","23.608","347.068","527.306","17.128","43.992","37.046","110.912","101.613","77.753","500.238","827.562","2019-BASE_PROCUREMENT-2019-NAVY_SHIPBUILDINGANDCOVERSION-U_PROCUREMENT_JustificationBook_Navy_PB_2019.zzz_unzipped-U_PROCUREMENT_JustificationBook_Navy_PB_2019.xml","20f0cbeada285325b78e6d086f8b298d2cb7e1776780b0dad7597cf0dfc0d0ff","1-21b84a1feec0755c20da38c464652af47477ee123fdaba3d921a2792b380e17d","11059-233fa747e9c256a946370dc0d9906e8e4e5f3a45be779226a265483f0b284f0c","root"
"CVN-RCOH","CVN-RCOH","72","63.818","4.504","110.137","204.993","6.486","20.048","2.845","29.912","","","83","115.757","2019-BASE_PROCUREMENT-2019-NAVY_SHIPBUILDINGANDCOVERSION-U_PROCUREMENT_JustificationBook_Navy_PB_2019.zzz_unzipped-U_PROCUREMENT_JustificationBook_Navy_PB_2019.xml","20f0cbeada285325b78e6d086f8b298d2cb7e1776780b0dad7597cf0dfc0d0ff","2-58daa3eaf2f0f7e85b99abdb1372d8f544d6d43ae6b5012e86c4451b9f1520ba","11059-233fa747e9c256a946370dc0d9906e8e4e5f3a45be779226a265483f0b284f0c","root"
"DDG 1000","DDG 1000","1000","62.698","7.137","14.636","112.947","7.973","20.503","109.904","30.922","35.553","56.6","238.018","470.997","2019-BASE_PROCUREMENT-2019-NAVY_SHIPBUILDINGANDCOVERSION-U_PROCUREMENT_JustificationBook_Navy_PB_2019.zzz_unzipped-U_PROCUREMENT_JustificationBook_Navy_PB_2019.xml","20f0cbeada285325b78e6d086f8b298d2cb7e1776780b0dad7597cf0dfc0d0ff","3-cec5fbf5aab0c44c5ac2fc011902112c9925c9cc02c0375f2262313e61a5805b","11059-233fa747e9c256a946370dc0d9906e8e4e5f3a45be779226a265483f0b284f0c","root"
"DDG","DDG","113","52.099","43.712","292.433","451.629","30.126","33.259","19.63","70.38","54.671","39.766","458.765","643.212","2019-BASE_PROCUREMENT-2019-NAVY_SHIPBUILDINGANDCOVERSION-U_PROCUREMENT_JustificationBook_Navy_PB_2019.zzz_unzipped-U_PROCUREMENT_JustificationBook_Navy_PB_2019.xml","20f0cbeada285325b78e6d086f8b298d2cb7e1776780b0dad7597cf0dfc0d0ff","4-e7edd6cae641e75a656212c41c62262a108b4974f05da3a695da24c182838fc7","11059-233fa747e9c256a946370dc0d9906e8e4e5f3a45be779226a265483f0b284f0c","root"
"FF","FF","1","","","29.268","29.268","","","","","","","","","2019-BASE_PROCUREMENT-2019-NAVY_SHIPBUILDINGANDCOVERSION-U_PROCUREMENT_JustificationBook_Navy_PB_2019.zzz_unzipped-U_PROCUREMENT_JustificationBook_Navy_PB_2019.xml","20f0cbeada285325b78e6d086f8b298d2cb7e1776780b0dad7597cf0dfc0d0ff","5-59c8fb39a66f3cc399eb2b873d241b5e008a3291b1729379306c2be9114d8c8a","11059-233fa747e9c256a946370dc0d9906e8e4e5f3a45be779226a265483f0b284f0c","root"
"LCS","LCS","6","75.528","18.065","58.2","189.483","16.007","21.683","226.598","139.438","153.724","147.582","625.196","1292.538","2019-BASE_PROCUREMENT-2019-NAVY_SHIPBUILDINGANDCOVERSION-U_PROCUREMENT_JustificationBook_Navy_PB_2019.zzz_unzipped-U_PROCUREMENT_JustificationBook_Navy_PB_2019.xml","20f0cbeada285325b78e6d086f8b298d2cb7e1776780b0dad7597cf0dfc0d0ff","6-cba68b412b0ca2a5dbbd5434a46d164ea419506cd2ec89259f0fa137b06286db","11059-233fa747e9c256a946370dc0d9906e8e4e5f3a45be779226a265483f0b284f0c","root"
"LPD","LPD","26","40.984","11.426","61.536","116.927","1.424","1.557","26.052","55.308","28.72","1.988","130","242.068","2019-BASE_PROCUREMENT-2019-NAVY_SHIPBUILDINGANDCOVERSION-U_PROCUREMENT_JustificationBook_Navy_PB_2019.zzz_unzipped-U_PROCUREMENT_JustificationBook_Navy_PB_2019.xml","20f0cbeada285325b78e6d086f8b298d2cb7e1776780b0dad7597cf0dfc0d0ff","7-0b8ceab58b86d1caa4d158c61d8eb72029ab6e490543f518d9d7fa1391753361","11059-233fa747e9c256a946370dc0d9906e8e4e5f3a45be779226a265483f0b284f0c","root"
"ESB","ESB","4","4","18.03","7.398","47.717","5.844","12.445","","","7.38","14.746","9.327","31.453","2019-BASE_PROCUREMENT-2019-NAVY_SHIPBUILDINGANDCOVERSION-U_PROCUREMENT_JustificationBook_Navy_PB_2019.zzz_unzipped-U_PROCUREMENT_JustificationBook_Navy_PB_2019.xml","20f0cbeada285325b78e6d086f8b298d2cb7e1776780b0dad7597cf0dfc0d0ff","8-725f050c20bb3d0c502283a45d30126eea8812323fdb964cfa4bd989dd64ca88","11059-233fa747e9c256a946370dc0d9906e8e4e5f3a45be779226a265483f0b284f0c","root"
"LHA","LHA","7","16.628","15.731","28.646","80.164","10.829","8.33","","","4.14","24.239","76.25","104.629","2019-BASE_PROCUREMENT-2019-NAVY_SHIPBUILDINGANDCOVERSION-U_PROCUREMENT_JustificationBook_Navy_PB_2019.zzz_unzipped-U_PROCUREMENT_JustificationBook_Navy_PB_2019.xml","20f0cbeada285325b78e6d086f8b298d2cb7e1776780b0dad7597cf0dfc0d0ff","9-8b0098f770d190570aa9f66d3b4ab5488d91b68e1746ef54317f899114c202ec","11059-233fa747e9c256a946370dc0d9906e8e4e5f3a45be779226a265483f0b284f0c","root"
"EPF","EPF","8","4.58","2.395","","16.083","4.303","4.805","","10.724","5.684","4.213","2.407","23.028","2019-BASE_PROCUREMENT-2019-NAVY_SHIPBUILDINGANDCOVERSION-U_PROCUREMENT_JustificationBook_Navy_PB_2019.zzz_unzipped-U_PROCUREMENT_JustificationBook_Navy_PB_2019.xml","20f0cbeada285325b78e6d086f8b298d2cb7e1776780b0dad7597cf0dfc0d0ff","10-866dbbcd0b565e84253a51a37ce5bc7ade408ed08ab61f4e0356b2e7bb16c54c","11059-233fa747e9c256a946370dc0d9906e8e4e5f3a45be779226a265483f0b284f0c","root"
"T-AO","T-AO","205","","","121.302","139.038","0.024","17.712","","","","","86.535","86.535","2019-BASE_PROCUREMENT-2019-NAVY_SHIPBUILDINGANDCOVERSION-U_PROCUREMENT_JustificationBook_Navy_PB_2019.zzz_unzipped-U_PROCUREMENT_JustificationBook_Navy_PB_2019.xml","20f0cbeada285325b78e6d086f8b298d2cb7e1776780b0dad7597cf0dfc0d0ff","11-7f4e19ade3d3a1be6736bdbb704e2b614e931da91ca89489576b96c2e3cc24c7","11059-233fa747e9c256a946370dc0d9906e8e4e5f3a45be779226a265483f0b284f0c","root"
"T-ATS(X)","T-ATS(X)","1601","","","11.732","16.63","","4.898","","","","","8.953","8.953","2019-BASE_PROCUREMENT-2019-NAVY_SHIPBUILDINGANDCOVERSION-U_PROCUREMENT_JustificationBook_Navy_PB_2019.zzz_unzipped-U_PROCUREMENT_JustificationBook_Navy_PB_2019.xml","20f0cbeada285325b78e6d086f8b298d2cb7e1776780b0dad7597cf0dfc0d0ff","12-db48e12630070e4eef30a0e0529b6dc1c157b835bb96e9f09e49bab728994fa1","11059-233fa747e9c256a946370dc0d9906e8e4e5f3a45be779226a265483f0b284f0c","root"
"MTS","MTS","701","","14.81","","29.55","9.803","4.937","","","","","","","2019-BASE_PROCUREMENT-2019-NAVY_SHIPBUILDINGANDCOVERSION-U_PROCUREMENT_JustificationBook_Navy_PB_2019.zzz_unzipped-U_PROCUREMENT_JustificationBook_Navy_PB_2019.xml","20f0cbeada285325b78e6d086f8b298d2cb7e1776780b0dad7597cf0dfc0d0ff","13-8be0b2b7547297efe86c26325aebf40eeab31e85060822519a09b044fe2254c8","11059-233fa747e9c256a946370dc0d9906e8e4e5f3a45be779226a265483f0b284f0c","root"
"LCAC","LCAC","101","0.3","","20.605","25.566","1.374","3.287","","","3.738","3.09","35.15","41.978","2019-BASE_PROCUREMENT-2019-NAVY_SHIPBUILDINGANDCOVERSION-U_PROCUREMENT_JustificationBook_Navy_PB_2019.zzz_unzipped-U_PROCUREMENT_JustificationBook_Navy_PB_2019.xml","20f0cbeada285325b78e6d086f8b298d2cb7e1776780b0dad7597cf0dfc0d0ff","14-0e40021e6b5826b9ca076edfbfe4c72c767ed86776d16848ae08b472675247b0","11059-233fa747e9c256a946370dc0d9906e8e4e5f3a45be779226a265483f0b284f0c","root"
"LCAC SLEP","LCAC SLEP","78","0.792","0.86","0.98","2.738","0.106","","0.271","1.184","0.469","0.134","0.9","2.958","2019-BASE_PROCUREMENT-2019-NAVY_SHIPBUILDINGANDCOVERSION-U_PROCUREMENT_JustificationBook_Navy_PB_2019.zzz_unzipped-U_PROCUREMENT_JustificationBook_Navy_PB_2019.xml","20f0cbeada285325b78e6d086f8b298d2cb7e1776780b0dad7597cf0dfc0d0ff","15-ab6316aff1f0e8cb089a04f404cf5497c67978ef953bc339fc89bf050004357c","11059-233fa747e9c256a946370dc0d9906e8e4e5f3a45be779226a265483f0b284f0c","root"
"YP SLEP","YP SLEP","694","0.049","0.28","0.145","0.474","","","","","","","","","2019-BASE_PROCUREMENT-2019-NAVY_SHIPBUILDINGANDCOVERSION-U_PROCUREMENT_JustificationBook_Navy_PB_2019.zzz_unzipped-U_PROCUREMENT_JustificationBook_Navy_PB_2019.xml","20f0cbeada285325b78e6d086f8b298d2cb7e1776780b0dad7597cf0dfc0d0ff","16-71b14d39a93caec06d0e78992a4a4fbb0200ec0fabf67de1509e6753ab2bbc50","11059-233fa747e9c256a946370dc0d9906e8e4e5f3a45be779226a265483f0b284f0c","root"
"PUBS","PUBS","0","32.482","9.491","51.815","113.768","10.223","9.757","","","","","","","2019-BASE_PROCUREMENT-2019-NAVY_SHIPBUILDINGANDCOVERSION-U_PROCUREMENT_JustificationBook_Navy_PB_2019.zzz_unzipped-U_PROCUREMENT_JustificationBook_Navy_PB_2019.xml","20f0cbeada285325b78e6d086f8b298d2cb7e1776780b0dad7597cf0dfc0d0ff","17-6031a97a346b9d95d75b2dc09c9ceb73f178a7086ac88bbfece5a1ebd4da6cac","11059-233fa747e9c256a946370dc0d9906e8e4e5f3a45be779226a265483f0b284f0c","root"
"CVN","CVN","78","145.818","","325.572","489.013","","17.623","68.303","2.341","26.213","33.9","230.051","360.808","2019-BASE_PROCUREMENT-2019-NAVY_SHIPBUILDINGANDCOVERSION-U_PROCUREMENT_MasterJustificationBook_Navy_PB_2019.zzz_unzipped-U_PROCUREMENT_MasterJustificationBook_Navy_PB_2019.xml","bee2904d5dd307d291e5b97f5b0fd988b4382f20a6afa3a8acdc3f2702393b56","0-63e810d7b34c5912c61e0b25599382cd02bd181e772dd84e43007c50275a0e10","11080-12be06a8c2b8c592016f44807ad4993d425204edfdee0086f93ee09ec6f32263","root"
"VIRGINIA","VIRGINIA","786","95.51","23.608","347.068","527.306","17.128","43.992","37.046","110.912","101.613","77.753","500.238","827.562","2019-BASE_PROCUREMENT-2019-NAVY_SHIPBUILDINGANDCOVERSION-U_PROCUREMENT_MasterJustificationBook_Navy_PB_2019.zzz_unzipped-U_PROCUREMENT_MasterJustificationBook_Navy_PB_2019.xml","bee2904d5dd307d291e5b97f5b0fd988b4382f20a6afa3a8acdc3f2702393b56","1-f349844c1e923cf0b987e013483cad1c45e5981001552d44d831e405eeef2944","11080-12be06a8c2b8c592016f44807ad4993d425204edfdee0086f93ee09ec6f32263","root"
"CVN-RCOH","CVN-RCOH","72","63.818","4.504","110.137","204.993","6.486","20.048","2.845","29.912","","","83","115.757","2019-BASE_PROCUREMENT-2019-NAVY_SHIPBUILDINGANDCOVERSION-U_PROCUREMENT_MasterJustificationBook_Navy_PB_2019.zzz_unzipped-U_PROCUREMENT_MasterJustificationBook_Navy_PB_2019.xml","bee2904d5dd307d291e5b97f5b0fd988b4382f20a6afa3a8acdc3f2702393b56","2-65c1d77d549047f5ab218fcc726d9465ab7d4d3ba16b33cfed97f6ddf8149fb2","11080-12be06a8c2b8c592016f44807ad4993d425204edfdee0086f93ee09ec6f32263","root"
"DDG 1000","DDG 1000","1000","62.698","7.137","14.636","112.947","7.973","20.503","109.904","30.922","35.553","56.6","238.018","470.997","2019-BASE_PROCUREMENT-2019-NAVY_SHIPBUILDINGANDCOVERSION-U_PROCUREMENT_MasterJustificationBook_Navy_PB_2019.zzz_unzipped-U_PROCUREMENT_MasterJustificationBook_Navy_PB_2019.xml","bee2904d5dd307d291e5b97f5b0fd988b4382f20a6afa3a8acdc3f2702393b56","3-2e7dc4393a0391188514cdfb96b52fd778d98ac56e796caad1ea7dbae8b08585","11080-12be06a8c2b8c592016f44807ad4993d425204edfdee0086f93ee09ec6f32263","root"
"DDG","DDG","113","52.099","43.712","292.433","451.629","30.126","33.259","19.63","70.38","54.671","39.766","458.765","643.212","2019-BASE_PROCUREMENT-2019-NAVY_SHIPBUILDINGANDCOVERSION-U_PROCUREMENT_MasterJustificationBook_Navy_PB_2019.zzz_unzipped-U_PROCUREMENT_MasterJustificationBook_Navy_PB_2019.xml","bee2904d5dd307d291e5b97f5b0fd988b4382f20a6afa3a8acdc3f2702393b56","4-3ed8ec93611d82bfff3bb1658e5cf54ea108101ede911f9c7e19d17c12d6864e","11080-12be06a8c2b8c592016f44807ad4993d425204edfdee0086f93ee09ec6f32263","root"
"FF","FF","1","","","29.268","29.268","","","","","","","","","2019-BASE_PROCUREMENT-2019-NAVY_SHIPBUILDINGANDCOVERSION-U_PROCUREMENT_MasterJustificationBook_Navy_PB_2019.zzz_unzipped-U_PROCUREMENT_MasterJustificationBook_Navy_PB_2019.xml","bee2904d5dd307d291e5b97f5b0fd988b4382f20a6afa3a8acdc3f2702393b56","5-62ffc2fa0e3c54b047076c95e532328625101423f397ec3ef583c3b4927d5853","11080-12be06a8c2b8c592016f44807ad4993d425204edfdee0086f93ee09ec6f32263","root"
"LCS","LCS","6","75.528","18.065","58.2","189.483","16.007","21.683","226.598","139.438","153.724","147.582","625.196","1292.538","2019-BASE_PROCUREMENT-2019-NAVY_SHIPBUILDINGANDCOVERSION-U_PROCUREMENT_MasterJustificationBook_Navy_PB_2019.zzz_unzipped-U_PROCUREMENT_MasterJustificationBook_Navy_PB_2019.xml","bee2904d5dd307d291e5b97f5b0fd988b4382f20a6afa3a8acdc3f2702393b56","6-63c84b9d0a0ee43756dc923e06fb46807c858345f79df45e541d4d5058d0ec2d","11080-12be06a8c2b8c592016f44807ad4993d425204edfdee0086f93ee09ec6f32263","root"
"LPD","LPD","26","40.984","11.426","61.536","116.927","1.424","1.557","26.052","55.308","28.72","1.988","130","242.068","2019-BASE_PROCUREMENT-2019-NAVY_SHIPBUILDINGANDCOVERSION-U_PROCUREMENT_MasterJustificationBook_Navy_PB_2019.zzz_unzipped-U_PROCUREMENT_MasterJustificationBook_Navy_PB_2019.xml","bee2904d5dd307d291e5b97f5b0fd988b4382f20a6afa3a8acdc3f2702393b56","7-b05ff681d766d5463d8eb009e015230ee983e563cb925721144c8772fa6d903a","11080-12be06a8c2b8c592016f44807ad4993d425204edfdee0086f93ee09ec6f32263","root"
"ESB","ESB","4","4","18.03","7.398","47.717","5.844","12.445","","","7.38","14.746","9.327","31.453","2019-BASE_PROCUREMENT-2019-NAVY_SHIPBUILDINGANDCOVERSION-U_PROCUREMENT_MasterJustificationBook_Navy_PB_2019.zzz_unzipped-U_PROCUREMENT_MasterJustificationBook_Navy_PB_2019.xml","bee2904d5dd307d291e5b97f5b0fd988b4382f20a6afa3a8acdc3f2702393b56","8-cc701f6129cc125a85b0cae631dd51f46ab721531108c525a4fc62efeedf73d0","11080-12be06a8c2b8c592016f44807ad4993d425204edfdee0086f93ee09ec6f32263","root"
"LHA","LHA","7","16.628","15.731","28.646","80.164","10.829","8.33","","","4.14","24.239","76.25","104.629","2019-BASE_PROCUREMENT-2019-NAVY_SHIPBUILDINGANDCOVERSION-U_PROCUREMENT_MasterJustificationBook_Navy_PB_2019.zzz_unzipped-U_PROCUREMENT_MasterJustificationBook_Navy_PB_2019.xml","bee2904d5dd307d291e5b97f5b0fd988b4382f20a6afa3a8acdc3f2702393b56","9-c0bde091fdd991630fee320cebe0bbcf0541e4627bf41d824f2694f092f5b30b","11080-12be06a8c2b8c592016f44807ad4993d425204edfdee0086f93ee09ec6f32263","root"
"EPF","EPF","8","4.58","2.395","","16.083","4.303","4.805","","10.724","5.684","4.213","2.407","23.028","2019-BASE_PROCUREMENT-2019-NAVY_SHIPBUILDINGANDCOVERSION-U_PROCUREMENT_MasterJustificationBook_Navy_PB_2019.zzz_unzipped-U_PROCUREMENT_MasterJustificationBook_Navy_PB_2019.xml","bee2904d5dd307d291e5b97f5b0fd988b4382f20a6afa3a8acdc3f2702393b56","10-7fcd36ac31a7e4ef7bbf6f009a408f5a934ca371df952fd9fc7d68da2e918a60","11080-12be06a8c2b8c592016f44807ad4993d425204edfdee0086f93ee09ec6f32263","root"
"T-AO","T-AO","205","","","121.302","139.038","0.024","17.712","","","","","86.535","86.535","2019-BASE_PROCUREMENT-2019-NAVY_SHIPBUILDINGANDCOVERSION-U_PROCUREMENT_MasterJustificationBook_Navy_PB_2019.zzz_unzipped-U_PROCUREMENT_MasterJustificationBook_Navy_PB_2019.xml","bee2904d5dd307d291e5b97f5b0fd988b4382f20a6afa3a8acdc3f2702393b56","11-b21e2c87f39109d595c7f0f03bcf9f3b87e815b341d0ba6a67bcf481cbdf0677","11080-12be06a8c2b8c592016f44807ad4993d425204edfdee0086f93ee09ec6f32263","root"
"T-ATS(X)","T-ATS(X)","1601","","","11.732","16.63","","4.898","","","","","8.953","8.953","2019-BASE_PROCUREMENT-2019-NAVY_SHIPBUILDINGANDCOVERSION-U_PROCUREMENT_MasterJustificationBook_Navy_PB_2019.zzz_unzipped-U_PROCUREMENT_MasterJustificationBook_Navy_PB_2019.xml","bee2904d5dd307d291e5b97f5b0fd988b4382f20a6afa3a8acdc3f2702393b56","12-bdda93cac22fcce7b4a0d31bcee550d8931f5c00e4671bba94fd5659c7cb90b5","11080-12be06a8c2b8c592016f44807ad4993d425204edfdee0086f93ee09ec6f32263","root"
"MTS","MTS","701","","14.81","","29.55","9.803","4.937","","","","","","","2019-BASE_PROCUREMENT-2019-NAVY_SHIPBUILDINGANDCOVERSION-U_PROCUREMENT_MasterJustificationBook_Navy_PB_2019.zzz_unzipped-U_PROCUREMENT_MasterJustificationBook_Navy_PB_2019.xml","bee2904d5dd307d291e5b97f5b0fd988b4382f20a6afa3a8acdc3f2702393b56","13-ffc10baeb86ed94e730207380d1238f72dcbb5f376cf98905c87146f9069a106","11080-12be06a8c2b8c592016f44807ad4993d425204edfdee0086f93ee09ec6f32263","root"
"LCAC","LCAC","101","0.3","","20.605","25.566","1.374","3.287","","","3.738","3.09","35.15","41.978","2019-BASE_PROCUREMENT-2019-NAVY_SHIPBUILDINGANDCOVERSION-U_PROCUREMENT_MasterJustificationBook_Navy_PB_2019.zzz_unzipped-U_PROCUREMENT_MasterJustificationBook_Navy_PB_2019.xml","bee2904d5dd307d291e5b97f5b0fd988b4382f20a6afa3a8acdc3f2702393b56","14-667febbccf1f980afddeea1b11e1a198b8a109c5345d16c68391660b4ad587c0","11080-12be06a8c2b8c592016f44807ad4993d425204edfdee0086f93ee09ec6f32263","root"
"LCAC SLEP","LCAC SLEP","78","0.792","0.86","0.98","2.738","0.106","","0.271","1.184","0.469","0.134","0.9","2.958","2019-BASE_PROCUREMENT-2019-NAVY_SHIPBUILDINGANDCOVERSION-U_PROCUREMENT_MasterJustificationBook_Navy_PB_2019.zzz_unzipped-U_PROCUREMENT_MasterJustificationBook_Navy_PB_2019.xml","bee2904d5dd307d291e5b97f5b0fd988b4382f20a6afa3a8acdc3f2702393b56","15-3d327ae1268ca5a6cc7a316b2626725e11aef7a4637e9978403a4879f66c84e3","11080-12be06a8c2b8c592016f44807ad4993d425204edfdee0086f93ee09ec6f32263","root"
"YP SLEP","YP SLEP","694","0.049","0.28","0.145","0.474","","","","","","","","","2019-BASE_PROCUREMENT-2019-NAVY_SHIPBUILDINGANDCOVERSION-U_PROCUREMENT_MasterJustificationBook_Navy_PB_2019.zzz_unzipped-U_PROCUREMENT_MasterJustificationBook_Navy_PB_2019.xml","bee2904d5dd307d291e5b97f5b0fd988b4382f20a6afa3a8acdc3f2702393b56","16-5716043ad3d7522daeb5e384539fb6db72db19298e77ec05359884f673a5bb12","11080-12be06a8c2b8c592016f44807ad4993d425204edfdee0086f93ee09ec6f32263","root"
"PUBS","PUBS","0","32.482","9.491","51.815","113.768","10.223","9.757","","","","","","","2019-BASE_PROCUREMENT-2019-NAVY_SHIPBUILDINGANDCOVERSION-U_PROCUREMENT_MasterJustificationBook_Navy_PB_2019.zzz_unzipped-U_PROCUREMENT_MasterJustificationBook_Navy_PB_2019.xml","bee2904d5dd307d291e5b97f5b0fd988b4382f20a6afa3a8acdc3f2702393b56","17-7554e017480589e529d07745b51a04355c3e3a4998edb972b479ec9198bb3d98","11080-12be06a8c2b8c592016f44807ad4993d425204edfdee0086f93ee09ec6f32263","root"
"CVN","CVN","78","151.6","0.231","489.59","679.96","","38.539","78.562","92.116","27.097","56.3","467.784","721.859","2020-BASE_PROCUREMENT-2020-NAVY_SHIPBUILDINGANDCOVERSION-U_PROCUREMENT_JustificationBook_Navy_PB_2020.zzz_unzipped-U_PROCUREMENT_JustificationBook_Navy_PB_2020.xml","6a6f7f045f2fff3696da11d165105c21c54858498f228591196758572a217bbd","0-1ca8fc5929ef1c115c0f4c57b64ee8d5277191de94f89602fa9199a6208906b2","12621-0daa161ddd636232034bed763eac119cd6fcc5c756379f0ce570e96e3c549c12","root"
"VIRGINIA","VIRGINIA","787","119.334","22.577","341.729","568.31","26.393","58.277","82.822","46.703","77.753","107.29","484.07","798.638","2020-BASE_PROCUREMENT-2020-NAVY_SHIPBUILDINGANDCOVERSION-U_PROCUREMENT_JustificationBook_Navy_PB_2020.zzz_unzipped-U_PROCUREMENT_JustificationBook_Navy_PB_2020.xml","6a6f7f045f2fff3696da11d165105c21c54858498f228591196758572a217bbd","1-ab20dc94563a99b2d5974f7b734c8b22726814be7d768c2fb7ba6549a000c84b","12621-0daa161ddd636232034bed763eac119cd6fcc5c756379f0ce570e96e3c549c12","root"
"CVN-RCOH","CVN-RCOH","73","","7.701","78.53","137.876","20.048","31.597","","","","","83","83","2020-BASE_PROCUREMENT-2020-NAVY_SHIPBUILDINGANDCOVERSION-U_PROCUREMENT_JustificationBook_Navy_PB_2020.zzz_unzipped-U_PROCUREMENT_JustificationBook_Navy_PB_2020.xml","6a6f7f045f2fff3696da11d165105c21c54858498f228591196758572a217bbd","2-54e8947b733cafe811a77c959fa2538b0f70d9af602348fbce0073d1b42702e3","12621-0daa161ddd636232034bed763eac119cd6fcc5c756379f0ce570e96e3c549c12","root"
"DDG 1000","DDG 1000","1000","77.825","6.679","10.598","114.745","14.089","5.554","149.437","34.053","30.519","57.438","177.244","448.691","2020-BASE_PROCUREMENT-2020-NAVY_SHIPBUILDINGANDCOVERSION-U_PROCUREMENT_JustificationBook_Navy_PB_2020.zzz_unzipped-U_PROCUREMENT_JustificationBook_Navy_PB_2020.xml","6a6f7f045f2fff3696da11d165105c21c54858498f228591196758572a217bbd","3-5faf62c4b9a0cf89cbe1ce956788ea8a6300c8086da26c7023a72b6bf72a1c73","12621-0daa161ddd636232034bed763eac119cd6fcc5c756379f0ce570e96e3c549c12","root"
"DDG","DDG","114","55.043","22.584","334.113","488.383","33.259","43.384","23.198","44.954","39.766","87.54","554.912","750.37","2020-BASE_PROCUREMENT-2020-NAVY_SHIPBUILDINGANDCOVERSION-U_PROCUREMENT_JustificationBook_Navy_PB_2020.zzz_unzipped-U_PROCUREMENT_JustificationBook_Navy_PB_2020.xml","6a6f7f045f2fff3696da11d165105c21c54858498f228591196758572a217bbd","4-115ef463d0891e9a8e3b58bfef05c6411e1bc13d8f16e069c9743af199c26085","12621-0daa161ddd636232034bed763eac119cd6fcc5c756379f0ce570e96e3c549c12","root"
"LCS","LCS","6","83.108","16.007","102.283","238.66","14.376","22.886","376.679","121.033","140.163","136.361","606.056","1380.292","2020-BASE_PROCUREMENT-2020-NAVY_SHIPBUILDINGANDCOVERSION-U_PROCUREMENT_JustificationBook_Navy_PB_2020.zzz_unzipped-U_PROCUREMENT_JustificationBook_Navy_PB_2020.xml","6a6f7f045f2fff3696da11d165105c21c54858498f228591196758572a217bbd","5-f4dc3887d05d6120d462ee4504afcd6b46b0419fa15898dcc39a57e2fc687b7f","12621-0daa161ddd636232034bed763eac119cd6fcc5c756379f0ce570e96e3c549c12","root"
"LPD","LPD","27","24.43","1.424","36.701","81.013","","18.458","28.171","21.72","1.988","0.207","129.893","181.979","2020-BASE_PROCUREMENT-2020-NAVY_SHIPBUILDINGANDCOVERSION-U_PROCUREMENT_JustificationBook_Navy_PB_2020.zzz_unzipped-U_PROCUREMENT_JustificationBook_Navy_PB_2020.xml","6a6f7f045f2fff3696da11d165105c21c54858498f228591196758572a217bbd","6-ab71baf61c2f57f8bf1a3af527497f5457e38da6acd65347a0640a39144a4b78","12621-0daa161ddd636232034bed763eac119cd6fcc5c756379f0ce570e96e3c549c12","root"
"ESB","ESB","4","17.916","4.895","68.585","110.517","12.207","6.914","","7.38","14.88","9.177","37.662","69.099","2020-BASE_PROCUREMENT-2020-NAVY_SHIPBUILDINGANDCOVERSION-U_PROCUREMENT_JustificationBook_Navy_PB_2020.zzz_unzipped-U_PROCUREMENT_JustificationBook_Navy_PB_2020.xml","6a6f7f045f2fff3696da11d165105c21c54858498f228591196758572a217bbd","7-9f095ffa5932f40ed03c813691e6ddaabca75187cb1ac05b4f4881283fe90291","12621-0daa161ddd636232034bed763eac119cd6fcc5c756379f0ce570e96e3c549c12","root"
"LHA","LHA","7","28.358","9.071","29.823","75.582","8.33","","","7.14","24.239","11.361","69.059","111.799","2020-BASE_PROCUREMENT-2020-NAVY_SHIPBUILDINGANDCOVERSION-U_PROCUREMENT_JustificationBook_Navy_PB_2020.zzz_unzipped-U_PROCUREMENT_JustificationBook_Navy_PB_2020.xml","6a6f7f045f2fff3696da11d165105c21c54858498f228591196758572a217bbd","8-60a70d0ce32a4cde2c23cbcb3b5bd9661798b4faaf18e41fcdeeb15422839195","12621-0daa161ddd636232034bed763eac119cd6fcc5c756379f0ce570e96e3c549c12","root"
"EPF","EPF","9","7.815","3.604","4.5","20.724","4.805","","4.244","3.02","4.213","2.403","3.588","17.468","2020-BASE_PROCUREMENT-2020-NAVY_SHIPBUILDINGANDCOVERSION-U_PROCUREMENT_JustificationBook_Navy_PB_2020.zzz_unzipped-U_PROCUREMENT_JustificationBook_Navy_PB_2020.xml","6a6f7f045f2fff3696da11d165105c21c54858498f228591196758572a217bbd","9-5de6f92a2df8c9fe64da1b5a768dcbe7f37781baa5a33d9f2fbbeb42efcca22e","12621-0daa161ddd636232034bed763eac119cd6fcc5c756379f0ce570e96e3c549c12","root"
"T-AO","T-AO","205","","","119.883","155.13","17.712","17.535","","","","4.197","95.105","99.302","2020-BASE_PROCUREMENT-2020-NAVY_SHIPBUILDINGANDCOVERSION-U_PROCUREMENT_JustificationBook_Navy_PB_2020.zzz_unzipped-U_PROCUREMENT_JustificationBook_Navy_PB_2020.xml","6a6f7f045f2fff3696da11d165105c21c54858498f228591196758572a217bbd","10-077e84a1232a4f395bc0cf2def1e5105bbbff79ded2f449a99a48f0f153f99d5","12621-0daa161ddd636232034bed763eac119cd6fcc5c756379f0ce570e96e3c549c12","root"
"T-ATS(X)","T-ATS(X)","1601","","","11.168","20.95","4.898","4.884","","","","2.486","6.467","8.953","2020-BASE_PROCUREMENT-2020-NAVY_SHIPBUILDINGANDCOVERSION-U_PROCUREMENT_JustificationBook_Navy_PB_2020.zzz_unzipped-U_PROCUREMENT_JustificationBook_Navy_PB_2020.xml","6a6f7f045f2fff3696da11d165105c21c54858498f228591196758572a217bbd","11-481d39e3d3a92a9f8e2f8c07d58909e527883d137932e2eea32da86c82730a50","12621-0daa161ddd636232034bed763eac119cd6fcc5c756379f0ce570e96e3c549c12","root"
"MTS","MTS","701","15.683","3","","35.223","11.74","4.8","","","","","","","2020-BASE_PROCUREMENT-2020-NAVY_SHIPBUILDINGANDCOVERSION-U_PROCUREMENT_JustificationBook_Navy_PB_2020.zzz_unzipped-U_PROCUREMENT_JustificationBook_Navy_PB_2020.xml","6a6f7f045f2fff3696da11d165105c21c54858498f228591196758572a217bbd","12-6b975c991e595bc9245e8216e2c84f32331a584a23ce4ded9fa83be61ed0a9d1","12621-0daa161ddd636232034bed763eac119cd6fcc5c756379f0ce570e96e3c549c12","root"
"LCAC","LCAC","102","0.3","1.151","24.44","33.007","3.287","3.829","","1.738","3.09","7.264","34.995","47.087","2020-BASE_PROCUREMENT-2020-NAVY_SHIPBUILDINGANDCOVERSION-U_PROCUREMENT_JustificationBook_Navy_PB_2020.zzz_unzipped-U_PROCUREMENT_JustificationBook_Navy_PB_2020.xml","6a6f7f045f2fff3696da11d165105c21c54858498f228591196758572a217bbd","13-56ee7c11b01beabbcff756cc595d17f8dbb48293a91cb1d5ec428ad12d1ffcdf","12621-0daa161ddd636232034bed763eac119cd6fcc5c756379f0ce570e96e3c549c12","root"
"LCAC SLEP","LCAC SLEP","65","0.552","","0.257","1.531","0.238","0.484","","0.163","","0.15","0.45","0.763","2020-BASE_PROCUREMENT-2020-NAVY_SHIPBUILDINGANDCOVERSION-U_PROCUREMENT_JustificationBook_Navy_PB_2020.zzz_unzipped-U_PROCUREMENT_JustificationBook_Navy_PB_2020.xml","6a6f7f045f2fff3696da11d165105c21c54858498f228591196758572a217bbd","14-e08a15b9a0325f4b604528d8cfc4fd0bf5985edcd49f35b093fbb5d26f3df964","12621-0daa161ddd636232034bed763eac119cd6fcc5c756379f0ce570e96e3c549c12","root"
"YP SLEP","YP SLEP","694","0.28","","","0.425","","0.145","","","","","","","2020-BASE_PROCUREMENT-2020-NAVY_SHIPBUILDINGANDCOVERSION-U_PROCUREMENT_JustificationBook_Navy_PB_2020.zzz_unzipped-U_PROCUREMENT_JustificationBook_Navy_PB_2020.xml","6a6f7f045f2fff3696da11d165105c21c54858498f228591196758572a217bbd","15-592b87ea9a2da79a694f9efa072cd2cb49ad9cedbe07509448516d71801a86e7","12621-0daa161ddd636232034bed763eac119cd6fcc5c756379f0ce570e96e3c549c12","root"
"PUBS","PUBS","0","41.973","5.54","52.863","120.051","9.757","9.918","","","","","","","2020-BASE_PROCUREMENT-2020-NAVY_SHIPBUILDINGANDCOVERSION-U_PROCUREMENT_JustificationBook_Navy_PB_2020.zzz_unzipped-U_PROCUREMENT_JustificationBook_Navy_PB_2020.xml","6a6f7f045f2fff3696da11d165105c21c54858498f228591196758572a217bbd","16-d2eebd3c728955f3f09e2539933045aad734fdfa571208167fe5586367beeaac","12621-0daa161ddd636232034bed763eac119cd6fcc5c756379f0ce570e96e3c549c12","root"
"CVN","CVN","78","151.6","0.231","489.59","679.96","","38.539","78.562","92.116","27.097","56.3","467.784","721.859","2020-BASE_PROCUREMENT-2020-NAVY_SHIPBUILDINGANDCOVERSION-U_PROCUREMENT_MasterJustificationBook_Navy_PB_2020.zzz_unzipped-U_PROCUREMENT_MasterJustificationBook_Navy_PB_2020.xml","0155258b6bb9aee5a5d937007ec17fee605953e6085a014d21adf1e56637359d","0-a12d27445b998f800d8398b76c5495fd9dd2cfab191e3209050a8f8771621dfd","12645-2777dbc952564683ba960942535ded5ea5fe021635ebdfb4f3b2859dd75beae5","root"
"VIRGINIA","VIRGINIA","787","119.334","22.577","341.729","568.31","26.393","58.277","82.822","46.703","77.753","107.29","484.07","798.638","2020-BASE_PROCUREMENT-2020-NAVY_SHIPBUILDINGANDCOVERSION-U_PROCUREMENT_MasterJustificationBook_Navy_PB_2020.zzz_unzipped-U_PROCUREMENT_MasterJustificationBook_Navy_PB_2020.xml","0155258b6bb9aee5a5d937007ec17fee605953e6085a014d21adf1e56637359d","1-d6b7ce62385d8d996e97a6b894849b486691b8e74b754338a4852c9e397c4656","12645-2777dbc952564683ba960942535ded5ea5fe021635ebdfb4f3b2859dd75beae5","root"
"CVN-RCOH","CVN-RCOH","73","","7.701","78.53","137.876","20.048","31.597","","","","","83","83","2020-BASE_PROCUREMENT-2020-NAVY_SHIPBUILDINGANDCOVERSION-U_PROCUREMENT_MasterJustificationBook_Navy_PB_2020.zzz_unzipped-U_PROCUREMENT_MasterJustificationBook_Navy_PB_2020.xml","0155258b6bb9aee5a5d937007ec17fee605953e6085a014d21adf1e56637359d","2-e4bb0e125255fccae5000098ebd1871be6ee389bb7545589c2fd1cafe914a0d4","12645-2777dbc952564683ba960942535ded5ea5fe021635ebdfb4f3b2859dd75beae5","root"
"DDG 1000","DDG 1000","1000","77.825","6.679","10.598","114.745","14.089","5.554","149.437","34.053","30.519","57.438","177.244","448.691","2020-BASE_PROCUREMENT-2020-NAVY_SHIPBUILDINGANDCOVERSION-U_PROCUREMENT_MasterJustificationBook_Navy_PB_2020.zzz_unzipped-U_PROCUREMENT_MasterJustificationBook_Navy_PB_2020.xml","0155258b6bb9aee5a5d937007ec17fee605953e6085a014d21adf1e56637359d","3-182d411986acc09007dc059953a18ff17552977f9f6cd8d4430086ad505989f6","12645-2777dbc952564683ba960942535ded5ea5fe021635ebdfb4f3b2859dd75beae5","root"
"DDG","DDG","114","55.043","22.584","334.113","488.383","33.259","43.384","23.198","44.954","39.766","87.54","554.912","750.37","2020-BASE_PROCUREMENT-2020-NAVY_SHIPBUILDINGANDCOVERSION-U_PROCUREMENT_MasterJustificationBook_Navy_PB_2020.zzz_unzipped-U_PROCUREMENT_MasterJustificationBook_Navy_PB_2020.xml","0155258b6bb9aee5a5d937007ec17fee605953e6085a014d21adf1e56637359d","4-7fcfbda88cf2b69530dd083e8e8570c94d315f406c40f6c67ec645d80570b1f6","12645-2777dbc952564683ba960942535ded5ea5fe021635ebdfb4f3b2859dd75beae5","root"
"LCS","LCS","6","83.108","16.007","102.283","238.66","14.376","22.886","376.679","121.033","140.163","136.361","606.056","1380.292","2020-BASE_PROCUREMENT-2020-NAVY_SHIPBUILDINGANDCOVERSION-U_PROCUREMENT_MasterJustificationBook_Navy_PB_2020.zzz_unzipped-U_PROCUREMENT_MasterJustificationBook_Navy_PB_2020.xml","0155258b6bb9aee5a5d937007ec17fee605953e6085a014d21adf1e56637359d","5-60485d45e3b1135e5cd9eabbcfe4b767bbeae03c8f3bc95078a338db4cc0dd31","12645-2777dbc952564683ba960942535ded5ea5fe021635ebdfb4f3b2859dd75beae5","root"
"LPD","LPD","27","24.43","1.424","36.701","81.013","","18.458","28.171","21.72","1.988","0.207","129.893","181.979","2020-BASE_PROCUREMENT-2020-NAVY_SHIPBUILDINGANDCOVERSION-U_PROCUREMENT_MasterJustificationBook_Navy_PB_2020.zzz_unzipped-U_PROCUREMENT_MasterJustificationBook_Navy_PB_2020.xml","0155258b6bb9aee5a5d937007ec17fee605953e6085a014d21adf1e56637359d","6-c030ddb08bc36b270e4f5441ee6c738e304bd459e53877d18f347381f04494f9","12645-2777dbc952564683ba960942535ded5ea5fe021635ebdfb4f3b2859dd75beae5","root"
"ESB","ESB","4","17.916","4.895","68.585","110.517","12.207","6.914","","7.38","14.88","9.177","37.662","69.099","2020-BASE_PROCUREMENT-2020-NAVY_SHIPBUILDINGANDCOVERSION-U_PROCUREMENT_MasterJustificationBook_Navy_PB_2020.zzz_unzipped-U_PROCUREMENT_MasterJustificationBook_Navy_PB_2020.xml","0155258b6bb9aee5a5d937007ec17fee605953e6085a014d21adf1e56637359d","7-aa9b3c0842e298c5a935ed23296411f84cbf514925067966182d7081b75577c2","12645-2777dbc952564683ba960942535ded5ea5fe021635ebdfb4f3b2859dd75beae5","root"
"LHA","LHA","7","28.358","9.071","29.823","75.582","8.33","","","7.14","24.239","11.361","69.059","111.799","2020-BASE_PROCUREMENT-2020-NAVY_SHIPBUILDINGANDCOVERSION-U_PROCUREMENT_MasterJustificationBook_Navy_PB_2020.zzz_unzipped-U_PROCUREMENT_MasterJustificationBook_Navy_PB_2020.xml","0155258b6bb9aee5a5d937007ec17fee605953e6085a014d21adf1e56637359d","8-18cd8145b6ecb67e72bdfe13f968da964e366df6b56d40afd481b6b0996c1164","12645-2777dbc952564683ba960942535ded5ea5fe021635ebdfb4f3b2859dd75beae5","root"
"EPF","EPF","9","7.815","3.604","4.5","20.724","4.805","","4.244","3.02","4.213","2.403","3.588","17.468","2020-BASE_PROCUREMENT-2020-NAVY_SHIPBUILDINGANDCOVERSION-U_PROCUREMENT_MasterJustificationBook_Navy_PB_2020.zzz_unzipped-U_PROCUREMENT_MasterJustificationBook_Navy_PB_2020.xml","0155258b6bb9aee5a5d937007ec17fee605953e6085a014d21adf1e56637359d","9-7179fcfbcff1ecce5b453f96e99f1a8be01a4a5380ad875d8139ef3c7cde4a2f","12645-2777dbc952564683ba960942535ded5ea5fe021635ebdfb4f3b2859dd75beae5","root"
"T-AO","T-AO","205","","","119.883","155.13","17.712","17.535","","","","4.197","95.105","99.302","2020-BASE_PROCUREMENT-2020-NAVY_SHIPBUILDINGANDCOVERSION-U_PROCUREMENT_MasterJustificationBook_Navy_PB_2020.zzz_unzipped-U_PROCUREMENT_MasterJustificationBook_Navy_PB_2020.xml","0155258b6bb9aee5a5d937007ec17fee605953e6085a014d21adf1e56637359d","10-428ba572486936cbf9dfe8a9d12259330bcf7ba28c0d82f87b995a473a1215b0","12645-2777dbc952564683ba960942535ded5ea5fe021635ebdfb4f3b2859dd75beae5","root"
"T-ATS(X)","T-ATS(X)","1601","","","11.168","20.95","4.898","4.884","","","","2.486","6.467","8.953","2020-BASE_PROCUREMENT-2020-NAVY_SHIPBUILDINGANDCOVERSION-U_PROCUREMENT_MasterJustificationBook_Navy_PB_2020.zzz_unzipped-U_PROCUREMENT_MasterJustificationBook_Navy_PB_2020.xml","0155258b6bb9aee5a5d937007ec17fee605953e6085a014d21adf1e56637359d","11-cedacba87ba19abaaebeb5a10639ee2da38a6b7476d15713248ccd2e4b00ffec","12645-2777dbc952564683ba960942535ded5ea5fe021635ebdfb4f3b2859dd75beae5","root"
"MTS","MTS","701","15.683","3","","35.223","11.74","4.8","","","","","","","2020-BASE_PROCUREMENT-2020-NAVY_SHIPBUILDINGANDCOVERSION-U_PROCUREMENT_MasterJustificationBook_Navy_PB_2020.zzz_unzipped-U_PROCUREMENT_MasterJustificationBook_Navy_PB_2020.xml","0155258b6bb9aee5a5d937007ec17fee605953e6085a014d21adf1e56637359d","12-e41c75f086f47601fcf5029b5214e2a01852392a5bddbcfe54dd8f486a7d0986","12645-2777dbc952564683ba960942535ded5ea5fe021635ebdfb4f3b2859dd75beae5","root"
"LCAC","LCAC","102","0.3","1.151","24.44","33.007","3.287","3.829","","1.738","3.09","7.264","34.995","47.087","2020-BASE_PROCUREMENT-2020-NAVY_SHIPBUILDINGANDCOVERSION-U_PROCUREMENT_MasterJustificationBook_Navy_PB_2020.zzz_unzipped-U_PROCUREMENT_MasterJustificationBook_Navy_PB_2020.xml","0155258b6bb9aee5a5d937007ec17fee605953e6085a014d21adf1e56637359d","13-3a0715450771520bb9cca662419b9220948774065c4b3face32d03770b4f3c8b","12645-2777dbc952564683ba960942535ded5ea5fe021635ebdfb4f3b2859dd75beae5","root"
"LCAC SLEP","LCAC SLEP","65","0.552","","0.257","1.531","0.238","0.484","","0.163","","0.15","0.45","0.763","2020-BASE_PROCUREMENT-2020-NAVY_SHIPBUILDINGANDCOVERSION-U_PROCUREMENT_MasterJustificationBook_Navy_PB_2020.zzz_unzipped-U_PROCUREMENT_MasterJustificationBook_Navy_PB_2020.xml","0155258b6bb9aee5a5d937007ec17fee605953e6085a014d21adf1e56637359d","14-b75f02633b78ea033a05a2c1e279179df41210c1c333279af6a3de0dc1631305","12645-2777dbc952564683ba960942535ded5ea5fe021635ebdfb4f3b2859dd75beae5","root"
"YP SLEP","YP SLEP","694","0.28","","","0.425","","0.145","","","","","","","2020-BASE_PROCUREMENT-2020-NAVY_SHIPBUILDINGANDCOVERSION-U_PROCUREMENT_MasterJustificationBook_Navy_PB_2020.zzz_unzipped-U_PROCUREMENT_MasterJustificationBook_Navy_PB_2020.xml","0155258b6bb9aee5a5d937007ec17fee605953e6085a014d21adf1e56637359d","15-49a629f160a4a6b872d8ee14fd03a0cc082994127012524082335dd6167c483e","12645-2777dbc952564683ba960942535ded5ea5fe021635ebdfb4f3b2859dd75beae5","root"
"PUBS","PUBS","0","41.973","5.54","52.863","120.051","9.757","9.918","","","","","","","2020-BASE_PROCUREMENT-2020-NAVY_SHIPBUILDINGANDCOVERSION-U_PROCUREMENT_MasterJustificationBook_Navy_PB_2020.zzz_unzipped-U_PROCUREMENT_MasterJustificationBook_Navy_PB_2020.xml","0155258b6bb9aee5a5d937007ec17fee605953e6085a014d21adf1e56637359d","16-36021cbbf5e81a3456b3efd001354aa02fab2fb927a08471d076a08d195497fc","12645-2777dbc952564683ba960942535ded5ea5fe021635ebdfb4f3b2859dd75beae5","root"
