[
    {
        "Name_val": "NETCENTS",
        "Location_val": "Various",
        "MinimumSustainingRate_val": "0.00",
        "MaximumProductionRate_val": "0.00",
        "Rate185_val": "0.00",
        "InitialQuantity_AdminLeadTimeBeforeOct1InMonths_val": "0",
        "InitialQuantity_AdminLeadTimeAfterOct1InMonths_val": "0",
        "InitialQuantity_ProductionLeadTimeAfterOct1InMonths_val": "0",
        "InitialQuantity_TotalLeadTimeAfterOct1InMonths_val": "0",
        "ReorderQuantity_AdminLeadTimeBeforeOct1InMonths_val": "0",
        "ReorderQuantity_AdminLeadTimeAfterOct1InMonths_val": "0",
        "ReorderQuantity_ProductionLeadTimeAfterOct1InMonths_val": "0",
        "ReorderQuantity_TotalLeadTimeAfterOct1InMonths_val": "0",
        "@SOURCE_FILENAME": "2014-BASE_PROCUREMENT-2014-AIRFORCE_OTHER-PROCUREMENT_JustificationBook_Air_Force_PB_2014.zzz_unzipped-PROCUREMENT_JustificationBook_Air_Force_PB_2014.xml",
        "@RECORDID": "183e2235a8702efde29fd338dbfb0e070b9a0e22f45c0daf1850fb81f56857fb",
        "@ROWID": "0-94525a88ab89499a3f4f8abc08c52d473e67d81f25b5013ad8caf75b0eb3df36",
        "@PARENTROWID": "0-589c7c1970dca55902a92527a6decf6ae34327f60823f940724eb52f13c4a9ec",
        "@PARENT": "root.record.ItemExhibitList.P5Item.CostElementCategoryList.PackageFielding.Recurring.CostElementList.CostElement"
    },
    {
        "Name_val": "NETCENTS",
        "Location_val": "Various",
        "MinimumSustainingRate_val": "0.00",
        "MaximumProductionRate_val": "0.00",
        "Rate185_val": "0.00",
        "InitialQuantity_AdminLeadTimeBeforeOct1InMonths_val": "0",
        "InitialQuantity_AdminLeadTimeAfterOct1InMonths_val": "0",
        "InitialQuantity_ProductionLeadTimeAfterOct1InMonths_val": "0",
        "InitialQuantity_TotalLeadTimeAfterOct1InMonths_val": "0",
        "ReorderQuantity_AdminLeadTimeBeforeOct1InMonths_val": "0",
        "ReorderQuantity_AdminLeadTimeAfterOct1InMonths_val": "0",
        "ReorderQuantity_ProductionLeadTimeAfterOct1InMonths_val": "0",
        "ReorderQuantity_TotalLeadTimeAfterOct1InMonths_val": "0",
        "@SOURCE_FILENAME": "2014-BASE_PROCUREMENT-2014-AIRFORCE_OTHER-PROCUREMENT_JustificationBook_Air_Force_PB_2014.zzz_unzipped-PROCUREMENT_JustificationBook_Air_Force_PB_2014.xml",
        "@RECORDID": "183e2235a8702efde29fd338dbfb0e070b9a0e22f45c0daf1850fb81f56857fb",
        "@ROWID": "0-75415f88f8a4825fc52f0091b19d1674d01f6e17c0ff7715cd1094bad4be0bdf",
        "@PARENTROWID": "0-90b0701d447bdda991ec6b89cc68a818d50e9b44ff264491f53faa292be79d35",
        "@PARENT": "root.record.ItemExhibitList.P5Item.CostElementCategoryList.PackageFielding.Recurring.CostElementList.CostElement"
    },
    {
        "Name_val": "NETCENTS",
        "Location_val": "Various",
        "MinimumSustainingRate_val": "0.00",
        "MaximumProductionRate_val": "0.00",
        "Rate185_val": "0.00",
        "InitialQuantity_AdminLeadTimeBeforeOct1InMonths_val": "0",
        "InitialQuantity_AdminLeadTimeAfterOct1InMonths_val": "0",
        "InitialQuantity_ProductionLeadTimeAfterOct1InMonths_val": "0",
        "InitialQuantity_TotalLeadTimeAfterOct1InMonths_val": "0",
        "ReorderQuantity_AdminLeadTimeBeforeOct1InMonths_val": "0",
        "ReorderQuantity_AdminLeadTimeAfterOct1InMonths_val": "0",
        "ReorderQuantity_ProductionLeadTimeAfterOct1InMonths_val": "0",
        "ReorderQuantity_TotalLeadTimeAfterOct1InMonths_val": "0",
        "@SOURCE_FILENAME": "2014-BASE_PROCUREMENT-2014-AIRFORCE_OTHER-PROCUREMENT_JustificationBook_Air_Force_PB_2014.zzz_unzipped-PROCUREMENT_JustificationBook_Air_Force_PB_2014.xml",
        "@RECORDID": "183e2235a8702efde29fd338dbfb0e070b9a0e22f45c0daf1850fb81f56857fb",
        "@ROWID": "0-9c6dbcfc2331c49efe44c45b8de12aeedd7eb98828fefeb0b8e62f53037229c9",
        "@PARENTROWID": "0-02bf0ac5e22f8e0141754abfbcfec8735f62c9549615d104bb3cfb778f4d5180",
        "@PARENT": "root.record.ItemExhibitList.P5Item.CostElementCategoryList.PackageFielding.Recurring.CostElementList.CostElement"
    },
    {
        "Name_val": "NETCENTS",
        "Location_val": "Various",
        "MinimumSustainingRate_val": "0.00",
        "MaximumProductionRate_val": "0.00",
        "Rate185_val": "0.00",
        "InitialQuantity_AdminLeadTimeBeforeOct1InMonths_val": "0",
        "InitialQuantity_AdminLeadTimeAfterOct1InMonths_val": "0",
        "InitialQuantity_ProductionLeadTimeAfterOct1InMonths_val": "0",
        "InitialQuantity_TotalLeadTimeAfterOct1InMonths_val": "0",
        "ReorderQuantity_AdminLeadTimeBeforeOct1InMonths_val": "0",
        "ReorderQuantity_AdminLeadTimeAfterOct1InMonths_val": "0",
        "ReorderQuantity_ProductionLeadTimeAfterOct1InMonths_val": "0",
        "ReorderQuantity_TotalLeadTimeAfterOct1InMonths_val": "0",
        "@SOURCE_FILENAME": "2014-BASE_PROCUREMENT-2014-AIRFORCE_OTHER-PROCUREMENT_JustificationBook_Air_Force_PB_2014.zzz_unzipped-PROCUREMENT_JustificationBook_Air_Force_PB_2014.xml",
        "@RECORDID": "183e2235a8702efde29fd338dbfb0e070b9a0e22f45c0daf1850fb81f56857fb",
        "@ROWID": "0-4fd065e83b0f368a5aceccaadcc037fed6f7b7844f20c39b1a2f032ef22ede1d",
        "@PARENTROWID": "0-9fe5fb618efd2d866a3dda39afdb4eeb397f9776cdee58335d78805554854ec4",
        "@PARENT": "root.record.ItemExhibitList.P5Item.CostElementCategoryList.PackageFielding.Recurring.CostElementList.CostElement"
    },
    {
        "Name_val": "NETCENTS",
        "Location_val": "Various",
        "MinimumSustainingRate_val": "0.00",
        "MaximumProductionRate_val": "0.00",
        "Rate185_val": "0.00",
        "InitialQuantity_AdminLeadTimeBeforeOct1InMonths_val": "0",
        "InitialQuantity_AdminLeadTimeAfterOct1InMonths_val": "0",
        "InitialQuantity_ProductionLeadTimeAfterOct1InMonths_val": "0",
        "InitialQuantity_TotalLeadTimeAfterOct1InMonths_val": "0",
        "ReorderQuantity_AdminLeadTimeBeforeOct1InMonths_val": "0",
        "ReorderQuantity_AdminLeadTimeAfterOct1InMonths_val": "0",
        "ReorderQuantity_ProductionLeadTimeAfterOct1InMonths_val": "0",
        "ReorderQuantity_TotalLeadTimeAfterOct1InMonths_val": "0",
        "@SOURCE_FILENAME": "2014-BASE_PROCUREMENT-2014-AIRFORCE_OTHER-PROCUREMENT_JustificationBook_Air_Force_PB_2014.zzz_unzipped-PROCUREMENT_JustificationBook_Air_Force_PB_2014.xml",
        "@RECORDID": "183e2235a8702efde29fd338dbfb0e070b9a0e22f45c0daf1850fb81f56857fb",
        "@ROWID": "0-d71abbcd13af5819d42240b21f47dd565bb5403d0b18130c84895e7357cc956b",
        "@PARENTROWID": "0-b35c210a58d3ac41131cac06f4bd5376946eed45672c7c660ec0a1069b7dfe8b",
        "@PARENT": "root.record.ItemExhibitList.P5Item.CostElementCategoryList.PackageFielding.Recurring.CostElementList.CostElement"
    },
    {
        "Name_val": "NETCENTS",
        "Location_val": "Various",
        "MinimumSustainingRate_val": "0.00",
        "MaximumProductionRate_val": "0.00",
        "Rate185_val": "0.00",
        "InitialQuantity_AdminLeadTimeBeforeOct1InMonths_val": "0",
        "InitialQuantity_AdminLeadTimeAfterOct1InMonths_val": "0",
        "InitialQuantity_ProductionLeadTimeAfterOct1InMonths_val": "0",
        "InitialQuantity_TotalLeadTimeAfterOct1InMonths_val": "0",
        "ReorderQuantity_AdminLeadTimeBeforeOct1InMonths_val": "0",
        "ReorderQuantity_AdminLeadTimeAfterOct1InMonths_val": "0",
        "ReorderQuantity_ProductionLeadTimeAfterOct1InMonths_val": "0",
        "ReorderQuantity_TotalLeadTimeAfterOct1InMonths_val": "0",
        "@SOURCE_FILENAME": "2014-BASE_PROCUREMENT-2014-AIRFORCE_OTHER-PROCUREMENT_MasterJustificationBook_Air_Force_PB_2014.zzz_unzipped-PROCUREMENT_MasterJustificationBook_Air_Force_PB_2014.xml",
        "@RECORDID": "5900c9666985c01314d4a2a76f9022ef6609a516534f5cd224b6144f366eb840",
        "@ROWID": "0-a1f2d23e1c13e6bcd98387385c452cb22fa6da39d7b0b5949b493bb03715ef40",
        "@PARENTROWID": "0-b3f97db4619599515388ad400d0a6666dc823cd3c7db94b1a4d2e40dd95df2c7",
        "@PARENT": "root.record.ItemExhibitList.P5Item.CostElementCategoryList.PackageFielding.Recurring.CostElementList.CostElement"
    },
    {
        "Name_val": "NETCENTS",
        "Location_val": "Various",
        "MinimumSustainingRate_val": "0.00",
        "MaximumProductionRate_val": "0.00",
        "Rate185_val": "0.00",
        "InitialQuantity_AdminLeadTimeBeforeOct1InMonths_val": "0",
        "InitialQuantity_AdminLeadTimeAfterOct1InMonths_val": "0",
        "InitialQuantity_ProductionLeadTimeAfterOct1InMonths_val": "0",
        "InitialQuantity_TotalLeadTimeAfterOct1InMonths_val": "0",
        "ReorderQuantity_AdminLeadTimeBeforeOct1InMonths_val": "0",
        "ReorderQuantity_AdminLeadTimeAfterOct1InMonths_val": "0",
        "ReorderQuantity_ProductionLeadTimeAfterOct1InMonths_val": "0",
        "ReorderQuantity_TotalLeadTimeAfterOct1InMonths_val": "0",
        "@SOURCE_FILENAME": "2014-BASE_PROCUREMENT-2014-AIRFORCE_OTHER-PROCUREMENT_MasterJustificationBook_Air_Force_PB_2014.zzz_unzipped-PROCUREMENT_MasterJustificationBook_Air_Force_PB_2014.xml",
        "@RECORDID": "5900c9666985c01314d4a2a76f9022ef6609a516534f5cd224b6144f366eb840",
        "@ROWID": "0-0dca9207511f2b9b2a3be748fbdb9c204b2b42ef76131059673b3ceaf985df2e",
        "@PARENTROWID": "0-6463bd37039ad6077cf2f15879e83d4efe5872affe5779f4ce2e1b9e82cc7847",
        "@PARENT": "root.record.ItemExhibitList.P5Item.CostElementCategoryList.PackageFielding.Recurring.CostElementList.CostElement"
    },
    {
        "Name_val": "NETCENTS",
        "Location_val": "Various",
        "MinimumSustainingRate_val": "0.00",
        "MaximumProductionRate_val": "0.00",
        "Rate185_val": "0.00",
        "InitialQuantity_AdminLeadTimeBeforeOct1InMonths_val": "0",
        "InitialQuantity_AdminLeadTimeAfterOct1InMonths_val": "0",
        "InitialQuantity_ProductionLeadTimeAfterOct1InMonths_val": "0",
        "InitialQuantity_TotalLeadTimeAfterOct1InMonths_val": "0",
        "ReorderQuantity_AdminLeadTimeBeforeOct1InMonths_val": "0",
        "ReorderQuantity_AdminLeadTimeAfterOct1InMonths_val": "0",
        "ReorderQuantity_ProductionLeadTimeAfterOct1InMonths_val": "0",
        "ReorderQuantity_TotalLeadTimeAfterOct1InMonths_val": "0",
        "@SOURCE_FILENAME": "2014-BASE_PROCUREMENT-2014-AIRFORCE_OTHER-PROCUREMENT_MasterJustificationBook_Air_Force_PB_2014.zzz_unzipped-PROCUREMENT_MasterJustificationBook_Air_Force_PB_2014.xml",
        "@RECORDID": "5900c9666985c01314d4a2a76f9022ef6609a516534f5cd224b6144f366eb840",
        "@ROWID": "0-3a443aada95770d0dfa56aea63c886207ede31f968293540974cfbceb0f0ab4e",
        "@PARENTROWID": "0-5a9d7b0cb4fe59cf1a9cda129e3bb44899abb853253ddad435e0e67aedfbfab9",
        "@PARENT": "root.record.ItemExhibitList.P5Item.CostElementCategoryList.PackageFielding.Recurring.CostElementList.CostElement"
    },
    {
        "Name_val": "NETCENTS",
        "Location_val": "Various",
        "MinimumSustainingRate_val": "0.00",
        "MaximumProductionRate_val": "0.00",
        "Rate185_val": "0.00",
        "InitialQuantity_AdminLeadTimeBeforeOct1InMonths_val": "0",
        "InitialQuantity_AdminLeadTimeAfterOct1InMonths_val": "0",
        "InitialQuantity_ProductionLeadTimeAfterOct1InMonths_val": "0",
        "InitialQuantity_TotalLeadTimeAfterOct1InMonths_val": "0",
        "ReorderQuantity_AdminLeadTimeBeforeOct1InMonths_val": "0",
        "ReorderQuantity_AdminLeadTimeAfterOct1InMonths_val": "0",
        "ReorderQuantity_ProductionLeadTimeAfterOct1InMonths_val": "0",
        "ReorderQuantity_TotalLeadTimeAfterOct1InMonths_val": "0",
        "@SOURCE_FILENAME": "2014-BASE_PROCUREMENT-2014-AIRFORCE_OTHER-PROCUREMENT_MasterJustificationBook_Air_Force_PB_2014.zzz_unzipped-PROCUREMENT_MasterJustificationBook_Air_Force_PB_2014.xml",
        "@RECORDID": "5900c9666985c01314d4a2a76f9022ef6609a516534f5cd224b6144f366eb840",
        "@ROWID": "0-2dfcd8191797cdd014d96035e87defb23236c731bc9cf955339edd5b057c149d",
        "@PARENTROWID": "0-651f2a7e343e632c0467a0e3fbe97c4d96161e682f95bf19834e26e272845af0",
        "@PARENT": "root.record.ItemExhibitList.P5Item.CostElementCategoryList.PackageFielding.Recurring.CostElementList.CostElement"
    },
    {
        "Name_val": "NETCENTS",
        "Location_val": "Various",
        "MinimumSustainingRate_val": "0.00",
        "MaximumProductionRate_val": "0.00",
        "Rate185_val": "0.00",
        "InitialQuantity_AdminLeadTimeBeforeOct1InMonths_val": "0",
        "InitialQuantity_AdminLeadTimeAfterOct1InMonths_val": "0",
        "InitialQuantity_ProductionLeadTimeAfterOct1InMonths_val": "0",
        "InitialQuantity_TotalLeadTimeAfterOct1InMonths_val": "0",
        "ReorderQuantity_AdminLeadTimeBeforeOct1InMonths_val": "0",
        "ReorderQuantity_AdminLeadTimeAfterOct1InMonths_val": "0",
        "ReorderQuantity_ProductionLeadTimeAfterOct1InMonths_val": "0",
        "ReorderQuantity_TotalLeadTimeAfterOct1InMonths_val": "0",
        "@SOURCE_FILENAME": "2014-BASE_PROCUREMENT-2014-AIRFORCE_OTHER-PROCUREMENT_MasterJustificationBook_Air_Force_PB_2014.zzz_unzipped-PROCUREMENT_MasterJustificationBook_Air_Force_PB_2014.xml",
        "@RECORDID": "5900c9666985c01314d4a2a76f9022ef6609a516534f5cd224b6144f366eb840",
        "@ROWID": "0-1d59d80dabc32f07d32e6a873fada2b56bbbb89360270035044562bc41fa7300",
        "@PARENTROWID": "0-415e00b5150ca6ec7ee6de6aa8385f40ac74da2591e4f94f8253db911eabf18a",
        "@PARENT": "root.record.ItemExhibitList.P5Item.CostElementCategoryList.PackageFielding.Recurring.CostElementList.CostElement"
    },
    {
        "Name_val": "TBS",
        "Location_val": "TBS",
        "MinimumSustainingRate_val": "",
        "MaximumProductionRate_val": "",
        "Rate185_val": "",
        "InitialQuantity_AdminLeadTimeBeforeOct1InMonths_val": "0",
        "InitialQuantity_AdminLeadTimeAfterOct1InMonths_val": "0",
        "InitialQuantity_ProductionLeadTimeAfterOct1InMonths_val": "0",
        "InitialQuantity_TotalLeadTimeAfterOct1InMonths_val": "0",
        "ReorderQuantity_AdminLeadTimeBeforeOct1InMonths_val": "0",
        "ReorderQuantity_AdminLeadTimeAfterOct1InMonths_val": "0",
        "ReorderQuantity_ProductionLeadTimeAfterOct1InMonths_val": "0",
        "ReorderQuantity_TotalLeadTimeAfterOct1InMonths_val": "0",
        "@SOURCE_FILENAME": "2015-BASE_PROCUREMENT-2015-ARMY_OTHER_2-PROCUREMENT_JustificationBook_Army_PB_2015.zzz_unzipped-PROCUREMENT_JustificationBook_Army_PB_2015.xml",
        "@RECORDID": "15e3c75f11cb579415ed3ce04619f365cf2710febf04f777fc059e6e23827745",
        "@ROWID": "0-7c266c9e90dfb450698a79211f7745979e4b121e4615f231f4223caa6c01560f",
        "@PARENTROWID": "0-b05c1b452b0237f100f50bef0b27e82ab75b88bd4aecedec342d1338d0f777dc",
        "@PARENT": "root.record.ItemExhibitList.P5Item.CostElementCategoryList.PackageFielding.Recurring.CostElementList.CostElement"
    },
    {
        "Name_val": "TBD",
        "Location_val": "Various",
        "MinimumSustainingRate_val": "0.00",
        "MaximumProductionRate_val": "0.00",
        "Rate185_val": "0.00",
        "InitialQuantity_AdminLeadTimeBeforeOct1InMonths_val": "0",
        "InitialQuantity_AdminLeadTimeAfterOct1InMonths_val": "0",
        "InitialQuantity_ProductionLeadTimeAfterOct1InMonths_val": "0",
        "InitialQuantity_TotalLeadTimeAfterOct1InMonths_val": "0",
        "ReorderQuantity_AdminLeadTimeBeforeOct1InMonths_val": "0",
        "ReorderQuantity_AdminLeadTimeAfterOct1InMonths_val": "0",
        "ReorderQuantity_ProductionLeadTimeAfterOct1InMonths_val": "0",
        "ReorderQuantity_TotalLeadTimeAfterOct1InMonths_val": "0",
        "@SOURCE_FILENAME": "2016-BASE_PROCUREMENT-2016-AIRFORCE_OTHER-PROCUREMENT_JustificationBook_Air_Force_PB_2016.zzz_unzipped-PROCUREMENT_JustificationBook_Air_Force_PB_2016.xml",
        "@RECORDID": "8ecf5c6c6452e435852ecf4ce61c70ecc32c1b72674155a20b79c9ee6fe4d103",
        "@ROWID": "0-73772a534f745be1447de1e96e92725dcc16472dbbe6e97be0c1a4e9c17ff02d",
        "@PARENTROWID": "0-23d4ac8e342af5baf2251c94c9bf0a22fdbb7abf3b6c6603465e5bc1e90a5ca6",
        "@PARENT": "root.record.ItemExhibitList.P5Item.CostElementCategoryList.PackageFielding.Recurring.CostElementList.CostElement"
    },
    {
        "Name_val": "TBD",
        "Location_val": "N\/A",
        "MinimumSustainingRate_val": "0.00",
        "MaximumProductionRate_val": "0.00",
        "Rate185_val": "0.00",
        "InitialQuantity_AdminLeadTimeBeforeOct1InMonths_val": "0",
        "InitialQuantity_AdminLeadTimeAfterOct1InMonths_val": "0",
        "InitialQuantity_ProductionLeadTimeAfterOct1InMonths_val": "0",
        "InitialQuantity_TotalLeadTimeAfterOct1InMonths_val": "0",
        "ReorderQuantity_AdminLeadTimeBeforeOct1InMonths_val": "0",
        "ReorderQuantity_AdminLeadTimeAfterOct1InMonths_val": "0",
        "ReorderQuantity_ProductionLeadTimeAfterOct1InMonths_val": "0",
        "ReorderQuantity_TotalLeadTimeAfterOct1InMonths_val": "0",
        "@SOURCE_FILENAME": "2016-BASE_PROCUREMENT-2016-AIRFORCE_OTHER-PROCUREMENT_JustificationBook_Air_Force_PB_2016.zzz_unzipped-PROCUREMENT_JustificationBook_Air_Force_PB_2016.xml",
        "@RECORDID": "bce46289ef8f6407bbe591fc76b251a80583d0d995defaa591cb39eec921a4f4",
        "@ROWID": "0-4333e441afc920ec0d23face6394b8f7269d539e32c604d691a0162621d40722",
        "@PARENTROWID": "0-1494feed1aac255e4d5760562a376e900c4869ae70432e3d8203fd4149c83e58",
        "@PARENT": "root.record.ItemExhibitList.P5Item.CostElementCategoryList.PackageFielding.Recurring.CostElementList.CostElement"
    },
    {
        "Name_val": "TBD",
        "Location_val": "N\/A",
        "MinimumSustainingRate_val": "0.00",
        "MaximumProductionRate_val": "0.00",
        "Rate185_val": "0.00",
        "InitialQuantity_AdminLeadTimeBeforeOct1InMonths_val": "0",
        "InitialQuantity_AdminLeadTimeAfterOct1InMonths_val": "0",
        "InitialQuantity_ProductionLeadTimeAfterOct1InMonths_val": "0",
        "InitialQuantity_TotalLeadTimeAfterOct1InMonths_val": "0",
        "ReorderQuantity_AdminLeadTimeBeforeOct1InMonths_val": "0",
        "ReorderQuantity_AdminLeadTimeAfterOct1InMonths_val": "0",
        "ReorderQuantity_ProductionLeadTimeAfterOct1InMonths_val": "0",
        "ReorderQuantity_TotalLeadTimeAfterOct1InMonths_val": "0",
        "@SOURCE_FILENAME": "2016-BASE_PROCUREMENT-2016-AIRFORCE_OTHER-PROCUREMENT_JustificationBook_Air_Force_PB_2016.zzz_unzipped-PROCUREMENT_JustificationBook_Air_Force_PB_2016.xml",
        "@RECORDID": "bce46289ef8f6407bbe591fc76b251a80583d0d995defaa591cb39eec921a4f4",
        "@ROWID": "0-52e01a46d3c1e265c6452bba8a3bd0f483d83347fbe1d7217da3bbf0cd0718cf",
        "@PARENTROWID": "1-d37c714701e9ed65fd2d83e042c4dd6bb39db7c3efc27010c7d7cc14eea02b55",
        "@PARENT": "root.record.ItemExhibitList.P5Item.CostElementCategoryList.PackageFielding.Recurring.CostElementList.CostElement"
    },
    {
        "Name_val": "TBD",
        "Location_val": "N\/A",
        "MinimumSustainingRate_val": "0.00",
        "MaximumProductionRate_val": "0.00",
        "Rate185_val": "0.00",
        "InitialQuantity_AdminLeadTimeBeforeOct1InMonths_val": "0",
        "InitialQuantity_AdminLeadTimeAfterOct1InMonths_val": "0",
        "InitialQuantity_ProductionLeadTimeAfterOct1InMonths_val": "0",
        "InitialQuantity_TotalLeadTimeAfterOct1InMonths_val": "0",
        "ReorderQuantity_AdminLeadTimeBeforeOct1InMonths_val": "0",
        "ReorderQuantity_AdminLeadTimeAfterOct1InMonths_val": "0",
        "ReorderQuantity_ProductionLeadTimeAfterOct1InMonths_val": "0",
        "ReorderQuantity_TotalLeadTimeAfterOct1InMonths_val": "0",
        "@SOURCE_FILENAME": "2016-BASE_PROCUREMENT-2016-AIRFORCE_OTHER-PROCUREMENT_JustificationBook_Air_Force_PB_2016.zzz_unzipped-PROCUREMENT_JustificationBook_Air_Force_PB_2016.xml",
        "@RECORDID": "bce46289ef8f6407bbe591fc76b251a80583d0d995defaa591cb39eec921a4f4",
        "@ROWID": "0-b6f4a7c7762c73af7f3bb3cb929710ff784252451f05cbc8eee71a6847a52416",
        "@PARENTROWID": "0-f2c44db8a2add5cab9fe8780d515dff18cc2442b7f3ac4ffc4644defb1748dcc",
        "@PARENT": "root.record.ItemExhibitList.P5Item.CostElementCategoryList.PackageFielding.Recurring.CostElementList.CostElement"
    },
    {
        "Name_val": "GDIT",
        "Location_val": "Needham, MA",
        "MinimumSustainingRate_val": "0.00",
        "MaximumProductionRate_val": "0.00",
        "Rate185_val": "0.00",
        "InitialQuantity_AdminLeadTimeBeforeOct1InMonths_val": "0",
        "InitialQuantity_AdminLeadTimeAfterOct1InMonths_val": "0",
        "InitialQuantity_ProductionLeadTimeAfterOct1InMonths_val": "0",
        "InitialQuantity_TotalLeadTimeAfterOct1InMonths_val": "0",
        "ReorderQuantity_AdminLeadTimeBeforeOct1InMonths_val": "0",
        "ReorderQuantity_AdminLeadTimeAfterOct1InMonths_val": "0",
        "ReorderQuantity_ProductionLeadTimeAfterOct1InMonths_val": "0",
        "ReorderQuantity_TotalLeadTimeAfterOct1InMonths_val": "0",
        "@SOURCE_FILENAME": "2016-BASE_PROCUREMENT-2016-AIRFORCE_OTHER-PROCUREMENT_JustificationBook_Air_Force_PB_2016.zzz_unzipped-PROCUREMENT_JustificationBook_Air_Force_PB_2016.xml",
        "@RECORDID": "bce46289ef8f6407bbe591fc76b251a80583d0d995defaa591cb39eec921a4f4",
        "@ROWID": "0-0bfe4c2a96f25bab8b09082a0323bcc51beba0fe3536e806fddf5806bdbb7ba5",
        "@PARENTROWID": "1-c2b079ae586bb7c0968f86ee576ef715f71fa668d8298747d88bbad2beca908f",
        "@PARENT": "root.record.ItemExhibitList.P5Item.CostElementCategoryList.PackageFielding.Recurring.CostElementList.CostElement"
    },
    {
        "Name_val": "TBD",
        "Location_val": "N\/A",
        "MinimumSustainingRate_val": "0.00",
        "MaximumProductionRate_val": "0.00",
        "Rate185_val": "0.00",
        "InitialQuantity_AdminLeadTimeBeforeOct1InMonths_val": "0",
        "InitialQuantity_AdminLeadTimeAfterOct1InMonths_val": "0",
        "InitialQuantity_ProductionLeadTimeAfterOct1InMonths_val": "0",
        "InitialQuantity_TotalLeadTimeAfterOct1InMonths_val": "0",
        "ReorderQuantity_AdminLeadTimeBeforeOct1InMonths_val": "0",
        "ReorderQuantity_AdminLeadTimeAfterOct1InMonths_val": "0",
        "ReorderQuantity_ProductionLeadTimeAfterOct1InMonths_val": "0",
        "ReorderQuantity_TotalLeadTimeAfterOct1InMonths_val": "0",
        "@SOURCE_FILENAME": "2016-BASE_PROCUREMENT-2016-AIRFORCE_OTHER-PROCUREMENT_JustificationBook_Air_Force_PB_2016.zzz_unzipped-PROCUREMENT_JustificationBook_Air_Force_PB_2016.xml",
        "@RECORDID": "bce46289ef8f6407bbe591fc76b251a80583d0d995defaa591cb39eec921a4f4",
        "@ROWID": "1-2df3bd3ed45272e21c65a1f347d7578423fbd8b9d46fbabb727c743c289b3299",
        "@PARENTROWID": "1-c2b079ae586bb7c0968f86ee576ef715f71fa668d8298747d88bbad2beca908f",
        "@PARENT": "root.record.ItemExhibitList.P5Item.CostElementCategoryList.PackageFielding.Recurring.CostElementList.CostElement"
    },
    {
        "Name_val": "Three Wire Systems",
        "Location_val": "3130 Fairview Park Dr STE 425, Falls Church VA 22042-4521",
        "MinimumSustainingRate_val": "0.00",
        "MaximumProductionRate_val": "0.00",
        "Rate185_val": "0.00",
        "InitialQuantity_AdminLeadTimeBeforeOct1InMonths_val": "0",
        "InitialQuantity_AdminLeadTimeAfterOct1InMonths_val": "0",
        "InitialQuantity_ProductionLeadTimeAfterOct1InMonths_val": "0",
        "InitialQuantity_TotalLeadTimeAfterOct1InMonths_val": "0",
        "ReorderQuantity_AdminLeadTimeBeforeOct1InMonths_val": "0",
        "ReorderQuantity_AdminLeadTimeAfterOct1InMonths_val": "0",
        "ReorderQuantity_ProductionLeadTimeAfterOct1InMonths_val": "0",
        "ReorderQuantity_TotalLeadTimeAfterOct1InMonths_val": "0",
        "@SOURCE_FILENAME": "2016-BASE_PROCUREMENT-2016-AIRFORCE_OTHER-PROCUREMENT_JustificationBook_Air_Force_PB_2016.zzz_unzipped-PROCUREMENT_JustificationBook_Air_Force_PB_2016.xml",
        "@RECORDID": "bce46289ef8f6407bbe591fc76b251a80583d0d995defaa591cb39eec921a4f4",
        "@ROWID": "0-48e69b0333e7602d15798d1d1e7324621f54abb5fa3262d75521638490b410c6",
        "@PARENTROWID": "2-eeec506190592ca81b50f68691ff9ebaac293d38e1e1f3460d61937d09bd5c54",
        "@PARENT": "root.record.ItemExhibitList.P5Item.CostElementCategoryList.PackageFielding.Recurring.CostElementList.CostElement"
    },
    {
        "Name_val": "ACAS, NCI Information Systems",
        "Location_val": "11730 Plaza America Dr STE 700, Reston VA, 20190-4764",
        "MinimumSustainingRate_val": "0.00",
        "MaximumProductionRate_val": "0.00",
        "Rate185_val": "0.00",
        "InitialQuantity_AdminLeadTimeBeforeOct1InMonths_val": "0",
        "InitialQuantity_AdminLeadTimeAfterOct1InMonths_val": "0",
        "InitialQuantity_ProductionLeadTimeAfterOct1InMonths_val": "0",
        "InitialQuantity_TotalLeadTimeAfterOct1InMonths_val": "0",
        "ReorderQuantity_AdminLeadTimeBeforeOct1InMonths_val": "0",
        "ReorderQuantity_AdminLeadTimeAfterOct1InMonths_val": "0",
        "ReorderQuantity_ProductionLeadTimeAfterOct1InMonths_val": "0",
        "ReorderQuantity_TotalLeadTimeAfterOct1InMonths_val": "0",
        "@SOURCE_FILENAME": "2016-BASE_PROCUREMENT-2016-AIRFORCE_OTHER-PROCUREMENT_JustificationBook_Air_Force_PB_2016.zzz_unzipped-PROCUREMENT_JustificationBook_Air_Force_PB_2016.xml",
        "@RECORDID": "bce46289ef8f6407bbe591fc76b251a80583d0d995defaa591cb39eec921a4f4",
        "@ROWID": "0-eceab8087fb55816c2455668c421d11c3307f3647ccd07ab78e7a2efec31b669",
        "@PARENTROWID": "3-6bea0f8bd919d7f188ff17eb83a45a79bb7475f188410d4514b69c4c558f0a9f",
        "@PARENT": "root.record.ItemExhibitList.P5Item.CostElementCategoryList.PackageFielding.Recurring.CostElementList.CostElement"
    },
    {
        "Name_val": "TBD",
        "Location_val": "N\/A",
        "MinimumSustainingRate_val": "0.00",
        "MaximumProductionRate_val": "0.00",
        "Rate185_val": "0.00",
        "InitialQuantity_AdminLeadTimeBeforeOct1InMonths_val": "0",
        "InitialQuantity_AdminLeadTimeAfterOct1InMonths_val": "0",
        "InitialQuantity_ProductionLeadTimeAfterOct1InMonths_val": "0",
        "InitialQuantity_TotalLeadTimeAfterOct1InMonths_val": "0",
        "ReorderQuantity_AdminLeadTimeBeforeOct1InMonths_val": "0",
        "ReorderQuantity_AdminLeadTimeAfterOct1InMonths_val": "0",
        "ReorderQuantity_ProductionLeadTimeAfterOct1InMonths_val": "0",
        "ReorderQuantity_TotalLeadTimeAfterOct1InMonths_val": "0",
        "@SOURCE_FILENAME": "2016-BASE_PROCUREMENT-2016-AIRFORCE_OTHER-PROCUREMENT_JustificationBook_Air_Force_PB_2016.zzz_unzipped-PROCUREMENT_JustificationBook_Air_Force_PB_2016.xml",
        "@RECORDID": "bce46289ef8f6407bbe591fc76b251a80583d0d995defaa591cb39eec921a4f4",
        "@ROWID": "1-13d31aa87dc09695aeaba095ce69ee6787e0f41913ae0ff01fc7b6f125760ce1",
        "@PARENTROWID": "3-6bea0f8bd919d7f188ff17eb83a45a79bb7475f188410d4514b69c4c558f0a9f",
        "@PARENT": "root.record.ItemExhibitList.P5Item.CostElementCategoryList.PackageFielding.Recurring.CostElementList.CostElement"
    },
    {
        "Name_val": "TBD",
        "Location_val": "Various",
        "MinimumSustainingRate_val": "0.00",
        "MaximumProductionRate_val": "0.00",
        "Rate185_val": "0.00",
        "InitialQuantity_AdminLeadTimeBeforeOct1InMonths_val": "0",
        "InitialQuantity_AdminLeadTimeAfterOct1InMonths_val": "0",
        "InitialQuantity_ProductionLeadTimeAfterOct1InMonths_val": "0",
        "InitialQuantity_TotalLeadTimeAfterOct1InMonths_val": "0",
        "ReorderQuantity_AdminLeadTimeBeforeOct1InMonths_val": "0",
        "ReorderQuantity_AdminLeadTimeAfterOct1InMonths_val": "0",
        "ReorderQuantity_ProductionLeadTimeAfterOct1InMonths_val": "0",
        "ReorderQuantity_TotalLeadTimeAfterOct1InMonths_val": "0",
        "@SOURCE_FILENAME": "2016-BASE_PROCUREMENT-2016-AIRFORCE_OTHER-PROCUREMENT_MasterJustificationBook_Air_Force_PB_2016.zzz_unzipped-PROCUREMENT_MasterJustificationBook_Air_Force_PB_2016.xml",
        "@RECORDID": "1197427e5a2bf1f1f1ef07b0ac162fb683a02ffc71fb76677769f0f00e64a713",
        "@ROWID": "0-c6378bb20d9dac3b1eefe64c1c606ea1fd6204a0712f97fc94a3b3a71a4f1965",
        "@PARENTROWID": "0-14ca503db0f65dca6d6c78289db043bd3fe54508f55f602d79e61d623042aa37",
        "@PARENT": "root.record.ItemExhibitList.P5Item.CostElementCategoryList.PackageFielding.Recurring.CostElementList.CostElement"
    },
    {
        "Name_val": "TBD",
        "Location_val": "N\/A",
        "MinimumSustainingRate_val": "0.00",
        "MaximumProductionRate_val": "0.00",
        "Rate185_val": "0.00",
        "InitialQuantity_AdminLeadTimeBeforeOct1InMonths_val": "0",
        "InitialQuantity_AdminLeadTimeAfterOct1InMonths_val": "0",
        "InitialQuantity_ProductionLeadTimeAfterOct1InMonths_val": "0",
        "InitialQuantity_TotalLeadTimeAfterOct1InMonths_val": "0",
        "ReorderQuantity_AdminLeadTimeBeforeOct1InMonths_val": "0",
        "ReorderQuantity_AdminLeadTimeAfterOct1InMonths_val": "0",
        "ReorderQuantity_ProductionLeadTimeAfterOct1InMonths_val": "0",
        "ReorderQuantity_TotalLeadTimeAfterOct1InMonths_val": "0",
        "@SOURCE_FILENAME": "2016-BASE_PROCUREMENT-2016-AIRFORCE_OTHER-PROCUREMENT_MasterJustificationBook_Air_Force_PB_2016.zzz_unzipped-PROCUREMENT_MasterJustificationBook_Air_Force_PB_2016.xml",
        "@RECORDID": "b65725f2c732bfd8660e7280a5d35a4fef39e530ec50e75461aa335166c102b1",
        "@ROWID": "0-a7c87249bc942837fd7c709c5332f5dbee324e52ce17dc34c1cfdc309050097d",
        "@PARENTROWID": "0-8e83ea997d6dbbbbaf5943c7bb971141e355385b6fd5dcbd86afca72fdc75134",
        "@PARENT": "root.record.ItemExhibitList.P5Item.CostElementCategoryList.PackageFielding.Recurring.CostElementList.CostElement"
    },
    {
        "Name_val": "TBD",
        "Location_val": "N\/A",
        "MinimumSustainingRate_val": "0.00",
        "MaximumProductionRate_val": "0.00",
        "Rate185_val": "0.00",
        "InitialQuantity_AdminLeadTimeBeforeOct1InMonths_val": "0",
        "InitialQuantity_AdminLeadTimeAfterOct1InMonths_val": "0",
        "InitialQuantity_ProductionLeadTimeAfterOct1InMonths_val": "0",
        "InitialQuantity_TotalLeadTimeAfterOct1InMonths_val": "0",
        "ReorderQuantity_AdminLeadTimeBeforeOct1InMonths_val": "0",
        "ReorderQuantity_AdminLeadTimeAfterOct1InMonths_val": "0",
        "ReorderQuantity_ProductionLeadTimeAfterOct1InMonths_val": "0",
        "ReorderQuantity_TotalLeadTimeAfterOct1InMonths_val": "0",
        "@SOURCE_FILENAME": "2016-BASE_PROCUREMENT-2016-AIRFORCE_OTHER-PROCUREMENT_MasterJustificationBook_Air_Force_PB_2016.zzz_unzipped-PROCUREMENT_MasterJustificationBook_Air_Force_PB_2016.xml",
        "@RECORDID": "b65725f2c732bfd8660e7280a5d35a4fef39e530ec50e75461aa335166c102b1",
        "@ROWID": "0-7a43843d68703a1be60281b958aa652be10f83015d76a8fc7561d8e149b4c891",
        "@PARENTROWID": "1-276ba89f307bd3b50b582a6fac5244c286cbdc4d815703e0ef1f426769f44019",
        "@PARENT": "root.record.ItemExhibitList.P5Item.CostElementCategoryList.PackageFielding.Recurring.CostElementList.CostElement"
    },
    {
        "Name_val": "TBD",
        "Location_val": "N\/A",
        "MinimumSustainingRate_val": "0.00",
        "MaximumProductionRate_val": "0.00",
        "Rate185_val": "0.00",
        "InitialQuantity_AdminLeadTimeBeforeOct1InMonths_val": "0",
        "InitialQuantity_AdminLeadTimeAfterOct1InMonths_val": "0",
        "InitialQuantity_ProductionLeadTimeAfterOct1InMonths_val": "0",
        "InitialQuantity_TotalLeadTimeAfterOct1InMonths_val": "0",
        "ReorderQuantity_AdminLeadTimeBeforeOct1InMonths_val": "0",
        "ReorderQuantity_AdminLeadTimeAfterOct1InMonths_val": "0",
        "ReorderQuantity_ProductionLeadTimeAfterOct1InMonths_val": "0",
        "ReorderQuantity_TotalLeadTimeAfterOct1InMonths_val": "0",
        "@SOURCE_FILENAME": "2016-BASE_PROCUREMENT-2016-AIRFORCE_OTHER-PROCUREMENT_MasterJustificationBook_Air_Force_PB_2016.zzz_unzipped-PROCUREMENT_MasterJustificationBook_Air_Force_PB_2016.xml",
        "@RECORDID": "b65725f2c732bfd8660e7280a5d35a4fef39e530ec50e75461aa335166c102b1",
        "@ROWID": "0-59ce637b8a11be3fba1280ef895da295997a4842b69afc783afb1114bd31801c",
        "@PARENTROWID": "0-77fd96607b6639ed6f49be881a9efbf0accf7e30b24ef408c3b05285e772fb4e",
        "@PARENT": "root.record.ItemExhibitList.P5Item.CostElementCategoryList.PackageFielding.Recurring.CostElementList.CostElement"
    },
    {
        "Name_val": "GDIT",
        "Location_val": "Needham, MA",
        "MinimumSustainingRate_val": "0.00",
        "MaximumProductionRate_val": "0.00",
        "Rate185_val": "0.00",
        "InitialQuantity_AdminLeadTimeBeforeOct1InMonths_val": "0",
        "InitialQuantity_AdminLeadTimeAfterOct1InMonths_val": "0",
        "InitialQuantity_ProductionLeadTimeAfterOct1InMonths_val": "0",
        "InitialQuantity_TotalLeadTimeAfterOct1InMonths_val": "0",
        "ReorderQuantity_AdminLeadTimeBeforeOct1InMonths_val": "0",
        "ReorderQuantity_AdminLeadTimeAfterOct1InMonths_val": "0",
        "ReorderQuantity_ProductionLeadTimeAfterOct1InMonths_val": "0",
        "ReorderQuantity_TotalLeadTimeAfterOct1InMonths_val": "0",
        "@SOURCE_FILENAME": "2016-BASE_PROCUREMENT-2016-AIRFORCE_OTHER-PROCUREMENT_MasterJustificationBook_Air_Force_PB_2016.zzz_unzipped-PROCUREMENT_MasterJustificationBook_Air_Force_PB_2016.xml",
        "@RECORDID": "b65725f2c732bfd8660e7280a5d35a4fef39e530ec50e75461aa335166c102b1",
        "@ROWID": "0-24a34174c286cca62d08837c1e7d3c6b9b94dd9c935da7a138f5a7b7ffc4779f",
        "@PARENTROWID": "1-2407910793defca236cb12b3fccfe34bfac60cbe1aec5132d142edd8ef5a5b68",
        "@PARENT": "root.record.ItemExhibitList.P5Item.CostElementCategoryList.PackageFielding.Recurring.CostElementList.CostElement"
    },
    {
        "Name_val": "TBD",
        "Location_val": "N\/A",
        "MinimumSustainingRate_val": "0.00",
        "MaximumProductionRate_val": "0.00",
        "Rate185_val": "0.00",
        "InitialQuantity_AdminLeadTimeBeforeOct1InMonths_val": "0",
        "InitialQuantity_AdminLeadTimeAfterOct1InMonths_val": "0",
        "InitialQuantity_ProductionLeadTimeAfterOct1InMonths_val": "0",
        "InitialQuantity_TotalLeadTimeAfterOct1InMonths_val": "0",
        "ReorderQuantity_AdminLeadTimeBeforeOct1InMonths_val": "0",
        "ReorderQuantity_AdminLeadTimeAfterOct1InMonths_val": "0",
        "ReorderQuantity_ProductionLeadTimeAfterOct1InMonths_val": "0",
        "ReorderQuantity_TotalLeadTimeAfterOct1InMonths_val": "0",
        "@SOURCE_FILENAME": "2016-BASE_PROCUREMENT-2016-AIRFORCE_OTHER-PROCUREMENT_MasterJustificationBook_Air_Force_PB_2016.zzz_unzipped-PROCUREMENT_MasterJustificationBook_Air_Force_PB_2016.xml",
        "@RECORDID": "b65725f2c732bfd8660e7280a5d35a4fef39e530ec50e75461aa335166c102b1",
        "@ROWID": "1-f53337dea1d81340d7c036f86bef7fa0682b527c39a225ba657bb7214a22aa8f",
        "@PARENTROWID": "1-2407910793defca236cb12b3fccfe34bfac60cbe1aec5132d142edd8ef5a5b68",
        "@PARENT": "root.record.ItemExhibitList.P5Item.CostElementCategoryList.PackageFielding.Recurring.CostElementList.CostElement"
    },
    {
        "Name_val": "Three Wire Systems",
        "Location_val": "3130 Fairview Park Dr STE 425, Falls Church VA 22042-4521",
        "MinimumSustainingRate_val": "0.00",
        "MaximumProductionRate_val": "0.00",
        "Rate185_val": "0.00",
        "InitialQuantity_AdminLeadTimeBeforeOct1InMonths_val": "0",
        "InitialQuantity_AdminLeadTimeAfterOct1InMonths_val": "0",
        "InitialQuantity_ProductionLeadTimeAfterOct1InMonths_val": "0",
        "InitialQuantity_TotalLeadTimeAfterOct1InMonths_val": "0",
        "ReorderQuantity_AdminLeadTimeBeforeOct1InMonths_val": "0",
        "ReorderQuantity_AdminLeadTimeAfterOct1InMonths_val": "0",
        "ReorderQuantity_ProductionLeadTimeAfterOct1InMonths_val": "0",
        "ReorderQuantity_TotalLeadTimeAfterOct1InMonths_val": "0",
        "@SOURCE_FILENAME": "2016-BASE_PROCUREMENT-2016-AIRFORCE_OTHER-PROCUREMENT_MasterJustificationBook_Air_Force_PB_2016.zzz_unzipped-PROCUREMENT_MasterJustificationBook_Air_Force_PB_2016.xml",
        "@RECORDID": "b65725f2c732bfd8660e7280a5d35a4fef39e530ec50e75461aa335166c102b1",
        "@ROWID": "0-46ad463e9461dedec1f7323d0b2a62c8625efab46c6dd61b13168ea4b105ee5c",
        "@PARENTROWID": "2-c74eed932f39579886d63cc430b82af3333929c31933bf56dd9679d039d2ad67",
        "@PARENT": "root.record.ItemExhibitList.P5Item.CostElementCategoryList.PackageFielding.Recurring.CostElementList.CostElement"
    },
    {
        "Name_val": "ACAS, NCI Information Systems",
        "Location_val": "11730 Plaza America Dr STE 700, Reston VA, 20190-4764",
        "MinimumSustainingRate_val": "0.00",
        "MaximumProductionRate_val": "0.00",
        "Rate185_val": "0.00",
        "InitialQuantity_AdminLeadTimeBeforeOct1InMonths_val": "0",
        "InitialQuantity_AdminLeadTimeAfterOct1InMonths_val": "0",
        "InitialQuantity_ProductionLeadTimeAfterOct1InMonths_val": "0",
        "InitialQuantity_TotalLeadTimeAfterOct1InMonths_val": "0",
        "ReorderQuantity_AdminLeadTimeBeforeOct1InMonths_val": "0",
        "ReorderQuantity_AdminLeadTimeAfterOct1InMonths_val": "0",
        "ReorderQuantity_ProductionLeadTimeAfterOct1InMonths_val": "0",
        "ReorderQuantity_TotalLeadTimeAfterOct1InMonths_val": "0",
        "@SOURCE_FILENAME": "2016-BASE_PROCUREMENT-2016-AIRFORCE_OTHER-PROCUREMENT_MasterJustificationBook_Air_Force_PB_2016.zzz_unzipped-PROCUREMENT_MasterJustificationBook_Air_Force_PB_2016.xml",
        "@RECORDID": "b65725f2c732bfd8660e7280a5d35a4fef39e530ec50e75461aa335166c102b1",
        "@ROWID": "0-b2027dbc6762be88accc1dfb7057141957724327b480ef17a696f96945cde118",
        "@PARENTROWID": "3-c76bb309858fae6351ef1e3701db64acbf9ff360090e5e612e9d4018284bd4ca",
        "@PARENT": "root.record.ItemExhibitList.P5Item.CostElementCategoryList.PackageFielding.Recurring.CostElementList.CostElement"
    },
    {
        "Name_val": "TBD",
        "Location_val": "N\/A",
        "MinimumSustainingRate_val": "0.00",
        "MaximumProductionRate_val": "0.00",
        "Rate185_val": "0.00",
        "InitialQuantity_AdminLeadTimeBeforeOct1InMonths_val": "0",
        "InitialQuantity_AdminLeadTimeAfterOct1InMonths_val": "0",
        "InitialQuantity_ProductionLeadTimeAfterOct1InMonths_val": "0",
        "InitialQuantity_TotalLeadTimeAfterOct1InMonths_val": "0",
        "ReorderQuantity_AdminLeadTimeBeforeOct1InMonths_val": "0",
        "ReorderQuantity_AdminLeadTimeAfterOct1InMonths_val": "0",
        "ReorderQuantity_ProductionLeadTimeAfterOct1InMonths_val": "0",
        "ReorderQuantity_TotalLeadTimeAfterOct1InMonths_val": "0",
        "@SOURCE_FILENAME": "2016-BASE_PROCUREMENT-2016-AIRFORCE_OTHER-PROCUREMENT_MasterJustificationBook_Air_Force_PB_2016.zzz_unzipped-PROCUREMENT_MasterJustificationBook_Air_Force_PB_2016.xml",
        "@RECORDID": "b65725f2c732bfd8660e7280a5d35a4fef39e530ec50e75461aa335166c102b1",
        "@ROWID": "1-01161a93eb860a5047b7c894f43c24c84f697986be6139d7a3969a7237e7a65a",
        "@PARENTROWID": "3-c76bb309858fae6351ef1e3701db64acbf9ff360090e5e612e9d4018284bd4ca",
        "@PARENT": "root.record.ItemExhibitList.P5Item.CostElementCategoryList.PackageFielding.Recurring.CostElementList.CostElement"
    },
    {
        "Name_val": "TBD",
        "Location_val": "Various",
        "MinimumSustainingRate_val": "1.00",
        "MaximumProductionRate_val": "6.00",
        "Rate185_val": "4.00",
        "InitialQuantity_AdminLeadTimeBeforeOct1InMonths_val": "0",
        "InitialQuantity_AdminLeadTimeAfterOct1InMonths_val": "0",
        "InitialQuantity_ProductionLeadTimeAfterOct1InMonths_val": "0",
        "InitialQuantity_TotalLeadTimeAfterOct1InMonths_val": "0",
        "ReorderQuantity_AdminLeadTimeBeforeOct1InMonths_val": "0",
        "ReorderQuantity_AdminLeadTimeAfterOct1InMonths_val": "1",
        "ReorderQuantity_ProductionLeadTimeAfterOct1InMonths_val": "4",
        "ReorderQuantity_TotalLeadTimeAfterOct1InMonths_val": "5",
        "@SOURCE_FILENAME": "2017-BASE_PROCUREMENT-2017-AIRFORCE_OTHER-U_PROCUREMENT_JustificationBook_Air_Force_PB_2017.zzz_unzipped-U_PROCUREMENT_JustificationBook_Air_Force_PB_2017.xml",
        "@RECORDID": "bcc662e800dc8bb76a8285528cc168abcc6312deba5f8a8505391946132986f2",
        "@ROWID": "0-7209421b1f853b3fe9e45b1482e2b66687519c405041bd634482f3e5db0f00f5",
        "@PARENTROWID": "0-441788d8646e32fb7d0f9b0ef497d175f778c0750ca355980ec886812d5e11b2",
        "@PARENT": "root.record.ItemExhibitList.P5Item.CostElementCategoryList.PackageFielding.Recurring.CostElementList.CostElement"
    },
    {
        "Name_val": "TBD",
        "Location_val": "Various",
        "MinimumSustainingRate_val": "1.00",
        "MaximumProductionRate_val": "6.00",
        "Rate185_val": "4.00",
        "InitialQuantity_AdminLeadTimeBeforeOct1InMonths_val": "0",
        "InitialQuantity_AdminLeadTimeAfterOct1InMonths_val": "0",
        "InitialQuantity_ProductionLeadTimeAfterOct1InMonths_val": "0",
        "InitialQuantity_TotalLeadTimeAfterOct1InMonths_val": "0",
        "ReorderQuantity_AdminLeadTimeBeforeOct1InMonths_val": "0",
        "ReorderQuantity_AdminLeadTimeAfterOct1InMonths_val": "1",
        "ReorderQuantity_ProductionLeadTimeAfterOct1InMonths_val": "4",
        "ReorderQuantity_TotalLeadTimeAfterOct1InMonths_val": "5",
        "@SOURCE_FILENAME": "2017-BASE_PROCUREMENT-2017-AIRFORCE_OTHER-U_PROCUREMENT_MasterJustificationBook_Air_Force_PB_2017.zzz_unzipped-U_PROCUREMENT_MasterJustificationBook_Air_Force_PB_2017.xml",
        "@RECORDID": "c65c2d0ea2fabef820926a6a818da5c6319f34ef25a69b14de78ceb6be599d12",
        "@ROWID": "0-a5787614fd5d0b2f8e66df14f3c41c875f21c97adf5d4909a2ac9e7b50c15d89",
        "@PARENTROWID": "0-192eacbc2c1b0261b4c847b47d5396e2ddb8737d509bbffe951becbfe0d10f50",
        "@PARENT": "root.record.ItemExhibitList.P5Item.CostElementCategoryList.PackageFielding.Recurring.CostElementList.CostElement"
    },
    {
        "Name_val": "TBS",
        "Location_val": "TBS",
        "MinimumSustainingRate_val": "",
        "MaximumProductionRate_val": "",
        "Rate185_val": "",
        "InitialQuantity_AdminLeadTimeBeforeOct1InMonths_val": "0",
        "InitialQuantity_AdminLeadTimeAfterOct1InMonths_val": "0",
        "InitialQuantity_ProductionLeadTimeAfterOct1InMonths_val": "0",
        "InitialQuantity_TotalLeadTimeAfterOct1InMonths_val": "0",
        "ReorderQuantity_AdminLeadTimeBeforeOct1InMonths_val": "0",
        "ReorderQuantity_AdminLeadTimeAfterOct1InMonths_val": "0",
        "ReorderQuantity_ProductionLeadTimeAfterOct1InMonths_val": "0",
        "ReorderQuantity_TotalLeadTimeAfterOct1InMonths_val": "0",
        "@SOURCE_FILENAME": "2017-BASE_PROCUREMENT-2017-ARMY_OTHER_2-U_PROCUREMENT_JustificationBook_Army_PB_2017.zzz_unzipped-U_PROCUREMENT_JustificationBook_Army_PB_2017.xml",
        "@RECORDID": "4749a19225f22314c1a3af82dab22835b79b363ea2e08400776d9d7baf87145b",
        "@ROWID": "0-7ad4c2e35176c5d07c9c8af60a09b493c4e36269c663f45502337eaa307fb4de",
        "@PARENTROWID": "0-9a440950a109a860c5c687011ef6dca30b072b76acfa2ac343feb25da96dd70f",
        "@PARENT": "root.record.ItemExhibitList.P5Item.CostElementCategoryList.PackageFielding.Recurring.CostElementList.CostElement"
    },
    {
        "Name_val": "Other Government Agency",
        "Location_val": "TBD",
        "MinimumSustainingRate_val": "",
        "MaximumProductionRate_val": "",
        "Rate185_val": "",
        "InitialQuantity_AdminLeadTimeBeforeOct1InMonths_val": "0",
        "InitialQuantity_AdminLeadTimeAfterOct1InMonths_val": "0",
        "InitialQuantity_ProductionLeadTimeAfterOct1InMonths_val": "0",
        "InitialQuantity_TotalLeadTimeAfterOct1InMonths_val": "0",
        "ReorderQuantity_AdminLeadTimeBeforeOct1InMonths_val": "0",
        "ReorderQuantity_AdminLeadTimeAfterOct1InMonths_val": "0",
        "ReorderQuantity_ProductionLeadTimeAfterOct1InMonths_val": "0",
        "ReorderQuantity_TotalLeadTimeAfterOct1InMonths_val": "0",
        "@SOURCE_FILENAME": "2018-BASE_PROCUREMENT-2018-ARMY_OTHER_2-U_PROCUREMENT_JustificationBook_Army_PB_2018.zzz_unzipped-U_PROCUREMENT_JustificationBook_Army_PB_2018.xml",
        "@RECORDID": "38c294167c355d339a8ccea624e0b0643e68457c11866b2b886992043516b63d",
        "@ROWID": "0-e938dd3e644d1fa3742bfa8c07a8d01d0d2a85332da1e801f805a2a41eda4bd3",
        "@PARENTROWID": "1-87eaa7d5986bf45c293db010c4dcecd4e55b23ffd8675ffc424b91b258fd5989",
        "@PARENT": "root.record.ItemExhibitList.P5Item.CostElementCategoryList.PackageFielding.Recurring.CostElementList.CostElement"
    },
    {
        "Name_val": "Raytheon",
        "Location_val": "TBD",
        "MinimumSustainingRate_val": "",
        "MaximumProductionRate_val": "",
        "Rate185_val": "",
        "InitialQuantity_AdminLeadTimeBeforeOct1InMonths_val": "0",
        "InitialQuantity_AdminLeadTimeAfterOct1InMonths_val": "0",
        "InitialQuantity_ProductionLeadTimeAfterOct1InMonths_val": "0",
        "InitialQuantity_TotalLeadTimeAfterOct1InMonths_val": "0",
        "ReorderQuantity_AdminLeadTimeBeforeOct1InMonths_val": "0",
        "ReorderQuantity_AdminLeadTimeAfterOct1InMonths_val": "0",
        "ReorderQuantity_ProductionLeadTimeAfterOct1InMonths_val": "0",
        "ReorderQuantity_TotalLeadTimeAfterOct1InMonths_val": "0",
        "@SOURCE_FILENAME": "2018-BASE_PROCUREMENT-2018-ARMY_OTHER_2-U_PROCUREMENT_JustificationBook_Army_PB_2018.zzz_unzipped-U_PROCUREMENT_JustificationBook_Army_PB_2018.xml",
        "@RECORDID": "38c294167c355d339a8ccea624e0b0643e68457c11866b2b886992043516b63d",
        "@ROWID": "0-86a2ad8ef10ae595633f8392d81659023f5ef53bfb3937141029bb37c59c13d0",
        "@PARENTROWID": "2-5a1bbc58d405a0e8da2d2baab495c3fbb35e6d05d8f205b1c25ac7c8e53af252",
        "@PARENT": "root.record.ItemExhibitList.P5Item.CostElementCategoryList.PackageFielding.Recurring.CostElementList.CostElement"
    },
    {
        "Name_val": "VAR",
        "Location_val": "VAR",
        "MinimumSustainingRate_val": "",
        "MaximumProductionRate_val": "",
        "Rate185_val": "",
        "InitialQuantity_AdminLeadTimeBeforeOct1InMonths_val": "",
        "InitialQuantity_AdminLeadTimeAfterOct1InMonths_val": "",
        "InitialQuantity_ProductionLeadTimeAfterOct1InMonths_val": "",
        "InitialQuantity_TotalLeadTimeAfterOct1InMonths_val": "",
        "ReorderQuantity_AdminLeadTimeBeforeOct1InMonths_val": "",
        "ReorderQuantity_AdminLeadTimeAfterOct1InMonths_val": "",
        "ReorderQuantity_ProductionLeadTimeAfterOct1InMonths_val": "",
        "ReorderQuantity_TotalLeadTimeAfterOct1InMonths_val": "",
        "@SOURCE_FILENAME": "2019-BASE_PROCUREMENT-2019-ARMY_OTHER_2-U_PROCUREMENT_JustificationBook_Army_PB_2019.zzz_unzipped-U_PROCUREMENT_JustificationBook_Army_PB_2019.xml",
        "@RECORDID": "5add64b8733be58a091d88ecb43cfe89e860a4a60660a6af7b3b1a128dbefa00",
        "@ROWID": "0-3c9f9e53cb4f625d6fa602ac4b413154c13f7215b8da58771d6aff5343f5037f",
        "@PARENTROWID": "0-a5466ac1a787ffbafb2f6425ab0cb8a3c953c782236928601fd68302d7ffb0c5",
        "@PARENT": "root.record.ItemExhibitList.P5Item.CostElementCategoryList.PackageFielding.Recurring.CostElementList.CostElement"
    },
    {
        "Name_val": "TBS",
        "Location_val": "TBS",
        "MinimumSustainingRate_val": "",
        "MaximumProductionRate_val": "",
        "Rate185_val": "",
        "InitialQuantity_AdminLeadTimeBeforeOct1InMonths_val": "",
        "InitialQuantity_AdminLeadTimeAfterOct1InMonths_val": "",
        "InitialQuantity_ProductionLeadTimeAfterOct1InMonths_val": "",
        "InitialQuantity_TotalLeadTimeAfterOct1InMonths_val": "",
        "ReorderQuantity_AdminLeadTimeBeforeOct1InMonths_val": "",
        "ReorderQuantity_AdminLeadTimeAfterOct1InMonths_val": "",
        "ReorderQuantity_ProductionLeadTimeAfterOct1InMonths_val": "",
        "ReorderQuantity_TotalLeadTimeAfterOct1InMonths_val": "",
        "@SOURCE_FILENAME": "2020-BASE_PROCUREMENT-2020-ARMY_OTHER_2-U_PROCUREMENT_JustificationBook_Army_PB_2020.zzz_unzipped-U_PROCUREMENT_JustificationBook_Army_PB_2020.xml",
        "@RECORDID": "16123f19d14714e621f3ad3717eb0a04587382702be0e2b1e9ac91adb50ab769",
        "@ROWID": "0-9c66969123055d56b575f978b7906f9fed20e800e529fd6ce128aba006047278",
        "@PARENTROWID": "0-4011b1c8c34b97113f71e7819d5ad25bd4405119e50b2f107ad2e66409f11e1a",
        "@PARENT": "root.record.ItemExhibitList.P5Item.CostElementCategoryList.PackageFielding.Recurring.CostElementList.CostElement"
    },
    {
        "Name_val": "CACI",
        "Location_val": "Reston, VA",
        "MinimumSustainingRate_val": "",
        "MaximumProductionRate_val": "",
        "Rate185_val": "",
        "InitialQuantity_AdminLeadTimeBeforeOct1InMonths_val": "",
        "InitialQuantity_AdminLeadTimeAfterOct1InMonths_val": "",
        "InitialQuantity_ProductionLeadTimeAfterOct1InMonths_val": "",
        "InitialQuantity_TotalLeadTimeAfterOct1InMonths_val": "",
        "ReorderQuantity_AdminLeadTimeBeforeOct1InMonths_val": "",
        "ReorderQuantity_AdminLeadTimeAfterOct1InMonths_val": "",
        "ReorderQuantity_ProductionLeadTimeAfterOct1InMonths_val": "",
        "ReorderQuantity_TotalLeadTimeAfterOct1InMonths_val": "",
        "@SOURCE_FILENAME": "2020-BASE_PROCUREMENT-2020-ARMY_OTHER_2-U_PROCUREMENT_JustificationBook_Army_PB_2020.zzz_unzipped-U_PROCUREMENT_JustificationBook_Army_PB_2020.xml",
        "@RECORDID": "16123f19d14714e621f3ad3717eb0a04587382702be0e2b1e9ac91adb50ab769",
        "@ROWID": "1-9c9aa6e7e60f3857e5dd289e6fcabd07b3d69dc5a363519641405f67dbfc13de",
        "@PARENTROWID": "0-4011b1c8c34b97113f71e7819d5ad25bd4405119e50b2f107ad2e66409f11e1a",
        "@PARENT": "root.record.ItemExhibitList.P5Item.CostElementCategoryList.PackageFielding.Recurring.CostElementList.CostElement"
    },
    {
        "Name_val": "VAR",
        "Location_val": "VAR",
        "MinimumSustainingRate_val": "",
        "MaximumProductionRate_val": "",
        "Rate185_val": "",
        "InitialQuantity_AdminLeadTimeBeforeOct1InMonths_val": "",
        "InitialQuantity_AdminLeadTimeAfterOct1InMonths_val": "",
        "InitialQuantity_ProductionLeadTimeAfterOct1InMonths_val": "",
        "InitialQuantity_TotalLeadTimeAfterOct1InMonths_val": "",
        "ReorderQuantity_AdminLeadTimeBeforeOct1InMonths_val": "",
        "ReorderQuantity_AdminLeadTimeAfterOct1InMonths_val": "",
        "ReorderQuantity_ProductionLeadTimeAfterOct1InMonths_val": "",
        "ReorderQuantity_TotalLeadTimeAfterOct1InMonths_val": "",
        "@SOURCE_FILENAME": "2020-BASE_PROCUREMENT-2020-ARMY_OTHER_2-U_PROCUREMENT_JustificationBook_Army_PB_2020.zzz_unzipped-U_PROCUREMENT_JustificationBook_Army_PB_2020.xml",
        "@RECORDID": "bccab256ad07c458efbf6015255c69b667e6fb84c81c395a9847bc99db6b1514",
        "@ROWID": "0-be3c8aa04feee62fecb94bba6b06f3a5848f589dd323ed1fab20e0d87b65b1e7",
        "@PARENTROWID": "0-f6c350130226c401e4bc73123585983ce2f9f0730b17f41eb2a9f030ab6041b6",
        "@PARENT": "root.record.ItemExhibitList.P5Item.CostElementCategoryList.PackageFielding.Recurring.CostElementList.CostElement"
    },
    {
        "Name_val": "Other Government Agency",
        "Location_val": "TBD",
        "MinimumSustainingRate_val": "",
        "MaximumProductionRate_val": "",
        "Rate185_val": "",
        "InitialQuantity_AdminLeadTimeBeforeOct1InMonths_val": "",
        "InitialQuantity_AdminLeadTimeAfterOct1InMonths_val": "",
        "InitialQuantity_ProductionLeadTimeAfterOct1InMonths_val": "",
        "InitialQuantity_TotalLeadTimeAfterOct1InMonths_val": "",
        "ReorderQuantity_AdminLeadTimeBeforeOct1InMonths_val": "",
        "ReorderQuantity_AdminLeadTimeAfterOct1InMonths_val": "",
        "ReorderQuantity_ProductionLeadTimeAfterOct1InMonths_val": "",
        "ReorderQuantity_TotalLeadTimeAfterOct1InMonths_val": "",
        "@SOURCE_FILENAME": "2020-BASE_PROCUREMENT-2020-ARMY_OTHER_2-U_PROCUREMENT_JustificationBook_Army_PB_2020.zzz_unzipped-U_PROCUREMENT_JustificationBook_Army_PB_2020.xml",
        "@RECORDID": "d5240ff4c7e79de7e15416cf9377c2be2f6ae02e5a70527e4c772787a856bd28",
        "@ROWID": "0-925973a363701dc1e4df17c9fcdb2f2550730b43e638099fda0549fb23dc1f5b",
        "@PARENTROWID": "1-b2b9664615eb85fb2d897a7aa84942248f2b1af02059ddc6a555eac424d19719",
        "@PARENT": "root.record.ItemExhibitList.P5Item.CostElementCategoryList.PackageFielding.Recurring.CostElementList.CostElement"
    },
    {
        "Name_val": "Raytheon",
        "Location_val": "TBD",
        "MinimumSustainingRate_val": "",
        "MaximumProductionRate_val": "",
        "Rate185_val": "",
        "InitialQuantity_AdminLeadTimeBeforeOct1InMonths_val": "",
        "InitialQuantity_AdminLeadTimeAfterOct1InMonths_val": "",
        "InitialQuantity_ProductionLeadTimeAfterOct1InMonths_val": "",
        "InitialQuantity_TotalLeadTimeAfterOct1InMonths_val": "",
        "ReorderQuantity_AdminLeadTimeBeforeOct1InMonths_val": "",
        "ReorderQuantity_AdminLeadTimeAfterOct1InMonths_val": "",
        "ReorderQuantity_ProductionLeadTimeAfterOct1InMonths_val": "",
        "ReorderQuantity_TotalLeadTimeAfterOct1InMonths_val": "",
        "@SOURCE_FILENAME": "2020-BASE_PROCUREMENT-2020-ARMY_OTHER_2-U_PROCUREMENT_JustificationBook_Army_PB_2020.zzz_unzipped-U_PROCUREMENT_JustificationBook_Army_PB_2020.xml",
        "@RECORDID": "d5240ff4c7e79de7e15416cf9377c2be2f6ae02e5a70527e4c772787a856bd28",
        "@ROWID": "0-f61ce2578dc9de60596d45f1a4b622866c3863f13842aab3d015838dad48b87c",
        "@PARENTROWID": "2-3821ff075861a9c29dfde705c8eb4ca723e14f9be54d8cc643669de26313dc4d",
        "@PARENT": "root.record.ItemExhibitList.P5Item.CostElementCategoryList.PackageFielding.Recurring.CostElementList.CostElement"
    }
]