Name_val,Name_@footnote,Location_val,InitialQuantity_AdminLeadTimeBeforeOct1InMonths_val,InitialQuantity_AdminLeadTimeAfterOct1InMonths_val,InitialQuantity_ProductionLeadTimeAfterOct1InMonths_val,InitialQuantity_TotalLeadTimeAfterOct1InMonths_val,ReorderQuantity_AdminLeadTimeBeforeOct1InMonths_val,ReorderQuantity_AdminLeadTimeAfterOct1InMonths_val,ReorderQuantity_ProductionLeadTimeAfterOct1InMonths_val,ReorderQuantity_TotalLeadTimeAfterOct1InMonths_val,@SOURCE_FILENAME,@RECORDID,@ROWID,MinimumSustainingRate_val,MaximumProductionRate_val,Rate185_val,@PARENTROWID,@PARENT
"TBS","","TBS","0","0","0","0","0","0","0","0","2013-BASE_PROCUREMENT-2013-ARMY_OTHER_2-JustificationBook_Army_PB_2013.zzz_unzipped-JustificationBook_Army_PB_2013.xml","72202fbc686aa20f8ea0ad38b75e2ffc5e13a3c32146dd2ace23e064232dfed4","0-6357537e4f1ee883924df74f3619b5b303512f38142b6b483bd618d05b7962f0","","","","0-0250107b5778d7b4dd489c093e484303dd09f2d9ddbeacb64db020868e3b1d57","root.record.ItemExhibitList.P5Item.CostElementCategoryList.Software.Recurring.CostElementList.CostElement"
"TBS","","TBS","0","0","0","0","0","0","0","0","2013-BASE_PROCUREMENT-2013-ARMY_OTHER_2-JustificationBook_Army_PB_2013.zzz_unzipped-JustificationBook_Army_PB_2013.xml","72202fbc686aa20f8ea0ad38b75e2ffc5e13a3c32146dd2ace23e064232dfed4","0-9f00fac6d5d91de374dcf8d36436da8cda8c627d865274f8befc17bf0ace87d9","","","","0-a59d26d252b8e7d96f13b69b2e9399798073f159d05b2cf6adc114179c9e350c","root.record.ItemExhibitList.P5Item.CostElementCategoryList.Software.Recurring.CostElementList.CostElement"
"Snap, Inc.","","Chantilly, VA","0","0","0","0","0","0","0","0","2013-BASE_PROCUREMENT-2013-ARMY_OTHER_2-JustificationBook_Army_PB_2013.zzz_unzipped-JustificationBook_Army_PB_2013.xml","72202fbc686aa20f8ea0ad38b75e2ffc5e13a3c32146dd2ace23e064232dfed4","0-1eefea5dc71a72fe77dc5781fca1f0e51c99edfe0a9ef76f8e38e95e0e44c22a","","","","1-23a7ac827fd4f4cdab1fbc60b955fa094082b59a04191c9e47ee93d114bb2f42","root.record.ItemExhibitList.P5Item.CostElementCategoryList.Software.Recurring.CostElementList.CostElement"
"TBS","","TBS","0","0","0","0","0","0","0","0","2013-BASE_PROCUREMENT-2013-ARMY_OTHER_2-JustificationBook_Army_PB_2013.zzz_unzipped-JustificationBook_Army_PB_2013.xml","72202fbc686aa20f8ea0ad38b75e2ffc5e13a3c32146dd2ace23e064232dfed4","1-d1329167c2343afaa6c3818c4667f9109b8649073a92e9422c103be5bb2d27b4","","","","1-23a7ac827fd4f4cdab1fbc60b955fa094082b59a04191c9e47ee93d114bb2f42","root.record.ItemExhibitList.P5Item.CostElementCategoryList.Software.Recurring.CostElementList.CostElement"
"Northrop Grumman","","Winter Park, FL","0","12","6","18","0","3","2","5","2013-BASE_PROCUREMENT-2013-DEFENSE_CBDP-JustificationBook_Chemical_and_Biological_Defense_Program_PB_2013.zzz_unzipped-JustificationBook_Chemical_and_Biological_Defense_Program_PB_2013.xml","44176a3b5f929933fa29f988a86df488aaa195b200a378d544132404a2eeb5bb","0-9329201fbe5a3263cbbb19b20b22981e8081df089c2beb03565a5f9cccdda364","1","500","8","1-e22a7873cdffd3d43d71ae21a212cb5eab50e495debad8a4f6eaf75856540139","root.record.ItemExhibitList.P5Item.CostElementCategoryList.Software.Recurring.CostElementList.CostElement"
"Northrop Grumman DMS","","Reston, VA","0","4","3","7","0","5","2","7","2013-BASE_PROCUREMENT-2013-DEFENSE_CBDP-JustificationBook_Chemical_and_Biological_Defense_Program_PB_2013.zzz_unzipped-JustificationBook_Chemical_and_Biological_Defense_Program_PB_2013.xml","44176a3b5f929933fa29f988a86df488aaa195b200a378d544132404a2eeb5bb","0-f9a6c1005d9dc704ac01def788fdfc9c3387b69747400aca8e4628bbe601a840","260","3000","400","1-bce214715c32aa24b8e8f47439889983ed1da82410d047510d47fa1b311354d7","root.record.ItemExhibitList.P5Item.CostElementCategoryList.Software.Recurring.CostElementList.CostElement"
"Northrop Grumman","","Winter Park, FL","0","12","6","18","0","3","2","5","2013-BASE_PROCUREMENT-2013-DEFENSE_VOL1-MasterJustificationBook_Defense-Wide_PB_2013.zzz_unzipped-MasterJustificationBook_Defense-Wide_PB_2013.xml","c77d5f438539d7acd66e0d53502dbd64712600bc7cbf03a534e487a823f9d240","0-a9ae4c0b82daaae33e97c531c0e3f3e64475b102299d6914c11d981109f0045e","1","500","8","1-c8b84e58194f2b44ba548cfd3454b8865f76e551ea34cd37902b1cbf6856ca32","root.record.ItemExhibitList.P5Item.CostElementCategoryList.Software.Recurring.CostElementList.CostElement"
"Northrop Grumman DMS","","Reston, VA","0","4","3","7","0","5","2","7","2013-BASE_PROCUREMENT-2013-DEFENSE_VOL1-MasterJustificationBook_Defense-Wide_PB_2013.zzz_unzipped-MasterJustificationBook_Defense-Wide_PB_2013.xml","c77d5f438539d7acd66e0d53502dbd64712600bc7cbf03a534e487a823f9d240","0-de469415ac08386a6d8b85a5b7721c85764c58ecbe78eb5524d3a4af1d75a38a","260","3000","400","1-698383130c95744fa1149cc358fe963c95d922b5aac6ef828f5e27b4038d3324","root.record.ItemExhibitList.P5Item.CostElementCategoryList.Software.Recurring.CostElementList.CostElement"
"TBD","","TBD","","","","","","","","","2013-BASE_PROCUREMENT-2013-DEFENSE_DISA-JustificationBook_Defense_Information_Systems_Agency_PB_2013.zzz_unzipped-JustificationBook_Defense_Information_Systems_Agency_PB_2013.xml","4f136af9604a19eccf2aed314e0a49529cae5359dd0e78898fd8b792cabe77d8","0-7f7758c74c8c30eb7127fa35ca9b4af8d49705ef2edb482c12c80dce59436215","","","","0-d817a05f52e5571d55375615df17fa80e2abd01db631bc4a8af4b2dd200e2417","root.record.ItemExhibitList.P5Item.CostElementCategoryList.Software.Recurring.CostElementList.CostElement"
"TBD","","TBD","","","","","","","","","2013-BASE_PROCUREMENT-2013-DEFENSE_DISA-JustificationBook_Defense_Information_Systems_Agency_PB_2013.zzz_unzipped-JustificationBook_Defense_Information_Systems_Agency_PB_2013.xml","4f136af9604a19eccf2aed314e0a49529cae5359dd0e78898fd8b792cabe77d8","0-20417bc24903db73c9cfc614e635301dc767067dedc10fd4b8bf6d0ead22496e","","","","1-13d1a62da864d2ecfb888a1816b1d09ff74adf4d2ecb84f80b1bd3039f37af10","root.record.ItemExhibitList.P5Item.CostElementCategoryList.Software.Recurring.CostElementList.CostElement"
"Carasoft Technologies","","VA","","","","","","","","","2013-BASE_PROCUREMENT-2013-DEFENSE_DISA-JustificationBook_Defense_Information_Systems_Agency_PB_2013.zzz_unzipped-JustificationBook_Defense_Information_Systems_Agency_PB_2013.xml","bc2e2132c6fc88dd4688bd517d0e2f252647d32ef747627a868d8796afb0eee5","0-767c3593eb3cc65ac2b91b6f3f5a7418e40c51dedee5217fe1e9e4a177fc5cc8","","","","0-3d7f6763bdd9adfc96d45a023c8b442f6687fed0b857dc7df3e220126a70d581","root.record.ItemExhibitList.P5Item.CostElementCategoryList.Software.Recurring.CostElementList.CostElement"
"Pepperweed Consulting","","PA","","","","","","","","","2013-BASE_PROCUREMENT-2013-DEFENSE_DISA-JustificationBook_Defense_Information_Systems_Agency_PB_2013.zzz_unzipped-JustificationBook_Defense_Information_Systems_Agency_PB_2013.xml","bc2e2132c6fc88dd4688bd517d0e2f252647d32ef747627a868d8796afb0eee5","0-1d6f8d51340b6c73db0d6423f90030bd75475c6dca2b34aa3ad7be1da7f4313e","","","","1-963e253b0114d20317a206812b5cdf4ca32a28bbf3db4f6b3c532d799a2ef8d3","root.record.ItemExhibitList.P5Item.CostElementCategoryList.Software.Recurring.CostElementList.CostElement"
"TBD","","TBD","","","","","","","","","2013-BASE_PROCUREMENT-2013-DEFENSE_DISA-JustificationBook_Defense_Information_Systems_Agency_PB_2013.zzz_unzipped-JustificationBook_Defense_Information_Systems_Agency_PB_2013.xml","bc2e2132c6fc88dd4688bd517d0e2f252647d32ef747627a868d8796afb0eee5","1-c7ec565f71a2a7ff57d3380a19348bf429f7732b5060bc68e8d5e9cb13e95620","","","","1-963e253b0114d20317a206812b5cdf4ca32a28bbf3db4f6b3c532d799a2ef8d3","root.record.ItemExhibitList.P5Item.CostElementCategoryList.Software.Recurring.CostElementList.CostElement"
"Mythics, Inc.","","VA","","","","","","","","","2013-BASE_PROCUREMENT-2013-DEFENSE_DISA-JustificationBook_Defense_Information_Systems_Agency_PB_2013.zzz_unzipped-JustificationBook_Defense_Information_Systems_Agency_PB_2013.xml","bc2e2132c6fc88dd4688bd517d0e2f252647d32ef747627a868d8796afb0eee5","0-1b6b6c7a8327249c98d79259321947bce192354e55fb10e36bc36e9f02a0dbdb","","","","2-338f81fa1020555581bfbb600351c3cea32918c8545178570643e619a5e2c52a","root.record.ItemExhibitList.P5Item.CostElementCategoryList.Software.Recurring.CostElementList.CostElement"
"Oracle, Inc","","CA","","","","","","","","","2013-BASE_PROCUREMENT-2013-DEFENSE_DISA-JustificationBook_Defense_Information_Systems_Agency_PB_2013.zzz_unzipped-JustificationBook_Defense_Information_Systems_Agency_PB_2013.xml","bc2e2132c6fc88dd4688bd517d0e2f252647d32ef747627a868d8796afb0eee5","0-c37c440f81a0544e4dd4f10ff01710b91395263d1eea5d052651de66153b8bec","","","","3-5490355fb7df1ad94315f3f8a63b9dc48d13a2a19ea709eff3fe342e97766c21","root.record.ItemExhibitList.P5Item.CostElementCategoryList.Software.Recurring.CostElementList.CostElement"
"TBD","","TBD","","","","","","","","","2013-BASE_PROCUREMENT-2013-DEFENSE_DISA-JustificationBook_Defense_Information_Systems_Agency_PB_2013.zzz_unzipped-JustificationBook_Defense_Information_Systems_Agency_PB_2013.xml","bc2e2132c6fc88dd4688bd517d0e2f252647d32ef747627a868d8796afb0eee5","1-01a43eeae71ddf8349df8bc94600f1c9c100216a9158d040bf11dd0e171fe995","","","","3-5490355fb7df1ad94315f3f8a63b9dc48d13a2a19ea709eff3fe342e97766c21","root.record.ItemExhibitList.P5Item.CostElementCategoryList.Software.Recurring.CostElementList.CostElement"
"TBD","","TBD","","","","","","","","","2013-BASE_PROCUREMENT-2013-DEFENSE_DISA-JustificationBook_Defense_Information_Systems_Agency_PB_2013.zzz_unzipped-JustificationBook_Defense_Information_Systems_Agency_PB_2013.xml","bc2e2132c6fc88dd4688bd517d0e2f252647d32ef747627a868d8796afb0eee5","0-0ccdcf4d3586b2227fa5a9f07ec30056106f569e74fd9c8f3774e40552ca3811","","","","4-e325e11e8781001825f2d30df3b30f0883b0811cd4c4c2a9cc01e3f5e8166f33","root.record.ItemExhibitList.P5Item.CostElementCategoryList.Software.Recurring.CostElementList.CostElement"
"Various","","Various","","","","","","","","","2013-BASE_PROCUREMENT-2013-DEFENSE_DISA-JustificationBook_Defense_Information_Systems_Agency_PB_2013.zzz_unzipped-JustificationBook_Defense_Information_Systems_Agency_PB_2013.xml","0297ccfd24fded5b805952179fa1712f37845cc9d6dc6e3ea136e753f0fca5d3","0-971f2c82f1d3f8555651ea13084329683d267ed2bb8c3402c67cebfb9ae0e4ea","","","","0-1eaf2eb3de34030b7ace61748b41069b2c79bd0d1bd0edf4fbbc20b76d0871e6","root.record.ItemExhibitList.P5Item.CostElementCategoryList.Software.Recurring.CostElementList.CostElement"
"TBD","","TBD","","","","","","","","","2013-BASE_PROCUREMENT-2013-DEFENSE_VOL1-MasterJustificationBook_Defense-Wide_PB_2013.zzz_unzipped-MasterJustificationBook_Defense-Wide_PB_2013.xml","54df1f0350e5881c2ca2500b8f4dde738ca994428e654f470ed773db61623571","0-1e6dd53a6ca6494a7272894068ef755badfdff90503feb5942efda0a163a08d2","","","","0-13e17a24e2863ea17ec2d1c3dc34c99fbeb847647d04aa175d57d41ac2b4ff67","root.record.ItemExhibitList.P5Item.CostElementCategoryList.Software.Recurring.CostElementList.CostElement"
"TBD","","TBD","","","","","","","","","2013-BASE_PROCUREMENT-2013-DEFENSE_VOL1-MasterJustificationBook_Defense-Wide_PB_2013.zzz_unzipped-MasterJustificationBook_Defense-Wide_PB_2013.xml","54df1f0350e5881c2ca2500b8f4dde738ca994428e654f470ed773db61623571","0-7cbde61b9467480fc5518bd73034b231261e2e29dcd1bab8c1f59e114ba521ed","","","","1-636a1e1f0a855ad3f8f39b28c5822d4b749b4609ff747a1d6f30d1e345a76930","root.record.ItemExhibitList.P5Item.CostElementCategoryList.Software.Recurring.CostElementList.CostElement"
"Carasoft Technologies","","VA","","","","","","","","","2013-BASE_PROCUREMENT-2013-DEFENSE_VOL1-MasterJustificationBook_Defense-Wide_PB_2013.zzz_unzipped-MasterJustificationBook_Defense-Wide_PB_2013.xml","b858c7d3b52be3a373661e54e8e9169205a16e926700c9d7839711c86954e8fe","0-2427107b3e82058dcedcfe0918112ddb8286011cd60552146fecb7569a264fbd","","","","0-95a7db0167a128586c1612333651ec1178a67ba3b86fbc185cc1b826410d299d","root.record.ItemExhibitList.P5Item.CostElementCategoryList.Software.Recurring.CostElementList.CostElement"
"Pepperweed Consulting","","PA","","","","","","","","","2013-BASE_PROCUREMENT-2013-DEFENSE_VOL1-MasterJustificationBook_Defense-Wide_PB_2013.zzz_unzipped-MasterJustificationBook_Defense-Wide_PB_2013.xml","b858c7d3b52be3a373661e54e8e9169205a16e926700c9d7839711c86954e8fe","0-efda038be9cd8ad073b9de043feafcc77b5a04222d6428b394a4b3cb08035b22","","","","1-943682dbb2c5ea8cc995eae365bce27cc756ffac3c89a7107b56bcddf4a86d90","root.record.ItemExhibitList.P5Item.CostElementCategoryList.Software.Recurring.CostElementList.CostElement"
"TBD","","TBD","","","","","","","","","2013-BASE_PROCUREMENT-2013-DEFENSE_VOL1-MasterJustificationBook_Defense-Wide_PB_2013.zzz_unzipped-MasterJustificationBook_Defense-Wide_PB_2013.xml","b858c7d3b52be3a373661e54e8e9169205a16e926700c9d7839711c86954e8fe","1-f983f0bd948bd36afca80a9185f451520c129a9c989a616dcf9ae7461791cdf7","","","","1-943682dbb2c5ea8cc995eae365bce27cc756ffac3c89a7107b56bcddf4a86d90","root.record.ItemExhibitList.P5Item.CostElementCategoryList.Software.Recurring.CostElementList.CostElement"
"Mythics, Inc.","","VA","","","","","","","","","2013-BASE_PROCUREMENT-2013-DEFENSE_VOL1-MasterJustificationBook_Defense-Wide_PB_2013.zzz_unzipped-MasterJustificationBook_Defense-Wide_PB_2013.xml","b858c7d3b52be3a373661e54e8e9169205a16e926700c9d7839711c86954e8fe","0-c42ef6a8cddb0031eb1cc7cb2fd2ca8231a78afb6afb89ff2429db4fb273cc21","","","","2-97096c28dc6a5c9307ba5a59048042e4ba75ab2d262b17f53aaf856ce70a4dcc","root.record.ItemExhibitList.P5Item.CostElementCategoryList.Software.Recurring.CostElementList.CostElement"
"Oracle, Inc","","CA","","","","","","","","","2013-BASE_PROCUREMENT-2013-DEFENSE_VOL1-MasterJustificationBook_Defense-Wide_PB_2013.zzz_unzipped-MasterJustificationBook_Defense-Wide_PB_2013.xml","b858c7d3b52be3a373661e54e8e9169205a16e926700c9d7839711c86954e8fe","0-695cf338f8031879d66a9fccf29c6c04ad849bd09a8c3268b8378e0ac1048cf6","","","","3-2745b00eca8ce8d7474ad7bf57667bbae959095a1e48ad06f714a252f88f5492","root.record.ItemExhibitList.P5Item.CostElementCategoryList.Software.Recurring.CostElementList.CostElement"
"TBD","","TBD","","","","","","","","","2013-BASE_PROCUREMENT-2013-DEFENSE_VOL1-MasterJustificationBook_Defense-Wide_PB_2013.zzz_unzipped-MasterJustificationBook_Defense-Wide_PB_2013.xml","b858c7d3b52be3a373661e54e8e9169205a16e926700c9d7839711c86954e8fe","1-e07cd1ce60e5741a259633b467c4fa6c68b55576f68ad1affa022a907f163841","","","","3-2745b00eca8ce8d7474ad7bf57667bbae959095a1e48ad06f714a252f88f5492","root.record.ItemExhibitList.P5Item.CostElementCategoryList.Software.Recurring.CostElementList.CostElement"
"TBD","","TBD","","","","","","","","","2013-BASE_PROCUREMENT-2013-DEFENSE_VOL1-MasterJustificationBook_Defense-Wide_PB_2013.zzz_unzipped-MasterJustificationBook_Defense-Wide_PB_2013.xml","b858c7d3b52be3a373661e54e8e9169205a16e926700c9d7839711c86954e8fe","0-cd8235136056448065ccdcd39b8822ca025a5b413875edd00e571beb196348a5","","","","4-a7baef2b4867ee130d1d361b85d94bb308fd6653986a842d774ac2debb121459","root.record.ItemExhibitList.P5Item.CostElementCategoryList.Software.Recurring.CostElementList.CostElement"
"Various","","Various","","","","","","","","","2013-BASE_PROCUREMENT-2013-DEFENSE_VOL1-MasterJustificationBook_Defense-Wide_PB_2013.zzz_unzipped-MasterJustificationBook_Defense-Wide_PB_2013.xml","aafc7516c48ca0d1f534d9d236f4039d4ec372ca87afbae2cbc2ee4e032a03b7","0-4591534fc52072b83d68683a1e4cd6469a51ee8985170235bb3c4333729f2f26","","","","0-caeabc135d9bf8493050cdb0a99725bee26d2069ad6e706b72b5b1ed2aaaf83b","root.record.ItemExhibitList.P5Item.CostElementCategoryList.Software.Recurring.CostElementList.CostElement"
"HP","","USA","","","","","","","","","2013-BASE_PROCUREMENT-2013-DEFENSE_OSD-JustificationBook_Office_of_Secretary_Of_Defense_PB_2013.zzz_unzipped-JustificationBook_Office_of_Secretary_Of_Defense_PB_2013.xml","7feaa0c5a2d2cd30c53a6601fbb48f2b99e26bc7ded26efd03bd61687b9067b6","0-c501b06b521fc68b83bbb78b1b506a1f4c467b732cf4cedddae4c69da672094f","","","","0-691b2c0c4a81028cb70b168335a869e6f19fd8cb6aad17c1d04bb8a00a59120e","root.record.ItemExhibitList.P5Item.CostElementCategoryList.Software.Recurring.CostElementList.CostElement"
"HP","","USA","","","","","","","","","2013-BASE_PROCUREMENT-2013-DEFENSE_VOL1-MasterJustificationBook_Defense-Wide_PB_2013.zzz_unzipped-MasterJustificationBook_Defense-Wide_PB_2013.xml","c2d851a15b6ad0400b8712a837b478678d3d00d563ebb7e71a3e9b909d69b65a","0-3c743caef510a6a8ecb1f45724d821bd15c30459aeb11ce7aca634ca6604f08a","","","","0-2b4a1a138843a7246bd364158dc134b8cecb246083b142b7b30087f0993e4ed3","root.record.ItemExhibitList.P5Item.CostElementCategoryList.Software.Recurring.CostElementList.CostElement"
"TBS","","TBS","0","0","0","0","0","0","0","0","2014-BASE_PROCUREMENT-2014-ARMY_OTHER_2-PROCUREMENT_JustificationBook_Army_PB_2014.zzz_unzipped-PROCUREMENT_JustificationBook_Army_PB_2014.xml","67071f71009ab11469c26da696e0ae2604f627ae46a7ffdcb7d3fa6a96a5fd24","0-390ceb1e76032352476f8fac59eef659d6485af5260f1a7a30931df2a20d277e","","","","0-fa77e514d21abb1c69154aa00fdcb46eb7f696ace2447b9ec4f012ce166bb93f","root.record.ItemExhibitList.P5Item.CostElementCategoryList.Software.Recurring.CostElementList.CostElement"
"TBS","","TBS","0","0","0","0","0","0","0","0","2014-BASE_PROCUREMENT-2014-ARMY_OTHER_2-PROCUREMENT_JustificationBook_Army_PB_2014.zzz_unzipped-PROCUREMENT_JustificationBook_Army_PB_2014.xml","67071f71009ab11469c26da696e0ae2604f627ae46a7ffdcb7d3fa6a96a5fd24","0-a8b2cbf73f1c05f2b2fa21cf558a3e4858a8727585ee4dd0effdfbd7493d2e14","","","","1-7422b5acfe3e4326c77f34df32cd5791ce6bc059d83d7f6d67813473f594aae9","root.record.ItemExhibitList.P5Item.CostElementCategoryList.Software.Recurring.CostElementList.CostElement"
"TBS","","TBS","0","0","0","0","0","0","0","0","2014-BASE_PROCUREMENT-2014-ARMY_OTHER_2-PROCUREMENT_JustificationBook_Army_PB_2014.zzz_unzipped-PROCUREMENT_JustificationBook_Army_PB_2014.xml","67071f71009ab11469c26da696e0ae2604f627ae46a7ffdcb7d3fa6a96a5fd24","0-2691af23482726ff297639434f710370ab3b74c99d29965987f168b0770a2eb8","","","","0-ac7f8e07a6f70a26b47d4228d57604a0c907a8297680413023be53e85ae23bdb","root.record.ItemExhibitList.P5Item.CostElementCategoryList.Software.Recurring.CostElementList.CostElement"
"Northrop Grumman Corp.","","Winter Park, FL","0","12","6","18","0","3","2","5","2014-BASE_PROCUREMENT-2014-DEFENSE_CBDP-PROCUREMENT_JustificationBook_Chemical_and_Biological_Defense_Program_PB_2014.zzz_unzipped-PROCUREMENT_JustificationBook_Chemical_and_Biological_Defense_Program_PB_2014.xml","97d306f3e37f2906a5001bc7c82dbaa23baf8de90825e377097cc280fffa115b","0-f7bcbd5c0e5e337d2d5ed91febeb9b76b1302d9ef31492797ca638a7554b7e0c","1","1000","100","1-b450da203c39e52408ac9d715d5e685a44a659ebf04b4521afeee35be908542b","root.record.ItemExhibitList.P5Item.CostElementCategoryList.Software.Recurring.CostElementList.CostElement"
"Northrop Grumman Corp","","Reston, VA","0","4","3","7","0","5","2","7","2014-BASE_PROCUREMENT-2014-DEFENSE_CBDP-PROCUREMENT_JustificationBook_Chemical_and_Biological_Defense_Program_PB_2014.zzz_unzipped-PROCUREMENT_JustificationBook_Chemical_and_Biological_Defense_Program_PB_2014.xml","97d306f3e37f2906a5001bc7c82dbaa23baf8de90825e377097cc280fffa115b","0-78089746fdaded27b8a8e50ec7211678d75c1392e612ec33d4de8afd277a4e9c","260","3000","400","1-824bac4a7790ba5131852c2c9a974ebf29adc0717bdf9cbf3a37b7ae6864cc25","root.record.ItemExhibitList.P5Item.CostElementCategoryList.Software.Recurring.CostElementList.CostElement"
"Northrop Grumman Corp.","","Winter Park, FL","0","12","6","18","0","3","2","5","2014-BASE_PROCUREMENT-2014-DEFENSE_VOL1-PROCUREMENT_MasterJustificationBook_Defense-Wide_PB_2014.zzz_unzipped-PROCUREMENT_MasterJustificationBook_Defense-Wide_PB_2014.xml","2dc8b319e28774b8158e551f3de9ff70b9908792cce30b426a07033c4ab4c58f","0-875c103a3afdffb4efa7e00073f7cf1c7a60d8ab53b4808a6c35a2f2ba2b7fec","1","1000","100","1-e7ccca9e16ee99d6e047a5c0752ce4059a24c9ee825551f6bb3436404c86c891","root.record.ItemExhibitList.P5Item.CostElementCategoryList.Software.Recurring.CostElementList.CostElement"
"Northrop Grumman Corp","","Reston, VA","0","4","3","7","0","5","2","7","2014-BASE_PROCUREMENT-2014-DEFENSE_VOL1-PROCUREMENT_MasterJustificationBook_Defense-Wide_PB_2014.zzz_unzipped-PROCUREMENT_MasterJustificationBook_Defense-Wide_PB_2014.xml","2dc8b319e28774b8158e551f3de9ff70b9908792cce30b426a07033c4ab4c58f","0-e8e3c1f6a14693a69cf451d09051257d3eb55e9b6684d2a160b124c38f27e92a","260","3000","400","1-a0d60d07fe9deebadb718efbd9361075ca957e21986bea694e419b6eddfaea9e","root.record.ItemExhibitList.P5Item.CostElementCategoryList.Software.Recurring.CostElementList.CostElement"
"Gov Convection","","Rockville, MD","","","","","","","","","2014-BASE_PROCUREMENT-2014-DEFENSE_DISA-PROCUREMENT_JustificationBook_Defense_Information_Systems_Agency_PB_2014.zzz_unzipped-PROCUREMENT_JustificationBook_Defense_Information_Systems_Agency_PB_2014.xml","77125eeabf0b887a1626b8dacfbe020b76bbd36452add05a77785eaccf89a0da","0-b0ef25136db451676fe1100bfdf732b926f08ae8b9dd85588faa3c5ef59a2f93","","","","0-cb6d3abf5ac02d51fb00616a441d23231f56ffc5233803260791165622e362d6","root.record.ItemExhibitList.P5Item.CostElementCategoryList.Software.Recurring.CostElementList.CostElement"
"Carasoft Technologies","","VA","","","","","","","","","2014-BASE_PROCUREMENT-2014-DEFENSE_DISA-PROCUREMENT_JustificationBook_Defense_Information_Systems_Agency_PB_2014.zzz_unzipped-PROCUREMENT_JustificationBook_Defense_Information_Systems_Agency_PB_2014.xml","77125eeabf0b887a1626b8dacfbe020b76bbd36452add05a77785eaccf89a0da","0-5b3df0e47f5643ebd81b08c21f0c2c772d1acba768010337d7e4350dee0c7de1","","","","1-56083861dc947ac7a431b53c67f4ea2d6ccbff1ea11ed6bc34f1bfe84e925b7c","root.record.ItemExhibitList.P5Item.CostElementCategoryList.Software.Recurring.CostElementList.CostElement"
"Pepperweed Consulting","","PA","","","","","","","","","2014-BASE_PROCUREMENT-2014-DEFENSE_DISA-PROCUREMENT_JustificationBook_Defense_Information_Systems_Agency_PB_2014.zzz_unzipped-PROCUREMENT_JustificationBook_Defense_Information_Systems_Agency_PB_2014.xml","685a13bef48b52a9bf99b5f4a7bbf0e77d1c38ce78a23ed935b18c05dcf3faa5","0-e83e3c599cbf4a66a192f5189ebf36685b0ae5f830549d706bb4570ee1995ec1","","","","1-82f302ef7805453edd3da42a02ae83f1f593257d724697a36e3178ca0887f79f","root.record.ItemExhibitList.P5Item.CostElementCategoryList.Software.Recurring.CostElementList.CostElement"
"Oracle, Inc","","CA","","","","","","","","","2014-BASE_PROCUREMENT-2014-DEFENSE_DISA-PROCUREMENT_JustificationBook_Defense_Information_Systems_Agency_PB_2014.zzz_unzipped-PROCUREMENT_JustificationBook_Defense_Information_Systems_Agency_PB_2014.xml","685a13bef48b52a9bf99b5f4a7bbf0e77d1c38ce78a23ed935b18c05dcf3faa5","0-62cd904af08f2831b60d926ff6e2ddd24139bc04e1d49bf66648676cfdc68646","","","","3-a87da278f7672da150e73ac855aaa08428705e21376992b6e7bd055cc227a8c6","root.record.ItemExhibitList.P5Item.CostElementCategoryList.Software.Recurring.CostElementList.CostElement"
"Various","","Various","","","","","","","","","2014-BASE_PROCUREMENT-2014-DEFENSE_DISA-PROCUREMENT_JustificationBook_Defense_Information_Systems_Agency_PB_2014.zzz_unzipped-PROCUREMENT_JustificationBook_Defense_Information_Systems_Agency_PB_2014.xml","685a13bef48b52a9bf99b5f4a7bbf0e77d1c38ce78a23ed935b18c05dcf3faa5","0-af157d8abc1255091fe1ca36566bbe1225d9f7b4da1deded5d8d48ee1053f217","","","","4-178816091ce888d7686191e064c5d7a647d18956b96e58745fd851b25dd46908","root.record.ItemExhibitList.P5Item.CostElementCategoryList.Software.Recurring.CostElementList.CostElement"
"Various","","Various","","","","","","","","","2014-BASE_PROCUREMENT-2014-DEFENSE_DISA-PROCUREMENT_JustificationBook_Defense_Information_Systems_Agency_PB_2014.zzz_unzipped-PROCUREMENT_JustificationBook_Defense_Information_Systems_Agency_PB_2014.xml","d37e2136395a57f4acec83ce33a4497ccc8e6c764d0f82782e0832af96f27a4c","0-af20d8ffe337917576f3ec38dd90fa97b1126df8d8716f11b3acb1b4dd6bf336","","","","0-89683fb950b36a1dd252d41658bf1ef7c35e3999c0a495260910fe30b4abe44d","root.record.ItemExhibitList.P5Item.CostElementCategoryList.Software.Recurring.CostElementList.CostElement"
"Gov Convection","","Rockville, MD","","","","","","","","","2014-BASE_PROCUREMENT-2014-DEFENSE_VOL1-PROCUREMENT_MasterJustificationBook_Defense-Wide_PB_2014.zzz_unzipped-PROCUREMENT_MasterJustificationBook_Defense-Wide_PB_2014.xml","a2017977fe3e46438984e836b8f18b7d70a3825d93951ef002be1a0cf985b47b","0-349ae5fc8e0b615d8a0688b64bd01c9148545a23c125fb4e83eed1793f0d7dc3","","","","0-62945b33731348d836b46151999f20d8a7757587cf08efcaa199b707fa0b9593","root.record.ItemExhibitList.P5Item.CostElementCategoryList.Software.Recurring.CostElementList.CostElement"
"Carasoft Technologies","","VA","","","","","","","","","2014-BASE_PROCUREMENT-2014-DEFENSE_VOL1-PROCUREMENT_MasterJustificationBook_Defense-Wide_PB_2014.zzz_unzipped-PROCUREMENT_MasterJustificationBook_Defense-Wide_PB_2014.xml","a2017977fe3e46438984e836b8f18b7d70a3825d93951ef002be1a0cf985b47b","0-94bda5cc2c14b2db8a40e7598cd8b92ba485638733f78e076f5c2d52a7143b88","","","","1-268e6faa2d4daa14d0f61420f3b00decdedf00232aa53db8052669e9eb7b461f","root.record.ItemExhibitList.P5Item.CostElementCategoryList.Software.Recurring.CostElementList.CostElement"
"Pepperweed Consulting","","PA","","","","","","","","","2014-BASE_PROCUREMENT-2014-DEFENSE_VOL1-PROCUREMENT_MasterJustificationBook_Defense-Wide_PB_2014.zzz_unzipped-PROCUREMENT_MasterJustificationBook_Defense-Wide_PB_2014.xml","0ebdd01386ed24e94162dd363b0a6571f083674aa63f366d222460a4d79eac42","0-9a2ef83edceb9ba9770e5d71453a25e6abc5faac34f8dc7fffd9186299eaf9ae","","","","1-492182e9139280020cb6ac7662532b0b24b842cc3d3bb0755cf14ff708c87c8c","root.record.ItemExhibitList.P5Item.CostElementCategoryList.Software.Recurring.CostElementList.CostElement"
"Oracle, Inc","","CA","","","","","","","","","2014-BASE_PROCUREMENT-2014-DEFENSE_VOL1-PROCUREMENT_MasterJustificationBook_Defense-Wide_PB_2014.zzz_unzipped-PROCUREMENT_MasterJustificationBook_Defense-Wide_PB_2014.xml","0ebdd01386ed24e94162dd363b0a6571f083674aa63f366d222460a4d79eac42","0-ab84559caf74c1f2f8ef50b7af9a073a621c06327770f0253fd457a577401e80","","","","3-019c74bc8e0461d5270f72f98d5a5522815e32c76379b5b95cd24428a232f895","root.record.ItemExhibitList.P5Item.CostElementCategoryList.Software.Recurring.CostElementList.CostElement"
"Various","","Various","","","","","","","","","2014-BASE_PROCUREMENT-2014-DEFENSE_VOL1-PROCUREMENT_MasterJustificationBook_Defense-Wide_PB_2014.zzz_unzipped-PROCUREMENT_MasterJustificationBook_Defense-Wide_PB_2014.xml","0ebdd01386ed24e94162dd363b0a6571f083674aa63f366d222460a4d79eac42","0-9da325f56ce830c0d8900bb2c1d23896df2ea1413f729302ec259cc901bb71bc","","","","4-17c715ffcacf1f7ec94186f93c52b08655ccc9caff5c3bb1faaa6c8647951193","root.record.ItemExhibitList.P5Item.CostElementCategoryList.Software.Recurring.CostElementList.CostElement"
"Various","","Various","","","","","","","","","2014-BASE_PROCUREMENT-2014-DEFENSE_VOL1-PROCUREMENT_MasterJustificationBook_Defense-Wide_PB_2014.zzz_unzipped-PROCUREMENT_MasterJustificationBook_Defense-Wide_PB_2014.xml","9b1519baeb79c62bd964bae6ba13ec7399e4f1359fb60a91ed6bebd6e8934f4d","0-4ee6f51bf3dd7c3c88eb624a2b0fc527bc99d013622736587c74a08a85f0d5a5","","","","0-164806a4afd33e0d6fa77e0bb15277ce468eaedd76761532951ea037be2e3686","root.record.ItemExhibitList.P5Item.CostElementCategoryList.Software.Recurring.CostElementList.CostElement"
"Various","","Various","","","","","","","","","2014-AMENDED_PROCUREMENT_AND_RDTE-2014-DISA-PROCUREMENT_JustificationBook_Defense_Information_Systems_Agency_PBAmended_2014.zzz_unzipped-PROCUREMENT_JustificationBook_Defense_Information_Systems_Agency_PBAmended_2014.xml","7199ae9745cc675ebc4feb35c7260faf4a2c1245c21bf1a7e92f30ffa53e2dfe","0-cff79b9d98cd6040ef1927201c7659d65ba314113bae5e2c0838f07deae5f071","","","","0-75273cf49877cf43dd806b4ab567d724e9eabd9950add6a915b5cb265a90d168","root.record.ItemExhibitList.P5Item.CostElementCategoryList.Software.Recurring.CostElementList.CostElement"
"Various","","Various","","","","","","","","","2014-AMENDED_PROCUREMENT_AND_RDTE-2014-DISA-PROCUREMENT_MasterJustificationBook_Defense_Information_Systems_Agency_PBAmended_2014.zzz_unzipped-PROCUREMENT_MasterJustificationBook_Defense_Information_Systems_Agency_PBAmended_2014.xml","25893d3c638b4c3409bb25cce6095af8d35e4991e21be039080e1bbc54036464","0-bdfc083c22b672053f6ffdf38031399e7430b7effb39deeae347cd315bd24e4a","","","","0-3fa6b09dd9970a901192779bb40b07af593e60d0e92531aab3af4387dce59207","root.record.ItemExhibitList.P5Item.CostElementCategoryList.Software.Recurring.CostElementList.CostElement"
"Various","","Various","","","","","","","","","2014-AMENDED_PROCUREMENT_AND_RDTE-2014-DEFENSE_MASTER_JBOOK-PROCUREMENT_MasterJustificationBook_Defense-Wide_PBAmended_2014.zzz_unzipped-PROCUREMENT_MasterJustificationBook_Defense-Wide_PBAmended_2014.xml","abee4c2c3678f5d15c0884f0faa8fa5235de42c33728bc140cba480579d0ff21","0-55a5dcbbed690e63b9d1dc60cfe9d39236839c5eb31fa53db5a0c32a3992a831","","","","0-caf5b11740800b65a54c8ae8ccb7c89ba71143c568a6d50dc6795072a028f923","root.record.ItemExhibitList.P5Item.CostElementCategoryList.Software.Recurring.CostElementList.CostElement"
"HP","","USA","","","","","","","","","2014-BASE_PROCUREMENT-2014-DEFENSE_OSD-PROCUREMENT_JustificationBook_Office_of_Secretary_Of_Defense_PB_2014.zzz_unzipped-PROCUREMENT_JustificationBook_Office_of_Secretary_Of_Defense_PB_2014.xml","d3bab9a27ba468cc169b801bf3c75574348c9c2b50160967c3388d10fcc6dd37","0-0836c6985023dc138d4cb3088591a0e8ca2678c0847034c1f35b78087c09e739","","","","0-21fadef390076455dbfd3dbdb46050defbc53aa69f04b20539c177f06854d128","root.record.ItemExhibitList.P5Item.CostElementCategoryList.Software.Recurring.CostElementList.CostElement"
"HP","","USA","","","","","","","","","2014-BASE_PROCUREMENT-2014-DEFENSE_VOL1-PROCUREMENT_MasterJustificationBook_Defense-Wide_PB_2014.zzz_unzipped-PROCUREMENT_MasterJustificationBook_Defense-Wide_PB_2014.xml","e77a4c4f5d312f845e26b40857cfa903e64be41562595d306f57d467c87198d0","0-74b7634b2eabc7cc236f85a3928b16f12685b9f313f8b09711d9cb58bd27153f","","","","0-6e70c9a578052fe024e83bbe3f6f9d8d94bfcb942ad4a36397b45ac8409acdbe","root.record.ItemExhibitList.P5Item.CostElementCategoryList.Software.Recurring.CostElementList.CostElement"
"TBS","","TBS","0","0","0","0","0","0","0","0","2015-BASE_PROCUREMENT-2015-ARMY_OTHER_2-PROCUREMENT_JustificationBook_Army_PB_2015.zzz_unzipped-PROCUREMENT_JustificationBook_Army_PB_2015.xml","bedafffdb4dc3a382094a452b4e6bbae6568910781ead59127205c527d1a2756","0-bd07207ce66fc1e10a43812b851e8f2aef09bfa58b93e719208a02374fcad794","","","","0-14b9b1afbb408620d08d1c77e72645943190a36c1aacbeee4dcfa78af11e5843","root.record.ItemExhibitList.P5Item.CostElementCategoryList.Software.Recurring.CostElementList.CostElement"
"Dell","","Columbus, OH","0","0","0","0","0","0","0","0","2015-BASE_PROCUREMENT-2015-ARMY_OTHER_2-PROCUREMENT_JustificationBook_Army_PB_2015.zzz_unzipped-PROCUREMENT_JustificationBook_Army_PB_2015.xml","bedafffdb4dc3a382094a452b4e6bbae6568910781ead59127205c527d1a2756","0-c26401c8b0a5452aeaa79eb50090e2d21b8a875af28a724b90879de08414e9c3","","","","0-69b92bb62228f26c10fefc1a2f9300c6ba5abb1468baa5f8533ac6e254226ff8","root.record.ItemExhibitList.P5Item.CostElementCategoryList.Software.Recurring.CostElementList.CostElement"
"Oracle, Inc","","CA","","","","","","","","","2015-BASE_PROCUREMENT-2015-DEFENSE_DISA-PROCUREMENT_JustificationBook_Defense_Information_Systems_Agency_PB_2015.zzz_unzipped-PROCUREMENT_JustificationBook_Defense_Information_Systems_Agency_PB_2015.xml","091ebb876124c2c3f907cf5f62f098fd34e78b7d9618b6d2ac5e086a6f2e74c7","0-19fa13c6300dbf89483a63d6f0a8a3d476f0a514c62b8738f078afa74bee55b0","","","","3-d8df964b3bd97c3acfa4c32dd11fd8706db744b3027691cb6fcbe6f9c3ff4938","root.record.ItemExhibitList.P5Item.CostElementCategoryList.Software.Recurring.CostElementList.CostElement"
"Various","","Various","","","","","","","","","2015-BASE_PROCUREMENT-2015-DEFENSE_DISA-PROCUREMENT_JustificationBook_Defense_Information_Systems_Agency_PB_2015.zzz_unzipped-PROCUREMENT_JustificationBook_Defense_Information_Systems_Agency_PB_2015.xml","091ebb876124c2c3f907cf5f62f098fd34e78b7d9618b6d2ac5e086a6f2e74c7","0-7503b6a5f1681bdff8f0ad56b22fb17ad960320d4b347cb2391a2b1414a8b120","","","","4-9b121550eb93c22854632ccffce8c88791c622a1b960cd397f6e43e7de5225e0","root.record.ItemExhibitList.P5Item.CostElementCategoryList.Software.Recurring.CostElementList.CostElement"
"Various","","Various","","","","","","","","","2015-BASE_PROCUREMENT-2015-DEFENSE_DISA-PROCUREMENT_JustificationBook_Defense_Information_Systems_Agency_PB_2015.zzz_unzipped-PROCUREMENT_JustificationBook_Defense_Information_Systems_Agency_PB_2015.xml","86838d6952f4336bc9088522c6ba3344304f6014b19863804ad0951b80ff1ddf","0-c0f559b3326e85775488770451e07560a74ed60762603327f46ced1acba00bb5","","","","0-19242f9aa39bcbd07c37cb74d2add97d4f4c9adfd0764b38011d9ba4ab646f3c","root.record.ItemExhibitList.P5Item.CostElementCategoryList.Software.Recurring.CostElementList.CostElement"
"Oracle, Inc","","CA","","","","","","","","","2015-BASE_PROCUREMENT-2015-DEFENSE_DISA-PROCUREMENT_MasterJustificationBook_Defense_Information_Systems_Agency_PB_2015.zzz_unzipped-PROCUREMENT_MasterJustificationBook_Defense_Information_Systems_Agency_PB_2015.xml","2f3328efd5fb6208dd1548e80deafd86d198c6980a35330310446287529512c9","0-82e3b9b0512388dd15a181e6f3f5e966859046fb2fd417dc51de9f3ba54ab7c8","","","","3-5fe5642fa14f62feb533b4ec8069a677287a4d58a89278d96f8ef2de6fe50891","root.record.ItemExhibitList.P5Item.CostElementCategoryList.Software.Recurring.CostElementList.CostElement"
"Various","","Various","","","","","","","","","2015-BASE_PROCUREMENT-2015-DEFENSE_DISA-PROCUREMENT_MasterJustificationBook_Defense_Information_Systems_Agency_PB_2015.zzz_unzipped-PROCUREMENT_MasterJustificationBook_Defense_Information_Systems_Agency_PB_2015.xml","2f3328efd5fb6208dd1548e80deafd86d198c6980a35330310446287529512c9","0-a8c1048d3690da275e98945c4daadbfb53e81b14d4287608824ed36e13eea838","","","","4-52e3e97564c9c1c5b865628f67043d37b5b06100dacf0edf4007029c2261f3d8","root.record.ItemExhibitList.P5Item.CostElementCategoryList.Software.Recurring.CostElementList.CostElement"
"Various","","Various","","","","","","","","","2015-BASE_PROCUREMENT-2015-DEFENSE_DISA-PROCUREMENT_MasterJustificationBook_Defense_Information_Systems_Agency_PB_2015.zzz_unzipped-PROCUREMENT_MasterJustificationBook_Defense_Information_Systems_Agency_PB_2015.xml","46f5b0cb620cc8131df0eb4cca2098c8027c89e7af780731f45e9cca00571563","0-411ee60598f6b05bf489326cb87d9db3198d4c6291cc899e6ada4d928e515587","","","","0-5c4232e89f7d32cee864b1be9f6096012a8dcfe12cb597bb8fe6321814f95b52","root.record.ItemExhibitList.P5Item.CostElementCategoryList.Software.Recurring.CostElementList.CostElement"
"Oracle, Inc","","CA","","","","","","","","","2015-BASE_PROCUREMENT-2015-DEFENSE_VOL1-PROCUREMENT_MasterJustificationBook_Defense-Wide_PB_2015.zzz_unzipped-PROCUREMENT_MasterJustificationBook_Defense-Wide_PB_2015.xml","b41d5c413003fe2c2f3d577eda5552401185b1a9c151dd4b17213d9f065da3b2","0-b240de9371ccecc300aa67ea0f14cca86682569e29db6b4b3553de81d61c6f69","","","","3-6d93ac2de2330007557df329fbfc4b6a67b6830bc7b59dd98ecd66d390643ddc","root.record.ItemExhibitList.P5Item.CostElementCategoryList.Software.Recurring.CostElementList.CostElement"
"Various","","Various","","","","","","","","","2015-BASE_PROCUREMENT-2015-DEFENSE_VOL1-PROCUREMENT_MasterJustificationBook_Defense-Wide_PB_2015.zzz_unzipped-PROCUREMENT_MasterJustificationBook_Defense-Wide_PB_2015.xml","b41d5c413003fe2c2f3d577eda5552401185b1a9c151dd4b17213d9f065da3b2","0-febed274807490cdec3b6c09bea9e636c2463485d560cdeb94a85b996681ca59","","","","4-3cdf72618b3330192b5d52bbce27bb0c7dde9a9ce18c3214fa6ffb7da9643199","root.record.ItemExhibitList.P5Item.CostElementCategoryList.Software.Recurring.CostElementList.CostElement"
"Various","","Various","","","","","","","","","2015-BASE_PROCUREMENT-2015-DEFENSE_VOL1-PROCUREMENT_MasterJustificationBook_Defense-Wide_PB_2015.zzz_unzipped-PROCUREMENT_MasterJustificationBook_Defense-Wide_PB_2015.xml","ab73ac5f88aee4bb33d1de8ada5b4c0940ca12003fdad467a84544f799685258","0-25e2b3fab762adee5949b72364c6460f24ca06bde436e7f6e084827b44bb4dc9","","","","0-4ce46eee5db994b1b33a45b93c722b4db00983d4da20b1ce7ec2a004263da8d2","root.record.ItemExhibitList.P5Item.CostElementCategoryList.Software.Recurring.CostElementList.CostElement"
"Army","","Wash DC","","","","","","","","","2015-AMENDED_PROCUREMENT_AND_RDTE-2015-DISA-PROCUREMENT_JustificationBook_Defense_Information_Systems_Agency_PBAmended_2015.zzz_unzipped-PROCUREMENT_JustificationBook_Defense_Information_Systems_Agency_PBAmended_2015.xml","d94f019ca6ad47831570c156dff39434da9ab15bce0586d43be1216cd4cf1d47","0-68edf90d0f44d50fb418dba2385a176c62e06060a38880004f4d21977dda0a44","","","","0-de84ee0d04b513ad044af00c32bc71ffaa918811961f6f773f55850a91d6dc24","root.record.ItemExhibitList.P5Item.CostElementCategoryList.Software.Recurring.CostElementList.CostElement"
"SAIC","","VA","","","","","","","","","2015-AMENDED_PROCUREMENT_AND_RDTE-2015-DISA-PROCUREMENT_JustificationBook_Defense_Information_Systems_Agency_PBAmended_2015.zzz_unzipped-PROCUREMENT_JustificationBook_Defense_Information_Systems_Agency_PBAmended_2015.xml","d94f019ca6ad47831570c156dff39434da9ab15bce0586d43be1216cd4cf1d47","0-880b26a6914aa48962b447876df9ca8732f71b496b1ee14ffe825036c58e5e1e","","","","1-4d47e7353af7f33a3b150172a51059b51d936a5d4c6e1033d526d99a0231746b","root.record.ItemExhibitList.P5Item.CostElementCategoryList.Software.Recurring.CostElementList.CostElement"
"Army","","Wash DC","","","","","","","","","2015-AMENDED_PROCUREMENT_AND_RDTE-2015-DISA-PROCUREMENT_JustificationBook_Defense_Information_Systems_Agency_PBAmended_2015.zzz_unzipped-PROCUREMENT_JustificationBook_Defense_Information_Systems_Agency_PBAmended_2015.xml","d94f019ca6ad47831570c156dff39434da9ab15bce0586d43be1216cd4cf1d47","0-09074b63f24c6cf5eeca5217c780f8b77ff0b3b27a2e11a5422102f2b80f2ebc","","","","2-764d63f1fe584cd00aac1ccdea1493456ca2892a8cb17bf506d8e1cdce6f4eeb","root.record.ItemExhibitList.P5Item.CostElementCategoryList.Software.Recurring.CostElementList.CostElement"
"Army","","Wash DC","","","","","","","","","2015-AMENDED_PROCUREMENT_AND_RDTE-2015-DISA-PROCUREMENT_MasterJustificationBook_Defense_Information_Systems_Agency_PBAmended_2015.zzz_unzipped-PROCUREMENT_MasterJustificationBook_Defense_Information_Systems_Agency_PBAmended_2015.xml","0ba1ff01b1584bc3e78a57a5ea1922c71db0daf80e4e1f03a022614b8e202d41","0-791348af7b3349e0c8fca765b37bb6d8d3d98dcdcc637f784ebd7be619675ea2","","","","0-3a21186fcdb0c7121e3b52fca737ecc4a8eb6ff380a49b348479f8e2de154ba4","root.record.ItemExhibitList.P5Item.CostElementCategoryList.Software.Recurring.CostElementList.CostElement"
"SAIC","","VA","","","","","","","","","2015-AMENDED_PROCUREMENT_AND_RDTE-2015-DISA-PROCUREMENT_MasterJustificationBook_Defense_Information_Systems_Agency_PBAmended_2015.zzz_unzipped-PROCUREMENT_MasterJustificationBook_Defense_Information_Systems_Agency_PBAmended_2015.xml","0ba1ff01b1584bc3e78a57a5ea1922c71db0daf80e4e1f03a022614b8e202d41","0-0f9d1a3f486254aee477bd92c98771db6c133cb583096b3a3d0e5ccfccb87104","","","","1-2665981694e25b57b3c63dfb10c61b2023234ea6e6783d35160520c269e85ee9","root.record.ItemExhibitList.P5Item.CostElementCategoryList.Software.Recurring.CostElementList.CostElement"
"Army","","Wash DC","","","","","","","","","2015-AMENDED_PROCUREMENT_AND_RDTE-2015-DISA-PROCUREMENT_MasterJustificationBook_Defense_Information_Systems_Agency_PBAmended_2015.zzz_unzipped-PROCUREMENT_MasterJustificationBook_Defense_Information_Systems_Agency_PBAmended_2015.xml","0ba1ff01b1584bc3e78a57a5ea1922c71db0daf80e4e1f03a022614b8e202d41","0-59603e6abbdb5a7ba6c14c7605b5671542bab50a99d0d617915278c5e4ed97a5","","","","2-0767e32c0f35510333ed5a396ca6c3043a16e96804a0b94d21419a25dc4c0151","root.record.ItemExhibitList.P5Item.CostElementCategoryList.Software.Recurring.CostElementList.CostElement"
"Army","","Wash DC","","","","","","","","","2015-AMENDED_PROCUREMENT_AND_RDTE-2015-DEFENSE_MASTER_JBOOK-PROCUREMENT_MasterJustificationBook_Defense-Wide_PBAmended_2015.zzz_unzipped-PROCUREMENT_MasterJustificationBook_Defense-Wide_PBAmended_2015.xml","303b558d79ac8de02c9b26612b66f29a4d300e030b75eec7d9b97dfeddac8680","0-81fe1ffb3b74c7bfd69603eb39ac51ce74d380be4e12486c653c5882b661548c","","","","0-aa1b55e9ec76b6cd33d1d229f19237e1a6e8746d75a6adb9baebb62c3c002e14","root.record.ItemExhibitList.P5Item.CostElementCategoryList.Software.Recurring.CostElementList.CostElement"
"SAIC","","VA","","","","","","","","","2015-AMENDED_PROCUREMENT_AND_RDTE-2015-DEFENSE_MASTER_JBOOK-PROCUREMENT_MasterJustificationBook_Defense-Wide_PBAmended_2015.zzz_unzipped-PROCUREMENT_MasterJustificationBook_Defense-Wide_PBAmended_2015.xml","303b558d79ac8de02c9b26612b66f29a4d300e030b75eec7d9b97dfeddac8680","0-b203d499087f9916c700485eaceeb474f399302cf258cdfeb58572ce03b61f40","","","","1-414abc2d30be1b1e21222e8c33fb919bb766c9ba4b05cd2f5861c2aed13545e6","root.record.ItemExhibitList.P5Item.CostElementCategoryList.Software.Recurring.CostElementList.CostElement"
"Army","","Wash DC","","","","","","","","","2015-AMENDED_PROCUREMENT_AND_RDTE-2015-DEFENSE_MASTER_JBOOK-PROCUREMENT_MasterJustificationBook_Defense-Wide_PBAmended_2015.zzz_unzipped-PROCUREMENT_MasterJustificationBook_Defense-Wide_PBAmended_2015.xml","303b558d79ac8de02c9b26612b66f29a4d300e030b75eec7d9b97dfeddac8680","0-86d4ebf3886801e9066ff0826d3ce6ddea7c94d796071dca513cb194e5b737f9","","","","2-49e9cc6971efcdc59c60534bfc834424fa89b48c299fd7a894ed8989e7e6219b","root.record.ItemExhibitList.P5Item.CostElementCategoryList.Software.Recurring.CostElementList.CostElement"
"TBS","","TBS","0","0","0","0","0","0","0","0","2016-BASE_PROCUREMENT-2016-ARMY_OTHER_2-PROCUREMENT_JustificationBook_Army_PB_2016.zzz_unzipped-PROCUREMENT_JustificationBook_Army_PB_2016.xml","0daeb3840995e315e0845fec38ebc9e30d4d58064f2184f55430dcb7cef2d891","0-606f9d6d2563748a7d2d477fa802a91ea7ea8532ba97f6b6d69a05f95e0403e8","","","","0-4d0e5698ec162f0db2999fa3d7d34188e68c347ee6fdc00fc55ba0371eb7ac36","root.record.ItemExhibitList.P5Item.CostElementCategoryList.Software.Recurring.CostElementList.CostElement"
"SPAWAR","","Charleston, SC","","","","","","","","","2016-BASE_PROCUREMENT-2016-NAVY_MARINECORPS-PROCUREMENT_JustificationBook_Navy_PB_2016.zzz_unzipped-PROCUREMENT_JustificationBook_Navy_PB_2016.xml","12010ebf887d3bda82b71fd7ca18db203d499886bd167e243d9d298a01fd5ceb","0-45c46ce09f5d7f9e9bfa676cd64a1e75f5165929f20236704eeeb2ea5ff79c99","","","","2-e75433f5e9030330add2dadcccec7024874881376b7813d216bcad929f4cf3f7","root.record.ItemExhibitList.P5Item.CostElementCategoryList.Software.Recurring.CostElementList.CostElement"
"SPAWAR","","Charleston, SC","","","","","","","","","2016-BASE_PROCUREMENT-2016-NAVY_MARINECORPS-PROCUREMENT_JustificationBook_Navy_PB_2016.zzz_unzipped-PROCUREMENT_JustificationBook_Navy_PB_2016.xml","12010ebf887d3bda82b71fd7ca18db203d499886bd167e243d9d298a01fd5ceb","0-6a522638713228f0081e1e88557b70f998bd0dc89e6f11de06b60694a37f6d79","","","","3-81b3f12567e3b7978ebeaec8ff0aa903c4cb0a93297ff0cdfc93a2936c568558","root.record.ItemExhibitList.P5Item.CostElementCategoryList.Software.Recurring.CostElementList.CostElement"
"National Reconnaissance Office (NRO)","","Ogden, Utah","","","","","","","","","2016-BASE_PROCUREMENT-2016-NAVY_MARINECORPS-PROCUREMENT_JustificationBook_Navy_PB_2016.zzz_unzipped-PROCUREMENT_JustificationBook_Navy_PB_2016.xml","12010ebf887d3bda82b71fd7ca18db203d499886bd167e243d9d298a01fd5ceb","0-7340f60209b14b1c810533baf094083df735b2877f85569fecdddda32f1a92e7","","","","4-6a3d980b6f3e79e487a22ed3071a9cbcb21a3e9d067f92efc075f892958c797f","root.record.ItemExhibitList.P5Item.CostElementCategoryList.Software.Recurring.CostElementList.CostElement"
"SPAWAR","","Charleston, SC","","","","","","","","","2016-BASE_PROCUREMENT-2016-NAVY_MARINECORPS-PROCUREMENT_MasterJustificationBook_Navy_PB_2016.zzz_unzipped-PROCUREMENT_MasterJustificationBook_Navy_PB_2016.xml","40d06d016220680d7b12a616aaef482a770d2fae48913dd6ec4d5860805b8b48","0-dac6ef68125f553a8354db74dbd1f8652a69ba7e2b1bb119a64dce2bcca8f36e","","","","2-43e5a257d73609f80551579c406c317f694b56e2ecc5328f81351fed79c8484c","root.record.ItemExhibitList.P5Item.CostElementCategoryList.Software.Recurring.CostElementList.CostElement"
"SPAWAR","","Charleston, SC","","","","","","","","","2016-BASE_PROCUREMENT-2016-NAVY_MARINECORPS-PROCUREMENT_MasterJustificationBook_Navy_PB_2016.zzz_unzipped-PROCUREMENT_MasterJustificationBook_Navy_PB_2016.xml","40d06d016220680d7b12a616aaef482a770d2fae48913dd6ec4d5860805b8b48","0-318f38d3cbed4f1ac8172794c53476b3c4132471d0596049cc1897655efdcf66","","","","3-9af12cca7d09388a8a19a345ae59a11aba301e70cadc49b65e681c4c943eb85d","root.record.ItemExhibitList.P5Item.CostElementCategoryList.Software.Recurring.CostElementList.CostElement"
"National Reconnaissance Office (NRO)","","Ogden, Utah","","","","","","","","","2016-BASE_PROCUREMENT-2016-NAVY_MARINECORPS-PROCUREMENT_MasterJustificationBook_Navy_PB_2016.zzz_unzipped-PROCUREMENT_MasterJustificationBook_Navy_PB_2016.xml","40d06d016220680d7b12a616aaef482a770d2fae48913dd6ec4d5860805b8b48","0-9e63185f488eb6470094aee30372ab0a500f60dc0c4ced753ae36c6470a1d653","","","","4-f03760bca5d997d586358ce3ac025bd3c372a497c2e2427a8b97c72e4edfbfd6","root.record.ItemExhibitList.P5Item.CostElementCategoryList.Software.Recurring.CostElementList.CostElement"
"DLT Solutions","","Herndon, VA","0","0","0","0","0","0","0","0","2017-BASE_PROCUREMENT-2017-AIRFORCE_OTHER-U_PROCUREMENT_JustificationBook_Air_Force_PB_2017.zzz_unzipped-U_PROCUREMENT_JustificationBook_Air_Force_PB_2017.xml","64b52a8444f6154dd6d624cbe1a8cd7ecbc678b26efb599c82c61c305f19c0e8","0-5eac3926eff0eee4711f183b8822603b93c36fc88e0fc23d663a0829558df311","0.00","0.00","0.00","0-47694acb4c31dc1c050fbdcb276fc723ff8a10b29a2bfb87699ee913ccd5dbbb","root.record.ItemExhibitList.P5Item.CostElementCategoryList.Software.Recurring.CostElementList.CostElement"
"Harris Corporation","","Rochester, NY","0","0","0","0","0","0","0","0","2017-BASE_PROCUREMENT-2017-AIRFORCE_OTHER-U_PROCUREMENT_JustificationBook_Air_Force_PB_2017.zzz_unzipped-U_PROCUREMENT_JustificationBook_Air_Force_PB_2017.xml","38c642dc0285b7d8781f87014042ad3d1b52b59501bab1602b747599958c4b3f","0-7ef30965dde9a1917a98538eea1bc62b7e05e5672fdda3db318b68b4e4da20ae","0.00","0.00","0.00","0-bf52da3c039da8035eaf2f9bf47d680edd2abaaa8dbbb484ea0987167eb898a1","root.record.ItemExhibitList.P5Item.CostElementCategoryList.Software.Recurring.CostElementList.CostElement"
"DLT Solutions","","Herndon, VA","0","0","0","0","0","0","0","0","2017-BASE_PROCUREMENT-2017-AIRFORCE_OTHER-U_PROCUREMENT_MasterJustificationBook_Air_Force_PB_2017.zzz_unzipped-U_PROCUREMENT_MasterJustificationBook_Air_Force_PB_2017.xml","611d4f8edb8098bb6294f25b64c73f9097d031cec463696210e2820e37721c26","0-02a8c1a08c3e1fe9524f5ed22c695e796defeb5449fa3d1a55b130c9923e563b","0.00","0.00","0.00","0-24e124058b774b3b269babf71a22b4bb5d35e99bb46c2e5fca688217febe4d0a","root.record.ItemExhibitList.P5Item.CostElementCategoryList.Software.Recurring.CostElementList.CostElement"
"Harris Corporation","","Rochester, NY","0","0","0","0","0","0","0","0","2017-BASE_PROCUREMENT-2017-AIRFORCE_OTHER-U_PROCUREMENT_MasterJustificationBook_Air_Force_PB_2017.zzz_unzipped-U_PROCUREMENT_MasterJustificationBook_Air_Force_PB_2017.xml","36ace9e2c2250de3b99e411ac5642c43f6759be84df645121aad6b5f7bddc5c8","0-307ec9056e925f044f64a79fc93da56240d457f0df78b284c8be3a3665c1c8e3","0.00","0.00","0.00","0-f17cf54f4c67a1431c9d25fc872acc60ef0bfd2988016ad3d2870f1210f42ca4","root.record.ItemExhibitList.P5Item.CostElementCategoryList.Software.Recurring.CostElementList.CostElement"
"TBD","","TBD","0","6","3","9","0","6","3","9","2017-BASE_PROCUREMENT-2017-ARMY_OTHER_3-4-U_PROCUREMENT_JustificationBook_Army_PB_2017.zzz_unzipped-U_PROCUREMENT_JustificationBook_Army_PB_2017.xml","99fdf12344ddbe14e1ebbcb6290f9a4143355b155574f258b5b758209b883288","0-efa84c715168eac6d7a432dbf0c73081e1476bbc8931d43b3f9761a6c37ef315","1","5","3","0-b3d0d34d6a7e2b102d9af9e91f2f4553a45a92ce036d1f6f4d426bdbd2a315fe","root.record.ItemExhibitList.P5Item.CostElementCategoryList.Software.Recurring.CostElementList.CostElement"
"TBS","","TBS","0","0","0","0","0","0","0","0","2017-BASE_PROCUREMENT-2017-ARMY_OTHER_2-U_PROCUREMENT_JustificationBook_Army_PB_2017.zzz_unzipped-U_PROCUREMENT_JustificationBook_Army_PB_2017.xml","e2c89fbeb812916900eca5c27f8af4e89ad05088685814bc9bb1805868e5dd11","0-37227fe4ca969984c88343a4136f9ff01f58db01eca25e9eeb27300e83ef2835","","","","0-a4a63f16bd72547d1dac7853fc0f4015ca934a9bf3dac1dacf3c09341d420048","root.record.ItemExhibitList.P5Item.CostElementCategoryList.Software.Recurring.CostElementList.CostElement"
"CDW Government LLC","","Vernon Hills, IL","0","0","0","0","0","0","0","0","2017-BASE_PROCUREMENT-2017-ARMY_OTHER_2-U_PROCUREMENT_JustificationBook_Army_PB_2017.zzz_unzipped-U_PROCUREMENT_JustificationBook_Army_PB_2017.xml","e2c89fbeb812916900eca5c27f8af4e89ad05088685814bc9bb1805868e5dd11","0-8b3332a8b30ab05d3e63806801aeb7e8f16ebfca63bbd667f4f21778978da253","","","","0-9668118d889a613b7369ffce33eb7579d8392fd8807a26fe0ccc81e257b60428","root.record.ItemExhibitList.P5Item.CostElementCategoryList.Software.Recurring.CostElementList.CostElement"
"TBS","","TBS","0","0","0","0","0","0","0","0","2017-BASE_PROCUREMENT-2017-ARMY_OTHER_2-U_PROCUREMENT_JustificationBook_Army_PB_2017.zzz_unzipped-U_PROCUREMENT_JustificationBook_Army_PB_2017.xml","e2c89fbeb812916900eca5c27f8af4e89ad05088685814bc9bb1805868e5dd11","1-42381bd266c45044a3b5c87480966c175133aaf4ae0d7615e90eff5f59d8fd24","","","","0-9668118d889a613b7369ffce33eb7579d8392fd8807a26fe0ccc81e257b60428","root.record.ItemExhibitList.P5Item.CostElementCategoryList.Software.Recurring.CostElementList.CostElement"
"Accenture","","Kingstowne","0","0","0","0","0","0","0","0","2017-BASE_PROCUREMENT-2017-ARMY_OTHER_2-U_PROCUREMENT_JustificationBook_Army_PB_2017.zzz_unzipped-U_PROCUREMENT_JustificationBook_Army_PB_2017.xml","5e6e415a71ace7ae6c50fa58050972b44713daa0fea2f6b3f30f352d143cb7b5","0-d30a00250737eda846a5a644b3bd1e87613822de4ce22818ba3bb9f0cd34290d","","","","0-ae973bfdf0d3e6756519b06074d2752ebbc1e23b22e456e9a332021fec5f37af","root.record.ItemExhibitList.P5Item.CostElementCategoryList.Software.Recurring.CostElementList.CostElement"
"TBD","","TBD","0","0","0","0","0","0","0","0","2017-BASE_PROCUREMENT-2017-ARMY_OTHER_2-U_PROCUREMENT_JustificationBook_Army_PB_2017.zzz_unzipped-U_PROCUREMENT_JustificationBook_Army_PB_2017.xml","5e6e415a71ace7ae6c50fa58050972b44713daa0fea2f6b3f30f352d143cb7b5","1-dc6076199e87edf761e2aa04cb02bdcbf3ebbd92fc9c99e2e6a1ffeb94c07e2c","","","","0-ae973bfdf0d3e6756519b06074d2752ebbc1e23b22e456e9a332021fec5f37af","root.record.ItemExhibitList.P5Item.CostElementCategoryList.Software.Recurring.CostElementList.CostElement"
"SPAWAR","","Charleston, SC","","","","","","","","","2017-BASE_PROCUREMENT-2017-NAVY_MARINECORPS-U_PROCUREMENT_JustificationBook_Navy_PB_2017.zzz_unzipped-U_PROCUREMENT_JustificationBook_Navy_PB_2017.xml","c39c2d4de5b2c1cb19ec88c24f0e5074bd6ab600c236b4943d4f5e2bbe8d1b63","0-4b617a6bb0c5493e1c51b1fb25c055244a407064aab5b0dd44eca155b9acf2d8","","","","3-d12792799a705657ffc6da61b0f9567f017d2eee422e5f1773b4b8356110b2c2","root.record.ItemExhibitList.P5Item.CostElementCategoryList.Software.Recurring.CostElementList.CostElement"
"SPAWAR","","Charleston, SC","","","","","","","","","2017-BASE_PROCUREMENT-2017-NAVY_MARINECORPS-U_PROCUREMENT_JustificationBook_Navy_PB_2017.zzz_unzipped-U_PROCUREMENT_JustificationBook_Navy_PB_2017.xml","c39c2d4de5b2c1cb19ec88c24f0e5074bd6ab600c236b4943d4f5e2bbe8d1b63","0-98935bc686850bba691aaad68b503481950d46a44fd31684b3e4252522f2d1ab","","","","5-984aa6326f223a1ef85a3869dbe79a34ef65fecc5d17ab2c4ce9b3b00c26c0d3","root.record.ItemExhibitList.P5Item.CostElementCategoryList.Software.Recurring.CostElementList.CostElement"
"SPAWAR","","Charleston, SC","","","","","","","","","2017-BASE_PROCUREMENT-2017-NAVY_MARINECORPS-U_PROCUREMENT_MasterJustificationBook_Navy_PB_2017.zzz_unzipped-U_PROCUREMENT_MasterJustificationBook_Navy_PB_2017.xml","97488045a35c40c1193857b6b1e7983182fa95aa832063cab96e96f070cd689e","0-be232756934dc9e40278bd66441ad51a2e1c9f7eced867fc4b80d785aca58022","","","","3-165f4cc4060a6b428cdd6fe3eb6133eb4543d9899c796b59d7ec7bfc8320338b","root.record.ItemExhibitList.P5Item.CostElementCategoryList.Software.Recurring.CostElementList.CostElement"
"SPAWAR","","Charleston, SC","","","","","","","","","2017-BASE_PROCUREMENT-2017-NAVY_MARINECORPS-U_PROCUREMENT_MasterJustificationBook_Navy_PB_2017.zzz_unzipped-U_PROCUREMENT_MasterJustificationBook_Navy_PB_2017.xml","97488045a35c40c1193857b6b1e7983182fa95aa832063cab96e96f070cd689e","0-faf047650b712e50348bd600fd35d7de64a4fcc27f772b59f972ed984ef074de","","","","5-cd987aab888e9850f5edf2dcb73695442e69b0801c162a42480650da22bdd0ff","root.record.ItemExhibitList.P5Item.CostElementCategoryList.Software.Recurring.CostElementList.CostElement"
"Multiple Sources","","Various","","","","","","","","","2020-BASE_PROCUREMENT-2020-NAVY_OTHER_BA5-8-U_PROCUREMENT_JustificationBook_Navy_PB_2017.zzz_unzipped-U_PROCUREMENT_JustificationBook_Navy_PB_2017.xml","55135aba0fea4209c4c34cc96c7f6dd5db5155d0291654cc3a02ea3b252f9654","0-609a34f3aadac164fcb9625168041c31f08c24775c267de6c30e3eac04aaacd2","","","","0-fc1aba6ae95e66ffe5dd53608951c4f210a80cef0bf98d3c25a2f8f7c176ddd3","root.record.ItemExhibitList.P5Item.CostElementCategoryList.Software.Recurring.CostElementList.CostElement"
"BMC Software Distribution IncBMC Software Distribution Inc","Multiple manufacturers (Aeorprise, Scan Store, BMC, BMX, Avaya)","San Diego, CA","","","","","","","","","2020-BASE_PROCUREMENT-2020-NAVY_OTHER_BA5-8-U_PROCUREMENT_JustificationBook_Navy_PB_2017.zzz_unzipped-U_PROCUREMENT_JustificationBook_Navy_PB_2017.xml","55135aba0fea4209c4c34cc96c7f6dd5db5155d0291654cc3a02ea3b252f9654","0-60e49fa897be11e568d9ca2706cf716d6118f581d5b32518ef8ebe9e2557157a","","","","1-46b9a5614671abae73f369f98f34dec16bae39d7388818a09c0fd8d46a126e75","root.record.ItemExhibitList.P5Item.CostElementCategoryList.Software.Recurring.CostElementList.CostElement"
"Multiple Sources","","Various","","","","","","","","","2020-BASE_PROCUREMENT-2020-NAVY_OTHER_BA5-8-U_PROCUREMENT_MasterJustificationBook_Navy_PB_2017.zzz_unzipped-U_PROCUREMENT_MasterJustificationBook_Navy_PB_2017.xml","d6d1be1d31092cf14d659ea15da1c53fed8e933653ecbd2dcffc7e79ab483430","0-d20b476a0156d4050feaa92b20b8a915fbf201291074e9fdb832d1447982804b","","","","0-8715d656dd5913bd8083ffccc263960d4b9df493b0ea3b7a16de9eefbc9c1506","root.record.ItemExhibitList.P5Item.CostElementCategoryList.Software.Recurring.CostElementList.CostElement"
"BMC Software Distribution IncBMC Software Distribution Inc","Multiple manufacturers (Aeorprise, Scan Store, BMC, BMX, Avaya)","San Diego, CA","","","","","","","","","2020-BASE_PROCUREMENT-2020-NAVY_OTHER_BA5-8-U_PROCUREMENT_MasterJustificationBook_Navy_PB_2017.zzz_unzipped-U_PROCUREMENT_MasterJustificationBook_Navy_PB_2017.xml","d6d1be1d31092cf14d659ea15da1c53fed8e933653ecbd2dcffc7e79ab483430","0-3079fb0204003991c826e2f419710ebd3345f921850a2b3ba7ebd24eb79ff98c","","","","1-dd35d4f804b90f020895d5b2bdbd3c78efc8539fd6cc4821fe9072f4b72e73db","root.record.ItemExhibitList.P5Item.CostElementCategoryList.Software.Recurring.CostElementList.CostElement"
"GDIT","","Springfield/VA","0","0","0","0","0","0","0","0","2018-BASE_PROCUREMENT-2018-AIRFORCE_OTHER-U_PROCUREMENT_JustificationBook_Air_Force_PB_2018.zzz_unzipped-U_PROCUREMENT_JustificationBook_Air_Force_PB_2018.xml","b9db150d4e2eea838c5638ac6003f2186dd3d50e49d4e1a77e8441d25f93b227","0-9020b47d2d21e7424856e76b2ed5c0ccbc5d2a9f2442afc55180f09a7db557cb","0.00","0.00","0.00","0-a10b097881c9aca39b841b8592873893c1ec096919f83eff4aeaa0c93188e068","root.record.ItemExhibitList.P5Item.CostElementCategoryList.Software.Recurring.CostElementList.CostElement"
"GDIT","","Springfield/VA","0","0","0","0","0","0","0","0","2018-BASE_PROCUREMENT-2018-AIRFORCE_OTHER-U_PROCUREMENT_MasterJustificationBook_Air_Force_PB_2018.zzz_unzipped-U_PROCUREMENT_MasterJustificationBook_Air_Force_PB_2018.xml","da45d8f8a6249c90c8f51efd21792099bf8bdec437cb776f6e17679f34441c2e","0-fb7583b0785763bd58b9f54197b8d4507260b1c30f97c168acb6801d89ee5b0d","0.00","0.00","0.00","0-0ef0ec4555e14c18bdddfa971ce2731232e3d8af05cf42eb9ac55b5778ee52f1","root.record.ItemExhibitList.P5Item.CostElementCategoryList.Software.Recurring.CostElementList.CostElement"
"TBS","","TBS","0","0","0","0","0","0","0","0","2018-BASE_PROCUREMENT-2018-ARMY_OTHER_2-U_PROCUREMENT_JustificationBook_Army_PB_2018.zzz_unzipped-U_PROCUREMENT_JustificationBook_Army_PB_2018.xml","4fcec47d2ef2c5e454ef51ea8d74e89b75e63959a68d7baa4c0a97b8a1fc8c6e","0-840370a0387b56e4c168cdf8d9d223bd93957a5c36012ce478407501e20e0ea2","","","","0-d7d01c3fc2a0011bb79682a73581317331153a11f61bd895bc24b9630a4e102b","root.record.ItemExhibitList.P5Item.CostElementCategoryList.Software.Recurring.CostElementList.CostElement"
"TBS","","TBS","0","0","0","0","0","0","0","0","2018-BASE_PROCUREMENT-2018-ARMY_OTHER_2-U_PROCUREMENT_JustificationBook_Army_PB_2018.zzz_unzipped-U_PROCUREMENT_JustificationBook_Army_PB_2018.xml","4fcec47d2ef2c5e454ef51ea8d74e89b75e63959a68d7baa4c0a97b8a1fc8c6e","0-3f69886743553c0060e2e1733db37809be542707802f30f2a6ab455281b1b390","","","","1-12fca922735c6bf45de1369b708864b125a1203e768e047b27abc1bda08d4795","root.record.ItemExhibitList.P5Item.CostElementCategoryList.Software.Recurring.CostElementList.CostElement"
"Cole Engineering Services","","Orlando","","","","","","","","","2018-BASE_PROCUREMENT-2018-ARMY_OTHER_3-U_PROCUREMENT_JustificationBook_Army_PB_2018.zzz_unzipped-U_PROCUREMENT_JustificationBook_Army_PB_2018.xml","613d3db5b690e83faeabb8edb3de191297ce81a72abc22ac5d15627835aa22a6","0-c9333b98cd20112f8529297d1b3e668d808c51c267b6d5467084f62a9e28072f","","","","0-760edb7fbbb2a21798e123fd9223cdd44c49792dc7e8da4bb2b0e8c223625b51","root.record.ItemExhibitList.P5Item.CostElementCategoryList.Software.Recurring.CostElementList.CostElement"
"Owl Computing Technologies","","DISA","","","","","","","","","2018-BASE_PROCUREMENT-2018-DEFENSE_DISA-U_PROCUREMENT_JustificationBook_Defense_Information_Systems_Agency_PB_2018.zzz_unzipped-U_PROCUREMENT_JustificationBook_Defense_Information_Systems_Agency_PB_2018.xml","cb724143f0abfe0efbf3f257ad309a0bc339897deef3bfb964f1b0df68fc13d4","0-e73ce1164df43e0630a1b5a3313efe167e8fd58a3b6d8719be15a174d3d3964d","","","","0-0871e20199cf306b4e23215caa0ba2c1105cdc2bc7281332871f0b22f085c9e5","root.record.ItemExhibitList.P5Item.CostElementCategoryList.Software.Recurring.CostElementList.CostElement"
"Owl Computing Technologies","","DISA","","","","","","","","","2018-BASE_PROCUREMENT-2018-DEFENSE_DISA-U_PROCUREMENT_MasterJustificationBook_Defense_Information_Systems_Agency_PB_2018.zzz_unzipped-U_PROCUREMENT_MasterJustificationBook_Defense_Information_Systems_Agency_PB_2018.xml","14438a636cc9725589e089ff75f7eed9c738b4857befdcdfff859a4fc633801d","0-65f446776aa7a1ea2078a284ee71cc658fffac4a851bbe7263da27154fde079e","","","","0-3aab9ac94e27bb576b85ee43c0602ed95e1b36e446abb34e9fe1bf91854b7da4","root.record.ItemExhibitList.P5Item.CostElementCategoryList.Software.Recurring.CostElementList.CostElement"
"Owl Computing Technologies","","DISA","","","","","","","","","2018-BASE_PROCUREMENT-2018-DEFENSE_VOL1_ALL-U_PROCUREMENT_MasterJustificationBook_Defense-Wide_PB_2018.zzz_unzipped-U_PROCUREMENT_MasterJustificationBook_Defense-Wide_PB_2018.xml","21b8480e01085eaff9c78015995e037f416940198c16ef2f140e927f637ec6b0","0-cf1ad53ff1d2437cfd11da455258583c49aea0a6e103608f86a6e3e7db8862de","","","","0-9220e6ad6494f5c9e6db998d9f268804e45110883d42b48bcb9ec4cc0f8d5a53","root.record.ItemExhibitList.P5Item.CostElementCategoryList.Software.Recurring.CostElementList.CostElement"
"GDIT","","Springfield VA","0","0","0","0","0","0","0","0","2019-BASE_PROCUREMENT-2019-AIRFORCE_OTHER-U_PROCUREMENT_JustificationBook_Air_Force_PB_2019.zzz_unzipped-U_PROCUREMENT_JustificationBook_Air_Force_PB_2019.xml","6b33798310aba7e5e4d9b877c0eec7513bd32ffc9793262de9670a66a6d39eb3","0-45fcb6018fd36c1ff4324e84f6e08678bf7758e19cc34f89e1266113f8c48dfa","0.00","0.00","0.00","0-c3a6645b4ce4c511fb8c62c1ee63b81243ffa5f7344e83fcfdfcfa00d6eefa59","root.record.ItemExhibitList.P5Item.CostElementCategoryList.Software.Recurring.CostElementList.CostElement"
"Harris Corporation","","Rochester, NY","0","0","0","0","0","9","3","12","2019-BASE_PROCUREMENT-2019-AIRFORCE_OTHER-U_PROCUREMENT_JustificationBook_Air_Force_PB_2019.zzz_unzipped-U_PROCUREMENT_JustificationBook_Air_Force_PB_2019.xml","cfe39698d6a55296019381ae6433583029de5e5830566a5d01d614d183d01876","0-581620b34f699833a5c3b4645087c7352fc4914c0a6d3f8549f9c8dc020d33bd","340.00","425.00","350.00","0-282e023d33309ad25f3349aa492fcf3197ff9cbeea8415bd64ba4ef69521e0d6","root.record.ItemExhibitList.P5Item.CostElementCategoryList.Software.Recurring.CostElementList.CostElement"
"GDIT","","Springfield VA","0","0","0","0","0","0","0","0","2019-BASE_PROCUREMENT-2019-AIRFORCE_OTHER-U_PROCUREMENT_MasterJustificationBook_Air_Force_PB_2019.zzz_unzipped-U_PROCUREMENT_MasterJustificationBook_Air_Force_PB_2019.xml","4b4bf8305feca0dd280fd5297ecb38244b27f9db1f72cd91011506c50f14d9a0","0-207e383ee641c3ff0ecb75b1efcf3bbc8b4182682271eaa8de66766f6c301001","0.00","0.00","0.00","0-209266f61a6cefe1f38bcfaa4759d99252560e907794e57f40142f3d7e06322a","root.record.ItemExhibitList.P5Item.CostElementCategoryList.Software.Recurring.CostElementList.CostElement"
"Harris Corporation","","Rochester, NY","0","0","0","0","0","9","3","12","2019-BASE_PROCUREMENT-2019-AIRFORCE_OTHER-U_PROCUREMENT_MasterJustificationBook_Air_Force_PB_2019.zzz_unzipped-U_PROCUREMENT_MasterJustificationBook_Air_Force_PB_2019.xml","53cb469a7481a4b0f0732b4848d7b1f8bc62be3d4a4eb7fdf65b19b837eb91e9","0-a010c3fa5ae1917ae22f2f4331db6fa543d4f148bcfc5c622e3972fa17823436","340.00","425.00","350.00","0-3ab2ba9454c82a13b11262ec9ce352bd7ebbe933dddd9cba70e1f0f59d2af6c4","root.record.ItemExhibitList.P5Item.CostElementCategoryList.Software.Recurring.CostElementList.CostElement"
"TBD","","TBD","","","","","","","","","2019-BASE_PROCUREMENT-2019-ARMY_OTHER_2-U_PROCUREMENT_JustificationBook_Army_PB_2019.zzz_unzipped-U_PROCUREMENT_JustificationBook_Army_PB_2019.xml","1dad0d6def87e40e5e900fcd8d769dde203ed602536daff3c8c428b55f26c034","0-404914a9c0288f55293cfa20124544c3f48059a2711d5d53ef229c78bf8dc497","","","","0-0d54fa9cd2cf28a6c64e38612df257b0b0e4782e6e16b95c4784659f66244b03","root.record.ItemExhibitList.P5Item.CostElementCategoryList.Software.Recurring.CostElementList.CostElement"
"Contracting Division - PL8","","VA","","","","","","","","","2019-BASE_PROCUREMENT-2019-ARMY_OTHER_2-U_PROCUREMENT_JustificationBook_Army_PB_2019.zzz_unzipped-U_PROCUREMENT_JustificationBook_Army_PB_2019.xml","16460c7c27924b372086b35662e9cdf675b9a832b575627291fc52fa6c982e98","0-c08d9f0216956bdcf41e393791d1a955af2426aada663547a32ca82442a06f85","","","","0-ea5dccbcca8c79d250ba8448c366597bf14274a1502ce7d1149056710d02a750","root.record.ItemExhibitList.P5Item.CostElementCategoryList.Software.Recurring.CostElementList.CostElement"
"TBS","","TBS","","","","","","","","","2019-BASE_PROCUREMENT-2019-ARMY_OTHER_2-U_PROCUREMENT_JustificationBook_Army_PB_2019.zzz_unzipped-U_PROCUREMENT_JustificationBook_Army_PB_2019.xml","16460c7c27924b372086b35662e9cdf675b9a832b575627291fc52fa6c982e98","0-1760067163ee13f291142bfbbba5f7b503e9d950e01d04790bf337de3a9bb5c0","","","","1-63f4aa0727857010fc37599b26fa7c3579d0ca9b5755ea9051ca45e001d76132","root.record.ItemExhibitList.P5Item.CostElementCategoryList.Software.Recurring.CostElementList.CostElement"
"Various SW Manufacturers","","Various","","","","","","","","","2019-BASE_PROCUREMENT-2019-ARMY_OTHER_2-U_PROCUREMENT_JustificationBook_Army_PB_2019.zzz_unzipped-U_PROCUREMENT_JustificationBook_Army_PB_2019.xml","76cd21f8f78640c01ef5294e9e647e06af1a0c62c081ebb0f1e92f8f63cfcac1","0-32dd4db0ff0bc046b04294451337493a538dc61766fd505b412697077d48661a","","","","0-f8884e22c24e5e533e2d77e29f1e337c51185f593532fbcd4f190d11ad776f10","root.record.ItemExhibitList.P5Item.CostElementCategoryList.Software.Recurring.CostElementList.CostElement"
"Cole Engineering Services (P)","","Orlando","","","","","","","","","2019-BASE_PROCUREMENT-2019-ARMY_OTHER_3-4-U_PROCUREMENT_JustificationBook_Army_PB_2019.zzz_unzipped-U_PROCUREMENT_JustificationBook_Army_PB_2019.xml","1d0b02e6570e2975253fdf442e253fb3e971dcc6537280f554af05f8d7e873c0","0-1a9a9228d6d6cfbe2831661a6de4cc9c61accc452c5787ef16257df86d9512f8","","","","0-59653b808aa7099676b7763729fa89b6dde970c2c0370cd7e8f0380bb95215c0","root.record.ItemExhibitList.P5Item.CostElementCategoryList.Software.Recurring.CostElementList.CostElement"
"Owl Computing Technologies","","DISA","","","","","","","","","2019-BASE_PROCUREMENT-2019-DEFENSE_DISA-U_PROCUREMENT_JustificationBook_Defense_Information_Systems_Agency_PB_2019.zzz_unzipped-U_PROCUREMENT_JustificationBook_Defense_Information_Systems_Agency_PB_2019.xml","b2c1971a64941246f3b5e5423528ff562562bd42f5fe86fae0c2bd1e884e93ba","0-263dd927509165094e6b6fc3e3565efc8eb41db2bd8f088c707e3eded730096f","","","","0-d4e373768201c4b3c47ef1e67986886aa7a494a0d64fc82cd845ef71c907a00d","root.record.ItemExhibitList.P5Item.CostElementCategoryList.Software.Recurring.CostElementList.CostElement"
"Carasoft","","NSA","","","","","","","","","2019-BASE_PROCUREMENT-2019-DEFENSE_DISA-U_PROCUREMENT_JustificationBook_Defense_Information_Systems_Agency_PB_2019.zzz_unzipped-U_PROCUREMENT_JustificationBook_Defense_Information_Systems_Agency_PB_2019.xml","b2c1971a64941246f3b5e5423528ff562562bd42f5fe86fae0c2bd1e884e93ba","0-9fcb843ab32ee2d3f7ad4db97b4a32ef52442c639b9275f59aaa983956f1416a","","","","1-142e91e5010b9dc36c3b634ea60207706bdeea1ff5a912dc622eaf96f6e4c1f6","root.record.ItemExhibitList.P5Item.CostElementCategoryList.Software.Recurring.CostElementList.CostElement"
"TBD","","DISA","","","","","","","","","2019-BASE_PROCUREMENT-2019-DEFENSE_DISA-U_PROCUREMENT_JustificationBook_Defense_Information_Systems_Agency_PB_2019.zzz_unzipped-U_PROCUREMENT_JustificationBook_Defense_Information_Systems_Agency_PB_2019.xml","b2c1971a64941246f3b5e5423528ff562562bd42f5fe86fae0c2bd1e884e93ba","1-a52b104843dd4df9afbe7cefe7d508b11bcb22a6dfbd08feedbb06f0b90a1672","","","","1-142e91e5010b9dc36c3b634ea60207706bdeea1ff5a912dc622eaf96f6e4c1f6","root.record.ItemExhibitList.P5Item.CostElementCategoryList.Software.Recurring.CostElementList.CostElement"
"Four LLC","","DISA","","","","","","","","","2019-BASE_PROCUREMENT-2019-DEFENSE_DISA-U_PROCUREMENT_JustificationBook_Defense_Information_Systems_Agency_PB_2019.zzz_unzipped-U_PROCUREMENT_JustificationBook_Defense_Information_Systems_Agency_PB_2019.xml","b2c1971a64941246f3b5e5423528ff562562bd42f5fe86fae0c2bd1e884e93ba","2-ce62d18102cfcd656dca7d8b248e975043495624f837dd252b0456270378df65","","","","1-142e91e5010b9dc36c3b634ea60207706bdeea1ff5a912dc622eaf96f6e4c1f6","root.record.ItemExhibitList.P5Item.CostElementCategoryList.Software.Recurring.CostElementList.CostElement"
"Owl Computing Technologies","","DISA","","","","","","","","","2019-BASE_PROCUREMENT-2019-DEFENSE_DISA-U_PROCUREMENT_JustificationBook_Defense_Information_Systems_Agency_PB_2019.zzz_unzipped-U_PROCUREMENT_JustificationBook_Defense_Information_Systems_Agency_PB_2019.xml","b2c1971a64941246f3b5e5423528ff562562bd42f5fe86fae0c2bd1e884e93ba","3-436933af8bf8bc1d2e28d30d23eacd6a8bd955288167c84036709ab1fe8e26b8","","","","1-142e91e5010b9dc36c3b634ea60207706bdeea1ff5a912dc622eaf96f6e4c1f6","root.record.ItemExhibitList.P5Item.CostElementCategoryList.Software.Recurring.CostElementList.CostElement"
"TechTrend","","Arlington","","","","","","","","","2019-BASE_PROCUREMENT-2019-DEFENSE_DISA-U_PROCUREMENT_JustificationBook_Defense_Information_Systems_Agency_PB_2019.zzz_unzipped-U_PROCUREMENT_JustificationBook_Defense_Information_Systems_Agency_PB_2019.xml","b2c1971a64941246f3b5e5423528ff562562bd42f5fe86fae0c2bd1e884e93ba","0-707ab301cf5797aa46a83f83e71ee163585fb6ae35a6afa197ff07430d9501a5","","","","2-25e6282bcb57169e8eb21eb671dcc85f9ade847599e66583677ec55589296267","root.record.ItemExhibitList.P5Item.CostElementCategoryList.Software.Recurring.CostElementList.CostElement"
"Owl Computing Technologies","","DISA","","","","","","","","","2019-BASE_PROCUREMENT-2019-DEFENSE_DISA-U_PROCUREMENT_MasterJustificationBook_Defense_Information_Systems_Agency_PB_2019.zzz_unzipped-U_PROCUREMENT_MasterJustificationBook_Defense_Information_Systems_Agency_PB_2019.xml","6578cd95c5a6c9235d7058df91d1cba0c7a02cf3b2df85029c70d2e40cc77cc5","0-3d7257f8c8fc49269cc17162f1d3bae61786a5df8526b18eeaed1a61f82ba192","","","","0-467798e2ff67824a04a86eb4b657283202f8c9f5c9c99f51aa4c2390f900b215","root.record.ItemExhibitList.P5Item.CostElementCategoryList.Software.Recurring.CostElementList.CostElement"
"Carasoft","","NSA","","","","","","","","","2019-BASE_PROCUREMENT-2019-DEFENSE_DISA-U_PROCUREMENT_MasterJustificationBook_Defense_Information_Systems_Agency_PB_2019.zzz_unzipped-U_PROCUREMENT_MasterJustificationBook_Defense_Information_Systems_Agency_PB_2019.xml","6578cd95c5a6c9235d7058df91d1cba0c7a02cf3b2df85029c70d2e40cc77cc5","0-890055eb440e8d578993416b14fa33533897378f57ed412c55d0b6434fa54c35","","","","1-0c100626de53d46a671375fb7cd5a7b0f1a529caf4598df8fa22c45c3514e53f","root.record.ItemExhibitList.P5Item.CostElementCategoryList.Software.Recurring.CostElementList.CostElement"
"TBD","","DISA","","","","","","","","","2019-BASE_PROCUREMENT-2019-DEFENSE_DISA-U_PROCUREMENT_MasterJustificationBook_Defense_Information_Systems_Agency_PB_2019.zzz_unzipped-U_PROCUREMENT_MasterJustificationBook_Defense_Information_Systems_Agency_PB_2019.xml","6578cd95c5a6c9235d7058df91d1cba0c7a02cf3b2df85029c70d2e40cc77cc5","1-13db50a628635376b4f6ac7fe66cae879f4482c3bf4e0bd53972d57af5a7a1f0","","","","1-0c100626de53d46a671375fb7cd5a7b0f1a529caf4598df8fa22c45c3514e53f","root.record.ItemExhibitList.P5Item.CostElementCategoryList.Software.Recurring.CostElementList.CostElement"
"Four LLC","","DISA","","","","","","","","","2019-BASE_PROCUREMENT-2019-DEFENSE_DISA-U_PROCUREMENT_MasterJustificationBook_Defense_Information_Systems_Agency_PB_2019.zzz_unzipped-U_PROCUREMENT_MasterJustificationBook_Defense_Information_Systems_Agency_PB_2019.xml","6578cd95c5a6c9235d7058df91d1cba0c7a02cf3b2df85029c70d2e40cc77cc5","2-0d3b611d956c133594b1ebc8916cc92fb41dc99d66e494d6703a9f3b9b7b042b","","","","1-0c100626de53d46a671375fb7cd5a7b0f1a529caf4598df8fa22c45c3514e53f","root.record.ItemExhibitList.P5Item.CostElementCategoryList.Software.Recurring.CostElementList.CostElement"
"Owl Computing Technologies","","DISA","","","","","","","","","2019-BASE_PROCUREMENT-2019-DEFENSE_DISA-U_PROCUREMENT_MasterJustificationBook_Defense_Information_Systems_Agency_PB_2019.zzz_unzipped-U_PROCUREMENT_MasterJustificationBook_Defense_Information_Systems_Agency_PB_2019.xml","6578cd95c5a6c9235d7058df91d1cba0c7a02cf3b2df85029c70d2e40cc77cc5","3-b1e4afceadc108ebe2988007251b0119628c935f0c4c1de234e12e1b5eac680f","","","","1-0c100626de53d46a671375fb7cd5a7b0f1a529caf4598df8fa22c45c3514e53f","root.record.ItemExhibitList.P5Item.CostElementCategoryList.Software.Recurring.CostElementList.CostElement"
"TechTrend","","Arlington","","","","","","","","","2019-BASE_PROCUREMENT-2019-DEFENSE_DISA-U_PROCUREMENT_MasterJustificationBook_Defense_Information_Systems_Agency_PB_2019.zzz_unzipped-U_PROCUREMENT_MasterJustificationBook_Defense_Information_Systems_Agency_PB_2019.xml","6578cd95c5a6c9235d7058df91d1cba0c7a02cf3b2df85029c70d2e40cc77cc5","0-5c1e4a42dc652d7a937dac8665562635b66cdde3e3c72396dd557965ea26d9af","","","","2-c774a8a5199ba3e6419c7ef02b6c320f93e8ce614a1930413585d396edfc7016","root.record.ItemExhibitList.P5Item.CostElementCategoryList.Software.Recurring.CostElementList.CostElement"
"Owl Computing Technologies","","DISA","","","","","","","","","2019-BASE_PROCUREMENT-2019-DEFENSE_VOL1_ALL-U_PROCUREMENT_MasterJustificationBook_Defense-Wide_PB_2019.zzz_unzipped-U_PROCUREMENT_MasterJustificationBook_Defense-Wide_PB_2019.xml","436736dc46b53a54d8445dab329a31c86841ea66157bd631cb3659489f532a77","0-f5c2dfaaa807898ee5e19faa2a902338c8e995b1600a93bcef6e8cedced14559","","","","0-0ebf1d2c442f4fc978b7010b412d44e37e19faf7018f1be40ac9f02e1bd98798","root.record.ItemExhibitList.P5Item.CostElementCategoryList.Software.Recurring.CostElementList.CostElement"
"Carasoft","","NSA","","","","","","","","","2019-BASE_PROCUREMENT-2019-DEFENSE_VOL1_ALL-U_PROCUREMENT_MasterJustificationBook_Defense-Wide_PB_2019.zzz_unzipped-U_PROCUREMENT_MasterJustificationBook_Defense-Wide_PB_2019.xml","436736dc46b53a54d8445dab329a31c86841ea66157bd631cb3659489f532a77","0-bd7d837cae22ba92e96c3eb7a58f664724acd7e721f07d655470bacf916915b0","","","","1-33a19e0787fcb2fcc1a4b4123bc59e6bad53fbb33e148de4acf0df7afcdda339","root.record.ItemExhibitList.P5Item.CostElementCategoryList.Software.Recurring.CostElementList.CostElement"
"TBD","","DISA","","","","","","","","","2019-BASE_PROCUREMENT-2019-DEFENSE_VOL1_ALL-U_PROCUREMENT_MasterJustificationBook_Defense-Wide_PB_2019.zzz_unzipped-U_PROCUREMENT_MasterJustificationBook_Defense-Wide_PB_2019.xml","436736dc46b53a54d8445dab329a31c86841ea66157bd631cb3659489f532a77","1-6a51084f5e724e796f40080c0cf1085bb60e532ce2d99d3a9aa6dafa56f24124","","","","1-33a19e0787fcb2fcc1a4b4123bc59e6bad53fbb33e148de4acf0df7afcdda339","root.record.ItemExhibitList.P5Item.CostElementCategoryList.Software.Recurring.CostElementList.CostElement"
"Four LLC","","DISA","","","","","","","","","2019-BASE_PROCUREMENT-2019-DEFENSE_VOL1_ALL-U_PROCUREMENT_MasterJustificationBook_Defense-Wide_PB_2019.zzz_unzipped-U_PROCUREMENT_MasterJustificationBook_Defense-Wide_PB_2019.xml","436736dc46b53a54d8445dab329a31c86841ea66157bd631cb3659489f532a77","2-8c4379e1d9c60125c238a9fdc33c2fb2e9c3f2077dbf8a31557933676b5df776","","","","1-33a19e0787fcb2fcc1a4b4123bc59e6bad53fbb33e148de4acf0df7afcdda339","root.record.ItemExhibitList.P5Item.CostElementCategoryList.Software.Recurring.CostElementList.CostElement"
"Owl Computing Technologies","","DISA","","","","","","","","","2019-BASE_PROCUREMENT-2019-DEFENSE_VOL1_ALL-U_PROCUREMENT_MasterJustificationBook_Defense-Wide_PB_2019.zzz_unzipped-U_PROCUREMENT_MasterJustificationBook_Defense-Wide_PB_2019.xml","436736dc46b53a54d8445dab329a31c86841ea66157bd631cb3659489f532a77","3-496704d1641bce06d11e0baa171d60438d447e8325d4dfc141b1c7909c58fa15","","","","1-33a19e0787fcb2fcc1a4b4123bc59e6bad53fbb33e148de4acf0df7afcdda339","root.record.ItemExhibitList.P5Item.CostElementCategoryList.Software.Recurring.CostElementList.CostElement"
"TechTrend","","Arlington","","","","","","","","","2019-BASE_PROCUREMENT-2019-DEFENSE_VOL1_ALL-U_PROCUREMENT_MasterJustificationBook_Defense-Wide_PB_2019.zzz_unzipped-U_PROCUREMENT_MasterJustificationBook_Defense-Wide_PB_2019.xml","436736dc46b53a54d8445dab329a31c86841ea66157bd631cb3659489f532a77","0-a8f3ead687c8e8ee7ba678bbdc2f57f5a85ebcba496b34fab1526a955f5f0c7f","","","","2-e34b948205368351896af7c4852c3db04cc95d28ce48db88630f7d1b1100a2a2","root.record.ItemExhibitList.P5Item.CostElementCategoryList.Software.Recurring.CostElementList.CostElement"
"Lockheed Martin","","Moorestown, N.J.","0","0","0","0","0","0","0","0","2019-BASE_PROCUREMENT-2019-DEFENSE_MDA_VOL2-U_PROCUREMENT_JustificationBook_Missile_Defense_Agency_PB_2019.zzz_unzipped-U_PROCUREMENT_JustificationBook_Missile_Defense_Agency_PB_2019.xml","568f548e819829b5205b06245c99d48b9002f708e64d476785be99123517dea9","0-ce447c7c4b4f91154f9c2ae9092315aba37ba027486683475cd7fced5568b499","1.00","4.00","1.00","0-91104a03449e15dd48bd670108462fbae19f8cd894ce5f9e0b218a390186336a","root.record.ItemExhibitList.P5Item.CostElementCategoryList.Software.Recurring.CostElementList.CostElement"
"Lockheed Martin","","Moorestown, N.J.","0","0","0","0","0","0","0","0","2019-BASE_PROCUREMENT-2019-DEFENSE_MDA_VOL2-U_PROCUREMENT_MasterJustificationBook_Missile_Defense_Agency_PB_2019.zzz_unzipped-U_PROCUREMENT_MasterJustificationBook_Missile_Defense_Agency_PB_2019.xml","3a41a1803fb3037bb8ed95019778694c84e8bb76559ae5c01da1664b202c5952","0-ce49de2e4176f73018238e4ed86ecea8911a4c5b935691e745168f384c79cdcc","1.00","4.00","1.00","0-8217298ff3a351a810536986c571c799c62abe1adc706689f04ad7c1c72a896d","root.record.ItemExhibitList.P5Item.CostElementCategoryList.Software.Recurring.CostElementList.CostElement"
"TBD","","TBD","","","","","","","","","2020-BASE_PROCUREMENT-2020-ARMY_OTHER_2-U_PROCUREMENT_JustificationBook_Army_PB_2020.zzz_unzipped-U_PROCUREMENT_JustificationBook_Army_PB_2020.xml","2492f83e14ae82bb7a4dbb530531755ba3e2daba5a842a81f1ef1b583a0fca12","0-476c2a58576368f1dac355a6d6991a8434696316b0043f0c9cd6817d3a563573","","","","0-a2f04526a08f8b1960c229237bb8d8d2c60f97cfcbe496033128085eff6e6485","root.record.ItemExhibitList.P5Item.CostElementCategoryList.Software.Recurring.CostElementList.CostElement"
"TBS","","TBS","","","","","","","","","2020-BASE_PROCUREMENT-2020-ARMY_OTHER_2-U_PROCUREMENT_JustificationBook_Army_PB_2020.zzz_unzipped-U_PROCUREMENT_JustificationBook_Army_PB_2020.xml","b88d7323f0c39487e5559446b30366f2a4b0cc7b20a8d7e248026f47c8d027bd","0-ecfc1b12683f90ecba43cbe32bbe275eb8bb706723bc5fd21a92438c1f179661","","","","1-e5d37c0b310d4f011f9a7637b2780ed23d32319255a4a0a525da57c4c882d6bd","root.record.ItemExhibitList.P5Item.CostElementCategoryList.Software.Recurring.CostElementList.CostElement"
"TBS","","TBS","","","","","","","","","2020-BASE_PROCUREMENT-2020-ARMY_OTHER_2-U_PROCUREMENT_JustificationBook_Army_PB_2020.zzz_unzipped-U_PROCUREMENT_JustificationBook_Army_PB_2020.xml","b88d7323f0c39487e5559446b30366f2a4b0cc7b20a8d7e248026f47c8d027bd","0-b63bed1d369e32683af3a4ed19f8c5943f9d680ffa5df735bd0d4bf21c121e61","","","","0-09807a92b91bb5f3bef731e17371b1ba35b407af7b805b664ef63966d20ccceb","root.record.ItemExhibitList.P5Item.CostElementCategoryList.Software.Recurring.CostElementList.CostElement"
"Various SW Manufacturers","","Various","","","","","","","","","2020-BASE_PROCUREMENT-2020-ARMY_OTHER_2-U_PROCUREMENT_JustificationBook_Army_PB_2020.zzz_unzipped-U_PROCUREMENT_JustificationBook_Army_PB_2020.xml","51236519ecb09c8b6ba737c7b761a5796e49ba02390051435c0a6b218da0ee54","0-0193bdc611f36c3a4b6b70fa35241b85680bca9b30435e33ca2e33d00c4aef77","","","","0-7aa98d2aa69fa337f90c9fea974a3588552eac486ef820dd90db6ac1452d28e0","root.record.ItemExhibitList.P5Item.CostElementCategoryList.Software.Recurring.CostElementList.CostElement"
"Cole Engineering Services (P)","","Orlando","","","","","","","","","2020-BASE_PROCUREMENT-2020-ARMY_OTHER_3-4-U_PROCUREMENT_JustificationBook_Army_PB_2020.zzz_unzipped-U_PROCUREMENT_JustificationBook_Army_PB_2020.xml","75d6b5f9a3714a351adfe57397475b1716c9ab36d18146dce8d31a64a25ee33b","0-be09f8386143fe1338b1417f8c063f06bd77ee2710e983df4ba2dcdcf76456ea","","","","0-3a103f47bf59f0ebeff08b842933b1b888e19657a3691869097ddb8ca1a1130b","root.record.ItemExhibitList.P5Item.CostElementCategoryList.Software.Recurring.CostElementList.CostElement"
"Lockheed Martin","","Moorestown, N.J.","0","0","0","0","0","0","0","0","2020-BASE_PROCUREMENT-2020-DEFENSE_MDA_VOL2-U_PROCUREMENT_JustificationBook_Missile_Defense_Agency_PB_2020.zzz_unzipped-U_PROCUREMENT_JustificationBook_Missile_Defense_Agency_PB_2020.xml","1edd7d06c1a5b5d118e1ea68939509603cebaea49d05f047d35d1435d180edf5","0-8d51431fa44903071793c6fe01bdc7338afebf5c57ecad37dde87ae36370c8d2","1.00","4.00","1.00","0-be96fc6cc8c5d848d0911f4e2871dd9c002b2706c1f2a233d2538c8db2ecb88d","root.record.ItemExhibitList.P5Item.CostElementCategoryList.Software.Recurring.CostElementList.CostElement"
"Lockheed Martin","","Moorestown, N.J.","0","0","0","0","0","0","0","0","2020-BASE_PROCUREMENT-2020-DEFENSE_MDA_VOL2-U_PROCUREMENT_JustificationBook_Missile_Defense_Agency_PB_2020.zzz_unzipped-U_PROCUREMENT_JustificationBook_Missile_Defense_Agency_PB_2020.xml","1edd7d06c1a5b5d118e1ea68939509603cebaea49d05f047d35d1435d180edf5","1-c32cc18320d9a8575b0be2aa4c434e1e2f806b24150df1f5592752c002175146","1.00","8.00","1.00","0-be96fc6cc8c5d848d0911f4e2871dd9c002b2706c1f2a233d2538c8db2ecb88d","root.record.ItemExhibitList.P5Item.CostElementCategoryList.Software.Recurring.CostElementList.CostElement"
"Lockheed Martin","","Moorestown, N.J.","0","0","0","0","0","0","0","0","2020-BASE_PROCUREMENT-2020-DEFENSE_MDA_VOL2-U_PROCUREMENT_MasterJustificationBook_Missile_Defense_Agency_PB_2020.zzz_unzipped-U_PROCUREMENT_MasterJustificationBook_Missile_Defense_Agency_PB_2020.xml","b2983f9844c9cb3db4e8232e934f8102a93cca0f16cff5af771498996690520b","0-84cbcd1608888a6f5e46af2076da4b954e471139604bb58251a62bde8ac6a1ff","1.00","4.00","1.00","0-8918f3bc030df72e1413fda74f55b847ead30ae23455930e14e166c220de0c0e","root.record.ItemExhibitList.P5Item.CostElementCategoryList.Software.Recurring.CostElementList.CostElement"
"Lockheed Martin","","Moorestown, N.J.","0","0","0","0","0","0","0","0","2020-BASE_PROCUREMENT-2020-DEFENSE_MDA_VOL2-U_PROCUREMENT_MasterJustificationBook_Missile_Defense_Agency_PB_2020.zzz_unzipped-U_PROCUREMENT_MasterJustificationBook_Missile_Defense_Agency_PB_2020.xml","b2983f9844c9cb3db4e8232e934f8102a93cca0f16cff5af771498996690520b","1-e11f6b6a331f4b38e0f581a511ac674b0857d69989796a9add29064d2e697f02","1.00","8.00","1.00","0-8918f3bc030df72e1413fda74f55b847ead30ae23455930e14e166c220de0c0e","root.record.ItemExhibitList.P5Item.CostElementCategoryList.Software.Recurring.CostElementList.CostElement"
