Name_val,Name_@footnote,Location_val,InitialQuantity_AdminLeadTimeBeforeOct1InMonths_val,InitialQuantity_AdminLeadTimeAfterOct1InMonths_val,InitialQuantity_ProductionLeadTimeAfterOct1InMonths_val,InitialQuantity_TotalLeadTimeAfterOct1InMonths_val,ReorderQuantity_AdminLeadTimeBeforeOct1InMonths_val,ReorderQuantity_AdminLeadTimeAfterOct1InMonths_val,ReorderQuantity_ProductionLeadTimeAfterOct1InMonths_val,ReorderQuantity_TotalLeadTimeAfterOct1InMonths_val,@SOURCE_FILENAME,@RECORDID,@ROWID,MinimumSustainingRate_val,MaximumProductionRate_val,Rate185_val,@PARENTROWID,@PARENT
"TBS","","TBS","0","0","0","0","0","0","0","0","2013-BASE_PROCUREMENT-2013-ARMY_OTHER_2-JustificationBook_Army_PB_2013.zzz_unzipped-JustificationBook_Army_PB_2013.xml","72202fbc686aa20f8ea0ad38b75e2ffc5e13a3c32146dd2ace23e064232dfed4","0-8a43370ff64701471c26ace095c7bf679468d2ba571f04a5a9a1a1d7df5c0e95","","","","0-e5e28e0076d4be3798aaf48a44d7b2b36499ee11edb7b4cd01558dacc46557ce","root.record.ItemExhibitList.P5Item.CostElementCategoryList.Software.Recurring.CostElementList.CostElement"
"TBS","","TBS","0","0","0","0","0","0","0","0","2013-BASE_PROCUREMENT-2013-ARMY_OTHER_2-JustificationBook_Army_PB_2013.zzz_unzipped-JustificationBook_Army_PB_2013.xml","72202fbc686aa20f8ea0ad38b75e2ffc5e13a3c32146dd2ace23e064232dfed4","0-88ffd1afe8dc5534ba2b45ee5f9c866565dbaaaae6314e2fb20683c2a286189e","","","","0-d918d7924a35ac491b18434465e676b1bfcd412a0c4af27f73e31b3f29969b2c","root.record.ItemExhibitList.P5Item.CostElementCategoryList.Software.Recurring.CostElementList.CostElement"
"Snap, Inc.","","Chantilly, VA","0","0","0","0","0","0","0","0","2013-BASE_PROCUREMENT-2013-ARMY_OTHER_2-JustificationBook_Army_PB_2013.zzz_unzipped-JustificationBook_Army_PB_2013.xml","72202fbc686aa20f8ea0ad38b75e2ffc5e13a3c32146dd2ace23e064232dfed4","0-74fb01b35e31796db64d6ebac97bd55fe324b7d64745d5f40bd67c9499cf3b12","","","","1-ef34271e1c253058c91d92236b584d9589e745fbce2ce54a32002c2b99c4c4ba","root.record.ItemExhibitList.P5Item.CostElementCategoryList.Software.Recurring.CostElementList.CostElement"
"TBS","","TBS","0","0","0","0","0","0","0","0","2013-BASE_PROCUREMENT-2013-ARMY_OTHER_2-JustificationBook_Army_PB_2013.zzz_unzipped-JustificationBook_Army_PB_2013.xml","72202fbc686aa20f8ea0ad38b75e2ffc5e13a3c32146dd2ace23e064232dfed4","1-8a2d3d7a62cad00e85a589e59557405906c187ad06276d8978ce8d4eba456598","","","","1-ef34271e1c253058c91d92236b584d9589e745fbce2ce54a32002c2b99c4c4ba","root.record.ItemExhibitList.P5Item.CostElementCategoryList.Software.Recurring.CostElementList.CostElement"
"Northrop Grumman","","Winter Park, FL","0","12","6","18","0","3","2","5","2013-BASE_PROCUREMENT-2013-DEFENSE_CBDP-JustificationBook_Chemical_and_Biological_Defense_Program_PB_2013.zzz_unzipped-JustificationBook_Chemical_and_Biological_Defense_Program_PB_2013.xml","44176a3b5f929933fa29f988a86df488aaa195b200a378d544132404a2eeb5bb","0-af9369eaa8d67825503ac8bd6e9a6ac70022889c6c86fd335f66f765b54ee3ba","1","500","8","1-0737bf28f75a2b319d146b68190890812a7483e6c331f5aed5068365a250fc08","root.record.ItemExhibitList.P5Item.CostElementCategoryList.Software.Recurring.CostElementList.CostElement"
"Northrop Grumman DMS","","Reston, VA","0","4","3","7","0","5","2","7","2013-BASE_PROCUREMENT-2013-DEFENSE_CBDP-JustificationBook_Chemical_and_Biological_Defense_Program_PB_2013.zzz_unzipped-JustificationBook_Chemical_and_Biological_Defense_Program_PB_2013.xml","44176a3b5f929933fa29f988a86df488aaa195b200a378d544132404a2eeb5bb","0-f23582f093ecc3f684aa296611578a1b26b5ba685dfe008d79b392b6ddf4060b","260","3000","400","1-09ba5c4c92b0b8516cd6c1cbb717711a630f945d6dcb14ab159da2522c50323b","root.record.ItemExhibitList.P5Item.CostElementCategoryList.Software.Recurring.CostElementList.CostElement"
"Northrop Grumman","","Winter Park, FL","0","12","6","18","0","3","2","5","2013-BASE_PROCUREMENT-2013-DEFENSE_VOL1-MasterJustificationBook_Defense-Wide_PB_2013.zzz_unzipped-MasterJustificationBook_Defense-Wide_PB_2013.xml","c77d5f438539d7acd66e0d53502dbd64712600bc7cbf03a534e487a823f9d240","0-fdc54d430ae49e0b8084b4e60fdbdbf01308d8bca7b8189b820e6abdcbbeeee9","1","500","8","1-26f7f0955084bbf628153c02e69827b66374dd378509d1af04cddfa8fe6e9d37","root.record.ItemExhibitList.P5Item.CostElementCategoryList.Software.Recurring.CostElementList.CostElement"
"Northrop Grumman DMS","","Reston, VA","0","4","3","7","0","5","2","7","2013-BASE_PROCUREMENT-2013-DEFENSE_VOL1-MasterJustificationBook_Defense-Wide_PB_2013.zzz_unzipped-MasterJustificationBook_Defense-Wide_PB_2013.xml","c77d5f438539d7acd66e0d53502dbd64712600bc7cbf03a534e487a823f9d240","0-565efd61ac44ce838be2aaa098b5d10170fbb92e306ce82788869e6941a933b3","260","3000","400","1-f6a701247d0ee4f59b6a8ecdd47221261ce2a06d95ab7b4cbc81fec000ad233f","root.record.ItemExhibitList.P5Item.CostElementCategoryList.Software.Recurring.CostElementList.CostElement"
"TBD","","TBD","","","","","","","","","2013-BASE_PROCUREMENT-2013-DEFENSE_DISA-JustificationBook_Defense_Information_Systems_Agency_PB_2013.zzz_unzipped-JustificationBook_Defense_Information_Systems_Agency_PB_2013.xml","4f136af9604a19eccf2aed314e0a49529cae5359dd0e78898fd8b792cabe77d8","0-ef08bce2c2896fd683a916c2e811ca2818de86cc39e606c8a21bbbb17ef432a2","","","","0-51ff1aae49f672ea15d6d007a9218b49d1fa4354e0475816be67dce5c9cda049","root.record.ItemExhibitList.P5Item.CostElementCategoryList.Software.Recurring.CostElementList.CostElement"
"TBD","","TBD","","","","","","","","","2013-BASE_PROCUREMENT-2013-DEFENSE_DISA-JustificationBook_Defense_Information_Systems_Agency_PB_2013.zzz_unzipped-JustificationBook_Defense_Information_Systems_Agency_PB_2013.xml","4f136af9604a19eccf2aed314e0a49529cae5359dd0e78898fd8b792cabe77d8","0-5576f1b4fafe3899ddb46e33fb61c0c2f033153b12051740c379c597ae3210ed","","","","1-670208d46837de68ddcfb30a796502bb0ae7ffb2be6422c6d3ad6fc5595d21d4","root.record.ItemExhibitList.P5Item.CostElementCategoryList.Software.Recurring.CostElementList.CostElement"
"Carasoft Technologies","","VA","","","","","","","","","2013-BASE_PROCUREMENT-2013-DEFENSE_DISA-JustificationBook_Defense_Information_Systems_Agency_PB_2013.zzz_unzipped-JustificationBook_Defense_Information_Systems_Agency_PB_2013.xml","bc2e2132c6fc88dd4688bd517d0e2f252647d32ef747627a868d8796afb0eee5","0-f0bde6a7ea5b3e82f1a103a55628e8ff26f1d3d9bcaeee28f4b55dbd29c6296c","","","","0-f72cb845dd72c7b854482e364a7b26cc8991b9d74e0b0c2b4e771f429d3b4af6","root.record.ItemExhibitList.P5Item.CostElementCategoryList.Software.Recurring.CostElementList.CostElement"
"Pepperweed Consulting","","PA","","","","","","","","","2013-BASE_PROCUREMENT-2013-DEFENSE_DISA-JustificationBook_Defense_Information_Systems_Agency_PB_2013.zzz_unzipped-JustificationBook_Defense_Information_Systems_Agency_PB_2013.xml","bc2e2132c6fc88dd4688bd517d0e2f252647d32ef747627a868d8796afb0eee5","0-f22b29b9d9c1e0673ebe3761af05bc38ec5d396b8ba70aef9da4fcbe8acdbad7","","","","1-6a18645f344429ff6e6d1fda4035e07c421d6c4e0249df59042b48eb45fc6146","root.record.ItemExhibitList.P5Item.CostElementCategoryList.Software.Recurring.CostElementList.CostElement"
"TBD","","TBD","","","","","","","","","2013-BASE_PROCUREMENT-2013-DEFENSE_DISA-JustificationBook_Defense_Information_Systems_Agency_PB_2013.zzz_unzipped-JustificationBook_Defense_Information_Systems_Agency_PB_2013.xml","bc2e2132c6fc88dd4688bd517d0e2f252647d32ef747627a868d8796afb0eee5","1-ea9389fc5e93df929f02dceda673ca9159f1bb6645b4ede1aeeaf6cc45427374","","","","1-6a18645f344429ff6e6d1fda4035e07c421d6c4e0249df59042b48eb45fc6146","root.record.ItemExhibitList.P5Item.CostElementCategoryList.Software.Recurring.CostElementList.CostElement"
"Mythics, Inc.","","VA","","","","","","","","","2013-BASE_PROCUREMENT-2013-DEFENSE_DISA-JustificationBook_Defense_Information_Systems_Agency_PB_2013.zzz_unzipped-JustificationBook_Defense_Information_Systems_Agency_PB_2013.xml","bc2e2132c6fc88dd4688bd517d0e2f252647d32ef747627a868d8796afb0eee5","0-1e189b0609a0472065ad48da8cb5c9516b6cb0c1d188d8b9171b9ffe5ca2377d","","","","2-4bf8baf5bde4c286bb4a1208d3630b0a0fed224e7214eb68b4b7ebb4464b66f2","root.record.ItemExhibitList.P5Item.CostElementCategoryList.Software.Recurring.CostElementList.CostElement"
"Oracle, Inc","","CA","","","","","","","","","2013-BASE_PROCUREMENT-2013-DEFENSE_DISA-JustificationBook_Defense_Information_Systems_Agency_PB_2013.zzz_unzipped-JustificationBook_Defense_Information_Systems_Agency_PB_2013.xml","bc2e2132c6fc88dd4688bd517d0e2f252647d32ef747627a868d8796afb0eee5","0-42127d3b110fcd4ea924afefc2dd10dbf8ff67d721402537ced801f74c9636a5","","","","3-5401f815fba9e7e12429ad6bb2da5991424caaa9494aa90ce6f7cdcd90214f93","root.record.ItemExhibitList.P5Item.CostElementCategoryList.Software.Recurring.CostElementList.CostElement"
"TBD","","TBD","","","","","","","","","2013-BASE_PROCUREMENT-2013-DEFENSE_DISA-JustificationBook_Defense_Information_Systems_Agency_PB_2013.zzz_unzipped-JustificationBook_Defense_Information_Systems_Agency_PB_2013.xml","bc2e2132c6fc88dd4688bd517d0e2f252647d32ef747627a868d8796afb0eee5","1-bcd589083160336837f9322fb9cfcb885026f0be6c991dcb587cae0542b03992","","","","3-5401f815fba9e7e12429ad6bb2da5991424caaa9494aa90ce6f7cdcd90214f93","root.record.ItemExhibitList.P5Item.CostElementCategoryList.Software.Recurring.CostElementList.CostElement"
"TBD","","TBD","","","","","","","","","2013-BASE_PROCUREMENT-2013-DEFENSE_DISA-JustificationBook_Defense_Information_Systems_Agency_PB_2013.zzz_unzipped-JustificationBook_Defense_Information_Systems_Agency_PB_2013.xml","bc2e2132c6fc88dd4688bd517d0e2f252647d32ef747627a868d8796afb0eee5","0-3972c5bba7522477f0420c8eecb4f4217ff18fee20306ba7c52a0e5d7c4046e6","","","","4-353ad873d2404947895c58f4432ead5f64fe110676fb94793929b52553d85a19","root.record.ItemExhibitList.P5Item.CostElementCategoryList.Software.Recurring.CostElementList.CostElement"
"Various","","Various","","","","","","","","","2013-BASE_PROCUREMENT-2013-DEFENSE_DISA-JustificationBook_Defense_Information_Systems_Agency_PB_2013.zzz_unzipped-JustificationBook_Defense_Information_Systems_Agency_PB_2013.xml","0297ccfd24fded5b805952179fa1712f37845cc9d6dc6e3ea136e753f0fca5d3","0-db5963df16d274f44bab95738e8e842f25340b3297029fcdd36531384cfccab7","","","","0-6876904f29d087bf7cba0f44fba8a94e90767e72fe8b49131e79e305bb072d82","root.record.ItemExhibitList.P5Item.CostElementCategoryList.Software.Recurring.CostElementList.CostElement"
"TBD","","TBD","","","","","","","","","2013-BASE_PROCUREMENT-2013-DEFENSE_VOL1-MasterJustificationBook_Defense-Wide_PB_2013.zzz_unzipped-MasterJustificationBook_Defense-Wide_PB_2013.xml","54df1f0350e5881c2ca2500b8f4dde738ca994428e654f470ed773db61623571","0-a51bbf5d7fe2fb8a0b07b3ef808a4313f7b1ef2b3a7d5e7186bbbb15f911af14","","","","0-646d5cb24a9982d1675dc118d6638682dadb30c6e7a860819e9765bc92830986","root.record.ItemExhibitList.P5Item.CostElementCategoryList.Software.Recurring.CostElementList.CostElement"
"TBD","","TBD","","","","","","","","","2013-BASE_PROCUREMENT-2013-DEFENSE_VOL1-MasterJustificationBook_Defense-Wide_PB_2013.zzz_unzipped-MasterJustificationBook_Defense-Wide_PB_2013.xml","54df1f0350e5881c2ca2500b8f4dde738ca994428e654f470ed773db61623571","0-5e2fcfbac85555f49fef92a5f3f81d21a47e2d727a3dc8afecd5a78c0cb45381","","","","1-bd8fc13913900e957eacab4290ff21d35bc16659e7c06af8af26145acb39a59a","root.record.ItemExhibitList.P5Item.CostElementCategoryList.Software.Recurring.CostElementList.CostElement"
"Carasoft Technologies","","VA","","","","","","","","","2013-BASE_PROCUREMENT-2013-DEFENSE_VOL1-MasterJustificationBook_Defense-Wide_PB_2013.zzz_unzipped-MasterJustificationBook_Defense-Wide_PB_2013.xml","b858c7d3b52be3a373661e54e8e9169205a16e926700c9d7839711c86954e8fe","0-35a73d6260d90cf5ad3230caec5e03f018e92dcebcd979a39faadd2543f9445b","","","","0-07a541e1894d0b7fa3eff73162f099ba8603260e80fd669c538ef7458c6cae6d","root.record.ItemExhibitList.P5Item.CostElementCategoryList.Software.Recurring.CostElementList.CostElement"
"Pepperweed Consulting","","PA","","","","","","","","","2013-BASE_PROCUREMENT-2013-DEFENSE_VOL1-MasterJustificationBook_Defense-Wide_PB_2013.zzz_unzipped-MasterJustificationBook_Defense-Wide_PB_2013.xml","b858c7d3b52be3a373661e54e8e9169205a16e926700c9d7839711c86954e8fe","0-37ddebe5defed1efbaff9d713d104f450994715a4ce8bd3dd9e99a101be36fcd","","","","1-7d42d351e2176a0622a680354a01b0f8eeec63b4d37a7947177aee0749bbc680","root.record.ItemExhibitList.P5Item.CostElementCategoryList.Software.Recurring.CostElementList.CostElement"
"TBD","","TBD","","","","","","","","","2013-BASE_PROCUREMENT-2013-DEFENSE_VOL1-MasterJustificationBook_Defense-Wide_PB_2013.zzz_unzipped-MasterJustificationBook_Defense-Wide_PB_2013.xml","b858c7d3b52be3a373661e54e8e9169205a16e926700c9d7839711c86954e8fe","1-9273f68333776eff322fdc829765e3c4df61a7dea42e1ff58a0ae9f03821ca46","","","","1-7d42d351e2176a0622a680354a01b0f8eeec63b4d37a7947177aee0749bbc680","root.record.ItemExhibitList.P5Item.CostElementCategoryList.Software.Recurring.CostElementList.CostElement"
"Mythics, Inc.","","VA","","","","","","","","","2013-BASE_PROCUREMENT-2013-DEFENSE_VOL1-MasterJustificationBook_Defense-Wide_PB_2013.zzz_unzipped-MasterJustificationBook_Defense-Wide_PB_2013.xml","b858c7d3b52be3a373661e54e8e9169205a16e926700c9d7839711c86954e8fe","0-d2eb95c1b6de33bfd41884f323d0a5b52e3d2ccadcd199492434c4cc0942e3c8","","","","2-040dff6a20c88317fc5e6c088fdb7b7e5bed6ce2684b48c9222f447a4536f719","root.record.ItemExhibitList.P5Item.CostElementCategoryList.Software.Recurring.CostElementList.CostElement"
"Oracle, Inc","","CA","","","","","","","","","2013-BASE_PROCUREMENT-2013-DEFENSE_VOL1-MasterJustificationBook_Defense-Wide_PB_2013.zzz_unzipped-MasterJustificationBook_Defense-Wide_PB_2013.xml","b858c7d3b52be3a373661e54e8e9169205a16e926700c9d7839711c86954e8fe","0-1d0d1c5653cca5d446abf08a8d4a5eb1b9ec7f23b02744db6b80e6dd05ae0ebb","","","","3-1e12d9c2c1cecb42e329e1b9e109697489e96da8bc8693ca2b8f5f1d564a410c","root.record.ItemExhibitList.P5Item.CostElementCategoryList.Software.Recurring.CostElementList.CostElement"
"TBD","","TBD","","","","","","","","","2013-BASE_PROCUREMENT-2013-DEFENSE_VOL1-MasterJustificationBook_Defense-Wide_PB_2013.zzz_unzipped-MasterJustificationBook_Defense-Wide_PB_2013.xml","b858c7d3b52be3a373661e54e8e9169205a16e926700c9d7839711c86954e8fe","1-65a3b5ece24c53353c391248d60f4661ed29a0a8b513523041c183eb21a6dec2","","","","3-1e12d9c2c1cecb42e329e1b9e109697489e96da8bc8693ca2b8f5f1d564a410c","root.record.ItemExhibitList.P5Item.CostElementCategoryList.Software.Recurring.CostElementList.CostElement"
"TBD","","TBD","","","","","","","","","2013-BASE_PROCUREMENT-2013-DEFENSE_VOL1-MasterJustificationBook_Defense-Wide_PB_2013.zzz_unzipped-MasterJustificationBook_Defense-Wide_PB_2013.xml","b858c7d3b52be3a373661e54e8e9169205a16e926700c9d7839711c86954e8fe","0-d5442ca4f340ac62a4851b45a2bb396cf0e702138564ffccef2e3ddc8c72c96a","","","","4-8ad0f646b5be0791b758c66c48f0b506529e52e691f12a1d4b114740efb3c52b","root.record.ItemExhibitList.P5Item.CostElementCategoryList.Software.Recurring.CostElementList.CostElement"
"Various","","Various","","","","","","","","","2013-BASE_PROCUREMENT-2013-DEFENSE_VOL1-MasterJustificationBook_Defense-Wide_PB_2013.zzz_unzipped-MasterJustificationBook_Defense-Wide_PB_2013.xml","aafc7516c48ca0d1f534d9d236f4039d4ec372ca87afbae2cbc2ee4e032a03b7","0-559b7b5d0fdda8b14c48a033b9db7d99f6c59ee830b143ef82cc697b8ece29f8","","","","0-bf74b79c976f86bf68eb66a011ae75640f17ce4a8ace81c9def15d6ad40c903d","root.record.ItemExhibitList.P5Item.CostElementCategoryList.Software.Recurring.CostElementList.CostElement"
"HP","","USA","","","","","","","","","2013-BASE_PROCUREMENT-2013-DEFENSE_OSD-JustificationBook_Office_of_Secretary_Of_Defense_PB_2013.zzz_unzipped-JustificationBook_Office_of_Secretary_Of_Defense_PB_2013.xml","7feaa0c5a2d2cd30c53a6601fbb48f2b99e26bc7ded26efd03bd61687b9067b6","0-516e0d4ed9f305e4b55139f1bf851e591eccd1e69db8f279b5028593e337cdbe","","","","0-6464be8ea649012d3771ab183dfd439e32166872e56b1a605734f788c3c869e1","root.record.ItemExhibitList.P5Item.CostElementCategoryList.Software.Recurring.CostElementList.CostElement"
"HP","","USA","","","","","","","","","2013-BASE_PROCUREMENT-2013-DEFENSE_VOL1-MasterJustificationBook_Defense-Wide_PB_2013.zzz_unzipped-MasterJustificationBook_Defense-Wide_PB_2013.xml","c2d851a15b6ad0400b8712a837b478678d3d00d563ebb7e71a3e9b909d69b65a","0-ba372f7796fd98f550e58ac9d67d09efca15910db852887cf87d49be8f1a6026","","","","0-01641a5904cce99c667a7d6fee8ada36b55a4badd6f61e0797d98c5c89f1d5bd","root.record.ItemExhibitList.P5Item.CostElementCategoryList.Software.Recurring.CostElementList.CostElement"
"TBS","","TBS","0","0","0","0","0","0","0","0","2014-BASE_PROCUREMENT-2014-ARMY_OTHER_2-PROCUREMENT_JustificationBook_Army_PB_2014.zzz_unzipped-PROCUREMENT_JustificationBook_Army_PB_2014.xml","67071f71009ab11469c26da696e0ae2604f627ae46a7ffdcb7d3fa6a96a5fd24","0-474611cb40e6e69519c20a0e575621325979ff5b688513ca7806c2bfca327a08","","","","0-d9ddeb1a39d87f968eb91a56dfb4c62f6a6d1272fa29f4a5c77d7bb6e905c542","root.record.ItemExhibitList.P5Item.CostElementCategoryList.Software.Recurring.CostElementList.CostElement"
"TBS","","TBS","0","0","0","0","0","0","0","0","2014-BASE_PROCUREMENT-2014-ARMY_OTHER_2-PROCUREMENT_JustificationBook_Army_PB_2014.zzz_unzipped-PROCUREMENT_JustificationBook_Army_PB_2014.xml","67071f71009ab11469c26da696e0ae2604f627ae46a7ffdcb7d3fa6a96a5fd24","0-09d05d16b7f8ba8a67da8d2d9c9fb7e872d9bf1f2740cd7eabafe14eea1d9b82","","","","1-fd9cdaf99820eb948004d96d254602e73979afe0b3a3f744b4cf1c7e11aed95b","root.record.ItemExhibitList.P5Item.CostElementCategoryList.Software.Recurring.CostElementList.CostElement"
"TBS","","TBS","0","0","0","0","0","0","0","0","2014-BASE_PROCUREMENT-2014-ARMY_OTHER_2-PROCUREMENT_JustificationBook_Army_PB_2014.zzz_unzipped-PROCUREMENT_JustificationBook_Army_PB_2014.xml","67071f71009ab11469c26da696e0ae2604f627ae46a7ffdcb7d3fa6a96a5fd24","0-07ae0ec091c76befe35b7e38188be647e7292fb0c073dd1d40b481b713e93c77","","","","0-198d7b68fa8d8e7c0b828a29bf0ba69fc1174ecc0e1f0f19728cddd5b8bd00ee","root.record.ItemExhibitList.P5Item.CostElementCategoryList.Software.Recurring.CostElementList.CostElement"
"Northrop Grumman Corp.","","Winter Park, FL","0","12","6","18","0","3","2","5","2014-BASE_PROCUREMENT-2014-DEFENSE_CBDP-PROCUREMENT_JustificationBook_Chemical_and_Biological_Defense_Program_PB_2014.zzz_unzipped-PROCUREMENT_JustificationBook_Chemical_and_Biological_Defense_Program_PB_2014.xml","97d306f3e37f2906a5001bc7c82dbaa23baf8de90825e377097cc280fffa115b","0-f37e027cd22fb4fb935d178a937ee707416f624bf6b61535c74ce8f257a17580","1","1000","100","1-8d5de0b8c7b9cde480b9aaae0768443f957c79bdde1b2ce7b82bf9f6f3eb69a9","root.record.ItemExhibitList.P5Item.CostElementCategoryList.Software.Recurring.CostElementList.CostElement"
"Northrop Grumman Corp","","Reston, VA","0","4","3","7","0","5","2","7","2014-BASE_PROCUREMENT-2014-DEFENSE_CBDP-PROCUREMENT_JustificationBook_Chemical_and_Biological_Defense_Program_PB_2014.zzz_unzipped-PROCUREMENT_JustificationBook_Chemical_and_Biological_Defense_Program_PB_2014.xml","97d306f3e37f2906a5001bc7c82dbaa23baf8de90825e377097cc280fffa115b","0-7699df96be6edab785de77bb0a3217728e601257e7ca4459346b07b85a5c8204","260","3000","400","1-0dcdfe4f40484fe59c9e593a95150df53534c1fd35fee15b21bb3a8b386d767b","root.record.ItemExhibitList.P5Item.CostElementCategoryList.Software.Recurring.CostElementList.CostElement"
"Northrop Grumman Corp.","","Winter Park, FL","0","12","6","18","0","3","2","5","2014-BASE_PROCUREMENT-2014-DEFENSE_VOL1-PROCUREMENT_MasterJustificationBook_Defense-Wide_PB_2014.zzz_unzipped-PROCUREMENT_MasterJustificationBook_Defense-Wide_PB_2014.xml","2dc8b319e28774b8158e551f3de9ff70b9908792cce30b426a07033c4ab4c58f","0-d888b61b7635af11741130987e53b7036479bc6b7e86347304aed9b7edfccf2f","1","1000","100","1-072296dcbd4372fc875b777e54090ae472626df1f007474f0539ee5fb9d69771","root.record.ItemExhibitList.P5Item.CostElementCategoryList.Software.Recurring.CostElementList.CostElement"
"Northrop Grumman Corp","","Reston, VA","0","4","3","7","0","5","2","7","2014-BASE_PROCUREMENT-2014-DEFENSE_VOL1-PROCUREMENT_MasterJustificationBook_Defense-Wide_PB_2014.zzz_unzipped-PROCUREMENT_MasterJustificationBook_Defense-Wide_PB_2014.xml","2dc8b319e28774b8158e551f3de9ff70b9908792cce30b426a07033c4ab4c58f","0-f8a8f4778d1f65c012653aab8de7eda3665498ddb9a795c5e6b338bb0d8722c4","260","3000","400","1-32974c3a49095197fafb82e36f1a12d39a6f9b09b2133aefbde18091ddc3d4cb","root.record.ItemExhibitList.P5Item.CostElementCategoryList.Software.Recurring.CostElementList.CostElement"
"Gov Convection","","Rockville, MD","","","","","","","","","2014-BASE_PROCUREMENT-2014-DEFENSE_DISA-PROCUREMENT_JustificationBook_Defense_Information_Systems_Agency_PB_2014.zzz_unzipped-PROCUREMENT_JustificationBook_Defense_Information_Systems_Agency_PB_2014.xml","77125eeabf0b887a1626b8dacfbe020b76bbd36452add05a77785eaccf89a0da","0-aec51e5c5f9f02b7dfcde584145ecc0f0922a1f796a686eaef1af3e8fd0c142f","","","","0-f333059e8680f96a1ac7f78d0230adac12d6edb7a8afd213bd7ca9ba518aa9ea","root.record.ItemExhibitList.P5Item.CostElementCategoryList.Software.Recurring.CostElementList.CostElement"
"Carasoft Technologies","","VA","","","","","","","","","2014-BASE_PROCUREMENT-2014-DEFENSE_DISA-PROCUREMENT_JustificationBook_Defense_Information_Systems_Agency_PB_2014.zzz_unzipped-PROCUREMENT_JustificationBook_Defense_Information_Systems_Agency_PB_2014.xml","77125eeabf0b887a1626b8dacfbe020b76bbd36452add05a77785eaccf89a0da","0-839310bb1f836711b5b4f7ba61a6ffa8ac106c1452d9a01e58fde8a0031b6eb7","","","","1-bebe13eeb67b75e76840d8cb0928bf4022ec666a8271fba2899cd097703549ba","root.record.ItemExhibitList.P5Item.CostElementCategoryList.Software.Recurring.CostElementList.CostElement"
"Pepperweed Consulting","","PA","","","","","","","","","2014-BASE_PROCUREMENT-2014-DEFENSE_DISA-PROCUREMENT_JustificationBook_Defense_Information_Systems_Agency_PB_2014.zzz_unzipped-PROCUREMENT_JustificationBook_Defense_Information_Systems_Agency_PB_2014.xml","685a13bef48b52a9bf99b5f4a7bbf0e77d1c38ce78a23ed935b18c05dcf3faa5","0-2b646b1c2d81c96c29bc2b5b1632bcc44c8de6be343f651a7370510d7dbaf6e8","","","","1-96b5f39e53902b0bc7d978d7193ea40bee631b6669e0a18ba28093d6d6f35c35","root.record.ItemExhibitList.P5Item.CostElementCategoryList.Software.Recurring.CostElementList.CostElement"
"Oracle, Inc","","CA","","","","","","","","","2014-BASE_PROCUREMENT-2014-DEFENSE_DISA-PROCUREMENT_JustificationBook_Defense_Information_Systems_Agency_PB_2014.zzz_unzipped-PROCUREMENT_JustificationBook_Defense_Information_Systems_Agency_PB_2014.xml","685a13bef48b52a9bf99b5f4a7bbf0e77d1c38ce78a23ed935b18c05dcf3faa5","0-c7667450246d2a118b0ee26fe4752839c963e054e54f66502afc013dbd1b56a1","","","","3-733268047485969f74b045a114fe2cdeb3ce57d1c122e14719e13f90716f9e24","root.record.ItemExhibitList.P5Item.CostElementCategoryList.Software.Recurring.CostElementList.CostElement"
"Various","","Various","","","","","","","","","2014-BASE_PROCUREMENT-2014-DEFENSE_DISA-PROCUREMENT_JustificationBook_Defense_Information_Systems_Agency_PB_2014.zzz_unzipped-PROCUREMENT_JustificationBook_Defense_Information_Systems_Agency_PB_2014.xml","685a13bef48b52a9bf99b5f4a7bbf0e77d1c38ce78a23ed935b18c05dcf3faa5","0-97e3373d33f239f77b33a12180029afe425484e695f48c565e75e91d398202d6","","","","4-adc5a46d71c635041b0897b567b0380436f363c3c6a289d84f2d240d88531c86","root.record.ItemExhibitList.P5Item.CostElementCategoryList.Software.Recurring.CostElementList.CostElement"
"Various","","Various","","","","","","","","","2014-BASE_PROCUREMENT-2014-DEFENSE_DISA-PROCUREMENT_JustificationBook_Defense_Information_Systems_Agency_PB_2014.zzz_unzipped-PROCUREMENT_JustificationBook_Defense_Information_Systems_Agency_PB_2014.xml","d37e2136395a57f4acec83ce33a4497ccc8e6c764d0f82782e0832af96f27a4c","0-13a6f91655a19be05006d9f5bab94284f1ade85d796f4cbc9c1d94abcfe4e84f","","","","0-b008c525d72a3691227240b8d2a581b5dfbf4d4bbc6da1e4c345354cafec06a5","root.record.ItemExhibitList.P5Item.CostElementCategoryList.Software.Recurring.CostElementList.CostElement"
"Gov Convection","","Rockville, MD","","","","","","","","","2014-BASE_PROCUREMENT-2014-DEFENSE_VOL1-PROCUREMENT_MasterJustificationBook_Defense-Wide_PB_2014.zzz_unzipped-PROCUREMENT_MasterJustificationBook_Defense-Wide_PB_2014.xml","a2017977fe3e46438984e836b8f18b7d70a3825d93951ef002be1a0cf985b47b","0-11f9bdd1b99f5c8c172aabd6e24f63d1f5ad8015912f5a83cdbf6c30e3d01c89","","","","0-ac32b26dd8cbcc4926f80e725736efcb7198a7c41ed1793b447c1598c0b54f06","root.record.ItemExhibitList.P5Item.CostElementCategoryList.Software.Recurring.CostElementList.CostElement"
"Carasoft Technologies","","VA","","","","","","","","","2014-BASE_PROCUREMENT-2014-DEFENSE_VOL1-PROCUREMENT_MasterJustificationBook_Defense-Wide_PB_2014.zzz_unzipped-PROCUREMENT_MasterJustificationBook_Defense-Wide_PB_2014.xml","a2017977fe3e46438984e836b8f18b7d70a3825d93951ef002be1a0cf985b47b","0-ef89e1c556efd3d42568efddb0b22ca4a3e2287abd1ab6563bf6ba9143b909ee","","","","1-96dac4fd9d98d6973c01021ce2c5a9daed6d92678b42b16ae1f454f1e5e10487","root.record.ItemExhibitList.P5Item.CostElementCategoryList.Software.Recurring.CostElementList.CostElement"
"Pepperweed Consulting","","PA","","","","","","","","","2014-BASE_PROCUREMENT-2014-DEFENSE_VOL1-PROCUREMENT_MasterJustificationBook_Defense-Wide_PB_2014.zzz_unzipped-PROCUREMENT_MasterJustificationBook_Defense-Wide_PB_2014.xml","0ebdd01386ed24e94162dd363b0a6571f083674aa63f366d222460a4d79eac42","0-bb87410921093562338d2408e978bff5276e31ded91f7e722846c30ae2afc2da","","","","1-2410104e4c2a1bd30575c249af78d9e3e10cc7c933e2c35c74a9140185bc29ab","root.record.ItemExhibitList.P5Item.CostElementCategoryList.Software.Recurring.CostElementList.CostElement"
"Oracle, Inc","","CA","","","","","","","","","2014-BASE_PROCUREMENT-2014-DEFENSE_VOL1-PROCUREMENT_MasterJustificationBook_Defense-Wide_PB_2014.zzz_unzipped-PROCUREMENT_MasterJustificationBook_Defense-Wide_PB_2014.xml","0ebdd01386ed24e94162dd363b0a6571f083674aa63f366d222460a4d79eac42","0-58dce2fff098b81ff7016237e3820cc280076c4ccd5174aeb649e5f6c8a439e6","","","","3-4b9a584b61842e4f5b062e80c5b06bba396bd2d66cc323ef3aed6f75636ec9c4","root.record.ItemExhibitList.P5Item.CostElementCategoryList.Software.Recurring.CostElementList.CostElement"
"Various","","Various","","","","","","","","","2014-BASE_PROCUREMENT-2014-DEFENSE_VOL1-PROCUREMENT_MasterJustificationBook_Defense-Wide_PB_2014.zzz_unzipped-PROCUREMENT_MasterJustificationBook_Defense-Wide_PB_2014.xml","0ebdd01386ed24e94162dd363b0a6571f083674aa63f366d222460a4d79eac42","0-1dbc9ab361dae982fe2081ccb2000d5be1c2dbb0863c737d3e16fc6c97962758","","","","4-2d41e7c2b66a608c9c2b048627b0bf77dc0a33a0970c5e823b739f806f250dcf","root.record.ItemExhibitList.P5Item.CostElementCategoryList.Software.Recurring.CostElementList.CostElement"
"Various","","Various","","","","","","","","","2014-BASE_PROCUREMENT-2014-DEFENSE_VOL1-PROCUREMENT_MasterJustificationBook_Defense-Wide_PB_2014.zzz_unzipped-PROCUREMENT_MasterJustificationBook_Defense-Wide_PB_2014.xml","9b1519baeb79c62bd964bae6ba13ec7399e4f1359fb60a91ed6bebd6e8934f4d","0-6be5bdb67721a46569af361fa7e0f1d7099f80e0f89fc3a7cc7ce0060716e709","","","","0-beecf88ce4720248aac3f24aaf7b9f255722d22010d40a9285d6580c23e7226f","root.record.ItemExhibitList.P5Item.CostElementCategoryList.Software.Recurring.CostElementList.CostElement"
"Various","","Various","","","","","","","","","2014-AMENDED_PROCUREMENT_AND_RDTE-2014-DISA-PROCUREMENT_JustificationBook_Defense_Information_Systems_Agency_PBAmended_2014.zzz_unzipped-PROCUREMENT_JustificationBook_Defense_Information_Systems_Agency_PBAmended_2014.xml","7199ae9745cc675ebc4feb35c7260faf4a2c1245c21bf1a7e92f30ffa53e2dfe","0-545583737fa43eeeca6e0ffbe3fe874a2256aa7735229f08e19404f500088bba","","","","0-8dd86ec9ce31bc6b1554df71f4bd31fbe425586f29727d9c57971f52ad4aeae1","root.record.ItemExhibitList.P5Item.CostElementCategoryList.Software.Recurring.CostElementList.CostElement"
"Various","","Various","","","","","","","","","2014-AMENDED_PROCUREMENT_AND_RDTE-2014-DISA-PROCUREMENT_MasterJustificationBook_Defense_Information_Systems_Agency_PBAmended_2014.zzz_unzipped-PROCUREMENT_MasterJustificationBook_Defense_Information_Systems_Agency_PBAmended_2014.xml","25893d3c638b4c3409bb25cce6095af8d35e4991e21be039080e1bbc54036464","0-9d15c147425d3e708beb1a9a1766903aeaf611224d52bd00a952c5100adb4ee2","","","","0-ed628b99d04b3d324214cffc83efa914ef1fe857f552f3cce6bdc0076e9bbc78","root.record.ItemExhibitList.P5Item.CostElementCategoryList.Software.Recurring.CostElementList.CostElement"
"Various","","Various","","","","","","","","","2014-AMENDED_PROCUREMENT_AND_RDTE-2014-DEFENSE_MASTER_JBOOK-PROCUREMENT_MasterJustificationBook_Defense-Wide_PBAmended_2014.zzz_unzipped-PROCUREMENT_MasterJustificationBook_Defense-Wide_PBAmended_2014.xml","abee4c2c3678f5d15c0884f0faa8fa5235de42c33728bc140cba480579d0ff21","0-57bdf8795e4833d3e108ddf81fba17f5877a05a50215289e6154f7f48d0ce454","","","","0-3ed392aea8c15b018ba4ffdd81939043e697858876215e60f7800e9cf7e23671","root.record.ItemExhibitList.P5Item.CostElementCategoryList.Software.Recurring.CostElementList.CostElement"
"HP","","USA","","","","","","","","","2014-BASE_PROCUREMENT-2014-DEFENSE_OSD-PROCUREMENT_JustificationBook_Office_of_Secretary_Of_Defense_PB_2014.zzz_unzipped-PROCUREMENT_JustificationBook_Office_of_Secretary_Of_Defense_PB_2014.xml","d3bab9a27ba468cc169b801bf3c75574348c9c2b50160967c3388d10fcc6dd37","0-62c05e6b2362705b487cb402c08c43446e5a0564987f153d66f13c8b92780f4b","","","","0-46f64774b1b07b4184d4086169add7b4eae8f4ea58c8538b55b7e155d9497007","root.record.ItemExhibitList.P5Item.CostElementCategoryList.Software.Recurring.CostElementList.CostElement"
"HP","","USA","","","","","","","","","2014-BASE_PROCUREMENT-2014-DEFENSE_VOL1-PROCUREMENT_MasterJustificationBook_Defense-Wide_PB_2014.zzz_unzipped-PROCUREMENT_MasterJustificationBook_Defense-Wide_PB_2014.xml","e77a4c4f5d312f845e26b40857cfa903e64be41562595d306f57d467c87198d0","0-344f3e7e5e98d58452225e35251d4cccc51c18085e1087236e7e3fee4fbc3178","","","","0-d73402657880042f9c60ddb6ca706ec69ba763b0b4ea8ebd0284d80800cb5683","root.record.ItemExhibitList.P5Item.CostElementCategoryList.Software.Recurring.CostElementList.CostElement"
"TBS","","TBS","0","0","0","0","0","0","0","0","2015-BASE_PROCUREMENT-2015-ARMY_OTHER_2-PROCUREMENT_JustificationBook_Army_PB_2015.zzz_unzipped-PROCUREMENT_JustificationBook_Army_PB_2015.xml","bedafffdb4dc3a382094a452b4e6bbae6568910781ead59127205c527d1a2756","0-03eb47259328350c5031b4e040041a4896c7f47a983f1e01a228ee7a0ee363f8","","","","0-5f58eafe6e2a71c63851b20c9333ff21c324e456275d35ef70fe9effd9c8b4ec","root.record.ItemExhibitList.P5Item.CostElementCategoryList.Software.Recurring.CostElementList.CostElement"
"Dell","","Columbus, OH","0","0","0","0","0","0","0","0","2015-BASE_PROCUREMENT-2015-ARMY_OTHER_2-PROCUREMENT_JustificationBook_Army_PB_2015.zzz_unzipped-PROCUREMENT_JustificationBook_Army_PB_2015.xml","bedafffdb4dc3a382094a452b4e6bbae6568910781ead59127205c527d1a2756","0-794edcc0c7c59e0c7b795a4637f19b0ccb0c6eff1fdc36595ee6373715b07124","","","","0-bc9eefd7a959a8080a5834cbf6863a0fd611165cb3db18feea4568f1f79b8268","root.record.ItemExhibitList.P5Item.CostElementCategoryList.Software.Recurring.CostElementList.CostElement"
"Oracle, Inc","","CA","","","","","","","","","2015-BASE_PROCUREMENT-2015-DEFENSE_DISA-PROCUREMENT_JustificationBook_Defense_Information_Systems_Agency_PB_2015.zzz_unzipped-PROCUREMENT_JustificationBook_Defense_Information_Systems_Agency_PB_2015.xml","091ebb876124c2c3f907cf5f62f098fd34e78b7d9618b6d2ac5e086a6f2e74c7","0-e304a37e6865a2a8ca427a96d2f0dab55f9c551fc24114f38a2820752bf0f294","","","","3-0ae2a6c0492efe15750350a3713df0b4964d8d1db3296019a83ad425eaa9a90f","root.record.ItemExhibitList.P5Item.CostElementCategoryList.Software.Recurring.CostElementList.CostElement"
"Various","","Various","","","","","","","","","2015-BASE_PROCUREMENT-2015-DEFENSE_DISA-PROCUREMENT_JustificationBook_Defense_Information_Systems_Agency_PB_2015.zzz_unzipped-PROCUREMENT_JustificationBook_Defense_Information_Systems_Agency_PB_2015.xml","091ebb876124c2c3f907cf5f62f098fd34e78b7d9618b6d2ac5e086a6f2e74c7","0-b8422fc5f0da8b9639ea9640cc505aa2fc0e71c6e02685b7c6ba99ef27a08947","","","","4-62eb547804416536568828d9766a3def9705fd26c8f1caa040d019c8dda59d95","root.record.ItemExhibitList.P5Item.CostElementCategoryList.Software.Recurring.CostElementList.CostElement"
"Various","","Various","","","","","","","","","2015-BASE_PROCUREMENT-2015-DEFENSE_DISA-PROCUREMENT_JustificationBook_Defense_Information_Systems_Agency_PB_2015.zzz_unzipped-PROCUREMENT_JustificationBook_Defense_Information_Systems_Agency_PB_2015.xml","86838d6952f4336bc9088522c6ba3344304f6014b19863804ad0951b80ff1ddf","0-63bd81b311d951d1bbb1944a74004a0be06c3fb9329663841ba333bffe40f55e","","","","0-545ac3b6353dd63cab050df7fb61f114d3a53feb1dca2d192063f1d992df8845","root.record.ItemExhibitList.P5Item.CostElementCategoryList.Software.Recurring.CostElementList.CostElement"
"Oracle, Inc","","CA","","","","","","","","","2015-BASE_PROCUREMENT-2015-DEFENSE_DISA-PROCUREMENT_MasterJustificationBook_Defense_Information_Systems_Agency_PB_2015.zzz_unzipped-PROCUREMENT_MasterJustificationBook_Defense_Information_Systems_Agency_PB_2015.xml","2f3328efd5fb6208dd1548e80deafd86d198c6980a35330310446287529512c9","0-575feb8a10d1499edad32ff255081d4c08ece1b2f3390c65f268cd090862ab42","","","","3-2c3f5c23356c6db7fe734b0ac5d1be40763ed4b409c9f6360d6e6a18d95b85b8","root.record.ItemExhibitList.P5Item.CostElementCategoryList.Software.Recurring.CostElementList.CostElement"
"Various","","Various","","","","","","","","","2015-BASE_PROCUREMENT-2015-DEFENSE_DISA-PROCUREMENT_MasterJustificationBook_Defense_Information_Systems_Agency_PB_2015.zzz_unzipped-PROCUREMENT_MasterJustificationBook_Defense_Information_Systems_Agency_PB_2015.xml","2f3328efd5fb6208dd1548e80deafd86d198c6980a35330310446287529512c9","0-834dd0a0e3d74f8ba7990f29037b12923a62607e7e66bbfc4d7f68108e194b47","","","","4-eedba369a36d39013ff88bf58ebc3ebd6f9c61400952afa9b539fbad2723853a","root.record.ItemExhibitList.P5Item.CostElementCategoryList.Software.Recurring.CostElementList.CostElement"
"Various","","Various","","","","","","","","","2015-BASE_PROCUREMENT-2015-DEFENSE_DISA-PROCUREMENT_MasterJustificationBook_Defense_Information_Systems_Agency_PB_2015.zzz_unzipped-PROCUREMENT_MasterJustificationBook_Defense_Information_Systems_Agency_PB_2015.xml","46f5b0cb620cc8131df0eb4cca2098c8027c89e7af780731f45e9cca00571563","0-efc1f2e9f25b7e204214c65c0824f98c0564761f13b015b2e287103573b849a8","","","","0-26d0c92a9dc11875f48cc3d3c7aaf102c4c329df395284ea182d3f86ef7eff9f","root.record.ItemExhibitList.P5Item.CostElementCategoryList.Software.Recurring.CostElementList.CostElement"
"Oracle, Inc","","CA","","","","","","","","","2015-BASE_PROCUREMENT-2015-DEFENSE_VOL1-PROCUREMENT_MasterJustificationBook_Defense-Wide_PB_2015.zzz_unzipped-PROCUREMENT_MasterJustificationBook_Defense-Wide_PB_2015.xml","b41d5c413003fe2c2f3d577eda5552401185b1a9c151dd4b17213d9f065da3b2","0-d710bac87aa1c4888b0e683035f455ace3597d2ad03e87b27090d86d1bcc7816","","","","3-d90e90fabbca43a9f6e44481f70eaea2e35f068aa75f54ed7dfe299e040c990f","root.record.ItemExhibitList.P5Item.CostElementCategoryList.Software.Recurring.CostElementList.CostElement"
"Various","","Various","","","","","","","","","2015-BASE_PROCUREMENT-2015-DEFENSE_VOL1-PROCUREMENT_MasterJustificationBook_Defense-Wide_PB_2015.zzz_unzipped-PROCUREMENT_MasterJustificationBook_Defense-Wide_PB_2015.xml","b41d5c413003fe2c2f3d577eda5552401185b1a9c151dd4b17213d9f065da3b2","0-3c0afbe037a9aab6cbd834d724a52596bffcc5d15adca306a9e1cfabba0e2969","","","","4-c28a5b2522a507efd69a68430659ac543f40e10aa33913ef1bc55fa540760cf6","root.record.ItemExhibitList.P5Item.CostElementCategoryList.Software.Recurring.CostElementList.CostElement"
"Various","","Various","","","","","","","","","2015-BASE_PROCUREMENT-2015-DEFENSE_VOL1-PROCUREMENT_MasterJustificationBook_Defense-Wide_PB_2015.zzz_unzipped-PROCUREMENT_MasterJustificationBook_Defense-Wide_PB_2015.xml","ab73ac5f88aee4bb33d1de8ada5b4c0940ca12003fdad467a84544f799685258","0-31720331cb131002da2e8223f0f50bf2d92139880ef69f5f96d1396e3e5d93fc","","","","0-95afc4e7cf69f04b6ee2ac1caeb9d4bccd74518ae0aa2f5f88dec7886b46667d","root.record.ItemExhibitList.P5Item.CostElementCategoryList.Software.Recurring.CostElementList.CostElement"
"Army","","Wash DC","","","","","","","","","2015-AMENDED_PROCUREMENT_AND_RDTE-2015-DISA-PROCUREMENT_JustificationBook_Defense_Information_Systems_Agency_PBAmended_2015.zzz_unzipped-PROCUREMENT_JustificationBook_Defense_Information_Systems_Agency_PBAmended_2015.xml","d94f019ca6ad47831570c156dff39434da9ab15bce0586d43be1216cd4cf1d47","0-3983b86e92c9cc7dd6da9f5824f7132efb9a52994910750319ff94de84260b5c","","","","0-fe006dcadbc6045f2359316013cc204e74afa7d5ecea3e2196583404aea071e2","root.record.ItemExhibitList.P5Item.CostElementCategoryList.Software.Recurring.CostElementList.CostElement"
"SAIC","","VA","","","","","","","","","2015-AMENDED_PROCUREMENT_AND_RDTE-2015-DISA-PROCUREMENT_JustificationBook_Defense_Information_Systems_Agency_PBAmended_2015.zzz_unzipped-PROCUREMENT_JustificationBook_Defense_Information_Systems_Agency_PBAmended_2015.xml","d94f019ca6ad47831570c156dff39434da9ab15bce0586d43be1216cd4cf1d47","0-fa1e53b5bcd4971aac006c3d8563aef838c135056fb81acc70a85aff87a1afee","","","","1-71bfd7b370694b9122b46f9cb1434fe4ca10a13213eaff9b61a458c7c05baf82","root.record.ItemExhibitList.P5Item.CostElementCategoryList.Software.Recurring.CostElementList.CostElement"
"Army","","Wash DC","","","","","","","","","2015-AMENDED_PROCUREMENT_AND_RDTE-2015-DISA-PROCUREMENT_JustificationBook_Defense_Information_Systems_Agency_PBAmended_2015.zzz_unzipped-PROCUREMENT_JustificationBook_Defense_Information_Systems_Agency_PBAmended_2015.xml","d94f019ca6ad47831570c156dff39434da9ab15bce0586d43be1216cd4cf1d47","0-b5ab009b37ee62343f2a75eda36b806ffa3a092539732cf894167922520cdf55","","","","2-ffea4ea7ba69fdd362026542ff554120c573fafc4c772fe1544b1a0234659dc3","root.record.ItemExhibitList.P5Item.CostElementCategoryList.Software.Recurring.CostElementList.CostElement"
"Army","","Wash DC","","","","","","","","","2015-AMENDED_PROCUREMENT_AND_RDTE-2015-DISA-PROCUREMENT_MasterJustificationBook_Defense_Information_Systems_Agency_PBAmended_2015.zzz_unzipped-PROCUREMENT_MasterJustificationBook_Defense_Information_Systems_Agency_PBAmended_2015.xml","0ba1ff01b1584bc3e78a57a5ea1922c71db0daf80e4e1f03a022614b8e202d41","0-ec89a6337d57b899a338fd316c119a57c2e65c38461701eda808be6b12e8d14e","","","","0-defd6ad4c13527a33e67a3fb85b1749f8c215b3c641d03aa45d928045a6617c1","root.record.ItemExhibitList.P5Item.CostElementCategoryList.Software.Recurring.CostElementList.CostElement"
"SAIC","","VA","","","","","","","","","2015-AMENDED_PROCUREMENT_AND_RDTE-2015-DISA-PROCUREMENT_MasterJustificationBook_Defense_Information_Systems_Agency_PBAmended_2015.zzz_unzipped-PROCUREMENT_MasterJustificationBook_Defense_Information_Systems_Agency_PBAmended_2015.xml","0ba1ff01b1584bc3e78a57a5ea1922c71db0daf80e4e1f03a022614b8e202d41","0-13ec884c11f943bcb9a4ddec64b6012a5059194097c3a5e938edad0d11a2df9e","","","","1-1cc0ec5bc8185b70b0d6022d8841ec69e3a67400b9a6e999e2668d40879060c9","root.record.ItemExhibitList.P5Item.CostElementCategoryList.Software.Recurring.CostElementList.CostElement"
"Army","","Wash DC","","","","","","","","","2015-AMENDED_PROCUREMENT_AND_RDTE-2015-DISA-PROCUREMENT_MasterJustificationBook_Defense_Information_Systems_Agency_PBAmended_2015.zzz_unzipped-PROCUREMENT_MasterJustificationBook_Defense_Information_Systems_Agency_PBAmended_2015.xml","0ba1ff01b1584bc3e78a57a5ea1922c71db0daf80e4e1f03a022614b8e202d41","0-4d8dc10bfea9ca7eb9478ceee3b3c7b2c237d9fccb550405be65a69b771e0209","","","","2-e0d275cab8e634b2b44da1286244d8acb4e01d18da37a8f55acee9b3d0c350f1","root.record.ItemExhibitList.P5Item.CostElementCategoryList.Software.Recurring.CostElementList.CostElement"
"Army","","Wash DC","","","","","","","","","2015-AMENDED_PROCUREMENT_AND_RDTE-2015-DEFENSE_MASTER_JBOOK-PROCUREMENT_MasterJustificationBook_Defense-Wide_PBAmended_2015.zzz_unzipped-PROCUREMENT_MasterJustificationBook_Defense-Wide_PBAmended_2015.xml","303b558d79ac8de02c9b26612b66f29a4d300e030b75eec7d9b97dfeddac8680","0-c09b1088e2fc40808605943cd68b392a7157e19930ab6ab771e4e50d02a12faa","","","","0-da6f2bd551f6b0d17ce7559b9cccea515799c832cdcc491a9eed730c2eab8c7a","root.record.ItemExhibitList.P5Item.CostElementCategoryList.Software.Recurring.CostElementList.CostElement"
"SAIC","","VA","","","","","","","","","2015-AMENDED_PROCUREMENT_AND_RDTE-2015-DEFENSE_MASTER_JBOOK-PROCUREMENT_MasterJustificationBook_Defense-Wide_PBAmended_2015.zzz_unzipped-PROCUREMENT_MasterJustificationBook_Defense-Wide_PBAmended_2015.xml","303b558d79ac8de02c9b26612b66f29a4d300e030b75eec7d9b97dfeddac8680","0-0e6f7fa20ca9d0461aa7639af583ab66f85ad2ed0c82d10768789a57d9d98830","","","","1-9ce7d9e78814c577846da6cc0962e2ba65f7d433bbeddd6e69fb886027662f0e","root.record.ItemExhibitList.P5Item.CostElementCategoryList.Software.Recurring.CostElementList.CostElement"
"Army","","Wash DC","","","","","","","","","2015-AMENDED_PROCUREMENT_AND_RDTE-2015-DEFENSE_MASTER_JBOOK-PROCUREMENT_MasterJustificationBook_Defense-Wide_PBAmended_2015.zzz_unzipped-PROCUREMENT_MasterJustificationBook_Defense-Wide_PBAmended_2015.xml","303b558d79ac8de02c9b26612b66f29a4d300e030b75eec7d9b97dfeddac8680","0-2cc41361a1c039b61d7c94bd59eaa5dafe5ef7170862b906fa9114014bb915fc","","","","2-fb7e494217230ea28d2e80b6d483fbeb39ab6f8bbcfbe86c6aba9c870f940d81","root.record.ItemExhibitList.P5Item.CostElementCategoryList.Software.Recurring.CostElementList.CostElement"
"TBS","","TBS","0","0","0","0","0","0","0","0","2016-BASE_PROCUREMENT-2016-ARMY_OTHER_2-PROCUREMENT_JustificationBook_Army_PB_2016.zzz_unzipped-PROCUREMENT_JustificationBook_Army_PB_2016.xml","0daeb3840995e315e0845fec38ebc9e30d4d58064f2184f55430dcb7cef2d891","0-f2f79423fa768569e424e1c1611b0b213e5cea6a2340e74940bc48de10cc1ae1","","","","0-48d0517a19614735b501218b554e94e6bedf6a8ac687f20eb76d930c8ea7d0f7","root.record.ItemExhibitList.P5Item.CostElementCategoryList.Software.Recurring.CostElementList.CostElement"
"SPAWAR","","Charleston, SC","","","","","","","","","2016-BASE_PROCUREMENT-2016-NAVY_MARINECORPS-PROCUREMENT_JustificationBook_Navy_PB_2016.zzz_unzipped-PROCUREMENT_JustificationBook_Navy_PB_2016.xml","12010ebf887d3bda82b71fd7ca18db203d499886bd167e243d9d298a01fd5ceb","0-2952a9b7906e7a30d0df3a94ee7ab0484517b39669836bb3b7e283aa390be98d","","","","2-f5d952acf8b42b59d631c54270414b436625b0614b6f4e62696bd651aae62121","root.record.ItemExhibitList.P5Item.CostElementCategoryList.Software.Recurring.CostElementList.CostElement"
"SPAWAR","","Charleston, SC","","","","","","","","","2016-BASE_PROCUREMENT-2016-NAVY_MARINECORPS-PROCUREMENT_JustificationBook_Navy_PB_2016.zzz_unzipped-PROCUREMENT_JustificationBook_Navy_PB_2016.xml","12010ebf887d3bda82b71fd7ca18db203d499886bd167e243d9d298a01fd5ceb","0-75d9bdd6c64c50fe4073bfd64aa22ef990b6861886d76eb4677ee6db5820f1a9","","","","3-b416b4320bbdd03f6321f6a2aaecc6e9c22b43ba086119f0338fce9bffff61bb","root.record.ItemExhibitList.P5Item.CostElementCategoryList.Software.Recurring.CostElementList.CostElement"
"National Reconnaissance Office (NRO)","","Ogden, Utah","","","","","","","","","2016-BASE_PROCUREMENT-2016-NAVY_MARINECORPS-PROCUREMENT_JustificationBook_Navy_PB_2016.zzz_unzipped-PROCUREMENT_JustificationBook_Navy_PB_2016.xml","12010ebf887d3bda82b71fd7ca18db203d499886bd167e243d9d298a01fd5ceb","0-a2f5a621b674a2089a6f9f13fe547834864668c1f2450c38aa3630163564f4db","","","","4-0a4fb3a65f71b424f70c4fe06c31c85f7782c301a8e4b30aecff91eb8e52676e","root.record.ItemExhibitList.P5Item.CostElementCategoryList.Software.Recurring.CostElementList.CostElement"
"SPAWAR","","Charleston, SC","","","","","","","","","2016-BASE_PROCUREMENT-2016-NAVY_MARINECORPS-PROCUREMENT_MasterJustificationBook_Navy_PB_2016.zzz_unzipped-PROCUREMENT_MasterJustificationBook_Navy_PB_2016.xml","40d06d016220680d7b12a616aaef482a770d2fae48913dd6ec4d5860805b8b48","0-67aafc774ea67da95a86cc79fef8a245c6d7dbc5c17832756f2caaa5ae99d23e","","","","2-b4e0cb9028680602982ac12b8b938570f657e7d2a2bb1da14fe892a543d3b26d","root.record.ItemExhibitList.P5Item.CostElementCategoryList.Software.Recurring.CostElementList.CostElement"
"SPAWAR","","Charleston, SC","","","","","","","","","2016-BASE_PROCUREMENT-2016-NAVY_MARINECORPS-PROCUREMENT_MasterJustificationBook_Navy_PB_2016.zzz_unzipped-PROCUREMENT_MasterJustificationBook_Navy_PB_2016.xml","40d06d016220680d7b12a616aaef482a770d2fae48913dd6ec4d5860805b8b48","0-b07e71181853898943ed6a36289a479acf7f9c9c9993dee53721f282f968bbe6","","","","3-4846823476ed7a47d42f3a9c0095b7454ff3144a3497b886e1af78cf1c3853c6","root.record.ItemExhibitList.P5Item.CostElementCategoryList.Software.Recurring.CostElementList.CostElement"
"National Reconnaissance Office (NRO)","","Ogden, Utah","","","","","","","","","2016-BASE_PROCUREMENT-2016-NAVY_MARINECORPS-PROCUREMENT_MasterJustificationBook_Navy_PB_2016.zzz_unzipped-PROCUREMENT_MasterJustificationBook_Navy_PB_2016.xml","40d06d016220680d7b12a616aaef482a770d2fae48913dd6ec4d5860805b8b48","0-5a07df75cd436d09278079dcf319c7db972117aa47312eadb0065398818e6e10","","","","4-9b9d13d4c3f6d872c67ebb390827640ee44ac484f004897cf326deb1f35dd588","root.record.ItemExhibitList.P5Item.CostElementCategoryList.Software.Recurring.CostElementList.CostElement"
"DLT Solutions","","Herndon, VA","0","0","0","0","0","0","0","0","2017-BASE_PROCUREMENT-2017-AIRFORCE_OTHER-U_PROCUREMENT_JustificationBook_Air_Force_PB_2017.zzz_unzipped-U_PROCUREMENT_JustificationBook_Air_Force_PB_2017.xml","64b52a8444f6154dd6d624cbe1a8cd7ecbc678b26efb599c82c61c305f19c0e8","0-4c6cf0c1cc4d54309995099569f9afbc7b76b15a06885a6a4cc0a05af6702aa9","0.00","0.00","0.00","0-c87d1c73fb99f312965e51d23cd0c169de07597310a30b80df422f69da2432b2","root.record.ItemExhibitList.P5Item.CostElementCategoryList.Software.Recurring.CostElementList.CostElement"
"Harris Corporation","","Rochester, NY","0","0","0","0","0","0","0","0","2017-BASE_PROCUREMENT-2017-AIRFORCE_OTHER-U_PROCUREMENT_JustificationBook_Air_Force_PB_2017.zzz_unzipped-U_PROCUREMENT_JustificationBook_Air_Force_PB_2017.xml","38c642dc0285b7d8781f87014042ad3d1b52b59501bab1602b747599958c4b3f","0-97726af5eb4a8d89d8c820bed5880f5877340a8ccb7e10e35ed010341282bd7c","0.00","0.00","0.00","0-c7928185570579b29f4e359c01c0603b58a98ea11e736f155850640354223d47","root.record.ItemExhibitList.P5Item.CostElementCategoryList.Software.Recurring.CostElementList.CostElement"
"DLT Solutions","","Herndon, VA","0","0","0","0","0","0","0","0","2017-BASE_PROCUREMENT-2017-AIRFORCE_OTHER-U_PROCUREMENT_MasterJustificationBook_Air_Force_PB_2017.zzz_unzipped-U_PROCUREMENT_MasterJustificationBook_Air_Force_PB_2017.xml","611d4f8edb8098bb6294f25b64c73f9097d031cec463696210e2820e37721c26","0-5fc06b7ee1ee0db16162c4577911c237dabee33711c35f9e922f77b2efd3a25a","0.00","0.00","0.00","0-99056a1afd9f324d41d6abee7955580f6dfdccc47ccb22fe0edaa423880f7531","root.record.ItemExhibitList.P5Item.CostElementCategoryList.Software.Recurring.CostElementList.CostElement"
"Harris Corporation","","Rochester, NY","0","0","0","0","0","0","0","0","2017-BASE_PROCUREMENT-2017-AIRFORCE_OTHER-U_PROCUREMENT_MasterJustificationBook_Air_Force_PB_2017.zzz_unzipped-U_PROCUREMENT_MasterJustificationBook_Air_Force_PB_2017.xml","36ace9e2c2250de3b99e411ac5642c43f6759be84df645121aad6b5f7bddc5c8","0-33e63b692a5c892dfa076e20be6f6942403e1f438913c5226b14966798cdf053","0.00","0.00","0.00","0-815830ade7302506cd40209b7f333034a565a1acca38d52da32cd7edef75f0a2","root.record.ItemExhibitList.P5Item.CostElementCategoryList.Software.Recurring.CostElementList.CostElement"
"TBD","","TBD","0","6","3","9","0","6","3","9","2017-BASE_PROCUREMENT-2017-ARMY_OTHER_3-4-U_PROCUREMENT_JustificationBook_Army_PB_2017.zzz_unzipped-U_PROCUREMENT_JustificationBook_Army_PB_2017.xml","99fdf12344ddbe14e1ebbcb6290f9a4143355b155574f258b5b758209b883288","0-fcb8520ca587b7d8be313cb50a5f36b42a56f9028e9774b8f8e94695df5fbe43","1","5","3","0-876362d7041305bde377c4a2faadac757db37d93ad2dda6d922b6a6f9d35ee08","root.record.ItemExhibitList.P5Item.CostElementCategoryList.Software.Recurring.CostElementList.CostElement"
"TBS","","TBS","0","0","0","0","0","0","0","0","2017-BASE_PROCUREMENT-2017-ARMY_OTHER_2-U_PROCUREMENT_JustificationBook_Army_PB_2017.zzz_unzipped-U_PROCUREMENT_JustificationBook_Army_PB_2017.xml","e2c89fbeb812916900eca5c27f8af4e89ad05088685814bc9bb1805868e5dd11","0-f202d39f58614445bcf927d5b61387f398aa0461c594f2c45486020727410ae9","","","","0-b43ccaa48e1906a95dd227153ff9fda1df7630678dccc3257ad2fc251327c209","root.record.ItemExhibitList.P5Item.CostElementCategoryList.Software.Recurring.CostElementList.CostElement"
"CDW Government LLC","","Vernon Hills, IL","0","0","0","0","0","0","0","0","2017-BASE_PROCUREMENT-2017-ARMY_OTHER_2-U_PROCUREMENT_JustificationBook_Army_PB_2017.zzz_unzipped-U_PROCUREMENT_JustificationBook_Army_PB_2017.xml","e2c89fbeb812916900eca5c27f8af4e89ad05088685814bc9bb1805868e5dd11","0-4b25fb4fbb1c663bcfb42bd60a0f8a363502b1b4176ef81b6d77788fa370316c","","","","0-b291b6bbc1d21e90865f03a71a7cecdd9759fb595392243f7122ea27ec8a1321","root.record.ItemExhibitList.P5Item.CostElementCategoryList.Software.Recurring.CostElementList.CostElement"
"TBS","","TBS","0","0","0","0","0","0","0","0","2017-BASE_PROCUREMENT-2017-ARMY_OTHER_2-U_PROCUREMENT_JustificationBook_Army_PB_2017.zzz_unzipped-U_PROCUREMENT_JustificationBook_Army_PB_2017.xml","e2c89fbeb812916900eca5c27f8af4e89ad05088685814bc9bb1805868e5dd11","1-1b2043e3d70494a9def210cc6409e473cb740ecb9e21fb8d0ae7e768a657aabb","","","","0-b291b6bbc1d21e90865f03a71a7cecdd9759fb595392243f7122ea27ec8a1321","root.record.ItemExhibitList.P5Item.CostElementCategoryList.Software.Recurring.CostElementList.CostElement"
"Accenture","","Kingstowne","0","0","0","0","0","0","0","0","2017-BASE_PROCUREMENT-2017-ARMY_OTHER_2-U_PROCUREMENT_JustificationBook_Army_PB_2017.zzz_unzipped-U_PROCUREMENT_JustificationBook_Army_PB_2017.xml","5e6e415a71ace7ae6c50fa58050972b44713daa0fea2f6b3f30f352d143cb7b5","0-304df8923cb35ca9787f5be7665bca1cd728c2f8baa4580096675d481e2baf47","","","","0-fe6f733119c12e59c5312852305512910b7f833ac57e6a827f4d4e9ecf67d0b5","root.record.ItemExhibitList.P5Item.CostElementCategoryList.Software.Recurring.CostElementList.CostElement"
"TBD","","TBD","0","0","0","0","0","0","0","0","2017-BASE_PROCUREMENT-2017-ARMY_OTHER_2-U_PROCUREMENT_JustificationBook_Army_PB_2017.zzz_unzipped-U_PROCUREMENT_JustificationBook_Army_PB_2017.xml","5e6e415a71ace7ae6c50fa58050972b44713daa0fea2f6b3f30f352d143cb7b5","1-f9597e9931a8d09147df8b9e861b792310acc54b237d0c0bb3605896db046f56","","","","0-fe6f733119c12e59c5312852305512910b7f833ac57e6a827f4d4e9ecf67d0b5","root.record.ItemExhibitList.P5Item.CostElementCategoryList.Software.Recurring.CostElementList.CostElement"
"SPAWAR","","Charleston, SC","","","","","","","","","2017-BASE_PROCUREMENT-2017-NAVY_MARINECORPS-U_PROCUREMENT_JustificationBook_Navy_PB_2017.zzz_unzipped-U_PROCUREMENT_JustificationBook_Navy_PB_2017.xml","c39c2d4de5b2c1cb19ec88c24f0e5074bd6ab600c236b4943d4f5e2bbe8d1b63","0-437111b66ab38319cfd3a540d7471be057ce284e6beb9a919613089487092629","","","","3-5867200163a80d7c2a9634eb13d5852daad8bc27c7b56cdf177913c70126f6e0","root.record.ItemExhibitList.P5Item.CostElementCategoryList.Software.Recurring.CostElementList.CostElement"
"SPAWAR","","Charleston, SC","","","","","","","","","2017-BASE_PROCUREMENT-2017-NAVY_MARINECORPS-U_PROCUREMENT_JustificationBook_Navy_PB_2017.zzz_unzipped-U_PROCUREMENT_JustificationBook_Navy_PB_2017.xml","c39c2d4de5b2c1cb19ec88c24f0e5074bd6ab600c236b4943d4f5e2bbe8d1b63","0-b29b98869b8bf3d02a606324b1340c49a201181fe5333382209e6a26aa6683c6","","","","5-0313c066ca72c2bad8dfa2e184c20aca7537464eb1b76dde95e37349c54d71fd","root.record.ItemExhibitList.P5Item.CostElementCategoryList.Software.Recurring.CostElementList.CostElement"
"SPAWAR","","Charleston, SC","","","","","","","","","2017-BASE_PROCUREMENT-2017-NAVY_MARINECORPS-U_PROCUREMENT_MasterJustificationBook_Navy_PB_2017.zzz_unzipped-U_PROCUREMENT_MasterJustificationBook_Navy_PB_2017.xml","97488045a35c40c1193857b6b1e7983182fa95aa832063cab96e96f070cd689e","0-ffdfe9f660566996ab383dc1323d2554aac6dc774e028a2cc6cf244f716db617","","","","3-6faacec89e03ebeff585aef698403b5130da21027434f3be1d403363fb04d70f","root.record.ItemExhibitList.P5Item.CostElementCategoryList.Software.Recurring.CostElementList.CostElement"
"SPAWAR","","Charleston, SC","","","","","","","","","2017-BASE_PROCUREMENT-2017-NAVY_MARINECORPS-U_PROCUREMENT_MasterJustificationBook_Navy_PB_2017.zzz_unzipped-U_PROCUREMENT_MasterJustificationBook_Navy_PB_2017.xml","97488045a35c40c1193857b6b1e7983182fa95aa832063cab96e96f070cd689e","0-d37d90970caea4eac1025f8ef77cff01dcbe543a96ee7fcce24ddb3d6921d4b1","","","","5-8a70de95f836d3055fd28954f08aa61e82d44e9214e1b810825af931f15ca737","root.record.ItemExhibitList.P5Item.CostElementCategoryList.Software.Recurring.CostElementList.CostElement"
"Multiple Sources","","Various","","","","","","","","","2020-BASE_PROCUREMENT-2020-NAVY_OTHER_BA5-8-U_PROCUREMENT_JustificationBook_Navy_PB_2017.zzz_unzipped-U_PROCUREMENT_JustificationBook_Navy_PB_2017.xml","55135aba0fea4209c4c34cc96c7f6dd5db5155d0291654cc3a02ea3b252f9654","0-0b07c94040751086d5cf9816b4978adf85d2dac89fc53a587af8a51fb596633d","","","","0-686a15d2ed30caa0e8a58d402e0ea3d721d8f4eb58e56270acc451b844b42723","root.record.ItemExhibitList.P5Item.CostElementCategoryList.Software.Recurring.CostElementList.CostElement"
"BMC Software Distribution IncBMC Software Distribution Inc","Multiple manufacturers (Aeorprise, Scan Store, BMC, BMX, Avaya)","San Diego, CA","","","","","","","","","2020-BASE_PROCUREMENT-2020-NAVY_OTHER_BA5-8-U_PROCUREMENT_JustificationBook_Navy_PB_2017.zzz_unzipped-U_PROCUREMENT_JustificationBook_Navy_PB_2017.xml","55135aba0fea4209c4c34cc96c7f6dd5db5155d0291654cc3a02ea3b252f9654","0-6b32b574c0b497569b523f0619ec2821a49b624c14f3c02fb5159d3bed175bd9","","","","1-aa4162bced504382ff226fa26be51e482c7acfda8759bab2f0d2d259ef0a001f","root.record.ItemExhibitList.P5Item.CostElementCategoryList.Software.Recurring.CostElementList.CostElement"
"Multiple Sources","","Various","","","","","","","","","2020-BASE_PROCUREMENT-2020-NAVY_OTHER_BA5-8-U_PROCUREMENT_MasterJustificationBook_Navy_PB_2017.zzz_unzipped-U_PROCUREMENT_MasterJustificationBook_Navy_PB_2017.xml","d6d1be1d31092cf14d659ea15da1c53fed8e933653ecbd2dcffc7e79ab483430","0-6e3bdfdad0947e6ac18dd92f81661f7987ebabef7a5ddbdfcdb1070fad3b74ab","","","","0-66aa409e9dcb6b7addedb7c8716507d049a75418c82cf8d338d3953e51f0ec23","root.record.ItemExhibitList.P5Item.CostElementCategoryList.Software.Recurring.CostElementList.CostElement"
"BMC Software Distribution IncBMC Software Distribution Inc","Multiple manufacturers (Aeorprise, Scan Store, BMC, BMX, Avaya)","San Diego, CA","","","","","","","","","2020-BASE_PROCUREMENT-2020-NAVY_OTHER_BA5-8-U_PROCUREMENT_MasterJustificationBook_Navy_PB_2017.zzz_unzipped-U_PROCUREMENT_MasterJustificationBook_Navy_PB_2017.xml","d6d1be1d31092cf14d659ea15da1c53fed8e933653ecbd2dcffc7e79ab483430","0-8ed0de282d1792166c3ac51a90492f137af05f417ec426831e186611df2ce177","","","","1-8ea28046968d4554c320d7dcc2403621f63539f50a125c1e183f8eea8118c787","root.record.ItemExhibitList.P5Item.CostElementCategoryList.Software.Recurring.CostElementList.CostElement"
"GDIT","","Springfield/VA","0","0","0","0","0","0","0","0","2018-BASE_PROCUREMENT-2018-AIRFORCE_OTHER-U_PROCUREMENT_JustificationBook_Air_Force_PB_2018.zzz_unzipped-U_PROCUREMENT_JustificationBook_Air_Force_PB_2018.xml","b9db150d4e2eea838c5638ac6003f2186dd3d50e49d4e1a77e8441d25f93b227","0-0406ece028de5faaa48ae91f2f227c2aea3ea595ffce8ffb4c73430e995909e1","0.00","0.00","0.00","0-2ac0d0ec182ef09310259d9fc0af89ffd0e5c9cddd369ad3e2b211bd7eab34e1","root.record.ItemExhibitList.P5Item.CostElementCategoryList.Software.Recurring.CostElementList.CostElement"
"GDIT","","Springfield/VA","0","0","0","0","0","0","0","0","2018-BASE_PROCUREMENT-2018-AIRFORCE_OTHER-U_PROCUREMENT_MasterJustificationBook_Air_Force_PB_2018.zzz_unzipped-U_PROCUREMENT_MasterJustificationBook_Air_Force_PB_2018.xml","da45d8f8a6249c90c8f51efd21792099bf8bdec437cb776f6e17679f34441c2e","0-129cc9164a71694ea72edaddb58ecced31dba79a3b75027ed9c318fc75510793","0.00","0.00","0.00","0-1eca286cce7b9b56193ad0b7b327f597ecbf6d55341133c46688bce3ab12e582","root.record.ItemExhibitList.P5Item.CostElementCategoryList.Software.Recurring.CostElementList.CostElement"
"TBS","","TBS","0","0","0","0","0","0","0","0","2018-BASE_PROCUREMENT-2018-ARMY_OTHER_2-U_PROCUREMENT_JustificationBook_Army_PB_2018.zzz_unzipped-U_PROCUREMENT_JustificationBook_Army_PB_2018.xml","4fcec47d2ef2c5e454ef51ea8d74e89b75e63959a68d7baa4c0a97b8a1fc8c6e","0-34049c2f14bafcd22a4a66551e90c25de02a39cc16b8c455491a60a941ef47a0","","","","0-00678b6c43a0e3dd6017a0b66a3188a20e61adad5e9ff8c413afa6d766fdf8e6","root.record.ItemExhibitList.P5Item.CostElementCategoryList.Software.Recurring.CostElementList.CostElement"
"TBS","","TBS","0","0","0","0","0","0","0","0","2018-BASE_PROCUREMENT-2018-ARMY_OTHER_2-U_PROCUREMENT_JustificationBook_Army_PB_2018.zzz_unzipped-U_PROCUREMENT_JustificationBook_Army_PB_2018.xml","4fcec47d2ef2c5e454ef51ea8d74e89b75e63959a68d7baa4c0a97b8a1fc8c6e","0-f706d950aa149f87dd77a8c0102c0dab5196bbd6ccb800110b31736f36856da7","","","","1-013d7ecc2ede23670b80543eb374af1f0c7d544fc00bf07b2c33cb0888ca07e0","root.record.ItemExhibitList.P5Item.CostElementCategoryList.Software.Recurring.CostElementList.CostElement"
"Cole Engineering Services","","Orlando","","","","","","","","","2018-BASE_PROCUREMENT-2018-ARMY_OTHER_3-U_PROCUREMENT_JustificationBook_Army_PB_2018.zzz_unzipped-U_PROCUREMENT_JustificationBook_Army_PB_2018.xml","613d3db5b690e83faeabb8edb3de191297ce81a72abc22ac5d15627835aa22a6","0-162c88f51885a98333a31f2823b53c445cfdb33b97bd4f5c35bae9a0bc3b9d2b","","","","0-26f82de89079ff03d86961f6f2ffda0cd53a7a56816ecb844b125d4bbd94f443","root.record.ItemExhibitList.P5Item.CostElementCategoryList.Software.Recurring.CostElementList.CostElement"
"Owl Computing Technologies","","DISA","","","","","","","","","2018-BASE_PROCUREMENT-2018-DEFENSE_DISA-U_PROCUREMENT_JustificationBook_Defense_Information_Systems_Agency_PB_2018.zzz_unzipped-U_PROCUREMENT_JustificationBook_Defense_Information_Systems_Agency_PB_2018.xml","cb724143f0abfe0efbf3f257ad309a0bc339897deef3bfb964f1b0df68fc13d4","0-5b591020c16386634573917b08c5274c55c42c0d34fc41aac3144ebfe96e9af7","","","","0-7164a52e79b27268249b615a813503702d94ae3bbde2a77c81c21bde49c70f86","root.record.ItemExhibitList.P5Item.CostElementCategoryList.Software.Recurring.CostElementList.CostElement"
"Owl Computing Technologies","","DISA","","","","","","","","","2018-BASE_PROCUREMENT-2018-DEFENSE_DISA-U_PROCUREMENT_MasterJustificationBook_Defense_Information_Systems_Agency_PB_2018.zzz_unzipped-U_PROCUREMENT_MasterJustificationBook_Defense_Information_Systems_Agency_PB_2018.xml","14438a636cc9725589e089ff75f7eed9c738b4857befdcdfff859a4fc633801d","0-dc3721773731f0e7f9ba6df121fa3e796812f7bf7d15c4b5b4e5d752f1440e2f","","","","0-1e2cca37e446e312401c8ec1f411f9867a913218bd1ba19ee782d384320c3fbd","root.record.ItemExhibitList.P5Item.CostElementCategoryList.Software.Recurring.CostElementList.CostElement"
"Owl Computing Technologies","","DISA","","","","","","","","","2018-BASE_PROCUREMENT-2018-DEFENSE_VOL1_ALL-U_PROCUREMENT_MasterJustificationBook_Defense-Wide_PB_2018.zzz_unzipped-U_PROCUREMENT_MasterJustificationBook_Defense-Wide_PB_2018.xml","21b8480e01085eaff9c78015995e037f416940198c16ef2f140e927f637ec6b0","0-b255d035df4037e2487758bcb2ecefb6dff51a8415e85d8a99be9dcf629add75","","","","0-15ca2729eaa27cde4845b1ffa2fd473ca8bd62786c9131daf82af6ecea2676e0","root.record.ItemExhibitList.P5Item.CostElementCategoryList.Software.Recurring.CostElementList.CostElement"
"GDIT","","Springfield VA","0","0","0","0","0","0","0","0","2019-BASE_PROCUREMENT-2019-AIRFORCE_OTHER-U_PROCUREMENT_JustificationBook_Air_Force_PB_2019.zzz_unzipped-U_PROCUREMENT_JustificationBook_Air_Force_PB_2019.xml","6b33798310aba7e5e4d9b877c0eec7513bd32ffc9793262de9670a66a6d39eb3","0-e297ad0f7c6f6112324bce0d12cfd1488ba15798831b63ddc50c780ca0111256","0.00","0.00","0.00","0-99f2cec2241fc6d9e8a827321d13d6145a929b357b3a12c9c19e19910d663fd1","root.record.ItemExhibitList.P5Item.CostElementCategoryList.Software.Recurring.CostElementList.CostElement"
"Harris Corporation","","Rochester, NY","0","0","0","0","0","9","3","12","2019-BASE_PROCUREMENT-2019-AIRFORCE_OTHER-U_PROCUREMENT_JustificationBook_Air_Force_PB_2019.zzz_unzipped-U_PROCUREMENT_JustificationBook_Air_Force_PB_2019.xml","cfe39698d6a55296019381ae6433583029de5e5830566a5d01d614d183d01876","0-090514d5adb18185bf5ac668ba6e5533cae0fe5adb78dd58efbe4ead94ec7018","340.00","425.00","350.00","0-58411da9c6c74c3dd46c38aebabf49459280c568386d0c228e075facc71c91bd","root.record.ItemExhibitList.P5Item.CostElementCategoryList.Software.Recurring.CostElementList.CostElement"
"GDIT","","Springfield VA","0","0","0","0","0","0","0","0","2019-BASE_PROCUREMENT-2019-AIRFORCE_OTHER-U_PROCUREMENT_MasterJustificationBook_Air_Force_PB_2019.zzz_unzipped-U_PROCUREMENT_MasterJustificationBook_Air_Force_PB_2019.xml","4b4bf8305feca0dd280fd5297ecb38244b27f9db1f72cd91011506c50f14d9a0","0-129de0776205a56daa89771ef05f92a248e97defc8b6a54e20a6a8aea7dfcbf8","0.00","0.00","0.00","0-ed6289d06687ad32cd55587d111a1d89032360ff0ea26e42b9837263c1346659","root.record.ItemExhibitList.P5Item.CostElementCategoryList.Software.Recurring.CostElementList.CostElement"
"Harris Corporation","","Rochester, NY","0","0","0","0","0","9","3","12","2019-BASE_PROCUREMENT-2019-AIRFORCE_OTHER-U_PROCUREMENT_MasterJustificationBook_Air_Force_PB_2019.zzz_unzipped-U_PROCUREMENT_MasterJustificationBook_Air_Force_PB_2019.xml","53cb469a7481a4b0f0732b4848d7b1f8bc62be3d4a4eb7fdf65b19b837eb91e9","0-7e32e96da3b9485424d7bb93b0d4fc2e8832a68a5640aff095ca1f08af500062","340.00","425.00","350.00","0-24368b380f3be5d83c04aed65c51fc9536ce120ad5e0f4c63b4a5a2c150727fa","root.record.ItemExhibitList.P5Item.CostElementCategoryList.Software.Recurring.CostElementList.CostElement"
"TBD","","TBD","","","","","","","","","2019-BASE_PROCUREMENT-2019-ARMY_OTHER_2-U_PROCUREMENT_JustificationBook_Army_PB_2019.zzz_unzipped-U_PROCUREMENT_JustificationBook_Army_PB_2019.xml","1dad0d6def87e40e5e900fcd8d769dde203ed602536daff3c8c428b55f26c034","0-d45be0ca18891fb55eb05e7fe7042a2c8334a971413d7d9c71c0f156631d01d2","","","","0-0a09d7a68bb82a60caac465fe7891abd151b6c85e4ee24eaed2314426a7449d5","root.record.ItemExhibitList.P5Item.CostElementCategoryList.Software.Recurring.CostElementList.CostElement"
"Contracting Division - PL8","","VA","","","","","","","","","2019-BASE_PROCUREMENT-2019-ARMY_OTHER_2-U_PROCUREMENT_JustificationBook_Army_PB_2019.zzz_unzipped-U_PROCUREMENT_JustificationBook_Army_PB_2019.xml","16460c7c27924b372086b35662e9cdf675b9a832b575627291fc52fa6c982e98","0-f7ae785a6fa8bd93ebefc953445a2089b8a6c08e6b31822725c6854a6f0714a7","","","","0-5ee8967ae85603646f51fc6e035f9d1f257431dc63cf951e4c4485046a9d472e","root.record.ItemExhibitList.P5Item.CostElementCategoryList.Software.Recurring.CostElementList.CostElement"
"TBS","","TBS","","","","","","","","","2019-BASE_PROCUREMENT-2019-ARMY_OTHER_2-U_PROCUREMENT_JustificationBook_Army_PB_2019.zzz_unzipped-U_PROCUREMENT_JustificationBook_Army_PB_2019.xml","16460c7c27924b372086b35662e9cdf675b9a832b575627291fc52fa6c982e98","0-519b34b9d27c7992b650522c1f958096eb0eda04b832cd1c415d9feadac3dd46","","","","1-4b2c11dd4be85da1a14ddc337cdf4c89b286fcbbe4930ddf393c1ce4d6d23bdb","root.record.ItemExhibitList.P5Item.CostElementCategoryList.Software.Recurring.CostElementList.CostElement"
"Various SW Manufacturers","","Various","","","","","","","","","2019-BASE_PROCUREMENT-2019-ARMY_OTHER_2-U_PROCUREMENT_JustificationBook_Army_PB_2019.zzz_unzipped-U_PROCUREMENT_JustificationBook_Army_PB_2019.xml","76cd21f8f78640c01ef5294e9e647e06af1a0c62c081ebb0f1e92f8f63cfcac1","0-2025dce451423e9d82fb982a8c6107894b975d8bea6512fcfd0d697ab8a1bf94","","","","0-0f427703e8bf19d5854e4350298aff60eeec6c696b6736e6ae08a03349b83fdd","root.record.ItemExhibitList.P5Item.CostElementCategoryList.Software.Recurring.CostElementList.CostElement"
"Cole Engineering Services (P)","","Orlando","","","","","","","","","2019-BASE_PROCUREMENT-2019-ARMY_OTHER_3-4-U_PROCUREMENT_JustificationBook_Army_PB_2019.zzz_unzipped-U_PROCUREMENT_JustificationBook_Army_PB_2019.xml","1d0b02e6570e2975253fdf442e253fb3e971dcc6537280f554af05f8d7e873c0","0-0954bd903a7c1e3d342ab4133a0555a529d693f4c20e8aef3f6b74f537d41b97","","","","0-6872f241e4970bb19b3a7eb0c9af4d1fcdb94ac55ee2c688de13e97203f68b45","root.record.ItemExhibitList.P5Item.CostElementCategoryList.Software.Recurring.CostElementList.CostElement"
"Owl Computing Technologies","","DISA","","","","","","","","","2019-BASE_PROCUREMENT-2019-DEFENSE_DISA-U_PROCUREMENT_JustificationBook_Defense_Information_Systems_Agency_PB_2019.zzz_unzipped-U_PROCUREMENT_JustificationBook_Defense_Information_Systems_Agency_PB_2019.xml","b2c1971a64941246f3b5e5423528ff562562bd42f5fe86fae0c2bd1e884e93ba","0-ab6465b491d2d97199947972e69d9dba3a57af7d7e72edccf1b9da3f5cf90df2","","","","0-4d1d39f275b7a7f42d1465303045e4c3bc1c601f90e483e98193d41b61b5e010","root.record.ItemExhibitList.P5Item.CostElementCategoryList.Software.Recurring.CostElementList.CostElement"
"Carasoft","","NSA","","","","","","","","","2019-BASE_PROCUREMENT-2019-DEFENSE_DISA-U_PROCUREMENT_JustificationBook_Defense_Information_Systems_Agency_PB_2019.zzz_unzipped-U_PROCUREMENT_JustificationBook_Defense_Information_Systems_Agency_PB_2019.xml","b2c1971a64941246f3b5e5423528ff562562bd42f5fe86fae0c2bd1e884e93ba","0-440781d5bf0a2d73611450241755581255a8befc9099c8f44c67ff5d33086a58","","","","1-3ba0d46dded0311ed0db036ab669aee8c8ea60cc3df0172a8203f585907d358f","root.record.ItemExhibitList.P5Item.CostElementCategoryList.Software.Recurring.CostElementList.CostElement"
"TBD","","DISA","","","","","","","","","2019-BASE_PROCUREMENT-2019-DEFENSE_DISA-U_PROCUREMENT_JustificationBook_Defense_Information_Systems_Agency_PB_2019.zzz_unzipped-U_PROCUREMENT_JustificationBook_Defense_Information_Systems_Agency_PB_2019.xml","b2c1971a64941246f3b5e5423528ff562562bd42f5fe86fae0c2bd1e884e93ba","1-08036b66ad438c57f9f810ad841ece5dc825334134b2c266f6f53ad7ee4ae016","","","","1-3ba0d46dded0311ed0db036ab669aee8c8ea60cc3df0172a8203f585907d358f","root.record.ItemExhibitList.P5Item.CostElementCategoryList.Software.Recurring.CostElementList.CostElement"
"Four LLC","","DISA","","","","","","","","","2019-BASE_PROCUREMENT-2019-DEFENSE_DISA-U_PROCUREMENT_JustificationBook_Defense_Information_Systems_Agency_PB_2019.zzz_unzipped-U_PROCUREMENT_JustificationBook_Defense_Information_Systems_Agency_PB_2019.xml","b2c1971a64941246f3b5e5423528ff562562bd42f5fe86fae0c2bd1e884e93ba","2-4d4590aac3271f069105a8f1c0a89bc249f065b3c71377903a5bac0a104e8c8e","","","","1-3ba0d46dded0311ed0db036ab669aee8c8ea60cc3df0172a8203f585907d358f","root.record.ItemExhibitList.P5Item.CostElementCategoryList.Software.Recurring.CostElementList.CostElement"
"Owl Computing Technologies","","DISA","","","","","","","","","2019-BASE_PROCUREMENT-2019-DEFENSE_DISA-U_PROCUREMENT_JustificationBook_Defense_Information_Systems_Agency_PB_2019.zzz_unzipped-U_PROCUREMENT_JustificationBook_Defense_Information_Systems_Agency_PB_2019.xml","b2c1971a64941246f3b5e5423528ff562562bd42f5fe86fae0c2bd1e884e93ba","3-3e00577ec6e65f1db47e9f5c9af18ac36e16d224aa50ae4034c203651279fec4","","","","1-3ba0d46dded0311ed0db036ab669aee8c8ea60cc3df0172a8203f585907d358f","root.record.ItemExhibitList.P5Item.CostElementCategoryList.Software.Recurring.CostElementList.CostElement"
"TechTrend","","Arlington","","","","","","","","","2019-BASE_PROCUREMENT-2019-DEFENSE_DISA-U_PROCUREMENT_JustificationBook_Defense_Information_Systems_Agency_PB_2019.zzz_unzipped-U_PROCUREMENT_JustificationBook_Defense_Information_Systems_Agency_PB_2019.xml","b2c1971a64941246f3b5e5423528ff562562bd42f5fe86fae0c2bd1e884e93ba","0-4aa620522efb9c5d1b89f3a3dd8fb85d3abf3fbb2a4eb2b44ea14f22e3e489a3","","","","2-5c8376245fc17523395eaabf5cddb01fcc4b82f8c3a1245548abd1fc676feae3","root.record.ItemExhibitList.P5Item.CostElementCategoryList.Software.Recurring.CostElementList.CostElement"
"Owl Computing Technologies","","DISA","","","","","","","","","2019-BASE_PROCUREMENT-2019-DEFENSE_DISA-U_PROCUREMENT_MasterJustificationBook_Defense_Information_Systems_Agency_PB_2019.zzz_unzipped-U_PROCUREMENT_MasterJustificationBook_Defense_Information_Systems_Agency_PB_2019.xml","6578cd95c5a6c9235d7058df91d1cba0c7a02cf3b2df85029c70d2e40cc77cc5","0-57ecde1ec1faa327dd6cb2bcd1e0dc12b283cb5fab299957335cabab66b122c9","","","","0-577e3815bf7a4e6179a18f8fc3981376be63301c6e67b2fd2223af182bc47ed9","root.record.ItemExhibitList.P5Item.CostElementCategoryList.Software.Recurring.CostElementList.CostElement"
"Carasoft","","NSA","","","","","","","","","2019-BASE_PROCUREMENT-2019-DEFENSE_DISA-U_PROCUREMENT_MasterJustificationBook_Defense_Information_Systems_Agency_PB_2019.zzz_unzipped-U_PROCUREMENT_MasterJustificationBook_Defense_Information_Systems_Agency_PB_2019.xml","6578cd95c5a6c9235d7058df91d1cba0c7a02cf3b2df85029c70d2e40cc77cc5","0-b142b86edef4cce6d49e124a2ad83c592850cf4c0028aa7319a3d1cc0fe00f94","","","","1-1d1dbb0bdcd9b84e2b349eb8e7644afcbc111aba2a184c40f8fce848cc0f4b89","root.record.ItemExhibitList.P5Item.CostElementCategoryList.Software.Recurring.CostElementList.CostElement"
"TBD","","DISA","","","","","","","","","2019-BASE_PROCUREMENT-2019-DEFENSE_DISA-U_PROCUREMENT_MasterJustificationBook_Defense_Information_Systems_Agency_PB_2019.zzz_unzipped-U_PROCUREMENT_MasterJustificationBook_Defense_Information_Systems_Agency_PB_2019.xml","6578cd95c5a6c9235d7058df91d1cba0c7a02cf3b2df85029c70d2e40cc77cc5","1-d5fcc4c0be262021611c247a71cc70565c8de88ef99b168ad12f525ff7e1ed10","","","","1-1d1dbb0bdcd9b84e2b349eb8e7644afcbc111aba2a184c40f8fce848cc0f4b89","root.record.ItemExhibitList.P5Item.CostElementCategoryList.Software.Recurring.CostElementList.CostElement"
"Four LLC","","DISA","","","","","","","","","2019-BASE_PROCUREMENT-2019-DEFENSE_DISA-U_PROCUREMENT_MasterJustificationBook_Defense_Information_Systems_Agency_PB_2019.zzz_unzipped-U_PROCUREMENT_MasterJustificationBook_Defense_Information_Systems_Agency_PB_2019.xml","6578cd95c5a6c9235d7058df91d1cba0c7a02cf3b2df85029c70d2e40cc77cc5","2-8405839cc657a0878cd997d10700ff30e4dfef8248debf1cf71fb5700bd53ce1","","","","1-1d1dbb0bdcd9b84e2b349eb8e7644afcbc111aba2a184c40f8fce848cc0f4b89","root.record.ItemExhibitList.P5Item.CostElementCategoryList.Software.Recurring.CostElementList.CostElement"
"Owl Computing Technologies","","DISA","","","","","","","","","2019-BASE_PROCUREMENT-2019-DEFENSE_DISA-U_PROCUREMENT_MasterJustificationBook_Defense_Information_Systems_Agency_PB_2019.zzz_unzipped-U_PROCUREMENT_MasterJustificationBook_Defense_Information_Systems_Agency_PB_2019.xml","6578cd95c5a6c9235d7058df91d1cba0c7a02cf3b2df85029c70d2e40cc77cc5","3-7e75ba508ded1476b4928379d27408556b0dac2d7c6f6dea72a8d23537c1f21a","","","","1-1d1dbb0bdcd9b84e2b349eb8e7644afcbc111aba2a184c40f8fce848cc0f4b89","root.record.ItemExhibitList.P5Item.CostElementCategoryList.Software.Recurring.CostElementList.CostElement"
"TechTrend","","Arlington","","","","","","","","","2019-BASE_PROCUREMENT-2019-DEFENSE_DISA-U_PROCUREMENT_MasterJustificationBook_Defense_Information_Systems_Agency_PB_2019.zzz_unzipped-U_PROCUREMENT_MasterJustificationBook_Defense_Information_Systems_Agency_PB_2019.xml","6578cd95c5a6c9235d7058df91d1cba0c7a02cf3b2df85029c70d2e40cc77cc5","0-8ab6b90de0db085b53ab8ef33b67abb3f72151830f5d2a8f2bf69e57e603ec34","","","","2-85000f0b2b276a28ca64ae7d4faca170930bedfd67ffae84b943e62c120238e1","root.record.ItemExhibitList.P5Item.CostElementCategoryList.Software.Recurring.CostElementList.CostElement"
"Owl Computing Technologies","","DISA","","","","","","","","","2019-BASE_PROCUREMENT-2019-DEFENSE_VOL1_ALL-U_PROCUREMENT_MasterJustificationBook_Defense-Wide_PB_2019.zzz_unzipped-U_PROCUREMENT_MasterJustificationBook_Defense-Wide_PB_2019.xml","436736dc46b53a54d8445dab329a31c86841ea66157bd631cb3659489f532a77","0-72a4f209962627aef8bd87557ad5006e91423e481189de3a40c0d1ab64724235","","","","0-ae82a9b7d6a9dbef2c05c838f92b8e13454ee577c9dad493e263a883eca3e0a2","root.record.ItemExhibitList.P5Item.CostElementCategoryList.Software.Recurring.CostElementList.CostElement"
"Carasoft","","NSA","","","","","","","","","2019-BASE_PROCUREMENT-2019-DEFENSE_VOL1_ALL-U_PROCUREMENT_MasterJustificationBook_Defense-Wide_PB_2019.zzz_unzipped-U_PROCUREMENT_MasterJustificationBook_Defense-Wide_PB_2019.xml","436736dc46b53a54d8445dab329a31c86841ea66157bd631cb3659489f532a77","0-394284c7baed08535698cb6828ca664441eeb754420bed11f77263cc2ff4a01f","","","","1-4bc23a4e652444c06ec7d5766aa082be450f0e516cbd76c332c0b6848e96bb94","root.record.ItemExhibitList.P5Item.CostElementCategoryList.Software.Recurring.CostElementList.CostElement"
"TBD","","DISA","","","","","","","","","2019-BASE_PROCUREMENT-2019-DEFENSE_VOL1_ALL-U_PROCUREMENT_MasterJustificationBook_Defense-Wide_PB_2019.zzz_unzipped-U_PROCUREMENT_MasterJustificationBook_Defense-Wide_PB_2019.xml","436736dc46b53a54d8445dab329a31c86841ea66157bd631cb3659489f532a77","1-744bd7b90c0035cc15c6ffb478673ceccf1041fe086cb92bfeb3dfc0ee557771","","","","1-4bc23a4e652444c06ec7d5766aa082be450f0e516cbd76c332c0b6848e96bb94","root.record.ItemExhibitList.P5Item.CostElementCategoryList.Software.Recurring.CostElementList.CostElement"
"Four LLC","","DISA","","","","","","","","","2019-BASE_PROCUREMENT-2019-DEFENSE_VOL1_ALL-U_PROCUREMENT_MasterJustificationBook_Defense-Wide_PB_2019.zzz_unzipped-U_PROCUREMENT_MasterJustificationBook_Defense-Wide_PB_2019.xml","436736dc46b53a54d8445dab329a31c86841ea66157bd631cb3659489f532a77","2-88ee766bd3d790b0c0ee90d12a5a95c5b5990f4a1fc01778a0a3f30875c8eaa9","","","","1-4bc23a4e652444c06ec7d5766aa082be450f0e516cbd76c332c0b6848e96bb94","root.record.ItemExhibitList.P5Item.CostElementCategoryList.Software.Recurring.CostElementList.CostElement"
"Owl Computing Technologies","","DISA","","","","","","","","","2019-BASE_PROCUREMENT-2019-DEFENSE_VOL1_ALL-U_PROCUREMENT_MasterJustificationBook_Defense-Wide_PB_2019.zzz_unzipped-U_PROCUREMENT_MasterJustificationBook_Defense-Wide_PB_2019.xml","436736dc46b53a54d8445dab329a31c86841ea66157bd631cb3659489f532a77","3-fb0aefd300bbb9fcc11c534305df05818bf22a0c41d98745afb27fa127afb9c6","","","","1-4bc23a4e652444c06ec7d5766aa082be450f0e516cbd76c332c0b6848e96bb94","root.record.ItemExhibitList.P5Item.CostElementCategoryList.Software.Recurring.CostElementList.CostElement"
"TechTrend","","Arlington","","","","","","","","","2019-BASE_PROCUREMENT-2019-DEFENSE_VOL1_ALL-U_PROCUREMENT_MasterJustificationBook_Defense-Wide_PB_2019.zzz_unzipped-U_PROCUREMENT_MasterJustificationBook_Defense-Wide_PB_2019.xml","436736dc46b53a54d8445dab329a31c86841ea66157bd631cb3659489f532a77","0-f5b3d7e5ca93b00ba2ff6f6bf5de5ec57cb5a8f5d6f21a7fdbe496f4ad7433a2","","","","2-9b4a1774c3a0c3d4e42a694fd3ddc24f70fbace552d92ba024e82948c5ac4b09","root.record.ItemExhibitList.P5Item.CostElementCategoryList.Software.Recurring.CostElementList.CostElement"
"Lockheed Martin","","Moorestown, N.J.","0","0","0","0","0","0","0","0","2019-BASE_PROCUREMENT-2019-DEFENSE_MDA_VOL2-U_PROCUREMENT_JustificationBook_Missile_Defense_Agency_PB_2019.zzz_unzipped-U_PROCUREMENT_JustificationBook_Missile_Defense_Agency_PB_2019.xml","568f548e819829b5205b06245c99d48b9002f708e64d476785be99123517dea9","0-3f96612933d5768d13954478951cd43c714fe4e663d5f2a570f0a15dbf2de9f4","1.00","4.00","1.00","0-047fee214356661e091769bca4778e8d6091335bcff25ffe46982daf4f17131b","root.record.ItemExhibitList.P5Item.CostElementCategoryList.Software.Recurring.CostElementList.CostElement"
"Lockheed Martin","","Moorestown, N.J.","0","0","0","0","0","0","0","0","2019-BASE_PROCUREMENT-2019-DEFENSE_MDA_VOL2-U_PROCUREMENT_MasterJustificationBook_Missile_Defense_Agency_PB_2019.zzz_unzipped-U_PROCUREMENT_MasterJustificationBook_Missile_Defense_Agency_PB_2019.xml","3a41a1803fb3037bb8ed95019778694c84e8bb76559ae5c01da1664b202c5952","0-0eee4966307c197bb83dff0e1abd7a33c336a65c77b2f71b4813e1d000dd977b","1.00","4.00","1.00","0-42f4bdec7e5a6f33403623c3a76df627f9ba2a51494135dea89b9745f18224bf","root.record.ItemExhibitList.P5Item.CostElementCategoryList.Software.Recurring.CostElementList.CostElement"
"TBD","","TBD","","","","","","","","","2020-BASE_PROCUREMENT-2020-ARMY_OTHER_2-U_PROCUREMENT_JustificationBook_Army_PB_2020.zzz_unzipped-U_PROCUREMENT_JustificationBook_Army_PB_2020.xml","2492f83e14ae82bb7a4dbb530531755ba3e2daba5a842a81f1ef1b583a0fca12","0-0b77de9d24db45669609478871ac6cc71e1bcf9d71cec0febdc3357d0368aed3","","","","0-00fd6eabfec5a74d324400f20db8a6ea5757c94b05814541e058caa3601e665c","root.record.ItemExhibitList.P5Item.CostElementCategoryList.Software.Recurring.CostElementList.CostElement"
"TBS","","TBS","","","","","","","","","2020-BASE_PROCUREMENT-2020-ARMY_OTHER_2-U_PROCUREMENT_JustificationBook_Army_PB_2020.zzz_unzipped-U_PROCUREMENT_JustificationBook_Army_PB_2020.xml","b88d7323f0c39487e5559446b30366f2a4b0cc7b20a8d7e248026f47c8d027bd","0-7c0ecfe6cecab9a05d8a792e876a2a6efe528d4a33823c6cb65d563843814a79","","","","1-b34e123b4fa7bc4a78bdb5e92c03ce941af64e0b4aa6f6c8e6e61326fa5e67b4","root.record.ItemExhibitList.P5Item.CostElementCategoryList.Software.Recurring.CostElementList.CostElement"
"TBS","","TBS","","","","","","","","","2020-BASE_PROCUREMENT-2020-ARMY_OTHER_2-U_PROCUREMENT_JustificationBook_Army_PB_2020.zzz_unzipped-U_PROCUREMENT_JustificationBook_Army_PB_2020.xml","b88d7323f0c39487e5559446b30366f2a4b0cc7b20a8d7e248026f47c8d027bd","0-f0f677bd263b7207394dd8ae416210c4be24fdf1fc6a18763b78c7ff8a6bd4c6","","","","0-a0e471aea64c4b1b2c840e25c1aa64b149456d799721e4c6b43b24d0514ea12b","root.record.ItemExhibitList.P5Item.CostElementCategoryList.Software.Recurring.CostElementList.CostElement"
"Various SW Manufacturers","","Various","","","","","","","","","2020-BASE_PROCUREMENT-2020-ARMY_OTHER_2-U_PROCUREMENT_JustificationBook_Army_PB_2020.zzz_unzipped-U_PROCUREMENT_JustificationBook_Army_PB_2020.xml","51236519ecb09c8b6ba737c7b761a5796e49ba02390051435c0a6b218da0ee54","0-aac91a71c48ff1c516f9baba50269086ff5eb62ad6bffc5ff57db137e70d2c0d","","","","0-f48b3c490a51eb0aaeb621207a6287d1780f5997f6063c4945cfcf09d9b7a160","root.record.ItemExhibitList.P5Item.CostElementCategoryList.Software.Recurring.CostElementList.CostElement"
"Cole Engineering Services (P)","","Orlando","","","","","","","","","2020-BASE_PROCUREMENT-2020-ARMY_OTHER_3-4-U_PROCUREMENT_JustificationBook_Army_PB_2020.zzz_unzipped-U_PROCUREMENT_JustificationBook_Army_PB_2020.xml","75d6b5f9a3714a351adfe57397475b1716c9ab36d18146dce8d31a64a25ee33b","0-5621bcb3a471cbd23a16971cc075451249ecfe18fad2840fbcd56bd0d50cc632","","","","0-ec456b8c092f35cd7668a6505c5f36864c648318c1c8ef772a05c081b0ddaf5e","root.record.ItemExhibitList.P5Item.CostElementCategoryList.Software.Recurring.CostElementList.CostElement"
"Lockheed Martin","","Moorestown, N.J.","0","0","0","0","0","0","0","0","2020-BASE_PROCUREMENT-2020-DEFENSE_MDA_VOL2-U_PROCUREMENT_JustificationBook_Missile_Defense_Agency_PB_2020.zzz_unzipped-U_PROCUREMENT_JustificationBook_Missile_Defense_Agency_PB_2020.xml","1edd7d06c1a5b5d118e1ea68939509603cebaea49d05f047d35d1435d180edf5","0-d2df930d0199f1350ce64bc61e70717c0ab373f8eb966394dbb75b3570697dc3","1.00","4.00","1.00","0-29fbcfb62e5a45b09686e84e25cacda43109a4bfbda095efdfb1be0fda7b2124","root.record.ItemExhibitList.P5Item.CostElementCategoryList.Software.Recurring.CostElementList.CostElement"
"Lockheed Martin","","Moorestown, N.J.","0","0","0","0","0","0","0","0","2020-BASE_PROCUREMENT-2020-DEFENSE_MDA_VOL2-U_PROCUREMENT_JustificationBook_Missile_Defense_Agency_PB_2020.zzz_unzipped-U_PROCUREMENT_JustificationBook_Missile_Defense_Agency_PB_2020.xml","1edd7d06c1a5b5d118e1ea68939509603cebaea49d05f047d35d1435d180edf5","1-13bca330abe8ede0d8ac0de02f984755206aca2bf651de0621f5cd4b42ec9d2f","1.00","8.00","1.00","0-29fbcfb62e5a45b09686e84e25cacda43109a4bfbda095efdfb1be0fda7b2124","root.record.ItemExhibitList.P5Item.CostElementCategoryList.Software.Recurring.CostElementList.CostElement"
"Lockheed Martin","","Moorestown, N.J.","0","0","0","0","0","0","0","0","2020-BASE_PROCUREMENT-2020-DEFENSE_MDA_VOL2-U_PROCUREMENT_MasterJustificationBook_Missile_Defense_Agency_PB_2020.zzz_unzipped-U_PROCUREMENT_MasterJustificationBook_Missile_Defense_Agency_PB_2020.xml","b2983f9844c9cb3db4e8232e934f8102a93cca0f16cff5af771498996690520b","0-6489cc60e65dc5dcb7612d222a975b9e05fc61701974330747e07e9408249216","1.00","4.00","1.00","0-8fbe9ad42b722b57a9297909822709f7fff8b6e107b6c64fc2093b534605a693","root.record.ItemExhibitList.P5Item.CostElementCategoryList.Software.Recurring.CostElementList.CostElement"
"Lockheed Martin","","Moorestown, N.J.","0","0","0","0","0","0","0","0","2020-BASE_PROCUREMENT-2020-DEFENSE_MDA_VOL2-U_PROCUREMENT_MasterJustificationBook_Missile_Defense_Agency_PB_2020.zzz_unzipped-U_PROCUREMENT_MasterJustificationBook_Missile_Defense_Agency_PB_2020.xml","b2983f9844c9cb3db4e8232e934f8102a93cca0f16cff5af771498996690520b","1-7f022fd8a9b9d3827638447803368840af678f82fdc6187064ebb09b43b9e266","1.00","8.00","1.00","0-8fbe9ad42b722b57a9297909822709f7fff8b6e107b6c64fc2093b534605a693","root.record.ItemExhibitList.P5Item.CostElementCategoryList.Software.Recurring.CostElementList.CostElement"
