Name_val,Name_@footnote,Location_val,InitialQuantity_AdminLeadTimeBeforeOct1InMonths_val,InitialQuantity_AdminLeadTimeAfterOct1InMonths_val,InitialQuantity_ProductionLeadTimeAfterOct1InMonths_val,InitialQuantity_TotalLeadTimeAfterOct1InMonths_val,ReorderQuantity_AdminLeadTimeBeforeOct1InMonths_val,ReorderQuantity_AdminLeadTimeAfterOct1InMonths_val,ReorderQuantity_ProductionLeadTimeAfterOct1InMonths_val,ReorderQuantity_TotalLeadTimeAfterOct1InMonths_val,@SOURCE_FILENAME,@RECORDID,@ROWID,MinimumSustainingRate_val,MaximumProductionRate_val,Rate185_val,@PARENTROWID,@PARENT
"TBS","","TBS","0","0","0","0","0","0","0","0","2013-BASE_PROCUREMENT-2013-ARMY_OTHER_2-JustificationBook_Army_PB_2013.zzz_unzipped-JustificationBook_Army_PB_2013.xml","72202fbc686aa20f8ea0ad38b75e2ffc5e13a3c32146dd2ace23e064232dfed4","0-9a9a71843f7afa6dc4e1dd90d34a5bb115f192f2c80608428679356db1a011cd","","","","0-036c68b24642bf820afcc6a17be753b45774d215c39f91f9c4e81ded487eda47","root.record.ItemExhibitList.P5Item.CostElementCategoryList.Software.Recurring.CostElementList.CostElement"
"TBS","","TBS","0","0","0","0","0","0","0","0","2013-BASE_PROCUREMENT-2013-ARMY_OTHER_2-JustificationBook_Army_PB_2013.zzz_unzipped-JustificationBook_Army_PB_2013.xml","72202fbc686aa20f8ea0ad38b75e2ffc5e13a3c32146dd2ace23e064232dfed4","0-f0788226648de07ff1dc8e8ca8d596f1a91a4e28113c867148e18238c8cf2e98","","","","0-d00aec356460c217d3af60786dd012445776dcff3bd2f50077d804945bbc2823","root.record.ItemExhibitList.P5Item.CostElementCategoryList.Software.Recurring.CostElementList.CostElement"
"Snap, Inc.","","Chantilly, VA","0","0","0","0","0","0","0","0","2013-BASE_PROCUREMENT-2013-ARMY_OTHER_2-JustificationBook_Army_PB_2013.zzz_unzipped-JustificationBook_Army_PB_2013.xml","72202fbc686aa20f8ea0ad38b75e2ffc5e13a3c32146dd2ace23e064232dfed4","0-bd1f66abb7bd25c562ab4ffd0aec673340768a9a0cdd3671738ff19774a1ebe2","","","","1-01eb24bdc1c9c56bc0f3c2f9a570de6081a7d0f9fcf9dd6eb566f28bb345c98a","root.record.ItemExhibitList.P5Item.CostElementCategoryList.Software.Recurring.CostElementList.CostElement"
"TBS","","TBS","0","0","0","0","0","0","0","0","2013-BASE_PROCUREMENT-2013-ARMY_OTHER_2-JustificationBook_Army_PB_2013.zzz_unzipped-JustificationBook_Army_PB_2013.xml","72202fbc686aa20f8ea0ad38b75e2ffc5e13a3c32146dd2ace23e064232dfed4","1-f3e1bb9cf9fee941b3d4cd523ee8e3d60f9ac4965313ef4ffbffed1a3ff92ee0","","","","1-01eb24bdc1c9c56bc0f3c2f9a570de6081a7d0f9fcf9dd6eb566f28bb345c98a","root.record.ItemExhibitList.P5Item.CostElementCategoryList.Software.Recurring.CostElementList.CostElement"
"Northrop Grumman","","Winter Park, FL","0","12","6","18","0","3","2","5","2013-BASE_PROCUREMENT-2013-DEFENSE_CBDP-JustificationBook_Chemical_and_Biological_Defense_Program_PB_2013.zzz_unzipped-JustificationBook_Chemical_and_Biological_Defense_Program_PB_2013.xml","44176a3b5f929933fa29f988a86df488aaa195b200a378d544132404a2eeb5bb","0-595954e4b136e9f8076e62f859ab08a01b5848c22b070c48a3b46faa07900b5a","1","500","8","1-0f242e66c04540c5afd9e573784a1c00379d134910c5c6cc6a1fe30c25714dc3","root.record.ItemExhibitList.P5Item.CostElementCategoryList.Software.Recurring.CostElementList.CostElement"
"Northrop Grumman DMS","","Reston, VA","0","4","3","7","0","5","2","7","2013-BASE_PROCUREMENT-2013-DEFENSE_CBDP-JustificationBook_Chemical_and_Biological_Defense_Program_PB_2013.zzz_unzipped-JustificationBook_Chemical_and_Biological_Defense_Program_PB_2013.xml","44176a3b5f929933fa29f988a86df488aaa195b200a378d544132404a2eeb5bb","0-40ce7937a9b7ac9d276be52e7cfcab8da738be35ba36198dbc920ef943475a2d","260","3000","400","1-8fea3f84354623af87f58cb4b735032bc6fd96534559d3cb0ef593041abfda73","root.record.ItemExhibitList.P5Item.CostElementCategoryList.Software.Recurring.CostElementList.CostElement"
"Northrop Grumman","","Winter Park, FL","0","12","6","18","0","3","2","5","2013-BASE_PROCUREMENT-2013-DEFENSE_VOL1-MasterJustificationBook_Defense-Wide_PB_2013.zzz_unzipped-MasterJustificationBook_Defense-Wide_PB_2013.xml","c77d5f438539d7acd66e0d53502dbd64712600bc7cbf03a534e487a823f9d240","0-e94c7821e45d6efab4cb5f08b8ac52d15ed1b1ceb046cafc31501213a28b870b","1","500","8","1-32a3eeac0d8661cc98a19d0bc43f2bf3a06cb2e66c50bfb60ac925a3614e3a8b","root.record.ItemExhibitList.P5Item.CostElementCategoryList.Software.Recurring.CostElementList.CostElement"
"Northrop Grumman DMS","","Reston, VA","0","4","3","7","0","5","2","7","2013-BASE_PROCUREMENT-2013-DEFENSE_VOL1-MasterJustificationBook_Defense-Wide_PB_2013.zzz_unzipped-MasterJustificationBook_Defense-Wide_PB_2013.xml","c77d5f438539d7acd66e0d53502dbd64712600bc7cbf03a534e487a823f9d240","0-d1e370d89cb3719959241b410302a2e9b4c48fea5036092f01f0730d9fb10a5f","260","3000","400","1-dace33232f9a64658652158dbd9aab6fbdb82fa19d2138c71c9352d588b41d5c","root.record.ItemExhibitList.P5Item.CostElementCategoryList.Software.Recurring.CostElementList.CostElement"
"TBD","","TBD","","","","","","","","","2013-BASE_PROCUREMENT-2013-DEFENSE_DISA-JustificationBook_Defense_Information_Systems_Agency_PB_2013.zzz_unzipped-JustificationBook_Defense_Information_Systems_Agency_PB_2013.xml","4f136af9604a19eccf2aed314e0a49529cae5359dd0e78898fd8b792cabe77d8","0-c1b8df760c7d8a4ee1cf554b4ebfe7b62fed16749c6d6ff4736d2a1a33e57ba6","","","","0-c58b5619297bfe9d0f916be6c2d089efe01b8010b1bd05fd7f21277b9bfc1a22","root.record.ItemExhibitList.P5Item.CostElementCategoryList.Software.Recurring.CostElementList.CostElement"
"TBD","","TBD","","","","","","","","","2013-BASE_PROCUREMENT-2013-DEFENSE_DISA-JustificationBook_Defense_Information_Systems_Agency_PB_2013.zzz_unzipped-JustificationBook_Defense_Information_Systems_Agency_PB_2013.xml","4f136af9604a19eccf2aed314e0a49529cae5359dd0e78898fd8b792cabe77d8","0-96ec850ae7ebfb9cc3f98f50235978b4595b2cd3869d9d24baa4365d1f8c1017","","","","1-f4959369f8056e58e3babaf60efd8e6a5c3e28114b477a3ef48cdbc1c8e8a422","root.record.ItemExhibitList.P5Item.CostElementCategoryList.Software.Recurring.CostElementList.CostElement"
"Carasoft Technologies","","VA","","","","","","","","","2013-BASE_PROCUREMENT-2013-DEFENSE_DISA-JustificationBook_Defense_Information_Systems_Agency_PB_2013.zzz_unzipped-JustificationBook_Defense_Information_Systems_Agency_PB_2013.xml","bc2e2132c6fc88dd4688bd517d0e2f252647d32ef747627a868d8796afb0eee5","0-3329110bba520874c0e04a65af72b172a199cf5bc5a76fad505506c1d5482b29","","","","0-9eeb372c616fc77d09de47eb2ee9ffdb5d9d382aa8f87d16ae0e79550b49a38d","root.record.ItemExhibitList.P5Item.CostElementCategoryList.Software.Recurring.CostElementList.CostElement"
"Pepperweed Consulting","","PA","","","","","","","","","2013-BASE_PROCUREMENT-2013-DEFENSE_DISA-JustificationBook_Defense_Information_Systems_Agency_PB_2013.zzz_unzipped-JustificationBook_Defense_Information_Systems_Agency_PB_2013.xml","bc2e2132c6fc88dd4688bd517d0e2f252647d32ef747627a868d8796afb0eee5","0-43f435bb69e5bac1dd047fb46f9a2fc219487006e197facc4f68d5fdf6a7d936","","","","1-2d0345370425eb30d45c9a0b2147e07d15b725aa2a349298a4d49f8f99171a5e","root.record.ItemExhibitList.P5Item.CostElementCategoryList.Software.Recurring.CostElementList.CostElement"
"TBD","","TBD","","","","","","","","","2013-BASE_PROCUREMENT-2013-DEFENSE_DISA-JustificationBook_Defense_Information_Systems_Agency_PB_2013.zzz_unzipped-JustificationBook_Defense_Information_Systems_Agency_PB_2013.xml","bc2e2132c6fc88dd4688bd517d0e2f252647d32ef747627a868d8796afb0eee5","1-489a3ca70feb29d48d8771c522bf8ccd5ea0d3b880cc3c376c33f8b0efbb72dc","","","","1-2d0345370425eb30d45c9a0b2147e07d15b725aa2a349298a4d49f8f99171a5e","root.record.ItemExhibitList.P5Item.CostElementCategoryList.Software.Recurring.CostElementList.CostElement"
"Mythics, Inc.","","VA","","","","","","","","","2013-BASE_PROCUREMENT-2013-DEFENSE_DISA-JustificationBook_Defense_Information_Systems_Agency_PB_2013.zzz_unzipped-JustificationBook_Defense_Information_Systems_Agency_PB_2013.xml","bc2e2132c6fc88dd4688bd517d0e2f252647d32ef747627a868d8796afb0eee5","0-6bd4c843ce22003e1d902cffa493e5b8173c0b76fcecd3510d07ca1c614f538f","","","","2-512b8f9c84e5d6abdd809efbe576e337fc2c26f6bcb1d20cec29b7c63dbf55d8","root.record.ItemExhibitList.P5Item.CostElementCategoryList.Software.Recurring.CostElementList.CostElement"
"Oracle, Inc","","CA","","","","","","","","","2013-BASE_PROCUREMENT-2013-DEFENSE_DISA-JustificationBook_Defense_Information_Systems_Agency_PB_2013.zzz_unzipped-JustificationBook_Defense_Information_Systems_Agency_PB_2013.xml","bc2e2132c6fc88dd4688bd517d0e2f252647d32ef747627a868d8796afb0eee5","0-98f2d9642dd82aed7f06eaf5c8b3d539ed1966521b7a39a2210270db04f55172","","","","3-1797e1fdb0918b8c6b824c062415d3374b8d999351006ed09b191952a9faf87d","root.record.ItemExhibitList.P5Item.CostElementCategoryList.Software.Recurring.CostElementList.CostElement"
"TBD","","TBD","","","","","","","","","2013-BASE_PROCUREMENT-2013-DEFENSE_DISA-JustificationBook_Defense_Information_Systems_Agency_PB_2013.zzz_unzipped-JustificationBook_Defense_Information_Systems_Agency_PB_2013.xml","bc2e2132c6fc88dd4688bd517d0e2f252647d32ef747627a868d8796afb0eee5","1-392e72ced5dca6753dd0f8ae60bc4c95cfd1d8466717951628fd8a3e3743bdbe","","","","3-1797e1fdb0918b8c6b824c062415d3374b8d999351006ed09b191952a9faf87d","root.record.ItemExhibitList.P5Item.CostElementCategoryList.Software.Recurring.CostElementList.CostElement"
"TBD","","TBD","","","","","","","","","2013-BASE_PROCUREMENT-2013-DEFENSE_DISA-JustificationBook_Defense_Information_Systems_Agency_PB_2013.zzz_unzipped-JustificationBook_Defense_Information_Systems_Agency_PB_2013.xml","bc2e2132c6fc88dd4688bd517d0e2f252647d32ef747627a868d8796afb0eee5","0-f1161f429f6f863daccd08e9122604f1623c28a016e2fc3045077b1a0fd55e7c","","","","4-32b014a252565e21631107aa3d613cc191990f2c33e5ce0b22043a966d701a93","root.record.ItemExhibitList.P5Item.CostElementCategoryList.Software.Recurring.CostElementList.CostElement"
"Various","","Various","","","","","","","","","2013-BASE_PROCUREMENT-2013-DEFENSE_DISA-JustificationBook_Defense_Information_Systems_Agency_PB_2013.zzz_unzipped-JustificationBook_Defense_Information_Systems_Agency_PB_2013.xml","0297ccfd24fded5b805952179fa1712f37845cc9d6dc6e3ea136e753f0fca5d3","0-e8edd05306924f032c8a92cfec0f760708819af0a9df8e31440087759d58be6e","","","","0-0761956c80b57e99410cd84e26c92134c1da733f0a2ac15de865fe648000881e","root.record.ItemExhibitList.P5Item.CostElementCategoryList.Software.Recurring.CostElementList.CostElement"
"TBD","","TBD","","","","","","","","","2013-BASE_PROCUREMENT-2013-DEFENSE_VOL1-MasterJustificationBook_Defense-Wide_PB_2013.zzz_unzipped-MasterJustificationBook_Defense-Wide_PB_2013.xml","54df1f0350e5881c2ca2500b8f4dde738ca994428e654f470ed773db61623571","0-a0c9e408f4c8166e1684deba5ff3511b35b405c5353ae1050ca3e4e942967c67","","","","0-c31a098d1de26bb88aefffbf116db05ab9464fdd4a56cd75d748d50e08ce20eb","root.record.ItemExhibitList.P5Item.CostElementCategoryList.Software.Recurring.CostElementList.CostElement"
"TBD","","TBD","","","","","","","","","2013-BASE_PROCUREMENT-2013-DEFENSE_VOL1-MasterJustificationBook_Defense-Wide_PB_2013.zzz_unzipped-MasterJustificationBook_Defense-Wide_PB_2013.xml","54df1f0350e5881c2ca2500b8f4dde738ca994428e654f470ed773db61623571","0-3dc88b13bbcccc199fc2f1920302fdfaa49b0240fd2e614f1c18eeea12ce253a","","","","1-951c7f80a7b1482024c4e22557d5c19b358c5f07fc1abb101024411deecd8376","root.record.ItemExhibitList.P5Item.CostElementCategoryList.Software.Recurring.CostElementList.CostElement"
"Carasoft Technologies","","VA","","","","","","","","","2013-BASE_PROCUREMENT-2013-DEFENSE_VOL1-MasterJustificationBook_Defense-Wide_PB_2013.zzz_unzipped-MasterJustificationBook_Defense-Wide_PB_2013.xml","b858c7d3b52be3a373661e54e8e9169205a16e926700c9d7839711c86954e8fe","0-04e10c09060900d7caed17072329a60513412e2f18fa8012d3a0973a47fd7db4","","","","0-1c3c4271c6a0ca8ff0ea06cde12af1bb10d50102f387e8cebfd252eceb3e5959","root.record.ItemExhibitList.P5Item.CostElementCategoryList.Software.Recurring.CostElementList.CostElement"
"Pepperweed Consulting","","PA","","","","","","","","","2013-BASE_PROCUREMENT-2013-DEFENSE_VOL1-MasterJustificationBook_Defense-Wide_PB_2013.zzz_unzipped-MasterJustificationBook_Defense-Wide_PB_2013.xml","b858c7d3b52be3a373661e54e8e9169205a16e926700c9d7839711c86954e8fe","0-48843a791a452fc59da70e65c38e0d42186ff3e32c6863a1a2764394641731c0","","","","1-aacc4a1f7bfe55e010837c09d86183a4845ceca0fb22ab843480a831bab89667","root.record.ItemExhibitList.P5Item.CostElementCategoryList.Software.Recurring.CostElementList.CostElement"
"TBD","","TBD","","","","","","","","","2013-BASE_PROCUREMENT-2013-DEFENSE_VOL1-MasterJustificationBook_Defense-Wide_PB_2013.zzz_unzipped-MasterJustificationBook_Defense-Wide_PB_2013.xml","b858c7d3b52be3a373661e54e8e9169205a16e926700c9d7839711c86954e8fe","1-83d69b103905fb88e02abb4fd2590fb3a5202fc858037fb47bfd45124fe66212","","","","1-aacc4a1f7bfe55e010837c09d86183a4845ceca0fb22ab843480a831bab89667","root.record.ItemExhibitList.P5Item.CostElementCategoryList.Software.Recurring.CostElementList.CostElement"
"Mythics, Inc.","","VA","","","","","","","","","2013-BASE_PROCUREMENT-2013-DEFENSE_VOL1-MasterJustificationBook_Defense-Wide_PB_2013.zzz_unzipped-MasterJustificationBook_Defense-Wide_PB_2013.xml","b858c7d3b52be3a373661e54e8e9169205a16e926700c9d7839711c86954e8fe","0-bcfbf650969d0e49369706a51759bdd4d2f9aedcd8e874697fd99ff1b3635750","","","","2-3d907dbf2141c19cca12fc29286be60b0471821599772084bda4153b1f87ac2d","root.record.ItemExhibitList.P5Item.CostElementCategoryList.Software.Recurring.CostElementList.CostElement"
"Oracle, Inc","","CA","","","","","","","","","2013-BASE_PROCUREMENT-2013-DEFENSE_VOL1-MasterJustificationBook_Defense-Wide_PB_2013.zzz_unzipped-MasterJustificationBook_Defense-Wide_PB_2013.xml","b858c7d3b52be3a373661e54e8e9169205a16e926700c9d7839711c86954e8fe","0-6438b6d19de26faa2d2c236951042eae87fb0502b206c3b843521b0099f091a3","","","","3-95145f7ebeca2a01eaf966eab4c12fe1f19d8eadac0e4daf0f7c8a698fc1a41a","root.record.ItemExhibitList.P5Item.CostElementCategoryList.Software.Recurring.CostElementList.CostElement"
"TBD","","TBD","","","","","","","","","2013-BASE_PROCUREMENT-2013-DEFENSE_VOL1-MasterJustificationBook_Defense-Wide_PB_2013.zzz_unzipped-MasterJustificationBook_Defense-Wide_PB_2013.xml","b858c7d3b52be3a373661e54e8e9169205a16e926700c9d7839711c86954e8fe","1-a5c8fc7cc270ed6e4e8d08131944dbbd77241bc86886369a0736b4d529e72714","","","","3-95145f7ebeca2a01eaf966eab4c12fe1f19d8eadac0e4daf0f7c8a698fc1a41a","root.record.ItemExhibitList.P5Item.CostElementCategoryList.Software.Recurring.CostElementList.CostElement"
"TBD","","TBD","","","","","","","","","2013-BASE_PROCUREMENT-2013-DEFENSE_VOL1-MasterJustificationBook_Defense-Wide_PB_2013.zzz_unzipped-MasterJustificationBook_Defense-Wide_PB_2013.xml","b858c7d3b52be3a373661e54e8e9169205a16e926700c9d7839711c86954e8fe","0-21d6c30c3a21e3edce5a872ea37eda31226b1ef3ae2a9297d421fa23924e29ab","","","","4-398fa0ca83bcdef93ea87113f5444acc4ee9c656ae98ca7fd88be75486522c96","root.record.ItemExhibitList.P5Item.CostElementCategoryList.Software.Recurring.CostElementList.CostElement"
"Various","","Various","","","","","","","","","2013-BASE_PROCUREMENT-2013-DEFENSE_VOL1-MasterJustificationBook_Defense-Wide_PB_2013.zzz_unzipped-MasterJustificationBook_Defense-Wide_PB_2013.xml","aafc7516c48ca0d1f534d9d236f4039d4ec372ca87afbae2cbc2ee4e032a03b7","0-554d847da11d25c5f241b19aa5da2ecafc4523b0537b81f4845467dd2b4dee20","","","","0-3b79dab111eb0fdd03cb9011bf13f4749c981990fefec73051f69cc1df13ac67","root.record.ItemExhibitList.P5Item.CostElementCategoryList.Software.Recurring.CostElementList.CostElement"
"HP","","USA","","","","","","","","","2013-BASE_PROCUREMENT-2013-DEFENSE_OSD-JustificationBook_Office_of_Secretary_Of_Defense_PB_2013.zzz_unzipped-JustificationBook_Office_of_Secretary_Of_Defense_PB_2013.xml","7feaa0c5a2d2cd30c53a6601fbb48f2b99e26bc7ded26efd03bd61687b9067b6","0-406e767d8678005dafa593bd54548076ce0966cec57b84dd4137e3383729da27","","","","0-5760c3e9c0eaf3d359cc52e020ebbf6363dbcbc1a732bcbe74b63589f9b71942","root.record.ItemExhibitList.P5Item.CostElementCategoryList.Software.Recurring.CostElementList.CostElement"
"HP","","USA","","","","","","","","","2013-BASE_PROCUREMENT-2013-DEFENSE_VOL1-MasterJustificationBook_Defense-Wide_PB_2013.zzz_unzipped-MasterJustificationBook_Defense-Wide_PB_2013.xml","c2d851a15b6ad0400b8712a837b478678d3d00d563ebb7e71a3e9b909d69b65a","0-a29329e9c34e3d2fde4072de778fcda284366de454dfd2b3f6c16224293cee03","","","","0-d48961dc256d719026853d7c8ca5e0e3b211a052c38bd7f3006d33a532f4a95e","root.record.ItemExhibitList.P5Item.CostElementCategoryList.Software.Recurring.CostElementList.CostElement"
"TBS","","TBS","0","0","0","0","0","0","0","0","2014-BASE_PROCUREMENT-2014-ARMY_OTHER_2-PROCUREMENT_JustificationBook_Army_PB_2014.zzz_unzipped-PROCUREMENT_JustificationBook_Army_PB_2014.xml","67071f71009ab11469c26da696e0ae2604f627ae46a7ffdcb7d3fa6a96a5fd24","0-17315676f04b4698e8e25ceae8215ec7bb97853ce18c90baacbf7afe699ed048","","","","0-b879e60a5d9630a5f8d0af0bbaae7e9b656c7c9bb20e7e8db89c9f004ef7f6ac","root.record.ItemExhibitList.P5Item.CostElementCategoryList.Software.Recurring.CostElementList.CostElement"
"TBS","","TBS","0","0","0","0","0","0","0","0","2014-BASE_PROCUREMENT-2014-ARMY_OTHER_2-PROCUREMENT_JustificationBook_Army_PB_2014.zzz_unzipped-PROCUREMENT_JustificationBook_Army_PB_2014.xml","67071f71009ab11469c26da696e0ae2604f627ae46a7ffdcb7d3fa6a96a5fd24","0-5c65c367e75e749f2a70a0f00933dbd2a1f78ee84de0770a213da003eaaa3a8d","","","","1-9c0970f77e11beadb71d88c45414863aefc69a121dbf9318bf227b4f00b33397","root.record.ItemExhibitList.P5Item.CostElementCategoryList.Software.Recurring.CostElementList.CostElement"
"TBS","","TBS","0","0","0","0","0","0","0","0","2014-BASE_PROCUREMENT-2014-ARMY_OTHER_2-PROCUREMENT_JustificationBook_Army_PB_2014.zzz_unzipped-PROCUREMENT_JustificationBook_Army_PB_2014.xml","67071f71009ab11469c26da696e0ae2604f627ae46a7ffdcb7d3fa6a96a5fd24","0-406b10ae3d8f5a8e2fddbade04e3bffd4467534371e28bad59f89cce8a5e3fc9","","","","0-8a147511363eef35991c197883a9a6208d4216644008743ab7434b0f1e600adb","root.record.ItemExhibitList.P5Item.CostElementCategoryList.Software.Recurring.CostElementList.CostElement"
"Northrop Grumman Corp.","","Winter Park, FL","0","12","6","18","0","3","2","5","2014-BASE_PROCUREMENT-2014-DEFENSE_CBDP-PROCUREMENT_JustificationBook_Chemical_and_Biological_Defense_Program_PB_2014.zzz_unzipped-PROCUREMENT_JustificationBook_Chemical_and_Biological_Defense_Program_PB_2014.xml","97d306f3e37f2906a5001bc7c82dbaa23baf8de90825e377097cc280fffa115b","0-b927c47d748adf746e895341d095370b5df5e69c10914df98769fbfd9d8945d6","1","1000","100","1-b143e73e4a4e4aaca2186f38ea9eaa506b12e5baea523ebddb5cc82cd8c3b7c1","root.record.ItemExhibitList.P5Item.CostElementCategoryList.Software.Recurring.CostElementList.CostElement"
"Northrop Grumman Corp","","Reston, VA","0","4","3","7","0","5","2","7","2014-BASE_PROCUREMENT-2014-DEFENSE_CBDP-PROCUREMENT_JustificationBook_Chemical_and_Biological_Defense_Program_PB_2014.zzz_unzipped-PROCUREMENT_JustificationBook_Chemical_and_Biological_Defense_Program_PB_2014.xml","97d306f3e37f2906a5001bc7c82dbaa23baf8de90825e377097cc280fffa115b","0-3fea5326b6c837288a7353eb0ff9247dd8d7e740e07dc79013c1e79dda48cd5b","260","3000","400","1-076da2b1ec33cdd9afc257f3af5f14421fb0ad55caae3496b44b68148d9beecc","root.record.ItemExhibitList.P5Item.CostElementCategoryList.Software.Recurring.CostElementList.CostElement"
"Northrop Grumman Corp.","","Winter Park, FL","0","12","6","18","0","3","2","5","2014-BASE_PROCUREMENT-2014-DEFENSE_VOL1-PROCUREMENT_MasterJustificationBook_Defense-Wide_PB_2014.zzz_unzipped-PROCUREMENT_MasterJustificationBook_Defense-Wide_PB_2014.xml","2dc8b319e28774b8158e551f3de9ff70b9908792cce30b426a07033c4ab4c58f","0-48b7784b1758c29088542fe7af1030a83101deb896f955c9954d8a973bf3a4c8","1","1000","100","1-66d2e78f19b4add34adc6a16ddb4c29468d5beb2fc17088de8c3c9fb35e69759","root.record.ItemExhibitList.P5Item.CostElementCategoryList.Software.Recurring.CostElementList.CostElement"
"Northrop Grumman Corp","","Reston, VA","0","4","3","7","0","5","2","7","2014-BASE_PROCUREMENT-2014-DEFENSE_VOL1-PROCUREMENT_MasterJustificationBook_Defense-Wide_PB_2014.zzz_unzipped-PROCUREMENT_MasterJustificationBook_Defense-Wide_PB_2014.xml","2dc8b319e28774b8158e551f3de9ff70b9908792cce30b426a07033c4ab4c58f","0-d60f06f6a857fae1dd56342bd63f44eac5599c89d6d735b2c96de88dcbb7128c","260","3000","400","1-4b82e680d12489f0db47dcce3119171846ffd91200c8c5f9c0f4d9fef1ec14e7","root.record.ItemExhibitList.P5Item.CostElementCategoryList.Software.Recurring.CostElementList.CostElement"
"Gov Convection","","Rockville, MD","","","","","","","","","2014-BASE_PROCUREMENT-2014-DEFENSE_DISA-PROCUREMENT_JustificationBook_Defense_Information_Systems_Agency_PB_2014.zzz_unzipped-PROCUREMENT_JustificationBook_Defense_Information_Systems_Agency_PB_2014.xml","77125eeabf0b887a1626b8dacfbe020b76bbd36452add05a77785eaccf89a0da","0-be1fd2394f9783e3e03d4530c483067dd0de1ecc68b39a7fb4f741166c4485c2","","","","0-872b0d7a425090cf53a02f9ec96c2845c7213d0db01ac67e95bf6e8897e7ff60","root.record.ItemExhibitList.P5Item.CostElementCategoryList.Software.Recurring.CostElementList.CostElement"
"Carasoft Technologies","","VA","","","","","","","","","2014-BASE_PROCUREMENT-2014-DEFENSE_DISA-PROCUREMENT_JustificationBook_Defense_Information_Systems_Agency_PB_2014.zzz_unzipped-PROCUREMENT_JustificationBook_Defense_Information_Systems_Agency_PB_2014.xml","77125eeabf0b887a1626b8dacfbe020b76bbd36452add05a77785eaccf89a0da","0-0e70db58380712931293a024fd34277dc1346e8ca78642ca320efc1f8c9dc5a7","","","","1-16cb1f29294cd6d07219b2731f0fff89cdde281758c83046cff529ac73cf16fd","root.record.ItemExhibitList.P5Item.CostElementCategoryList.Software.Recurring.CostElementList.CostElement"
"Pepperweed Consulting","","PA","","","","","","","","","2014-BASE_PROCUREMENT-2014-DEFENSE_DISA-PROCUREMENT_JustificationBook_Defense_Information_Systems_Agency_PB_2014.zzz_unzipped-PROCUREMENT_JustificationBook_Defense_Information_Systems_Agency_PB_2014.xml","685a13bef48b52a9bf99b5f4a7bbf0e77d1c38ce78a23ed935b18c05dcf3faa5","0-1c71b80c2539e3807aa5ca9e23fcab927f794505cb7500dd9676cda0cbe13f34","","","","1-dbbd44863e0e1a145140d19769c5f9178d5e93e9372467452271fdbc084187b1","root.record.ItemExhibitList.P5Item.CostElementCategoryList.Software.Recurring.CostElementList.CostElement"
"Oracle, Inc","","CA","","","","","","","","","2014-BASE_PROCUREMENT-2014-DEFENSE_DISA-PROCUREMENT_JustificationBook_Defense_Information_Systems_Agency_PB_2014.zzz_unzipped-PROCUREMENT_JustificationBook_Defense_Information_Systems_Agency_PB_2014.xml","685a13bef48b52a9bf99b5f4a7bbf0e77d1c38ce78a23ed935b18c05dcf3faa5","0-fd5a27ce3d2514a9d34ca66e392656c763a9b8c22d1a091b3b9ec0ed157b960f","","","","3-875e555ec4695526a6dde97ce3b00d93f18a1f783326588b37ac5f17d459b8a5","root.record.ItemExhibitList.P5Item.CostElementCategoryList.Software.Recurring.CostElementList.CostElement"
"Various","","Various","","","","","","","","","2014-BASE_PROCUREMENT-2014-DEFENSE_DISA-PROCUREMENT_JustificationBook_Defense_Information_Systems_Agency_PB_2014.zzz_unzipped-PROCUREMENT_JustificationBook_Defense_Information_Systems_Agency_PB_2014.xml","685a13bef48b52a9bf99b5f4a7bbf0e77d1c38ce78a23ed935b18c05dcf3faa5","0-5f581ae75abeab7840b901bfc01937c92c85164022296ec60844be660190506d","","","","4-7f19664293b2515ee110c54d65f30dfcb2ed35ddcb20382ab9f306ede85df51e","root.record.ItemExhibitList.P5Item.CostElementCategoryList.Software.Recurring.CostElementList.CostElement"
"Various","","Various","","","","","","","","","2014-BASE_PROCUREMENT-2014-DEFENSE_DISA-PROCUREMENT_JustificationBook_Defense_Information_Systems_Agency_PB_2014.zzz_unzipped-PROCUREMENT_JustificationBook_Defense_Information_Systems_Agency_PB_2014.xml","d37e2136395a57f4acec83ce33a4497ccc8e6c764d0f82782e0832af96f27a4c","0-628a1901079a99095025e6fb1816b0cdc3035d3b7caf7fc5ddf8df7e8df99f51","","","","0-e3b987fa47b5e8f1ed6b17210007425956bcf1a93c1078d628ffe7eb5b018bff","root.record.ItemExhibitList.P5Item.CostElementCategoryList.Software.Recurring.CostElementList.CostElement"
"Gov Convection","","Rockville, MD","","","","","","","","","2014-BASE_PROCUREMENT-2014-DEFENSE_VOL1-PROCUREMENT_MasterJustificationBook_Defense-Wide_PB_2014.zzz_unzipped-PROCUREMENT_MasterJustificationBook_Defense-Wide_PB_2014.xml","a2017977fe3e46438984e836b8f18b7d70a3825d93951ef002be1a0cf985b47b","0-9eac920dc164169255df0ac3c3704667c29df21bab4ae9c5ca985b31556cd112","","","","0-016283057e4956071101f7d5d8992502b184de97c0ced359550a6802c5d0c73d","root.record.ItemExhibitList.P5Item.CostElementCategoryList.Software.Recurring.CostElementList.CostElement"
"Carasoft Technologies","","VA","","","","","","","","","2014-BASE_PROCUREMENT-2014-DEFENSE_VOL1-PROCUREMENT_MasterJustificationBook_Defense-Wide_PB_2014.zzz_unzipped-PROCUREMENT_MasterJustificationBook_Defense-Wide_PB_2014.xml","a2017977fe3e46438984e836b8f18b7d70a3825d93951ef002be1a0cf985b47b","0-380a7197b18e7c743ff082caee914e798bf111f20628e98a4cb5450cc33b00a9","","","","1-94a34a2d14b558c0057c809e72bb353baa6636420858ac235b194048521a8903","root.record.ItemExhibitList.P5Item.CostElementCategoryList.Software.Recurring.CostElementList.CostElement"
"Pepperweed Consulting","","PA","","","","","","","","","2014-BASE_PROCUREMENT-2014-DEFENSE_VOL1-PROCUREMENT_MasterJustificationBook_Defense-Wide_PB_2014.zzz_unzipped-PROCUREMENT_MasterJustificationBook_Defense-Wide_PB_2014.xml","0ebdd01386ed24e94162dd363b0a6571f083674aa63f366d222460a4d79eac42","0-de7d3350d1c924a0abc07dcec01262ea91be162fc461e62be70f3474e364b19f","","","","1-1a4a48cb8b9c47070b472ac0b057b2462bd94ef80c5c734ad23d1a8f50da02fc","root.record.ItemExhibitList.P5Item.CostElementCategoryList.Software.Recurring.CostElementList.CostElement"
"Oracle, Inc","","CA","","","","","","","","","2014-BASE_PROCUREMENT-2014-DEFENSE_VOL1-PROCUREMENT_MasterJustificationBook_Defense-Wide_PB_2014.zzz_unzipped-PROCUREMENT_MasterJustificationBook_Defense-Wide_PB_2014.xml","0ebdd01386ed24e94162dd363b0a6571f083674aa63f366d222460a4d79eac42","0-991781068f724d6e901973a60ad17ea206d6659faddddd893c853820f5b92864","","","","3-2af242054b4b5e2238d35d11ef19037663a5b3bcb27e16ec54ca67c1d4811565","root.record.ItemExhibitList.P5Item.CostElementCategoryList.Software.Recurring.CostElementList.CostElement"
"Various","","Various","","","","","","","","","2014-BASE_PROCUREMENT-2014-DEFENSE_VOL1-PROCUREMENT_MasterJustificationBook_Defense-Wide_PB_2014.zzz_unzipped-PROCUREMENT_MasterJustificationBook_Defense-Wide_PB_2014.xml","0ebdd01386ed24e94162dd363b0a6571f083674aa63f366d222460a4d79eac42","0-ba27c4eb0581f5dcf65c2b9e252d7b13c7db40464b72078c73d7acdee2481fc9","","","","4-a494a97ea022f9951ac3191af895933f47bd1eb339624a4d83eaf3bb9a8a304d","root.record.ItemExhibitList.P5Item.CostElementCategoryList.Software.Recurring.CostElementList.CostElement"
"Various","","Various","","","","","","","","","2014-BASE_PROCUREMENT-2014-DEFENSE_VOL1-PROCUREMENT_MasterJustificationBook_Defense-Wide_PB_2014.zzz_unzipped-PROCUREMENT_MasterJustificationBook_Defense-Wide_PB_2014.xml","9b1519baeb79c62bd964bae6ba13ec7399e4f1359fb60a91ed6bebd6e8934f4d","0-877d09629c87f5e21b0d04d470c64ca2602292599b073d1de5856afa00d6b848","","","","0-858197c82f315505e7e61e3ca2b266926886b6dda82263a2c1264cd52bbd8be3","root.record.ItemExhibitList.P5Item.CostElementCategoryList.Software.Recurring.CostElementList.CostElement"
"Various","","Various","","","","","","","","","2014-AMENDED_PROCUREMENT_AND_RDTE-2014-DISA-PROCUREMENT_JustificationBook_Defense_Information_Systems_Agency_PBAmended_2014.zzz_unzipped-PROCUREMENT_JustificationBook_Defense_Information_Systems_Agency_PBAmended_2014.xml","7199ae9745cc675ebc4feb35c7260faf4a2c1245c21bf1a7e92f30ffa53e2dfe","0-2064a9e62d78e2d0c75af5ebfc4b80d5470a52e3dc7161a3663c2c1061a10c60","","","","0-a5c0dae4d5282a6f4f39fd1f407d137efe7c9689129f7da3edf49a8daaa227d8","root.record.ItemExhibitList.P5Item.CostElementCategoryList.Software.Recurring.CostElementList.CostElement"
"Various","","Various","","","","","","","","","2014-AMENDED_PROCUREMENT_AND_RDTE-2014-DISA-PROCUREMENT_MasterJustificationBook_Defense_Information_Systems_Agency_PBAmended_2014.zzz_unzipped-PROCUREMENT_MasterJustificationBook_Defense_Information_Systems_Agency_PBAmended_2014.xml","25893d3c638b4c3409bb25cce6095af8d35e4991e21be039080e1bbc54036464","0-043bb8eb9737d4f0e9f39db0539e5cdfc79e97db9c1f15a2480f074432fa42b4","","","","0-51019b872792353b27b3cd89854adad97923c17e1cc21c290e595ef358dbd578","root.record.ItemExhibitList.P5Item.CostElementCategoryList.Software.Recurring.CostElementList.CostElement"
"Various","","Various","","","","","","","","","2014-AMENDED_PROCUREMENT_AND_RDTE-2014-DEFENSE_MASTER_JBOOK-PROCUREMENT_MasterJustificationBook_Defense-Wide_PBAmended_2014.zzz_unzipped-PROCUREMENT_MasterJustificationBook_Defense-Wide_PBAmended_2014.xml","abee4c2c3678f5d15c0884f0faa8fa5235de42c33728bc140cba480579d0ff21","0-fa8fea47c79acf152ae8bbecc8671799701ff2377c4f5a8ebb8009149d844b53","","","","0-d4ee245d71662c3c9f85ae07fb88a12706aaa3ee89d0491ea7717c96cd8becfa","root.record.ItemExhibitList.P5Item.CostElementCategoryList.Software.Recurring.CostElementList.CostElement"
"HP","","USA","","","","","","","","","2014-BASE_PROCUREMENT-2014-DEFENSE_OSD-PROCUREMENT_JustificationBook_Office_of_Secretary_Of_Defense_PB_2014.zzz_unzipped-PROCUREMENT_JustificationBook_Office_of_Secretary_Of_Defense_PB_2014.xml","d3bab9a27ba468cc169b801bf3c75574348c9c2b50160967c3388d10fcc6dd37","0-52164353b256f432cb26bf2dd78d67d4a9d873f71796070ebb79417d403d455e","","","","0-e2aeea0718be317c33fa35c52d0d38b14bb04bd774813f5a7c40dbb76b3a233c","root.record.ItemExhibitList.P5Item.CostElementCategoryList.Software.Recurring.CostElementList.CostElement"
"HP","","USA","","","","","","","","","2014-BASE_PROCUREMENT-2014-DEFENSE_VOL1-PROCUREMENT_MasterJustificationBook_Defense-Wide_PB_2014.zzz_unzipped-PROCUREMENT_MasterJustificationBook_Defense-Wide_PB_2014.xml","e77a4c4f5d312f845e26b40857cfa903e64be41562595d306f57d467c87198d0","0-2472f32bae2ce9a52333aaa3dd29a20db1dab57b2e8f8c4945644b532fd2fb50","","","","0-9ad8687358ef5fc363a6bc530f455337ca89f65747fd2429d1360650e593c55f","root.record.ItemExhibitList.P5Item.CostElementCategoryList.Software.Recurring.CostElementList.CostElement"
"TBS","","TBS","0","0","0","0","0","0","0","0","2015-BASE_PROCUREMENT-2015-ARMY_OTHER_2-PROCUREMENT_JustificationBook_Army_PB_2015.zzz_unzipped-PROCUREMENT_JustificationBook_Army_PB_2015.xml","bedafffdb4dc3a382094a452b4e6bbae6568910781ead59127205c527d1a2756","0-788999a1a2577e50f352527c9e3d21e4a773f4b512dea643d676dddbc2151af9","","","","0-bcb2f8c5a27d237af8ffeb2e296ad9a6c2e40e29ec3ae67f15d87965cb42743c","root.record.ItemExhibitList.P5Item.CostElementCategoryList.Software.Recurring.CostElementList.CostElement"
"Dell","","Columbus, OH","0","0","0","0","0","0","0","0","2015-BASE_PROCUREMENT-2015-ARMY_OTHER_2-PROCUREMENT_JustificationBook_Army_PB_2015.zzz_unzipped-PROCUREMENT_JustificationBook_Army_PB_2015.xml","bedafffdb4dc3a382094a452b4e6bbae6568910781ead59127205c527d1a2756","0-3c6d5ecbe7aa6684055daf5014a79ea46c07e40aabd39152e668f00ed9204f0b","","","","0-5e217209ff1c212be17b6c64f09905e837c151401cab732044353ffb9e3cb0f0","root.record.ItemExhibitList.P5Item.CostElementCategoryList.Software.Recurring.CostElementList.CostElement"
"Oracle, Inc","","CA","","","","","","","","","2015-BASE_PROCUREMENT-2015-DEFENSE_DISA-PROCUREMENT_JustificationBook_Defense_Information_Systems_Agency_PB_2015.zzz_unzipped-PROCUREMENT_JustificationBook_Defense_Information_Systems_Agency_PB_2015.xml","091ebb876124c2c3f907cf5f62f098fd34e78b7d9618b6d2ac5e086a6f2e74c7","0-d1f0d42457219f417758b0f55d94f15b818bd29a5151cc8f2c217cc9c17386cc","","","","3-c0094013c576802314dc79acedaae256bd27cc2e463d6cc3fe85203d0b22ae85","root.record.ItemExhibitList.P5Item.CostElementCategoryList.Software.Recurring.CostElementList.CostElement"
"Various","","Various","","","","","","","","","2015-BASE_PROCUREMENT-2015-DEFENSE_DISA-PROCUREMENT_JustificationBook_Defense_Information_Systems_Agency_PB_2015.zzz_unzipped-PROCUREMENT_JustificationBook_Defense_Information_Systems_Agency_PB_2015.xml","091ebb876124c2c3f907cf5f62f098fd34e78b7d9618b6d2ac5e086a6f2e74c7","0-2cc6b213828c9c095dd9785c4d0b8c7603a1caeedac8445f603fbdd8265ff0f1","","","","4-13000bf78e4c52e7041df791a1894a1119879a32c8aa8ebccd8bc411641963ae","root.record.ItemExhibitList.P5Item.CostElementCategoryList.Software.Recurring.CostElementList.CostElement"
"Various","","Various","","","","","","","","","2015-BASE_PROCUREMENT-2015-DEFENSE_DISA-PROCUREMENT_JustificationBook_Defense_Information_Systems_Agency_PB_2015.zzz_unzipped-PROCUREMENT_JustificationBook_Defense_Information_Systems_Agency_PB_2015.xml","86838d6952f4336bc9088522c6ba3344304f6014b19863804ad0951b80ff1ddf","0-a415714ec5088e3092d6ced3dc89b61015d549856bd9866f458f5b1a0cbce287","","","","0-e847586621542a6ffd43ff041a18a55ed18e7b148f30426d2403e6402fb3f237","root.record.ItemExhibitList.P5Item.CostElementCategoryList.Software.Recurring.CostElementList.CostElement"
"Oracle, Inc","","CA","","","","","","","","","2015-BASE_PROCUREMENT-2015-DEFENSE_DISA-PROCUREMENT_MasterJustificationBook_Defense_Information_Systems_Agency_PB_2015.zzz_unzipped-PROCUREMENT_MasterJustificationBook_Defense_Information_Systems_Agency_PB_2015.xml","2f3328efd5fb6208dd1548e80deafd86d198c6980a35330310446287529512c9","0-f35a801ef0a606a623cd716c9d89ae312f335fc3998163ba99ff1cc9f6d713cd","","","","3-2bee02c3c92404b559d0fe3a539950eeaa045ca5d08c4e26a7ad18df5fbbb909","root.record.ItemExhibitList.P5Item.CostElementCategoryList.Software.Recurring.CostElementList.CostElement"
"Various","","Various","","","","","","","","","2015-BASE_PROCUREMENT-2015-DEFENSE_DISA-PROCUREMENT_MasterJustificationBook_Defense_Information_Systems_Agency_PB_2015.zzz_unzipped-PROCUREMENT_MasterJustificationBook_Defense_Information_Systems_Agency_PB_2015.xml","2f3328efd5fb6208dd1548e80deafd86d198c6980a35330310446287529512c9","0-3709b45698afa85dff48fe64f128be328c1d29f42a9078599ddd0dab0cacc775","","","","4-2fe1ddc5d94190ade73f2053955e01a850475baf4d73153ffe7165a033e6d260","root.record.ItemExhibitList.P5Item.CostElementCategoryList.Software.Recurring.CostElementList.CostElement"
"Various","","Various","","","","","","","","","2015-BASE_PROCUREMENT-2015-DEFENSE_DISA-PROCUREMENT_MasterJustificationBook_Defense_Information_Systems_Agency_PB_2015.zzz_unzipped-PROCUREMENT_MasterJustificationBook_Defense_Information_Systems_Agency_PB_2015.xml","46f5b0cb620cc8131df0eb4cca2098c8027c89e7af780731f45e9cca00571563","0-cad9ec440273c50fc12ee8fd6cad498a4df10a9f6525221018491611bb736904","","","","0-236bbbfc732de3f5544703f61795a9019656a20a1bc150a679e47ad69c0f31d3","root.record.ItemExhibitList.P5Item.CostElementCategoryList.Software.Recurring.CostElementList.CostElement"
"Oracle, Inc","","CA","","","","","","","","","2015-BASE_PROCUREMENT-2015-DEFENSE_VOL1-PROCUREMENT_MasterJustificationBook_Defense-Wide_PB_2015.zzz_unzipped-PROCUREMENT_MasterJustificationBook_Defense-Wide_PB_2015.xml","b41d5c413003fe2c2f3d577eda5552401185b1a9c151dd4b17213d9f065da3b2","0-d6d4b436eb75ad2d072d64ba30e3bae3818a654d5a072d7bbe3db1630e47aeaf","","","","3-c6e7cefe57cf4a4e8f36c5b73fdc0304f9f71714aae4b84ffb898a004b6ba36d","root.record.ItemExhibitList.P5Item.CostElementCategoryList.Software.Recurring.CostElementList.CostElement"
"Various","","Various","","","","","","","","","2015-BASE_PROCUREMENT-2015-DEFENSE_VOL1-PROCUREMENT_MasterJustificationBook_Defense-Wide_PB_2015.zzz_unzipped-PROCUREMENT_MasterJustificationBook_Defense-Wide_PB_2015.xml","b41d5c413003fe2c2f3d577eda5552401185b1a9c151dd4b17213d9f065da3b2","0-092c4370d8101c726863e2fa59db0174fcd5de9b4849e9bad74088fd6a7c13ec","","","","4-f61a5ac5b2bb9abd47af3d40383e13ae6ade18052e67a673d527789c29afa925","root.record.ItemExhibitList.P5Item.CostElementCategoryList.Software.Recurring.CostElementList.CostElement"
"Various","","Various","","","","","","","","","2015-BASE_PROCUREMENT-2015-DEFENSE_VOL1-PROCUREMENT_MasterJustificationBook_Defense-Wide_PB_2015.zzz_unzipped-PROCUREMENT_MasterJustificationBook_Defense-Wide_PB_2015.xml","ab73ac5f88aee4bb33d1de8ada5b4c0940ca12003fdad467a84544f799685258","0-94b30d7ef023716c0758b1140ee07beec263f56ec8fcedf77fe5d700090f37ff","","","","0-ce1ca2c68bb393d88bfc513c027456d5e3ba029b17a925ffadc297c719616e44","root.record.ItemExhibitList.P5Item.CostElementCategoryList.Software.Recurring.CostElementList.CostElement"
"Army","","Wash DC","","","","","","","","","2015-AMENDED_PROCUREMENT_AND_RDTE-2015-DISA-PROCUREMENT_JustificationBook_Defense_Information_Systems_Agency_PBAmended_2015.zzz_unzipped-PROCUREMENT_JustificationBook_Defense_Information_Systems_Agency_PBAmended_2015.xml","d94f019ca6ad47831570c156dff39434da9ab15bce0586d43be1216cd4cf1d47","0-5ddc175cf56a6479da882b4deee081f4da267492fd00b136408e21844600228a","","","","0-c2439670eb62b01e228d1a56a748898f2bf0ae6cc11ddcda7ee04548b3284bb2","root.record.ItemExhibitList.P5Item.CostElementCategoryList.Software.Recurring.CostElementList.CostElement"
"SAIC","","VA","","","","","","","","","2015-AMENDED_PROCUREMENT_AND_RDTE-2015-DISA-PROCUREMENT_JustificationBook_Defense_Information_Systems_Agency_PBAmended_2015.zzz_unzipped-PROCUREMENT_JustificationBook_Defense_Information_Systems_Agency_PBAmended_2015.xml","d94f019ca6ad47831570c156dff39434da9ab15bce0586d43be1216cd4cf1d47","0-cdcba600d22809bbf50c3a61bcf7af48a4a97b2987fbd32c9b90f22d36da9ea1","","","","1-b98228edeff9a9bb0f8b8983b8b6951d1b9dcb5e606e4b67cd81d69e4bbab968","root.record.ItemExhibitList.P5Item.CostElementCategoryList.Software.Recurring.CostElementList.CostElement"
"Army","","Wash DC","","","","","","","","","2015-AMENDED_PROCUREMENT_AND_RDTE-2015-DISA-PROCUREMENT_JustificationBook_Defense_Information_Systems_Agency_PBAmended_2015.zzz_unzipped-PROCUREMENT_JustificationBook_Defense_Information_Systems_Agency_PBAmended_2015.xml","d94f019ca6ad47831570c156dff39434da9ab15bce0586d43be1216cd4cf1d47","0-ea24907e1f94bd5445c5ac2b0934551f19f9e295f9596b0c5b7f1181f6df2632","","","","2-64c01236203417a16378dce480170868057c059145dd95533011dc121dc2d98a","root.record.ItemExhibitList.P5Item.CostElementCategoryList.Software.Recurring.CostElementList.CostElement"
"Army","","Wash DC","","","","","","","","","2015-AMENDED_PROCUREMENT_AND_RDTE-2015-DISA-PROCUREMENT_MasterJustificationBook_Defense_Information_Systems_Agency_PBAmended_2015.zzz_unzipped-PROCUREMENT_MasterJustificationBook_Defense_Information_Systems_Agency_PBAmended_2015.xml","0ba1ff01b1584bc3e78a57a5ea1922c71db0daf80e4e1f03a022614b8e202d41","0-f40210e016dc0c707fe670e5e2fa77839d52816065323be3a586d2e80898382e","","","","0-afa8118b8d1ab5e41b7dc5cdc7d6f1793094ecd81fd3806493572a07d0bb1499","root.record.ItemExhibitList.P5Item.CostElementCategoryList.Software.Recurring.CostElementList.CostElement"
"SAIC","","VA","","","","","","","","","2015-AMENDED_PROCUREMENT_AND_RDTE-2015-DISA-PROCUREMENT_MasterJustificationBook_Defense_Information_Systems_Agency_PBAmended_2015.zzz_unzipped-PROCUREMENT_MasterJustificationBook_Defense_Information_Systems_Agency_PBAmended_2015.xml","0ba1ff01b1584bc3e78a57a5ea1922c71db0daf80e4e1f03a022614b8e202d41","0-e91dd3de00ea14e2e4a58235d86ecb3f78c7429c57b6cd93fa885567a3632f77","","","","1-8bb57cd96156bef9a8816c055933129e6c8652650d401a2406d81f5e6a54518f","root.record.ItemExhibitList.P5Item.CostElementCategoryList.Software.Recurring.CostElementList.CostElement"
"Army","","Wash DC","","","","","","","","","2015-AMENDED_PROCUREMENT_AND_RDTE-2015-DISA-PROCUREMENT_MasterJustificationBook_Defense_Information_Systems_Agency_PBAmended_2015.zzz_unzipped-PROCUREMENT_MasterJustificationBook_Defense_Information_Systems_Agency_PBAmended_2015.xml","0ba1ff01b1584bc3e78a57a5ea1922c71db0daf80e4e1f03a022614b8e202d41","0-7520342a59fd4e4a85c41a36d679f30b10638d0955afb67c5f32bd545c3073e5","","","","2-0c21d4baa665f90af1b6a1be7ba998cc090d7c7e224a0adbc75226ab59bb4be5","root.record.ItemExhibitList.P5Item.CostElementCategoryList.Software.Recurring.CostElementList.CostElement"
"Army","","Wash DC","","","","","","","","","2015-AMENDED_PROCUREMENT_AND_RDTE-2015-DEFENSE_MASTER_JBOOK-PROCUREMENT_MasterJustificationBook_Defense-Wide_PBAmended_2015.zzz_unzipped-PROCUREMENT_MasterJustificationBook_Defense-Wide_PBAmended_2015.xml","303b558d79ac8de02c9b26612b66f29a4d300e030b75eec7d9b97dfeddac8680","0-dcef3064a23421b3bf31d941950d4c31abac80b82a060a9cdcd571fe1a3389a8","","","","0-d299cb634ae94171a611ba640875aa5a4d635b00e52c23f3065fbcc50a3d4fc7","root.record.ItemExhibitList.P5Item.CostElementCategoryList.Software.Recurring.CostElementList.CostElement"
"SAIC","","VA","","","","","","","","","2015-AMENDED_PROCUREMENT_AND_RDTE-2015-DEFENSE_MASTER_JBOOK-PROCUREMENT_MasterJustificationBook_Defense-Wide_PBAmended_2015.zzz_unzipped-PROCUREMENT_MasterJustificationBook_Defense-Wide_PBAmended_2015.xml","303b558d79ac8de02c9b26612b66f29a4d300e030b75eec7d9b97dfeddac8680","0-d1c002ced4603672959f8b06f7cbb8656f6cf5358222aa6c1e63f6803794843e","","","","1-576f264ef75f93d1c7f325662d0caf59e651ca94d914e743678eff997950588f","root.record.ItemExhibitList.P5Item.CostElementCategoryList.Software.Recurring.CostElementList.CostElement"
"Army","","Wash DC","","","","","","","","","2015-AMENDED_PROCUREMENT_AND_RDTE-2015-DEFENSE_MASTER_JBOOK-PROCUREMENT_MasterJustificationBook_Defense-Wide_PBAmended_2015.zzz_unzipped-PROCUREMENT_MasterJustificationBook_Defense-Wide_PBAmended_2015.xml","303b558d79ac8de02c9b26612b66f29a4d300e030b75eec7d9b97dfeddac8680","0-9599dbf851d1c81bdba9cc648c322fcafc6720728cd5d7fa3420e70dd2dce3c6","","","","2-9a261be863a6845080164e6cbfda6c54535ce19d87fbd8783e4766469cdb0022","root.record.ItemExhibitList.P5Item.CostElementCategoryList.Software.Recurring.CostElementList.CostElement"
"TBS","","TBS","0","0","0","0","0","0","0","0","2016-BASE_PROCUREMENT-2016-ARMY_OTHER_2-PROCUREMENT_JustificationBook_Army_PB_2016.zzz_unzipped-PROCUREMENT_JustificationBook_Army_PB_2016.xml","0daeb3840995e315e0845fec38ebc9e30d4d58064f2184f55430dcb7cef2d891","0-e7d023711be07ebab9c7373473b3d74b2f1197d9698db964d9473df69ca1636e","","","","0-b570493c33cbff7e6d2ea75e888b668645587510ea8d5b0020139ab9c608cd7d","root.record.ItemExhibitList.P5Item.CostElementCategoryList.Software.Recurring.CostElementList.CostElement"
"SPAWAR","","Charleston, SC","","","","","","","","","2016-BASE_PROCUREMENT-2016-NAVY_MARINECORPS-PROCUREMENT_JustificationBook_Navy_PB_2016.zzz_unzipped-PROCUREMENT_JustificationBook_Navy_PB_2016.xml","12010ebf887d3bda82b71fd7ca18db203d499886bd167e243d9d298a01fd5ceb","0-63e3efd7908bfa40e365c00da421ace42df98e7de18ead26b200cd1fd823b3f2","","","","2-733759d351b9e914b8596c36ec5e8f034083de0ae7db1fbae9f73da267f31402","root.record.ItemExhibitList.P5Item.CostElementCategoryList.Software.Recurring.CostElementList.CostElement"
"SPAWAR","","Charleston, SC","","","","","","","","","2016-BASE_PROCUREMENT-2016-NAVY_MARINECORPS-PROCUREMENT_JustificationBook_Navy_PB_2016.zzz_unzipped-PROCUREMENT_JustificationBook_Navy_PB_2016.xml","12010ebf887d3bda82b71fd7ca18db203d499886bd167e243d9d298a01fd5ceb","0-69843fe890d24feeffcbb0327e311fe6df4fad9807179e1df2103a92422855f0","","","","3-a21e4c0c9a99eb0e895a8ffc860d58cb77354c69dd7a23ed8e7922a03b9b6f35","root.record.ItemExhibitList.P5Item.CostElementCategoryList.Software.Recurring.CostElementList.CostElement"
"National Reconnaissance Office (NRO)","","Ogden, Utah","","","","","","","","","2016-BASE_PROCUREMENT-2016-NAVY_MARINECORPS-PROCUREMENT_JustificationBook_Navy_PB_2016.zzz_unzipped-PROCUREMENT_JustificationBook_Navy_PB_2016.xml","12010ebf887d3bda82b71fd7ca18db203d499886bd167e243d9d298a01fd5ceb","0-ad97ae1a65979feaa8e10f6aee5e15644fb8fae1349d34ba096f38bed69bfe10","","","","4-19e329412f82789949055da226c93c264325e1d34b1146cb1f038e133bc21bcc","root.record.ItemExhibitList.P5Item.CostElementCategoryList.Software.Recurring.CostElementList.CostElement"
"SPAWAR","","Charleston, SC","","","","","","","","","2016-BASE_PROCUREMENT-2016-NAVY_MARINECORPS-PROCUREMENT_MasterJustificationBook_Navy_PB_2016.zzz_unzipped-PROCUREMENT_MasterJustificationBook_Navy_PB_2016.xml","40d06d016220680d7b12a616aaef482a770d2fae48913dd6ec4d5860805b8b48","0-a84ee696d24b7dedc87217688c2ee9d65637382c600a11e45e85430f4d2ad332","","","","2-d25994ea851bc976486d287be16473dd5068b7dbdbcc4f15bf4f762489f283c1","root.record.ItemExhibitList.P5Item.CostElementCategoryList.Software.Recurring.CostElementList.CostElement"
"SPAWAR","","Charleston, SC","","","","","","","","","2016-BASE_PROCUREMENT-2016-NAVY_MARINECORPS-PROCUREMENT_MasterJustificationBook_Navy_PB_2016.zzz_unzipped-PROCUREMENT_MasterJustificationBook_Navy_PB_2016.xml","40d06d016220680d7b12a616aaef482a770d2fae48913dd6ec4d5860805b8b48","0-20ca8fbf4fbd08300430261ab96b5c215444db04d04ac27b729852a81377b954","","","","3-f8e890ddaf10f67b808fbf6f7037d7cd659e04c6cfd41d689fb9ea70514d1cda","root.record.ItemExhibitList.P5Item.CostElementCategoryList.Software.Recurring.CostElementList.CostElement"
"National Reconnaissance Office (NRO)","","Ogden, Utah","","","","","","","","","2016-BASE_PROCUREMENT-2016-NAVY_MARINECORPS-PROCUREMENT_MasterJustificationBook_Navy_PB_2016.zzz_unzipped-PROCUREMENT_MasterJustificationBook_Navy_PB_2016.xml","40d06d016220680d7b12a616aaef482a770d2fae48913dd6ec4d5860805b8b48","0-d1aadf8bffe7c4c8e475818de9eb915b8cf0d2c1a7bd73119a43ee15c79f6b5c","","","","4-2391ff1f5580c9bb6ea7c381ae351c3d2147767dc03065878d8f911dfdc96acd","root.record.ItemExhibitList.P5Item.CostElementCategoryList.Software.Recurring.CostElementList.CostElement"
"DLT Solutions","","Herndon, VA","0","0","0","0","0","0","0","0","2017-BASE_PROCUREMENT-2017-AIRFORCE_OTHER-U_PROCUREMENT_JustificationBook_Air_Force_PB_2017.zzz_unzipped-U_PROCUREMENT_JustificationBook_Air_Force_PB_2017.xml","64b52a8444f6154dd6d624cbe1a8cd7ecbc678b26efb599c82c61c305f19c0e8","0-8ecc30c87f50733196e2aa2cff4d7098ee1976e00816a127e7a6b96b89f1a437","0.00","0.00","0.00","0-abec77d854b718cc975d4f8a464abd1b1eb172065db9a86dfef264c1653afef7","root.record.ItemExhibitList.P5Item.CostElementCategoryList.Software.Recurring.CostElementList.CostElement"
"Harris Corporation","","Rochester, NY","0","0","0","0","0","0","0","0","2017-BASE_PROCUREMENT-2017-AIRFORCE_OTHER-U_PROCUREMENT_JustificationBook_Air_Force_PB_2017.zzz_unzipped-U_PROCUREMENT_JustificationBook_Air_Force_PB_2017.xml","38c642dc0285b7d8781f87014042ad3d1b52b59501bab1602b747599958c4b3f","0-e03e73663b7d817abaf0b3fffe5a9d75019e257085739009820afbf09fccb933","0.00","0.00","0.00","0-44543f6a41a5cb1407548fecee50ecf9348a0782646a3f468ec0242baf0efc27","root.record.ItemExhibitList.P5Item.CostElementCategoryList.Software.Recurring.CostElementList.CostElement"
"DLT Solutions","","Herndon, VA","0","0","0","0","0","0","0","0","2017-BASE_PROCUREMENT-2017-AIRFORCE_OTHER-U_PROCUREMENT_MasterJustificationBook_Air_Force_PB_2017.zzz_unzipped-U_PROCUREMENT_MasterJustificationBook_Air_Force_PB_2017.xml","611d4f8edb8098bb6294f25b64c73f9097d031cec463696210e2820e37721c26","0-4ade3b5e233e135b5f7befd579fad0c130301d2f57aa1d5dc9a549307a9fd1d7","0.00","0.00","0.00","0-e01e27a60a72d66aa2da41639cf77895c389df36599d11c295f0dc788b7c4285","root.record.ItemExhibitList.P5Item.CostElementCategoryList.Software.Recurring.CostElementList.CostElement"
"Harris Corporation","","Rochester, NY","0","0","0","0","0","0","0","0","2017-BASE_PROCUREMENT-2017-AIRFORCE_OTHER-U_PROCUREMENT_MasterJustificationBook_Air_Force_PB_2017.zzz_unzipped-U_PROCUREMENT_MasterJustificationBook_Air_Force_PB_2017.xml","36ace9e2c2250de3b99e411ac5642c43f6759be84df645121aad6b5f7bddc5c8","0-c2d73163d1724934dd61e8caab43ad9b3d24bf6b0614d747b5e836eae17149b3","0.00","0.00","0.00","0-344711f7d989a7a158a21cdf55406e5b6d17e77517bda8c1bfe2affa7cb4ada0","root.record.ItemExhibitList.P5Item.CostElementCategoryList.Software.Recurring.CostElementList.CostElement"
"TBD","","TBD","0","6","3","9","0","6","3","9","2017-BASE_PROCUREMENT-2017-ARMY_OTHER_3-4-U_PROCUREMENT_JustificationBook_Army_PB_2017.zzz_unzipped-U_PROCUREMENT_JustificationBook_Army_PB_2017.xml","99fdf12344ddbe14e1ebbcb6290f9a4143355b155574f258b5b758209b883288","0-9b28b1a84b851a51ec367deddd04441709f5a1751170c8bc2e7e50fa1c4c8aa2","1","5","3","0-834834c9736d4984b0853ffc7e06d7522ea1d4c8a86c9de005594a0b3edf4c19","root.record.ItemExhibitList.P5Item.CostElementCategoryList.Software.Recurring.CostElementList.CostElement"
"TBS","","TBS","0","0","0","0","0","0","0","0","2017-BASE_PROCUREMENT-2017-ARMY_OTHER_2-U_PROCUREMENT_JustificationBook_Army_PB_2017.zzz_unzipped-U_PROCUREMENT_JustificationBook_Army_PB_2017.xml","e2c89fbeb812916900eca5c27f8af4e89ad05088685814bc9bb1805868e5dd11","0-883b5fbdeb63eab84acffcc564d1cabba19272a850eb64325dbb30ea5d861ca6","","","","0-61401a5ad18da1d4059a1e18be91319086742667801e3877fb6836a521977c4b","root.record.ItemExhibitList.P5Item.CostElementCategoryList.Software.Recurring.CostElementList.CostElement"
"CDW Government LLC","","Vernon Hills, IL","0","0","0","0","0","0","0","0","2017-BASE_PROCUREMENT-2017-ARMY_OTHER_2-U_PROCUREMENT_JustificationBook_Army_PB_2017.zzz_unzipped-U_PROCUREMENT_JustificationBook_Army_PB_2017.xml","e2c89fbeb812916900eca5c27f8af4e89ad05088685814bc9bb1805868e5dd11","0-65a4e1131bcf1f3e5b925208b077227e1669ce9bfe2b1677e4129df20f9fa0e2","","","","0-a30417cc207a1f22b6c0e03b47b43d680f8fd165f1cb341ff563c914f2187326","root.record.ItemExhibitList.P5Item.CostElementCategoryList.Software.Recurring.CostElementList.CostElement"
"TBS","","TBS","0","0","0","0","0","0","0","0","2017-BASE_PROCUREMENT-2017-ARMY_OTHER_2-U_PROCUREMENT_JustificationBook_Army_PB_2017.zzz_unzipped-U_PROCUREMENT_JustificationBook_Army_PB_2017.xml","e2c89fbeb812916900eca5c27f8af4e89ad05088685814bc9bb1805868e5dd11","1-38ea2a6efb71259281780a5eeba5b62e4b8fcd82cad509d9d716a3b89daf4f37","","","","0-a30417cc207a1f22b6c0e03b47b43d680f8fd165f1cb341ff563c914f2187326","root.record.ItemExhibitList.P5Item.CostElementCategoryList.Software.Recurring.CostElementList.CostElement"
"Accenture","","Kingstowne","0","0","0","0","0","0","0","0","2017-BASE_PROCUREMENT-2017-ARMY_OTHER_2-U_PROCUREMENT_JustificationBook_Army_PB_2017.zzz_unzipped-U_PROCUREMENT_JustificationBook_Army_PB_2017.xml","5e6e415a71ace7ae6c50fa58050972b44713daa0fea2f6b3f30f352d143cb7b5","0-fd9b9a5f52c29e3674082b594d6bcf98784c26df7d0368e64152b4ee92eda8ef","","","","0-33372816e3f30ea7af2bc1222fb65f54b26d870425e968aa00381308ce731129","root.record.ItemExhibitList.P5Item.CostElementCategoryList.Software.Recurring.CostElementList.CostElement"
"TBD","","TBD","0","0","0","0","0","0","0","0","2017-BASE_PROCUREMENT-2017-ARMY_OTHER_2-U_PROCUREMENT_JustificationBook_Army_PB_2017.zzz_unzipped-U_PROCUREMENT_JustificationBook_Army_PB_2017.xml","5e6e415a71ace7ae6c50fa58050972b44713daa0fea2f6b3f30f352d143cb7b5","1-ebf6341c895a6cedfdd678c3e324b1db2e814cfd7d965ac1a269fac7871e7b23","","","","0-33372816e3f30ea7af2bc1222fb65f54b26d870425e968aa00381308ce731129","root.record.ItemExhibitList.P5Item.CostElementCategoryList.Software.Recurring.CostElementList.CostElement"
"SPAWAR","","Charleston, SC","","","","","","","","","2017-BASE_PROCUREMENT-2017-NAVY_MARINECORPS-U_PROCUREMENT_JustificationBook_Navy_PB_2017.zzz_unzipped-U_PROCUREMENT_JustificationBook_Navy_PB_2017.xml","c39c2d4de5b2c1cb19ec88c24f0e5074bd6ab600c236b4943d4f5e2bbe8d1b63","0-c53068d022facf8578e7a1bab702150609d4c60763ed2cd7d631c56ded3993ea","","","","3-2de3d682b1e81c3bdaf0a1b7cf2226f7d0dad0ca15d27084bf53eeeb5d37b6c5","root.record.ItemExhibitList.P5Item.CostElementCategoryList.Software.Recurring.CostElementList.CostElement"
"SPAWAR","","Charleston, SC","","","","","","","","","2017-BASE_PROCUREMENT-2017-NAVY_MARINECORPS-U_PROCUREMENT_JustificationBook_Navy_PB_2017.zzz_unzipped-U_PROCUREMENT_JustificationBook_Navy_PB_2017.xml","c39c2d4de5b2c1cb19ec88c24f0e5074bd6ab600c236b4943d4f5e2bbe8d1b63","0-ea3d28b98981b80bb8b43df90438595233fdc20dcc8f7c58cd4a7d225d0f2b0c","","","","5-1e6e91713cf80af75df4e54c5af1a5709945bf9878a52d38d0cd8ffdb71457e2","root.record.ItemExhibitList.P5Item.CostElementCategoryList.Software.Recurring.CostElementList.CostElement"
"SPAWAR","","Charleston, SC","","","","","","","","","2017-BASE_PROCUREMENT-2017-NAVY_MARINECORPS-U_PROCUREMENT_MasterJustificationBook_Navy_PB_2017.zzz_unzipped-U_PROCUREMENT_MasterJustificationBook_Navy_PB_2017.xml","97488045a35c40c1193857b6b1e7983182fa95aa832063cab96e96f070cd689e","0-8183c9f4477ab2b3e48a2f3774c914f4e57369cbbf8a6e4e8262816c4bc0804e","","","","3-51e9be48a726ab4d7175d1c48754303ebe046f9dbe72e7f72b89bd52e4995ffa","root.record.ItemExhibitList.P5Item.CostElementCategoryList.Software.Recurring.CostElementList.CostElement"
"SPAWAR","","Charleston, SC","","","","","","","","","2017-BASE_PROCUREMENT-2017-NAVY_MARINECORPS-U_PROCUREMENT_MasterJustificationBook_Navy_PB_2017.zzz_unzipped-U_PROCUREMENT_MasterJustificationBook_Navy_PB_2017.xml","97488045a35c40c1193857b6b1e7983182fa95aa832063cab96e96f070cd689e","0-52672bf5a86e700684883a0eb50fa6529b46771930747725c2f48b3fbde4d7e1","","","","5-9299ab400f80c219a69ce857815ffec39f0c69222654b1b806b1bdd44413ea0f","root.record.ItemExhibitList.P5Item.CostElementCategoryList.Software.Recurring.CostElementList.CostElement"
"Multiple Sources","","Various","","","","","","","","","2020-BASE_PROCUREMENT-2020-NAVY_OTHER_BA5-8-U_PROCUREMENT_JustificationBook_Navy_PB_2017.zzz_unzipped-U_PROCUREMENT_JustificationBook_Navy_PB_2017.xml","55135aba0fea4209c4c34cc96c7f6dd5db5155d0291654cc3a02ea3b252f9654","0-c0213957b540e4f11b42d37080a1f7a22f602a061a251ec94e9fdff1cfa7496a","","","","0-66d617c15e9b9f17439c6226fc86455c50c6d8be337bb4996e80f18a20ae8e49","root.record.ItemExhibitList.P5Item.CostElementCategoryList.Software.Recurring.CostElementList.CostElement"
"BMC Software Distribution IncBMC Software Distribution Inc","Multiple manufacturers (Aeorprise, Scan Store, BMC, BMX, Avaya)","San Diego, CA","","","","","","","","","2020-BASE_PROCUREMENT-2020-NAVY_OTHER_BA5-8-U_PROCUREMENT_JustificationBook_Navy_PB_2017.zzz_unzipped-U_PROCUREMENT_JustificationBook_Navy_PB_2017.xml","55135aba0fea4209c4c34cc96c7f6dd5db5155d0291654cc3a02ea3b252f9654","0-2626c3279654250d4775f7d45228efbf0d1098eb733d792bf5e3af263d487457","","","","1-1a4415427c66392915a0ebe9b50e8c669e4aeb5c636f2eae92eca024d6b0194e","root.record.ItemExhibitList.P5Item.CostElementCategoryList.Software.Recurring.CostElementList.CostElement"
"Multiple Sources","","Various","","","","","","","","","2020-BASE_PROCUREMENT-2020-NAVY_OTHER_BA5-8-U_PROCUREMENT_MasterJustificationBook_Navy_PB_2017.zzz_unzipped-U_PROCUREMENT_MasterJustificationBook_Navy_PB_2017.xml","d6d1be1d31092cf14d659ea15da1c53fed8e933653ecbd2dcffc7e79ab483430","0-e8e321a9a31e5e65e91fc913147c0c58558e5361b52d3553fef886c3c15ab965","","","","0-f735958fec90f385e4c465e553c50d67d0a1ee64bb54122ab6c692bf478f802d","root.record.ItemExhibitList.P5Item.CostElementCategoryList.Software.Recurring.CostElementList.CostElement"
"BMC Software Distribution IncBMC Software Distribution Inc","Multiple manufacturers (Aeorprise, Scan Store, BMC, BMX, Avaya)","San Diego, CA","","","","","","","","","2020-BASE_PROCUREMENT-2020-NAVY_OTHER_BA5-8-U_PROCUREMENT_MasterJustificationBook_Navy_PB_2017.zzz_unzipped-U_PROCUREMENT_MasterJustificationBook_Navy_PB_2017.xml","d6d1be1d31092cf14d659ea15da1c53fed8e933653ecbd2dcffc7e79ab483430","0-1d86f1deae554f39acbf6f278a6dd7cf513e4e82541be0508babb9ae45c2cff2","","","","1-49ac8f627120eb2099add07d8ac46cea8e6e9a6db0548956c09d623f93e81aed","root.record.ItemExhibitList.P5Item.CostElementCategoryList.Software.Recurring.CostElementList.CostElement"
"GDIT","","Springfield/VA","0","0","0","0","0","0","0","0","2018-BASE_PROCUREMENT-2018-AIRFORCE_OTHER-U_PROCUREMENT_JustificationBook_Air_Force_PB_2018.zzz_unzipped-U_PROCUREMENT_JustificationBook_Air_Force_PB_2018.xml","b9db150d4e2eea838c5638ac6003f2186dd3d50e49d4e1a77e8441d25f93b227","0-6eec177a0c16c2c33b73e364337655989b0c4f6f7ce5caf2bbc9de72c1b74950","0.00","0.00","0.00","0-9ad5babf986d69a817e7af49a3a9adcb7ee87ce69c712722fc9259f0e1a5e2b1","root.record.ItemExhibitList.P5Item.CostElementCategoryList.Software.Recurring.CostElementList.CostElement"
"GDIT","","Springfield/VA","0","0","0","0","0","0","0","0","2018-BASE_PROCUREMENT-2018-AIRFORCE_OTHER-U_PROCUREMENT_MasterJustificationBook_Air_Force_PB_2018.zzz_unzipped-U_PROCUREMENT_MasterJustificationBook_Air_Force_PB_2018.xml","da45d8f8a6249c90c8f51efd21792099bf8bdec437cb776f6e17679f34441c2e","0-6fc1b5aff36c95ac4350b9d90b45a94c192ad84db96e1738179377f2567d3d22","0.00","0.00","0.00","0-9b885cabcbe1d509ab03c4525116bb9bbd9320b49435028877930ecd01d43d4c","root.record.ItemExhibitList.P5Item.CostElementCategoryList.Software.Recurring.CostElementList.CostElement"
"TBS","","TBS","0","0","0","0","0","0","0","0","2018-BASE_PROCUREMENT-2018-ARMY_OTHER_2-U_PROCUREMENT_JustificationBook_Army_PB_2018.zzz_unzipped-U_PROCUREMENT_JustificationBook_Army_PB_2018.xml","4fcec47d2ef2c5e454ef51ea8d74e89b75e63959a68d7baa4c0a97b8a1fc8c6e","0-cd17853c79fa392398b82c3be178cfdb837a9db7914ad58081fcd5456e346ce5","","","","0-272f9aef8b33ea86b326619cba88f84db805016c765e233805da8f65dd4d933f","root.record.ItemExhibitList.P5Item.CostElementCategoryList.Software.Recurring.CostElementList.CostElement"
"TBS","","TBS","0","0","0","0","0","0","0","0","2018-BASE_PROCUREMENT-2018-ARMY_OTHER_2-U_PROCUREMENT_JustificationBook_Army_PB_2018.zzz_unzipped-U_PROCUREMENT_JustificationBook_Army_PB_2018.xml","4fcec47d2ef2c5e454ef51ea8d74e89b75e63959a68d7baa4c0a97b8a1fc8c6e","0-266ac36cdb537c4ca0dc3b37605f471cf9ae369e7857bae02bd20d41a1eabbd5","","","","1-f2ff71424312a78fea4fb4c075e8e89768fc7ff85d460c57838f86b2fc8003b9","root.record.ItemExhibitList.P5Item.CostElementCategoryList.Software.Recurring.CostElementList.CostElement"
"Cole Engineering Services","","Orlando","","","","","","","","","2018-BASE_PROCUREMENT-2018-ARMY_OTHER_3-U_PROCUREMENT_JustificationBook_Army_PB_2018.zzz_unzipped-U_PROCUREMENT_JustificationBook_Army_PB_2018.xml","613d3db5b690e83faeabb8edb3de191297ce81a72abc22ac5d15627835aa22a6","0-b3077e8e90ba9d63c1d60fadbdc56d19ccf8f4480eb86872c5ba55f530dff57a","","","","0-7270961d923bea9be3c2da700013c6e2271dcfc66b0c6c89c53dba8d64b09cc9","root.record.ItemExhibitList.P5Item.CostElementCategoryList.Software.Recurring.CostElementList.CostElement"
"Owl Computing Technologies","","DISA","","","","","","","","","2018-BASE_PROCUREMENT-2018-DEFENSE_DISA-U_PROCUREMENT_JustificationBook_Defense_Information_Systems_Agency_PB_2018.zzz_unzipped-U_PROCUREMENT_JustificationBook_Defense_Information_Systems_Agency_PB_2018.xml","cb724143f0abfe0efbf3f257ad309a0bc339897deef3bfb964f1b0df68fc13d4","0-9c3e41d551dc15c34e18c085323bb41c2372aabfc20cb3aa88f0b7fbf0614817","","","","0-3db7362090336f6326f3399d48fd5b6dddcad904347f028630a56ef5f40e2367","root.record.ItemExhibitList.P5Item.CostElementCategoryList.Software.Recurring.CostElementList.CostElement"
"Owl Computing Technologies","","DISA","","","","","","","","","2018-BASE_PROCUREMENT-2018-DEFENSE_DISA-U_PROCUREMENT_MasterJustificationBook_Defense_Information_Systems_Agency_PB_2018.zzz_unzipped-U_PROCUREMENT_MasterJustificationBook_Defense_Information_Systems_Agency_PB_2018.xml","14438a636cc9725589e089ff75f7eed9c738b4857befdcdfff859a4fc633801d","0-906e99871cfd0b81264cfedad0ce9925308f551e36a88ad232627e2717a9e411","","","","0-d826b095de58fc8b6702672d5cbd7311b58bf38af766664b657dbf194f05e23d","root.record.ItemExhibitList.P5Item.CostElementCategoryList.Software.Recurring.CostElementList.CostElement"
"Owl Computing Technologies","","DISA","","","","","","","","","2018-BASE_PROCUREMENT-2018-DEFENSE_VOL1_ALL-U_PROCUREMENT_MasterJustificationBook_Defense-Wide_PB_2018.zzz_unzipped-U_PROCUREMENT_MasterJustificationBook_Defense-Wide_PB_2018.xml","21b8480e01085eaff9c78015995e037f416940198c16ef2f140e927f637ec6b0","0-5b71bc7765cb8e81cefdb053c60305acfef61473a2b59837dd33c91eeaab941d","","","","0-c14397f5bd8b06ad37066abd10ba4d84892b7f3cb376e418fdf6dcab8a90c2c2","root.record.ItemExhibitList.P5Item.CostElementCategoryList.Software.Recurring.CostElementList.CostElement"
"GDIT","","Springfield VA","0","0","0","0","0","0","0","0","2019-BASE_PROCUREMENT-2019-AIRFORCE_OTHER-U_PROCUREMENT_JustificationBook_Air_Force_PB_2019.zzz_unzipped-U_PROCUREMENT_JustificationBook_Air_Force_PB_2019.xml","6b33798310aba7e5e4d9b877c0eec7513bd32ffc9793262de9670a66a6d39eb3","0-a1261cd708859f3de4d762a852565a8979755a4e2550c266a2ebe7b208f8d3b2","0.00","0.00","0.00","0-3a4dca61a2d02100c3b2c4f600d77337f54575da4937f9ef9e4b088541963f27","root.record.ItemExhibitList.P5Item.CostElementCategoryList.Software.Recurring.CostElementList.CostElement"
"Harris Corporation","","Rochester, NY","0","0","0","0","0","9","3","12","2019-BASE_PROCUREMENT-2019-AIRFORCE_OTHER-U_PROCUREMENT_JustificationBook_Air_Force_PB_2019.zzz_unzipped-U_PROCUREMENT_JustificationBook_Air_Force_PB_2019.xml","cfe39698d6a55296019381ae6433583029de5e5830566a5d01d614d183d01876","0-d46b7b07b484674f374358bafc82e74f0d2033a5b850bb2f4d9fd451abc1e70d","340.00","425.00","350.00","0-d3daee2d2e45f9ea2f1d6225444c1ad9145c700ff27a67fb15edcda7ef874e1a","root.record.ItemExhibitList.P5Item.CostElementCategoryList.Software.Recurring.CostElementList.CostElement"
"GDIT","","Springfield VA","0","0","0","0","0","0","0","0","2019-BASE_PROCUREMENT-2019-AIRFORCE_OTHER-U_PROCUREMENT_MasterJustificationBook_Air_Force_PB_2019.zzz_unzipped-U_PROCUREMENT_MasterJustificationBook_Air_Force_PB_2019.xml","4b4bf8305feca0dd280fd5297ecb38244b27f9db1f72cd91011506c50f14d9a0","0-876bd922297bdb90a10d4c4e1d8ada7e6ae7d2d79750b558ec32b50948a83e30","0.00","0.00","0.00","0-f798dd7b64236d69b44b579eaf2a89ba7c8e9a34d7975116a70572b068b3a0f6","root.record.ItemExhibitList.P5Item.CostElementCategoryList.Software.Recurring.CostElementList.CostElement"
"Harris Corporation","","Rochester, NY","0","0","0","0","0","9","3","12","2019-BASE_PROCUREMENT-2019-AIRFORCE_OTHER-U_PROCUREMENT_MasterJustificationBook_Air_Force_PB_2019.zzz_unzipped-U_PROCUREMENT_MasterJustificationBook_Air_Force_PB_2019.xml","53cb469a7481a4b0f0732b4848d7b1f8bc62be3d4a4eb7fdf65b19b837eb91e9","0-3e3c69d80ff90a7d34ec12f73b98b4236cb170f85e578d44e5fdf3cec667db1b","340.00","425.00","350.00","0-de66a3e7a16fb1520f985ffcba94c2dfa9d404f946c5980779a45038d01d520e","root.record.ItemExhibitList.P5Item.CostElementCategoryList.Software.Recurring.CostElementList.CostElement"
"TBD","","TBD","","","","","","","","","2019-BASE_PROCUREMENT-2019-ARMY_OTHER_2-U_PROCUREMENT_JustificationBook_Army_PB_2019.zzz_unzipped-U_PROCUREMENT_JustificationBook_Army_PB_2019.xml","1dad0d6def87e40e5e900fcd8d769dde203ed602536daff3c8c428b55f26c034","0-f14abeceb37fcf73b96bc1a30720c5676088a1aea29454a9d6eda13fda0c1598","","","","0-22a774630da2e4ffd3bc2ea747ff3332dbffa87d8e77930565e21fa82dbf7f8b","root.record.ItemExhibitList.P5Item.CostElementCategoryList.Software.Recurring.CostElementList.CostElement"
"Contracting Division - PL8","","VA","","","","","","","","","2019-BASE_PROCUREMENT-2019-ARMY_OTHER_2-U_PROCUREMENT_JustificationBook_Army_PB_2019.zzz_unzipped-U_PROCUREMENT_JustificationBook_Army_PB_2019.xml","16460c7c27924b372086b35662e9cdf675b9a832b575627291fc52fa6c982e98","0-0c2d0d69e05a7c113e955a606e4c1088662dbb44b0f5df37962e6cd8e925204b","","","","0-834e82ca764dd026cd58e4db6339293f445c1b740fa092b5b887b4b378017144","root.record.ItemExhibitList.P5Item.CostElementCategoryList.Software.Recurring.CostElementList.CostElement"
"TBS","","TBS","","","","","","","","","2019-BASE_PROCUREMENT-2019-ARMY_OTHER_2-U_PROCUREMENT_JustificationBook_Army_PB_2019.zzz_unzipped-U_PROCUREMENT_JustificationBook_Army_PB_2019.xml","16460c7c27924b372086b35662e9cdf675b9a832b575627291fc52fa6c982e98","0-45ffca347b25188d597cfd2d13dd86d1e5229fe70efd5a431166cae40c9a9834","","","","1-9a8b905938878d4ae941bde8df0f7172dad8c3ebac10bb32bc3c9773ce21860f","root.record.ItemExhibitList.P5Item.CostElementCategoryList.Software.Recurring.CostElementList.CostElement"
"Various SW Manufacturers","","Various","","","","","","","","","2019-BASE_PROCUREMENT-2019-ARMY_OTHER_2-U_PROCUREMENT_JustificationBook_Army_PB_2019.zzz_unzipped-U_PROCUREMENT_JustificationBook_Army_PB_2019.xml","76cd21f8f78640c01ef5294e9e647e06af1a0c62c081ebb0f1e92f8f63cfcac1","0-cfe9cae7405c0fa8122c5307d83c289c0ae8b6bc1cec6cad9ae78607c6750ffe","","","","0-e941e9173a818a1ffc2d8b39508435577ebd7cf83d276edd98ff3ba0c7aa661f","root.record.ItemExhibitList.P5Item.CostElementCategoryList.Software.Recurring.CostElementList.CostElement"
"Cole Engineering Services (P)","","Orlando","","","","","","","","","2019-BASE_PROCUREMENT-2019-ARMY_OTHER_3-4-U_PROCUREMENT_JustificationBook_Army_PB_2019.zzz_unzipped-U_PROCUREMENT_JustificationBook_Army_PB_2019.xml","1d0b02e6570e2975253fdf442e253fb3e971dcc6537280f554af05f8d7e873c0","0-18ce63764358c668930855488b77b51c3f461bb62370b1a0f6c8af3ebbe946d5","","","","0-637038c9679d13f935ec91068d28b6f412dfb40ff85ef9aa46a3b2dfcc9c9d1f","root.record.ItemExhibitList.P5Item.CostElementCategoryList.Software.Recurring.CostElementList.CostElement"
"Owl Computing Technologies","","DISA","","","","","","","","","2019-BASE_PROCUREMENT-2019-DEFENSE_DISA-U_PROCUREMENT_JustificationBook_Defense_Information_Systems_Agency_PB_2019.zzz_unzipped-U_PROCUREMENT_JustificationBook_Defense_Information_Systems_Agency_PB_2019.xml","b2c1971a64941246f3b5e5423528ff562562bd42f5fe86fae0c2bd1e884e93ba","0-69a750ebfb430ad6b70ff7a12b637952e931c2f741219211a65c16eca5a11757","","","","0-46a753b1b4c95e8237feadfab98bd02f0861d0048896787e632e330e80994b2b","root.record.ItemExhibitList.P5Item.CostElementCategoryList.Software.Recurring.CostElementList.CostElement"
"Carasoft","","NSA","","","","","","","","","2019-BASE_PROCUREMENT-2019-DEFENSE_DISA-U_PROCUREMENT_JustificationBook_Defense_Information_Systems_Agency_PB_2019.zzz_unzipped-U_PROCUREMENT_JustificationBook_Defense_Information_Systems_Agency_PB_2019.xml","b2c1971a64941246f3b5e5423528ff562562bd42f5fe86fae0c2bd1e884e93ba","0-717d8f051c183d60e9307a79c677ba8792e5f72b39c9f82b95aa087781c08289","","","","1-27f5ba288956912af80a273efb94da927ed640ea2c6c5ed7bcd54b2ae2be5f8e","root.record.ItemExhibitList.P5Item.CostElementCategoryList.Software.Recurring.CostElementList.CostElement"
"TBD","","DISA","","","","","","","","","2019-BASE_PROCUREMENT-2019-DEFENSE_DISA-U_PROCUREMENT_JustificationBook_Defense_Information_Systems_Agency_PB_2019.zzz_unzipped-U_PROCUREMENT_JustificationBook_Defense_Information_Systems_Agency_PB_2019.xml","b2c1971a64941246f3b5e5423528ff562562bd42f5fe86fae0c2bd1e884e93ba","1-7c21bc3c14662af2b786625ffd61a6844d61287ff9aec8648a755b77467abe0b","","","","1-27f5ba288956912af80a273efb94da927ed640ea2c6c5ed7bcd54b2ae2be5f8e","root.record.ItemExhibitList.P5Item.CostElementCategoryList.Software.Recurring.CostElementList.CostElement"
"Four LLC","","DISA","","","","","","","","","2019-BASE_PROCUREMENT-2019-DEFENSE_DISA-U_PROCUREMENT_JustificationBook_Defense_Information_Systems_Agency_PB_2019.zzz_unzipped-U_PROCUREMENT_JustificationBook_Defense_Information_Systems_Agency_PB_2019.xml","b2c1971a64941246f3b5e5423528ff562562bd42f5fe86fae0c2bd1e884e93ba","2-b5848b2ddf4f302eb23072d6afee00902a639636b1eed7f6dc65cfa7d0a65fcc","","","","1-27f5ba288956912af80a273efb94da927ed640ea2c6c5ed7bcd54b2ae2be5f8e","root.record.ItemExhibitList.P5Item.CostElementCategoryList.Software.Recurring.CostElementList.CostElement"
"Owl Computing Technologies","","DISA","","","","","","","","","2019-BASE_PROCUREMENT-2019-DEFENSE_DISA-U_PROCUREMENT_JustificationBook_Defense_Information_Systems_Agency_PB_2019.zzz_unzipped-U_PROCUREMENT_JustificationBook_Defense_Information_Systems_Agency_PB_2019.xml","b2c1971a64941246f3b5e5423528ff562562bd42f5fe86fae0c2bd1e884e93ba","3-2e68af48836f2c0dc6a903ac047e59a139cc58e75dd645bbcfd70fbe153803f7","","","","1-27f5ba288956912af80a273efb94da927ed640ea2c6c5ed7bcd54b2ae2be5f8e","root.record.ItemExhibitList.P5Item.CostElementCategoryList.Software.Recurring.CostElementList.CostElement"
"TechTrend","","Arlington","","","","","","","","","2019-BASE_PROCUREMENT-2019-DEFENSE_DISA-U_PROCUREMENT_JustificationBook_Defense_Information_Systems_Agency_PB_2019.zzz_unzipped-U_PROCUREMENT_JustificationBook_Defense_Information_Systems_Agency_PB_2019.xml","b2c1971a64941246f3b5e5423528ff562562bd42f5fe86fae0c2bd1e884e93ba","0-9a64a3ec8a9ea560a6b74504a1aaa8f4d83f65d85205cbd2fcb537bddb7407d4","","","","2-55236078eb7756558f1588425be6144226a42bea0be205e0cb0062746208b0d8","root.record.ItemExhibitList.P5Item.CostElementCategoryList.Software.Recurring.CostElementList.CostElement"
"Owl Computing Technologies","","DISA","","","","","","","","","2019-BASE_PROCUREMENT-2019-DEFENSE_DISA-U_PROCUREMENT_MasterJustificationBook_Defense_Information_Systems_Agency_PB_2019.zzz_unzipped-U_PROCUREMENT_MasterJustificationBook_Defense_Information_Systems_Agency_PB_2019.xml","6578cd95c5a6c9235d7058df91d1cba0c7a02cf3b2df85029c70d2e40cc77cc5","0-873c7deeceb485067ec93a585ec676a130cfc60d261f3567e83b3d88e80d9449","","","","0-ea4ae453e5ef774138a2cb8e048479e59c57814533657dc2ef2fb0c3f91ec299","root.record.ItemExhibitList.P5Item.CostElementCategoryList.Software.Recurring.CostElementList.CostElement"
"Carasoft","","NSA","","","","","","","","","2019-BASE_PROCUREMENT-2019-DEFENSE_DISA-U_PROCUREMENT_MasterJustificationBook_Defense_Information_Systems_Agency_PB_2019.zzz_unzipped-U_PROCUREMENT_MasterJustificationBook_Defense_Information_Systems_Agency_PB_2019.xml","6578cd95c5a6c9235d7058df91d1cba0c7a02cf3b2df85029c70d2e40cc77cc5","0-e1b6b24e672efaed158eb28e2257e4908c853c0222c9de7e986df7d4a1decae0","","","","1-926dba4e30da6d750631e5778f8f059fabffd47d99a88fa90eeea96b6069b17e","root.record.ItemExhibitList.P5Item.CostElementCategoryList.Software.Recurring.CostElementList.CostElement"
"TBD","","DISA","","","","","","","","","2019-BASE_PROCUREMENT-2019-DEFENSE_DISA-U_PROCUREMENT_MasterJustificationBook_Defense_Information_Systems_Agency_PB_2019.zzz_unzipped-U_PROCUREMENT_MasterJustificationBook_Defense_Information_Systems_Agency_PB_2019.xml","6578cd95c5a6c9235d7058df91d1cba0c7a02cf3b2df85029c70d2e40cc77cc5","1-e79b9dc87c85f8ed1d687ac6ec245f4dbcfc9b0bc24d4af07f0be394043e71c3","","","","1-926dba4e30da6d750631e5778f8f059fabffd47d99a88fa90eeea96b6069b17e","root.record.ItemExhibitList.P5Item.CostElementCategoryList.Software.Recurring.CostElementList.CostElement"
"Four LLC","","DISA","","","","","","","","","2019-BASE_PROCUREMENT-2019-DEFENSE_DISA-U_PROCUREMENT_MasterJustificationBook_Defense_Information_Systems_Agency_PB_2019.zzz_unzipped-U_PROCUREMENT_MasterJustificationBook_Defense_Information_Systems_Agency_PB_2019.xml","6578cd95c5a6c9235d7058df91d1cba0c7a02cf3b2df85029c70d2e40cc77cc5","2-5a63e17fa05a62f3c2b7290c56c8a66f2434e703a32a2f5fe88cb7711cebc6a9","","","","1-926dba4e30da6d750631e5778f8f059fabffd47d99a88fa90eeea96b6069b17e","root.record.ItemExhibitList.P5Item.CostElementCategoryList.Software.Recurring.CostElementList.CostElement"
"Owl Computing Technologies","","DISA","","","","","","","","","2019-BASE_PROCUREMENT-2019-DEFENSE_DISA-U_PROCUREMENT_MasterJustificationBook_Defense_Information_Systems_Agency_PB_2019.zzz_unzipped-U_PROCUREMENT_MasterJustificationBook_Defense_Information_Systems_Agency_PB_2019.xml","6578cd95c5a6c9235d7058df91d1cba0c7a02cf3b2df85029c70d2e40cc77cc5","3-88446d946cd859799f97d8c846fd46462198fa51c5b253c0ed78a2b8898ad7e0","","","","1-926dba4e30da6d750631e5778f8f059fabffd47d99a88fa90eeea96b6069b17e","root.record.ItemExhibitList.P5Item.CostElementCategoryList.Software.Recurring.CostElementList.CostElement"
"TechTrend","","Arlington","","","","","","","","","2019-BASE_PROCUREMENT-2019-DEFENSE_DISA-U_PROCUREMENT_MasterJustificationBook_Defense_Information_Systems_Agency_PB_2019.zzz_unzipped-U_PROCUREMENT_MasterJustificationBook_Defense_Information_Systems_Agency_PB_2019.xml","6578cd95c5a6c9235d7058df91d1cba0c7a02cf3b2df85029c70d2e40cc77cc5","0-410ccd6a0b84df3726850b11733b15402ff9183314ae4a0e5b51d0d1220e22fd","","","","2-1a9b7e103b6d6e1c9074e6edf9fb5c7b290b157524d9f118b8db855b6d8f420e","root.record.ItemExhibitList.P5Item.CostElementCategoryList.Software.Recurring.CostElementList.CostElement"
"Owl Computing Technologies","","DISA","","","","","","","","","2019-BASE_PROCUREMENT-2019-DEFENSE_VOL1_ALL-U_PROCUREMENT_MasterJustificationBook_Defense-Wide_PB_2019.zzz_unzipped-U_PROCUREMENT_MasterJustificationBook_Defense-Wide_PB_2019.xml","436736dc46b53a54d8445dab329a31c86841ea66157bd631cb3659489f532a77","0-a552576e14d64af0ae75f1ba567ec9540508ce1c8b02bf3b74b04523d6f9134d","","","","0-14586e82fb1e4ee3c1d7516edfd3c0d2c0fa623547e90f86819da97493f6b394","root.record.ItemExhibitList.P5Item.CostElementCategoryList.Software.Recurring.CostElementList.CostElement"
"Carasoft","","NSA","","","","","","","","","2019-BASE_PROCUREMENT-2019-DEFENSE_VOL1_ALL-U_PROCUREMENT_MasterJustificationBook_Defense-Wide_PB_2019.zzz_unzipped-U_PROCUREMENT_MasterJustificationBook_Defense-Wide_PB_2019.xml","436736dc46b53a54d8445dab329a31c86841ea66157bd631cb3659489f532a77","0-966b75bd88628746587f151e66d9cea8cce574989e4b6e4ea901c6f48d41608f","","","","1-4c0bcc2f177a15b775241a886f52b8888030000ecfafc5301e8d13f642098206","root.record.ItemExhibitList.P5Item.CostElementCategoryList.Software.Recurring.CostElementList.CostElement"
"TBD","","DISA","","","","","","","","","2019-BASE_PROCUREMENT-2019-DEFENSE_VOL1_ALL-U_PROCUREMENT_MasterJustificationBook_Defense-Wide_PB_2019.zzz_unzipped-U_PROCUREMENT_MasterJustificationBook_Defense-Wide_PB_2019.xml","436736dc46b53a54d8445dab329a31c86841ea66157bd631cb3659489f532a77","1-375f3fc4f8f61ee1440acfdfea3f05fc1fee5b8a2d90e39324b687e05b21c034","","","","1-4c0bcc2f177a15b775241a886f52b8888030000ecfafc5301e8d13f642098206","root.record.ItemExhibitList.P5Item.CostElementCategoryList.Software.Recurring.CostElementList.CostElement"
"Four LLC","","DISA","","","","","","","","","2019-BASE_PROCUREMENT-2019-DEFENSE_VOL1_ALL-U_PROCUREMENT_MasterJustificationBook_Defense-Wide_PB_2019.zzz_unzipped-U_PROCUREMENT_MasterJustificationBook_Defense-Wide_PB_2019.xml","436736dc46b53a54d8445dab329a31c86841ea66157bd631cb3659489f532a77","2-ca1c76140995973ab1e98199c667589df819394afea4b200b3ec4cfeae20e5b6","","","","1-4c0bcc2f177a15b775241a886f52b8888030000ecfafc5301e8d13f642098206","root.record.ItemExhibitList.P5Item.CostElementCategoryList.Software.Recurring.CostElementList.CostElement"
"Owl Computing Technologies","","DISA","","","","","","","","","2019-BASE_PROCUREMENT-2019-DEFENSE_VOL1_ALL-U_PROCUREMENT_MasterJustificationBook_Defense-Wide_PB_2019.zzz_unzipped-U_PROCUREMENT_MasterJustificationBook_Defense-Wide_PB_2019.xml","436736dc46b53a54d8445dab329a31c86841ea66157bd631cb3659489f532a77","3-8fffafc383eb77a0b23169931e981dbfbe9607cdb1162376a1d95cc3c767da28","","","","1-4c0bcc2f177a15b775241a886f52b8888030000ecfafc5301e8d13f642098206","root.record.ItemExhibitList.P5Item.CostElementCategoryList.Software.Recurring.CostElementList.CostElement"
"TechTrend","","Arlington","","","","","","","","","2019-BASE_PROCUREMENT-2019-DEFENSE_VOL1_ALL-U_PROCUREMENT_MasterJustificationBook_Defense-Wide_PB_2019.zzz_unzipped-U_PROCUREMENT_MasterJustificationBook_Defense-Wide_PB_2019.xml","436736dc46b53a54d8445dab329a31c86841ea66157bd631cb3659489f532a77","0-7ae9b8d6370ca01bb064c6a44520430b69fd538ca0bba69286b0b7856bbdf213","","","","2-9d46676884a13066ba8a1a0ccfc9f1fd9c83baad765a3afa661a37e4fa63dc4b","root.record.ItemExhibitList.P5Item.CostElementCategoryList.Software.Recurring.CostElementList.CostElement"
"Lockheed Martin","","Moorestown, N.J.","0","0","0","0","0","0","0","0","2019-BASE_PROCUREMENT-2019-DEFENSE_MDA_VOL2-U_PROCUREMENT_JustificationBook_Missile_Defense_Agency_PB_2019.zzz_unzipped-U_PROCUREMENT_JustificationBook_Missile_Defense_Agency_PB_2019.xml","568f548e819829b5205b06245c99d48b9002f708e64d476785be99123517dea9","0-0a16761de97bbb08bd882470010753e92bee19ce21a3e58b6657a608e6b6c5dc","1.00","4.00","1.00","0-4f5b158494c322d388a727313e4dca67a36890122250765f293e0e452dbf6b42","root.record.ItemExhibitList.P5Item.CostElementCategoryList.Software.Recurring.CostElementList.CostElement"
"Lockheed Martin","","Moorestown, N.J.","0","0","0","0","0","0","0","0","2019-BASE_PROCUREMENT-2019-DEFENSE_MDA_VOL2-U_PROCUREMENT_MasterJustificationBook_Missile_Defense_Agency_PB_2019.zzz_unzipped-U_PROCUREMENT_MasterJustificationBook_Missile_Defense_Agency_PB_2019.xml","3a41a1803fb3037bb8ed95019778694c84e8bb76559ae5c01da1664b202c5952","0-e93b811141f02bfa1efb0d4016fa706a83d347fd371ba5f1e7290668fae374b0","1.00","4.00","1.00","0-f8bdb7cfb3cc2aa02e9b53311a433e37446f592af40f6e9fa276227250d1285e","root.record.ItemExhibitList.P5Item.CostElementCategoryList.Software.Recurring.CostElementList.CostElement"
"TBD","","TBD","","","","","","","","","2020-BASE_PROCUREMENT-2020-ARMY_OTHER_2-U_PROCUREMENT_JustificationBook_Army_PB_2020.zzz_unzipped-U_PROCUREMENT_JustificationBook_Army_PB_2020.xml","2492f83e14ae82bb7a4dbb530531755ba3e2daba5a842a81f1ef1b583a0fca12","0-4bbb12877291db7d559f11674216ca6c542a1299dca8c6e519845378dd367a6c","","","","0-6cdcbcd9827326c8890f7abc6c2ad04e5eba8c54b6986286574c22c7a3e313c3","root.record.ItemExhibitList.P5Item.CostElementCategoryList.Software.Recurring.CostElementList.CostElement"
"TBS","","TBS","","","","","","","","","2020-BASE_PROCUREMENT-2020-ARMY_OTHER_2-U_PROCUREMENT_JustificationBook_Army_PB_2020.zzz_unzipped-U_PROCUREMENT_JustificationBook_Army_PB_2020.xml","b88d7323f0c39487e5559446b30366f2a4b0cc7b20a8d7e248026f47c8d027bd","0-1e5e081a658642cda880b1817c740d607d98bb6e5442f05d75374af2a1622bea","","","","1-e563ad77791e8afc8ff18b4a66984b00c03caaf0675b8b4afb9152537d82e4a4","root.record.ItemExhibitList.P5Item.CostElementCategoryList.Software.Recurring.CostElementList.CostElement"
"TBS","","TBS","","","","","","","","","2020-BASE_PROCUREMENT-2020-ARMY_OTHER_2-U_PROCUREMENT_JustificationBook_Army_PB_2020.zzz_unzipped-U_PROCUREMENT_JustificationBook_Army_PB_2020.xml","b88d7323f0c39487e5559446b30366f2a4b0cc7b20a8d7e248026f47c8d027bd","0-e6aba2c284308849e74d45b622d299f242f91917bb16f4f0b4d332aae0658225","","","","0-ec55b6d50fba84ba1b113c09cc841cc554be06c590be9bdf124d52760cb45a08","root.record.ItemExhibitList.P5Item.CostElementCategoryList.Software.Recurring.CostElementList.CostElement"
"Various SW Manufacturers","","Various","","","","","","","","","2020-BASE_PROCUREMENT-2020-ARMY_OTHER_2-U_PROCUREMENT_JustificationBook_Army_PB_2020.zzz_unzipped-U_PROCUREMENT_JustificationBook_Army_PB_2020.xml","51236519ecb09c8b6ba737c7b761a5796e49ba02390051435c0a6b218da0ee54","0-7235e6fbed2bed0defe20313531c11de64ba2ba832b2e69ed3b7092124e77674","","","","0-d5ef204bbdb5a163d5fa89e5caa8cb2c37ee06ce7f4290badc532a308b369850","root.record.ItemExhibitList.P5Item.CostElementCategoryList.Software.Recurring.CostElementList.CostElement"
"Cole Engineering Services (P)","","Orlando","","","","","","","","","2020-BASE_PROCUREMENT-2020-ARMY_OTHER_3-4-U_PROCUREMENT_JustificationBook_Army_PB_2020.zzz_unzipped-U_PROCUREMENT_JustificationBook_Army_PB_2020.xml","75d6b5f9a3714a351adfe57397475b1716c9ab36d18146dce8d31a64a25ee33b","0-d63e1e8aac0bd089e144dfc1d2ea8940d9ad6129461d138e50bc1633b24e2f10","","","","0-8046b900142a0b2fcd34d7481d78df860b766a34aa3f8c9c639313c2b0d1eb5d","root.record.ItemExhibitList.P5Item.CostElementCategoryList.Software.Recurring.CostElementList.CostElement"
"Lockheed Martin","","Moorestown, N.J.","0","0","0","0","0","0","0","0","2020-BASE_PROCUREMENT-2020-DEFENSE_MDA_VOL2-U_PROCUREMENT_JustificationBook_Missile_Defense_Agency_PB_2020.zzz_unzipped-U_PROCUREMENT_JustificationBook_Missile_Defense_Agency_PB_2020.xml","1edd7d06c1a5b5d118e1ea68939509603cebaea49d05f047d35d1435d180edf5","0-4f077c650dceb6fdc1fe39cbbb8a9eccb3cc158702cc90c8ba7dc35c38a15f73","1.00","4.00","1.00","0-afb51cfcfe1bae744b9c9e143ea9c2eee8b00be62bca0d044e5f61455f50d244","root.record.ItemExhibitList.P5Item.CostElementCategoryList.Software.Recurring.CostElementList.CostElement"
"Lockheed Martin","","Moorestown, N.J.","0","0","0","0","0","0","0","0","2020-BASE_PROCUREMENT-2020-DEFENSE_MDA_VOL2-U_PROCUREMENT_JustificationBook_Missile_Defense_Agency_PB_2020.zzz_unzipped-U_PROCUREMENT_JustificationBook_Missile_Defense_Agency_PB_2020.xml","1edd7d06c1a5b5d118e1ea68939509603cebaea49d05f047d35d1435d180edf5","1-e3bb5099658c42ae77a2015a5ed282dc25946c9f6cf71ef3662d45d415ffd6de","1.00","8.00","1.00","0-afb51cfcfe1bae744b9c9e143ea9c2eee8b00be62bca0d044e5f61455f50d244","root.record.ItemExhibitList.P5Item.CostElementCategoryList.Software.Recurring.CostElementList.CostElement"
"Lockheed Martin","","Moorestown, N.J.","0","0","0","0","0","0","0","0","2020-BASE_PROCUREMENT-2020-DEFENSE_MDA_VOL2-U_PROCUREMENT_MasterJustificationBook_Missile_Defense_Agency_PB_2020.zzz_unzipped-U_PROCUREMENT_MasterJustificationBook_Missile_Defense_Agency_PB_2020.xml","b2983f9844c9cb3db4e8232e934f8102a93cca0f16cff5af771498996690520b","0-c8f9cf1c0b41c81b95f912b58b781718b98fb0338ad7ef81dccbdb8621786feb","1.00","4.00","1.00","0-002b1b9e06982d237fd1fc8dae01439bb2608eecd8c2ece258ee2a4aa848dca6","root.record.ItemExhibitList.P5Item.CostElementCategoryList.Software.Recurring.CostElementList.CostElement"
"Lockheed Martin","","Moorestown, N.J.","0","0","0","0","0","0","0","0","2020-BASE_PROCUREMENT-2020-DEFENSE_MDA_VOL2-U_PROCUREMENT_MasterJustificationBook_Missile_Defense_Agency_PB_2020.zzz_unzipped-U_PROCUREMENT_MasterJustificationBook_Missile_Defense_Agency_PB_2020.xml","b2983f9844c9cb3db4e8232e934f8102a93cca0f16cff5af771498996690520b","1-5716bc0228485f1095eed1872bccdd42d909b29ac6e56c16fcfea54a1fb4c61f","1.00","8.00","1.00","0-002b1b9e06982d237fd1fc8dae01439bb2608eecd8c2ece258ee2a4aa848dca6","root.record.ItemExhibitList.P5Item.CostElementCategoryList.Software.Recurring.CostElementList.CostElement"
