Name_val,Cost_PriorYear_TotalCost_val,Cost_CurrentYear_TotalCost_val,Cost_BudgetYearOneBase_TotalCost_val,Cost_BudgetYearOne_TotalCost_val,Cost_TotalCost_CurrentYear_val,Cost_TotalCost_BudgetYearOneBase_val,Cost_TotalCost_BudgetYearOne_val,Cost_TotalCost_PriorYear_val,Cost_TotalCost_BudgetYearOneOCO_val,Cost_TotalCost_AllPriorYears_val,@SOURCE_FILENAME,@RECORDID,@ROWID,@PARENTROWID,@PARENT
"Training Spt / Manuals / NET","0.000","0.000","5","5","","","","","","","2014-BASE_PROCUREMENT-2014-ARMY_AIRCRAFT-PROCUREMENT_JustificationBook_Army_PB_2014.zzz_unzipped-PROCUREMENT_JustificationBook_Army_PB_2014.xml","1aa75687ef7a4cffb445c518d42384a629312bf038b7e6426bbe4481ce2434c5","0-ab7734aad5c80571210878cccf6240ff1f2fd5d299c4588246331ac64b5a0819","0-8bc8b994dbb799fb29f4ea5682a239d7b967b606add8f5cbcaf79a0d160d5a5a","root.record.ItemExhibitList.P5Item"
"Training Spt / Manuals / NET","","","","","5","5","5","","","","2015-BASE_PROCUREMENT-2015-ARMY_AIRCRAFT-PROCUREMENT_JustificationBook_Army_PB_2015.zzz_unzipped-PROCUREMENT_JustificationBook_Army_PB_2015.xml","d39ed3277b3add00db4b074e3e135d7a204427411f883247e24000af04ac0f9c","0-a91f56528aa0911e4f9e9119c0cc21d57ef802718ce0232987d8ae53581c3e12","0-28099dea8ea14f684a02890b0c957c86ec75e00a8cd9fe96d7a7223df0e35d03","root.record.ItemExhibitList.P5Item"
"Training Spt / Manuals / NET","","","","","5","5","5","","","","2015-AMENDED_PROCUREMENT_AND_RDTE-2015-ARMY-APA PROCUREMENT_JustificationBook_Army_PBAmended_2015.zzz_unzipped-PROCUREMENT_JustificationBook_Army_PBAmended_2015.xml","c16482590872d5539db32f7b74044426529833bbcd576bea342c8136dc6657cc","0-f86ff5c3a8f3308ef48dd1fe3666a41e2c42ee7489d360be72515b22eef7e4c9","0-0e943c09f6507fc5097870527c99925a0f9ddef481f0cb860bfd65cf9c6ed6aa","root.record.ItemExhibitList.P5Item"
"Training Spt / Manuals / NET","","","","","2","","6.2","1","6.2","","2016-BASE_PROCUREMENT-2016-ARMY_AIRCRAFT-PROCUREMENT_JustificationBook_Army_PB_2016.zzz_unzipped-PROCUREMENT_JustificationBook_Army_PB_2016.xml","ab3fb7598e46aab66503b72f56989aaada13ea8c436470540dbe53b099099275","0-bc3850be778622093778937bc8a8e15ced6a3f9749b3e27862e95446620ac299","0-70632d9ef06458fd0a858652e152791fa44c4268458a49163b1df699534f8230","root.record.ItemExhibitList.P5Item"
"Facilitization","","","","","1","","","","","","2016-BASE_PROCUREMENT-2016-ARMY_AIRCRAFT-PROCUREMENT_JustificationBook_Army_PB_2016.zzz_unzipped-PROCUREMENT_JustificationBook_Army_PB_2016.xml","ab3fb7598e46aab66503b72f56989aaada13ea8c436470540dbe53b099099275","1-45d5f4142c32d9192a7510a326f1556c28e5278a5a1d9923fa1eee4eab24ad9b","0-70632d9ef06458fd0a858652e152791fa44c4268458a49163b1df699534f8230","root.record.ItemExhibitList.P5Item"
"Transportation","","","","","0.05","0.05","0.05","0.05","","","2016-BASE_PROCUREMENT-2016-ARMY_OTHER_3-4-PROCUREMENT_JustificationBook_Army_PB_2016.zzz_unzipped-PROCUREMENT_JustificationBook_Army_PB_2016.xml","84818f2acc468d7ac3d74f8a0c13b83079dbf9c5fd3a1cb994ec152702831a2b","0-2908345833ba5ff2cf7866ecaff8333d0613d5cd76ed0253777f68c9df45e835","2-4842fadf78121fdb5fb690804ef16c9eb9cb7951f54ff66e19fe26b299725cd1","root.record.ItemExhibitList.P5Item"
"Training Spt / Manuals / NET","","","","","","","","6.8","","","2017-BASE_PROCUREMENT-2017-ARMY_AIRCRAFT-U_PROCUREMENT_JustificationBook_Army_PB_2017.zzz_unzipped-U_PROCUREMENT_JustificationBook_Army_PB_2017.xml","5cb380a3267b65733325846ef87294e5c79f65c1208eec3780d62b7385e63e86","0-6e513426343a0935c352bf848be69bbc573a09dcb315d63355618d71c8983bf4","0-8f58d996962c64a43e516968cc4133fdf92f3e4d99a988dea2304409cff3869e","root.record.ItemExhibitList.P5Item"
"Facilitization","","","","","","","","4.6","","","2017-BASE_PROCUREMENT-2017-ARMY_AIRCRAFT-U_PROCUREMENT_JustificationBook_Army_PB_2017.zzz_unzipped-U_PROCUREMENT_JustificationBook_Army_PB_2017.xml","5cb380a3267b65733325846ef87294e5c79f65c1208eec3780d62b7385e63e86","1-5bbe8721b9e3549f4d9bb3ad931957ad1405db53fd1280a5b19928042dad3f7d","0-8f58d996962c64a43e516968cc4133fdf92f3e4d99a988dea2304409cff3869e","root.record.ItemExhibitList.P5Item"
"Other","","","","","2.073","0.894","0.894","0.317","","","2017-BASE_PROCUREMENT-2017-ARMY_AIRCRAFT-U_PROCUREMENT_JustificationBook_Army_PB_2017.zzz_unzipped-U_PROCUREMENT_JustificationBook_Army_PB_2017.xml","32d4ed055ca4b18617ccf665cfdbe9784af761d4b0dee35e05c8b7cb12be4edb","0-0198117da6948706ce2eb70ac8dd7d26e31550ccafded1e2e5643491398af903","1-d35171d45e2c53fc9cf5ee274b62caa3176255a34d558bd658f6735344324556","root.record.ItemExhibitList.P5Item"
"JSAM RW MPU-5 - Technical Data Package","","","","","0","0","0","1.294","","0","2017-BASE_PROCUREMENT-2017-DEFENSE_CBDP-U_PROCUREMENT_JustificationBook_Chemical_and_Biological_Defense_Program_PB_2017.zzz_unzipped-U_PROCUREMENT_JustificationBook_Chemical_and_Biological_Defense_Program_PB_2017.xml","f4d80b3d0ec9ba6ba7c7ff3e5c7f21e1a694588b648cbd0864ae77b1cc1894b3","0-462c7fbbb682960f488106a6919620c881bd9923457516347d00b85fe1e93997","0-13a7b1fded14df7115a7da55c4e04a886a6a42a5c996161aa85f58d6e5ce980c","root.record.ItemExhibitList.P5Item"
"JSAM RW MPU-5 - Technical Data Package","","","","","0","0","0","1.294","","0","2017-BASE_PROCUREMENT-2017-DEFENSE_VOL1_ALL-U_PROCUREMENT_MasterJustificationBook_Defense-Wide_PB_2017.zzz_unzipped-U_PROCUREMENT_MasterJustificationBook_Defense-Wide_PB_2017.xml","d308f95350d49179c88adcd2ce8fac41317a825d8d794e785058fbd0fe568e07","0-3fff7f069d3c25791eb1347d5d50e3a2443ac10beaddadd1dc3a8da6e7aa60ac","0-0468950ec840ef3895b6d503c8a78c246de4147a13fabba2b00da8cf99225e65","root.record.ItemExhibitList.P5Item"
"JSAM RW MPU-5 - Technical Data Package","","","","","0","0","0","1.294","","0","2017-BASE_PROCUREMENT-2017-DEFENSE_CBDP-U_PROCUREMENT_MasterJustificationBook_Chemical_and_Biological_Defense_Program_PB_2017.zzz_unzipped-U_PROCUREMENT_MasterJustificationBook_Chemical_and_Biological_Defense_Program_PB_2017.xml","d977fd8b6efd538276c790b02e3c3cee080fc0cff92fa7f25f69032143ad5870","0-9ba1eff9e1c75fcf93f72ec3fbf3910bee01950bcb2d5170144bb5990ef309c6","0-96782b88e34f3c9051a36e459dc99f9a81eebeb4c873c51e58a46e1cfdb13344","root.record.ItemExhibitList.P5Item"
"Drawings","","","","","","0.25","0.25","","","","2018-BASE_PROCUREMENT-2018-AIRFORCE_AIRCRAFT_VOL1-U_PROCUREMENT_JustificationBook_Air_Force_PB_2018.zzz_unzipped-U_PROCUREMENT_JustificationBook_Air_Force_PB_2018.xml","47e5355a948c8fbe389017c42c4eb4d2a9fc9519d83e404772a3382b6f2f8645","0-14014dd6c9d213fa6bcf823b9735894af681cdbdea35a4db8feba2f184b79f12","1-f08907064a3a4844029341b8b8b3c7e61b8497530457cec5ce285c029b95214d","root.record.ItemExhibitList.P5Item"
"Tech Data","","","","","0.735","","","","","","2018-BASE_PROCUREMENT-2018-AIRFORCE_AIRCRAFT_VOL1-U_PROCUREMENT_JustificationBook_Air_Force_PB_2018.zzz_unzipped-U_PROCUREMENT_JustificationBook_Air_Force_PB_2018.xml","47e5355a948c8fbe389017c42c4eb4d2a9fc9519d83e404772a3382b6f2f8645","0-d4d481a14f4225c7924184c7b93e1eedb1e1d122b6b7e401ba5650170d73be38","2-a3e1ba87e3ae7a5608d7220ed6dac589415c71c2307ca27f1b667536d02c9c51","root.record.ItemExhibitList.P5Item"
"Drawings","","","","","","0.25","0.25","","","","2018-BASE_PROCUREMENT-2018-AIRFORCE_AIRCRAFT_VOL2-U_PROCUREMENT_MasterJustificationBook_Air_Force_PB_2018.zzz_unzipped-U_PROCUREMENT_MasterJustificationBook_Air_Force_PB_2018.xml","0da78f27572db070197942852d97c0f1a7719a9bfae8823a5bcffc08ab017553","0-ea7425b5f3944e257965b19eaefeba6037ed875aeb9dee02d7f056447b5d5349","1-e824f0fdd9c8072fba3886c167830d640d8b880e907e0549e9a0983088ff7202","root.record.ItemExhibitList.P5Item"
"Tech Data","","","","","0.735","","","","","","2018-BASE_PROCUREMENT-2018-AIRFORCE_AIRCRAFT_VOL2-U_PROCUREMENT_MasterJustificationBook_Air_Force_PB_2018.zzz_unzipped-U_PROCUREMENT_MasterJustificationBook_Air_Force_PB_2018.xml","0da78f27572db070197942852d97c0f1a7719a9bfae8823a5bcffc08ab017553","0-9e8cbde3631c3149c7f91e523ee6e611eadb221e130c2d9a9c2c41cb34583435","2-a7d5e7cb64188bdcf25991e05b6eee9f25986fdbd7273979b3a4198265f57a44","root.record.ItemExhibitList.P5Item"
"CMS","","","","","","4.829","4.829","","","","2018-BASE_PROCUREMENT-2018-AIRFORCE_AMMUNITION-U_PROCUREMENT_JustificationBook_Air_Force_PB_2018.zzz_unzipped-U_PROCUREMENT_JustificationBook_Air_Force_PB_2018.xml","4e556b87336aa79100d4803e900d244a7156d4dd8d8f6b26cd3ec27f992e16fb","0-a3c38e2a62e3fb1e728bc003595954dbc33feb4bb5d82bcc3bd1edbb936c9042","0-c5f7b3c546fe0067e9217c50be0df320bd95b62d85c7c4f55a5167a56629a5be","root.record.ItemExhibitList.P5Item"
"CMS","","","","","","4.829","4.829","","","","2018-BASE_PROCUREMENT-2018-AIRFORCE_AMMUNITION-U_PROCUREMENT_MasterJustificationBook_Air_Force_PB_2018.zzz_unzipped-U_PROCUREMENT_MasterJustificationBook_Air_Force_PB_2018.xml","63cece1a674f1f0912ca47ccc55131b5fec02f521a4eb768eb56d7c1d9e6ec09","0-aacf3a6a76f87b88057d055e8a919bde4cf6f0d4c89bc44864ca2b0409b64ccb","0-b92c8d865101c39208514761123c17db5affa4cf7edfa5e237d1cb014512f5ea","root.record.ItemExhibitList.P5Item"
"Other","","","","","0.894","1.639","1.639","0.61","","0.317","2018-BASE_PROCUREMENT-2018-ARMY_AIRCRAFT-U_PROCUREMENT_JustificationBook_Army_PB_2018.zzz_unzipped-U_PROCUREMENT_JustificationBook_Army_PB_2018.xml","55dcc1660fdcdb782491981e62adde0b10fa032847a595842880155371de42a8","0-e7871375af28d532c2c142f3aee7799ce9f9069d750830133784a36f3741d546","1-faf6dc487e65bd315d169fd98b2446397993bfa40631e9e1fe9d7bc9d81b7a36","root.record.ItemExhibitList.P5Item"
"Logistics Development","","","","","","5.877","5.877","","","","2018-BASE_PROCUREMENT-2018-ARMY_OTHER_1-U_PROCUREMENT_JustificationBook_Army_PB_2018.zzz_unzipped-U_PROCUREMENT_JustificationBook_Army_PB_2018.xml","7d08672b5f551138a3afe9f82738f3705958ddbc921bc54e62a0ef5d66accf81","0-a31cbc0adbbc3da395f60127aa0e388c718c18cc09511a6f96190caf7c5b91bf","0-05aa5696bb9c835d90ba98e128e23333c361934683757dbc614e8eefdf74b7be","root.record.ItemExhibitList.P5Item"
"Drawings","","","","","0.25","","","","","","2019-BASE_PROCUREMENT-2019-AIRFORCE_AIRCRAFT_VOL1-U_PROCUREMENT_JustificationBook_Air_Force_PB_2019.zzz_unzipped-U_PROCUREMENT_JustificationBook_Air_Force_PB_2019.xml","ce929d168269d036921bf164e19a06d4e3529a2f2baa04b769d0a124928062ad","0-87f686c38a196fd913bc3e4903e7d81ac4de8079e75131abab16c0a40e4220f8","1-7fe503efb9efcc3cb061f4cdf17295cb2094fa60c4c219bcc6bf3b7f71ecf53b","root.record.ItemExhibitList.P5Item"
"Tech Data","","","","","","","","0.735","","","2019-BASE_PROCUREMENT-2019-AIRFORCE_AIRCRAFT_VOL1-U_PROCUREMENT_JustificationBook_Air_Force_PB_2019.zzz_unzipped-U_PROCUREMENT_JustificationBook_Air_Force_PB_2019.xml","ce929d168269d036921bf164e19a06d4e3529a2f2baa04b769d0a124928062ad","0-18d78a9b0d6733f196b815e5d7fd7babd4990f81e325745bfa50893025324888","2-c0e5d3b56fae9dc56072c16e30d241d978f570cf3d26934c3815fa06c69b70f1","root.record.ItemExhibitList.P5Item"
"Drawings","","","","","0.25","","","","","","2019-BASE_PROCUREMENT-2019-AIRFORCE_AIRCRAFT_VOL2-U_PROCUREMENT_MasterJustificationBook_Air_Force_PB_2019.zzz_unzipped-U_PROCUREMENT_MasterJustificationBook_Air_Force_PB_2019.xml","402be201207115d2589b80f4a02ed50085dfb67a83bbf0a56c7d3fe6bc34ea25","0-c966ba773bd051cc0fb2af268640a36409d42a97c3d5f421c1a28dba4e2311ef","1-557ba4bec4ed75791e25a1668df4ed3a5411986e354232355351e11f945b6e53","root.record.ItemExhibitList.P5Item"
"Tech Data","","","","","","","","0.735","","","2019-BASE_PROCUREMENT-2019-AIRFORCE_AIRCRAFT_VOL2-U_PROCUREMENT_MasterJustificationBook_Air_Force_PB_2019.zzz_unzipped-U_PROCUREMENT_MasterJustificationBook_Air_Force_PB_2019.xml","402be201207115d2589b80f4a02ed50085dfb67a83bbf0a56c7d3fe6bc34ea25","0-c7f8a05fc6d2a9146e6d71501edf014ad2d9965d3a05355535ebf32b4f14d80d","2-1314a7c28d607eb4def89ebf63a2afeb2d0530a9ed8820e5f03de57e1929bc8b","root.record.ItemExhibitList.P5Item"
"CMS","","","","","4.829","3.746","3.746","","","3.378","2019-BASE_PROCUREMENT-2019-AIRFORCE_AMMUNITION-U_PROCUREMENT_JustificationBook_Air_Force_PB_2019.zzz_unzipped-U_PROCUREMENT_JustificationBook_Air_Force_PB_2019.xml","febe812ff6da49c74047d6ca8ec01f4aa83c73b56f8c312dc3f34dd1983e8647","0-39515cbb4af7d2a86a7933cf624f35f14e46a086e7c5221de5163c964112a0b8","0-772db35c3b1b43002862fc84c0a8693c91913b35219a155f7ddc0486ddc5bf72","root.record.ItemExhibitList.P5Item"
"Technical Data","","","","","","1.174","1.174","","","","2019-BASE_PROCUREMENT-2019-AIRFORCE_AMMUNITION-U_PROCUREMENT_JustificationBook_Air_Force_PB_2019.zzz_unzipped-U_PROCUREMENT_JustificationBook_Air_Force_PB_2019.xml","febe812ff6da49c74047d6ca8ec01f4aa83c73b56f8c312dc3f34dd1983e8647","1-4f45d10480048d2f8c40c95f8c2cc0e4c675edcdf46a4d72b0107aa234c81113","0-772db35c3b1b43002862fc84c0a8693c91913b35219a155f7ddc0486ddc5bf72","root.record.ItemExhibitList.P5Item"
"CMS","","","","","4.829","3.746","3.746","","","3.378","2019-BASE_PROCUREMENT-2019-AIRFORCE_AMMUNITION-U_PROCUREMENT_MasterJustificationBook_Air_Force_PB_2019.zzz_unzipped-U_PROCUREMENT_MasterJustificationBook_Air_Force_PB_2019.xml","c48d29353e3e6e5cf9c29adfc0105bdb804a21b25e74ec61fd9d65a6eb451eb5","0-a6c0ad9179faef75a8fc2f6fa4cba3f604ecc714afef8f2736e0f622d981007e","0-b939854d6cc83e541aaa06ae65ec1d414cda393983222ffa4defd66f511ae475","root.record.ItemExhibitList.P5Item"
"Technical Data","","","","","","1.174","1.174","","","","2019-BASE_PROCUREMENT-2019-AIRFORCE_AMMUNITION-U_PROCUREMENT_MasterJustificationBook_Air_Force_PB_2019.zzz_unzipped-U_PROCUREMENT_MasterJustificationBook_Air_Force_PB_2019.xml","c48d29353e3e6e5cf9c29adfc0105bdb804a21b25e74ec61fd9d65a6eb451eb5","1-c15d22cf04170d8457a8203f03a52c639ea5f3d0f1e98b59d78b72b3daa305de","0-b939854d6cc83e541aaa06ae65ec1d414cda393983222ffa4defd66f511ae475","root.record.ItemExhibitList.P5Item"
"Other","","","","","1.639","1.869","1.869","1.053","","0.927","2019-BASE_PROCUREMENT-2019-ARMY_AIRCRAFT-U_PROCUREMENT_JustificationBook_Army_PB_2019.zzz_unzipped-U_PROCUREMENT_JustificationBook_Army_PB_2019.xml","a0aea4c8b2abc1f0406fefaeaf5dd5fbb8a09af6840167aa292f63142cd39fe2","0-380b707a44f43a49b94091d8f7c67b70893731840c595e9f2f6537a524be91d1","1-7b19aefe62f757aebb42417e71dc220434d1a1258c971015ed4eb8489a620273","root.record.ItemExhibitList.P5Item"
"Depot Stand Up","","","","","","1.694","1.694","","","","2019-BASE_PROCUREMENT-2019-ARMY_AIRCRAFT-U_PROCUREMENT_JustificationBook_Army_PB_2019.zzz_unzipped-U_PROCUREMENT_JustificationBook_Army_PB_2019.xml","a0aea4c8b2abc1f0406fefaeaf5dd5fbb8a09af6840167aa292f63142cd39fe2","1-2276bac8db73134507449486367236a50c9c33d0eed341477f02fa9680d90759","1-7b19aefe62f757aebb42417e71dc220434d1a1258c971015ed4eb8489a620273","root.record.ItemExhibitList.P5Item"
"Contractor Logistics Support","","","","","","2.174","2.174","","","","2019-BASE_PROCUREMENT-2019-ARMY_WTCV-U_PROCUREMENT_JustificationBook_Army_PB_2019.zzz_unzipped-U_PROCUREMENT_JustificationBook_Army_PB_2019.xml","8ffe67162423f6ac7a1217a61a32b9eb793995fbf878f7a8ca213e7003de474e","0-d5f33e53d1755d532e499364cd2522d8dbf3d80f24d79db45800056d5d18b7c9","0-78e2bafc138267cde99ba9bf500959b0a3e43c083008a62d6c10e37272df539e","root.record.ItemExhibitList.P5Item"
"Fielding & NET","","","","","","0.773","0.773","","","","2019-BASE_PROCUREMENT-2019-ARMY_OTHER_3-4-U_PROCUREMENT_JustificationBook_Army_PB_2019.zzz_unzipped-U_PROCUREMENT_JustificationBook_Army_PB_2019.xml","2a50e27a9ce3f13992363731e40102563b187666f01e35a682e5856c6be1e9e8","0-1d5a9eaa127eddbdf7f605447656f6247a543ae1a73a5e8a81ec57975fbb5b33","0-8504673512053b3b0d072e8d83b4caa5b8e99786ac078aaa82123524170cc10d","root.record.ItemExhibitList.P5Item"
"Fielding and NET","","","","","0.5","0.47","0.47","0.138","","","2019-BASE_PROCUREMENT-2019-ARMY_OTHER_3-4-U_PROCUREMENT_JustificationBook_Army_PB_2019.zzz_unzipped-U_PROCUREMENT_JustificationBook_Army_PB_2019.xml","2a50e27a9ce3f13992363731e40102563b187666f01e35a682e5856c6be1e9e8","0-4e8f8a738f9444d0524092ea349201cf439b084b5b00b5be246103cc0a6b072b","1-2eee3a177f812b06dedea69aa7fdc452a4944591c252599b06174140cd8c21d8","root.record.ItemExhibitList.P5Item"
"Logistics Development","","","","","5.877","","","0.207","","","2019-BASE_PROCUREMENT-2019-ARMY_OTHER_1-U_PROCUREMENT_JustificationBook_Army_PB_2019.zzz_unzipped-U_PROCUREMENT_JustificationBook_Army_PB_2019.xml","362b433737c0bfe07c5ac211a3547971a04d9218e81880aaf229b0abf26d87ea","0-9549411b08d520123718c2f17078d6dbe43f664724341d9abcc4cece69cfef99","0-6fa0db91441e1e33380c90e40684ab5495786ec2eece9db924ae146d12040c7e","root.record.ItemExhibitList.P5Item"
"Integrated Footwear Solution (IFS)","","","","","0","0","0","2.5","","0","2019-BASE_PROCUREMENT-2019-DEFENSE_CBDP-U_PROCUREMENT_JustificationBook_Chemical_and_Biological_Defense_Program_PB_2019.zzz_unzipped-U_PROCUREMENT_JustificationBook_Chemical_and_Biological_Defense_Program_PB_2019.xml","592bcc3ba6d0c844157379e33da0adc1ea7ce2ba0623e68937d04e628923afcc","0-baa7297b6d2f41fbf00c42e909a25ae1056677b3f6776b8a3aae6346e9d91710","2-5dec1673498034dfaf7abde74043e9fbfd2a06f0b2c5567407aaca64f1d2a64c","root.record.ItemExhibitList.P5Item"
"Integrated Footwear Solution (IFS)","","","","","0","0","0","2.5","","0","2019-BASE_PROCUREMENT-2019-DEFENSE_VOL1_ALL-U_PROCUREMENT_MasterJustificationBook_Defense-Wide_PB_2019.zzz_unzipped-U_PROCUREMENT_MasterJustificationBook_Defense-Wide_PB_2019.xml","2541192401cc050c4ea3f3c86663f9efdc92923673cb8bab95460bb869fed504","0-49dd8df66730f5c2005f9f61f2cb4ca1b2e53bb7ae6b6eb3dc367dd59825f9ad","2-1cb0d745d07f6c153d06425b6df80ee3d69a0fcce35053523793129d80afa668","root.record.ItemExhibitList.P5Item"
"Integrated Footwear Solution (IFS)","","","","","0","0","0","2.5","","0","2019-BASE_PROCUREMENT-2019-DEFENSE_CBDP-U_PROCUREMENT_MasterJustificationBook_Chemical_and_Biological_Defense_Program_PB_2019.zzz_unzipped-U_PROCUREMENT_MasterJustificationBook_Chemical_and_Biological_Defense_Program_PB_2019.xml","71ff273d841e66289e9398df33f1c0ba0686306e7be81e9ef6bb2fb79d4f3944","0-2f396db954d0bb8198d139b3c75dfc530319a28d627d5418be6eadc867448f61","2-89341c21617601e0dd0a03d1fd332a6f1f8c1f056c86905fd8e036c8fd440017","root.record.ItemExhibitList.P5Item"
"Drawings","","","","","","","","0.25","","","2020-BASE_PROCUREMENT-2020-AIRFORCE_AIRCRAFT_VOL1-U_PROCUREMENT_JustificationBook_Air_Force_PB_2020.zzz_unzipped-U_PROCUREMENT_JustificationBook_Air_Force_PB_2020.xml","4628e3a32eab37f4083ff96114141136874d174116421480e3a5ae5c9b33569b","0-da96cdfcade8e6b8900b4c1b1a2b5eac05a13fb255d79a2c837b4b810bc5aecc","2-43e90895e12e05fe4dfe848dfa54f966f9e3bf03aef0f3b0539f766fa2674697","root.record.ItemExhibitList.P5Item"
"Drawings","","","","","","","","0.25","","","2020-BASE_PROCUREMENT-2020-AIRFORCE_AIRCRAFT_VOL2-U_PROCUREMENT_MasterJustificationBook_Air_Force_PB_2020.zzz_unzipped-U_PROCUREMENT_MasterJustificationBook_Air_Force_PB_2020.xml","f9236649c78c37c57dbe820881e9fb3a912f5483104dc2dbbff2b3e56deedd87","0-6d874e5535ecfe1ae891eabda41430ba25e7c42db16a964444a5928817dd08d1","2-816c3edea612536ed85734ade93fb44505937ad7a95fa2aadd6b8eae1d245910","root.record.ItemExhibitList.P5Item"
"CMS","","","","","0.2","0","3.297","3.746","3.297","3.378","2020-BASE_PROCUREMENT-2020-AIRFORCE_AMMUNITION-U_PROCUREMENT_JustificationBook_Air_Force_PB_2020.zzz_unzipped-U_PROCUREMENT_JustificationBook_Air_Force_PB_2020.xml","1e63ae67232bf79d1dab02b538ecf7c46601ae68ff91e61ae778a77cc9004f0c","0-ed41ec3668a32040634fd4d03b537e26d1a9a849985f87b8f72cb8edc6dd29ef","0-b6bddf9669480912f209f61e301e8ca2a6f11754c10b3b9af9d1e41b25b6dbc0","root.record.ItemExhibitList.P5Item"
"Technical Data","","","","","0","0","0","0","0","","2020-BASE_PROCUREMENT-2020-AIRFORCE_AMMUNITION-U_PROCUREMENT_JustificationBook_Air_Force_PB_2020.zzz_unzipped-U_PROCUREMENT_JustificationBook_Air_Force_PB_2020.xml","1e63ae67232bf79d1dab02b538ecf7c46601ae68ff91e61ae778a77cc9004f0c","1-8ac9e9db1d815fb1a8f74055a98dbd1f2e9dc6000e83f2c369742cd9d4d8b445","0-b6bddf9669480912f209f61e301e8ca2a6f11754c10b3b9af9d1e41b25b6dbc0","root.record.ItemExhibitList.P5Item"
"CMS","","","","","0.2","0","3.297","3.746","3.297","3.378","2020-BASE_PROCUREMENT-2020-AIRFORCE_AMMUNITION-U_PROCUREMENT_MasterJustificationBook_Air_Force_PB_2020.zzz_unzipped-U_PROCUREMENT_MasterJustificationBook_Air_Force_PB_2020.xml","df0c24c79714db965bc49d1f6003f0cd9a2210c6efa351193d977c7178374dba","0-06ce9b72f418fb467de85d7a3c35694e6c190c6b9ec4c9ecb65d302abaf72f5e","0-f4817a9dfb4ec0dae0bf0b60649071a5453b51c09d6239beeec787624c30d6d3","root.record.ItemExhibitList.P5Item"
"Technical Data","","","","","0","0","0","0","0","","2020-BASE_PROCUREMENT-2020-AIRFORCE_AMMUNITION-U_PROCUREMENT_MasterJustificationBook_Air_Force_PB_2020.zzz_unzipped-U_PROCUREMENT_MasterJustificationBook_Air_Force_PB_2020.xml","df0c24c79714db965bc49d1f6003f0cd9a2210c6efa351193d977c7178374dba","1-b0b0f8b79a1972aa48db0d4ae28c31f7c66d66117727c058e33731a677fd17be","0-f4817a9dfb4ec0dae0bf0b60649071a5453b51c09d6239beeec787624c30d6d3","root.record.ItemExhibitList.P5Item"
"Other","","","","","","","","","","1.98","2020-BASE_PROCUREMENT-2020-ARMY_AIRCRAFT-U_PROCUREMENT_JustificationBook_Army_PB_2020.zzz_unzipped-U_PROCUREMENT_JustificationBook_Army_PB_2020.xml","1ab1006988f4b28a446a6b7f7037a9ed1dfeca74bb59361ccb1e69fb71062404","0-31b00073ea95f7b343bbdfc43ba9fbd04b338220141ef91796d52f96b4fd8f9e","1-463a0e2450abcf58b3d3feea0fbe8908f40fcf94582fd7f912a4ef6732fb0c49","root.record.ItemExhibitList.P5Item"
"Depot Stand Up","","","","","","4.686","4.686","","","","2020-BASE_PROCUREMENT-2020-ARMY_AIRCRAFT-U_PROCUREMENT_JustificationBook_Army_PB_2020.zzz_unzipped-U_PROCUREMENT_JustificationBook_Army_PB_2020.xml","1ab1006988f4b28a446a6b7f7037a9ed1dfeca74bb59361ccb1e69fb71062404","1-375f7e5638ad433623d2251da266db94501252d4afddd16f6b0ce265dc5f7fa1","1-463a0e2450abcf58b3d3feea0fbe8908f40fcf94582fd7f912a4ef6732fb0c49","root.record.ItemExhibitList.P5Item"
"M3 OCO Transport","","","","","","","0.024","","0.024","","2020-BASE_PROCUREMENT-2020-ARMY_WTCV-U_PROCUREMENT_JustificationBook_Army_PB_2020.zzz_unzipped-U_PROCUREMENT_JustificationBook_Army_PB_2020.xml","9802c6998f5b514de30340479bce6f9a007badd625d266be395ddbfb038d7eb3","0-72c0efd0d4255ad49c82b861c7dfb0870f81aee427e7349dcc76e47ae425120c","0-70675ac067862c774b87befc15337330817b29436533552d3ce469c03db79c75","root.record.ItemExhibitList.P5Item"
"Contractor Logistics Support","","","","","","4.275","4.275","","","","2020-BASE_PROCUREMENT-2020-ARMY_WTCV-U_PROCUREMENT_JustificationBook_Army_PB_2020.zzz_unzipped-U_PROCUREMENT_JustificationBook_Army_PB_2020.xml","1b4703c11c3826690760386ba7d6bb8dd5aae43116e274fa706883b882470836","0-7c29892e1f42372edb09f8e8ee813264e04ad950ab262a56f60230c669f69f62","0-78b362e11b316ced3c23ba5332a3bfeb25a5c79f5642e6740fe2805aaca02eca","root.record.ItemExhibitList.P5Item"
"New Equipment Training","","","","","","0.05","0.05","","","","2020-BASE_PROCUREMENT-2020-ARMY_WTCV-U_PROCUREMENT_JustificationBook_Army_PB_2020.zzz_unzipped-U_PROCUREMENT_JustificationBook_Army_PB_2020.xml","1b4703c11c3826690760386ba7d6bb8dd5aae43116e274fa706883b882470836","1-b986a620d8e5e18c52944f99c48a96a6f1552df6d3d2b0cb950a599ff72c566c","0-78b362e11b316ced3c23ba5332a3bfeb25a5c79f5642e6740fe2805aaca02eca","root.record.ItemExhibitList.P5Item"
"Logistics Development","","","","","","3.531","3.531","2","","","2020-BASE_PROCUREMENT-2020-ARMY_OTHER_1-U_PROCUREMENT_JustificationBook_Army_PB_2020.zzz_unzipped-U_PROCUREMENT_JustificationBook_Army_PB_2020.xml","c3442419761d6f839f7fed3cbb3c053f36f4a5d8351a412f902b6983f97610e0","0-e3d639464ef695904662628759c5d5375c82b144ad2ca6d8b572126f8f4922ea","0-0805409bb909025252506d0f2d5b42425b1df7e71515fab615992c4c942c32f4","root.record.ItemExhibitList.P5Item"
"Depot Pipeline /Organic Maintenace Build Up","","","","","","1.211","1.211","","","","2020-BASE_PROCUREMENT-2020-ARMY_OTHER_2-U_PROCUREMENT_JustificationBook_Army_PB_2020.zzz_unzipped-U_PROCUREMENT_JustificationBook_Army_PB_2020.xml","b50b61381c2d25f2841b4d2bc506dea2c7c990db94f4ba9ddc799a3b12940092","0-206b7fc607962dce9b03ea1b500e9a55c3bd9f98be2959e452d8ac87928d6067","0-c7a17b4b622977dbf13d328d8f469b2e5eac67f2229299478941e0a814efbb08","root.record.ItemExhibitList.P5Item"
"Deployment/New Equipment Training","","","","","","9.498","9.498","","","","2020-BASE_PROCUREMENT-2020-ARMY_OTHER_2-U_PROCUREMENT_JustificationBook_Army_PB_2020.zzz_unzipped-U_PROCUREMENT_JustificationBook_Army_PB_2020.xml","b2891a2bda07367ccf2b8dbf394c670aeb2803bf06070484c4f661ee0f471972","0-d02e9df1ab449e4e0ab7b01de1d4f0d57eb34f8e214ca899231bb23d449f2328","2-70d63d927de837fef0bd46da8df13b2cab674fa55890424d22ee950a07ed6f86","root.record.ItemExhibitList.P5Item"
"Fielding & NET","","","","","0.611","","0.77","0.528","0.77","","2020-BASE_PROCUREMENT-2020-ARMY_OTHER_3-4-U_PROCUREMENT_JustificationBook_Army_PB_2020.zzz_unzipped-U_PROCUREMENT_JustificationBook_Army_PB_2020.xml","ac78a6f63dbf529619dcacbb71bdde3d063fc88e59d4035925fcc73fdc92daf6","0-e56e050c30ef277dada16ddf775a1b2f909b55e8415d0c28bbb6bd2ba16e4dc8","0-231b41ef130d304cbee2537a316cdde49d7a0adb7b2ec9bab5af8b56a48fd452","root.record.ItemExhibitList.P5Item"
"Fielding and NET","","","","","0.624","","0.803","1.267","0.803","0.138","2020-BASE_PROCUREMENT-2020-ARMY_OTHER_3-4-U_PROCUREMENT_JustificationBook_Army_PB_2020.zzz_unzipped-U_PROCUREMENT_JustificationBook_Army_PB_2020.xml","ac78a6f63dbf529619dcacbb71bdde3d063fc88e59d4035925fcc73fdc92daf6","0-f57abab4815db0c37f5becfecc580ba5630509c187cf7024f12ab8a804ab64a7","1-36a468180be4f8e10018523c5a3b429581d1f7b069a1a81e28f33c58b09e9c18","root.record.ItemExhibitList.P5Item"
"Logistics Data Deliverables","","","","","","0.6","0.6","","","","2020-BASE_PROCUREMENT-2020-ARMY_OTHER_3-4-U_PROCUREMENT_JustificationBook_Army_PB_2020.zzz_unzipped-U_PROCUREMENT_JustificationBook_Army_PB_2020.xml","614bbccf622ad4d1a6e058f8782e575d8ecd8319854edfbf4dae743f1d6121e0","0-302d2a0f79496e04ea78a188e40493d8ef9a113d0244e2eedf50d791bb528ccd","2-559cc26054c74a44815bb3a29ad8ea697a33730398f8bc2ff96b1ccf4c58b5f4","root.record.ItemExhibitList.P5Item"
"DFoS JSEW Transportation and Shipping","","","","","0","0","0","0.02","","0","2020-BASE_PROCUREMENT-2020-DEFENSE_CBDP-U_PROCUREMENT_JustificationBook_Chemical_and_Biological_Defense_Program_PB_2020.zzz_unzipped-U_PROCUREMENT_JustificationBook_Chemical_and_Biological_Defense_Program_PB_2020.xml","0ab97baf3d84379efa13e4450244c73eaad3cc18adf56139d9d0a4d90c700d57","0-1d36623db80c979e780e194d5fa4b1978d9a6ddb21b159f04c90e41e21ae2c87","8-46c4fb6bb44830815d17408fca6f754e413ea767b81fd90bd3fe2dfdd0549be5","root.record.ItemExhibitList.P5Item"
"DFoS JSEW Transportation and Shipping","","","","","0","0","0","0.02","","0","2020-BASE_PROCUREMENT-2020-DEFENSE_VOL1_ALL-U_PROCUREMENT_MasterJustificationBook_Defense-Wide_PB_2020.zzz_unzipped-U_PROCUREMENT_MasterJustificationBook_Defense-Wide_PB_2020.xml","70962c1c3fb23a0fab5c7caf9b9878c637dc2d299ace4ebe3aeb97171120ee6c","0-31b316aacc2883da62468c26adf9d252775488f06750abde52c9618610726d48","8-ed66bd94c43c351487d779bdcfd3ddb4886ef7724f39f96b63a6400978e0f43f","root.record.ItemExhibitList.P5Item"
"DFoS JSEW Transportation and Shipping","","","","","0","0","0","0.02","","0","2020-BASE_PROCUREMENT-2020-DEFENSE_CBDP-U_PROCUREMENT_MasterJustificationBook_Chemical_and_Biological_Defense_Program_PB_2020.zzz_unzipped-U_PROCUREMENT_MasterJustificationBook_Chemical_and_Biological_Defense_Program_PB_2020.xml","b3aa3b59f818c173b4e996bb29e0800d5a4ed26570bd4a5c590ed6277b838916","0-20ed4af3aa4bd40727c456db7f53c063c2d9bede3155d145044691c3758682a2","8-bf73fac2682f9953d4670d51285dbb5a64fcb11c7b2500da75af3bcf03aeeac2","root.record.ItemExhibitList.P5Item"
