Name_val,Cost_PriorYear_TotalCost_val,Cost_CurrentYear_TotalCost_val,Cost_BudgetYearOneBase_TotalCost_val,Cost_BudgetYearOne_TotalCost_val,Cost_TotalCost_CurrentYear_val,Cost_TotalCost_BudgetYearOneBase_val,Cost_TotalCost_BudgetYearOne_val,Cost_TotalCost_PriorYear_val,Cost_TotalCost_BudgetYearOneOCO_val,Cost_TotalCost_AllPriorYears_val,@SOURCE_FILENAME,@RECORDID,@ROWID,@PARENTROWID,@PARENT
"Training Spt / Manuals / NET","0.000","0.000","5","5","","","","","","","2014-BASE_PROCUREMENT-2014-ARMY_AIRCRAFT-PROCUREMENT_JustificationBook_Army_PB_2014.zzz_unzipped-PROCUREMENT_JustificationBook_Army_PB_2014.xml","1aa75687ef7a4cffb445c518d42384a629312bf038b7e6426bbe4481ce2434c5","0-ee973d534aa6a030a226b85b23b0c65d3c3fc172b1e37c73b7064bb3ce8a7549","0-f62bebb5b0c5df376baac6de5fc96915c7f7f9a491f0b09f1082f82c0e530044","root.record.ItemExhibitList.P5Item"
"Training Spt / Manuals / NET","","","","","5","5","5","","","","2015-BASE_PROCUREMENT-2015-ARMY_AIRCRAFT-PROCUREMENT_JustificationBook_Army_PB_2015.zzz_unzipped-PROCUREMENT_JustificationBook_Army_PB_2015.xml","d39ed3277b3add00db4b074e3e135d7a204427411f883247e24000af04ac0f9c","0-30c6cca72d8bd9c2a3788365f1676e6c12b6ae8573dba7b5636989b3d39f6a3b","0-1d28317e3395d7937808a72d190aca4b60c4beabb6e85891b7ffe25f086b8c45","root.record.ItemExhibitList.P5Item"
"Training Spt / Manuals / NET","","","","","5","5","5","","","","2015-AMENDED_PROCUREMENT_AND_RDTE-2015-ARMY-APA PROCUREMENT_JustificationBook_Army_PBAmended_2015.zzz_unzipped-PROCUREMENT_JustificationBook_Army_PBAmended_2015.xml","c16482590872d5539db32f7b74044426529833bbcd576bea342c8136dc6657cc","0-b97b342c050b390aa862d9e5624f5c66502e9d48d23dce14260b56714dff3f0a","0-c9b471fcfa7e4afc7217dbabf8c33de4092cfa03411c361bd0a4a62d448551c5","root.record.ItemExhibitList.P5Item"
"Training Spt / Manuals / NET","","","","","2","","6.2","1","6.2","","2016-BASE_PROCUREMENT-2016-ARMY_AIRCRAFT-PROCUREMENT_JustificationBook_Army_PB_2016.zzz_unzipped-PROCUREMENT_JustificationBook_Army_PB_2016.xml","ab3fb7598e46aab66503b72f56989aaada13ea8c436470540dbe53b099099275","0-97ff39722a9d64009a86b66588e79284ef91ee1589bd0dd976166c51433d8b84","0-5531243271c25cc1596d0086742cc1d8333f4c6fbbd4f528e35be3c2658e02a3","root.record.ItemExhibitList.P5Item"
"Facilitization","","","","","1","","","","","","2016-BASE_PROCUREMENT-2016-ARMY_AIRCRAFT-PROCUREMENT_JustificationBook_Army_PB_2016.zzz_unzipped-PROCUREMENT_JustificationBook_Army_PB_2016.xml","ab3fb7598e46aab66503b72f56989aaada13ea8c436470540dbe53b099099275","1-89833014937dabfb49b3a05116ff71444f745c76f0d09d5d2250ab9e9ce5f3ae","0-5531243271c25cc1596d0086742cc1d8333f4c6fbbd4f528e35be3c2658e02a3","root.record.ItemExhibitList.P5Item"
"Transportation","","","","","0.05","0.05","0.05","0.05","","","2016-BASE_PROCUREMENT-2016-ARMY_OTHER_3-4-PROCUREMENT_JustificationBook_Army_PB_2016.zzz_unzipped-PROCUREMENT_JustificationBook_Army_PB_2016.xml","84818f2acc468d7ac3d74f8a0c13b83079dbf9c5fd3a1cb994ec152702831a2b","0-2ae21485a805807434ace5db398cb522e6ba606b9b4590f2503338c29b9ac018","2-a28faf2adb2a4e1b28a855c2522baa2ce7dcdcb833bec0da3578fc83b553bb0c","root.record.ItemExhibitList.P5Item"
"Training Spt / Manuals / NET","","","","","","","","6.8","","","2017-BASE_PROCUREMENT-2017-ARMY_AIRCRAFT-U_PROCUREMENT_JustificationBook_Army_PB_2017.zzz_unzipped-U_PROCUREMENT_JustificationBook_Army_PB_2017.xml","5cb380a3267b65733325846ef87294e5c79f65c1208eec3780d62b7385e63e86","0-88ea8d0f21953d2b067fd7bda1112c07a70163179ed9b4c3436751687b22b570","0-e83f2865f2198875ea2f07d49a59628028a3edb49eaaea934513463a89db20a6","root.record.ItemExhibitList.P5Item"
"Facilitization","","","","","","","","4.6","","","2017-BASE_PROCUREMENT-2017-ARMY_AIRCRAFT-U_PROCUREMENT_JustificationBook_Army_PB_2017.zzz_unzipped-U_PROCUREMENT_JustificationBook_Army_PB_2017.xml","5cb380a3267b65733325846ef87294e5c79f65c1208eec3780d62b7385e63e86","1-782ca2cdfafdd3316067269ef85c5128fe2bf167a04bac75a83e7ed9143feb78","0-e83f2865f2198875ea2f07d49a59628028a3edb49eaaea934513463a89db20a6","root.record.ItemExhibitList.P5Item"
"Other","","","","","2.073","0.894","0.894","0.317","","","2017-BASE_PROCUREMENT-2017-ARMY_AIRCRAFT-U_PROCUREMENT_JustificationBook_Army_PB_2017.zzz_unzipped-U_PROCUREMENT_JustificationBook_Army_PB_2017.xml","32d4ed055ca4b18617ccf665cfdbe9784af761d4b0dee35e05c8b7cb12be4edb","0-ba5a4431adef40eb460458ab933bdb0b56f94b7b554656fa70cb630ede8bb83e","1-aa51cab42491a85006d1645caca2ddcc2022325a42990eef324767065e6e0fce","root.record.ItemExhibitList.P5Item"
"JSAM RW MPU-5 - Technical Data Package","","","","","0","0","0","1.294","","0","2017-BASE_PROCUREMENT-2017-DEFENSE_CBDP-U_PROCUREMENT_JustificationBook_Chemical_and_Biological_Defense_Program_PB_2017.zzz_unzipped-U_PROCUREMENT_JustificationBook_Chemical_and_Biological_Defense_Program_PB_2017.xml","f4d80b3d0ec9ba6ba7c7ff3e5c7f21e1a694588b648cbd0864ae77b1cc1894b3","0-ccb207513a480fcf8fdd81429218c0ba4bc94ddd1ffc3b47de2da0e2896a7229","0-2fb1c74e81c68a653d5898ad38c6f2fd5f9fe45edecc335c587d2b24069386ab","root.record.ItemExhibitList.P5Item"
"JSAM RW MPU-5 - Technical Data Package","","","","","0","0","0","1.294","","0","2017-BASE_PROCUREMENT-2017-DEFENSE_VOL1_ALL-U_PROCUREMENT_MasterJustificationBook_Defense-Wide_PB_2017.zzz_unzipped-U_PROCUREMENT_MasterJustificationBook_Defense-Wide_PB_2017.xml","d308f95350d49179c88adcd2ce8fac41317a825d8d794e785058fbd0fe568e07","0-1becfb2e2af9016c8868494f58e491f1e18dbb63c04353952844933233f719c0","0-5476be3f7b3a7ea77099317cebaaa9fc6492da9fe23faad6b1a721d145340f3b","root.record.ItemExhibitList.P5Item"
"JSAM RW MPU-5 - Technical Data Package","","","","","0","0","0","1.294","","0","2017-BASE_PROCUREMENT-2017-DEFENSE_CBDP-U_PROCUREMENT_MasterJustificationBook_Chemical_and_Biological_Defense_Program_PB_2017.zzz_unzipped-U_PROCUREMENT_MasterJustificationBook_Chemical_and_Biological_Defense_Program_PB_2017.xml","d977fd8b6efd538276c790b02e3c3cee080fc0cff92fa7f25f69032143ad5870","0-688537cad101a70cb9404d28fe0e7e0b112803fe9773005db23a645841b5d8f6","0-28ae5d6a3997e2d0f895e1a60cf2e0db7f84cf27a4027ff9e72cafdc453f588a","root.record.ItemExhibitList.P5Item"
"Drawings","","","","","","0.25","0.25","","","","2018-BASE_PROCUREMENT-2018-AIRFORCE_AIRCRAFT_VOL1-U_PROCUREMENT_JustificationBook_Air_Force_PB_2018.zzz_unzipped-U_PROCUREMENT_JustificationBook_Air_Force_PB_2018.xml","47e5355a948c8fbe389017c42c4eb4d2a9fc9519d83e404772a3382b6f2f8645","0-7d16a98db595556e44ad47a4656e5dfb63e47506a068e817b60609c11ef1dd01","1-9b8667ffcd169fc5185927bd980031f7d3274cb9e22be71c6bcb7c4c42fac75c","root.record.ItemExhibitList.P5Item"
"Tech Data","","","","","0.735","","","","","","2018-BASE_PROCUREMENT-2018-AIRFORCE_AIRCRAFT_VOL1-U_PROCUREMENT_JustificationBook_Air_Force_PB_2018.zzz_unzipped-U_PROCUREMENT_JustificationBook_Air_Force_PB_2018.xml","47e5355a948c8fbe389017c42c4eb4d2a9fc9519d83e404772a3382b6f2f8645","0-87d7e5ae21da85d1f726ecb313798a54250184bdd4873a0341d93413a06c2a1a","2-e4787d47fbaaec1822cc197dc4b30cd131865f2303cd05064bf357ba967a453f","root.record.ItemExhibitList.P5Item"
"Drawings","","","","","","0.25","0.25","","","","2018-BASE_PROCUREMENT-2018-AIRFORCE_AIRCRAFT_VOL2-U_PROCUREMENT_MasterJustificationBook_Air_Force_PB_2018.zzz_unzipped-U_PROCUREMENT_MasterJustificationBook_Air_Force_PB_2018.xml","0da78f27572db070197942852d97c0f1a7719a9bfae8823a5bcffc08ab017553","0-7465b1135a302d2527c306c23e0e9e9dff604f1c972a29ebdb4bde125d7bfdd3","1-c2c02bc6fb7e1cb9acacaeba6410981578f6edbe3797d6b973bb5d328a28cc7d","root.record.ItemExhibitList.P5Item"
"Tech Data","","","","","0.735","","","","","","2018-BASE_PROCUREMENT-2018-AIRFORCE_AIRCRAFT_VOL2-U_PROCUREMENT_MasterJustificationBook_Air_Force_PB_2018.zzz_unzipped-U_PROCUREMENT_MasterJustificationBook_Air_Force_PB_2018.xml","0da78f27572db070197942852d97c0f1a7719a9bfae8823a5bcffc08ab017553","0-a294ff1eb8c17ab4cdae00b4b64a8d5933037463959f024e5f6489c7b7fbba7c","2-28bc5ea62aa5d3e9a50bba86f8779eb6916ea5c55f5a968ea3aa5091e2f8441f","root.record.ItemExhibitList.P5Item"
"CMS","","","","","","4.829","4.829","","","","2018-BASE_PROCUREMENT-2018-AIRFORCE_AMMUNITION-U_PROCUREMENT_JustificationBook_Air_Force_PB_2018.zzz_unzipped-U_PROCUREMENT_JustificationBook_Air_Force_PB_2018.xml","4e556b87336aa79100d4803e900d244a7156d4dd8d8f6b26cd3ec27f992e16fb","0-e5a56ad629922194f525c158a1973473cf582c1e0b560fc79a952d5cbc4e82a2","0-7b621f21ba05a437aea3e4aa165606994aa00ba9d04f4ee44f03ba99c4f234b1","root.record.ItemExhibitList.P5Item"
"CMS","","","","","","4.829","4.829","","","","2018-BASE_PROCUREMENT-2018-AIRFORCE_AMMUNITION-U_PROCUREMENT_MasterJustificationBook_Air_Force_PB_2018.zzz_unzipped-U_PROCUREMENT_MasterJustificationBook_Air_Force_PB_2018.xml","63cece1a674f1f0912ca47ccc55131b5fec02f521a4eb768eb56d7c1d9e6ec09","0-02c1c7c6bf175ae7dd4b8cc11b5fd06cabf2de3481d7b856cff320dde8047784","0-1d14e714579f47eaf64ea0eb42d1d09d3ef2d6aa001ff9949069ad2a81058a52","root.record.ItemExhibitList.P5Item"
"Other","","","","","0.894","1.639","1.639","0.61","","0.317","2018-BASE_PROCUREMENT-2018-ARMY_AIRCRAFT-U_PROCUREMENT_JustificationBook_Army_PB_2018.zzz_unzipped-U_PROCUREMENT_JustificationBook_Army_PB_2018.xml","55dcc1660fdcdb782491981e62adde0b10fa032847a595842880155371de42a8","0-00d82bce9af888ccc3c3d95a9a390bda541899a2b19d7a91ce48561f8f2ea56d","1-1f92d81f8e504f2028672b92243f8a55ac50f74edc31ed3de168758de8b0c0ff","root.record.ItemExhibitList.P5Item"
"Logistics Development","","","","","","5.877","5.877","","","","2018-BASE_PROCUREMENT-2018-ARMY_OTHER_1-U_PROCUREMENT_JustificationBook_Army_PB_2018.zzz_unzipped-U_PROCUREMENT_JustificationBook_Army_PB_2018.xml","7d08672b5f551138a3afe9f82738f3705958ddbc921bc54e62a0ef5d66accf81","0-f2c508e152975c1bc629c0f907c5fc11c441c8bc3ef4e80b459834e7af292949","0-6095ec840be551633d940a9bad81ef8ce64aac76ae6e8367220e2f2242bb0885","root.record.ItemExhibitList.P5Item"
"Drawings","","","","","0.25","","","","","","2019-BASE_PROCUREMENT-2019-AIRFORCE_AIRCRAFT_VOL1-U_PROCUREMENT_JustificationBook_Air_Force_PB_2019.zzz_unzipped-U_PROCUREMENT_JustificationBook_Air_Force_PB_2019.xml","ce929d168269d036921bf164e19a06d4e3529a2f2baa04b769d0a124928062ad","0-84e07f727b5960c16e20762a0f1698230b97fd8aa80371d7fc893a629ec661a5","1-341e7e11f645c80e0e889d56ec4c6daf2be8a43dffa1d72385e4274f432c5879","root.record.ItemExhibitList.P5Item"
"Tech Data","","","","","","","","0.735","","","2019-BASE_PROCUREMENT-2019-AIRFORCE_AIRCRAFT_VOL1-U_PROCUREMENT_JustificationBook_Air_Force_PB_2019.zzz_unzipped-U_PROCUREMENT_JustificationBook_Air_Force_PB_2019.xml","ce929d168269d036921bf164e19a06d4e3529a2f2baa04b769d0a124928062ad","0-cb7f0f2c87dd80618d8296297eb0617c459663994ed7573141ded5f778d68428","2-c9caa3cec6d161a085d87ebf6284d7ffd15c6954cf3cd1f0db04387be5eaed0d","root.record.ItemExhibitList.P5Item"
"Drawings","","","","","0.25","","","","","","2019-BASE_PROCUREMENT-2019-AIRFORCE_AIRCRAFT_VOL2-U_PROCUREMENT_MasterJustificationBook_Air_Force_PB_2019.zzz_unzipped-U_PROCUREMENT_MasterJustificationBook_Air_Force_PB_2019.xml","402be201207115d2589b80f4a02ed50085dfb67a83bbf0a56c7d3fe6bc34ea25","0-b2bb8ae1abc8e9534e1834edebeb3b2e3272a112edbbac44a7ead231d5680fa6","1-e51000a340b4b95dcd009ad26def9da39820ac5bf5de530d99fd8faa376e2547","root.record.ItemExhibitList.P5Item"
"Tech Data","","","","","","","","0.735","","","2019-BASE_PROCUREMENT-2019-AIRFORCE_AIRCRAFT_VOL2-U_PROCUREMENT_MasterJustificationBook_Air_Force_PB_2019.zzz_unzipped-U_PROCUREMENT_MasterJustificationBook_Air_Force_PB_2019.xml","402be201207115d2589b80f4a02ed50085dfb67a83bbf0a56c7d3fe6bc34ea25","0-e049af0c18ef47552f5c13c3d1033f6995995a1f1158f108821a928081d3bed0","2-e6b0bcbfaa78ce5c119703085670396110b2fae69809203f44086a0866d2e496","root.record.ItemExhibitList.P5Item"
"CMS","","","","","4.829","3.746","3.746","","","3.378","2019-BASE_PROCUREMENT-2019-AIRFORCE_AMMUNITION-U_PROCUREMENT_JustificationBook_Air_Force_PB_2019.zzz_unzipped-U_PROCUREMENT_JustificationBook_Air_Force_PB_2019.xml","febe812ff6da49c74047d6ca8ec01f4aa83c73b56f8c312dc3f34dd1983e8647","0-e2e3ef608b38a439baa5cff6463a445a6e0e608e9e7ebba75e083c85f926af25","0-9bc33420605d7ac34e7076de421c0d1b3e29455257f3f2c6cef216c2bcb076c4","root.record.ItemExhibitList.P5Item"
"Technical Data","","","","","","1.174","1.174","","","","2019-BASE_PROCUREMENT-2019-AIRFORCE_AMMUNITION-U_PROCUREMENT_JustificationBook_Air_Force_PB_2019.zzz_unzipped-U_PROCUREMENT_JustificationBook_Air_Force_PB_2019.xml","febe812ff6da49c74047d6ca8ec01f4aa83c73b56f8c312dc3f34dd1983e8647","1-ed4d68acaaefa74c51fb6607e457a6d8de3203c55822c8bde7d4fd899f8f4de1","0-9bc33420605d7ac34e7076de421c0d1b3e29455257f3f2c6cef216c2bcb076c4","root.record.ItemExhibitList.P5Item"
"CMS","","","","","4.829","3.746","3.746","","","3.378","2019-BASE_PROCUREMENT-2019-AIRFORCE_AMMUNITION-U_PROCUREMENT_MasterJustificationBook_Air_Force_PB_2019.zzz_unzipped-U_PROCUREMENT_MasterJustificationBook_Air_Force_PB_2019.xml","c48d29353e3e6e5cf9c29adfc0105bdb804a21b25e74ec61fd9d65a6eb451eb5","0-4c2d0b0c238fb235ba63f83a2cdb25c8c2da433a96c46d79542842cb4f99c870","0-05c3752fbf02b180cd44bca9bbdf7f2a6cd6a5d175c30e1e3eb7481d1a9b038b","root.record.ItemExhibitList.P5Item"
"Technical Data","","","","","","1.174","1.174","","","","2019-BASE_PROCUREMENT-2019-AIRFORCE_AMMUNITION-U_PROCUREMENT_MasterJustificationBook_Air_Force_PB_2019.zzz_unzipped-U_PROCUREMENT_MasterJustificationBook_Air_Force_PB_2019.xml","c48d29353e3e6e5cf9c29adfc0105bdb804a21b25e74ec61fd9d65a6eb451eb5","1-1c5a559ca8c8b9112309dee6433c66415b356079117f4c868b2ea1c19f98e957","0-05c3752fbf02b180cd44bca9bbdf7f2a6cd6a5d175c30e1e3eb7481d1a9b038b","root.record.ItemExhibitList.P5Item"
"Other","","","","","1.639","1.869","1.869","1.053","","0.927","2019-BASE_PROCUREMENT-2019-ARMY_AIRCRAFT-U_PROCUREMENT_JustificationBook_Army_PB_2019.zzz_unzipped-U_PROCUREMENT_JustificationBook_Army_PB_2019.xml","a0aea4c8b2abc1f0406fefaeaf5dd5fbb8a09af6840167aa292f63142cd39fe2","0-f372f06acd4e8cc466e6cd452271831dc10b26ef867b91382798fc276333e213","1-8d09fae4d3194d718952e0eb9abd249a474c0aa08f78a63c2840ab3b558e008c","root.record.ItemExhibitList.P5Item"
"Depot Stand Up","","","","","","1.694","1.694","","","","2019-BASE_PROCUREMENT-2019-ARMY_AIRCRAFT-U_PROCUREMENT_JustificationBook_Army_PB_2019.zzz_unzipped-U_PROCUREMENT_JustificationBook_Army_PB_2019.xml","a0aea4c8b2abc1f0406fefaeaf5dd5fbb8a09af6840167aa292f63142cd39fe2","1-c1e097ec3055fdc8775af314c8022bf9210729f6fcf6f8cce5bfe1e0b9e2a6d6","1-8d09fae4d3194d718952e0eb9abd249a474c0aa08f78a63c2840ab3b558e008c","root.record.ItemExhibitList.P5Item"
"Contractor Logistics Support","","","","","","2.174","2.174","","","","2019-BASE_PROCUREMENT-2019-ARMY_WTCV-U_PROCUREMENT_JustificationBook_Army_PB_2019.zzz_unzipped-U_PROCUREMENT_JustificationBook_Army_PB_2019.xml","8ffe67162423f6ac7a1217a61a32b9eb793995fbf878f7a8ca213e7003de474e","0-73ef1092eb10ef184b908046f0ec173bc7ccfc0761f242f95dfd132593e27a64","0-3ad10721662414fb0b91d24dcbb610624e0bbc5f24711f608e7fcaa6c6a4fd33","root.record.ItemExhibitList.P5Item"
"Fielding & NET","","","","","","0.773","0.773","","","","2019-BASE_PROCUREMENT-2019-ARMY_OTHER_3-4-U_PROCUREMENT_JustificationBook_Army_PB_2019.zzz_unzipped-U_PROCUREMENT_JustificationBook_Army_PB_2019.xml","2a50e27a9ce3f13992363731e40102563b187666f01e35a682e5856c6be1e9e8","0-21e5603053b475ac3c5cbb9c2f19efa292e9a37f3061e23d5bb3588cfe361947","0-9e60f941dfdecbb365b33a39aa01ec61fc2ef3e21c05167eb3d54acb04996436","root.record.ItemExhibitList.P5Item"
"Fielding and NET","","","","","0.5","0.47","0.47","0.138","","","2019-BASE_PROCUREMENT-2019-ARMY_OTHER_3-4-U_PROCUREMENT_JustificationBook_Army_PB_2019.zzz_unzipped-U_PROCUREMENT_JustificationBook_Army_PB_2019.xml","2a50e27a9ce3f13992363731e40102563b187666f01e35a682e5856c6be1e9e8","0-ec1a675fc0931b46197a7c092ce5ad215d91adff87dffe374eae9d19a5150279","1-4c792fc611e2a1f8cea1b0b80d0da67510d827397d41a0318e63197c2694e792","root.record.ItemExhibitList.P5Item"
"Logistics Development","","","","","5.877","","","0.207","","","2019-BASE_PROCUREMENT-2019-ARMY_OTHER_1-U_PROCUREMENT_JustificationBook_Army_PB_2019.zzz_unzipped-U_PROCUREMENT_JustificationBook_Army_PB_2019.xml","362b433737c0bfe07c5ac211a3547971a04d9218e81880aaf229b0abf26d87ea","0-119111b15b5e48dfbdc1a3cdbdcff030f58f27550b0e7d4bb5523e6b17ca72ca","0-6e2dbee1ff5d97108b55aa3926db2af1869b09aedf46de5d8a27e24072a2508b","root.record.ItemExhibitList.P5Item"
"Integrated Footwear Solution (IFS)","","","","","0","0","0","2.5","","0","2019-BASE_PROCUREMENT-2019-DEFENSE_CBDP-U_PROCUREMENT_JustificationBook_Chemical_and_Biological_Defense_Program_PB_2019.zzz_unzipped-U_PROCUREMENT_JustificationBook_Chemical_and_Biological_Defense_Program_PB_2019.xml","592bcc3ba6d0c844157379e33da0adc1ea7ce2ba0623e68937d04e628923afcc","0-f7d23fda5a0c6e364694b68ac37702fb2e73b75c700210469a9a3362e9b015a2","2-eefe411bade82990e077126a66b853cb463b55142bb082021431acb64c094461","root.record.ItemExhibitList.P5Item"
"Integrated Footwear Solution (IFS)","","","","","0","0","0","2.5","","0","2019-BASE_PROCUREMENT-2019-DEFENSE_VOL1_ALL-U_PROCUREMENT_MasterJustificationBook_Defense-Wide_PB_2019.zzz_unzipped-U_PROCUREMENT_MasterJustificationBook_Defense-Wide_PB_2019.xml","2541192401cc050c4ea3f3c86663f9efdc92923673cb8bab95460bb869fed504","0-2397c2482352f92014b5abeecc769086ece35694f7cf70774e8c635510441e7f","2-e55ec828311660c2a9927694d5fe7dc90a63122dada7dccddfd32927198f2db5","root.record.ItemExhibitList.P5Item"
"Integrated Footwear Solution (IFS)","","","","","0","0","0","2.5","","0","2019-BASE_PROCUREMENT-2019-DEFENSE_CBDP-U_PROCUREMENT_MasterJustificationBook_Chemical_and_Biological_Defense_Program_PB_2019.zzz_unzipped-U_PROCUREMENT_MasterJustificationBook_Chemical_and_Biological_Defense_Program_PB_2019.xml","71ff273d841e66289e9398df33f1c0ba0686306e7be81e9ef6bb2fb79d4f3944","0-d1cb0941113f455c06cb5335df0f9eeb2ae51f7f2b83ad89f315ee92f6acf47e","2-aeab74f002a675b89531a78098a61b621511bbb9ae46c8bcd0831af8089be151","root.record.ItemExhibitList.P5Item"
"Drawings","","","","","","","","0.25","","","2020-BASE_PROCUREMENT-2020-AIRFORCE_AIRCRAFT_VOL1-U_PROCUREMENT_JustificationBook_Air_Force_PB_2020.zzz_unzipped-U_PROCUREMENT_JustificationBook_Air_Force_PB_2020.xml","4628e3a32eab37f4083ff96114141136874d174116421480e3a5ae5c9b33569b","0-856830f63c978fa2175908066e954232b0ba15f8600f222171c78761cdc24799","2-5a55af24a207d49d3d22330f829253081622ce3324f6bc4966b81c895cc56020","root.record.ItemExhibitList.P5Item"
"Drawings","","","","","","","","0.25","","","2020-BASE_PROCUREMENT-2020-AIRFORCE_AIRCRAFT_VOL2-U_PROCUREMENT_MasterJustificationBook_Air_Force_PB_2020.zzz_unzipped-U_PROCUREMENT_MasterJustificationBook_Air_Force_PB_2020.xml","f9236649c78c37c57dbe820881e9fb3a912f5483104dc2dbbff2b3e56deedd87","0-66ac22e0f6375e2f400d7f735b1951523b888a966f14e5b3ebf3862247645629","2-26b7eecf086c17c02076b33c72687083db8015436acc4737fa0eedd2c1aaf7cd","root.record.ItemExhibitList.P5Item"
"CMS","","","","","0.2","0","3.297","3.746","3.297","3.378","2020-BASE_PROCUREMENT-2020-AIRFORCE_AMMUNITION-U_PROCUREMENT_JustificationBook_Air_Force_PB_2020.zzz_unzipped-U_PROCUREMENT_JustificationBook_Air_Force_PB_2020.xml","1e63ae67232bf79d1dab02b538ecf7c46601ae68ff91e61ae778a77cc9004f0c","0-43837fbd517fff008f083e61fad2ef4550c9ece77a7c7f61902bb7f52307d04b","0-6474c8c3f054eaa147c4375d9ff45319afca5c82f909fe0c220e0547e8cb7bb0","root.record.ItemExhibitList.P5Item"
"Technical Data","","","","","0","0","0","0","0","","2020-BASE_PROCUREMENT-2020-AIRFORCE_AMMUNITION-U_PROCUREMENT_JustificationBook_Air_Force_PB_2020.zzz_unzipped-U_PROCUREMENT_JustificationBook_Air_Force_PB_2020.xml","1e63ae67232bf79d1dab02b538ecf7c46601ae68ff91e61ae778a77cc9004f0c","1-188f4e9f6868e1c5f625741fe29116692c67b6025baabcb52c7b07abb4709dee","0-6474c8c3f054eaa147c4375d9ff45319afca5c82f909fe0c220e0547e8cb7bb0","root.record.ItemExhibitList.P5Item"
"CMS","","","","","0.2","0","3.297","3.746","3.297","3.378","2020-BASE_PROCUREMENT-2020-AIRFORCE_AMMUNITION-U_PROCUREMENT_MasterJustificationBook_Air_Force_PB_2020.zzz_unzipped-U_PROCUREMENT_MasterJustificationBook_Air_Force_PB_2020.xml","df0c24c79714db965bc49d1f6003f0cd9a2210c6efa351193d977c7178374dba","0-bd66bcea03345e6f6e73ea3acd28f5c561728ba1407a6a4092ac5d6471342127","0-1ed5dc368b4d2ec7223a0b2baafcad46559b295c1d95929e48c103e3e9ef6860","root.record.ItemExhibitList.P5Item"
"Technical Data","","","","","0","0","0","0","0","","2020-BASE_PROCUREMENT-2020-AIRFORCE_AMMUNITION-U_PROCUREMENT_MasterJustificationBook_Air_Force_PB_2020.zzz_unzipped-U_PROCUREMENT_MasterJustificationBook_Air_Force_PB_2020.xml","df0c24c79714db965bc49d1f6003f0cd9a2210c6efa351193d977c7178374dba","1-74a7005cafe0984c8a242f33094a59ba7badadb22b93d2e9d74d15024717a223","0-1ed5dc368b4d2ec7223a0b2baafcad46559b295c1d95929e48c103e3e9ef6860","root.record.ItemExhibitList.P5Item"
"Other","","","","","","","","","","1.98","2020-BASE_PROCUREMENT-2020-ARMY_AIRCRAFT-U_PROCUREMENT_JustificationBook_Army_PB_2020.zzz_unzipped-U_PROCUREMENT_JustificationBook_Army_PB_2020.xml","1ab1006988f4b28a446a6b7f7037a9ed1dfeca74bb59361ccb1e69fb71062404","0-3dffb7c925e2161cfd22113fcf801aa084aab2e66fd2249367b750bf51e33956","1-6b68b450c86cc529d321374b07a390449eaca42b48354faa5b4cb03c7b6919f0","root.record.ItemExhibitList.P5Item"
"Depot Stand Up","","","","","","4.686","4.686","","","","2020-BASE_PROCUREMENT-2020-ARMY_AIRCRAFT-U_PROCUREMENT_JustificationBook_Army_PB_2020.zzz_unzipped-U_PROCUREMENT_JustificationBook_Army_PB_2020.xml","1ab1006988f4b28a446a6b7f7037a9ed1dfeca74bb59361ccb1e69fb71062404","1-40b65a5e6f550567db3aa2d7a67d81b8defd9f80c7cb592af5b8e22e25546c9f","1-6b68b450c86cc529d321374b07a390449eaca42b48354faa5b4cb03c7b6919f0","root.record.ItemExhibitList.P5Item"
"M3 OCO Transport","","","","","","","0.024","","0.024","","2020-BASE_PROCUREMENT-2020-ARMY_WTCV-U_PROCUREMENT_JustificationBook_Army_PB_2020.zzz_unzipped-U_PROCUREMENT_JustificationBook_Army_PB_2020.xml","9802c6998f5b514de30340479bce6f9a007badd625d266be395ddbfb038d7eb3","0-93e2980de3eaefd4eec7e03ffc26d2dea391d51eb1a8befd303a0497e694a853","0-3f804b6dc5e511ac7e388fc4412e46242324cf26e2b013f79c20f3180db61423","root.record.ItemExhibitList.P5Item"
"Contractor Logistics Support","","","","","","4.275","4.275","","","","2020-BASE_PROCUREMENT-2020-ARMY_WTCV-U_PROCUREMENT_JustificationBook_Army_PB_2020.zzz_unzipped-U_PROCUREMENT_JustificationBook_Army_PB_2020.xml","1b4703c11c3826690760386ba7d6bb8dd5aae43116e274fa706883b882470836","0-24a13f4a150f4353b1169e083e3cbe5864632a3538b8f4cdeec918f95948bede","0-43b0c7a13c575850cbe1bcd5992b4518c24a1c85b9228b587ef73072297897f7","root.record.ItemExhibitList.P5Item"
"New Equipment Training","","","","","","0.05","0.05","","","","2020-BASE_PROCUREMENT-2020-ARMY_WTCV-U_PROCUREMENT_JustificationBook_Army_PB_2020.zzz_unzipped-U_PROCUREMENT_JustificationBook_Army_PB_2020.xml","1b4703c11c3826690760386ba7d6bb8dd5aae43116e274fa706883b882470836","1-77eb8aff79e85e3270a9c537e910879a27a2fefb7dc3a27e066d48c607d8f07a","0-43b0c7a13c575850cbe1bcd5992b4518c24a1c85b9228b587ef73072297897f7","root.record.ItemExhibitList.P5Item"
"Logistics Development","","","","","","3.531","3.531","2","","","2020-BASE_PROCUREMENT-2020-ARMY_OTHER_1-U_PROCUREMENT_JustificationBook_Army_PB_2020.zzz_unzipped-U_PROCUREMENT_JustificationBook_Army_PB_2020.xml","c3442419761d6f839f7fed3cbb3c053f36f4a5d8351a412f902b6983f97610e0","0-045c81682f316a730ff6cc01c097e2ca344bbdfab3b507a2c5e5ca4a66fdb2ca","0-18680fc881e561a5843b5783cffd58185e5b0b2bced22e6695c25518714f8d88","root.record.ItemExhibitList.P5Item"
"Depot Pipeline /Organic Maintenace Build Up","","","","","","1.211","1.211","","","","2020-BASE_PROCUREMENT-2020-ARMY_OTHER_2-U_PROCUREMENT_JustificationBook_Army_PB_2020.zzz_unzipped-U_PROCUREMENT_JustificationBook_Army_PB_2020.xml","b50b61381c2d25f2841b4d2bc506dea2c7c990db94f4ba9ddc799a3b12940092","0-6363013998742a071b03efb9761ffe38e1bb9963574fa0804bcc18306909f22d","0-0e0274a2957e0aa80ad79301480e79939e435940b73dbe549c351fad159adb3f","root.record.ItemExhibitList.P5Item"
"Deployment/New Equipment Training","","","","","","9.498","9.498","","","","2020-BASE_PROCUREMENT-2020-ARMY_OTHER_2-U_PROCUREMENT_JustificationBook_Army_PB_2020.zzz_unzipped-U_PROCUREMENT_JustificationBook_Army_PB_2020.xml","b2891a2bda07367ccf2b8dbf394c670aeb2803bf06070484c4f661ee0f471972","0-7d19a4bc2abbb4d348ce35a43857eaa8127b03707cce94f60a2153d25e745671","2-e67c1048e6b276883ebdab7b8e48651be843caa9652ea23ab359f219117aa470","root.record.ItemExhibitList.P5Item"
"Fielding & NET","","","","","0.611","","0.77","0.528","0.77","","2020-BASE_PROCUREMENT-2020-ARMY_OTHER_3-4-U_PROCUREMENT_JustificationBook_Army_PB_2020.zzz_unzipped-U_PROCUREMENT_JustificationBook_Army_PB_2020.xml","ac78a6f63dbf529619dcacbb71bdde3d063fc88e59d4035925fcc73fdc92daf6","0-f8cc51887f60c4d1a0ca91334075755d8e04e05f2fe42bd2db4536f62f4476e8","0-5bfc9201e9cea22dbb9661cafd4260bf1141d145a962103d69851eba8c3688aa","root.record.ItemExhibitList.P5Item"
"Fielding and NET","","","","","0.624","","0.803","1.267","0.803","0.138","2020-BASE_PROCUREMENT-2020-ARMY_OTHER_3-4-U_PROCUREMENT_JustificationBook_Army_PB_2020.zzz_unzipped-U_PROCUREMENT_JustificationBook_Army_PB_2020.xml","ac78a6f63dbf529619dcacbb71bdde3d063fc88e59d4035925fcc73fdc92daf6","0-97a7f4155ff6cd3a2d298e7618b7015cb8e865e43eb9c1f9090ca59fb436b70c","1-d86c2b9e98742175d2e2ed9a37dde2ffbbc067534d44be4e7245d89129128913","root.record.ItemExhibitList.P5Item"
"Logistics Data Deliverables","","","","","","0.6","0.6","","","","2020-BASE_PROCUREMENT-2020-ARMY_OTHER_3-4-U_PROCUREMENT_JustificationBook_Army_PB_2020.zzz_unzipped-U_PROCUREMENT_JustificationBook_Army_PB_2020.xml","614bbccf622ad4d1a6e058f8782e575d8ecd8319854edfbf4dae743f1d6121e0","0-c5e9b84b7659e32bd43359c8bc7f2a5e2be931dd3d34009ab7704b93dfeca793","2-ae78a41159dae76bb41edae2c13923cda5a7356cb546c6532b8b61bddbe633f4","root.record.ItemExhibitList.P5Item"
"DFoS JSEW Transportation and Shipping","","","","","0","0","0","0.02","","0","2020-BASE_PROCUREMENT-2020-DEFENSE_CBDP-U_PROCUREMENT_JustificationBook_Chemical_and_Biological_Defense_Program_PB_2020.zzz_unzipped-U_PROCUREMENT_JustificationBook_Chemical_and_Biological_Defense_Program_PB_2020.xml","0ab97baf3d84379efa13e4450244c73eaad3cc18adf56139d9d0a4d90c700d57","0-73883bffbfed149ee8fd5b4c4a337c119aca5b38574eebe89dd6b1ff4f38fc91","8-58e49886c2e760e5aaadbf7aaf5b1ac6aab164fd83bd22aa863abe7f8cf2e040","root.record.ItemExhibitList.P5Item"
"DFoS JSEW Transportation and Shipping","","","","","0","0","0","0.02","","0","2020-BASE_PROCUREMENT-2020-DEFENSE_VOL1_ALL-U_PROCUREMENT_MasterJustificationBook_Defense-Wide_PB_2020.zzz_unzipped-U_PROCUREMENT_MasterJustificationBook_Defense-Wide_PB_2020.xml","70962c1c3fb23a0fab5c7caf9b9878c637dc2d299ace4ebe3aeb97171120ee6c","0-ae9457591746d3726c10a608035e4381f833b1f112e552bafe2ad937e9641b01","8-65c37f5818557ce2dd7f9468f4ab4c0d859b8bf9f49c9e76d497a39f56dec790","root.record.ItemExhibitList.P5Item"
"DFoS JSEW Transportation and Shipping","","","","","0","0","0","0.02","","0","2020-BASE_PROCUREMENT-2020-DEFENSE_CBDP-U_PROCUREMENT_MasterJustificationBook_Chemical_and_Biological_Defense_Program_PB_2020.zzz_unzipped-U_PROCUREMENT_MasterJustificationBook_Chemical_and_Biological_Defense_Program_PB_2020.xml","b3aa3b59f818c173b4e996bb29e0800d5a4ed26570bd4a5c590ed6277b838916","0-6e1234f3493e93b80f574689ee6f04880c2b0d0d8442341425b8d4809d6741fb","8-92f82a4521d6a2e4be19728d275eb41d348184e1c944895e159a60a7d482ae76","root.record.ItemExhibitList.P5Item"
