[
    {
        "FiscalYear_val": "2014",
        "PCOLocation_val": "WPAFB, OH",
        "AwardDate_val": "2014-03",
        "FirstDeliveryDate_val": "2017-01",
        "Quantity_val": "23",
        "UnitCost_val": "4.000",
        "SpecsAvailableNow_val": "true",
        "RFPIssueDate_val": "2012-10",
        "ContractMethod_val": "SS",
        "ContractType_val": "FPIF",
        "@SOURCE_FILENAME": "2015-BASE_PROCUREMENT-2015-AIRFORCE_AIRCRAFT_VOL1-PROCUREMENT_JustificationBook_Air_Force_PB_2015.zzz_unzipped-PROCUREMENT_JustificationBook_Air_Force_PB_2015.xml",
        "@RECORDID": "6ba238e5761c0b5cdb4005cd9d3b0ebd730c7a47c72ec72a3cb63b26a07450e3",
        "@ROWID": "0-c6403ce03e202f0a25a22b37901035be6fd531b3213de621be623bb8dc237a5e",
        "RevisionsAvailableDate_val": "",
        "FundingVehicle_val": "",
        "@PARENTROWID": "0-cb359b720a37c9c579d946073bf17f3f104f8f9d023260e335f40a2625ca6741",
        "@PARENT": "root.record.ItemExhibitList.P5Item.P10AdvanceProcurement.APCostElementCategoryList.EOQ.APCostElement"
    },
    {
        "FiscalYear_val": "2014",
        "PCOLocation_val": "WPAFB, OH",
        "AwardDate_val": "2014-03",
        "FirstDeliveryDate_val": "2017-02",
        "Quantity_val": "12",
        "UnitCost_val": "4.000",
        "SpecsAvailableNow_val": "true",
        "RFPIssueDate_val": "2012-10",
        "ContractMethod_val": "SS",
        "ContractType_val": "FPIF",
        "@SOURCE_FILENAME": "2015-BASE_PROCUREMENT-2015-AIRFORCE_AIRCRAFT_VOL1-PROCUREMENT_JustificationBook_Air_Force_PB_2015.zzz_unzipped-PROCUREMENT_JustificationBook_Air_Force_PB_2015.xml",
        "@RECORDID": "565aa015362bd445cc082985b6e24c13e2957f8c30a9dfbe4c0bd8a663cbe70f",
        "@ROWID": "0-d944426585e3a0bb7b272f5078dfbb81d54c22572bd9f0686d1a719633b5ed31",
        "RevisionsAvailableDate_val": "",
        "FundingVehicle_val": "",
        "@PARENTROWID": "0-5a194b00d0d9ef6cb1513cd74bdcd65233e95d04c7f94150a9304be6fb1b6f24",
        "@PARENT": "root.record.ItemExhibitList.P5Item.P10AdvanceProcurement.APCostElementCategoryList.EOQ.APCostElement"
    },
    {
        "FiscalYear_val": "2014",
        "PCOLocation_val": "WPAFB, OH",
        "AwardDate_val": "2014-03",
        "FirstDeliveryDate_val": "2016-12",
        "Quantity_val": "21",
        "UnitCost_val": "4.000",
        "SpecsAvailableNow_val": "true",
        "RFPIssueDate_val": "2012-10",
        "ContractMethod_val": "SS",
        "ContractType_val": "FPIF",
        "@SOURCE_FILENAME": "2015-BASE_PROCUREMENT-2015-AIRFORCE_AIRCRAFT_VOL1-PROCUREMENT_JustificationBook_Air_Force_PB_2015.zzz_unzipped-PROCUREMENT_JustificationBook_Air_Force_PB_2015.xml",
        "@RECORDID": "17ab19c784929a028c69ad970f12cd0eee00de512acf9833a5336d1e8a33db11",
        "@ROWID": "0-43caadf69be01ea6960670cc1ac87ced9c70f4cfa19bbe2fffb97641c2413985",
        "RevisionsAvailableDate_val": "",
        "FundingVehicle_val": "",
        "@PARENTROWID": "0-9ea264046316cb13aacf0d15e2034440eb562fb548664b8a66f9d13b2527dad2",
        "@PARENT": "root.record.ItemExhibitList.P5Item.P10AdvanceProcurement.APCostElementCategoryList.EOQ.APCostElement"
    },
    {
        "FiscalYear_val": "2014",
        "PCOLocation_val": "WPAFB, OH",
        "AwardDate_val": "2014-03",
        "FirstDeliveryDate_val": "2017-01",
        "Quantity_val": "23",
        "UnitCost_val": "4.000",
        "SpecsAvailableNow_val": "true",
        "RFPIssueDate_val": "2012-10",
        "ContractMethod_val": "SS",
        "ContractType_val": "FPIF",
        "@SOURCE_FILENAME": "2015-BASE_PROCUREMENT-2015-AIRFORCE_AIRCRAFT_VOL2-PROCUREMENT_MasterJustificationBook_Air_Force_PB_2015.zzz_unzipped-PROCUREMENT_MasterJustificationBook_Air_Force_PB_2015.xml",
        "@RECORDID": "8e9b86220f90ce455a14b686aeeb045957500e61279471fc35c4187b1270e5ed",
        "@ROWID": "0-87ea3896ccbaaa1cd56d1e3698238b55202128485c61efe2be31b08dcbba04b3",
        "RevisionsAvailableDate_val": "",
        "FundingVehicle_val": "",
        "@PARENTROWID": "0-47999bb7f6525b7014c7b5f2dffd5c55bffa1cc77cde010e3258a72c99efbe34",
        "@PARENT": "root.record.ItemExhibitList.P5Item.P10AdvanceProcurement.APCostElementCategoryList.EOQ.APCostElement"
    },
    {
        "FiscalYear_val": "2014",
        "PCOLocation_val": "WPAFB, OH",
        "AwardDate_val": "2014-03",
        "FirstDeliveryDate_val": "2017-02",
        "Quantity_val": "12",
        "UnitCost_val": "4.000",
        "SpecsAvailableNow_val": "true",
        "RFPIssueDate_val": "2012-10",
        "ContractMethod_val": "SS",
        "ContractType_val": "FPIF",
        "@SOURCE_FILENAME": "2015-BASE_PROCUREMENT-2015-AIRFORCE_AIRCRAFT_VOL2-PROCUREMENT_MasterJustificationBook_Air_Force_PB_2015.zzz_unzipped-PROCUREMENT_MasterJustificationBook_Air_Force_PB_2015.xml",
        "@RECORDID": "9d38bc75efdc1bb24fa15dd6fdcc79dd0ddabb23d16bb5fb0fb72b4ecbbd10cc",
        "@ROWID": "0-ebab687725c74523f79b93ccd5c54c7f2e7ff86a1715587f165e577c0c31f27d",
        "RevisionsAvailableDate_val": "",
        "FundingVehicle_val": "",
        "@PARENTROWID": "0-b16e2defe653f57b26e2b611feacfe0d9edcf4f40ad13d4a2927672d05dce6fa",
        "@PARENT": "root.record.ItemExhibitList.P5Item.P10AdvanceProcurement.APCostElementCategoryList.EOQ.APCostElement"
    },
    {
        "FiscalYear_val": "2014",
        "PCOLocation_val": "WPAFB, OH",
        "AwardDate_val": "2014-03",
        "FirstDeliveryDate_val": "2016-12",
        "Quantity_val": "21",
        "UnitCost_val": "4.000",
        "SpecsAvailableNow_val": "true",
        "RFPIssueDate_val": "2012-10",
        "ContractMethod_val": "SS",
        "ContractType_val": "FPIF",
        "@SOURCE_FILENAME": "2015-BASE_PROCUREMENT-2015-AIRFORCE_AIRCRAFT_VOL2-PROCUREMENT_MasterJustificationBook_Air_Force_PB_2015.zzz_unzipped-PROCUREMENT_MasterJustificationBook_Air_Force_PB_2015.xml",
        "@RECORDID": "a97dfc5ffa5535857cd61c3c158de84a1441decc875ced08ad568ff95d020f85",
        "@ROWID": "0-d5ce28129f0ba5bd7d670758dc3f963d0cc046d9aedca7bda9553f0315296ab9",
        "RevisionsAvailableDate_val": "",
        "FundingVehicle_val": "",
        "@PARENTROWID": "0-3f1adde8e5497c1f0d3129e025e27e98a11e20fe2e6ddb469ae70f469759cdeb",
        "@PARENT": "root.record.ItemExhibitList.P5Item.P10AdvanceProcurement.APCostElementCategoryList.EOQ.APCostElement"
    },
    {
        "FiscalYear_val": "2014",
        "PCOLocation_val": "WPAFB, OH",
        "AwardDate_val": "2014-03",
        "FirstDeliveryDate_val": "2017-01",
        "Quantity_val": "23",
        "UnitCost_val": "4.000",
        "SpecsAvailableNow_val": "true",
        "RFPIssueDate_val": "2012-10",
        "ContractMethod_val": "SS",
        "ContractType_val": "FPIF",
        "@SOURCE_FILENAME": "2015-AMENDED_PROCUREMENT_AND_RDTE-2015-AIRFORCE_AMMO-PROCUREMENT_JustificationBook_Air_Force_PBAmended_2015.zzz_unzipped-PROCUREMENT_JustificationBook_Air_Force_PBAmended_2015.xml",
        "@RECORDID": "d27cefc2bb72e82de7748f7a1d1ff2a8ff7ad30cf7027a91e47ee29dad986610",
        "@ROWID": "0-a67e9733f84cf394a2cba60f53773b04d9f47962ba4045caed35a5879bacb6c3",
        "RevisionsAvailableDate_val": "",
        "FundingVehicle_val": "",
        "@PARENTROWID": "0-6894a0a88dd05ce1c012d6564351aaa09380ce0c53b6a308291f3634feaf14b7",
        "@PARENT": "root.record.ItemExhibitList.P5Item.P10AdvanceProcurement.APCostElementCategoryList.EOQ.APCostElement"
    },
    {
        "FiscalYear_val": "2014",
        "PCOLocation_val": "WPAFB, OH",
        "AwardDate_val": "2014-03",
        "FirstDeliveryDate_val": "2017-01",
        "Quantity_val": "23",
        "UnitCost_val": "4.000",
        "SpecsAvailableNow_val": "true",
        "RFPIssueDate_val": "2012-10",
        "ContractMethod_val": "SS",
        "ContractType_val": "FPIF",
        "@SOURCE_FILENAME": "2015-AMENDED_PROCUREMENT_AND_RDTE-2015-AIRFORCE_AMMO-PROCUREMENT_MasterJustificationBook_Air_Force_PBAmended_2015.zzz_unzipped-PROCUREMENT_MasterJustificationBook_Air_Force_PBAmended_2015.xml",
        "@RECORDID": "04277271467c34157fc353a716c1236673a9ef09c1f838c7ec2af5d1128b21cc",
        "@ROWID": "0-6fd96cc513ac3de941ec66063892478745c7e4e06607b679a53c6d848c8b832b",
        "RevisionsAvailableDate_val": "",
        "FundingVehicle_val": "",
        "@PARENTROWID": "0-fbc18d68c62089042dafabc91d2d1413cce01ca7a1568a74ebf6ca1a870606ee",
        "@PARENT": "root.record.ItemExhibitList.P5Item.P10AdvanceProcurement.APCostElementCategoryList.EOQ.APCostElement"
    },
    {
        "FiscalYear_val": "2016",
        "PCOLocation_val": "Dahlgren, VA",
        "AwardDate_val": "2016-02",
        "FirstDeliveryDate_val": "2018-02",
        "Quantity_val": "1.000",
        "UnitCost_val": "48.411",
        "SpecsAvailableNow_val": "true",
        "RFPIssueDate_val": "2015-10",
        "ContractMethod_val": "SS",
        "ContractType_val": "FP",
        "@SOURCE_FILENAME": "2016-BASE_PROCUREMENT-2016-MDA-PROCUREMENT_JustificationBook_Missile_Defense_Agency_PB_2016.zzz_unzipped-PROCUREMENT_JustificationBook_Missile_Defense_Agency_PB_2016.xml",
        "@RECORDID": "8fe681ed2a7b4397677aa6bf70676f250b32ded3546a6adb5424a1cf3206bbc3",
        "@ROWID": "0-d9dc82cf2adeb4b0efa3296514ffde9acb48c0bbe2ddf4879509f4600947beea",
        "RevisionsAvailableDate_val": "",
        "FundingVehicle_val": "",
        "@PARENTROWID": "0-6ae0297ecb26a82166793b5ee1f80656c0e46388f8fcf226a047dea16ee2c747",
        "@PARENT": "root.record.ItemExhibitList.P5Item.P10AdvanceProcurement.APCostElementCategoryList.EOQ.APCostElement"
    },
    {
        "FiscalYear_val": "2016",
        "PCOLocation_val": "Dahlgren, VA",
        "AwardDate_val": "2016-02",
        "FirstDeliveryDate_val": "2019-02",
        "Quantity_val": "1.000",
        "UnitCost_val": "38.307",
        "SpecsAvailableNow_val": "true",
        "RFPIssueDate_val": "2015-10",
        "ContractMethod_val": "SS",
        "ContractType_val": "FP",
        "@SOURCE_FILENAME": "2016-BASE_PROCUREMENT-2016-MDA-PROCUREMENT_JustificationBook_Missile_Defense_Agency_PB_2016.zzz_unzipped-PROCUREMENT_JustificationBook_Missile_Defense_Agency_PB_2016.xml",
        "@RECORDID": "8fe681ed2a7b4397677aa6bf70676f250b32ded3546a6adb5424a1cf3206bbc3",
        "@ROWID": "0-ac7b6f3736175cd1af54aeae4dbd1673c3a440b0ac155d2f2d5b7598a58f248d",
        "RevisionsAvailableDate_val": "",
        "FundingVehicle_val": "",
        "@PARENTROWID": "1-9b6e2aba856ccd8ac1b4684c6be36e02d34f92592f9fad4ce72abc8ff13ab344",
        "@PARENT": "root.record.ItemExhibitList.P5Item.P10AdvanceProcurement.APCostElementCategoryList.EOQ.APCostElement"
    },
    {
        "FiscalYear_val": "2016",
        "PCOLocation_val": "Dahlgren, VA",
        "AwardDate_val": "2016-02",
        "FirstDeliveryDate_val": "2018-02",
        "Quantity_val": "1.000",
        "UnitCost_val": "61.047",
        "SpecsAvailableNow_val": "true",
        "RFPIssueDate_val": "2015-02",
        "ContractMethod_val": "SS",
        "ContractType_val": "FP",
        "@SOURCE_FILENAME": "2016-BASE_PROCUREMENT-2016-MDA-PROCUREMENT_JustificationBook_Missile_Defense_Agency_PB_2016.zzz_unzipped-PROCUREMENT_JustificationBook_Missile_Defense_Agency_PB_2016.xml",
        "@RECORDID": "8fe681ed2a7b4397677aa6bf70676f250b32ded3546a6adb5424a1cf3206bbc3",
        "@ROWID": "0-fd1f513c2e911d8e4036ff2fdd38377a5cdcb56a7a1ad56dbd7213395034140a",
        "RevisionsAvailableDate_val": "",
        "FundingVehicle_val": "",
        "@PARENTROWID": "5-0616b558b914f15aae39456193ce7747b8e65d6d477b4ba85053eb7af19ed84c",
        "@PARENT": "root.record.ItemExhibitList.P5Item.P10AdvanceProcurement.APCostElementCategoryList.EOQ.APCostElement"
    },
    {
        "FiscalYear_val": "2016",
        "PCOLocation_val": "Dahlgren, VA",
        "AwardDate_val": "2016-02",
        "FirstDeliveryDate_val": "2018-02",
        "Quantity_val": "1.000",
        "UnitCost_val": "48.411",
        "SpecsAvailableNow_val": "true",
        "RFPIssueDate_val": "2015-10",
        "ContractMethod_val": "SS",
        "ContractType_val": "FP",
        "@SOURCE_FILENAME": "2016-BASE_PROCUREMENT-2016-MDA-PROCUREMENT_MasterJustificationBook_Missile_Defense_Agency_PB_2016.zzz_unzipped-PROCUREMENT_MasterJustificationBook_Missile_Defense_Agency_PB_2016.xml",
        "@RECORDID": "b4f2202771c2bfc95fdafd93a11aada31a8b14c6b9c5880fd0d937560581322f",
        "@ROWID": "0-c062ed709816a5c08d4fa07e79e9173559280df4fa6e354f60a4430322cffdff",
        "RevisionsAvailableDate_val": "",
        "FundingVehicle_val": "",
        "@PARENTROWID": "0-4917f54ae72d880ef8eb2c2034bc266559b534b4a309fb5eaa1f212d5666497d",
        "@PARENT": "root.record.ItemExhibitList.P5Item.P10AdvanceProcurement.APCostElementCategoryList.EOQ.APCostElement"
    },
    {
        "FiscalYear_val": "2016",
        "PCOLocation_val": "Dahlgren, VA",
        "AwardDate_val": "2016-02",
        "FirstDeliveryDate_val": "2019-02",
        "Quantity_val": "1.000",
        "UnitCost_val": "38.307",
        "SpecsAvailableNow_val": "true",
        "RFPIssueDate_val": "2015-10",
        "ContractMethod_val": "SS",
        "ContractType_val": "FP",
        "@SOURCE_FILENAME": "2016-BASE_PROCUREMENT-2016-MDA-PROCUREMENT_MasterJustificationBook_Missile_Defense_Agency_PB_2016.zzz_unzipped-PROCUREMENT_MasterJustificationBook_Missile_Defense_Agency_PB_2016.xml",
        "@RECORDID": "b4f2202771c2bfc95fdafd93a11aada31a8b14c6b9c5880fd0d937560581322f",
        "@ROWID": "0-32f383e0490b076f65358af4a9c104dc07a013fc20c3f4b7fcb5a12d120546b2",
        "RevisionsAvailableDate_val": "",
        "FundingVehicle_val": "",
        "@PARENTROWID": "1-6ede969cbe16eeae3064a891460c57806407119905f739bc337b828239a63803",
        "@PARENT": "root.record.ItemExhibitList.P5Item.P10AdvanceProcurement.APCostElementCategoryList.EOQ.APCostElement"
    },
    {
        "FiscalYear_val": "2016",
        "PCOLocation_val": "Dahlgren, VA",
        "AwardDate_val": "2016-02",
        "FirstDeliveryDate_val": "2018-02",
        "Quantity_val": "1.000",
        "UnitCost_val": "61.047",
        "SpecsAvailableNow_val": "true",
        "RFPIssueDate_val": "2015-02",
        "ContractMethod_val": "SS",
        "ContractType_val": "FP",
        "@SOURCE_FILENAME": "2016-BASE_PROCUREMENT-2016-MDA-PROCUREMENT_MasterJustificationBook_Missile_Defense_Agency_PB_2016.zzz_unzipped-PROCUREMENT_MasterJustificationBook_Missile_Defense_Agency_PB_2016.xml",
        "@RECORDID": "b4f2202771c2bfc95fdafd93a11aada31a8b14c6b9c5880fd0d937560581322f",
        "@ROWID": "0-ac3518838fb659c3f92ef4137fdd30bf8f8d691da70a312cc7c7b7a7c67386fb",
        "RevisionsAvailableDate_val": "",
        "FundingVehicle_val": "",
        "@PARENTROWID": "5-ffe93f587e2321fddfa487861660a58615e181e4cb56f96c5905a015c31f86ea",
        "@PARENT": "root.record.ItemExhibitList.P5Item.P10AdvanceProcurement.APCostElementCategoryList.EOQ.APCostElement"
    },
    {
        "FiscalYear_val": "2015",
        "PCOLocation_val": "WPAFB, OH",
        "AwardDate_val": "2015-12",
        "FirstDeliveryDate_val": "2016-12",
        "Quantity_val": "14",
        "UnitCost_val": "0.000",
        "SpecsAvailableNow_val": "true",
        "RFPIssueDate_val": "2012-10",
        "ContractMethod_val": "SS",
        "ContractType_val": "FPIF",
        "@SOURCE_FILENAME": "2017-BASE_PROCUREMENT-2017-AIRFORCE_AIRCRAFT_VOL1-U_PROCUREMENT_JustificationBook_Air_Force_PB_2017.zzz_unzipped-U_PROCUREMENT_JustificationBook_Air_Force_PB_2017.xml",
        "@RECORDID": "317e5965462e9d7678fc4f02896e5cee9bbda817cad2e5ad9c2290b851dba197",
        "@ROWID": "0-8f892ecf4146168f55f7d168084d074f04f1468216f71d49d1497a09d4b8095f",
        "RevisionsAvailableDate_val": "",
        "FundingVehicle_val": "",
        "@PARENTROWID": "0-677a9bd2796fccb456a7f05ec3a234673fe45266b380cfdd172f3d3dc1efb467",
        "@PARENT": "root.record.ItemExhibitList.P5Item.P10AdvanceProcurement.APCostElementCategoryList.EOQ.APCostElement"
    },
    {
        "FiscalYear_val": "2016",
        "PCOLocation_val": "WPAFB, OH",
        "AwardDate_val": "2016-03",
        "FirstDeliveryDate_val": "2017-11",
        "Quantity_val": "2",
        "UnitCost_val": "0.000",
        "SpecsAvailableNow_val": "true",
        "RFPIssueDate_val": "2012-10",
        "ContractMethod_val": "SS",
        "ContractType_val": "FPIF",
        "@SOURCE_FILENAME": "2017-BASE_PROCUREMENT-2017-AIRFORCE_AIRCRAFT_VOL1-U_PROCUREMENT_JustificationBook_Air_Force_PB_2017.zzz_unzipped-U_PROCUREMENT_JustificationBook_Air_Force_PB_2017.xml",
        "@RECORDID": "317e5965462e9d7678fc4f02896e5cee9bbda817cad2e5ad9c2290b851dba197",
        "@ROWID": "1-05431a2d56ed95e460b7e3fdb68289c38ebb53be6e3b5287a24168193ec30999",
        "RevisionsAvailableDate_val": "",
        "FundingVehicle_val": "",
        "@PARENTROWID": "0-677a9bd2796fccb456a7f05ec3a234673fe45266b380cfdd172f3d3dc1efb467",
        "@PARENT": "root.record.ItemExhibitList.P5Item.P10AdvanceProcurement.APCostElementCategoryList.EOQ.APCostElement"
    },
    {
        "FiscalYear_val": "2017",
        "PCOLocation_val": "WPAFB, OH",
        "AwardDate_val": "2016-12",
        "FirstDeliveryDate_val": "2019-04",
        "Quantity_val": "0",
        "UnitCost_val": "0.000",
        "SpecsAvailableNow_val": "true",
        "RFPIssueDate_val": "2012-10",
        "ContractMethod_val": "SS",
        "ContractType_val": "FPIF",
        "@SOURCE_FILENAME": "2017-BASE_PROCUREMENT-2017-AIRFORCE_AIRCRAFT_VOL1-U_PROCUREMENT_JustificationBook_Air_Force_PB_2017.zzz_unzipped-U_PROCUREMENT_JustificationBook_Air_Force_PB_2017.xml",
        "@RECORDID": "317e5965462e9d7678fc4f02896e5cee9bbda817cad2e5ad9c2290b851dba197",
        "@ROWID": "2-d9703147ee7b79de86398d4db44c86f793f8c846ce73364744403291f2fcabef",
        "RevisionsAvailableDate_val": "",
        "FundingVehicle_val": "",
        "@PARENTROWID": "0-677a9bd2796fccb456a7f05ec3a234673fe45266b380cfdd172f3d3dc1efb467",
        "@PARENT": "root.record.ItemExhibitList.P5Item.P10AdvanceProcurement.APCostElementCategoryList.EOQ.APCostElement"
    },
    {
        "FiscalYear_val": "2015",
        "PCOLocation_val": "WPAFB, OH",
        "AwardDate_val": "2015-12",
        "FirstDeliveryDate_val": "2016-12",
        "Quantity_val": "8",
        "UnitCost_val": "0.000",
        "SpecsAvailableNow_val": "true",
        "RFPIssueDate_val": "2012-10",
        "ContractMethod_val": "SS",
        "ContractType_val": "FPIF",
        "@SOURCE_FILENAME": "2017-BASE_PROCUREMENT-2017-AIRFORCE_AIRCRAFT_VOL1-U_PROCUREMENT_JustificationBook_Air_Force_PB_2017.zzz_unzipped-U_PROCUREMENT_JustificationBook_Air_Force_PB_2017.xml",
        "@RECORDID": "dfceced65c92fa65682ab45ae434a30edc54231102355ccb2d0cccb8c70865c0",
        "@ROWID": "0-97d3b994887a9b9a348ee8e0a5c166c198e960010a37e2e19f9e16bf4e7b31bc",
        "RevisionsAvailableDate_val": "",
        "FundingVehicle_val": "",
        "@PARENTROWID": "0-813b48c1c3a8c1a6441f6446af0673adf59798bce069bf1c61a8029148c19825",
        "@PARENT": "root.record.ItemExhibitList.P5Item.P10AdvanceProcurement.APCostElementCategoryList.EOQ.APCostElement"
    },
    {
        "FiscalYear_val": "2016",
        "PCOLocation_val": "WPAFB, OH",
        "AwardDate_val": "2016-03",
        "FirstDeliveryDate_val": "2017-12",
        "Quantity_val": "6",
        "UnitCost_val": "0.000",
        "SpecsAvailableNow_val": "true",
        "RFPIssueDate_val": "2012-10",
        "ContractMethod_val": "SS",
        "ContractType_val": "FPIF",
        "@SOURCE_FILENAME": "2017-BASE_PROCUREMENT-2017-AIRFORCE_AIRCRAFT_VOL1-U_PROCUREMENT_JustificationBook_Air_Force_PB_2017.zzz_unzipped-U_PROCUREMENT_JustificationBook_Air_Force_PB_2017.xml",
        "@RECORDID": "dfceced65c92fa65682ab45ae434a30edc54231102355ccb2d0cccb8c70865c0",
        "@ROWID": "1-330a2c21c1551a5a69bf0ff37b023f5876e9a5f245f89a69f3a8ba093844db9c",
        "RevisionsAvailableDate_val": "",
        "FundingVehicle_val": "",
        "@PARENTROWID": "0-813b48c1c3a8c1a6441f6446af0673adf59798bce069bf1c61a8029148c19825",
        "@PARENT": "root.record.ItemExhibitList.P5Item.P10AdvanceProcurement.APCostElementCategoryList.EOQ.APCostElement"
    },
    {
        "FiscalYear_val": "2017",
        "PCOLocation_val": "WPAFB, OH",
        "AwardDate_val": "2016-12",
        "FirstDeliveryDate_val": "2019-01",
        "Quantity_val": "0",
        "UnitCost_val": "0.000",
        "SpecsAvailableNow_val": "true",
        "RFPIssueDate_val": "2012-10",
        "ContractMethod_val": "SS",
        "ContractType_val": "FPIF",
        "@SOURCE_FILENAME": "2017-BASE_PROCUREMENT-2017-AIRFORCE_AIRCRAFT_VOL1-U_PROCUREMENT_JustificationBook_Air_Force_PB_2017.zzz_unzipped-U_PROCUREMENT_JustificationBook_Air_Force_PB_2017.xml",
        "@RECORDID": "dfceced65c92fa65682ab45ae434a30edc54231102355ccb2d0cccb8c70865c0",
        "@ROWID": "2-10707dc2615d3b10a0c343fe23dd7915d02db78a365287e15ca3b34b08e8cf55",
        "RevisionsAvailableDate_val": "",
        "FundingVehicle_val": "",
        "@PARENTROWID": "0-813b48c1c3a8c1a6441f6446af0673adf59798bce069bf1c61a8029148c19825",
        "@PARENT": "root.record.ItemExhibitList.P5Item.P10AdvanceProcurement.APCostElementCategoryList.EOQ.APCostElement"
    },
    {
        "FiscalYear_val": "2015",
        "PCOLocation_val": "WPAFB, OH",
        "AwardDate_val": "2015-12",
        "FirstDeliveryDate_val": "2016-12",
        "Quantity_val": "14",
        "UnitCost_val": "0.000",
        "SpecsAvailableNow_val": "true",
        "RFPIssueDate_val": "2012-10",
        "ContractMethod_val": "SS",
        "ContractType_val": "FPIF",
        "@SOURCE_FILENAME": "2017-BASE_PROCUREMENT-2017-AIRFORCE_AIRCRAFT_VOL1-U_PROCUREMENT_MasterJustificationBook_Air_Force_PB_2017.zzz_unzipped-U_PROCUREMENT_MasterJustificationBook_Air_Force_PB_2017.xml",
        "@RECORDID": "1e24abaeefbb873f569d9b38ff04ead3b13c188ded0a995438fc26ef309c4d70",
        "@ROWID": "0-29c44e0b4be94fbdd2e2360b2adc6255b3ed7b2b05bf5e09c5fe1248922fda1c",
        "RevisionsAvailableDate_val": "",
        "FundingVehicle_val": "",
        "@PARENTROWID": "0-9c89bbeb2d672264fe0c6c5a42dfd89e3e6ba45d310edba87ccda12d48c49f87",
        "@PARENT": "root.record.ItemExhibitList.P5Item.P10AdvanceProcurement.APCostElementCategoryList.EOQ.APCostElement"
    },
    {
        "FiscalYear_val": "2016",
        "PCOLocation_val": "WPAFB, OH",
        "AwardDate_val": "2016-03",
        "FirstDeliveryDate_val": "2017-11",
        "Quantity_val": "2",
        "UnitCost_val": "0.000",
        "SpecsAvailableNow_val": "true",
        "RFPIssueDate_val": "2012-10",
        "ContractMethod_val": "SS",
        "ContractType_val": "FPIF",
        "@SOURCE_FILENAME": "2017-BASE_PROCUREMENT-2017-AIRFORCE_AIRCRAFT_VOL1-U_PROCUREMENT_MasterJustificationBook_Air_Force_PB_2017.zzz_unzipped-U_PROCUREMENT_MasterJustificationBook_Air_Force_PB_2017.xml",
        "@RECORDID": "1e24abaeefbb873f569d9b38ff04ead3b13c188ded0a995438fc26ef309c4d70",
        "@ROWID": "1-101bd995bd19471bb40e6dcfef40718acf02407b8a41d703ae73c0f6d1028b53",
        "RevisionsAvailableDate_val": "",
        "FundingVehicle_val": "",
        "@PARENTROWID": "0-9c89bbeb2d672264fe0c6c5a42dfd89e3e6ba45d310edba87ccda12d48c49f87",
        "@PARENT": "root.record.ItemExhibitList.P5Item.P10AdvanceProcurement.APCostElementCategoryList.EOQ.APCostElement"
    },
    {
        "FiscalYear_val": "2017",
        "PCOLocation_val": "WPAFB, OH",
        "AwardDate_val": "2016-12",
        "FirstDeliveryDate_val": "2019-04",
        "Quantity_val": "0",
        "UnitCost_val": "0.000",
        "SpecsAvailableNow_val": "true",
        "RFPIssueDate_val": "2012-10",
        "ContractMethod_val": "SS",
        "ContractType_val": "FPIF",
        "@SOURCE_FILENAME": "2017-BASE_PROCUREMENT-2017-AIRFORCE_AIRCRAFT_VOL1-U_PROCUREMENT_MasterJustificationBook_Air_Force_PB_2017.zzz_unzipped-U_PROCUREMENT_MasterJustificationBook_Air_Force_PB_2017.xml",
        "@RECORDID": "1e24abaeefbb873f569d9b38ff04ead3b13c188ded0a995438fc26ef309c4d70",
        "@ROWID": "2-a33ea8d943d0bdf2169d6c13778b23cd657f1c68de4c9a71843a57dedb2ac6d1",
        "RevisionsAvailableDate_val": "",
        "FundingVehicle_val": "",
        "@PARENTROWID": "0-9c89bbeb2d672264fe0c6c5a42dfd89e3e6ba45d310edba87ccda12d48c49f87",
        "@PARENT": "root.record.ItemExhibitList.P5Item.P10AdvanceProcurement.APCostElementCategoryList.EOQ.APCostElement"
    },
    {
        "FiscalYear_val": "2015",
        "PCOLocation_val": "WPAFB, OH",
        "AwardDate_val": "2015-12",
        "FirstDeliveryDate_val": "2016-12",
        "Quantity_val": "8",
        "UnitCost_val": "0.000",
        "SpecsAvailableNow_val": "true",
        "RFPIssueDate_val": "2012-10",
        "ContractMethod_val": "SS",
        "ContractType_val": "FPIF",
        "@SOURCE_FILENAME": "2017-BASE_PROCUREMENT-2017-AIRFORCE_AIRCRAFT_VOL1-U_PROCUREMENT_MasterJustificationBook_Air_Force_PB_2017.zzz_unzipped-U_PROCUREMENT_MasterJustificationBook_Air_Force_PB_2017.xml",
        "@RECORDID": "f8d8f61e907a74fdbcc61c2f963800089af997881e4e9977e7629b29e606e7f9",
        "@ROWID": "0-ca89ddfe1b071837ca143eb3eab54aa1b3e6edbe4d3e9bb5b0bd50c3631f179e",
        "RevisionsAvailableDate_val": "",
        "FundingVehicle_val": "",
        "@PARENTROWID": "0-8b69873fcaf5a78783ff4ef20b9e2be16c3eabb5bec1e56f8112e96bd9586b51",
        "@PARENT": "root.record.ItemExhibitList.P5Item.P10AdvanceProcurement.APCostElementCategoryList.EOQ.APCostElement"
    },
    {
        "FiscalYear_val": "2016",
        "PCOLocation_val": "WPAFB, OH",
        "AwardDate_val": "2016-03",
        "FirstDeliveryDate_val": "2017-12",
        "Quantity_val": "6",
        "UnitCost_val": "0.000",
        "SpecsAvailableNow_val": "true",
        "RFPIssueDate_val": "2012-10",
        "ContractMethod_val": "SS",
        "ContractType_val": "FPIF",
        "@SOURCE_FILENAME": "2017-BASE_PROCUREMENT-2017-AIRFORCE_AIRCRAFT_VOL1-U_PROCUREMENT_MasterJustificationBook_Air_Force_PB_2017.zzz_unzipped-U_PROCUREMENT_MasterJustificationBook_Air_Force_PB_2017.xml",
        "@RECORDID": "f8d8f61e907a74fdbcc61c2f963800089af997881e4e9977e7629b29e606e7f9",
        "@ROWID": "1-46a9b4335f51ced3f2bc8d3aabcdc5d72f727ee6d5d32ac2e8ab413f3335ae86",
        "RevisionsAvailableDate_val": "",
        "FundingVehicle_val": "",
        "@PARENTROWID": "0-8b69873fcaf5a78783ff4ef20b9e2be16c3eabb5bec1e56f8112e96bd9586b51",
        "@PARENT": "root.record.ItemExhibitList.P5Item.P10AdvanceProcurement.APCostElementCategoryList.EOQ.APCostElement"
    },
    {
        "FiscalYear_val": "2017",
        "PCOLocation_val": "WPAFB, OH",
        "AwardDate_val": "2016-12",
        "FirstDeliveryDate_val": "2019-01",
        "Quantity_val": "0",
        "UnitCost_val": "0.000",
        "SpecsAvailableNow_val": "true",
        "RFPIssueDate_val": "2012-10",
        "ContractMethod_val": "SS",
        "ContractType_val": "FPIF",
        "@SOURCE_FILENAME": "2017-BASE_PROCUREMENT-2017-AIRFORCE_AIRCRAFT_VOL1-U_PROCUREMENT_MasterJustificationBook_Air_Force_PB_2017.zzz_unzipped-U_PROCUREMENT_MasterJustificationBook_Air_Force_PB_2017.xml",
        "@RECORDID": "f8d8f61e907a74fdbcc61c2f963800089af997881e4e9977e7629b29e606e7f9",
        "@ROWID": "2-bd2bafda44469939fc6cc80384a1d777fd606d2f68e5a91e6229f0e8c24fe80b",
        "RevisionsAvailableDate_val": "",
        "FundingVehicle_val": "",
        "@PARENTROWID": "0-8b69873fcaf5a78783ff4ef20b9e2be16c3eabb5bec1e56f8112e96bd9586b51",
        "@PARENT": "root.record.ItemExhibitList.P5Item.P10AdvanceProcurement.APCostElementCategoryList.EOQ.APCostElement"
    },
    {
        "FiscalYear_val": "2015",
        "PCOLocation_val": "WPAFB, OH",
        "AwardDate_val": "2015-12",
        "FirstDeliveryDate_val": "2016-12",
        "Quantity_val": "14",
        "UnitCost_val": "0.000",
        "SpecsAvailableNow_val": "true",
        "RFPIssueDate_val": "2012-10",
        "ContractMethod_val": "SS",
        "ContractType_val": "FPIF",
        "@SOURCE_FILENAME": "2017-BASE_PROCUREMENT-2017-AIRFORCE_AIRCRAFT_VOL2-U_PROCUREMENT_MasterJustificationBook_Air_Force_PB_2017.zzz_unzipped-U_PROCUREMENT_MasterJustificationBook_Air_Force_PB_2017.xml",
        "@RECORDID": "e69e07728276534fdfa55b2844b939d33d50eb19a45e7ddc2b78cbe832e14bba",
        "@ROWID": "0-b43a37f356a177594639e16620c80d686a3c49d19926a88ae62af9e5e0687cf5",
        "RevisionsAvailableDate_val": "",
        "FundingVehicle_val": "",
        "@PARENTROWID": "0-5bda2c5856aa8b88fda6c2587a47bc6c656100217daa23cb845f9ddafeb09c1a",
        "@PARENT": "root.record.ItemExhibitList.P5Item.P10AdvanceProcurement.APCostElementCategoryList.EOQ.APCostElement"
    },
    {
        "FiscalYear_val": "2016",
        "PCOLocation_val": "WPAFB, OH",
        "AwardDate_val": "2016-03",
        "FirstDeliveryDate_val": "2017-11",
        "Quantity_val": "2",
        "UnitCost_val": "0.000",
        "SpecsAvailableNow_val": "true",
        "RFPIssueDate_val": "2012-10",
        "ContractMethod_val": "SS",
        "ContractType_val": "FPIF",
        "@SOURCE_FILENAME": "2017-BASE_PROCUREMENT-2017-AIRFORCE_AIRCRAFT_VOL2-U_PROCUREMENT_MasterJustificationBook_Air_Force_PB_2017.zzz_unzipped-U_PROCUREMENT_MasterJustificationBook_Air_Force_PB_2017.xml",
        "@RECORDID": "e69e07728276534fdfa55b2844b939d33d50eb19a45e7ddc2b78cbe832e14bba",
        "@ROWID": "1-a7582162c2c720036ec6d88329150104a6c7c70c40071f2a168a0ff4aabb62d4",
        "RevisionsAvailableDate_val": "",
        "FundingVehicle_val": "",
        "@PARENTROWID": "0-5bda2c5856aa8b88fda6c2587a47bc6c656100217daa23cb845f9ddafeb09c1a",
        "@PARENT": "root.record.ItemExhibitList.P5Item.P10AdvanceProcurement.APCostElementCategoryList.EOQ.APCostElement"
    },
    {
        "FiscalYear_val": "2017",
        "PCOLocation_val": "WPAFB, OH",
        "AwardDate_val": "2016-12",
        "FirstDeliveryDate_val": "2019-04",
        "Quantity_val": "0",
        "UnitCost_val": "0.000",
        "SpecsAvailableNow_val": "true",
        "RFPIssueDate_val": "2012-10",
        "ContractMethod_val": "SS",
        "ContractType_val": "FPIF",
        "@SOURCE_FILENAME": "2017-BASE_PROCUREMENT-2017-AIRFORCE_AIRCRAFT_VOL2-U_PROCUREMENT_MasterJustificationBook_Air_Force_PB_2017.zzz_unzipped-U_PROCUREMENT_MasterJustificationBook_Air_Force_PB_2017.xml",
        "@RECORDID": "e69e07728276534fdfa55b2844b939d33d50eb19a45e7ddc2b78cbe832e14bba",
        "@ROWID": "2-4e1ba8192363d34e93c030592e8bc0a33527d4a2dda6add447a002b3426f52e6",
        "RevisionsAvailableDate_val": "",
        "FundingVehicle_val": "",
        "@PARENTROWID": "0-5bda2c5856aa8b88fda6c2587a47bc6c656100217daa23cb845f9ddafeb09c1a",
        "@PARENT": "root.record.ItemExhibitList.P5Item.P10AdvanceProcurement.APCostElementCategoryList.EOQ.APCostElement"
    },
    {
        "FiscalYear_val": "2015",
        "PCOLocation_val": "WPAFB, OH",
        "AwardDate_val": "2015-12",
        "FirstDeliveryDate_val": "2016-12",
        "Quantity_val": "8",
        "UnitCost_val": "0.000",
        "SpecsAvailableNow_val": "true",
        "RFPIssueDate_val": "2012-10",
        "ContractMethod_val": "SS",
        "ContractType_val": "FPIF",
        "@SOURCE_FILENAME": "2017-BASE_PROCUREMENT-2017-AIRFORCE_AIRCRAFT_VOL2-U_PROCUREMENT_MasterJustificationBook_Air_Force_PB_2017.zzz_unzipped-U_PROCUREMENT_MasterJustificationBook_Air_Force_PB_2017.xml",
        "@RECORDID": "0dd91f4446d3575886727ff6a8249093ad91205b21e77ef7cfe082bffa942faf",
        "@ROWID": "0-d6e6b68cb5e78e97f05eb29491ed70c559f825996b83532280a0804a2f46b0e5",
        "RevisionsAvailableDate_val": "",
        "FundingVehicle_val": "",
        "@PARENTROWID": "0-6a9bb2dd16cc2f2a6ae431ee624f6514109de35d5398272730f61071f6a67b4e",
        "@PARENT": "root.record.ItemExhibitList.P5Item.P10AdvanceProcurement.APCostElementCategoryList.EOQ.APCostElement"
    },
    {
        "FiscalYear_val": "2016",
        "PCOLocation_val": "WPAFB, OH",
        "AwardDate_val": "2016-03",
        "FirstDeliveryDate_val": "2017-12",
        "Quantity_val": "6",
        "UnitCost_val": "0.000",
        "SpecsAvailableNow_val": "true",
        "RFPIssueDate_val": "2012-10",
        "ContractMethod_val": "SS",
        "ContractType_val": "FPIF",
        "@SOURCE_FILENAME": "2017-BASE_PROCUREMENT-2017-AIRFORCE_AIRCRAFT_VOL2-U_PROCUREMENT_MasterJustificationBook_Air_Force_PB_2017.zzz_unzipped-U_PROCUREMENT_MasterJustificationBook_Air_Force_PB_2017.xml",
        "@RECORDID": "0dd91f4446d3575886727ff6a8249093ad91205b21e77ef7cfe082bffa942faf",
        "@ROWID": "1-de13f98575d6687b8772cb1984a28f4e07209c65d200400577b7a044a3482bd9",
        "RevisionsAvailableDate_val": "",
        "FundingVehicle_val": "",
        "@PARENTROWID": "0-6a9bb2dd16cc2f2a6ae431ee624f6514109de35d5398272730f61071f6a67b4e",
        "@PARENT": "root.record.ItemExhibitList.P5Item.P10AdvanceProcurement.APCostElementCategoryList.EOQ.APCostElement"
    },
    {
        "FiscalYear_val": "2017",
        "PCOLocation_val": "WPAFB, OH",
        "AwardDate_val": "2016-12",
        "FirstDeliveryDate_val": "2019-01",
        "Quantity_val": "0",
        "UnitCost_val": "0.000",
        "SpecsAvailableNow_val": "true",
        "RFPIssueDate_val": "2012-10",
        "ContractMethod_val": "SS",
        "ContractType_val": "FPIF",
        "@SOURCE_FILENAME": "2017-BASE_PROCUREMENT-2017-AIRFORCE_AIRCRAFT_VOL2-U_PROCUREMENT_MasterJustificationBook_Air_Force_PB_2017.zzz_unzipped-U_PROCUREMENT_MasterJustificationBook_Air_Force_PB_2017.xml",
        "@RECORDID": "0dd91f4446d3575886727ff6a8249093ad91205b21e77ef7cfe082bffa942faf",
        "@ROWID": "2-01f8d576cfa60571beb809002831c6f11738784b3a03164f4acf15d41f3acbd1",
        "RevisionsAvailableDate_val": "",
        "FundingVehicle_val": "",
        "@PARENTROWID": "0-6a9bb2dd16cc2f2a6ae431ee624f6514109de35d5398272730f61071f6a67b4e",
        "@PARENT": "root.record.ItemExhibitList.P5Item.P10AdvanceProcurement.APCostElementCategoryList.EOQ.APCostElement"
    },
    {
        "FiscalYear_val": "2018",
        "PCOLocation_val": "TBD",
        "AwardDate_val": "2018-01",
        "FirstDeliveryDate_val": "2018-01",
        "Quantity_val": "0",
        "UnitCost_val": "0.000",
        "SpecsAvailableNow_val": "true",
        "RFPIssueDate_val": "",
        "ContractMethod_val": "",
        "ContractType_val": "",
        "@SOURCE_FILENAME": "2018-BASE_PROCUREMENT-2018-AIRFORCE_AIRCRAFT_VOL1-U_PROCUREMENT_JustificationBook_Air_Force_PB_2018.zzz_unzipped-U_PROCUREMENT_JustificationBook_Air_Force_PB_2018.xml",
        "@RECORDID": "3013d2c99ef7883e19c7b93224fdff50f8c7263434425601604d25632bc020a5",
        "@ROWID": "0-11fc671412ea1f26ce0b2009a12c1c5ef4320717e6d581b09a83031babf65957",
        "RevisionsAvailableDate_val": "2017-12",
        "FundingVehicle_val": "TBD",
        "@PARENTROWID": "0-0ca4b7a3aa5b0fc1e99ce8aacffa9044e9ecfa5e635aaa6823c7f649752d0946",
        "@PARENT": "root.record.ItemExhibitList.P5Item.P10AdvanceProcurement.APCostElementCategoryList.EOQ.APCostElement"
    },
    {
        "FiscalYear_val": "2016",
        "PCOLocation_val": "WPAFB, OH",
        "AwardDate_val": "2016-03",
        "FirstDeliveryDate_val": "2018-10",
        "Quantity_val": "3",
        "UnitCost_val": "0.000",
        "SpecsAvailableNow_val": "true",
        "RFPIssueDate_val": "2012-10",
        "ContractMethod_val": "SS",
        "ContractType_val": "FPIF",
        "@SOURCE_FILENAME": "2018-BASE_PROCUREMENT-2018-AIRFORCE_AIRCRAFT_VOL1-U_PROCUREMENT_JustificationBook_Air_Force_PB_2018.zzz_unzipped-U_PROCUREMENT_JustificationBook_Air_Force_PB_2018.xml",
        "@RECORDID": "1064caa6aad62d617f267eeab8b71ff24316efc723669cb41e40e5531ed97467",
        "@ROWID": "0-321ae973d7865e2ad830ab69819ae965eb9a529086ca841b3d04a170fba681a3",
        "RevisionsAvailableDate_val": "",
        "FundingVehicle_val": "",
        "@PARENTROWID": "0-fbe38dce4f4e36a5563e39c631b8ad0cf1076e122450e16414589f6a1aadc67a",
        "@PARENT": "root.record.ItemExhibitList.P5Item.P10AdvanceProcurement.APCostElementCategoryList.EOQ.APCostElement"
    },
    {
        "FiscalYear_val": "2017",
        "PCOLocation_val": "WPAFB, OH",
        "AwardDate_val": "2016-12",
        "FirstDeliveryDate_val": "2019-07",
        "Quantity_val": "2",
        "UnitCost_val": "0.000",
        "SpecsAvailableNow_val": "true",
        "RFPIssueDate_val": "2012-10",
        "ContractMethod_val": "SS",
        "ContractType_val": "FPIF",
        "@SOURCE_FILENAME": "2018-BASE_PROCUREMENT-2018-AIRFORCE_AIRCRAFT_VOL1-U_PROCUREMENT_JustificationBook_Air_Force_PB_2018.zzz_unzipped-U_PROCUREMENT_JustificationBook_Air_Force_PB_2018.xml",
        "@RECORDID": "1064caa6aad62d617f267eeab8b71ff24316efc723669cb41e40e5531ed97467",
        "@ROWID": "1-2ad88eaeb15bc30125fefd444a3073d624e68abccab398adf25ff7ee5cac4f5e",
        "RevisionsAvailableDate_val": "",
        "FundingVehicle_val": "",
        "@PARENTROWID": "0-fbe38dce4f4e36a5563e39c631b8ad0cf1076e122450e16414589f6a1aadc67a",
        "@PARENT": "root.record.ItemExhibitList.P5Item.P10AdvanceProcurement.APCostElementCategoryList.EOQ.APCostElement"
    },
    {
        "FiscalYear_val": "2018",
        "PCOLocation_val": "WPAFB, OH",
        "AwardDate_val": "2017-12",
        "FirstDeliveryDate_val": "2020-12",
        "Quantity_val": "0",
        "UnitCost_val": "0.000",
        "SpecsAvailableNow_val": "true",
        "RFPIssueDate_val": "2016-03",
        "ContractMethod_val": "SS",
        "ContractType_val": "FPIF",
        "@SOURCE_FILENAME": "2018-BASE_PROCUREMENT-2018-AIRFORCE_AIRCRAFT_VOL1-U_PROCUREMENT_JustificationBook_Air_Force_PB_2018.zzz_unzipped-U_PROCUREMENT_JustificationBook_Air_Force_PB_2018.xml",
        "@RECORDID": "1064caa6aad62d617f267eeab8b71ff24316efc723669cb41e40e5531ed97467",
        "@ROWID": "2-a91625897c5668a888b88a19571f5ee1b39d1b947f6938751e7506e1f918643c",
        "RevisionsAvailableDate_val": "",
        "FundingVehicle_val": "",
        "@PARENTROWID": "0-fbe38dce4f4e36a5563e39c631b8ad0cf1076e122450e16414589f6a1aadc67a",
        "@PARENT": "root.record.ItemExhibitList.P5Item.P10AdvanceProcurement.APCostElementCategoryList.EOQ.APCostElement"
    },
    {
        "FiscalYear_val": "2016",
        "PCOLocation_val": "WPAFB, OH",
        "AwardDate_val": "2016-03",
        "FirstDeliveryDate_val": "2017-11",
        "Quantity_val": "10",
        "UnitCost_val": "0.000",
        "SpecsAvailableNow_val": "true",
        "RFPIssueDate_val": "2012-10",
        "ContractMethod_val": "SS",
        "ContractType_val": "FPIF",
        "@SOURCE_FILENAME": "2018-BASE_PROCUREMENT-2018-AIRFORCE_AIRCRAFT_VOL1-U_PROCUREMENT_JustificationBook_Air_Force_PB_2018.zzz_unzipped-U_PROCUREMENT_JustificationBook_Air_Force_PB_2018.xml",
        "@RECORDID": "5282f14dc345aeb069c9862d0a8e6f568c12f7a22a00e4757ffea9e6ec73b23d",
        "@ROWID": "0-056734c0f9177dad4ce9d63374c647f78ad032933de286e8d9698e14f88a8b97",
        "RevisionsAvailableDate_val": "",
        "FundingVehicle_val": "",
        "@PARENTROWID": "0-9c6c1019bd3f89acaf002fddf192bce2bbc4efbef9ba56aad48afc73e39ead44",
        "@PARENT": "root.record.ItemExhibitList.P5Item.P10AdvanceProcurement.APCostElementCategoryList.EOQ.APCostElement"
    },
    {
        "FiscalYear_val": "2017",
        "PCOLocation_val": "WPAFB, OH",
        "AwardDate_val": "2016-12",
        "FirstDeliveryDate_val": "2019-04",
        "Quantity_val": "5",
        "UnitCost_val": "0.000",
        "SpecsAvailableNow_val": "true",
        "RFPIssueDate_val": "2012-10",
        "ContractMethod_val": "SS",
        "ContractType_val": "FPIF",
        "@SOURCE_FILENAME": "2018-BASE_PROCUREMENT-2018-AIRFORCE_AIRCRAFT_VOL1-U_PROCUREMENT_JustificationBook_Air_Force_PB_2018.zzz_unzipped-U_PROCUREMENT_JustificationBook_Air_Force_PB_2018.xml",
        "@RECORDID": "5282f14dc345aeb069c9862d0a8e6f568c12f7a22a00e4757ffea9e6ec73b23d",
        "@ROWID": "1-8d5bcfbd0fa26fca9d1b0f9f01f43f3471d48edf68f39376bc4864f24b1e2c27",
        "RevisionsAvailableDate_val": "",
        "FundingVehicle_val": "",
        "@PARENTROWID": "0-9c6c1019bd3f89acaf002fddf192bce2bbc4efbef9ba56aad48afc73e39ead44",
        "@PARENT": "root.record.ItemExhibitList.P5Item.P10AdvanceProcurement.APCostElementCategoryList.EOQ.APCostElement"
    },
    {
        "FiscalYear_val": "2018",
        "PCOLocation_val": "WPAFB, OH",
        "AwardDate_val": "2017-12",
        "FirstDeliveryDate_val": "2019-09",
        "Quantity_val": "0",
        "UnitCost_val": "0.000",
        "SpecsAvailableNow_val": "true",
        "RFPIssueDate_val": "2012-10",
        "ContractMethod_val": "SS",
        "ContractType_val": "FPIF",
        "@SOURCE_FILENAME": "2018-BASE_PROCUREMENT-2018-AIRFORCE_AIRCRAFT_VOL1-U_PROCUREMENT_JustificationBook_Air_Force_PB_2018.zzz_unzipped-U_PROCUREMENT_JustificationBook_Air_Force_PB_2018.xml",
        "@RECORDID": "5282f14dc345aeb069c9862d0a8e6f568c12f7a22a00e4757ffea9e6ec73b23d",
        "@ROWID": "2-f799162131b73ab657e1d18d3ce85c3c997c3ffc4d9e1ed914381f4a1934c026",
        "RevisionsAvailableDate_val": "",
        "FundingVehicle_val": "",
        "@PARENTROWID": "0-9c6c1019bd3f89acaf002fddf192bce2bbc4efbef9ba56aad48afc73e39ead44",
        "@PARENT": "root.record.ItemExhibitList.P5Item.P10AdvanceProcurement.APCostElementCategoryList.EOQ.APCostElement"
    },
    {
        "FiscalYear_val": "2018",
        "PCOLocation_val": "TBD",
        "AwardDate_val": "2018-01",
        "FirstDeliveryDate_val": "2018-01",
        "Quantity_val": "0",
        "UnitCost_val": "0.000",
        "SpecsAvailableNow_val": "true",
        "RFPIssueDate_val": "",
        "ContractMethod_val": "",
        "ContractType_val": "",
        "@SOURCE_FILENAME": "2018-BASE_PROCUREMENT-2018-AIRFORCE_AIRCRAFT_VOL2-U_PROCUREMENT_MasterJustificationBook_Air_Force_PB_2018.zzz_unzipped-U_PROCUREMENT_MasterJustificationBook_Air_Force_PB_2018.xml",
        "@RECORDID": "f11abe99c918ba00d36c7bd6b850c69903d0cf64dd50e793b748479423a9a87c",
        "@ROWID": "0-5826f806760f00005c7840f15f45f75edfbd5e9fe66d9a954ae950ff230638fe",
        "RevisionsAvailableDate_val": "2017-12",
        "FundingVehicle_val": "TBD",
        "@PARENTROWID": "0-7889e01010f4e9c627f9ca8268fe4b43b729085d73e78ebe51e3e95e4dc31ff1",
        "@PARENT": "root.record.ItemExhibitList.P5Item.P10AdvanceProcurement.APCostElementCategoryList.EOQ.APCostElement"
    },
    {
        "FiscalYear_val": "2016",
        "PCOLocation_val": "WPAFB, OH",
        "AwardDate_val": "2016-03",
        "FirstDeliveryDate_val": "2018-10",
        "Quantity_val": "3",
        "UnitCost_val": "0.000",
        "SpecsAvailableNow_val": "true",
        "RFPIssueDate_val": "2012-10",
        "ContractMethod_val": "SS",
        "ContractType_val": "FPIF",
        "@SOURCE_FILENAME": "2018-BASE_PROCUREMENT-2018-AIRFORCE_AIRCRAFT_VOL2-U_PROCUREMENT_MasterJustificationBook_Air_Force_PB_2018.zzz_unzipped-U_PROCUREMENT_MasterJustificationBook_Air_Force_PB_2018.xml",
        "@RECORDID": "52d3e8eceb99048e70461d8badb057e5f9170779e5b578ac08b8b3a06143352f",
        "@ROWID": "0-453b25696db81c36b732f2f136644a92bc9cf744c190617200066828d3e7c9a6",
        "RevisionsAvailableDate_val": "",
        "FundingVehicle_val": "",
        "@PARENTROWID": "0-110fc9f74c51658ef6b10c2698ba22723b6e99171134c371b95f33c24795270e",
        "@PARENT": "root.record.ItemExhibitList.P5Item.P10AdvanceProcurement.APCostElementCategoryList.EOQ.APCostElement"
    },
    {
        "FiscalYear_val": "2017",
        "PCOLocation_val": "WPAFB, OH",
        "AwardDate_val": "2016-12",
        "FirstDeliveryDate_val": "2019-07",
        "Quantity_val": "2",
        "UnitCost_val": "0.000",
        "SpecsAvailableNow_val": "true",
        "RFPIssueDate_val": "2012-10",
        "ContractMethod_val": "SS",
        "ContractType_val": "FPIF",
        "@SOURCE_FILENAME": "2018-BASE_PROCUREMENT-2018-AIRFORCE_AIRCRAFT_VOL2-U_PROCUREMENT_MasterJustificationBook_Air_Force_PB_2018.zzz_unzipped-U_PROCUREMENT_MasterJustificationBook_Air_Force_PB_2018.xml",
        "@RECORDID": "52d3e8eceb99048e70461d8badb057e5f9170779e5b578ac08b8b3a06143352f",
        "@ROWID": "1-90ee998200a12c4ae87cad7b48861d658623f8ef7ecf6c342e0aa86a725ec63b",
        "RevisionsAvailableDate_val": "",
        "FundingVehicle_val": "",
        "@PARENTROWID": "0-110fc9f74c51658ef6b10c2698ba22723b6e99171134c371b95f33c24795270e",
        "@PARENT": "root.record.ItemExhibitList.P5Item.P10AdvanceProcurement.APCostElementCategoryList.EOQ.APCostElement"
    },
    {
        "FiscalYear_val": "2018",
        "PCOLocation_val": "WPAFB, OH",
        "AwardDate_val": "2017-12",
        "FirstDeliveryDate_val": "2020-12",
        "Quantity_val": "0",
        "UnitCost_val": "0.000",
        "SpecsAvailableNow_val": "true",
        "RFPIssueDate_val": "2016-03",
        "ContractMethod_val": "SS",
        "ContractType_val": "FPIF",
        "@SOURCE_FILENAME": "2018-BASE_PROCUREMENT-2018-AIRFORCE_AIRCRAFT_VOL2-U_PROCUREMENT_MasterJustificationBook_Air_Force_PB_2018.zzz_unzipped-U_PROCUREMENT_MasterJustificationBook_Air_Force_PB_2018.xml",
        "@RECORDID": "52d3e8eceb99048e70461d8badb057e5f9170779e5b578ac08b8b3a06143352f",
        "@ROWID": "2-82115f55e84b1ff45b122550963580c666ab4b20d24ca2d7ebb69e9863bec19c",
        "RevisionsAvailableDate_val": "",
        "FundingVehicle_val": "",
        "@PARENTROWID": "0-110fc9f74c51658ef6b10c2698ba22723b6e99171134c371b95f33c24795270e",
        "@PARENT": "root.record.ItemExhibitList.P5Item.P10AdvanceProcurement.APCostElementCategoryList.EOQ.APCostElement"
    },
    {
        "FiscalYear_val": "2016",
        "PCOLocation_val": "WPAFB, OH",
        "AwardDate_val": "2016-03",
        "FirstDeliveryDate_val": "2017-11",
        "Quantity_val": "10",
        "UnitCost_val": "0.000",
        "SpecsAvailableNow_val": "true",
        "RFPIssueDate_val": "2012-10",
        "ContractMethod_val": "SS",
        "ContractType_val": "FPIF",
        "@SOURCE_FILENAME": "2018-BASE_PROCUREMENT-2018-AIRFORCE_AIRCRAFT_VOL2-U_PROCUREMENT_MasterJustificationBook_Air_Force_PB_2018.zzz_unzipped-U_PROCUREMENT_MasterJustificationBook_Air_Force_PB_2018.xml",
        "@RECORDID": "3a9accd390ed2b4c0db815f8762265e56f4da2f42dfd3f6bf46e7026cfaa4062",
        "@ROWID": "0-f758756b35078c7e449bdc381a3079ce9b42be387b0fabeb642029682b9b70f4",
        "RevisionsAvailableDate_val": "",
        "FundingVehicle_val": "",
        "@PARENTROWID": "0-2ea3f258222dd104e83f17a68f9836c308543d5db33c1ab732b11643b524f5df",
        "@PARENT": "root.record.ItemExhibitList.P5Item.P10AdvanceProcurement.APCostElementCategoryList.EOQ.APCostElement"
    },
    {
        "FiscalYear_val": "2017",
        "PCOLocation_val": "WPAFB, OH",
        "AwardDate_val": "2016-12",
        "FirstDeliveryDate_val": "2019-04",
        "Quantity_val": "5",
        "UnitCost_val": "0.000",
        "SpecsAvailableNow_val": "true",
        "RFPIssueDate_val": "2012-10",
        "ContractMethod_val": "SS",
        "ContractType_val": "FPIF",
        "@SOURCE_FILENAME": "2018-BASE_PROCUREMENT-2018-AIRFORCE_AIRCRAFT_VOL2-U_PROCUREMENT_MasterJustificationBook_Air_Force_PB_2018.zzz_unzipped-U_PROCUREMENT_MasterJustificationBook_Air_Force_PB_2018.xml",
        "@RECORDID": "3a9accd390ed2b4c0db815f8762265e56f4da2f42dfd3f6bf46e7026cfaa4062",
        "@ROWID": "1-04de539a698acac27956620546232637fa335b6d4dbd6cd468512c877bc2d14d",
        "RevisionsAvailableDate_val": "",
        "FundingVehicle_val": "",
        "@PARENTROWID": "0-2ea3f258222dd104e83f17a68f9836c308543d5db33c1ab732b11643b524f5df",
        "@PARENT": "root.record.ItemExhibitList.P5Item.P10AdvanceProcurement.APCostElementCategoryList.EOQ.APCostElement"
    },
    {
        "FiscalYear_val": "2018",
        "PCOLocation_val": "WPAFB, OH",
        "AwardDate_val": "2017-12",
        "FirstDeliveryDate_val": "2019-09",
        "Quantity_val": "0",
        "UnitCost_val": "0.000",
        "SpecsAvailableNow_val": "true",
        "RFPIssueDate_val": "2012-10",
        "ContractMethod_val": "SS",
        "ContractType_val": "FPIF",
        "@SOURCE_FILENAME": "2018-BASE_PROCUREMENT-2018-AIRFORCE_AIRCRAFT_VOL2-U_PROCUREMENT_MasterJustificationBook_Air_Force_PB_2018.zzz_unzipped-U_PROCUREMENT_MasterJustificationBook_Air_Force_PB_2018.xml",
        "@RECORDID": "3a9accd390ed2b4c0db815f8762265e56f4da2f42dfd3f6bf46e7026cfaa4062",
        "@ROWID": "2-d78e584af74652589a7d4e2dff37b1ba6f3f0e4125b1a65411ee09015aca5e69",
        "RevisionsAvailableDate_val": "",
        "FundingVehicle_val": "",
        "@PARENTROWID": "0-2ea3f258222dd104e83f17a68f9836c308543d5db33c1ab732b11643b524f5df",
        "@PARENT": "root.record.ItemExhibitList.P5Item.P10AdvanceProcurement.APCostElementCategoryList.EOQ.APCostElement"
    },
    {
        "FiscalYear_val": "2017",
        "PCOLocation_val": "WPAFB, OH",
        "AwardDate_val": "2016-12",
        "FirstDeliveryDate_val": "2019-08",
        "Quantity_val": "2",
        "UnitCost_val": "0.000",
        "SpecsAvailableNow_val": "true",
        "RFPIssueDate_val": "2012-10",
        "ContractMethod_val": "SS",
        "ContractType_val": "FPIF",
        "@SOURCE_FILENAME": "2019-BASE_PROCUREMENT-2019-AIRFORCE_AIRCRAFT_VOL1-U_PROCUREMENT_JustificationBook_Air_Force_PB_2019.zzz_unzipped-U_PROCUREMENT_JustificationBook_Air_Force_PB_2019.xml",
        "@RECORDID": "e0673cb2550f564aa6d42ffc7db17b338b0ea30ff6cefba724dc2156b2ca7f51",
        "@ROWID": "0-e6253bd29058d92d26e47c438ae4323f5e771d11eb6e07f3d0a81aad7a5666a5",
        "RevisionsAvailableDate_val": "",
        "FundingVehicle_val": "",
        "@PARENTROWID": "0-eca7f9b3762da678d4dcdc3fa0a9b87f86bd84170731fc3490854f6b262d882a",
        "@PARENT": "root.record.ItemExhibitList.P5Item.P10AdvanceProcurement.APCostElementCategoryList.EOQ.APCostElement"
    },
    {
        "FiscalYear_val": "2018",
        "PCOLocation_val": "WPAFB, OH",
        "AwardDate_val": "2018-08",
        "FirstDeliveryDate_val": "2021-04",
        "Quantity_val": "1",
        "UnitCost_val": "0.000",
        "SpecsAvailableNow_val": "true",
        "RFPIssueDate_val": "2016-03",
        "ContractMethod_val": "SS",
        "ContractType_val": "FPIF",
        "@SOURCE_FILENAME": "2019-BASE_PROCUREMENT-2019-AIRFORCE_AIRCRAFT_VOL1-U_PROCUREMENT_JustificationBook_Air_Force_PB_2019.zzz_unzipped-U_PROCUREMENT_JustificationBook_Air_Force_PB_2019.xml",
        "@RECORDID": "e0673cb2550f564aa6d42ffc7db17b338b0ea30ff6cefba724dc2156b2ca7f51",
        "@ROWID": "1-3325f97105903e7e137108fa483e83e1995625e1033030c3b4cc331c71d9106a",
        "RevisionsAvailableDate_val": "",
        "FundingVehicle_val": "",
        "@PARENTROWID": "0-eca7f9b3762da678d4dcdc3fa0a9b87f86bd84170731fc3490854f6b262d882a",
        "@PARENT": "root.record.ItemExhibitList.P5Item.P10AdvanceProcurement.APCostElementCategoryList.EOQ.APCostElement"
    },
    {
        "FiscalYear_val": "2019",
        "PCOLocation_val": "WPAFB, OH",
        "AwardDate_val": "2019-09",
        "FirstDeliveryDate_val": "2022-03",
        "Quantity_val": "0",
        "UnitCost_val": "0.000",
        "SpecsAvailableNow_val": "true",
        "RFPIssueDate_val": "2018-03",
        "ContractMethod_val": "SS",
        "ContractType_val": "FPIF",
        "@SOURCE_FILENAME": "2019-BASE_PROCUREMENT-2019-AIRFORCE_AIRCRAFT_VOL1-U_PROCUREMENT_JustificationBook_Air_Force_PB_2019.zzz_unzipped-U_PROCUREMENT_JustificationBook_Air_Force_PB_2019.xml",
        "@RECORDID": "e0673cb2550f564aa6d42ffc7db17b338b0ea30ff6cefba724dc2156b2ca7f51",
        "@ROWID": "2-81f0152d6a18f668e2f18eca0e0295d5fce02532d1ba5d233859ba8eaecc7c30",
        "RevisionsAvailableDate_val": "",
        "FundingVehicle_val": "",
        "@PARENTROWID": "0-eca7f9b3762da678d4dcdc3fa0a9b87f86bd84170731fc3490854f6b262d882a",
        "@PARENT": "root.record.ItemExhibitList.P5Item.P10AdvanceProcurement.APCostElementCategoryList.EOQ.APCostElement"
    },
    {
        "FiscalYear_val": "2017",
        "PCOLocation_val": "WPAFB, OH",
        "AwardDate_val": "2016-12",
        "FirstDeliveryDate_val": "2019-04",
        "Quantity_val": "5",
        "UnitCost_val": "0.000",
        "SpecsAvailableNow_val": "true",
        "RFPIssueDate_val": "2012-10",
        "ContractMethod_val": "SS",
        "ContractType_val": "FPIF",
        "@SOURCE_FILENAME": "2019-BASE_PROCUREMENT-2019-AIRFORCE_AIRCRAFT_VOL1-U_PROCUREMENT_JustificationBook_Air_Force_PB_2019.zzz_unzipped-U_PROCUREMENT_JustificationBook_Air_Force_PB_2019.xml",
        "@RECORDID": "48d362fea8109f02805de255b38f14c8d3354fa434f24d725ad243831a52ca04",
        "@ROWID": "0-752c1d30ee00c606d34eac686722757490d9a528a663309ef9d300fa6ad871b3",
        "RevisionsAvailableDate_val": "",
        "FundingVehicle_val": "",
        "@PARENTROWID": "0-3b039085fe77358e51437a2ec3d8808891adfc1566af68ef2ff8ecc69544f349",
        "@PARENT": "root.record.ItemExhibitList.P5Item.P10AdvanceProcurement.APCostElementCategoryList.EOQ.APCostElement"
    },
    {
        "FiscalYear_val": "2018",
        "PCOLocation_val": "WPAFB, OH",
        "AwardDate_val": "2017-12",
        "FirstDeliveryDate_val": "2019-10",
        "Quantity_val": "6",
        "UnitCost_val": "0.000",
        "SpecsAvailableNow_val": "true",
        "RFPIssueDate_val": "2012-10",
        "ContractMethod_val": "SS",
        "ContractType_val": "FPIF",
        "@SOURCE_FILENAME": "2019-BASE_PROCUREMENT-2019-AIRFORCE_AIRCRAFT_VOL1-U_PROCUREMENT_JustificationBook_Air_Force_PB_2019.zzz_unzipped-U_PROCUREMENT_JustificationBook_Air_Force_PB_2019.xml",
        "@RECORDID": "48d362fea8109f02805de255b38f14c8d3354fa434f24d725ad243831a52ca04",
        "@ROWID": "1-86ae04cbc2431d90dcd107c9ecb080642bfcdb9af9153596bb4a996aacdb4a3c",
        "RevisionsAvailableDate_val": "",
        "FundingVehicle_val": "",
        "@PARENTROWID": "0-3b039085fe77358e51437a2ec3d8808891adfc1566af68ef2ff8ecc69544f349",
        "@PARENT": "root.record.ItemExhibitList.P5Item.P10AdvanceProcurement.APCostElementCategoryList.EOQ.APCostElement"
    },
    {
        "FiscalYear_val": "2019",
        "PCOLocation_val": "WPAFB, OH",
        "AwardDate_val": "2018-12",
        "FirstDeliveryDate_val": "2021-10",
        "Quantity_val": "22",
        "UnitCost_val": "4.000",
        "SpecsAvailableNow_val": "true",
        "RFPIssueDate_val": "2018-03",
        "ContractMethod_val": "SS",
        "ContractType_val": "FPIF",
        "@SOURCE_FILENAME": "2019-BASE_PROCUREMENT-2019-AIRFORCE_AIRCRAFT_VOL1-U_PROCUREMENT_JustificationBook_Air_Force_PB_2019.zzz_unzipped-U_PROCUREMENT_JustificationBook_Air_Force_PB_2019.xml",
        "@RECORDID": "48d362fea8109f02805de255b38f14c8d3354fa434f24d725ad243831a52ca04",
        "@ROWID": "2-23178255c97b06613b385d1051fdfb97d9ef66368003420205dbbdd50c8e78fd",
        "RevisionsAvailableDate_val": "",
        "FundingVehicle_val": "",
        "@PARENTROWID": "0-3b039085fe77358e51437a2ec3d8808891adfc1566af68ef2ff8ecc69544f349",
        "@PARENT": "root.record.ItemExhibitList.P5Item.P10AdvanceProcurement.APCostElementCategoryList.EOQ.APCostElement"
    },
    {
        "FiscalYear_val": "2017",
        "PCOLocation_val": "WPAFB, OH",
        "AwardDate_val": "2016-12",
        "FirstDeliveryDate_val": "2019-08",
        "Quantity_val": "2",
        "UnitCost_val": "0.000",
        "SpecsAvailableNow_val": "true",
        "RFPIssueDate_val": "2012-10",
        "ContractMethod_val": "SS",
        "ContractType_val": "FPIF",
        "@SOURCE_FILENAME": "2019-BASE_PROCUREMENT-2019-AIRFORCE_AIRCRAFT_VOL2-U_PROCUREMENT_MasterJustificationBook_Air_Force_PB_2019.zzz_unzipped-U_PROCUREMENT_MasterJustificationBook_Air_Force_PB_2019.xml",
        "@RECORDID": "4ea7dbeed17529286c356893bd67d91b274d260621fb5a5444bb33e07128c318",
        "@ROWID": "0-ba6510df86d251d9941cc10cb9fb9fb46565ae2d498e9e03eba5f97f9eaf7e19",
        "RevisionsAvailableDate_val": "",
        "FundingVehicle_val": "",
        "@PARENTROWID": "0-6676813085ad069c48a705c63293d4595e48798b3d059e50c22b24ba6d052357",
        "@PARENT": "root.record.ItemExhibitList.P5Item.P10AdvanceProcurement.APCostElementCategoryList.EOQ.APCostElement"
    },
    {
        "FiscalYear_val": "2018",
        "PCOLocation_val": "WPAFB, OH",
        "AwardDate_val": "2018-08",
        "FirstDeliveryDate_val": "2021-04",
        "Quantity_val": "1",
        "UnitCost_val": "0.000",
        "SpecsAvailableNow_val": "true",
        "RFPIssueDate_val": "2016-03",
        "ContractMethod_val": "SS",
        "ContractType_val": "FPIF",
        "@SOURCE_FILENAME": "2019-BASE_PROCUREMENT-2019-AIRFORCE_AIRCRAFT_VOL2-U_PROCUREMENT_MasterJustificationBook_Air_Force_PB_2019.zzz_unzipped-U_PROCUREMENT_MasterJustificationBook_Air_Force_PB_2019.xml",
        "@RECORDID": "4ea7dbeed17529286c356893bd67d91b274d260621fb5a5444bb33e07128c318",
        "@ROWID": "1-e83094350471a0bdc75814a1dc07f87aeca67ebfade517c43ab33f77c72ee31f",
        "RevisionsAvailableDate_val": "",
        "FundingVehicle_val": "",
        "@PARENTROWID": "0-6676813085ad069c48a705c63293d4595e48798b3d059e50c22b24ba6d052357",
        "@PARENT": "root.record.ItemExhibitList.P5Item.P10AdvanceProcurement.APCostElementCategoryList.EOQ.APCostElement"
    },
    {
        "FiscalYear_val": "2019",
        "PCOLocation_val": "WPAFB, OH",
        "AwardDate_val": "2019-09",
        "FirstDeliveryDate_val": "2022-03",
        "Quantity_val": "0",
        "UnitCost_val": "0.000",
        "SpecsAvailableNow_val": "true",
        "RFPIssueDate_val": "2018-03",
        "ContractMethod_val": "SS",
        "ContractType_val": "FPIF",
        "@SOURCE_FILENAME": "2019-BASE_PROCUREMENT-2019-AIRFORCE_AIRCRAFT_VOL2-U_PROCUREMENT_MasterJustificationBook_Air_Force_PB_2019.zzz_unzipped-U_PROCUREMENT_MasterJustificationBook_Air_Force_PB_2019.xml",
        "@RECORDID": "4ea7dbeed17529286c356893bd67d91b274d260621fb5a5444bb33e07128c318",
        "@ROWID": "2-330be3d189dc7409652411da3b6014caeb42243ce460940401dc791b387ce6b6",
        "RevisionsAvailableDate_val": "",
        "FundingVehicle_val": "",
        "@PARENTROWID": "0-6676813085ad069c48a705c63293d4595e48798b3d059e50c22b24ba6d052357",
        "@PARENT": "root.record.ItemExhibitList.P5Item.P10AdvanceProcurement.APCostElementCategoryList.EOQ.APCostElement"
    },
    {
        "FiscalYear_val": "2017",
        "PCOLocation_val": "WPAFB, OH",
        "AwardDate_val": "2016-12",
        "FirstDeliveryDate_val": "2019-04",
        "Quantity_val": "5",
        "UnitCost_val": "0.000",
        "SpecsAvailableNow_val": "true",
        "RFPIssueDate_val": "2012-10",
        "ContractMethod_val": "SS",
        "ContractType_val": "FPIF",
        "@SOURCE_FILENAME": "2019-BASE_PROCUREMENT-2019-AIRFORCE_AIRCRAFT_VOL2-U_PROCUREMENT_MasterJustificationBook_Air_Force_PB_2019.zzz_unzipped-U_PROCUREMENT_MasterJustificationBook_Air_Force_PB_2019.xml",
        "@RECORDID": "25050f3609f71c4e582f0bda0141fc2b15087f0de79e5b8d4a91232f00b6bcb3",
        "@ROWID": "0-c16be2f9e49767fa677451214a3d12232a5171c68a958fd7420e8144de82b8bc",
        "RevisionsAvailableDate_val": "",
        "FundingVehicle_val": "",
        "@PARENTROWID": "0-448f11bee615ec36750cbd40807b8195185f685b3fb3ba03b27a0e732579672c",
        "@PARENT": "root.record.ItemExhibitList.P5Item.P10AdvanceProcurement.APCostElementCategoryList.EOQ.APCostElement"
    },
    {
        "FiscalYear_val": "2018",
        "PCOLocation_val": "WPAFB, OH",
        "AwardDate_val": "2017-12",
        "FirstDeliveryDate_val": "2019-10",
        "Quantity_val": "6",
        "UnitCost_val": "0.000",
        "SpecsAvailableNow_val": "true",
        "RFPIssueDate_val": "2012-10",
        "ContractMethod_val": "SS",
        "ContractType_val": "FPIF",
        "@SOURCE_FILENAME": "2019-BASE_PROCUREMENT-2019-AIRFORCE_AIRCRAFT_VOL2-U_PROCUREMENT_MasterJustificationBook_Air_Force_PB_2019.zzz_unzipped-U_PROCUREMENT_MasterJustificationBook_Air_Force_PB_2019.xml",
        "@RECORDID": "25050f3609f71c4e582f0bda0141fc2b15087f0de79e5b8d4a91232f00b6bcb3",
        "@ROWID": "1-c2e3d1f7f238945d5f55048efebf4de267d9b07da8f2085e7446e22b122e18bb",
        "RevisionsAvailableDate_val": "",
        "FundingVehicle_val": "",
        "@PARENTROWID": "0-448f11bee615ec36750cbd40807b8195185f685b3fb3ba03b27a0e732579672c",
        "@PARENT": "root.record.ItemExhibitList.P5Item.P10AdvanceProcurement.APCostElementCategoryList.EOQ.APCostElement"
    },
    {
        "FiscalYear_val": "2019",
        "PCOLocation_val": "WPAFB, OH",
        "AwardDate_val": "2018-12",
        "FirstDeliveryDate_val": "2021-10",
        "Quantity_val": "22",
        "UnitCost_val": "4.000",
        "SpecsAvailableNow_val": "true",
        "RFPIssueDate_val": "2018-03",
        "ContractMethod_val": "SS",
        "ContractType_val": "FPIF",
        "@SOURCE_FILENAME": "2019-BASE_PROCUREMENT-2019-AIRFORCE_AIRCRAFT_VOL2-U_PROCUREMENT_MasterJustificationBook_Air_Force_PB_2019.zzz_unzipped-U_PROCUREMENT_MasterJustificationBook_Air_Force_PB_2019.xml",
        "@RECORDID": "25050f3609f71c4e582f0bda0141fc2b15087f0de79e5b8d4a91232f00b6bcb3",
        "@ROWID": "2-f87dda6fe33ff1b127d526e54a71a9cd7339b05c76ee2399dba99090a9f19596",
        "RevisionsAvailableDate_val": "",
        "FundingVehicle_val": "",
        "@PARENTROWID": "0-448f11bee615ec36750cbd40807b8195185f685b3fb3ba03b27a0e732579672c",
        "@PARENT": "root.record.ItemExhibitList.P5Item.P10AdvanceProcurement.APCostElementCategoryList.EOQ.APCostElement"
    }
]