BudgetActivityNumber_val,BudgetActivityTitle_val,@SOURCE_FILENAME,@RECORDID,@ROWID,@PARENTROWID,@PARENT
"4","Spares and Repair Parts","2013-BASE_PROCUREMENT-2013-AIRFORCE_MISSILE-JustificationBook_Air_Force_PB_2013.zzz_unzipped-JustificationBook_Air_Force_PB_2013.xml","753f891e1e825dcd8618285785ad06960bc166d30adb2a0b6bd27ee1cd8dbfc1","0-1f6f1a849350db30bb74b92a93e3c79fa3d5891cf44d7fcb150c5684aaba4c49","323-df0fba2e897dc0fd4417253f544956d53ccc8a5b3ed40f210ea1c4f948b35dd0","root"
"4","Spares and Repair Parts","2013-BASE_PROCUREMENT-2013-AIRFORCE_MISSILE-MasterJustificationBook_Air_Force_PB_2013.zzz_unzipped-MasterJustificationBook_Air_Force_PB_2013.xml","e5e916380019ca5320fd8c7359e69680d69a091e65552434d9e404847cde73c4","0-e587ac61bacc94c849dd8c83eb33f340d1bcef1612239bd212c4dd80a7841202","349-966ce41ef682818fa2ed4249c34d4d1ecd18fcb4208698c2e6131e9bde2b6257","root"
"7","Aircraft Support Equip & Facilities","2013-BASE_PROCUREMENT-2013-NAVY_AIRCRAFT_BA6-JustificationBook_Navy_PB_2013.zzz_unzipped-JustificationBook_Navy_PB_2013.xml","520677d0f0ea4d278318f8f168e57b167a2b1552a433c2f5edb833297d2df30d","0-deb19c5f31e93f4e9d6bf1b19792e8e7132a6ce4496824e819081daa2dbedff5","1054-a09da8580da8d0756ad9a25a7322e6f39c8b5b5cb09560e376120b69ae3acb86","root"
"7","Aircraft Support Equip & Facilities","2013-BASE_PROCUREMENT-2013-NAVY_AIRCRAFT_BA7-MasterJustificationBook_Navy_PB_2013.zzz_unzipped-MasterJustificationBook_Navy_PB_2013.xml","f804314ebefed1e83330c70cf92c8aee6df21c5a074777c674c50e42f720e237","0-08f74366f3ef9592efbd06f2347e15f9eb92bd2da66be910cdf986ac060b9520","1142-957c0d2c19985857d99dc9fba5bd3094f165aac08b88bca34a5ba2449a54ddf3","root"
"2","Other Missiles","2013-BASE_PROCUREMENT-2013-NAVY_WEAPONS-JustificationBook_Navy_PB_2013.zzz_unzipped-JustificationBook_Navy_PB_2013.xml","b185acc31d91e993cf168579bb66ec29864cb08a8c562afd49e0db01a02a837e","0-b7f713e24f40ce6278c958f68acafc8d19400e029393b5ea2f0cfab4484465f9","1175-b073d1f7596d8fb54151d5fcb7dabd1b739913f54c874a3dcf91dd99e9c298f3","root"
"3","Torpedoes and Related Equipment","2013-BASE_PROCUREMENT-2013-NAVY_WEAPONS-JustificationBook_Navy_PB_2013.zzz_unzipped-JustificationBook_Navy_PB_2013.xml","b185acc31d91e993cf168579bb66ec29864cb08a8c562afd49e0db01a02a837e","1-3e217051947e1ee33e3acbd1e262ec1dcddb398802c34144759589c44cf5f089","1175-b073d1f7596d8fb54151d5fcb7dabd1b739913f54c874a3dcf91dd99e9c298f3","root"
"4","Other Weapons","2013-BASE_PROCUREMENT-2013-NAVY_WEAPONS-JustificationBook_Navy_PB_2013.zzz_unzipped-JustificationBook_Navy_PB_2013.xml","b185acc31d91e993cf168579bb66ec29864cb08a8c562afd49e0db01a02a837e","2-52ddb46f62c43c590734d4ddca8af23caef223ff5647a193ef69e8e1f5cc79cd","1175-b073d1f7596d8fb54151d5fcb7dabd1b739913f54c874a3dcf91dd99e9c298f3","root"
"2","Other Missiles","2013-BASE_PROCUREMENT-2013-NAVY_WEAPONS-MasterJustificationBook_Navy_PB_2013.zzz_unzipped-MasterJustificationBook_Navy_PB_2013.xml","c4c7c21652ce55cfe77b96abbc3a5d2906437138a6ebeda81e890717d6a9ba76","0-747c26e7ce6337e9598def5a16551c4641139a132eda54d084665915f3543f02","1208-983843c338f26dfe8253cf0656b874b64ea7b962f56933ad0fe2cdf60ee839f9","root"
"3","Torpedoes and Related Equipment","2013-BASE_PROCUREMENT-2013-NAVY_WEAPONS-MasterJustificationBook_Navy_PB_2013.zzz_unzipped-MasterJustificationBook_Navy_PB_2013.xml","c4c7c21652ce55cfe77b96abbc3a5d2906437138a6ebeda81e890717d6a9ba76","1-836a1bc5c378c5f9fdcc1cad9b93d2e29ba687bd258118f4342b2823e516bf27","1208-983843c338f26dfe8253cf0656b874b64ea7b962f56933ad0fe2cdf60ee839f9","root"
"4","Other Weapons","2013-BASE_PROCUREMENT-2013-NAVY_WEAPONS-MasterJustificationBook_Navy_PB_2013.zzz_unzipped-MasterJustificationBook_Navy_PB_2013.xml","c4c7c21652ce55cfe77b96abbc3a5d2906437138a6ebeda81e890717d6a9ba76","2-c722da9b439acc30468afbc121b405de1f2becc079f565243946da7e890cc34e","1208-983843c338f26dfe8253cf0656b874b64ea7b962f56933ad0fe2cdf60ee839f9","root"
"1","Ships Support Equipment","2013-BASE_PROCUREMENT-2013-NAVY_OTHER_BA5_8-JustificationBook_Navy_PB_2013.zzz_unzipped-JustificationBook_Navy_PB_2013.xml","791fd2ffd696578d689d1bdd5bb3301fcf494f053fcac716598243c966823774","0-b4172990783525b4186cbca0b976d235ae0995066eba6480c2a957b984656ba6","1290-50dff09d7402a64bc7047dd8c2e3ff0c6dd472ba54095ac5d2e6ea55f9343f9f","root"
"2","Communications & Electronics Equip","2013-BASE_PROCUREMENT-2013-NAVY_OTHER_BA5_8-JustificationBook_Navy_PB_2013.zzz_unzipped-JustificationBook_Navy_PB_2013.xml","791fd2ffd696578d689d1bdd5bb3301fcf494f053fcac716598243c966823774","1-54a401fa0ed445ff1a4ca98872f7815e833081a484645d3f3cccdb541547719b","1290-50dff09d7402a64bc7047dd8c2e3ff0c6dd472ba54095ac5d2e6ea55f9343f9f","root"
"3","Aviation Support Equipment","2013-BASE_PROCUREMENT-2013-NAVY_OTHER_BA5_8-JustificationBook_Navy_PB_2013.zzz_unzipped-JustificationBook_Navy_PB_2013.xml","791fd2ffd696578d689d1bdd5bb3301fcf494f053fcac716598243c966823774","2-858320ce108478d25f9668817266066306628f223f3cb4b4ecc3cfff91bb54f9","1290-50dff09d7402a64bc7047dd8c2e3ff0c6dd472ba54095ac5d2e6ea55f9343f9f","root"
"4","Ordnance Support Equipment","2013-BASE_PROCUREMENT-2013-NAVY_OTHER_BA5_8-JustificationBook_Navy_PB_2013.zzz_unzipped-JustificationBook_Navy_PB_2013.xml","791fd2ffd696578d689d1bdd5bb3301fcf494f053fcac716598243c966823774","3-0279196f301bf4417631f5c122d6c746db18c496394de6d11a36823524cf8ba2","1290-50dff09d7402a64bc7047dd8c2e3ff0c6dd472ba54095ac5d2e6ea55f9343f9f","root"
"7","Personnel & Command Support Equip","2013-BASE_PROCUREMENT-2013-NAVY_OTHER_BA5_8-JustificationBook_Navy_PB_2013.zzz_unzipped-JustificationBook_Navy_PB_2013.xml","791fd2ffd696578d689d1bdd5bb3301fcf494f053fcac716598243c966823774","4-b4d2103963a185ee4a7c31533df0ac12e311bc175eac82e3f9bced2684af2fcd","1290-50dff09d7402a64bc7047dd8c2e3ff0c6dd472ba54095ac5d2e6ea55f9343f9f","root"
"8","Spares and Repair Parts","2013-BASE_PROCUREMENT-2013-NAVY_OTHER_BA5_8-JustificationBook_Navy_PB_2013.zzz_unzipped-JustificationBook_Navy_PB_2013.xml","791fd2ffd696578d689d1bdd5bb3301fcf494f053fcac716598243c966823774","5-22d06f798e5f1a73d6352f8602e6fdf1e77c9827716c5fadcc31066afab9a43e","1290-50dff09d7402a64bc7047dd8c2e3ff0c6dd472ba54095ac5d2e6ea55f9343f9f","root"
"1","Ships Support Equipment","2013-BASE_PROCUREMENT-2013-NAVY_OTHER_BA5_8-MasterJustificationBook_Navy_PB_2013.zzz_unzipped-MasterJustificationBook_Navy_PB_2013.xml","12221bfd5ab9fc3a9f49aad169797fe38af50105869feb70607f7a6c50800e8c","0-f44d0af7ef8b5838defccd0494770f34b3d1408d7b1e80320d3c863557f7b512","1567-69e8061a9e1922d5a05d89f95bb3bb3fbdd836f2d324a47c9a042d5eb783c205","root"
"2","Communications & Electronics Equip","2013-BASE_PROCUREMENT-2013-NAVY_OTHER_BA5_8-MasterJustificationBook_Navy_PB_2013.zzz_unzipped-MasterJustificationBook_Navy_PB_2013.xml","12221bfd5ab9fc3a9f49aad169797fe38af50105869feb70607f7a6c50800e8c","1-55e416d09c3c860d4f0f433f730148a5ff4e70da963d0ef8a520b067cc6b98ff","1567-69e8061a9e1922d5a05d89f95bb3bb3fbdd836f2d324a47c9a042d5eb783c205","root"
"3","Aviation Support Equipment","2013-BASE_PROCUREMENT-2013-NAVY_OTHER_BA5_8-MasterJustificationBook_Navy_PB_2013.zzz_unzipped-MasterJustificationBook_Navy_PB_2013.xml","12221bfd5ab9fc3a9f49aad169797fe38af50105869feb70607f7a6c50800e8c","2-38aa0d270676a1cd326bdcbd516d5961e98d40f1d8caedd8228c4acb3746d400","1567-69e8061a9e1922d5a05d89f95bb3bb3fbdd836f2d324a47c9a042d5eb783c205","root"
"4","Ordnance Support Equipment","2013-BASE_PROCUREMENT-2013-NAVY_OTHER_BA5_8-MasterJustificationBook_Navy_PB_2013.zzz_unzipped-MasterJustificationBook_Navy_PB_2013.xml","12221bfd5ab9fc3a9f49aad169797fe38af50105869feb70607f7a6c50800e8c","3-00cdf2a5898d20213c7cc407844228ae71c2409907abcad4ec01678c9126feeb","1567-69e8061a9e1922d5a05d89f95bb3bb3fbdd836f2d324a47c9a042d5eb783c205","root"
"7","Personnel & Command Support Equip","2013-BASE_PROCUREMENT-2013-NAVY_OTHER_BA5_8-MasterJustificationBook_Navy_PB_2013.zzz_unzipped-MasterJustificationBook_Navy_PB_2013.xml","12221bfd5ab9fc3a9f49aad169797fe38af50105869feb70607f7a6c50800e8c","4-77b867b643bc2f7f2bef86007d2fff090e4b12c71f933e72efbd4646f292e5bc","1567-69e8061a9e1922d5a05d89f95bb3bb3fbdd836f2d324a47c9a042d5eb783c205","root"
"8","Spares and Repair Parts","2013-BASE_PROCUREMENT-2013-NAVY_OTHER_BA5_8-MasterJustificationBook_Navy_PB_2013.zzz_unzipped-MasterJustificationBook_Navy_PB_2013.xml","12221bfd5ab9fc3a9f49aad169797fe38af50105869feb70607f7a6c50800e8c","5-c35faf51151c364b10c2e1791b443d859e68c3b08b238f3042bc81e7a2aba8cd","1567-69e8061a9e1922d5a05d89f95bb3bb3fbdd836f2d324a47c9a042d5eb783c205","root"
"4","Spares and Repair Parts","2014-BASE_PROCUREMENT-2014-AIRFORCE_MISSILE-PROCUREMENT_JustificationBook_Air_Force_PB_2014.zzz_unzipped-PROCUREMENT_JustificationBook_Air_Force_PB_2014.xml","eb76aa25aa2250f63038a2459490458fd839f2d0088630d9ea793bca093bea93","0-a86ab5aa46d2ae4f471987a4ff14ef47464d29e3cf39ab5916368807e73ee106","1979-6c3bacbac0193fb429ee6062ffe21c339632a77cd732640083fffabb20b3834e","root"
"4","Spares and Repair Parts","2014-BASE_PROCUREMENT-2014-AIRFORCE_MISSILE-PROCUREMENT_MasterJustificationBook_Air_Force_PB_2014.zzz_unzipped-PROCUREMENT_MasterJustificationBook_Air_Force_PB_2014.xml","a707703519deee903435936fca6529a54a2ed01c6b8a2a8de629932260578d8d","0-4c93042946da06018b7e1061a00683fda6cb99c5f0d0c75a45d39760ae6c928c","2003-b805a25951f254021e91eb602bad5749020c4e0814be7ae6f0e197cb9e07342f","root"
"7","Aircraft Support Equip & Facilities","2014-BASE_PROCUREMENT-2014-NAVY_AIRCRAFT_BA6-PROCUREMENT_JustificationBook_Navy_PB_2014.zzz_unzipped-PROCUREMENT_JustificationBook_Navy_PB_2014.xml","119c9734af56d6ba0b80aec2825068d0558b85748cd7394fbea861e072673be8","0-97e89aed245f7108de74050f89a25bb06a83947fe6d5b7b684931c8be05efb9a","2718-5491c9709ceb6fc1c0a34065569e2567eed2cf3dca6d03d64957688dd9b4e779","root"
"7","Aircraft Support Equip & Facilities","2014-BASE_PROCUREMENT-2014-NAVY_AIRCRAFT_BA7-PROCUREMENT_MasterJustificationBook_Navy_PB_2014.zzz_unzipped-PROCUREMENT_MasterJustificationBook_Navy_PB_2014.xml","d6275fbded77211f8971cfa00ed26479824966afeb235f7ba95706899671f50f","0-367e398ca627925306ab64f250ade76fec55ff3751c37123173882c46c49a43c","2853-05cd402b41301f9784c387e1b28fbead2b38708d05f283c294b8210591789a33","root"
"2","Other Missiles","2014-BASE_PROCUREMENT-2014-NAVY_WEAPONS-PROCUREMENT_JustificationBook_Navy_PB_2014.zzz_unzipped-PROCUREMENT_JustificationBook_Navy_PB_2014.xml","8b49cb72f737b1829b7dce0859fdde66cf267344fe509f86676f3ddf3c64f080","0-110be4afb6e5aa25d729cc346cc74ab2fdab1f25ba35f413498ee86214e5c01c","2885-16df1d6ac4f28d77aae86fa36d4f0bbe9f461e53fe43a0dfd05bd785d3eb66e1","root"
"3","Torpedoes and Related Equipment","2014-BASE_PROCUREMENT-2014-NAVY_WEAPONS-PROCUREMENT_JustificationBook_Navy_PB_2014.zzz_unzipped-PROCUREMENT_JustificationBook_Navy_PB_2014.xml","8b49cb72f737b1829b7dce0859fdde66cf267344fe509f86676f3ddf3c64f080","1-46981f49fa622edcdc9eabf80e1150162f1c37c4a361e4e12a35e28bffc8d04d","2885-16df1d6ac4f28d77aae86fa36d4f0bbe9f461e53fe43a0dfd05bd785d3eb66e1","root"
"4","Other Weapons","2014-BASE_PROCUREMENT-2014-NAVY_WEAPONS-PROCUREMENT_JustificationBook_Navy_PB_2014.zzz_unzipped-PROCUREMENT_JustificationBook_Navy_PB_2014.xml","8b49cb72f737b1829b7dce0859fdde66cf267344fe509f86676f3ddf3c64f080","2-45d21b7ea505cb80e69e479ab2dff707e66c34c9cfe8bd2a7bd22f41678d71b7","2885-16df1d6ac4f28d77aae86fa36d4f0bbe9f461e53fe43a0dfd05bd785d3eb66e1","root"
"2","Other Missiles","2014-BASE_PROCUREMENT-2014-NAVY_WEAPONS-PROCUREMENT_MasterJustificationBook_Navy_PB_2014.zzz_unzipped-PROCUREMENT_MasterJustificationBook_Navy_PB_2014.xml","a2dd2801714331158255a6546921c54f558ce3dc1a89005c228be1ad7a1f810d","0-3a1eff991b1c86595ae5e7260dc53d2f6544ae30c339be3a95e64901a2402ac6","2917-352a6ecc2e2322b895e654c0e7f655086f088c7ad3a33ddb58302fdaa1f259b5","root"
"3","Torpedoes and Related Equipment","2014-BASE_PROCUREMENT-2014-NAVY_WEAPONS-PROCUREMENT_MasterJustificationBook_Navy_PB_2014.zzz_unzipped-PROCUREMENT_MasterJustificationBook_Navy_PB_2014.xml","a2dd2801714331158255a6546921c54f558ce3dc1a89005c228be1ad7a1f810d","1-704dcca848499cfe742c0e507ac49203925114e39b58327bcec928c78c738eba","2917-352a6ecc2e2322b895e654c0e7f655086f088c7ad3a33ddb58302fdaa1f259b5","root"
"4","Other Weapons","2014-BASE_PROCUREMENT-2014-NAVY_WEAPONS-PROCUREMENT_MasterJustificationBook_Navy_PB_2014.zzz_unzipped-PROCUREMENT_MasterJustificationBook_Navy_PB_2014.xml","a2dd2801714331158255a6546921c54f558ce3dc1a89005c228be1ad7a1f810d","2-015576edea66e779528b48185b3c11f3b6da70981177c85480f836a4234f37d3","2917-352a6ecc2e2322b895e654c0e7f655086f088c7ad3a33ddb58302fdaa1f259b5","root"
"1","Ships Support Equipment","2014-BASE_PROCUREMENT-2014-NAVY_OTHER_BA5_8-PROCUREMENT_JustificationBook_Navy_PB_2014.zzz_unzipped-PROCUREMENT_JustificationBook_Navy_PB_2014.xml","75f0b72f7ef222960b0058e5ebefbd27325a1fed485cdb2572ff364690bcef97","0-2edc60dc667c5a2e273b45fde4b80bd5c755972cac07eb8d4cbe241e0c02dd5c","3129-bb3e21e4fb382d7c2d342bace6f477b2a59577e1aadfc64156e65d87dd0c4653","root"
"2","Communications & Electronics Equip","2014-BASE_PROCUREMENT-2014-NAVY_OTHER_BA5_8-PROCUREMENT_JustificationBook_Navy_PB_2014.zzz_unzipped-PROCUREMENT_JustificationBook_Navy_PB_2014.xml","75f0b72f7ef222960b0058e5ebefbd27325a1fed485cdb2572ff364690bcef97","1-691d91a7b9340a8da912b7d38a2378e9f1f5cf136db985ceaf4739b0084adce7","3129-bb3e21e4fb382d7c2d342bace6f477b2a59577e1aadfc64156e65d87dd0c4653","root"
"3","Aviation Support Equipment","2014-BASE_PROCUREMENT-2014-NAVY_OTHER_BA5_8-PROCUREMENT_JustificationBook_Navy_PB_2014.zzz_unzipped-PROCUREMENT_JustificationBook_Navy_PB_2014.xml","75f0b72f7ef222960b0058e5ebefbd27325a1fed485cdb2572ff364690bcef97","2-4980c73642e163c6dea1f0980eba96ac1b443833d60a7b28ba0d64c68d434a7d","3129-bb3e21e4fb382d7c2d342bace6f477b2a59577e1aadfc64156e65d87dd0c4653","root"
"4","Ordnance Support Equipment","2014-BASE_PROCUREMENT-2014-NAVY_OTHER_BA5_8-PROCUREMENT_JustificationBook_Navy_PB_2014.zzz_unzipped-PROCUREMENT_JustificationBook_Navy_PB_2014.xml","75f0b72f7ef222960b0058e5ebefbd27325a1fed485cdb2572ff364690bcef97","3-c002fc63d3aa0a0a1fb4e37e56829a597a65cbe1374eaf8827a96a7012af087f","3129-bb3e21e4fb382d7c2d342bace6f477b2a59577e1aadfc64156e65d87dd0c4653","root"
"7","Personnel & Command Support Equip","2014-BASE_PROCUREMENT-2014-NAVY_OTHER_BA5_8-PROCUREMENT_JustificationBook_Navy_PB_2014.zzz_unzipped-PROCUREMENT_JustificationBook_Navy_PB_2014.xml","75f0b72f7ef222960b0058e5ebefbd27325a1fed485cdb2572ff364690bcef97","4-205cfae69ce2d6e76d6367c01168be14004111abc3685aadfb8d9f54dae9b6db","3129-bb3e21e4fb382d7c2d342bace6f477b2a59577e1aadfc64156e65d87dd0c4653","root"
"8","Spares and Repair Parts","2014-BASE_PROCUREMENT-2014-NAVY_OTHER_BA5_8-PROCUREMENT_JustificationBook_Navy_PB_2014.zzz_unzipped-PROCUREMENT_JustificationBook_Navy_PB_2014.xml","75f0b72f7ef222960b0058e5ebefbd27325a1fed485cdb2572ff364690bcef97","5-fb4e0d23c6b5fa01b3dfc3802a5c8bf30ea6f995f940a52fe30fe78f6bc8d2fb","3129-bb3e21e4fb382d7c2d342bace6f477b2a59577e1aadfc64156e65d87dd0c4653","root"
"1","Ships Support Equipment","2014-BASE_PROCUREMENT-2014-NAVY_OTHER_BA5_8-PROCUREMENT_MasterJustificationBook_Navy_PB_2014.zzz_unzipped-PROCUREMENT_MasterJustificationBook_Navy_PB_2014.xml","0378d913e876e4149cf9aa23bf3bba01a03888ac562fdcf3bdf064961b020c87","0-3bdcd52d7ce198deaaacc8bfb22f9805231c65b030043b472bc64f51fba68d84","3284-06b71db88abee820e2406286f42bcd83fc41523204c48d4dafad54900d79beb1","root"
"2","Communications & Electronics Equip","2014-BASE_PROCUREMENT-2014-NAVY_OTHER_BA5_8-PROCUREMENT_MasterJustificationBook_Navy_PB_2014.zzz_unzipped-PROCUREMENT_MasterJustificationBook_Navy_PB_2014.xml","0378d913e876e4149cf9aa23bf3bba01a03888ac562fdcf3bdf064961b020c87","1-e044430a5c3cb75b34bfc084555ab935061a79bcbef9024b49c6569739fadfd7","3284-06b71db88abee820e2406286f42bcd83fc41523204c48d4dafad54900d79beb1","root"
"3","Aviation Support Equipment","2014-BASE_PROCUREMENT-2014-NAVY_OTHER_BA5_8-PROCUREMENT_MasterJustificationBook_Navy_PB_2014.zzz_unzipped-PROCUREMENT_MasterJustificationBook_Navy_PB_2014.xml","0378d913e876e4149cf9aa23bf3bba01a03888ac562fdcf3bdf064961b020c87","2-a7d6b5b5aa1fe57262c1df5e3eed6be57c51f03ba98dc54953049044f3371845","3284-06b71db88abee820e2406286f42bcd83fc41523204c48d4dafad54900d79beb1","root"
"4","Ordnance Support Equipment","2014-BASE_PROCUREMENT-2014-NAVY_OTHER_BA5_8-PROCUREMENT_MasterJustificationBook_Navy_PB_2014.zzz_unzipped-PROCUREMENT_MasterJustificationBook_Navy_PB_2014.xml","0378d913e876e4149cf9aa23bf3bba01a03888ac562fdcf3bdf064961b020c87","3-061f4a62a890b4c0eee98994da88d0f443ec95c637bc53b67f6bb7e5ac45a88b","3284-06b71db88abee820e2406286f42bcd83fc41523204c48d4dafad54900d79beb1","root"
"7","Personnel & Command Support Equip","2014-BASE_PROCUREMENT-2014-NAVY_OTHER_BA5_8-PROCUREMENT_MasterJustificationBook_Navy_PB_2014.zzz_unzipped-PROCUREMENT_MasterJustificationBook_Navy_PB_2014.xml","0378d913e876e4149cf9aa23bf3bba01a03888ac562fdcf3bdf064961b020c87","4-2ba1c7083b6a21ecd8eec5f4d370cec948286071701b7b67da28b9d3f7ba9f84","3284-06b71db88abee820e2406286f42bcd83fc41523204c48d4dafad54900d79beb1","root"
"8","Spares and Repair Parts","2014-BASE_PROCUREMENT-2014-NAVY_OTHER_BA5_8-PROCUREMENT_MasterJustificationBook_Navy_PB_2014.zzz_unzipped-PROCUREMENT_MasterJustificationBook_Navy_PB_2014.xml","0378d913e876e4149cf9aa23bf3bba01a03888ac562fdcf3bdf064961b020c87","5-542896e55ab974c9d3830b8846612d71d410aa022adc5a4f4d4301f3fb43b7d7","3284-06b71db88abee820e2406286f42bcd83fc41523204c48d4dafad54900d79beb1","root"
"4","Spares and Repair Parts","2015-BASE_PROCUREMENT-2015-AIRFORCE_MISSILE-PROCUREMENT_JustificationBook_Air_Force_PB_2015.zzz_unzipped-PROCUREMENT_JustificationBook_Air_Force_PB_2015.xml","a55daf9ca8f93eeb4cc4385931880ac099c7ed6339ea7a8c4c5a57679670d46c","0-d6c0bdee49ca5151fce9249f7cbfc3a44742b2957a5c53a945315cd7d8a14690","3597-153da02049045f3279266a9f113260f7f2a95b5fdd75352cf434dab19ba01473","root"
"4","Spares and Repair Parts","2015-BASE_PROCUREMENT-2015-AIRFORCE_MISSILE-PROCUREMENT_MasterJustificationBook_Air_Force_PB_2015.zzz_unzipped-PROCUREMENT_MasterJustificationBook_Air_Force_PB_2015.xml","adbf863e5fc0d05bb6aa686df93f86b1ca4336ca1a653ae071d1d24f57875cad","0-2c3c4ddd62f51b0178089ef5aacb867150ffd3c69a495c0676126a98a335ad00","3620-f1d3ca548aca3450c3136cadd0d036d8f21683c831bd51f986e4e55c72bb3479","root"
"4","Spares and Repair Parts","2016-BASE_PROCUREMENT-2016-AIRFORCE_MISSILE-PROCUREMENT_JustificationBook_Air_Force_PB_2016.zzz_unzipped-PROCUREMENT_JustificationBook_Air_Force_PB_2016.xml","80ddc099aabb9d0169754ee8f45951a3c11ba5a7087e66f01fff83b72dd4e924","0-e2a6443c3e7ce66debad3d80e2c8ebd67355229886599730d4d63539281094d3","5278-57c5f695176072ac42874cd3714c3ac9a188dcdec33fe4e9870fc61cbdb77325","root"
"4","Spares and Repair Parts","2016-BASE_PROCUREMENT-2016-AIRFORCE_MISSILE-PROCUREMENT_MasterJustificationBook_Air_Force_PB_2016.zzz_unzipped-PROCUREMENT_MasterJustificationBook_Air_Force_PB_2016.xml","117ed04debf19a617ed07c6e78c2d4576483f9e327a8782474db489b7ca8875b","0-94d2721db6d5badccf02b03f0c143034c098d4b8145b794ac9f9f6e024db7414","5302-4b1d8c23ac53eeca58b7b7d8a182a42c0eb6af93c92fe1e616390fde27c1fa5c","root"
"7","Aircraft Support Equip & Facilities","2016-BASE_PROCUREMENT-2016-NAVY_AIRCRAFT_BA6-PROCUREMENT_JustificationBook_Navy_PB_2016.zzz_unzipped-PROCUREMENT_JustificationBook_Navy_PB_2016.xml","b40eae23784ed2b5692424a205eb181888bd3545eaa6eb463572005a97d5c4ea","0-1496bb99d0b190400c5b16962b6d74b65fc80367cdb60f9b3f4d703e9a016351","6040-f20c9731e8a499ceef0ca438802c20520ee4b5a7a3caba7ac53a126a81c311b6","root"
"7","Aircraft Support Equip & Facilities","2016-BASE_PROCUREMENT-2016-NAVY_AIRCRAFT_BA7-PROCUREMENT_MasterJustificationBook_Navy_PB_2016.zzz_unzipped-PROCUREMENT_MasterJustificationBook_Navy_PB_2016.xml","841fbf40f595d8021dbc0a659b6cecf93db33119978e563d683d6ca0c564b97c","0-658ada98ee13fefb95f98f154cbd4530636d0d43cea5fb711a5348d8084afea5","6093-d5e97511a719959f3838ce012979a2079d7fba27bdb004a2a243409011db3786","root"
"2","Other Missiles","2016-BASE_PROCUREMENT-2016-NAVY_WEAPONS-PROCUREMENT_JustificationBook_Navy_PB_2016.zzz_unzipped-PROCUREMENT_JustificationBook_Navy_PB_2016.xml","59b69cc80eb70b978f6e1651f834de1bfd37156faefa1fe8fe4ebb24bd5ade02","0-a9c6cae1597bffba59b502695adb1307316bc0146eaf0b55c8ec1d235c5a8d93","6127-5b069416bda6167b61df642d304f116965494af38c24c5998bacdd3ac32d3b5a","root"
"3","Torpedoes and Related Equipment","2016-BASE_PROCUREMENT-2016-NAVY_WEAPONS-PROCUREMENT_JustificationBook_Navy_PB_2016.zzz_unzipped-PROCUREMENT_JustificationBook_Navy_PB_2016.xml","59b69cc80eb70b978f6e1651f834de1bfd37156faefa1fe8fe4ebb24bd5ade02","1-2de82d13f184bbadb67240cf478650c72841a7673cdc25d282c0e3ab9e475347","6127-5b069416bda6167b61df642d304f116965494af38c24c5998bacdd3ac32d3b5a","root"
"4","Other Weapons","2016-BASE_PROCUREMENT-2016-NAVY_WEAPONS-PROCUREMENT_JustificationBook_Navy_PB_2016.zzz_unzipped-PROCUREMENT_JustificationBook_Navy_PB_2016.xml","59b69cc80eb70b978f6e1651f834de1bfd37156faefa1fe8fe4ebb24bd5ade02","2-4aecdf0ae75357fd001553e8994e92749a552cd9db1d254d1743fe9c3ab6b84f","6127-5b069416bda6167b61df642d304f116965494af38c24c5998bacdd3ac32d3b5a","root"
"2","Other Missiles","2016-BASE_PROCUREMENT-2016-NAVY_WEAPONS-PROCUREMENT_MasterJustificationBook_Navy_PB_2016.zzz_unzipped-PROCUREMENT_MasterJustificationBook_Navy_PB_2016.xml","95fff6f5b583c84daccae6657b3159998cb9d891317749727c3e584db5a6a01f","0-88af34d7448d388f2912a691444eca60f8ce04355bd6b3440b064d9a575a26a0","6161-4c854550cb84d33b07e7f2f243f180eeb1fe02b2b0e41df036b86838e88b36eb","root"
"3","Torpedoes and Related Equipment","2016-BASE_PROCUREMENT-2016-NAVY_WEAPONS-PROCUREMENT_MasterJustificationBook_Navy_PB_2016.zzz_unzipped-PROCUREMENT_MasterJustificationBook_Navy_PB_2016.xml","95fff6f5b583c84daccae6657b3159998cb9d891317749727c3e584db5a6a01f","1-f22b319b704664dca57b561e47d50650c7c6335fd45bf159807f07d80f33d956","6161-4c854550cb84d33b07e7f2f243f180eeb1fe02b2b0e41df036b86838e88b36eb","root"
"4","Other Weapons","2016-BASE_PROCUREMENT-2016-NAVY_WEAPONS-PROCUREMENT_MasterJustificationBook_Navy_PB_2016.zzz_unzipped-PROCUREMENT_MasterJustificationBook_Navy_PB_2016.xml","95fff6f5b583c84daccae6657b3159998cb9d891317749727c3e584db5a6a01f","2-6c78faca089085da5384a57d200ec99d259033b28a9516a8f2b9f34fcf8246e8","6161-4c854550cb84d33b07e7f2f243f180eeb1fe02b2b0e41df036b86838e88b36eb","root"
"1","Ships Support Equipment","2016-BASE_PROCUREMENT-2016-NAVY_OTHER_BA5-8-PROCUREMENT_JustificationBook_Navy_PB_2016.zzz_unzipped-PROCUREMENT_JustificationBook_Navy_PB_2016.xml","7bde75768c75835d9437c988cf65b301c8038df71ba1a895b24b278e069de06b","0-70defd9404f89370ea9f922635242ad770c511a6722265449754318710ac8394","6362-4fd080092cee023da97f95cc67ab3ce089e9bec4be7588490d4c2b20d97d2eb5","root"
"2","Communications & Electronics Equip","2016-BASE_PROCUREMENT-2016-NAVY_OTHER_BA5-8-PROCUREMENT_JustificationBook_Navy_PB_2016.zzz_unzipped-PROCUREMENT_JustificationBook_Navy_PB_2016.xml","7bde75768c75835d9437c988cf65b301c8038df71ba1a895b24b278e069de06b","1-32d707322e81179ca473aa3bce79e92eed4d20ae8435f3d20c4fcecf17a9e293","6362-4fd080092cee023da97f95cc67ab3ce089e9bec4be7588490d4c2b20d97d2eb5","root"
"3","Aviation Support Equipment","2016-BASE_PROCUREMENT-2016-NAVY_OTHER_BA5-8-PROCUREMENT_JustificationBook_Navy_PB_2016.zzz_unzipped-PROCUREMENT_JustificationBook_Navy_PB_2016.xml","7bde75768c75835d9437c988cf65b301c8038df71ba1a895b24b278e069de06b","2-3ba30917bd695fe2dc5f543d3da25e4ba8d41d85805077bf9edb61d3203530d2","6362-4fd080092cee023da97f95cc67ab3ce089e9bec4be7588490d4c2b20d97d2eb5","root"
"4","Ordnance Support Equipment","2016-BASE_PROCUREMENT-2016-NAVY_OTHER_BA5-8-PROCUREMENT_JustificationBook_Navy_PB_2016.zzz_unzipped-PROCUREMENT_JustificationBook_Navy_PB_2016.xml","7bde75768c75835d9437c988cf65b301c8038df71ba1a895b24b278e069de06b","3-d61ef4238f107ac45695dce7008befa0d4de599612912ae63492ea40066aad08","6362-4fd080092cee023da97f95cc67ab3ce089e9bec4be7588490d4c2b20d97d2eb5","root"
"8","Spares and Repair Parts","2016-BASE_PROCUREMENT-2016-NAVY_OTHER_BA5-8-PROCUREMENT_JustificationBook_Navy_PB_2016.zzz_unzipped-PROCUREMENT_JustificationBook_Navy_PB_2016.xml","7bde75768c75835d9437c988cf65b301c8038df71ba1a895b24b278e069de06b","4-1d57b850ca22f8df5a0ac24d3cbd977696fa20d68430063c95b5e705b2660322","6362-4fd080092cee023da97f95cc67ab3ce089e9bec4be7588490d4c2b20d97d2eb5","root"
"1","Ships Support Equipment","2016-BASE_PROCUREMENT-2016-NAVY_OTHER_BA5-8-PROCUREMENT_MasterJustificationBook_Navy_PB_2016.zzz_unzipped-PROCUREMENT_MasterJustificationBook_Navy_PB_2016.xml","844b28cd496474367de1b3faddbe529b7c8fd8550d9fc00fc159f7f46fa5937e","0-021a19f029ab56554992ec1c5cc3e87f2d05ea754cd72b90fa0fb19dc2c8cfef","6536-c3bdd443a3d0e5affff481d50f550fcb566b7b308512a115e5f423def8b5f58c","root"
"2","Communications & Electronics Equip","2016-BASE_PROCUREMENT-2016-NAVY_OTHER_BA5-8-PROCUREMENT_MasterJustificationBook_Navy_PB_2016.zzz_unzipped-PROCUREMENT_MasterJustificationBook_Navy_PB_2016.xml","844b28cd496474367de1b3faddbe529b7c8fd8550d9fc00fc159f7f46fa5937e","1-011cc81b3b64acec6ac035ff43c215f9ba98fbfec96adc08d617a0661df5faf0","6536-c3bdd443a3d0e5affff481d50f550fcb566b7b308512a115e5f423def8b5f58c","root"
"3","Aviation Support Equipment","2016-BASE_PROCUREMENT-2016-NAVY_OTHER_BA5-8-PROCUREMENT_MasterJustificationBook_Navy_PB_2016.zzz_unzipped-PROCUREMENT_MasterJustificationBook_Navy_PB_2016.xml","844b28cd496474367de1b3faddbe529b7c8fd8550d9fc00fc159f7f46fa5937e","2-71c19e60611531255fd83e3d657e678110bfc877510557cba25e0568664d1fcd","6536-c3bdd443a3d0e5affff481d50f550fcb566b7b308512a115e5f423def8b5f58c","root"
"4","Ordnance Support Equipment","2016-BASE_PROCUREMENT-2016-NAVY_OTHER_BA5-8-PROCUREMENT_MasterJustificationBook_Navy_PB_2016.zzz_unzipped-PROCUREMENT_MasterJustificationBook_Navy_PB_2016.xml","844b28cd496474367de1b3faddbe529b7c8fd8550d9fc00fc159f7f46fa5937e","3-4cbd64e8656e7052e6edc6365584a08121553d7fccbcb49b976639c7a39fef73","6536-c3bdd443a3d0e5affff481d50f550fcb566b7b308512a115e5f423def8b5f58c","root"
"8","Spares and Repair Parts","2016-BASE_PROCUREMENT-2016-NAVY_OTHER_BA5-8-PROCUREMENT_MasterJustificationBook_Navy_PB_2016.zzz_unzipped-PROCUREMENT_MasterJustificationBook_Navy_PB_2016.xml","844b28cd496474367de1b3faddbe529b7c8fd8550d9fc00fc159f7f46fa5937e","4-05348ac33af6a84eb3b859d1fdb027543a9fcb2af6bde6f33e35c23c58e3d7ed","6536-c3bdd443a3d0e5affff481d50f550fcb566b7b308512a115e5f423def8b5f58c","root"
"4","Spares and Repair Parts","2017-BASE_PROCUREMENT-2017-AIRFORCE_MISSILE-U_PROCUREMENT_JustificationBook_Air_Force_PB_2017.zzz_unzipped-U_PROCUREMENT_JustificationBook_Air_Force_PB_2017.xml","a6d64777e5b62a4130dcd8889ec44ec310bac87933d1ec558ee81e84728fae06","0-fbda792bf08a778e07faf58b1b0a19b8a90115047c24f8bb7907e9bea16b8603","6893-8a9120bc9ea19e1f9b2893839d654ab9e5b42df3e82628af98a490c80d39819f","root"
"4","Spares and Repair Parts","2017-BASE_PROCUREMENT-2017-AIRFORCE_MISSILE-U_PROCUREMENT_MasterJustificationBook_Air_Force_PB_2017.zzz_unzipped-U_PROCUREMENT_MasterJustificationBook_Air_Force_PB_2017.xml","e19fba4fe460b23dda38633f447049ab5087c90b82af6fcbc629a2a2474061db","0-c17219e1f67f17e8a7102fb0dfb677544118d2cde89552aa6c979a9698481e71","6918-2bf464d87738dea059e6d2387b414a69ef0261508d4c3aa1493b4859ccb088c5","root"
"7","Aircraft Support Equip & Facilities","2017-BASE_PROCUREMENT-2017-NAVY_AIRCRAFT_BA6-U_PROCUREMENT_JustificationBook_Navy_PB_2017.zzz_unzipped-U_PROCUREMENT_JustificationBook_Navy_PB_2017.xml","afbdbd2a2747eb87223fd8e424087c54098b7ac9000f25a49dcc19ae1945e824","0-a2aa3ab1e7bf51c90101315e7acae863dc8c2f24b6f419e8f7aae8f5775c93aa","7653-693b82a94d257854d0b27069480ed3594a592051a3f65872c24dfcb613735b83","root"
"7","Aircraft Support Equip & Facilities","2017-BASE_PROCUREMENT-2017-NAVY_AIRCRAFT_BA7-U_PROCUREMENT_MasterJustificationBook_Navy_PB_2017.zzz_unzipped-U_PROCUREMENT_MasterJustificationBook_Navy_PB_2017.xml","4a1bd5adbc86be704b3da9e1d3f3b383b821782b292244744d33ccc5eb0674a1","0-0c75b4ae4e83befe0f7cdcf7d86020f13884c79dce294f16898af9b398189960","7723-97d1655e8e7b4d89458b3d6c4443b19a756730a5b4ecaa080d57856808835685","root"
"2","Other Missiles","2017-BASE_PROCUREMENT-2017-NAVY_WEAPONS-U_PROCUREMENT_JustificationBook_Navy_PB_2017.zzz_unzipped-U_PROCUREMENT_JustificationBook_Navy_PB_2017.xml","fd15687b9041e46573412f07bda7bedcb1b6dffd0b400666c1ad06e5c260dc10","0-6d086d7cd8fbbf6304d0002ef369a5197e237dc229951c91c4d529739ff462a4","7761-8649a5b57b30304d7fda22934b698ac06590ab290163eeacc619bfd1c149a4b0","root"
"3","Torpedoes and Related Equipment","2017-BASE_PROCUREMENT-2017-NAVY_WEAPONS-U_PROCUREMENT_JustificationBook_Navy_PB_2017.zzz_unzipped-U_PROCUREMENT_JustificationBook_Navy_PB_2017.xml","fd15687b9041e46573412f07bda7bedcb1b6dffd0b400666c1ad06e5c260dc10","1-acba75b019db9fd6d57e205aaa8026a7690c19078db1a72b6148a1936b3c44d6","7761-8649a5b57b30304d7fda22934b698ac06590ab290163eeacc619bfd1c149a4b0","root"
"4","Other Weapons","2017-BASE_PROCUREMENT-2017-NAVY_WEAPONS-U_PROCUREMENT_JustificationBook_Navy_PB_2017.zzz_unzipped-U_PROCUREMENT_JustificationBook_Navy_PB_2017.xml","fd15687b9041e46573412f07bda7bedcb1b6dffd0b400666c1ad06e5c260dc10","2-8ed4f39a750d829f2ea3065082fcd9a88b8d86d18016ef1d1b19702fe3b90e58","7761-8649a5b57b30304d7fda22934b698ac06590ab290163eeacc619bfd1c149a4b0","root"
"2","Other Missiles","2017-BASE_PROCUREMENT-2017-NAVY_WEAPONS-U_PROCUREMENT_MasterJustificationBook_Navy_PB_2017.zzz_unzipped-U_PROCUREMENT_MasterJustificationBook_Navy_PB_2017.xml","9e4ae0a97fe82320309317b014df1631a8ed8bed64602ac513a1cd54f90f207a","0-633b55bb888ef404bf0fe4a81bdf2b806b7c0ea17516371daabc5d12019b5e2f","7799-afb18f20adeb04b6b002748355b343d6cdc0b52c777d0c6e04f15db7024fdbd9","root"
"3","Torpedoes and Related Equipment","2017-BASE_PROCUREMENT-2017-NAVY_WEAPONS-U_PROCUREMENT_MasterJustificationBook_Navy_PB_2017.zzz_unzipped-U_PROCUREMENT_MasterJustificationBook_Navy_PB_2017.xml","9e4ae0a97fe82320309317b014df1631a8ed8bed64602ac513a1cd54f90f207a","1-ceb0bfd9850799b495b8675ca203e2b154c4e8a0957df2bec5ded74b06e0c53c","7799-afb18f20adeb04b6b002748355b343d6cdc0b52c777d0c6e04f15db7024fdbd9","root"
"4","Other Weapons","2017-BASE_PROCUREMENT-2017-NAVY_WEAPONS-U_PROCUREMENT_MasterJustificationBook_Navy_PB_2017.zzz_unzipped-U_PROCUREMENT_MasterJustificationBook_Navy_PB_2017.xml","9e4ae0a97fe82320309317b014df1631a8ed8bed64602ac513a1cd54f90f207a","2-fad86e11fb4fe6d0437d2ced0321fe687eaff23182411c26db7d16bc1fe5348a","7799-afb18f20adeb04b6b002748355b343d6cdc0b52c777d0c6e04f15db7024fdbd9","root"
"1","Ships Support Equipment","2020-BASE_PROCUREMENT-2020-NAVY_OTHER_BA5-8-U_PROCUREMENT_JustificationBook_Navy_PB_2017.zzz_unzipped-U_PROCUREMENT_JustificationBook_Navy_PB_2017.xml","e2b7e9dd5c717d4f99a9438c44088cb0501c0452ad08cda6dfd01e080849cc18","0-fafd04264777987ada45ecad6f56475e504e7543dd165f43c4ffd90ccaae5550","8002-1f59f81b9fe31aff86feb693d4f20aa6e5cba4c83715586cc9de735af48b80d7","root"
"2","Communications & Electronics Equip","2020-BASE_PROCUREMENT-2020-NAVY_OTHER_BA5-8-U_PROCUREMENT_JustificationBook_Navy_PB_2017.zzz_unzipped-U_PROCUREMENT_JustificationBook_Navy_PB_2017.xml","e2b7e9dd5c717d4f99a9438c44088cb0501c0452ad08cda6dfd01e080849cc18","1-dfec8450aa7ce4998eb569eed0d1bfc0f898f73f63563b8a3fdcd61ee1e3ef3a","8002-1f59f81b9fe31aff86feb693d4f20aa6e5cba4c83715586cc9de735af48b80d7","root"
"3","Aviation Support Equipment","2020-BASE_PROCUREMENT-2020-NAVY_OTHER_BA5-8-U_PROCUREMENT_JustificationBook_Navy_PB_2017.zzz_unzipped-U_PROCUREMENT_JustificationBook_Navy_PB_2017.xml","e2b7e9dd5c717d4f99a9438c44088cb0501c0452ad08cda6dfd01e080849cc18","2-ede455a53ab006a2ec97d77b7bc1fadc873012621fcc2bca7c36ed17b859a82f","8002-1f59f81b9fe31aff86feb693d4f20aa6e5cba4c83715586cc9de735af48b80d7","root"
"4","Ordnance Support Equipment","2020-BASE_PROCUREMENT-2020-NAVY_OTHER_BA5-8-U_PROCUREMENT_JustificationBook_Navy_PB_2017.zzz_unzipped-U_PROCUREMENT_JustificationBook_Navy_PB_2017.xml","e2b7e9dd5c717d4f99a9438c44088cb0501c0452ad08cda6dfd01e080849cc18","3-014d12341ec7a6faa409230cfca4676e785f7feae48b5af2de442bb8dd300d2f","8002-1f59f81b9fe31aff86feb693d4f20aa6e5cba4c83715586cc9de735af48b80d7","root"
"8","Spares and Repair Parts","2020-BASE_PROCUREMENT-2020-NAVY_OTHER_BA5-8-U_PROCUREMENT_JustificationBook_Navy_PB_2017.zzz_unzipped-U_PROCUREMENT_JustificationBook_Navy_PB_2017.xml","e2b7e9dd5c717d4f99a9438c44088cb0501c0452ad08cda6dfd01e080849cc18","4-bf4dfcf07c7c9bf691368d4b4a33bd3f3a75f7643144368b47b76b33d6802cba","8002-1f59f81b9fe31aff86feb693d4f20aa6e5cba4c83715586cc9de735af48b80d7","root"
"1","Ships Support Equipment","2020-BASE_PROCUREMENT-2020-NAVY_OTHER_BA5-8-U_PROCUREMENT_MasterJustificationBook_Navy_PB_2017.zzz_unzipped-U_PROCUREMENT_MasterJustificationBook_Navy_PB_2017.xml","269d22ff4e2dcfd866c813f9880ad48fc44d85b9d490737c99436d56708f3b1c","0-42a16b4404e7cdc534e89379ae58138c9ece0b140afd47843045f0aed1d9097c","8150-02237959113ab700e2748f3244b8566ab611e1e70d9319344bef1f686f7683ff","root"
"2","Communications & Electronics Equip","2020-BASE_PROCUREMENT-2020-NAVY_OTHER_BA5-8-U_PROCUREMENT_MasterJustificationBook_Navy_PB_2017.zzz_unzipped-U_PROCUREMENT_MasterJustificationBook_Navy_PB_2017.xml","269d22ff4e2dcfd866c813f9880ad48fc44d85b9d490737c99436d56708f3b1c","1-3b9002d81cded8595e50a9614c0eb3024421255445212d3022efb90f2a826d70","8150-02237959113ab700e2748f3244b8566ab611e1e70d9319344bef1f686f7683ff","root"
"3","Aviation Support Equipment","2020-BASE_PROCUREMENT-2020-NAVY_OTHER_BA5-8-U_PROCUREMENT_MasterJustificationBook_Navy_PB_2017.zzz_unzipped-U_PROCUREMENT_MasterJustificationBook_Navy_PB_2017.xml","269d22ff4e2dcfd866c813f9880ad48fc44d85b9d490737c99436d56708f3b1c","2-3eb12c51bf7255ee6713749271eb5f2d4a16dbcdfcf351b88cc85f068797d5ec","8150-02237959113ab700e2748f3244b8566ab611e1e70d9319344bef1f686f7683ff","root"
"4","Ordnance Support Equipment","2020-BASE_PROCUREMENT-2020-NAVY_OTHER_BA5-8-U_PROCUREMENT_MasterJustificationBook_Navy_PB_2017.zzz_unzipped-U_PROCUREMENT_MasterJustificationBook_Navy_PB_2017.xml","269d22ff4e2dcfd866c813f9880ad48fc44d85b9d490737c99436d56708f3b1c","3-e6f2de51859ff5d8bb1f2b5f7e60fdf440dfd4fd5434eec0ba55c1d9e431aa93","8150-02237959113ab700e2748f3244b8566ab611e1e70d9319344bef1f686f7683ff","root"
"8","Spares and Repair Parts","2020-BASE_PROCUREMENT-2020-NAVY_OTHER_BA5-8-U_PROCUREMENT_MasterJustificationBook_Navy_PB_2017.zzz_unzipped-U_PROCUREMENT_MasterJustificationBook_Navy_PB_2017.xml","269d22ff4e2dcfd866c813f9880ad48fc44d85b9d490737c99436d56708f3b1c","4-78419fc6978a64de0ca5365ee8a41bb2a8ca40b9b757b96b15e1b9013cb8da77","8150-02237959113ab700e2748f3244b8566ab611e1e70d9319344bef1f686f7683ff","root"
"4","Spares and Repair Parts","2018-BASE_PROCUREMENT-2018-AIRFORCE_MISSILE-U_PROCUREMENT_JustificationBook_Air_Force_PB_2018.zzz_unzipped-U_PROCUREMENT_JustificationBook_Air_Force_PB_2018.xml","1bf8ad0e85e14f75a0205d07c62e763cf6746101e298576d8e29aa874478e8f3","0-b38ac5abb2549b0d403006ee948bed16352a833c947cc18c133cfe72a280480a","8464-4838480ab0cdb490407cd7d22edbb04582db8e5e62eac2dedec6cccde4ba3eb8","root"
"4","Spares and Repair Parts","2018-BASE_PROCUREMENT-2018-AIRFORCE_MISSILE-U_PROCUREMENT_MasterJustificationBook_Air_Force_PB_2018.zzz_unzipped-U_PROCUREMENT_MasterJustificationBook_Air_Force_PB_2018.xml","a35996a8dc82bf9e2eb348b17e5f2065590bf8485e344ce8a31a2fc103c01b35","0-415b9105f1cd922d04cf5bb7f41bea0068a40a9c8536b8d749a173539b847f1f","8480-f3fbc920815e2b52e6f4b4cc7b57b546a94dccd3ac184853deb2329e62c1120a","root"
"7","Aircraft Support Equip & Facilities","2018-BASE_PROCUREMENT-2018-NAVY_AIRCRAFT_BA6-U_PROCUREMENT_JustificationBook_Navy_PB_2018.zzz_unzipped-U_PROCUREMENT_JustificationBook_Navy_PB_2018.xml","b2d2573feda66e12617c651a66127a01769f005c24ac046e6416b761ed60e961","0-b46e54b7d2dbf239a0776fa6c5468742719ec9979c9ebbfee4934c6b34a23142","9196-b774560ac2300302e7aba1f0a87ecf473826943e5f3e3a716a619a59614f7f0d","root"
"7","Aircraft Support Equip & Facilities","2018-BASE_PROCUREMENT-2018-NAVY_AIRCRAFT_BA67-U_PROCUREMENT_MasterJustificationBook_Navy_PB_2018.zzz_unzipped-U_PROCUREMENT_MasterJustificationBook_Navy_PB_2018.xml","125d0ac289da7105e95f27479c407a36de9a3c01b1233198e205f34741e1d332","0-babe9e458c9bfa135785b6d7f23984b57f8138b1e3bb8735070881d7dcf1aa97","9285-d5d3ce6cecd5bea72012bf668bcff5ddf8f4bee86c053479d319095c930be4a1","root"
"2","Other Missiles","2018-BASE_PROCUREMENT-2018-NAVY_WEAPONS-U_PROCUREMENT_JustificationBook_Navy_PB_2018.zzz_unzipped-U_PROCUREMENT_JustificationBook_Navy_PB_2018.xml","271763bf3521377f718e3940f65db9aec3d8d92ddc3a847902e51fe0454d26b5","0-d51db75aeb8dae90597c36a249215a1165698dc8927e34ef1fbbd852e4313141","9327-53d3f32259d7cf50d14f4fb754b923f9e42cc60c1273ad94e2d50c673090d0fa","root"
"3","Torpedoes and Related Equipment","2018-BASE_PROCUREMENT-2018-NAVY_WEAPONS-U_PROCUREMENT_JustificationBook_Navy_PB_2018.zzz_unzipped-U_PROCUREMENT_JustificationBook_Navy_PB_2018.xml","271763bf3521377f718e3940f65db9aec3d8d92ddc3a847902e51fe0454d26b5","1-09392fb76d18e18bd905101ccd340cc2da58a6f7959b72e88140115040e40495","9327-53d3f32259d7cf50d14f4fb754b923f9e42cc60c1273ad94e2d50c673090d0fa","root"
"4","Other Weapons","2018-BASE_PROCUREMENT-2018-NAVY_WEAPONS-U_PROCUREMENT_JustificationBook_Navy_PB_2018.zzz_unzipped-U_PROCUREMENT_JustificationBook_Navy_PB_2018.xml","271763bf3521377f718e3940f65db9aec3d8d92ddc3a847902e51fe0454d26b5","2-0ef4b7127983e123c8c0d7306d8f19f19fccd4fa488df9bbe97ec5831e5b5a8e","9327-53d3f32259d7cf50d14f4fb754b923f9e42cc60c1273ad94e2d50c673090d0fa","root"
"2","Other Missiles","2018-BASE_PROCUREMENT-2018-NAVY_WEAPONS-U_PROCUREMENT_MasterJustificationBook_Navy_PB_2018.zzz_unzipped-U_PROCUREMENT_MasterJustificationBook_Navy_PB_2018.xml","46a1593151ed3b4a013e58fcc9c7006915c8b31d3d559bfadc47e1b1ed5da3d6","0-9930ca7321333bce7a2cf45a1d80917270dafb54f5568a487e89b520fdb070ed","9367-c3d903ea8e2556016de271dc530ef362fa6abf7ce70dbdc1aed093883a407be8","root"
"3","Torpedoes and Related Equipment","2018-BASE_PROCUREMENT-2018-NAVY_WEAPONS-U_PROCUREMENT_MasterJustificationBook_Navy_PB_2018.zzz_unzipped-U_PROCUREMENT_MasterJustificationBook_Navy_PB_2018.xml","46a1593151ed3b4a013e58fcc9c7006915c8b31d3d559bfadc47e1b1ed5da3d6","1-27a8214eb6a5d5f5a1db4febcb4699dfc0b7ec1588cf428d41c50cc323662b76","9367-c3d903ea8e2556016de271dc530ef362fa6abf7ce70dbdc1aed093883a407be8","root"
"4","Other Weapons","2018-BASE_PROCUREMENT-2018-NAVY_WEAPONS-U_PROCUREMENT_MasterJustificationBook_Navy_PB_2018.zzz_unzipped-U_PROCUREMENT_MasterJustificationBook_Navy_PB_2018.xml","46a1593151ed3b4a013e58fcc9c7006915c8b31d3d559bfadc47e1b1ed5da3d6","2-f730c7a58424dcddeed492339a66788dad13e2a56bac2cc54a9fa9d76273f41a","9367-c3d903ea8e2556016de271dc530ef362fa6abf7ce70dbdc1aed093883a407be8","root"
"1","Ships Support Equipment","2018-BASE_PROCUREMENT-2018-NAVY_OTHER_BA5-8-U_PROCUREMENT_JustificationBook_Navy_PB_2018.zzz_unzipped-U_PROCUREMENT_JustificationBook_Navy_PB_2018.xml","27ec801d96f1473adbbff9c4550abf0a33deafa4c861c13af161a51f14c66d1f","0-6216f0a08a685a1264d52ba0ea08d989e6eed3dddee66a883b9e3f0aa70b27c7","9502-e8b49f13b59e657337a463f034902f6c2ba2581a90a59ac25d3aa15dab8aa6ce","root"
"2","Communications & Electronics Equip","2018-BASE_PROCUREMENT-2018-NAVY_OTHER_BA5-8-U_PROCUREMENT_JustificationBook_Navy_PB_2018.zzz_unzipped-U_PROCUREMENT_JustificationBook_Navy_PB_2018.xml","27ec801d96f1473adbbff9c4550abf0a33deafa4c861c13af161a51f14c66d1f","1-4b34c5123fabd90b17121a010c3da15a6a7d134e92bd2825bbc26822ce3b9027","9502-e8b49f13b59e657337a463f034902f6c2ba2581a90a59ac25d3aa15dab8aa6ce","root"
"3","Aviation Support Equipment","2018-BASE_PROCUREMENT-2018-NAVY_OTHER_BA5-8-U_PROCUREMENT_JustificationBook_Navy_PB_2018.zzz_unzipped-U_PROCUREMENT_JustificationBook_Navy_PB_2018.xml","27ec801d96f1473adbbff9c4550abf0a33deafa4c861c13af161a51f14c66d1f","2-e98724880bbdec80d1a937a02c02591c78fd3272c1a83105cd733cc907a91e62","9502-e8b49f13b59e657337a463f034902f6c2ba2581a90a59ac25d3aa15dab8aa6ce","root"
"4","Ordnance Support Equipment","2018-BASE_PROCUREMENT-2018-NAVY_OTHER_BA5-8-U_PROCUREMENT_JustificationBook_Navy_PB_2018.zzz_unzipped-U_PROCUREMENT_JustificationBook_Navy_PB_2018.xml","27ec801d96f1473adbbff9c4550abf0a33deafa4c861c13af161a51f14c66d1f","3-701a54c1afbc50e789a681c1533a1b48dc9228f1521a40c9ac4805ff9a076eed","9502-e8b49f13b59e657337a463f034902f6c2ba2581a90a59ac25d3aa15dab8aa6ce","root"
"8","Spares and Repair Parts","2018-BASE_PROCUREMENT-2018-NAVY_OTHER_BA5-8-U_PROCUREMENT_JustificationBook_Navy_PB_2018.zzz_unzipped-U_PROCUREMENT_JustificationBook_Navy_PB_2018.xml","27ec801d96f1473adbbff9c4550abf0a33deafa4c861c13af161a51f14c66d1f","4-b2e0cf3fb128bd6077f179127f144ddca3a1127de26a8c4f44a90fec4414206c","9502-e8b49f13b59e657337a463f034902f6c2ba2581a90a59ac25d3aa15dab8aa6ce","root"
"1","Ships Support Equipment","2018-BASE_PROCUREMENT-2018-NAVY_OTHER_BA5-8-U_PROCUREMENT_MasterJustificationBook_Navy_PB_2018.zzz_unzipped-U_PROCUREMENT_MasterJustificationBook_Navy_PB_2018.xml","43624126dbd4055c26d102021e36fc5a20df2445f571fb50072a3973ef1aab1b","0-b37d49871d2d0f48c40ca9153d7c4f7594f53bcdfdc74151add4accc933b0246","9772-c0275370c372c645b4d64578bafe6bbaf8b15bcdd7e91fc24f0d493c121358e6","root"
"2","Communications & Electronics Equip","2018-BASE_PROCUREMENT-2018-NAVY_OTHER_BA5-8-U_PROCUREMENT_MasterJustificationBook_Navy_PB_2018.zzz_unzipped-U_PROCUREMENT_MasterJustificationBook_Navy_PB_2018.xml","43624126dbd4055c26d102021e36fc5a20df2445f571fb50072a3973ef1aab1b","1-5cd2e026a8a4a1262547e8ddf2a9d3df4239bbeb198083d53a586b7fe3497363","9772-c0275370c372c645b4d64578bafe6bbaf8b15bcdd7e91fc24f0d493c121358e6","root"
"3","Aviation Support Equipment","2018-BASE_PROCUREMENT-2018-NAVY_OTHER_BA5-8-U_PROCUREMENT_MasterJustificationBook_Navy_PB_2018.zzz_unzipped-U_PROCUREMENT_MasterJustificationBook_Navy_PB_2018.xml","43624126dbd4055c26d102021e36fc5a20df2445f571fb50072a3973ef1aab1b","2-109f05be8a555439af7475f065fce94f6400d16ba8d4d4ab754ab29629e6d9e0","9772-c0275370c372c645b4d64578bafe6bbaf8b15bcdd7e91fc24f0d493c121358e6","root"
"4","Ordnance Support Equipment","2018-BASE_PROCUREMENT-2018-NAVY_OTHER_BA5-8-U_PROCUREMENT_MasterJustificationBook_Navy_PB_2018.zzz_unzipped-U_PROCUREMENT_MasterJustificationBook_Navy_PB_2018.xml","43624126dbd4055c26d102021e36fc5a20df2445f571fb50072a3973ef1aab1b","3-df9b95095006e00cc6c56c2390b86514e3edce69a6f6869143a22b94349acfa0","9772-c0275370c372c645b4d64578bafe6bbaf8b15bcdd7e91fc24f0d493c121358e6","root"
"8","Spares and Repair Parts","2018-BASE_PROCUREMENT-2018-NAVY_OTHER_BA5-8-U_PROCUREMENT_MasterJustificationBook_Navy_PB_2018.zzz_unzipped-U_PROCUREMENT_MasterJustificationBook_Navy_PB_2018.xml","43624126dbd4055c26d102021e36fc5a20df2445f571fb50072a3973ef1aab1b","4-9ca83997fb061b5bc37a86eac8c784080d8d714bd6698bcad3b9adaa7b7b391f","9772-c0275370c372c645b4d64578bafe6bbaf8b15bcdd7e91fc24f0d493c121358e6","root"
"4","Spares and Repair Parts","2019-BASE_PROCUREMENT-2019-AIRFORCE_MISSILE-U_PROCUREMENT_JustificationBook_Air_Force_PB_2019.zzz_unzipped-U_PROCUREMENT_JustificationBook_Air_Force_PB_2019.xml","6536b9acdf910f39a3920842a47f5ccb2a5bd7aae8b038288c78c5460090826e","0-d9576ed2e3d593cad831ca7912c57137b045b6b26ba363b0b372c00cd3a3b883","10097-d431107a002810684a1839495e9f86668edca962d3f68fa30d82fd43d8f4c26e","root"
"4","Spares and Repair Parts","2019-BASE_PROCUREMENT-2019-AIRFORCE_MISSILE-U_PROCUREMENT_MasterJustificationBook_Air_Force_PB_2019.zzz_unzipped-U_PROCUREMENT_MasterJustificationBook_Air_Force_PB_2019.xml","e37d18328fcae31f8255c53a538c5d44c3cde6b21f89dd962297599e4f02dad5","0-c8802ff9a9ffa36c8762e99d2458b3bf2eda2aba137487213d42af29e0739aa6","10113-827f38f660abeccc0a3cc3df354f7112622d09905df22c2193d7462b294d330a","root"
"7","Aircraft Support Equip & Facilities","2019-BASE_PROCUREMENT-2019-NAVY_AIRCRAFT_BA6-U_PROCUREMENT_JustificationBook_Navy_PB_2019.zzz_unzipped-U_PROCUREMENT_JustificationBook_Navy_PB_2019.xml","01b52c0cca5d992d77126e2f788680cb5dc4b2baf6ff2f8dad619492603b702f","0-94b20f13523ec34cc766330036fd7da0e921b58727304ce0cfa1030b94066f6b","10829-85a89b4857110e7dc2c639f6f362bb67890e9611df6afb1e00054b76c1f04efe","root"
"7","Aircraft Support Equip & Facilities","2019-BASE_PROCUREMENT-2019-NAVY_AIRCRAFT_BA67-U_PROCUREMENT_MasterJustificationBook_Navy_PB_2019.zzz_unzipped-U_PROCUREMENT_MasterJustificationBook_Navy_PB_2019.xml","8cd5a108e4501e79e1dd0c130685365d393e275837cfcdee187e66ba22870d66","0-67afcba9f64d5cde8f4a1b3f4bf5e60b562f1afad31dab1b10decf61a5e9f11a","10905-af83515fb95b8d38f1d68e0bc42e98d0d76e78825fc50306e93528ed64467144","root"
"2","Other Missiles","2019-BASE_PROCUREMENT-2019-NAVY_WEAPONS-U_PROCUREMENT_JustificationBook_Navy_PB_2019.zzz_unzipped-U_PROCUREMENT_JustificationBook_Navy_PB_2019.xml","3ad71abb0b3f4c34af8f9abad7159bb2e5cdd5ed1015a8a9829d942f29628686","0-fc3153b4db1662eed17ae3c31e51ae318ab31d3f2c3c0591585dd0e0ec6b7fd5","10947-87fd14579cbdcdd061e6a3a7bf0a371e6423ce50e7d2d6760ae8e2ce6e27b671","root"
"3","Torpedoes and Related Equipment","2019-BASE_PROCUREMENT-2019-NAVY_WEAPONS-U_PROCUREMENT_JustificationBook_Navy_PB_2019.zzz_unzipped-U_PROCUREMENT_JustificationBook_Navy_PB_2019.xml","3ad71abb0b3f4c34af8f9abad7159bb2e5cdd5ed1015a8a9829d942f29628686","1-3f647bf9d98e4aab63f24774b213428d30a98c810c500f067140d15e6c9158c3","10947-87fd14579cbdcdd061e6a3a7bf0a371e6423ce50e7d2d6760ae8e2ce6e27b671","root"
"4","Other Weapons","2019-BASE_PROCUREMENT-2019-NAVY_WEAPONS-U_PROCUREMENT_JustificationBook_Navy_PB_2019.zzz_unzipped-U_PROCUREMENT_JustificationBook_Navy_PB_2019.xml","3ad71abb0b3f4c34af8f9abad7159bb2e5cdd5ed1015a8a9829d942f29628686","2-4787fe82994fa4502a8bef7b6a398ca6f5654cedb37397c29f59de0ddcbd360c","10947-87fd14579cbdcdd061e6a3a7bf0a371e6423ce50e7d2d6760ae8e2ce6e27b671","root"
"2","Other Missiles","2019-BASE_PROCUREMENT-2019-NAVY_WEAPONS-U_PROCUREMENT_MasterJustificationBook_Navy_PB_2019.zzz_unzipped-U_PROCUREMENT_MasterJustificationBook_Navy_PB_2019.xml","1a3a3dd8456d6d3391214905cd3262bed0f9886e904c1835820dbef7d10d28ea","0-1793fd125b30ab791fefed94e820323518874711fbd6de6c212a201707671f52","10988-8129d996deeae8e95aa4a395799989ed1e2b86dfde6766255daeb1f0f375910c","root"
"3","Torpedoes and Related Equipment","2019-BASE_PROCUREMENT-2019-NAVY_WEAPONS-U_PROCUREMENT_MasterJustificationBook_Navy_PB_2019.zzz_unzipped-U_PROCUREMENT_MasterJustificationBook_Navy_PB_2019.xml","1a3a3dd8456d6d3391214905cd3262bed0f9886e904c1835820dbef7d10d28ea","1-d7cdd020cff68bca21093d714978d1fc63a1d6be01277a08cdf161bcdbc2e7b7","10988-8129d996deeae8e95aa4a395799989ed1e2b86dfde6766255daeb1f0f375910c","root"
"4","Other Weapons","2019-BASE_PROCUREMENT-2019-NAVY_WEAPONS-U_PROCUREMENT_MasterJustificationBook_Navy_PB_2019.zzz_unzipped-U_PROCUREMENT_MasterJustificationBook_Navy_PB_2019.xml","1a3a3dd8456d6d3391214905cd3262bed0f9886e904c1835820dbef7d10d28ea","2-9388281f7f0712fb15d6fd8eb2c52f87f472392d96c7b4f59bccd441dfb86295","10988-8129d996deeae8e95aa4a395799989ed1e2b86dfde6766255daeb1f0f375910c","root"
"1","Ships Support Equipment","2019-BASE_PROCUREMENT-2019-NAVY_OTHER_BA5-8-U_PROCUREMENT_JustificationBook_Navy_PB_2019.zzz_unzipped-U_PROCUREMENT_JustificationBook_Navy_PB_2019.xml","837df01f08c4fe4258be4156615749e98921711107d3bf96607ec0edcb60ae18","0-2321c28ddceb499e1df2e90f4d7c14a5399c569f654be11dda768c86c5af6305","11110-fc54b472a26c9298a87f703bbbb60213c0c074e8a79b5a03e5190144012662a8","root"
"2","Communications & Electronics Equip","2019-BASE_PROCUREMENT-2019-NAVY_OTHER_BA5-8-U_PROCUREMENT_JustificationBook_Navy_PB_2019.zzz_unzipped-U_PROCUREMENT_JustificationBook_Navy_PB_2019.xml","837df01f08c4fe4258be4156615749e98921711107d3bf96607ec0edcb60ae18","1-6996a34ed28a2c61f91cffd1a1ddd9d9a8735ba1264b9eee3759ee1778596f59","11110-fc54b472a26c9298a87f703bbbb60213c0c074e8a79b5a03e5190144012662a8","root"
"3","Aviation Support Equipment","2019-BASE_PROCUREMENT-2019-NAVY_OTHER_BA5-8-U_PROCUREMENT_JustificationBook_Navy_PB_2019.zzz_unzipped-U_PROCUREMENT_JustificationBook_Navy_PB_2019.xml","837df01f08c4fe4258be4156615749e98921711107d3bf96607ec0edcb60ae18","2-ab48247e10676911b72a8590c3cff831b6edc106fd510e0ad90ce799babab003","11110-fc54b472a26c9298a87f703bbbb60213c0c074e8a79b5a03e5190144012662a8","root"
"4","Ordnance Support Equipment","2019-BASE_PROCUREMENT-2019-NAVY_OTHER_BA5-8-U_PROCUREMENT_JustificationBook_Navy_PB_2019.zzz_unzipped-U_PROCUREMENT_JustificationBook_Navy_PB_2019.xml","837df01f08c4fe4258be4156615749e98921711107d3bf96607ec0edcb60ae18","3-1fb6a1daa689119d35688d800a1d649f2c083be02ed02e9a6f34860b6da1fa14","11110-fc54b472a26c9298a87f703bbbb60213c0c074e8a79b5a03e5190144012662a8","root"
"8","Spares and Repair Parts","2019-BASE_PROCUREMENT-2019-NAVY_OTHER_BA5-8-U_PROCUREMENT_JustificationBook_Navy_PB_2019.zzz_unzipped-U_PROCUREMENT_JustificationBook_Navy_PB_2019.xml","837df01f08c4fe4258be4156615749e98921711107d3bf96607ec0edcb60ae18","4-1489d001e1f3469dff293db068551f34d796d095e0de41ee1d0676aaaa109a08","11110-fc54b472a26c9298a87f703bbbb60213c0c074e8a79b5a03e5190144012662a8","root"
"1","Ships Support Equipment","2019-BASE_PROCUREMENT-2019-NAVY_OTHER_BA5-8-U_PROCUREMENT_MasterJustificationBook_Navy_PB_2019.zzz_unzipped-U_PROCUREMENT_MasterJustificationBook_Navy_PB_2019.xml","11798e27f76fcd3c411574ef537d1ec41fd65b00af776715cad9166c8a650a3d","0-45c6467a80d254f752a8e99873cfc650877415606ed12616ea75348affe7894c","11340-dc5552892838761d8c5f1cb5b4860cbcd7353e90562b4009bf7f46449fb72cdc","root"
"2","Communications & Electronics Equip","2019-BASE_PROCUREMENT-2019-NAVY_OTHER_BA5-8-U_PROCUREMENT_MasterJustificationBook_Navy_PB_2019.zzz_unzipped-U_PROCUREMENT_MasterJustificationBook_Navy_PB_2019.xml","11798e27f76fcd3c411574ef537d1ec41fd65b00af776715cad9166c8a650a3d","1-b765fd6afe85fe7da2e2485ad8f01861aa52e8b3381c0e0fe7d72e28c37ce203","11340-dc5552892838761d8c5f1cb5b4860cbcd7353e90562b4009bf7f46449fb72cdc","root"
"3","Aviation Support Equipment","2019-BASE_PROCUREMENT-2019-NAVY_OTHER_BA5-8-U_PROCUREMENT_MasterJustificationBook_Navy_PB_2019.zzz_unzipped-U_PROCUREMENT_MasterJustificationBook_Navy_PB_2019.xml","11798e27f76fcd3c411574ef537d1ec41fd65b00af776715cad9166c8a650a3d","2-cb9fbbad48039856c866be1b9547833a86857290ce812c9c5bf49423b8ef3f8b","11340-dc5552892838761d8c5f1cb5b4860cbcd7353e90562b4009bf7f46449fb72cdc","root"
"4","Ordnance Support Equipment","2019-BASE_PROCUREMENT-2019-NAVY_OTHER_BA5-8-U_PROCUREMENT_MasterJustificationBook_Navy_PB_2019.zzz_unzipped-U_PROCUREMENT_MasterJustificationBook_Navy_PB_2019.xml","11798e27f76fcd3c411574ef537d1ec41fd65b00af776715cad9166c8a650a3d","3-39a3ac29a38b7ea634bdd93816909440064a9ed994620154388ecd0f3c9b44b8","11340-dc5552892838761d8c5f1cb5b4860cbcd7353e90562b4009bf7f46449fb72cdc","root"
"8","Spares and Repair Parts","2019-BASE_PROCUREMENT-2019-NAVY_OTHER_BA5-8-U_PROCUREMENT_MasterJustificationBook_Navy_PB_2019.zzz_unzipped-U_PROCUREMENT_MasterJustificationBook_Navy_PB_2019.xml","11798e27f76fcd3c411574ef537d1ec41fd65b00af776715cad9166c8a650a3d","4-3097e9a938cd46fc5d354bf3148d2735614d019ae74683effc6b47b256e6f0f2","11340-dc5552892838761d8c5f1cb5b4860cbcd7353e90562b4009bf7f46449fb72cdc","root"
"4","Spares and Repair Parts","2020-BASE_PROCUREMENT-2020-AIRFORCE_MISSILE-U_PROCUREMENT_JustificationBook_Air_Force_PB_2020.zzz_unzipped-U_PROCUREMENT_JustificationBook_Air_Force_PB_2020.xml","1f5725b0a45fcf8123be93bebfdd7ec83fd133e1534fa59696f16e8c69aa2aca","0-ab85015f81c08feda3f07231a913b5285bab1400528535297a3be0d1c6a94567","11653-ecbfc24f16d147b9fec4024347028f39773645543d52212560d7c13476502c7c","root"
"4","Spares and Repair Parts","2020-BASE_PROCUREMENT-2020-AIRFORCE_MISSILE-U_PROCUREMENT_MasterJustificationBook_Air_Force_PB_2020.zzz_unzipped-U_PROCUREMENT_MasterJustificationBook_Air_Force_PB_2020.xml","b5dc524d51ea02572c673318bbe4712513407363eb046a219dfbdddc088e97f9","0-bc427ba7a1c5562bbf9ef92435be26af27a051887f8605b4a904071d2f144889","11671-dbe5d71cec828b611a9aa56cefad3b40efbee8d5307cc9373a727f9765da3d52","root"
"7","Aircraft Support Equip & Facilities","2020-BASE_PROCUREMENT-2020-NAVY_AIRCRAFT_BA6-7-U_PROCUREMENT_JustificationBook_Navy_PB_2020.zzz_unzipped-U_PROCUREMENT_JustificationBook_Navy_PB_2020.xml","e2ed7ee629852188268b4df20bd4bdb0d47a1554023024219b6b8eba98744f3b","0-1946da1a8ab570a1103f8c90a7d1356203e452d3ad16a9ff298a893860f243fa","12362-2bcf16bad38cbb77ac60133160483821f378b2a09329d69d333002d4704f9535","root"
"7","Aircraft Support Equip & Facilities","2020-BASE_PROCUREMENT-2020-NAVY_AIRCRAFT_BA6-7-U_PROCUREMENT_MasterJustificationBook_Navy_PB_2020.zzz_unzipped-U_PROCUREMENT_MasterJustificationBook_Navy_PB_2020.xml","bf56329742f9ce0ee39245fac7e3def59aa32ac4cccb9158065119d480fc799c","0-2e2f3a5c0967015c2c410b5f420ed8102d9d6285f7be308ac2febbbb31bce537","12477-6d1aaa68b8725c3849950039b1b6be433ad8876bef3eff3e016d9099bf179fd9","root"
"2","Other Missiles","2020-BASE_PROCUREMENT-2020-NAVY_WEAPONS-U_PROCUREMENT_JustificationBook_Navy_PB_2020.zzz_unzipped-U_PROCUREMENT_JustificationBook_Navy_PB_2020.xml","a7bc2a846148cd8391c2dd33ef9b4170f7be54bd1ecf6671fab9b134ef01924d","0-f69d00c8a6e6deae118035c9f03e6e07af934d4ecd9b7f41c4958503de11739c","12521-040a958ab5b2b4be72c0d5eb0198922005cffc37c8051d6572ce71d3c1b08f44","root"
"3","Torpedoes and Related Equipment","2020-BASE_PROCUREMENT-2020-NAVY_WEAPONS-U_PROCUREMENT_JustificationBook_Navy_PB_2020.zzz_unzipped-U_PROCUREMENT_JustificationBook_Navy_PB_2020.xml","a7bc2a846148cd8391c2dd33ef9b4170f7be54bd1ecf6671fab9b134ef01924d","1-512acf630dc80c46cbdd2d95c27dfc645ab6ff876ff8e6b8adbc21cb99b9bf93","12521-040a958ab5b2b4be72c0d5eb0198922005cffc37c8051d6572ce71d3c1b08f44","root"
"4","Other Weapons","2020-BASE_PROCUREMENT-2020-NAVY_WEAPONS-U_PROCUREMENT_JustificationBook_Navy_PB_2020.zzz_unzipped-U_PROCUREMENT_JustificationBook_Navy_PB_2020.xml","a7bc2a846148cd8391c2dd33ef9b4170f7be54bd1ecf6671fab9b134ef01924d","2-b8a8f2dea9f65ea52631e49d0bb64469b794c2e530f4f5647a848c5b46105d09","12521-040a958ab5b2b4be72c0d5eb0198922005cffc37c8051d6572ce71d3c1b08f44","root"
"2","Other Missiles","2020-BASE_PROCUREMENT-2020-NAVY_WEAPONS-U_PROCUREMENT_MasterJustificationBook_Navy_PB_2020.zzz_unzipped-U_PROCUREMENT_MasterJustificationBook_Navy_PB_2020.xml","62f8eb117ddfb8b333c1db774d87e3fa65d14917fa88ef4eb19278592073b9e0","0-e063f059c78573e39cc2c051068044bd477f01402f16aa127c126bb86be1bde1","12564-08004278203ab99dfcb477080ed78ecc9aff72d3b5e8dde41231a9e50880cf0e","root"
"3","Torpedoes and Related Equipment","2020-BASE_PROCUREMENT-2020-NAVY_WEAPONS-U_PROCUREMENT_MasterJustificationBook_Navy_PB_2020.zzz_unzipped-U_PROCUREMENT_MasterJustificationBook_Navy_PB_2020.xml","62f8eb117ddfb8b333c1db774d87e3fa65d14917fa88ef4eb19278592073b9e0","1-0dca2c42cb92e87aba892c76c3149713a2427c730dfa0e96064f955ac2044ff1","12564-08004278203ab99dfcb477080ed78ecc9aff72d3b5e8dde41231a9e50880cf0e","root"
"4","Other Weapons","2020-BASE_PROCUREMENT-2020-NAVY_WEAPONS-U_PROCUREMENT_MasterJustificationBook_Navy_PB_2020.zzz_unzipped-U_PROCUREMENT_MasterJustificationBook_Navy_PB_2020.xml","62f8eb117ddfb8b333c1db774d87e3fa65d14917fa88ef4eb19278592073b9e0","2-6d566cc6dfc330d5ddb268a19c37563d2baae9ae2f1196be724b688a40ec9cff","12564-08004278203ab99dfcb477080ed78ecc9aff72d3b5e8dde41231a9e50880cf0e","root"
"1","Ships Support Equipment","2020-BASE_PROCUREMENT-2020-NAVY_OTHER_BA4-U_PROCUREMENT_MasterJustificationBook_Navy_PB_2020.zzz_unzipped-U_PROCUREMENT_MasterJustificationBook_Navy_PB_2020.xml","2f566b6225b87ac5cfb7178428d67dcd2c51935a2365c67be83561428d508ed4","0-13c5508a90bbeb41bf76f1dba4c25eea3fbda96c01d1ca2b6ca46bf97983e427","12888-e187fae69c7ff418b0781d89b46e721a477786b2db782c7c89ab146527c6cdd5","root"
"2","Communications & Electronics Equip","2020-BASE_PROCUREMENT-2020-NAVY_OTHER_BA4-U_PROCUREMENT_MasterJustificationBook_Navy_PB_2020.zzz_unzipped-U_PROCUREMENT_MasterJustificationBook_Navy_PB_2020.xml","2f566b6225b87ac5cfb7178428d67dcd2c51935a2365c67be83561428d508ed4","1-24d0fc1f9aaaf09f06ccbb6efb370908e40c8367a448c73e8b3256c46e1d9c38","12888-e187fae69c7ff418b0781d89b46e721a477786b2db782c7c89ab146527c6cdd5","root"
"3","Aviation Support Equipment","2020-BASE_PROCUREMENT-2020-NAVY_OTHER_BA4-U_PROCUREMENT_MasterJustificationBook_Navy_PB_2020.zzz_unzipped-U_PROCUREMENT_MasterJustificationBook_Navy_PB_2020.xml","2f566b6225b87ac5cfb7178428d67dcd2c51935a2365c67be83561428d508ed4","2-9d4f5d377be83435bb5ba61f224026053c2bba3219a0d2ca5e6e58d2502aa516","12888-e187fae69c7ff418b0781d89b46e721a477786b2db782c7c89ab146527c6cdd5","root"
"4","Ordnance Support Equipment","2020-BASE_PROCUREMENT-2020-NAVY_OTHER_BA4-U_PROCUREMENT_MasterJustificationBook_Navy_PB_2020.zzz_unzipped-U_PROCUREMENT_MasterJustificationBook_Navy_PB_2020.xml","2f566b6225b87ac5cfb7178428d67dcd2c51935a2365c67be83561428d508ed4","3-eadc7f2fb6ca873c261645fc86028eaabfd130116d251055b656222ae24e693d","12888-e187fae69c7ff418b0781d89b46e721a477786b2db782c7c89ab146527c6cdd5","root"
"8","Spares and Repair Parts","2020-BASE_PROCUREMENT-2020-NAVY_OTHER_BA4-U_PROCUREMENT_MasterJustificationBook_Navy_PB_2020.zzz_unzipped-U_PROCUREMENT_MasterJustificationBook_Navy_PB_2020.xml","2f566b6225b87ac5cfb7178428d67dcd2c51935a2365c67be83561428d508ed4","4-7611c006c1b70382db9cd7fd91887b1ea4150fd81c819647ce28215ce123a64b","12888-e187fae69c7ff418b0781d89b46e721a477786b2db782c7c89ab146527c6cdd5","root"
