BudgetActivityNumber_val,BudgetActivityTitle_val,@SOURCE_FILENAME,@RECORDID,@ROWID,@PARENTROWID,@PARENT
"4","Spares and Repair Parts","2013-BASE_PROCUREMENT-2013-AIRFORCE_MISSILE-JustificationBook_Air_Force_PB_2013.zzz_unzipped-JustificationBook_Air_Force_PB_2013.xml","753f891e1e825dcd8618285785ad06960bc166d30adb2a0b6bd27ee1cd8dbfc1","0-eb3deafa529a622bd2328e3e4f629803c7b58f9e2fd6fc59e2cc42221a7c0840","323-45ec4c469069165e26cd4cb2909769584f8fed070e85f4a06457c3048a629f6f","root"
"4","Spares and Repair Parts","2013-BASE_PROCUREMENT-2013-AIRFORCE_MISSILE-MasterJustificationBook_Air_Force_PB_2013.zzz_unzipped-MasterJustificationBook_Air_Force_PB_2013.xml","e5e916380019ca5320fd8c7359e69680d69a091e65552434d9e404847cde73c4","0-db004cf0073a24a7d1dc6c85fbbcd385d78628f1cf3fb7a3463513ff7561c786","349-e1ed255ecf49dd28fe933be3613bda2c383ae534e79fdcdde64d887692393a21","root"
"7","Aircraft Support Equip & Facilities","2013-BASE_PROCUREMENT-2013-NAVY_AIRCRAFT_BA6-JustificationBook_Navy_PB_2013.zzz_unzipped-JustificationBook_Navy_PB_2013.xml","520677d0f0ea4d278318f8f168e57b167a2b1552a433c2f5edb833297d2df30d","0-b8eb9f844492f3d37bafc9d6762ab9395b7fb2145259b399b21849f14a905c26","1054-bbf7a9a6309a0233bc52ad7860924f4f1631d5b277710c8b3850799bd71c0173","root"
"7","Aircraft Support Equip & Facilities","2013-BASE_PROCUREMENT-2013-NAVY_AIRCRAFT_BA7-MasterJustificationBook_Navy_PB_2013.zzz_unzipped-MasterJustificationBook_Navy_PB_2013.xml","f804314ebefed1e83330c70cf92c8aee6df21c5a074777c674c50e42f720e237","0-2523b6401f77db4e7e3abc9ea8606a009bd1b72da7571160d4568230f1315cb9","1142-992e1fa9300f9e97aabd5622d30b0c8c48497e93ee9fa442ab2df5e9f94b78d0","root"
"2","Other Missiles","2013-BASE_PROCUREMENT-2013-NAVY_WEAPONS-JustificationBook_Navy_PB_2013.zzz_unzipped-JustificationBook_Navy_PB_2013.xml","b185acc31d91e993cf168579bb66ec29864cb08a8c562afd49e0db01a02a837e","0-56cac21190b5225799e160ebff44d56dcdd5a6b63cd619dd5e9456ac6b070936","1175-4b80bf484912321041e109909a11a99da29ae198138a912b3fb2f8d97c718c28","root"
"3","Torpedoes and Related Equipment","2013-BASE_PROCUREMENT-2013-NAVY_WEAPONS-JustificationBook_Navy_PB_2013.zzz_unzipped-JustificationBook_Navy_PB_2013.xml","b185acc31d91e993cf168579bb66ec29864cb08a8c562afd49e0db01a02a837e","1-00943b050408eb106b7352ee140e0833c055cfe3ff92b3f55b2321d841842f52","1175-4b80bf484912321041e109909a11a99da29ae198138a912b3fb2f8d97c718c28","root"
"4","Other Weapons","2013-BASE_PROCUREMENT-2013-NAVY_WEAPONS-JustificationBook_Navy_PB_2013.zzz_unzipped-JustificationBook_Navy_PB_2013.xml","b185acc31d91e993cf168579bb66ec29864cb08a8c562afd49e0db01a02a837e","2-b9769fab8b3e7975b71b6c5dfb5a3568fc19235cc09787d2944a571fde61a710","1175-4b80bf484912321041e109909a11a99da29ae198138a912b3fb2f8d97c718c28","root"
"2","Other Missiles","2013-BASE_PROCUREMENT-2013-NAVY_WEAPONS-MasterJustificationBook_Navy_PB_2013.zzz_unzipped-MasterJustificationBook_Navy_PB_2013.xml","c4c7c21652ce55cfe77b96abbc3a5d2906437138a6ebeda81e890717d6a9ba76","0-643db9d7e1b81e0e42b35e0a2224c071a2cc19203ce6838d81731e38aacde1eb","1208-ebcb85893b0032dc35f66ede6deb6e1fb6d2ec8293d5c8330a554f95042d041a","root"
"3","Torpedoes and Related Equipment","2013-BASE_PROCUREMENT-2013-NAVY_WEAPONS-MasterJustificationBook_Navy_PB_2013.zzz_unzipped-MasterJustificationBook_Navy_PB_2013.xml","c4c7c21652ce55cfe77b96abbc3a5d2906437138a6ebeda81e890717d6a9ba76","1-63354b8fd1a131a0189a4af3be52cebb89dadd6aa3d131eafe1554df21af4511","1208-ebcb85893b0032dc35f66ede6deb6e1fb6d2ec8293d5c8330a554f95042d041a","root"
"4","Other Weapons","2013-BASE_PROCUREMENT-2013-NAVY_WEAPONS-MasterJustificationBook_Navy_PB_2013.zzz_unzipped-MasterJustificationBook_Navy_PB_2013.xml","c4c7c21652ce55cfe77b96abbc3a5d2906437138a6ebeda81e890717d6a9ba76","2-da374c1785ec4b43b18d5b53d5c7611a57932e2839b71cf7ea6198f4ab032d5b","1208-ebcb85893b0032dc35f66ede6deb6e1fb6d2ec8293d5c8330a554f95042d041a","root"
"1","Ships Support Equipment","2013-BASE_PROCUREMENT-2013-NAVY_OTHER_BA5_8-JustificationBook_Navy_PB_2013.zzz_unzipped-JustificationBook_Navy_PB_2013.xml","791fd2ffd696578d689d1bdd5bb3301fcf494f053fcac716598243c966823774","0-a596ab5a718f672d58367c5614a0e914cbdc1bd144324113082e55686f277395","1290-d516860270ff1e0d7cfae567c6ca03a6010a46e36ebe628c8a918decfe063dbc","root"
"2","Communications & Electronics Equip","2013-BASE_PROCUREMENT-2013-NAVY_OTHER_BA5_8-JustificationBook_Navy_PB_2013.zzz_unzipped-JustificationBook_Navy_PB_2013.xml","791fd2ffd696578d689d1bdd5bb3301fcf494f053fcac716598243c966823774","1-5fd804ab6f307a0b14fe9d18aaa240550b7904f15393c7def8428438cf7a3166","1290-d516860270ff1e0d7cfae567c6ca03a6010a46e36ebe628c8a918decfe063dbc","root"
"3","Aviation Support Equipment","2013-BASE_PROCUREMENT-2013-NAVY_OTHER_BA5_8-JustificationBook_Navy_PB_2013.zzz_unzipped-JustificationBook_Navy_PB_2013.xml","791fd2ffd696578d689d1bdd5bb3301fcf494f053fcac716598243c966823774","2-235e231c153f4a9a8745f1f3904c6d6398a8c35725f2578e1fe13886914c13ab","1290-d516860270ff1e0d7cfae567c6ca03a6010a46e36ebe628c8a918decfe063dbc","root"
"4","Ordnance Support Equipment","2013-BASE_PROCUREMENT-2013-NAVY_OTHER_BA5_8-JustificationBook_Navy_PB_2013.zzz_unzipped-JustificationBook_Navy_PB_2013.xml","791fd2ffd696578d689d1bdd5bb3301fcf494f053fcac716598243c966823774","3-e0ce4aa81ba76d8533f2eec751eed1f0f8b02e789033d079460a84ad082a0d9d","1290-d516860270ff1e0d7cfae567c6ca03a6010a46e36ebe628c8a918decfe063dbc","root"
"7","Personnel & Command Support Equip","2013-BASE_PROCUREMENT-2013-NAVY_OTHER_BA5_8-JustificationBook_Navy_PB_2013.zzz_unzipped-JustificationBook_Navy_PB_2013.xml","791fd2ffd696578d689d1bdd5bb3301fcf494f053fcac716598243c966823774","4-b0578d3049d7c58254467711dc72f246c2cdbe537e1ca9fb38947ca6c78ae6ce","1290-d516860270ff1e0d7cfae567c6ca03a6010a46e36ebe628c8a918decfe063dbc","root"
"8","Spares and Repair Parts","2013-BASE_PROCUREMENT-2013-NAVY_OTHER_BA5_8-JustificationBook_Navy_PB_2013.zzz_unzipped-JustificationBook_Navy_PB_2013.xml","791fd2ffd696578d689d1bdd5bb3301fcf494f053fcac716598243c966823774","5-70243b9862e4cec92527ad50224b945d37ae4557024221e1b851b00fb468410f","1290-d516860270ff1e0d7cfae567c6ca03a6010a46e36ebe628c8a918decfe063dbc","root"
"1","Ships Support Equipment","2013-BASE_PROCUREMENT-2013-NAVY_OTHER_BA5_8-MasterJustificationBook_Navy_PB_2013.zzz_unzipped-MasterJustificationBook_Navy_PB_2013.xml","12221bfd5ab9fc3a9f49aad169797fe38af50105869feb70607f7a6c50800e8c","0-e292c42855cfa91da6fdaed121a1f3e34f212b93df18f6f02e92503c1ac1de7f","1567-794bd69a071836fa718dee81b323c5df909e4eeb04f401f9d30ccf794561bbf6","root"
"2","Communications & Electronics Equip","2013-BASE_PROCUREMENT-2013-NAVY_OTHER_BA5_8-MasterJustificationBook_Navy_PB_2013.zzz_unzipped-MasterJustificationBook_Navy_PB_2013.xml","12221bfd5ab9fc3a9f49aad169797fe38af50105869feb70607f7a6c50800e8c","1-2d60b81b8c23c1c384f48df1b58dd845ade98a474e806f0a119e6f61e83b2c98","1567-794bd69a071836fa718dee81b323c5df909e4eeb04f401f9d30ccf794561bbf6","root"
"3","Aviation Support Equipment","2013-BASE_PROCUREMENT-2013-NAVY_OTHER_BA5_8-MasterJustificationBook_Navy_PB_2013.zzz_unzipped-MasterJustificationBook_Navy_PB_2013.xml","12221bfd5ab9fc3a9f49aad169797fe38af50105869feb70607f7a6c50800e8c","2-9ea01d6c4d9b97fcfdbad096faa63bbb4216e89e9e687b1f3b8aec36f1176a34","1567-794bd69a071836fa718dee81b323c5df909e4eeb04f401f9d30ccf794561bbf6","root"
"4","Ordnance Support Equipment","2013-BASE_PROCUREMENT-2013-NAVY_OTHER_BA5_8-MasterJustificationBook_Navy_PB_2013.zzz_unzipped-MasterJustificationBook_Navy_PB_2013.xml","12221bfd5ab9fc3a9f49aad169797fe38af50105869feb70607f7a6c50800e8c","3-1dac2815a246f2a53ee975b6442a00ab694aedaf39291b45042b7ecfe066e67c","1567-794bd69a071836fa718dee81b323c5df909e4eeb04f401f9d30ccf794561bbf6","root"
"7","Personnel & Command Support Equip","2013-BASE_PROCUREMENT-2013-NAVY_OTHER_BA5_8-MasterJustificationBook_Navy_PB_2013.zzz_unzipped-MasterJustificationBook_Navy_PB_2013.xml","12221bfd5ab9fc3a9f49aad169797fe38af50105869feb70607f7a6c50800e8c","4-d784cfb10acd4e11ddb6df2ef0adc9e9ba7519d1db7128c32df0b5a5518aded1","1567-794bd69a071836fa718dee81b323c5df909e4eeb04f401f9d30ccf794561bbf6","root"
"8","Spares and Repair Parts","2013-BASE_PROCUREMENT-2013-NAVY_OTHER_BA5_8-MasterJustificationBook_Navy_PB_2013.zzz_unzipped-MasterJustificationBook_Navy_PB_2013.xml","12221bfd5ab9fc3a9f49aad169797fe38af50105869feb70607f7a6c50800e8c","5-ce6232fd9b79c27e16c491186843ab5955b788b8e71f8c6361a89ab56474b107","1567-794bd69a071836fa718dee81b323c5df909e4eeb04f401f9d30ccf794561bbf6","root"
"4","Spares and Repair Parts","2014-BASE_PROCUREMENT-2014-AIRFORCE_MISSILE-PROCUREMENT_JustificationBook_Air_Force_PB_2014.zzz_unzipped-PROCUREMENT_JustificationBook_Air_Force_PB_2014.xml","eb76aa25aa2250f63038a2459490458fd839f2d0088630d9ea793bca093bea93","0-4a758514d30db8bb3a7df680f88f3a8a67ccc937a5713cd9d8aeef93c0b498a7","1979-b0f9eae9969b6bcd610a2ce8ad61a663391598d52990d3444124c7522e3cbab3","root"
"4","Spares and Repair Parts","2014-BASE_PROCUREMENT-2014-AIRFORCE_MISSILE-PROCUREMENT_MasterJustificationBook_Air_Force_PB_2014.zzz_unzipped-PROCUREMENT_MasterJustificationBook_Air_Force_PB_2014.xml","a707703519deee903435936fca6529a54a2ed01c6b8a2a8de629932260578d8d","0-ce1380706616356a04bcb9920d3cbad17b3d39037fca570ae044a7c5117e6132","2003-12b7754d7628b0e7d346c701ceae13ac33bf4309abb8876088c0fd679f00a066","root"
"7","Aircraft Support Equip & Facilities","2014-BASE_PROCUREMENT-2014-NAVY_AIRCRAFT_BA6-PROCUREMENT_JustificationBook_Navy_PB_2014.zzz_unzipped-PROCUREMENT_JustificationBook_Navy_PB_2014.xml","119c9734af56d6ba0b80aec2825068d0558b85748cd7394fbea861e072673be8","0-62b318d94efff0bac38d911b326a4df87249666e4e8b6834e9466736c8e20e07","2718-d8eac65ceb3f9a23e85f17cdf6bd65169e4152dd8e0be173492aca71d755044e","root"
"7","Aircraft Support Equip & Facilities","2014-BASE_PROCUREMENT-2014-NAVY_AIRCRAFT_BA7-PROCUREMENT_MasterJustificationBook_Navy_PB_2014.zzz_unzipped-PROCUREMENT_MasterJustificationBook_Navy_PB_2014.xml","d6275fbded77211f8971cfa00ed26479824966afeb235f7ba95706899671f50f","0-32ae42db18075230f0f4fd5f94567c73ad69ca8e5762a7cb2d1096ad92cce14b","2853-75a23522db6fb29a91d014b0e05c0fcdf02602c3c95720a953b286332fdf1e77","root"
"2","Other Missiles","2014-BASE_PROCUREMENT-2014-NAVY_WEAPONS-PROCUREMENT_JustificationBook_Navy_PB_2014.zzz_unzipped-PROCUREMENT_JustificationBook_Navy_PB_2014.xml","8b49cb72f737b1829b7dce0859fdde66cf267344fe509f86676f3ddf3c64f080","0-16389d70a8ffae20c419c6335dfaca6d1c8094b3c861e37ff00c9a586b5a85df","2885-862a15c78cd9ac6e0cfbc0655e4ca81b2b228c5d6f3ef8cf83b2a11b337f953f","root"
"3","Torpedoes and Related Equipment","2014-BASE_PROCUREMENT-2014-NAVY_WEAPONS-PROCUREMENT_JustificationBook_Navy_PB_2014.zzz_unzipped-PROCUREMENT_JustificationBook_Navy_PB_2014.xml","8b49cb72f737b1829b7dce0859fdde66cf267344fe509f86676f3ddf3c64f080","1-5f83d90054545cccf4773b7c54812d2ed5679da49c50940215b4c17c8050864f","2885-862a15c78cd9ac6e0cfbc0655e4ca81b2b228c5d6f3ef8cf83b2a11b337f953f","root"
"4","Other Weapons","2014-BASE_PROCUREMENT-2014-NAVY_WEAPONS-PROCUREMENT_JustificationBook_Navy_PB_2014.zzz_unzipped-PROCUREMENT_JustificationBook_Navy_PB_2014.xml","8b49cb72f737b1829b7dce0859fdde66cf267344fe509f86676f3ddf3c64f080","2-a5aa5f39a85343cb6a2719950c1b44f54f48d459edce3114f2eabba5092ea3e4","2885-862a15c78cd9ac6e0cfbc0655e4ca81b2b228c5d6f3ef8cf83b2a11b337f953f","root"
"2","Other Missiles","2014-BASE_PROCUREMENT-2014-NAVY_WEAPONS-PROCUREMENT_MasterJustificationBook_Navy_PB_2014.zzz_unzipped-PROCUREMENT_MasterJustificationBook_Navy_PB_2014.xml","a2dd2801714331158255a6546921c54f558ce3dc1a89005c228be1ad7a1f810d","0-881ca8e40de04a9c205819eee11930a85012305f4adfe77cc6753f3221d27216","2917-543542fe6291820465b535f7ad155f4ffbb356ea3262e8b0ad7241de15137eef","root"
"3","Torpedoes and Related Equipment","2014-BASE_PROCUREMENT-2014-NAVY_WEAPONS-PROCUREMENT_MasterJustificationBook_Navy_PB_2014.zzz_unzipped-PROCUREMENT_MasterJustificationBook_Navy_PB_2014.xml","a2dd2801714331158255a6546921c54f558ce3dc1a89005c228be1ad7a1f810d","1-6aebcaf4ee358f045f899f421de9672fd27a00c2994b73602ef1bd5620558661","2917-543542fe6291820465b535f7ad155f4ffbb356ea3262e8b0ad7241de15137eef","root"
"4","Other Weapons","2014-BASE_PROCUREMENT-2014-NAVY_WEAPONS-PROCUREMENT_MasterJustificationBook_Navy_PB_2014.zzz_unzipped-PROCUREMENT_MasterJustificationBook_Navy_PB_2014.xml","a2dd2801714331158255a6546921c54f558ce3dc1a89005c228be1ad7a1f810d","2-db1d4606aa1efbc87180be6c73dce5a64ace44b5f1efa4fb851d75cf6ff8e03a","2917-543542fe6291820465b535f7ad155f4ffbb356ea3262e8b0ad7241de15137eef","root"
"1","Ships Support Equipment","2014-BASE_PROCUREMENT-2014-NAVY_OTHER_BA5_8-PROCUREMENT_JustificationBook_Navy_PB_2014.zzz_unzipped-PROCUREMENT_JustificationBook_Navy_PB_2014.xml","75f0b72f7ef222960b0058e5ebefbd27325a1fed485cdb2572ff364690bcef97","0-f40b1e3785999133c7195470ea6717bcc7baf29d2853121162cd1a1cb6a63741","3129-9c561c0e1235c9b7a00fd04a1e70e8ef96af9c0956efb1176fd2c57ddc55927d","root"
"2","Communications & Electronics Equip","2014-BASE_PROCUREMENT-2014-NAVY_OTHER_BA5_8-PROCUREMENT_JustificationBook_Navy_PB_2014.zzz_unzipped-PROCUREMENT_JustificationBook_Navy_PB_2014.xml","75f0b72f7ef222960b0058e5ebefbd27325a1fed485cdb2572ff364690bcef97","1-92c5ea6930521b28452dc98d9420154ff9ff097c31624b3f8f63c6643624450f","3129-9c561c0e1235c9b7a00fd04a1e70e8ef96af9c0956efb1176fd2c57ddc55927d","root"
"3","Aviation Support Equipment","2014-BASE_PROCUREMENT-2014-NAVY_OTHER_BA5_8-PROCUREMENT_JustificationBook_Navy_PB_2014.zzz_unzipped-PROCUREMENT_JustificationBook_Navy_PB_2014.xml","75f0b72f7ef222960b0058e5ebefbd27325a1fed485cdb2572ff364690bcef97","2-ccc818f09672cbb958ebeefecb6756be63d1ae08c9c88adf34ecaed64399d0d1","3129-9c561c0e1235c9b7a00fd04a1e70e8ef96af9c0956efb1176fd2c57ddc55927d","root"
"4","Ordnance Support Equipment","2014-BASE_PROCUREMENT-2014-NAVY_OTHER_BA5_8-PROCUREMENT_JustificationBook_Navy_PB_2014.zzz_unzipped-PROCUREMENT_JustificationBook_Navy_PB_2014.xml","75f0b72f7ef222960b0058e5ebefbd27325a1fed485cdb2572ff364690bcef97","3-d2bb210edd5d30f3737f41930e23429cee664299085d80bacc32b98f4eea90fa","3129-9c561c0e1235c9b7a00fd04a1e70e8ef96af9c0956efb1176fd2c57ddc55927d","root"
"7","Personnel & Command Support Equip","2014-BASE_PROCUREMENT-2014-NAVY_OTHER_BA5_8-PROCUREMENT_JustificationBook_Navy_PB_2014.zzz_unzipped-PROCUREMENT_JustificationBook_Navy_PB_2014.xml","75f0b72f7ef222960b0058e5ebefbd27325a1fed485cdb2572ff364690bcef97","4-c904bfcf6ea032cf4147e972f20c2c75c466a9bfc932b938522b377e592bd3af","3129-9c561c0e1235c9b7a00fd04a1e70e8ef96af9c0956efb1176fd2c57ddc55927d","root"
"8","Spares and Repair Parts","2014-BASE_PROCUREMENT-2014-NAVY_OTHER_BA5_8-PROCUREMENT_JustificationBook_Navy_PB_2014.zzz_unzipped-PROCUREMENT_JustificationBook_Navy_PB_2014.xml","75f0b72f7ef222960b0058e5ebefbd27325a1fed485cdb2572ff364690bcef97","5-9a0ee5eaa291ddf1f99daa7ff4eece67656bd3c92657276cedc7bf630d108fb7","3129-9c561c0e1235c9b7a00fd04a1e70e8ef96af9c0956efb1176fd2c57ddc55927d","root"
"1","Ships Support Equipment","2014-BASE_PROCUREMENT-2014-NAVY_OTHER_BA5_8-PROCUREMENT_MasterJustificationBook_Navy_PB_2014.zzz_unzipped-PROCUREMENT_MasterJustificationBook_Navy_PB_2014.xml","0378d913e876e4149cf9aa23bf3bba01a03888ac562fdcf3bdf064961b020c87","0-0877fc356591ada5fb1560a3ac533ac999ebb0c5c7f75ce199a675b4ceb3ab84","3284-0d69ac9f031390c160f9d85e5d118dbf3f4cc75e6966da3d3c4327cee5d38711","root"
"2","Communications & Electronics Equip","2014-BASE_PROCUREMENT-2014-NAVY_OTHER_BA5_8-PROCUREMENT_MasterJustificationBook_Navy_PB_2014.zzz_unzipped-PROCUREMENT_MasterJustificationBook_Navy_PB_2014.xml","0378d913e876e4149cf9aa23bf3bba01a03888ac562fdcf3bdf064961b020c87","1-f5f1e9e7b3e5de03256e39f9ab9a42f9764dcc47088323e39edfce89e2e92527","3284-0d69ac9f031390c160f9d85e5d118dbf3f4cc75e6966da3d3c4327cee5d38711","root"
"3","Aviation Support Equipment","2014-BASE_PROCUREMENT-2014-NAVY_OTHER_BA5_8-PROCUREMENT_MasterJustificationBook_Navy_PB_2014.zzz_unzipped-PROCUREMENT_MasterJustificationBook_Navy_PB_2014.xml","0378d913e876e4149cf9aa23bf3bba01a03888ac562fdcf3bdf064961b020c87","2-c81ca170a5383cff91ff8537d0b7aa9628c79eecb6f9b70b3f5a28e6b401e2aa","3284-0d69ac9f031390c160f9d85e5d118dbf3f4cc75e6966da3d3c4327cee5d38711","root"
"4","Ordnance Support Equipment","2014-BASE_PROCUREMENT-2014-NAVY_OTHER_BA5_8-PROCUREMENT_MasterJustificationBook_Navy_PB_2014.zzz_unzipped-PROCUREMENT_MasterJustificationBook_Navy_PB_2014.xml","0378d913e876e4149cf9aa23bf3bba01a03888ac562fdcf3bdf064961b020c87","3-299975c149d77904cba1cdaf0b04af2f7064a02683657d6ffeac9c91818e1efa","3284-0d69ac9f031390c160f9d85e5d118dbf3f4cc75e6966da3d3c4327cee5d38711","root"
"7","Personnel & Command Support Equip","2014-BASE_PROCUREMENT-2014-NAVY_OTHER_BA5_8-PROCUREMENT_MasterJustificationBook_Navy_PB_2014.zzz_unzipped-PROCUREMENT_MasterJustificationBook_Navy_PB_2014.xml","0378d913e876e4149cf9aa23bf3bba01a03888ac562fdcf3bdf064961b020c87","4-e0139c735e5dee21481232da5b6e50d3cfb0a1ce9c610d7cb3230493960e5e38","3284-0d69ac9f031390c160f9d85e5d118dbf3f4cc75e6966da3d3c4327cee5d38711","root"
"8","Spares and Repair Parts","2014-BASE_PROCUREMENT-2014-NAVY_OTHER_BA5_8-PROCUREMENT_MasterJustificationBook_Navy_PB_2014.zzz_unzipped-PROCUREMENT_MasterJustificationBook_Navy_PB_2014.xml","0378d913e876e4149cf9aa23bf3bba01a03888ac562fdcf3bdf064961b020c87","5-c3f701947336ff230207136f965cf97d371919ef9fa9692f30cb1eb6430748f1","3284-0d69ac9f031390c160f9d85e5d118dbf3f4cc75e6966da3d3c4327cee5d38711","root"
"4","Spares and Repair Parts","2015-BASE_PROCUREMENT-2015-AIRFORCE_MISSILE-PROCUREMENT_JustificationBook_Air_Force_PB_2015.zzz_unzipped-PROCUREMENT_JustificationBook_Air_Force_PB_2015.xml","a55daf9ca8f93eeb4cc4385931880ac099c7ed6339ea7a8c4c5a57679670d46c","0-76182fb59522175418d9d26bd17526a67df38df0e5df5b64a9b63ea6b67c4fd5","3597-baa92469dbe88403e44c68b4ca4d493136a11dd581a85d0a16814b478cdbb4e9","root"
"4","Spares and Repair Parts","2015-BASE_PROCUREMENT-2015-AIRFORCE_MISSILE-PROCUREMENT_MasterJustificationBook_Air_Force_PB_2015.zzz_unzipped-PROCUREMENT_MasterJustificationBook_Air_Force_PB_2015.xml","adbf863e5fc0d05bb6aa686df93f86b1ca4336ca1a653ae071d1d24f57875cad","0-f4f26289cbc222e6fd5e231dd97d16092c332bce0385d7bb9a3da07e65182535","3620-45f192339d94a79b2201b3d93de3439263cd48bbde769b896a07c79e14a3bab7","root"
"4","Spares and Repair Parts","2016-BASE_PROCUREMENT-2016-AIRFORCE_MISSILE-PROCUREMENT_JustificationBook_Air_Force_PB_2016.zzz_unzipped-PROCUREMENT_JustificationBook_Air_Force_PB_2016.xml","80ddc099aabb9d0169754ee8f45951a3c11ba5a7087e66f01fff83b72dd4e924","0-0ab5e4b61b04e5211184a3bb916ba2daa6637d832747d75417123889145011d9","5278-78c93fb086d7fbd2fec7e240bb917ee9c75c633caac675fe4c97654c72a6c4ed","root"
"4","Spares and Repair Parts","2016-BASE_PROCUREMENT-2016-AIRFORCE_MISSILE-PROCUREMENT_MasterJustificationBook_Air_Force_PB_2016.zzz_unzipped-PROCUREMENT_MasterJustificationBook_Air_Force_PB_2016.xml","117ed04debf19a617ed07c6e78c2d4576483f9e327a8782474db489b7ca8875b","0-0afec608c1623febc951d443ea5790626bec2ce4d3e1d4f13fd15e2a85a7e2e4","5302-e686ef1850d5dfb3fa627cb935e778a6abec74be59ad35e8e1a0e473ef25fbdb","root"
"7","Aircraft Support Equip & Facilities","2016-BASE_PROCUREMENT-2016-NAVY_AIRCRAFT_BA6-PROCUREMENT_JustificationBook_Navy_PB_2016.zzz_unzipped-PROCUREMENT_JustificationBook_Navy_PB_2016.xml","b40eae23784ed2b5692424a205eb181888bd3545eaa6eb463572005a97d5c4ea","0-d1935d1900134dd8d1ef9e48c245fdd3bff1d03077c9a0d80012183cdcdd1fd6","6040-08d740a49905dc9d0ae7e2469a51f53ccf213857804a89c097429fd3a09e565d","root"
"7","Aircraft Support Equip & Facilities","2016-BASE_PROCUREMENT-2016-NAVY_AIRCRAFT_BA7-PROCUREMENT_MasterJustificationBook_Navy_PB_2016.zzz_unzipped-PROCUREMENT_MasterJustificationBook_Navy_PB_2016.xml","841fbf40f595d8021dbc0a659b6cecf93db33119978e563d683d6ca0c564b97c","0-53f03d4c1b105f75795a0bff42a8ba93b9053fd171e64d6731772ceb67b6166a","6093-532424974eee57700028a53c37723e46e32b5bbeb8edbc8cd9d9d413697edcf5","root"
"2","Other Missiles","2016-BASE_PROCUREMENT-2016-NAVY_WEAPONS-PROCUREMENT_JustificationBook_Navy_PB_2016.zzz_unzipped-PROCUREMENT_JustificationBook_Navy_PB_2016.xml","59b69cc80eb70b978f6e1651f834de1bfd37156faefa1fe8fe4ebb24bd5ade02","0-621bd542a6e6aeab4337c7fd23d3fa4fef283f5a5aa88191995dca6fc921db36","6127-926628d0c472b831acf5b4a38d2658147a18df292baa16c0f7935573374cbfa2","root"
"3","Torpedoes and Related Equipment","2016-BASE_PROCUREMENT-2016-NAVY_WEAPONS-PROCUREMENT_JustificationBook_Navy_PB_2016.zzz_unzipped-PROCUREMENT_JustificationBook_Navy_PB_2016.xml","59b69cc80eb70b978f6e1651f834de1bfd37156faefa1fe8fe4ebb24bd5ade02","1-ab17bb66f4d77cd22951b3a1439d0bd7c82914b25e54bd96aa52295d021e5d40","6127-926628d0c472b831acf5b4a38d2658147a18df292baa16c0f7935573374cbfa2","root"
"4","Other Weapons","2016-BASE_PROCUREMENT-2016-NAVY_WEAPONS-PROCUREMENT_JustificationBook_Navy_PB_2016.zzz_unzipped-PROCUREMENT_JustificationBook_Navy_PB_2016.xml","59b69cc80eb70b978f6e1651f834de1bfd37156faefa1fe8fe4ebb24bd5ade02","2-c4093985189a43165495eb441e91f0c20640fbe872d3af72575399670e0cd839","6127-926628d0c472b831acf5b4a38d2658147a18df292baa16c0f7935573374cbfa2","root"
"2","Other Missiles","2016-BASE_PROCUREMENT-2016-NAVY_WEAPONS-PROCUREMENT_MasterJustificationBook_Navy_PB_2016.zzz_unzipped-PROCUREMENT_MasterJustificationBook_Navy_PB_2016.xml","95fff6f5b583c84daccae6657b3159998cb9d891317749727c3e584db5a6a01f","0-d69010c6d7307af5decf64aa1ddcb849bcfda7269d4919d3163bc2b0dc636317","6161-f9c065bf82b56d8b418d7bc460bbe5e095eb046e5ecd8042779a0be95bb872b7","root"
"3","Torpedoes and Related Equipment","2016-BASE_PROCUREMENT-2016-NAVY_WEAPONS-PROCUREMENT_MasterJustificationBook_Navy_PB_2016.zzz_unzipped-PROCUREMENT_MasterJustificationBook_Navy_PB_2016.xml","95fff6f5b583c84daccae6657b3159998cb9d891317749727c3e584db5a6a01f","1-dde6267cbf5ce24c1a09ef4c467cb995e02b1138bae5f1e2bdde631bac863ba1","6161-f9c065bf82b56d8b418d7bc460bbe5e095eb046e5ecd8042779a0be95bb872b7","root"
"4","Other Weapons","2016-BASE_PROCUREMENT-2016-NAVY_WEAPONS-PROCUREMENT_MasterJustificationBook_Navy_PB_2016.zzz_unzipped-PROCUREMENT_MasterJustificationBook_Navy_PB_2016.xml","95fff6f5b583c84daccae6657b3159998cb9d891317749727c3e584db5a6a01f","2-0008692be61fb0c8ccf5a2803be2e7a50c236a5e8157728aa6eaf2c83cb15888","6161-f9c065bf82b56d8b418d7bc460bbe5e095eb046e5ecd8042779a0be95bb872b7","root"
"1","Ships Support Equipment","2016-BASE_PROCUREMENT-2016-NAVY_OTHER_BA5-8-PROCUREMENT_JustificationBook_Navy_PB_2016.zzz_unzipped-PROCUREMENT_JustificationBook_Navy_PB_2016.xml","7bde75768c75835d9437c988cf65b301c8038df71ba1a895b24b278e069de06b","0-161903ddc5cd6272fe1c09cdf7e34bffd075c0073211c257f7c2739decebcd4a","6362-e4d602299e7fb7929507d582a509835263e3dbfc598d61d61ab0d2dc0e0c6c9c","root"
"2","Communications & Electronics Equip","2016-BASE_PROCUREMENT-2016-NAVY_OTHER_BA5-8-PROCUREMENT_JustificationBook_Navy_PB_2016.zzz_unzipped-PROCUREMENT_JustificationBook_Navy_PB_2016.xml","7bde75768c75835d9437c988cf65b301c8038df71ba1a895b24b278e069de06b","1-1f16b565c3d1f7f810c8ce1f023272baad87813d87cc4e9455be98ec11a7187e","6362-e4d602299e7fb7929507d582a509835263e3dbfc598d61d61ab0d2dc0e0c6c9c","root"
"3","Aviation Support Equipment","2016-BASE_PROCUREMENT-2016-NAVY_OTHER_BA5-8-PROCUREMENT_JustificationBook_Navy_PB_2016.zzz_unzipped-PROCUREMENT_JustificationBook_Navy_PB_2016.xml","7bde75768c75835d9437c988cf65b301c8038df71ba1a895b24b278e069de06b","2-fb6542b9644e7eb3d5079d76b70b3d929704fe88b38270235795ac55dd3905cc","6362-e4d602299e7fb7929507d582a509835263e3dbfc598d61d61ab0d2dc0e0c6c9c","root"
"4","Ordnance Support Equipment","2016-BASE_PROCUREMENT-2016-NAVY_OTHER_BA5-8-PROCUREMENT_JustificationBook_Navy_PB_2016.zzz_unzipped-PROCUREMENT_JustificationBook_Navy_PB_2016.xml","7bde75768c75835d9437c988cf65b301c8038df71ba1a895b24b278e069de06b","3-11d35b9f1d6942ac4b0b60239b827cdc4f8f8aabd43c99d1c0e44ff2f1167f59","6362-e4d602299e7fb7929507d582a509835263e3dbfc598d61d61ab0d2dc0e0c6c9c","root"
"8","Spares and Repair Parts","2016-BASE_PROCUREMENT-2016-NAVY_OTHER_BA5-8-PROCUREMENT_JustificationBook_Navy_PB_2016.zzz_unzipped-PROCUREMENT_JustificationBook_Navy_PB_2016.xml","7bde75768c75835d9437c988cf65b301c8038df71ba1a895b24b278e069de06b","4-792caf3484840ca98c93931ddcd0e18b58d71b1605c685dbac88b5716b40b3a0","6362-e4d602299e7fb7929507d582a509835263e3dbfc598d61d61ab0d2dc0e0c6c9c","root"
"1","Ships Support Equipment","2016-BASE_PROCUREMENT-2016-NAVY_OTHER_BA5-8-PROCUREMENT_MasterJustificationBook_Navy_PB_2016.zzz_unzipped-PROCUREMENT_MasterJustificationBook_Navy_PB_2016.xml","844b28cd496474367de1b3faddbe529b7c8fd8550d9fc00fc159f7f46fa5937e","0-72f0f28f7026493fb4efad27bcf973698e1781959e4eafc4b96764ac4055b90e","6536-7d0e8b59b9f781afe0772c5c6575946c0d19a75b228448ec85043e3c940c9e22","root"
"2","Communications & Electronics Equip","2016-BASE_PROCUREMENT-2016-NAVY_OTHER_BA5-8-PROCUREMENT_MasterJustificationBook_Navy_PB_2016.zzz_unzipped-PROCUREMENT_MasterJustificationBook_Navy_PB_2016.xml","844b28cd496474367de1b3faddbe529b7c8fd8550d9fc00fc159f7f46fa5937e","1-9f74158746662119114fd02c3d7fb3e9dd87e2c77c9e714147826a93ddd2b399","6536-7d0e8b59b9f781afe0772c5c6575946c0d19a75b228448ec85043e3c940c9e22","root"
"3","Aviation Support Equipment","2016-BASE_PROCUREMENT-2016-NAVY_OTHER_BA5-8-PROCUREMENT_MasterJustificationBook_Navy_PB_2016.zzz_unzipped-PROCUREMENT_MasterJustificationBook_Navy_PB_2016.xml","844b28cd496474367de1b3faddbe529b7c8fd8550d9fc00fc159f7f46fa5937e","2-ed865f6a3191eb02fd3e9b1407257741c8b564458c3de1ea65fa2507651f74fa","6536-7d0e8b59b9f781afe0772c5c6575946c0d19a75b228448ec85043e3c940c9e22","root"
"4","Ordnance Support Equipment","2016-BASE_PROCUREMENT-2016-NAVY_OTHER_BA5-8-PROCUREMENT_MasterJustificationBook_Navy_PB_2016.zzz_unzipped-PROCUREMENT_MasterJustificationBook_Navy_PB_2016.xml","844b28cd496474367de1b3faddbe529b7c8fd8550d9fc00fc159f7f46fa5937e","3-899aed73ebad08e5673d714c34a184500062b8d102cdc956d1980a0fc6cac203","6536-7d0e8b59b9f781afe0772c5c6575946c0d19a75b228448ec85043e3c940c9e22","root"
"8","Spares and Repair Parts","2016-BASE_PROCUREMENT-2016-NAVY_OTHER_BA5-8-PROCUREMENT_MasterJustificationBook_Navy_PB_2016.zzz_unzipped-PROCUREMENT_MasterJustificationBook_Navy_PB_2016.xml","844b28cd496474367de1b3faddbe529b7c8fd8550d9fc00fc159f7f46fa5937e","4-1f707f01e7d0c03e4ebdfa795b75cb23fe1a92ed596a28c18a184e4941e247d9","6536-7d0e8b59b9f781afe0772c5c6575946c0d19a75b228448ec85043e3c940c9e22","root"
"4","Spares and Repair Parts","2017-BASE_PROCUREMENT-2017-AIRFORCE_MISSILE-U_PROCUREMENT_JustificationBook_Air_Force_PB_2017.zzz_unzipped-U_PROCUREMENT_JustificationBook_Air_Force_PB_2017.xml","a6d64777e5b62a4130dcd8889ec44ec310bac87933d1ec558ee81e84728fae06","0-739017d2c3150a8f2979c6df0f1fa0c54724dd2b8f02422aff3617131176f3b1","6893-c7922c5f6b92bdd2f34c34896af94803436821a25b4e1a40705cb7d3dd11efdb","root"
"4","Spares and Repair Parts","2017-BASE_PROCUREMENT-2017-AIRFORCE_MISSILE-U_PROCUREMENT_MasterJustificationBook_Air_Force_PB_2017.zzz_unzipped-U_PROCUREMENT_MasterJustificationBook_Air_Force_PB_2017.xml","e19fba4fe460b23dda38633f447049ab5087c90b82af6fcbc629a2a2474061db","0-5b09ef998165696c175791b882b0f8664f3bfbc61d7367333dcab8b7e4ad4118","6918-af4e289763ad5794d63d6de5b3f3140959184f72a2db9f6ee2ceb0f06bfcc15e","root"
"7","Aircraft Support Equip & Facilities","2017-BASE_PROCUREMENT-2017-NAVY_AIRCRAFT_BA6-U_PROCUREMENT_JustificationBook_Navy_PB_2017.zzz_unzipped-U_PROCUREMENT_JustificationBook_Navy_PB_2017.xml","afbdbd2a2747eb87223fd8e424087c54098b7ac9000f25a49dcc19ae1945e824","0-23d78da715d65c1ab5822e84a0c396dd86808af2c744ce02cd9e947e8eac4d03","7653-8c2bb16619ad27986adc632a287df6fd797c1d660aded60164915ecf44954567","root"
"7","Aircraft Support Equip & Facilities","2017-BASE_PROCUREMENT-2017-NAVY_AIRCRAFT_BA7-U_PROCUREMENT_MasterJustificationBook_Navy_PB_2017.zzz_unzipped-U_PROCUREMENT_MasterJustificationBook_Navy_PB_2017.xml","4a1bd5adbc86be704b3da9e1d3f3b383b821782b292244744d33ccc5eb0674a1","0-ed742ad373eb4f117de8a4177eca24d65883f24911a94a357e291c46c0bcdfd4","7723-18829469ccb357fb94f6a20f305736955fd2b72f1388d5d8be5d62ef9095002c","root"
"2","Other Missiles","2017-BASE_PROCUREMENT-2017-NAVY_WEAPONS-U_PROCUREMENT_JustificationBook_Navy_PB_2017.zzz_unzipped-U_PROCUREMENT_JustificationBook_Navy_PB_2017.xml","fd15687b9041e46573412f07bda7bedcb1b6dffd0b400666c1ad06e5c260dc10","0-a7a668c348613e15ab8a7b52b33b7c0acd6ab19b3cfa8fb6ae52ac018ae71433","7761-e810199d89195a04a2fff25a3a7d557f93d4d604e19693b1686fb93efabcaedd","root"
"3","Torpedoes and Related Equipment","2017-BASE_PROCUREMENT-2017-NAVY_WEAPONS-U_PROCUREMENT_JustificationBook_Navy_PB_2017.zzz_unzipped-U_PROCUREMENT_JustificationBook_Navy_PB_2017.xml","fd15687b9041e46573412f07bda7bedcb1b6dffd0b400666c1ad06e5c260dc10","1-896aee4fe062afb40214e768627ff823fe7d7b961740c2af73a40536d12c5f35","7761-e810199d89195a04a2fff25a3a7d557f93d4d604e19693b1686fb93efabcaedd","root"
"4","Other Weapons","2017-BASE_PROCUREMENT-2017-NAVY_WEAPONS-U_PROCUREMENT_JustificationBook_Navy_PB_2017.zzz_unzipped-U_PROCUREMENT_JustificationBook_Navy_PB_2017.xml","fd15687b9041e46573412f07bda7bedcb1b6dffd0b400666c1ad06e5c260dc10","2-763a981de5ee154c431f53139fe917b02c230fa04c4206ea5b61ea30d78f3bcb","7761-e810199d89195a04a2fff25a3a7d557f93d4d604e19693b1686fb93efabcaedd","root"
"2","Other Missiles","2017-BASE_PROCUREMENT-2017-NAVY_WEAPONS-U_PROCUREMENT_MasterJustificationBook_Navy_PB_2017.zzz_unzipped-U_PROCUREMENT_MasterJustificationBook_Navy_PB_2017.xml","9e4ae0a97fe82320309317b014df1631a8ed8bed64602ac513a1cd54f90f207a","0-8ebf0dd809b9ee79acf9b320bfcf0fc19fc896d310427c07354918f575b4a71c","7799-949a477744aefef24c5f7a8e7ff1c462302c60f39313969b943cda0074d193ea","root"
"3","Torpedoes and Related Equipment","2017-BASE_PROCUREMENT-2017-NAVY_WEAPONS-U_PROCUREMENT_MasterJustificationBook_Navy_PB_2017.zzz_unzipped-U_PROCUREMENT_MasterJustificationBook_Navy_PB_2017.xml","9e4ae0a97fe82320309317b014df1631a8ed8bed64602ac513a1cd54f90f207a","1-c967c0fb27e5df4ea8e784819626c68c148d5c1e3f503802603370666f863af2","7799-949a477744aefef24c5f7a8e7ff1c462302c60f39313969b943cda0074d193ea","root"
"4","Other Weapons","2017-BASE_PROCUREMENT-2017-NAVY_WEAPONS-U_PROCUREMENT_MasterJustificationBook_Navy_PB_2017.zzz_unzipped-U_PROCUREMENT_MasterJustificationBook_Navy_PB_2017.xml","9e4ae0a97fe82320309317b014df1631a8ed8bed64602ac513a1cd54f90f207a","2-22eeec837dde38c1b21d71235bd5eb0264e8eef30148df662e2f0e47c82dc203","7799-949a477744aefef24c5f7a8e7ff1c462302c60f39313969b943cda0074d193ea","root"
"1","Ships Support Equipment","2020-BASE_PROCUREMENT-2020-NAVY_OTHER_BA5-8-U_PROCUREMENT_JustificationBook_Navy_PB_2017.zzz_unzipped-U_PROCUREMENT_JustificationBook_Navy_PB_2017.xml","e2b7e9dd5c717d4f99a9438c44088cb0501c0452ad08cda6dfd01e080849cc18","0-364805f5ee20831d949ee6b34d18bbc800e934cad646f54e78e49a53e24f284e","8002-522fa172ef0e684740983071dc2da5940dce5d345a6264418709b531a51f20bb","root"
"2","Communications & Electronics Equip","2020-BASE_PROCUREMENT-2020-NAVY_OTHER_BA5-8-U_PROCUREMENT_JustificationBook_Navy_PB_2017.zzz_unzipped-U_PROCUREMENT_JustificationBook_Navy_PB_2017.xml","e2b7e9dd5c717d4f99a9438c44088cb0501c0452ad08cda6dfd01e080849cc18","1-f657f2515287d1835806220ebf69903195fd82b9a5c82924c5ab9d3b152ee195","8002-522fa172ef0e684740983071dc2da5940dce5d345a6264418709b531a51f20bb","root"
"3","Aviation Support Equipment","2020-BASE_PROCUREMENT-2020-NAVY_OTHER_BA5-8-U_PROCUREMENT_JustificationBook_Navy_PB_2017.zzz_unzipped-U_PROCUREMENT_JustificationBook_Navy_PB_2017.xml","e2b7e9dd5c717d4f99a9438c44088cb0501c0452ad08cda6dfd01e080849cc18","2-6f3970fa4fd1509d796335d10a0dbbf0bf98f5f25648c10096d94fb43b980a98","8002-522fa172ef0e684740983071dc2da5940dce5d345a6264418709b531a51f20bb","root"
"4","Ordnance Support Equipment","2020-BASE_PROCUREMENT-2020-NAVY_OTHER_BA5-8-U_PROCUREMENT_JustificationBook_Navy_PB_2017.zzz_unzipped-U_PROCUREMENT_JustificationBook_Navy_PB_2017.xml","e2b7e9dd5c717d4f99a9438c44088cb0501c0452ad08cda6dfd01e080849cc18","3-bc287465c3a30d3682827f2b543da4da850d7e7672f16d33ed7c41ff56688c23","8002-522fa172ef0e684740983071dc2da5940dce5d345a6264418709b531a51f20bb","root"
"8","Spares and Repair Parts","2020-BASE_PROCUREMENT-2020-NAVY_OTHER_BA5-8-U_PROCUREMENT_JustificationBook_Navy_PB_2017.zzz_unzipped-U_PROCUREMENT_JustificationBook_Navy_PB_2017.xml","e2b7e9dd5c717d4f99a9438c44088cb0501c0452ad08cda6dfd01e080849cc18","4-642547a4943f345f3fe52138839ee12ec25d3b5a6a9c5d8b91f549cf47aa56f3","8002-522fa172ef0e684740983071dc2da5940dce5d345a6264418709b531a51f20bb","root"
"1","Ships Support Equipment","2020-BASE_PROCUREMENT-2020-NAVY_OTHER_BA5-8-U_PROCUREMENT_MasterJustificationBook_Navy_PB_2017.zzz_unzipped-U_PROCUREMENT_MasterJustificationBook_Navy_PB_2017.xml","269d22ff4e2dcfd866c813f9880ad48fc44d85b9d490737c99436d56708f3b1c","0-63a73a72807cbbdaa4c06f0bdc3f2f76accd30268a26eca1c2a35de816b1dcdb","8150-41cc539d577df2dd002e4d19bd485f3ce6f0f7f822845d64a18d8a5760fb831f","root"
"2","Communications & Electronics Equip","2020-BASE_PROCUREMENT-2020-NAVY_OTHER_BA5-8-U_PROCUREMENT_MasterJustificationBook_Navy_PB_2017.zzz_unzipped-U_PROCUREMENT_MasterJustificationBook_Navy_PB_2017.xml","269d22ff4e2dcfd866c813f9880ad48fc44d85b9d490737c99436d56708f3b1c","1-33954fe9a1f3f7323efdda9c76022067a5a4851c07f87fffeb0c4b0781f637d2","8150-41cc539d577df2dd002e4d19bd485f3ce6f0f7f822845d64a18d8a5760fb831f","root"
"3","Aviation Support Equipment","2020-BASE_PROCUREMENT-2020-NAVY_OTHER_BA5-8-U_PROCUREMENT_MasterJustificationBook_Navy_PB_2017.zzz_unzipped-U_PROCUREMENT_MasterJustificationBook_Navy_PB_2017.xml","269d22ff4e2dcfd866c813f9880ad48fc44d85b9d490737c99436d56708f3b1c","2-7a13730fc002ea3362364aac340864aaa62a236ba1108fc4e5d8f033054b733e","8150-41cc539d577df2dd002e4d19bd485f3ce6f0f7f822845d64a18d8a5760fb831f","root"
"4","Ordnance Support Equipment","2020-BASE_PROCUREMENT-2020-NAVY_OTHER_BA5-8-U_PROCUREMENT_MasterJustificationBook_Navy_PB_2017.zzz_unzipped-U_PROCUREMENT_MasterJustificationBook_Navy_PB_2017.xml","269d22ff4e2dcfd866c813f9880ad48fc44d85b9d490737c99436d56708f3b1c","3-e5a9c7618fcb783b7307bcc76be560be3a6e06edae8c0631d4817cbd92e6d170","8150-41cc539d577df2dd002e4d19bd485f3ce6f0f7f822845d64a18d8a5760fb831f","root"
"8","Spares and Repair Parts","2020-BASE_PROCUREMENT-2020-NAVY_OTHER_BA5-8-U_PROCUREMENT_MasterJustificationBook_Navy_PB_2017.zzz_unzipped-U_PROCUREMENT_MasterJustificationBook_Navy_PB_2017.xml","269d22ff4e2dcfd866c813f9880ad48fc44d85b9d490737c99436d56708f3b1c","4-640683bd4f3c05c470d7563f29ae61a684dee3821162d643eeb21193705bdcb4","8150-41cc539d577df2dd002e4d19bd485f3ce6f0f7f822845d64a18d8a5760fb831f","root"
"4","Spares and Repair Parts","2018-BASE_PROCUREMENT-2018-AIRFORCE_MISSILE-U_PROCUREMENT_JustificationBook_Air_Force_PB_2018.zzz_unzipped-U_PROCUREMENT_JustificationBook_Air_Force_PB_2018.xml","1bf8ad0e85e14f75a0205d07c62e763cf6746101e298576d8e29aa874478e8f3","0-d2d2839481147b548415264190613de106fb507afc6e1fd3a69089c394e0f21d","8464-6713ae93270ccd9818260c05b5607dc1273491ca0243c10ad9297eab14809242","root"
"4","Spares and Repair Parts","2018-BASE_PROCUREMENT-2018-AIRFORCE_MISSILE-U_PROCUREMENT_MasterJustificationBook_Air_Force_PB_2018.zzz_unzipped-U_PROCUREMENT_MasterJustificationBook_Air_Force_PB_2018.xml","a35996a8dc82bf9e2eb348b17e5f2065590bf8485e344ce8a31a2fc103c01b35","0-7a2950051ae31d44cdfbb0825961db89f8a1d9b1e17943dbe49eb25107c517ac","8480-186bddf931cfae645a0966482268eab5bd240671c50baac2e968934075488651","root"
"7","Aircraft Support Equip & Facilities","2018-BASE_PROCUREMENT-2018-NAVY_AIRCRAFT_BA6-U_PROCUREMENT_JustificationBook_Navy_PB_2018.zzz_unzipped-U_PROCUREMENT_JustificationBook_Navy_PB_2018.xml","b2d2573feda66e12617c651a66127a01769f005c24ac046e6416b761ed60e961","0-bcd29ec808f44a88996f08abf2cc2685d6b4efb794d30ca4bafc90b0e084c953","9196-65513822a370c5f31e0e527bed78b0e6d0705c768ffe9a9e6d0faeadac52d7c8","root"
"7","Aircraft Support Equip & Facilities","2018-BASE_PROCUREMENT-2018-NAVY_AIRCRAFT_BA67-U_PROCUREMENT_MasterJustificationBook_Navy_PB_2018.zzz_unzipped-U_PROCUREMENT_MasterJustificationBook_Navy_PB_2018.xml","125d0ac289da7105e95f27479c407a36de9a3c01b1233198e205f34741e1d332","0-06da67f121210d3279d8b8fdd9d64ed70d707c463ee0192cfc0a3430db8d8937","9285-719f955f57f4be9c363238e9b1f90d1a77155d69ae3446c688a185abb217f65c","root"
"2","Other Missiles","2018-BASE_PROCUREMENT-2018-NAVY_WEAPONS-U_PROCUREMENT_JustificationBook_Navy_PB_2018.zzz_unzipped-U_PROCUREMENT_JustificationBook_Navy_PB_2018.xml","271763bf3521377f718e3940f65db9aec3d8d92ddc3a847902e51fe0454d26b5","0-f18991c4e78ae508582c3ac30940d479c9b11762b872c5adc6f313f0c68847eb","9327-45b8ec06f6eea7dd5fab52f7947fc0df54386a8902b576ab9f91a6b01147f0ab","root"
"3","Torpedoes and Related Equipment","2018-BASE_PROCUREMENT-2018-NAVY_WEAPONS-U_PROCUREMENT_JustificationBook_Navy_PB_2018.zzz_unzipped-U_PROCUREMENT_JustificationBook_Navy_PB_2018.xml","271763bf3521377f718e3940f65db9aec3d8d92ddc3a847902e51fe0454d26b5","1-bfb1ae5d13f4db35268e2f207dbc5c9a539699d79ca84491ca68fc3b498c805a","9327-45b8ec06f6eea7dd5fab52f7947fc0df54386a8902b576ab9f91a6b01147f0ab","root"
"4","Other Weapons","2018-BASE_PROCUREMENT-2018-NAVY_WEAPONS-U_PROCUREMENT_JustificationBook_Navy_PB_2018.zzz_unzipped-U_PROCUREMENT_JustificationBook_Navy_PB_2018.xml","271763bf3521377f718e3940f65db9aec3d8d92ddc3a847902e51fe0454d26b5","2-c99b5774faf02cce01c41fc56434c59bcd6743c4be963bee6b299ae4013e3035","9327-45b8ec06f6eea7dd5fab52f7947fc0df54386a8902b576ab9f91a6b01147f0ab","root"
"2","Other Missiles","2018-BASE_PROCUREMENT-2018-NAVY_WEAPONS-U_PROCUREMENT_MasterJustificationBook_Navy_PB_2018.zzz_unzipped-U_PROCUREMENT_MasterJustificationBook_Navy_PB_2018.xml","46a1593151ed3b4a013e58fcc9c7006915c8b31d3d559bfadc47e1b1ed5da3d6","0-96e274584cbb7aeb2cbbccf3406a241bd2782f5363b37b9b6717fcf8c8b94c5b","9367-d9072f9be18b09ea5dfd0de549d7bcd009f7309969d9c4a329d4cc7844e01417","root"
"3","Torpedoes and Related Equipment","2018-BASE_PROCUREMENT-2018-NAVY_WEAPONS-U_PROCUREMENT_MasterJustificationBook_Navy_PB_2018.zzz_unzipped-U_PROCUREMENT_MasterJustificationBook_Navy_PB_2018.xml","46a1593151ed3b4a013e58fcc9c7006915c8b31d3d559bfadc47e1b1ed5da3d6","1-d8660cb75a5f84be053ebe0ef47932a878b93279a03badb9837dc643dc2fa603","9367-d9072f9be18b09ea5dfd0de549d7bcd009f7309969d9c4a329d4cc7844e01417","root"
"4","Other Weapons","2018-BASE_PROCUREMENT-2018-NAVY_WEAPONS-U_PROCUREMENT_MasterJustificationBook_Navy_PB_2018.zzz_unzipped-U_PROCUREMENT_MasterJustificationBook_Navy_PB_2018.xml","46a1593151ed3b4a013e58fcc9c7006915c8b31d3d559bfadc47e1b1ed5da3d6","2-6264244ffa22885a192a6307d7d63fb199dd1cb4bbab8b6f5bb1f7b26d1aa8db","9367-d9072f9be18b09ea5dfd0de549d7bcd009f7309969d9c4a329d4cc7844e01417","root"
"1","Ships Support Equipment","2018-BASE_PROCUREMENT-2018-NAVY_OTHER_BA5-8-U_PROCUREMENT_JustificationBook_Navy_PB_2018.zzz_unzipped-U_PROCUREMENT_JustificationBook_Navy_PB_2018.xml","27ec801d96f1473adbbff9c4550abf0a33deafa4c861c13af161a51f14c66d1f","0-937bd91ef9db25232fb974ac51bc204b9524d1f3426eba4cd581b5c35eff52a5","9502-1acda28be5db19593f93016b8671b528095615793755ec169cef85ba810725ec","root"
"2","Communications & Electronics Equip","2018-BASE_PROCUREMENT-2018-NAVY_OTHER_BA5-8-U_PROCUREMENT_JustificationBook_Navy_PB_2018.zzz_unzipped-U_PROCUREMENT_JustificationBook_Navy_PB_2018.xml","27ec801d96f1473adbbff9c4550abf0a33deafa4c861c13af161a51f14c66d1f","1-08c864ecd491433618ea51ec155903e86b29537235c420763a6933ae2bc49ba3","9502-1acda28be5db19593f93016b8671b528095615793755ec169cef85ba810725ec","root"
"3","Aviation Support Equipment","2018-BASE_PROCUREMENT-2018-NAVY_OTHER_BA5-8-U_PROCUREMENT_JustificationBook_Navy_PB_2018.zzz_unzipped-U_PROCUREMENT_JustificationBook_Navy_PB_2018.xml","27ec801d96f1473adbbff9c4550abf0a33deafa4c861c13af161a51f14c66d1f","2-f044581e655436a446ef3340cf5fbf8207d3e7cb07f40c1a2e99f9ce062e0875","9502-1acda28be5db19593f93016b8671b528095615793755ec169cef85ba810725ec","root"
"4","Ordnance Support Equipment","2018-BASE_PROCUREMENT-2018-NAVY_OTHER_BA5-8-U_PROCUREMENT_JustificationBook_Navy_PB_2018.zzz_unzipped-U_PROCUREMENT_JustificationBook_Navy_PB_2018.xml","27ec801d96f1473adbbff9c4550abf0a33deafa4c861c13af161a51f14c66d1f","3-b39d79d1e0724fb07b1b5e4f96593b3df0630827158ff6c4e8637fad81addfb7","9502-1acda28be5db19593f93016b8671b528095615793755ec169cef85ba810725ec","root"
"8","Spares and Repair Parts","2018-BASE_PROCUREMENT-2018-NAVY_OTHER_BA5-8-U_PROCUREMENT_JustificationBook_Navy_PB_2018.zzz_unzipped-U_PROCUREMENT_JustificationBook_Navy_PB_2018.xml","27ec801d96f1473adbbff9c4550abf0a33deafa4c861c13af161a51f14c66d1f","4-57ff8c52ff0c041d0d2be9bc9464c99e117919798f63538753373ddb5925c9cb","9502-1acda28be5db19593f93016b8671b528095615793755ec169cef85ba810725ec","root"
"1","Ships Support Equipment","2018-BASE_PROCUREMENT-2018-NAVY_OTHER_BA5-8-U_PROCUREMENT_MasterJustificationBook_Navy_PB_2018.zzz_unzipped-U_PROCUREMENT_MasterJustificationBook_Navy_PB_2018.xml","43624126dbd4055c26d102021e36fc5a20df2445f571fb50072a3973ef1aab1b","0-8f8dcbd1ece3019adef4b8418ab0f7236eb8b01b17a8f40bbe2fe250797c7e98","9772-e3db03f127523f353a313df0aa2cb32066478fb9698df001b4beea57517c561b","root"
"2","Communications & Electronics Equip","2018-BASE_PROCUREMENT-2018-NAVY_OTHER_BA5-8-U_PROCUREMENT_MasterJustificationBook_Navy_PB_2018.zzz_unzipped-U_PROCUREMENT_MasterJustificationBook_Navy_PB_2018.xml","43624126dbd4055c26d102021e36fc5a20df2445f571fb50072a3973ef1aab1b","1-d453546dea521c9d1d23adc2ccc9f98768f0ec13352ee0a18a44207918bf2da0","9772-e3db03f127523f353a313df0aa2cb32066478fb9698df001b4beea57517c561b","root"
"3","Aviation Support Equipment","2018-BASE_PROCUREMENT-2018-NAVY_OTHER_BA5-8-U_PROCUREMENT_MasterJustificationBook_Navy_PB_2018.zzz_unzipped-U_PROCUREMENT_MasterJustificationBook_Navy_PB_2018.xml","43624126dbd4055c26d102021e36fc5a20df2445f571fb50072a3973ef1aab1b","2-ddfb1389643f21571f164651a7bb595822a7ae8c2e7f80b5e2870954ddf6e903","9772-e3db03f127523f353a313df0aa2cb32066478fb9698df001b4beea57517c561b","root"
"4","Ordnance Support Equipment","2018-BASE_PROCUREMENT-2018-NAVY_OTHER_BA5-8-U_PROCUREMENT_MasterJustificationBook_Navy_PB_2018.zzz_unzipped-U_PROCUREMENT_MasterJustificationBook_Navy_PB_2018.xml","43624126dbd4055c26d102021e36fc5a20df2445f571fb50072a3973ef1aab1b","3-2c5a0dc8b35a2fea3c93fd0c9de5e4c5f15c79c1af1a48b3ebfd5ea30f114b66","9772-e3db03f127523f353a313df0aa2cb32066478fb9698df001b4beea57517c561b","root"
"8","Spares and Repair Parts","2018-BASE_PROCUREMENT-2018-NAVY_OTHER_BA5-8-U_PROCUREMENT_MasterJustificationBook_Navy_PB_2018.zzz_unzipped-U_PROCUREMENT_MasterJustificationBook_Navy_PB_2018.xml","43624126dbd4055c26d102021e36fc5a20df2445f571fb50072a3973ef1aab1b","4-42e54473a52004df0013db26b8437fa8b420fb17d591c3178c15b5e21e7f5e21","9772-e3db03f127523f353a313df0aa2cb32066478fb9698df001b4beea57517c561b","root"
"4","Spares and Repair Parts","2019-BASE_PROCUREMENT-2019-AIRFORCE_MISSILE-U_PROCUREMENT_JustificationBook_Air_Force_PB_2019.zzz_unzipped-U_PROCUREMENT_JustificationBook_Air_Force_PB_2019.xml","6536b9acdf910f39a3920842a47f5ccb2a5bd7aae8b038288c78c5460090826e","0-3e9f6a1e3e56eed3595683749d48f89e51c7868afc97a67f14cf3456f1eb5564","10097-29fc8fb45e86c601ec6af02df87c07922e6d574f42a675f557298b630d6e25d0","root"
"4","Spares and Repair Parts","2019-BASE_PROCUREMENT-2019-AIRFORCE_MISSILE-U_PROCUREMENT_MasterJustificationBook_Air_Force_PB_2019.zzz_unzipped-U_PROCUREMENT_MasterJustificationBook_Air_Force_PB_2019.xml","e37d18328fcae31f8255c53a538c5d44c3cde6b21f89dd962297599e4f02dad5","0-54a18a4462d5b027c2de824b8ce4b179303aadd660d6ac814d864f8eeb05f547","10113-9be3e729e10c57985198e04a41daf1228b9a101dbaeb60125c4b8632849f6007","root"
"7","Aircraft Support Equip & Facilities","2019-BASE_PROCUREMENT-2019-NAVY_AIRCRAFT_BA6-U_PROCUREMENT_JustificationBook_Navy_PB_2019.zzz_unzipped-U_PROCUREMENT_JustificationBook_Navy_PB_2019.xml","01b52c0cca5d992d77126e2f788680cb5dc4b2baf6ff2f8dad619492603b702f","0-e361bc783d04238d6e2d9f468f9bb5e6d0d9b453a7bfbafe48d602ef052eeb9c","10829-bdcf4e496e3640ef37de9835834622a4c37f57296a99952c10cc2bfcca7435b2","root"
"7","Aircraft Support Equip & Facilities","2019-BASE_PROCUREMENT-2019-NAVY_AIRCRAFT_BA67-U_PROCUREMENT_MasterJustificationBook_Navy_PB_2019.zzz_unzipped-U_PROCUREMENT_MasterJustificationBook_Navy_PB_2019.xml","8cd5a108e4501e79e1dd0c130685365d393e275837cfcdee187e66ba22870d66","0-97aad2288ebae468a3b342ad0f0d151b327dced5ab7f09e4ee3890c04d4911b7","10905-2c51a99ead73692c82544c8d6595425add1b4c42511643f413d31015741994de","root"
"2","Other Missiles","2019-BASE_PROCUREMENT-2019-NAVY_WEAPONS-U_PROCUREMENT_JustificationBook_Navy_PB_2019.zzz_unzipped-U_PROCUREMENT_JustificationBook_Navy_PB_2019.xml","3ad71abb0b3f4c34af8f9abad7159bb2e5cdd5ed1015a8a9829d942f29628686","0-ae9b21b4f637846f40845d9ed4bd4b3c4e5bcb1e07c533638f0182825c9def6f","10947-e9596823cd711bd4c86d0575ba1732dddba7b23e3eaf1e7392442c28a8fb5a64","root"
"3","Torpedoes and Related Equipment","2019-BASE_PROCUREMENT-2019-NAVY_WEAPONS-U_PROCUREMENT_JustificationBook_Navy_PB_2019.zzz_unzipped-U_PROCUREMENT_JustificationBook_Navy_PB_2019.xml","3ad71abb0b3f4c34af8f9abad7159bb2e5cdd5ed1015a8a9829d942f29628686","1-fcc26c7cd6236544b3be85ea4438860441703936b3936c359fb42d4c4fbe8fd3","10947-e9596823cd711bd4c86d0575ba1732dddba7b23e3eaf1e7392442c28a8fb5a64","root"
"4","Other Weapons","2019-BASE_PROCUREMENT-2019-NAVY_WEAPONS-U_PROCUREMENT_JustificationBook_Navy_PB_2019.zzz_unzipped-U_PROCUREMENT_JustificationBook_Navy_PB_2019.xml","3ad71abb0b3f4c34af8f9abad7159bb2e5cdd5ed1015a8a9829d942f29628686","2-0fa085d70518cd70d2b383f2ea445f355e4068d3707935ae01ddec36f107f6a6","10947-e9596823cd711bd4c86d0575ba1732dddba7b23e3eaf1e7392442c28a8fb5a64","root"
"2","Other Missiles","2019-BASE_PROCUREMENT-2019-NAVY_WEAPONS-U_PROCUREMENT_MasterJustificationBook_Navy_PB_2019.zzz_unzipped-U_PROCUREMENT_MasterJustificationBook_Navy_PB_2019.xml","1a3a3dd8456d6d3391214905cd3262bed0f9886e904c1835820dbef7d10d28ea","0-c65782debbd7fa8c454b1a3f08ebf4994e6258d614cf24486c61a65ee5545ab2","10988-d0a6d8e7285ca89a47888c9285b52c8a81d09ec12480f183b2cc439373292161","root"
"3","Torpedoes and Related Equipment","2019-BASE_PROCUREMENT-2019-NAVY_WEAPONS-U_PROCUREMENT_MasterJustificationBook_Navy_PB_2019.zzz_unzipped-U_PROCUREMENT_MasterJustificationBook_Navy_PB_2019.xml","1a3a3dd8456d6d3391214905cd3262bed0f9886e904c1835820dbef7d10d28ea","1-7b02330f4e43b4c3b43eecfd63aac2228844bfa8c1be9a3f7007142f20d867c1","10988-d0a6d8e7285ca89a47888c9285b52c8a81d09ec12480f183b2cc439373292161","root"
"4","Other Weapons","2019-BASE_PROCUREMENT-2019-NAVY_WEAPONS-U_PROCUREMENT_MasterJustificationBook_Navy_PB_2019.zzz_unzipped-U_PROCUREMENT_MasterJustificationBook_Navy_PB_2019.xml","1a3a3dd8456d6d3391214905cd3262bed0f9886e904c1835820dbef7d10d28ea","2-c6b133821bc6126998896a59240c6b1161b86ebd65fa1284b1c05baa16588949","10988-d0a6d8e7285ca89a47888c9285b52c8a81d09ec12480f183b2cc439373292161","root"
"1","Ships Support Equipment","2019-BASE_PROCUREMENT-2019-NAVY_OTHER_BA5-8-U_PROCUREMENT_JustificationBook_Navy_PB_2019.zzz_unzipped-U_PROCUREMENT_JustificationBook_Navy_PB_2019.xml","837df01f08c4fe4258be4156615749e98921711107d3bf96607ec0edcb60ae18","0-7cd2db9a5a2d4daab020f79764c42c02e404245a971e9eabd724848944832789","11110-bcb9b241eb9865dd838dd09da9a0712bef015c4fc64569f137cf8cfcdb11461e","root"
"2","Communications & Electronics Equip","2019-BASE_PROCUREMENT-2019-NAVY_OTHER_BA5-8-U_PROCUREMENT_JustificationBook_Navy_PB_2019.zzz_unzipped-U_PROCUREMENT_JustificationBook_Navy_PB_2019.xml","837df01f08c4fe4258be4156615749e98921711107d3bf96607ec0edcb60ae18","1-7b1620a03e007b0c776014fe7852de19635b3add022258dd6234f8022776707a","11110-bcb9b241eb9865dd838dd09da9a0712bef015c4fc64569f137cf8cfcdb11461e","root"
"3","Aviation Support Equipment","2019-BASE_PROCUREMENT-2019-NAVY_OTHER_BA5-8-U_PROCUREMENT_JustificationBook_Navy_PB_2019.zzz_unzipped-U_PROCUREMENT_JustificationBook_Navy_PB_2019.xml","837df01f08c4fe4258be4156615749e98921711107d3bf96607ec0edcb60ae18","2-dfa3bc10695e09d9ce8c282811785f5e243ee932b97e222449bb4887938805b2","11110-bcb9b241eb9865dd838dd09da9a0712bef015c4fc64569f137cf8cfcdb11461e","root"
"4","Ordnance Support Equipment","2019-BASE_PROCUREMENT-2019-NAVY_OTHER_BA5-8-U_PROCUREMENT_JustificationBook_Navy_PB_2019.zzz_unzipped-U_PROCUREMENT_JustificationBook_Navy_PB_2019.xml","837df01f08c4fe4258be4156615749e98921711107d3bf96607ec0edcb60ae18","3-a50e8a058a4e6cdb2835206c04b33779ee16dfba839959b16a2aca66aad24bb0","11110-bcb9b241eb9865dd838dd09da9a0712bef015c4fc64569f137cf8cfcdb11461e","root"
"8","Spares and Repair Parts","2019-BASE_PROCUREMENT-2019-NAVY_OTHER_BA5-8-U_PROCUREMENT_JustificationBook_Navy_PB_2019.zzz_unzipped-U_PROCUREMENT_JustificationBook_Navy_PB_2019.xml","837df01f08c4fe4258be4156615749e98921711107d3bf96607ec0edcb60ae18","4-74ee5ed879eec1aa9aedc1b2f0e503eed748753bb3ad9b5bc44df3296dd5995d","11110-bcb9b241eb9865dd838dd09da9a0712bef015c4fc64569f137cf8cfcdb11461e","root"
"1","Ships Support Equipment","2019-BASE_PROCUREMENT-2019-NAVY_OTHER_BA5-8-U_PROCUREMENT_MasterJustificationBook_Navy_PB_2019.zzz_unzipped-U_PROCUREMENT_MasterJustificationBook_Navy_PB_2019.xml","11798e27f76fcd3c411574ef537d1ec41fd65b00af776715cad9166c8a650a3d","0-3f8f74264f4cf4f61cedc10cb95ae678d1a7f7b22cd9b49aa9011602aca9dead","11340-c165b24ee07db48314db2acda716dded3568910a16d65a0bf2b8bc105ba71063","root"
"2","Communications & Electronics Equip","2019-BASE_PROCUREMENT-2019-NAVY_OTHER_BA5-8-U_PROCUREMENT_MasterJustificationBook_Navy_PB_2019.zzz_unzipped-U_PROCUREMENT_MasterJustificationBook_Navy_PB_2019.xml","11798e27f76fcd3c411574ef537d1ec41fd65b00af776715cad9166c8a650a3d","1-4a1072592d78027861b2f314962d1650f429678b0a0265cad686f47f62a498f6","11340-c165b24ee07db48314db2acda716dded3568910a16d65a0bf2b8bc105ba71063","root"
"3","Aviation Support Equipment","2019-BASE_PROCUREMENT-2019-NAVY_OTHER_BA5-8-U_PROCUREMENT_MasterJustificationBook_Navy_PB_2019.zzz_unzipped-U_PROCUREMENT_MasterJustificationBook_Navy_PB_2019.xml","11798e27f76fcd3c411574ef537d1ec41fd65b00af776715cad9166c8a650a3d","2-a4eb483eee9ede0271f435f3cbc6ca6835c6a27d1aa28a3212c4db07dca940b1","11340-c165b24ee07db48314db2acda716dded3568910a16d65a0bf2b8bc105ba71063","root"
"4","Ordnance Support Equipment","2019-BASE_PROCUREMENT-2019-NAVY_OTHER_BA5-8-U_PROCUREMENT_MasterJustificationBook_Navy_PB_2019.zzz_unzipped-U_PROCUREMENT_MasterJustificationBook_Navy_PB_2019.xml","11798e27f76fcd3c411574ef537d1ec41fd65b00af776715cad9166c8a650a3d","3-6f0c6d508a1eb12b3625c57f13847d66efe68c1a6044d19157096229cfac52e4","11340-c165b24ee07db48314db2acda716dded3568910a16d65a0bf2b8bc105ba71063","root"
"8","Spares and Repair Parts","2019-BASE_PROCUREMENT-2019-NAVY_OTHER_BA5-8-U_PROCUREMENT_MasterJustificationBook_Navy_PB_2019.zzz_unzipped-U_PROCUREMENT_MasterJustificationBook_Navy_PB_2019.xml","11798e27f76fcd3c411574ef537d1ec41fd65b00af776715cad9166c8a650a3d","4-fc659603d9cd2eb324f0eec57a4ecf7bb50e7067d3e6953d25ce38f3d1d21492","11340-c165b24ee07db48314db2acda716dded3568910a16d65a0bf2b8bc105ba71063","root"
"4","Spares and Repair Parts","2020-BASE_PROCUREMENT-2020-AIRFORCE_MISSILE-U_PROCUREMENT_JustificationBook_Air_Force_PB_2020.zzz_unzipped-U_PROCUREMENT_JustificationBook_Air_Force_PB_2020.xml","1f5725b0a45fcf8123be93bebfdd7ec83fd133e1534fa59696f16e8c69aa2aca","0-e33169c17d9504b972cd0eebfb6349709f50131c77364f81d6f201fd7eca08ca","11653-b1291d26e42b889f7d223c303e89641e505663aa3d0ea99ede18805e31c76cff","root"
"4","Spares and Repair Parts","2020-BASE_PROCUREMENT-2020-AIRFORCE_MISSILE-U_PROCUREMENT_MasterJustificationBook_Air_Force_PB_2020.zzz_unzipped-U_PROCUREMENT_MasterJustificationBook_Air_Force_PB_2020.xml","b5dc524d51ea02572c673318bbe4712513407363eb046a219dfbdddc088e97f9","0-a516ab0d99448d9f930e0beab0a460daf717358d6ef47589622e00698f4b2aa5","11671-a6724fb5599fddd69de9b252085b6405111c3ff156077c6427264f7838110252","root"
"7","Aircraft Support Equip & Facilities","2020-BASE_PROCUREMENT-2020-NAVY_AIRCRAFT_BA6-7-U_PROCUREMENT_JustificationBook_Navy_PB_2020.zzz_unzipped-U_PROCUREMENT_JustificationBook_Navy_PB_2020.xml","e2ed7ee629852188268b4df20bd4bdb0d47a1554023024219b6b8eba98744f3b","0-58bc925204cd32dc7ef431e32ac5b054bedb65b20eb82b3d73896fd2c3e8c6a5","12362-228d75dd5118f455e2b20df30e64fbab062ec58264a48abe4ae832cc6038ca37","root"
"7","Aircraft Support Equip & Facilities","2020-BASE_PROCUREMENT-2020-NAVY_AIRCRAFT_BA6-7-U_PROCUREMENT_MasterJustificationBook_Navy_PB_2020.zzz_unzipped-U_PROCUREMENT_MasterJustificationBook_Navy_PB_2020.xml","bf56329742f9ce0ee39245fac7e3def59aa32ac4cccb9158065119d480fc799c","0-e2338def07c134bacfde71614e701a0c48542fdaba7107e2986f5130ceee24af","12477-63f9a52b278ddb8b7773d37db6d979c477f37f5cdbdf6d6a0fd7171df3e40198","root"
"2","Other Missiles","2020-BASE_PROCUREMENT-2020-NAVY_WEAPONS-U_PROCUREMENT_JustificationBook_Navy_PB_2020.zzz_unzipped-U_PROCUREMENT_JustificationBook_Navy_PB_2020.xml","a7bc2a846148cd8391c2dd33ef9b4170f7be54bd1ecf6671fab9b134ef01924d","0-382a7c2f0dbf021a1bf7887765a1aef90b5b87a0a7f7212950f663a8185dd85d","12521-23a7fb52a4520ef4d3450e9a6969d419ca95e70c08429f44a03c7e4e96729aa7","root"
"3","Torpedoes and Related Equipment","2020-BASE_PROCUREMENT-2020-NAVY_WEAPONS-U_PROCUREMENT_JustificationBook_Navy_PB_2020.zzz_unzipped-U_PROCUREMENT_JustificationBook_Navy_PB_2020.xml","a7bc2a846148cd8391c2dd33ef9b4170f7be54bd1ecf6671fab9b134ef01924d","1-7976946017527a8331f5cc3c9865031ad2cc791c1d1adc8a3322bbb7347a5213","12521-23a7fb52a4520ef4d3450e9a6969d419ca95e70c08429f44a03c7e4e96729aa7","root"
"4","Other Weapons","2020-BASE_PROCUREMENT-2020-NAVY_WEAPONS-U_PROCUREMENT_JustificationBook_Navy_PB_2020.zzz_unzipped-U_PROCUREMENT_JustificationBook_Navy_PB_2020.xml","a7bc2a846148cd8391c2dd33ef9b4170f7be54bd1ecf6671fab9b134ef01924d","2-d3ab9200f7789ee43095d716058dcee1a78f4ae654f1202246255d3be7c98a9d","12521-23a7fb52a4520ef4d3450e9a6969d419ca95e70c08429f44a03c7e4e96729aa7","root"
"2","Other Missiles","2020-BASE_PROCUREMENT-2020-NAVY_WEAPONS-U_PROCUREMENT_MasterJustificationBook_Navy_PB_2020.zzz_unzipped-U_PROCUREMENT_MasterJustificationBook_Navy_PB_2020.xml","62f8eb117ddfb8b333c1db774d87e3fa65d14917fa88ef4eb19278592073b9e0","0-0be6d18f674cd3bb877516ba04045955eb18b8410d51ef65d23f8483855f3634","12564-811a79e940d03ed204a9a07e50c0b9fadda3be495fbfaa979c05c17771c7ef68","root"
"3","Torpedoes and Related Equipment","2020-BASE_PROCUREMENT-2020-NAVY_WEAPONS-U_PROCUREMENT_MasterJustificationBook_Navy_PB_2020.zzz_unzipped-U_PROCUREMENT_MasterJustificationBook_Navy_PB_2020.xml","62f8eb117ddfb8b333c1db774d87e3fa65d14917fa88ef4eb19278592073b9e0","1-c4eb2dbf7331ad92fff46d042ca63c4246a982145463c12e09715e4cc58f8988","12564-811a79e940d03ed204a9a07e50c0b9fadda3be495fbfaa979c05c17771c7ef68","root"
"4","Other Weapons","2020-BASE_PROCUREMENT-2020-NAVY_WEAPONS-U_PROCUREMENT_MasterJustificationBook_Navy_PB_2020.zzz_unzipped-U_PROCUREMENT_MasterJustificationBook_Navy_PB_2020.xml","62f8eb117ddfb8b333c1db774d87e3fa65d14917fa88ef4eb19278592073b9e0","2-8d4ca3dee589c62595fe8aab0f6534ff724877d7a8c974ade023d5f829815296","12564-811a79e940d03ed204a9a07e50c0b9fadda3be495fbfaa979c05c17771c7ef68","root"
"1","Ships Support Equipment","2020-BASE_PROCUREMENT-2020-NAVY_OTHER_BA4-U_PROCUREMENT_MasterJustificationBook_Navy_PB_2020.zzz_unzipped-U_PROCUREMENT_MasterJustificationBook_Navy_PB_2020.xml","2f566b6225b87ac5cfb7178428d67dcd2c51935a2365c67be83561428d508ed4","0-9d3c253a4f8e104ed2e14034a8798e6d0c3428404ddf9da19e81b8f581895685","12888-d5ac2565ce91d3b7d4363d67cf087c2a1e1a176472802dfed81463ebb84e81c0","root"
"2","Communications & Electronics Equip","2020-BASE_PROCUREMENT-2020-NAVY_OTHER_BA4-U_PROCUREMENT_MasterJustificationBook_Navy_PB_2020.zzz_unzipped-U_PROCUREMENT_MasterJustificationBook_Navy_PB_2020.xml","2f566b6225b87ac5cfb7178428d67dcd2c51935a2365c67be83561428d508ed4","1-954b423530c9e6992183ed5b5f1f4e6df41f8a803955c232bb3f95c060351ebb","12888-d5ac2565ce91d3b7d4363d67cf087c2a1e1a176472802dfed81463ebb84e81c0","root"
"3","Aviation Support Equipment","2020-BASE_PROCUREMENT-2020-NAVY_OTHER_BA4-U_PROCUREMENT_MasterJustificationBook_Navy_PB_2020.zzz_unzipped-U_PROCUREMENT_MasterJustificationBook_Navy_PB_2020.xml","2f566b6225b87ac5cfb7178428d67dcd2c51935a2365c67be83561428d508ed4","2-c8463c7477091ce53c92bf62bfa69a685e42e0d7b5ab2b80fce46fd52b1da700","12888-d5ac2565ce91d3b7d4363d67cf087c2a1e1a176472802dfed81463ebb84e81c0","root"
"4","Ordnance Support Equipment","2020-BASE_PROCUREMENT-2020-NAVY_OTHER_BA4-U_PROCUREMENT_MasterJustificationBook_Navy_PB_2020.zzz_unzipped-U_PROCUREMENT_MasterJustificationBook_Navy_PB_2020.xml","2f566b6225b87ac5cfb7178428d67dcd2c51935a2365c67be83561428d508ed4","3-47c1d1d4898cb639247b70f9441a22b9974c1e10c6754d9b0c5006612f4ebd3e","12888-d5ac2565ce91d3b7d4363d67cf087c2a1e1a176472802dfed81463ebb84e81c0","root"
"8","Spares and Repair Parts","2020-BASE_PROCUREMENT-2020-NAVY_OTHER_BA4-U_PROCUREMENT_MasterJustificationBook_Navy_PB_2020.zzz_unzipped-U_PROCUREMENT_MasterJustificationBook_Navy_PB_2020.xml","2f566b6225b87ac5cfb7178428d67dcd2c51935a2365c67be83561428d508ed4","4-cc52ab9a7519e3f2235ee5fa34dccc71581440429e5399a1060fb5bdd4a2c8c2","12888-d5ac2565ce91d3b7d4363d67cf087c2a1e1a176472802dfed81463ebb84e81c0","root"
