Name_val,Name_@footnote,Location_val,MinimumSustainingRate_val,MaximumProductionRate_val,Rate185_val,InitialQuantity_AdminLeadTimeBeforeOct1InMonths_val,InitialQuantity_AdminLeadTimeAfterOct1InMonths_val,InitialQuantity_ProductionLeadTimeAfterOct1InMonths_val,InitialQuantity_TotalLeadTimeAfterOct1InMonths_val,ReorderQuantity_AdminLeadTimeBeforeOct1InMonths_val,ReorderQuantity_AdminLeadTimeAfterOct1InMonths_val,ReorderQuantity_ProductionLeadTimeAfterOct1InMonths_val,ReorderQuantity_TotalLeadTimeAfterOct1InMonths_val,@SOURCE_FILENAME,@RECORDID,@ROWID,@PARENTROWID,@PARENT
"TBD","","TBD","12","833","600","0","10","6","16","0","10","6","16","2013-BASE_PROCUREMENT-2013-ARMY_OTHER_2-JustificationBook_Army_PB_2013.zzz_unzipped-JustificationBook_Army_PB_2013.xml","49420fb64fadab739e2608014b9581d496ec8219d6f295b2e12b855fdc098fe6","0-7e354606c3e558af34b0a145e3be390488f422fea2af253bda29cede594dfc6f","1-8cb5d196d7d1786ec8040f3ecfe2b1d58781f19972a819a1172500e6ed7626a8","root.record.ItemExhibitList.P5Item.CostElementCategoryList.Flyaway.NonRecurring.CostElementList.CostElement"
"TBD","","TBD","12","833","600","0","10","6","16","0","10","6","16","2013-BASE_PROCUREMENT-2013-ARMY_OTHER_2-JustificationBook_Army_PB_2013.zzz_unzipped-JustificationBook_Army_PB_2013.xml","49420fb64fadab739e2608014b9581d496ec8219d6f295b2e12b855fdc098fe6","0-de54fe877aa5c31a38f7419eff5975a290b89cf9942e20fb73c35ca10d781282","2-697eb701f7e61f1a63616ec90087486097cfd3aa8a6deda06ceb357ddc1a56fe","root.record.ItemExhibitList.P5Item.CostElementCategoryList.Flyaway.NonRecurring.CostElementList.CostElement"
"Raytheon Missile System","","Tucson, AZ","300","800","600","0","5","0","5","0","0","19","19","2013-BASE_PROCUREMENT-2013-NAVY_WEAPONS-JustificationBook_Navy_PB_2013.zzz_unzipped-JustificationBook_Navy_PB_2013.xml","2d9fc2b470c1fffd0e0a5bc1c1eab31ac527588ce0341c3ac25f5bdd34f272b0","0-16b3e4c390fefa90c05b5fa91295a57c913faeb6b109be9c07d9836c41c66398","1-d6f5247003bbdb95447d02ea9183fb2d29e531e282494f24c17513a385d11d91","root.record.ItemExhibitList.P5Item.CostElementCategoryList.Flyaway.NonRecurring.CostElementList.CostElement"
"Raytheon Missile Systems","","Tucson AZ","300","800","600","0","0","5","5","0","0","19","19","2013-BASE_PROCUREMENT-2013-NAVY_WEAPONS-JustificationBook_Navy_PB_2013.zzz_unzipped-JustificationBook_Navy_PB_2013.xml","2d9fc2b470c1fffd0e0a5bc1c1eab31ac527588ce0341c3ac25f5bdd34f272b0","0-936cf6bff7e73fbf293f9ae7269ca5f73b571e5c5287e2835d0fdebb1bd791fa","1-039743391660a6c6a9b10e804ae814c136eb69092a1d2b2c60b0ac38a9af4d27","root.record.ItemExhibitList.P5Item.CostElementCategoryList.Flyaway.NonRecurring.CostElementList.CostElement"
"Raytheon Missile System","","Tucson, AZ","300","800","600","0","5","0","5","0","0","19","19","2013-BASE_PROCUREMENT-2013-NAVY_WEAPONS-MasterJustificationBook_Navy_PB_2013.zzz_unzipped-MasterJustificationBook_Navy_PB_2013.xml","4ae361954697c6c85a12ee57fe1e0f947ba565bb10d94c8b8ac4a18e3be03635","0-67f82865e589ab3b3e6773c391a269395893f1141a6275a401e23d362a294f43","1-258894793c0acfb61eff988b4b37cd0709b4c1a2b5289309144c9f2b42039361","root.record.ItemExhibitList.P5Item.CostElementCategoryList.Flyaway.NonRecurring.CostElementList.CostElement"
"Raytheon Missile Systems","","Tucson AZ","300","800","600","0","0","5","5","0","0","19","19","2013-BASE_PROCUREMENT-2013-NAVY_WEAPONS-MasterJustificationBook_Navy_PB_2013.zzz_unzipped-MasterJustificationBook_Navy_PB_2013.xml","4ae361954697c6c85a12ee57fe1e0f947ba565bb10d94c8b8ac4a18e3be03635","0-ccbcda5c93c5fc4c5d36d497b29fa1a198b6da13a00bd4dacc86c7c31d88a64d","1-671a7d988a662f991a8af5aef2ff872c6b6ed65e463a1dbde1d2033369bf7fbd","root.record.ItemExhibitList.P5Item.CostElementCategoryList.Flyaway.NonRecurring.CostElementList.CostElement"
"General Atomics Poway","","CA","2.00","5.00","4.00","9","7","19","26","12","0","0","0","2014-BASE_PROCUREMENT-2014-AIRFORCE_AIRCRAFT_VOL1-PROCUREMENT_JustificationBook_Air_Force_PB_2014.zzz_unzipped-PROCUREMENT_JustificationBook_Air_Force_PB_2014.xml","dc8aa65a82754d44f4affda9776740a031654ab87581c0849e543054c8c24839","0-d8814c4696a2a6050a8476fcdd5c3f6ca0e1dfa5be26289eede4b3f23a6c37c0","0-c9f752b6feeeaa225a96389878d0b6fc1a08902f6571b7c786b3d35b9f7c0d16","root.record.ItemExhibitList.P5Item.CostElementCategoryList.Flyaway.NonRecurring.CostElementList.CostElement"
"Northrop Grumman","","CA","0.50","3.00","1.00","4","0","0","0","2","0","0","0","2014-BASE_PROCUREMENT-2014-AIRFORCE_AIRCRAFT_VOL1-PROCUREMENT_JustificationBook_Air_Force_PB_2014.zzz_unzipped-PROCUREMENT_JustificationBook_Air_Force_PB_2014.xml","dc8aa65a82754d44f4affda9776740a031654ab87581c0849e543054c8c24839","0-e14ab4dd4ef323c8f982f74bd11b9077bc76cf29623d7c94ca7f76043969cd68","1-cf58ce31a7174a3286fd88988994044af8e87f59f54315f691f55c333e025a06","root.record.ItemExhibitList.P5Item.CostElementCategoryList.Flyaway.NonRecurring.CostElementList.CostElement"
"General Atomics Poway","","CA","0.33","8.00","4.00","9","6","17","23","9","0","0","0","2014-BASE_PROCUREMENT-2014-AIRFORCE_AIRCRAFT_VOL1-PROCUREMENT_JustificationBook_Air_Force_PB_2014.zzz_unzipped-PROCUREMENT_JustificationBook_Air_Force_PB_2014.xml","dc8aa65a82754d44f4affda9776740a031654ab87581c0849e543054c8c24839","0-6cf391726233222c63ef8c7f3529526634f5724364b34995da5dfd45771b2f1f","3-123598273449eeb421580015c053390b8c01368e4c6f00cef8b1b8b956bfec99","root.record.ItemExhibitList.P5Item.CostElementCategoryList.Flyaway.NonRecurring.CostElementList.CostElement"
"General Atomic Poway","","CA","0.00","0.00","0.00","0","0","0","0","0","0","0","0","2014-BASE_PROCUREMENT-2014-AIRFORCE_AIRCRAFT_VOL1-PROCUREMENT_JustificationBook_Air_Force_PB_2014.zzz_unzipped-PROCUREMENT_JustificationBook_Air_Force_PB_2014.xml","dc8aa65a82754d44f4affda9776740a031654ab87581c0849e543054c8c24839","1-bf4169107c24ee3a0a586aa5b57799881435251a973df30c29eaa2d6a550e31d","3-123598273449eeb421580015c053390b8c01368e4c6f00cef8b1b8b956bfec99","root.record.ItemExhibitList.P5Item.CostElementCategoryList.Flyaway.NonRecurring.CostElementList.CostElement"
"General Atomics Poway","","CA","0.00","0.00","0.00","0","0","0","0","0","0","0","0","2014-BASE_PROCUREMENT-2014-AIRFORCE_AIRCRAFT_VOL1-PROCUREMENT_JustificationBook_Air_Force_PB_2014.zzz_unzipped-PROCUREMENT_JustificationBook_Air_Force_PB_2014.xml","dc8aa65a82754d44f4affda9776740a031654ab87581c0849e543054c8c24839","0-5129495934ae0aee9c0051f71e740fe0386df0cebf8df61d01099431f8fa6996","4-e48b76e1585a9d99dd2998f66d82915d99daadefa4d93dc668ae5d812cc033da","root.record.ItemExhibitList.P5Item.CostElementCategoryList.Flyaway.NonRecurring.CostElementList.CostElement"
"General Atomics Poway","","CA","0.00","0.00","0.00","0","0","0","0","0","0","0","0","2014-BASE_PROCUREMENT-2014-AIRFORCE_AIRCRAFT_VOL1-PROCUREMENT_JustificationBook_Air_Force_PB_2014.zzz_unzipped-PROCUREMENT_JustificationBook_Air_Force_PB_2014.xml","dc8aa65a82754d44f4affda9776740a031654ab87581c0849e543054c8c24839","0-280e7cad97352d5c3854262c09d65d780c5440e00831e4e8ee19165240caae74","5-a681e841e9291c61b51897bd265fe66748177193d54f3d870525f547076e0caf","root.record.ItemExhibitList.P5Item.CostElementCategoryList.Flyaway.NonRecurring.CostElementList.CostElement"
"General Atomics Poway","","CA","0.16","6.00","5.00","9","1","10","11","3","0","0","0","2014-BASE_PROCUREMENT-2014-AIRFORCE_AIRCRAFT_VOL1-PROCUREMENT_JustificationBook_Air_Force_PB_2014.zzz_unzipped-PROCUREMENT_JustificationBook_Air_Force_PB_2014.xml","dc8aa65a82754d44f4affda9776740a031654ab87581c0849e543054c8c24839","0-2afef79611e1a75ed565c115825a6ff9c6ed3449e86cc6646998a7fa0956e91f","6-1f16b0f5051b94f1091a799221f3dc9aed1cf40b9c65f1cf226596c05bcc3c32","root.record.ItemExhibitList.P5Item.CostElementCategoryList.Flyaway.NonRecurring.CostElementList.CostElement"
"L-3 Comm Salt Lake City","","UT/CA","0.08","1.00","0.08","1","0","0","0","9","0","0","0","2014-BASE_PROCUREMENT-2014-AIRFORCE_AIRCRAFT_VOL1-PROCUREMENT_JustificationBook_Air_Force_PB_2014.zzz_unzipped-PROCUREMENT_JustificationBook_Air_Force_PB_2014.xml","dc8aa65a82754d44f4affda9776740a031654ab87581c0849e543054c8c24839","0-93c97e3b0402b5e6060350b1e2cbb4cd17316aec969e4e1aca57fbcadad917b8","7-5aae86f91fb3c5a5ef9f52d1de2ce899a0e37f9f397e141cf7923a117a9d4d89","root.record.ItemExhibitList.P5Item.CostElementCategoryList.Flyaway.NonRecurring.CostElementList.CostElement"
"General Atomics Poway","","CA","2.00","5.00","4.00","9","7","19","26","12","0","0","0","2014-BASE_PROCUREMENT-2014-AIRFORCE_AIRCRAFT_VOL2-PROCUREMENT_MasterJustificationBook_Air_Force_PB_2014.zzz_unzipped-PROCUREMENT_MasterJustificationBook_Air_Force_PB_2014.xml","733336bf324f20dedd4718f00dffef33481f156568307d083925b389c2019d66","0-0e0d125e2f4cf852af2134c639ecf6c33293d1729b4897d3f2ca6b7a3f9a4857","0-21dc9a5acf2d086a75174a0172e577bee4d36807dcd9f50d02cd0fd84e3793be","root.record.ItemExhibitList.P5Item.CostElementCategoryList.Flyaway.NonRecurring.CostElementList.CostElement"
"Northrop Grumman","","CA","0.50","3.00","1.00","4","0","0","0","2","0","0","0","2014-BASE_PROCUREMENT-2014-AIRFORCE_AIRCRAFT_VOL2-PROCUREMENT_MasterJustificationBook_Air_Force_PB_2014.zzz_unzipped-PROCUREMENT_MasterJustificationBook_Air_Force_PB_2014.xml","733336bf324f20dedd4718f00dffef33481f156568307d083925b389c2019d66","0-a1ec4e44dc1c6cb5dae03f8b95f840be9c19d2e4479abd98386cd800db659c9a","1-bba45ce39922bf7bd43e3e204568716f0ddda1c952719676fcee8d12f317711a","root.record.ItemExhibitList.P5Item.CostElementCategoryList.Flyaway.NonRecurring.CostElementList.CostElement"
"General Atomics Poway","","CA","0.33","8.00","4.00","9","6","17","23","9","0","0","0","2014-BASE_PROCUREMENT-2014-AIRFORCE_AIRCRAFT_VOL2-PROCUREMENT_MasterJustificationBook_Air_Force_PB_2014.zzz_unzipped-PROCUREMENT_MasterJustificationBook_Air_Force_PB_2014.xml","733336bf324f20dedd4718f00dffef33481f156568307d083925b389c2019d66","0-a9480914ebcc5dbfa9062223bc642b9c0a8ebc18766777acb16426928a8967e4","3-ed7ac5a7e0da123b4c22385f93e8cbdc9fefa6a1c31c3442a9e95efdd4f82ff2","root.record.ItemExhibitList.P5Item.CostElementCategoryList.Flyaway.NonRecurring.CostElementList.CostElement"
"General Atomic Poway","","CA","0.00","0.00","0.00","0","0","0","0","0","0","0","0","2014-BASE_PROCUREMENT-2014-AIRFORCE_AIRCRAFT_VOL2-PROCUREMENT_MasterJustificationBook_Air_Force_PB_2014.zzz_unzipped-PROCUREMENT_MasterJustificationBook_Air_Force_PB_2014.xml","733336bf324f20dedd4718f00dffef33481f156568307d083925b389c2019d66","1-41746c0992c013e9d6df976e54f82bd51d31630f351c0f8f65baa52096e2217b","3-ed7ac5a7e0da123b4c22385f93e8cbdc9fefa6a1c31c3442a9e95efdd4f82ff2","root.record.ItemExhibitList.P5Item.CostElementCategoryList.Flyaway.NonRecurring.CostElementList.CostElement"
"General Atomics Poway","","CA","0.00","0.00","0.00","0","0","0","0","0","0","0","0","2014-BASE_PROCUREMENT-2014-AIRFORCE_AIRCRAFT_VOL2-PROCUREMENT_MasterJustificationBook_Air_Force_PB_2014.zzz_unzipped-PROCUREMENT_MasterJustificationBook_Air_Force_PB_2014.xml","733336bf324f20dedd4718f00dffef33481f156568307d083925b389c2019d66","0-918f8dc9f29894b8e470ef396ee997e2390bf7d0315751d358745f8074a0188d","4-a987adcdc0b38c032e145336032af0910e0d5945b3a72717b969617772f0916d","root.record.ItemExhibitList.P5Item.CostElementCategoryList.Flyaway.NonRecurring.CostElementList.CostElement"
"General Atomics Poway","","CA","0.00","0.00","0.00","0","0","0","0","0","0","0","0","2014-BASE_PROCUREMENT-2014-AIRFORCE_AIRCRAFT_VOL2-PROCUREMENT_MasterJustificationBook_Air_Force_PB_2014.zzz_unzipped-PROCUREMENT_MasterJustificationBook_Air_Force_PB_2014.xml","733336bf324f20dedd4718f00dffef33481f156568307d083925b389c2019d66","0-e9f748ad3d5d6320af831a923b00258d7b7d2c40e96cc35144948d17b6dc0920","5-3c2a17482ba8bf77a5fee84be5f87c1e948f0f55a2c703285efb525eaa0c7b16","root.record.ItemExhibitList.P5Item.CostElementCategoryList.Flyaway.NonRecurring.CostElementList.CostElement"
"General Atomics Poway","","CA","0.16","6.00","5.00","9","1","10","11","3","0","0","0","2014-BASE_PROCUREMENT-2014-AIRFORCE_AIRCRAFT_VOL2-PROCUREMENT_MasterJustificationBook_Air_Force_PB_2014.zzz_unzipped-PROCUREMENT_MasterJustificationBook_Air_Force_PB_2014.xml","733336bf324f20dedd4718f00dffef33481f156568307d083925b389c2019d66","0-6eefc0e5376b678a5256afc3b080e79f0cf0ad49d0f80c12990bc3b199f2f508","6-0e3398ed3cebe83d69d02553267e0033f587d312abf2895062f6eeafc3151747","root.record.ItemExhibitList.P5Item.CostElementCategoryList.Flyaway.NonRecurring.CostElementList.CostElement"
"L-3 Comm Salt Lake City","","UT/CA","0.08","1.00","0.08","1","0","0","0","9","0","0","0","2014-BASE_PROCUREMENT-2014-AIRFORCE_AIRCRAFT_VOL2-PROCUREMENT_MasterJustificationBook_Air_Force_PB_2014.zzz_unzipped-PROCUREMENT_MasterJustificationBook_Air_Force_PB_2014.xml","733336bf324f20dedd4718f00dffef33481f156568307d083925b389c2019d66","0-a1e21ff6969b7fab2c276b7f84f4278b90a23f7047bab76f414945470dc1969e","7-478f9aec6d0ede115a36e282bf5d07d785a4c98765af8f4138e765485d343ac8","root.record.ItemExhibitList.P5Item.CostElementCategoryList.Flyaway.NonRecurring.CostElementList.CostElement"
"General Atomics Poway","","CA","2.00","5.00","4.00","9","7","19","26","12","0","0","0","2014-BASE_PROCUREMENT-2014-AIRFORCE_AIRCRAFT_VOL1-PROCUREMENT_MasterJustificationBook_Air_Force_PB_2014.zzz_unzipped-PROCUREMENT_MasterJustificationBook_Air_Force_PB_2014.xml","1081d29dcea112091b01ebd34b03ccf860c11b197b2d61df1dd61c17f3546d5e","0-3a41816e13a9e44c54d6522054eb7c1a58194b8e9f4943641b642ae64644faa7","0-3b276a02e50be367b440ad21d264fc18b9029a807c93d837caa9152e4a6d56cc","root.record.ItemExhibitList.P5Item.CostElementCategoryList.Flyaway.NonRecurring.CostElementList.CostElement"
"Northrop Grumman","","CA","0.50","3.00","1.00","4","0","0","0","2","0","0","0","2014-BASE_PROCUREMENT-2014-AIRFORCE_AIRCRAFT_VOL1-PROCUREMENT_MasterJustificationBook_Air_Force_PB_2014.zzz_unzipped-PROCUREMENT_MasterJustificationBook_Air_Force_PB_2014.xml","1081d29dcea112091b01ebd34b03ccf860c11b197b2d61df1dd61c17f3546d5e","0-d7b782b1b6ae4cd73ca7f0157af1a54bf5d45bd9ac8ae30ddf870ddd465f2b69","1-3913857f842f81eee3381452aa608972c098e8980f4375e6716cb929cc110010","root.record.ItemExhibitList.P5Item.CostElementCategoryList.Flyaway.NonRecurring.CostElementList.CostElement"
"General Atomics Poway","","CA","0.33","8.00","4.00","9","6","17","23","9","0","0","0","2014-BASE_PROCUREMENT-2014-AIRFORCE_AIRCRAFT_VOL1-PROCUREMENT_MasterJustificationBook_Air_Force_PB_2014.zzz_unzipped-PROCUREMENT_MasterJustificationBook_Air_Force_PB_2014.xml","1081d29dcea112091b01ebd34b03ccf860c11b197b2d61df1dd61c17f3546d5e","0-333593ee7a98fae5383660dcf46b59f2209400798a60526017a0f91a2fe18bf8","3-84bdcec95fe15465c63af59db8e8ae82272ef1a3fdfe2b104a2ed1913c1d50ca","root.record.ItemExhibitList.P5Item.CostElementCategoryList.Flyaway.NonRecurring.CostElementList.CostElement"
"General Atomic Poway","","CA","0.00","0.00","0.00","0","0","0","0","0","0","0","0","2014-BASE_PROCUREMENT-2014-AIRFORCE_AIRCRAFT_VOL1-PROCUREMENT_MasterJustificationBook_Air_Force_PB_2014.zzz_unzipped-PROCUREMENT_MasterJustificationBook_Air_Force_PB_2014.xml","1081d29dcea112091b01ebd34b03ccf860c11b197b2d61df1dd61c17f3546d5e","1-6e216028a835341f1bc3cd3e5ce882725bd75e3017d5d7b80e3c0c8a8bdf7085","3-84bdcec95fe15465c63af59db8e8ae82272ef1a3fdfe2b104a2ed1913c1d50ca","root.record.ItemExhibitList.P5Item.CostElementCategoryList.Flyaway.NonRecurring.CostElementList.CostElement"
"General Atomics Poway","","CA","0.00","0.00","0.00","0","0","0","0","0","0","0","0","2014-BASE_PROCUREMENT-2014-AIRFORCE_AIRCRAFT_VOL1-PROCUREMENT_MasterJustificationBook_Air_Force_PB_2014.zzz_unzipped-PROCUREMENT_MasterJustificationBook_Air_Force_PB_2014.xml","1081d29dcea112091b01ebd34b03ccf860c11b197b2d61df1dd61c17f3546d5e","0-d22f2d282d21b39c2e7018a5f9f740f00ec444b9ed889130bea14959dafdb9a7","4-09688c94741e5b6639d88bdce87f697f4ac8ed202937120113dda990d5bca2a4","root.record.ItemExhibitList.P5Item.CostElementCategoryList.Flyaway.NonRecurring.CostElementList.CostElement"
"General Atomics Poway","","CA","0.00","0.00","0.00","0","0","0","0","0","0","0","0","2014-BASE_PROCUREMENT-2014-AIRFORCE_AIRCRAFT_VOL1-PROCUREMENT_MasterJustificationBook_Air_Force_PB_2014.zzz_unzipped-PROCUREMENT_MasterJustificationBook_Air_Force_PB_2014.xml","1081d29dcea112091b01ebd34b03ccf860c11b197b2d61df1dd61c17f3546d5e","0-90657f0aab888448c26b74d8cc4f83661886d540b45b12c8b29d294293375383","5-fc26af7cfba55792a346961ab2a712c9751cbb1b73f89916dc4c0be51a1c3724","root.record.ItemExhibitList.P5Item.CostElementCategoryList.Flyaway.NonRecurring.CostElementList.CostElement"
"General Atomics Poway","","CA","0.16","6.00","5.00","9","1","10","11","3","0","0","0","2014-BASE_PROCUREMENT-2014-AIRFORCE_AIRCRAFT_VOL1-PROCUREMENT_MasterJustificationBook_Air_Force_PB_2014.zzz_unzipped-PROCUREMENT_MasterJustificationBook_Air_Force_PB_2014.xml","1081d29dcea112091b01ebd34b03ccf860c11b197b2d61df1dd61c17f3546d5e","0-fc38a446dc7cb4f0aa1b4b391504ef780505ea9ad286ba13ea1cf97d45c30d26","6-a378fc40e63a4906370a31642045bd1c5c67ef020a17b585f3de16b803637498","root.record.ItemExhibitList.P5Item.CostElementCategoryList.Flyaway.NonRecurring.CostElementList.CostElement"
"L-3 Comm Salt Lake City","","UT/CA","0.08","1.00","0.08","1","0","0","0","9","0","0","0","2014-BASE_PROCUREMENT-2014-AIRFORCE_AIRCRAFT_VOL1-PROCUREMENT_MasterJustificationBook_Air_Force_PB_2014.zzz_unzipped-PROCUREMENT_MasterJustificationBook_Air_Force_PB_2014.xml","1081d29dcea112091b01ebd34b03ccf860c11b197b2d61df1dd61c17f3546d5e","0-f6bef5c1836a1a1b2538fa69ad473da73ec095d4409740ceb37cc80a8496c9ed","7-c33ac30e13d4742cb1d5298056656e83c638d1d4cf3b62773405c744a4752815","root.record.ItemExhibitList.P5Item.CostElementCategoryList.Flyaway.NonRecurring.CostElementList.CostElement"
"Raytheon Missile Systems","","Tucson, AZ","0.00","0.00","0.00","0","0","0","0","0","5","20","25","2014-BASE_PROCUREMENT-2014-AIRFORCE_MISSILE-PROCUREMENT_JustificationBook_Air_Force_PB_2014.zzz_unzipped-PROCUREMENT_JustificationBook_Air_Force_PB_2014.xml","4f4737b327e599c50bd8b5e43131c73100785cb29979237a4bc48b2a91a01b39","0-7fd5f7f2b4154e132fe625c4cddcc2c5b3d1605e89c79ef088c5217db228349f","4-045baf9b18f51b9639968e6e503e5454009c718b5721b0ff36eb6f538cbfa5ab","root.record.ItemExhibitList.P5Item.CostElementCategoryList.Flyaway.NonRecurring.CostElementList.CostElement"
"Raytheon Missile Systems","","Tucson, AZ","0.00","0.00","0.00","0","0","0","0","0","5","20","25","2014-BASE_PROCUREMENT-2014-AIRFORCE_MISSILE-PROCUREMENT_MasterJustificationBook_Air_Force_PB_2014.zzz_unzipped-PROCUREMENT_MasterJustificationBook_Air_Force_PB_2014.xml","a753a19215d75ef90c3a194a6a572c3178c5490c79934920f930a86cad1726b1","0-dba5c95c9cb7bee3c35cdaf3513e5433d872123c29e6df167af276f054d6a5c5","4-96ace2bf6b4cae96d423593834fd51a657788b3e2dbd5873cc8d17dc4f10b9c6","root.record.ItemExhibitList.P5Item.CostElementCategoryList.Flyaway.NonRecurring.CostElementList.CostElement"
"TBD","","TBD","12","833","600","0","10","6","16","0","10","6","16","2014-BASE_PROCUREMENT-2014-ARMY_OTHER_2-PROCUREMENT_JustificationBook_Army_PB_2014.zzz_unzipped-PROCUREMENT_JustificationBook_Army_PB_2014.xml","df1174508e31db49beb81909a5fa56b00bc8afeaf03b853d4fdb48fd86725c49","0-4d8300a8b471d6f78eec1961e713c9b99155d2fa2b4b8c5b4d699c21dad676da","1-75b42609e81a112f3b92378e24513b75adf70e5bf1c175e4901bdeabac0a34e3","root.record.ItemExhibitList.P5Item.CostElementCategoryList.Flyaway.NonRecurring.CostElementList.CostElement"
"TBD","","TBD","12","833","600","0","10","6","16","0","10","6","16","2014-BASE_PROCUREMENT-2014-ARMY_OTHER_2-PROCUREMENT_JustificationBook_Army_PB_2014.zzz_unzipped-PROCUREMENT_JustificationBook_Army_PB_2014.xml","df1174508e31db49beb81909a5fa56b00bc8afeaf03b853d4fdb48fd86725c49","0-dc3d646f714d9b6e48a4d400ff12dd8b92288c24da7244163c950b390c54ac80","2-f47d15f7a17bc36c3c71da17b968cc3bfbb0ae81bf42b3cbbc992e31f03daae4","root.record.ItemExhibitList.P5Item.CostElementCategoryList.Flyaway.NonRecurring.CostElementList.CostElement"
"Raytheon Missile System"," This item pertains to Containers","Tucson, AZ","300","800","600","0","9","25","34","0","5","19","24","2014-BASE_PROCUREMENT-2014-NAVY_WEAPONS-PROCUREMENT_JustificationBook_Navy_PB_2014.zzz_unzipped-PROCUREMENT_JustificationBook_Navy_PB_2014.xml","14ddc52b335fbb40e1b4d53c671ed3dd8ed450cb174d5c57c5c97e35a2a8c182","0-52e5ca8077b04414e6dca25664c7e0f5848fa161fbc868c37c750f2d04664747","1-cb2d5a59eabdbf083ef1298e884bb5413a82c3348d9f1d65e4a0c249fd9aaa1f","root.record.ItemExhibitList.P5Item.CostElementCategoryList.Flyaway.NonRecurring.CostElementList.CostElement"
"Raytheon Missile System"," This item pertains to Containers","Tucson, AZ","300","800","600","0","9","25","34","0","5","19","24","2014-BASE_PROCUREMENT-2014-NAVY_WEAPONS-PROCUREMENT_MasterJustificationBook_Navy_PB_2014.zzz_unzipped-PROCUREMENT_MasterJustificationBook_Navy_PB_2014.xml","5a556e36acba728d692fe216a0535a16f2c06166231ac7b8a85738063433b2be","0-eeac2d2c786bd6141ff1969f64b79011ffb9f526df6f581b56fae9436f2ec0c0","1-ed87658a5fdd67ca0223516c71c846ae90cf25fd23f0cb2063d62cb0bfd3a79c","root.record.ItemExhibitList.P5Item.CostElementCategoryList.Flyaway.NonRecurring.CostElementList.CostElement"
"General Atomics Poway","","CA","24.00","60.00","48.00","9","0","0","0","12","8","23","31","2015-BASE_PROCUREMENT-2015-AIRFORCE_AIRCRAFT_VOL1-PROCUREMENT_JustificationBook_Air_Force_PB_2015.zzz_unzipped-PROCUREMENT_JustificationBook_Air_Force_PB_2015.xml","2cd614d1418489ab3d0814dc0a2501ca519ce6c4a6258e09a315c10505d57b13","0-fe2a396e8dfaba368005c0adc24e4da13d24b47632cddfb792cb91551bede323","0-9d3471ef83b896c4bb33b96e173cf460d6402564d1a30f0420cae460d64d090e","root.record.ItemExhibitList.P5Item.CostElementCategoryList.Flyaway.NonRecurring.CostElementList.CostElement"
"General Atomics Poway","","CA","1.50","18.00","4.00","9","1","19","20","9","0","0","0","2015-BASE_PROCUREMENT-2015-AIRFORCE_AIRCRAFT_VOL1-PROCUREMENT_JustificationBook_Air_Force_PB_2015.zzz_unzipped-PROCUREMENT_JustificationBook_Air_Force_PB_2015.xml","2cd614d1418489ab3d0814dc0a2501ca519ce6c4a6258e09a315c10505d57b13","0-e9097a31261398832d3a35bb8abb3cb3e0609841d10f3712da1a67c13cf04b46","2-9866bf849797db1eb729fbc133aae8b4640abd8232dac01c972d97998f0b713c","root.record.ItemExhibitList.P5Item.CostElementCategoryList.Flyaway.NonRecurring.CostElementList.CostElement"
"General Atomics Poway","","CA","1.50","24.00","1.50","5","1","19","20","5","0","0","0","2015-BASE_PROCUREMENT-2015-AIRFORCE_AIRCRAFT_VOL1-PROCUREMENT_JustificationBook_Air_Force_PB_2015.zzz_unzipped-PROCUREMENT_JustificationBook_Air_Force_PB_2015.xml","2cd614d1418489ab3d0814dc0a2501ca519ce6c4a6258e09a315c10505d57b13","0-d603b262bc1a12afc715e777e41098473280e423dd36203785d3f1c3233902f3","3-ba64345cf446f2ae0de6413bf06d0151f4855c27154a8c6d25fe54d8cd520a72","root.record.ItemExhibitList.P5Item.CostElementCategoryList.Flyaway.NonRecurring.CostElementList.CostElement"
"General Atomics Poway","","CA","0.00","0.00","0.00","0","0","0","0","0","0","0","0","2015-BASE_PROCUREMENT-2015-AIRFORCE_AIRCRAFT_VOL1-PROCUREMENT_JustificationBook_Air_Force_PB_2015.zzz_unzipped-PROCUREMENT_JustificationBook_Air_Force_PB_2015.xml","2cd614d1418489ab3d0814dc0a2501ca519ce6c4a6258e09a315c10505d57b13","0-a660591be204169671eb9d73d8ce043d81df59bb325a7074d03436d78911e662","4-c7d9f3a454a9bacf2c2e93005e96091b06c5044601b983fe1c3530e0b3f2464f","root.record.ItemExhibitList.P5Item.CostElementCategoryList.Flyaway.NonRecurring.CostElementList.CostElement"
"General Atomics Poway","","CA","4.00","72.00","60.00","9","7","15","22","3","0","0","0","2015-BASE_PROCUREMENT-2015-AIRFORCE_AIRCRAFT_VOL1-PROCUREMENT_JustificationBook_Air_Force_PB_2015.zzz_unzipped-PROCUREMENT_JustificationBook_Air_Force_PB_2015.xml","2cd614d1418489ab3d0814dc0a2501ca519ce6c4a6258e09a315c10505d57b13","0-714bc985c0382f4cf466f372732363677087329486d7244115ccf097a58f698c","5-65bc24d137a6ffc37820b669a43820f142078b7ae0089facd29e26021314a903","root.record.ItemExhibitList.P5Item.CostElementCategoryList.Flyaway.NonRecurring.CostElementList.CostElement"
"L-3 Comm Salt Lake City","","UT/CA","6.00","24.00","6.00","1","9","19","28","9","0","0","0","2015-BASE_PROCUREMENT-2015-AIRFORCE_AIRCRAFT_VOL1-PROCUREMENT_JustificationBook_Air_Force_PB_2015.zzz_unzipped-PROCUREMENT_JustificationBook_Air_Force_PB_2015.xml","2cd614d1418489ab3d0814dc0a2501ca519ce6c4a6258e09a315c10505d57b13","0-e342d0c25b26221cc25917e89ae0a81705a37a99fdd7201236ce903fe7abd4e9","6-718ce66bbe12460867920ccaf0e7b83c0e97da3b5407d96ec98ce4703a8f77e3","root.record.ItemExhibitList.P5Item.CostElementCategoryList.Flyaway.NonRecurring.CostElementList.CostElement"
"General Atomics Poway","","CA","24.00","60.00","48.00","9","0","0","0","12","8","23","31","2015-BASE_PROCUREMENT-2015-AIRFORCE_AIRCRAFT_VOL2-PROCUREMENT_MasterJustificationBook_Air_Force_PB_2015.zzz_unzipped-PROCUREMENT_MasterJustificationBook_Air_Force_PB_2015.xml","adb5e510abf2114f09fbcae25f2df9157bffdf6d57f264f0c282c73115f52611","0-4f00fb5b39668a386ff3689eeef104af3d37b1c42077352bb994fd6199a78e5c","0-06bade30b79929c90721954d1ee9dd204c151466c4af2b70a768eb845963acaa","root.record.ItemExhibitList.P5Item.CostElementCategoryList.Flyaway.NonRecurring.CostElementList.CostElement"
"General Atomics Poway","","CA","1.50","18.00","4.00","9","1","19","20","9","0","0","0","2015-BASE_PROCUREMENT-2015-AIRFORCE_AIRCRAFT_VOL2-PROCUREMENT_MasterJustificationBook_Air_Force_PB_2015.zzz_unzipped-PROCUREMENT_MasterJustificationBook_Air_Force_PB_2015.xml","adb5e510abf2114f09fbcae25f2df9157bffdf6d57f264f0c282c73115f52611","0-86451c0d4b00607351ca43329e3cd31bfdef3915637c1cf3200d6d2fd66afd55","2-580bb6f5c195439f00c81fc12c457ae67368ef6660264be3a3eddea7814183ec","root.record.ItemExhibitList.P5Item.CostElementCategoryList.Flyaway.NonRecurring.CostElementList.CostElement"
"General Atomics Poway","","CA","1.50","24.00","1.50","5","1","19","20","5","0","0","0","2015-BASE_PROCUREMENT-2015-AIRFORCE_AIRCRAFT_VOL2-PROCUREMENT_MasterJustificationBook_Air_Force_PB_2015.zzz_unzipped-PROCUREMENT_MasterJustificationBook_Air_Force_PB_2015.xml","adb5e510abf2114f09fbcae25f2df9157bffdf6d57f264f0c282c73115f52611","0-27e6991001d8e4f2bd018c60384c666e5f5033900bd17e938a2a958b23c052dc","3-7718fea60a3f423c2dad05ca8f87c802d6bbfefbc07b647e8ba4dff30b7db2c1","root.record.ItemExhibitList.P5Item.CostElementCategoryList.Flyaway.NonRecurring.CostElementList.CostElement"
"General Atomics Poway","","CA","0.00","0.00","0.00","0","0","0","0","0","0","0","0","2015-BASE_PROCUREMENT-2015-AIRFORCE_AIRCRAFT_VOL2-PROCUREMENT_MasterJustificationBook_Air_Force_PB_2015.zzz_unzipped-PROCUREMENT_MasterJustificationBook_Air_Force_PB_2015.xml","adb5e510abf2114f09fbcae25f2df9157bffdf6d57f264f0c282c73115f52611","0-d0c3281b8e3e1775f1c06bf70d307c75b00acfa84b205140f9d29624e4f0e435","4-609ac7914ef14ab22b8eb6d534a31db2b045b631d6257e8eb771877252678691","root.record.ItemExhibitList.P5Item.CostElementCategoryList.Flyaway.NonRecurring.CostElementList.CostElement"
"General Atomics Poway","","CA","4.00","72.00","60.00","9","7","15","22","3","0","0","0","2015-BASE_PROCUREMENT-2015-AIRFORCE_AIRCRAFT_VOL2-PROCUREMENT_MasterJustificationBook_Air_Force_PB_2015.zzz_unzipped-PROCUREMENT_MasterJustificationBook_Air_Force_PB_2015.xml","adb5e510abf2114f09fbcae25f2df9157bffdf6d57f264f0c282c73115f52611","0-12577a161a3566f56807f31e3d9090acf0f901368b4492e0fc3e9cd53e58c054","5-50518982b0c2557b4f6654602997597758233afefdcf32f92a1acbb17d0884c2","root.record.ItemExhibitList.P5Item.CostElementCategoryList.Flyaway.NonRecurring.CostElementList.CostElement"
"L-3 Comm Salt Lake City","","UT/CA","6.00","24.00","6.00","1","9","19","28","9","0","0","0","2015-BASE_PROCUREMENT-2015-AIRFORCE_AIRCRAFT_VOL2-PROCUREMENT_MasterJustificationBook_Air_Force_PB_2015.zzz_unzipped-PROCUREMENT_MasterJustificationBook_Air_Force_PB_2015.xml","adb5e510abf2114f09fbcae25f2df9157bffdf6d57f264f0c282c73115f52611","0-20089c9f13ea6eddba9fe2702b79c2da19697b216b974bc16d88f1b3d5ad0ca9","6-c9bf39998a8b55998fbd0dcbb85660870a8770da97811b8bdfc242bbf720536d","root.record.ItemExhibitList.P5Item.CostElementCategoryList.Flyaway.NonRecurring.CostElementList.CostElement"
"Raytheon Missile Systems","","Tucson, AZ","75.00","200.00","150.00","0","0","0","0","0","5","20","25","2015-BASE_PROCUREMENT-2015-AIRFORCE_MISSILE-PROCUREMENT_JustificationBook_Air_Force_PB_2015.zzz_unzipped-PROCUREMENT_JustificationBook_Air_Force_PB_2015.xml","32e25787acaf34a2798bfe36e0055afab6906b8c6c13bdaf1bd4228a84174195","0-02a4699106630650d79a1595226512eeadb8d91f15520d1b22bdecc36a8c5a13","1-79b76503f43349e403d606f36c2eb9f00c5024ab03b78294345edfd478eaa233","root.record.ItemExhibitList.P5Item.CostElementCategoryList.Flyaway.NonRecurring.CostElementList.CostElement"
"Raytheon Missile Systems","","Tucson, AZ","75.00","200.00","150.00","0","0","0","0","0","5","20","25","2015-BASE_PROCUREMENT-2015-AIRFORCE_MISSILE-PROCUREMENT_MasterJustificationBook_Air_Force_PB_2015.zzz_unzipped-PROCUREMENT_MasterJustificationBook_Air_Force_PB_2015.xml","19f5e55ad1bba5d99c1918715eec03055f7192c6d07351f56f32cfd766930384","0-d935337bc77ea191e1e500afa8237e552418b9ae19494ad3b84496b119ddc4f1","1-021e8a8081ad3404b0c36cca7174174e4a893d7ea7cb8de30e1ef984cb399e47","root.record.ItemExhibitList.P5Item.CostElementCategoryList.Flyaway.NonRecurring.CostElementList.CostElement"
"General Atomics Poway","","CA","24.00","60.00","48.00","9","0","0","0","12","8","23","31","2015-AMENDED_PROCUREMENT_AND_RDTE-2015-AIRFORCE_AMMO-PROCUREMENT_JustificationBook_Air_Force_PBAmended_2015.zzz_unzipped-PROCUREMENT_JustificationBook_Air_Force_PBAmended_2015.xml","4f5e25a96a9631e83d39707e6291ba7487d88395b62465e7328a257a5c7da0a8","0-d1648f689c85bbde2110869f3d6095b8e1bae07d241d8af5a82758500e18c101","0-0b868cc9ecec686f8ecb02edd167260dfe44863a8bb322c1c40bf6012fe213a6","root.record.ItemExhibitList.P5Item.CostElementCategoryList.Flyaway.NonRecurring.CostElementList.CostElement"
"General Atomics Poway","","CA","1.50","18.00","4.00","9","1","19","20","9","0","0","0","2015-AMENDED_PROCUREMENT_AND_RDTE-2015-AIRFORCE_AMMO-PROCUREMENT_JustificationBook_Air_Force_PBAmended_2015.zzz_unzipped-PROCUREMENT_JustificationBook_Air_Force_PBAmended_2015.xml","4f5e25a96a9631e83d39707e6291ba7487d88395b62465e7328a257a5c7da0a8","0-e87da2dc51dd8fd1546064a536f8a3d4a0bf79f2d34def42e3f920b107884be9","2-49373f4ef0f8a05a727b08fa7d588eb9b0f275c820cc03fab615b6d1df0dff51","root.record.ItemExhibitList.P5Item.CostElementCategoryList.Flyaway.NonRecurring.CostElementList.CostElement"
"General Atomics Poway","","CA","1.50","24.00","1.50","5","1","19","20","5","0","0","0","2015-AMENDED_PROCUREMENT_AND_RDTE-2015-AIRFORCE_AMMO-PROCUREMENT_JustificationBook_Air_Force_PBAmended_2015.zzz_unzipped-PROCUREMENT_JustificationBook_Air_Force_PBAmended_2015.xml","4f5e25a96a9631e83d39707e6291ba7487d88395b62465e7328a257a5c7da0a8","0-6f18c2d4bbcea38575781624ccb997102fc0bc8c4701dd7188c152cf8731cac3","3-df1489210974dc5811658cce45616af1e17e2ce9bf09d91d0e700dc45c354aac","root.record.ItemExhibitList.P5Item.CostElementCategoryList.Flyaway.NonRecurring.CostElementList.CostElement"
"General Atomics Poway","","CA","0.00","0.00","0.00","0","0","0","0","0","0","0","0","2015-AMENDED_PROCUREMENT_AND_RDTE-2015-AIRFORCE_AMMO-PROCUREMENT_JustificationBook_Air_Force_PBAmended_2015.zzz_unzipped-PROCUREMENT_JustificationBook_Air_Force_PBAmended_2015.xml","4f5e25a96a9631e83d39707e6291ba7487d88395b62465e7328a257a5c7da0a8","0-582cd848136c89c5d83837a8e8dd46fb64e8c8ab8c1e709186cc0fb8c88e3643","4-2d7a320447492df00dab03dd26953e70c10867145631fb454dee56f5cf3dd235","root.record.ItemExhibitList.P5Item.CostElementCategoryList.Flyaway.NonRecurring.CostElementList.CostElement"
"General Atomics Poway","","CA","4.00","72.00","60.00","9","7","15","22","3","0","0","0","2015-AMENDED_PROCUREMENT_AND_RDTE-2015-AIRFORCE_AMMO-PROCUREMENT_JustificationBook_Air_Force_PBAmended_2015.zzz_unzipped-PROCUREMENT_JustificationBook_Air_Force_PBAmended_2015.xml","4f5e25a96a9631e83d39707e6291ba7487d88395b62465e7328a257a5c7da0a8","0-f24841c47a9ea0de4e379528965d97013d7ac0620dce6755550e53a4356804b5","5-549bb860367dd2fada34825fe293ebd8551feb466134b7a34491314c43ad825c","root.record.ItemExhibitList.P5Item.CostElementCategoryList.Flyaway.NonRecurring.CostElementList.CostElement"
"L-3 Comm Salt Lake City","","UT/CA","6.00","24.00","6.00","1","9","19","28","9","0","0","0","2015-AMENDED_PROCUREMENT_AND_RDTE-2015-AIRFORCE_AMMO-PROCUREMENT_JustificationBook_Air_Force_PBAmended_2015.zzz_unzipped-PROCUREMENT_JustificationBook_Air_Force_PBAmended_2015.xml","4f5e25a96a9631e83d39707e6291ba7487d88395b62465e7328a257a5c7da0a8","0-8a03ed26edb5a9365fb8627a939ee899dd8c901f725b5d432d56401de3802e11","6-f226cc6ee23d08f21e57d0a039f1fdc2644ea1eb8047789f71031ba97d704c5d","root.record.ItemExhibitList.P5Item.CostElementCategoryList.Flyaway.NonRecurring.CostElementList.CostElement"
"General Atomics Poway","","CA","24.00","60.00","48.00","9","0","0","0","12","8","23","31","2015-AMENDED_PROCUREMENT_AND_RDTE-2015-AIRFORCE_AMMO-PROCUREMENT_MasterJustificationBook_Air_Force_PBAmended_2015.zzz_unzipped-PROCUREMENT_MasterJustificationBook_Air_Force_PBAmended_2015.xml","c88599ce833a90514c212bd46c587f6ee36c1f3c67a0d8bbeae16830465cb8f5","0-677fe9825091ecbcb2670d25f2ed196ffb9d479822f91abab789c7970804000d","0-8ecaae8f56bc88bd9a22b4883b1b3dfd6b84c1907b4cfdaba07d75c4d41b1cc6","root.record.ItemExhibitList.P5Item.CostElementCategoryList.Flyaway.NonRecurring.CostElementList.CostElement"
"General Atomics Poway","","CA","1.50","18.00","4.00","9","1","19","20","9","0","0","0","2015-AMENDED_PROCUREMENT_AND_RDTE-2015-AIRFORCE_AMMO-PROCUREMENT_MasterJustificationBook_Air_Force_PBAmended_2015.zzz_unzipped-PROCUREMENT_MasterJustificationBook_Air_Force_PBAmended_2015.xml","c88599ce833a90514c212bd46c587f6ee36c1f3c67a0d8bbeae16830465cb8f5","0-b7a642231a6deff4669b22d733bc3b0692eb430719859b2f8928c6a6c9b5333e","2-2843a6bb482e4761a5b51f2bf7f6ef4b3ab045588a84bcdbcbd0934ad0e1e2ef","root.record.ItemExhibitList.P5Item.CostElementCategoryList.Flyaway.NonRecurring.CostElementList.CostElement"
"General Atomics Poway","","CA","1.50","24.00","1.50","5","1","19","20","5","0","0","0","2015-AMENDED_PROCUREMENT_AND_RDTE-2015-AIRFORCE_AMMO-PROCUREMENT_MasterJustificationBook_Air_Force_PBAmended_2015.zzz_unzipped-PROCUREMENT_MasterJustificationBook_Air_Force_PBAmended_2015.xml","c88599ce833a90514c212bd46c587f6ee36c1f3c67a0d8bbeae16830465cb8f5","0-b2b8e16863febd376033d73ba41c69e5eb9331e18f5730c5bc316587c1c5b1b0","3-1f5b3f437fd661694ef45ab0bb4a33c6d16d2bbf618a73b6c45234ddfd5ff447","root.record.ItemExhibitList.P5Item.CostElementCategoryList.Flyaway.NonRecurring.CostElementList.CostElement"
"General Atomics Poway","","CA","0.00","0.00","0.00","0","0","0","0","0","0","0","0","2015-AMENDED_PROCUREMENT_AND_RDTE-2015-AIRFORCE_AMMO-PROCUREMENT_MasterJustificationBook_Air_Force_PBAmended_2015.zzz_unzipped-PROCUREMENT_MasterJustificationBook_Air_Force_PBAmended_2015.xml","c88599ce833a90514c212bd46c587f6ee36c1f3c67a0d8bbeae16830465cb8f5","0-e073d9a1d998f7ebdb48c6683d2678ba4831041ee10366d755359eae8e890f87","4-78095cd57484f8b6a95bc4712c7f221d2d5435c9cb492ed232cbd96bac40f354","root.record.ItemExhibitList.P5Item.CostElementCategoryList.Flyaway.NonRecurring.CostElementList.CostElement"
"General Atomics Poway","","CA","4.00","72.00","60.00","9","7","15","22","3","0","0","0","2015-AMENDED_PROCUREMENT_AND_RDTE-2015-AIRFORCE_AMMO-PROCUREMENT_MasterJustificationBook_Air_Force_PBAmended_2015.zzz_unzipped-PROCUREMENT_MasterJustificationBook_Air_Force_PBAmended_2015.xml","c88599ce833a90514c212bd46c587f6ee36c1f3c67a0d8bbeae16830465cb8f5","0-b54187313b0db60fbc0f6d89eb320bae3c76366f436e32aad7715f2dfc092724","5-867f0f0ea74828d207de9ee0cd39d2c7311326000604d022699c061fa1aa8f97","root.record.ItemExhibitList.P5Item.CostElementCategoryList.Flyaway.NonRecurring.CostElementList.CostElement"
"L-3 Comm Salt Lake City","","UT/CA","6.00","24.00","6.00","1","9","19","28","9","0","0","0","2015-AMENDED_PROCUREMENT_AND_RDTE-2015-AIRFORCE_AMMO-PROCUREMENT_MasterJustificationBook_Air_Force_PBAmended_2015.zzz_unzipped-PROCUREMENT_MasterJustificationBook_Air_Force_PBAmended_2015.xml","c88599ce833a90514c212bd46c587f6ee36c1f3c67a0d8bbeae16830465cb8f5","0-3742d71072fdfa2c27f568708f43ae833c4202df127347de0058aaacc76d7a11","6-ddb856f5a5d62613517a6052bd1b62eb27daf248e1666f51d7a0af9f2188175a","root.record.ItemExhibitList.P5Item.CostElementCategoryList.Flyaway.NonRecurring.CostElementList.CostElement"
"General Dynamics C4 Systems","","Scottsdale, AZ","12","833","600","0","10","6","16","0","10","6","16","2015-BASE_PROCUREMENT-2015-ARMY_OTHER_2-PROCUREMENT_JustificationBook_Army_PB_2015.zzz_unzipped-PROCUREMENT_JustificationBook_Army_PB_2015.xml","6f461aa1cfb0c25e95289e812d6207e88a933c52a5097fedaea33216851f407c","0-5183cc27a42bb7fb814999de36929f6b568076f6e309ec4abb5bff321f137592","1-705b8485dbabda11618214b55af5ea0eaf7f662a64b2fe22a83145aca547a183","root.record.ItemExhibitList.P5Item.CostElementCategoryList.Flyaway.NonRecurring.CostElementList.CostElement"
"TBD","","TBD","12","833","600","0","10","6","16","0","10","6","16","2015-BASE_PROCUREMENT-2015-ARMY_OTHER_2-PROCUREMENT_JustificationBook_Army_PB_2015.zzz_unzipped-PROCUREMENT_JustificationBook_Army_PB_2015.xml","6f461aa1cfb0c25e95289e812d6207e88a933c52a5097fedaea33216851f407c","1-059bbde11292825582d3a9fefb82a4754f1c41deb7268f7e3463ea57bc0ffcbc","1-705b8485dbabda11618214b55af5ea0eaf7f662a64b2fe22a83145aca547a183","root.record.ItemExhibitList.P5Item.CostElementCategoryList.Flyaway.NonRecurring.CostElementList.CostElement"
"Air Methods Corp","","Denver, Colorado","10","15","12","0","0","10","10","0","0","4","4","2016-BASE_PROCUREMENT-2016-ARMY_OTHER_3-4-PROCUREMENT_JustificationBook_Army_PB_2016.zzz_unzipped-PROCUREMENT_JustificationBook_Army_PB_2016.xml","ef3b69f10ebff91f8bf751d300d4cf4d4e13e478b1d1e22d699d9665d71425b1","0-6db5b7f092bdd3fed76d9517f75990b04d82cabdc1d81962deae7bbbe0896bb3","0-b6418b4d56d767ebfd5d491f50ff675d86644368bf62b9f5353fad2c49876342","root.record.ItemExhibitList.P5Item.CostElementCategoryList.Flyaway.NonRecurring.CostElementList.CostElement"
"TBD","","TBD","1","240","60","0","0","0","0","0","0","0","0","2016-BASE_PROCUREMENT-2016-ARMY_OTHER_2-PROCUREMENT_JustificationBook_Army_PB_2016.zzz_unzipped-PROCUREMENT_JustificationBook_Army_PB_2016.xml","9cc6fde9617f3ff9b3519048047375840475633220023ba0edfe1959d43eb8ca","0-50d48a782093f2ebeafc3312dcd1b6f67ff8d5900e099c9e882624df5fceb6cf","1-171efc12a8d39879ab24eb925dc825d1367bcf7b913d7f9ca5cf6ae1c141cce1","root.record.ItemExhibitList.P5Item.CostElementCategoryList.Flyaway.NonRecurring.CostElementList.CostElement"
"ARDEC","Production times are estimates based on market research.","Picatanny Arsenal, NJ","0","100","100","2","2","10","12","2","2","10","12","2016-BASE_PROCUREMENT-2016-NAVY_MARINECORPS-PROCUREMENT_JustificationBook_Navy_PB_2016.zzz_unzipped-PROCUREMENT_JustificationBook_Navy_PB_2016.xml","4c86f751daefee1c87fc0b881d96515fc6defe8c6faf6fa4093bbe7c79f13a0b","0-ab1cf97bf6a97954b73c17b3a72ba258422a5483c4d747aa32fa538a88f8dc4f","0-aedd9a3d25497ab9c7e9fd799f92ca66cf59b84b3557b62500146d342bcff1ec","root.record.ItemExhibitList.P5Item.CostElementCategoryList.Flyaway.NonRecurring.CostElementList.CostElement"
"ARDEC","Production times are estimates based on market research.","Picatanny Arsenal, NJ","0","100","100","2","2","10","12","2","2","10","12","2016-BASE_PROCUREMENT-2016-NAVY_MARINECORPS-PROCUREMENT_MasterJustificationBook_Navy_PB_2016.zzz_unzipped-PROCUREMENT_MasterJustificationBook_Navy_PB_2016.xml","66c9af6dded5cf45048b9d8c42eba310c7b7dd21d1dbc40eb6a526118589443c","0-9b1109a5da85d7f03a2ce323693978e25dde469142f20dcc70f3a3ebf765ef30","0-f5f33efba366fc7f4527d4ebe249b7b047b217b7780ff00bd894c6c1d83f8fc8","root.record.ItemExhibitList.P5Item.CostElementCategoryList.Flyaway.NonRecurring.CostElementList.CostElement"
"Raytheon Missile System","","Tucson, AZ","300","800","600","0","9","25","34","0","5","19","24","2016-BASE_PROCUREMENT-2016-NAVY_WEAPONS-PROCUREMENT_JustificationBook_Navy_PB_2016.zzz_unzipped-PROCUREMENT_JustificationBook_Navy_PB_2016.xml","ad91d99463c07ddfe477033b4747e0917df6f11717b09f7e62766a64f427fffe","0-0cf3683b8790608ca15dc530fbf529e65e0deeb0c0b3ffea79bc73444c5b2795","1-58e6fd101bbd587a6a04c8909754a64c220659a9d005c4944fb57d0d404c3b6e","root.record.ItemExhibitList.P5Item.CostElementCategoryList.Flyaway.NonRecurring.CostElementList.CostElement"
"Raytheon Missile System","","Tucson, AZ","300","800","600","0","9","25","34","0","5","19","24","2016-BASE_PROCUREMENT-2016-NAVY_WEAPONS-PROCUREMENT_MasterJustificationBook_Navy_PB_2016.zzz_unzipped-PROCUREMENT_MasterJustificationBook_Navy_PB_2016.xml","6517f9a798d3b51b90eb4335f00b314d287e62a67a279c43e92bb627a77a3d95","0-202eecf6e04aa7d82958b0cfcdb7c62a95461de52dd4c7688f50792752448bf6","1-f0e3fa9f49d8f3248e36d272b34d1b6c0c5ede241929a2f093aed4034cd5a0f0","root.record.ItemExhibitList.P5Item.CostElementCategoryList.Flyaway.NonRecurring.CostElementList.CostElement"
"SSC LANT","","Charleston, SC","","","","","","","","","","","","2016-BASE_PROCUREMENT-2016-NAVY_OTHER_BA2-PROCUREMENT_JustificationBook_Navy_PB_2016.zzz_unzipped-PROCUREMENT_JustificationBook_Navy_PB_2016.xml","1181a0d97d78738d79a90c311e5848b96cb4b151f082b5c3877d824c37b34c55","0-478b5bea68dcfddf9d6e2c46afce168dfebeef8de21f70eaa843ed20c29901aa","0-615e5c4931baa20e40af679031cd60accd5bf0338af1adee9eae4f6e509c0d9e","root.record.ItemExhibitList.P5Item.CostElementCategoryList.Flyaway.NonRecurring.CostElementList.CostElement"
"SSC LANT","","Charleston, SC","1.00","10.00","5.00","0","7","4","11","0","0","0","0","2016-BASE_PROCUREMENT-2016-NAVY_OTHER_BA2-PROCUREMENT_JustificationBook_Navy_PB_2016.zzz_unzipped-PROCUREMENT_JustificationBook_Navy_PB_2016.xml","e3a5c42ddd179fa99f4a16274ff50b1fdc8118dc1fdb818695be7678fc9ccb34","0-b47a10f4d7c10dd4d24e710fae33120e83c7afd664723475876d65285868320a","1-75fd64044f17ef507702dbe9dd582015cf3f6c1122dde710a9e324bffbb63012","root.record.ItemExhibitList.P5Item.CostElementCategoryList.Flyaway.NonRecurring.CostElementList.CostElement"
"Argon ST","","Arlington, VA","1.00","9.00","7.00","0","8","18","26","0","0","0","0","2016-BASE_PROCUREMENT-2016-NAVY_OTHER_BA2-PROCUREMENT_JustificationBook_Navy_PB_2016.zzz_unzipped-PROCUREMENT_JustificationBook_Navy_PB_2016.xml","e3a5c42ddd179fa99f4a16274ff50b1fdc8118dc1fdb818695be7678fc9ccb34","0-28e25a5affe20d0a17edc1b23fa7bb9cca8e6b6a80a3dd61477b4fd8bdc4d717","0-d01ffae3832c67c6f9883ddd605c0a6cfe1e3c16333d1a9f5c4cc8bc5315d534","root.record.ItemExhibitList.P5Item.CostElementCategoryList.Flyaway.NonRecurring.CostElementList.CostElement"
"SSC LANT","","Charleston, SC","","","","","","","","","","","","2016-BASE_PROCUREMENT-2016-NAVY_OTHER_BA5-8-PROCUREMENT_MasterJustificationBook_Navy_PB_2016.zzz_unzipped-PROCUREMENT_MasterJustificationBook_Navy_PB_2016.xml","841da19ad0161c2458a895954b9b94b9700540e1e59b4cf99ec6fa117bf2d896","0-7f5ec80ff4fcb6801381fe1fde3ae9f54bc2032539ce79a75ad1247995f57722","0-9fbb561ffdf6284edf529561685eee7cb76b7a5fc79233ef85f5ca943e472a92","root.record.ItemExhibitList.P5Item.CostElementCategoryList.Flyaway.NonRecurring.CostElementList.CostElement"
"SSC LANT","","Charleston, SC","1.00","10.00","5.00","0","7","4","11","0","0","0","0","2016-BASE_PROCUREMENT-2016-NAVY_OTHER_BA5-8-PROCUREMENT_MasterJustificationBook_Navy_PB_2016.zzz_unzipped-PROCUREMENT_MasterJustificationBook_Navy_PB_2016.xml","d858062d379fd903fc742fa85beffdbcceec18b18cf732fedb5fc27bbed9dd7a","0-f2658fc714afa2ff40a20ff07123d3e74145fd964daed2f9caaf7c40feb05efe","1-76caa3e959f5e1ec796595f77d84004e88f7ea7101b8c3c27ae9589947fe6667","root.record.ItemExhibitList.P5Item.CostElementCategoryList.Flyaway.NonRecurring.CostElementList.CostElement"
"Argon ST","","Arlington, VA","1.00","9.00","7.00","0","8","18","26","0","0","0","0","2016-BASE_PROCUREMENT-2016-NAVY_OTHER_BA5-8-PROCUREMENT_MasterJustificationBook_Navy_PB_2016.zzz_unzipped-PROCUREMENT_MasterJustificationBook_Navy_PB_2016.xml","d858062d379fd903fc742fa85beffdbcceec18b18cf732fedb5fc27bbed9dd7a","0-bc2b9661a923387cc7a9bf4b8c44dfb9068f947158ab0510bc2c91f1d94bc400","0-5de0f727db947cc061f97d6f9084f40a31a617079271c91320613b1f812d6276","root.record.ItemExhibitList.P5Item.CostElementCategoryList.Flyaway.NonRecurring.CostElementList.CostElement"
"Veterans Corp","","Fairfax","1","875","775","1","4","4","8","1","4","3","7","2017-BASE_PROCUREMENT-2017-ARMY_OTHER_3-4-U_PROCUREMENT_JustificationBook_Army_PB_2017.zzz_unzipped-U_PROCUREMENT_JustificationBook_Army_PB_2017.xml","e7a9e9c04ff350db26a96666e5eb4e4c706f38ef970e5e2e9f59331ad1709b5e","0-e3979f12fc370e8e63648de04be0bdc2cc37d4be5b1c67b111e76a04087501a3","0-20d1a66283a358465d7fdf37e3a90bc5011fb58b494434325762f3c9cd1d4869","root.record.ItemExhibitList.P5Item.CostElementCategoryList.Flyaway.NonRecurring.CostElementList.CostElement"
"Veterans Corp","","Fairfax","1","875","775","1","4","4","8","1","4","3","7","2017-BASE_PROCUREMENT-2017-ARMY_OTHER_3-4-U_PROCUREMENT_JustificationBook_Army_PB_2017.zzz_unzipped-U_PROCUREMENT_JustificationBook_Army_PB_2017.xml","e7a9e9c04ff350db26a96666e5eb4e4c706f38ef970e5e2e9f59331ad1709b5e","0-1ac8dde742794f916a00437520aa0721f409b93b57b61715371c36c754acb4a4","1-8f98ebeaec6ccbec08fe81b6da1069f1dca245016caa7ad4b8d9bb901e08a554","root.record.ItemExhibitList.P5Item.CostElementCategoryList.Flyaway.NonRecurring.CostElementList.CostElement"
"Veterans Corp","","Fairfax","1","875","775","1","4","4","8","1","4","3","7","2017-BASE_PROCUREMENT-2017-ARMY_OTHER_3-4-U_PROCUREMENT_JustificationBook_Army_PB_2017.zzz_unzipped-U_PROCUREMENT_JustificationBook_Army_PB_2017.xml","e7a9e9c04ff350db26a96666e5eb4e4c706f38ef970e5e2e9f59331ad1709b5e","0-797c63d6563324c1c7df39eb017a69f1e1b72c2dd0df3a32bf05066d1ef2fea3","2-a0f1ac3d30133306f09e1632ef927814f64d617225fc64e08efeb189a2d87a0f","root.record.ItemExhibitList.P5Item.CostElementCategoryList.Flyaway.NonRecurring.CostElementList.CostElement"
"Veterans Corp","","Fairfax","1","875","775","1","4","4","8","1","4","3","7","2017-BASE_PROCUREMENT-2017-ARMY_OTHER_3-4-U_PROCUREMENT_JustificationBook_Army_PB_2017.zzz_unzipped-U_PROCUREMENT_JustificationBook_Army_PB_2017.xml","e7a9e9c04ff350db26a96666e5eb4e4c706f38ef970e5e2e9f59331ad1709b5e","0-d5cfae078218bc736462aa9b91c33fd2c0e673f0e65fcc57bf8c2df628b12482","3-3168600bf5cb5b343f6a8a921f2ba6ac677b42e613be6f01ee1565a4a061c25d","root.record.ItemExhibitList.P5Item.CostElementCategoryList.Flyaway.NonRecurring.CostElementList.CostElement"
"Cole Engineering Services","","Orlando","1","5","3","0","3","4","7","0","3","4","7","2017-BASE_PROCUREMENT-2017-ARMY_OTHER_3-4-U_PROCUREMENT_JustificationBook_Army_PB_2017.zzz_unzipped-U_PROCUREMENT_JustificationBook_Army_PB_2017.xml","99fdf12344ddbe14e1ebbcb6290f9a4143355b155574f258b5b758209b883288","0-710dd18c35b942c1a5981d6085daef52727d2c94aa6f68198fe5c4993d7dc97a","0-31af6aa79dd73afab112cb2ca11595f290a19f1f62abcbc83459426476e42ee1","root.record.ItemExhibitList.P5Item.CostElementCategoryList.Flyaway.NonRecurring.CostElementList.CostElement"
"TBD","","TBD","1","5","3","0","6","3","9","0","6","3","9","2017-BASE_PROCUREMENT-2017-ARMY_OTHER_3-4-U_PROCUREMENT_JustificationBook_Army_PB_2017.zzz_unzipped-U_PROCUREMENT_JustificationBook_Army_PB_2017.xml","99fdf12344ddbe14e1ebbcb6290f9a4143355b155574f258b5b758209b883288","1-143343b7837c828fc36f5c1cc4b56467efaba5800ee1440b6f159a3a9fb904f6","0-31af6aa79dd73afab112cb2ca11595f290a19f1f62abcbc83459426476e42ee1","root.record.ItemExhibitList.P5Item.CostElementCategoryList.Flyaway.NonRecurring.CostElementList.CostElement"
"Northrop Grunman","","Midlothian, VA","","","","0","0","0","0","0","0","0","0","2017-BASE_PROCUREMENT-2017-ARMY_OTHER_2-U_PROCUREMENT_JustificationBook_Army_PB_2017.zzz_unzipped-U_PROCUREMENT_JustificationBook_Army_PB_2017.xml","3c36487d9ab18ab3a6ddc36143223d8e98e24c2d39b68294e3a713fafe06020a","0-edb7b4747d3c183b6a3a5920a5a9425fe2ba80a42eb4300842bcc73c3cff1da9","0-6356bbbe8b4b23ce8ccfa8de764a963cb3d653c809bf0655e9c612e5ec7a10da","root.record.ItemExhibitList.P5Item.CostElementCategoryList.Flyaway.NonRecurring.CostElementList.CostElement"
"TBS","","TBS","","","","0","0","0","0","0","0","0","0","2017-BASE_PROCUREMENT-2017-ARMY_OTHER_2-U_PROCUREMENT_JustificationBook_Army_PB_2017.zzz_unzipped-U_PROCUREMENT_JustificationBook_Army_PB_2017.xml","4749a19225f22314c1a3af82dab22835b79b363ea2e08400776d9d7baf87145b","0-b350f68fd9a646f1263435b15ee05e9230388031b0e9c4f2afaeba4068787140","0-f3185a0d68bbd18f9dc1edca6fb4d1d842e6cd10e8988ae54dc75f1d014cba2f","root.record.ItemExhibitList.P5Item.CostElementCategoryList.Flyaway.NonRecurring.CostElementList.CostElement"
"GCSS Army Supply System","","Fort Leonard Wood","","","","0","0","0","0","0","0","0","0","2017-BASE_PROCUREMENT-2017-ARMY_OTHER_2-U_PROCUREMENT_JustificationBook_Army_PB_2017.zzz_unzipped-U_PROCUREMENT_JustificationBook_Army_PB_2017.xml","d60c3411c28e539d9b30b66c197502a6fcedd2c479c1a50bc084c55e7269efdf","0-e37ad1dc46190bc54505e94f6feeba85d4a5464e88927b2e7f5cf821d886c002","0-de37ae2ebcddbd001f64c79eec7d664aff7c4be5fc31db8f2f49caed4cc4da43","root.record.ItemExhibitList.P5Item.CostElementCategoryList.Flyaway.NonRecurring.CostElementList.CostElement"
"IMMIX Technology Inc","","McLean VA","","","","0","0","0","0","0","0","0","0","2017-BASE_PROCUREMENT-2017-ARMY_OTHER_2-U_PROCUREMENT_JustificationBook_Army_PB_2017.zzz_unzipped-U_PROCUREMENT_JustificationBook_Army_PB_2017.xml","d60c3411c28e539d9b30b66c197502a6fcedd2c479c1a50bc084c55e7269efdf","0-28771b4261c0153f5a03587bcb764daf841db74e4487d12be2530a6325fc4830","1-9a7423a529abe65d9b1f708d80af78eaee2f9f07cd35ace66141918d950056ed","root.record.ItemExhibitList.P5Item.CostElementCategoryList.Flyaway.NonRecurring.CostElementList.CostElement"
"EDC","","McLean","","","","0","0","0","0","0","0","0","0","2017-BASE_PROCUREMENT-2017-ARMY_OTHER_2-U_PROCUREMENT_JustificationBook_Army_PB_2017.zzz_unzipped-U_PROCUREMENT_JustificationBook_Army_PB_2017.xml","5e6e415a71ace7ae6c50fa58050972b44713daa0fea2f6b3f30f352d143cb7b5","0-beaec8c87d0b8074af448997097b4b91afc3282b112d14787954303f076d4494","0-bfa5c8656b3b3a41eb16d4d4bef909fc07a589699cd667d45f4159d6e39bbead","root.record.ItemExhibitList.P5Item.CostElementCategoryList.Flyaway.NonRecurring.CostElementList.CostElement"
"TBD","","TBD","12","100","13","12","12","3","15","12","12","3","15","2017-BASE_PROCUREMENT-2017-NAVY_MARINECORPS-U_PROCUREMENT_JustificationBook_Navy_PB_2017.zzz_unzipped-U_PROCUREMENT_JustificationBook_Navy_PB_2017.xml","c63f7aa8879245934501188460ec5e9daf38afd1937900425c7f5fb46fa72298","0-c722378d5c51dbeddd3efc977f2a596531b8a979b0aa1c403c1133dc3122876c","0-1b94a2a878cf0d0b3e8e5a5f1dee7c75a2d537cdc3177697d88fc14f3655bce3","root.record.ItemExhibitList.P5Item.CostElementCategoryList.Flyaway.NonRecurring.CostElementList.CostElement"
"TBD","","TBD","12","100","13","12","12","3","15","12","12","3","15","2017-BASE_PROCUREMENT-2017-NAVY_MARINECORPS-U_PROCUREMENT_MasterJustificationBook_Navy_PB_2017.zzz_unzipped-U_PROCUREMENT_MasterJustificationBook_Navy_PB_2017.xml","9ce9456473fed81ee782555a70d1ab12fa78bcc80e943ba812149c3ff100520a","0-3c910b247395eeb0026f7486e327ec7453f9599fad9cb8ba0517eddd7b75394f","0-5ced74eb305a91fcc385a9fe77ab5a76d07199c3b97768f163d69ae4d7b13b49","root.record.ItemExhibitList.P5Item.CostElementCategoryList.Flyaway.NonRecurring.CostElementList.CostElement"
"Raytheon Missile System","Annual Production Rate limitations are based on 4 missiles per 1 container ratio.","Tucson, AZ","75","225","150","0","9","25","34","0","5","19","24","2017-BASE_PROCUREMENT-2017-NAVY_WEAPONS-U_PROCUREMENT_JustificationBook_Navy_PB_2017.zzz_unzipped-U_PROCUREMENT_JustificationBook_Navy_PB_2017.xml","c44764eee0025dfa0e4abffd93befafc6a0b295c77f9a2d6f6e8ca8706d95133","0-8aa1580eadcd9df09009fb2b704f0597f1082c7faed52c8e0303e58245b20e2e","1-2e93568362177d72db695877c66d007f83029eb569e494872e74f9771904fddf","root.record.ItemExhibitList.P5Item.CostElementCategoryList.Flyaway.NonRecurring.CostElementList.CostElement"
"Raytheon Missile System","Annual Production Rate limitations are based on 4 missiles per 1 container ratio.","Tucson, AZ","75","225","150","0","9","25","34","0","5","19","24","2017-BASE_PROCUREMENT-2017-NAVY_WEAPONS-U_PROCUREMENT_MasterJustificationBook_Navy_PB_2017.zzz_unzipped-U_PROCUREMENT_MasterJustificationBook_Navy_PB_2017.xml","e8787fc1f274483614e635d940bd36bf494351428662cbcc5baed70daabe0654","0-6bb9c589d91fce5961fb48c1ffae6ac14c3bb738add92199bfc051f68bdd6031","1-7d54eed7707159340a82549b420b9659a7512900990ef98e58507deb9da16d55","root.record.ItemExhibitList.P5Item.CostElementCategoryList.Flyaway.NonRecurring.CostElementList.CostElement"
"SSC LANT","","Charleston, SC","","","","","","","","","","","","2017-BASE_PROCUREMENT-2017-NAVY_OTHER_BA2-U_PROCUREMENT_JustificationBook_Navy_PB_2017.zzz_unzipped-U_PROCUREMENT_JustificationBook_Navy_PB_2017.xml","2e57608867f6a19515533f170190b83da8fe74512deb2d7e60bae73811461b93","0-1a3616bad260934f750ec11fddd8af6ec5ec73c06fbdaf953dfd1670e75a8046","0-994379b414ac746348ceff17ba91fe9a5c48f761d40da15aa1e9ee2b84f4c655","root.record.ItemExhibitList.P5Item.CostElementCategoryList.Flyaway.NonRecurring.CostElementList.CostElement"
"SSC LANT","","Charleston, SC","","","","","","","","","","","","2020-BASE_PROCUREMENT-2020-NAVY_OTHER_BA5-8-U_PROCUREMENT_MasterJustificationBook_Navy_PB_2017.zzz_unzipped-U_PROCUREMENT_MasterJustificationBook_Navy_PB_2017.xml","531bdd96bfbf64a11bf672987011af78f827b2c1873594a2021abf6fa2d9922f","0-0ceeeca2bd59b5b8166b57160c34e089bcca9d131547b3d82ed874dfdc97ec2f","0-0dc6fb1009b415dcde48fdb5adb916867c720c8f95a79d05c7a8cddfd8a79eb9","root.record.ItemExhibitList.P5Item.CostElementCategoryList.Flyaway.NonRecurring.CostElementList.CostElement"
"Northrop Grunman","","Midlothian, VA","","","","0","0","0","0","0","0","0","0","2018-BASE_PROCUREMENT-2018-ARMY_OTHER_2-U_PROCUREMENT_JustificationBook_Army_PB_2018.zzz_unzipped-U_PROCUREMENT_JustificationBook_Army_PB_2018.xml","79442e00cbe7bfd4a4ea29a3f4d53f5b896df57a421ca9e4115007f2a5a4e861","0-35bc3bec34647afa5b132c4c1273529dde9d2cef6a246da90730d2ffce060771","0-825cf71037a4aba74f065933f93b303f8ce95e557f7d52d5feb245bde2be3496","root.record.ItemExhibitList.P5Item.CostElementCategoryList.Flyaway.NonRecurring.CostElementList.CostElement"
"TBS (UDAIRI)","","Orlando, FL 32825","1","1","1","0","5","6","11","0","0","0","0","2018-BASE_PROCUREMENT-2018-ARMY_OTHER_3-U_PROCUREMENT_JustificationBook_Army_PB_2018.zzz_unzipped-U_PROCUREMENT_JustificationBook_Army_PB_2018.xml","613d3db5b690e83faeabb8edb3de191297ce81a72abc22ac5d15627835aa22a6","0-f6b0adbc135806f66bccf2669bb6de8f1db2158a6c5cdcc2751ef76ab7238385","0-2556e5a4194111c7efb0e23c561725fc3bd72378076ca09069ca5f2154d8a694","root.record.ItemExhibitList.P5Item.CostElementCategoryList.Flyaway.NonRecurring.CostElementList.CostElement"
"Cole Engineering Services","","Orlando","","","","","","","","","","","","2018-BASE_PROCUREMENT-2018-ARMY_OTHER_3-U_PROCUREMENT_JustificationBook_Army_PB_2018.zzz_unzipped-U_PROCUREMENT_JustificationBook_Army_PB_2018.xml","613d3db5b690e83faeabb8edb3de191297ce81a72abc22ac5d15627835aa22a6","0-4208b8691d5fdba69a8bb0252229c415a01900a57943da95db54b02abbb71578","0-c9d1dbf85c63003858d5f9a1af1da7220b8c72a830e46081b3ee4a9c0727cfe4","root.record.ItemExhibitList.P5Item.CostElementCategoryList.Flyaway.NonRecurring.CostElementList.CostElement"
"Raytheon Missile System","Annual Production Rate limitations are based on 4 missiles per 1 container ratio.","Tucson, AZ","","","","","","","","","","","","2018-BASE_PROCUREMENT-2018-NAVY_WEAPONS-U_PROCUREMENT_JustificationBook_Navy_PB_2018.zzz_unzipped-U_PROCUREMENT_JustificationBook_Navy_PB_2018.xml","12bf27d3f359e1510efc872307459e137c7e8573cd715d7edbb89e040a831ad1","0-21b328830e4977591bc99d80a9b648aca454c3c8e99d4c2b6ffe4a78d5af5b16","1-320940c43fd0cb81484a7b051f19acf7f86beac3a42a9c717782ff14f0ccf6d5","root.record.ItemExhibitList.P5Item.CostElementCategoryList.Flyaway.NonRecurring.CostElementList.CostElement"
"Raytheon Missile System","Annual Production Rate limitations are based on 4 missiles per 1 container ratio.","Tucson, AZ","","","","","","","","","","","","2018-BASE_PROCUREMENT-2018-NAVY_WEAPONS-U_PROCUREMENT_MasterJustificationBook_Navy_PB_2018.zzz_unzipped-U_PROCUREMENT_MasterJustificationBook_Navy_PB_2018.xml","fb448c748a3f517118656543976d743b7fa193bfd88714f28c9b0f12fefee7f3","0-e5e971acd2c3fc35e3a76245b907d77479ffb7938f4d65c79fab6230b8ca90a1","1-2efbf53e6e4ca1ea95099564725d9195a4b73c5d1ffeeb006a4f75416966dbe8","root.record.ItemExhibitList.P5Item.CostElementCategoryList.Flyaway.NonRecurring.CostElementList.CostElement"
"DLA Troop Spt - PA","","PA","","","","","","","","","","","","2019-BASE_PROCUREMENT-2019-ARMY_OTHER_2-U_PROCUREMENT_JustificationBook_Army_PB_2019.zzz_unzipped-U_PROCUREMENT_JustificationBook_Army_PB_2019.xml","f8c2a23215b08b2f033c8af6458d8604fca1d0205ddbe527cf8a71eda9fd179a","0-fab3ae350c262907f41eb51327e59533a740c57015943187abc032bb43f41759","2-f4f3d978e83e9b3036d56a081243b894ed820d98198c84361a907fa1503aaf31","root.record.ItemExhibitList.P5Item.CostElementCategoryList.Flyaway.NonRecurring.CostElementList.CostElement"
"CACI (TROJAN)","","APG","","","","","","","","","","","","2019-BASE_PROCUREMENT-2019-ARMY_OTHER_2-U_PROCUREMENT_JustificationBook_Army_PB_2019.zzz_unzipped-U_PROCUREMENT_JustificationBook_Army_PB_2019.xml","97ae88ad5c2d10747b9c391cd8a0eb186ef33e8a38621deaa502fb7ad5815e80","0-a238ce01eab35291159718524d4f296bd2f6b8f9f9fb03826c5ac596efb7d9a9","0-58d0dc0709d563fdb7d95d280e9acd578b1ac31d667786cf2907397cd1f2f300","root.record.ItemExhibitList.P5Item.CostElementCategoryList.Flyaway.NonRecurring.CostElementList.CostElement"
"LEIDOS (JMICS)","","TBD","","","","","","","","","","","","2019-BASE_PROCUREMENT-2019-ARMY_OTHER_2-U_PROCUREMENT_JustificationBook_Army_PB_2019.zzz_unzipped-U_PROCUREMENT_JustificationBook_Army_PB_2019.xml","97ae88ad5c2d10747b9c391cd8a0eb186ef33e8a38621deaa502fb7ad5815e80","1-1aa0aa45f28e4948553b8312b8de4021342ac2e995742b228aabce0c55f2a524","0-58d0dc0709d563fdb7d95d280e9acd578b1ac31d667786cf2907397cd1f2f300","root.record.ItemExhibitList.P5Item.CostElementCategoryList.Flyaway.NonRecurring.CostElementList.CostElement"
"TBD (TROJAN)","","APG","","","","","","","","","","","","2019-BASE_PROCUREMENT-2019-ARMY_OTHER_2-U_PROCUREMENT_JustificationBook_Army_PB_2019.zzz_unzipped-U_PROCUREMENT_JustificationBook_Army_PB_2019.xml","97ae88ad5c2d10747b9c391cd8a0eb186ef33e8a38621deaa502fb7ad5815e80","2-f576e68aa1f7db475c25dd3db50d95e802e883ba9586588f57c8c965594a6bb7","0-58d0dc0709d563fdb7d95d280e9acd578b1ac31d667786cf2907397cd1f2f300","root.record.ItemExhibitList.P5Item.CostElementCategoryList.Flyaway.NonRecurring.CostElementList.CostElement"
"Northrop Grunman","","Midlothian, VA","","","","","","","","","","","","2019-BASE_PROCUREMENT-2019-ARMY_OTHER_2-U_PROCUREMENT_JustificationBook_Army_PB_2019.zzz_unzipped-U_PROCUREMENT_JustificationBook_Army_PB_2019.xml","864c45b21c53c303e7fd034cef75f0bb3fa0b024147cba3a39070cf23635a784","0-0c38660aa30765a4bf9ddf7a7e185bee6b0563f6c5e2a1c4c00c0d0d5d3f9b9d","0-5068a6292ab1b246b96e58477af2ea14856579de1e58fc64eacd03ccd0bfa02b","root.record.ItemExhibitList.P5Item.CostElementCategoryList.Flyaway.NonRecurring.CostElementList.CostElement"
"GCSS Army Supply System","","Fort Leonard Wood","","","","","","","","","","","","2019-BASE_PROCUREMENT-2019-ARMY_OTHER_2-U_PROCUREMENT_JustificationBook_Army_PB_2019.zzz_unzipped-U_PROCUREMENT_JustificationBook_Army_PB_2019.xml","24b01c4f1d733a28f6520f0d683f1b3d434d967fa0fb7eb8d4b01ae2056e8c8b","0-c2ada2d5cdaec3c49f5f9ba90ab01abedeabaa85de462f36de5bebdf2da739df","0-de8bfaeba8fe18f9192d9df8319333624c0e52f9401ee7e83f29a8f45f8e253a","root.record.ItemExhibitList.P5Item.CostElementCategoryList.Flyaway.NonRecurring.CostElementList.CostElement"
"TBS","","TBS","","","","","","","","","","","","2019-BASE_PROCUREMENT-2019-ARMY_OTHER_2-U_PROCUREMENT_JustificationBook_Army_PB_2019.zzz_unzipped-U_PROCUREMENT_JustificationBook_Army_PB_2019.xml","24b01c4f1d733a28f6520f0d683f1b3d434d967fa0fb7eb8d4b01ae2056e8c8b","0-1331ea207046b4f92c38ee651f82afbb87a28fbc2dae8761a6271bd17a5a3816","1-6e36b1547a4e2476384857008dec38cf583956eb46cc77f2ed09a89024fd1e06","root.record.ItemExhibitList.P5Item.CostElementCategoryList.Flyaway.NonRecurring.CostElementList.CostElement"
"Veterans Corp","","Fairfax","","","","","","","","","","","","2019-BASE_PROCUREMENT-2019-ARMY_OTHER_3-4-U_PROCUREMENT_JustificationBook_Army_PB_2019.zzz_unzipped-U_PROCUREMENT_JustificationBook_Army_PB_2019.xml","62904114cf6b6cbcc22579289911cb1cef9852777a0f9a46b5c4a332c7c744b1","0-a1b429c69b14e7f06b02f7a9005e2f0b1348f408c51bf866126a40619ee3074e","0-d7240a4a34e8c2792489acd575e0863d714dcff1066537a3bcfc49c86de9e9cf","root.record.ItemExhibitList.P5Item.CostElementCategoryList.Flyaway.NonRecurring.CostElementList.CostElement"
"Veterans Corp","","Fairfax","","","","","","","","","","","","2019-BASE_PROCUREMENT-2019-ARMY_OTHER_3-4-U_PROCUREMENT_JustificationBook_Army_PB_2019.zzz_unzipped-U_PROCUREMENT_JustificationBook_Army_PB_2019.xml","62904114cf6b6cbcc22579289911cb1cef9852777a0f9a46b5c4a332c7c744b1","0-79f23586026a4ee2f9f62855c2d10876f3197e14c12ac6936ee402e6af20ce83","1-9e7caf514a71cdd133da29a5c95f37ccb330a11855ca018e9c2f6cf7750187f2","root.record.ItemExhibitList.P5Item.CostElementCategoryList.Flyaway.NonRecurring.CostElementList.CostElement"
"Veterans Corp","","Fairfax","","","","","","","","","","","","2019-BASE_PROCUREMENT-2019-ARMY_OTHER_3-4-U_PROCUREMENT_JustificationBook_Army_PB_2019.zzz_unzipped-U_PROCUREMENT_JustificationBook_Army_PB_2019.xml","62904114cf6b6cbcc22579289911cb1cef9852777a0f9a46b5c4a332c7c744b1","0-8fbb039e01c04e22ce783e616b4d421ec2260c3c951f09d001c553192b63a1b5","2-8e860bd4df36750f0e89d85439db46393ecc1bbedd9429b45bb6fc373b5bd49b","root.record.ItemExhibitList.P5Item.CostElementCategoryList.Flyaway.NonRecurring.CostElementList.CostElement"
"Veterans Corp","","Fairfax","","","","","","","","","","","","2019-BASE_PROCUREMENT-2019-ARMY_OTHER_3-4-U_PROCUREMENT_JustificationBook_Army_PB_2019.zzz_unzipped-U_PROCUREMENT_JustificationBook_Army_PB_2019.xml","62904114cf6b6cbcc22579289911cb1cef9852777a0f9a46b5c4a332c7c744b1","0-d46fa0c8a402283a78bb1b443f64aa903b385b4e4462f50bdbf05ce6a16352b2","3-b91c7de0ea819639ca870beb600033eaa62bc9477f4d6d17edd85be80c0906f7","root.record.ItemExhibitList.P5Item.CostElementCategoryList.Flyaway.NonRecurring.CostElementList.CostElement"
"TBS (UDAIRI)","","Orlando, FL 32825","","","","","","","","","","","","2019-BASE_PROCUREMENT-2019-ARMY_OTHER_3-4-U_PROCUREMENT_JustificationBook_Army_PB_2019.zzz_unzipped-U_PROCUREMENT_JustificationBook_Army_PB_2019.xml","1d0b02e6570e2975253fdf442e253fb3e971dcc6537280f554af05f8d7e873c0","0-8d14a716fa8af764a2cd1132e11ef2125456133bf9ed2164f560107bd5285643","0-89b24cbbcd3f4b4899aec3f95f36063f78e40d4f0159ffb1d073237c33be1a21","root.record.ItemExhibitList.P5Item.CostElementCategoryList.Flyaway.NonRecurring.CostElementList.CostElement"
"Cole Engineering Services (T)","","Orlando","","","","","","","","","","","","2019-BASE_PROCUREMENT-2019-ARMY_OTHER_3-4-U_PROCUREMENT_JustificationBook_Army_PB_2019.zzz_unzipped-U_PROCUREMENT_JustificationBook_Army_PB_2019.xml","1d0b02e6570e2975253fdf442e253fb3e971dcc6537280f554af05f8d7e873c0","0-1cef74b74ae73d9ea8b7548c472c765207f2ddc4466cbfcd1c4c0af0c48f73e8","0-8cba310c5d48b25dfe7118836b5f9c0f94c06b3db66b960be8bc71773b11f29d","root.record.ItemExhibitList.P5Item.CostElementCategoryList.Flyaway.NonRecurring.CostElementList.CostElement"
"TBD","","TBD","","","","","","","","","","","","2020-BASE_PROCUREMENT-2020-ARMY_AIRCRAFT-U_PROCUREMENT_JustificationBook_Army_PB_2020.zzz_unzipped-U_PROCUREMENT_JustificationBook_Army_PB_2020.xml","f543b6a05b48148f8622a902e9da0ee22d02faec047352746498a2f5580c97b8","0-f693fd79276105abe2da3ef613fa29224aab890b264bc2fd42359890ca5cd0a2","0-51ead50c1dba8d44d7501ecde6230bb32249abc16ddeb9e8ab859d8b15072772","root.record.ItemExhibitList.P5Item.CostElementCategoryList.Flyaway.NonRecurring.CostElementList.CostElement"
"TBD","","TBD","1","1","1","0","3","19","22","0","3","19","22","2020-BASE_PROCUREMENT-2020-ARMY_OTHER_1-U_PROCUREMENT_JustificationBook_Army_PB_2020.zzz_unzipped-U_PROCUREMENT_JustificationBook_Army_PB_2020.xml","ea0e4b62d1d1d8e03b45e77582966277d6a696ca5ddc74329eede83e8bfdff2d","0-7594392199b7e6e2bd3788a277c7e88a9e0d98b27da822d0f259be61b80262ef","0-e6d1f9f01ef3450a8cdeafc977509b4a9d33137f062ab1666d41cef861bc0cf4","root.record.ItemExhibitList.P5Item.CostElementCategoryList.Flyaway.NonRecurring.CostElementList.CostElement"
"GCSS Army Supply System","","Fort Leonard Wood","","","","","","","","","","","","2020-BASE_PROCUREMENT-2020-ARMY_OTHER_2-U_PROCUREMENT_JustificationBook_Army_PB_2020.zzz_unzipped-U_PROCUREMENT_JustificationBook_Army_PB_2020.xml","21179f70bdffee73178213f7c641a8d1d235944582eb3bf181fe6804c71e8346","0-0cf9259b5cf5b1bef95535b4c9e3531195831f4caf67a0d294b69a4a58f2c8e3","0-352c7e53e689d990d4be26cfa1966d385719449877a0d39998942e37057ad76b","root.record.ItemExhibitList.P5Item.CostElementCategoryList.Flyaway.NonRecurring.CostElementList.CostElement"
"TBS","","TBS","","","","","","","","","","","","2020-BASE_PROCUREMENT-2020-ARMY_OTHER_2-U_PROCUREMENT_JustificationBook_Army_PB_2020.zzz_unzipped-U_PROCUREMENT_JustificationBook_Army_PB_2020.xml","21179f70bdffee73178213f7c641a8d1d235944582eb3bf181fe6804c71e8346","0-d3de2ec52620fe873dd17dbb217fd61ddf15c5d61e161884adcec724c1198ff6","1-826bc6e04a6f4ea58dccece0b7720269c05e34b39d344612c2fffa2840532625","root.record.ItemExhibitList.P5Item.CostElementCategoryList.Flyaway.NonRecurring.CostElementList.CostElement"
"TBS","","TBS","","","","","","","","","","","","2020-BASE_PROCUREMENT-2020-ARMY_OTHER_2-U_PROCUREMENT_JustificationBook_Army_PB_2020.zzz_unzipped-U_PROCUREMENT_JustificationBook_Army_PB_2020.xml","21179f70bdffee73178213f7c641a8d1d235944582eb3bf181fe6804c71e8346","0-6c7563197ffe9bce43b9de560ef676f46c446a61ea98f3d448706b3940ab9dbc","2-9f59fccf12ecd5821b8ec0cf03be0ed0e431211f4190831b7646c26cb6e7a9ff","root.record.ItemExhibitList.P5Item.CostElementCategoryList.Flyaway.NonRecurring.CostElementList.CostElement"
"Secure Communications","","Santa Ana, CA","","","","","","","","","","","","2020-BASE_PROCUREMENT-2020-ARMY_OTHER_3-4-U_PROCUREMENT_JustificationBook_Army_PB_2020.zzz_unzipped-U_PROCUREMENT_JustificationBook_Army_PB_2020.xml","8bcac78b6233b25371b8e4763b656eb2b5b005e8e1d6d70772ea09bb55e9b8f5","0-164d6794a2a6d2301b7995855fe76ad6c5ff7672f789f795b78d1166591b7930","0-603d215040c8f081d93dcffda61967f79906f9a933c3b131858d772298bc8f99","root.record.ItemExhibitList.P5Item.CostElementCategoryList.Flyaway.NonRecurring.CostElementList.CostElement"
"TBD","","TBD","","","","","","","","","","","","2020-BASE_PROCUREMENT-2020-ARMY_OTHER_3-4-U_PROCUREMENT_JustificationBook_Army_PB_2020.zzz_unzipped-U_PROCUREMENT_JustificationBook_Army_PB_2020.xml","9e60e79ba1ae0f03dc4573bc427ee2381bb5300bde03e743671af87f42b33021","0-3684d93ddb9ca251426acea1973c99fc235282d0d723ebd96e00beaa284d7445","0-a20569ad9428e38add8201a808bda07e7ced9edd2f13b2d6fa966d3680b817fd","root.record.ItemExhibitList.P5Item.CostElementCategoryList.Flyaway.NonRecurring.CostElementList.CostElement"
"Thiessen Training Systems","","Chiefland, FL,  32626","","","","","","","","","","","","2020-BASE_PROCUREMENT-2020-ARMY_OTHER_3-4-U_PROCUREMENT_JustificationBook_Army_PB_2020.zzz_unzipped-U_PROCUREMENT_JustificationBook_Army_PB_2020.xml","75d6b5f9a3714a351adfe57397475b1716c9ab36d18146dce8d31a64a25ee33b","0-225d5552cd9e8a15db15034f935f855824bfc83eb548d9718fa79f8489b998a8","0-808d127a00d2dd8ad3d28c1bf1cd84862d0f8075e501f5d66638b1d343f31f70","root.record.ItemExhibitList.P5Item.CostElementCategoryList.Flyaway.NonRecurring.CostElementList.CostElement"
"TBS (ARCENT TSV)","","Orlando, FL 32825","","","","","","","","","","","","2020-BASE_PROCUREMENT-2020-ARMY_OTHER_3-4-U_PROCUREMENT_JustificationBook_Army_PB_2020.zzz_unzipped-U_PROCUREMENT_JustificationBook_Army_PB_2020.xml","75d6b5f9a3714a351adfe57397475b1716c9ab36d18146dce8d31a64a25ee33b","0-b9b13dd4abf8dcefa8cee669c40eff43360431f593217c457f612cff776703b9","1-26652f2e8e5c4f3dc5a38a503e1b2282bc108580890441b80fd95bbfca53e1e6","root.record.ItemExhibitList.P5Item.CostElementCategoryList.Flyaway.NonRecurring.CostElementList.CostElement"
"TBS (Pacific Range Complex)","","Orlando, FL 32825","","","","","","","","","","","","2020-BASE_PROCUREMENT-2020-ARMY_OTHER_3-4-U_PROCUREMENT_JustificationBook_Army_PB_2020.zzz_unzipped-U_PROCUREMENT_JustificationBook_Army_PB_2020.xml","75d6b5f9a3714a351adfe57397475b1716c9ab36d18146dce8d31a64a25ee33b","0-9a0b1a0cffb159fabb0e3b59f1412928e10808bd3ee77cc856b99005af7d7e32","2-57c688b1e8ea76836a9f0976428782e59b0a101f116144cd40904fcd9baf31e5","root.record.ItemExhibitList.P5Item.CostElementCategoryList.Flyaway.NonRecurring.CostElementList.CostElement"
"Cole Engineering Services (T)","","Orlando","","","","","","","","","","","","2020-BASE_PROCUREMENT-2020-ARMY_OTHER_3-4-U_PROCUREMENT_JustificationBook_Army_PB_2020.zzz_unzipped-U_PROCUREMENT_JustificationBook_Army_PB_2020.xml","75d6b5f9a3714a351adfe57397475b1716c9ab36d18146dce8d31a64a25ee33b","0-aa6f46b428fc514d5b9013f331e6db8738c9a26006171195a6e7413601ffba6f","0-84f3eaaf5bf182f6cfda8ae99b82d874a39b20d795221e2b6025f2c01434aa83","root.record.ItemExhibitList.P5Item.CostElementCategoryList.Flyaway.NonRecurring.CostElementList.CostElement"
"Lockheed Martin@Dallas, TX","","Dallas, TX","1","5","3","0","0","11","11","0","0","0","0","2020-BASE_PROCUREMENT-2020-NAVY_MARINECORPS-U_PROCUREMENT_JustificationBook_Navy_PB_2020.zzz_unzipped-U_PROCUREMENT_JustificationBook_Navy_PB_2020.xml","cec51a28f40bc5a6de6cae423edebbd583c48f7e70531a470c868fcf002c0d4b","0-d2cf88a375ef49c4d9124eca9e5fd0b1ed7744e3487bb61e9e1743b121cf97c9","0-b306d57eed5c20fd032fbe473585f205ec8a950b52fe25b7d4545ec5ab53ea04","root.record.ItemExhibitList.P5Item.CostElementCategoryList.Flyaway.NonRecurring.CostElementList.CostElement"
"TBD","","TBD","150","360","240","0","0","6","6","0","0","1","1","2020-BASE_PROCUREMENT-2020-NAVY_MARINECORPS-U_PROCUREMENT_JustificationBook_Navy_PB_2020.zzz_unzipped-U_PROCUREMENT_JustificationBook_Navy_PB_2020.xml","b5b7986de22013d1ce721dce7694d40a4e82fb5467d0c10855104f2364991a30","0-47d9b3c7ad8f01f062aafb03c65c53c79401da2f70a2ddffa6c9ee0573859c23","2-2b109757c39cd21cc2a16e9ea528fe94c67104ea6a54ea42c594e95a53d681fd","root.record.ItemExhibitList.P5Item.CostElementCategoryList.Flyaway.NonRecurring.CostElementList.CostElement"
"NSWC, Crane","","Crane, IN","","","","","","","","","","","","2020-BASE_PROCUREMENT-2020-NAVY_MARINECORPS-U_PROCUREMENT_JustificationBook_Navy_PB_2020.zzz_unzipped-U_PROCUREMENT_JustificationBook_Navy_PB_2020.xml","b5b7986de22013d1ce721dce7694d40a4e82fb5467d0c10855104f2364991a30","0-be407cfe6ca9cb249fa5b8aa6e7e421eb62b7c25edb5a8fabacd3a414a8ad819","3-16a5a0778abc85c21e5e32ba691cf32b2546657cd2df60e542871287ec41ebfe","root.record.ItemExhibitList.P5Item.CostElementCategoryList.Flyaway.NonRecurring.CostElementList.CostElement"
"Lockheed Martin@Dallas, TX","","Dallas, TX","1","5","3","0","0","11","11","0","0","0","0","2020-BASE_PROCUREMENT-2020-NAVY_MARINECORPS-U_PROCUREMENT_MasterJustificationBook_Navy_PB_2020.zzz_unzipped-U_PROCUREMENT_MasterJustificationBook_Navy_PB_2020.xml","1361d69a11bbc8fd561b0f253e6b842fc05b56abef25a313f4a3bcbb78aaaa40","0-534d347282e5b4bb9607d7eb28dc34cf1ca26d8cb6b5307f6a89aaa9833cf4f7","0-616a5de7e77273f86da8742617f58fda862bea55de20a4efc509e145f66ae2da","root.record.ItemExhibitList.P5Item.CostElementCategoryList.Flyaway.NonRecurring.CostElementList.CostElement"
"TBD","","TBD","150","360","240","0","0","6","6","0","0","1","1","2020-BASE_PROCUREMENT-2020-NAVY_MARINECORPS-U_PROCUREMENT_MasterJustificationBook_Navy_PB_2020.zzz_unzipped-U_PROCUREMENT_MasterJustificationBook_Navy_PB_2020.xml","f7fba0662f4ed8f1e6d09bc09dea4645198f26014429fe5052f53c1a5b542afc","0-f0cdfce431bae71a1fcc8e0803f0bbb7cb8a7471caa9383f293b88ca38b7b624","2-f915e3f8a920fc1831bdf6042eada6200b193e2b1ec7e764856382e77a723bc6","root.record.ItemExhibitList.P5Item.CostElementCategoryList.Flyaway.NonRecurring.CostElementList.CostElement"
"NSWC, Crane","","Crane, IN","","","","","","","","","","","","2020-BASE_PROCUREMENT-2020-NAVY_MARINECORPS-U_PROCUREMENT_MasterJustificationBook_Navy_PB_2020.zzz_unzipped-U_PROCUREMENT_MasterJustificationBook_Navy_PB_2020.xml","f7fba0662f4ed8f1e6d09bc09dea4645198f26014429fe5052f53c1a5b542afc","0-8d1c2230c5c96fa8b8d7cd6bbd3a94e10ba80e555cde0887660a6fa4d525f211","3-458b8d91f1ecba7662becc623130c2010fde983a9e9ce9f21313b9852d67075c","root.record.ItemExhibitList.P5Item.CostElementCategoryList.Flyaway.NonRecurring.CostElementList.CostElement"
"Swiss Government","","Switzerland","0","TBD","0","0","5","11","16","0","0","0","0","2020-BASE_PROCUREMENT-2020-NAVY_AIRCRAFT_BA1-4-U_PROCUREMENT_JustificationBook_Navy_PB_2020.zzz_unzipped-U_PROCUREMENT_JustificationBook_Navy_PB_2020.xml","8c3e0108240a9871966b61ab82cdcaecbdd5f8b3ffe779cf38d6b68a17de64a8","0-523d949a6c2f182534a838a78bd7660ee0e9643ef8efa11e2486ed5ee4800d72","0-40bf5ac9e00dd8cf6cb998abbea14ba47291c989c7a4580d013988aed3af1d22","root.record.ItemExhibitList.P5Item.CostElementCategoryList.Flyaway.NonRecurring.CostElementList.CostElement"
"Swiss Government","","Switzerland","0","TBD","0","0","5","11","16","0","0","0","0","2020-BASE_PROCUREMENT-2020-NAVY_AIRCRAFT_BA6-7-U_PROCUREMENT_MasterJustificationBook_Navy_PB_2020.zzz_unzipped-U_PROCUREMENT_MasterJustificationBook_Navy_PB_2020.xml","37637c1def32880b7144bb3e75e04aed9049ce5019be9e0e21f1d3d1a40e8967","0-98896ab18063afbd3bebc0095257057a11aeb368d27422223090e7f2c42368ba","0-76ab865f3e8cd5d8fc25fb4a32f4dd37fca6a463a62f5c5d0fb43c5352f7358c","root.record.ItemExhibitList.P5Item.CostElementCategoryList.Flyaway.NonRecurring.CostElementList.CostElement"
