Name_val,Name_@footnote,Location_val,MinimumSustainingRate_val,MaximumProductionRate_val,Rate185_val,InitialQuantity_AdminLeadTimeBeforeOct1InMonths_val,InitialQuantity_AdminLeadTimeAfterOct1InMonths_val,InitialQuantity_ProductionLeadTimeAfterOct1InMonths_val,InitialQuantity_TotalLeadTimeAfterOct1InMonths_val,ReorderQuantity_AdminLeadTimeBeforeOct1InMonths_val,ReorderQuantity_AdminLeadTimeAfterOct1InMonths_val,ReorderQuantity_ProductionLeadTimeAfterOct1InMonths_val,ReorderQuantity_TotalLeadTimeAfterOct1InMonths_val,@SOURCE_FILENAME,@RECORDID,@ROWID,@PARENTROWID,@PARENT
"TBD","","TBD","12","833","600","0","10","6","16","0","10","6","16","2013-BASE_PROCUREMENT-2013-ARMY_OTHER_2-JustificationBook_Army_PB_2013.zzz_unzipped-JustificationBook_Army_PB_2013.xml","49420fb64fadab739e2608014b9581d496ec8219d6f295b2e12b855fdc098fe6","0-aff5ce683c3b65ad766f4347cd4d6cbfc68a552879da72b2a309b565d786e3be","1-cd88388dd5651fe3caf5eaae03f77272a24d9ed175e2dffdb75e7f5c359812ef","root.record.ItemExhibitList.P5Item.CostElementCategoryList.Flyaway.NonRecurring.CostElementList.CostElement"
"TBD","","TBD","12","833","600","0","10","6","16","0","10","6","16","2013-BASE_PROCUREMENT-2013-ARMY_OTHER_2-JustificationBook_Army_PB_2013.zzz_unzipped-JustificationBook_Army_PB_2013.xml","49420fb64fadab739e2608014b9581d496ec8219d6f295b2e12b855fdc098fe6","0-a27a8407d1ac20f125932e4ad46b34b515044ec44a00270355e74f377e71c3af","2-1b8a16ead69ddd3c4143c986348389add97cc918502fffed36172410dd3ff2ee","root.record.ItemExhibitList.P5Item.CostElementCategoryList.Flyaway.NonRecurring.CostElementList.CostElement"
"Raytheon Missile System","","Tucson, AZ","300","800","600","0","5","0","5","0","0","19","19","2013-BASE_PROCUREMENT-2013-NAVY_WEAPONS-JustificationBook_Navy_PB_2013.zzz_unzipped-JustificationBook_Navy_PB_2013.xml","2d9fc2b470c1fffd0e0a5bc1c1eab31ac527588ce0341c3ac25f5bdd34f272b0","0-0505e8503921a8413671ebba287741b258ca97c6e18ce5ef15b0b2b4a3ddca8e","1-70ba412da45b2fd0fe1b23264eb95ac6f92c0956b6c76ce4cce45e4b0305f821","root.record.ItemExhibitList.P5Item.CostElementCategoryList.Flyaway.NonRecurring.CostElementList.CostElement"
"Raytheon Missile Systems","","Tucson AZ","300","800","600","0","0","5","5","0","0","19","19","2013-BASE_PROCUREMENT-2013-NAVY_WEAPONS-JustificationBook_Navy_PB_2013.zzz_unzipped-JustificationBook_Navy_PB_2013.xml","2d9fc2b470c1fffd0e0a5bc1c1eab31ac527588ce0341c3ac25f5bdd34f272b0","0-630320b3fa9093f947cbdb35d9aad68a183bcb2f7db882f7e9f9945d49950085","1-76fc7eda5ca302e36265bee9741721540e6c8a08c2056e19c7cd650fa723542c","root.record.ItemExhibitList.P5Item.CostElementCategoryList.Flyaway.NonRecurring.CostElementList.CostElement"
"Raytheon Missile System","","Tucson, AZ","300","800","600","0","5","0","5","0","0","19","19","2013-BASE_PROCUREMENT-2013-NAVY_WEAPONS-MasterJustificationBook_Navy_PB_2013.zzz_unzipped-MasterJustificationBook_Navy_PB_2013.xml","4ae361954697c6c85a12ee57fe1e0f947ba565bb10d94c8b8ac4a18e3be03635","0-68bdba049377fe7691b2e6d2a51514c13f3c550584569067ae95436cd38a2c2c","1-ee19f3c75f28ef3f1cfd59f06ed61c81e0577162b4ea8cfc37b87959a003f4a1","root.record.ItemExhibitList.P5Item.CostElementCategoryList.Flyaway.NonRecurring.CostElementList.CostElement"
"Raytheon Missile Systems","","Tucson AZ","300","800","600","0","0","5","5","0","0","19","19","2013-BASE_PROCUREMENT-2013-NAVY_WEAPONS-MasterJustificationBook_Navy_PB_2013.zzz_unzipped-MasterJustificationBook_Navy_PB_2013.xml","4ae361954697c6c85a12ee57fe1e0f947ba565bb10d94c8b8ac4a18e3be03635","0-e18651e59c2de0b15e5dad647695587c5d2799f45c2dd07f3b59c9140bae4ca9","1-d9f06071af166f3d97d4a3d89cf930c547606539ac32a5174041fc5141385883","root.record.ItemExhibitList.P5Item.CostElementCategoryList.Flyaway.NonRecurring.CostElementList.CostElement"
"General Atomics Poway","","CA","2.00","5.00","4.00","9","7","19","26","12","0","0","0","2014-BASE_PROCUREMENT-2014-AIRFORCE_AIRCRAFT_VOL1-PROCUREMENT_JustificationBook_Air_Force_PB_2014.zzz_unzipped-PROCUREMENT_JustificationBook_Air_Force_PB_2014.xml","dc8aa65a82754d44f4affda9776740a031654ab87581c0849e543054c8c24839","0-de522ac8a1b6017cbee90084beda1870bea49c05e81c7b9aded46e0b273cd100","0-e0b61ef164975ea7cb4c0485b0fc68bb664964a0e44ea981797d9ecdcd01eeff","root.record.ItemExhibitList.P5Item.CostElementCategoryList.Flyaway.NonRecurring.CostElementList.CostElement"
"Northrop Grumman","","CA","0.50","3.00","1.00","4","0","0","0","2","0","0","0","2014-BASE_PROCUREMENT-2014-AIRFORCE_AIRCRAFT_VOL1-PROCUREMENT_JustificationBook_Air_Force_PB_2014.zzz_unzipped-PROCUREMENT_JustificationBook_Air_Force_PB_2014.xml","dc8aa65a82754d44f4affda9776740a031654ab87581c0849e543054c8c24839","0-3dfb9d013abba4a3f6d9f4bf45e51d43501bcdeadab99f5478548b63c245df84","1-8684e52bdd5415eeac6265e9089d7cba35e5abf7b03c1c94716109979beb345c","root.record.ItemExhibitList.P5Item.CostElementCategoryList.Flyaway.NonRecurring.CostElementList.CostElement"
"General Atomics Poway","","CA","0.33","8.00","4.00","9","6","17","23","9","0","0","0","2014-BASE_PROCUREMENT-2014-AIRFORCE_AIRCRAFT_VOL1-PROCUREMENT_JustificationBook_Air_Force_PB_2014.zzz_unzipped-PROCUREMENT_JustificationBook_Air_Force_PB_2014.xml","dc8aa65a82754d44f4affda9776740a031654ab87581c0849e543054c8c24839","0-a245a9d6bd52bc4e4f62c56a8215639d76950719d329be72422a4bde3e550d29","3-f2da230cc624ee13bac50e33e1b9c678f5b50112396be0acc080dedae3027629","root.record.ItemExhibitList.P5Item.CostElementCategoryList.Flyaway.NonRecurring.CostElementList.CostElement"
"General Atomic Poway","","CA","0.00","0.00","0.00","0","0","0","0","0","0","0","0","2014-BASE_PROCUREMENT-2014-AIRFORCE_AIRCRAFT_VOL1-PROCUREMENT_JustificationBook_Air_Force_PB_2014.zzz_unzipped-PROCUREMENT_JustificationBook_Air_Force_PB_2014.xml","dc8aa65a82754d44f4affda9776740a031654ab87581c0849e543054c8c24839","1-375759eb1356ae9c1763ee5923643d7aee43e3f8bbdcd0a419ae3b50e060e1a2","3-f2da230cc624ee13bac50e33e1b9c678f5b50112396be0acc080dedae3027629","root.record.ItemExhibitList.P5Item.CostElementCategoryList.Flyaway.NonRecurring.CostElementList.CostElement"
"General Atomics Poway","","CA","0.00","0.00","0.00","0","0","0","0","0","0","0","0","2014-BASE_PROCUREMENT-2014-AIRFORCE_AIRCRAFT_VOL1-PROCUREMENT_JustificationBook_Air_Force_PB_2014.zzz_unzipped-PROCUREMENT_JustificationBook_Air_Force_PB_2014.xml","dc8aa65a82754d44f4affda9776740a031654ab87581c0849e543054c8c24839","0-91ac8e485991d861728fb138381bb973a0ebabf523bde269dceaa4f68580f75d","4-7773ba45abae0f70fd2ab69e790c8a1836fb3bd768b2a416e2ca29d33cf05bc9","root.record.ItemExhibitList.P5Item.CostElementCategoryList.Flyaway.NonRecurring.CostElementList.CostElement"
"General Atomics Poway","","CA","0.00","0.00","0.00","0","0","0","0","0","0","0","0","2014-BASE_PROCUREMENT-2014-AIRFORCE_AIRCRAFT_VOL1-PROCUREMENT_JustificationBook_Air_Force_PB_2014.zzz_unzipped-PROCUREMENT_JustificationBook_Air_Force_PB_2014.xml","dc8aa65a82754d44f4affda9776740a031654ab87581c0849e543054c8c24839","0-3c9f960580836852666da1223c5bfc92a80cb5a94b44bb13d3dcfc58326a83b6","5-4f2d4018958efdb8c223852ef8f44c67fefec7a60104d6dd2ddeda5d5c2ef484","root.record.ItemExhibitList.P5Item.CostElementCategoryList.Flyaway.NonRecurring.CostElementList.CostElement"
"General Atomics Poway","","CA","0.16","6.00","5.00","9","1","10","11","3","0","0","0","2014-BASE_PROCUREMENT-2014-AIRFORCE_AIRCRAFT_VOL1-PROCUREMENT_JustificationBook_Air_Force_PB_2014.zzz_unzipped-PROCUREMENT_JustificationBook_Air_Force_PB_2014.xml","dc8aa65a82754d44f4affda9776740a031654ab87581c0849e543054c8c24839","0-e13a950a0f1cb48937fa8c27ccdf315070c21e4eb617b51e738a0bfba616f91d","6-55bd4d150ea954010b3a8aac21e9b73a7df99306efb105e0808bc73ec259d956","root.record.ItemExhibitList.P5Item.CostElementCategoryList.Flyaway.NonRecurring.CostElementList.CostElement"
"L-3 Comm Salt Lake City","","UT/CA","0.08","1.00","0.08","1","0","0","0","9","0","0","0","2014-BASE_PROCUREMENT-2014-AIRFORCE_AIRCRAFT_VOL1-PROCUREMENT_JustificationBook_Air_Force_PB_2014.zzz_unzipped-PROCUREMENT_JustificationBook_Air_Force_PB_2014.xml","dc8aa65a82754d44f4affda9776740a031654ab87581c0849e543054c8c24839","0-e4194874eec67dbbd9b12443aad717937686c20dd2b5d7a8f55ef5ecd7d250ca","7-fc5715a75a4a7c8060f3bcc071aaa50b16804754c31ee08e0167ae1783472d23","root.record.ItemExhibitList.P5Item.CostElementCategoryList.Flyaway.NonRecurring.CostElementList.CostElement"
"General Atomics Poway","","CA","2.00","5.00","4.00","9","7","19","26","12","0","0","0","2014-BASE_PROCUREMENT-2014-AIRFORCE_AIRCRAFT_VOL2-PROCUREMENT_MasterJustificationBook_Air_Force_PB_2014.zzz_unzipped-PROCUREMENT_MasterJustificationBook_Air_Force_PB_2014.xml","733336bf324f20dedd4718f00dffef33481f156568307d083925b389c2019d66","0-3ffcad9b7273bc410d6d50d3f432f01a1e59c9fb1be75446559b2e69f3a77608","0-47752da9e7b84288859e0a92682c6b11d998207b9711df8e2063446d35126b5e","root.record.ItemExhibitList.P5Item.CostElementCategoryList.Flyaway.NonRecurring.CostElementList.CostElement"
"Northrop Grumman","","CA","0.50","3.00","1.00","4","0","0","0","2","0","0","0","2014-BASE_PROCUREMENT-2014-AIRFORCE_AIRCRAFT_VOL2-PROCUREMENT_MasterJustificationBook_Air_Force_PB_2014.zzz_unzipped-PROCUREMENT_MasterJustificationBook_Air_Force_PB_2014.xml","733336bf324f20dedd4718f00dffef33481f156568307d083925b389c2019d66","0-444422fe6381b9f134d5d978b7adcb6f175fa5bf79e4618a66e29b3c0ecbe710","1-c8525656c681b2f5f6bcc3cad55dd62d14e74c2c551f5454c00a7615f8e89f79","root.record.ItemExhibitList.P5Item.CostElementCategoryList.Flyaway.NonRecurring.CostElementList.CostElement"
"General Atomics Poway","","CA","0.33","8.00","4.00","9","6","17","23","9","0","0","0","2014-BASE_PROCUREMENT-2014-AIRFORCE_AIRCRAFT_VOL2-PROCUREMENT_MasterJustificationBook_Air_Force_PB_2014.zzz_unzipped-PROCUREMENT_MasterJustificationBook_Air_Force_PB_2014.xml","733336bf324f20dedd4718f00dffef33481f156568307d083925b389c2019d66","0-5598595910597919daa9bba865dd632f22b0636cb1bc8137ffa90fc83a4ccffe","3-f0e39c3f743cbd0a798045137b7914298c162312ead441d73d9e915c159b951f","root.record.ItemExhibitList.P5Item.CostElementCategoryList.Flyaway.NonRecurring.CostElementList.CostElement"
"General Atomic Poway","","CA","0.00","0.00","0.00","0","0","0","0","0","0","0","0","2014-BASE_PROCUREMENT-2014-AIRFORCE_AIRCRAFT_VOL2-PROCUREMENT_MasterJustificationBook_Air_Force_PB_2014.zzz_unzipped-PROCUREMENT_MasterJustificationBook_Air_Force_PB_2014.xml","733336bf324f20dedd4718f00dffef33481f156568307d083925b389c2019d66","1-c2df196a8f09aca470d8757b59407e46114eefc8f1cbb388bc3d3d7d5cb4ee72","3-f0e39c3f743cbd0a798045137b7914298c162312ead441d73d9e915c159b951f","root.record.ItemExhibitList.P5Item.CostElementCategoryList.Flyaway.NonRecurring.CostElementList.CostElement"
"General Atomics Poway","","CA","0.00","0.00","0.00","0","0","0","0","0","0","0","0","2014-BASE_PROCUREMENT-2014-AIRFORCE_AIRCRAFT_VOL2-PROCUREMENT_MasterJustificationBook_Air_Force_PB_2014.zzz_unzipped-PROCUREMENT_MasterJustificationBook_Air_Force_PB_2014.xml","733336bf324f20dedd4718f00dffef33481f156568307d083925b389c2019d66","0-cd29076e93c42ee688a9a2943c77ba7ed3bc697ad53dc82509af54218b60cfcf","4-cf427f3ad6ff7a683b411efe0cd71af50edcd4a1581daf0e5bc3be2c9050d846","root.record.ItemExhibitList.P5Item.CostElementCategoryList.Flyaway.NonRecurring.CostElementList.CostElement"
"General Atomics Poway","","CA","0.00","0.00","0.00","0","0","0","0","0","0","0","0","2014-BASE_PROCUREMENT-2014-AIRFORCE_AIRCRAFT_VOL2-PROCUREMENT_MasterJustificationBook_Air_Force_PB_2014.zzz_unzipped-PROCUREMENT_MasterJustificationBook_Air_Force_PB_2014.xml","733336bf324f20dedd4718f00dffef33481f156568307d083925b389c2019d66","0-171a3330e479815f97a9a8b3f2d0f4b76bc0e6abc4a6d0883d186afb50cd783c","5-ad0b53c904ad6b459d58add7e3df307c1423a50ac80a742fa3799cc8f05f92eb","root.record.ItemExhibitList.P5Item.CostElementCategoryList.Flyaway.NonRecurring.CostElementList.CostElement"
"General Atomics Poway","","CA","0.16","6.00","5.00","9","1","10","11","3","0","0","0","2014-BASE_PROCUREMENT-2014-AIRFORCE_AIRCRAFT_VOL2-PROCUREMENT_MasterJustificationBook_Air_Force_PB_2014.zzz_unzipped-PROCUREMENT_MasterJustificationBook_Air_Force_PB_2014.xml","733336bf324f20dedd4718f00dffef33481f156568307d083925b389c2019d66","0-2c141e10dccddda7427fa2dda3ea3acaca6de1dbe66ba93a8822f94130488d6d","6-61f578450d1ee9806b6b84d1dede0325be2474a6a74d7dc07dda990c5a465f03","root.record.ItemExhibitList.P5Item.CostElementCategoryList.Flyaway.NonRecurring.CostElementList.CostElement"
"L-3 Comm Salt Lake City","","UT/CA","0.08","1.00","0.08","1","0","0","0","9","0","0","0","2014-BASE_PROCUREMENT-2014-AIRFORCE_AIRCRAFT_VOL2-PROCUREMENT_MasterJustificationBook_Air_Force_PB_2014.zzz_unzipped-PROCUREMENT_MasterJustificationBook_Air_Force_PB_2014.xml","733336bf324f20dedd4718f00dffef33481f156568307d083925b389c2019d66","0-fe8659cdd8c3a56a999b7c4285d6966ee2b3284d0fe4be316d2aa8ca56b865f4","7-1f1abedda131273b2dfd911cee500053b82ca07c69d24171d12faaa422acccac","root.record.ItemExhibitList.P5Item.CostElementCategoryList.Flyaway.NonRecurring.CostElementList.CostElement"
"General Atomics Poway","","CA","2.00","5.00","4.00","9","7","19","26","12","0","0","0","2014-BASE_PROCUREMENT-2014-AIRFORCE_AIRCRAFT_VOL1-PROCUREMENT_MasterJustificationBook_Air_Force_PB_2014.zzz_unzipped-PROCUREMENT_MasterJustificationBook_Air_Force_PB_2014.xml","1081d29dcea112091b01ebd34b03ccf860c11b197b2d61df1dd61c17f3546d5e","0-c2fe421c1ca3232ef251606a242b798441411a00074588a0ae16b46b822bbc3d","0-540350e8004ebe051dcb025483be74d05b21a5fdf74c4e5e520d0845cc19c5c4","root.record.ItemExhibitList.P5Item.CostElementCategoryList.Flyaway.NonRecurring.CostElementList.CostElement"
"Northrop Grumman","","CA","0.50","3.00","1.00","4","0","0","0","2","0","0","0","2014-BASE_PROCUREMENT-2014-AIRFORCE_AIRCRAFT_VOL1-PROCUREMENT_MasterJustificationBook_Air_Force_PB_2014.zzz_unzipped-PROCUREMENT_MasterJustificationBook_Air_Force_PB_2014.xml","1081d29dcea112091b01ebd34b03ccf860c11b197b2d61df1dd61c17f3546d5e","0-b589fa685b6f08e74e6099d5a94e2d308f84b0108c77aff4684bd8fc18c5631b","1-123fb9ab0b638350e909246958692fc43ff85be4a75e85174c14e7a9dc1dc1f5","root.record.ItemExhibitList.P5Item.CostElementCategoryList.Flyaway.NonRecurring.CostElementList.CostElement"
"General Atomics Poway","","CA","0.33","8.00","4.00","9","6","17","23","9","0","0","0","2014-BASE_PROCUREMENT-2014-AIRFORCE_AIRCRAFT_VOL1-PROCUREMENT_MasterJustificationBook_Air_Force_PB_2014.zzz_unzipped-PROCUREMENT_MasterJustificationBook_Air_Force_PB_2014.xml","1081d29dcea112091b01ebd34b03ccf860c11b197b2d61df1dd61c17f3546d5e","0-05956feb98ea7a5da2b71f347aa16aa3a2ad90241d2fd9a9eae4310ba248fc26","3-2a4e13d84dadf0d14680c5aa9f116930fd2bb6a93a5384e9028dec54cfa2c411","root.record.ItemExhibitList.P5Item.CostElementCategoryList.Flyaway.NonRecurring.CostElementList.CostElement"
"General Atomic Poway","","CA","0.00","0.00","0.00","0","0","0","0","0","0","0","0","2014-BASE_PROCUREMENT-2014-AIRFORCE_AIRCRAFT_VOL1-PROCUREMENT_MasterJustificationBook_Air_Force_PB_2014.zzz_unzipped-PROCUREMENT_MasterJustificationBook_Air_Force_PB_2014.xml","1081d29dcea112091b01ebd34b03ccf860c11b197b2d61df1dd61c17f3546d5e","1-5cf3d32c5d67068de06a48247c9ef6e73a36c9adaae98970645e18e791dc3f6c","3-2a4e13d84dadf0d14680c5aa9f116930fd2bb6a93a5384e9028dec54cfa2c411","root.record.ItemExhibitList.P5Item.CostElementCategoryList.Flyaway.NonRecurring.CostElementList.CostElement"
"General Atomics Poway","","CA","0.00","0.00","0.00","0","0","0","0","0","0","0","0","2014-BASE_PROCUREMENT-2014-AIRFORCE_AIRCRAFT_VOL1-PROCUREMENT_MasterJustificationBook_Air_Force_PB_2014.zzz_unzipped-PROCUREMENT_MasterJustificationBook_Air_Force_PB_2014.xml","1081d29dcea112091b01ebd34b03ccf860c11b197b2d61df1dd61c17f3546d5e","0-e7e80ccc4943da04c04c31c8db93cde32168a98affc1712464991690e4c6cae3","4-e29f6f339b09adc5197e46eb7cd1c212011b5cdada4a460dfb74b4b923c583b1","root.record.ItemExhibitList.P5Item.CostElementCategoryList.Flyaway.NonRecurring.CostElementList.CostElement"
"General Atomics Poway","","CA","0.00","0.00","0.00","0","0","0","0","0","0","0","0","2014-BASE_PROCUREMENT-2014-AIRFORCE_AIRCRAFT_VOL1-PROCUREMENT_MasterJustificationBook_Air_Force_PB_2014.zzz_unzipped-PROCUREMENT_MasterJustificationBook_Air_Force_PB_2014.xml","1081d29dcea112091b01ebd34b03ccf860c11b197b2d61df1dd61c17f3546d5e","0-db888e58106b5897907d5cdb64b18d508ebae30f8b994d24756077d1ae023576","5-3483248f335aeb53b637b2fcba569435e5f182f0956a8f4812b2af3b817ad704","root.record.ItemExhibitList.P5Item.CostElementCategoryList.Flyaway.NonRecurring.CostElementList.CostElement"
"General Atomics Poway","","CA","0.16","6.00","5.00","9","1","10","11","3","0","0","0","2014-BASE_PROCUREMENT-2014-AIRFORCE_AIRCRAFT_VOL1-PROCUREMENT_MasterJustificationBook_Air_Force_PB_2014.zzz_unzipped-PROCUREMENT_MasterJustificationBook_Air_Force_PB_2014.xml","1081d29dcea112091b01ebd34b03ccf860c11b197b2d61df1dd61c17f3546d5e","0-12a89b922408349adbee5454e735bbccc5328259857d98acf7ef6192af49bc1d","6-061b4d80c7f374e92bae83b2c65b3855edef2e5928b498d89ae3c3d1c667a508","root.record.ItemExhibitList.P5Item.CostElementCategoryList.Flyaway.NonRecurring.CostElementList.CostElement"
"L-3 Comm Salt Lake City","","UT/CA","0.08","1.00","0.08","1","0","0","0","9","0","0","0","2014-BASE_PROCUREMENT-2014-AIRFORCE_AIRCRAFT_VOL1-PROCUREMENT_MasterJustificationBook_Air_Force_PB_2014.zzz_unzipped-PROCUREMENT_MasterJustificationBook_Air_Force_PB_2014.xml","1081d29dcea112091b01ebd34b03ccf860c11b197b2d61df1dd61c17f3546d5e","0-bb2f02b7ce1e3b93dc32e918ef307fc3d4d7a514b86fab80e7804e2041622d8b","7-e2e1c5c1fd37dfd710167514846d1b50fb169f75f2857705c94327aafcc4c642","root.record.ItemExhibitList.P5Item.CostElementCategoryList.Flyaway.NonRecurring.CostElementList.CostElement"
"Raytheon Missile Systems","","Tucson, AZ","0.00","0.00","0.00","0","0","0","0","0","5","20","25","2014-BASE_PROCUREMENT-2014-AIRFORCE_MISSILE-PROCUREMENT_JustificationBook_Air_Force_PB_2014.zzz_unzipped-PROCUREMENT_JustificationBook_Air_Force_PB_2014.xml","4f4737b327e599c50bd8b5e43131c73100785cb29979237a4bc48b2a91a01b39","0-df0d38241d86201c9a6201e6082e0aab2074d439bf8e71ed173a73a2488be0b2","4-8a8409ac580c47131ed8adaa89ec50dc873070e13d1d600efc19ca1cc4036e0e","root.record.ItemExhibitList.P5Item.CostElementCategoryList.Flyaway.NonRecurring.CostElementList.CostElement"
"Raytheon Missile Systems","","Tucson, AZ","0.00","0.00","0.00","0","0","0","0","0","5","20","25","2014-BASE_PROCUREMENT-2014-AIRFORCE_MISSILE-PROCUREMENT_MasterJustificationBook_Air_Force_PB_2014.zzz_unzipped-PROCUREMENT_MasterJustificationBook_Air_Force_PB_2014.xml","a753a19215d75ef90c3a194a6a572c3178c5490c79934920f930a86cad1726b1","0-e3b1afc9cb36f368dd1bfa02639186e5d209ba61e2c97bfafdc57cc953c7c955","4-8f7ace083fbdf31fd970a1b1a4dfcc98adc441f548314454cf5e3462a6f846e1","root.record.ItemExhibitList.P5Item.CostElementCategoryList.Flyaway.NonRecurring.CostElementList.CostElement"
"TBD","","TBD","12","833","600","0","10","6","16","0","10","6","16","2014-BASE_PROCUREMENT-2014-ARMY_OTHER_2-PROCUREMENT_JustificationBook_Army_PB_2014.zzz_unzipped-PROCUREMENT_JustificationBook_Army_PB_2014.xml","df1174508e31db49beb81909a5fa56b00bc8afeaf03b853d4fdb48fd86725c49","0-4df2b09ae241fa313ab458b428ceb35684ab1aa3864f43f6c47600fdc001cb67","1-d917f7f1f6b1821f10ba7a7f7706092a840651ff0a2db0f8f096eb5e07b8ecd0","root.record.ItemExhibitList.P5Item.CostElementCategoryList.Flyaway.NonRecurring.CostElementList.CostElement"
"TBD","","TBD","12","833","600","0","10","6","16","0","10","6","16","2014-BASE_PROCUREMENT-2014-ARMY_OTHER_2-PROCUREMENT_JustificationBook_Army_PB_2014.zzz_unzipped-PROCUREMENT_JustificationBook_Army_PB_2014.xml","df1174508e31db49beb81909a5fa56b00bc8afeaf03b853d4fdb48fd86725c49","0-2c9b8da0bd699d7b1964d6da145360cc6f93b7a00e408a5a98bf79b9e151c1cd","2-ae0c7e08696360a08e8e6ed87fe382e6a2ab0f2905cabfb77d3f7c56eb5bf69a","root.record.ItemExhibitList.P5Item.CostElementCategoryList.Flyaway.NonRecurring.CostElementList.CostElement"
"Raytheon Missile System"," This item pertains to Containers","Tucson, AZ","300","800","600","0","9","25","34","0","5","19","24","2014-BASE_PROCUREMENT-2014-NAVY_WEAPONS-PROCUREMENT_JustificationBook_Navy_PB_2014.zzz_unzipped-PROCUREMENT_JustificationBook_Navy_PB_2014.xml","14ddc52b335fbb40e1b4d53c671ed3dd8ed450cb174d5c57c5c97e35a2a8c182","0-69edd35eeed328bd73e498c606147824b838f305d2521e836255218f8067a744","1-73c097194f6200546cc943a845f1030142116bd75ddfde9d3a996c5fe5001327","root.record.ItemExhibitList.P5Item.CostElementCategoryList.Flyaway.NonRecurring.CostElementList.CostElement"
"Raytheon Missile System"," This item pertains to Containers","Tucson, AZ","300","800","600","0","9","25","34","0","5","19","24","2014-BASE_PROCUREMENT-2014-NAVY_WEAPONS-PROCUREMENT_MasterJustificationBook_Navy_PB_2014.zzz_unzipped-PROCUREMENT_MasterJustificationBook_Navy_PB_2014.xml","5a556e36acba728d692fe216a0535a16f2c06166231ac7b8a85738063433b2be","0-55f321c67f49354d7a79eececbc49cb4e997327bf742a199b69ecede413cab40","1-547d314e170d934b5ca99ba6d1bae350c2f92608950e2efe4156615c56217a63","root.record.ItemExhibitList.P5Item.CostElementCategoryList.Flyaway.NonRecurring.CostElementList.CostElement"
"General Atomics Poway","","CA","24.00","60.00","48.00","9","0","0","0","12","8","23","31","2015-BASE_PROCUREMENT-2015-AIRFORCE_AIRCRAFT_VOL1-PROCUREMENT_JustificationBook_Air_Force_PB_2015.zzz_unzipped-PROCUREMENT_JustificationBook_Air_Force_PB_2015.xml","2cd614d1418489ab3d0814dc0a2501ca519ce6c4a6258e09a315c10505d57b13","0-9144110714249f4772db52d2eb4a59270236f842a187c9c8e20c521eeeb7c20f","0-f096812d7d77abf960abf940ab21ee6c2eafe202de86d7a767872ac80ecaf8dd","root.record.ItemExhibitList.P5Item.CostElementCategoryList.Flyaway.NonRecurring.CostElementList.CostElement"
"General Atomics Poway","","CA","1.50","18.00","4.00","9","1","19","20","9","0","0","0","2015-BASE_PROCUREMENT-2015-AIRFORCE_AIRCRAFT_VOL1-PROCUREMENT_JustificationBook_Air_Force_PB_2015.zzz_unzipped-PROCUREMENT_JustificationBook_Air_Force_PB_2015.xml","2cd614d1418489ab3d0814dc0a2501ca519ce6c4a6258e09a315c10505d57b13","0-4531c5bbc85aeb4c8bb2b61f917d98e58e148a7ef75ce31b8e62519e3b4b6ffe","2-27ce7bb54512b896fce1d817d06c90fbc60519cfceb52a9b54939e640863fca3","root.record.ItemExhibitList.P5Item.CostElementCategoryList.Flyaway.NonRecurring.CostElementList.CostElement"
"General Atomics Poway","","CA","1.50","24.00","1.50","5","1","19","20","5","0","0","0","2015-BASE_PROCUREMENT-2015-AIRFORCE_AIRCRAFT_VOL1-PROCUREMENT_JustificationBook_Air_Force_PB_2015.zzz_unzipped-PROCUREMENT_JustificationBook_Air_Force_PB_2015.xml","2cd614d1418489ab3d0814dc0a2501ca519ce6c4a6258e09a315c10505d57b13","0-3e752a6a474d8bab6e30b2e0ea6271275700f78389216e1e717fba7b286922fe","3-ed08d82bf2e1b4a26136ec6cb5c03d7f21512df59be8c4c89ff812a5954b46b2","root.record.ItemExhibitList.P5Item.CostElementCategoryList.Flyaway.NonRecurring.CostElementList.CostElement"
"General Atomics Poway","","CA","0.00","0.00","0.00","0","0","0","0","0","0","0","0","2015-BASE_PROCUREMENT-2015-AIRFORCE_AIRCRAFT_VOL1-PROCUREMENT_JustificationBook_Air_Force_PB_2015.zzz_unzipped-PROCUREMENT_JustificationBook_Air_Force_PB_2015.xml","2cd614d1418489ab3d0814dc0a2501ca519ce6c4a6258e09a315c10505d57b13","0-3ebd40c271e7ec5c6d706d0024d457584662c9d38c85793a1ad5d5128c897411","4-2823ba083e12c8b14e5089f083b5a2ac7bb08a2f8b8cc7bd6a27b183fb52f926","root.record.ItemExhibitList.P5Item.CostElementCategoryList.Flyaway.NonRecurring.CostElementList.CostElement"
"General Atomics Poway","","CA","4.00","72.00","60.00","9","7","15","22","3","0","0","0","2015-BASE_PROCUREMENT-2015-AIRFORCE_AIRCRAFT_VOL1-PROCUREMENT_JustificationBook_Air_Force_PB_2015.zzz_unzipped-PROCUREMENT_JustificationBook_Air_Force_PB_2015.xml","2cd614d1418489ab3d0814dc0a2501ca519ce6c4a6258e09a315c10505d57b13","0-02e0a041c360c4121f442250b6fca21bb20f944fcd37fcacfaafef19110f7494","5-09039dcecb85083cd4183f1189b97817ca18b475d82a5c9f55847881e83e981f","root.record.ItemExhibitList.P5Item.CostElementCategoryList.Flyaway.NonRecurring.CostElementList.CostElement"
"L-3 Comm Salt Lake City","","UT/CA","6.00","24.00","6.00","1","9","19","28","9","0","0","0","2015-BASE_PROCUREMENT-2015-AIRFORCE_AIRCRAFT_VOL1-PROCUREMENT_JustificationBook_Air_Force_PB_2015.zzz_unzipped-PROCUREMENT_JustificationBook_Air_Force_PB_2015.xml","2cd614d1418489ab3d0814dc0a2501ca519ce6c4a6258e09a315c10505d57b13","0-c3ccf01a97237bb36d4347ec7a97cccf4c75352bbb153e9d28051b04c2f37d33","6-a049d16eb99ed77f3b076e98ace76a307e60cc8a629ee60ffdae51d365e5bff9","root.record.ItemExhibitList.P5Item.CostElementCategoryList.Flyaway.NonRecurring.CostElementList.CostElement"
"General Atomics Poway","","CA","24.00","60.00","48.00","9","0","0","0","12","8","23","31","2015-BASE_PROCUREMENT-2015-AIRFORCE_AIRCRAFT_VOL2-PROCUREMENT_MasterJustificationBook_Air_Force_PB_2015.zzz_unzipped-PROCUREMENT_MasterJustificationBook_Air_Force_PB_2015.xml","adb5e510abf2114f09fbcae25f2df9157bffdf6d57f264f0c282c73115f52611","0-40797599eb24f8e6dbf8fa838038212d124c97173594f8919c6cf81db1adc3c0","0-ee101dd4cc623b651c27706be70b37266cbae914c79bec7801613ce9fc6d14d6","root.record.ItemExhibitList.P5Item.CostElementCategoryList.Flyaway.NonRecurring.CostElementList.CostElement"
"General Atomics Poway","","CA","1.50","18.00","4.00","9","1","19","20","9","0","0","0","2015-BASE_PROCUREMENT-2015-AIRFORCE_AIRCRAFT_VOL2-PROCUREMENT_MasterJustificationBook_Air_Force_PB_2015.zzz_unzipped-PROCUREMENT_MasterJustificationBook_Air_Force_PB_2015.xml","adb5e510abf2114f09fbcae25f2df9157bffdf6d57f264f0c282c73115f52611","0-665abaff456a41b633055813673c91afb0d2d854fc349b66b873dda09991f830","2-fa76fa7703c162d7b51c151c93790c56c3d1abaa544eafd4244319abe2080c01","root.record.ItemExhibitList.P5Item.CostElementCategoryList.Flyaway.NonRecurring.CostElementList.CostElement"
"General Atomics Poway","","CA","1.50","24.00","1.50","5","1","19","20","5","0","0","0","2015-BASE_PROCUREMENT-2015-AIRFORCE_AIRCRAFT_VOL2-PROCUREMENT_MasterJustificationBook_Air_Force_PB_2015.zzz_unzipped-PROCUREMENT_MasterJustificationBook_Air_Force_PB_2015.xml","adb5e510abf2114f09fbcae25f2df9157bffdf6d57f264f0c282c73115f52611","0-8f8505e12e14449223fb4f10308d4f723ff77f686382b7caf043717f98c25cbc","3-a5b39993f4bf217cae4db3d516d80ccd74f7203a79d19d4cf73a685d39dd6dc8","root.record.ItemExhibitList.P5Item.CostElementCategoryList.Flyaway.NonRecurring.CostElementList.CostElement"
"General Atomics Poway","","CA","0.00","0.00","0.00","0","0","0","0","0","0","0","0","2015-BASE_PROCUREMENT-2015-AIRFORCE_AIRCRAFT_VOL2-PROCUREMENT_MasterJustificationBook_Air_Force_PB_2015.zzz_unzipped-PROCUREMENT_MasterJustificationBook_Air_Force_PB_2015.xml","adb5e510abf2114f09fbcae25f2df9157bffdf6d57f264f0c282c73115f52611","0-ccaadc8d82f2ae4a8a971cce4bc70021bf1d85ee26ce8927d6464f4ad567c355","4-589f2eb504ddbc9466ff8e46eea547e28ad98acacca288fa82984ca8c7b148ee","root.record.ItemExhibitList.P5Item.CostElementCategoryList.Flyaway.NonRecurring.CostElementList.CostElement"
"General Atomics Poway","","CA","4.00","72.00","60.00","9","7","15","22","3","0","0","0","2015-BASE_PROCUREMENT-2015-AIRFORCE_AIRCRAFT_VOL2-PROCUREMENT_MasterJustificationBook_Air_Force_PB_2015.zzz_unzipped-PROCUREMENT_MasterJustificationBook_Air_Force_PB_2015.xml","adb5e510abf2114f09fbcae25f2df9157bffdf6d57f264f0c282c73115f52611","0-79bb3b3518ba24141f7afbc8cc4050eb29d3d375d2e12a467e2eba8439b0e8b4","5-348edb9183f0ec7e5b1b0c43ae7de7373e8b2fe1fc1df9ca47488fde95426cb4","root.record.ItemExhibitList.P5Item.CostElementCategoryList.Flyaway.NonRecurring.CostElementList.CostElement"
"L-3 Comm Salt Lake City","","UT/CA","6.00","24.00","6.00","1","9","19","28","9","0","0","0","2015-BASE_PROCUREMENT-2015-AIRFORCE_AIRCRAFT_VOL2-PROCUREMENT_MasterJustificationBook_Air_Force_PB_2015.zzz_unzipped-PROCUREMENT_MasterJustificationBook_Air_Force_PB_2015.xml","adb5e510abf2114f09fbcae25f2df9157bffdf6d57f264f0c282c73115f52611","0-c47482c15aefbf2e67149ea9ceaf0d3f77b246a6725b7497faeef23b2d72af7b","6-49a4c064c3fc742883d90b3e6a8030d247af1570a273351a75a5eb7f0b4d280b","root.record.ItemExhibitList.P5Item.CostElementCategoryList.Flyaway.NonRecurring.CostElementList.CostElement"
"Raytheon Missile Systems","","Tucson, AZ","75.00","200.00","150.00","0","0","0","0","0","5","20","25","2015-BASE_PROCUREMENT-2015-AIRFORCE_MISSILE-PROCUREMENT_JustificationBook_Air_Force_PB_2015.zzz_unzipped-PROCUREMENT_JustificationBook_Air_Force_PB_2015.xml","32e25787acaf34a2798bfe36e0055afab6906b8c6c13bdaf1bd4228a84174195","0-3decf80547993543999f36b7480d845d651151b672dddbf5c16c3b4013560a78","1-5f9997813fb13c9ef75b66f7764ea2883f72406f82cf73a46f81e107e48d9048","root.record.ItemExhibitList.P5Item.CostElementCategoryList.Flyaway.NonRecurring.CostElementList.CostElement"
"Raytheon Missile Systems","","Tucson, AZ","75.00","200.00","150.00","0","0","0","0","0","5","20","25","2015-BASE_PROCUREMENT-2015-AIRFORCE_MISSILE-PROCUREMENT_MasterJustificationBook_Air_Force_PB_2015.zzz_unzipped-PROCUREMENT_MasterJustificationBook_Air_Force_PB_2015.xml","19f5e55ad1bba5d99c1918715eec03055f7192c6d07351f56f32cfd766930384","0-60dac22768aa5fc824909b94206eab4f31fa1615022c7faca3c0ddf6111ea32c","1-ea49be0b09f03b05622228ae0fdc412939ea3ca1082e8b55e5bf829969ddaac6","root.record.ItemExhibitList.P5Item.CostElementCategoryList.Flyaway.NonRecurring.CostElementList.CostElement"
"General Atomics Poway","","CA","24.00","60.00","48.00","9","0","0","0","12","8","23","31","2015-AMENDED_PROCUREMENT_AND_RDTE-2015-AIRFORCE_AMMO-PROCUREMENT_JustificationBook_Air_Force_PBAmended_2015.zzz_unzipped-PROCUREMENT_JustificationBook_Air_Force_PBAmended_2015.xml","4f5e25a96a9631e83d39707e6291ba7487d88395b62465e7328a257a5c7da0a8","0-92636d9eab1687c5a0c124d2155dc8be05f5b63a006dc92f62d4e988cc4d6868","0-9e30dfb5b45017351c3044b95f026979ea0804b65e657ea545d414c0759ded65","root.record.ItemExhibitList.P5Item.CostElementCategoryList.Flyaway.NonRecurring.CostElementList.CostElement"
"General Atomics Poway","","CA","1.50","18.00","4.00","9","1","19","20","9","0","0","0","2015-AMENDED_PROCUREMENT_AND_RDTE-2015-AIRFORCE_AMMO-PROCUREMENT_JustificationBook_Air_Force_PBAmended_2015.zzz_unzipped-PROCUREMENT_JustificationBook_Air_Force_PBAmended_2015.xml","4f5e25a96a9631e83d39707e6291ba7487d88395b62465e7328a257a5c7da0a8","0-3103f12413878761cd106fe641a76df0342017cf4e51ad6a1e665231e930c40a","2-6cde71debc70438799de07c1f00a19bae9b8903dd9095366d31a6d30f8068438","root.record.ItemExhibitList.P5Item.CostElementCategoryList.Flyaway.NonRecurring.CostElementList.CostElement"
"General Atomics Poway","","CA","1.50","24.00","1.50","5","1","19","20","5","0","0","0","2015-AMENDED_PROCUREMENT_AND_RDTE-2015-AIRFORCE_AMMO-PROCUREMENT_JustificationBook_Air_Force_PBAmended_2015.zzz_unzipped-PROCUREMENT_JustificationBook_Air_Force_PBAmended_2015.xml","4f5e25a96a9631e83d39707e6291ba7487d88395b62465e7328a257a5c7da0a8","0-f63272086cb758dcf239f92dc11819384f3351d45ffc919e4633d8e30f2bd938","3-76affc82bae90bfc10bf543a8f402980f278601273360bc1104f1ae795e202cc","root.record.ItemExhibitList.P5Item.CostElementCategoryList.Flyaway.NonRecurring.CostElementList.CostElement"
"General Atomics Poway","","CA","0.00","0.00","0.00","0","0","0","0","0","0","0","0","2015-AMENDED_PROCUREMENT_AND_RDTE-2015-AIRFORCE_AMMO-PROCUREMENT_JustificationBook_Air_Force_PBAmended_2015.zzz_unzipped-PROCUREMENT_JustificationBook_Air_Force_PBAmended_2015.xml","4f5e25a96a9631e83d39707e6291ba7487d88395b62465e7328a257a5c7da0a8","0-5882421abe575824f925d01939f0616e9618992e723671478a12f6cf60e19a13","4-de7f4d31094b21029ae762de81475567a8324729857fcf210dd447da00158ea3","root.record.ItemExhibitList.P5Item.CostElementCategoryList.Flyaway.NonRecurring.CostElementList.CostElement"
"General Atomics Poway","","CA","4.00","72.00","60.00","9","7","15","22","3","0","0","0","2015-AMENDED_PROCUREMENT_AND_RDTE-2015-AIRFORCE_AMMO-PROCUREMENT_JustificationBook_Air_Force_PBAmended_2015.zzz_unzipped-PROCUREMENT_JustificationBook_Air_Force_PBAmended_2015.xml","4f5e25a96a9631e83d39707e6291ba7487d88395b62465e7328a257a5c7da0a8","0-cee71e41fcc354b5848e7ebb2723e6ab0c688bf4183f61d0b2d674a76d0a55ad","5-6085f89507ddac0b2c047c991b547e40e45aae2d365412865d8a73550b2b2b66","root.record.ItemExhibitList.P5Item.CostElementCategoryList.Flyaway.NonRecurring.CostElementList.CostElement"
"L-3 Comm Salt Lake City","","UT/CA","6.00","24.00","6.00","1","9","19","28","9","0","0","0","2015-AMENDED_PROCUREMENT_AND_RDTE-2015-AIRFORCE_AMMO-PROCUREMENT_JustificationBook_Air_Force_PBAmended_2015.zzz_unzipped-PROCUREMENT_JustificationBook_Air_Force_PBAmended_2015.xml","4f5e25a96a9631e83d39707e6291ba7487d88395b62465e7328a257a5c7da0a8","0-5caa994763f3aac1c6e6b3eaa3122cf544a68c0ccd23175bb26439cd97a744b9","6-1919d9abaede47ab3a06aa3deeba3ec1802cc6e838038bc33cd14f798085ad35","root.record.ItemExhibitList.P5Item.CostElementCategoryList.Flyaway.NonRecurring.CostElementList.CostElement"
"General Atomics Poway","","CA","24.00","60.00","48.00","9","0","0","0","12","8","23","31","2015-AMENDED_PROCUREMENT_AND_RDTE-2015-AIRFORCE_AMMO-PROCUREMENT_MasterJustificationBook_Air_Force_PBAmended_2015.zzz_unzipped-PROCUREMENT_MasterJustificationBook_Air_Force_PBAmended_2015.xml","c88599ce833a90514c212bd46c587f6ee36c1f3c67a0d8bbeae16830465cb8f5","0-937552869cd4910f8502eee503cf84256ef6ac6ab9848fa734455d854a70ca75","0-9c27cafd63f7056a102a414903c816e347677180f367969a8ec2d087cb37d506","root.record.ItemExhibitList.P5Item.CostElementCategoryList.Flyaway.NonRecurring.CostElementList.CostElement"
"General Atomics Poway","","CA","1.50","18.00","4.00","9","1","19","20","9","0","0","0","2015-AMENDED_PROCUREMENT_AND_RDTE-2015-AIRFORCE_AMMO-PROCUREMENT_MasterJustificationBook_Air_Force_PBAmended_2015.zzz_unzipped-PROCUREMENT_MasterJustificationBook_Air_Force_PBAmended_2015.xml","c88599ce833a90514c212bd46c587f6ee36c1f3c67a0d8bbeae16830465cb8f5","0-857513b3d5123c71cea60367160b909b98cb5889684be480de23de33631bbdcd","2-a022100436dd31d740ffd774b6828f238662ad44effa2105eedc12bad0fb375c","root.record.ItemExhibitList.P5Item.CostElementCategoryList.Flyaway.NonRecurring.CostElementList.CostElement"
"General Atomics Poway","","CA","1.50","24.00","1.50","5","1","19","20","5","0","0","0","2015-AMENDED_PROCUREMENT_AND_RDTE-2015-AIRFORCE_AMMO-PROCUREMENT_MasterJustificationBook_Air_Force_PBAmended_2015.zzz_unzipped-PROCUREMENT_MasterJustificationBook_Air_Force_PBAmended_2015.xml","c88599ce833a90514c212bd46c587f6ee36c1f3c67a0d8bbeae16830465cb8f5","0-8a476ee862dc8430cd9d409368889b5ea78c7e7264d051d21c7731ca85e2c15d","3-cfedeb3be89c64636b8fa26890b67ec1c5448c1568b94f2fab1c41a6de5d831a","root.record.ItemExhibitList.P5Item.CostElementCategoryList.Flyaway.NonRecurring.CostElementList.CostElement"
"General Atomics Poway","","CA","0.00","0.00","0.00","0","0","0","0","0","0","0","0","2015-AMENDED_PROCUREMENT_AND_RDTE-2015-AIRFORCE_AMMO-PROCUREMENT_MasterJustificationBook_Air_Force_PBAmended_2015.zzz_unzipped-PROCUREMENT_MasterJustificationBook_Air_Force_PBAmended_2015.xml","c88599ce833a90514c212bd46c587f6ee36c1f3c67a0d8bbeae16830465cb8f5","0-19da9ad0f771dcc049bce19c5baa94fe9cbe97bf9737725bb0bb7632feef7a3b","4-467b34c9c83ba137e891c18b0b2a88924d220fc358f670ffd6cc5199cd9fd004","root.record.ItemExhibitList.P5Item.CostElementCategoryList.Flyaway.NonRecurring.CostElementList.CostElement"
"General Atomics Poway","","CA","4.00","72.00","60.00","9","7","15","22","3","0","0","0","2015-AMENDED_PROCUREMENT_AND_RDTE-2015-AIRFORCE_AMMO-PROCUREMENT_MasterJustificationBook_Air_Force_PBAmended_2015.zzz_unzipped-PROCUREMENT_MasterJustificationBook_Air_Force_PBAmended_2015.xml","c88599ce833a90514c212bd46c587f6ee36c1f3c67a0d8bbeae16830465cb8f5","0-5ed08edde376b5254e44d5958a6b75c98ae969149055271bda370915d2aae07b","5-66813c1e25cf6e7cd8aabb923074aa32eb21534ba629788f47317c437c13386a","root.record.ItemExhibitList.P5Item.CostElementCategoryList.Flyaway.NonRecurring.CostElementList.CostElement"
"L-3 Comm Salt Lake City","","UT/CA","6.00","24.00","6.00","1","9","19","28","9","0","0","0","2015-AMENDED_PROCUREMENT_AND_RDTE-2015-AIRFORCE_AMMO-PROCUREMENT_MasterJustificationBook_Air_Force_PBAmended_2015.zzz_unzipped-PROCUREMENT_MasterJustificationBook_Air_Force_PBAmended_2015.xml","c88599ce833a90514c212bd46c587f6ee36c1f3c67a0d8bbeae16830465cb8f5","0-8b40dd3b8a37adfa9b7006ccf609d8223d3330260e44f3e7fc31a5ac2ea1be23","6-1c121b1a1e39c3c28bff24682de7e510c41da32dd08f1d591e86b027c8827276","root.record.ItemExhibitList.P5Item.CostElementCategoryList.Flyaway.NonRecurring.CostElementList.CostElement"
"General Dynamics C4 Systems","","Scottsdale, AZ","12","833","600","0","10","6","16","0","10","6","16","2015-BASE_PROCUREMENT-2015-ARMY_OTHER_2-PROCUREMENT_JustificationBook_Army_PB_2015.zzz_unzipped-PROCUREMENT_JustificationBook_Army_PB_2015.xml","6f461aa1cfb0c25e95289e812d6207e88a933c52a5097fedaea33216851f407c","0-f1525b61d949f9dd8c7c97e18864cdf8a2499685f59c4fb6ec463ddc9bad9c27","1-daeec904cc1a0a62536099ce76982d7633bd78f30d063274ad8ed667f1149fb8","root.record.ItemExhibitList.P5Item.CostElementCategoryList.Flyaway.NonRecurring.CostElementList.CostElement"
"TBD","","TBD","12","833","600","0","10","6","16","0","10","6","16","2015-BASE_PROCUREMENT-2015-ARMY_OTHER_2-PROCUREMENT_JustificationBook_Army_PB_2015.zzz_unzipped-PROCUREMENT_JustificationBook_Army_PB_2015.xml","6f461aa1cfb0c25e95289e812d6207e88a933c52a5097fedaea33216851f407c","1-c4784482b1969861c6d77f5ef1b5ab1bc46d269d16929dbf0879c64f56ab567b","1-daeec904cc1a0a62536099ce76982d7633bd78f30d063274ad8ed667f1149fb8","root.record.ItemExhibitList.P5Item.CostElementCategoryList.Flyaway.NonRecurring.CostElementList.CostElement"
"Air Methods Corp","","Denver, Colorado","10","15","12","0","0","10","10","0","0","4","4","2016-BASE_PROCUREMENT-2016-ARMY_OTHER_3-4-PROCUREMENT_JustificationBook_Army_PB_2016.zzz_unzipped-PROCUREMENT_JustificationBook_Army_PB_2016.xml","ef3b69f10ebff91f8bf751d300d4cf4d4e13e478b1d1e22d699d9665d71425b1","0-e8869db5dd2206775d4e44f019360c4ba45c5d69cb8dd20d8e9d1f70257b9aa7","0-9e5a4221bbdb8da16fbf968747bafdadef7bf644b14d089f6df83efbefc9b232","root.record.ItemExhibitList.P5Item.CostElementCategoryList.Flyaway.NonRecurring.CostElementList.CostElement"
"TBD","","TBD","1","240","60","0","0","0","0","0","0","0","0","2016-BASE_PROCUREMENT-2016-ARMY_OTHER_2-PROCUREMENT_JustificationBook_Army_PB_2016.zzz_unzipped-PROCUREMENT_JustificationBook_Army_PB_2016.xml","9cc6fde9617f3ff9b3519048047375840475633220023ba0edfe1959d43eb8ca","0-adee4e17325a699da84937bcc83cb5e9152191e49448b2d0abfdd26c85b4249f","1-192600f48bf1fc7ec6529520c9822278fad9da1ba42e4c788a214c0da41a3c9b","root.record.ItemExhibitList.P5Item.CostElementCategoryList.Flyaway.NonRecurring.CostElementList.CostElement"
"ARDEC","Production times are estimates based on market research.","Picatanny Arsenal, NJ","0","100","100","2","2","10","12","2","2","10","12","2016-BASE_PROCUREMENT-2016-NAVY_MARINECORPS-PROCUREMENT_JustificationBook_Navy_PB_2016.zzz_unzipped-PROCUREMENT_JustificationBook_Navy_PB_2016.xml","4c86f751daefee1c87fc0b881d96515fc6defe8c6faf6fa4093bbe7c79f13a0b","0-29f063462467c47f5521e58946fef079c4f3b8a403635cde74a274139db55095","0-274d9231199ee8065a130d5c631ff984fc0972b3cfeda67e5f9813d057d8c9b1","root.record.ItemExhibitList.P5Item.CostElementCategoryList.Flyaway.NonRecurring.CostElementList.CostElement"
"ARDEC","Production times are estimates based on market research.","Picatanny Arsenal, NJ","0","100","100","2","2","10","12","2","2","10","12","2016-BASE_PROCUREMENT-2016-NAVY_MARINECORPS-PROCUREMENT_MasterJustificationBook_Navy_PB_2016.zzz_unzipped-PROCUREMENT_MasterJustificationBook_Navy_PB_2016.xml","66c9af6dded5cf45048b9d8c42eba310c7b7dd21d1dbc40eb6a526118589443c","0-98110ce2194f35bec2c64f1c38d3f676da7bbc36d5de02687063fea5314780ab","0-ba563c0310cbf69b316c392b25f0e0aba31b4cd075649cad1669ba33730cd6ab","root.record.ItemExhibitList.P5Item.CostElementCategoryList.Flyaway.NonRecurring.CostElementList.CostElement"
"Raytheon Missile System","","Tucson, AZ","300","800","600","0","9","25","34","0","5","19","24","2016-BASE_PROCUREMENT-2016-NAVY_WEAPONS-PROCUREMENT_JustificationBook_Navy_PB_2016.zzz_unzipped-PROCUREMENT_JustificationBook_Navy_PB_2016.xml","ad91d99463c07ddfe477033b4747e0917df6f11717b09f7e62766a64f427fffe","0-f64b59df04afbd4a7a1a6a6346885bf938a11858376937a6e88c57632828a92e","1-453b85d63b55b85a31ee6197e9fece503435933084db06ae015f6a1181ffaa4c","root.record.ItemExhibitList.P5Item.CostElementCategoryList.Flyaway.NonRecurring.CostElementList.CostElement"
"Raytheon Missile System","","Tucson, AZ","300","800","600","0","9","25","34","0","5","19","24","2016-BASE_PROCUREMENT-2016-NAVY_WEAPONS-PROCUREMENT_MasterJustificationBook_Navy_PB_2016.zzz_unzipped-PROCUREMENT_MasterJustificationBook_Navy_PB_2016.xml","6517f9a798d3b51b90eb4335f00b314d287e62a67a279c43e92bb627a77a3d95","0-fe6c6549bcaf7e34d523e88b274e0dd0b8454bd7dab9eb118ec201480dc73e03","1-ba6ded205687fba37067b89747bbef9a38bb2e00a89cf6fa10a24123531c3c86","root.record.ItemExhibitList.P5Item.CostElementCategoryList.Flyaway.NonRecurring.CostElementList.CostElement"
"SSC LANT","","Charleston, SC","","","","","","","","","","","","2016-BASE_PROCUREMENT-2016-NAVY_OTHER_BA2-PROCUREMENT_JustificationBook_Navy_PB_2016.zzz_unzipped-PROCUREMENT_JustificationBook_Navy_PB_2016.xml","1181a0d97d78738d79a90c311e5848b96cb4b151f082b5c3877d824c37b34c55","0-57fa9f2428d31a8aa6174df1dee7342bb93b23a508d92d9aaf6fff56c429340e","0-ae2cc740d941b351f35336c6b264493df195bd6f69814acca9d3e75a014f7290","root.record.ItemExhibitList.P5Item.CostElementCategoryList.Flyaway.NonRecurring.CostElementList.CostElement"
"SSC LANT","","Charleston, SC","1.00","10.00","5.00","0","7","4","11","0","0","0","0","2016-BASE_PROCUREMENT-2016-NAVY_OTHER_BA2-PROCUREMENT_JustificationBook_Navy_PB_2016.zzz_unzipped-PROCUREMENT_JustificationBook_Navy_PB_2016.xml","e3a5c42ddd179fa99f4a16274ff50b1fdc8118dc1fdb818695be7678fc9ccb34","0-fcba2f7d396472079cbfb950ba4fd3f52c0f92033c5c7d860a67e326b9a5701c","1-0ac940c9d61b960927ab21b2907478ad796ee088d84680095f1de01e674e8de5","root.record.ItemExhibitList.P5Item.CostElementCategoryList.Flyaway.NonRecurring.CostElementList.CostElement"
"Argon ST","","Arlington, VA","1.00","9.00","7.00","0","8","18","26","0","0","0","0","2016-BASE_PROCUREMENT-2016-NAVY_OTHER_BA2-PROCUREMENT_JustificationBook_Navy_PB_2016.zzz_unzipped-PROCUREMENT_JustificationBook_Navy_PB_2016.xml","e3a5c42ddd179fa99f4a16274ff50b1fdc8118dc1fdb818695be7678fc9ccb34","0-ecd2348e5bc896da3cc7f90523cad75c7fb4f9b085e25516583d1d50800ca4ed","0-43992ae6b303153a4f018af05e1656896f8e6fe8f54bc2dd85ebc8f2d6b7ba01","root.record.ItemExhibitList.P5Item.CostElementCategoryList.Flyaway.NonRecurring.CostElementList.CostElement"
"SSC LANT","","Charleston, SC","","","","","","","","","","","","2016-BASE_PROCUREMENT-2016-NAVY_OTHER_BA5-8-PROCUREMENT_MasterJustificationBook_Navy_PB_2016.zzz_unzipped-PROCUREMENT_MasterJustificationBook_Navy_PB_2016.xml","841da19ad0161c2458a895954b9b94b9700540e1e59b4cf99ec6fa117bf2d896","0-bb80f93f45478524276f28c7bfc952fc824f6f2b6c519ad3f66101e2d819ae05","0-0c1255837eef982af1242f3533efb393cda1be00adc8e5570d51e3c15b982c68","root.record.ItemExhibitList.P5Item.CostElementCategoryList.Flyaway.NonRecurring.CostElementList.CostElement"
"SSC LANT","","Charleston, SC","1.00","10.00","5.00","0","7","4","11","0","0","0","0","2016-BASE_PROCUREMENT-2016-NAVY_OTHER_BA5-8-PROCUREMENT_MasterJustificationBook_Navy_PB_2016.zzz_unzipped-PROCUREMENT_MasterJustificationBook_Navy_PB_2016.xml","d858062d379fd903fc742fa85beffdbcceec18b18cf732fedb5fc27bbed9dd7a","0-1b71c11901e304efb6e24f66cb3f15c193a4ad38b27979b60c045fa5902fd47f","1-1d83cdf8c9f20036579f26f0bf417a935bcb1e8bbd417b68996f1bea150d3226","root.record.ItemExhibitList.P5Item.CostElementCategoryList.Flyaway.NonRecurring.CostElementList.CostElement"
"Argon ST","","Arlington, VA","1.00","9.00","7.00","0","8","18","26","0","0","0","0","2016-BASE_PROCUREMENT-2016-NAVY_OTHER_BA5-8-PROCUREMENT_MasterJustificationBook_Navy_PB_2016.zzz_unzipped-PROCUREMENT_MasterJustificationBook_Navy_PB_2016.xml","d858062d379fd903fc742fa85beffdbcceec18b18cf732fedb5fc27bbed9dd7a","0-b3a9ba1a92126918314853d47e6fb26bc330792098f92fb656b07866dc64e314","0-00a161faf5ebd687c900e8c8a8fd9aef9ec3c6bf76b552d9d815f2b9f59c13d8","root.record.ItemExhibitList.P5Item.CostElementCategoryList.Flyaway.NonRecurring.CostElementList.CostElement"
"Veterans Corp","","Fairfax","1","875","775","1","4","4","8","1","4","3","7","2017-BASE_PROCUREMENT-2017-ARMY_OTHER_3-4-U_PROCUREMENT_JustificationBook_Army_PB_2017.zzz_unzipped-U_PROCUREMENT_JustificationBook_Army_PB_2017.xml","e7a9e9c04ff350db26a96666e5eb4e4c706f38ef970e5e2e9f59331ad1709b5e","0-6c9256ee50b6124f43ad8885d17973e97b50f259144329c4d96ab3b0af82b0a7","0-91bcea25d685a455b615faf4a1670a2303832c5fab69e3cb7613c341271bedc5","root.record.ItemExhibitList.P5Item.CostElementCategoryList.Flyaway.NonRecurring.CostElementList.CostElement"
"Veterans Corp","","Fairfax","1","875","775","1","4","4","8","1","4","3","7","2017-BASE_PROCUREMENT-2017-ARMY_OTHER_3-4-U_PROCUREMENT_JustificationBook_Army_PB_2017.zzz_unzipped-U_PROCUREMENT_JustificationBook_Army_PB_2017.xml","e7a9e9c04ff350db26a96666e5eb4e4c706f38ef970e5e2e9f59331ad1709b5e","0-1e5cdc0a32da5c4e67725ba608ced195772d4062930cd9e08c7946f828aebd22","1-9c9fe044c0a0f5d6f242bd95525eff9c35629e0676f4a524abf0de3bf6a9a8b8","root.record.ItemExhibitList.P5Item.CostElementCategoryList.Flyaway.NonRecurring.CostElementList.CostElement"
"Veterans Corp","","Fairfax","1","875","775","1","4","4","8","1","4","3","7","2017-BASE_PROCUREMENT-2017-ARMY_OTHER_3-4-U_PROCUREMENT_JustificationBook_Army_PB_2017.zzz_unzipped-U_PROCUREMENT_JustificationBook_Army_PB_2017.xml","e7a9e9c04ff350db26a96666e5eb4e4c706f38ef970e5e2e9f59331ad1709b5e","0-c54621f92a661687bbb63a57fadaf97cee0400006392c3e07635ee3902702db4","2-16fcb65d95edc96c76063e4591ca2b67e972943c095fde262991e68d33f983fb","root.record.ItemExhibitList.P5Item.CostElementCategoryList.Flyaway.NonRecurring.CostElementList.CostElement"
"Veterans Corp","","Fairfax","1","875","775","1","4","4","8","1","4","3","7","2017-BASE_PROCUREMENT-2017-ARMY_OTHER_3-4-U_PROCUREMENT_JustificationBook_Army_PB_2017.zzz_unzipped-U_PROCUREMENT_JustificationBook_Army_PB_2017.xml","e7a9e9c04ff350db26a96666e5eb4e4c706f38ef970e5e2e9f59331ad1709b5e","0-eb05f5d2483fe2ff238a2ad2cb1c47c5098b9c06ff503f0de3241729ac5b35ef","3-5a443dde8268aeac0711e76802e58efffe688520f4fb9805a3de74df73bc57b7","root.record.ItemExhibitList.P5Item.CostElementCategoryList.Flyaway.NonRecurring.CostElementList.CostElement"
"Cole Engineering Services","","Orlando","1","5","3","0","3","4","7","0","3","4","7","2017-BASE_PROCUREMENT-2017-ARMY_OTHER_3-4-U_PROCUREMENT_JustificationBook_Army_PB_2017.zzz_unzipped-U_PROCUREMENT_JustificationBook_Army_PB_2017.xml","99fdf12344ddbe14e1ebbcb6290f9a4143355b155574f258b5b758209b883288","0-b9980e90b0d8acdde2d048b95d70b9b86b854009cec9dfe680905745c45e6825","0-76b38943aed8544c6c9cf06522e0a68ecb3d2af5447f21ec454503e93b5f0474","root.record.ItemExhibitList.P5Item.CostElementCategoryList.Flyaway.NonRecurring.CostElementList.CostElement"
"TBD","","TBD","1","5","3","0","6","3","9","0","6","3","9","2017-BASE_PROCUREMENT-2017-ARMY_OTHER_3-4-U_PROCUREMENT_JustificationBook_Army_PB_2017.zzz_unzipped-U_PROCUREMENT_JustificationBook_Army_PB_2017.xml","99fdf12344ddbe14e1ebbcb6290f9a4143355b155574f258b5b758209b883288","1-1eff3a0149923960283ba1c2b1284cfb6e4b1d61bc43d9b480dee73a83ce918c","0-76b38943aed8544c6c9cf06522e0a68ecb3d2af5447f21ec454503e93b5f0474","root.record.ItemExhibitList.P5Item.CostElementCategoryList.Flyaway.NonRecurring.CostElementList.CostElement"
"Northrop Grunman","","Midlothian, VA","","","","0","0","0","0","0","0","0","0","2017-BASE_PROCUREMENT-2017-ARMY_OTHER_2-U_PROCUREMENT_JustificationBook_Army_PB_2017.zzz_unzipped-U_PROCUREMENT_JustificationBook_Army_PB_2017.xml","3c36487d9ab18ab3a6ddc36143223d8e98e24c2d39b68294e3a713fafe06020a","0-7d02ca08b398dbab8444130a400e1168cd28e81bf912eac0aa1f3bd04d3ab3e9","0-0632cb332c21dadac2360203b03510baed27f51ffb1accb50e7f8c7e07fdee54","root.record.ItemExhibitList.P5Item.CostElementCategoryList.Flyaway.NonRecurring.CostElementList.CostElement"
"TBS","","TBS","","","","0","0","0","0","0","0","0","0","2017-BASE_PROCUREMENT-2017-ARMY_OTHER_2-U_PROCUREMENT_JustificationBook_Army_PB_2017.zzz_unzipped-U_PROCUREMENT_JustificationBook_Army_PB_2017.xml","4749a19225f22314c1a3af82dab22835b79b363ea2e08400776d9d7baf87145b","0-0b82f32daafb71b696350c9469191adb312fe7c7f7205b2cc2cc40e9fcee0fd6","0-696ed802b0a3ca23b4c6c9c5af0b929ab3270f2b169d093b619de6eb57a36418","root.record.ItemExhibitList.P5Item.CostElementCategoryList.Flyaway.NonRecurring.CostElementList.CostElement"
"GCSS Army Supply System","","Fort Leonard Wood","","","","0","0","0","0","0","0","0","0","2017-BASE_PROCUREMENT-2017-ARMY_OTHER_2-U_PROCUREMENT_JustificationBook_Army_PB_2017.zzz_unzipped-U_PROCUREMENT_JustificationBook_Army_PB_2017.xml","d60c3411c28e539d9b30b66c197502a6fcedd2c479c1a50bc084c55e7269efdf","0-359c7193d8b62437b9796f724d7c8a9dfe60b55bae660408247653164720387c","0-c568d107b732ee8fa8eabe72094e785b39c4e40eb485723c21502baae07abb41","root.record.ItemExhibitList.P5Item.CostElementCategoryList.Flyaway.NonRecurring.CostElementList.CostElement"
"IMMIX Technology Inc","","McLean VA","","","","0","0","0","0","0","0","0","0","2017-BASE_PROCUREMENT-2017-ARMY_OTHER_2-U_PROCUREMENT_JustificationBook_Army_PB_2017.zzz_unzipped-U_PROCUREMENT_JustificationBook_Army_PB_2017.xml","d60c3411c28e539d9b30b66c197502a6fcedd2c479c1a50bc084c55e7269efdf","0-f99623ff51c717096705eb0e7a6d66da9d6b50aa444867aa4c71efe557dc9916","1-4ecbcdc8f6f53b02fb88756f2ebf245c5e71c196ea29b7ca8c8728503df1165c","root.record.ItemExhibitList.P5Item.CostElementCategoryList.Flyaway.NonRecurring.CostElementList.CostElement"
"EDC","","McLean","","","","0","0","0","0","0","0","0","0","2017-BASE_PROCUREMENT-2017-ARMY_OTHER_2-U_PROCUREMENT_JustificationBook_Army_PB_2017.zzz_unzipped-U_PROCUREMENT_JustificationBook_Army_PB_2017.xml","5e6e415a71ace7ae6c50fa58050972b44713daa0fea2f6b3f30f352d143cb7b5","0-e7da1dc7a97494cc55016a83787d49cf904f81be8c90c761f8156c586986ebde","0-5beb2e8806c5b32195d039463f217b250614a258e5c32db5db1415cd97392fdc","root.record.ItemExhibitList.P5Item.CostElementCategoryList.Flyaway.NonRecurring.CostElementList.CostElement"
"TBD","","TBD","12","100","13","12","12","3","15","12","12","3","15","2017-BASE_PROCUREMENT-2017-NAVY_MARINECORPS-U_PROCUREMENT_JustificationBook_Navy_PB_2017.zzz_unzipped-U_PROCUREMENT_JustificationBook_Navy_PB_2017.xml","c63f7aa8879245934501188460ec5e9daf38afd1937900425c7f5fb46fa72298","0-1aade05c2450a6bc5663f66e7757e041b6b9ae0440c5cadb0ae9588485eeec78","0-9e89380183828d75058ad57a1830cc66d1d6aeff888b6deb182b4f77c3fa2246","root.record.ItemExhibitList.P5Item.CostElementCategoryList.Flyaway.NonRecurring.CostElementList.CostElement"
"TBD","","TBD","12","100","13","12","12","3","15","12","12","3","15","2017-BASE_PROCUREMENT-2017-NAVY_MARINECORPS-U_PROCUREMENT_MasterJustificationBook_Navy_PB_2017.zzz_unzipped-U_PROCUREMENT_MasterJustificationBook_Navy_PB_2017.xml","9ce9456473fed81ee782555a70d1ab12fa78bcc80e943ba812149c3ff100520a","0-a9e118510c5fbe159558df0b74dff6bd0f1bb9c6ea42b3cdc2459e6835b05db9","0-7c714e6ada9d0d3ddd7fcbe8a4d0f4e5cc449155904a785a2ae7e0c0a2e48fa6","root.record.ItemExhibitList.P5Item.CostElementCategoryList.Flyaway.NonRecurring.CostElementList.CostElement"
"Raytheon Missile System","Annual Production Rate limitations are based on 4 missiles per 1 container ratio.","Tucson, AZ","75","225","150","0","9","25","34","0","5","19","24","2017-BASE_PROCUREMENT-2017-NAVY_WEAPONS-U_PROCUREMENT_JustificationBook_Navy_PB_2017.zzz_unzipped-U_PROCUREMENT_JustificationBook_Navy_PB_2017.xml","c44764eee0025dfa0e4abffd93befafc6a0b295c77f9a2d6f6e8ca8706d95133","0-de1ea1ae92e8212248a8fce1aaf70b98386cd51cee167cd70c1c3e7186223612","1-d6451f0db19a6122332111d4987529e7339bdba93090e54fad9c7240a62f25ce","root.record.ItemExhibitList.P5Item.CostElementCategoryList.Flyaway.NonRecurring.CostElementList.CostElement"
"Raytheon Missile System","Annual Production Rate limitations are based on 4 missiles per 1 container ratio.","Tucson, AZ","75","225","150","0","9","25","34","0","5","19","24","2017-BASE_PROCUREMENT-2017-NAVY_WEAPONS-U_PROCUREMENT_MasterJustificationBook_Navy_PB_2017.zzz_unzipped-U_PROCUREMENT_MasterJustificationBook_Navy_PB_2017.xml","e8787fc1f274483614e635d940bd36bf494351428662cbcc5baed70daabe0654","0-bbee1492f37d104ad1c6a0b8cd3c21dcd3c2e81aa9546ecbfcbc3e50fdbab922","1-2df3b316d740124ab0fb4bdad63eb277a19ba2c827c83b38cd048fb4d7e0e95e","root.record.ItemExhibitList.P5Item.CostElementCategoryList.Flyaway.NonRecurring.CostElementList.CostElement"
"SSC LANT","","Charleston, SC","","","","","","","","","","","","2017-BASE_PROCUREMENT-2017-NAVY_OTHER_BA2-U_PROCUREMENT_JustificationBook_Navy_PB_2017.zzz_unzipped-U_PROCUREMENT_JustificationBook_Navy_PB_2017.xml","2e57608867f6a19515533f170190b83da8fe74512deb2d7e60bae73811461b93","0-2cfeae7b15aaf7486c2a7f57599c0f8ffbb8d6adb441a773c618e8ee1ca472c4","0-51ea93959302db006bc7bf9a9f772c429857bff582909b09b53b069b3e65537d","root.record.ItemExhibitList.P5Item.CostElementCategoryList.Flyaway.NonRecurring.CostElementList.CostElement"
"SSC LANT","","Charleston, SC","","","","","","","","","","","","2020-BASE_PROCUREMENT-2020-NAVY_OTHER_BA5-8-U_PROCUREMENT_MasterJustificationBook_Navy_PB_2017.zzz_unzipped-U_PROCUREMENT_MasterJustificationBook_Navy_PB_2017.xml","531bdd96bfbf64a11bf672987011af78f827b2c1873594a2021abf6fa2d9922f","0-00367bd138867f2b564a8ba68064de9ae650dcacecbff5c378a68bf815c63ab9","0-a574ae02656a2b8fab7188b1946195d0d462e9e9c2435ab81dcb34940ec8aa22","root.record.ItemExhibitList.P5Item.CostElementCategoryList.Flyaway.NonRecurring.CostElementList.CostElement"
"Northrop Grunman","","Midlothian, VA","","","","0","0","0","0","0","0","0","0","2018-BASE_PROCUREMENT-2018-ARMY_OTHER_2-U_PROCUREMENT_JustificationBook_Army_PB_2018.zzz_unzipped-U_PROCUREMENT_JustificationBook_Army_PB_2018.xml","79442e00cbe7bfd4a4ea29a3f4d53f5b896df57a421ca9e4115007f2a5a4e861","0-ee1fe6d3fa71de4170c2e0a36eafd1465c4c510d6d1fa955adb14c0501ddb3d8","0-e8e200288ac73dad30d2f309d5df9398f6b13c5f9bcd8242b554e7a14f3b51a1","root.record.ItemExhibitList.P5Item.CostElementCategoryList.Flyaway.NonRecurring.CostElementList.CostElement"
"TBS (UDAIRI)","","Orlando, FL 32825","1","1","1","0","5","6","11","0","0","0","0","2018-BASE_PROCUREMENT-2018-ARMY_OTHER_3-U_PROCUREMENT_JustificationBook_Army_PB_2018.zzz_unzipped-U_PROCUREMENT_JustificationBook_Army_PB_2018.xml","613d3db5b690e83faeabb8edb3de191297ce81a72abc22ac5d15627835aa22a6","0-764e4b176298dcb9baee364b966541e8ba0f875e814c35ce0a45eb1304fe9d37","0-c3f027a4778485b0010adac871854b1518c38cc560551a3d1173c852f442dbbb","root.record.ItemExhibitList.P5Item.CostElementCategoryList.Flyaway.NonRecurring.CostElementList.CostElement"
"Cole Engineering Services","","Orlando","","","","","","","","","","","","2018-BASE_PROCUREMENT-2018-ARMY_OTHER_3-U_PROCUREMENT_JustificationBook_Army_PB_2018.zzz_unzipped-U_PROCUREMENT_JustificationBook_Army_PB_2018.xml","613d3db5b690e83faeabb8edb3de191297ce81a72abc22ac5d15627835aa22a6","0-e51a9d71849f92d974930db250574918eee9bbdae28b27db7f4ffc062969fa74","0-b02a896596dd0699b206488c2256f1a8495394bde06dc42b1e808da0aeb1e886","root.record.ItemExhibitList.P5Item.CostElementCategoryList.Flyaway.NonRecurring.CostElementList.CostElement"
"Raytheon Missile System","Annual Production Rate limitations are based on 4 missiles per 1 container ratio.","Tucson, AZ","","","","","","","","","","","","2018-BASE_PROCUREMENT-2018-NAVY_WEAPONS-U_PROCUREMENT_JustificationBook_Navy_PB_2018.zzz_unzipped-U_PROCUREMENT_JustificationBook_Navy_PB_2018.xml","12bf27d3f359e1510efc872307459e137c7e8573cd715d7edbb89e040a831ad1","0-e09f168a094c95a320796d6e33974a9591d96c3247a64da7fc81fabfcaee462f","1-1f8483952ad446dfe3453b5f6629599018aa8fa7d886a4a1acbea261812d34ae","root.record.ItemExhibitList.P5Item.CostElementCategoryList.Flyaway.NonRecurring.CostElementList.CostElement"
"Raytheon Missile System","Annual Production Rate limitations are based on 4 missiles per 1 container ratio.","Tucson, AZ","","","","","","","","","","","","2018-BASE_PROCUREMENT-2018-NAVY_WEAPONS-U_PROCUREMENT_MasterJustificationBook_Navy_PB_2018.zzz_unzipped-U_PROCUREMENT_MasterJustificationBook_Navy_PB_2018.xml","fb448c748a3f517118656543976d743b7fa193bfd88714f28c9b0f12fefee7f3","0-48f76466700c83db1963a0f21c4667df030bd7d2151dbb4a43b763cb3dd051de","1-4870f60d6c45e277efe688dd475bfb0512be276ae743d564826bbecab90357b0","root.record.ItemExhibitList.P5Item.CostElementCategoryList.Flyaway.NonRecurring.CostElementList.CostElement"
"DLA Troop Spt - PA","","PA","","","","","","","","","","","","2019-BASE_PROCUREMENT-2019-ARMY_OTHER_2-U_PROCUREMENT_JustificationBook_Army_PB_2019.zzz_unzipped-U_PROCUREMENT_JustificationBook_Army_PB_2019.xml","f8c2a23215b08b2f033c8af6458d8604fca1d0205ddbe527cf8a71eda9fd179a","0-2c720a57a7e6426563c991413bda960a9ea56556709a7f8bdd4ce9510fedbcc4","2-f4c5a51f1b9d444a01bd2c3ebecb03430f8fbb78a098218cea3531d39eba97ee","root.record.ItemExhibitList.P5Item.CostElementCategoryList.Flyaway.NonRecurring.CostElementList.CostElement"
"CACI (TROJAN)","","APG","","","","","","","","","","","","2019-BASE_PROCUREMENT-2019-ARMY_OTHER_2-U_PROCUREMENT_JustificationBook_Army_PB_2019.zzz_unzipped-U_PROCUREMENT_JustificationBook_Army_PB_2019.xml","97ae88ad5c2d10747b9c391cd8a0eb186ef33e8a38621deaa502fb7ad5815e80","0-da2bd464e5b2cadf473ea8f5a0f0a01652b521bb36e500535692ad5f1f165783","0-ae1bfeb1d9bd4ab96c468b61796a7472638e8f4ca3cfc2a44baadded77d575d8","root.record.ItemExhibitList.P5Item.CostElementCategoryList.Flyaway.NonRecurring.CostElementList.CostElement"
"LEIDOS (JMICS)","","TBD","","","","","","","","","","","","2019-BASE_PROCUREMENT-2019-ARMY_OTHER_2-U_PROCUREMENT_JustificationBook_Army_PB_2019.zzz_unzipped-U_PROCUREMENT_JustificationBook_Army_PB_2019.xml","97ae88ad5c2d10747b9c391cd8a0eb186ef33e8a38621deaa502fb7ad5815e80","1-6497fb2f29cb65d2da9c1a3873828161469356365cb59458f0f579e4ffd98b8c","0-ae1bfeb1d9bd4ab96c468b61796a7472638e8f4ca3cfc2a44baadded77d575d8","root.record.ItemExhibitList.P5Item.CostElementCategoryList.Flyaway.NonRecurring.CostElementList.CostElement"
"TBD (TROJAN)","","APG","","","","","","","","","","","","2019-BASE_PROCUREMENT-2019-ARMY_OTHER_2-U_PROCUREMENT_JustificationBook_Army_PB_2019.zzz_unzipped-U_PROCUREMENT_JustificationBook_Army_PB_2019.xml","97ae88ad5c2d10747b9c391cd8a0eb186ef33e8a38621deaa502fb7ad5815e80","2-740a3ea6c916b5d886ca9ffd58d3af204007c2d7adeece9e6d2a64e9e017d537","0-ae1bfeb1d9bd4ab96c468b61796a7472638e8f4ca3cfc2a44baadded77d575d8","root.record.ItemExhibitList.P5Item.CostElementCategoryList.Flyaway.NonRecurring.CostElementList.CostElement"
"Northrop Grunman","","Midlothian, VA","","","","","","","","","","","","2019-BASE_PROCUREMENT-2019-ARMY_OTHER_2-U_PROCUREMENT_JustificationBook_Army_PB_2019.zzz_unzipped-U_PROCUREMENT_JustificationBook_Army_PB_2019.xml","864c45b21c53c303e7fd034cef75f0bb3fa0b024147cba3a39070cf23635a784","0-684ed3cb2f116f4b991fcc613bcce5e46ef3c10c7e605f3767f5a12394e9fa76","0-7e748d0eb1440fa91b4e14a2e08668fec6145fe23af43bc8bf2471f2bff1d95a","root.record.ItemExhibitList.P5Item.CostElementCategoryList.Flyaway.NonRecurring.CostElementList.CostElement"
"GCSS Army Supply System","","Fort Leonard Wood","","","","","","","","","","","","2019-BASE_PROCUREMENT-2019-ARMY_OTHER_2-U_PROCUREMENT_JustificationBook_Army_PB_2019.zzz_unzipped-U_PROCUREMENT_JustificationBook_Army_PB_2019.xml","24b01c4f1d733a28f6520f0d683f1b3d434d967fa0fb7eb8d4b01ae2056e8c8b","0-599a3df2f2caa3caa8289729feb987de10e785702c3470bb5ad73e1eab2be5a8","0-d3b31de6c5cd42200edfc15d9683183f418e383d8cc688ed4b3bd6bbd84ede79","root.record.ItemExhibitList.P5Item.CostElementCategoryList.Flyaway.NonRecurring.CostElementList.CostElement"
"TBS","","TBS","","","","","","","","","","","","2019-BASE_PROCUREMENT-2019-ARMY_OTHER_2-U_PROCUREMENT_JustificationBook_Army_PB_2019.zzz_unzipped-U_PROCUREMENT_JustificationBook_Army_PB_2019.xml","24b01c4f1d733a28f6520f0d683f1b3d434d967fa0fb7eb8d4b01ae2056e8c8b","0-de2249784e0fef5c5880f2916d65453a8595d9d4b656150abe8312ff127afcbd","1-14f285829026262bdc1041496f44a45453a7a908f2abdeef52a3a06cb0fad997","root.record.ItemExhibitList.P5Item.CostElementCategoryList.Flyaway.NonRecurring.CostElementList.CostElement"
"Veterans Corp","","Fairfax","","","","","","","","","","","","2019-BASE_PROCUREMENT-2019-ARMY_OTHER_3-4-U_PROCUREMENT_JustificationBook_Army_PB_2019.zzz_unzipped-U_PROCUREMENT_JustificationBook_Army_PB_2019.xml","62904114cf6b6cbcc22579289911cb1cef9852777a0f9a46b5c4a332c7c744b1","0-44864315b04536ef53c286f5cfde8fb20fe58c855e087cbac3bd0cbb416cd9f7","0-7ccb1c213834cbb923f9f7dde3f658f9f9afe32a5e8546671a294e0a215cfa96","root.record.ItemExhibitList.P5Item.CostElementCategoryList.Flyaway.NonRecurring.CostElementList.CostElement"
"Veterans Corp","","Fairfax","","","","","","","","","","","","2019-BASE_PROCUREMENT-2019-ARMY_OTHER_3-4-U_PROCUREMENT_JustificationBook_Army_PB_2019.zzz_unzipped-U_PROCUREMENT_JustificationBook_Army_PB_2019.xml","62904114cf6b6cbcc22579289911cb1cef9852777a0f9a46b5c4a332c7c744b1","0-8e70a733510e264292e318508483452e65362506ed70c721a7f6bb511b70ab6a","1-88baea78a00d72c79b69a6d351b2220e35db1a5a4b8581dea5f07e35a63c0a4d","root.record.ItemExhibitList.P5Item.CostElementCategoryList.Flyaway.NonRecurring.CostElementList.CostElement"
"Veterans Corp","","Fairfax","","","","","","","","","","","","2019-BASE_PROCUREMENT-2019-ARMY_OTHER_3-4-U_PROCUREMENT_JustificationBook_Army_PB_2019.zzz_unzipped-U_PROCUREMENT_JustificationBook_Army_PB_2019.xml","62904114cf6b6cbcc22579289911cb1cef9852777a0f9a46b5c4a332c7c744b1","0-d57e732f51fbf8d5a6a5a8c18ebf74829ffe0be889f37991bae79d03807f119f","2-75fb750fee8388e20483928679baa8d247b81ea84424b5d62db29dea3a4cb75b","root.record.ItemExhibitList.P5Item.CostElementCategoryList.Flyaway.NonRecurring.CostElementList.CostElement"
"Veterans Corp","","Fairfax","","","","","","","","","","","","2019-BASE_PROCUREMENT-2019-ARMY_OTHER_3-4-U_PROCUREMENT_JustificationBook_Army_PB_2019.zzz_unzipped-U_PROCUREMENT_JustificationBook_Army_PB_2019.xml","62904114cf6b6cbcc22579289911cb1cef9852777a0f9a46b5c4a332c7c744b1","0-6d025cdb025e8c9296995eab7a42a7f6eaf65355e972a9a254c2baaa585df743","3-10c9174debae1c06ca18340765a74aa2a16c2a0576e9b32ace2b27c16a95dd54","root.record.ItemExhibitList.P5Item.CostElementCategoryList.Flyaway.NonRecurring.CostElementList.CostElement"
"TBS (UDAIRI)","","Orlando, FL 32825","","","","","","","","","","","","2019-BASE_PROCUREMENT-2019-ARMY_OTHER_3-4-U_PROCUREMENT_JustificationBook_Army_PB_2019.zzz_unzipped-U_PROCUREMENT_JustificationBook_Army_PB_2019.xml","1d0b02e6570e2975253fdf442e253fb3e971dcc6537280f554af05f8d7e873c0","0-9b00eb9289a0dc678085234d002d34e34c941b7bffb781fd30b70fb180846bac","0-ebc32e47ed2870d055748eb8d881c6b170b0d6b4a5b93a932d5d97a1510fe057","root.record.ItemExhibitList.P5Item.CostElementCategoryList.Flyaway.NonRecurring.CostElementList.CostElement"
"Cole Engineering Services (T)","","Orlando","","","","","","","","","","","","2019-BASE_PROCUREMENT-2019-ARMY_OTHER_3-4-U_PROCUREMENT_JustificationBook_Army_PB_2019.zzz_unzipped-U_PROCUREMENT_JustificationBook_Army_PB_2019.xml","1d0b02e6570e2975253fdf442e253fb3e971dcc6537280f554af05f8d7e873c0","0-a3b04adfee63e641d510e41e280c9a59405a750ea7dfbc0b82fbc592ec3830eb","0-b8590da3d37ae03405561f97d80611be26e369fd06920127a2cd716460a3cec8","root.record.ItemExhibitList.P5Item.CostElementCategoryList.Flyaway.NonRecurring.CostElementList.CostElement"
"TBD","","TBD","","","","","","","","","","","","2020-BASE_PROCUREMENT-2020-ARMY_AIRCRAFT-U_PROCUREMENT_JustificationBook_Army_PB_2020.zzz_unzipped-U_PROCUREMENT_JustificationBook_Army_PB_2020.xml","f543b6a05b48148f8622a902e9da0ee22d02faec047352746498a2f5580c97b8","0-97fd98a2e65f89912fe9d69ab18554a2fd9dfd1bffd83cdadaf878162fde34b6","0-cdd4215324214d5a590f68adf4a8432143608b0e54f0d305184406cea354be53","root.record.ItemExhibitList.P5Item.CostElementCategoryList.Flyaway.NonRecurring.CostElementList.CostElement"
"TBD","","TBD","1","1","1","0","3","19","22","0","3","19","22","2020-BASE_PROCUREMENT-2020-ARMY_OTHER_1-U_PROCUREMENT_JustificationBook_Army_PB_2020.zzz_unzipped-U_PROCUREMENT_JustificationBook_Army_PB_2020.xml","ea0e4b62d1d1d8e03b45e77582966277d6a696ca5ddc74329eede83e8bfdff2d","0-2d205c68a7cf42d0e53ec231a3e625bb0903f3513905bb45e3ce82073a7426fb","0-2e14e32eb0d9206d19190fa48e084d308b6bc23a2d3b06cec54ebd352f654555","root.record.ItemExhibitList.P5Item.CostElementCategoryList.Flyaway.NonRecurring.CostElementList.CostElement"
"GCSS Army Supply System","","Fort Leonard Wood","","","","","","","","","","","","2020-BASE_PROCUREMENT-2020-ARMY_OTHER_2-U_PROCUREMENT_JustificationBook_Army_PB_2020.zzz_unzipped-U_PROCUREMENT_JustificationBook_Army_PB_2020.xml","21179f70bdffee73178213f7c641a8d1d235944582eb3bf181fe6804c71e8346","0-9db56e4b43978d66cc47101c5ed491ae3837a84450811a8a4d0796638fe56ad9","0-c16b9d7e2203f97e0d17de485972bc2be5808cbe0669482d01606db31c9965e5","root.record.ItemExhibitList.P5Item.CostElementCategoryList.Flyaway.NonRecurring.CostElementList.CostElement"
"TBS","","TBS","","","","","","","","","","","","2020-BASE_PROCUREMENT-2020-ARMY_OTHER_2-U_PROCUREMENT_JustificationBook_Army_PB_2020.zzz_unzipped-U_PROCUREMENT_JustificationBook_Army_PB_2020.xml","21179f70bdffee73178213f7c641a8d1d235944582eb3bf181fe6804c71e8346","0-97f72c35441d2a48d087e87ada4c2eeeef6f6118cb082a87fd66375a61b3cbe9","1-cfe3a5b3efecd31c57a3ce87cbfd0c1499b8c1196b29d1e523fb941c03699453","root.record.ItemExhibitList.P5Item.CostElementCategoryList.Flyaway.NonRecurring.CostElementList.CostElement"
"TBS","","TBS","","","","","","","","","","","","2020-BASE_PROCUREMENT-2020-ARMY_OTHER_2-U_PROCUREMENT_JustificationBook_Army_PB_2020.zzz_unzipped-U_PROCUREMENT_JustificationBook_Army_PB_2020.xml","21179f70bdffee73178213f7c641a8d1d235944582eb3bf181fe6804c71e8346","0-9d6371505b8d9be42393e28753f76db544f65ce0678c0dcf668241b168fe53a9","2-03898c2650e8a5af155f54f275922b8c46521c5dad1e789b16e370d9c6959a16","root.record.ItemExhibitList.P5Item.CostElementCategoryList.Flyaway.NonRecurring.CostElementList.CostElement"
"Secure Communications","","Santa Ana, CA","","","","","","","","","","","","2020-BASE_PROCUREMENT-2020-ARMY_OTHER_3-4-U_PROCUREMENT_JustificationBook_Army_PB_2020.zzz_unzipped-U_PROCUREMENT_JustificationBook_Army_PB_2020.xml","8bcac78b6233b25371b8e4763b656eb2b5b005e8e1d6d70772ea09bb55e9b8f5","0-42dbd56000c17884b2ac17d5ba332749a5958db3152523a844c4413dbbbd200e","0-bbe017ca1574fd9bdf4f449c17e1348af5548a8e9095a101b07aead54299a1d1","root.record.ItemExhibitList.P5Item.CostElementCategoryList.Flyaway.NonRecurring.CostElementList.CostElement"
"TBD","","TBD","","","","","","","","","","","","2020-BASE_PROCUREMENT-2020-ARMY_OTHER_3-4-U_PROCUREMENT_JustificationBook_Army_PB_2020.zzz_unzipped-U_PROCUREMENT_JustificationBook_Army_PB_2020.xml","9e60e79ba1ae0f03dc4573bc427ee2381bb5300bde03e743671af87f42b33021","0-25c0218ba099a0de45fd951259f157269ae3ab0c917378dcbf9824737e1022f8","0-efd1938a04c2b961c071f19bde00d4fd498ae117a2d1e5406de419e4efb36849","root.record.ItemExhibitList.P5Item.CostElementCategoryList.Flyaway.NonRecurring.CostElementList.CostElement"
"Thiessen Training Systems","","Chiefland, FL,  32626","","","","","","","","","","","","2020-BASE_PROCUREMENT-2020-ARMY_OTHER_3-4-U_PROCUREMENT_JustificationBook_Army_PB_2020.zzz_unzipped-U_PROCUREMENT_JustificationBook_Army_PB_2020.xml","75d6b5f9a3714a351adfe57397475b1716c9ab36d18146dce8d31a64a25ee33b","0-f3409a00baf839ea6a060516484937aa2cdb1c99a9fdbfa9b6da8464a0786cfa","0-f3f06dd57cdd8a02252e39197f3c2da3f5a887b400ac29c2b20a2f5515a2d1cd","root.record.ItemExhibitList.P5Item.CostElementCategoryList.Flyaway.NonRecurring.CostElementList.CostElement"
"TBS (ARCENT TSV)","","Orlando, FL 32825","","","","","","","","","","","","2020-BASE_PROCUREMENT-2020-ARMY_OTHER_3-4-U_PROCUREMENT_JustificationBook_Army_PB_2020.zzz_unzipped-U_PROCUREMENT_JustificationBook_Army_PB_2020.xml","75d6b5f9a3714a351adfe57397475b1716c9ab36d18146dce8d31a64a25ee33b","0-12c49ebd47f1e17bfd4f6275857eb1470524b299c81beaed9a55cb014d772a02","1-a7d6deba0980bcf581d3e7b9e6796d33f9e3f22f54522c923eb528efa5d56b9d","root.record.ItemExhibitList.P5Item.CostElementCategoryList.Flyaway.NonRecurring.CostElementList.CostElement"
"TBS (Pacific Range Complex)","","Orlando, FL 32825","","","","","","","","","","","","2020-BASE_PROCUREMENT-2020-ARMY_OTHER_3-4-U_PROCUREMENT_JustificationBook_Army_PB_2020.zzz_unzipped-U_PROCUREMENT_JustificationBook_Army_PB_2020.xml","75d6b5f9a3714a351adfe57397475b1716c9ab36d18146dce8d31a64a25ee33b","0-9f9833f08d8e39409881eb597a7ca29e07ae94c9b965d754b77e25244984e576","2-3dd8066d5b614414666412daf27f80180da7667f212722888d3005f7e50074d6","root.record.ItemExhibitList.P5Item.CostElementCategoryList.Flyaway.NonRecurring.CostElementList.CostElement"
"Cole Engineering Services (T)","","Orlando","","","","","","","","","","","","2020-BASE_PROCUREMENT-2020-ARMY_OTHER_3-4-U_PROCUREMENT_JustificationBook_Army_PB_2020.zzz_unzipped-U_PROCUREMENT_JustificationBook_Army_PB_2020.xml","75d6b5f9a3714a351adfe57397475b1716c9ab36d18146dce8d31a64a25ee33b","0-49bf15e2052d4ef4fbdb974da0e7da5edcdcc7f7a78642528c3f80d2ee206af8","0-610183ff492925ee97eb592f26c1956969124badb9129ec9d3f360e615d7c8d1","root.record.ItemExhibitList.P5Item.CostElementCategoryList.Flyaway.NonRecurring.CostElementList.CostElement"
"Lockheed Martin@Dallas, TX","","Dallas, TX","1","5","3","0","0","11","11","0","0","0","0","2020-BASE_PROCUREMENT-2020-NAVY_MARINECORPS-U_PROCUREMENT_JustificationBook_Navy_PB_2020.zzz_unzipped-U_PROCUREMENT_JustificationBook_Navy_PB_2020.xml","cec51a28f40bc5a6de6cae423edebbd583c48f7e70531a470c868fcf002c0d4b","0-1a0d78ef03a6e758c2367787df710510eb54e566909480efaa9b3ff057508e7a","0-a36112bdcb6c69dcc79268e171c42ce2cb32332a8b0ad3bc7182ce8162d1b3d6","root.record.ItemExhibitList.P5Item.CostElementCategoryList.Flyaway.NonRecurring.CostElementList.CostElement"
"TBD","","TBD","150","360","240","0","0","6","6","0","0","1","1","2020-BASE_PROCUREMENT-2020-NAVY_MARINECORPS-U_PROCUREMENT_JustificationBook_Navy_PB_2020.zzz_unzipped-U_PROCUREMENT_JustificationBook_Navy_PB_2020.xml","b5b7986de22013d1ce721dce7694d40a4e82fb5467d0c10855104f2364991a30","0-6eb412feaaabd1f4b7fe6eea509c485e5d13fa52690196a6b35efd5bbf450ffb","2-6b483ee8ed8643ebb09a0f29f860a360cdda8007d02f79a434b51de17d4416e1","root.record.ItemExhibitList.P5Item.CostElementCategoryList.Flyaway.NonRecurring.CostElementList.CostElement"
"NSWC, Crane","","Crane, IN","","","","","","","","","","","","2020-BASE_PROCUREMENT-2020-NAVY_MARINECORPS-U_PROCUREMENT_JustificationBook_Navy_PB_2020.zzz_unzipped-U_PROCUREMENT_JustificationBook_Navy_PB_2020.xml","b5b7986de22013d1ce721dce7694d40a4e82fb5467d0c10855104f2364991a30","0-0ff01a0a32a15b19aee9ce9e2efcb1f9349fd6f2401eda35ad116e5b4c6d19f5","3-8622f7ca03ad0d110bb1773a92190f9eff431e482887ef75ba73d18796e6df75","root.record.ItemExhibitList.P5Item.CostElementCategoryList.Flyaway.NonRecurring.CostElementList.CostElement"
"Lockheed Martin@Dallas, TX","","Dallas, TX","1","5","3","0","0","11","11","0","0","0","0","2020-BASE_PROCUREMENT-2020-NAVY_MARINECORPS-U_PROCUREMENT_MasterJustificationBook_Navy_PB_2020.zzz_unzipped-U_PROCUREMENT_MasterJustificationBook_Navy_PB_2020.xml","1361d69a11bbc8fd561b0f253e6b842fc05b56abef25a313f4a3bcbb78aaaa40","0-4aef847f88930a0362d4e4922ae4c0bd47cd9ecbe8d5dcfe0d677f53c69cb96e","0-aef22e4f428eb428c2c97de15633fda6423acbe07eeb305e30b6a49cb1a631be","root.record.ItemExhibitList.P5Item.CostElementCategoryList.Flyaway.NonRecurring.CostElementList.CostElement"
"TBD","","TBD","150","360","240","0","0","6","6","0","0","1","1","2020-BASE_PROCUREMENT-2020-NAVY_MARINECORPS-U_PROCUREMENT_MasterJustificationBook_Navy_PB_2020.zzz_unzipped-U_PROCUREMENT_MasterJustificationBook_Navy_PB_2020.xml","f7fba0662f4ed8f1e6d09bc09dea4645198f26014429fe5052f53c1a5b542afc","0-27fd05b5b190a30f254ac6f586051cc97aef98381e894458be07e8f4bac1db95","2-0b6f08d40ee30f89790f847102f89f69b5a2ae7bb53b672ca8a1de588f7e1923","root.record.ItemExhibitList.P5Item.CostElementCategoryList.Flyaway.NonRecurring.CostElementList.CostElement"
"NSWC, Crane","","Crane, IN","","","","","","","","","","","","2020-BASE_PROCUREMENT-2020-NAVY_MARINECORPS-U_PROCUREMENT_MasterJustificationBook_Navy_PB_2020.zzz_unzipped-U_PROCUREMENT_MasterJustificationBook_Navy_PB_2020.xml","f7fba0662f4ed8f1e6d09bc09dea4645198f26014429fe5052f53c1a5b542afc","0-7534208f4e864e7388c870cf4e83baee2d6b719678dff177658fd3766d1d84f2","3-7b44467e43d12267d8c7ad22fc382f66e132d7ec49d0bd34a5084b66f60b5fc8","root.record.ItemExhibitList.P5Item.CostElementCategoryList.Flyaway.NonRecurring.CostElementList.CostElement"
"Swiss Government","","Switzerland","0","TBD","0","0","5","11","16","0","0","0","0","2020-BASE_PROCUREMENT-2020-NAVY_AIRCRAFT_BA1-4-U_PROCUREMENT_JustificationBook_Navy_PB_2020.zzz_unzipped-U_PROCUREMENT_JustificationBook_Navy_PB_2020.xml","8c3e0108240a9871966b61ab82cdcaecbdd5f8b3ffe779cf38d6b68a17de64a8","0-923e3a6d01e6d9996afe2cf83e0f621e71fe5e8a8f5583d664c471d90a951a61","0-b05606263cf32840e134e3b79f9f2d5b23e43d483adf59a002393e7ee75dc236","root.record.ItemExhibitList.P5Item.CostElementCategoryList.Flyaway.NonRecurring.CostElementList.CostElement"
"Swiss Government","","Switzerland","0","TBD","0","0","5","11","16","0","0","0","0","2020-BASE_PROCUREMENT-2020-NAVY_AIRCRAFT_BA6-7-U_PROCUREMENT_MasterJustificationBook_Navy_PB_2020.zzz_unzipped-U_PROCUREMENT_MasterJustificationBook_Navy_PB_2020.xml","37637c1def32880b7144bb3e75e04aed9049ce5019be9e0e21f1d3d1a40e8967","0-5d796d6d12ea0b24810ed484a75b4e16460b7457929994e64e44cdd9d733043b","0-8660c54044c275907ef7cc1357f6c24aa0dee2d0be35de716b99451baaceb30e","root.record.ItemExhibitList.P5Item.CostElementCategoryList.Flyaway.NonRecurring.CostElementList.CostElement"
