Name_val,Name_@footnote,Location_val,MinimumSustainingRate_val,MaximumProductionRate_val,Rate185_val,InitialQuantity_AdminLeadTimeBeforeOct1InMonths_val,InitialQuantity_AdminLeadTimeAfterOct1InMonths_val,InitialQuantity_ProductionLeadTimeAfterOct1InMonths_val,InitialQuantity_TotalLeadTimeAfterOct1InMonths_val,ReorderQuantity_AdminLeadTimeBeforeOct1InMonths_val,ReorderQuantity_AdminLeadTimeAfterOct1InMonths_val,ReorderQuantity_ProductionLeadTimeAfterOct1InMonths_val,ReorderQuantity_TotalLeadTimeAfterOct1InMonths_val,@SOURCE_FILENAME,@RECORDID,@ROWID,@PARENTROWID,@PARENT
"TBD","","TBD","12","833","600","0","10","6","16","0","10","6","16","2013-BASE_PROCUREMENT-2013-ARMY_OTHER_2-JustificationBook_Army_PB_2013.zzz_unzipped-JustificationBook_Army_PB_2013.xml","49420fb64fadab739e2608014b9581d496ec8219d6f295b2e12b855fdc098fe6","0-890aff3778532f9ddb74572077418d73838474cc8e90d43b24a437efa4915f5c","1-7ce84501ce4d042b46aa350939622efc92f7a5c09a59a41a50022b4426d79764","root.record.ItemExhibitList.P5Item.CostElementCategoryList.Flyaway.NonRecurring.CostElementList.CostElement"
"TBD","","TBD","12","833","600","0","10","6","16","0","10","6","16","2013-BASE_PROCUREMENT-2013-ARMY_OTHER_2-JustificationBook_Army_PB_2013.zzz_unzipped-JustificationBook_Army_PB_2013.xml","49420fb64fadab739e2608014b9581d496ec8219d6f295b2e12b855fdc098fe6","0-6512b155186f3137bdc28322ae12f08dd4616bcb5dd28a7830fad133506b0fe3","2-902200fa2f6a1bc1ee16ea7111cf36c168cce56dcaec6d1ed2d7fffd62d64706","root.record.ItemExhibitList.P5Item.CostElementCategoryList.Flyaway.NonRecurring.CostElementList.CostElement"
"Raytheon Missile System","","Tucson, AZ","300","800","600","0","5","0","5","0","0","19","19","2013-BASE_PROCUREMENT-2013-NAVY_WEAPONS-JustificationBook_Navy_PB_2013.zzz_unzipped-JustificationBook_Navy_PB_2013.xml","2d9fc2b470c1fffd0e0a5bc1c1eab31ac527588ce0341c3ac25f5bdd34f272b0","0-7a000e7dd1ed31ece3b71e8659c19f70b20d08e22ff7950c04c5195ea9dd1e78","1-9112482e2914b6ec6822cc3a93a544823a96abefd43a6078580cb4b040dbbb2f","root.record.ItemExhibitList.P5Item.CostElementCategoryList.Flyaway.NonRecurring.CostElementList.CostElement"
"Raytheon Missile Systems","","Tucson AZ","300","800","600","0","0","5","5","0","0","19","19","2013-BASE_PROCUREMENT-2013-NAVY_WEAPONS-JustificationBook_Navy_PB_2013.zzz_unzipped-JustificationBook_Navy_PB_2013.xml","2d9fc2b470c1fffd0e0a5bc1c1eab31ac527588ce0341c3ac25f5bdd34f272b0","0-d637ea54daf39216e902faef969b1d018afb9f398051639dd748c975604a0db2","1-e7ed9c6e7c6607b59d7d78ad810bb9c4b28b382b4b2f2d6a1078e949e6c89f2a","root.record.ItemExhibitList.P5Item.CostElementCategoryList.Flyaway.NonRecurring.CostElementList.CostElement"
"Raytheon Missile System","","Tucson, AZ","300","800","600","0","5","0","5","0","0","19","19","2013-BASE_PROCUREMENT-2013-NAVY_WEAPONS-MasterJustificationBook_Navy_PB_2013.zzz_unzipped-MasterJustificationBook_Navy_PB_2013.xml","4ae361954697c6c85a12ee57fe1e0f947ba565bb10d94c8b8ac4a18e3be03635","0-927d4bd9270e9e894bf9cd62fbc31a46317621e94d2f8ed2e5ae36bafc84d9bc","1-e09027d1b50d83cf32a2aa5951d46ee300469f8184f7ff7b7b07436dff019820","root.record.ItemExhibitList.P5Item.CostElementCategoryList.Flyaway.NonRecurring.CostElementList.CostElement"
"Raytheon Missile Systems","","Tucson AZ","300","800","600","0","0","5","5","0","0","19","19","2013-BASE_PROCUREMENT-2013-NAVY_WEAPONS-MasterJustificationBook_Navy_PB_2013.zzz_unzipped-MasterJustificationBook_Navy_PB_2013.xml","4ae361954697c6c85a12ee57fe1e0f947ba565bb10d94c8b8ac4a18e3be03635","0-5738a8285ed8eb416c4a51af0d695c29b01e2233a8f8fe1a6a04019eba21346c","1-37652584eb3bf6f78f6e1495af771dfb43531f5c19266957bb7b2eecfd6c30b0","root.record.ItemExhibitList.P5Item.CostElementCategoryList.Flyaway.NonRecurring.CostElementList.CostElement"
"General Atomics Poway","","CA","2.00","5.00","4.00","9","7","19","26","12","0","0","0","2014-BASE_PROCUREMENT-2014-AIRFORCE_AIRCRAFT_VOL1-PROCUREMENT_JustificationBook_Air_Force_PB_2014.zzz_unzipped-PROCUREMENT_JustificationBook_Air_Force_PB_2014.xml","dc8aa65a82754d44f4affda9776740a031654ab87581c0849e543054c8c24839","0-9e8964f26836fd0c613b4d1d4146c130041baeb2aa60af1c1a721342dc70039b","0-b82c0707eb1bf26af06c8246b30946bb0d190b7aa7194309008181617d311ebc","root.record.ItemExhibitList.P5Item.CostElementCategoryList.Flyaway.NonRecurring.CostElementList.CostElement"
"Northrop Grumman","","CA","0.50","3.00","1.00","4","0","0","0","2","0","0","0","2014-BASE_PROCUREMENT-2014-AIRFORCE_AIRCRAFT_VOL1-PROCUREMENT_JustificationBook_Air_Force_PB_2014.zzz_unzipped-PROCUREMENT_JustificationBook_Air_Force_PB_2014.xml","dc8aa65a82754d44f4affda9776740a031654ab87581c0849e543054c8c24839","0-998c60faaa63522439df038c7510282d4ec8888158a009c9a966519bc3cfd535","1-03fd7deddf7a6deab078b69514baafbccd89c2a4c007f4ccd9d0b6c37f584d15","root.record.ItemExhibitList.P5Item.CostElementCategoryList.Flyaway.NonRecurring.CostElementList.CostElement"
"General Atomics Poway","","CA","0.33","8.00","4.00","9","6","17","23","9","0","0","0","2014-BASE_PROCUREMENT-2014-AIRFORCE_AIRCRAFT_VOL1-PROCUREMENT_JustificationBook_Air_Force_PB_2014.zzz_unzipped-PROCUREMENT_JustificationBook_Air_Force_PB_2014.xml","dc8aa65a82754d44f4affda9776740a031654ab87581c0849e543054c8c24839","0-f23f78f0ad8902f186f432e2320e3961d5a4f0c6aa59dfbcdf06c84b80063082","3-c2e16ae17f690ecc1ad092768795af208193104333d31fcbaac04f7fb410caf5","root.record.ItemExhibitList.P5Item.CostElementCategoryList.Flyaway.NonRecurring.CostElementList.CostElement"
"General Atomic Poway","","CA","0.00","0.00","0.00","0","0","0","0","0","0","0","0","2014-BASE_PROCUREMENT-2014-AIRFORCE_AIRCRAFT_VOL1-PROCUREMENT_JustificationBook_Air_Force_PB_2014.zzz_unzipped-PROCUREMENT_JustificationBook_Air_Force_PB_2014.xml","dc8aa65a82754d44f4affda9776740a031654ab87581c0849e543054c8c24839","1-9148c5d725449f1276e68e46b637cb2e672a00a514c74b9f9f3e042b3451fcaa","3-c2e16ae17f690ecc1ad092768795af208193104333d31fcbaac04f7fb410caf5","root.record.ItemExhibitList.P5Item.CostElementCategoryList.Flyaway.NonRecurring.CostElementList.CostElement"
"General Atomics Poway","","CA","0.00","0.00","0.00","0","0","0","0","0","0","0","0","2014-BASE_PROCUREMENT-2014-AIRFORCE_AIRCRAFT_VOL1-PROCUREMENT_JustificationBook_Air_Force_PB_2014.zzz_unzipped-PROCUREMENT_JustificationBook_Air_Force_PB_2014.xml","dc8aa65a82754d44f4affda9776740a031654ab87581c0849e543054c8c24839","0-ed8ba669560a6cf7a2f3a49155429c7ab93dc756ba2f936f9463865560880017","4-b69104066446ad0c7a7457edd4703ab256fdfd689a6ecfbab5cf12b38c961633","root.record.ItemExhibitList.P5Item.CostElementCategoryList.Flyaway.NonRecurring.CostElementList.CostElement"
"General Atomics Poway","","CA","0.00","0.00","0.00","0","0","0","0","0","0","0","0","2014-BASE_PROCUREMENT-2014-AIRFORCE_AIRCRAFT_VOL1-PROCUREMENT_JustificationBook_Air_Force_PB_2014.zzz_unzipped-PROCUREMENT_JustificationBook_Air_Force_PB_2014.xml","dc8aa65a82754d44f4affda9776740a031654ab87581c0849e543054c8c24839","0-ca052c8c2d35dc5173b5af41ffe31e58027623064de9b83605a2c0cbd9894f90","5-347b2ecf97c4ce724bd3d6398dc3888d9216f007d79c79f9bd67cfa5de9c33a6","root.record.ItemExhibitList.P5Item.CostElementCategoryList.Flyaway.NonRecurring.CostElementList.CostElement"
"General Atomics Poway","","CA","0.16","6.00","5.00","9","1","10","11","3","0","0","0","2014-BASE_PROCUREMENT-2014-AIRFORCE_AIRCRAFT_VOL1-PROCUREMENT_JustificationBook_Air_Force_PB_2014.zzz_unzipped-PROCUREMENT_JustificationBook_Air_Force_PB_2014.xml","dc8aa65a82754d44f4affda9776740a031654ab87581c0849e543054c8c24839","0-6e205a68f32efa2f3f695df32f4eb45973c81f44c254d0500948f7283203e24c","6-5aa7ddae0e94f057ace71b65591d740b6b0a238444fed6577813ec4344843d15","root.record.ItemExhibitList.P5Item.CostElementCategoryList.Flyaway.NonRecurring.CostElementList.CostElement"
"L-3 Comm Salt Lake City","","UT/CA","0.08","1.00","0.08","1","0","0","0","9","0","0","0","2014-BASE_PROCUREMENT-2014-AIRFORCE_AIRCRAFT_VOL1-PROCUREMENT_JustificationBook_Air_Force_PB_2014.zzz_unzipped-PROCUREMENT_JustificationBook_Air_Force_PB_2014.xml","dc8aa65a82754d44f4affda9776740a031654ab87581c0849e543054c8c24839","0-0776b1bb3d2b3f363da2633f26fb54d81f227f02ea25515a1c1a98ea75a0a88b","7-f39084aa7f0d1d4829f027673639907534d2c6146f4e9134c93d0889585f4c9a","root.record.ItemExhibitList.P5Item.CostElementCategoryList.Flyaway.NonRecurring.CostElementList.CostElement"
"General Atomics Poway","","CA","2.00","5.00","4.00","9","7","19","26","12","0","0","0","2014-BASE_PROCUREMENT-2014-AIRFORCE_AIRCRAFT_VOL2-PROCUREMENT_MasterJustificationBook_Air_Force_PB_2014.zzz_unzipped-PROCUREMENT_MasterJustificationBook_Air_Force_PB_2014.xml","733336bf324f20dedd4718f00dffef33481f156568307d083925b389c2019d66","0-1528e1e9f087fe7e6af5bc6fea56a313b92a7f655a311df6c452b0962f5dc93f","0-ba777811a0fbef593fda3042b9592d84f7cc4610372acdecbcb8ce8cfa0a92fb","root.record.ItemExhibitList.P5Item.CostElementCategoryList.Flyaway.NonRecurring.CostElementList.CostElement"
"Northrop Grumman","","CA","0.50","3.00","1.00","4","0","0","0","2","0","0","0","2014-BASE_PROCUREMENT-2014-AIRFORCE_AIRCRAFT_VOL2-PROCUREMENT_MasterJustificationBook_Air_Force_PB_2014.zzz_unzipped-PROCUREMENT_MasterJustificationBook_Air_Force_PB_2014.xml","733336bf324f20dedd4718f00dffef33481f156568307d083925b389c2019d66","0-7cf54c3a22e24c54b499fa74c05c6b892a342ee9fbe1df45299f6994f1bd9ab3","1-d29b03ac8daa58ea95ecf23374d39162a9cbf539f41ea83142f560778c5cedb0","root.record.ItemExhibitList.P5Item.CostElementCategoryList.Flyaway.NonRecurring.CostElementList.CostElement"
"General Atomics Poway","","CA","0.33","8.00","4.00","9","6","17","23","9","0","0","0","2014-BASE_PROCUREMENT-2014-AIRFORCE_AIRCRAFT_VOL2-PROCUREMENT_MasterJustificationBook_Air_Force_PB_2014.zzz_unzipped-PROCUREMENT_MasterJustificationBook_Air_Force_PB_2014.xml","733336bf324f20dedd4718f00dffef33481f156568307d083925b389c2019d66","0-ec06ac71c2e2b6db16cc360c31ddbf362430ff90ba7f27ab1ff541cfff23901f","3-9c495b83eabfe9305006038e7078940c3f48c7e3bb4ce494c5f74aef4ab35f45","root.record.ItemExhibitList.P5Item.CostElementCategoryList.Flyaway.NonRecurring.CostElementList.CostElement"
"General Atomic Poway","","CA","0.00","0.00","0.00","0","0","0","0","0","0","0","0","2014-BASE_PROCUREMENT-2014-AIRFORCE_AIRCRAFT_VOL2-PROCUREMENT_MasterJustificationBook_Air_Force_PB_2014.zzz_unzipped-PROCUREMENT_MasterJustificationBook_Air_Force_PB_2014.xml","733336bf324f20dedd4718f00dffef33481f156568307d083925b389c2019d66","1-d16d0cdebcc9bbff3e499ab4fff263bf3249977ade51a85a825fd52b705a3c88","3-9c495b83eabfe9305006038e7078940c3f48c7e3bb4ce494c5f74aef4ab35f45","root.record.ItemExhibitList.P5Item.CostElementCategoryList.Flyaway.NonRecurring.CostElementList.CostElement"
"General Atomics Poway","","CA","0.00","0.00","0.00","0","0","0","0","0","0","0","0","2014-BASE_PROCUREMENT-2014-AIRFORCE_AIRCRAFT_VOL2-PROCUREMENT_MasterJustificationBook_Air_Force_PB_2014.zzz_unzipped-PROCUREMENT_MasterJustificationBook_Air_Force_PB_2014.xml","733336bf324f20dedd4718f00dffef33481f156568307d083925b389c2019d66","0-65612df8cca7b5108c0d2c203f52518a4a110d9d924f7398bd462d49ee0ed05f","4-e5e58f06ccdadc95b3985d1b64966615807a0e0082e93aca65f772e02e243151","root.record.ItemExhibitList.P5Item.CostElementCategoryList.Flyaway.NonRecurring.CostElementList.CostElement"
"General Atomics Poway","","CA","0.00","0.00","0.00","0","0","0","0","0","0","0","0","2014-BASE_PROCUREMENT-2014-AIRFORCE_AIRCRAFT_VOL2-PROCUREMENT_MasterJustificationBook_Air_Force_PB_2014.zzz_unzipped-PROCUREMENT_MasterJustificationBook_Air_Force_PB_2014.xml","733336bf324f20dedd4718f00dffef33481f156568307d083925b389c2019d66","0-e65383c5f8d6d5b04c62a28d00d040d4f398177cdae1ffac3c09cebabb57e0d6","5-07025fef143d07514b47ccda745556fa021d1f2d1bf85531ad9519e9d91cafe4","root.record.ItemExhibitList.P5Item.CostElementCategoryList.Flyaway.NonRecurring.CostElementList.CostElement"
"General Atomics Poway","","CA","0.16","6.00","5.00","9","1","10","11","3","0","0","0","2014-BASE_PROCUREMENT-2014-AIRFORCE_AIRCRAFT_VOL2-PROCUREMENT_MasterJustificationBook_Air_Force_PB_2014.zzz_unzipped-PROCUREMENT_MasterJustificationBook_Air_Force_PB_2014.xml","733336bf324f20dedd4718f00dffef33481f156568307d083925b389c2019d66","0-416df762b616bd9b0eba9fe46754cc869c5b489a5e695dff7c5ca5a273dac537","6-fe9be48a11cd7f7629b061108f2c5c73dd52939e5b46cabe929a42d3382ebe0e","root.record.ItemExhibitList.P5Item.CostElementCategoryList.Flyaway.NonRecurring.CostElementList.CostElement"
"L-3 Comm Salt Lake City","","UT/CA","0.08","1.00","0.08","1","0","0","0","9","0","0","0","2014-BASE_PROCUREMENT-2014-AIRFORCE_AIRCRAFT_VOL2-PROCUREMENT_MasterJustificationBook_Air_Force_PB_2014.zzz_unzipped-PROCUREMENT_MasterJustificationBook_Air_Force_PB_2014.xml","733336bf324f20dedd4718f00dffef33481f156568307d083925b389c2019d66","0-69dd9c54885c1e1687249199222388e31581581a9f32f6bdc846375c8eda8a2c","7-3d3f3ef31f47463275306cd06ff0375187e6ec05d8effd3e2e9054a4f0b2c221","root.record.ItemExhibitList.P5Item.CostElementCategoryList.Flyaway.NonRecurring.CostElementList.CostElement"
"General Atomics Poway","","CA","2.00","5.00","4.00","9","7","19","26","12","0","0","0","2014-BASE_PROCUREMENT-2014-AIRFORCE_AIRCRAFT_VOL1-PROCUREMENT_MasterJustificationBook_Air_Force_PB_2014.zzz_unzipped-PROCUREMENT_MasterJustificationBook_Air_Force_PB_2014.xml","1081d29dcea112091b01ebd34b03ccf860c11b197b2d61df1dd61c17f3546d5e","0-50b2d968f3718be3ce32ceaa828e66d10c8be1d52f75dd7cc8e4369f6e34216b","0-316a4a1b802e8914b4599810a929a4a365c46acab807f2d81de984d7024cdb99","root.record.ItemExhibitList.P5Item.CostElementCategoryList.Flyaway.NonRecurring.CostElementList.CostElement"
"Northrop Grumman","","CA","0.50","3.00","1.00","4","0","0","0","2","0","0","0","2014-BASE_PROCUREMENT-2014-AIRFORCE_AIRCRAFT_VOL1-PROCUREMENT_MasterJustificationBook_Air_Force_PB_2014.zzz_unzipped-PROCUREMENT_MasterJustificationBook_Air_Force_PB_2014.xml","1081d29dcea112091b01ebd34b03ccf860c11b197b2d61df1dd61c17f3546d5e","0-cb461d2ee280de221721557f0014ebf5c9630342e05c410184d8bc77ae3edb73","1-a23f5dc42d724cdcf518d45346181b2f09683cc8adea7157e760575ea11e72e1","root.record.ItemExhibitList.P5Item.CostElementCategoryList.Flyaway.NonRecurring.CostElementList.CostElement"
"General Atomics Poway","","CA","0.33","8.00","4.00","9","6","17","23","9","0","0","0","2014-BASE_PROCUREMENT-2014-AIRFORCE_AIRCRAFT_VOL1-PROCUREMENT_MasterJustificationBook_Air_Force_PB_2014.zzz_unzipped-PROCUREMENT_MasterJustificationBook_Air_Force_PB_2014.xml","1081d29dcea112091b01ebd34b03ccf860c11b197b2d61df1dd61c17f3546d5e","0-c7b7ffc16b2b53c3175a4f7e1b2b14f3f6c6210c152cd66c841785573ea64c8f","3-17146c55785b526e0cb93bcca0c44aaa11ef2c2e9a919f132397328c2666d0f4","root.record.ItemExhibitList.P5Item.CostElementCategoryList.Flyaway.NonRecurring.CostElementList.CostElement"
"General Atomic Poway","","CA","0.00","0.00","0.00","0","0","0","0","0","0","0","0","2014-BASE_PROCUREMENT-2014-AIRFORCE_AIRCRAFT_VOL1-PROCUREMENT_MasterJustificationBook_Air_Force_PB_2014.zzz_unzipped-PROCUREMENT_MasterJustificationBook_Air_Force_PB_2014.xml","1081d29dcea112091b01ebd34b03ccf860c11b197b2d61df1dd61c17f3546d5e","1-3d7e38c319ee55805ff972db835765dd049ef084b1b287e5d747d79ad9e59e55","3-17146c55785b526e0cb93bcca0c44aaa11ef2c2e9a919f132397328c2666d0f4","root.record.ItemExhibitList.P5Item.CostElementCategoryList.Flyaway.NonRecurring.CostElementList.CostElement"
"General Atomics Poway","","CA","0.00","0.00","0.00","0","0","0","0","0","0","0","0","2014-BASE_PROCUREMENT-2014-AIRFORCE_AIRCRAFT_VOL1-PROCUREMENT_MasterJustificationBook_Air_Force_PB_2014.zzz_unzipped-PROCUREMENT_MasterJustificationBook_Air_Force_PB_2014.xml","1081d29dcea112091b01ebd34b03ccf860c11b197b2d61df1dd61c17f3546d5e","0-0bb6afd70b8249becbc170953617d9ce2df6c882cc334f361526bea175608cf9","4-f93889267b8deb6e0f093dda1d3118bb3a92c2ca18804d81fe060d0dbc5c1c83","root.record.ItemExhibitList.P5Item.CostElementCategoryList.Flyaway.NonRecurring.CostElementList.CostElement"
"General Atomics Poway","","CA","0.00","0.00","0.00","0","0","0","0","0","0","0","0","2014-BASE_PROCUREMENT-2014-AIRFORCE_AIRCRAFT_VOL1-PROCUREMENT_MasterJustificationBook_Air_Force_PB_2014.zzz_unzipped-PROCUREMENT_MasterJustificationBook_Air_Force_PB_2014.xml","1081d29dcea112091b01ebd34b03ccf860c11b197b2d61df1dd61c17f3546d5e","0-629f2e5b6630f51d0d561e7750457849201c8eae00a95a2963b57a990da2a46f","5-feda50174cd337db5a879dd4b44f02a09015d463e3419346c37685265ada39f3","root.record.ItemExhibitList.P5Item.CostElementCategoryList.Flyaway.NonRecurring.CostElementList.CostElement"
"General Atomics Poway","","CA","0.16","6.00","5.00","9","1","10","11","3","0","0","0","2014-BASE_PROCUREMENT-2014-AIRFORCE_AIRCRAFT_VOL1-PROCUREMENT_MasterJustificationBook_Air_Force_PB_2014.zzz_unzipped-PROCUREMENT_MasterJustificationBook_Air_Force_PB_2014.xml","1081d29dcea112091b01ebd34b03ccf860c11b197b2d61df1dd61c17f3546d5e","0-fe8be02d5c92b5ea6ba91e934dd7471ab564cc4b5b153d0ebce67c76c2f9f1eb","6-14b12fd9e0ff598df788ab09311c8d05fbee47da988b10c22d9abe5d6e1b5feb","root.record.ItemExhibitList.P5Item.CostElementCategoryList.Flyaway.NonRecurring.CostElementList.CostElement"
"L-3 Comm Salt Lake City","","UT/CA","0.08","1.00","0.08","1","0","0","0","9","0","0","0","2014-BASE_PROCUREMENT-2014-AIRFORCE_AIRCRAFT_VOL1-PROCUREMENT_MasterJustificationBook_Air_Force_PB_2014.zzz_unzipped-PROCUREMENT_MasterJustificationBook_Air_Force_PB_2014.xml","1081d29dcea112091b01ebd34b03ccf860c11b197b2d61df1dd61c17f3546d5e","0-caff9d50a86fcaaa8c1ccb498044ff4bcdd841cb45297ee00d420e3191c9a27e","7-ba171d7f598c56e2a4ae2dc862d9d801ef920a2362969007383b93fc78bb33a1","root.record.ItemExhibitList.P5Item.CostElementCategoryList.Flyaway.NonRecurring.CostElementList.CostElement"
"Raytheon Missile Systems","","Tucson, AZ","0.00","0.00","0.00","0","0","0","0","0","5","20","25","2014-BASE_PROCUREMENT-2014-AIRFORCE_MISSILE-PROCUREMENT_JustificationBook_Air_Force_PB_2014.zzz_unzipped-PROCUREMENT_JustificationBook_Air_Force_PB_2014.xml","4f4737b327e599c50bd8b5e43131c73100785cb29979237a4bc48b2a91a01b39","0-9d068ad490a6126fbc305ab49bff3fa582d554ad296b957ae77e08661f1ddaf4","4-e47f464e127bf5f8fefc3985838886be581c03fe41b8f2932474e7be6ecd374b","root.record.ItemExhibitList.P5Item.CostElementCategoryList.Flyaway.NonRecurring.CostElementList.CostElement"
"Raytheon Missile Systems","","Tucson, AZ","0.00","0.00","0.00","0","0","0","0","0","5","20","25","2014-BASE_PROCUREMENT-2014-AIRFORCE_MISSILE-PROCUREMENT_MasterJustificationBook_Air_Force_PB_2014.zzz_unzipped-PROCUREMENT_MasterJustificationBook_Air_Force_PB_2014.xml","a753a19215d75ef90c3a194a6a572c3178c5490c79934920f930a86cad1726b1","0-1234a50b8e3c59b52a9f8e2eb364cf19250e2b03b1ae6bfea5f9e7972ebbd46c","4-1d730c2a51861ba6653a866f0d21011c845da5f42647630ccaa122cb82b802ef","root.record.ItemExhibitList.P5Item.CostElementCategoryList.Flyaway.NonRecurring.CostElementList.CostElement"
"TBD","","TBD","12","833","600","0","10","6","16","0","10","6","16","2014-BASE_PROCUREMENT-2014-ARMY_OTHER_2-PROCUREMENT_JustificationBook_Army_PB_2014.zzz_unzipped-PROCUREMENT_JustificationBook_Army_PB_2014.xml","df1174508e31db49beb81909a5fa56b00bc8afeaf03b853d4fdb48fd86725c49","0-632754f98aca267ea049117afc3d1949fc21084119a0f6965402f2a0fed01be9","1-a090968cb23b100ee8c7affdf0508da08487a878972cb0754f594052b7d04c39","root.record.ItemExhibitList.P5Item.CostElementCategoryList.Flyaway.NonRecurring.CostElementList.CostElement"
"TBD","","TBD","12","833","600","0","10","6","16","0","10","6","16","2014-BASE_PROCUREMENT-2014-ARMY_OTHER_2-PROCUREMENT_JustificationBook_Army_PB_2014.zzz_unzipped-PROCUREMENT_JustificationBook_Army_PB_2014.xml","df1174508e31db49beb81909a5fa56b00bc8afeaf03b853d4fdb48fd86725c49","0-cafa876eb3a1999d417e8499377ced090fab751204e29cc946ccee6427d25985","2-10b7e6f8178fbc33da869c61c28e82785b15669418ac135ec1979805a87dc9c1","root.record.ItemExhibitList.P5Item.CostElementCategoryList.Flyaway.NonRecurring.CostElementList.CostElement"
"Raytheon Missile System"," This item pertains to Containers","Tucson, AZ","300","800","600","0","9","25","34","0","5","19","24","2014-BASE_PROCUREMENT-2014-NAVY_WEAPONS-PROCUREMENT_JustificationBook_Navy_PB_2014.zzz_unzipped-PROCUREMENT_JustificationBook_Navy_PB_2014.xml","14ddc52b335fbb40e1b4d53c671ed3dd8ed450cb174d5c57c5c97e35a2a8c182","0-d0ba165e6fa356f20acc39a337e21dc1e0bd8801e5b720f83efd074c9c20b223","1-401958469eede870c3c849aa72867bc0d2b82398d4adc06c773ed251715dca9c","root.record.ItemExhibitList.P5Item.CostElementCategoryList.Flyaway.NonRecurring.CostElementList.CostElement"
"Raytheon Missile System"," This item pertains to Containers","Tucson, AZ","300","800","600","0","9","25","34","0","5","19","24","2014-BASE_PROCUREMENT-2014-NAVY_WEAPONS-PROCUREMENT_MasterJustificationBook_Navy_PB_2014.zzz_unzipped-PROCUREMENT_MasterJustificationBook_Navy_PB_2014.xml","5a556e36acba728d692fe216a0535a16f2c06166231ac7b8a85738063433b2be","0-f951d567076b353d26b081f102c55976cf2035a3a2ec1a6311732802361ec01a","1-d789ce030c716079fd6e768851c44d8071b0af060d2a97755bd747b5081b9bee","root.record.ItemExhibitList.P5Item.CostElementCategoryList.Flyaway.NonRecurring.CostElementList.CostElement"
"General Atomics Poway","","CA","24.00","60.00","48.00","9","0","0","0","12","8","23","31","2015-BASE_PROCUREMENT-2015-AIRFORCE_AIRCRAFT_VOL1-PROCUREMENT_JustificationBook_Air_Force_PB_2015.zzz_unzipped-PROCUREMENT_JustificationBook_Air_Force_PB_2015.xml","2cd614d1418489ab3d0814dc0a2501ca519ce6c4a6258e09a315c10505d57b13","0-a9e931d4d70b8fca092461806844cc5bf309a2ba080b23242dcd6a4d32134d30","0-bfabab04c02621af2dd90a86bd68bd107f99d8e0340c4ad4abc13ac15a4a82d3","root.record.ItemExhibitList.P5Item.CostElementCategoryList.Flyaway.NonRecurring.CostElementList.CostElement"
"General Atomics Poway","","CA","1.50","18.00","4.00","9","1","19","20","9","0","0","0","2015-BASE_PROCUREMENT-2015-AIRFORCE_AIRCRAFT_VOL1-PROCUREMENT_JustificationBook_Air_Force_PB_2015.zzz_unzipped-PROCUREMENT_JustificationBook_Air_Force_PB_2015.xml","2cd614d1418489ab3d0814dc0a2501ca519ce6c4a6258e09a315c10505d57b13","0-469d17b501184b868a6f00d35a2ac01cca7b531e7f4aed42be662c8b4790c083","2-37bafe8592e25ccf3d87ccfd6be38556dc0a0287e869bf9f3aef0e412af57179","root.record.ItemExhibitList.P5Item.CostElementCategoryList.Flyaway.NonRecurring.CostElementList.CostElement"
"General Atomics Poway","","CA","1.50","24.00","1.50","5","1","19","20","5","0","0","0","2015-BASE_PROCUREMENT-2015-AIRFORCE_AIRCRAFT_VOL1-PROCUREMENT_JustificationBook_Air_Force_PB_2015.zzz_unzipped-PROCUREMENT_JustificationBook_Air_Force_PB_2015.xml","2cd614d1418489ab3d0814dc0a2501ca519ce6c4a6258e09a315c10505d57b13","0-aeec5563ee8c1e345723d02c9bc4b5135abc532d3b54a6ad1d6b44d96e6c646c","3-8b74b7dfcb8f2991941391c7359be3886bd35a3fc32a838cc84718c454de451b","root.record.ItemExhibitList.P5Item.CostElementCategoryList.Flyaway.NonRecurring.CostElementList.CostElement"
"General Atomics Poway","","CA","0.00","0.00","0.00","0","0","0","0","0","0","0","0","2015-BASE_PROCUREMENT-2015-AIRFORCE_AIRCRAFT_VOL1-PROCUREMENT_JustificationBook_Air_Force_PB_2015.zzz_unzipped-PROCUREMENT_JustificationBook_Air_Force_PB_2015.xml","2cd614d1418489ab3d0814dc0a2501ca519ce6c4a6258e09a315c10505d57b13","0-a59f1df00a5db76dec971ca0866f909d54151321d0d0a90d39f7f629094258f5","4-6d82b6f12caa5cf7bd2f7eb7bf5ca44cfd71ce3fae51ed4740937ada4dbd69a5","root.record.ItemExhibitList.P5Item.CostElementCategoryList.Flyaway.NonRecurring.CostElementList.CostElement"
"General Atomics Poway","","CA","4.00","72.00","60.00","9","7","15","22","3","0","0","0","2015-BASE_PROCUREMENT-2015-AIRFORCE_AIRCRAFT_VOL1-PROCUREMENT_JustificationBook_Air_Force_PB_2015.zzz_unzipped-PROCUREMENT_JustificationBook_Air_Force_PB_2015.xml","2cd614d1418489ab3d0814dc0a2501ca519ce6c4a6258e09a315c10505d57b13","0-c2ed5ad6169d39b565382855369b22e9a53ca643b2e461a86d279d354631e0df","5-871638eacbf4f49c658b12158da4e7904da0ba7a7a6e3b6dcf373c3d74da612e","root.record.ItemExhibitList.P5Item.CostElementCategoryList.Flyaway.NonRecurring.CostElementList.CostElement"
"L-3 Comm Salt Lake City","","UT/CA","6.00","24.00","6.00","1","9","19","28","9","0","0","0","2015-BASE_PROCUREMENT-2015-AIRFORCE_AIRCRAFT_VOL1-PROCUREMENT_JustificationBook_Air_Force_PB_2015.zzz_unzipped-PROCUREMENT_JustificationBook_Air_Force_PB_2015.xml","2cd614d1418489ab3d0814dc0a2501ca519ce6c4a6258e09a315c10505d57b13","0-b334987bf7b6c531fa64a3059877bbb70c0774a142067c62aa19c78bbeb61083","6-4562d0dabb1d513ac7f844a02b455b44375a52e2ee849d194218d223b5b89746","root.record.ItemExhibitList.P5Item.CostElementCategoryList.Flyaway.NonRecurring.CostElementList.CostElement"
"General Atomics Poway","","CA","24.00","60.00","48.00","9","0","0","0","12","8","23","31","2015-BASE_PROCUREMENT-2015-AIRFORCE_AIRCRAFT_VOL2-PROCUREMENT_MasterJustificationBook_Air_Force_PB_2015.zzz_unzipped-PROCUREMENT_MasterJustificationBook_Air_Force_PB_2015.xml","adb5e510abf2114f09fbcae25f2df9157bffdf6d57f264f0c282c73115f52611","0-e5091e8666b7f9207e8577ca57888077d77f80563362209fd768ebf4fd2dd5ef","0-8f8bc34c58e81b15baefd18b541fed2c3416e805fce7cdbba83bb5728af6b76e","root.record.ItemExhibitList.P5Item.CostElementCategoryList.Flyaway.NonRecurring.CostElementList.CostElement"
"General Atomics Poway","","CA","1.50","18.00","4.00","9","1","19","20","9","0","0","0","2015-BASE_PROCUREMENT-2015-AIRFORCE_AIRCRAFT_VOL2-PROCUREMENT_MasterJustificationBook_Air_Force_PB_2015.zzz_unzipped-PROCUREMENT_MasterJustificationBook_Air_Force_PB_2015.xml","adb5e510abf2114f09fbcae25f2df9157bffdf6d57f264f0c282c73115f52611","0-9c45bf10e2468a234bcde76ad26c3e9239e22ada3990ab8f4899c900d82a60d0","2-dead20317576f08e7914e9569a35ec0bc07e8dea640e6daac3b324798730c0eb","root.record.ItemExhibitList.P5Item.CostElementCategoryList.Flyaway.NonRecurring.CostElementList.CostElement"
"General Atomics Poway","","CA","1.50","24.00","1.50","5","1","19","20","5","0","0","0","2015-BASE_PROCUREMENT-2015-AIRFORCE_AIRCRAFT_VOL2-PROCUREMENT_MasterJustificationBook_Air_Force_PB_2015.zzz_unzipped-PROCUREMENT_MasterJustificationBook_Air_Force_PB_2015.xml","adb5e510abf2114f09fbcae25f2df9157bffdf6d57f264f0c282c73115f52611","0-2e6c8c9ba954bf9918163d12b09a4e11f29a834422b519c30bf8bba47ac26b54","3-31105998aeb9c471d70e17c881909d48cc7c2863058b40b297ff0b6b0489103a","root.record.ItemExhibitList.P5Item.CostElementCategoryList.Flyaway.NonRecurring.CostElementList.CostElement"
"General Atomics Poway","","CA","0.00","0.00","0.00","0","0","0","0","0","0","0","0","2015-BASE_PROCUREMENT-2015-AIRFORCE_AIRCRAFT_VOL2-PROCUREMENT_MasterJustificationBook_Air_Force_PB_2015.zzz_unzipped-PROCUREMENT_MasterJustificationBook_Air_Force_PB_2015.xml","adb5e510abf2114f09fbcae25f2df9157bffdf6d57f264f0c282c73115f52611","0-baa249422de25b311b2e8367d4ff00e47c335d1ae7be29c6187a5f2f02d0d4a6","4-8fcd9528fad9e59f767a9f4722d3aac5aba87055d926b55249bee2161fcb65b0","root.record.ItemExhibitList.P5Item.CostElementCategoryList.Flyaway.NonRecurring.CostElementList.CostElement"
"General Atomics Poway","","CA","4.00","72.00","60.00","9","7","15","22","3","0","0","0","2015-BASE_PROCUREMENT-2015-AIRFORCE_AIRCRAFT_VOL2-PROCUREMENT_MasterJustificationBook_Air_Force_PB_2015.zzz_unzipped-PROCUREMENT_MasterJustificationBook_Air_Force_PB_2015.xml","adb5e510abf2114f09fbcae25f2df9157bffdf6d57f264f0c282c73115f52611","0-fe20baa3bc7f5f00fb89370109961e4c7e01fd5eeaa1c0eb54d8e41587ca05ff","5-207e5d4e3d14ff56edeb7465588690486cbbe8355f1c2e31afa2234db8e92341","root.record.ItemExhibitList.P5Item.CostElementCategoryList.Flyaway.NonRecurring.CostElementList.CostElement"
"L-3 Comm Salt Lake City","","UT/CA","6.00","24.00","6.00","1","9","19","28","9","0","0","0","2015-BASE_PROCUREMENT-2015-AIRFORCE_AIRCRAFT_VOL2-PROCUREMENT_MasterJustificationBook_Air_Force_PB_2015.zzz_unzipped-PROCUREMENT_MasterJustificationBook_Air_Force_PB_2015.xml","adb5e510abf2114f09fbcae25f2df9157bffdf6d57f264f0c282c73115f52611","0-31461e2a244cd220db6825dfbb4523df1de10c5df0514edfd181fa74399808f9","6-72a538a2e7128708bcd0c7e511f19f70979b7d729f2e8718aeaaaa1726c762cb","root.record.ItemExhibitList.P5Item.CostElementCategoryList.Flyaway.NonRecurring.CostElementList.CostElement"
"Raytheon Missile Systems","","Tucson, AZ","75.00","200.00","150.00","0","0","0","0","0","5","20","25","2015-BASE_PROCUREMENT-2015-AIRFORCE_MISSILE-PROCUREMENT_JustificationBook_Air_Force_PB_2015.zzz_unzipped-PROCUREMENT_JustificationBook_Air_Force_PB_2015.xml","32e25787acaf34a2798bfe36e0055afab6906b8c6c13bdaf1bd4228a84174195","0-6fa83e9d0f151aef4aaa863d15fc19cc9f224029337ad037109a3252ee952c6b","1-102e3e68caa4fe52b2816a02750460d1a28e0fdb7e550fd272583ba0883a3444","root.record.ItemExhibitList.P5Item.CostElementCategoryList.Flyaway.NonRecurring.CostElementList.CostElement"
"Raytheon Missile Systems","","Tucson, AZ","75.00","200.00","150.00","0","0","0","0","0","5","20","25","2015-BASE_PROCUREMENT-2015-AIRFORCE_MISSILE-PROCUREMENT_MasterJustificationBook_Air_Force_PB_2015.zzz_unzipped-PROCUREMENT_MasterJustificationBook_Air_Force_PB_2015.xml","19f5e55ad1bba5d99c1918715eec03055f7192c6d07351f56f32cfd766930384","0-625ac72159ff7628964a451b4b803c9a07e8502a02dd212c4002b1edb7f76f2c","1-14a513d9e20a2d76661d7e473de057f88d8474d8762ee9781f789f562825d223","root.record.ItemExhibitList.P5Item.CostElementCategoryList.Flyaway.NonRecurring.CostElementList.CostElement"
"General Atomics Poway","","CA","24.00","60.00","48.00","9","0","0","0","12","8","23","31","2015-AMENDED_PROCUREMENT_AND_RDTE-2015-AIRFORCE_AMMO-PROCUREMENT_JustificationBook_Air_Force_PBAmended_2015.zzz_unzipped-PROCUREMENT_JustificationBook_Air_Force_PBAmended_2015.xml","4f5e25a96a9631e83d39707e6291ba7487d88395b62465e7328a257a5c7da0a8","0-1b0c002569ce09b2e1eb8fdff537a93a872d11dabc014e64d898bc59274bf53c","0-0c8007099ef7917497c443d05644a7f14cac0abd887ae7a5d6e4197d07398d86","root.record.ItemExhibitList.P5Item.CostElementCategoryList.Flyaway.NonRecurring.CostElementList.CostElement"
"General Atomics Poway","","CA","1.50","18.00","4.00","9","1","19","20","9","0","0","0","2015-AMENDED_PROCUREMENT_AND_RDTE-2015-AIRFORCE_AMMO-PROCUREMENT_JustificationBook_Air_Force_PBAmended_2015.zzz_unzipped-PROCUREMENT_JustificationBook_Air_Force_PBAmended_2015.xml","4f5e25a96a9631e83d39707e6291ba7487d88395b62465e7328a257a5c7da0a8","0-9641b44068a37625f657ed3d04ea3a7a90089f8c6ce899b164709dc279b0fbdf","2-6d9a9cafe6097c41fc41d6a3101eb3b737ad96fbed3e8b8b30e262f7d82afc2e","root.record.ItemExhibitList.P5Item.CostElementCategoryList.Flyaway.NonRecurring.CostElementList.CostElement"
"General Atomics Poway","","CA","1.50","24.00","1.50","5","1","19","20","5","0","0","0","2015-AMENDED_PROCUREMENT_AND_RDTE-2015-AIRFORCE_AMMO-PROCUREMENT_JustificationBook_Air_Force_PBAmended_2015.zzz_unzipped-PROCUREMENT_JustificationBook_Air_Force_PBAmended_2015.xml","4f5e25a96a9631e83d39707e6291ba7487d88395b62465e7328a257a5c7da0a8","0-3b9462bffd9c1a9cbe260d336278aba9223495f904a6702cb6b479617e4c91f5","3-99cf59f47603633bc3a4afb7203e5144db86488faabe6142347d3345d9cde7ab","root.record.ItemExhibitList.P5Item.CostElementCategoryList.Flyaway.NonRecurring.CostElementList.CostElement"
"General Atomics Poway","","CA","0.00","0.00","0.00","0","0","0","0","0","0","0","0","2015-AMENDED_PROCUREMENT_AND_RDTE-2015-AIRFORCE_AMMO-PROCUREMENT_JustificationBook_Air_Force_PBAmended_2015.zzz_unzipped-PROCUREMENT_JustificationBook_Air_Force_PBAmended_2015.xml","4f5e25a96a9631e83d39707e6291ba7487d88395b62465e7328a257a5c7da0a8","0-45084b48ae34d5b911d307421a088f64cbabcc8db2e50f875355b5b059495f83","4-d8e1a23a217dacf155a43572ccaa1b7246f2d6aa03877cf95ac5869ebbbaff1e","root.record.ItemExhibitList.P5Item.CostElementCategoryList.Flyaway.NonRecurring.CostElementList.CostElement"
"General Atomics Poway","","CA","4.00","72.00","60.00","9","7","15","22","3","0","0","0","2015-AMENDED_PROCUREMENT_AND_RDTE-2015-AIRFORCE_AMMO-PROCUREMENT_JustificationBook_Air_Force_PBAmended_2015.zzz_unzipped-PROCUREMENT_JustificationBook_Air_Force_PBAmended_2015.xml","4f5e25a96a9631e83d39707e6291ba7487d88395b62465e7328a257a5c7da0a8","0-5c5797be0699cc8b4f3f4edecdfbf69422cc4821e3f9d44f1269e256ea9dfeb6","5-0fb6e36f976134deaadff243400f53f0c5ddf9febba8559cd36eda0dc470ace4","root.record.ItemExhibitList.P5Item.CostElementCategoryList.Flyaway.NonRecurring.CostElementList.CostElement"
"L-3 Comm Salt Lake City","","UT/CA","6.00","24.00","6.00","1","9","19","28","9","0","0","0","2015-AMENDED_PROCUREMENT_AND_RDTE-2015-AIRFORCE_AMMO-PROCUREMENT_JustificationBook_Air_Force_PBAmended_2015.zzz_unzipped-PROCUREMENT_JustificationBook_Air_Force_PBAmended_2015.xml","4f5e25a96a9631e83d39707e6291ba7487d88395b62465e7328a257a5c7da0a8","0-41f9b705a34826757e2adccff6587dfebac9c8c3100f8ae9cbad0108c89ab663","6-13b21752842066d412370b86cb98d5d6fc3459ac81f99715b33923be73dfcd0d","root.record.ItemExhibitList.P5Item.CostElementCategoryList.Flyaway.NonRecurring.CostElementList.CostElement"
"General Atomics Poway","","CA","24.00","60.00","48.00","9","0","0","0","12","8","23","31","2015-AMENDED_PROCUREMENT_AND_RDTE-2015-AIRFORCE_AMMO-PROCUREMENT_MasterJustificationBook_Air_Force_PBAmended_2015.zzz_unzipped-PROCUREMENT_MasterJustificationBook_Air_Force_PBAmended_2015.xml","c88599ce833a90514c212bd46c587f6ee36c1f3c67a0d8bbeae16830465cb8f5","0-a992f7bed785f81c54c241cbed15f4c113919315290bf1ba8a189017cc5302f4","0-326887f942ef649c4956efd719e29cba90572f75b845d55dc67271038c0ce121","root.record.ItemExhibitList.P5Item.CostElementCategoryList.Flyaway.NonRecurring.CostElementList.CostElement"
"General Atomics Poway","","CA","1.50","18.00","4.00","9","1","19","20","9","0","0","0","2015-AMENDED_PROCUREMENT_AND_RDTE-2015-AIRFORCE_AMMO-PROCUREMENT_MasterJustificationBook_Air_Force_PBAmended_2015.zzz_unzipped-PROCUREMENT_MasterJustificationBook_Air_Force_PBAmended_2015.xml","c88599ce833a90514c212bd46c587f6ee36c1f3c67a0d8bbeae16830465cb8f5","0-e55e8314bbf56e8c62f13513e7ef4435bc15aa7341bb56dec0b942ad06354ecf","2-d7ea61260461eb03becf1d1afd5eb0bbb5f2b0a80190bb5c26938c9a0c0a1d82","root.record.ItemExhibitList.P5Item.CostElementCategoryList.Flyaway.NonRecurring.CostElementList.CostElement"
"General Atomics Poway","","CA","1.50","24.00","1.50","5","1","19","20","5","0","0","0","2015-AMENDED_PROCUREMENT_AND_RDTE-2015-AIRFORCE_AMMO-PROCUREMENT_MasterJustificationBook_Air_Force_PBAmended_2015.zzz_unzipped-PROCUREMENT_MasterJustificationBook_Air_Force_PBAmended_2015.xml","c88599ce833a90514c212bd46c587f6ee36c1f3c67a0d8bbeae16830465cb8f5","0-0d50c93a7a9983ee72cfb83e0fbeb366f8a6336c27afee1ddc2a27767cc7c483","3-bb059a4a67817df0aa20083da9c5aefd0c538de07b3f19d9e2b610ec82a00854","root.record.ItemExhibitList.P5Item.CostElementCategoryList.Flyaway.NonRecurring.CostElementList.CostElement"
"General Atomics Poway","","CA","0.00","0.00","0.00","0","0","0","0","0","0","0","0","2015-AMENDED_PROCUREMENT_AND_RDTE-2015-AIRFORCE_AMMO-PROCUREMENT_MasterJustificationBook_Air_Force_PBAmended_2015.zzz_unzipped-PROCUREMENT_MasterJustificationBook_Air_Force_PBAmended_2015.xml","c88599ce833a90514c212bd46c587f6ee36c1f3c67a0d8bbeae16830465cb8f5","0-e3e0bfc51dcdc1d97a67cb156bc80d2eb0373b0d09c2fd2a9481ee5c08e2acc7","4-d6c297ae8c9d286025e3adfcf04bcc6846604014ddb851017d0b446a7d449914","root.record.ItemExhibitList.P5Item.CostElementCategoryList.Flyaway.NonRecurring.CostElementList.CostElement"
"General Atomics Poway","","CA","4.00","72.00","60.00","9","7","15","22","3","0","0","0","2015-AMENDED_PROCUREMENT_AND_RDTE-2015-AIRFORCE_AMMO-PROCUREMENT_MasterJustificationBook_Air_Force_PBAmended_2015.zzz_unzipped-PROCUREMENT_MasterJustificationBook_Air_Force_PBAmended_2015.xml","c88599ce833a90514c212bd46c587f6ee36c1f3c67a0d8bbeae16830465cb8f5","0-4758b8cff19b83491d902795f186e3d06c1bd1d9c84533db04bdf93ed217d5ee","5-6c36d55fb3aa624fe684d892c7577642501a4cb85d9fe802ec0a90c712f9608d","root.record.ItemExhibitList.P5Item.CostElementCategoryList.Flyaway.NonRecurring.CostElementList.CostElement"
"L-3 Comm Salt Lake City","","UT/CA","6.00","24.00","6.00","1","9","19","28","9","0","0","0","2015-AMENDED_PROCUREMENT_AND_RDTE-2015-AIRFORCE_AMMO-PROCUREMENT_MasterJustificationBook_Air_Force_PBAmended_2015.zzz_unzipped-PROCUREMENT_MasterJustificationBook_Air_Force_PBAmended_2015.xml","c88599ce833a90514c212bd46c587f6ee36c1f3c67a0d8bbeae16830465cb8f5","0-1eb593cc2c18d7a56ab866fd7fc0f13b1de82518c4066c42a2b21881c74eb3ff","6-39bd563d03e9890037fb7cc8d4125bcdc99f473b3ab1fe6aa6a10b6babbb6204","root.record.ItemExhibitList.P5Item.CostElementCategoryList.Flyaway.NonRecurring.CostElementList.CostElement"
"General Dynamics C4 Systems","","Scottsdale, AZ","12","833","600","0","10","6","16","0","10","6","16","2015-BASE_PROCUREMENT-2015-ARMY_OTHER_2-PROCUREMENT_JustificationBook_Army_PB_2015.zzz_unzipped-PROCUREMENT_JustificationBook_Army_PB_2015.xml","6f461aa1cfb0c25e95289e812d6207e88a933c52a5097fedaea33216851f407c","0-e6e2020f5d5064cfebbc3f8fab683418f37fe273389af8597a0dd8524746f9ba","1-55a5b62bf24851534ef0b04591c87bdb8e0ca8e7302a3ad9fad9f5d9fc3d4df3","root.record.ItemExhibitList.P5Item.CostElementCategoryList.Flyaway.NonRecurring.CostElementList.CostElement"
"TBD","","TBD","12","833","600","0","10","6","16","0","10","6","16","2015-BASE_PROCUREMENT-2015-ARMY_OTHER_2-PROCUREMENT_JustificationBook_Army_PB_2015.zzz_unzipped-PROCUREMENT_JustificationBook_Army_PB_2015.xml","6f461aa1cfb0c25e95289e812d6207e88a933c52a5097fedaea33216851f407c","1-8d65c7495462f51a13c9f090bdd0a36497ba2d80846ef8b3bd3380df1157b1f5","1-55a5b62bf24851534ef0b04591c87bdb8e0ca8e7302a3ad9fad9f5d9fc3d4df3","root.record.ItemExhibitList.P5Item.CostElementCategoryList.Flyaway.NonRecurring.CostElementList.CostElement"
"Air Methods Corp","","Denver, Colorado","10","15","12","0","0","10","10","0","0","4","4","2016-BASE_PROCUREMENT-2016-ARMY_OTHER_3-4-PROCUREMENT_JustificationBook_Army_PB_2016.zzz_unzipped-PROCUREMENT_JustificationBook_Army_PB_2016.xml","ef3b69f10ebff91f8bf751d300d4cf4d4e13e478b1d1e22d699d9665d71425b1","0-ffa24b6a721fa12d4fd951f9b372c3b3bd82a82c9437676dfce318d176888f24","0-c734e3472af9a31e67284750b8802305ccc8ed1bf188ca4e33c8271aa04f1208","root.record.ItemExhibitList.P5Item.CostElementCategoryList.Flyaway.NonRecurring.CostElementList.CostElement"
"TBD","","TBD","1","240","60","0","0","0","0","0","0","0","0","2016-BASE_PROCUREMENT-2016-ARMY_OTHER_2-PROCUREMENT_JustificationBook_Army_PB_2016.zzz_unzipped-PROCUREMENT_JustificationBook_Army_PB_2016.xml","9cc6fde9617f3ff9b3519048047375840475633220023ba0edfe1959d43eb8ca","0-8b62dce1371d9e2e2713296dc317fb7934aed1550bd0df9ee01979bd77db6767","1-55f9153297f600ccca37535dfb9437660014b5e9f3d61d53a46ca376d505bff2","root.record.ItemExhibitList.P5Item.CostElementCategoryList.Flyaway.NonRecurring.CostElementList.CostElement"
"ARDEC","Production times are estimates based on market research.","Picatanny Arsenal, NJ","0","100","100","2","2","10","12","2","2","10","12","2016-BASE_PROCUREMENT-2016-NAVY_MARINECORPS-PROCUREMENT_JustificationBook_Navy_PB_2016.zzz_unzipped-PROCUREMENT_JustificationBook_Navy_PB_2016.xml","4c86f751daefee1c87fc0b881d96515fc6defe8c6faf6fa4093bbe7c79f13a0b","0-97e507b1a113dc92c7deb4c1b682cdd64115132b0718674f2769dac77a527ec2","0-f6d465e31de26415eeae5f2c0f298c396acf827ae07ee485834fb30b6caab4a9","root.record.ItemExhibitList.P5Item.CostElementCategoryList.Flyaway.NonRecurring.CostElementList.CostElement"
"ARDEC","Production times are estimates based on market research.","Picatanny Arsenal, NJ","0","100","100","2","2","10","12","2","2","10","12","2016-BASE_PROCUREMENT-2016-NAVY_MARINECORPS-PROCUREMENT_MasterJustificationBook_Navy_PB_2016.zzz_unzipped-PROCUREMENT_MasterJustificationBook_Navy_PB_2016.xml","66c9af6dded5cf45048b9d8c42eba310c7b7dd21d1dbc40eb6a526118589443c","0-68d73bd12821ed5b421514f1e74757a7ebc411be07cd9e8fb0562ce87a5164d3","0-9e5847672465bf2bcfa99292b9e6b5781edea4500543e73e4cd9a58848290033","root.record.ItemExhibitList.P5Item.CostElementCategoryList.Flyaway.NonRecurring.CostElementList.CostElement"
"Raytheon Missile System","","Tucson, AZ","300","800","600","0","9","25","34","0","5","19","24","2016-BASE_PROCUREMENT-2016-NAVY_WEAPONS-PROCUREMENT_JustificationBook_Navy_PB_2016.zzz_unzipped-PROCUREMENT_JustificationBook_Navy_PB_2016.xml","ad91d99463c07ddfe477033b4747e0917df6f11717b09f7e62766a64f427fffe","0-9760761f6950ff38949c5441977018109a69f2a8b5cb36225ed9baa009af26f6","1-cd9fd8bdc95c36de1502c087528d79919dabba8384c01016f6e610352e886b90","root.record.ItemExhibitList.P5Item.CostElementCategoryList.Flyaway.NonRecurring.CostElementList.CostElement"
"Raytheon Missile System","","Tucson, AZ","300","800","600","0","9","25","34","0","5","19","24","2016-BASE_PROCUREMENT-2016-NAVY_WEAPONS-PROCUREMENT_MasterJustificationBook_Navy_PB_2016.zzz_unzipped-PROCUREMENT_MasterJustificationBook_Navy_PB_2016.xml","6517f9a798d3b51b90eb4335f00b314d287e62a67a279c43e92bb627a77a3d95","0-98aad4acff84669f0febf8e70ea0c6b34d7180f370ff359b28cc7d857354c306","1-89eaae67390e12788fd462bf64af1a00cd9ee69700cc17768e02ac407706c2eb","root.record.ItemExhibitList.P5Item.CostElementCategoryList.Flyaway.NonRecurring.CostElementList.CostElement"
"SSC LANT","","Charleston, SC","","","","","","","","","","","","2016-BASE_PROCUREMENT-2016-NAVY_OTHER_BA2-PROCUREMENT_JustificationBook_Navy_PB_2016.zzz_unzipped-PROCUREMENT_JustificationBook_Navy_PB_2016.xml","1181a0d97d78738d79a90c311e5848b96cb4b151f082b5c3877d824c37b34c55","0-1736c25ebfbfbc0a14882452083bb6256e278a0d86bd69f998ff9c6148de1a06","0-be2ece16d8c9ad443671bc7fc81fa02474c5f8f3adcbc06aa9eb547e79aeac5a","root.record.ItemExhibitList.P5Item.CostElementCategoryList.Flyaway.NonRecurring.CostElementList.CostElement"
"SSC LANT","","Charleston, SC","1.00","10.00","5.00","0","7","4","11","0","0","0","0","2016-BASE_PROCUREMENT-2016-NAVY_OTHER_BA2-PROCUREMENT_JustificationBook_Navy_PB_2016.zzz_unzipped-PROCUREMENT_JustificationBook_Navy_PB_2016.xml","e3a5c42ddd179fa99f4a16274ff50b1fdc8118dc1fdb818695be7678fc9ccb34","0-eaa27700a45f36853ffeee6a7d722f911afe050cc26b2373aee7142dcecd4625","1-063dce8cad8e30d0c06edb2c0cf6700ec2f3fccd366c5fdd99627ef413b2f89b","root.record.ItemExhibitList.P5Item.CostElementCategoryList.Flyaway.NonRecurring.CostElementList.CostElement"
"Argon ST","","Arlington, VA","1.00","9.00","7.00","0","8","18","26","0","0","0","0","2016-BASE_PROCUREMENT-2016-NAVY_OTHER_BA2-PROCUREMENT_JustificationBook_Navy_PB_2016.zzz_unzipped-PROCUREMENT_JustificationBook_Navy_PB_2016.xml","e3a5c42ddd179fa99f4a16274ff50b1fdc8118dc1fdb818695be7678fc9ccb34","0-9c4f7cceec1626a6e79bf03bcba2623a8ab491cf58b78ed6fe7bbeff3c8ddfb2","0-d859d36aa8280ea01ebf9ae31289765416b65b5b405e20d3f05dba131b34468e","root.record.ItemExhibitList.P5Item.CostElementCategoryList.Flyaway.NonRecurring.CostElementList.CostElement"
"SSC LANT","","Charleston, SC","","","","","","","","","","","","2016-BASE_PROCUREMENT-2016-NAVY_OTHER_BA5-8-PROCUREMENT_MasterJustificationBook_Navy_PB_2016.zzz_unzipped-PROCUREMENT_MasterJustificationBook_Navy_PB_2016.xml","841da19ad0161c2458a895954b9b94b9700540e1e59b4cf99ec6fa117bf2d896","0-34ec9239a9f9992f81b484d5e9a45a04a233bc0529cf9700508b645262c501ce","0-707ed2e9d11005a09acc5695da281c5bcf67117b665814e1e9ae584e79819cee","root.record.ItemExhibitList.P5Item.CostElementCategoryList.Flyaway.NonRecurring.CostElementList.CostElement"
"SSC LANT","","Charleston, SC","1.00","10.00","5.00","0","7","4","11","0","0","0","0","2016-BASE_PROCUREMENT-2016-NAVY_OTHER_BA5-8-PROCUREMENT_MasterJustificationBook_Navy_PB_2016.zzz_unzipped-PROCUREMENT_MasterJustificationBook_Navy_PB_2016.xml","d858062d379fd903fc742fa85beffdbcceec18b18cf732fedb5fc27bbed9dd7a","0-c84c6543185a7c497df9b43a9503df1e7745de3e80c5d8ff6ba941ec5e1d446a","1-daf65ee5f9375f410b1a5afaf9c65e06f948a64a6c5abd1c389e670d7014cfb9","root.record.ItemExhibitList.P5Item.CostElementCategoryList.Flyaway.NonRecurring.CostElementList.CostElement"
"Argon ST","","Arlington, VA","1.00","9.00","7.00","0","8","18","26","0","0","0","0","2016-BASE_PROCUREMENT-2016-NAVY_OTHER_BA5-8-PROCUREMENT_MasterJustificationBook_Navy_PB_2016.zzz_unzipped-PROCUREMENT_MasterJustificationBook_Navy_PB_2016.xml","d858062d379fd903fc742fa85beffdbcceec18b18cf732fedb5fc27bbed9dd7a","0-a78fb1f563c74478511121b567e782d2febfea8957068812f824ac517974759c","0-83ff3c813b66a6aa1f15976ccb2ab4f93dedd15ca6fb8034dca59f944f47760c","root.record.ItemExhibitList.P5Item.CostElementCategoryList.Flyaway.NonRecurring.CostElementList.CostElement"
"Veterans Corp","","Fairfax","1","875","775","1","4","4","8","1","4","3","7","2017-BASE_PROCUREMENT-2017-ARMY_OTHER_3-4-U_PROCUREMENT_JustificationBook_Army_PB_2017.zzz_unzipped-U_PROCUREMENT_JustificationBook_Army_PB_2017.xml","e7a9e9c04ff350db26a96666e5eb4e4c706f38ef970e5e2e9f59331ad1709b5e","0-1b919069942a6b49de05014c73926dc7e9833d08f3fcefa2cade3d4c7c8dc46e","0-fe3c12c8b2bca4f2ff99b0f9676c265d7128c5d67a79d0b347c056f4b63e47b3","root.record.ItemExhibitList.P5Item.CostElementCategoryList.Flyaway.NonRecurring.CostElementList.CostElement"
"Veterans Corp","","Fairfax","1","875","775","1","4","4","8","1","4","3","7","2017-BASE_PROCUREMENT-2017-ARMY_OTHER_3-4-U_PROCUREMENT_JustificationBook_Army_PB_2017.zzz_unzipped-U_PROCUREMENT_JustificationBook_Army_PB_2017.xml","e7a9e9c04ff350db26a96666e5eb4e4c706f38ef970e5e2e9f59331ad1709b5e","0-788683d4f6376a35f975e000fa7f0528762a8df1270b17b0619eebe7ce76ef78","1-9121c5d7f76762283af63a8154c9540874b197208e4595d446a07ca96fc45e99","root.record.ItemExhibitList.P5Item.CostElementCategoryList.Flyaway.NonRecurring.CostElementList.CostElement"
"Veterans Corp","","Fairfax","1","875","775","1","4","4","8","1","4","3","7","2017-BASE_PROCUREMENT-2017-ARMY_OTHER_3-4-U_PROCUREMENT_JustificationBook_Army_PB_2017.zzz_unzipped-U_PROCUREMENT_JustificationBook_Army_PB_2017.xml","e7a9e9c04ff350db26a96666e5eb4e4c706f38ef970e5e2e9f59331ad1709b5e","0-e73beb751ee175e43e67c029d630c531cc6b07607e3619f45f4c0f0cb571869b","2-cf4774f465cd6c8b61abd6c86b5646d2a0d7857e698d3947d7f97f2317271395","root.record.ItemExhibitList.P5Item.CostElementCategoryList.Flyaway.NonRecurring.CostElementList.CostElement"
"Veterans Corp","","Fairfax","1","875","775","1","4","4","8","1","4","3","7","2017-BASE_PROCUREMENT-2017-ARMY_OTHER_3-4-U_PROCUREMENT_JustificationBook_Army_PB_2017.zzz_unzipped-U_PROCUREMENT_JustificationBook_Army_PB_2017.xml","e7a9e9c04ff350db26a96666e5eb4e4c706f38ef970e5e2e9f59331ad1709b5e","0-3e2e83a0108df727303265fc4815c5a16277dcef2dd9674cc3865bdfd28c8064","3-ff410daee729b459cac0eaddcde815ee8d50644a7275456014533c10ed7012b8","root.record.ItemExhibitList.P5Item.CostElementCategoryList.Flyaway.NonRecurring.CostElementList.CostElement"
"Cole Engineering Services","","Orlando","1","5","3","0","3","4","7","0","3","4","7","2017-BASE_PROCUREMENT-2017-ARMY_OTHER_3-4-U_PROCUREMENT_JustificationBook_Army_PB_2017.zzz_unzipped-U_PROCUREMENT_JustificationBook_Army_PB_2017.xml","99fdf12344ddbe14e1ebbcb6290f9a4143355b155574f258b5b758209b883288","0-889387f1068b27421e00c73d6e71e60dbe8cf3601f276f8656a6380c95b26c2f","0-025b14cc1f3a436fd711b3f6d289e296afcd585ec3133ed8bae66899e1f22c8b","root.record.ItemExhibitList.P5Item.CostElementCategoryList.Flyaway.NonRecurring.CostElementList.CostElement"
"TBD","","TBD","1","5","3","0","6","3","9","0","6","3","9","2017-BASE_PROCUREMENT-2017-ARMY_OTHER_3-4-U_PROCUREMENT_JustificationBook_Army_PB_2017.zzz_unzipped-U_PROCUREMENT_JustificationBook_Army_PB_2017.xml","99fdf12344ddbe14e1ebbcb6290f9a4143355b155574f258b5b758209b883288","1-5153603d73eb68926e02c7f49cca8dac8e0879d7c8e8bef329a94fb417d8876f","0-025b14cc1f3a436fd711b3f6d289e296afcd585ec3133ed8bae66899e1f22c8b","root.record.ItemExhibitList.P5Item.CostElementCategoryList.Flyaway.NonRecurring.CostElementList.CostElement"
"Northrop Grunman","","Midlothian, VA","","","","0","0","0","0","0","0","0","0","2017-BASE_PROCUREMENT-2017-ARMY_OTHER_2-U_PROCUREMENT_JustificationBook_Army_PB_2017.zzz_unzipped-U_PROCUREMENT_JustificationBook_Army_PB_2017.xml","3c36487d9ab18ab3a6ddc36143223d8e98e24c2d39b68294e3a713fafe06020a","0-795e910f5424408efb7bbdd0675c98942331659d446baa6631c2bd972c092908","0-bf918214141370f7bc17265be9ccf3c46f613477f81d8b9321af60bfdb9aa90e","root.record.ItemExhibitList.P5Item.CostElementCategoryList.Flyaway.NonRecurring.CostElementList.CostElement"
"TBS","","TBS","","","","0","0","0","0","0","0","0","0","2017-BASE_PROCUREMENT-2017-ARMY_OTHER_2-U_PROCUREMENT_JustificationBook_Army_PB_2017.zzz_unzipped-U_PROCUREMENT_JustificationBook_Army_PB_2017.xml","4749a19225f22314c1a3af82dab22835b79b363ea2e08400776d9d7baf87145b","0-2fe5902bef3a3e16a9b6c83e3c5e62f03c5270ca55155369f6a7824b8c6d1b6f","0-068da339ef8b53d4f8a2524a7c8f874cf7a568676e26e8c8fb82a195d2d8feef","root.record.ItemExhibitList.P5Item.CostElementCategoryList.Flyaway.NonRecurring.CostElementList.CostElement"
"GCSS Army Supply System","","Fort Leonard Wood","","","","0","0","0","0","0","0","0","0","2017-BASE_PROCUREMENT-2017-ARMY_OTHER_2-U_PROCUREMENT_JustificationBook_Army_PB_2017.zzz_unzipped-U_PROCUREMENT_JustificationBook_Army_PB_2017.xml","d60c3411c28e539d9b30b66c197502a6fcedd2c479c1a50bc084c55e7269efdf","0-994bc0dc775111c9e160ce936d62c9e9c6147c62e60f73194545b25fad881e31","0-1394ccc2579cc221756e2e542e734a656f31b21f30ca83622f23608acefe2568","root.record.ItemExhibitList.P5Item.CostElementCategoryList.Flyaway.NonRecurring.CostElementList.CostElement"
"IMMIX Technology Inc","","McLean VA","","","","0","0","0","0","0","0","0","0","2017-BASE_PROCUREMENT-2017-ARMY_OTHER_2-U_PROCUREMENT_JustificationBook_Army_PB_2017.zzz_unzipped-U_PROCUREMENT_JustificationBook_Army_PB_2017.xml","d60c3411c28e539d9b30b66c197502a6fcedd2c479c1a50bc084c55e7269efdf","0-d4800b4bf6e3f46625c402a92a4f26d633479d8b255a6f6b15955bb5699023fb","1-e9b22d711b18dc9c36f0ca1cc8d11024e1c583ef6f8c4b9ab9697f78170657ed","root.record.ItemExhibitList.P5Item.CostElementCategoryList.Flyaway.NonRecurring.CostElementList.CostElement"
"EDC","","McLean","","","","0","0","0","0","0","0","0","0","2017-BASE_PROCUREMENT-2017-ARMY_OTHER_2-U_PROCUREMENT_JustificationBook_Army_PB_2017.zzz_unzipped-U_PROCUREMENT_JustificationBook_Army_PB_2017.xml","5e6e415a71ace7ae6c50fa58050972b44713daa0fea2f6b3f30f352d143cb7b5","0-e70e929b3bc5fea9a7d61091d9401a1b9ca61c433a3eda2f8cb1b6e549fed2b4","0-a244d04c7ed73678af6de607367b5af94d7935f7358b21498d3cfb7095f09cb1","root.record.ItemExhibitList.P5Item.CostElementCategoryList.Flyaway.NonRecurring.CostElementList.CostElement"
"TBD","","TBD","12","100","13","12","12","3","15","12","12","3","15","2017-BASE_PROCUREMENT-2017-NAVY_MARINECORPS-U_PROCUREMENT_JustificationBook_Navy_PB_2017.zzz_unzipped-U_PROCUREMENT_JustificationBook_Navy_PB_2017.xml","c63f7aa8879245934501188460ec5e9daf38afd1937900425c7f5fb46fa72298","0-2a48088e135ec99f3651a73cea9ed926096f69f8a6f17cdb71e589ef375a1324","0-1e101bc192ee982762cc584bd51c4ed528cec1791a5ad9badc1eebd01024bc29","root.record.ItemExhibitList.P5Item.CostElementCategoryList.Flyaway.NonRecurring.CostElementList.CostElement"
"TBD","","TBD","12","100","13","12","12","3","15","12","12","3","15","2017-BASE_PROCUREMENT-2017-NAVY_MARINECORPS-U_PROCUREMENT_MasterJustificationBook_Navy_PB_2017.zzz_unzipped-U_PROCUREMENT_MasterJustificationBook_Navy_PB_2017.xml","9ce9456473fed81ee782555a70d1ab12fa78bcc80e943ba812149c3ff100520a","0-5727e6549e462593ba2987703baf7c54268466d4bcfa3ec1ba54555cd3635ce1","0-222807d22e7ab50c00072d6debd8c465eff0effa6874e32fd996950c1fc2616c","root.record.ItemExhibitList.P5Item.CostElementCategoryList.Flyaway.NonRecurring.CostElementList.CostElement"
"Raytheon Missile System","Annual Production Rate limitations are based on 4 missiles per 1 container ratio.","Tucson, AZ","75","225","150","0","9","25","34","0","5","19","24","2017-BASE_PROCUREMENT-2017-NAVY_WEAPONS-U_PROCUREMENT_JustificationBook_Navy_PB_2017.zzz_unzipped-U_PROCUREMENT_JustificationBook_Navy_PB_2017.xml","c44764eee0025dfa0e4abffd93befafc6a0b295c77f9a2d6f6e8ca8706d95133","0-3dcd14bf0566efb03e0f4357b6224ffc27356c352457336725de8cc66dfef203","1-fa970a32289f0dcd819620c3308ea73a2d7fa95b2e10805192ef296f4f253caa","root.record.ItemExhibitList.P5Item.CostElementCategoryList.Flyaway.NonRecurring.CostElementList.CostElement"
"Raytheon Missile System","Annual Production Rate limitations are based on 4 missiles per 1 container ratio.","Tucson, AZ","75","225","150","0","9","25","34","0","5","19","24","2017-BASE_PROCUREMENT-2017-NAVY_WEAPONS-U_PROCUREMENT_MasterJustificationBook_Navy_PB_2017.zzz_unzipped-U_PROCUREMENT_MasterJustificationBook_Navy_PB_2017.xml","e8787fc1f274483614e635d940bd36bf494351428662cbcc5baed70daabe0654","0-9ba4dc1dd6dc129c84f57bc9c748500b696a1bc834dac9a364ab47a6856aab4d","1-922215327a6e12fdc51c30bbec7b62fe94e19a9ad56cc7fcb0bc8b6a627433a7","root.record.ItemExhibitList.P5Item.CostElementCategoryList.Flyaway.NonRecurring.CostElementList.CostElement"
"SSC LANT","","Charleston, SC","","","","","","","","","","","","2017-BASE_PROCUREMENT-2017-NAVY_OTHER_BA2-U_PROCUREMENT_JustificationBook_Navy_PB_2017.zzz_unzipped-U_PROCUREMENT_JustificationBook_Navy_PB_2017.xml","2e57608867f6a19515533f170190b83da8fe74512deb2d7e60bae73811461b93","0-605c33dcebdd455520d2f7ca65b2c0e972796f1b165cd3e99bcf3578a62b8f2b","0-aee6a1fa1f7a269371de4569737cb6b0a6521cec71d5db08b7083d94e0f60307","root.record.ItemExhibitList.P5Item.CostElementCategoryList.Flyaway.NonRecurring.CostElementList.CostElement"
"SSC LANT","","Charleston, SC","","","","","","","","","","","","2020-BASE_PROCUREMENT-2020-NAVY_OTHER_BA5-8-U_PROCUREMENT_MasterJustificationBook_Navy_PB_2017.zzz_unzipped-U_PROCUREMENT_MasterJustificationBook_Navy_PB_2017.xml","531bdd96bfbf64a11bf672987011af78f827b2c1873594a2021abf6fa2d9922f","0-dfb391a44023cefb6f20ab386d032dd1e280362dd71dc201a5b8548285ea9cec","0-32ec76e0f058778f45f3fdaa4d99049ecef45f134767491785484a9957ac17a4","root.record.ItemExhibitList.P5Item.CostElementCategoryList.Flyaway.NonRecurring.CostElementList.CostElement"
"Northrop Grunman","","Midlothian, VA","","","","0","0","0","0","0","0","0","0","2018-BASE_PROCUREMENT-2018-ARMY_OTHER_2-U_PROCUREMENT_JustificationBook_Army_PB_2018.zzz_unzipped-U_PROCUREMENT_JustificationBook_Army_PB_2018.xml","79442e00cbe7bfd4a4ea29a3f4d53f5b896df57a421ca9e4115007f2a5a4e861","0-5f06f3f49e07569fba8c4a62a6875ac192df0018055f1d526cd8eb8e4dd6d7c2","0-6ecb472193be6c9f9998ab9ad8cd532f45773286d82f30a6ea6a74efc1416f55","root.record.ItemExhibitList.P5Item.CostElementCategoryList.Flyaway.NonRecurring.CostElementList.CostElement"
"TBS (UDAIRI)","","Orlando, FL 32825","1","1","1","0","5","6","11","0","0","0","0","2018-BASE_PROCUREMENT-2018-ARMY_OTHER_3-U_PROCUREMENT_JustificationBook_Army_PB_2018.zzz_unzipped-U_PROCUREMENT_JustificationBook_Army_PB_2018.xml","613d3db5b690e83faeabb8edb3de191297ce81a72abc22ac5d15627835aa22a6","0-c785bc3a2a2c889fb505797481893d31cfa27959f07fad126ac32007f602a420","0-0271ff58666910a1ad1a75a76828fda6bd092cbc0fd7414b46e775b054480604","root.record.ItemExhibitList.P5Item.CostElementCategoryList.Flyaway.NonRecurring.CostElementList.CostElement"
"Cole Engineering Services","","Orlando","","","","","","","","","","","","2018-BASE_PROCUREMENT-2018-ARMY_OTHER_3-U_PROCUREMENT_JustificationBook_Army_PB_2018.zzz_unzipped-U_PROCUREMENT_JustificationBook_Army_PB_2018.xml","613d3db5b690e83faeabb8edb3de191297ce81a72abc22ac5d15627835aa22a6","0-7dfc51966697b53b0f679aae7f824d39a01d145350faf2b255515e36186ed69e","0-63286d9d5cac7f2dd25c7a5efe195b2aec860e38c2371f2614845446852b0d93","root.record.ItemExhibitList.P5Item.CostElementCategoryList.Flyaway.NonRecurring.CostElementList.CostElement"
"Raytheon Missile System","Annual Production Rate limitations are based on 4 missiles per 1 container ratio.","Tucson, AZ","","","","","","","","","","","","2018-BASE_PROCUREMENT-2018-NAVY_WEAPONS-U_PROCUREMENT_JustificationBook_Navy_PB_2018.zzz_unzipped-U_PROCUREMENT_JustificationBook_Navy_PB_2018.xml","12bf27d3f359e1510efc872307459e137c7e8573cd715d7edbb89e040a831ad1","0-049dc4411441ce5a1bebadc2db27ed46b77a487e1013248d9bfccf49f6426a0b","1-aa1534500552efe9a9d95c5c3fc64f276973f8c38934a20ba5a782b1a8ef9232","root.record.ItemExhibitList.P5Item.CostElementCategoryList.Flyaway.NonRecurring.CostElementList.CostElement"
"Raytheon Missile System","Annual Production Rate limitations are based on 4 missiles per 1 container ratio.","Tucson, AZ","","","","","","","","","","","","2018-BASE_PROCUREMENT-2018-NAVY_WEAPONS-U_PROCUREMENT_MasterJustificationBook_Navy_PB_2018.zzz_unzipped-U_PROCUREMENT_MasterJustificationBook_Navy_PB_2018.xml","fb448c748a3f517118656543976d743b7fa193bfd88714f28c9b0f12fefee7f3","0-25b30cd768de91b30226859ec0b11e8dcc602ec3281dabb3267529f1b363a463","1-0f5e05225811a938e36b5741a6a6544f56828f72d664adf4de9a082cd223c731","root.record.ItemExhibitList.P5Item.CostElementCategoryList.Flyaway.NonRecurring.CostElementList.CostElement"
"DLA Troop Spt - PA","","PA","","","","","","","","","","","","2019-BASE_PROCUREMENT-2019-ARMY_OTHER_2-U_PROCUREMENT_JustificationBook_Army_PB_2019.zzz_unzipped-U_PROCUREMENT_JustificationBook_Army_PB_2019.xml","f8c2a23215b08b2f033c8af6458d8604fca1d0205ddbe527cf8a71eda9fd179a","0-0ba2bcd1b08c9d335e77b14680560dcf61d8c7ef4245d227672f052c91c7648e","2-ca4c82e1f8a70cb3121154cbbc778494f78fdbe521d6de527421c0891877ceff","root.record.ItemExhibitList.P5Item.CostElementCategoryList.Flyaway.NonRecurring.CostElementList.CostElement"
"CACI (TROJAN)","","APG","","","","","","","","","","","","2019-BASE_PROCUREMENT-2019-ARMY_OTHER_2-U_PROCUREMENT_JustificationBook_Army_PB_2019.zzz_unzipped-U_PROCUREMENT_JustificationBook_Army_PB_2019.xml","97ae88ad5c2d10747b9c391cd8a0eb186ef33e8a38621deaa502fb7ad5815e80","0-73e4ff04b6336b80eb48f0142e1292c4bae02087bd98a3c4a424eee6b3795946","0-1fcebd9583605ca23c02565d6fc9fc17cc47aa898854056e899be0aa3f656815","root.record.ItemExhibitList.P5Item.CostElementCategoryList.Flyaway.NonRecurring.CostElementList.CostElement"
"LEIDOS (JMICS)","","TBD","","","","","","","","","","","","2019-BASE_PROCUREMENT-2019-ARMY_OTHER_2-U_PROCUREMENT_JustificationBook_Army_PB_2019.zzz_unzipped-U_PROCUREMENT_JustificationBook_Army_PB_2019.xml","97ae88ad5c2d10747b9c391cd8a0eb186ef33e8a38621deaa502fb7ad5815e80","1-799bb9bbe6adbc86c7c023da2b7caa1ea217047abb35f44bcb08584838efd247","0-1fcebd9583605ca23c02565d6fc9fc17cc47aa898854056e899be0aa3f656815","root.record.ItemExhibitList.P5Item.CostElementCategoryList.Flyaway.NonRecurring.CostElementList.CostElement"
"TBD (TROJAN)","","APG","","","","","","","","","","","","2019-BASE_PROCUREMENT-2019-ARMY_OTHER_2-U_PROCUREMENT_JustificationBook_Army_PB_2019.zzz_unzipped-U_PROCUREMENT_JustificationBook_Army_PB_2019.xml","97ae88ad5c2d10747b9c391cd8a0eb186ef33e8a38621deaa502fb7ad5815e80","2-bfcaa79acf58b80dac1b9fb2f60c9c6a2e22b87edbe211202a8741c4276f7f64","0-1fcebd9583605ca23c02565d6fc9fc17cc47aa898854056e899be0aa3f656815","root.record.ItemExhibitList.P5Item.CostElementCategoryList.Flyaway.NonRecurring.CostElementList.CostElement"
"Northrop Grunman","","Midlothian, VA","","","","","","","","","","","","2019-BASE_PROCUREMENT-2019-ARMY_OTHER_2-U_PROCUREMENT_JustificationBook_Army_PB_2019.zzz_unzipped-U_PROCUREMENT_JustificationBook_Army_PB_2019.xml","864c45b21c53c303e7fd034cef75f0bb3fa0b024147cba3a39070cf23635a784","0-359cbcefd7a440b18ff3a7fff675ece3810c701103016a21893a09f72c98983d","0-349619512204c1f9b223f426d68958bcdc093dcbec54558b7500b57979e7766e","root.record.ItemExhibitList.P5Item.CostElementCategoryList.Flyaway.NonRecurring.CostElementList.CostElement"
"GCSS Army Supply System","","Fort Leonard Wood","","","","","","","","","","","","2019-BASE_PROCUREMENT-2019-ARMY_OTHER_2-U_PROCUREMENT_JustificationBook_Army_PB_2019.zzz_unzipped-U_PROCUREMENT_JustificationBook_Army_PB_2019.xml","24b01c4f1d733a28f6520f0d683f1b3d434d967fa0fb7eb8d4b01ae2056e8c8b","0-6624d08f646647f6e793e782ef9ee8148ff95452d13ddcee8134608deeafaf47","0-314f0e0cd4ae96ebdfc60c64eceef817126222c29109b9c874825f4a794f2a33","root.record.ItemExhibitList.P5Item.CostElementCategoryList.Flyaway.NonRecurring.CostElementList.CostElement"
"TBS","","TBS","","","","","","","","","","","","2019-BASE_PROCUREMENT-2019-ARMY_OTHER_2-U_PROCUREMENT_JustificationBook_Army_PB_2019.zzz_unzipped-U_PROCUREMENT_JustificationBook_Army_PB_2019.xml","24b01c4f1d733a28f6520f0d683f1b3d434d967fa0fb7eb8d4b01ae2056e8c8b","0-1712491684e62fc1fe7f587b9f26ecad275e0b1a82d6a124ac1ebc2817911312","1-a330e5d7e308425cba09c6c0549ef196b1b2903da9ce9a9a0f4ba4f352298e52","root.record.ItemExhibitList.P5Item.CostElementCategoryList.Flyaway.NonRecurring.CostElementList.CostElement"
"Veterans Corp","","Fairfax","","","","","","","","","","","","2019-BASE_PROCUREMENT-2019-ARMY_OTHER_3-4-U_PROCUREMENT_JustificationBook_Army_PB_2019.zzz_unzipped-U_PROCUREMENT_JustificationBook_Army_PB_2019.xml","62904114cf6b6cbcc22579289911cb1cef9852777a0f9a46b5c4a332c7c744b1","0-11b8700163652e9e486eb2157e8305d16b90cec4130d4f74fb7813d5fcd6c945","0-92f2af8601de47579dc3423500cba42112e04200561e5f6b7992471e6fff9467","root.record.ItemExhibitList.P5Item.CostElementCategoryList.Flyaway.NonRecurring.CostElementList.CostElement"
"Veterans Corp","","Fairfax","","","","","","","","","","","","2019-BASE_PROCUREMENT-2019-ARMY_OTHER_3-4-U_PROCUREMENT_JustificationBook_Army_PB_2019.zzz_unzipped-U_PROCUREMENT_JustificationBook_Army_PB_2019.xml","62904114cf6b6cbcc22579289911cb1cef9852777a0f9a46b5c4a332c7c744b1","0-9d523f008e7fc0247e20b3f73f99beedc6cc8a3ca6c17587e9cab296ca3cddf3","1-ea0508a1ec31b4adf46c2d2fc468736fb674a1c3ae855e9b45d577eef06104a0","root.record.ItemExhibitList.P5Item.CostElementCategoryList.Flyaway.NonRecurring.CostElementList.CostElement"
"Veterans Corp","","Fairfax","","","","","","","","","","","","2019-BASE_PROCUREMENT-2019-ARMY_OTHER_3-4-U_PROCUREMENT_JustificationBook_Army_PB_2019.zzz_unzipped-U_PROCUREMENT_JustificationBook_Army_PB_2019.xml","62904114cf6b6cbcc22579289911cb1cef9852777a0f9a46b5c4a332c7c744b1","0-8752dbb16f593a2fe171b4efc66233c2f32728f3d2769fe3787ca6e541c11490","2-5d21039c84af32eec7c61bfc53bc51bb0a3ea5514cd1e60d696d049d8088adeb","root.record.ItemExhibitList.P5Item.CostElementCategoryList.Flyaway.NonRecurring.CostElementList.CostElement"
"Veterans Corp","","Fairfax","","","","","","","","","","","","2019-BASE_PROCUREMENT-2019-ARMY_OTHER_3-4-U_PROCUREMENT_JustificationBook_Army_PB_2019.zzz_unzipped-U_PROCUREMENT_JustificationBook_Army_PB_2019.xml","62904114cf6b6cbcc22579289911cb1cef9852777a0f9a46b5c4a332c7c744b1","0-35fb9ee73099f97394223f59194b498467b8d68e5849dc9718a8fe4a05eee429","3-8666cf0f1a0539d6db323699c9d9c611bbc14b5e65794987daf150d8b306ace9","root.record.ItemExhibitList.P5Item.CostElementCategoryList.Flyaway.NonRecurring.CostElementList.CostElement"
"TBS (UDAIRI)","","Orlando, FL 32825","","","","","","","","","","","","2019-BASE_PROCUREMENT-2019-ARMY_OTHER_3-4-U_PROCUREMENT_JustificationBook_Army_PB_2019.zzz_unzipped-U_PROCUREMENT_JustificationBook_Army_PB_2019.xml","1d0b02e6570e2975253fdf442e253fb3e971dcc6537280f554af05f8d7e873c0","0-45f11cea0e04e31da949088f13573a35a8583a4e74323e1a8ab19279a21c6976","0-30144e45d59acec073fceb24731c8c4f8b5cd5dc4a5ec6d816d0f28f899e8820","root.record.ItemExhibitList.P5Item.CostElementCategoryList.Flyaway.NonRecurring.CostElementList.CostElement"
"Cole Engineering Services (T)","","Orlando","","","","","","","","","","","","2019-BASE_PROCUREMENT-2019-ARMY_OTHER_3-4-U_PROCUREMENT_JustificationBook_Army_PB_2019.zzz_unzipped-U_PROCUREMENT_JustificationBook_Army_PB_2019.xml","1d0b02e6570e2975253fdf442e253fb3e971dcc6537280f554af05f8d7e873c0","0-37b4d28d22f3233a19a8e49ed45212499e0deb4fea4b3ae01cf3ab497fb170ef","0-37415c194a5bc9c8705a6bd5e9672cf6fac286f5a2cec0f55f6b8849db1092b9","root.record.ItemExhibitList.P5Item.CostElementCategoryList.Flyaway.NonRecurring.CostElementList.CostElement"
"TBD","","TBD","","","","","","","","","","","","2020-BASE_PROCUREMENT-2020-ARMY_AIRCRAFT-U_PROCUREMENT_JustificationBook_Army_PB_2020.zzz_unzipped-U_PROCUREMENT_JustificationBook_Army_PB_2020.xml","f543b6a05b48148f8622a902e9da0ee22d02faec047352746498a2f5580c97b8","0-adb2e4877ce70b8f9158ff1a79d4984ea2efdaa741909002a961efb176590cb2","0-af89a7c9c3d1a6352cb81f78070754e809280b5b0518236c141c270debc06474","root.record.ItemExhibitList.P5Item.CostElementCategoryList.Flyaway.NonRecurring.CostElementList.CostElement"
"TBD","","TBD","1","1","1","0","3","19","22","0","3","19","22","2020-BASE_PROCUREMENT-2020-ARMY_OTHER_1-U_PROCUREMENT_JustificationBook_Army_PB_2020.zzz_unzipped-U_PROCUREMENT_JustificationBook_Army_PB_2020.xml","ea0e4b62d1d1d8e03b45e77582966277d6a696ca5ddc74329eede83e8bfdff2d","0-fd601636a7cd9a388bbb4126c73f8cc55d7776fcbe3e112803a7baaf70d8a420","0-f1a5d5f589ada49d88424b679616b3d9cd74714e70cd03ecc67002898b32a23e","root.record.ItemExhibitList.P5Item.CostElementCategoryList.Flyaway.NonRecurring.CostElementList.CostElement"
"GCSS Army Supply System","","Fort Leonard Wood","","","","","","","","","","","","2020-BASE_PROCUREMENT-2020-ARMY_OTHER_2-U_PROCUREMENT_JustificationBook_Army_PB_2020.zzz_unzipped-U_PROCUREMENT_JustificationBook_Army_PB_2020.xml","21179f70bdffee73178213f7c641a8d1d235944582eb3bf181fe6804c71e8346","0-f549cdc0bd2519397cfb2a2303bf8719c9cf6982c01751d1f778fd5ff1cc62a0","0-a817f32d4e6af2072f655db08dce8e8ce6fbe446e2b35546022c6b1c84f1f764","root.record.ItemExhibitList.P5Item.CostElementCategoryList.Flyaway.NonRecurring.CostElementList.CostElement"
"TBS","","TBS","","","","","","","","","","","","2020-BASE_PROCUREMENT-2020-ARMY_OTHER_2-U_PROCUREMENT_JustificationBook_Army_PB_2020.zzz_unzipped-U_PROCUREMENT_JustificationBook_Army_PB_2020.xml","21179f70bdffee73178213f7c641a8d1d235944582eb3bf181fe6804c71e8346","0-ee51b5cdca85cdb3220644cfd152dccf6cea38d6f1101f779e2bb1d2b1e91851","1-e1db7b2e8ec3964daee1fcab9539fd38c430a55e64dcc5f2d74e7fe99ff0993a","root.record.ItemExhibitList.P5Item.CostElementCategoryList.Flyaway.NonRecurring.CostElementList.CostElement"
"TBS","","TBS","","","","","","","","","","","","2020-BASE_PROCUREMENT-2020-ARMY_OTHER_2-U_PROCUREMENT_JustificationBook_Army_PB_2020.zzz_unzipped-U_PROCUREMENT_JustificationBook_Army_PB_2020.xml","21179f70bdffee73178213f7c641a8d1d235944582eb3bf181fe6804c71e8346","0-748d05a0a584e10c5557a32f010c4f6e24b0efe60a0c02f03c804c2050b41717","2-4aa04d4eff4043ae1de79b9cf37a066251bc89e657d84ccdb25e90903bb05578","root.record.ItemExhibitList.P5Item.CostElementCategoryList.Flyaway.NonRecurring.CostElementList.CostElement"
"Secure Communications","","Santa Ana, CA","","","","","","","","","","","","2020-BASE_PROCUREMENT-2020-ARMY_OTHER_3-4-U_PROCUREMENT_JustificationBook_Army_PB_2020.zzz_unzipped-U_PROCUREMENT_JustificationBook_Army_PB_2020.xml","8bcac78b6233b25371b8e4763b656eb2b5b005e8e1d6d70772ea09bb55e9b8f5","0-359cc3799d010b6f36650c452083510ce6730025f96ac474ce3027368df2830e","0-b805d428fbb42eb6e197f701d3b1a347d1083f4034e2272041be15e01c2724ed","root.record.ItemExhibitList.P5Item.CostElementCategoryList.Flyaway.NonRecurring.CostElementList.CostElement"
"TBD","","TBD","","","","","","","","","","","","2020-BASE_PROCUREMENT-2020-ARMY_OTHER_3-4-U_PROCUREMENT_JustificationBook_Army_PB_2020.zzz_unzipped-U_PROCUREMENT_JustificationBook_Army_PB_2020.xml","9e60e79ba1ae0f03dc4573bc427ee2381bb5300bde03e743671af87f42b33021","0-9c17df01ffbe88029a222ec2d1065e3aeaf7c78238073ffeaf85217b6c409453","0-78834c7a37e392094058ab9e03ccb02c7d2eb1cdf1531b54f1feaf756e891850","root.record.ItemExhibitList.P5Item.CostElementCategoryList.Flyaway.NonRecurring.CostElementList.CostElement"
"Thiessen Training Systems","","Chiefland, FL,  32626","","","","","","","","","","","","2020-BASE_PROCUREMENT-2020-ARMY_OTHER_3-4-U_PROCUREMENT_JustificationBook_Army_PB_2020.zzz_unzipped-U_PROCUREMENT_JustificationBook_Army_PB_2020.xml","75d6b5f9a3714a351adfe57397475b1716c9ab36d18146dce8d31a64a25ee33b","0-a8c0f12005626ebe61e9a5ff690c8a84482cf61ca86d032eb73fe4a36edb851c","0-9d773e0929b841af4a31f3f464ce29775f26ee53f2618a39a2d696184f260b05","root.record.ItemExhibitList.P5Item.CostElementCategoryList.Flyaway.NonRecurring.CostElementList.CostElement"
"TBS (ARCENT TSV)","","Orlando, FL 32825","","","","","","","","","","","","2020-BASE_PROCUREMENT-2020-ARMY_OTHER_3-4-U_PROCUREMENT_JustificationBook_Army_PB_2020.zzz_unzipped-U_PROCUREMENT_JustificationBook_Army_PB_2020.xml","75d6b5f9a3714a351adfe57397475b1716c9ab36d18146dce8d31a64a25ee33b","0-aa5a4dbfdecd34aaeb573af57566dfa9adb19d744e6ccfb102e6c7991a7f1f05","1-78aa4693d2e1ce25dc58a3f8484ca05bad8d7768bfb5646ec64abe6ec5e0b9ac","root.record.ItemExhibitList.P5Item.CostElementCategoryList.Flyaway.NonRecurring.CostElementList.CostElement"
"TBS (Pacific Range Complex)","","Orlando, FL 32825","","","","","","","","","","","","2020-BASE_PROCUREMENT-2020-ARMY_OTHER_3-4-U_PROCUREMENT_JustificationBook_Army_PB_2020.zzz_unzipped-U_PROCUREMENT_JustificationBook_Army_PB_2020.xml","75d6b5f9a3714a351adfe57397475b1716c9ab36d18146dce8d31a64a25ee33b","0-ce0034e7808217beba8b7da4b98b5f0f87967691a78f00d2becf21a2d54a510d","2-f0b78b60b2d56f91a0e9af6e1a681b61ec004b67c2b9ad40a49c68e9288a5417","root.record.ItemExhibitList.P5Item.CostElementCategoryList.Flyaway.NonRecurring.CostElementList.CostElement"
"Cole Engineering Services (T)","","Orlando","","","","","","","","","","","","2020-BASE_PROCUREMENT-2020-ARMY_OTHER_3-4-U_PROCUREMENT_JustificationBook_Army_PB_2020.zzz_unzipped-U_PROCUREMENT_JustificationBook_Army_PB_2020.xml","75d6b5f9a3714a351adfe57397475b1716c9ab36d18146dce8d31a64a25ee33b","0-c9fae76c0ff1b973accc48095f463fc61d74224b067aaf1aaf5bcc4ed3409f03","0-276d313617eafa33e3d86fdcc82b93e007e8b1026be292f58efc5712b44f170f","root.record.ItemExhibitList.P5Item.CostElementCategoryList.Flyaway.NonRecurring.CostElementList.CostElement"
"Lockheed Martin@Dallas, TX","","Dallas, TX","1","5","3","0","0","11","11","0","0","0","0","2020-BASE_PROCUREMENT-2020-NAVY_MARINECORPS-U_PROCUREMENT_JustificationBook_Navy_PB_2020.zzz_unzipped-U_PROCUREMENT_JustificationBook_Navy_PB_2020.xml","cec51a28f40bc5a6de6cae423edebbd583c48f7e70531a470c868fcf002c0d4b","0-0eb07a183d5cd8278095ede1d4114359365624c32bf34df333017c6e10af0387","0-5479238083a95b7fade1d3a99704164d46bebd2ea6a1c82eb9558b47d7f36da5","root.record.ItemExhibitList.P5Item.CostElementCategoryList.Flyaway.NonRecurring.CostElementList.CostElement"
"TBD","","TBD","150","360","240","0","0","6","6","0","0","1","1","2020-BASE_PROCUREMENT-2020-NAVY_MARINECORPS-U_PROCUREMENT_JustificationBook_Navy_PB_2020.zzz_unzipped-U_PROCUREMENT_JustificationBook_Navy_PB_2020.xml","b5b7986de22013d1ce721dce7694d40a4e82fb5467d0c10855104f2364991a30","0-7de63b50d1afc2af66bbf84585d936162628c4f78c4401ce99d1323df9bbf517","2-3881d2193b77a04664c4800a0d3500692664f02e3716b424be18cc84a7f4e4cc","root.record.ItemExhibitList.P5Item.CostElementCategoryList.Flyaway.NonRecurring.CostElementList.CostElement"
"NSWC, Crane","","Crane, IN","","","","","","","","","","","","2020-BASE_PROCUREMENT-2020-NAVY_MARINECORPS-U_PROCUREMENT_JustificationBook_Navy_PB_2020.zzz_unzipped-U_PROCUREMENT_JustificationBook_Navy_PB_2020.xml","b5b7986de22013d1ce721dce7694d40a4e82fb5467d0c10855104f2364991a30","0-451c89c48bee4c2a1457d9faf67c743c2bd916141a34053dba8c0a07de044780","3-0b409ecefb868443f24d487a1259f42404c340e1c513cf031173d3d2d4f9f1e5","root.record.ItemExhibitList.P5Item.CostElementCategoryList.Flyaway.NonRecurring.CostElementList.CostElement"
"Lockheed Martin@Dallas, TX","","Dallas, TX","1","5","3","0","0","11","11","0","0","0","0","2020-BASE_PROCUREMENT-2020-NAVY_MARINECORPS-U_PROCUREMENT_MasterJustificationBook_Navy_PB_2020.zzz_unzipped-U_PROCUREMENT_MasterJustificationBook_Navy_PB_2020.xml","1361d69a11bbc8fd561b0f253e6b842fc05b56abef25a313f4a3bcbb78aaaa40","0-4e4e12f83e7617d96601c2cf57cc3bc2514a17eb3264aa630042f4cd95315ace","0-2126e434f2da6373410df9cc61f9341f01538e9ce862445d7672f6d9001cb43f","root.record.ItemExhibitList.P5Item.CostElementCategoryList.Flyaway.NonRecurring.CostElementList.CostElement"
"TBD","","TBD","150","360","240","0","0","6","6","0","0","1","1","2020-BASE_PROCUREMENT-2020-NAVY_MARINECORPS-U_PROCUREMENT_MasterJustificationBook_Navy_PB_2020.zzz_unzipped-U_PROCUREMENT_MasterJustificationBook_Navy_PB_2020.xml","f7fba0662f4ed8f1e6d09bc09dea4645198f26014429fe5052f53c1a5b542afc","0-217ab9d6010be15a507dbc04bbc4412859619bc686d48ee9b7d4974fa9613d1a","2-8e0e2835e2a7c658954ea893488caa3b235d20f5b1fa40c149777dceb1f47c50","root.record.ItemExhibitList.P5Item.CostElementCategoryList.Flyaway.NonRecurring.CostElementList.CostElement"
"NSWC, Crane","","Crane, IN","","","","","","","","","","","","2020-BASE_PROCUREMENT-2020-NAVY_MARINECORPS-U_PROCUREMENT_MasterJustificationBook_Navy_PB_2020.zzz_unzipped-U_PROCUREMENT_MasterJustificationBook_Navy_PB_2020.xml","f7fba0662f4ed8f1e6d09bc09dea4645198f26014429fe5052f53c1a5b542afc","0-1ab4cde2cb35b7f84b1fc9531ddf6c1fa5fa9b87c1a3b7d6829a5f23a354819e","3-d0acdc710b314c09d5695ba6be64ef0c95c66d0b40bb891b94209dfd4fc8d327","root.record.ItemExhibitList.P5Item.CostElementCategoryList.Flyaway.NonRecurring.CostElementList.CostElement"
"Swiss Government","","Switzerland","0","TBD","0","0","5","11","16","0","0","0","0","2020-BASE_PROCUREMENT-2020-NAVY_AIRCRAFT_BA1-4-U_PROCUREMENT_JustificationBook_Navy_PB_2020.zzz_unzipped-U_PROCUREMENT_JustificationBook_Navy_PB_2020.xml","8c3e0108240a9871966b61ab82cdcaecbdd5f8b3ffe779cf38d6b68a17de64a8","0-f0b760e86658d313ecfeca0bb4c4dfc5fd792a3872f057ac814337d5c86b37df","0-ba046e6eb13a516f2718740195cae787c15d0c450d9990ff25ec410084ea14a5","root.record.ItemExhibitList.P5Item.CostElementCategoryList.Flyaway.NonRecurring.CostElementList.CostElement"
"Swiss Government","","Switzerland","0","TBD","0","0","5","11","16","0","0","0","0","2020-BASE_PROCUREMENT-2020-NAVY_AIRCRAFT_BA6-7-U_PROCUREMENT_MasterJustificationBook_Navy_PB_2020.zzz_unzipped-U_PROCUREMENT_MasterJustificationBook_Navy_PB_2020.xml","37637c1def32880b7144bb3e75e04aed9049ce5019be9e0e21f1d3d1a40e8967","0-8205cbdb176ffd8a3c7d371e8c53b2014acca352e7dab6c7ac0e96a2f7599f7e","0-882dae775ccbc6daa86fac7787021db87045a6841411adcf65b2355903e0d559","root.record.ItemExhibitList.P5Item.CostElementCategoryList.Flyaway.NonRecurring.CostElementList.CostElement"
