Name_val,Cost_Quantity_BudgetYearOneBase_val,Cost_Quantity_BudgetYearOne_val,Cost_Quantity_BudgetYearTwo_val,Cost_Quantity_CurrentYear_val,Cost_TotalCost_BudgetYearOneBase_val,Cost_TotalCost_BudgetYearOne_val,Cost_TotalCost_BudgetYearTwo_val,Cost_TotalCost_CurrentYear_val,@SOURCE_FILENAME,@RECORDID,@ROWID,@PARENTROWID,@PARENT
"Air Force Reserve","11","11","","","254.23","254.23","","","2015-BASE_PROCUREMENT-2015-AIRFORCE_AIRCRAFT_VOL2-PROCUREMENT_JustificationBook_Air_Force_PB_2015.zzz_unzipped-PROCUREMENT_JustificationBook_Air_Force_PB_2015.xml","e049539817dd22b34918c2c0be8271bbbd79d6b6a486234ddff8e6be076c0e3d","0-cd8d0ea20fe1e4b166b573958a9225b65a051324f94cb2bdf1edb3a869681be8","0-4d6f09acc821558c80bede1dc5cb3d1725f4707aa1ab4ce22dbd5dc21705de91","root.record.ItemExhibitList.P3AModificationItemGroup.ModificationItemList.ModificationItem.Installation.ImplementationMethodList.ImplementationMethod"
"Air Force Active","","","28","","","","5.787","","2015-BASE_PROCUREMENT-2015-AIRFORCE_AIRCRAFT_VOL2-PROCUREMENT_JustificationBook_Air_Force_PB_2015.zzz_unzipped-PROCUREMENT_JustificationBook_Air_Force_PB_2015.xml","2c3a42ac96c574f3a05d311e38d1fd39e76b2eaa077eed338c2b56579168a566","0-89aa567c92c60f9ce9a25f371eb87a4feb78492b30eebf7d99daf96134ce735d","0-ba6e82da78e9689faca709b902ecefa10c5196fb8bf2273d270fc68bf77a41ef","root.record.ItemExhibitList.P3AModificationItemGroup.ModificationItemList.ModificationItem.Installation.ImplementationMethodList.ImplementationMethod"
"Air Force Reserve","","","1","","","","0.207","","2015-BASE_PROCUREMENT-2015-AIRFORCE_AIRCRAFT_VOL2-PROCUREMENT_JustificationBook_Air_Force_PB_2015.zzz_unzipped-PROCUREMENT_JustificationBook_Air_Force_PB_2015.xml","2c3a42ac96c574f3a05d311e38d1fd39e76b2eaa077eed338c2b56579168a566","1-68ca9e19df23e3045b3e858b29b5c77353fde394c5d21a9927643b2310753f4f","0-ba6e82da78e9689faca709b902ecefa10c5196fb8bf2273d270fc68bf77a41ef","root.record.ItemExhibitList.P3AModificationItemGroup.ModificationItemList.ModificationItem.Installation.ImplementationMethodList.ImplementationMethod"
"Air Force Active","33","33","","","2.95","2.95","","","2015-BASE_PROCUREMENT-2015-AIRFORCE_AIRCRAFT_VOL2-PROCUREMENT_JustificationBook_Air_Force_PB_2015.zzz_unzipped-PROCUREMENT_JustificationBook_Air_Force_PB_2015.xml","2c3a42ac96c574f3a05d311e38d1fd39e76b2eaa077eed338c2b56579168a566","0-435e40a969d6a044b33371e458c2c9263e66ae1f7169ec3f0a1d0dd5926b4d95","0-dfc351b63dbea2a1d18ac1858ecee19942f5105b92312d5dafe85966af84778e","root.record.ItemExhibitList.P3AModificationItemGroup.ModificationItemList.ModificationItem.Installation.ImplementationMethodList.ImplementationMethod"
"Air Force Active","","","2","","","","5.53","","2015-BASE_PROCUREMENT-2015-AIRFORCE_AIRCRAFT_VOL2-PROCUREMENT_JustificationBook_Air_Force_PB_2015.zzz_unzipped-PROCUREMENT_JustificationBook_Air_Force_PB_2015.xml","2c3a42ac96c574f3a05d311e38d1fd39e76b2eaa077eed338c2b56579168a566","0-db77cfbdbd565ab55da9e3d3f442ce2f94d203d7b644c7ce4e098c2fb518e01b","0-9bb0a43044595d525a0a659e7427b878defd4438ddb310db5bca331889ec6bb5","root.record.ItemExhibitList.P3AModificationItemGroup.ModificationItemList.ModificationItem.Installation.ImplementationMethodList.ImplementationMethod"
"Air Force Active","160","160","","","1.588","1.588","","","2015-BASE_PROCUREMENT-2015-AIRFORCE_AIRCRAFT_VOL2-PROCUREMENT_JustificationBook_Air_Force_PB_2015.zzz_unzipped-PROCUREMENT_JustificationBook_Air_Force_PB_2015.xml","2c3a42ac96c574f3a05d311e38d1fd39e76b2eaa077eed338c2b56579168a566","0-e2fc2edfd61fe56943852eeb27d753d0fe6881a5f5984739d8e0a58dc02b1cf1","0-c82589d27add76b0ffa465b994b7235a378c56d88e5434031f9ff8c17907a7c7","root.record.ItemExhibitList.P3AModificationItemGroup.ModificationItemList.ModificationItem.Installation.ImplementationMethodList.ImplementationMethod"
"Air Force Active","12","12","","","0.32","0.32","","","2015-BASE_PROCUREMENT-2015-AIRFORCE_AIRCRAFT_VOL2-PROCUREMENT_JustificationBook_Air_Force_PB_2015.zzz_unzipped-PROCUREMENT_JustificationBook_Air_Force_PB_2015.xml","c18079498214be7c8507bd7289056635ea6ba000e7bb766e68a998d56e53f49a","0-af93f6a29313ac6a29ecc203da36953aab3bf7de3f251c89fc9e30a5af51ae78","0-f2856d242ca360d75827bc2d9edec3637c9098fcf8e188891cb553c3e5548695","root.record.ItemExhibitList.P3AModificationItemGroup.ModificationItemList.ModificationItem.Installation.ImplementationMethodList.ImplementationMethod"
"Air Force Reserve","3","3","","","0.08","0.08","","","2015-BASE_PROCUREMENT-2015-AIRFORCE_AIRCRAFT_VOL2-PROCUREMENT_JustificationBook_Air_Force_PB_2015.zzz_unzipped-PROCUREMENT_JustificationBook_Air_Force_PB_2015.xml","c18079498214be7c8507bd7289056635ea6ba000e7bb766e68a998d56e53f49a","1-df6e1d6696686270c06c86ed08bbc639d6c7d40e0b20553cd84f0fa0f560e3fb","0-f2856d242ca360d75827bc2d9edec3637c9098fcf8e188891cb553c3e5548695","root.record.ItemExhibitList.P3AModificationItemGroup.ModificationItemList.ModificationItem.Installation.ImplementationMethodList.ImplementationMethod"
"Air Force Active","3","3","","","4.932","4.932","","","2015-BASE_PROCUREMENT-2015-AIRFORCE_AIRCRAFT_VOL2-PROCUREMENT_JustificationBook_Air_Force_PB_2015.zzz_unzipped-PROCUREMENT_JustificationBook_Air_Force_PB_2015.xml","c18079498214be7c8507bd7289056635ea6ba000e7bb766e68a998d56e53f49a","0-7764e4c5084b941d25269a5602530d0679d57ac28cafd81d892a86f88c29ebb1","0-62efaa6ce8f3440b9f16d91ce7c8a595decc9d9df03b368a5379111d4725193e","root.record.ItemExhibitList.P3AModificationItemGroup.ModificationItemList.ModificationItem.Installation.ImplementationMethodList.ImplementationMethod"
"Air Force Reserve","1","1","","","1.644","1.644","","","2015-BASE_PROCUREMENT-2015-AIRFORCE_AIRCRAFT_VOL2-PROCUREMENT_JustificationBook_Air_Force_PB_2015.zzz_unzipped-PROCUREMENT_JustificationBook_Air_Force_PB_2015.xml","c18079498214be7c8507bd7289056635ea6ba000e7bb766e68a998d56e53f49a","1-2a7b1a21ca4a7125381a8ec23ee8dde6845eef17eea37d4e251c6ddaa66c559a","0-62efaa6ce8f3440b9f16d91ce7c8a595decc9d9df03b368a5379111d4725193e","root.record.ItemExhibitList.P3AModificationItemGroup.ModificationItemList.ModificationItem.Installation.ImplementationMethodList.ImplementationMethod"
"Air Force Active","12","12","","","2.351","2.351","","","2015-BASE_PROCUREMENT-2015-AIRFORCE_AIRCRAFT_VOL2-PROCUREMENT_JustificationBook_Air_Force_PB_2015.zzz_unzipped-PROCUREMENT_JustificationBook_Air_Force_PB_2015.xml","c18079498214be7c8507bd7289056635ea6ba000e7bb766e68a998d56e53f49a","0-2dc20c1c84c08b3a05815cd9ead6e7013a7cdbe9c5f47243812bd256ea878d69","0-79b8cd038680defb4c57faf04c53591f011790b1a088937bddd85b4079317793","root.record.ItemExhibitList.P3AModificationItemGroup.ModificationItemList.ModificationItem.Installation.ImplementationMethodList.ImplementationMethod"
"Air Force Active","","","","0","","","","0.913","2015-BASE_PROCUREMENT-2015-AIRFORCE_AIRCRAFT_VOL2-PROCUREMENT_JustificationBook_Air_Force_PB_2015.zzz_unzipped-PROCUREMENT_JustificationBook_Air_Force_PB_2015.xml","ad2cbcd52887cfdbd4c4e64af0f936c986b469e78be0a9fa924477b8ad18fb8f","0-55964a944db0aa43a6eae19f2a2de3e0f5090e7acbe2cb69b458fd0f266b82f7","0-75da6ed1531778cca934a3732d0959f1b56b50141bd0951a4e2053767c5cc9c0","root.record.ItemExhibitList.P3AModificationItemGroup.ModificationItemList.ModificationItem.Installation.ImplementationMethodList.ImplementationMethod"
"Air Force Active","35","35","","","1.855","1.855","","","2015-BASE_PROCUREMENT-2015-AIRFORCE_AIRCRAFT_VOL2-PROCUREMENT_JustificationBook_Air_Force_PB_2015.zzz_unzipped-PROCUREMENT_JustificationBook_Air_Force_PB_2015.xml","37a9176d6819849bcd695141407bcbea7c3c0b02a6c4bbb6d05d22c664d601c4","0-936129c34228c24941b4f649cad29556dabd403e13ed9ebce72a999738cd71a3","0-71a864868a49462f157ae920882d856bd4fe30b525f8b2b9be605a127959b8ae","root.record.ItemExhibitList.P3AModificationItemGroup.ModificationItemList.ModificationItem.Installation.ImplementationMethodList.ImplementationMethod"
"Air Force Active","44","44","","","2.279","2.279","","","2015-BASE_PROCUREMENT-2015-AIRFORCE_AIRCRAFT_VOL2-PROCUREMENT_JustificationBook_Air_Force_PB_2015.zzz_unzipped-PROCUREMENT_JustificationBook_Air_Force_PB_2015.xml","37a9176d6819849bcd695141407bcbea7c3c0b02a6c4bbb6d05d22c664d601c4","0-9908b681c168ca7197f8c0a0b69c3845fc899d04aa84c09a5020acd647a3fc54","0-cc5938c58a9d877b9bb9767f116cb695ac4b009c855b9f210703900e6c1e2e1d","root.record.ItemExhibitList.P3AModificationItemGroup.ModificationItemList.ModificationItem.Installation.ImplementationMethodList.ImplementationMethod"
"Air Force Active","","","","1733","","","","44.927","2015-BASE_PROCUREMENT-2015-AIRFORCE_AIRCRAFT_VOL2-PROCUREMENT_JustificationBook_Air_Force_PB_2015.zzz_unzipped-PROCUREMENT_JustificationBook_Air_Force_PB_2015.xml","a8005ce497b4d26a96a0a73b3a202cd9ad0d2cb8833efae151bef5451667fd9e","0-129fae54f38c6245c943d37018cbd19c3b6183a14aaae254a2c91a676e70c08f","1-36c37572f6bc3a8825fbd52bd060f4c1c3da0ee774ba3077b1cd1c1a7d6cb584","root.record.ItemExhibitList.P3AModificationItemGroup.ModificationItemList.ModificationItem.Installation.ImplementationMethodList.ImplementationMethod"
"Air National Guard","","","","324","","","","10.335","2015-BASE_PROCUREMENT-2015-AIRFORCE_AIRCRAFT_VOL2-PROCUREMENT_JustificationBook_Air_Force_PB_2015.zzz_unzipped-PROCUREMENT_JustificationBook_Air_Force_PB_2015.xml","a8005ce497b4d26a96a0a73b3a202cd9ad0d2cb8833efae151bef5451667fd9e","1-912efda54f1c1708d98b6a966a3042788942ea0d21bc11f90211ba5da563f7fd","1-36c37572f6bc3a8825fbd52bd060f4c1c3da0ee774ba3077b1cd1c1a7d6cb584","root.record.ItemExhibitList.P3AModificationItemGroup.ModificationItemList.ModificationItem.Installation.ImplementationMethodList.ImplementationMethod"
"Air Force Active","234","234","","","0.571","0.571","","","2015-BASE_PROCUREMENT-2015-AIRFORCE_AIRCRAFT_VOL2-PROCUREMENT_JustificationBook_Air_Force_PB_2015.zzz_unzipped-PROCUREMENT_JustificationBook_Air_Force_PB_2015.xml","a8005ce497b4d26a96a0a73b3a202cd9ad0d2cb8833efae151bef5451667fd9e","0-137742d7ff049d182e27a97309fc30ee19b704e7f26a78e7479bd6be4170ea82","0-74e0246fc750c6eee6724eaf4f3caac8d2aae342acc89f297c8ad49b4d7175b9","root.record.ItemExhibitList.P3AModificationItemGroup.ModificationItemList.ModificationItem.Installation.ImplementationMethodList.ImplementationMethod"
"Air Force Active","938","938","","","2.282","2.282","","","2015-BASE_PROCUREMENT-2015-AIRFORCE_AIRCRAFT_VOL2-PROCUREMENT_JustificationBook_Air_Force_PB_2015.zzz_unzipped-PROCUREMENT_JustificationBook_Air_Force_PB_2015.xml","a8005ce497b4d26a96a0a73b3a202cd9ad0d2cb8833efae151bef5451667fd9e","0-b2b7a0d7549cda959540776cc9044737a05365621dedd60a50927f30b6b27029","1-edd9cca754443821e399b06d86d96c3537d6a0ca1f422dd73568ba96948720eb","root.record.ItemExhibitList.P3AModificationItemGroup.ModificationItemList.ModificationItem.Installation.ImplementationMethodList.ImplementationMethod"
"Air National Guard","104","104","","","0.31","0.31","","","2015-BASE_PROCUREMENT-2015-AIRFORCE_AIRCRAFT_VOL2-PROCUREMENT_JustificationBook_Air_Force_PB_2015.zzz_unzipped-PROCUREMENT_JustificationBook_Air_Force_PB_2015.xml","a8005ce497b4d26a96a0a73b3a202cd9ad0d2cb8833efae151bef5451667fd9e","1-44a4e30f5695d95d5a856b213bb16fd347b20ad5e8313f775cd8ba35c47911ba","1-edd9cca754443821e399b06d86d96c3537d6a0ca1f422dd73568ba96948720eb","root.record.ItemExhibitList.P3AModificationItemGroup.ModificationItemList.ModificationItem.Installation.ImplementationMethodList.ImplementationMethod"
"Air Force Active","10","10","","","12.013","12.013","","","2015-BASE_PROCUREMENT-2015-AIRFORCE_AIRCRAFT_VOL2-PROCUREMENT_JustificationBook_Air_Force_PB_2015.zzz_unzipped-PROCUREMENT_JustificationBook_Air_Force_PB_2015.xml","a8005ce497b4d26a96a0a73b3a202cd9ad0d2cb8833efae151bef5451667fd9e","0-7be5058dfebac8390ce0afe23e7dd55a61f07d00b8d27ff591d76a7a75033ede","0-948a3971041d7a4b8dbd3b76c0da209aa786bc60d9d3d57e4ad1c7fb3660b0e1","root.record.ItemExhibitList.P3AModificationItemGroup.ModificationItemList.ModificationItem.Installation.ImplementationMethodList.ImplementationMethod"
"Air Force Active","8","8","","10","6.925","6.925","","0.35","2015-BASE_PROCUREMENT-2015-AIRFORCE_AIRCRAFT_VOL2-PROCUREMENT_JustificationBook_Air_Force_PB_2015.zzz_unzipped-PROCUREMENT_JustificationBook_Air_Force_PB_2015.xml","a8005ce497b4d26a96a0a73b3a202cd9ad0d2cb8833efae151bef5451667fd9e","0-5e7ab5866adb0c48ca5fa9b117cf909d02dae6333af893ab2abbecf0380e5e85","0-66801fe411f22d9665e3e7bd84df272d1e20afcf9849aa324bb688dcb3c2862b","root.record.ItemExhibitList.P3AModificationItemGroup.ModificationItemList.ModificationItem.Installation.ImplementationMethodList.ImplementationMethod"
"Air Force Reserve","11","11","","","254.23","254.23","","","2015-BASE_PROCUREMENT-2015-AIRFORCE_AIRCRAFT_VOL2-PROCUREMENT_MasterJustificationBook_Air_Force_PB_2015.zzz_unzipped-PROCUREMENT_MasterJustificationBook_Air_Force_PB_2015.xml","aa1014d1730217cf58bd0eb1cf9155036af0caca57bd2ece54304d573c8411a2","0-81adcfd62b9de60bf034b89d719a599eaa35709ba19324a3380fa97dbb0efc9c","0-ff6809c6dc55a4087cfee6041f80b6a61e9d1ea5df8ed3616a4584899cf244f7","root.record.ItemExhibitList.P3AModificationItemGroup.ModificationItemList.ModificationItem.Installation.ImplementationMethodList.ImplementationMethod"
"Air Force Active","","","28","","","","5.787","","2015-BASE_PROCUREMENT-2015-AIRFORCE_AIRCRAFT_VOL2-PROCUREMENT_MasterJustificationBook_Air_Force_PB_2015.zzz_unzipped-PROCUREMENT_MasterJustificationBook_Air_Force_PB_2015.xml","e0b4c68aca5bcb28bf2a8d6314af11bf878587e1d5636a46ade0d81891a819a1","0-41d89104fc16b179352006a4f82d89ca5d0bea65248f62cd56246eb60a74a24a","0-2af44daf31ad17b16c95e8c9e15c7afc182d9aad030891cb2973457b4cce1e4b","root.record.ItemExhibitList.P3AModificationItemGroup.ModificationItemList.ModificationItem.Installation.ImplementationMethodList.ImplementationMethod"
"Air Force Reserve","","","1","","","","0.207","","2015-BASE_PROCUREMENT-2015-AIRFORCE_AIRCRAFT_VOL2-PROCUREMENT_MasterJustificationBook_Air_Force_PB_2015.zzz_unzipped-PROCUREMENT_MasterJustificationBook_Air_Force_PB_2015.xml","e0b4c68aca5bcb28bf2a8d6314af11bf878587e1d5636a46ade0d81891a819a1","1-7e7c318ea9ec1762c527836ce25c88a92e17b9a5dcebb5c5b76c04fdd48a551a","0-2af44daf31ad17b16c95e8c9e15c7afc182d9aad030891cb2973457b4cce1e4b","root.record.ItemExhibitList.P3AModificationItemGroup.ModificationItemList.ModificationItem.Installation.ImplementationMethodList.ImplementationMethod"
"Air Force Active","33","33","","","2.95","2.95","","","2015-BASE_PROCUREMENT-2015-AIRFORCE_AIRCRAFT_VOL2-PROCUREMENT_MasterJustificationBook_Air_Force_PB_2015.zzz_unzipped-PROCUREMENT_MasterJustificationBook_Air_Force_PB_2015.xml","e0b4c68aca5bcb28bf2a8d6314af11bf878587e1d5636a46ade0d81891a819a1","0-dbcc61ee48156870b03ae49d5abecc9ef180feff0b60b360b2cf46c069765e66","0-45f341e58b3e6aeddcd9c0492f136b0013b0884e382554166b40c749f629d2fe","root.record.ItemExhibitList.P3AModificationItemGroup.ModificationItemList.ModificationItem.Installation.ImplementationMethodList.ImplementationMethod"
"Air Force Active","","","2","","","","5.53","","2015-BASE_PROCUREMENT-2015-AIRFORCE_AIRCRAFT_VOL2-PROCUREMENT_MasterJustificationBook_Air_Force_PB_2015.zzz_unzipped-PROCUREMENT_MasterJustificationBook_Air_Force_PB_2015.xml","e0b4c68aca5bcb28bf2a8d6314af11bf878587e1d5636a46ade0d81891a819a1","0-bfe516eb5d7b6d965f0893c928bba02a03040d1b586c67ef271d4e38fafd7920","0-85204a49cf0407fc7139bc2ddc0024a9797d4fc8500992beca057daf749ce56f","root.record.ItemExhibitList.P3AModificationItemGroup.ModificationItemList.ModificationItem.Installation.ImplementationMethodList.ImplementationMethod"
"Air Force Active","160","160","","","1.588","1.588","","","2015-BASE_PROCUREMENT-2015-AIRFORCE_AIRCRAFT_VOL2-PROCUREMENT_MasterJustificationBook_Air_Force_PB_2015.zzz_unzipped-PROCUREMENT_MasterJustificationBook_Air_Force_PB_2015.xml","e0b4c68aca5bcb28bf2a8d6314af11bf878587e1d5636a46ade0d81891a819a1","0-e121a6ed8a85d3eb8b8c23d7abaf57067b6c3cf6977235995deb4321162366ac","0-e1d557c1752043762c253acfa6aaf50536893f79fd3f90b97601aefe27a6f026","root.record.ItemExhibitList.P3AModificationItemGroup.ModificationItemList.ModificationItem.Installation.ImplementationMethodList.ImplementationMethod"
"Air Force Active","12","12","","","0.32","0.32","","","2015-BASE_PROCUREMENT-2015-AIRFORCE_AIRCRAFT_VOL2-PROCUREMENT_MasterJustificationBook_Air_Force_PB_2015.zzz_unzipped-PROCUREMENT_MasterJustificationBook_Air_Force_PB_2015.xml","0b3cc84504de3dcd8d9b0ee78b03c6179e180dce85fc9cbee3b0fc0b68f603c4","0-c41993601dc4f8ef277a0a9e1501c28366fdd7eaea464765d8c74f479123170d","0-92b277663f826435e66ef83c22756abd74d9657014531a14bb0eb868d5c212a6","root.record.ItemExhibitList.P3AModificationItemGroup.ModificationItemList.ModificationItem.Installation.ImplementationMethodList.ImplementationMethod"
"Air Force Reserve","3","3","","","0.08","0.08","","","2015-BASE_PROCUREMENT-2015-AIRFORCE_AIRCRAFT_VOL2-PROCUREMENT_MasterJustificationBook_Air_Force_PB_2015.zzz_unzipped-PROCUREMENT_MasterJustificationBook_Air_Force_PB_2015.xml","0b3cc84504de3dcd8d9b0ee78b03c6179e180dce85fc9cbee3b0fc0b68f603c4","1-385049bc73d6bd1db6b3d4278dd2eb923154b30f1c26f3d0456f5b5bfb15d5aa","0-92b277663f826435e66ef83c22756abd74d9657014531a14bb0eb868d5c212a6","root.record.ItemExhibitList.P3AModificationItemGroup.ModificationItemList.ModificationItem.Installation.ImplementationMethodList.ImplementationMethod"
"Air Force Active","3","3","","","4.932","4.932","","","2015-BASE_PROCUREMENT-2015-AIRFORCE_AIRCRAFT_VOL2-PROCUREMENT_MasterJustificationBook_Air_Force_PB_2015.zzz_unzipped-PROCUREMENT_MasterJustificationBook_Air_Force_PB_2015.xml","0b3cc84504de3dcd8d9b0ee78b03c6179e180dce85fc9cbee3b0fc0b68f603c4","0-e1eec07dd66b2af41f0e30ddcb47cbfb0071b8581c1a19b75139cbc9b0f8fcee","0-13855c304b1a57983a7aafe2633396c7c3c538bd58ce561f65f307dcba680bb9","root.record.ItemExhibitList.P3AModificationItemGroup.ModificationItemList.ModificationItem.Installation.ImplementationMethodList.ImplementationMethod"
"Air Force Reserve","1","1","","","1.644","1.644","","","2015-BASE_PROCUREMENT-2015-AIRFORCE_AIRCRAFT_VOL2-PROCUREMENT_MasterJustificationBook_Air_Force_PB_2015.zzz_unzipped-PROCUREMENT_MasterJustificationBook_Air_Force_PB_2015.xml","0b3cc84504de3dcd8d9b0ee78b03c6179e180dce85fc9cbee3b0fc0b68f603c4","1-1e90774135df38a3eee3d5e094bd1447f0a35e359795232cae80143c243915c4","0-13855c304b1a57983a7aafe2633396c7c3c538bd58ce561f65f307dcba680bb9","root.record.ItemExhibitList.P3AModificationItemGroup.ModificationItemList.ModificationItem.Installation.ImplementationMethodList.ImplementationMethod"
"Air Force Active","12","12","","","2.351","2.351","","","2015-BASE_PROCUREMENT-2015-AIRFORCE_AIRCRAFT_VOL2-PROCUREMENT_MasterJustificationBook_Air_Force_PB_2015.zzz_unzipped-PROCUREMENT_MasterJustificationBook_Air_Force_PB_2015.xml","0b3cc84504de3dcd8d9b0ee78b03c6179e180dce85fc9cbee3b0fc0b68f603c4","0-571363e6b48da2e3357a9a96712c02ecdb0c689e299f2f35ecd1a1ca13e21754","0-c4819f5c53d96bf587fcedcf83e3493306e8e7c373ff507e9cbea67e74b421ac","root.record.ItemExhibitList.P3AModificationItemGroup.ModificationItemList.ModificationItem.Installation.ImplementationMethodList.ImplementationMethod"
"Air Force Active","","","","0","","","","0.913","2015-BASE_PROCUREMENT-2015-AIRFORCE_AIRCRAFT_VOL2-PROCUREMENT_MasterJustificationBook_Air_Force_PB_2015.zzz_unzipped-PROCUREMENT_MasterJustificationBook_Air_Force_PB_2015.xml","915b03b5c79079cef74c1f5fed99ff94d2a961666ffa690a638fb838766b41c1","0-1c7b417f541d89e0750917504a70de3cc91da21e9a211256f1b6cc97f3c78f51","0-35bbc41e67079c75d5ec87d60049998e081bda19cbf63fbe0a3966e3013618e9","root.record.ItemExhibitList.P3AModificationItemGroup.ModificationItemList.ModificationItem.Installation.ImplementationMethodList.ImplementationMethod"
"Air Force Active","35","35","","","1.855","1.855","","","2015-BASE_PROCUREMENT-2015-AIRFORCE_AIRCRAFT_VOL2-PROCUREMENT_MasterJustificationBook_Air_Force_PB_2015.zzz_unzipped-PROCUREMENT_MasterJustificationBook_Air_Force_PB_2015.xml","855eae1cbb61b6501bc214ee71975773395e237741d724826b960bf4c434431a","0-ddc05fe69dc24e6329dda0463ca2873c5235be50c9343a653e57c2e3b82baf8c","0-12bf351e877c6961565f40064a2629e84ac5f49a3b3e8e468ccaac8da26e023c","root.record.ItemExhibitList.P3AModificationItemGroup.ModificationItemList.ModificationItem.Installation.ImplementationMethodList.ImplementationMethod"
"Air Force Active","44","44","","","2.279","2.279","","","2015-BASE_PROCUREMENT-2015-AIRFORCE_AIRCRAFT_VOL2-PROCUREMENT_MasterJustificationBook_Air_Force_PB_2015.zzz_unzipped-PROCUREMENT_MasterJustificationBook_Air_Force_PB_2015.xml","855eae1cbb61b6501bc214ee71975773395e237741d724826b960bf4c434431a","0-669df216532aa797d843ceda523e0ced3ad527edffb7d767162e7682c729a8db","0-3b0d6020dd864f34afd591d82d05f066013a8621b5d8486e1916ae5c6234fd7a","root.record.ItemExhibitList.P3AModificationItemGroup.ModificationItemList.ModificationItem.Installation.ImplementationMethodList.ImplementationMethod"
"Air Force Active","","","","1733","","","","44.927","2015-BASE_PROCUREMENT-2015-AIRFORCE_AIRCRAFT_VOL2-PROCUREMENT_MasterJustificationBook_Air_Force_PB_2015.zzz_unzipped-PROCUREMENT_MasterJustificationBook_Air_Force_PB_2015.xml","e0999d2b89817dbe0cc954d07a44ef1ad1938f20a6bca9d4306e26527654e26d","0-8dc8b025db1a8d11716e10db06624a1b7c20ccfb2a2b3e7c52fb3e0f23247886","1-cf152cb8766e5490e39495c05c4f0dfdb855997c0c3048058737905170171b80","root.record.ItemExhibitList.P3AModificationItemGroup.ModificationItemList.ModificationItem.Installation.ImplementationMethodList.ImplementationMethod"
"Air National Guard","","","","324","","","","10.335","2015-BASE_PROCUREMENT-2015-AIRFORCE_AIRCRAFT_VOL2-PROCUREMENT_MasterJustificationBook_Air_Force_PB_2015.zzz_unzipped-PROCUREMENT_MasterJustificationBook_Air_Force_PB_2015.xml","e0999d2b89817dbe0cc954d07a44ef1ad1938f20a6bca9d4306e26527654e26d","1-70bb733f62c0da1209db349ef98f0cee6148d25f3049bf61630d9c8705cae448","1-cf152cb8766e5490e39495c05c4f0dfdb855997c0c3048058737905170171b80","root.record.ItemExhibitList.P3AModificationItemGroup.ModificationItemList.ModificationItem.Installation.ImplementationMethodList.ImplementationMethod"
"Air Force Active","234","234","","","0.571","0.571","","","2015-BASE_PROCUREMENT-2015-AIRFORCE_AIRCRAFT_VOL2-PROCUREMENT_MasterJustificationBook_Air_Force_PB_2015.zzz_unzipped-PROCUREMENT_MasterJustificationBook_Air_Force_PB_2015.xml","e0999d2b89817dbe0cc954d07a44ef1ad1938f20a6bca9d4306e26527654e26d","0-267bcb0fd93029e22cd48318d0ae2e308d15a08ec946baf94380b521c5dbebdb","0-c494f1444ea5a6c8bd215274dfc8620361fba0af0132fc2109f8d62d65567ee0","root.record.ItemExhibitList.P3AModificationItemGroup.ModificationItemList.ModificationItem.Installation.ImplementationMethodList.ImplementationMethod"
"Air Force Active","938","938","","","2.282","2.282","","","2015-BASE_PROCUREMENT-2015-AIRFORCE_AIRCRAFT_VOL2-PROCUREMENT_MasterJustificationBook_Air_Force_PB_2015.zzz_unzipped-PROCUREMENT_MasterJustificationBook_Air_Force_PB_2015.xml","e0999d2b89817dbe0cc954d07a44ef1ad1938f20a6bca9d4306e26527654e26d","0-4825ddce3f02cbc6d4d59fb707e40d14430bfa711dc1dec165914e4e8ba686cd","1-d04ee8d22f31e44499b84586869479398e42f85d8e5028db00fca067c6553689","root.record.ItemExhibitList.P3AModificationItemGroup.ModificationItemList.ModificationItem.Installation.ImplementationMethodList.ImplementationMethod"
"Air National Guard","104","104","","","0.31","0.31","","","2015-BASE_PROCUREMENT-2015-AIRFORCE_AIRCRAFT_VOL2-PROCUREMENT_MasterJustificationBook_Air_Force_PB_2015.zzz_unzipped-PROCUREMENT_MasterJustificationBook_Air_Force_PB_2015.xml","e0999d2b89817dbe0cc954d07a44ef1ad1938f20a6bca9d4306e26527654e26d","1-8d64dc1fa6d9ccad5160478bdd1b9eb2e83e8145731c62581817b47eaa75ecae","1-d04ee8d22f31e44499b84586869479398e42f85d8e5028db00fca067c6553689","root.record.ItemExhibitList.P3AModificationItemGroup.ModificationItemList.ModificationItem.Installation.ImplementationMethodList.ImplementationMethod"
"Air Force Active","10","10","","","12.013","12.013","","","2015-BASE_PROCUREMENT-2015-AIRFORCE_AIRCRAFT_VOL2-PROCUREMENT_MasterJustificationBook_Air_Force_PB_2015.zzz_unzipped-PROCUREMENT_MasterJustificationBook_Air_Force_PB_2015.xml","e0999d2b89817dbe0cc954d07a44ef1ad1938f20a6bca9d4306e26527654e26d","0-b0a7723eaa851c9bc83e79880a306a693a3de0b5885537e815b5687757301706","0-3dc6916aed8a21eb700cdb004c4598191942e0dd9c58b51e88ef8a6be08633b2","root.record.ItemExhibitList.P3AModificationItemGroup.ModificationItemList.ModificationItem.Installation.ImplementationMethodList.ImplementationMethod"
"Air Force Active","8","8","","10","6.925","6.925","","0.35","2015-BASE_PROCUREMENT-2015-AIRFORCE_AIRCRAFT_VOL2-PROCUREMENT_MasterJustificationBook_Air_Force_PB_2015.zzz_unzipped-PROCUREMENT_MasterJustificationBook_Air_Force_PB_2015.xml","e0999d2b89817dbe0cc954d07a44ef1ad1938f20a6bca9d4306e26527654e26d","0-dc040a3175d6687f408a780872c239300e727f0cce5ac7d1d702436e8167b2fe","0-69456b47e7dd93a386210c56c911e45516826ef4650ab5a6797352767d228f0f","root.record.ItemExhibitList.P3AModificationItemGroup.ModificationItemList.ModificationItem.Installation.ImplementationMethodList.ImplementationMethod"
"Air Force Active","","","","31","","","","1.922","2015-BASE_PROCUREMENT-2015-AIRFORCE_OTHER-PROCUREMENT_JustificationBook_Air_Force_PB_2015.zzz_unzipped-PROCUREMENT_JustificationBook_Air_Force_PB_2015.xml","468bc985f6e66df36e06ea9a96c28ec64edcebf0d6674e83420127564b1094c0","0-d75038d5455091a539628857831207a122a9e6bfd7c835978f4a221c21d36c1f","0-f8c2cb04ae35e05e7bec23058f05b3a5f5580f692c888beae0175a1f26cc944f","root.record.ItemExhibitList.P3AModificationItemGroup.ModificationItemList.ModificationItem.Installation.ImplementationMethodList.ImplementationMethod"
"Air National Guard","","","","2","","","","0.124","2015-BASE_PROCUREMENT-2015-AIRFORCE_OTHER-PROCUREMENT_JustificationBook_Air_Force_PB_2015.zzz_unzipped-PROCUREMENT_JustificationBook_Air_Force_PB_2015.xml","468bc985f6e66df36e06ea9a96c28ec64edcebf0d6674e83420127564b1094c0","1-72524af9b0690fba798b520a4af7cf3138f41decdbc1b9fa7948c2a3e67406bd","0-f8c2cb04ae35e05e7bec23058f05b3a5f5580f692c888beae0175a1f26cc944f","root.record.ItemExhibitList.P3AModificationItemGroup.ModificationItemList.ModificationItem.Installation.ImplementationMethodList.ImplementationMethod"
"Air Force Reserve","","","","6","","","","0.372","2015-BASE_PROCUREMENT-2015-AIRFORCE_OTHER-PROCUREMENT_JustificationBook_Air_Force_PB_2015.zzz_unzipped-PROCUREMENT_JustificationBook_Air_Force_PB_2015.xml","468bc985f6e66df36e06ea9a96c28ec64edcebf0d6674e83420127564b1094c0","2-74e64fcd5e3b93d41e13b7988e89850526cc8b792b1321f6c954fa412b176747","0-f8c2cb04ae35e05e7bec23058f05b3a5f5580f692c888beae0175a1f26cc944f","root.record.ItemExhibitList.P3AModificationItemGroup.ModificationItemList.ModificationItem.Installation.ImplementationMethodList.ImplementationMethod"
"Air Force Active","","","","31","","","","1.922","2015-BASE_PROCUREMENT-2015-AIRFORCE_OTHER-PROCUREMENT_MasterJustificationBook_Air_Force_PB_2015.zzz_unzipped-PROCUREMENT_MasterJustificationBook_Air_Force_PB_2015.xml","38574a0eb107b9f7269a65b5cd9e3370a0cecba368536b676cf0c3e78bac69ac","0-223ce370e6c206b5d0ee6a919798be60a7a990328dc94d39191ac780f56b2b94","0-7add8b5eda959de8fb93bdab2c27531242b0df50f4e4ccf8b04669f25a78f1b7","root.record.ItemExhibitList.P3AModificationItemGroup.ModificationItemList.ModificationItem.Installation.ImplementationMethodList.ImplementationMethod"
"Air National Guard","","","","2","","","","0.124","2015-BASE_PROCUREMENT-2015-AIRFORCE_OTHER-PROCUREMENT_MasterJustificationBook_Air_Force_PB_2015.zzz_unzipped-PROCUREMENT_MasterJustificationBook_Air_Force_PB_2015.xml","38574a0eb107b9f7269a65b5cd9e3370a0cecba368536b676cf0c3e78bac69ac","1-fe61dc75b89a62fb00e5836e24dc06eaa8c7ed99d97c1cfda273057b7c97563f","0-7add8b5eda959de8fb93bdab2c27531242b0df50f4e4ccf8b04669f25a78f1b7","root.record.ItemExhibitList.P3AModificationItemGroup.ModificationItemList.ModificationItem.Installation.ImplementationMethodList.ImplementationMethod"
"Air Force Reserve","","","","6","","","","0.372","2015-BASE_PROCUREMENT-2015-AIRFORCE_OTHER-PROCUREMENT_MasterJustificationBook_Air_Force_PB_2015.zzz_unzipped-PROCUREMENT_MasterJustificationBook_Air_Force_PB_2015.xml","38574a0eb107b9f7269a65b5cd9e3370a0cecba368536b676cf0c3e78bac69ac","2-901fbe2303029d9c64012dd89f250435cc718eab680d185124ab2d4b1079284c","0-7add8b5eda959de8fb93bdab2c27531242b0df50f4e4ccf8b04669f25a78f1b7","root.record.ItemExhibitList.P3AModificationItemGroup.ModificationItemList.ModificationItem.Installation.ImplementationMethodList.ImplementationMethod"
