Name_val,WhenRequiredInMonths_val,Cost_AllPriorYears_TotalCost_val,Cost_PriorYear_TotalCost_val,Cost_CurrentYear_TotalCost_val,Cost_BudgetYearOne_TotalCost_val,Cost_BudgetYearOne_Quantity_val,Cost_BudgetYearTwo_TotalCost_val,Cost_BudgetYearThree_TotalCost_val,Cost_BudgetYearFour_TotalCost_val,Cost_BudgetYearFive_TotalCost_val,Cost_ToComplete_TotalCost_val,Cost_Total_TotalCost_val,@SOURCE_FILENAME,@RECORDID,@ROWID,QuantityPerAssembly_val,ManufacturerList_P10Manufacturer_Name_val,ManufacturerList_P10Manufacturer_Location_val,ManufacturerList_P10Manufacturer_InitialQuantity_TotalLeadTimeAfterOct1InMonths_val,ManufacturerList_P10Manufacturer_ReorderQuantity_TotalLeadTimeAfterOct1InMonths_val,ManufacturerList_P10Manufacturer_HistoryPlanningList_HistoryPlanning_FiscalYear_val,ManufacturerList_P10Manufacturer_HistoryPlanningList_HistoryPlanning_PCOLocation_val,ManufacturerList_P10Manufacturer_HistoryPlanningList_HistoryPlanning_AwardDate_val,ManufacturerList_P10Manufacturer_HistoryPlanningList_HistoryPlanning_FirstDeliveryDate_val,ManufacturerList_P10Manufacturer_HistoryPlanningList_HistoryPlanning_Quantity_val,ManufacturerList_P10Manufacturer_HistoryPlanningList_HistoryPlanning_UnitCost_val,ManufacturerList_P10Manufacturer_HistoryPlanningList_HistoryPlanning_RFPIssueDate_val,ManufacturerList_P10Manufacturer_HistoryPlanningList_HistoryPlanning_FundingVehicle_val,ManufacturerList_P10Manufacturer_HistoryPlanningList_HistoryPlanning_ItemNameSuffix_val,@PARENTROWID,@PARENT
"Other Government Furnished Equipment ()","12","12.624","0","0","0","","0","0","0","0","0","12.624","2013-BASE_PROCUREMENT-2013-AIRFORCE_AIRCRAFT_VOL1-JustificationBook_Air_Force_PB_2013.zzz_unzipped-JustificationBook_Air_Force_PB_2013.xml","5de403107085bf74fb9fd40854df952a9081ddccb6363319c405b20f72d8dc83","0-9f66de0f0e6b016970477b3e108e3d5c8076ff376627bd0b6afc0bad91db6324","","","","","","","","","","","","","","","93-959f0d742d28d79f622fe06280e29af1dce89192bd011ee6dc3db6a43c58dca1","root"
"Other Government Furnished Equipment ()","12","12.624","0","0","0","","0","0","0","0","0","12.624","2013-BASE_PROCUREMENT-2013-AIRFORCE_AIRCRAFT_VOL2-MasterJustificationBook_Air_Force_PB_2013.zzz_unzipped-MasterJustificationBook_Air_Force_PB_2013.xml","9a2ba94a217d82096f332eb52ba7ddeaf76b99a2e5a89a7ed11986588d44548b","0-cf3cd9223638f6b7ae8ca4e2738c5b18d133daf4093eb839f8f092f54e260a29","","","","","","","","","","","","","","","141-ec4f6b0c05cb9504bbc9e7a01515cc52c08753fa892d96e7a296e95ff46f5532","root"
"Other Government Furnished Equipment ()","12","12.624","0","0","0","","0","0","0","0","0","12.624","2013-BASE_PROCUREMENT-2013-AIRFORCE_AIRCRAFT_VOL1-MasterJustificationBook_Air_Force_PB_2013.zzz_unzipped-MasterJustificationBook_Air_Force_PB_2013.xml","6d2a5a5d589018a44e3cbf52cb1c912bfc2ae7ebfa3167c185f32baeccefdb83","0-98ce76aa2d1fd305431f8108b67ee05187bf1f569eac8779742929ee8c0d6fe6","","","","","","","","","","","","","","","191-61df24a05d1b0499da2c41c95144fb2b66dd337249f0f0940b60277e481e3c12","root"
"Engines T.L.","0","37.09","5.273","5.624","0","0","","","","","","","2013-BASE_PROCUREMENT-2013-NAVY_AIRCRAFT_BA1-4-JustificationBook_Navy_PB_2013.zzz_unzipped-JustificationBook_Navy_PB_2013.xml","117c169a68235fff5682580ef1182034c5b0c336d258b4d2bc16ac17e2d2a653","0-9e1bdc47139983f520b7e070ec614cd7cf3e66c30babac78ee051db90354b4d2","2","","","","","","","","","","","","","","1056-41ef7214ee8706eb913d15c98f6f610b8ec1cbcce8949f8a7f86d44b69f680d6","root"
"GFE Other","0","9.953","18.03","0.562","0","0","","","","","","","2013-BASE_PROCUREMENT-2013-NAVY_AIRCRAFT_BA1-4-JustificationBook_Navy_PB_2013.zzz_unzipped-JustificationBook_Navy_PB_2013.xml","117c169a68235fff5682580ef1182034c5b0c336d258b4d2bc16ac17e2d2a653","1-0bfefa47ace67e44da84d9e7a3c4b783ac3e19627ef5a28783104cd53a10d9f8","0","","","","","","","","","","","","","","1056-41ef7214ee8706eb913d15c98f6f610b8ec1cbcce8949f8a7f86d44b69f680d6","root"
"GFE - Engines T.L.","0","220.195","16.081","15.382","15.644","0","","","","","","","2013-BASE_PROCUREMENT-2013-NAVY_AIRCRAFT_BA1-4-JustificationBook_Navy_PB_2013.zzz_unzipped-JustificationBook_Navy_PB_2013.xml","1a7189ca3ac3735d5b4780456bb4c8dddad618396ddbf80b22c606ea18981840","0-ba11d90433627d93a76f76297bf9f525b0ef06e761c5f5a3be404b13f43756b1","2","See End Item P5A","See End Item P5A","14","14","2013","See End Item P5A","2013-01","2013-01","0","0","2013-01","TBD","I think i","1060-39497ecec4cf6699beec7808ece01660312ec1e42a0b7ae45f2acebca7fc2bee","root"
"GFE - Cockpit","0","270.202","","","0","0","","","","","","","2013-BASE_PROCUREMENT-2013-NAVY_AIRCRAFT_BA1-4-JustificationBook_Navy_PB_2013.zzz_unzipped-JustificationBook_Navy_PB_2013.xml","1a7189ca3ac3735d5b4780456bb4c8dddad618396ddbf80b22c606ea18981840","1-73a40838925ece4a5cf93c2429564166cbbb8ab6aa358003e43dac14a08a4434","1","See End Item P5A","See End Item P5A","15","15","2013","See End Item P5A","2012-12","2012-12","0","0","2012-12","TBD","I think i","1060-39497ecec4cf6699beec7808ece01660312ec1e42a0b7ae45f2acebca7fc2bee","root"
"Cockpit For FY12 EOQ/Long Lead","0","","13.103","","0","0","","","","","","","2013-BASE_PROCUREMENT-2013-NAVY_AIRCRAFT_BA1-4-JustificationBook_Navy_PB_2013.zzz_unzipped-JustificationBook_Navy_PB_2013.xml","1a7189ca3ac3735d5b4780456bb4c8dddad618396ddbf80b22c606ea18981840","2-0f338f2f3ad19527acf33f53f26def6ede83daa841b5797bfdd5f4d6377eeb02","1","See End Item P5A","See End Item P5A","15","15","2013","See End Item P5A","2012-12","2012-12","0","0","2012-12","TBD","I think i","1060-39497ecec4cf6699beec7808ece01660312ec1e42a0b7ae45f2acebca7fc2bee","root"
"Cockpit for FY13 EOQ/Long Lead","0","","","13.154","0","0","","","","","","","2013-BASE_PROCUREMENT-2013-NAVY_AIRCRAFT_BA1-4-JustificationBook_Navy_PB_2013.zzz_unzipped-JustificationBook_Navy_PB_2013.xml","1a7189ca3ac3735d5b4780456bb4c8dddad618396ddbf80b22c606ea18981840","3-6ada26be391dea2478f6e0c024c3faec7ed4824fe13d023fc43a9ce7375ab5ab","1","See End Item P5A","See End Item P5A","15","15","2013","See End Item P5A","2012-12","2012-12","0","0","2012-12","TBD","I think i","1060-39497ecec4cf6699beec7808ece01660312ec1e42a0b7ae45f2acebca7fc2bee","root"
"Cockpit for FY14 EOQ/Long Lead","0","","","3.5","13.154","0","","","","","","","2013-BASE_PROCUREMENT-2013-NAVY_AIRCRAFT_BA1-4-JustificationBook_Navy_PB_2013.zzz_unzipped-JustificationBook_Navy_PB_2013.xml","1a7189ca3ac3735d5b4780456bb4c8dddad618396ddbf80b22c606ea18981840","4-6722333fcdee2d3a2a0dbc8c9a4d0256f05d7872701d08dd03a388de7e46208a","1","See End Item P5A","See End Item P5A","15","15","2013","See End Item P5A","2012-12","2012-12","0","0","2012-12","TBD","I think i","1060-39497ecec4cf6699beec7808ece01660312ec1e42a0b7ae45f2acebca7fc2bee","root"
"Cockpit for FY15 EOQ/Long Lead","0","","","2.25","1","0","","","","","","","2013-BASE_PROCUREMENT-2013-NAVY_AIRCRAFT_BA1-4-JustificationBook_Navy_PB_2013.zzz_unzipped-JustificationBook_Navy_PB_2013.xml","1a7189ca3ac3735d5b4780456bb4c8dddad618396ddbf80b22c606ea18981840","5-f6669bb19e6c0ecb2ceb94b4cc3b24c4939c09fc22387f1efbc4a478b7a94712","1","See End Item P5A","See End Item P5A","15","15","2013","See End Item P5A","2012-12","2012-12","0","0","2012-12","TBD","I think i","1060-39497ecec4cf6699beec7808ece01660312ec1e42a0b7ae45f2acebca7fc2bee","root"
"A/C Misc Avn","0","102.907","13.915","12.513","14.109","0","","","","","","","2013-BASE_PROCUREMENT-2013-NAVY_AIRCRAFT_BA1-4-JustificationBook_Navy_PB_2013.zzz_unzipped-JustificationBook_Navy_PB_2013.xml","1a7189ca3ac3735d5b4780456bb4c8dddad618396ddbf80b22c606ea18981840","6-c4d660b16e18d41b3df804c95749770f68b7c76c04c2bf3ef1161f83e74b15ee","0","","","","","","","","","","","","","","1060-39497ecec4cf6699beec7808ece01660312ec1e42a0b7ae45f2acebca7fc2bee","root"
"GFE Other","0","15.399","2.599","3.413","2.3","0","","","","","","","2013-BASE_PROCUREMENT-2013-NAVY_AIRCRAFT_BA1-4-JustificationBook_Navy_PB_2013.zzz_unzipped-JustificationBook_Navy_PB_2013.xml","b9d48f24ecf1fb0dc0353ad3f9cd91e926e2f3fda1f537c2caa93bb44b898f3b","0-926cf89b913d42ce30a567e9f49296aff7c7746e4bd457a984e2ce49122c0a64","0","","","","","","","","","","","","","","1062-f3057ad558d5de987406d8349fdc295e741500a0c1567691494313ffb0db5fd2","root"
"GFE Electronics","0","","","","0","0","","","","","","","2013-BASE_PROCUREMENT-2013-NAVY_AIRCRAFT_BA1-4-JustificationBook_Navy_PB_2013.zzz_unzipped-JustificationBook_Navy_PB_2013.xml","62ca14cc634acb0c901935df39de84860d1f64314c02973b24f410208b3cf78e","0-367f357769c11f91c8cc31c39116de700071a212b12a86d27e9d2eaafb3069c4","0","","","","","","","","","","","","","","1064-ca5c95f9f70cc9bb4b269bd6803256da5217e16d907c8fd1f81f7f4f0ace8a90","root"
"GFE Other","0","","","","0","0","","","","","","","2013-BASE_PROCUREMENT-2013-NAVY_AIRCRAFT_BA1-4-JustificationBook_Navy_PB_2013.zzz_unzipped-JustificationBook_Navy_PB_2013.xml","62ca14cc634acb0c901935df39de84860d1f64314c02973b24f410208b3cf78e","1-25ad8ba13b4625c270f731aa29614593e11aa85fd3c6f1a4eb96f0077cd306cb","0","","","","","","","","","","","","","","1064-ca5c95f9f70cc9bb4b269bd6803256da5217e16d907c8fd1f81f7f4f0ace8a90","root"
"Other GFE","0","32.177","","","0","0","","","","","","","2013-BASE_PROCUREMENT-2013-NAVY_AIRCRAFT_BA1-4-JustificationBook_Navy_PB_2013.zzz_unzipped-JustificationBook_Navy_PB_2013.xml","c58f3e1b9e38e357fc3c36cb6204a5182b2e132e43a0c2e90cc87c9d07cd04f0","0-f3064d30867403855ef791e45294c78f653ed10ebf53b347d0e7e9fb4818762d","1","","","","","","","","","","","","","","1066-2130ac077f460eaf5396a5799bebfcfc51e947399c6375d2893861fc29aaa3ee","root"
"JTIDS","0","16.955","","","0","0","","","","","","","2013-BASE_PROCUREMENT-2013-NAVY_AIRCRAFT_BA1-4-JustificationBook_Navy_PB_2013.zzz_unzipped-JustificationBook_Navy_PB_2013.xml","c58f3e1b9e38e357fc3c36cb6204a5182b2e132e43a0c2e90cc87c9d07cd04f0","1-df7fe1c66780a8032c5f61761bb1c2a1fd0db3bda8627c6db81b33e7d4053424","1","","","","","","","","","","","","","","1066-2130ac077f460eaf5396a5799bebfcfc51e947399c6375d2893861fc29aaa3ee","root"
"Engines","0","14.9","","","0","0","","","","","","","2013-BASE_PROCUREMENT-2013-NAVY_AIRCRAFT_BA1-4-JustificationBook_Navy_PB_2013.zzz_unzipped-JustificationBook_Navy_PB_2013.xml","c58f3e1b9e38e357fc3c36cb6204a5182b2e132e43a0c2e90cc87c9d07cd04f0","2-7962ca64916cef8acb72ed3cc5764c078b432b723896c1f7483a6d5f09b17fa6","1","","","","","","","","","","","","","","1066-2130ac077f460eaf5396a5799bebfcfc51e947399c6375d2893861fc29aaa3ee","root"
"GFE Electronics","0","18.946","","","2.396","0","","","","","","","2013-BASE_PROCUREMENT-2013-NAVY_AIRCRAFT_BA1-4-JustificationBook_Navy_PB_2013.zzz_unzipped-JustificationBook_Navy_PB_2013.xml","d2754e07aff7a1b263a31dad19b45c69e96d75bcc74c3f11578b13908f285a79","0-f36c130781887af311f93b054ad74511c09a49fb2052d0fe5f7caa01ad5b50e8","0","See End Item P5A","See End Item P5A","20","20","2013","See End Item P5A","2014-07","2014-07","0","0","2014-07","TBD","I think i","1071-68abe8acddda5e8025d9792cf9745246be440888ede77d954363d9789503f7c9","root"
"GFE Other","0","1.953","","","0.599","0","","","","","","","2013-BASE_PROCUREMENT-2013-NAVY_AIRCRAFT_BA1-4-JustificationBook_Navy_PB_2013.zzz_unzipped-JustificationBook_Navy_PB_2013.xml","d2754e07aff7a1b263a31dad19b45c69e96d75bcc74c3f11578b13908f285a79","1-3dc88fa18d39d1097c45aa4759e1cb5980aea6c66f8f7e1ad0e903799f20e368","0","See End Item P5A","See End Item P5A","20","20","2013","See End Item P5A","2014-07","2014-07","0","0","2014-07","TBD","I think i","1071-68abe8acddda5e8025d9792cf9745246be440888ede77d954363d9789503f7c9","root"
"GFE - Engines T.L.","0","","","","0","0","","","","","","","2013-BASE_PROCUREMENT-2013-NAVY_AIRCRAFT_BA1-4-JustificationBook_Navy_PB_2013.zzz_unzipped-JustificationBook_Navy_PB_2013.xml","35ba065fc15348b04ce24529e69be9f99c6cbf65b10c2c0aa5e1f211a03d3de7","0-661aadbafb2df7f75fa278492a4514b3f349abd16bb2f36cc32c3891ab658bb2","0","","","","","","","","","","","","","","1072-800ff3d6b923b9623ee3998495d3570fb5916ff40e73cbf216ad061d176ba00d","root"
"GFE Electronics","0","","","","0","0","","","","","","","2013-BASE_PROCUREMENT-2013-NAVY_AIRCRAFT_BA1-4-JustificationBook_Navy_PB_2013.zzz_unzipped-JustificationBook_Navy_PB_2013.xml","35ba065fc15348b04ce24529e69be9f99c6cbf65b10c2c0aa5e1f211a03d3de7","1-198ff84088d252d0690d2953e525eda13b2c7047f698ea40b70fca610be5fe3e","0","","","","","","","","","","","","","","1072-800ff3d6b923b9623ee3998495d3570fb5916ff40e73cbf216ad061d176ba00d","root"
"GFE Other","0","","","","0","0","","","","","","","2013-BASE_PROCUREMENT-2013-NAVY_AIRCRAFT_BA1-4-JustificationBook_Navy_PB_2013.zzz_unzipped-JustificationBook_Navy_PB_2013.xml","35ba065fc15348b04ce24529e69be9f99c6cbf65b10c2c0aa5e1f211a03d3de7","2-1336683ecb143e4b4456eb35524ee7f88da538ed420339445c565df063b03a54","0","","","","","","","","","","","","","","1072-800ff3d6b923b9623ee3998495d3570fb5916ff40e73cbf216ad061d176ba00d","root"
"Engines T.L.","0","276.733","0.232","13","6.1","0","","","","","","","2013-BASE_PROCUREMENT-2013-NAVY_AIRCRAFT_BA1-4-JustificationBook_Navy_PB_2013.zzz_unzipped-JustificationBook_Navy_PB_2013.xml","726c637195c83e4c0a7ae20346d13ed0b7692dc152694d77e984d871c4d21a8a","0-cc8fe9ab7759a4a87d9af8947c3f1bdd1a806ca1ee1219239cacbf00db6ef7e9","2","","","","","","","","","","","","","","1075-ae137db0aaac9eba72677b75edac5045ed95087e93e7ff8bdcd466029081896c","root"
"ALE-50 IMPLC","0","19.15","","","0","0","","","","","","","2013-BASE_PROCUREMENT-2013-NAVY_AIRCRAFT_BA1-4-JustificationBook_Navy_PB_2013.zzz_unzipped-JustificationBook_Navy_PB_2013.xml","726c637195c83e4c0a7ae20346d13ed0b7692dc152694d77e984d871c4d21a8a","1-3a933ce3f3ea057a88af1c8941aba480375f6f7ec115492b8eab952797614c42","0","","","","","","","","","","","","","","1075-ae137db0aaac9eba72677b75edac5045ed95087e93e7ff8bdcd466029081896c","root"
"GFE Other","0","23.534","1.147","1.262","0.596","0","","","","","","","2013-BASE_PROCUREMENT-2013-NAVY_AIRCRAFT_BA1-4-JustificationBook_Navy_PB_2013.zzz_unzipped-JustificationBook_Navy_PB_2013.xml","726c637195c83e4c0a7ae20346d13ed0b7692dc152694d77e984d871c4d21a8a","2-8758dbcbc02f54fbd976aa255f35b4c529b9e3bf1b1ca67f667f31d9950d81d6","0","","","","","","","","","","","","","","1075-ae137db0aaac9eba72677b75edac5045ed95087e93e7ff8bdcd466029081896c","root"
"G.F.E Engines T.L.","0","93.339","46.043","23.995","14.34","4","","","","","","","2013-BASE_PROCUREMENT-2013-NAVY_AIRCRAFT_BA1-4-JustificationBook_Navy_PB_2013.zzz_unzipped-JustificationBook_Navy_PB_2013.xml","1b6e4b702b24277efec88c4dfcfbc287d38c3d115d2ccf877dd9d7935349683e","0-8e74b8400de74fa716492fc0285474dd1ed26ca41b46f23d158847693281bac7","0","See End Item P5A","See End Item P5A","27","27","2013","See End Item P5A","2013-04","2013-04","0","0","2013-04","TBD","I think i","1077-0c4e9ae7da0c0ff46fd9f55a6e092e67a2449a76dd122f7de003dfef84d71bf5","root"
"CFE- Engines T. L","0","118.124","62.63","25.79","23.364","6","","","","","","","2013-BASE_PROCUREMENT-2013-NAVY_AIRCRAFT_BA1-4-JustificationBook_Navy_PB_2013.zzz_unzipped-JustificationBook_Navy_PB_2013.xml","e15cc253127a516a7fca2e9705906e3c1522561f68e61267472a1ae406c2db8f","0-e22ac2500932a758ac6a31179281348eef1e783b3c0d42e0d8c0e3b13df5a737","0","See End Item P5A","See End Item P5A","27","27","2013","See End Item P5A","2013-02","2013-02","0","0","2013-02","TBD","I think i","1079-e66aebaba685b943b8d1cf9c71c34132966eae5515d7118fc20a93f2db9afb61","root"
"GFE - Engines TL","0","8.281","","","0","0","","","","","","","2013-BASE_PROCUREMENT-2013-NAVY_AIRCRAFT_BA1-4-JustificationBook_Navy_PB_2013.zzz_unzipped-JustificationBook_Navy_PB_2013.xml","88900f9fefa8c2efa538b7df0981031e5954f9d461c6376f83fc0b897746a2a5","0-32ff968d011cfd82f3750d870c081d776b9da1986e48ec0c06b9de183273a868","0","","","","","","","","","","","","","","1081-cebd3079ba9fd6556edc1fa1f260912416b837fc3c838605336617faeb9bd89f","root"
"GFE Other","0","81.331","0.183","0.148","0.153","0","","","","","","","2013-BASE_PROCUREMENT-2013-NAVY_AIRCRAFT_BA1-4-JustificationBook_Navy_PB_2013.zzz_unzipped-JustificationBook_Navy_PB_2013.xml","88900f9fefa8c2efa538b7df0981031e5954f9d461c6376f83fc0b897746a2a5","1-a3f200d579e6ddd7a15490668ccd0846489b85b0bc61a91836e080ba16d1e609","0","See End Item P5A","See End Item P5A","27","27","2013","See End Item P5A","2015-03","2015-03","0","0","2015-03","TBD","I think i","1081-cebd3079ba9fd6556edc1fa1f260912416b837fc3c838605336617faeb9bd89f","root"
"CFE Com/Nav","0","11.466","3.977","2.014","2.654","0","","","","","","","2013-BASE_PROCUREMENT-2013-NAVY_AIRCRAFT_BA1-4-JustificationBook_Navy_PB_2013.zzz_unzipped-JustificationBook_Navy_PB_2013.xml","88900f9fefa8c2efa538b7df0981031e5954f9d461c6376f83fc0b897746a2a5","2-a09c218ce135f7bc6e51f16d88f4c36b0499ac324085b658b16d18e42c4aeb8e","0","See End Item P5A","See End Item P5A","29","29","2013","See End Item P5A","2015-05","2015-05","0","0","2015-05","TBD","I think i","1081-cebd3079ba9fd6556edc1fa1f260912416b837fc3c838605336617faeb9bd89f","root"
"GFE EW","0","12.796","4.149","2.533","2.916","0","","","","","","","2013-BASE_PROCUREMENT-2013-NAVY_AIRCRAFT_BA1-4-JustificationBook_Navy_PB_2013.zzz_unzipped-JustificationBook_Navy_PB_2013.xml","88900f9fefa8c2efa538b7df0981031e5954f9d461c6376f83fc0b897746a2a5","3-4678fa3aaea3e66cde0e5f58f0bfa9541c5b757221fed43362f3bc5dfc5f74c4","0","See End Item P5A","See End Item P5A","29","29","2013","See End Item P5A","2015-05","2015-05","0","0","2015-05","TBD","I think i","1081-cebd3079ba9fd6556edc1fa1f260912416b837fc3c838605336617faeb9bd89f","root"
"Engines T.L.","0","37.09","5.273","5.624","0","0","","","","","","","2013-BASE_PROCUREMENT-2013-NAVY_AIRCRAFT_BA7-MasterJustificationBook_Navy_PB_2013.zzz_unzipped-MasterJustificationBook_Navy_PB_2013.xml","fc4ad63a37f11443d049b6c774a2c3a61b497f69db08ea5c5de15e3106a0de6f","0-5f119207823e9ba1e75883cf2f9a43940c66f43746d31e7052f3f64c8f88980e","2","","","","","","","","","","","","","","1083-86942710a4715dbf9b1b5a4a406b58be4a7c3c212018a14cb0c770a88c272b0c","root"
"GFE Other","0","9.953","18.03","0.562","0","0","","","","","","","2013-BASE_PROCUREMENT-2013-NAVY_AIRCRAFT_BA7-MasterJustificationBook_Navy_PB_2013.zzz_unzipped-MasterJustificationBook_Navy_PB_2013.xml","fc4ad63a37f11443d049b6c774a2c3a61b497f69db08ea5c5de15e3106a0de6f","1-1f900a0083b944149cb7cca1f0ec84477b13990323967ada9bfe577a8397af9b","0","","","","","","","","","","","","","","1083-86942710a4715dbf9b1b5a4a406b58be4a7c3c212018a14cb0c770a88c272b0c","root"
"GFE - Engines T.L.","0","220.195","16.081","15.382","15.644","0","","","","","","","2013-BASE_PROCUREMENT-2013-NAVY_AIRCRAFT_BA7-MasterJustificationBook_Navy_PB_2013.zzz_unzipped-MasterJustificationBook_Navy_PB_2013.xml","52b39e0ba477b629fab29d59fdc36d8c3d0ab657f636c88f6789b1fdfc38a7cd","0-72f5b8628ff4c2f6b7f2f3d864ba5f88ea08cc343eb2519c253fe5f773e14c97","2","See End Item P5A","See End Item P5A","14","14","2013","See End Item P5A","2013-01","2013-01","0","0","2013-01","TBD","I think i","1087-1a3ddd7a1d2ad8847630471866dc4060efb1d14c1a8781a83506d25e6f1452aa","root"
"GFE - Cockpit","0","270.202","","","0","0","","","","","","","2013-BASE_PROCUREMENT-2013-NAVY_AIRCRAFT_BA7-MasterJustificationBook_Navy_PB_2013.zzz_unzipped-MasterJustificationBook_Navy_PB_2013.xml","52b39e0ba477b629fab29d59fdc36d8c3d0ab657f636c88f6789b1fdfc38a7cd","1-a010abf879ff1c2ccff01620f43f19b3567d70bb7be9be512ec48c306bd6f915","1","See End Item P5A","See End Item P5A","15","15","2013","See End Item P5A","2012-12","2012-12","0","0","2012-12","TBD","I think i","1087-1a3ddd7a1d2ad8847630471866dc4060efb1d14c1a8781a83506d25e6f1452aa","root"
"Cockpit For FY12 EOQ/Long Lead","0","","13.103","","0","0","","","","","","","2013-BASE_PROCUREMENT-2013-NAVY_AIRCRAFT_BA7-MasterJustificationBook_Navy_PB_2013.zzz_unzipped-MasterJustificationBook_Navy_PB_2013.xml","52b39e0ba477b629fab29d59fdc36d8c3d0ab657f636c88f6789b1fdfc38a7cd","2-5a5d726c8d133cf6dacd67fdeaac6d7cf5dd33e4c422f9f4e5f19b43180707ae","1","See End Item P5A","See End Item P5A","15","15","2013","See End Item P5A","2012-12","2012-12","0","0","2012-12","TBD","I think i","1087-1a3ddd7a1d2ad8847630471866dc4060efb1d14c1a8781a83506d25e6f1452aa","root"
"Cockpit for FY13 EOQ/Long Lead","0","","","13.154","0","0","","","","","","","2013-BASE_PROCUREMENT-2013-NAVY_AIRCRAFT_BA7-MasterJustificationBook_Navy_PB_2013.zzz_unzipped-MasterJustificationBook_Navy_PB_2013.xml","52b39e0ba477b629fab29d59fdc36d8c3d0ab657f636c88f6789b1fdfc38a7cd","3-8a7cc742860af8963737bb9a095f0beb5ab4182c7944ee303a82bb7790fe2f7e","1","See End Item P5A","See End Item P5A","15","15","2013","See End Item P5A","2012-12","2012-12","0","0","2012-12","TBD","I think i","1087-1a3ddd7a1d2ad8847630471866dc4060efb1d14c1a8781a83506d25e6f1452aa","root"
"Cockpit for FY14 EOQ/Long Lead","0","","","3.5","13.154","0","","","","","","","2013-BASE_PROCUREMENT-2013-NAVY_AIRCRAFT_BA7-MasterJustificationBook_Navy_PB_2013.zzz_unzipped-MasterJustificationBook_Navy_PB_2013.xml","52b39e0ba477b629fab29d59fdc36d8c3d0ab657f636c88f6789b1fdfc38a7cd","4-2c99dfc8c28c7d1e9f91fc7671d065b01d8cd3335035f44668137426a8492c6a","1","See End Item P5A","See End Item P5A","15","15","2013","See End Item P5A","2012-12","2012-12","0","0","2012-12","TBD","I think i","1087-1a3ddd7a1d2ad8847630471866dc4060efb1d14c1a8781a83506d25e6f1452aa","root"
"Cockpit for FY15 EOQ/Long Lead","0","","","2.25","1","0","","","","","","","2013-BASE_PROCUREMENT-2013-NAVY_AIRCRAFT_BA7-MasterJustificationBook_Navy_PB_2013.zzz_unzipped-MasterJustificationBook_Navy_PB_2013.xml","52b39e0ba477b629fab29d59fdc36d8c3d0ab657f636c88f6789b1fdfc38a7cd","5-f7a92c75fa9db955e5378110b06854db4f0d97ab0361a84366fa4c2f28b61ffd","1","See End Item P5A","See End Item P5A","15","15","2013","See End Item P5A","2012-12","2012-12","0","0","2012-12","TBD","I think i","1087-1a3ddd7a1d2ad8847630471866dc4060efb1d14c1a8781a83506d25e6f1452aa","root"
"A/C Misc Avn","0","102.907","13.915","12.513","14.109","0","","","","","","","2013-BASE_PROCUREMENT-2013-NAVY_AIRCRAFT_BA7-MasterJustificationBook_Navy_PB_2013.zzz_unzipped-MasterJustificationBook_Navy_PB_2013.xml","52b39e0ba477b629fab29d59fdc36d8c3d0ab657f636c88f6789b1fdfc38a7cd","6-1368e42ba84705d701d81b82386ffcecbb7f9ea2456ad7faf7f10f78e2de3275","0","","","","","","","","","","","","","","1087-1a3ddd7a1d2ad8847630471866dc4060efb1d14c1a8781a83506d25e6f1452aa","root"
"GFE Other","0","15.399","2.599","3.413","2.3","0","","","","","","","2013-BASE_PROCUREMENT-2013-NAVY_AIRCRAFT_BA7-MasterJustificationBook_Navy_PB_2013.zzz_unzipped-MasterJustificationBook_Navy_PB_2013.xml","6b43da5773fdddd6745e6a9177c3b5322c6d5d599a05e656a65c474843726605","0-f52e02ccd0e048cce827dfb8f53fab3baa28a8640face8e09a42cc0ff1d938e9","0","","","","","","","","","","","","","","1089-29f834d186c2f05b53ad6960a47ef943c892b1854053b43dd935cd6118b66a04","root"
"GFE Electronics","0","","","","0","0","","","","","","","2013-BASE_PROCUREMENT-2013-NAVY_AIRCRAFT_BA7-MasterJustificationBook_Navy_PB_2013.zzz_unzipped-MasterJustificationBook_Navy_PB_2013.xml","a239252c2db994d3d59f63231ca3c22a219233e70e30c14c66a0ba0cdfbe6d4f","0-59391ae837f6c407b7283d2cfd44efd738411fe7a2fabe389e46ccf8bdfe0b15","0","","","","","","","","","","","","","","1091-9c89245a727848b397c33ab80dbe8d0eb8b7d2e463a1024c65eaf2f77551dfc9","root"
"GFE Other","0","","","","0","0","","","","","","","2013-BASE_PROCUREMENT-2013-NAVY_AIRCRAFT_BA7-MasterJustificationBook_Navy_PB_2013.zzz_unzipped-MasterJustificationBook_Navy_PB_2013.xml","a239252c2db994d3d59f63231ca3c22a219233e70e30c14c66a0ba0cdfbe6d4f","1-082b0826e44e0692706865aaf299d67bdeda5907b23f08dd09c212decf33e3d3","0","","","","","","","","","","","","","","1091-9c89245a727848b397c33ab80dbe8d0eb8b7d2e463a1024c65eaf2f77551dfc9","root"
"Other GFE","0","32.177","","","0","0","","","","","","","2013-BASE_PROCUREMENT-2013-NAVY_AIRCRAFT_BA7-MasterJustificationBook_Navy_PB_2013.zzz_unzipped-MasterJustificationBook_Navy_PB_2013.xml","f574b404c7e4bb0b9eaa9bd06310ba954fd8383396e28c51365d22c8228792d8","0-ca44dc243c05b339bf8d324d2b7af1388db0678a4d9a8afd35785ad6d86f9a62","1","","","","","","","","","","","","","","1093-46a6d6629b4b18bda0eca261d79b8d26671323eba7d2c091e221d412a6dbc8c2","root"
"JTIDS","0","16.955","","","0","0","","","","","","","2013-BASE_PROCUREMENT-2013-NAVY_AIRCRAFT_BA7-MasterJustificationBook_Navy_PB_2013.zzz_unzipped-MasterJustificationBook_Navy_PB_2013.xml","f574b404c7e4bb0b9eaa9bd06310ba954fd8383396e28c51365d22c8228792d8","1-03a06fd6b0d22f9ea2d273029d6b2527c421d36a157efef7f979139d4a09e4a6","1","","","","","","","","","","","","","","1093-46a6d6629b4b18bda0eca261d79b8d26671323eba7d2c091e221d412a6dbc8c2","root"
"Engines","0","14.9","","","0","0","","","","","","","2013-BASE_PROCUREMENT-2013-NAVY_AIRCRAFT_BA7-MasterJustificationBook_Navy_PB_2013.zzz_unzipped-MasterJustificationBook_Navy_PB_2013.xml","f574b404c7e4bb0b9eaa9bd06310ba954fd8383396e28c51365d22c8228792d8","2-3aee6b12facd1f48c76ba408bd0f441f12a07a0a9d4718adfc54937fd7bf5ffd","1","","","","","","","","","","","","","","1093-46a6d6629b4b18bda0eca261d79b8d26671323eba7d2c091e221d412a6dbc8c2","root"
"GFE Electronics","0","18.946","","","2.396","0","","","","","","","2013-BASE_PROCUREMENT-2013-NAVY_AIRCRAFT_BA7-MasterJustificationBook_Navy_PB_2013.zzz_unzipped-MasterJustificationBook_Navy_PB_2013.xml","19b818fa742a194bd563aa5faa6e5e005c270142ae3622837df452b09ef21fd9","0-63d6dae902c31101fb8ba4623fa0bcade73b55784182cf9fa2bc0a44d17ec569","0","See End Item P5A","See End Item P5A","20","20","2013","See End Item P5A","2014-07","2014-07","0","0","2014-07","TBD","I think i","1098-fc6e994bf49dc7f44f5bfd661ac3738104b532a514b8d4ae16613617eff49ba6","root"
"GFE Other","0","1.953","","","0.599","0","","","","","","","2013-BASE_PROCUREMENT-2013-NAVY_AIRCRAFT_BA7-MasterJustificationBook_Navy_PB_2013.zzz_unzipped-MasterJustificationBook_Navy_PB_2013.xml","19b818fa742a194bd563aa5faa6e5e005c270142ae3622837df452b09ef21fd9","1-137f5cb018b69dd25bcf69d05a157f7c2307961b38e3b38b1b402aa303329217","0","See End Item P5A","See End Item P5A","20","20","2013","See End Item P5A","2014-07","2014-07","0","0","2014-07","TBD","I think i","1098-fc6e994bf49dc7f44f5bfd661ac3738104b532a514b8d4ae16613617eff49ba6","root"
"GFE - Engines T.L.","0","","","","0","0","","","","","","","2013-BASE_PROCUREMENT-2013-NAVY_AIRCRAFT_BA7-MasterJustificationBook_Navy_PB_2013.zzz_unzipped-MasterJustificationBook_Navy_PB_2013.xml","a2cf9a9f7e41de0e4e8e70c616aab683dbff4c199053caf8b648f74fa8d86680","0-579b7e8646cb8e4f323f587fc221cf25d594a9b23a709d23818b04255131b1e6","0","","","","","","","","","","","","","","1099-41ef3aa16a0f4c1ed58041c9b4ea8ce396b7d7d6c8afd7279675b7e985ad8fd9","root"
"GFE Electronics","0","","","","0","0","","","","","","","2013-BASE_PROCUREMENT-2013-NAVY_AIRCRAFT_BA7-MasterJustificationBook_Navy_PB_2013.zzz_unzipped-MasterJustificationBook_Navy_PB_2013.xml","a2cf9a9f7e41de0e4e8e70c616aab683dbff4c199053caf8b648f74fa8d86680","1-e9ed55d897c826e187fe4b8eb45e2a075041ffbc8896cfe4915d75ff83a22b94","0","","","","","","","","","","","","","","1099-41ef3aa16a0f4c1ed58041c9b4ea8ce396b7d7d6c8afd7279675b7e985ad8fd9","root"
"GFE Other","0","","","","0","0","","","","","","","2013-BASE_PROCUREMENT-2013-NAVY_AIRCRAFT_BA7-MasterJustificationBook_Navy_PB_2013.zzz_unzipped-MasterJustificationBook_Navy_PB_2013.xml","a2cf9a9f7e41de0e4e8e70c616aab683dbff4c199053caf8b648f74fa8d86680","2-205d4dc8d2cba6b22d02b77500d4cfc134272297440c75e93d73ac702a639826","0","","","","","","","","","","","","","","1099-41ef3aa16a0f4c1ed58041c9b4ea8ce396b7d7d6c8afd7279675b7e985ad8fd9","root"
"Engines T.L.","0","276.733","0.232","13","6.1","0","","","","","","","2013-BASE_PROCUREMENT-2013-NAVY_AIRCRAFT_BA7-MasterJustificationBook_Navy_PB_2013.zzz_unzipped-MasterJustificationBook_Navy_PB_2013.xml","e21141c5bdc26da71ac5ea984451900c0d04cdb459ada4454fef17e3e0d037e3","0-4609afd710ff85cefa6609627933bb557ec285a52635eb6032c0ca94f5da0770","2","","","","","","","","","","","","","","1102-32b5768ae05b3bc7ecb06c1b7a7ad376ae67a2b263e13eb63692164cf031df48","root"
"ALE-50 IMPLC","0","19.15","","","0","0","","","","","","","2013-BASE_PROCUREMENT-2013-NAVY_AIRCRAFT_BA7-MasterJustificationBook_Navy_PB_2013.zzz_unzipped-MasterJustificationBook_Navy_PB_2013.xml","e21141c5bdc26da71ac5ea984451900c0d04cdb459ada4454fef17e3e0d037e3","1-df38e733b12a2d6a26202c9b078209a0c7f56437539aa7e8a8b5f476e1339dae","0","","","","","","","","","","","","","","1102-32b5768ae05b3bc7ecb06c1b7a7ad376ae67a2b263e13eb63692164cf031df48","root"
"GFE Other","0","23.534","1.147","1.262","0.596","0","","","","","","","2013-BASE_PROCUREMENT-2013-NAVY_AIRCRAFT_BA7-MasterJustificationBook_Navy_PB_2013.zzz_unzipped-MasterJustificationBook_Navy_PB_2013.xml","e21141c5bdc26da71ac5ea984451900c0d04cdb459ada4454fef17e3e0d037e3","2-24f2119c4c633609d91552f1ce5d81d8c638b3f058ceeeb16ab566b76edf7e8e","0","","","","","","","","","","","","","","1102-32b5768ae05b3bc7ecb06c1b7a7ad376ae67a2b263e13eb63692164cf031df48","root"
"G.F.E Engines T.L.","0","93.339","46.043","23.995","14.34","4","","","","","","","2013-BASE_PROCUREMENT-2013-NAVY_AIRCRAFT_BA7-MasterJustificationBook_Navy_PB_2013.zzz_unzipped-MasterJustificationBook_Navy_PB_2013.xml","6be8c1ba8081b3684a551a7ebb51417b1707dd863e3e39ea0bab2286adf1d1a8","0-9f24912e29c79690ef86803df13772a764ffd1287a345b1dd7493af9073ed19c","0","See End Item P5A","See End Item P5A","27","27","2013","See End Item P5A","2013-04","2013-04","0","0","2013-04","TBD","I think i","1104-0b5b401e62f070705696395127307617ed578c2a6b5979884a32248efa925a78","root"
"CFE- Engines T. L","0","118.124","62.63","25.79","23.364","6","","","","","","","2013-BASE_PROCUREMENT-2013-NAVY_AIRCRAFT_BA7-MasterJustificationBook_Navy_PB_2013.zzz_unzipped-MasterJustificationBook_Navy_PB_2013.xml","57b7e75a2b5cb2d490ce2912a42672afdb440d0c4fc34c245fb92baa86ce8db1","0-4bf167ec0f9f99170f75bffc6e90ab5250ca28023f731aa07b39c17e0196a1cd","0","See End Item P5A","See End Item P5A","27","27","2013","See End Item P5A","2013-02","2013-02","0","0","2013-02","TBD","I think i","1106-e3586c21bfbc2b01847b0d5a2d4861134e4958be7d38952afff20a1ae28df03e","root"
"GFE - Engines TL","0","8.281","","","0","0","","","","","","","2013-BASE_PROCUREMENT-2013-NAVY_AIRCRAFT_BA7-MasterJustificationBook_Navy_PB_2013.zzz_unzipped-MasterJustificationBook_Navy_PB_2013.xml","7597bbdd4d25ec92c5844fecacfdaaaa10c12e15befbde6f7b81db23360e002e","0-82fbb41f44ff19574b547496453982fe86e483b194bf7c4121218bee77e14ce6","0","","","","","","","","","","","","","","1108-c9856b0a72e1b06fdf79b9b5dcb55443b807ec5c5a2aa02dc8f86cb9a963d059","root"
"GFE Other","0","81.331","0.183","0.148","0.153","0","","","","","","","2013-BASE_PROCUREMENT-2013-NAVY_AIRCRAFT_BA7-MasterJustificationBook_Navy_PB_2013.zzz_unzipped-MasterJustificationBook_Navy_PB_2013.xml","7597bbdd4d25ec92c5844fecacfdaaaa10c12e15befbde6f7b81db23360e002e","1-fc71ac99ccb8a2fd71061f9e2e0edf3798c7b9e64d3fdaf6bd3c160b8097d3f4","0","See End Item P5A","See End Item P5A","27","27","2013","See End Item P5A","2015-03","2015-03","0","0","2015-03","TBD","I think i","1108-c9856b0a72e1b06fdf79b9b5dcb55443b807ec5c5a2aa02dc8f86cb9a963d059","root"
"CFE Com/Nav","0","11.466","3.977","2.014","2.654","0","","","","","","","2013-BASE_PROCUREMENT-2013-NAVY_AIRCRAFT_BA7-MasterJustificationBook_Navy_PB_2013.zzz_unzipped-MasterJustificationBook_Navy_PB_2013.xml","7597bbdd4d25ec92c5844fecacfdaaaa10c12e15befbde6f7b81db23360e002e","2-0e1d034accf2a4763f8012d84550164bd787e8f5fa84bf4433743ed2217210b1","0","See End Item P5A","See End Item P5A","29","29","2013","See End Item P5A","2015-05","2015-05","0","0","2015-05","TBD","I think i","1108-c9856b0a72e1b06fdf79b9b5dcb55443b807ec5c5a2aa02dc8f86cb9a963d059","root"
"GFE EW","0","12.796","4.149","2.533","2.916","0","","","","","","","2013-BASE_PROCUREMENT-2013-NAVY_AIRCRAFT_BA7-MasterJustificationBook_Navy_PB_2013.zzz_unzipped-MasterJustificationBook_Navy_PB_2013.xml","7597bbdd4d25ec92c5844fecacfdaaaa10c12e15befbde6f7b81db23360e002e","3-4c3a48290bc9fac131df54647b516108ddafd8351557756cb3bdbb226fdc928c","0","See End Item P5A","See End Item P5A","29","29","2013","See End Item P5A","2015-05","2015-05","0","0","2015-05","TBD","I think i","1108-c9856b0a72e1b06fdf79b9b5dcb55443b807ec5c5a2aa02dc8f86cb9a963d059","root"
"Other Government Furnished Equipment ()","12","12.624","0","0","0","","0","0","0","0","0","12.624","2014-BASE_PROCUREMENT-2014-AIRFORCE_AIRCRAFT_VOL1-PROCUREMENT_JustificationBook_Air_Force_PB_2014.zzz_unzipped-PROCUREMENT_JustificationBook_Air_Force_PB_2014.xml","87fe378a0d0a4ac2bd7f5599a847577c8b84352d788084ef2c6af33bc809e3d3","0-7d840c718894608e7092f7725dd167f90ddf81eb61b8193706ae7a76e5d26df9","","","","","","","","","","","","","","","1753-b64556deda4c19bef3038094dedaa76444da5fab00e397341158952eae4ea5e9","root"
"Other Government Furnished Equipment ()","12","12.624","0","0","0","","0","0","0","0","0","12.624","2014-BASE_PROCUREMENT-2014-AIRFORCE_AIRCRAFT_VOL2-PROCUREMENT_MasterJustificationBook_Air_Force_PB_2014.zzz_unzipped-PROCUREMENT_MasterJustificationBook_Air_Force_PB_2014.xml","488edd08a4134d4ef47f67932aa0e770dd42909fc6ec080a1be4113faa890508","0-f761a3019f00332c7aa7937b747a7ba4f4ab320ae1d2b1de409fee013449d11b","","","","","","","","","","","","","","","1800-e71aad2cc91b995511405e1be53bce5d4edf6c34d8d1189fd021b9828c0a9c9d","root"
"Other Government Furnished Equipment ()","12","12.624","0","0","0","","0","0","0","0","0","12.624","2014-BASE_PROCUREMENT-2014-AIRFORCE_AIRCRAFT_VOL1-PROCUREMENT_MasterJustificationBook_Air_Force_PB_2014.zzz_unzipped-PROCUREMENT_MasterJustificationBook_Air_Force_PB_2014.xml","9de913aeb6567c0d4534e57110f9dda8f4ab9f2890ebec10995f16b0056b8d4a","0-6b605e290a385c9d2c3154a0d5bd771b64a08931fbde3e7dfe9be51bea156e66","","","","","","","","","","","","","","","1847-391ad63e5b68a7e7d3b98dfc09c593564c8bdde14f31a7d9a3d256125992707e","root"
"Engines T.L.","0","42.363","5.367","","0","0","","","","","","","2014-BASE_PROCUREMENT-2014-NAVY_AIRCRAFT_BA1-4-PROCUREMENT_JustificationBook_Navy_PB_2014.zzz_unzipped-PROCUREMENT_JustificationBook_Navy_PB_2014.xml","59eb071a2b8c27825df619eb2437ee7c5c84f3ba541674a32571545b2cf94550","0-75d35563798417baa87f1539d60ba6c9b3b49023e114fc0c97c7b71fea36347a","2","See End Item P5A","See End Item P5A","24","24","2013","See End Item P5A","0001-01","0001-01","0","0","0001-01","TBD","I think i","2720-52c16489841342f8773dcefe5491a6ffa989548b3a7834e4d479c8cc3305fa1e","root"
"GFE Other","0","27.983","0.299","","0","0","","","","","","","2014-BASE_PROCUREMENT-2014-NAVY_AIRCRAFT_BA1-4-PROCUREMENT_JustificationBook_Navy_PB_2014.zzz_unzipped-PROCUREMENT_JustificationBook_Navy_PB_2014.xml","59eb071a2b8c27825df619eb2437ee7c5c84f3ba541674a32571545b2cf94550","1-2d1797bdd3a087082f23701e3450e6436af54a5d1b195cf47ea070e76a675b46","0","See End Item P5A","See End Item P5A","0","0","2013","See End Item P5A","0001-01","0001-01","0","0","0001-01","TBD","I think i","2720-52c16489841342f8773dcefe5491a6ffa989548b3a7834e4d479c8cc3305fa1e","root"
"GFE - Engines T.L.","0","236.277","17.326","16.872","12.727","0","","","","","","","2014-BASE_PROCUREMENT-2014-NAVY_AIRCRAFT_BA1-4-PROCUREMENT_JustificationBook_Navy_PB_2014.zzz_unzipped-PROCUREMENT_JustificationBook_Navy_PB_2014.xml","d9f1e0fb0d1c8f37f7cf1fb8789cbe4e3f3cf2139c15aa9e23860a1278ea6cc4","0-f04ef3b137a0920de558ebf4bea9894e3d801a344cfbbc562d731b7d4de4be03","2","See End Item P5A","See End Item P5A","14","14","2013","See End Item P5A","2014-01","2014-01","0","0","2014-01","TBD","I think i","2724-f48135a85e0a8ac07155fb74ec883d1905f2ef5c2c03796017347307b71b0933","root"
"GFE - Cockpit","0","270.202","","","0","0","","","","","","","2014-BASE_PROCUREMENT-2014-NAVY_AIRCRAFT_BA1-4-PROCUREMENT_JustificationBook_Navy_PB_2014.zzz_unzipped-PROCUREMENT_JustificationBook_Navy_PB_2014.xml","d9f1e0fb0d1c8f37f7cf1fb8789cbe4e3f3cf2139c15aa9e23860a1278ea6cc4","1-d4503f8cbf98522c107a397a94e498a815c42792e28d6215ea4d728043a0e2ce","1","See End Item P5A","See End Item P5A","15","15","2013","See End Item P5A","2013-12","2013-12","0","0","2013-12","TBD","I think i","2724-f48135a85e0a8ac07155fb74ec883d1905f2ef5c2c03796017347307b71b0933","root"
"Cockpit For FY12 EOQ/Long Lead","0","17.911","","","0","0","","","","","","","2014-BASE_PROCUREMENT-2014-NAVY_AIRCRAFT_BA1-4-PROCUREMENT_JustificationBook_Navy_PB_2014.zzz_unzipped-PROCUREMENT_JustificationBook_Navy_PB_2014.xml","d9f1e0fb0d1c8f37f7cf1fb8789cbe4e3f3cf2139c15aa9e23860a1278ea6cc4","2-8c70f6e29a5252155eef660290b809f95ab49c30c5008e5474623ae72cdd314d","1","See End Item P5A","See End Item P5A","15","15","2013","See End Item P5A","2013-12","2013-12","0","0","2013-12","TBD","I think i","2724-f48135a85e0a8ac07155fb74ec883d1905f2ef5c2c03796017347307b71b0933","root"
"Cockpit for FY13 EOQ/Long Lead","0","","13.2","","0","0","","","","","","","2014-BASE_PROCUREMENT-2014-NAVY_AIRCRAFT_BA1-4-PROCUREMENT_JustificationBook_Navy_PB_2014.zzz_unzipped-PROCUREMENT_JustificationBook_Navy_PB_2014.xml","d9f1e0fb0d1c8f37f7cf1fb8789cbe4e3f3cf2139c15aa9e23860a1278ea6cc4","3-eaf28614defb23e29bd35cf37e9335c59022f3842f50a8bf2d3212972f62bd77","1","See End Item P5A","See End Item P5A","15","15","2013","See End Item P5A","2013-12","2013-12","0","0","2013-12","TBD","I think i","2724-f48135a85e0a8ac07155fb74ec883d1905f2ef5c2c03796017347307b71b0933","root"
"Cockpit for FY14 EOQ/Long Lead","0","","3.5","11.925","0","0","","","","","","","2014-BASE_PROCUREMENT-2014-NAVY_AIRCRAFT_BA1-4-PROCUREMENT_JustificationBook_Navy_PB_2014.zzz_unzipped-PROCUREMENT_JustificationBook_Navy_PB_2014.xml","d9f1e0fb0d1c8f37f7cf1fb8789cbe4e3f3cf2139c15aa9e23860a1278ea6cc4","4-41eaf54c5c84f88f19e95e52ffca9d07d3357891ca7acac1a5e406941cfd36b4","1","See End Item P5A","See End Item P5A","15","15","2013","See End Item P5A","2012-12","2012-12","0","0","2012-12","TBD","I think i","2724-f48135a85e0a8ac07155fb74ec883d1905f2ef5c2c03796017347307b71b0933","root"
"Cockpit for FY15 EOQ/Long Lead","0","","2.25","1","5.3","0","","","","","","","2014-BASE_PROCUREMENT-2014-NAVY_AIRCRAFT_BA1-4-PROCUREMENT_JustificationBook_Navy_PB_2014.zzz_unzipped-PROCUREMENT_JustificationBook_Navy_PB_2014.xml","d9f1e0fb0d1c8f37f7cf1fb8789cbe4e3f3cf2139c15aa9e23860a1278ea6cc4","5-bcd964c4430270f41e6d027e509bf41d41bebbfbbe1a9ce2415bd5c6d7becacf","1","See End Item P5A","See End Item P5A","15","15","2013","See End Item P5A","2013-12","2013-12","0","0","2013-12","TBD","I think i","2724-f48135a85e0a8ac07155fb74ec883d1905f2ef5c2c03796017347307b71b0933","root"
"A/C Misc Avionics","0","116.763","14.426","14.11","8.094","0","","","","","","","2014-BASE_PROCUREMENT-2014-NAVY_AIRCRAFT_BA1-4-PROCUREMENT_JustificationBook_Navy_PB_2014.zzz_unzipped-PROCUREMENT_JustificationBook_Navy_PB_2014.xml","d9f1e0fb0d1c8f37f7cf1fb8789cbe4e3f3cf2139c15aa9e23860a1278ea6cc4","6-c4c8038a5a34af5d8f9c7ecf88272fd372b1faf46777f39b6d917c7e3360f983","0","See End Item P5A","See End Item P5A","0","0","2013","See End Item P5A","0001-01","0001-01","0","0","0001-01","TBD","I think i","2724-f48135a85e0a8ac07155fb74ec883d1905f2ef5c2c03796017347307b71b0933","root"
"GFE Other","0","17.047","3.119","2.958","4.581","0","","","","","","","2014-BASE_PROCUREMENT-2014-NAVY_AIRCRAFT_BA1-4-PROCUREMENT_JustificationBook_Navy_PB_2014.zzz_unzipped-PROCUREMENT_JustificationBook_Navy_PB_2014.xml","fca80c4a5bf23e192e9420dded4f49a1b46495e610d6495e88d6fe525d380853","0-99330ff6b94901d0c7160b42dc17f37d7dd44026fa15c11a4ae75087325017df","0","See End Item P5A","See End Item P5A","0","0","2013","See End Item P5A","0001-01","0001-01","0","0","0001-01","TBD","I think i","2726-c6f74dadf800042a548aaa757d5bb66689b9c75e43eda6c632498c12be66a93e","root"
"MYP Savings","0","","","22.76","0","0","","","","","","","2014-BASE_PROCUREMENT-2014-NAVY_AIRCRAFT_BA1-4-PROCUREMENT_JustificationBook_Navy_PB_2014.zzz_unzipped-PROCUREMENT_JustificationBook_Navy_PB_2014.xml","fca80c4a5bf23e192e9420dded4f49a1b46495e610d6495e88d6fe525d380853","1-fa55a2ec298af6d483133e607b49d84ae7c3311c3542912e0096020053690416","0","See End Item P5A","See End Item P5A","0","0","2013","See End Item P5A","0001-01","0001-01","0","0","0001-01","TBD","I think i","2726-c6f74dadf800042a548aaa757d5bb66689b9c75e43eda6c632498c12be66a93e","root"
"GFE Electronics","0","","","","0","0","","","","","","","2014-BASE_PROCUREMENT-2014-NAVY_AIRCRAFT_BA1-4-PROCUREMENT_JustificationBook_Navy_PB_2014.zzz_unzipped-PROCUREMENT_JustificationBook_Navy_PB_2014.xml","9153159fe86babf2338e4b160b0225ad806515ca1ccc0dbf362bf9b5e04bfffb","0-e77cd7d0260e8e6603591174fcd7ee37465aa86727c8146e21fb044ff043f60a","0","See End Item P5A","See End Item P5A","0","0","2013","See End Item P5A","0001-01","0001-01","0","0","0001-01","TBD","I think i","2728-ff3d0eec66ee3f274202cab0efa6a8275fc1b34b72f694f5ca58815e4e054aa9","root"
"GFE Other","0","","","","0","0","","","","","","","2014-BASE_PROCUREMENT-2014-NAVY_AIRCRAFT_BA1-4-PROCUREMENT_JustificationBook_Navy_PB_2014.zzz_unzipped-PROCUREMENT_JustificationBook_Navy_PB_2014.xml","9153159fe86babf2338e4b160b0225ad806515ca1ccc0dbf362bf9b5e04bfffb","1-397ae33e50f426de4ef2fbd0fbfd49a2fc9c08a57325326f3da8bdbadce81018","0","See End Item P5A","See End Item P5A","0","0","2013","See End Item P5A","0001-01","0001-01","0","0","0001-01","TBD","I think i","2728-ff3d0eec66ee3f274202cab0efa6a8275fc1b34b72f694f5ca58815e4e054aa9","root"
"Other GFE","0","32.177","","","0","0","","","","","","","2014-BASE_PROCUREMENT-2014-NAVY_AIRCRAFT_BA1-4-PROCUREMENT_JustificationBook_Navy_PB_2014.zzz_unzipped-PROCUREMENT_JustificationBook_Navy_PB_2014.xml","0665cc0483394d06f3f23a211d09a0bac88f7a74f6e6df002dd9f2bcbf15f4e0","0-f3ebac879190e46b7fe04b06ef656e5a5b1daaef9d7bf4544b141dab57538a69","1","See End Item P5A","See End Item P5A","36","36","2013","See End Item P5A","0001-01","0001-01","0","0","0001-01","TBD","I think i","2730-270156b18c5bd74533d5a50004ed3089206adb81455ef0208b7e03e5c93ad180","root"
"JTIDS","0","16.955","","","0","0","","","","","","","2014-BASE_PROCUREMENT-2014-NAVY_AIRCRAFT_BA1-4-PROCUREMENT_JustificationBook_Navy_PB_2014.zzz_unzipped-PROCUREMENT_JustificationBook_Navy_PB_2014.xml","0665cc0483394d06f3f23a211d09a0bac88f7a74f6e6df002dd9f2bcbf15f4e0","1-b4f6c7923fb134c745da704fbb89cf6e3bcc14265401a069c6acde4c8ffb9408","1","See End Item P5A","See End Item P5A","36","36","2013","See End Item P5A","0001-01","0001-01","0","0","0001-01","TBD","I think i","2730-270156b18c5bd74533d5a50004ed3089206adb81455ef0208b7e03e5c93ad180","root"
"Engines","0","14.9","","","0","0","","","","","","","2014-BASE_PROCUREMENT-2014-NAVY_AIRCRAFT_BA1-4-PROCUREMENT_JustificationBook_Navy_PB_2014.zzz_unzipped-PROCUREMENT_JustificationBook_Navy_PB_2014.xml","0665cc0483394d06f3f23a211d09a0bac88f7a74f6e6df002dd9f2bcbf15f4e0","2-699fd46483d906104e3c9779157f11a61c70e735d89506014b5b7596000b337f","1","See End Item P5A","See End Item P5A","39","39","2013","See End Item P5A","0001-01","0001-01","0","0","0001-01","TBD","I think i","2730-270156b18c5bd74533d5a50004ed3089206adb81455ef0208b7e03e5c93ad180","root"
"GFE Electronics","0","18.946","","2.396","1.804","1","","","","","","","2014-BASE_PROCUREMENT-2014-NAVY_AIRCRAFT_BA1-4-PROCUREMENT_JustificationBook_Navy_PB_2014.zzz_unzipped-PROCUREMENT_JustificationBook_Navy_PB_2014.xml","2ca0b177ff5773179adc68e99a8aa14d5082a81544df1d5d478b6a1901815e1a","0-fb74a1ec90a54142b3651109cd778d02650e9408e51ea52afc733b5d479df1bb","0","See End Item P5A","See End Item P5A","20","20","2013","See End Item P5A","2014-07","2014-07","0","0","2014-07","TBD","I think i","2734-e1371d2781461540f7c74f00fadcbf7401b1a95261124dd21c2a281fe732bccc","root"
"GFE Other","0","1.953","","0.599","0.084","2","","","","","","","2014-BASE_PROCUREMENT-2014-NAVY_AIRCRAFT_BA1-4-PROCUREMENT_JustificationBook_Navy_PB_2014.zzz_unzipped-PROCUREMENT_JustificationBook_Navy_PB_2014.xml","2ca0b177ff5773179adc68e99a8aa14d5082a81544df1d5d478b6a1901815e1a","1-93f8a7f13c34bd5e0bee668b00355a28ecad205cae81caa223d7515d3c236db0","0","See End Item P5A","See End Item P5A","20","20","2013","See End Item P5A","2014-07","2014-07","0","0","2014-07","TBD","I think i","2734-e1371d2781461540f7c74f00fadcbf7401b1a95261124dd21c2a281fe732bccc","root"
"GFE - Engines T.L.","0","","","","0","0","","","","","","","2014-BASE_PROCUREMENT-2014-NAVY_AIRCRAFT_BA1-4-PROCUREMENT_JustificationBook_Navy_PB_2014.zzz_unzipped-PROCUREMENT_JustificationBook_Navy_PB_2014.xml","64929e2f3b423b633d4163e755851b1fd905e7aae3c16591258a0272ed89fca7","0-1be58a1da6324addeb0e0830fd6045dded0a6d48506d43c7e8a31d2081ec441f","0","See End Item P5A","See End Item P5A","0","0","2013","See End Item P5A","0001-01","0001-01","0","0","0001-01","TBD","I think i","2736-ffa7690af80a556a4766a497f5b6d5b738bcfb3083923c7159d61c76787e0735","root"
"GFE Electronics","0","","","","0","0","","","","","","","2014-BASE_PROCUREMENT-2014-NAVY_AIRCRAFT_BA1-4-PROCUREMENT_JustificationBook_Navy_PB_2014.zzz_unzipped-PROCUREMENT_JustificationBook_Navy_PB_2014.xml","64929e2f3b423b633d4163e755851b1fd905e7aae3c16591258a0272ed89fca7","1-24ec4042c6dc34c59628f6409fcc2a66aa7e0cbe0200d86b8b523496cfa30d14","0","See End Item P5A","See End Item P5A","0","0","2013","See End Item P5A","0001-01","0001-01","0","0","0001-01","TBD","I think i","2736-ffa7690af80a556a4766a497f5b6d5b738bcfb3083923c7159d61c76787e0735","root"
"GFE Other","0","","","","0","0","","","","","","","2014-BASE_PROCUREMENT-2014-NAVY_AIRCRAFT_BA1-4-PROCUREMENT_JustificationBook_Navy_PB_2014.zzz_unzipped-PROCUREMENT_JustificationBook_Navy_PB_2014.xml","64929e2f3b423b633d4163e755851b1fd905e7aae3c16591258a0272ed89fca7","2-c84bd39a1ce0b963487ee9e95eae6a2de5cb5ec04a56de630eb296212fc6b20e","0","See End Item P5A","See End Item P5A","0","0","2013","See End Item P5A","0001-01","0001-01","0","0","0001-01","TBD","I think i","2736-ffa7690af80a556a4766a497f5b6d5b738bcfb3083923c7159d61c76787e0735","root"
"Engines T.L.","0","276.965","12.075","2.381","0","0","","","","","","","2014-BASE_PROCUREMENT-2014-NAVY_AIRCRAFT_BA1-4-PROCUREMENT_JustificationBook_Navy_PB_2014.zzz_unzipped-PROCUREMENT_JustificationBook_Navy_PB_2014.xml","049cb91018f89e9c503e94cc8bbd5cb09e1075dae1b2910caf7d2d2f90fe1cc2","0-d26546e62d0157181985ee001b85cdda25be74b624ebc7c8a95dec436fe1dd96","2","See End Item P5A","See End Item P5A","24","24","2013","See End Item P5A","0001-01","0001-01","0","0","0001-01","TBD","I think i","2740-619bff1c0e79c49ecbe0b4aafcb765b608e92016e0cc9a171f0d430c30598380","root"
"ALE-50 IMPLC","0","19.15","","","0","0","","","","","","","2014-BASE_PROCUREMENT-2014-NAVY_AIRCRAFT_BA1-4-PROCUREMENT_JustificationBook_Navy_PB_2014.zzz_unzipped-PROCUREMENT_JustificationBook_Navy_PB_2014.xml","049cb91018f89e9c503e94cc8bbd5cb09e1075dae1b2910caf7d2d2f90fe1cc2","1-175551c110e033c1974374e6846e6bcdd929e1c9dd7661c4c68162a513b2b1a7","0","See End Item P5A","See End Item P5A","0","0","2013","See End Item P5A","0001-01","0001-01","0","0","0001-01","TBD","I think i","2740-619bff1c0e79c49ecbe0b4aafcb765b608e92016e0cc9a171f0d430c30598380","root"
"GFE Other","0","24.681","0.673","0.128","0","0","","","","","","","2014-BASE_PROCUREMENT-2014-NAVY_AIRCRAFT_BA1-4-PROCUREMENT_JustificationBook_Navy_PB_2014.zzz_unzipped-PROCUREMENT_JustificationBook_Navy_PB_2014.xml","049cb91018f89e9c503e94cc8bbd5cb09e1075dae1b2910caf7d2d2f90fe1cc2","2-618929bff916edb5b220c0a6a9bc2778b56a75cf748a76cfd47f208ec32781d3","0","See End Item P5A","See End Item P5A","0","0","2013","See End Item P5A","0001-01","0001-01","0","0","0001-01","TBD","I think i","2740-619bff1c0e79c49ecbe0b4aafcb765b608e92016e0cc9a171f0d430c30598380","root"
"G.F.E Engines T.L.","0","139.382","23.995","5.866","9.477","4","","","","","","","2014-BASE_PROCUREMENT-2014-NAVY_AIRCRAFT_BA1-4-PROCUREMENT_JustificationBook_Navy_PB_2014.zzz_unzipped-PROCUREMENT_JustificationBook_Navy_PB_2014.xml","f49d6e455d4d07bc582f76515e80682a468b3173944aca0167c23cde3c9c266d","0-4e835a3b8155a43794d96c4ee24bf2086ee45942f2ae7c7e27f9330b1d9f5558","1","See End Item P5A","See End Item P5A","29","29","2013","See End Item P5A","2013-03","2013-03","0","0","2013-03","TBD","I think i","2742-b0433fa402f4bd350780612bdf35783ebeb1b9bb468baee2138aab7742c9b4a4","root"
"CFE- Engines T. L","0","180.754","25.79","21.24","20.639","6","","","","","","","2014-BASE_PROCUREMENT-2014-NAVY_AIRCRAFT_BA1-4-PROCUREMENT_JustificationBook_Navy_PB_2014.zzz_unzipped-PROCUREMENT_JustificationBook_Navy_PB_2014.xml","c580d71111988ee8091a7769091dbf3b7f66dcdd6bb7f463ae21ffa990ebfa68","0-4e14462f245783b483c9d6ba79e5013f49ae509b51dfd88b6ff2db4a08106b92","1","See End Item P5A","See End Item P5A","27","27","2013","See End Item P5A","2013-02","2013-02","0","0","2013-02","TBD","I think i","2744-0bea92b3e11de347e71095760afc62dec2f8bca83351e11e3151805c95603212","root"
"GFE Other","0","85.578","0.148","0.154","0.148","0","","","","","","","2014-BASE_PROCUREMENT-2014-NAVY_AIRCRAFT_BA1-4-PROCUREMENT_JustificationBook_Navy_PB_2014.zzz_unzipped-PROCUREMENT_JustificationBook_Navy_PB_2014.xml","548502376cfb19caab6522063ca08ecec5f9aeace484fcfe2ccf2e4ec8f531b1","0-bcdcee0127cc78d0e0649a4f394e3d049d11ec012ad7264a92743696c47f75b6","0","See End Item P5A","See End Item P5A","27","27","2013","See End Item P5A","2015-03","2015-03","0","0","2015-03","TBD","I think i","2746-3bbe0f1ba8ba2ca194b05d0a0eba8bd1bceb6942585d2cde8d7074a5d35785cf","root"
"CFE Com/Nav","0","15.443","2.014","2.654","2.622","0","","","","","","","2014-BASE_PROCUREMENT-2014-NAVY_AIRCRAFT_BA1-4-PROCUREMENT_JustificationBook_Navy_PB_2014.zzz_unzipped-PROCUREMENT_JustificationBook_Navy_PB_2014.xml","548502376cfb19caab6522063ca08ecec5f9aeace484fcfe2ccf2e4ec8f531b1","1-ff2db8b94485d274d8fc411f902bef71e73c5e6e9183a0c53630f2263e6cb4ef","0","See End Item P5A","See End Item P5A","29","29","2013","See End Item P5A","2015-05","2015-05","0","0","2015-05","TBD","I think i","2746-3bbe0f1ba8ba2ca194b05d0a0eba8bd1bceb6942585d2cde8d7074a5d35785cf","root"
"GFE EW","0","16.945","2.533","2.916","2.965","0","","","","","","","2014-BASE_PROCUREMENT-2014-NAVY_AIRCRAFT_BA1-4-PROCUREMENT_JustificationBook_Navy_PB_2014.zzz_unzipped-PROCUREMENT_JustificationBook_Navy_PB_2014.xml","548502376cfb19caab6522063ca08ecec5f9aeace484fcfe2ccf2e4ec8f531b1","2-160c4a458aeef32742b06ade321c473d638c0d0078be369a5da13cac6bf9387b","0","See End Item P5A","See End Item P5A","29","29","2013","See End Item P5A","2015-05","2015-05","0","0","2015-05","TBD","I think i","2746-3bbe0f1ba8ba2ca194b05d0a0eba8bd1bceb6942585d2cde8d7074a5d35785cf","root"
"Engines T.L.","0","42.363","5.367","","0","0","","","","","","","2014-BASE_PROCUREMENT-2014-NAVY_AIRCRAFT_BA7-PROCUREMENT_MasterJustificationBook_Navy_PB_2014.zzz_unzipped-PROCUREMENT_MasterJustificationBook_Navy_PB_2014.xml","fc4b633568d09aa78acf18bb3a1378b7461e8def6999ee372311daf44c967cce","0-8f57ae7c56de0ff751e27071b9bf877b66fa40b42ad9ad4946cc3ac536ccd107","2","See End Item P5A","See End Item P5A","24","24","2013","See End Item P5A","0001-01","0001-01","0","0","0001-01","TBD","I think i","2790-087b1624d8b4073b003f6fb1cfab2f6d9cd64d9be677430a8cb29fddfa83c7f7","root"
"GFE Other","0","27.983","0.299","","0","0","","","","","","","2014-BASE_PROCUREMENT-2014-NAVY_AIRCRAFT_BA7-PROCUREMENT_MasterJustificationBook_Navy_PB_2014.zzz_unzipped-PROCUREMENT_MasterJustificationBook_Navy_PB_2014.xml","fc4b633568d09aa78acf18bb3a1378b7461e8def6999ee372311daf44c967cce","1-66f7654036bf8ba3a95e16c50a84f99bee0f8c164d444ab901201cd0702f7381","0","See End Item P5A","See End Item P5A","0","0","2013","See End Item P5A","0001-01","0001-01","0","0","0001-01","TBD","I think i","2790-087b1624d8b4073b003f6fb1cfab2f6d9cd64d9be677430a8cb29fddfa83c7f7","root"
"GFE - Engines T.L.","0","236.277","17.326","16.872","12.727","0","","","","","","","2014-BASE_PROCUREMENT-2014-NAVY_AIRCRAFT_BA7-PROCUREMENT_MasterJustificationBook_Navy_PB_2014.zzz_unzipped-PROCUREMENT_MasterJustificationBook_Navy_PB_2014.xml","1c2d5511c3f630f505de429e2f146cf42b31bec595aeddf890e7246c6084e8dd","0-3e319f402a3f8a85f1028d72823e54354affc1baa0cc36d2686771a136471e8c","2","See End Item P5A","See End Item P5A","14","14","2013","See End Item P5A","2014-01","2014-01","0","0","2014-01","TBD","I think i","2794-f77c36368f41b74c5c3f3dd732bc747729bc856a6efe92cff9ba2def98734c49","root"
"GFE - Cockpit","0","270.202","","","0","0","","","","","","","2014-BASE_PROCUREMENT-2014-NAVY_AIRCRAFT_BA7-PROCUREMENT_MasterJustificationBook_Navy_PB_2014.zzz_unzipped-PROCUREMENT_MasterJustificationBook_Navy_PB_2014.xml","1c2d5511c3f630f505de429e2f146cf42b31bec595aeddf890e7246c6084e8dd","1-4e73d71339f520ac57b52bb74869680ff9ecc6da758ebf552e477300b940b61f","1","See End Item P5A","See End Item P5A","15","15","2013","See End Item P5A","2013-12","2013-12","0","0","2013-12","TBD","I think i","2794-f77c36368f41b74c5c3f3dd732bc747729bc856a6efe92cff9ba2def98734c49","root"
"Cockpit For FY12 EOQ/Long Lead","0","17.911","","","0","0","","","","","","","2014-BASE_PROCUREMENT-2014-NAVY_AIRCRAFT_BA7-PROCUREMENT_MasterJustificationBook_Navy_PB_2014.zzz_unzipped-PROCUREMENT_MasterJustificationBook_Navy_PB_2014.xml","1c2d5511c3f630f505de429e2f146cf42b31bec595aeddf890e7246c6084e8dd","2-8fad052242e80a9ccb05cd393919e07884fad209f5042a27ac8d31ffc1dcefbb","1","See End Item P5A","See End Item P5A","15","15","2013","See End Item P5A","2013-12","2013-12","0","0","2013-12","TBD","I think i","2794-f77c36368f41b74c5c3f3dd732bc747729bc856a6efe92cff9ba2def98734c49","root"
"Cockpit for FY13 EOQ/Long Lead","0","","13.2","","0","0","","","","","","","2014-BASE_PROCUREMENT-2014-NAVY_AIRCRAFT_BA7-PROCUREMENT_MasterJustificationBook_Navy_PB_2014.zzz_unzipped-PROCUREMENT_MasterJustificationBook_Navy_PB_2014.xml","1c2d5511c3f630f505de429e2f146cf42b31bec595aeddf890e7246c6084e8dd","3-b3729bd5f99017015aef22614c0843f7fd0c0f7725ca0724e7d49a4ba6dbf27c","1","See End Item P5A","See End Item P5A","15","15","2013","See End Item P5A","2013-12","2013-12","0","0","2013-12","TBD","I think i","2794-f77c36368f41b74c5c3f3dd732bc747729bc856a6efe92cff9ba2def98734c49","root"
"Cockpit for FY14 EOQ/Long Lead","0","","3.5","11.925","0","0","","","","","","","2014-BASE_PROCUREMENT-2014-NAVY_AIRCRAFT_BA7-PROCUREMENT_MasterJustificationBook_Navy_PB_2014.zzz_unzipped-PROCUREMENT_MasterJustificationBook_Navy_PB_2014.xml","1c2d5511c3f630f505de429e2f146cf42b31bec595aeddf890e7246c6084e8dd","4-c500e5065ec970a02dcb033bb1f301be4820ac6ef8efada409f5fb5e402e0ff0","1","See End Item P5A","See End Item P5A","15","15","2013","See End Item P5A","2012-12","2012-12","0","0","2012-12","TBD","I think i","2794-f77c36368f41b74c5c3f3dd732bc747729bc856a6efe92cff9ba2def98734c49","root"
"Cockpit for FY15 EOQ/Long Lead","0","","2.25","1","5.3","0","","","","","","","2014-BASE_PROCUREMENT-2014-NAVY_AIRCRAFT_BA7-PROCUREMENT_MasterJustificationBook_Navy_PB_2014.zzz_unzipped-PROCUREMENT_MasterJustificationBook_Navy_PB_2014.xml","1c2d5511c3f630f505de429e2f146cf42b31bec595aeddf890e7246c6084e8dd","5-009b2ece2900c34f2cff6314dc7e78b4fe01d57fc3e5e5de40309c063cf24df0","1","See End Item P5A","See End Item P5A","15","15","2013","See End Item P5A","2013-12","2013-12","0","0","2013-12","TBD","I think i","2794-f77c36368f41b74c5c3f3dd732bc747729bc856a6efe92cff9ba2def98734c49","root"
"A/C Misc Avionics","0","116.763","14.426","14.11","8.094","0","","","","","","","2014-BASE_PROCUREMENT-2014-NAVY_AIRCRAFT_BA7-PROCUREMENT_MasterJustificationBook_Navy_PB_2014.zzz_unzipped-PROCUREMENT_MasterJustificationBook_Navy_PB_2014.xml","1c2d5511c3f630f505de429e2f146cf42b31bec595aeddf890e7246c6084e8dd","6-659e2644e9c04d8df77eaf79ea5c0446226d4fed3fedf3b333f6bec3a9cc3aa1","0","See End Item P5A","See End Item P5A","0","0","2013","See End Item P5A","0001-01","0001-01","0","0","0001-01","TBD","I think i","2794-f77c36368f41b74c5c3f3dd732bc747729bc856a6efe92cff9ba2def98734c49","root"
"GFE Other","0","17.047","3.119","2.958","4.581","0","","","","","","","2014-BASE_PROCUREMENT-2014-NAVY_AIRCRAFT_BA7-PROCUREMENT_MasterJustificationBook_Navy_PB_2014.zzz_unzipped-PROCUREMENT_MasterJustificationBook_Navy_PB_2014.xml","1c90d81d3283c3e99adda35a80b069d543eb8eea9500f506f69fd1fd51fa4e10","0-a23a2851f55c68ec34bd821045a70f48d1a32e559a0be3250444967e10ad63e1","0","See End Item P5A","See End Item P5A","0","0","2013","See End Item P5A","0001-01","0001-01","0","0","0001-01","TBD","I think i","2796-47d8194de25abff9fa79c087e0014805e2ac5e8441cd799550ee67c507294de0","root"
"MYP Savings","0","","","22.76","0","0","","","","","","","2014-BASE_PROCUREMENT-2014-NAVY_AIRCRAFT_BA7-PROCUREMENT_MasterJustificationBook_Navy_PB_2014.zzz_unzipped-PROCUREMENT_MasterJustificationBook_Navy_PB_2014.xml","1c90d81d3283c3e99adda35a80b069d543eb8eea9500f506f69fd1fd51fa4e10","1-250c6ea40f7bffb4d164d8c758b6b79240847f1269f1a611dea52a28f20876f3","0","See End Item P5A","See End Item P5A","0","0","2013","See End Item P5A","0001-01","0001-01","0","0","0001-01","TBD","I think i","2796-47d8194de25abff9fa79c087e0014805e2ac5e8441cd799550ee67c507294de0","root"
"GFE Electronics","0","","","","0","0","","","","","","","2014-BASE_PROCUREMENT-2014-NAVY_AIRCRAFT_BA7-PROCUREMENT_MasterJustificationBook_Navy_PB_2014.zzz_unzipped-PROCUREMENT_MasterJustificationBook_Navy_PB_2014.xml","ea4fce3ec1135de06d7b597e5fd943b2e14d2b3f4efb262dcaf7727a24539c26","0-52ec797925d81249eda497ba8ea260f92769fde541da9a5c97979f81ce7433a0","0","See End Item P5A","See End Item P5A","0","0","2013","See End Item P5A","0001-01","0001-01","0","0","0001-01","TBD","I think i","2798-26257ecdb085ba25f24aac4754e7bb1b52963005fde5ee0a1c7e6b0a9a7cbe88","root"
"GFE Other","0","","","","0","0","","","","","","","2014-BASE_PROCUREMENT-2014-NAVY_AIRCRAFT_BA7-PROCUREMENT_MasterJustificationBook_Navy_PB_2014.zzz_unzipped-PROCUREMENT_MasterJustificationBook_Navy_PB_2014.xml","ea4fce3ec1135de06d7b597e5fd943b2e14d2b3f4efb262dcaf7727a24539c26","1-57a6c54d82249bee0ff247746312943939e1cff458cd419324eea449ff5d0ee5","0","See End Item P5A","See End Item P5A","0","0","2013","See End Item P5A","0001-01","0001-01","0","0","0001-01","TBD","I think i","2798-26257ecdb085ba25f24aac4754e7bb1b52963005fde5ee0a1c7e6b0a9a7cbe88","root"
"Other GFE","0","32.177","","","0","0","","","","","","","2014-BASE_PROCUREMENT-2014-NAVY_AIRCRAFT_BA7-PROCUREMENT_MasterJustificationBook_Navy_PB_2014.zzz_unzipped-PROCUREMENT_MasterJustificationBook_Navy_PB_2014.xml","8353179a04c7e17d7f2f2e4ad66ee5f5af3581f5f21e78729bd403a1a02ea0a9","0-cfad76ac05c4f0e09547726acfb6d47dbdf395e437ed977466d0f914e1dde58d","1","See End Item P5A","See End Item P5A","36","36","2013","See End Item P5A","0001-01","0001-01","0","0","0001-01","TBD","I think i","2800-2e33b70efe5d7030fc20598c3b94b56ba49873f3a8d64a22683ccc59fcb381d8","root"
"JTIDS","0","16.955","","","0","0","","","","","","","2014-BASE_PROCUREMENT-2014-NAVY_AIRCRAFT_BA7-PROCUREMENT_MasterJustificationBook_Navy_PB_2014.zzz_unzipped-PROCUREMENT_MasterJustificationBook_Navy_PB_2014.xml","8353179a04c7e17d7f2f2e4ad66ee5f5af3581f5f21e78729bd403a1a02ea0a9","1-59b16e35c22155d930bc55a39ef4d38d3f4dac4717f7c3b0f799d8e0dd8cacb6","1","See End Item P5A","See End Item P5A","36","36","2013","See End Item P5A","0001-01","0001-01","0","0","0001-01","TBD","I think i","2800-2e33b70efe5d7030fc20598c3b94b56ba49873f3a8d64a22683ccc59fcb381d8","root"
"Engines","0","14.9","","","0","0","","","","","","","2014-BASE_PROCUREMENT-2014-NAVY_AIRCRAFT_BA7-PROCUREMENT_MasterJustificationBook_Navy_PB_2014.zzz_unzipped-PROCUREMENT_MasterJustificationBook_Navy_PB_2014.xml","8353179a04c7e17d7f2f2e4ad66ee5f5af3581f5f21e78729bd403a1a02ea0a9","2-058d34e83de161c72ef6bba011bab0ac1414d367da7da1cb22d9b0b3acdccf09","1","See End Item P5A","See End Item P5A","39","39","2013","See End Item P5A","0001-01","0001-01","0","0","0001-01","TBD","I think i","2800-2e33b70efe5d7030fc20598c3b94b56ba49873f3a8d64a22683ccc59fcb381d8","root"
"GFE Electronics","0","18.946","","2.396","1.804","1","","","","","","","2014-BASE_PROCUREMENT-2014-NAVY_AIRCRAFT_BA7-PROCUREMENT_MasterJustificationBook_Navy_PB_2014.zzz_unzipped-PROCUREMENT_MasterJustificationBook_Navy_PB_2014.xml","331f4e2cab57d75c268cb0cc0f51f889b76ed2c8ba621bb4d61f3e552a2f48d3","0-4b673467dfcd4724969ff71ebe6290191b43492bc46d7616f26bc15dad1451b1","0","See End Item P5A","See End Item P5A","20","20","2013","See End Item P5A","2014-07","2014-07","0","0","2014-07","TBD","I think i","2804-1f5d77bb8924940fc085741d4342724ef8ca1522b7cc887e5b8a35ea210a711c","root"
"GFE Other","0","1.953","","0.599","0.084","2","","","","","","","2014-BASE_PROCUREMENT-2014-NAVY_AIRCRAFT_BA7-PROCUREMENT_MasterJustificationBook_Navy_PB_2014.zzz_unzipped-PROCUREMENT_MasterJustificationBook_Navy_PB_2014.xml","331f4e2cab57d75c268cb0cc0f51f889b76ed2c8ba621bb4d61f3e552a2f48d3","1-83e6b8d875bf8dc38fc2cc349c17d41af93bbdf10424216b09d5665a92d59c88","0","See End Item P5A","See End Item P5A","20","20","2013","See End Item P5A","2014-07","2014-07","0","0","2014-07","TBD","I think i","2804-1f5d77bb8924940fc085741d4342724ef8ca1522b7cc887e5b8a35ea210a711c","root"
"GFE - Engines T.L.","0","","","","0","0","","","","","","","2014-BASE_PROCUREMENT-2014-NAVY_AIRCRAFT_BA7-PROCUREMENT_MasterJustificationBook_Navy_PB_2014.zzz_unzipped-PROCUREMENT_MasterJustificationBook_Navy_PB_2014.xml","1c9f6ffd331ce8f038579fa5c7414d00a50411913e693158c477bb2776944535","0-e48d5a6da5ecde080687a137478ab095bdb30dede78816b3ac28f378663d03fa","0","See End Item P5A","See End Item P5A","0","0","2013","See End Item P5A","0001-01","0001-01","0","0","0001-01","TBD","I think i","2806-8e5413e3035c14f1b2c70d293bb688546fe1beb9ad603754da59ff1d21df7d51","root"
"GFE Electronics","0","","","","0","0","","","","","","","2014-BASE_PROCUREMENT-2014-NAVY_AIRCRAFT_BA7-PROCUREMENT_MasterJustificationBook_Navy_PB_2014.zzz_unzipped-PROCUREMENT_MasterJustificationBook_Navy_PB_2014.xml","1c9f6ffd331ce8f038579fa5c7414d00a50411913e693158c477bb2776944535","1-891d32709b79f70afcf4aea5f88947eb0db982f91d895ae87d498dda8c873cad","0","See End Item P5A","See End Item P5A","0","0","2013","See End Item P5A","0001-01","0001-01","0","0","0001-01","TBD","I think i","2806-8e5413e3035c14f1b2c70d293bb688546fe1beb9ad603754da59ff1d21df7d51","root"
"GFE Other","0","","","","0","0","","","","","","","2014-BASE_PROCUREMENT-2014-NAVY_AIRCRAFT_BA7-PROCUREMENT_MasterJustificationBook_Navy_PB_2014.zzz_unzipped-PROCUREMENT_MasterJustificationBook_Navy_PB_2014.xml","1c9f6ffd331ce8f038579fa5c7414d00a50411913e693158c477bb2776944535","2-172220ab232c5111e108402b96c8ec495c34d9bc669c54e44f36b771e09ef22c","0","See End Item P5A","See End Item P5A","0","0","2013","See End Item P5A","0001-01","0001-01","0","0","0001-01","TBD","I think i","2806-8e5413e3035c14f1b2c70d293bb688546fe1beb9ad603754da59ff1d21df7d51","root"
"Engines T.L.","0","276.965","12.075","2.381","0","0","","","","","","","2014-BASE_PROCUREMENT-2014-NAVY_AIRCRAFT_BA7-PROCUREMENT_MasterJustificationBook_Navy_PB_2014.zzz_unzipped-PROCUREMENT_MasterJustificationBook_Navy_PB_2014.xml","97ef4cf3f410d224f56ae29ea98cdf2592e9fe9b3908e3df56bf826c63de8ad7","0-71cbda8c0c72f7da931513b8260444571017bb6001e74df1f7170d3803d50598","2","See End Item P5A","See End Item P5A","24","24","2013","See End Item P5A","0001-01","0001-01","0","0","0001-01","TBD","I think i","2810-8317087cce588ff492b9a2a04793fb1516ed2cde965fee1dac4040454567785a","root"
"ALE-50 IMPLC","0","19.15","","","0","0","","","","","","","2014-BASE_PROCUREMENT-2014-NAVY_AIRCRAFT_BA7-PROCUREMENT_MasterJustificationBook_Navy_PB_2014.zzz_unzipped-PROCUREMENT_MasterJustificationBook_Navy_PB_2014.xml","97ef4cf3f410d224f56ae29ea98cdf2592e9fe9b3908e3df56bf826c63de8ad7","1-d66c2ef6d54a431b2c8a56fc5a2c3f826b5ec6f1d54b55b02441e080e2fea8e4","0","See End Item P5A","See End Item P5A","0","0","2013","See End Item P5A","0001-01","0001-01","0","0","0001-01","TBD","I think i","2810-8317087cce588ff492b9a2a04793fb1516ed2cde965fee1dac4040454567785a","root"
"GFE Other","0","24.681","0.673","0.128","0","0","","","","","","","2014-BASE_PROCUREMENT-2014-NAVY_AIRCRAFT_BA7-PROCUREMENT_MasterJustificationBook_Navy_PB_2014.zzz_unzipped-PROCUREMENT_MasterJustificationBook_Navy_PB_2014.xml","97ef4cf3f410d224f56ae29ea98cdf2592e9fe9b3908e3df56bf826c63de8ad7","2-692afd1852d0eac6277c52b96c6414cdc9c9cf5e79643ff0010ed47d77e9b429","0","See End Item P5A","See End Item P5A","0","0","2013","See End Item P5A","0001-01","0001-01","0","0","0001-01","TBD","I think i","2810-8317087cce588ff492b9a2a04793fb1516ed2cde965fee1dac4040454567785a","root"
"G.F.E Engines T.L.","0","139.382","23.995","5.866","9.477","4","","","","","","","2014-BASE_PROCUREMENT-2014-NAVY_AIRCRAFT_BA7-PROCUREMENT_MasterJustificationBook_Navy_PB_2014.zzz_unzipped-PROCUREMENT_MasterJustificationBook_Navy_PB_2014.xml","a7e12956f563df64212c48c1a8087a259ce9816ac86d222dc06cd0e2deeb74a4","0-6efe8f574f633ee7bdbdac643f9b4391a95ab7737117ba347d5d96710f570421","1","See End Item P5A","See End Item P5A","29","29","2013","See End Item P5A","2013-03","2013-03","0","0","2013-03","TBD","I think i","2812-0015b01fbe4612b0ca0594ddb6944208953684419070e57045ecdf122b025510","root"
"CFE- Engines T. L","0","180.754","25.79","21.24","20.639","6","","","","","","","2014-BASE_PROCUREMENT-2014-NAVY_AIRCRAFT_BA7-PROCUREMENT_MasterJustificationBook_Navy_PB_2014.zzz_unzipped-PROCUREMENT_MasterJustificationBook_Navy_PB_2014.xml","8f506cdfed36ee72d429505445592f835a54aa1c2ef4af6afd437aa3f3a3279b","0-8716e36d48fee955f1243411361fbc3739e202702396c5da0e6a3aacb619e4fd","1","See End Item P5A","See End Item P5A","27","27","2013","See End Item P5A","2013-02","2013-02","0","0","2013-02","TBD","I think i","2814-7db02929623a0441989af1a04b5dd3a793be24c15f1838a6ee1b217090223193","root"
"GFE Other","0","85.578","0.148","0.154","0.148","0","","","","","","","2014-BASE_PROCUREMENT-2014-NAVY_AIRCRAFT_BA7-PROCUREMENT_MasterJustificationBook_Navy_PB_2014.zzz_unzipped-PROCUREMENT_MasterJustificationBook_Navy_PB_2014.xml","22a8d6a2e1826466fe73cee88918ae3cb071854e21533e47aa2445e6dd37706a","0-479430756d105871c6279c3ea81dc8925c4c07b4099094c0a4b0f4ab71767116","0","See End Item P5A","See End Item P5A","27","27","2013","See End Item P5A","2015-03","2015-03","0","0","2015-03","TBD","I think i","2816-e6292a847262974fb50eeb06e3069ce60e8981615adcf67c2b11e9e763a0e1de","root"
"CFE Com/Nav","0","15.443","2.014","2.654","2.622","0","","","","","","","2014-BASE_PROCUREMENT-2014-NAVY_AIRCRAFT_BA7-PROCUREMENT_MasterJustificationBook_Navy_PB_2014.zzz_unzipped-PROCUREMENT_MasterJustificationBook_Navy_PB_2014.xml","22a8d6a2e1826466fe73cee88918ae3cb071854e21533e47aa2445e6dd37706a","1-fb16187f8235f2354d97c880aa0bff3db32e62400b6f451dcc913b4346dca8e7","0","See End Item P5A","See End Item P5A","29","29","2013","See End Item P5A","2015-05","2015-05","0","0","2015-05","TBD","I think i","2816-e6292a847262974fb50eeb06e3069ce60e8981615adcf67c2b11e9e763a0e1de","root"
"GFE EW","0","16.945","2.533","2.916","2.965","0","","","","","","","2014-BASE_PROCUREMENT-2014-NAVY_AIRCRAFT_BA7-PROCUREMENT_MasterJustificationBook_Navy_PB_2014.zzz_unzipped-PROCUREMENT_MasterJustificationBook_Navy_PB_2014.xml","22a8d6a2e1826466fe73cee88918ae3cb071854e21533e47aa2445e6dd37706a","2-86395f7388ac9e93992681ee9c0b27a08ed3775d07232a69f25ac721a70425a0","0","See End Item P5A","See End Item P5A","29","29","2013","See End Item P5A","2015-05","2015-05","0","0","2015-05","TBD","I think i","2816-e6292a847262974fb50eeb06e3069ce60e8981615adcf67c2b11e9e763a0e1de","root"
