Name_val,WhenRequiredInMonths_val,Cost_AllPriorYears_TotalCost_val,Cost_PriorYear_TotalCost_val,Cost_CurrentYear_TotalCost_val,Cost_BudgetYearOne_TotalCost_val,Cost_BudgetYearOne_Quantity_val,Cost_BudgetYearTwo_TotalCost_val,Cost_BudgetYearThree_TotalCost_val,Cost_BudgetYearFour_TotalCost_val,Cost_BudgetYearFive_TotalCost_val,Cost_ToComplete_TotalCost_val,Cost_Total_TotalCost_val,@SOURCE_FILENAME,@RECORDID,@ROWID,QuantityPerAssembly_val,ManufacturerList_P10Manufacturer_Name_val,ManufacturerList_P10Manufacturer_Location_val,ManufacturerList_P10Manufacturer_InitialQuantity_TotalLeadTimeAfterOct1InMonths_val,ManufacturerList_P10Manufacturer_ReorderQuantity_TotalLeadTimeAfterOct1InMonths_val,ManufacturerList_P10Manufacturer_HistoryPlanningList_HistoryPlanning_FiscalYear_val,ManufacturerList_P10Manufacturer_HistoryPlanningList_HistoryPlanning_PCOLocation_val,ManufacturerList_P10Manufacturer_HistoryPlanningList_HistoryPlanning_AwardDate_val,ManufacturerList_P10Manufacturer_HistoryPlanningList_HistoryPlanning_FirstDeliveryDate_val,ManufacturerList_P10Manufacturer_HistoryPlanningList_HistoryPlanning_Quantity_val,ManufacturerList_P10Manufacturer_HistoryPlanningList_HistoryPlanning_UnitCost_val,ManufacturerList_P10Manufacturer_HistoryPlanningList_HistoryPlanning_RFPIssueDate_val,ManufacturerList_P10Manufacturer_HistoryPlanningList_HistoryPlanning_FundingVehicle_val,ManufacturerList_P10Manufacturer_HistoryPlanningList_HistoryPlanning_ItemNameSuffix_val,@PARENTROWID,@PARENT
"Other Government Furnished Equipment ()","12","12.624","0","0","0","","0","0","0","0","0","12.624","2013-BASE_PROCUREMENT-2013-AIRFORCE_AIRCRAFT_VOL1-JustificationBook_Air_Force_PB_2013.zzz_unzipped-JustificationBook_Air_Force_PB_2013.xml","5de403107085bf74fb9fd40854df952a9081ddccb6363319c405b20f72d8dc83","0-3eb3fdf397c5a51e664de77e8ef1bfca7c83447ff4465365bdaba0660ac87b7e","","","","","","","","","","","","","","","93-77fa47fdb08a5a230e25c63f148867527cc7c0333fc9e47f19a69d52576ba05e","root"
"Other Government Furnished Equipment ()","12","12.624","0","0","0","","0","0","0","0","0","12.624","2013-BASE_PROCUREMENT-2013-AIRFORCE_AIRCRAFT_VOL2-MasterJustificationBook_Air_Force_PB_2013.zzz_unzipped-MasterJustificationBook_Air_Force_PB_2013.xml","9a2ba94a217d82096f332eb52ba7ddeaf76b99a2e5a89a7ed11986588d44548b","0-fe2cd947c6140cdc56e03f954ce10934ef31c4a273eb915a075fdc556b5ef343","","","","","","","","","","","","","","","141-66982b0bd48aa6e5640de88e157ebcfc990f0b99ff9e9d5ce9de7c238959c74e","root"
"Other Government Furnished Equipment ()","12","12.624","0","0","0","","0","0","0","0","0","12.624","2013-BASE_PROCUREMENT-2013-AIRFORCE_AIRCRAFT_VOL1-MasterJustificationBook_Air_Force_PB_2013.zzz_unzipped-MasterJustificationBook_Air_Force_PB_2013.xml","6d2a5a5d589018a44e3cbf52cb1c912bfc2ae7ebfa3167c185f32baeccefdb83","0-0f39c8f156be9613abd1540eff4cf6ff181e6e8cf30638ccfda995349e68dade","","","","","","","","","","","","","","","191-f8e9d4a1fc98f2c9500d7a504743f4f7ba3b76d18350325351c819fec587be13","root"
"Engines T.L.","0","37.09","5.273","5.624","0","0","","","","","","","2013-BASE_PROCUREMENT-2013-NAVY_AIRCRAFT_BA1-4-JustificationBook_Navy_PB_2013.zzz_unzipped-JustificationBook_Navy_PB_2013.xml","117c169a68235fff5682580ef1182034c5b0c336d258b4d2bc16ac17e2d2a653","0-60071bfc312bfdfb3cae31df78fe82880cbd7d4215d7ff01de163f1296374ed3","2","","","","","","","","","","","","","","1056-7003f2b3edec68f4fae8efae78b9cba7106521330fa21a2a2acc66c4f31a527a","root"
"GFE Other","0","9.953","18.03","0.562","0","0","","","","","","","2013-BASE_PROCUREMENT-2013-NAVY_AIRCRAFT_BA1-4-JustificationBook_Navy_PB_2013.zzz_unzipped-JustificationBook_Navy_PB_2013.xml","117c169a68235fff5682580ef1182034c5b0c336d258b4d2bc16ac17e2d2a653","1-bea1114d33221a8fa5d063a7c7e79290e7179aa0a104f9922488044d7fe592e2","0","","","","","","","","","","","","","","1056-7003f2b3edec68f4fae8efae78b9cba7106521330fa21a2a2acc66c4f31a527a","root"
"GFE - Engines T.L.","0","220.195","16.081","15.382","15.644","0","","","","","","","2013-BASE_PROCUREMENT-2013-NAVY_AIRCRAFT_BA1-4-JustificationBook_Navy_PB_2013.zzz_unzipped-JustificationBook_Navy_PB_2013.xml","1a7189ca3ac3735d5b4780456bb4c8dddad618396ddbf80b22c606ea18981840","0-14043eea363252624f80497b4acd2e7bd8964447d3dfa31d35678da6ba42e980","2","See End Item P5A","See End Item P5A","14","14","2013","See End Item P5A","2013-01","2013-01","0","0","2013-01","TBD","I think i","1060-d509cd1c8392212270e369d9360c611dc376326bf96ce1a717790b79430a9c52","root"
"GFE - Cockpit","0","270.202","","","0","0","","","","","","","2013-BASE_PROCUREMENT-2013-NAVY_AIRCRAFT_BA1-4-JustificationBook_Navy_PB_2013.zzz_unzipped-JustificationBook_Navy_PB_2013.xml","1a7189ca3ac3735d5b4780456bb4c8dddad618396ddbf80b22c606ea18981840","1-98b6ea72ceb78f22fc93083952336a0ef14711301e6bc0d859dacbb202692465","1","See End Item P5A","See End Item P5A","15","15","2013","See End Item P5A","2012-12","2012-12","0","0","2012-12","TBD","I think i","1060-d509cd1c8392212270e369d9360c611dc376326bf96ce1a717790b79430a9c52","root"
"Cockpit For FY12 EOQ/Long Lead","0","","13.103","","0","0","","","","","","","2013-BASE_PROCUREMENT-2013-NAVY_AIRCRAFT_BA1-4-JustificationBook_Navy_PB_2013.zzz_unzipped-JustificationBook_Navy_PB_2013.xml","1a7189ca3ac3735d5b4780456bb4c8dddad618396ddbf80b22c606ea18981840","2-c0f89bd9f808a714c804755e12d0a5025140d81f3cd474f9cd4379fc7f449be0","1","See End Item P5A","See End Item P5A","15","15","2013","See End Item P5A","2012-12","2012-12","0","0","2012-12","TBD","I think i","1060-d509cd1c8392212270e369d9360c611dc376326bf96ce1a717790b79430a9c52","root"
"Cockpit for FY13 EOQ/Long Lead","0","","","13.154","0","0","","","","","","","2013-BASE_PROCUREMENT-2013-NAVY_AIRCRAFT_BA1-4-JustificationBook_Navy_PB_2013.zzz_unzipped-JustificationBook_Navy_PB_2013.xml","1a7189ca3ac3735d5b4780456bb4c8dddad618396ddbf80b22c606ea18981840","3-dfde0f612a0be62ec05b9f36b7750810e5d40d27946fc14178a968bc82971480","1","See End Item P5A","See End Item P5A","15","15","2013","See End Item P5A","2012-12","2012-12","0","0","2012-12","TBD","I think i","1060-d509cd1c8392212270e369d9360c611dc376326bf96ce1a717790b79430a9c52","root"
"Cockpit for FY14 EOQ/Long Lead","0","","","3.5","13.154","0","","","","","","","2013-BASE_PROCUREMENT-2013-NAVY_AIRCRAFT_BA1-4-JustificationBook_Navy_PB_2013.zzz_unzipped-JustificationBook_Navy_PB_2013.xml","1a7189ca3ac3735d5b4780456bb4c8dddad618396ddbf80b22c606ea18981840","4-c8cc743846dff812ea90d6cc907d9f48e5f5eddfeb523a13cdc02d9e54a30704","1","See End Item P5A","See End Item P5A","15","15","2013","See End Item P5A","2012-12","2012-12","0","0","2012-12","TBD","I think i","1060-d509cd1c8392212270e369d9360c611dc376326bf96ce1a717790b79430a9c52","root"
"Cockpit for FY15 EOQ/Long Lead","0","","","2.25","1","0","","","","","","","2013-BASE_PROCUREMENT-2013-NAVY_AIRCRAFT_BA1-4-JustificationBook_Navy_PB_2013.zzz_unzipped-JustificationBook_Navy_PB_2013.xml","1a7189ca3ac3735d5b4780456bb4c8dddad618396ddbf80b22c606ea18981840","5-9c0e6440c7abe9d346c01a4a15561e1618f4ffe50a97b07674db56646a8683e3","1","See End Item P5A","See End Item P5A","15","15","2013","See End Item P5A","2012-12","2012-12","0","0","2012-12","TBD","I think i","1060-d509cd1c8392212270e369d9360c611dc376326bf96ce1a717790b79430a9c52","root"
"A/C Misc Avn","0","102.907","13.915","12.513","14.109","0","","","","","","","2013-BASE_PROCUREMENT-2013-NAVY_AIRCRAFT_BA1-4-JustificationBook_Navy_PB_2013.zzz_unzipped-JustificationBook_Navy_PB_2013.xml","1a7189ca3ac3735d5b4780456bb4c8dddad618396ddbf80b22c606ea18981840","6-f7d6e2d545d412e3512fd8a12181747618fbdfe1afc41573431728606a08e2ce","0","","","","","","","","","","","","","","1060-d509cd1c8392212270e369d9360c611dc376326bf96ce1a717790b79430a9c52","root"
"GFE Other","0","15.399","2.599","3.413","2.3","0","","","","","","","2013-BASE_PROCUREMENT-2013-NAVY_AIRCRAFT_BA1-4-JustificationBook_Navy_PB_2013.zzz_unzipped-JustificationBook_Navy_PB_2013.xml","b9d48f24ecf1fb0dc0353ad3f9cd91e926e2f3fda1f537c2caa93bb44b898f3b","0-8372d082cd5043b04ff82f0c89d869fbcbcea05f4878d375c061a6c4a89c4564","0","","","","","","","","","","","","","","1062-50da622a20c035d68f324dccc5309f7f229345a51a7b376fafa920c45d26f3ea","root"
"GFE Electronics","0","","","","0","0","","","","","","","2013-BASE_PROCUREMENT-2013-NAVY_AIRCRAFT_BA1-4-JustificationBook_Navy_PB_2013.zzz_unzipped-JustificationBook_Navy_PB_2013.xml","62ca14cc634acb0c901935df39de84860d1f64314c02973b24f410208b3cf78e","0-d3f5412dbde2ae09b717b25cdc18d590839001da5207c82d342d6a61033ae4af","0","","","","","","","","","","","","","","1064-78f12270aa4d6a6a6973bd8e42587f76d53e833c6d6efd25901c3bc3fa24fa5a","root"
"GFE Other","0","","","","0","0","","","","","","","2013-BASE_PROCUREMENT-2013-NAVY_AIRCRAFT_BA1-4-JustificationBook_Navy_PB_2013.zzz_unzipped-JustificationBook_Navy_PB_2013.xml","62ca14cc634acb0c901935df39de84860d1f64314c02973b24f410208b3cf78e","1-6d24a742c8f024aff18b14d70fc2771418bb2076f7e049bd5740a60948efa664","0","","","","","","","","","","","","","","1064-78f12270aa4d6a6a6973bd8e42587f76d53e833c6d6efd25901c3bc3fa24fa5a","root"
"Other GFE","0","32.177","","","0","0","","","","","","","2013-BASE_PROCUREMENT-2013-NAVY_AIRCRAFT_BA1-4-JustificationBook_Navy_PB_2013.zzz_unzipped-JustificationBook_Navy_PB_2013.xml","c58f3e1b9e38e357fc3c36cb6204a5182b2e132e43a0c2e90cc87c9d07cd04f0","0-46c17c4a4dda3bff97c1b1084dfa46ffb4f641580279b564bb72f44dfa0aac23","1","","","","","","","","","","","","","","1066-4a19934060709717700d717571c3ce34c31db894926c41da837c68e6dcc42cdd","root"
"JTIDS","0","16.955","","","0","0","","","","","","","2013-BASE_PROCUREMENT-2013-NAVY_AIRCRAFT_BA1-4-JustificationBook_Navy_PB_2013.zzz_unzipped-JustificationBook_Navy_PB_2013.xml","c58f3e1b9e38e357fc3c36cb6204a5182b2e132e43a0c2e90cc87c9d07cd04f0","1-783b5031a309d14b62402f1159f42d8c9204e0f66f56fa9991d776127d451608","1","","","","","","","","","","","","","","1066-4a19934060709717700d717571c3ce34c31db894926c41da837c68e6dcc42cdd","root"
"Engines","0","14.9","","","0","0","","","","","","","2013-BASE_PROCUREMENT-2013-NAVY_AIRCRAFT_BA1-4-JustificationBook_Navy_PB_2013.zzz_unzipped-JustificationBook_Navy_PB_2013.xml","c58f3e1b9e38e357fc3c36cb6204a5182b2e132e43a0c2e90cc87c9d07cd04f0","2-9dd02d0d3efd8fd111c593d562253ac67c7f26c67ffa41179bb3f1475dd13a89","1","","","","","","","","","","","","","","1066-4a19934060709717700d717571c3ce34c31db894926c41da837c68e6dcc42cdd","root"
"GFE Electronics","0","18.946","","","2.396","0","","","","","","","2013-BASE_PROCUREMENT-2013-NAVY_AIRCRAFT_BA1-4-JustificationBook_Navy_PB_2013.zzz_unzipped-JustificationBook_Navy_PB_2013.xml","d2754e07aff7a1b263a31dad19b45c69e96d75bcc74c3f11578b13908f285a79","0-42404ce73709c52a9558a7a475ccce844fc9848ca8b91eb7dacb42f17f219fa7","0","See End Item P5A","See End Item P5A","20","20","2013","See End Item P5A","2014-07","2014-07","0","0","2014-07","TBD","I think i","1071-ef6c85e41ef313a689b9dbb183bace51cde05b31ec52485e1349458e5cb74a10","root"
"GFE Other","0","1.953","","","0.599","0","","","","","","","2013-BASE_PROCUREMENT-2013-NAVY_AIRCRAFT_BA1-4-JustificationBook_Navy_PB_2013.zzz_unzipped-JustificationBook_Navy_PB_2013.xml","d2754e07aff7a1b263a31dad19b45c69e96d75bcc74c3f11578b13908f285a79","1-c6d4f96e216ecea69365ff45a09aa6c4031d82309fccb584f7e0ecb4c725501a","0","See End Item P5A","See End Item P5A","20","20","2013","See End Item P5A","2014-07","2014-07","0","0","2014-07","TBD","I think i","1071-ef6c85e41ef313a689b9dbb183bace51cde05b31ec52485e1349458e5cb74a10","root"
"GFE - Engines T.L.","0","","","","0","0","","","","","","","2013-BASE_PROCUREMENT-2013-NAVY_AIRCRAFT_BA1-4-JustificationBook_Navy_PB_2013.zzz_unzipped-JustificationBook_Navy_PB_2013.xml","35ba065fc15348b04ce24529e69be9f99c6cbf65b10c2c0aa5e1f211a03d3de7","0-0507591f602dea3255a0f928eaf0cac919674754e6105ddf843a1ab79d7fedad","0","","","","","","","","","","","","","","1072-7bc1dfe14ca28a6bfcf7df1b97ffa6897a64e665e5d95b45fca05df5fa4891ef","root"
"GFE Electronics","0","","","","0","0","","","","","","","2013-BASE_PROCUREMENT-2013-NAVY_AIRCRAFT_BA1-4-JustificationBook_Navy_PB_2013.zzz_unzipped-JustificationBook_Navy_PB_2013.xml","35ba065fc15348b04ce24529e69be9f99c6cbf65b10c2c0aa5e1f211a03d3de7","1-31aa85ce1a3c95e2056f536cffa9667bb8c7a4928466cfb3f161ab5187820c04","0","","","","","","","","","","","","","","1072-7bc1dfe14ca28a6bfcf7df1b97ffa6897a64e665e5d95b45fca05df5fa4891ef","root"
"GFE Other","0","","","","0","0","","","","","","","2013-BASE_PROCUREMENT-2013-NAVY_AIRCRAFT_BA1-4-JustificationBook_Navy_PB_2013.zzz_unzipped-JustificationBook_Navy_PB_2013.xml","35ba065fc15348b04ce24529e69be9f99c6cbf65b10c2c0aa5e1f211a03d3de7","2-4131a1dc457588d95ae99c0af6345852df9718403abd7e3dd2026e754e1bc8c9","0","","","","","","","","","","","","","","1072-7bc1dfe14ca28a6bfcf7df1b97ffa6897a64e665e5d95b45fca05df5fa4891ef","root"
"Engines T.L.","0","276.733","0.232","13","6.1","0","","","","","","","2013-BASE_PROCUREMENT-2013-NAVY_AIRCRAFT_BA1-4-JustificationBook_Navy_PB_2013.zzz_unzipped-JustificationBook_Navy_PB_2013.xml","726c637195c83e4c0a7ae20346d13ed0b7692dc152694d77e984d871c4d21a8a","0-79e5ed03b97a817ef1d1f44d396d6e949c0a0f2efd60a786bbdbe3d8a9a9175b","2","","","","","","","","","","","","","","1075-7b3e4f911434dd1d7a058a33e1ca3077034cb6c9f3500e95d695128aea3e8c09","root"
"ALE-50 IMPLC","0","19.15","","","0","0","","","","","","","2013-BASE_PROCUREMENT-2013-NAVY_AIRCRAFT_BA1-4-JustificationBook_Navy_PB_2013.zzz_unzipped-JustificationBook_Navy_PB_2013.xml","726c637195c83e4c0a7ae20346d13ed0b7692dc152694d77e984d871c4d21a8a","1-25bc608c8417b944db561d3a0abb0ab85253d98d4bbf2ac293e76c04c12d1fed","0","","","","","","","","","","","","","","1075-7b3e4f911434dd1d7a058a33e1ca3077034cb6c9f3500e95d695128aea3e8c09","root"
"GFE Other","0","23.534","1.147","1.262","0.596","0","","","","","","","2013-BASE_PROCUREMENT-2013-NAVY_AIRCRAFT_BA1-4-JustificationBook_Navy_PB_2013.zzz_unzipped-JustificationBook_Navy_PB_2013.xml","726c637195c83e4c0a7ae20346d13ed0b7692dc152694d77e984d871c4d21a8a","2-635d29d1e4c8b31220065b65df60d69857a823b96bfad6759128ee4b282d1753","0","","","","","","","","","","","","","","1075-7b3e4f911434dd1d7a058a33e1ca3077034cb6c9f3500e95d695128aea3e8c09","root"
"G.F.E Engines T.L.","0","93.339","46.043","23.995","14.34","4","","","","","","","2013-BASE_PROCUREMENT-2013-NAVY_AIRCRAFT_BA1-4-JustificationBook_Navy_PB_2013.zzz_unzipped-JustificationBook_Navy_PB_2013.xml","1b6e4b702b24277efec88c4dfcfbc287d38c3d115d2ccf877dd9d7935349683e","0-c58b1db2a7d4fbd1d791b51a7acd0930763a224993d073d12968925c7b71ee8a","0","See End Item P5A","See End Item P5A","27","27","2013","See End Item P5A","2013-04","2013-04","0","0","2013-04","TBD","I think i","1077-c90a706891d91764b7d0e65075f6e0c65b397f137940cfd36ce9ef73c3ad3aa3","root"
"CFE- Engines T. L","0","118.124","62.63","25.79","23.364","6","","","","","","","2013-BASE_PROCUREMENT-2013-NAVY_AIRCRAFT_BA1-4-JustificationBook_Navy_PB_2013.zzz_unzipped-JustificationBook_Navy_PB_2013.xml","e15cc253127a516a7fca2e9705906e3c1522561f68e61267472a1ae406c2db8f","0-d88908478399230467b5b5bb194f8b5d685a11b9f5b22b1a6f174aed72faa694","0","See End Item P5A","See End Item P5A","27","27","2013","See End Item P5A","2013-02","2013-02","0","0","2013-02","TBD","I think i","1079-abbad037c4434e88c78b4027cda68fc9ff907cd1d595490dbebbc63e2f9e4827","root"
"GFE - Engines TL","0","8.281","","","0","0","","","","","","","2013-BASE_PROCUREMENT-2013-NAVY_AIRCRAFT_BA1-4-JustificationBook_Navy_PB_2013.zzz_unzipped-JustificationBook_Navy_PB_2013.xml","88900f9fefa8c2efa538b7df0981031e5954f9d461c6376f83fc0b897746a2a5","0-30f80e959e9e54187d10350e8aec9c357f4425fdc0f335b193169e204f58eafb","0","","","","","","","","","","","","","","1081-731e7e2f93ea82133d8f829355a90079b7b0b43e747302ec032ff65aefb1be5a","root"
"GFE Other","0","81.331","0.183","0.148","0.153","0","","","","","","","2013-BASE_PROCUREMENT-2013-NAVY_AIRCRAFT_BA1-4-JustificationBook_Navy_PB_2013.zzz_unzipped-JustificationBook_Navy_PB_2013.xml","88900f9fefa8c2efa538b7df0981031e5954f9d461c6376f83fc0b897746a2a5","1-4b0a710409bf35d4254d4907f648ee9622db54f448651e70395278213bf22c02","0","See End Item P5A","See End Item P5A","27","27","2013","See End Item P5A","2015-03","2015-03","0","0","2015-03","TBD","I think i","1081-731e7e2f93ea82133d8f829355a90079b7b0b43e747302ec032ff65aefb1be5a","root"
"CFE Com/Nav","0","11.466","3.977","2.014","2.654","0","","","","","","","2013-BASE_PROCUREMENT-2013-NAVY_AIRCRAFT_BA1-4-JustificationBook_Navy_PB_2013.zzz_unzipped-JustificationBook_Navy_PB_2013.xml","88900f9fefa8c2efa538b7df0981031e5954f9d461c6376f83fc0b897746a2a5","2-3dde857c16a1f1bfd1ec26dfd51ad7697fe5bf072f7fcf19228e0b9feea9404e","0","See End Item P5A","See End Item P5A","29","29","2013","See End Item P5A","2015-05","2015-05","0","0","2015-05","TBD","I think i","1081-731e7e2f93ea82133d8f829355a90079b7b0b43e747302ec032ff65aefb1be5a","root"
"GFE EW","0","12.796","4.149","2.533","2.916","0","","","","","","","2013-BASE_PROCUREMENT-2013-NAVY_AIRCRAFT_BA1-4-JustificationBook_Navy_PB_2013.zzz_unzipped-JustificationBook_Navy_PB_2013.xml","88900f9fefa8c2efa538b7df0981031e5954f9d461c6376f83fc0b897746a2a5","3-386da6305d9bba0f4e3fbb6ffa484c214f617d5e626de8d8028f071ee3dea59d","0","See End Item P5A","See End Item P5A","29","29","2013","See End Item P5A","2015-05","2015-05","0","0","2015-05","TBD","I think i","1081-731e7e2f93ea82133d8f829355a90079b7b0b43e747302ec032ff65aefb1be5a","root"
"Engines T.L.","0","37.09","5.273","5.624","0","0","","","","","","","2013-BASE_PROCUREMENT-2013-NAVY_AIRCRAFT_BA7-MasterJustificationBook_Navy_PB_2013.zzz_unzipped-MasterJustificationBook_Navy_PB_2013.xml","fc4ad63a37f11443d049b6c774a2c3a61b497f69db08ea5c5de15e3106a0de6f","0-1eb0c399d39913ee96d9affa419c3ed1b51c5b2e75e269302cc12ad8b771999e","2","","","","","","","","","","","","","","1083-107ae5e9b4d2d8758676e2d0ade18742f7a2a4c99d17fd8eb94ad89341413eb5","root"
"GFE Other","0","9.953","18.03","0.562","0","0","","","","","","","2013-BASE_PROCUREMENT-2013-NAVY_AIRCRAFT_BA7-MasterJustificationBook_Navy_PB_2013.zzz_unzipped-MasterJustificationBook_Navy_PB_2013.xml","fc4ad63a37f11443d049b6c774a2c3a61b497f69db08ea5c5de15e3106a0de6f","1-a4dd040e06bfb8e02fc5fc0177c5f855585b22c42107c957bd168b08c874b748","0","","","","","","","","","","","","","","1083-107ae5e9b4d2d8758676e2d0ade18742f7a2a4c99d17fd8eb94ad89341413eb5","root"
"GFE - Engines T.L.","0","220.195","16.081","15.382","15.644","0","","","","","","","2013-BASE_PROCUREMENT-2013-NAVY_AIRCRAFT_BA7-MasterJustificationBook_Navy_PB_2013.zzz_unzipped-MasterJustificationBook_Navy_PB_2013.xml","52b39e0ba477b629fab29d59fdc36d8c3d0ab657f636c88f6789b1fdfc38a7cd","0-0a346784a78474548adcf72e7b96df644b890d1f4570fad3590b090bd08b75bb","2","See End Item P5A","See End Item P5A","14","14","2013","See End Item P5A","2013-01","2013-01","0","0","2013-01","TBD","I think i","1087-3592674c7644bf7e754771518d8628cdda94dfc0f2f4e23010e52590505283b7","root"
"GFE - Cockpit","0","270.202","","","0","0","","","","","","","2013-BASE_PROCUREMENT-2013-NAVY_AIRCRAFT_BA7-MasterJustificationBook_Navy_PB_2013.zzz_unzipped-MasterJustificationBook_Navy_PB_2013.xml","52b39e0ba477b629fab29d59fdc36d8c3d0ab657f636c88f6789b1fdfc38a7cd","1-5ba3c5909237dfb34314ac4d4260714bf1cad0827548ea572965daf5eb873393","1","See End Item P5A","See End Item P5A","15","15","2013","See End Item P5A","2012-12","2012-12","0","0","2012-12","TBD","I think i","1087-3592674c7644bf7e754771518d8628cdda94dfc0f2f4e23010e52590505283b7","root"
"Cockpit For FY12 EOQ/Long Lead","0","","13.103","","0","0","","","","","","","2013-BASE_PROCUREMENT-2013-NAVY_AIRCRAFT_BA7-MasterJustificationBook_Navy_PB_2013.zzz_unzipped-MasterJustificationBook_Navy_PB_2013.xml","52b39e0ba477b629fab29d59fdc36d8c3d0ab657f636c88f6789b1fdfc38a7cd","2-e358e0338d6747133e3ea323d044d91a31f9965b15eb7685a3c7dafbcd3b6404","1","See End Item P5A","See End Item P5A","15","15","2013","See End Item P5A","2012-12","2012-12","0","0","2012-12","TBD","I think i","1087-3592674c7644bf7e754771518d8628cdda94dfc0f2f4e23010e52590505283b7","root"
"Cockpit for FY13 EOQ/Long Lead","0","","","13.154","0","0","","","","","","","2013-BASE_PROCUREMENT-2013-NAVY_AIRCRAFT_BA7-MasterJustificationBook_Navy_PB_2013.zzz_unzipped-MasterJustificationBook_Navy_PB_2013.xml","52b39e0ba477b629fab29d59fdc36d8c3d0ab657f636c88f6789b1fdfc38a7cd","3-5a2e9d1c1de47acb18c88580381050f95f229aa15615fe5fb178b87f9e9cce7b","1","See End Item P5A","See End Item P5A","15","15","2013","See End Item P5A","2012-12","2012-12","0","0","2012-12","TBD","I think i","1087-3592674c7644bf7e754771518d8628cdda94dfc0f2f4e23010e52590505283b7","root"
"Cockpit for FY14 EOQ/Long Lead","0","","","3.5","13.154","0","","","","","","","2013-BASE_PROCUREMENT-2013-NAVY_AIRCRAFT_BA7-MasterJustificationBook_Navy_PB_2013.zzz_unzipped-MasterJustificationBook_Navy_PB_2013.xml","52b39e0ba477b629fab29d59fdc36d8c3d0ab657f636c88f6789b1fdfc38a7cd","4-9f4f2bac55e6bfdde78a80de8f7cd8316ef631d65c2f33923d735f7fdbf009f6","1","See End Item P5A","See End Item P5A","15","15","2013","See End Item P5A","2012-12","2012-12","0","0","2012-12","TBD","I think i","1087-3592674c7644bf7e754771518d8628cdda94dfc0f2f4e23010e52590505283b7","root"
"Cockpit for FY15 EOQ/Long Lead","0","","","2.25","1","0","","","","","","","2013-BASE_PROCUREMENT-2013-NAVY_AIRCRAFT_BA7-MasterJustificationBook_Navy_PB_2013.zzz_unzipped-MasterJustificationBook_Navy_PB_2013.xml","52b39e0ba477b629fab29d59fdc36d8c3d0ab657f636c88f6789b1fdfc38a7cd","5-dfdcf53de61fd400c84f8c3135bdb0c5f5aa547fda5611aea3c1dd9c13f581fb","1","See End Item P5A","See End Item P5A","15","15","2013","See End Item P5A","2012-12","2012-12","0","0","2012-12","TBD","I think i","1087-3592674c7644bf7e754771518d8628cdda94dfc0f2f4e23010e52590505283b7","root"
"A/C Misc Avn","0","102.907","13.915","12.513","14.109","0","","","","","","","2013-BASE_PROCUREMENT-2013-NAVY_AIRCRAFT_BA7-MasterJustificationBook_Navy_PB_2013.zzz_unzipped-MasterJustificationBook_Navy_PB_2013.xml","52b39e0ba477b629fab29d59fdc36d8c3d0ab657f636c88f6789b1fdfc38a7cd","6-fde67635e090e39ec15251d2ea677a2e1dec587c79972daccea2bed41b474792","0","","","","","","","","","","","","","","1087-3592674c7644bf7e754771518d8628cdda94dfc0f2f4e23010e52590505283b7","root"
"GFE Other","0","15.399","2.599","3.413","2.3","0","","","","","","","2013-BASE_PROCUREMENT-2013-NAVY_AIRCRAFT_BA7-MasterJustificationBook_Navy_PB_2013.zzz_unzipped-MasterJustificationBook_Navy_PB_2013.xml","6b43da5773fdddd6745e6a9177c3b5322c6d5d599a05e656a65c474843726605","0-986ecddfbcaac4fde104e338e60c791066485a13b264b9d8260d26fe7f7635de","0","","","","","","","","","","","","","","1089-44e9bed9180726beabec0584ecc33d6349ce159d8b2c020d09d38524fa90772f","root"
"GFE Electronics","0","","","","0","0","","","","","","","2013-BASE_PROCUREMENT-2013-NAVY_AIRCRAFT_BA7-MasterJustificationBook_Navy_PB_2013.zzz_unzipped-MasterJustificationBook_Navy_PB_2013.xml","a239252c2db994d3d59f63231ca3c22a219233e70e30c14c66a0ba0cdfbe6d4f","0-14ef060e695c0bb805356422d9d792c7909bf2bff46bea8533c1040dd9a83e74","0","","","","","","","","","","","","","","1091-465e0b7e26caf6fb797a42951870acf93e33094a6fdae1edd9c941ef1f4b34da","root"
"GFE Other","0","","","","0","0","","","","","","","2013-BASE_PROCUREMENT-2013-NAVY_AIRCRAFT_BA7-MasterJustificationBook_Navy_PB_2013.zzz_unzipped-MasterJustificationBook_Navy_PB_2013.xml","a239252c2db994d3d59f63231ca3c22a219233e70e30c14c66a0ba0cdfbe6d4f","1-38f93c48e9ad198b1dd347e450960c79f5861eed4f689fcd32f36ce69dd46945","0","","","","","","","","","","","","","","1091-465e0b7e26caf6fb797a42951870acf93e33094a6fdae1edd9c941ef1f4b34da","root"
"Other GFE","0","32.177","","","0","0","","","","","","","2013-BASE_PROCUREMENT-2013-NAVY_AIRCRAFT_BA7-MasterJustificationBook_Navy_PB_2013.zzz_unzipped-MasterJustificationBook_Navy_PB_2013.xml","f574b404c7e4bb0b9eaa9bd06310ba954fd8383396e28c51365d22c8228792d8","0-b9526f71d008c575566b986c92bea0c490b6374ab3c5a7a7ac08c736c9b09b31","1","","","","","","","","","","","","","","1093-7c3265099d8bedac711cb513a290e5e6f0c75dc3fd7e4cace4fb8c48df5708ac","root"
"JTIDS","0","16.955","","","0","0","","","","","","","2013-BASE_PROCUREMENT-2013-NAVY_AIRCRAFT_BA7-MasterJustificationBook_Navy_PB_2013.zzz_unzipped-MasterJustificationBook_Navy_PB_2013.xml","f574b404c7e4bb0b9eaa9bd06310ba954fd8383396e28c51365d22c8228792d8","1-d0a604fc46f440e9d4fadf8bc5405c8e487fcad7d8c9a6e082a38c35087ea099","1","","","","","","","","","","","","","","1093-7c3265099d8bedac711cb513a290e5e6f0c75dc3fd7e4cace4fb8c48df5708ac","root"
"Engines","0","14.9","","","0","0","","","","","","","2013-BASE_PROCUREMENT-2013-NAVY_AIRCRAFT_BA7-MasterJustificationBook_Navy_PB_2013.zzz_unzipped-MasterJustificationBook_Navy_PB_2013.xml","f574b404c7e4bb0b9eaa9bd06310ba954fd8383396e28c51365d22c8228792d8","2-0ad1586cc584f825876f04a111599902a39b278b1b70b7031e8d225339f19e59","1","","","","","","","","","","","","","","1093-7c3265099d8bedac711cb513a290e5e6f0c75dc3fd7e4cace4fb8c48df5708ac","root"
"GFE Electronics","0","18.946","","","2.396","0","","","","","","","2013-BASE_PROCUREMENT-2013-NAVY_AIRCRAFT_BA7-MasterJustificationBook_Navy_PB_2013.zzz_unzipped-MasterJustificationBook_Navy_PB_2013.xml","19b818fa742a194bd563aa5faa6e5e005c270142ae3622837df452b09ef21fd9","0-8ae457663aa275cfbe8a7fa135cab49b2522736adde7ea047ec5d4a0be756947","0","See End Item P5A","See End Item P5A","20","20","2013","See End Item P5A","2014-07","2014-07","0","0","2014-07","TBD","I think i","1098-408144823323a0f82ae0eea469b6b2c0b10ccb34411a87016fbd758b8faf5b03","root"
"GFE Other","0","1.953","","","0.599","0","","","","","","","2013-BASE_PROCUREMENT-2013-NAVY_AIRCRAFT_BA7-MasterJustificationBook_Navy_PB_2013.zzz_unzipped-MasterJustificationBook_Navy_PB_2013.xml","19b818fa742a194bd563aa5faa6e5e005c270142ae3622837df452b09ef21fd9","1-7e3d03406c7cd5ce9a6275cf40b6a3fcf1a736a4832db874ae3a2134b212b102","0","See End Item P5A","See End Item P5A","20","20","2013","See End Item P5A","2014-07","2014-07","0","0","2014-07","TBD","I think i","1098-408144823323a0f82ae0eea469b6b2c0b10ccb34411a87016fbd758b8faf5b03","root"
"GFE - Engines T.L.","0","","","","0","0","","","","","","","2013-BASE_PROCUREMENT-2013-NAVY_AIRCRAFT_BA7-MasterJustificationBook_Navy_PB_2013.zzz_unzipped-MasterJustificationBook_Navy_PB_2013.xml","a2cf9a9f7e41de0e4e8e70c616aab683dbff4c199053caf8b648f74fa8d86680","0-9d7be33fdfb710f64f3a28d903dc2a4ad7354fdc411dd082be5245d6fc48352d","0","","","","","","","","","","","","","","1099-b97e4dcae37a2030d82cf7311cdcebe1fbc1cfca4d901ff3e3ca83c643aa75da","root"
"GFE Electronics","0","","","","0","0","","","","","","","2013-BASE_PROCUREMENT-2013-NAVY_AIRCRAFT_BA7-MasterJustificationBook_Navy_PB_2013.zzz_unzipped-MasterJustificationBook_Navy_PB_2013.xml","a2cf9a9f7e41de0e4e8e70c616aab683dbff4c199053caf8b648f74fa8d86680","1-4eef56490b63e91140d1273b7f249b291b334040a3b93aab42c8a5cf1c0bb989","0","","","","","","","","","","","","","","1099-b97e4dcae37a2030d82cf7311cdcebe1fbc1cfca4d901ff3e3ca83c643aa75da","root"
"GFE Other","0","","","","0","0","","","","","","","2013-BASE_PROCUREMENT-2013-NAVY_AIRCRAFT_BA7-MasterJustificationBook_Navy_PB_2013.zzz_unzipped-MasterJustificationBook_Navy_PB_2013.xml","a2cf9a9f7e41de0e4e8e70c616aab683dbff4c199053caf8b648f74fa8d86680","2-1d428be1481abbf087b6771de8e2b434bbcb9fe206e4a38d525b3399bb0166a0","0","","","","","","","","","","","","","","1099-b97e4dcae37a2030d82cf7311cdcebe1fbc1cfca4d901ff3e3ca83c643aa75da","root"
"Engines T.L.","0","276.733","0.232","13","6.1","0","","","","","","","2013-BASE_PROCUREMENT-2013-NAVY_AIRCRAFT_BA7-MasterJustificationBook_Navy_PB_2013.zzz_unzipped-MasterJustificationBook_Navy_PB_2013.xml","e21141c5bdc26da71ac5ea984451900c0d04cdb459ada4454fef17e3e0d037e3","0-7ba78e9c15a46c387b5c088bc06592bec91a08a901dd62074dc631df42e169f6","2","","","","","","","","","","","","","","1102-5ed52523bff867ae12138adbfdb6e32ac701454573c3cece639266a6234aa833","root"
"ALE-50 IMPLC","0","19.15","","","0","0","","","","","","","2013-BASE_PROCUREMENT-2013-NAVY_AIRCRAFT_BA7-MasterJustificationBook_Navy_PB_2013.zzz_unzipped-MasterJustificationBook_Navy_PB_2013.xml","e21141c5bdc26da71ac5ea984451900c0d04cdb459ada4454fef17e3e0d037e3","1-3b267ffea39994a701e6ee7f443dd325504cb29b7019e9f93a6074053f6bd160","0","","","","","","","","","","","","","","1102-5ed52523bff867ae12138adbfdb6e32ac701454573c3cece639266a6234aa833","root"
"GFE Other","0","23.534","1.147","1.262","0.596","0","","","","","","","2013-BASE_PROCUREMENT-2013-NAVY_AIRCRAFT_BA7-MasterJustificationBook_Navy_PB_2013.zzz_unzipped-MasterJustificationBook_Navy_PB_2013.xml","e21141c5bdc26da71ac5ea984451900c0d04cdb459ada4454fef17e3e0d037e3","2-ecf89d05304664f1a39626dd26986b336ced773204af0c5cfff4e39f2d6c0cca","0","","","","","","","","","","","","","","1102-5ed52523bff867ae12138adbfdb6e32ac701454573c3cece639266a6234aa833","root"
"G.F.E Engines T.L.","0","93.339","46.043","23.995","14.34","4","","","","","","","2013-BASE_PROCUREMENT-2013-NAVY_AIRCRAFT_BA7-MasterJustificationBook_Navy_PB_2013.zzz_unzipped-MasterJustificationBook_Navy_PB_2013.xml","6be8c1ba8081b3684a551a7ebb51417b1707dd863e3e39ea0bab2286adf1d1a8","0-37deeb7bc8556aac0dab7badf30ed64a84283b99bfcd19ac50237be0bb1360d8","0","See End Item P5A","See End Item P5A","27","27","2013","See End Item P5A","2013-04","2013-04","0","0","2013-04","TBD","I think i","1104-e85fca0e2a93c0fa76af90fa20545e0aa1ae5c4c8b66b9d52ae09975fa2baf5c","root"
"CFE- Engines T. L","0","118.124","62.63","25.79","23.364","6","","","","","","","2013-BASE_PROCUREMENT-2013-NAVY_AIRCRAFT_BA7-MasterJustificationBook_Navy_PB_2013.zzz_unzipped-MasterJustificationBook_Navy_PB_2013.xml","57b7e75a2b5cb2d490ce2912a42672afdb440d0c4fc34c245fb92baa86ce8db1","0-95d4c1cb3cf59349fd098c0bf4f990429c592c5c29f88a62e4a708854403d009","0","See End Item P5A","See End Item P5A","27","27","2013","See End Item P5A","2013-02","2013-02","0","0","2013-02","TBD","I think i","1106-5b8deab3d878741028e7b9dcd28e9822d3086a861d99d44d00e37075cd3a1a03","root"
"GFE - Engines TL","0","8.281","","","0","0","","","","","","","2013-BASE_PROCUREMENT-2013-NAVY_AIRCRAFT_BA7-MasterJustificationBook_Navy_PB_2013.zzz_unzipped-MasterJustificationBook_Navy_PB_2013.xml","7597bbdd4d25ec92c5844fecacfdaaaa10c12e15befbde6f7b81db23360e002e","0-b02253542e08e65dfa84e1e4a6503435c53366ff20f21b5078ff7a163613eb86","0","","","","","","","","","","","","","","1108-f6ac504d795fbd7cebd982eaf256c8e04b61d6c5559a3300fbe1f9fb43b4778a","root"
"GFE Other","0","81.331","0.183","0.148","0.153","0","","","","","","","2013-BASE_PROCUREMENT-2013-NAVY_AIRCRAFT_BA7-MasterJustificationBook_Navy_PB_2013.zzz_unzipped-MasterJustificationBook_Navy_PB_2013.xml","7597bbdd4d25ec92c5844fecacfdaaaa10c12e15befbde6f7b81db23360e002e","1-917d319503f86da27a9b41b431da75f164cf551fe8b2b511c9ff7cf2b0de111a","0","See End Item P5A","See End Item P5A","27","27","2013","See End Item P5A","2015-03","2015-03","0","0","2015-03","TBD","I think i","1108-f6ac504d795fbd7cebd982eaf256c8e04b61d6c5559a3300fbe1f9fb43b4778a","root"
"CFE Com/Nav","0","11.466","3.977","2.014","2.654","0","","","","","","","2013-BASE_PROCUREMENT-2013-NAVY_AIRCRAFT_BA7-MasterJustificationBook_Navy_PB_2013.zzz_unzipped-MasterJustificationBook_Navy_PB_2013.xml","7597bbdd4d25ec92c5844fecacfdaaaa10c12e15befbde6f7b81db23360e002e","2-c6c276774cae8dafe8fd022bf769f55d35ec559348ff391b09bcb05d4780f077","0","See End Item P5A","See End Item P5A","29","29","2013","See End Item P5A","2015-05","2015-05","0","0","2015-05","TBD","I think i","1108-f6ac504d795fbd7cebd982eaf256c8e04b61d6c5559a3300fbe1f9fb43b4778a","root"
"GFE EW","0","12.796","4.149","2.533","2.916","0","","","","","","","2013-BASE_PROCUREMENT-2013-NAVY_AIRCRAFT_BA7-MasterJustificationBook_Navy_PB_2013.zzz_unzipped-MasterJustificationBook_Navy_PB_2013.xml","7597bbdd4d25ec92c5844fecacfdaaaa10c12e15befbde6f7b81db23360e002e","3-836e8e1d986f41f419ff4523ef4edf31754c6c5814b4fece7c02ceee623741c8","0","See End Item P5A","See End Item P5A","29","29","2013","See End Item P5A","2015-05","2015-05","0","0","2015-05","TBD","I think i","1108-f6ac504d795fbd7cebd982eaf256c8e04b61d6c5559a3300fbe1f9fb43b4778a","root"
"Other Government Furnished Equipment ()","12","12.624","0","0","0","","0","0","0","0","0","12.624","2014-BASE_PROCUREMENT-2014-AIRFORCE_AIRCRAFT_VOL1-PROCUREMENT_JustificationBook_Air_Force_PB_2014.zzz_unzipped-PROCUREMENT_JustificationBook_Air_Force_PB_2014.xml","87fe378a0d0a4ac2bd7f5599a847577c8b84352d788084ef2c6af33bc809e3d3","0-6b406aab4746d407dc8b88989e497a1b45c6965608042bd91ad0bc5055d2a808","","","","","","","","","","","","","","","1753-434fb9352040a89f21e1a38e18d394e47c7ac0e39db3b05a53a43527f9a673a8","root"
"Other Government Furnished Equipment ()","12","12.624","0","0","0","","0","0","0","0","0","12.624","2014-BASE_PROCUREMENT-2014-AIRFORCE_AIRCRAFT_VOL2-PROCUREMENT_MasterJustificationBook_Air_Force_PB_2014.zzz_unzipped-PROCUREMENT_MasterJustificationBook_Air_Force_PB_2014.xml","488edd08a4134d4ef47f67932aa0e770dd42909fc6ec080a1be4113faa890508","0-9f5379f91e93f33ac539c027070363910013c64cccd8b54b19ebff2ac67ce667","","","","","","","","","","","","","","","1800-ce7c69208601001f4278e8a76d0c668075360e224e7bf9e8a8d54953a9e99fcd","root"
"Other Government Furnished Equipment ()","12","12.624","0","0","0","","0","0","0","0","0","12.624","2014-BASE_PROCUREMENT-2014-AIRFORCE_AIRCRAFT_VOL1-PROCUREMENT_MasterJustificationBook_Air_Force_PB_2014.zzz_unzipped-PROCUREMENT_MasterJustificationBook_Air_Force_PB_2014.xml","9de913aeb6567c0d4534e57110f9dda8f4ab9f2890ebec10995f16b0056b8d4a","0-15e804f5ee39e7867951f290379851129a2f4f71f289a82b8b820e8da3511f74","","","","","","","","","","","","","","","1847-22969d9aab9d01811e2ee214419188b9260f6e8b500fcf04b5657398d46b45ae","root"
"Engines T.L.","0","42.363","5.367","","0","0","","","","","","","2014-BASE_PROCUREMENT-2014-NAVY_AIRCRAFT_BA1-4-PROCUREMENT_JustificationBook_Navy_PB_2014.zzz_unzipped-PROCUREMENT_JustificationBook_Navy_PB_2014.xml","59eb071a2b8c27825df619eb2437ee7c5c84f3ba541674a32571545b2cf94550","0-15f2246e32a1096145d9354aea2ca3548cfed71ac9fc406e23cb81bdd987d517","2","See End Item P5A","See End Item P5A","24","24","2013","See End Item P5A","0001-01","0001-01","0","0","0001-01","TBD","I think i","2720-6e1678a73599ecada001a0cdc15770905e172df8caf9fc5f2a01656a0e963fb1","root"
"GFE Other","0","27.983","0.299","","0","0","","","","","","","2014-BASE_PROCUREMENT-2014-NAVY_AIRCRAFT_BA1-4-PROCUREMENT_JustificationBook_Navy_PB_2014.zzz_unzipped-PROCUREMENT_JustificationBook_Navy_PB_2014.xml","59eb071a2b8c27825df619eb2437ee7c5c84f3ba541674a32571545b2cf94550","1-dd3e6070dd913ff62f02ce1b1f5c5d1cc4894e049bd11ef036f6f074945c1c95","0","See End Item P5A","See End Item P5A","0","0","2013","See End Item P5A","0001-01","0001-01","0","0","0001-01","TBD","I think i","2720-6e1678a73599ecada001a0cdc15770905e172df8caf9fc5f2a01656a0e963fb1","root"
"GFE - Engines T.L.","0","236.277","17.326","16.872","12.727","0","","","","","","","2014-BASE_PROCUREMENT-2014-NAVY_AIRCRAFT_BA1-4-PROCUREMENT_JustificationBook_Navy_PB_2014.zzz_unzipped-PROCUREMENT_JustificationBook_Navy_PB_2014.xml","d9f1e0fb0d1c8f37f7cf1fb8789cbe4e3f3cf2139c15aa9e23860a1278ea6cc4","0-ca7cc61cd5955fef5663223f2542f47c45edda9159443c5d458f936d3bd116a3","2","See End Item P5A","See End Item P5A","14","14","2013","See End Item P5A","2014-01","2014-01","0","0","2014-01","TBD","I think i","2724-dfe93a2e18b53479b83abe27b28ef0833ca5d06625792c918479034ab00bf201","root"
"GFE - Cockpit","0","270.202","","","0","0","","","","","","","2014-BASE_PROCUREMENT-2014-NAVY_AIRCRAFT_BA1-4-PROCUREMENT_JustificationBook_Navy_PB_2014.zzz_unzipped-PROCUREMENT_JustificationBook_Navy_PB_2014.xml","d9f1e0fb0d1c8f37f7cf1fb8789cbe4e3f3cf2139c15aa9e23860a1278ea6cc4","1-ab90714f16e190c059f3aaf3f9cf110e38dbc298bfcec926b66b698c217ad77b","1","See End Item P5A","See End Item P5A","15","15","2013","See End Item P5A","2013-12","2013-12","0","0","2013-12","TBD","I think i","2724-dfe93a2e18b53479b83abe27b28ef0833ca5d06625792c918479034ab00bf201","root"
"Cockpit For FY12 EOQ/Long Lead","0","17.911","","","0","0","","","","","","","2014-BASE_PROCUREMENT-2014-NAVY_AIRCRAFT_BA1-4-PROCUREMENT_JustificationBook_Navy_PB_2014.zzz_unzipped-PROCUREMENT_JustificationBook_Navy_PB_2014.xml","d9f1e0fb0d1c8f37f7cf1fb8789cbe4e3f3cf2139c15aa9e23860a1278ea6cc4","2-25e96a910472debeebb86712a638bfb5c951b1a66746c881409b8661e2b8bac1","1","See End Item P5A","See End Item P5A","15","15","2013","See End Item P5A","2013-12","2013-12","0","0","2013-12","TBD","I think i","2724-dfe93a2e18b53479b83abe27b28ef0833ca5d06625792c918479034ab00bf201","root"
"Cockpit for FY13 EOQ/Long Lead","0","","13.2","","0","0","","","","","","","2014-BASE_PROCUREMENT-2014-NAVY_AIRCRAFT_BA1-4-PROCUREMENT_JustificationBook_Navy_PB_2014.zzz_unzipped-PROCUREMENT_JustificationBook_Navy_PB_2014.xml","d9f1e0fb0d1c8f37f7cf1fb8789cbe4e3f3cf2139c15aa9e23860a1278ea6cc4","3-9fe0b2d084a5e76295c4a43a98e27df086df425fb6d81d3b8481ad4749b7bbba","1","See End Item P5A","See End Item P5A","15","15","2013","See End Item P5A","2013-12","2013-12","0","0","2013-12","TBD","I think i","2724-dfe93a2e18b53479b83abe27b28ef0833ca5d06625792c918479034ab00bf201","root"
"Cockpit for FY14 EOQ/Long Lead","0","","3.5","11.925","0","0","","","","","","","2014-BASE_PROCUREMENT-2014-NAVY_AIRCRAFT_BA1-4-PROCUREMENT_JustificationBook_Navy_PB_2014.zzz_unzipped-PROCUREMENT_JustificationBook_Navy_PB_2014.xml","d9f1e0fb0d1c8f37f7cf1fb8789cbe4e3f3cf2139c15aa9e23860a1278ea6cc4","4-20d7d4093f9208446d4ff9288f9adb5a1b34efca6eee24792f2cb5176e848eed","1","See End Item P5A","See End Item P5A","15","15","2013","See End Item P5A","2012-12","2012-12","0","0","2012-12","TBD","I think i","2724-dfe93a2e18b53479b83abe27b28ef0833ca5d06625792c918479034ab00bf201","root"
"Cockpit for FY15 EOQ/Long Lead","0","","2.25","1","5.3","0","","","","","","","2014-BASE_PROCUREMENT-2014-NAVY_AIRCRAFT_BA1-4-PROCUREMENT_JustificationBook_Navy_PB_2014.zzz_unzipped-PROCUREMENT_JustificationBook_Navy_PB_2014.xml","d9f1e0fb0d1c8f37f7cf1fb8789cbe4e3f3cf2139c15aa9e23860a1278ea6cc4","5-4c4f9b604b2515731208bc523e612d48a9d48a2be0c9f4b4496932255dd92145","1","See End Item P5A","See End Item P5A","15","15","2013","See End Item P5A","2013-12","2013-12","0","0","2013-12","TBD","I think i","2724-dfe93a2e18b53479b83abe27b28ef0833ca5d06625792c918479034ab00bf201","root"
"A/C Misc Avionics","0","116.763","14.426","14.11","8.094","0","","","","","","","2014-BASE_PROCUREMENT-2014-NAVY_AIRCRAFT_BA1-4-PROCUREMENT_JustificationBook_Navy_PB_2014.zzz_unzipped-PROCUREMENT_JustificationBook_Navy_PB_2014.xml","d9f1e0fb0d1c8f37f7cf1fb8789cbe4e3f3cf2139c15aa9e23860a1278ea6cc4","6-a1ea1d2df6e37c32279664858e6ec36fc5fb46bf31e11532c13005b98e68a411","0","See End Item P5A","See End Item P5A","0","0","2013","See End Item P5A","0001-01","0001-01","0","0","0001-01","TBD","I think i","2724-dfe93a2e18b53479b83abe27b28ef0833ca5d06625792c918479034ab00bf201","root"
"GFE Other","0","17.047","3.119","2.958","4.581","0","","","","","","","2014-BASE_PROCUREMENT-2014-NAVY_AIRCRAFT_BA1-4-PROCUREMENT_JustificationBook_Navy_PB_2014.zzz_unzipped-PROCUREMENT_JustificationBook_Navy_PB_2014.xml","fca80c4a5bf23e192e9420dded4f49a1b46495e610d6495e88d6fe525d380853","0-e2ca578b022592c09b17e79ab07f70448b4210b84a4433680510103e4f138d51","0","See End Item P5A","See End Item P5A","0","0","2013","See End Item P5A","0001-01","0001-01","0","0","0001-01","TBD","I think i","2726-a7f16e734bbc846c3b8fcba0872c238dc2d48ced4f2c9bf0a2beb00788b3ea8d","root"
"MYP Savings","0","","","22.76","0","0","","","","","","","2014-BASE_PROCUREMENT-2014-NAVY_AIRCRAFT_BA1-4-PROCUREMENT_JustificationBook_Navy_PB_2014.zzz_unzipped-PROCUREMENT_JustificationBook_Navy_PB_2014.xml","fca80c4a5bf23e192e9420dded4f49a1b46495e610d6495e88d6fe525d380853","1-b4d8705a27c4dc584d547229f884e3de8ebd763aac2f7d913534250173a7c9f7","0","See End Item P5A","See End Item P5A","0","0","2013","See End Item P5A","0001-01","0001-01","0","0","0001-01","TBD","I think i","2726-a7f16e734bbc846c3b8fcba0872c238dc2d48ced4f2c9bf0a2beb00788b3ea8d","root"
"GFE Electronics","0","","","","0","0","","","","","","","2014-BASE_PROCUREMENT-2014-NAVY_AIRCRAFT_BA1-4-PROCUREMENT_JustificationBook_Navy_PB_2014.zzz_unzipped-PROCUREMENT_JustificationBook_Navy_PB_2014.xml","9153159fe86babf2338e4b160b0225ad806515ca1ccc0dbf362bf9b5e04bfffb","0-54a8df26111d011afaa59d48e3d67d2fd5239a6d94cac65ad6bb1e0327b09ea8","0","See End Item P5A","See End Item P5A","0","0","2013","See End Item P5A","0001-01","0001-01","0","0","0001-01","TBD","I think i","2728-0b5bc1001d5bd8f22be1eb84db0e054e0392a07dff2a2699a98dd2de26d3fc9c","root"
"GFE Other","0","","","","0","0","","","","","","","2014-BASE_PROCUREMENT-2014-NAVY_AIRCRAFT_BA1-4-PROCUREMENT_JustificationBook_Navy_PB_2014.zzz_unzipped-PROCUREMENT_JustificationBook_Navy_PB_2014.xml","9153159fe86babf2338e4b160b0225ad806515ca1ccc0dbf362bf9b5e04bfffb","1-47358dd0932311570b6b6d4ee4aa1c0cac6126bcea9e3c943b4c55db7ef025c2","0","See End Item P5A","See End Item P5A","0","0","2013","See End Item P5A","0001-01","0001-01","0","0","0001-01","TBD","I think i","2728-0b5bc1001d5bd8f22be1eb84db0e054e0392a07dff2a2699a98dd2de26d3fc9c","root"
"Other GFE","0","32.177","","","0","0","","","","","","","2014-BASE_PROCUREMENT-2014-NAVY_AIRCRAFT_BA1-4-PROCUREMENT_JustificationBook_Navy_PB_2014.zzz_unzipped-PROCUREMENT_JustificationBook_Navy_PB_2014.xml","0665cc0483394d06f3f23a211d09a0bac88f7a74f6e6df002dd9f2bcbf15f4e0","0-12ddb715757440c5a2a0a33dd6764125d6e9b2d35005b9ca405cef448c77a431","1","See End Item P5A","See End Item P5A","36","36","2013","See End Item P5A","0001-01","0001-01","0","0","0001-01","TBD","I think i","2730-65f79381bc734aed7023246688452ccdf74e60c4e81c2f3c230747a35c4df272","root"
"JTIDS","0","16.955","","","0","0","","","","","","","2014-BASE_PROCUREMENT-2014-NAVY_AIRCRAFT_BA1-4-PROCUREMENT_JustificationBook_Navy_PB_2014.zzz_unzipped-PROCUREMENT_JustificationBook_Navy_PB_2014.xml","0665cc0483394d06f3f23a211d09a0bac88f7a74f6e6df002dd9f2bcbf15f4e0","1-4eedce6d6b47aa7f07c74c2a74a7ce4fdbbc95b7eb1c9fe6ebc535bb983e9a45","1","See End Item P5A","See End Item P5A","36","36","2013","See End Item P5A","0001-01","0001-01","0","0","0001-01","TBD","I think i","2730-65f79381bc734aed7023246688452ccdf74e60c4e81c2f3c230747a35c4df272","root"
"Engines","0","14.9","","","0","0","","","","","","","2014-BASE_PROCUREMENT-2014-NAVY_AIRCRAFT_BA1-4-PROCUREMENT_JustificationBook_Navy_PB_2014.zzz_unzipped-PROCUREMENT_JustificationBook_Navy_PB_2014.xml","0665cc0483394d06f3f23a211d09a0bac88f7a74f6e6df002dd9f2bcbf15f4e0","2-0a23e119533b2f178d0b0ba47d4ed41a5d3fd0276cdbb711e298c64b7fdbaed1","1","See End Item P5A","See End Item P5A","39","39","2013","See End Item P5A","0001-01","0001-01","0","0","0001-01","TBD","I think i","2730-65f79381bc734aed7023246688452ccdf74e60c4e81c2f3c230747a35c4df272","root"
"GFE Electronics","0","18.946","","2.396","1.804","1","","","","","","","2014-BASE_PROCUREMENT-2014-NAVY_AIRCRAFT_BA1-4-PROCUREMENT_JustificationBook_Navy_PB_2014.zzz_unzipped-PROCUREMENT_JustificationBook_Navy_PB_2014.xml","2ca0b177ff5773179adc68e99a8aa14d5082a81544df1d5d478b6a1901815e1a","0-c23eabe4996ba709b8a951ab7584bf22ebbcc449386757fc51527183289063fe","0","See End Item P5A","See End Item P5A","20","20","2013","See End Item P5A","2014-07","2014-07","0","0","2014-07","TBD","I think i","2734-c3917a9056e46a12b8fd347bcbfbd9caeedb37eff1b4741724f1fc9c2333599b","root"
"GFE Other","0","1.953","","0.599","0.084","2","","","","","","","2014-BASE_PROCUREMENT-2014-NAVY_AIRCRAFT_BA1-4-PROCUREMENT_JustificationBook_Navy_PB_2014.zzz_unzipped-PROCUREMENT_JustificationBook_Navy_PB_2014.xml","2ca0b177ff5773179adc68e99a8aa14d5082a81544df1d5d478b6a1901815e1a","1-4088858fe1445f40af167b0946cafcdbb99e585fa488e3203ef4a82866787830","0","See End Item P5A","See End Item P5A","20","20","2013","See End Item P5A","2014-07","2014-07","0","0","2014-07","TBD","I think i","2734-c3917a9056e46a12b8fd347bcbfbd9caeedb37eff1b4741724f1fc9c2333599b","root"
"GFE - Engines T.L.","0","","","","0","0","","","","","","","2014-BASE_PROCUREMENT-2014-NAVY_AIRCRAFT_BA1-4-PROCUREMENT_JustificationBook_Navy_PB_2014.zzz_unzipped-PROCUREMENT_JustificationBook_Navy_PB_2014.xml","64929e2f3b423b633d4163e755851b1fd905e7aae3c16591258a0272ed89fca7","0-f19c4bc65914e698b204ddf5b4c3ecb318d7448eb6d6f3074651896c4d157709","0","See End Item P5A","See End Item P5A","0","0","2013","See End Item P5A","0001-01","0001-01","0","0","0001-01","TBD","I think i","2736-e4bfdb33dbf99c23dee1d80e18989c9f6cf18d65a5683638e8d25d54e9720810","root"
"GFE Electronics","0","","","","0","0","","","","","","","2014-BASE_PROCUREMENT-2014-NAVY_AIRCRAFT_BA1-4-PROCUREMENT_JustificationBook_Navy_PB_2014.zzz_unzipped-PROCUREMENT_JustificationBook_Navy_PB_2014.xml","64929e2f3b423b633d4163e755851b1fd905e7aae3c16591258a0272ed89fca7","1-1b20cb4262c1829684c0304c6a869397f98c0e77cbecf3cc61ba37a218683159","0","See End Item P5A","See End Item P5A","0","0","2013","See End Item P5A","0001-01","0001-01","0","0","0001-01","TBD","I think i","2736-e4bfdb33dbf99c23dee1d80e18989c9f6cf18d65a5683638e8d25d54e9720810","root"
"GFE Other","0","","","","0","0","","","","","","","2014-BASE_PROCUREMENT-2014-NAVY_AIRCRAFT_BA1-4-PROCUREMENT_JustificationBook_Navy_PB_2014.zzz_unzipped-PROCUREMENT_JustificationBook_Navy_PB_2014.xml","64929e2f3b423b633d4163e755851b1fd905e7aae3c16591258a0272ed89fca7","2-5918e4f3f14a28ef890970c949665588329c91778294fc20ef171f1b4e3f3fb3","0","See End Item P5A","See End Item P5A","0","0","2013","See End Item P5A","0001-01","0001-01","0","0","0001-01","TBD","I think i","2736-e4bfdb33dbf99c23dee1d80e18989c9f6cf18d65a5683638e8d25d54e9720810","root"
"Engines T.L.","0","276.965","12.075","2.381","0","0","","","","","","","2014-BASE_PROCUREMENT-2014-NAVY_AIRCRAFT_BA1-4-PROCUREMENT_JustificationBook_Navy_PB_2014.zzz_unzipped-PROCUREMENT_JustificationBook_Navy_PB_2014.xml","049cb91018f89e9c503e94cc8bbd5cb09e1075dae1b2910caf7d2d2f90fe1cc2","0-2fb02cca1087e3f31a8698f46c73ab7ddbb58a7253f8a3a1c982556468b4199f","2","See End Item P5A","See End Item P5A","24","24","2013","See End Item P5A","0001-01","0001-01","0","0","0001-01","TBD","I think i","2740-1d37ba23ae53ec4147711fa148bc470e47cc76fe94591636d170876ff44b473d","root"
"ALE-50 IMPLC","0","19.15","","","0","0","","","","","","","2014-BASE_PROCUREMENT-2014-NAVY_AIRCRAFT_BA1-4-PROCUREMENT_JustificationBook_Navy_PB_2014.zzz_unzipped-PROCUREMENT_JustificationBook_Navy_PB_2014.xml","049cb91018f89e9c503e94cc8bbd5cb09e1075dae1b2910caf7d2d2f90fe1cc2","1-ea254471d5b3209a1b3829f8d1b8ba401014416ee0c42bae51f401fb643e855b","0","See End Item P5A","See End Item P5A","0","0","2013","See End Item P5A","0001-01","0001-01","0","0","0001-01","TBD","I think i","2740-1d37ba23ae53ec4147711fa148bc470e47cc76fe94591636d170876ff44b473d","root"
"GFE Other","0","24.681","0.673","0.128","0","0","","","","","","","2014-BASE_PROCUREMENT-2014-NAVY_AIRCRAFT_BA1-4-PROCUREMENT_JustificationBook_Navy_PB_2014.zzz_unzipped-PROCUREMENT_JustificationBook_Navy_PB_2014.xml","049cb91018f89e9c503e94cc8bbd5cb09e1075dae1b2910caf7d2d2f90fe1cc2","2-3556bcb6fbab20242ea4981c560594169b61bca6b1cdfb2535f2172e16e05c31","0","See End Item P5A","See End Item P5A","0","0","2013","See End Item P5A","0001-01","0001-01","0","0","0001-01","TBD","I think i","2740-1d37ba23ae53ec4147711fa148bc470e47cc76fe94591636d170876ff44b473d","root"
"G.F.E Engines T.L.","0","139.382","23.995","5.866","9.477","4","","","","","","","2014-BASE_PROCUREMENT-2014-NAVY_AIRCRAFT_BA1-4-PROCUREMENT_JustificationBook_Navy_PB_2014.zzz_unzipped-PROCUREMENT_JustificationBook_Navy_PB_2014.xml","f49d6e455d4d07bc582f76515e80682a468b3173944aca0167c23cde3c9c266d","0-aa5d76628f8d973fd4fa2f908f0ac9300287302aad3f9b47a9ddd11bd50b86b1","1","See End Item P5A","See End Item P5A","29","29","2013","See End Item P5A","2013-03","2013-03","0","0","2013-03","TBD","I think i","2742-ec041c5424d9a1cefea10b1b73448a590d518fc9116585a629c7efb69b3785e2","root"
"CFE- Engines T. L","0","180.754","25.79","21.24","20.639","6","","","","","","","2014-BASE_PROCUREMENT-2014-NAVY_AIRCRAFT_BA1-4-PROCUREMENT_JustificationBook_Navy_PB_2014.zzz_unzipped-PROCUREMENT_JustificationBook_Navy_PB_2014.xml","c580d71111988ee8091a7769091dbf3b7f66dcdd6bb7f463ae21ffa990ebfa68","0-7fb820b6d310e14a41ca8853859edd638d36085e92ce76e2a6e5873c87834b91","1","See End Item P5A","See End Item P5A","27","27","2013","See End Item P5A","2013-02","2013-02","0","0","2013-02","TBD","I think i","2744-2a17a7615c3044cfd88e773eb3880e265d198b2ff24eda652581d661c5bec21c","root"
"GFE Other","0","85.578","0.148","0.154","0.148","0","","","","","","","2014-BASE_PROCUREMENT-2014-NAVY_AIRCRAFT_BA1-4-PROCUREMENT_JustificationBook_Navy_PB_2014.zzz_unzipped-PROCUREMENT_JustificationBook_Navy_PB_2014.xml","548502376cfb19caab6522063ca08ecec5f9aeace484fcfe2ccf2e4ec8f531b1","0-61f9876878010eb75040312ba6dfa81d30c8be85f68504bd75218711309891a8","0","See End Item P5A","See End Item P5A","27","27","2013","See End Item P5A","2015-03","2015-03","0","0","2015-03","TBD","I think i","2746-ffc55fc14570c8378f8492a39f511383e796a8ba80a94ffe81b0ee7b3ff2d952","root"
"CFE Com/Nav","0","15.443","2.014","2.654","2.622","0","","","","","","","2014-BASE_PROCUREMENT-2014-NAVY_AIRCRAFT_BA1-4-PROCUREMENT_JustificationBook_Navy_PB_2014.zzz_unzipped-PROCUREMENT_JustificationBook_Navy_PB_2014.xml","548502376cfb19caab6522063ca08ecec5f9aeace484fcfe2ccf2e4ec8f531b1","1-d6f3e622623d92db5498b7cdfd901a9682d52a6768ac742c58b2ceb3cb69c1e1","0","See End Item P5A","See End Item P5A","29","29","2013","See End Item P5A","2015-05","2015-05","0","0","2015-05","TBD","I think i","2746-ffc55fc14570c8378f8492a39f511383e796a8ba80a94ffe81b0ee7b3ff2d952","root"
"GFE EW","0","16.945","2.533","2.916","2.965","0","","","","","","","2014-BASE_PROCUREMENT-2014-NAVY_AIRCRAFT_BA1-4-PROCUREMENT_JustificationBook_Navy_PB_2014.zzz_unzipped-PROCUREMENT_JustificationBook_Navy_PB_2014.xml","548502376cfb19caab6522063ca08ecec5f9aeace484fcfe2ccf2e4ec8f531b1","2-56153fb48ba43692e24b777048a9427d23ed0edbbd0ec23212975cfeb277896c","0","See End Item P5A","See End Item P5A","29","29","2013","See End Item P5A","2015-05","2015-05","0","0","2015-05","TBD","I think i","2746-ffc55fc14570c8378f8492a39f511383e796a8ba80a94ffe81b0ee7b3ff2d952","root"
"Engines T.L.","0","42.363","5.367","","0","0","","","","","","","2014-BASE_PROCUREMENT-2014-NAVY_AIRCRAFT_BA7-PROCUREMENT_MasterJustificationBook_Navy_PB_2014.zzz_unzipped-PROCUREMENT_MasterJustificationBook_Navy_PB_2014.xml","fc4b633568d09aa78acf18bb3a1378b7461e8def6999ee372311daf44c967cce","0-888da55493cb5d76bc38067e910e2bc1a9999f1d8a57a8be01c5bdef5c3bbb30","2","See End Item P5A","See End Item P5A","24","24","2013","See End Item P5A","0001-01","0001-01","0","0","0001-01","TBD","I think i","2790-28a525ec925b821dbdd85a2797f107d85afebd099e167805689d13e76e521df3","root"
"GFE Other","0","27.983","0.299","","0","0","","","","","","","2014-BASE_PROCUREMENT-2014-NAVY_AIRCRAFT_BA7-PROCUREMENT_MasterJustificationBook_Navy_PB_2014.zzz_unzipped-PROCUREMENT_MasterJustificationBook_Navy_PB_2014.xml","fc4b633568d09aa78acf18bb3a1378b7461e8def6999ee372311daf44c967cce","1-a9be11128fb3c4794fd91837cd633b999bdd1f980b7e9b2d3d38ad5768575aa0","0","See End Item P5A","See End Item P5A","0","0","2013","See End Item P5A","0001-01","0001-01","0","0","0001-01","TBD","I think i","2790-28a525ec925b821dbdd85a2797f107d85afebd099e167805689d13e76e521df3","root"
"GFE - Engines T.L.","0","236.277","17.326","16.872","12.727","0","","","","","","","2014-BASE_PROCUREMENT-2014-NAVY_AIRCRAFT_BA7-PROCUREMENT_MasterJustificationBook_Navy_PB_2014.zzz_unzipped-PROCUREMENT_MasterJustificationBook_Navy_PB_2014.xml","1c2d5511c3f630f505de429e2f146cf42b31bec595aeddf890e7246c6084e8dd","0-b4d776610d28271050c36edce545a27ab459c4e524d09c32bb214cdcf9be4fca","2","See End Item P5A","See End Item P5A","14","14","2013","See End Item P5A","2014-01","2014-01","0","0","2014-01","TBD","I think i","2794-d17ef4276a165fc141b80ab256aae1c1ed1c9dce4dfda0e85f51491b7f601c71","root"
"GFE - Cockpit","0","270.202","","","0","0","","","","","","","2014-BASE_PROCUREMENT-2014-NAVY_AIRCRAFT_BA7-PROCUREMENT_MasterJustificationBook_Navy_PB_2014.zzz_unzipped-PROCUREMENT_MasterJustificationBook_Navy_PB_2014.xml","1c2d5511c3f630f505de429e2f146cf42b31bec595aeddf890e7246c6084e8dd","1-659b20899cf2f922608808b6d6a14f03d137105b50091384154e97c370cb1798","1","See End Item P5A","See End Item P5A","15","15","2013","See End Item P5A","2013-12","2013-12","0","0","2013-12","TBD","I think i","2794-d17ef4276a165fc141b80ab256aae1c1ed1c9dce4dfda0e85f51491b7f601c71","root"
"Cockpit For FY12 EOQ/Long Lead","0","17.911","","","0","0","","","","","","","2014-BASE_PROCUREMENT-2014-NAVY_AIRCRAFT_BA7-PROCUREMENT_MasterJustificationBook_Navy_PB_2014.zzz_unzipped-PROCUREMENT_MasterJustificationBook_Navy_PB_2014.xml","1c2d5511c3f630f505de429e2f146cf42b31bec595aeddf890e7246c6084e8dd","2-e8b1bedf0ca207977156c87e5183e983fb37823f1bd44b0eab3a827f312913d9","1","See End Item P5A","See End Item P5A","15","15","2013","See End Item P5A","2013-12","2013-12","0","0","2013-12","TBD","I think i","2794-d17ef4276a165fc141b80ab256aae1c1ed1c9dce4dfda0e85f51491b7f601c71","root"
"Cockpit for FY13 EOQ/Long Lead","0","","13.2","","0","0","","","","","","","2014-BASE_PROCUREMENT-2014-NAVY_AIRCRAFT_BA7-PROCUREMENT_MasterJustificationBook_Navy_PB_2014.zzz_unzipped-PROCUREMENT_MasterJustificationBook_Navy_PB_2014.xml","1c2d5511c3f630f505de429e2f146cf42b31bec595aeddf890e7246c6084e8dd","3-822e174ced860b35626ddf011fdef8cfb759658dbec505adb29bdac00f20a5d3","1","See End Item P5A","See End Item P5A","15","15","2013","See End Item P5A","2013-12","2013-12","0","0","2013-12","TBD","I think i","2794-d17ef4276a165fc141b80ab256aae1c1ed1c9dce4dfda0e85f51491b7f601c71","root"
"Cockpit for FY14 EOQ/Long Lead","0","","3.5","11.925","0","0","","","","","","","2014-BASE_PROCUREMENT-2014-NAVY_AIRCRAFT_BA7-PROCUREMENT_MasterJustificationBook_Navy_PB_2014.zzz_unzipped-PROCUREMENT_MasterJustificationBook_Navy_PB_2014.xml","1c2d5511c3f630f505de429e2f146cf42b31bec595aeddf890e7246c6084e8dd","4-31bb5a4bd1c3224816a733b1a6d2a171b7b44523ea0d5681e5794d7f68f6d50a","1","See End Item P5A","See End Item P5A","15","15","2013","See End Item P5A","2012-12","2012-12","0","0","2012-12","TBD","I think i","2794-d17ef4276a165fc141b80ab256aae1c1ed1c9dce4dfda0e85f51491b7f601c71","root"
"Cockpit for FY15 EOQ/Long Lead","0","","2.25","1","5.3","0","","","","","","","2014-BASE_PROCUREMENT-2014-NAVY_AIRCRAFT_BA7-PROCUREMENT_MasterJustificationBook_Navy_PB_2014.zzz_unzipped-PROCUREMENT_MasterJustificationBook_Navy_PB_2014.xml","1c2d5511c3f630f505de429e2f146cf42b31bec595aeddf890e7246c6084e8dd","5-d42c1e41fc95c12e0d69287a1ff2ebff1308ecd8d1778a5b6c3a91d06e2df44f","1","See End Item P5A","See End Item P5A","15","15","2013","See End Item P5A","2013-12","2013-12","0","0","2013-12","TBD","I think i","2794-d17ef4276a165fc141b80ab256aae1c1ed1c9dce4dfda0e85f51491b7f601c71","root"
"A/C Misc Avionics","0","116.763","14.426","14.11","8.094","0","","","","","","","2014-BASE_PROCUREMENT-2014-NAVY_AIRCRAFT_BA7-PROCUREMENT_MasterJustificationBook_Navy_PB_2014.zzz_unzipped-PROCUREMENT_MasterJustificationBook_Navy_PB_2014.xml","1c2d5511c3f630f505de429e2f146cf42b31bec595aeddf890e7246c6084e8dd","6-2bcf740629dce3d5443c862b6887c31823ea6b4cd7661d8baa4782132533d371","0","See End Item P5A","See End Item P5A","0","0","2013","See End Item P5A","0001-01","0001-01","0","0","0001-01","TBD","I think i","2794-d17ef4276a165fc141b80ab256aae1c1ed1c9dce4dfda0e85f51491b7f601c71","root"
"GFE Other","0","17.047","3.119","2.958","4.581","0","","","","","","","2014-BASE_PROCUREMENT-2014-NAVY_AIRCRAFT_BA7-PROCUREMENT_MasterJustificationBook_Navy_PB_2014.zzz_unzipped-PROCUREMENT_MasterJustificationBook_Navy_PB_2014.xml","1c90d81d3283c3e99adda35a80b069d543eb8eea9500f506f69fd1fd51fa4e10","0-7978fb4557c4d2ee50248f61162499bd5d1d65d23cc9e6a818eb238ae3261241","0","See End Item P5A","See End Item P5A","0","0","2013","See End Item P5A","0001-01","0001-01","0","0","0001-01","TBD","I think i","2796-5c34b2e29dd18a713f63daf623361fecf13e01afd91178ddf873d7fd7bf99e3c","root"
"MYP Savings","0","","","22.76","0","0","","","","","","","2014-BASE_PROCUREMENT-2014-NAVY_AIRCRAFT_BA7-PROCUREMENT_MasterJustificationBook_Navy_PB_2014.zzz_unzipped-PROCUREMENT_MasterJustificationBook_Navy_PB_2014.xml","1c90d81d3283c3e99adda35a80b069d543eb8eea9500f506f69fd1fd51fa4e10","1-64f0342f15171f4542cdd8f9707e448387999831bfda3c23afaca501259ba1df","0","See End Item P5A","See End Item P5A","0","0","2013","See End Item P5A","0001-01","0001-01","0","0","0001-01","TBD","I think i","2796-5c34b2e29dd18a713f63daf623361fecf13e01afd91178ddf873d7fd7bf99e3c","root"
"GFE Electronics","0","","","","0","0","","","","","","","2014-BASE_PROCUREMENT-2014-NAVY_AIRCRAFT_BA7-PROCUREMENT_MasterJustificationBook_Navy_PB_2014.zzz_unzipped-PROCUREMENT_MasterJustificationBook_Navy_PB_2014.xml","ea4fce3ec1135de06d7b597e5fd943b2e14d2b3f4efb262dcaf7727a24539c26","0-010b5c4f48e9bc92a290ffadf02f3aeff62f59ae7db05c8cbee9106adb36c88d","0","See End Item P5A","See End Item P5A","0","0","2013","See End Item P5A","0001-01","0001-01","0","0","0001-01","TBD","I think i","2798-e088f7e29789a19846e6c341c61084d53041ae7f18bf00db12372d01e5c8790f","root"
"GFE Other","0","","","","0","0","","","","","","","2014-BASE_PROCUREMENT-2014-NAVY_AIRCRAFT_BA7-PROCUREMENT_MasterJustificationBook_Navy_PB_2014.zzz_unzipped-PROCUREMENT_MasterJustificationBook_Navy_PB_2014.xml","ea4fce3ec1135de06d7b597e5fd943b2e14d2b3f4efb262dcaf7727a24539c26","1-c22fd5ba5a9de386db7d74c6293856d824870ad84f61c6702f015f389dfe2d50","0","See End Item P5A","See End Item P5A","0","0","2013","See End Item P5A","0001-01","0001-01","0","0","0001-01","TBD","I think i","2798-e088f7e29789a19846e6c341c61084d53041ae7f18bf00db12372d01e5c8790f","root"
"Other GFE","0","32.177","","","0","0","","","","","","","2014-BASE_PROCUREMENT-2014-NAVY_AIRCRAFT_BA7-PROCUREMENT_MasterJustificationBook_Navy_PB_2014.zzz_unzipped-PROCUREMENT_MasterJustificationBook_Navy_PB_2014.xml","8353179a04c7e17d7f2f2e4ad66ee5f5af3581f5f21e78729bd403a1a02ea0a9","0-8cd26dff4496e60de47c313ce74ed23bc4348ed9303467e770cfec76be60a757","1","See End Item P5A","See End Item P5A","36","36","2013","See End Item P5A","0001-01","0001-01","0","0","0001-01","TBD","I think i","2800-115b29876793d88f6383af8f63124718857e5db1e0d985f67999cb7e031c28dd","root"
"JTIDS","0","16.955","","","0","0","","","","","","","2014-BASE_PROCUREMENT-2014-NAVY_AIRCRAFT_BA7-PROCUREMENT_MasterJustificationBook_Navy_PB_2014.zzz_unzipped-PROCUREMENT_MasterJustificationBook_Navy_PB_2014.xml","8353179a04c7e17d7f2f2e4ad66ee5f5af3581f5f21e78729bd403a1a02ea0a9","1-791516f18398b03d94b805d45ff737fca320d616a0bd1eb853430b013f64122b","1","See End Item P5A","See End Item P5A","36","36","2013","See End Item P5A","0001-01","0001-01","0","0","0001-01","TBD","I think i","2800-115b29876793d88f6383af8f63124718857e5db1e0d985f67999cb7e031c28dd","root"
"Engines","0","14.9","","","0","0","","","","","","","2014-BASE_PROCUREMENT-2014-NAVY_AIRCRAFT_BA7-PROCUREMENT_MasterJustificationBook_Navy_PB_2014.zzz_unzipped-PROCUREMENT_MasterJustificationBook_Navy_PB_2014.xml","8353179a04c7e17d7f2f2e4ad66ee5f5af3581f5f21e78729bd403a1a02ea0a9","2-13d31a190a34686b0adb9244acd13c1ce922c5c3c4d0d62a587f0a824cba7eca","1","See End Item P5A","See End Item P5A","39","39","2013","See End Item P5A","0001-01","0001-01","0","0","0001-01","TBD","I think i","2800-115b29876793d88f6383af8f63124718857e5db1e0d985f67999cb7e031c28dd","root"
"GFE Electronics","0","18.946","","2.396","1.804","1","","","","","","","2014-BASE_PROCUREMENT-2014-NAVY_AIRCRAFT_BA7-PROCUREMENT_MasterJustificationBook_Navy_PB_2014.zzz_unzipped-PROCUREMENT_MasterJustificationBook_Navy_PB_2014.xml","331f4e2cab57d75c268cb0cc0f51f889b76ed2c8ba621bb4d61f3e552a2f48d3","0-8b1071515ce788a41fa7ad3eb3c4ed3777ab74858e8b8b906e8105381a86664b","0","See End Item P5A","See End Item P5A","20","20","2013","See End Item P5A","2014-07","2014-07","0","0","2014-07","TBD","I think i","2804-a52c7d74400a4a88363b39ced1154bd7eb4dca90b26624e0ed8c7f30693eb982","root"
"GFE Other","0","1.953","","0.599","0.084","2","","","","","","","2014-BASE_PROCUREMENT-2014-NAVY_AIRCRAFT_BA7-PROCUREMENT_MasterJustificationBook_Navy_PB_2014.zzz_unzipped-PROCUREMENT_MasterJustificationBook_Navy_PB_2014.xml","331f4e2cab57d75c268cb0cc0f51f889b76ed2c8ba621bb4d61f3e552a2f48d3","1-8317d32d20b0d2f1e7aad5330ddf7fba5b24c24e6e05ef7b45cf84fc7d19b7b8","0","See End Item P5A","See End Item P5A","20","20","2013","See End Item P5A","2014-07","2014-07","0","0","2014-07","TBD","I think i","2804-a52c7d74400a4a88363b39ced1154bd7eb4dca90b26624e0ed8c7f30693eb982","root"
"GFE - Engines T.L.","0","","","","0","0","","","","","","","2014-BASE_PROCUREMENT-2014-NAVY_AIRCRAFT_BA7-PROCUREMENT_MasterJustificationBook_Navy_PB_2014.zzz_unzipped-PROCUREMENT_MasterJustificationBook_Navy_PB_2014.xml","1c9f6ffd331ce8f038579fa5c7414d00a50411913e693158c477bb2776944535","0-a8b3cc395e5fb90291fc292d392625f371131adb9841c95742692cba4193e918","0","See End Item P5A","See End Item P5A","0","0","2013","See End Item P5A","0001-01","0001-01","0","0","0001-01","TBD","I think i","2806-4cde371dbdeec78187d94a6e8e9e4158d0c96e2f80e9dd2e4767cf2cd6637960","root"
"GFE Electronics","0","","","","0","0","","","","","","","2014-BASE_PROCUREMENT-2014-NAVY_AIRCRAFT_BA7-PROCUREMENT_MasterJustificationBook_Navy_PB_2014.zzz_unzipped-PROCUREMENT_MasterJustificationBook_Navy_PB_2014.xml","1c9f6ffd331ce8f038579fa5c7414d00a50411913e693158c477bb2776944535","1-3e5a1b17fd2cb6c553de9997eba0033a46fd27cffdf1be8306e1fa90a25f80a1","0","See End Item P5A","See End Item P5A","0","0","2013","See End Item P5A","0001-01","0001-01","0","0","0001-01","TBD","I think i","2806-4cde371dbdeec78187d94a6e8e9e4158d0c96e2f80e9dd2e4767cf2cd6637960","root"
"GFE Other","0","","","","0","0","","","","","","","2014-BASE_PROCUREMENT-2014-NAVY_AIRCRAFT_BA7-PROCUREMENT_MasterJustificationBook_Navy_PB_2014.zzz_unzipped-PROCUREMENT_MasterJustificationBook_Navy_PB_2014.xml","1c9f6ffd331ce8f038579fa5c7414d00a50411913e693158c477bb2776944535","2-31ae49d6ceb7d767cba48135d339105fc87327c0ca3a1f03c87ca421e566f23e","0","See End Item P5A","See End Item P5A","0","0","2013","See End Item P5A","0001-01","0001-01","0","0","0001-01","TBD","I think i","2806-4cde371dbdeec78187d94a6e8e9e4158d0c96e2f80e9dd2e4767cf2cd6637960","root"
"Engines T.L.","0","276.965","12.075","2.381","0","0","","","","","","","2014-BASE_PROCUREMENT-2014-NAVY_AIRCRAFT_BA7-PROCUREMENT_MasterJustificationBook_Navy_PB_2014.zzz_unzipped-PROCUREMENT_MasterJustificationBook_Navy_PB_2014.xml","97ef4cf3f410d224f56ae29ea98cdf2592e9fe9b3908e3df56bf826c63de8ad7","0-5ef4080708f44b1d385d7d51963220ee90d46c4ea85341f165f814bc2a9c1956","2","See End Item P5A","See End Item P5A","24","24","2013","See End Item P5A","0001-01","0001-01","0","0","0001-01","TBD","I think i","2810-ac642e2423d04d047887e2b4cfd9b25b5a9f9d5501441de508b6ddd959dba809","root"
"ALE-50 IMPLC","0","19.15","","","0","0","","","","","","","2014-BASE_PROCUREMENT-2014-NAVY_AIRCRAFT_BA7-PROCUREMENT_MasterJustificationBook_Navy_PB_2014.zzz_unzipped-PROCUREMENT_MasterJustificationBook_Navy_PB_2014.xml","97ef4cf3f410d224f56ae29ea98cdf2592e9fe9b3908e3df56bf826c63de8ad7","1-ad01065a01649181e7cbaa18c658a91d5badf6d3be737ca582b28bc24c335571","0","See End Item P5A","See End Item P5A","0","0","2013","See End Item P5A","0001-01","0001-01","0","0","0001-01","TBD","I think i","2810-ac642e2423d04d047887e2b4cfd9b25b5a9f9d5501441de508b6ddd959dba809","root"
"GFE Other","0","24.681","0.673","0.128","0","0","","","","","","","2014-BASE_PROCUREMENT-2014-NAVY_AIRCRAFT_BA7-PROCUREMENT_MasterJustificationBook_Navy_PB_2014.zzz_unzipped-PROCUREMENT_MasterJustificationBook_Navy_PB_2014.xml","97ef4cf3f410d224f56ae29ea98cdf2592e9fe9b3908e3df56bf826c63de8ad7","2-46fd48700a8e28f379596c99bda678cf29f591bab30b7a08d75987c677289aad","0","See End Item P5A","See End Item P5A","0","0","2013","See End Item P5A","0001-01","0001-01","0","0","0001-01","TBD","I think i","2810-ac642e2423d04d047887e2b4cfd9b25b5a9f9d5501441de508b6ddd959dba809","root"
"G.F.E Engines T.L.","0","139.382","23.995","5.866","9.477","4","","","","","","","2014-BASE_PROCUREMENT-2014-NAVY_AIRCRAFT_BA7-PROCUREMENT_MasterJustificationBook_Navy_PB_2014.zzz_unzipped-PROCUREMENT_MasterJustificationBook_Navy_PB_2014.xml","a7e12956f563df64212c48c1a8087a259ce9816ac86d222dc06cd0e2deeb74a4","0-19a53398700c1148fcb40a6a50590de9a383e0daea8dea09e5daf50af4fd9065","1","See End Item P5A","See End Item P5A","29","29","2013","See End Item P5A","2013-03","2013-03","0","0","2013-03","TBD","I think i","2812-84d2e0ff866c69440b574c07ca68d61eabceecb689c9ef6cfdc2b4928152d096","root"
"CFE- Engines T. L","0","180.754","25.79","21.24","20.639","6","","","","","","","2014-BASE_PROCUREMENT-2014-NAVY_AIRCRAFT_BA7-PROCUREMENT_MasterJustificationBook_Navy_PB_2014.zzz_unzipped-PROCUREMENT_MasterJustificationBook_Navy_PB_2014.xml","8f506cdfed36ee72d429505445592f835a54aa1c2ef4af6afd437aa3f3a3279b","0-2e2687edcf4d952ce23f66e06ca9982751197369dfb19acfc9ea0293e402a3e5","1","See End Item P5A","See End Item P5A","27","27","2013","See End Item P5A","2013-02","2013-02","0","0","2013-02","TBD","I think i","2814-97c2ef8914250bf0dadfacb37300f712614f5e28c7bb4b339b0837ecdddab850","root"
"GFE Other","0","85.578","0.148","0.154","0.148","0","","","","","","","2014-BASE_PROCUREMENT-2014-NAVY_AIRCRAFT_BA7-PROCUREMENT_MasterJustificationBook_Navy_PB_2014.zzz_unzipped-PROCUREMENT_MasterJustificationBook_Navy_PB_2014.xml","22a8d6a2e1826466fe73cee88918ae3cb071854e21533e47aa2445e6dd37706a","0-565750a4198041ab1c14ab30bfa91f6ea610d09116c4ff361cfaf646cab6842a","0","See End Item P5A","See End Item P5A","27","27","2013","See End Item P5A","2015-03","2015-03","0","0","2015-03","TBD","I think i","2816-d25e35c1ed022630827e318e352264aa1164172517b4b3fc047a7280fa46a177","root"
"CFE Com/Nav","0","15.443","2.014","2.654","2.622","0","","","","","","","2014-BASE_PROCUREMENT-2014-NAVY_AIRCRAFT_BA7-PROCUREMENT_MasterJustificationBook_Navy_PB_2014.zzz_unzipped-PROCUREMENT_MasterJustificationBook_Navy_PB_2014.xml","22a8d6a2e1826466fe73cee88918ae3cb071854e21533e47aa2445e6dd37706a","1-ff0b71e6cfa59c060343605d4a7a4b94457f31dbc7a7c240ae33862bb372a412","0","See End Item P5A","See End Item P5A","29","29","2013","See End Item P5A","2015-05","2015-05","0","0","2015-05","TBD","I think i","2816-d25e35c1ed022630827e318e352264aa1164172517b4b3fc047a7280fa46a177","root"
"GFE EW","0","16.945","2.533","2.916","2.965","0","","","","","","","2014-BASE_PROCUREMENT-2014-NAVY_AIRCRAFT_BA7-PROCUREMENT_MasterJustificationBook_Navy_PB_2014.zzz_unzipped-PROCUREMENT_MasterJustificationBook_Navy_PB_2014.xml","22a8d6a2e1826466fe73cee88918ae3cb071854e21533e47aa2445e6dd37706a","2-705c61e18bbddc907e37c338e2e87bc924c59777f6ff8305d448a43dee6735e8","0","See End Item P5A","See End Item P5A","29","29","2013","See End Item P5A","2015-05","2015-05","0","0","2015-05","TBD","I think i","2816-d25e35c1ed022630827e318e352264aa1164172517b4b3fc047a7280fa46a177","root"
