Name_val,WhenRequiredInMonths_val,Cost_AllPriorYears_TotalCost_val,Cost_PriorYear_TotalCost_val,Cost_CurrentYear_TotalCost_val,Cost_BudgetYearOne_TotalCost_val,Cost_BudgetYearOne_Quantity_val,Cost_BudgetYearTwo_TotalCost_val,Cost_BudgetYearThree_TotalCost_val,Cost_BudgetYearFour_TotalCost_val,Cost_BudgetYearFive_TotalCost_val,Cost_ToComplete_TotalCost_val,Cost_Total_TotalCost_val,@SOURCE_FILENAME,@RECORDID,@ROWID,QuantityPerAssembly_val,ManufacturerList_P10Manufacturer_Name_val,ManufacturerList_P10Manufacturer_Location_val,ManufacturerList_P10Manufacturer_InitialQuantity_TotalLeadTimeAfterOct1InMonths_val,ManufacturerList_P10Manufacturer_ReorderQuantity_TotalLeadTimeAfterOct1InMonths_val,ManufacturerList_P10Manufacturer_HistoryPlanningList_HistoryPlanning_FiscalYear_val,ManufacturerList_P10Manufacturer_HistoryPlanningList_HistoryPlanning_PCOLocation_val,ManufacturerList_P10Manufacturer_HistoryPlanningList_HistoryPlanning_AwardDate_val,ManufacturerList_P10Manufacturer_HistoryPlanningList_HistoryPlanning_FirstDeliveryDate_val,ManufacturerList_P10Manufacturer_HistoryPlanningList_HistoryPlanning_Quantity_val,ManufacturerList_P10Manufacturer_HistoryPlanningList_HistoryPlanning_UnitCost_val,ManufacturerList_P10Manufacturer_HistoryPlanningList_HistoryPlanning_RFPIssueDate_val,ManufacturerList_P10Manufacturer_HistoryPlanningList_HistoryPlanning_FundingVehicle_val,ManufacturerList_P10Manufacturer_HistoryPlanningList_HistoryPlanning_ItemNameSuffix_val,@PARENTROWID,@PARENT
"Other Government Furnished Equipment ()","12","12.624","0","0","0","","0","0","0","0","0","12.624","2013-BASE_PROCUREMENT-2013-AIRFORCE_AIRCRAFT_VOL1-JustificationBook_Air_Force_PB_2013.zzz_unzipped-JustificationBook_Air_Force_PB_2013.xml","5de403107085bf74fb9fd40854df952a9081ddccb6363319c405b20f72d8dc83","0-b36e30ec700289c98aab65c4743447fdf609171016a95bc0d376063766dd4853","","","","","","","","","","","","","","","93-30309acc4715301c257bf93ad19abd3eeb4e25a3498c67bf441c6552662c1a38","root"
"Other Government Furnished Equipment ()","12","12.624","0","0","0","","0","0","0","0","0","12.624","2013-BASE_PROCUREMENT-2013-AIRFORCE_AIRCRAFT_VOL2-MasterJustificationBook_Air_Force_PB_2013.zzz_unzipped-MasterJustificationBook_Air_Force_PB_2013.xml","9a2ba94a217d82096f332eb52ba7ddeaf76b99a2e5a89a7ed11986588d44548b","0-af17f566f5305b06308db6b57f4f90a52da64a3111a84491dd94a9de4b8d3926","","","","","","","","","","","","","","","141-f9542a973b049f9ea13b34f2b48ce965b540a225b7c4673549105b6fcc7c9303","root"
"Other Government Furnished Equipment ()","12","12.624","0","0","0","","0","0","0","0","0","12.624","2013-BASE_PROCUREMENT-2013-AIRFORCE_AIRCRAFT_VOL1-MasterJustificationBook_Air_Force_PB_2013.zzz_unzipped-MasterJustificationBook_Air_Force_PB_2013.xml","6d2a5a5d589018a44e3cbf52cb1c912bfc2ae7ebfa3167c185f32baeccefdb83","0-a6cef1c85be345ffe3d2a86d481858ac5ba1052fb2ca05c91bcd56f1823a4acc","","","","","","","","","","","","","","","191-a8e79eecf573de388718ed61d825e82f634cede60d09396f5ed0364b3d5f52e0","root"
"Engines T.L.","0","37.09","5.273","5.624","0","0","","","","","","","2013-BASE_PROCUREMENT-2013-NAVY_AIRCRAFT_BA1-4-JustificationBook_Navy_PB_2013.zzz_unzipped-JustificationBook_Navy_PB_2013.xml","117c169a68235fff5682580ef1182034c5b0c336d258b4d2bc16ac17e2d2a653","0-6f461e59701f8a25d5531f604258a6e3fab2c7daa0a40583572d99aeefc51112","2","","","","","","","","","","","","","","1056-4b7990cc770211568a21e949bc190af3ba4661a6eaa6d238c21c37ef2e96c848","root"
"GFE Other","0","9.953","18.03","0.562","0","0","","","","","","","2013-BASE_PROCUREMENT-2013-NAVY_AIRCRAFT_BA1-4-JustificationBook_Navy_PB_2013.zzz_unzipped-JustificationBook_Navy_PB_2013.xml","117c169a68235fff5682580ef1182034c5b0c336d258b4d2bc16ac17e2d2a653","1-ea4808457cc3513da96890002ebc7376568422005471dedd61cef9328353a696","0","","","","","","","","","","","","","","1056-4b7990cc770211568a21e949bc190af3ba4661a6eaa6d238c21c37ef2e96c848","root"
"GFE - Engines T.L.","0","220.195","16.081","15.382","15.644","0","","","","","","","2013-BASE_PROCUREMENT-2013-NAVY_AIRCRAFT_BA1-4-JustificationBook_Navy_PB_2013.zzz_unzipped-JustificationBook_Navy_PB_2013.xml","1a7189ca3ac3735d5b4780456bb4c8dddad618396ddbf80b22c606ea18981840","0-2cb5f432d476151492cf3afb5e7780b6a55f5d9dfd5ffe7e49c0d01cf3cdfdb3","2","See End Item P5A","See End Item P5A","14","14","2013","See End Item P5A","2013-01","2013-01","0","0","2013-01","TBD","I think i","1060-cc329f5fd7adfe744221035c009b489ca2519d91a395bd3b8d36c596115124b1","root"
"GFE - Cockpit","0","270.202","","","0","0","","","","","","","2013-BASE_PROCUREMENT-2013-NAVY_AIRCRAFT_BA1-4-JustificationBook_Navy_PB_2013.zzz_unzipped-JustificationBook_Navy_PB_2013.xml","1a7189ca3ac3735d5b4780456bb4c8dddad618396ddbf80b22c606ea18981840","1-ad749f92110457c348793d6fe9354ca14931236a6329301d29578bfd1ce74d4d","1","See End Item P5A","See End Item P5A","15","15","2013","See End Item P5A","2012-12","2012-12","0","0","2012-12","TBD","I think i","1060-cc329f5fd7adfe744221035c009b489ca2519d91a395bd3b8d36c596115124b1","root"
"Cockpit For FY12 EOQ/Long Lead","0","","13.103","","0","0","","","","","","","2013-BASE_PROCUREMENT-2013-NAVY_AIRCRAFT_BA1-4-JustificationBook_Navy_PB_2013.zzz_unzipped-JustificationBook_Navy_PB_2013.xml","1a7189ca3ac3735d5b4780456bb4c8dddad618396ddbf80b22c606ea18981840","2-bebb8e78cd84bf2c71f7a64ec2e61c0eadc07ce03e081fcfae723d4a0c970a64","1","See End Item P5A","See End Item P5A","15","15","2013","See End Item P5A","2012-12","2012-12","0","0","2012-12","TBD","I think i","1060-cc329f5fd7adfe744221035c009b489ca2519d91a395bd3b8d36c596115124b1","root"
"Cockpit for FY13 EOQ/Long Lead","0","","","13.154","0","0","","","","","","","2013-BASE_PROCUREMENT-2013-NAVY_AIRCRAFT_BA1-4-JustificationBook_Navy_PB_2013.zzz_unzipped-JustificationBook_Navy_PB_2013.xml","1a7189ca3ac3735d5b4780456bb4c8dddad618396ddbf80b22c606ea18981840","3-84e20ea2f393471540aec07a3d70a0b809c3f0fb373728188c3c25d1044b4ddf","1","See End Item P5A","See End Item P5A","15","15","2013","See End Item P5A","2012-12","2012-12","0","0","2012-12","TBD","I think i","1060-cc329f5fd7adfe744221035c009b489ca2519d91a395bd3b8d36c596115124b1","root"
"Cockpit for FY14 EOQ/Long Lead","0","","","3.5","13.154","0","","","","","","","2013-BASE_PROCUREMENT-2013-NAVY_AIRCRAFT_BA1-4-JustificationBook_Navy_PB_2013.zzz_unzipped-JustificationBook_Navy_PB_2013.xml","1a7189ca3ac3735d5b4780456bb4c8dddad618396ddbf80b22c606ea18981840","4-74e48d8dad40a0d237492a605dd7683405b36a8ba0a50fbc7d18bb0eebaf5ddc","1","See End Item P5A","See End Item P5A","15","15","2013","See End Item P5A","2012-12","2012-12","0","0","2012-12","TBD","I think i","1060-cc329f5fd7adfe744221035c009b489ca2519d91a395bd3b8d36c596115124b1","root"
"Cockpit for FY15 EOQ/Long Lead","0","","","2.25","1","0","","","","","","","2013-BASE_PROCUREMENT-2013-NAVY_AIRCRAFT_BA1-4-JustificationBook_Navy_PB_2013.zzz_unzipped-JustificationBook_Navy_PB_2013.xml","1a7189ca3ac3735d5b4780456bb4c8dddad618396ddbf80b22c606ea18981840","5-c7928d8a630cdbe46ea07b909248f63183716c36fae46eab4cdb82f381245389","1","See End Item P5A","See End Item P5A","15","15","2013","See End Item P5A","2012-12","2012-12","0","0","2012-12","TBD","I think i","1060-cc329f5fd7adfe744221035c009b489ca2519d91a395bd3b8d36c596115124b1","root"
"A/C Misc Avn","0","102.907","13.915","12.513","14.109","0","","","","","","","2013-BASE_PROCUREMENT-2013-NAVY_AIRCRAFT_BA1-4-JustificationBook_Navy_PB_2013.zzz_unzipped-JustificationBook_Navy_PB_2013.xml","1a7189ca3ac3735d5b4780456bb4c8dddad618396ddbf80b22c606ea18981840","6-3dac124d97a0cf8d6d295f1b546ad7d1acc4b87f4e3b706ab5ed5692197bef5f","0","","","","","","","","","","","","","","1060-cc329f5fd7adfe744221035c009b489ca2519d91a395bd3b8d36c596115124b1","root"
"GFE Other","0","15.399","2.599","3.413","2.3","0","","","","","","","2013-BASE_PROCUREMENT-2013-NAVY_AIRCRAFT_BA1-4-JustificationBook_Navy_PB_2013.zzz_unzipped-JustificationBook_Navy_PB_2013.xml","b9d48f24ecf1fb0dc0353ad3f9cd91e926e2f3fda1f537c2caa93bb44b898f3b","0-3229ce9515f5984bce69c2ec67917c6a9ad84deac3fda12dfb7c5df8c364f35b","0","","","","","","","","","","","","","","1062-9ac9175a6edc4bbd4c04ea063330135ac434f525013b0dca15add241921c09d1","root"
"GFE Electronics","0","","","","0","0","","","","","","","2013-BASE_PROCUREMENT-2013-NAVY_AIRCRAFT_BA1-4-JustificationBook_Navy_PB_2013.zzz_unzipped-JustificationBook_Navy_PB_2013.xml","62ca14cc634acb0c901935df39de84860d1f64314c02973b24f410208b3cf78e","0-d0758c13b113d838540adaa3206dcb4e7384a5e9fcdedd5c98cffe724ed69ce9","0","","","","","","","","","","","","","","1064-51604d05cec01ce9165e1ad52d8590f85a6f8ec8e408dc963349bb33e710fef0","root"
"GFE Other","0","","","","0","0","","","","","","","2013-BASE_PROCUREMENT-2013-NAVY_AIRCRAFT_BA1-4-JustificationBook_Navy_PB_2013.zzz_unzipped-JustificationBook_Navy_PB_2013.xml","62ca14cc634acb0c901935df39de84860d1f64314c02973b24f410208b3cf78e","1-a5ac1ee6a6880da51dd07a953721eec5664f65e8f158709a9977301788dbb47b","0","","","","","","","","","","","","","","1064-51604d05cec01ce9165e1ad52d8590f85a6f8ec8e408dc963349bb33e710fef0","root"
"Other GFE","0","32.177","","","0","0","","","","","","","2013-BASE_PROCUREMENT-2013-NAVY_AIRCRAFT_BA1-4-JustificationBook_Navy_PB_2013.zzz_unzipped-JustificationBook_Navy_PB_2013.xml","c58f3e1b9e38e357fc3c36cb6204a5182b2e132e43a0c2e90cc87c9d07cd04f0","0-acf8b42c44f72e68cd87e301c1121cf6a0f423a55327fefaeb3d33837e080eb4","1","","","","","","","","","","","","","","1066-3a835c097196ac78f3bcf2e9e6909d9e5be31e55723f28c57d7da0fc2f96cf01","root"
"JTIDS","0","16.955","","","0","0","","","","","","","2013-BASE_PROCUREMENT-2013-NAVY_AIRCRAFT_BA1-4-JustificationBook_Navy_PB_2013.zzz_unzipped-JustificationBook_Navy_PB_2013.xml","c58f3e1b9e38e357fc3c36cb6204a5182b2e132e43a0c2e90cc87c9d07cd04f0","1-efe2faa4dce13fafaa5e2cff2d89649eb95cd80e901fc3064287157a148d50fc","1","","","","","","","","","","","","","","1066-3a835c097196ac78f3bcf2e9e6909d9e5be31e55723f28c57d7da0fc2f96cf01","root"
"Engines","0","14.9","","","0","0","","","","","","","2013-BASE_PROCUREMENT-2013-NAVY_AIRCRAFT_BA1-4-JustificationBook_Navy_PB_2013.zzz_unzipped-JustificationBook_Navy_PB_2013.xml","c58f3e1b9e38e357fc3c36cb6204a5182b2e132e43a0c2e90cc87c9d07cd04f0","2-f933979d4d1ef532510b5097dd5b5ce6c871bd106ac38d6f6ddb3cd2925a002f","1","","","","","","","","","","","","","","1066-3a835c097196ac78f3bcf2e9e6909d9e5be31e55723f28c57d7da0fc2f96cf01","root"
"GFE Electronics","0","18.946","","","2.396","0","","","","","","","2013-BASE_PROCUREMENT-2013-NAVY_AIRCRAFT_BA1-4-JustificationBook_Navy_PB_2013.zzz_unzipped-JustificationBook_Navy_PB_2013.xml","d2754e07aff7a1b263a31dad19b45c69e96d75bcc74c3f11578b13908f285a79","0-01c123ed1fb412a167d7d24950783425a15814c51d6e3f96260052335b447b27","0","See End Item P5A","See End Item P5A","20","20","2013","See End Item P5A","2014-07","2014-07","0","0","2014-07","TBD","I think i","1071-8ace1e3368a4627c6ce2d27d2163e2020a8563f47e057a67eece34150c75655f","root"
"GFE Other","0","1.953","","","0.599","0","","","","","","","2013-BASE_PROCUREMENT-2013-NAVY_AIRCRAFT_BA1-4-JustificationBook_Navy_PB_2013.zzz_unzipped-JustificationBook_Navy_PB_2013.xml","d2754e07aff7a1b263a31dad19b45c69e96d75bcc74c3f11578b13908f285a79","1-fb39da4aceb046ff286781f728708e028b51a16c4c80c0bd484dd653fc9d6f96","0","See End Item P5A","See End Item P5A","20","20","2013","See End Item P5A","2014-07","2014-07","0","0","2014-07","TBD","I think i","1071-8ace1e3368a4627c6ce2d27d2163e2020a8563f47e057a67eece34150c75655f","root"
"GFE - Engines T.L.","0","","","","0","0","","","","","","","2013-BASE_PROCUREMENT-2013-NAVY_AIRCRAFT_BA1-4-JustificationBook_Navy_PB_2013.zzz_unzipped-JustificationBook_Navy_PB_2013.xml","35ba065fc15348b04ce24529e69be9f99c6cbf65b10c2c0aa5e1f211a03d3de7","0-300684b163ae318e9594a45dc636daeb6d22ecee552d54fe196827404408756e","0","","","","","","","","","","","","","","1072-e4e19a0ce9b2466111ad8b39bb8ec6957749f2f7ac471aa639c9ba44b42893a6","root"
"GFE Electronics","0","","","","0","0","","","","","","","2013-BASE_PROCUREMENT-2013-NAVY_AIRCRAFT_BA1-4-JustificationBook_Navy_PB_2013.zzz_unzipped-JustificationBook_Navy_PB_2013.xml","35ba065fc15348b04ce24529e69be9f99c6cbf65b10c2c0aa5e1f211a03d3de7","1-f481f7ee94dfd032832dd91d28d4f07d590cea547269e948e06b679166d5f495","0","","","","","","","","","","","","","","1072-e4e19a0ce9b2466111ad8b39bb8ec6957749f2f7ac471aa639c9ba44b42893a6","root"
"GFE Other","0","","","","0","0","","","","","","","2013-BASE_PROCUREMENT-2013-NAVY_AIRCRAFT_BA1-4-JustificationBook_Navy_PB_2013.zzz_unzipped-JustificationBook_Navy_PB_2013.xml","35ba065fc15348b04ce24529e69be9f99c6cbf65b10c2c0aa5e1f211a03d3de7","2-a82c128ff78657c6860dab5d56feb04692b2bc0504ff9b2465428df30ac0a28b","0","","","","","","","","","","","","","","1072-e4e19a0ce9b2466111ad8b39bb8ec6957749f2f7ac471aa639c9ba44b42893a6","root"
"Engines T.L.","0","276.733","0.232","13","6.1","0","","","","","","","2013-BASE_PROCUREMENT-2013-NAVY_AIRCRAFT_BA1-4-JustificationBook_Navy_PB_2013.zzz_unzipped-JustificationBook_Navy_PB_2013.xml","726c637195c83e4c0a7ae20346d13ed0b7692dc152694d77e984d871c4d21a8a","0-9e9e9c159fccd3fee757126c561e679a6b206e9d16f6f6ff62ff609b98686587","2","","","","","","","","","","","","","","1075-1ecbea3ff80cf5c10bd1bd9e647f96be03811299cb2a2f3a8a6e14b1690b0fc7","root"
"ALE-50 IMPLC","0","19.15","","","0","0","","","","","","","2013-BASE_PROCUREMENT-2013-NAVY_AIRCRAFT_BA1-4-JustificationBook_Navy_PB_2013.zzz_unzipped-JustificationBook_Navy_PB_2013.xml","726c637195c83e4c0a7ae20346d13ed0b7692dc152694d77e984d871c4d21a8a","1-d1d79c3abfc3103cf70019719e708e6cecfaddc18fd6a1744be3cdf132cd3741","0","","","","","","","","","","","","","","1075-1ecbea3ff80cf5c10bd1bd9e647f96be03811299cb2a2f3a8a6e14b1690b0fc7","root"
"GFE Other","0","23.534","1.147","1.262","0.596","0","","","","","","","2013-BASE_PROCUREMENT-2013-NAVY_AIRCRAFT_BA1-4-JustificationBook_Navy_PB_2013.zzz_unzipped-JustificationBook_Navy_PB_2013.xml","726c637195c83e4c0a7ae20346d13ed0b7692dc152694d77e984d871c4d21a8a","2-1576fab5634ac4857a39def688a01a25815504bd0401e35349aab259ac1375e1","0","","","","","","","","","","","","","","1075-1ecbea3ff80cf5c10bd1bd9e647f96be03811299cb2a2f3a8a6e14b1690b0fc7","root"
"G.F.E Engines T.L.","0","93.339","46.043","23.995","14.34","4","","","","","","","2013-BASE_PROCUREMENT-2013-NAVY_AIRCRAFT_BA1-4-JustificationBook_Navy_PB_2013.zzz_unzipped-JustificationBook_Navy_PB_2013.xml","1b6e4b702b24277efec88c4dfcfbc287d38c3d115d2ccf877dd9d7935349683e","0-deeb027c94483111b8986387439054c8e230057894628d17da4a2c6bc682a4a9","0","See End Item P5A","See End Item P5A","27","27","2013","See End Item P5A","2013-04","2013-04","0","0","2013-04","TBD","I think i","1077-2f086f64aea74e4c3c297763cfb4232b47e15eca02c9527c18be68127fca9079","root"
"CFE- Engines T. L","0","118.124","62.63","25.79","23.364","6","","","","","","","2013-BASE_PROCUREMENT-2013-NAVY_AIRCRAFT_BA1-4-JustificationBook_Navy_PB_2013.zzz_unzipped-JustificationBook_Navy_PB_2013.xml","e15cc253127a516a7fca2e9705906e3c1522561f68e61267472a1ae406c2db8f","0-c069647c6d4ea771f727fc0be1f4b6993314397096998d4e9c2dd649ed651fed","0","See End Item P5A","See End Item P5A","27","27","2013","See End Item P5A","2013-02","2013-02","0","0","2013-02","TBD","I think i","1079-6d011b1909555766da162c905949177a13164a40121208fb6195202ec88d1a3e","root"
"GFE - Engines TL","0","8.281","","","0","0","","","","","","","2013-BASE_PROCUREMENT-2013-NAVY_AIRCRAFT_BA1-4-JustificationBook_Navy_PB_2013.zzz_unzipped-JustificationBook_Navy_PB_2013.xml","88900f9fefa8c2efa538b7df0981031e5954f9d461c6376f83fc0b897746a2a5","0-ac6ab542cb3c2123e28b96b010c3e90ab369c57cebe53f6310d76384ed3fd3b5","0","","","","","","","","","","","","","","1081-e47c9f136696e9ef759f1debb39743a95b28b440587f479b0f966b4d0c94e19c","root"
"GFE Other","0","81.331","0.183","0.148","0.153","0","","","","","","","2013-BASE_PROCUREMENT-2013-NAVY_AIRCRAFT_BA1-4-JustificationBook_Navy_PB_2013.zzz_unzipped-JustificationBook_Navy_PB_2013.xml","88900f9fefa8c2efa538b7df0981031e5954f9d461c6376f83fc0b897746a2a5","1-5cfe20a1e12b89f5f11a5f8f5ad20c5fb88ab3efd8ca3ae8ccdd8bab511503bb","0","See End Item P5A","See End Item P5A","27","27","2013","See End Item P5A","2015-03","2015-03","0","0","2015-03","TBD","I think i","1081-e47c9f136696e9ef759f1debb39743a95b28b440587f479b0f966b4d0c94e19c","root"
"CFE Com/Nav","0","11.466","3.977","2.014","2.654","0","","","","","","","2013-BASE_PROCUREMENT-2013-NAVY_AIRCRAFT_BA1-4-JustificationBook_Navy_PB_2013.zzz_unzipped-JustificationBook_Navy_PB_2013.xml","88900f9fefa8c2efa538b7df0981031e5954f9d461c6376f83fc0b897746a2a5","2-410ad85140de746e22b9a3dacca54d6365773d7035c8545025de4a271ef73849","0","See End Item P5A","See End Item P5A","29","29","2013","See End Item P5A","2015-05","2015-05","0","0","2015-05","TBD","I think i","1081-e47c9f136696e9ef759f1debb39743a95b28b440587f479b0f966b4d0c94e19c","root"
"GFE EW","0","12.796","4.149","2.533","2.916","0","","","","","","","2013-BASE_PROCUREMENT-2013-NAVY_AIRCRAFT_BA1-4-JustificationBook_Navy_PB_2013.zzz_unzipped-JustificationBook_Navy_PB_2013.xml","88900f9fefa8c2efa538b7df0981031e5954f9d461c6376f83fc0b897746a2a5","3-06dd15345b8340e76dab72b668f981029bd5546c23c7e9395575018da9f5546a","0","See End Item P5A","See End Item P5A","29","29","2013","See End Item P5A","2015-05","2015-05","0","0","2015-05","TBD","I think i","1081-e47c9f136696e9ef759f1debb39743a95b28b440587f479b0f966b4d0c94e19c","root"
"Engines T.L.","0","37.09","5.273","5.624","0","0","","","","","","","2013-BASE_PROCUREMENT-2013-NAVY_AIRCRAFT_BA7-MasterJustificationBook_Navy_PB_2013.zzz_unzipped-MasterJustificationBook_Navy_PB_2013.xml","fc4ad63a37f11443d049b6c774a2c3a61b497f69db08ea5c5de15e3106a0de6f","0-449805e7d2bad718c6c93d9605f0d12dd07f698b2cd7af39eedba24e26bf52e6","2","","","","","","","","","","","","","","1083-8a941280e10b646dd89d4fcd2ac961bfcda40541b38ae43314024d112391a77d","root"
"GFE Other","0","9.953","18.03","0.562","0","0","","","","","","","2013-BASE_PROCUREMENT-2013-NAVY_AIRCRAFT_BA7-MasterJustificationBook_Navy_PB_2013.zzz_unzipped-MasterJustificationBook_Navy_PB_2013.xml","fc4ad63a37f11443d049b6c774a2c3a61b497f69db08ea5c5de15e3106a0de6f","1-a82ae47431b58eaab78161c5e18ebae2da49a44da398ed703ae72794f5dcd650","0","","","","","","","","","","","","","","1083-8a941280e10b646dd89d4fcd2ac961bfcda40541b38ae43314024d112391a77d","root"
"GFE - Engines T.L.","0","220.195","16.081","15.382","15.644","0","","","","","","","2013-BASE_PROCUREMENT-2013-NAVY_AIRCRAFT_BA7-MasterJustificationBook_Navy_PB_2013.zzz_unzipped-MasterJustificationBook_Navy_PB_2013.xml","52b39e0ba477b629fab29d59fdc36d8c3d0ab657f636c88f6789b1fdfc38a7cd","0-013048d6f0d81c5f54fe0a7fce65b7a7d09c60c1757d44452f43ab0b1afad8e5","2","See End Item P5A","See End Item P5A","14","14","2013","See End Item P5A","2013-01","2013-01","0","0","2013-01","TBD","I think i","1087-cd5706466f66df4fdc6741865f06a281f3f62f2c2551a35663b7b1a85815fe4e","root"
"GFE - Cockpit","0","270.202","","","0","0","","","","","","","2013-BASE_PROCUREMENT-2013-NAVY_AIRCRAFT_BA7-MasterJustificationBook_Navy_PB_2013.zzz_unzipped-MasterJustificationBook_Navy_PB_2013.xml","52b39e0ba477b629fab29d59fdc36d8c3d0ab657f636c88f6789b1fdfc38a7cd","1-f41f98858b716b17da02cab4d80c301bfceccdc04596504c85d7abfe5d00455e","1","See End Item P5A","See End Item P5A","15","15","2013","See End Item P5A","2012-12","2012-12","0","0","2012-12","TBD","I think i","1087-cd5706466f66df4fdc6741865f06a281f3f62f2c2551a35663b7b1a85815fe4e","root"
"Cockpit For FY12 EOQ/Long Lead","0","","13.103","","0","0","","","","","","","2013-BASE_PROCUREMENT-2013-NAVY_AIRCRAFT_BA7-MasterJustificationBook_Navy_PB_2013.zzz_unzipped-MasterJustificationBook_Navy_PB_2013.xml","52b39e0ba477b629fab29d59fdc36d8c3d0ab657f636c88f6789b1fdfc38a7cd","2-ec5cdf0dff2c78e00a82f85a571d485393bc33773323f6370db9e23ee76ff2d0","1","See End Item P5A","See End Item P5A","15","15","2013","See End Item P5A","2012-12","2012-12","0","0","2012-12","TBD","I think i","1087-cd5706466f66df4fdc6741865f06a281f3f62f2c2551a35663b7b1a85815fe4e","root"
"Cockpit for FY13 EOQ/Long Lead","0","","","13.154","0","0","","","","","","","2013-BASE_PROCUREMENT-2013-NAVY_AIRCRAFT_BA7-MasterJustificationBook_Navy_PB_2013.zzz_unzipped-MasterJustificationBook_Navy_PB_2013.xml","52b39e0ba477b629fab29d59fdc36d8c3d0ab657f636c88f6789b1fdfc38a7cd","3-6ff2b8266c3a46e2905fbce03af15d484f282c100ad72a26daaa17f7f41fba45","1","See End Item P5A","See End Item P5A","15","15","2013","See End Item P5A","2012-12","2012-12","0","0","2012-12","TBD","I think i","1087-cd5706466f66df4fdc6741865f06a281f3f62f2c2551a35663b7b1a85815fe4e","root"
"Cockpit for FY14 EOQ/Long Lead","0","","","3.5","13.154","0","","","","","","","2013-BASE_PROCUREMENT-2013-NAVY_AIRCRAFT_BA7-MasterJustificationBook_Navy_PB_2013.zzz_unzipped-MasterJustificationBook_Navy_PB_2013.xml","52b39e0ba477b629fab29d59fdc36d8c3d0ab657f636c88f6789b1fdfc38a7cd","4-52821753c694d61169948185f2ec44650c852a52fb405ba5be48705b1d6dac4b","1","See End Item P5A","See End Item P5A","15","15","2013","See End Item P5A","2012-12","2012-12","0","0","2012-12","TBD","I think i","1087-cd5706466f66df4fdc6741865f06a281f3f62f2c2551a35663b7b1a85815fe4e","root"
"Cockpit for FY15 EOQ/Long Lead","0","","","2.25","1","0","","","","","","","2013-BASE_PROCUREMENT-2013-NAVY_AIRCRAFT_BA7-MasterJustificationBook_Navy_PB_2013.zzz_unzipped-MasterJustificationBook_Navy_PB_2013.xml","52b39e0ba477b629fab29d59fdc36d8c3d0ab657f636c88f6789b1fdfc38a7cd","5-55586cee4f4eb3d58764c70f8b6008612e114242aaf0cd44b9bb8d3366d1fcf5","1","See End Item P5A","See End Item P5A","15","15","2013","See End Item P5A","2012-12","2012-12","0","0","2012-12","TBD","I think i","1087-cd5706466f66df4fdc6741865f06a281f3f62f2c2551a35663b7b1a85815fe4e","root"
"A/C Misc Avn","0","102.907","13.915","12.513","14.109","0","","","","","","","2013-BASE_PROCUREMENT-2013-NAVY_AIRCRAFT_BA7-MasterJustificationBook_Navy_PB_2013.zzz_unzipped-MasterJustificationBook_Navy_PB_2013.xml","52b39e0ba477b629fab29d59fdc36d8c3d0ab657f636c88f6789b1fdfc38a7cd","6-39566ea253a731c66be4ba6b0c46452807633ecb2b9a646ab5520a5ccac14891","0","","","","","","","","","","","","","","1087-cd5706466f66df4fdc6741865f06a281f3f62f2c2551a35663b7b1a85815fe4e","root"
"GFE Other","0","15.399","2.599","3.413","2.3","0","","","","","","","2013-BASE_PROCUREMENT-2013-NAVY_AIRCRAFT_BA7-MasterJustificationBook_Navy_PB_2013.zzz_unzipped-MasterJustificationBook_Navy_PB_2013.xml","6b43da5773fdddd6745e6a9177c3b5322c6d5d599a05e656a65c474843726605","0-82c6005e0cb32df7e51d7efaa1ebdbeee2942a48cb970f3ed41b7d0e45ae2d1d","0","","","","","","","","","","","","","","1089-c2c5139643e8cb1a3c96530059d0e54bed2c9555393701bd596b588e62356af7","root"
"GFE Electronics","0","","","","0","0","","","","","","","2013-BASE_PROCUREMENT-2013-NAVY_AIRCRAFT_BA7-MasterJustificationBook_Navy_PB_2013.zzz_unzipped-MasterJustificationBook_Navy_PB_2013.xml","a239252c2db994d3d59f63231ca3c22a219233e70e30c14c66a0ba0cdfbe6d4f","0-deb5c3b7ff97b290f4ff36b2eff6cd2a05343851f6797e6ed4d4bf21d9262033","0","","","","","","","","","","","","","","1091-217df2fcb63afab234ae3057eb52649b9930e37a7dc8d891ae8cfe52c05f4204","root"
"GFE Other","0","","","","0","0","","","","","","","2013-BASE_PROCUREMENT-2013-NAVY_AIRCRAFT_BA7-MasterJustificationBook_Navy_PB_2013.zzz_unzipped-MasterJustificationBook_Navy_PB_2013.xml","a239252c2db994d3d59f63231ca3c22a219233e70e30c14c66a0ba0cdfbe6d4f","1-c4df4334ce14aabb8152bf57e3c3f1c617772868eafd5d0b482489fe3cdcbee2","0","","","","","","","","","","","","","","1091-217df2fcb63afab234ae3057eb52649b9930e37a7dc8d891ae8cfe52c05f4204","root"
"Other GFE","0","32.177","","","0","0","","","","","","","2013-BASE_PROCUREMENT-2013-NAVY_AIRCRAFT_BA7-MasterJustificationBook_Navy_PB_2013.zzz_unzipped-MasterJustificationBook_Navy_PB_2013.xml","f574b404c7e4bb0b9eaa9bd06310ba954fd8383396e28c51365d22c8228792d8","0-6106155566d6de6b3215213b78fbfd3a73414e2fae56c0fb427a46c62b47a02e","1","","","","","","","","","","","","","","1093-3b1e46acafb75c9fea6fd7d3656d31c706f0c1eae124af6397dc203b6549cf5d","root"
"JTIDS","0","16.955","","","0","0","","","","","","","2013-BASE_PROCUREMENT-2013-NAVY_AIRCRAFT_BA7-MasterJustificationBook_Navy_PB_2013.zzz_unzipped-MasterJustificationBook_Navy_PB_2013.xml","f574b404c7e4bb0b9eaa9bd06310ba954fd8383396e28c51365d22c8228792d8","1-a75ca41b55fe2cce55625df28d4840f7d3d1dc2c96675c22a13f82eda52914ee","1","","","","","","","","","","","","","","1093-3b1e46acafb75c9fea6fd7d3656d31c706f0c1eae124af6397dc203b6549cf5d","root"
"Engines","0","14.9","","","0","0","","","","","","","2013-BASE_PROCUREMENT-2013-NAVY_AIRCRAFT_BA7-MasterJustificationBook_Navy_PB_2013.zzz_unzipped-MasterJustificationBook_Navy_PB_2013.xml","f574b404c7e4bb0b9eaa9bd06310ba954fd8383396e28c51365d22c8228792d8","2-b355dda6ac6ecb50ff27e2dfeaa33bb59b78b1fa0c8c283734ae66a506e6af2e","1","","","","","","","","","","","","","","1093-3b1e46acafb75c9fea6fd7d3656d31c706f0c1eae124af6397dc203b6549cf5d","root"
"GFE Electronics","0","18.946","","","2.396","0","","","","","","","2013-BASE_PROCUREMENT-2013-NAVY_AIRCRAFT_BA7-MasterJustificationBook_Navy_PB_2013.zzz_unzipped-MasterJustificationBook_Navy_PB_2013.xml","19b818fa742a194bd563aa5faa6e5e005c270142ae3622837df452b09ef21fd9","0-4cfa986073c56131a760c84fd5fd4bdc0277bd4e6ddf0d8b467f8e1108d985f9","0","See End Item P5A","See End Item P5A","20","20","2013","See End Item P5A","2014-07","2014-07","0","0","2014-07","TBD","I think i","1098-64e0c2ca95c92c47a10fbb97c515f39c727de3ed39ad82291194a270a57688fb","root"
"GFE Other","0","1.953","","","0.599","0","","","","","","","2013-BASE_PROCUREMENT-2013-NAVY_AIRCRAFT_BA7-MasterJustificationBook_Navy_PB_2013.zzz_unzipped-MasterJustificationBook_Navy_PB_2013.xml","19b818fa742a194bd563aa5faa6e5e005c270142ae3622837df452b09ef21fd9","1-4edcca180a7c6290b12e9ca54ba2c9432535b894e3b1b9530c14741dd300e426","0","See End Item P5A","See End Item P5A","20","20","2013","See End Item P5A","2014-07","2014-07","0","0","2014-07","TBD","I think i","1098-64e0c2ca95c92c47a10fbb97c515f39c727de3ed39ad82291194a270a57688fb","root"
"GFE - Engines T.L.","0","","","","0","0","","","","","","","2013-BASE_PROCUREMENT-2013-NAVY_AIRCRAFT_BA7-MasterJustificationBook_Navy_PB_2013.zzz_unzipped-MasterJustificationBook_Navy_PB_2013.xml","a2cf9a9f7e41de0e4e8e70c616aab683dbff4c199053caf8b648f74fa8d86680","0-14b0885aea1b42b605ffb1b94c7888b64a29fbe58d2985e9f1222c865c2d8e25","0","","","","","","","","","","","","","","1099-f8fc69f61c5f0550b0eaa757f6a056f462f85d7296beba322a2526797c77392f","root"
"GFE Electronics","0","","","","0","0","","","","","","","2013-BASE_PROCUREMENT-2013-NAVY_AIRCRAFT_BA7-MasterJustificationBook_Navy_PB_2013.zzz_unzipped-MasterJustificationBook_Navy_PB_2013.xml","a2cf9a9f7e41de0e4e8e70c616aab683dbff4c199053caf8b648f74fa8d86680","1-2013c6ad3df31c60454bd5e7150bb7f196757aae48f91ab47670693d36840ee5","0","","","","","","","","","","","","","","1099-f8fc69f61c5f0550b0eaa757f6a056f462f85d7296beba322a2526797c77392f","root"
"GFE Other","0","","","","0","0","","","","","","","2013-BASE_PROCUREMENT-2013-NAVY_AIRCRAFT_BA7-MasterJustificationBook_Navy_PB_2013.zzz_unzipped-MasterJustificationBook_Navy_PB_2013.xml","a2cf9a9f7e41de0e4e8e70c616aab683dbff4c199053caf8b648f74fa8d86680","2-3559b80b4a595eb7a38c9532aabb710ca5f9525d92fc192d7a53d8268348208f","0","","","","","","","","","","","","","","1099-f8fc69f61c5f0550b0eaa757f6a056f462f85d7296beba322a2526797c77392f","root"
"Engines T.L.","0","276.733","0.232","13","6.1","0","","","","","","","2013-BASE_PROCUREMENT-2013-NAVY_AIRCRAFT_BA7-MasterJustificationBook_Navy_PB_2013.zzz_unzipped-MasterJustificationBook_Navy_PB_2013.xml","e21141c5bdc26da71ac5ea984451900c0d04cdb459ada4454fef17e3e0d037e3","0-17fa6b7f574239d2212c4f2c6987b7661b2ac7939a11276f70d6874971d548c1","2","","","","","","","","","","","","","","1102-e71caaf28a8c102cd66acba4e7804617325e4de5bb98a620d80cdac6597a5995","root"
"ALE-50 IMPLC","0","19.15","","","0","0","","","","","","","2013-BASE_PROCUREMENT-2013-NAVY_AIRCRAFT_BA7-MasterJustificationBook_Navy_PB_2013.zzz_unzipped-MasterJustificationBook_Navy_PB_2013.xml","e21141c5bdc26da71ac5ea984451900c0d04cdb459ada4454fef17e3e0d037e3","1-9a811af1b4499fadd9d528a3965251f1987808a457f29d5c290de259ca36fdca","0","","","","","","","","","","","","","","1102-e71caaf28a8c102cd66acba4e7804617325e4de5bb98a620d80cdac6597a5995","root"
"GFE Other","0","23.534","1.147","1.262","0.596","0","","","","","","","2013-BASE_PROCUREMENT-2013-NAVY_AIRCRAFT_BA7-MasterJustificationBook_Navy_PB_2013.zzz_unzipped-MasterJustificationBook_Navy_PB_2013.xml","e21141c5bdc26da71ac5ea984451900c0d04cdb459ada4454fef17e3e0d037e3","2-6b114e4ec5025507ead2f7f149a71ad376b76282b728e6eda4d22fe7a9d3170c","0","","","","","","","","","","","","","","1102-e71caaf28a8c102cd66acba4e7804617325e4de5bb98a620d80cdac6597a5995","root"
"G.F.E Engines T.L.","0","93.339","46.043","23.995","14.34","4","","","","","","","2013-BASE_PROCUREMENT-2013-NAVY_AIRCRAFT_BA7-MasterJustificationBook_Navy_PB_2013.zzz_unzipped-MasterJustificationBook_Navy_PB_2013.xml","6be8c1ba8081b3684a551a7ebb51417b1707dd863e3e39ea0bab2286adf1d1a8","0-8ab6e2966660bccb26b97bf4a722f61de31c501c33fc7b68a45e5589422f819c","0","See End Item P5A","See End Item P5A","27","27","2013","See End Item P5A","2013-04","2013-04","0","0","2013-04","TBD","I think i","1104-3c3f5ba2fcc2727275e2ef3fa49e97e2c5c60b3aa7de79a273496a625c00e6b6","root"
"CFE- Engines T. L","0","118.124","62.63","25.79","23.364","6","","","","","","","2013-BASE_PROCUREMENT-2013-NAVY_AIRCRAFT_BA7-MasterJustificationBook_Navy_PB_2013.zzz_unzipped-MasterJustificationBook_Navy_PB_2013.xml","57b7e75a2b5cb2d490ce2912a42672afdb440d0c4fc34c245fb92baa86ce8db1","0-4d3248481d8f2e6f4e269c8462479711e0e6a36add39094eb2caf30855776787","0","See End Item P5A","See End Item P5A","27","27","2013","See End Item P5A","2013-02","2013-02","0","0","2013-02","TBD","I think i","1106-b04666a5dfcab8bba68dbc333fa926412bf40e97ffb3799ae19b602a03082864","root"
"GFE - Engines TL","0","8.281","","","0","0","","","","","","","2013-BASE_PROCUREMENT-2013-NAVY_AIRCRAFT_BA7-MasterJustificationBook_Navy_PB_2013.zzz_unzipped-MasterJustificationBook_Navy_PB_2013.xml","7597bbdd4d25ec92c5844fecacfdaaaa10c12e15befbde6f7b81db23360e002e","0-1cee0a361c83e6ee5d14e8eca4ea8a983984bb2a93f559c4778f86739b921251","0","","","","","","","","","","","","","","1108-da87b738724d17a2825176bc3f2d836a8413f37ec9ea6da28af2df3e960108c1","root"
"GFE Other","0","81.331","0.183","0.148","0.153","0","","","","","","","2013-BASE_PROCUREMENT-2013-NAVY_AIRCRAFT_BA7-MasterJustificationBook_Navy_PB_2013.zzz_unzipped-MasterJustificationBook_Navy_PB_2013.xml","7597bbdd4d25ec92c5844fecacfdaaaa10c12e15befbde6f7b81db23360e002e","1-5dc4dd492c63d2117b6d137f693373c392dc38acfab5aa0484d57b9a2016604e","0","See End Item P5A","See End Item P5A","27","27","2013","See End Item P5A","2015-03","2015-03","0","0","2015-03","TBD","I think i","1108-da87b738724d17a2825176bc3f2d836a8413f37ec9ea6da28af2df3e960108c1","root"
"CFE Com/Nav","0","11.466","3.977","2.014","2.654","0","","","","","","","2013-BASE_PROCUREMENT-2013-NAVY_AIRCRAFT_BA7-MasterJustificationBook_Navy_PB_2013.zzz_unzipped-MasterJustificationBook_Navy_PB_2013.xml","7597bbdd4d25ec92c5844fecacfdaaaa10c12e15befbde6f7b81db23360e002e","2-818c4e00ca37e375a6c246a1184ee7b661232c6d42a39fe05b8c73ac70d9460f","0","See End Item P5A","See End Item P5A","29","29","2013","See End Item P5A","2015-05","2015-05","0","0","2015-05","TBD","I think i","1108-da87b738724d17a2825176bc3f2d836a8413f37ec9ea6da28af2df3e960108c1","root"
"GFE EW","0","12.796","4.149","2.533","2.916","0","","","","","","","2013-BASE_PROCUREMENT-2013-NAVY_AIRCRAFT_BA7-MasterJustificationBook_Navy_PB_2013.zzz_unzipped-MasterJustificationBook_Navy_PB_2013.xml","7597bbdd4d25ec92c5844fecacfdaaaa10c12e15befbde6f7b81db23360e002e","3-8f5e7489d8e0565a094239d3028d68205ffc22bedcf9b88d7d002918913213d9","0","See End Item P5A","See End Item P5A","29","29","2013","See End Item P5A","2015-05","2015-05","0","0","2015-05","TBD","I think i","1108-da87b738724d17a2825176bc3f2d836a8413f37ec9ea6da28af2df3e960108c1","root"
"Other Government Furnished Equipment ()","12","12.624","0","0","0","","0","0","0","0","0","12.624","2014-BASE_PROCUREMENT-2014-AIRFORCE_AIRCRAFT_VOL1-PROCUREMENT_JustificationBook_Air_Force_PB_2014.zzz_unzipped-PROCUREMENT_JustificationBook_Air_Force_PB_2014.xml","87fe378a0d0a4ac2bd7f5599a847577c8b84352d788084ef2c6af33bc809e3d3","0-99c134e90504b897294bf6bdc2fe19ff63e5affee9f607db8f46a157e03dbfaa","","","","","","","","","","","","","","","1753-87a41ea4c6baf72d7aef40d9baf3eea3fceef91638eb23f2cfd933bfb0add0a4","root"
"Other Government Furnished Equipment ()","12","12.624","0","0","0","","0","0","0","0","0","12.624","2014-BASE_PROCUREMENT-2014-AIRFORCE_AIRCRAFT_VOL2-PROCUREMENT_MasterJustificationBook_Air_Force_PB_2014.zzz_unzipped-PROCUREMENT_MasterJustificationBook_Air_Force_PB_2014.xml","488edd08a4134d4ef47f67932aa0e770dd42909fc6ec080a1be4113faa890508","0-3271f71991a21a19cd397a3683429934ac31551447f5111a76c3c45b360fd4d6","","","","","","","","","","","","","","","1800-5744a59ffd86aa3c9611c5c686faf7ed85affa19b6f8872eae3c4a2870f84d74","root"
"Other Government Furnished Equipment ()","12","12.624","0","0","0","","0","0","0","0","0","12.624","2014-BASE_PROCUREMENT-2014-AIRFORCE_AIRCRAFT_VOL1-PROCUREMENT_MasterJustificationBook_Air_Force_PB_2014.zzz_unzipped-PROCUREMENT_MasterJustificationBook_Air_Force_PB_2014.xml","9de913aeb6567c0d4534e57110f9dda8f4ab9f2890ebec10995f16b0056b8d4a","0-f7e8204d95fcdc4dd206796330b9ac3fdb3c189813c40bd24dcc6e7b7538f585","","","","","","","","","","","","","","","1847-fd42c67a5905c4a71cb26fb205f69326cd8348056009cd022dcd31e9e7120927","root"
"Engines T.L.","0","42.363","5.367","","0","0","","","","","","","2014-BASE_PROCUREMENT-2014-NAVY_AIRCRAFT_BA1-4-PROCUREMENT_JustificationBook_Navy_PB_2014.zzz_unzipped-PROCUREMENT_JustificationBook_Navy_PB_2014.xml","59eb071a2b8c27825df619eb2437ee7c5c84f3ba541674a32571545b2cf94550","0-2f1620313af43da23287f9f4e454c00285bcd5c3073f004bbf01d8a67e1bd5ed","2","See End Item P5A","See End Item P5A","24","24","2013","See End Item P5A","0001-01","0001-01","0","0","0001-01","TBD","I think i","2720-9e6ef78cb87edfa81188417bf5b55e689fe0b23f73539154f79c48d54891d18c","root"
"GFE Other","0","27.983","0.299","","0","0","","","","","","","2014-BASE_PROCUREMENT-2014-NAVY_AIRCRAFT_BA1-4-PROCUREMENT_JustificationBook_Navy_PB_2014.zzz_unzipped-PROCUREMENT_JustificationBook_Navy_PB_2014.xml","59eb071a2b8c27825df619eb2437ee7c5c84f3ba541674a32571545b2cf94550","1-129462260d70891204c35644579072b54156966b868f872c4c3d7d1e7cafae6e","0","See End Item P5A","See End Item P5A","0","0","2013","See End Item P5A","0001-01","0001-01","0","0","0001-01","TBD","I think i","2720-9e6ef78cb87edfa81188417bf5b55e689fe0b23f73539154f79c48d54891d18c","root"
"GFE - Engines T.L.","0","236.277","17.326","16.872","12.727","0","","","","","","","2014-BASE_PROCUREMENT-2014-NAVY_AIRCRAFT_BA1-4-PROCUREMENT_JustificationBook_Navy_PB_2014.zzz_unzipped-PROCUREMENT_JustificationBook_Navy_PB_2014.xml","d9f1e0fb0d1c8f37f7cf1fb8789cbe4e3f3cf2139c15aa9e23860a1278ea6cc4","0-6e1ce7f22df03fac9692d8d60878dd19f28558f4450d88176f2bc4c4bd66bb28","2","See End Item P5A","See End Item P5A","14","14","2013","See End Item P5A","2014-01","2014-01","0","0","2014-01","TBD","I think i","2724-582778c1ef1c23e10649bb67e61153a2591f94f8c71a5c7856b61be09a2e4d9b","root"
"GFE - Cockpit","0","270.202","","","0","0","","","","","","","2014-BASE_PROCUREMENT-2014-NAVY_AIRCRAFT_BA1-4-PROCUREMENT_JustificationBook_Navy_PB_2014.zzz_unzipped-PROCUREMENT_JustificationBook_Navy_PB_2014.xml","d9f1e0fb0d1c8f37f7cf1fb8789cbe4e3f3cf2139c15aa9e23860a1278ea6cc4","1-7f7b814595d79ca668c9f6ca7ea2bf8c14ab28ba9b193385d9855204a8b1a080","1","See End Item P5A","See End Item P5A","15","15","2013","See End Item P5A","2013-12","2013-12","0","0","2013-12","TBD","I think i","2724-582778c1ef1c23e10649bb67e61153a2591f94f8c71a5c7856b61be09a2e4d9b","root"
"Cockpit For FY12 EOQ/Long Lead","0","17.911","","","0","0","","","","","","","2014-BASE_PROCUREMENT-2014-NAVY_AIRCRAFT_BA1-4-PROCUREMENT_JustificationBook_Navy_PB_2014.zzz_unzipped-PROCUREMENT_JustificationBook_Navy_PB_2014.xml","d9f1e0fb0d1c8f37f7cf1fb8789cbe4e3f3cf2139c15aa9e23860a1278ea6cc4","2-16c39166d7a1c4b27206373180d431e64b36e0e8a0f5bd33ec3ac686ca043763","1","See End Item P5A","See End Item P5A","15","15","2013","See End Item P5A","2013-12","2013-12","0","0","2013-12","TBD","I think i","2724-582778c1ef1c23e10649bb67e61153a2591f94f8c71a5c7856b61be09a2e4d9b","root"
"Cockpit for FY13 EOQ/Long Lead","0","","13.2","","0","0","","","","","","","2014-BASE_PROCUREMENT-2014-NAVY_AIRCRAFT_BA1-4-PROCUREMENT_JustificationBook_Navy_PB_2014.zzz_unzipped-PROCUREMENT_JustificationBook_Navy_PB_2014.xml","d9f1e0fb0d1c8f37f7cf1fb8789cbe4e3f3cf2139c15aa9e23860a1278ea6cc4","3-7fc03ae6fd36d6c052a1be5132beedd2567eb018409a6e8a65b10e829ae2f7c4","1","See End Item P5A","See End Item P5A","15","15","2013","See End Item P5A","2013-12","2013-12","0","0","2013-12","TBD","I think i","2724-582778c1ef1c23e10649bb67e61153a2591f94f8c71a5c7856b61be09a2e4d9b","root"
"Cockpit for FY14 EOQ/Long Lead","0","","3.5","11.925","0","0","","","","","","","2014-BASE_PROCUREMENT-2014-NAVY_AIRCRAFT_BA1-4-PROCUREMENT_JustificationBook_Navy_PB_2014.zzz_unzipped-PROCUREMENT_JustificationBook_Navy_PB_2014.xml","d9f1e0fb0d1c8f37f7cf1fb8789cbe4e3f3cf2139c15aa9e23860a1278ea6cc4","4-07d7ecdf53cd21ea3428cac8dcd9440893dfd6909d21c50e6e18a51536fd7516","1","See End Item P5A","See End Item P5A","15","15","2013","See End Item P5A","2012-12","2012-12","0","0","2012-12","TBD","I think i","2724-582778c1ef1c23e10649bb67e61153a2591f94f8c71a5c7856b61be09a2e4d9b","root"
"Cockpit for FY15 EOQ/Long Lead","0","","2.25","1","5.3","0","","","","","","","2014-BASE_PROCUREMENT-2014-NAVY_AIRCRAFT_BA1-4-PROCUREMENT_JustificationBook_Navy_PB_2014.zzz_unzipped-PROCUREMENT_JustificationBook_Navy_PB_2014.xml","d9f1e0fb0d1c8f37f7cf1fb8789cbe4e3f3cf2139c15aa9e23860a1278ea6cc4","5-8edba2723aeda5dd18331ceb3693b2cc7a41bbe412f7a12a1caf5cb37f50c656","1","See End Item P5A","See End Item P5A","15","15","2013","See End Item P5A","2013-12","2013-12","0","0","2013-12","TBD","I think i","2724-582778c1ef1c23e10649bb67e61153a2591f94f8c71a5c7856b61be09a2e4d9b","root"
"A/C Misc Avionics","0","116.763","14.426","14.11","8.094","0","","","","","","","2014-BASE_PROCUREMENT-2014-NAVY_AIRCRAFT_BA1-4-PROCUREMENT_JustificationBook_Navy_PB_2014.zzz_unzipped-PROCUREMENT_JustificationBook_Navy_PB_2014.xml","d9f1e0fb0d1c8f37f7cf1fb8789cbe4e3f3cf2139c15aa9e23860a1278ea6cc4","6-3b05a2234b29949a53567a5be5a005480fa052625e4c31727f3abefd17f99d1a","0","See End Item P5A","See End Item P5A","0","0","2013","See End Item P5A","0001-01","0001-01","0","0","0001-01","TBD","I think i","2724-582778c1ef1c23e10649bb67e61153a2591f94f8c71a5c7856b61be09a2e4d9b","root"
"GFE Other","0","17.047","3.119","2.958","4.581","0","","","","","","","2014-BASE_PROCUREMENT-2014-NAVY_AIRCRAFT_BA1-4-PROCUREMENT_JustificationBook_Navy_PB_2014.zzz_unzipped-PROCUREMENT_JustificationBook_Navy_PB_2014.xml","fca80c4a5bf23e192e9420dded4f49a1b46495e610d6495e88d6fe525d380853","0-45df73aea7659534ac956cf2652ed5d8880da87e06245de4cc87be3ae71186ba","0","See End Item P5A","See End Item P5A","0","0","2013","See End Item P5A","0001-01","0001-01","0","0","0001-01","TBD","I think i","2726-5b06bcbd340cc87bcdea537bf54b2fe4f825de3835f1b89b130505c73e977366","root"
"MYP Savings","0","","","22.76","0","0","","","","","","","2014-BASE_PROCUREMENT-2014-NAVY_AIRCRAFT_BA1-4-PROCUREMENT_JustificationBook_Navy_PB_2014.zzz_unzipped-PROCUREMENT_JustificationBook_Navy_PB_2014.xml","fca80c4a5bf23e192e9420dded4f49a1b46495e610d6495e88d6fe525d380853","1-4111716c37a1fe5d6b2075eb8d4f955c43d4b843725c23511fa8c5b874e62b09","0","See End Item P5A","See End Item P5A","0","0","2013","See End Item P5A","0001-01","0001-01","0","0","0001-01","TBD","I think i","2726-5b06bcbd340cc87bcdea537bf54b2fe4f825de3835f1b89b130505c73e977366","root"
"GFE Electronics","0","","","","0","0","","","","","","","2014-BASE_PROCUREMENT-2014-NAVY_AIRCRAFT_BA1-4-PROCUREMENT_JustificationBook_Navy_PB_2014.zzz_unzipped-PROCUREMENT_JustificationBook_Navy_PB_2014.xml","9153159fe86babf2338e4b160b0225ad806515ca1ccc0dbf362bf9b5e04bfffb","0-2a6931b86eade1c0a0ce56d3448faaa0917f304a2a62ec82b82c8b3fb3a47beb","0","See End Item P5A","See End Item P5A","0","0","2013","See End Item P5A","0001-01","0001-01","0","0","0001-01","TBD","I think i","2728-a51d10e88d107198b14696775e12eea6d4b8dfa4ff505e81b52f41199ab9c79d","root"
"GFE Other","0","","","","0","0","","","","","","","2014-BASE_PROCUREMENT-2014-NAVY_AIRCRAFT_BA1-4-PROCUREMENT_JustificationBook_Navy_PB_2014.zzz_unzipped-PROCUREMENT_JustificationBook_Navy_PB_2014.xml","9153159fe86babf2338e4b160b0225ad806515ca1ccc0dbf362bf9b5e04bfffb","1-7972eb0c1f8e249214817c65f8973f3c99c8761b1679fa5b042f30733fb1c9f2","0","See End Item P5A","See End Item P5A","0","0","2013","See End Item P5A","0001-01","0001-01","0","0","0001-01","TBD","I think i","2728-a51d10e88d107198b14696775e12eea6d4b8dfa4ff505e81b52f41199ab9c79d","root"
"Other GFE","0","32.177","","","0","0","","","","","","","2014-BASE_PROCUREMENT-2014-NAVY_AIRCRAFT_BA1-4-PROCUREMENT_JustificationBook_Navy_PB_2014.zzz_unzipped-PROCUREMENT_JustificationBook_Navy_PB_2014.xml","0665cc0483394d06f3f23a211d09a0bac88f7a74f6e6df002dd9f2bcbf15f4e0","0-420ed16baee0f6e4b2a5ca0a2afbf2f2ef7b8d5637348e5736dedf541b85a791","1","See End Item P5A","See End Item P5A","36","36","2013","See End Item P5A","0001-01","0001-01","0","0","0001-01","TBD","I think i","2730-4fbb59f6a8ee45f8c0facb770b912f3f29262799031117dd3a86f238dcb76a10","root"
"JTIDS","0","16.955","","","0","0","","","","","","","2014-BASE_PROCUREMENT-2014-NAVY_AIRCRAFT_BA1-4-PROCUREMENT_JustificationBook_Navy_PB_2014.zzz_unzipped-PROCUREMENT_JustificationBook_Navy_PB_2014.xml","0665cc0483394d06f3f23a211d09a0bac88f7a74f6e6df002dd9f2bcbf15f4e0","1-bf5627efe158a6d2a47bec6c54671348f46dc7fc13ad0a2f33416a891511ffb7","1","See End Item P5A","See End Item P5A","36","36","2013","See End Item P5A","0001-01","0001-01","0","0","0001-01","TBD","I think i","2730-4fbb59f6a8ee45f8c0facb770b912f3f29262799031117dd3a86f238dcb76a10","root"
"Engines","0","14.9","","","0","0","","","","","","","2014-BASE_PROCUREMENT-2014-NAVY_AIRCRAFT_BA1-4-PROCUREMENT_JustificationBook_Navy_PB_2014.zzz_unzipped-PROCUREMENT_JustificationBook_Navy_PB_2014.xml","0665cc0483394d06f3f23a211d09a0bac88f7a74f6e6df002dd9f2bcbf15f4e0","2-3bb03e283f055bae53858e8531f95617c0a6580504157e06720421f075384214","1","See End Item P5A","See End Item P5A","39","39","2013","See End Item P5A","0001-01","0001-01","0","0","0001-01","TBD","I think i","2730-4fbb59f6a8ee45f8c0facb770b912f3f29262799031117dd3a86f238dcb76a10","root"
"GFE Electronics","0","18.946","","2.396","1.804","1","","","","","","","2014-BASE_PROCUREMENT-2014-NAVY_AIRCRAFT_BA1-4-PROCUREMENT_JustificationBook_Navy_PB_2014.zzz_unzipped-PROCUREMENT_JustificationBook_Navy_PB_2014.xml","2ca0b177ff5773179adc68e99a8aa14d5082a81544df1d5d478b6a1901815e1a","0-af940ed51129d64a5d055c77f3753d147495b8cdbfaabff6e348c5157eeafba6","0","See End Item P5A","See End Item P5A","20","20","2013","See End Item P5A","2014-07","2014-07","0","0","2014-07","TBD","I think i","2734-589d27ecf8d6e199c9e3b8475415ff6b5ba59a1dc3b208db689801ddf2d34acb","root"
"GFE Other","0","1.953","","0.599","0.084","2","","","","","","","2014-BASE_PROCUREMENT-2014-NAVY_AIRCRAFT_BA1-4-PROCUREMENT_JustificationBook_Navy_PB_2014.zzz_unzipped-PROCUREMENT_JustificationBook_Navy_PB_2014.xml","2ca0b177ff5773179adc68e99a8aa14d5082a81544df1d5d478b6a1901815e1a","1-372581e35ee8cb060cc75cfbd2d51eb470547a64237cf902c5ccd092af430fb2","0","See End Item P5A","See End Item P5A","20","20","2013","See End Item P5A","2014-07","2014-07","0","0","2014-07","TBD","I think i","2734-589d27ecf8d6e199c9e3b8475415ff6b5ba59a1dc3b208db689801ddf2d34acb","root"
"GFE - Engines T.L.","0","","","","0","0","","","","","","","2014-BASE_PROCUREMENT-2014-NAVY_AIRCRAFT_BA1-4-PROCUREMENT_JustificationBook_Navy_PB_2014.zzz_unzipped-PROCUREMENT_JustificationBook_Navy_PB_2014.xml","64929e2f3b423b633d4163e755851b1fd905e7aae3c16591258a0272ed89fca7","0-3499377861c86847c51f925eef3bedab546a1ff823a601c6608a119cdea96e16","0","See End Item P5A","See End Item P5A","0","0","2013","See End Item P5A","0001-01","0001-01","0","0","0001-01","TBD","I think i","2736-9c69c8ee5ceef3f79fb1ad27351cd49469445117e128fddc4797e741a6bda3d2","root"
"GFE Electronics","0","","","","0","0","","","","","","","2014-BASE_PROCUREMENT-2014-NAVY_AIRCRAFT_BA1-4-PROCUREMENT_JustificationBook_Navy_PB_2014.zzz_unzipped-PROCUREMENT_JustificationBook_Navy_PB_2014.xml","64929e2f3b423b633d4163e755851b1fd905e7aae3c16591258a0272ed89fca7","1-de9ea1a940baec013aff9b9236dac3346fce7a71e8d180b1ff908f3d14645c62","0","See End Item P5A","See End Item P5A","0","0","2013","See End Item P5A","0001-01","0001-01","0","0","0001-01","TBD","I think i","2736-9c69c8ee5ceef3f79fb1ad27351cd49469445117e128fddc4797e741a6bda3d2","root"
"GFE Other","0","","","","0","0","","","","","","","2014-BASE_PROCUREMENT-2014-NAVY_AIRCRAFT_BA1-4-PROCUREMENT_JustificationBook_Navy_PB_2014.zzz_unzipped-PROCUREMENT_JustificationBook_Navy_PB_2014.xml","64929e2f3b423b633d4163e755851b1fd905e7aae3c16591258a0272ed89fca7","2-bf7d230f3b02d74491810620835686a25ec259a768105743e7e59de348dc508d","0","See End Item P5A","See End Item P5A","0","0","2013","See End Item P5A","0001-01","0001-01","0","0","0001-01","TBD","I think i","2736-9c69c8ee5ceef3f79fb1ad27351cd49469445117e128fddc4797e741a6bda3d2","root"
"Engines T.L.","0","276.965","12.075","2.381","0","0","","","","","","","2014-BASE_PROCUREMENT-2014-NAVY_AIRCRAFT_BA1-4-PROCUREMENT_JustificationBook_Navy_PB_2014.zzz_unzipped-PROCUREMENT_JustificationBook_Navy_PB_2014.xml","049cb91018f89e9c503e94cc8bbd5cb09e1075dae1b2910caf7d2d2f90fe1cc2","0-2413340964dd290a384956c63e9b291f4651df4d15bb5692de20518d347bc4d5","2","See End Item P5A","See End Item P5A","24","24","2013","See End Item P5A","0001-01","0001-01","0","0","0001-01","TBD","I think i","2740-d8735c3f071ea8953d9b93eab148508d4fc4247f6297aa4ec775f58bf25494c9","root"
"ALE-50 IMPLC","0","19.15","","","0","0","","","","","","","2014-BASE_PROCUREMENT-2014-NAVY_AIRCRAFT_BA1-4-PROCUREMENT_JustificationBook_Navy_PB_2014.zzz_unzipped-PROCUREMENT_JustificationBook_Navy_PB_2014.xml","049cb91018f89e9c503e94cc8bbd5cb09e1075dae1b2910caf7d2d2f90fe1cc2","1-ae460c90e980e300710baf03832f5e62034f2fec739feff5ee7d55c2e331696c","0","See End Item P5A","See End Item P5A","0","0","2013","See End Item P5A","0001-01","0001-01","0","0","0001-01","TBD","I think i","2740-d8735c3f071ea8953d9b93eab148508d4fc4247f6297aa4ec775f58bf25494c9","root"
"GFE Other","0","24.681","0.673","0.128","0","0","","","","","","","2014-BASE_PROCUREMENT-2014-NAVY_AIRCRAFT_BA1-4-PROCUREMENT_JustificationBook_Navy_PB_2014.zzz_unzipped-PROCUREMENT_JustificationBook_Navy_PB_2014.xml","049cb91018f89e9c503e94cc8bbd5cb09e1075dae1b2910caf7d2d2f90fe1cc2","2-76a837319103df62ac6494638889787dfe28f5b76e57093d2bd1687cb7746c97","0","See End Item P5A","See End Item P5A","0","0","2013","See End Item P5A","0001-01","0001-01","0","0","0001-01","TBD","I think i","2740-d8735c3f071ea8953d9b93eab148508d4fc4247f6297aa4ec775f58bf25494c9","root"
"G.F.E Engines T.L.","0","139.382","23.995","5.866","9.477","4","","","","","","","2014-BASE_PROCUREMENT-2014-NAVY_AIRCRAFT_BA1-4-PROCUREMENT_JustificationBook_Navy_PB_2014.zzz_unzipped-PROCUREMENT_JustificationBook_Navy_PB_2014.xml","f49d6e455d4d07bc582f76515e80682a468b3173944aca0167c23cde3c9c266d","0-5fea29144149009ad395ada801c94fcc1a3019e919e119bb6efdddbfec3d84e6","1","See End Item P5A","See End Item P5A","29","29","2013","See End Item P5A","2013-03","2013-03","0","0","2013-03","TBD","I think i","2742-1545d8c858eb21dff6ab4a534dd91c84375cdeb466cc0025aefcc9278d3d320f","root"
"CFE- Engines T. L","0","180.754","25.79","21.24","20.639","6","","","","","","","2014-BASE_PROCUREMENT-2014-NAVY_AIRCRAFT_BA1-4-PROCUREMENT_JustificationBook_Navy_PB_2014.zzz_unzipped-PROCUREMENT_JustificationBook_Navy_PB_2014.xml","c580d71111988ee8091a7769091dbf3b7f66dcdd6bb7f463ae21ffa990ebfa68","0-4015497abe12755f47020c8ff208ca50768557fa7371245715450f0c0ef8152f","1","See End Item P5A","See End Item P5A","27","27","2013","See End Item P5A","2013-02","2013-02","0","0","2013-02","TBD","I think i","2744-2e5e817dd87dc7b5cd980f383b3d69967e8a735fb66267f900b3f20ea216e647","root"
"GFE Other","0","85.578","0.148","0.154","0.148","0","","","","","","","2014-BASE_PROCUREMENT-2014-NAVY_AIRCRAFT_BA1-4-PROCUREMENT_JustificationBook_Navy_PB_2014.zzz_unzipped-PROCUREMENT_JustificationBook_Navy_PB_2014.xml","548502376cfb19caab6522063ca08ecec5f9aeace484fcfe2ccf2e4ec8f531b1","0-093e4c8ab976c2fa4a5eb35bb3a7105f4e8d5162efd7f0299c3b30405ad30034","0","See End Item P5A","See End Item P5A","27","27","2013","See End Item P5A","2015-03","2015-03","0","0","2015-03","TBD","I think i","2746-1891c80c769fead9457a9fb60513afa38f70abf481334ecc93892b9c8c18bd89","root"
"CFE Com/Nav","0","15.443","2.014","2.654","2.622","0","","","","","","","2014-BASE_PROCUREMENT-2014-NAVY_AIRCRAFT_BA1-4-PROCUREMENT_JustificationBook_Navy_PB_2014.zzz_unzipped-PROCUREMENT_JustificationBook_Navy_PB_2014.xml","548502376cfb19caab6522063ca08ecec5f9aeace484fcfe2ccf2e4ec8f531b1","1-9066045be7c766585436b18101af0eb5539531d711232e39dac5819184c968b5","0","See End Item P5A","See End Item P5A","29","29","2013","See End Item P5A","2015-05","2015-05","0","0","2015-05","TBD","I think i","2746-1891c80c769fead9457a9fb60513afa38f70abf481334ecc93892b9c8c18bd89","root"
"GFE EW","0","16.945","2.533","2.916","2.965","0","","","","","","","2014-BASE_PROCUREMENT-2014-NAVY_AIRCRAFT_BA1-4-PROCUREMENT_JustificationBook_Navy_PB_2014.zzz_unzipped-PROCUREMENT_JustificationBook_Navy_PB_2014.xml","548502376cfb19caab6522063ca08ecec5f9aeace484fcfe2ccf2e4ec8f531b1","2-1d3535f3174660502f09d96a1fe224d6a80db3a31ec9bde1835087faf244bf77","0","See End Item P5A","See End Item P5A","29","29","2013","See End Item P5A","2015-05","2015-05","0","0","2015-05","TBD","I think i","2746-1891c80c769fead9457a9fb60513afa38f70abf481334ecc93892b9c8c18bd89","root"
"Engines T.L.","0","42.363","5.367","","0","0","","","","","","","2014-BASE_PROCUREMENT-2014-NAVY_AIRCRAFT_BA7-PROCUREMENT_MasterJustificationBook_Navy_PB_2014.zzz_unzipped-PROCUREMENT_MasterJustificationBook_Navy_PB_2014.xml","fc4b633568d09aa78acf18bb3a1378b7461e8def6999ee372311daf44c967cce","0-7e6fd84701537a2ea0cc07f016529672cf37c27791d16f3c69f2422332f2e01f","2","See End Item P5A","See End Item P5A","24","24","2013","See End Item P5A","0001-01","0001-01","0","0","0001-01","TBD","I think i","2790-a8f1fdcb6ff05fd20ce8357e89def8124eb4a83528313bf4060e99229d7f47b6","root"
"GFE Other","0","27.983","0.299","","0","0","","","","","","","2014-BASE_PROCUREMENT-2014-NAVY_AIRCRAFT_BA7-PROCUREMENT_MasterJustificationBook_Navy_PB_2014.zzz_unzipped-PROCUREMENT_MasterJustificationBook_Navy_PB_2014.xml","fc4b633568d09aa78acf18bb3a1378b7461e8def6999ee372311daf44c967cce","1-61b3e590bbaa1a14fc1f39abe1251468e4a127b4012a308f9a939797fcbc82f7","0","See End Item P5A","See End Item P5A","0","0","2013","See End Item P5A","0001-01","0001-01","0","0","0001-01","TBD","I think i","2790-a8f1fdcb6ff05fd20ce8357e89def8124eb4a83528313bf4060e99229d7f47b6","root"
"GFE - Engines T.L.","0","236.277","17.326","16.872","12.727","0","","","","","","","2014-BASE_PROCUREMENT-2014-NAVY_AIRCRAFT_BA7-PROCUREMENT_MasterJustificationBook_Navy_PB_2014.zzz_unzipped-PROCUREMENT_MasterJustificationBook_Navy_PB_2014.xml","1c2d5511c3f630f505de429e2f146cf42b31bec595aeddf890e7246c6084e8dd","0-6fae90d8f3b44ae24858b6185e7970b4f09c10e463b30a14b6594c1273798e1a","2","See End Item P5A","See End Item P5A","14","14","2013","See End Item P5A","2014-01","2014-01","0","0","2014-01","TBD","I think i","2794-d1a3f1376fc4e15ca1f805a5b8a83bd1a92dd21b2c193bc0b9aadf65d10720b4","root"
"GFE - Cockpit","0","270.202","","","0","0","","","","","","","2014-BASE_PROCUREMENT-2014-NAVY_AIRCRAFT_BA7-PROCUREMENT_MasterJustificationBook_Navy_PB_2014.zzz_unzipped-PROCUREMENT_MasterJustificationBook_Navy_PB_2014.xml","1c2d5511c3f630f505de429e2f146cf42b31bec595aeddf890e7246c6084e8dd","1-0e223337e5fef16b271ef537d814d96b28a6758b870ae8f10d30b064fbed9ab5","1","See End Item P5A","See End Item P5A","15","15","2013","See End Item P5A","2013-12","2013-12","0","0","2013-12","TBD","I think i","2794-d1a3f1376fc4e15ca1f805a5b8a83bd1a92dd21b2c193bc0b9aadf65d10720b4","root"
"Cockpit For FY12 EOQ/Long Lead","0","17.911","","","0","0","","","","","","","2014-BASE_PROCUREMENT-2014-NAVY_AIRCRAFT_BA7-PROCUREMENT_MasterJustificationBook_Navy_PB_2014.zzz_unzipped-PROCUREMENT_MasterJustificationBook_Navy_PB_2014.xml","1c2d5511c3f630f505de429e2f146cf42b31bec595aeddf890e7246c6084e8dd","2-66f6b8534048a859ae876380471a4a71baa40c34e01d1ad2b787946b655237ef","1","See End Item P5A","See End Item P5A","15","15","2013","See End Item P5A","2013-12","2013-12","0","0","2013-12","TBD","I think i","2794-d1a3f1376fc4e15ca1f805a5b8a83bd1a92dd21b2c193bc0b9aadf65d10720b4","root"
"Cockpit for FY13 EOQ/Long Lead","0","","13.2","","0","0","","","","","","","2014-BASE_PROCUREMENT-2014-NAVY_AIRCRAFT_BA7-PROCUREMENT_MasterJustificationBook_Navy_PB_2014.zzz_unzipped-PROCUREMENT_MasterJustificationBook_Navy_PB_2014.xml","1c2d5511c3f630f505de429e2f146cf42b31bec595aeddf890e7246c6084e8dd","3-26bd2d35fe961ffe7c3bcd2d8ca9832ac68d218a5e14bbcdeef95d370ac081f7","1","See End Item P5A","See End Item P5A","15","15","2013","See End Item P5A","2013-12","2013-12","0","0","2013-12","TBD","I think i","2794-d1a3f1376fc4e15ca1f805a5b8a83bd1a92dd21b2c193bc0b9aadf65d10720b4","root"
"Cockpit for FY14 EOQ/Long Lead","0","","3.5","11.925","0","0","","","","","","","2014-BASE_PROCUREMENT-2014-NAVY_AIRCRAFT_BA7-PROCUREMENT_MasterJustificationBook_Navy_PB_2014.zzz_unzipped-PROCUREMENT_MasterJustificationBook_Navy_PB_2014.xml","1c2d5511c3f630f505de429e2f146cf42b31bec595aeddf890e7246c6084e8dd","4-96087999ef33984d6e891d46ef2f004d21c342da9ee5e73ed200c950a7ad4624","1","See End Item P5A","See End Item P5A","15","15","2013","See End Item P5A","2012-12","2012-12","0","0","2012-12","TBD","I think i","2794-d1a3f1376fc4e15ca1f805a5b8a83bd1a92dd21b2c193bc0b9aadf65d10720b4","root"
"Cockpit for FY15 EOQ/Long Lead","0","","2.25","1","5.3","0","","","","","","","2014-BASE_PROCUREMENT-2014-NAVY_AIRCRAFT_BA7-PROCUREMENT_MasterJustificationBook_Navy_PB_2014.zzz_unzipped-PROCUREMENT_MasterJustificationBook_Navy_PB_2014.xml","1c2d5511c3f630f505de429e2f146cf42b31bec595aeddf890e7246c6084e8dd","5-d6207e9946d182ff3535f9e2fc2b8fa75d546bed3f079dacddd3ff05fce8e651","1","See End Item P5A","See End Item P5A","15","15","2013","See End Item P5A","2013-12","2013-12","0","0","2013-12","TBD","I think i","2794-d1a3f1376fc4e15ca1f805a5b8a83bd1a92dd21b2c193bc0b9aadf65d10720b4","root"
"A/C Misc Avionics","0","116.763","14.426","14.11","8.094","0","","","","","","","2014-BASE_PROCUREMENT-2014-NAVY_AIRCRAFT_BA7-PROCUREMENT_MasterJustificationBook_Navy_PB_2014.zzz_unzipped-PROCUREMENT_MasterJustificationBook_Navy_PB_2014.xml","1c2d5511c3f630f505de429e2f146cf42b31bec595aeddf890e7246c6084e8dd","6-733549e6df026418dbf1f61fe900d07038872796d8864ba38662a9ee949e12be","0","See End Item P5A","See End Item P5A","0","0","2013","See End Item P5A","0001-01","0001-01","0","0","0001-01","TBD","I think i","2794-d1a3f1376fc4e15ca1f805a5b8a83bd1a92dd21b2c193bc0b9aadf65d10720b4","root"
"GFE Other","0","17.047","3.119","2.958","4.581","0","","","","","","","2014-BASE_PROCUREMENT-2014-NAVY_AIRCRAFT_BA7-PROCUREMENT_MasterJustificationBook_Navy_PB_2014.zzz_unzipped-PROCUREMENT_MasterJustificationBook_Navy_PB_2014.xml","1c90d81d3283c3e99adda35a80b069d543eb8eea9500f506f69fd1fd51fa4e10","0-b787d31e26fd64aa55d71cc82645b7f2c73cc7a76ab19363f73b8dd898142f71","0","See End Item P5A","See End Item P5A","0","0","2013","See End Item P5A","0001-01","0001-01","0","0","0001-01","TBD","I think i","2796-f6996a45bc5159c63bb6d885ef0a6354546da5f8b99508fbdea5b48ead9ea14b","root"
"MYP Savings","0","","","22.76","0","0","","","","","","","2014-BASE_PROCUREMENT-2014-NAVY_AIRCRAFT_BA7-PROCUREMENT_MasterJustificationBook_Navy_PB_2014.zzz_unzipped-PROCUREMENT_MasterJustificationBook_Navy_PB_2014.xml","1c90d81d3283c3e99adda35a80b069d543eb8eea9500f506f69fd1fd51fa4e10","1-e27a22e7c7209d78815874315b052183a96ed48c5717d4ad2dffa3c05e5525f6","0","See End Item P5A","See End Item P5A","0","0","2013","See End Item P5A","0001-01","0001-01","0","0","0001-01","TBD","I think i","2796-f6996a45bc5159c63bb6d885ef0a6354546da5f8b99508fbdea5b48ead9ea14b","root"
"GFE Electronics","0","","","","0","0","","","","","","","2014-BASE_PROCUREMENT-2014-NAVY_AIRCRAFT_BA7-PROCUREMENT_MasterJustificationBook_Navy_PB_2014.zzz_unzipped-PROCUREMENT_MasterJustificationBook_Navy_PB_2014.xml","ea4fce3ec1135de06d7b597e5fd943b2e14d2b3f4efb262dcaf7727a24539c26","0-2430f92939b6ba73d010408191c08ee3d86f4b7948a21c06497e831a28e880ac","0","See End Item P5A","See End Item P5A","0","0","2013","See End Item P5A","0001-01","0001-01","0","0","0001-01","TBD","I think i","2798-04dc538082c654f69857ae9e8299d2d4b20f4b17aba1a3fbd77bb4c861ec4a87","root"
"GFE Other","0","","","","0","0","","","","","","","2014-BASE_PROCUREMENT-2014-NAVY_AIRCRAFT_BA7-PROCUREMENT_MasterJustificationBook_Navy_PB_2014.zzz_unzipped-PROCUREMENT_MasterJustificationBook_Navy_PB_2014.xml","ea4fce3ec1135de06d7b597e5fd943b2e14d2b3f4efb262dcaf7727a24539c26","1-8d9ecfc4fbc738202cd1a1d1743e5ae3f4afb26beacf924c33dbff6c09dc0bc2","0","See End Item P5A","See End Item P5A","0","0","2013","See End Item P5A","0001-01","0001-01","0","0","0001-01","TBD","I think i","2798-04dc538082c654f69857ae9e8299d2d4b20f4b17aba1a3fbd77bb4c861ec4a87","root"
"Other GFE","0","32.177","","","0","0","","","","","","","2014-BASE_PROCUREMENT-2014-NAVY_AIRCRAFT_BA7-PROCUREMENT_MasterJustificationBook_Navy_PB_2014.zzz_unzipped-PROCUREMENT_MasterJustificationBook_Navy_PB_2014.xml","8353179a04c7e17d7f2f2e4ad66ee5f5af3581f5f21e78729bd403a1a02ea0a9","0-e8e68000b1124f6f73bf89baeb0c5cbf9675499f866b5c6847542ba910657319","1","See End Item P5A","See End Item P5A","36","36","2013","See End Item P5A","0001-01","0001-01","0","0","0001-01","TBD","I think i","2800-b53e05302c3f3c891397b7bb9afd37add41ef2f48c7fed94cc9237bf434fa598","root"
"JTIDS","0","16.955","","","0","0","","","","","","","2014-BASE_PROCUREMENT-2014-NAVY_AIRCRAFT_BA7-PROCUREMENT_MasterJustificationBook_Navy_PB_2014.zzz_unzipped-PROCUREMENT_MasterJustificationBook_Navy_PB_2014.xml","8353179a04c7e17d7f2f2e4ad66ee5f5af3581f5f21e78729bd403a1a02ea0a9","1-ed0e4abfb5172a24644784013eae81403645700285658da59729b1b34178bca9","1","See End Item P5A","See End Item P5A","36","36","2013","See End Item P5A","0001-01","0001-01","0","0","0001-01","TBD","I think i","2800-b53e05302c3f3c891397b7bb9afd37add41ef2f48c7fed94cc9237bf434fa598","root"
"Engines","0","14.9","","","0","0","","","","","","","2014-BASE_PROCUREMENT-2014-NAVY_AIRCRAFT_BA7-PROCUREMENT_MasterJustificationBook_Navy_PB_2014.zzz_unzipped-PROCUREMENT_MasterJustificationBook_Navy_PB_2014.xml","8353179a04c7e17d7f2f2e4ad66ee5f5af3581f5f21e78729bd403a1a02ea0a9","2-1bfa15238e6f5b7843d2abede86f80d367215d8ea4742e771e85a3c7b05ade54","1","See End Item P5A","See End Item P5A","39","39","2013","See End Item P5A","0001-01","0001-01","0","0","0001-01","TBD","I think i","2800-b53e05302c3f3c891397b7bb9afd37add41ef2f48c7fed94cc9237bf434fa598","root"
"GFE Electronics","0","18.946","","2.396","1.804","1","","","","","","","2014-BASE_PROCUREMENT-2014-NAVY_AIRCRAFT_BA7-PROCUREMENT_MasterJustificationBook_Navy_PB_2014.zzz_unzipped-PROCUREMENT_MasterJustificationBook_Navy_PB_2014.xml","331f4e2cab57d75c268cb0cc0f51f889b76ed2c8ba621bb4d61f3e552a2f48d3","0-607646993595a37baaf59e2eaf9b4320c93d718f00625449b20db1b336e8c8a3","0","See End Item P5A","See End Item P5A","20","20","2013","See End Item P5A","2014-07","2014-07","0","0","2014-07","TBD","I think i","2804-58514a65a881d4df2711e8a21c1ebe94aad46da72213c0cda23e6c26a3279b77","root"
"GFE Other","0","1.953","","0.599","0.084","2","","","","","","","2014-BASE_PROCUREMENT-2014-NAVY_AIRCRAFT_BA7-PROCUREMENT_MasterJustificationBook_Navy_PB_2014.zzz_unzipped-PROCUREMENT_MasterJustificationBook_Navy_PB_2014.xml","331f4e2cab57d75c268cb0cc0f51f889b76ed2c8ba621bb4d61f3e552a2f48d3","1-fe8e7e1c8197ca3ca0b848044c9f4b551dbb34bad74f6a509be5c34a9b140621","0","See End Item P5A","See End Item P5A","20","20","2013","See End Item P5A","2014-07","2014-07","0","0","2014-07","TBD","I think i","2804-58514a65a881d4df2711e8a21c1ebe94aad46da72213c0cda23e6c26a3279b77","root"
"GFE - Engines T.L.","0","","","","0","0","","","","","","","2014-BASE_PROCUREMENT-2014-NAVY_AIRCRAFT_BA7-PROCUREMENT_MasterJustificationBook_Navy_PB_2014.zzz_unzipped-PROCUREMENT_MasterJustificationBook_Navy_PB_2014.xml","1c9f6ffd331ce8f038579fa5c7414d00a50411913e693158c477bb2776944535","0-fb3831989c1cc08474544dc8d729eb551020b6166bff61118af751b852c07d23","0","See End Item P5A","See End Item P5A","0","0","2013","See End Item P5A","0001-01","0001-01","0","0","0001-01","TBD","I think i","2806-8276803f131d155d56fa4e3d94abf5052049b00ffc664dfed4716846bc0491a3","root"
"GFE Electronics","0","","","","0","0","","","","","","","2014-BASE_PROCUREMENT-2014-NAVY_AIRCRAFT_BA7-PROCUREMENT_MasterJustificationBook_Navy_PB_2014.zzz_unzipped-PROCUREMENT_MasterJustificationBook_Navy_PB_2014.xml","1c9f6ffd331ce8f038579fa5c7414d00a50411913e693158c477bb2776944535","1-abb1badab6681ced037d5cef0eae92fbf2794f63b67db6ba506808d5f4dc9bdd","0","See End Item P5A","See End Item P5A","0","0","2013","See End Item P5A","0001-01","0001-01","0","0","0001-01","TBD","I think i","2806-8276803f131d155d56fa4e3d94abf5052049b00ffc664dfed4716846bc0491a3","root"
"GFE Other","0","","","","0","0","","","","","","","2014-BASE_PROCUREMENT-2014-NAVY_AIRCRAFT_BA7-PROCUREMENT_MasterJustificationBook_Navy_PB_2014.zzz_unzipped-PROCUREMENT_MasterJustificationBook_Navy_PB_2014.xml","1c9f6ffd331ce8f038579fa5c7414d00a50411913e693158c477bb2776944535","2-88e41b29398464e6c3beaf2b7ff46fbd9d0689b26fe19ab5a6714f243d8ce59f","0","See End Item P5A","See End Item P5A","0","0","2013","See End Item P5A","0001-01","0001-01","0","0","0001-01","TBD","I think i","2806-8276803f131d155d56fa4e3d94abf5052049b00ffc664dfed4716846bc0491a3","root"
"Engines T.L.","0","276.965","12.075","2.381","0","0","","","","","","","2014-BASE_PROCUREMENT-2014-NAVY_AIRCRAFT_BA7-PROCUREMENT_MasterJustificationBook_Navy_PB_2014.zzz_unzipped-PROCUREMENT_MasterJustificationBook_Navy_PB_2014.xml","97ef4cf3f410d224f56ae29ea98cdf2592e9fe9b3908e3df56bf826c63de8ad7","0-b7fa5c7fd92322e8adde6b3a88a7e72042bfb83b650df020bdd2026684d8cecd","2","See End Item P5A","See End Item P5A","24","24","2013","See End Item P5A","0001-01","0001-01","0","0","0001-01","TBD","I think i","2810-f21b261250918d433c79fddefd91e5755151e076203fba6559b8ca58b8020b45","root"
"ALE-50 IMPLC","0","19.15","","","0","0","","","","","","","2014-BASE_PROCUREMENT-2014-NAVY_AIRCRAFT_BA7-PROCUREMENT_MasterJustificationBook_Navy_PB_2014.zzz_unzipped-PROCUREMENT_MasterJustificationBook_Navy_PB_2014.xml","97ef4cf3f410d224f56ae29ea98cdf2592e9fe9b3908e3df56bf826c63de8ad7","1-65acb26e9334c3835e6a059bf327daa94cb9971b72c0dfc818b4e372fdb9c27b","0","See End Item P5A","See End Item P5A","0","0","2013","See End Item P5A","0001-01","0001-01","0","0","0001-01","TBD","I think i","2810-f21b261250918d433c79fddefd91e5755151e076203fba6559b8ca58b8020b45","root"
"GFE Other","0","24.681","0.673","0.128","0","0","","","","","","","2014-BASE_PROCUREMENT-2014-NAVY_AIRCRAFT_BA7-PROCUREMENT_MasterJustificationBook_Navy_PB_2014.zzz_unzipped-PROCUREMENT_MasterJustificationBook_Navy_PB_2014.xml","97ef4cf3f410d224f56ae29ea98cdf2592e9fe9b3908e3df56bf826c63de8ad7","2-7f1f2cc1d4d3e26d08dad38809e3e12b188e2c0eba7382abc59c271bab028a15","0","See End Item P5A","See End Item P5A","0","0","2013","See End Item P5A","0001-01","0001-01","0","0","0001-01","TBD","I think i","2810-f21b261250918d433c79fddefd91e5755151e076203fba6559b8ca58b8020b45","root"
"G.F.E Engines T.L.","0","139.382","23.995","5.866","9.477","4","","","","","","","2014-BASE_PROCUREMENT-2014-NAVY_AIRCRAFT_BA7-PROCUREMENT_MasterJustificationBook_Navy_PB_2014.zzz_unzipped-PROCUREMENT_MasterJustificationBook_Navy_PB_2014.xml","a7e12956f563df64212c48c1a8087a259ce9816ac86d222dc06cd0e2deeb74a4","0-13490f72f858f2e9c1294b3834bb65aee3392fcb71f5ab71c165e49f9251394e","1","See End Item P5A","See End Item P5A","29","29","2013","See End Item P5A","2013-03","2013-03","0","0","2013-03","TBD","I think i","2812-f1378c870e8aab4b081aca63b4228e6a257a890d960bd631c1de4e9d59ca1453","root"
"CFE- Engines T. L","0","180.754","25.79","21.24","20.639","6","","","","","","","2014-BASE_PROCUREMENT-2014-NAVY_AIRCRAFT_BA7-PROCUREMENT_MasterJustificationBook_Navy_PB_2014.zzz_unzipped-PROCUREMENT_MasterJustificationBook_Navy_PB_2014.xml","8f506cdfed36ee72d429505445592f835a54aa1c2ef4af6afd437aa3f3a3279b","0-60323104feccb355dd67b9f5c474b9d0fce4fa5e8a0e1f7a41a378359a910658","1","See End Item P5A","See End Item P5A","27","27","2013","See End Item P5A","2013-02","2013-02","0","0","2013-02","TBD","I think i","2814-c23a62e26e5ec36a1168671bcf871fe6aa2f49b331095ed62b8db2c4eead01aa","root"
"GFE Other","0","85.578","0.148","0.154","0.148","0","","","","","","","2014-BASE_PROCUREMENT-2014-NAVY_AIRCRAFT_BA7-PROCUREMENT_MasterJustificationBook_Navy_PB_2014.zzz_unzipped-PROCUREMENT_MasterJustificationBook_Navy_PB_2014.xml","22a8d6a2e1826466fe73cee88918ae3cb071854e21533e47aa2445e6dd37706a","0-cbbd431ee5c1cbf4f70484f5b17721b9e908b43f687318e824c11eab8692180c","0","See End Item P5A","See End Item P5A","27","27","2013","See End Item P5A","2015-03","2015-03","0","0","2015-03","TBD","I think i","2816-cbc49ec1fa22e95d0e60ded8404ccfcb7af407db99df3cae4dda35d54c8eb0a8","root"
"CFE Com/Nav","0","15.443","2.014","2.654","2.622","0","","","","","","","2014-BASE_PROCUREMENT-2014-NAVY_AIRCRAFT_BA7-PROCUREMENT_MasterJustificationBook_Navy_PB_2014.zzz_unzipped-PROCUREMENT_MasterJustificationBook_Navy_PB_2014.xml","22a8d6a2e1826466fe73cee88918ae3cb071854e21533e47aa2445e6dd37706a","1-16e8d4603e8b68520cb524e773a3e7df1114cf8b8a03e161e76c55721f7eecc2","0","See End Item P5A","See End Item P5A","29","29","2013","See End Item P5A","2015-05","2015-05","0","0","2015-05","TBD","I think i","2816-cbc49ec1fa22e95d0e60ded8404ccfcb7af407db99df3cae4dda35d54c8eb0a8","root"
"GFE EW","0","16.945","2.533","2.916","2.965","0","","","","","","","2014-BASE_PROCUREMENT-2014-NAVY_AIRCRAFT_BA7-PROCUREMENT_MasterJustificationBook_Navy_PB_2014.zzz_unzipped-PROCUREMENT_MasterJustificationBook_Navy_PB_2014.xml","22a8d6a2e1826466fe73cee88918ae3cb071854e21533e47aa2445e6dd37706a","2-ddf44954ebfde3fe82916e79dab91df680e380ca14761cc7cd24213d4ce8e3ba","0","See End Item P5A","See End Item P5A","29","29","2013","See End Item P5A","2015-05","2015-05","0","0","2015-05","TBD","I think i","2816-cbc49ec1fa22e95d0e60ded8404ccfcb7af407db99df3cae4dda35d54c8eb0a8","root"
