[
    {
        "Name_val": "Air Force Active",
        "Cost_BudgetYearFive_Quantity_val": "1",
        "Cost_BudgetYearFive_TotalCost_val": "26.404",
        "@SOURCE_FILENAME": "2013-BASE_PROCUREMENT-2013-AIRFORCE_AIRCRAFT_VOL2-JustificationBook_Air_Force_PB_2013.zzz_unzipped-JustificationBook_Air_Force_PB_2013.xml",
        "@RECORDID": "f9967fa42b57731954068ef520219961b9e7c3b2bb4bc4a87f98c5625c6ba5a0",
        "@ROWID": "0-491dda05a91138ff84465e861c40ec29fcbf43fcbbf72014ed53fd62d8a06cac",
        "@PARENTROWID": "0-46d285d4144c53cc3ddd35bceae921830757372a8a72b4d06b36741901695100",
        "@PARENT": "root.record.ItemExhibitList.P3AModificationItemGroup.ModificationItemList.ModificationItem.Installation.ImplementationMethodList.ImplementationMethod"
    },
    {
        "Name_val": "Air Force Active",
        "Cost_BudgetYearFive_Quantity_val": "1",
        "Cost_BudgetYearFive_TotalCost_val": "0.000",
        "@SOURCE_FILENAME": "2013-BASE_PROCUREMENT-2013-AIRFORCE_AIRCRAFT_VOL2-JustificationBook_Air_Force_PB_2013.zzz_unzipped-JustificationBook_Air_Force_PB_2013.xml",
        "@RECORDID": "cba0cd297e6be791ef2bcfeb4e56f5ff9e6fbc950d55bc245b5871e2429867bd",
        "@ROWID": "0-fef71e64b3927aa4da628bb09b72d1b5e3af1adeec2e9cf906fb86dff5544142",
        "@PARENTROWID": "0-96c942a5109c3406b7f5f63f4dae0f3d279a27c2579ad3fb1903b38f1e1ed173",
        "@PARENT": "root.record.ItemExhibitList.P3AModificationItemGroup.ModificationItemList.ModificationItem.Installation.ImplementationMethodList.ImplementationMethod"
    },
    {
        "Name_val": "Air National Guard",
        "Cost_BudgetYearFive_Quantity_val": "3",
        "Cost_BudgetYearFive_TotalCost_val": "10.305",
        "@SOURCE_FILENAME": "2013-BASE_PROCUREMENT-2013-AIRFORCE_AIRCRAFT_VOL2-JustificationBook_Air_Force_PB_2013.zzz_unzipped-JustificationBook_Air_Force_PB_2013.xml",
        "@RECORDID": "beedc27ca541947adf319bb5b1b581dfd5214e64502e92cc1fff70badf58b344",
        "@ROWID": "0-6a2f4926415f5bdc570915deb311ff4071ac5575a3eaace8cc9daa586e70b4e0",
        "@PARENTROWID": "0-301e58b31592cac41baea4dc37790b6086b486331d0606e9a7a9e51eac8c12df",
        "@PARENT": "root.record.ItemExhibitList.P3AModificationItemGroup.ModificationItemList.ModificationItem.Installation.ImplementationMethodList.ImplementationMethod"
    },
    {
        "Name_val": "Air Force Active",
        "Cost_BudgetYearFive_Quantity_val": "5",
        "Cost_BudgetYearFive_TotalCost_val": "0.25",
        "@SOURCE_FILENAME": "2013-BASE_PROCUREMENT-2013-AIRFORCE_AIRCRAFT_VOL2-JustificationBook_Air_Force_PB_2013.zzz_unzipped-JustificationBook_Air_Force_PB_2013.xml",
        "@RECORDID": "1b69f888ea8ce167d58a275c92aa54a5c14d3e3ce7280432298742ab6fb44e8e",
        "@ROWID": "0-5d76992def0680011965f971448e566795074fe9ee2d1013a714ec9992eab3c4",
        "@PARENTROWID": "0-401a62db3bdb24390f5834ac103070ce782815d8dfd1520667e40e4cd8367c7b",
        "@PARENT": "root.record.ItemExhibitList.P3AModificationItemGroup.ModificationItemList.ModificationItem.Installation.ImplementationMethodList.ImplementationMethod"
    },
    {
        "Name_val": "Air Force Active",
        "Cost_BudgetYearFive_Quantity_val": "9",
        "Cost_BudgetYearFive_TotalCost_val": "0.965",
        "@SOURCE_FILENAME": "2013-BASE_PROCUREMENT-2013-AIRFORCE_AIRCRAFT_VOL2-JustificationBook_Air_Force_PB_2013.zzz_unzipped-JustificationBook_Air_Force_PB_2013.xml",
        "@RECORDID": "55ff224b0c16f6229c62c5aefbbcc36d0cbf265d66b4c8a46704c153db79c343",
        "@ROWID": "0-6a062b0276f1b976d14e26b0ca980eb7364ced6320c7a3b8aea7c7f356db7487",
        "@PARENTROWID": "0-24a07e8ce1e44e2e494928dc4558a73314af1c90c209a6834974d4bfdb39bf2b",
        "@PARENT": "root.record.ItemExhibitList.P3AModificationItemGroup.ModificationItemList.ModificationItem.Installation.ImplementationMethodList.ImplementationMethod"
    },
    {
        "Name_val": "Air Force Active",
        "Cost_BudgetYearFive_Quantity_val": "158",
        "Cost_BudgetYearFive_TotalCost_val": "45.735",
        "@SOURCE_FILENAME": "2013-BASE_PROCUREMENT-2013-AIRFORCE_AIRCRAFT_VOL2-JustificationBook_Air_Force_PB_2013.zzz_unzipped-JustificationBook_Air_Force_PB_2013.xml",
        "@RECORDID": "f02bdd307b114cdc02da1348e494f5a3f116e4b5a1696f4a09ee391da3a8210e",
        "@ROWID": "0-45e95a3cb97273025d8b3ce53e9c5d7291e6ab01f5d466fba9778fa97d83356f",
        "@PARENTROWID": "0-f4bf10e6e1fdecd938fd441b182175214ed5b03bfec684d78b4eafde82765e15",
        "@PARENT": "root.record.ItemExhibitList.P3AModificationItemGroup.ModificationItemList.ModificationItem.Installation.ImplementationMethodList.ImplementationMethod"
    },
    {
        "Name_val": "Air National Guard",
        "Cost_BudgetYearFive_Quantity_val": "20",
        "Cost_BudgetYearFive_TotalCost_val": "5.789",
        "@SOURCE_FILENAME": "2013-BASE_PROCUREMENT-2013-AIRFORCE_AIRCRAFT_VOL2-JustificationBook_Air_Force_PB_2013.zzz_unzipped-JustificationBook_Air_Force_PB_2013.xml",
        "@RECORDID": "f02bdd307b114cdc02da1348e494f5a3f116e4b5a1696f4a09ee391da3a8210e",
        "@ROWID": "1-dec66ac57d8f6865771574b9c7d4a1a1ff13962d7a846b7c857b21762d691bd1",
        "@PARENTROWID": "0-f4bf10e6e1fdecd938fd441b182175214ed5b03bfec684d78b4eafde82765e15",
        "@PARENT": "root.record.ItemExhibitList.P3AModificationItemGroup.ModificationItemList.ModificationItem.Installation.ImplementationMethodList.ImplementationMethod"
    },
    {
        "Name_val": "Air Force Active",
        "Cost_BudgetYearFive_Quantity_val": "14",
        "Cost_BudgetYearFive_TotalCost_val": "2.15",
        "@SOURCE_FILENAME": "2013-BASE_PROCUREMENT-2013-AIRFORCE_AIRCRAFT_VOL2-JustificationBook_Air_Force_PB_2013.zzz_unzipped-JustificationBook_Air_Force_PB_2013.xml",
        "@RECORDID": "f02bdd307b114cdc02da1348e494f5a3f116e4b5a1696f4a09ee391da3a8210e",
        "@ROWID": "0-6105ad916f122eb7a3f7862c07491bc8b13e31ce6312c90eaba012ab515725c8",
        "@PARENTROWID": "0-5c46e32762cbd812a4b2ab3d549977134444cc7488b04a87f8f3e1429da8c545",
        "@PARENT": "root.record.ItemExhibitList.P3AModificationItemGroup.ModificationItemList.ModificationItem.Installation.ImplementationMethodList.ImplementationMethod"
    },
    {
        "Name_val": "Air Force Active",
        "Cost_BudgetYearFive_Quantity_val": "1",
        "Cost_BudgetYearFive_TotalCost_val": "26.404",
        "@SOURCE_FILENAME": "2013-BASE_PROCUREMENT-2013-AIRFORCE_AIRCRAFT_VOL2-MasterJustificationBook_Air_Force_PB_2013.zzz_unzipped-MasterJustificationBook_Air_Force_PB_2013.xml",
        "@RECORDID": "8ecd181f0be17491705fbab80b4dd0105939c12cd6f64d3cc41b3cbd45586462",
        "@ROWID": "0-e7504b02cb304481ea0ba8c215c8d9c1ecd36d7cbaf831586bcb9a440d6bdf50",
        "@PARENTROWID": "0-d97a06d4ff443020caa70e397d1c9b9088ed84e620bc3cb39c1d8758d551c432",
        "@PARENT": "root.record.ItemExhibitList.P3AModificationItemGroup.ModificationItemList.ModificationItem.Installation.ImplementationMethodList.ImplementationMethod"
    },
    {
        "Name_val": "Air Force Active",
        "Cost_BudgetYearFive_Quantity_val": "1",
        "Cost_BudgetYearFive_TotalCost_val": "0.000",
        "@SOURCE_FILENAME": "2013-BASE_PROCUREMENT-2013-AIRFORCE_AIRCRAFT_VOL2-MasterJustificationBook_Air_Force_PB_2013.zzz_unzipped-MasterJustificationBook_Air_Force_PB_2013.xml",
        "@RECORDID": "5901a4c8b0d4adfbe277a0b6d649d7a40850cdab63961f7b77d26372c000f59f",
        "@ROWID": "0-19611ffa0ef87a06b88462f38203aa55aabd0aa98e1ff8146f115c6a2dfc8fd2",
        "@PARENTROWID": "0-8f774c5fdd92156e2b2f97d17d5263c6d01dfc74f4861c3a4867ffea0467762f",
        "@PARENT": "root.record.ItemExhibitList.P3AModificationItemGroup.ModificationItemList.ModificationItem.Installation.ImplementationMethodList.ImplementationMethod"
    },
    {
        "Name_val": "Air National Guard",
        "Cost_BudgetYearFive_Quantity_val": "3",
        "Cost_BudgetYearFive_TotalCost_val": "10.305",
        "@SOURCE_FILENAME": "2013-BASE_PROCUREMENT-2013-AIRFORCE_AIRCRAFT_VOL2-MasterJustificationBook_Air_Force_PB_2013.zzz_unzipped-MasterJustificationBook_Air_Force_PB_2013.xml",
        "@RECORDID": "ba6bc6cfde583a371e665ca4731f5d9edb93b18be168e4f8e2272bb29bc7cdd1",
        "@ROWID": "0-aef953490f71f42d1b068684471985ffcda5b4316915f10392e3689a3a4e8299",
        "@PARENTROWID": "0-94fe88943ad94db2f777571821b8619237c54b6d29d4e4a402b4a3f20d3d41d7",
        "@PARENT": "root.record.ItemExhibitList.P3AModificationItemGroup.ModificationItemList.ModificationItem.Installation.ImplementationMethodList.ImplementationMethod"
    },
    {
        "Name_val": "Air Force Active",
        "Cost_BudgetYearFive_Quantity_val": "5",
        "Cost_BudgetYearFive_TotalCost_val": "0.25",
        "@SOURCE_FILENAME": "2013-BASE_PROCUREMENT-2013-AIRFORCE_AIRCRAFT_VOL2-MasterJustificationBook_Air_Force_PB_2013.zzz_unzipped-MasterJustificationBook_Air_Force_PB_2013.xml",
        "@RECORDID": "bbe19e056d5a56d1e0a0f0b447d77ce7749b74494abc97d27d6eac183f790f36",
        "@ROWID": "0-aeee2a831c602771292327f0f0e670bd9850ff9fd53499ce2834a519db1a6cbf",
        "@PARENTROWID": "0-647111ba74e2d7f509a973a272f13cbf0779560445b74edf97f5ed8e0c09e673",
        "@PARENT": "root.record.ItemExhibitList.P3AModificationItemGroup.ModificationItemList.ModificationItem.Installation.ImplementationMethodList.ImplementationMethod"
    },
    {
        "Name_val": "Air Force Active",
        "Cost_BudgetYearFive_Quantity_val": "9",
        "Cost_BudgetYearFive_TotalCost_val": "0.965",
        "@SOURCE_FILENAME": "2013-BASE_PROCUREMENT-2013-AIRFORCE_AIRCRAFT_VOL2-MasterJustificationBook_Air_Force_PB_2013.zzz_unzipped-MasterJustificationBook_Air_Force_PB_2013.xml",
        "@RECORDID": "a6da5a639dd2fc8173209157d8bdf492c2fadf5aedcfcdcedbb9d18303bd52c9",
        "@ROWID": "0-b1e918c0a565a1336ef0d95017ee52d339329607560bdbf9643a08a583a7ab43",
        "@PARENTROWID": "0-2bd9cdeb0f95087d7b264230f4ce2651586e4049777f233febcee7fbbf2e5e87",
        "@PARENT": "root.record.ItemExhibitList.P3AModificationItemGroup.ModificationItemList.ModificationItem.Installation.ImplementationMethodList.ImplementationMethod"
    },
    {
        "Name_val": "Air Force Active",
        "Cost_BudgetYearFive_Quantity_val": "158",
        "Cost_BudgetYearFive_TotalCost_val": "45.735",
        "@SOURCE_FILENAME": "2013-BASE_PROCUREMENT-2013-AIRFORCE_AIRCRAFT_VOL2-MasterJustificationBook_Air_Force_PB_2013.zzz_unzipped-MasterJustificationBook_Air_Force_PB_2013.xml",
        "@RECORDID": "112eb3735d4ce129abd075705a90e1b9579e7e82287a041d0434475ae6e5e0ca",
        "@ROWID": "0-cba4cd5df33ab2a74866e430d568b705a57ae7de94fb1bd24acff1a60ea61b6a",
        "@PARENTROWID": "0-7620ee447a3dc7418bbb9c134d146c948e98eecdc406541d1da936cb77e3ea14",
        "@PARENT": "root.record.ItemExhibitList.P3AModificationItemGroup.ModificationItemList.ModificationItem.Installation.ImplementationMethodList.ImplementationMethod"
    },
    {
        "Name_val": "Air National Guard",
        "Cost_BudgetYearFive_Quantity_val": "20",
        "Cost_BudgetYearFive_TotalCost_val": "5.789",
        "@SOURCE_FILENAME": "2013-BASE_PROCUREMENT-2013-AIRFORCE_AIRCRAFT_VOL2-MasterJustificationBook_Air_Force_PB_2013.zzz_unzipped-MasterJustificationBook_Air_Force_PB_2013.xml",
        "@RECORDID": "112eb3735d4ce129abd075705a90e1b9579e7e82287a041d0434475ae6e5e0ca",
        "@ROWID": "1-8c42c5897c1f6d877a149434c1c2a3a5b04cb625431f7b9528c3eb9597a0c636",
        "@PARENTROWID": "0-7620ee447a3dc7418bbb9c134d146c948e98eecdc406541d1da936cb77e3ea14",
        "@PARENT": "root.record.ItemExhibitList.P3AModificationItemGroup.ModificationItemList.ModificationItem.Installation.ImplementationMethodList.ImplementationMethod"
    },
    {
        "Name_val": "Air Force Active",
        "Cost_BudgetYearFive_Quantity_val": "14",
        "Cost_BudgetYearFive_TotalCost_val": "2.15",
        "@SOURCE_FILENAME": "2013-BASE_PROCUREMENT-2013-AIRFORCE_AIRCRAFT_VOL2-MasterJustificationBook_Air_Force_PB_2013.zzz_unzipped-MasterJustificationBook_Air_Force_PB_2013.xml",
        "@RECORDID": "112eb3735d4ce129abd075705a90e1b9579e7e82287a041d0434475ae6e5e0ca",
        "@ROWID": "0-421609a13ca4273b7f130dc7f13bd38da18341e1497e956e459978168055c946",
        "@PARENTROWID": "0-c1593db90d9a4d811a5fc7505da1a245fd6690d24958c01bd5bd75e74e623729",
        "@PARENT": "root.record.ItemExhibitList.P3AModificationItemGroup.ModificationItemList.ModificationItem.Installation.ImplementationMethodList.ImplementationMethod"
    },
    {
        "Name_val": "Air Force Active",
        "Cost_BudgetYearFive_Quantity_val": "1",
        "Cost_BudgetYearFive_TotalCost_val": "26.404",
        "@SOURCE_FILENAME": "2013-BASE_PROCUREMENT-2013-AIRFORCE_AIRCRAFT_VOL1-MasterJustificationBook_Air_Force_PB_2013.zzz_unzipped-MasterJustificationBook_Air_Force_PB_2013.xml",
        "@RECORDID": "d68416fc1b1b90c06e907f94433df44293689384eb694ca2f76e44623844abb4",
        "@ROWID": "0-6d767c64ed5e17454a7b3478dc6bb710010ddcfe0c91aa278a0bbc328be3cb65",
        "@PARENTROWID": "0-f546b5f32fb884893f3c56e185e970c5a256f212c6ff451c1065f04ffcfa0420",
        "@PARENT": "root.record.ItemExhibitList.P3AModificationItemGroup.ModificationItemList.ModificationItem.Installation.ImplementationMethodList.ImplementationMethod"
    },
    {
        "Name_val": "Air Force Active",
        "Cost_BudgetYearFive_Quantity_val": "1",
        "Cost_BudgetYearFive_TotalCost_val": "0.000",
        "@SOURCE_FILENAME": "2013-BASE_PROCUREMENT-2013-AIRFORCE_AIRCRAFT_VOL1-MasterJustificationBook_Air_Force_PB_2013.zzz_unzipped-MasterJustificationBook_Air_Force_PB_2013.xml",
        "@RECORDID": "440b45d6fcd8324d3e96333d5b6bc55eec4bb9a2c719b5a938bb13b68d77e8f2",
        "@ROWID": "0-3d1b51d21f1a29c207e3dd64ed9aa1f94b4021867e8c374b9b2febd9f6cc3460",
        "@PARENTROWID": "0-e3fe072de13dd406026c166e2ba5e292dae557a64ad1ce19d4d49f4b2c48d1d2",
        "@PARENT": "root.record.ItemExhibitList.P3AModificationItemGroup.ModificationItemList.ModificationItem.Installation.ImplementationMethodList.ImplementationMethod"
    },
    {
        "Name_val": "Air National Guard",
        "Cost_BudgetYearFive_Quantity_val": "3",
        "Cost_BudgetYearFive_TotalCost_val": "10.305",
        "@SOURCE_FILENAME": "2013-BASE_PROCUREMENT-2013-AIRFORCE_AIRCRAFT_VOL1-MasterJustificationBook_Air_Force_PB_2013.zzz_unzipped-MasterJustificationBook_Air_Force_PB_2013.xml",
        "@RECORDID": "f5bf96cfeb8a51f263b270a38de465b90b8814a746f9a492d3511d30c4da9565",
        "@ROWID": "0-2d627d89a8da7c6a6e9bb31b4c2bee91fc7442f7f998a27284f3cc396cca7bf5",
        "@PARENTROWID": "0-4b8c945f5714323e40fbd423b0277a2d427b3aab63f4f8ae772f82b1ac78301c",
        "@PARENT": "root.record.ItemExhibitList.P3AModificationItemGroup.ModificationItemList.ModificationItem.Installation.ImplementationMethodList.ImplementationMethod"
    },
    {
        "Name_val": "Air Force Active",
        "Cost_BudgetYearFive_Quantity_val": "5",
        "Cost_BudgetYearFive_TotalCost_val": "0.25",
        "@SOURCE_FILENAME": "2013-BASE_PROCUREMENT-2013-AIRFORCE_AIRCRAFT_VOL1-MasterJustificationBook_Air_Force_PB_2013.zzz_unzipped-MasterJustificationBook_Air_Force_PB_2013.xml",
        "@RECORDID": "4824fc05d19394cc85737ba30a7f7988ae1cb991f493650a3bd4c97410126e2a",
        "@ROWID": "0-06fad45fcd0205595f25645d3e7efd658c99180c86a27e8a0e3da3edf13155f7",
        "@PARENTROWID": "0-1b398ed7f7dae39e644d44fe9a6d888a907461eb022d7921713154cb187032e6",
        "@PARENT": "root.record.ItemExhibitList.P3AModificationItemGroup.ModificationItemList.ModificationItem.Installation.ImplementationMethodList.ImplementationMethod"
    },
    {
        "Name_val": "Air Force Active",
        "Cost_BudgetYearFive_Quantity_val": "9",
        "Cost_BudgetYearFive_TotalCost_val": "0.965",
        "@SOURCE_FILENAME": "2013-BASE_PROCUREMENT-2013-AIRFORCE_AIRCRAFT_VOL1-MasterJustificationBook_Air_Force_PB_2013.zzz_unzipped-MasterJustificationBook_Air_Force_PB_2013.xml",
        "@RECORDID": "645944f97916cf96b4f5164162b90064cc7498f636c6a81e29631f7434d839d6",
        "@ROWID": "0-639fc9fee53c8c8d8c80a8cde381df319d3ed788072ca84cccdac9f465243355",
        "@PARENTROWID": "0-289d5b2b3ad6f6fffb688b6eb2a15965c1bb582b8291e2973706885c453c40d6",
        "@PARENT": "root.record.ItemExhibitList.P3AModificationItemGroup.ModificationItemList.ModificationItem.Installation.ImplementationMethodList.ImplementationMethod"
    },
    {
        "Name_val": "Air Force Active",
        "Cost_BudgetYearFive_Quantity_val": "158",
        "Cost_BudgetYearFive_TotalCost_val": "45.735",
        "@SOURCE_FILENAME": "2013-BASE_PROCUREMENT-2013-AIRFORCE_AIRCRAFT_VOL1-MasterJustificationBook_Air_Force_PB_2013.zzz_unzipped-MasterJustificationBook_Air_Force_PB_2013.xml",
        "@RECORDID": "88ecf7b4108f5008c743b1f4b59161bedeb688ad0bc869dc12bac8af9b1ecb31",
        "@ROWID": "0-f00b203eb806d87bc1904f3356c2349260dce3caa3159d4f2d67b1b869f0e786",
        "@PARENTROWID": "0-463055299fd5183de288d6324af9a4a645b372a8fb79daedb989dd41b0afa284",
        "@PARENT": "root.record.ItemExhibitList.P3AModificationItemGroup.ModificationItemList.ModificationItem.Installation.ImplementationMethodList.ImplementationMethod"
    },
    {
        "Name_val": "Air National Guard",
        "Cost_BudgetYearFive_Quantity_val": "20",
        "Cost_BudgetYearFive_TotalCost_val": "5.789",
        "@SOURCE_FILENAME": "2013-BASE_PROCUREMENT-2013-AIRFORCE_AIRCRAFT_VOL1-MasterJustificationBook_Air_Force_PB_2013.zzz_unzipped-MasterJustificationBook_Air_Force_PB_2013.xml",
        "@RECORDID": "88ecf7b4108f5008c743b1f4b59161bedeb688ad0bc869dc12bac8af9b1ecb31",
        "@ROWID": "1-6668ceafe55c1f9eac44daa9611f3758d2f5c6231384f594c85d775253928401",
        "@PARENTROWID": "0-463055299fd5183de288d6324af9a4a645b372a8fb79daedb989dd41b0afa284",
        "@PARENT": "root.record.ItemExhibitList.P3AModificationItemGroup.ModificationItemList.ModificationItem.Installation.ImplementationMethodList.ImplementationMethod"
    },
    {
        "Name_val": "Air Force Active",
        "Cost_BudgetYearFive_Quantity_val": "14",
        "Cost_BudgetYearFive_TotalCost_val": "2.15",
        "@SOURCE_FILENAME": "2013-BASE_PROCUREMENT-2013-AIRFORCE_AIRCRAFT_VOL1-MasterJustificationBook_Air_Force_PB_2013.zzz_unzipped-MasterJustificationBook_Air_Force_PB_2013.xml",
        "@RECORDID": "88ecf7b4108f5008c743b1f4b59161bedeb688ad0bc869dc12bac8af9b1ecb31",
        "@ROWID": "0-61c0f786aacfb3861d99fd6b4abe35d214a6d84ec1ea23c6a84b83e57ca3a6cb",
        "@PARENTROWID": "0-9725aec99bb8a1efc195686be7503bb0af982afd28070e817579850c93d2d729",
        "@PARENT": "root.record.ItemExhibitList.P3AModificationItemGroup.ModificationItemList.ModificationItem.Installation.ImplementationMethodList.ImplementationMethod"
    },
    {
        "Name_val": "Air Force Active",
        "Cost_BudgetYearFive_Quantity_val": "1",
        "Cost_BudgetYearFive_TotalCost_val": "0.075",
        "@SOURCE_FILENAME": "2013-BASE_PROCUREMENT-2013-AIRFORCE_OTHER-JustificationBook_Air_Force_PB_2013.zzz_unzipped-JustificationBook_Air_Force_PB_2013.xml",
        "@RECORDID": "ca4a21a6df897b8aea1925161ee0fd863476b50df1ca5a541e8d6f45ea12f962",
        "@ROWID": "0-277712ed5b722001854a16ec69353d490572e0bf715ac1032c63341833632845",
        "@PARENTROWID": "0-e30279abebc7d5f6dc07603223ec0f4990d46744d07778069311878d343f24cc",
        "@PARENT": "root.record.ItemExhibitList.P3AModificationItemGroup.ModificationItemList.ModificationItem.Installation.ImplementationMethodList.ImplementationMethod"
    },
    {
        "Name_val": "Air Force Active",
        "Cost_BudgetYearFive_Quantity_val": "1",
        "Cost_BudgetYearFive_TotalCost_val": "0.2",
        "@SOURCE_FILENAME": "2013-BASE_PROCUREMENT-2013-AIRFORCE_OTHER-JustificationBook_Air_Force_PB_2013.zzz_unzipped-JustificationBook_Air_Force_PB_2013.xml",
        "@RECORDID": "d92e9313cbd8cc005423f86d21bd5824ffdc33ba0eedf34c43fb31c7cb4b7fb2",
        "@ROWID": "0-56dc4da20f86855240825af37a27710eb57bb2e20182596bea852ad7e39beed1",
        "@PARENTROWID": "0-843e8ebc5247609b44928561732a2ee190aafc29982323c35209ec623e535a4d",
        "@PARENT": "root.record.ItemExhibitList.P3AModificationItemGroup.ModificationItemList.ModificationItem.Installation.ImplementationMethodList.ImplementationMethod"
    },
    {
        "Name_val": "Air Force Active",
        "Cost_BudgetYearFive_Quantity_val": "1",
        "Cost_BudgetYearFive_TotalCost_val": "0.075",
        "@SOURCE_FILENAME": "2013-BASE_PROCUREMENT-2013-AIRFORCE_OTHER-MasterJustificationBook_Air_Force_PB_2013.zzz_unzipped-MasterJustificationBook_Air_Force_PB_2013.xml",
        "@RECORDID": "88b46961904815d0d0364584a26fb1b66eaa42ea170fe6f8d779c0476071f4cf",
        "@ROWID": "0-ed48296ff2bf4e44b564cc39e5cf2c9d60722421f102c93d777e7a4eae4ac152",
        "@PARENTROWID": "0-8373802515082e7bd232dd5f6bb3bded9189026c721b1ab494d289b163d29fd0",
        "@PARENT": "root.record.ItemExhibitList.P3AModificationItemGroup.ModificationItemList.ModificationItem.Installation.ImplementationMethodList.ImplementationMethod"
    },
    {
        "Name_val": "Air Force Active",
        "Cost_BudgetYearFive_Quantity_val": "1",
        "Cost_BudgetYearFive_TotalCost_val": "0.2",
        "@SOURCE_FILENAME": "2013-BASE_PROCUREMENT-2013-AIRFORCE_OTHER-MasterJustificationBook_Air_Force_PB_2013.zzz_unzipped-MasterJustificationBook_Air_Force_PB_2013.xml",
        "@RECORDID": "7a27bbe4229cf595fb46d3bfb1d4a54a599e6c5a47461df2d59feb821780cd04",
        "@ROWID": "0-679cd4dc1f9b8b1453d74f1cd07a0d8d0d0d334f4a6c5a96a90cd2b7d2142616",
        "@PARENTROWID": "0-a60167d9d8cfeb6ab06801f319c268db7dc288d45c2872ac3c9ecc2918de26de",
        "@PARENT": "root.record.ItemExhibitList.P3AModificationItemGroup.ModificationItemList.ModificationItem.Installation.ImplementationMethodList.ImplementationMethod"
    },
    {
        "Name_val": "Air Force Active",
        "Cost_BudgetYearFive_Quantity_val": "0",
        "Cost_BudgetYearFive_TotalCost_val": "0.000",
        "@SOURCE_FILENAME": "2014-BASE_PROCUREMENT-2014-AIRFORCE_AIRCRAFT_VOL2-PROCUREMENT_JustificationBook_Air_Force_PB_2014.zzz_unzipped-PROCUREMENT_JustificationBook_Air_Force_PB_2014.xml",
        "@RECORDID": "ef4de724616dbe350c2d8cdbad81862d16464e02ca15409491c910e75a43c4a7",
        "@ROWID": "0-4285c46eb505744b75b64bed53b02e1b3bd3ccc1ce9c3b1195da0c984b488367",
        "@PARENTROWID": "0-18d233075abbf0feb38b79749f2cd8a821690c2bff7e53b170b0ac90f35ff0b2",
        "@PARENT": "root.record.ItemExhibitList.P3AModificationItemGroup.ModificationItemList.ModificationItem.Installation.ImplementationMethodList.ImplementationMethod"
    },
    {
        "Name_val": "Air Force Active",
        "Cost_BudgetYearFive_Quantity_val": "0",
        "Cost_BudgetYearFive_TotalCost_val": "0.000",
        "@SOURCE_FILENAME": "2014-BASE_PROCUREMENT-2014-AIRFORCE_AIRCRAFT_VOL2-PROCUREMENT_JustificationBook_Air_Force_PB_2014.zzz_unzipped-PROCUREMENT_JustificationBook_Air_Force_PB_2014.xml",
        "@RECORDID": "6e816b280add2c6e3187c3bccce8af48caea4e5a4a368db70425872ae7cc52fe",
        "@ROWID": "0-1e170cadb9603c8e828878ad4b84ee742ee0dbff9e0f7a82fa685dc151c5266d",
        "@PARENTROWID": "0-8df719cadbb3ca30c0d3297f041086bd5777ad111e6cd80c3ae53aa3c525b7ef",
        "@PARENT": "root.record.ItemExhibitList.P3AModificationItemGroup.ModificationItemList.ModificationItem.Installation.ImplementationMethodList.ImplementationMethod"
    },
    {
        "Name_val": "Air National Guard",
        "Cost_BudgetYearFive_Quantity_val": "48",
        "Cost_BudgetYearFive_TotalCost_val": "1.229",
        "@SOURCE_FILENAME": "2014-BASE_PROCUREMENT-2014-AIRFORCE_AIRCRAFT_VOL2-PROCUREMENT_JustificationBook_Air_Force_PB_2014.zzz_unzipped-PROCUREMENT_JustificationBook_Air_Force_PB_2014.xml",
        "@RECORDID": "8d4d83cc23dd2a0a56b5f91803df15fd1e4e30278d868b9d2ba94e70a834086c",
        "@ROWID": "0-8629ab9ac3d2fcc7f5a08a9a60afa6cac41ffe275696e06f26dc3ab65f270c80",
        "@PARENTROWID": "0-fad0d7c87d86773c01c1d8a9ec4216041b56fca30380e4396bfce5eea92e8c73",
        "@PARENT": "root.record.ItemExhibitList.P3AModificationItemGroup.ModificationItemList.ModificationItem.Installation.ImplementationMethodList.ImplementationMethod"
    },
    {
        "Name_val": "Air Force Reserve",
        "Cost_BudgetYearFive_Quantity_val": "20",
        "Cost_BudgetYearFive_TotalCost_val": "0.512",
        "@SOURCE_FILENAME": "2014-BASE_PROCUREMENT-2014-AIRFORCE_AIRCRAFT_VOL2-PROCUREMENT_JustificationBook_Air_Force_PB_2014.zzz_unzipped-PROCUREMENT_JustificationBook_Air_Force_PB_2014.xml",
        "@RECORDID": "8d4d83cc23dd2a0a56b5f91803df15fd1e4e30278d868b9d2ba94e70a834086c",
        "@ROWID": "1-b02c089da0b0451da117c280f3ed6836270d5bcfbf57d7879807441450d6ba45",
        "@PARENTROWID": "0-fad0d7c87d86773c01c1d8a9ec4216041b56fca30380e4396bfce5eea92e8c73",
        "@PARENT": "root.record.ItemExhibitList.P3AModificationItemGroup.ModificationItemList.ModificationItem.Installation.ImplementationMethodList.ImplementationMethod"
    },
    {
        "Name_val": "Air Force Active",
        "Cost_BudgetYearFive_Quantity_val": "1",
        "Cost_BudgetYearFive_TotalCost_val": "1.072",
        "@SOURCE_FILENAME": "2014-BASE_PROCUREMENT-2014-AIRFORCE_AIRCRAFT_VOL2-PROCUREMENT_JustificationBook_Air_Force_PB_2014.zzz_unzipped-PROCUREMENT_JustificationBook_Air_Force_PB_2014.xml",
        "@RECORDID": "410a397b66e859f8c3242c34d26b9ae62c6f8f87c219cd47b018398244f3be5e",
        "@ROWID": "0-c21658d334ecac976967f15681d3266566468e864c6baaad6bf54afa6c2544bd",
        "@PARENTROWID": "0-eb030b961db8d92fdabf954dd413767b3038afa1efd8473fd3bd2f6541fdc330",
        "@PARENT": "root.record.ItemExhibitList.P3AModificationItemGroup.ModificationItemList.ModificationItem.Installation.ImplementationMethodList.ImplementationMethod"
    },
    {
        "Name_val": "Air Force Active",
        "Cost_BudgetYearFive_Quantity_val": "2",
        "Cost_BudgetYearFive_TotalCost_val": "8.896",
        "@SOURCE_FILENAME": "2014-BASE_PROCUREMENT-2014-AIRFORCE_AIRCRAFT_VOL2-PROCUREMENT_JustificationBook_Air_Force_PB_2014.zzz_unzipped-PROCUREMENT_JustificationBook_Air_Force_PB_2014.xml",
        "@RECORDID": "6e8433923b29c97885d1fa7c604c8a7d21001c849e27ca06bdc9423153a35683",
        "@ROWID": "0-cddf0e243b43fb37675404a0d9c39bf2f1cea802e71265ccbedf6b6eb5e1a601",
        "@PARENTROWID": "0-0503013c262a588f5e8e1c66b3f6fb0b0d3fca72fdc4006090b539f1f312d2dc",
        "@PARENT": "root.record.ItemExhibitList.P3AModificationItemGroup.ModificationItemList.ModificationItem.Installation.ImplementationMethodList.ImplementationMethod"
    },
    {
        "Name_val": "Air Force Active",
        "Cost_BudgetYearFive_Quantity_val": "3",
        "Cost_BudgetYearFive_TotalCost_val": "1.527",
        "@SOURCE_FILENAME": "2014-BASE_PROCUREMENT-2014-AIRFORCE_AIRCRAFT_VOL2-PROCUREMENT_JustificationBook_Air_Force_PB_2014.zzz_unzipped-PROCUREMENT_JustificationBook_Air_Force_PB_2014.xml",
        "@RECORDID": "408c492aad2565e84f421b56bf4cdbe4a07281d66b4d11001af37b8fea281e12",
        "@ROWID": "0-963894d8b6d3f36a1e3cc8511d15ad5ef4eeaf2f25ed26fe410e4ad3b9d6220a",
        "@PARENTROWID": "0-f9a3f4aafa9cf7b2aeb45061ed003ff7f526518240c4b4403309fe76bbb37741",
        "@PARENT": "root.record.ItemExhibitList.P3AModificationItemGroup.ModificationItemList.ModificationItem.Installation.ImplementationMethodList.ImplementationMethod"
    },
    {
        "Name_val": "Air Force Active",
        "Cost_BudgetYearFive_Quantity_val": "806",
        "Cost_BudgetYearFive_TotalCost_val": "17.578",
        "@SOURCE_FILENAME": "2014-BASE_PROCUREMENT-2014-AIRFORCE_AIRCRAFT_VOL2-PROCUREMENT_JustificationBook_Air_Force_PB_2014.zzz_unzipped-PROCUREMENT_JustificationBook_Air_Force_PB_2014.xml",
        "@RECORDID": "b12d5a01b7ace282920ee4cd1a8a505840616fd0564da6061bde25ce369cffe3",
        "@ROWID": "0-3dbd7760a13c5e4f12a6d837f1e13be9b712a914a536e5536d21da915ceb206f",
        "@PARENTROWID": "0-ee6047875ab37daa4a96ff4699984f756f2ead71b1dfc739263f15e3e49aa9f2",
        "@PARENT": "root.record.ItemExhibitList.P3AModificationItemGroup.ModificationItemList.ModificationItem.Installation.ImplementationMethodList.ImplementationMethod"
    },
    {
        "Name_val": "Air National Guard",
        "Cost_BudgetYearFive_Quantity_val": "154",
        "Cost_BudgetYearFive_TotalCost_val": "3.234",
        "@SOURCE_FILENAME": "2014-BASE_PROCUREMENT-2014-AIRFORCE_AIRCRAFT_VOL2-PROCUREMENT_JustificationBook_Air_Force_PB_2014.zzz_unzipped-PROCUREMENT_JustificationBook_Air_Force_PB_2014.xml",
        "@RECORDID": "b12d5a01b7ace282920ee4cd1a8a505840616fd0564da6061bde25ce369cffe3",
        "@ROWID": "1-961e7940659ac923e9d2b578c6a282c034480927becdff18e6843e546fba6a61",
        "@PARENTROWID": "0-ee6047875ab37daa4a96ff4699984f756f2ead71b1dfc739263f15e3e49aa9f2",
        "@PARENT": "root.record.ItemExhibitList.P3AModificationItemGroup.ModificationItemList.ModificationItem.Installation.ImplementationMethodList.ImplementationMethod"
    },
    {
        "Name_val": "Air Force Active",
        "Cost_BudgetYearFive_Quantity_val": "10",
        "Cost_BudgetYearFive_TotalCost_val": "0.25",
        "@SOURCE_FILENAME": "2014-BASE_PROCUREMENT-2014-AIRFORCE_AIRCRAFT_VOL2-PROCUREMENT_JustificationBook_Air_Force_PB_2014.zzz_unzipped-PROCUREMENT_JustificationBook_Air_Force_PB_2014.xml",
        "@RECORDID": "b12d5a01b7ace282920ee4cd1a8a505840616fd0564da6061bde25ce369cffe3",
        "@ROWID": "0-369eebabd2dd4fa8886765a60dc993be0c3870a36cfbc1e070b252d3c9c43ac3",
        "@PARENTROWID": "0-8cf6d6e71af53f4837cbdc98c827c4eccc32c63aae35dc1950ef252db13d9b28",
        "@PARENT": "root.record.ItemExhibitList.P3AModificationItemGroup.ModificationItemList.ModificationItem.Installation.ImplementationMethodList.ImplementationMethod"
    },
    {
        "Name_val": "Air Force Active",
        "Cost_BudgetYearFive_Quantity_val": "18",
        "Cost_BudgetYearFive_TotalCost_val": "3.6",
        "@SOURCE_FILENAME": "2014-BASE_PROCUREMENT-2014-AIRFORCE_AIRCRAFT_VOL1-PROCUREMENT_JustificationBook_Air_Force_PB_2014.zzz_unzipped-PROCUREMENT_JustificationBook_Air_Force_PB_2014.xml",
        "@RECORDID": "c8f31e33d85c2ae7b9ea6f5b7434c9ce9975a166d18248001748d2083cabb5e1",
        "@ROWID": "0-6e87b965c3e400724e3c2884502425837d927b8b16950089f3363384bb48883e",
        "@PARENTROWID": "0-31e7b8ac6ee3f6635f6356f1719d5492228001aa05ce25fafc6bc3145f523418",
        "@PARENT": "root.record.ItemExhibitList.P3AModificationItemGroup.ModificationItemList.ModificationItem.Installation.ImplementationMethodList.ImplementationMethod"
    },
    {
        "Name_val": "Air Force Active",
        "Cost_BudgetYearFive_Quantity_val": "18",
        "Cost_BudgetYearFive_TotalCost_val": "3.6",
        "@SOURCE_FILENAME": "2014-BASE_PROCUREMENT-2014-AIRFORCE_AIRCRAFT_VOL2-PROCUREMENT_MasterJustificationBook_Air_Force_PB_2014.zzz_unzipped-PROCUREMENT_MasterJustificationBook_Air_Force_PB_2014.xml",
        "@RECORDID": "2e21f726367d918b2eb5cbfcf3589ef44017d35b4ba706d8541e8cb65c1c9e9b",
        "@ROWID": "0-008ba5076d3743db61177a37afa83c7e6f9d2d41eca0bda2ebebfc0ff2706772",
        "@PARENTROWID": "0-fce89fd047990dc77bb7b79b82283662632622f5f70b4c0f0db739f0d5e1040f",
        "@PARENT": "root.record.ItemExhibitList.P3AModificationItemGroup.ModificationItemList.ModificationItem.Installation.ImplementationMethodList.ImplementationMethod"
    },
    {
        "Name_val": "Air Force Active",
        "Cost_BudgetYearFive_Quantity_val": "18",
        "Cost_BudgetYearFive_TotalCost_val": "3.6",
        "@SOURCE_FILENAME": "2014-BASE_PROCUREMENT-2014-AIRFORCE_AIRCRAFT_VOL1-PROCUREMENT_MasterJustificationBook_Air_Force_PB_2014.zzz_unzipped-PROCUREMENT_MasterJustificationBook_Air_Force_PB_2014.xml",
        "@RECORDID": "3d1eb3c5666747a9d92f661ece888887cc86048cbc0f8f078ea392b035733c0d",
        "@ROWID": "0-60e46b8968117170c3143ef9bad060c9606fc68edc2e5dfadc4f408cb8a2b110",
        "@PARENTROWID": "0-e127284c0a3ff878d8db63d56c84a25a46ca022001c1c48b4b853fbba79fa5d1",
        "@PARENT": "root.record.ItemExhibitList.P3AModificationItemGroup.ModificationItemList.ModificationItem.Installation.ImplementationMethodList.ImplementationMethod"
    },
    {
        "Name_val": "Air Force Active",
        "Cost_BudgetYearFive_Quantity_val": "0",
        "Cost_BudgetYearFive_TotalCost_val": "0.000",
        "@SOURCE_FILENAME": "2014-BASE_PROCUREMENT-2014-AIRFORCE_AIRCRAFT_VOL2-PROCUREMENT_MasterJustificationBook_Air_Force_PB_2014.zzz_unzipped-PROCUREMENT_MasterJustificationBook_Air_Force_PB_2014.xml",
        "@RECORDID": "7b89c00e8cf81cd9836555448995658ef5597146bf66ed04432566c529454884",
        "@ROWID": "0-dd8d43742af26cf24ef87b4009ce64815b859a8ee30e0627402eb5e749dfb616",
        "@PARENTROWID": "0-11be94863d36393e6c2d525e00149ca614090788d47f9672334ed33ceab35b08",
        "@PARENT": "root.record.ItemExhibitList.P3AModificationItemGroup.ModificationItemList.ModificationItem.Installation.ImplementationMethodList.ImplementationMethod"
    },
    {
        "Name_val": "Air Force Active",
        "Cost_BudgetYearFive_Quantity_val": "0",
        "Cost_BudgetYearFive_TotalCost_val": "0.000",
        "@SOURCE_FILENAME": "2014-BASE_PROCUREMENT-2014-AIRFORCE_AIRCRAFT_VOL2-PROCUREMENT_MasterJustificationBook_Air_Force_PB_2014.zzz_unzipped-PROCUREMENT_MasterJustificationBook_Air_Force_PB_2014.xml",
        "@RECORDID": "2f52dfa3f8bead847744714ccb33095b834dd66a79765aa2444b1c9adcfa263f",
        "@ROWID": "0-71be318874bc635b2592ab7729f1b25f89ac4c724a4c549ef4ab77f2cceac72c",
        "@PARENTROWID": "0-4fe2ec9a64c711a6b9031ea9981ba94fec261a50d9eab0cb03012ebfce21f6d4",
        "@PARENT": "root.record.ItemExhibitList.P3AModificationItemGroup.ModificationItemList.ModificationItem.Installation.ImplementationMethodList.ImplementationMethod"
    },
    {
        "Name_val": "Air National Guard",
        "Cost_BudgetYearFive_Quantity_val": "48",
        "Cost_BudgetYearFive_TotalCost_val": "1.229",
        "@SOURCE_FILENAME": "2014-BASE_PROCUREMENT-2014-AIRFORCE_AIRCRAFT_VOL2-PROCUREMENT_MasterJustificationBook_Air_Force_PB_2014.zzz_unzipped-PROCUREMENT_MasterJustificationBook_Air_Force_PB_2014.xml",
        "@RECORDID": "0adb94f2acf9d99f5b4bc6417a1d27c0f1d40fe934ae0b6dec35f050909dd167",
        "@ROWID": "0-46a941b1dda7d5494daea81cf716161f324f585d9db6485e729bf2eff8705d4a",
        "@PARENTROWID": "0-bc92b4fcb3c1f93b20891898b6779dc5763a3f4112ed202058ed6770c295b8ee",
        "@PARENT": "root.record.ItemExhibitList.P3AModificationItemGroup.ModificationItemList.ModificationItem.Installation.ImplementationMethodList.ImplementationMethod"
    },
    {
        "Name_val": "Air Force Reserve",
        "Cost_BudgetYearFive_Quantity_val": "20",
        "Cost_BudgetYearFive_TotalCost_val": "0.512",
        "@SOURCE_FILENAME": "2014-BASE_PROCUREMENT-2014-AIRFORCE_AIRCRAFT_VOL2-PROCUREMENT_MasterJustificationBook_Air_Force_PB_2014.zzz_unzipped-PROCUREMENT_MasterJustificationBook_Air_Force_PB_2014.xml",
        "@RECORDID": "0adb94f2acf9d99f5b4bc6417a1d27c0f1d40fe934ae0b6dec35f050909dd167",
        "@ROWID": "1-e16e32c7676c649d8780e0a6e61087be6cb14b637e3f8da70f17d0564a6f59ee",
        "@PARENTROWID": "0-bc92b4fcb3c1f93b20891898b6779dc5763a3f4112ed202058ed6770c295b8ee",
        "@PARENT": "root.record.ItemExhibitList.P3AModificationItemGroup.ModificationItemList.ModificationItem.Installation.ImplementationMethodList.ImplementationMethod"
    },
    {
        "Name_val": "Air Force Active",
        "Cost_BudgetYearFive_Quantity_val": "1",
        "Cost_BudgetYearFive_TotalCost_val": "1.072",
        "@SOURCE_FILENAME": "2014-BASE_PROCUREMENT-2014-AIRFORCE_AIRCRAFT_VOL2-PROCUREMENT_MasterJustificationBook_Air_Force_PB_2014.zzz_unzipped-PROCUREMENT_MasterJustificationBook_Air_Force_PB_2014.xml",
        "@RECORDID": "947688debe5fea3470839e0e7b2dfec98356dc7d59684509e1d8e1fb34b5c4e5",
        "@ROWID": "0-ce49ceb4fd4407b556788793266865eed1bb4f2912ca0ba055008769f2f2d739",
        "@PARENTROWID": "0-229ce11ce4d6ecee1ada33f8c812cc69f9c5c212bc656395e83ec9c6988151d6",
        "@PARENT": "root.record.ItemExhibitList.P3AModificationItemGroup.ModificationItemList.ModificationItem.Installation.ImplementationMethodList.ImplementationMethod"
    },
    {
        "Name_val": "Air Force Active",
        "Cost_BudgetYearFive_Quantity_val": "2",
        "Cost_BudgetYearFive_TotalCost_val": "8.896",
        "@SOURCE_FILENAME": "2014-BASE_PROCUREMENT-2014-AIRFORCE_AIRCRAFT_VOL2-PROCUREMENT_MasterJustificationBook_Air_Force_PB_2014.zzz_unzipped-PROCUREMENT_MasterJustificationBook_Air_Force_PB_2014.xml",
        "@RECORDID": "e4514f33c3955093dc8dcfcf215074965bd9f65e2e3e830bd92a95b52466e991",
        "@ROWID": "0-9116db2c7f4d7c6da0128e627e216b4cb615943b41da1d67b5d09e0ad6e816ec",
        "@PARENTROWID": "0-d4be2e5d1013258b71ce62677baa8884b85ca2ecda10e500947a90c295918e0c",
        "@PARENT": "root.record.ItemExhibitList.P3AModificationItemGroup.ModificationItemList.ModificationItem.Installation.ImplementationMethodList.ImplementationMethod"
    },
    {
        "Name_val": "Air Force Active",
        "Cost_BudgetYearFive_Quantity_val": "3",
        "Cost_BudgetYearFive_TotalCost_val": "1.527",
        "@SOURCE_FILENAME": "2014-BASE_PROCUREMENT-2014-AIRFORCE_AIRCRAFT_VOL2-PROCUREMENT_MasterJustificationBook_Air_Force_PB_2014.zzz_unzipped-PROCUREMENT_MasterJustificationBook_Air_Force_PB_2014.xml",
        "@RECORDID": "65e84959940af26965fd5b90afefd3615615d5cbf1273438e4bf87e70e20d450",
        "@ROWID": "0-02d0603ab661c20579db611ae46a1083118575a44211f89beedfe174ff21a755",
        "@PARENTROWID": "0-124323419f198788341410f6bb0a90c1058c56fc5e9f66abdc36533072b9a047",
        "@PARENT": "root.record.ItemExhibitList.P3AModificationItemGroup.ModificationItemList.ModificationItem.Installation.ImplementationMethodList.ImplementationMethod"
    },
    {
        "Name_val": "Air Force Active",
        "Cost_BudgetYearFive_Quantity_val": "806",
        "Cost_BudgetYearFive_TotalCost_val": "17.578",
        "@SOURCE_FILENAME": "2014-BASE_PROCUREMENT-2014-AIRFORCE_AIRCRAFT_VOL2-PROCUREMENT_MasterJustificationBook_Air_Force_PB_2014.zzz_unzipped-PROCUREMENT_MasterJustificationBook_Air_Force_PB_2014.xml",
        "@RECORDID": "e4c9e6ae72afb01de0f40987a03667cb84bdb9d1ffe0ec1213853fb2f1f72aa2",
        "@ROWID": "0-1205ab2bc328998191ed92d151b2b49544e71f80f0e5c486302343cc1b46bd7b",
        "@PARENTROWID": "0-eb2b03971885605d7b4c614626e2766f50ad673717e27aebc8528f23962ca70a",
        "@PARENT": "root.record.ItemExhibitList.P3AModificationItemGroup.ModificationItemList.ModificationItem.Installation.ImplementationMethodList.ImplementationMethod"
    },
    {
        "Name_val": "Air National Guard",
        "Cost_BudgetYearFive_Quantity_val": "154",
        "Cost_BudgetYearFive_TotalCost_val": "3.234",
        "@SOURCE_FILENAME": "2014-BASE_PROCUREMENT-2014-AIRFORCE_AIRCRAFT_VOL2-PROCUREMENT_MasterJustificationBook_Air_Force_PB_2014.zzz_unzipped-PROCUREMENT_MasterJustificationBook_Air_Force_PB_2014.xml",
        "@RECORDID": "e4c9e6ae72afb01de0f40987a03667cb84bdb9d1ffe0ec1213853fb2f1f72aa2",
        "@ROWID": "1-7253eae4dc44a8199bd9f2f99c6bfc192a56403a1d24c86479bea986bb74df89",
        "@PARENTROWID": "0-eb2b03971885605d7b4c614626e2766f50ad673717e27aebc8528f23962ca70a",
        "@PARENT": "root.record.ItemExhibitList.P3AModificationItemGroup.ModificationItemList.ModificationItem.Installation.ImplementationMethodList.ImplementationMethod"
    },
    {
        "Name_val": "Air Force Active",
        "Cost_BudgetYearFive_Quantity_val": "10",
        "Cost_BudgetYearFive_TotalCost_val": "0.25",
        "@SOURCE_FILENAME": "2014-BASE_PROCUREMENT-2014-AIRFORCE_AIRCRAFT_VOL2-PROCUREMENT_MasterJustificationBook_Air_Force_PB_2014.zzz_unzipped-PROCUREMENT_MasterJustificationBook_Air_Force_PB_2014.xml",
        "@RECORDID": "e4c9e6ae72afb01de0f40987a03667cb84bdb9d1ffe0ec1213853fb2f1f72aa2",
        "@ROWID": "0-035078d6f36bc77844c988d0c728731f263adec3fc82ede983550fb2f1c28291",
        "@PARENTROWID": "0-1336c15ad44059638ede7357c4a94d377465c47f09bf42152ad273dc067f5391",
        "@PARENT": "root.record.ItemExhibitList.P3AModificationItemGroup.ModificationItemList.ModificationItem.Installation.ImplementationMethodList.ImplementationMethod"
    },
    {
        "Name_val": "Air Force Active",
        "Cost_BudgetYearFive_Quantity_val": "0",
        "Cost_BudgetYearFive_TotalCost_val": "0.000",
        "@SOURCE_FILENAME": "2014-BASE_PROCUREMENT-2014-AIRFORCE_AIRCRAFT_VOL1-PROCUREMENT_MasterJustificationBook_Air_Force_PB_2014.zzz_unzipped-PROCUREMENT_MasterJustificationBook_Air_Force_PB_2014.xml",
        "@RECORDID": "a42a3fdd1dd7ea22d485a46359f88be1b656f9a720ad019ae1e266127dd102c4",
        "@ROWID": "0-145e411af3571508abc2224382bf4692633c7a0270feca5d384ab08f5babf97a",
        "@PARENTROWID": "0-5758a65215c65120412cf0986979c04c75bc71b4c35034fe1c40396aa5f9638f",
        "@PARENT": "root.record.ItemExhibitList.P3AModificationItemGroup.ModificationItemList.ModificationItem.Installation.ImplementationMethodList.ImplementationMethod"
    },
    {
        "Name_val": "Air Force Active",
        "Cost_BudgetYearFive_Quantity_val": "0",
        "Cost_BudgetYearFive_TotalCost_val": "0.000",
        "@SOURCE_FILENAME": "2014-BASE_PROCUREMENT-2014-AIRFORCE_AIRCRAFT_VOL1-PROCUREMENT_MasterJustificationBook_Air_Force_PB_2014.zzz_unzipped-PROCUREMENT_MasterJustificationBook_Air_Force_PB_2014.xml",
        "@RECORDID": "9d664e3d454672bc0353ffea221b34f7814f313dfb2e5e7c2a4053707f4c6b2a",
        "@ROWID": "0-fb95d2acfc8a3f56a86cbe5a86e93673fa675c5b4e0df3f45bcb35e31ece99d7",
        "@PARENTROWID": "0-f7d9e9ec9635ac5dad18bec544e42ed9e6b5f9e59a4dae0e384c2e0af88b571e",
        "@PARENT": "root.record.ItemExhibitList.P3AModificationItemGroup.ModificationItemList.ModificationItem.Installation.ImplementationMethodList.ImplementationMethod"
    },
    {
        "Name_val": "Air National Guard",
        "Cost_BudgetYearFive_Quantity_val": "48",
        "Cost_BudgetYearFive_TotalCost_val": "1.229",
        "@SOURCE_FILENAME": "2014-BASE_PROCUREMENT-2014-AIRFORCE_AIRCRAFT_VOL1-PROCUREMENT_MasterJustificationBook_Air_Force_PB_2014.zzz_unzipped-PROCUREMENT_MasterJustificationBook_Air_Force_PB_2014.xml",
        "@RECORDID": "b258f3af81e00e06e01d594fe0ad3952ecee5f4934a7d59a02173ec581326bf6",
        "@ROWID": "0-54281a110e2280e87f4478ecef4e65ff86f5f66634c76bea1f23c22d8bd16969",
        "@PARENTROWID": "0-4340a7be3dafea8f09054b64e739e8ede8aef089d6fa1b0260362bfec37fcd77",
        "@PARENT": "root.record.ItemExhibitList.P3AModificationItemGroup.ModificationItemList.ModificationItem.Installation.ImplementationMethodList.ImplementationMethod"
    },
    {
        "Name_val": "Air Force Reserve",
        "Cost_BudgetYearFive_Quantity_val": "20",
        "Cost_BudgetYearFive_TotalCost_val": "0.512",
        "@SOURCE_FILENAME": "2014-BASE_PROCUREMENT-2014-AIRFORCE_AIRCRAFT_VOL1-PROCUREMENT_MasterJustificationBook_Air_Force_PB_2014.zzz_unzipped-PROCUREMENT_MasterJustificationBook_Air_Force_PB_2014.xml",
        "@RECORDID": "b258f3af81e00e06e01d594fe0ad3952ecee5f4934a7d59a02173ec581326bf6",
        "@ROWID": "1-57a9460d1c1d7fe652916950215b4eb02afdf207a3256a5c37c4025a97dd1140",
        "@PARENTROWID": "0-4340a7be3dafea8f09054b64e739e8ede8aef089d6fa1b0260362bfec37fcd77",
        "@PARENT": "root.record.ItemExhibitList.P3AModificationItemGroup.ModificationItemList.ModificationItem.Installation.ImplementationMethodList.ImplementationMethod"
    },
    {
        "Name_val": "Air Force Active",
        "Cost_BudgetYearFive_Quantity_val": "1",
        "Cost_BudgetYearFive_TotalCost_val": "1.072",
        "@SOURCE_FILENAME": "2014-BASE_PROCUREMENT-2014-AIRFORCE_AIRCRAFT_VOL1-PROCUREMENT_MasterJustificationBook_Air_Force_PB_2014.zzz_unzipped-PROCUREMENT_MasterJustificationBook_Air_Force_PB_2014.xml",
        "@RECORDID": "b7b7160afe3f9f605b0728b8bbba9a57b1548d4d19cb21bc24c6fcdcb8bd3f12",
        "@ROWID": "0-44547bb204f547cdf1775ad09bc71054cc00afe6d62454e51df4454f56e83267",
        "@PARENTROWID": "0-0cd0810f77e093d6cb04b1d4ce6975a082d663fd46b528c718f4c9afa6821829",
        "@PARENT": "root.record.ItemExhibitList.P3AModificationItemGroup.ModificationItemList.ModificationItem.Installation.ImplementationMethodList.ImplementationMethod"
    },
    {
        "Name_val": "Air Force Active",
        "Cost_BudgetYearFive_Quantity_val": "2",
        "Cost_BudgetYearFive_TotalCost_val": "8.896",
        "@SOURCE_FILENAME": "2014-BASE_PROCUREMENT-2014-AIRFORCE_AIRCRAFT_VOL1-PROCUREMENT_MasterJustificationBook_Air_Force_PB_2014.zzz_unzipped-PROCUREMENT_MasterJustificationBook_Air_Force_PB_2014.xml",
        "@RECORDID": "ea429714b0f0f95031178afd8eaa3fa79fedb4f85200d5db526c01311ed9c868",
        "@ROWID": "0-400970110c3cd423a0b8d93c5ed51d9b844507dfd6332ae5496f61aa5da66d02",
        "@PARENTROWID": "0-8e9530c2fc552c718e3fa8899f4bd85c3ae43d7f84f91a2b7395a136d91a3f39",
        "@PARENT": "root.record.ItemExhibitList.P3AModificationItemGroup.ModificationItemList.ModificationItem.Installation.ImplementationMethodList.ImplementationMethod"
    },
    {
        "Name_val": "Air Force Active",
        "Cost_BudgetYearFive_Quantity_val": "3",
        "Cost_BudgetYearFive_TotalCost_val": "1.527",
        "@SOURCE_FILENAME": "2014-BASE_PROCUREMENT-2014-AIRFORCE_AIRCRAFT_VOL1-PROCUREMENT_MasterJustificationBook_Air_Force_PB_2014.zzz_unzipped-PROCUREMENT_MasterJustificationBook_Air_Force_PB_2014.xml",
        "@RECORDID": "10116f6b4f0fdbcb81d8df5cf94134ab7a85832a26474a9bfadc26ffc8526f94",
        "@ROWID": "0-1283d17ea42a630a6129b45f7e426ac4e464b430f85bce0de844264b5a5a5fc9",
        "@PARENTROWID": "0-8f97798ca2a06430d1d46b2dbcc2a589cf0927ff0f3b2b33191dd233de775930",
        "@PARENT": "root.record.ItemExhibitList.P3AModificationItemGroup.ModificationItemList.ModificationItem.Installation.ImplementationMethodList.ImplementationMethod"
    },
    {
        "Name_val": "Air Force Active",
        "Cost_BudgetYearFive_Quantity_val": "806",
        "Cost_BudgetYearFive_TotalCost_val": "17.578",
        "@SOURCE_FILENAME": "2014-BASE_PROCUREMENT-2014-AIRFORCE_AIRCRAFT_VOL1-PROCUREMENT_MasterJustificationBook_Air_Force_PB_2014.zzz_unzipped-PROCUREMENT_MasterJustificationBook_Air_Force_PB_2014.xml",
        "@RECORDID": "fadb07c6826a0adfa8a8c503c403c634bd867ece364476e306cb767b4d2a0f2b",
        "@ROWID": "0-5ffaa72f576bd4e400a108b2523f62112b32d4bd427c3d438368c203a2dbb5ae",
        "@PARENTROWID": "0-030936426aafa55c6ab21e34c131d1e13e5bc2f728777199f9faee96fb5cfbbb",
        "@PARENT": "root.record.ItemExhibitList.P3AModificationItemGroup.ModificationItemList.ModificationItem.Installation.ImplementationMethodList.ImplementationMethod"
    },
    {
        "Name_val": "Air National Guard",
        "Cost_BudgetYearFive_Quantity_val": "154",
        "Cost_BudgetYearFive_TotalCost_val": "3.234",
        "@SOURCE_FILENAME": "2014-BASE_PROCUREMENT-2014-AIRFORCE_AIRCRAFT_VOL1-PROCUREMENT_MasterJustificationBook_Air_Force_PB_2014.zzz_unzipped-PROCUREMENT_MasterJustificationBook_Air_Force_PB_2014.xml",
        "@RECORDID": "fadb07c6826a0adfa8a8c503c403c634bd867ece364476e306cb767b4d2a0f2b",
        "@ROWID": "1-02b1445ddeed039f8d8420e44272fc10bb9d940a3f74d26876d9eab500979535",
        "@PARENTROWID": "0-030936426aafa55c6ab21e34c131d1e13e5bc2f728777199f9faee96fb5cfbbb",
        "@PARENT": "root.record.ItemExhibitList.P3AModificationItemGroup.ModificationItemList.ModificationItem.Installation.ImplementationMethodList.ImplementationMethod"
    },
    {
        "Name_val": "Air Force Active",
        "Cost_BudgetYearFive_Quantity_val": "10",
        "Cost_BudgetYearFive_TotalCost_val": "0.25",
        "@SOURCE_FILENAME": "2014-BASE_PROCUREMENT-2014-AIRFORCE_AIRCRAFT_VOL1-PROCUREMENT_MasterJustificationBook_Air_Force_PB_2014.zzz_unzipped-PROCUREMENT_MasterJustificationBook_Air_Force_PB_2014.xml",
        "@RECORDID": "fadb07c6826a0adfa8a8c503c403c634bd867ece364476e306cb767b4d2a0f2b",
        "@ROWID": "0-21e7c86170a1d8eb58101badf3717f5a1593e15d2805efbacd5c7e92c67eaa05",
        "@PARENTROWID": "0-20317c34e6d59ffa4f1627d26ff21c5611a7bdf9b4e034c12b292cd5a34cbbc8",
        "@PARENT": "root.record.ItemExhibitList.P3AModificationItemGroup.ModificationItemList.ModificationItem.Installation.ImplementationMethodList.ImplementationMethod"
    },
    {
        "Name_val": "Air Force Active",
        "Cost_BudgetYearFive_Quantity_val": "1",
        "Cost_BudgetYearFive_TotalCost_val": "0.5",
        "@SOURCE_FILENAME": "2014-BASE_PROCUREMENT-2014-AIRFORCE_OTHER-PROCUREMENT_JustificationBook_Air_Force_PB_2014.zzz_unzipped-PROCUREMENT_JustificationBook_Air_Force_PB_2014.xml",
        "@RECORDID": "6de08e14d3bd91a0fde6b9ba5734e5e549d6d6591a3e8c05a9f7b3ed3981ccdf",
        "@ROWID": "0-eba620e2c1545618a24a5e500d4158ff693b94e177462ad1275bda147372b630",
        "@PARENTROWID": "0-aba417c603cb9d5825c018c3fd24e275bf942ad7c0327aaab08dc107103c1d5c",
        "@PARENT": "root.record.ItemExhibitList.P3AModificationItemGroup.ModificationItemList.ModificationItem.Installation.ImplementationMethodList.ImplementationMethod"
    },
    {
        "Name_val": "Air Force Active",
        "Cost_BudgetYearFive_Quantity_val": "1",
        "Cost_BudgetYearFive_TotalCost_val": "0.5",
        "@SOURCE_FILENAME": "2014-BASE_PROCUREMENT-2014-AIRFORCE_OTHER-PROCUREMENT_MasterJustificationBook_Air_Force_PB_2014.zzz_unzipped-PROCUREMENT_MasterJustificationBook_Air_Force_PB_2014.xml",
        "@RECORDID": "1a768d092b331508335fa6c3e0d7eed4ce692eef185cf5361889ebe4ec495a4f",
        "@ROWID": "0-909e402e36f077e78ae42280972fe6eb998812760fb952c3debf2fe2ee93a56e",
        "@PARENTROWID": "0-edc82dec0222c60d25c9825740550f00f79ae38bfdafc9d1b2c04bec15ba2b53",
        "@PARENT": "root.record.ItemExhibitList.P3AModificationItemGroup.ModificationItemList.ModificationItem.Installation.ImplementationMethodList.ImplementationMethod"
    },
    {
        "Name_val": "Air Force Active",
        "Cost_BudgetYearFive_Quantity_val": "1",
        "Cost_BudgetYearFive_TotalCost_val": "1.072",
        "@SOURCE_FILENAME": "2014-AMENDED_PROCUREMENT_AND_RDTE-2014-AIRFORCE_AIRCRAFT-PROCUREMENT_JustificationBook_Air_Force_PBAmended_2014.zzz_unzipped-PROCUREMENT_JustificationBook_Air_Force_PBAmended_2014.xml",
        "@RECORDID": "3d6fb4b31dee4b7948ca54ec0386001e4e57eff244e293544f95725b59f446e7",
        "@ROWID": "0-23c7046fc006dd5766e2e68757f9e8b265fc73da36939a8720eabe73862bb066",
        "@PARENTROWID": "0-39a9600d2480dbde8e698d8e0f4cf35310b91ce90f3515e01c6886b4857d1875",
        "@PARENT": "root.record.ItemExhibitList.P3AModificationItemGroup.ModificationItemList.ModificationItem.Installation.ImplementationMethodList.ImplementationMethod"
    },
    {
        "Name_val": "Air Force Active",
        "Cost_BudgetYearFive_Quantity_val": "0",
        "Cost_BudgetYearFive_TotalCost_val": "0.000",
        "@SOURCE_FILENAME": "2014-AMENDED_PROCUREMENT_AND_RDTE-2014-AIRFORCE_AIRCRAFT-PROCUREMENT_JustificationBook_Air_Force_PBAmended_2014.zzz_unzipped-PROCUREMENT_JustificationBook_Air_Force_PBAmended_2014.xml",
        "@RECORDID": "d8e277922191d8a206e1393053ba024d93630f46b59bbdb1d002192804264fd8",
        "@ROWID": "0-92f98db6004100b23125f242a04e80eb97ceeced3ca2990da812159ecb595508",
        "@PARENTROWID": "0-8169edefb5f436ed841b9970a918666ce2e1b02e89b4325bf7a1bd68c31156d7",
        "@PARENT": "root.record.ItemExhibitList.P3AModificationItemGroup.ModificationItemList.ModificationItem.Installation.ImplementationMethodList.ImplementationMethod"
    },
    {
        "Name_val": "Air National Guard",
        "Cost_BudgetYearFive_Quantity_val": "48",
        "Cost_BudgetYearFive_TotalCost_val": "1.229",
        "@SOURCE_FILENAME": "2014-AMENDED_PROCUREMENT_AND_RDTE-2014-AIRFORCE_AIRCRAFT-PROCUREMENT_JustificationBook_Air_Force_PBAmended_2014.zzz_unzipped-PROCUREMENT_JustificationBook_Air_Force_PBAmended_2014.xml",
        "@RECORDID": "109f06a7bb06ab125125785c20926e64de46320f87f97e2e21a9b2aed50175ce",
        "@ROWID": "0-d5b424d0bed54edfb14eca08f0da4b3f480484a264a5f0265913e17d1333b432",
        "@PARENTROWID": "0-e1fd911dc052cbe1de0ce7db178859e8704d90c296a99773f5a8d69cc12dfe74",
        "@PARENT": "root.record.ItemExhibitList.P3AModificationItemGroup.ModificationItemList.ModificationItem.Installation.ImplementationMethodList.ImplementationMethod"
    },
    {
        "Name_val": "Air Force Reserve",
        "Cost_BudgetYearFive_Quantity_val": "20",
        "Cost_BudgetYearFive_TotalCost_val": "0.512",
        "@SOURCE_FILENAME": "2014-AMENDED_PROCUREMENT_AND_RDTE-2014-AIRFORCE_AIRCRAFT-PROCUREMENT_JustificationBook_Air_Force_PBAmended_2014.zzz_unzipped-PROCUREMENT_JustificationBook_Air_Force_PBAmended_2014.xml",
        "@RECORDID": "109f06a7bb06ab125125785c20926e64de46320f87f97e2e21a9b2aed50175ce",
        "@ROWID": "1-7bd38bcd7906a93779a6188b886ac6265fa00458d0bcb399d3301d53cf8aece9",
        "@PARENTROWID": "0-e1fd911dc052cbe1de0ce7db178859e8704d90c296a99773f5a8d69cc12dfe74",
        "@PARENT": "root.record.ItemExhibitList.P3AModificationItemGroup.ModificationItemList.ModificationItem.Installation.ImplementationMethodList.ImplementationMethod"
    },
    {
        "Name_val": "Air Force Active",
        "Cost_BudgetYearFive_Quantity_val": "18",
        "Cost_BudgetYearFive_TotalCost_val": "3.6",
        "@SOURCE_FILENAME": "2014-AMENDED_PROCUREMENT_AND_RDTE-2014-AIRFORCE_AIRCRAFT-PROCUREMENT_JustificationBook_Air_Force_PBAmended_2014.zzz_unzipped-PROCUREMENT_JustificationBook_Air_Force_PBAmended_2014.xml",
        "@RECORDID": "b6e41eb5f50a99ad2d2cf145f03972cc93ae4b3fe7b2ff927841db0b40223081",
        "@ROWID": "0-b8fe527da1ca4a3077073371bb758d48d4561c4468c25c703f91fe6d9850b516",
        "@PARENTROWID": "0-97a1827cc3889109f5ef8f126f6ad08823a5aa33555b648e4d07b3dfed9517b9",
        "@PARENT": "root.record.ItemExhibitList.P3AModificationItemGroup.ModificationItemList.ModificationItem.Installation.ImplementationMethodList.ImplementationMethod"
    },
    {
        "Name_val": "Air Force Active",
        "Cost_BudgetYearFive_Quantity_val": "1",
        "Cost_BudgetYearFive_TotalCost_val": "1.072",
        "@SOURCE_FILENAME": "2014-AMENDED_PROCUREMENT_AND_RDTE-2014-AIRFORCE_AIRCRAFT-PROCUREMENT_MasterJustificationBook_Air_Force_PBAmended_2014.zzz_unzipped-PROCUREMENT_MasterJustificationBook_Air_Force_PBAmended_2014.xml",
        "@RECORDID": "5f5d2ae7965267dce85985544711ec147fb5ff1450e604453a370878f94ba52c",
        "@ROWID": "0-90aa5c6336278f4f9e87ec28c35dd815837df76f27b55fb6aabba8e84852fb12",
        "@PARENTROWID": "0-f58801b2a15fcb482365f5474ef5f8dbb7149e77ba75e8c6a72081efeed70149",
        "@PARENT": "root.record.ItemExhibitList.P3AModificationItemGroup.ModificationItemList.ModificationItem.Installation.ImplementationMethodList.ImplementationMethod"
    },
    {
        "Name_val": "Air Force Active",
        "Cost_BudgetYearFive_Quantity_val": "0",
        "Cost_BudgetYearFive_TotalCost_val": "0.000",
        "@SOURCE_FILENAME": "2014-AMENDED_PROCUREMENT_AND_RDTE-2014-AIRFORCE_AIRCRAFT-PROCUREMENT_MasterJustificationBook_Air_Force_PBAmended_2014.zzz_unzipped-PROCUREMENT_MasterJustificationBook_Air_Force_PBAmended_2014.xml",
        "@RECORDID": "f84db5e4ac54cbea603ef1226fb014d063bcc00cd675841753029c382eaeb30e",
        "@ROWID": "0-f883e5cc82ced6e02f408ed2bf17c32bb60514e033280feb1384e4826024d1ed",
        "@PARENTROWID": "0-486aff193cc93ba496256b17185245171da99b3ec6296837e369b5d96cc64974",
        "@PARENT": "root.record.ItemExhibitList.P3AModificationItemGroup.ModificationItemList.ModificationItem.Installation.ImplementationMethodList.ImplementationMethod"
    },
    {
        "Name_val": "Air National Guard",
        "Cost_BudgetYearFive_Quantity_val": "48",
        "Cost_BudgetYearFive_TotalCost_val": "1.229",
        "@SOURCE_FILENAME": "2014-AMENDED_PROCUREMENT_AND_RDTE-2014-AIRFORCE_AIRCRAFT-PROCUREMENT_MasterJustificationBook_Air_Force_PBAmended_2014.zzz_unzipped-PROCUREMENT_MasterJustificationBook_Air_Force_PBAmended_2014.xml",
        "@RECORDID": "8e2220efe1667a92813cab4603f35c3261cc7dfe2788f5a8709b6fcc71bdf8bd",
        "@ROWID": "0-0cd1feceb38acd2c63f4c645c0a234dadc5eb4098c4ebfc44cb1f65ef14f88af",
        "@PARENTROWID": "0-350fd50540a0d34e44c6a7e31dafcf54c783f7c188a9468749ad17b1db430168",
        "@PARENT": "root.record.ItemExhibitList.P3AModificationItemGroup.ModificationItemList.ModificationItem.Installation.ImplementationMethodList.ImplementationMethod"
    },
    {
        "Name_val": "Air Force Reserve",
        "Cost_BudgetYearFive_Quantity_val": "20",
        "Cost_BudgetYearFive_TotalCost_val": "0.512",
        "@SOURCE_FILENAME": "2014-AMENDED_PROCUREMENT_AND_RDTE-2014-AIRFORCE_AIRCRAFT-PROCUREMENT_MasterJustificationBook_Air_Force_PBAmended_2014.zzz_unzipped-PROCUREMENT_MasterJustificationBook_Air_Force_PBAmended_2014.xml",
        "@RECORDID": "8e2220efe1667a92813cab4603f35c3261cc7dfe2788f5a8709b6fcc71bdf8bd",
        "@ROWID": "1-10fe64ef92dbcc9a85aa737fcc61aa9bf51558bf098d0df88aaf8a4e823c9d1c",
        "@PARENTROWID": "0-350fd50540a0d34e44c6a7e31dafcf54c783f7c188a9468749ad17b1db430168",
        "@PARENT": "root.record.ItemExhibitList.P3AModificationItemGroup.ModificationItemList.ModificationItem.Installation.ImplementationMethodList.ImplementationMethod"
    },
    {
        "Name_val": "Air Force Active",
        "Cost_BudgetYearFive_Quantity_val": "18",
        "Cost_BudgetYearFive_TotalCost_val": "3.6",
        "@SOURCE_FILENAME": "2014-AMENDED_PROCUREMENT_AND_RDTE-2014-AIRFORCE_AIRCRAFT-PROCUREMENT_MasterJustificationBook_Air_Force_PBAmended_2014.zzz_unzipped-PROCUREMENT_MasterJustificationBook_Air_Force_PBAmended_2014.xml",
        "@RECORDID": "0486b2170542097e859ccb1eab43467b227915013d48baa497a0dfcec1db5c50",
        "@ROWID": "0-aa6e2696c22c7299757cf1106ef0db774ad5b6636156d11a1bcb58cc5875b0c2",
        "@PARENTROWID": "0-2b314c7e91224df135d7671d0df3b088b79d04b7c0cd01eb9c90df1b6279df60",
        "@PARENT": "root.record.ItemExhibitList.P3AModificationItemGroup.ModificationItemList.ModificationItem.Installation.ImplementationMethodList.ImplementationMethod"
    }
]