Name_val,Cost_Quantity_PriorYear_val,Cost_Quantity_CurrentYear_val,Cost_Quantity_BudgetYearOneBase_val,Cost_Quantity_BudgetYearOne_val,Cost_Quantity_BudgetYearTwo_val,Cost_Quantity_BudgetYearThree_val,Cost_Quantity_BudgetYearFour_val,Cost_Quantity_BudgetYearFive_val,Cost_TotalCost_PriorYear_val,Cost_TotalCost_CurrentYear_val,Cost_TotalCost_BudgetYearOneBase_val,Cost_TotalCost_BudgetYearOne_val,Cost_TotalCost_BudgetYearTwo_val,Cost_TotalCost_BudgetYearThree_val,Cost_TotalCost_BudgetYearFour_val,Cost_TotalCost_BudgetYearFive_val,@SOURCE_FILENAME,@RECORDID,@ROWID,@PARENTROWID,@PARENT
"Air Force Active","1","4","8","8","","","","","1.132","4.728","6.718","6.718","","","","","2015-BASE_PROCUREMENT-2015-AIRFORCE_AIRCRAFT_VOL2-PROCUREMENT_JustificationBook_Air_Force_PB_2015.zzz_unzipped-PROCUREMENT_JustificationBook_Air_Force_PB_2015.xml","64acb54550a4560598d7d665ce51dd7ecd276be3097259da048227510b8c8d9d","0-069c516423ebf863c4c8aad30bd59206e64069b7ffbe7cee154005abc39a1e43","0-140a215617c24f55cc916708d8d10a53778e7d1b435dbf8846ad786f15a2f78a","root.record.ItemExhibitList.P3AModificationItemGroup.ModificationItemList.ModificationItem.Installation.ImplementationMethodList.ImplementationMethod"
"Air Force Active","","2","2","2","","","","","","0.675","0.66","0.66","","","","","2015-BASE_PROCUREMENT-2015-AIRFORCE_AIRCRAFT_VOL2-PROCUREMENT_JustificationBook_Air_Force_PB_2015.zzz_unzipped-PROCUREMENT_JustificationBook_Air_Force_PB_2015.xml","64acb54550a4560598d7d665ce51dd7ecd276be3097259da048227510b8c8d9d","0-0170a821e7185b78c39794742163c842918e7f2f88df45e6db649d135f59730d","1-3ad503a87b17e6dc1d1bff2d7b8a10e2487b306e79c53f2b9458e5eb7164c26e","root.record.ItemExhibitList.P3AModificationItemGroup.ModificationItemList.ModificationItem.Installation.ImplementationMethodList.ImplementationMethod"
"Air Force Active","","","7","7","","","","","","","4.401","4.401","","","","","2015-BASE_PROCUREMENT-2015-AIRFORCE_AIRCRAFT_VOL2-PROCUREMENT_JustificationBook_Air_Force_PB_2015.zzz_unzipped-PROCUREMENT_JustificationBook_Air_Force_PB_2015.xml","b8767409fbe18f979daf324b822c3fc717f2bfd9a9a8e2c0e9528e4bdde4d803","0-4180d569a7f3f58235b9d7304f540a72a3b7a0d11590ac4fbd3b0d4a58198016","0-a49df8a93600724aa52bd7d112db43371f7c2151fbaa190824ccabaa504292c6","root.record.ItemExhibitList.P3AModificationItemGroup.ModificationItemList.ModificationItem.Installation.ImplementationMethodList.ImplementationMethod"
"Air Force Active","11","6","","","","","","","222.512","149.612","","","","","","","2015-BASE_PROCUREMENT-2015-AIRFORCE_AIRCRAFT_VOL2-PROCUREMENT_JustificationBook_Air_Force_PB_2015.zzz_unzipped-PROCUREMENT_JustificationBook_Air_Force_PB_2015.xml","e049539817dd22b34918c2c0be8271bbbd79d6b6a486234ddff8e6be076c0e3d","0-ca6cab825d06a85afb651b11024d5f48ad4dfd4ab638b176ca2e05cdeb7b6aae","0-4d6f09acc821558c80bede1dc5cb3d1725f4707aa1ab4ce22dbd5dc21705de91","root.record.ItemExhibitList.P3AModificationItemGroup.ModificationItemList.ModificationItem.Installation.ImplementationMethodList.ImplementationMethod"
"Air Force Reserve","","5","11","11","","","","","","124.676","254.23","254.23","","","","","2015-BASE_PROCUREMENT-2015-AIRFORCE_AIRCRAFT_VOL2-PROCUREMENT_JustificationBook_Air_Force_PB_2015.zzz_unzipped-PROCUREMENT_JustificationBook_Air_Force_PB_2015.xml","e049539817dd22b34918c2c0be8271bbbd79d6b6a486234ddff8e6be076c0e3d","1-195bba548b8a561a158cc1590844a3d1924b2bb596d0cfc82fd338197b8bf7cf","0-4d6f09acc821558c80bede1dc5cb3d1725f4707aa1ab4ce22dbd5dc21705de91","root.record.ItemExhibitList.P3AModificationItemGroup.ModificationItemList.ModificationItem.Installation.ImplementationMethodList.ImplementationMethod"
"Air Force Active","10","28","22","22","28","1","","","1.496","3.007","4.975","4.975","5.787","0.213","","","2015-BASE_PROCUREMENT-2015-AIRFORCE_AIRCRAFT_VOL2-PROCUREMENT_JustificationBook_Air_Force_PB_2015.zzz_unzipped-PROCUREMENT_JustificationBook_Air_Force_PB_2015.xml","2c3a42ac96c574f3a05d311e38d1fd39e76b2eaa077eed338c2b56579168a566","0-0ec61a942e462357fb7f41137a3039ae49b15641faf90d922b03d19516cc5602","0-ba6e82da78e9689faca709b902ecefa10c5196fb8bf2273d270fc68bf77a41ef","root.record.ItemExhibitList.P3AModificationItemGroup.ModificationItemList.ModificationItem.Installation.ImplementationMethodList.ImplementationMethod"
"Air National Guard","5","1","3","3","","13","","","0.748","0.107","0.678","0.678","","2.767","","","2015-BASE_PROCUREMENT-2015-AIRFORCE_AIRCRAFT_VOL2-PROCUREMENT_JustificationBook_Air_Force_PB_2015.zzz_unzipped-PROCUREMENT_JustificationBook_Air_Force_PB_2015.xml","2c3a42ac96c574f3a05d311e38d1fd39e76b2eaa077eed338c2b56579168a566","1-5ff1d13786a2b11cbb08b22032408f72e0742c091527cb4c5f9bed8f2701e0c8","0-ba6e82da78e9689faca709b902ecefa10c5196fb8bf2273d270fc68bf77a41ef","root.record.ItemExhibitList.P3AModificationItemGroup.ModificationItemList.ModificationItem.Installation.ImplementationMethodList.ImplementationMethod"
"Air Force Reserve","","1","4","4","1","3","","","","0.108","0.906","0.906","0.207","0.638","","","2015-BASE_PROCUREMENT-2015-AIRFORCE_AIRCRAFT_VOL2-PROCUREMENT_JustificationBook_Air_Force_PB_2015.zzz_unzipped-PROCUREMENT_JustificationBook_Air_Force_PB_2015.xml","2c3a42ac96c574f3a05d311e38d1fd39e76b2eaa077eed338c2b56579168a566","2-a976f2dd1e3c4253da9780870001735201427c1ee17ca63b545cd2bc115145d6","0-ba6e82da78e9689faca709b902ecefa10c5196fb8bf2273d270fc68bf77a41ef","root.record.ItemExhibitList.P3AModificationItemGroup.ModificationItemList.ModificationItem.Installation.ImplementationMethodList.ImplementationMethod"
"Air Force Active","144","79","30","30","","","","","90.713","8.449","9.615","9.615","","","","","2015-BASE_PROCUREMENT-2015-AIRFORCE_AIRCRAFT_VOL2-PROCUREMENT_JustificationBook_Air_Force_PB_2015.zzz_unzipped-PROCUREMENT_JustificationBook_Air_Force_PB_2015.xml","2c3a42ac96c574f3a05d311e38d1fd39e76b2eaa077eed338c2b56579168a566","0-fc2fe9c54d0d08e1b949b1b77efed8c3c455a0c74c7ec044886f686878122975","0-3c5cb828cc3a022d8cfb7ecf70e10e16e573f516f89a67fdb15fe7240b6d01ab","root.record.ItemExhibitList.P3AModificationItemGroup.ModificationItemList.ModificationItem.Installation.ImplementationMethodList.ImplementationMethod"
"Air National Guard","14","55","51","51","","","","","9.833","10.044","16.898","16.898","","","","","2015-BASE_PROCUREMENT-2015-AIRFORCE_AIRCRAFT_VOL2-PROCUREMENT_JustificationBook_Air_Force_PB_2015.zzz_unzipped-PROCUREMENT_JustificationBook_Air_Force_PB_2015.xml","2c3a42ac96c574f3a05d311e38d1fd39e76b2eaa077eed338c2b56579168a566","1-b83605551bbf971754879bbc96e6dda0b9164bc5d490876f9f98438dbf45c183","0-3c5cb828cc3a022d8cfb7ecf70e10e16e573f516f89a67fdb15fe7240b6d01ab","root.record.ItemExhibitList.P3AModificationItemGroup.ModificationItemList.ModificationItem.Installation.ImplementationMethodList.ImplementationMethod"
"Air Force Reserve","12","21","58","58","","","","","8.429","3.653","18.589","18.589","","","","","2015-BASE_PROCUREMENT-2015-AIRFORCE_AIRCRAFT_VOL2-PROCUREMENT_JustificationBook_Air_Force_PB_2015.zzz_unzipped-PROCUREMENT_JustificationBook_Air_Force_PB_2015.xml","2c3a42ac96c574f3a05d311e38d1fd39e76b2eaa077eed338c2b56579168a566","2-d3cfacbfc80808ac2d2f99482e82e3fe124b31bdff8f272cd0a0e5d2bb352cb5","0-3c5cb828cc3a022d8cfb7ecf70e10e16e573f516f89a67fdb15fe7240b6d01ab","root.record.ItemExhibitList.P3AModificationItemGroup.ModificationItemList.ModificationItem.Installation.ImplementationMethodList.ImplementationMethod"
"Air Force Active","2","38","33","33","33","33","33","6","1.771","1.447","2.95","2.95","3.04","5.25","5.91","1.105","2015-BASE_PROCUREMENT-2015-AIRFORCE_AIRCRAFT_VOL2-PROCUREMENT_JustificationBook_Air_Force_PB_2015.zzz_unzipped-PROCUREMENT_JustificationBook_Air_Force_PB_2015.xml","2c3a42ac96c574f3a05d311e38d1fd39e76b2eaa077eed338c2b56579168a566","0-02e442c45a9ddb62356f1c10ea0139ed6df41b03e8c5a7b4714c7586bbe802de","0-dfc351b63dbea2a1d18ac1858ecee19942f5105b92312d5dafe85966af84778e","root.record.ItemExhibitList.P3AModificationItemGroup.ModificationItemList.ModificationItem.Installation.ImplementationMethodList.ImplementationMethod"
"Air National Guard","","","","","","","","26","","","","","","","","4.79","2015-BASE_PROCUREMENT-2015-AIRFORCE_AIRCRAFT_VOL2-PROCUREMENT_JustificationBook_Air_Force_PB_2015.zzz_unzipped-PROCUREMENT_JustificationBook_Air_Force_PB_2015.xml","2c3a42ac96c574f3a05d311e38d1fd39e76b2eaa077eed338c2b56579168a566","1-24aae25525f4a1e657142abc884ba842a3dfc60d450ef2144374db582a631ff1","0-dfc351b63dbea2a1d18ac1858ecee19942f5105b92312d5dafe85966af84778e","root.record.ItemExhibitList.P3AModificationItemGroup.ModificationItemList.ModificationItem.Installation.ImplementationMethodList.ImplementationMethod"
"Air Force Reserve","","","","","","","","1","","","","","","","","0.184","2015-BASE_PROCUREMENT-2015-AIRFORCE_AIRCRAFT_VOL2-PROCUREMENT_JustificationBook_Air_Force_PB_2015.zzz_unzipped-PROCUREMENT_JustificationBook_Air_Force_PB_2015.xml","2c3a42ac96c574f3a05d311e38d1fd39e76b2eaa077eed338c2b56579168a566","2-9430bbf30e159a3a268fb07d641be451f743e3546a9bf728c1d36683ed36724f","0-dfc351b63dbea2a1d18ac1858ecee19942f5105b92312d5dafe85966af84778e","root.record.ItemExhibitList.P3AModificationItemGroup.ModificationItemList.ModificationItem.Installation.ImplementationMethodList.ImplementationMethod"
"Air Force Active","","","","","2","52","52","","","","","","3.47","1.37","2.027","","2015-BASE_PROCUREMENT-2015-AIRFORCE_AIRCRAFT_VOL2-PROCUREMENT_JustificationBook_Air_Force_PB_2015.zzz_unzipped-PROCUREMENT_JustificationBook_Air_Force_PB_2015.xml","2c3a42ac96c574f3a05d311e38d1fd39e76b2eaa077eed338c2b56579168a566","0-1960c8d388c1a9f2f7f1b716f9369c8a9efc058be4f8aaf21619855bb1aa0e4e","0-13f6d26bf696eac1ec50900bfdf65bcb460be5448f88ffee9e14802c48223d63","root.record.ItemExhibitList.P3AModificationItemGroup.ModificationItemList.ModificationItem.Installation.ImplementationMethodList.ImplementationMethod"
"Air Force Active","","","","","","54","52","13","","","","","","0.000","0.000","0.000","2015-BASE_PROCUREMENT-2015-AIRFORCE_AIRCRAFT_VOL2-PROCUREMENT_JustificationBook_Air_Force_PB_2015.zzz_unzipped-PROCUREMENT_JustificationBook_Air_Force_PB_2015.xml","2c3a42ac96c574f3a05d311e38d1fd39e76b2eaa077eed338c2b56579168a566","0-bf4dac2d951ac77788e9e8c3a51c41c1016478d7e5dad2ef79a33667518338c1","0-bb2f6ced04a7d6c473e71ca25d2536dcc2354ef145630b06622770ab7050af2a","root.record.ItemExhibitList.P3AModificationItemGroup.ModificationItemList.ModificationItem.Installation.ImplementationMethodList.ImplementationMethod"
"Air Force Active","","2","2","2","2","3","4","4","","5.474","5.497","5.497","5.53","10.003","13.65","13.328","2015-BASE_PROCUREMENT-2015-AIRFORCE_AIRCRAFT_VOL2-PROCUREMENT_JustificationBook_Air_Force_PB_2015.zzz_unzipped-PROCUREMENT_JustificationBook_Air_Force_PB_2015.xml","2c3a42ac96c574f3a05d311e38d1fd39e76b2eaa077eed338c2b56579168a566","0-294d6558268581290df7b61edb1b27b6641b8acfcb286c642fb06161f4d7cd52","0-9bb0a43044595d525a0a659e7427b878defd4438ddb310db5bca331889ec6bb5","root.record.ItemExhibitList.P3AModificationItemGroup.ModificationItemList.ModificationItem.Installation.ImplementationMethodList.ImplementationMethod"
"Air Force Active","2","38","160","160","54","83","34","","0.000","0.000","1.588","1.588","0.801","1.092","0.718","","2015-BASE_PROCUREMENT-2015-AIRFORCE_AIRCRAFT_VOL2-PROCUREMENT_JustificationBook_Air_Force_PB_2015.zzz_unzipped-PROCUREMENT_JustificationBook_Air_Force_PB_2015.xml","2c3a42ac96c574f3a05d311e38d1fd39e76b2eaa077eed338c2b56579168a566","0-8ec1cbf3d413ac5744a33da3a00b8ccd967d19b6e64b93e6da359298d9fb5bad","0-c82589d27add76b0ffa465b994b7235a378c56d88e5434031f9ff8c17907a7c7","root.record.ItemExhibitList.P3AModificationItemGroup.ModificationItemList.ModificationItem.Installation.ImplementationMethodList.ImplementationMethod"
"Air Force Active","","","12","12","","","","","","","0.32","0.32","","","","","2015-BASE_PROCUREMENT-2015-AIRFORCE_AIRCRAFT_VOL2-PROCUREMENT_JustificationBook_Air_Force_PB_2015.zzz_unzipped-PROCUREMENT_JustificationBook_Air_Force_PB_2015.xml","c18079498214be7c8507bd7289056635ea6ba000e7bb766e68a998d56e53f49a","0-1a026dc97d1e301a48b4921e193f5962c23429d70fcb30f1566e0af29bc842ed","0-f2856d242ca360d75827bc2d9edec3637c9098fcf8e188891cb553c3e5548695","root.record.ItemExhibitList.P3AModificationItemGroup.ModificationItemList.ModificationItem.Installation.ImplementationMethodList.ImplementationMethod"
"Air Force Reserve","","","3","3","","","","","","","0.08","0.08","","","","","2015-BASE_PROCUREMENT-2015-AIRFORCE_AIRCRAFT_VOL2-PROCUREMENT_JustificationBook_Air_Force_PB_2015.zzz_unzipped-PROCUREMENT_JustificationBook_Air_Force_PB_2015.xml","c18079498214be7c8507bd7289056635ea6ba000e7bb766e68a998d56e53f49a","1-bd3ba5c5fad2c70f34821e72e5153a68d087019d8ea9538c12ecb76d8adebe22","0-f2856d242ca360d75827bc2d9edec3637c9098fcf8e188891cb553c3e5548695","root.record.ItemExhibitList.P3AModificationItemGroup.ModificationItemList.ModificationItem.Installation.ImplementationMethodList.ImplementationMethod"
"Air Force Active","1","2","9","9","","","","","0.000","4.75","14.796","14.796","","","","","2015-BASE_PROCUREMENT-2015-AIRFORCE_AIRCRAFT_VOL2-PROCUREMENT_JustificationBook_Air_Force_PB_2015.zzz_unzipped-PROCUREMENT_JustificationBook_Air_Force_PB_2015.xml","c18079498214be7c8507bd7289056635ea6ba000e7bb766e68a998d56e53f49a","0-d919ff810d29982be73b8daff197ad7eda54f2aff82ac8847738640d013a6797","0-62efaa6ce8f3440b9f16d91ce7c8a595decc9d9df03b368a5379111d4725193e","root.record.ItemExhibitList.P3AModificationItemGroup.ModificationItemList.ModificationItem.Installation.ImplementationMethodList.ImplementationMethod"
"Air Force Reserve","","","1","1","","","","","","","1.644","1.644","","","","","2015-BASE_PROCUREMENT-2015-AIRFORCE_AIRCRAFT_VOL2-PROCUREMENT_JustificationBook_Air_Force_PB_2015.zzz_unzipped-PROCUREMENT_JustificationBook_Air_Force_PB_2015.xml","c18079498214be7c8507bd7289056635ea6ba000e7bb766e68a998d56e53f49a","1-60639f56e43fb0a49acca479c3569f5fce10ef3d085035fd0cdbe291f44bfcff","0-62efaa6ce8f3440b9f16d91ce7c8a595decc9d9df03b368a5379111d4725193e","root.record.ItemExhibitList.P3AModificationItemGroup.ModificationItemList.ModificationItem.Installation.ImplementationMethodList.ImplementationMethod"
"Air Force Active","","","6","6","","","","","","","1.961","1.961","","","","","2015-BASE_PROCUREMENT-2015-AIRFORCE_AIRCRAFT_VOL2-PROCUREMENT_JustificationBook_Air_Force_PB_2015.zzz_unzipped-PROCUREMENT_JustificationBook_Air_Force_PB_2015.xml","c18079498214be7c8507bd7289056635ea6ba000e7bb766e68a998d56e53f49a","0-7b21253902148f663baa3ed56485580c1de5fee80e30060440e480d748781ef2","0-d7b153f8911654c51dd89ea46f26736b5f31c2f6b11bb9cd97dfc5a6d40945fe","root.record.ItemExhibitList.P3AModificationItemGroup.ModificationItemList.ModificationItem.Installation.ImplementationMethodList.ImplementationMethod"
"Air Force Active","","","12","12","","","","","","","2.351","2.351","","","","","2015-BASE_PROCUREMENT-2015-AIRFORCE_AIRCRAFT_VOL2-PROCUREMENT_JustificationBook_Air_Force_PB_2015.zzz_unzipped-PROCUREMENT_JustificationBook_Air_Force_PB_2015.xml","c18079498214be7c8507bd7289056635ea6ba000e7bb766e68a998d56e53f49a","0-7ff2929d91c9a5aade9d20fd8c9251a201a705706a4f8e9aa9c297cd1e1402ab","0-79b8cd038680defb4c57faf04c53591f011790b1a088937bddd85b4079317793","root.record.ItemExhibitList.P3AModificationItemGroup.ModificationItemList.ModificationItem.Installation.ImplementationMethodList.ImplementationMethod"
"Air Force Active","1","1","2","2","","","","","2.557","2.716","5.534","5.534","","","","","2015-BASE_PROCUREMENT-2015-AIRFORCE_AIRCRAFT_VOL2-PROCUREMENT_JustificationBook_Air_Force_PB_2015.zzz_unzipped-PROCUREMENT_JustificationBook_Air_Force_PB_2015.xml","c95b3cad136b9abd961b0302a1b9dcc36c9e32822973785202e66e43ffe473da","0-5b92d89cfacb9ad0a7cfeec30efd402fe4c19cd6e8c16487288a5601adad35ca","0-754e141c475367b2c73ba54fc65d22801dee2d006ac7137e1fd6ea1a3a269739","root.record.ItemExhibitList.P3AModificationItemGroup.ModificationItemList.ModificationItem.Installation.ImplementationMethodList.ImplementationMethod"
"Air Force Active","4","2","","","","","","","10.585","6.045","","","","","","","2015-BASE_PROCUREMENT-2015-AIRFORCE_AIRCRAFT_VOL2-PROCUREMENT_JustificationBook_Air_Force_PB_2015.zzz_unzipped-PROCUREMENT_JustificationBook_Air_Force_PB_2015.xml","c95b3cad136b9abd961b0302a1b9dcc36c9e32822973785202e66e43ffe473da","0-5235278e4bea911a40926c56867c949fcf0a5a414b6b79eed50ebc818ba04884","0-24847ede97d6c51f5b1dd97b5f8b3a7444ec330b985d84742d4c0b40b15dda56","root.record.ItemExhibitList.P3AModificationItemGroup.ModificationItemList.ModificationItem.Installation.ImplementationMethodList.ImplementationMethod"
"Air Force Active","1","1","1","1","","","","","2.6","2.6","2.6","2.6","","","","","2015-BASE_PROCUREMENT-2015-AIRFORCE_AIRCRAFT_VOL2-PROCUREMENT_JustificationBook_Air_Force_PB_2015.zzz_unzipped-PROCUREMENT_JustificationBook_Air_Force_PB_2015.xml","c95b3cad136b9abd961b0302a1b9dcc36c9e32822973785202e66e43ffe473da","0-b0180a6c153ef87a32306f61e82de20fb1bdf562f2e2dbee2d595eacc89e1b94","0-1b7ce8c69989475fce69c232ac34a8eb896686cb0f166a0984043af84335011a","root.record.ItemExhibitList.P3AModificationItemGroup.ModificationItemList.ModificationItem.Installation.ImplementationMethodList.ImplementationMethod"
"Air Force Active","","3","","","","","","","","0.334","","","","","","","2015-BASE_PROCUREMENT-2015-AIRFORCE_AIRCRAFT_VOL2-PROCUREMENT_JustificationBook_Air_Force_PB_2015.zzz_unzipped-PROCUREMENT_JustificationBook_Air_Force_PB_2015.xml","ad2cbcd52887cfdbd4c4e64af0f936c986b469e78be0a9fa924477b8ad18fb8f","0-f0f2b1ffe429111b9cb29984f21567c8a0b60a1ecf8221b94edff86e8f643b89","0-4299185f475f701d48268cb248b74941a99732f80edf54cc72b844e1a183eeee","root.record.ItemExhibitList.P3AModificationItemGroup.ModificationItemList.ModificationItem.Installation.ImplementationMethodList.ImplementationMethod"
"Air Force Active","0","0","0","0","","","","","4.992","0.913","0.913","0.913","","","","","2015-BASE_PROCUREMENT-2015-AIRFORCE_AIRCRAFT_VOL2-PROCUREMENT_JustificationBook_Air_Force_PB_2015.zzz_unzipped-PROCUREMENT_JustificationBook_Air_Force_PB_2015.xml","ad2cbcd52887cfdbd4c4e64af0f936c986b469e78be0a9fa924477b8ad18fb8f","0-fd8fb6aec7e6ba58a9ada49533e33e740a85d8257df9b02a9c02ab751544c581","0-75da6ed1531778cca934a3732d0959f1b56b50141bd0951a4e2053767c5cc9c0","root.record.ItemExhibitList.P3AModificationItemGroup.ModificationItemList.ModificationItem.Installation.ImplementationMethodList.ImplementationMethod"
"Air National Guard","0","","","","","","","","1.664","","","","","","","","2015-BASE_PROCUREMENT-2015-AIRFORCE_AIRCRAFT_VOL2-PROCUREMENT_JustificationBook_Air_Force_PB_2015.zzz_unzipped-PROCUREMENT_JustificationBook_Air_Force_PB_2015.xml","ad2cbcd52887cfdbd4c4e64af0f936c986b469e78be0a9fa924477b8ad18fb8f","1-2ce6a8c84f38051e375e89be835d6f094813cee03ce22bed8198127150bf03b7","0-75da6ed1531778cca934a3732d0959f1b56b50141bd0951a4e2053767c5cc9c0","root.record.ItemExhibitList.P3AModificationItemGroup.ModificationItemList.ModificationItem.Installation.ImplementationMethodList.ImplementationMethod"
"Air Force Reserve","0","","","","","","","","0.832","","","","","","","","2015-BASE_PROCUREMENT-2015-AIRFORCE_AIRCRAFT_VOL2-PROCUREMENT_JustificationBook_Air_Force_PB_2015.zzz_unzipped-PROCUREMENT_JustificationBook_Air_Force_PB_2015.xml","ad2cbcd52887cfdbd4c4e64af0f936c986b469e78be0a9fa924477b8ad18fb8f","2-ac42d21d6a715c05754ff44d899d5bacbf43e3471f2e61093f84a841b3413b21","0-75da6ed1531778cca934a3732d0959f1b56b50141bd0951a4e2053767c5cc9c0","root.record.ItemExhibitList.P3AModificationItemGroup.ModificationItemList.ModificationItem.Installation.ImplementationMethodList.ImplementationMethod"
"Air Force Active","0","","","","","","","","0.385","","","","","","","","2015-BASE_PROCUREMENT-2015-AIRFORCE_AIRCRAFT_VOL2-PROCUREMENT_JustificationBook_Air_Force_PB_2015.zzz_unzipped-PROCUREMENT_JustificationBook_Air_Force_PB_2015.xml","ad2cbcd52887cfdbd4c4e64af0f936c986b469e78be0a9fa924477b8ad18fb8f","0-e5392b9b431e7e1c2b24afe6c2be98188ac44ad23bb0880bada4db4e3cf91ee1","0-b79bf2b054a44ebd37e9adc53b3f53fc78124c6f2666d7d87229a94e241e2a82","root.record.ItemExhibitList.P3AModificationItemGroup.ModificationItemList.ModificationItem.Installation.ImplementationMethodList.ImplementationMethod"
"Air Force Active","","","0","0","2","3","0","0","","","4.975","4.975","12.483","0.000","0.000","0.000","2015-BASE_PROCUREMENT-2015-AIRFORCE_AIRCRAFT_VOL2-PROCUREMENT_JustificationBook_Air_Force_PB_2015.zzz_unzipped-PROCUREMENT_JustificationBook_Air_Force_PB_2015.xml","f95a686895e7fa3d37923c2b920ccf43d5ee240504c1f66a1de53572ac91a145","0-09509f5a6d7ffee67ae58954e1d5adb3082ca74518b1d8f1ca9e138c381374b3","0-a1d5f68033a132af804481335cce82aea47f6d1f81a340e70da8bcec8303b060","root.record.ItemExhibitList.P3AModificationItemGroup.ModificationItemList.ModificationItem.Installation.ImplementationMethodList.ImplementationMethod"
"Air Force Active","","15","8","8","","","","","","7.25","4.179","4.179","","","","","2015-BASE_PROCUREMENT-2015-AIRFORCE_AIRCRAFT_VOL2-PROCUREMENT_JustificationBook_Air_Force_PB_2015.zzz_unzipped-PROCUREMENT_JustificationBook_Air_Force_PB_2015.xml","4f10c9d75af1ff7f39d3312af79b465fcb001e31cfa449ec049bea6f08f73af1","0-0b5dcd91251b5adcc3b0cefc7f45eead60978dbdcda61a8921fc749fb96a19f2","0-9c397efb06098246a21cd1aa8fceeb721fb5548f531f9aef3fa07462542743af","root.record.ItemExhibitList.P3AModificationItemGroup.ModificationItemList.ModificationItem.Installation.ImplementationMethodList.ImplementationMethod"
"Air National Guard","","","8","8","","","","","","","4.179","4.179","","","","","2015-BASE_PROCUREMENT-2015-AIRFORCE_AIRCRAFT_VOL2-PROCUREMENT_JustificationBook_Air_Force_PB_2015.zzz_unzipped-PROCUREMENT_JustificationBook_Air_Force_PB_2015.xml","4f10c9d75af1ff7f39d3312af79b465fcb001e31cfa449ec049bea6f08f73af1","1-9c6e3fb29dd7f2d7b00c0f9018875729a9d070d579c7399b2827d35f92ace290","0-9c397efb06098246a21cd1aa8fceeb721fb5548f531f9aef3fa07462542743af","root.record.ItemExhibitList.P3AModificationItemGroup.ModificationItemList.ModificationItem.Installation.ImplementationMethodList.ImplementationMethod"
"Air Force Reserve","","","3","3","","","","","","","1.568","1.568","","","","","2015-BASE_PROCUREMENT-2015-AIRFORCE_AIRCRAFT_VOL2-PROCUREMENT_JustificationBook_Air_Force_PB_2015.zzz_unzipped-PROCUREMENT_JustificationBook_Air_Force_PB_2015.xml","4f10c9d75af1ff7f39d3312af79b465fcb001e31cfa449ec049bea6f08f73af1","2-c762e16bcb096b299af79c8533a9284ca062d1d88738d520f8b7dbde18932016","0-9c397efb06098246a21cd1aa8fceeb721fb5548f531f9aef3fa07462542743af","root.record.ItemExhibitList.P3AModificationItemGroup.ModificationItemList.ModificationItem.Installation.ImplementationMethodList.ImplementationMethod"
"Air Force Active","","","7","7","","","","","","","43.127","43.127","","","","","2015-BASE_PROCUREMENT-2015-AIRFORCE_AIRCRAFT_VOL2-PROCUREMENT_JustificationBook_Air_Force_PB_2015.zzz_unzipped-PROCUREMENT_JustificationBook_Air_Force_PB_2015.xml","bbc8063372e02d2bc548b494988437c9d99675713059aabc6acf7bc346906c17","0-4ed91de11af3deea1eb150e0d96622b397c8b0add64aec8d281e3806da62aee8","0-6cf888a77b03738c6efd973eb324ed453334cf8eb3475aebc8d2a6a2bf95102c","root.record.ItemExhibitList.P3AModificationItemGroup.ModificationItemList.ModificationItem.Installation.ImplementationMethodList.ImplementationMethod"
"Air Force Active","4","8","15","15","","","","","1.833","5.603","10.695","10.695","","","","","2015-BASE_PROCUREMENT-2015-AIRFORCE_AIRCRAFT_VOL2-PROCUREMENT_JustificationBook_Air_Force_PB_2015.zzz_unzipped-PROCUREMENT_JustificationBook_Air_Force_PB_2015.xml","37a9176d6819849bcd695141407bcbea7c3c0b02a6c4bbb6d05d22c664d601c4","0-ac5c7b0bd1b35ea3260396cd0c9c1a3325e5955a1ab3868035e392c92f10081f","0-2eadcfd1af4c0bb70bcedb5a6b7ce1f944ea2eab553fb3dd76774a0f67e87963","root.record.ItemExhibitList.P3AModificationItemGroup.ModificationItemList.ModificationItem.Installation.ImplementationMethodList.ImplementationMethod"
"Air Force Active","16","10","8","8","","","","","2.044","4.347","0.000","0.000","","","","","2015-BASE_PROCUREMENT-2015-AIRFORCE_AIRCRAFT_VOL2-PROCUREMENT_JustificationBook_Air_Force_PB_2015.zzz_unzipped-PROCUREMENT_JustificationBook_Air_Force_PB_2015.xml","37a9176d6819849bcd695141407bcbea7c3c0b02a6c4bbb6d05d22c664d601c4","0-46ba5ad66ef8d503c139cf5f9f5b1e07e610550789beba342f24775aaecf2fcc","0-323a260c135958771157144044800f8714798c2ac13b03476d88e24be6ffb155","root.record.ItemExhibitList.P3AModificationItemGroup.ModificationItemList.ModificationItem.Installation.ImplementationMethodList.ImplementationMethod"
"Air National Guard","8","7","13","13","","","","","0.000","0.000","0.000","0.000","","","","","2015-BASE_PROCUREMENT-2015-AIRFORCE_AIRCRAFT_VOL2-PROCUREMENT_JustificationBook_Air_Force_PB_2015.zzz_unzipped-PROCUREMENT_JustificationBook_Air_Force_PB_2015.xml","37a9176d6819849bcd695141407bcbea7c3c0b02a6c4bbb6d05d22c664d601c4","1-224618988b225487cd1a9e61bcfd24d4a6bb4b2ad838500577e29366b4f7c367","0-323a260c135958771157144044800f8714798c2ac13b03476d88e24be6ffb155","root.record.ItemExhibitList.P3AModificationItemGroup.ModificationItemList.ModificationItem.Installation.ImplementationMethodList.ImplementationMethod"
"Air Force Active","6","","45","45","","","","","0.000","","3.072","3.072","","","","","2015-BASE_PROCUREMENT-2015-AIRFORCE_AIRCRAFT_VOL2-PROCUREMENT_JustificationBook_Air_Force_PB_2015.zzz_unzipped-PROCUREMENT_JustificationBook_Air_Force_PB_2015.xml","37a9176d6819849bcd695141407bcbea7c3c0b02a6c4bbb6d05d22c664d601c4","0-44ec5d1d398143e525a8a4a94007f0adafe3b782c47fe2150bcfd51cf67b00f2","0-71a864868a49462f157ae920882d856bd4fe30b525f8b2b9be605a127959b8ae","root.record.ItemExhibitList.P3AModificationItemGroup.ModificationItemList.ModificationItem.Installation.ImplementationMethodList.ImplementationMethod"
"Air Force Active","","75","44","44","","","","","","2.817","2.279","2.279","","","","","2015-BASE_PROCUREMENT-2015-AIRFORCE_AIRCRAFT_VOL2-PROCUREMENT_JustificationBook_Air_Force_PB_2015.zzz_unzipped-PROCUREMENT_JustificationBook_Air_Force_PB_2015.xml","37a9176d6819849bcd695141407bcbea7c3c0b02a6c4bbb6d05d22c664d601c4","0-20329701c5d4b405a54f8748c8c0ac8c395bb33949e089d82dfc6c9b186b982f","0-cc5938c58a9d877b9bb9767f116cb695ac4b009c855b9f210703900e6c1e2e1d","root.record.ItemExhibitList.P3AModificationItemGroup.ModificationItemList.ModificationItem.Installation.ImplementationMethodList.ImplementationMethod"
"Air National Guard","","25","","","","","","","","0.615","","","","","","","2015-BASE_PROCUREMENT-2015-AIRFORCE_AIRCRAFT_VOL2-PROCUREMENT_JustificationBook_Air_Force_PB_2015.zzz_unzipped-PROCUREMENT_JustificationBook_Air_Force_PB_2015.xml","37a9176d6819849bcd695141407bcbea7c3c0b02a6c4bbb6d05d22c664d601c4","1-710935dcb7713ea180977700e5313f1779d974cef93d87ee517cf43c6136f757","0-cc5938c58a9d877b9bb9767f116cb695ac4b009c855b9f210703900e6c1e2e1d","root.record.ItemExhibitList.P3AModificationItemGroup.ModificationItemList.ModificationItem.Installation.ImplementationMethodList.ImplementationMethod"
"Air Force Active","23","27","30","30","13","","","","7.511","12.333","12.4","12.4","5.06","","","","2015-BASE_PROCUREMENT-2015-AIRFORCE_AIRCRAFT_VOL2-PROCUREMENT_JustificationBook_Air_Force_PB_2015.zzz_unzipped-PROCUREMENT_JustificationBook_Air_Force_PB_2015.xml","a8005ce497b4d26a96a0a73b3a202cd9ad0d2cb8833efae151bef5451667fd9e","0-a7173232e1206c150146b0f4773964d1770beac7bcd9574fbc3bd0cd8d22e158","0-16e8642ec49813632ce63a15c3d484e69ab13a63ea9110f608be6b0097f4701b","root.record.ItemExhibitList.P3AModificationItemGroup.ModificationItemList.ModificationItem.Installation.ImplementationMethodList.ImplementationMethod"
"Air National Guard","","","","","11","9","","","","","","","4.281","4.179","","","2015-BASE_PROCUREMENT-2015-AIRFORCE_AIRCRAFT_VOL2-PROCUREMENT_JustificationBook_Air_Force_PB_2015.zzz_unzipped-PROCUREMENT_JustificationBook_Air_Force_PB_2015.xml","a8005ce497b4d26a96a0a73b3a202cd9ad0d2cb8833efae151bef5451667fd9e","1-5b39ea3c30f4bafc878c7f98b2ba6b70405fa218ca6efbc12e1f4f882ebfb428","0-16e8642ec49813632ce63a15c3d484e69ab13a63ea9110f608be6b0097f4701b","root.record.ItemExhibitList.P3AModificationItemGroup.ModificationItemList.ModificationItem.Installation.ImplementationMethodList.ImplementationMethod"
"Air Force Active","","","248","248","190","221","189","189","","","16.145","16.145","7.778","7.778","7.778","6.824","2015-BASE_PROCUREMENT-2015-AIRFORCE_AIRCRAFT_VOL2-PROCUREMENT_JustificationBook_Air_Force_PB_2015.zzz_unzipped-PROCUREMENT_JustificationBook_Air_Force_PB_2015.xml","a8005ce497b4d26a96a0a73b3a202cd9ad0d2cb8833efae151bef5451667fd9e","0-22bd9db4b53867f36ec6bcf147ed0eea8436d6c8dfae6cbb3566eecdd2e715d2","0-816c168800f2fdd0f3d86a4d5bf8d6de089958590ac1c4c7c3b24cd5b87d1d45","root.record.ItemExhibitList.P3AModificationItemGroup.ModificationItemList.ModificationItem.Installation.ImplementationMethodList.ImplementationMethod"
"Air Force Active","442","1733","993","993","758","883","757","757","59.508","44.927","34.608","34.608","35.705","29.53","29.85","26.105","2015-BASE_PROCUREMENT-2015-AIRFORCE_AIRCRAFT_VOL2-PROCUREMENT_JustificationBook_Air_Force_PB_2015.zzz_unzipped-PROCUREMENT_JustificationBook_Air_Force_PB_2015.xml","a8005ce497b4d26a96a0a73b3a202cd9ad0d2cb8833efae151bef5451667fd9e","0-6a4a1ee6a6e9f2657dc2227b3938bf18c06d339278678d102d9ee7228ecc9240","1-36c37572f6bc3a8825fbd52bd060f4c1c3da0ee774ba3077b1cd1c1a7d6cb584","root.record.ItemExhibitList.P3AModificationItemGroup.ModificationItemList.ModificationItem.Installation.ImplementationMethodList.ImplementationMethod"
"Air National Guard","59","324","197","197","86","34","14","14","2.6","10.335","5.028","5.028","6.863","6.863","6.863","6.047","2015-BASE_PROCUREMENT-2015-AIRFORCE_AIRCRAFT_VOL2-PROCUREMENT_JustificationBook_Air_Force_PB_2015.zzz_unzipped-PROCUREMENT_JustificationBook_Air_Force_PB_2015.xml","a8005ce497b4d26a96a0a73b3a202cd9ad0d2cb8833efae151bef5451667fd9e","1-1cbdf8dedbc790f5a8c5ac13f2e37131e390e4ce1d2ccd55a7ad5faba150f63a","1-36c37572f6bc3a8825fbd52bd060f4c1c3da0ee774ba3077b1cd1c1a7d6cb584","root.record.ItemExhibitList.P3AModificationItemGroup.ModificationItemList.ModificationItem.Installation.ImplementationMethodList.ImplementationMethod"
"Air Force Active","","","234","234","275","213","172","196","","","0.571","0.571","0.318","0.335","0.337","0.027","2015-BASE_PROCUREMENT-2015-AIRFORCE_AIRCRAFT_VOL2-PROCUREMENT_JustificationBook_Air_Force_PB_2015.zzz_unzipped-PROCUREMENT_JustificationBook_Air_Force_PB_2015.xml","a8005ce497b4d26a96a0a73b3a202cd9ad0d2cb8833efae151bef5451667fd9e","0-f989caf1018d788ce4eb56ddc3dfe0e2a9d53a81e4f13b582ff32fb24cbe72b9","0-74e0246fc750c6eee6724eaf4f3caac8d2aae342acc89f297c8ad49b4d7175b9","root.record.ItemExhibitList.P3AModificationItemGroup.ModificationItemList.ModificationItem.Installation.ImplementationMethodList.ImplementationMethod"
"Air Force Active","352","100","938","938","1100","851","737","782","1.142","4.667","2.282","2.282","1.27","7.462","6.347","5.109","2015-BASE_PROCUREMENT-2015-AIRFORCE_AIRCRAFT_VOL2-PROCUREMENT_JustificationBook_Air_Force_PB_2015.zzz_unzipped-PROCUREMENT_JustificationBook_Air_Force_PB_2015.xml","a8005ce497b4d26a96a0a73b3a202cd9ad0d2cb8833efae151bef5451667fd9e","0-dc0e8e49caec716046f49a59fd097ee3f680351d34c0670f83cec27b9e0a6ab3","1-edd9cca754443821e399b06d86d96c3537d6a0ca1f422dd73568ba96948720eb","root.record.ItemExhibitList.P3AModificationItemGroup.ModificationItemList.ModificationItem.Installation.ImplementationMethodList.ImplementationMethod"
"Air National Guard","38","96","104","104","149","116","99","106","0.124","0.069","0.31","0.31","0.173","0.866","0.183","0.015","2015-BASE_PROCUREMENT-2015-AIRFORCE_AIRCRAFT_VOL2-PROCUREMENT_JustificationBook_Air_Force_PB_2015.zzz_unzipped-PROCUREMENT_JustificationBook_Air_Force_PB_2015.xml","a8005ce497b4d26a96a0a73b3a202cd9ad0d2cb8833efae151bef5451667fd9e","1-a29c9c20105fede11e49706f568ce76977ad6ee0268323f7a7044934a13c6c24","1-edd9cca754443821e399b06d86d96c3537d6a0ca1f422dd73568ba96948720eb","root.record.ItemExhibitList.P3AModificationItemGroup.ModificationItemList.ModificationItem.Installation.ImplementationMethodList.ImplementationMethod"
"Air Force Active","15","15","25","25","21","21","8","","48.614","16.341","30.032","30.032","27.369","33.469","8.4","","2015-BASE_PROCUREMENT-2015-AIRFORCE_AIRCRAFT_VOL2-PROCUREMENT_JustificationBook_Air_Force_PB_2015.zzz_unzipped-PROCUREMENT_JustificationBook_Air_Force_PB_2015.xml","a8005ce497b4d26a96a0a73b3a202cd9ad0d2cb8833efae151bef5451667fd9e","0-c8eea6c2292c9a6f3154b63b5e48f600745b22755450340b77e280f17c5f9ebd","0-948a3971041d7a4b8dbd3b76c0da209aa786bc60d9d3d57e4ad1c7fb3660b0e1","root.record.ItemExhibitList.P3AModificationItemGroup.ModificationItemList.ModificationItem.Installation.ImplementationMethodList.ImplementationMethod"
"Air National Guard","2","3","","","","","7","13","1.68","5.727","","","","","9.602","6.339","2015-BASE_PROCUREMENT-2015-AIRFORCE_AIRCRAFT_VOL2-PROCUREMENT_JustificationBook_Air_Force_PB_2015.zzz_unzipped-PROCUREMENT_JustificationBook_Air_Force_PB_2015.xml","a8005ce497b4d26a96a0a73b3a202cd9ad0d2cb8833efae151bef5451667fd9e","1-899855373f5ff3f6bb44d9d568faa1cce3df99c85ede7121f3f9919ccad44cc2","0-948a3971041d7a4b8dbd3b76c0da209aa786bc60d9d3d57e4ad1c7fb3660b0e1","root.record.ItemExhibitList.P3AModificationItemGroup.ModificationItemList.ModificationItem.Installation.ImplementationMethodList.ImplementationMethod"
"Air Force Active","","22","8","8","10","10","10","10","","9.19","6.925","6.925","0.35","0.65","0.677","0.285","2015-BASE_PROCUREMENT-2015-AIRFORCE_AIRCRAFT_VOL2-PROCUREMENT_JustificationBook_Air_Force_PB_2015.zzz_unzipped-PROCUREMENT_JustificationBook_Air_Force_PB_2015.xml","a8005ce497b4d26a96a0a73b3a202cd9ad0d2cb8833efae151bef5451667fd9e","0-4134ca26abedd4fa17d9c6606271e4cba0f0afcfc23d762ff88072168c5ae5f7","0-66801fe411f22d9665e3e7bd84df272d1e20afcf9849aa324bb688dcb3c2862b","root.record.ItemExhibitList.P3AModificationItemGroup.ModificationItemList.ModificationItem.Installation.ImplementationMethodList.ImplementationMethod"
"Air Force Active","","","","","","","35","36","","","","","","","9.5","12.285","2015-BASE_PROCUREMENT-2015-AIRFORCE_AIRCRAFT_VOL2-PROCUREMENT_JustificationBook_Air_Force_PB_2015.zzz_unzipped-PROCUREMENT_JustificationBook_Air_Force_PB_2015.xml","0e0c5259a601c4aa4ff961a0ac121c4db369bfa13d87e153e3615741b3479e79","0-9a57402b4b500c5140010553951237d9170816cac53478a7896be4f06dd60a94","0-818a7987a8a8c3ab8022d84a04f265926b098f2e4d0f69a09456061da43ab52d","root.record.ItemExhibitList.P3AModificationItemGroup.ModificationItemList.ModificationItem.Installation.ImplementationMethodList.ImplementationMethod"
"Air Force Active","1","4","8","8","","","","","1.132","4.728","6.718","6.718","","","","","2015-BASE_PROCUREMENT-2015-AIRFORCE_AIRCRAFT_VOL2-PROCUREMENT_MasterJustificationBook_Air_Force_PB_2015.zzz_unzipped-PROCUREMENT_MasterJustificationBook_Air_Force_PB_2015.xml","ca9f1e9f848e67edf7e34b76ad9b05e59dfcbeb190b54cb2ec2a178aeaaa3bfa","0-69d6604e9ede11e8476a5ff09fa9a13e34be287625000e0154670e3f80508194","0-b20af3f7fce801ee236ede6b44ff3e066b6b8bdd73d2237a0b074e968acfa312","root.record.ItemExhibitList.P3AModificationItemGroup.ModificationItemList.ModificationItem.Installation.ImplementationMethodList.ImplementationMethod"
"Air Force Active","","2","2","2","","","","","","0.675","0.66","0.66","","","","","2015-BASE_PROCUREMENT-2015-AIRFORCE_AIRCRAFT_VOL2-PROCUREMENT_MasterJustificationBook_Air_Force_PB_2015.zzz_unzipped-PROCUREMENT_MasterJustificationBook_Air_Force_PB_2015.xml","ca9f1e9f848e67edf7e34b76ad9b05e59dfcbeb190b54cb2ec2a178aeaaa3bfa","0-46f2801ed2e227260433a40edb61bd0e01767cdbf5bbf70b5ba3ae3d781391ca","1-e0a15bd0e800520f6315a1bf513222fba2ce3d2093ad9e9d27c062e08729e861","root.record.ItemExhibitList.P3AModificationItemGroup.ModificationItemList.ModificationItem.Installation.ImplementationMethodList.ImplementationMethod"
"Air Force Active","","","7","7","","","","","","","4.401","4.401","","","","","2015-BASE_PROCUREMENT-2015-AIRFORCE_AIRCRAFT_VOL2-PROCUREMENT_MasterJustificationBook_Air_Force_PB_2015.zzz_unzipped-PROCUREMENT_MasterJustificationBook_Air_Force_PB_2015.xml","25442f0fc741be383c8f1f024b4ed975774a4a3437a381bef47bf09fa44b0a02","0-86e3393bb471c86e32640db7d8fb24c976e151ea33a52c1550a06e394f94f758","0-486e32354fec345a536817b631d25714f8b52f8aed2cef73b2728ef84c42b23d","root.record.ItemExhibitList.P3AModificationItemGroup.ModificationItemList.ModificationItem.Installation.ImplementationMethodList.ImplementationMethod"
"Air Force Active","11","6","","","","","","","222.512","149.612","","","","","","","2015-BASE_PROCUREMENT-2015-AIRFORCE_AIRCRAFT_VOL2-PROCUREMENT_MasterJustificationBook_Air_Force_PB_2015.zzz_unzipped-PROCUREMENT_MasterJustificationBook_Air_Force_PB_2015.xml","aa1014d1730217cf58bd0eb1cf9155036af0caca57bd2ece54304d573c8411a2","0-e776b92b908e40a088f13f53654204f8e2ad650be8bd2a9a1b509b0c51fb98a3","0-ff6809c6dc55a4087cfee6041f80b6a61e9d1ea5df8ed3616a4584899cf244f7","root.record.ItemExhibitList.P3AModificationItemGroup.ModificationItemList.ModificationItem.Installation.ImplementationMethodList.ImplementationMethod"
"Air Force Reserve","","5","11","11","","","","","","124.676","254.23","254.23","","","","","2015-BASE_PROCUREMENT-2015-AIRFORCE_AIRCRAFT_VOL2-PROCUREMENT_MasterJustificationBook_Air_Force_PB_2015.zzz_unzipped-PROCUREMENT_MasterJustificationBook_Air_Force_PB_2015.xml","aa1014d1730217cf58bd0eb1cf9155036af0caca57bd2ece54304d573c8411a2","1-c969bc464635931ae44565dd920cb0528cfd138c4fcfdebbd378a10dae2c9235","0-ff6809c6dc55a4087cfee6041f80b6a61e9d1ea5df8ed3616a4584899cf244f7","root.record.ItemExhibitList.P3AModificationItemGroup.ModificationItemList.ModificationItem.Installation.ImplementationMethodList.ImplementationMethod"
"Air Force Active","10","28","22","22","28","1","","","1.496","3.007","4.975","4.975","5.787","0.213","","","2015-BASE_PROCUREMENT-2015-AIRFORCE_AIRCRAFT_VOL2-PROCUREMENT_MasterJustificationBook_Air_Force_PB_2015.zzz_unzipped-PROCUREMENT_MasterJustificationBook_Air_Force_PB_2015.xml","e0b4c68aca5bcb28bf2a8d6314af11bf878587e1d5636a46ade0d81891a819a1","0-14ba955cc8a4268f3e7dd700b4b14540381ee62b9e009e121c2acf8d8acb024e","0-2af44daf31ad17b16c95e8c9e15c7afc182d9aad030891cb2973457b4cce1e4b","root.record.ItemExhibitList.P3AModificationItemGroup.ModificationItemList.ModificationItem.Installation.ImplementationMethodList.ImplementationMethod"
"Air National Guard","5","1","3","3","","13","","","0.748","0.107","0.678","0.678","","2.767","","","2015-BASE_PROCUREMENT-2015-AIRFORCE_AIRCRAFT_VOL2-PROCUREMENT_MasterJustificationBook_Air_Force_PB_2015.zzz_unzipped-PROCUREMENT_MasterJustificationBook_Air_Force_PB_2015.xml","e0b4c68aca5bcb28bf2a8d6314af11bf878587e1d5636a46ade0d81891a819a1","1-752d27e754f9b5cf5ee1550c80a54b9a0e10545223dd6f3a6a9bc3f76235a0cb","0-2af44daf31ad17b16c95e8c9e15c7afc182d9aad030891cb2973457b4cce1e4b","root.record.ItemExhibitList.P3AModificationItemGroup.ModificationItemList.ModificationItem.Installation.ImplementationMethodList.ImplementationMethod"
"Air Force Reserve","","1","4","4","1","3","","","","0.108","0.906","0.906","0.207","0.638","","","2015-BASE_PROCUREMENT-2015-AIRFORCE_AIRCRAFT_VOL2-PROCUREMENT_MasterJustificationBook_Air_Force_PB_2015.zzz_unzipped-PROCUREMENT_MasterJustificationBook_Air_Force_PB_2015.xml","e0b4c68aca5bcb28bf2a8d6314af11bf878587e1d5636a46ade0d81891a819a1","2-59cf978e3ac309bffb62a23e41a790653c786ee8a046f482d59be72d96136c96","0-2af44daf31ad17b16c95e8c9e15c7afc182d9aad030891cb2973457b4cce1e4b","root.record.ItemExhibitList.P3AModificationItemGroup.ModificationItemList.ModificationItem.Installation.ImplementationMethodList.ImplementationMethod"
"Air Force Active","144","79","30","30","","","","","90.713","8.449","9.615","9.615","","","","","2015-BASE_PROCUREMENT-2015-AIRFORCE_AIRCRAFT_VOL2-PROCUREMENT_MasterJustificationBook_Air_Force_PB_2015.zzz_unzipped-PROCUREMENT_MasterJustificationBook_Air_Force_PB_2015.xml","e0b4c68aca5bcb28bf2a8d6314af11bf878587e1d5636a46ade0d81891a819a1","0-da5a58094d31cedf1981760d7dd476f13b0175ecb3d3df4ca74a08d88f33eeb0","0-79c50709cc7ae51f5ccdeb6b30525a3acd4748cd203a8f231f529fc485387875","root.record.ItemExhibitList.P3AModificationItemGroup.ModificationItemList.ModificationItem.Installation.ImplementationMethodList.ImplementationMethod"
"Air National Guard","14","55","51","51","","","","","9.833","10.044","16.898","16.898","","","","","2015-BASE_PROCUREMENT-2015-AIRFORCE_AIRCRAFT_VOL2-PROCUREMENT_MasterJustificationBook_Air_Force_PB_2015.zzz_unzipped-PROCUREMENT_MasterJustificationBook_Air_Force_PB_2015.xml","e0b4c68aca5bcb28bf2a8d6314af11bf878587e1d5636a46ade0d81891a819a1","1-219b0641287e79dd08cd3069d3dec7903786898bf61155013fc89d805d0a3d4a","0-79c50709cc7ae51f5ccdeb6b30525a3acd4748cd203a8f231f529fc485387875","root.record.ItemExhibitList.P3AModificationItemGroup.ModificationItemList.ModificationItem.Installation.ImplementationMethodList.ImplementationMethod"
"Air Force Reserve","12","21","58","58","","","","","8.429","3.653","18.589","18.589","","","","","2015-BASE_PROCUREMENT-2015-AIRFORCE_AIRCRAFT_VOL2-PROCUREMENT_MasterJustificationBook_Air_Force_PB_2015.zzz_unzipped-PROCUREMENT_MasterJustificationBook_Air_Force_PB_2015.xml","e0b4c68aca5bcb28bf2a8d6314af11bf878587e1d5636a46ade0d81891a819a1","2-925695d1506620b0425b66ca53e1876b835492172219d299889f8463b0273181","0-79c50709cc7ae51f5ccdeb6b30525a3acd4748cd203a8f231f529fc485387875","root.record.ItemExhibitList.P3AModificationItemGroup.ModificationItemList.ModificationItem.Installation.ImplementationMethodList.ImplementationMethod"
"Air Force Active","2","38","33","33","33","33","33","6","1.771","1.447","2.95","2.95","3.04","5.25","5.91","1.105","2015-BASE_PROCUREMENT-2015-AIRFORCE_AIRCRAFT_VOL2-PROCUREMENT_MasterJustificationBook_Air_Force_PB_2015.zzz_unzipped-PROCUREMENT_MasterJustificationBook_Air_Force_PB_2015.xml","e0b4c68aca5bcb28bf2a8d6314af11bf878587e1d5636a46ade0d81891a819a1","0-8927403aa2c363f3ca52e58f9a1ace2e805f0f264a67e8624a60536f604bb95d","0-45f341e58b3e6aeddcd9c0492f136b0013b0884e382554166b40c749f629d2fe","root.record.ItemExhibitList.P3AModificationItemGroup.ModificationItemList.ModificationItem.Installation.ImplementationMethodList.ImplementationMethod"
"Air National Guard","","","","","","","","26","","","","","","","","4.79","2015-BASE_PROCUREMENT-2015-AIRFORCE_AIRCRAFT_VOL2-PROCUREMENT_MasterJustificationBook_Air_Force_PB_2015.zzz_unzipped-PROCUREMENT_MasterJustificationBook_Air_Force_PB_2015.xml","e0b4c68aca5bcb28bf2a8d6314af11bf878587e1d5636a46ade0d81891a819a1","1-461418d9c73d6b5e3adc937fef30a357c83b2710d1a32c4f07903844e92d92b5","0-45f341e58b3e6aeddcd9c0492f136b0013b0884e382554166b40c749f629d2fe","root.record.ItemExhibitList.P3AModificationItemGroup.ModificationItemList.ModificationItem.Installation.ImplementationMethodList.ImplementationMethod"
"Air Force Reserve","","","","","","","","1","","","","","","","","0.184","2015-BASE_PROCUREMENT-2015-AIRFORCE_AIRCRAFT_VOL2-PROCUREMENT_MasterJustificationBook_Air_Force_PB_2015.zzz_unzipped-PROCUREMENT_MasterJustificationBook_Air_Force_PB_2015.xml","e0b4c68aca5bcb28bf2a8d6314af11bf878587e1d5636a46ade0d81891a819a1","2-2b99c6035126ccd315adcebe24eefedcaac06edd749b9b905683018cffc2f30e","0-45f341e58b3e6aeddcd9c0492f136b0013b0884e382554166b40c749f629d2fe","root.record.ItemExhibitList.P3AModificationItemGroup.ModificationItemList.ModificationItem.Installation.ImplementationMethodList.ImplementationMethod"
"Air Force Active","","","","","2","52","52","","","","","","3.47","1.37","2.027","","2015-BASE_PROCUREMENT-2015-AIRFORCE_AIRCRAFT_VOL2-PROCUREMENT_MasterJustificationBook_Air_Force_PB_2015.zzz_unzipped-PROCUREMENT_MasterJustificationBook_Air_Force_PB_2015.xml","e0b4c68aca5bcb28bf2a8d6314af11bf878587e1d5636a46ade0d81891a819a1","0-1cd691fe885dc305199dffe7817bcb2f3822cfe0ade50e9a596f761b37142ead","0-ada87a1fd1d4f8aa94f9fc1df1968342e9f26bb817d2e780ffa06d01923128c3","root.record.ItemExhibitList.P3AModificationItemGroup.ModificationItemList.ModificationItem.Installation.ImplementationMethodList.ImplementationMethod"
"Air Force Active","","","","","","54","52","13","","","","","","0.000","0.000","0.000","2015-BASE_PROCUREMENT-2015-AIRFORCE_AIRCRAFT_VOL2-PROCUREMENT_MasterJustificationBook_Air_Force_PB_2015.zzz_unzipped-PROCUREMENT_MasterJustificationBook_Air_Force_PB_2015.xml","e0b4c68aca5bcb28bf2a8d6314af11bf878587e1d5636a46ade0d81891a819a1","0-dfb4c333111c27767ab7e644a8ff69c5334ef540161a918226c1f2bb26ab8f22","0-0b7947da3f956ba3b588b05d672744aa78a61ea17add501eb31c2e0822c13d32","root.record.ItemExhibitList.P3AModificationItemGroup.ModificationItemList.ModificationItem.Installation.ImplementationMethodList.ImplementationMethod"
"Air Force Active","","2","2","2","2","3","4","4","","5.474","5.497","5.497","5.53","10.003","13.65","13.328","2015-BASE_PROCUREMENT-2015-AIRFORCE_AIRCRAFT_VOL2-PROCUREMENT_MasterJustificationBook_Air_Force_PB_2015.zzz_unzipped-PROCUREMENT_MasterJustificationBook_Air_Force_PB_2015.xml","e0b4c68aca5bcb28bf2a8d6314af11bf878587e1d5636a46ade0d81891a819a1","0-f3f40b8ccbb76d4d44e45783a997194dc53345a2b01b0054ed4567464f36aaf1","0-85204a49cf0407fc7139bc2ddc0024a9797d4fc8500992beca057daf749ce56f","root.record.ItemExhibitList.P3AModificationItemGroup.ModificationItemList.ModificationItem.Installation.ImplementationMethodList.ImplementationMethod"
"Air Force Active","2","38","160","160","54","83","34","","0.000","0.000","1.588","1.588","0.801","1.092","0.718","","2015-BASE_PROCUREMENT-2015-AIRFORCE_AIRCRAFT_VOL2-PROCUREMENT_MasterJustificationBook_Air_Force_PB_2015.zzz_unzipped-PROCUREMENT_MasterJustificationBook_Air_Force_PB_2015.xml","e0b4c68aca5bcb28bf2a8d6314af11bf878587e1d5636a46ade0d81891a819a1","0-0b54ebae962db8849f6a33a9563da0a509d2ffd2c0bd0296f4fe45af37fcf717","0-e1d557c1752043762c253acfa6aaf50536893f79fd3f90b97601aefe27a6f026","root.record.ItemExhibitList.P3AModificationItemGroup.ModificationItemList.ModificationItem.Installation.ImplementationMethodList.ImplementationMethod"
"Air Force Active","","","12","12","","","","","","","0.32","0.32","","","","","2015-BASE_PROCUREMENT-2015-AIRFORCE_AIRCRAFT_VOL2-PROCUREMENT_MasterJustificationBook_Air_Force_PB_2015.zzz_unzipped-PROCUREMENT_MasterJustificationBook_Air_Force_PB_2015.xml","0b3cc84504de3dcd8d9b0ee78b03c6179e180dce85fc9cbee3b0fc0b68f603c4","0-9a25df6f8fed5d185c37531b2898e94ddd48981321039e9611d9e5d1a60ac837","0-92b277663f826435e66ef83c22756abd74d9657014531a14bb0eb868d5c212a6","root.record.ItemExhibitList.P3AModificationItemGroup.ModificationItemList.ModificationItem.Installation.ImplementationMethodList.ImplementationMethod"
"Air Force Reserve","","","3","3","","","","","","","0.08","0.08","","","","","2015-BASE_PROCUREMENT-2015-AIRFORCE_AIRCRAFT_VOL2-PROCUREMENT_MasterJustificationBook_Air_Force_PB_2015.zzz_unzipped-PROCUREMENT_MasterJustificationBook_Air_Force_PB_2015.xml","0b3cc84504de3dcd8d9b0ee78b03c6179e180dce85fc9cbee3b0fc0b68f603c4","1-e020ae01099930735bc464aac6411ec00c7a93278eafc6a0af88b052b661b686","0-92b277663f826435e66ef83c22756abd74d9657014531a14bb0eb868d5c212a6","root.record.ItemExhibitList.P3AModificationItemGroup.ModificationItemList.ModificationItem.Installation.ImplementationMethodList.ImplementationMethod"
"Air Force Active","1","2","9","9","","","","","0.000","4.75","14.796","14.796","","","","","2015-BASE_PROCUREMENT-2015-AIRFORCE_AIRCRAFT_VOL2-PROCUREMENT_MasterJustificationBook_Air_Force_PB_2015.zzz_unzipped-PROCUREMENT_MasterJustificationBook_Air_Force_PB_2015.xml","0b3cc84504de3dcd8d9b0ee78b03c6179e180dce85fc9cbee3b0fc0b68f603c4","0-b30cd524c9fd32326673557ddbd717fffc2558a35affadb07772b6feae845c99","0-13855c304b1a57983a7aafe2633396c7c3c538bd58ce561f65f307dcba680bb9","root.record.ItemExhibitList.P3AModificationItemGroup.ModificationItemList.ModificationItem.Installation.ImplementationMethodList.ImplementationMethod"
"Air Force Reserve","","","1","1","","","","","","","1.644","1.644","","","","","2015-BASE_PROCUREMENT-2015-AIRFORCE_AIRCRAFT_VOL2-PROCUREMENT_MasterJustificationBook_Air_Force_PB_2015.zzz_unzipped-PROCUREMENT_MasterJustificationBook_Air_Force_PB_2015.xml","0b3cc84504de3dcd8d9b0ee78b03c6179e180dce85fc9cbee3b0fc0b68f603c4","1-69802fcde55cd74c2ac3f7386c27733e3a30d2f0dddade4e5090991c1688160e","0-13855c304b1a57983a7aafe2633396c7c3c538bd58ce561f65f307dcba680bb9","root.record.ItemExhibitList.P3AModificationItemGroup.ModificationItemList.ModificationItem.Installation.ImplementationMethodList.ImplementationMethod"
"Air Force Active","","","6","6","","","","","","","1.961","1.961","","","","","2015-BASE_PROCUREMENT-2015-AIRFORCE_AIRCRAFT_VOL2-PROCUREMENT_MasterJustificationBook_Air_Force_PB_2015.zzz_unzipped-PROCUREMENT_MasterJustificationBook_Air_Force_PB_2015.xml","0b3cc84504de3dcd8d9b0ee78b03c6179e180dce85fc9cbee3b0fc0b68f603c4","0-819048b772f3c5297c947a0ae2d609a9a888b2c03b59a125831048cd23ccbe19","0-5fe8ad28a744cd6c2c55d01115850b497e890ce21c97f8c316f48b6b89e875e6","root.record.ItemExhibitList.P3AModificationItemGroup.ModificationItemList.ModificationItem.Installation.ImplementationMethodList.ImplementationMethod"
"Air Force Active","","","12","12","","","","","","","2.351","2.351","","","","","2015-BASE_PROCUREMENT-2015-AIRFORCE_AIRCRAFT_VOL2-PROCUREMENT_MasterJustificationBook_Air_Force_PB_2015.zzz_unzipped-PROCUREMENT_MasterJustificationBook_Air_Force_PB_2015.xml","0b3cc84504de3dcd8d9b0ee78b03c6179e180dce85fc9cbee3b0fc0b68f603c4","0-790d50bfb1e9eda1b8eb5b18f40259a1c087d21cf8f79e6036d6ab1eb63f2ab2","0-c4819f5c53d96bf587fcedcf83e3493306e8e7c373ff507e9cbea67e74b421ac","root.record.ItemExhibitList.P3AModificationItemGroup.ModificationItemList.ModificationItem.Installation.ImplementationMethodList.ImplementationMethod"
"Air Force Active","1","1","2","2","","","","","2.557","2.716","5.534","5.534","","","","","2015-BASE_PROCUREMENT-2015-AIRFORCE_AIRCRAFT_VOL2-PROCUREMENT_MasterJustificationBook_Air_Force_PB_2015.zzz_unzipped-PROCUREMENT_MasterJustificationBook_Air_Force_PB_2015.xml","238e5085dc0888e77904efb55416822a25ede521b2dc0ac35009e46fc2ba274d","0-2fd9f08ef1361f8dcd32dcfe43438b67939dc72f23b442d8d0fedd01f35a840a","0-d70bbcb1cbb029449cb5f9417a26d0ead1f22cc3fbe3bf87a5906c723cacb2f9","root.record.ItemExhibitList.P3AModificationItemGroup.ModificationItemList.ModificationItem.Installation.ImplementationMethodList.ImplementationMethod"
"Air Force Active","4","2","","","","","","","10.585","6.045","","","","","","","2015-BASE_PROCUREMENT-2015-AIRFORCE_AIRCRAFT_VOL2-PROCUREMENT_MasterJustificationBook_Air_Force_PB_2015.zzz_unzipped-PROCUREMENT_MasterJustificationBook_Air_Force_PB_2015.xml","238e5085dc0888e77904efb55416822a25ede521b2dc0ac35009e46fc2ba274d","0-555eb9bd199042f4820cb7b4bd7785bc22491418db4e46561290a376033d8e1b","0-f01dc88d0b654f44d757435c6dd1ef17cd51a88a1bd688292708d14ed963a95e","root.record.ItemExhibitList.P3AModificationItemGroup.ModificationItemList.ModificationItem.Installation.ImplementationMethodList.ImplementationMethod"
"Air Force Active","1","1","1","1","","","","","2.6","2.6","2.6","2.6","","","","","2015-BASE_PROCUREMENT-2015-AIRFORCE_AIRCRAFT_VOL2-PROCUREMENT_MasterJustificationBook_Air_Force_PB_2015.zzz_unzipped-PROCUREMENT_MasterJustificationBook_Air_Force_PB_2015.xml","238e5085dc0888e77904efb55416822a25ede521b2dc0ac35009e46fc2ba274d","0-2ac3fbb8684198e92d09f8daa01b3a1ec4f8ab27be99abef1eca247712d3068f","0-23dea73c7425fc4d5b3b13bcdbcd6bafe4da8df83e826dae0e1fabd5cd28b3c8","root.record.ItemExhibitList.P3AModificationItemGroup.ModificationItemList.ModificationItem.Installation.ImplementationMethodList.ImplementationMethod"
"Air Force Active","","3","","","","","","","","0.334","","","","","","","2015-BASE_PROCUREMENT-2015-AIRFORCE_AIRCRAFT_VOL2-PROCUREMENT_MasterJustificationBook_Air_Force_PB_2015.zzz_unzipped-PROCUREMENT_MasterJustificationBook_Air_Force_PB_2015.xml","915b03b5c79079cef74c1f5fed99ff94d2a961666ffa690a638fb838766b41c1","0-616a2e71d469a8e768cf3734fcf52e0abbf75b4c383b6f8a087aeed870efcd94","0-f0eeea6975ecfe1c703109f977f9bd4317812bc9af988ffbcf0df489b74a7b5b","root.record.ItemExhibitList.P3AModificationItemGroup.ModificationItemList.ModificationItem.Installation.ImplementationMethodList.ImplementationMethod"
"Air Force Active","0","0","0","0","","","","","4.992","0.913","0.913","0.913","","","","","2015-BASE_PROCUREMENT-2015-AIRFORCE_AIRCRAFT_VOL2-PROCUREMENT_MasterJustificationBook_Air_Force_PB_2015.zzz_unzipped-PROCUREMENT_MasterJustificationBook_Air_Force_PB_2015.xml","915b03b5c79079cef74c1f5fed99ff94d2a961666ffa690a638fb838766b41c1","0-b8b7a23a20bd3c20d4c8753c1502d181aa951ce4bd3baf978a2baeeed238b852","0-35bbc41e67079c75d5ec87d60049998e081bda19cbf63fbe0a3966e3013618e9","root.record.ItemExhibitList.P3AModificationItemGroup.ModificationItemList.ModificationItem.Installation.ImplementationMethodList.ImplementationMethod"
"Air National Guard","0","","","","","","","","1.664","","","","","","","","2015-BASE_PROCUREMENT-2015-AIRFORCE_AIRCRAFT_VOL2-PROCUREMENT_MasterJustificationBook_Air_Force_PB_2015.zzz_unzipped-PROCUREMENT_MasterJustificationBook_Air_Force_PB_2015.xml","915b03b5c79079cef74c1f5fed99ff94d2a961666ffa690a638fb838766b41c1","1-1b7ed0318c8135d9724869ad68664a0f0beece70d69bc2d7ea53765b0f945f39","0-35bbc41e67079c75d5ec87d60049998e081bda19cbf63fbe0a3966e3013618e9","root.record.ItemExhibitList.P3AModificationItemGroup.ModificationItemList.ModificationItem.Installation.ImplementationMethodList.ImplementationMethod"
"Air Force Reserve","0","","","","","","","","0.832","","","","","","","","2015-BASE_PROCUREMENT-2015-AIRFORCE_AIRCRAFT_VOL2-PROCUREMENT_MasterJustificationBook_Air_Force_PB_2015.zzz_unzipped-PROCUREMENT_MasterJustificationBook_Air_Force_PB_2015.xml","915b03b5c79079cef74c1f5fed99ff94d2a961666ffa690a638fb838766b41c1","2-fc76a3681de1b7796aa05d50189a71eaf854d33298845f81e0db4757f254743d","0-35bbc41e67079c75d5ec87d60049998e081bda19cbf63fbe0a3966e3013618e9","root.record.ItemExhibitList.P3AModificationItemGroup.ModificationItemList.ModificationItem.Installation.ImplementationMethodList.ImplementationMethod"
"Air Force Active","0","","","","","","","","0.385","","","","","","","","2015-BASE_PROCUREMENT-2015-AIRFORCE_AIRCRAFT_VOL2-PROCUREMENT_MasterJustificationBook_Air_Force_PB_2015.zzz_unzipped-PROCUREMENT_MasterJustificationBook_Air_Force_PB_2015.xml","915b03b5c79079cef74c1f5fed99ff94d2a961666ffa690a638fb838766b41c1","0-7ed51267c36d6c7bf5b93751478998686df48c977f513ef8121ff5f39d106278","0-a8ab76dc58749226c5776a2ca8659ecb72254189fcf4516c93a87c139c1a4c27","root.record.ItemExhibitList.P3AModificationItemGroup.ModificationItemList.ModificationItem.Installation.ImplementationMethodList.ImplementationMethod"
"Air Force Active","","","0","0","2","3","0","0","","","4.975","4.975","12.483","0.000","0.000","0.000","2015-BASE_PROCUREMENT-2015-AIRFORCE_AIRCRAFT_VOL2-PROCUREMENT_MasterJustificationBook_Air_Force_PB_2015.zzz_unzipped-PROCUREMENT_MasterJustificationBook_Air_Force_PB_2015.xml","f589edbc06d76a4949c8665cea83963e382985d5b4eea11b3a6abcd51d15beb8","0-fe9173111e26e8379380eb4c8eb1d607f952da1cb4e41a32f04a4bc55361e57b","0-64a2fd56234843f8866504fe4992cb533bd489d196f54c8fc11575019a331390","root.record.ItemExhibitList.P3AModificationItemGroup.ModificationItemList.ModificationItem.Installation.ImplementationMethodList.ImplementationMethod"
"Air Force Active","","15","8","8","","","","","","7.25","4.179","4.179","","","","","2015-BASE_PROCUREMENT-2015-AIRFORCE_AIRCRAFT_VOL2-PROCUREMENT_MasterJustificationBook_Air_Force_PB_2015.zzz_unzipped-PROCUREMENT_MasterJustificationBook_Air_Force_PB_2015.xml","1d0ff418bd7c6cd4e0e89bd791631b1a3c0f2af4c9f1aa7bb064636a8d9f282b","0-601add967f64b7a2fd83aa93f7806aa1462142418b2c1a9e643ae380f04e54a1","0-ddcfefe851245ba8622ec72087784534c1a02b321d3e4f3d653710b93cb4ab20","root.record.ItemExhibitList.P3AModificationItemGroup.ModificationItemList.ModificationItem.Installation.ImplementationMethodList.ImplementationMethod"
"Air National Guard","","","8","8","","","","","","","4.179","4.179","","","","","2015-BASE_PROCUREMENT-2015-AIRFORCE_AIRCRAFT_VOL2-PROCUREMENT_MasterJustificationBook_Air_Force_PB_2015.zzz_unzipped-PROCUREMENT_MasterJustificationBook_Air_Force_PB_2015.xml","1d0ff418bd7c6cd4e0e89bd791631b1a3c0f2af4c9f1aa7bb064636a8d9f282b","1-a8833762c5833894efeea95b3ca794f304d639f2f1400a5facb228b18396f0b4","0-ddcfefe851245ba8622ec72087784534c1a02b321d3e4f3d653710b93cb4ab20","root.record.ItemExhibitList.P3AModificationItemGroup.ModificationItemList.ModificationItem.Installation.ImplementationMethodList.ImplementationMethod"
"Air Force Reserve","","","3","3","","","","","","","1.568","1.568","","","","","2015-BASE_PROCUREMENT-2015-AIRFORCE_AIRCRAFT_VOL2-PROCUREMENT_MasterJustificationBook_Air_Force_PB_2015.zzz_unzipped-PROCUREMENT_MasterJustificationBook_Air_Force_PB_2015.xml","1d0ff418bd7c6cd4e0e89bd791631b1a3c0f2af4c9f1aa7bb064636a8d9f282b","2-9ac977e4a37e54825f6c1fd048b268ff2760a426e0fd6a502b3603ec753ba4ef","0-ddcfefe851245ba8622ec72087784534c1a02b321d3e4f3d653710b93cb4ab20","root.record.ItemExhibitList.P3AModificationItemGroup.ModificationItemList.ModificationItem.Installation.ImplementationMethodList.ImplementationMethod"
"Air Force Active","","","7","7","","","","","","","43.127","43.127","","","","","2015-BASE_PROCUREMENT-2015-AIRFORCE_AIRCRAFT_VOL2-PROCUREMENT_MasterJustificationBook_Air_Force_PB_2015.zzz_unzipped-PROCUREMENT_MasterJustificationBook_Air_Force_PB_2015.xml","a48921b64d03b92f38e99229622434b0339f2788458c62c08f23ae8dd17a6497","0-e902211b3a45659ee5a8bd6a8c40675c0547df24882a71f13bc431a8fc7389b2","0-320de419a4aaa9af797a32644b25d94354eb789b302a9f47929d83a60a25e5b8","root.record.ItemExhibitList.P3AModificationItemGroup.ModificationItemList.ModificationItem.Installation.ImplementationMethodList.ImplementationMethod"
"Air Force Active","4","8","15","15","","","","","1.833","5.603","10.695","10.695","","","","","2015-BASE_PROCUREMENT-2015-AIRFORCE_AIRCRAFT_VOL2-PROCUREMENT_MasterJustificationBook_Air_Force_PB_2015.zzz_unzipped-PROCUREMENT_MasterJustificationBook_Air_Force_PB_2015.xml","855eae1cbb61b6501bc214ee71975773395e237741d724826b960bf4c434431a","0-b5c74a3b72790af6a18ddddcc0b0f6ec91f38473f9b9400f9652c0b3f52437ef","0-083f48dd151faaeba0c615d477fe6f6b2d7c081054b352062131a2713015801f","root.record.ItemExhibitList.P3AModificationItemGroup.ModificationItemList.ModificationItem.Installation.ImplementationMethodList.ImplementationMethod"
"Air Force Active","16","10","8","8","","","","","2.044","4.347","0.000","0.000","","","","","2015-BASE_PROCUREMENT-2015-AIRFORCE_AIRCRAFT_VOL2-PROCUREMENT_MasterJustificationBook_Air_Force_PB_2015.zzz_unzipped-PROCUREMENT_MasterJustificationBook_Air_Force_PB_2015.xml","855eae1cbb61b6501bc214ee71975773395e237741d724826b960bf4c434431a","0-82e74277796bd07e624bb6d7db64baf6e6676a4895268afecb8a622ae210c788","0-b309c89f0dd62c9ff2968172c93d02633472703685f528737db7b91b2b4b7ac0","root.record.ItemExhibitList.P3AModificationItemGroup.ModificationItemList.ModificationItem.Installation.ImplementationMethodList.ImplementationMethod"
"Air National Guard","8","7","13","13","","","","","0.000","0.000","0.000","0.000","","","","","2015-BASE_PROCUREMENT-2015-AIRFORCE_AIRCRAFT_VOL2-PROCUREMENT_MasterJustificationBook_Air_Force_PB_2015.zzz_unzipped-PROCUREMENT_MasterJustificationBook_Air_Force_PB_2015.xml","855eae1cbb61b6501bc214ee71975773395e237741d724826b960bf4c434431a","1-cffe6b754b00cd0ffdfad25b1160036d87d368e6301d171b64a7ff0a0ad18c21","0-b309c89f0dd62c9ff2968172c93d02633472703685f528737db7b91b2b4b7ac0","root.record.ItemExhibitList.P3AModificationItemGroup.ModificationItemList.ModificationItem.Installation.ImplementationMethodList.ImplementationMethod"
"Air Force Active","6","","45","45","","","","","0.000","","3.072","3.072","","","","","2015-BASE_PROCUREMENT-2015-AIRFORCE_AIRCRAFT_VOL2-PROCUREMENT_MasterJustificationBook_Air_Force_PB_2015.zzz_unzipped-PROCUREMENT_MasterJustificationBook_Air_Force_PB_2015.xml","855eae1cbb61b6501bc214ee71975773395e237741d724826b960bf4c434431a","0-5991c05a698770e78370460d107a944dd1968e863bc56931c218375badc6c085","0-12bf351e877c6961565f40064a2629e84ac5f49a3b3e8e468ccaac8da26e023c","root.record.ItemExhibitList.P3AModificationItemGroup.ModificationItemList.ModificationItem.Installation.ImplementationMethodList.ImplementationMethod"
"Air Force Active","","75","44","44","","","","","","2.817","2.279","2.279","","","","","2015-BASE_PROCUREMENT-2015-AIRFORCE_AIRCRAFT_VOL2-PROCUREMENT_MasterJustificationBook_Air_Force_PB_2015.zzz_unzipped-PROCUREMENT_MasterJustificationBook_Air_Force_PB_2015.xml","855eae1cbb61b6501bc214ee71975773395e237741d724826b960bf4c434431a","0-cb52047882f759179dc5d17405099cb13466bf092e439ef42b45adb46829d7b9","0-3b0d6020dd864f34afd591d82d05f066013a8621b5d8486e1916ae5c6234fd7a","root.record.ItemExhibitList.P3AModificationItemGroup.ModificationItemList.ModificationItem.Installation.ImplementationMethodList.ImplementationMethod"
"Air National Guard","","25","","","","","","","","0.615","","","","","","","2015-BASE_PROCUREMENT-2015-AIRFORCE_AIRCRAFT_VOL2-PROCUREMENT_MasterJustificationBook_Air_Force_PB_2015.zzz_unzipped-PROCUREMENT_MasterJustificationBook_Air_Force_PB_2015.xml","855eae1cbb61b6501bc214ee71975773395e237741d724826b960bf4c434431a","1-ce52d46255da75cac3527b517c3b70106d80923414fb33457eceb41e288cf9bf","0-3b0d6020dd864f34afd591d82d05f066013a8621b5d8486e1916ae5c6234fd7a","root.record.ItemExhibitList.P3AModificationItemGroup.ModificationItemList.ModificationItem.Installation.ImplementationMethodList.ImplementationMethod"
"Air Force Active","23","27","30","30","13","","","","7.511","12.333","12.4","12.4","5.06","","","","2015-BASE_PROCUREMENT-2015-AIRFORCE_AIRCRAFT_VOL2-PROCUREMENT_MasterJustificationBook_Air_Force_PB_2015.zzz_unzipped-PROCUREMENT_MasterJustificationBook_Air_Force_PB_2015.xml","e0999d2b89817dbe0cc954d07a44ef1ad1938f20a6bca9d4306e26527654e26d","0-77105e36a7bd8ed6408c480893026ae2bd65fc4fdac70a129cb26b04ebde9623","0-d79c2560b40b3d225dafb23918912b299340ffb97f07eeeaed2a76dd0498b09d","root.record.ItemExhibitList.P3AModificationItemGroup.ModificationItemList.ModificationItem.Installation.ImplementationMethodList.ImplementationMethod"
"Air National Guard","","","","","11","9","","","","","","","4.281","4.179","","","2015-BASE_PROCUREMENT-2015-AIRFORCE_AIRCRAFT_VOL2-PROCUREMENT_MasterJustificationBook_Air_Force_PB_2015.zzz_unzipped-PROCUREMENT_MasterJustificationBook_Air_Force_PB_2015.xml","e0999d2b89817dbe0cc954d07a44ef1ad1938f20a6bca9d4306e26527654e26d","1-1f187ed3d048c4d12eb0b083c6550118b59e40a462c2078fc2c6242c05c18eaf","0-d79c2560b40b3d225dafb23918912b299340ffb97f07eeeaed2a76dd0498b09d","root.record.ItemExhibitList.P3AModificationItemGroup.ModificationItemList.ModificationItem.Installation.ImplementationMethodList.ImplementationMethod"
"Air Force Active","","","248","248","190","221","189","189","","","16.145","16.145","7.778","7.778","7.778","6.824","2015-BASE_PROCUREMENT-2015-AIRFORCE_AIRCRAFT_VOL2-PROCUREMENT_MasterJustificationBook_Air_Force_PB_2015.zzz_unzipped-PROCUREMENT_MasterJustificationBook_Air_Force_PB_2015.xml","e0999d2b89817dbe0cc954d07a44ef1ad1938f20a6bca9d4306e26527654e26d","0-601c17de62ceaeb59604f847f38cfba418c0e83a945ad5cf87a39527dd234d34","0-05b96a825da6317b34884600755dc24063de2a2af7b9b0cd6c1d0bcdc4c437f3","root.record.ItemExhibitList.P3AModificationItemGroup.ModificationItemList.ModificationItem.Installation.ImplementationMethodList.ImplementationMethod"
"Air Force Active","442","1733","993","993","758","883","757","757","59.508","44.927","34.608","34.608","35.705","29.53","29.85","26.105","2015-BASE_PROCUREMENT-2015-AIRFORCE_AIRCRAFT_VOL2-PROCUREMENT_MasterJustificationBook_Air_Force_PB_2015.zzz_unzipped-PROCUREMENT_MasterJustificationBook_Air_Force_PB_2015.xml","e0999d2b89817dbe0cc954d07a44ef1ad1938f20a6bca9d4306e26527654e26d","0-0d3f262c1cf467960a321cfc1ffebe232bc69da9a9e3d298c181da36ee3d9b30","1-cf152cb8766e5490e39495c05c4f0dfdb855997c0c3048058737905170171b80","root.record.ItemExhibitList.P3AModificationItemGroup.ModificationItemList.ModificationItem.Installation.ImplementationMethodList.ImplementationMethod"
"Air National Guard","59","324","197","197","86","34","14","14","2.6","10.335","5.028","5.028","6.863","6.863","6.863","6.047","2015-BASE_PROCUREMENT-2015-AIRFORCE_AIRCRAFT_VOL2-PROCUREMENT_MasterJustificationBook_Air_Force_PB_2015.zzz_unzipped-PROCUREMENT_MasterJustificationBook_Air_Force_PB_2015.xml","e0999d2b89817dbe0cc954d07a44ef1ad1938f20a6bca9d4306e26527654e26d","1-4f9fa40a4a90bf42d5d18835f3f9d105afb205925d4f88c0424bf0fcabfca090","1-cf152cb8766e5490e39495c05c4f0dfdb855997c0c3048058737905170171b80","root.record.ItemExhibitList.P3AModificationItemGroup.ModificationItemList.ModificationItem.Installation.ImplementationMethodList.ImplementationMethod"
"Air Force Active","","","234","234","275","213","172","196","","","0.571","0.571","0.318","0.335","0.337","0.027","2015-BASE_PROCUREMENT-2015-AIRFORCE_AIRCRAFT_VOL2-PROCUREMENT_MasterJustificationBook_Air_Force_PB_2015.zzz_unzipped-PROCUREMENT_MasterJustificationBook_Air_Force_PB_2015.xml","e0999d2b89817dbe0cc954d07a44ef1ad1938f20a6bca9d4306e26527654e26d","0-312fb7528b6d18e644897c3eb6269ec3820dc24247317cb5073186c3f827438e","0-c494f1444ea5a6c8bd215274dfc8620361fba0af0132fc2109f8d62d65567ee0","root.record.ItemExhibitList.P3AModificationItemGroup.ModificationItemList.ModificationItem.Installation.ImplementationMethodList.ImplementationMethod"
"Air Force Active","352","100","938","938","1100","851","737","782","1.142","4.667","2.282","2.282","1.27","7.462","6.347","5.109","2015-BASE_PROCUREMENT-2015-AIRFORCE_AIRCRAFT_VOL2-PROCUREMENT_MasterJustificationBook_Air_Force_PB_2015.zzz_unzipped-PROCUREMENT_MasterJustificationBook_Air_Force_PB_2015.xml","e0999d2b89817dbe0cc954d07a44ef1ad1938f20a6bca9d4306e26527654e26d","0-9d5447084bafea819f9d9b5a4467bc98ea85eb7cd65217102c6d551ba7d87adf","1-d04ee8d22f31e44499b84586869479398e42f85d8e5028db00fca067c6553689","root.record.ItemExhibitList.P3AModificationItemGroup.ModificationItemList.ModificationItem.Installation.ImplementationMethodList.ImplementationMethod"
"Air National Guard","38","96","104","104","149","116","99","106","0.124","0.069","0.31","0.31","0.173","0.866","0.183","0.015","2015-BASE_PROCUREMENT-2015-AIRFORCE_AIRCRAFT_VOL2-PROCUREMENT_MasterJustificationBook_Air_Force_PB_2015.zzz_unzipped-PROCUREMENT_MasterJustificationBook_Air_Force_PB_2015.xml","e0999d2b89817dbe0cc954d07a44ef1ad1938f20a6bca9d4306e26527654e26d","1-3b00db5da8a4a9723ed48f78df5316b759f24f54b3689198fdc97d40ff69bdc8","1-d04ee8d22f31e44499b84586869479398e42f85d8e5028db00fca067c6553689","root.record.ItemExhibitList.P3AModificationItemGroup.ModificationItemList.ModificationItem.Installation.ImplementationMethodList.ImplementationMethod"
"Air Force Active","15","15","25","25","21","21","8","","48.614","16.341","30.032","30.032","27.369","33.469","8.4","","2015-BASE_PROCUREMENT-2015-AIRFORCE_AIRCRAFT_VOL2-PROCUREMENT_MasterJustificationBook_Air_Force_PB_2015.zzz_unzipped-PROCUREMENT_MasterJustificationBook_Air_Force_PB_2015.xml","e0999d2b89817dbe0cc954d07a44ef1ad1938f20a6bca9d4306e26527654e26d","0-24773f38365f1da370bc168d1607e8f3c5b41206745d28a070cbb7642be5ffe3","0-3dc6916aed8a21eb700cdb004c4598191942e0dd9c58b51e88ef8a6be08633b2","root.record.ItemExhibitList.P3AModificationItemGroup.ModificationItemList.ModificationItem.Installation.ImplementationMethodList.ImplementationMethod"
"Air National Guard","2","3","","","","","7","13","1.68","5.727","","","","","9.602","6.339","2015-BASE_PROCUREMENT-2015-AIRFORCE_AIRCRAFT_VOL2-PROCUREMENT_MasterJustificationBook_Air_Force_PB_2015.zzz_unzipped-PROCUREMENT_MasterJustificationBook_Air_Force_PB_2015.xml","e0999d2b89817dbe0cc954d07a44ef1ad1938f20a6bca9d4306e26527654e26d","1-6dc9cffb2dbcbb3e71db4b10d751a7fd99bad6087488cbe367aea3c332a50649","0-3dc6916aed8a21eb700cdb004c4598191942e0dd9c58b51e88ef8a6be08633b2","root.record.ItemExhibitList.P3AModificationItemGroup.ModificationItemList.ModificationItem.Installation.ImplementationMethodList.ImplementationMethod"
"Air Force Active","","22","8","8","10","10","10","10","","9.19","6.925","6.925","0.35","0.65","0.677","0.285","2015-BASE_PROCUREMENT-2015-AIRFORCE_AIRCRAFT_VOL2-PROCUREMENT_MasterJustificationBook_Air_Force_PB_2015.zzz_unzipped-PROCUREMENT_MasterJustificationBook_Air_Force_PB_2015.xml","e0999d2b89817dbe0cc954d07a44ef1ad1938f20a6bca9d4306e26527654e26d","0-832822a1a0cfa60f0265c240634f4bdbd5b4b89ea918627ad38fa284da31c89b","0-69456b47e7dd93a386210c56c911e45516826ef4650ab5a6797352767d228f0f","root.record.ItemExhibitList.P3AModificationItemGroup.ModificationItemList.ModificationItem.Installation.ImplementationMethodList.ImplementationMethod"
"Air Force Active","","","","","","","35","36","","","","","","","9.5","12.285","2015-BASE_PROCUREMENT-2015-AIRFORCE_AIRCRAFT_VOL2-PROCUREMENT_MasterJustificationBook_Air_Force_PB_2015.zzz_unzipped-PROCUREMENT_MasterJustificationBook_Air_Force_PB_2015.xml","a8a6e5bc3013496d237ccecb8631798e1f6fde8d6f32dd9210c3a80ded847d47","0-7d6f5dd30f7fd9597a5073df8782f225db476115377cb474fe77fe1409fab670","0-dfdfed29c041f1521dafc7165b328dd0fedab2aac3a4d55a25f837ddc664e395","root.record.ItemExhibitList.P3AModificationItemGroup.ModificationItemList.ModificationItem.Installation.ImplementationMethodList.ImplementationMethod"
"Air Force Active","20","31","12","12","","","","","0.98","1.922","0.756","0.756","","","","","2015-BASE_PROCUREMENT-2015-AIRFORCE_OTHER-PROCUREMENT_JustificationBook_Air_Force_PB_2015.zzz_unzipped-PROCUREMENT_JustificationBook_Air_Force_PB_2015.xml","468bc985f6e66df36e06ea9a96c28ec64edcebf0d6674e83420127564b1094c0","0-4b37e6a310f0e480eaff7823397bd729ae7834c77817233695e95fc90c036347","0-f8c2cb04ae35e05e7bec23058f05b3a5f5580f692c888beae0175a1f26cc944f","root.record.ItemExhibitList.P3AModificationItemGroup.ModificationItemList.ModificationItem.Installation.ImplementationMethodList.ImplementationMethod"
"Air National Guard","","2","","","","","","","","0.124","","","","","","","2015-BASE_PROCUREMENT-2015-AIRFORCE_OTHER-PROCUREMENT_JustificationBook_Air_Force_PB_2015.zzz_unzipped-PROCUREMENT_JustificationBook_Air_Force_PB_2015.xml","468bc985f6e66df36e06ea9a96c28ec64edcebf0d6674e83420127564b1094c0","1-dd9bbe96cd8717084a2961efbe048ccbb339f9aedbcda279cbd8aa1f6d08b40c","0-f8c2cb04ae35e05e7bec23058f05b3a5f5580f692c888beae0175a1f26cc944f","root.record.ItemExhibitList.P3AModificationItemGroup.ModificationItemList.ModificationItem.Installation.ImplementationMethodList.ImplementationMethod"
"Air Force Reserve","","6","3","3","","","","","","0.372","0.189","0.189","","","","","2015-BASE_PROCUREMENT-2015-AIRFORCE_OTHER-PROCUREMENT_JustificationBook_Air_Force_PB_2015.zzz_unzipped-PROCUREMENT_JustificationBook_Air_Force_PB_2015.xml","468bc985f6e66df36e06ea9a96c28ec64edcebf0d6674e83420127564b1094c0","2-a83d49c3b1cf972cb96da41de00a9085a5d202e526b3e43fee49e4468d365188","0-f8c2cb04ae35e05e7bec23058f05b3a5f5580f692c888beae0175a1f26cc944f","root.record.ItemExhibitList.P3AModificationItemGroup.ModificationItemList.ModificationItem.Installation.ImplementationMethodList.ImplementationMethod"
"Air Force Active","20","31","12","12","","","","","0.98","1.922","0.756","0.756","","","","","2015-BASE_PROCUREMENT-2015-AIRFORCE_OTHER-PROCUREMENT_MasterJustificationBook_Air_Force_PB_2015.zzz_unzipped-PROCUREMENT_MasterJustificationBook_Air_Force_PB_2015.xml","38574a0eb107b9f7269a65b5cd9e3370a0cecba368536b676cf0c3e78bac69ac","0-4553d28d79d8f7c29b20c73b9e5201fcda0965d138be51b5e10ae25e144e5749","0-7add8b5eda959de8fb93bdab2c27531242b0df50f4e4ccf8b04669f25a78f1b7","root.record.ItemExhibitList.P3AModificationItemGroup.ModificationItemList.ModificationItem.Installation.ImplementationMethodList.ImplementationMethod"
"Air National Guard","","2","","","","","","","","0.124","","","","","","","2015-BASE_PROCUREMENT-2015-AIRFORCE_OTHER-PROCUREMENT_MasterJustificationBook_Air_Force_PB_2015.zzz_unzipped-PROCUREMENT_MasterJustificationBook_Air_Force_PB_2015.xml","38574a0eb107b9f7269a65b5cd9e3370a0cecba368536b676cf0c3e78bac69ac","1-de8a5762477dd219cd6fe890bc6c0ea26b1d177a09a4f47dade824b89c46fe09","0-7add8b5eda959de8fb93bdab2c27531242b0df50f4e4ccf8b04669f25a78f1b7","root.record.ItemExhibitList.P3AModificationItemGroup.ModificationItemList.ModificationItem.Installation.ImplementationMethodList.ImplementationMethod"
"Air Force Reserve","","6","3","3","","","","","","0.372","0.189","0.189","","","","","2015-BASE_PROCUREMENT-2015-AIRFORCE_OTHER-PROCUREMENT_MasterJustificationBook_Air_Force_PB_2015.zzz_unzipped-PROCUREMENT_MasterJustificationBook_Air_Force_PB_2015.xml","38574a0eb107b9f7269a65b5cd9e3370a0cecba368536b676cf0c3e78bac69ac","2-47aecabbbb283cd26806dcf749a49bbd15040f776382513d3be93b1c417e98fb","0-7add8b5eda959de8fb93bdab2c27531242b0df50f4e4ccf8b04669f25a78f1b7","root.record.ItemExhibitList.P3AModificationItemGroup.ModificationItemList.ModificationItem.Installation.ImplementationMethodList.ImplementationMethod"
"Air Force Active","1","1","2","2","","","","","2.557","2.716","5.534","5.534","","","","","2015-AMENDED_PROCUREMENT_AND_RDTE-2015-AIRFORCE_AMMO-PROCUREMENT_JustificationBook_Air_Force_PBAmended_2015.zzz_unzipped-PROCUREMENT_JustificationBook_Air_Force_PBAmended_2015.xml","5d0eeab0e5f827704ba2a685913a7359c919753ae300be7e875ee61ae60888e4","0-6f83fa53ff6dd2b37ecfd084110528fced50b098d0b395bf73ebe28e089be8a6","0-57ed1fed68e35ee10f69bd4e211b4e34a356e0f14c0e11362863a6301cd9526d","root.record.ItemExhibitList.P3AModificationItemGroup.ModificationItemList.ModificationItem.Installation.ImplementationMethodList.ImplementationMethod"
"Air Force Active","4","2","","","","","","","10.585","6.045","","","","","","","2015-AMENDED_PROCUREMENT_AND_RDTE-2015-AIRFORCE_AMMO-PROCUREMENT_JustificationBook_Air_Force_PBAmended_2015.zzz_unzipped-PROCUREMENT_JustificationBook_Air_Force_PBAmended_2015.xml","5d0eeab0e5f827704ba2a685913a7359c919753ae300be7e875ee61ae60888e4","0-a9ab71f0fc8d0c231754dd2876e7fc9bdd0d0af231a072f55a2bd13e51d6205b","0-d62051b1380b65701b7724144b81044349eb09e83c7bc73ed20631c43066f9a6","root.record.ItemExhibitList.P3AModificationItemGroup.ModificationItemList.ModificationItem.Installation.ImplementationMethodList.ImplementationMethod"
"Air Force Active","1","1","1","1","","","","","2.6","2.6","2.6","2.6","","","","","2015-AMENDED_PROCUREMENT_AND_RDTE-2015-AIRFORCE_AMMO-PROCUREMENT_JustificationBook_Air_Force_PBAmended_2015.zzz_unzipped-PROCUREMENT_JustificationBook_Air_Force_PBAmended_2015.xml","5d0eeab0e5f827704ba2a685913a7359c919753ae300be7e875ee61ae60888e4","0-3c2e8884a90b8bc3a5be175d37b56b8df5d51fd190c9d4817f42947014f2712a","0-387a1bdfdc0e15c66590b62b4b8547cc518f9239b8e14c439bede1bd87d3917a","root.record.ItemExhibitList.P3AModificationItemGroup.ModificationItemList.ModificationItem.Installation.ImplementationMethodList.ImplementationMethod"
"Air Force Active","","","0","0","2","3","2","0","","","6.68","6.68","12.483","0.000","0.000","0.000","2015-AMENDED_PROCUREMENT_AND_RDTE-2015-AIRFORCE_AMMO-PROCUREMENT_JustificationBook_Air_Force_PBAmended_2015.zzz_unzipped-PROCUREMENT_JustificationBook_Air_Force_PBAmended_2015.xml","3cdf5370d6aa06ad598534cb0c149c4f22f6fb738ead93645d4b6f4becdfa971","0-ff9295106c120b572adf005253282d62296088daad4215644bf1ec6817f4e11c","0-763ac5fec91cbf6201dc6e561b4929b0e22cfbdfa23bd5b59e2e53e7768551c3","root.record.ItemExhibitList.P3AModificationItemGroup.ModificationItemList.ModificationItem.Installation.ImplementationMethodList.ImplementationMethod"
"Air Force Active","1","1","2","2","","","","","2.557","2.716","5.534","5.534","","","","","2015-AMENDED_PROCUREMENT_AND_RDTE-2015-AIRFORCE_AMMO-PROCUREMENT_MasterJustificationBook_Air_Force_PBAmended_2015.zzz_unzipped-PROCUREMENT_MasterJustificationBook_Air_Force_PBAmended_2015.xml","308f697704d8ddc7394defea12f143515a17c085f8cd1988f241494e4852d23c","0-91c7c01b0a69c871471a530390c91ba0484eda5c446d6d8cc69a0716c692c1e9","0-42eec5a2eba8190d5e311b5650b7a4deb001d6777720a82be67aca2d6151112f","root.record.ItemExhibitList.P3AModificationItemGroup.ModificationItemList.ModificationItem.Installation.ImplementationMethodList.ImplementationMethod"
"Air Force Active","4","2","","","","","","","10.585","6.045","","","","","","","2015-AMENDED_PROCUREMENT_AND_RDTE-2015-AIRFORCE_AMMO-PROCUREMENT_MasterJustificationBook_Air_Force_PBAmended_2015.zzz_unzipped-PROCUREMENT_MasterJustificationBook_Air_Force_PBAmended_2015.xml","308f697704d8ddc7394defea12f143515a17c085f8cd1988f241494e4852d23c","0-6d9f21a87947b56d0461075afb8fc3a81fafc5edc73f20e006ed5d819556017f","0-8f9ffed557daa94c50118e0819f35912797d501f35fd1133a4e815e545026b12","root.record.ItemExhibitList.P3AModificationItemGroup.ModificationItemList.ModificationItem.Installation.ImplementationMethodList.ImplementationMethod"
"Air Force Active","1","1","1","1","","","","","2.6","2.6","2.6","2.6","","","","","2015-AMENDED_PROCUREMENT_AND_RDTE-2015-AIRFORCE_AMMO-PROCUREMENT_MasterJustificationBook_Air_Force_PBAmended_2015.zzz_unzipped-PROCUREMENT_MasterJustificationBook_Air_Force_PBAmended_2015.xml","308f697704d8ddc7394defea12f143515a17c085f8cd1988f241494e4852d23c","0-2f21eda4c80b4ee5239e4f1b82fe74830f59e8b359172f777ab6445e85b5d138","0-872b34d3cf1bb1780606518961075bd9d7b948b450558789b81c81ea6623f303","root.record.ItemExhibitList.P3AModificationItemGroup.ModificationItemList.ModificationItem.Installation.ImplementationMethodList.ImplementationMethod"
"Air Force Active","","","0","0","2","3","2","0","","","6.68","6.68","12.483","0.000","0.000","0.000","2015-AMENDED_PROCUREMENT_AND_RDTE-2015-AIRFORCE_AMMO-PROCUREMENT_MasterJustificationBook_Air_Force_PBAmended_2015.zzz_unzipped-PROCUREMENT_MasterJustificationBook_Air_Force_PBAmended_2015.xml","3422ac66d0ea6fb81b14f56ab36db4a0f72d47732900596259b15b9bc0499223","0-3fab0df43746ad2e8bc6d8ce439cc6cea2d3d6abbbe9b7ffe814873408e84012","0-e5d1859d182737bd8bd5d2f80b1f05bb730f1220c1587bc20b425fbde00b6d21","root.record.ItemExhibitList.P3AModificationItemGroup.ModificationItemList.ModificationItem.Installation.ImplementationMethodList.ImplementationMethod"
