[
    {
        "Month_val": "2018-05",
        "Amount_val": "271",
        "@SOURCE_FILENAME": "2019-BASE_PROCUREMENT-2019-AIRFORCE_AMMUNITION-U_PROCUREMENT_JustificationBook_Air_Force_PB_2019.zzz_unzipped-U_PROCUREMENT_JustificationBook_Air_Force_PB_2019.xml",
        "@RECORDID": "948340796190edae4b7d09a84a23e6c0f1e8d2da5a93e04cbdddc3e0a25eeec6",
        "@ROWID": "0-8a39104ad6dc8161c20d110e602d5359f9479c54650359b1ad611b4b67683e1b",
        "@PARENTROWID": "0-e7d30be8297b7746f6bedea9afcd157935ab014e61424ce61bf3ed2b0291c51b",
        "@PARENT": "root.record.ItemExhibitList.P5Item.CostElementCategoryList.Support.CostElementList.CostElement.ManufacturerList.Manufacturer.HistoryPlanningList.HistoryPlanning"
    },
    {
        "Month_val": "2018-06",
        "Amount_val": "2000",
        "@SOURCE_FILENAME": "2019-BASE_PROCUREMENT-2019-AIRFORCE_AMMUNITION-U_PROCUREMENT_JustificationBook_Air_Force_PB_2019.zzz_unzipped-U_PROCUREMENT_JustificationBook_Air_Force_PB_2019.xml",
        "@RECORDID": "948340796190edae4b7d09a84a23e6c0f1e8d2da5a93e04cbdddc3e0a25eeec6",
        "@ROWID": "1-da842ac6db031f1439321bcc14051a3ee41ace2a8c25c5a7ff658aed2d1f6844",
        "@PARENTROWID": "0-e7d30be8297b7746f6bedea9afcd157935ab014e61424ce61bf3ed2b0291c51b",
        "@PARENT": "root.record.ItemExhibitList.P5Item.CostElementCategoryList.Support.CostElementList.CostElement.ManufacturerList.Manufacturer.HistoryPlanningList.HistoryPlanning"
    },
    {
        "Month_val": "2018-07",
        "Amount_val": "2000",
        "@SOURCE_FILENAME": "2019-BASE_PROCUREMENT-2019-AIRFORCE_AMMUNITION-U_PROCUREMENT_JustificationBook_Air_Force_PB_2019.zzz_unzipped-U_PROCUREMENT_JustificationBook_Air_Force_PB_2019.xml",
        "@RECORDID": "948340796190edae4b7d09a84a23e6c0f1e8d2da5a93e04cbdddc3e0a25eeec6",
        "@ROWID": "2-12096238ecbfb5b67476023c0fe99742e5f5507907d12f8d3085b0073138ac73",
        "@PARENTROWID": "0-e7d30be8297b7746f6bedea9afcd157935ab014e61424ce61bf3ed2b0291c51b",
        "@PARENT": "root.record.ItemExhibitList.P5Item.CostElementCategoryList.Support.CostElementList.CostElement.ManufacturerList.Manufacturer.HistoryPlanningList.HistoryPlanning"
    },
    {
        "Month_val": "2018-08",
        "Amount_val": "326",
        "@SOURCE_FILENAME": "2019-BASE_PROCUREMENT-2019-AIRFORCE_AMMUNITION-U_PROCUREMENT_JustificationBook_Air_Force_PB_2019.zzz_unzipped-U_PROCUREMENT_JustificationBook_Air_Force_PB_2019.xml",
        "@RECORDID": "948340796190edae4b7d09a84a23e6c0f1e8d2da5a93e04cbdddc3e0a25eeec6",
        "@ROWID": "3-73b7de98408f42f0167ffa1348e6c9c267e2368f05817af0ca655f408995ea4f",
        "@PARENTROWID": "0-e7d30be8297b7746f6bedea9afcd157935ab014e61424ce61bf3ed2b0291c51b",
        "@PARENT": "root.record.ItemExhibitList.P5Item.CostElementCategoryList.Support.CostElementList.CostElement.ManufacturerList.Manufacturer.HistoryPlanningList.HistoryPlanning"
    },
    {
        "Month_val": "2019-04",
        "Amount_val": "686",
        "@SOURCE_FILENAME": "2019-BASE_PROCUREMENT-2019-AIRFORCE_AMMUNITION-U_PROCUREMENT_JustificationBook_Air_Force_PB_2019.zzz_unzipped-U_PROCUREMENT_JustificationBook_Air_Force_PB_2019.xml",
        "@RECORDID": "948340796190edae4b7d09a84a23e6c0f1e8d2da5a93e04cbdddc3e0a25eeec6",
        "@ROWID": "0-23afa51a090e16cf31b857073fdf0986cea21ef7c01b2d13407b024ac518fe0e",
        "@PARENTROWID": "1-8a913765caa81d29a5bdfedfc197f63307a53b28c58e4fa676064055716f0b0d",
        "@PARENT": "root.record.ItemExhibitList.P5Item.CostElementCategoryList.Support.CostElementList.CostElement.ManufacturerList.Manufacturer.HistoryPlanningList.HistoryPlanning"
    },
    {
        "Month_val": "2016-11",
        "Amount_val": "2000",
        "@SOURCE_FILENAME": "2019-BASE_PROCUREMENT-2019-AIRFORCE_AMMUNITION-U_PROCUREMENT_JustificationBook_Air_Force_PB_2019.zzz_unzipped-U_PROCUREMENT_JustificationBook_Air_Force_PB_2019.xml",
        "@RECORDID": "948340796190edae4b7d09a84a23e6c0f1e8d2da5a93e04cbdddc3e0a25eeec6",
        "@ROWID": "0-0dfa066b06f986c1a4017024ff369e6d52a35b354f6bac058b1219d1fe546406",
        "@PARENTROWID": "0-e92e3dc50599c3180ed1eddfb7190c0b1249eb64ee857bddf60f16b55a31abd1",
        "@PARENT": "root.record.ItemExhibitList.P5Item.CostElementCategoryList.Support.CostElementList.CostElement.ManufacturerList.Manufacturer.HistoryPlanningList.HistoryPlanning"
    },
    {
        "Month_val": "2016-12",
        "Amount_val": "2000",
        "@SOURCE_FILENAME": "2019-BASE_PROCUREMENT-2019-AIRFORCE_AMMUNITION-U_PROCUREMENT_JustificationBook_Air_Force_PB_2019.zzz_unzipped-U_PROCUREMENT_JustificationBook_Air_Force_PB_2019.xml",
        "@RECORDID": "948340796190edae4b7d09a84a23e6c0f1e8d2da5a93e04cbdddc3e0a25eeec6",
        "@ROWID": "1-f51a20c644de0ca16040250acb80eb0a94eed429087e12582623cde27babe530",
        "@PARENTROWID": "0-e92e3dc50599c3180ed1eddfb7190c0b1249eb64ee857bddf60f16b55a31abd1",
        "@PARENT": "root.record.ItemExhibitList.P5Item.CostElementCategoryList.Support.CostElementList.CostElement.ManufacturerList.Manufacturer.HistoryPlanningList.HistoryPlanning"
    },
    {
        "Month_val": "2017-01",
        "Amount_val": "2000",
        "@SOURCE_FILENAME": "2019-BASE_PROCUREMENT-2019-AIRFORCE_AMMUNITION-U_PROCUREMENT_JustificationBook_Air_Force_PB_2019.zzz_unzipped-U_PROCUREMENT_JustificationBook_Air_Force_PB_2019.xml",
        "@RECORDID": "948340796190edae4b7d09a84a23e6c0f1e8d2da5a93e04cbdddc3e0a25eeec6",
        "@ROWID": "2-2ece6825926901c43f4fecf5212b6d4c28ad2b64d1922b62699d78efb2420226",
        "@PARENTROWID": "0-e92e3dc50599c3180ed1eddfb7190c0b1249eb64ee857bddf60f16b55a31abd1",
        "@PARENT": "root.record.ItemExhibitList.P5Item.CostElementCategoryList.Support.CostElementList.CostElement.ManufacturerList.Manufacturer.HistoryPlanningList.HistoryPlanning"
    },
    {
        "Month_val": "2017-02",
        "Amount_val": "2000",
        "@SOURCE_FILENAME": "2019-BASE_PROCUREMENT-2019-AIRFORCE_AMMUNITION-U_PROCUREMENT_JustificationBook_Air_Force_PB_2019.zzz_unzipped-U_PROCUREMENT_JustificationBook_Air_Force_PB_2019.xml",
        "@RECORDID": "948340796190edae4b7d09a84a23e6c0f1e8d2da5a93e04cbdddc3e0a25eeec6",
        "@ROWID": "3-5327a4316ea1ca1b9b81b52ac08de6bb36d84ce9c34746d6aa49fa28ef970bf1",
        "@PARENTROWID": "0-e92e3dc50599c3180ed1eddfb7190c0b1249eb64ee857bddf60f16b55a31abd1",
        "@PARENT": "root.record.ItemExhibitList.P5Item.CostElementCategoryList.Support.CostElementList.CostElement.ManufacturerList.Manufacturer.HistoryPlanningList.HistoryPlanning"
    },
    {
        "Month_val": "2017-03",
        "Amount_val": "2000",
        "@SOURCE_FILENAME": "2019-BASE_PROCUREMENT-2019-AIRFORCE_AMMUNITION-U_PROCUREMENT_JustificationBook_Air_Force_PB_2019.zzz_unzipped-U_PROCUREMENT_JustificationBook_Air_Force_PB_2019.xml",
        "@RECORDID": "948340796190edae4b7d09a84a23e6c0f1e8d2da5a93e04cbdddc3e0a25eeec6",
        "@ROWID": "4-33dd6a0bcd835e451a05bcd836c485cc8a33aef758a50dc312ba662f9a339ce8",
        "@PARENTROWID": "0-e92e3dc50599c3180ed1eddfb7190c0b1249eb64ee857bddf60f16b55a31abd1",
        "@PARENT": "root.record.ItemExhibitList.P5Item.CostElementCategoryList.Support.CostElementList.CostElement.ManufacturerList.Manufacturer.HistoryPlanningList.HistoryPlanning"
    },
    {
        "Month_val": "2017-04",
        "Amount_val": "2000",
        "@SOURCE_FILENAME": "2019-BASE_PROCUREMENT-2019-AIRFORCE_AMMUNITION-U_PROCUREMENT_JustificationBook_Air_Force_PB_2019.zzz_unzipped-U_PROCUREMENT_JustificationBook_Air_Force_PB_2019.xml",
        "@RECORDID": "948340796190edae4b7d09a84a23e6c0f1e8d2da5a93e04cbdddc3e0a25eeec6",
        "@ROWID": "5-2e61848b9543badc052b30b26b26286886bc3bca1124f99b7c0db4e2de5890b7",
        "@PARENTROWID": "0-e92e3dc50599c3180ed1eddfb7190c0b1249eb64ee857bddf60f16b55a31abd1",
        "@PARENT": "root.record.ItemExhibitList.P5Item.CostElementCategoryList.Support.CostElementList.CostElement.ManufacturerList.Manufacturer.HistoryPlanningList.HistoryPlanning"
    },
    {
        "Month_val": "2017-05",
        "Amount_val": "2000",
        "@SOURCE_FILENAME": "2019-BASE_PROCUREMENT-2019-AIRFORCE_AMMUNITION-U_PROCUREMENT_JustificationBook_Air_Force_PB_2019.zzz_unzipped-U_PROCUREMENT_JustificationBook_Air_Force_PB_2019.xml",
        "@RECORDID": "948340796190edae4b7d09a84a23e6c0f1e8d2da5a93e04cbdddc3e0a25eeec6",
        "@ROWID": "6-7830e206dfadec0440bd7fdc243ca03e753c042b2d6f713604109af83a29c668",
        "@PARENTROWID": "0-e92e3dc50599c3180ed1eddfb7190c0b1249eb64ee857bddf60f16b55a31abd1",
        "@PARENT": "root.record.ItemExhibitList.P5Item.CostElementCategoryList.Support.CostElementList.CostElement.ManufacturerList.Manufacturer.HistoryPlanningList.HistoryPlanning"
    },
    {
        "Month_val": "2017-06",
        "Amount_val": "4000",
        "@SOURCE_FILENAME": "2019-BASE_PROCUREMENT-2019-AIRFORCE_AMMUNITION-U_PROCUREMENT_JustificationBook_Air_Force_PB_2019.zzz_unzipped-U_PROCUREMENT_JustificationBook_Air_Force_PB_2019.xml",
        "@RECORDID": "948340796190edae4b7d09a84a23e6c0f1e8d2da5a93e04cbdddc3e0a25eeec6",
        "@ROWID": "7-46df296b77c04da95fcb6cfa9e2836dd63e7cd083290420d4ecea292dc36d224",
        "@PARENTROWID": "0-e92e3dc50599c3180ed1eddfb7190c0b1249eb64ee857bddf60f16b55a31abd1",
        "@PARENT": "root.record.ItemExhibitList.P5Item.CostElementCategoryList.Support.CostElementList.CostElement.ManufacturerList.Manufacturer.HistoryPlanningList.HistoryPlanning"
    },
    {
        "Month_val": "2017-07",
        "Amount_val": "4000",
        "@SOURCE_FILENAME": "2019-BASE_PROCUREMENT-2019-AIRFORCE_AMMUNITION-U_PROCUREMENT_JustificationBook_Air_Force_PB_2019.zzz_unzipped-U_PROCUREMENT_JustificationBook_Air_Force_PB_2019.xml",
        "@RECORDID": "948340796190edae4b7d09a84a23e6c0f1e8d2da5a93e04cbdddc3e0a25eeec6",
        "@ROWID": "8-0c2a035f7337e231f019b3db27a944e40ef759efa792b65543b8c0ae962a2ba6",
        "@PARENTROWID": "0-e92e3dc50599c3180ed1eddfb7190c0b1249eb64ee857bddf60f16b55a31abd1",
        "@PARENT": "root.record.ItemExhibitList.P5Item.CostElementCategoryList.Support.CostElementList.CostElement.ManufacturerList.Manufacturer.HistoryPlanningList.HistoryPlanning"
    },
    {
        "Month_val": "2017-08",
        "Amount_val": "4000",
        "@SOURCE_FILENAME": "2019-BASE_PROCUREMENT-2019-AIRFORCE_AMMUNITION-U_PROCUREMENT_JustificationBook_Air_Force_PB_2019.zzz_unzipped-U_PROCUREMENT_JustificationBook_Air_Force_PB_2019.xml",
        "@RECORDID": "948340796190edae4b7d09a84a23e6c0f1e8d2da5a93e04cbdddc3e0a25eeec6",
        "@ROWID": "9-d48648daf2f05ae8d2009baf0eba531c42ac1b62343b38d42d8931d2deaf95fb",
        "@PARENTROWID": "0-e92e3dc50599c3180ed1eddfb7190c0b1249eb64ee857bddf60f16b55a31abd1",
        "@PARENT": "root.record.ItemExhibitList.P5Item.CostElementCategoryList.Support.CostElementList.CostElement.ManufacturerList.Manufacturer.HistoryPlanningList.HistoryPlanning"
    },
    {
        "Month_val": "2017-09",
        "Amount_val": "4000",
        "@SOURCE_FILENAME": "2019-BASE_PROCUREMENT-2019-AIRFORCE_AMMUNITION-U_PROCUREMENT_JustificationBook_Air_Force_PB_2019.zzz_unzipped-U_PROCUREMENT_JustificationBook_Air_Force_PB_2019.xml",
        "@RECORDID": "948340796190edae4b7d09a84a23e6c0f1e8d2da5a93e04cbdddc3e0a25eeec6",
        "@ROWID": "10-7d4be67e2abccde3b5f54e1805207461ee75688728157c95997d1a2e5f2cdf0a",
        "@PARENTROWID": "0-e92e3dc50599c3180ed1eddfb7190c0b1249eb64ee857bddf60f16b55a31abd1",
        "@PARENT": "root.record.ItemExhibitList.P5Item.CostElementCategoryList.Support.CostElementList.CostElement.ManufacturerList.Manufacturer.HistoryPlanningList.HistoryPlanning"
    },
    {
        "Month_val": "2017-10",
        "Amount_val": "4000",
        "@SOURCE_FILENAME": "2019-BASE_PROCUREMENT-2019-AIRFORCE_AMMUNITION-U_PROCUREMENT_JustificationBook_Air_Force_PB_2019.zzz_unzipped-U_PROCUREMENT_JustificationBook_Air_Force_PB_2019.xml",
        "@RECORDID": "948340796190edae4b7d09a84a23e6c0f1e8d2da5a93e04cbdddc3e0a25eeec6",
        "@ROWID": "11-7af91988574e007043e517654ddbd5c57e6a341fb6db2504471122b6b7cb3af8",
        "@PARENTROWID": "0-e92e3dc50599c3180ed1eddfb7190c0b1249eb64ee857bddf60f16b55a31abd1",
        "@PARENT": "root.record.ItemExhibitList.P5Item.CostElementCategoryList.Support.CostElementList.CostElement.ManufacturerList.Manufacturer.HistoryPlanningList.HistoryPlanning"
    },
    {
        "Month_val": "2017-11",
        "Amount_val": "1020",
        "@SOURCE_FILENAME": "2019-BASE_PROCUREMENT-2019-AIRFORCE_AMMUNITION-U_PROCUREMENT_JustificationBook_Air_Force_PB_2019.zzz_unzipped-U_PROCUREMENT_JustificationBook_Air_Force_PB_2019.xml",
        "@RECORDID": "948340796190edae4b7d09a84a23e6c0f1e8d2da5a93e04cbdddc3e0a25eeec6",
        "@ROWID": "12-97d96b1fe0c8ab58a923d5ef5ba69d6cdb44164d52144731cf2b6bfb1ef91594",
        "@PARENTROWID": "0-e92e3dc50599c3180ed1eddfb7190c0b1249eb64ee857bddf60f16b55a31abd1",
        "@PARENT": "root.record.ItemExhibitList.P5Item.CostElementCategoryList.Support.CostElementList.CostElement.ManufacturerList.Manufacturer.HistoryPlanningList.HistoryPlanning"
    },
    {
        "Month_val": "2017-12",
        "Amount_val": "2000",
        "@SOURCE_FILENAME": "2019-BASE_PROCUREMENT-2019-AIRFORCE_AMMUNITION-U_PROCUREMENT_JustificationBook_Air_Force_PB_2019.zzz_unzipped-U_PROCUREMENT_JustificationBook_Air_Force_PB_2019.xml",
        "@RECORDID": "948340796190edae4b7d09a84a23e6c0f1e8d2da5a93e04cbdddc3e0a25eeec6",
        "@ROWID": "0-bf97c38ed5ec09095efb856565e65b189301769719facb90b6671a963ef851b5",
        "@PARENTROWID": "0-d6a717bb581a065613c2c4d1a6a372b0cbf7ac66e8fb170ed3242c896ef8348f",
        "@PARENT": "root.record.ItemExhibitList.P5Item.CostElementCategoryList.Support.CostElementList.CostElement.ManufacturerList.Manufacturer.HistoryPlanningList.HistoryPlanning"
    },
    {
        "Month_val": "2018-01",
        "Amount_val": "707",
        "@SOURCE_FILENAME": "2019-BASE_PROCUREMENT-2019-AIRFORCE_AMMUNITION-U_PROCUREMENT_JustificationBook_Air_Force_PB_2019.zzz_unzipped-U_PROCUREMENT_JustificationBook_Air_Force_PB_2019.xml",
        "@RECORDID": "948340796190edae4b7d09a84a23e6c0f1e8d2da5a93e04cbdddc3e0a25eeec6",
        "@ROWID": "1-72428d5ba2395d4b7b5146269591bdb55906088b0859c2b14ebf4c4984452aeb",
        "@PARENTROWID": "0-d6a717bb581a065613c2c4d1a6a372b0cbf7ac66e8fb170ed3242c896ef8348f",
        "@PARENT": "root.record.ItemExhibitList.P5Item.CostElementCategoryList.Support.CostElementList.CostElement.ManufacturerList.Manufacturer.HistoryPlanningList.HistoryPlanning"
    },
    {
        "Month_val": "2018-05",
        "Amount_val": "271",
        "@SOURCE_FILENAME": "2019-BASE_PROCUREMENT-2019-AIRFORCE_AMMUNITION-U_PROCUREMENT_MasterJustificationBook_Air_Force_PB_2019.zzz_unzipped-U_PROCUREMENT_MasterJustificationBook_Air_Force_PB_2019.xml",
        "@RECORDID": "5eb932eec80633e31db3e36e2444efa3425816690f6ea7ac7f2cdb928901e9a5",
        "@ROWID": "0-25ba5d8c2ca3346267911d306e81326c48902b42c18fdde660eca9eaaf85364e",
        "@PARENTROWID": "0-40cc62b2ff2e6c0cf8b7f363a95b247d6fc133435fdd4fec3339714aa4c9c108",
        "@PARENT": "root.record.ItemExhibitList.P5Item.CostElementCategoryList.Support.CostElementList.CostElement.ManufacturerList.Manufacturer.HistoryPlanningList.HistoryPlanning"
    },
    {
        "Month_val": "2018-06",
        "Amount_val": "2000",
        "@SOURCE_FILENAME": "2019-BASE_PROCUREMENT-2019-AIRFORCE_AMMUNITION-U_PROCUREMENT_MasterJustificationBook_Air_Force_PB_2019.zzz_unzipped-U_PROCUREMENT_MasterJustificationBook_Air_Force_PB_2019.xml",
        "@RECORDID": "5eb932eec80633e31db3e36e2444efa3425816690f6ea7ac7f2cdb928901e9a5",
        "@ROWID": "1-baae41bdbe9694cbfdab50dbfbea01c9b0ca5e766e65b790465068dde4dc4faf",
        "@PARENTROWID": "0-40cc62b2ff2e6c0cf8b7f363a95b247d6fc133435fdd4fec3339714aa4c9c108",
        "@PARENT": "root.record.ItemExhibitList.P5Item.CostElementCategoryList.Support.CostElementList.CostElement.ManufacturerList.Manufacturer.HistoryPlanningList.HistoryPlanning"
    },
    {
        "Month_val": "2018-07",
        "Amount_val": "2000",
        "@SOURCE_FILENAME": "2019-BASE_PROCUREMENT-2019-AIRFORCE_AMMUNITION-U_PROCUREMENT_MasterJustificationBook_Air_Force_PB_2019.zzz_unzipped-U_PROCUREMENT_MasterJustificationBook_Air_Force_PB_2019.xml",
        "@RECORDID": "5eb932eec80633e31db3e36e2444efa3425816690f6ea7ac7f2cdb928901e9a5",
        "@ROWID": "2-54034f2fd39cd5c8c0de502d0d8c099ae3ce6a238c9f4935a62555630308396b",
        "@PARENTROWID": "0-40cc62b2ff2e6c0cf8b7f363a95b247d6fc133435fdd4fec3339714aa4c9c108",
        "@PARENT": "root.record.ItemExhibitList.P5Item.CostElementCategoryList.Support.CostElementList.CostElement.ManufacturerList.Manufacturer.HistoryPlanningList.HistoryPlanning"
    },
    {
        "Month_val": "2018-08",
        "Amount_val": "326",
        "@SOURCE_FILENAME": "2019-BASE_PROCUREMENT-2019-AIRFORCE_AMMUNITION-U_PROCUREMENT_MasterJustificationBook_Air_Force_PB_2019.zzz_unzipped-U_PROCUREMENT_MasterJustificationBook_Air_Force_PB_2019.xml",
        "@RECORDID": "5eb932eec80633e31db3e36e2444efa3425816690f6ea7ac7f2cdb928901e9a5",
        "@ROWID": "3-b2f3783a1bc8963854b708cfe4677edabbb3eb1be69b47e5b1ccfcc92a2ce817",
        "@PARENTROWID": "0-40cc62b2ff2e6c0cf8b7f363a95b247d6fc133435fdd4fec3339714aa4c9c108",
        "@PARENT": "root.record.ItemExhibitList.P5Item.CostElementCategoryList.Support.CostElementList.CostElement.ManufacturerList.Manufacturer.HistoryPlanningList.HistoryPlanning"
    },
    {
        "Month_val": "2019-04",
        "Amount_val": "686",
        "@SOURCE_FILENAME": "2019-BASE_PROCUREMENT-2019-AIRFORCE_AMMUNITION-U_PROCUREMENT_MasterJustificationBook_Air_Force_PB_2019.zzz_unzipped-U_PROCUREMENT_MasterJustificationBook_Air_Force_PB_2019.xml",
        "@RECORDID": "5eb932eec80633e31db3e36e2444efa3425816690f6ea7ac7f2cdb928901e9a5",
        "@ROWID": "0-d05c5f72b144f903c66c6239f52d34c3336a0cdb1bf3d170899e862a0b4de936",
        "@PARENTROWID": "1-fde7676231a05245b473bfc0d6d3b876487c8f3d1981408eb560190fe2ff4af2",
        "@PARENT": "root.record.ItemExhibitList.P5Item.CostElementCategoryList.Support.CostElementList.CostElement.ManufacturerList.Manufacturer.HistoryPlanningList.HistoryPlanning"
    },
    {
        "Month_val": "2016-11",
        "Amount_val": "2000",
        "@SOURCE_FILENAME": "2019-BASE_PROCUREMENT-2019-AIRFORCE_AMMUNITION-U_PROCUREMENT_MasterJustificationBook_Air_Force_PB_2019.zzz_unzipped-U_PROCUREMENT_MasterJustificationBook_Air_Force_PB_2019.xml",
        "@RECORDID": "5eb932eec80633e31db3e36e2444efa3425816690f6ea7ac7f2cdb928901e9a5",
        "@ROWID": "0-164ca314b229171956d944e809f05161b0ccdd692a74d0205d25c48fffc645f9",
        "@PARENTROWID": "0-8f5e028e8214672965bc170794f5523181e79bd72383bbe459d9a6dfe3305aa2",
        "@PARENT": "root.record.ItemExhibitList.P5Item.CostElementCategoryList.Support.CostElementList.CostElement.ManufacturerList.Manufacturer.HistoryPlanningList.HistoryPlanning"
    },
    {
        "Month_val": "2016-12",
        "Amount_val": "2000",
        "@SOURCE_FILENAME": "2019-BASE_PROCUREMENT-2019-AIRFORCE_AMMUNITION-U_PROCUREMENT_MasterJustificationBook_Air_Force_PB_2019.zzz_unzipped-U_PROCUREMENT_MasterJustificationBook_Air_Force_PB_2019.xml",
        "@RECORDID": "5eb932eec80633e31db3e36e2444efa3425816690f6ea7ac7f2cdb928901e9a5",
        "@ROWID": "1-2eea164c55e9b4d086fa7905972dae812de0e19dc2eb067f17fc6ca8b6e84413",
        "@PARENTROWID": "0-8f5e028e8214672965bc170794f5523181e79bd72383bbe459d9a6dfe3305aa2",
        "@PARENT": "root.record.ItemExhibitList.P5Item.CostElementCategoryList.Support.CostElementList.CostElement.ManufacturerList.Manufacturer.HistoryPlanningList.HistoryPlanning"
    },
    {
        "Month_val": "2017-01",
        "Amount_val": "2000",
        "@SOURCE_FILENAME": "2019-BASE_PROCUREMENT-2019-AIRFORCE_AMMUNITION-U_PROCUREMENT_MasterJustificationBook_Air_Force_PB_2019.zzz_unzipped-U_PROCUREMENT_MasterJustificationBook_Air_Force_PB_2019.xml",
        "@RECORDID": "5eb932eec80633e31db3e36e2444efa3425816690f6ea7ac7f2cdb928901e9a5",
        "@ROWID": "2-e3e544e12f22187c57899b92377746753776b160eae65e0dcf570394f80f7a0f",
        "@PARENTROWID": "0-8f5e028e8214672965bc170794f5523181e79bd72383bbe459d9a6dfe3305aa2",
        "@PARENT": "root.record.ItemExhibitList.P5Item.CostElementCategoryList.Support.CostElementList.CostElement.ManufacturerList.Manufacturer.HistoryPlanningList.HistoryPlanning"
    },
    {
        "Month_val": "2017-02",
        "Amount_val": "2000",
        "@SOURCE_FILENAME": "2019-BASE_PROCUREMENT-2019-AIRFORCE_AMMUNITION-U_PROCUREMENT_MasterJustificationBook_Air_Force_PB_2019.zzz_unzipped-U_PROCUREMENT_MasterJustificationBook_Air_Force_PB_2019.xml",
        "@RECORDID": "5eb932eec80633e31db3e36e2444efa3425816690f6ea7ac7f2cdb928901e9a5",
        "@ROWID": "3-a7733b483d1746727f0a3771a88be05deac45b6b6d47dde437e35e52e6c7a46c",
        "@PARENTROWID": "0-8f5e028e8214672965bc170794f5523181e79bd72383bbe459d9a6dfe3305aa2",
        "@PARENT": "root.record.ItemExhibitList.P5Item.CostElementCategoryList.Support.CostElementList.CostElement.ManufacturerList.Manufacturer.HistoryPlanningList.HistoryPlanning"
    },
    {
        "Month_val": "2017-03",
        "Amount_val": "2000",
        "@SOURCE_FILENAME": "2019-BASE_PROCUREMENT-2019-AIRFORCE_AMMUNITION-U_PROCUREMENT_MasterJustificationBook_Air_Force_PB_2019.zzz_unzipped-U_PROCUREMENT_MasterJustificationBook_Air_Force_PB_2019.xml",
        "@RECORDID": "5eb932eec80633e31db3e36e2444efa3425816690f6ea7ac7f2cdb928901e9a5",
        "@ROWID": "4-6effa5eade41434803b5ac6c34c591044d3827991677cd2fad32951391a58a3e",
        "@PARENTROWID": "0-8f5e028e8214672965bc170794f5523181e79bd72383bbe459d9a6dfe3305aa2",
        "@PARENT": "root.record.ItemExhibitList.P5Item.CostElementCategoryList.Support.CostElementList.CostElement.ManufacturerList.Manufacturer.HistoryPlanningList.HistoryPlanning"
    },
    {
        "Month_val": "2017-04",
        "Amount_val": "2000",
        "@SOURCE_FILENAME": "2019-BASE_PROCUREMENT-2019-AIRFORCE_AMMUNITION-U_PROCUREMENT_MasterJustificationBook_Air_Force_PB_2019.zzz_unzipped-U_PROCUREMENT_MasterJustificationBook_Air_Force_PB_2019.xml",
        "@RECORDID": "5eb932eec80633e31db3e36e2444efa3425816690f6ea7ac7f2cdb928901e9a5",
        "@ROWID": "5-4881b5685a421f4681dfbe53b9c276688dec35ed9f1178d9fd38087756e65b20",
        "@PARENTROWID": "0-8f5e028e8214672965bc170794f5523181e79bd72383bbe459d9a6dfe3305aa2",
        "@PARENT": "root.record.ItemExhibitList.P5Item.CostElementCategoryList.Support.CostElementList.CostElement.ManufacturerList.Manufacturer.HistoryPlanningList.HistoryPlanning"
    },
    {
        "Month_val": "2017-05",
        "Amount_val": "2000",
        "@SOURCE_FILENAME": "2019-BASE_PROCUREMENT-2019-AIRFORCE_AMMUNITION-U_PROCUREMENT_MasterJustificationBook_Air_Force_PB_2019.zzz_unzipped-U_PROCUREMENT_MasterJustificationBook_Air_Force_PB_2019.xml",
        "@RECORDID": "5eb932eec80633e31db3e36e2444efa3425816690f6ea7ac7f2cdb928901e9a5",
        "@ROWID": "6-78f14f882bd98e212a05e261fda38e4a59e65b96d6a6cad08ccd3feba8931207",
        "@PARENTROWID": "0-8f5e028e8214672965bc170794f5523181e79bd72383bbe459d9a6dfe3305aa2",
        "@PARENT": "root.record.ItemExhibitList.P5Item.CostElementCategoryList.Support.CostElementList.CostElement.ManufacturerList.Manufacturer.HistoryPlanningList.HistoryPlanning"
    },
    {
        "Month_val": "2017-06",
        "Amount_val": "4000",
        "@SOURCE_FILENAME": "2019-BASE_PROCUREMENT-2019-AIRFORCE_AMMUNITION-U_PROCUREMENT_MasterJustificationBook_Air_Force_PB_2019.zzz_unzipped-U_PROCUREMENT_MasterJustificationBook_Air_Force_PB_2019.xml",
        "@RECORDID": "5eb932eec80633e31db3e36e2444efa3425816690f6ea7ac7f2cdb928901e9a5",
        "@ROWID": "7-3459cb0fc5efc3a891bc553892c5235f297c62195dd8704692526fa3d668eb71",
        "@PARENTROWID": "0-8f5e028e8214672965bc170794f5523181e79bd72383bbe459d9a6dfe3305aa2",
        "@PARENT": "root.record.ItemExhibitList.P5Item.CostElementCategoryList.Support.CostElementList.CostElement.ManufacturerList.Manufacturer.HistoryPlanningList.HistoryPlanning"
    },
    {
        "Month_val": "2017-07",
        "Amount_val": "4000",
        "@SOURCE_FILENAME": "2019-BASE_PROCUREMENT-2019-AIRFORCE_AMMUNITION-U_PROCUREMENT_MasterJustificationBook_Air_Force_PB_2019.zzz_unzipped-U_PROCUREMENT_MasterJustificationBook_Air_Force_PB_2019.xml",
        "@RECORDID": "5eb932eec80633e31db3e36e2444efa3425816690f6ea7ac7f2cdb928901e9a5",
        "@ROWID": "8-b404e42bb4347f4e46eac05bea271d914d2028ee801884b0fc83c9e9c9d7b8b7",
        "@PARENTROWID": "0-8f5e028e8214672965bc170794f5523181e79bd72383bbe459d9a6dfe3305aa2",
        "@PARENT": "root.record.ItemExhibitList.P5Item.CostElementCategoryList.Support.CostElementList.CostElement.ManufacturerList.Manufacturer.HistoryPlanningList.HistoryPlanning"
    },
    {
        "Month_val": "2017-08",
        "Amount_val": "4000",
        "@SOURCE_FILENAME": "2019-BASE_PROCUREMENT-2019-AIRFORCE_AMMUNITION-U_PROCUREMENT_MasterJustificationBook_Air_Force_PB_2019.zzz_unzipped-U_PROCUREMENT_MasterJustificationBook_Air_Force_PB_2019.xml",
        "@RECORDID": "5eb932eec80633e31db3e36e2444efa3425816690f6ea7ac7f2cdb928901e9a5",
        "@ROWID": "9-91b66377dba103831895df0018dfedc3d82ff48ebb7737f28b70f3e5a1c515e1",
        "@PARENTROWID": "0-8f5e028e8214672965bc170794f5523181e79bd72383bbe459d9a6dfe3305aa2",
        "@PARENT": "root.record.ItemExhibitList.P5Item.CostElementCategoryList.Support.CostElementList.CostElement.ManufacturerList.Manufacturer.HistoryPlanningList.HistoryPlanning"
    },
    {
        "Month_val": "2017-09",
        "Amount_val": "4000",
        "@SOURCE_FILENAME": "2019-BASE_PROCUREMENT-2019-AIRFORCE_AMMUNITION-U_PROCUREMENT_MasterJustificationBook_Air_Force_PB_2019.zzz_unzipped-U_PROCUREMENT_MasterJustificationBook_Air_Force_PB_2019.xml",
        "@RECORDID": "5eb932eec80633e31db3e36e2444efa3425816690f6ea7ac7f2cdb928901e9a5",
        "@ROWID": "10-3abedeb523403e1987d226182a3182f82240ad64c93f8a59bfbf77d103958591",
        "@PARENTROWID": "0-8f5e028e8214672965bc170794f5523181e79bd72383bbe459d9a6dfe3305aa2",
        "@PARENT": "root.record.ItemExhibitList.P5Item.CostElementCategoryList.Support.CostElementList.CostElement.ManufacturerList.Manufacturer.HistoryPlanningList.HistoryPlanning"
    },
    {
        "Month_val": "2017-10",
        "Amount_val": "4000",
        "@SOURCE_FILENAME": "2019-BASE_PROCUREMENT-2019-AIRFORCE_AMMUNITION-U_PROCUREMENT_MasterJustificationBook_Air_Force_PB_2019.zzz_unzipped-U_PROCUREMENT_MasterJustificationBook_Air_Force_PB_2019.xml",
        "@RECORDID": "5eb932eec80633e31db3e36e2444efa3425816690f6ea7ac7f2cdb928901e9a5",
        "@ROWID": "11-a877f866cdd3092b0a5203f584be556e14137854f278842b4dc5237889c7f308",
        "@PARENTROWID": "0-8f5e028e8214672965bc170794f5523181e79bd72383bbe459d9a6dfe3305aa2",
        "@PARENT": "root.record.ItemExhibitList.P5Item.CostElementCategoryList.Support.CostElementList.CostElement.ManufacturerList.Manufacturer.HistoryPlanningList.HistoryPlanning"
    },
    {
        "Month_val": "2017-11",
        "Amount_val": "1020",
        "@SOURCE_FILENAME": "2019-BASE_PROCUREMENT-2019-AIRFORCE_AMMUNITION-U_PROCUREMENT_MasterJustificationBook_Air_Force_PB_2019.zzz_unzipped-U_PROCUREMENT_MasterJustificationBook_Air_Force_PB_2019.xml",
        "@RECORDID": "5eb932eec80633e31db3e36e2444efa3425816690f6ea7ac7f2cdb928901e9a5",
        "@ROWID": "12-fdd2849904f305a0f912fdc614cae01ff292bdd9fc4908ca69fb4c507464b5ba",
        "@PARENTROWID": "0-8f5e028e8214672965bc170794f5523181e79bd72383bbe459d9a6dfe3305aa2",
        "@PARENT": "root.record.ItemExhibitList.P5Item.CostElementCategoryList.Support.CostElementList.CostElement.ManufacturerList.Manufacturer.HistoryPlanningList.HistoryPlanning"
    },
    {
        "Month_val": "2017-12",
        "Amount_val": "2000",
        "@SOURCE_FILENAME": "2019-BASE_PROCUREMENT-2019-AIRFORCE_AMMUNITION-U_PROCUREMENT_MasterJustificationBook_Air_Force_PB_2019.zzz_unzipped-U_PROCUREMENT_MasterJustificationBook_Air_Force_PB_2019.xml",
        "@RECORDID": "5eb932eec80633e31db3e36e2444efa3425816690f6ea7ac7f2cdb928901e9a5",
        "@ROWID": "0-bd5aaa4b50669e413f75f30768bf554d2f2aaae7af81b3eef7d548c6e12c31b7",
        "@PARENTROWID": "0-fa5e0cb8a28f82659bf9a2a3bf0d319a30da13a49698ebf41ec8a49459a4b46d",
        "@PARENT": "root.record.ItemExhibitList.P5Item.CostElementCategoryList.Support.CostElementList.CostElement.ManufacturerList.Manufacturer.HistoryPlanningList.HistoryPlanning"
    },
    {
        "Month_val": "2018-01",
        "Amount_val": "707",
        "@SOURCE_FILENAME": "2019-BASE_PROCUREMENT-2019-AIRFORCE_AMMUNITION-U_PROCUREMENT_MasterJustificationBook_Air_Force_PB_2019.zzz_unzipped-U_PROCUREMENT_MasterJustificationBook_Air_Force_PB_2019.xml",
        "@RECORDID": "5eb932eec80633e31db3e36e2444efa3425816690f6ea7ac7f2cdb928901e9a5",
        "@ROWID": "1-9869ebab65df665f0f2441ebf3613d94628d70cb5e286531da403029598e58bd",
        "@PARENTROWID": "0-fa5e0cb8a28f82659bf9a2a3bf0d319a30da13a49698ebf41ec8a49459a4b46d",
        "@PARENT": "root.record.ItemExhibitList.P5Item.CostElementCategoryList.Support.CostElementList.CostElement.ManufacturerList.Manufacturer.HistoryPlanningList.HistoryPlanning"
    }
]