[
    {
        "Month_val": "2018-05",
        "Amount_val": "271",
        "@SOURCE_FILENAME": "2019-BASE_PROCUREMENT-2019-AIRFORCE_AMMUNITION-U_PROCUREMENT_JustificationBook_Air_Force_PB_2019.zzz_unzipped-U_PROCUREMENT_JustificationBook_Air_Force_PB_2019.xml",
        "@RECORDID": "948340796190edae4b7d09a84a23e6c0f1e8d2da5a93e04cbdddc3e0a25eeec6",
        "@ROWID": "0-40c8ef29eac7e1049d79876faccf4e85801b10df4180d9eac930f0116ebefd03",
        "@PARENTROWID": "0-446973378d4f2f845802ee7ebc30b7e78ff0dbae74cc2e696acb222e886fd908",
        "@PARENT": "root.record.ItemExhibitList.P5Item.CostElementCategoryList.Support.CostElementList.CostElement.ManufacturerList.Manufacturer.HistoryPlanningList.HistoryPlanning"
    },
    {
        "Month_val": "2018-06",
        "Amount_val": "2000",
        "@SOURCE_FILENAME": "2019-BASE_PROCUREMENT-2019-AIRFORCE_AMMUNITION-U_PROCUREMENT_JustificationBook_Air_Force_PB_2019.zzz_unzipped-U_PROCUREMENT_JustificationBook_Air_Force_PB_2019.xml",
        "@RECORDID": "948340796190edae4b7d09a84a23e6c0f1e8d2da5a93e04cbdddc3e0a25eeec6",
        "@ROWID": "1-f1bac3c8fb3e65b68213bf89c209ad82b759c0d20e6d8fbcdd86ffb921a9c76b",
        "@PARENTROWID": "0-446973378d4f2f845802ee7ebc30b7e78ff0dbae74cc2e696acb222e886fd908",
        "@PARENT": "root.record.ItemExhibitList.P5Item.CostElementCategoryList.Support.CostElementList.CostElement.ManufacturerList.Manufacturer.HistoryPlanningList.HistoryPlanning"
    },
    {
        "Month_val": "2018-07",
        "Amount_val": "2000",
        "@SOURCE_FILENAME": "2019-BASE_PROCUREMENT-2019-AIRFORCE_AMMUNITION-U_PROCUREMENT_JustificationBook_Air_Force_PB_2019.zzz_unzipped-U_PROCUREMENT_JustificationBook_Air_Force_PB_2019.xml",
        "@RECORDID": "948340796190edae4b7d09a84a23e6c0f1e8d2da5a93e04cbdddc3e0a25eeec6",
        "@ROWID": "2-2579dad18657cfe4853a40b3e1207d4029902a9d8bd841b53d3c622e1e85b693",
        "@PARENTROWID": "0-446973378d4f2f845802ee7ebc30b7e78ff0dbae74cc2e696acb222e886fd908",
        "@PARENT": "root.record.ItemExhibitList.P5Item.CostElementCategoryList.Support.CostElementList.CostElement.ManufacturerList.Manufacturer.HistoryPlanningList.HistoryPlanning"
    },
    {
        "Month_val": "2018-08",
        "Amount_val": "326",
        "@SOURCE_FILENAME": "2019-BASE_PROCUREMENT-2019-AIRFORCE_AMMUNITION-U_PROCUREMENT_JustificationBook_Air_Force_PB_2019.zzz_unzipped-U_PROCUREMENT_JustificationBook_Air_Force_PB_2019.xml",
        "@RECORDID": "948340796190edae4b7d09a84a23e6c0f1e8d2da5a93e04cbdddc3e0a25eeec6",
        "@ROWID": "3-aa6ace8ff1941feae3ff9e188a97cf94b76121f632610c30549e2b96339fbc22",
        "@PARENTROWID": "0-446973378d4f2f845802ee7ebc30b7e78ff0dbae74cc2e696acb222e886fd908",
        "@PARENT": "root.record.ItemExhibitList.P5Item.CostElementCategoryList.Support.CostElementList.CostElement.ManufacturerList.Manufacturer.HistoryPlanningList.HistoryPlanning"
    },
    {
        "Month_val": "2019-04",
        "Amount_val": "686",
        "@SOURCE_FILENAME": "2019-BASE_PROCUREMENT-2019-AIRFORCE_AMMUNITION-U_PROCUREMENT_JustificationBook_Air_Force_PB_2019.zzz_unzipped-U_PROCUREMENT_JustificationBook_Air_Force_PB_2019.xml",
        "@RECORDID": "948340796190edae4b7d09a84a23e6c0f1e8d2da5a93e04cbdddc3e0a25eeec6",
        "@ROWID": "0-50bf8c2e8716bc828085981128138c6b73bcdf7c75d34adbe80be4e44f4db871",
        "@PARENTROWID": "1-5717bb93a6a0ae11edfe5021d038667d82b0d6df92eb15f0fe4c1bce08a1f3e4",
        "@PARENT": "root.record.ItemExhibitList.P5Item.CostElementCategoryList.Support.CostElementList.CostElement.ManufacturerList.Manufacturer.HistoryPlanningList.HistoryPlanning"
    },
    {
        "Month_val": "2016-11",
        "Amount_val": "2000",
        "@SOURCE_FILENAME": "2019-BASE_PROCUREMENT-2019-AIRFORCE_AMMUNITION-U_PROCUREMENT_JustificationBook_Air_Force_PB_2019.zzz_unzipped-U_PROCUREMENT_JustificationBook_Air_Force_PB_2019.xml",
        "@RECORDID": "948340796190edae4b7d09a84a23e6c0f1e8d2da5a93e04cbdddc3e0a25eeec6",
        "@ROWID": "0-5b2e2ca79bb164b5dea831a460fd621d1f7b50c362afbfdfb3f9cc998325cd99",
        "@PARENTROWID": "0-418030eb673d235681703f378ef2f43c354e89231b3b4318a0aab3fc1040ae56",
        "@PARENT": "root.record.ItemExhibitList.P5Item.CostElementCategoryList.Support.CostElementList.CostElement.ManufacturerList.Manufacturer.HistoryPlanningList.HistoryPlanning"
    },
    {
        "Month_val": "2016-12",
        "Amount_val": "2000",
        "@SOURCE_FILENAME": "2019-BASE_PROCUREMENT-2019-AIRFORCE_AMMUNITION-U_PROCUREMENT_JustificationBook_Air_Force_PB_2019.zzz_unzipped-U_PROCUREMENT_JustificationBook_Air_Force_PB_2019.xml",
        "@RECORDID": "948340796190edae4b7d09a84a23e6c0f1e8d2da5a93e04cbdddc3e0a25eeec6",
        "@ROWID": "1-3d9e3a788cc38fbcbd8a67f61e9ce2e3e058bdf15ff9a92562b9e9053168a362",
        "@PARENTROWID": "0-418030eb673d235681703f378ef2f43c354e89231b3b4318a0aab3fc1040ae56",
        "@PARENT": "root.record.ItemExhibitList.P5Item.CostElementCategoryList.Support.CostElementList.CostElement.ManufacturerList.Manufacturer.HistoryPlanningList.HistoryPlanning"
    },
    {
        "Month_val": "2017-01",
        "Amount_val": "2000",
        "@SOURCE_FILENAME": "2019-BASE_PROCUREMENT-2019-AIRFORCE_AMMUNITION-U_PROCUREMENT_JustificationBook_Air_Force_PB_2019.zzz_unzipped-U_PROCUREMENT_JustificationBook_Air_Force_PB_2019.xml",
        "@RECORDID": "948340796190edae4b7d09a84a23e6c0f1e8d2da5a93e04cbdddc3e0a25eeec6",
        "@ROWID": "2-9d2fdb6a4a71f4c81d65f886af2bbe716769714d86792ba6a7546f0aba7ddaea",
        "@PARENTROWID": "0-418030eb673d235681703f378ef2f43c354e89231b3b4318a0aab3fc1040ae56",
        "@PARENT": "root.record.ItemExhibitList.P5Item.CostElementCategoryList.Support.CostElementList.CostElement.ManufacturerList.Manufacturer.HistoryPlanningList.HistoryPlanning"
    },
    {
        "Month_val": "2017-02",
        "Amount_val": "2000",
        "@SOURCE_FILENAME": "2019-BASE_PROCUREMENT-2019-AIRFORCE_AMMUNITION-U_PROCUREMENT_JustificationBook_Air_Force_PB_2019.zzz_unzipped-U_PROCUREMENT_JustificationBook_Air_Force_PB_2019.xml",
        "@RECORDID": "948340796190edae4b7d09a84a23e6c0f1e8d2da5a93e04cbdddc3e0a25eeec6",
        "@ROWID": "3-044b449dab2b97f6a223f4cd8546ed93b9adc2df7c422549bc11e186af25e3fd",
        "@PARENTROWID": "0-418030eb673d235681703f378ef2f43c354e89231b3b4318a0aab3fc1040ae56",
        "@PARENT": "root.record.ItemExhibitList.P5Item.CostElementCategoryList.Support.CostElementList.CostElement.ManufacturerList.Manufacturer.HistoryPlanningList.HistoryPlanning"
    },
    {
        "Month_val": "2017-03",
        "Amount_val": "2000",
        "@SOURCE_FILENAME": "2019-BASE_PROCUREMENT-2019-AIRFORCE_AMMUNITION-U_PROCUREMENT_JustificationBook_Air_Force_PB_2019.zzz_unzipped-U_PROCUREMENT_JustificationBook_Air_Force_PB_2019.xml",
        "@RECORDID": "948340796190edae4b7d09a84a23e6c0f1e8d2da5a93e04cbdddc3e0a25eeec6",
        "@ROWID": "4-b36f5778f2dc2ba53c86f50d8e29f717c88e47447ece7f588e560afbc257950a",
        "@PARENTROWID": "0-418030eb673d235681703f378ef2f43c354e89231b3b4318a0aab3fc1040ae56",
        "@PARENT": "root.record.ItemExhibitList.P5Item.CostElementCategoryList.Support.CostElementList.CostElement.ManufacturerList.Manufacturer.HistoryPlanningList.HistoryPlanning"
    },
    {
        "Month_val": "2017-04",
        "Amount_val": "2000",
        "@SOURCE_FILENAME": "2019-BASE_PROCUREMENT-2019-AIRFORCE_AMMUNITION-U_PROCUREMENT_JustificationBook_Air_Force_PB_2019.zzz_unzipped-U_PROCUREMENT_JustificationBook_Air_Force_PB_2019.xml",
        "@RECORDID": "948340796190edae4b7d09a84a23e6c0f1e8d2da5a93e04cbdddc3e0a25eeec6",
        "@ROWID": "5-0ecbda41c35aed10e7dc1cfe96173023e0de2912d70e119de04e6ebb5cc89e2b",
        "@PARENTROWID": "0-418030eb673d235681703f378ef2f43c354e89231b3b4318a0aab3fc1040ae56",
        "@PARENT": "root.record.ItemExhibitList.P5Item.CostElementCategoryList.Support.CostElementList.CostElement.ManufacturerList.Manufacturer.HistoryPlanningList.HistoryPlanning"
    },
    {
        "Month_val": "2017-05",
        "Amount_val": "2000",
        "@SOURCE_FILENAME": "2019-BASE_PROCUREMENT-2019-AIRFORCE_AMMUNITION-U_PROCUREMENT_JustificationBook_Air_Force_PB_2019.zzz_unzipped-U_PROCUREMENT_JustificationBook_Air_Force_PB_2019.xml",
        "@RECORDID": "948340796190edae4b7d09a84a23e6c0f1e8d2da5a93e04cbdddc3e0a25eeec6",
        "@ROWID": "6-071cc7a3dff199a38c961447993fd29f2ea5271619a563cc683713859f4ab913",
        "@PARENTROWID": "0-418030eb673d235681703f378ef2f43c354e89231b3b4318a0aab3fc1040ae56",
        "@PARENT": "root.record.ItemExhibitList.P5Item.CostElementCategoryList.Support.CostElementList.CostElement.ManufacturerList.Manufacturer.HistoryPlanningList.HistoryPlanning"
    },
    {
        "Month_val": "2017-06",
        "Amount_val": "4000",
        "@SOURCE_FILENAME": "2019-BASE_PROCUREMENT-2019-AIRFORCE_AMMUNITION-U_PROCUREMENT_JustificationBook_Air_Force_PB_2019.zzz_unzipped-U_PROCUREMENT_JustificationBook_Air_Force_PB_2019.xml",
        "@RECORDID": "948340796190edae4b7d09a84a23e6c0f1e8d2da5a93e04cbdddc3e0a25eeec6",
        "@ROWID": "7-f72cb27330ad46c16b4224c406634ab6491ff88862861f5a1565af8cda0cdec0",
        "@PARENTROWID": "0-418030eb673d235681703f378ef2f43c354e89231b3b4318a0aab3fc1040ae56",
        "@PARENT": "root.record.ItemExhibitList.P5Item.CostElementCategoryList.Support.CostElementList.CostElement.ManufacturerList.Manufacturer.HistoryPlanningList.HistoryPlanning"
    },
    {
        "Month_val": "2017-07",
        "Amount_val": "4000",
        "@SOURCE_FILENAME": "2019-BASE_PROCUREMENT-2019-AIRFORCE_AMMUNITION-U_PROCUREMENT_JustificationBook_Air_Force_PB_2019.zzz_unzipped-U_PROCUREMENT_JustificationBook_Air_Force_PB_2019.xml",
        "@RECORDID": "948340796190edae4b7d09a84a23e6c0f1e8d2da5a93e04cbdddc3e0a25eeec6",
        "@ROWID": "8-7d374e68ed8361265a676da18d559cd2868a395d361b2b28790da915f11e4867",
        "@PARENTROWID": "0-418030eb673d235681703f378ef2f43c354e89231b3b4318a0aab3fc1040ae56",
        "@PARENT": "root.record.ItemExhibitList.P5Item.CostElementCategoryList.Support.CostElementList.CostElement.ManufacturerList.Manufacturer.HistoryPlanningList.HistoryPlanning"
    },
    {
        "Month_val": "2017-08",
        "Amount_val": "4000",
        "@SOURCE_FILENAME": "2019-BASE_PROCUREMENT-2019-AIRFORCE_AMMUNITION-U_PROCUREMENT_JustificationBook_Air_Force_PB_2019.zzz_unzipped-U_PROCUREMENT_JustificationBook_Air_Force_PB_2019.xml",
        "@RECORDID": "948340796190edae4b7d09a84a23e6c0f1e8d2da5a93e04cbdddc3e0a25eeec6",
        "@ROWID": "9-e91522344736d252ae83e79bfe700ccdfa8ce71f16a262950ad6fc58157e3a35",
        "@PARENTROWID": "0-418030eb673d235681703f378ef2f43c354e89231b3b4318a0aab3fc1040ae56",
        "@PARENT": "root.record.ItemExhibitList.P5Item.CostElementCategoryList.Support.CostElementList.CostElement.ManufacturerList.Manufacturer.HistoryPlanningList.HistoryPlanning"
    },
    {
        "Month_val": "2017-09",
        "Amount_val": "4000",
        "@SOURCE_FILENAME": "2019-BASE_PROCUREMENT-2019-AIRFORCE_AMMUNITION-U_PROCUREMENT_JustificationBook_Air_Force_PB_2019.zzz_unzipped-U_PROCUREMENT_JustificationBook_Air_Force_PB_2019.xml",
        "@RECORDID": "948340796190edae4b7d09a84a23e6c0f1e8d2da5a93e04cbdddc3e0a25eeec6",
        "@ROWID": "10-ee4c2df945a8f4afefa0eb8dfd3cf0c64c70f03ccbe913716c7735aa0de6e613",
        "@PARENTROWID": "0-418030eb673d235681703f378ef2f43c354e89231b3b4318a0aab3fc1040ae56",
        "@PARENT": "root.record.ItemExhibitList.P5Item.CostElementCategoryList.Support.CostElementList.CostElement.ManufacturerList.Manufacturer.HistoryPlanningList.HistoryPlanning"
    },
    {
        "Month_val": "2017-10",
        "Amount_val": "4000",
        "@SOURCE_FILENAME": "2019-BASE_PROCUREMENT-2019-AIRFORCE_AMMUNITION-U_PROCUREMENT_JustificationBook_Air_Force_PB_2019.zzz_unzipped-U_PROCUREMENT_JustificationBook_Air_Force_PB_2019.xml",
        "@RECORDID": "948340796190edae4b7d09a84a23e6c0f1e8d2da5a93e04cbdddc3e0a25eeec6",
        "@ROWID": "11-76374033d66a9736ead19a9c95a945dd6b03dd079a871f1fe4c537d8214c3f52",
        "@PARENTROWID": "0-418030eb673d235681703f378ef2f43c354e89231b3b4318a0aab3fc1040ae56",
        "@PARENT": "root.record.ItemExhibitList.P5Item.CostElementCategoryList.Support.CostElementList.CostElement.ManufacturerList.Manufacturer.HistoryPlanningList.HistoryPlanning"
    },
    {
        "Month_val": "2017-11",
        "Amount_val": "1020",
        "@SOURCE_FILENAME": "2019-BASE_PROCUREMENT-2019-AIRFORCE_AMMUNITION-U_PROCUREMENT_JustificationBook_Air_Force_PB_2019.zzz_unzipped-U_PROCUREMENT_JustificationBook_Air_Force_PB_2019.xml",
        "@RECORDID": "948340796190edae4b7d09a84a23e6c0f1e8d2da5a93e04cbdddc3e0a25eeec6",
        "@ROWID": "12-3cae4d166253090d5bba8e30390df87a9018d04443846174901281cfb7a9a68c",
        "@PARENTROWID": "0-418030eb673d235681703f378ef2f43c354e89231b3b4318a0aab3fc1040ae56",
        "@PARENT": "root.record.ItemExhibitList.P5Item.CostElementCategoryList.Support.CostElementList.CostElement.ManufacturerList.Manufacturer.HistoryPlanningList.HistoryPlanning"
    },
    {
        "Month_val": "2017-12",
        "Amount_val": "2000",
        "@SOURCE_FILENAME": "2019-BASE_PROCUREMENT-2019-AIRFORCE_AMMUNITION-U_PROCUREMENT_JustificationBook_Air_Force_PB_2019.zzz_unzipped-U_PROCUREMENT_JustificationBook_Air_Force_PB_2019.xml",
        "@RECORDID": "948340796190edae4b7d09a84a23e6c0f1e8d2da5a93e04cbdddc3e0a25eeec6",
        "@ROWID": "0-f255ebf30593839493007faedb0b8e058ce4147c209dd148ac2437788c2edc81",
        "@PARENTROWID": "0-b3285396d3dec63e22561d0136988a5f7ad58650ce7f8a448585b33dd2465961",
        "@PARENT": "root.record.ItemExhibitList.P5Item.CostElementCategoryList.Support.CostElementList.CostElement.ManufacturerList.Manufacturer.HistoryPlanningList.HistoryPlanning"
    },
    {
        "Month_val": "2018-01",
        "Amount_val": "707",
        "@SOURCE_FILENAME": "2019-BASE_PROCUREMENT-2019-AIRFORCE_AMMUNITION-U_PROCUREMENT_JustificationBook_Air_Force_PB_2019.zzz_unzipped-U_PROCUREMENT_JustificationBook_Air_Force_PB_2019.xml",
        "@RECORDID": "948340796190edae4b7d09a84a23e6c0f1e8d2da5a93e04cbdddc3e0a25eeec6",
        "@ROWID": "1-24b3fc100ff658c05d5fd8ded8e2ff93a239c5ded799e351664f256006e71aa4",
        "@PARENTROWID": "0-b3285396d3dec63e22561d0136988a5f7ad58650ce7f8a448585b33dd2465961",
        "@PARENT": "root.record.ItemExhibitList.P5Item.CostElementCategoryList.Support.CostElementList.CostElement.ManufacturerList.Manufacturer.HistoryPlanningList.HistoryPlanning"
    },
    {
        "Month_val": "2018-05",
        "Amount_val": "271",
        "@SOURCE_FILENAME": "2019-BASE_PROCUREMENT-2019-AIRFORCE_AMMUNITION-U_PROCUREMENT_MasterJustificationBook_Air_Force_PB_2019.zzz_unzipped-U_PROCUREMENT_MasterJustificationBook_Air_Force_PB_2019.xml",
        "@RECORDID": "5eb932eec80633e31db3e36e2444efa3425816690f6ea7ac7f2cdb928901e9a5",
        "@ROWID": "0-b6c8ad0195b2d997e56d07cd19ba7b7060823b461ac3a5b4d16593c396b407e0",
        "@PARENTROWID": "0-5f3f22d166de63ca76078ad3fa8519faa2dfbbace0daa409846e3602fccc3be8",
        "@PARENT": "root.record.ItemExhibitList.P5Item.CostElementCategoryList.Support.CostElementList.CostElement.ManufacturerList.Manufacturer.HistoryPlanningList.HistoryPlanning"
    },
    {
        "Month_val": "2018-06",
        "Amount_val": "2000",
        "@SOURCE_FILENAME": "2019-BASE_PROCUREMENT-2019-AIRFORCE_AMMUNITION-U_PROCUREMENT_MasterJustificationBook_Air_Force_PB_2019.zzz_unzipped-U_PROCUREMENT_MasterJustificationBook_Air_Force_PB_2019.xml",
        "@RECORDID": "5eb932eec80633e31db3e36e2444efa3425816690f6ea7ac7f2cdb928901e9a5",
        "@ROWID": "1-e5fe57e7c6c01aa66373bd3b2042fcf9a0bf6b2765c61a842956e6dbd63ce9bf",
        "@PARENTROWID": "0-5f3f22d166de63ca76078ad3fa8519faa2dfbbace0daa409846e3602fccc3be8",
        "@PARENT": "root.record.ItemExhibitList.P5Item.CostElementCategoryList.Support.CostElementList.CostElement.ManufacturerList.Manufacturer.HistoryPlanningList.HistoryPlanning"
    },
    {
        "Month_val": "2018-07",
        "Amount_val": "2000",
        "@SOURCE_FILENAME": "2019-BASE_PROCUREMENT-2019-AIRFORCE_AMMUNITION-U_PROCUREMENT_MasterJustificationBook_Air_Force_PB_2019.zzz_unzipped-U_PROCUREMENT_MasterJustificationBook_Air_Force_PB_2019.xml",
        "@RECORDID": "5eb932eec80633e31db3e36e2444efa3425816690f6ea7ac7f2cdb928901e9a5",
        "@ROWID": "2-1801cbe688a3736b8b002e8dd8ea87a6401d132c995562d1efa6a9d30836c585",
        "@PARENTROWID": "0-5f3f22d166de63ca76078ad3fa8519faa2dfbbace0daa409846e3602fccc3be8",
        "@PARENT": "root.record.ItemExhibitList.P5Item.CostElementCategoryList.Support.CostElementList.CostElement.ManufacturerList.Manufacturer.HistoryPlanningList.HistoryPlanning"
    },
    {
        "Month_val": "2018-08",
        "Amount_val": "326",
        "@SOURCE_FILENAME": "2019-BASE_PROCUREMENT-2019-AIRFORCE_AMMUNITION-U_PROCUREMENT_MasterJustificationBook_Air_Force_PB_2019.zzz_unzipped-U_PROCUREMENT_MasterJustificationBook_Air_Force_PB_2019.xml",
        "@RECORDID": "5eb932eec80633e31db3e36e2444efa3425816690f6ea7ac7f2cdb928901e9a5",
        "@ROWID": "3-f6b95dcd426592b94d0e59ca9240a94ae4ae6d22e86a34cf61a09d3063cd18a4",
        "@PARENTROWID": "0-5f3f22d166de63ca76078ad3fa8519faa2dfbbace0daa409846e3602fccc3be8",
        "@PARENT": "root.record.ItemExhibitList.P5Item.CostElementCategoryList.Support.CostElementList.CostElement.ManufacturerList.Manufacturer.HistoryPlanningList.HistoryPlanning"
    },
    {
        "Month_val": "2019-04",
        "Amount_val": "686",
        "@SOURCE_FILENAME": "2019-BASE_PROCUREMENT-2019-AIRFORCE_AMMUNITION-U_PROCUREMENT_MasterJustificationBook_Air_Force_PB_2019.zzz_unzipped-U_PROCUREMENT_MasterJustificationBook_Air_Force_PB_2019.xml",
        "@RECORDID": "5eb932eec80633e31db3e36e2444efa3425816690f6ea7ac7f2cdb928901e9a5",
        "@ROWID": "0-2073b6ae27fa38ff58955c91e17ee1eef8a18c9a86154686dab978e73903b2b9",
        "@PARENTROWID": "1-34f98dc14e92c6bbb2503c710be4bebaecf20e8c845fbc0bd24b6d0fd65e7152",
        "@PARENT": "root.record.ItemExhibitList.P5Item.CostElementCategoryList.Support.CostElementList.CostElement.ManufacturerList.Manufacturer.HistoryPlanningList.HistoryPlanning"
    },
    {
        "Month_val": "2016-11",
        "Amount_val": "2000",
        "@SOURCE_FILENAME": "2019-BASE_PROCUREMENT-2019-AIRFORCE_AMMUNITION-U_PROCUREMENT_MasterJustificationBook_Air_Force_PB_2019.zzz_unzipped-U_PROCUREMENT_MasterJustificationBook_Air_Force_PB_2019.xml",
        "@RECORDID": "5eb932eec80633e31db3e36e2444efa3425816690f6ea7ac7f2cdb928901e9a5",
        "@ROWID": "0-27813bcb4195507f7319c0077a665af7be486c6cf565d2af43c54475357f52e7",
        "@PARENTROWID": "0-a138d539c5a16a86d8a3d9cfd4ee1c04e66f50806eb16d08123e5dc83f917e8d",
        "@PARENT": "root.record.ItemExhibitList.P5Item.CostElementCategoryList.Support.CostElementList.CostElement.ManufacturerList.Manufacturer.HistoryPlanningList.HistoryPlanning"
    },
    {
        "Month_val": "2016-12",
        "Amount_val": "2000",
        "@SOURCE_FILENAME": "2019-BASE_PROCUREMENT-2019-AIRFORCE_AMMUNITION-U_PROCUREMENT_MasterJustificationBook_Air_Force_PB_2019.zzz_unzipped-U_PROCUREMENT_MasterJustificationBook_Air_Force_PB_2019.xml",
        "@RECORDID": "5eb932eec80633e31db3e36e2444efa3425816690f6ea7ac7f2cdb928901e9a5",
        "@ROWID": "1-92b54df43113c59db829ef3cc89706af27744b2c1d9b62d90eeadccf504966ea",
        "@PARENTROWID": "0-a138d539c5a16a86d8a3d9cfd4ee1c04e66f50806eb16d08123e5dc83f917e8d",
        "@PARENT": "root.record.ItemExhibitList.P5Item.CostElementCategoryList.Support.CostElementList.CostElement.ManufacturerList.Manufacturer.HistoryPlanningList.HistoryPlanning"
    },
    {
        "Month_val": "2017-01",
        "Amount_val": "2000",
        "@SOURCE_FILENAME": "2019-BASE_PROCUREMENT-2019-AIRFORCE_AMMUNITION-U_PROCUREMENT_MasterJustificationBook_Air_Force_PB_2019.zzz_unzipped-U_PROCUREMENT_MasterJustificationBook_Air_Force_PB_2019.xml",
        "@RECORDID": "5eb932eec80633e31db3e36e2444efa3425816690f6ea7ac7f2cdb928901e9a5",
        "@ROWID": "2-e71aa6e2733d52351299866f6277b975f9f3b38054ef807afcb031939893b580",
        "@PARENTROWID": "0-a138d539c5a16a86d8a3d9cfd4ee1c04e66f50806eb16d08123e5dc83f917e8d",
        "@PARENT": "root.record.ItemExhibitList.P5Item.CostElementCategoryList.Support.CostElementList.CostElement.ManufacturerList.Manufacturer.HistoryPlanningList.HistoryPlanning"
    },
    {
        "Month_val": "2017-02",
        "Amount_val": "2000",
        "@SOURCE_FILENAME": "2019-BASE_PROCUREMENT-2019-AIRFORCE_AMMUNITION-U_PROCUREMENT_MasterJustificationBook_Air_Force_PB_2019.zzz_unzipped-U_PROCUREMENT_MasterJustificationBook_Air_Force_PB_2019.xml",
        "@RECORDID": "5eb932eec80633e31db3e36e2444efa3425816690f6ea7ac7f2cdb928901e9a5",
        "@ROWID": "3-a50f2d6acfba3235c48952f036fcad1ebc1a0d4542ae098e58dbcfe625963d99",
        "@PARENTROWID": "0-a138d539c5a16a86d8a3d9cfd4ee1c04e66f50806eb16d08123e5dc83f917e8d",
        "@PARENT": "root.record.ItemExhibitList.P5Item.CostElementCategoryList.Support.CostElementList.CostElement.ManufacturerList.Manufacturer.HistoryPlanningList.HistoryPlanning"
    },
    {
        "Month_val": "2017-03",
        "Amount_val": "2000",
        "@SOURCE_FILENAME": "2019-BASE_PROCUREMENT-2019-AIRFORCE_AMMUNITION-U_PROCUREMENT_MasterJustificationBook_Air_Force_PB_2019.zzz_unzipped-U_PROCUREMENT_MasterJustificationBook_Air_Force_PB_2019.xml",
        "@RECORDID": "5eb932eec80633e31db3e36e2444efa3425816690f6ea7ac7f2cdb928901e9a5",
        "@ROWID": "4-2df138622e6c9ed7b06b12e1639d443496499d0a9eb57d58808ed131fa35141e",
        "@PARENTROWID": "0-a138d539c5a16a86d8a3d9cfd4ee1c04e66f50806eb16d08123e5dc83f917e8d",
        "@PARENT": "root.record.ItemExhibitList.P5Item.CostElementCategoryList.Support.CostElementList.CostElement.ManufacturerList.Manufacturer.HistoryPlanningList.HistoryPlanning"
    },
    {
        "Month_val": "2017-04",
        "Amount_val": "2000",
        "@SOURCE_FILENAME": "2019-BASE_PROCUREMENT-2019-AIRFORCE_AMMUNITION-U_PROCUREMENT_MasterJustificationBook_Air_Force_PB_2019.zzz_unzipped-U_PROCUREMENT_MasterJustificationBook_Air_Force_PB_2019.xml",
        "@RECORDID": "5eb932eec80633e31db3e36e2444efa3425816690f6ea7ac7f2cdb928901e9a5",
        "@ROWID": "5-5175b5bbb50397c40d3a1f14f66cec015b88870891a946427bebbed2f0d8fd0c",
        "@PARENTROWID": "0-a138d539c5a16a86d8a3d9cfd4ee1c04e66f50806eb16d08123e5dc83f917e8d",
        "@PARENT": "root.record.ItemExhibitList.P5Item.CostElementCategoryList.Support.CostElementList.CostElement.ManufacturerList.Manufacturer.HistoryPlanningList.HistoryPlanning"
    },
    {
        "Month_val": "2017-05",
        "Amount_val": "2000",
        "@SOURCE_FILENAME": "2019-BASE_PROCUREMENT-2019-AIRFORCE_AMMUNITION-U_PROCUREMENT_MasterJustificationBook_Air_Force_PB_2019.zzz_unzipped-U_PROCUREMENT_MasterJustificationBook_Air_Force_PB_2019.xml",
        "@RECORDID": "5eb932eec80633e31db3e36e2444efa3425816690f6ea7ac7f2cdb928901e9a5",
        "@ROWID": "6-81475033f6a51939c5d9bf653e30f791f9afb7397ed25086ef1f9f95786128db",
        "@PARENTROWID": "0-a138d539c5a16a86d8a3d9cfd4ee1c04e66f50806eb16d08123e5dc83f917e8d",
        "@PARENT": "root.record.ItemExhibitList.P5Item.CostElementCategoryList.Support.CostElementList.CostElement.ManufacturerList.Manufacturer.HistoryPlanningList.HistoryPlanning"
    },
    {
        "Month_val": "2017-06",
        "Amount_val": "4000",
        "@SOURCE_FILENAME": "2019-BASE_PROCUREMENT-2019-AIRFORCE_AMMUNITION-U_PROCUREMENT_MasterJustificationBook_Air_Force_PB_2019.zzz_unzipped-U_PROCUREMENT_MasterJustificationBook_Air_Force_PB_2019.xml",
        "@RECORDID": "5eb932eec80633e31db3e36e2444efa3425816690f6ea7ac7f2cdb928901e9a5",
        "@ROWID": "7-42778259b0d62dc02daa50be138e971b94ef4526741350c45def58f5d9f4aaec",
        "@PARENTROWID": "0-a138d539c5a16a86d8a3d9cfd4ee1c04e66f50806eb16d08123e5dc83f917e8d",
        "@PARENT": "root.record.ItemExhibitList.P5Item.CostElementCategoryList.Support.CostElementList.CostElement.ManufacturerList.Manufacturer.HistoryPlanningList.HistoryPlanning"
    },
    {
        "Month_val": "2017-07",
        "Amount_val": "4000",
        "@SOURCE_FILENAME": "2019-BASE_PROCUREMENT-2019-AIRFORCE_AMMUNITION-U_PROCUREMENT_MasterJustificationBook_Air_Force_PB_2019.zzz_unzipped-U_PROCUREMENT_MasterJustificationBook_Air_Force_PB_2019.xml",
        "@RECORDID": "5eb932eec80633e31db3e36e2444efa3425816690f6ea7ac7f2cdb928901e9a5",
        "@ROWID": "8-0cd18a224526e40ecab077d198ef5ca4fda78505a516bb4194ebdd02ad575ad3",
        "@PARENTROWID": "0-a138d539c5a16a86d8a3d9cfd4ee1c04e66f50806eb16d08123e5dc83f917e8d",
        "@PARENT": "root.record.ItemExhibitList.P5Item.CostElementCategoryList.Support.CostElementList.CostElement.ManufacturerList.Manufacturer.HistoryPlanningList.HistoryPlanning"
    },
    {
        "Month_val": "2017-08",
        "Amount_val": "4000",
        "@SOURCE_FILENAME": "2019-BASE_PROCUREMENT-2019-AIRFORCE_AMMUNITION-U_PROCUREMENT_MasterJustificationBook_Air_Force_PB_2019.zzz_unzipped-U_PROCUREMENT_MasterJustificationBook_Air_Force_PB_2019.xml",
        "@RECORDID": "5eb932eec80633e31db3e36e2444efa3425816690f6ea7ac7f2cdb928901e9a5",
        "@ROWID": "9-8b9c09b974187ff915779561ff2ff1c1ea65b2800f1f69637950ae5de47a99ef",
        "@PARENTROWID": "0-a138d539c5a16a86d8a3d9cfd4ee1c04e66f50806eb16d08123e5dc83f917e8d",
        "@PARENT": "root.record.ItemExhibitList.P5Item.CostElementCategoryList.Support.CostElementList.CostElement.ManufacturerList.Manufacturer.HistoryPlanningList.HistoryPlanning"
    },
    {
        "Month_val": "2017-09",
        "Amount_val": "4000",
        "@SOURCE_FILENAME": "2019-BASE_PROCUREMENT-2019-AIRFORCE_AMMUNITION-U_PROCUREMENT_MasterJustificationBook_Air_Force_PB_2019.zzz_unzipped-U_PROCUREMENT_MasterJustificationBook_Air_Force_PB_2019.xml",
        "@RECORDID": "5eb932eec80633e31db3e36e2444efa3425816690f6ea7ac7f2cdb928901e9a5",
        "@ROWID": "10-89751ace14fc0ffc63f327c149f3b891fac713f8f8a85f3d0fab4495139d8eb9",
        "@PARENTROWID": "0-a138d539c5a16a86d8a3d9cfd4ee1c04e66f50806eb16d08123e5dc83f917e8d",
        "@PARENT": "root.record.ItemExhibitList.P5Item.CostElementCategoryList.Support.CostElementList.CostElement.ManufacturerList.Manufacturer.HistoryPlanningList.HistoryPlanning"
    },
    {
        "Month_val": "2017-10",
        "Amount_val": "4000",
        "@SOURCE_FILENAME": "2019-BASE_PROCUREMENT-2019-AIRFORCE_AMMUNITION-U_PROCUREMENT_MasterJustificationBook_Air_Force_PB_2019.zzz_unzipped-U_PROCUREMENT_MasterJustificationBook_Air_Force_PB_2019.xml",
        "@RECORDID": "5eb932eec80633e31db3e36e2444efa3425816690f6ea7ac7f2cdb928901e9a5",
        "@ROWID": "11-e5dc451d7343422fc91c6a985865c991ee47289deba4f5a0e5d9b31bc5625251",
        "@PARENTROWID": "0-a138d539c5a16a86d8a3d9cfd4ee1c04e66f50806eb16d08123e5dc83f917e8d",
        "@PARENT": "root.record.ItemExhibitList.P5Item.CostElementCategoryList.Support.CostElementList.CostElement.ManufacturerList.Manufacturer.HistoryPlanningList.HistoryPlanning"
    },
    {
        "Month_val": "2017-11",
        "Amount_val": "1020",
        "@SOURCE_FILENAME": "2019-BASE_PROCUREMENT-2019-AIRFORCE_AMMUNITION-U_PROCUREMENT_MasterJustificationBook_Air_Force_PB_2019.zzz_unzipped-U_PROCUREMENT_MasterJustificationBook_Air_Force_PB_2019.xml",
        "@RECORDID": "5eb932eec80633e31db3e36e2444efa3425816690f6ea7ac7f2cdb928901e9a5",
        "@ROWID": "12-404ae038e0feb5939077c2ab1a2f06fd73370f44b5a95643493541a999def0f7",
        "@PARENTROWID": "0-a138d539c5a16a86d8a3d9cfd4ee1c04e66f50806eb16d08123e5dc83f917e8d",
        "@PARENT": "root.record.ItemExhibitList.P5Item.CostElementCategoryList.Support.CostElementList.CostElement.ManufacturerList.Manufacturer.HistoryPlanningList.HistoryPlanning"
    },
    {
        "Month_val": "2017-12",
        "Amount_val": "2000",
        "@SOURCE_FILENAME": "2019-BASE_PROCUREMENT-2019-AIRFORCE_AMMUNITION-U_PROCUREMENT_MasterJustificationBook_Air_Force_PB_2019.zzz_unzipped-U_PROCUREMENT_MasterJustificationBook_Air_Force_PB_2019.xml",
        "@RECORDID": "5eb932eec80633e31db3e36e2444efa3425816690f6ea7ac7f2cdb928901e9a5",
        "@ROWID": "0-ea92527581e78bd63be7baaccc58c0a6304823e632a93de508c7c50ba1cfbdbd",
        "@PARENTROWID": "0-7f5197dccd5b56f953c9b43c773c79488a8a3cc998377d30fe3885314ba955eb",
        "@PARENT": "root.record.ItemExhibitList.P5Item.CostElementCategoryList.Support.CostElementList.CostElement.ManufacturerList.Manufacturer.HistoryPlanningList.HistoryPlanning"
    },
    {
        "Month_val": "2018-01",
        "Amount_val": "707",
        "@SOURCE_FILENAME": "2019-BASE_PROCUREMENT-2019-AIRFORCE_AMMUNITION-U_PROCUREMENT_MasterJustificationBook_Air_Force_PB_2019.zzz_unzipped-U_PROCUREMENT_MasterJustificationBook_Air_Force_PB_2019.xml",
        "@RECORDID": "5eb932eec80633e31db3e36e2444efa3425816690f6ea7ac7f2cdb928901e9a5",
        "@ROWID": "1-4388f7fc5b2876ea86bc2ca23c9a52222743397f3943e4825ce29547b55dbd56",
        "@PARENTROWID": "0-7f5197dccd5b56f953c9b43c773c79488a8a3cc998377d30fe3885314ba955eb",
        "@PARENT": "root.record.ItemExhibitList.P5Item.CostElementCategoryList.Support.CostElementList.CostElement.ManufacturerList.Manufacturer.HistoryPlanningList.HistoryPlanning"
    }
]