Name_val,ProductionLeadTime_val,HistoryPlanningList_HistoryPlanning_FiscalYear_val,HistoryPlanningList_HistoryPlanning_Hull_ShipType_val,HistoryPlanningList_HistoryPlanning_Hull_HullNumber_val,HistoryPlanningList_HistoryPlanning_AwardDate_val,HistoryPlanningList_HistoryPlanning_FirstDeliveryDate_val,HistoryPlanningList_HistoryPlanning_Quantity_val,HistoryPlanningList_HistoryPlanning_UnitCost_val,HistoryPlanningList_HistoryPlanning_ShipContractMethodAndTypeList_ShipContractMethodAndType_ContractMethod_val,HistoryPlanningList_HistoryPlanning_ShipContractMethodAndTypeList_ShipContractMethodAndType_ContractType_val,HistoryPlanningList_HistoryPlanning_NewOrOption_val,HistoryPlanningList_HistoryPlanning_MonthsRequiredBeforeDelivery_val,HistoryPlanningList_HistoryPlanning_RequiredAwardDate_val,HistoryPlanningList_HistoryPlanning_FundingVehicle_val,@SOURCE_FILENAME,@RECORDID,@ROWID,@PARENTROWID,@PARENT
"BAE Systems","30","2016","SSN","796","2016-04","2021-02","2","24.650","C","FFP","option","35","2015-09","","2018-BASE_PROCUREMENT-2018-NAVY_SHIPBUILDINGANDCOVERSION-U_PROCUREMENT_JustificationBook_Navy_PB_2018.zzz_unzipped-U_PROCUREMENT_JustificationBook_Navy_PB_2018.xml","e65faa6577a08f2ddf29b7d5454a13aa910b941ba87ebd505eb81f9f400deed2","0-e672396d981f6ba914b47a542d0f7560af7d9c2a0929074860759dfe8369b7f3","0-e1434414707f2375327686e141885f31743067d09106602c0cd2734ab5114a96","root.record.ShipsExhibitList.P5ShipClass.CostElementCategories.HME.CostElementAnalysis.P35ItemList.P35Item"
"BAE Systems","30","2017","SSN","798","2016-04","2022-02","2","25.500","C","FFP","option","35","2016-09","","2018-BASE_PROCUREMENT-2018-NAVY_SHIPBUILDINGANDCOVERSION-U_PROCUREMENT_JustificationBook_Navy_PB_2018.zzz_unzipped-U_PROCUREMENT_JustificationBook_Navy_PB_2018.xml","e65faa6577a08f2ddf29b7d5454a13aa910b941ba87ebd505eb81f9f400deed2","1-e9d235e323783384721d38be68b78aef70f1451b98e1402e9de038821928899b","0-e1434414707f2375327686e141885f31743067d09106602c0cd2734ab5114a96","root.record.ShipsExhibitList.P5ShipClass.CostElementCategories.HME.CostElementAnalysis.P35ItemList.P35Item"
"BAE Systems","30","2018","SSN","800","2016-04","2023-02","2","26.350","C","FFP","option","35","2017-09","","2018-BASE_PROCUREMENT-2018-NAVY_SHIPBUILDINGANDCOVERSION-U_PROCUREMENT_JustificationBook_Navy_PB_2018.zzz_unzipped-U_PROCUREMENT_JustificationBook_Navy_PB_2018.xml","e65faa6577a08f2ddf29b7d5454a13aa910b941ba87ebd505eb81f9f400deed2","2-ce8a035e8cd48f001bcd4c4d03430ce8892c66fcc970a83db2ee696e5f3bc080","0-e1434414707f2375327686e141885f31743067d09106602c0cd2734ab5114a96","root.record.ShipsExhibitList.P5ShipClass.CostElementCategories.HME.CostElementAnalysis.P35ItemList.P35Item"
"Various","12","2012","CVN","72","2012-07","2017-05","1","7.975","C","IDIQ","new","32","2013-06","","2018-BASE_PROCUREMENT-2018-NAVY_SHIPBUILDINGANDCOVERSION-U_PROCUREMENT_JustificationBook_Navy_PB_2018.zzz_unzipped-U_PROCUREMENT_JustificationBook_Navy_PB_2018.xml","30f05fcd72a912823615127e43b2be8ca570156afc2855adfc6c02323fd91c7d","0-458974168714e16ef6af0813f02a7d194a83b0bbc8c887d80c45b2e0b914eea7","0-3a2347d1471f4515dbff5e7629cb8ae928c6710566a79a9ebe7c62c9b0d757d1","root.record.ShipsExhibitList.P5ShipClass.CostElementCategories.HME.CostElementAnalysis.P35ItemList.P35Item"
"Tecnico","6","2016","CVN","73","2016-12","2021-08","1","4.650","C","CPFF","new","35","2017-11","","2018-BASE_PROCUREMENT-2018-NAVY_SHIPBUILDINGANDCOVERSION-U_PROCUREMENT_JustificationBook_Navy_PB_2018.zzz_unzipped-U_PROCUREMENT_JustificationBook_Navy_PB_2018.xml","30f05fcd72a912823615127e43b2be8ca570156afc2855adfc6c02323fd91c7d","1-32df03f2c1664604849bf834390908a4b4d4b51daca3342549c52a31f6af69fd","0-3a2347d1471f4515dbff5e7629cb8ae928c6710566a79a9ebe7c62c9b0d757d1","root.record.ShipsExhibitList.P5ShipClass.CostElementCategories.HME.CostElementAnalysis.P35ItemList.P35Item"
"QED","12","2012","CVN","72","2011-09","2017-05","1","1.128","C","CPFF","new","42","2012-08","","2018-BASE_PROCUREMENT-2018-NAVY_SHIPBUILDINGANDCOVERSION-U_PROCUREMENT_JustificationBook_Navy_PB_2018.zzz_unzipped-U_PROCUREMENT_JustificationBook_Navy_PB_2018.xml","30f05fcd72a912823615127e43b2be8ca570156afc2855adfc6c02323fd91c7d","0-e161b05d53a5ebf7ff0aa9b18b4e82055bf8be7ecde8bff7ea28d883438fa62c","1-e42b2c89811eed23615ff02575d763646e8e52bb2de25856c25804f7c7fe69ee","root.record.ShipsExhibitList.P5ShipClass.CostElementCategories.HME.CostElementAnalysis.P35ItemList.P35Item"
"N/A","12","2016","CVN","73","","2021-08","1","0.000","","","","47","2016-05","TBD","2018-BASE_PROCUREMENT-2018-NAVY_SHIPBUILDINGANDCOVERSION-U_PROCUREMENT_JustificationBook_Navy_PB_2018.zzz_unzipped-U_PROCUREMENT_JustificationBook_Navy_PB_2018.xml","30f05fcd72a912823615127e43b2be8ca570156afc2855adfc6c02323fd91c7d","1-6ab6cdb30a8f11b4d482c5760a52e697c368ca534b961f760f11f37624b99a91","1-e42b2c89811eed23615ff02575d763646e8e52bb2de25856c25804f7c7fe69ee","root.record.ShipsExhibitList.P5ShipClass.CostElementCategories.HME.CostElementAnalysis.P35ItemList.P35Item"
"RIX INDUSTRIES","12","2012","CVN","72","2011-07","2017-05","1","3.115","C","FFP","option","39","2012-11","","2018-BASE_PROCUREMENT-2018-NAVY_SHIPBUILDINGANDCOVERSION-U_PROCUREMENT_JustificationBook_Navy_PB_2018.zzz_unzipped-U_PROCUREMENT_JustificationBook_Navy_PB_2018.xml","30f05fcd72a912823615127e43b2be8ca570156afc2855adfc6c02323fd91c7d","0-a5ebb3dccdc868066a2c6f34acd18ae70e09cb1732ec9beb20d5ff7d31f80b68","2-18d3986839e04d6a32efc68f9e1cdcb3cf4f0363d298090330eed40de911d4e9","root.record.ShipsExhibitList.P5ShipClass.CostElementCategories.HME.CostElementAnalysis.P35ItemList.P35Item"
"RIX INDUSTIRES","12","2016","CVN","73","2015-02","2021-08","1","3.881","C","FFP","option","47","2016-05","","2018-BASE_PROCUREMENT-2018-NAVY_SHIPBUILDINGANDCOVERSION-U_PROCUREMENT_JustificationBook_Navy_PB_2018.zzz_unzipped-U_PROCUREMENT_JustificationBook_Navy_PB_2018.xml","30f05fcd72a912823615127e43b2be8ca570156afc2855adfc6c02323fd91c7d","1-29e2e84da3560af9a4199ebae339208e49da7bcccb4c20f75debbdd5c3c5abdf","2-18d3986839e04d6a32efc68f9e1cdcb3cf4f0363d298090330eed40de911d4e9","root.record.ShipsExhibitList.P5ShipClass.CostElementCategories.HME.CostElementAnalysis.P35ItemList.P35Item"
"Various","11","2012","CVN","72","2012-05","2017-05","1","0.193","C","CPFF","new","38","2013-01","","2018-BASE_PROCUREMENT-2018-NAVY_SHIPBUILDINGANDCOVERSION-U_PROCUREMENT_JustificationBook_Navy_PB_2018.zzz_unzipped-U_PROCUREMENT_JustificationBook_Navy_PB_2018.xml","30f05fcd72a912823615127e43b2be8ca570156afc2855adfc6c02323fd91c7d","0-b7e39f8e83175fe900509398b25dc609cbeb431c17d694a336bbcdd2cdccd2ff","3-aface433bfc13098db00371c07fa47742ae37e34a62a84de25da5d82eccb0838","root.record.ShipsExhibitList.P5ShipClass.CostElementCategories.HME.CostElementAnalysis.P35ItemList.P35Item"
"Various","12","2016","CVN","73","2017-01","2021-08","1","6.891","C","FFP","new","47","2016-05","","2018-BASE_PROCUREMENT-2018-NAVY_SHIPBUILDINGANDCOVERSION-U_PROCUREMENT_JustificationBook_Navy_PB_2018.zzz_unzipped-U_PROCUREMENT_JustificationBook_Navy_PB_2018.xml","30f05fcd72a912823615127e43b2be8ca570156afc2855adfc6c02323fd91c7d","0-628c78c347c5973ad64d27facf121d8642e5613be1857b4a86a136052fa467ec","4-da14ad4ac6564bc7cd6f3826cef350f45104cf2f74ecb4283743b0fb30cc0371","root.record.ShipsExhibitList.P5ShipClass.CostElementCategories.HME.CostElementAnalysis.P35ItemList.P35Item"
"ROCKWELL CORP","8","2012","CVN","72","2012-08","2017-05","1","1.065","C","IDIQ","option","42","2012-12","","2018-BASE_PROCUREMENT-2018-NAVY_SHIPBUILDINGANDCOVERSION-U_PROCUREMENT_JustificationBook_Navy_PB_2018.zzz_unzipped-U_PROCUREMENT_JustificationBook_Navy_PB_2018.xml","30f05fcd72a912823615127e43b2be8ca570156afc2855adfc6c02323fd91c7d","0-0e709fd3dfe772de5a9f5accd92c2526cb41909b0b17ff45dba263cc717ea183","5-3f375c6c7d9bf4b40f48498a6ea2d4ca5a698ef4674fa7c6b8df9451e28ba3ea","root.record.ShipsExhibitList.P5ShipClass.CostElementCategories.HME.CostElementAnalysis.P35ItemList.P35Item"
"NG P/CS","26","2016","CVN","73","2015-08","2021-08","1","4.569","C","FFP","option","27","2016-11","","2018-BASE_PROCUREMENT-2018-NAVY_SHIPBUILDINGANDCOVERSION-U_PROCUREMENT_JustificationBook_Navy_PB_2018.zzz_unzipped-U_PROCUREMENT_JustificationBook_Navy_PB_2018.xml","30f05fcd72a912823615127e43b2be8ca570156afc2855adfc6c02323fd91c7d","0-8ff771439553b84e1bc4c63885b801e6f9224c6b008e6cd8d392e7209c0441df","6-ee6cd83ec336471d2becdd4dcbfca7d7b307c0f7185caa4ac130e8b5a628d92a","root.record.ShipsExhibitList.P5ShipClass.CostElementCategories.HME.CostElementAnalysis.P35ItemList.P35Item"
"Rolls-Royce","24","2007","DDG","1000","2007-03","2018-05","4","18.316","C","FFP","new","33","2013-08","","2018-BASE_PROCUREMENT-2018-NAVY_SHIPBUILDINGANDCOVERSION-U_PROCUREMENT_JustificationBook_Navy_PB_2018.zzz_unzipped-U_PROCUREMENT_JustificationBook_Navy_PB_2018.xml","63a199acf2aec9803478e689b99e17d5ba8e6ed8eb7dfb080491db0b111af06e","0-9206d2ec822a6dd1eadc25da52c6f7f08f2b41bd8084ffe5f1a7cf5a7294afeb","0-4360a801154feb93da18e4105aae165606225f360037e01001d0c3df02a854bc","root.record.ShipsExhibitList.P5ShipClass.CostElementCategories.HME.CostElementAnalysis.P35ItemList.P35Item"
"Rolls-Royce","24","2009","DDG","1002","2008-01","2021-12","2","19.706","C","FFP","option","33","2017-03","","2018-BASE_PROCUREMENT-2018-NAVY_SHIPBUILDINGANDCOVERSION-U_PROCUREMENT_JustificationBook_Navy_PB_2018.zzz_unzipped-U_PROCUREMENT_JustificationBook_Navy_PB_2018.xml","63a199acf2aec9803478e689b99e17d5ba8e6ed8eb7dfb080491db0b111af06e","1-4b23a4c44552a0ab421b88128ed207009f7c4b8c47a76c843d3a5a7ef11f987c","0-4360a801154feb93da18e4105aae165606225f360037e01001d0c3df02a854bc","root.record.ShipsExhibitList.P5ShipClass.CostElementCategories.HME.CostElementAnalysis.P35ItemList.P35Item"
"DRS","16","2016","DDG","123","2016-07","2021-07","3","4.724","C","FFP","option","30","2017-09","","2018-BASE_PROCUREMENT-2018-NAVY_SHIPBUILDINGANDCOVERSION-U_PROCUREMENT_JustificationBook_Navy_PB_2018.zzz_unzipped-U_PROCUREMENT_JustificationBook_Navy_PB_2018.xml","341c09c4a37bc5105a93194374c2b71f3cdff23a738f04e5629acb1abd33932e","0-a9e2e9c4a1a07c9fca5c43e4fd57a2677bf5e0cc209c081de6adcc976e8ef7fc","0-372d2c03654d28cd0c45cff43f9dd290251bed75891cbefaba4626e610d59412","root.record.ShipsExhibitList.P5ShipClass.CostElementCategories.HME.CostElementAnalysis.P35ItemList.P35Item"
"DRS","16","2017","DDG","125","2017-07","2022-07","2","4.804","C","FFP","option","30","2018-09","","2018-BASE_PROCUREMENT-2018-NAVY_SHIPBUILDINGANDCOVERSION-U_PROCUREMENT_JustificationBook_Navy_PB_2018.zzz_unzipped-U_PROCUREMENT_JustificationBook_Navy_PB_2018.xml","341c09c4a37bc5105a93194374c2b71f3cdff23a738f04e5629acb1abd33932e","1-69439862f73543f65e4373036bcdbce3b300f501a6cba667ac88a07a6eac0fea","0-372d2c03654d28cd0c45cff43f9dd290251bed75891cbefaba4626e610d59412","root.record.ShipsExhibitList.P5ShipClass.CostElementCategories.HME.CostElementAnalysis.P35ItemList.P35Item"
"DRS","16","2018","DDG","128","2018-07","2023-07","2","4.899","C","FFP","option","30","2019-09","","2018-BASE_PROCUREMENT-2018-NAVY_SHIPBUILDINGANDCOVERSION-U_PROCUREMENT_JustificationBook_Navy_PB_2018.zzz_unzipped-U_PROCUREMENT_JustificationBook_Navy_PB_2018.xml","341c09c4a37bc5105a93194374c2b71f3cdff23a738f04e5629acb1abd33932e","2-52fac97b9fa848eeb11b094088b46fbca76cda3849788aed01ab022b9464d830","0-372d2c03654d28cd0c45cff43f9dd290251bed75891cbefaba4626e610d59412","root.record.ShipsExhibitList.P5ShipClass.CostElementCategories.HME.CostElementAnalysis.P35ItemList.P35Item"
"PHILADELPHIA GEAR","30","2016","DDG","123","2016-03","2021-07","3","32.742","C","FFP","option","32","2016-05","","2018-BASE_PROCUREMENT-2018-NAVY_SHIPBUILDINGANDCOVERSION-U_PROCUREMENT_JustificationBook_Navy_PB_2018.zzz_unzipped-U_PROCUREMENT_JustificationBook_Navy_PB_2018.xml","341c09c4a37bc5105a93194374c2b71f3cdff23a738f04e5629acb1abd33932e","0-34c2ef73213e67070ee457afc3905cae08fb0c7d13655c7a1ff28eb2807dc539","1-c01ed5ed7025d20b1e5dfa628a2c844875383389a27ff86f88cea95c65c4ee59","root.record.ShipsExhibitList.P5ShipClass.CostElementCategories.HME.CostElementAnalysis.P35ItemList.P35Item"
"PHILADELPHIA GEAR","30","2017","DDG","125","2017-03","2022-07","2","32.699","C","FFP","new","32","2017-05","","2018-BASE_PROCUREMENT-2018-NAVY_SHIPBUILDINGANDCOVERSION-U_PROCUREMENT_JustificationBook_Navy_PB_2018.zzz_unzipped-U_PROCUREMENT_JustificationBook_Navy_PB_2018.xml","341c09c4a37bc5105a93194374c2b71f3cdff23a738f04e5629acb1abd33932e","1-694534c274f72235db20998d54221d0831c2b97eaa2589cb0e456603b12490a8","1-c01ed5ed7025d20b1e5dfa628a2c844875383389a27ff86f88cea95c65c4ee59","root.record.ShipsExhibitList.P5ShipClass.CostElementCategories.HME.CostElementAnalysis.P35ItemList.P35Item"
"PHILADELPHIA GEAR","30","2018","DDG","128","2018-03","2023-07","2","35.510","C","FFP","option","32","2018-05","","2018-BASE_PROCUREMENT-2018-NAVY_SHIPBUILDINGANDCOVERSION-U_PROCUREMENT_JustificationBook_Navy_PB_2018.zzz_unzipped-U_PROCUREMENT_JustificationBook_Navy_PB_2018.xml","341c09c4a37bc5105a93194374c2b71f3cdff23a738f04e5629acb1abd33932e","2-ab85203c0dcc2eeb3631c8ef78750d751ffb40c4c2b141a944ac3dfca17b092e","1-c01ed5ed7025d20b1e5dfa628a2c844875383389a27ff86f88cea95c65c4ee59","root.record.ShipsExhibitList.P5ShipClass.CostElementCategories.HME.CostElementAnalysis.P35ItemList.P35Item"
"BAE Systems","30","2016","SSN","796","2016-04","2021-02","2","24.650","C","FFP","option","35","2015-09","","2018-BASE_PROCUREMENT-2018-NAVY_SHIPBUILDINGANDCOVERSION-U_PROCUREMENT_MasterJustificationBook_Navy_PB_2018.zzz_unzipped-U_PROCUREMENT_MasterJustificationBook_Navy_PB_2018.xml","b9b3c2143c11a13c8f2c4f97143714796c97d937a9c0d0bc447e53de4a529dc3","0-bab440f45ce1b3771e5e932d43c2870fa9c1164ed61a8e5291a6146b559fc8f4","0-e05526d81c8afdb83d48649b67f2d85548e7802ad2c08a1023e32aad3bf912af","root.record.ShipsExhibitList.P5ShipClass.CostElementCategories.HME.CostElementAnalysis.P35ItemList.P35Item"
"BAE Systems","30","2017","SSN","798","2016-04","2022-02","2","25.500","C","FFP","option","35","2016-09","","2018-BASE_PROCUREMENT-2018-NAVY_SHIPBUILDINGANDCOVERSION-U_PROCUREMENT_MasterJustificationBook_Navy_PB_2018.zzz_unzipped-U_PROCUREMENT_MasterJustificationBook_Navy_PB_2018.xml","b9b3c2143c11a13c8f2c4f97143714796c97d937a9c0d0bc447e53de4a529dc3","1-c8eef89a15a2f77194dbbb92ba4f27cb56535a86d71f2aabd19577e1f9a12ad5","0-e05526d81c8afdb83d48649b67f2d85548e7802ad2c08a1023e32aad3bf912af","root.record.ShipsExhibitList.P5ShipClass.CostElementCategories.HME.CostElementAnalysis.P35ItemList.P35Item"
"BAE Systems","30","2018","SSN","800","2016-04","2023-02","2","26.350","C","FFP","option","35","2017-09","","2018-BASE_PROCUREMENT-2018-NAVY_SHIPBUILDINGANDCOVERSION-U_PROCUREMENT_MasterJustificationBook_Navy_PB_2018.zzz_unzipped-U_PROCUREMENT_MasterJustificationBook_Navy_PB_2018.xml","b9b3c2143c11a13c8f2c4f97143714796c97d937a9c0d0bc447e53de4a529dc3","2-16013354abda9846079bf7f9262ab3912a142031c81e2717be6657ab4a4a44b7","0-e05526d81c8afdb83d48649b67f2d85548e7802ad2c08a1023e32aad3bf912af","root.record.ShipsExhibitList.P5ShipClass.CostElementCategories.HME.CostElementAnalysis.P35ItemList.P35Item"
"Various","12","2012","CVN","72","2012-07","2017-05","1","7.975","C","IDIQ","new","32","2013-06","","2018-BASE_PROCUREMENT-2018-NAVY_SHIPBUILDINGANDCOVERSION-U_PROCUREMENT_MasterJustificationBook_Navy_PB_2018.zzz_unzipped-U_PROCUREMENT_MasterJustificationBook_Navy_PB_2018.xml","39e99632cac232ed4f791a16a1a3a350502b6d8437548761d869aa99726b1c18","0-f8efd2ae09e6fb0a2e771d996f3650bee0348679868ce70b006cdac1a8269115","0-5f198936ae99d7e056e8d2b888b5a8d135b7a694479a74eee94c7d77e259bf8e","root.record.ShipsExhibitList.P5ShipClass.CostElementCategories.HME.CostElementAnalysis.P35ItemList.P35Item"
"Tecnico","6","2016","CVN","73","2016-12","2021-08","1","4.650","C","CPFF","new","35","2017-11","","2018-BASE_PROCUREMENT-2018-NAVY_SHIPBUILDINGANDCOVERSION-U_PROCUREMENT_MasterJustificationBook_Navy_PB_2018.zzz_unzipped-U_PROCUREMENT_MasterJustificationBook_Navy_PB_2018.xml","39e99632cac232ed4f791a16a1a3a350502b6d8437548761d869aa99726b1c18","1-7ec630fc83b4a7dc56392d041f08ec5c29dea9389951be8005d4e690d856f033","0-5f198936ae99d7e056e8d2b888b5a8d135b7a694479a74eee94c7d77e259bf8e","root.record.ShipsExhibitList.P5ShipClass.CostElementCategories.HME.CostElementAnalysis.P35ItemList.P35Item"
"QED","12","2012","CVN","72","2011-09","2017-05","1","1.128","C","CPFF","new","42","2012-08","","2018-BASE_PROCUREMENT-2018-NAVY_SHIPBUILDINGANDCOVERSION-U_PROCUREMENT_MasterJustificationBook_Navy_PB_2018.zzz_unzipped-U_PROCUREMENT_MasterJustificationBook_Navy_PB_2018.xml","39e99632cac232ed4f791a16a1a3a350502b6d8437548761d869aa99726b1c18","0-75ac39c163ba14259a91a2335c5c7efbeed6b3afa6959a0c81a66e13d75a2226","1-13b69f4d5f8eeb411500b803defc34f00b9981d85d904ad95562231abe104c5f","root.record.ShipsExhibitList.P5ShipClass.CostElementCategories.HME.CostElementAnalysis.P35ItemList.P35Item"
"N/A","12","2016","CVN","73","","2021-08","1","0.000","","","","47","2016-05","TBD","2018-BASE_PROCUREMENT-2018-NAVY_SHIPBUILDINGANDCOVERSION-U_PROCUREMENT_MasterJustificationBook_Navy_PB_2018.zzz_unzipped-U_PROCUREMENT_MasterJustificationBook_Navy_PB_2018.xml","39e99632cac232ed4f791a16a1a3a350502b6d8437548761d869aa99726b1c18","1-a1384ebf046def754f3949c2f98c1d2e7b08c9e5bd027d6870111d122164bc1f","1-13b69f4d5f8eeb411500b803defc34f00b9981d85d904ad95562231abe104c5f","root.record.ShipsExhibitList.P5ShipClass.CostElementCategories.HME.CostElementAnalysis.P35ItemList.P35Item"
"RIX INDUSTRIES","12","2012","CVN","72","2011-07","2017-05","1","3.115","C","FFP","option","39","2012-11","","2018-BASE_PROCUREMENT-2018-NAVY_SHIPBUILDINGANDCOVERSION-U_PROCUREMENT_MasterJustificationBook_Navy_PB_2018.zzz_unzipped-U_PROCUREMENT_MasterJustificationBook_Navy_PB_2018.xml","39e99632cac232ed4f791a16a1a3a350502b6d8437548761d869aa99726b1c18","0-c78900b621845afb3a64ac044f8d0fd50cbe32c708a8e930013f1a209e807adc","2-591952dd8b54d38441207e5d42fddca79030787a71e602eea4762ab582d797e3","root.record.ShipsExhibitList.P5ShipClass.CostElementCategories.HME.CostElementAnalysis.P35ItemList.P35Item"
"RIX INDUSTIRES","12","2016","CVN","73","2015-02","2021-08","1","3.881","C","FFP","option","47","2016-05","","2018-BASE_PROCUREMENT-2018-NAVY_SHIPBUILDINGANDCOVERSION-U_PROCUREMENT_MasterJustificationBook_Navy_PB_2018.zzz_unzipped-U_PROCUREMENT_MasterJustificationBook_Navy_PB_2018.xml","39e99632cac232ed4f791a16a1a3a350502b6d8437548761d869aa99726b1c18","1-d98ac430a943debd7a6308120c24f91ac6a05f97f465f46b1bb5157461748b64","2-591952dd8b54d38441207e5d42fddca79030787a71e602eea4762ab582d797e3","root.record.ShipsExhibitList.P5ShipClass.CostElementCategories.HME.CostElementAnalysis.P35ItemList.P35Item"
"Various","11","2012","CVN","72","2012-05","2017-05","1","0.193","C","CPFF","new","38","2013-01","","2018-BASE_PROCUREMENT-2018-NAVY_SHIPBUILDINGANDCOVERSION-U_PROCUREMENT_MasterJustificationBook_Navy_PB_2018.zzz_unzipped-U_PROCUREMENT_MasterJustificationBook_Navy_PB_2018.xml","39e99632cac232ed4f791a16a1a3a350502b6d8437548761d869aa99726b1c18","0-f053ab74d270fc94d24f120fdf48107a3840cc6a298a915c76254e4a961746ad","3-6df6167c3aaf2d51641e036d038c84bf7635c10d07e3bb3960f7ed93c44161dc","root.record.ShipsExhibitList.P5ShipClass.CostElementCategories.HME.CostElementAnalysis.P35ItemList.P35Item"
"Various","12","2016","CVN","73","2017-01","2021-08","1","6.891","C","FFP","new","47","2016-05","","2018-BASE_PROCUREMENT-2018-NAVY_SHIPBUILDINGANDCOVERSION-U_PROCUREMENT_MasterJustificationBook_Navy_PB_2018.zzz_unzipped-U_PROCUREMENT_MasterJustificationBook_Navy_PB_2018.xml","39e99632cac232ed4f791a16a1a3a350502b6d8437548761d869aa99726b1c18","0-06604354124728cf1154d22dee702a7d1156afda110db4a8334d913c5ddcab29","4-88a9f70e04b4dd71c8c8a042622b0c654e742328fc03f6046e24c389d585308f","root.record.ShipsExhibitList.P5ShipClass.CostElementCategories.HME.CostElementAnalysis.P35ItemList.P35Item"
"ROCKWELL CORP","8","2012","CVN","72","2012-08","2017-05","1","1.065","C","IDIQ","option","42","2012-12","","2018-BASE_PROCUREMENT-2018-NAVY_SHIPBUILDINGANDCOVERSION-U_PROCUREMENT_MasterJustificationBook_Navy_PB_2018.zzz_unzipped-U_PROCUREMENT_MasterJustificationBook_Navy_PB_2018.xml","39e99632cac232ed4f791a16a1a3a350502b6d8437548761d869aa99726b1c18","0-47f8a26584bef5efbca8f5915e9d4723a3fd9aafb902cb47b0e61e0038f47fc5","5-e6b98b99f2f3b7c62f7b8ee7c487da936e89f88997703e73e3f39c6e7524ebd6","root.record.ShipsExhibitList.P5ShipClass.CostElementCategories.HME.CostElementAnalysis.P35ItemList.P35Item"
"NG P/CS","26","2016","CVN","73","2015-08","2021-08","1","4.569","C","FFP","option","27","2016-11","","2018-BASE_PROCUREMENT-2018-NAVY_SHIPBUILDINGANDCOVERSION-U_PROCUREMENT_MasterJustificationBook_Navy_PB_2018.zzz_unzipped-U_PROCUREMENT_MasterJustificationBook_Navy_PB_2018.xml","39e99632cac232ed4f791a16a1a3a350502b6d8437548761d869aa99726b1c18","0-48537f2c8af63129ae3c345aafaee4bff3e45d2b56fe0501736f69af0a5b8bff","6-f64d4b94a20fbeded388ec82408727e2f46e0a34b37e4700da9e04f96408bf83","root.record.ShipsExhibitList.P5ShipClass.CostElementCategories.HME.CostElementAnalysis.P35ItemList.P35Item"
"Rolls-Royce","24","2007","DDG","1000","2007-03","2018-05","4","18.316","C","FFP","new","33","2013-08","","2018-BASE_PROCUREMENT-2018-NAVY_SHIPBUILDINGANDCOVERSION-U_PROCUREMENT_MasterJustificationBook_Navy_PB_2018.zzz_unzipped-U_PROCUREMENT_MasterJustificationBook_Navy_PB_2018.xml","cfcd2affcafe58149df6900b5bafde44d10bbb1934842da11d594bb3c352ff90","0-8c7c3186cca0e6516716995fb15df3d59d0b183c5563b9b8a75e74daa9a1394b","0-ef8e1683d50f44d896a410370e6c386479e91efc878a79ebb9551e05b981dea3","root.record.ShipsExhibitList.P5ShipClass.CostElementCategories.HME.CostElementAnalysis.P35ItemList.P35Item"
"Rolls-Royce","24","2009","DDG","1002","2008-01","2021-12","2","19.706","C","FFP","option","33","2017-03","","2018-BASE_PROCUREMENT-2018-NAVY_SHIPBUILDINGANDCOVERSION-U_PROCUREMENT_MasterJustificationBook_Navy_PB_2018.zzz_unzipped-U_PROCUREMENT_MasterJustificationBook_Navy_PB_2018.xml","cfcd2affcafe58149df6900b5bafde44d10bbb1934842da11d594bb3c352ff90","1-9b080a36aed17f693912511478f2eb7381859ebf6729a2b32c667716e910437e","0-ef8e1683d50f44d896a410370e6c386479e91efc878a79ebb9551e05b981dea3","root.record.ShipsExhibitList.P5ShipClass.CostElementCategories.HME.CostElementAnalysis.P35ItemList.P35Item"
"DRS","16","2016","DDG","123","2016-07","2021-07","3","4.724","C","FFP","option","30","2017-09","","2018-BASE_PROCUREMENT-2018-NAVY_SHIPBUILDINGANDCOVERSION-U_PROCUREMENT_MasterJustificationBook_Navy_PB_2018.zzz_unzipped-U_PROCUREMENT_MasterJustificationBook_Navy_PB_2018.xml","e27de6ec9cb638c66ac0b656bccfc8f782bb401590861916fc6bffb8352b5cd2","0-aeceaf688aaf7c1a42a1305adad341d515dc13c18e16f36f6cef6637648d6441","0-9da1cbffd7ac197a381244b96ffd2d099f27fab4653a8f0cd8c7907716fb60ad","root.record.ShipsExhibitList.P5ShipClass.CostElementCategories.HME.CostElementAnalysis.P35ItemList.P35Item"
"DRS","16","2017","DDG","125","2017-07","2022-07","2","4.804","C","FFP","option","30","2018-09","","2018-BASE_PROCUREMENT-2018-NAVY_SHIPBUILDINGANDCOVERSION-U_PROCUREMENT_MasterJustificationBook_Navy_PB_2018.zzz_unzipped-U_PROCUREMENT_MasterJustificationBook_Navy_PB_2018.xml","e27de6ec9cb638c66ac0b656bccfc8f782bb401590861916fc6bffb8352b5cd2","1-a0d445e99df3ce98151969696316fe07d4cb57f4f4c78d1b814ddcfff0fc6517","0-9da1cbffd7ac197a381244b96ffd2d099f27fab4653a8f0cd8c7907716fb60ad","root.record.ShipsExhibitList.P5ShipClass.CostElementCategories.HME.CostElementAnalysis.P35ItemList.P35Item"
"DRS","16","2018","DDG","128","2018-07","2023-07","2","4.899","C","FFP","option","30","2019-09","","2018-BASE_PROCUREMENT-2018-NAVY_SHIPBUILDINGANDCOVERSION-U_PROCUREMENT_MasterJustificationBook_Navy_PB_2018.zzz_unzipped-U_PROCUREMENT_MasterJustificationBook_Navy_PB_2018.xml","e27de6ec9cb638c66ac0b656bccfc8f782bb401590861916fc6bffb8352b5cd2","2-7f7d6ca8b93ddcbfbe7d06514fe6d7a4609ffc58b79348f389c476eb5913135c","0-9da1cbffd7ac197a381244b96ffd2d099f27fab4653a8f0cd8c7907716fb60ad","root.record.ShipsExhibitList.P5ShipClass.CostElementCategories.HME.CostElementAnalysis.P35ItemList.P35Item"
"PHILADELPHIA GEAR","30","2016","DDG","123","2016-03","2021-07","3","32.742","C","FFP","option","32","2016-05","","2018-BASE_PROCUREMENT-2018-NAVY_SHIPBUILDINGANDCOVERSION-U_PROCUREMENT_MasterJustificationBook_Navy_PB_2018.zzz_unzipped-U_PROCUREMENT_MasterJustificationBook_Navy_PB_2018.xml","e27de6ec9cb638c66ac0b656bccfc8f782bb401590861916fc6bffb8352b5cd2","0-23d20c60f9965b3ce6a699c2554c8cbcfa608d5cf712381f5ed76a40c2e70f71","1-89557343569b696c464dbc036818c57d6cc9f85f97b09da0d5ccd66b5fd0e4c9","root.record.ShipsExhibitList.P5ShipClass.CostElementCategories.HME.CostElementAnalysis.P35ItemList.P35Item"
"PHILADELPHIA GEAR","30","2017","DDG","125","2017-03","2022-07","2","32.699","C","FFP","new","32","2017-05","","2018-BASE_PROCUREMENT-2018-NAVY_SHIPBUILDINGANDCOVERSION-U_PROCUREMENT_MasterJustificationBook_Navy_PB_2018.zzz_unzipped-U_PROCUREMENT_MasterJustificationBook_Navy_PB_2018.xml","e27de6ec9cb638c66ac0b656bccfc8f782bb401590861916fc6bffb8352b5cd2","1-3e48cfa7b9e42f6853bf371ce1a89563378525eed74fd131abae2dd979df4eed","1-89557343569b696c464dbc036818c57d6cc9f85f97b09da0d5ccd66b5fd0e4c9","root.record.ShipsExhibitList.P5ShipClass.CostElementCategories.HME.CostElementAnalysis.P35ItemList.P35Item"
"PHILADELPHIA GEAR","30","2018","DDG","128","2018-03","2023-07","2","35.510","C","FFP","option","32","2018-05","","2018-BASE_PROCUREMENT-2018-NAVY_SHIPBUILDINGANDCOVERSION-U_PROCUREMENT_MasterJustificationBook_Navy_PB_2018.zzz_unzipped-U_PROCUREMENT_MasterJustificationBook_Navy_PB_2018.xml","e27de6ec9cb638c66ac0b656bccfc8f782bb401590861916fc6bffb8352b5cd2","2-a03e0fea5e7f11d5932a60a1f0d23a8db6cc18a31eae7feeef3027e1c7e9f450","1-89557343569b696c464dbc036818c57d6cc9f85f97b09da0d5ccd66b5fd0e4c9","root.record.ShipsExhibitList.P5ShipClass.CostElementCategories.HME.CostElementAnalysis.P35ItemList.P35Item"
"BAE Systems","30","2017","SSN","798","2016-04","2022-02","2","25.500","C","FFP","option","35","2016-09","","2019-BASE_PROCUREMENT-2019-NAVY_SHIPBUILDINGANDCOVERSION-U_PROCUREMENT_JustificationBook_Navy_PB_2019.zzz_unzipped-U_PROCUREMENT_JustificationBook_Navy_PB_2019.xml","26f7a9377367f4833fc97e7a760e9a2cc6323946d5bc9215f0843a3a55340edc","0-848c41010750df4a329cfafc084de6b14c5829b0a56882754e9519fe519f5785","0-02be7e98253bbc11e8c160896e28ca33aedd7803fb1b2e60c96999734b78fdcb","root.record.ShipsExhibitList.P5ShipClass.CostElementCategories.HME.CostElementAnalysis.P35ItemList.P35Item"
"BAE Systems","30","2018","SSN","800","2016-04","2023-02","2","26.350","C","FFP","option","35","2017-09","","2019-BASE_PROCUREMENT-2019-NAVY_SHIPBUILDINGANDCOVERSION-U_PROCUREMENT_JustificationBook_Navy_PB_2019.zzz_unzipped-U_PROCUREMENT_JustificationBook_Navy_PB_2019.xml","26f7a9377367f4833fc97e7a760e9a2cc6323946d5bc9215f0843a3a55340edc","1-7249f1cf9265f74d36f2d226c28f7755803311231615796fb25226daf88eceeb","0-02be7e98253bbc11e8c160896e28ca33aedd7803fb1b2e60c96999734b78fdcb","root.record.ShipsExhibitList.P5ShipClass.CostElementCategories.HME.CostElementAnalysis.P35ItemList.P35Item"
"BAE Systems","30","2019","SSN","802","2016-04","2024-07","2","26.888","C","FFP","option","40","2018-09","","2019-BASE_PROCUREMENT-2019-NAVY_SHIPBUILDINGANDCOVERSION-U_PROCUREMENT_JustificationBook_Navy_PB_2019.zzz_unzipped-U_PROCUREMENT_JustificationBook_Navy_PB_2019.xml","26f7a9377367f4833fc97e7a760e9a2cc6323946d5bc9215f0843a3a55340edc","2-584d65a95e445b18e03ff6e567af26463cecd88dd64ecf388ecc1cd8fb1c29f6","0-02be7e98253bbc11e8c160896e28ca33aedd7803fb1b2e60c96999734b78fdcb","root.record.ShipsExhibitList.P5ShipClass.CostElementCategories.HME.CostElementAnalysis.P35ItemList.P35Item"
"Various","12","2016","CVN","73","2017-01","2021-08","1","6.891","C","FFP","new","47","2016-05","","2019-BASE_PROCUREMENT-2019-NAVY_SHIPBUILDINGANDCOVERSION-U_PROCUREMENT_JustificationBook_Navy_PB_2019.zzz_unzipped-U_PROCUREMENT_JustificationBook_Navy_PB_2019.xml","3f04422267f18278d5d6f04f107d65e4403280e1024fb698d2f8e9e46d266e01","0-d57a7688957b2801e12cbe0cc5f90817e75a138488c6ac4fd5dcf1356a5513ab","0-764ab56b5907a668435d23ba43d8ab345699f6c334d932a30985740b6e57c7ef","root.record.ShipsExhibitList.P5ShipClass.CostElementCategories.HME.CostElementAnalysis.P35ItemList.P35Item"
"Tecnico","6","2016","CVN","73","2016-12","2021-08","1","4.650","C","CPFF","new","35","2017-11","","2019-BASE_PROCUREMENT-2019-NAVY_SHIPBUILDINGANDCOVERSION-U_PROCUREMENT_JustificationBook_Navy_PB_2019.zzz_unzipped-U_PROCUREMENT_JustificationBook_Navy_PB_2019.xml","3f04422267f18278d5d6f04f107d65e4403280e1024fb698d2f8e9e46d266e01","0-978b3c6a09fdf47521e7592c01383efcb5eac39b13197c187e60a7589e4612e8","1-7be0bbf3535df6938a934b685315b690bbdd6965f84171cae589d6e0feea0ef5","root.record.ShipsExhibitList.P5ShipClass.CostElementCategories.HME.CostElementAnalysis.P35ItemList.P35Item"
"RIX Industries","12","2016","CVN","73","2015-02","2021-08","1","6.094","SS","IDIQ","option","47","2016-05","","2019-BASE_PROCUREMENT-2019-NAVY_SHIPBUILDINGANDCOVERSION-U_PROCUREMENT_JustificationBook_Navy_PB_2019.zzz_unzipped-U_PROCUREMENT_JustificationBook_Navy_PB_2019.xml","3f04422267f18278d5d6f04f107d65e4403280e1024fb698d2f8e9e46d266e01","0-aca9b338f0a4a4c13aa73084ac9a565691b3be9d2bc41984290954a9d54f0340","2-31d9efdf333980e1a994bc3fb0e116d549d753f607ae5355c312682b74838ae8","root.record.ShipsExhibitList.P5ShipClass.CostElementCategories.HME.CostElementAnalysis.P35ItemList.P35Item"
"Northrop Grumman Power/Control Systems","26","2016","CVN","73","2015-06","2021-08","1","4.340","C","FFP","option","27","2015-07","","2019-BASE_PROCUREMENT-2019-NAVY_SHIPBUILDINGANDCOVERSION-U_PROCUREMENT_JustificationBook_Navy_PB_2019.zzz_unzipped-U_PROCUREMENT_JustificationBook_Navy_PB_2019.xml","3f04422267f18278d5d6f04f107d65e4403280e1024fb698d2f8e9e46d266e01","0-ed3e797029dbc1692224a6b8027510dec3abc885a25a387166af67b484361363","3-cca25c24c8d222fc845a644f4712ed226df9ba7fe762e237030276d0ac14a279","root.record.ShipsExhibitList.P5ShipClass.CostElementCategories.HME.CostElementAnalysis.P35ItemList.P35Item"
"Rolls-Royce","24","2007","DDG","1000","2007-03","2018-12","4","18.316","C","FFP","new","33","2014-03","","2019-BASE_PROCUREMENT-2019-NAVY_SHIPBUILDINGANDCOVERSION-U_PROCUREMENT_JustificationBook_Navy_PB_2019.zzz_unzipped-U_PROCUREMENT_JustificationBook_Navy_PB_2019.xml","384bbcfb660b583b57aa41ac827b7a4f96349bc3d635569d38c5399e81cf111b","0-a0cc14acf81645d06d554cd5be392964b392a704982ebbd9b703a3fdb1529bd9","0-0ed22290f026898412bf5da0b8a6e0234be8a78d97a61bec712737b183a084a2","root.record.ShipsExhibitList.P5ShipClass.CostElementCategories.HME.CostElementAnalysis.P35ItemList.P35Item"
"Rolls-Royce","24","2009","DDG","1002","2008-01","2022-09","2","19.706","C","FFP","option","33","2017-12","","2019-BASE_PROCUREMENT-2019-NAVY_SHIPBUILDINGANDCOVERSION-U_PROCUREMENT_JustificationBook_Navy_PB_2019.zzz_unzipped-U_PROCUREMENT_JustificationBook_Navy_PB_2019.xml","384bbcfb660b583b57aa41ac827b7a4f96349bc3d635569d38c5399e81cf111b","1-652202d12dd7237aca8ea2c9be1490893288a0a59404cc43d4ff80341a22979f","0-0ed22290f026898412bf5da0b8a6e0234be8a78d97a61bec712737b183a084a2","root.record.ShipsExhibitList.P5ShipClass.CostElementCategories.HME.CostElementAnalysis.P35ItemList.P35Item"
"DRS","16","2017","DDG","125","2017-07","2023-04","2","4.804","C","FFP","option","30","2019-06","","2019-BASE_PROCUREMENT-2019-NAVY_SHIPBUILDINGANDCOVERSION-U_PROCUREMENT_JustificationBook_Navy_PB_2019.zzz_unzipped-U_PROCUREMENT_JustificationBook_Navy_PB_2019.xml","a1a47c8635cef5e8f1226c963ba3faf740a9814b8e16b8e7235117ff98b853fd","0-4383fc175d0d5fbf3aa62e59092be534f63e592e9aebe868cc231930821e988d","0-2d942fe009783e706e09bdc6fe5775c3194c2b316cc7a991eb724fbb3273433c","root.record.ShipsExhibitList.P5ShipClass.CostElementCategories.HME.CostElementAnalysis.P35ItemList.P35Item"
"DRS","16","2018","DDG","128","2018-07","2023-12","2","4.899","C","FFP","option","31","2020-01","","2019-BASE_PROCUREMENT-2019-NAVY_SHIPBUILDINGANDCOVERSION-U_PROCUREMENT_JustificationBook_Navy_PB_2019.zzz_unzipped-U_PROCUREMENT_JustificationBook_Navy_PB_2019.xml","a1a47c8635cef5e8f1226c963ba3faf740a9814b8e16b8e7235117ff98b853fd","1-d07c270fd8d449c90efbc4a7450c48b30210b1d6df01abf9582a2224df08218b","0-2d942fe009783e706e09bdc6fe5775c3194c2b316cc7a991eb724fbb3273433c","root.record.ShipsExhibitList.P5ShipClass.CostElementCategories.HME.CostElementAnalysis.P35ItemList.P35Item"
"DRS","16","2019","DDG","130","2019-07","2024-09","3","4.997","C","FFP","option","31","2020-10","","2019-BASE_PROCUREMENT-2019-NAVY_SHIPBUILDINGANDCOVERSION-U_PROCUREMENT_JustificationBook_Navy_PB_2019.zzz_unzipped-U_PROCUREMENT_JustificationBook_Navy_PB_2019.xml","a1a47c8635cef5e8f1226c963ba3faf740a9814b8e16b8e7235117ff98b853fd","2-80aa3efe365c5e682d04bf2352a9f929727985a6e3d58ae5d76583f2fbe23ef6","0-2d942fe009783e706e09bdc6fe5775c3194c2b316cc7a991eb724fbb3273433c","root.record.ShipsExhibitList.P5ShipClass.CostElementCategories.HME.CostElementAnalysis.P35ItemList.P35Item"
"PHILADELPHIA GEAR","30","2017","DDG","125","2017-05","2023-04","2","32.810","C","FFP","new","32","2018-02","","2019-BASE_PROCUREMENT-2019-NAVY_SHIPBUILDINGANDCOVERSION-U_PROCUREMENT_JustificationBook_Navy_PB_2019.zzz_unzipped-U_PROCUREMENT_JustificationBook_Navy_PB_2019.xml","a1a47c8635cef5e8f1226c963ba3faf740a9814b8e16b8e7235117ff98b853fd","0-a9247fe1195a802cfbd27fbcbc40d1d0bbe17ab292f5ef13b981df3c4d113604","1-57aff22870e43a5f6ca614e145a99e09564dbbff20bf906b4c8ea6e6c89a6187","root.record.ShipsExhibitList.P5ShipClass.CostElementCategories.HME.CostElementAnalysis.P35ItemList.P35Item"
"PHILADELPHIA GEAR","30","2018","DDG","128","2018-03","2023-12","2","34.216","C","FFP","option","32","2018-10","","2019-BASE_PROCUREMENT-2019-NAVY_SHIPBUILDINGANDCOVERSION-U_PROCUREMENT_JustificationBook_Navy_PB_2019.zzz_unzipped-U_PROCUREMENT_JustificationBook_Navy_PB_2019.xml","a1a47c8635cef5e8f1226c963ba3faf740a9814b8e16b8e7235117ff98b853fd","1-bc256b2a9d9015ed3b183ead2b83590b1362ce7a6f2f2ac6a036928be6e75830","1-57aff22870e43a5f6ca614e145a99e09564dbbff20bf906b4c8ea6e6c89a6187","root.record.ShipsExhibitList.P5ShipClass.CostElementCategories.HME.CostElementAnalysis.P35ItemList.P35Item"
"PHILADELPHIA GEAR","30","2019","DDG","130","2019-03","2024-09","3","36.029","C","FFP","option","32","2019-07","","2019-BASE_PROCUREMENT-2019-NAVY_SHIPBUILDINGANDCOVERSION-U_PROCUREMENT_JustificationBook_Navy_PB_2019.zzz_unzipped-U_PROCUREMENT_JustificationBook_Navy_PB_2019.xml","a1a47c8635cef5e8f1226c963ba3faf740a9814b8e16b8e7235117ff98b853fd","2-1e5e08a88d2e5232cc158872bbdd2226a89bbf397071aff84da20f1a3b731611","1-57aff22870e43a5f6ca614e145a99e09564dbbff20bf906b4c8ea6e6c89a6187","root.record.ShipsExhibitList.P5ShipClass.CostElementCategories.HME.CostElementAnalysis.P35ItemList.P35Item"
"BAE Systems","30","2017","SSN","798","2016-04","2022-02","2","25.500","C","FFP","option","35","2016-09","","2019-BASE_PROCUREMENT-2019-NAVY_SHIPBUILDINGANDCOVERSION-U_PROCUREMENT_MasterJustificationBook_Navy_PB_2019.zzz_unzipped-U_PROCUREMENT_MasterJustificationBook_Navy_PB_2019.xml","cbe29039c7026c484c7be93d8dffc73f479957edddb0229a6b7ae1188f188bcd","0-a0e56516be8f88db30857abdd14e8d9d8d349ff4137fd34704ebaec99310cc92","0-1ab15e8459df7e7295ad7ca74afbd3489df3352aa2d458fc7ac91445e773d340","root.record.ShipsExhibitList.P5ShipClass.CostElementCategories.HME.CostElementAnalysis.P35ItemList.P35Item"
"BAE Systems","30","2018","SSN","800","2016-04","2023-02","2","26.350","C","FFP","option","35","2017-09","","2019-BASE_PROCUREMENT-2019-NAVY_SHIPBUILDINGANDCOVERSION-U_PROCUREMENT_MasterJustificationBook_Navy_PB_2019.zzz_unzipped-U_PROCUREMENT_MasterJustificationBook_Navy_PB_2019.xml","cbe29039c7026c484c7be93d8dffc73f479957edddb0229a6b7ae1188f188bcd","1-81b1ac31ec14424f9ef0edc8246328a0f276be0a8da9b329c20d1f1c55de3371","0-1ab15e8459df7e7295ad7ca74afbd3489df3352aa2d458fc7ac91445e773d340","root.record.ShipsExhibitList.P5ShipClass.CostElementCategories.HME.CostElementAnalysis.P35ItemList.P35Item"
"BAE Systems","30","2019","SSN","802","2016-04","2024-07","2","26.888","C","FFP","option","40","2018-09","","2019-BASE_PROCUREMENT-2019-NAVY_SHIPBUILDINGANDCOVERSION-U_PROCUREMENT_MasterJustificationBook_Navy_PB_2019.zzz_unzipped-U_PROCUREMENT_MasterJustificationBook_Navy_PB_2019.xml","cbe29039c7026c484c7be93d8dffc73f479957edddb0229a6b7ae1188f188bcd","2-b00069bf0a94c8fbe30baae207404aa1bc37d401a3525549331743016e0e4be7","0-1ab15e8459df7e7295ad7ca74afbd3489df3352aa2d458fc7ac91445e773d340","root.record.ShipsExhibitList.P5ShipClass.CostElementCategories.HME.CostElementAnalysis.P35ItemList.P35Item"
"Various","12","2016","CVN","73","2017-01","2021-08","1","6.891","C","FFP","new","47","2016-05","","2019-BASE_PROCUREMENT-2019-NAVY_SHIPBUILDINGANDCOVERSION-U_PROCUREMENT_MasterJustificationBook_Navy_PB_2019.zzz_unzipped-U_PROCUREMENT_MasterJustificationBook_Navy_PB_2019.xml","8e712934068abd23958514556a25c137e290832dbeb92748a5baadb930834b13","0-457e6447a81a69e36ac7be86987f482bd7b9ee4edc05e73a6e1166d71abf7532","0-c5cbcd39376b93f2c59820e014e25e67d19bbdc017e5f9b6e62611d9dc1772f5","root.record.ShipsExhibitList.P5ShipClass.CostElementCategories.HME.CostElementAnalysis.P35ItemList.P35Item"
"Tecnico","6","2016","CVN","73","2016-12","2021-08","1","4.650","C","CPFF","new","35","2017-11","","2019-BASE_PROCUREMENT-2019-NAVY_SHIPBUILDINGANDCOVERSION-U_PROCUREMENT_MasterJustificationBook_Navy_PB_2019.zzz_unzipped-U_PROCUREMENT_MasterJustificationBook_Navy_PB_2019.xml","8e712934068abd23958514556a25c137e290832dbeb92748a5baadb930834b13","0-34fe5cddd009ea99c3c60d07af79f9e45540b6f182d900d114b2511f48a8e125","1-dc7877afbfc5139c326e82e0bf78b4f882a236c2f44eab26c66a67b36f6f02c9","root.record.ShipsExhibitList.P5ShipClass.CostElementCategories.HME.CostElementAnalysis.P35ItemList.P35Item"
"RIX Industries","12","2016","CVN","73","2015-02","2021-08","1","6.094","SS","IDIQ","option","47","2016-05","","2019-BASE_PROCUREMENT-2019-NAVY_SHIPBUILDINGANDCOVERSION-U_PROCUREMENT_MasterJustificationBook_Navy_PB_2019.zzz_unzipped-U_PROCUREMENT_MasterJustificationBook_Navy_PB_2019.xml","8e712934068abd23958514556a25c137e290832dbeb92748a5baadb930834b13","0-914f229ddf2fc4fe33f5026218fa1c3b7ee38ee922f13e1914812aae0491eca5","2-cfc56726c66ccd1e1e01143e008020ae2b6435ab9379673719835a36f01ad804","root.record.ShipsExhibitList.P5ShipClass.CostElementCategories.HME.CostElementAnalysis.P35ItemList.P35Item"
"Northrop Grumman Power/Control Systems","26","2016","CVN","73","2015-06","2021-08","1","4.340","C","FFP","option","27","2015-07","","2019-BASE_PROCUREMENT-2019-NAVY_SHIPBUILDINGANDCOVERSION-U_PROCUREMENT_MasterJustificationBook_Navy_PB_2019.zzz_unzipped-U_PROCUREMENT_MasterJustificationBook_Navy_PB_2019.xml","8e712934068abd23958514556a25c137e290832dbeb92748a5baadb930834b13","0-2760184ba7a77c6f0d7977784a92a830debdd0d4a9503ad7a2fd0b0d5205a115","3-b94f61801fde2d3a58a93af4ff93a153823504db8579b58b9da700e0de80de08","root.record.ShipsExhibitList.P5ShipClass.CostElementCategories.HME.CostElementAnalysis.P35ItemList.P35Item"
"Rolls-Royce","24","2007","DDG","1000","2007-03","2018-12","4","18.316","C","FFP","new","33","2014-03","","2019-BASE_PROCUREMENT-2019-NAVY_SHIPBUILDINGANDCOVERSION-U_PROCUREMENT_MasterJustificationBook_Navy_PB_2019.zzz_unzipped-U_PROCUREMENT_MasterJustificationBook_Navy_PB_2019.xml","eb65c52dd93ce16c20d00a7266f3d388040779562cbb7747c2c0d892437bc207","0-5ee7d6422d31573b659a32e6fb8ae40b55c3a3ce2e6b9f3e56b32937b5d37332","0-3633f4e4d0048ae997b2582f48eaaa5ba8e3abda3c32912ebef0f6b161f89875","root.record.ShipsExhibitList.P5ShipClass.CostElementCategories.HME.CostElementAnalysis.P35ItemList.P35Item"
"Rolls-Royce","24","2009","DDG","1002","2008-01","2022-09","2","19.706","C","FFP","option","33","2017-12","","2019-BASE_PROCUREMENT-2019-NAVY_SHIPBUILDINGANDCOVERSION-U_PROCUREMENT_MasterJustificationBook_Navy_PB_2019.zzz_unzipped-U_PROCUREMENT_MasterJustificationBook_Navy_PB_2019.xml","eb65c52dd93ce16c20d00a7266f3d388040779562cbb7747c2c0d892437bc207","1-b323905d08db35d49561ef87d1300e43b0780dcb921b6f3d36dd7b36f254a8ce","0-3633f4e4d0048ae997b2582f48eaaa5ba8e3abda3c32912ebef0f6b161f89875","root.record.ShipsExhibitList.P5ShipClass.CostElementCategories.HME.CostElementAnalysis.P35ItemList.P35Item"
"DRS","16","2017","DDG","125","2017-07","2023-04","2","4.804","C","FFP","option","30","2019-06","","2019-BASE_PROCUREMENT-2019-NAVY_SHIPBUILDINGANDCOVERSION-U_PROCUREMENT_MasterJustificationBook_Navy_PB_2019.zzz_unzipped-U_PROCUREMENT_MasterJustificationBook_Navy_PB_2019.xml","7ccb09e5aa0dcd2ff656bb6257f40762290470295a3462fc198202ddc187b82f","0-241dea1b1f5dc2c311ca25f13cbc279d7066f595fe1bde537c5599e30556b9d0","0-513a116295b04833769749dda13a091bdc32429bc0f987abd56e8d09b3a85c54","root.record.ShipsExhibitList.P5ShipClass.CostElementCategories.HME.CostElementAnalysis.P35ItemList.P35Item"
"DRS","16","2018","DDG","128","2018-07","2023-12","2","4.899","C","FFP","option","31","2020-01","","2019-BASE_PROCUREMENT-2019-NAVY_SHIPBUILDINGANDCOVERSION-U_PROCUREMENT_MasterJustificationBook_Navy_PB_2019.zzz_unzipped-U_PROCUREMENT_MasterJustificationBook_Navy_PB_2019.xml","7ccb09e5aa0dcd2ff656bb6257f40762290470295a3462fc198202ddc187b82f","1-fb0371eb267ff2e4c67585d12dca16385451b57e56fffca47e4ffd5782ddf182","0-513a116295b04833769749dda13a091bdc32429bc0f987abd56e8d09b3a85c54","root.record.ShipsExhibitList.P5ShipClass.CostElementCategories.HME.CostElementAnalysis.P35ItemList.P35Item"
"DRS","16","2019","DDG","130","2019-07","2024-09","3","4.997","C","FFP","option","31","2020-10","","2019-BASE_PROCUREMENT-2019-NAVY_SHIPBUILDINGANDCOVERSION-U_PROCUREMENT_MasterJustificationBook_Navy_PB_2019.zzz_unzipped-U_PROCUREMENT_MasterJustificationBook_Navy_PB_2019.xml","7ccb09e5aa0dcd2ff656bb6257f40762290470295a3462fc198202ddc187b82f","2-c9a9cc82c89c73de2f00f47adcab0c55fa5fcb7f60bdd9aefe40b5b13ebec1cb","0-513a116295b04833769749dda13a091bdc32429bc0f987abd56e8d09b3a85c54","root.record.ShipsExhibitList.P5ShipClass.CostElementCategories.HME.CostElementAnalysis.P35ItemList.P35Item"
"PHILADELPHIA GEAR","30","2017","DDG","125","2017-05","2023-04","2","32.810","C","FFP","new","32","2018-02","","2019-BASE_PROCUREMENT-2019-NAVY_SHIPBUILDINGANDCOVERSION-U_PROCUREMENT_MasterJustificationBook_Navy_PB_2019.zzz_unzipped-U_PROCUREMENT_MasterJustificationBook_Navy_PB_2019.xml","7ccb09e5aa0dcd2ff656bb6257f40762290470295a3462fc198202ddc187b82f","0-9998d1761c2469ebd6aae542489c40545f0f795078f5313cf53bd3313f0a8c1b","1-8167120e02c346278c86bd30087811d7237013db01489f0c8d825088f87731fc","root.record.ShipsExhibitList.P5ShipClass.CostElementCategories.HME.CostElementAnalysis.P35ItemList.P35Item"
"PHILADELPHIA GEAR","30","2018","DDG","128","2018-03","2023-12","2","34.216","C","FFP","option","32","2018-10","","2019-BASE_PROCUREMENT-2019-NAVY_SHIPBUILDINGANDCOVERSION-U_PROCUREMENT_MasterJustificationBook_Navy_PB_2019.zzz_unzipped-U_PROCUREMENT_MasterJustificationBook_Navy_PB_2019.xml","7ccb09e5aa0dcd2ff656bb6257f40762290470295a3462fc198202ddc187b82f","1-2122dfa808d1f2014865cc4a14ec51597bfac28b2b473aed603eb36a0481d240","1-8167120e02c346278c86bd30087811d7237013db01489f0c8d825088f87731fc","root.record.ShipsExhibitList.P5ShipClass.CostElementCategories.HME.CostElementAnalysis.P35ItemList.P35Item"
"PHILADELPHIA GEAR","30","2019","DDG","130","2019-03","2024-09","3","36.029","C","FFP","option","32","2019-07","","2019-BASE_PROCUREMENT-2019-NAVY_SHIPBUILDINGANDCOVERSION-U_PROCUREMENT_MasterJustificationBook_Navy_PB_2019.zzz_unzipped-U_PROCUREMENT_MasterJustificationBook_Navy_PB_2019.xml","7ccb09e5aa0dcd2ff656bb6257f40762290470295a3462fc198202ddc187b82f","2-a5790f5940c922fe4eaacfedc2edbeec87e326ece66353e5656f36952ac491e8","1-8167120e02c346278c86bd30087811d7237013db01489f0c8d825088f87731fc","root.record.ShipsExhibitList.P5ShipClass.CostElementCategories.HME.CostElementAnalysis.P35ItemList.P35Item"
"BAE Systems","30","2018","SSN","800","2016-04","2023-04","2","26.350","C","FFP","option","35","2017-11","","2020-BASE_PROCUREMENT-2020-NAVY_SHIPBUILDINGANDCOVERSION-U_PROCUREMENT_JustificationBook_Navy_PB_2020.zzz_unzipped-U_PROCUREMENT_JustificationBook_Navy_PB_2020.xml","cc662e74a7de7213dcbbea2bd4856f29d0eced5cfd2f89546251c34f13f65079","0-7707a93244ec6fb1909423d860915e5c7c2fb156c6272993b5df8214257d23a1","0-05b1984dd31a93f60c8591e89af0bdf96587ac8fd84283458d8ea4d16d144c83","root.record.ShipsExhibitList.P5ShipClass.CostElementCategories.HME.CostElementAnalysis.P35ItemList.P35Item"
"BAE Systems","30","2019","SSN","802","2016-04","2025-01","2","26.888","C","FFP","option","40","2019-03","","2020-BASE_PROCUREMENT-2020-NAVY_SHIPBUILDINGANDCOVERSION-U_PROCUREMENT_JustificationBook_Navy_PB_2020.zzz_unzipped-U_PROCUREMENT_JustificationBook_Navy_PB_2020.xml","cc662e74a7de7213dcbbea2bd4856f29d0eced5cfd2f89546251c34f13f65079","1-d26c6bec9c9556e8239dc0119faae59c01bd56d80f6ea611dfd9c65c63d21725","0-05b1984dd31a93f60c8591e89af0bdf96587ac8fd84283458d8ea4d16d144c83","root.record.ShipsExhibitList.P5ShipClass.CostElementCategories.HME.CostElementAnalysis.P35ItemList.P35Item"
"BAE Systems","30","2020","SSN","804","2016-04","2026-01","3","27.426","C","FFP","option","40","2020-03","","2020-BASE_PROCUREMENT-2020-NAVY_SHIPBUILDINGANDCOVERSION-U_PROCUREMENT_JustificationBook_Navy_PB_2020.zzz_unzipped-U_PROCUREMENT_JustificationBook_Navy_PB_2020.xml","cc662e74a7de7213dcbbea2bd4856f29d0eced5cfd2f89546251c34f13f65079","2-8dddc2298e3b8f2e58b437cba49cf49655ecaaadc0068fb5bd34bb5961694ab6","0-05b1984dd31a93f60c8591e89af0bdf96587ac8fd84283458d8ea4d16d144c83","root.record.ShipsExhibitList.P5ShipClass.CostElementCategories.HME.CostElementAnalysis.P35ItemList.P35Item"
"Various","12","2016","CVN","73","2017-01","2021-08","1","6.891","C","FFP","new","51","2016-05","","2020-BASE_PROCUREMENT-2020-NAVY_SHIPBUILDINGANDCOVERSION-U_PROCUREMENT_JustificationBook_Navy_PB_2020.zzz_unzipped-U_PROCUREMENT_JustificationBook_Navy_PB_2020.xml","79df57bc99fb77f6f94f2d8202847567fc765bce66445ff4e4e663760799e6e1","0-febb2f7ad5845104af2a7dd144bfd5f4056232ace32e1ea5f925e04c92565364","0-97f14d2c87826f4033402345c80a9efbdd1a4675b10ee0e32265737f69b27f21","root.record.ShipsExhibitList.P5ShipClass.CostElementCategories.HME.CostElementAnalysis.P35ItemList.P35Item"
"Tecnico","6","2016","CVN","73","2016-12","2021-08","1","4.647","C","CPFF","new","39","2017-11","","2020-BASE_PROCUREMENT-2020-NAVY_SHIPBUILDINGANDCOVERSION-U_PROCUREMENT_JustificationBook_Navy_PB_2020.zzz_unzipped-U_PROCUREMENT_JustificationBook_Navy_PB_2020.xml","79df57bc99fb77f6f94f2d8202847567fc765bce66445ff4e4e663760799e6e1","0-c60c86cb632fc5bfde3f076f9cf0eb6152b46a86134ab56865699ed2955484e0","1-ede9ddd05cbd8629f665e14f768f9e44ba5ea7808f4665f04604c9f58e4ab3be","root.record.ShipsExhibitList.P5ShipClass.CostElementCategories.HME.CostElementAnalysis.P35ItemList.P35Item"
"TBD","6","2020","CVN","74","2021-04","2025-01","1","4.948","","","","39","2021-04","TBD","2020-BASE_PROCUREMENT-2020-NAVY_SHIPBUILDINGANDCOVERSION-U_PROCUREMENT_JustificationBook_Navy_PB_2020.zzz_unzipped-U_PROCUREMENT_JustificationBook_Navy_PB_2020.xml","79df57bc99fb77f6f94f2d8202847567fc765bce66445ff4e4e663760799e6e1","1-01657f5927edd98a7a88eb3147e3d90d31928ec29730be6eef9b3814e71dd45e","1-ede9ddd05cbd8629f665e14f768f9e44ba5ea7808f4665f04604c9f58e4ab3be","root.record.ShipsExhibitList.P5ShipClass.CostElementCategories.HME.CostElementAnalysis.P35ItemList.P35Item"
"RIX Industries","12","2016","CVN","73","2015-02","2021-08","1","6.094","SS","IDIQ","option","51","2016-05","","2020-BASE_PROCUREMENT-2020-NAVY_SHIPBUILDINGANDCOVERSION-U_PROCUREMENT_JustificationBook_Navy_PB_2020.zzz_unzipped-U_PROCUREMENT_JustificationBook_Navy_PB_2020.xml","79df57bc99fb77f6f94f2d8202847567fc765bce66445ff4e4e663760799e6e1","0-d8247751af705174d00f4040f1717d2fd89159cfd5cda104142734d0233991a1","2-42f4983d7b8429bbe6dd3417bcd889031caefa5441d30fb3aaa5a3d691b01ac8","root.record.ShipsExhibitList.P5ShipClass.CostElementCategories.HME.CostElementAnalysis.P35ItemList.P35Item"
"TBD","12","2020","CVN","74","2019-01","2025-01","1","6.699","","","","60","2019-01","TBD","2020-BASE_PROCUREMENT-2020-NAVY_SHIPBUILDINGANDCOVERSION-U_PROCUREMENT_JustificationBook_Navy_PB_2020.zzz_unzipped-U_PROCUREMENT_JustificationBook_Navy_PB_2020.xml","79df57bc99fb77f6f94f2d8202847567fc765bce66445ff4e4e663760799e6e1","1-4098d54af9151de2d222d7c1f9cef9280bd405cd92cd759ed65ac112294b387c","2-42f4983d7b8429bbe6dd3417bcd889031caefa5441d30fb3aaa5a3d691b01ac8","root.record.ShipsExhibitList.P5ShipClass.CostElementCategories.HME.CostElementAnalysis.P35ItemList.P35Item"
"Northrop Grumman Power/Control Systems","26","2016","CVN","73","2015-06","2021-08","1","4.340","C","FFP","option","47","2015-07","","2020-BASE_PROCUREMENT-2020-NAVY_SHIPBUILDINGANDCOVERSION-U_PROCUREMENT_JustificationBook_Navy_PB_2020.zzz_unzipped-U_PROCUREMENT_JustificationBook_Navy_PB_2020.xml","79df57bc99fb77f6f94f2d8202847567fc765bce66445ff4e4e663760799e6e1","0-2d5806f9cf2232463118314d4f1ecb72321bd8b037704e8186aaa638a89527c3","3-b14762b8cd4af5495655ce3d8033ac21262cbd1941a9f52c1cbfc2a012c3a9d0","root.record.ShipsExhibitList.P5ShipClass.CostElementCategories.HME.CostElementAnalysis.P35ItemList.P35Item"
"TBD","12","2020","CVN","74","2019-12","2025-01","1","3.546","","","","49","2019-12","TBD","2020-BASE_PROCUREMENT-2020-NAVY_SHIPBUILDINGANDCOVERSION-U_PROCUREMENT_JustificationBook_Navy_PB_2020.zzz_unzipped-U_PROCUREMENT_JustificationBook_Navy_PB_2020.xml","79df57bc99fb77f6f94f2d8202847567fc765bce66445ff4e4e663760799e6e1","0-cae7562d8ccb8ea7d0410cc8dd738d55dff7698b0e8502d8c1ce8c825844eb9d","4-6912e6a623ed270288f5bcb5d0148b69a3c3d6f1fc943d85a3486278b868bbd7","root.record.ShipsExhibitList.P5ShipClass.CostElementCategories.HME.CostElementAnalysis.P35ItemList.P35Item"
"Rolls-Royce","24","2007","DDG","1000","2007-03","2019-09","4","18.316","C","FFP","new","33","2014-12","","2020-BASE_PROCUREMENT-2020-NAVY_SHIPBUILDINGANDCOVERSION-U_PROCUREMENT_JustificationBook_Navy_PB_2020.zzz_unzipped-U_PROCUREMENT_JustificationBook_Navy_PB_2020.xml","8644d6cf0ff072d3154c0109223402de2d9d8f52cc878b156fc73009c9601119","0-c62d71bc94db23fde7035d1910b0014d4c32260bf0eabc5dee4dfb6be8f71c26","0-1a14f9936d6e51f71a4d7ecae74cae7cb0c3db5f6781203f6ba5150a4e81aded","root.record.ShipsExhibitList.P5ShipClass.CostElementCategories.HME.CostElementAnalysis.P35ItemList.P35Item"
"Rolls-Royce","24","2009","DDG","1002","2008-01","2022-09","2","19.706","C","FFP","option","33","2017-12","","2020-BASE_PROCUREMENT-2020-NAVY_SHIPBUILDINGANDCOVERSION-U_PROCUREMENT_JustificationBook_Navy_PB_2020.zzz_unzipped-U_PROCUREMENT_JustificationBook_Navy_PB_2020.xml","8644d6cf0ff072d3154c0109223402de2d9d8f52cc878b156fc73009c9601119","1-144eddb3430bbae50d561a5befad337e17e9b9f74573f95de9b90a7985b76626","0-1a14f9936d6e51f71a4d7ecae74cae7cb0c3db5f6781203f6ba5150a4e81aded","root.record.ShipsExhibitList.P5ShipClass.CostElementCategories.HME.CostElementAnalysis.P35ItemList.P35Item"
"DRS","12","2018","DDG","128","2018-08","2024-10","2","4.899","C","FFP","option","31","2021-03","","2020-BASE_PROCUREMENT-2020-NAVY_SHIPBUILDINGANDCOVERSION-U_PROCUREMENT_JustificationBook_Navy_PB_2020.zzz_unzipped-U_PROCUREMENT_JustificationBook_Navy_PB_2020.xml","f88449ebd51dedd31a2638fdba5e14252aa210ecf7ac5ea8d1c24b9a55389b12","0-1801a44a1f8f5498d6616621f6a97f75dfe6135de67ab86498761bb84f73cc39","0-7be8d0c22417f4284444c79bb40e7131b2bed94df9e6e2fb708bef3a7c1d15c9","root.record.ShipsExhibitList.P5ShipClass.CostElementCategories.HME.CostElementAnalysis.P35ItemList.P35Item"
"DRS","12","2019","DDG","130","2019-07","2025-07","3","4.997","C","FFP","option","31","2021-12","","2020-BASE_PROCUREMENT-2020-NAVY_SHIPBUILDINGANDCOVERSION-U_PROCUREMENT_JustificationBook_Navy_PB_2020.zzz_unzipped-U_PROCUREMENT_JustificationBook_Navy_PB_2020.xml","f88449ebd51dedd31a2638fdba5e14252aa210ecf7ac5ea8d1c24b9a55389b12","1-11bd5726c4c939d126648744967695efff35a2122cc097cb730941179825d558","0-7be8d0c22417f4284444c79bb40e7131b2bed94df9e6e2fb708bef3a7c1d15c9","root.record.ShipsExhibitList.P5ShipClass.CostElementCategories.HME.CostElementAnalysis.P35ItemList.P35Item"
"DRS","12","2020","DDG","133","2020-07","2026-11","3","5.097","C","FFP","option","31","2023-04","","2020-BASE_PROCUREMENT-2020-NAVY_SHIPBUILDINGANDCOVERSION-U_PROCUREMENT_JustificationBook_Navy_PB_2020.zzz_unzipped-U_PROCUREMENT_JustificationBook_Navy_PB_2020.xml","f88449ebd51dedd31a2638fdba5e14252aa210ecf7ac5ea8d1c24b9a55389b12","2-5740634f18b3f19c545267e01e1da900c291477c7dc194030278b4fd3fdc4586","0-7be8d0c22417f4284444c79bb40e7131b2bed94df9e6e2fb708bef3a7c1d15c9","root.record.ShipsExhibitList.P5ShipClass.CostElementCategories.HME.CostElementAnalysis.P35ItemList.P35Item"
"TIMKEN","32","2018","DDG","128","2018-05","2024-10","2","34.216","C","FFP","option","32","2019-06","","2020-BASE_PROCUREMENT-2020-NAVY_SHIPBUILDINGANDCOVERSION-U_PROCUREMENT_JustificationBook_Navy_PB_2020.zzz_unzipped-U_PROCUREMENT_JustificationBook_Navy_PB_2020.xml","f88449ebd51dedd31a2638fdba5e14252aa210ecf7ac5ea8d1c24b9a55389b12","0-a91463c7488e170b0d7b4a354d0c5342d864630c5c0c39d627758f118d5e48e4","1-2ae54ec82d92a03690c58c77d7ccd6b1c8cbbe8d03126e1fff18c362e1d17593","root.record.ShipsExhibitList.P5ShipClass.CostElementCategories.HME.CostElementAnalysis.P35ItemList.P35Item"
"TIMKEN","32","2019","DDG","130","2019-03","2025-07","3","36.029","C","FFP","option","32","2020-03","","2020-BASE_PROCUREMENT-2020-NAVY_SHIPBUILDINGANDCOVERSION-U_PROCUREMENT_JustificationBook_Navy_PB_2020.zzz_unzipped-U_PROCUREMENT_JustificationBook_Navy_PB_2020.xml","f88449ebd51dedd31a2638fdba5e14252aa210ecf7ac5ea8d1c24b9a55389b12","1-a851b60355882387f6e3e2e5d33124a92115a67e4739ab9daf9706e90eeb3bb3","1-2ae54ec82d92a03690c58c77d7ccd6b1c8cbbe8d03126e1fff18c362e1d17593","root.record.ShipsExhibitList.P5ShipClass.CostElementCategories.HME.CostElementAnalysis.P35ItemList.P35Item"
"TIMKEN","32","2020","DDG","133","2020-03","2026-11","3","36.671","C","FFP","option","32","2021-07","","2020-BASE_PROCUREMENT-2020-NAVY_SHIPBUILDINGANDCOVERSION-U_PROCUREMENT_JustificationBook_Navy_PB_2020.zzz_unzipped-U_PROCUREMENT_JustificationBook_Navy_PB_2020.xml","f88449ebd51dedd31a2638fdba5e14252aa210ecf7ac5ea8d1c24b9a55389b12","2-12b02767d904252775a391121d26e641878315b62354b5f36ecb25f93d5f6db0","1-2ae54ec82d92a03690c58c77d7ccd6b1c8cbbe8d03126e1fff18c362e1d17593","root.record.ShipsExhibitList.P5ShipClass.CostElementCategories.HME.CostElementAnalysis.P35ItemList.P35Item"
"INDAL","24","2020","FFG","1","2021-09","2026-07","1","4.163","SS","IDIQ","new","21","2022-10","","2020-BASE_PROCUREMENT-2020-NAVY_SHIPBUILDINGANDCOVERSION-U_PROCUREMENT_JustificationBook_Navy_PB_2020.zzz_unzipped-U_PROCUREMENT_JustificationBook_Navy_PB_2020.xml","c28c27813a2cf7ded6b86fcbf9224130d193279ad60a95d269b6367bacde8fe9","0-ac60b9aa2a68de4117c2504b576ea207be573b4d06cdde79af4d3c96490e2f51","0-1a39ce4993fc7cde9e9f5fa9b79e0b1f157bba6402d1f2eb28d8baf8402d3bef","root.record.ShipsExhibitList.P5ShipClass.CostElementCategories.HME.CostElementAnalysis.P35ItemList.P35Item"
"TBD","12","2020","FFG","1","TBD","2026-07","1","1.700","","","","40","2022-03","TBD","2020-BASE_PROCUREMENT-2020-NAVY_SHIPBUILDINGANDCOVERSION-U_PROCUREMENT_JustificationBook_Navy_PB_2020.zzz_unzipped-U_PROCUREMENT_JustificationBook_Navy_PB_2020.xml","c28c27813a2cf7ded6b86fcbf9224130d193279ad60a95d269b6367bacde8fe9","0-85d069d12cbd025e988facad8edfc0ddce82866d53ab63f324586571d0fcfb97","1-52aa7052efc85e684a73ddb6fde8c193dd82d4cecb5c401691ab3b52aca4a37c","root.record.ShipsExhibitList.P5ShipClass.CostElementCategories.HME.CostElementAnalysis.P35ItemList.P35Item"
"BAE Systems","30","2018","SSN","800","2016-04","2023-04","2","26.350","C","FFP","option","35","2017-11","","2020-BASE_PROCUREMENT-2020-NAVY_SHIPBUILDINGANDCOVERSION-U_PROCUREMENT_MasterJustificationBook_Navy_PB_2020.zzz_unzipped-U_PROCUREMENT_MasterJustificationBook_Navy_PB_2020.xml","6d2fd5af5b3d1649cd88586e00452843d436fea4cfb0f3c5af8f40c8bc8e1433","0-1232a23061438499104e71c3b11699eed6f5d396c9252299ff2fb986680c1457","0-6c74a61ff5aab50fe0626b664e51bcd181302d75636a4c28a65209be1eadd4c9","root.record.ShipsExhibitList.P5ShipClass.CostElementCategories.HME.CostElementAnalysis.P35ItemList.P35Item"
"BAE Systems","30","2019","SSN","802","2016-04","2025-01","2","26.888","C","FFP","option","40","2019-03","","2020-BASE_PROCUREMENT-2020-NAVY_SHIPBUILDINGANDCOVERSION-U_PROCUREMENT_MasterJustificationBook_Navy_PB_2020.zzz_unzipped-U_PROCUREMENT_MasterJustificationBook_Navy_PB_2020.xml","6d2fd5af5b3d1649cd88586e00452843d436fea4cfb0f3c5af8f40c8bc8e1433","1-3b0da8b679188b9af1d5a7c811a5834774d78b5f8a10cc22459723d0b5762531","0-6c74a61ff5aab50fe0626b664e51bcd181302d75636a4c28a65209be1eadd4c9","root.record.ShipsExhibitList.P5ShipClass.CostElementCategories.HME.CostElementAnalysis.P35ItemList.P35Item"
"BAE Systems","30","2020","SSN","804","2016-04","2026-01","3","27.426","C","FFP","option","40","2020-03","","2020-BASE_PROCUREMENT-2020-NAVY_SHIPBUILDINGANDCOVERSION-U_PROCUREMENT_MasterJustificationBook_Navy_PB_2020.zzz_unzipped-U_PROCUREMENT_MasterJustificationBook_Navy_PB_2020.xml","6d2fd5af5b3d1649cd88586e00452843d436fea4cfb0f3c5af8f40c8bc8e1433","2-3962fceec2813245ab28d6628a9e319324d909913796cabaf974ef762d3e4820","0-6c74a61ff5aab50fe0626b664e51bcd181302d75636a4c28a65209be1eadd4c9","root.record.ShipsExhibitList.P5ShipClass.CostElementCategories.HME.CostElementAnalysis.P35ItemList.P35Item"
"Various","12","2016","CVN","73","2017-01","2021-08","1","6.891","C","FFP","new","51","2016-05","","2020-BASE_PROCUREMENT-2020-NAVY_SHIPBUILDINGANDCOVERSION-U_PROCUREMENT_MasterJustificationBook_Navy_PB_2020.zzz_unzipped-U_PROCUREMENT_MasterJustificationBook_Navy_PB_2020.xml","53454ed154816f70057095a6ea7a42707220b000004458bda908b6e9eea36312","0-8ebc086c494d4899d59d97874cb4c6fadfa3af86f6d7cb5682fdd2e4a19b8532","0-3db5b01912b27395f629bf46ac1d37e91833c290f0a0c839d2baae37e7f40001","root.record.ShipsExhibitList.P5ShipClass.CostElementCategories.HME.CostElementAnalysis.P35ItemList.P35Item"
"Tecnico","6","2016","CVN","73","2016-12","2021-08","1","4.647","C","CPFF","new","39","2017-11","","2020-BASE_PROCUREMENT-2020-NAVY_SHIPBUILDINGANDCOVERSION-U_PROCUREMENT_MasterJustificationBook_Navy_PB_2020.zzz_unzipped-U_PROCUREMENT_MasterJustificationBook_Navy_PB_2020.xml","53454ed154816f70057095a6ea7a42707220b000004458bda908b6e9eea36312","0-f6a1ae9b65eafc29646b83910dd54f27d80931f0ebbba1748c0552b1a1c5cefd","1-7527bc30642fd0cc28036d4c72d97b8d577d645fdc808accaf5ddc18e0c01201","root.record.ShipsExhibitList.P5ShipClass.CostElementCategories.HME.CostElementAnalysis.P35ItemList.P35Item"
"TBD","6","2020","CVN","74","2021-04","2025-01","1","4.948","","","","39","2021-04","TBD","2020-BASE_PROCUREMENT-2020-NAVY_SHIPBUILDINGANDCOVERSION-U_PROCUREMENT_MasterJustificationBook_Navy_PB_2020.zzz_unzipped-U_PROCUREMENT_MasterJustificationBook_Navy_PB_2020.xml","53454ed154816f70057095a6ea7a42707220b000004458bda908b6e9eea36312","1-238a87f0e09070bfef0a549dbf6451de7fea1ecd716e0c75b531bdcc68731eec","1-7527bc30642fd0cc28036d4c72d97b8d577d645fdc808accaf5ddc18e0c01201","root.record.ShipsExhibitList.P5ShipClass.CostElementCategories.HME.CostElementAnalysis.P35ItemList.P35Item"
"RIX Industries","12","2016","CVN","73","2015-02","2021-08","1","6.094","SS","IDIQ","option","51","2016-05","","2020-BASE_PROCUREMENT-2020-NAVY_SHIPBUILDINGANDCOVERSION-U_PROCUREMENT_MasterJustificationBook_Navy_PB_2020.zzz_unzipped-U_PROCUREMENT_MasterJustificationBook_Navy_PB_2020.xml","53454ed154816f70057095a6ea7a42707220b000004458bda908b6e9eea36312","0-a6e053109335da9abb71f55a0cf8a384718ce56b98eda5da1ea2ad492e56dedf","2-de13f1b3563cecbc8183b13d0e4b5c0dd6159b8bbf5db20d88215c06cbc3c92e","root.record.ShipsExhibitList.P5ShipClass.CostElementCategories.HME.CostElementAnalysis.P35ItemList.P35Item"
"TBD","12","2020","CVN","74","2019-01","2025-01","1","6.699","","","","60","2019-01","TBD","2020-BASE_PROCUREMENT-2020-NAVY_SHIPBUILDINGANDCOVERSION-U_PROCUREMENT_MasterJustificationBook_Navy_PB_2020.zzz_unzipped-U_PROCUREMENT_MasterJustificationBook_Navy_PB_2020.xml","53454ed154816f70057095a6ea7a42707220b000004458bda908b6e9eea36312","1-a22b2c8202cad0f97a5930a978e8d391e516dff1d1f858be564175d011e383f1","2-de13f1b3563cecbc8183b13d0e4b5c0dd6159b8bbf5db20d88215c06cbc3c92e","root.record.ShipsExhibitList.P5ShipClass.CostElementCategories.HME.CostElementAnalysis.P35ItemList.P35Item"
"Northrop Grumman Power/Control Systems","26","2016","CVN","73","2015-06","2021-08","1","4.340","C","FFP","option","47","2015-07","","2020-BASE_PROCUREMENT-2020-NAVY_SHIPBUILDINGANDCOVERSION-U_PROCUREMENT_MasterJustificationBook_Navy_PB_2020.zzz_unzipped-U_PROCUREMENT_MasterJustificationBook_Navy_PB_2020.xml","53454ed154816f70057095a6ea7a42707220b000004458bda908b6e9eea36312","0-297a609f0bdf2d4d78ec6d3ead948023831e4cdc57ba20b5fff367dbeb01fd15","3-b47ced3ff8918fd7b63d4220d668e99c66c4dfe6e8af10f6e4fa872ca95438b6","root.record.ShipsExhibitList.P5ShipClass.CostElementCategories.HME.CostElementAnalysis.P35ItemList.P35Item"
"TBD","12","2020","CVN","74","2019-12","2025-01","1","3.546","","","","49","2019-12","TBD","2020-BASE_PROCUREMENT-2020-NAVY_SHIPBUILDINGANDCOVERSION-U_PROCUREMENT_MasterJustificationBook_Navy_PB_2020.zzz_unzipped-U_PROCUREMENT_MasterJustificationBook_Navy_PB_2020.xml","53454ed154816f70057095a6ea7a42707220b000004458bda908b6e9eea36312","0-8f2b978ea99cfeed6744f88f15cba27538b0b07e174223db3728af00f28fb5c6","4-0c413beaeb2c4c79221497727842ab56b119eb8d3acb958c0cac14f0bd64866f","root.record.ShipsExhibitList.P5ShipClass.CostElementCategories.HME.CostElementAnalysis.P35ItemList.P35Item"
"Rolls-Royce","24","2007","DDG","1000","2007-03","2019-09","4","18.316","C","FFP","new","33","2014-12","","2020-BASE_PROCUREMENT-2020-NAVY_SHIPBUILDINGANDCOVERSION-U_PROCUREMENT_MasterJustificationBook_Navy_PB_2020.zzz_unzipped-U_PROCUREMENT_MasterJustificationBook_Navy_PB_2020.xml","fa505ec92f383fcc1ed15c617e66a7a22b7d4afe96a0183b867c4406bbfec040","0-1f5bd25a868fddaf05010feaad71ed061381d1348580ef2671af882c3dfa40a4","0-26babe246160ce1527f4f3caccbef07a7043f102a25a188650238ff9c0c735c0","root.record.ShipsExhibitList.P5ShipClass.CostElementCategories.HME.CostElementAnalysis.P35ItemList.P35Item"
"Rolls-Royce","24","2009","DDG","1002","2008-01","2022-09","2","19.706","C","FFP","option","33","2017-12","","2020-BASE_PROCUREMENT-2020-NAVY_SHIPBUILDINGANDCOVERSION-U_PROCUREMENT_MasterJustificationBook_Navy_PB_2020.zzz_unzipped-U_PROCUREMENT_MasterJustificationBook_Navy_PB_2020.xml","fa505ec92f383fcc1ed15c617e66a7a22b7d4afe96a0183b867c4406bbfec040","1-e42f78a42cadd63f7cf2b861beac6ce34c252e267a2685fdf31fb69d37b6091e","0-26babe246160ce1527f4f3caccbef07a7043f102a25a188650238ff9c0c735c0","root.record.ShipsExhibitList.P5ShipClass.CostElementCategories.HME.CostElementAnalysis.P35ItemList.P35Item"
"DRS","12","2018","DDG","128","2018-08","2024-10","2","4.899","C","FFP","option","31","2021-03","","2020-BASE_PROCUREMENT-2020-NAVY_SHIPBUILDINGANDCOVERSION-U_PROCUREMENT_MasterJustificationBook_Navy_PB_2020.zzz_unzipped-U_PROCUREMENT_MasterJustificationBook_Navy_PB_2020.xml","5f09bad83be8d9935dfb8fbbbac4473f946bb03e639a64a10be47789f49d0473","0-36f3cc0697bafb1ead4651802f81f81bdd3aad3cbbabed2147aa3b862269cc48","0-582974c01044cd0326ff979e005e1fe9c1d65e16a78e0566e0333bd774e9da1c","root.record.ShipsExhibitList.P5ShipClass.CostElementCategories.HME.CostElementAnalysis.P35ItemList.P35Item"
"DRS","12","2019","DDG","130","2019-07","2025-07","3","4.997","C","FFP","option","31","2021-12","","2020-BASE_PROCUREMENT-2020-NAVY_SHIPBUILDINGANDCOVERSION-U_PROCUREMENT_MasterJustificationBook_Navy_PB_2020.zzz_unzipped-U_PROCUREMENT_MasterJustificationBook_Navy_PB_2020.xml","5f09bad83be8d9935dfb8fbbbac4473f946bb03e639a64a10be47789f49d0473","1-965aaa6fe818e327253d0cd9b58bef301453c975943838011c81afaa9aa4ddbc","0-582974c01044cd0326ff979e005e1fe9c1d65e16a78e0566e0333bd774e9da1c","root.record.ShipsExhibitList.P5ShipClass.CostElementCategories.HME.CostElementAnalysis.P35ItemList.P35Item"
"DRS","12","2020","DDG","133","2020-07","2026-11","3","5.097","C","FFP","option","31","2023-04","","2020-BASE_PROCUREMENT-2020-NAVY_SHIPBUILDINGANDCOVERSION-U_PROCUREMENT_MasterJustificationBook_Navy_PB_2020.zzz_unzipped-U_PROCUREMENT_MasterJustificationBook_Navy_PB_2020.xml","5f09bad83be8d9935dfb8fbbbac4473f946bb03e639a64a10be47789f49d0473","2-7e587cdf4ffd09f6cc1f1ccb57abc17e17504c54f14b49b5fd7a1ce000758f71","0-582974c01044cd0326ff979e005e1fe9c1d65e16a78e0566e0333bd774e9da1c","root.record.ShipsExhibitList.P5ShipClass.CostElementCategories.HME.CostElementAnalysis.P35ItemList.P35Item"
"TIMKEN","32","2018","DDG","128","2018-05","2024-10","2","34.216","C","FFP","option","32","2019-06","","2020-BASE_PROCUREMENT-2020-NAVY_SHIPBUILDINGANDCOVERSION-U_PROCUREMENT_MasterJustificationBook_Navy_PB_2020.zzz_unzipped-U_PROCUREMENT_MasterJustificationBook_Navy_PB_2020.xml","5f09bad83be8d9935dfb8fbbbac4473f946bb03e639a64a10be47789f49d0473","0-f4a55db7c1cfc22d1b5db30a076fe792c500daf1a808afda3e6a1a6e84bdb1bf","1-128176d489c34d3fd96d36b34ac72da4cd8d4e11c2297c96129e36b96adb2f9f","root.record.ShipsExhibitList.P5ShipClass.CostElementCategories.HME.CostElementAnalysis.P35ItemList.P35Item"
"TIMKEN","32","2019","DDG","130","2019-03","2025-07","3","36.029","C","FFP","option","32","2020-03","","2020-BASE_PROCUREMENT-2020-NAVY_SHIPBUILDINGANDCOVERSION-U_PROCUREMENT_MasterJustificationBook_Navy_PB_2020.zzz_unzipped-U_PROCUREMENT_MasterJustificationBook_Navy_PB_2020.xml","5f09bad83be8d9935dfb8fbbbac4473f946bb03e639a64a10be47789f49d0473","1-5c6f2138ff8aa87f110145c499562fd3bae76f887ba5b0aabf9d4b37ad0f7b4a","1-128176d489c34d3fd96d36b34ac72da4cd8d4e11c2297c96129e36b96adb2f9f","root.record.ShipsExhibitList.P5ShipClass.CostElementCategories.HME.CostElementAnalysis.P35ItemList.P35Item"
"TIMKEN","32","2020","DDG","133","2020-03","2026-11","3","36.671","C","FFP","option","32","2021-07","","2020-BASE_PROCUREMENT-2020-NAVY_SHIPBUILDINGANDCOVERSION-U_PROCUREMENT_MasterJustificationBook_Navy_PB_2020.zzz_unzipped-U_PROCUREMENT_MasterJustificationBook_Navy_PB_2020.xml","5f09bad83be8d9935dfb8fbbbac4473f946bb03e639a64a10be47789f49d0473","2-d5ebd69a31fdeb4b073920ea54728d2575a195867effc9219f71731d267b287a","1-128176d489c34d3fd96d36b34ac72da4cd8d4e11c2297c96129e36b96adb2f9f","root.record.ShipsExhibitList.P5ShipClass.CostElementCategories.HME.CostElementAnalysis.P35ItemList.P35Item"
"INDAL","24","2020","FFG","1","2021-09","2026-07","1","4.163","SS","IDIQ","new","21","2022-10","","2020-BASE_PROCUREMENT-2020-NAVY_SHIPBUILDINGANDCOVERSION-U_PROCUREMENT_MasterJustificationBook_Navy_PB_2020.zzz_unzipped-U_PROCUREMENT_MasterJustificationBook_Navy_PB_2020.xml","e8fe4dd5e0be95240e0d086c5a917adf6e4464ec266a3ea1db82e27107e162d0","0-28427c618781a63dd8f2ad4e54931080e3e899ad2f6892d7fee03825ddd2d0c7","0-cc10e8be1b3c395bd51deef203fab32417ab9d5483711af04cd9e98488ca7600","root.record.ShipsExhibitList.P5ShipClass.CostElementCategories.HME.CostElementAnalysis.P35ItemList.P35Item"
"TBD","12","2020","FFG","1","TBD","2026-07","1","1.700","","","","40","2022-03","TBD","2020-BASE_PROCUREMENT-2020-NAVY_SHIPBUILDINGANDCOVERSION-U_PROCUREMENT_MasterJustificationBook_Navy_PB_2020.zzz_unzipped-U_PROCUREMENT_MasterJustificationBook_Navy_PB_2020.xml","e8fe4dd5e0be95240e0d086c5a917adf6e4464ec266a3ea1db82e27107e162d0","0-9763ea9280c6050fc35c9b52e1f2cd6cf9b997b71fb84f5c7ce737db0d96c3e6","1-93d31c8b9a739a0bf0061a23ef3523aead5d28505678b8665c753753a28aa057","root.record.ShipsExhibitList.P5ShipClass.CostElementCategories.HME.CostElementAnalysis.P35ItemList.P35Item"
