Name_val,ProductionLeadTime_val,HistoryPlanningList_HistoryPlanning_FiscalYear_val,HistoryPlanningList_HistoryPlanning_Hull_ShipType_val,HistoryPlanningList_HistoryPlanning_Hull_HullNumber_val,HistoryPlanningList_HistoryPlanning_AwardDate_val,HistoryPlanningList_HistoryPlanning_FirstDeliveryDate_val,HistoryPlanningList_HistoryPlanning_Quantity_val,HistoryPlanningList_HistoryPlanning_UnitCost_val,HistoryPlanningList_HistoryPlanning_ShipContractMethodAndTypeList_ShipContractMethodAndType_ContractMethod_val,HistoryPlanningList_HistoryPlanning_ShipContractMethodAndTypeList_ShipContractMethodAndType_ContractType_val,HistoryPlanningList_HistoryPlanning_NewOrOption_val,HistoryPlanningList_HistoryPlanning_MonthsRequiredBeforeDelivery_val,HistoryPlanningList_HistoryPlanning_RequiredAwardDate_val,HistoryPlanningList_HistoryPlanning_FundingVehicle_val,@SOURCE_FILENAME,@RECORDID,@ROWID,@PARENTROWID,@PARENT
"BAE Systems","30","2016","SSN","796","2016-04","2021-02","2","24.650","C","FFP","option","35","2015-09","","2018-BASE_PROCUREMENT-2018-NAVY_SHIPBUILDINGANDCOVERSION-U_PROCUREMENT_JustificationBook_Navy_PB_2018.zzz_unzipped-U_PROCUREMENT_JustificationBook_Navy_PB_2018.xml","e65faa6577a08f2ddf29b7d5454a13aa910b941ba87ebd505eb81f9f400deed2","0-d43057f53372f4fae0f3924d9f4b4222303526019131f313c0ee3b39efb17596","0-724386d29d7e802bd06aef7cd1c5bb9d1112154eacdffc3fe098dcf10489e7dd","root.record.ShipsExhibitList.P5ShipClass.CostElementCategories.HME.CostElementAnalysis.P35ItemList.P35Item"
"BAE Systems","30","2017","SSN","798","2016-04","2022-02","2","25.500","C","FFP","option","35","2016-09","","2018-BASE_PROCUREMENT-2018-NAVY_SHIPBUILDINGANDCOVERSION-U_PROCUREMENT_JustificationBook_Navy_PB_2018.zzz_unzipped-U_PROCUREMENT_JustificationBook_Navy_PB_2018.xml","e65faa6577a08f2ddf29b7d5454a13aa910b941ba87ebd505eb81f9f400deed2","1-b2a3c8f58dcfe15588b7c3a9cf7f5f48a61bd7e86fa3c2003638b7fcb4770374","0-724386d29d7e802bd06aef7cd1c5bb9d1112154eacdffc3fe098dcf10489e7dd","root.record.ShipsExhibitList.P5ShipClass.CostElementCategories.HME.CostElementAnalysis.P35ItemList.P35Item"
"BAE Systems","30","2018","SSN","800","2016-04","2023-02","2","26.350","C","FFP","option","35","2017-09","","2018-BASE_PROCUREMENT-2018-NAVY_SHIPBUILDINGANDCOVERSION-U_PROCUREMENT_JustificationBook_Navy_PB_2018.zzz_unzipped-U_PROCUREMENT_JustificationBook_Navy_PB_2018.xml","e65faa6577a08f2ddf29b7d5454a13aa910b941ba87ebd505eb81f9f400deed2","2-9c3c79502618592bf3d92e768cddff3f7b9fc2b834fb2ed45f5ad5da57b79936","0-724386d29d7e802bd06aef7cd1c5bb9d1112154eacdffc3fe098dcf10489e7dd","root.record.ShipsExhibitList.P5ShipClass.CostElementCategories.HME.CostElementAnalysis.P35ItemList.P35Item"
"Various","12","2012","CVN","72","2012-07","2017-05","1","7.975","C","IDIQ","new","32","2013-06","","2018-BASE_PROCUREMENT-2018-NAVY_SHIPBUILDINGANDCOVERSION-U_PROCUREMENT_JustificationBook_Navy_PB_2018.zzz_unzipped-U_PROCUREMENT_JustificationBook_Navy_PB_2018.xml","30f05fcd72a912823615127e43b2be8ca570156afc2855adfc6c02323fd91c7d","0-2d60eabca4afc2044728f217124eeaefc443a6ffb3c80a74c1cbcadec8ff1e72","0-fb8b2c83eb3d77ab6d2adaa8403ac41e3c87d7b4486531d8b4e4c357a22af5ca","root.record.ShipsExhibitList.P5ShipClass.CostElementCategories.HME.CostElementAnalysis.P35ItemList.P35Item"
"Tecnico","6","2016","CVN","73","2016-12","2021-08","1","4.650","C","CPFF","new","35","2017-11","","2018-BASE_PROCUREMENT-2018-NAVY_SHIPBUILDINGANDCOVERSION-U_PROCUREMENT_JustificationBook_Navy_PB_2018.zzz_unzipped-U_PROCUREMENT_JustificationBook_Navy_PB_2018.xml","30f05fcd72a912823615127e43b2be8ca570156afc2855adfc6c02323fd91c7d","1-a65c6506017f2c005dca7f231339e41673da5525f92fad2b87acb3ff54def38c","0-fb8b2c83eb3d77ab6d2adaa8403ac41e3c87d7b4486531d8b4e4c357a22af5ca","root.record.ShipsExhibitList.P5ShipClass.CostElementCategories.HME.CostElementAnalysis.P35ItemList.P35Item"
"QED","12","2012","CVN","72","2011-09","2017-05","1","1.128","C","CPFF","new","42","2012-08","","2018-BASE_PROCUREMENT-2018-NAVY_SHIPBUILDINGANDCOVERSION-U_PROCUREMENT_JustificationBook_Navy_PB_2018.zzz_unzipped-U_PROCUREMENT_JustificationBook_Navy_PB_2018.xml","30f05fcd72a912823615127e43b2be8ca570156afc2855adfc6c02323fd91c7d","0-f44f58333dc68020e5c59d1cee4a77be9702aee88b6444d9f19bd32a33eb1c9a","1-3e492cb62f38d6e8e53387adf7aed46827915e36c617a90b8c5a19a7b1851170","root.record.ShipsExhibitList.P5ShipClass.CostElementCategories.HME.CostElementAnalysis.P35ItemList.P35Item"
"N/A","12","2016","CVN","73","","2021-08","1","0.000","","","","47","2016-05","TBD","2018-BASE_PROCUREMENT-2018-NAVY_SHIPBUILDINGANDCOVERSION-U_PROCUREMENT_JustificationBook_Navy_PB_2018.zzz_unzipped-U_PROCUREMENT_JustificationBook_Navy_PB_2018.xml","30f05fcd72a912823615127e43b2be8ca570156afc2855adfc6c02323fd91c7d","1-33b52756afed659755832ef11160cc6d05ee50ef0ecbb7545c75deeed7fe4239","1-3e492cb62f38d6e8e53387adf7aed46827915e36c617a90b8c5a19a7b1851170","root.record.ShipsExhibitList.P5ShipClass.CostElementCategories.HME.CostElementAnalysis.P35ItemList.P35Item"
"RIX INDUSTRIES","12","2012","CVN","72","2011-07","2017-05","1","3.115","C","FFP","option","39","2012-11","","2018-BASE_PROCUREMENT-2018-NAVY_SHIPBUILDINGANDCOVERSION-U_PROCUREMENT_JustificationBook_Navy_PB_2018.zzz_unzipped-U_PROCUREMENT_JustificationBook_Navy_PB_2018.xml","30f05fcd72a912823615127e43b2be8ca570156afc2855adfc6c02323fd91c7d","0-b412fe4bc2324ca426bc6d318b35b94ef8273b679381c2a5a998147db845acaf","2-7465913933cde8a53cb6dc2afe281644ab178d1710097317c526e3f26b7ebf8a","root.record.ShipsExhibitList.P5ShipClass.CostElementCategories.HME.CostElementAnalysis.P35ItemList.P35Item"
"RIX INDUSTIRES","12","2016","CVN","73","2015-02","2021-08","1","3.881","C","FFP","option","47","2016-05","","2018-BASE_PROCUREMENT-2018-NAVY_SHIPBUILDINGANDCOVERSION-U_PROCUREMENT_JustificationBook_Navy_PB_2018.zzz_unzipped-U_PROCUREMENT_JustificationBook_Navy_PB_2018.xml","30f05fcd72a912823615127e43b2be8ca570156afc2855adfc6c02323fd91c7d","1-93234d79a2370dc6bf743f7664527614d48876af5e004ab179f2ff6e25c0c903","2-7465913933cde8a53cb6dc2afe281644ab178d1710097317c526e3f26b7ebf8a","root.record.ShipsExhibitList.P5ShipClass.CostElementCategories.HME.CostElementAnalysis.P35ItemList.P35Item"
"Various","11","2012","CVN","72","2012-05","2017-05","1","0.193","C","CPFF","new","38","2013-01","","2018-BASE_PROCUREMENT-2018-NAVY_SHIPBUILDINGANDCOVERSION-U_PROCUREMENT_JustificationBook_Navy_PB_2018.zzz_unzipped-U_PROCUREMENT_JustificationBook_Navy_PB_2018.xml","30f05fcd72a912823615127e43b2be8ca570156afc2855adfc6c02323fd91c7d","0-af14bdb187b3e367ae56afa3181ec28ad9d85625cb0d54b673f38a1aad2641c7","3-24e84a702473d76d01336076d2b2e894a90c8b918c374bb3558feb188605810f","root.record.ShipsExhibitList.P5ShipClass.CostElementCategories.HME.CostElementAnalysis.P35ItemList.P35Item"
"Various","12","2016","CVN","73","2017-01","2021-08","1","6.891","C","FFP","new","47","2016-05","","2018-BASE_PROCUREMENT-2018-NAVY_SHIPBUILDINGANDCOVERSION-U_PROCUREMENT_JustificationBook_Navy_PB_2018.zzz_unzipped-U_PROCUREMENT_JustificationBook_Navy_PB_2018.xml","30f05fcd72a912823615127e43b2be8ca570156afc2855adfc6c02323fd91c7d","0-d64767e8ff375b5ac192f058c61fff0279abab000c5277e6ef73d5cee6979a7a","4-d88ce89501da157862be64fb454e021edc182a2780fcade812a56f32c044a1f6","root.record.ShipsExhibitList.P5ShipClass.CostElementCategories.HME.CostElementAnalysis.P35ItemList.P35Item"
"ROCKWELL CORP","8","2012","CVN","72","2012-08","2017-05","1","1.065","C","IDIQ","option","42","2012-12","","2018-BASE_PROCUREMENT-2018-NAVY_SHIPBUILDINGANDCOVERSION-U_PROCUREMENT_JustificationBook_Navy_PB_2018.zzz_unzipped-U_PROCUREMENT_JustificationBook_Navy_PB_2018.xml","30f05fcd72a912823615127e43b2be8ca570156afc2855adfc6c02323fd91c7d","0-06fa54d4db6dd778dd925e26e0fa914adc2e32503f8fbda432f4d2ae7ea0bbfe","5-7b56774cc73f0f906def8a09c06588df57d7c4413be2eafae06367d9efe45f59","root.record.ShipsExhibitList.P5ShipClass.CostElementCategories.HME.CostElementAnalysis.P35ItemList.P35Item"
"NG P/CS","26","2016","CVN","73","2015-08","2021-08","1","4.569","C","FFP","option","27","2016-11","","2018-BASE_PROCUREMENT-2018-NAVY_SHIPBUILDINGANDCOVERSION-U_PROCUREMENT_JustificationBook_Navy_PB_2018.zzz_unzipped-U_PROCUREMENT_JustificationBook_Navy_PB_2018.xml","30f05fcd72a912823615127e43b2be8ca570156afc2855adfc6c02323fd91c7d","0-5bb1d695e9ec8375b0224ae862d2f02363c0fdfde7b29874be4d71d76aa2cf77","6-9c98598deab2635b0ca73e961ccbd0004fa467807b3bf1366238cc7ccc88e8ae","root.record.ShipsExhibitList.P5ShipClass.CostElementCategories.HME.CostElementAnalysis.P35ItemList.P35Item"
"Rolls-Royce","24","2007","DDG","1000","2007-03","2018-05","4","18.316","C","FFP","new","33","2013-08","","2018-BASE_PROCUREMENT-2018-NAVY_SHIPBUILDINGANDCOVERSION-U_PROCUREMENT_JustificationBook_Navy_PB_2018.zzz_unzipped-U_PROCUREMENT_JustificationBook_Navy_PB_2018.xml","63a199acf2aec9803478e689b99e17d5ba8e6ed8eb7dfb080491db0b111af06e","0-f46e649dd1952f70edbdfa790b84ab5142670464dcf2068821a944b432b70644","0-f77e92b9dcbfddef7bb6b48b35e185eacdbbbcc29af3bf94a6624c5b7c34bac8","root.record.ShipsExhibitList.P5ShipClass.CostElementCategories.HME.CostElementAnalysis.P35ItemList.P35Item"
"Rolls-Royce","24","2009","DDG","1002","2008-01","2021-12","2","19.706","C","FFP","option","33","2017-03","","2018-BASE_PROCUREMENT-2018-NAVY_SHIPBUILDINGANDCOVERSION-U_PROCUREMENT_JustificationBook_Navy_PB_2018.zzz_unzipped-U_PROCUREMENT_JustificationBook_Navy_PB_2018.xml","63a199acf2aec9803478e689b99e17d5ba8e6ed8eb7dfb080491db0b111af06e","1-6e720b5fd987e0b0406179d87f5314d8d92da9b0ee1c17264764a8e750c914e4","0-f77e92b9dcbfddef7bb6b48b35e185eacdbbbcc29af3bf94a6624c5b7c34bac8","root.record.ShipsExhibitList.P5ShipClass.CostElementCategories.HME.CostElementAnalysis.P35ItemList.P35Item"
"DRS","16","2016","DDG","123","2016-07","2021-07","3","4.724","C","FFP","option","30","2017-09","","2018-BASE_PROCUREMENT-2018-NAVY_SHIPBUILDINGANDCOVERSION-U_PROCUREMENT_JustificationBook_Navy_PB_2018.zzz_unzipped-U_PROCUREMENT_JustificationBook_Navy_PB_2018.xml","341c09c4a37bc5105a93194374c2b71f3cdff23a738f04e5629acb1abd33932e","0-5634636280786a9f45767e76d2e596664bcea27cb7643c0b47032b5c3bd0df98","0-9cfc18edfae0aec94346aa330cf69ab663acd043ad905f0ca8fe6c9e0f5cae36","root.record.ShipsExhibitList.P5ShipClass.CostElementCategories.HME.CostElementAnalysis.P35ItemList.P35Item"
"DRS","16","2017","DDG","125","2017-07","2022-07","2","4.804","C","FFP","option","30","2018-09","","2018-BASE_PROCUREMENT-2018-NAVY_SHIPBUILDINGANDCOVERSION-U_PROCUREMENT_JustificationBook_Navy_PB_2018.zzz_unzipped-U_PROCUREMENT_JustificationBook_Navy_PB_2018.xml","341c09c4a37bc5105a93194374c2b71f3cdff23a738f04e5629acb1abd33932e","1-04500ff78a497d722db5643b9ebeddc4235f014afa4d2f48dca841593c1cccb3","0-9cfc18edfae0aec94346aa330cf69ab663acd043ad905f0ca8fe6c9e0f5cae36","root.record.ShipsExhibitList.P5ShipClass.CostElementCategories.HME.CostElementAnalysis.P35ItemList.P35Item"
"DRS","16","2018","DDG","128","2018-07","2023-07","2","4.899","C","FFP","option","30","2019-09","","2018-BASE_PROCUREMENT-2018-NAVY_SHIPBUILDINGANDCOVERSION-U_PROCUREMENT_JustificationBook_Navy_PB_2018.zzz_unzipped-U_PROCUREMENT_JustificationBook_Navy_PB_2018.xml","341c09c4a37bc5105a93194374c2b71f3cdff23a738f04e5629acb1abd33932e","2-6b5a901b16ea252ecdb1bddeffeb52ebe2555cb18d6093c194c290c653d22823","0-9cfc18edfae0aec94346aa330cf69ab663acd043ad905f0ca8fe6c9e0f5cae36","root.record.ShipsExhibitList.P5ShipClass.CostElementCategories.HME.CostElementAnalysis.P35ItemList.P35Item"
"PHILADELPHIA GEAR","30","2016","DDG","123","2016-03","2021-07","3","32.742","C","FFP","option","32","2016-05","","2018-BASE_PROCUREMENT-2018-NAVY_SHIPBUILDINGANDCOVERSION-U_PROCUREMENT_JustificationBook_Navy_PB_2018.zzz_unzipped-U_PROCUREMENT_JustificationBook_Navy_PB_2018.xml","341c09c4a37bc5105a93194374c2b71f3cdff23a738f04e5629acb1abd33932e","0-fb066a258c2a170ad7be173d26aba64f83a2cf80712a16e497618dd7b970d5c0","1-49701418806ee15f8f90c3cb2c75fca9a64cea94c5d0dcc311cff735a062dace","root.record.ShipsExhibitList.P5ShipClass.CostElementCategories.HME.CostElementAnalysis.P35ItemList.P35Item"
"PHILADELPHIA GEAR","30","2017","DDG","125","2017-03","2022-07","2","32.699","C","FFP","new","32","2017-05","","2018-BASE_PROCUREMENT-2018-NAVY_SHIPBUILDINGANDCOVERSION-U_PROCUREMENT_JustificationBook_Navy_PB_2018.zzz_unzipped-U_PROCUREMENT_JustificationBook_Navy_PB_2018.xml","341c09c4a37bc5105a93194374c2b71f3cdff23a738f04e5629acb1abd33932e","1-ab2dae50a729cad5cf380e5bebd8a9dcd1a34f150a428a93ed833ca08cb89329","1-49701418806ee15f8f90c3cb2c75fca9a64cea94c5d0dcc311cff735a062dace","root.record.ShipsExhibitList.P5ShipClass.CostElementCategories.HME.CostElementAnalysis.P35ItemList.P35Item"
"PHILADELPHIA GEAR","30","2018","DDG","128","2018-03","2023-07","2","35.510","C","FFP","option","32","2018-05","","2018-BASE_PROCUREMENT-2018-NAVY_SHIPBUILDINGANDCOVERSION-U_PROCUREMENT_JustificationBook_Navy_PB_2018.zzz_unzipped-U_PROCUREMENT_JustificationBook_Navy_PB_2018.xml","341c09c4a37bc5105a93194374c2b71f3cdff23a738f04e5629acb1abd33932e","2-2be2d1bbaa64d207674f8577d0da84ea5c20c36ef0d00110a59f82450237ace1","1-49701418806ee15f8f90c3cb2c75fca9a64cea94c5d0dcc311cff735a062dace","root.record.ShipsExhibitList.P5ShipClass.CostElementCategories.HME.CostElementAnalysis.P35ItemList.P35Item"
"BAE Systems","30","2016","SSN","796","2016-04","2021-02","2","24.650","C","FFP","option","35","2015-09","","2018-BASE_PROCUREMENT-2018-NAVY_SHIPBUILDINGANDCOVERSION-U_PROCUREMENT_MasterJustificationBook_Navy_PB_2018.zzz_unzipped-U_PROCUREMENT_MasterJustificationBook_Navy_PB_2018.xml","b9b3c2143c11a13c8f2c4f97143714796c97d937a9c0d0bc447e53de4a529dc3","0-e9672bb64651140aed1a664754051433a09c4b137d5407d394732bac841586ae","0-49c4689ac822dd6262ecb5f096cc9bfae6c6e77e2fbad5f62a09647462163f33","root.record.ShipsExhibitList.P5ShipClass.CostElementCategories.HME.CostElementAnalysis.P35ItemList.P35Item"
"BAE Systems","30","2017","SSN","798","2016-04","2022-02","2","25.500","C","FFP","option","35","2016-09","","2018-BASE_PROCUREMENT-2018-NAVY_SHIPBUILDINGANDCOVERSION-U_PROCUREMENT_MasterJustificationBook_Navy_PB_2018.zzz_unzipped-U_PROCUREMENT_MasterJustificationBook_Navy_PB_2018.xml","b9b3c2143c11a13c8f2c4f97143714796c97d937a9c0d0bc447e53de4a529dc3","1-5f2abe13eb4501deb2f708681c59b403676f6bc3006baa8cf34406b75e4ff855","0-49c4689ac822dd6262ecb5f096cc9bfae6c6e77e2fbad5f62a09647462163f33","root.record.ShipsExhibitList.P5ShipClass.CostElementCategories.HME.CostElementAnalysis.P35ItemList.P35Item"
"BAE Systems","30","2018","SSN","800","2016-04","2023-02","2","26.350","C","FFP","option","35","2017-09","","2018-BASE_PROCUREMENT-2018-NAVY_SHIPBUILDINGANDCOVERSION-U_PROCUREMENT_MasterJustificationBook_Navy_PB_2018.zzz_unzipped-U_PROCUREMENT_MasterJustificationBook_Navy_PB_2018.xml","b9b3c2143c11a13c8f2c4f97143714796c97d937a9c0d0bc447e53de4a529dc3","2-f0d2340f7f0bd92955a9ac7ba23b5050b16b92fe5e5a8a3a7ba2fab127dfa8bd","0-49c4689ac822dd6262ecb5f096cc9bfae6c6e77e2fbad5f62a09647462163f33","root.record.ShipsExhibitList.P5ShipClass.CostElementCategories.HME.CostElementAnalysis.P35ItemList.P35Item"
"Various","12","2012","CVN","72","2012-07","2017-05","1","7.975","C","IDIQ","new","32","2013-06","","2018-BASE_PROCUREMENT-2018-NAVY_SHIPBUILDINGANDCOVERSION-U_PROCUREMENT_MasterJustificationBook_Navy_PB_2018.zzz_unzipped-U_PROCUREMENT_MasterJustificationBook_Navy_PB_2018.xml","39e99632cac232ed4f791a16a1a3a350502b6d8437548761d869aa99726b1c18","0-bdda25beedd154fc69524d303e724bd46e57d89e8f05f6141ec0ef9c874bc7f8","0-dff912f1c66c685ae924eb6c5f1bc6002489d77428d03c65496729e7a2db13dc","root.record.ShipsExhibitList.P5ShipClass.CostElementCategories.HME.CostElementAnalysis.P35ItemList.P35Item"
"Tecnico","6","2016","CVN","73","2016-12","2021-08","1","4.650","C","CPFF","new","35","2017-11","","2018-BASE_PROCUREMENT-2018-NAVY_SHIPBUILDINGANDCOVERSION-U_PROCUREMENT_MasterJustificationBook_Navy_PB_2018.zzz_unzipped-U_PROCUREMENT_MasterJustificationBook_Navy_PB_2018.xml","39e99632cac232ed4f791a16a1a3a350502b6d8437548761d869aa99726b1c18","1-cd528ced05a79ebe9d425948584946d05f80ca99daa77d766f18eaae35e679fe","0-dff912f1c66c685ae924eb6c5f1bc6002489d77428d03c65496729e7a2db13dc","root.record.ShipsExhibitList.P5ShipClass.CostElementCategories.HME.CostElementAnalysis.P35ItemList.P35Item"
"QED","12","2012","CVN","72","2011-09","2017-05","1","1.128","C","CPFF","new","42","2012-08","","2018-BASE_PROCUREMENT-2018-NAVY_SHIPBUILDINGANDCOVERSION-U_PROCUREMENT_MasterJustificationBook_Navy_PB_2018.zzz_unzipped-U_PROCUREMENT_MasterJustificationBook_Navy_PB_2018.xml","39e99632cac232ed4f791a16a1a3a350502b6d8437548761d869aa99726b1c18","0-9f6c6d168314c97bac8944c310c3a2e43aedf75dfe4d51ede6ff5dea9fe548ee","1-5a42f54030def06d3074a9385387773eb44c2f38682972e4bc8c29eb71edf5d9","root.record.ShipsExhibitList.P5ShipClass.CostElementCategories.HME.CostElementAnalysis.P35ItemList.P35Item"
"N/A","12","2016","CVN","73","","2021-08","1","0.000","","","","47","2016-05","TBD","2018-BASE_PROCUREMENT-2018-NAVY_SHIPBUILDINGANDCOVERSION-U_PROCUREMENT_MasterJustificationBook_Navy_PB_2018.zzz_unzipped-U_PROCUREMENT_MasterJustificationBook_Navy_PB_2018.xml","39e99632cac232ed4f791a16a1a3a350502b6d8437548761d869aa99726b1c18","1-3d6de9a14012009105f1c4ae3fd2a5cf4790a2a0d8650d2aa57fbb87968ff677","1-5a42f54030def06d3074a9385387773eb44c2f38682972e4bc8c29eb71edf5d9","root.record.ShipsExhibitList.P5ShipClass.CostElementCategories.HME.CostElementAnalysis.P35ItemList.P35Item"
"RIX INDUSTRIES","12","2012","CVN","72","2011-07","2017-05","1","3.115","C","FFP","option","39","2012-11","","2018-BASE_PROCUREMENT-2018-NAVY_SHIPBUILDINGANDCOVERSION-U_PROCUREMENT_MasterJustificationBook_Navy_PB_2018.zzz_unzipped-U_PROCUREMENT_MasterJustificationBook_Navy_PB_2018.xml","39e99632cac232ed4f791a16a1a3a350502b6d8437548761d869aa99726b1c18","0-0ffbdd5eca816a7aac893fd9ed9c764c34eacf72b942e7483c701d5195a43a5a","2-9d766e4fea7f1c2bbe91e8f75ee8baed116c427f1165fc34a12ee364c905d8df","root.record.ShipsExhibitList.P5ShipClass.CostElementCategories.HME.CostElementAnalysis.P35ItemList.P35Item"
"RIX INDUSTIRES","12","2016","CVN","73","2015-02","2021-08","1","3.881","C","FFP","option","47","2016-05","","2018-BASE_PROCUREMENT-2018-NAVY_SHIPBUILDINGANDCOVERSION-U_PROCUREMENT_MasterJustificationBook_Navy_PB_2018.zzz_unzipped-U_PROCUREMENT_MasterJustificationBook_Navy_PB_2018.xml","39e99632cac232ed4f791a16a1a3a350502b6d8437548761d869aa99726b1c18","1-39103267f5ba24b594c46b1e61176f910e1597b447a4865bb0d5a5720014658c","2-9d766e4fea7f1c2bbe91e8f75ee8baed116c427f1165fc34a12ee364c905d8df","root.record.ShipsExhibitList.P5ShipClass.CostElementCategories.HME.CostElementAnalysis.P35ItemList.P35Item"
"Various","11","2012","CVN","72","2012-05","2017-05","1","0.193","C","CPFF","new","38","2013-01","","2018-BASE_PROCUREMENT-2018-NAVY_SHIPBUILDINGANDCOVERSION-U_PROCUREMENT_MasterJustificationBook_Navy_PB_2018.zzz_unzipped-U_PROCUREMENT_MasterJustificationBook_Navy_PB_2018.xml","39e99632cac232ed4f791a16a1a3a350502b6d8437548761d869aa99726b1c18","0-78e5a9e7cd95f0b52b152358cc207edc7733b81733abcdf2515390d8755af2f5","3-0d8d1c89eb5f9f39238052671a75147718b7ab8fb6254950a05bc86e98b7ea1a","root.record.ShipsExhibitList.P5ShipClass.CostElementCategories.HME.CostElementAnalysis.P35ItemList.P35Item"
"Various","12","2016","CVN","73","2017-01","2021-08","1","6.891","C","FFP","new","47","2016-05","","2018-BASE_PROCUREMENT-2018-NAVY_SHIPBUILDINGANDCOVERSION-U_PROCUREMENT_MasterJustificationBook_Navy_PB_2018.zzz_unzipped-U_PROCUREMENT_MasterJustificationBook_Navy_PB_2018.xml","39e99632cac232ed4f791a16a1a3a350502b6d8437548761d869aa99726b1c18","0-600a5b95a0c317472059946ecb68a7599c031b33733b03ffdd72c13df7e746e5","4-9d92e8a9d3e4c12f14a619a6ed15070debada605ffeea97d371bcd36882e2ac1","root.record.ShipsExhibitList.P5ShipClass.CostElementCategories.HME.CostElementAnalysis.P35ItemList.P35Item"
"ROCKWELL CORP","8","2012","CVN","72","2012-08","2017-05","1","1.065","C","IDIQ","option","42","2012-12","","2018-BASE_PROCUREMENT-2018-NAVY_SHIPBUILDINGANDCOVERSION-U_PROCUREMENT_MasterJustificationBook_Navy_PB_2018.zzz_unzipped-U_PROCUREMENT_MasterJustificationBook_Navy_PB_2018.xml","39e99632cac232ed4f791a16a1a3a350502b6d8437548761d869aa99726b1c18","0-9a4e9de6dd8850b54d2bfd37dfcec960567e1c0039dafa7e244af8f0b4a88a19","5-9e00e3e1a9febc31db72263c746643c91796f15dcb8c0f802bf8d22e37145e7e","root.record.ShipsExhibitList.P5ShipClass.CostElementCategories.HME.CostElementAnalysis.P35ItemList.P35Item"
"NG P/CS","26","2016","CVN","73","2015-08","2021-08","1","4.569","C","FFP","option","27","2016-11","","2018-BASE_PROCUREMENT-2018-NAVY_SHIPBUILDINGANDCOVERSION-U_PROCUREMENT_MasterJustificationBook_Navy_PB_2018.zzz_unzipped-U_PROCUREMENT_MasterJustificationBook_Navy_PB_2018.xml","39e99632cac232ed4f791a16a1a3a350502b6d8437548761d869aa99726b1c18","0-3c607e66566a5967662890b592da880932d24c956dda98b9938fe728fb30a04d","6-c61a1aa4e2cb166aba99f075dd8d2c5cef5ede982a59ae2be62d447f0811aaff","root.record.ShipsExhibitList.P5ShipClass.CostElementCategories.HME.CostElementAnalysis.P35ItemList.P35Item"
"Rolls-Royce","24","2007","DDG","1000","2007-03","2018-05","4","18.316","C","FFP","new","33","2013-08","","2018-BASE_PROCUREMENT-2018-NAVY_SHIPBUILDINGANDCOVERSION-U_PROCUREMENT_MasterJustificationBook_Navy_PB_2018.zzz_unzipped-U_PROCUREMENT_MasterJustificationBook_Navy_PB_2018.xml","cfcd2affcafe58149df6900b5bafde44d10bbb1934842da11d594bb3c352ff90","0-3aed3b127b5805244af1051565f691be59c175a708b81511dc0f9596d84ad57f","0-b93b7f7e48faa74ff4f1a86437b04552accccad226042f0931916284e69fa0c6","root.record.ShipsExhibitList.P5ShipClass.CostElementCategories.HME.CostElementAnalysis.P35ItemList.P35Item"
"Rolls-Royce","24","2009","DDG","1002","2008-01","2021-12","2","19.706","C","FFP","option","33","2017-03","","2018-BASE_PROCUREMENT-2018-NAVY_SHIPBUILDINGANDCOVERSION-U_PROCUREMENT_MasterJustificationBook_Navy_PB_2018.zzz_unzipped-U_PROCUREMENT_MasterJustificationBook_Navy_PB_2018.xml","cfcd2affcafe58149df6900b5bafde44d10bbb1934842da11d594bb3c352ff90","1-a7a7cd6f0850bd8668a0cf409633dbf7a9ca6003f9d344f623cb84473c948e55","0-b93b7f7e48faa74ff4f1a86437b04552accccad226042f0931916284e69fa0c6","root.record.ShipsExhibitList.P5ShipClass.CostElementCategories.HME.CostElementAnalysis.P35ItemList.P35Item"
"DRS","16","2016","DDG","123","2016-07","2021-07","3","4.724","C","FFP","option","30","2017-09","","2018-BASE_PROCUREMENT-2018-NAVY_SHIPBUILDINGANDCOVERSION-U_PROCUREMENT_MasterJustificationBook_Navy_PB_2018.zzz_unzipped-U_PROCUREMENT_MasterJustificationBook_Navy_PB_2018.xml","e27de6ec9cb638c66ac0b656bccfc8f782bb401590861916fc6bffb8352b5cd2","0-f1621493bb0b4277af0d9ae60dcf4e19d7a2895472ef749aa1c77788c6ce6875","0-7367413fe667cd3e2539ce010c9b8971ae0a1392bcddf5a93cddb0b116cf386a","root.record.ShipsExhibitList.P5ShipClass.CostElementCategories.HME.CostElementAnalysis.P35ItemList.P35Item"
"DRS","16","2017","DDG","125","2017-07","2022-07","2","4.804","C","FFP","option","30","2018-09","","2018-BASE_PROCUREMENT-2018-NAVY_SHIPBUILDINGANDCOVERSION-U_PROCUREMENT_MasterJustificationBook_Navy_PB_2018.zzz_unzipped-U_PROCUREMENT_MasterJustificationBook_Navy_PB_2018.xml","e27de6ec9cb638c66ac0b656bccfc8f782bb401590861916fc6bffb8352b5cd2","1-1c1946ab759e435fcde2e72a33a177409b2fb4fd0c34c43004e9458bbd62a99b","0-7367413fe667cd3e2539ce010c9b8971ae0a1392bcddf5a93cddb0b116cf386a","root.record.ShipsExhibitList.P5ShipClass.CostElementCategories.HME.CostElementAnalysis.P35ItemList.P35Item"
"DRS","16","2018","DDG","128","2018-07","2023-07","2","4.899","C","FFP","option","30","2019-09","","2018-BASE_PROCUREMENT-2018-NAVY_SHIPBUILDINGANDCOVERSION-U_PROCUREMENT_MasterJustificationBook_Navy_PB_2018.zzz_unzipped-U_PROCUREMENT_MasterJustificationBook_Navy_PB_2018.xml","e27de6ec9cb638c66ac0b656bccfc8f782bb401590861916fc6bffb8352b5cd2","2-657705915c5b940e74abe73ef378b0ccc676d62fefcac288514b066455d9ba49","0-7367413fe667cd3e2539ce010c9b8971ae0a1392bcddf5a93cddb0b116cf386a","root.record.ShipsExhibitList.P5ShipClass.CostElementCategories.HME.CostElementAnalysis.P35ItemList.P35Item"
"PHILADELPHIA GEAR","30","2016","DDG","123","2016-03","2021-07","3","32.742","C","FFP","option","32","2016-05","","2018-BASE_PROCUREMENT-2018-NAVY_SHIPBUILDINGANDCOVERSION-U_PROCUREMENT_MasterJustificationBook_Navy_PB_2018.zzz_unzipped-U_PROCUREMENT_MasterJustificationBook_Navy_PB_2018.xml","e27de6ec9cb638c66ac0b656bccfc8f782bb401590861916fc6bffb8352b5cd2","0-5508ca76e78df87bd999d403c0e80c686d056f1d11c16d59584bf9deeac47733","1-ee9f1fae29b11e35221f90d89d4f90d0ab0fb8ee43efd659d014a1b6ee48dc97","root.record.ShipsExhibitList.P5ShipClass.CostElementCategories.HME.CostElementAnalysis.P35ItemList.P35Item"
"PHILADELPHIA GEAR","30","2017","DDG","125","2017-03","2022-07","2","32.699","C","FFP","new","32","2017-05","","2018-BASE_PROCUREMENT-2018-NAVY_SHIPBUILDINGANDCOVERSION-U_PROCUREMENT_MasterJustificationBook_Navy_PB_2018.zzz_unzipped-U_PROCUREMENT_MasterJustificationBook_Navy_PB_2018.xml","e27de6ec9cb638c66ac0b656bccfc8f782bb401590861916fc6bffb8352b5cd2","1-611dafbb57e6e4d9794f94d856cc7f5df9edd8b311736e39bdf96693334e595e","1-ee9f1fae29b11e35221f90d89d4f90d0ab0fb8ee43efd659d014a1b6ee48dc97","root.record.ShipsExhibitList.P5ShipClass.CostElementCategories.HME.CostElementAnalysis.P35ItemList.P35Item"
"PHILADELPHIA GEAR","30","2018","DDG","128","2018-03","2023-07","2","35.510","C","FFP","option","32","2018-05","","2018-BASE_PROCUREMENT-2018-NAVY_SHIPBUILDINGANDCOVERSION-U_PROCUREMENT_MasterJustificationBook_Navy_PB_2018.zzz_unzipped-U_PROCUREMENT_MasterJustificationBook_Navy_PB_2018.xml","e27de6ec9cb638c66ac0b656bccfc8f782bb401590861916fc6bffb8352b5cd2","2-20419a37b472116e854d90f119b3f9fbc3105f0e50d163ae234fa5ecbde27cd9","1-ee9f1fae29b11e35221f90d89d4f90d0ab0fb8ee43efd659d014a1b6ee48dc97","root.record.ShipsExhibitList.P5ShipClass.CostElementCategories.HME.CostElementAnalysis.P35ItemList.P35Item"
"BAE Systems","30","2017","SSN","798","2016-04","2022-02","2","25.500","C","FFP","option","35","2016-09","","2019-BASE_PROCUREMENT-2019-NAVY_SHIPBUILDINGANDCOVERSION-U_PROCUREMENT_JustificationBook_Navy_PB_2019.zzz_unzipped-U_PROCUREMENT_JustificationBook_Navy_PB_2019.xml","26f7a9377367f4833fc97e7a760e9a2cc6323946d5bc9215f0843a3a55340edc","0-bcbd5b219f67500cb7fb5525f6290d7e438cd47f73eceedae28a7cade9309bf5","0-9ce371d3c136313c5c651dda58b5f6d9d660dcb337a76c7f83fe0aaed870ec0c","root.record.ShipsExhibitList.P5ShipClass.CostElementCategories.HME.CostElementAnalysis.P35ItemList.P35Item"
"BAE Systems","30","2018","SSN","800","2016-04","2023-02","2","26.350","C","FFP","option","35","2017-09","","2019-BASE_PROCUREMENT-2019-NAVY_SHIPBUILDINGANDCOVERSION-U_PROCUREMENT_JustificationBook_Navy_PB_2019.zzz_unzipped-U_PROCUREMENT_JustificationBook_Navy_PB_2019.xml","26f7a9377367f4833fc97e7a760e9a2cc6323946d5bc9215f0843a3a55340edc","1-2990d54bb37d2cc2ca26f2cb1964cace8afe56288689c53fc59189e631d9f545","0-9ce371d3c136313c5c651dda58b5f6d9d660dcb337a76c7f83fe0aaed870ec0c","root.record.ShipsExhibitList.P5ShipClass.CostElementCategories.HME.CostElementAnalysis.P35ItemList.P35Item"
"BAE Systems","30","2019","SSN","802","2016-04","2024-07","2","26.888","C","FFP","option","40","2018-09","","2019-BASE_PROCUREMENT-2019-NAVY_SHIPBUILDINGANDCOVERSION-U_PROCUREMENT_JustificationBook_Navy_PB_2019.zzz_unzipped-U_PROCUREMENT_JustificationBook_Navy_PB_2019.xml","26f7a9377367f4833fc97e7a760e9a2cc6323946d5bc9215f0843a3a55340edc","2-ed4bce4465e44c703baee17c5e035034880247f9750ab9f2356f94523c4d0e60","0-9ce371d3c136313c5c651dda58b5f6d9d660dcb337a76c7f83fe0aaed870ec0c","root.record.ShipsExhibitList.P5ShipClass.CostElementCategories.HME.CostElementAnalysis.P35ItemList.P35Item"
"Various","12","2016","CVN","73","2017-01","2021-08","1","6.891","C","FFP","new","47","2016-05","","2019-BASE_PROCUREMENT-2019-NAVY_SHIPBUILDINGANDCOVERSION-U_PROCUREMENT_JustificationBook_Navy_PB_2019.zzz_unzipped-U_PROCUREMENT_JustificationBook_Navy_PB_2019.xml","3f04422267f18278d5d6f04f107d65e4403280e1024fb698d2f8e9e46d266e01","0-b86ecaef70d5c9da9b7018c8bf8fe01d8566cb00fadedc39a29874f55cde0aad","0-da3db5776c81f298bc96694f64f5dd3756bbb5600c3ccdb2e297ac5509296546","root.record.ShipsExhibitList.P5ShipClass.CostElementCategories.HME.CostElementAnalysis.P35ItemList.P35Item"
"Tecnico","6","2016","CVN","73","2016-12","2021-08","1","4.650","C","CPFF","new","35","2017-11","","2019-BASE_PROCUREMENT-2019-NAVY_SHIPBUILDINGANDCOVERSION-U_PROCUREMENT_JustificationBook_Navy_PB_2019.zzz_unzipped-U_PROCUREMENT_JustificationBook_Navy_PB_2019.xml","3f04422267f18278d5d6f04f107d65e4403280e1024fb698d2f8e9e46d266e01","0-bbec0090018ab8e9b4abe4528bee7e0b95aca83041a4e1ad2ec59c82f8b9cf28","1-9b4971624153fdcba552a412bcd75f8c70db626e8ac094b3af1058dcecf10722","root.record.ShipsExhibitList.P5ShipClass.CostElementCategories.HME.CostElementAnalysis.P35ItemList.P35Item"
"RIX Industries","12","2016","CVN","73","2015-02","2021-08","1","6.094","SS","IDIQ","option","47","2016-05","","2019-BASE_PROCUREMENT-2019-NAVY_SHIPBUILDINGANDCOVERSION-U_PROCUREMENT_JustificationBook_Navy_PB_2019.zzz_unzipped-U_PROCUREMENT_JustificationBook_Navy_PB_2019.xml","3f04422267f18278d5d6f04f107d65e4403280e1024fb698d2f8e9e46d266e01","0-9201db465dcbab2fa0aac98d43f5da739c63e5963dcb9592e4e825a8bb110f89","2-ba555a9a7a11a3904faf5b68c649fa281b1ab372df7f313640aa7040e18e937a","root.record.ShipsExhibitList.P5ShipClass.CostElementCategories.HME.CostElementAnalysis.P35ItemList.P35Item"
"Northrop Grumman Power/Control Systems","26","2016","CVN","73","2015-06","2021-08","1","4.340","C","FFP","option","27","2015-07","","2019-BASE_PROCUREMENT-2019-NAVY_SHIPBUILDINGANDCOVERSION-U_PROCUREMENT_JustificationBook_Navy_PB_2019.zzz_unzipped-U_PROCUREMENT_JustificationBook_Navy_PB_2019.xml","3f04422267f18278d5d6f04f107d65e4403280e1024fb698d2f8e9e46d266e01","0-b3d7f701f812ee1c5f3ee9e30361d0139c492f34e322703c0a9cc09d7aea1e2d","3-3f083184a57737cf3915b5a39f6347dc0096714dce2c84fc39d88f4680466129","root.record.ShipsExhibitList.P5ShipClass.CostElementCategories.HME.CostElementAnalysis.P35ItemList.P35Item"
"Rolls-Royce","24","2007","DDG","1000","2007-03","2018-12","4","18.316","C","FFP","new","33","2014-03","","2019-BASE_PROCUREMENT-2019-NAVY_SHIPBUILDINGANDCOVERSION-U_PROCUREMENT_JustificationBook_Navy_PB_2019.zzz_unzipped-U_PROCUREMENT_JustificationBook_Navy_PB_2019.xml","384bbcfb660b583b57aa41ac827b7a4f96349bc3d635569d38c5399e81cf111b","0-cf9164045278ca6bfd5c1f611ef24cf77313f46970bf02a4f7d0275f2989e36b","0-ccb8209230e2d1cc041bd506d2881cfffa7c28340e9400f4ccc474e0978ce4e8","root.record.ShipsExhibitList.P5ShipClass.CostElementCategories.HME.CostElementAnalysis.P35ItemList.P35Item"
"Rolls-Royce","24","2009","DDG","1002","2008-01","2022-09","2","19.706","C","FFP","option","33","2017-12","","2019-BASE_PROCUREMENT-2019-NAVY_SHIPBUILDINGANDCOVERSION-U_PROCUREMENT_JustificationBook_Navy_PB_2019.zzz_unzipped-U_PROCUREMENT_JustificationBook_Navy_PB_2019.xml","384bbcfb660b583b57aa41ac827b7a4f96349bc3d635569d38c5399e81cf111b","1-cc999c1afc98032cb50cf39433693a8066c0726643734573e504ca4e4a2f311d","0-ccb8209230e2d1cc041bd506d2881cfffa7c28340e9400f4ccc474e0978ce4e8","root.record.ShipsExhibitList.P5ShipClass.CostElementCategories.HME.CostElementAnalysis.P35ItemList.P35Item"
"DRS","16","2017","DDG","125","2017-07","2023-04","2","4.804","C","FFP","option","30","2019-06","","2019-BASE_PROCUREMENT-2019-NAVY_SHIPBUILDINGANDCOVERSION-U_PROCUREMENT_JustificationBook_Navy_PB_2019.zzz_unzipped-U_PROCUREMENT_JustificationBook_Navy_PB_2019.xml","a1a47c8635cef5e8f1226c963ba3faf740a9814b8e16b8e7235117ff98b853fd","0-f681c3944e4a68d0552d215cd5e3cc4536eefdd6183669e25b177b589f21cf88","0-266d67b2dbf87470dec84824cedc87db07bc7ccdddbe44fb45d802e30bcfda2a","root.record.ShipsExhibitList.P5ShipClass.CostElementCategories.HME.CostElementAnalysis.P35ItemList.P35Item"
"DRS","16","2018","DDG","128","2018-07","2023-12","2","4.899","C","FFP","option","31","2020-01","","2019-BASE_PROCUREMENT-2019-NAVY_SHIPBUILDINGANDCOVERSION-U_PROCUREMENT_JustificationBook_Navy_PB_2019.zzz_unzipped-U_PROCUREMENT_JustificationBook_Navy_PB_2019.xml","a1a47c8635cef5e8f1226c963ba3faf740a9814b8e16b8e7235117ff98b853fd","1-64dfc5184ae2aa31e0667270ac279c57ca81b0fa805e0b910999b4d9981872e3","0-266d67b2dbf87470dec84824cedc87db07bc7ccdddbe44fb45d802e30bcfda2a","root.record.ShipsExhibitList.P5ShipClass.CostElementCategories.HME.CostElementAnalysis.P35ItemList.P35Item"
"DRS","16","2019","DDG","130","2019-07","2024-09","3","4.997","C","FFP","option","31","2020-10","","2019-BASE_PROCUREMENT-2019-NAVY_SHIPBUILDINGANDCOVERSION-U_PROCUREMENT_JustificationBook_Navy_PB_2019.zzz_unzipped-U_PROCUREMENT_JustificationBook_Navy_PB_2019.xml","a1a47c8635cef5e8f1226c963ba3faf740a9814b8e16b8e7235117ff98b853fd","2-c252412c9224dc8062766a89a7679cafefd61f379f17c0325d98d83800e821b6","0-266d67b2dbf87470dec84824cedc87db07bc7ccdddbe44fb45d802e30bcfda2a","root.record.ShipsExhibitList.P5ShipClass.CostElementCategories.HME.CostElementAnalysis.P35ItemList.P35Item"
"PHILADELPHIA GEAR","30","2017","DDG","125","2017-05","2023-04","2","32.810","C","FFP","new","32","2018-02","","2019-BASE_PROCUREMENT-2019-NAVY_SHIPBUILDINGANDCOVERSION-U_PROCUREMENT_JustificationBook_Navy_PB_2019.zzz_unzipped-U_PROCUREMENT_JustificationBook_Navy_PB_2019.xml","a1a47c8635cef5e8f1226c963ba3faf740a9814b8e16b8e7235117ff98b853fd","0-62f4dad1edde9e158c993d6d2bdb8311ec01b57b0e4dcdc4be61e2e38bc60926","1-9848c5eb0967f48a776df755df77f5078cecde42a2e2df506a27efa71ddb996a","root.record.ShipsExhibitList.P5ShipClass.CostElementCategories.HME.CostElementAnalysis.P35ItemList.P35Item"
"PHILADELPHIA GEAR","30","2018","DDG","128","2018-03","2023-12","2","34.216","C","FFP","option","32","2018-10","","2019-BASE_PROCUREMENT-2019-NAVY_SHIPBUILDINGANDCOVERSION-U_PROCUREMENT_JustificationBook_Navy_PB_2019.zzz_unzipped-U_PROCUREMENT_JustificationBook_Navy_PB_2019.xml","a1a47c8635cef5e8f1226c963ba3faf740a9814b8e16b8e7235117ff98b853fd","1-9d07fd5ee59b82b18ebd0e927b23cc8e07cac8a62ec1976212b8ff40b7c2828c","1-9848c5eb0967f48a776df755df77f5078cecde42a2e2df506a27efa71ddb996a","root.record.ShipsExhibitList.P5ShipClass.CostElementCategories.HME.CostElementAnalysis.P35ItemList.P35Item"
"PHILADELPHIA GEAR","30","2019","DDG","130","2019-03","2024-09","3","36.029","C","FFP","option","32","2019-07","","2019-BASE_PROCUREMENT-2019-NAVY_SHIPBUILDINGANDCOVERSION-U_PROCUREMENT_JustificationBook_Navy_PB_2019.zzz_unzipped-U_PROCUREMENT_JustificationBook_Navy_PB_2019.xml","a1a47c8635cef5e8f1226c963ba3faf740a9814b8e16b8e7235117ff98b853fd","2-5043e1c4420f4540098e3d2499457c2f311286dde3ebc59bad16fc09bd4a4e90","1-9848c5eb0967f48a776df755df77f5078cecde42a2e2df506a27efa71ddb996a","root.record.ShipsExhibitList.P5ShipClass.CostElementCategories.HME.CostElementAnalysis.P35ItemList.P35Item"
"BAE Systems","30","2017","SSN","798","2016-04","2022-02","2","25.500","C","FFP","option","35","2016-09","","2019-BASE_PROCUREMENT-2019-NAVY_SHIPBUILDINGANDCOVERSION-U_PROCUREMENT_MasterJustificationBook_Navy_PB_2019.zzz_unzipped-U_PROCUREMENT_MasterJustificationBook_Navy_PB_2019.xml","cbe29039c7026c484c7be93d8dffc73f479957edddb0229a6b7ae1188f188bcd","0-bc6b9b68d2f63e774856414a75609f658521274b82fc15780d5920198b4038cf","0-27bd8a79b21aba6af66d8ae50b1dcc14592254add48b52a8d895fb404a3f0b81","root.record.ShipsExhibitList.P5ShipClass.CostElementCategories.HME.CostElementAnalysis.P35ItemList.P35Item"
"BAE Systems","30","2018","SSN","800","2016-04","2023-02","2","26.350","C","FFP","option","35","2017-09","","2019-BASE_PROCUREMENT-2019-NAVY_SHIPBUILDINGANDCOVERSION-U_PROCUREMENT_MasterJustificationBook_Navy_PB_2019.zzz_unzipped-U_PROCUREMENT_MasterJustificationBook_Navy_PB_2019.xml","cbe29039c7026c484c7be93d8dffc73f479957edddb0229a6b7ae1188f188bcd","1-45619782cbc9eb91eae423787910e80db763dab16dd6c8fdb9dc8d504c6ade33","0-27bd8a79b21aba6af66d8ae50b1dcc14592254add48b52a8d895fb404a3f0b81","root.record.ShipsExhibitList.P5ShipClass.CostElementCategories.HME.CostElementAnalysis.P35ItemList.P35Item"
"BAE Systems","30","2019","SSN","802","2016-04","2024-07","2","26.888","C","FFP","option","40","2018-09","","2019-BASE_PROCUREMENT-2019-NAVY_SHIPBUILDINGANDCOVERSION-U_PROCUREMENT_MasterJustificationBook_Navy_PB_2019.zzz_unzipped-U_PROCUREMENT_MasterJustificationBook_Navy_PB_2019.xml","cbe29039c7026c484c7be93d8dffc73f479957edddb0229a6b7ae1188f188bcd","2-a08c80904e6e4df153e858266c44d26966f61b20f083d02cde21173e25e6ee54","0-27bd8a79b21aba6af66d8ae50b1dcc14592254add48b52a8d895fb404a3f0b81","root.record.ShipsExhibitList.P5ShipClass.CostElementCategories.HME.CostElementAnalysis.P35ItemList.P35Item"
"Various","12","2016","CVN","73","2017-01","2021-08","1","6.891","C","FFP","new","47","2016-05","","2019-BASE_PROCUREMENT-2019-NAVY_SHIPBUILDINGANDCOVERSION-U_PROCUREMENT_MasterJustificationBook_Navy_PB_2019.zzz_unzipped-U_PROCUREMENT_MasterJustificationBook_Navy_PB_2019.xml","8e712934068abd23958514556a25c137e290832dbeb92748a5baadb930834b13","0-0a13e8aed389746274e6cf0e16b60721aa72dc8893af46b685b08f7aa2e902ab","0-429d7b4960975c1db80e60f560134f76395532eeb58169297ee2d2c463a4743d","root.record.ShipsExhibitList.P5ShipClass.CostElementCategories.HME.CostElementAnalysis.P35ItemList.P35Item"
"Tecnico","6","2016","CVN","73","2016-12","2021-08","1","4.650","C","CPFF","new","35","2017-11","","2019-BASE_PROCUREMENT-2019-NAVY_SHIPBUILDINGANDCOVERSION-U_PROCUREMENT_MasterJustificationBook_Navy_PB_2019.zzz_unzipped-U_PROCUREMENT_MasterJustificationBook_Navy_PB_2019.xml","8e712934068abd23958514556a25c137e290832dbeb92748a5baadb930834b13","0-881d9a51d9bc093e4e0ebcc66c3ce1e3a5f5f311cd2bde41ef1457a97c979e04","1-b24d5488cda4efd27c814b1be30c414e134a397aef8c4cee2ca11d0f9fe38b2e","root.record.ShipsExhibitList.P5ShipClass.CostElementCategories.HME.CostElementAnalysis.P35ItemList.P35Item"
"RIX Industries","12","2016","CVN","73","2015-02","2021-08","1","6.094","SS","IDIQ","option","47","2016-05","","2019-BASE_PROCUREMENT-2019-NAVY_SHIPBUILDINGANDCOVERSION-U_PROCUREMENT_MasterJustificationBook_Navy_PB_2019.zzz_unzipped-U_PROCUREMENT_MasterJustificationBook_Navy_PB_2019.xml","8e712934068abd23958514556a25c137e290832dbeb92748a5baadb930834b13","0-dfcceeb7cc9d9f2f99c66121e53d8990604eb6ad03135585c2c7c54a6414e846","2-762668932fdbb33427904114219e0388898380207acb108bd4eaab7f425c4d5f","root.record.ShipsExhibitList.P5ShipClass.CostElementCategories.HME.CostElementAnalysis.P35ItemList.P35Item"
"Northrop Grumman Power/Control Systems","26","2016","CVN","73","2015-06","2021-08","1","4.340","C","FFP","option","27","2015-07","","2019-BASE_PROCUREMENT-2019-NAVY_SHIPBUILDINGANDCOVERSION-U_PROCUREMENT_MasterJustificationBook_Navy_PB_2019.zzz_unzipped-U_PROCUREMENT_MasterJustificationBook_Navy_PB_2019.xml","8e712934068abd23958514556a25c137e290832dbeb92748a5baadb930834b13","0-039d0d8375f521dfde70bebbeefb070221c8bde319f566f45e89045d1b1bff46","3-a3c6cd01ecaf66824d72c8284dec8130aea701e98b0a97b1145df0479e534312","root.record.ShipsExhibitList.P5ShipClass.CostElementCategories.HME.CostElementAnalysis.P35ItemList.P35Item"
"Rolls-Royce","24","2007","DDG","1000","2007-03","2018-12","4","18.316","C","FFP","new","33","2014-03","","2019-BASE_PROCUREMENT-2019-NAVY_SHIPBUILDINGANDCOVERSION-U_PROCUREMENT_MasterJustificationBook_Navy_PB_2019.zzz_unzipped-U_PROCUREMENT_MasterJustificationBook_Navy_PB_2019.xml","eb65c52dd93ce16c20d00a7266f3d388040779562cbb7747c2c0d892437bc207","0-5ab39991227b36a6df748f54c0ff036f8e73acde076bbd644d7e2d618dc7f42f","0-a6be3cf970cd72dca3413bc2c809b635243a7c49e60ac4b2ea44506bb63fd865","root.record.ShipsExhibitList.P5ShipClass.CostElementCategories.HME.CostElementAnalysis.P35ItemList.P35Item"
"Rolls-Royce","24","2009","DDG","1002","2008-01","2022-09","2","19.706","C","FFP","option","33","2017-12","","2019-BASE_PROCUREMENT-2019-NAVY_SHIPBUILDINGANDCOVERSION-U_PROCUREMENT_MasterJustificationBook_Navy_PB_2019.zzz_unzipped-U_PROCUREMENT_MasterJustificationBook_Navy_PB_2019.xml","eb65c52dd93ce16c20d00a7266f3d388040779562cbb7747c2c0d892437bc207","1-dfa2e01a14df1369741a3cbca8d5ce9bb4f42e6170f45c0695ab700e6fd8b62d","0-a6be3cf970cd72dca3413bc2c809b635243a7c49e60ac4b2ea44506bb63fd865","root.record.ShipsExhibitList.P5ShipClass.CostElementCategories.HME.CostElementAnalysis.P35ItemList.P35Item"
"DRS","16","2017","DDG","125","2017-07","2023-04","2","4.804","C","FFP","option","30","2019-06","","2019-BASE_PROCUREMENT-2019-NAVY_SHIPBUILDINGANDCOVERSION-U_PROCUREMENT_MasterJustificationBook_Navy_PB_2019.zzz_unzipped-U_PROCUREMENT_MasterJustificationBook_Navy_PB_2019.xml","7ccb09e5aa0dcd2ff656bb6257f40762290470295a3462fc198202ddc187b82f","0-c1c0b720452f187f055c055d917190ba6e67848fea7bc10a66f346ccb03985b8","0-7f6cf8a6763f8d2b0b1d2b89e1269cff053ca7b1ee31f6768a57cde08fe1f458","root.record.ShipsExhibitList.P5ShipClass.CostElementCategories.HME.CostElementAnalysis.P35ItemList.P35Item"
"DRS","16","2018","DDG","128","2018-07","2023-12","2","4.899","C","FFP","option","31","2020-01","","2019-BASE_PROCUREMENT-2019-NAVY_SHIPBUILDINGANDCOVERSION-U_PROCUREMENT_MasterJustificationBook_Navy_PB_2019.zzz_unzipped-U_PROCUREMENT_MasterJustificationBook_Navy_PB_2019.xml","7ccb09e5aa0dcd2ff656bb6257f40762290470295a3462fc198202ddc187b82f","1-16af325361453fb5391ce8b59b8306aabe6b5a848c86a650e164c57374c478d8","0-7f6cf8a6763f8d2b0b1d2b89e1269cff053ca7b1ee31f6768a57cde08fe1f458","root.record.ShipsExhibitList.P5ShipClass.CostElementCategories.HME.CostElementAnalysis.P35ItemList.P35Item"
"DRS","16","2019","DDG","130","2019-07","2024-09","3","4.997","C","FFP","option","31","2020-10","","2019-BASE_PROCUREMENT-2019-NAVY_SHIPBUILDINGANDCOVERSION-U_PROCUREMENT_MasterJustificationBook_Navy_PB_2019.zzz_unzipped-U_PROCUREMENT_MasterJustificationBook_Navy_PB_2019.xml","7ccb09e5aa0dcd2ff656bb6257f40762290470295a3462fc198202ddc187b82f","2-c1799d5e6305ee4fcf8def1f04e032df007fc04d77cb84fd80bb5d15a7758d45","0-7f6cf8a6763f8d2b0b1d2b89e1269cff053ca7b1ee31f6768a57cde08fe1f458","root.record.ShipsExhibitList.P5ShipClass.CostElementCategories.HME.CostElementAnalysis.P35ItemList.P35Item"
"PHILADELPHIA GEAR","30","2017","DDG","125","2017-05","2023-04","2","32.810","C","FFP","new","32","2018-02","","2019-BASE_PROCUREMENT-2019-NAVY_SHIPBUILDINGANDCOVERSION-U_PROCUREMENT_MasterJustificationBook_Navy_PB_2019.zzz_unzipped-U_PROCUREMENT_MasterJustificationBook_Navy_PB_2019.xml","7ccb09e5aa0dcd2ff656bb6257f40762290470295a3462fc198202ddc187b82f","0-363c4b31cac25bf874bb2e376fdfe7bce78232cc0880489dce7138c4f5972b37","1-8b3172698687b40af89cc2f2eff6778074df2982d9ed5376e0d9ca43a6a5aa2d","root.record.ShipsExhibitList.P5ShipClass.CostElementCategories.HME.CostElementAnalysis.P35ItemList.P35Item"
"PHILADELPHIA GEAR","30","2018","DDG","128","2018-03","2023-12","2","34.216","C","FFP","option","32","2018-10","","2019-BASE_PROCUREMENT-2019-NAVY_SHIPBUILDINGANDCOVERSION-U_PROCUREMENT_MasterJustificationBook_Navy_PB_2019.zzz_unzipped-U_PROCUREMENT_MasterJustificationBook_Navy_PB_2019.xml","7ccb09e5aa0dcd2ff656bb6257f40762290470295a3462fc198202ddc187b82f","1-0cf663cfa91f8324304c8858e75a8c715abafc5b9992908f60019b90931445ac","1-8b3172698687b40af89cc2f2eff6778074df2982d9ed5376e0d9ca43a6a5aa2d","root.record.ShipsExhibitList.P5ShipClass.CostElementCategories.HME.CostElementAnalysis.P35ItemList.P35Item"
"PHILADELPHIA GEAR","30","2019","DDG","130","2019-03","2024-09","3","36.029","C","FFP","option","32","2019-07","","2019-BASE_PROCUREMENT-2019-NAVY_SHIPBUILDINGANDCOVERSION-U_PROCUREMENT_MasterJustificationBook_Navy_PB_2019.zzz_unzipped-U_PROCUREMENT_MasterJustificationBook_Navy_PB_2019.xml","7ccb09e5aa0dcd2ff656bb6257f40762290470295a3462fc198202ddc187b82f","2-1809965b85b2f858ef14d083b197ece5a559e189b43a9de37bb6375e899a9555","1-8b3172698687b40af89cc2f2eff6778074df2982d9ed5376e0d9ca43a6a5aa2d","root.record.ShipsExhibitList.P5ShipClass.CostElementCategories.HME.CostElementAnalysis.P35ItemList.P35Item"
"BAE Systems","30","2018","SSN","800","2016-04","2023-04","2","26.350","C","FFP","option","35","2017-11","","2020-BASE_PROCUREMENT-2020-NAVY_SHIPBUILDINGANDCOVERSION-U_PROCUREMENT_JustificationBook_Navy_PB_2020.zzz_unzipped-U_PROCUREMENT_JustificationBook_Navy_PB_2020.xml","cc662e74a7de7213dcbbea2bd4856f29d0eced5cfd2f89546251c34f13f65079","0-43c5d67095c6ebc34633a3c2967b93e9e2af86536cb52628b0ca84b9a6aafc59","0-16084ae9ce5388558e7852f335c4d90d76f9338b776f1024fbe114a5fac5dda0","root.record.ShipsExhibitList.P5ShipClass.CostElementCategories.HME.CostElementAnalysis.P35ItemList.P35Item"
"BAE Systems","30","2019","SSN","802","2016-04","2025-01","2","26.888","C","FFP","option","40","2019-03","","2020-BASE_PROCUREMENT-2020-NAVY_SHIPBUILDINGANDCOVERSION-U_PROCUREMENT_JustificationBook_Navy_PB_2020.zzz_unzipped-U_PROCUREMENT_JustificationBook_Navy_PB_2020.xml","cc662e74a7de7213dcbbea2bd4856f29d0eced5cfd2f89546251c34f13f65079","1-8680e7feb6875befd521e0120a8fec6ffaca7a40f031f6879b1eda0e12a7e8c7","0-16084ae9ce5388558e7852f335c4d90d76f9338b776f1024fbe114a5fac5dda0","root.record.ShipsExhibitList.P5ShipClass.CostElementCategories.HME.CostElementAnalysis.P35ItemList.P35Item"
"BAE Systems","30","2020","SSN","804","2016-04","2026-01","3","27.426","C","FFP","option","40","2020-03","","2020-BASE_PROCUREMENT-2020-NAVY_SHIPBUILDINGANDCOVERSION-U_PROCUREMENT_JustificationBook_Navy_PB_2020.zzz_unzipped-U_PROCUREMENT_JustificationBook_Navy_PB_2020.xml","cc662e74a7de7213dcbbea2bd4856f29d0eced5cfd2f89546251c34f13f65079","2-8953c173eb1b4cd4a030a4ff8649878fdbaa8a15d0b4d3e8e3e520bed5a12704","0-16084ae9ce5388558e7852f335c4d90d76f9338b776f1024fbe114a5fac5dda0","root.record.ShipsExhibitList.P5ShipClass.CostElementCategories.HME.CostElementAnalysis.P35ItemList.P35Item"
"Various","12","2016","CVN","73","2017-01","2021-08","1","6.891","C","FFP","new","51","2016-05","","2020-BASE_PROCUREMENT-2020-NAVY_SHIPBUILDINGANDCOVERSION-U_PROCUREMENT_JustificationBook_Navy_PB_2020.zzz_unzipped-U_PROCUREMENT_JustificationBook_Navy_PB_2020.xml","79df57bc99fb77f6f94f2d8202847567fc765bce66445ff4e4e663760799e6e1","0-6e0bb6d16b4bd2358ad0a4b1e1a6bc514820331760e1e80bbe830f24ec590e2f","0-12a5841fad5892d01cdc121b177358394c7eb4d87fc34f11f68732acdd0503ce","root.record.ShipsExhibitList.P5ShipClass.CostElementCategories.HME.CostElementAnalysis.P35ItemList.P35Item"
"Tecnico","6","2016","CVN","73","2016-12","2021-08","1","4.647","C","CPFF","new","39","2017-11","","2020-BASE_PROCUREMENT-2020-NAVY_SHIPBUILDINGANDCOVERSION-U_PROCUREMENT_JustificationBook_Navy_PB_2020.zzz_unzipped-U_PROCUREMENT_JustificationBook_Navy_PB_2020.xml","79df57bc99fb77f6f94f2d8202847567fc765bce66445ff4e4e663760799e6e1","0-6a964bc676cffee972ae019def6bf1af9103c32142557e289a844eeb9476e2af","1-ef073ad023eb9f69ee86e43550a525156be1b9b7b054d3987eafb1314f8b1ca0","root.record.ShipsExhibitList.P5ShipClass.CostElementCategories.HME.CostElementAnalysis.P35ItemList.P35Item"
"TBD","6","2020","CVN","74","2021-04","2025-01","1","4.948","","","","39","2021-04","TBD","2020-BASE_PROCUREMENT-2020-NAVY_SHIPBUILDINGANDCOVERSION-U_PROCUREMENT_JustificationBook_Navy_PB_2020.zzz_unzipped-U_PROCUREMENT_JustificationBook_Navy_PB_2020.xml","79df57bc99fb77f6f94f2d8202847567fc765bce66445ff4e4e663760799e6e1","1-6b340bba01a5a1b2aece45002fa627e704b4c905390ce30ece113208ce84829b","1-ef073ad023eb9f69ee86e43550a525156be1b9b7b054d3987eafb1314f8b1ca0","root.record.ShipsExhibitList.P5ShipClass.CostElementCategories.HME.CostElementAnalysis.P35ItemList.P35Item"
"RIX Industries","12","2016","CVN","73","2015-02","2021-08","1","6.094","SS","IDIQ","option","51","2016-05","","2020-BASE_PROCUREMENT-2020-NAVY_SHIPBUILDINGANDCOVERSION-U_PROCUREMENT_JustificationBook_Navy_PB_2020.zzz_unzipped-U_PROCUREMENT_JustificationBook_Navy_PB_2020.xml","79df57bc99fb77f6f94f2d8202847567fc765bce66445ff4e4e663760799e6e1","0-58d9081c0950da4eeae7426c816f9051c26484c27b0423bb0dc92f2b92e6f4dd","2-2466fd756f324fe54ea06ebe03e6aa23994121aa93b9b5a70ca32fa52bd2bba0","root.record.ShipsExhibitList.P5ShipClass.CostElementCategories.HME.CostElementAnalysis.P35ItemList.P35Item"
"TBD","12","2020","CVN","74","2019-01","2025-01","1","6.699","","","","60","2019-01","TBD","2020-BASE_PROCUREMENT-2020-NAVY_SHIPBUILDINGANDCOVERSION-U_PROCUREMENT_JustificationBook_Navy_PB_2020.zzz_unzipped-U_PROCUREMENT_JustificationBook_Navy_PB_2020.xml","79df57bc99fb77f6f94f2d8202847567fc765bce66445ff4e4e663760799e6e1","1-15db8f4600c9e203ef93c7e0f053f0fe7077ed8de8131cb5e526f4a1870c18d2","2-2466fd756f324fe54ea06ebe03e6aa23994121aa93b9b5a70ca32fa52bd2bba0","root.record.ShipsExhibitList.P5ShipClass.CostElementCategories.HME.CostElementAnalysis.P35ItemList.P35Item"
"Northrop Grumman Power/Control Systems","26","2016","CVN","73","2015-06","2021-08","1","4.340","C","FFP","option","47","2015-07","","2020-BASE_PROCUREMENT-2020-NAVY_SHIPBUILDINGANDCOVERSION-U_PROCUREMENT_JustificationBook_Navy_PB_2020.zzz_unzipped-U_PROCUREMENT_JustificationBook_Navy_PB_2020.xml","79df57bc99fb77f6f94f2d8202847567fc765bce66445ff4e4e663760799e6e1","0-aefe01c098ff8e9d4c84ef651fcf49912f68d931418030b9fef6ac3a8a6b797a","3-137fda9f5402ae6676e15c6c0b12466f2635fde73af790805479cd0be6780342","root.record.ShipsExhibitList.P5ShipClass.CostElementCategories.HME.CostElementAnalysis.P35ItemList.P35Item"
"TBD","12","2020","CVN","74","2019-12","2025-01","1","3.546","","","","49","2019-12","TBD","2020-BASE_PROCUREMENT-2020-NAVY_SHIPBUILDINGANDCOVERSION-U_PROCUREMENT_JustificationBook_Navy_PB_2020.zzz_unzipped-U_PROCUREMENT_JustificationBook_Navy_PB_2020.xml","79df57bc99fb77f6f94f2d8202847567fc765bce66445ff4e4e663760799e6e1","0-c07029bc7f24bf3fc1b8b6cb1c0cb28f19273e1c82809c784e8e3042cf750f0b","4-7e7d48715304292a3ccaaf7c3169c11e2457cb989e1e89ec3023057fcde91cda","root.record.ShipsExhibitList.P5ShipClass.CostElementCategories.HME.CostElementAnalysis.P35ItemList.P35Item"
"Rolls-Royce","24","2007","DDG","1000","2007-03","2019-09","4","18.316","C","FFP","new","33","2014-12","","2020-BASE_PROCUREMENT-2020-NAVY_SHIPBUILDINGANDCOVERSION-U_PROCUREMENT_JustificationBook_Navy_PB_2020.zzz_unzipped-U_PROCUREMENT_JustificationBook_Navy_PB_2020.xml","8644d6cf0ff072d3154c0109223402de2d9d8f52cc878b156fc73009c9601119","0-d1b25f08894bafc422b7ce10d3050cafd73695165a01c75d0e5225ff194cd392","0-c08d383c28123474925ddcaf50f697d531bd0e24ca2fcdfa705c50d8553d8595","root.record.ShipsExhibitList.P5ShipClass.CostElementCategories.HME.CostElementAnalysis.P35ItemList.P35Item"
"Rolls-Royce","24","2009","DDG","1002","2008-01","2022-09","2","19.706","C","FFP","option","33","2017-12","","2020-BASE_PROCUREMENT-2020-NAVY_SHIPBUILDINGANDCOVERSION-U_PROCUREMENT_JustificationBook_Navy_PB_2020.zzz_unzipped-U_PROCUREMENT_JustificationBook_Navy_PB_2020.xml","8644d6cf0ff072d3154c0109223402de2d9d8f52cc878b156fc73009c9601119","1-e7612e3c41fbef2afcb265ea6ae33c8adabc2897c88629486190843dabd4d958","0-c08d383c28123474925ddcaf50f697d531bd0e24ca2fcdfa705c50d8553d8595","root.record.ShipsExhibitList.P5ShipClass.CostElementCategories.HME.CostElementAnalysis.P35ItemList.P35Item"
"DRS","12","2018","DDG","128","2018-08","2024-10","2","4.899","C","FFP","option","31","2021-03","","2020-BASE_PROCUREMENT-2020-NAVY_SHIPBUILDINGANDCOVERSION-U_PROCUREMENT_JustificationBook_Navy_PB_2020.zzz_unzipped-U_PROCUREMENT_JustificationBook_Navy_PB_2020.xml","f88449ebd51dedd31a2638fdba5e14252aa210ecf7ac5ea8d1c24b9a55389b12","0-3c48ef00308bf31071062bf2fc3055080b428db14f25e85baeaee17851028ab7","0-dcd8922de158572f66688dfdf935ccd1114a15d2473f70cec80cf72eb74c331e","root.record.ShipsExhibitList.P5ShipClass.CostElementCategories.HME.CostElementAnalysis.P35ItemList.P35Item"
"DRS","12","2019","DDG","130","2019-07","2025-07","3","4.997","C","FFP","option","31","2021-12","","2020-BASE_PROCUREMENT-2020-NAVY_SHIPBUILDINGANDCOVERSION-U_PROCUREMENT_JustificationBook_Navy_PB_2020.zzz_unzipped-U_PROCUREMENT_JustificationBook_Navy_PB_2020.xml","f88449ebd51dedd31a2638fdba5e14252aa210ecf7ac5ea8d1c24b9a55389b12","1-a5ab7cc67b25827c1a97b40e9133b8532ff17b6a9c0e70a96fdf5da91bb3fa1a","0-dcd8922de158572f66688dfdf935ccd1114a15d2473f70cec80cf72eb74c331e","root.record.ShipsExhibitList.P5ShipClass.CostElementCategories.HME.CostElementAnalysis.P35ItemList.P35Item"
"DRS","12","2020","DDG","133","2020-07","2026-11","3","5.097","C","FFP","option","31","2023-04","","2020-BASE_PROCUREMENT-2020-NAVY_SHIPBUILDINGANDCOVERSION-U_PROCUREMENT_JustificationBook_Navy_PB_2020.zzz_unzipped-U_PROCUREMENT_JustificationBook_Navy_PB_2020.xml","f88449ebd51dedd31a2638fdba5e14252aa210ecf7ac5ea8d1c24b9a55389b12","2-3877d434f6ca8e25d97679e145f70c1d1998c351600355e2ee63bbb28c1e8de5","0-dcd8922de158572f66688dfdf935ccd1114a15d2473f70cec80cf72eb74c331e","root.record.ShipsExhibitList.P5ShipClass.CostElementCategories.HME.CostElementAnalysis.P35ItemList.P35Item"
"TIMKEN","32","2018","DDG","128","2018-05","2024-10","2","34.216","C","FFP","option","32","2019-06","","2020-BASE_PROCUREMENT-2020-NAVY_SHIPBUILDINGANDCOVERSION-U_PROCUREMENT_JustificationBook_Navy_PB_2020.zzz_unzipped-U_PROCUREMENT_JustificationBook_Navy_PB_2020.xml","f88449ebd51dedd31a2638fdba5e14252aa210ecf7ac5ea8d1c24b9a55389b12","0-d87e049615add714b1131c9d5a26d5cc43b6cd545cc0b539a75c24fcb03696a1","1-b210afb7fe84e8beb2c6769b3a886868cd4e1f7f54a8e8f2e7f88861a3c2b757","root.record.ShipsExhibitList.P5ShipClass.CostElementCategories.HME.CostElementAnalysis.P35ItemList.P35Item"
"TIMKEN","32","2019","DDG","130","2019-03","2025-07","3","36.029","C","FFP","option","32","2020-03","","2020-BASE_PROCUREMENT-2020-NAVY_SHIPBUILDINGANDCOVERSION-U_PROCUREMENT_JustificationBook_Navy_PB_2020.zzz_unzipped-U_PROCUREMENT_JustificationBook_Navy_PB_2020.xml","f88449ebd51dedd31a2638fdba5e14252aa210ecf7ac5ea8d1c24b9a55389b12","1-0b7d36ca2bd17b025eccdc61dda5ef8ca9f2bdab1610cc14b003f8603e17d1b9","1-b210afb7fe84e8beb2c6769b3a886868cd4e1f7f54a8e8f2e7f88861a3c2b757","root.record.ShipsExhibitList.P5ShipClass.CostElementCategories.HME.CostElementAnalysis.P35ItemList.P35Item"
"TIMKEN","32","2020","DDG","133","2020-03","2026-11","3","36.671","C","FFP","option","32","2021-07","","2020-BASE_PROCUREMENT-2020-NAVY_SHIPBUILDINGANDCOVERSION-U_PROCUREMENT_JustificationBook_Navy_PB_2020.zzz_unzipped-U_PROCUREMENT_JustificationBook_Navy_PB_2020.xml","f88449ebd51dedd31a2638fdba5e14252aa210ecf7ac5ea8d1c24b9a55389b12","2-3c914553694bdf48323569f195fb4f228b8d2d41e831817c8a18c49e36b92d8d","1-b210afb7fe84e8beb2c6769b3a886868cd4e1f7f54a8e8f2e7f88861a3c2b757","root.record.ShipsExhibitList.P5ShipClass.CostElementCategories.HME.CostElementAnalysis.P35ItemList.P35Item"
"INDAL","24","2020","FFG","1","2021-09","2026-07","1","4.163","SS","IDIQ","new","21","2022-10","","2020-BASE_PROCUREMENT-2020-NAVY_SHIPBUILDINGANDCOVERSION-U_PROCUREMENT_JustificationBook_Navy_PB_2020.zzz_unzipped-U_PROCUREMENT_JustificationBook_Navy_PB_2020.xml","c28c27813a2cf7ded6b86fcbf9224130d193279ad60a95d269b6367bacde8fe9","0-0935e8b7288f8d458920374010af8bdeb06a397ba6f0c99a2c7fc7d7e527b429","0-23036e36ddb8a0364720b28408b47f43227940fce43b2c2f6ee36cd6e0bd48a9","root.record.ShipsExhibitList.P5ShipClass.CostElementCategories.HME.CostElementAnalysis.P35ItemList.P35Item"
"TBD","12","2020","FFG","1","TBD","2026-07","1","1.700","","","","40","2022-03","TBD","2020-BASE_PROCUREMENT-2020-NAVY_SHIPBUILDINGANDCOVERSION-U_PROCUREMENT_JustificationBook_Navy_PB_2020.zzz_unzipped-U_PROCUREMENT_JustificationBook_Navy_PB_2020.xml","c28c27813a2cf7ded6b86fcbf9224130d193279ad60a95d269b6367bacde8fe9","0-f7e89c71f94e71ddff431b333a29a0545e3b2675b23fa9e7a794b7410d92f8c5","1-c4001f6493d4a2bd3de3897ccee214092233a29fe27302507be42535b7090127","root.record.ShipsExhibitList.P5ShipClass.CostElementCategories.HME.CostElementAnalysis.P35ItemList.P35Item"
"BAE Systems","30","2018","SSN","800","2016-04","2023-04","2","26.350","C","FFP","option","35","2017-11","","2020-BASE_PROCUREMENT-2020-NAVY_SHIPBUILDINGANDCOVERSION-U_PROCUREMENT_MasterJustificationBook_Navy_PB_2020.zzz_unzipped-U_PROCUREMENT_MasterJustificationBook_Navy_PB_2020.xml","6d2fd5af5b3d1649cd88586e00452843d436fea4cfb0f3c5af8f40c8bc8e1433","0-f0fb400ce486d25d9476b4efaa87483c573593ccf5afdedfe1f7fd330d9659fb","0-a82f81726b4c7159981b5c238f077eb1a0653110ae5d0e0499de3db1c638e745","root.record.ShipsExhibitList.P5ShipClass.CostElementCategories.HME.CostElementAnalysis.P35ItemList.P35Item"
"BAE Systems","30","2019","SSN","802","2016-04","2025-01","2","26.888","C","FFP","option","40","2019-03","","2020-BASE_PROCUREMENT-2020-NAVY_SHIPBUILDINGANDCOVERSION-U_PROCUREMENT_MasterJustificationBook_Navy_PB_2020.zzz_unzipped-U_PROCUREMENT_MasterJustificationBook_Navy_PB_2020.xml","6d2fd5af5b3d1649cd88586e00452843d436fea4cfb0f3c5af8f40c8bc8e1433","1-6809481bf4b9b37fd54af96f0ca37cff242a3ab8ff5d987ecb9050bafd046a51","0-a82f81726b4c7159981b5c238f077eb1a0653110ae5d0e0499de3db1c638e745","root.record.ShipsExhibitList.P5ShipClass.CostElementCategories.HME.CostElementAnalysis.P35ItemList.P35Item"
"BAE Systems","30","2020","SSN","804","2016-04","2026-01","3","27.426","C","FFP","option","40","2020-03","","2020-BASE_PROCUREMENT-2020-NAVY_SHIPBUILDINGANDCOVERSION-U_PROCUREMENT_MasterJustificationBook_Navy_PB_2020.zzz_unzipped-U_PROCUREMENT_MasterJustificationBook_Navy_PB_2020.xml","6d2fd5af5b3d1649cd88586e00452843d436fea4cfb0f3c5af8f40c8bc8e1433","2-2c04f776af54ec62bbfe1583d3a460b11761159d079c2335d69dee5728a40cc9","0-a82f81726b4c7159981b5c238f077eb1a0653110ae5d0e0499de3db1c638e745","root.record.ShipsExhibitList.P5ShipClass.CostElementCategories.HME.CostElementAnalysis.P35ItemList.P35Item"
"Various","12","2016","CVN","73","2017-01","2021-08","1","6.891","C","FFP","new","51","2016-05","","2020-BASE_PROCUREMENT-2020-NAVY_SHIPBUILDINGANDCOVERSION-U_PROCUREMENT_MasterJustificationBook_Navy_PB_2020.zzz_unzipped-U_PROCUREMENT_MasterJustificationBook_Navy_PB_2020.xml","53454ed154816f70057095a6ea7a42707220b000004458bda908b6e9eea36312","0-01ad055afc1b1386d0ea629b0e773146e478bd1dfd4001f9b89126448c75d022","0-1611f7068bbd628ba431bb4657cd68631c851a816d2845144bd6b9e966df4d7a","root.record.ShipsExhibitList.P5ShipClass.CostElementCategories.HME.CostElementAnalysis.P35ItemList.P35Item"
"Tecnico","6","2016","CVN","73","2016-12","2021-08","1","4.647","C","CPFF","new","39","2017-11","","2020-BASE_PROCUREMENT-2020-NAVY_SHIPBUILDINGANDCOVERSION-U_PROCUREMENT_MasterJustificationBook_Navy_PB_2020.zzz_unzipped-U_PROCUREMENT_MasterJustificationBook_Navy_PB_2020.xml","53454ed154816f70057095a6ea7a42707220b000004458bda908b6e9eea36312","0-65774692a6c99e6674b043d683ca847e66bcb83c2e1cd88dcd0abbd5d36599d8","1-57feca7e48afa5f097fb131667367d83e7c8ab00fe98ffc7d17cfbd691dca2c6","root.record.ShipsExhibitList.P5ShipClass.CostElementCategories.HME.CostElementAnalysis.P35ItemList.P35Item"
"TBD","6","2020","CVN","74","2021-04","2025-01","1","4.948","","","","39","2021-04","TBD","2020-BASE_PROCUREMENT-2020-NAVY_SHIPBUILDINGANDCOVERSION-U_PROCUREMENT_MasterJustificationBook_Navy_PB_2020.zzz_unzipped-U_PROCUREMENT_MasterJustificationBook_Navy_PB_2020.xml","53454ed154816f70057095a6ea7a42707220b000004458bda908b6e9eea36312","1-e4a2e9359bfb41f409a4fb0a79c1cb336192b23ee98dc9213c0af08bb2c5cfb7","1-57feca7e48afa5f097fb131667367d83e7c8ab00fe98ffc7d17cfbd691dca2c6","root.record.ShipsExhibitList.P5ShipClass.CostElementCategories.HME.CostElementAnalysis.P35ItemList.P35Item"
"RIX Industries","12","2016","CVN","73","2015-02","2021-08","1","6.094","SS","IDIQ","option","51","2016-05","","2020-BASE_PROCUREMENT-2020-NAVY_SHIPBUILDINGANDCOVERSION-U_PROCUREMENT_MasterJustificationBook_Navy_PB_2020.zzz_unzipped-U_PROCUREMENT_MasterJustificationBook_Navy_PB_2020.xml","53454ed154816f70057095a6ea7a42707220b000004458bda908b6e9eea36312","0-a4c074c21847240588daf22db7dff9e8d5910edf667c1f208f487b65ed5c6bb4","2-a0b7444d3bd30498d23bacb33555aa1498f88f22f111a56c563133e97f048dfd","root.record.ShipsExhibitList.P5ShipClass.CostElementCategories.HME.CostElementAnalysis.P35ItemList.P35Item"
"TBD","12","2020","CVN","74","2019-01","2025-01","1","6.699","","","","60","2019-01","TBD","2020-BASE_PROCUREMENT-2020-NAVY_SHIPBUILDINGANDCOVERSION-U_PROCUREMENT_MasterJustificationBook_Navy_PB_2020.zzz_unzipped-U_PROCUREMENT_MasterJustificationBook_Navy_PB_2020.xml","53454ed154816f70057095a6ea7a42707220b000004458bda908b6e9eea36312","1-c0a552cc5c113e969536acc5564385589281be7f9f3e47a8c839c089aa743365","2-a0b7444d3bd30498d23bacb33555aa1498f88f22f111a56c563133e97f048dfd","root.record.ShipsExhibitList.P5ShipClass.CostElementCategories.HME.CostElementAnalysis.P35ItemList.P35Item"
"Northrop Grumman Power/Control Systems","26","2016","CVN","73","2015-06","2021-08","1","4.340","C","FFP","option","47","2015-07","","2020-BASE_PROCUREMENT-2020-NAVY_SHIPBUILDINGANDCOVERSION-U_PROCUREMENT_MasterJustificationBook_Navy_PB_2020.zzz_unzipped-U_PROCUREMENT_MasterJustificationBook_Navy_PB_2020.xml","53454ed154816f70057095a6ea7a42707220b000004458bda908b6e9eea36312","0-05fedbfe6fe9a453d840f6476046db66c243bdd0b34878bc87a875f752c16eb1","3-a1fbe555a4752d003c39c1bd81c254ecc3be4aced2719fe4f4cdaa0b841e010f","root.record.ShipsExhibitList.P5ShipClass.CostElementCategories.HME.CostElementAnalysis.P35ItemList.P35Item"
"TBD","12","2020","CVN","74","2019-12","2025-01","1","3.546","","","","49","2019-12","TBD","2020-BASE_PROCUREMENT-2020-NAVY_SHIPBUILDINGANDCOVERSION-U_PROCUREMENT_MasterJustificationBook_Navy_PB_2020.zzz_unzipped-U_PROCUREMENT_MasterJustificationBook_Navy_PB_2020.xml","53454ed154816f70057095a6ea7a42707220b000004458bda908b6e9eea36312","0-95dd0d0ad33c495ba077b77e82a3953b15431613990b0f5c49a9c17885f7ccfa","4-408b983a964567d5a68fc87d79ccabcee0810cc8b72d03d66bc208f33035082b","root.record.ShipsExhibitList.P5ShipClass.CostElementCategories.HME.CostElementAnalysis.P35ItemList.P35Item"
"Rolls-Royce","24","2007","DDG","1000","2007-03","2019-09","4","18.316","C","FFP","new","33","2014-12","","2020-BASE_PROCUREMENT-2020-NAVY_SHIPBUILDINGANDCOVERSION-U_PROCUREMENT_MasterJustificationBook_Navy_PB_2020.zzz_unzipped-U_PROCUREMENT_MasterJustificationBook_Navy_PB_2020.xml","fa505ec92f383fcc1ed15c617e66a7a22b7d4afe96a0183b867c4406bbfec040","0-18ec5d31be44055264aa3972209e037a9d33b49a5cab04ec9627e61621ea1f98","0-46fc8ec25acb3d78dbe6741cdb54d1ce9ff66d6315c9583c0827fea0e84dde41","root.record.ShipsExhibitList.P5ShipClass.CostElementCategories.HME.CostElementAnalysis.P35ItemList.P35Item"
"Rolls-Royce","24","2009","DDG","1002","2008-01","2022-09","2","19.706","C","FFP","option","33","2017-12","","2020-BASE_PROCUREMENT-2020-NAVY_SHIPBUILDINGANDCOVERSION-U_PROCUREMENT_MasterJustificationBook_Navy_PB_2020.zzz_unzipped-U_PROCUREMENT_MasterJustificationBook_Navy_PB_2020.xml","fa505ec92f383fcc1ed15c617e66a7a22b7d4afe96a0183b867c4406bbfec040","1-6d17d7f05611791e4ed44b78ac53719b3f61aa024c44b3277775087d9356b7bd","0-46fc8ec25acb3d78dbe6741cdb54d1ce9ff66d6315c9583c0827fea0e84dde41","root.record.ShipsExhibitList.P5ShipClass.CostElementCategories.HME.CostElementAnalysis.P35ItemList.P35Item"
"DRS","12","2018","DDG","128","2018-08","2024-10","2","4.899","C","FFP","option","31","2021-03","","2020-BASE_PROCUREMENT-2020-NAVY_SHIPBUILDINGANDCOVERSION-U_PROCUREMENT_MasterJustificationBook_Navy_PB_2020.zzz_unzipped-U_PROCUREMENT_MasterJustificationBook_Navy_PB_2020.xml","5f09bad83be8d9935dfb8fbbbac4473f946bb03e639a64a10be47789f49d0473","0-aa67d8e3b33f125028ed66c28764d445e590d6aa1dfa63188f94ec315198db86","0-00b74d8884926f8c6ce01450a46489e2491044be7df22027d3e08612a90e1e04","root.record.ShipsExhibitList.P5ShipClass.CostElementCategories.HME.CostElementAnalysis.P35ItemList.P35Item"
"DRS","12","2019","DDG","130","2019-07","2025-07","3","4.997","C","FFP","option","31","2021-12","","2020-BASE_PROCUREMENT-2020-NAVY_SHIPBUILDINGANDCOVERSION-U_PROCUREMENT_MasterJustificationBook_Navy_PB_2020.zzz_unzipped-U_PROCUREMENT_MasterJustificationBook_Navy_PB_2020.xml","5f09bad83be8d9935dfb8fbbbac4473f946bb03e639a64a10be47789f49d0473","1-fc42d897a868d60c0fc746b3fddccdcc758764d2e732e9446a157e68d233fc2b","0-00b74d8884926f8c6ce01450a46489e2491044be7df22027d3e08612a90e1e04","root.record.ShipsExhibitList.P5ShipClass.CostElementCategories.HME.CostElementAnalysis.P35ItemList.P35Item"
"DRS","12","2020","DDG","133","2020-07","2026-11","3","5.097","C","FFP","option","31","2023-04","","2020-BASE_PROCUREMENT-2020-NAVY_SHIPBUILDINGANDCOVERSION-U_PROCUREMENT_MasterJustificationBook_Navy_PB_2020.zzz_unzipped-U_PROCUREMENT_MasterJustificationBook_Navy_PB_2020.xml","5f09bad83be8d9935dfb8fbbbac4473f946bb03e639a64a10be47789f49d0473","2-e7a14db9aad478f58189e35ec328d907246b99160be3e70fd8412de23a24e851","0-00b74d8884926f8c6ce01450a46489e2491044be7df22027d3e08612a90e1e04","root.record.ShipsExhibitList.P5ShipClass.CostElementCategories.HME.CostElementAnalysis.P35ItemList.P35Item"
"TIMKEN","32","2018","DDG","128","2018-05","2024-10","2","34.216","C","FFP","option","32","2019-06","","2020-BASE_PROCUREMENT-2020-NAVY_SHIPBUILDINGANDCOVERSION-U_PROCUREMENT_MasterJustificationBook_Navy_PB_2020.zzz_unzipped-U_PROCUREMENT_MasterJustificationBook_Navy_PB_2020.xml","5f09bad83be8d9935dfb8fbbbac4473f946bb03e639a64a10be47789f49d0473","0-8fa13754231b80d3af7006467196c35157ec17669211484cc5989b8566a50d31","1-04ccb8d930ac4b7dc58f8791b1210d18374d046dbe54bfd508bb4adc32e73847","root.record.ShipsExhibitList.P5ShipClass.CostElementCategories.HME.CostElementAnalysis.P35ItemList.P35Item"
"TIMKEN","32","2019","DDG","130","2019-03","2025-07","3","36.029","C","FFP","option","32","2020-03","","2020-BASE_PROCUREMENT-2020-NAVY_SHIPBUILDINGANDCOVERSION-U_PROCUREMENT_MasterJustificationBook_Navy_PB_2020.zzz_unzipped-U_PROCUREMENT_MasterJustificationBook_Navy_PB_2020.xml","5f09bad83be8d9935dfb8fbbbac4473f946bb03e639a64a10be47789f49d0473","1-115ee28875efb082fa804331a05bcec03ff625e870274a7d13c03506e7f3e057","1-04ccb8d930ac4b7dc58f8791b1210d18374d046dbe54bfd508bb4adc32e73847","root.record.ShipsExhibitList.P5ShipClass.CostElementCategories.HME.CostElementAnalysis.P35ItemList.P35Item"
"TIMKEN","32","2020","DDG","133","2020-03","2026-11","3","36.671","C","FFP","option","32","2021-07","","2020-BASE_PROCUREMENT-2020-NAVY_SHIPBUILDINGANDCOVERSION-U_PROCUREMENT_MasterJustificationBook_Navy_PB_2020.zzz_unzipped-U_PROCUREMENT_MasterJustificationBook_Navy_PB_2020.xml","5f09bad83be8d9935dfb8fbbbac4473f946bb03e639a64a10be47789f49d0473","2-72a0d1075c32622fc1eb79f17a03a8a2884fc9dacfebc29d5628b082a81e1243","1-04ccb8d930ac4b7dc58f8791b1210d18374d046dbe54bfd508bb4adc32e73847","root.record.ShipsExhibitList.P5ShipClass.CostElementCategories.HME.CostElementAnalysis.P35ItemList.P35Item"
"INDAL","24","2020","FFG","1","2021-09","2026-07","1","4.163","SS","IDIQ","new","21","2022-10","","2020-BASE_PROCUREMENT-2020-NAVY_SHIPBUILDINGANDCOVERSION-U_PROCUREMENT_MasterJustificationBook_Navy_PB_2020.zzz_unzipped-U_PROCUREMENT_MasterJustificationBook_Navy_PB_2020.xml","e8fe4dd5e0be95240e0d086c5a917adf6e4464ec266a3ea1db82e27107e162d0","0-d22161b228dc983d062dece117990a3d586c22fd8ef48acdbd845cf00ef9b5ac","0-0c650bd69cd2f6043f387de9e707a0c6c730e7d5ab8ee42d47a260b93fa28147","root.record.ShipsExhibitList.P5ShipClass.CostElementCategories.HME.CostElementAnalysis.P35ItemList.P35Item"
"TBD","12","2020","FFG","1","TBD","2026-07","1","1.700","","","","40","2022-03","TBD","2020-BASE_PROCUREMENT-2020-NAVY_SHIPBUILDINGANDCOVERSION-U_PROCUREMENT_MasterJustificationBook_Navy_PB_2020.zzz_unzipped-U_PROCUREMENT_MasterJustificationBook_Navy_PB_2020.xml","e8fe4dd5e0be95240e0d086c5a917adf6e4464ec266a3ea1db82e27107e162d0","0-10355a14e441f0747848ced32643dc50fc60cc28e6635a8667bdd89a5a310148","1-258586a2dde06c19ed3cc8cda7a332de3f612ecd2d5ced865417f8581464ffd2","root.record.ShipsExhibitList.P5ShipClass.CostElementCategories.HME.CostElementAnalysis.P35ItemList.P35Item"
