Name_val,ProductionLeadTime_val,HistoryPlanningList_HistoryPlanning_FiscalYear_val,HistoryPlanningList_HistoryPlanning_Hull_ShipType_val,HistoryPlanningList_HistoryPlanning_Hull_HullNumber_val,HistoryPlanningList_HistoryPlanning_AwardDate_val,HistoryPlanningList_HistoryPlanning_FirstDeliveryDate_val,HistoryPlanningList_HistoryPlanning_Quantity_val,HistoryPlanningList_HistoryPlanning_UnitCost_val,HistoryPlanningList_HistoryPlanning_ShipContractMethodAndTypeList_ShipContractMethodAndType_ContractMethod_val,HistoryPlanningList_HistoryPlanning_ShipContractMethodAndTypeList_ShipContractMethodAndType_ContractType_val,HistoryPlanningList_HistoryPlanning_NewOrOption_val,HistoryPlanningList_HistoryPlanning_MonthsRequiredBeforeDelivery_val,HistoryPlanningList_HistoryPlanning_RequiredAwardDate_val,HistoryPlanningList_HistoryPlanning_FundingVehicle_val,@SOURCE_FILENAME,@RECORDID,@ROWID,@PARENTROWID,@PARENT
"BAE Systems","30","2016","SSN","796","2016-04","2021-02","2","24.650","C","FFP","option","35","2015-09","","2018-BASE_PROCUREMENT-2018-NAVY_SHIPBUILDINGANDCOVERSION-U_PROCUREMENT_JustificationBook_Navy_PB_2018.zzz_unzipped-U_PROCUREMENT_JustificationBook_Navy_PB_2018.xml","e65faa6577a08f2ddf29b7d5454a13aa910b941ba87ebd505eb81f9f400deed2","0-5eb8907d504b7598e96d7d512128db76fc0759f7a80ebf16244e0a9fa81dc7dc","0-bd05dc986829ff2c8f7e1d47e0562a9c217eee75d807e0e2da5cfd0ef67f1d4c","root.record.ShipsExhibitList.P5ShipClass.CostElementCategories.HME.CostElementAnalysis.P35ItemList.P35Item"
"BAE Systems","30","2017","SSN","798","2016-04","2022-02","2","25.500","C","FFP","option","35","2016-09","","2018-BASE_PROCUREMENT-2018-NAVY_SHIPBUILDINGANDCOVERSION-U_PROCUREMENT_JustificationBook_Navy_PB_2018.zzz_unzipped-U_PROCUREMENT_JustificationBook_Navy_PB_2018.xml","e65faa6577a08f2ddf29b7d5454a13aa910b941ba87ebd505eb81f9f400deed2","1-abb10084f9b041238c9dbd31d4a205b18bb98f8ed1072dff6b76cd59ce8b758a","0-bd05dc986829ff2c8f7e1d47e0562a9c217eee75d807e0e2da5cfd0ef67f1d4c","root.record.ShipsExhibitList.P5ShipClass.CostElementCategories.HME.CostElementAnalysis.P35ItemList.P35Item"
"BAE Systems","30","2018","SSN","800","2016-04","2023-02","2","26.350","C","FFP","option","35","2017-09","","2018-BASE_PROCUREMENT-2018-NAVY_SHIPBUILDINGANDCOVERSION-U_PROCUREMENT_JustificationBook_Navy_PB_2018.zzz_unzipped-U_PROCUREMENT_JustificationBook_Navy_PB_2018.xml","e65faa6577a08f2ddf29b7d5454a13aa910b941ba87ebd505eb81f9f400deed2","2-ec673f9e40e72c7ad9d35be94627fff24bcbb4f5e45c35ceaef83dcd8b4c35f4","0-bd05dc986829ff2c8f7e1d47e0562a9c217eee75d807e0e2da5cfd0ef67f1d4c","root.record.ShipsExhibitList.P5ShipClass.CostElementCategories.HME.CostElementAnalysis.P35ItemList.P35Item"
"Various","12","2012","CVN","72","2012-07","2017-05","1","7.975","C","IDIQ","new","32","2013-06","","2018-BASE_PROCUREMENT-2018-NAVY_SHIPBUILDINGANDCOVERSION-U_PROCUREMENT_JustificationBook_Navy_PB_2018.zzz_unzipped-U_PROCUREMENT_JustificationBook_Navy_PB_2018.xml","30f05fcd72a912823615127e43b2be8ca570156afc2855adfc6c02323fd91c7d","0-8a8cc479e6eaff49d3c6c6cef835ec692251ddd51a3c92081122218412524dad","0-7688ac4b810b251fd3eddee7c1db3ab9e367b17b4c3ad4e512819d9f54b34dff","root.record.ShipsExhibitList.P5ShipClass.CostElementCategories.HME.CostElementAnalysis.P35ItemList.P35Item"
"Tecnico","6","2016","CVN","73","2016-12","2021-08","1","4.650","C","CPFF","new","35","2017-11","","2018-BASE_PROCUREMENT-2018-NAVY_SHIPBUILDINGANDCOVERSION-U_PROCUREMENT_JustificationBook_Navy_PB_2018.zzz_unzipped-U_PROCUREMENT_JustificationBook_Navy_PB_2018.xml","30f05fcd72a912823615127e43b2be8ca570156afc2855adfc6c02323fd91c7d","1-5561b4711092ef625787ae2484999ebf360bba5074e555129a2b2fb3ef351f6d","0-7688ac4b810b251fd3eddee7c1db3ab9e367b17b4c3ad4e512819d9f54b34dff","root.record.ShipsExhibitList.P5ShipClass.CostElementCategories.HME.CostElementAnalysis.P35ItemList.P35Item"
"QED","12","2012","CVN","72","2011-09","2017-05","1","1.128","C","CPFF","new","42","2012-08","","2018-BASE_PROCUREMENT-2018-NAVY_SHIPBUILDINGANDCOVERSION-U_PROCUREMENT_JustificationBook_Navy_PB_2018.zzz_unzipped-U_PROCUREMENT_JustificationBook_Navy_PB_2018.xml","30f05fcd72a912823615127e43b2be8ca570156afc2855adfc6c02323fd91c7d","0-be195e572df2d930cae8d8539cd3c5b088f138d5752602c5d9e830a6be6b6fac","1-4d3aa8b4b1945edd0723585fc4ff9cb8a9f7afd431ae8b0abff932e30acd0bc8","root.record.ShipsExhibitList.P5ShipClass.CostElementCategories.HME.CostElementAnalysis.P35ItemList.P35Item"
"N/A","12","2016","CVN","73","","2021-08","1","0.000","","","","47","2016-05","TBD","2018-BASE_PROCUREMENT-2018-NAVY_SHIPBUILDINGANDCOVERSION-U_PROCUREMENT_JustificationBook_Navy_PB_2018.zzz_unzipped-U_PROCUREMENT_JustificationBook_Navy_PB_2018.xml","30f05fcd72a912823615127e43b2be8ca570156afc2855adfc6c02323fd91c7d","1-9f82b899742320f80e1aca18fd6a18c15e7cbad8f145744231b42139495c6061","1-4d3aa8b4b1945edd0723585fc4ff9cb8a9f7afd431ae8b0abff932e30acd0bc8","root.record.ShipsExhibitList.P5ShipClass.CostElementCategories.HME.CostElementAnalysis.P35ItemList.P35Item"
"RIX INDUSTRIES","12","2012","CVN","72","2011-07","2017-05","1","3.115","C","FFP","option","39","2012-11","","2018-BASE_PROCUREMENT-2018-NAVY_SHIPBUILDINGANDCOVERSION-U_PROCUREMENT_JustificationBook_Navy_PB_2018.zzz_unzipped-U_PROCUREMENT_JustificationBook_Navy_PB_2018.xml","30f05fcd72a912823615127e43b2be8ca570156afc2855adfc6c02323fd91c7d","0-257621fe799422e340717aaf26467203e5fd3595bcc775d67ded80eed022e569","2-a14940910c43a80d65f8d7a59f051709814a314f2b46ec560664de602324f066","root.record.ShipsExhibitList.P5ShipClass.CostElementCategories.HME.CostElementAnalysis.P35ItemList.P35Item"
"RIX INDUSTIRES","12","2016","CVN","73","2015-02","2021-08","1","3.881","C","FFP","option","47","2016-05","","2018-BASE_PROCUREMENT-2018-NAVY_SHIPBUILDINGANDCOVERSION-U_PROCUREMENT_JustificationBook_Navy_PB_2018.zzz_unzipped-U_PROCUREMENT_JustificationBook_Navy_PB_2018.xml","30f05fcd72a912823615127e43b2be8ca570156afc2855adfc6c02323fd91c7d","1-fe52b75b4c0afe40debaf93942f8f3d1de3278d8256b6f76dcc39dafdf5051e4","2-a14940910c43a80d65f8d7a59f051709814a314f2b46ec560664de602324f066","root.record.ShipsExhibitList.P5ShipClass.CostElementCategories.HME.CostElementAnalysis.P35ItemList.P35Item"
"Various","11","2012","CVN","72","2012-05","2017-05","1","0.193","C","CPFF","new","38","2013-01","","2018-BASE_PROCUREMENT-2018-NAVY_SHIPBUILDINGANDCOVERSION-U_PROCUREMENT_JustificationBook_Navy_PB_2018.zzz_unzipped-U_PROCUREMENT_JustificationBook_Navy_PB_2018.xml","30f05fcd72a912823615127e43b2be8ca570156afc2855adfc6c02323fd91c7d","0-157c4b2b2d490d89a7033ac7a9d7c50f4548df8845ef4ddea5718d86b2d91dd5","3-29fd1393bb0e88c1b70eed8be2e8929be1b925ac80e8a3eadd2400b03df65204","root.record.ShipsExhibitList.P5ShipClass.CostElementCategories.HME.CostElementAnalysis.P35ItemList.P35Item"
"Various","12","2016","CVN","73","2017-01","2021-08","1","6.891","C","FFP","new","47","2016-05","","2018-BASE_PROCUREMENT-2018-NAVY_SHIPBUILDINGANDCOVERSION-U_PROCUREMENT_JustificationBook_Navy_PB_2018.zzz_unzipped-U_PROCUREMENT_JustificationBook_Navy_PB_2018.xml","30f05fcd72a912823615127e43b2be8ca570156afc2855adfc6c02323fd91c7d","0-4ece5e4c4ef33977944180f84aa04319fbbe175a1f9abc094c273fc8e45de3e5","4-5679ab09e303dc64bdc8d01b59d5f82400e47d7e892d9dfa9600bd5b548db07e","root.record.ShipsExhibitList.P5ShipClass.CostElementCategories.HME.CostElementAnalysis.P35ItemList.P35Item"
"ROCKWELL CORP","8","2012","CVN","72","2012-08","2017-05","1","1.065","C","IDIQ","option","42","2012-12","","2018-BASE_PROCUREMENT-2018-NAVY_SHIPBUILDINGANDCOVERSION-U_PROCUREMENT_JustificationBook_Navy_PB_2018.zzz_unzipped-U_PROCUREMENT_JustificationBook_Navy_PB_2018.xml","30f05fcd72a912823615127e43b2be8ca570156afc2855adfc6c02323fd91c7d","0-8701bb52a4cbeea759210b9f3d4c3bfe79807ebde5e9240c5b76fb2396e2daed","5-ec4e0761b64ef4f60242c260ff8ce9aacf8384940fa4ef2a5d66a38f774dba64","root.record.ShipsExhibitList.P5ShipClass.CostElementCategories.HME.CostElementAnalysis.P35ItemList.P35Item"
"NG P/CS","26","2016","CVN","73","2015-08","2021-08","1","4.569","C","FFP","option","27","2016-11","","2018-BASE_PROCUREMENT-2018-NAVY_SHIPBUILDINGANDCOVERSION-U_PROCUREMENT_JustificationBook_Navy_PB_2018.zzz_unzipped-U_PROCUREMENT_JustificationBook_Navy_PB_2018.xml","30f05fcd72a912823615127e43b2be8ca570156afc2855adfc6c02323fd91c7d","0-d50037d4c12afed91820ecbc1da8afef780c8f131f0332cf7c9782c4c124819a","6-504bda855d381a3e2bfaee48ec4e408be6d4cbd6c14bab633afc18d9ee8a4a05","root.record.ShipsExhibitList.P5ShipClass.CostElementCategories.HME.CostElementAnalysis.P35ItemList.P35Item"
"Rolls-Royce","24","2007","DDG","1000","2007-03","2018-05","4","18.316","C","FFP","new","33","2013-08","","2018-BASE_PROCUREMENT-2018-NAVY_SHIPBUILDINGANDCOVERSION-U_PROCUREMENT_JustificationBook_Navy_PB_2018.zzz_unzipped-U_PROCUREMENT_JustificationBook_Navy_PB_2018.xml","63a199acf2aec9803478e689b99e17d5ba8e6ed8eb7dfb080491db0b111af06e","0-12aa47a2c9b20f5acb1608a24d9a7c64b1410fcea7379ff929043df671e232c7","0-28acc5399e0dbb57a9cad0e673a09893afee34a1b533f6ae25433a56613daf66","root.record.ShipsExhibitList.P5ShipClass.CostElementCategories.HME.CostElementAnalysis.P35ItemList.P35Item"
"Rolls-Royce","24","2009","DDG","1002","2008-01","2021-12","2","19.706","C","FFP","option","33","2017-03","","2018-BASE_PROCUREMENT-2018-NAVY_SHIPBUILDINGANDCOVERSION-U_PROCUREMENT_JustificationBook_Navy_PB_2018.zzz_unzipped-U_PROCUREMENT_JustificationBook_Navy_PB_2018.xml","63a199acf2aec9803478e689b99e17d5ba8e6ed8eb7dfb080491db0b111af06e","1-de6fe9e6c94f2ac6a536621e45cf9753ada6ec724c34032e5e4dc64fb1533e7b","0-28acc5399e0dbb57a9cad0e673a09893afee34a1b533f6ae25433a56613daf66","root.record.ShipsExhibitList.P5ShipClass.CostElementCategories.HME.CostElementAnalysis.P35ItemList.P35Item"
"DRS","16","2016","DDG","123","2016-07","2021-07","3","4.724","C","FFP","option","30","2017-09","","2018-BASE_PROCUREMENT-2018-NAVY_SHIPBUILDINGANDCOVERSION-U_PROCUREMENT_JustificationBook_Navy_PB_2018.zzz_unzipped-U_PROCUREMENT_JustificationBook_Navy_PB_2018.xml","341c09c4a37bc5105a93194374c2b71f3cdff23a738f04e5629acb1abd33932e","0-714dbda1262b765722e93e782147706e3445f635720911c40863f91c1aca9c45","0-f281e8ecb5cd93cb95f707858444d9f1d0300298e1ea69cea6e5bce62ab454b3","root.record.ShipsExhibitList.P5ShipClass.CostElementCategories.HME.CostElementAnalysis.P35ItemList.P35Item"
"DRS","16","2017","DDG","125","2017-07","2022-07","2","4.804","C","FFP","option","30","2018-09","","2018-BASE_PROCUREMENT-2018-NAVY_SHIPBUILDINGANDCOVERSION-U_PROCUREMENT_JustificationBook_Navy_PB_2018.zzz_unzipped-U_PROCUREMENT_JustificationBook_Navy_PB_2018.xml","341c09c4a37bc5105a93194374c2b71f3cdff23a738f04e5629acb1abd33932e","1-b66ede51c9051b2a238388da953f169e667f16eb1ee6c4980a8a5188e9ab793b","0-f281e8ecb5cd93cb95f707858444d9f1d0300298e1ea69cea6e5bce62ab454b3","root.record.ShipsExhibitList.P5ShipClass.CostElementCategories.HME.CostElementAnalysis.P35ItemList.P35Item"
"DRS","16","2018","DDG","128","2018-07","2023-07","2","4.899","C","FFP","option","30","2019-09","","2018-BASE_PROCUREMENT-2018-NAVY_SHIPBUILDINGANDCOVERSION-U_PROCUREMENT_JustificationBook_Navy_PB_2018.zzz_unzipped-U_PROCUREMENT_JustificationBook_Navy_PB_2018.xml","341c09c4a37bc5105a93194374c2b71f3cdff23a738f04e5629acb1abd33932e","2-9d86947c482de664124cc989b40b0879263ecd7756e525d85d0ebc1df8cf17d5","0-f281e8ecb5cd93cb95f707858444d9f1d0300298e1ea69cea6e5bce62ab454b3","root.record.ShipsExhibitList.P5ShipClass.CostElementCategories.HME.CostElementAnalysis.P35ItemList.P35Item"
"PHILADELPHIA GEAR","30","2016","DDG","123","2016-03","2021-07","3","32.742","C","FFP","option","32","2016-05","","2018-BASE_PROCUREMENT-2018-NAVY_SHIPBUILDINGANDCOVERSION-U_PROCUREMENT_JustificationBook_Navy_PB_2018.zzz_unzipped-U_PROCUREMENT_JustificationBook_Navy_PB_2018.xml","341c09c4a37bc5105a93194374c2b71f3cdff23a738f04e5629acb1abd33932e","0-392791af0f79d2b290c327af7b6a529379fbf66dea9b0dfa8ec76722d4bc8979","1-98f29d4050ca7e1dd220b7b6db3942775c20450132e28897cab37ffc80af7b05","root.record.ShipsExhibitList.P5ShipClass.CostElementCategories.HME.CostElementAnalysis.P35ItemList.P35Item"
"PHILADELPHIA GEAR","30","2017","DDG","125","2017-03","2022-07","2","32.699","C","FFP","new","32","2017-05","","2018-BASE_PROCUREMENT-2018-NAVY_SHIPBUILDINGANDCOVERSION-U_PROCUREMENT_JustificationBook_Navy_PB_2018.zzz_unzipped-U_PROCUREMENT_JustificationBook_Navy_PB_2018.xml","341c09c4a37bc5105a93194374c2b71f3cdff23a738f04e5629acb1abd33932e","1-4267b4285729a7d734e3a305ad280f834a228c3e926595a003ff0a67f290bd57","1-98f29d4050ca7e1dd220b7b6db3942775c20450132e28897cab37ffc80af7b05","root.record.ShipsExhibitList.P5ShipClass.CostElementCategories.HME.CostElementAnalysis.P35ItemList.P35Item"
"PHILADELPHIA GEAR","30","2018","DDG","128","2018-03","2023-07","2","35.510","C","FFP","option","32","2018-05","","2018-BASE_PROCUREMENT-2018-NAVY_SHIPBUILDINGANDCOVERSION-U_PROCUREMENT_JustificationBook_Navy_PB_2018.zzz_unzipped-U_PROCUREMENT_JustificationBook_Navy_PB_2018.xml","341c09c4a37bc5105a93194374c2b71f3cdff23a738f04e5629acb1abd33932e","2-ae0b4633d7dd29dbc60b983edfe03a7a3b55264015980340e45c78c3ac538120","1-98f29d4050ca7e1dd220b7b6db3942775c20450132e28897cab37ffc80af7b05","root.record.ShipsExhibitList.P5ShipClass.CostElementCategories.HME.CostElementAnalysis.P35ItemList.P35Item"
"BAE Systems","30","2016","SSN","796","2016-04","2021-02","2","24.650","C","FFP","option","35","2015-09","","2018-BASE_PROCUREMENT-2018-NAVY_SHIPBUILDINGANDCOVERSION-U_PROCUREMENT_MasterJustificationBook_Navy_PB_2018.zzz_unzipped-U_PROCUREMENT_MasterJustificationBook_Navy_PB_2018.xml","b9b3c2143c11a13c8f2c4f97143714796c97d937a9c0d0bc447e53de4a529dc3","0-bfff3a66a2cc76f84894c14474054f85f49dcc2a53c7774babcc367f46c293b8","0-7e8a880c79efca7c74cd488b3cf60cf7e4ed9894e8f234c5f166bfb997a93c2a","root.record.ShipsExhibitList.P5ShipClass.CostElementCategories.HME.CostElementAnalysis.P35ItemList.P35Item"
"BAE Systems","30","2017","SSN","798","2016-04","2022-02","2","25.500","C","FFP","option","35","2016-09","","2018-BASE_PROCUREMENT-2018-NAVY_SHIPBUILDINGANDCOVERSION-U_PROCUREMENT_MasterJustificationBook_Navy_PB_2018.zzz_unzipped-U_PROCUREMENT_MasterJustificationBook_Navy_PB_2018.xml","b9b3c2143c11a13c8f2c4f97143714796c97d937a9c0d0bc447e53de4a529dc3","1-733d061f5e13f6093f0e12d8df10c61d3a2f3f267a054e5fe2ad98f58ac7cd5e","0-7e8a880c79efca7c74cd488b3cf60cf7e4ed9894e8f234c5f166bfb997a93c2a","root.record.ShipsExhibitList.P5ShipClass.CostElementCategories.HME.CostElementAnalysis.P35ItemList.P35Item"
"BAE Systems","30","2018","SSN","800","2016-04","2023-02","2","26.350","C","FFP","option","35","2017-09","","2018-BASE_PROCUREMENT-2018-NAVY_SHIPBUILDINGANDCOVERSION-U_PROCUREMENT_MasterJustificationBook_Navy_PB_2018.zzz_unzipped-U_PROCUREMENT_MasterJustificationBook_Navy_PB_2018.xml","b9b3c2143c11a13c8f2c4f97143714796c97d937a9c0d0bc447e53de4a529dc3","2-f471cd7e902610fb39f43c7993436812bc73ed6f07479551e659f5c8eadc8138","0-7e8a880c79efca7c74cd488b3cf60cf7e4ed9894e8f234c5f166bfb997a93c2a","root.record.ShipsExhibitList.P5ShipClass.CostElementCategories.HME.CostElementAnalysis.P35ItemList.P35Item"
"Various","12","2012","CVN","72","2012-07","2017-05","1","7.975","C","IDIQ","new","32","2013-06","","2018-BASE_PROCUREMENT-2018-NAVY_SHIPBUILDINGANDCOVERSION-U_PROCUREMENT_MasterJustificationBook_Navy_PB_2018.zzz_unzipped-U_PROCUREMENT_MasterJustificationBook_Navy_PB_2018.xml","39e99632cac232ed4f791a16a1a3a350502b6d8437548761d869aa99726b1c18","0-d7b39f6bd7452fff6a213fecde6dbbef17e70de8041805f0b3831930b06421a9","0-819bb82efb9bc6f9c6046b27044b48d57e5643c88d92707822df3db1facd2f16","root.record.ShipsExhibitList.P5ShipClass.CostElementCategories.HME.CostElementAnalysis.P35ItemList.P35Item"
"Tecnico","6","2016","CVN","73","2016-12","2021-08","1","4.650","C","CPFF","new","35","2017-11","","2018-BASE_PROCUREMENT-2018-NAVY_SHIPBUILDINGANDCOVERSION-U_PROCUREMENT_MasterJustificationBook_Navy_PB_2018.zzz_unzipped-U_PROCUREMENT_MasterJustificationBook_Navy_PB_2018.xml","39e99632cac232ed4f791a16a1a3a350502b6d8437548761d869aa99726b1c18","1-a75444e0ace3e04d64e7884239786537c905c16fc0255fb791cc0d4fce7b3dfb","0-819bb82efb9bc6f9c6046b27044b48d57e5643c88d92707822df3db1facd2f16","root.record.ShipsExhibitList.P5ShipClass.CostElementCategories.HME.CostElementAnalysis.P35ItemList.P35Item"
"QED","12","2012","CVN","72","2011-09","2017-05","1","1.128","C","CPFF","new","42","2012-08","","2018-BASE_PROCUREMENT-2018-NAVY_SHIPBUILDINGANDCOVERSION-U_PROCUREMENT_MasterJustificationBook_Navy_PB_2018.zzz_unzipped-U_PROCUREMENT_MasterJustificationBook_Navy_PB_2018.xml","39e99632cac232ed4f791a16a1a3a350502b6d8437548761d869aa99726b1c18","0-ce0f9c4b3db99815f836db213c904ada5043130f63da4a3fbc1d2b3b8bdedb18","1-f977e5cf948b470b55af8f795d12b275dc3106d3c6826bc39b813d691d33bcad","root.record.ShipsExhibitList.P5ShipClass.CostElementCategories.HME.CostElementAnalysis.P35ItemList.P35Item"
"N/A","12","2016","CVN","73","","2021-08","1","0.000","","","","47","2016-05","TBD","2018-BASE_PROCUREMENT-2018-NAVY_SHIPBUILDINGANDCOVERSION-U_PROCUREMENT_MasterJustificationBook_Navy_PB_2018.zzz_unzipped-U_PROCUREMENT_MasterJustificationBook_Navy_PB_2018.xml","39e99632cac232ed4f791a16a1a3a350502b6d8437548761d869aa99726b1c18","1-5cfc95183f3dfe4cf7efcd7c0a5f7b8d3dc18e30e01b7fa528118d8189b06316","1-f977e5cf948b470b55af8f795d12b275dc3106d3c6826bc39b813d691d33bcad","root.record.ShipsExhibitList.P5ShipClass.CostElementCategories.HME.CostElementAnalysis.P35ItemList.P35Item"
"RIX INDUSTRIES","12","2012","CVN","72","2011-07","2017-05","1","3.115","C","FFP","option","39","2012-11","","2018-BASE_PROCUREMENT-2018-NAVY_SHIPBUILDINGANDCOVERSION-U_PROCUREMENT_MasterJustificationBook_Navy_PB_2018.zzz_unzipped-U_PROCUREMENT_MasterJustificationBook_Navy_PB_2018.xml","39e99632cac232ed4f791a16a1a3a350502b6d8437548761d869aa99726b1c18","0-d02c8f17c4f65118a150c4358d0cf43a92c1cd9458e0da6a57df8cc6151bd79b","2-1afce2cbcc66bc16fe5ab6844a24866d4e8d096ea39e79460569f4db27c99ec6","root.record.ShipsExhibitList.P5ShipClass.CostElementCategories.HME.CostElementAnalysis.P35ItemList.P35Item"
"RIX INDUSTIRES","12","2016","CVN","73","2015-02","2021-08","1","3.881","C","FFP","option","47","2016-05","","2018-BASE_PROCUREMENT-2018-NAVY_SHIPBUILDINGANDCOVERSION-U_PROCUREMENT_MasterJustificationBook_Navy_PB_2018.zzz_unzipped-U_PROCUREMENT_MasterJustificationBook_Navy_PB_2018.xml","39e99632cac232ed4f791a16a1a3a350502b6d8437548761d869aa99726b1c18","1-2b64438a1340ef33189ba13f51f1ff2a940da005db7ac27f9c4d14f506f1ad97","2-1afce2cbcc66bc16fe5ab6844a24866d4e8d096ea39e79460569f4db27c99ec6","root.record.ShipsExhibitList.P5ShipClass.CostElementCategories.HME.CostElementAnalysis.P35ItemList.P35Item"
"Various","11","2012","CVN","72","2012-05","2017-05","1","0.193","C","CPFF","new","38","2013-01","","2018-BASE_PROCUREMENT-2018-NAVY_SHIPBUILDINGANDCOVERSION-U_PROCUREMENT_MasterJustificationBook_Navy_PB_2018.zzz_unzipped-U_PROCUREMENT_MasterJustificationBook_Navy_PB_2018.xml","39e99632cac232ed4f791a16a1a3a350502b6d8437548761d869aa99726b1c18","0-ba6f6ed8cec692a99c6146278fb10e3b7b8e5a52f3a0524692414ec804e43d08","3-b7f90d9024f2b19f684ea70ec99cf199e8cea0e6147964b4cacfee4df56dbd52","root.record.ShipsExhibitList.P5ShipClass.CostElementCategories.HME.CostElementAnalysis.P35ItemList.P35Item"
"Various","12","2016","CVN","73","2017-01","2021-08","1","6.891","C","FFP","new","47","2016-05","","2018-BASE_PROCUREMENT-2018-NAVY_SHIPBUILDINGANDCOVERSION-U_PROCUREMENT_MasterJustificationBook_Navy_PB_2018.zzz_unzipped-U_PROCUREMENT_MasterJustificationBook_Navy_PB_2018.xml","39e99632cac232ed4f791a16a1a3a350502b6d8437548761d869aa99726b1c18","0-7c23d173d45501621b3c595b4971636b58327e270f50a83a4fd697a493ccefce","4-bd536fa760d6ae1049be3fb96b8305fbcf15ee11643dd2f4fe4d0eceaa2a1d86","root.record.ShipsExhibitList.P5ShipClass.CostElementCategories.HME.CostElementAnalysis.P35ItemList.P35Item"
"ROCKWELL CORP","8","2012","CVN","72","2012-08","2017-05","1","1.065","C","IDIQ","option","42","2012-12","","2018-BASE_PROCUREMENT-2018-NAVY_SHIPBUILDINGANDCOVERSION-U_PROCUREMENT_MasterJustificationBook_Navy_PB_2018.zzz_unzipped-U_PROCUREMENT_MasterJustificationBook_Navy_PB_2018.xml","39e99632cac232ed4f791a16a1a3a350502b6d8437548761d869aa99726b1c18","0-a03fabc1c6ac8598a181865c844383c071a2151c43a1d6a293c77c5b3a2aff98","5-5f30db4a89db59d14fe1b332ff6bc9d3c2c3a929795629812b2ad4cbc9276793","root.record.ShipsExhibitList.P5ShipClass.CostElementCategories.HME.CostElementAnalysis.P35ItemList.P35Item"
"NG P/CS","26","2016","CVN","73","2015-08","2021-08","1","4.569","C","FFP","option","27","2016-11","","2018-BASE_PROCUREMENT-2018-NAVY_SHIPBUILDINGANDCOVERSION-U_PROCUREMENT_MasterJustificationBook_Navy_PB_2018.zzz_unzipped-U_PROCUREMENT_MasterJustificationBook_Navy_PB_2018.xml","39e99632cac232ed4f791a16a1a3a350502b6d8437548761d869aa99726b1c18","0-c489faf8c19171020a33b898c565bc4d49e794acecb15b7c14c5cc248f758c02","6-46625390cc74202aab505917b68f2245f046a133dc73f4d956647fe301837298","root.record.ShipsExhibitList.P5ShipClass.CostElementCategories.HME.CostElementAnalysis.P35ItemList.P35Item"
"Rolls-Royce","24","2007","DDG","1000","2007-03","2018-05","4","18.316","C","FFP","new","33","2013-08","","2018-BASE_PROCUREMENT-2018-NAVY_SHIPBUILDINGANDCOVERSION-U_PROCUREMENT_MasterJustificationBook_Navy_PB_2018.zzz_unzipped-U_PROCUREMENT_MasterJustificationBook_Navy_PB_2018.xml","cfcd2affcafe58149df6900b5bafde44d10bbb1934842da11d594bb3c352ff90","0-a4605f2044913e8722d594f5bc41207767816b174ece4c034e10649a1deaad6a","0-9ad9eff4cade10c187d08b34cf8c2be95974a8cd170af31abf6bc57fa02ba903","root.record.ShipsExhibitList.P5ShipClass.CostElementCategories.HME.CostElementAnalysis.P35ItemList.P35Item"
"Rolls-Royce","24","2009","DDG","1002","2008-01","2021-12","2","19.706","C","FFP","option","33","2017-03","","2018-BASE_PROCUREMENT-2018-NAVY_SHIPBUILDINGANDCOVERSION-U_PROCUREMENT_MasterJustificationBook_Navy_PB_2018.zzz_unzipped-U_PROCUREMENT_MasterJustificationBook_Navy_PB_2018.xml","cfcd2affcafe58149df6900b5bafde44d10bbb1934842da11d594bb3c352ff90","1-6f2a5400801a96c10b14428a739074f56fbe4d36359bba67be1c899da78c0cc1","0-9ad9eff4cade10c187d08b34cf8c2be95974a8cd170af31abf6bc57fa02ba903","root.record.ShipsExhibitList.P5ShipClass.CostElementCategories.HME.CostElementAnalysis.P35ItemList.P35Item"
"DRS","16","2016","DDG","123","2016-07","2021-07","3","4.724","C","FFP","option","30","2017-09","","2018-BASE_PROCUREMENT-2018-NAVY_SHIPBUILDINGANDCOVERSION-U_PROCUREMENT_MasterJustificationBook_Navy_PB_2018.zzz_unzipped-U_PROCUREMENT_MasterJustificationBook_Navy_PB_2018.xml","e27de6ec9cb638c66ac0b656bccfc8f782bb401590861916fc6bffb8352b5cd2","0-fafe976853ee288c13abca06841d254db2749afe2ef9b73ba5392a3b4ef37589","0-16dbfd7669a10650d86b7ef7c3b14769ac8bf0cb7d53a0b0bc2ed5990155f475","root.record.ShipsExhibitList.P5ShipClass.CostElementCategories.HME.CostElementAnalysis.P35ItemList.P35Item"
"DRS","16","2017","DDG","125","2017-07","2022-07","2","4.804","C","FFP","option","30","2018-09","","2018-BASE_PROCUREMENT-2018-NAVY_SHIPBUILDINGANDCOVERSION-U_PROCUREMENT_MasterJustificationBook_Navy_PB_2018.zzz_unzipped-U_PROCUREMENT_MasterJustificationBook_Navy_PB_2018.xml","e27de6ec9cb638c66ac0b656bccfc8f782bb401590861916fc6bffb8352b5cd2","1-6cb3698bae152f98847213280cc490d1981b4f65f2da6b819a1aa5daac3d5f7a","0-16dbfd7669a10650d86b7ef7c3b14769ac8bf0cb7d53a0b0bc2ed5990155f475","root.record.ShipsExhibitList.P5ShipClass.CostElementCategories.HME.CostElementAnalysis.P35ItemList.P35Item"
"DRS","16","2018","DDG","128","2018-07","2023-07","2","4.899","C","FFP","option","30","2019-09","","2018-BASE_PROCUREMENT-2018-NAVY_SHIPBUILDINGANDCOVERSION-U_PROCUREMENT_MasterJustificationBook_Navy_PB_2018.zzz_unzipped-U_PROCUREMENT_MasterJustificationBook_Navy_PB_2018.xml","e27de6ec9cb638c66ac0b656bccfc8f782bb401590861916fc6bffb8352b5cd2","2-df0a5051636edb227a7dea0d6589daf7ce15fc2181d1e8ae8e80f67965a85f21","0-16dbfd7669a10650d86b7ef7c3b14769ac8bf0cb7d53a0b0bc2ed5990155f475","root.record.ShipsExhibitList.P5ShipClass.CostElementCategories.HME.CostElementAnalysis.P35ItemList.P35Item"
"PHILADELPHIA GEAR","30","2016","DDG","123","2016-03","2021-07","3","32.742","C","FFP","option","32","2016-05","","2018-BASE_PROCUREMENT-2018-NAVY_SHIPBUILDINGANDCOVERSION-U_PROCUREMENT_MasterJustificationBook_Navy_PB_2018.zzz_unzipped-U_PROCUREMENT_MasterJustificationBook_Navy_PB_2018.xml","e27de6ec9cb638c66ac0b656bccfc8f782bb401590861916fc6bffb8352b5cd2","0-7d67d19f9d3771156efc09362ceda713a8688fffef3040e7ec8e57d6b052d65b","1-fcb010288974bc9e1eb333d909423d4bac9b9a4d5a62ab4ffc94cc88742556de","root.record.ShipsExhibitList.P5ShipClass.CostElementCategories.HME.CostElementAnalysis.P35ItemList.P35Item"
"PHILADELPHIA GEAR","30","2017","DDG","125","2017-03","2022-07","2","32.699","C","FFP","new","32","2017-05","","2018-BASE_PROCUREMENT-2018-NAVY_SHIPBUILDINGANDCOVERSION-U_PROCUREMENT_MasterJustificationBook_Navy_PB_2018.zzz_unzipped-U_PROCUREMENT_MasterJustificationBook_Navy_PB_2018.xml","e27de6ec9cb638c66ac0b656bccfc8f782bb401590861916fc6bffb8352b5cd2","1-9dc667438ef36d2c6c3eeb30ff962283657cbbefffad533701381776ba5306f4","1-fcb010288974bc9e1eb333d909423d4bac9b9a4d5a62ab4ffc94cc88742556de","root.record.ShipsExhibitList.P5ShipClass.CostElementCategories.HME.CostElementAnalysis.P35ItemList.P35Item"
"PHILADELPHIA GEAR","30","2018","DDG","128","2018-03","2023-07","2","35.510","C","FFP","option","32","2018-05","","2018-BASE_PROCUREMENT-2018-NAVY_SHIPBUILDINGANDCOVERSION-U_PROCUREMENT_MasterJustificationBook_Navy_PB_2018.zzz_unzipped-U_PROCUREMENT_MasterJustificationBook_Navy_PB_2018.xml","e27de6ec9cb638c66ac0b656bccfc8f782bb401590861916fc6bffb8352b5cd2","2-19a360468818d4257c2cee97b2146ba0c902d22cb1858cc1414866459a182a04","1-fcb010288974bc9e1eb333d909423d4bac9b9a4d5a62ab4ffc94cc88742556de","root.record.ShipsExhibitList.P5ShipClass.CostElementCategories.HME.CostElementAnalysis.P35ItemList.P35Item"
"BAE Systems","30","2017","SSN","798","2016-04","2022-02","2","25.500","C","FFP","option","35","2016-09","","2019-BASE_PROCUREMENT-2019-NAVY_SHIPBUILDINGANDCOVERSION-U_PROCUREMENT_JustificationBook_Navy_PB_2019.zzz_unzipped-U_PROCUREMENT_JustificationBook_Navy_PB_2019.xml","26f7a9377367f4833fc97e7a760e9a2cc6323946d5bc9215f0843a3a55340edc","0-ac3f5c36d2fb5c667a9a748c7e9f482c3cc84a47bad284ca8a29dfb701752b03","0-a7fe98ddfb69b64fbceac3843fae0f282fd93ee080a6b699d22645819cb348a4","root.record.ShipsExhibitList.P5ShipClass.CostElementCategories.HME.CostElementAnalysis.P35ItemList.P35Item"
"BAE Systems","30","2018","SSN","800","2016-04","2023-02","2","26.350","C","FFP","option","35","2017-09","","2019-BASE_PROCUREMENT-2019-NAVY_SHIPBUILDINGANDCOVERSION-U_PROCUREMENT_JustificationBook_Navy_PB_2019.zzz_unzipped-U_PROCUREMENT_JustificationBook_Navy_PB_2019.xml","26f7a9377367f4833fc97e7a760e9a2cc6323946d5bc9215f0843a3a55340edc","1-3b98175abf8d49eebbd6ebd7e5d4977f461ade0427443ffc814eba863a24804c","0-a7fe98ddfb69b64fbceac3843fae0f282fd93ee080a6b699d22645819cb348a4","root.record.ShipsExhibitList.P5ShipClass.CostElementCategories.HME.CostElementAnalysis.P35ItemList.P35Item"
"BAE Systems","30","2019","SSN","802","2016-04","2024-07","2","26.888","C","FFP","option","40","2018-09","","2019-BASE_PROCUREMENT-2019-NAVY_SHIPBUILDINGANDCOVERSION-U_PROCUREMENT_JustificationBook_Navy_PB_2019.zzz_unzipped-U_PROCUREMENT_JustificationBook_Navy_PB_2019.xml","26f7a9377367f4833fc97e7a760e9a2cc6323946d5bc9215f0843a3a55340edc","2-83f4055954838fc5a5387467d6a74847ee5ddee9ee1e869e118f4733d26281f1","0-a7fe98ddfb69b64fbceac3843fae0f282fd93ee080a6b699d22645819cb348a4","root.record.ShipsExhibitList.P5ShipClass.CostElementCategories.HME.CostElementAnalysis.P35ItemList.P35Item"
"Various","12","2016","CVN","73","2017-01","2021-08","1","6.891","C","FFP","new","47","2016-05","","2019-BASE_PROCUREMENT-2019-NAVY_SHIPBUILDINGANDCOVERSION-U_PROCUREMENT_JustificationBook_Navy_PB_2019.zzz_unzipped-U_PROCUREMENT_JustificationBook_Navy_PB_2019.xml","3f04422267f18278d5d6f04f107d65e4403280e1024fb698d2f8e9e46d266e01","0-2c0c0524c34e3f86d3d3805830cb84afecbb2028054df43c9a0eb72b906220ec","0-1bbae96febd5660cf3707d3e5c84b7f965bc64a14026084bc246f52c48e62f49","root.record.ShipsExhibitList.P5ShipClass.CostElementCategories.HME.CostElementAnalysis.P35ItemList.P35Item"
"Tecnico","6","2016","CVN","73","2016-12","2021-08","1","4.650","C","CPFF","new","35","2017-11","","2019-BASE_PROCUREMENT-2019-NAVY_SHIPBUILDINGANDCOVERSION-U_PROCUREMENT_JustificationBook_Navy_PB_2019.zzz_unzipped-U_PROCUREMENT_JustificationBook_Navy_PB_2019.xml","3f04422267f18278d5d6f04f107d65e4403280e1024fb698d2f8e9e46d266e01","0-653ec172ff3ce25364ce3789adf40772737f99a2b4ee044d63c7c2901e0cef3a","1-c4749d613dbc0976d3cb3bb165f954860449a3318de097f2a5b6ea346eaf1a9b","root.record.ShipsExhibitList.P5ShipClass.CostElementCategories.HME.CostElementAnalysis.P35ItemList.P35Item"
"RIX Industries","12","2016","CVN","73","2015-02","2021-08","1","6.094","SS","IDIQ","option","47","2016-05","","2019-BASE_PROCUREMENT-2019-NAVY_SHIPBUILDINGANDCOVERSION-U_PROCUREMENT_JustificationBook_Navy_PB_2019.zzz_unzipped-U_PROCUREMENT_JustificationBook_Navy_PB_2019.xml","3f04422267f18278d5d6f04f107d65e4403280e1024fb698d2f8e9e46d266e01","0-2b049762d43d340f137974533361aa2d539d8c2fec59f49e11aecbf3f42da41d","2-28442f140c5b730c4e2279cf1e7797df2a6933b61b3722bbe6abbd4c249553fb","root.record.ShipsExhibitList.P5ShipClass.CostElementCategories.HME.CostElementAnalysis.P35ItemList.P35Item"
"Northrop Grumman Power/Control Systems","26","2016","CVN","73","2015-06","2021-08","1","4.340","C","FFP","option","27","2015-07","","2019-BASE_PROCUREMENT-2019-NAVY_SHIPBUILDINGANDCOVERSION-U_PROCUREMENT_JustificationBook_Navy_PB_2019.zzz_unzipped-U_PROCUREMENT_JustificationBook_Navy_PB_2019.xml","3f04422267f18278d5d6f04f107d65e4403280e1024fb698d2f8e9e46d266e01","0-7ba19a0a8ee61cd6c4ec79edf68dad9ded5a6fe9b57a769e41d15d6bcb876eaf","3-d66236259776703bdfbe4841a6170bd14779e6ad33d23a54882afe38181ad08d","root.record.ShipsExhibitList.P5ShipClass.CostElementCategories.HME.CostElementAnalysis.P35ItemList.P35Item"
"Rolls-Royce","24","2007","DDG","1000","2007-03","2018-12","4","18.316","C","FFP","new","33","2014-03","","2019-BASE_PROCUREMENT-2019-NAVY_SHIPBUILDINGANDCOVERSION-U_PROCUREMENT_JustificationBook_Navy_PB_2019.zzz_unzipped-U_PROCUREMENT_JustificationBook_Navy_PB_2019.xml","384bbcfb660b583b57aa41ac827b7a4f96349bc3d635569d38c5399e81cf111b","0-818b5237e06444693275cb5cc52760deb5d134ebc32e5f1d1077a48e7f60f999","0-a13acce4f47ed08cef0fd4cc3a08732860702e3e5a4fc28c2ee31f82d18331b8","root.record.ShipsExhibitList.P5ShipClass.CostElementCategories.HME.CostElementAnalysis.P35ItemList.P35Item"
"Rolls-Royce","24","2009","DDG","1002","2008-01","2022-09","2","19.706","C","FFP","option","33","2017-12","","2019-BASE_PROCUREMENT-2019-NAVY_SHIPBUILDINGANDCOVERSION-U_PROCUREMENT_JustificationBook_Navy_PB_2019.zzz_unzipped-U_PROCUREMENT_JustificationBook_Navy_PB_2019.xml","384bbcfb660b583b57aa41ac827b7a4f96349bc3d635569d38c5399e81cf111b","1-f543c1557db2f75005a07c12c513bf9314711dad00af086ed53c80c8e1d663fb","0-a13acce4f47ed08cef0fd4cc3a08732860702e3e5a4fc28c2ee31f82d18331b8","root.record.ShipsExhibitList.P5ShipClass.CostElementCategories.HME.CostElementAnalysis.P35ItemList.P35Item"
"DRS","16","2017","DDG","125","2017-07","2023-04","2","4.804","C","FFP","option","30","2019-06","","2019-BASE_PROCUREMENT-2019-NAVY_SHIPBUILDINGANDCOVERSION-U_PROCUREMENT_JustificationBook_Navy_PB_2019.zzz_unzipped-U_PROCUREMENT_JustificationBook_Navy_PB_2019.xml","a1a47c8635cef5e8f1226c963ba3faf740a9814b8e16b8e7235117ff98b853fd","0-61692c9da3ae77f2fa9fcddd0547349b2b058ba9acb985315275795151f9494d","0-3b0a0120368d49a61023b0f1d282a3b53a98a61de1ae6429a83b2ea4892b4b7b","root.record.ShipsExhibitList.P5ShipClass.CostElementCategories.HME.CostElementAnalysis.P35ItemList.P35Item"
"DRS","16","2018","DDG","128","2018-07","2023-12","2","4.899","C","FFP","option","31","2020-01","","2019-BASE_PROCUREMENT-2019-NAVY_SHIPBUILDINGANDCOVERSION-U_PROCUREMENT_JustificationBook_Navy_PB_2019.zzz_unzipped-U_PROCUREMENT_JustificationBook_Navy_PB_2019.xml","a1a47c8635cef5e8f1226c963ba3faf740a9814b8e16b8e7235117ff98b853fd","1-d4384afedd4243ba014d35f4dc24f4adf29688240ea9ef6c0a373ff993e167a1","0-3b0a0120368d49a61023b0f1d282a3b53a98a61de1ae6429a83b2ea4892b4b7b","root.record.ShipsExhibitList.P5ShipClass.CostElementCategories.HME.CostElementAnalysis.P35ItemList.P35Item"
"DRS","16","2019","DDG","130","2019-07","2024-09","3","4.997","C","FFP","option","31","2020-10","","2019-BASE_PROCUREMENT-2019-NAVY_SHIPBUILDINGANDCOVERSION-U_PROCUREMENT_JustificationBook_Navy_PB_2019.zzz_unzipped-U_PROCUREMENT_JustificationBook_Navy_PB_2019.xml","a1a47c8635cef5e8f1226c963ba3faf740a9814b8e16b8e7235117ff98b853fd","2-6aaf54a513e6b85c67e9960c095254a89b1eb3e052c7004516414b73c71ac027","0-3b0a0120368d49a61023b0f1d282a3b53a98a61de1ae6429a83b2ea4892b4b7b","root.record.ShipsExhibitList.P5ShipClass.CostElementCategories.HME.CostElementAnalysis.P35ItemList.P35Item"
"PHILADELPHIA GEAR","30","2017","DDG","125","2017-05","2023-04","2","32.810","C","FFP","new","32","2018-02","","2019-BASE_PROCUREMENT-2019-NAVY_SHIPBUILDINGANDCOVERSION-U_PROCUREMENT_JustificationBook_Navy_PB_2019.zzz_unzipped-U_PROCUREMENT_JustificationBook_Navy_PB_2019.xml","a1a47c8635cef5e8f1226c963ba3faf740a9814b8e16b8e7235117ff98b853fd","0-1920c033d98bd292977c5244cf18bf577e49c6089a2a14b27b2566ff68aee959","1-fbaa593c62675111b8e88f3638d5e6bb814e7f8704220680d5553f0d230de26b","root.record.ShipsExhibitList.P5ShipClass.CostElementCategories.HME.CostElementAnalysis.P35ItemList.P35Item"
"PHILADELPHIA GEAR","30","2018","DDG","128","2018-03","2023-12","2","34.216","C","FFP","option","32","2018-10","","2019-BASE_PROCUREMENT-2019-NAVY_SHIPBUILDINGANDCOVERSION-U_PROCUREMENT_JustificationBook_Navy_PB_2019.zzz_unzipped-U_PROCUREMENT_JustificationBook_Navy_PB_2019.xml","a1a47c8635cef5e8f1226c963ba3faf740a9814b8e16b8e7235117ff98b853fd","1-070b84c677537dd5bc556889cd44fa50e88d021f11faebcd463786f4a67e7212","1-fbaa593c62675111b8e88f3638d5e6bb814e7f8704220680d5553f0d230de26b","root.record.ShipsExhibitList.P5ShipClass.CostElementCategories.HME.CostElementAnalysis.P35ItemList.P35Item"
"PHILADELPHIA GEAR","30","2019","DDG","130","2019-03","2024-09","3","36.029","C","FFP","option","32","2019-07","","2019-BASE_PROCUREMENT-2019-NAVY_SHIPBUILDINGANDCOVERSION-U_PROCUREMENT_JustificationBook_Navy_PB_2019.zzz_unzipped-U_PROCUREMENT_JustificationBook_Navy_PB_2019.xml","a1a47c8635cef5e8f1226c963ba3faf740a9814b8e16b8e7235117ff98b853fd","2-961cc2c0314b30f5ae0e2ff908b50c2180729531fb37f343d517d307324dadfb","1-fbaa593c62675111b8e88f3638d5e6bb814e7f8704220680d5553f0d230de26b","root.record.ShipsExhibitList.P5ShipClass.CostElementCategories.HME.CostElementAnalysis.P35ItemList.P35Item"
"BAE Systems","30","2017","SSN","798","2016-04","2022-02","2","25.500","C","FFP","option","35","2016-09","","2019-BASE_PROCUREMENT-2019-NAVY_SHIPBUILDINGANDCOVERSION-U_PROCUREMENT_MasterJustificationBook_Navy_PB_2019.zzz_unzipped-U_PROCUREMENT_MasterJustificationBook_Navy_PB_2019.xml","cbe29039c7026c484c7be93d8dffc73f479957edddb0229a6b7ae1188f188bcd","0-e4a06acca05fd547b9f96401177dad621f2e8cd687a3446d29e83106acdf9b0b","0-dbbdc2c8d20d4792e9752ddef262ce8bdbcc04aa7c8d77a290117481b5df488d","root.record.ShipsExhibitList.P5ShipClass.CostElementCategories.HME.CostElementAnalysis.P35ItemList.P35Item"
"BAE Systems","30","2018","SSN","800","2016-04","2023-02","2","26.350","C","FFP","option","35","2017-09","","2019-BASE_PROCUREMENT-2019-NAVY_SHIPBUILDINGANDCOVERSION-U_PROCUREMENT_MasterJustificationBook_Navy_PB_2019.zzz_unzipped-U_PROCUREMENT_MasterJustificationBook_Navy_PB_2019.xml","cbe29039c7026c484c7be93d8dffc73f479957edddb0229a6b7ae1188f188bcd","1-10cc8ded09959351957a210d3f819ae063240e646e1a6604fb9cbc317023c8c0","0-dbbdc2c8d20d4792e9752ddef262ce8bdbcc04aa7c8d77a290117481b5df488d","root.record.ShipsExhibitList.P5ShipClass.CostElementCategories.HME.CostElementAnalysis.P35ItemList.P35Item"
"BAE Systems","30","2019","SSN","802","2016-04","2024-07","2","26.888","C","FFP","option","40","2018-09","","2019-BASE_PROCUREMENT-2019-NAVY_SHIPBUILDINGANDCOVERSION-U_PROCUREMENT_MasterJustificationBook_Navy_PB_2019.zzz_unzipped-U_PROCUREMENT_MasterJustificationBook_Navy_PB_2019.xml","cbe29039c7026c484c7be93d8dffc73f479957edddb0229a6b7ae1188f188bcd","2-5ad95eb7bc9ceebb59a9da8f18a7e28183553857b75182e39b869977ae60047a","0-dbbdc2c8d20d4792e9752ddef262ce8bdbcc04aa7c8d77a290117481b5df488d","root.record.ShipsExhibitList.P5ShipClass.CostElementCategories.HME.CostElementAnalysis.P35ItemList.P35Item"
"Various","12","2016","CVN","73","2017-01","2021-08","1","6.891","C","FFP","new","47","2016-05","","2019-BASE_PROCUREMENT-2019-NAVY_SHIPBUILDINGANDCOVERSION-U_PROCUREMENT_MasterJustificationBook_Navy_PB_2019.zzz_unzipped-U_PROCUREMENT_MasterJustificationBook_Navy_PB_2019.xml","8e712934068abd23958514556a25c137e290832dbeb92748a5baadb930834b13","0-2bb2980d29db85fd9c7d17164f3456c17def1d15245a2fe0cd8e8fb3e2cf6988","0-cccce9bb37f7d018548ca29a98949039e3800f606ae92d329aef055ae6fabd86","root.record.ShipsExhibitList.P5ShipClass.CostElementCategories.HME.CostElementAnalysis.P35ItemList.P35Item"
"Tecnico","6","2016","CVN","73","2016-12","2021-08","1","4.650","C","CPFF","new","35","2017-11","","2019-BASE_PROCUREMENT-2019-NAVY_SHIPBUILDINGANDCOVERSION-U_PROCUREMENT_MasterJustificationBook_Navy_PB_2019.zzz_unzipped-U_PROCUREMENT_MasterJustificationBook_Navy_PB_2019.xml","8e712934068abd23958514556a25c137e290832dbeb92748a5baadb930834b13","0-3350c2122d6deb0662d17b2cdd8f997eadeab0f2b8212a330d597289efb14c67","1-a13f0cc4e85f09784f1e938920ff5aad333fe125ac0be2a1f5ddaa28241cbd0c","root.record.ShipsExhibitList.P5ShipClass.CostElementCategories.HME.CostElementAnalysis.P35ItemList.P35Item"
"RIX Industries","12","2016","CVN","73","2015-02","2021-08","1","6.094","SS","IDIQ","option","47","2016-05","","2019-BASE_PROCUREMENT-2019-NAVY_SHIPBUILDINGANDCOVERSION-U_PROCUREMENT_MasterJustificationBook_Navy_PB_2019.zzz_unzipped-U_PROCUREMENT_MasterJustificationBook_Navy_PB_2019.xml","8e712934068abd23958514556a25c137e290832dbeb92748a5baadb930834b13","0-2315cfbc45c052dd7c4cff3e38717e0d8f8730feb61b11abda34e73e13b57cb3","2-31c7c83c84fdc5c46276898f76cd0067aece205702ddac32c0f8a8227e63bbb5","root.record.ShipsExhibitList.P5ShipClass.CostElementCategories.HME.CostElementAnalysis.P35ItemList.P35Item"
"Northrop Grumman Power/Control Systems","26","2016","CVN","73","2015-06","2021-08","1","4.340","C","FFP","option","27","2015-07","","2019-BASE_PROCUREMENT-2019-NAVY_SHIPBUILDINGANDCOVERSION-U_PROCUREMENT_MasterJustificationBook_Navy_PB_2019.zzz_unzipped-U_PROCUREMENT_MasterJustificationBook_Navy_PB_2019.xml","8e712934068abd23958514556a25c137e290832dbeb92748a5baadb930834b13","0-89d33e843215c62fc26782ea9592d2cd4141d143108b94b526251a36eee2e089","3-e3d810cf23e580caaa9aacb7de653ea5b24b8697b84f3f4de758d4408e5bdc82","root.record.ShipsExhibitList.P5ShipClass.CostElementCategories.HME.CostElementAnalysis.P35ItemList.P35Item"
"Rolls-Royce","24","2007","DDG","1000","2007-03","2018-12","4","18.316","C","FFP","new","33","2014-03","","2019-BASE_PROCUREMENT-2019-NAVY_SHIPBUILDINGANDCOVERSION-U_PROCUREMENT_MasterJustificationBook_Navy_PB_2019.zzz_unzipped-U_PROCUREMENT_MasterJustificationBook_Navy_PB_2019.xml","eb65c52dd93ce16c20d00a7266f3d388040779562cbb7747c2c0d892437bc207","0-3f1347147dd1e170e672c271e96e26521757506f501b51d20b08aa124631d33b","0-c04bf19737df149718cdfc6df683844b65cf4bc29ccfe78703615add1d9b6e7e","root.record.ShipsExhibitList.P5ShipClass.CostElementCategories.HME.CostElementAnalysis.P35ItemList.P35Item"
"Rolls-Royce","24","2009","DDG","1002","2008-01","2022-09","2","19.706","C","FFP","option","33","2017-12","","2019-BASE_PROCUREMENT-2019-NAVY_SHIPBUILDINGANDCOVERSION-U_PROCUREMENT_MasterJustificationBook_Navy_PB_2019.zzz_unzipped-U_PROCUREMENT_MasterJustificationBook_Navy_PB_2019.xml","eb65c52dd93ce16c20d00a7266f3d388040779562cbb7747c2c0d892437bc207","1-0e433a539e36f3ab2aefd02f7d77621b88f75093fb8a1cfd796c8c2b19d28283","0-c04bf19737df149718cdfc6df683844b65cf4bc29ccfe78703615add1d9b6e7e","root.record.ShipsExhibitList.P5ShipClass.CostElementCategories.HME.CostElementAnalysis.P35ItemList.P35Item"
"DRS","16","2017","DDG","125","2017-07","2023-04","2","4.804","C","FFP","option","30","2019-06","","2019-BASE_PROCUREMENT-2019-NAVY_SHIPBUILDINGANDCOVERSION-U_PROCUREMENT_MasterJustificationBook_Navy_PB_2019.zzz_unzipped-U_PROCUREMENT_MasterJustificationBook_Navy_PB_2019.xml","7ccb09e5aa0dcd2ff656bb6257f40762290470295a3462fc198202ddc187b82f","0-5525a0e1a230ae7db1fb7f2ae04e5473312b8d26d620a486b9e2b0aeb1757a3d","0-9d80d22de376c6e3153a5d08dcdee56f33f945282272f3b015ae272b3c9521b7","root.record.ShipsExhibitList.P5ShipClass.CostElementCategories.HME.CostElementAnalysis.P35ItemList.P35Item"
"DRS","16","2018","DDG","128","2018-07","2023-12","2","4.899","C","FFP","option","31","2020-01","","2019-BASE_PROCUREMENT-2019-NAVY_SHIPBUILDINGANDCOVERSION-U_PROCUREMENT_MasterJustificationBook_Navy_PB_2019.zzz_unzipped-U_PROCUREMENT_MasterJustificationBook_Navy_PB_2019.xml","7ccb09e5aa0dcd2ff656bb6257f40762290470295a3462fc198202ddc187b82f","1-a3cc43cfbabae0081b54c2d42e2a74afafb1f68c067fad6b7b48e928a41b2eef","0-9d80d22de376c6e3153a5d08dcdee56f33f945282272f3b015ae272b3c9521b7","root.record.ShipsExhibitList.P5ShipClass.CostElementCategories.HME.CostElementAnalysis.P35ItemList.P35Item"
"DRS","16","2019","DDG","130","2019-07","2024-09","3","4.997","C","FFP","option","31","2020-10","","2019-BASE_PROCUREMENT-2019-NAVY_SHIPBUILDINGANDCOVERSION-U_PROCUREMENT_MasterJustificationBook_Navy_PB_2019.zzz_unzipped-U_PROCUREMENT_MasterJustificationBook_Navy_PB_2019.xml","7ccb09e5aa0dcd2ff656bb6257f40762290470295a3462fc198202ddc187b82f","2-b1dcf5dc71b7aa836e99855953dc0fb3c1b91380cdc07644676a366075a3d6d2","0-9d80d22de376c6e3153a5d08dcdee56f33f945282272f3b015ae272b3c9521b7","root.record.ShipsExhibitList.P5ShipClass.CostElementCategories.HME.CostElementAnalysis.P35ItemList.P35Item"
"PHILADELPHIA GEAR","30","2017","DDG","125","2017-05","2023-04","2","32.810","C","FFP","new","32","2018-02","","2019-BASE_PROCUREMENT-2019-NAVY_SHIPBUILDINGANDCOVERSION-U_PROCUREMENT_MasterJustificationBook_Navy_PB_2019.zzz_unzipped-U_PROCUREMENT_MasterJustificationBook_Navy_PB_2019.xml","7ccb09e5aa0dcd2ff656bb6257f40762290470295a3462fc198202ddc187b82f","0-5e72dd1d22a372cd1d15ee20ca0d66862d340e6db59434c0b3f79b350556401e","1-faaf0f41731679f2fb77807a23a18dba6299f310c10ccf444500f750304c2469","root.record.ShipsExhibitList.P5ShipClass.CostElementCategories.HME.CostElementAnalysis.P35ItemList.P35Item"
"PHILADELPHIA GEAR","30","2018","DDG","128","2018-03","2023-12","2","34.216","C","FFP","option","32","2018-10","","2019-BASE_PROCUREMENT-2019-NAVY_SHIPBUILDINGANDCOVERSION-U_PROCUREMENT_MasterJustificationBook_Navy_PB_2019.zzz_unzipped-U_PROCUREMENT_MasterJustificationBook_Navy_PB_2019.xml","7ccb09e5aa0dcd2ff656bb6257f40762290470295a3462fc198202ddc187b82f","1-debcf23980cac733c95e64b8ab5a0a7c1bf78ec1342c1c11bda6dea73f675450","1-faaf0f41731679f2fb77807a23a18dba6299f310c10ccf444500f750304c2469","root.record.ShipsExhibitList.P5ShipClass.CostElementCategories.HME.CostElementAnalysis.P35ItemList.P35Item"
"PHILADELPHIA GEAR","30","2019","DDG","130","2019-03","2024-09","3","36.029","C","FFP","option","32","2019-07","","2019-BASE_PROCUREMENT-2019-NAVY_SHIPBUILDINGANDCOVERSION-U_PROCUREMENT_MasterJustificationBook_Navy_PB_2019.zzz_unzipped-U_PROCUREMENT_MasterJustificationBook_Navy_PB_2019.xml","7ccb09e5aa0dcd2ff656bb6257f40762290470295a3462fc198202ddc187b82f","2-6201f2d6bb7223556d86717f273581e56f0b82f310be21eefb2d82c097c25b8a","1-faaf0f41731679f2fb77807a23a18dba6299f310c10ccf444500f750304c2469","root.record.ShipsExhibitList.P5ShipClass.CostElementCategories.HME.CostElementAnalysis.P35ItemList.P35Item"
"BAE Systems","30","2018","SSN","800","2016-04","2023-04","2","26.350","C","FFP","option","35","2017-11","","2020-BASE_PROCUREMENT-2020-NAVY_SHIPBUILDINGANDCOVERSION-U_PROCUREMENT_JustificationBook_Navy_PB_2020.zzz_unzipped-U_PROCUREMENT_JustificationBook_Navy_PB_2020.xml","cc662e74a7de7213dcbbea2bd4856f29d0eced5cfd2f89546251c34f13f65079","0-15a1022767a4899c383cf2d4d26f3348e934ba8ed9e99b7b0bc97b1ca41a7910","0-39bbd9874eb69edea64906a379f2780f773e2e22600e3b53a8c3e7206faf4e2c","root.record.ShipsExhibitList.P5ShipClass.CostElementCategories.HME.CostElementAnalysis.P35ItemList.P35Item"
"BAE Systems","30","2019","SSN","802","2016-04","2025-01","2","26.888","C","FFP","option","40","2019-03","","2020-BASE_PROCUREMENT-2020-NAVY_SHIPBUILDINGANDCOVERSION-U_PROCUREMENT_JustificationBook_Navy_PB_2020.zzz_unzipped-U_PROCUREMENT_JustificationBook_Navy_PB_2020.xml","cc662e74a7de7213dcbbea2bd4856f29d0eced5cfd2f89546251c34f13f65079","1-0fda7e35d58ca8a9fb71cc3f3393c31af9dfe6b5a59bb75ae651ce252b6c4c62","0-39bbd9874eb69edea64906a379f2780f773e2e22600e3b53a8c3e7206faf4e2c","root.record.ShipsExhibitList.P5ShipClass.CostElementCategories.HME.CostElementAnalysis.P35ItemList.P35Item"
"BAE Systems","30","2020","SSN","804","2016-04","2026-01","3","27.426","C","FFP","option","40","2020-03","","2020-BASE_PROCUREMENT-2020-NAVY_SHIPBUILDINGANDCOVERSION-U_PROCUREMENT_JustificationBook_Navy_PB_2020.zzz_unzipped-U_PROCUREMENT_JustificationBook_Navy_PB_2020.xml","cc662e74a7de7213dcbbea2bd4856f29d0eced5cfd2f89546251c34f13f65079","2-91bcff030b3b094a5c30c379f638f48a0175439a91ba94b9543ba9f923f27c42","0-39bbd9874eb69edea64906a379f2780f773e2e22600e3b53a8c3e7206faf4e2c","root.record.ShipsExhibitList.P5ShipClass.CostElementCategories.HME.CostElementAnalysis.P35ItemList.P35Item"
"Various","12","2016","CVN","73","2017-01","2021-08","1","6.891","C","FFP","new","51","2016-05","","2020-BASE_PROCUREMENT-2020-NAVY_SHIPBUILDINGANDCOVERSION-U_PROCUREMENT_JustificationBook_Navy_PB_2020.zzz_unzipped-U_PROCUREMENT_JustificationBook_Navy_PB_2020.xml","79df57bc99fb77f6f94f2d8202847567fc765bce66445ff4e4e663760799e6e1","0-9a87f19038c09a7d3dbdb232f8cb55342e568f2b1d2557525234b4f8adee6337","0-7ba1bf722550e173061e832d5476baa1492eb0dd91c56e23d9e9e95529715dbe","root.record.ShipsExhibitList.P5ShipClass.CostElementCategories.HME.CostElementAnalysis.P35ItemList.P35Item"
"Tecnico","6","2016","CVN","73","2016-12","2021-08","1","4.647","C","CPFF","new","39","2017-11","","2020-BASE_PROCUREMENT-2020-NAVY_SHIPBUILDINGANDCOVERSION-U_PROCUREMENT_JustificationBook_Navy_PB_2020.zzz_unzipped-U_PROCUREMENT_JustificationBook_Navy_PB_2020.xml","79df57bc99fb77f6f94f2d8202847567fc765bce66445ff4e4e663760799e6e1","0-7a83766f82f18461d7d894c9b5b43a5ce4fe1e004f5373e4870d7076960c0d00","1-8d958a0a2991a29889638e1976db4456e1bf2d9448d25e24403a191c1f0d989d","root.record.ShipsExhibitList.P5ShipClass.CostElementCategories.HME.CostElementAnalysis.P35ItemList.P35Item"
"TBD","6","2020","CVN","74","2021-04","2025-01","1","4.948","","","","39","2021-04","TBD","2020-BASE_PROCUREMENT-2020-NAVY_SHIPBUILDINGANDCOVERSION-U_PROCUREMENT_JustificationBook_Navy_PB_2020.zzz_unzipped-U_PROCUREMENT_JustificationBook_Navy_PB_2020.xml","79df57bc99fb77f6f94f2d8202847567fc765bce66445ff4e4e663760799e6e1","1-4c3935864c0a2014e88502e6bcc1045e24b367943d5161ae01eb822776d0b249","1-8d958a0a2991a29889638e1976db4456e1bf2d9448d25e24403a191c1f0d989d","root.record.ShipsExhibitList.P5ShipClass.CostElementCategories.HME.CostElementAnalysis.P35ItemList.P35Item"
"RIX Industries","12","2016","CVN","73","2015-02","2021-08","1","6.094","SS","IDIQ","option","51","2016-05","","2020-BASE_PROCUREMENT-2020-NAVY_SHIPBUILDINGANDCOVERSION-U_PROCUREMENT_JustificationBook_Navy_PB_2020.zzz_unzipped-U_PROCUREMENT_JustificationBook_Navy_PB_2020.xml","79df57bc99fb77f6f94f2d8202847567fc765bce66445ff4e4e663760799e6e1","0-42242bc1758a15a9e76392935e8c7eaea1c37bffd856524088b0050a711cbc52","2-3520c5745b0fd4d4182ea278983d14a938e9812cb0de05b2538a3cf0144efe64","root.record.ShipsExhibitList.P5ShipClass.CostElementCategories.HME.CostElementAnalysis.P35ItemList.P35Item"
"TBD","12","2020","CVN","74","2019-01","2025-01","1","6.699","","","","60","2019-01","TBD","2020-BASE_PROCUREMENT-2020-NAVY_SHIPBUILDINGANDCOVERSION-U_PROCUREMENT_JustificationBook_Navy_PB_2020.zzz_unzipped-U_PROCUREMENT_JustificationBook_Navy_PB_2020.xml","79df57bc99fb77f6f94f2d8202847567fc765bce66445ff4e4e663760799e6e1","1-bf0ee04f99ba5aab2ad6433a104e9a6fb03b3a42076259cf36b6745d21aad2bc","2-3520c5745b0fd4d4182ea278983d14a938e9812cb0de05b2538a3cf0144efe64","root.record.ShipsExhibitList.P5ShipClass.CostElementCategories.HME.CostElementAnalysis.P35ItemList.P35Item"
"Northrop Grumman Power/Control Systems","26","2016","CVN","73","2015-06","2021-08","1","4.340","C","FFP","option","47","2015-07","","2020-BASE_PROCUREMENT-2020-NAVY_SHIPBUILDINGANDCOVERSION-U_PROCUREMENT_JustificationBook_Navy_PB_2020.zzz_unzipped-U_PROCUREMENT_JustificationBook_Navy_PB_2020.xml","79df57bc99fb77f6f94f2d8202847567fc765bce66445ff4e4e663760799e6e1","0-84a15beeefa7e796e79d6ed3b985dda92d467a8fcd3fafb532bcc408174cd025","3-02c2008e4dc309a64f5bb664fd4d0cde0c2405fa01444f7e0c33d3b56d3521f6","root.record.ShipsExhibitList.P5ShipClass.CostElementCategories.HME.CostElementAnalysis.P35ItemList.P35Item"
"TBD","12","2020","CVN","74","2019-12","2025-01","1","3.546","","","","49","2019-12","TBD","2020-BASE_PROCUREMENT-2020-NAVY_SHIPBUILDINGANDCOVERSION-U_PROCUREMENT_JustificationBook_Navy_PB_2020.zzz_unzipped-U_PROCUREMENT_JustificationBook_Navy_PB_2020.xml","79df57bc99fb77f6f94f2d8202847567fc765bce66445ff4e4e663760799e6e1","0-d9fc62bf6349313abc61346b60dce6eef7b468d7e9ea8dda94b9a37821fb0f28","4-5a73604983a483010afbcec6ed7cb1308d7b7ce16efc12cc8739884a1367ea7a","root.record.ShipsExhibitList.P5ShipClass.CostElementCategories.HME.CostElementAnalysis.P35ItemList.P35Item"
"Rolls-Royce","24","2007","DDG","1000","2007-03","2019-09","4","18.316","C","FFP","new","33","2014-12","","2020-BASE_PROCUREMENT-2020-NAVY_SHIPBUILDINGANDCOVERSION-U_PROCUREMENT_JustificationBook_Navy_PB_2020.zzz_unzipped-U_PROCUREMENT_JustificationBook_Navy_PB_2020.xml","8644d6cf0ff072d3154c0109223402de2d9d8f52cc878b156fc73009c9601119","0-d2ad970d68bb60b59166c905f276cc5608310e278a973638b25e1d14f62abc57","0-ae57f189ac7df8157b2f35a50e3f4f88e0027850b26ba0014dde255a951cc425","root.record.ShipsExhibitList.P5ShipClass.CostElementCategories.HME.CostElementAnalysis.P35ItemList.P35Item"
"Rolls-Royce","24","2009","DDG","1002","2008-01","2022-09","2","19.706","C","FFP","option","33","2017-12","","2020-BASE_PROCUREMENT-2020-NAVY_SHIPBUILDINGANDCOVERSION-U_PROCUREMENT_JustificationBook_Navy_PB_2020.zzz_unzipped-U_PROCUREMENT_JustificationBook_Navy_PB_2020.xml","8644d6cf0ff072d3154c0109223402de2d9d8f52cc878b156fc73009c9601119","1-d3c87f4f5bfa0da514c7aa3e1cb02ae859d25379a998f2d6e4c9afe65a809bc4","0-ae57f189ac7df8157b2f35a50e3f4f88e0027850b26ba0014dde255a951cc425","root.record.ShipsExhibitList.P5ShipClass.CostElementCategories.HME.CostElementAnalysis.P35ItemList.P35Item"
"DRS","12","2018","DDG","128","2018-08","2024-10","2","4.899","C","FFP","option","31","2021-03","","2020-BASE_PROCUREMENT-2020-NAVY_SHIPBUILDINGANDCOVERSION-U_PROCUREMENT_JustificationBook_Navy_PB_2020.zzz_unzipped-U_PROCUREMENT_JustificationBook_Navy_PB_2020.xml","f88449ebd51dedd31a2638fdba5e14252aa210ecf7ac5ea8d1c24b9a55389b12","0-c61b48f4db66561ef6d811188ac13e3ab88d4b29caf7fc7acef61a4d83d9a48c","0-e64d33f36224d1ea1caaa153ba4aab06e36b176be7fe8008f1f8820da0ed6f96","root.record.ShipsExhibitList.P5ShipClass.CostElementCategories.HME.CostElementAnalysis.P35ItemList.P35Item"
"DRS","12","2019","DDG","130","2019-07","2025-07","3","4.997","C","FFP","option","31","2021-12","","2020-BASE_PROCUREMENT-2020-NAVY_SHIPBUILDINGANDCOVERSION-U_PROCUREMENT_JustificationBook_Navy_PB_2020.zzz_unzipped-U_PROCUREMENT_JustificationBook_Navy_PB_2020.xml","f88449ebd51dedd31a2638fdba5e14252aa210ecf7ac5ea8d1c24b9a55389b12","1-30572c42b9ed3de40dc13cc611ea8a7538125fb1bbd28fc0bbc31f07e6ccb59d","0-e64d33f36224d1ea1caaa153ba4aab06e36b176be7fe8008f1f8820da0ed6f96","root.record.ShipsExhibitList.P5ShipClass.CostElementCategories.HME.CostElementAnalysis.P35ItemList.P35Item"
"DRS","12","2020","DDG","133","2020-07","2026-11","3","5.097","C","FFP","option","31","2023-04","","2020-BASE_PROCUREMENT-2020-NAVY_SHIPBUILDINGANDCOVERSION-U_PROCUREMENT_JustificationBook_Navy_PB_2020.zzz_unzipped-U_PROCUREMENT_JustificationBook_Navy_PB_2020.xml","f88449ebd51dedd31a2638fdba5e14252aa210ecf7ac5ea8d1c24b9a55389b12","2-89ccf0a2cbf0e20d232d226f73c14cbc7c637204c6114a563290bb1fde952bcf","0-e64d33f36224d1ea1caaa153ba4aab06e36b176be7fe8008f1f8820da0ed6f96","root.record.ShipsExhibitList.P5ShipClass.CostElementCategories.HME.CostElementAnalysis.P35ItemList.P35Item"
"TIMKEN","32","2018","DDG","128","2018-05","2024-10","2","34.216","C","FFP","option","32","2019-06","","2020-BASE_PROCUREMENT-2020-NAVY_SHIPBUILDINGANDCOVERSION-U_PROCUREMENT_JustificationBook_Navy_PB_2020.zzz_unzipped-U_PROCUREMENT_JustificationBook_Navy_PB_2020.xml","f88449ebd51dedd31a2638fdba5e14252aa210ecf7ac5ea8d1c24b9a55389b12","0-bcfa55412585ca29f7eb14dbd84972f5f0b5b7ece0c3c245e0319ce180161109","1-15a763eda3744d82ac26b78fed51fda8f7d097ed454ecc5231fe14e5b85392cd","root.record.ShipsExhibitList.P5ShipClass.CostElementCategories.HME.CostElementAnalysis.P35ItemList.P35Item"
"TIMKEN","32","2019","DDG","130","2019-03","2025-07","3","36.029","C","FFP","option","32","2020-03","","2020-BASE_PROCUREMENT-2020-NAVY_SHIPBUILDINGANDCOVERSION-U_PROCUREMENT_JustificationBook_Navy_PB_2020.zzz_unzipped-U_PROCUREMENT_JustificationBook_Navy_PB_2020.xml","f88449ebd51dedd31a2638fdba5e14252aa210ecf7ac5ea8d1c24b9a55389b12","1-6fc2d106a113716e3c2f37bcbcf2a0972974b9306dd7d606b37273a17f168d1a","1-15a763eda3744d82ac26b78fed51fda8f7d097ed454ecc5231fe14e5b85392cd","root.record.ShipsExhibitList.P5ShipClass.CostElementCategories.HME.CostElementAnalysis.P35ItemList.P35Item"
"TIMKEN","32","2020","DDG","133","2020-03","2026-11","3","36.671","C","FFP","option","32","2021-07","","2020-BASE_PROCUREMENT-2020-NAVY_SHIPBUILDINGANDCOVERSION-U_PROCUREMENT_JustificationBook_Navy_PB_2020.zzz_unzipped-U_PROCUREMENT_JustificationBook_Navy_PB_2020.xml","f88449ebd51dedd31a2638fdba5e14252aa210ecf7ac5ea8d1c24b9a55389b12","2-675b0126daa59e7dc56bd8b5bc86d82b2ab5d2a830db353cd6ce0c84ae76ab43","1-15a763eda3744d82ac26b78fed51fda8f7d097ed454ecc5231fe14e5b85392cd","root.record.ShipsExhibitList.P5ShipClass.CostElementCategories.HME.CostElementAnalysis.P35ItemList.P35Item"
"INDAL","24","2020","FFG","1","2021-09","2026-07","1","4.163","SS","IDIQ","new","21","2022-10","","2020-BASE_PROCUREMENT-2020-NAVY_SHIPBUILDINGANDCOVERSION-U_PROCUREMENT_JustificationBook_Navy_PB_2020.zzz_unzipped-U_PROCUREMENT_JustificationBook_Navy_PB_2020.xml","c28c27813a2cf7ded6b86fcbf9224130d193279ad60a95d269b6367bacde8fe9","0-88c6180ac478cbbc774b1d765b1dc6c301b1dda2bcaf35925b322d6dc34160fc","0-06b663323ce9d5991296f102b0a230dd0675e0daaba0ac6296ba18ce9bc9b829","root.record.ShipsExhibitList.P5ShipClass.CostElementCategories.HME.CostElementAnalysis.P35ItemList.P35Item"
"TBD","12","2020","FFG","1","TBD","2026-07","1","1.700","","","","40","2022-03","TBD","2020-BASE_PROCUREMENT-2020-NAVY_SHIPBUILDINGANDCOVERSION-U_PROCUREMENT_JustificationBook_Navy_PB_2020.zzz_unzipped-U_PROCUREMENT_JustificationBook_Navy_PB_2020.xml","c28c27813a2cf7ded6b86fcbf9224130d193279ad60a95d269b6367bacde8fe9","0-c04599ed3bbb6908717ca3133bb06e3a7635b30cadd24ce37395a1c4fafc3163","1-ad8745f939c0bdbe8d5e21c7ef0bb61863dd5e504a60f2233561ec0772decdde","root.record.ShipsExhibitList.P5ShipClass.CostElementCategories.HME.CostElementAnalysis.P35ItemList.P35Item"
"BAE Systems","30","2018","SSN","800","2016-04","2023-04","2","26.350","C","FFP","option","35","2017-11","","2020-BASE_PROCUREMENT-2020-NAVY_SHIPBUILDINGANDCOVERSION-U_PROCUREMENT_MasterJustificationBook_Navy_PB_2020.zzz_unzipped-U_PROCUREMENT_MasterJustificationBook_Navy_PB_2020.xml","6d2fd5af5b3d1649cd88586e00452843d436fea4cfb0f3c5af8f40c8bc8e1433","0-c903643316a73c846d3c27182f3e4bbe78d6eb2fe297d527012fa6648736c405","0-4ba4c616915522f3821fcc4f645ace3ef3ebf18b6c03d6fff56af9590eac4fce","root.record.ShipsExhibitList.P5ShipClass.CostElementCategories.HME.CostElementAnalysis.P35ItemList.P35Item"
"BAE Systems","30","2019","SSN","802","2016-04","2025-01","2","26.888","C","FFP","option","40","2019-03","","2020-BASE_PROCUREMENT-2020-NAVY_SHIPBUILDINGANDCOVERSION-U_PROCUREMENT_MasterJustificationBook_Navy_PB_2020.zzz_unzipped-U_PROCUREMENT_MasterJustificationBook_Navy_PB_2020.xml","6d2fd5af5b3d1649cd88586e00452843d436fea4cfb0f3c5af8f40c8bc8e1433","1-3b2f59f2a43645c3a9a628ad4e7e50f25f2949bcfbbb20564de093e6bcc528cf","0-4ba4c616915522f3821fcc4f645ace3ef3ebf18b6c03d6fff56af9590eac4fce","root.record.ShipsExhibitList.P5ShipClass.CostElementCategories.HME.CostElementAnalysis.P35ItemList.P35Item"
"BAE Systems","30","2020","SSN","804","2016-04","2026-01","3","27.426","C","FFP","option","40","2020-03","","2020-BASE_PROCUREMENT-2020-NAVY_SHIPBUILDINGANDCOVERSION-U_PROCUREMENT_MasterJustificationBook_Navy_PB_2020.zzz_unzipped-U_PROCUREMENT_MasterJustificationBook_Navy_PB_2020.xml","6d2fd5af5b3d1649cd88586e00452843d436fea4cfb0f3c5af8f40c8bc8e1433","2-b5f33fce301cbcc60b1c4cadde98ef34f14618d871eb1deb67e59d3336a311ae","0-4ba4c616915522f3821fcc4f645ace3ef3ebf18b6c03d6fff56af9590eac4fce","root.record.ShipsExhibitList.P5ShipClass.CostElementCategories.HME.CostElementAnalysis.P35ItemList.P35Item"
"Various","12","2016","CVN","73","2017-01","2021-08","1","6.891","C","FFP","new","51","2016-05","","2020-BASE_PROCUREMENT-2020-NAVY_SHIPBUILDINGANDCOVERSION-U_PROCUREMENT_MasterJustificationBook_Navy_PB_2020.zzz_unzipped-U_PROCUREMENT_MasterJustificationBook_Navy_PB_2020.xml","53454ed154816f70057095a6ea7a42707220b000004458bda908b6e9eea36312","0-38da4c2ee58e1ee806f7255c997cbd6a0749c310f8e1336182ab47a8438441e7","0-3b57695a0f6d38be2a1206ca1c713ed5f6d9f35801147b4256d2450950848449","root.record.ShipsExhibitList.P5ShipClass.CostElementCategories.HME.CostElementAnalysis.P35ItemList.P35Item"
"Tecnico","6","2016","CVN","73","2016-12","2021-08","1","4.647","C","CPFF","new","39","2017-11","","2020-BASE_PROCUREMENT-2020-NAVY_SHIPBUILDINGANDCOVERSION-U_PROCUREMENT_MasterJustificationBook_Navy_PB_2020.zzz_unzipped-U_PROCUREMENT_MasterJustificationBook_Navy_PB_2020.xml","53454ed154816f70057095a6ea7a42707220b000004458bda908b6e9eea36312","0-5bb6a89347eb0951c74c908ed18827dcf9de6c55963c75ac5a2e9400eadfee08","1-5caf84773b059fac8c0ec92d2df9aa1ee1249436a99d0421a58365a37a1f8e56","root.record.ShipsExhibitList.P5ShipClass.CostElementCategories.HME.CostElementAnalysis.P35ItemList.P35Item"
"TBD","6","2020","CVN","74","2021-04","2025-01","1","4.948","","","","39","2021-04","TBD","2020-BASE_PROCUREMENT-2020-NAVY_SHIPBUILDINGANDCOVERSION-U_PROCUREMENT_MasterJustificationBook_Navy_PB_2020.zzz_unzipped-U_PROCUREMENT_MasterJustificationBook_Navy_PB_2020.xml","53454ed154816f70057095a6ea7a42707220b000004458bda908b6e9eea36312","1-ce4704b632e2728888b23a2957b8b0a4519ae8b63045a967f30bb472f9e6c62e","1-5caf84773b059fac8c0ec92d2df9aa1ee1249436a99d0421a58365a37a1f8e56","root.record.ShipsExhibitList.P5ShipClass.CostElementCategories.HME.CostElementAnalysis.P35ItemList.P35Item"
"RIX Industries","12","2016","CVN","73","2015-02","2021-08","1","6.094","SS","IDIQ","option","51","2016-05","","2020-BASE_PROCUREMENT-2020-NAVY_SHIPBUILDINGANDCOVERSION-U_PROCUREMENT_MasterJustificationBook_Navy_PB_2020.zzz_unzipped-U_PROCUREMENT_MasterJustificationBook_Navy_PB_2020.xml","53454ed154816f70057095a6ea7a42707220b000004458bda908b6e9eea36312","0-fd20f09c1bdb083f8c3cb4cb1aa217e184faa4785e32ca48bfdf92810287de7a","2-120cbaf715a6db93ec0a678d94823d34f7b69795a75f0bd673dcedef41cfe6fc","root.record.ShipsExhibitList.P5ShipClass.CostElementCategories.HME.CostElementAnalysis.P35ItemList.P35Item"
"TBD","12","2020","CVN","74","2019-01","2025-01","1","6.699","","","","60","2019-01","TBD","2020-BASE_PROCUREMENT-2020-NAVY_SHIPBUILDINGANDCOVERSION-U_PROCUREMENT_MasterJustificationBook_Navy_PB_2020.zzz_unzipped-U_PROCUREMENT_MasterJustificationBook_Navy_PB_2020.xml","53454ed154816f70057095a6ea7a42707220b000004458bda908b6e9eea36312","1-cc85b8052f9dce23179c726cbc97d8e93beaf5900201ef3e602dd58695cb3d04","2-120cbaf715a6db93ec0a678d94823d34f7b69795a75f0bd673dcedef41cfe6fc","root.record.ShipsExhibitList.P5ShipClass.CostElementCategories.HME.CostElementAnalysis.P35ItemList.P35Item"
"Northrop Grumman Power/Control Systems","26","2016","CVN","73","2015-06","2021-08","1","4.340","C","FFP","option","47","2015-07","","2020-BASE_PROCUREMENT-2020-NAVY_SHIPBUILDINGANDCOVERSION-U_PROCUREMENT_MasterJustificationBook_Navy_PB_2020.zzz_unzipped-U_PROCUREMENT_MasterJustificationBook_Navy_PB_2020.xml","53454ed154816f70057095a6ea7a42707220b000004458bda908b6e9eea36312","0-416c0320a68f93ba0cebef9af15a36588bf984830ac0907d7a81b9708ba95a9c","3-75e72526cb61e0dbac390d3f3dcccf92d3627e36555955c8b1b18b67fb91f47b","root.record.ShipsExhibitList.P5ShipClass.CostElementCategories.HME.CostElementAnalysis.P35ItemList.P35Item"
"TBD","12","2020","CVN","74","2019-12","2025-01","1","3.546","","","","49","2019-12","TBD","2020-BASE_PROCUREMENT-2020-NAVY_SHIPBUILDINGANDCOVERSION-U_PROCUREMENT_MasterJustificationBook_Navy_PB_2020.zzz_unzipped-U_PROCUREMENT_MasterJustificationBook_Navy_PB_2020.xml","53454ed154816f70057095a6ea7a42707220b000004458bda908b6e9eea36312","0-3d80cb2135b2a93aef6bb8bfa346627c4e57e521a6ff326643295045a91481c5","4-00453ffc9d120c166c398dadbc47d8a075c90f02be29836e437434d91ba2e5d9","root.record.ShipsExhibitList.P5ShipClass.CostElementCategories.HME.CostElementAnalysis.P35ItemList.P35Item"
"Rolls-Royce","24","2007","DDG","1000","2007-03","2019-09","4","18.316","C","FFP","new","33","2014-12","","2020-BASE_PROCUREMENT-2020-NAVY_SHIPBUILDINGANDCOVERSION-U_PROCUREMENT_MasterJustificationBook_Navy_PB_2020.zzz_unzipped-U_PROCUREMENT_MasterJustificationBook_Navy_PB_2020.xml","fa505ec92f383fcc1ed15c617e66a7a22b7d4afe96a0183b867c4406bbfec040","0-bddd052c57e68350c85c1f1a134e2dd223f7f0e9a2f1d0dfc27b478089deb72c","0-b7dde489ebb6e344f9538f4a916278c3f16ae7081d1941bf699d41fe5f8a174d","root.record.ShipsExhibitList.P5ShipClass.CostElementCategories.HME.CostElementAnalysis.P35ItemList.P35Item"
"Rolls-Royce","24","2009","DDG","1002","2008-01","2022-09","2","19.706","C","FFP","option","33","2017-12","","2020-BASE_PROCUREMENT-2020-NAVY_SHIPBUILDINGANDCOVERSION-U_PROCUREMENT_MasterJustificationBook_Navy_PB_2020.zzz_unzipped-U_PROCUREMENT_MasterJustificationBook_Navy_PB_2020.xml","fa505ec92f383fcc1ed15c617e66a7a22b7d4afe96a0183b867c4406bbfec040","1-f07a0cf356ffcb3afde91881b93ddfea36f59cdb2e6cd29cb6ab2dbb5e776f95","0-b7dde489ebb6e344f9538f4a916278c3f16ae7081d1941bf699d41fe5f8a174d","root.record.ShipsExhibitList.P5ShipClass.CostElementCategories.HME.CostElementAnalysis.P35ItemList.P35Item"
"DRS","12","2018","DDG","128","2018-08","2024-10","2","4.899","C","FFP","option","31","2021-03","","2020-BASE_PROCUREMENT-2020-NAVY_SHIPBUILDINGANDCOVERSION-U_PROCUREMENT_MasterJustificationBook_Navy_PB_2020.zzz_unzipped-U_PROCUREMENT_MasterJustificationBook_Navy_PB_2020.xml","5f09bad83be8d9935dfb8fbbbac4473f946bb03e639a64a10be47789f49d0473","0-e5ff465755e49338dafa1f2bb1c582574a9dbf42376b9279feba7f82191d3b38","0-d43911643a5dd74cf012cd62fd3b20964c480c58ab53c428516d215172b8acab","root.record.ShipsExhibitList.P5ShipClass.CostElementCategories.HME.CostElementAnalysis.P35ItemList.P35Item"
"DRS","12","2019","DDG","130","2019-07","2025-07","3","4.997","C","FFP","option","31","2021-12","","2020-BASE_PROCUREMENT-2020-NAVY_SHIPBUILDINGANDCOVERSION-U_PROCUREMENT_MasterJustificationBook_Navy_PB_2020.zzz_unzipped-U_PROCUREMENT_MasterJustificationBook_Navy_PB_2020.xml","5f09bad83be8d9935dfb8fbbbac4473f946bb03e639a64a10be47789f49d0473","1-74051e17429a8196ac04e14af6426381bedf80e4ec3e87bc8d09cf7a8e1b7de7","0-d43911643a5dd74cf012cd62fd3b20964c480c58ab53c428516d215172b8acab","root.record.ShipsExhibitList.P5ShipClass.CostElementCategories.HME.CostElementAnalysis.P35ItemList.P35Item"
"DRS","12","2020","DDG","133","2020-07","2026-11","3","5.097","C","FFP","option","31","2023-04","","2020-BASE_PROCUREMENT-2020-NAVY_SHIPBUILDINGANDCOVERSION-U_PROCUREMENT_MasterJustificationBook_Navy_PB_2020.zzz_unzipped-U_PROCUREMENT_MasterJustificationBook_Navy_PB_2020.xml","5f09bad83be8d9935dfb8fbbbac4473f946bb03e639a64a10be47789f49d0473","2-0e5c0e44ec8698891b3070ae0966addd6910b32a326a2e04495db4d1eb6cfb59","0-d43911643a5dd74cf012cd62fd3b20964c480c58ab53c428516d215172b8acab","root.record.ShipsExhibitList.P5ShipClass.CostElementCategories.HME.CostElementAnalysis.P35ItemList.P35Item"
"TIMKEN","32","2018","DDG","128","2018-05","2024-10","2","34.216","C","FFP","option","32","2019-06","","2020-BASE_PROCUREMENT-2020-NAVY_SHIPBUILDINGANDCOVERSION-U_PROCUREMENT_MasterJustificationBook_Navy_PB_2020.zzz_unzipped-U_PROCUREMENT_MasterJustificationBook_Navy_PB_2020.xml","5f09bad83be8d9935dfb8fbbbac4473f946bb03e639a64a10be47789f49d0473","0-484ba0c904ee6f9355106b2a1053ff5195bf18f83f411642a9c7840b86241005","1-1f8d536963245dafefcd60101b1fe8eb5ded7c503b1d0928955ebb6536465993","root.record.ShipsExhibitList.P5ShipClass.CostElementCategories.HME.CostElementAnalysis.P35ItemList.P35Item"
"TIMKEN","32","2019","DDG","130","2019-03","2025-07","3","36.029","C","FFP","option","32","2020-03","","2020-BASE_PROCUREMENT-2020-NAVY_SHIPBUILDINGANDCOVERSION-U_PROCUREMENT_MasterJustificationBook_Navy_PB_2020.zzz_unzipped-U_PROCUREMENT_MasterJustificationBook_Navy_PB_2020.xml","5f09bad83be8d9935dfb8fbbbac4473f946bb03e639a64a10be47789f49d0473","1-80d20b1b6fbbfbbd48e1333f0a0cef13aea55eaa1e8e330a2faf4e740d0c3bd1","1-1f8d536963245dafefcd60101b1fe8eb5ded7c503b1d0928955ebb6536465993","root.record.ShipsExhibitList.P5ShipClass.CostElementCategories.HME.CostElementAnalysis.P35ItemList.P35Item"
"TIMKEN","32","2020","DDG","133","2020-03","2026-11","3","36.671","C","FFP","option","32","2021-07","","2020-BASE_PROCUREMENT-2020-NAVY_SHIPBUILDINGANDCOVERSION-U_PROCUREMENT_MasterJustificationBook_Navy_PB_2020.zzz_unzipped-U_PROCUREMENT_MasterJustificationBook_Navy_PB_2020.xml","5f09bad83be8d9935dfb8fbbbac4473f946bb03e639a64a10be47789f49d0473","2-37341b9c08286ef97728d73c591a2fea565363457153cc3f139494c155d3ecb3","1-1f8d536963245dafefcd60101b1fe8eb5ded7c503b1d0928955ebb6536465993","root.record.ShipsExhibitList.P5ShipClass.CostElementCategories.HME.CostElementAnalysis.P35ItemList.P35Item"
"INDAL","24","2020","FFG","1","2021-09","2026-07","1","4.163","SS","IDIQ","new","21","2022-10","","2020-BASE_PROCUREMENT-2020-NAVY_SHIPBUILDINGANDCOVERSION-U_PROCUREMENT_MasterJustificationBook_Navy_PB_2020.zzz_unzipped-U_PROCUREMENT_MasterJustificationBook_Navy_PB_2020.xml","e8fe4dd5e0be95240e0d086c5a917adf6e4464ec266a3ea1db82e27107e162d0","0-202b565719e38304ef2f0be86e5dd79882045b3beab768b4bb945e418f9558f1","0-32befe0e2ca84bf0dacc9c0e095e2003bec2f82fd649a910dcea14ca57ae98b5","root.record.ShipsExhibitList.P5ShipClass.CostElementCategories.HME.CostElementAnalysis.P35ItemList.P35Item"
"TBD","12","2020","FFG","1","TBD","2026-07","1","1.700","","","","40","2022-03","TBD","2020-BASE_PROCUREMENT-2020-NAVY_SHIPBUILDINGANDCOVERSION-U_PROCUREMENT_MasterJustificationBook_Navy_PB_2020.zzz_unzipped-U_PROCUREMENT_MasterJustificationBook_Navy_PB_2020.xml","e8fe4dd5e0be95240e0d086c5a917adf6e4464ec266a3ea1db82e27107e162d0","0-4edab5652fd1da460df50b13ab144e68d730225c2a1a9c3afea6af8337402206","1-1657fd21922f1744024207331aa3260f3f70a375a96e376794c06b32390c289f","root.record.ShipsExhibitList.P5ShipClass.CostElementCategories.HME.CostElementAnalysis.P35ItemList.P35Item"
