[
    {
        "FiscalYear_val": "2013",
        "PCOLocation_val": "See End Item P-5A",
        "AwardDate_val": "2012-12",
        "FirstDeliveryDate_val": "2012-12",
        "Quantity_val": "0",
        "UnitCost_val": "0",
        "FundingVehicle_val": "Various",
        "@SOURCE_FILENAME": "2013-BASE_PROCUREMENT-2013-ARMY_AIRCRAFT-JustificationBook_Army_PB_2013.zzz_unzipped-JustificationBook_Army_PB_2013.xml",
        "@RECORDID": "476bb125e872c0c70d28a29765f57e9cac786010a7a090c46cbccf23e3219f96",
        "@ROWID": "0-900b4594b95dd72522026f2ad18d83ee49c963e8f399d3fa3b2c46b6db23e0b4",
        "SpecsAvailableNow_val": "",
        "RFPIssueDate_val": "",
        "ContractMethod_val": "",
        "ContractType_val": "",
        "@PARENTROWID": "0-0ae67c84a38262f9440409712fead4a1f5dd178e6a24490f4a4a15f5611639e0",
        "@PARENT": "root.record.ItemExhibitList.P10AdvanceProcurementList.P10AdvanceProcurement.APCostElementCategoryList.Other.APCostElement"
    },
    {
        "FiscalYear_val": "2013",
        "PCOLocation_val": "See End Item P-5A",
        "AwardDate_val": "2012-12",
        "FirstDeliveryDate_val": "2012-12",
        "Quantity_val": "0",
        "UnitCost_val": "0",
        "FundingVehicle_val": "Various",
        "@SOURCE_FILENAME": "2013-BASE_PROCUREMENT-2013-ARMY_AIRCRAFT-JustificationBook_Army_PB_2013.zzz_unzipped-JustificationBook_Army_PB_2013.xml",
        "@RECORDID": "476bb125e872c0c70d28a29765f57e9cac786010a7a090c46cbccf23e3219f96",
        "@ROWID": "0-64a4e814a88d517484290fe010d291bbedf9cbe6e45ab6f9f80834d2b3233378",
        "SpecsAvailableNow_val": "",
        "RFPIssueDate_val": "",
        "ContractMethod_val": "",
        "ContractType_val": "",
        "@PARENTROWID": "1-6175362b286aa6fd0df53684133af0b8eb0cbae028bff203a28ec252f067d499",
        "@PARENT": "root.record.ItemExhibitList.P10AdvanceProcurementList.P10AdvanceProcurement.APCostElementCategoryList.Other.APCostElement"
    },
    {
        "FiscalYear_val": "2013",
        "PCOLocation_val": "See End Item P-5A",
        "AwardDate_val": "2012-12",
        "FirstDeliveryDate_val": "2012-12",
        "Quantity_val": "0",
        "UnitCost_val": "0",
        "FundingVehicle_val": "Various",
        "@SOURCE_FILENAME": "2013-BASE_PROCUREMENT-2013-ARMY_AIRCRAFT-JustificationBook_Army_PB_2013.zzz_unzipped-JustificationBook_Army_PB_2013.xml",
        "@RECORDID": "476bb125e872c0c70d28a29765f57e9cac786010a7a090c46cbccf23e3219f96",
        "@ROWID": "0-eb149c2d2f9a3813939d9d83682e160ce91be6e09cd3f7474ab5a4f807159758",
        "SpecsAvailableNow_val": "",
        "RFPIssueDate_val": "",
        "ContractMethod_val": "",
        "ContractType_val": "",
        "@PARENTROWID": "2-d03b0a4bec648a00bb84b86c457665bf35bc18db9bcabde7aae779e2b5f2e4db",
        "@PARENT": "root.record.ItemExhibitList.P10AdvanceProcurementList.P10AdvanceProcurement.APCostElementCategoryList.Other.APCostElement"
    },
    {
        "FiscalYear_val": "2013",
        "PCOLocation_val": "See End Item P-5A",
        "AwardDate_val": "2012-12",
        "FirstDeliveryDate_val": "2012-12",
        "Quantity_val": "0",
        "UnitCost_val": "0",
        "FundingVehicle_val": "Various",
        "@SOURCE_FILENAME": "2013-BASE_PROCUREMENT-2013-ARMY_AIRCRAFT-JustificationBook_Army_PB_2013.zzz_unzipped-JustificationBook_Army_PB_2013.xml",
        "@RECORDID": "476bb125e872c0c70d28a29765f57e9cac786010a7a090c46cbccf23e3219f96",
        "@ROWID": "0-40be5b8295580a781a6e28804ae5a2a102d9bde7a86b3f16a9e66db96d8da7fe",
        "SpecsAvailableNow_val": "",
        "RFPIssueDate_val": "",
        "ContractMethod_val": "",
        "ContractType_val": "",
        "@PARENTROWID": "3-c096ae0eca50f9e0743f88b3fd9fcd91fe9eeacf5dd3e370d8a2ce61e3de0c04",
        "@PARENT": "root.record.ItemExhibitList.P10AdvanceProcurementList.P10AdvanceProcurement.APCostElementCategoryList.Other.APCostElement"
    },
    {
        "FiscalYear_val": "2013",
        "PCOLocation_val": "See End Item P-5A",
        "AwardDate_val": "2012-12",
        "FirstDeliveryDate_val": "2012-12",
        "Quantity_val": "0",
        "UnitCost_val": "0",
        "FundingVehicle_val": "Various",
        "@SOURCE_FILENAME": "2013-BASE_PROCUREMENT-2013-ARMY_AIRCRAFT-JustificationBook_Army_PB_2013.zzz_unzipped-JustificationBook_Army_PB_2013.xml",
        "@RECORDID": "476bb125e872c0c70d28a29765f57e9cac786010a7a090c46cbccf23e3219f96",
        "@ROWID": "0-72767afd2444bc98f727d7ec22c26b8914ef295b3414f8bbdc0edd65e35abcd3",
        "SpecsAvailableNow_val": "",
        "RFPIssueDate_val": "",
        "ContractMethod_val": "",
        "ContractType_val": "",
        "@PARENTROWID": "4-140fb46f82ee87e88a71a0f31a24d318df4dcefc3906817172c2f3d59e3fb91c",
        "@PARENT": "root.record.ItemExhibitList.P10AdvanceProcurementList.P10AdvanceProcurement.APCostElementCategoryList.Other.APCostElement"
    },
    {
        "FiscalYear_val": "2013",
        "PCOLocation_val": "See End Item P-5A",
        "AwardDate_val": "2012-12",
        "FirstDeliveryDate_val": "2012-12",
        "Quantity_val": "0",
        "UnitCost_val": "0",
        "FundingVehicle_val": "Various",
        "@SOURCE_FILENAME": "2013-BASE_PROCUREMENT-2013-ARMY_AIRCRAFT-JustificationBook_Army_PB_2013.zzz_unzipped-JustificationBook_Army_PB_2013.xml",
        "@RECORDID": "476bb125e872c0c70d28a29765f57e9cac786010a7a090c46cbccf23e3219f96",
        "@ROWID": "0-06467f102feeb1b09c8edd70c23dbba12d500b6221b1873fdc51a27c8ab397fc",
        "SpecsAvailableNow_val": "",
        "RFPIssueDate_val": "",
        "ContractMethod_val": "",
        "ContractType_val": "",
        "@PARENTROWID": "5-20428e55315da7b6cb5e2f616da66bb7b5db798513f8172b6faf2aaf006fad1a",
        "@PARENT": "root.record.ItemExhibitList.P10AdvanceProcurementList.P10AdvanceProcurement.APCostElementCategoryList.Other.APCostElement"
    },
    {
        "FiscalYear_val": "2013",
        "PCOLocation_val": "See End Item P-5A",
        "AwardDate_val": "2012-12",
        "FirstDeliveryDate_val": "2012-12",
        "Quantity_val": "0",
        "UnitCost_val": "0",
        "FundingVehicle_val": "Various",
        "@SOURCE_FILENAME": "2013-BASE_PROCUREMENT-2013-ARMY_AIRCRAFT-JustificationBook_Army_PB_2013.zzz_unzipped-JustificationBook_Army_PB_2013.xml",
        "@RECORDID": "476bb125e872c0c70d28a29765f57e9cac786010a7a090c46cbccf23e3219f96",
        "@ROWID": "0-9039f0ca855c2a5d13b19882c29d3b0b37e7b885befb21133bec5b915356c4f7",
        "SpecsAvailableNow_val": "",
        "RFPIssueDate_val": "",
        "ContractMethod_val": "",
        "ContractType_val": "",
        "@PARENTROWID": "6-15afc158a80294855c9b970ad3be9254f1a0524866181ed798ef663809f76dcf",
        "@PARENT": "root.record.ItemExhibitList.P10AdvanceProcurementList.P10AdvanceProcurement.APCostElementCategoryList.Other.APCostElement"
    },
    {
        "FiscalYear_val": "2013",
        "PCOLocation_val": "See End Item P-5A",
        "AwardDate_val": "2012-12",
        "FirstDeliveryDate_val": "2012-12",
        "Quantity_val": "0",
        "UnitCost_val": "0",
        "FundingVehicle_val": "Various",
        "@SOURCE_FILENAME": "2013-BASE_PROCUREMENT-2013-ARMY_AIRCRAFT-JustificationBook_Army_PB_2013.zzz_unzipped-JustificationBook_Army_PB_2013.xml",
        "@RECORDID": "b4c6cf926d2b336db794238f2a4386bae34220d6a1901227d2ac2527ad9022b9",
        "@ROWID": "0-346c35a6165af07d057fe8b982b8b77f16e6be2301a87e3f6504ed9b2397c886",
        "SpecsAvailableNow_val": "",
        "RFPIssueDate_val": "",
        "ContractMethod_val": "",
        "ContractType_val": "",
        "@PARENTROWID": "0-e0211b8e056ce5199e83532954d9f6fb7622feb2734cccd530511d5f91b30692",
        "@PARENT": "root.record.ItemExhibitList.P10AdvanceProcurementList.P10AdvanceProcurement.APCostElementCategoryList.Other.APCostElement"
    },
    {
        "FiscalYear_val": "2013",
        "PCOLocation_val": "See End Item P-5A",
        "AwardDate_val": "2012-12",
        "FirstDeliveryDate_val": "2012-12",
        "Quantity_val": "0",
        "UnitCost_val": "0",
        "FundingVehicle_val": "Various",
        "@SOURCE_FILENAME": "2013-BASE_PROCUREMENT-2013-ARMY_AIRCRAFT-JustificationBook_Army_PB_2013.zzz_unzipped-JustificationBook_Army_PB_2013.xml",
        "@RECORDID": "b4c6cf926d2b336db794238f2a4386bae34220d6a1901227d2ac2527ad9022b9",
        "@ROWID": "0-2b4ac1c870f4c11a65e1ed70fa6faa3a0e9094c2b21bc9ff61091a3ebbabd61d",
        "SpecsAvailableNow_val": "",
        "RFPIssueDate_val": "",
        "ContractMethod_val": "",
        "ContractType_val": "",
        "@PARENTROWID": "1-9708aea343a154706a93363d7456481b83bc7de54f74114be539930cb5b5bcb6",
        "@PARENT": "root.record.ItemExhibitList.P10AdvanceProcurementList.P10AdvanceProcurement.APCostElementCategoryList.Other.APCostElement"
    },
    {
        "FiscalYear_val": "2013",
        "PCOLocation_val": "See End Item P-5A",
        "AwardDate_val": "2012-12",
        "FirstDeliveryDate_val": "2012-12",
        "Quantity_val": "0",
        "UnitCost_val": "0",
        "FundingVehicle_val": "Various",
        "@SOURCE_FILENAME": "2013-BASE_PROCUREMENT-2013-ARMY_AIRCRAFT-JustificationBook_Army_PB_2013.zzz_unzipped-JustificationBook_Army_PB_2013.xml",
        "@RECORDID": "955003074ccebc6720a490ded3729c9bdca8cc7b01fd76b92fbcec69828c544e",
        "@ROWID": "0-bc1270e28c5ffd7b3df88c744f7f991f59140e592893dc058ec7e96d0d7ccfca",
        "SpecsAvailableNow_val": "",
        "RFPIssueDate_val": "",
        "ContractMethod_val": "",
        "ContractType_val": "",
        "@PARENTROWID": "0-0bd0e803e5adb7eaf4e12f15a819a23bf8b09d33b2ccae1603c6a2b6309c35b3",
        "@PARENT": "root.record.ItemExhibitList.P10AdvanceProcurementList.P10AdvanceProcurement.APCostElementCategoryList.Other.APCostElement"
    },
    {
        "FiscalYear_val": "2013",
        "PCOLocation_val": "See End Item P-5A",
        "AwardDate_val": "2012-12",
        "FirstDeliveryDate_val": "2012-12",
        "Quantity_val": "0",
        "UnitCost_val": "0",
        "FundingVehicle_val": "Various",
        "@SOURCE_FILENAME": "2013-BASE_PROCUREMENT-2013-ARMY_AIRCRAFT-JustificationBook_Army_PB_2013.zzz_unzipped-JustificationBook_Army_PB_2013.xml",
        "@RECORDID": "dfa13d6ba9123d0f64c1462a9ea1e0b6ae62d2813da1972863d56a7001b06112",
        "@ROWID": "0-a134e2738337ff04af9ae64b537b400a537efd73e52d9f4edc8caf6d0767dd22",
        "SpecsAvailableNow_val": "",
        "RFPIssueDate_val": "",
        "ContractMethod_val": "",
        "ContractType_val": "",
        "@PARENTROWID": "0-d38bc2b541705d05acce064faa1339de544e9e8feb7e91a75275c1d7d64f18e7",
        "@PARENT": "root.record.ItemExhibitList.P10AdvanceProcurementList.P10AdvanceProcurement.APCostElementCategoryList.Other.APCostElement"
    },
    {
        "FiscalYear_val": "2013",
        "PCOLocation_val": "See End Item P-5A",
        "AwardDate_val": "2012-12",
        "FirstDeliveryDate_val": "2012-12",
        "Quantity_val": "0",
        "UnitCost_val": "0",
        "FundingVehicle_val": "Various",
        "@SOURCE_FILENAME": "2013-BASE_PROCUREMENT-2013-ARMY_MISSLE-JustificationBook_Army_PB_2013.zzz_unzipped-JustificationBook_Army_PB_2013.xml",
        "@RECORDID": "44b5bf338c622cc883179b29baa0eba496cc1459abebf2456f3403445a6c39e1",
        "@ROWID": "0-b9a19386b818d4688eeeec7056c8e071770f920a2669deafc5febad050ddae94",
        "SpecsAvailableNow_val": "",
        "RFPIssueDate_val": "",
        "ContractMethod_val": "",
        "ContractType_val": "",
        "@PARENTROWID": "0-fa6d2328a5013af706f00f52fac527819651e973ea1e8d596d80eeab2416bec1",
        "@PARENT": "root.record.ItemExhibitList.P10AdvanceProcurementList.P10AdvanceProcurement.APCostElementCategoryList.Other.APCostElement"
    },
    {
        "FiscalYear_val": "2013",
        "PCOLocation_val": "See End Item P-5A",
        "AwardDate_val": "2012-12",
        "FirstDeliveryDate_val": "2012-12",
        "Quantity_val": "0",
        "UnitCost_val": "0",
        "FundingVehicle_val": "Various",
        "@SOURCE_FILENAME": "2013-BASE_PROCUREMENT-2013-ARMY_MISSLE-JustificationBook_Army_PB_2013.zzz_unzipped-JustificationBook_Army_PB_2013.xml",
        "@RECORDID": "44b5bf338c622cc883179b29baa0eba496cc1459abebf2456f3403445a6c39e1",
        "@ROWID": "0-f61dcbe06201d5919f844097527eeb9d86b4a0ef7888137c1c1a0a0f83716c65",
        "SpecsAvailableNow_val": "",
        "RFPIssueDate_val": "",
        "ContractMethod_val": "",
        "ContractType_val": "",
        "@PARENTROWID": "1-f2c79ebd9f1e738c330d7facce2f6e1fbd41f8bc668d65c3b0ebc5c6c34e6d40",
        "@PARENT": "root.record.ItemExhibitList.P10AdvanceProcurementList.P10AdvanceProcurement.APCostElementCategoryList.Other.APCostElement"
    },
    {
        "FiscalYear_val": "2013",
        "PCOLocation_val": "See End Item P-5A",
        "AwardDate_val": "2012-12",
        "FirstDeliveryDate_val": "2012-12",
        "Quantity_val": "0",
        "UnitCost_val": "0",
        "FundingVehicle_val": "Various",
        "@SOURCE_FILENAME": "2013-BASE_PROCUREMENT-2013-ARMY_MISSLE-JustificationBook_Army_PB_2013.zzz_unzipped-JustificationBook_Army_PB_2013.xml",
        "@RECORDID": "44b5bf338c622cc883179b29baa0eba496cc1459abebf2456f3403445a6c39e1",
        "@ROWID": "0-1417cee907795032b89685672f2684a100733273152bcc63e5c30d2e08c1d920",
        "SpecsAvailableNow_val": "",
        "RFPIssueDate_val": "",
        "ContractMethod_val": "",
        "ContractType_val": "",
        "@PARENTROWID": "2-4e67e4dd80d949dd736cc59278d6df9848b223b0bfde4f2c8493ea45e3ba494c",
        "@PARENT": "root.record.ItemExhibitList.P10AdvanceProcurementList.P10AdvanceProcurement.APCostElementCategoryList.Other.APCostElement"
    },
    {
        "FiscalYear_val": "2013",
        "PCOLocation_val": "See End Item P-5A",
        "AwardDate_val": "2012-12",
        "FirstDeliveryDate_val": "2012-12",
        "Quantity_val": "0",
        "UnitCost_val": "0",
        "FundingVehicle_val": "Various",
        "@SOURCE_FILENAME": "2013-BASE_PROCUREMENT-2013-ARMY_MISSLE-JustificationBook_Army_PB_2013.zzz_unzipped-JustificationBook_Army_PB_2013.xml",
        "@RECORDID": "44b5bf338c622cc883179b29baa0eba496cc1459abebf2456f3403445a6c39e1",
        "@ROWID": "0-85c30087d04abb88753b268b29e9a191200bb0b71d41c546da30efddcb4c6f29",
        "SpecsAvailableNow_val": "",
        "RFPIssueDate_val": "",
        "ContractMethod_val": "",
        "ContractType_val": "",
        "@PARENTROWID": "3-e49fb614704b40340457e9b3de0003a07db7520802f002764959b14bb807b2dd",
        "@PARENT": "root.record.ItemExhibitList.P10AdvanceProcurementList.P10AdvanceProcurement.APCostElementCategoryList.Other.APCostElement"
    },
    {
        "FiscalYear_val": "2013",
        "PCOLocation_val": "See End Item P-5A",
        "AwardDate_val": "2012-12",
        "FirstDeliveryDate_val": "2012-12",
        "Quantity_val": "0",
        "UnitCost_val": "0",
        "FundingVehicle_val": "Various",
        "@SOURCE_FILENAME": "2013-BASE_PROCUREMENT-2013-ARMY_MISSLE-JustificationBook_Army_PB_2013.zzz_unzipped-JustificationBook_Army_PB_2013.xml",
        "@RECORDID": "44b5bf338c622cc883179b29baa0eba496cc1459abebf2456f3403445a6c39e1",
        "@ROWID": "0-48ad7bd5d81e99bbad1b6ee5c294c6d0485b73d3b4ca13e904c0b4012e138d0b",
        "SpecsAvailableNow_val": "",
        "RFPIssueDate_val": "",
        "ContractMethod_val": "",
        "ContractType_val": "",
        "@PARENTROWID": "4-3154dd4d450d53851c55f65b77b868bef7fcf106ea4e86826513a1d4fa060e9c",
        "@PARENT": "root.record.ItemExhibitList.P10AdvanceProcurementList.P10AdvanceProcurement.APCostElementCategoryList.Other.APCostElement"
    },
    {
        "FiscalYear_val": "2013",
        "PCOLocation_val": "See End Item P-5A",
        "AwardDate_val": "2012-12",
        "FirstDeliveryDate_val": "2012-12",
        "Quantity_val": "0",
        "UnitCost_val": "0",
        "FundingVehicle_val": "Various",
        "@SOURCE_FILENAME": "2013-BASE_PROCUREMENT-2013-ARMY_MISSLE-JustificationBook_Army_PB_2013.zzz_unzipped-JustificationBook_Army_PB_2013.xml",
        "@RECORDID": "44b5bf338c622cc883179b29baa0eba496cc1459abebf2456f3403445a6c39e1",
        "@ROWID": "0-d69357624a0a38ed56809cf9606bfed8f3d5ef1ac9e7679cb885bcb7ae329a0f",
        "SpecsAvailableNow_val": "",
        "RFPIssueDate_val": "",
        "ContractMethod_val": "",
        "ContractType_val": "",
        "@PARENTROWID": "5-e8b1a5858cec24de312d007bbd785393c4bf6329140cc5513525d8beba264058",
        "@PARENT": "root.record.ItemExhibitList.P10AdvanceProcurementList.P10AdvanceProcurement.APCostElementCategoryList.Other.APCostElement"
    },
    {
        "FiscalYear_val": "2013",
        "PCOLocation_val": "See End Item P-5A",
        "AwardDate_val": "2012-12",
        "FirstDeliveryDate_val": "2012-12",
        "Quantity_val": "0",
        "UnitCost_val": "0",
        "FundingVehicle_val": "Various",
        "@SOURCE_FILENAME": "2013-BASE_PROCUREMENT-2013-ARMY_MISSLE-JustificationBook_Army_PB_2013.zzz_unzipped-JustificationBook_Army_PB_2013.xml",
        "@RECORDID": "44b5bf338c622cc883179b29baa0eba496cc1459abebf2456f3403445a6c39e1",
        "@ROWID": "0-71e373a95fd74cd1e9e93bf01880d08dee17154756d86966067b1ca599e4b01d",
        "SpecsAvailableNow_val": "",
        "RFPIssueDate_val": "",
        "ContractMethod_val": "",
        "ContractType_val": "",
        "@PARENTROWID": "6-8ee38807907741e52bd03052cbf3e024851889a6ed408b677fbb3f696daceaba",
        "@PARENT": "root.record.ItemExhibitList.P10AdvanceProcurementList.P10AdvanceProcurement.APCostElementCategoryList.Other.APCostElement"
    },
    {
        "FiscalYear_val": "2013",
        "PCOLocation_val": "See End Item P-5A",
        "AwardDate_val": "2012-12",
        "FirstDeliveryDate_val": "2012-12",
        "Quantity_val": "0",
        "UnitCost_val": "0",
        "FundingVehicle_val": "Various",
        "@SOURCE_FILENAME": "2013-BASE_PROCUREMENT-2013-ARMY_MISSLE-JustificationBook_Army_PB_2013.zzz_unzipped-JustificationBook_Army_PB_2013.xml",
        "@RECORDID": "44b5bf338c622cc883179b29baa0eba496cc1459abebf2456f3403445a6c39e1",
        "@ROWID": "0-a7a9d2e5d73390e710ec924d6550f355703180b0d69986d6f9c67791afa534e5",
        "SpecsAvailableNow_val": "",
        "RFPIssueDate_val": "",
        "ContractMethod_val": "",
        "ContractType_val": "",
        "@PARENTROWID": "7-8802c880ff3dcf244c0d4600467a9b0a02ebb26e2ccd54dc0e4e462b505a9dec",
        "@PARENT": "root.record.ItemExhibitList.P10AdvanceProcurementList.P10AdvanceProcurement.APCostElementCategoryList.Other.APCostElement"
    },
    {
        "FiscalYear_val": "2010",
        "PCOLocation_val": "LAAFB, CA",
        "AwardDate_val": "2011-12",
        "FirstDeliveryDate_val": "2016-01",
        "Quantity_val": "2",
        "UnitCost_val": "40.000",
        "FundingVehicle_val": "",
        "@SOURCE_FILENAME": "2014-BASE_PROCUREMENT-2014-AIRFORCE_MISSILE-PROCUREMENT_JustificationBook_Air_Force_PB_2014.zzz_unzipped-PROCUREMENT_JustificationBook_Air_Force_PB_2014.xml",
        "@RECORDID": "28b13f43bf3c9204df28d14742096359999d135bd7377ce37d00969774dd7bc2",
        "@ROWID": "0-6de5c2df3c405efcc0124d555383c416ecbf7ecd97164836324a3460594b2a8a",
        "SpecsAvailableNow_val": "true",
        "RFPIssueDate_val": "2007-07",
        "ContractMethod_val": "C",
        "ContractType_val": "CPAF",
        "@PARENTROWID": "0-a1f7ced419322623bfaf14cb7cc96c9a247d70f4dcce6e52ab076813da1a6fc9",
        "@PARENT": "root.record.ItemExhibitList.P10AdvanceProcurementList.P10AdvanceProcurement.APCostElementCategoryList.Other.APCostElement"
    },
    {
        "FiscalYear_val": "2012",
        "PCOLocation_val": "LAAFB, CA",
        "AwardDate_val": "2013-04",
        "FirstDeliveryDate_val": "2017-01",
        "Quantity_val": "2",
        "UnitCost_val": "40.900",
        "FundingVehicle_val": "",
        "@SOURCE_FILENAME": "2014-BASE_PROCUREMENT-2014-AIRFORCE_MISSILE-PROCUREMENT_JustificationBook_Air_Force_PB_2014.zzz_unzipped-PROCUREMENT_JustificationBook_Air_Force_PB_2014.xml",
        "@RECORDID": "28b13f43bf3c9204df28d14742096359999d135bd7377ce37d00969774dd7bc2",
        "@ROWID": "1-05281ff2ce5c25354c065b49acb2c2b53e7b469cabb3dc3a204aa3c700f57244",
        "SpecsAvailableNow_val": "true",
        "RFPIssueDate_val": "2012-08",
        "ContractMethod_val": "SS",
        "ContractType_val": "FPIF",
        "@PARENTROWID": "0-a1f7ced419322623bfaf14cb7cc96c9a247d70f4dcce6e52ab076813da1a6fc9",
        "@PARENT": "root.record.ItemExhibitList.P10AdvanceProcurementList.P10AdvanceProcurement.APCostElementCategoryList.Other.APCostElement"
    },
    {
        "FiscalYear_val": "2013",
        "PCOLocation_val": "LAAFB, CA",
        "AwardDate_val": "2013-04",
        "FirstDeliveryDate_val": "2017-12",
        "Quantity_val": "2",
        "UnitCost_val": "41.308",
        "FundingVehicle_val": "",
        "@SOURCE_FILENAME": "2014-BASE_PROCUREMENT-2014-AIRFORCE_MISSILE-PROCUREMENT_JustificationBook_Air_Force_PB_2014.zzz_unzipped-PROCUREMENT_JustificationBook_Air_Force_PB_2014.xml",
        "@RECORDID": "28b13f43bf3c9204df28d14742096359999d135bd7377ce37d00969774dd7bc2",
        "@ROWID": "2-76bce8c692ae6075461ff5a0ece892a1a16aba282567fc45ecaac7de66911e33",
        "SpecsAvailableNow_val": "true",
        "RFPIssueDate_val": "2012-08",
        "ContractMethod_val": "SS",
        "ContractType_val": "FPIF",
        "@PARENTROWID": "0-a1f7ced419322623bfaf14cb7cc96c9a247d70f4dcce6e52ab076813da1a6fc9",
        "@PARENT": "root.record.ItemExhibitList.P10AdvanceProcurementList.P10AdvanceProcurement.APCostElementCategoryList.Other.APCostElement"
    },
    {
        "FiscalYear_val": "2010",
        "PCOLocation_val": "LAAFB, CA",
        "AwardDate_val": "2011-12",
        "FirstDeliveryDate_val": "2016-01",
        "Quantity_val": "2",
        "UnitCost_val": "40.000",
        "FundingVehicle_val": "",
        "@SOURCE_FILENAME": "2014-BASE_PROCUREMENT-2014-AIRFORCE_MISSILE-PROCUREMENT_MasterJustificationBook_Air_Force_PB_2014.zzz_unzipped-PROCUREMENT_MasterJustificationBook_Air_Force_PB_2014.xml",
        "@RECORDID": "31ec7c494a618c5a63595bbe52991efb65496a7f7586c39b1d78801b6a68b3e9",
        "@ROWID": "0-5e3700f2750cbedd760e0a3c44df59a9b1150c7feb3ee158f7aa249277d10df2",
        "SpecsAvailableNow_val": "true",
        "RFPIssueDate_val": "2007-07",
        "ContractMethod_val": "C",
        "ContractType_val": "CPAF",
        "@PARENTROWID": "0-559d5e2c3bce9793417c22f21bf3f78158ed55d776faa5419d757bb8ed487725",
        "@PARENT": "root.record.ItemExhibitList.P10AdvanceProcurementList.P10AdvanceProcurement.APCostElementCategoryList.Other.APCostElement"
    },
    {
        "FiscalYear_val": "2012",
        "PCOLocation_val": "LAAFB, CA",
        "AwardDate_val": "2013-04",
        "FirstDeliveryDate_val": "2017-01",
        "Quantity_val": "2",
        "UnitCost_val": "40.900",
        "FundingVehicle_val": "",
        "@SOURCE_FILENAME": "2014-BASE_PROCUREMENT-2014-AIRFORCE_MISSILE-PROCUREMENT_MasterJustificationBook_Air_Force_PB_2014.zzz_unzipped-PROCUREMENT_MasterJustificationBook_Air_Force_PB_2014.xml",
        "@RECORDID": "31ec7c494a618c5a63595bbe52991efb65496a7f7586c39b1d78801b6a68b3e9",
        "@ROWID": "1-150371531b66b2e18bb2db9721cd43ed8f4949970d0253da8e383ab27e1e16cc",
        "SpecsAvailableNow_val": "true",
        "RFPIssueDate_val": "2012-08",
        "ContractMethod_val": "SS",
        "ContractType_val": "FPIF",
        "@PARENTROWID": "0-559d5e2c3bce9793417c22f21bf3f78158ed55d776faa5419d757bb8ed487725",
        "@PARENT": "root.record.ItemExhibitList.P10AdvanceProcurementList.P10AdvanceProcurement.APCostElementCategoryList.Other.APCostElement"
    },
    {
        "FiscalYear_val": "2013",
        "PCOLocation_val": "LAAFB, CA",
        "AwardDate_val": "2013-04",
        "FirstDeliveryDate_val": "2017-12",
        "Quantity_val": "2",
        "UnitCost_val": "41.308",
        "FundingVehicle_val": "",
        "@SOURCE_FILENAME": "2014-BASE_PROCUREMENT-2014-AIRFORCE_MISSILE-PROCUREMENT_MasterJustificationBook_Air_Force_PB_2014.zzz_unzipped-PROCUREMENT_MasterJustificationBook_Air_Force_PB_2014.xml",
        "@RECORDID": "31ec7c494a618c5a63595bbe52991efb65496a7f7586c39b1d78801b6a68b3e9",
        "@ROWID": "2-f9a185d613e3c841f8540487342ae872089b4f38832fe7c0625f5cd60862fe40",
        "SpecsAvailableNow_val": "true",
        "RFPIssueDate_val": "2012-08",
        "ContractMethod_val": "SS",
        "ContractType_val": "FPIF",
        "@PARENTROWID": "0-559d5e2c3bce9793417c22f21bf3f78158ed55d776faa5419d757bb8ed487725",
        "@PARENT": "root.record.ItemExhibitList.P10AdvanceProcurementList.P10AdvanceProcurement.APCostElementCategoryList.Other.APCostElement"
    },
    {
        "FiscalYear_val": "2014",
        "PCOLocation_val": "See End Item P-5A",
        "AwardDate_val": "2012-12",
        "FirstDeliveryDate_val": "2014-06",
        "Quantity_val": "0",
        "UnitCost_val": "0",
        "FundingVehicle_val": "Various",
        "@SOURCE_FILENAME": "2014-BASE_PROCUREMENT-2014-ARMY_AIRCRAFT-PROCUREMENT_JustificationBook_Army_PB_2014.zzz_unzipped-PROCUREMENT_JustificationBook_Army_PB_2014.xml",
        "@RECORDID": "7b0e042c590ce405a57c1295b031ef39e4d24d939a6d52403326836355b691c2",
        "@ROWID": "0-c34b9d4c3ced5c38bf5768decd803d39f64bbefef8d56d969be1ef943dca203a",
        "SpecsAvailableNow_val": "",
        "RFPIssueDate_val": "",
        "ContractMethod_val": "",
        "ContractType_val": "",
        "@PARENTROWID": "0-936934fa924d3c58958bfd6f32388cb3629ffc2b524e8143350b38076619b86c",
        "@PARENT": "root.record.ItemExhibitList.P10AdvanceProcurementList.P10AdvanceProcurement.APCostElementCategoryList.Other.APCostElement"
    },
    {
        "FiscalYear_val": "2014",
        "PCOLocation_val": "See End Item P-5A",
        "AwardDate_val": "2012-12",
        "FirstDeliveryDate_val": "2013-06",
        "Quantity_val": "0",
        "UnitCost_val": "0",
        "FundingVehicle_val": "Various",
        "@SOURCE_FILENAME": "2014-BASE_PROCUREMENT-2014-ARMY_AIRCRAFT-PROCUREMENT_JustificationBook_Army_PB_2014.zzz_unzipped-PROCUREMENT_JustificationBook_Army_PB_2014.xml",
        "@RECORDID": "7b0e042c590ce405a57c1295b031ef39e4d24d939a6d52403326836355b691c2",
        "@ROWID": "0-1447d7aa3bd5448298bd049072b87270f9ccdf5996d664751cb4e0c52b4edff8",
        "SpecsAvailableNow_val": "",
        "RFPIssueDate_val": "",
        "ContractMethod_val": "",
        "ContractType_val": "",
        "@PARENTROWID": "1-79c623fb27bd423d3b2c85fca945024cb237cba7b47e18fa7ec6606284bef06f",
        "@PARENT": "root.record.ItemExhibitList.P10AdvanceProcurementList.P10AdvanceProcurement.APCostElementCategoryList.Other.APCostElement"
    },
    {
        "FiscalYear_val": "2014",
        "PCOLocation_val": "See End Item P-5A",
        "AwardDate_val": "2012-12",
        "FirstDeliveryDate_val": "2014-02",
        "Quantity_val": "0",
        "UnitCost_val": "0",
        "FundingVehicle_val": "Various",
        "@SOURCE_FILENAME": "2014-BASE_PROCUREMENT-2014-ARMY_AIRCRAFT-PROCUREMENT_JustificationBook_Army_PB_2014.zzz_unzipped-PROCUREMENT_JustificationBook_Army_PB_2014.xml",
        "@RECORDID": "7b0e042c590ce405a57c1295b031ef39e4d24d939a6d52403326836355b691c2",
        "@ROWID": "0-aea2fb260fca0cf989ac459cb0abe3653f21eabc93be5bbf676cf82bcfeb1e43",
        "SpecsAvailableNow_val": "",
        "RFPIssueDate_val": "",
        "ContractMethod_val": "",
        "ContractType_val": "",
        "@PARENTROWID": "2-f02a716c307fa85a205d0e86d509dc0baa51899b18f300d2c54fba28482a8f07",
        "@PARENT": "root.record.ItemExhibitList.P10AdvanceProcurementList.P10AdvanceProcurement.APCostElementCategoryList.Other.APCostElement"
    },
    {
        "FiscalYear_val": "2014",
        "PCOLocation_val": "See End Item P-5A",
        "AwardDate_val": "2012-12",
        "FirstDeliveryDate_val": "2013-12",
        "Quantity_val": "0",
        "UnitCost_val": "0",
        "FundingVehicle_val": "Various",
        "@SOURCE_FILENAME": "2014-BASE_PROCUREMENT-2014-ARMY_AIRCRAFT-PROCUREMENT_JustificationBook_Army_PB_2014.zzz_unzipped-PROCUREMENT_JustificationBook_Army_PB_2014.xml",
        "@RECORDID": "7b0e042c590ce405a57c1295b031ef39e4d24d939a6d52403326836355b691c2",
        "@ROWID": "0-cb184dc9d7c19d18e8741085e503e254da756a5a686268e3c9a20e55fbb32af8",
        "SpecsAvailableNow_val": "",
        "RFPIssueDate_val": "",
        "ContractMethod_val": "",
        "ContractType_val": "",
        "@PARENTROWID": "3-d8391dc06f73fdd6cf925a76acb7ad03fa47f12d36ce091418942cc151a4a36a",
        "@PARENT": "root.record.ItemExhibitList.P10AdvanceProcurementList.P10AdvanceProcurement.APCostElementCategoryList.Other.APCostElement"
    },
    {
        "FiscalYear_val": "2014",
        "PCOLocation_val": "See End Item P-5A",
        "AwardDate_val": "2012-12",
        "FirstDeliveryDate_val": "2013-09",
        "Quantity_val": "0",
        "UnitCost_val": "0",
        "FundingVehicle_val": "Various",
        "@SOURCE_FILENAME": "2014-BASE_PROCUREMENT-2014-ARMY_AIRCRAFT-PROCUREMENT_JustificationBook_Army_PB_2014.zzz_unzipped-PROCUREMENT_JustificationBook_Army_PB_2014.xml",
        "@RECORDID": "7b0e042c590ce405a57c1295b031ef39e4d24d939a6d52403326836355b691c2",
        "@ROWID": "0-f44d38c37d35c564ba1e02b36afafa5540f1f5a098270b6af38157e2d3a4d6cf",
        "SpecsAvailableNow_val": "",
        "RFPIssueDate_val": "",
        "ContractMethod_val": "",
        "ContractType_val": "",
        "@PARENTROWID": "4-9e59ed72a22a3a099ab578ceb3a0337d5eae9e1cf1ca77d603ab36ee4ce0e4b2",
        "@PARENT": "root.record.ItemExhibitList.P10AdvanceProcurementList.P10AdvanceProcurement.APCostElementCategoryList.Other.APCostElement"
    },
    {
        "FiscalYear_val": "2014",
        "PCOLocation_val": "See End Item P-5A",
        "AwardDate_val": "2012-12",
        "FirstDeliveryDate_val": "2014-02",
        "Quantity_val": "0",
        "UnitCost_val": "0",
        "FundingVehicle_val": "Various",
        "@SOURCE_FILENAME": "2014-BASE_PROCUREMENT-2014-ARMY_AIRCRAFT-PROCUREMENT_JustificationBook_Army_PB_2014.zzz_unzipped-PROCUREMENT_JustificationBook_Army_PB_2014.xml",
        "@RECORDID": "7b0e042c590ce405a57c1295b031ef39e4d24d939a6d52403326836355b691c2",
        "@ROWID": "0-a35cd6974d8e7af93554022be12e7cd9faeab48885ff93565bc96e37cf35ed33",
        "SpecsAvailableNow_val": "",
        "RFPIssueDate_val": "",
        "ContractMethod_val": "",
        "ContractType_val": "",
        "@PARENTROWID": "5-72e3b14445cef626511caee2b4520c1ca76ba219c8c2bd18b8bcdedce6978b5c",
        "@PARENT": "root.record.ItemExhibitList.P10AdvanceProcurementList.P10AdvanceProcurement.APCostElementCategoryList.Other.APCostElement"
    },
    {
        "FiscalYear_val": "2014",
        "PCOLocation_val": "See End Item P-5A",
        "AwardDate_val": "2012-12",
        "FirstDeliveryDate_val": "2013-12",
        "Quantity_val": "0",
        "UnitCost_val": "0",
        "FundingVehicle_val": "Various",
        "@SOURCE_FILENAME": "2014-BASE_PROCUREMENT-2014-ARMY_AIRCRAFT-PROCUREMENT_JustificationBook_Army_PB_2014.zzz_unzipped-PROCUREMENT_JustificationBook_Army_PB_2014.xml",
        "@RECORDID": "7b0e042c590ce405a57c1295b031ef39e4d24d939a6d52403326836355b691c2",
        "@ROWID": "0-df1780dd630eceac97d61801cef05f9289f33d5dad7caa14024afffc63f04f15",
        "SpecsAvailableNow_val": "",
        "RFPIssueDate_val": "",
        "ContractMethod_val": "",
        "ContractType_val": "",
        "@PARENTROWID": "6-6bcc26115c85f99bfb6501929659c460edf4227d8f7201417b9e2207a8c1c592",
        "@PARENT": "root.record.ItemExhibitList.P10AdvanceProcurementList.P10AdvanceProcurement.APCostElementCategoryList.Other.APCostElement"
    },
    {
        "FiscalYear_val": "2014",
        "PCOLocation_val": "See End Item P-5A",
        "AwardDate_val": "2012-12",
        "FirstDeliveryDate_val": "2014-03",
        "Quantity_val": "0",
        "UnitCost_val": "0",
        "FundingVehicle_val": "Various",
        "@SOURCE_FILENAME": "2014-BASE_PROCUREMENT-2014-ARMY_AIRCRAFT-PROCUREMENT_JustificationBook_Army_PB_2014.zzz_unzipped-PROCUREMENT_JustificationBook_Army_PB_2014.xml",
        "@RECORDID": "f2eca1f3b9094e951071cc5a2831f6cd0cab47104fb28c44bc25e46f6032dac6",
        "@ROWID": "0-f376014cfb7fff227295c84331b2e64f678e8c9a82a81d8942f122a2284f34dc",
        "SpecsAvailableNow_val": "",
        "RFPIssueDate_val": "",
        "ContractMethod_val": "",
        "ContractType_val": "",
        "@PARENTROWID": "0-5e5614ff39e89f449df2925e2d5bef4c3cd1784c5945a1318312850b1a6bb999",
        "@PARENT": "root.record.ItemExhibitList.P10AdvanceProcurementList.P10AdvanceProcurement.APCostElementCategoryList.Other.APCostElement"
    },
    {
        "FiscalYear_val": "2014",
        "PCOLocation_val": "See End Item P-5A",
        "AwardDate_val": "2012-12",
        "FirstDeliveryDate_val": "2014-01",
        "Quantity_val": "0",
        "UnitCost_val": "0",
        "FundingVehicle_val": "Various",
        "@SOURCE_FILENAME": "2014-BASE_PROCUREMENT-2014-ARMY_AIRCRAFT-PROCUREMENT_JustificationBook_Army_PB_2014.zzz_unzipped-PROCUREMENT_JustificationBook_Army_PB_2014.xml",
        "@RECORDID": "f2eca1f3b9094e951071cc5a2831f6cd0cab47104fb28c44bc25e46f6032dac6",
        "@ROWID": "0-426383d33a090bd6b1ee328354dc967af4bbeeb11e03f5b7275b293accc9a359",
        "SpecsAvailableNow_val": "",
        "RFPIssueDate_val": "",
        "ContractMethod_val": "",
        "ContractType_val": "",
        "@PARENTROWID": "1-85cef180f214355e0907e945acc1405e5d47a72d46285540928fb817754c1c16",
        "@PARENT": "root.record.ItemExhibitList.P10AdvanceProcurementList.P10AdvanceProcurement.APCostElementCategoryList.Other.APCostElement"
    },
    {
        "FiscalYear_val": "2014",
        "PCOLocation_val": "See End Item P-5A",
        "AwardDate_val": "2012-12",
        "FirstDeliveryDate_val": "2013-12",
        "Quantity_val": "0",
        "UnitCost_val": "0",
        "FundingVehicle_val": "Various",
        "@SOURCE_FILENAME": "2014-BASE_PROCUREMENT-2014-ARMY_AIRCRAFT-PROCUREMENT_JustificationBook_Army_PB_2014.zzz_unzipped-PROCUREMENT_JustificationBook_Army_PB_2014.xml",
        "@RECORDID": "505bb9c0650d62e47256e89a947fe0a2db8054ad7478ffb7dac2dff3cb5db36a",
        "@ROWID": "0-0d3b7ed06f8b81ff5f6294b05204d2ea95c0d28b75f500889013ddedd59d1074",
        "SpecsAvailableNow_val": "",
        "RFPIssueDate_val": "",
        "ContractMethod_val": "",
        "ContractType_val": "",
        "@PARENTROWID": "0-3396e6267bb0bbbcb5faee2f1334ef41aa4296c0aea5fab1c7fab93ffb1a3a59",
        "@PARENT": "root.record.ItemExhibitList.P10AdvanceProcurementList.P10AdvanceProcurement.APCostElementCategoryList.Other.APCostElement"
    },
    {
        "FiscalYear_val": "2014",
        "PCOLocation_val": "See End Item P-5A",
        "AwardDate_val": "2012-12",
        "FirstDeliveryDate_val": "2013-12",
        "Quantity_val": "0",
        "UnitCost_val": "0",
        "FundingVehicle_val": "Various",
        "@SOURCE_FILENAME": "2014-BASE_PROCUREMENT-2014-ARMY_AIRCRAFT-PROCUREMENT_JustificationBook_Army_PB_2014.zzz_unzipped-PROCUREMENT_JustificationBook_Army_PB_2014.xml",
        "@RECORDID": "c2307d18e17285b5bec7291f832a2f0bc27b4ca3a55beda1acf55e21fa9af32f",
        "@ROWID": "0-c15912e8744c6d69e2699fb6718873fc080473d71b283879787b12616e3db48d",
        "SpecsAvailableNow_val": "",
        "RFPIssueDate_val": "",
        "ContractMethod_val": "",
        "ContractType_val": "",
        "@PARENTROWID": "0-ed9c86fad474a4d4a72b668a530e892ce5d309a2862f51c21944f3f29c695634",
        "@PARENT": "root.record.ItemExhibitList.P10AdvanceProcurementList.P10AdvanceProcurement.APCostElementCategoryList.Other.APCostElement"
    },
    {
        "FiscalYear_val": "2014",
        "PCOLocation_val": "See End Item P-5A",
        "AwardDate_val": "2012-12",
        "FirstDeliveryDate_val": "2014-07",
        "Quantity_val": "0",
        "UnitCost_val": "0",
        "FundingVehicle_val": "Various",
        "@SOURCE_FILENAME": "2014-BASE_PROCUREMENT-2014-ARMY_MISSLE-PROCUREMENT_JustificationBook_Army_PB_2014.zzz_unzipped-PROCUREMENT_JustificationBook_Army_PB_2014.xml",
        "@RECORDID": "632923aba4f894b93ed59073a73341bca371b2e639597c1b17bf5525e8823170",
        "@ROWID": "0-69a2ef16181ff3536c5a467297f5ac591fa1a3dea711ab029b76b7257c6b8468",
        "SpecsAvailableNow_val": "",
        "RFPIssueDate_val": "",
        "ContractMethod_val": "",
        "ContractType_val": "",
        "@PARENTROWID": "0-c20aaa3aecfdb79739443096dd023254ca9e31e69293aa1aa1f2e46d3fc5714a",
        "@PARENT": "root.record.ItemExhibitList.P10AdvanceProcurementList.P10AdvanceProcurement.APCostElementCategoryList.Other.APCostElement"
    },
    {
        "FiscalYear_val": "2014",
        "PCOLocation_val": "See End Item P-5A",
        "AwardDate_val": "2012-12",
        "FirstDeliveryDate_val": "2014-02",
        "Quantity_val": "0",
        "UnitCost_val": "0",
        "FundingVehicle_val": "Various",
        "@SOURCE_FILENAME": "2014-BASE_PROCUREMENT-2014-ARMY_MISSLE-PROCUREMENT_JustificationBook_Army_PB_2014.zzz_unzipped-PROCUREMENT_JustificationBook_Army_PB_2014.xml",
        "@RECORDID": "632923aba4f894b93ed59073a73341bca371b2e639597c1b17bf5525e8823170",
        "@ROWID": "0-6cd14ca4ee49c483c95a433c1614e4babd1c4abd8787457d7fbdc9de6caa24ca",
        "SpecsAvailableNow_val": "",
        "RFPIssueDate_val": "",
        "ContractMethod_val": "",
        "ContractType_val": "",
        "@PARENTROWID": "1-6cf068a23737b0f84e7f9baf17203a99863da72c19aaccca083c3f58df00e532",
        "@PARENT": "root.record.ItemExhibitList.P10AdvanceProcurementList.P10AdvanceProcurement.APCostElementCategoryList.Other.APCostElement"
    },
    {
        "FiscalYear_val": "2014",
        "PCOLocation_val": "See End Item P-5A",
        "AwardDate_val": "2012-12",
        "FirstDeliveryDate_val": "2013-12",
        "Quantity_val": "0",
        "UnitCost_val": "0",
        "FundingVehicle_val": "Various",
        "@SOURCE_FILENAME": "2014-BASE_PROCUREMENT-2014-ARMY_MISSLE-PROCUREMENT_JustificationBook_Army_PB_2014.zzz_unzipped-PROCUREMENT_JustificationBook_Army_PB_2014.xml",
        "@RECORDID": "632923aba4f894b93ed59073a73341bca371b2e639597c1b17bf5525e8823170",
        "@ROWID": "0-35761c5833fab4c341b39a88a91985005d2fa150a448b306eb340e35495204b4",
        "SpecsAvailableNow_val": "",
        "RFPIssueDate_val": "",
        "ContractMethod_val": "",
        "ContractType_val": "",
        "@PARENTROWID": "2-fa8cc34a4fd1a3fe237e9bc0f395eeead48aeee8996507d856f6ea761c54b06f",
        "@PARENT": "root.record.ItemExhibitList.P10AdvanceProcurementList.P10AdvanceProcurement.APCostElementCategoryList.Other.APCostElement"
    },
    {
        "FiscalYear_val": "2014",
        "PCOLocation_val": "See End Item P-5A",
        "AwardDate_val": "2012-12",
        "FirstDeliveryDate_val": "2014-06",
        "Quantity_val": "0",
        "UnitCost_val": "0",
        "FundingVehicle_val": "Various",
        "@SOURCE_FILENAME": "2014-BASE_PROCUREMENT-2014-ARMY_MISSLE-PROCUREMENT_JustificationBook_Army_PB_2014.zzz_unzipped-PROCUREMENT_JustificationBook_Army_PB_2014.xml",
        "@RECORDID": "632923aba4f894b93ed59073a73341bca371b2e639597c1b17bf5525e8823170",
        "@ROWID": "0-71127ea6c61bbd0f9656ff96be97504d18effde98b38e50b3909400564d1d6de",
        "SpecsAvailableNow_val": "",
        "RFPIssueDate_val": "",
        "ContractMethod_val": "",
        "ContractType_val": "",
        "@PARENTROWID": "3-60cb4f557252a711b5cfa85decc5835cf566b7e257f8318f7095ea517fc1a6c2",
        "@PARENT": "root.record.ItemExhibitList.P10AdvanceProcurementList.P10AdvanceProcurement.APCostElementCategoryList.Other.APCostElement"
    },
    {
        "FiscalYear_val": "2014",
        "PCOLocation_val": "See End Item P-5A",
        "AwardDate_val": "2012-12",
        "FirstDeliveryDate_val": "2014-01",
        "Quantity_val": "0",
        "UnitCost_val": "0",
        "FundingVehicle_val": "Various",
        "@SOURCE_FILENAME": "2014-BASE_PROCUREMENT-2014-ARMY_MISSLE-PROCUREMENT_JustificationBook_Army_PB_2014.zzz_unzipped-PROCUREMENT_JustificationBook_Army_PB_2014.xml",
        "@RECORDID": "632923aba4f894b93ed59073a73341bca371b2e639597c1b17bf5525e8823170",
        "@ROWID": "0-f57a38af47c3d2e321bae76301153bec1602316688d645ccff0e8a3c13283704",
        "SpecsAvailableNow_val": "",
        "RFPIssueDate_val": "",
        "ContractMethod_val": "",
        "ContractType_val": "",
        "@PARENTROWID": "4-a34097a5a470061ba3a3494df75856e949bf9c9bd36b6d5828879177e268a517",
        "@PARENT": "root.record.ItemExhibitList.P10AdvanceProcurementList.P10AdvanceProcurement.APCostElementCategoryList.Other.APCostElement"
    },
    {
        "FiscalYear_val": "2014",
        "PCOLocation_val": "See End Item P-5A",
        "AwardDate_val": "2012-12",
        "FirstDeliveryDate_val": "2013-10",
        "Quantity_val": "0",
        "UnitCost_val": "0",
        "FundingVehicle_val": "Various",
        "@SOURCE_FILENAME": "2014-BASE_PROCUREMENT-2014-ARMY_MISSLE-PROCUREMENT_JustificationBook_Army_PB_2014.zzz_unzipped-PROCUREMENT_JustificationBook_Army_PB_2014.xml",
        "@RECORDID": "632923aba4f894b93ed59073a73341bca371b2e639597c1b17bf5525e8823170",
        "@ROWID": "0-3103ba090bde825c184426a40c399c5a76e039749cc28aec95649dfb5029965d",
        "SpecsAvailableNow_val": "",
        "RFPIssueDate_val": "",
        "ContractMethod_val": "",
        "ContractType_val": "",
        "@PARENTROWID": "5-df57b3e0da348b5ff51769b6145d2b7e10c4e5acc3026b66e5a54cc0c874a145",
        "@PARENT": "root.record.ItemExhibitList.P10AdvanceProcurementList.P10AdvanceProcurement.APCostElementCategoryList.Other.APCostElement"
    },
    {
        "FiscalYear_val": "2014",
        "PCOLocation_val": "See End Item P-5A",
        "AwardDate_val": "2012-12",
        "FirstDeliveryDate_val": "2014-01",
        "Quantity_val": "0",
        "UnitCost_val": "0",
        "FundingVehicle_val": "Various",
        "@SOURCE_FILENAME": "2014-BASE_PROCUREMENT-2014-ARMY_MISSLE-PROCUREMENT_JustificationBook_Army_PB_2014.zzz_unzipped-PROCUREMENT_JustificationBook_Army_PB_2014.xml",
        "@RECORDID": "632923aba4f894b93ed59073a73341bca371b2e639597c1b17bf5525e8823170",
        "@ROWID": "0-a8a81d3f110a112c10f1134f508d786a4dd548fe08e764dc8b8e6e667c95313f",
        "SpecsAvailableNow_val": "",
        "RFPIssueDate_val": "",
        "ContractMethod_val": "",
        "ContractType_val": "",
        "@PARENTROWID": "6-8e98bf875faf4d53566575fb90c1b694e5e6c4d5ccdf0979995b0e7331d7762e",
        "@PARENT": "root.record.ItemExhibitList.P10AdvanceProcurementList.P10AdvanceProcurement.APCostElementCategoryList.Other.APCostElement"
    },
    {
        "FiscalYear_val": "2014",
        "PCOLocation_val": "See End Item P-5A",
        "AwardDate_val": "2012-12",
        "FirstDeliveryDate_val": "2013-11",
        "Quantity_val": "0",
        "UnitCost_val": "0",
        "FundingVehicle_val": "Various",
        "@SOURCE_FILENAME": "2014-BASE_PROCUREMENT-2014-ARMY_MISSLE-PROCUREMENT_JustificationBook_Army_PB_2014.zzz_unzipped-PROCUREMENT_JustificationBook_Army_PB_2014.xml",
        "@RECORDID": "632923aba4f894b93ed59073a73341bca371b2e639597c1b17bf5525e8823170",
        "@ROWID": "0-f309fcf4e1d87b79229d5bbbf478bb3c1c03fc4602970e45bf8e76af71620bb3",
        "SpecsAvailableNow_val": "",
        "RFPIssueDate_val": "",
        "ContractMethod_val": "",
        "ContractType_val": "",
        "@PARENTROWID": "7-3f3764c20751d0a8ab62fc93e0018297a06ca7cce549928ccc7b7bbda5700939",
        "@PARENT": "root.record.ItemExhibitList.P10AdvanceProcurementList.P10AdvanceProcurement.APCostElementCategoryList.Other.APCostElement"
    },
    {
        "FiscalYear_val": "2014",
        "PCOLocation_val": "See End Item P-5A",
        "AwardDate_val": "2012-12",
        "FirstDeliveryDate_val": "2013-12",
        "Quantity_val": "0",
        "UnitCost_val": "0",
        "FundingVehicle_val": "Various",
        "@SOURCE_FILENAME": "2014-AMENDED_PROCUREMENT_AND_RDTE-2014-ARMY-PROCUREMENT_JustificationBook_Army_PBAmended_2014_APA.zzz_unzipped-PROCUREMENT_JustificationBook_Army_PBAmended_2014.xml",
        "@RECORDID": "53aa239ed160d6e353e7923c5e8a04d1e17b5ccc46ba915655778b07e93a9058",
        "@ROWID": "0-b233dbc035d4a63c982a19411e315e982a6e2e52be6b093e13b3c09447f64067",
        "SpecsAvailableNow_val": "",
        "RFPIssueDate_val": "",
        "ContractMethod_val": "",
        "ContractType_val": "",
        "@PARENTROWID": "0-eee40d0e959ccdd3ac1c3425c2cbf38df777cb2fef76b9aec4653d95d556d2a3",
        "@PARENT": "root.record.ItemExhibitList.P10AdvanceProcurementList.P10AdvanceProcurement.APCostElementCategoryList.Other.APCostElement"
    },
    {
        "FiscalYear_val": "2014",
        "PCOLocation_val": "See End Item P-5A",
        "AwardDate_val": "2012-12",
        "FirstDeliveryDate_val": "2014-03",
        "Quantity_val": "0",
        "UnitCost_val": "0",
        "FundingVehicle_val": "Various",
        "@SOURCE_FILENAME": "2014-AMENDED_PROCUREMENT_AND_RDTE-2014-ARMY-PROCUREMENT_JustificationBook_Army_PBAmended_2014_APA.zzz_unzipped-PROCUREMENT_JustificationBook_Army_PBAmended_2014.xml",
        "@RECORDID": "31ce47de87c8301c9fbe28a62251bab8c03638c577fb670f2b5d6e8131865665",
        "@ROWID": "0-36a583bc4f954b3a8c4d84a50bbd1edf7cef774ee42f2e42f8f78926e5ca4285",
        "SpecsAvailableNow_val": "",
        "RFPIssueDate_val": "",
        "ContractMethod_val": "",
        "ContractType_val": "",
        "@PARENTROWID": "0-afb9c731f68eeaedc73f959232cf0f7e04013cc6d490c02117cf5d3c860d5a3a",
        "@PARENT": "root.record.ItemExhibitList.P10AdvanceProcurementList.P10AdvanceProcurement.APCostElementCategoryList.Other.APCostElement"
    },
    {
        "FiscalYear_val": "2014",
        "PCOLocation_val": "See End Item P-5A",
        "AwardDate_val": "2012-12",
        "FirstDeliveryDate_val": "2014-01",
        "Quantity_val": "0",
        "UnitCost_val": "0",
        "FundingVehicle_val": "Various",
        "@SOURCE_FILENAME": "2014-AMENDED_PROCUREMENT_AND_RDTE-2014-ARMY-PROCUREMENT_JustificationBook_Army_PBAmended_2014_APA.zzz_unzipped-PROCUREMENT_JustificationBook_Army_PBAmended_2014.xml",
        "@RECORDID": "31ce47de87c8301c9fbe28a62251bab8c03638c577fb670f2b5d6e8131865665",
        "@ROWID": "0-de223d48b7424513d0fa0d953ec76b0f9b0730adc89e357e21236d20ae8e7ba8",
        "SpecsAvailableNow_val": "",
        "RFPIssueDate_val": "",
        "ContractMethod_val": "",
        "ContractType_val": "",
        "@PARENTROWID": "1-8093f296e539d914cd1fd9e94407891e147baf61dc634b1fbe9c11a90205290c",
        "@PARENT": "root.record.ItemExhibitList.P10AdvanceProcurementList.P10AdvanceProcurement.APCostElementCategoryList.Other.APCostElement"
    }
]