Name_val,IdCode_val,Cost_AllPriorYears_TotalCost_val,Cost_AllPriorYears_UnitCost_val,Cost_AllPriorYears_Quantity_val,Cost_PriorYear_TotalCost_val,Cost_CurrentYear_TotalCost_val,Cost_BudgetYearOneBase_TotalCost_val,Cost_BudgetYearOneOCO_TotalCost_val,Cost_BudgetYearOne_TotalCost_val,Cost_ToComplete_TotalCost_val,Cost_Total_TotalCost_val,Cost_Total_UnitCost_val,Cost_Total_Quantity_val,Cost_BudgetYearTwo_TotalCost_val,Cost_BudgetYearThree_TotalCost_val,Cost_BudgetYearFour_TotalCost_val,Cost_BudgetYearFive_TotalCost_val,Cost_TotalCost_AllPriorYears_val,Cost_TotalCost_ToComplete_val,Cost_TotalCost_Total_val,Cost_TotalCost_PriorYear_val,Cost_TotalCost_CurrentYear_val,Cost_TotalCost_BudgetYearOneBase_val,Cost_TotalCost_BudgetYearOne_val,Cost_TotalCost_BudgetYearTwo_val,Cost_TotalCost_BudgetYearThree_val,Cost_TotalCost_BudgetYearFour_val,Cost_TotalCost_BudgetYearFive_val,@SOURCE_FILENAME,@RECORDID,@ROWID,@PARENTROWID,@PARENT
"LM Spacecraft Battery Option / SAFT CLIN 2","A","8.801","","","0.512","0.182","0.392","0.000","0.392","","","","","","","","","","","","","","","","","","","","2013-BASE_PROCUREMENT-2013-AIRFORCE_MISSILE-JustificationBook_Air_Force_PB_2013.zzz_unzipped-JustificationBook_Air_Force_PB_2013.xml","d15fb990f8b482f5f872799d52c5c6fd07e2fbb73e9cc84357ce2ec1c4aaf90d","0-f94365f1f27db8904735d2cee9c25a9f516f9e133aa4bc601ac9326f27fc5515","0-2d16e21ff1b1fa95bddd0cc539d996aef916de358aa9815e1e921304115577ba","root.record.ItemExhibitList.P5Item"
"LM Spacecraft Orbital Incentives","A","10.927","","","0.000","0.000","0.000","0.000","0.000","","","","","","","","","","","","","","","","","","","","2013-BASE_PROCUREMENT-2013-AIRFORCE_MISSILE-JustificationBook_Air_Force_PB_2013.zzz_unzipped-JustificationBook_Air_Force_PB_2013.xml","d15fb990f8b482f5f872799d52c5c6fd07e2fbb73e9cc84357ce2ec1c4aaf90d","1-a4ff30753ae83c6cf5a6af758ca55721ce9444b4b0a275afb5ce88a408ce2f69","0-2d16e21ff1b1fa95bddd0cc539d996aef916de358aa9815e1e921304115577ba","root.record.ItemExhibitList.P5Item"
"NGC Orbital Incentives","A","4.769","","","0.000","0.000","0.000","0.000","0.000","","","","","","","","","","","","","","","","","","","","2013-BASE_PROCUREMENT-2013-AIRFORCE_MISSILE-JustificationBook_Air_Force_PB_2013.zzz_unzipped-JustificationBook_Air_Force_PB_2013.xml","d15fb990f8b482f5f872799d52c5c6fd07e2fbb73e9cc84357ce2ec1c4aaf90d","2-bc6da71dda5151d98425213a26d2442a8c37ecf30971932cc466b97ccb0a06e8","0-2d16e21ff1b1fa95bddd0cc539d996aef916de358aa9815e1e921304115577ba","root.record.ItemExhibitList.P5Item"
"LM Spacecraft Battery Option / SAFT CLIN 2","A","8.801","","","0.512","0.182","0.392","0.000","0.392","","","","","","","","","","","","","","","","","","","","2013-BASE_PROCUREMENT-2013-AIRFORCE_MISSILE-MasterJustificationBook_Air_Force_PB_2013.zzz_unzipped-MasterJustificationBook_Air_Force_PB_2013.xml","a65a1f1ae54a5d345d80f3ca17e9ada935dce4641675e4c421ede8399b22f7ec","0-70ece6d793909176505db93bb525bfb7383af551bccafaa578c2aca3af26593d","0-395739f290ac3567920f6f6bda03afb560aabb1cbf52ee52a00c40db51071242","root.record.ItemExhibitList.P5Item"
"LM Spacecraft Orbital Incentives","A","10.927","","","0.000","0.000","0.000","0.000","0.000","","","","","","","","","","","","","","","","","","","","2013-BASE_PROCUREMENT-2013-AIRFORCE_MISSILE-MasterJustificationBook_Air_Force_PB_2013.zzz_unzipped-MasterJustificationBook_Air_Force_PB_2013.xml","a65a1f1ae54a5d345d80f3ca17e9ada935dce4641675e4c421ede8399b22f7ec","1-538315ff104be2f0c855cd938c7792809c09ddcfb069e8e1080eec2512daaac7","0-395739f290ac3567920f6f6bda03afb560aabb1cbf52ee52a00c40db51071242","root.record.ItemExhibitList.P5Item"
"NGC Orbital Incentives","A","4.769","","","0.000","0.000","0.000","0.000","0.000","","","","","","","","","","","","","","","","","","","","2013-BASE_PROCUREMENT-2013-AIRFORCE_MISSILE-MasterJustificationBook_Air_Force_PB_2013.zzz_unzipped-MasterJustificationBook_Air_Force_PB_2013.xml","a65a1f1ae54a5d345d80f3ca17e9ada935dce4641675e4c421ede8399b22f7ec","2-4dcf317e41036e182c0ea81cbd0ce0956a9754654a1936ceb00d8f43f348ce4e","0-395739f290ac3567920f6f6bda03afb560aabb1cbf52ee52a00c40db51071242","root.record.ItemExhibitList.P5Item"
"GPS III SV03-08 Systems Engineering and Integration (SE&I)","A","0.000","","","0.000","1.65","2.22","","2.22","0.000","3.87","","","","","","","","","","","","","","","","","","2014-BASE_PROCUREMENT-2014-AIRFORCE_MISSILE-PROCUREMENT_JustificationBook_Air_Force_PB_2014.zzz_unzipped-PROCUREMENT_JustificationBook_Air_Force_PB_2014.xml","fa634b730fed67337dcbf550d65f4bdf7a793e69d597c0b413dd971618e23634","0-81c62ee133860ae621f90ab7506d0e99c268c25a622f8812a5e551fb2ae37d9e","0-82b1ae895dcd304788153b7762b30de4e222113a908bab0a1de77479db0deabd","root.record.ItemExhibitList.P5Item"
"GPS III SV 09+ Nonrecurring","A","0.000","","","","","","","","26.55","37.752","","","2.651","2.75","2.851","2.95","","","","","","","","","","","","2014-BASE_PROCUREMENT-2014-AIRFORCE_MISSILE-PROCUREMENT_JustificationBook_Air_Force_PB_2014.zzz_unzipped-PROCUREMENT_JustificationBook_Air_Force_PB_2014.xml","fa634b730fed67337dcbf550d65f4bdf7a793e69d597c0b413dd971618e23634","0-bb8d4a5f78cfc026dd0d594a104c236e9332d3f142cf73b75757e10ed20164b4","1-13754e75f8059884e30bb5efcfc0a7e88e95782cd88fa411e0ae27cf55c086cf","root.record.ItemExhibitList.P5Item"
"GPS III SV 09+ Search and Rescue (SAR) GPS","A","0.000","","","0.000","0.000","0.948","","0.948","0.000","14.306","","","3.106","3.363","3.414","3.475","","","","","","","","","","","","2014-BASE_PROCUREMENT-2014-AIRFORCE_MISSILE-PROCUREMENT_JustificationBook_Air_Force_PB_2014.zzz_unzipped-PROCUREMENT_JustificationBook_Air_Force_PB_2014.xml","fa634b730fed67337dcbf550d65f4bdf7a793e69d597c0b413dd971618e23634","1-7a648ccfd837124a566ec549743dc332a936fe05f767d7378406c3a10f15870b","1-13754e75f8059884e30bb5efcfc0a7e88e95782cd88fa411e0ae27cf55c086cf","root.record.ItemExhibitList.P5Item"
"LM Spacecraft Battery Option / SAFT CLIN 2","A","7.091","","","0.182","0.392","0.000","","0.000","","","","","","","","","","","","","","","","","","","","2014-BASE_PROCUREMENT-2014-AIRFORCE_MISSILE-PROCUREMENT_JustificationBook_Air_Force_PB_2014.zzz_unzipped-PROCUREMENT_JustificationBook_Air_Force_PB_2014.xml","39ca58bbb356607ed4d71e68bd068008af93a2336ba52e66a252be8037ef5179","0-501606ee3645f5d2aa559f1862ae23b3aa6409896b4ca8218a3450d007dc782d","0-83a02b7fcd68b52807d63d8b4b32e55a3714f6f05f17b67747cece92a1cf8b8a","root.record.ItemExhibitList.P5Item"
"LM Spacecraft Orbital Incentives","A","8.32","","","0.000","0.000","3.352","","3.352","","","","","","","","","","","","","","","","","","","","2014-BASE_PROCUREMENT-2014-AIRFORCE_MISSILE-PROCUREMENT_JustificationBook_Air_Force_PB_2014.zzz_unzipped-PROCUREMENT_JustificationBook_Air_Force_PB_2014.xml","39ca58bbb356607ed4d71e68bd068008af93a2336ba52e66a252be8037ef5179","1-4002f576b3201f3058b108fc250e43183c989c1b765c0fae6aa530971e97e74a","0-83a02b7fcd68b52807d63d8b4b32e55a3714f6f05f17b67747cece92a1cf8b8a","root.record.ItemExhibitList.P5Item"
"NGC Orbital Incentives","A","3.631","","","0.000","0.000","1.463","","1.463","","","","","","","","","","","","","","","","","","","","2014-BASE_PROCUREMENT-2014-AIRFORCE_MISSILE-PROCUREMENT_JustificationBook_Air_Force_PB_2014.zzz_unzipped-PROCUREMENT_JustificationBook_Air_Force_PB_2014.xml","39ca58bbb356607ed4d71e68bd068008af93a2336ba52e66a252be8037ef5179","2-52f3ba41a31a5c98fac056514f21928f6cc88bcc29c003467db3b07a76edaf7a","0-83a02b7fcd68b52807d63d8b4b32e55a3714f6f05f17b67747cece92a1cf8b8a","root.record.ItemExhibitList.P5Item"
"GEO 3-4 Obsolescence Non-Recurring","A","310.614","","","0.355","","","","","0.000","310.969","","","","","","","","","","","","","","","","","","2014-BASE_PROCUREMENT-2014-AIRFORCE_MISSILE-PROCUREMENT_JustificationBook_Air_Force_PB_2014.zzz_unzipped-PROCUREMENT_JustificationBook_Air_Force_PB_2014.xml","32b7109bb8d79ef08088f8211f19de97cdf66e04e0163444c25731cb5ff5f7c7","0-30c67b018efef90df5af195e1c280ba2052e018d04953b2e30eff2f75d4ac632","0-20c2a7e7fc3ba1fc11c7c4940277d17b358b85029ba695d268695171d0523049","root.record.ItemExhibitList.P5Item"
"GEO 3-4 Launch Vehicle and Range Integration","A","0.554","","","0.41","13.726","5.948","","5.948","0.000","31.978","","","5.747","5.593","","","","","","","","","","","","","","2014-BASE_PROCUREMENT-2014-AIRFORCE_MISSILE-PROCUREMENT_JustificationBook_Air_Force_PB_2014.zzz_unzipped-PROCUREMENT_JustificationBook_Air_Force_PB_2014.xml","32b7109bb8d79ef08088f8211f19de97cdf66e04e0163444c25731cb5ff5f7c7","1-79165b591edf0078f66f93fe3b39e984ab581b48f9d8c1a75ef01588f509126f","0-20c2a7e7fc3ba1fc11c7c4940277d17b358b85029ba695d268695171d0523049","root.record.ItemExhibitList.P5Item"
"GEO 5-6 Obsolescence Non-Recurring","A","0.000","0.000","0","","324","","","","0.000","324","0.000","0","","","","","","","","","","","","","","","","2014-BASE_PROCUREMENT-2014-AIRFORCE_MISSILE-PROCUREMENT_JustificationBook_Air_Force_PB_2014.zzz_unzipped-PROCUREMENT_JustificationBook_Air_Force_PB_2014.xml","32b7109bb8d79ef08088f8211f19de97cdf66e04e0163444c25731cb5ff5f7c7","0-edb642278b3ef217da334ac992996c355cecc3761c10076aa56f63eac4db4671","1-db4cfece7db5b58f3f1abd1c34cf9e0fbd4e6899118e4ebd3796dcdcd1477934","root.record.ItemExhibitList.P5Item"
"GEO 5-6 Launch Vehicle and Range Integration","A","","","","","","","","","18.658","33.079","","","","","6.512","7.909","","","","","","","","","","","","2014-BASE_PROCUREMENT-2014-AIRFORCE_MISSILE-PROCUREMENT_JustificationBook_Air_Force_PB_2014.zzz_unzipped-PROCUREMENT_JustificationBook_Air_Force_PB_2014.xml","32b7109bb8d79ef08088f8211f19de97cdf66e04e0163444c25731cb5ff5f7c7","1-b6ae7327da95be4c604627ef1b16b919714379921510b77320ee3bb8cc66a589","1-db4cfece7db5b58f3f1abd1c34cf9e0fbd4e6899118e4ebd3796dcdcd1477934","root.record.ItemExhibitList.P5Item"
"HEO 3-4 Obsolescence Non-Recurring","A","101.443","","","","","","","","0.000","101.443","","","","","","","","","","","","","","","","","","2014-BASE_PROCUREMENT-2014-AIRFORCE_MISSILE-PROCUREMENT_JustificationBook_Air_Force_PB_2014.zzz_unzipped-PROCUREMENT_JustificationBook_Air_Force_PB_2014.xml","32b7109bb8d79ef08088f8211f19de97cdf66e04e0163444c25731cb5ff5f7c7","0-1e9c723ae8bb68648f9813a4b6ffddf33abe68d8e42e7bdf64fa1020acde09d1","2-85fdb1142525d06afab488371a18220ec8b863b031b8dd1003c19fd732241307","root.record.ItemExhibitList.P5Item"
"HEO 3-4 Launch Vehicle and Range Integration","A","0.237","","","0.176","8.765","6.063","","6.063","0.000","20.498","","","5.257","","","","","","","","","","","","","","","2014-BASE_PROCUREMENT-2014-AIRFORCE_MISSILE-PROCUREMENT_JustificationBook_Air_Force_PB_2014.zzz_unzipped-PROCUREMENT_JustificationBook_Air_Force_PB_2014.xml","32b7109bb8d79ef08088f8211f19de97cdf66e04e0163444c25731cb5ff5f7c7","1-44594b7aeeb73142f68ded3bf66001774b7563e6d243d406b50d8f3e5e298e39","2-85fdb1142525d06afab488371a18220ec8b863b031b8dd1003c19fd732241307","root.record.ItemExhibitList.P5Item"
"GPS III SV03-08 Systems Engineering and Integration (SE&I)","A","0.000","","","0.000","1.65","2.22","","2.22","0.000","3.87","","","","","","","","","","","","","","","","","","2014-BASE_PROCUREMENT-2014-AIRFORCE_MISSILE-PROCUREMENT_MasterJustificationBook_Air_Force_PB_2014.zzz_unzipped-PROCUREMENT_MasterJustificationBook_Air_Force_PB_2014.xml","3f74a8ce992b58bff0203aa59054245697d5f293f300ca891ef9fafd9620a03e","0-c2157579a49b3a377c55481053da3d927d8c5ebb9b82827c704bd321931a184b","0-a3e43c7f733c39215a533bc83eb67226aeee4adf68318cb5b1a7e3cd3c240615","root.record.ItemExhibitList.P5Item"
"GPS III SV 09+ Nonrecurring","A","0.000","","","","","","","","26.55","37.752","","","2.651","2.75","2.851","2.95","","","","","","","","","","","","2014-BASE_PROCUREMENT-2014-AIRFORCE_MISSILE-PROCUREMENT_MasterJustificationBook_Air_Force_PB_2014.zzz_unzipped-PROCUREMENT_MasterJustificationBook_Air_Force_PB_2014.xml","3f74a8ce992b58bff0203aa59054245697d5f293f300ca891ef9fafd9620a03e","0-04857e44400b7d1243ca60c0505609a1ac793596ecdc677d3080de47db59268c","1-3eafd7d222e4cad98d11368cad8ea8d7a105c7f0ac001ca7aea2688283db614f","root.record.ItemExhibitList.P5Item"
"GPS III SV 09+ Search and Rescue (SAR) GPS","A","0.000","","","0.000","0.000","0.948","","0.948","0.000","14.306","","","3.106","3.363","3.414","3.475","","","","","","","","","","","","2014-BASE_PROCUREMENT-2014-AIRFORCE_MISSILE-PROCUREMENT_MasterJustificationBook_Air_Force_PB_2014.zzz_unzipped-PROCUREMENT_MasterJustificationBook_Air_Force_PB_2014.xml","3f74a8ce992b58bff0203aa59054245697d5f293f300ca891ef9fafd9620a03e","1-c282abaf68f70d06c4cb87dab6775a348351973ec40cfc8717fab620554dc909","1-3eafd7d222e4cad98d11368cad8ea8d7a105c7f0ac001ca7aea2688283db614f","root.record.ItemExhibitList.P5Item"
"LM Spacecraft Battery Option / SAFT CLIN 2","A","7.091","","","0.182","0.392","0.000","","0.000","","","","","","","","","","","","","","","","","","","","2014-BASE_PROCUREMENT-2014-AIRFORCE_MISSILE-PROCUREMENT_MasterJustificationBook_Air_Force_PB_2014.zzz_unzipped-PROCUREMENT_MasterJustificationBook_Air_Force_PB_2014.xml","b31c92596f6ccbf91720f89270c2aa573e143aa1b9e9ea949815f37a122e9486","0-e644a9e80b5399d874e21225fb1ac038b3bab15ca2286c2bdf575dfdfaaa45fc","0-e37c809f33fdaf4c1226320e0808c0517f05fa3ebd92d1a560e267e45d2532af","root.record.ItemExhibitList.P5Item"
"LM Spacecraft Orbital Incentives","A","8.32","","","0.000","0.000","3.352","","3.352","","","","","","","","","","","","","","","","","","","","2014-BASE_PROCUREMENT-2014-AIRFORCE_MISSILE-PROCUREMENT_MasterJustificationBook_Air_Force_PB_2014.zzz_unzipped-PROCUREMENT_MasterJustificationBook_Air_Force_PB_2014.xml","b31c92596f6ccbf91720f89270c2aa573e143aa1b9e9ea949815f37a122e9486","1-464caa7029314e961822ca47abe8f4dae7810ab4cab0bc756bc3ec87b0ed6ce1","0-e37c809f33fdaf4c1226320e0808c0517f05fa3ebd92d1a560e267e45d2532af","root.record.ItemExhibitList.P5Item"
"NGC Orbital Incentives","A","3.631","","","0.000","0.000","1.463","","1.463","","","","","","","","","","","","","","","","","","","","2014-BASE_PROCUREMENT-2014-AIRFORCE_MISSILE-PROCUREMENT_MasterJustificationBook_Air_Force_PB_2014.zzz_unzipped-PROCUREMENT_MasterJustificationBook_Air_Force_PB_2014.xml","b31c92596f6ccbf91720f89270c2aa573e143aa1b9e9ea949815f37a122e9486","2-f07a1f515fd3d92b3932f2d0f7c0b3a0576db849e1d0a7b1efc5ec2d5be709c2","0-e37c809f33fdaf4c1226320e0808c0517f05fa3ebd92d1a560e267e45d2532af","root.record.ItemExhibitList.P5Item"
"GEO 3-4 Obsolescence Non-Recurring","A","310.614","","","0.355","","","","","0.000","310.969","","","","","","","","","","","","","","","","","","2014-BASE_PROCUREMENT-2014-AIRFORCE_MISSILE-PROCUREMENT_MasterJustificationBook_Air_Force_PB_2014.zzz_unzipped-PROCUREMENT_MasterJustificationBook_Air_Force_PB_2014.xml","c09d619ce532c1c86db360d274ec3de490ff840c9a7e13567ca5beab706dfd39","0-8458d8cb822bef875607d7782100e8ef2e35c478acd3decc329a92517ced4161","0-635e2209bc1653007dcd7b27e13e296831c9d55ae11eff28ddee7c6e28aab8d7","root.record.ItemExhibitList.P5Item"
"GEO 3-4 Launch Vehicle and Range Integration","A","0.554","","","0.41","13.726","5.948","","5.948","0.000","31.978","","","5.747","5.593","","","","","","","","","","","","","","2014-BASE_PROCUREMENT-2014-AIRFORCE_MISSILE-PROCUREMENT_MasterJustificationBook_Air_Force_PB_2014.zzz_unzipped-PROCUREMENT_MasterJustificationBook_Air_Force_PB_2014.xml","c09d619ce532c1c86db360d274ec3de490ff840c9a7e13567ca5beab706dfd39","1-0d1d692342db230904fded6a74ffe9215147ef224706898d98f1e91df8074833","0-635e2209bc1653007dcd7b27e13e296831c9d55ae11eff28ddee7c6e28aab8d7","root.record.ItemExhibitList.P5Item"
"GEO 5-6 Obsolescence Non-Recurring","A","0.000","0.000","0","","324","","","","0.000","324","0.000","0","","","","","","","","","","","","","","","","2014-BASE_PROCUREMENT-2014-AIRFORCE_MISSILE-PROCUREMENT_MasterJustificationBook_Air_Force_PB_2014.zzz_unzipped-PROCUREMENT_MasterJustificationBook_Air_Force_PB_2014.xml","c09d619ce532c1c86db360d274ec3de490ff840c9a7e13567ca5beab706dfd39","0-51bde96abf5fb03ee18e251c0b4f3841f8858fe38506104c4d900b69b6b95052","1-88b674f9be00db27449adf984c73005e8d97dd2b6a668090c0fb0079d9ce7b17","root.record.ItemExhibitList.P5Item"
"GEO 5-6 Launch Vehicle and Range Integration","A","","","","","","","","","18.658","33.079","","","","","6.512","7.909","","","","","","","","","","","","2014-BASE_PROCUREMENT-2014-AIRFORCE_MISSILE-PROCUREMENT_MasterJustificationBook_Air_Force_PB_2014.zzz_unzipped-PROCUREMENT_MasterJustificationBook_Air_Force_PB_2014.xml","c09d619ce532c1c86db360d274ec3de490ff840c9a7e13567ca5beab706dfd39","1-2626aef495149f5eb524bb65a1414697e575e218a79ce9342ba4d55bc464c34f","1-88b674f9be00db27449adf984c73005e8d97dd2b6a668090c0fb0079d9ce7b17","root.record.ItemExhibitList.P5Item"
"HEO 3-4 Obsolescence Non-Recurring","A","101.443","","","","","","","","0.000","101.443","","","","","","","","","","","","","","","","","","2014-BASE_PROCUREMENT-2014-AIRFORCE_MISSILE-PROCUREMENT_MasterJustificationBook_Air_Force_PB_2014.zzz_unzipped-PROCUREMENT_MasterJustificationBook_Air_Force_PB_2014.xml","c09d619ce532c1c86db360d274ec3de490ff840c9a7e13567ca5beab706dfd39","0-6ab872ba2cbab239df4320ed8b15961e49f12f8bb1d39b52db8b1b413ced7ab4","2-ef31f9b5c96b8141a19e8a8abc951aa781c3f7d7a6a36474c8f882339608e8d7","root.record.ItemExhibitList.P5Item"
"HEO 3-4 Launch Vehicle and Range Integration","A","0.237","","","0.176","8.765","6.063","","6.063","0.000","20.498","","","5.257","","","","","","","","","","","","","","","2014-BASE_PROCUREMENT-2014-AIRFORCE_MISSILE-PROCUREMENT_MasterJustificationBook_Air_Force_PB_2014.zzz_unzipped-PROCUREMENT_MasterJustificationBook_Air_Force_PB_2014.xml","c09d619ce532c1c86db360d274ec3de490ff840c9a7e13567ca5beab706dfd39","1-f3e7ea0b435244bf3d5e6e88b1cd016c2f4dd3b638eee8bbf26daaa29088a3ad","2-ef31f9b5c96b8141a19e8a8abc951aa781c3f7d7a6a36474c8f882339608e8d7","root.record.ItemExhibitList.P5Item"
"GPS III SV 09+ Nonrecurring","A","","","","","","","","","","","","","","","","","0.000","0.000","0.000","","","","","","","","","2015-BASE_PROCUREMENT-2015-AIRFORCE_MISSILE-PROCUREMENT_JustificationBook_Air_Force_PB_2015.zzz_unzipped-PROCUREMENT_JustificationBook_Air_Force_PB_2015.xml","27d3e87bb2fc7e3e342a740b15883c038cc1395873b8ef70810bbcfee7a54946","0-35fd56f30935f4ffb1c1e1d00c8bf80d1aa8529767ca9a9b7502b4c440d969ba","1-d43c4a0146ff5a839ed567c0cd6dc17b28b3e9e4faf505d31e740e11c08cf9f3","root.record.ItemExhibitList.P5Item"
"GPS III SV 09+ Search and Rescue (SAR) GPS","A","","","","","","","","","","","","","","","","","0.000","5.824","23.523","0.000","0.948","3.072","3.072","3.332","3.387","3.448","3.512","2015-BASE_PROCUREMENT-2015-AIRFORCE_MISSILE-PROCUREMENT_JustificationBook_Air_Force_PB_2015.zzz_unzipped-PROCUREMENT_JustificationBook_Air_Force_PB_2015.xml","27d3e87bb2fc7e3e342a740b15883c038cc1395873b8ef70810bbcfee7a54946","1-d9cabc49f19a83ed9755775570138ffbb2325289b57cab04526668ce45f96873","1-d43c4a0146ff5a839ed567c0cd6dc17b28b3e9e4faf505d31e740e11c08cf9f3","root.record.ItemExhibitList.P5Item"
"LM Spacecraft Battery Option / SAFT CLIN 2","A","","","","","","","","","","","","","","","","","7.273","","","0.392","","","","","","","","2015-BASE_PROCUREMENT-2015-AIRFORCE_MISSILE-PROCUREMENT_JustificationBook_Air_Force_PB_2015.zzz_unzipped-PROCUREMENT_JustificationBook_Air_Force_PB_2015.xml","9d6d7cc2e213d10711c93d66b1cde5a68bd237bd013f9f174c1ce0b96e710eb0","0-936018e079934d97a27c3c86baa017a350bfa8068be45f4d6fdbd602a0cb8130","0-5d2d929f3e874a33a3d1b8e781bf1a4df6b6be54b1def56c562bee1a186f2b6f","root.record.ItemExhibitList.P5Item"
"LM Spacecraft Orbital Incentives","A","","","","","","","","","","","","","","","","","8.32","","","","3.352","","","","","","","2015-BASE_PROCUREMENT-2015-AIRFORCE_MISSILE-PROCUREMENT_JustificationBook_Air_Force_PB_2015.zzz_unzipped-PROCUREMENT_JustificationBook_Air_Force_PB_2015.xml","9d6d7cc2e213d10711c93d66b1cde5a68bd237bd013f9f174c1ce0b96e710eb0","1-bd5038cd68e236f3d73ef08506cf9a9a710885c847727af629257d07eba24a78","0-5d2d929f3e874a33a3d1b8e781bf1a4df6b6be54b1def56c562bee1a186f2b6f","root.record.ItemExhibitList.P5Item"
"NGC Orbital Incentives","A","","","","","","","","","","","","","","","","","3.631","","","","1.463","","","","","","","2015-BASE_PROCUREMENT-2015-AIRFORCE_MISSILE-PROCUREMENT_JustificationBook_Air_Force_PB_2015.zzz_unzipped-PROCUREMENT_JustificationBook_Air_Force_PB_2015.xml","9d6d7cc2e213d10711c93d66b1cde5a68bd237bd013f9f174c1ce0b96e710eb0","2-67583d611dadd09dd8113d2a5f3b84a8964f9f5f547013391268a7102391a596","0-5d2d929f3e874a33a3d1b8e781bf1a4df6b6be54b1def56c562bee1a186f2b6f","root.record.ItemExhibitList.P5Item"
"GEO 3-4 Obsolescence Non-Recurring","A","","","","","","","","","","","","","","","","","437.696","0.000","437.696","","","","","","","","","2015-BASE_PROCUREMENT-2015-AIRFORCE_MISSILE-PROCUREMENT_JustificationBook_Air_Force_PB_2015.zzz_unzipped-PROCUREMENT_JustificationBook_Air_Force_PB_2015.xml","b0439627d697f23309d80778f48f7bf9598ab22c86f68e7c8eb97d5630e37c1c","0-5b3cb80032ac971f730f1d7eca489e85ca03c9343cbe74f35a39c51fb0ed6549","0-6dfb2cddfaca2248386f937de0a7e08c5e0e6c416686e418345de886e38bfb60","root.record.ItemExhibitList.P5Item"
"GEO 3-4 Launch Vehicle and Range Integration","A","","","","","","","","","","","","","","","","","0.97","0.000","32.348","3.811","21.217","2.651","2.651","3.699","","","","2015-BASE_PROCUREMENT-2015-AIRFORCE_MISSILE-PROCUREMENT_JustificationBook_Air_Force_PB_2015.zzz_unzipped-PROCUREMENT_JustificationBook_Air_Force_PB_2015.xml","b0439627d697f23309d80778f48f7bf9598ab22c86f68e7c8eb97d5630e37c1c","1-070cb88c4e9ed747ec8a483dfbe1a39d0590f76ff7f8577bb2a4e8a37189309c","0-6dfb2cddfaca2248386f937de0a7e08c5e0e6c416686e418345de886e38bfb60","root.record.ItemExhibitList.P5Item"
"GEO 5-6 Obsolescence Non-Recurring","A","","","","","","","","","","","","","","","","","0.000","0.000","642.682","461.824","77.942","59.461","59.461","25.508","13.235","4.712","","2015-BASE_PROCUREMENT-2015-AIRFORCE_MISSILE-PROCUREMENT_JustificationBook_Air_Force_PB_2015.zzz_unzipped-PROCUREMENT_JustificationBook_Air_Force_PB_2015.xml","b0439627d697f23309d80778f48f7bf9598ab22c86f68e7c8eb97d5630e37c1c","0-88b94fcca60d81560d49ff24fae0749fb72817d64b495b73676464e4282fdc99","1-6234abff67dd604ec96e99d9f0948ad9b41bf987349ad619ab7c9abeb57b0541","root.record.ItemExhibitList.P5Item"
"FY14 Incremental Funding","A","","","","","","","","","","","","","","","","","","0.000","-77.942","-77.942","","","","","","","","2015-BASE_PROCUREMENT-2015-AIRFORCE_MISSILE-PROCUREMENT_JustificationBook_Air_Force_PB_2015.zzz_unzipped-PROCUREMENT_JustificationBook_Air_Force_PB_2015.xml","b0439627d697f23309d80778f48f7bf9598ab22c86f68e7c8eb97d5630e37c1c","1-5d2a1fd6a3c5b456fc345220b104b48f1324c94f16ce599160e258328e4aaaa5","1-6234abff67dd604ec96e99d9f0948ad9b41bf987349ad619ab7c9abeb57b0541","root.record.ItemExhibitList.P5Item"
"FY15 Incremental Funding","A","","","","","","","","","","","","","","","","","","0.000","-59.461","-59.461","","","","","","","","2015-BASE_PROCUREMENT-2015-AIRFORCE_MISSILE-PROCUREMENT_JustificationBook_Air_Force_PB_2015.zzz_unzipped-PROCUREMENT_JustificationBook_Air_Force_PB_2015.xml","b0439627d697f23309d80778f48f7bf9598ab22c86f68e7c8eb97d5630e37c1c","2-3ff6a6bea11dd80de2e38da228c13a34f23ecec8548295e9a196652f414898fb","1-6234abff67dd604ec96e99d9f0948ad9b41bf987349ad619ab7c9abeb57b0541","root.record.ItemExhibitList.P5Item"
"FY16 Incremental Funding","A","","","","","","","","","","","","","","","","","","0.000","-25.508","-25.508","","","","","","","","2015-BASE_PROCUREMENT-2015-AIRFORCE_MISSILE-PROCUREMENT_JustificationBook_Air_Force_PB_2015.zzz_unzipped-PROCUREMENT_JustificationBook_Air_Force_PB_2015.xml","b0439627d697f23309d80778f48f7bf9598ab22c86f68e7c8eb97d5630e37c1c","3-aaee94ea8225aee582f37d4469136b2eacba375b2cf4c9831c3d18ebc2289f72","1-6234abff67dd604ec96e99d9f0948ad9b41bf987349ad619ab7c9abeb57b0541","root.record.ItemExhibitList.P5Item"
"FY17 Incremental Funding","A","","","","","","","","","","","","","","","","","","0.000","-13.235","-13.235","","","","","","","","2015-BASE_PROCUREMENT-2015-AIRFORCE_MISSILE-PROCUREMENT_JustificationBook_Air_Force_PB_2015.zzz_unzipped-PROCUREMENT_JustificationBook_Air_Force_PB_2015.xml","b0439627d697f23309d80778f48f7bf9598ab22c86f68e7c8eb97d5630e37c1c","4-0641a633a525cca6c849e81a8de7331efb1f7fc20646a02b84bf20bd5c868ca4","1-6234abff67dd604ec96e99d9f0948ad9b41bf987349ad619ab7c9abeb57b0541","root.record.ItemExhibitList.P5Item"
"FY18 Incremental Funding","A","","","","","","","","","","","","","","","","","","0.000","-4.712","-4.712","","","","","","","","2015-BASE_PROCUREMENT-2015-AIRFORCE_MISSILE-PROCUREMENT_JustificationBook_Air_Force_PB_2015.zzz_unzipped-PROCUREMENT_JustificationBook_Air_Force_PB_2015.xml","b0439627d697f23309d80778f48f7bf9598ab22c86f68e7c8eb97d5630e37c1c","5-a66959743111b15b36683d9b31224ed21aeff0c64eb2597cdb949743c3246bb8","1-6234abff67dd604ec96e99d9f0948ad9b41bf987349ad619ab7c9abeb57b0541","root.record.ItemExhibitList.P5Item"
"GEO 5-6 Launch Vehicle and Range Integration","A","","","","","","","","","","","","","","","","","0.000","7.256","15.622","","","","","","1.937","1.622","4.807","2015-BASE_PROCUREMENT-2015-AIRFORCE_MISSILE-PROCUREMENT_JustificationBook_Air_Force_PB_2015.zzz_unzipped-PROCUREMENT_JustificationBook_Air_Force_PB_2015.xml","b0439627d697f23309d80778f48f7bf9598ab22c86f68e7c8eb97d5630e37c1c","6-2bfcc7f59e5da72298a9b1b941dab347f46d5d1820734f64cb349ad3d78c049c","1-6234abff67dd604ec96e99d9f0948ad9b41bf987349ad619ab7c9abeb57b0541","root.record.ItemExhibitList.P5Item"
"HEO 3-4 Obsolescence Non-Recurring","A","","","","","","","","","","","","","","","","","137.146","0.000","137.146","","","","","","","","","2015-BASE_PROCUREMENT-2015-AIRFORCE_MISSILE-PROCUREMENT_JustificationBook_Air_Force_PB_2015.zzz_unzipped-PROCUREMENT_JustificationBook_Air_Force_PB_2015.xml","b0439627d697f23309d80778f48f7bf9598ab22c86f68e7c8eb97d5630e37c1c","0-36a9d81e71bbfaa75ac7e66719f03b71940362b7ad9a235475cf59475b222eb5","2-ab0b932a5c2392377ea3634d028c47ac62249fe00f37d91d8fd7bdaf9eaafa0c","root.record.ItemExhibitList.P5Item"
"HEO 3-4 Launch Vehicle and Range Integration","A","","","","","","","","","","","","","","","","","0.413","0.000","21.225","4.551","13.962","2.299","2.299","","","","","2015-BASE_PROCUREMENT-2015-AIRFORCE_MISSILE-PROCUREMENT_JustificationBook_Air_Force_PB_2015.zzz_unzipped-PROCUREMENT_JustificationBook_Air_Force_PB_2015.xml","b0439627d697f23309d80778f48f7bf9598ab22c86f68e7c8eb97d5630e37c1c","1-89d5be4e93a30a7543f81f0dc91af580e3403fefa1833e3ea35f46022623221b","2-ab0b932a5c2392377ea3634d028c47ac62249fe00f37d91d8fd7bdaf9eaafa0c","root.record.ItemExhibitList.P5Item"
"GPS III SV 09+ Nonrecurring","A","","","","","","","","","","","","","","","","","0.000","0.000","0.000","","","","","","","","","2015-BASE_PROCUREMENT-2015-AIRFORCE_MISSILE-PROCUREMENT_MasterJustificationBook_Air_Force_PB_2015.zzz_unzipped-PROCUREMENT_MasterJustificationBook_Air_Force_PB_2015.xml","33b3b0ad5835d13cc15e7e273b3a3b0e797b8b7474e6a63df610479ef30e8683","0-2e472970006ce56bf639d28655bb69186f48cee9b1421aa3f9223c9328235717","1-e573e641785f544fca1a34acb46014e2b1d006d09286f7d480442a00fbe4afb2","root.record.ItemExhibitList.P5Item"
"GPS III SV 09+ Search and Rescue (SAR) GPS","A","","","","","","","","","","","","","","","","","0.000","5.824","23.523","0.000","0.948","3.072","3.072","3.332","3.387","3.448","3.512","2015-BASE_PROCUREMENT-2015-AIRFORCE_MISSILE-PROCUREMENT_MasterJustificationBook_Air_Force_PB_2015.zzz_unzipped-PROCUREMENT_MasterJustificationBook_Air_Force_PB_2015.xml","33b3b0ad5835d13cc15e7e273b3a3b0e797b8b7474e6a63df610479ef30e8683","1-4c740308669fe91d98e33c41655ccc1ddceb94d3cf6b734a69893f8583f18ba0","1-e573e641785f544fca1a34acb46014e2b1d006d09286f7d480442a00fbe4afb2","root.record.ItemExhibitList.P5Item"
"LM Spacecraft Battery Option / SAFT CLIN 2","A","","","","","","","","","","","","","","","","","7.273","","","0.392","","","","","","","","2015-BASE_PROCUREMENT-2015-AIRFORCE_MISSILE-PROCUREMENT_MasterJustificationBook_Air_Force_PB_2015.zzz_unzipped-PROCUREMENT_MasterJustificationBook_Air_Force_PB_2015.xml","ec01fd2dc2e4b3154d5fd777d577fadafd0887cac57c8654b4ea1a3886efa793","0-c3f3f0225fac2473dd975f99e0125a0ee720f09aa790add783765650693bf940","0-72ceb19f393e5d038908d533b3c5af389873bd4e19f578782011949e252336ca","root.record.ItemExhibitList.P5Item"
"LM Spacecraft Orbital Incentives","A","","","","","","","","","","","","","","","","","8.32","","","","3.352","","","","","","","2015-BASE_PROCUREMENT-2015-AIRFORCE_MISSILE-PROCUREMENT_MasterJustificationBook_Air_Force_PB_2015.zzz_unzipped-PROCUREMENT_MasterJustificationBook_Air_Force_PB_2015.xml","ec01fd2dc2e4b3154d5fd777d577fadafd0887cac57c8654b4ea1a3886efa793","1-d368da35271db54e8da15018f9a84017421a985cd48e52df18420d75c514a5aa","0-72ceb19f393e5d038908d533b3c5af389873bd4e19f578782011949e252336ca","root.record.ItemExhibitList.P5Item"
"NGC Orbital Incentives","A","","","","","","","","","","","","","","","","","3.631","","","","1.463","","","","","","","2015-BASE_PROCUREMENT-2015-AIRFORCE_MISSILE-PROCUREMENT_MasterJustificationBook_Air_Force_PB_2015.zzz_unzipped-PROCUREMENT_MasterJustificationBook_Air_Force_PB_2015.xml","ec01fd2dc2e4b3154d5fd777d577fadafd0887cac57c8654b4ea1a3886efa793","2-bb60bafb9a4a455883aeb8173fb56378f9a23ba3710b74e8fc8d2db095c8fb5f","0-72ceb19f393e5d038908d533b3c5af389873bd4e19f578782011949e252336ca","root.record.ItemExhibitList.P5Item"
"GEO 3-4 Obsolescence Non-Recurring","A","","","","","","","","","","","","","","","","","437.696","0.000","437.696","","","","","","","","","2015-BASE_PROCUREMENT-2015-AIRFORCE_MISSILE-PROCUREMENT_MasterJustificationBook_Air_Force_PB_2015.zzz_unzipped-PROCUREMENT_MasterJustificationBook_Air_Force_PB_2015.xml","8c9448bac531fa76bde6d0d330853a3c625667bcc8a7fac5efe03c4154f7d50a","0-896e119a3db8d5434091401bd9c1f3d4326207311c33b8154d0442c3e2fd051a","0-efbc6297546d9b0df35a33a81d25babf289844592161077708bb5b75c59995cd","root.record.ItemExhibitList.P5Item"
"GEO 3-4 Launch Vehicle and Range Integration","A","","","","","","","","","","","","","","","","","0.97","0.000","32.348","3.811","21.217","2.651","2.651","3.699","","","","2015-BASE_PROCUREMENT-2015-AIRFORCE_MISSILE-PROCUREMENT_MasterJustificationBook_Air_Force_PB_2015.zzz_unzipped-PROCUREMENT_MasterJustificationBook_Air_Force_PB_2015.xml","8c9448bac531fa76bde6d0d330853a3c625667bcc8a7fac5efe03c4154f7d50a","1-cafb649c06ad6cf98ff7bc5ba68796a9ccbf26e533630b8c67ff0109a904a8df","0-efbc6297546d9b0df35a33a81d25babf289844592161077708bb5b75c59995cd","root.record.ItemExhibitList.P5Item"
"GEO 5-6 Obsolescence Non-Recurring","A","","","","","","","","","","","","","","","","","0.000","0.000","642.682","461.824","77.942","59.461","59.461","25.508","13.235","4.712","","2015-BASE_PROCUREMENT-2015-AIRFORCE_MISSILE-PROCUREMENT_MasterJustificationBook_Air_Force_PB_2015.zzz_unzipped-PROCUREMENT_MasterJustificationBook_Air_Force_PB_2015.xml","8c9448bac531fa76bde6d0d330853a3c625667bcc8a7fac5efe03c4154f7d50a","0-74f86e3aa5d432da289611d3c57f8799a9e9bf922d2426bba7a1e858672163af","1-e3654db7d4bd35a7272a3a9547a723924f56ceabbb5c8adbc731b378e6cf80e5","root.record.ItemExhibitList.P5Item"
"FY14 Incremental Funding","A","","","","","","","","","","","","","","","","","","0.000","-77.942","-77.942","","","","","","","","2015-BASE_PROCUREMENT-2015-AIRFORCE_MISSILE-PROCUREMENT_MasterJustificationBook_Air_Force_PB_2015.zzz_unzipped-PROCUREMENT_MasterJustificationBook_Air_Force_PB_2015.xml","8c9448bac531fa76bde6d0d330853a3c625667bcc8a7fac5efe03c4154f7d50a","1-18e1999ce1435a83b363928778018188154d7a98ca4fedbbceba7a686f103e7b","1-e3654db7d4bd35a7272a3a9547a723924f56ceabbb5c8adbc731b378e6cf80e5","root.record.ItemExhibitList.P5Item"
"FY15 Incremental Funding","A","","","","","","","","","","","","","","","","","","0.000","-59.461","-59.461","","","","","","","","2015-BASE_PROCUREMENT-2015-AIRFORCE_MISSILE-PROCUREMENT_MasterJustificationBook_Air_Force_PB_2015.zzz_unzipped-PROCUREMENT_MasterJustificationBook_Air_Force_PB_2015.xml","8c9448bac531fa76bde6d0d330853a3c625667bcc8a7fac5efe03c4154f7d50a","2-726547a802127686cf8e322e2282807bf29a9054ba006728cf34b44b1d5cfdf5","1-e3654db7d4bd35a7272a3a9547a723924f56ceabbb5c8adbc731b378e6cf80e5","root.record.ItemExhibitList.P5Item"
"FY16 Incremental Funding","A","","","","","","","","","","","","","","","","","","0.000","-25.508","-25.508","","","","","","","","2015-BASE_PROCUREMENT-2015-AIRFORCE_MISSILE-PROCUREMENT_MasterJustificationBook_Air_Force_PB_2015.zzz_unzipped-PROCUREMENT_MasterJustificationBook_Air_Force_PB_2015.xml","8c9448bac531fa76bde6d0d330853a3c625667bcc8a7fac5efe03c4154f7d50a","3-fe54bdddb0655589f545355a70001beab5ab66fd5b23b7a5bc1a81d19848f657","1-e3654db7d4bd35a7272a3a9547a723924f56ceabbb5c8adbc731b378e6cf80e5","root.record.ItemExhibitList.P5Item"
"FY17 Incremental Funding","A","","","","","","","","","","","","","","","","","","0.000","-13.235","-13.235","","","","","","","","2015-BASE_PROCUREMENT-2015-AIRFORCE_MISSILE-PROCUREMENT_MasterJustificationBook_Air_Force_PB_2015.zzz_unzipped-PROCUREMENT_MasterJustificationBook_Air_Force_PB_2015.xml","8c9448bac531fa76bde6d0d330853a3c625667bcc8a7fac5efe03c4154f7d50a","4-cbcfc8270a848c6247cfe18c9b50be4db3b9173927a460d8b8fe390e61cfd27a","1-e3654db7d4bd35a7272a3a9547a723924f56ceabbb5c8adbc731b378e6cf80e5","root.record.ItemExhibitList.P5Item"
"FY18 Incremental Funding","A","","","","","","","","","","","","","","","","","","0.000","-4.712","-4.712","","","","","","","","2015-BASE_PROCUREMENT-2015-AIRFORCE_MISSILE-PROCUREMENT_MasterJustificationBook_Air_Force_PB_2015.zzz_unzipped-PROCUREMENT_MasterJustificationBook_Air_Force_PB_2015.xml","8c9448bac531fa76bde6d0d330853a3c625667bcc8a7fac5efe03c4154f7d50a","5-d05c8a4f437a9b844605f0c831d5bd57f3487f278719fd6ccb4b4b64193afab0","1-e3654db7d4bd35a7272a3a9547a723924f56ceabbb5c8adbc731b378e6cf80e5","root.record.ItemExhibitList.P5Item"
"GEO 5-6 Launch Vehicle and Range Integration","A","","","","","","","","","","","","","","","","","0.000","7.256","15.622","","","","","","1.937","1.622","4.807","2015-BASE_PROCUREMENT-2015-AIRFORCE_MISSILE-PROCUREMENT_MasterJustificationBook_Air_Force_PB_2015.zzz_unzipped-PROCUREMENT_MasterJustificationBook_Air_Force_PB_2015.xml","8c9448bac531fa76bde6d0d330853a3c625667bcc8a7fac5efe03c4154f7d50a","6-89a98af1614c83b5ee09ea1d46e957beb82c5a6793b9eae2b1f5608e3217545e","1-e3654db7d4bd35a7272a3a9547a723924f56ceabbb5c8adbc731b378e6cf80e5","root.record.ItemExhibitList.P5Item"
"HEO 3-4 Obsolescence Non-Recurring","A","","","","","","","","","","","","","","","","","137.146","0.000","137.146","","","","","","","","","2015-BASE_PROCUREMENT-2015-AIRFORCE_MISSILE-PROCUREMENT_MasterJustificationBook_Air_Force_PB_2015.zzz_unzipped-PROCUREMENT_MasterJustificationBook_Air_Force_PB_2015.xml","8c9448bac531fa76bde6d0d330853a3c625667bcc8a7fac5efe03c4154f7d50a","0-9fd90c8890dc78c444bdb43cc88132e25e7721f7b3498e3890b61d3dfc071a57","2-6194f14876c34e8d239932595dd23a471f9ad338ec617feeac92fd4091838341","root.record.ItemExhibitList.P5Item"
"HEO 3-4 Launch Vehicle and Range Integration","A","","","","","","","","","","","","","","","","","0.413","0.000","21.225","4.551","13.962","2.299","2.299","","","","","2015-BASE_PROCUREMENT-2015-AIRFORCE_MISSILE-PROCUREMENT_MasterJustificationBook_Air_Force_PB_2015.zzz_unzipped-PROCUREMENT_MasterJustificationBook_Air_Force_PB_2015.xml","8c9448bac531fa76bde6d0d330853a3c625667bcc8a7fac5efe03c4154f7d50a","1-fd2b7f6ec847a4b97096f059756d34c845151c21905d28a1c0f506e46e95916b","2-6194f14876c34e8d239932595dd23a471f9ad338ec617feeac92fd4091838341","root.record.ItemExhibitList.P5Item"
"GEO 3-4 Obsolescence Non-Recurring","","","","","","","","","","","","","","","","","","438.772","0","438.772","","","","","","","","","2016-BASE_PROCUREMENT-2016-AIRFORCE_MISSILE-PROCUREMENT_JustificationBook_Air_Force_PB_2016.zzz_unzipped-PROCUREMENT_JustificationBook_Air_Force_PB_2016.xml","b7250a7bc654675ae44d6d62c2bb1e4e483647e362d5d04206595c9b29029aa8","0-3481bdd5fd756a39ab14540c7f206ca1018c8739da66f87ecbd10700b64932bd","0-9fc484277e4bc03d6cb3f721a8afca38cb4e567e33aff6bd1a57aa4cad4b37da","root.record.ItemExhibitList.P5Item"
"GEO 3-4 Launch Vehicle and Range Integration","","","","","","","","","","","","","","","","","","1.807","0","12.838","4.284","6.747","","","","","","","2016-BASE_PROCUREMENT-2016-AIRFORCE_MISSILE-PROCUREMENT_JustificationBook_Air_Force_PB_2016.zzz_unzipped-PROCUREMENT_JustificationBook_Air_Force_PB_2016.xml","b7250a7bc654675ae44d6d62c2bb1e4e483647e362d5d04206595c9b29029aa8","1-17da046969423c3c9b0fa1aa0c2ad44c6f9f17b91d6fdef5b4a1c98a3e137705","0-9fc484277e4bc03d6cb3f721a8afca38cb4e567e33aff6bd1a57aa4cad4b37da","root.record.ItemExhibitList.P5Item"
"GEO 5-6 Obsolescence Non-Recurring","","","","","","","","","","","","","","","","","","461.824","0","599.227","77.942","59.461","","","","","","","2016-BASE_PROCUREMENT-2016-AIRFORCE_MISSILE-PROCUREMENT_JustificationBook_Air_Force_PB_2016.zzz_unzipped-PROCUREMENT_JustificationBook_Air_Force_PB_2016.xml","b7250a7bc654675ae44d6d62c2bb1e4e483647e362d5d04206595c9b29029aa8","0-687dceb23a8b4bfc1c78729a655bd0a37206fdbc53abdada514764c3660f8fbe","1-53b9ace54c3faec0f778c939181165d2ec1567db7e4b5b725790715aa9ae0de0","root.record.ItemExhibitList.P5Item"
"FY14 Incremental Funding","","","","","","","","","","","","","","","","","","-77.942","0","-77.942","","","","","","","","","2016-BASE_PROCUREMENT-2016-AIRFORCE_MISSILE-PROCUREMENT_JustificationBook_Air_Force_PB_2016.zzz_unzipped-PROCUREMENT_JustificationBook_Air_Force_PB_2016.xml","b7250a7bc654675ae44d6d62c2bb1e4e483647e362d5d04206595c9b29029aa8","1-661219c18f843b118dcc6376d0d9d4e5f1788732fd68bf3846afc886a7292741","1-53b9ace54c3faec0f778c939181165d2ec1567db7e4b5b725790715aa9ae0de0","root.record.ItemExhibitList.P5Item"
"FY15 Incremental Funding","","","","","","","","","","","","","","","","","","-59.461","0","-59.461","","","","","","","","","2016-BASE_PROCUREMENT-2016-AIRFORCE_MISSILE-PROCUREMENT_JustificationBook_Air_Force_PB_2016.zzz_unzipped-PROCUREMENT_JustificationBook_Air_Force_PB_2016.xml","b7250a7bc654675ae44d6d62c2bb1e4e483647e362d5d04206595c9b29029aa8","2-6afa809168e2c2e6ef6099a1896458ed6b25b26158adf6745f3c60c2eda43b55","1-53b9ace54c3faec0f778c939181165d2ec1567db7e4b5b725790715aa9ae0de0","root.record.ItemExhibitList.P5Item"
"FY16 Incremental Funding (3021)","","","","","","","","","","","","","","","","","","-25.508","0","-25.508","","","","","","","","","2016-BASE_PROCUREMENT-2016-AIRFORCE_MISSILE-PROCUREMENT_JustificationBook_Air_Force_PB_2016.zzz_unzipped-PROCUREMENT_JustificationBook_Air_Force_PB_2016.xml","b7250a7bc654675ae44d6d62c2bb1e4e483647e362d5d04206595c9b29029aa8","3-afe3d4be97db414e9208541bb7ec1835f6ec35b6f486ee643409f58251d9cff9","1-53b9ace54c3faec0f778c939181165d2ec1567db7e4b5b725790715aa9ae0de0","root.record.ItemExhibitList.P5Item"
"FY17 Incremental Funding (3021)","","","","","","","","","","","","","","","","","","-13.235","0","-13.235","","","","","","","","","2016-BASE_PROCUREMENT-2016-AIRFORCE_MISSILE-PROCUREMENT_JustificationBook_Air_Force_PB_2016.zzz_unzipped-PROCUREMENT_JustificationBook_Air_Force_PB_2016.xml","b7250a7bc654675ae44d6d62c2bb1e4e483647e362d5d04206595c9b29029aa8","4-0409e906370c09a38ceccb9afe0340af77b131265aa8e5616db06f70617eb761","1-53b9ace54c3faec0f778c939181165d2ec1567db7e4b5b725790715aa9ae0de0","root.record.ItemExhibitList.P5Item"
"FY18 Incremental Funding (3021)","","","","","","","","","","","","","","","","","","-4.712","0","-4.712","","","","","","","","","2016-BASE_PROCUREMENT-2016-AIRFORCE_MISSILE-PROCUREMENT_JustificationBook_Air_Force_PB_2016.zzz_unzipped-PROCUREMENT_JustificationBook_Air_Force_PB_2016.xml","b7250a7bc654675ae44d6d62c2bb1e4e483647e362d5d04206595c9b29029aa8","5-41d636e99290cb893f40bcc92fe3598000ba1cd1afd21af905eb94412ee49690","1-53b9ace54c3faec0f778c939181165d2ec1567db7e4b5b725790715aa9ae0de0","root.record.ItemExhibitList.P5Item"
"GEO 5-6 Launch Vehicle and Range Integration","","","","","","","","","","","","","","","","","","0.158","0","2.415","0.286","1.971","","","","","","","2016-BASE_PROCUREMENT-2016-AIRFORCE_MISSILE-PROCUREMENT_JustificationBook_Air_Force_PB_2016.zzz_unzipped-PROCUREMENT_JustificationBook_Air_Force_PB_2016.xml","b7250a7bc654675ae44d6d62c2bb1e4e483647e362d5d04206595c9b29029aa8","6-945b1bad5b0f0e6aebf327e58d9f816ae913dc02ae4193eef996763af4ea5916","1-53b9ace54c3faec0f778c939181165d2ec1567db7e4b5b725790715aa9ae0de0","root.record.ItemExhibitList.P5Item"
"HEO 3-4 Obsolescence Non-Recurring","","","","","","","","","","","","","","","","","","155.384","0","155.384","","","","","","","","","2016-BASE_PROCUREMENT-2016-AIRFORCE_MISSILE-PROCUREMENT_JustificationBook_Air_Force_PB_2016.zzz_unzipped-PROCUREMENT_JustificationBook_Air_Force_PB_2016.xml","b7250a7bc654675ae44d6d62c2bb1e4e483647e362d5d04206595c9b29029aa8","0-6f48ce5f14ee48203180b835d12b2568c8a68777fd1b6defbfcb8283288e5246","2-c5bc18c4ed3b1b7a3f9bc10f0587637747e4f11686acc61be6384396ce7d4461","root.record.ItemExhibitList.P5Item"
"HEO 3-4 Launch Vehicle and Range Integration","","","","","","","","","","","","","","","","","","3.371","0","3.603","","0.232","","","","","","","2016-BASE_PROCUREMENT-2016-AIRFORCE_MISSILE-PROCUREMENT_JustificationBook_Air_Force_PB_2016.zzz_unzipped-PROCUREMENT_JustificationBook_Air_Force_PB_2016.xml","b7250a7bc654675ae44d6d62c2bb1e4e483647e362d5d04206595c9b29029aa8","1-9e1c4d9679918df565d44390734a596d669e148ece9b73ef258c3d6d843183a7","2-c5bc18c4ed3b1b7a3f9bc10f0587637747e4f11686acc61be6384396ce7d4461","root.record.ItemExhibitList.P5Item"
"GEO 3-4 Obsolescence Non-Recurring","","","","","","","","","","","","","","","","","","438.772","0","438.772","","","","","","","","","2016-BASE_PROCUREMENT-2016-AIRFORCE_MISSILE-PROCUREMENT_MasterJustificationBook_Air_Force_PB_2016.zzz_unzipped-PROCUREMENT_MasterJustificationBook_Air_Force_PB_2016.xml","c2682d49efaf19193dea2762b72643b49faaa2c67e9ab748e3149c7c25e9e852","0-a449f713ffc9ac0859978c4f94ecfcc1cc35ce789a4c4f0b2892d8c2813821dc","0-5e480ae7624c00b072d13b779c39493cd61ad0a3f400276bcb150cd66eb6a331","root.record.ItemExhibitList.P5Item"
"GEO 3-4 Launch Vehicle and Range Integration","","","","","","","","","","","","","","","","","","1.807","0","12.838","4.284","6.747","","","","","","","2016-BASE_PROCUREMENT-2016-AIRFORCE_MISSILE-PROCUREMENT_MasterJustificationBook_Air_Force_PB_2016.zzz_unzipped-PROCUREMENT_MasterJustificationBook_Air_Force_PB_2016.xml","c2682d49efaf19193dea2762b72643b49faaa2c67e9ab748e3149c7c25e9e852","1-ac33ad7dd3487cad3e7f096b586b8a08f1413a12e0938957699e7900c3ffa057","0-5e480ae7624c00b072d13b779c39493cd61ad0a3f400276bcb150cd66eb6a331","root.record.ItemExhibitList.P5Item"
"GEO 5-6 Obsolescence Non-Recurring","","","","","","","","","","","","","","","","","","461.824","0","599.227","77.942","59.461","","","","","","","2016-BASE_PROCUREMENT-2016-AIRFORCE_MISSILE-PROCUREMENT_MasterJustificationBook_Air_Force_PB_2016.zzz_unzipped-PROCUREMENT_MasterJustificationBook_Air_Force_PB_2016.xml","c2682d49efaf19193dea2762b72643b49faaa2c67e9ab748e3149c7c25e9e852","0-73544df6b13a02ef12cb153fae2bf2f25d960006c2e76548b451c0324988fb27","1-0f41306b90842b4be66a9947895ed38e2d884a0c3a55f98a7412e4d24f7c306d","root.record.ItemExhibitList.P5Item"
"FY14 Incremental Funding","","","","","","","","","","","","","","","","","","-77.942","0","-77.942","","","","","","","","","2016-BASE_PROCUREMENT-2016-AIRFORCE_MISSILE-PROCUREMENT_MasterJustificationBook_Air_Force_PB_2016.zzz_unzipped-PROCUREMENT_MasterJustificationBook_Air_Force_PB_2016.xml","c2682d49efaf19193dea2762b72643b49faaa2c67e9ab748e3149c7c25e9e852","1-705c5d5f14f81864b70e3896fed2fd90ada1e49a8a7f2685c4384c92b8492096","1-0f41306b90842b4be66a9947895ed38e2d884a0c3a55f98a7412e4d24f7c306d","root.record.ItemExhibitList.P5Item"
"FY15 Incremental Funding","","","","","","","","","","","","","","","","","","-59.461","0","-59.461","","","","","","","","","2016-BASE_PROCUREMENT-2016-AIRFORCE_MISSILE-PROCUREMENT_MasterJustificationBook_Air_Force_PB_2016.zzz_unzipped-PROCUREMENT_MasterJustificationBook_Air_Force_PB_2016.xml","c2682d49efaf19193dea2762b72643b49faaa2c67e9ab748e3149c7c25e9e852","2-65ffaf56055876977d417a23c7faf4ef792e61393afe7b250947a91651c9b87b","1-0f41306b90842b4be66a9947895ed38e2d884a0c3a55f98a7412e4d24f7c306d","root.record.ItemExhibitList.P5Item"
"FY16 Incremental Funding (3021)","","","","","","","","","","","","","","","","","","-25.508","0","-25.508","","","","","","","","","2016-BASE_PROCUREMENT-2016-AIRFORCE_MISSILE-PROCUREMENT_MasterJustificationBook_Air_Force_PB_2016.zzz_unzipped-PROCUREMENT_MasterJustificationBook_Air_Force_PB_2016.xml","c2682d49efaf19193dea2762b72643b49faaa2c67e9ab748e3149c7c25e9e852","3-ba0d1a29d3ad201ed379bb9f2510156a019c21c955534fa4dd0fa4dc722c79c5","1-0f41306b90842b4be66a9947895ed38e2d884a0c3a55f98a7412e4d24f7c306d","root.record.ItemExhibitList.P5Item"
"FY17 Incremental Funding (3021)","","","","","","","","","","","","","","","","","","-13.235","0","-13.235","","","","","","","","","2016-BASE_PROCUREMENT-2016-AIRFORCE_MISSILE-PROCUREMENT_MasterJustificationBook_Air_Force_PB_2016.zzz_unzipped-PROCUREMENT_MasterJustificationBook_Air_Force_PB_2016.xml","c2682d49efaf19193dea2762b72643b49faaa2c67e9ab748e3149c7c25e9e852","4-d04c5fe74c31562e8b27f3636f3b0f7ace898c0474dacab87fd751a786b74bfb","1-0f41306b90842b4be66a9947895ed38e2d884a0c3a55f98a7412e4d24f7c306d","root.record.ItemExhibitList.P5Item"
"FY18 Incremental Funding (3021)","","","","","","","","","","","","","","","","","","-4.712","0","-4.712","","","","","","","","","2016-BASE_PROCUREMENT-2016-AIRFORCE_MISSILE-PROCUREMENT_MasterJustificationBook_Air_Force_PB_2016.zzz_unzipped-PROCUREMENT_MasterJustificationBook_Air_Force_PB_2016.xml","c2682d49efaf19193dea2762b72643b49faaa2c67e9ab748e3149c7c25e9e852","5-5c752f446d51d9c466bb81da7b955004a32eb250f1787188524588bbbcdb8635","1-0f41306b90842b4be66a9947895ed38e2d884a0c3a55f98a7412e4d24f7c306d","root.record.ItemExhibitList.P5Item"
"GEO 5-6 Launch Vehicle and Range Integration","","","","","","","","","","","","","","","","","","0.158","0","2.415","0.286","1.971","","","","","","","2016-BASE_PROCUREMENT-2016-AIRFORCE_MISSILE-PROCUREMENT_MasterJustificationBook_Air_Force_PB_2016.zzz_unzipped-PROCUREMENT_MasterJustificationBook_Air_Force_PB_2016.xml","c2682d49efaf19193dea2762b72643b49faaa2c67e9ab748e3149c7c25e9e852","6-22b1e0d1569c7cf2d92147b6e4e5c401d730af290ed26296f192a89c45233f77","1-0f41306b90842b4be66a9947895ed38e2d884a0c3a55f98a7412e4d24f7c306d","root.record.ItemExhibitList.P5Item"
"HEO 3-4 Obsolescence Non-Recurring","","","","","","","","","","","","","","","","","","155.384","0","155.384","","","","","","","","","2016-BASE_PROCUREMENT-2016-AIRFORCE_MISSILE-PROCUREMENT_MasterJustificationBook_Air_Force_PB_2016.zzz_unzipped-PROCUREMENT_MasterJustificationBook_Air_Force_PB_2016.xml","c2682d49efaf19193dea2762b72643b49faaa2c67e9ab748e3149c7c25e9e852","0-7688fca12b7854c19a031edf59ffdcaa682de1f278f351c575678a16d3971f6b","2-e341280df380d2d9400e39ea247c28f33f3810afaee093c58328264bacf024e0","root.record.ItemExhibitList.P5Item"
"HEO 3-4 Launch Vehicle and Range Integration","","","","","","","","","","","","","","","","","","3.371","0","3.603","","0.232","","","","","","","2016-BASE_PROCUREMENT-2016-AIRFORCE_MISSILE-PROCUREMENT_MasterJustificationBook_Air_Force_PB_2016.zzz_unzipped-PROCUREMENT_MasterJustificationBook_Air_Force_PB_2016.xml","c2682d49efaf19193dea2762b72643b49faaa2c67e9ab748e3149c7c25e9e852","1-728ab83f933f5d67484d8bc7a655cc7f95ad3f4702df5e42e8ca5531cf2a28a6","2-e341280df380d2d9400e39ea247c28f33f3810afaee093c58328264bacf024e0","root.record.ItemExhibitList.P5Item"
"GPS III SV11+ Non Recurring Engineering (NRE)","","","","","","","","","","","","","","","","","","","0","287.3","","","","","","202.2","85.1","","2016-BASE_PROCUREMENT-2016-AIRFORCE_SPACE-PROCUREMENT_JustificationBook_Air_Force_PB_2016.zzz_unzipped-PROCUREMENT_JustificationBook_Air_Force_PB_2016.xml","678e9f85d37c485a8e95cf2f19be22938c446e29fa4a202f939bb30848017f66","0-f3cf380d7585d6120a688472c2d2326ec9e382c0dcbe8d42c304f2e638d4d1e3","0-eca87cd2d5e7a1becd1749c5b60bd5f5830de0cbac27684c7b8f8fc161a878e3","root.record.ItemExhibitList.P5Item"
"GEO 3-4 Obsolescence Non-Recurring","","","","","","","","","","","","","","","","","","0","0","0","","","","","","","","","2016-BASE_PROCUREMENT-2016-AIRFORCE_SPACE-PROCUREMENT_JustificationBook_Air_Force_PB_2016.zzz_unzipped-PROCUREMENT_JustificationBook_Air_Force_PB_2016.xml","287b62771054d0f13cd631e4cc2a4355b1a7900fa72ee0f32c62ae772146f461","0-84238457a8b6b24c0b4762ff0bf2e62889ba04e61065d279ca11d05364c9afae","0-1bad1d55e252195b10b88c30405e3de6c1a1b8e435774ddd580783b37568a168","root.record.ItemExhibitList.P5Item"
"GEO 3-4 Launch Vehicle and Range Integration","","","","","","","","","","","","","","","","","","","0","16.621","","","8.317","8.317","7.178","1.126","","","2016-BASE_PROCUREMENT-2016-AIRFORCE_SPACE-PROCUREMENT_JustificationBook_Air_Force_PB_2016.zzz_unzipped-PROCUREMENT_JustificationBook_Air_Force_PB_2016.xml","287b62771054d0f13cd631e4cc2a4355b1a7900fa72ee0f32c62ae772146f461","1-20652d29464145e575f942fd0e4a13c224cac3115d153c12137e090a2afa5361","0-1bad1d55e252195b10b88c30405e3de6c1a1b8e435774ddd580783b37568a168","root.record.ItemExhibitList.P5Item"
"GEO 5-6 Obsolescence Non-Recurring","","","","","","","","","","","","","","","","","","","0","43.455","","","25.508","25.508","13.235","4.712","","","2016-BASE_PROCUREMENT-2016-AIRFORCE_SPACE-PROCUREMENT_JustificationBook_Air_Force_PB_2016.zzz_unzipped-PROCUREMENT_JustificationBook_Air_Force_PB_2016.xml","287b62771054d0f13cd631e4cc2a4355b1a7900fa72ee0f32c62ae772146f461","0-426870ce64c6ab5513c771164fafd870fc4bed5ac9543e6f5d1b95a3bdc36258","1-aad6fa740b1701b388de112cadac3460e94e0c8f5551bfcccd22fd22c0bbb9d8","root.record.ItemExhibitList.P5Item"
"GEO 5-6 Launch Vehicle and Range Integration","","","","","","","","","","","","","","","","","","","5.08","71.594","","","11.922","11.922","10.168","37.001","1.673","5.75","2016-BASE_PROCUREMENT-2016-AIRFORCE_SPACE-PROCUREMENT_JustificationBook_Air_Force_PB_2016.zzz_unzipped-PROCUREMENT_JustificationBook_Air_Force_PB_2016.xml","287b62771054d0f13cd631e4cc2a4355b1a7900fa72ee0f32c62ae772146f461","1-7e7f6fa920b470e6d1f739cb3da9f36378e6deb9ff1d911203b13f198338c053","1-aad6fa740b1701b388de112cadac3460e94e0c8f5551bfcccd22fd22c0bbb9d8","root.record.ItemExhibitList.P5Item"
"HEO 3-4 Obsolescence Non-Recurring","","","","","","","","","","","","","","","","","","0","0","0","","","","","","","","","2016-BASE_PROCUREMENT-2016-AIRFORCE_SPACE-PROCUREMENT_JustificationBook_Air_Force_PB_2016.zzz_unzipped-PROCUREMENT_JustificationBook_Air_Force_PB_2016.xml","287b62771054d0f13cd631e4cc2a4355b1a7900fa72ee0f32c62ae772146f461","0-d1c6ef4c434d80ffebe726f4302040ae38b8444a20ad3ff39f722f369d03d18a","2-caff949742d2482c526b0a053b376ce50cce63a164f154245cab88bfd6d40e2f","root.record.ItemExhibitList.P5Item"
"HEO 3-4 Launch Vehicle and Range Integration","","","","","","","","","","","","","","","","","","0","0","0","","","","","","","","","2016-BASE_PROCUREMENT-2016-AIRFORCE_SPACE-PROCUREMENT_JustificationBook_Air_Force_PB_2016.zzz_unzipped-PROCUREMENT_JustificationBook_Air_Force_PB_2016.xml","287b62771054d0f13cd631e4cc2a4355b1a7900fa72ee0f32c62ae772146f461","1-f12d35f72ff3c69751af448239488b7e026fb3ed0b273a9865aff02155bb306b","2-caff949742d2482c526b0a053b376ce50cce63a164f154245cab88bfd6d40e2f","root.record.ItemExhibitList.P5Item"
"GPS III SV11+ Non Recurring Engineering (NRE)","","","","","","","","","","","","","","","","","","","0","287.3","","","","","","202.2","85.1","","2016-BASE_PROCUREMENT-2016-AIRFORCE_SPACE-PROCUREMENT_MasterJustificationBook_Air_Force_PB_2016.zzz_unzipped-PROCUREMENT_MasterJustificationBook_Air_Force_PB_2016.xml","c5a4557238b31f1521498953a3c7e3ef4b25abd540d107617a261a54274c2734","0-fefaec70099441f7dee6ecfe146cf59f7945c379d0370e2178dd64895063db67","0-f1f97a5f8abd626e39ca9e4e4e886d46e2ad6b82e620df8e70c01d832ff8a858","root.record.ItemExhibitList.P5Item"
"GEO 3-4 Obsolescence Non-Recurring","","","","","","","","","","","","","","","","","","0","0","0","","","","","","","","","2016-BASE_PROCUREMENT-2016-AIRFORCE_SPACE-PROCUREMENT_MasterJustificationBook_Air_Force_PB_2016.zzz_unzipped-PROCUREMENT_MasterJustificationBook_Air_Force_PB_2016.xml","f8d9619bd1899c8e2ae8e81d8b2b51cac6d373193ca0be49716a61749c39d71f","0-466b2675bf836703c750ad9e61660ed4826b62e9c156a7a69d4d55aa82e280c9","0-b2dc84f825056b80a5e21f9fbe8d93b425ab04b4e9699aef2667d5bd56857d80","root.record.ItemExhibitList.P5Item"
"GEO 3-4 Launch Vehicle and Range Integration","","","","","","","","","","","","","","","","","","","0","16.621","","","8.317","8.317","7.178","1.126","","","2016-BASE_PROCUREMENT-2016-AIRFORCE_SPACE-PROCUREMENT_MasterJustificationBook_Air_Force_PB_2016.zzz_unzipped-PROCUREMENT_MasterJustificationBook_Air_Force_PB_2016.xml","f8d9619bd1899c8e2ae8e81d8b2b51cac6d373193ca0be49716a61749c39d71f","1-bd6c7cf36684d2f56eb9bab05cbb0d3e909feca0f0966e763b7e3a5b41c27c8e","0-b2dc84f825056b80a5e21f9fbe8d93b425ab04b4e9699aef2667d5bd56857d80","root.record.ItemExhibitList.P5Item"
"GEO 5-6 Obsolescence Non-Recurring","","","","","","","","","","","","","","","","","","","0","43.455","","","25.508","25.508","13.235","4.712","","","2016-BASE_PROCUREMENT-2016-AIRFORCE_SPACE-PROCUREMENT_MasterJustificationBook_Air_Force_PB_2016.zzz_unzipped-PROCUREMENT_MasterJustificationBook_Air_Force_PB_2016.xml","f8d9619bd1899c8e2ae8e81d8b2b51cac6d373193ca0be49716a61749c39d71f","0-0665c11bfd1007ad76f02446b0e28e967cbc818cb49c0ff7c56ebc2e23b30009","1-041eb45c6a4b77e704d1ba875a2d93f8f901475c7f4b53ac63d4f44bba5be46b","root.record.ItemExhibitList.P5Item"
"GEO 5-6 Launch Vehicle and Range Integration","","","","","","","","","","","","","","","","","","","5.08","71.594","","","11.922","11.922","10.168","37.001","1.673","5.75","2016-BASE_PROCUREMENT-2016-AIRFORCE_SPACE-PROCUREMENT_MasterJustificationBook_Air_Force_PB_2016.zzz_unzipped-PROCUREMENT_MasterJustificationBook_Air_Force_PB_2016.xml","f8d9619bd1899c8e2ae8e81d8b2b51cac6d373193ca0be49716a61749c39d71f","1-6ed7f47aa94d13ff8d86b2a16dc41c9c70bfd6d67201f518abf49b38912c8970","1-041eb45c6a4b77e704d1ba875a2d93f8f901475c7f4b53ac63d4f44bba5be46b","root.record.ItemExhibitList.P5Item"
"HEO 3-4 Obsolescence Non-Recurring","","","","","","","","","","","","","","","","","","0","0","0","","","","","","","","","2016-BASE_PROCUREMENT-2016-AIRFORCE_SPACE-PROCUREMENT_MasterJustificationBook_Air_Force_PB_2016.zzz_unzipped-PROCUREMENT_MasterJustificationBook_Air_Force_PB_2016.xml","f8d9619bd1899c8e2ae8e81d8b2b51cac6d373193ca0be49716a61749c39d71f","0-dc2df1c5f13c10814251a17e98e459e37edaa392385da14b4ba799c45d771b59","2-70ca55325ef2f19e2b68a6271edfa4f77542599ad00a15c2c7e20439ff2a894b","root.record.ItemExhibitList.P5Item"
"HEO 3-4 Launch Vehicle and Range Integration","","","","","","","","","","","","","","","","","","0","0","0","","","","","","","","","2016-BASE_PROCUREMENT-2016-AIRFORCE_SPACE-PROCUREMENT_MasterJustificationBook_Air_Force_PB_2016.zzz_unzipped-PROCUREMENT_MasterJustificationBook_Air_Force_PB_2016.xml","f8d9619bd1899c8e2ae8e81d8b2b51cac6d373193ca0be49716a61749c39d71f","1-eabe2605d15f9ffd6215fbbc25f3f65b23698d581ecd38652a058410eeaa7c89","2-70ca55325ef2f19e2b68a6271edfa4f77542599ad00a15c2c7e20439ff2a894b","root.record.ItemExhibitList.P5Item"
"GEO 3-4 Obsolescence Non-Recurring","","","","","","","","","","","","","","","","","","450.511","0","450.511","","","","","","","","","2017-BASE_PROCUREMENT-2017-AIRFORCE_MISSILE-U_PROCUREMENT_JustificationBook_Air_Force_PB_2017.zzz_unzipped-U_PROCUREMENT_JustificationBook_Air_Force_PB_2017.xml","0044feba6c5f103dc52333af25237d8df99ab8495c014e88535cc38b2a15aca5","0-0af05094acc7fbea12e9f4223932cacee33574c2ec9fa22bbabbc9831743af72","0-65d5e84a65cee02017e86ef81141b8f855037c83679a9532973a687a11121826","root.record.ItemExhibitList.P5Item"
"GEO 3-4 Launch Vehicle and Range Integration","","","","","","","","","","","","","","","","","","0.303","0","18.851","18.548","","","","","","","","2017-BASE_PROCUREMENT-2017-AIRFORCE_MISSILE-U_PROCUREMENT_JustificationBook_Air_Force_PB_2017.zzz_unzipped-U_PROCUREMENT_JustificationBook_Air_Force_PB_2017.xml","0044feba6c5f103dc52333af25237d8df99ab8495c014e88535cc38b2a15aca5","1-e83bb0f23635398c95d69f4cade27be70b48d5a6f723c0a329d6cec9f33dd893","0-65d5e84a65cee02017e86ef81141b8f855037c83679a9532973a687a11121826","root.record.ItemExhibitList.P5Item"
"GEO 5-6 Obsolescence Non-Recurring","","","","","","","","","","","","","","","","","","461.824","0","521.285","59.461","","","","","","","","2017-BASE_PROCUREMENT-2017-AIRFORCE_MISSILE-U_PROCUREMENT_JustificationBook_Air_Force_PB_2017.zzz_unzipped-U_PROCUREMENT_JustificationBook_Air_Force_PB_2017.xml","0044feba6c5f103dc52333af25237d8df99ab8495c014e88535cc38b2a15aca5","0-7b08812256b3c89aa49e24d2afcc9efbd59a9889807c12e2f1265c434e7ef69c","1-5e818a1f12fc2348234ba67d010edfcfb1397efcbae9adf5ea127a57abc7eb8c","root.record.ItemExhibitList.P5Item"
"FY15 Incremental Funding","","","","","","","","","","","","","","","","","","-59.461","0","-59.461","","","","","","","","","2017-BASE_PROCUREMENT-2017-AIRFORCE_MISSILE-U_PROCUREMENT_JustificationBook_Air_Force_PB_2017.zzz_unzipped-U_PROCUREMENT_JustificationBook_Air_Force_PB_2017.xml","0044feba6c5f103dc52333af25237d8df99ab8495c014e88535cc38b2a15aca5","1-6b9b74a1e0695119d04861b2afc9f6aca325f620714d87f2dc0369da5b14c55f","1-5e818a1f12fc2348234ba67d010edfcfb1397efcbae9adf5ea127a57abc7eb8c","root.record.ItemExhibitList.P5Item"
"FY16 Incremental Funding (3021)","","","","","","","","","","","","","","","","","","-25.508","0","-25.508","","","","","","","","","2017-BASE_PROCUREMENT-2017-AIRFORCE_MISSILE-U_PROCUREMENT_JustificationBook_Air_Force_PB_2017.zzz_unzipped-U_PROCUREMENT_JustificationBook_Air_Force_PB_2017.xml","0044feba6c5f103dc52333af25237d8df99ab8495c014e88535cc38b2a15aca5","2-a0fde146458736c39a4a238dc9a15e8439e37266e38edd9aedaabfe1995cdab6","1-5e818a1f12fc2348234ba67d010edfcfb1397efcbae9adf5ea127a57abc7eb8c","root.record.ItemExhibitList.P5Item"
"FY17 Incremental Funding (3021)","","","","","","","","","","","","","","","","","","-13.235","0","-13.235","","","","","","","","","2017-BASE_PROCUREMENT-2017-AIRFORCE_MISSILE-U_PROCUREMENT_JustificationBook_Air_Force_PB_2017.zzz_unzipped-U_PROCUREMENT_JustificationBook_Air_Force_PB_2017.xml","0044feba6c5f103dc52333af25237d8df99ab8495c014e88535cc38b2a15aca5","3-105df766ba76e54bb2bec1a847a2b23529fcfe1b0c765be7d4e2c564385c0d7a","1-5e818a1f12fc2348234ba67d010edfcfb1397efcbae9adf5ea127a57abc7eb8c","root.record.ItemExhibitList.P5Item"
"FY18 Incremental Funding (3021)","","","","","","","","","","","","","","","","","","-4.712","0","-4.712","","","","","","","","","2017-BASE_PROCUREMENT-2017-AIRFORCE_MISSILE-U_PROCUREMENT_JustificationBook_Air_Force_PB_2017.zzz_unzipped-U_PROCUREMENT_JustificationBook_Air_Force_PB_2017.xml","0044feba6c5f103dc52333af25237d8df99ab8495c014e88535cc38b2a15aca5","4-e643493219dd0c0d79e9c59bb265b37068d950c47557582220070c1d051e3924","1-5e818a1f12fc2348234ba67d010edfcfb1397efcbae9adf5ea127a57abc7eb8c","root.record.ItemExhibitList.P5Item"
"GEO 5-6 Launch Vehicle and Range Integration","","","","","","","","","","","","","","","","","","0.286","0","0.836","0.55","","","","","","","","2017-BASE_PROCUREMENT-2017-AIRFORCE_MISSILE-U_PROCUREMENT_JustificationBook_Air_Force_PB_2017.zzz_unzipped-U_PROCUREMENT_JustificationBook_Air_Force_PB_2017.xml","0044feba6c5f103dc52333af25237d8df99ab8495c014e88535cc38b2a15aca5","5-e299229eb343c7500329ad5f61ba878bf27f38908d97734fa1dcad5edec3191e","1-5e818a1f12fc2348234ba67d010edfcfb1397efcbae9adf5ea127a57abc7eb8c","root.record.ItemExhibitList.P5Item"
"HEO 3-4 Obsolescence Non-Recurring","","","","","","","","","","","","","","","","","","158.796","0","158.796","","","","","","","","","2017-BASE_PROCUREMENT-2017-AIRFORCE_MISSILE-U_PROCUREMENT_JustificationBook_Air_Force_PB_2017.zzz_unzipped-U_PROCUREMENT_JustificationBook_Air_Force_PB_2017.xml","0044feba6c5f103dc52333af25237d8df99ab8495c014e88535cc38b2a15aca5","0-21c171db78bca2336c10090cf79ca046c21facf859030058abcc76533ef8e3f6","2-b1c0718086cec707186ef9c3592ab538381eab57a05c991e1fcedebd7e226642","root.record.ItemExhibitList.P5Item"
"HEO 3-4 Launch Vehicle and Range Integration","","","","","","","","","","","","","","","","","","3.376","0","3.608","0.232","","","","","","","","2017-BASE_PROCUREMENT-2017-AIRFORCE_MISSILE-U_PROCUREMENT_JustificationBook_Air_Force_PB_2017.zzz_unzipped-U_PROCUREMENT_JustificationBook_Air_Force_PB_2017.xml","0044feba6c5f103dc52333af25237d8df99ab8495c014e88535cc38b2a15aca5","1-1b127d577813d3376f6da4ae093a29c55eb2abb6392e0c38a491e67a798a2f76","2-b1c0718086cec707186ef9c3592ab538381eab57a05c991e1fcedebd7e226642","root.record.ItemExhibitList.P5Item"
"GEO 3-4 Obsolescence Non-Recurring","","","","","","","","","","","","","","","","","","450.511","0","450.511","","","","","","","","","2017-BASE_PROCUREMENT-2017-AIRFORCE_MISSILE-U_PROCUREMENT_MasterJustificationBook_Air_Force_PB_2017.zzz_unzipped-U_PROCUREMENT_MasterJustificationBook_Air_Force_PB_2017.xml","ba076296aff15c2f2961886b84d8a001a53c229bc2b8cc2bff1bf90636aa7516","0-53490aadbbf3fbf6574703c118601835296f430bae9c95c7355c182f117f7e33","0-e7224e0694c002c637938257cee736040ac81d3c57d2018287ae1048fe27a11e","root.record.ItemExhibitList.P5Item"
"GEO 3-4 Launch Vehicle and Range Integration","","","","","","","","","","","","","","","","","","0.303","0","18.851","18.548","","","","","","","","2017-BASE_PROCUREMENT-2017-AIRFORCE_MISSILE-U_PROCUREMENT_MasterJustificationBook_Air_Force_PB_2017.zzz_unzipped-U_PROCUREMENT_MasterJustificationBook_Air_Force_PB_2017.xml","ba076296aff15c2f2961886b84d8a001a53c229bc2b8cc2bff1bf90636aa7516","1-6fe4936fda7a336fbb59a25e8424b56a3841f774ea78f5024bd32fbfef8c8bc2","0-e7224e0694c002c637938257cee736040ac81d3c57d2018287ae1048fe27a11e","root.record.ItemExhibitList.P5Item"
"GEO 5-6 Obsolescence Non-Recurring","","","","","","","","","","","","","","","","","","461.824","0","521.285","59.461","","","","","","","","2017-BASE_PROCUREMENT-2017-AIRFORCE_MISSILE-U_PROCUREMENT_MasterJustificationBook_Air_Force_PB_2017.zzz_unzipped-U_PROCUREMENT_MasterJustificationBook_Air_Force_PB_2017.xml","ba076296aff15c2f2961886b84d8a001a53c229bc2b8cc2bff1bf90636aa7516","0-3eb169aad3dc543aea617ff7bf6c01a477b2fb3123b34068e89253efd4950f21","1-4cd4a92149642edd39184cfc422526f0447ca2538979364ce3ae20a7f1e6d31d","root.record.ItemExhibitList.P5Item"
"FY15 Incremental Funding","","","","","","","","","","","","","","","","","","-59.461","0","-59.461","","","","","","","","","2017-BASE_PROCUREMENT-2017-AIRFORCE_MISSILE-U_PROCUREMENT_MasterJustificationBook_Air_Force_PB_2017.zzz_unzipped-U_PROCUREMENT_MasterJustificationBook_Air_Force_PB_2017.xml","ba076296aff15c2f2961886b84d8a001a53c229bc2b8cc2bff1bf90636aa7516","1-959361dc8896f91197870b24357135297e6a774174c600c324ce82193ef5a44c","1-4cd4a92149642edd39184cfc422526f0447ca2538979364ce3ae20a7f1e6d31d","root.record.ItemExhibitList.P5Item"
"FY16 Incremental Funding (3021)","","","","","","","","","","","","","","","","","","-25.508","0","-25.508","","","","","","","","","2017-BASE_PROCUREMENT-2017-AIRFORCE_MISSILE-U_PROCUREMENT_MasterJustificationBook_Air_Force_PB_2017.zzz_unzipped-U_PROCUREMENT_MasterJustificationBook_Air_Force_PB_2017.xml","ba076296aff15c2f2961886b84d8a001a53c229bc2b8cc2bff1bf90636aa7516","2-d24f19969333cb9079eff83e4bb07e0efb9dce4894304c7c56cd11a7ef520b52","1-4cd4a92149642edd39184cfc422526f0447ca2538979364ce3ae20a7f1e6d31d","root.record.ItemExhibitList.P5Item"
"FY17 Incremental Funding (3021)","","","","","","","","","","","","","","","","","","-13.235","0","-13.235","","","","","","","","","2017-BASE_PROCUREMENT-2017-AIRFORCE_MISSILE-U_PROCUREMENT_MasterJustificationBook_Air_Force_PB_2017.zzz_unzipped-U_PROCUREMENT_MasterJustificationBook_Air_Force_PB_2017.xml","ba076296aff15c2f2961886b84d8a001a53c229bc2b8cc2bff1bf90636aa7516","3-4a6a8dcea00492c057fcff717ad03763048247f794d161d95858330aecb7164d","1-4cd4a92149642edd39184cfc422526f0447ca2538979364ce3ae20a7f1e6d31d","root.record.ItemExhibitList.P5Item"
"FY18 Incremental Funding (3021)","","","","","","","","","","","","","","","","","","-4.712","0","-4.712","","","","","","","","","2017-BASE_PROCUREMENT-2017-AIRFORCE_MISSILE-U_PROCUREMENT_MasterJustificationBook_Air_Force_PB_2017.zzz_unzipped-U_PROCUREMENT_MasterJustificationBook_Air_Force_PB_2017.xml","ba076296aff15c2f2961886b84d8a001a53c229bc2b8cc2bff1bf90636aa7516","4-1d6a73281002965da8901080520afa5ebee678e211e71649ba921808751593f5","1-4cd4a92149642edd39184cfc422526f0447ca2538979364ce3ae20a7f1e6d31d","root.record.ItemExhibitList.P5Item"
"GEO 5-6 Launch Vehicle and Range Integration","","","","","","","","","","","","","","","","","","0.286","0","0.836","0.55","","","","","","","","2017-BASE_PROCUREMENT-2017-AIRFORCE_MISSILE-U_PROCUREMENT_MasterJustificationBook_Air_Force_PB_2017.zzz_unzipped-U_PROCUREMENT_MasterJustificationBook_Air_Force_PB_2017.xml","ba076296aff15c2f2961886b84d8a001a53c229bc2b8cc2bff1bf90636aa7516","5-5329e13b8b0f8de04da8ce7b712f95c0dfb777ba2c47469093195d8c7437f799","1-4cd4a92149642edd39184cfc422526f0447ca2538979364ce3ae20a7f1e6d31d","root.record.ItemExhibitList.P5Item"
"HEO 3-4 Obsolescence Non-Recurring","","","","","","","","","","","","","","","","","","158.796","0","158.796","","","","","","","","","2017-BASE_PROCUREMENT-2017-AIRFORCE_MISSILE-U_PROCUREMENT_MasterJustificationBook_Air_Force_PB_2017.zzz_unzipped-U_PROCUREMENT_MasterJustificationBook_Air_Force_PB_2017.xml","ba076296aff15c2f2961886b84d8a001a53c229bc2b8cc2bff1bf90636aa7516","0-aec32c64f99681ce24878a7146271fff11340ea6d0ce767e4ab51a0a8efcaca1","2-ad0e1ffbf40bfa07e5369956d3cf917516312f64d1ff03639bbdc34324d00ad3","root.record.ItemExhibitList.P5Item"
"HEO 3-4 Launch Vehicle and Range Integration","","","","","","","","","","","","","","","","","","3.376","0","3.608","0.232","","","","","","","","2017-BASE_PROCUREMENT-2017-AIRFORCE_MISSILE-U_PROCUREMENT_MasterJustificationBook_Air_Force_PB_2017.zzz_unzipped-U_PROCUREMENT_MasterJustificationBook_Air_Force_PB_2017.xml","ba076296aff15c2f2961886b84d8a001a53c229bc2b8cc2bff1bf90636aa7516","1-e5e6493edc7c80ec8bd471cad86cf654193e02e6a25fd7a6e8b8251905660fd1","2-ad0e1ffbf40bfa07e5369956d3cf917516312f64d1ff03639bbdc34324d00ad3","root.record.ItemExhibitList.P5Item"
"GEO 3-4 Obsolescence Non-Recurring","","","","","","","","","","","","","","","","","","0","0","0","","","","","","","","","2017-BASE_PROCUREMENT-2017-AIRFORCE_SPACE-U_PROCUREMENT_JustificationBook_Air_Force_PB_2017.zzz_unzipped-U_PROCUREMENT_JustificationBook_Air_Force_PB_2017.xml","47a5432172342821db8a8588f41755940326caa43b9180a0dbf6bec4e452e639","0-3c2cc9dfc574a6d28ae77f9b10803b55df2263a4917db9d2415c3feea3ca1e5a","0-384c2fbd1e53fe525db6939328b309afe100957a62ca2165d5544a81b51d4b9a","root.record.ItemExhibitList.P5Item"
"GEO 3-4 Launch Vehicle and Range Integration","","","","","","","","","","","","","","","","","","","0","45.418","","6.813","30.539","30.539","8.066","","","","2017-BASE_PROCUREMENT-2017-AIRFORCE_SPACE-U_PROCUREMENT_JustificationBook_Air_Force_PB_2017.zzz_unzipped-U_PROCUREMENT_JustificationBook_Air_Force_PB_2017.xml","47a5432172342821db8a8588f41755940326caa43b9180a0dbf6bec4e452e639","1-542a0ee6a699bb12ae59aafbf2303c6ca0fb1c1609185838fd58237837c67d94","0-384c2fbd1e53fe525db6939328b309afe100957a62ca2165d5544a81b51d4b9a","root.record.ItemExhibitList.P5Item"
"GEO 5-6 Obsolescence Non-Recurring","","","","","","","","","","","","","","","","","","","0","43.455","","25.508","13.235","13.235","4.712","","","","2017-BASE_PROCUREMENT-2017-AIRFORCE_SPACE-U_PROCUREMENT_JustificationBook_Air_Force_PB_2017.zzz_unzipped-U_PROCUREMENT_JustificationBook_Air_Force_PB_2017.xml","47a5432172342821db8a8588f41755940326caa43b9180a0dbf6bec4e452e639","0-666aad14a409147cd674ac5a6d1a2d09b4c46b68f9e120ebf43752f0fbeb563d","1-873fa0eddd2db9c4a25ce719081c3fbb2b48f76018ca46f2a16597e4b06792a8","root.record.ItemExhibitList.P5Item"
"GEO 5-6 Launch Vehicle and Range Integration","","","","","","","","","","","","","","","","","","","0","71.396","","0","2.13","2.13","27.835","3.643","16.753","21.035","2017-BASE_PROCUREMENT-2017-AIRFORCE_SPACE-U_PROCUREMENT_JustificationBook_Air_Force_PB_2017.zzz_unzipped-U_PROCUREMENT_JustificationBook_Air_Force_PB_2017.xml","47a5432172342821db8a8588f41755940326caa43b9180a0dbf6bec4e452e639","1-cf818ef0d4ebcd6eb70e2e88e47fb97e4d8b5f06ec11d6f11b6c8db4b0f5d030","1-873fa0eddd2db9c4a25ce719081c3fbb2b48f76018ca46f2a16597e4b06792a8","root.record.ItemExhibitList.P5Item"
"HEO 3-4 Obsolescence Non-Recurring","","","","","","","","","","","","","","","","","","0","0","0","","","","","","","","","2017-BASE_PROCUREMENT-2017-AIRFORCE_SPACE-U_PROCUREMENT_JustificationBook_Air_Force_PB_2017.zzz_unzipped-U_PROCUREMENT_JustificationBook_Air_Force_PB_2017.xml","47a5432172342821db8a8588f41755940326caa43b9180a0dbf6bec4e452e639","0-27144495ad403c84a276cd7034222078f6f95613717f416777332aaffe9e2a7f","2-9afa24f02c69d837618c8b028f60596fc33ee759597afc8f7c6ab79592ff6ad4","root.record.ItemExhibitList.P5Item"
"HEO 3-4 Launch Vehicle and Range Integration","","","","","","","","","","","","","","","","","","0","0","0","","","","","","","","","2017-BASE_PROCUREMENT-2017-AIRFORCE_SPACE-U_PROCUREMENT_JustificationBook_Air_Force_PB_2017.zzz_unzipped-U_PROCUREMENT_JustificationBook_Air_Force_PB_2017.xml","47a5432172342821db8a8588f41755940326caa43b9180a0dbf6bec4e452e639","1-9fcf689b777d7d83ec60af04d9f37ade019add4c4f8c0a41a570a912e68a136d","2-9afa24f02c69d837618c8b028f60596fc33ee759597afc8f7c6ab79592ff6ad4","root.record.ItemExhibitList.P5Item"
"GPS III NRE","","","","","","","","","","","","","","","","","","","132.409","683.697","","","","","178.715","225.963","136.204","10.406","2017-BASE_PROCUREMENT-2017-AIRFORCE_SPACE-U_PROCUREMENT_JustificationBook_Air_Force_PB_2017.zzz_unzipped-U_PROCUREMENT_JustificationBook_Air_Force_PB_2017.xml","ac7f5f0c477ea2e319b9718d793e60f8044918482b7746f84839bc5fb8abfd6c","0-0c9d81d1f173f868cc79647421bcef2b6cecea92ec13ddaba11dd7da749b5e8a","0-6c7632ec7cd02538c6ea53806b08610bcdc4f5c1c5429435d7f4b1ba197f21d7","root.record.ItemExhibitList.P5Item"
"GEO 3-4 Obsolescence Non-Recurring","","","","","","","","","","","","","","","","","","0","0","0","","","","","","","","","2017-BASE_PROCUREMENT-2017-AIRFORCE_SPACE-U_PROCUREMENT_MasterJustificationBook_Air_Force_PB_2017.zzz_unzipped-U_PROCUREMENT_MasterJustificationBook_Air_Force_PB_2017.xml","ca5cd995b42dacb4743c610e3e1e282ffec8e42efa472de7418cbaa013fae1dd","0-e75578d90419ff9b4acb1a75af0fe510af899cb2fdf011c46d88ae9009ff3d9d","0-1624988a9f2a64b1f82ac947504ae4740c7cbd92d6d2ddfce56e83037e34fe6f","root.record.ItemExhibitList.P5Item"
"GEO 3-4 Launch Vehicle and Range Integration","","","","","","","","","","","","","","","","","","","0","45.418","","6.813","30.539","30.539","8.066","","","","2017-BASE_PROCUREMENT-2017-AIRFORCE_SPACE-U_PROCUREMENT_MasterJustificationBook_Air_Force_PB_2017.zzz_unzipped-U_PROCUREMENT_MasterJustificationBook_Air_Force_PB_2017.xml","ca5cd995b42dacb4743c610e3e1e282ffec8e42efa472de7418cbaa013fae1dd","1-a7fd0586d206195c5bb4866580757dcf993bf5f6712fe50541a2bc4242fe5d13","0-1624988a9f2a64b1f82ac947504ae4740c7cbd92d6d2ddfce56e83037e34fe6f","root.record.ItemExhibitList.P5Item"
"GEO 5-6 Obsolescence Non-Recurring","","","","","","","","","","","","","","","","","","","0","43.455","","25.508","13.235","13.235","4.712","","","","2017-BASE_PROCUREMENT-2017-AIRFORCE_SPACE-U_PROCUREMENT_MasterJustificationBook_Air_Force_PB_2017.zzz_unzipped-U_PROCUREMENT_MasterJustificationBook_Air_Force_PB_2017.xml","ca5cd995b42dacb4743c610e3e1e282ffec8e42efa472de7418cbaa013fae1dd","0-2a7f9fceecd1f333ad89db4a051636a790dbfc1ac44f438cec836e8932d7a948","1-2fcd76330c3ceead6071c6400b06c16908521284470ce412167f048d1bcee92c","root.record.ItemExhibitList.P5Item"
"GEO 5-6 Launch Vehicle and Range Integration","","","","","","","","","","","","","","","","","","","0","71.396","","0","2.13","2.13","27.835","3.643","16.753","21.035","2017-BASE_PROCUREMENT-2017-AIRFORCE_SPACE-U_PROCUREMENT_MasterJustificationBook_Air_Force_PB_2017.zzz_unzipped-U_PROCUREMENT_MasterJustificationBook_Air_Force_PB_2017.xml","ca5cd995b42dacb4743c610e3e1e282ffec8e42efa472de7418cbaa013fae1dd","1-526e68d8eb784d6971cdbbc9fda0f44da11d3b31f9c528f685f8857c9606905b","1-2fcd76330c3ceead6071c6400b06c16908521284470ce412167f048d1bcee92c","root.record.ItemExhibitList.P5Item"
"HEO 3-4 Obsolescence Non-Recurring","","","","","","","","","","","","","","","","","","0","0","0","","","","","","","","","2017-BASE_PROCUREMENT-2017-AIRFORCE_SPACE-U_PROCUREMENT_MasterJustificationBook_Air_Force_PB_2017.zzz_unzipped-U_PROCUREMENT_MasterJustificationBook_Air_Force_PB_2017.xml","ca5cd995b42dacb4743c610e3e1e282ffec8e42efa472de7418cbaa013fae1dd","0-1d9aff6be4ee862a42a5ef7d03f0df4500115b5613e7ea8108b9cf7eb192f37b","2-dc138c3560e5c3081c57db20d6330646414b6c40d978c536d2abd5b4e9863c41","root.record.ItemExhibitList.P5Item"
"HEO 3-4 Launch Vehicle and Range Integration","","","","","","","","","","","","","","","","","","0","0","0","","","","","","","","","2017-BASE_PROCUREMENT-2017-AIRFORCE_SPACE-U_PROCUREMENT_MasterJustificationBook_Air_Force_PB_2017.zzz_unzipped-U_PROCUREMENT_MasterJustificationBook_Air_Force_PB_2017.xml","ca5cd995b42dacb4743c610e3e1e282ffec8e42efa472de7418cbaa013fae1dd","1-bc3934850badd34a19a2394869b22b39eae306d122058ceadd4fb5aa9945d5f0","2-dc138c3560e5c3081c57db20d6330646414b6c40d978c536d2abd5b4e9863c41","root.record.ItemExhibitList.P5Item"
"GPS III NRE","","","","","","","","","","","","","","","","","","","132.409","683.697","","","","","178.715","225.963","136.204","10.406","2017-BASE_PROCUREMENT-2017-AIRFORCE_SPACE-U_PROCUREMENT_MasterJustificationBook_Air_Force_PB_2017.zzz_unzipped-U_PROCUREMENT_MasterJustificationBook_Air_Force_PB_2017.xml","d04d697926aa20f016e2010f3f7bb3fa4c373c6c6702c3ad57975bf59074690f","0-b30cbbb99a46b482c567a1d1fa53518f837e81f80b1abfcc30d8e5b6993474ca","0-2aafe8b3138b6ad83692de6e0173c9eb98474b091f0998643431c75018c7abab","root.record.ItemExhibitList.P5Item"
"Enterprise SE&I","","","","","","","","","","","","","","","","","","","","","2.302","1.479","","","","","","","2018-BASE_PROCUREMENT-2018-AIRFORCE_SPACE-U_PROCUREMENT_JustificationBook_Air_Force_PB_2018.zzz_unzipped-U_PROCUREMENT_JustificationBook_Air_Force_PB_2018.xml","b09f2a395e28d75920d06a2c4357d3e9862bc725f2eb538802dab0e8246d6e81","0-5f10f75b1e3eb1929620c0058d8d7b4200d4c182cd534cde8684557b9601831b","0-5e80afdd4893ae5a886d975705c58c79426b03ecea49994a0253a68f011e6f6f","root.record.ItemExhibitList.P5Item"
"Technical Mission Analysis (WS)","","","","","","","","","","","","","","","","","","","","","10","10.764","","","","","","","2018-BASE_PROCUREMENT-2018-AIRFORCE_SPACE-U_PROCUREMENT_JustificationBook_Air_Force_PB_2018.zzz_unzipped-U_PROCUREMENT_JustificationBook_Air_Force_PB_2018.xml","b09f2a395e28d75920d06a2c4357d3e9862bc725f2eb538802dab0e8246d6e81","1-d3b9822370b2ec01a61edbc1fa3e41b446753d8e6f4666c1a19fd9acd59878ae","0-5e80afdd4893ae5a886d975705c58c79426b03ecea49994a0253a68f011e6f6f","root.record.ItemExhibitList.P5Item"
"GEO 3-4 Obsolescence Non-Recurring","","","","","","","","","","","","","","","","","","","","","0","","","","","","","","2018-BASE_PROCUREMENT-2018-AIRFORCE_SPACE-U_PROCUREMENT_JustificationBook_Air_Force_PB_2018.zzz_unzipped-U_PROCUREMENT_JustificationBook_Air_Force_PB_2018.xml","349c370ac6bc97a5ad160143ded991d0d22dea7de2bf966fd5e97c39409da319","0-0e1b85d07da96e924029aef5f9faf488cf8b70112ac82141483c6a54792a59b4","0-1222c808f3436cf90f5f081eb818e5b88830da10b4eef1cc0c95b05abdb973c8","root.record.ItemExhibitList.P5Item"
"GEO 3-4 Launch Vehicle and Range Integration","","","","","","","","","","","","","","","","","","","","","3.145","10.149","3.684","3.684","","","","","2018-BASE_PROCUREMENT-2018-AIRFORCE_SPACE-U_PROCUREMENT_JustificationBook_Air_Force_PB_2018.zzz_unzipped-U_PROCUREMENT_JustificationBook_Air_Force_PB_2018.xml","349c370ac6bc97a5ad160143ded991d0d22dea7de2bf966fd5e97c39409da319","1-93c66c5366845d67454017db4b919acf3efb0a146495fd42e5085f4afbbff685","0-1222c808f3436cf90f5f081eb818e5b88830da10b4eef1cc0c95b05abdb973c8","root.record.ItemExhibitList.P5Item"
"GEO 5-6 Obsolescence Non-Recurring","","","","","","","","","","","","","","","","","","","","","26.908","13.235","4.712","4.712","","","","","2018-BASE_PROCUREMENT-2018-AIRFORCE_SPACE-U_PROCUREMENT_JustificationBook_Air_Force_PB_2018.zzz_unzipped-U_PROCUREMENT_JustificationBook_Air_Force_PB_2018.xml","349c370ac6bc97a5ad160143ded991d0d22dea7de2bf966fd5e97c39409da319","0-707b589a5980d398112c18bc6209ad891524a21afcfc477171a3caf14c8d0bc5","1-f7e380eb66378a4b24b9ab0c322f18500c1a55c66b667fa74198c995f641af7c","root.record.ItemExhibitList.P5Item"
"GEO 5-6 Launch Vehicle and Range Integration","","","","","","","","","","","","","","","","","","","","","1.223","1.13","28.921","28.921","","","","","2018-BASE_PROCUREMENT-2018-AIRFORCE_SPACE-U_PROCUREMENT_JustificationBook_Air_Force_PB_2018.zzz_unzipped-U_PROCUREMENT_JustificationBook_Air_Force_PB_2018.xml","349c370ac6bc97a5ad160143ded991d0d22dea7de2bf966fd5e97c39409da319","1-6e6f94bb23d813cf7aab5c165d720a97ed8e36b1fbf3ca4a371f76623b0096ac","1-f7e380eb66378a4b24b9ab0c322f18500c1a55c66b667fa74198c995f641af7c","root.record.ItemExhibitList.P5Item"
"HEO 3-4 Obsolescence Non-Recurring","","","","","","","","","","","","","","","","","","0","","","","","","","","","","","2018-BASE_PROCUREMENT-2018-AIRFORCE_SPACE-U_PROCUREMENT_JustificationBook_Air_Force_PB_2018.zzz_unzipped-U_PROCUREMENT_JustificationBook_Air_Force_PB_2018.xml","349c370ac6bc97a5ad160143ded991d0d22dea7de2bf966fd5e97c39409da319","0-d7bdcfe4ce9032b6f62a2d862188093c00bd2e7c19dc4813c5acbbeda27e4237","3-9495cd7c5ae2f720b9c58c64829826ac0acbad0ca8be56edda6f49c2bade35a6","root.record.ItemExhibitList.P5Item"
"HEO 3-4 Launch Vehicle and Range Integration","","","","","","","","","","","","","","","","","","0","","","","","","","","","","","2018-BASE_PROCUREMENT-2018-AIRFORCE_SPACE-U_PROCUREMENT_JustificationBook_Air_Force_PB_2018.zzz_unzipped-U_PROCUREMENT_JustificationBook_Air_Force_PB_2018.xml","349c370ac6bc97a5ad160143ded991d0d22dea7de2bf966fd5e97c39409da319","1-2c65adb5397d482d9642f6e7929d146cb98f2ab4a1409cfa36e3699226e0c1c4","3-9495cd7c5ae2f720b9c58c64829826ac0acbad0ca8be56edda6f49c2bade35a6","root.record.ItemExhibitList.P5Item"
"GPS III SV 11+ NRE","","","","","","","","","","","","","","","","","","","","","0","0","0","0","","","","","2018-BASE_PROCUREMENT-2018-AIRFORCE_SPACE-U_PROCUREMENT_JustificationBook_Air_Force_PB_2018.zzz_unzipped-U_PROCUREMENT_JustificationBook_Air_Force_PB_2018.xml","685626bcbd517b62bc34139b0037af2fa425781e225839e5bac66f2ba9c9171f","0-63ab32ca333ad624752d23fd573052a6e964781b2bf42c67eec37190c6dcb627","0-1770f510a07d9f3f78cb5881c20c04ff87915a5a40eb8158cd341a00ae25d95a","root.record.ItemExhibitList.P5Item"
"Enterprise SE&I","","","","","","","","","","","","","","","","","","","","","2.302","1.479","","","","","","","2018-BASE_PROCUREMENT-2018-AIRFORCE_SPACE-U_PROCUREMENT_MasterJustificationBook_Air_Force_PB_2018.zzz_unzipped-U_PROCUREMENT_MasterJustificationBook_Air_Force_PB_2018.xml","e4bec6db9d02385ec49054265b3ce2d2777aa09e7e74c1d283af7d04ed073896","0-ca5ec7d8deec1911145e63870f2994bc4448575970d440df3f9ab4afca4f3798","0-5b6c5f736c21288d7bd241f3597c2c4172d8fefbf72681d26dd7993f5cfb4e55","root.record.ItemExhibitList.P5Item"
"Technical Mission Analysis (WS)","","","","","","","","","","","","","","","","","","","","","10","10.764","","","","","","","2018-BASE_PROCUREMENT-2018-AIRFORCE_SPACE-U_PROCUREMENT_MasterJustificationBook_Air_Force_PB_2018.zzz_unzipped-U_PROCUREMENT_MasterJustificationBook_Air_Force_PB_2018.xml","e4bec6db9d02385ec49054265b3ce2d2777aa09e7e74c1d283af7d04ed073896","1-600783931a6569bcd77e498c42af8ee980b5c31dcd97a1d6983eda879e75f9d0","0-5b6c5f736c21288d7bd241f3597c2c4172d8fefbf72681d26dd7993f5cfb4e55","root.record.ItemExhibitList.P5Item"
"GEO 3-4 Obsolescence Non-Recurring","","","","","","","","","","","","","","","","","","","","","0","","","","","","","","2018-BASE_PROCUREMENT-2018-AIRFORCE_SPACE-U_PROCUREMENT_MasterJustificationBook_Air_Force_PB_2018.zzz_unzipped-U_PROCUREMENT_MasterJustificationBook_Air_Force_PB_2018.xml","5a6e56aaee2cd93fc0c6924a649668af9970661371ccd8532aa15662b3047718","0-fa1742337f447de8c68e164eec4de3bec315b5ea17c1f194854805690ca9da51","0-d06d46709b5f623c42a316e78066efa6c7c04bb5a8335eb3c361f560305d2470","root.record.ItemExhibitList.P5Item"
"GEO 3-4 Launch Vehicle and Range Integration","","","","","","","","","","","","","","","","","","","","","3.145","10.149","3.684","3.684","","","","","2018-BASE_PROCUREMENT-2018-AIRFORCE_SPACE-U_PROCUREMENT_MasterJustificationBook_Air_Force_PB_2018.zzz_unzipped-U_PROCUREMENT_MasterJustificationBook_Air_Force_PB_2018.xml","5a6e56aaee2cd93fc0c6924a649668af9970661371ccd8532aa15662b3047718","1-e0c0810eef24e2129e863bf7ace4bb72e97cff1328dd663f060a44ca4ac36754","0-d06d46709b5f623c42a316e78066efa6c7c04bb5a8335eb3c361f560305d2470","root.record.ItemExhibitList.P5Item"
"GEO 5-6 Obsolescence Non-Recurring","","","","","","","","","","","","","","","","","","","","","26.908","13.235","4.712","4.712","","","","","2018-BASE_PROCUREMENT-2018-AIRFORCE_SPACE-U_PROCUREMENT_MasterJustificationBook_Air_Force_PB_2018.zzz_unzipped-U_PROCUREMENT_MasterJustificationBook_Air_Force_PB_2018.xml","5a6e56aaee2cd93fc0c6924a649668af9970661371ccd8532aa15662b3047718","0-7064675a5684d3b7a82ffd48c92422fca8fe55f24ea6c216725bd92da7480362","1-604f466e4386c3a5f26c9f9e438b53b40ff8d084f1771ef1ed878076727b7e8f","root.record.ItemExhibitList.P5Item"
"GEO 5-6 Launch Vehicle and Range Integration","","","","","","","","","","","","","","","","","","","","","1.223","1.13","28.921","28.921","","","","","2018-BASE_PROCUREMENT-2018-AIRFORCE_SPACE-U_PROCUREMENT_MasterJustificationBook_Air_Force_PB_2018.zzz_unzipped-U_PROCUREMENT_MasterJustificationBook_Air_Force_PB_2018.xml","5a6e56aaee2cd93fc0c6924a649668af9970661371ccd8532aa15662b3047718","1-b41580465da3986d1f627dcd827c630ce1fa633e21e8892e4c2fb7b9e3220cee","1-604f466e4386c3a5f26c9f9e438b53b40ff8d084f1771ef1ed878076727b7e8f","root.record.ItemExhibitList.P5Item"
"HEO 3-4 Obsolescence Non-Recurring","","","","","","","","","","","","","","","","","","0","","","","","","","","","","","2018-BASE_PROCUREMENT-2018-AIRFORCE_SPACE-U_PROCUREMENT_MasterJustificationBook_Air_Force_PB_2018.zzz_unzipped-U_PROCUREMENT_MasterJustificationBook_Air_Force_PB_2018.xml","5a6e56aaee2cd93fc0c6924a649668af9970661371ccd8532aa15662b3047718","0-0419df04f1e48a09b99b7f6a7c371e089fbef20662153719073dd446f6a9b892","3-b7163e519fcd06d522285748f5e4d11905cb532dc6a22fde43fc1c9be85ea7a5","root.record.ItemExhibitList.P5Item"
"HEO 3-4 Launch Vehicle and Range Integration","","","","","","","","","","","","","","","","","","0","","","","","","","","","","","2018-BASE_PROCUREMENT-2018-AIRFORCE_SPACE-U_PROCUREMENT_MasterJustificationBook_Air_Force_PB_2018.zzz_unzipped-U_PROCUREMENT_MasterJustificationBook_Air_Force_PB_2018.xml","5a6e56aaee2cd93fc0c6924a649668af9970661371ccd8532aa15662b3047718","1-53b7efc057516d8aa7657075065bff4720b3e997762972641517eeaf89117c53","3-b7163e519fcd06d522285748f5e4d11905cb532dc6a22fde43fc1c9be85ea7a5","root.record.ItemExhibitList.P5Item"
"GPS III SV 11+ NRE","","","","","","","","","","","","","","","","","","","","","0","0","0","0","","","","","2018-BASE_PROCUREMENT-2018-AIRFORCE_SPACE-U_PROCUREMENT_MasterJustificationBook_Air_Force_PB_2018.zzz_unzipped-U_PROCUREMENT_MasterJustificationBook_Air_Force_PB_2018.xml","295b44666dd56da6ea8be66b809bd44676df5ec2e19d318d3f126a0ace142d5d","0-2d1af45fec3ba994c442a0892c551e12a3f9552c6b39d576c5983b3528b77071","0-7cae5741bd7ca8f405697e90cb36464eb64fac5db46e6c9be8c06f052a8df09d","root.record.ItemExhibitList.P5Item"
"Enterprise SE&I","","","","","","","","","","","","","","","","","","","","","1.479","","","","","","","","2019-BASE_PROCUREMENT-2019-AIRFORCE_SPACE-U_PROCUREMENT_JustificationBook_Air_Force_PB_2019.zzz_unzipped-U_PROCUREMENT_JustificationBook_Air_Force_PB_2019.xml","ed993553dbb3dca04a1bd01ff5d0475c2177f9415da2b4c01e0cebc8365eef2f","0-5577eb5bf33540c1cf31d67b4f7cac989bd62ce664f238fc65e7a09bd4552fd1","0-0c4b6c858a2ed44cfc9024800870045de51b1d22349e48fac921ee77d47e533f","root.record.ItemExhibitList.P5Item"
"Technical Mission Analysis","","","","","","","","","","","","","","","","","","","","","10.764","","","","","","","","2019-BASE_PROCUREMENT-2019-AIRFORCE_SPACE-U_PROCUREMENT_JustificationBook_Air_Force_PB_2019.zzz_unzipped-U_PROCUREMENT_JustificationBook_Air_Force_PB_2019.xml","ed993553dbb3dca04a1bd01ff5d0475c2177f9415da2b4c01e0cebc8365eef2f","1-9d6bdadf71c92108f1c8c95d187ab88080c7e8467fbd0dab850237c4da9bfd56","0-0c4b6c858a2ed44cfc9024800870045de51b1d22349e48fac921ee77d47e533f","root.record.ItemExhibitList.P5Item"
"NSA Production Support","","","","","","","","","","","","","","","","","","","","","0.925","","","","","","","","2019-BASE_PROCUREMENT-2019-AIRFORCE_SPACE-U_PROCUREMENT_JustificationBook_Air_Force_PB_2019.zzz_unzipped-U_PROCUREMENT_JustificationBook_Air_Force_PB_2019.xml","ed993553dbb3dca04a1bd01ff5d0475c2177f9415da2b4c01e0cebc8365eef2f","2-e1e5d2ed5829e3349a4e3f68cf1eefc7d3b88e9358edb854b785b946537db3ad","0-0c4b6c858a2ed44cfc9024800870045de51b1d22349e48fac921ee77d47e533f","root.record.ItemExhibitList.P5Item"
"GEO 3-4 Launch Vehicle and Range Integration","","","","","","","","","","","","","","","","","","3.145","","","10.149","3.684","","","","","","","2019-BASE_PROCUREMENT-2019-AIRFORCE_SPACE-U_PROCUREMENT_JustificationBook_Air_Force_PB_2019.zzz_unzipped-U_PROCUREMENT_JustificationBook_Air_Force_PB_2019.xml","69f5d537ee02fe3841147f7d8dc4885ccab93abdd3905985c9061680464c3c83","0-2b885c5d328a23fc145ebaf3ac327b6767aed75cddf037ca1c9ab5c4631bc45c","0-34e2ad78f31cee172a2876531ef35bcd8bdac6ee6d09ed53f6ec6c0815fd3fa3","root.record.ItemExhibitList.P5Item"
"GEO 5-6 Obsolescence Non-Recurring","","","","","","","","","","","","","","","","","","26.071","","","15.314","4.712","","","","","","","2019-BASE_PROCUREMENT-2019-AIRFORCE_SPACE-U_PROCUREMENT_JustificationBook_Air_Force_PB_2019.zzz_unzipped-U_PROCUREMENT_JustificationBook_Air_Force_PB_2019.xml","69f5d537ee02fe3841147f7d8dc4885ccab93abdd3905985c9061680464c3c83","0-72ae6f361fa58da7b956285e2ed9166f20a9e31195fbdd89e9ccdb4d339003ec","1-544f56fb1a72ee49b59a99782b4577a9742116ebdcc27420572b215da4230e4b","root.record.ItemExhibitList.P5Item"
"GEO 5-6 Launch Vehicle and Range Integration","","","","","","","","","","","","","","","","","","3.072","","","0.958","47.021","35.371","35.371","","","","","2019-BASE_PROCUREMENT-2019-AIRFORCE_SPACE-U_PROCUREMENT_JustificationBook_Air_Force_PB_2019.zzz_unzipped-U_PROCUREMENT_JustificationBook_Air_Force_PB_2019.xml","69f5d537ee02fe3841147f7d8dc4885ccab93abdd3905985c9061680464c3c83","1-7af12a4ba71cca82b7308120fc6af36f81b2e9d01936d06fd5ee9e4bc516f53a","1-544f56fb1a72ee49b59a99782b4577a9742116ebdcc27420572b215da4230e4b","root.record.ItemExhibitList.P5Item"
"Enterprise SE&I","","","","","","","","","","","","","","","","","","","","","1.479","","","","","","","","2019-BASE_PROCUREMENT-2019-AIRFORCE_SPACE-U_PROCUREMENT_MasterJustificationBook_Air_Force_PB_2019.zzz_unzipped-U_PROCUREMENT_MasterJustificationBook_Air_Force_PB_2019.xml","770867f755d84c763c0b74a40a002f909b38525c5c7879963377f1db55a6c939","0-f579e15ec6a7614df9cc5293f6fef560e2f3e015ebd123832ec03ea437bef7dc","0-d6fb6d59157823098abdd09981ff3882dfbeb2f4b768513e9eb0c0f3f682e5db","root.record.ItemExhibitList.P5Item"
"Technical Mission Analysis","","","","","","","","","","","","","","","","","","","","","10.764","","","","","","","","2019-BASE_PROCUREMENT-2019-AIRFORCE_SPACE-U_PROCUREMENT_MasterJustificationBook_Air_Force_PB_2019.zzz_unzipped-U_PROCUREMENT_MasterJustificationBook_Air_Force_PB_2019.xml","770867f755d84c763c0b74a40a002f909b38525c5c7879963377f1db55a6c939","1-131284631c2df568b46782b8deff9c98f255dd137f22c81e6be1cbb13b0c5aba","0-d6fb6d59157823098abdd09981ff3882dfbeb2f4b768513e9eb0c0f3f682e5db","root.record.ItemExhibitList.P5Item"
"NSA Production Support","","","","","","","","","","","","","","","","","","","","","0.925","","","","","","","","2019-BASE_PROCUREMENT-2019-AIRFORCE_SPACE-U_PROCUREMENT_MasterJustificationBook_Air_Force_PB_2019.zzz_unzipped-U_PROCUREMENT_MasterJustificationBook_Air_Force_PB_2019.xml","770867f755d84c763c0b74a40a002f909b38525c5c7879963377f1db55a6c939","2-38b975b16a25c7d7ced8c2dee8d8764a18ef090bec6174c7056f853ab9bef90d","0-d6fb6d59157823098abdd09981ff3882dfbeb2f4b768513e9eb0c0f3f682e5db","root.record.ItemExhibitList.P5Item"
"GEO 3-4 Launch Vehicle and Range Integration","","","","","","","","","","","","","","","","","","3.145","","","10.149","3.684","","","","","","","2019-BASE_PROCUREMENT-2019-AIRFORCE_SPACE-U_PROCUREMENT_MasterJustificationBook_Air_Force_PB_2019.zzz_unzipped-U_PROCUREMENT_MasterJustificationBook_Air_Force_PB_2019.xml","0c71715f409ac85cc53798867fc1f08294b549796ed9b5bd2c1d3370ed828913","0-a0490bf39ca6ecd95aa94b9b00c07d39e330eb641278b9a80c8c001b04f0d3b1","0-e14927a313bfe6e216856a669b2196682a61c67319833bc035d685757ea7cc4a","root.record.ItemExhibitList.P5Item"
"GEO 5-6 Obsolescence Non-Recurring","","","","","","","","","","","","","","","","","","26.071","","","15.314","4.712","","","","","","","2019-BASE_PROCUREMENT-2019-AIRFORCE_SPACE-U_PROCUREMENT_MasterJustificationBook_Air_Force_PB_2019.zzz_unzipped-U_PROCUREMENT_MasterJustificationBook_Air_Force_PB_2019.xml","0c71715f409ac85cc53798867fc1f08294b549796ed9b5bd2c1d3370ed828913","0-32548f22c12af3957c54ad726895e25ea30bf0e5bb87efc2d7d3c47e5f980244","1-4dac6eb19adfe6c16ed67ced2cd69a4219b819bdb0d234098f1a1a47b5fdf785","root.record.ItemExhibitList.P5Item"
"GEO 5-6 Launch Vehicle and Range Integration","","","","","","","","","","","","","","","","","","3.072","","","0.958","47.021","35.371","35.371","","","","","2019-BASE_PROCUREMENT-2019-AIRFORCE_SPACE-U_PROCUREMENT_MasterJustificationBook_Air_Force_PB_2019.zzz_unzipped-U_PROCUREMENT_MasterJustificationBook_Air_Force_PB_2019.xml","0c71715f409ac85cc53798867fc1f08294b549796ed9b5bd2c1d3370ed828913","1-00b95f920def929a8f3047cd8b879c3e69d1e0ec24d907d9cfc0aa2b50beab41","1-4dac6eb19adfe6c16ed67ced2cd69a4219b819bdb0d234098f1a1a47b5fdf785","root.record.ItemExhibitList.P5Item"
"Enterprise SE&I","","","","","","","","","","","","","","","","","","1.479","","","","","","","","","","","2020-BASE_PROCUREMENT-2020-AIRFORCE_SPACE-U_PROCUREMENT_JustificationBook_Air_Force_PB_2020.zzz_unzipped-U_PROCUREMENT_JustificationBook_Air_Force_PB_2020.xml","621edea18b6f0aa383bac828a5b90a44fa97edda0d738834c36952ac5651ecbc","0-a9e87552808fce0349b2787314f8c09c413210687bbb1ce8ab2a4c4e9c949014","0-b450fccc6ce12483be14e5c088d6cb6d36c5ec6e91587e011fe97c2ef33a1437","root.record.ItemExhibitList.P5Item"
"Technical Mission Analysis","","","","","","","","","","","","","","","","","","9.279","","","","","","","","","","","2020-BASE_PROCUREMENT-2020-AIRFORCE_SPACE-U_PROCUREMENT_JustificationBook_Air_Force_PB_2020.zzz_unzipped-U_PROCUREMENT_JustificationBook_Air_Force_PB_2020.xml","621edea18b6f0aa383bac828a5b90a44fa97edda0d738834c36952ac5651ecbc","1-75f004de222ee00bb21496e35ef9093590ab91b1079ddfdef461a2a4dc61b3aa","0-b450fccc6ce12483be14e5c088d6cb6d36c5ec6e91587e011fe97c2ef33a1437","root.record.ItemExhibitList.P5Item"
"NSA Production Support","","","","","","","","","","","","","","","","","","0.83","","","0.95","","","","","","","","2020-BASE_PROCUREMENT-2020-AIRFORCE_SPACE-U_PROCUREMENT_JustificationBook_Air_Force_PB_2020.zzz_unzipped-U_PROCUREMENT_JustificationBook_Air_Force_PB_2020.xml","621edea18b6f0aa383bac828a5b90a44fa97edda0d738834c36952ac5651ecbc","2-405c70cb8abd1b7dbff7197f05c8599ebf31a5fd14d7daeb98436f58d41719b7","0-b450fccc6ce12483be14e5c088d6cb6d36c5ec6e91587e011fe97c2ef33a1437","root.record.ItemExhibitList.P5Item"
"GEO 3-4 Launch Vehicle and Range Integration","","","","","","","","","","","","","","","","","","5.772","","","0.5","","","","","","","","2020-BASE_PROCUREMENT-2020-AIRFORCE_SPACE-U_PROCUREMENT_JustificationBook_Air_Force_PB_2020.zzz_unzipped-U_PROCUREMENT_JustificationBook_Air_Force_PB_2020.xml","7310993ddf0a03a461093bce5e01a68a4b4bfea03b4d9ab432450cabe9805dda","0-43945a5d01b65925c3f91399b7bbe100126dc3b0a8062d9c8500767ded70aca9","0-aeeeb6824f14802d4b17a172a2f4313cb5ea3740e6d97fd96588fc127df42e90","root.record.ItemExhibitList.P5Item"
"GEO 5-6 Obsolescence Non-Recurring","","","","","","","","","","","","","","","","","","41.385","","","5.012","","","","","","","","2020-BASE_PROCUREMENT-2020-AIRFORCE_SPACE-U_PROCUREMENT_JustificationBook_Air_Force_PB_2020.zzz_unzipped-U_PROCUREMENT_JustificationBook_Air_Force_PB_2020.xml","7310993ddf0a03a461093bce5e01a68a4b4bfea03b4d9ab432450cabe9805dda","0-9633ca78d5382a1494373c0c0028d0ef214db018e50d2949303c92d8a71caf0c","1-b51dc2b75f1ed070355ecc3e1dadbf6ed644b93b536b9e5a82861628b994055a","root.record.ItemExhibitList.P5Item"
"GEO 5-6 Launch Vehicle and Range Integration","","","","","","","","","","","","","","","","","","4.029","","","23.844","8.428","25.464","25.464","","","","","2020-BASE_PROCUREMENT-2020-AIRFORCE_SPACE-U_PROCUREMENT_JustificationBook_Air_Force_PB_2020.zzz_unzipped-U_PROCUREMENT_JustificationBook_Air_Force_PB_2020.xml","7310993ddf0a03a461093bce5e01a68a4b4bfea03b4d9ab432450cabe9805dda","1-8812021bf0e0ddafc47ac38b4591321bc6038249d0b8edd6515aae3bfda266e2","1-b51dc2b75f1ed070355ecc3e1dadbf6ed644b93b536b9e5a82861628b994055a","root.record.ItemExhibitList.P5Item"
"HEO 3-4 Launch Vehicle and Range Integration","","","","","","","","","","","","","","","","","","0.244","","","","","","","","","","","2020-BASE_PROCUREMENT-2020-AIRFORCE_SPACE-U_PROCUREMENT_JustificationBook_Air_Force_PB_2020.zzz_unzipped-U_PROCUREMENT_JustificationBook_Air_Force_PB_2020.xml","7310993ddf0a03a461093bce5e01a68a4b4bfea03b4d9ab432450cabe9805dda","0-6ceb2c80bce8d8bf310e9d8ebe9ec95efa137a97e2c09d806512d528d8d6859f","2-b66dc4b5aea687789b9ab0f589a3704f2a6c7772e8527ce313369f642fc94532","root.record.ItemExhibitList.P5Item"
"Enterprise SE&I","","","","","","","","","","","","","","","","","","1.479","","","","","","","","","","","2020-BASE_PROCUREMENT-2020-AIRFORCE_SPACE-U_PROCUREMENT_MasterJustificationBook_Air_Force_PB_2020.zzz_unzipped-U_PROCUREMENT_MasterJustificationBook_Air_Force_PB_2020.xml","71e709ec4ea58e99f450f7c50bce63c4675eea5ed94481f1ceadefb1f0b03eb9","0-7571ed5b638f53cc3f0c6595e55504647510a8ecc2ba754f4d0f2ff5b3393e8e","0-be35aeb42c3afe7a282751ad41a47d87e3781799c4120ba555b8399ceb2d4f98","root.record.ItemExhibitList.P5Item"
"Technical Mission Analysis","","","","","","","","","","","","","","","","","","9.279","","","","","","","","","","","2020-BASE_PROCUREMENT-2020-AIRFORCE_SPACE-U_PROCUREMENT_MasterJustificationBook_Air_Force_PB_2020.zzz_unzipped-U_PROCUREMENT_MasterJustificationBook_Air_Force_PB_2020.xml","71e709ec4ea58e99f450f7c50bce63c4675eea5ed94481f1ceadefb1f0b03eb9","1-5e1bab8f0b5fa4f63615c783c16d500f43763cf1229d1f264b97333d80cd5087","0-be35aeb42c3afe7a282751ad41a47d87e3781799c4120ba555b8399ceb2d4f98","root.record.ItemExhibitList.P5Item"
"NSA Production Support","","","","","","","","","","","","","","","","","","0.83","","","0.95","","","","","","","","2020-BASE_PROCUREMENT-2020-AIRFORCE_SPACE-U_PROCUREMENT_MasterJustificationBook_Air_Force_PB_2020.zzz_unzipped-U_PROCUREMENT_MasterJustificationBook_Air_Force_PB_2020.xml","71e709ec4ea58e99f450f7c50bce63c4675eea5ed94481f1ceadefb1f0b03eb9","2-88abe1775c7214eca2ada5ff0b138f4810f78fd35641dba325c3df00337aed6f","0-be35aeb42c3afe7a282751ad41a47d87e3781799c4120ba555b8399ceb2d4f98","root.record.ItemExhibitList.P5Item"
"GEO 3-4 Launch Vehicle and Range Integration","","","","","","","","","","","","","","","","","","5.772","","","0.5","","","","","","","","2020-BASE_PROCUREMENT-2020-AIRFORCE_SPACE-U_PROCUREMENT_MasterJustificationBook_Air_Force_PB_2020.zzz_unzipped-U_PROCUREMENT_MasterJustificationBook_Air_Force_PB_2020.xml","4f1d2d6b9106070fa3f8ca9b17516c7e58da2d22e5119318f0d48af58a4c34a5","0-a47c95b046604a00b9c00d97287ed0b061f7e35ca9782092f6d6833ed837f1cd","0-4fb96cd124ca59b1c1f4ec965fac26b9b2b73d2883e8a9f1e32dd709920abded","root.record.ItemExhibitList.P5Item"
"GEO 5-6 Obsolescence Non-Recurring","","","","","","","","","","","","","","","","","","41.385","","","5.012","","","","","","","","2020-BASE_PROCUREMENT-2020-AIRFORCE_SPACE-U_PROCUREMENT_MasterJustificationBook_Air_Force_PB_2020.zzz_unzipped-U_PROCUREMENT_MasterJustificationBook_Air_Force_PB_2020.xml","4f1d2d6b9106070fa3f8ca9b17516c7e58da2d22e5119318f0d48af58a4c34a5","0-a533da62960affaa7f06a2bdddf552ac9fce64c7ec0c58d7b69770163770f154","1-db8e41e44777520347f39d1ca74310b0b8145bd9aaa1973ef65b3afc4dec9baf","root.record.ItemExhibitList.P5Item"
"GEO 5-6 Launch Vehicle and Range Integration","","","","","","","","","","","","","","","","","","4.029","","","23.844","8.428","25.464","25.464","","","","","2020-BASE_PROCUREMENT-2020-AIRFORCE_SPACE-U_PROCUREMENT_MasterJustificationBook_Air_Force_PB_2020.zzz_unzipped-U_PROCUREMENT_MasterJustificationBook_Air_Force_PB_2020.xml","4f1d2d6b9106070fa3f8ca9b17516c7e58da2d22e5119318f0d48af58a4c34a5","1-f4d71ee38c0d4978964d72eb926031d8bf4a08190c84876b20c2eb5a9d32a474","1-db8e41e44777520347f39d1ca74310b0b8145bd9aaa1973ef65b3afc4dec9baf","root.record.ItemExhibitList.P5Item"
"HEO 3-4 Launch Vehicle and Range Integration","","","","","","","","","","","","","","","","","","0.244","","","","","","","","","","","2020-BASE_PROCUREMENT-2020-AIRFORCE_SPACE-U_PROCUREMENT_MasterJustificationBook_Air_Force_PB_2020.zzz_unzipped-U_PROCUREMENT_MasterJustificationBook_Air_Force_PB_2020.xml","4f1d2d6b9106070fa3f8ca9b17516c7e58da2d22e5119318f0d48af58a4c34a5","0-769d8b9e6379c87bef54467ca4b40d0fef803f277c7ba1950738fcabbf84fdd5","2-fdb7c2e72ba93206b3b6d9a28d082c0c68c5afa766025436c6e8c9e710b7f181","root.record.ItemExhibitList.P5Item"
