Name_val,IdCode_val,Cost_AllPriorYears_TotalCost_val,Cost_AllPriorYears_UnitCost_val,Cost_AllPriorYears_Quantity_val,Cost_PriorYear_TotalCost_val,Cost_CurrentYear_TotalCost_val,Cost_BudgetYearOneBase_TotalCost_val,Cost_BudgetYearOneOCO_TotalCost_val,Cost_BudgetYearOne_TotalCost_val,Cost_ToComplete_TotalCost_val,Cost_Total_TotalCost_val,Cost_Total_UnitCost_val,Cost_Total_Quantity_val,Cost_BudgetYearTwo_TotalCost_val,Cost_BudgetYearThree_TotalCost_val,Cost_BudgetYearFour_TotalCost_val,Cost_BudgetYearFive_TotalCost_val,Cost_TotalCost_AllPriorYears_val,Cost_TotalCost_ToComplete_val,Cost_TotalCost_Total_val,Cost_TotalCost_PriorYear_val,Cost_TotalCost_CurrentYear_val,Cost_TotalCost_BudgetYearOneBase_val,Cost_TotalCost_BudgetYearOne_val,Cost_TotalCost_BudgetYearTwo_val,Cost_TotalCost_BudgetYearThree_val,Cost_TotalCost_BudgetYearFour_val,Cost_TotalCost_BudgetYearFive_val,@SOURCE_FILENAME,@RECORDID,@ROWID,@PARENTROWID,@PARENT
"LM Spacecraft Battery Option / SAFT CLIN 2","A","8.801","","","0.512","0.182","0.392","0.000","0.392","","","","","","","","","","","","","","","","","","","","2013-BASE_PROCUREMENT-2013-AIRFORCE_MISSILE-JustificationBook_Air_Force_PB_2013.zzz_unzipped-JustificationBook_Air_Force_PB_2013.xml","d15fb990f8b482f5f872799d52c5c6fd07e2fbb73e9cc84357ce2ec1c4aaf90d","0-d92e76be8ae4aeb4a31299b258e07aa98fcdccc44d821f6c15c230181d797ae1","0-44627f7b186b9dc7c1e7812211ee76d4ea1623fe1a5d4abc3efd2e8e1bd18f1b","root.record.ItemExhibitList.P5Item"
"LM Spacecraft Orbital Incentives","A","10.927","","","0.000","0.000","0.000","0.000","0.000","","","","","","","","","","","","","","","","","","","","2013-BASE_PROCUREMENT-2013-AIRFORCE_MISSILE-JustificationBook_Air_Force_PB_2013.zzz_unzipped-JustificationBook_Air_Force_PB_2013.xml","d15fb990f8b482f5f872799d52c5c6fd07e2fbb73e9cc84357ce2ec1c4aaf90d","1-81932945721096e00c95b43c33d657b40e79326f18f6e1b81efd5d8100610ef6","0-44627f7b186b9dc7c1e7812211ee76d4ea1623fe1a5d4abc3efd2e8e1bd18f1b","root.record.ItemExhibitList.P5Item"
"NGC Orbital Incentives","A","4.769","","","0.000","0.000","0.000","0.000","0.000","","","","","","","","","","","","","","","","","","","","2013-BASE_PROCUREMENT-2013-AIRFORCE_MISSILE-JustificationBook_Air_Force_PB_2013.zzz_unzipped-JustificationBook_Air_Force_PB_2013.xml","d15fb990f8b482f5f872799d52c5c6fd07e2fbb73e9cc84357ce2ec1c4aaf90d","2-e22e756dad427d53cf638ab48a9abce6f0757b37594e6f74350a083ddcdd102c","0-44627f7b186b9dc7c1e7812211ee76d4ea1623fe1a5d4abc3efd2e8e1bd18f1b","root.record.ItemExhibitList.P5Item"
"LM Spacecraft Battery Option / SAFT CLIN 2","A","8.801","","","0.512","0.182","0.392","0.000","0.392","","","","","","","","","","","","","","","","","","","","2013-BASE_PROCUREMENT-2013-AIRFORCE_MISSILE-MasterJustificationBook_Air_Force_PB_2013.zzz_unzipped-MasterJustificationBook_Air_Force_PB_2013.xml","a65a1f1ae54a5d345d80f3ca17e9ada935dce4641675e4c421ede8399b22f7ec","0-75a86d4d7f579ea4bdda1ac7ec44b7133b72e32ab4fee8cdb72805b9357c58c9","0-f4d1c45f1a4148b9935c4eb70957a46be900c7e27be18ebb3b6bfe5597803851","root.record.ItemExhibitList.P5Item"
"LM Spacecraft Orbital Incentives","A","10.927","","","0.000","0.000","0.000","0.000","0.000","","","","","","","","","","","","","","","","","","","","2013-BASE_PROCUREMENT-2013-AIRFORCE_MISSILE-MasterJustificationBook_Air_Force_PB_2013.zzz_unzipped-MasterJustificationBook_Air_Force_PB_2013.xml","a65a1f1ae54a5d345d80f3ca17e9ada935dce4641675e4c421ede8399b22f7ec","1-88870e275972f854c06a37e38f3141de5a19c72ffc38496b5f8cc5521b6fa412","0-f4d1c45f1a4148b9935c4eb70957a46be900c7e27be18ebb3b6bfe5597803851","root.record.ItemExhibitList.P5Item"
"NGC Orbital Incentives","A","4.769","","","0.000","0.000","0.000","0.000","0.000","","","","","","","","","","","","","","","","","","","","2013-BASE_PROCUREMENT-2013-AIRFORCE_MISSILE-MasterJustificationBook_Air_Force_PB_2013.zzz_unzipped-MasterJustificationBook_Air_Force_PB_2013.xml","a65a1f1ae54a5d345d80f3ca17e9ada935dce4641675e4c421ede8399b22f7ec","2-a793e3d202259fc05dac55dc22ad56780782d49cebf3f87e969e2f580835f6e6","0-f4d1c45f1a4148b9935c4eb70957a46be900c7e27be18ebb3b6bfe5597803851","root.record.ItemExhibitList.P5Item"
"GPS III SV03-08 Systems Engineering and Integration (SE&I)","A","0.000","","","0.000","1.65","2.22","","2.22","0.000","3.87","","","","","","","","","","","","","","","","","","2014-BASE_PROCUREMENT-2014-AIRFORCE_MISSILE-PROCUREMENT_JustificationBook_Air_Force_PB_2014.zzz_unzipped-PROCUREMENT_JustificationBook_Air_Force_PB_2014.xml","fa634b730fed67337dcbf550d65f4bdf7a793e69d597c0b413dd971618e23634","0-2bf6ae1de75c3f004956b1745006b05705a4af972fbcf0b4d6873a6e9d75575e","0-2759caf685746900154eb320a78232ab3f1a5a520225ea9dbdbd32c20e9b4444","root.record.ItemExhibitList.P5Item"
"GPS III SV 09+ Nonrecurring","A","0.000","","","","","","","","26.55","37.752","","","2.651","2.75","2.851","2.95","","","","","","","","","","","","2014-BASE_PROCUREMENT-2014-AIRFORCE_MISSILE-PROCUREMENT_JustificationBook_Air_Force_PB_2014.zzz_unzipped-PROCUREMENT_JustificationBook_Air_Force_PB_2014.xml","fa634b730fed67337dcbf550d65f4bdf7a793e69d597c0b413dd971618e23634","0-b3afe1e73cc066586f3f8779bb5d0ef32e727922a881157a36ccddd86ddf7c70","1-9856b68af9329a3f32abe9fd61c2aada70d2105d3308ef77ca7db4e0a4bb6ef8","root.record.ItemExhibitList.P5Item"
"GPS III SV 09+ Search and Rescue (SAR) GPS","A","0.000","","","0.000","0.000","0.948","","0.948","0.000","14.306","","","3.106","3.363","3.414","3.475","","","","","","","","","","","","2014-BASE_PROCUREMENT-2014-AIRFORCE_MISSILE-PROCUREMENT_JustificationBook_Air_Force_PB_2014.zzz_unzipped-PROCUREMENT_JustificationBook_Air_Force_PB_2014.xml","fa634b730fed67337dcbf550d65f4bdf7a793e69d597c0b413dd971618e23634","1-b716b3495e774783f4a7aacd086a2ec2b3e33f27ef2f055e284df701856180b3","1-9856b68af9329a3f32abe9fd61c2aada70d2105d3308ef77ca7db4e0a4bb6ef8","root.record.ItemExhibitList.P5Item"
"LM Spacecraft Battery Option / SAFT CLIN 2","A","7.091","","","0.182","0.392","0.000","","0.000","","","","","","","","","","","","","","","","","","","","2014-BASE_PROCUREMENT-2014-AIRFORCE_MISSILE-PROCUREMENT_JustificationBook_Air_Force_PB_2014.zzz_unzipped-PROCUREMENT_JustificationBook_Air_Force_PB_2014.xml","39ca58bbb356607ed4d71e68bd068008af93a2336ba52e66a252be8037ef5179","0-57d1ab4821cb0d43937f093fb76f551ab2578e79dac9366c78a0a8d449d651e2","0-9a6a801d32faff1695a78d57bb656aececd35b7aedc4792555af9c3cae489ad5","root.record.ItemExhibitList.P5Item"
"LM Spacecraft Orbital Incentives","A","8.32","","","0.000","0.000","3.352","","3.352","","","","","","","","","","","","","","","","","","","","2014-BASE_PROCUREMENT-2014-AIRFORCE_MISSILE-PROCUREMENT_JustificationBook_Air_Force_PB_2014.zzz_unzipped-PROCUREMENT_JustificationBook_Air_Force_PB_2014.xml","39ca58bbb356607ed4d71e68bd068008af93a2336ba52e66a252be8037ef5179","1-7a6dfa993184cce54a06d63d3285224521f5b2955a4dbfab168bf2c56c5e725d","0-9a6a801d32faff1695a78d57bb656aececd35b7aedc4792555af9c3cae489ad5","root.record.ItemExhibitList.P5Item"
"NGC Orbital Incentives","A","3.631","","","0.000","0.000","1.463","","1.463","","","","","","","","","","","","","","","","","","","","2014-BASE_PROCUREMENT-2014-AIRFORCE_MISSILE-PROCUREMENT_JustificationBook_Air_Force_PB_2014.zzz_unzipped-PROCUREMENT_JustificationBook_Air_Force_PB_2014.xml","39ca58bbb356607ed4d71e68bd068008af93a2336ba52e66a252be8037ef5179","2-60d7b771696be459a99bd01d914fb9865aa7dd7b7b6f36ac4e291cb50be7808f","0-9a6a801d32faff1695a78d57bb656aececd35b7aedc4792555af9c3cae489ad5","root.record.ItemExhibitList.P5Item"
"GEO 3-4 Obsolescence Non-Recurring","A","310.614","","","0.355","","","","","0.000","310.969","","","","","","","","","","","","","","","","","","2014-BASE_PROCUREMENT-2014-AIRFORCE_MISSILE-PROCUREMENT_JustificationBook_Air_Force_PB_2014.zzz_unzipped-PROCUREMENT_JustificationBook_Air_Force_PB_2014.xml","32b7109bb8d79ef08088f8211f19de97cdf66e04e0163444c25731cb5ff5f7c7","0-f07707ba3a33a3486fedc55928828fcf6abf3dbeaa6d0046fe0c39e67801ab4f","0-7f3c0bd193ad58fd09b27d80e63ba96fea27f5ccaeb31cd2e1d622eeb01bb89e","root.record.ItemExhibitList.P5Item"
"GEO 3-4 Launch Vehicle and Range Integration","A","0.554","","","0.41","13.726","5.948","","5.948","0.000","31.978","","","5.747","5.593","","","","","","","","","","","","","","2014-BASE_PROCUREMENT-2014-AIRFORCE_MISSILE-PROCUREMENT_JustificationBook_Air_Force_PB_2014.zzz_unzipped-PROCUREMENT_JustificationBook_Air_Force_PB_2014.xml","32b7109bb8d79ef08088f8211f19de97cdf66e04e0163444c25731cb5ff5f7c7","1-31ba92a729080111483957c79dd4441c6b7b974cb1c25bc9c3631486350a78b7","0-7f3c0bd193ad58fd09b27d80e63ba96fea27f5ccaeb31cd2e1d622eeb01bb89e","root.record.ItemExhibitList.P5Item"
"GEO 5-6 Obsolescence Non-Recurring","A","0.000","0.000","0","","324","","","","0.000","324","0.000","0","","","","","","","","","","","","","","","","2014-BASE_PROCUREMENT-2014-AIRFORCE_MISSILE-PROCUREMENT_JustificationBook_Air_Force_PB_2014.zzz_unzipped-PROCUREMENT_JustificationBook_Air_Force_PB_2014.xml","32b7109bb8d79ef08088f8211f19de97cdf66e04e0163444c25731cb5ff5f7c7","0-8f0570ac2ddec609beb49c5e643a2cf971b30d1b41be6515554078e16f74a2e7","1-736e9564383d4888b6e14b3309f10188a09682155828925a6e0a9a2d22941d72","root.record.ItemExhibitList.P5Item"
"GEO 5-6 Launch Vehicle and Range Integration","A","","","","","","","","","18.658","33.079","","","","","6.512","7.909","","","","","","","","","","","","2014-BASE_PROCUREMENT-2014-AIRFORCE_MISSILE-PROCUREMENT_JustificationBook_Air_Force_PB_2014.zzz_unzipped-PROCUREMENT_JustificationBook_Air_Force_PB_2014.xml","32b7109bb8d79ef08088f8211f19de97cdf66e04e0163444c25731cb5ff5f7c7","1-89dba542c4be51d5af86b918822aded96223120d55eb29bfaf914c6db3e902a4","1-736e9564383d4888b6e14b3309f10188a09682155828925a6e0a9a2d22941d72","root.record.ItemExhibitList.P5Item"
"HEO 3-4 Obsolescence Non-Recurring","A","101.443","","","","","","","","0.000","101.443","","","","","","","","","","","","","","","","","","2014-BASE_PROCUREMENT-2014-AIRFORCE_MISSILE-PROCUREMENT_JustificationBook_Air_Force_PB_2014.zzz_unzipped-PROCUREMENT_JustificationBook_Air_Force_PB_2014.xml","32b7109bb8d79ef08088f8211f19de97cdf66e04e0163444c25731cb5ff5f7c7","0-c7d6c232e32666e227d13ac2f5376f21f02b0cf4b8186dd5762797af3770c6e0","2-60b64be4aa41070f3be92df0e7aff6d529685a8e7f99cf7a1329bee96b9403ad","root.record.ItemExhibitList.P5Item"
"HEO 3-4 Launch Vehicle and Range Integration","A","0.237","","","0.176","8.765","6.063","","6.063","0.000","20.498","","","5.257","","","","","","","","","","","","","","","2014-BASE_PROCUREMENT-2014-AIRFORCE_MISSILE-PROCUREMENT_JustificationBook_Air_Force_PB_2014.zzz_unzipped-PROCUREMENT_JustificationBook_Air_Force_PB_2014.xml","32b7109bb8d79ef08088f8211f19de97cdf66e04e0163444c25731cb5ff5f7c7","1-40620d40e0f1408dc69324d74b6e5c7767d05215ab4f681abeadeda82bb385b2","2-60b64be4aa41070f3be92df0e7aff6d529685a8e7f99cf7a1329bee96b9403ad","root.record.ItemExhibitList.P5Item"
"GPS III SV03-08 Systems Engineering and Integration (SE&I)","A","0.000","","","0.000","1.65","2.22","","2.22","0.000","3.87","","","","","","","","","","","","","","","","","","2014-BASE_PROCUREMENT-2014-AIRFORCE_MISSILE-PROCUREMENT_MasterJustificationBook_Air_Force_PB_2014.zzz_unzipped-PROCUREMENT_MasterJustificationBook_Air_Force_PB_2014.xml","3f74a8ce992b58bff0203aa59054245697d5f293f300ca891ef9fafd9620a03e","0-6c589d219dd846589a131aa6f8797aa72211dec04944f171050f7a1b97014327","0-f812eee9eb7baa5018f2e62c78a8ea021fb58a51903f1cceceb52696af70e956","root.record.ItemExhibitList.P5Item"
"GPS III SV 09+ Nonrecurring","A","0.000","","","","","","","","26.55","37.752","","","2.651","2.75","2.851","2.95","","","","","","","","","","","","2014-BASE_PROCUREMENT-2014-AIRFORCE_MISSILE-PROCUREMENT_MasterJustificationBook_Air_Force_PB_2014.zzz_unzipped-PROCUREMENT_MasterJustificationBook_Air_Force_PB_2014.xml","3f74a8ce992b58bff0203aa59054245697d5f293f300ca891ef9fafd9620a03e","0-e07cdd9b6510b44c9a96d33295eb4b594fb55fc79a8e567f99f6703cd0700b75","1-e1dd938ede6495c44a95e76d48ede99f9c0a5fd56a13436b497ecad5df17d62c","root.record.ItemExhibitList.P5Item"
"GPS III SV 09+ Search and Rescue (SAR) GPS","A","0.000","","","0.000","0.000","0.948","","0.948","0.000","14.306","","","3.106","3.363","3.414","3.475","","","","","","","","","","","","2014-BASE_PROCUREMENT-2014-AIRFORCE_MISSILE-PROCUREMENT_MasterJustificationBook_Air_Force_PB_2014.zzz_unzipped-PROCUREMENT_MasterJustificationBook_Air_Force_PB_2014.xml","3f74a8ce992b58bff0203aa59054245697d5f293f300ca891ef9fafd9620a03e","1-8107c976e807acc39b4c5533507ef7e693b7f5f30172c2cca56f8577308cda26","1-e1dd938ede6495c44a95e76d48ede99f9c0a5fd56a13436b497ecad5df17d62c","root.record.ItemExhibitList.P5Item"
"LM Spacecraft Battery Option / SAFT CLIN 2","A","7.091","","","0.182","0.392","0.000","","0.000","","","","","","","","","","","","","","","","","","","","2014-BASE_PROCUREMENT-2014-AIRFORCE_MISSILE-PROCUREMENT_MasterJustificationBook_Air_Force_PB_2014.zzz_unzipped-PROCUREMENT_MasterJustificationBook_Air_Force_PB_2014.xml","b31c92596f6ccbf91720f89270c2aa573e143aa1b9e9ea949815f37a122e9486","0-583320b747a4c85ffb9b2bebf7f8a1092a3af03e5f9d80dd7017c49672407397","0-bafda6b202dd44f87cca55e6b5d50a7df5de492a23374df3f1969f5f51afcfcd","root.record.ItemExhibitList.P5Item"
"LM Spacecraft Orbital Incentives","A","8.32","","","0.000","0.000","3.352","","3.352","","","","","","","","","","","","","","","","","","","","2014-BASE_PROCUREMENT-2014-AIRFORCE_MISSILE-PROCUREMENT_MasterJustificationBook_Air_Force_PB_2014.zzz_unzipped-PROCUREMENT_MasterJustificationBook_Air_Force_PB_2014.xml","b31c92596f6ccbf91720f89270c2aa573e143aa1b9e9ea949815f37a122e9486","1-4b56c7e480b6edd9f696fc33e7454a44a76ca3ebd9b8d5eb423b8e97f8633657","0-bafda6b202dd44f87cca55e6b5d50a7df5de492a23374df3f1969f5f51afcfcd","root.record.ItemExhibitList.P5Item"
"NGC Orbital Incentives","A","3.631","","","0.000","0.000","1.463","","1.463","","","","","","","","","","","","","","","","","","","","2014-BASE_PROCUREMENT-2014-AIRFORCE_MISSILE-PROCUREMENT_MasterJustificationBook_Air_Force_PB_2014.zzz_unzipped-PROCUREMENT_MasterJustificationBook_Air_Force_PB_2014.xml","b31c92596f6ccbf91720f89270c2aa573e143aa1b9e9ea949815f37a122e9486","2-7b1175cb23df2cebd9c72f9b1c2add0117c6d7c6d662006b41f0a2595fa4f259","0-bafda6b202dd44f87cca55e6b5d50a7df5de492a23374df3f1969f5f51afcfcd","root.record.ItemExhibitList.P5Item"
"GEO 3-4 Obsolescence Non-Recurring","A","310.614","","","0.355","","","","","0.000","310.969","","","","","","","","","","","","","","","","","","2014-BASE_PROCUREMENT-2014-AIRFORCE_MISSILE-PROCUREMENT_MasterJustificationBook_Air_Force_PB_2014.zzz_unzipped-PROCUREMENT_MasterJustificationBook_Air_Force_PB_2014.xml","c09d619ce532c1c86db360d274ec3de490ff840c9a7e13567ca5beab706dfd39","0-9a64a28a3d4e2377af00e368311e7f1910418dc445db0dc94b0296471cf19de2","0-80e59b94012493ec03b17a0c940fc86670efb1d0b07945babc98557073157a4a","root.record.ItemExhibitList.P5Item"
"GEO 3-4 Launch Vehicle and Range Integration","A","0.554","","","0.41","13.726","5.948","","5.948","0.000","31.978","","","5.747","5.593","","","","","","","","","","","","","","2014-BASE_PROCUREMENT-2014-AIRFORCE_MISSILE-PROCUREMENT_MasterJustificationBook_Air_Force_PB_2014.zzz_unzipped-PROCUREMENT_MasterJustificationBook_Air_Force_PB_2014.xml","c09d619ce532c1c86db360d274ec3de490ff840c9a7e13567ca5beab706dfd39","1-36c1652ae5871906a87ac78075e98d8124f145cb9b6083b6b6df0b6f99b1a621","0-80e59b94012493ec03b17a0c940fc86670efb1d0b07945babc98557073157a4a","root.record.ItemExhibitList.P5Item"
"GEO 5-6 Obsolescence Non-Recurring","A","0.000","0.000","0","","324","","","","0.000","324","0.000","0","","","","","","","","","","","","","","","","2014-BASE_PROCUREMENT-2014-AIRFORCE_MISSILE-PROCUREMENT_MasterJustificationBook_Air_Force_PB_2014.zzz_unzipped-PROCUREMENT_MasterJustificationBook_Air_Force_PB_2014.xml","c09d619ce532c1c86db360d274ec3de490ff840c9a7e13567ca5beab706dfd39","0-ca639e823a24f13396dacc21da416d13f4ea79b53c949de5d305c4b13edfd64d","1-0d9459fb5ff3dddf0b8b29b1f999cbb7ac861bb5240bbd92d594032fc6cfa996","root.record.ItemExhibitList.P5Item"
"GEO 5-6 Launch Vehicle and Range Integration","A","","","","","","","","","18.658","33.079","","","","","6.512","7.909","","","","","","","","","","","","2014-BASE_PROCUREMENT-2014-AIRFORCE_MISSILE-PROCUREMENT_MasterJustificationBook_Air_Force_PB_2014.zzz_unzipped-PROCUREMENT_MasterJustificationBook_Air_Force_PB_2014.xml","c09d619ce532c1c86db360d274ec3de490ff840c9a7e13567ca5beab706dfd39","1-007d662353db115684446df3616f75f15a0df2744ab049c0714c5b89d2994add","1-0d9459fb5ff3dddf0b8b29b1f999cbb7ac861bb5240bbd92d594032fc6cfa996","root.record.ItemExhibitList.P5Item"
"HEO 3-4 Obsolescence Non-Recurring","A","101.443","","","","","","","","0.000","101.443","","","","","","","","","","","","","","","","","","2014-BASE_PROCUREMENT-2014-AIRFORCE_MISSILE-PROCUREMENT_MasterJustificationBook_Air_Force_PB_2014.zzz_unzipped-PROCUREMENT_MasterJustificationBook_Air_Force_PB_2014.xml","c09d619ce532c1c86db360d274ec3de490ff840c9a7e13567ca5beab706dfd39","0-30cc3a27993954f658fefe3bec1bc5ef2ab51b3b77af742d161d6c7400260080","2-79f934b5fb50c35f94a483209540b96591a1681a502df0fa2b019c1070f033a0","root.record.ItemExhibitList.P5Item"
"HEO 3-4 Launch Vehicle and Range Integration","A","0.237","","","0.176","8.765","6.063","","6.063","0.000","20.498","","","5.257","","","","","","","","","","","","","","","2014-BASE_PROCUREMENT-2014-AIRFORCE_MISSILE-PROCUREMENT_MasterJustificationBook_Air_Force_PB_2014.zzz_unzipped-PROCUREMENT_MasterJustificationBook_Air_Force_PB_2014.xml","c09d619ce532c1c86db360d274ec3de490ff840c9a7e13567ca5beab706dfd39","1-efc1319a6a76304e30798d9963612519053fb1b35d32528649d30f23f96935e5","2-79f934b5fb50c35f94a483209540b96591a1681a502df0fa2b019c1070f033a0","root.record.ItemExhibitList.P5Item"
"GPS III SV 09+ Nonrecurring","A","","","","","","","","","","","","","","","","","0.000","0.000","0.000","","","","","","","","","2015-BASE_PROCUREMENT-2015-AIRFORCE_MISSILE-PROCUREMENT_JustificationBook_Air_Force_PB_2015.zzz_unzipped-PROCUREMENT_JustificationBook_Air_Force_PB_2015.xml","27d3e87bb2fc7e3e342a740b15883c038cc1395873b8ef70810bbcfee7a54946","0-479af4ecdeab9754ed7845eb6d5b2b842dd8fe35cd617733e22a0ae548075862","1-03d7df91d4741af241d3cfbfbe6f1658f01e04d33b8d0831baf0ebb0d3dfd752","root.record.ItemExhibitList.P5Item"
"GPS III SV 09+ Search and Rescue (SAR) GPS","A","","","","","","","","","","","","","","","","","0.000","5.824","23.523","0.000","0.948","3.072","3.072","3.332","3.387","3.448","3.512","2015-BASE_PROCUREMENT-2015-AIRFORCE_MISSILE-PROCUREMENT_JustificationBook_Air_Force_PB_2015.zzz_unzipped-PROCUREMENT_JustificationBook_Air_Force_PB_2015.xml","27d3e87bb2fc7e3e342a740b15883c038cc1395873b8ef70810bbcfee7a54946","1-d779561c5690fa25b0270b18e37932900632c1637b4fdb52719e413eca925ee0","1-03d7df91d4741af241d3cfbfbe6f1658f01e04d33b8d0831baf0ebb0d3dfd752","root.record.ItemExhibitList.P5Item"
"LM Spacecraft Battery Option / SAFT CLIN 2","A","","","","","","","","","","","","","","","","","7.273","","","0.392","","","","","","","","2015-BASE_PROCUREMENT-2015-AIRFORCE_MISSILE-PROCUREMENT_JustificationBook_Air_Force_PB_2015.zzz_unzipped-PROCUREMENT_JustificationBook_Air_Force_PB_2015.xml","9d6d7cc2e213d10711c93d66b1cde5a68bd237bd013f9f174c1ce0b96e710eb0","0-c43a5bdaedb89e74ed187957bb326f8014dc375a8a6430f85c4491f2e4899e76","0-f13be9d7e6d5564e684cb7ab2802a5ad5b170cb25d46e7da05f4ed6640280dac","root.record.ItemExhibitList.P5Item"
"LM Spacecraft Orbital Incentives","A","","","","","","","","","","","","","","","","","8.32","","","","3.352","","","","","","","2015-BASE_PROCUREMENT-2015-AIRFORCE_MISSILE-PROCUREMENT_JustificationBook_Air_Force_PB_2015.zzz_unzipped-PROCUREMENT_JustificationBook_Air_Force_PB_2015.xml","9d6d7cc2e213d10711c93d66b1cde5a68bd237bd013f9f174c1ce0b96e710eb0","1-ddf825d017ff797d7e918a9ba1300dac12a4af9da2fc8fb872ede527a8c9c886","0-f13be9d7e6d5564e684cb7ab2802a5ad5b170cb25d46e7da05f4ed6640280dac","root.record.ItemExhibitList.P5Item"
"NGC Orbital Incentives","A","","","","","","","","","","","","","","","","","3.631","","","","1.463","","","","","","","2015-BASE_PROCUREMENT-2015-AIRFORCE_MISSILE-PROCUREMENT_JustificationBook_Air_Force_PB_2015.zzz_unzipped-PROCUREMENT_JustificationBook_Air_Force_PB_2015.xml","9d6d7cc2e213d10711c93d66b1cde5a68bd237bd013f9f174c1ce0b96e710eb0","2-d90273b989d59a9de83f58da217aa09e7add81ef2aac5a54e922c3f4e3e5f0fe","0-f13be9d7e6d5564e684cb7ab2802a5ad5b170cb25d46e7da05f4ed6640280dac","root.record.ItemExhibitList.P5Item"
"GEO 3-4 Obsolescence Non-Recurring","A","","","","","","","","","","","","","","","","","437.696","0.000","437.696","","","","","","","","","2015-BASE_PROCUREMENT-2015-AIRFORCE_MISSILE-PROCUREMENT_JustificationBook_Air_Force_PB_2015.zzz_unzipped-PROCUREMENT_JustificationBook_Air_Force_PB_2015.xml","b0439627d697f23309d80778f48f7bf9598ab22c86f68e7c8eb97d5630e37c1c","0-eb538de075142f8529fdd1d2c6ae65c18216460bcae3932db8b26c9559eb88a7","0-47e844ce187dd26221e1ce3dc55740dd44f462e4071de1e7e1b0b415a2ee9fe3","root.record.ItemExhibitList.P5Item"
"GEO 3-4 Launch Vehicle and Range Integration","A","","","","","","","","","","","","","","","","","0.97","0.000","32.348","3.811","21.217","2.651","2.651","3.699","","","","2015-BASE_PROCUREMENT-2015-AIRFORCE_MISSILE-PROCUREMENT_JustificationBook_Air_Force_PB_2015.zzz_unzipped-PROCUREMENT_JustificationBook_Air_Force_PB_2015.xml","b0439627d697f23309d80778f48f7bf9598ab22c86f68e7c8eb97d5630e37c1c","1-a6b2df5c24e9428dd900713d83a6e11c4468b55ddf6a0e385c00fcbf5b4b3626","0-47e844ce187dd26221e1ce3dc55740dd44f462e4071de1e7e1b0b415a2ee9fe3","root.record.ItemExhibitList.P5Item"
"GEO 5-6 Obsolescence Non-Recurring","A","","","","","","","","","","","","","","","","","0.000","0.000","642.682","461.824","77.942","59.461","59.461","25.508","13.235","4.712","","2015-BASE_PROCUREMENT-2015-AIRFORCE_MISSILE-PROCUREMENT_JustificationBook_Air_Force_PB_2015.zzz_unzipped-PROCUREMENT_JustificationBook_Air_Force_PB_2015.xml","b0439627d697f23309d80778f48f7bf9598ab22c86f68e7c8eb97d5630e37c1c","0-9c629c18e7c6cb25d95be347bf1b0fee3466fe1e1086167ccd5cdaa3af218d73","1-154a9f1bcda0b8e5d5c89bc9fa2fdee7562df37540625caee4cc28994cda05da","root.record.ItemExhibitList.P5Item"
"FY14 Incremental Funding","A","","","","","","","","","","","","","","","","","","0.000","-77.942","-77.942","","","","","","","","2015-BASE_PROCUREMENT-2015-AIRFORCE_MISSILE-PROCUREMENT_JustificationBook_Air_Force_PB_2015.zzz_unzipped-PROCUREMENT_JustificationBook_Air_Force_PB_2015.xml","b0439627d697f23309d80778f48f7bf9598ab22c86f68e7c8eb97d5630e37c1c","1-ba7a455ac7e81840e11f11ada6e9f11d4e2305c0d61397169d4f99813b5f4e96","1-154a9f1bcda0b8e5d5c89bc9fa2fdee7562df37540625caee4cc28994cda05da","root.record.ItemExhibitList.P5Item"
"FY15 Incremental Funding","A","","","","","","","","","","","","","","","","","","0.000","-59.461","-59.461","","","","","","","","2015-BASE_PROCUREMENT-2015-AIRFORCE_MISSILE-PROCUREMENT_JustificationBook_Air_Force_PB_2015.zzz_unzipped-PROCUREMENT_JustificationBook_Air_Force_PB_2015.xml","b0439627d697f23309d80778f48f7bf9598ab22c86f68e7c8eb97d5630e37c1c","2-7745d4a369691fe7418eaa28260cf537457ef32712782ea58d46a0cee3a09e3d","1-154a9f1bcda0b8e5d5c89bc9fa2fdee7562df37540625caee4cc28994cda05da","root.record.ItemExhibitList.P5Item"
"FY16 Incremental Funding","A","","","","","","","","","","","","","","","","","","0.000","-25.508","-25.508","","","","","","","","2015-BASE_PROCUREMENT-2015-AIRFORCE_MISSILE-PROCUREMENT_JustificationBook_Air_Force_PB_2015.zzz_unzipped-PROCUREMENT_JustificationBook_Air_Force_PB_2015.xml","b0439627d697f23309d80778f48f7bf9598ab22c86f68e7c8eb97d5630e37c1c","3-55ff8aea8f9f3b79e06a9ea0692cbca484839c97d279ebe191fe731f66a5b3c4","1-154a9f1bcda0b8e5d5c89bc9fa2fdee7562df37540625caee4cc28994cda05da","root.record.ItemExhibitList.P5Item"
"FY17 Incremental Funding","A","","","","","","","","","","","","","","","","","","0.000","-13.235","-13.235","","","","","","","","2015-BASE_PROCUREMENT-2015-AIRFORCE_MISSILE-PROCUREMENT_JustificationBook_Air_Force_PB_2015.zzz_unzipped-PROCUREMENT_JustificationBook_Air_Force_PB_2015.xml","b0439627d697f23309d80778f48f7bf9598ab22c86f68e7c8eb97d5630e37c1c","4-5cdd44f1c487ab9dd372e001d1c82fffb6b861c82b313e9adb018727cebf1d07","1-154a9f1bcda0b8e5d5c89bc9fa2fdee7562df37540625caee4cc28994cda05da","root.record.ItemExhibitList.P5Item"
"FY18 Incremental Funding","A","","","","","","","","","","","","","","","","","","0.000","-4.712","-4.712","","","","","","","","2015-BASE_PROCUREMENT-2015-AIRFORCE_MISSILE-PROCUREMENT_JustificationBook_Air_Force_PB_2015.zzz_unzipped-PROCUREMENT_JustificationBook_Air_Force_PB_2015.xml","b0439627d697f23309d80778f48f7bf9598ab22c86f68e7c8eb97d5630e37c1c","5-5259c9c7b834217f79491b58ce9b257c421f6077c9df35b2885445381c16d130","1-154a9f1bcda0b8e5d5c89bc9fa2fdee7562df37540625caee4cc28994cda05da","root.record.ItemExhibitList.P5Item"
"GEO 5-6 Launch Vehicle and Range Integration","A","","","","","","","","","","","","","","","","","0.000","7.256","15.622","","","","","","1.937","1.622","4.807","2015-BASE_PROCUREMENT-2015-AIRFORCE_MISSILE-PROCUREMENT_JustificationBook_Air_Force_PB_2015.zzz_unzipped-PROCUREMENT_JustificationBook_Air_Force_PB_2015.xml","b0439627d697f23309d80778f48f7bf9598ab22c86f68e7c8eb97d5630e37c1c","6-fa4ad75ceeffae57ea17c02e75b7ac8f20514ffeeb67e8288f8bd30126597833","1-154a9f1bcda0b8e5d5c89bc9fa2fdee7562df37540625caee4cc28994cda05da","root.record.ItemExhibitList.P5Item"
"HEO 3-4 Obsolescence Non-Recurring","A","","","","","","","","","","","","","","","","","137.146","0.000","137.146","","","","","","","","","2015-BASE_PROCUREMENT-2015-AIRFORCE_MISSILE-PROCUREMENT_JustificationBook_Air_Force_PB_2015.zzz_unzipped-PROCUREMENT_JustificationBook_Air_Force_PB_2015.xml","b0439627d697f23309d80778f48f7bf9598ab22c86f68e7c8eb97d5630e37c1c","0-df07aade340075475fed22356217c5c3ec47c5b05df4edbe932271081db7d6c2","2-c059a602575f8ef7cb2f09a6d4a6bddbbe4f4de922590eb290b677f20d963165","root.record.ItemExhibitList.P5Item"
"HEO 3-4 Launch Vehicle and Range Integration","A","","","","","","","","","","","","","","","","","0.413","0.000","21.225","4.551","13.962","2.299","2.299","","","","","2015-BASE_PROCUREMENT-2015-AIRFORCE_MISSILE-PROCUREMENT_JustificationBook_Air_Force_PB_2015.zzz_unzipped-PROCUREMENT_JustificationBook_Air_Force_PB_2015.xml","b0439627d697f23309d80778f48f7bf9598ab22c86f68e7c8eb97d5630e37c1c","1-40545a8eca92e9e883a995b76cfb04559a038d0233086db8e5d8f8cf152d39b2","2-c059a602575f8ef7cb2f09a6d4a6bddbbe4f4de922590eb290b677f20d963165","root.record.ItemExhibitList.P5Item"
"GPS III SV 09+ Nonrecurring","A","","","","","","","","","","","","","","","","","0.000","0.000","0.000","","","","","","","","","2015-BASE_PROCUREMENT-2015-AIRFORCE_MISSILE-PROCUREMENT_MasterJustificationBook_Air_Force_PB_2015.zzz_unzipped-PROCUREMENT_MasterJustificationBook_Air_Force_PB_2015.xml","33b3b0ad5835d13cc15e7e273b3a3b0e797b8b7474e6a63df610479ef30e8683","0-3c0aecf4fe3798dd196bcfa3358984a14327a4f772b750a7e52e34896320b8b3","1-853036f5332d63785717bcdefd0ac7f0173d0f537dd660feb932fafcd77d9853","root.record.ItemExhibitList.P5Item"
"GPS III SV 09+ Search and Rescue (SAR) GPS","A","","","","","","","","","","","","","","","","","0.000","5.824","23.523","0.000","0.948","3.072","3.072","3.332","3.387","3.448","3.512","2015-BASE_PROCUREMENT-2015-AIRFORCE_MISSILE-PROCUREMENT_MasterJustificationBook_Air_Force_PB_2015.zzz_unzipped-PROCUREMENT_MasterJustificationBook_Air_Force_PB_2015.xml","33b3b0ad5835d13cc15e7e273b3a3b0e797b8b7474e6a63df610479ef30e8683","1-c7a41cc6bcd699ff4d18cbeffe4faf749b4ba98562a871455f5de95b4e24658e","1-853036f5332d63785717bcdefd0ac7f0173d0f537dd660feb932fafcd77d9853","root.record.ItemExhibitList.P5Item"
"LM Spacecraft Battery Option / SAFT CLIN 2","A","","","","","","","","","","","","","","","","","7.273","","","0.392","","","","","","","","2015-BASE_PROCUREMENT-2015-AIRFORCE_MISSILE-PROCUREMENT_MasterJustificationBook_Air_Force_PB_2015.zzz_unzipped-PROCUREMENT_MasterJustificationBook_Air_Force_PB_2015.xml","ec01fd2dc2e4b3154d5fd777d577fadafd0887cac57c8654b4ea1a3886efa793","0-da752ddf0ed5c65ba74742496e72a8d451b67f4f6546f9e727f75b533544bee9","0-ed9c0b0ae1905d9395114892fb34a116f1d8aa20e6a435ac9155a12fd069f3c1","root.record.ItemExhibitList.P5Item"
"LM Spacecraft Orbital Incentives","A","","","","","","","","","","","","","","","","","8.32","","","","3.352","","","","","","","2015-BASE_PROCUREMENT-2015-AIRFORCE_MISSILE-PROCUREMENT_MasterJustificationBook_Air_Force_PB_2015.zzz_unzipped-PROCUREMENT_MasterJustificationBook_Air_Force_PB_2015.xml","ec01fd2dc2e4b3154d5fd777d577fadafd0887cac57c8654b4ea1a3886efa793","1-612a77c1295a4c3f9edabcdc74ede32b9167aa444ca07b35f899dccde160a20c","0-ed9c0b0ae1905d9395114892fb34a116f1d8aa20e6a435ac9155a12fd069f3c1","root.record.ItemExhibitList.P5Item"
"NGC Orbital Incentives","A","","","","","","","","","","","","","","","","","3.631","","","","1.463","","","","","","","2015-BASE_PROCUREMENT-2015-AIRFORCE_MISSILE-PROCUREMENT_MasterJustificationBook_Air_Force_PB_2015.zzz_unzipped-PROCUREMENT_MasterJustificationBook_Air_Force_PB_2015.xml","ec01fd2dc2e4b3154d5fd777d577fadafd0887cac57c8654b4ea1a3886efa793","2-eddb6c678c6dd07dca2940e23f9e313544c323ae2c1c8f3255cd2d257d85fbe5","0-ed9c0b0ae1905d9395114892fb34a116f1d8aa20e6a435ac9155a12fd069f3c1","root.record.ItemExhibitList.P5Item"
"GEO 3-4 Obsolescence Non-Recurring","A","","","","","","","","","","","","","","","","","437.696","0.000","437.696","","","","","","","","","2015-BASE_PROCUREMENT-2015-AIRFORCE_MISSILE-PROCUREMENT_MasterJustificationBook_Air_Force_PB_2015.zzz_unzipped-PROCUREMENT_MasterJustificationBook_Air_Force_PB_2015.xml","8c9448bac531fa76bde6d0d330853a3c625667bcc8a7fac5efe03c4154f7d50a","0-34171babeef16214db5ff7a2ae25d35c932413df71220be6e0be920bebf6916d","0-cbd84c86de92aeb0892f63e6966271e16703564d49e7a4d86f7f620a479f0795","root.record.ItemExhibitList.P5Item"
"GEO 3-4 Launch Vehicle and Range Integration","A","","","","","","","","","","","","","","","","","0.97","0.000","32.348","3.811","21.217","2.651","2.651","3.699","","","","2015-BASE_PROCUREMENT-2015-AIRFORCE_MISSILE-PROCUREMENT_MasterJustificationBook_Air_Force_PB_2015.zzz_unzipped-PROCUREMENT_MasterJustificationBook_Air_Force_PB_2015.xml","8c9448bac531fa76bde6d0d330853a3c625667bcc8a7fac5efe03c4154f7d50a","1-782335aed12befdbc978e8c073a5a72969fdd997d51a78fa7a49eb48ec141333","0-cbd84c86de92aeb0892f63e6966271e16703564d49e7a4d86f7f620a479f0795","root.record.ItemExhibitList.P5Item"
"GEO 5-6 Obsolescence Non-Recurring","A","","","","","","","","","","","","","","","","","0.000","0.000","642.682","461.824","77.942","59.461","59.461","25.508","13.235","4.712","","2015-BASE_PROCUREMENT-2015-AIRFORCE_MISSILE-PROCUREMENT_MasterJustificationBook_Air_Force_PB_2015.zzz_unzipped-PROCUREMENT_MasterJustificationBook_Air_Force_PB_2015.xml","8c9448bac531fa76bde6d0d330853a3c625667bcc8a7fac5efe03c4154f7d50a","0-150b73e68ad9481e41f9c89bde4117fb220c00b76d04ca123af3f7a4ee7dc56e","1-707a3fa0fe57c9a7d9f05177b63c0f026d8255864f06e027024e03c8f9396726","root.record.ItemExhibitList.P5Item"
"FY14 Incremental Funding","A","","","","","","","","","","","","","","","","","","0.000","-77.942","-77.942","","","","","","","","2015-BASE_PROCUREMENT-2015-AIRFORCE_MISSILE-PROCUREMENT_MasterJustificationBook_Air_Force_PB_2015.zzz_unzipped-PROCUREMENT_MasterJustificationBook_Air_Force_PB_2015.xml","8c9448bac531fa76bde6d0d330853a3c625667bcc8a7fac5efe03c4154f7d50a","1-3983f8df089aedf69180a50f1ec882fb794955bab56b2d67b9094396eeaa4ebd","1-707a3fa0fe57c9a7d9f05177b63c0f026d8255864f06e027024e03c8f9396726","root.record.ItemExhibitList.P5Item"
"FY15 Incremental Funding","A","","","","","","","","","","","","","","","","","","0.000","-59.461","-59.461","","","","","","","","2015-BASE_PROCUREMENT-2015-AIRFORCE_MISSILE-PROCUREMENT_MasterJustificationBook_Air_Force_PB_2015.zzz_unzipped-PROCUREMENT_MasterJustificationBook_Air_Force_PB_2015.xml","8c9448bac531fa76bde6d0d330853a3c625667bcc8a7fac5efe03c4154f7d50a","2-b68b4fe7dc4c38b5f6c7044548f411634482d5e441124dee47c7b6260a26eead","1-707a3fa0fe57c9a7d9f05177b63c0f026d8255864f06e027024e03c8f9396726","root.record.ItemExhibitList.P5Item"
"FY16 Incremental Funding","A","","","","","","","","","","","","","","","","","","0.000","-25.508","-25.508","","","","","","","","2015-BASE_PROCUREMENT-2015-AIRFORCE_MISSILE-PROCUREMENT_MasterJustificationBook_Air_Force_PB_2015.zzz_unzipped-PROCUREMENT_MasterJustificationBook_Air_Force_PB_2015.xml","8c9448bac531fa76bde6d0d330853a3c625667bcc8a7fac5efe03c4154f7d50a","3-cbd35ae04a6fce1dbfe5cb7418b289b611b55549193024cffa439dbc6d3136c6","1-707a3fa0fe57c9a7d9f05177b63c0f026d8255864f06e027024e03c8f9396726","root.record.ItemExhibitList.P5Item"
"FY17 Incremental Funding","A","","","","","","","","","","","","","","","","","","0.000","-13.235","-13.235","","","","","","","","2015-BASE_PROCUREMENT-2015-AIRFORCE_MISSILE-PROCUREMENT_MasterJustificationBook_Air_Force_PB_2015.zzz_unzipped-PROCUREMENT_MasterJustificationBook_Air_Force_PB_2015.xml","8c9448bac531fa76bde6d0d330853a3c625667bcc8a7fac5efe03c4154f7d50a","4-42995dadefe8ed3d4f35c96f4d984c0220aafa58ffc81409b066f875a7b2dc0f","1-707a3fa0fe57c9a7d9f05177b63c0f026d8255864f06e027024e03c8f9396726","root.record.ItemExhibitList.P5Item"
"FY18 Incremental Funding","A","","","","","","","","","","","","","","","","","","0.000","-4.712","-4.712","","","","","","","","2015-BASE_PROCUREMENT-2015-AIRFORCE_MISSILE-PROCUREMENT_MasterJustificationBook_Air_Force_PB_2015.zzz_unzipped-PROCUREMENT_MasterJustificationBook_Air_Force_PB_2015.xml","8c9448bac531fa76bde6d0d330853a3c625667bcc8a7fac5efe03c4154f7d50a","5-110aa6c602923583d3dacee685b085a6f78c2d834df28592f951b8ad507f346f","1-707a3fa0fe57c9a7d9f05177b63c0f026d8255864f06e027024e03c8f9396726","root.record.ItemExhibitList.P5Item"
"GEO 5-6 Launch Vehicle and Range Integration","A","","","","","","","","","","","","","","","","","0.000","7.256","15.622","","","","","","1.937","1.622","4.807","2015-BASE_PROCUREMENT-2015-AIRFORCE_MISSILE-PROCUREMENT_MasterJustificationBook_Air_Force_PB_2015.zzz_unzipped-PROCUREMENT_MasterJustificationBook_Air_Force_PB_2015.xml","8c9448bac531fa76bde6d0d330853a3c625667bcc8a7fac5efe03c4154f7d50a","6-fdcad3b8c8a9899f6d2cedc5ee845199c446c71c6a1e40b71fcf3fcd14e48399","1-707a3fa0fe57c9a7d9f05177b63c0f026d8255864f06e027024e03c8f9396726","root.record.ItemExhibitList.P5Item"
"HEO 3-4 Obsolescence Non-Recurring","A","","","","","","","","","","","","","","","","","137.146","0.000","137.146","","","","","","","","","2015-BASE_PROCUREMENT-2015-AIRFORCE_MISSILE-PROCUREMENT_MasterJustificationBook_Air_Force_PB_2015.zzz_unzipped-PROCUREMENT_MasterJustificationBook_Air_Force_PB_2015.xml","8c9448bac531fa76bde6d0d330853a3c625667bcc8a7fac5efe03c4154f7d50a","0-fb21771f91b645616a81e41c664b60a8a3eac20c3301334bf22bb53e2ba27717","2-ae2831a9ab141b841b46628967341d3fb1e090ce4d8cf715d2cb68bc98355d1d","root.record.ItemExhibitList.P5Item"
"HEO 3-4 Launch Vehicle and Range Integration","A","","","","","","","","","","","","","","","","","0.413","0.000","21.225","4.551","13.962","2.299","2.299","","","","","2015-BASE_PROCUREMENT-2015-AIRFORCE_MISSILE-PROCUREMENT_MasterJustificationBook_Air_Force_PB_2015.zzz_unzipped-PROCUREMENT_MasterJustificationBook_Air_Force_PB_2015.xml","8c9448bac531fa76bde6d0d330853a3c625667bcc8a7fac5efe03c4154f7d50a","1-4b6360c91ffe80540d89006e687a7900a0cebc28bd399cd377ac9d6be3685453","2-ae2831a9ab141b841b46628967341d3fb1e090ce4d8cf715d2cb68bc98355d1d","root.record.ItemExhibitList.P5Item"
"GEO 3-4 Obsolescence Non-Recurring","","","","","","","","","","","","","","","","","","438.772","0","438.772","","","","","","","","","2016-BASE_PROCUREMENT-2016-AIRFORCE_MISSILE-PROCUREMENT_JustificationBook_Air_Force_PB_2016.zzz_unzipped-PROCUREMENT_JustificationBook_Air_Force_PB_2016.xml","b7250a7bc654675ae44d6d62c2bb1e4e483647e362d5d04206595c9b29029aa8","0-77d82a8fbea2431a3f66fc3429ea05399e1f91696254be1908d1baf0fef6f0f1","0-59f9d29b8cf8fd6ccf617dc88f71e95ac3dbed82ad64f4dab34fbdfac87d9521","root.record.ItemExhibitList.P5Item"
"GEO 3-4 Launch Vehicle and Range Integration","","","","","","","","","","","","","","","","","","1.807","0","12.838","4.284","6.747","","","","","","","2016-BASE_PROCUREMENT-2016-AIRFORCE_MISSILE-PROCUREMENT_JustificationBook_Air_Force_PB_2016.zzz_unzipped-PROCUREMENT_JustificationBook_Air_Force_PB_2016.xml","b7250a7bc654675ae44d6d62c2bb1e4e483647e362d5d04206595c9b29029aa8","1-319b6d3d87bf9f93099f0048c69b0a7d32cecb8747d854c845fba32210c63582","0-59f9d29b8cf8fd6ccf617dc88f71e95ac3dbed82ad64f4dab34fbdfac87d9521","root.record.ItemExhibitList.P5Item"
"GEO 5-6 Obsolescence Non-Recurring","","","","","","","","","","","","","","","","","","461.824","0","599.227","77.942","59.461","","","","","","","2016-BASE_PROCUREMENT-2016-AIRFORCE_MISSILE-PROCUREMENT_JustificationBook_Air_Force_PB_2016.zzz_unzipped-PROCUREMENT_JustificationBook_Air_Force_PB_2016.xml","b7250a7bc654675ae44d6d62c2bb1e4e483647e362d5d04206595c9b29029aa8","0-d236c441a4bfa487a4d2ed22cdcf7cc10db1242c318d6311a1f4b4bf59819c7a","1-8347dc5e2ba12de195ce2063f8131dadc931947225271b194014581c691d2af4","root.record.ItemExhibitList.P5Item"
"FY14 Incremental Funding","","","","","","","","","","","","","","","","","","-77.942","0","-77.942","","","","","","","","","2016-BASE_PROCUREMENT-2016-AIRFORCE_MISSILE-PROCUREMENT_JustificationBook_Air_Force_PB_2016.zzz_unzipped-PROCUREMENT_JustificationBook_Air_Force_PB_2016.xml","b7250a7bc654675ae44d6d62c2bb1e4e483647e362d5d04206595c9b29029aa8","1-119a9294ed273c0e552c097ababf64bbe05c6cdb7c9d5212d6e427db4cbf654e","1-8347dc5e2ba12de195ce2063f8131dadc931947225271b194014581c691d2af4","root.record.ItemExhibitList.P5Item"
"FY15 Incremental Funding","","","","","","","","","","","","","","","","","","-59.461","0","-59.461","","","","","","","","","2016-BASE_PROCUREMENT-2016-AIRFORCE_MISSILE-PROCUREMENT_JustificationBook_Air_Force_PB_2016.zzz_unzipped-PROCUREMENT_JustificationBook_Air_Force_PB_2016.xml","b7250a7bc654675ae44d6d62c2bb1e4e483647e362d5d04206595c9b29029aa8","2-9dabd76058c523aca5b9bf52193de78eaa8747f18efb79a11e563d1324cf4178","1-8347dc5e2ba12de195ce2063f8131dadc931947225271b194014581c691d2af4","root.record.ItemExhibitList.P5Item"
"FY16 Incremental Funding (3021)","","","","","","","","","","","","","","","","","","-25.508","0","-25.508","","","","","","","","","2016-BASE_PROCUREMENT-2016-AIRFORCE_MISSILE-PROCUREMENT_JustificationBook_Air_Force_PB_2016.zzz_unzipped-PROCUREMENT_JustificationBook_Air_Force_PB_2016.xml","b7250a7bc654675ae44d6d62c2bb1e4e483647e362d5d04206595c9b29029aa8","3-b6656074bebec0179049f1cd7ad0b4e9065ce611751de7b276cf9517b3ff484c","1-8347dc5e2ba12de195ce2063f8131dadc931947225271b194014581c691d2af4","root.record.ItemExhibitList.P5Item"
"FY17 Incremental Funding (3021)","","","","","","","","","","","","","","","","","","-13.235","0","-13.235","","","","","","","","","2016-BASE_PROCUREMENT-2016-AIRFORCE_MISSILE-PROCUREMENT_JustificationBook_Air_Force_PB_2016.zzz_unzipped-PROCUREMENT_JustificationBook_Air_Force_PB_2016.xml","b7250a7bc654675ae44d6d62c2bb1e4e483647e362d5d04206595c9b29029aa8","4-10b8ba8701460e628752e0741e75fec6148bb60bcafa3b3b1555ea48fafa0e4f","1-8347dc5e2ba12de195ce2063f8131dadc931947225271b194014581c691d2af4","root.record.ItemExhibitList.P5Item"
"FY18 Incremental Funding (3021)","","","","","","","","","","","","","","","","","","-4.712","0","-4.712","","","","","","","","","2016-BASE_PROCUREMENT-2016-AIRFORCE_MISSILE-PROCUREMENT_JustificationBook_Air_Force_PB_2016.zzz_unzipped-PROCUREMENT_JustificationBook_Air_Force_PB_2016.xml","b7250a7bc654675ae44d6d62c2bb1e4e483647e362d5d04206595c9b29029aa8","5-b53f1d25fd767ec914c492000b41f738c77ac37a318c645dec08c12ba0ed3e2a","1-8347dc5e2ba12de195ce2063f8131dadc931947225271b194014581c691d2af4","root.record.ItemExhibitList.P5Item"
"GEO 5-6 Launch Vehicle and Range Integration","","","","","","","","","","","","","","","","","","0.158","0","2.415","0.286","1.971","","","","","","","2016-BASE_PROCUREMENT-2016-AIRFORCE_MISSILE-PROCUREMENT_JustificationBook_Air_Force_PB_2016.zzz_unzipped-PROCUREMENT_JustificationBook_Air_Force_PB_2016.xml","b7250a7bc654675ae44d6d62c2bb1e4e483647e362d5d04206595c9b29029aa8","6-323631ad327fec1168828b45d98ea4ceaaef1af86096307f0c4a1da3b175dc75","1-8347dc5e2ba12de195ce2063f8131dadc931947225271b194014581c691d2af4","root.record.ItemExhibitList.P5Item"
"HEO 3-4 Obsolescence Non-Recurring","","","","","","","","","","","","","","","","","","155.384","0","155.384","","","","","","","","","2016-BASE_PROCUREMENT-2016-AIRFORCE_MISSILE-PROCUREMENT_JustificationBook_Air_Force_PB_2016.zzz_unzipped-PROCUREMENT_JustificationBook_Air_Force_PB_2016.xml","b7250a7bc654675ae44d6d62c2bb1e4e483647e362d5d04206595c9b29029aa8","0-b88f5a2ea8a55a71b2d9dd72b7efad33a409fec701609c6197b29c491e4fc1ba","2-66fe1b46686fb7ee02b650b195ae0d7469c3da2aaa7ea320ff0e5dce5ce14d4a","root.record.ItemExhibitList.P5Item"
"HEO 3-4 Launch Vehicle and Range Integration","","","","","","","","","","","","","","","","","","3.371","0","3.603","","0.232","","","","","","","2016-BASE_PROCUREMENT-2016-AIRFORCE_MISSILE-PROCUREMENT_JustificationBook_Air_Force_PB_2016.zzz_unzipped-PROCUREMENT_JustificationBook_Air_Force_PB_2016.xml","b7250a7bc654675ae44d6d62c2bb1e4e483647e362d5d04206595c9b29029aa8","1-f047357b760b414ef3102e00f89be1a76287d5561c3282fe983cd4f7a1af5f16","2-66fe1b46686fb7ee02b650b195ae0d7469c3da2aaa7ea320ff0e5dce5ce14d4a","root.record.ItemExhibitList.P5Item"
"GEO 3-4 Obsolescence Non-Recurring","","","","","","","","","","","","","","","","","","438.772","0","438.772","","","","","","","","","2016-BASE_PROCUREMENT-2016-AIRFORCE_MISSILE-PROCUREMENT_MasterJustificationBook_Air_Force_PB_2016.zzz_unzipped-PROCUREMENT_MasterJustificationBook_Air_Force_PB_2016.xml","c2682d49efaf19193dea2762b72643b49faaa2c67e9ab748e3149c7c25e9e852","0-de341488b5269e464ed1e2ce408c5850ce7a3669e9f19fe69b30b015f6742f98","0-6d9e2dc1668951421c724593109f4d5d526eaeab1a8b257ae6f8242fe1345572","root.record.ItemExhibitList.P5Item"
"GEO 3-4 Launch Vehicle and Range Integration","","","","","","","","","","","","","","","","","","1.807","0","12.838","4.284","6.747","","","","","","","2016-BASE_PROCUREMENT-2016-AIRFORCE_MISSILE-PROCUREMENT_MasterJustificationBook_Air_Force_PB_2016.zzz_unzipped-PROCUREMENT_MasterJustificationBook_Air_Force_PB_2016.xml","c2682d49efaf19193dea2762b72643b49faaa2c67e9ab748e3149c7c25e9e852","1-52a53157b0d2f1c2ca0877e41cd21f016749cecc725a82e608dfa0f1becd9277","0-6d9e2dc1668951421c724593109f4d5d526eaeab1a8b257ae6f8242fe1345572","root.record.ItemExhibitList.P5Item"
"GEO 5-6 Obsolescence Non-Recurring","","","","","","","","","","","","","","","","","","461.824","0","599.227","77.942","59.461","","","","","","","2016-BASE_PROCUREMENT-2016-AIRFORCE_MISSILE-PROCUREMENT_MasterJustificationBook_Air_Force_PB_2016.zzz_unzipped-PROCUREMENT_MasterJustificationBook_Air_Force_PB_2016.xml","c2682d49efaf19193dea2762b72643b49faaa2c67e9ab748e3149c7c25e9e852","0-0956dec9d63bdd416bade09830681409e655aaeb640c4ef277cbb783ac291c54","1-1ea3f0b6e9d94589371629a6e074d3ef6d0c66f40d028bc8d8d4cd336c72d326","root.record.ItemExhibitList.P5Item"
"FY14 Incremental Funding","","","","","","","","","","","","","","","","","","-77.942","0","-77.942","","","","","","","","","2016-BASE_PROCUREMENT-2016-AIRFORCE_MISSILE-PROCUREMENT_MasterJustificationBook_Air_Force_PB_2016.zzz_unzipped-PROCUREMENT_MasterJustificationBook_Air_Force_PB_2016.xml","c2682d49efaf19193dea2762b72643b49faaa2c67e9ab748e3149c7c25e9e852","1-b4bccd542d8a8c97e091f264d0dea6704356b75f2948ffc36ff25ad785041411","1-1ea3f0b6e9d94589371629a6e074d3ef6d0c66f40d028bc8d8d4cd336c72d326","root.record.ItemExhibitList.P5Item"
"FY15 Incremental Funding","","","","","","","","","","","","","","","","","","-59.461","0","-59.461","","","","","","","","","2016-BASE_PROCUREMENT-2016-AIRFORCE_MISSILE-PROCUREMENT_MasterJustificationBook_Air_Force_PB_2016.zzz_unzipped-PROCUREMENT_MasterJustificationBook_Air_Force_PB_2016.xml","c2682d49efaf19193dea2762b72643b49faaa2c67e9ab748e3149c7c25e9e852","2-79242c41b399c917afdc967b2580296cc2a8d2de4d93260a886997a6c7bcf66f","1-1ea3f0b6e9d94589371629a6e074d3ef6d0c66f40d028bc8d8d4cd336c72d326","root.record.ItemExhibitList.P5Item"
"FY16 Incremental Funding (3021)","","","","","","","","","","","","","","","","","","-25.508","0","-25.508","","","","","","","","","2016-BASE_PROCUREMENT-2016-AIRFORCE_MISSILE-PROCUREMENT_MasterJustificationBook_Air_Force_PB_2016.zzz_unzipped-PROCUREMENT_MasterJustificationBook_Air_Force_PB_2016.xml","c2682d49efaf19193dea2762b72643b49faaa2c67e9ab748e3149c7c25e9e852","3-5d0f53b4936bb11857613127e35cbd48992cc2f95338c67b284a1c33750abfb4","1-1ea3f0b6e9d94589371629a6e074d3ef6d0c66f40d028bc8d8d4cd336c72d326","root.record.ItemExhibitList.P5Item"
"FY17 Incremental Funding (3021)","","","","","","","","","","","","","","","","","","-13.235","0","-13.235","","","","","","","","","2016-BASE_PROCUREMENT-2016-AIRFORCE_MISSILE-PROCUREMENT_MasterJustificationBook_Air_Force_PB_2016.zzz_unzipped-PROCUREMENT_MasterJustificationBook_Air_Force_PB_2016.xml","c2682d49efaf19193dea2762b72643b49faaa2c67e9ab748e3149c7c25e9e852","4-7ca98b9aa70b3d96c2d6b0a5ccff5e53d55292974061dab6a19edc55da84abc7","1-1ea3f0b6e9d94589371629a6e074d3ef6d0c66f40d028bc8d8d4cd336c72d326","root.record.ItemExhibitList.P5Item"
"FY18 Incremental Funding (3021)","","","","","","","","","","","","","","","","","","-4.712","0","-4.712","","","","","","","","","2016-BASE_PROCUREMENT-2016-AIRFORCE_MISSILE-PROCUREMENT_MasterJustificationBook_Air_Force_PB_2016.zzz_unzipped-PROCUREMENT_MasterJustificationBook_Air_Force_PB_2016.xml","c2682d49efaf19193dea2762b72643b49faaa2c67e9ab748e3149c7c25e9e852","5-6043ce9f3917ad6d5a3844ff50160029db895a975a77fe04f7307d44ee5bbd6c","1-1ea3f0b6e9d94589371629a6e074d3ef6d0c66f40d028bc8d8d4cd336c72d326","root.record.ItemExhibitList.P5Item"
"GEO 5-6 Launch Vehicle and Range Integration","","","","","","","","","","","","","","","","","","0.158","0","2.415","0.286","1.971","","","","","","","2016-BASE_PROCUREMENT-2016-AIRFORCE_MISSILE-PROCUREMENT_MasterJustificationBook_Air_Force_PB_2016.zzz_unzipped-PROCUREMENT_MasterJustificationBook_Air_Force_PB_2016.xml","c2682d49efaf19193dea2762b72643b49faaa2c67e9ab748e3149c7c25e9e852","6-bac6731a179678120c3f146208afb387467a21c1f11aad5da09899f313045a64","1-1ea3f0b6e9d94589371629a6e074d3ef6d0c66f40d028bc8d8d4cd336c72d326","root.record.ItemExhibitList.P5Item"
"HEO 3-4 Obsolescence Non-Recurring","","","","","","","","","","","","","","","","","","155.384","0","155.384","","","","","","","","","2016-BASE_PROCUREMENT-2016-AIRFORCE_MISSILE-PROCUREMENT_MasterJustificationBook_Air_Force_PB_2016.zzz_unzipped-PROCUREMENT_MasterJustificationBook_Air_Force_PB_2016.xml","c2682d49efaf19193dea2762b72643b49faaa2c67e9ab748e3149c7c25e9e852","0-19f2da49b5590f8d84ff98f14e16c95a6f248ea0bdadcf5c074b511ae7b4207e","2-82dc66c534f242c740d4fe69473f6b3b2e8bf64b2ffde17dad7035b802c2f17c","root.record.ItemExhibitList.P5Item"
"HEO 3-4 Launch Vehicle and Range Integration","","","","","","","","","","","","","","","","","","3.371","0","3.603","","0.232","","","","","","","2016-BASE_PROCUREMENT-2016-AIRFORCE_MISSILE-PROCUREMENT_MasterJustificationBook_Air_Force_PB_2016.zzz_unzipped-PROCUREMENT_MasterJustificationBook_Air_Force_PB_2016.xml","c2682d49efaf19193dea2762b72643b49faaa2c67e9ab748e3149c7c25e9e852","1-94b3d9cec237c246df78754bf80d73866f8095bace3a5fef0ddb82a2b172c361","2-82dc66c534f242c740d4fe69473f6b3b2e8bf64b2ffde17dad7035b802c2f17c","root.record.ItemExhibitList.P5Item"
"GPS III SV11+ Non Recurring Engineering (NRE)","","","","","","","","","","","","","","","","","","","0","287.3","","","","","","202.2","85.1","","2016-BASE_PROCUREMENT-2016-AIRFORCE_SPACE-PROCUREMENT_JustificationBook_Air_Force_PB_2016.zzz_unzipped-PROCUREMENT_JustificationBook_Air_Force_PB_2016.xml","678e9f85d37c485a8e95cf2f19be22938c446e29fa4a202f939bb30848017f66","0-aeeda35255e8e204ae96878a971d2dee54ba8d596d8a1d2008365d764e6e7edc","0-655392f885e022d76d6ee3539ef32558babb99d9e44d3cf0b1cef4eb9bf6acaf","root.record.ItemExhibitList.P5Item"
"GEO 3-4 Obsolescence Non-Recurring","","","","","","","","","","","","","","","","","","0","0","0","","","","","","","","","2016-BASE_PROCUREMENT-2016-AIRFORCE_SPACE-PROCUREMENT_JustificationBook_Air_Force_PB_2016.zzz_unzipped-PROCUREMENT_JustificationBook_Air_Force_PB_2016.xml","287b62771054d0f13cd631e4cc2a4355b1a7900fa72ee0f32c62ae772146f461","0-af93b7128f8c5ea9615d90ad4ee69a9cf7028483245cedf1ed974cf20b4765a3","0-aa4827a4db11ab6a171d8c4c469b7e0d201081eff3af222a32f1e690a4f97281","root.record.ItemExhibitList.P5Item"
"GEO 3-4 Launch Vehicle and Range Integration","","","","","","","","","","","","","","","","","","","0","16.621","","","8.317","8.317","7.178","1.126","","","2016-BASE_PROCUREMENT-2016-AIRFORCE_SPACE-PROCUREMENT_JustificationBook_Air_Force_PB_2016.zzz_unzipped-PROCUREMENT_JustificationBook_Air_Force_PB_2016.xml","287b62771054d0f13cd631e4cc2a4355b1a7900fa72ee0f32c62ae772146f461","1-1962fc2de7a4f12cbdd597c8326b55f3e3eaa1f3e9dcbd0bee05bd7463b133a6","0-aa4827a4db11ab6a171d8c4c469b7e0d201081eff3af222a32f1e690a4f97281","root.record.ItemExhibitList.P5Item"
"GEO 5-6 Obsolescence Non-Recurring","","","","","","","","","","","","","","","","","","","0","43.455","","","25.508","25.508","13.235","4.712","","","2016-BASE_PROCUREMENT-2016-AIRFORCE_SPACE-PROCUREMENT_JustificationBook_Air_Force_PB_2016.zzz_unzipped-PROCUREMENT_JustificationBook_Air_Force_PB_2016.xml","287b62771054d0f13cd631e4cc2a4355b1a7900fa72ee0f32c62ae772146f461","0-f67f4aafc6be62734892a45f50267aaf03af371e9c63b58dda1cffcf95c912d5","1-bd0715d4517eab745928774ce7f9c04286007607a49280e9c8d28209c6deb9af","root.record.ItemExhibitList.P5Item"
"GEO 5-6 Launch Vehicle and Range Integration","","","","","","","","","","","","","","","","","","","5.08","71.594","","","11.922","11.922","10.168","37.001","1.673","5.75","2016-BASE_PROCUREMENT-2016-AIRFORCE_SPACE-PROCUREMENT_JustificationBook_Air_Force_PB_2016.zzz_unzipped-PROCUREMENT_JustificationBook_Air_Force_PB_2016.xml","287b62771054d0f13cd631e4cc2a4355b1a7900fa72ee0f32c62ae772146f461","1-83f4e5b5bb7490eb97dee7b58f08055a673eac0bbb9b717478f271100dbf4956","1-bd0715d4517eab745928774ce7f9c04286007607a49280e9c8d28209c6deb9af","root.record.ItemExhibitList.P5Item"
"HEO 3-4 Obsolescence Non-Recurring","","","","","","","","","","","","","","","","","","0","0","0","","","","","","","","","2016-BASE_PROCUREMENT-2016-AIRFORCE_SPACE-PROCUREMENT_JustificationBook_Air_Force_PB_2016.zzz_unzipped-PROCUREMENT_JustificationBook_Air_Force_PB_2016.xml","287b62771054d0f13cd631e4cc2a4355b1a7900fa72ee0f32c62ae772146f461","0-20311a30e5e44d483863ff0d8641a7256286f32cc0c24f1ea828c1fc1d455235","2-0323a4532433b9f695407f2446d7c519f7ca2bfafe93c29c8caaa6dbbde8bff1","root.record.ItemExhibitList.P5Item"
"HEO 3-4 Launch Vehicle and Range Integration","","","","","","","","","","","","","","","","","","0","0","0","","","","","","","","","2016-BASE_PROCUREMENT-2016-AIRFORCE_SPACE-PROCUREMENT_JustificationBook_Air_Force_PB_2016.zzz_unzipped-PROCUREMENT_JustificationBook_Air_Force_PB_2016.xml","287b62771054d0f13cd631e4cc2a4355b1a7900fa72ee0f32c62ae772146f461","1-4820d8653e71f86bba10be3f2ab683e923ababb7a1cd749e41f6ec81cfc82c49","2-0323a4532433b9f695407f2446d7c519f7ca2bfafe93c29c8caaa6dbbde8bff1","root.record.ItemExhibitList.P5Item"
"GPS III SV11+ Non Recurring Engineering (NRE)","","","","","","","","","","","","","","","","","","","0","287.3","","","","","","202.2","85.1","","2016-BASE_PROCUREMENT-2016-AIRFORCE_SPACE-PROCUREMENT_MasterJustificationBook_Air_Force_PB_2016.zzz_unzipped-PROCUREMENT_MasterJustificationBook_Air_Force_PB_2016.xml","c5a4557238b31f1521498953a3c7e3ef4b25abd540d107617a261a54274c2734","0-70d24293b63a7012f90ddd2ce00bfc8b1f5c221abc76891ba689713f9b7994c2","0-9ee5fce11e406c059c31cc83b0c29b42305b08a31512486960fac0bd7f394857","root.record.ItemExhibitList.P5Item"
"GEO 3-4 Obsolescence Non-Recurring","","","","","","","","","","","","","","","","","","0","0","0","","","","","","","","","2016-BASE_PROCUREMENT-2016-AIRFORCE_SPACE-PROCUREMENT_MasterJustificationBook_Air_Force_PB_2016.zzz_unzipped-PROCUREMENT_MasterJustificationBook_Air_Force_PB_2016.xml","f8d9619bd1899c8e2ae8e81d8b2b51cac6d373193ca0be49716a61749c39d71f","0-74fbb691bc138fb19d64479ea2bcd76754104399d84c99431bb4b58f931d03ab","0-4289e623245731bd8aae2e1088bbb49e9613dffeb583a77eb847b198bfcd4773","root.record.ItemExhibitList.P5Item"
"GEO 3-4 Launch Vehicle and Range Integration","","","","","","","","","","","","","","","","","","","0","16.621","","","8.317","8.317","7.178","1.126","","","2016-BASE_PROCUREMENT-2016-AIRFORCE_SPACE-PROCUREMENT_MasterJustificationBook_Air_Force_PB_2016.zzz_unzipped-PROCUREMENT_MasterJustificationBook_Air_Force_PB_2016.xml","f8d9619bd1899c8e2ae8e81d8b2b51cac6d373193ca0be49716a61749c39d71f","1-55cbda9931aab3e6dc76df255bc738b54f0c7ffa0fdb892c2898de999a539d9c","0-4289e623245731bd8aae2e1088bbb49e9613dffeb583a77eb847b198bfcd4773","root.record.ItemExhibitList.P5Item"
"GEO 5-6 Obsolescence Non-Recurring","","","","","","","","","","","","","","","","","","","0","43.455","","","25.508","25.508","13.235","4.712","","","2016-BASE_PROCUREMENT-2016-AIRFORCE_SPACE-PROCUREMENT_MasterJustificationBook_Air_Force_PB_2016.zzz_unzipped-PROCUREMENT_MasterJustificationBook_Air_Force_PB_2016.xml","f8d9619bd1899c8e2ae8e81d8b2b51cac6d373193ca0be49716a61749c39d71f","0-07d0fce7b2554e72ddfe4c6160659923f4585f29f59084f0f41a1618781f8710","1-dd623c8ffc5707796e24aca9991b199a18beedda2935817656981034b76f880c","root.record.ItemExhibitList.P5Item"
"GEO 5-6 Launch Vehicle and Range Integration","","","","","","","","","","","","","","","","","","","5.08","71.594","","","11.922","11.922","10.168","37.001","1.673","5.75","2016-BASE_PROCUREMENT-2016-AIRFORCE_SPACE-PROCUREMENT_MasterJustificationBook_Air_Force_PB_2016.zzz_unzipped-PROCUREMENT_MasterJustificationBook_Air_Force_PB_2016.xml","f8d9619bd1899c8e2ae8e81d8b2b51cac6d373193ca0be49716a61749c39d71f","1-fb4d14724f8e89c08df23f363233e71e117b15427a92efb614f06084bb9e5c43","1-dd623c8ffc5707796e24aca9991b199a18beedda2935817656981034b76f880c","root.record.ItemExhibitList.P5Item"
"HEO 3-4 Obsolescence Non-Recurring","","","","","","","","","","","","","","","","","","0","0","0","","","","","","","","","2016-BASE_PROCUREMENT-2016-AIRFORCE_SPACE-PROCUREMENT_MasterJustificationBook_Air_Force_PB_2016.zzz_unzipped-PROCUREMENT_MasterJustificationBook_Air_Force_PB_2016.xml","f8d9619bd1899c8e2ae8e81d8b2b51cac6d373193ca0be49716a61749c39d71f","0-e9c789a6b224734eb1343368c07f988348c387321a09fdcc3cc605d1bc164666","2-97deb2de0d23dc9a61eec83d807a3c4f90bfbf7b24c368c8012c71d1219b3eb8","root.record.ItemExhibitList.P5Item"
"HEO 3-4 Launch Vehicle and Range Integration","","","","","","","","","","","","","","","","","","0","0","0","","","","","","","","","2016-BASE_PROCUREMENT-2016-AIRFORCE_SPACE-PROCUREMENT_MasterJustificationBook_Air_Force_PB_2016.zzz_unzipped-PROCUREMENT_MasterJustificationBook_Air_Force_PB_2016.xml","f8d9619bd1899c8e2ae8e81d8b2b51cac6d373193ca0be49716a61749c39d71f","1-5e1136c8debb6dcee712a196c43331080be8133a38c36323d6835dedf048bc90","2-97deb2de0d23dc9a61eec83d807a3c4f90bfbf7b24c368c8012c71d1219b3eb8","root.record.ItemExhibitList.P5Item"
"GEO 3-4 Obsolescence Non-Recurring","","","","","","","","","","","","","","","","","","450.511","0","450.511","","","","","","","","","2017-BASE_PROCUREMENT-2017-AIRFORCE_MISSILE-U_PROCUREMENT_JustificationBook_Air_Force_PB_2017.zzz_unzipped-U_PROCUREMENT_JustificationBook_Air_Force_PB_2017.xml","0044feba6c5f103dc52333af25237d8df99ab8495c014e88535cc38b2a15aca5","0-f5d845a44bac994bb76e755e0f5ea111784e104142e7045e576a97bef16c1b18","0-2c2ea04feec18733870856ffe18f2f2ce22da4d630c7218e1a43a24decd01cf2","root.record.ItemExhibitList.P5Item"
"GEO 3-4 Launch Vehicle and Range Integration","","","","","","","","","","","","","","","","","","0.303","0","18.851","18.548","","","","","","","","2017-BASE_PROCUREMENT-2017-AIRFORCE_MISSILE-U_PROCUREMENT_JustificationBook_Air_Force_PB_2017.zzz_unzipped-U_PROCUREMENT_JustificationBook_Air_Force_PB_2017.xml","0044feba6c5f103dc52333af25237d8df99ab8495c014e88535cc38b2a15aca5","1-3343f49d41821929945afad308f10f289e69a5a515277b8a85348e024deda55e","0-2c2ea04feec18733870856ffe18f2f2ce22da4d630c7218e1a43a24decd01cf2","root.record.ItemExhibitList.P5Item"
"GEO 5-6 Obsolescence Non-Recurring","","","","","","","","","","","","","","","","","","461.824","0","521.285","59.461","","","","","","","","2017-BASE_PROCUREMENT-2017-AIRFORCE_MISSILE-U_PROCUREMENT_JustificationBook_Air_Force_PB_2017.zzz_unzipped-U_PROCUREMENT_JustificationBook_Air_Force_PB_2017.xml","0044feba6c5f103dc52333af25237d8df99ab8495c014e88535cc38b2a15aca5","0-720a0ce3b5fe6ad1bac30d4ca01d2ba64c02be368626f146ee7d9f758a0284c7","1-e5370e9ba2500119ff390cf60e7fa222a474a49082d9e3dc6197fdb569fb9493","root.record.ItemExhibitList.P5Item"
"FY15 Incremental Funding","","","","","","","","","","","","","","","","","","-59.461","0","-59.461","","","","","","","","","2017-BASE_PROCUREMENT-2017-AIRFORCE_MISSILE-U_PROCUREMENT_JustificationBook_Air_Force_PB_2017.zzz_unzipped-U_PROCUREMENT_JustificationBook_Air_Force_PB_2017.xml","0044feba6c5f103dc52333af25237d8df99ab8495c014e88535cc38b2a15aca5","1-e899f4b37170248bccd391a355a7c323204babbcb880ee31b2093a5aad08ce9f","1-e5370e9ba2500119ff390cf60e7fa222a474a49082d9e3dc6197fdb569fb9493","root.record.ItemExhibitList.P5Item"
"FY16 Incremental Funding (3021)","","","","","","","","","","","","","","","","","","-25.508","0","-25.508","","","","","","","","","2017-BASE_PROCUREMENT-2017-AIRFORCE_MISSILE-U_PROCUREMENT_JustificationBook_Air_Force_PB_2017.zzz_unzipped-U_PROCUREMENT_JustificationBook_Air_Force_PB_2017.xml","0044feba6c5f103dc52333af25237d8df99ab8495c014e88535cc38b2a15aca5","2-fe100e52bd431d2bf58d80a25dd8f949f59b417e146c1e6280438b75094dd3de","1-e5370e9ba2500119ff390cf60e7fa222a474a49082d9e3dc6197fdb569fb9493","root.record.ItemExhibitList.P5Item"
"FY17 Incremental Funding (3021)","","","","","","","","","","","","","","","","","","-13.235","0","-13.235","","","","","","","","","2017-BASE_PROCUREMENT-2017-AIRFORCE_MISSILE-U_PROCUREMENT_JustificationBook_Air_Force_PB_2017.zzz_unzipped-U_PROCUREMENT_JustificationBook_Air_Force_PB_2017.xml","0044feba6c5f103dc52333af25237d8df99ab8495c014e88535cc38b2a15aca5","3-22e39de312f68073c91e7aae59c396f27a28cce0667e367246acb6831ccddcfb","1-e5370e9ba2500119ff390cf60e7fa222a474a49082d9e3dc6197fdb569fb9493","root.record.ItemExhibitList.P5Item"
"FY18 Incremental Funding (3021)","","","","","","","","","","","","","","","","","","-4.712","0","-4.712","","","","","","","","","2017-BASE_PROCUREMENT-2017-AIRFORCE_MISSILE-U_PROCUREMENT_JustificationBook_Air_Force_PB_2017.zzz_unzipped-U_PROCUREMENT_JustificationBook_Air_Force_PB_2017.xml","0044feba6c5f103dc52333af25237d8df99ab8495c014e88535cc38b2a15aca5","4-4b65bd797aca6cf2de07e985c4c62aabe8510e208683a1b67a5d52a4c5ef3fc3","1-e5370e9ba2500119ff390cf60e7fa222a474a49082d9e3dc6197fdb569fb9493","root.record.ItemExhibitList.P5Item"
"GEO 5-6 Launch Vehicle and Range Integration","","","","","","","","","","","","","","","","","","0.286","0","0.836","0.55","","","","","","","","2017-BASE_PROCUREMENT-2017-AIRFORCE_MISSILE-U_PROCUREMENT_JustificationBook_Air_Force_PB_2017.zzz_unzipped-U_PROCUREMENT_JustificationBook_Air_Force_PB_2017.xml","0044feba6c5f103dc52333af25237d8df99ab8495c014e88535cc38b2a15aca5","5-c6e0aea74a986c67f6d800adfd9f51ada8453f22caf399a35fd50c4d68a62137","1-e5370e9ba2500119ff390cf60e7fa222a474a49082d9e3dc6197fdb569fb9493","root.record.ItemExhibitList.P5Item"
"HEO 3-4 Obsolescence Non-Recurring","","","","","","","","","","","","","","","","","","158.796","0","158.796","","","","","","","","","2017-BASE_PROCUREMENT-2017-AIRFORCE_MISSILE-U_PROCUREMENT_JustificationBook_Air_Force_PB_2017.zzz_unzipped-U_PROCUREMENT_JustificationBook_Air_Force_PB_2017.xml","0044feba6c5f103dc52333af25237d8df99ab8495c014e88535cc38b2a15aca5","0-8fe08d3286da8db32067ad52f78c1647458fca354525b517ce658b6894bd2e44","2-e2451f2a482fc4b71173036c5a4aabc3b3a08f3a7c57d378e4e7ce62ffc8b021","root.record.ItemExhibitList.P5Item"
"HEO 3-4 Launch Vehicle and Range Integration","","","","","","","","","","","","","","","","","","3.376","0","3.608","0.232","","","","","","","","2017-BASE_PROCUREMENT-2017-AIRFORCE_MISSILE-U_PROCUREMENT_JustificationBook_Air_Force_PB_2017.zzz_unzipped-U_PROCUREMENT_JustificationBook_Air_Force_PB_2017.xml","0044feba6c5f103dc52333af25237d8df99ab8495c014e88535cc38b2a15aca5","1-838f2470da22200352fe148f5522b3a0e3f6e647ce0363417f1ba304316bb37a","2-e2451f2a482fc4b71173036c5a4aabc3b3a08f3a7c57d378e4e7ce62ffc8b021","root.record.ItemExhibitList.P5Item"
"GEO 3-4 Obsolescence Non-Recurring","","","","","","","","","","","","","","","","","","450.511","0","450.511","","","","","","","","","2017-BASE_PROCUREMENT-2017-AIRFORCE_MISSILE-U_PROCUREMENT_MasterJustificationBook_Air_Force_PB_2017.zzz_unzipped-U_PROCUREMENT_MasterJustificationBook_Air_Force_PB_2017.xml","ba076296aff15c2f2961886b84d8a001a53c229bc2b8cc2bff1bf90636aa7516","0-0f079bdcdb3abf0ab26952574d7a4ba3ed87573cbb4d0b28a045e39c0dee2bb3","0-5dafbbd1808837ac15eae9ab78019f2a1c2ea3cc4265141d88510d77c51d017c","root.record.ItemExhibitList.P5Item"
"GEO 3-4 Launch Vehicle and Range Integration","","","","","","","","","","","","","","","","","","0.303","0","18.851","18.548","","","","","","","","2017-BASE_PROCUREMENT-2017-AIRFORCE_MISSILE-U_PROCUREMENT_MasterJustificationBook_Air_Force_PB_2017.zzz_unzipped-U_PROCUREMENT_MasterJustificationBook_Air_Force_PB_2017.xml","ba076296aff15c2f2961886b84d8a001a53c229bc2b8cc2bff1bf90636aa7516","1-5fb3cd130fc99ff60944d5339bd84eb66cd402b261afe1c2d1e547c58de0cd87","0-5dafbbd1808837ac15eae9ab78019f2a1c2ea3cc4265141d88510d77c51d017c","root.record.ItemExhibitList.P5Item"
"GEO 5-6 Obsolescence Non-Recurring","","","","","","","","","","","","","","","","","","461.824","0","521.285","59.461","","","","","","","","2017-BASE_PROCUREMENT-2017-AIRFORCE_MISSILE-U_PROCUREMENT_MasterJustificationBook_Air_Force_PB_2017.zzz_unzipped-U_PROCUREMENT_MasterJustificationBook_Air_Force_PB_2017.xml","ba076296aff15c2f2961886b84d8a001a53c229bc2b8cc2bff1bf90636aa7516","0-5d0c6868a56d123ecf12f646618bd6c7aef29945482c6776ec871169b45078ad","1-25ec27c789ff8b920a4385880ad8377ee42733c5e13d899eaa82f28fc5d17850","root.record.ItemExhibitList.P5Item"
"FY15 Incremental Funding","","","","","","","","","","","","","","","","","","-59.461","0","-59.461","","","","","","","","","2017-BASE_PROCUREMENT-2017-AIRFORCE_MISSILE-U_PROCUREMENT_MasterJustificationBook_Air_Force_PB_2017.zzz_unzipped-U_PROCUREMENT_MasterJustificationBook_Air_Force_PB_2017.xml","ba076296aff15c2f2961886b84d8a001a53c229bc2b8cc2bff1bf90636aa7516","1-d4e9f840a33175949450dc18fa39fc5fcab8e17d7f9e5274e3d9b4d6f7ff246f","1-25ec27c789ff8b920a4385880ad8377ee42733c5e13d899eaa82f28fc5d17850","root.record.ItemExhibitList.P5Item"
"FY16 Incremental Funding (3021)","","","","","","","","","","","","","","","","","","-25.508","0","-25.508","","","","","","","","","2017-BASE_PROCUREMENT-2017-AIRFORCE_MISSILE-U_PROCUREMENT_MasterJustificationBook_Air_Force_PB_2017.zzz_unzipped-U_PROCUREMENT_MasterJustificationBook_Air_Force_PB_2017.xml","ba076296aff15c2f2961886b84d8a001a53c229bc2b8cc2bff1bf90636aa7516","2-0dfa8d109ec3056dd1dc0e1b69cb6b4c0e473aa44d77e0ad860269370f05b7b9","1-25ec27c789ff8b920a4385880ad8377ee42733c5e13d899eaa82f28fc5d17850","root.record.ItemExhibitList.P5Item"
"FY17 Incremental Funding (3021)","","","","","","","","","","","","","","","","","","-13.235","0","-13.235","","","","","","","","","2017-BASE_PROCUREMENT-2017-AIRFORCE_MISSILE-U_PROCUREMENT_MasterJustificationBook_Air_Force_PB_2017.zzz_unzipped-U_PROCUREMENT_MasterJustificationBook_Air_Force_PB_2017.xml","ba076296aff15c2f2961886b84d8a001a53c229bc2b8cc2bff1bf90636aa7516","3-9d380243c40003383c02c20b71746d1d99c2b9fc72b587612f60f31e43f828a1","1-25ec27c789ff8b920a4385880ad8377ee42733c5e13d899eaa82f28fc5d17850","root.record.ItemExhibitList.P5Item"
"FY18 Incremental Funding (3021)","","","","","","","","","","","","","","","","","","-4.712","0","-4.712","","","","","","","","","2017-BASE_PROCUREMENT-2017-AIRFORCE_MISSILE-U_PROCUREMENT_MasterJustificationBook_Air_Force_PB_2017.zzz_unzipped-U_PROCUREMENT_MasterJustificationBook_Air_Force_PB_2017.xml","ba076296aff15c2f2961886b84d8a001a53c229bc2b8cc2bff1bf90636aa7516","4-a0c83e8f0c6bb5f57f1877634dc135815ec1c5be4bbb989ea6834cf0af46a356","1-25ec27c789ff8b920a4385880ad8377ee42733c5e13d899eaa82f28fc5d17850","root.record.ItemExhibitList.P5Item"
"GEO 5-6 Launch Vehicle and Range Integration","","","","","","","","","","","","","","","","","","0.286","0","0.836","0.55","","","","","","","","2017-BASE_PROCUREMENT-2017-AIRFORCE_MISSILE-U_PROCUREMENT_MasterJustificationBook_Air_Force_PB_2017.zzz_unzipped-U_PROCUREMENT_MasterJustificationBook_Air_Force_PB_2017.xml","ba076296aff15c2f2961886b84d8a001a53c229bc2b8cc2bff1bf90636aa7516","5-84d8a356e9532fb01c5e73d3953a112bf083e897ea32dfdcd21c92f3af019703","1-25ec27c789ff8b920a4385880ad8377ee42733c5e13d899eaa82f28fc5d17850","root.record.ItemExhibitList.P5Item"
"HEO 3-4 Obsolescence Non-Recurring","","","","","","","","","","","","","","","","","","158.796","0","158.796","","","","","","","","","2017-BASE_PROCUREMENT-2017-AIRFORCE_MISSILE-U_PROCUREMENT_MasterJustificationBook_Air_Force_PB_2017.zzz_unzipped-U_PROCUREMENT_MasterJustificationBook_Air_Force_PB_2017.xml","ba076296aff15c2f2961886b84d8a001a53c229bc2b8cc2bff1bf90636aa7516","0-8db79b67de50d797f7051872c2b992d0023841645e3ef34be271323848c3c489","2-9109aac6045b2116ad0ada7f6f2e82a5cbea608ad29f937dcddb3b110504b57c","root.record.ItemExhibitList.P5Item"
"HEO 3-4 Launch Vehicle and Range Integration","","","","","","","","","","","","","","","","","","3.376","0","3.608","0.232","","","","","","","","2017-BASE_PROCUREMENT-2017-AIRFORCE_MISSILE-U_PROCUREMENT_MasterJustificationBook_Air_Force_PB_2017.zzz_unzipped-U_PROCUREMENT_MasterJustificationBook_Air_Force_PB_2017.xml","ba076296aff15c2f2961886b84d8a001a53c229bc2b8cc2bff1bf90636aa7516","1-9920e18307038566763b4cff34eaf9578929f8affacd157c96a7c29aefbfa66d","2-9109aac6045b2116ad0ada7f6f2e82a5cbea608ad29f937dcddb3b110504b57c","root.record.ItemExhibitList.P5Item"
"GEO 3-4 Obsolescence Non-Recurring","","","","","","","","","","","","","","","","","","0","0","0","","","","","","","","","2017-BASE_PROCUREMENT-2017-AIRFORCE_SPACE-U_PROCUREMENT_JustificationBook_Air_Force_PB_2017.zzz_unzipped-U_PROCUREMENT_JustificationBook_Air_Force_PB_2017.xml","47a5432172342821db8a8588f41755940326caa43b9180a0dbf6bec4e452e639","0-e8867b29e91183eab2d7eed89f7c0cef19f3e969c21009313fab6406fd6ed4d6","0-2b695adca759fb3d09cf2b6b4ee5d5649439505ddd77bd33575ea9034f2acb88","root.record.ItemExhibitList.P5Item"
"GEO 3-4 Launch Vehicle and Range Integration","","","","","","","","","","","","","","","","","","","0","45.418","","6.813","30.539","30.539","8.066","","","","2017-BASE_PROCUREMENT-2017-AIRFORCE_SPACE-U_PROCUREMENT_JustificationBook_Air_Force_PB_2017.zzz_unzipped-U_PROCUREMENT_JustificationBook_Air_Force_PB_2017.xml","47a5432172342821db8a8588f41755940326caa43b9180a0dbf6bec4e452e639","1-a7563129355293192457d3d27e45af09e88be7e8f946fffe9ee80637191d1766","0-2b695adca759fb3d09cf2b6b4ee5d5649439505ddd77bd33575ea9034f2acb88","root.record.ItemExhibitList.P5Item"
"GEO 5-6 Obsolescence Non-Recurring","","","","","","","","","","","","","","","","","","","0","43.455","","25.508","13.235","13.235","4.712","","","","2017-BASE_PROCUREMENT-2017-AIRFORCE_SPACE-U_PROCUREMENT_JustificationBook_Air_Force_PB_2017.zzz_unzipped-U_PROCUREMENT_JustificationBook_Air_Force_PB_2017.xml","47a5432172342821db8a8588f41755940326caa43b9180a0dbf6bec4e452e639","0-7a41d79222012bcb21171d35c91de34345431cedd514fedd2ed78dbc3227f611","1-1df5d869b891a933dd8e6ba407c814acb44dfecb0afa0e1bdb767076a3f868a1","root.record.ItemExhibitList.P5Item"
"GEO 5-6 Launch Vehicle and Range Integration","","","","","","","","","","","","","","","","","","","0","71.396","","0","2.13","2.13","27.835","3.643","16.753","21.035","2017-BASE_PROCUREMENT-2017-AIRFORCE_SPACE-U_PROCUREMENT_JustificationBook_Air_Force_PB_2017.zzz_unzipped-U_PROCUREMENT_JustificationBook_Air_Force_PB_2017.xml","47a5432172342821db8a8588f41755940326caa43b9180a0dbf6bec4e452e639","1-85f573f9cf0638d34e678a14a7a2d9419e2225bf93cf97e832934272fe56e95d","1-1df5d869b891a933dd8e6ba407c814acb44dfecb0afa0e1bdb767076a3f868a1","root.record.ItemExhibitList.P5Item"
"HEO 3-4 Obsolescence Non-Recurring","","","","","","","","","","","","","","","","","","0","0","0","","","","","","","","","2017-BASE_PROCUREMENT-2017-AIRFORCE_SPACE-U_PROCUREMENT_JustificationBook_Air_Force_PB_2017.zzz_unzipped-U_PROCUREMENT_JustificationBook_Air_Force_PB_2017.xml","47a5432172342821db8a8588f41755940326caa43b9180a0dbf6bec4e452e639","0-127649934b84c415afee87e434150321d5b43779be2d41a4f451cd63b1699949","2-2aefe171508f1e673f75f63d7422295c271339884535a5316dc9e3d69e6c5abb","root.record.ItemExhibitList.P5Item"
"HEO 3-4 Launch Vehicle and Range Integration","","","","","","","","","","","","","","","","","","0","0","0","","","","","","","","","2017-BASE_PROCUREMENT-2017-AIRFORCE_SPACE-U_PROCUREMENT_JustificationBook_Air_Force_PB_2017.zzz_unzipped-U_PROCUREMENT_JustificationBook_Air_Force_PB_2017.xml","47a5432172342821db8a8588f41755940326caa43b9180a0dbf6bec4e452e639","1-1a9d42a8484f7bd14089297f47d664e3fe2bcce7f721680f7497984114854546","2-2aefe171508f1e673f75f63d7422295c271339884535a5316dc9e3d69e6c5abb","root.record.ItemExhibitList.P5Item"
"GPS III NRE","","","","","","","","","","","","","","","","","","","132.409","683.697","","","","","178.715","225.963","136.204","10.406","2017-BASE_PROCUREMENT-2017-AIRFORCE_SPACE-U_PROCUREMENT_JustificationBook_Air_Force_PB_2017.zzz_unzipped-U_PROCUREMENT_JustificationBook_Air_Force_PB_2017.xml","ac7f5f0c477ea2e319b9718d793e60f8044918482b7746f84839bc5fb8abfd6c","0-31308ba55825c871ad375ab62a0a2cde7bccc3a0e47c003f81db5406cefb1a05","0-b69dbcf73943d42092cffd09961daec49c2c3c8f2d1aa4129af7324405ec222f","root.record.ItemExhibitList.P5Item"
"GEO 3-4 Obsolescence Non-Recurring","","","","","","","","","","","","","","","","","","0","0","0","","","","","","","","","2017-BASE_PROCUREMENT-2017-AIRFORCE_SPACE-U_PROCUREMENT_MasterJustificationBook_Air_Force_PB_2017.zzz_unzipped-U_PROCUREMENT_MasterJustificationBook_Air_Force_PB_2017.xml","ca5cd995b42dacb4743c610e3e1e282ffec8e42efa472de7418cbaa013fae1dd","0-db69e3bcb7bf02d3d6c80050d80ba056197f7e8c3622b6cdec7c2200afc5a687","0-65527782b4bcfa28ff9dbcad331ecf65ac19db219c94131cf849e4d3576e92a5","root.record.ItemExhibitList.P5Item"
"GEO 3-4 Launch Vehicle and Range Integration","","","","","","","","","","","","","","","","","","","0","45.418","","6.813","30.539","30.539","8.066","","","","2017-BASE_PROCUREMENT-2017-AIRFORCE_SPACE-U_PROCUREMENT_MasterJustificationBook_Air_Force_PB_2017.zzz_unzipped-U_PROCUREMENT_MasterJustificationBook_Air_Force_PB_2017.xml","ca5cd995b42dacb4743c610e3e1e282ffec8e42efa472de7418cbaa013fae1dd","1-a203eb16412fecc4dac8fb1764a0ca5b636f280979759cfc3916a2484b50e192","0-65527782b4bcfa28ff9dbcad331ecf65ac19db219c94131cf849e4d3576e92a5","root.record.ItemExhibitList.P5Item"
"GEO 5-6 Obsolescence Non-Recurring","","","","","","","","","","","","","","","","","","","0","43.455","","25.508","13.235","13.235","4.712","","","","2017-BASE_PROCUREMENT-2017-AIRFORCE_SPACE-U_PROCUREMENT_MasterJustificationBook_Air_Force_PB_2017.zzz_unzipped-U_PROCUREMENT_MasterJustificationBook_Air_Force_PB_2017.xml","ca5cd995b42dacb4743c610e3e1e282ffec8e42efa472de7418cbaa013fae1dd","0-672fcfe5bf1cce0703055d272e75d48941ed8008da9ddfb5bdd4f37484543648","1-02a9dc06c59cdcc4d15bef946f183ade094d6e126e8d9265321437d8156d3726","root.record.ItemExhibitList.P5Item"
"GEO 5-6 Launch Vehicle and Range Integration","","","","","","","","","","","","","","","","","","","0","71.396","","0","2.13","2.13","27.835","3.643","16.753","21.035","2017-BASE_PROCUREMENT-2017-AIRFORCE_SPACE-U_PROCUREMENT_MasterJustificationBook_Air_Force_PB_2017.zzz_unzipped-U_PROCUREMENT_MasterJustificationBook_Air_Force_PB_2017.xml","ca5cd995b42dacb4743c610e3e1e282ffec8e42efa472de7418cbaa013fae1dd","1-4a45318397e9e93c0ef2b216e79de9d9103796d2b1067fd1189cc8e88a2a717d","1-02a9dc06c59cdcc4d15bef946f183ade094d6e126e8d9265321437d8156d3726","root.record.ItemExhibitList.P5Item"
"HEO 3-4 Obsolescence Non-Recurring","","","","","","","","","","","","","","","","","","0","0","0","","","","","","","","","2017-BASE_PROCUREMENT-2017-AIRFORCE_SPACE-U_PROCUREMENT_MasterJustificationBook_Air_Force_PB_2017.zzz_unzipped-U_PROCUREMENT_MasterJustificationBook_Air_Force_PB_2017.xml","ca5cd995b42dacb4743c610e3e1e282ffec8e42efa472de7418cbaa013fae1dd","0-7b767e58bd6c178bfde3441dd35b7a29e82a91acbe77f561e59f924efc68ba09","2-8a87e517fdb2fcce4db5801209be22f0846ae7a67378f86f394e839640719b83","root.record.ItemExhibitList.P5Item"
"HEO 3-4 Launch Vehicle and Range Integration","","","","","","","","","","","","","","","","","","0","0","0","","","","","","","","","2017-BASE_PROCUREMENT-2017-AIRFORCE_SPACE-U_PROCUREMENT_MasterJustificationBook_Air_Force_PB_2017.zzz_unzipped-U_PROCUREMENT_MasterJustificationBook_Air_Force_PB_2017.xml","ca5cd995b42dacb4743c610e3e1e282ffec8e42efa472de7418cbaa013fae1dd","1-9178dbe37d68fc05c573892ea573c5e4dc11f7ec7f2b992b631d8e81745872f6","2-8a87e517fdb2fcce4db5801209be22f0846ae7a67378f86f394e839640719b83","root.record.ItemExhibitList.P5Item"
"GPS III NRE","","","","","","","","","","","","","","","","","","","132.409","683.697","","","","","178.715","225.963","136.204","10.406","2017-BASE_PROCUREMENT-2017-AIRFORCE_SPACE-U_PROCUREMENT_MasterJustificationBook_Air_Force_PB_2017.zzz_unzipped-U_PROCUREMENT_MasterJustificationBook_Air_Force_PB_2017.xml","d04d697926aa20f016e2010f3f7bb3fa4c373c6c6702c3ad57975bf59074690f","0-b9376a383347a7e20c984450085d1fd715880e3b0054e0a9ae00efc9fbee71bb","0-f7d3d9634acbe450b1f9009a470eedcb25a8b6900b20887bfd6cc6be0098f1a4","root.record.ItemExhibitList.P5Item"
"Enterprise SE&I","","","","","","","","","","","","","","","","","","","","","2.302","1.479","","","","","","","2018-BASE_PROCUREMENT-2018-AIRFORCE_SPACE-U_PROCUREMENT_JustificationBook_Air_Force_PB_2018.zzz_unzipped-U_PROCUREMENT_JustificationBook_Air_Force_PB_2018.xml","b09f2a395e28d75920d06a2c4357d3e9862bc725f2eb538802dab0e8246d6e81","0-da701f96d69bf9a1648e8699826d34e11292545d2c0e2c1772e18e1608214003","0-cfffbe3796825ad0601a4787d24464ae6e1ac4c7244ecb004922646cfd290857","root.record.ItemExhibitList.P5Item"
"Technical Mission Analysis (WS)","","","","","","","","","","","","","","","","","","","","","10","10.764","","","","","","","2018-BASE_PROCUREMENT-2018-AIRFORCE_SPACE-U_PROCUREMENT_JustificationBook_Air_Force_PB_2018.zzz_unzipped-U_PROCUREMENT_JustificationBook_Air_Force_PB_2018.xml","b09f2a395e28d75920d06a2c4357d3e9862bc725f2eb538802dab0e8246d6e81","1-db3a583b90288544dfb507e1551ad43bc8dee789b2b96cd37d828ec32c25fb8a","0-cfffbe3796825ad0601a4787d24464ae6e1ac4c7244ecb004922646cfd290857","root.record.ItemExhibitList.P5Item"
"GEO 3-4 Obsolescence Non-Recurring","","","","","","","","","","","","","","","","","","","","","0","","","","","","","","2018-BASE_PROCUREMENT-2018-AIRFORCE_SPACE-U_PROCUREMENT_JustificationBook_Air_Force_PB_2018.zzz_unzipped-U_PROCUREMENT_JustificationBook_Air_Force_PB_2018.xml","349c370ac6bc97a5ad160143ded991d0d22dea7de2bf966fd5e97c39409da319","0-c875c9b997f59d837798e1362ed33e51dd3531dbe38d22b5acf8edbbaf5e3a28","0-74dfbb56e3bb748ba1cdfe98d4dd34e4266cb4eeb085102311a16bb4b77120dd","root.record.ItemExhibitList.P5Item"
"GEO 3-4 Launch Vehicle and Range Integration","","","","","","","","","","","","","","","","","","","","","3.145","10.149","3.684","3.684","","","","","2018-BASE_PROCUREMENT-2018-AIRFORCE_SPACE-U_PROCUREMENT_JustificationBook_Air_Force_PB_2018.zzz_unzipped-U_PROCUREMENT_JustificationBook_Air_Force_PB_2018.xml","349c370ac6bc97a5ad160143ded991d0d22dea7de2bf966fd5e97c39409da319","1-d657d87d2d8a674d00ea16359fa8c137722d39c5d6d386005c39e56a941fe69d","0-74dfbb56e3bb748ba1cdfe98d4dd34e4266cb4eeb085102311a16bb4b77120dd","root.record.ItemExhibitList.P5Item"
"GEO 5-6 Obsolescence Non-Recurring","","","","","","","","","","","","","","","","","","","","","26.908","13.235","4.712","4.712","","","","","2018-BASE_PROCUREMENT-2018-AIRFORCE_SPACE-U_PROCUREMENT_JustificationBook_Air_Force_PB_2018.zzz_unzipped-U_PROCUREMENT_JustificationBook_Air_Force_PB_2018.xml","349c370ac6bc97a5ad160143ded991d0d22dea7de2bf966fd5e97c39409da319","0-9b448f5d056ecb78a599d59e5706ca40fda8d945be9864e8c61978a7fe6dffc7","1-16b8e8fd153da6ca74ef8f17978eeb0698ed87e88e4560e01bd4fb368428f9db","root.record.ItemExhibitList.P5Item"
"GEO 5-6 Launch Vehicle and Range Integration","","","","","","","","","","","","","","","","","","","","","1.223","1.13","28.921","28.921","","","","","2018-BASE_PROCUREMENT-2018-AIRFORCE_SPACE-U_PROCUREMENT_JustificationBook_Air_Force_PB_2018.zzz_unzipped-U_PROCUREMENT_JustificationBook_Air_Force_PB_2018.xml","349c370ac6bc97a5ad160143ded991d0d22dea7de2bf966fd5e97c39409da319","1-e1fa3aef024284f6b428682d3db5924b5857c511a5663605d5bf7276009c424e","1-16b8e8fd153da6ca74ef8f17978eeb0698ed87e88e4560e01bd4fb368428f9db","root.record.ItemExhibitList.P5Item"
"HEO 3-4 Obsolescence Non-Recurring","","","","","","","","","","","","","","","","","","0","","","","","","","","","","","2018-BASE_PROCUREMENT-2018-AIRFORCE_SPACE-U_PROCUREMENT_JustificationBook_Air_Force_PB_2018.zzz_unzipped-U_PROCUREMENT_JustificationBook_Air_Force_PB_2018.xml","349c370ac6bc97a5ad160143ded991d0d22dea7de2bf966fd5e97c39409da319","0-5e61e383b15e792b89666e28cccf40660cfa37063455333855cb7cabe77c3253","3-dd3a939e4c2d17ce12e4d983d2d126e32c40ce9b3b919fd42add69480440f1f4","root.record.ItemExhibitList.P5Item"
"HEO 3-4 Launch Vehicle and Range Integration","","","","","","","","","","","","","","","","","","0","","","","","","","","","","","2018-BASE_PROCUREMENT-2018-AIRFORCE_SPACE-U_PROCUREMENT_JustificationBook_Air_Force_PB_2018.zzz_unzipped-U_PROCUREMENT_JustificationBook_Air_Force_PB_2018.xml","349c370ac6bc97a5ad160143ded991d0d22dea7de2bf966fd5e97c39409da319","1-3ef92c15de05f02fc0521417b27f53d6ec930cf5aabc619b74e197e2b81f098b","3-dd3a939e4c2d17ce12e4d983d2d126e32c40ce9b3b919fd42add69480440f1f4","root.record.ItemExhibitList.P5Item"
"GPS III SV 11+ NRE","","","","","","","","","","","","","","","","","","","","","0","0","0","0","","","","","2018-BASE_PROCUREMENT-2018-AIRFORCE_SPACE-U_PROCUREMENT_JustificationBook_Air_Force_PB_2018.zzz_unzipped-U_PROCUREMENT_JustificationBook_Air_Force_PB_2018.xml","685626bcbd517b62bc34139b0037af2fa425781e225839e5bac66f2ba9c9171f","0-7dbbf984850c5d9d5aee6442cf46219065364e390669c4772b3b745396381975","0-f21b355f924b4f2b02b18cb480ce5485f9e5ab5a85b61151acdd1c68792d9649","root.record.ItemExhibitList.P5Item"
"Enterprise SE&I","","","","","","","","","","","","","","","","","","","","","2.302","1.479","","","","","","","2018-BASE_PROCUREMENT-2018-AIRFORCE_SPACE-U_PROCUREMENT_MasterJustificationBook_Air_Force_PB_2018.zzz_unzipped-U_PROCUREMENT_MasterJustificationBook_Air_Force_PB_2018.xml","e4bec6db9d02385ec49054265b3ce2d2777aa09e7e74c1d283af7d04ed073896","0-83b4bd687bc5f67bfd232908de460a5e1d534e86ef54b5bb4aeebf5f4d30ab1c","0-d2dd39f86eb6c58bc44651d0066486003457e93e730698a16c76f12722f2f014","root.record.ItemExhibitList.P5Item"
"Technical Mission Analysis (WS)","","","","","","","","","","","","","","","","","","","","","10","10.764","","","","","","","2018-BASE_PROCUREMENT-2018-AIRFORCE_SPACE-U_PROCUREMENT_MasterJustificationBook_Air_Force_PB_2018.zzz_unzipped-U_PROCUREMENT_MasterJustificationBook_Air_Force_PB_2018.xml","e4bec6db9d02385ec49054265b3ce2d2777aa09e7e74c1d283af7d04ed073896","1-7297aae80c77325adef3edcb69e6bcc58c5808553afd56542742b1a9dad62841","0-d2dd39f86eb6c58bc44651d0066486003457e93e730698a16c76f12722f2f014","root.record.ItemExhibitList.P5Item"
"GEO 3-4 Obsolescence Non-Recurring","","","","","","","","","","","","","","","","","","","","","0","","","","","","","","2018-BASE_PROCUREMENT-2018-AIRFORCE_SPACE-U_PROCUREMENT_MasterJustificationBook_Air_Force_PB_2018.zzz_unzipped-U_PROCUREMENT_MasterJustificationBook_Air_Force_PB_2018.xml","5a6e56aaee2cd93fc0c6924a649668af9970661371ccd8532aa15662b3047718","0-11cc590695eb7ec95106512e5eb899724de0e957ffc1e78f9ad387c3b4e28737","0-a686d12a31a3f1102a0d1b8c34e22c69e866e1a13c63d3f58ac1544e64767b7a","root.record.ItemExhibitList.P5Item"
"GEO 3-4 Launch Vehicle and Range Integration","","","","","","","","","","","","","","","","","","","","","3.145","10.149","3.684","3.684","","","","","2018-BASE_PROCUREMENT-2018-AIRFORCE_SPACE-U_PROCUREMENT_MasterJustificationBook_Air_Force_PB_2018.zzz_unzipped-U_PROCUREMENT_MasterJustificationBook_Air_Force_PB_2018.xml","5a6e56aaee2cd93fc0c6924a649668af9970661371ccd8532aa15662b3047718","1-7126cc658b700a4e420df1de00b2336ab2deea6d0b22ef2aa5352dba90dfdd79","0-a686d12a31a3f1102a0d1b8c34e22c69e866e1a13c63d3f58ac1544e64767b7a","root.record.ItemExhibitList.P5Item"
"GEO 5-6 Obsolescence Non-Recurring","","","","","","","","","","","","","","","","","","","","","26.908","13.235","4.712","4.712","","","","","2018-BASE_PROCUREMENT-2018-AIRFORCE_SPACE-U_PROCUREMENT_MasterJustificationBook_Air_Force_PB_2018.zzz_unzipped-U_PROCUREMENT_MasterJustificationBook_Air_Force_PB_2018.xml","5a6e56aaee2cd93fc0c6924a649668af9970661371ccd8532aa15662b3047718","0-005f51a231135b039bdf9ae0969d3495a7b6e7f00e50eddef15e4094781a4df4","1-8c69fc924f81c3da425351d50fa3e1db932f1a737d7d354b6307763f8c015ab1","root.record.ItemExhibitList.P5Item"
"GEO 5-6 Launch Vehicle and Range Integration","","","","","","","","","","","","","","","","","","","","","1.223","1.13","28.921","28.921","","","","","2018-BASE_PROCUREMENT-2018-AIRFORCE_SPACE-U_PROCUREMENT_MasterJustificationBook_Air_Force_PB_2018.zzz_unzipped-U_PROCUREMENT_MasterJustificationBook_Air_Force_PB_2018.xml","5a6e56aaee2cd93fc0c6924a649668af9970661371ccd8532aa15662b3047718","1-e4cad8b285bad204b217070b4e3adacadb6e22a767f6e9fefa16038051aff2b2","1-8c69fc924f81c3da425351d50fa3e1db932f1a737d7d354b6307763f8c015ab1","root.record.ItemExhibitList.P5Item"
"HEO 3-4 Obsolescence Non-Recurring","","","","","","","","","","","","","","","","","","0","","","","","","","","","","","2018-BASE_PROCUREMENT-2018-AIRFORCE_SPACE-U_PROCUREMENT_MasterJustificationBook_Air_Force_PB_2018.zzz_unzipped-U_PROCUREMENT_MasterJustificationBook_Air_Force_PB_2018.xml","5a6e56aaee2cd93fc0c6924a649668af9970661371ccd8532aa15662b3047718","0-f6513acfdf6939a3252d05c85b7fbbe737f0014800a6117aa350f995e22a21c1","3-62813fb85583efd5930123c9f79887892a08a689b4c72109208f5416cfa40f33","root.record.ItemExhibitList.P5Item"
"HEO 3-4 Launch Vehicle and Range Integration","","","","","","","","","","","","","","","","","","0","","","","","","","","","","","2018-BASE_PROCUREMENT-2018-AIRFORCE_SPACE-U_PROCUREMENT_MasterJustificationBook_Air_Force_PB_2018.zzz_unzipped-U_PROCUREMENT_MasterJustificationBook_Air_Force_PB_2018.xml","5a6e56aaee2cd93fc0c6924a649668af9970661371ccd8532aa15662b3047718","1-6f2a9f1a0b099155a80e321daec9685b894f8b302efc7c2b5cb2a11f888fa108","3-62813fb85583efd5930123c9f79887892a08a689b4c72109208f5416cfa40f33","root.record.ItemExhibitList.P5Item"
"GPS III SV 11+ NRE","","","","","","","","","","","","","","","","","","","","","0","0","0","0","","","","","2018-BASE_PROCUREMENT-2018-AIRFORCE_SPACE-U_PROCUREMENT_MasterJustificationBook_Air_Force_PB_2018.zzz_unzipped-U_PROCUREMENT_MasterJustificationBook_Air_Force_PB_2018.xml","295b44666dd56da6ea8be66b809bd44676df5ec2e19d318d3f126a0ace142d5d","0-737c86203f6b57387661b9b28b3e5edf533ec5c57b5a22ea73cd594cbd0fde18","0-fce853cf625bfdb63ede62f4e31b9dc5f8f64a8f83ff7e8b7b37b8f74f980f85","root.record.ItemExhibitList.P5Item"
"Enterprise SE&I","","","","","","","","","","","","","","","","","","","","","1.479","","","","","","","","2019-BASE_PROCUREMENT-2019-AIRFORCE_SPACE-U_PROCUREMENT_JustificationBook_Air_Force_PB_2019.zzz_unzipped-U_PROCUREMENT_JustificationBook_Air_Force_PB_2019.xml","ed993553dbb3dca04a1bd01ff5d0475c2177f9415da2b4c01e0cebc8365eef2f","0-f470696ae62f5bea17f7eb77767363542fb4dc383412371272bec4fcc0ffb344","0-5697c65c6bc450396e9f082f9e0113b88f1280bc5cea52186d79f8d958c145f6","root.record.ItemExhibitList.P5Item"
"Technical Mission Analysis","","","","","","","","","","","","","","","","","","","","","10.764","","","","","","","","2019-BASE_PROCUREMENT-2019-AIRFORCE_SPACE-U_PROCUREMENT_JustificationBook_Air_Force_PB_2019.zzz_unzipped-U_PROCUREMENT_JustificationBook_Air_Force_PB_2019.xml","ed993553dbb3dca04a1bd01ff5d0475c2177f9415da2b4c01e0cebc8365eef2f","1-769023cb9218d2685e3c9ac68f6c5bd70e56909967f879398e671f095bd124e0","0-5697c65c6bc450396e9f082f9e0113b88f1280bc5cea52186d79f8d958c145f6","root.record.ItemExhibitList.P5Item"
"NSA Production Support","","","","","","","","","","","","","","","","","","","","","0.925","","","","","","","","2019-BASE_PROCUREMENT-2019-AIRFORCE_SPACE-U_PROCUREMENT_JustificationBook_Air_Force_PB_2019.zzz_unzipped-U_PROCUREMENT_JustificationBook_Air_Force_PB_2019.xml","ed993553dbb3dca04a1bd01ff5d0475c2177f9415da2b4c01e0cebc8365eef2f","2-12f3690c56062c74f99c7a4bcab3c360024b4a2aa1a7b06384ef03c46edceb48","0-5697c65c6bc450396e9f082f9e0113b88f1280bc5cea52186d79f8d958c145f6","root.record.ItemExhibitList.P5Item"
"GEO 3-4 Launch Vehicle and Range Integration","","","","","","","","","","","","","","","","","","3.145","","","10.149","3.684","","","","","","","2019-BASE_PROCUREMENT-2019-AIRFORCE_SPACE-U_PROCUREMENT_JustificationBook_Air_Force_PB_2019.zzz_unzipped-U_PROCUREMENT_JustificationBook_Air_Force_PB_2019.xml","69f5d537ee02fe3841147f7d8dc4885ccab93abdd3905985c9061680464c3c83","0-e54f6517961e75ebd5da9d955853802a0777fe50ca4652db42651f7bb1451acd","0-bd845926ec2b1b6678f40e135d306e9cb603ff219437fa628fa8ba7392e7e406","root.record.ItemExhibitList.P5Item"
"GEO 5-6 Obsolescence Non-Recurring","","","","","","","","","","","","","","","","","","26.071","","","15.314","4.712","","","","","","","2019-BASE_PROCUREMENT-2019-AIRFORCE_SPACE-U_PROCUREMENT_JustificationBook_Air_Force_PB_2019.zzz_unzipped-U_PROCUREMENT_JustificationBook_Air_Force_PB_2019.xml","69f5d537ee02fe3841147f7d8dc4885ccab93abdd3905985c9061680464c3c83","0-1af83930488b28d12270cc16a70ef16891735dd8eafdb9ea8612131f0d6eb75f","1-e631115e2e7e691797e06c6f310eb7daf5706f61e08f74ebf5faf7fd7dc32304","root.record.ItemExhibitList.P5Item"
"GEO 5-6 Launch Vehicle and Range Integration","","","","","","","","","","","","","","","","","","3.072","","","0.958","47.021","35.371","35.371","","","","","2019-BASE_PROCUREMENT-2019-AIRFORCE_SPACE-U_PROCUREMENT_JustificationBook_Air_Force_PB_2019.zzz_unzipped-U_PROCUREMENT_JustificationBook_Air_Force_PB_2019.xml","69f5d537ee02fe3841147f7d8dc4885ccab93abdd3905985c9061680464c3c83","1-b976b238e45d406c782d78774fef195053e07118bb9545e6bdfce335fc5f85ac","1-e631115e2e7e691797e06c6f310eb7daf5706f61e08f74ebf5faf7fd7dc32304","root.record.ItemExhibitList.P5Item"
"Enterprise SE&I","","","","","","","","","","","","","","","","","","","","","1.479","","","","","","","","2019-BASE_PROCUREMENT-2019-AIRFORCE_SPACE-U_PROCUREMENT_MasterJustificationBook_Air_Force_PB_2019.zzz_unzipped-U_PROCUREMENT_MasterJustificationBook_Air_Force_PB_2019.xml","770867f755d84c763c0b74a40a002f909b38525c5c7879963377f1db55a6c939","0-32a503bb544acb83189e766113ebcfc0747e4822c40f52af9753369c7d28e578","0-dbe235a78491da1a417101019c9af992553cee5d64d63aeb46addee006d67f7e","root.record.ItemExhibitList.P5Item"
"Technical Mission Analysis","","","","","","","","","","","","","","","","","","","","","10.764","","","","","","","","2019-BASE_PROCUREMENT-2019-AIRFORCE_SPACE-U_PROCUREMENT_MasterJustificationBook_Air_Force_PB_2019.zzz_unzipped-U_PROCUREMENT_MasterJustificationBook_Air_Force_PB_2019.xml","770867f755d84c763c0b74a40a002f909b38525c5c7879963377f1db55a6c939","1-c4d20a00e301b8a19c8a377ca22f70cceeaaac95c1a2a33afee4c9801e37caec","0-dbe235a78491da1a417101019c9af992553cee5d64d63aeb46addee006d67f7e","root.record.ItemExhibitList.P5Item"
"NSA Production Support","","","","","","","","","","","","","","","","","","","","","0.925","","","","","","","","2019-BASE_PROCUREMENT-2019-AIRFORCE_SPACE-U_PROCUREMENT_MasterJustificationBook_Air_Force_PB_2019.zzz_unzipped-U_PROCUREMENT_MasterJustificationBook_Air_Force_PB_2019.xml","770867f755d84c763c0b74a40a002f909b38525c5c7879963377f1db55a6c939","2-7a5113b25ae4ed72a02c6a877aeb4beb50fc63fbc06eb483bebd5a05d9f6b946","0-dbe235a78491da1a417101019c9af992553cee5d64d63aeb46addee006d67f7e","root.record.ItemExhibitList.P5Item"
"GEO 3-4 Launch Vehicle and Range Integration","","","","","","","","","","","","","","","","","","3.145","","","10.149","3.684","","","","","","","2019-BASE_PROCUREMENT-2019-AIRFORCE_SPACE-U_PROCUREMENT_MasterJustificationBook_Air_Force_PB_2019.zzz_unzipped-U_PROCUREMENT_MasterJustificationBook_Air_Force_PB_2019.xml","0c71715f409ac85cc53798867fc1f08294b549796ed9b5bd2c1d3370ed828913","0-4e81ec4d57d17ee4f8497c5bf8314cc3c955634e1d44b210c7c8576dabe0aaf6","0-f86dc31c0588bfdd394dcc346b075a57f77f49a07ca5eca7ea4448e4b4193231","root.record.ItemExhibitList.P5Item"
"GEO 5-6 Obsolescence Non-Recurring","","","","","","","","","","","","","","","","","","26.071","","","15.314","4.712","","","","","","","2019-BASE_PROCUREMENT-2019-AIRFORCE_SPACE-U_PROCUREMENT_MasterJustificationBook_Air_Force_PB_2019.zzz_unzipped-U_PROCUREMENT_MasterJustificationBook_Air_Force_PB_2019.xml","0c71715f409ac85cc53798867fc1f08294b549796ed9b5bd2c1d3370ed828913","0-f69fd484fc8dbf710d56d94c121c031f463c5474663cfdb6c8f6fb9ef6112712","1-1f0a0750de66ea25ad12b2d61caf9a4feef2e037fe8fb3d3de665e6865e3d733","root.record.ItemExhibitList.P5Item"
"GEO 5-6 Launch Vehicle and Range Integration","","","","","","","","","","","","","","","","","","3.072","","","0.958","47.021","35.371","35.371","","","","","2019-BASE_PROCUREMENT-2019-AIRFORCE_SPACE-U_PROCUREMENT_MasterJustificationBook_Air_Force_PB_2019.zzz_unzipped-U_PROCUREMENT_MasterJustificationBook_Air_Force_PB_2019.xml","0c71715f409ac85cc53798867fc1f08294b549796ed9b5bd2c1d3370ed828913","1-f9fe5211d4845381b7b17bf880ea6c65cdac4cdff4ea4932c47d0aa46865c4dc","1-1f0a0750de66ea25ad12b2d61caf9a4feef2e037fe8fb3d3de665e6865e3d733","root.record.ItemExhibitList.P5Item"
"Enterprise SE&I","","","","","","","","","","","","","","","","","","1.479","","","","","","","","","","","2020-BASE_PROCUREMENT-2020-AIRFORCE_SPACE-U_PROCUREMENT_JustificationBook_Air_Force_PB_2020.zzz_unzipped-U_PROCUREMENT_JustificationBook_Air_Force_PB_2020.xml","621edea18b6f0aa383bac828a5b90a44fa97edda0d738834c36952ac5651ecbc","0-872296710560f3cd08ade22b99062b3c7dc18171b5868e8120aaa9e1d1d85463","0-1617441e171e4d04bee26ac3f061bbb33129e32438e5c0343d44bd1f76b68449","root.record.ItemExhibitList.P5Item"
"Technical Mission Analysis","","","","","","","","","","","","","","","","","","9.279","","","","","","","","","","","2020-BASE_PROCUREMENT-2020-AIRFORCE_SPACE-U_PROCUREMENT_JustificationBook_Air_Force_PB_2020.zzz_unzipped-U_PROCUREMENT_JustificationBook_Air_Force_PB_2020.xml","621edea18b6f0aa383bac828a5b90a44fa97edda0d738834c36952ac5651ecbc","1-5a68e3bfb539d8d6c5553c5263764c0e96689badfdfc28431fd765e769ae3c96","0-1617441e171e4d04bee26ac3f061bbb33129e32438e5c0343d44bd1f76b68449","root.record.ItemExhibitList.P5Item"
"NSA Production Support","","","","","","","","","","","","","","","","","","0.83","","","0.95","","","","","","","","2020-BASE_PROCUREMENT-2020-AIRFORCE_SPACE-U_PROCUREMENT_JustificationBook_Air_Force_PB_2020.zzz_unzipped-U_PROCUREMENT_JustificationBook_Air_Force_PB_2020.xml","621edea18b6f0aa383bac828a5b90a44fa97edda0d738834c36952ac5651ecbc","2-dbc5f85fa0b1e5cf98848abdbbdd77bdd465dc62843626c6b5b1dd57a5607705","0-1617441e171e4d04bee26ac3f061bbb33129e32438e5c0343d44bd1f76b68449","root.record.ItemExhibitList.P5Item"
"GEO 3-4 Launch Vehicle and Range Integration","","","","","","","","","","","","","","","","","","5.772","","","0.5","","","","","","","","2020-BASE_PROCUREMENT-2020-AIRFORCE_SPACE-U_PROCUREMENT_JustificationBook_Air_Force_PB_2020.zzz_unzipped-U_PROCUREMENT_JustificationBook_Air_Force_PB_2020.xml","7310993ddf0a03a461093bce5e01a68a4b4bfea03b4d9ab432450cabe9805dda","0-c9fcf1dde10c6a7c2b3f672aa7c31aa98a8b878f41cdf7474ea799a38c7cb134","0-153c94a7085784643dec772300f5562ecb65fd16c1de9c24b70075f162800bf6","root.record.ItemExhibitList.P5Item"
"GEO 5-6 Obsolescence Non-Recurring","","","","","","","","","","","","","","","","","","41.385","","","5.012","","","","","","","","2020-BASE_PROCUREMENT-2020-AIRFORCE_SPACE-U_PROCUREMENT_JustificationBook_Air_Force_PB_2020.zzz_unzipped-U_PROCUREMENT_JustificationBook_Air_Force_PB_2020.xml","7310993ddf0a03a461093bce5e01a68a4b4bfea03b4d9ab432450cabe9805dda","0-8e05e39dafa3a48a14511f11c0bae41ad97e7a7c198940f23a7709fce61b948f","1-cd198d72f8b3c20e356aed97406c65643d1841bbf70899f978bd4d11f0811618","root.record.ItemExhibitList.P5Item"
"GEO 5-6 Launch Vehicle and Range Integration","","","","","","","","","","","","","","","","","","4.029","","","23.844","8.428","25.464","25.464","","","","","2020-BASE_PROCUREMENT-2020-AIRFORCE_SPACE-U_PROCUREMENT_JustificationBook_Air_Force_PB_2020.zzz_unzipped-U_PROCUREMENT_JustificationBook_Air_Force_PB_2020.xml","7310993ddf0a03a461093bce5e01a68a4b4bfea03b4d9ab432450cabe9805dda","1-48a669579b200d6f1b880715b59224d2e2a6aad17ed079b6a94942ba52255592","1-cd198d72f8b3c20e356aed97406c65643d1841bbf70899f978bd4d11f0811618","root.record.ItemExhibitList.P5Item"
"HEO 3-4 Launch Vehicle and Range Integration","","","","","","","","","","","","","","","","","","0.244","","","","","","","","","","","2020-BASE_PROCUREMENT-2020-AIRFORCE_SPACE-U_PROCUREMENT_JustificationBook_Air_Force_PB_2020.zzz_unzipped-U_PROCUREMENT_JustificationBook_Air_Force_PB_2020.xml","7310993ddf0a03a461093bce5e01a68a4b4bfea03b4d9ab432450cabe9805dda","0-acac155044477b3242de9f74b98ec3df62001e03700c28d80730249d8d7d6bbe","2-8a8a9181a5b0a837e99b5b5793e957c779fd9d5a206028a4e9a7623da517c81c","root.record.ItemExhibitList.P5Item"
"Enterprise SE&I","","","","","","","","","","","","","","","","","","1.479","","","","","","","","","","","2020-BASE_PROCUREMENT-2020-AIRFORCE_SPACE-U_PROCUREMENT_MasterJustificationBook_Air_Force_PB_2020.zzz_unzipped-U_PROCUREMENT_MasterJustificationBook_Air_Force_PB_2020.xml","71e709ec4ea58e99f450f7c50bce63c4675eea5ed94481f1ceadefb1f0b03eb9","0-b26b9390c01870b059c8932c4887c85c2a6d2aea1e99a630e450b47bb1cc88b3","0-b6eaa8bea99e3fcecf4fe85bd3ab468f5bf58fdc5038d1d3593c55f61270c9ec","root.record.ItemExhibitList.P5Item"
"Technical Mission Analysis","","","","","","","","","","","","","","","","","","9.279","","","","","","","","","","","2020-BASE_PROCUREMENT-2020-AIRFORCE_SPACE-U_PROCUREMENT_MasterJustificationBook_Air_Force_PB_2020.zzz_unzipped-U_PROCUREMENT_MasterJustificationBook_Air_Force_PB_2020.xml","71e709ec4ea58e99f450f7c50bce63c4675eea5ed94481f1ceadefb1f0b03eb9","1-b4fc99bc64804a04bbcd26b5003d943fee1e957ea76084e4c1324ca889436784","0-b6eaa8bea99e3fcecf4fe85bd3ab468f5bf58fdc5038d1d3593c55f61270c9ec","root.record.ItemExhibitList.P5Item"
"NSA Production Support","","","","","","","","","","","","","","","","","","0.83","","","0.95","","","","","","","","2020-BASE_PROCUREMENT-2020-AIRFORCE_SPACE-U_PROCUREMENT_MasterJustificationBook_Air_Force_PB_2020.zzz_unzipped-U_PROCUREMENT_MasterJustificationBook_Air_Force_PB_2020.xml","71e709ec4ea58e99f450f7c50bce63c4675eea5ed94481f1ceadefb1f0b03eb9","2-3e9f6aef2f409773c22ec1277881df304193c0254e79bade147a3d530ca2f19c","0-b6eaa8bea99e3fcecf4fe85bd3ab468f5bf58fdc5038d1d3593c55f61270c9ec","root.record.ItemExhibitList.P5Item"
"GEO 3-4 Launch Vehicle and Range Integration","","","","","","","","","","","","","","","","","","5.772","","","0.5","","","","","","","","2020-BASE_PROCUREMENT-2020-AIRFORCE_SPACE-U_PROCUREMENT_MasterJustificationBook_Air_Force_PB_2020.zzz_unzipped-U_PROCUREMENT_MasterJustificationBook_Air_Force_PB_2020.xml","4f1d2d6b9106070fa3f8ca9b17516c7e58da2d22e5119318f0d48af58a4c34a5","0-cbac77e20fb6ae19e539c9c31ac4ad6a3328f5bf475a9090b2076bd4e165a6ba","0-e2de4a5036b0ec97207f953b57efa5326e8e0fe538e3b60b5acabf7f29385256","root.record.ItemExhibitList.P5Item"
"GEO 5-6 Obsolescence Non-Recurring","","","","","","","","","","","","","","","","","","41.385","","","5.012","","","","","","","","2020-BASE_PROCUREMENT-2020-AIRFORCE_SPACE-U_PROCUREMENT_MasterJustificationBook_Air_Force_PB_2020.zzz_unzipped-U_PROCUREMENT_MasterJustificationBook_Air_Force_PB_2020.xml","4f1d2d6b9106070fa3f8ca9b17516c7e58da2d22e5119318f0d48af58a4c34a5","0-3ae768c1acfb946b9a583eadc813681e2655438ab65a3688fc52ff5cfbb4774c","1-5d8480fe265bbcd80b127381808efe0515ced456b6858ac62f7603a0faf5f94e","root.record.ItemExhibitList.P5Item"
"GEO 5-6 Launch Vehicle and Range Integration","","","","","","","","","","","","","","","","","","4.029","","","23.844","8.428","25.464","25.464","","","","","2020-BASE_PROCUREMENT-2020-AIRFORCE_SPACE-U_PROCUREMENT_MasterJustificationBook_Air_Force_PB_2020.zzz_unzipped-U_PROCUREMENT_MasterJustificationBook_Air_Force_PB_2020.xml","4f1d2d6b9106070fa3f8ca9b17516c7e58da2d22e5119318f0d48af58a4c34a5","1-038f0cbe5fe88d46d20ae526d63359581ebdcb46fb52e0153a89a5c429218f1f","1-5d8480fe265bbcd80b127381808efe0515ced456b6858ac62f7603a0faf5f94e","root.record.ItemExhibitList.P5Item"
"HEO 3-4 Launch Vehicle and Range Integration","","","","","","","","","","","","","","","","","","0.244","","","","","","","","","","","2020-BASE_PROCUREMENT-2020-AIRFORCE_SPACE-U_PROCUREMENT_MasterJustificationBook_Air_Force_PB_2020.zzz_unzipped-U_PROCUREMENT_MasterJustificationBook_Air_Force_PB_2020.xml","4f1d2d6b9106070fa3f8ca9b17516c7e58da2d22e5119318f0d48af58a4c34a5","0-b538412ea58fe1ea1fdbf2762fe5c4c3b1420d456d2d6357ba931d5a1874a101","2-6d87416e9cbc43b07dc79dfacce1ca751da98be168d882ee7242c116c4bb12f5","root.record.ItemExhibitList.P5Item"
