Name_val,IdCode_val,Cost_AllPriorYears_TotalCost_val,Cost_AllPriorYears_UnitCost_val,Cost_AllPriorYears_Quantity_val,Cost_PriorYear_TotalCost_val,Cost_CurrentYear_TotalCost_val,Cost_BudgetYearOneBase_TotalCost_val,Cost_BudgetYearOneOCO_TotalCost_val,Cost_BudgetYearOne_TotalCost_val,Cost_ToComplete_TotalCost_val,Cost_Total_TotalCost_val,Cost_Total_UnitCost_val,Cost_Total_Quantity_val,Cost_BudgetYearTwo_TotalCost_val,Cost_BudgetYearThree_TotalCost_val,Cost_BudgetYearFour_TotalCost_val,Cost_BudgetYearFive_TotalCost_val,Cost_TotalCost_AllPriorYears_val,Cost_TotalCost_ToComplete_val,Cost_TotalCost_Total_val,Cost_TotalCost_PriorYear_val,Cost_TotalCost_CurrentYear_val,Cost_TotalCost_BudgetYearOneBase_val,Cost_TotalCost_BudgetYearOne_val,Cost_TotalCost_BudgetYearTwo_val,Cost_TotalCost_BudgetYearThree_val,Cost_TotalCost_BudgetYearFour_val,Cost_TotalCost_BudgetYearFive_val,@SOURCE_FILENAME,@RECORDID,@ROWID,@PARENTROWID,@PARENT
"LM Spacecraft Battery Option / SAFT CLIN 2","A","8.801","","","0.512","0.182","0.392","0.000","0.392","","","","","","","","","","","","","","","","","","","","2013-BASE_PROCUREMENT-2013-AIRFORCE_MISSILE-JustificationBook_Air_Force_PB_2013.zzz_unzipped-JustificationBook_Air_Force_PB_2013.xml","d15fb990f8b482f5f872799d52c5c6fd07e2fbb73e9cc84357ce2ec1c4aaf90d","0-e0d4eea5183e866c8c58a7d7c3daadf45d80322eb8a0bd2c61c1a76e16dee884","0-17cd1fd0026dc178dcc4695a3655fd7d6018b0a005c23f141750ca423aa2297e","root.record.ItemExhibitList.P5Item"
"LM Spacecraft Orbital Incentives","A","10.927","","","0.000","0.000","0.000","0.000","0.000","","","","","","","","","","","","","","","","","","","","2013-BASE_PROCUREMENT-2013-AIRFORCE_MISSILE-JustificationBook_Air_Force_PB_2013.zzz_unzipped-JustificationBook_Air_Force_PB_2013.xml","d15fb990f8b482f5f872799d52c5c6fd07e2fbb73e9cc84357ce2ec1c4aaf90d","1-d17f31d89c3511916756251f2c9b0b2ab9406ecc9fa4345b487ae19d2515f844","0-17cd1fd0026dc178dcc4695a3655fd7d6018b0a005c23f141750ca423aa2297e","root.record.ItemExhibitList.P5Item"
"NGC Orbital Incentives","A","4.769","","","0.000","0.000","0.000","0.000","0.000","","","","","","","","","","","","","","","","","","","","2013-BASE_PROCUREMENT-2013-AIRFORCE_MISSILE-JustificationBook_Air_Force_PB_2013.zzz_unzipped-JustificationBook_Air_Force_PB_2013.xml","d15fb990f8b482f5f872799d52c5c6fd07e2fbb73e9cc84357ce2ec1c4aaf90d","2-ce6d514ae2a205ef69892aa9b7684293825fa32edda412e08dd36ca212bab7de","0-17cd1fd0026dc178dcc4695a3655fd7d6018b0a005c23f141750ca423aa2297e","root.record.ItemExhibitList.P5Item"
"LM Spacecraft Battery Option / SAFT CLIN 2","A","8.801","","","0.512","0.182","0.392","0.000","0.392","","","","","","","","","","","","","","","","","","","","2013-BASE_PROCUREMENT-2013-AIRFORCE_MISSILE-MasterJustificationBook_Air_Force_PB_2013.zzz_unzipped-MasterJustificationBook_Air_Force_PB_2013.xml","a65a1f1ae54a5d345d80f3ca17e9ada935dce4641675e4c421ede8399b22f7ec","0-eaa4db8720125e5ee3bce06d2f2e03a81aa2c4f16ae3187ea786a57b9611c6c3","0-a3a6d577a7008b2000e5c8ec93f97d157471c20fbf78d1327b8cf37760164401","root.record.ItemExhibitList.P5Item"
"LM Spacecraft Orbital Incentives","A","10.927","","","0.000","0.000","0.000","0.000","0.000","","","","","","","","","","","","","","","","","","","","2013-BASE_PROCUREMENT-2013-AIRFORCE_MISSILE-MasterJustificationBook_Air_Force_PB_2013.zzz_unzipped-MasterJustificationBook_Air_Force_PB_2013.xml","a65a1f1ae54a5d345d80f3ca17e9ada935dce4641675e4c421ede8399b22f7ec","1-67c566e1be1dab12e0c6351e300b20eab1ef43e072461ec1c692102e13996a1e","0-a3a6d577a7008b2000e5c8ec93f97d157471c20fbf78d1327b8cf37760164401","root.record.ItemExhibitList.P5Item"
"NGC Orbital Incentives","A","4.769","","","0.000","0.000","0.000","0.000","0.000","","","","","","","","","","","","","","","","","","","","2013-BASE_PROCUREMENT-2013-AIRFORCE_MISSILE-MasterJustificationBook_Air_Force_PB_2013.zzz_unzipped-MasterJustificationBook_Air_Force_PB_2013.xml","a65a1f1ae54a5d345d80f3ca17e9ada935dce4641675e4c421ede8399b22f7ec","2-e8e1374e39b225c47e6fb7a5acbe5ccf261e8cb6c74661733543a8bfdd44e130","0-a3a6d577a7008b2000e5c8ec93f97d157471c20fbf78d1327b8cf37760164401","root.record.ItemExhibitList.P5Item"
"GPS III SV03-08 Systems Engineering and Integration (SE&I)","A","0.000","","","0.000","1.65","2.22","","2.22","0.000","3.87","","","","","","","","","","","","","","","","","","2014-BASE_PROCUREMENT-2014-AIRFORCE_MISSILE-PROCUREMENT_JustificationBook_Air_Force_PB_2014.zzz_unzipped-PROCUREMENT_JustificationBook_Air_Force_PB_2014.xml","fa634b730fed67337dcbf550d65f4bdf7a793e69d597c0b413dd971618e23634","0-649949cb22a79d5f31863f7c7e0ecc2ab1d4a1bc665c07074a9344961c651950","0-571a06d5f34b2d5986715ef5150457802bd4ec95d4d0a5c4c8d150efaf84e8de","root.record.ItemExhibitList.P5Item"
"GPS III SV 09+ Nonrecurring","A","0.000","","","","","","","","26.55","37.752","","","2.651","2.75","2.851","2.95","","","","","","","","","","","","2014-BASE_PROCUREMENT-2014-AIRFORCE_MISSILE-PROCUREMENT_JustificationBook_Air_Force_PB_2014.zzz_unzipped-PROCUREMENT_JustificationBook_Air_Force_PB_2014.xml","fa634b730fed67337dcbf550d65f4bdf7a793e69d597c0b413dd971618e23634","0-9263f5389a66adb7426aa550e8a58067be6329df94c514f9bf1f22d067da55d8","1-a7dceb4e91830d36ab4b0a40ced6079c7d1266bba9acb98936dcb361fa628527","root.record.ItemExhibitList.P5Item"
"GPS III SV 09+ Search and Rescue (SAR) GPS","A","0.000","","","0.000","0.000","0.948","","0.948","0.000","14.306","","","3.106","3.363","3.414","3.475","","","","","","","","","","","","2014-BASE_PROCUREMENT-2014-AIRFORCE_MISSILE-PROCUREMENT_JustificationBook_Air_Force_PB_2014.zzz_unzipped-PROCUREMENT_JustificationBook_Air_Force_PB_2014.xml","fa634b730fed67337dcbf550d65f4bdf7a793e69d597c0b413dd971618e23634","1-7cc7fbbcff6a1431d5cf950261d981713c7012ff83ffad175d0b1c219552a04a","1-a7dceb4e91830d36ab4b0a40ced6079c7d1266bba9acb98936dcb361fa628527","root.record.ItemExhibitList.P5Item"
"LM Spacecraft Battery Option / SAFT CLIN 2","A","7.091","","","0.182","0.392","0.000","","0.000","","","","","","","","","","","","","","","","","","","","2014-BASE_PROCUREMENT-2014-AIRFORCE_MISSILE-PROCUREMENT_JustificationBook_Air_Force_PB_2014.zzz_unzipped-PROCUREMENT_JustificationBook_Air_Force_PB_2014.xml","39ca58bbb356607ed4d71e68bd068008af93a2336ba52e66a252be8037ef5179","0-e6c44c1d7e36685ac680999a992af2fcbb63751f0b332f537bbae79f11e4e094","0-4d20b57893a0e311d5911a2d5f5730025f93a7c6fb3d3ca9805679bda1b20ed2","root.record.ItemExhibitList.P5Item"
"LM Spacecraft Orbital Incentives","A","8.32","","","0.000","0.000","3.352","","3.352","","","","","","","","","","","","","","","","","","","","2014-BASE_PROCUREMENT-2014-AIRFORCE_MISSILE-PROCUREMENT_JustificationBook_Air_Force_PB_2014.zzz_unzipped-PROCUREMENT_JustificationBook_Air_Force_PB_2014.xml","39ca58bbb356607ed4d71e68bd068008af93a2336ba52e66a252be8037ef5179","1-55ff8c1cf9602f99234abc39fb830631961910b444da6c4f226d469676d663d1","0-4d20b57893a0e311d5911a2d5f5730025f93a7c6fb3d3ca9805679bda1b20ed2","root.record.ItemExhibitList.P5Item"
"NGC Orbital Incentives","A","3.631","","","0.000","0.000","1.463","","1.463","","","","","","","","","","","","","","","","","","","","2014-BASE_PROCUREMENT-2014-AIRFORCE_MISSILE-PROCUREMENT_JustificationBook_Air_Force_PB_2014.zzz_unzipped-PROCUREMENT_JustificationBook_Air_Force_PB_2014.xml","39ca58bbb356607ed4d71e68bd068008af93a2336ba52e66a252be8037ef5179","2-ce564dc2d15f3f3d4c7ea364f8719e9ebbd775be4484b439fc761d004b7073cb","0-4d20b57893a0e311d5911a2d5f5730025f93a7c6fb3d3ca9805679bda1b20ed2","root.record.ItemExhibitList.P5Item"
"GEO 3-4 Obsolescence Non-Recurring","A","310.614","","","0.355","","","","","0.000","310.969","","","","","","","","","","","","","","","","","","2014-BASE_PROCUREMENT-2014-AIRFORCE_MISSILE-PROCUREMENT_JustificationBook_Air_Force_PB_2014.zzz_unzipped-PROCUREMENT_JustificationBook_Air_Force_PB_2014.xml","32b7109bb8d79ef08088f8211f19de97cdf66e04e0163444c25731cb5ff5f7c7","0-8f089d6c73c437e528f78fd4a63de395efe2edf6c396ad35725d6ee91cf23926","0-5f5fa9445816ffec133bb9893a4fc13be6f8104cd0aa23a4ea21ae50be2d9ee2","root.record.ItemExhibitList.P5Item"
"GEO 3-4 Launch Vehicle and Range Integration","A","0.554","","","0.41","13.726","5.948","","5.948","0.000","31.978","","","5.747","5.593","","","","","","","","","","","","","","2014-BASE_PROCUREMENT-2014-AIRFORCE_MISSILE-PROCUREMENT_JustificationBook_Air_Force_PB_2014.zzz_unzipped-PROCUREMENT_JustificationBook_Air_Force_PB_2014.xml","32b7109bb8d79ef08088f8211f19de97cdf66e04e0163444c25731cb5ff5f7c7","1-6e7bc26a115d70bbd6bf51336354231dfa1452c3e48a640d370d2b982c1fea8d","0-5f5fa9445816ffec133bb9893a4fc13be6f8104cd0aa23a4ea21ae50be2d9ee2","root.record.ItemExhibitList.P5Item"
"GEO 5-6 Obsolescence Non-Recurring","A","0.000","0.000","0","","324","","","","0.000","324","0.000","0","","","","","","","","","","","","","","","","2014-BASE_PROCUREMENT-2014-AIRFORCE_MISSILE-PROCUREMENT_JustificationBook_Air_Force_PB_2014.zzz_unzipped-PROCUREMENT_JustificationBook_Air_Force_PB_2014.xml","32b7109bb8d79ef08088f8211f19de97cdf66e04e0163444c25731cb5ff5f7c7","0-770386dd40a6a3437e39ac7b68396d965ada096aca2070e0e31a92754753a0b2","1-45fe8efe44aeaebe13ffc40f58a8c5c911060c68cabd38cc9a357ded571cabde","root.record.ItemExhibitList.P5Item"
"GEO 5-6 Launch Vehicle and Range Integration","A","","","","","","","","","18.658","33.079","","","","","6.512","7.909","","","","","","","","","","","","2014-BASE_PROCUREMENT-2014-AIRFORCE_MISSILE-PROCUREMENT_JustificationBook_Air_Force_PB_2014.zzz_unzipped-PROCUREMENT_JustificationBook_Air_Force_PB_2014.xml","32b7109bb8d79ef08088f8211f19de97cdf66e04e0163444c25731cb5ff5f7c7","1-80e887fe6734fe4ae8754833fa536529bcf4fbafae9fc0dfe0bfb71ffc0d1700","1-45fe8efe44aeaebe13ffc40f58a8c5c911060c68cabd38cc9a357ded571cabde","root.record.ItemExhibitList.P5Item"
"HEO 3-4 Obsolescence Non-Recurring","A","101.443","","","","","","","","0.000","101.443","","","","","","","","","","","","","","","","","","2014-BASE_PROCUREMENT-2014-AIRFORCE_MISSILE-PROCUREMENT_JustificationBook_Air_Force_PB_2014.zzz_unzipped-PROCUREMENT_JustificationBook_Air_Force_PB_2014.xml","32b7109bb8d79ef08088f8211f19de97cdf66e04e0163444c25731cb5ff5f7c7","0-8c260044eec03a1f941f0883eb965b831730c65d68c81b61f0f9d079a3fb07ed","2-46170f1b27620a85cf0861d09309698d7d45e79a625a20990c3c1e36fe66c4aa","root.record.ItemExhibitList.P5Item"
"HEO 3-4 Launch Vehicle and Range Integration","A","0.237","","","0.176","8.765","6.063","","6.063","0.000","20.498","","","5.257","","","","","","","","","","","","","","","2014-BASE_PROCUREMENT-2014-AIRFORCE_MISSILE-PROCUREMENT_JustificationBook_Air_Force_PB_2014.zzz_unzipped-PROCUREMENT_JustificationBook_Air_Force_PB_2014.xml","32b7109bb8d79ef08088f8211f19de97cdf66e04e0163444c25731cb5ff5f7c7","1-0c6b87bd644f64760fec9a539deeb1280a056333880d6115967c71f71e52c77a","2-46170f1b27620a85cf0861d09309698d7d45e79a625a20990c3c1e36fe66c4aa","root.record.ItemExhibitList.P5Item"
"GPS III SV03-08 Systems Engineering and Integration (SE&I)","A","0.000","","","0.000","1.65","2.22","","2.22","0.000","3.87","","","","","","","","","","","","","","","","","","2014-BASE_PROCUREMENT-2014-AIRFORCE_MISSILE-PROCUREMENT_MasterJustificationBook_Air_Force_PB_2014.zzz_unzipped-PROCUREMENT_MasterJustificationBook_Air_Force_PB_2014.xml","3f74a8ce992b58bff0203aa59054245697d5f293f300ca891ef9fafd9620a03e","0-81b8a3e4c6f56b2b049713a43a696cc97bc7299e42fa4c9e16511e21630adc5d","0-6a775fcd5d07b363ff5719f585ad701e0ed25b7041a78fadd342e4407bb45a99","root.record.ItemExhibitList.P5Item"
"GPS III SV 09+ Nonrecurring","A","0.000","","","","","","","","26.55","37.752","","","2.651","2.75","2.851","2.95","","","","","","","","","","","","2014-BASE_PROCUREMENT-2014-AIRFORCE_MISSILE-PROCUREMENT_MasterJustificationBook_Air_Force_PB_2014.zzz_unzipped-PROCUREMENT_MasterJustificationBook_Air_Force_PB_2014.xml","3f74a8ce992b58bff0203aa59054245697d5f293f300ca891ef9fafd9620a03e","0-4fb3c6ac73757c37718b93f154c3d5d8b9cfbd1520419ec99ded9fc18c6a3e0c","1-4a56db2fef181a6867c34f2a9a5bd67f1dfe29bf82674d6511f9cf4f317f1827","root.record.ItemExhibitList.P5Item"
"GPS III SV 09+ Search and Rescue (SAR) GPS","A","0.000","","","0.000","0.000","0.948","","0.948","0.000","14.306","","","3.106","3.363","3.414","3.475","","","","","","","","","","","","2014-BASE_PROCUREMENT-2014-AIRFORCE_MISSILE-PROCUREMENT_MasterJustificationBook_Air_Force_PB_2014.zzz_unzipped-PROCUREMENT_MasterJustificationBook_Air_Force_PB_2014.xml","3f74a8ce992b58bff0203aa59054245697d5f293f300ca891ef9fafd9620a03e","1-0ac83ec8da484ed9400538df55b090f1aef224f17e30755b8c26c82ec8cc511f","1-4a56db2fef181a6867c34f2a9a5bd67f1dfe29bf82674d6511f9cf4f317f1827","root.record.ItemExhibitList.P5Item"
"LM Spacecraft Battery Option / SAFT CLIN 2","A","7.091","","","0.182","0.392","0.000","","0.000","","","","","","","","","","","","","","","","","","","","2014-BASE_PROCUREMENT-2014-AIRFORCE_MISSILE-PROCUREMENT_MasterJustificationBook_Air_Force_PB_2014.zzz_unzipped-PROCUREMENT_MasterJustificationBook_Air_Force_PB_2014.xml","b31c92596f6ccbf91720f89270c2aa573e143aa1b9e9ea949815f37a122e9486","0-19362437b94ebb2e5ff7f34f55d38a1317b432587233d799f79a94b47ca4d7e1","0-a02d3a6cf8153ef2144dbbc7b49263ced7a9dda33d02db65887f3901aa9eb17b","root.record.ItemExhibitList.P5Item"
"LM Spacecraft Orbital Incentives","A","8.32","","","0.000","0.000","3.352","","3.352","","","","","","","","","","","","","","","","","","","","2014-BASE_PROCUREMENT-2014-AIRFORCE_MISSILE-PROCUREMENT_MasterJustificationBook_Air_Force_PB_2014.zzz_unzipped-PROCUREMENT_MasterJustificationBook_Air_Force_PB_2014.xml","b31c92596f6ccbf91720f89270c2aa573e143aa1b9e9ea949815f37a122e9486","1-b179eae038c4f4efc11308e4a4355b4f81a96c29940525c1345cadee06824964","0-a02d3a6cf8153ef2144dbbc7b49263ced7a9dda33d02db65887f3901aa9eb17b","root.record.ItemExhibitList.P5Item"
"NGC Orbital Incentives","A","3.631","","","0.000","0.000","1.463","","1.463","","","","","","","","","","","","","","","","","","","","2014-BASE_PROCUREMENT-2014-AIRFORCE_MISSILE-PROCUREMENT_MasterJustificationBook_Air_Force_PB_2014.zzz_unzipped-PROCUREMENT_MasterJustificationBook_Air_Force_PB_2014.xml","b31c92596f6ccbf91720f89270c2aa573e143aa1b9e9ea949815f37a122e9486","2-268bfa27f32743be8a402a3d3e15df4fea2d71c00531e5ad01ea5db6b0878306","0-a02d3a6cf8153ef2144dbbc7b49263ced7a9dda33d02db65887f3901aa9eb17b","root.record.ItemExhibitList.P5Item"
"GEO 3-4 Obsolescence Non-Recurring","A","310.614","","","0.355","","","","","0.000","310.969","","","","","","","","","","","","","","","","","","2014-BASE_PROCUREMENT-2014-AIRFORCE_MISSILE-PROCUREMENT_MasterJustificationBook_Air_Force_PB_2014.zzz_unzipped-PROCUREMENT_MasterJustificationBook_Air_Force_PB_2014.xml","c09d619ce532c1c86db360d274ec3de490ff840c9a7e13567ca5beab706dfd39","0-94023878b46c63e9494e8a5abf38af986832b3be494a607f9d40d7f7e45921d9","0-4106b341a23207c4e07cce7500bf55393371d36233160890a7e0c4aba1587fff","root.record.ItemExhibitList.P5Item"
"GEO 3-4 Launch Vehicle and Range Integration","A","0.554","","","0.41","13.726","5.948","","5.948","0.000","31.978","","","5.747","5.593","","","","","","","","","","","","","","2014-BASE_PROCUREMENT-2014-AIRFORCE_MISSILE-PROCUREMENT_MasterJustificationBook_Air_Force_PB_2014.zzz_unzipped-PROCUREMENT_MasterJustificationBook_Air_Force_PB_2014.xml","c09d619ce532c1c86db360d274ec3de490ff840c9a7e13567ca5beab706dfd39","1-34ce42e89f1b986b306b54ca6ded20dd7032c50981f20b40b9fe325954f63304","0-4106b341a23207c4e07cce7500bf55393371d36233160890a7e0c4aba1587fff","root.record.ItemExhibitList.P5Item"
"GEO 5-6 Obsolescence Non-Recurring","A","0.000","0.000","0","","324","","","","0.000","324","0.000","0","","","","","","","","","","","","","","","","2014-BASE_PROCUREMENT-2014-AIRFORCE_MISSILE-PROCUREMENT_MasterJustificationBook_Air_Force_PB_2014.zzz_unzipped-PROCUREMENT_MasterJustificationBook_Air_Force_PB_2014.xml","c09d619ce532c1c86db360d274ec3de490ff840c9a7e13567ca5beab706dfd39","0-111eebaf81d7315822e7faffb68d8e406e04854b28a68cf16f7c1784bd1d4942","1-678f1d45f5eb528e16cae2b809126dc3aeb9c2378006be318e60b440d5170bfd","root.record.ItemExhibitList.P5Item"
"GEO 5-6 Launch Vehicle and Range Integration","A","","","","","","","","","18.658","33.079","","","","","6.512","7.909","","","","","","","","","","","","2014-BASE_PROCUREMENT-2014-AIRFORCE_MISSILE-PROCUREMENT_MasterJustificationBook_Air_Force_PB_2014.zzz_unzipped-PROCUREMENT_MasterJustificationBook_Air_Force_PB_2014.xml","c09d619ce532c1c86db360d274ec3de490ff840c9a7e13567ca5beab706dfd39","1-afb7eacd2fbedbd24fc85a479bcdf42f192d5bbedfe63aed5e97543558410aab","1-678f1d45f5eb528e16cae2b809126dc3aeb9c2378006be318e60b440d5170bfd","root.record.ItemExhibitList.P5Item"
"HEO 3-4 Obsolescence Non-Recurring","A","101.443","","","","","","","","0.000","101.443","","","","","","","","","","","","","","","","","","2014-BASE_PROCUREMENT-2014-AIRFORCE_MISSILE-PROCUREMENT_MasterJustificationBook_Air_Force_PB_2014.zzz_unzipped-PROCUREMENT_MasterJustificationBook_Air_Force_PB_2014.xml","c09d619ce532c1c86db360d274ec3de490ff840c9a7e13567ca5beab706dfd39","0-178c2bbb89b68060d4797640a7fcd6f505cc008cb66afba570edceec1e477adf","2-d808067e4a8fe605cb05672fa42bfdc3b756b1eacad6ec4024313001b98ed6d1","root.record.ItemExhibitList.P5Item"
"HEO 3-4 Launch Vehicle and Range Integration","A","0.237","","","0.176","8.765","6.063","","6.063","0.000","20.498","","","5.257","","","","","","","","","","","","","","","2014-BASE_PROCUREMENT-2014-AIRFORCE_MISSILE-PROCUREMENT_MasterJustificationBook_Air_Force_PB_2014.zzz_unzipped-PROCUREMENT_MasterJustificationBook_Air_Force_PB_2014.xml","c09d619ce532c1c86db360d274ec3de490ff840c9a7e13567ca5beab706dfd39","1-ba85a25f74ea7e1fe45ff9677bb1eff1cc1a2e9e8b39be7175651b3aede0a0bc","2-d808067e4a8fe605cb05672fa42bfdc3b756b1eacad6ec4024313001b98ed6d1","root.record.ItemExhibitList.P5Item"
"GPS III SV 09+ Nonrecurring","A","","","","","","","","","","","","","","","","","0.000","0.000","0.000","","","","","","","","","2015-BASE_PROCUREMENT-2015-AIRFORCE_MISSILE-PROCUREMENT_JustificationBook_Air_Force_PB_2015.zzz_unzipped-PROCUREMENT_JustificationBook_Air_Force_PB_2015.xml","27d3e87bb2fc7e3e342a740b15883c038cc1395873b8ef70810bbcfee7a54946","0-7300c426b26c82379551eb56f5ed165064e1c36ee9300bf0ae7b2d6df7365663","1-4cdf3d6922e2e220bd6b76036a70cdd371a37ec0eded6070c97f6861b070c130","root.record.ItemExhibitList.P5Item"
"GPS III SV 09+ Search and Rescue (SAR) GPS","A","","","","","","","","","","","","","","","","","0.000","5.824","23.523","0.000","0.948","3.072","3.072","3.332","3.387","3.448","3.512","2015-BASE_PROCUREMENT-2015-AIRFORCE_MISSILE-PROCUREMENT_JustificationBook_Air_Force_PB_2015.zzz_unzipped-PROCUREMENT_JustificationBook_Air_Force_PB_2015.xml","27d3e87bb2fc7e3e342a740b15883c038cc1395873b8ef70810bbcfee7a54946","1-a9e05f392f664183f8df7195ac4dfe08b7898e2725f053a5d5754c34659f77b0","1-4cdf3d6922e2e220bd6b76036a70cdd371a37ec0eded6070c97f6861b070c130","root.record.ItemExhibitList.P5Item"
"LM Spacecraft Battery Option / SAFT CLIN 2","A","","","","","","","","","","","","","","","","","7.273","","","0.392","","","","","","","","2015-BASE_PROCUREMENT-2015-AIRFORCE_MISSILE-PROCUREMENT_JustificationBook_Air_Force_PB_2015.zzz_unzipped-PROCUREMENT_JustificationBook_Air_Force_PB_2015.xml","9d6d7cc2e213d10711c93d66b1cde5a68bd237bd013f9f174c1ce0b96e710eb0","0-7baa7db0e95bfeefc6762c8a2b4d27b6cf05bae41a352930de7c360bc4fa0a40","0-7cf19ab5334f8c4a993d41279b94a1954aa21236363fde5178c94395e249a664","root.record.ItemExhibitList.P5Item"
"LM Spacecraft Orbital Incentives","A","","","","","","","","","","","","","","","","","8.32","","","","3.352","","","","","","","2015-BASE_PROCUREMENT-2015-AIRFORCE_MISSILE-PROCUREMENT_JustificationBook_Air_Force_PB_2015.zzz_unzipped-PROCUREMENT_JustificationBook_Air_Force_PB_2015.xml","9d6d7cc2e213d10711c93d66b1cde5a68bd237bd013f9f174c1ce0b96e710eb0","1-05ba2bb9818662455e20b6da7a916ebbdbce6d9b74a78ba960de80fb79647252","0-7cf19ab5334f8c4a993d41279b94a1954aa21236363fde5178c94395e249a664","root.record.ItemExhibitList.P5Item"
"NGC Orbital Incentives","A","","","","","","","","","","","","","","","","","3.631","","","","1.463","","","","","","","2015-BASE_PROCUREMENT-2015-AIRFORCE_MISSILE-PROCUREMENT_JustificationBook_Air_Force_PB_2015.zzz_unzipped-PROCUREMENT_JustificationBook_Air_Force_PB_2015.xml","9d6d7cc2e213d10711c93d66b1cde5a68bd237bd013f9f174c1ce0b96e710eb0","2-634ad994eafc5a3e9c03e705b27c0d5e673dcbbd334d4fb10d5ca87b9b9f10a8","0-7cf19ab5334f8c4a993d41279b94a1954aa21236363fde5178c94395e249a664","root.record.ItemExhibitList.P5Item"
"GEO 3-4 Obsolescence Non-Recurring","A","","","","","","","","","","","","","","","","","437.696","0.000","437.696","","","","","","","","","2015-BASE_PROCUREMENT-2015-AIRFORCE_MISSILE-PROCUREMENT_JustificationBook_Air_Force_PB_2015.zzz_unzipped-PROCUREMENT_JustificationBook_Air_Force_PB_2015.xml","b0439627d697f23309d80778f48f7bf9598ab22c86f68e7c8eb97d5630e37c1c","0-1cb3053d046c539af7d213c29391bfe8e94b066b066c232b50dc6db8e0dccfee","0-cab7659269bcafdaa3dae12e1d3c1e426d6dd834e321e7c35bd06812f177d30c","root.record.ItemExhibitList.P5Item"
"GEO 3-4 Launch Vehicle and Range Integration","A","","","","","","","","","","","","","","","","","0.97","0.000","32.348","3.811","21.217","2.651","2.651","3.699","","","","2015-BASE_PROCUREMENT-2015-AIRFORCE_MISSILE-PROCUREMENT_JustificationBook_Air_Force_PB_2015.zzz_unzipped-PROCUREMENT_JustificationBook_Air_Force_PB_2015.xml","b0439627d697f23309d80778f48f7bf9598ab22c86f68e7c8eb97d5630e37c1c","1-a49524179fd7b8034b456c6d7f7e72263f491db36e197ae416ca927c5cc3d969","0-cab7659269bcafdaa3dae12e1d3c1e426d6dd834e321e7c35bd06812f177d30c","root.record.ItemExhibitList.P5Item"
"GEO 5-6 Obsolescence Non-Recurring","A","","","","","","","","","","","","","","","","","0.000","0.000","642.682","461.824","77.942","59.461","59.461","25.508","13.235","4.712","","2015-BASE_PROCUREMENT-2015-AIRFORCE_MISSILE-PROCUREMENT_JustificationBook_Air_Force_PB_2015.zzz_unzipped-PROCUREMENT_JustificationBook_Air_Force_PB_2015.xml","b0439627d697f23309d80778f48f7bf9598ab22c86f68e7c8eb97d5630e37c1c","0-1c781ea5bd4a6da373744934acd2a696f11b74ecafa32906f5c4f11ff9d47740","1-cec84c6f7e0d10d8d83c39db97239e311ae03f61be416915b4b16f7d6f234bd1","root.record.ItemExhibitList.P5Item"
"FY14 Incremental Funding","A","","","","","","","","","","","","","","","","","","0.000","-77.942","-77.942","","","","","","","","2015-BASE_PROCUREMENT-2015-AIRFORCE_MISSILE-PROCUREMENT_JustificationBook_Air_Force_PB_2015.zzz_unzipped-PROCUREMENT_JustificationBook_Air_Force_PB_2015.xml","b0439627d697f23309d80778f48f7bf9598ab22c86f68e7c8eb97d5630e37c1c","1-5b5cb58045600c7ef0c5bd754606b4135ecfeb819ab8df0b79344aeca277e947","1-cec84c6f7e0d10d8d83c39db97239e311ae03f61be416915b4b16f7d6f234bd1","root.record.ItemExhibitList.P5Item"
"FY15 Incremental Funding","A","","","","","","","","","","","","","","","","","","0.000","-59.461","-59.461","","","","","","","","2015-BASE_PROCUREMENT-2015-AIRFORCE_MISSILE-PROCUREMENT_JustificationBook_Air_Force_PB_2015.zzz_unzipped-PROCUREMENT_JustificationBook_Air_Force_PB_2015.xml","b0439627d697f23309d80778f48f7bf9598ab22c86f68e7c8eb97d5630e37c1c","2-edcf05acd30423f2fda55a996e0447d90c73a6ef57087c39cc826dd23ab414ad","1-cec84c6f7e0d10d8d83c39db97239e311ae03f61be416915b4b16f7d6f234bd1","root.record.ItemExhibitList.P5Item"
"FY16 Incremental Funding","A","","","","","","","","","","","","","","","","","","0.000","-25.508","-25.508","","","","","","","","2015-BASE_PROCUREMENT-2015-AIRFORCE_MISSILE-PROCUREMENT_JustificationBook_Air_Force_PB_2015.zzz_unzipped-PROCUREMENT_JustificationBook_Air_Force_PB_2015.xml","b0439627d697f23309d80778f48f7bf9598ab22c86f68e7c8eb97d5630e37c1c","3-d01b4c3faf7b7a7cc0bb57736f4fa4f51787d7c823515635294568fff06b47e3","1-cec84c6f7e0d10d8d83c39db97239e311ae03f61be416915b4b16f7d6f234bd1","root.record.ItemExhibitList.P5Item"
"FY17 Incremental Funding","A","","","","","","","","","","","","","","","","","","0.000","-13.235","-13.235","","","","","","","","2015-BASE_PROCUREMENT-2015-AIRFORCE_MISSILE-PROCUREMENT_JustificationBook_Air_Force_PB_2015.zzz_unzipped-PROCUREMENT_JustificationBook_Air_Force_PB_2015.xml","b0439627d697f23309d80778f48f7bf9598ab22c86f68e7c8eb97d5630e37c1c","4-dd97c23d8504d3f80107260e0247201576b6e82e5194ebb6d7429499da816608","1-cec84c6f7e0d10d8d83c39db97239e311ae03f61be416915b4b16f7d6f234bd1","root.record.ItemExhibitList.P5Item"
"FY18 Incremental Funding","A","","","","","","","","","","","","","","","","","","0.000","-4.712","-4.712","","","","","","","","2015-BASE_PROCUREMENT-2015-AIRFORCE_MISSILE-PROCUREMENT_JustificationBook_Air_Force_PB_2015.zzz_unzipped-PROCUREMENT_JustificationBook_Air_Force_PB_2015.xml","b0439627d697f23309d80778f48f7bf9598ab22c86f68e7c8eb97d5630e37c1c","5-37d2da3d2ca8cc8b4d451d67ad3e9c10077f5ca626deb6f06879cf453acd52f1","1-cec84c6f7e0d10d8d83c39db97239e311ae03f61be416915b4b16f7d6f234bd1","root.record.ItemExhibitList.P5Item"
"GEO 5-6 Launch Vehicle and Range Integration","A","","","","","","","","","","","","","","","","","0.000","7.256","15.622","","","","","","1.937","1.622","4.807","2015-BASE_PROCUREMENT-2015-AIRFORCE_MISSILE-PROCUREMENT_JustificationBook_Air_Force_PB_2015.zzz_unzipped-PROCUREMENT_JustificationBook_Air_Force_PB_2015.xml","b0439627d697f23309d80778f48f7bf9598ab22c86f68e7c8eb97d5630e37c1c","6-65681f6565bd89a0eb99ef4a3904a6e1fc413b159f6ab07fd13c21b96af6f48e","1-cec84c6f7e0d10d8d83c39db97239e311ae03f61be416915b4b16f7d6f234bd1","root.record.ItemExhibitList.P5Item"
"HEO 3-4 Obsolescence Non-Recurring","A","","","","","","","","","","","","","","","","","137.146","0.000","137.146","","","","","","","","","2015-BASE_PROCUREMENT-2015-AIRFORCE_MISSILE-PROCUREMENT_JustificationBook_Air_Force_PB_2015.zzz_unzipped-PROCUREMENT_JustificationBook_Air_Force_PB_2015.xml","b0439627d697f23309d80778f48f7bf9598ab22c86f68e7c8eb97d5630e37c1c","0-9b3ea0ca8913573683a13833af754066f3cbaa73fcc1a8c43d6a13caa783b7bf","2-623982597073925b187ef714d20664998cc9e8ec7804527a61440bfb226b8043","root.record.ItemExhibitList.P5Item"
"HEO 3-4 Launch Vehicle and Range Integration","A","","","","","","","","","","","","","","","","","0.413","0.000","21.225","4.551","13.962","2.299","2.299","","","","","2015-BASE_PROCUREMENT-2015-AIRFORCE_MISSILE-PROCUREMENT_JustificationBook_Air_Force_PB_2015.zzz_unzipped-PROCUREMENT_JustificationBook_Air_Force_PB_2015.xml","b0439627d697f23309d80778f48f7bf9598ab22c86f68e7c8eb97d5630e37c1c","1-f9b954aa10e12a714febc26605c2338db7ab4e0a1a0bafe1b8c0307080f1457a","2-623982597073925b187ef714d20664998cc9e8ec7804527a61440bfb226b8043","root.record.ItemExhibitList.P5Item"
"GPS III SV 09+ Nonrecurring","A","","","","","","","","","","","","","","","","","0.000","0.000","0.000","","","","","","","","","2015-BASE_PROCUREMENT-2015-AIRFORCE_MISSILE-PROCUREMENT_MasterJustificationBook_Air_Force_PB_2015.zzz_unzipped-PROCUREMENT_MasterJustificationBook_Air_Force_PB_2015.xml","33b3b0ad5835d13cc15e7e273b3a3b0e797b8b7474e6a63df610479ef30e8683","0-b22a76327ffb2e560b57df9f9392a0c40ac9a8d642ad53013d74268c148d9235","1-f5762a652e5a3cc1ebd390d3b9aab3aed8d95d0a5124431077a0bfdc56643635","root.record.ItemExhibitList.P5Item"
"GPS III SV 09+ Search and Rescue (SAR) GPS","A","","","","","","","","","","","","","","","","","0.000","5.824","23.523","0.000","0.948","3.072","3.072","3.332","3.387","3.448","3.512","2015-BASE_PROCUREMENT-2015-AIRFORCE_MISSILE-PROCUREMENT_MasterJustificationBook_Air_Force_PB_2015.zzz_unzipped-PROCUREMENT_MasterJustificationBook_Air_Force_PB_2015.xml","33b3b0ad5835d13cc15e7e273b3a3b0e797b8b7474e6a63df610479ef30e8683","1-26d8223688c3e52b5f22c8f2450cf46dc3be93c9bb822d7351257b3c7e0a7a6d","1-f5762a652e5a3cc1ebd390d3b9aab3aed8d95d0a5124431077a0bfdc56643635","root.record.ItemExhibitList.P5Item"
"LM Spacecraft Battery Option / SAFT CLIN 2","A","","","","","","","","","","","","","","","","","7.273","","","0.392","","","","","","","","2015-BASE_PROCUREMENT-2015-AIRFORCE_MISSILE-PROCUREMENT_MasterJustificationBook_Air_Force_PB_2015.zzz_unzipped-PROCUREMENT_MasterJustificationBook_Air_Force_PB_2015.xml","ec01fd2dc2e4b3154d5fd777d577fadafd0887cac57c8654b4ea1a3886efa793","0-02213b63774143cde1e765193028d462a5c028e57850733a64535c12a5b18667","0-7adb58854a9d4bf72af2918f909d4be000c7f9928ac16088c0b464030afbda6b","root.record.ItemExhibitList.P5Item"
"LM Spacecraft Orbital Incentives","A","","","","","","","","","","","","","","","","","8.32","","","","3.352","","","","","","","2015-BASE_PROCUREMENT-2015-AIRFORCE_MISSILE-PROCUREMENT_MasterJustificationBook_Air_Force_PB_2015.zzz_unzipped-PROCUREMENT_MasterJustificationBook_Air_Force_PB_2015.xml","ec01fd2dc2e4b3154d5fd777d577fadafd0887cac57c8654b4ea1a3886efa793","1-dbe612142f201958bd72ea012846227df8c1dbee0f6c2f8a033ebc0f5223f170","0-7adb58854a9d4bf72af2918f909d4be000c7f9928ac16088c0b464030afbda6b","root.record.ItemExhibitList.P5Item"
"NGC Orbital Incentives","A","","","","","","","","","","","","","","","","","3.631","","","","1.463","","","","","","","2015-BASE_PROCUREMENT-2015-AIRFORCE_MISSILE-PROCUREMENT_MasterJustificationBook_Air_Force_PB_2015.zzz_unzipped-PROCUREMENT_MasterJustificationBook_Air_Force_PB_2015.xml","ec01fd2dc2e4b3154d5fd777d577fadafd0887cac57c8654b4ea1a3886efa793","2-04baccc49fd988ef2fbb2fce51446eaccc0bc7cf1d2a637dd505e06927fb53fe","0-7adb58854a9d4bf72af2918f909d4be000c7f9928ac16088c0b464030afbda6b","root.record.ItemExhibitList.P5Item"
"GEO 3-4 Obsolescence Non-Recurring","A","","","","","","","","","","","","","","","","","437.696","0.000","437.696","","","","","","","","","2015-BASE_PROCUREMENT-2015-AIRFORCE_MISSILE-PROCUREMENT_MasterJustificationBook_Air_Force_PB_2015.zzz_unzipped-PROCUREMENT_MasterJustificationBook_Air_Force_PB_2015.xml","8c9448bac531fa76bde6d0d330853a3c625667bcc8a7fac5efe03c4154f7d50a","0-26d31f2644f2a65a81dcd8b1b763ddb951ae7bb78246857be982d98a4d57f603","0-d7ba0d4c870faa9d1e515592911cd4dd261680715a2e6d8adbf8b44656144724","root.record.ItemExhibitList.P5Item"
"GEO 3-4 Launch Vehicle and Range Integration","A","","","","","","","","","","","","","","","","","0.97","0.000","32.348","3.811","21.217","2.651","2.651","3.699","","","","2015-BASE_PROCUREMENT-2015-AIRFORCE_MISSILE-PROCUREMENT_MasterJustificationBook_Air_Force_PB_2015.zzz_unzipped-PROCUREMENT_MasterJustificationBook_Air_Force_PB_2015.xml","8c9448bac531fa76bde6d0d330853a3c625667bcc8a7fac5efe03c4154f7d50a","1-e7f05fce146d1b595f636fa876c82af4907773caf2790ebd064f05fda029eb35","0-d7ba0d4c870faa9d1e515592911cd4dd261680715a2e6d8adbf8b44656144724","root.record.ItemExhibitList.P5Item"
"GEO 5-6 Obsolescence Non-Recurring","A","","","","","","","","","","","","","","","","","0.000","0.000","642.682","461.824","77.942","59.461","59.461","25.508","13.235","4.712","","2015-BASE_PROCUREMENT-2015-AIRFORCE_MISSILE-PROCUREMENT_MasterJustificationBook_Air_Force_PB_2015.zzz_unzipped-PROCUREMENT_MasterJustificationBook_Air_Force_PB_2015.xml","8c9448bac531fa76bde6d0d330853a3c625667bcc8a7fac5efe03c4154f7d50a","0-ede82e305926dcdf29879e0657ba472895ce4fc05fa6817570954041df2ec813","1-6840a832fb32ad7ed36f86c0a63e0415a0ff59d3745421e98b2257e0092ee201","root.record.ItemExhibitList.P5Item"
"FY14 Incremental Funding","A","","","","","","","","","","","","","","","","","","0.000","-77.942","-77.942","","","","","","","","2015-BASE_PROCUREMENT-2015-AIRFORCE_MISSILE-PROCUREMENT_MasterJustificationBook_Air_Force_PB_2015.zzz_unzipped-PROCUREMENT_MasterJustificationBook_Air_Force_PB_2015.xml","8c9448bac531fa76bde6d0d330853a3c625667bcc8a7fac5efe03c4154f7d50a","1-41cb7a72c695cac35ea374d3eb64eccdcd35bc127af0ce52284011b728a126a6","1-6840a832fb32ad7ed36f86c0a63e0415a0ff59d3745421e98b2257e0092ee201","root.record.ItemExhibitList.P5Item"
"FY15 Incremental Funding","A","","","","","","","","","","","","","","","","","","0.000","-59.461","-59.461","","","","","","","","2015-BASE_PROCUREMENT-2015-AIRFORCE_MISSILE-PROCUREMENT_MasterJustificationBook_Air_Force_PB_2015.zzz_unzipped-PROCUREMENT_MasterJustificationBook_Air_Force_PB_2015.xml","8c9448bac531fa76bde6d0d330853a3c625667bcc8a7fac5efe03c4154f7d50a","2-1cf124e031925f373ea6c565a2684b79cbc1adbab8fa4c8a103e73bf1efccc53","1-6840a832fb32ad7ed36f86c0a63e0415a0ff59d3745421e98b2257e0092ee201","root.record.ItemExhibitList.P5Item"
"FY16 Incremental Funding","A","","","","","","","","","","","","","","","","","","0.000","-25.508","-25.508","","","","","","","","2015-BASE_PROCUREMENT-2015-AIRFORCE_MISSILE-PROCUREMENT_MasterJustificationBook_Air_Force_PB_2015.zzz_unzipped-PROCUREMENT_MasterJustificationBook_Air_Force_PB_2015.xml","8c9448bac531fa76bde6d0d330853a3c625667bcc8a7fac5efe03c4154f7d50a","3-c201a84774b56742df3e64a6be157fd063e952205973ce19de2262aab3dfa82d","1-6840a832fb32ad7ed36f86c0a63e0415a0ff59d3745421e98b2257e0092ee201","root.record.ItemExhibitList.P5Item"
"FY17 Incremental Funding","A","","","","","","","","","","","","","","","","","","0.000","-13.235","-13.235","","","","","","","","2015-BASE_PROCUREMENT-2015-AIRFORCE_MISSILE-PROCUREMENT_MasterJustificationBook_Air_Force_PB_2015.zzz_unzipped-PROCUREMENT_MasterJustificationBook_Air_Force_PB_2015.xml","8c9448bac531fa76bde6d0d330853a3c625667bcc8a7fac5efe03c4154f7d50a","4-3d9118ae0dd9e120da044b9e5e7a1920016e1e04fed9bcad5a911fa8353df297","1-6840a832fb32ad7ed36f86c0a63e0415a0ff59d3745421e98b2257e0092ee201","root.record.ItemExhibitList.P5Item"
"FY18 Incremental Funding","A","","","","","","","","","","","","","","","","","","0.000","-4.712","-4.712","","","","","","","","2015-BASE_PROCUREMENT-2015-AIRFORCE_MISSILE-PROCUREMENT_MasterJustificationBook_Air_Force_PB_2015.zzz_unzipped-PROCUREMENT_MasterJustificationBook_Air_Force_PB_2015.xml","8c9448bac531fa76bde6d0d330853a3c625667bcc8a7fac5efe03c4154f7d50a","5-0da6704d5e8e4cb9c555197fb6619e582e7a0ad3dbdc60f3ef8f1161c1f7fa0a","1-6840a832fb32ad7ed36f86c0a63e0415a0ff59d3745421e98b2257e0092ee201","root.record.ItemExhibitList.P5Item"
"GEO 5-6 Launch Vehicle and Range Integration","A","","","","","","","","","","","","","","","","","0.000","7.256","15.622","","","","","","1.937","1.622","4.807","2015-BASE_PROCUREMENT-2015-AIRFORCE_MISSILE-PROCUREMENT_MasterJustificationBook_Air_Force_PB_2015.zzz_unzipped-PROCUREMENT_MasterJustificationBook_Air_Force_PB_2015.xml","8c9448bac531fa76bde6d0d330853a3c625667bcc8a7fac5efe03c4154f7d50a","6-f0030163b10c8b80b8e2cef7ea714b2b1053bf08b7090a81e4b8757f7c0e0e6d","1-6840a832fb32ad7ed36f86c0a63e0415a0ff59d3745421e98b2257e0092ee201","root.record.ItemExhibitList.P5Item"
"HEO 3-4 Obsolescence Non-Recurring","A","","","","","","","","","","","","","","","","","137.146","0.000","137.146","","","","","","","","","2015-BASE_PROCUREMENT-2015-AIRFORCE_MISSILE-PROCUREMENT_MasterJustificationBook_Air_Force_PB_2015.zzz_unzipped-PROCUREMENT_MasterJustificationBook_Air_Force_PB_2015.xml","8c9448bac531fa76bde6d0d330853a3c625667bcc8a7fac5efe03c4154f7d50a","0-8c6390802de03f78d42313ce75c0a8a8e2ca1723a2a7491f36e7ead30711452a","2-53af0696ef8a3c85b3f0d34d6fafddf065702692ad515e4f9da30626d113ea37","root.record.ItemExhibitList.P5Item"
"HEO 3-4 Launch Vehicle and Range Integration","A","","","","","","","","","","","","","","","","","0.413","0.000","21.225","4.551","13.962","2.299","2.299","","","","","2015-BASE_PROCUREMENT-2015-AIRFORCE_MISSILE-PROCUREMENT_MasterJustificationBook_Air_Force_PB_2015.zzz_unzipped-PROCUREMENT_MasterJustificationBook_Air_Force_PB_2015.xml","8c9448bac531fa76bde6d0d330853a3c625667bcc8a7fac5efe03c4154f7d50a","1-bd149e0d6e94cf88ddcb33d3ad59596d4a42aa6a9e7c0c22d87c1155e72c490c","2-53af0696ef8a3c85b3f0d34d6fafddf065702692ad515e4f9da30626d113ea37","root.record.ItemExhibitList.P5Item"
"GEO 3-4 Obsolescence Non-Recurring","","","","","","","","","","","","","","","","","","438.772","0","438.772","","","","","","","","","2016-BASE_PROCUREMENT-2016-AIRFORCE_MISSILE-PROCUREMENT_JustificationBook_Air_Force_PB_2016.zzz_unzipped-PROCUREMENT_JustificationBook_Air_Force_PB_2016.xml","b7250a7bc654675ae44d6d62c2bb1e4e483647e362d5d04206595c9b29029aa8","0-3133cbb359235fe3a268f9510830de8d423a4a7b1c923725fa14e8fc0f05610a","0-f023e6b96e2ac806cadfe5ae5e03aac6f6ca982f76f58e155b6a52e12d34d9e5","root.record.ItemExhibitList.P5Item"
"GEO 3-4 Launch Vehicle and Range Integration","","","","","","","","","","","","","","","","","","1.807","0","12.838","4.284","6.747","","","","","","","2016-BASE_PROCUREMENT-2016-AIRFORCE_MISSILE-PROCUREMENT_JustificationBook_Air_Force_PB_2016.zzz_unzipped-PROCUREMENT_JustificationBook_Air_Force_PB_2016.xml","b7250a7bc654675ae44d6d62c2bb1e4e483647e362d5d04206595c9b29029aa8","1-b1188107f350f85658188f090868c7582e6159443c90e9dd80b0c8af5df191c5","0-f023e6b96e2ac806cadfe5ae5e03aac6f6ca982f76f58e155b6a52e12d34d9e5","root.record.ItemExhibitList.P5Item"
"GEO 5-6 Obsolescence Non-Recurring","","","","","","","","","","","","","","","","","","461.824","0","599.227","77.942","59.461","","","","","","","2016-BASE_PROCUREMENT-2016-AIRFORCE_MISSILE-PROCUREMENT_JustificationBook_Air_Force_PB_2016.zzz_unzipped-PROCUREMENT_JustificationBook_Air_Force_PB_2016.xml","b7250a7bc654675ae44d6d62c2bb1e4e483647e362d5d04206595c9b29029aa8","0-8d0a68a3f2684aa4c3076177c837a71fad291c615fdc979f1926d43a5a04e52c","1-66af2c74669ba1f9ca0c33310f39bb519bff02122d4258542693978dc9eb4384","root.record.ItemExhibitList.P5Item"
"FY14 Incremental Funding","","","","","","","","","","","","","","","","","","-77.942","0","-77.942","","","","","","","","","2016-BASE_PROCUREMENT-2016-AIRFORCE_MISSILE-PROCUREMENT_JustificationBook_Air_Force_PB_2016.zzz_unzipped-PROCUREMENT_JustificationBook_Air_Force_PB_2016.xml","b7250a7bc654675ae44d6d62c2bb1e4e483647e362d5d04206595c9b29029aa8","1-3be3e4be9f2284f53b614401a9dfae97c3caa751fd67612e1f03e702b042ba3b","1-66af2c74669ba1f9ca0c33310f39bb519bff02122d4258542693978dc9eb4384","root.record.ItemExhibitList.P5Item"
"FY15 Incremental Funding","","","","","","","","","","","","","","","","","","-59.461","0","-59.461","","","","","","","","","2016-BASE_PROCUREMENT-2016-AIRFORCE_MISSILE-PROCUREMENT_JustificationBook_Air_Force_PB_2016.zzz_unzipped-PROCUREMENT_JustificationBook_Air_Force_PB_2016.xml","b7250a7bc654675ae44d6d62c2bb1e4e483647e362d5d04206595c9b29029aa8","2-4e496042972b4ea430e555e92fed1bb638ad2297b08bd1d071f04798edb17e07","1-66af2c74669ba1f9ca0c33310f39bb519bff02122d4258542693978dc9eb4384","root.record.ItemExhibitList.P5Item"
"FY16 Incremental Funding (3021)","","","","","","","","","","","","","","","","","","-25.508","0","-25.508","","","","","","","","","2016-BASE_PROCUREMENT-2016-AIRFORCE_MISSILE-PROCUREMENT_JustificationBook_Air_Force_PB_2016.zzz_unzipped-PROCUREMENT_JustificationBook_Air_Force_PB_2016.xml","b7250a7bc654675ae44d6d62c2bb1e4e483647e362d5d04206595c9b29029aa8","3-7b10d7dd5fc2930f2e0507fca22d83894f37551a0a72f594c70982336073aabe","1-66af2c74669ba1f9ca0c33310f39bb519bff02122d4258542693978dc9eb4384","root.record.ItemExhibitList.P5Item"
"FY17 Incremental Funding (3021)","","","","","","","","","","","","","","","","","","-13.235","0","-13.235","","","","","","","","","2016-BASE_PROCUREMENT-2016-AIRFORCE_MISSILE-PROCUREMENT_JustificationBook_Air_Force_PB_2016.zzz_unzipped-PROCUREMENT_JustificationBook_Air_Force_PB_2016.xml","b7250a7bc654675ae44d6d62c2bb1e4e483647e362d5d04206595c9b29029aa8","4-e640bef1e168c934a5d038e356c70a0f02c7c4b456717e40263c30de65a9ee3a","1-66af2c74669ba1f9ca0c33310f39bb519bff02122d4258542693978dc9eb4384","root.record.ItemExhibitList.P5Item"
"FY18 Incremental Funding (3021)","","","","","","","","","","","","","","","","","","-4.712","0","-4.712","","","","","","","","","2016-BASE_PROCUREMENT-2016-AIRFORCE_MISSILE-PROCUREMENT_JustificationBook_Air_Force_PB_2016.zzz_unzipped-PROCUREMENT_JustificationBook_Air_Force_PB_2016.xml","b7250a7bc654675ae44d6d62c2bb1e4e483647e362d5d04206595c9b29029aa8","5-4c95875e5f9c9e42d76d964d6d4a78bde0a38fea3b12901e5167c3439ced9d69","1-66af2c74669ba1f9ca0c33310f39bb519bff02122d4258542693978dc9eb4384","root.record.ItemExhibitList.P5Item"
"GEO 5-6 Launch Vehicle and Range Integration","","","","","","","","","","","","","","","","","","0.158","0","2.415","0.286","1.971","","","","","","","2016-BASE_PROCUREMENT-2016-AIRFORCE_MISSILE-PROCUREMENT_JustificationBook_Air_Force_PB_2016.zzz_unzipped-PROCUREMENT_JustificationBook_Air_Force_PB_2016.xml","b7250a7bc654675ae44d6d62c2bb1e4e483647e362d5d04206595c9b29029aa8","6-602b48fe4e56694764d241772ea957af0d7be557762af9041643922f148c5d3f","1-66af2c74669ba1f9ca0c33310f39bb519bff02122d4258542693978dc9eb4384","root.record.ItemExhibitList.P5Item"
"HEO 3-4 Obsolescence Non-Recurring","","","","","","","","","","","","","","","","","","155.384","0","155.384","","","","","","","","","2016-BASE_PROCUREMENT-2016-AIRFORCE_MISSILE-PROCUREMENT_JustificationBook_Air_Force_PB_2016.zzz_unzipped-PROCUREMENT_JustificationBook_Air_Force_PB_2016.xml","b7250a7bc654675ae44d6d62c2bb1e4e483647e362d5d04206595c9b29029aa8","0-500ebff1ff0a8f44dec54d6e149e981e6228e83289bff7c0d789f66a7862f25c","2-3e6e542f3d78fd139e7207cae8a21fdb821562d5e6687a74e8d550b45e074669","root.record.ItemExhibitList.P5Item"
"HEO 3-4 Launch Vehicle and Range Integration","","","","","","","","","","","","","","","","","","3.371","0","3.603","","0.232","","","","","","","2016-BASE_PROCUREMENT-2016-AIRFORCE_MISSILE-PROCUREMENT_JustificationBook_Air_Force_PB_2016.zzz_unzipped-PROCUREMENT_JustificationBook_Air_Force_PB_2016.xml","b7250a7bc654675ae44d6d62c2bb1e4e483647e362d5d04206595c9b29029aa8","1-0bacf76abefa352fac722d5770feb4d17698846e37c692e3b51d54252d7cf2de","2-3e6e542f3d78fd139e7207cae8a21fdb821562d5e6687a74e8d550b45e074669","root.record.ItemExhibitList.P5Item"
"GEO 3-4 Obsolescence Non-Recurring","","","","","","","","","","","","","","","","","","438.772","0","438.772","","","","","","","","","2016-BASE_PROCUREMENT-2016-AIRFORCE_MISSILE-PROCUREMENT_MasterJustificationBook_Air_Force_PB_2016.zzz_unzipped-PROCUREMENT_MasterJustificationBook_Air_Force_PB_2016.xml","c2682d49efaf19193dea2762b72643b49faaa2c67e9ab748e3149c7c25e9e852","0-96efdce7704900ae0544372e356ef4f0f3558f24338eea05c14ad2b6c8681284","0-cd098211bc52a023acdbb9d193f45dc3e7ae6012e80b5576df711df6c589d8c5","root.record.ItemExhibitList.P5Item"
"GEO 3-4 Launch Vehicle and Range Integration","","","","","","","","","","","","","","","","","","1.807","0","12.838","4.284","6.747","","","","","","","2016-BASE_PROCUREMENT-2016-AIRFORCE_MISSILE-PROCUREMENT_MasterJustificationBook_Air_Force_PB_2016.zzz_unzipped-PROCUREMENT_MasterJustificationBook_Air_Force_PB_2016.xml","c2682d49efaf19193dea2762b72643b49faaa2c67e9ab748e3149c7c25e9e852","1-d3180892367f087780ddab09bcc0c97fbd78a6bde7fac645856086c3f0d7c07d","0-cd098211bc52a023acdbb9d193f45dc3e7ae6012e80b5576df711df6c589d8c5","root.record.ItemExhibitList.P5Item"
"GEO 5-6 Obsolescence Non-Recurring","","","","","","","","","","","","","","","","","","461.824","0","599.227","77.942","59.461","","","","","","","2016-BASE_PROCUREMENT-2016-AIRFORCE_MISSILE-PROCUREMENT_MasterJustificationBook_Air_Force_PB_2016.zzz_unzipped-PROCUREMENT_MasterJustificationBook_Air_Force_PB_2016.xml","c2682d49efaf19193dea2762b72643b49faaa2c67e9ab748e3149c7c25e9e852","0-fcbee0c776646e23d8d3f6e5c28b0c93161fa6f8ef946a82f61ebcd62bdc928c","1-9e5cac4d7a7199c968c688e1f3bc6d538b699e752f24aa8b3a1134c8c3b2cc1e","root.record.ItemExhibitList.P5Item"
"FY14 Incremental Funding","","","","","","","","","","","","","","","","","","-77.942","0","-77.942","","","","","","","","","2016-BASE_PROCUREMENT-2016-AIRFORCE_MISSILE-PROCUREMENT_MasterJustificationBook_Air_Force_PB_2016.zzz_unzipped-PROCUREMENT_MasterJustificationBook_Air_Force_PB_2016.xml","c2682d49efaf19193dea2762b72643b49faaa2c67e9ab748e3149c7c25e9e852","1-5b5416e498ccb83291a0b8a26b9a942b49bd930cc9d0315c444d1c7313a4d9f9","1-9e5cac4d7a7199c968c688e1f3bc6d538b699e752f24aa8b3a1134c8c3b2cc1e","root.record.ItemExhibitList.P5Item"
"FY15 Incremental Funding","","","","","","","","","","","","","","","","","","-59.461","0","-59.461","","","","","","","","","2016-BASE_PROCUREMENT-2016-AIRFORCE_MISSILE-PROCUREMENT_MasterJustificationBook_Air_Force_PB_2016.zzz_unzipped-PROCUREMENT_MasterJustificationBook_Air_Force_PB_2016.xml","c2682d49efaf19193dea2762b72643b49faaa2c67e9ab748e3149c7c25e9e852","2-839ba4cf835e75f6acefa73b5f87be992710dea2c369866b8165fa19a3bcec31","1-9e5cac4d7a7199c968c688e1f3bc6d538b699e752f24aa8b3a1134c8c3b2cc1e","root.record.ItemExhibitList.P5Item"
"FY16 Incremental Funding (3021)","","","","","","","","","","","","","","","","","","-25.508","0","-25.508","","","","","","","","","2016-BASE_PROCUREMENT-2016-AIRFORCE_MISSILE-PROCUREMENT_MasterJustificationBook_Air_Force_PB_2016.zzz_unzipped-PROCUREMENT_MasterJustificationBook_Air_Force_PB_2016.xml","c2682d49efaf19193dea2762b72643b49faaa2c67e9ab748e3149c7c25e9e852","3-65d26ad131324cf32d25cfcc579e68bf5d43698b7e40f407451b143d7bc112e2","1-9e5cac4d7a7199c968c688e1f3bc6d538b699e752f24aa8b3a1134c8c3b2cc1e","root.record.ItemExhibitList.P5Item"
"FY17 Incremental Funding (3021)","","","","","","","","","","","","","","","","","","-13.235","0","-13.235","","","","","","","","","2016-BASE_PROCUREMENT-2016-AIRFORCE_MISSILE-PROCUREMENT_MasterJustificationBook_Air_Force_PB_2016.zzz_unzipped-PROCUREMENT_MasterJustificationBook_Air_Force_PB_2016.xml","c2682d49efaf19193dea2762b72643b49faaa2c67e9ab748e3149c7c25e9e852","4-c829e162ce47aebd141c5c94f9502871052a15e7261772a761989216ed979572","1-9e5cac4d7a7199c968c688e1f3bc6d538b699e752f24aa8b3a1134c8c3b2cc1e","root.record.ItemExhibitList.P5Item"
"FY18 Incremental Funding (3021)","","","","","","","","","","","","","","","","","","-4.712","0","-4.712","","","","","","","","","2016-BASE_PROCUREMENT-2016-AIRFORCE_MISSILE-PROCUREMENT_MasterJustificationBook_Air_Force_PB_2016.zzz_unzipped-PROCUREMENT_MasterJustificationBook_Air_Force_PB_2016.xml","c2682d49efaf19193dea2762b72643b49faaa2c67e9ab748e3149c7c25e9e852","5-8c72df770f02d2894296ce8d55ec155a2826ea130117af2be6b2ae4590f98c2d","1-9e5cac4d7a7199c968c688e1f3bc6d538b699e752f24aa8b3a1134c8c3b2cc1e","root.record.ItemExhibitList.P5Item"
"GEO 5-6 Launch Vehicle and Range Integration","","","","","","","","","","","","","","","","","","0.158","0","2.415","0.286","1.971","","","","","","","2016-BASE_PROCUREMENT-2016-AIRFORCE_MISSILE-PROCUREMENT_MasterJustificationBook_Air_Force_PB_2016.zzz_unzipped-PROCUREMENT_MasterJustificationBook_Air_Force_PB_2016.xml","c2682d49efaf19193dea2762b72643b49faaa2c67e9ab748e3149c7c25e9e852","6-02c600b15068075d59bbde2828c77635b0b0bfe112b24c10d62359b1dacfae38","1-9e5cac4d7a7199c968c688e1f3bc6d538b699e752f24aa8b3a1134c8c3b2cc1e","root.record.ItemExhibitList.P5Item"
"HEO 3-4 Obsolescence Non-Recurring","","","","","","","","","","","","","","","","","","155.384","0","155.384","","","","","","","","","2016-BASE_PROCUREMENT-2016-AIRFORCE_MISSILE-PROCUREMENT_MasterJustificationBook_Air_Force_PB_2016.zzz_unzipped-PROCUREMENT_MasterJustificationBook_Air_Force_PB_2016.xml","c2682d49efaf19193dea2762b72643b49faaa2c67e9ab748e3149c7c25e9e852","0-801946883a2e85d2f938baee9eadcdf4088a8fefe8bf29c766a940477e957843","2-784bb13c3a20535e07c66b3c0fbc446712884b96f0e3adf51db3ad91c162b4d3","root.record.ItemExhibitList.P5Item"
"HEO 3-4 Launch Vehicle and Range Integration","","","","","","","","","","","","","","","","","","3.371","0","3.603","","0.232","","","","","","","2016-BASE_PROCUREMENT-2016-AIRFORCE_MISSILE-PROCUREMENT_MasterJustificationBook_Air_Force_PB_2016.zzz_unzipped-PROCUREMENT_MasterJustificationBook_Air_Force_PB_2016.xml","c2682d49efaf19193dea2762b72643b49faaa2c67e9ab748e3149c7c25e9e852","1-b72b25cb804c8a6d0da6ceacd612cb1c77d0380afa51834a976423a7bf3da2ba","2-784bb13c3a20535e07c66b3c0fbc446712884b96f0e3adf51db3ad91c162b4d3","root.record.ItemExhibitList.P5Item"
"GPS III SV11+ Non Recurring Engineering (NRE)","","","","","","","","","","","","","","","","","","","0","287.3","","","","","","202.2","85.1","","2016-BASE_PROCUREMENT-2016-AIRFORCE_SPACE-PROCUREMENT_JustificationBook_Air_Force_PB_2016.zzz_unzipped-PROCUREMENT_JustificationBook_Air_Force_PB_2016.xml","678e9f85d37c485a8e95cf2f19be22938c446e29fa4a202f939bb30848017f66","0-25b0bc3a80e9411e491646c64fc0c547dbd39c77eb0d51c3b1a35dccc944d7bc","0-2fc51b473e7be8673471ec491aa1d3842856c6bbc3c14c8c0824aff142ff8d9c","root.record.ItemExhibitList.P5Item"
"GEO 3-4 Obsolescence Non-Recurring","","","","","","","","","","","","","","","","","","0","0","0","","","","","","","","","2016-BASE_PROCUREMENT-2016-AIRFORCE_SPACE-PROCUREMENT_JustificationBook_Air_Force_PB_2016.zzz_unzipped-PROCUREMENT_JustificationBook_Air_Force_PB_2016.xml","287b62771054d0f13cd631e4cc2a4355b1a7900fa72ee0f32c62ae772146f461","0-7187aa67976505a7ba9ad5b094bebf24cbe7f4fcd6a324264d790f4bc6d004e6","0-60b2f6ec297490dcc0b583a8b2074c278ad40e937d70f9c8f0505645fc07f478","root.record.ItemExhibitList.P5Item"
"GEO 3-4 Launch Vehicle and Range Integration","","","","","","","","","","","","","","","","","","","0","16.621","","","8.317","8.317","7.178","1.126","","","2016-BASE_PROCUREMENT-2016-AIRFORCE_SPACE-PROCUREMENT_JustificationBook_Air_Force_PB_2016.zzz_unzipped-PROCUREMENT_JustificationBook_Air_Force_PB_2016.xml","287b62771054d0f13cd631e4cc2a4355b1a7900fa72ee0f32c62ae772146f461","1-8b88c2dce5d70fd3a5473984db928ea362b3da4745bf2824c0beae312336a239","0-60b2f6ec297490dcc0b583a8b2074c278ad40e937d70f9c8f0505645fc07f478","root.record.ItemExhibitList.P5Item"
"GEO 5-6 Obsolescence Non-Recurring","","","","","","","","","","","","","","","","","","","0","43.455","","","25.508","25.508","13.235","4.712","","","2016-BASE_PROCUREMENT-2016-AIRFORCE_SPACE-PROCUREMENT_JustificationBook_Air_Force_PB_2016.zzz_unzipped-PROCUREMENT_JustificationBook_Air_Force_PB_2016.xml","287b62771054d0f13cd631e4cc2a4355b1a7900fa72ee0f32c62ae772146f461","0-80dc0cecd5fb78b62268a0fe7eb03966138bb29055088373824a05f9fbff1a4d","1-c3d44c7d3bc6fd98c11ac868daf8ed6b6dd71441d4156e461edc40a45031e27d","root.record.ItemExhibitList.P5Item"
"GEO 5-6 Launch Vehicle and Range Integration","","","","","","","","","","","","","","","","","","","5.08","71.594","","","11.922","11.922","10.168","37.001","1.673","5.75","2016-BASE_PROCUREMENT-2016-AIRFORCE_SPACE-PROCUREMENT_JustificationBook_Air_Force_PB_2016.zzz_unzipped-PROCUREMENT_JustificationBook_Air_Force_PB_2016.xml","287b62771054d0f13cd631e4cc2a4355b1a7900fa72ee0f32c62ae772146f461","1-42ae3471571e751a1c5ef576680a7271f0a63b5040a4af23e974af58612b1235","1-c3d44c7d3bc6fd98c11ac868daf8ed6b6dd71441d4156e461edc40a45031e27d","root.record.ItemExhibitList.P5Item"
"HEO 3-4 Obsolescence Non-Recurring","","","","","","","","","","","","","","","","","","0","0","0","","","","","","","","","2016-BASE_PROCUREMENT-2016-AIRFORCE_SPACE-PROCUREMENT_JustificationBook_Air_Force_PB_2016.zzz_unzipped-PROCUREMENT_JustificationBook_Air_Force_PB_2016.xml","287b62771054d0f13cd631e4cc2a4355b1a7900fa72ee0f32c62ae772146f461","0-54045dfca6fad6d7c0c5666d77d48b862a6cab21cc1b46e8f3e90afbda1042ef","2-dd3fcb2fb8a90eef627b1fc5d1f0263b89c6fb0ec368a4fb9d0ebef6511f9eac","root.record.ItemExhibitList.P5Item"
"HEO 3-4 Launch Vehicle and Range Integration","","","","","","","","","","","","","","","","","","0","0","0","","","","","","","","","2016-BASE_PROCUREMENT-2016-AIRFORCE_SPACE-PROCUREMENT_JustificationBook_Air_Force_PB_2016.zzz_unzipped-PROCUREMENT_JustificationBook_Air_Force_PB_2016.xml","287b62771054d0f13cd631e4cc2a4355b1a7900fa72ee0f32c62ae772146f461","1-74d87c0be3b5e22aa016378a370b198138d05ca94cbf169f0e7a3d9bd2eb83d2","2-dd3fcb2fb8a90eef627b1fc5d1f0263b89c6fb0ec368a4fb9d0ebef6511f9eac","root.record.ItemExhibitList.P5Item"
"GPS III SV11+ Non Recurring Engineering (NRE)","","","","","","","","","","","","","","","","","","","0","287.3","","","","","","202.2","85.1","","2016-BASE_PROCUREMENT-2016-AIRFORCE_SPACE-PROCUREMENT_MasterJustificationBook_Air_Force_PB_2016.zzz_unzipped-PROCUREMENT_MasterJustificationBook_Air_Force_PB_2016.xml","c5a4557238b31f1521498953a3c7e3ef4b25abd540d107617a261a54274c2734","0-20f8abd32b61567167a15fbc0bb14808cbd07a598c53e3a39a57cdcd9808c0c5","0-2c44725f06807a53424bda041923573a359c955f216879fb37005582353db972","root.record.ItemExhibitList.P5Item"
"GEO 3-4 Obsolescence Non-Recurring","","","","","","","","","","","","","","","","","","0","0","0","","","","","","","","","2016-BASE_PROCUREMENT-2016-AIRFORCE_SPACE-PROCUREMENT_MasterJustificationBook_Air_Force_PB_2016.zzz_unzipped-PROCUREMENT_MasterJustificationBook_Air_Force_PB_2016.xml","f8d9619bd1899c8e2ae8e81d8b2b51cac6d373193ca0be49716a61749c39d71f","0-f2a8e29e5ba427d9d1f55867d6a216023824909a5efb370dc17547fb51db354e","0-8cf018096b5feedc65cbedc6b6a6c880433c776b92b35770fcfa9ca005d18c00","root.record.ItemExhibitList.P5Item"
"GEO 3-4 Launch Vehicle and Range Integration","","","","","","","","","","","","","","","","","","","0","16.621","","","8.317","8.317","7.178","1.126","","","2016-BASE_PROCUREMENT-2016-AIRFORCE_SPACE-PROCUREMENT_MasterJustificationBook_Air_Force_PB_2016.zzz_unzipped-PROCUREMENT_MasterJustificationBook_Air_Force_PB_2016.xml","f8d9619bd1899c8e2ae8e81d8b2b51cac6d373193ca0be49716a61749c39d71f","1-e9c060d0b39a771f0fdc00705b8d0c8b2e22dd16be941e5123467a166905a668","0-8cf018096b5feedc65cbedc6b6a6c880433c776b92b35770fcfa9ca005d18c00","root.record.ItemExhibitList.P5Item"
"GEO 5-6 Obsolescence Non-Recurring","","","","","","","","","","","","","","","","","","","0","43.455","","","25.508","25.508","13.235","4.712","","","2016-BASE_PROCUREMENT-2016-AIRFORCE_SPACE-PROCUREMENT_MasterJustificationBook_Air_Force_PB_2016.zzz_unzipped-PROCUREMENT_MasterJustificationBook_Air_Force_PB_2016.xml","f8d9619bd1899c8e2ae8e81d8b2b51cac6d373193ca0be49716a61749c39d71f","0-b44d1555e55912391216f3730298fea4d9a79abacca5aa4765f2e6fea9bacba0","1-e5dfd6ff7c9c7e4890785dd4a05cefdace49468d4182d3229b0acf8bd93d018f","root.record.ItemExhibitList.P5Item"
"GEO 5-6 Launch Vehicle and Range Integration","","","","","","","","","","","","","","","","","","","5.08","71.594","","","11.922","11.922","10.168","37.001","1.673","5.75","2016-BASE_PROCUREMENT-2016-AIRFORCE_SPACE-PROCUREMENT_MasterJustificationBook_Air_Force_PB_2016.zzz_unzipped-PROCUREMENT_MasterJustificationBook_Air_Force_PB_2016.xml","f8d9619bd1899c8e2ae8e81d8b2b51cac6d373193ca0be49716a61749c39d71f","1-51bf30417050e3746378194e4cb36deefbc1074305f3db40fc3c758490daed88","1-e5dfd6ff7c9c7e4890785dd4a05cefdace49468d4182d3229b0acf8bd93d018f","root.record.ItemExhibitList.P5Item"
"HEO 3-4 Obsolescence Non-Recurring","","","","","","","","","","","","","","","","","","0","0","0","","","","","","","","","2016-BASE_PROCUREMENT-2016-AIRFORCE_SPACE-PROCUREMENT_MasterJustificationBook_Air_Force_PB_2016.zzz_unzipped-PROCUREMENT_MasterJustificationBook_Air_Force_PB_2016.xml","f8d9619bd1899c8e2ae8e81d8b2b51cac6d373193ca0be49716a61749c39d71f","0-f2afcc60fddd02da856288ee035294f2d8de0dddacdb46661e90a2f6b1861a62","2-67a63424f8b8ec12b3be7daeaf783a2a4c800e25430cee4238f7bfe4f736c04e","root.record.ItemExhibitList.P5Item"
"HEO 3-4 Launch Vehicle and Range Integration","","","","","","","","","","","","","","","","","","0","0","0","","","","","","","","","2016-BASE_PROCUREMENT-2016-AIRFORCE_SPACE-PROCUREMENT_MasterJustificationBook_Air_Force_PB_2016.zzz_unzipped-PROCUREMENT_MasterJustificationBook_Air_Force_PB_2016.xml","f8d9619bd1899c8e2ae8e81d8b2b51cac6d373193ca0be49716a61749c39d71f","1-ed97a9592013c82a6e6a364278d89d38a1a97166e534fd8788e3a4c4974a60c7","2-67a63424f8b8ec12b3be7daeaf783a2a4c800e25430cee4238f7bfe4f736c04e","root.record.ItemExhibitList.P5Item"
"GEO 3-4 Obsolescence Non-Recurring","","","","","","","","","","","","","","","","","","450.511","0","450.511","","","","","","","","","2017-BASE_PROCUREMENT-2017-AIRFORCE_MISSILE-U_PROCUREMENT_JustificationBook_Air_Force_PB_2017.zzz_unzipped-U_PROCUREMENT_JustificationBook_Air_Force_PB_2017.xml","0044feba6c5f103dc52333af25237d8df99ab8495c014e88535cc38b2a15aca5","0-b20291a5b03894ed8d3f6f9cd393570b90d3ba55e547e490e0866d9d1fe72156","0-0ec7bbd5ec4ca848554234fb66439c8d47b6d10531a1172f0dfc5341ee0687f4","root.record.ItemExhibitList.P5Item"
"GEO 3-4 Launch Vehicle and Range Integration","","","","","","","","","","","","","","","","","","0.303","0","18.851","18.548","","","","","","","","2017-BASE_PROCUREMENT-2017-AIRFORCE_MISSILE-U_PROCUREMENT_JustificationBook_Air_Force_PB_2017.zzz_unzipped-U_PROCUREMENT_JustificationBook_Air_Force_PB_2017.xml","0044feba6c5f103dc52333af25237d8df99ab8495c014e88535cc38b2a15aca5","1-d205d18521ca5d9dd0bcdaf3660d81f97a0166c963619f7c4c23d0fd1fa3db93","0-0ec7bbd5ec4ca848554234fb66439c8d47b6d10531a1172f0dfc5341ee0687f4","root.record.ItemExhibitList.P5Item"
"GEO 5-6 Obsolescence Non-Recurring","","","","","","","","","","","","","","","","","","461.824","0","521.285","59.461","","","","","","","","2017-BASE_PROCUREMENT-2017-AIRFORCE_MISSILE-U_PROCUREMENT_JustificationBook_Air_Force_PB_2017.zzz_unzipped-U_PROCUREMENT_JustificationBook_Air_Force_PB_2017.xml","0044feba6c5f103dc52333af25237d8df99ab8495c014e88535cc38b2a15aca5","0-4e81e9a8cff65dac2b1fdff21693a8dccd1f88de7cc84e8f4825f7c42942377a","1-1cc36b117b308de2e7feffb0cd32e56436c52600f9f5f345549666717fc1d95e","root.record.ItemExhibitList.P5Item"
"FY15 Incremental Funding","","","","","","","","","","","","","","","","","","-59.461","0","-59.461","","","","","","","","","2017-BASE_PROCUREMENT-2017-AIRFORCE_MISSILE-U_PROCUREMENT_JustificationBook_Air_Force_PB_2017.zzz_unzipped-U_PROCUREMENT_JustificationBook_Air_Force_PB_2017.xml","0044feba6c5f103dc52333af25237d8df99ab8495c014e88535cc38b2a15aca5","1-f548935d58cae79082bbdca700711c837e95dabf0f57023935f9a0d36d144dd0","1-1cc36b117b308de2e7feffb0cd32e56436c52600f9f5f345549666717fc1d95e","root.record.ItemExhibitList.P5Item"
"FY16 Incremental Funding (3021)","","","","","","","","","","","","","","","","","","-25.508","0","-25.508","","","","","","","","","2017-BASE_PROCUREMENT-2017-AIRFORCE_MISSILE-U_PROCUREMENT_JustificationBook_Air_Force_PB_2017.zzz_unzipped-U_PROCUREMENT_JustificationBook_Air_Force_PB_2017.xml","0044feba6c5f103dc52333af25237d8df99ab8495c014e88535cc38b2a15aca5","2-a0e4f0838db11696927d38a8219e99be407557d775d070b895b00606a14bb27b","1-1cc36b117b308de2e7feffb0cd32e56436c52600f9f5f345549666717fc1d95e","root.record.ItemExhibitList.P5Item"
"FY17 Incremental Funding (3021)","","","","","","","","","","","","","","","","","","-13.235","0","-13.235","","","","","","","","","2017-BASE_PROCUREMENT-2017-AIRFORCE_MISSILE-U_PROCUREMENT_JustificationBook_Air_Force_PB_2017.zzz_unzipped-U_PROCUREMENT_JustificationBook_Air_Force_PB_2017.xml","0044feba6c5f103dc52333af25237d8df99ab8495c014e88535cc38b2a15aca5","3-7c5478e11adae83f3bc09ac5acb64e7b52b9cff4196122d330ab7db8809efb83","1-1cc36b117b308de2e7feffb0cd32e56436c52600f9f5f345549666717fc1d95e","root.record.ItemExhibitList.P5Item"
"FY18 Incremental Funding (3021)","","","","","","","","","","","","","","","","","","-4.712","0","-4.712","","","","","","","","","2017-BASE_PROCUREMENT-2017-AIRFORCE_MISSILE-U_PROCUREMENT_JustificationBook_Air_Force_PB_2017.zzz_unzipped-U_PROCUREMENT_JustificationBook_Air_Force_PB_2017.xml","0044feba6c5f103dc52333af25237d8df99ab8495c014e88535cc38b2a15aca5","4-67a6a1545ea7de2361e2c88ceb660ab0d299e0a6ad7b9a813f3b9ce0c83e537a","1-1cc36b117b308de2e7feffb0cd32e56436c52600f9f5f345549666717fc1d95e","root.record.ItemExhibitList.P5Item"
"GEO 5-6 Launch Vehicle and Range Integration","","","","","","","","","","","","","","","","","","0.286","0","0.836","0.55","","","","","","","","2017-BASE_PROCUREMENT-2017-AIRFORCE_MISSILE-U_PROCUREMENT_JustificationBook_Air_Force_PB_2017.zzz_unzipped-U_PROCUREMENT_JustificationBook_Air_Force_PB_2017.xml","0044feba6c5f103dc52333af25237d8df99ab8495c014e88535cc38b2a15aca5","5-c2f1ce803364cff6cb60c835d0f6d73036428b723a4fef5b75c0e6cd40669646","1-1cc36b117b308de2e7feffb0cd32e56436c52600f9f5f345549666717fc1d95e","root.record.ItemExhibitList.P5Item"
"HEO 3-4 Obsolescence Non-Recurring","","","","","","","","","","","","","","","","","","158.796","0","158.796","","","","","","","","","2017-BASE_PROCUREMENT-2017-AIRFORCE_MISSILE-U_PROCUREMENT_JustificationBook_Air_Force_PB_2017.zzz_unzipped-U_PROCUREMENT_JustificationBook_Air_Force_PB_2017.xml","0044feba6c5f103dc52333af25237d8df99ab8495c014e88535cc38b2a15aca5","0-5ff38cf679ceacd33362934eac0cd4caedff320c6a65f98574e22a83bd43cce4","2-215ae70696afa7b3dd3da919be3358853ae3e79ef1758c16f829ac0a85e3fe47","root.record.ItemExhibitList.P5Item"
"HEO 3-4 Launch Vehicle and Range Integration","","","","","","","","","","","","","","","","","","3.376","0","3.608","0.232","","","","","","","","2017-BASE_PROCUREMENT-2017-AIRFORCE_MISSILE-U_PROCUREMENT_JustificationBook_Air_Force_PB_2017.zzz_unzipped-U_PROCUREMENT_JustificationBook_Air_Force_PB_2017.xml","0044feba6c5f103dc52333af25237d8df99ab8495c014e88535cc38b2a15aca5","1-afcff6ee9d718729b2b3757819f1ddd319d0aa91fa10996e844e0fbd5dc81a8c","2-215ae70696afa7b3dd3da919be3358853ae3e79ef1758c16f829ac0a85e3fe47","root.record.ItemExhibitList.P5Item"
"GEO 3-4 Obsolescence Non-Recurring","","","","","","","","","","","","","","","","","","450.511","0","450.511","","","","","","","","","2017-BASE_PROCUREMENT-2017-AIRFORCE_MISSILE-U_PROCUREMENT_MasterJustificationBook_Air_Force_PB_2017.zzz_unzipped-U_PROCUREMENT_MasterJustificationBook_Air_Force_PB_2017.xml","ba076296aff15c2f2961886b84d8a001a53c229bc2b8cc2bff1bf90636aa7516","0-f8b9ae9172f63667e974938c3aa2b687cb454aec8e4c4df00ed222dd659802a1","0-06cf305bb4bbd81c41c875c284558fc130172ef95c985454f7f8537511ac5266","root.record.ItemExhibitList.P5Item"
"GEO 3-4 Launch Vehicle and Range Integration","","","","","","","","","","","","","","","","","","0.303","0","18.851","18.548","","","","","","","","2017-BASE_PROCUREMENT-2017-AIRFORCE_MISSILE-U_PROCUREMENT_MasterJustificationBook_Air_Force_PB_2017.zzz_unzipped-U_PROCUREMENT_MasterJustificationBook_Air_Force_PB_2017.xml","ba076296aff15c2f2961886b84d8a001a53c229bc2b8cc2bff1bf90636aa7516","1-4d926ab1150df1214a82b1b35c5557b0028db1e94b207bf3120dc6ecc8e16a33","0-06cf305bb4bbd81c41c875c284558fc130172ef95c985454f7f8537511ac5266","root.record.ItemExhibitList.P5Item"
"GEO 5-6 Obsolescence Non-Recurring","","","","","","","","","","","","","","","","","","461.824","0","521.285","59.461","","","","","","","","2017-BASE_PROCUREMENT-2017-AIRFORCE_MISSILE-U_PROCUREMENT_MasterJustificationBook_Air_Force_PB_2017.zzz_unzipped-U_PROCUREMENT_MasterJustificationBook_Air_Force_PB_2017.xml","ba076296aff15c2f2961886b84d8a001a53c229bc2b8cc2bff1bf90636aa7516","0-692352b25d5b89b6637782b1b581351b1546246a0e45fdae64cb88c2eb6ed15f","1-d33aae6267d54ae58f238368f892b5ff475ec2c799b38c2c3ee14b19a8104766","root.record.ItemExhibitList.P5Item"
"FY15 Incremental Funding","","","","","","","","","","","","","","","","","","-59.461","0","-59.461","","","","","","","","","2017-BASE_PROCUREMENT-2017-AIRFORCE_MISSILE-U_PROCUREMENT_MasterJustificationBook_Air_Force_PB_2017.zzz_unzipped-U_PROCUREMENT_MasterJustificationBook_Air_Force_PB_2017.xml","ba076296aff15c2f2961886b84d8a001a53c229bc2b8cc2bff1bf90636aa7516","1-2fb95be455e13b9bf0920ffd9a6516735bbb876a27d3a0054aa577a43f43d9f8","1-d33aae6267d54ae58f238368f892b5ff475ec2c799b38c2c3ee14b19a8104766","root.record.ItemExhibitList.P5Item"
"FY16 Incremental Funding (3021)","","","","","","","","","","","","","","","","","","-25.508","0","-25.508","","","","","","","","","2017-BASE_PROCUREMENT-2017-AIRFORCE_MISSILE-U_PROCUREMENT_MasterJustificationBook_Air_Force_PB_2017.zzz_unzipped-U_PROCUREMENT_MasterJustificationBook_Air_Force_PB_2017.xml","ba076296aff15c2f2961886b84d8a001a53c229bc2b8cc2bff1bf90636aa7516","2-8e0efa5e6bf1864ed47037ac32825426c17b5c3abe900e437c02187f107b571a","1-d33aae6267d54ae58f238368f892b5ff475ec2c799b38c2c3ee14b19a8104766","root.record.ItemExhibitList.P5Item"
"FY17 Incremental Funding (3021)","","","","","","","","","","","","","","","","","","-13.235","0","-13.235","","","","","","","","","2017-BASE_PROCUREMENT-2017-AIRFORCE_MISSILE-U_PROCUREMENT_MasterJustificationBook_Air_Force_PB_2017.zzz_unzipped-U_PROCUREMENT_MasterJustificationBook_Air_Force_PB_2017.xml","ba076296aff15c2f2961886b84d8a001a53c229bc2b8cc2bff1bf90636aa7516","3-9b2360e46d3eaa955fa225a6741f795193525b6b8fa2b6218dcf71c9eafa5f5a","1-d33aae6267d54ae58f238368f892b5ff475ec2c799b38c2c3ee14b19a8104766","root.record.ItemExhibitList.P5Item"
"FY18 Incremental Funding (3021)","","","","","","","","","","","","","","","","","","-4.712","0","-4.712","","","","","","","","","2017-BASE_PROCUREMENT-2017-AIRFORCE_MISSILE-U_PROCUREMENT_MasterJustificationBook_Air_Force_PB_2017.zzz_unzipped-U_PROCUREMENT_MasterJustificationBook_Air_Force_PB_2017.xml","ba076296aff15c2f2961886b84d8a001a53c229bc2b8cc2bff1bf90636aa7516","4-a8181b53a422eefdd794ef62b593ec3219fabcedffc80a9b3c3b8828e467ff91","1-d33aae6267d54ae58f238368f892b5ff475ec2c799b38c2c3ee14b19a8104766","root.record.ItemExhibitList.P5Item"
"GEO 5-6 Launch Vehicle and Range Integration","","","","","","","","","","","","","","","","","","0.286","0","0.836","0.55","","","","","","","","2017-BASE_PROCUREMENT-2017-AIRFORCE_MISSILE-U_PROCUREMENT_MasterJustificationBook_Air_Force_PB_2017.zzz_unzipped-U_PROCUREMENT_MasterJustificationBook_Air_Force_PB_2017.xml","ba076296aff15c2f2961886b84d8a001a53c229bc2b8cc2bff1bf90636aa7516","5-4179cdb8f8f2d1b2a2b138009742b07453214bd8388a135c1abb732a3828633e","1-d33aae6267d54ae58f238368f892b5ff475ec2c799b38c2c3ee14b19a8104766","root.record.ItemExhibitList.P5Item"
"HEO 3-4 Obsolescence Non-Recurring","","","","","","","","","","","","","","","","","","158.796","0","158.796","","","","","","","","","2017-BASE_PROCUREMENT-2017-AIRFORCE_MISSILE-U_PROCUREMENT_MasterJustificationBook_Air_Force_PB_2017.zzz_unzipped-U_PROCUREMENT_MasterJustificationBook_Air_Force_PB_2017.xml","ba076296aff15c2f2961886b84d8a001a53c229bc2b8cc2bff1bf90636aa7516","0-31137a6204bffc61030e71a1f32015da73d837c0f5a1d3ecb362ab77dc566517","2-76bd30aa1fc29547929c2cb822e8109ffcc390cbd15ef947b8e1ce0b95f4aa4f","root.record.ItemExhibitList.P5Item"
"HEO 3-4 Launch Vehicle and Range Integration","","","","","","","","","","","","","","","","","","3.376","0","3.608","0.232","","","","","","","","2017-BASE_PROCUREMENT-2017-AIRFORCE_MISSILE-U_PROCUREMENT_MasterJustificationBook_Air_Force_PB_2017.zzz_unzipped-U_PROCUREMENT_MasterJustificationBook_Air_Force_PB_2017.xml","ba076296aff15c2f2961886b84d8a001a53c229bc2b8cc2bff1bf90636aa7516","1-a51d4cd1f3a3738adbc0eea68def570d3d59d47686ce9633d7de4f82ce883979","2-76bd30aa1fc29547929c2cb822e8109ffcc390cbd15ef947b8e1ce0b95f4aa4f","root.record.ItemExhibitList.P5Item"
"GEO 3-4 Obsolescence Non-Recurring","","","","","","","","","","","","","","","","","","0","0","0","","","","","","","","","2017-BASE_PROCUREMENT-2017-AIRFORCE_SPACE-U_PROCUREMENT_JustificationBook_Air_Force_PB_2017.zzz_unzipped-U_PROCUREMENT_JustificationBook_Air_Force_PB_2017.xml","47a5432172342821db8a8588f41755940326caa43b9180a0dbf6bec4e452e639","0-e422b08b5427c4be68443b41e983f7428561a653c835dee93f698a318338731f","0-a6b546ef4a2def79c2ca024d92baadfbc870fdff352ef20ca634cda8de779422","root.record.ItemExhibitList.P5Item"
"GEO 3-4 Launch Vehicle and Range Integration","","","","","","","","","","","","","","","","","","","0","45.418","","6.813","30.539","30.539","8.066","","","","2017-BASE_PROCUREMENT-2017-AIRFORCE_SPACE-U_PROCUREMENT_JustificationBook_Air_Force_PB_2017.zzz_unzipped-U_PROCUREMENT_JustificationBook_Air_Force_PB_2017.xml","47a5432172342821db8a8588f41755940326caa43b9180a0dbf6bec4e452e639","1-e6b157ce1155f431f1eab6608f678d05a2ad5a1cbe731834bdec0ca2ca2d7b59","0-a6b546ef4a2def79c2ca024d92baadfbc870fdff352ef20ca634cda8de779422","root.record.ItemExhibitList.P5Item"
"GEO 5-6 Obsolescence Non-Recurring","","","","","","","","","","","","","","","","","","","0","43.455","","25.508","13.235","13.235","4.712","","","","2017-BASE_PROCUREMENT-2017-AIRFORCE_SPACE-U_PROCUREMENT_JustificationBook_Air_Force_PB_2017.zzz_unzipped-U_PROCUREMENT_JustificationBook_Air_Force_PB_2017.xml","47a5432172342821db8a8588f41755940326caa43b9180a0dbf6bec4e452e639","0-fea7d99cf8ea2729f184b866e72945f1bdff9a060aca6a396fbb69e9a018d93b","1-d6d24d5432ab7bd125dd39c01225bd1c4f6b004e41ac57305a9ec84e389c0fc4","root.record.ItemExhibitList.P5Item"
"GEO 5-6 Launch Vehicle and Range Integration","","","","","","","","","","","","","","","","","","","0","71.396","","0","2.13","2.13","27.835","3.643","16.753","21.035","2017-BASE_PROCUREMENT-2017-AIRFORCE_SPACE-U_PROCUREMENT_JustificationBook_Air_Force_PB_2017.zzz_unzipped-U_PROCUREMENT_JustificationBook_Air_Force_PB_2017.xml","47a5432172342821db8a8588f41755940326caa43b9180a0dbf6bec4e452e639","1-90b7e44d9a853533d7175f5714768ae563291117d597e22c68dd694fd79b4e87","1-d6d24d5432ab7bd125dd39c01225bd1c4f6b004e41ac57305a9ec84e389c0fc4","root.record.ItemExhibitList.P5Item"
"HEO 3-4 Obsolescence Non-Recurring","","","","","","","","","","","","","","","","","","0","0","0","","","","","","","","","2017-BASE_PROCUREMENT-2017-AIRFORCE_SPACE-U_PROCUREMENT_JustificationBook_Air_Force_PB_2017.zzz_unzipped-U_PROCUREMENT_JustificationBook_Air_Force_PB_2017.xml","47a5432172342821db8a8588f41755940326caa43b9180a0dbf6bec4e452e639","0-faab60d6853ccb80161021aae34ff4f0062038a088ce73fef01d963c7554c80a","2-22d13cc82a975dbb6c6432988507f20e8b2a3db3488e1b0124bc22be14e24bac","root.record.ItemExhibitList.P5Item"
"HEO 3-4 Launch Vehicle and Range Integration","","","","","","","","","","","","","","","","","","0","0","0","","","","","","","","","2017-BASE_PROCUREMENT-2017-AIRFORCE_SPACE-U_PROCUREMENT_JustificationBook_Air_Force_PB_2017.zzz_unzipped-U_PROCUREMENT_JustificationBook_Air_Force_PB_2017.xml","47a5432172342821db8a8588f41755940326caa43b9180a0dbf6bec4e452e639","1-f19e1bcca7394e52b0484494f3948a3501469c727fe22c80b4c657600043ff7d","2-22d13cc82a975dbb6c6432988507f20e8b2a3db3488e1b0124bc22be14e24bac","root.record.ItemExhibitList.P5Item"
"GPS III NRE","","","","","","","","","","","","","","","","","","","132.409","683.697","","","","","178.715","225.963","136.204","10.406","2017-BASE_PROCUREMENT-2017-AIRFORCE_SPACE-U_PROCUREMENT_JustificationBook_Air_Force_PB_2017.zzz_unzipped-U_PROCUREMENT_JustificationBook_Air_Force_PB_2017.xml","ac7f5f0c477ea2e319b9718d793e60f8044918482b7746f84839bc5fb8abfd6c","0-90a868dfe389cd7dbc0edc6347d39700196477a975608c8d99ba597a3982c7ce","0-0430b86d111333d193efd3ac9bb438359a832c281858e00351553d2a9b4d7c0b","root.record.ItemExhibitList.P5Item"
"GEO 3-4 Obsolescence Non-Recurring","","","","","","","","","","","","","","","","","","0","0","0","","","","","","","","","2017-BASE_PROCUREMENT-2017-AIRFORCE_SPACE-U_PROCUREMENT_MasterJustificationBook_Air_Force_PB_2017.zzz_unzipped-U_PROCUREMENT_MasterJustificationBook_Air_Force_PB_2017.xml","ca5cd995b42dacb4743c610e3e1e282ffec8e42efa472de7418cbaa013fae1dd","0-7076cbf10ea1acce670eb652b71a52de594330cb2b62f4d6278b977c6d5a83f3","0-663d62ba0e6dcb384dacbe983eb7ddabc2fcaec3ab79ad404e2e0bb0ba3e9549","root.record.ItemExhibitList.P5Item"
"GEO 3-4 Launch Vehicle and Range Integration","","","","","","","","","","","","","","","","","","","0","45.418","","6.813","30.539","30.539","8.066","","","","2017-BASE_PROCUREMENT-2017-AIRFORCE_SPACE-U_PROCUREMENT_MasterJustificationBook_Air_Force_PB_2017.zzz_unzipped-U_PROCUREMENT_MasterJustificationBook_Air_Force_PB_2017.xml","ca5cd995b42dacb4743c610e3e1e282ffec8e42efa472de7418cbaa013fae1dd","1-6a2a7b30ba87c39c9fcee89b04501979c22d4bbb5b537018f45dd3ed6bb97334","0-663d62ba0e6dcb384dacbe983eb7ddabc2fcaec3ab79ad404e2e0bb0ba3e9549","root.record.ItemExhibitList.P5Item"
"GEO 5-6 Obsolescence Non-Recurring","","","","","","","","","","","","","","","","","","","0","43.455","","25.508","13.235","13.235","4.712","","","","2017-BASE_PROCUREMENT-2017-AIRFORCE_SPACE-U_PROCUREMENT_MasterJustificationBook_Air_Force_PB_2017.zzz_unzipped-U_PROCUREMENT_MasterJustificationBook_Air_Force_PB_2017.xml","ca5cd995b42dacb4743c610e3e1e282ffec8e42efa472de7418cbaa013fae1dd","0-698a5eeffa8995c33bdb73da51c07e96b1600231024306a09c618da89f88add6","1-9a40eeaa715f02c42c2b2e7f793fe7e49b093448ee955ba32324201ccab2cacf","root.record.ItemExhibitList.P5Item"
"GEO 5-6 Launch Vehicle and Range Integration","","","","","","","","","","","","","","","","","","","0","71.396","","0","2.13","2.13","27.835","3.643","16.753","21.035","2017-BASE_PROCUREMENT-2017-AIRFORCE_SPACE-U_PROCUREMENT_MasterJustificationBook_Air_Force_PB_2017.zzz_unzipped-U_PROCUREMENT_MasterJustificationBook_Air_Force_PB_2017.xml","ca5cd995b42dacb4743c610e3e1e282ffec8e42efa472de7418cbaa013fae1dd","1-160c6c901b65370ba34f728c9d446ea1f57fe5252d771e4817b5c4ca7f3ced3e","1-9a40eeaa715f02c42c2b2e7f793fe7e49b093448ee955ba32324201ccab2cacf","root.record.ItemExhibitList.P5Item"
"HEO 3-4 Obsolescence Non-Recurring","","","","","","","","","","","","","","","","","","0","0","0","","","","","","","","","2017-BASE_PROCUREMENT-2017-AIRFORCE_SPACE-U_PROCUREMENT_MasterJustificationBook_Air_Force_PB_2017.zzz_unzipped-U_PROCUREMENT_MasterJustificationBook_Air_Force_PB_2017.xml","ca5cd995b42dacb4743c610e3e1e282ffec8e42efa472de7418cbaa013fae1dd","0-444cecf9b39545b8de089ff44f98f83e1b3d8a5cd6b1d6652210b2d4db377adf","2-ed1d907ecdd6f9ac677189c390438fa5e702a8ff198169197192ee0c09245ee0","root.record.ItemExhibitList.P5Item"
"HEO 3-4 Launch Vehicle and Range Integration","","","","","","","","","","","","","","","","","","0","0","0","","","","","","","","","2017-BASE_PROCUREMENT-2017-AIRFORCE_SPACE-U_PROCUREMENT_MasterJustificationBook_Air_Force_PB_2017.zzz_unzipped-U_PROCUREMENT_MasterJustificationBook_Air_Force_PB_2017.xml","ca5cd995b42dacb4743c610e3e1e282ffec8e42efa472de7418cbaa013fae1dd","1-7575441df071ea3981472cc5234387b64ee767439e96ec97f755797eaafcf522","2-ed1d907ecdd6f9ac677189c390438fa5e702a8ff198169197192ee0c09245ee0","root.record.ItemExhibitList.P5Item"
"GPS III NRE","","","","","","","","","","","","","","","","","","","132.409","683.697","","","","","178.715","225.963","136.204","10.406","2017-BASE_PROCUREMENT-2017-AIRFORCE_SPACE-U_PROCUREMENT_MasterJustificationBook_Air_Force_PB_2017.zzz_unzipped-U_PROCUREMENT_MasterJustificationBook_Air_Force_PB_2017.xml","d04d697926aa20f016e2010f3f7bb3fa4c373c6c6702c3ad57975bf59074690f","0-04f6cbd3857f7bb790c4c30fb8c56afb7834bdb70b6a31f796121e7eed207e72","0-f9114a34218fa9bb54db8fb7483141d87d8e3aa1a8f67cdebd354903e73da2b8","root.record.ItemExhibitList.P5Item"
"Enterprise SE&I","","","","","","","","","","","","","","","","","","","","","2.302","1.479","","","","","","","2018-BASE_PROCUREMENT-2018-AIRFORCE_SPACE-U_PROCUREMENT_JustificationBook_Air_Force_PB_2018.zzz_unzipped-U_PROCUREMENT_JustificationBook_Air_Force_PB_2018.xml","b09f2a395e28d75920d06a2c4357d3e9862bc725f2eb538802dab0e8246d6e81","0-53fb91779e3601afd77b8200a847cd6b10bb99676da974370b5c98f6226be29d","0-0ed5d2b7921743aaf0b5a0ea3f0e2fc35b679d6fcd9fad876272e2f47a4b87fe","root.record.ItemExhibitList.P5Item"
"Technical Mission Analysis (WS)","","","","","","","","","","","","","","","","","","","","","10","10.764","","","","","","","2018-BASE_PROCUREMENT-2018-AIRFORCE_SPACE-U_PROCUREMENT_JustificationBook_Air_Force_PB_2018.zzz_unzipped-U_PROCUREMENT_JustificationBook_Air_Force_PB_2018.xml","b09f2a395e28d75920d06a2c4357d3e9862bc725f2eb538802dab0e8246d6e81","1-252c81a0eb5040b15f3da6141b4f6ded46dff9c55a8049ed07c81de22f261dc5","0-0ed5d2b7921743aaf0b5a0ea3f0e2fc35b679d6fcd9fad876272e2f47a4b87fe","root.record.ItemExhibitList.P5Item"
"GEO 3-4 Obsolescence Non-Recurring","","","","","","","","","","","","","","","","","","","","","0","","","","","","","","2018-BASE_PROCUREMENT-2018-AIRFORCE_SPACE-U_PROCUREMENT_JustificationBook_Air_Force_PB_2018.zzz_unzipped-U_PROCUREMENT_JustificationBook_Air_Force_PB_2018.xml","349c370ac6bc97a5ad160143ded991d0d22dea7de2bf966fd5e97c39409da319","0-04ae1224886debb363b202d9565d82d0d902e6533925b553254e2da15f8239df","0-a6c31d5907d3ba0b47dbe2404366e779a548bea427cb58e9009538fcc3d0b21a","root.record.ItemExhibitList.P5Item"
"GEO 3-4 Launch Vehicle and Range Integration","","","","","","","","","","","","","","","","","","","","","3.145","10.149","3.684","3.684","","","","","2018-BASE_PROCUREMENT-2018-AIRFORCE_SPACE-U_PROCUREMENT_JustificationBook_Air_Force_PB_2018.zzz_unzipped-U_PROCUREMENT_JustificationBook_Air_Force_PB_2018.xml","349c370ac6bc97a5ad160143ded991d0d22dea7de2bf966fd5e97c39409da319","1-504c7cbfc51475b2732a776aca55e4be5df95805950be5d2c8d9d9755c0a123a","0-a6c31d5907d3ba0b47dbe2404366e779a548bea427cb58e9009538fcc3d0b21a","root.record.ItemExhibitList.P5Item"
"GEO 5-6 Obsolescence Non-Recurring","","","","","","","","","","","","","","","","","","","","","26.908","13.235","4.712","4.712","","","","","2018-BASE_PROCUREMENT-2018-AIRFORCE_SPACE-U_PROCUREMENT_JustificationBook_Air_Force_PB_2018.zzz_unzipped-U_PROCUREMENT_JustificationBook_Air_Force_PB_2018.xml","349c370ac6bc97a5ad160143ded991d0d22dea7de2bf966fd5e97c39409da319","0-33411eda82c5159d0634723ebf3a1e730581704625a33d26a3f91ad5abe7cdad","1-3f45f2146eb06b7d3fc36d96f9a205149586c5b5f710ffdf5a4a5b6b265286e5","root.record.ItemExhibitList.P5Item"
"GEO 5-6 Launch Vehicle and Range Integration","","","","","","","","","","","","","","","","","","","","","1.223","1.13","28.921","28.921","","","","","2018-BASE_PROCUREMENT-2018-AIRFORCE_SPACE-U_PROCUREMENT_JustificationBook_Air_Force_PB_2018.zzz_unzipped-U_PROCUREMENT_JustificationBook_Air_Force_PB_2018.xml","349c370ac6bc97a5ad160143ded991d0d22dea7de2bf966fd5e97c39409da319","1-e6f1b67314cfd25657a02ea655bb3d9e51a40604366f26ccb378605ef83d16d3","1-3f45f2146eb06b7d3fc36d96f9a205149586c5b5f710ffdf5a4a5b6b265286e5","root.record.ItemExhibitList.P5Item"
"HEO 3-4 Obsolescence Non-Recurring","","","","","","","","","","","","","","","","","","0","","","","","","","","","","","2018-BASE_PROCUREMENT-2018-AIRFORCE_SPACE-U_PROCUREMENT_JustificationBook_Air_Force_PB_2018.zzz_unzipped-U_PROCUREMENT_JustificationBook_Air_Force_PB_2018.xml","349c370ac6bc97a5ad160143ded991d0d22dea7de2bf966fd5e97c39409da319","0-ee5435aae0f21894305fb4186a4d9c8e909978fdeb67a070432637f60cbffda5","3-9a73be7880e51aec9472d8f66d359e1d4fef093cd00246188cec8fdeeb7bfe19","root.record.ItemExhibitList.P5Item"
"HEO 3-4 Launch Vehicle and Range Integration","","","","","","","","","","","","","","","","","","0","","","","","","","","","","","2018-BASE_PROCUREMENT-2018-AIRFORCE_SPACE-U_PROCUREMENT_JustificationBook_Air_Force_PB_2018.zzz_unzipped-U_PROCUREMENT_JustificationBook_Air_Force_PB_2018.xml","349c370ac6bc97a5ad160143ded991d0d22dea7de2bf966fd5e97c39409da319","1-6235899efdc040b76d8cabcfabf663381ca5de6d892de21c8bf8bc21370a40e6","3-9a73be7880e51aec9472d8f66d359e1d4fef093cd00246188cec8fdeeb7bfe19","root.record.ItemExhibitList.P5Item"
"GPS III SV 11+ NRE","","","","","","","","","","","","","","","","","","","","","0","0","0","0","","","","","2018-BASE_PROCUREMENT-2018-AIRFORCE_SPACE-U_PROCUREMENT_JustificationBook_Air_Force_PB_2018.zzz_unzipped-U_PROCUREMENT_JustificationBook_Air_Force_PB_2018.xml","685626bcbd517b62bc34139b0037af2fa425781e225839e5bac66f2ba9c9171f","0-04590490e43b5ace163e8889be14e71713346f3d82538ad9d7c5e59bb142444c","0-26d0d329daf5220fd324a33ccc4aa28f5f4fe920df0eed898cbe6b68633530ab","root.record.ItemExhibitList.P5Item"
"Enterprise SE&I","","","","","","","","","","","","","","","","","","","","","2.302","1.479","","","","","","","2018-BASE_PROCUREMENT-2018-AIRFORCE_SPACE-U_PROCUREMENT_MasterJustificationBook_Air_Force_PB_2018.zzz_unzipped-U_PROCUREMENT_MasterJustificationBook_Air_Force_PB_2018.xml","e4bec6db9d02385ec49054265b3ce2d2777aa09e7e74c1d283af7d04ed073896","0-e5d735eadff349621af5bd6e4000cb6535cf292ca81babc497be0c5a6e83fa58","0-29010147cd868fab261eaff6047f40b89efdcaf1b45dfee27277f900f77d4aa1","root.record.ItemExhibitList.P5Item"
"Technical Mission Analysis (WS)","","","","","","","","","","","","","","","","","","","","","10","10.764","","","","","","","2018-BASE_PROCUREMENT-2018-AIRFORCE_SPACE-U_PROCUREMENT_MasterJustificationBook_Air_Force_PB_2018.zzz_unzipped-U_PROCUREMENT_MasterJustificationBook_Air_Force_PB_2018.xml","e4bec6db9d02385ec49054265b3ce2d2777aa09e7e74c1d283af7d04ed073896","1-ee9b6d3ee05da72879089891a8d5b1d24ca6d650bad9afc868fc3522be6a368a","0-29010147cd868fab261eaff6047f40b89efdcaf1b45dfee27277f900f77d4aa1","root.record.ItemExhibitList.P5Item"
"GEO 3-4 Obsolescence Non-Recurring","","","","","","","","","","","","","","","","","","","","","0","","","","","","","","2018-BASE_PROCUREMENT-2018-AIRFORCE_SPACE-U_PROCUREMENT_MasterJustificationBook_Air_Force_PB_2018.zzz_unzipped-U_PROCUREMENT_MasterJustificationBook_Air_Force_PB_2018.xml","5a6e56aaee2cd93fc0c6924a649668af9970661371ccd8532aa15662b3047718","0-c742843052124b5e904aa6e942b5b5818b743fb39f041e6840d4c97d1a48be72","0-b5acc5becd3af9e9ffa5a98c75a41f932c76c845e3993995ce24b80b869bd449","root.record.ItemExhibitList.P5Item"
"GEO 3-4 Launch Vehicle and Range Integration","","","","","","","","","","","","","","","","","","","","","3.145","10.149","3.684","3.684","","","","","2018-BASE_PROCUREMENT-2018-AIRFORCE_SPACE-U_PROCUREMENT_MasterJustificationBook_Air_Force_PB_2018.zzz_unzipped-U_PROCUREMENT_MasterJustificationBook_Air_Force_PB_2018.xml","5a6e56aaee2cd93fc0c6924a649668af9970661371ccd8532aa15662b3047718","1-710a80122deccc7caf600114fd3f595860db7d28a9b0907a058c45421db7ac93","0-b5acc5becd3af9e9ffa5a98c75a41f932c76c845e3993995ce24b80b869bd449","root.record.ItemExhibitList.P5Item"
"GEO 5-6 Obsolescence Non-Recurring","","","","","","","","","","","","","","","","","","","","","26.908","13.235","4.712","4.712","","","","","2018-BASE_PROCUREMENT-2018-AIRFORCE_SPACE-U_PROCUREMENT_MasterJustificationBook_Air_Force_PB_2018.zzz_unzipped-U_PROCUREMENT_MasterJustificationBook_Air_Force_PB_2018.xml","5a6e56aaee2cd93fc0c6924a649668af9970661371ccd8532aa15662b3047718","0-c72804459b9139511d15792c4efc54b7f13ab5b9699d0c28edac3fdedce29be5","1-a6b7d437449f5489c4b5130c601a2ea3f8e30af828c61d938bf9282b80a5a764","root.record.ItemExhibitList.P5Item"
"GEO 5-6 Launch Vehicle and Range Integration","","","","","","","","","","","","","","","","","","","","","1.223","1.13","28.921","28.921","","","","","2018-BASE_PROCUREMENT-2018-AIRFORCE_SPACE-U_PROCUREMENT_MasterJustificationBook_Air_Force_PB_2018.zzz_unzipped-U_PROCUREMENT_MasterJustificationBook_Air_Force_PB_2018.xml","5a6e56aaee2cd93fc0c6924a649668af9970661371ccd8532aa15662b3047718","1-7c433de174517e6772e4b6f0ff0d71764917cafcfe17a46319eab091a9068c3d","1-a6b7d437449f5489c4b5130c601a2ea3f8e30af828c61d938bf9282b80a5a764","root.record.ItemExhibitList.P5Item"
"HEO 3-4 Obsolescence Non-Recurring","","","","","","","","","","","","","","","","","","0","","","","","","","","","","","2018-BASE_PROCUREMENT-2018-AIRFORCE_SPACE-U_PROCUREMENT_MasterJustificationBook_Air_Force_PB_2018.zzz_unzipped-U_PROCUREMENT_MasterJustificationBook_Air_Force_PB_2018.xml","5a6e56aaee2cd93fc0c6924a649668af9970661371ccd8532aa15662b3047718","0-3a4446223b48b8791c8052a76619db97488cfd692cb1e127d1ad620cfb0de63b","3-569e0ea766700167f14cffbe4fd619045921085b7108f1505af579ebde8a1c0f","root.record.ItemExhibitList.P5Item"
"HEO 3-4 Launch Vehicle and Range Integration","","","","","","","","","","","","","","","","","","0","","","","","","","","","","","2018-BASE_PROCUREMENT-2018-AIRFORCE_SPACE-U_PROCUREMENT_MasterJustificationBook_Air_Force_PB_2018.zzz_unzipped-U_PROCUREMENT_MasterJustificationBook_Air_Force_PB_2018.xml","5a6e56aaee2cd93fc0c6924a649668af9970661371ccd8532aa15662b3047718","1-115479c6409ff6e76ad99ae6b9351bdb6ab35fcef7ca890aa7b8965343249e7e","3-569e0ea766700167f14cffbe4fd619045921085b7108f1505af579ebde8a1c0f","root.record.ItemExhibitList.P5Item"
"GPS III SV 11+ NRE","","","","","","","","","","","","","","","","","","","","","0","0","0","0","","","","","2018-BASE_PROCUREMENT-2018-AIRFORCE_SPACE-U_PROCUREMENT_MasterJustificationBook_Air_Force_PB_2018.zzz_unzipped-U_PROCUREMENT_MasterJustificationBook_Air_Force_PB_2018.xml","295b44666dd56da6ea8be66b809bd44676df5ec2e19d318d3f126a0ace142d5d","0-4efba3a8e080d2472a217ba52ce6f7dc68c8c3ad8d0783b5e344d7a370e61def","0-a524ddda01434c004bbff9ed6b51eb17d3dbaab7e85db25e0ab1076996df73fb","root.record.ItemExhibitList.P5Item"
"Enterprise SE&I","","","","","","","","","","","","","","","","","","","","","1.479","","","","","","","","2019-BASE_PROCUREMENT-2019-AIRFORCE_SPACE-U_PROCUREMENT_JustificationBook_Air_Force_PB_2019.zzz_unzipped-U_PROCUREMENT_JustificationBook_Air_Force_PB_2019.xml","ed993553dbb3dca04a1bd01ff5d0475c2177f9415da2b4c01e0cebc8365eef2f","0-2fb5b208bbd97e46ef8db53f3ac2d6a5632d3e7e9e438784137a47833d10e402","0-4025d4002f685cc86163a5a864c5e1b8e071c671d8bf8b75df7241a1a8cf8210","root.record.ItemExhibitList.P5Item"
"Technical Mission Analysis","","","","","","","","","","","","","","","","","","","","","10.764","","","","","","","","2019-BASE_PROCUREMENT-2019-AIRFORCE_SPACE-U_PROCUREMENT_JustificationBook_Air_Force_PB_2019.zzz_unzipped-U_PROCUREMENT_JustificationBook_Air_Force_PB_2019.xml","ed993553dbb3dca04a1bd01ff5d0475c2177f9415da2b4c01e0cebc8365eef2f","1-cf6b641def9ad8dadb459a171fb76473a77af1f113c70f0202a4e1e2b0d7b4e1","0-4025d4002f685cc86163a5a864c5e1b8e071c671d8bf8b75df7241a1a8cf8210","root.record.ItemExhibitList.P5Item"
"NSA Production Support","","","","","","","","","","","","","","","","","","","","","0.925","","","","","","","","2019-BASE_PROCUREMENT-2019-AIRFORCE_SPACE-U_PROCUREMENT_JustificationBook_Air_Force_PB_2019.zzz_unzipped-U_PROCUREMENT_JustificationBook_Air_Force_PB_2019.xml","ed993553dbb3dca04a1bd01ff5d0475c2177f9415da2b4c01e0cebc8365eef2f","2-de2c605b1d3e5a3c471c69c3449e7a3a93225000c177fbc6611a7bb4d950c032","0-4025d4002f685cc86163a5a864c5e1b8e071c671d8bf8b75df7241a1a8cf8210","root.record.ItemExhibitList.P5Item"
"GEO 3-4 Launch Vehicle and Range Integration","","","","","","","","","","","","","","","","","","3.145","","","10.149","3.684","","","","","","","2019-BASE_PROCUREMENT-2019-AIRFORCE_SPACE-U_PROCUREMENT_JustificationBook_Air_Force_PB_2019.zzz_unzipped-U_PROCUREMENT_JustificationBook_Air_Force_PB_2019.xml","69f5d537ee02fe3841147f7d8dc4885ccab93abdd3905985c9061680464c3c83","0-cf7dfad43e965c8ad2b8b30c2fa3ff3ed0dbdd0583ccb641efdffa0602757da4","0-eab19f4f1003a1dd8f03ec0b5259c5d7b891f6956817342c521bf9247583b0e7","root.record.ItemExhibitList.P5Item"
"GEO 5-6 Obsolescence Non-Recurring","","","","","","","","","","","","","","","","","","26.071","","","15.314","4.712","","","","","","","2019-BASE_PROCUREMENT-2019-AIRFORCE_SPACE-U_PROCUREMENT_JustificationBook_Air_Force_PB_2019.zzz_unzipped-U_PROCUREMENT_JustificationBook_Air_Force_PB_2019.xml","69f5d537ee02fe3841147f7d8dc4885ccab93abdd3905985c9061680464c3c83","0-62cfd585c1d7883c3b1797a5d1618dde886a687e81a0d3b90d92f401991c72e9","1-aa78499a42e235c1a7548b9d31bead053ce39fff8696bd995273a790fefd0293","root.record.ItemExhibitList.P5Item"
"GEO 5-6 Launch Vehicle and Range Integration","","","","","","","","","","","","","","","","","","3.072","","","0.958","47.021","35.371","35.371","","","","","2019-BASE_PROCUREMENT-2019-AIRFORCE_SPACE-U_PROCUREMENT_JustificationBook_Air_Force_PB_2019.zzz_unzipped-U_PROCUREMENT_JustificationBook_Air_Force_PB_2019.xml","69f5d537ee02fe3841147f7d8dc4885ccab93abdd3905985c9061680464c3c83","1-c5db0731453d623dde9bb5cebed3f0b462bd18959cae4c1343e19d8705920518","1-aa78499a42e235c1a7548b9d31bead053ce39fff8696bd995273a790fefd0293","root.record.ItemExhibitList.P5Item"
"Enterprise SE&I","","","","","","","","","","","","","","","","","","","","","1.479","","","","","","","","2019-BASE_PROCUREMENT-2019-AIRFORCE_SPACE-U_PROCUREMENT_MasterJustificationBook_Air_Force_PB_2019.zzz_unzipped-U_PROCUREMENT_MasterJustificationBook_Air_Force_PB_2019.xml","770867f755d84c763c0b74a40a002f909b38525c5c7879963377f1db55a6c939","0-15ba876422c68d76f9c242a18ca92ac8fe8ceaf2b031ebef52a48fb085d1d969","0-c821991dec5caa7595da766b8cedfecbd721967f4060d073075b3ab6b73214d2","root.record.ItemExhibitList.P5Item"
"Technical Mission Analysis","","","","","","","","","","","","","","","","","","","","","10.764","","","","","","","","2019-BASE_PROCUREMENT-2019-AIRFORCE_SPACE-U_PROCUREMENT_MasterJustificationBook_Air_Force_PB_2019.zzz_unzipped-U_PROCUREMENT_MasterJustificationBook_Air_Force_PB_2019.xml","770867f755d84c763c0b74a40a002f909b38525c5c7879963377f1db55a6c939","1-0e70b814ce0c0a6c4f1d3e37fcd47e6636b10bf9ebf5149b1882598fc1428c3e","0-c821991dec5caa7595da766b8cedfecbd721967f4060d073075b3ab6b73214d2","root.record.ItemExhibitList.P5Item"
"NSA Production Support","","","","","","","","","","","","","","","","","","","","","0.925","","","","","","","","2019-BASE_PROCUREMENT-2019-AIRFORCE_SPACE-U_PROCUREMENT_MasterJustificationBook_Air_Force_PB_2019.zzz_unzipped-U_PROCUREMENT_MasterJustificationBook_Air_Force_PB_2019.xml","770867f755d84c763c0b74a40a002f909b38525c5c7879963377f1db55a6c939","2-0244fa9a2e93131479f4d8f8f53621b22b066e5f730050ad25c8b71e0d4be430","0-c821991dec5caa7595da766b8cedfecbd721967f4060d073075b3ab6b73214d2","root.record.ItemExhibitList.P5Item"
"GEO 3-4 Launch Vehicle and Range Integration","","","","","","","","","","","","","","","","","","3.145","","","10.149","3.684","","","","","","","2019-BASE_PROCUREMENT-2019-AIRFORCE_SPACE-U_PROCUREMENT_MasterJustificationBook_Air_Force_PB_2019.zzz_unzipped-U_PROCUREMENT_MasterJustificationBook_Air_Force_PB_2019.xml","0c71715f409ac85cc53798867fc1f08294b549796ed9b5bd2c1d3370ed828913","0-6f1dcefd81091e7851447c13c5fe29bc4881b2f46566c8a9cd2549bb3baaee63","0-ec08cb0545719569e3cd8b1fe123c0c1f6792a264df2837788cf4862e397476c","root.record.ItemExhibitList.P5Item"
"GEO 5-6 Obsolescence Non-Recurring","","","","","","","","","","","","","","","","","","26.071","","","15.314","4.712","","","","","","","2019-BASE_PROCUREMENT-2019-AIRFORCE_SPACE-U_PROCUREMENT_MasterJustificationBook_Air_Force_PB_2019.zzz_unzipped-U_PROCUREMENT_MasterJustificationBook_Air_Force_PB_2019.xml","0c71715f409ac85cc53798867fc1f08294b549796ed9b5bd2c1d3370ed828913","0-9fba825c899eabe1818862d687b4b23896ba387aaf9c55dbedc4fd3bc6e044fb","1-6ad7965af0ef89862feafd9160b6c78ca3367cde4bf28da946fa554b2149d609","root.record.ItemExhibitList.P5Item"
"GEO 5-6 Launch Vehicle and Range Integration","","","","","","","","","","","","","","","","","","3.072","","","0.958","47.021","35.371","35.371","","","","","2019-BASE_PROCUREMENT-2019-AIRFORCE_SPACE-U_PROCUREMENT_MasterJustificationBook_Air_Force_PB_2019.zzz_unzipped-U_PROCUREMENT_MasterJustificationBook_Air_Force_PB_2019.xml","0c71715f409ac85cc53798867fc1f08294b549796ed9b5bd2c1d3370ed828913","1-361bf9daac932fbdfd6f1cc4b513bd6b3a17469cbefb1e347cda49d108cdeb30","1-6ad7965af0ef89862feafd9160b6c78ca3367cde4bf28da946fa554b2149d609","root.record.ItemExhibitList.P5Item"
"Enterprise SE&I","","","","","","","","","","","","","","","","","","1.479","","","","","","","","","","","2020-BASE_PROCUREMENT-2020-AIRFORCE_SPACE-U_PROCUREMENT_JustificationBook_Air_Force_PB_2020.zzz_unzipped-U_PROCUREMENT_JustificationBook_Air_Force_PB_2020.xml","621edea18b6f0aa383bac828a5b90a44fa97edda0d738834c36952ac5651ecbc","0-c8053b306e709bef77e62b3bdcd2dbac9ac2e7fc18b9be9365bf45ec1cace0b9","0-fed7a64808dd65063eab8c742029b5279ba69c785479d651f929c9f0cfb281f9","root.record.ItemExhibitList.P5Item"
"Technical Mission Analysis","","","","","","","","","","","","","","","","","","9.279","","","","","","","","","","","2020-BASE_PROCUREMENT-2020-AIRFORCE_SPACE-U_PROCUREMENT_JustificationBook_Air_Force_PB_2020.zzz_unzipped-U_PROCUREMENT_JustificationBook_Air_Force_PB_2020.xml","621edea18b6f0aa383bac828a5b90a44fa97edda0d738834c36952ac5651ecbc","1-30777f7a10185d09981464cec807e6884c393c8161b4d58e4a82f33add88419d","0-fed7a64808dd65063eab8c742029b5279ba69c785479d651f929c9f0cfb281f9","root.record.ItemExhibitList.P5Item"
"NSA Production Support","","","","","","","","","","","","","","","","","","0.83","","","0.95","","","","","","","","2020-BASE_PROCUREMENT-2020-AIRFORCE_SPACE-U_PROCUREMENT_JustificationBook_Air_Force_PB_2020.zzz_unzipped-U_PROCUREMENT_JustificationBook_Air_Force_PB_2020.xml","621edea18b6f0aa383bac828a5b90a44fa97edda0d738834c36952ac5651ecbc","2-e8e5cb1a212be4d8db1094400066e6034a132482962fded9d661c39b64e767f2","0-fed7a64808dd65063eab8c742029b5279ba69c785479d651f929c9f0cfb281f9","root.record.ItemExhibitList.P5Item"
"GEO 3-4 Launch Vehicle and Range Integration","","","","","","","","","","","","","","","","","","5.772","","","0.5","","","","","","","","2020-BASE_PROCUREMENT-2020-AIRFORCE_SPACE-U_PROCUREMENT_JustificationBook_Air_Force_PB_2020.zzz_unzipped-U_PROCUREMENT_JustificationBook_Air_Force_PB_2020.xml","7310993ddf0a03a461093bce5e01a68a4b4bfea03b4d9ab432450cabe9805dda","0-1d4d8ab6f8685f451e2fa58bc97b5be19e30905a69fd0b92543be4e45654881d","0-0c562188bcba8630fb64d7264b9d97b1578c1dd1501a954657643feae1e679ea","root.record.ItemExhibitList.P5Item"
"GEO 5-6 Obsolescence Non-Recurring","","","","","","","","","","","","","","","","","","41.385","","","5.012","","","","","","","","2020-BASE_PROCUREMENT-2020-AIRFORCE_SPACE-U_PROCUREMENT_JustificationBook_Air_Force_PB_2020.zzz_unzipped-U_PROCUREMENT_JustificationBook_Air_Force_PB_2020.xml","7310993ddf0a03a461093bce5e01a68a4b4bfea03b4d9ab432450cabe9805dda","0-dc2ad976ba9e216873d9ca86aee583538ba89c0cc49abb0fba352c395f4bd985","1-e3c753ae8f7ad3e3632f6277c8f4238a287deb663d026dc04b263c80b5ff954a","root.record.ItemExhibitList.P5Item"
"GEO 5-6 Launch Vehicle and Range Integration","","","","","","","","","","","","","","","","","","4.029","","","23.844","8.428","25.464","25.464","","","","","2020-BASE_PROCUREMENT-2020-AIRFORCE_SPACE-U_PROCUREMENT_JustificationBook_Air_Force_PB_2020.zzz_unzipped-U_PROCUREMENT_JustificationBook_Air_Force_PB_2020.xml","7310993ddf0a03a461093bce5e01a68a4b4bfea03b4d9ab432450cabe9805dda","1-4d6d9d8ca59806a8d5dbe706293557b6558d90c8e695ce1e72c8430aacac45f0","1-e3c753ae8f7ad3e3632f6277c8f4238a287deb663d026dc04b263c80b5ff954a","root.record.ItemExhibitList.P5Item"
"HEO 3-4 Launch Vehicle and Range Integration","","","","","","","","","","","","","","","","","","0.244","","","","","","","","","","","2020-BASE_PROCUREMENT-2020-AIRFORCE_SPACE-U_PROCUREMENT_JustificationBook_Air_Force_PB_2020.zzz_unzipped-U_PROCUREMENT_JustificationBook_Air_Force_PB_2020.xml","7310993ddf0a03a461093bce5e01a68a4b4bfea03b4d9ab432450cabe9805dda","0-44205eed305114eeb038825ab5567e6945393e09f3282fa364ffd5e77ab7dc1e","2-4456e4b2c89450c492a9a16758a0e73c4da6593ee88695cc8f45917c9a8d1393","root.record.ItemExhibitList.P5Item"
"Enterprise SE&I","","","","","","","","","","","","","","","","","","1.479","","","","","","","","","","","2020-BASE_PROCUREMENT-2020-AIRFORCE_SPACE-U_PROCUREMENT_MasterJustificationBook_Air_Force_PB_2020.zzz_unzipped-U_PROCUREMENT_MasterJustificationBook_Air_Force_PB_2020.xml","71e709ec4ea58e99f450f7c50bce63c4675eea5ed94481f1ceadefb1f0b03eb9","0-6d15ccbd790e8e460fffaa54bd3949b7147502fd10813ad122072d81cf927d72","0-a92b3d32daf8ce1e60915a2c99af85b34f12e4ef8e62d22e5251d9e02f4eb9d1","root.record.ItemExhibitList.P5Item"
"Technical Mission Analysis","","","","","","","","","","","","","","","","","","9.279","","","","","","","","","","","2020-BASE_PROCUREMENT-2020-AIRFORCE_SPACE-U_PROCUREMENT_MasterJustificationBook_Air_Force_PB_2020.zzz_unzipped-U_PROCUREMENT_MasterJustificationBook_Air_Force_PB_2020.xml","71e709ec4ea58e99f450f7c50bce63c4675eea5ed94481f1ceadefb1f0b03eb9","1-07ad37e11e0fab557f5de9eaf63f47f7fc8531b1fff9e5b7c03f7b00ab8b5920","0-a92b3d32daf8ce1e60915a2c99af85b34f12e4ef8e62d22e5251d9e02f4eb9d1","root.record.ItemExhibitList.P5Item"
"NSA Production Support","","","","","","","","","","","","","","","","","","0.83","","","0.95","","","","","","","","2020-BASE_PROCUREMENT-2020-AIRFORCE_SPACE-U_PROCUREMENT_MasterJustificationBook_Air_Force_PB_2020.zzz_unzipped-U_PROCUREMENT_MasterJustificationBook_Air_Force_PB_2020.xml","71e709ec4ea58e99f450f7c50bce63c4675eea5ed94481f1ceadefb1f0b03eb9","2-97d401fc66cf0cd186bb21c8138c039ffe2da17bc41f1fe2e3bef41e4c22b90d","0-a92b3d32daf8ce1e60915a2c99af85b34f12e4ef8e62d22e5251d9e02f4eb9d1","root.record.ItemExhibitList.P5Item"
"GEO 3-4 Launch Vehicle and Range Integration","","","","","","","","","","","","","","","","","","5.772","","","0.5","","","","","","","","2020-BASE_PROCUREMENT-2020-AIRFORCE_SPACE-U_PROCUREMENT_MasterJustificationBook_Air_Force_PB_2020.zzz_unzipped-U_PROCUREMENT_MasterJustificationBook_Air_Force_PB_2020.xml","4f1d2d6b9106070fa3f8ca9b17516c7e58da2d22e5119318f0d48af58a4c34a5","0-d67b5ab2671254dde4abb37f68f0912967bf1e41b60d72f2e17abefaa78a4d4b","0-e5e33f1f765a50e22744583121337f7dcf861408c17b257e35b6391ee5accc9a","root.record.ItemExhibitList.P5Item"
"GEO 5-6 Obsolescence Non-Recurring","","","","","","","","","","","","","","","","","","41.385","","","5.012","","","","","","","","2020-BASE_PROCUREMENT-2020-AIRFORCE_SPACE-U_PROCUREMENT_MasterJustificationBook_Air_Force_PB_2020.zzz_unzipped-U_PROCUREMENT_MasterJustificationBook_Air_Force_PB_2020.xml","4f1d2d6b9106070fa3f8ca9b17516c7e58da2d22e5119318f0d48af58a4c34a5","0-82db5059444718ecaac66678c9e953854fcd1afde4be4db6d27b39e25e45fd60","1-956e4143071fa93e8e0f842d12bb207ef53308d0dc39bd8d98b7e2432c6f35a3","root.record.ItemExhibitList.P5Item"
"GEO 5-6 Launch Vehicle and Range Integration","","","","","","","","","","","","","","","","","","4.029","","","23.844","8.428","25.464","25.464","","","","","2020-BASE_PROCUREMENT-2020-AIRFORCE_SPACE-U_PROCUREMENT_MasterJustificationBook_Air_Force_PB_2020.zzz_unzipped-U_PROCUREMENT_MasterJustificationBook_Air_Force_PB_2020.xml","4f1d2d6b9106070fa3f8ca9b17516c7e58da2d22e5119318f0d48af58a4c34a5","1-64e734bc9c7ca330aa4ad02fa32b47354784dba5b128cbee275a79a7298ec030","1-956e4143071fa93e8e0f842d12bb207ef53308d0dc39bd8d98b7e2432c6f35a3","root.record.ItemExhibitList.P5Item"
"HEO 3-4 Launch Vehicle and Range Integration","","","","","","","","","","","","","","","","","","0.244","","","","","","","","","","","2020-BASE_PROCUREMENT-2020-AIRFORCE_SPACE-U_PROCUREMENT_MasterJustificationBook_Air_Force_PB_2020.zzz_unzipped-U_PROCUREMENT_MasterJustificationBook_Air_Force_PB_2020.xml","4f1d2d6b9106070fa3f8ca9b17516c7e58da2d22e5119318f0d48af58a4c34a5","0-184dc5f6e9a9d349d2dcb7f6915b4cbff7d6a08416454c7b91ec7ba9856940f0","2-a3e562d5598bf4321b89a609f8dbe575d448c63cec8150129380bb3c7a118dcf","root.record.ItemExhibitList.P5Item"
