[
    {
        "Name_val": "Avionics",
        "WhenRequiredInMonths_val": "16",
        "QuantityPerAssembly_val": "1",
        "Cost_AllPriorYears_val": "118.984",
        "Cost_PriorYear_val": "36.15",
        "Cost_CurrentYear_val": "40.944",
        "Cost_BudgetYearOne_val": "39.722",
        "Cost_BudgetYearTwo_val": "3.483",
        "Cost_Continuing_val": "true",
        "Cost_BudgetYearThree_val": "",
        "Cost_BudgetYearFour_val": "",
        "Cost_BudgetYearFive_val": "",
        "ManufacturerList_Manufacturer_Name_val": "See End Item P-5A\/NA",
        "ManufacturerList_Manufacturer_Location_val": "See End Item P-5A",
        "ManufacturerList_Manufacturer_HistoryPlanningList_HistoryPlanning_FiscalYear_val": "2016",
        "ManufacturerList_Manufacturer_HistoryPlanningList_HistoryPlanning_AwardDate_val": "2016-02",
        "ManufacturerList_Manufacturer_HistoryPlanningList_HistoryPlanning_Quantity_val": "27.003",
        "ManufacturerList_Manufacturer_HistoryPlanningList_HistoryPlanning_UnitCost_val": "1471.000",
        "ManufacturerList_Manufacturer_HistoryPlanningList_HistoryPlanning_FundingVehicle_val": "Various",
        "ManufacturerList_Manufacturer_InitialQuantity_ProductionLeadTimeAfterOct1InMonths_val": "",
        "ManufacturerList_Manufacturer_InitialQuantity_TotalLeadTimeAfterOct1InMonths_val": "",
        "@SOURCE_FILENAME": "2016-BASE_PROCUREMENT-2016-ARMY_AIRCRAFT-PROCUREMENT_JustificationBook_Army_PB_2016.zzz_unzipped-PROCUREMENT_JustificationBook_Army_PB_2016.xml",
        "@RECORDID": "10d699f2ac7085cae590cf4b5474fbb6b8513376435568c699b86a2aa51b46f5",
        "@ROWID": "0-695879fa1bea618affa624c8a953a0e0695eaba5f0304cd33f7d0a38ede23498",
        "SCNProductionLeadtime_val": "",
        "@PARENTROWID": "0-d0b7be6009dc9207523b7a0a091e937b994fe25c8922fbe2282be4a8d6c7d2da",
        "@PARENT": "root.record.ItemExhibitList.P3AModificationItemGroup"
    },
    {
        "Name_val": "Airframe",
        "WhenRequiredInMonths_val": "14",
        "QuantityPerAssembly_val": "1",
        "Cost_AllPriorYears_val": "195.881",
        "Cost_PriorYear_val": "54.226",
        "Cost_CurrentYear_val": "61.417",
        "Cost_BudgetYearOne_val": "59.622",
        "Cost_BudgetYearTwo_val": "5.224",
        "Cost_Continuing_val": "true",
        "Cost_BudgetYearThree_val": "",
        "Cost_BudgetYearFour_val": "",
        "Cost_BudgetYearFive_val": "",
        "ManufacturerList_Manufacturer_Name_val": "See End Item P-5A\/NA",
        "ManufacturerList_Manufacturer_Location_val": "See End Item P-5A",
        "ManufacturerList_Manufacturer_HistoryPlanningList_HistoryPlanning_FiscalYear_val": "2016",
        "ManufacturerList_Manufacturer_HistoryPlanningList_HistoryPlanning_AwardDate_val": "2016-02",
        "ManufacturerList_Manufacturer_HistoryPlanningList_HistoryPlanning_Quantity_val": "27.003",
        "ManufacturerList_Manufacturer_HistoryPlanningList_HistoryPlanning_UnitCost_val": "2208.000",
        "ManufacturerList_Manufacturer_HistoryPlanningList_HistoryPlanning_FundingVehicle_val": "Various",
        "ManufacturerList_Manufacturer_InitialQuantity_ProductionLeadTimeAfterOct1InMonths_val": "",
        "ManufacturerList_Manufacturer_InitialQuantity_TotalLeadTimeAfterOct1InMonths_val": "",
        "@SOURCE_FILENAME": "2016-BASE_PROCUREMENT-2016-ARMY_AIRCRAFT-PROCUREMENT_JustificationBook_Army_PB_2016.zzz_unzipped-PROCUREMENT_JustificationBook_Army_PB_2016.xml",
        "@RECORDID": "10d699f2ac7085cae590cf4b5474fbb6b8513376435568c699b86a2aa51b46f5",
        "@ROWID": "1-f992d2b737d0ab960a206b4a58445e6266c348dd216c8e5f25a02429cbba2fdc",
        "SCNProductionLeadtime_val": "",
        "@PARENTROWID": "0-d0b7be6009dc9207523b7a0a091e937b994fe25c8922fbe2282be4a8d6c7d2da",
        "@PARENT": "root.record.ItemExhibitList.P3AModificationItemGroup"
    },
    {
        "Name_val": "Avionics",
        "WhenRequiredInMonths_val": "16",
        "QuantityPerAssembly_val": "1",
        "Cost_AllPriorYears_val": "158.82",
        "Cost_PriorYear_val": "40.944",
        "Cost_CurrentYear_val": "39.722",
        "Cost_BudgetYearOne_val": "3.483",
        "Cost_BudgetYearTwo_val": "7.128",
        "Cost_Continuing_val": "true",
        "Cost_BudgetYearThree_val": "9.694",
        "Cost_BudgetYearFour_val": "17.41",
        "Cost_BudgetYearFive_val": "15.167",
        "ManufacturerList_Manufacturer_Name_val": "See End Item P-5A\/NA",
        "ManufacturerList_Manufacturer_Location_val": "See End Item P-5A",
        "ManufacturerList_Manufacturer_HistoryPlanningList_HistoryPlanning_FiscalYear_val": "2017",
        "ManufacturerList_Manufacturer_HistoryPlanningList_HistoryPlanning_AwardDate_val": "2017-01",
        "ManufacturerList_Manufacturer_HistoryPlanningList_HistoryPlanning_Quantity_val": "3",
        "ManufacturerList_Manufacturer_HistoryPlanningList_HistoryPlanning_UnitCost_val": "1161.000",
        "ManufacturerList_Manufacturer_HistoryPlanningList_HistoryPlanning_FundingVehicle_val": "Various",
        "ManufacturerList_Manufacturer_InitialQuantity_ProductionLeadTimeAfterOct1InMonths_val": "15",
        "ManufacturerList_Manufacturer_InitialQuantity_TotalLeadTimeAfterOct1InMonths_val": "15",
        "@SOURCE_FILENAME": "2017-BASE_PROCUREMENT-2017-ARMY_AIRCRAFT-U_PROCUREMENT_JustificationBook_Army_PB_2017.zzz_unzipped-U_PROCUREMENT_JustificationBook_Army_PB_2017.xml",
        "@RECORDID": "9539d98bc52f4ea201745818be8c994ae3c1bee9191ab3724cd527793f079994",
        "@ROWID": "0-f64cca2956a74bbe97e49d7af95ff57bfdf810c0c61266a02efc5f39bd97cb12",
        "SCNProductionLeadtime_val": "15",
        "@PARENTROWID": "0-83d953f7e0f140816f1f0643fb2437e3d0815be731e892b9bb0b1d6f3b5186db",
        "@PARENT": "root.record.ItemExhibitList.P3AModificationItemGroup"
    },
    {
        "Name_val": "Airframe",
        "WhenRequiredInMonths_val": "14",
        "QuantityPerAssembly_val": "1",
        "Cost_AllPriorYears_val": "246.421",
        "Cost_PriorYear_val": "61.417",
        "Cost_CurrentYear_val": "59.622",
        "Cost_BudgetYearOne_val": "5.224",
        "Cost_BudgetYearTwo_val": "10.692",
        "Cost_Continuing_val": "true",
        "Cost_BudgetYearThree_val": "14.541",
        "Cost_BudgetYearFour_val": "26.122",
        "Cost_BudgetYearFive_val": "22.625",
        "ManufacturerList_Manufacturer_Name_val": "See End Item P-5A\/NA",
        "ManufacturerList_Manufacturer_Location_val": "See End Item P-5A",
        "ManufacturerList_Manufacturer_HistoryPlanningList_HistoryPlanning_FiscalYear_val": "2017",
        "ManufacturerList_Manufacturer_HistoryPlanningList_HistoryPlanning_AwardDate_val": "2017-01",
        "ManufacturerList_Manufacturer_HistoryPlanningList_HistoryPlanning_Quantity_val": "5",
        "ManufacturerList_Manufacturer_HistoryPlanningList_HistoryPlanning_UnitCost_val": "1045.000",
        "ManufacturerList_Manufacturer_HistoryPlanningList_HistoryPlanning_FundingVehicle_val": "Various",
        "ManufacturerList_Manufacturer_InitialQuantity_ProductionLeadTimeAfterOct1InMonths_val": "13",
        "ManufacturerList_Manufacturer_InitialQuantity_TotalLeadTimeAfterOct1InMonths_val": "13",
        "@SOURCE_FILENAME": "2017-BASE_PROCUREMENT-2017-ARMY_AIRCRAFT-U_PROCUREMENT_JustificationBook_Army_PB_2017.zzz_unzipped-U_PROCUREMENT_JustificationBook_Army_PB_2017.xml",
        "@RECORDID": "9539d98bc52f4ea201745818be8c994ae3c1bee9191ab3724cd527793f079994",
        "@ROWID": "1-f89d1945f92729bbcb5986a25c1a56f26fb5dc6c02c021775fb6465cc6260228",
        "SCNProductionLeadtime_val": "13",
        "@PARENTROWID": "0-83d953f7e0f140816f1f0643fb2437e3d0815be731e892b9bb0b1d6f3b5186db",
        "@PARENT": "root.record.ItemExhibitList.P3AModificationItemGroup"
    },
    {
        "Name_val": "Avionics",
        "WhenRequiredInMonths_val": "16",
        "QuantityPerAssembly_val": "1",
        "Cost_AllPriorYears_val": "187.005",
        "Cost_PriorYear_val": "39.722",
        "Cost_CurrentYear_val": "3.483",
        "Cost_BudgetYearOne_val": "7.128",
        "Cost_BudgetYearTwo_val": "",
        "Cost_Continuing_val": "",
        "Cost_BudgetYearThree_val": "",
        "Cost_BudgetYearFour_val": "",
        "Cost_BudgetYearFive_val": "",
        "ManufacturerList_Manufacturer_Name_val": "",
        "ManufacturerList_Manufacturer_Location_val": "",
        "ManufacturerList_Manufacturer_HistoryPlanningList_HistoryPlanning_FiscalYear_val": "",
        "ManufacturerList_Manufacturer_HistoryPlanningList_HistoryPlanning_AwardDate_val": "",
        "ManufacturerList_Manufacturer_HistoryPlanningList_HistoryPlanning_Quantity_val": "",
        "ManufacturerList_Manufacturer_HistoryPlanningList_HistoryPlanning_UnitCost_val": "",
        "ManufacturerList_Manufacturer_HistoryPlanningList_HistoryPlanning_FundingVehicle_val": "",
        "ManufacturerList_Manufacturer_InitialQuantity_ProductionLeadTimeAfterOct1InMonths_val": "",
        "ManufacturerList_Manufacturer_InitialQuantity_TotalLeadTimeAfterOct1InMonths_val": "",
        "@SOURCE_FILENAME": "2018-BASE_PROCUREMENT-2018-ARMY_AIRCRAFT-U_PROCUREMENT_JustificationBook_Army_PB_2018.zzz_unzipped-U_PROCUREMENT_JustificationBook_Army_PB_2018.xml",
        "@RECORDID": "48035b327d2afee18f65131e5b2f09ae40c7d32cfa787a82cce94b987921c1d9",
        "@ROWID": "0-1e1aa6e836a21d179d1c97e0c454269b5eec954b53413475285e0dfb84006ef9",
        "SCNProductionLeadtime_val": "15",
        "@PARENTROWID": "0-bf433ded176fdbe4e83a1bccd0a8087d2bb6b95ac65a6f7309c4f9e04001d89d",
        "@PARENT": "root.record.ItemExhibitList.P3AModificationItemGroup"
    },
    {
        "Name_val": "Airframe",
        "WhenRequiredInMonths_val": "14",
        "QuantityPerAssembly_val": "1",
        "Cost_AllPriorYears_val": "320.597",
        "Cost_PriorYear_val": "59.622",
        "Cost_CurrentYear_val": "5.224",
        "Cost_BudgetYearOne_val": "10.692",
        "Cost_BudgetYearTwo_val": "",
        "Cost_Continuing_val": "",
        "Cost_BudgetYearThree_val": "",
        "Cost_BudgetYearFour_val": "",
        "Cost_BudgetYearFive_val": "",
        "ManufacturerList_Manufacturer_Name_val": "",
        "ManufacturerList_Manufacturer_Location_val": "",
        "ManufacturerList_Manufacturer_HistoryPlanningList_HistoryPlanning_FiscalYear_val": "",
        "ManufacturerList_Manufacturer_HistoryPlanningList_HistoryPlanning_AwardDate_val": "",
        "ManufacturerList_Manufacturer_HistoryPlanningList_HistoryPlanning_Quantity_val": "",
        "ManufacturerList_Manufacturer_HistoryPlanningList_HistoryPlanning_UnitCost_val": "",
        "ManufacturerList_Manufacturer_HistoryPlanningList_HistoryPlanning_FundingVehicle_val": "",
        "ManufacturerList_Manufacturer_InitialQuantity_ProductionLeadTimeAfterOct1InMonths_val": "",
        "ManufacturerList_Manufacturer_InitialQuantity_TotalLeadTimeAfterOct1InMonths_val": "",
        "@SOURCE_FILENAME": "2018-BASE_PROCUREMENT-2018-ARMY_AIRCRAFT-U_PROCUREMENT_JustificationBook_Army_PB_2018.zzz_unzipped-U_PROCUREMENT_JustificationBook_Army_PB_2018.xml",
        "@RECORDID": "48035b327d2afee18f65131e5b2f09ae40c7d32cfa787a82cce94b987921c1d9",
        "@ROWID": "1-12e208a69d3c9716556dec0e01fa363f3d12cd0b98f99a3a629c54255d5302a0",
        "SCNProductionLeadtime_val": "13",
        "@PARENTROWID": "0-bf433ded176fdbe4e83a1bccd0a8087d2bb6b95ac65a6f7309c4f9e04001d89d",
        "@PARENT": "root.record.ItemExhibitList.P3AModificationItemGroup"
    },
    {
        "Name_val": "Avionics",
        "WhenRequiredInMonths_val": "16",
        "QuantityPerAssembly_val": "1",
        "Cost_AllPriorYears_val": "266.464",
        "Cost_PriorYear_val": "3.483",
        "Cost_CurrentYear_val": "7.128",
        "Cost_BudgetYearOne_val": "9.694",
        "Cost_BudgetYearTwo_val": "18.557",
        "Cost_Continuing_val": "true",
        "Cost_BudgetYearThree_val": "18.833",
        "Cost_BudgetYearFour_val": "26.075",
        "Cost_BudgetYearFive_val": "33.45",
        "ManufacturerList_Manufacturer_Name_val": "",
        "ManufacturerList_Manufacturer_Location_val": "",
        "ManufacturerList_Manufacturer_HistoryPlanningList_HistoryPlanning_FiscalYear_val": "",
        "ManufacturerList_Manufacturer_HistoryPlanningList_HistoryPlanning_AwardDate_val": "",
        "ManufacturerList_Manufacturer_HistoryPlanningList_HistoryPlanning_Quantity_val": "",
        "ManufacturerList_Manufacturer_HistoryPlanningList_HistoryPlanning_UnitCost_val": "",
        "ManufacturerList_Manufacturer_HistoryPlanningList_HistoryPlanning_FundingVehicle_val": "",
        "ManufacturerList_Manufacturer_InitialQuantity_ProductionLeadTimeAfterOct1InMonths_val": "",
        "ManufacturerList_Manufacturer_InitialQuantity_TotalLeadTimeAfterOct1InMonths_val": "",
        "@SOURCE_FILENAME": "2019-BASE_PROCUREMENT-2019-ARMY_AIRCRAFT-U_PROCUREMENT_JustificationBook_Army_PB_2019.zzz_unzipped-U_PROCUREMENT_JustificationBook_Army_PB_2019.xml",
        "@RECORDID": "13c1701a746a107cd2e5fb67b5cff970365e9634f5815f17e3dc5693824dda4c",
        "@ROWID": "0-0d7a952f377baae05c0ce82d4458bad1fde68c9dd8be7e7393ffca10b3232bd0",
        "SCNProductionLeadtime_val": "15",
        "@PARENTROWID": "0-9eb2135a0d01c895a4f56ba4d342daf1670d22b139d13c10f7a4927022850a51",
        "@PARENT": "root.record.ItemExhibitList.P3AModificationItemGroup"
    },
    {
        "Name_val": "Airframe",
        "WhenRequiredInMonths_val": "14",
        "QuantityPerAssembly_val": "1",
        "Cost_AllPriorYears_val": "340.482",
        "Cost_PriorYear_val": "5.224",
        "Cost_CurrentYear_val": "10.692",
        "Cost_BudgetYearOne_val": "14.541",
        "Cost_BudgetYearTwo_val": "27.835",
        "Cost_Continuing_val": "true",
        "Cost_BudgetYearThree_val": "28.25",
        "Cost_BudgetYearFour_val": "39.112",
        "Cost_BudgetYearFive_val": "50.175",
        "ManufacturerList_Manufacturer_Name_val": "",
        "ManufacturerList_Manufacturer_Location_val": "",
        "ManufacturerList_Manufacturer_HistoryPlanningList_HistoryPlanning_FiscalYear_val": "",
        "ManufacturerList_Manufacturer_HistoryPlanningList_HistoryPlanning_AwardDate_val": "",
        "ManufacturerList_Manufacturer_HistoryPlanningList_HistoryPlanning_Quantity_val": "",
        "ManufacturerList_Manufacturer_HistoryPlanningList_HistoryPlanning_UnitCost_val": "",
        "ManufacturerList_Manufacturer_HistoryPlanningList_HistoryPlanning_FundingVehicle_val": "",
        "ManufacturerList_Manufacturer_InitialQuantity_ProductionLeadTimeAfterOct1InMonths_val": "",
        "ManufacturerList_Manufacturer_InitialQuantity_TotalLeadTimeAfterOct1InMonths_val": "",
        "@SOURCE_FILENAME": "2019-BASE_PROCUREMENT-2019-ARMY_AIRCRAFT-U_PROCUREMENT_JustificationBook_Army_PB_2019.zzz_unzipped-U_PROCUREMENT_JustificationBook_Army_PB_2019.xml",
        "@RECORDID": "13c1701a746a107cd2e5fb67b5cff970365e9634f5815f17e3dc5693824dda4c",
        "@ROWID": "1-b52bc867d2f866423d7ee77c7a1f9b2663bda6c2d3eb62f6a256cf854dcd39e9",
        "SCNProductionLeadtime_val": "13",
        "@PARENTROWID": "0-9eb2135a0d01c895a4f56ba4d342daf1670d22b139d13c10f7a4927022850a51",
        "@PARENT": "root.record.ItemExhibitList.P3AModificationItemGroup"
    }
]