[
    {
        "Name_val": "Avionics",
        "WhenRequiredInMonths_val": "16",
        "QuantityPerAssembly_val": "1",
        "Cost_AllPriorYears_val": "118.984",
        "Cost_PriorYear_val": "36.15",
        "Cost_CurrentYear_val": "40.944",
        "Cost_BudgetYearOne_val": "39.722",
        "Cost_BudgetYearTwo_val": "3.483",
        "Cost_Continuing_val": "true",
        "Cost_BudgetYearThree_val": "",
        "Cost_BudgetYearFour_val": "",
        "Cost_BudgetYearFive_val": "",
        "ManufacturerList_Manufacturer_Name_val": "See End Item P-5A\/NA",
        "ManufacturerList_Manufacturer_Location_val": "See End Item P-5A",
        "ManufacturerList_Manufacturer_HistoryPlanningList_HistoryPlanning_FiscalYear_val": "2016",
        "ManufacturerList_Manufacturer_HistoryPlanningList_HistoryPlanning_AwardDate_val": "2016-02",
        "ManufacturerList_Manufacturer_HistoryPlanningList_HistoryPlanning_Quantity_val": "27.003",
        "ManufacturerList_Manufacturer_HistoryPlanningList_HistoryPlanning_UnitCost_val": "1471.000",
        "ManufacturerList_Manufacturer_HistoryPlanningList_HistoryPlanning_FundingVehicle_val": "Various",
        "ManufacturerList_Manufacturer_InitialQuantity_ProductionLeadTimeAfterOct1InMonths_val": "",
        "ManufacturerList_Manufacturer_InitialQuantity_TotalLeadTimeAfterOct1InMonths_val": "",
        "@SOURCE_FILENAME": "2016-BASE_PROCUREMENT-2016-ARMY_AIRCRAFT-PROCUREMENT_JustificationBook_Army_PB_2016.zzz_unzipped-PROCUREMENT_JustificationBook_Army_PB_2016.xml",
        "@RECORDID": "10d699f2ac7085cae590cf4b5474fbb6b8513376435568c699b86a2aa51b46f5",
        "@ROWID": "0-3a4508b715ef7a7b8dd41bb9b1e684c95b3adf0849ea8fc44241356ff0d81d0f",
        "SCNProductionLeadtime_val": "",
        "@PARENTROWID": "0-64ecbf50ae74d6771173c7dd3280989e16ab23db58296d04e16519ead4292d26",
        "@PARENT": "root.record.ItemExhibitList.P3AModificationItemGroup"
    },
    {
        "Name_val": "Airframe",
        "WhenRequiredInMonths_val": "14",
        "QuantityPerAssembly_val": "1",
        "Cost_AllPriorYears_val": "195.881",
        "Cost_PriorYear_val": "54.226",
        "Cost_CurrentYear_val": "61.417",
        "Cost_BudgetYearOne_val": "59.622",
        "Cost_BudgetYearTwo_val": "5.224",
        "Cost_Continuing_val": "true",
        "Cost_BudgetYearThree_val": "",
        "Cost_BudgetYearFour_val": "",
        "Cost_BudgetYearFive_val": "",
        "ManufacturerList_Manufacturer_Name_val": "See End Item P-5A\/NA",
        "ManufacturerList_Manufacturer_Location_val": "See End Item P-5A",
        "ManufacturerList_Manufacturer_HistoryPlanningList_HistoryPlanning_FiscalYear_val": "2016",
        "ManufacturerList_Manufacturer_HistoryPlanningList_HistoryPlanning_AwardDate_val": "2016-02",
        "ManufacturerList_Manufacturer_HistoryPlanningList_HistoryPlanning_Quantity_val": "27.003",
        "ManufacturerList_Manufacturer_HistoryPlanningList_HistoryPlanning_UnitCost_val": "2208.000",
        "ManufacturerList_Manufacturer_HistoryPlanningList_HistoryPlanning_FundingVehicle_val": "Various",
        "ManufacturerList_Manufacturer_InitialQuantity_ProductionLeadTimeAfterOct1InMonths_val": "",
        "ManufacturerList_Manufacturer_InitialQuantity_TotalLeadTimeAfterOct1InMonths_val": "",
        "@SOURCE_FILENAME": "2016-BASE_PROCUREMENT-2016-ARMY_AIRCRAFT-PROCUREMENT_JustificationBook_Army_PB_2016.zzz_unzipped-PROCUREMENT_JustificationBook_Army_PB_2016.xml",
        "@RECORDID": "10d699f2ac7085cae590cf4b5474fbb6b8513376435568c699b86a2aa51b46f5",
        "@ROWID": "1-67d40d79ba1e74f3b62c6b8c0079572c58ae30c470b8c3145f2ea0ab56d4f33e",
        "SCNProductionLeadtime_val": "",
        "@PARENTROWID": "0-64ecbf50ae74d6771173c7dd3280989e16ab23db58296d04e16519ead4292d26",
        "@PARENT": "root.record.ItemExhibitList.P3AModificationItemGroup"
    },
    {
        "Name_val": "Avionics",
        "WhenRequiredInMonths_val": "16",
        "QuantityPerAssembly_val": "1",
        "Cost_AllPriorYears_val": "158.82",
        "Cost_PriorYear_val": "40.944",
        "Cost_CurrentYear_val": "39.722",
        "Cost_BudgetYearOne_val": "3.483",
        "Cost_BudgetYearTwo_val": "7.128",
        "Cost_Continuing_val": "true",
        "Cost_BudgetYearThree_val": "9.694",
        "Cost_BudgetYearFour_val": "17.41",
        "Cost_BudgetYearFive_val": "15.167",
        "ManufacturerList_Manufacturer_Name_val": "See End Item P-5A\/NA",
        "ManufacturerList_Manufacturer_Location_val": "See End Item P-5A",
        "ManufacturerList_Manufacturer_HistoryPlanningList_HistoryPlanning_FiscalYear_val": "2017",
        "ManufacturerList_Manufacturer_HistoryPlanningList_HistoryPlanning_AwardDate_val": "2017-01",
        "ManufacturerList_Manufacturer_HistoryPlanningList_HistoryPlanning_Quantity_val": "3",
        "ManufacturerList_Manufacturer_HistoryPlanningList_HistoryPlanning_UnitCost_val": "1161.000",
        "ManufacturerList_Manufacturer_HistoryPlanningList_HistoryPlanning_FundingVehicle_val": "Various",
        "ManufacturerList_Manufacturer_InitialQuantity_ProductionLeadTimeAfterOct1InMonths_val": "15",
        "ManufacturerList_Manufacturer_InitialQuantity_TotalLeadTimeAfterOct1InMonths_val": "15",
        "@SOURCE_FILENAME": "2017-BASE_PROCUREMENT-2017-ARMY_AIRCRAFT-U_PROCUREMENT_JustificationBook_Army_PB_2017.zzz_unzipped-U_PROCUREMENT_JustificationBook_Army_PB_2017.xml",
        "@RECORDID": "9539d98bc52f4ea201745818be8c994ae3c1bee9191ab3724cd527793f079994",
        "@ROWID": "0-2cdb271e122de90dc0f89d37d97fd3ac279cc48b5fea8e68d267097521f411dc",
        "SCNProductionLeadtime_val": "15",
        "@PARENTROWID": "0-b04f83d43d60b48ae8095eefcba674313f050dc97d0ca9df3d7e594071a0daf2",
        "@PARENT": "root.record.ItemExhibitList.P3AModificationItemGroup"
    },
    {
        "Name_val": "Airframe",
        "WhenRequiredInMonths_val": "14",
        "QuantityPerAssembly_val": "1",
        "Cost_AllPriorYears_val": "246.421",
        "Cost_PriorYear_val": "61.417",
        "Cost_CurrentYear_val": "59.622",
        "Cost_BudgetYearOne_val": "5.224",
        "Cost_BudgetYearTwo_val": "10.692",
        "Cost_Continuing_val": "true",
        "Cost_BudgetYearThree_val": "14.541",
        "Cost_BudgetYearFour_val": "26.122",
        "Cost_BudgetYearFive_val": "22.625",
        "ManufacturerList_Manufacturer_Name_val": "See End Item P-5A\/NA",
        "ManufacturerList_Manufacturer_Location_val": "See End Item P-5A",
        "ManufacturerList_Manufacturer_HistoryPlanningList_HistoryPlanning_FiscalYear_val": "2017",
        "ManufacturerList_Manufacturer_HistoryPlanningList_HistoryPlanning_AwardDate_val": "2017-01",
        "ManufacturerList_Manufacturer_HistoryPlanningList_HistoryPlanning_Quantity_val": "5",
        "ManufacturerList_Manufacturer_HistoryPlanningList_HistoryPlanning_UnitCost_val": "1045.000",
        "ManufacturerList_Manufacturer_HistoryPlanningList_HistoryPlanning_FundingVehicle_val": "Various",
        "ManufacturerList_Manufacturer_InitialQuantity_ProductionLeadTimeAfterOct1InMonths_val": "13",
        "ManufacturerList_Manufacturer_InitialQuantity_TotalLeadTimeAfterOct1InMonths_val": "13",
        "@SOURCE_FILENAME": "2017-BASE_PROCUREMENT-2017-ARMY_AIRCRAFT-U_PROCUREMENT_JustificationBook_Army_PB_2017.zzz_unzipped-U_PROCUREMENT_JustificationBook_Army_PB_2017.xml",
        "@RECORDID": "9539d98bc52f4ea201745818be8c994ae3c1bee9191ab3724cd527793f079994",
        "@ROWID": "1-baac2ee5e8ae21045ca6b6a7fd2b1b679e64593594ba645317e67fe785e13abc",
        "SCNProductionLeadtime_val": "13",
        "@PARENTROWID": "0-b04f83d43d60b48ae8095eefcba674313f050dc97d0ca9df3d7e594071a0daf2",
        "@PARENT": "root.record.ItemExhibitList.P3AModificationItemGroup"
    },
    {
        "Name_val": "Avionics",
        "WhenRequiredInMonths_val": "16",
        "QuantityPerAssembly_val": "1",
        "Cost_AllPriorYears_val": "187.005",
        "Cost_PriorYear_val": "39.722",
        "Cost_CurrentYear_val": "3.483",
        "Cost_BudgetYearOne_val": "7.128",
        "Cost_BudgetYearTwo_val": "",
        "Cost_Continuing_val": "",
        "Cost_BudgetYearThree_val": "",
        "Cost_BudgetYearFour_val": "",
        "Cost_BudgetYearFive_val": "",
        "ManufacturerList_Manufacturer_Name_val": "",
        "ManufacturerList_Manufacturer_Location_val": "",
        "ManufacturerList_Manufacturer_HistoryPlanningList_HistoryPlanning_FiscalYear_val": "",
        "ManufacturerList_Manufacturer_HistoryPlanningList_HistoryPlanning_AwardDate_val": "",
        "ManufacturerList_Manufacturer_HistoryPlanningList_HistoryPlanning_Quantity_val": "",
        "ManufacturerList_Manufacturer_HistoryPlanningList_HistoryPlanning_UnitCost_val": "",
        "ManufacturerList_Manufacturer_HistoryPlanningList_HistoryPlanning_FundingVehicle_val": "",
        "ManufacturerList_Manufacturer_InitialQuantity_ProductionLeadTimeAfterOct1InMonths_val": "",
        "ManufacturerList_Manufacturer_InitialQuantity_TotalLeadTimeAfterOct1InMonths_val": "",
        "@SOURCE_FILENAME": "2018-BASE_PROCUREMENT-2018-ARMY_AIRCRAFT-U_PROCUREMENT_JustificationBook_Army_PB_2018.zzz_unzipped-U_PROCUREMENT_JustificationBook_Army_PB_2018.xml",
        "@RECORDID": "48035b327d2afee18f65131e5b2f09ae40c7d32cfa787a82cce94b987921c1d9",
        "@ROWID": "0-b73570914dfabd1709b873ef8e886bba83ec6423885fad605119bd607a6124a7",
        "SCNProductionLeadtime_val": "15",
        "@PARENTROWID": "0-f60484b959edbd5e28648aedb4dfcfa7f11b4220f6bc874ab420ba85bc4e3ab3",
        "@PARENT": "root.record.ItemExhibitList.P3AModificationItemGroup"
    },
    {
        "Name_val": "Airframe",
        "WhenRequiredInMonths_val": "14",
        "QuantityPerAssembly_val": "1",
        "Cost_AllPriorYears_val": "320.597",
        "Cost_PriorYear_val": "59.622",
        "Cost_CurrentYear_val": "5.224",
        "Cost_BudgetYearOne_val": "10.692",
        "Cost_BudgetYearTwo_val": "",
        "Cost_Continuing_val": "",
        "Cost_BudgetYearThree_val": "",
        "Cost_BudgetYearFour_val": "",
        "Cost_BudgetYearFive_val": "",
        "ManufacturerList_Manufacturer_Name_val": "",
        "ManufacturerList_Manufacturer_Location_val": "",
        "ManufacturerList_Manufacturer_HistoryPlanningList_HistoryPlanning_FiscalYear_val": "",
        "ManufacturerList_Manufacturer_HistoryPlanningList_HistoryPlanning_AwardDate_val": "",
        "ManufacturerList_Manufacturer_HistoryPlanningList_HistoryPlanning_Quantity_val": "",
        "ManufacturerList_Manufacturer_HistoryPlanningList_HistoryPlanning_UnitCost_val": "",
        "ManufacturerList_Manufacturer_HistoryPlanningList_HistoryPlanning_FundingVehicle_val": "",
        "ManufacturerList_Manufacturer_InitialQuantity_ProductionLeadTimeAfterOct1InMonths_val": "",
        "ManufacturerList_Manufacturer_InitialQuantity_TotalLeadTimeAfterOct1InMonths_val": "",
        "@SOURCE_FILENAME": "2018-BASE_PROCUREMENT-2018-ARMY_AIRCRAFT-U_PROCUREMENT_JustificationBook_Army_PB_2018.zzz_unzipped-U_PROCUREMENT_JustificationBook_Army_PB_2018.xml",
        "@RECORDID": "48035b327d2afee18f65131e5b2f09ae40c7d32cfa787a82cce94b987921c1d9",
        "@ROWID": "1-ba1aa9ec7d0b17bc02e043af3daa42991cb5526a13ba4cfcb96943c51570eda0",
        "SCNProductionLeadtime_val": "13",
        "@PARENTROWID": "0-f60484b959edbd5e28648aedb4dfcfa7f11b4220f6bc874ab420ba85bc4e3ab3",
        "@PARENT": "root.record.ItemExhibitList.P3AModificationItemGroup"
    },
    {
        "Name_val": "Avionics",
        "WhenRequiredInMonths_val": "16",
        "QuantityPerAssembly_val": "1",
        "Cost_AllPriorYears_val": "266.464",
        "Cost_PriorYear_val": "3.483",
        "Cost_CurrentYear_val": "7.128",
        "Cost_BudgetYearOne_val": "9.694",
        "Cost_BudgetYearTwo_val": "18.557",
        "Cost_Continuing_val": "true",
        "Cost_BudgetYearThree_val": "18.833",
        "Cost_BudgetYearFour_val": "26.075",
        "Cost_BudgetYearFive_val": "33.45",
        "ManufacturerList_Manufacturer_Name_val": "",
        "ManufacturerList_Manufacturer_Location_val": "",
        "ManufacturerList_Manufacturer_HistoryPlanningList_HistoryPlanning_FiscalYear_val": "",
        "ManufacturerList_Manufacturer_HistoryPlanningList_HistoryPlanning_AwardDate_val": "",
        "ManufacturerList_Manufacturer_HistoryPlanningList_HistoryPlanning_Quantity_val": "",
        "ManufacturerList_Manufacturer_HistoryPlanningList_HistoryPlanning_UnitCost_val": "",
        "ManufacturerList_Manufacturer_HistoryPlanningList_HistoryPlanning_FundingVehicle_val": "",
        "ManufacturerList_Manufacturer_InitialQuantity_ProductionLeadTimeAfterOct1InMonths_val": "",
        "ManufacturerList_Manufacturer_InitialQuantity_TotalLeadTimeAfterOct1InMonths_val": "",
        "@SOURCE_FILENAME": "2019-BASE_PROCUREMENT-2019-ARMY_AIRCRAFT-U_PROCUREMENT_JustificationBook_Army_PB_2019.zzz_unzipped-U_PROCUREMENT_JustificationBook_Army_PB_2019.xml",
        "@RECORDID": "13c1701a746a107cd2e5fb67b5cff970365e9634f5815f17e3dc5693824dda4c",
        "@ROWID": "0-1ccedc1aca4e88e04bb8b7bdbe641c6f5c40a06b4960c3f992da30ec2a4abb77",
        "SCNProductionLeadtime_val": "15",
        "@PARENTROWID": "0-acd2c50e70118ba324dfe0c79b84e7a331e80954459ca46687c28f33281b7192",
        "@PARENT": "root.record.ItemExhibitList.P3AModificationItemGroup"
    },
    {
        "Name_val": "Airframe",
        "WhenRequiredInMonths_val": "14",
        "QuantityPerAssembly_val": "1",
        "Cost_AllPriorYears_val": "340.482",
        "Cost_PriorYear_val": "5.224",
        "Cost_CurrentYear_val": "10.692",
        "Cost_BudgetYearOne_val": "14.541",
        "Cost_BudgetYearTwo_val": "27.835",
        "Cost_Continuing_val": "true",
        "Cost_BudgetYearThree_val": "28.25",
        "Cost_BudgetYearFour_val": "39.112",
        "Cost_BudgetYearFive_val": "50.175",
        "ManufacturerList_Manufacturer_Name_val": "",
        "ManufacturerList_Manufacturer_Location_val": "",
        "ManufacturerList_Manufacturer_HistoryPlanningList_HistoryPlanning_FiscalYear_val": "",
        "ManufacturerList_Manufacturer_HistoryPlanningList_HistoryPlanning_AwardDate_val": "",
        "ManufacturerList_Manufacturer_HistoryPlanningList_HistoryPlanning_Quantity_val": "",
        "ManufacturerList_Manufacturer_HistoryPlanningList_HistoryPlanning_UnitCost_val": "",
        "ManufacturerList_Manufacturer_HistoryPlanningList_HistoryPlanning_FundingVehicle_val": "",
        "ManufacturerList_Manufacturer_InitialQuantity_ProductionLeadTimeAfterOct1InMonths_val": "",
        "ManufacturerList_Manufacturer_InitialQuantity_TotalLeadTimeAfterOct1InMonths_val": "",
        "@SOURCE_FILENAME": "2019-BASE_PROCUREMENT-2019-ARMY_AIRCRAFT-U_PROCUREMENT_JustificationBook_Army_PB_2019.zzz_unzipped-U_PROCUREMENT_JustificationBook_Army_PB_2019.xml",
        "@RECORDID": "13c1701a746a107cd2e5fb67b5cff970365e9634f5815f17e3dc5693824dda4c",
        "@ROWID": "1-8f5ba34f2fca8c513ed548544d510f021546fd2373dc65f7654559edd36f0875",
        "SCNProductionLeadtime_val": "13",
        "@PARENTROWID": "0-acd2c50e70118ba324dfe0c79b84e7a331e80954459ca46687c28f33281b7192",
        "@PARENT": "root.record.ItemExhibitList.P3AModificationItemGroup"
    }
]