FiscalYear_val,PCOLocation_val,AwardDate_val,FirstDeliveryDate_val,Quantity_val,UnitCost_val,RFPIssueDate_val,FundingVehicle_val,ItemNameSuffix_val,@SOURCE_FILENAME,@RECORDID,@ROWID,SpecsAvailableNow_val,ContractMethod_val,ContractType_val,@PARENTROWID,@PARENT
"2013","See End Item P5A","2012-12","2012-12","0","0","2012-12","TBD","I think i","2013-BASE_PROCUREMENT-2013-NAVY_AIRCRAFT_BA1-4-JustificationBook_Navy_PB_2013.zzz_unzipped-JustificationBook_Navy_PB_2013.xml","1a7189ca3ac3735d5b4780456bb4c8dddad618396ddbf80b22c606ea18981840","0-9670ff3ca4fdb079460f1e1e0501ec5df736309ff7af19b4dc0331935e6d0e3c","","","","0-f50d9e18f540fff4129d2513e628e719caf7376e6d548d157d4bd9d859ffab5c","root.record.ItemExhibitList.P10AdvanceProcurementList.P10AdvanceProcurement.APCostElementCategoryList.CFE.APCostElement"
"2013","See End Item P5A","2012-12","2012-12","0","0","2012-12","TBD","I think i","2013-BASE_PROCUREMENT-2013-NAVY_AIRCRAFT_BA1-4-JustificationBook_Navy_PB_2013.zzz_unzipped-JustificationBook_Navy_PB_2013.xml","1a7189ca3ac3735d5b4780456bb4c8dddad618396ddbf80b22c606ea18981840","0-6975e8ae08cfb83d6b36730476ee07198bd1062acfcd6e7b10b33013eec03ede","","","","1-19d2553f2d10ed3dce19ac49e8a1c4195e8d2829ac3309ef34d6898691a24537","root.record.ItemExhibitList.P10AdvanceProcurementList.P10AdvanceProcurement.APCostElementCategoryList.CFE.APCostElement"
"2013","See End Item P5A","2012-12","2012-12","0","0","2012-12","TBD","I think i","2013-BASE_PROCUREMENT-2013-NAVY_AIRCRAFT_BA1-4-JustificationBook_Navy_PB_2013.zzz_unzipped-JustificationBook_Navy_PB_2013.xml","1a7189ca3ac3735d5b4780456bb4c8dddad618396ddbf80b22c606ea18981840","0-783b07ca45645d083b41ea6eafe14ef073e6032b6b9a3edc7ac31593f3f915b4","","","","2-afd957cd40b62367a2efefb55e9625ffde92c25e56648e3f201d5d700cb16d29","root.record.ItemExhibitList.P10AdvanceProcurementList.P10AdvanceProcurement.APCostElementCategoryList.CFE.APCostElement"
"2013","See End Item P5A","2012-12","2012-12","0","0","2012-12","TBD","I think i","2013-BASE_PROCUREMENT-2013-NAVY_AIRCRAFT_BA1-4-JustificationBook_Navy_PB_2013.zzz_unzipped-JustificationBook_Navy_PB_2013.xml","1a7189ca3ac3735d5b4780456bb4c8dddad618396ddbf80b22c606ea18981840","0-4110663c71d625acb697811c3073c9cc6dbdd136c1224404172b2ae06150896a","","","","3-5f72c26e3b99d757e5f4210960a000b353c466263172e776d8cdc58bbef5ff02","root.record.ItemExhibitList.P10AdvanceProcurementList.P10AdvanceProcurement.APCostElementCategoryList.CFE.APCostElement"
"2013","See End Item P5A","2012-12","2012-12","0","0","2012-12","TBD","I think i","2013-BASE_PROCUREMENT-2013-NAVY_AIRCRAFT_BA1-4-JustificationBook_Navy_PB_2013.zzz_unzipped-JustificationBook_Navy_PB_2013.xml","1a7189ca3ac3735d5b4780456bb4c8dddad618396ddbf80b22c606ea18981840","0-c2e78f1d0c3ae5af37dd20897721823557bfc9fddad3911553532d156564f088","","","","4-44bbe6951057d512f936f4408418c525ba8e739eac505327683ce63eb6ef6ee0","root.record.ItemExhibitList.P10AdvanceProcurementList.P10AdvanceProcurement.APCostElementCategoryList.CFE.APCostElement"
"2013","See End Item P5A","2013-06","2013-06","0","0","2013-06","TBD","I think i","2013-BASE_PROCUREMENT-2013-NAVY_AIRCRAFT_BA1-4-JustificationBook_Navy_PB_2013.zzz_unzipped-JustificationBook_Navy_PB_2013.xml","62ca14cc634acb0c901935df39de84860d1f64314c02973b24f410208b3cf78e","0-a0767e2673cb0e6d2d2aad9b48fb46eb88576ac5acaf2869ba8acd9d5f051be7","","","","0-976b737540db82e6f4594b430bf2ee46b6f56c6acd7c58243d8f5d5e24de3caf","root.record.ItemExhibitList.P10AdvanceProcurementList.P10AdvanceProcurement.APCostElementCategoryList.CFE.APCostElement"
"2013","See End Item P5A","2012-02","2012-02","0","0","2012-02","TBD","I think i","2013-BASE_PROCUREMENT-2013-NAVY_AIRCRAFT_BA1-4-JustificationBook_Navy_PB_2013.zzz_unzipped-JustificationBook_Navy_PB_2013.xml","c58f3e1b9e38e357fc3c36cb6204a5182b2e132e43a0c2e90cc87c9d07cd04f0","0-af33591e4f9f9043a1468d17e6fbc55ca555bf3ee2036ac9b119bcf4f9a0616b","","","","0-96ab96e81ca32a2dd15d52e7c5900aa1970ea45589de1dbbf2532053b6171bb6","root.record.ItemExhibitList.P10AdvanceProcurementList.P10AdvanceProcurement.APCostElementCategoryList.CFE.APCostElement"
"2013","See End Item P5A","2014-07","2014-07","0","0","2014-07","TBD","I think i","2013-BASE_PROCUREMENT-2013-NAVY_AIRCRAFT_BA1-4-JustificationBook_Navy_PB_2013.zzz_unzipped-JustificationBook_Navy_PB_2013.xml","d2754e07aff7a1b263a31dad19b45c69e96d75bcc74c3f11578b13908f285a79","0-80e1286fa4c4a33e4768c25397c5d587f815a84c160af5e32370431d24cde3a7","","","","0-f268d9e024ea8aa18a2d9a83855c2065eba9dd5224f391e80f4d4fb6918172e6","root.record.ItemExhibitList.P10AdvanceProcurementList.P10AdvanceProcurement.APCostElementCategoryList.CFE.APCostElement"
"2013","See End Item P5A","2013-11","2013-11","0","0","2013-11","TBD","I think i","2013-BASE_PROCUREMENT-2013-NAVY_AIRCRAFT_BA1-4-JustificationBook_Navy_PB_2013.zzz_unzipped-JustificationBook_Navy_PB_2013.xml","35ba065fc15348b04ce24529e69be9f99c6cbf65b10c2c0aa5e1f211a03d3de7","0-b7768d72869218613a071ee25c232440e37b4bba870bd95ae59988cc925e94f4","","","","0-0cc29a50fd0059a96cbb4a2201ea18f56dbb2cac2169ff15461d1190db0fb936","root.record.ItemExhibitList.P10AdvanceProcurementList.P10AdvanceProcurement.APCostElementCategoryList.CFE.APCostElement"
"2013","See End Item P5A","2012-12","2012-12","0","0","2012-12","TBD","I think i","2013-BASE_PROCUREMENT-2013-NAVY_AIRCRAFT_BA1-4-JustificationBook_Navy_PB_2013.zzz_unzipped-JustificationBook_Navy_PB_2013.xml","1b6e4b702b24277efec88c4dfcfbc287d38c3d115d2ccf877dd9d7935349683e","0-ff8ee32e28cb3786129536dbcdede121953af547a5bd5661311925b5a053cfbd","","","","0-38134aac049eda627903d2f2a068c470be879d0969b854251c074038c1805f84","root.record.ItemExhibitList.P10AdvanceProcurementList.P10AdvanceProcurement.APCostElementCategoryList.CFE.APCostElement"
"2013","See End Item P5A","2012-12","2012-12","0","0","2012-12","TBD","I think i","2013-BASE_PROCUREMENT-2013-NAVY_AIRCRAFT_BA1-4-JustificationBook_Navy_PB_2013.zzz_unzipped-JustificationBook_Navy_PB_2013.xml","e15cc253127a516a7fca2e9705906e3c1522561f68e61267472a1ae406c2db8f","0-76a1d328d91f47054c8c17aa72ecc93d21e36710ff654bb25ed801b363c5d279","","","","0-9b6f9eecb09178a25824c32c3065080b0c5f61bb8189922c1654b0895f4fcf8c","root.record.ItemExhibitList.P10AdvanceProcurementList.P10AdvanceProcurement.APCostElementCategoryList.CFE.APCostElement"
"2013","See End Item P5A","2012-12","2012-12","0","0","2012-12","TBD","I think i","2013-BASE_PROCUREMENT-2013-NAVY_AIRCRAFT_BA1-4-JustificationBook_Navy_PB_2013.zzz_unzipped-JustificationBook_Navy_PB_2013.xml","88900f9fefa8c2efa538b7df0981031e5954f9d461c6376f83fc0b897746a2a5","0-015abc13e1d3eaaac0a8a8b3f043c92c2022b65284888f9ffa15cf982efccfd4","","","","0-0aa53ddb293c0389004513df05ebeda5e56dbdee935133a9d107ee87d20324fa","root.record.ItemExhibitList.P10AdvanceProcurementList.P10AdvanceProcurement.APCostElementCategoryList.CFE.APCostElement"
"2013","See End Item P5A","2012-12","2012-12","0","0","2012-12","TBD","I think i","2013-BASE_PROCUREMENT-2013-NAVY_AIRCRAFT_BA7-MasterJustificationBook_Navy_PB_2013.zzz_unzipped-MasterJustificationBook_Navy_PB_2013.xml","52b39e0ba477b629fab29d59fdc36d8c3d0ab657f636c88f6789b1fdfc38a7cd","0-224860f0140cc0ecf71cd318de748f780fe92ac6ea699e702d177e2ff625f334","","","","0-eb23e8d7ee7b351f4cf52abe36705d186d70ac62be06bca9ea4e91cab675124d","root.record.ItemExhibitList.P10AdvanceProcurementList.P10AdvanceProcurement.APCostElementCategoryList.CFE.APCostElement"
"2013","See End Item P5A","2012-12","2012-12","0","0","2012-12","TBD","I think i","2013-BASE_PROCUREMENT-2013-NAVY_AIRCRAFT_BA7-MasterJustificationBook_Navy_PB_2013.zzz_unzipped-MasterJustificationBook_Navy_PB_2013.xml","52b39e0ba477b629fab29d59fdc36d8c3d0ab657f636c88f6789b1fdfc38a7cd","0-9af966e7dfa9eaa03bcbbdcb73e9557b69e7ec19a00c50537b6e5ae2a57e4f62","","","","1-d204b870bc79f034127f4a77ac650d074122682895f22190d00f39b76ee08c23","root.record.ItemExhibitList.P10AdvanceProcurementList.P10AdvanceProcurement.APCostElementCategoryList.CFE.APCostElement"
"2013","See End Item P5A","2012-12","2012-12","0","0","2012-12","TBD","I think i","2013-BASE_PROCUREMENT-2013-NAVY_AIRCRAFT_BA7-MasterJustificationBook_Navy_PB_2013.zzz_unzipped-MasterJustificationBook_Navy_PB_2013.xml","52b39e0ba477b629fab29d59fdc36d8c3d0ab657f636c88f6789b1fdfc38a7cd","0-faeb05dafdd8837817efaef8c4b2f1afa9790a7546978d07d3eb964f764e822b","","","","2-9a89c97b38616e029c1d3ca820f9c163a50e8225a5bdfa2f475547ae0d88e1e2","root.record.ItemExhibitList.P10AdvanceProcurementList.P10AdvanceProcurement.APCostElementCategoryList.CFE.APCostElement"
"2013","See End Item P5A","2012-12","2012-12","0","0","2012-12","TBD","I think i","2013-BASE_PROCUREMENT-2013-NAVY_AIRCRAFT_BA7-MasterJustificationBook_Navy_PB_2013.zzz_unzipped-MasterJustificationBook_Navy_PB_2013.xml","52b39e0ba477b629fab29d59fdc36d8c3d0ab657f636c88f6789b1fdfc38a7cd","0-d705200f98bc8c1bc0821c85ba369471e87f73bebc803541c075b7188aa64dc5","","","","3-73f0167482c88061a396b518fe1e6e943c6c6346c3fc2a72c580abc29bafe976","root.record.ItemExhibitList.P10AdvanceProcurementList.P10AdvanceProcurement.APCostElementCategoryList.CFE.APCostElement"
"2013","See End Item P5A","2012-12","2012-12","0","0","2012-12","TBD","I think i","2013-BASE_PROCUREMENT-2013-NAVY_AIRCRAFT_BA7-MasterJustificationBook_Navy_PB_2013.zzz_unzipped-MasterJustificationBook_Navy_PB_2013.xml","52b39e0ba477b629fab29d59fdc36d8c3d0ab657f636c88f6789b1fdfc38a7cd","0-3b5dea02da8b08c36cbf235bf510056a32179aa37f6463d64543ed3c840e0e92","","","","4-dacd80ee0fadd25d6271f0b06f6866671cfe09de1bb77eff8002af2dcba874b6","root.record.ItemExhibitList.P10AdvanceProcurementList.P10AdvanceProcurement.APCostElementCategoryList.CFE.APCostElement"
"2013","See End Item P5A","2013-06","2013-06","0","0","2013-06","TBD","I think i","2013-BASE_PROCUREMENT-2013-NAVY_AIRCRAFT_BA7-MasterJustificationBook_Navy_PB_2013.zzz_unzipped-MasterJustificationBook_Navy_PB_2013.xml","a239252c2db994d3d59f63231ca3c22a219233e70e30c14c66a0ba0cdfbe6d4f","0-c85ad80cf26a2ef6c7102bcd603fce3a3341f91df04d5864cd58358e65823b4e","","","","0-5e7da9bea5b2c792a64129b5cfadbaecce67b398293624d13315db68fbbfe89e","root.record.ItemExhibitList.P10AdvanceProcurementList.P10AdvanceProcurement.APCostElementCategoryList.CFE.APCostElement"
"2013","See End Item P5A","2012-02","2012-02","0","0","2012-02","TBD","I think i","2013-BASE_PROCUREMENT-2013-NAVY_AIRCRAFT_BA7-MasterJustificationBook_Navy_PB_2013.zzz_unzipped-MasterJustificationBook_Navy_PB_2013.xml","f574b404c7e4bb0b9eaa9bd06310ba954fd8383396e28c51365d22c8228792d8","0-e75347ae7df908d984394043dca29ef2b6fffbd49eff20f8051620a8aec61f93","","","","0-016e82ace194ad8d6bce4281fdaa9fecb39515a345301fe9a03793255f716822","root.record.ItemExhibitList.P10AdvanceProcurementList.P10AdvanceProcurement.APCostElementCategoryList.CFE.APCostElement"
"2013","See End Item P5A","2014-07","2014-07","0","0","2014-07","TBD","I think i","2013-BASE_PROCUREMENT-2013-NAVY_AIRCRAFT_BA7-MasterJustificationBook_Navy_PB_2013.zzz_unzipped-MasterJustificationBook_Navy_PB_2013.xml","19b818fa742a194bd563aa5faa6e5e005c270142ae3622837df452b09ef21fd9","0-431a81a1795317a9cf0550ca360c4b62508eda1c7a32b1e257b0e80b25cde65e","","","","0-c488d2641527fde37d9bf17943fad4f3b7f9380865bda863d93fe5e1aa618c19","root.record.ItemExhibitList.P10AdvanceProcurementList.P10AdvanceProcurement.APCostElementCategoryList.CFE.APCostElement"
"2013","See End Item P5A","2013-11","2013-11","0","0","2013-11","TBD","I think i","2013-BASE_PROCUREMENT-2013-NAVY_AIRCRAFT_BA7-MasterJustificationBook_Navy_PB_2013.zzz_unzipped-MasterJustificationBook_Navy_PB_2013.xml","a2cf9a9f7e41de0e4e8e70c616aab683dbff4c199053caf8b648f74fa8d86680","0-6742350df8219f1a787c24fc08df551a624d917c5a696f80f95ce89d1edfc957","","","","0-be4c10dc3bdd50c67f9f73e2573f9e40366ae5ee3fea0b93d0de3c7b3736ae76","root.record.ItemExhibitList.P10AdvanceProcurementList.P10AdvanceProcurement.APCostElementCategoryList.CFE.APCostElement"
"2013","See End Item P5A","2012-12","2012-12","0","0","2012-12","TBD","I think i","2013-BASE_PROCUREMENT-2013-NAVY_AIRCRAFT_BA7-MasterJustificationBook_Navy_PB_2013.zzz_unzipped-MasterJustificationBook_Navy_PB_2013.xml","6be8c1ba8081b3684a551a7ebb51417b1707dd863e3e39ea0bab2286adf1d1a8","0-e42311d0274d3eb23bbccd76b8a1b051aa9866710348af324b0ae9f6a6426537","","","","0-d8fbec70cfb12c1ecc3e4064f1fac49bfb326f283524fe2a6a53126ce9e34ff9","root.record.ItemExhibitList.P10AdvanceProcurementList.P10AdvanceProcurement.APCostElementCategoryList.CFE.APCostElement"
"2013","See End Item P5A","2012-12","2012-12","0","0","2012-12","TBD","I think i","2013-BASE_PROCUREMENT-2013-NAVY_AIRCRAFT_BA7-MasterJustificationBook_Navy_PB_2013.zzz_unzipped-MasterJustificationBook_Navy_PB_2013.xml","57b7e75a2b5cb2d490ce2912a42672afdb440d0c4fc34c245fb92baa86ce8db1","0-353097578b519b11dfaec4209162c2bb9216d343bc4c26f85b3d1e6acb85dca3","","","","0-790d9a3223208cfd698f2c06ba3e7674d26eee56e70e2c08208f9fb4119bc3e9","root.record.ItemExhibitList.P10AdvanceProcurementList.P10AdvanceProcurement.APCostElementCategoryList.CFE.APCostElement"
"2013","See End Item P5A","2012-12","2012-12","0","0","2012-12","TBD","I think i","2013-BASE_PROCUREMENT-2013-NAVY_AIRCRAFT_BA7-MasterJustificationBook_Navy_PB_2013.zzz_unzipped-MasterJustificationBook_Navy_PB_2013.xml","7597bbdd4d25ec92c5844fecacfdaaaa10c12e15befbde6f7b81db23360e002e","0-f0abe63b0939f22b21877a9bcb0c5fb85572a9234a90ab6dd4f95e8acca338fb","","","","0-710b2f742282ca12703d94e63589869908915d3b3407404ccf2973fbb5564d7a","root.record.ItemExhibitList.P10AdvanceProcurementList.P10AdvanceProcurement.APCostElementCategoryList.CFE.APCostElement"
"2012","77","2013-03","2014-02","19","19.400","2012-04","","","2014-BASE_PROCUREMENT-2014-AIRFORCE_AIRCRAFT_VOL1-PROCUREMENT_JustificationBook_Air_Force_PB_2014.zzz_unzipped-PROCUREMENT_JustificationBook_Air_Force_PB_2014.xml","9b61234d81d63166f24ad258b5e55dffeec409e2dd27bb2645028bc0cc61d668","0-0d83e9cc0a1eb378aa14d6c64ade96e97502fe675bfc3a2ad411b1b4e1d4380e","true","SS","FPIF","0-cce0616c433f9548e50baa7fa8509d0807e27181d69f035d9872bb85c25fa7e1","root.record.ItemExhibitList.P10AdvanceProcurementList.P10AdvanceProcurement.APCostElementCategoryList.CFE.APCostElement"
"2013","77","2013-03","2014-12","19","12.045","2012-04","","","2014-BASE_PROCUREMENT-2014-AIRFORCE_AIRCRAFT_VOL1-PROCUREMENT_JustificationBook_Air_Force_PB_2014.zzz_unzipped-PROCUREMENT_JustificationBook_Air_Force_PB_2014.xml","9b61234d81d63166f24ad258b5e55dffeec409e2dd27bb2645028bc0cc61d668","1-750ee80b7925901e2078dd80001272bef913104635a439b6a393a3885c70ed12","true","SS","FPIF","0-cce0616c433f9548e50baa7fa8509d0807e27181d69f035d9872bb85c25fa7e1","root.record.ItemExhibitList.P10AdvanceProcurementList.P10AdvanceProcurement.APCostElementCategoryList.CFE.APCostElement"
"2014","77","2014-03","2015-12","30","9.458","2013-01","","","2014-BASE_PROCUREMENT-2014-AIRFORCE_AIRCRAFT_VOL1-PROCUREMENT_JustificationBook_Air_Force_PB_2014.zzz_unzipped-PROCUREMENT_JustificationBook_Air_Force_PB_2014.xml","9b61234d81d63166f24ad258b5e55dffeec409e2dd27bb2645028bc0cc61d668","2-f01592ea538d1b75817e6130eeac183302c76d79584fa9630ee202536c70c820","true","SS","FPIF","0-cce0616c433f9548e50baa7fa8509d0807e27181d69f035d9872bb85c25fa7e1","root.record.ItemExhibitList.P10AdvanceProcurementList.P10AdvanceProcurement.APCostElementCategoryList.CFE.APCostElement"
"2013","NAVAIR","2013-04","2015-01","3","5.000","2011-02","","","2014-BASE_PROCUREMENT-2014-AIRFORCE_AIRCRAFT_VOL1-PROCUREMENT_JustificationBook_Air_Force_PB_2014.zzz_unzipped-PROCUREMENT_JustificationBook_Air_Force_PB_2014.xml","2646edf56b0a2f35eb384cabca2534ac2cc070221cde934447c037bbc8c8d2fd","0-437258c7b9b7e5fc150744a7af0dd2d761325912dd05dbf19bbfc67313e3917b","true","SS","FPIF","0-32a67bbcfcdd3468e0261a38269e510088902c0510b3c5b89f9483731d222e4b","root.record.ItemExhibitList.P10AdvanceProcurementList.P10AdvanceProcurement.APCostElementCategoryList.CFE.APCostElement"
"2011","WPAFB, OH","2011-07","2014-08","1","9.877","2010-12","","","2014-BASE_PROCUREMENT-2014-AIRFORCE_AIRCRAFT_VOL1-PROCUREMENT_JustificationBook_Air_Force_PB_2014.zzz_unzipped-PROCUREMENT_JustificationBook_Air_Force_PB_2014.xml","bd8d3703cfac5e9e892e26e724cf56264b9f965383fa3d44cc73d8d7aff20159","0-a29cc75c6870ee8fa29b0aceab9bba3aa488d1df9728ab539cad1705e9bbc17a","true","SS","FFP","0-527bb2b9264c6ea34ca8256bddab5c0db2724e8a9a294c7e06585fad72d58171","root.record.ItemExhibitList.P10AdvanceProcurementList.P10AdvanceProcurement.APCostElementCategoryList.CFE.APCostElement"
"2012","WPAFB, OH","2012-03","2015-04","2","10.000","2012-02","","","2014-BASE_PROCUREMENT-2014-AIRFORCE_AIRCRAFT_VOL1-PROCUREMENT_JustificationBook_Air_Force_PB_2014.zzz_unzipped-PROCUREMENT_JustificationBook_Air_Force_PB_2014.xml","bd8d3703cfac5e9e892e26e724cf56264b9f965383fa3d44cc73d8d7aff20159","1-f25e723474d7f70853593bbe1a4c0045774ab503fb25ed7b400e2f5a01f70be8","true","SS","FFP","0-527bb2b9264c6ea34ca8256bddab5c0db2724e8a9a294c7e06585fad72d58171","root.record.ItemExhibitList.P10AdvanceProcurementList.P10AdvanceProcurement.APCostElementCategoryList.CFE.APCostElement"
"2012","TBD","2013-07","2015-12","3","23.833","2013-05","","","2014-BASE_PROCUREMENT-2014-AIRFORCE_AIRCRAFT_VOL1-PROCUREMENT_JustificationBook_Air_Force_PB_2014.zzz_unzipped-PROCUREMENT_JustificationBook_Air_Force_PB_2014.xml","7d6024d0805daa28a288cfe9e56a9395294a4bb690e51891da9ecc5630b114e6","0-9e68718a66c6d2de317954bee2b8697947d5529fc4e0a3476226b782f31c7cb0","true","SS","FPIF","0-4f21935da8287143fc3350db2d29d40bcad1b106fa80d71ffa597092d6d3d371","root.record.ItemExhibitList.P10AdvanceProcurementList.P10AdvanceProcurement.APCostElementCategoryList.CFE.APCostElement"
"2011","WPAFB, OH","2011-07","2014-09","1","11.055","2010-12","","","2014-BASE_PROCUREMENT-2014-AIRFORCE_AIRCRAFT_VOL1-PROCUREMENT_JustificationBook_Air_Force_PB_2014.zzz_unzipped-PROCUREMENT_JustificationBook_Air_Force_PB_2014.xml","87fe378a0d0a4ac2bd7f5599a847577c8b84352d788084ef2c6af33bc809e3d3","0-045c47a43f151c033b1f68b62603a11977afde16da748dc0fb069ca12b4f571d","true","SS","FFP","0-5b8eef94a217686084c1bc7e3c9261ef5085ee5effd1f4a703bf63b4fbaf4eb0","root.record.ItemExhibitList.P10AdvanceProcurementList.P10AdvanceProcurement.APCostElementCategoryList.CFE.APCostElement"
"2014","WPAFB, OH","2014-03","2016-09","7","10.000","2012-10","","","2014-BASE_PROCUREMENT-2014-AIRFORCE_AIRCRAFT_VOL1-PROCUREMENT_JustificationBook_Air_Force_PB_2014.zzz_unzipped-PROCUREMENT_JustificationBook_Air_Force_PB_2014.xml","87fe378a0d0a4ac2bd7f5599a847577c8b84352d788084ef2c6af33bc809e3d3","1-a46a3851f25693cccfa4ce2e13c25c7e308d7cc99845bf11e123d4724b68fae5","true","SS","FFP","0-5b8eef94a217686084c1bc7e3c9261ef5085ee5effd1f4a703bf63b4fbaf4eb0","root.record.ItemExhibitList.P10AdvanceProcurementList.P10AdvanceProcurement.APCostElementCategoryList.CFE.APCostElement"
"2012","WPAFB, OH","2012-03","2015-05","4","10.000","2012-02","","","2014-BASE_PROCUREMENT-2014-AIRFORCE_AIRCRAFT_VOL1-PROCUREMENT_JustificationBook_Air_Force_PB_2014.zzz_unzipped-PROCUREMENT_JustificationBook_Air_Force_PB_2014.xml","8006d245bd699020fdba3c4b1cd620c2f5d69d075a47574c25b22402c14a21e8","0-7079e1410df1503c96862007b62775687db57ebffdaea1cac15da2339e8aa36c","true","SS","FFP","0-a5fea80fb403aa0fb9d155d449e6db40db98891193174804a044e3832b7fda2c","root.record.ItemExhibitList.P10AdvanceProcurementList.P10AdvanceProcurement.APCostElementCategoryList.CFE.APCostElement"
"2014","WPAFB, OH","2014-03","2017-01","2","10.000","2012-10","","","2014-BASE_PROCUREMENT-2014-AIRFORCE_AIRCRAFT_VOL1-PROCUREMENT_JustificationBook_Air_Force_PB_2014.zzz_unzipped-PROCUREMENT_JustificationBook_Air_Force_PB_2014.xml","8006d245bd699020fdba3c4b1cd620c2f5d69d075a47574c25b22402c14a21e8","1-57cd58fbad4e32ed57f49a9ecb06d09fb48fd1fb01fe7cd8dfe37f0840bdf2c6","true","SS","FPIF","0-a5fea80fb403aa0fb9d155d449e6db40db98891193174804a044e3832b7fda2c","root.record.ItemExhibitList.P10AdvanceProcurementList.P10AdvanceProcurement.APCostElementCategoryList.CFE.APCostElement"
"2012","77","2013-03","2014-02","19","19.400","2012-04","","","2014-BASE_PROCUREMENT-2014-AIRFORCE_AIRCRAFT_VOL2-PROCUREMENT_MasterJustificationBook_Air_Force_PB_2014.zzz_unzipped-PROCUREMENT_MasterJustificationBook_Air_Force_PB_2014.xml","49e6ebb877c28b1a5a5ad3ec630e9669d0f205b4790c66bd50e69d037f2b0687","0-520c9b93afd1b80ee8139bc7d7e0f832f752adc6d20c841334ce86c76b67824a","true","SS","FPIF","0-e67665dd542656101f53c97c1e61fc6499f25d1933a4a04f98010170eca1b9f7","root.record.ItemExhibitList.P10AdvanceProcurementList.P10AdvanceProcurement.APCostElementCategoryList.CFE.APCostElement"
"2013","77","2013-03","2014-12","19","12.045","2012-04","","","2014-BASE_PROCUREMENT-2014-AIRFORCE_AIRCRAFT_VOL2-PROCUREMENT_MasterJustificationBook_Air_Force_PB_2014.zzz_unzipped-PROCUREMENT_MasterJustificationBook_Air_Force_PB_2014.xml","49e6ebb877c28b1a5a5ad3ec630e9669d0f205b4790c66bd50e69d037f2b0687","1-362daa67d8fb5306d955656a89be24e1b81af1176707696701c2ea3bc13a9fc5","true","SS","FPIF","0-e67665dd542656101f53c97c1e61fc6499f25d1933a4a04f98010170eca1b9f7","root.record.ItemExhibitList.P10AdvanceProcurementList.P10AdvanceProcurement.APCostElementCategoryList.CFE.APCostElement"
"2014","77","2014-03","2015-12","30","9.458","2013-01","","","2014-BASE_PROCUREMENT-2014-AIRFORCE_AIRCRAFT_VOL2-PROCUREMENT_MasterJustificationBook_Air_Force_PB_2014.zzz_unzipped-PROCUREMENT_MasterJustificationBook_Air_Force_PB_2014.xml","49e6ebb877c28b1a5a5ad3ec630e9669d0f205b4790c66bd50e69d037f2b0687","2-357f51431e6027f8e9dc961648e566402f191ad6cc13242794458e098edf0948","true","SS","FPIF","0-e67665dd542656101f53c97c1e61fc6499f25d1933a4a04f98010170eca1b9f7","root.record.ItemExhibitList.P10AdvanceProcurementList.P10AdvanceProcurement.APCostElementCategoryList.CFE.APCostElement"
"2013","NAVAIR","2013-04","2015-01","3","5.000","2011-02","","","2014-BASE_PROCUREMENT-2014-AIRFORCE_AIRCRAFT_VOL2-PROCUREMENT_MasterJustificationBook_Air_Force_PB_2014.zzz_unzipped-PROCUREMENT_MasterJustificationBook_Air_Force_PB_2014.xml","87e6219c53a6a0e21d8cd2ef48641c364c0940e3ebc418f58e09ce6611c01b96","0-706cfc2abfacda247c60c6a0910378d268b9668d18a94784b558a49d5c62954c","true","SS","FPIF","0-ca62ca6d091a30a17ada7f1e06dbb723118d5deec094965edf459aad4112269b","root.record.ItemExhibitList.P10AdvanceProcurementList.P10AdvanceProcurement.APCostElementCategoryList.CFE.APCostElement"
"2011","WPAFB, OH","2011-07","2014-08","1","9.877","2010-12","","","2014-BASE_PROCUREMENT-2014-AIRFORCE_AIRCRAFT_VOL2-PROCUREMENT_MasterJustificationBook_Air_Force_PB_2014.zzz_unzipped-PROCUREMENT_MasterJustificationBook_Air_Force_PB_2014.xml","45f0be2dfff78b26486004bb5ff808ec4df07601617e528c9f2d0e3c0b68a716","0-ce0710f3f02db9e13c7d1f35503286d8bbc63e4d72eec46d54635c963991a00c","true","SS","FFP","0-fcc1d8de85ae4def4802a4dbdd8515670ab2ef62953ae296650cd4898aae36eb","root.record.ItemExhibitList.P10AdvanceProcurementList.P10AdvanceProcurement.APCostElementCategoryList.CFE.APCostElement"
"2012","WPAFB, OH","2012-03","2015-04","2","10.000","2012-02","","","2014-BASE_PROCUREMENT-2014-AIRFORCE_AIRCRAFT_VOL2-PROCUREMENT_MasterJustificationBook_Air_Force_PB_2014.zzz_unzipped-PROCUREMENT_MasterJustificationBook_Air_Force_PB_2014.xml","45f0be2dfff78b26486004bb5ff808ec4df07601617e528c9f2d0e3c0b68a716","1-4a41067551bde28efb63b977d06e8335d33831670fa0a602c46fdbeb808428e7","true","SS","FFP","0-fcc1d8de85ae4def4802a4dbdd8515670ab2ef62953ae296650cd4898aae36eb","root.record.ItemExhibitList.P10AdvanceProcurementList.P10AdvanceProcurement.APCostElementCategoryList.CFE.APCostElement"
"2012","TBD","2013-07","2015-12","3","23.833","2013-05","","","2014-BASE_PROCUREMENT-2014-AIRFORCE_AIRCRAFT_VOL2-PROCUREMENT_MasterJustificationBook_Air_Force_PB_2014.zzz_unzipped-PROCUREMENT_MasterJustificationBook_Air_Force_PB_2014.xml","20f7907056336be4710ebeb3bc8594a8c51886c61c07ee8b10c3abad2debace8","0-9102dddd88b417efa011c73d4771559e6b8857dd83d72ba66ae2b00e70ec8bd7","true","SS","FPIF","0-a9b5cd165b60410a4ef5db2c4007be174b30b0dc9481e118cc20085f708345a4","root.record.ItemExhibitList.P10AdvanceProcurementList.P10AdvanceProcurement.APCostElementCategoryList.CFE.APCostElement"
"2011","WPAFB, OH","2011-07","2014-09","1","11.055","2010-12","","","2014-BASE_PROCUREMENT-2014-AIRFORCE_AIRCRAFT_VOL2-PROCUREMENT_MasterJustificationBook_Air_Force_PB_2014.zzz_unzipped-PROCUREMENT_MasterJustificationBook_Air_Force_PB_2014.xml","488edd08a4134d4ef47f67932aa0e770dd42909fc6ec080a1be4113faa890508","0-198cdd1edf06d1224c90f3a78eac2550956e3d9131a55f15905e74979b3170e0","true","SS","FFP","0-311b01a831fdc99645df25e6b65a8aaeb5000bf639a5eb546ff160ca09b9aa55","root.record.ItemExhibitList.P10AdvanceProcurementList.P10AdvanceProcurement.APCostElementCategoryList.CFE.APCostElement"
"2014","WPAFB, OH","2014-03","2016-09","7","10.000","2012-10","","","2014-BASE_PROCUREMENT-2014-AIRFORCE_AIRCRAFT_VOL2-PROCUREMENT_MasterJustificationBook_Air_Force_PB_2014.zzz_unzipped-PROCUREMENT_MasterJustificationBook_Air_Force_PB_2014.xml","488edd08a4134d4ef47f67932aa0e770dd42909fc6ec080a1be4113faa890508","1-acce74c17587d8241079020c493c3b00e39dbabe386b3b2f929977d951bfd026","true","SS","FFP","0-311b01a831fdc99645df25e6b65a8aaeb5000bf639a5eb546ff160ca09b9aa55","root.record.ItemExhibitList.P10AdvanceProcurementList.P10AdvanceProcurement.APCostElementCategoryList.CFE.APCostElement"
"2012","WPAFB, OH","2012-03","2015-05","4","10.000","2012-02","","","2014-BASE_PROCUREMENT-2014-AIRFORCE_AIRCRAFT_VOL2-PROCUREMENT_MasterJustificationBook_Air_Force_PB_2014.zzz_unzipped-PROCUREMENT_MasterJustificationBook_Air_Force_PB_2014.xml","568274f6da4ae741bf3451b1e4bd1ce95232308fe969b118463d712471e787ca","0-b7a5d46e3f52c345daea2b78521b01eb3de72147b00a4a6cf1ff30cf5c2eea33","true","SS","FFP","0-4ab390f53086ebc0b9a00c2bf0623a6f23190c41cbf0d63a4d10e7dbec1cdcf4","root.record.ItemExhibitList.P10AdvanceProcurementList.P10AdvanceProcurement.APCostElementCategoryList.CFE.APCostElement"
"2014","WPAFB, OH","2014-03","2017-01","2","10.000","2012-10","","","2014-BASE_PROCUREMENT-2014-AIRFORCE_AIRCRAFT_VOL2-PROCUREMENT_MasterJustificationBook_Air_Force_PB_2014.zzz_unzipped-PROCUREMENT_MasterJustificationBook_Air_Force_PB_2014.xml","568274f6da4ae741bf3451b1e4bd1ce95232308fe969b118463d712471e787ca","1-818c83015051a81d0976aab4d72090f9eb5459fb5e335a3b8b2c25c9637cc415","true","SS","FPIF","0-4ab390f53086ebc0b9a00c2bf0623a6f23190c41cbf0d63a4d10e7dbec1cdcf4","root.record.ItemExhibitList.P10AdvanceProcurementList.P10AdvanceProcurement.APCostElementCategoryList.CFE.APCostElement"
"2012","77","2013-03","2014-02","19","19.400","2012-04","","","2014-BASE_PROCUREMENT-2014-AIRFORCE_AIRCRAFT_VOL1-PROCUREMENT_MasterJustificationBook_Air_Force_PB_2014.zzz_unzipped-PROCUREMENT_MasterJustificationBook_Air_Force_PB_2014.xml","6ab9e29ac3b8aded689164aba8dab423bb75c52b5172bcd81d5d2ac7eeafb8ff","0-1cfac34dd6a516336fa77ef751a806a33c18f379a9d2dc2d48f1a1fc4b9deb5f","true","SS","FPIF","0-25deb959859ec2e5d34973f5b1775d72f3bc5f09fa8e28932101385c9ef04d52","root.record.ItemExhibitList.P10AdvanceProcurementList.P10AdvanceProcurement.APCostElementCategoryList.CFE.APCostElement"
"2013","77","2013-03","2014-12","19","12.045","2012-04","","","2014-BASE_PROCUREMENT-2014-AIRFORCE_AIRCRAFT_VOL1-PROCUREMENT_MasterJustificationBook_Air_Force_PB_2014.zzz_unzipped-PROCUREMENT_MasterJustificationBook_Air_Force_PB_2014.xml","6ab9e29ac3b8aded689164aba8dab423bb75c52b5172bcd81d5d2ac7eeafb8ff","1-78e61b754e133d94cad31adc597d70980aac00f954e796b9590bbcbe9b7ab254","true","SS","FPIF","0-25deb959859ec2e5d34973f5b1775d72f3bc5f09fa8e28932101385c9ef04d52","root.record.ItemExhibitList.P10AdvanceProcurementList.P10AdvanceProcurement.APCostElementCategoryList.CFE.APCostElement"
"2014","77","2014-03","2015-12","30","9.458","2013-01","","","2014-BASE_PROCUREMENT-2014-AIRFORCE_AIRCRAFT_VOL1-PROCUREMENT_MasterJustificationBook_Air_Force_PB_2014.zzz_unzipped-PROCUREMENT_MasterJustificationBook_Air_Force_PB_2014.xml","6ab9e29ac3b8aded689164aba8dab423bb75c52b5172bcd81d5d2ac7eeafb8ff","2-a97d43c9ade07e8d29b73c3556819c9930a3896b83a7620d9da166d2058a60b1","true","SS","FPIF","0-25deb959859ec2e5d34973f5b1775d72f3bc5f09fa8e28932101385c9ef04d52","root.record.ItemExhibitList.P10AdvanceProcurementList.P10AdvanceProcurement.APCostElementCategoryList.CFE.APCostElement"
"2013","NAVAIR","2013-04","2015-01","3","5.000","2011-02","","","2014-BASE_PROCUREMENT-2014-AIRFORCE_AIRCRAFT_VOL1-PROCUREMENT_MasterJustificationBook_Air_Force_PB_2014.zzz_unzipped-PROCUREMENT_MasterJustificationBook_Air_Force_PB_2014.xml","64862d5509d36b3dc25821d3aee2b698b642d9914a9acb94aba0df7947892b95","0-90b4c9a6fca880af1f1eaaacd800b005d690d1c1b00dc508fa438feb56fe7072","true","SS","FPIF","0-3f2fe229fd16d297ab0ac85253808a23b594a08f63158634b980ab5422ced6c4","root.record.ItemExhibitList.P10AdvanceProcurementList.P10AdvanceProcurement.APCostElementCategoryList.CFE.APCostElement"
"2011","WPAFB, OH","2011-07","2014-08","1","9.877","2010-12","","","2014-BASE_PROCUREMENT-2014-AIRFORCE_AIRCRAFT_VOL1-PROCUREMENT_MasterJustificationBook_Air_Force_PB_2014.zzz_unzipped-PROCUREMENT_MasterJustificationBook_Air_Force_PB_2014.xml","df67eff3c686183f6dcf7d4101da8c03f51d7865cf70fd8211d6e348ea90397e","0-7956272390714c1db3f3019ceadb1a00c624c2b9b525f29f38ad917d4e6ee551","true","SS","FFP","0-9341d91656463a9c899b88b56eea803f508ebcca88bb66c2e412712aaf6b9272","root.record.ItemExhibitList.P10AdvanceProcurementList.P10AdvanceProcurement.APCostElementCategoryList.CFE.APCostElement"
"2012","WPAFB, OH","2012-03","2015-04","2","10.000","2012-02","","","2014-BASE_PROCUREMENT-2014-AIRFORCE_AIRCRAFT_VOL1-PROCUREMENT_MasterJustificationBook_Air_Force_PB_2014.zzz_unzipped-PROCUREMENT_MasterJustificationBook_Air_Force_PB_2014.xml","df67eff3c686183f6dcf7d4101da8c03f51d7865cf70fd8211d6e348ea90397e","1-b41dc7bbaabde9ced98bd0122180bfb02801930249834c255bc3c8dcd7602163","true","SS","FFP","0-9341d91656463a9c899b88b56eea803f508ebcca88bb66c2e412712aaf6b9272","root.record.ItemExhibitList.P10AdvanceProcurementList.P10AdvanceProcurement.APCostElementCategoryList.CFE.APCostElement"
"2012","TBD","2013-07","2015-12","3","23.833","2013-05","","","2014-BASE_PROCUREMENT-2014-AIRFORCE_AIRCRAFT_VOL1-PROCUREMENT_MasterJustificationBook_Air_Force_PB_2014.zzz_unzipped-PROCUREMENT_MasterJustificationBook_Air_Force_PB_2014.xml","316c8a1eea6fda1117d3c520bf1b7b3c456a990002e7720ef4597a622b9eacd5","0-7c93e601abf16f52b855375ba9a94b5035c67f62f7d91762718ad128b2e90ea9","true","SS","FPIF","0-bd4bbca6d95326793889be9bcca24c9961d4614fa4c1360ad2785ff556e29f86","root.record.ItemExhibitList.P10AdvanceProcurementList.P10AdvanceProcurement.APCostElementCategoryList.CFE.APCostElement"
"2011","WPAFB, OH","2011-07","2014-09","1","11.055","2010-12","","","2014-BASE_PROCUREMENT-2014-AIRFORCE_AIRCRAFT_VOL1-PROCUREMENT_MasterJustificationBook_Air_Force_PB_2014.zzz_unzipped-PROCUREMENT_MasterJustificationBook_Air_Force_PB_2014.xml","9de913aeb6567c0d4534e57110f9dda8f4ab9f2890ebec10995f16b0056b8d4a","0-26a0de92fbeef07f3bde21de61487288d61cf08581ccb033df615fbcce8885b9","true","SS","FFP","0-fd9ed2b2b0fc6600ed6f705568b821ac378f77d0e6300affd6c16c22c5db4fff","root.record.ItemExhibitList.P10AdvanceProcurementList.P10AdvanceProcurement.APCostElementCategoryList.CFE.APCostElement"
"2014","WPAFB, OH","2014-03","2016-09","7","10.000","2012-10","","","2014-BASE_PROCUREMENT-2014-AIRFORCE_AIRCRAFT_VOL1-PROCUREMENT_MasterJustificationBook_Air_Force_PB_2014.zzz_unzipped-PROCUREMENT_MasterJustificationBook_Air_Force_PB_2014.xml","9de913aeb6567c0d4534e57110f9dda8f4ab9f2890ebec10995f16b0056b8d4a","1-763818b59cacfe559c960bb65188eaa46f99ce10bde70202b0c242dfab145037","true","SS","FFP","0-fd9ed2b2b0fc6600ed6f705568b821ac378f77d0e6300affd6c16c22c5db4fff","root.record.ItemExhibitList.P10AdvanceProcurementList.P10AdvanceProcurement.APCostElementCategoryList.CFE.APCostElement"
"2012","WPAFB, OH","2012-03","2015-05","4","10.000","2012-02","","","2014-BASE_PROCUREMENT-2014-AIRFORCE_AIRCRAFT_VOL1-PROCUREMENT_MasterJustificationBook_Air_Force_PB_2014.zzz_unzipped-PROCUREMENT_MasterJustificationBook_Air_Force_PB_2014.xml","1800a4a3cade962759517e8f30a849a8b21a34bb984d87d8abe05b8727f27625","0-758707b678a709714ea8cd27fe972a5e424f6aca84b945ae91110d0b6a1c27f6","true","SS","FFP","0-1e1ed3d1afbcb8eb7481f4e99a8b48864abd0767a5d9682ecb98e1d73d60420a","root.record.ItemExhibitList.P10AdvanceProcurementList.P10AdvanceProcurement.APCostElementCategoryList.CFE.APCostElement"
"2014","WPAFB, OH","2014-03","2017-01","2","10.000","2012-10","","","2014-BASE_PROCUREMENT-2014-AIRFORCE_AIRCRAFT_VOL1-PROCUREMENT_MasterJustificationBook_Air_Force_PB_2014.zzz_unzipped-PROCUREMENT_MasterJustificationBook_Air_Force_PB_2014.xml","1800a4a3cade962759517e8f30a849a8b21a34bb984d87d8abe05b8727f27625","1-67fa81bff45d0d35d7c0ad3371eaec36a59e0ccf166b046c6a8739b50088142b","true","SS","FPIF","0-1e1ed3d1afbcb8eb7481f4e99a8b48864abd0767a5d9682ecb98e1d73d60420a","root.record.ItemExhibitList.P10AdvanceProcurementList.P10AdvanceProcurement.APCostElementCategoryList.CFE.APCostElement"
"2013","See End Item P5A","0001-01","0001-01","0","0","0001-01","TBD","I think i","2014-BASE_PROCUREMENT-2014-NAVY_AIRCRAFT_BA1-4-PROCUREMENT_JustificationBook_Navy_PB_2014.zzz_unzipped-PROCUREMENT_JustificationBook_Navy_PB_2014.xml","59eb071a2b8c27825df619eb2437ee7c5c84f3ba541674a32571545b2cf94550","0-9dc0af7fb89c6ca80abea94466dadf65a83cf9ab8e9c0e271fa8cbde0a9b65fc","","","","0-b4e8efa5ce7b1c116c9ae83a568156fcd56b54a364676fa753cad1ab4d650b81","root.record.ItemExhibitList.P10AdvanceProcurementList.P10AdvanceProcurement.APCostElementCategoryList.CFE.APCostElement"
"2013","See End Item P5A","0001-01","0001-01","0","0","0001-01","TBD","I think i","2014-BASE_PROCUREMENT-2014-NAVY_AIRCRAFT_BA1-4-PROCUREMENT_JustificationBook_Navy_PB_2014.zzz_unzipped-PROCUREMENT_JustificationBook_Navy_PB_2014.xml","7fa98ebdf00716dac253784ec3c8e6d0fdbc0d8a1c13700e5d8d3eb0e6053267","0-c2777d2bd27bce62be61deb79bacd2350eb557ecfb7c2c6b40906db6545b6b4f","","","","0-830468e2cb7f88d368a14cf0ee4150f6e854bd15bcef3766a689b4a0d3c7fb18","root.record.ItemExhibitList.P10AdvanceProcurementList.P10AdvanceProcurement.APCostElementCategoryList.CFE.APCostElement"
"2013","See End Item P5A","0001-01","0001-01","0","0","0001-01","TBD","I think i","2014-BASE_PROCUREMENT-2014-NAVY_AIRCRAFT_BA1-4-PROCUREMENT_JustificationBook_Navy_PB_2014.zzz_unzipped-PROCUREMENT_JustificationBook_Navy_PB_2014.xml","7fa98ebdf00716dac253784ec3c8e6d0fdbc0d8a1c13700e5d8d3eb0e6053267","0-a47775db8106f220aec7b171e301b99a3400f74275ec7d84a2a8894e19e2e7f0","","","","1-142ec2753a3a21c1b669cc9049bdc3ec7c311eb1aad5b906d010f03cca336b9c","root.record.ItemExhibitList.P10AdvanceProcurementList.P10AdvanceProcurement.APCostElementCategoryList.CFE.APCostElement"
"2013","See End Item P5A","0001-01","0001-01","0","0","0001-01","TBD","I think i","2014-BASE_PROCUREMENT-2014-NAVY_AIRCRAFT_BA1-4-PROCUREMENT_JustificationBook_Navy_PB_2014.zzz_unzipped-PROCUREMENT_JustificationBook_Navy_PB_2014.xml","7fa98ebdf00716dac253784ec3c8e6d0fdbc0d8a1c13700e5d8d3eb0e6053267","0-b74a34f14c852d544b15a1a7ad05506f060619898dc7b9f97e061206808414da","","","","2-bbc6706e5a088979c25376920e330ea8688c17824979d9ece78bb75f051beb88","root.record.ItemExhibitList.P10AdvanceProcurementList.P10AdvanceProcurement.APCostElementCategoryList.CFE.APCostElement"
"2013","See End Item P5A","0001-01","0001-01","0","0","0001-01","TBD","I think i","2014-BASE_PROCUREMENT-2014-NAVY_AIRCRAFT_BA1-4-PROCUREMENT_JustificationBook_Navy_PB_2014.zzz_unzipped-PROCUREMENT_JustificationBook_Navy_PB_2014.xml","7fa98ebdf00716dac253784ec3c8e6d0fdbc0d8a1c13700e5d8d3eb0e6053267","0-c1475cfa5152c851b7c698ce6caf2296f3aa01e3b37506129dce8d9d1548d844","","","","3-67741f37c53822dbad2017d4a390d96ae8e42d088f41c5bdb5bff45aa4fbad2d","root.record.ItemExhibitList.P10AdvanceProcurementList.P10AdvanceProcurement.APCostElementCategoryList.CFE.APCostElement"
"2013","See End Item P5A","2013-12","2013-12","0","0","2013-12","TBD","I think i","2014-BASE_PROCUREMENT-2014-NAVY_AIRCRAFT_BA1-4-PROCUREMENT_JustificationBook_Navy_PB_2014.zzz_unzipped-PROCUREMENT_JustificationBook_Navy_PB_2014.xml","d9f1e0fb0d1c8f37f7cf1fb8789cbe4e3f3cf2139c15aa9e23860a1278ea6cc4","0-5936b01c0d08ed1e5a674acdcb2001b0d3e04867f25fcea534bcde8cebac0f22","","","","0-dd7475823e72061d578948b5131d685e83bd2f61b6de1953dce3aef3dac02983","root.record.ItemExhibitList.P10AdvanceProcurementList.P10AdvanceProcurement.APCostElementCategoryList.CFE.APCostElement"
"2013","See End Item P5A","2013-12","2013-12","0","0","2013-12","TBD","I think i","2014-BASE_PROCUREMENT-2014-NAVY_AIRCRAFT_BA1-4-PROCUREMENT_JustificationBook_Navy_PB_2014.zzz_unzipped-PROCUREMENT_JustificationBook_Navy_PB_2014.xml","d9f1e0fb0d1c8f37f7cf1fb8789cbe4e3f3cf2139c15aa9e23860a1278ea6cc4","0-f5ccbc64deb2d46d6dd438e6d310151a67ef2dbd7a8fec2a72f7ec7764426def","","","","1-9427a9cacd210d6a563e28c19a878472668402e439779059a305d1fe206da6f9","root.record.ItemExhibitList.P10AdvanceProcurementList.P10AdvanceProcurement.APCostElementCategoryList.CFE.APCostElement"
"2013","See End Item P5A","2013-12","2013-12","0","0","2013-12","TBD","I think i","2014-BASE_PROCUREMENT-2014-NAVY_AIRCRAFT_BA1-4-PROCUREMENT_JustificationBook_Navy_PB_2014.zzz_unzipped-PROCUREMENT_JustificationBook_Navy_PB_2014.xml","d9f1e0fb0d1c8f37f7cf1fb8789cbe4e3f3cf2139c15aa9e23860a1278ea6cc4","0-44d394312c50d78c2da4b208c95d30453459063349274dc2f8f758406c6004e8","","","","2-83815a38f7d2efc0e9aa26d267af455ea564c85432ad17a973f8b79c3d1fd263","root.record.ItemExhibitList.P10AdvanceProcurementList.P10AdvanceProcurement.APCostElementCategoryList.CFE.APCostElement"
"2013","See End Item P5A","2013-12","2013-12","0","0","2013-12","TBD","I think i","2014-BASE_PROCUREMENT-2014-NAVY_AIRCRAFT_BA1-4-PROCUREMENT_JustificationBook_Navy_PB_2014.zzz_unzipped-PROCUREMENT_JustificationBook_Navy_PB_2014.xml","d9f1e0fb0d1c8f37f7cf1fb8789cbe4e3f3cf2139c15aa9e23860a1278ea6cc4","0-22af50cbd04d7af4554f32d502561bb15c1ec797caf7ee65e292818dd6460df8","","","","3-3cf96a9228156beb00c0962976792c14d9be1746e8bb6e8705746533cf5bcbf6","root.record.ItemExhibitList.P10AdvanceProcurementList.P10AdvanceProcurement.APCostElementCategoryList.CFE.APCostElement"
"2013","See End Item P5A","2013-12","2013-12","0","0","2013-12","TBD","I think i","2014-BASE_PROCUREMENT-2014-NAVY_AIRCRAFT_BA1-4-PROCUREMENT_JustificationBook_Navy_PB_2014.zzz_unzipped-PROCUREMENT_JustificationBook_Navy_PB_2014.xml","d9f1e0fb0d1c8f37f7cf1fb8789cbe4e3f3cf2139c15aa9e23860a1278ea6cc4","0-81ba82c8ccc2a27aa45e2def75ba01065036734b9a945b12a563b3a9d3d2edd0","","","","4-c54221e5083c1c165cbf95d5617d5547e22ff0c9b4dc0ed512fc618c00d6b5c7","root.record.ItemExhibitList.P10AdvanceProcurementList.P10AdvanceProcurement.APCostElementCategoryList.CFE.APCostElement"
"2013","See End Item P5A","2013-12","2013-12","0","0","2013-12","TBD","I think i","2014-BASE_PROCUREMENT-2014-NAVY_AIRCRAFT_BA1-4-PROCUREMENT_JustificationBook_Navy_PB_2014.zzz_unzipped-PROCUREMENT_JustificationBook_Navy_PB_2014.xml","fca80c4a5bf23e192e9420dded4f49a1b46495e610d6495e88d6fe525d380853","0-54c4fa9c0b23416f00daaecb908aa0cca197736d3555651b61d2c409be46cec2","","","","0-9cdfe266fe74739f3253f8b28e62152de7f1e24ed50266824a59f9eb12c99103","root.record.ItemExhibitList.P10AdvanceProcurementList.P10AdvanceProcurement.APCostElementCategoryList.CFE.APCostElement"
"2013","See End Item P5A","2013-12","2013-12","0","0","2013-12","TBD","I think i","2014-BASE_PROCUREMENT-2014-NAVY_AIRCRAFT_BA1-4-PROCUREMENT_JustificationBook_Navy_PB_2014.zzz_unzipped-PROCUREMENT_JustificationBook_Navy_PB_2014.xml","fca80c4a5bf23e192e9420dded4f49a1b46495e610d6495e88d6fe525d380853","0-b4020561cec83bf6387d3baa834636b42e10606e19c64b9a053e3af50cc60044","","","","1-e948179e4114dd0b464bbba12a26514576f460413fae3aebf4762104bc6571ab","root.record.ItemExhibitList.P10AdvanceProcurementList.P10AdvanceProcurement.APCostElementCategoryList.CFE.APCostElement"
"2013","See End Item P5A","2014-06","2014-06","0","0","2014-06","TBD","I think i","2014-BASE_PROCUREMENT-2014-NAVY_AIRCRAFT_BA1-4-PROCUREMENT_JustificationBook_Navy_PB_2014.zzz_unzipped-PROCUREMENT_JustificationBook_Navy_PB_2014.xml","9153159fe86babf2338e4b160b0225ad806515ca1ccc0dbf362bf9b5e04bfffb","0-f9bb1f730b65957c3d5842c678a0a4c2367eb51f24c318aad94980534b5f38cc","","","","0-42d4427b9ae8b07eb8c30a3e17538c220db7131c73758f6646a1bb4ba24f910b","root.record.ItemExhibitList.P10AdvanceProcurementList.P10AdvanceProcurement.APCostElementCategoryList.CFE.APCostElement"
"2013","See End Item P5A","2013-04","2013-04","0","0","2013-04","TBD","I think i","2014-BASE_PROCUREMENT-2014-NAVY_AIRCRAFT_BA1-4-PROCUREMENT_JustificationBook_Navy_PB_2014.zzz_unzipped-PROCUREMENT_JustificationBook_Navy_PB_2014.xml","0665cc0483394d06f3f23a211d09a0bac88f7a74f6e6df002dd9f2bcbf15f4e0","0-b8b4cc04d099b95d3a9196e83e4b4766d18feead29e386a44ac49b6e30a698d1","","","","0-2e0c40fefdbb482b225df52f1a93ddc6155cd027f0d2b82332034d7e44c5de22","root.record.ItemExhibitList.P10AdvanceProcurementList.P10AdvanceProcurement.APCostElementCategoryList.CFE.APCostElement"
"2013","See End Item P5A","0001-01","0001-01","0","0","0001-01","TBD","I think i","2014-BASE_PROCUREMENT-2014-NAVY_AIRCRAFT_BA1-4-PROCUREMENT_JustificationBook_Navy_PB_2014.zzz_unzipped-PROCUREMENT_JustificationBook_Navy_PB_2014.xml","0665cc0483394d06f3f23a211d09a0bac88f7a74f6e6df002dd9f2bcbf15f4e0","0-1ac91e741463ba3eaa052700326b3eb640dcb36a749922418e2f701db8f1f468","","","","1-fe27b98ad537afafe10a11782f99cb3dcdf568bab139662ac7149bed80594fe6","root.record.ItemExhibitList.P10AdvanceProcurementList.P10AdvanceProcurement.APCostElementCategoryList.CFE.APCostElement"
"2013","See End Item P5A","0001-01","0001-01","0","0","0001-01","TBD","I think i","2014-BASE_PROCUREMENT-2014-NAVY_AIRCRAFT_BA1-4-PROCUREMENT_JustificationBook_Navy_PB_2014.zzz_unzipped-PROCUREMENT_JustificationBook_Navy_PB_2014.xml","0665cc0483394d06f3f23a211d09a0bac88f7a74f6e6df002dd9f2bcbf15f4e0","0-3d2a56289eaa8eb3ef254b0f3d4074f2d27ad662cea86b1e3a2eb6c7c964acfb","","","","2-76b5f7c19444f919c2501d153c39dccfdb6b37ffa0a96c76bd58ee046ff559a9","root.record.ItemExhibitList.P10AdvanceProcurementList.P10AdvanceProcurement.APCostElementCategoryList.CFE.APCostElement"
"2013","See End Item P5A","0001-01","0001-01","0","0","0001-01","TBD","I think i","2014-BASE_PROCUREMENT-2014-NAVY_AIRCRAFT_BA1-4-PROCUREMENT_JustificationBook_Navy_PB_2014.zzz_unzipped-PROCUREMENT_JustificationBook_Navy_PB_2014.xml","0665cc0483394d06f3f23a211d09a0bac88f7a74f6e6df002dd9f2bcbf15f4e0","0-dd19cc0290125bbbd864fa53e45c0067dcfd5114071843e5d234e996dd928325","","","","3-0b4ff072528fc99f8d02abaa200838fca83865c6037287ae04d72ff6d07de1c8","root.record.ItemExhibitList.P10AdvanceProcurementList.P10AdvanceProcurement.APCostElementCategoryList.CFE.APCostElement"
"2013","See End Item P5A","0001-01","0001-01","0","0","0001-01","TBD","I think i","2014-BASE_PROCUREMENT-2014-NAVY_AIRCRAFT_BA1-4-PROCUREMENT_JustificationBook_Navy_PB_2014.zzz_unzipped-PROCUREMENT_JustificationBook_Navy_PB_2014.xml","0665cc0483394d06f3f23a211d09a0bac88f7a74f6e6df002dd9f2bcbf15f4e0","0-c3cb58b8b03cc06b21a8662d3410e45695bb5bc25496765d96e20615d460f733","","","","4-5695a62ac9aea954b78ce9a7d96fbdfd1e65aed2267eb03864c1d4a2e0eef7f6","root.record.ItemExhibitList.P10AdvanceProcurementList.P10AdvanceProcurement.APCostElementCategoryList.CFE.APCostElement"
"2013","See End Item P5A","0001-01","0001-01","0","0","0001-01","TBD","I think i","2014-BASE_PROCUREMENT-2014-NAVY_AIRCRAFT_BA1-4-PROCUREMENT_JustificationBook_Navy_PB_2014.zzz_unzipped-PROCUREMENT_JustificationBook_Navy_PB_2014.xml","0665cc0483394d06f3f23a211d09a0bac88f7a74f6e6df002dd9f2bcbf15f4e0","0-125a61e826a872521bc5078ae637a6550af00b17d454df0a62e4545bc2700a8e","","","","5-1472a37638f003188f3cf6a088760db344da4150b6096733c5a09c9dbff915c1","root.record.ItemExhibitList.P10AdvanceProcurementList.P10AdvanceProcurement.APCostElementCategoryList.CFE.APCostElement"
"2013","See End Item P5A","0001-01","0001-01","0","0","0001-01","TBD","I think i","2014-BASE_PROCUREMENT-2014-NAVY_AIRCRAFT_BA1-4-PROCUREMENT_JustificationBook_Navy_PB_2014.zzz_unzipped-PROCUREMENT_JustificationBook_Navy_PB_2014.xml","0665cc0483394d06f3f23a211d09a0bac88f7a74f6e6df002dd9f2bcbf15f4e0","0-4c5f30c65774f6e794ee2a32a4327128cc5cb76357998e54c80a446e2a551d41","","","","6-923e0fcb39e5999fbb282571af5b5c516ba0a0e54dcc5c2ecf81b81c53f9f811","root.record.ItemExhibitList.P10AdvanceProcurementList.P10AdvanceProcurement.APCostElementCategoryList.CFE.APCostElement"
"2013","See End Item P5A","2014-07","2014-07","0","0","2014-07","TBD","I think i","2014-BASE_PROCUREMENT-2014-NAVY_AIRCRAFT_BA1-4-PROCUREMENT_JustificationBook_Navy_PB_2014.zzz_unzipped-PROCUREMENT_JustificationBook_Navy_PB_2014.xml","2ca0b177ff5773179adc68e99a8aa14d5082a81544df1d5d478b6a1901815e1a","0-e36b2d456051857d125d8c22315a08ff825f36f38a6d98631a1e9ab19cf6657e","","","","0-09e75add7ae3f2f30a4e41b1beeea57c8b29571437affe96b46c02ab32d22f3c","root.record.ItemExhibitList.P10AdvanceProcurementList.P10AdvanceProcurement.APCostElementCategoryList.CFE.APCostElement"
"2013","See End Item P5A","0001-01","0001-01","0","0","0001-01","TBD","I think i","2014-BASE_PROCUREMENT-2014-NAVY_AIRCRAFT_BA1-4-PROCUREMENT_JustificationBook_Navy_PB_2014.zzz_unzipped-PROCUREMENT_JustificationBook_Navy_PB_2014.xml","64929e2f3b423b633d4163e755851b1fd905e7aae3c16591258a0272ed89fca7","0-96e2a89d29e06ffe3c64c202695e4686c67a0749d643545d3f17302a9d0708b4","","","","0-5e72d6dcd265de59be3b6b5bcd21a291622f1c9de6b2c3ab7657e5b809615b92","root.record.ItemExhibitList.P10AdvanceProcurementList.P10AdvanceProcurement.APCostElementCategoryList.CFE.APCostElement"
"2013","See End Item P5A","0001-01","0001-01","0","0","0001-01","TBD","I think i","2014-BASE_PROCUREMENT-2014-NAVY_AIRCRAFT_BA1-4-PROCUREMENT_JustificationBook_Navy_PB_2014.zzz_unzipped-PROCUREMENT_JustificationBook_Navy_PB_2014.xml","049cb91018f89e9c503e94cc8bbd5cb09e1075dae1b2910caf7d2d2f90fe1cc2","0-21715ecd7279f814011b4ad1d945331b1c6fd8667c3085aaa65656b7aca6953d","","","","0-2a44719052ac3f76349beacf4fe10c57075f8c395eee32b0f4c43e77aaa07559","root.record.ItemExhibitList.P10AdvanceProcurementList.P10AdvanceProcurement.APCostElementCategoryList.CFE.APCostElement"
"2013","See End Item P5A","2012-12","2012-12","0","0","2012-12","TBD","I think i","2014-BASE_PROCUREMENT-2014-NAVY_AIRCRAFT_BA1-4-PROCUREMENT_JustificationBook_Navy_PB_2014.zzz_unzipped-PROCUREMENT_JustificationBook_Navy_PB_2014.xml","f49d6e455d4d07bc582f76515e80682a468b3173944aca0167c23cde3c9c266d","0-512987e8bd9098b89d3822815f25988f8610462eed2c906160fd4ba894cbbcf5","","","","0-c9072deafb0cf7f11c930c9564e5795abc33f222cab2d0afeaef6c60486e7b21","root.record.ItemExhibitList.P10AdvanceProcurementList.P10AdvanceProcurement.APCostElementCategoryList.CFE.APCostElement"
"2013","See End Item P5A","2013-03","2013-03","0","0","2013-03","TBD","I think i","2014-BASE_PROCUREMENT-2014-NAVY_AIRCRAFT_BA1-4-PROCUREMENT_JustificationBook_Navy_PB_2014.zzz_unzipped-PROCUREMENT_JustificationBook_Navy_PB_2014.xml","c580d71111988ee8091a7769091dbf3b7f66dcdd6bb7f463ae21ffa990ebfa68","0-b1b0be4ee0fa857fa279f8a6ae491c43c7d278c8e2342228d41ac01544897f1a","","","","0-3f9f0d7cd4f641ae0f3b63604d5a4675c27ab03ae2bea4071e995264c57df4b3","root.record.ItemExhibitList.P10AdvanceProcurementList.P10AdvanceProcurement.APCostElementCategoryList.CFE.APCostElement"
"2013","See End Item P5A","0001-01","0001-01","0","0","0001-01","TBD","I think i","2014-BASE_PROCUREMENT-2014-NAVY_AIRCRAFT_BA1-4-PROCUREMENT_JustificationBook_Navy_PB_2014.zzz_unzipped-PROCUREMENT_JustificationBook_Navy_PB_2014.xml","548502376cfb19caab6522063ca08ecec5f9aeace484fcfe2ccf2e4ec8f531b1","0-1ea44c935e778e3b0581dc9072d98e2ed07f3cc61ac40e2d343c4d42b6058f53","","","","0-93039174788be52caf5a32b9858270f2d52a1aead72f05ed2a57044d027011b8","root.record.ItemExhibitList.P10AdvanceProcurementList.P10AdvanceProcurement.APCostElementCategoryList.CFE.APCostElement"
"2013","See End Item P5A","0001-01","0001-01","0","0","0001-01","TBD","I think i","2014-BASE_PROCUREMENT-2014-NAVY_AIRCRAFT_BA1-4-PROCUREMENT_JustificationBook_Navy_PB_2014.zzz_unzipped-PROCUREMENT_JustificationBook_Navy_PB_2014.xml","548502376cfb19caab6522063ca08ecec5f9aeace484fcfe2ccf2e4ec8f531b1","0-6ff904bdfe87bbd7a286a7d692aede535b35b761c8e1510927e05052c1c38653","","","","1-46f64509b310fef18e9fae06cf98841000113471df05a2cb2e0f27da900ddb28","root.record.ItemExhibitList.P10AdvanceProcurementList.P10AdvanceProcurement.APCostElementCategoryList.CFE.APCostElement"
"2013","See End Item P5A","0001-01","0001-01","0","0","0001-01","TBD","I think i","2014-BASE_PROCUREMENT-2014-NAVY_AIRCRAFT_BA1-4-PROCUREMENT_JustificationBook_Navy_PB_2014.zzz_unzipped-PROCUREMENT_JustificationBook_Navy_PB_2014.xml","548502376cfb19caab6522063ca08ecec5f9aeace484fcfe2ccf2e4ec8f531b1","0-82f55a9b6f071083e0e51f830f540f63e68196434b028aed8c534d1dd2a78632","","","","2-bcc77479bf1bce7a1c04b778640167b1fff95c761ed4abf25a6131a511a93942","root.record.ItemExhibitList.P10AdvanceProcurementList.P10AdvanceProcurement.APCostElementCategoryList.CFE.APCostElement"
"2013","See End Item P5A","0001-01","0001-01","0","0","0001-01","TBD","I think i","2014-BASE_PROCUREMENT-2014-NAVY_AIRCRAFT_BA1-4-PROCUREMENT_JustificationBook_Navy_PB_2014.zzz_unzipped-PROCUREMENT_JustificationBook_Navy_PB_2014.xml","548502376cfb19caab6522063ca08ecec5f9aeace484fcfe2ccf2e4ec8f531b1","0-776eb29631a0968d611c223a8191ad2a0cca38767fd86068cec4ff8c10139659","","","","3-06cd20625c4c05de84be44e28875fb0943d1ef4a4815d4a403b61b02d83a1e53","root.record.ItemExhibitList.P10AdvanceProcurementList.P10AdvanceProcurement.APCostElementCategoryList.CFE.APCostElement"
"2013","See End Item P5A","0001-01","0001-01","0","0","0001-01","TBD","I think i","2014-BASE_PROCUREMENT-2014-NAVY_AIRCRAFT_BA1-4-PROCUREMENT_JustificationBook_Navy_PB_2014.zzz_unzipped-PROCUREMENT_JustificationBook_Navy_PB_2014.xml","548502376cfb19caab6522063ca08ecec5f9aeace484fcfe2ccf2e4ec8f531b1","0-1cc567321d6ce53bd764fabe4f8e0cb2195aaa747d95a8f8bc027b5d8cfc3fb5","","","","4-0c456a05decaf16e9e2c1638c3dc90b5c1906075d33bad3c0b0b004ced8bf3ca","root.record.ItemExhibitList.P10AdvanceProcurementList.P10AdvanceProcurement.APCostElementCategoryList.CFE.APCostElement"
"2013","See End Item P5A","0001-01","0001-01","0","0","0001-01","TBD","I think i","2014-BASE_PROCUREMENT-2014-NAVY_AIRCRAFT_BA1-4-PROCUREMENT_JustificationBook_Navy_PB_2014.zzz_unzipped-PROCUREMENT_JustificationBook_Navy_PB_2014.xml","548502376cfb19caab6522063ca08ecec5f9aeace484fcfe2ccf2e4ec8f531b1","0-774f9c18ad8e88aebb5d5ee9096fd4810bca6458a6658ac440eeba483216fc58","","","","5-c7907daf015a289a4be9960f686d74636239048d71fccb92229ca1eee369ea87","root.record.ItemExhibitList.P10AdvanceProcurementList.P10AdvanceProcurement.APCostElementCategoryList.CFE.APCostElement"
"2013","See End Item P5A","0001-01","0001-01","0","0","0001-01","TBD","I think i","2014-BASE_PROCUREMENT-2014-NAVY_AIRCRAFT_BA1-4-PROCUREMENT_JustificationBook_Navy_PB_2014.zzz_unzipped-PROCUREMENT_JustificationBook_Navy_PB_2014.xml","548502376cfb19caab6522063ca08ecec5f9aeace484fcfe2ccf2e4ec8f531b1","0-732e8e9ba8b4c0994912ffffd40835ca36b22e767ca0d2be984def461e3746ea","","","","6-a6ab49253562548d9715be181f6aeed4b99b1372e15ccae58833d2ce447accca","root.record.ItemExhibitList.P10AdvanceProcurementList.P10AdvanceProcurement.APCostElementCategoryList.CFE.APCostElement"
"2013","See End Item P5A","0001-01","0001-01","0","0","0001-01","TBD","I think i","2014-BASE_PROCUREMENT-2014-NAVY_AIRCRAFT_BA1-4-PROCUREMENT_JustificationBook_Navy_PB_2014.zzz_unzipped-PROCUREMENT_JustificationBook_Navy_PB_2014.xml","548502376cfb19caab6522063ca08ecec5f9aeace484fcfe2ccf2e4ec8f531b1","0-d393ec9a341e2a65c9edf4cc8667fc5386cf7703814723d98b2b3a33883c4a53","","","","7-d431b2354ab688b01c12eecacff0756ccbc2d7a25da5ca7069b3bb64b0f1fd37","root.record.ItemExhibitList.P10AdvanceProcurementList.P10AdvanceProcurement.APCostElementCategoryList.CFE.APCostElement"
"2013","See End Item P5A","0001-01","0001-01","0","0","0001-01","TBD","I think i","2014-BASE_PROCUREMENT-2014-NAVY_AIRCRAFT_BA1-4-PROCUREMENT_JustificationBook_Navy_PB_2014.zzz_unzipped-PROCUREMENT_JustificationBook_Navy_PB_2014.xml","548502376cfb19caab6522063ca08ecec5f9aeace484fcfe2ccf2e4ec8f531b1","0-d2319ca140be168a8f22d4c8b810b0c06c78f6bfaa8346d846d9bca0497f2cb1","","","","8-04de228ee20d8bf554705c1ddd9d6dc8ddc0e749cfd6f86339ddf3130a04da62","root.record.ItemExhibitList.P10AdvanceProcurementList.P10AdvanceProcurement.APCostElementCategoryList.CFE.APCostElement"
"2013","See End Item P5A","0001-01","0001-01","0","0","0001-01","TBD","I think i","2014-BASE_PROCUREMENT-2014-NAVY_AIRCRAFT_BA7-PROCUREMENT_MasterJustificationBook_Navy_PB_2014.zzz_unzipped-PROCUREMENT_MasterJustificationBook_Navy_PB_2014.xml","fc4b633568d09aa78acf18bb3a1378b7461e8def6999ee372311daf44c967cce","0-e85b4ac74b95c3d68c2ba00e548dd9a36b2af3fb11891547c3f7f179f5349457","","","","0-28b83c9746f341e95a5aea706eb7ef5868dbd04a19e5edc307be0cf432cf3719","root.record.ItemExhibitList.P10AdvanceProcurementList.P10AdvanceProcurement.APCostElementCategoryList.CFE.APCostElement"
"2013","See End Item P5A","0001-01","0001-01","0","0","0001-01","TBD","I think i","2014-BASE_PROCUREMENT-2014-NAVY_AIRCRAFT_BA7-PROCUREMENT_MasterJustificationBook_Navy_PB_2014.zzz_unzipped-PROCUREMENT_MasterJustificationBook_Navy_PB_2014.xml","912a0777608d20b2121a6300558e1d0534b143ba812d36c1f1c4cf1a32ae3eba","0-d665744b8ff6cfa88367856c8b9da6a0d3e8de4361beeee8c663bb770ff384ac","","","","0-74daf3bd7198f16e94531e695688fc10bb44e8df37d24540009212672f9b65af","root.record.ItemExhibitList.P10AdvanceProcurementList.P10AdvanceProcurement.APCostElementCategoryList.CFE.APCostElement"
"2013","See End Item P5A","0001-01","0001-01","0","0","0001-01","TBD","I think i","2014-BASE_PROCUREMENT-2014-NAVY_AIRCRAFT_BA7-PROCUREMENT_MasterJustificationBook_Navy_PB_2014.zzz_unzipped-PROCUREMENT_MasterJustificationBook_Navy_PB_2014.xml","912a0777608d20b2121a6300558e1d0534b143ba812d36c1f1c4cf1a32ae3eba","0-8d886d996cc8288c1cc5c2f3032cdcc4ca4cae93058d86bf782e5fce1df9ab2e","","","","1-4ee64ab126accdb60e6aa600641bde03d965cc2e8a6ef1e940abf5d6122d577a","root.record.ItemExhibitList.P10AdvanceProcurementList.P10AdvanceProcurement.APCostElementCategoryList.CFE.APCostElement"
"2013","See End Item P5A","0001-01","0001-01","0","0","0001-01","TBD","I think i","2014-BASE_PROCUREMENT-2014-NAVY_AIRCRAFT_BA7-PROCUREMENT_MasterJustificationBook_Navy_PB_2014.zzz_unzipped-PROCUREMENT_MasterJustificationBook_Navy_PB_2014.xml","912a0777608d20b2121a6300558e1d0534b143ba812d36c1f1c4cf1a32ae3eba","0-206d4b31cf8925ff8241f51ef0b47f5e632551147f11efba8b646f953152764e","","","","2-5fa6a22e9f9aad778d807025e216548ca2cbceb9aa5a87210c39858a86c14413","root.record.ItemExhibitList.P10AdvanceProcurementList.P10AdvanceProcurement.APCostElementCategoryList.CFE.APCostElement"
"2013","See End Item P5A","0001-01","0001-01","0","0","0001-01","TBD","I think i","2014-BASE_PROCUREMENT-2014-NAVY_AIRCRAFT_BA7-PROCUREMENT_MasterJustificationBook_Navy_PB_2014.zzz_unzipped-PROCUREMENT_MasterJustificationBook_Navy_PB_2014.xml","912a0777608d20b2121a6300558e1d0534b143ba812d36c1f1c4cf1a32ae3eba","0-3e562bd4dcedf6f39b7393e2f32f95a46bc565309cd6af3452520a30ea61d659","","","","3-c438203fb53e1208b65714f60b3b21a1fbf86c911d57ad05608ba3088071d02d","root.record.ItemExhibitList.P10AdvanceProcurementList.P10AdvanceProcurement.APCostElementCategoryList.CFE.APCostElement"
"2013","See End Item P5A","2013-12","2013-12","0","0","2013-12","TBD","I think i","2014-BASE_PROCUREMENT-2014-NAVY_AIRCRAFT_BA7-PROCUREMENT_MasterJustificationBook_Navy_PB_2014.zzz_unzipped-PROCUREMENT_MasterJustificationBook_Navy_PB_2014.xml","1c2d5511c3f630f505de429e2f146cf42b31bec595aeddf890e7246c6084e8dd","0-e44db93986cb721215597ebd8485032d457753445cb9fada2bf5f5ba417d9afa","","","","0-ee63635561693459cafbd79e3f226c9e9506b5d3b46267b9318186b7adb95a19","root.record.ItemExhibitList.P10AdvanceProcurementList.P10AdvanceProcurement.APCostElementCategoryList.CFE.APCostElement"
"2013","See End Item P5A","2013-12","2013-12","0","0","2013-12","TBD","I think i","2014-BASE_PROCUREMENT-2014-NAVY_AIRCRAFT_BA7-PROCUREMENT_MasterJustificationBook_Navy_PB_2014.zzz_unzipped-PROCUREMENT_MasterJustificationBook_Navy_PB_2014.xml","1c2d5511c3f630f505de429e2f146cf42b31bec595aeddf890e7246c6084e8dd","0-0292004c95c025018a86628e013532f14875d3b872066a962188fa3768dd1b63","","","","1-409678a3cb7c406b53c3af8883cd4d3c70547ce9e67ef5f0599a9d8cb240a4cc","root.record.ItemExhibitList.P10AdvanceProcurementList.P10AdvanceProcurement.APCostElementCategoryList.CFE.APCostElement"
"2013","See End Item P5A","2013-12","2013-12","0","0","2013-12","TBD","I think i","2014-BASE_PROCUREMENT-2014-NAVY_AIRCRAFT_BA7-PROCUREMENT_MasterJustificationBook_Navy_PB_2014.zzz_unzipped-PROCUREMENT_MasterJustificationBook_Navy_PB_2014.xml","1c2d5511c3f630f505de429e2f146cf42b31bec595aeddf890e7246c6084e8dd","0-ff2674a6f44a0c8390a5535e54566e7fd6946a655a1c5614be90a4e1d6d777f4","","","","2-290b4fa8fc9812e176ef0332ccd9b70e1b21dee658fdc240bcb4fc427ce811b2","root.record.ItemExhibitList.P10AdvanceProcurementList.P10AdvanceProcurement.APCostElementCategoryList.CFE.APCostElement"
"2013","See End Item P5A","2013-12","2013-12","0","0","2013-12","TBD","I think i","2014-BASE_PROCUREMENT-2014-NAVY_AIRCRAFT_BA7-PROCUREMENT_MasterJustificationBook_Navy_PB_2014.zzz_unzipped-PROCUREMENT_MasterJustificationBook_Navy_PB_2014.xml","1c2d5511c3f630f505de429e2f146cf42b31bec595aeddf890e7246c6084e8dd","0-3157b0653646685ff2121a08d8dd7865c2573cec1dd2c2857a8230ab073e4901","","","","3-6ec48d8854ff042ba4dd5d6ea3525de64068510cf6bbbf57e9d52f849deae681","root.record.ItemExhibitList.P10AdvanceProcurementList.P10AdvanceProcurement.APCostElementCategoryList.CFE.APCostElement"
"2013","See End Item P5A","2013-12","2013-12","0","0","2013-12","TBD","I think i","2014-BASE_PROCUREMENT-2014-NAVY_AIRCRAFT_BA7-PROCUREMENT_MasterJustificationBook_Navy_PB_2014.zzz_unzipped-PROCUREMENT_MasterJustificationBook_Navy_PB_2014.xml","1c2d5511c3f630f505de429e2f146cf42b31bec595aeddf890e7246c6084e8dd","0-aa0a54ca75587a26e3eedf0286b02fd69cd1d58545a1e85827c149944e6d4000","","","","4-3b88c3721dbfc5cbd4729a61299cb204d3611628853d03c0ccf7fcf4c38a97c5","root.record.ItemExhibitList.P10AdvanceProcurementList.P10AdvanceProcurement.APCostElementCategoryList.CFE.APCostElement"
"2013","See End Item P5A","2013-12","2013-12","0","0","2013-12","TBD","I think i","2014-BASE_PROCUREMENT-2014-NAVY_AIRCRAFT_BA7-PROCUREMENT_MasterJustificationBook_Navy_PB_2014.zzz_unzipped-PROCUREMENT_MasterJustificationBook_Navy_PB_2014.xml","1c90d81d3283c3e99adda35a80b069d543eb8eea9500f506f69fd1fd51fa4e10","0-c32c6be463abb39936db457212393ea59d98669c0936a5b961879ef32a43fc49","","","","0-f6c97e867667907bb41c354e54dc420527da439e77353a579db014ced6c8fa48","root.record.ItemExhibitList.P10AdvanceProcurementList.P10AdvanceProcurement.APCostElementCategoryList.CFE.APCostElement"
"2013","See End Item P5A","2013-12","2013-12","0","0","2013-12","TBD","I think i","2014-BASE_PROCUREMENT-2014-NAVY_AIRCRAFT_BA7-PROCUREMENT_MasterJustificationBook_Navy_PB_2014.zzz_unzipped-PROCUREMENT_MasterJustificationBook_Navy_PB_2014.xml","1c90d81d3283c3e99adda35a80b069d543eb8eea9500f506f69fd1fd51fa4e10","0-18ec8074e871eb4841b2c331a46b3492eb707375a19f172d50bd301195312bc0","","","","1-65f97f6b34fa46e043349d2b3354d5aac0088a7a7e36d50b31f8538de2987dc1","root.record.ItemExhibitList.P10AdvanceProcurementList.P10AdvanceProcurement.APCostElementCategoryList.CFE.APCostElement"
"2013","See End Item P5A","2014-06","2014-06","0","0","2014-06","TBD","I think i","2014-BASE_PROCUREMENT-2014-NAVY_AIRCRAFT_BA7-PROCUREMENT_MasterJustificationBook_Navy_PB_2014.zzz_unzipped-PROCUREMENT_MasterJustificationBook_Navy_PB_2014.xml","ea4fce3ec1135de06d7b597e5fd943b2e14d2b3f4efb262dcaf7727a24539c26","0-332df11da4581978f966a1a5003dcc7d2f1297e42b3536071acf7d62ffa291b1","","","","0-575e114727ed8a03fca8a79d47338a05e1af241e5217074626640065f1097e33","root.record.ItemExhibitList.P10AdvanceProcurementList.P10AdvanceProcurement.APCostElementCategoryList.CFE.APCostElement"
"2013","See End Item P5A","2013-04","2013-04","0","0","2013-04","TBD","I think i","2014-BASE_PROCUREMENT-2014-NAVY_AIRCRAFT_BA7-PROCUREMENT_MasterJustificationBook_Navy_PB_2014.zzz_unzipped-PROCUREMENT_MasterJustificationBook_Navy_PB_2014.xml","8353179a04c7e17d7f2f2e4ad66ee5f5af3581f5f21e78729bd403a1a02ea0a9","0-c94972bb28ea179bd8665adb80a5a9ae76666b1818835f46d5cb4f081d1ddcd3","","","","0-92b80ab4ad00531ec31e8aacf374feeffd8f04cd955c9aba04ad2ebaec3000a1","root.record.ItemExhibitList.P10AdvanceProcurementList.P10AdvanceProcurement.APCostElementCategoryList.CFE.APCostElement"
"2013","See End Item P5A","0001-01","0001-01","0","0","0001-01","TBD","I think i","2014-BASE_PROCUREMENT-2014-NAVY_AIRCRAFT_BA7-PROCUREMENT_MasterJustificationBook_Navy_PB_2014.zzz_unzipped-PROCUREMENT_MasterJustificationBook_Navy_PB_2014.xml","8353179a04c7e17d7f2f2e4ad66ee5f5af3581f5f21e78729bd403a1a02ea0a9","0-a12345722d42e581bd57b131673e7a367f61bc4d6c96d83fc915917b78dc4f29","","","","1-344b892b0dc17403dd769c9c259cf7a76d28f98dc599567c35f24e51b132542c","root.record.ItemExhibitList.P10AdvanceProcurementList.P10AdvanceProcurement.APCostElementCategoryList.CFE.APCostElement"
"2013","See End Item P5A","0001-01","0001-01","0","0","0001-01","TBD","I think i","2014-BASE_PROCUREMENT-2014-NAVY_AIRCRAFT_BA7-PROCUREMENT_MasterJustificationBook_Navy_PB_2014.zzz_unzipped-PROCUREMENT_MasterJustificationBook_Navy_PB_2014.xml","8353179a04c7e17d7f2f2e4ad66ee5f5af3581f5f21e78729bd403a1a02ea0a9","0-7b768b2416b48dd2bfb36c90178a50acda56640c47300fca0dfa394a4354121f","","","","2-0a66bc8a6f453a5d9def7f3b2d12b2c5f86ab46d164a89d332fbc785e2f0289b","root.record.ItemExhibitList.P10AdvanceProcurementList.P10AdvanceProcurement.APCostElementCategoryList.CFE.APCostElement"
"2013","See End Item P5A","0001-01","0001-01","0","0","0001-01","TBD","I think i","2014-BASE_PROCUREMENT-2014-NAVY_AIRCRAFT_BA7-PROCUREMENT_MasterJustificationBook_Navy_PB_2014.zzz_unzipped-PROCUREMENT_MasterJustificationBook_Navy_PB_2014.xml","8353179a04c7e17d7f2f2e4ad66ee5f5af3581f5f21e78729bd403a1a02ea0a9","0-3d6d2c74ea1d49ff25e6b7906ef355700988e1466a4577554463c8e71f133fed","","","","3-f0447e7354cafaa3f9fbc3173e0a57eaef25791250d27d1cd28e822ae668277f","root.record.ItemExhibitList.P10AdvanceProcurementList.P10AdvanceProcurement.APCostElementCategoryList.CFE.APCostElement"
"2013","See End Item P5A","0001-01","0001-01","0","0","0001-01","TBD","I think i","2014-BASE_PROCUREMENT-2014-NAVY_AIRCRAFT_BA7-PROCUREMENT_MasterJustificationBook_Navy_PB_2014.zzz_unzipped-PROCUREMENT_MasterJustificationBook_Navy_PB_2014.xml","8353179a04c7e17d7f2f2e4ad66ee5f5af3581f5f21e78729bd403a1a02ea0a9","0-0e7c9e94af4e7e8843dec8888c2306ed3645a0c2cca1374b2a9ef8f91ca77241","","","","4-0a6ee578b9ac7e8e7fcf88fdfd15216706481119ecf7375d488d8ca2cce3a3a7","root.record.ItemExhibitList.P10AdvanceProcurementList.P10AdvanceProcurement.APCostElementCategoryList.CFE.APCostElement"
"2013","See End Item P5A","0001-01","0001-01","0","0","0001-01","TBD","I think i","2014-BASE_PROCUREMENT-2014-NAVY_AIRCRAFT_BA7-PROCUREMENT_MasterJustificationBook_Navy_PB_2014.zzz_unzipped-PROCUREMENT_MasterJustificationBook_Navy_PB_2014.xml","8353179a04c7e17d7f2f2e4ad66ee5f5af3581f5f21e78729bd403a1a02ea0a9","0-86e257d7ff51978bf3adc047308e90d0873524cce05d274886a96f14f5fd011b","","","","5-0bf98dc2f28431e0b92bf4f64bcfd64b798a35a8843ab95651d7a7286a80a053","root.record.ItemExhibitList.P10AdvanceProcurementList.P10AdvanceProcurement.APCostElementCategoryList.CFE.APCostElement"
"2013","See End Item P5A","0001-01","0001-01","0","0","0001-01","TBD","I think i","2014-BASE_PROCUREMENT-2014-NAVY_AIRCRAFT_BA7-PROCUREMENT_MasterJustificationBook_Navy_PB_2014.zzz_unzipped-PROCUREMENT_MasterJustificationBook_Navy_PB_2014.xml","8353179a04c7e17d7f2f2e4ad66ee5f5af3581f5f21e78729bd403a1a02ea0a9","0-7f7536252a3b4eace1e2bfd8c4a15cd3b5ec2a790fd4d8665be4bc8b862c3cac","","","","6-f61996bc9f2924fc4b9049e2655ed01979f7b4fb3f361f37775ffd309b86addd","root.record.ItemExhibitList.P10AdvanceProcurementList.P10AdvanceProcurement.APCostElementCategoryList.CFE.APCostElement"
"2013","See End Item P5A","2014-07","2014-07","0","0","2014-07","TBD","I think i","2014-BASE_PROCUREMENT-2014-NAVY_AIRCRAFT_BA7-PROCUREMENT_MasterJustificationBook_Navy_PB_2014.zzz_unzipped-PROCUREMENT_MasterJustificationBook_Navy_PB_2014.xml","331f4e2cab57d75c268cb0cc0f51f889b76ed2c8ba621bb4d61f3e552a2f48d3","0-8cd106dcf2bef4a5b0903e742787f8e689e020a6515b162973c95008a3460f7f","","","","0-6267f59823c09c5b5e7f31062e2eb2bb7f41e25a30341cd84629e6fdd6b9e6de","root.record.ItemExhibitList.P10AdvanceProcurementList.P10AdvanceProcurement.APCostElementCategoryList.CFE.APCostElement"
"2013","See End Item P5A","0001-01","0001-01","0","0","0001-01","TBD","I think i","2014-BASE_PROCUREMENT-2014-NAVY_AIRCRAFT_BA7-PROCUREMENT_MasterJustificationBook_Navy_PB_2014.zzz_unzipped-PROCUREMENT_MasterJustificationBook_Navy_PB_2014.xml","1c9f6ffd331ce8f038579fa5c7414d00a50411913e693158c477bb2776944535","0-d4f1fb818a5f79fd130d9cff26d26af22f30bf41dfb1cbc29c5beac51b184ec1","","","","0-2171c5b4034527e7a939ec47d09eac95c3cbfcd177d3578c87031d1cacfde7e0","root.record.ItemExhibitList.P10AdvanceProcurementList.P10AdvanceProcurement.APCostElementCategoryList.CFE.APCostElement"
"2013","See End Item P5A","0001-01","0001-01","0","0","0001-01","TBD","I think i","2014-BASE_PROCUREMENT-2014-NAVY_AIRCRAFT_BA7-PROCUREMENT_MasterJustificationBook_Navy_PB_2014.zzz_unzipped-PROCUREMENT_MasterJustificationBook_Navy_PB_2014.xml","97ef4cf3f410d224f56ae29ea98cdf2592e9fe9b3908e3df56bf826c63de8ad7","0-29228c88ef9f89a0efeb2c8918b7d2d9a6a4fe6fa9a6f4c8b50c88786fac304a","","","","0-469c8e753889b9f45abe449f3814b8cf1d87c74da13eefdde44cc76ce6e05e35","root.record.ItemExhibitList.P10AdvanceProcurementList.P10AdvanceProcurement.APCostElementCategoryList.CFE.APCostElement"
"2013","See End Item P5A","2012-12","2012-12","0","0","2012-12","TBD","I think i","2014-BASE_PROCUREMENT-2014-NAVY_AIRCRAFT_BA7-PROCUREMENT_MasterJustificationBook_Navy_PB_2014.zzz_unzipped-PROCUREMENT_MasterJustificationBook_Navy_PB_2014.xml","a7e12956f563df64212c48c1a8087a259ce9816ac86d222dc06cd0e2deeb74a4","0-d5e3e717e65b1cf99a20cfcad7182e4223a52b6219f0bc9763ebc7a96a26c8dc","","","","0-962acdcaaf1e6398e063a8d5260cc551d28465514ea8d4406af5695889956227","root.record.ItemExhibitList.P10AdvanceProcurementList.P10AdvanceProcurement.APCostElementCategoryList.CFE.APCostElement"
"2013","See End Item P5A","2013-03","2013-03","0","0","2013-03","TBD","I think i","2014-BASE_PROCUREMENT-2014-NAVY_AIRCRAFT_BA7-PROCUREMENT_MasterJustificationBook_Navy_PB_2014.zzz_unzipped-PROCUREMENT_MasterJustificationBook_Navy_PB_2014.xml","8f506cdfed36ee72d429505445592f835a54aa1c2ef4af6afd437aa3f3a3279b","0-3d76b8c1210f8c8e9da92aa766f0e77d0c94f30999a62eea98df19b8c0db90eb","","","","0-1f26063d63ae69086eb42222868141d8f55b80a07b725e947433c54d8f7ffae0","root.record.ItemExhibitList.P10AdvanceProcurementList.P10AdvanceProcurement.APCostElementCategoryList.CFE.APCostElement"
"2013","See End Item P5A","0001-01","0001-01","0","0","0001-01","TBD","I think i","2014-BASE_PROCUREMENT-2014-NAVY_AIRCRAFT_BA7-PROCUREMENT_MasterJustificationBook_Navy_PB_2014.zzz_unzipped-PROCUREMENT_MasterJustificationBook_Navy_PB_2014.xml","22a8d6a2e1826466fe73cee88918ae3cb071854e21533e47aa2445e6dd37706a","0-cd0284b1b1d498dc8b79e73272c869f464d233d1c56380d290e77c2651db216d","","","","0-5dc7964abf3d46b43e0d42d29e17beb5393fd5eac7c0aae649ed0050f9fdba6b","root.record.ItemExhibitList.P10AdvanceProcurementList.P10AdvanceProcurement.APCostElementCategoryList.CFE.APCostElement"
"2013","See End Item P5A","0001-01","0001-01","0","0","0001-01","TBD","I think i","2014-BASE_PROCUREMENT-2014-NAVY_AIRCRAFT_BA7-PROCUREMENT_MasterJustificationBook_Navy_PB_2014.zzz_unzipped-PROCUREMENT_MasterJustificationBook_Navy_PB_2014.xml","22a8d6a2e1826466fe73cee88918ae3cb071854e21533e47aa2445e6dd37706a","0-62ba857be5899bc8fb8df1529f8ab40987809277ba51114cef2114189d61a9af","","","","1-a7913fed97d86c7481dcd08316d2f54851c621a1d47246bbf7f5b05a719698cf","root.record.ItemExhibitList.P10AdvanceProcurementList.P10AdvanceProcurement.APCostElementCategoryList.CFE.APCostElement"
"2013","See End Item P5A","0001-01","0001-01","0","0","0001-01","TBD","I think i","2014-BASE_PROCUREMENT-2014-NAVY_AIRCRAFT_BA7-PROCUREMENT_MasterJustificationBook_Navy_PB_2014.zzz_unzipped-PROCUREMENT_MasterJustificationBook_Navy_PB_2014.xml","22a8d6a2e1826466fe73cee88918ae3cb071854e21533e47aa2445e6dd37706a","0-b0b39428a3b19a6079c4a5c60580c58ac3fd8792ca1fc407a1a6419f7913694f","","","","2-4a9da32a30e0bd498e9f3a0e36d30c3b4490851622d94da566de6c1030ba33e6","root.record.ItemExhibitList.P10AdvanceProcurementList.P10AdvanceProcurement.APCostElementCategoryList.CFE.APCostElement"
"2013","See End Item P5A","0001-01","0001-01","0","0","0001-01","TBD","I think i","2014-BASE_PROCUREMENT-2014-NAVY_AIRCRAFT_BA7-PROCUREMENT_MasterJustificationBook_Navy_PB_2014.zzz_unzipped-PROCUREMENT_MasterJustificationBook_Navy_PB_2014.xml","22a8d6a2e1826466fe73cee88918ae3cb071854e21533e47aa2445e6dd37706a","0-ec868bd891ff51fabf13b27ea68506e3250b9aa898ae2632e860db6e7cbd44a8","","","","3-19f9575f0064291e55f6a6f591ec33e4c645f3ad00399fe492afd8de8ff9be9e","root.record.ItemExhibitList.P10AdvanceProcurementList.P10AdvanceProcurement.APCostElementCategoryList.CFE.APCostElement"
"2013","See End Item P5A","0001-01","0001-01","0","0","0001-01","TBD","I think i","2014-BASE_PROCUREMENT-2014-NAVY_AIRCRAFT_BA7-PROCUREMENT_MasterJustificationBook_Navy_PB_2014.zzz_unzipped-PROCUREMENT_MasterJustificationBook_Navy_PB_2014.xml","22a8d6a2e1826466fe73cee88918ae3cb071854e21533e47aa2445e6dd37706a","0-81751263c556f27a5e3eded79090756ce646935d47cd32e26e21eaefba10efa4","","","","4-7d176f221903fb2a7a1db26df9f625a20da956b9b8f2c5695b3c49debce21801","root.record.ItemExhibitList.P10AdvanceProcurementList.P10AdvanceProcurement.APCostElementCategoryList.CFE.APCostElement"
"2013","See End Item P5A","0001-01","0001-01","0","0","0001-01","TBD","I think i","2014-BASE_PROCUREMENT-2014-NAVY_AIRCRAFT_BA7-PROCUREMENT_MasterJustificationBook_Navy_PB_2014.zzz_unzipped-PROCUREMENT_MasterJustificationBook_Navy_PB_2014.xml","22a8d6a2e1826466fe73cee88918ae3cb071854e21533e47aa2445e6dd37706a","0-226488539c3afcc41e262ac2a60e180ffcbc1c502bb7ed1246f9660a2429f9b8","","","","5-5d034bf722e9681ebf63104f99a88ffe0afb526a932e2897a62157e9f2e27fcc","root.record.ItemExhibitList.P10AdvanceProcurementList.P10AdvanceProcurement.APCostElementCategoryList.CFE.APCostElement"
"2013","See End Item P5A","0001-01","0001-01","0","0","0001-01","TBD","I think i","2014-BASE_PROCUREMENT-2014-NAVY_AIRCRAFT_BA7-PROCUREMENT_MasterJustificationBook_Navy_PB_2014.zzz_unzipped-PROCUREMENT_MasterJustificationBook_Navy_PB_2014.xml","22a8d6a2e1826466fe73cee88918ae3cb071854e21533e47aa2445e6dd37706a","0-82a01fafcdba2c0bb7d8b1cebcf47a514b245e75248197130532463f484864be","","","","6-5f83cbff28595da7363fe2bd6368ac7b17ea201edc5e99c09e5d667f6cde2a1d","root.record.ItemExhibitList.P10AdvanceProcurementList.P10AdvanceProcurement.APCostElementCategoryList.CFE.APCostElement"
"2013","See End Item P5A","0001-01","0001-01","0","0","0001-01","TBD","I think i","2014-BASE_PROCUREMENT-2014-NAVY_AIRCRAFT_BA7-PROCUREMENT_MasterJustificationBook_Navy_PB_2014.zzz_unzipped-PROCUREMENT_MasterJustificationBook_Navy_PB_2014.xml","22a8d6a2e1826466fe73cee88918ae3cb071854e21533e47aa2445e6dd37706a","0-5a1a8e20cd60a79c5d638667482d8b35e003a4993ee49a6c262c20bb3445a1ca","","","","7-cf2ebf9824fb0ce0e0dd0b0c9161a63c3e575db9eca2ab811814e05ed2a63e09","root.record.ItemExhibitList.P10AdvanceProcurementList.P10AdvanceProcurement.APCostElementCategoryList.CFE.APCostElement"
"2013","See End Item P5A","0001-01","0001-01","0","0","0001-01","TBD","I think i","2014-BASE_PROCUREMENT-2014-NAVY_AIRCRAFT_BA7-PROCUREMENT_MasterJustificationBook_Navy_PB_2014.zzz_unzipped-PROCUREMENT_MasterJustificationBook_Navy_PB_2014.xml","22a8d6a2e1826466fe73cee88918ae3cb071854e21533e47aa2445e6dd37706a","0-e2364a9d34e68c50b06270490af54927e85e6f0eb4eff14559a20f5458e09e19","","","","8-b74ce4d195fe1c04d13dc1e6ad6ed4c2ba375570d624d7fca1e11cc2c1e84268","root.record.ItemExhibitList.P10AdvanceProcurementList.P10AdvanceProcurement.APCostElementCategoryList.CFE.APCostElement"
