FiscalYear_val,PCOLocation_val,AwardDate_val,FirstDeliveryDate_val,Quantity_val,UnitCost_val,RFPIssueDate_val,FundingVehicle_val,ItemNameSuffix_val,@SOURCE_FILENAME,@RECORDID,@ROWID,SpecsAvailableNow_val,ContractMethod_val,ContractType_val,@PARENTROWID,@PARENT
"2013","See End Item P5A","2012-12","2012-12","0","0","2012-12","TBD","I think i","2013-BASE_PROCUREMENT-2013-NAVY_AIRCRAFT_BA1-4-JustificationBook_Navy_PB_2013.zzz_unzipped-JustificationBook_Navy_PB_2013.xml","1a7189ca3ac3735d5b4780456bb4c8dddad618396ddbf80b22c606ea18981840","0-f43b26651c1882e1334730fdf570ab127d60a026e05f8c6da95332355dd824e7","","","","0-0d3b11a73baab2f93f43e2ca524b04d9d2aeb27b005852b92c19d2bb170d1788","root.record.ItemExhibitList.P10AdvanceProcurementList.P10AdvanceProcurement.APCostElementCategoryList.CFE.APCostElement"
"2013","See End Item P5A","2012-12","2012-12","0","0","2012-12","TBD","I think i","2013-BASE_PROCUREMENT-2013-NAVY_AIRCRAFT_BA1-4-JustificationBook_Navy_PB_2013.zzz_unzipped-JustificationBook_Navy_PB_2013.xml","1a7189ca3ac3735d5b4780456bb4c8dddad618396ddbf80b22c606ea18981840","0-2b58280ed5bfe79765276a1d09fa11c171f2419e65f312c04c4f82daacdb8065","","","","1-ee8aa2753b9a47c0ff3b26ecea20e46ad545ff2603a781a2639b8659e37a17fd","root.record.ItemExhibitList.P10AdvanceProcurementList.P10AdvanceProcurement.APCostElementCategoryList.CFE.APCostElement"
"2013","See End Item P5A","2012-12","2012-12","0","0","2012-12","TBD","I think i","2013-BASE_PROCUREMENT-2013-NAVY_AIRCRAFT_BA1-4-JustificationBook_Navy_PB_2013.zzz_unzipped-JustificationBook_Navy_PB_2013.xml","1a7189ca3ac3735d5b4780456bb4c8dddad618396ddbf80b22c606ea18981840","0-afe48bef9db7e10665da0a5c1321855b3b0dff080a56159dd613f8456a4aa35d","","","","2-818306f80b8f09192bd01640fd659d1680a8654f61eb97974517eafce46e339c","root.record.ItemExhibitList.P10AdvanceProcurementList.P10AdvanceProcurement.APCostElementCategoryList.CFE.APCostElement"
"2013","See End Item P5A","2012-12","2012-12","0","0","2012-12","TBD","I think i","2013-BASE_PROCUREMENT-2013-NAVY_AIRCRAFT_BA1-4-JustificationBook_Navy_PB_2013.zzz_unzipped-JustificationBook_Navy_PB_2013.xml","1a7189ca3ac3735d5b4780456bb4c8dddad618396ddbf80b22c606ea18981840","0-d826006c379753343639c8b7b67036f291832c037927d6eb366d7be6959fb6c9","","","","3-5357d9463bd9b9abff39c711596503ef8f5840742d2cfe6444d4bb4e7ba46647","root.record.ItemExhibitList.P10AdvanceProcurementList.P10AdvanceProcurement.APCostElementCategoryList.CFE.APCostElement"
"2013","See End Item P5A","2012-12","2012-12","0","0","2012-12","TBD","I think i","2013-BASE_PROCUREMENT-2013-NAVY_AIRCRAFT_BA1-4-JustificationBook_Navy_PB_2013.zzz_unzipped-JustificationBook_Navy_PB_2013.xml","1a7189ca3ac3735d5b4780456bb4c8dddad618396ddbf80b22c606ea18981840","0-26ca74738aec4d0f808c51f4519217659041659dcac20cf66423bbc6c5a948ba","","","","4-2faf6b602e3cd86336a47a135b38c9cbe9c94f7d325f248225bcb22822d243e0","root.record.ItemExhibitList.P10AdvanceProcurementList.P10AdvanceProcurement.APCostElementCategoryList.CFE.APCostElement"
"2013","See End Item P5A","2013-06","2013-06","0","0","2013-06","TBD","I think i","2013-BASE_PROCUREMENT-2013-NAVY_AIRCRAFT_BA1-4-JustificationBook_Navy_PB_2013.zzz_unzipped-JustificationBook_Navy_PB_2013.xml","62ca14cc634acb0c901935df39de84860d1f64314c02973b24f410208b3cf78e","0-12ce73125012d1f91ff49c1032c78691f97a7a297e732b0ec621ba3a0dd42a2d","","","","0-28d3126a7b69121eb974bfd335a1047d29089c3de15136ef15f67033bb3839a8","root.record.ItemExhibitList.P10AdvanceProcurementList.P10AdvanceProcurement.APCostElementCategoryList.CFE.APCostElement"
"2013","See End Item P5A","2012-02","2012-02","0","0","2012-02","TBD","I think i","2013-BASE_PROCUREMENT-2013-NAVY_AIRCRAFT_BA1-4-JustificationBook_Navy_PB_2013.zzz_unzipped-JustificationBook_Navy_PB_2013.xml","c58f3e1b9e38e357fc3c36cb6204a5182b2e132e43a0c2e90cc87c9d07cd04f0","0-dbc96e146d5e17a0bc354051b3c149f0b9dd55867816d262c5796615ab24e64a","","","","0-603c3c4882a4b2854dd2f50ba2ee562d40c3626b8835ca59c26bab646712bfe7","root.record.ItemExhibitList.P10AdvanceProcurementList.P10AdvanceProcurement.APCostElementCategoryList.CFE.APCostElement"
"2013","See End Item P5A","2014-07","2014-07","0","0","2014-07","TBD","I think i","2013-BASE_PROCUREMENT-2013-NAVY_AIRCRAFT_BA1-4-JustificationBook_Navy_PB_2013.zzz_unzipped-JustificationBook_Navy_PB_2013.xml","d2754e07aff7a1b263a31dad19b45c69e96d75bcc74c3f11578b13908f285a79","0-a32500e7e42b7bb0a23328389ebd5d3c698bead29f2298600be9ff24b552bae8","","","","0-e5f4f8ff40bf7630d931f87e5608b6068311999d12b8401257e18d0434a3f2c2","root.record.ItemExhibitList.P10AdvanceProcurementList.P10AdvanceProcurement.APCostElementCategoryList.CFE.APCostElement"
"2013","See End Item P5A","2013-11","2013-11","0","0","2013-11","TBD","I think i","2013-BASE_PROCUREMENT-2013-NAVY_AIRCRAFT_BA1-4-JustificationBook_Navy_PB_2013.zzz_unzipped-JustificationBook_Navy_PB_2013.xml","35ba065fc15348b04ce24529e69be9f99c6cbf65b10c2c0aa5e1f211a03d3de7","0-64489c4997ebf1bc0333733d815a297394d71209d14c81cbdb17d24e1f4ea826","","","","0-9e987a6e1c09e39b127eb133324d59e9a1fede37c84e2e84b5a2e87197ff29e4","root.record.ItemExhibitList.P10AdvanceProcurementList.P10AdvanceProcurement.APCostElementCategoryList.CFE.APCostElement"
"2013","See End Item P5A","2012-12","2012-12","0","0","2012-12","TBD","I think i","2013-BASE_PROCUREMENT-2013-NAVY_AIRCRAFT_BA1-4-JustificationBook_Navy_PB_2013.zzz_unzipped-JustificationBook_Navy_PB_2013.xml","1b6e4b702b24277efec88c4dfcfbc287d38c3d115d2ccf877dd9d7935349683e","0-700ffb5006a072978ba9c077f68c0f0f9009b7bc099b9603f39c3c5d8c3cf4f9","","","","0-1443b2431e57b21d5fd30747011878af1e60e2abcac0764dd5e1be8404d73663","root.record.ItemExhibitList.P10AdvanceProcurementList.P10AdvanceProcurement.APCostElementCategoryList.CFE.APCostElement"
"2013","See End Item P5A","2012-12","2012-12","0","0","2012-12","TBD","I think i","2013-BASE_PROCUREMENT-2013-NAVY_AIRCRAFT_BA1-4-JustificationBook_Navy_PB_2013.zzz_unzipped-JustificationBook_Navy_PB_2013.xml","e15cc253127a516a7fca2e9705906e3c1522561f68e61267472a1ae406c2db8f","0-31b13820790670032f7c988a2d2634b9e930e3988dfb01007ea6cf9027ccd88f","","","","0-9effa0e510ed95d8bbe946e129685d2c7baff3e628ca68995e33b89671459e0f","root.record.ItemExhibitList.P10AdvanceProcurementList.P10AdvanceProcurement.APCostElementCategoryList.CFE.APCostElement"
"2013","See End Item P5A","2012-12","2012-12","0","0","2012-12","TBD","I think i","2013-BASE_PROCUREMENT-2013-NAVY_AIRCRAFT_BA1-4-JustificationBook_Navy_PB_2013.zzz_unzipped-JustificationBook_Navy_PB_2013.xml","88900f9fefa8c2efa538b7df0981031e5954f9d461c6376f83fc0b897746a2a5","0-4fe1c298b73a96965126f177d94dcfe9d7aafdd6b0b6d70eff015ea3df084b2f","","","","0-b8593020a2ef275655eae7d20ace1194134e2b6674aaaf0aeeb01438e4f2bf4d","root.record.ItemExhibitList.P10AdvanceProcurementList.P10AdvanceProcurement.APCostElementCategoryList.CFE.APCostElement"
"2013","See End Item P5A","2012-12","2012-12","0","0","2012-12","TBD","I think i","2013-BASE_PROCUREMENT-2013-NAVY_AIRCRAFT_BA7-MasterJustificationBook_Navy_PB_2013.zzz_unzipped-MasterJustificationBook_Navy_PB_2013.xml","52b39e0ba477b629fab29d59fdc36d8c3d0ab657f636c88f6789b1fdfc38a7cd","0-67e97d731c20be726d7ef9f41bf86854c9718da3cb2ca5b8555ef45aaa50c6e7","","","","0-b2eff1b92241a9c84ea98fb4dd95c87b79f9829905b2e64e854c810fe3ea7739","root.record.ItemExhibitList.P10AdvanceProcurementList.P10AdvanceProcurement.APCostElementCategoryList.CFE.APCostElement"
"2013","See End Item P5A","2012-12","2012-12","0","0","2012-12","TBD","I think i","2013-BASE_PROCUREMENT-2013-NAVY_AIRCRAFT_BA7-MasterJustificationBook_Navy_PB_2013.zzz_unzipped-MasterJustificationBook_Navy_PB_2013.xml","52b39e0ba477b629fab29d59fdc36d8c3d0ab657f636c88f6789b1fdfc38a7cd","0-3638f9901ae48e4b7f77afbae23b910f7e5f9e42b22a1d65b0d432a4ccaf7198","","","","1-81a31c8b6fc44b490b5e1875944a70a0dbe81d2c84c9984080f3c603772e3b4b","root.record.ItemExhibitList.P10AdvanceProcurementList.P10AdvanceProcurement.APCostElementCategoryList.CFE.APCostElement"
"2013","See End Item P5A","2012-12","2012-12","0","0","2012-12","TBD","I think i","2013-BASE_PROCUREMENT-2013-NAVY_AIRCRAFT_BA7-MasterJustificationBook_Navy_PB_2013.zzz_unzipped-MasterJustificationBook_Navy_PB_2013.xml","52b39e0ba477b629fab29d59fdc36d8c3d0ab657f636c88f6789b1fdfc38a7cd","0-061ea8b3d4a1156463c4891185abbe1d81476074d8bf9b41b334b8729b00d0cb","","","","2-e430856bdc66971dc2c1b37ce055b2ef2e537dae227021cbd224456acac57948","root.record.ItemExhibitList.P10AdvanceProcurementList.P10AdvanceProcurement.APCostElementCategoryList.CFE.APCostElement"
"2013","See End Item P5A","2012-12","2012-12","0","0","2012-12","TBD","I think i","2013-BASE_PROCUREMENT-2013-NAVY_AIRCRAFT_BA7-MasterJustificationBook_Navy_PB_2013.zzz_unzipped-MasterJustificationBook_Navy_PB_2013.xml","52b39e0ba477b629fab29d59fdc36d8c3d0ab657f636c88f6789b1fdfc38a7cd","0-e1f30702d8f67970bd211d2c1e9358ad5b803121d31d558968cb9ff102d66f01","","","","3-7658f72553cb5ddfe7c774fd28555fca9058f59425b71f4e1887ce71459ed982","root.record.ItemExhibitList.P10AdvanceProcurementList.P10AdvanceProcurement.APCostElementCategoryList.CFE.APCostElement"
"2013","See End Item P5A","2012-12","2012-12","0","0","2012-12","TBD","I think i","2013-BASE_PROCUREMENT-2013-NAVY_AIRCRAFT_BA7-MasterJustificationBook_Navy_PB_2013.zzz_unzipped-MasterJustificationBook_Navy_PB_2013.xml","52b39e0ba477b629fab29d59fdc36d8c3d0ab657f636c88f6789b1fdfc38a7cd","0-cfb6cc2daa8cb3e7e90c6fdbf621c88a85c2e30b7ec5470ec3147b1d42e3df0c","","","","4-3143366d04987710aa1c799327f9658a8628ba8c4a5196e91cc6c185b6745eb5","root.record.ItemExhibitList.P10AdvanceProcurementList.P10AdvanceProcurement.APCostElementCategoryList.CFE.APCostElement"
"2013","See End Item P5A","2013-06","2013-06","0","0","2013-06","TBD","I think i","2013-BASE_PROCUREMENT-2013-NAVY_AIRCRAFT_BA7-MasterJustificationBook_Navy_PB_2013.zzz_unzipped-MasterJustificationBook_Navy_PB_2013.xml","a239252c2db994d3d59f63231ca3c22a219233e70e30c14c66a0ba0cdfbe6d4f","0-d24fd6341c23d95b2cef9edc7b19c28496101e338d4ac794f7a928616cec87f2","","","","0-5977243ba74c4ca3be3ce3a181dcf75151a5ffc5c6c24bb06fd052e82f17f8a7","root.record.ItemExhibitList.P10AdvanceProcurementList.P10AdvanceProcurement.APCostElementCategoryList.CFE.APCostElement"
"2013","See End Item P5A","2012-02","2012-02","0","0","2012-02","TBD","I think i","2013-BASE_PROCUREMENT-2013-NAVY_AIRCRAFT_BA7-MasterJustificationBook_Navy_PB_2013.zzz_unzipped-MasterJustificationBook_Navy_PB_2013.xml","f574b404c7e4bb0b9eaa9bd06310ba954fd8383396e28c51365d22c8228792d8","0-8a72192414ba3d5baf74eab76ba800f91928120f93d718355e7b04f3e9632571","","","","0-7759a953845c3723af2d55fc5c52c1a66bef087b93858c35287dbdf2d5908d51","root.record.ItemExhibitList.P10AdvanceProcurementList.P10AdvanceProcurement.APCostElementCategoryList.CFE.APCostElement"
"2013","See End Item P5A","2014-07","2014-07","0","0","2014-07","TBD","I think i","2013-BASE_PROCUREMENT-2013-NAVY_AIRCRAFT_BA7-MasterJustificationBook_Navy_PB_2013.zzz_unzipped-MasterJustificationBook_Navy_PB_2013.xml","19b818fa742a194bd563aa5faa6e5e005c270142ae3622837df452b09ef21fd9","0-dd81cec645c35b02023571244364246ce509e0fc55d9ddd9c7e29fbdc204fe20","","","","0-5f5d09737f5729e4c74dc467106ea874040731fec880a291ab1f76bac72afe4f","root.record.ItemExhibitList.P10AdvanceProcurementList.P10AdvanceProcurement.APCostElementCategoryList.CFE.APCostElement"
"2013","See End Item P5A","2013-11","2013-11","0","0","2013-11","TBD","I think i","2013-BASE_PROCUREMENT-2013-NAVY_AIRCRAFT_BA7-MasterJustificationBook_Navy_PB_2013.zzz_unzipped-MasterJustificationBook_Navy_PB_2013.xml","a2cf9a9f7e41de0e4e8e70c616aab683dbff4c199053caf8b648f74fa8d86680","0-1ce50213c2686ee4ecf1b146b863e31b82cf2d79f16810e6c39f5044abc22977","","","","0-107b142a716112ba5495b8d2fec60c067d901ecd886e096dec6655ff45349926","root.record.ItemExhibitList.P10AdvanceProcurementList.P10AdvanceProcurement.APCostElementCategoryList.CFE.APCostElement"
"2013","See End Item P5A","2012-12","2012-12","0","0","2012-12","TBD","I think i","2013-BASE_PROCUREMENT-2013-NAVY_AIRCRAFT_BA7-MasterJustificationBook_Navy_PB_2013.zzz_unzipped-MasterJustificationBook_Navy_PB_2013.xml","6be8c1ba8081b3684a551a7ebb51417b1707dd863e3e39ea0bab2286adf1d1a8","0-088cc2b87733f2409c76d59e92051e9b0f5882936645a7566b55c606d813ac03","","","","0-cee9dba169839cbc80f6230a49c5821e1de1bed8b54cb46826ae658fb1fa8a87","root.record.ItemExhibitList.P10AdvanceProcurementList.P10AdvanceProcurement.APCostElementCategoryList.CFE.APCostElement"
"2013","See End Item P5A","2012-12","2012-12","0","0","2012-12","TBD","I think i","2013-BASE_PROCUREMENT-2013-NAVY_AIRCRAFT_BA7-MasterJustificationBook_Navy_PB_2013.zzz_unzipped-MasterJustificationBook_Navy_PB_2013.xml","57b7e75a2b5cb2d490ce2912a42672afdb440d0c4fc34c245fb92baa86ce8db1","0-248e5e6f9b549d882b5acb8caf411189f27f3a030f0b3133a0aa6094d79e4c02","","","","0-97b4224daaaa5ad95c1356f206c7825632bd32b64158efac6a9bbf646bc2b1a4","root.record.ItemExhibitList.P10AdvanceProcurementList.P10AdvanceProcurement.APCostElementCategoryList.CFE.APCostElement"
"2013","See End Item P5A","2012-12","2012-12","0","0","2012-12","TBD","I think i","2013-BASE_PROCUREMENT-2013-NAVY_AIRCRAFT_BA7-MasterJustificationBook_Navy_PB_2013.zzz_unzipped-MasterJustificationBook_Navy_PB_2013.xml","7597bbdd4d25ec92c5844fecacfdaaaa10c12e15befbde6f7b81db23360e002e","0-d66de8dd4c936e28d5c8e711dab29c0fe072a6e99b61fae86b50bb1aa2ec19ca","","","","0-708188a921952a42c542363b4a1724a56a78c006eb87c3d33553dc63337dc616","root.record.ItemExhibitList.P10AdvanceProcurementList.P10AdvanceProcurement.APCostElementCategoryList.CFE.APCostElement"
"2012","77","2013-03","2014-02","19","19.400","2012-04","","","2014-BASE_PROCUREMENT-2014-AIRFORCE_AIRCRAFT_VOL1-PROCUREMENT_JustificationBook_Air_Force_PB_2014.zzz_unzipped-PROCUREMENT_JustificationBook_Air_Force_PB_2014.xml","9b61234d81d63166f24ad258b5e55dffeec409e2dd27bb2645028bc0cc61d668","0-16dce3977e971ab3a643c4bf7b6a8bf8da96f32b355720b6bb32458332511ea3","true","SS","FPIF","0-0e17bb253634d144e37291b62e37ac3a9fecd24469acc6b7b1d39a5238cfcead","root.record.ItemExhibitList.P10AdvanceProcurementList.P10AdvanceProcurement.APCostElementCategoryList.CFE.APCostElement"
"2013","77","2013-03","2014-12","19","12.045","2012-04","","","2014-BASE_PROCUREMENT-2014-AIRFORCE_AIRCRAFT_VOL1-PROCUREMENT_JustificationBook_Air_Force_PB_2014.zzz_unzipped-PROCUREMENT_JustificationBook_Air_Force_PB_2014.xml","9b61234d81d63166f24ad258b5e55dffeec409e2dd27bb2645028bc0cc61d668","1-5384aaca0a8645b85a306328a6de3554f00a91b5d50e6c57d43d6510c75052a2","true","SS","FPIF","0-0e17bb253634d144e37291b62e37ac3a9fecd24469acc6b7b1d39a5238cfcead","root.record.ItemExhibitList.P10AdvanceProcurementList.P10AdvanceProcurement.APCostElementCategoryList.CFE.APCostElement"
"2014","77","2014-03","2015-12","30","9.458","2013-01","","","2014-BASE_PROCUREMENT-2014-AIRFORCE_AIRCRAFT_VOL1-PROCUREMENT_JustificationBook_Air_Force_PB_2014.zzz_unzipped-PROCUREMENT_JustificationBook_Air_Force_PB_2014.xml","9b61234d81d63166f24ad258b5e55dffeec409e2dd27bb2645028bc0cc61d668","2-7bc465489e31221f4dbcbd32ca185fc70ff69364e3b74668781f17bcc209be22","true","SS","FPIF","0-0e17bb253634d144e37291b62e37ac3a9fecd24469acc6b7b1d39a5238cfcead","root.record.ItemExhibitList.P10AdvanceProcurementList.P10AdvanceProcurement.APCostElementCategoryList.CFE.APCostElement"
"2013","NAVAIR","2013-04","2015-01","3","5.000","2011-02","","","2014-BASE_PROCUREMENT-2014-AIRFORCE_AIRCRAFT_VOL1-PROCUREMENT_JustificationBook_Air_Force_PB_2014.zzz_unzipped-PROCUREMENT_JustificationBook_Air_Force_PB_2014.xml","2646edf56b0a2f35eb384cabca2534ac2cc070221cde934447c037bbc8c8d2fd","0-3d0977663e7ae4a22f1fab9f21e2d0a1ccd2aab8a28fda688db301d6bb6b3713","true","SS","FPIF","0-251f931904894e5d09659fa620c4daaac9096f88a0f00cae6e02a49457adf718","root.record.ItemExhibitList.P10AdvanceProcurementList.P10AdvanceProcurement.APCostElementCategoryList.CFE.APCostElement"
"2011","WPAFB, OH","2011-07","2014-08","1","9.877","2010-12","","","2014-BASE_PROCUREMENT-2014-AIRFORCE_AIRCRAFT_VOL1-PROCUREMENT_JustificationBook_Air_Force_PB_2014.zzz_unzipped-PROCUREMENT_JustificationBook_Air_Force_PB_2014.xml","bd8d3703cfac5e9e892e26e724cf56264b9f965383fa3d44cc73d8d7aff20159","0-fa4cdaa4ac6e7ddcac738d25557256cb9f134933dcc2f83fcbf5fbde9241049b","true","SS","FFP","0-04059553c233c009d673b7610191d3aabb80520985b6e29c826c8c3a39492bd7","root.record.ItemExhibitList.P10AdvanceProcurementList.P10AdvanceProcurement.APCostElementCategoryList.CFE.APCostElement"
"2012","WPAFB, OH","2012-03","2015-04","2","10.000","2012-02","","","2014-BASE_PROCUREMENT-2014-AIRFORCE_AIRCRAFT_VOL1-PROCUREMENT_JustificationBook_Air_Force_PB_2014.zzz_unzipped-PROCUREMENT_JustificationBook_Air_Force_PB_2014.xml","bd8d3703cfac5e9e892e26e724cf56264b9f965383fa3d44cc73d8d7aff20159","1-164fb343e093f91fe4ff669075ef276f1c519624d5c492fa8f73658eff52f53c","true","SS","FFP","0-04059553c233c009d673b7610191d3aabb80520985b6e29c826c8c3a39492bd7","root.record.ItemExhibitList.P10AdvanceProcurementList.P10AdvanceProcurement.APCostElementCategoryList.CFE.APCostElement"
"2012","TBD","2013-07","2015-12","3","23.833","2013-05","","","2014-BASE_PROCUREMENT-2014-AIRFORCE_AIRCRAFT_VOL1-PROCUREMENT_JustificationBook_Air_Force_PB_2014.zzz_unzipped-PROCUREMENT_JustificationBook_Air_Force_PB_2014.xml","7d6024d0805daa28a288cfe9e56a9395294a4bb690e51891da9ecc5630b114e6","0-789c8ce763bcd7adc23971de47747084c0d6e4bfe963fc38866706f99d43495a","true","SS","FPIF","0-d45ad290f311645c23d5ffa63c7a5cf7eec72a11a3d26b0a8df1c915c9489a36","root.record.ItemExhibitList.P10AdvanceProcurementList.P10AdvanceProcurement.APCostElementCategoryList.CFE.APCostElement"
"2011","WPAFB, OH","2011-07","2014-09","1","11.055","2010-12","","","2014-BASE_PROCUREMENT-2014-AIRFORCE_AIRCRAFT_VOL1-PROCUREMENT_JustificationBook_Air_Force_PB_2014.zzz_unzipped-PROCUREMENT_JustificationBook_Air_Force_PB_2014.xml","87fe378a0d0a4ac2bd7f5599a847577c8b84352d788084ef2c6af33bc809e3d3","0-ace01deedec1a599aa6f2ce1e7a1b1b2ef1ce7806abf3014aee8205c187dcf11","true","SS","FFP","0-c0680113b34dc4a8d367b85991daca7ca628c5d3668f212c1af575c52b67b5d2","root.record.ItemExhibitList.P10AdvanceProcurementList.P10AdvanceProcurement.APCostElementCategoryList.CFE.APCostElement"
"2014","WPAFB, OH","2014-03","2016-09","7","10.000","2012-10","","","2014-BASE_PROCUREMENT-2014-AIRFORCE_AIRCRAFT_VOL1-PROCUREMENT_JustificationBook_Air_Force_PB_2014.zzz_unzipped-PROCUREMENT_JustificationBook_Air_Force_PB_2014.xml","87fe378a0d0a4ac2bd7f5599a847577c8b84352d788084ef2c6af33bc809e3d3","1-35c220a39da26d737c82a8de48a14d2cbf57998b2514bf18789c3f1002bc4069","true","SS","FFP","0-c0680113b34dc4a8d367b85991daca7ca628c5d3668f212c1af575c52b67b5d2","root.record.ItemExhibitList.P10AdvanceProcurementList.P10AdvanceProcurement.APCostElementCategoryList.CFE.APCostElement"
"2012","WPAFB, OH","2012-03","2015-05","4","10.000","2012-02","","","2014-BASE_PROCUREMENT-2014-AIRFORCE_AIRCRAFT_VOL1-PROCUREMENT_JustificationBook_Air_Force_PB_2014.zzz_unzipped-PROCUREMENT_JustificationBook_Air_Force_PB_2014.xml","8006d245bd699020fdba3c4b1cd620c2f5d69d075a47574c25b22402c14a21e8","0-dc58d9c48b7f750fe1f75b2be9235cde8597d2df40000e93f445b6ae184184c1","true","SS","FFP","0-af78815cc134e91c6e7a6a07d155d9b603da9df01fb5e512366a00a055764303","root.record.ItemExhibitList.P10AdvanceProcurementList.P10AdvanceProcurement.APCostElementCategoryList.CFE.APCostElement"
"2014","WPAFB, OH","2014-03","2017-01","2","10.000","2012-10","","","2014-BASE_PROCUREMENT-2014-AIRFORCE_AIRCRAFT_VOL1-PROCUREMENT_JustificationBook_Air_Force_PB_2014.zzz_unzipped-PROCUREMENT_JustificationBook_Air_Force_PB_2014.xml","8006d245bd699020fdba3c4b1cd620c2f5d69d075a47574c25b22402c14a21e8","1-19906b1ab0517a4047cce3cb2e82e78a88c4ffc9706cbca89f7fa9272810a520","true","SS","FPIF","0-af78815cc134e91c6e7a6a07d155d9b603da9df01fb5e512366a00a055764303","root.record.ItemExhibitList.P10AdvanceProcurementList.P10AdvanceProcurement.APCostElementCategoryList.CFE.APCostElement"
"2012","77","2013-03","2014-02","19","19.400","2012-04","","","2014-BASE_PROCUREMENT-2014-AIRFORCE_AIRCRAFT_VOL2-PROCUREMENT_MasterJustificationBook_Air_Force_PB_2014.zzz_unzipped-PROCUREMENT_MasterJustificationBook_Air_Force_PB_2014.xml","49e6ebb877c28b1a5a5ad3ec630e9669d0f205b4790c66bd50e69d037f2b0687","0-0b39528662c63a820f10277dc7c949e000dbbf51421564afd156529e2b0a3db9","true","SS","FPIF","0-f0a246d787b9f5406561d9a80ba95501b546529454381d048120678a974902e3","root.record.ItemExhibitList.P10AdvanceProcurementList.P10AdvanceProcurement.APCostElementCategoryList.CFE.APCostElement"
"2013","77","2013-03","2014-12","19","12.045","2012-04","","","2014-BASE_PROCUREMENT-2014-AIRFORCE_AIRCRAFT_VOL2-PROCUREMENT_MasterJustificationBook_Air_Force_PB_2014.zzz_unzipped-PROCUREMENT_MasterJustificationBook_Air_Force_PB_2014.xml","49e6ebb877c28b1a5a5ad3ec630e9669d0f205b4790c66bd50e69d037f2b0687","1-04c8271f880b7e1a2046b0dd0eeead45a9170b730ae3c59763773fdb65a29136","true","SS","FPIF","0-f0a246d787b9f5406561d9a80ba95501b546529454381d048120678a974902e3","root.record.ItemExhibitList.P10AdvanceProcurementList.P10AdvanceProcurement.APCostElementCategoryList.CFE.APCostElement"
"2014","77","2014-03","2015-12","30","9.458","2013-01","","","2014-BASE_PROCUREMENT-2014-AIRFORCE_AIRCRAFT_VOL2-PROCUREMENT_MasterJustificationBook_Air_Force_PB_2014.zzz_unzipped-PROCUREMENT_MasterJustificationBook_Air_Force_PB_2014.xml","49e6ebb877c28b1a5a5ad3ec630e9669d0f205b4790c66bd50e69d037f2b0687","2-57dcc4d7b342bbd139bf6973694e42b2fa1df6388a3ad0758163e2080b9a80ca","true","SS","FPIF","0-f0a246d787b9f5406561d9a80ba95501b546529454381d048120678a974902e3","root.record.ItemExhibitList.P10AdvanceProcurementList.P10AdvanceProcurement.APCostElementCategoryList.CFE.APCostElement"
"2013","NAVAIR","2013-04","2015-01","3","5.000","2011-02","","","2014-BASE_PROCUREMENT-2014-AIRFORCE_AIRCRAFT_VOL2-PROCUREMENT_MasterJustificationBook_Air_Force_PB_2014.zzz_unzipped-PROCUREMENT_MasterJustificationBook_Air_Force_PB_2014.xml","87e6219c53a6a0e21d8cd2ef48641c364c0940e3ebc418f58e09ce6611c01b96","0-f1eb3d35512a2fa5d63a111b23c4dac3a5ebda1d0bb5893747ac0adaf2c47993","true","SS","FPIF","0-f1973227891e99b4918d201f65f7061674e815f27588009e24cbc830feca343d","root.record.ItemExhibitList.P10AdvanceProcurementList.P10AdvanceProcurement.APCostElementCategoryList.CFE.APCostElement"
"2011","WPAFB, OH","2011-07","2014-08","1","9.877","2010-12","","","2014-BASE_PROCUREMENT-2014-AIRFORCE_AIRCRAFT_VOL2-PROCUREMENT_MasterJustificationBook_Air_Force_PB_2014.zzz_unzipped-PROCUREMENT_MasterJustificationBook_Air_Force_PB_2014.xml","45f0be2dfff78b26486004bb5ff808ec4df07601617e528c9f2d0e3c0b68a716","0-2f4e16ece9de48e6c56559be5924aab2e03bf3cabcdcecbca0b4db30b3484cc7","true","SS","FFP","0-f15bc7589a602ed02d58465634a64385f310c1ee4c1f10488989ceeb83ea378d","root.record.ItemExhibitList.P10AdvanceProcurementList.P10AdvanceProcurement.APCostElementCategoryList.CFE.APCostElement"
"2012","WPAFB, OH","2012-03","2015-04","2","10.000","2012-02","","","2014-BASE_PROCUREMENT-2014-AIRFORCE_AIRCRAFT_VOL2-PROCUREMENT_MasterJustificationBook_Air_Force_PB_2014.zzz_unzipped-PROCUREMENT_MasterJustificationBook_Air_Force_PB_2014.xml","45f0be2dfff78b26486004bb5ff808ec4df07601617e528c9f2d0e3c0b68a716","1-1720fe6b76190edbc0b349f36df016b9dbb19c9d3bcf1729765d8453a60e89eb","true","SS","FFP","0-f15bc7589a602ed02d58465634a64385f310c1ee4c1f10488989ceeb83ea378d","root.record.ItemExhibitList.P10AdvanceProcurementList.P10AdvanceProcurement.APCostElementCategoryList.CFE.APCostElement"
"2012","TBD","2013-07","2015-12","3","23.833","2013-05","","","2014-BASE_PROCUREMENT-2014-AIRFORCE_AIRCRAFT_VOL2-PROCUREMENT_MasterJustificationBook_Air_Force_PB_2014.zzz_unzipped-PROCUREMENT_MasterJustificationBook_Air_Force_PB_2014.xml","20f7907056336be4710ebeb3bc8594a8c51886c61c07ee8b10c3abad2debace8","0-339893d7f406e9505561efcc9b34c9a7c4e43e69a045d320a0dd86f9a3c7100a","true","SS","FPIF","0-bc0895fcfdb05b54493877ea1b6e5f9a550209f8a9ce1071b0b05db510fcbcb0","root.record.ItemExhibitList.P10AdvanceProcurementList.P10AdvanceProcurement.APCostElementCategoryList.CFE.APCostElement"
"2011","WPAFB, OH","2011-07","2014-09","1","11.055","2010-12","","","2014-BASE_PROCUREMENT-2014-AIRFORCE_AIRCRAFT_VOL2-PROCUREMENT_MasterJustificationBook_Air_Force_PB_2014.zzz_unzipped-PROCUREMENT_MasterJustificationBook_Air_Force_PB_2014.xml","488edd08a4134d4ef47f67932aa0e770dd42909fc6ec080a1be4113faa890508","0-d7bce65ec7e358cabac70227b626122c75ff353abecb7bb3ed6ddad32a3a61c9","true","SS","FFP","0-5e2c45fe0d9683177662215fa21db697ee7e5d99e68ee3b16443c6dc4119f5f8","root.record.ItemExhibitList.P10AdvanceProcurementList.P10AdvanceProcurement.APCostElementCategoryList.CFE.APCostElement"
"2014","WPAFB, OH","2014-03","2016-09","7","10.000","2012-10","","","2014-BASE_PROCUREMENT-2014-AIRFORCE_AIRCRAFT_VOL2-PROCUREMENT_MasterJustificationBook_Air_Force_PB_2014.zzz_unzipped-PROCUREMENT_MasterJustificationBook_Air_Force_PB_2014.xml","488edd08a4134d4ef47f67932aa0e770dd42909fc6ec080a1be4113faa890508","1-2b10ed19a91a97c238f2443e113860fffe337e975fc17b9662332245f4d9d6aa","true","SS","FFP","0-5e2c45fe0d9683177662215fa21db697ee7e5d99e68ee3b16443c6dc4119f5f8","root.record.ItemExhibitList.P10AdvanceProcurementList.P10AdvanceProcurement.APCostElementCategoryList.CFE.APCostElement"
"2012","WPAFB, OH","2012-03","2015-05","4","10.000","2012-02","","","2014-BASE_PROCUREMENT-2014-AIRFORCE_AIRCRAFT_VOL2-PROCUREMENT_MasterJustificationBook_Air_Force_PB_2014.zzz_unzipped-PROCUREMENT_MasterJustificationBook_Air_Force_PB_2014.xml","568274f6da4ae741bf3451b1e4bd1ce95232308fe969b118463d712471e787ca","0-7d05ebf3fc7b479876211d18dac0c4c7cf1a2c88a9dd51850d182b08b5d83af9","true","SS","FFP","0-5016858dff1ce3e400d8382f536a7f4b738cc0b43a567fdd48d21bc839c9aa0a","root.record.ItemExhibitList.P10AdvanceProcurementList.P10AdvanceProcurement.APCostElementCategoryList.CFE.APCostElement"
"2014","WPAFB, OH","2014-03","2017-01","2","10.000","2012-10","","","2014-BASE_PROCUREMENT-2014-AIRFORCE_AIRCRAFT_VOL2-PROCUREMENT_MasterJustificationBook_Air_Force_PB_2014.zzz_unzipped-PROCUREMENT_MasterJustificationBook_Air_Force_PB_2014.xml","568274f6da4ae741bf3451b1e4bd1ce95232308fe969b118463d712471e787ca","1-80c17c97b021c2bd268288a43fae320647f35c7ba4196b463cb6799b893dc462","true","SS","FPIF","0-5016858dff1ce3e400d8382f536a7f4b738cc0b43a567fdd48d21bc839c9aa0a","root.record.ItemExhibitList.P10AdvanceProcurementList.P10AdvanceProcurement.APCostElementCategoryList.CFE.APCostElement"
"2012","77","2013-03","2014-02","19","19.400","2012-04","","","2014-BASE_PROCUREMENT-2014-AIRFORCE_AIRCRAFT_VOL1-PROCUREMENT_MasterJustificationBook_Air_Force_PB_2014.zzz_unzipped-PROCUREMENT_MasterJustificationBook_Air_Force_PB_2014.xml","6ab9e29ac3b8aded689164aba8dab423bb75c52b5172bcd81d5d2ac7eeafb8ff","0-fb1b97fc9cb8c03f2dfa811de506eda3654051960a5a19fcbd77936f64c50c44","true","SS","FPIF","0-d9f8729a208a14b609a7c48d0b1437fb5a46aa175ad51b4769feabab31b55e0f","root.record.ItemExhibitList.P10AdvanceProcurementList.P10AdvanceProcurement.APCostElementCategoryList.CFE.APCostElement"
"2013","77","2013-03","2014-12","19","12.045","2012-04","","","2014-BASE_PROCUREMENT-2014-AIRFORCE_AIRCRAFT_VOL1-PROCUREMENT_MasterJustificationBook_Air_Force_PB_2014.zzz_unzipped-PROCUREMENT_MasterJustificationBook_Air_Force_PB_2014.xml","6ab9e29ac3b8aded689164aba8dab423bb75c52b5172bcd81d5d2ac7eeafb8ff","1-19792a6e166e8dbdbdc3d8b99c061af21bd26af591858426585009621d5cfa6c","true","SS","FPIF","0-d9f8729a208a14b609a7c48d0b1437fb5a46aa175ad51b4769feabab31b55e0f","root.record.ItemExhibitList.P10AdvanceProcurementList.P10AdvanceProcurement.APCostElementCategoryList.CFE.APCostElement"
"2014","77","2014-03","2015-12","30","9.458","2013-01","","","2014-BASE_PROCUREMENT-2014-AIRFORCE_AIRCRAFT_VOL1-PROCUREMENT_MasterJustificationBook_Air_Force_PB_2014.zzz_unzipped-PROCUREMENT_MasterJustificationBook_Air_Force_PB_2014.xml","6ab9e29ac3b8aded689164aba8dab423bb75c52b5172bcd81d5d2ac7eeafb8ff","2-f847bb78440ad2a4bfc33fd5541708dac0e77869009a2b298b5266065d225928","true","SS","FPIF","0-d9f8729a208a14b609a7c48d0b1437fb5a46aa175ad51b4769feabab31b55e0f","root.record.ItemExhibitList.P10AdvanceProcurementList.P10AdvanceProcurement.APCostElementCategoryList.CFE.APCostElement"
"2013","NAVAIR","2013-04","2015-01","3","5.000","2011-02","","","2014-BASE_PROCUREMENT-2014-AIRFORCE_AIRCRAFT_VOL1-PROCUREMENT_MasterJustificationBook_Air_Force_PB_2014.zzz_unzipped-PROCUREMENT_MasterJustificationBook_Air_Force_PB_2014.xml","64862d5509d36b3dc25821d3aee2b698b642d9914a9acb94aba0df7947892b95","0-2caa3a28c0f30f588bc4ebc4009dff5dda3a77938db710ba0e976b07a97bd54f","true","SS","FPIF","0-905d7da75e757c309e83e70478f9064808800a1c9952a0bc7037253a0304f42f","root.record.ItemExhibitList.P10AdvanceProcurementList.P10AdvanceProcurement.APCostElementCategoryList.CFE.APCostElement"
"2011","WPAFB, OH","2011-07","2014-08","1","9.877","2010-12","","","2014-BASE_PROCUREMENT-2014-AIRFORCE_AIRCRAFT_VOL1-PROCUREMENT_MasterJustificationBook_Air_Force_PB_2014.zzz_unzipped-PROCUREMENT_MasterJustificationBook_Air_Force_PB_2014.xml","df67eff3c686183f6dcf7d4101da8c03f51d7865cf70fd8211d6e348ea90397e","0-6a35298d86c21b033f0ac31a424e3e95e5f6908a66ea569836a333b7f281ba19","true","SS","FFP","0-08c898a5235b1d989a14c7fb0a2ebd22b8eca61c725d0d461b7f41b2c0c6c5f3","root.record.ItemExhibitList.P10AdvanceProcurementList.P10AdvanceProcurement.APCostElementCategoryList.CFE.APCostElement"
"2012","WPAFB, OH","2012-03","2015-04","2","10.000","2012-02","","","2014-BASE_PROCUREMENT-2014-AIRFORCE_AIRCRAFT_VOL1-PROCUREMENT_MasterJustificationBook_Air_Force_PB_2014.zzz_unzipped-PROCUREMENT_MasterJustificationBook_Air_Force_PB_2014.xml","df67eff3c686183f6dcf7d4101da8c03f51d7865cf70fd8211d6e348ea90397e","1-9565a5b901888e7391c8fdb881b03fe883a2858e9eb2aaea884ffe40fdb92ea8","true","SS","FFP","0-08c898a5235b1d989a14c7fb0a2ebd22b8eca61c725d0d461b7f41b2c0c6c5f3","root.record.ItemExhibitList.P10AdvanceProcurementList.P10AdvanceProcurement.APCostElementCategoryList.CFE.APCostElement"
"2012","TBD","2013-07","2015-12","3","23.833","2013-05","","","2014-BASE_PROCUREMENT-2014-AIRFORCE_AIRCRAFT_VOL1-PROCUREMENT_MasterJustificationBook_Air_Force_PB_2014.zzz_unzipped-PROCUREMENT_MasterJustificationBook_Air_Force_PB_2014.xml","316c8a1eea6fda1117d3c520bf1b7b3c456a990002e7720ef4597a622b9eacd5","0-3b8699b3036d0cbf973e3f4d0d353b5b8389917129c179bde3c0b353ebd79581","true","SS","FPIF","0-16c0cbe876a9706c80b9c73c2a8b549fb62a71e11f8d501f21be71075c7aff3f","root.record.ItemExhibitList.P10AdvanceProcurementList.P10AdvanceProcurement.APCostElementCategoryList.CFE.APCostElement"
"2011","WPAFB, OH","2011-07","2014-09","1","11.055","2010-12","","","2014-BASE_PROCUREMENT-2014-AIRFORCE_AIRCRAFT_VOL1-PROCUREMENT_MasterJustificationBook_Air_Force_PB_2014.zzz_unzipped-PROCUREMENT_MasterJustificationBook_Air_Force_PB_2014.xml","9de913aeb6567c0d4534e57110f9dda8f4ab9f2890ebec10995f16b0056b8d4a","0-4bfad8929ad4abff8820e3511f66545f7927f04b592a5b7073383a9a81d55304","true","SS","FFP","0-a1a4ae5324dc598bfa731edf678a1e65b9b008471f7ee56cf95d782b63947e31","root.record.ItemExhibitList.P10AdvanceProcurementList.P10AdvanceProcurement.APCostElementCategoryList.CFE.APCostElement"
"2014","WPAFB, OH","2014-03","2016-09","7","10.000","2012-10","","","2014-BASE_PROCUREMENT-2014-AIRFORCE_AIRCRAFT_VOL1-PROCUREMENT_MasterJustificationBook_Air_Force_PB_2014.zzz_unzipped-PROCUREMENT_MasterJustificationBook_Air_Force_PB_2014.xml","9de913aeb6567c0d4534e57110f9dda8f4ab9f2890ebec10995f16b0056b8d4a","1-70201e486fb18f14ea9456a4de55ffbe6fe6583ea754dfe87e59ebbbf3226108","true","SS","FFP","0-a1a4ae5324dc598bfa731edf678a1e65b9b008471f7ee56cf95d782b63947e31","root.record.ItemExhibitList.P10AdvanceProcurementList.P10AdvanceProcurement.APCostElementCategoryList.CFE.APCostElement"
"2012","WPAFB, OH","2012-03","2015-05","4","10.000","2012-02","","","2014-BASE_PROCUREMENT-2014-AIRFORCE_AIRCRAFT_VOL1-PROCUREMENT_MasterJustificationBook_Air_Force_PB_2014.zzz_unzipped-PROCUREMENT_MasterJustificationBook_Air_Force_PB_2014.xml","1800a4a3cade962759517e8f30a849a8b21a34bb984d87d8abe05b8727f27625","0-b375543f81595ef274229822c20f05e4ebb5483164c47785b3a089b2fc31ace7","true","SS","FFP","0-6a39a443b35e8c4549cb9714a617a15cb1a8a226b4e300f24efb99917cf9dbfd","root.record.ItemExhibitList.P10AdvanceProcurementList.P10AdvanceProcurement.APCostElementCategoryList.CFE.APCostElement"
"2014","WPAFB, OH","2014-03","2017-01","2","10.000","2012-10","","","2014-BASE_PROCUREMENT-2014-AIRFORCE_AIRCRAFT_VOL1-PROCUREMENT_MasterJustificationBook_Air_Force_PB_2014.zzz_unzipped-PROCUREMENT_MasterJustificationBook_Air_Force_PB_2014.xml","1800a4a3cade962759517e8f30a849a8b21a34bb984d87d8abe05b8727f27625","1-b0da541641c7e0a7299eb216eb57aebe28cb60f4f985b4aa17abc73282348502","true","SS","FPIF","0-6a39a443b35e8c4549cb9714a617a15cb1a8a226b4e300f24efb99917cf9dbfd","root.record.ItemExhibitList.P10AdvanceProcurementList.P10AdvanceProcurement.APCostElementCategoryList.CFE.APCostElement"
"2013","See End Item P5A","0001-01","0001-01","0","0","0001-01","TBD","I think i","2014-BASE_PROCUREMENT-2014-NAVY_AIRCRAFT_BA1-4-PROCUREMENT_JustificationBook_Navy_PB_2014.zzz_unzipped-PROCUREMENT_JustificationBook_Navy_PB_2014.xml","59eb071a2b8c27825df619eb2437ee7c5c84f3ba541674a32571545b2cf94550","0-2da9c6d164ba608f34f6ffb3025eb3769a6e6afbc17e6043e8536ad8cbb61edf","","","","0-60a0fae1befa3c8b3b51a875b48102f9601fbe31bc66925e7b10eacc4f7c021c","root.record.ItemExhibitList.P10AdvanceProcurementList.P10AdvanceProcurement.APCostElementCategoryList.CFE.APCostElement"
"2013","See End Item P5A","0001-01","0001-01","0","0","0001-01","TBD","I think i","2014-BASE_PROCUREMENT-2014-NAVY_AIRCRAFT_BA1-4-PROCUREMENT_JustificationBook_Navy_PB_2014.zzz_unzipped-PROCUREMENT_JustificationBook_Navy_PB_2014.xml","7fa98ebdf00716dac253784ec3c8e6d0fdbc0d8a1c13700e5d8d3eb0e6053267","0-b5f5d994072154ab28174e76b4be3888ea9451df7921d197a6a087ef7e35d672","","","","0-4004cf5ec3dc1eaf23d48039b437f5c8a1a63e0279ae33c5f097a94a962724b3","root.record.ItemExhibitList.P10AdvanceProcurementList.P10AdvanceProcurement.APCostElementCategoryList.CFE.APCostElement"
"2013","See End Item P5A","0001-01","0001-01","0","0","0001-01","TBD","I think i","2014-BASE_PROCUREMENT-2014-NAVY_AIRCRAFT_BA1-4-PROCUREMENT_JustificationBook_Navy_PB_2014.zzz_unzipped-PROCUREMENT_JustificationBook_Navy_PB_2014.xml","7fa98ebdf00716dac253784ec3c8e6d0fdbc0d8a1c13700e5d8d3eb0e6053267","0-0c3418c3d8cf0fc67cc4eb3891eb9b310ce674c96a7685d4d4d436b18a242a4c","","","","1-b52d2ae3aa8510bdaac388f9b7b7d600d4d48d0d903b94d5bb104386676f7845","root.record.ItemExhibitList.P10AdvanceProcurementList.P10AdvanceProcurement.APCostElementCategoryList.CFE.APCostElement"
"2013","See End Item P5A","0001-01","0001-01","0","0","0001-01","TBD","I think i","2014-BASE_PROCUREMENT-2014-NAVY_AIRCRAFT_BA1-4-PROCUREMENT_JustificationBook_Navy_PB_2014.zzz_unzipped-PROCUREMENT_JustificationBook_Navy_PB_2014.xml","7fa98ebdf00716dac253784ec3c8e6d0fdbc0d8a1c13700e5d8d3eb0e6053267","0-f0d93d4ee52c2cb5bc13cf41ad3ab151b5516894f7ddfdb5977ca7f9237c8485","","","","2-9f53edc5f3e738bb3908336b3d6429dae9aae65b7804313a1f28b80321f2865a","root.record.ItemExhibitList.P10AdvanceProcurementList.P10AdvanceProcurement.APCostElementCategoryList.CFE.APCostElement"
"2013","See End Item P5A","0001-01","0001-01","0","0","0001-01","TBD","I think i","2014-BASE_PROCUREMENT-2014-NAVY_AIRCRAFT_BA1-4-PROCUREMENT_JustificationBook_Navy_PB_2014.zzz_unzipped-PROCUREMENT_JustificationBook_Navy_PB_2014.xml","7fa98ebdf00716dac253784ec3c8e6d0fdbc0d8a1c13700e5d8d3eb0e6053267","0-a0aa2ff710b1fed2f119a20095ceff28f4a2cde0552002232317e8f2f307f9d6","","","","3-ed3a1e7aee9157fbfdad9a6fe9f424fd5e60dd828fca2e823c11bf5e93afbc08","root.record.ItemExhibitList.P10AdvanceProcurementList.P10AdvanceProcurement.APCostElementCategoryList.CFE.APCostElement"
"2013","See End Item P5A","2013-12","2013-12","0","0","2013-12","TBD","I think i","2014-BASE_PROCUREMENT-2014-NAVY_AIRCRAFT_BA1-4-PROCUREMENT_JustificationBook_Navy_PB_2014.zzz_unzipped-PROCUREMENT_JustificationBook_Navy_PB_2014.xml","d9f1e0fb0d1c8f37f7cf1fb8789cbe4e3f3cf2139c15aa9e23860a1278ea6cc4","0-acf888e5983a89228159ba97d147c1abe2d945252e8c0f3af718c426a519a7e1","","","","0-2a71c34b8bb6c049596eb79aca9adf4536d65ba3c65f2e4e3175a9d55f5edada","root.record.ItemExhibitList.P10AdvanceProcurementList.P10AdvanceProcurement.APCostElementCategoryList.CFE.APCostElement"
"2013","See End Item P5A","2013-12","2013-12","0","0","2013-12","TBD","I think i","2014-BASE_PROCUREMENT-2014-NAVY_AIRCRAFT_BA1-4-PROCUREMENT_JustificationBook_Navy_PB_2014.zzz_unzipped-PROCUREMENT_JustificationBook_Navy_PB_2014.xml","d9f1e0fb0d1c8f37f7cf1fb8789cbe4e3f3cf2139c15aa9e23860a1278ea6cc4","0-5074a9fa9dd21acbd927f7df865ef91a8fd2595f343f3f8438fb11d14337ca23","","","","1-6d939ba8bd69da683e1efc6db120d6025466b966d57719990acbb5b712a2b85b","root.record.ItemExhibitList.P10AdvanceProcurementList.P10AdvanceProcurement.APCostElementCategoryList.CFE.APCostElement"
"2013","See End Item P5A","2013-12","2013-12","0","0","2013-12","TBD","I think i","2014-BASE_PROCUREMENT-2014-NAVY_AIRCRAFT_BA1-4-PROCUREMENT_JustificationBook_Navy_PB_2014.zzz_unzipped-PROCUREMENT_JustificationBook_Navy_PB_2014.xml","d9f1e0fb0d1c8f37f7cf1fb8789cbe4e3f3cf2139c15aa9e23860a1278ea6cc4","0-90f4b069d3cd728087ef46de05dc83b24f6f6609c0dfa561f8ddbb753f003e7f","","","","2-398c861fb4541fe734f492de96d14d2e73ad273fe12cec9820d2a6b9c7ccfb2d","root.record.ItemExhibitList.P10AdvanceProcurementList.P10AdvanceProcurement.APCostElementCategoryList.CFE.APCostElement"
"2013","See End Item P5A","2013-12","2013-12","0","0","2013-12","TBD","I think i","2014-BASE_PROCUREMENT-2014-NAVY_AIRCRAFT_BA1-4-PROCUREMENT_JustificationBook_Navy_PB_2014.zzz_unzipped-PROCUREMENT_JustificationBook_Navy_PB_2014.xml","d9f1e0fb0d1c8f37f7cf1fb8789cbe4e3f3cf2139c15aa9e23860a1278ea6cc4","0-f52e33b665ece6b337ec36c4f0553ef8c136f8f0fac876774ac56a3867515862","","","","3-d9ebe702790c1bc7c6b605807a4b8cdc0a984017eb860e1c80403bb46588ed0f","root.record.ItemExhibitList.P10AdvanceProcurementList.P10AdvanceProcurement.APCostElementCategoryList.CFE.APCostElement"
"2013","See End Item P5A","2013-12","2013-12","0","0","2013-12","TBD","I think i","2014-BASE_PROCUREMENT-2014-NAVY_AIRCRAFT_BA1-4-PROCUREMENT_JustificationBook_Navy_PB_2014.zzz_unzipped-PROCUREMENT_JustificationBook_Navy_PB_2014.xml","d9f1e0fb0d1c8f37f7cf1fb8789cbe4e3f3cf2139c15aa9e23860a1278ea6cc4","0-4cc437da3ceda4cc1e4f79387d9a4926ac8b01d06f005ff4cef593285772eb95","","","","4-e38cb37cb752a8baef21bd6da2ab011052a700e52fdd3c91681c66eec8c29a23","root.record.ItemExhibitList.P10AdvanceProcurementList.P10AdvanceProcurement.APCostElementCategoryList.CFE.APCostElement"
"2013","See End Item P5A","2013-12","2013-12","0","0","2013-12","TBD","I think i","2014-BASE_PROCUREMENT-2014-NAVY_AIRCRAFT_BA1-4-PROCUREMENT_JustificationBook_Navy_PB_2014.zzz_unzipped-PROCUREMENT_JustificationBook_Navy_PB_2014.xml","fca80c4a5bf23e192e9420dded4f49a1b46495e610d6495e88d6fe525d380853","0-3fba56155cfab90c8c272e7de189c54ad30fa1af06ca7ec652e43138b384cf88","","","","0-801f7cf962401528b463879428a76e74a1308867a4fffce90bf2e9b2cfe6c77a","root.record.ItemExhibitList.P10AdvanceProcurementList.P10AdvanceProcurement.APCostElementCategoryList.CFE.APCostElement"
"2013","See End Item P5A","2013-12","2013-12","0","0","2013-12","TBD","I think i","2014-BASE_PROCUREMENT-2014-NAVY_AIRCRAFT_BA1-4-PROCUREMENT_JustificationBook_Navy_PB_2014.zzz_unzipped-PROCUREMENT_JustificationBook_Navy_PB_2014.xml","fca80c4a5bf23e192e9420dded4f49a1b46495e610d6495e88d6fe525d380853","0-d1ee8366b3b1862bb32114c8bc10cf85fb70cbf8d1f482d74f038cb991e3bc1c","","","","1-3c5a4e63db87f158eacfc3b493e33ccc223a757338a7d0454852322ec20daa56","root.record.ItemExhibitList.P10AdvanceProcurementList.P10AdvanceProcurement.APCostElementCategoryList.CFE.APCostElement"
"2013","See End Item P5A","2014-06","2014-06","0","0","2014-06","TBD","I think i","2014-BASE_PROCUREMENT-2014-NAVY_AIRCRAFT_BA1-4-PROCUREMENT_JustificationBook_Navy_PB_2014.zzz_unzipped-PROCUREMENT_JustificationBook_Navy_PB_2014.xml","9153159fe86babf2338e4b160b0225ad806515ca1ccc0dbf362bf9b5e04bfffb","0-871aa834bc7c8a2955d594848fcb623ae26d9b9a84c4c94f89b68a18eb07fcbc","","","","0-8a92fb9794cb9d6e1d3970ae35f0e9d48a660573d40667054d7a0e684e85a1d1","root.record.ItemExhibitList.P10AdvanceProcurementList.P10AdvanceProcurement.APCostElementCategoryList.CFE.APCostElement"
"2013","See End Item P5A","2013-04","2013-04","0","0","2013-04","TBD","I think i","2014-BASE_PROCUREMENT-2014-NAVY_AIRCRAFT_BA1-4-PROCUREMENT_JustificationBook_Navy_PB_2014.zzz_unzipped-PROCUREMENT_JustificationBook_Navy_PB_2014.xml","0665cc0483394d06f3f23a211d09a0bac88f7a74f6e6df002dd9f2bcbf15f4e0","0-cb8ec6ec0ae53243a54af4e43aa2126d680bb57b1caf6d61af1e68b31c6e1f4c","","","","0-566c5c2e24735a34fe9f33e606a969fdda71139d156c9643afaf8fd9258e507b","root.record.ItemExhibitList.P10AdvanceProcurementList.P10AdvanceProcurement.APCostElementCategoryList.CFE.APCostElement"
"2013","See End Item P5A","0001-01","0001-01","0","0","0001-01","TBD","I think i","2014-BASE_PROCUREMENT-2014-NAVY_AIRCRAFT_BA1-4-PROCUREMENT_JustificationBook_Navy_PB_2014.zzz_unzipped-PROCUREMENT_JustificationBook_Navy_PB_2014.xml","0665cc0483394d06f3f23a211d09a0bac88f7a74f6e6df002dd9f2bcbf15f4e0","0-d17226534cba36fd09a8413f83a5e4af80f6b1852241e177b41fffb9676bb9da","","","","1-d0034e0a86db4ff2d73d5821aa05816ba37b9706b2b421898e85ef37e8582130","root.record.ItemExhibitList.P10AdvanceProcurementList.P10AdvanceProcurement.APCostElementCategoryList.CFE.APCostElement"
"2013","See End Item P5A","0001-01","0001-01","0","0","0001-01","TBD","I think i","2014-BASE_PROCUREMENT-2014-NAVY_AIRCRAFT_BA1-4-PROCUREMENT_JustificationBook_Navy_PB_2014.zzz_unzipped-PROCUREMENT_JustificationBook_Navy_PB_2014.xml","0665cc0483394d06f3f23a211d09a0bac88f7a74f6e6df002dd9f2bcbf15f4e0","0-2017193e816c6975a42a5530a4f7bf5d494c1d465e3f078920fdacec99848d95","","","","2-09a2a46a59ed94ab0a30973854be0fca4b3f3c498ed7ce1365755bb7c4799006","root.record.ItemExhibitList.P10AdvanceProcurementList.P10AdvanceProcurement.APCostElementCategoryList.CFE.APCostElement"
"2013","See End Item P5A","0001-01","0001-01","0","0","0001-01","TBD","I think i","2014-BASE_PROCUREMENT-2014-NAVY_AIRCRAFT_BA1-4-PROCUREMENT_JustificationBook_Navy_PB_2014.zzz_unzipped-PROCUREMENT_JustificationBook_Navy_PB_2014.xml","0665cc0483394d06f3f23a211d09a0bac88f7a74f6e6df002dd9f2bcbf15f4e0","0-50570d67c7fa03accc658830a2263cc57b1f459237a3d0f9c1f369e74d6a9454","","","","3-1d04e51db58bc9a55f3ce29f678c55ef736f525f0c6be67e6d3b3c454cb2a2af","root.record.ItemExhibitList.P10AdvanceProcurementList.P10AdvanceProcurement.APCostElementCategoryList.CFE.APCostElement"
"2013","See End Item P5A","0001-01","0001-01","0","0","0001-01","TBD","I think i","2014-BASE_PROCUREMENT-2014-NAVY_AIRCRAFT_BA1-4-PROCUREMENT_JustificationBook_Navy_PB_2014.zzz_unzipped-PROCUREMENT_JustificationBook_Navy_PB_2014.xml","0665cc0483394d06f3f23a211d09a0bac88f7a74f6e6df002dd9f2bcbf15f4e0","0-5dac9756883c9e5397b844d4e4817482dd46241b024e4a5c8f4f8f56cf8597bf","","","","4-f8d7ac78f2875daa64df88d70694974d35d4866a90a902ec0cb39c6c62711a2e","root.record.ItemExhibitList.P10AdvanceProcurementList.P10AdvanceProcurement.APCostElementCategoryList.CFE.APCostElement"
"2013","See End Item P5A","0001-01","0001-01","0","0","0001-01","TBD","I think i","2014-BASE_PROCUREMENT-2014-NAVY_AIRCRAFT_BA1-4-PROCUREMENT_JustificationBook_Navy_PB_2014.zzz_unzipped-PROCUREMENT_JustificationBook_Navy_PB_2014.xml","0665cc0483394d06f3f23a211d09a0bac88f7a74f6e6df002dd9f2bcbf15f4e0","0-f3fe1db8ea8a3410c3e13cd4d6cd7ca00e0997eea28c0ab8d1921305a0cf04c0","","","","5-7ad88646ea3146b324b467dd1e1779e70fb6b173ac5ae3c5d95ef4cc5ab1d6b2","root.record.ItemExhibitList.P10AdvanceProcurementList.P10AdvanceProcurement.APCostElementCategoryList.CFE.APCostElement"
"2013","See End Item P5A","0001-01","0001-01","0","0","0001-01","TBD","I think i","2014-BASE_PROCUREMENT-2014-NAVY_AIRCRAFT_BA1-4-PROCUREMENT_JustificationBook_Navy_PB_2014.zzz_unzipped-PROCUREMENT_JustificationBook_Navy_PB_2014.xml","0665cc0483394d06f3f23a211d09a0bac88f7a74f6e6df002dd9f2bcbf15f4e0","0-35383a2fbda3f123945eb5ea60853e47a0d9226bf5326457e13bd70fa9bd74e9","","","","6-f70d04d818b8552efbbcd0731b82f5def2abbd8201797ba2b1d1b31e1e46d16f","root.record.ItemExhibitList.P10AdvanceProcurementList.P10AdvanceProcurement.APCostElementCategoryList.CFE.APCostElement"
"2013","See End Item P5A","2014-07","2014-07","0","0","2014-07","TBD","I think i","2014-BASE_PROCUREMENT-2014-NAVY_AIRCRAFT_BA1-4-PROCUREMENT_JustificationBook_Navy_PB_2014.zzz_unzipped-PROCUREMENT_JustificationBook_Navy_PB_2014.xml","2ca0b177ff5773179adc68e99a8aa14d5082a81544df1d5d478b6a1901815e1a","0-157e30b935927d3198a74a04462548715b4805399340017160f6dd8d3692dcd1","","","","0-3289f487f704927cf6cc8e08aac52add2abb442714040ca4335aab705d442cad","root.record.ItemExhibitList.P10AdvanceProcurementList.P10AdvanceProcurement.APCostElementCategoryList.CFE.APCostElement"
"2013","See End Item P5A","0001-01","0001-01","0","0","0001-01","TBD","I think i","2014-BASE_PROCUREMENT-2014-NAVY_AIRCRAFT_BA1-4-PROCUREMENT_JustificationBook_Navy_PB_2014.zzz_unzipped-PROCUREMENT_JustificationBook_Navy_PB_2014.xml","64929e2f3b423b633d4163e755851b1fd905e7aae3c16591258a0272ed89fca7","0-97ba288e1161e58624095bffd72e8e1764e326e910b629f623c3bf95ab361839","","","","0-43ee6eae9b0e1b6862fbfc742ff020496fedf0b3c1e66379ed5b42b506f96d90","root.record.ItemExhibitList.P10AdvanceProcurementList.P10AdvanceProcurement.APCostElementCategoryList.CFE.APCostElement"
"2013","See End Item P5A","0001-01","0001-01","0","0","0001-01","TBD","I think i","2014-BASE_PROCUREMENT-2014-NAVY_AIRCRAFT_BA1-4-PROCUREMENT_JustificationBook_Navy_PB_2014.zzz_unzipped-PROCUREMENT_JustificationBook_Navy_PB_2014.xml","049cb91018f89e9c503e94cc8bbd5cb09e1075dae1b2910caf7d2d2f90fe1cc2","0-060bac9b716778c820b94b1525a5d3b511ad7c22b2828e703d78594fe3d17d67","","","","0-d3e3dcea55af84a22615c7051dcee49ce688da9816f5520efe42f4072a818f0e","root.record.ItemExhibitList.P10AdvanceProcurementList.P10AdvanceProcurement.APCostElementCategoryList.CFE.APCostElement"
"2013","See End Item P5A","2012-12","2012-12","0","0","2012-12","TBD","I think i","2014-BASE_PROCUREMENT-2014-NAVY_AIRCRAFT_BA1-4-PROCUREMENT_JustificationBook_Navy_PB_2014.zzz_unzipped-PROCUREMENT_JustificationBook_Navy_PB_2014.xml","f49d6e455d4d07bc582f76515e80682a468b3173944aca0167c23cde3c9c266d","0-d1c0e00b577c27d2ae6b36d353cd8330583a1202045d811dee90e20a86f76fce","","","","0-12fdd4fbef086b9f81e4048ff8f2154933b6fc56d2fb6d575439bf34f8d74ea6","root.record.ItemExhibitList.P10AdvanceProcurementList.P10AdvanceProcurement.APCostElementCategoryList.CFE.APCostElement"
"2013","See End Item P5A","2013-03","2013-03","0","0","2013-03","TBD","I think i","2014-BASE_PROCUREMENT-2014-NAVY_AIRCRAFT_BA1-4-PROCUREMENT_JustificationBook_Navy_PB_2014.zzz_unzipped-PROCUREMENT_JustificationBook_Navy_PB_2014.xml","c580d71111988ee8091a7769091dbf3b7f66dcdd6bb7f463ae21ffa990ebfa68","0-4c0a503b10059df2b489f5c0be6f722abbf8fc00ed579f648adde6a565df8be3","","","","0-c0ab66d2866a18ef948e84d68091b32caa2e0841342ed187e3609de568662592","root.record.ItemExhibitList.P10AdvanceProcurementList.P10AdvanceProcurement.APCostElementCategoryList.CFE.APCostElement"
"2013","See End Item P5A","0001-01","0001-01","0","0","0001-01","TBD","I think i","2014-BASE_PROCUREMENT-2014-NAVY_AIRCRAFT_BA1-4-PROCUREMENT_JustificationBook_Navy_PB_2014.zzz_unzipped-PROCUREMENT_JustificationBook_Navy_PB_2014.xml","548502376cfb19caab6522063ca08ecec5f9aeace484fcfe2ccf2e4ec8f531b1","0-859a797447e929fa7cd5700c093d2159ade5766a530a1d97de2b6a1df7eadb9d","","","","0-05bd50ea1faf4f7d78f3d4b29f79c4278c6d10b2997fef1f2fb8d836d510b943","root.record.ItemExhibitList.P10AdvanceProcurementList.P10AdvanceProcurement.APCostElementCategoryList.CFE.APCostElement"
"2013","See End Item P5A","0001-01","0001-01","0","0","0001-01","TBD","I think i","2014-BASE_PROCUREMENT-2014-NAVY_AIRCRAFT_BA1-4-PROCUREMENT_JustificationBook_Navy_PB_2014.zzz_unzipped-PROCUREMENT_JustificationBook_Navy_PB_2014.xml","548502376cfb19caab6522063ca08ecec5f9aeace484fcfe2ccf2e4ec8f531b1","0-a858e507a345e37e48be4b6d6c5d314b00ed26078748584a18585596d52dab35","","","","1-388a1994a54c25cf447280d27e5417da1818b20695b388bab7f59e027f63ccba","root.record.ItemExhibitList.P10AdvanceProcurementList.P10AdvanceProcurement.APCostElementCategoryList.CFE.APCostElement"
"2013","See End Item P5A","0001-01","0001-01","0","0","0001-01","TBD","I think i","2014-BASE_PROCUREMENT-2014-NAVY_AIRCRAFT_BA1-4-PROCUREMENT_JustificationBook_Navy_PB_2014.zzz_unzipped-PROCUREMENT_JustificationBook_Navy_PB_2014.xml","548502376cfb19caab6522063ca08ecec5f9aeace484fcfe2ccf2e4ec8f531b1","0-1b7e330e42677339271b712c1aeb688b87ee8e49bee35da44f4a5ed82407b1b1","","","","2-7c0096906413056b4cba8c1280d175cbf39ad0297c72f1d74790410c448a039d","root.record.ItemExhibitList.P10AdvanceProcurementList.P10AdvanceProcurement.APCostElementCategoryList.CFE.APCostElement"
"2013","See End Item P5A","0001-01","0001-01","0","0","0001-01","TBD","I think i","2014-BASE_PROCUREMENT-2014-NAVY_AIRCRAFT_BA1-4-PROCUREMENT_JustificationBook_Navy_PB_2014.zzz_unzipped-PROCUREMENT_JustificationBook_Navy_PB_2014.xml","548502376cfb19caab6522063ca08ecec5f9aeace484fcfe2ccf2e4ec8f531b1","0-6234293fcfc30602d17b3fbaa4b3a4fe09644e108854542cbe80aba2490596eb","","","","3-ed6135528657979d212c85c1f33d52ff89922abb674c936e4b76e2becbab1b1f","root.record.ItemExhibitList.P10AdvanceProcurementList.P10AdvanceProcurement.APCostElementCategoryList.CFE.APCostElement"
"2013","See End Item P5A","0001-01","0001-01","0","0","0001-01","TBD","I think i","2014-BASE_PROCUREMENT-2014-NAVY_AIRCRAFT_BA1-4-PROCUREMENT_JustificationBook_Navy_PB_2014.zzz_unzipped-PROCUREMENT_JustificationBook_Navy_PB_2014.xml","548502376cfb19caab6522063ca08ecec5f9aeace484fcfe2ccf2e4ec8f531b1","0-489de30844ba658eac1942cd1bb29e6640dd622f8f00b42aed26f73a57df297c","","","","4-25c934591438c487130873aedaa50a7f54268d6cb74c014d8e4cbdc5544726d1","root.record.ItemExhibitList.P10AdvanceProcurementList.P10AdvanceProcurement.APCostElementCategoryList.CFE.APCostElement"
"2013","See End Item P5A","0001-01","0001-01","0","0","0001-01","TBD","I think i","2014-BASE_PROCUREMENT-2014-NAVY_AIRCRAFT_BA1-4-PROCUREMENT_JustificationBook_Navy_PB_2014.zzz_unzipped-PROCUREMENT_JustificationBook_Navy_PB_2014.xml","548502376cfb19caab6522063ca08ecec5f9aeace484fcfe2ccf2e4ec8f531b1","0-65510f44037c37cfa4539e01fd856737bf6d7b8f7712c69b68e26498fec88ecb","","","","5-bd85df4218ba1a96d94f5d59013862a8b58560421f25a267d544b9a8df8a2e83","root.record.ItemExhibitList.P10AdvanceProcurementList.P10AdvanceProcurement.APCostElementCategoryList.CFE.APCostElement"
"2013","See End Item P5A","0001-01","0001-01","0","0","0001-01","TBD","I think i","2014-BASE_PROCUREMENT-2014-NAVY_AIRCRAFT_BA1-4-PROCUREMENT_JustificationBook_Navy_PB_2014.zzz_unzipped-PROCUREMENT_JustificationBook_Navy_PB_2014.xml","548502376cfb19caab6522063ca08ecec5f9aeace484fcfe2ccf2e4ec8f531b1","0-8e899a923b2ad77b3d13f2eaa87b46d6614f9bc75d29f2e0ff34b9a0e039cb7c","","","","6-e93210e5bcab75c74ff488c775d39c8dd20ad5182e779e0979df2ac6d9db1c0e","root.record.ItemExhibitList.P10AdvanceProcurementList.P10AdvanceProcurement.APCostElementCategoryList.CFE.APCostElement"
"2013","See End Item P5A","0001-01","0001-01","0","0","0001-01","TBD","I think i","2014-BASE_PROCUREMENT-2014-NAVY_AIRCRAFT_BA1-4-PROCUREMENT_JustificationBook_Navy_PB_2014.zzz_unzipped-PROCUREMENT_JustificationBook_Navy_PB_2014.xml","548502376cfb19caab6522063ca08ecec5f9aeace484fcfe2ccf2e4ec8f531b1","0-c134b01cae86f087ab54d6728d7a78ce5d9ab15ce291cc061c418e211abd393f","","","","7-9ad6ebab164a7a7f8ebcbca10b63eef957e11c9e74fbeba2c2c37bd76af293d2","root.record.ItemExhibitList.P10AdvanceProcurementList.P10AdvanceProcurement.APCostElementCategoryList.CFE.APCostElement"
"2013","See End Item P5A","0001-01","0001-01","0","0","0001-01","TBD","I think i","2014-BASE_PROCUREMENT-2014-NAVY_AIRCRAFT_BA1-4-PROCUREMENT_JustificationBook_Navy_PB_2014.zzz_unzipped-PROCUREMENT_JustificationBook_Navy_PB_2014.xml","548502376cfb19caab6522063ca08ecec5f9aeace484fcfe2ccf2e4ec8f531b1","0-6441baf4327f22dd3a7238429262d3ba8149e69f12ee9c1904e43cb138f25f18","","","","8-cee3a772391b854efabda611d428f8bdf51c2aa68130d0630786e94c93633cc3","root.record.ItemExhibitList.P10AdvanceProcurementList.P10AdvanceProcurement.APCostElementCategoryList.CFE.APCostElement"
"2013","See End Item P5A","0001-01","0001-01","0","0","0001-01","TBD","I think i","2014-BASE_PROCUREMENT-2014-NAVY_AIRCRAFT_BA7-PROCUREMENT_MasterJustificationBook_Navy_PB_2014.zzz_unzipped-PROCUREMENT_MasterJustificationBook_Navy_PB_2014.xml","fc4b633568d09aa78acf18bb3a1378b7461e8def6999ee372311daf44c967cce","0-7d8e98ab70e4d690d85742d411c3026bcf945455d2d135d30aaf1fdf9d3d3e6f","","","","0-95e5cd358402dfd0122fb822c16130255926be813add15f87c570d1757b89214","root.record.ItemExhibitList.P10AdvanceProcurementList.P10AdvanceProcurement.APCostElementCategoryList.CFE.APCostElement"
"2013","See End Item P5A","0001-01","0001-01","0","0","0001-01","TBD","I think i","2014-BASE_PROCUREMENT-2014-NAVY_AIRCRAFT_BA7-PROCUREMENT_MasterJustificationBook_Navy_PB_2014.zzz_unzipped-PROCUREMENT_MasterJustificationBook_Navy_PB_2014.xml","912a0777608d20b2121a6300558e1d0534b143ba812d36c1f1c4cf1a32ae3eba","0-a713d777a2cf42152cab48658516b53ffeb07765e60d4f7079eaf1b7a0b643c5","","","","0-03280983536739691dbea76422a1a2e6e3a9de7ca3a5302214ca5ad8e5280de0","root.record.ItemExhibitList.P10AdvanceProcurementList.P10AdvanceProcurement.APCostElementCategoryList.CFE.APCostElement"
"2013","See End Item P5A","0001-01","0001-01","0","0","0001-01","TBD","I think i","2014-BASE_PROCUREMENT-2014-NAVY_AIRCRAFT_BA7-PROCUREMENT_MasterJustificationBook_Navy_PB_2014.zzz_unzipped-PROCUREMENT_MasterJustificationBook_Navy_PB_2014.xml","912a0777608d20b2121a6300558e1d0534b143ba812d36c1f1c4cf1a32ae3eba","0-8e9fa868a85d1ae5ec9d540cb1299ce60791f76da0d0c638c14f830b18933c92","","","","1-41f10ffdb6212a971504c8613c7872c63649d80b291b5f44d902d42e7faae4d4","root.record.ItemExhibitList.P10AdvanceProcurementList.P10AdvanceProcurement.APCostElementCategoryList.CFE.APCostElement"
"2013","See End Item P5A","0001-01","0001-01","0","0","0001-01","TBD","I think i","2014-BASE_PROCUREMENT-2014-NAVY_AIRCRAFT_BA7-PROCUREMENT_MasterJustificationBook_Navy_PB_2014.zzz_unzipped-PROCUREMENT_MasterJustificationBook_Navy_PB_2014.xml","912a0777608d20b2121a6300558e1d0534b143ba812d36c1f1c4cf1a32ae3eba","0-9625edbc4a77f1ea3d3119c7d4802225b4feab4af5617f575cde535fa6c2993e","","","","2-6e5354ece65bc18d8590c8a92410d0bdc199aa5bff9b77bed1aeca706e61ef69","root.record.ItemExhibitList.P10AdvanceProcurementList.P10AdvanceProcurement.APCostElementCategoryList.CFE.APCostElement"
"2013","See End Item P5A","0001-01","0001-01","0","0","0001-01","TBD","I think i","2014-BASE_PROCUREMENT-2014-NAVY_AIRCRAFT_BA7-PROCUREMENT_MasterJustificationBook_Navy_PB_2014.zzz_unzipped-PROCUREMENT_MasterJustificationBook_Navy_PB_2014.xml","912a0777608d20b2121a6300558e1d0534b143ba812d36c1f1c4cf1a32ae3eba","0-bc805caa754852ede2feb9049621e9a7f9e9c0156893780ab2c34dc1b20b5653","","","","3-70574561b0c3302c8d04bf1a6b57d705141557ae751dbe18c39cf4f8c4906e3a","root.record.ItemExhibitList.P10AdvanceProcurementList.P10AdvanceProcurement.APCostElementCategoryList.CFE.APCostElement"
"2013","See End Item P5A","2013-12","2013-12","0","0","2013-12","TBD","I think i","2014-BASE_PROCUREMENT-2014-NAVY_AIRCRAFT_BA7-PROCUREMENT_MasterJustificationBook_Navy_PB_2014.zzz_unzipped-PROCUREMENT_MasterJustificationBook_Navy_PB_2014.xml","1c2d5511c3f630f505de429e2f146cf42b31bec595aeddf890e7246c6084e8dd","0-1685c01587e716064e0912630f3883ea5ceb82dbac586016364267983199559e","","","","0-5832d0daa8e94ffd10fd7b541760fc9cd0106c1b0cc5e52ab87c6de812eb6258","root.record.ItemExhibitList.P10AdvanceProcurementList.P10AdvanceProcurement.APCostElementCategoryList.CFE.APCostElement"
"2013","See End Item P5A","2013-12","2013-12","0","0","2013-12","TBD","I think i","2014-BASE_PROCUREMENT-2014-NAVY_AIRCRAFT_BA7-PROCUREMENT_MasterJustificationBook_Navy_PB_2014.zzz_unzipped-PROCUREMENT_MasterJustificationBook_Navy_PB_2014.xml","1c2d5511c3f630f505de429e2f146cf42b31bec595aeddf890e7246c6084e8dd","0-28df8d7948bfcaabd8b043fbea9f5f799232126cac4b90f9bfec16aafd5c9cb0","","","","1-8fff9e4aecfcd5dce928cf7bba67d5b96a987f721bb1447dcb78156e4162aee6","root.record.ItemExhibitList.P10AdvanceProcurementList.P10AdvanceProcurement.APCostElementCategoryList.CFE.APCostElement"
"2013","See End Item P5A","2013-12","2013-12","0","0","2013-12","TBD","I think i","2014-BASE_PROCUREMENT-2014-NAVY_AIRCRAFT_BA7-PROCUREMENT_MasterJustificationBook_Navy_PB_2014.zzz_unzipped-PROCUREMENT_MasterJustificationBook_Navy_PB_2014.xml","1c2d5511c3f630f505de429e2f146cf42b31bec595aeddf890e7246c6084e8dd","0-e6e362d7c38e0db584f9ce7b86f2d270c03459b750161488a3f5cf3531d36779","","","","2-a262888e595ab1c57526f1570c223831378fb8ee04e833fba418b4aa8119263a","root.record.ItemExhibitList.P10AdvanceProcurementList.P10AdvanceProcurement.APCostElementCategoryList.CFE.APCostElement"
"2013","See End Item P5A","2013-12","2013-12","0","0","2013-12","TBD","I think i","2014-BASE_PROCUREMENT-2014-NAVY_AIRCRAFT_BA7-PROCUREMENT_MasterJustificationBook_Navy_PB_2014.zzz_unzipped-PROCUREMENT_MasterJustificationBook_Navy_PB_2014.xml","1c2d5511c3f630f505de429e2f146cf42b31bec595aeddf890e7246c6084e8dd","0-54c6b46588a7da3cc409a22bf4f0bdd4896d39bd6eff9523dcd9bd92352d14f4","","","","3-e5052040d9fa665dfa51c6f812a219c908181d8016b57807357d036ef953dbc2","root.record.ItemExhibitList.P10AdvanceProcurementList.P10AdvanceProcurement.APCostElementCategoryList.CFE.APCostElement"
"2013","See End Item P5A","2013-12","2013-12","0","0","2013-12","TBD","I think i","2014-BASE_PROCUREMENT-2014-NAVY_AIRCRAFT_BA7-PROCUREMENT_MasterJustificationBook_Navy_PB_2014.zzz_unzipped-PROCUREMENT_MasterJustificationBook_Navy_PB_2014.xml","1c2d5511c3f630f505de429e2f146cf42b31bec595aeddf890e7246c6084e8dd","0-dad7a3734d9d7285e2eed1786206ac1bfabef30ed06638e3922dcce8098966e1","","","","4-5426675e6d7d59a649628a630a57d6cb5cbdc88b87b4b3a9fde3dab105174649","root.record.ItemExhibitList.P10AdvanceProcurementList.P10AdvanceProcurement.APCostElementCategoryList.CFE.APCostElement"
"2013","See End Item P5A","2013-12","2013-12","0","0","2013-12","TBD","I think i","2014-BASE_PROCUREMENT-2014-NAVY_AIRCRAFT_BA7-PROCUREMENT_MasterJustificationBook_Navy_PB_2014.zzz_unzipped-PROCUREMENT_MasterJustificationBook_Navy_PB_2014.xml","1c90d81d3283c3e99adda35a80b069d543eb8eea9500f506f69fd1fd51fa4e10","0-0fb5df5815f7c7e0c1b57b0c9f7996000343cfe0b7db40c45cab51b77d04507f","","","","0-6d5dd7bd3c6d6ed989b582c23ec6460cf0ad35617957d917e31e57964387b0d8","root.record.ItemExhibitList.P10AdvanceProcurementList.P10AdvanceProcurement.APCostElementCategoryList.CFE.APCostElement"
"2013","See End Item P5A","2013-12","2013-12","0","0","2013-12","TBD","I think i","2014-BASE_PROCUREMENT-2014-NAVY_AIRCRAFT_BA7-PROCUREMENT_MasterJustificationBook_Navy_PB_2014.zzz_unzipped-PROCUREMENT_MasterJustificationBook_Navy_PB_2014.xml","1c90d81d3283c3e99adda35a80b069d543eb8eea9500f506f69fd1fd51fa4e10","0-93508f2e5777e8e1692e9ed3a627ab2e1041cad3c93566420190f5a4573ec700","","","","1-06f0e1b2f69b553f19dbe8d7c96f4a5f4b7e525039c4a7ae884f156bc5d3597d","root.record.ItemExhibitList.P10AdvanceProcurementList.P10AdvanceProcurement.APCostElementCategoryList.CFE.APCostElement"
"2013","See End Item P5A","2014-06","2014-06","0","0","2014-06","TBD","I think i","2014-BASE_PROCUREMENT-2014-NAVY_AIRCRAFT_BA7-PROCUREMENT_MasterJustificationBook_Navy_PB_2014.zzz_unzipped-PROCUREMENT_MasterJustificationBook_Navy_PB_2014.xml","ea4fce3ec1135de06d7b597e5fd943b2e14d2b3f4efb262dcaf7727a24539c26","0-80b8c32d4903e9e4d9fb18bd6c2cbd135ca74a96a492a2d43df49e4ac48a1b36","","","","0-f66e564d51d2cb0d6533e717bb1ea556b7353d24e88dcd43a2c38159a91dac0a","root.record.ItemExhibitList.P10AdvanceProcurementList.P10AdvanceProcurement.APCostElementCategoryList.CFE.APCostElement"
"2013","See End Item P5A","2013-04","2013-04","0","0","2013-04","TBD","I think i","2014-BASE_PROCUREMENT-2014-NAVY_AIRCRAFT_BA7-PROCUREMENT_MasterJustificationBook_Navy_PB_2014.zzz_unzipped-PROCUREMENT_MasterJustificationBook_Navy_PB_2014.xml","8353179a04c7e17d7f2f2e4ad66ee5f5af3581f5f21e78729bd403a1a02ea0a9","0-dbb419f5b83b34f9da8d04a8229aa578586ed5cd1a1af6672bd8853b54486f3d","","","","0-73f2275a1803eab39434cb1078268ff59956947d66d58b89df923031edbabada","root.record.ItemExhibitList.P10AdvanceProcurementList.P10AdvanceProcurement.APCostElementCategoryList.CFE.APCostElement"
"2013","See End Item P5A","0001-01","0001-01","0","0","0001-01","TBD","I think i","2014-BASE_PROCUREMENT-2014-NAVY_AIRCRAFT_BA7-PROCUREMENT_MasterJustificationBook_Navy_PB_2014.zzz_unzipped-PROCUREMENT_MasterJustificationBook_Navy_PB_2014.xml","8353179a04c7e17d7f2f2e4ad66ee5f5af3581f5f21e78729bd403a1a02ea0a9","0-7dd96f7c7a10c69fa4db496febfa6b62deec56ff627ace89393f86c8a1b51f21","","","","1-1a314617c578a3a6255e684ee02d6b0cfa1b9a07b56630ee4703b55662b5a9d6","root.record.ItemExhibitList.P10AdvanceProcurementList.P10AdvanceProcurement.APCostElementCategoryList.CFE.APCostElement"
"2013","See End Item P5A","0001-01","0001-01","0","0","0001-01","TBD","I think i","2014-BASE_PROCUREMENT-2014-NAVY_AIRCRAFT_BA7-PROCUREMENT_MasterJustificationBook_Navy_PB_2014.zzz_unzipped-PROCUREMENT_MasterJustificationBook_Navy_PB_2014.xml","8353179a04c7e17d7f2f2e4ad66ee5f5af3581f5f21e78729bd403a1a02ea0a9","0-9f53a3b17566b8d8e54f225b7fbf0e652f83aa617f051494d691a6012a1fe695","","","","2-2182c955d258f1566f0ba68cea4fcbbf5063781f0089e475ce17d31752910d58","root.record.ItemExhibitList.P10AdvanceProcurementList.P10AdvanceProcurement.APCostElementCategoryList.CFE.APCostElement"
"2013","See End Item P5A","0001-01","0001-01","0","0","0001-01","TBD","I think i","2014-BASE_PROCUREMENT-2014-NAVY_AIRCRAFT_BA7-PROCUREMENT_MasterJustificationBook_Navy_PB_2014.zzz_unzipped-PROCUREMENT_MasterJustificationBook_Navy_PB_2014.xml","8353179a04c7e17d7f2f2e4ad66ee5f5af3581f5f21e78729bd403a1a02ea0a9","0-a060ce3206e3ede942221afdf10c30a7a0bd1a7f51491e899f3154e958f52682","","","","3-6d28474e31c3c5821cd0f14b0b43e4176fd155b192254d033bf5c29ee8c6b41b","root.record.ItemExhibitList.P10AdvanceProcurementList.P10AdvanceProcurement.APCostElementCategoryList.CFE.APCostElement"
"2013","See End Item P5A","0001-01","0001-01","0","0","0001-01","TBD","I think i","2014-BASE_PROCUREMENT-2014-NAVY_AIRCRAFT_BA7-PROCUREMENT_MasterJustificationBook_Navy_PB_2014.zzz_unzipped-PROCUREMENT_MasterJustificationBook_Navy_PB_2014.xml","8353179a04c7e17d7f2f2e4ad66ee5f5af3581f5f21e78729bd403a1a02ea0a9","0-88ca9a852785102f3021748a91473793a5e0b1cbdda586bc63c51bdb2d22ecf8","","","","4-90b80e573ac05df46b14db71ca052f7d2b24b9049a96a9092c932c1ebeaa141b","root.record.ItemExhibitList.P10AdvanceProcurementList.P10AdvanceProcurement.APCostElementCategoryList.CFE.APCostElement"
"2013","See End Item P5A","0001-01","0001-01","0","0","0001-01","TBD","I think i","2014-BASE_PROCUREMENT-2014-NAVY_AIRCRAFT_BA7-PROCUREMENT_MasterJustificationBook_Navy_PB_2014.zzz_unzipped-PROCUREMENT_MasterJustificationBook_Navy_PB_2014.xml","8353179a04c7e17d7f2f2e4ad66ee5f5af3581f5f21e78729bd403a1a02ea0a9","0-91b794a772c1a3d78da48a4e600d2f8b6cecc61ecd6a6f7a2dc061343289d77f","","","","5-6d4f080fc26997f5cd900f56adf7772193d4c3f8a4c4dbda6f60e110dd118c86","root.record.ItemExhibitList.P10AdvanceProcurementList.P10AdvanceProcurement.APCostElementCategoryList.CFE.APCostElement"
"2013","See End Item P5A","0001-01","0001-01","0","0","0001-01","TBD","I think i","2014-BASE_PROCUREMENT-2014-NAVY_AIRCRAFT_BA7-PROCUREMENT_MasterJustificationBook_Navy_PB_2014.zzz_unzipped-PROCUREMENT_MasterJustificationBook_Navy_PB_2014.xml","8353179a04c7e17d7f2f2e4ad66ee5f5af3581f5f21e78729bd403a1a02ea0a9","0-38dd1d9c9e3a66886c179dbdff3eb3ca8d783830059d3599cefc9729b8a76dce","","","","6-346e4ff41b468551edd34fab4e23a18579061e7444534744a587a0acc62a8087","root.record.ItemExhibitList.P10AdvanceProcurementList.P10AdvanceProcurement.APCostElementCategoryList.CFE.APCostElement"
"2013","See End Item P5A","2014-07","2014-07","0","0","2014-07","TBD","I think i","2014-BASE_PROCUREMENT-2014-NAVY_AIRCRAFT_BA7-PROCUREMENT_MasterJustificationBook_Navy_PB_2014.zzz_unzipped-PROCUREMENT_MasterJustificationBook_Navy_PB_2014.xml","331f4e2cab57d75c268cb0cc0f51f889b76ed2c8ba621bb4d61f3e552a2f48d3","0-0145d85312a714e87351547e588be8f9a21726b354a5b2d2d57f23547908de55","","","","0-e4a79f3eac9b6bc146d72e31e80a7b5cd2c0c8cc7e5b452b17a436d92a521679","root.record.ItemExhibitList.P10AdvanceProcurementList.P10AdvanceProcurement.APCostElementCategoryList.CFE.APCostElement"
"2013","See End Item P5A","0001-01","0001-01","0","0","0001-01","TBD","I think i","2014-BASE_PROCUREMENT-2014-NAVY_AIRCRAFT_BA7-PROCUREMENT_MasterJustificationBook_Navy_PB_2014.zzz_unzipped-PROCUREMENT_MasterJustificationBook_Navy_PB_2014.xml","1c9f6ffd331ce8f038579fa5c7414d00a50411913e693158c477bb2776944535","0-604324331164b49b6ec1166bb4ed0233752584b4635e6502d8e2d97868430e30","","","","0-f968903e37ec21f4e69f94b87fd5672e02af79a6af9688c8804d1d15b8033d35","root.record.ItemExhibitList.P10AdvanceProcurementList.P10AdvanceProcurement.APCostElementCategoryList.CFE.APCostElement"
"2013","See End Item P5A","0001-01","0001-01","0","0","0001-01","TBD","I think i","2014-BASE_PROCUREMENT-2014-NAVY_AIRCRAFT_BA7-PROCUREMENT_MasterJustificationBook_Navy_PB_2014.zzz_unzipped-PROCUREMENT_MasterJustificationBook_Navy_PB_2014.xml","97ef4cf3f410d224f56ae29ea98cdf2592e9fe9b3908e3df56bf826c63de8ad7","0-49b0345ee390877f2f5f982200e8011c6a73bab38a5e7a26bf73bdc1ea7ecb37","","","","0-37e4007295eee7831139cf2fcbf06a6b2c5ea0ac02844e21fcdb29c0b8db6180","root.record.ItemExhibitList.P10AdvanceProcurementList.P10AdvanceProcurement.APCostElementCategoryList.CFE.APCostElement"
"2013","See End Item P5A","2012-12","2012-12","0","0","2012-12","TBD","I think i","2014-BASE_PROCUREMENT-2014-NAVY_AIRCRAFT_BA7-PROCUREMENT_MasterJustificationBook_Navy_PB_2014.zzz_unzipped-PROCUREMENT_MasterJustificationBook_Navy_PB_2014.xml","a7e12956f563df64212c48c1a8087a259ce9816ac86d222dc06cd0e2deeb74a4","0-79901a00b1518ae2f39043cb0cfd40516a9bb188f3bf44e66e9643a9e209ad37","","","","0-e97d895f665fccea1db4562612dc5957c2eb17522ba4e31440b2fedbbe55a3e1","root.record.ItemExhibitList.P10AdvanceProcurementList.P10AdvanceProcurement.APCostElementCategoryList.CFE.APCostElement"
"2013","See End Item P5A","2013-03","2013-03","0","0","2013-03","TBD","I think i","2014-BASE_PROCUREMENT-2014-NAVY_AIRCRAFT_BA7-PROCUREMENT_MasterJustificationBook_Navy_PB_2014.zzz_unzipped-PROCUREMENT_MasterJustificationBook_Navy_PB_2014.xml","8f506cdfed36ee72d429505445592f835a54aa1c2ef4af6afd437aa3f3a3279b","0-fd0105fc8813f39c3acd40711388f27ee58e0f38431f0273bff509dc17f9f761","","","","0-0bec52ff77e797f4a3c030802826dfbd50bf9bad18375aa9a4b378c2bb7d8a56","root.record.ItemExhibitList.P10AdvanceProcurementList.P10AdvanceProcurement.APCostElementCategoryList.CFE.APCostElement"
"2013","See End Item P5A","0001-01","0001-01","0","0","0001-01","TBD","I think i","2014-BASE_PROCUREMENT-2014-NAVY_AIRCRAFT_BA7-PROCUREMENT_MasterJustificationBook_Navy_PB_2014.zzz_unzipped-PROCUREMENT_MasterJustificationBook_Navy_PB_2014.xml","22a8d6a2e1826466fe73cee88918ae3cb071854e21533e47aa2445e6dd37706a","0-c6c3db7bf09bce3ba29970fef6d38778689a0536ebaff90bac21379f2ab7b7fb","","","","0-4497af9dfbf9ab00ed56b3b62322e5986948aae13c1b2f9cc0c78ebb917195f6","root.record.ItemExhibitList.P10AdvanceProcurementList.P10AdvanceProcurement.APCostElementCategoryList.CFE.APCostElement"
"2013","See End Item P5A","0001-01","0001-01","0","0","0001-01","TBD","I think i","2014-BASE_PROCUREMENT-2014-NAVY_AIRCRAFT_BA7-PROCUREMENT_MasterJustificationBook_Navy_PB_2014.zzz_unzipped-PROCUREMENT_MasterJustificationBook_Navy_PB_2014.xml","22a8d6a2e1826466fe73cee88918ae3cb071854e21533e47aa2445e6dd37706a","0-cac95910e66bcbd0924e92abaa8cc491074426f91da4ca315fedc50f70a44f9c","","","","1-faafe1b3aa7dd548e00a7d813b35b8a495b066091fad01e81444c91d533491f0","root.record.ItemExhibitList.P10AdvanceProcurementList.P10AdvanceProcurement.APCostElementCategoryList.CFE.APCostElement"
"2013","See End Item P5A","0001-01","0001-01","0","0","0001-01","TBD","I think i","2014-BASE_PROCUREMENT-2014-NAVY_AIRCRAFT_BA7-PROCUREMENT_MasterJustificationBook_Navy_PB_2014.zzz_unzipped-PROCUREMENT_MasterJustificationBook_Navy_PB_2014.xml","22a8d6a2e1826466fe73cee88918ae3cb071854e21533e47aa2445e6dd37706a","0-afa5f591c2469582ea1048c707f0ec90a6daeab2de77094e66a701c88f6e8b2b","","","","2-1f87fedcb98532ba6e486c0284371db4b67109f7310098daaf6aefde0ccfe2a8","root.record.ItemExhibitList.P10AdvanceProcurementList.P10AdvanceProcurement.APCostElementCategoryList.CFE.APCostElement"
"2013","See End Item P5A","0001-01","0001-01","0","0","0001-01","TBD","I think i","2014-BASE_PROCUREMENT-2014-NAVY_AIRCRAFT_BA7-PROCUREMENT_MasterJustificationBook_Navy_PB_2014.zzz_unzipped-PROCUREMENT_MasterJustificationBook_Navy_PB_2014.xml","22a8d6a2e1826466fe73cee88918ae3cb071854e21533e47aa2445e6dd37706a","0-0caba4232ce9df6bc3c43ff03b205d48de9e0cfbab0825b1d07f46a4b46166c9","","","","3-5612ac34dc462a25f70c4815bd64db4e66099560305339a035a6f8a06b3de2f1","root.record.ItemExhibitList.P10AdvanceProcurementList.P10AdvanceProcurement.APCostElementCategoryList.CFE.APCostElement"
"2013","See End Item P5A","0001-01","0001-01","0","0","0001-01","TBD","I think i","2014-BASE_PROCUREMENT-2014-NAVY_AIRCRAFT_BA7-PROCUREMENT_MasterJustificationBook_Navy_PB_2014.zzz_unzipped-PROCUREMENT_MasterJustificationBook_Navy_PB_2014.xml","22a8d6a2e1826466fe73cee88918ae3cb071854e21533e47aa2445e6dd37706a","0-e28dce46d4130dd01abc2daa28e7df39e5a0ca8d5945dd0d6319381bfc92bf13","","","","4-3de300b312a78414e083890bfd0a2d8b9fbc10a1c0240f976d68437f0548f85f","root.record.ItemExhibitList.P10AdvanceProcurementList.P10AdvanceProcurement.APCostElementCategoryList.CFE.APCostElement"
"2013","See End Item P5A","0001-01","0001-01","0","0","0001-01","TBD","I think i","2014-BASE_PROCUREMENT-2014-NAVY_AIRCRAFT_BA7-PROCUREMENT_MasterJustificationBook_Navy_PB_2014.zzz_unzipped-PROCUREMENT_MasterJustificationBook_Navy_PB_2014.xml","22a8d6a2e1826466fe73cee88918ae3cb071854e21533e47aa2445e6dd37706a","0-cfbcaacddfd799b52e4f6dca48d3973923d63991ef0a3f9baa7478aa39b8117f","","","","5-14a8e32fee3327eea53ccc84fa28eb3134f615fc6e0ed4084092e1ae3b79ff19","root.record.ItemExhibitList.P10AdvanceProcurementList.P10AdvanceProcurement.APCostElementCategoryList.CFE.APCostElement"
"2013","See End Item P5A","0001-01","0001-01","0","0","0001-01","TBD","I think i","2014-BASE_PROCUREMENT-2014-NAVY_AIRCRAFT_BA7-PROCUREMENT_MasterJustificationBook_Navy_PB_2014.zzz_unzipped-PROCUREMENT_MasterJustificationBook_Navy_PB_2014.xml","22a8d6a2e1826466fe73cee88918ae3cb071854e21533e47aa2445e6dd37706a","0-5bc82ed1fed5179754605a2b4234f42661ab0ba91ea9eedfa3f46ff154ef3618","","","","6-6255f6932b1db4a731fa8c7b6cfbcc72a2612b7ff92aa45f97c605dba745e597","root.record.ItemExhibitList.P10AdvanceProcurementList.P10AdvanceProcurement.APCostElementCategoryList.CFE.APCostElement"
"2013","See End Item P5A","0001-01","0001-01","0","0","0001-01","TBD","I think i","2014-BASE_PROCUREMENT-2014-NAVY_AIRCRAFT_BA7-PROCUREMENT_MasterJustificationBook_Navy_PB_2014.zzz_unzipped-PROCUREMENT_MasterJustificationBook_Navy_PB_2014.xml","22a8d6a2e1826466fe73cee88918ae3cb071854e21533e47aa2445e6dd37706a","0-0ac99ec0d2f018d1cbbaa56490e756f58ae5a6d5eec55c20fd281b9e2ebf5956","","","","7-61b4a603248ab7dc72a23b9ac077e406a8d4924c0852005de4fffacb6c6de5d9","root.record.ItemExhibitList.P10AdvanceProcurementList.P10AdvanceProcurement.APCostElementCategoryList.CFE.APCostElement"
"2013","See End Item P5A","0001-01","0001-01","0","0","0001-01","TBD","I think i","2014-BASE_PROCUREMENT-2014-NAVY_AIRCRAFT_BA7-PROCUREMENT_MasterJustificationBook_Navy_PB_2014.zzz_unzipped-PROCUREMENT_MasterJustificationBook_Navy_PB_2014.xml","22a8d6a2e1826466fe73cee88918ae3cb071854e21533e47aa2445e6dd37706a","0-0dbbfa22f3538a4534bb65e757fc27e45ccd2c015950684a6cf2ba563be9440c","","","","8-a1efabf416db5a50d32898a64015a1b2d935d10944f9bd92cf37dc662ef01646","root.record.ItemExhibitList.P10AdvanceProcurementList.P10AdvanceProcurement.APCostElementCategoryList.CFE.APCostElement"
