FiscalYear_val,PCOLocation_val,AwardDate_val,FirstDeliveryDate_val,Quantity_val,UnitCost_val,RFPIssueDate_val,FundingVehicle_val,ItemNameSuffix_val,@SOURCE_FILENAME,@RECORDID,@ROWID,SpecsAvailableNow_val,ContractMethod_val,ContractType_val,@PARENTROWID,@PARENT
"2013","See End Item P5A","2012-12","2012-12","0","0","2012-12","TBD","I think i","2013-BASE_PROCUREMENT-2013-NAVY_AIRCRAFT_BA1-4-JustificationBook_Navy_PB_2013.zzz_unzipped-JustificationBook_Navy_PB_2013.xml","1a7189ca3ac3735d5b4780456bb4c8dddad618396ddbf80b22c606ea18981840","0-41f1cfe5b58cb4540f02c444917c34934711ecbc632e7d64a7be5aa488857205","","","","0-e107691a96f55edac7c2d4850f30e261ab6926a8b0393c3573b191afa5bc747e","root.record.ItemExhibitList.P10AdvanceProcurementList.P10AdvanceProcurement.APCostElementCategoryList.CFE.APCostElement"
"2013","See End Item P5A","2012-12","2012-12","0","0","2012-12","TBD","I think i","2013-BASE_PROCUREMENT-2013-NAVY_AIRCRAFT_BA1-4-JustificationBook_Navy_PB_2013.zzz_unzipped-JustificationBook_Navy_PB_2013.xml","1a7189ca3ac3735d5b4780456bb4c8dddad618396ddbf80b22c606ea18981840","0-dc4bd52363e857042fc1dfb6432429c40885b9b72818bc235a903700c28763ab","","","","1-d893f81afcb756409a522563c05e9b76eba8b27f1710f1e17e60d5da753e617f","root.record.ItemExhibitList.P10AdvanceProcurementList.P10AdvanceProcurement.APCostElementCategoryList.CFE.APCostElement"
"2013","See End Item P5A","2012-12","2012-12","0","0","2012-12","TBD","I think i","2013-BASE_PROCUREMENT-2013-NAVY_AIRCRAFT_BA1-4-JustificationBook_Navy_PB_2013.zzz_unzipped-JustificationBook_Navy_PB_2013.xml","1a7189ca3ac3735d5b4780456bb4c8dddad618396ddbf80b22c606ea18981840","0-3ffc56190476663bc0c55eec9976db1e350f39fd3bc70c7fc1e2cc236cdb2491","","","","2-9360ae0e71f35d1edb539c13239b3cbb25c728e5d88c82cd168f197826a822c3","root.record.ItemExhibitList.P10AdvanceProcurementList.P10AdvanceProcurement.APCostElementCategoryList.CFE.APCostElement"
"2013","See End Item P5A","2012-12","2012-12","0","0","2012-12","TBD","I think i","2013-BASE_PROCUREMENT-2013-NAVY_AIRCRAFT_BA1-4-JustificationBook_Navy_PB_2013.zzz_unzipped-JustificationBook_Navy_PB_2013.xml","1a7189ca3ac3735d5b4780456bb4c8dddad618396ddbf80b22c606ea18981840","0-15c26d2805d9d495907aca2354db212b2a0738abc14fda2f3ad0269caad0683c","","","","3-dfcb8f16dbd5fa6f7c564c113236b4537fbb55209f0d56226d11164bb25b3a7b","root.record.ItemExhibitList.P10AdvanceProcurementList.P10AdvanceProcurement.APCostElementCategoryList.CFE.APCostElement"
"2013","See End Item P5A","2012-12","2012-12","0","0","2012-12","TBD","I think i","2013-BASE_PROCUREMENT-2013-NAVY_AIRCRAFT_BA1-4-JustificationBook_Navy_PB_2013.zzz_unzipped-JustificationBook_Navy_PB_2013.xml","1a7189ca3ac3735d5b4780456bb4c8dddad618396ddbf80b22c606ea18981840","0-7141f3dccf6e0afc34970bb21ce7d1bdc06734c865b4378230865f3ffa8fb573","","","","4-44cd4ce06aaebb819db64bbf8227bb92b9457edf215b699066b87d62a521ca24","root.record.ItemExhibitList.P10AdvanceProcurementList.P10AdvanceProcurement.APCostElementCategoryList.CFE.APCostElement"
"2013","See End Item P5A","2013-06","2013-06","0","0","2013-06","TBD","I think i","2013-BASE_PROCUREMENT-2013-NAVY_AIRCRAFT_BA1-4-JustificationBook_Navy_PB_2013.zzz_unzipped-JustificationBook_Navy_PB_2013.xml","62ca14cc634acb0c901935df39de84860d1f64314c02973b24f410208b3cf78e","0-cdb05132a81a623ef18205cab1b6f9687d46ead20f0d3f9d629b90951f9194b9","","","","0-babf2c82565bd4fa8483e15dfc6bef4359d474729c94937c4001e3a9676beb4a","root.record.ItemExhibitList.P10AdvanceProcurementList.P10AdvanceProcurement.APCostElementCategoryList.CFE.APCostElement"
"2013","See End Item P5A","2012-02","2012-02","0","0","2012-02","TBD","I think i","2013-BASE_PROCUREMENT-2013-NAVY_AIRCRAFT_BA1-4-JustificationBook_Navy_PB_2013.zzz_unzipped-JustificationBook_Navy_PB_2013.xml","c58f3e1b9e38e357fc3c36cb6204a5182b2e132e43a0c2e90cc87c9d07cd04f0","0-6b6abb80ce104f98d0e56feaa354728c7fd68c01445a94287258d21124a90c90","","","","0-45b12478f6e9ffb8b6dd508d91640272ce6bcbbe83934f4dcc33964c09c54141","root.record.ItemExhibitList.P10AdvanceProcurementList.P10AdvanceProcurement.APCostElementCategoryList.CFE.APCostElement"
"2013","See End Item P5A","2014-07","2014-07","0","0","2014-07","TBD","I think i","2013-BASE_PROCUREMENT-2013-NAVY_AIRCRAFT_BA1-4-JustificationBook_Navy_PB_2013.zzz_unzipped-JustificationBook_Navy_PB_2013.xml","d2754e07aff7a1b263a31dad19b45c69e96d75bcc74c3f11578b13908f285a79","0-d9ccf844e21412d15590730ef85b166324a2025f065977f0948a787511806413","","","","0-d1ba881de44d7cc62a2c46986cf0e954deaf6c9d74c203fe139f124608acae5d","root.record.ItemExhibitList.P10AdvanceProcurementList.P10AdvanceProcurement.APCostElementCategoryList.CFE.APCostElement"
"2013","See End Item P5A","2013-11","2013-11","0","0","2013-11","TBD","I think i","2013-BASE_PROCUREMENT-2013-NAVY_AIRCRAFT_BA1-4-JustificationBook_Navy_PB_2013.zzz_unzipped-JustificationBook_Navy_PB_2013.xml","35ba065fc15348b04ce24529e69be9f99c6cbf65b10c2c0aa5e1f211a03d3de7","0-f80c68588feac74fa8e3ab3e1e36bcb9ffb7d821ea2d189107e9d7df1d3b4f9f","","","","0-386c1bfcd1461a3a139f03c58a4713e058223bdf22e7c91d546d3e5fa4368e8c","root.record.ItemExhibitList.P10AdvanceProcurementList.P10AdvanceProcurement.APCostElementCategoryList.CFE.APCostElement"
"2013","See End Item P5A","2012-12","2012-12","0","0","2012-12","TBD","I think i","2013-BASE_PROCUREMENT-2013-NAVY_AIRCRAFT_BA1-4-JustificationBook_Navy_PB_2013.zzz_unzipped-JustificationBook_Navy_PB_2013.xml","1b6e4b702b24277efec88c4dfcfbc287d38c3d115d2ccf877dd9d7935349683e","0-750b0677f46719573c4f58158dac7a1fa4f2691b0b9ce4c6543bc8d525d81791","","","","0-f8b39fda193dff9e044f20957780d59b9e4cfae25d355ae066a0817d604d4084","root.record.ItemExhibitList.P10AdvanceProcurementList.P10AdvanceProcurement.APCostElementCategoryList.CFE.APCostElement"
"2013","See End Item P5A","2012-12","2012-12","0","0","2012-12","TBD","I think i","2013-BASE_PROCUREMENT-2013-NAVY_AIRCRAFT_BA1-4-JustificationBook_Navy_PB_2013.zzz_unzipped-JustificationBook_Navy_PB_2013.xml","e15cc253127a516a7fca2e9705906e3c1522561f68e61267472a1ae406c2db8f","0-ef0a033ed141a75f2dd61c59b4fca60463b2f33dd27cb074ba3792e42c3a5eb4","","","","0-6b18cb2d7f50fffb10d09ab7572db20eb919ed4ff4e1b847b07664a3be653648","root.record.ItemExhibitList.P10AdvanceProcurementList.P10AdvanceProcurement.APCostElementCategoryList.CFE.APCostElement"
"2013","See End Item P5A","2012-12","2012-12","0","0","2012-12","TBD","I think i","2013-BASE_PROCUREMENT-2013-NAVY_AIRCRAFT_BA1-4-JustificationBook_Navy_PB_2013.zzz_unzipped-JustificationBook_Navy_PB_2013.xml","88900f9fefa8c2efa538b7df0981031e5954f9d461c6376f83fc0b897746a2a5","0-a53803562c6da8bc96daadd2cef3d5fda99e9a9716856fe342e04459ec71cd04","","","","0-d055917722a8459eb47917b1b7e5c3cb5c83cb9d9c899129452ed7d6d99ce082","root.record.ItemExhibitList.P10AdvanceProcurementList.P10AdvanceProcurement.APCostElementCategoryList.CFE.APCostElement"
"2013","See End Item P5A","2012-12","2012-12","0","0","2012-12","TBD","I think i","2013-BASE_PROCUREMENT-2013-NAVY_AIRCRAFT_BA7-MasterJustificationBook_Navy_PB_2013.zzz_unzipped-MasterJustificationBook_Navy_PB_2013.xml","52b39e0ba477b629fab29d59fdc36d8c3d0ab657f636c88f6789b1fdfc38a7cd","0-a9eb51eb5acf01b53ff06e51c65ff5c094ff824a33928be928899695c799b848","","","","0-d8d1179ad58ffaf8c43580da0fa697cef4050c711420c7dbdbc3572e5c16bdae","root.record.ItemExhibitList.P10AdvanceProcurementList.P10AdvanceProcurement.APCostElementCategoryList.CFE.APCostElement"
"2013","See End Item P5A","2012-12","2012-12","0","0","2012-12","TBD","I think i","2013-BASE_PROCUREMENT-2013-NAVY_AIRCRAFT_BA7-MasterJustificationBook_Navy_PB_2013.zzz_unzipped-MasterJustificationBook_Navy_PB_2013.xml","52b39e0ba477b629fab29d59fdc36d8c3d0ab657f636c88f6789b1fdfc38a7cd","0-f6d137641b3c2d4aa82dd5448fe2dbe9f3436622adf6a117ed8ca08fb4ffbe6c","","","","1-42129da64fe5a5e3fae5d0627eb48fde4dcdd05ce5f7190b47935d21eb0e1d84","root.record.ItemExhibitList.P10AdvanceProcurementList.P10AdvanceProcurement.APCostElementCategoryList.CFE.APCostElement"
"2013","See End Item P5A","2012-12","2012-12","0","0","2012-12","TBD","I think i","2013-BASE_PROCUREMENT-2013-NAVY_AIRCRAFT_BA7-MasterJustificationBook_Navy_PB_2013.zzz_unzipped-MasterJustificationBook_Navy_PB_2013.xml","52b39e0ba477b629fab29d59fdc36d8c3d0ab657f636c88f6789b1fdfc38a7cd","0-7bbf94ca0fb99ddb423e282d21529571d98f5e543b7b0b86a2240fda24cf1b25","","","","2-30d9d65d874e1693271c53151eb4bc2175c1c3e92d464b96f8d9aa6db5b8ecd5","root.record.ItemExhibitList.P10AdvanceProcurementList.P10AdvanceProcurement.APCostElementCategoryList.CFE.APCostElement"
"2013","See End Item P5A","2012-12","2012-12","0","0","2012-12","TBD","I think i","2013-BASE_PROCUREMENT-2013-NAVY_AIRCRAFT_BA7-MasterJustificationBook_Navy_PB_2013.zzz_unzipped-MasterJustificationBook_Navy_PB_2013.xml","52b39e0ba477b629fab29d59fdc36d8c3d0ab657f636c88f6789b1fdfc38a7cd","0-b9d6f3395ac8afb8e965f2985becce4fb7ab4f6d502d83aa967ef5419592a4a9","","","","3-6e3737dc71c47dad8c8e50102eb3520b495d7ec64b6f8326ec5ac5e5defb6e53","root.record.ItemExhibitList.P10AdvanceProcurementList.P10AdvanceProcurement.APCostElementCategoryList.CFE.APCostElement"
"2013","See End Item P5A","2012-12","2012-12","0","0","2012-12","TBD","I think i","2013-BASE_PROCUREMENT-2013-NAVY_AIRCRAFT_BA7-MasterJustificationBook_Navy_PB_2013.zzz_unzipped-MasterJustificationBook_Navy_PB_2013.xml","52b39e0ba477b629fab29d59fdc36d8c3d0ab657f636c88f6789b1fdfc38a7cd","0-74ea8ac5a30c652078b8df260ce98133cce6cd0f3fc95244602366588ab1a47e","","","","4-adfb1d9f5cc48b3e7b3802b0e21487fb908e09d950ce04da78e17aba9cd9bf84","root.record.ItemExhibitList.P10AdvanceProcurementList.P10AdvanceProcurement.APCostElementCategoryList.CFE.APCostElement"
"2013","See End Item P5A","2013-06","2013-06","0","0","2013-06","TBD","I think i","2013-BASE_PROCUREMENT-2013-NAVY_AIRCRAFT_BA7-MasterJustificationBook_Navy_PB_2013.zzz_unzipped-MasterJustificationBook_Navy_PB_2013.xml","a239252c2db994d3d59f63231ca3c22a219233e70e30c14c66a0ba0cdfbe6d4f","0-d3f77108b1b80ac2e9f091b36a07fe6dc0cf4c16eea95616bce5a72deed6860f","","","","0-bfee6ed4a92426d0af9aafb7dd5b8945476064a59c2bdeae34dbe4f763708c71","root.record.ItemExhibitList.P10AdvanceProcurementList.P10AdvanceProcurement.APCostElementCategoryList.CFE.APCostElement"
"2013","See End Item P5A","2012-02","2012-02","0","0","2012-02","TBD","I think i","2013-BASE_PROCUREMENT-2013-NAVY_AIRCRAFT_BA7-MasterJustificationBook_Navy_PB_2013.zzz_unzipped-MasterJustificationBook_Navy_PB_2013.xml","f574b404c7e4bb0b9eaa9bd06310ba954fd8383396e28c51365d22c8228792d8","0-e14c9d887b51af1603afc75474007d4bea2c1d5db696c02f75b05a0739d203ab","","","","0-c2bc8329aa73f21157ad20dc4ea058fe2694b18f442d75703e9eeeb98dd6a9ca","root.record.ItemExhibitList.P10AdvanceProcurementList.P10AdvanceProcurement.APCostElementCategoryList.CFE.APCostElement"
"2013","See End Item P5A","2014-07","2014-07","0","0","2014-07","TBD","I think i","2013-BASE_PROCUREMENT-2013-NAVY_AIRCRAFT_BA7-MasterJustificationBook_Navy_PB_2013.zzz_unzipped-MasterJustificationBook_Navy_PB_2013.xml","19b818fa742a194bd563aa5faa6e5e005c270142ae3622837df452b09ef21fd9","0-2b59875fedface6a5f5a9ad6ebe3d0bcdb8f424e21b509d1ecd5fa1f20c68545","","","","0-9d5c7327d5c64d18a4bb9734e111bf1b1f1caf2c906c540cc8217d61f5dee4f4","root.record.ItemExhibitList.P10AdvanceProcurementList.P10AdvanceProcurement.APCostElementCategoryList.CFE.APCostElement"
"2013","See End Item P5A","2013-11","2013-11","0","0","2013-11","TBD","I think i","2013-BASE_PROCUREMENT-2013-NAVY_AIRCRAFT_BA7-MasterJustificationBook_Navy_PB_2013.zzz_unzipped-MasterJustificationBook_Navy_PB_2013.xml","a2cf9a9f7e41de0e4e8e70c616aab683dbff4c199053caf8b648f74fa8d86680","0-27ef4d9d1c55ed7fe344b01290a21be3ce1091ea2281acecae266f1422bc3429","","","","0-00cdfbf6815584726aec3f4b690704a7715326dcb3a44e9bf496bbe8a7e5966a","root.record.ItemExhibitList.P10AdvanceProcurementList.P10AdvanceProcurement.APCostElementCategoryList.CFE.APCostElement"
"2013","See End Item P5A","2012-12","2012-12","0","0","2012-12","TBD","I think i","2013-BASE_PROCUREMENT-2013-NAVY_AIRCRAFT_BA7-MasterJustificationBook_Navy_PB_2013.zzz_unzipped-MasterJustificationBook_Navy_PB_2013.xml","6be8c1ba8081b3684a551a7ebb51417b1707dd863e3e39ea0bab2286adf1d1a8","0-88782ff22e2c3de6d214028ae79b824cf7570edd4c2076dfc83d6321f116e8a8","","","","0-0814853a68dea71003278722fae31e433676b4f61548a4b53efe75ee6e577cf8","root.record.ItemExhibitList.P10AdvanceProcurementList.P10AdvanceProcurement.APCostElementCategoryList.CFE.APCostElement"
"2013","See End Item P5A","2012-12","2012-12","0","0","2012-12","TBD","I think i","2013-BASE_PROCUREMENT-2013-NAVY_AIRCRAFT_BA7-MasterJustificationBook_Navy_PB_2013.zzz_unzipped-MasterJustificationBook_Navy_PB_2013.xml","57b7e75a2b5cb2d490ce2912a42672afdb440d0c4fc34c245fb92baa86ce8db1","0-8cf8b94bc81ccd4f8024f1ac4661a79267cfafe843dd13370cfa932023398aa9","","","","0-01408d4fd5903835b373cdff0dc806a29e8bae2c4c372c211b5bf84fd5366331","root.record.ItemExhibitList.P10AdvanceProcurementList.P10AdvanceProcurement.APCostElementCategoryList.CFE.APCostElement"
"2013","See End Item P5A","2012-12","2012-12","0","0","2012-12","TBD","I think i","2013-BASE_PROCUREMENT-2013-NAVY_AIRCRAFT_BA7-MasterJustificationBook_Navy_PB_2013.zzz_unzipped-MasterJustificationBook_Navy_PB_2013.xml","7597bbdd4d25ec92c5844fecacfdaaaa10c12e15befbde6f7b81db23360e002e","0-a95c5d717b4952d3b30afd2c241dc91c4c74d3161805a42c686c434513db125d","","","","0-54267cf8edb812370e61b63b19749c044f6d622c31881dffa6b47dc4c109814a","root.record.ItemExhibitList.P10AdvanceProcurementList.P10AdvanceProcurement.APCostElementCategoryList.CFE.APCostElement"
"2012","77","2013-03","2014-02","19","19.400","2012-04","","","2014-BASE_PROCUREMENT-2014-AIRFORCE_AIRCRAFT_VOL1-PROCUREMENT_JustificationBook_Air_Force_PB_2014.zzz_unzipped-PROCUREMENT_JustificationBook_Air_Force_PB_2014.xml","9b61234d81d63166f24ad258b5e55dffeec409e2dd27bb2645028bc0cc61d668","0-0603fd2966a612bb1b9cda550beaad2f7d754ad80046f1316da60e8afb58cfc6","true","SS","FPIF","0-e9ee3eb4bd0c902d7808ce444528839ba9cbf0067dea32c932eecf076d7bdc14","root.record.ItemExhibitList.P10AdvanceProcurementList.P10AdvanceProcurement.APCostElementCategoryList.CFE.APCostElement"
"2013","77","2013-03","2014-12","19","12.045","2012-04","","","2014-BASE_PROCUREMENT-2014-AIRFORCE_AIRCRAFT_VOL1-PROCUREMENT_JustificationBook_Air_Force_PB_2014.zzz_unzipped-PROCUREMENT_JustificationBook_Air_Force_PB_2014.xml","9b61234d81d63166f24ad258b5e55dffeec409e2dd27bb2645028bc0cc61d668","1-cfafe39b3acd8bb5f25c8f541bc746fc7686479efb097f760ce98599a7e52b4a","true","SS","FPIF","0-e9ee3eb4bd0c902d7808ce444528839ba9cbf0067dea32c932eecf076d7bdc14","root.record.ItemExhibitList.P10AdvanceProcurementList.P10AdvanceProcurement.APCostElementCategoryList.CFE.APCostElement"
"2014","77","2014-03","2015-12","30","9.458","2013-01","","","2014-BASE_PROCUREMENT-2014-AIRFORCE_AIRCRAFT_VOL1-PROCUREMENT_JustificationBook_Air_Force_PB_2014.zzz_unzipped-PROCUREMENT_JustificationBook_Air_Force_PB_2014.xml","9b61234d81d63166f24ad258b5e55dffeec409e2dd27bb2645028bc0cc61d668","2-d79cb0a1255f6fcf8b01ffcc8a93e61f97fbb996eb04e5e80a7493d90b6b7bc2","true","SS","FPIF","0-e9ee3eb4bd0c902d7808ce444528839ba9cbf0067dea32c932eecf076d7bdc14","root.record.ItemExhibitList.P10AdvanceProcurementList.P10AdvanceProcurement.APCostElementCategoryList.CFE.APCostElement"
"2013","NAVAIR","2013-04","2015-01","3","5.000","2011-02","","","2014-BASE_PROCUREMENT-2014-AIRFORCE_AIRCRAFT_VOL1-PROCUREMENT_JustificationBook_Air_Force_PB_2014.zzz_unzipped-PROCUREMENT_JustificationBook_Air_Force_PB_2014.xml","2646edf56b0a2f35eb384cabca2534ac2cc070221cde934447c037bbc8c8d2fd","0-27a74d4f3fe3fac0844f9d4dac8adaa1ada506afe926c63ffe9e6706d8d5bdef","true","SS","FPIF","0-7b9acee7fa4c7bf9ad77b489bbd22708efbef9ceefb3fcba4deed38b1899980d","root.record.ItemExhibitList.P10AdvanceProcurementList.P10AdvanceProcurement.APCostElementCategoryList.CFE.APCostElement"
"2011","WPAFB, OH","2011-07","2014-08","1","9.877","2010-12","","","2014-BASE_PROCUREMENT-2014-AIRFORCE_AIRCRAFT_VOL1-PROCUREMENT_JustificationBook_Air_Force_PB_2014.zzz_unzipped-PROCUREMENT_JustificationBook_Air_Force_PB_2014.xml","bd8d3703cfac5e9e892e26e724cf56264b9f965383fa3d44cc73d8d7aff20159","0-f43ab5e16fda697a6f7e5edbad8dea9908d51ace907af8c64ff8d40866e43620","true","SS","FFP","0-3e152849636ae3f075647080dfe96897f26f64978ed1cd0a69c986145a22bc17","root.record.ItemExhibitList.P10AdvanceProcurementList.P10AdvanceProcurement.APCostElementCategoryList.CFE.APCostElement"
"2012","WPAFB, OH","2012-03","2015-04","2","10.000","2012-02","","","2014-BASE_PROCUREMENT-2014-AIRFORCE_AIRCRAFT_VOL1-PROCUREMENT_JustificationBook_Air_Force_PB_2014.zzz_unzipped-PROCUREMENT_JustificationBook_Air_Force_PB_2014.xml","bd8d3703cfac5e9e892e26e724cf56264b9f965383fa3d44cc73d8d7aff20159","1-722fcbfc39f6be30cf4401738d62bc1d4436868718af4d0bf1d0a9718b0f963c","true","SS","FFP","0-3e152849636ae3f075647080dfe96897f26f64978ed1cd0a69c986145a22bc17","root.record.ItemExhibitList.P10AdvanceProcurementList.P10AdvanceProcurement.APCostElementCategoryList.CFE.APCostElement"
"2012","TBD","2013-07","2015-12","3","23.833","2013-05","","","2014-BASE_PROCUREMENT-2014-AIRFORCE_AIRCRAFT_VOL1-PROCUREMENT_JustificationBook_Air_Force_PB_2014.zzz_unzipped-PROCUREMENT_JustificationBook_Air_Force_PB_2014.xml","7d6024d0805daa28a288cfe9e56a9395294a4bb690e51891da9ecc5630b114e6","0-80c6098dd1d95c1a9bee754c808162483c807ea299065517fce332ef42550b36","true","SS","FPIF","0-a95495c7b09f2a3c955d80db7b61eaa32b9b39450987fe0f26c3f4d474248b11","root.record.ItemExhibitList.P10AdvanceProcurementList.P10AdvanceProcurement.APCostElementCategoryList.CFE.APCostElement"
"2011","WPAFB, OH","2011-07","2014-09","1","11.055","2010-12","","","2014-BASE_PROCUREMENT-2014-AIRFORCE_AIRCRAFT_VOL1-PROCUREMENT_JustificationBook_Air_Force_PB_2014.zzz_unzipped-PROCUREMENT_JustificationBook_Air_Force_PB_2014.xml","87fe378a0d0a4ac2bd7f5599a847577c8b84352d788084ef2c6af33bc809e3d3","0-3583f2e1db5fcd469b5e96af5ec64ca8b9c54d0bc7fc8ad6bb0dfef714a29216","true","SS","FFP","0-d3d1d8661d85a2556025a2bd46acfc9e62d9bb888c6083fb80e624216f8a9853","root.record.ItemExhibitList.P10AdvanceProcurementList.P10AdvanceProcurement.APCostElementCategoryList.CFE.APCostElement"
"2014","WPAFB, OH","2014-03","2016-09","7","10.000","2012-10","","","2014-BASE_PROCUREMENT-2014-AIRFORCE_AIRCRAFT_VOL1-PROCUREMENT_JustificationBook_Air_Force_PB_2014.zzz_unzipped-PROCUREMENT_JustificationBook_Air_Force_PB_2014.xml","87fe378a0d0a4ac2bd7f5599a847577c8b84352d788084ef2c6af33bc809e3d3","1-f61c79fb5fdc436549ba61deab5129683ef62cdc51dbc2c010b330723e67c1a4","true","SS","FFP","0-d3d1d8661d85a2556025a2bd46acfc9e62d9bb888c6083fb80e624216f8a9853","root.record.ItemExhibitList.P10AdvanceProcurementList.P10AdvanceProcurement.APCostElementCategoryList.CFE.APCostElement"
"2012","WPAFB, OH","2012-03","2015-05","4","10.000","2012-02","","","2014-BASE_PROCUREMENT-2014-AIRFORCE_AIRCRAFT_VOL1-PROCUREMENT_JustificationBook_Air_Force_PB_2014.zzz_unzipped-PROCUREMENT_JustificationBook_Air_Force_PB_2014.xml","8006d245bd699020fdba3c4b1cd620c2f5d69d075a47574c25b22402c14a21e8","0-563182a34fcfc49d3322a9232d7b5efa52cfdf71f6b3590b9587fd6ec3697f81","true","SS","FFP","0-553478713a798d8949799ef3b7209226ea2334f5a5432534d40a8158a508ef5d","root.record.ItemExhibitList.P10AdvanceProcurementList.P10AdvanceProcurement.APCostElementCategoryList.CFE.APCostElement"
"2014","WPAFB, OH","2014-03","2017-01","2","10.000","2012-10","","","2014-BASE_PROCUREMENT-2014-AIRFORCE_AIRCRAFT_VOL1-PROCUREMENT_JustificationBook_Air_Force_PB_2014.zzz_unzipped-PROCUREMENT_JustificationBook_Air_Force_PB_2014.xml","8006d245bd699020fdba3c4b1cd620c2f5d69d075a47574c25b22402c14a21e8","1-0a3ff3916edf65c3324544b6b3788ee8f4c3fbd1fca66d2f6e0b61ec30463e12","true","SS","FPIF","0-553478713a798d8949799ef3b7209226ea2334f5a5432534d40a8158a508ef5d","root.record.ItemExhibitList.P10AdvanceProcurementList.P10AdvanceProcurement.APCostElementCategoryList.CFE.APCostElement"
"2012","77","2013-03","2014-02","19","19.400","2012-04","","","2014-BASE_PROCUREMENT-2014-AIRFORCE_AIRCRAFT_VOL2-PROCUREMENT_MasterJustificationBook_Air_Force_PB_2014.zzz_unzipped-PROCUREMENT_MasterJustificationBook_Air_Force_PB_2014.xml","49e6ebb877c28b1a5a5ad3ec630e9669d0f205b4790c66bd50e69d037f2b0687","0-adf0c642b97d9b8e585a09635d10ba03831ee1f0098cf3f8783127a133b3c33e","true","SS","FPIF","0-535c11d93358f214f8367ed82b5fddbfe236dce61455d4b74fe740e5053241e0","root.record.ItemExhibitList.P10AdvanceProcurementList.P10AdvanceProcurement.APCostElementCategoryList.CFE.APCostElement"
"2013","77","2013-03","2014-12","19","12.045","2012-04","","","2014-BASE_PROCUREMENT-2014-AIRFORCE_AIRCRAFT_VOL2-PROCUREMENT_MasterJustificationBook_Air_Force_PB_2014.zzz_unzipped-PROCUREMENT_MasterJustificationBook_Air_Force_PB_2014.xml","49e6ebb877c28b1a5a5ad3ec630e9669d0f205b4790c66bd50e69d037f2b0687","1-d16b78d2555f8ebf0f574bf2234b31178830df43a96b1fc96c03898c4c9dd911","true","SS","FPIF","0-535c11d93358f214f8367ed82b5fddbfe236dce61455d4b74fe740e5053241e0","root.record.ItemExhibitList.P10AdvanceProcurementList.P10AdvanceProcurement.APCostElementCategoryList.CFE.APCostElement"
"2014","77","2014-03","2015-12","30","9.458","2013-01","","","2014-BASE_PROCUREMENT-2014-AIRFORCE_AIRCRAFT_VOL2-PROCUREMENT_MasterJustificationBook_Air_Force_PB_2014.zzz_unzipped-PROCUREMENT_MasterJustificationBook_Air_Force_PB_2014.xml","49e6ebb877c28b1a5a5ad3ec630e9669d0f205b4790c66bd50e69d037f2b0687","2-1c40c26d7fe9bdb78ab8ab1647a3c565c59f02c39fccb84365c5e8ba75643803","true","SS","FPIF","0-535c11d93358f214f8367ed82b5fddbfe236dce61455d4b74fe740e5053241e0","root.record.ItemExhibitList.P10AdvanceProcurementList.P10AdvanceProcurement.APCostElementCategoryList.CFE.APCostElement"
"2013","NAVAIR","2013-04","2015-01","3","5.000","2011-02","","","2014-BASE_PROCUREMENT-2014-AIRFORCE_AIRCRAFT_VOL2-PROCUREMENT_MasterJustificationBook_Air_Force_PB_2014.zzz_unzipped-PROCUREMENT_MasterJustificationBook_Air_Force_PB_2014.xml","87e6219c53a6a0e21d8cd2ef48641c364c0940e3ebc418f58e09ce6611c01b96","0-54174f6af59730f2f17ee7c9bea6e3d5c3d3132b1382e0bbd2a65ec3b37755dc","true","SS","FPIF","0-329006becd7a2557d96f9fe4b140eb0a33904c1d53fc2ed66f7f1ce74e317970","root.record.ItemExhibitList.P10AdvanceProcurementList.P10AdvanceProcurement.APCostElementCategoryList.CFE.APCostElement"
"2011","WPAFB, OH","2011-07","2014-08","1","9.877","2010-12","","","2014-BASE_PROCUREMENT-2014-AIRFORCE_AIRCRAFT_VOL2-PROCUREMENT_MasterJustificationBook_Air_Force_PB_2014.zzz_unzipped-PROCUREMENT_MasterJustificationBook_Air_Force_PB_2014.xml","45f0be2dfff78b26486004bb5ff808ec4df07601617e528c9f2d0e3c0b68a716","0-fd10f73cffcbe4f8b51aa0bc05c504b995f8ab2b1f79b0cda0bde625e09453f7","true","SS","FFP","0-f8d62af5423183211d7d09ba55d6048f8ff2412d21a8f468b6a7c6ea5b3ee22d","root.record.ItemExhibitList.P10AdvanceProcurementList.P10AdvanceProcurement.APCostElementCategoryList.CFE.APCostElement"
"2012","WPAFB, OH","2012-03","2015-04","2","10.000","2012-02","","","2014-BASE_PROCUREMENT-2014-AIRFORCE_AIRCRAFT_VOL2-PROCUREMENT_MasterJustificationBook_Air_Force_PB_2014.zzz_unzipped-PROCUREMENT_MasterJustificationBook_Air_Force_PB_2014.xml","45f0be2dfff78b26486004bb5ff808ec4df07601617e528c9f2d0e3c0b68a716","1-af1f732ad2dd4a0c4a019e0a0ed19b3339f0bf872ab00c09ebf77154bfc28527","true","SS","FFP","0-f8d62af5423183211d7d09ba55d6048f8ff2412d21a8f468b6a7c6ea5b3ee22d","root.record.ItemExhibitList.P10AdvanceProcurementList.P10AdvanceProcurement.APCostElementCategoryList.CFE.APCostElement"
"2012","TBD","2013-07","2015-12","3","23.833","2013-05","","","2014-BASE_PROCUREMENT-2014-AIRFORCE_AIRCRAFT_VOL2-PROCUREMENT_MasterJustificationBook_Air_Force_PB_2014.zzz_unzipped-PROCUREMENT_MasterJustificationBook_Air_Force_PB_2014.xml","20f7907056336be4710ebeb3bc8594a8c51886c61c07ee8b10c3abad2debace8","0-4f8003e6e0989a8e177c150efbd7e2718b9cd46a1edec981f5c5e7dfdd289a31","true","SS","FPIF","0-e896cf15a3106b751511c5d629d5998e211e79599c4d38be8eeb671fbf9d1926","root.record.ItemExhibitList.P10AdvanceProcurementList.P10AdvanceProcurement.APCostElementCategoryList.CFE.APCostElement"
"2011","WPAFB, OH","2011-07","2014-09","1","11.055","2010-12","","","2014-BASE_PROCUREMENT-2014-AIRFORCE_AIRCRAFT_VOL2-PROCUREMENT_MasterJustificationBook_Air_Force_PB_2014.zzz_unzipped-PROCUREMENT_MasterJustificationBook_Air_Force_PB_2014.xml","488edd08a4134d4ef47f67932aa0e770dd42909fc6ec080a1be4113faa890508","0-0983db2fc16dc6701aac8438743c69f06dd2a4f62af1ddae2e57fcda616bbbed","true","SS","FFP","0-66c00a13301776380ee08528ae1862267d4f00adfea12b330194a4084aba88fc","root.record.ItemExhibitList.P10AdvanceProcurementList.P10AdvanceProcurement.APCostElementCategoryList.CFE.APCostElement"
"2014","WPAFB, OH","2014-03","2016-09","7","10.000","2012-10","","","2014-BASE_PROCUREMENT-2014-AIRFORCE_AIRCRAFT_VOL2-PROCUREMENT_MasterJustificationBook_Air_Force_PB_2014.zzz_unzipped-PROCUREMENT_MasterJustificationBook_Air_Force_PB_2014.xml","488edd08a4134d4ef47f67932aa0e770dd42909fc6ec080a1be4113faa890508","1-59142941162b162474c03e31b688e5d0c8f63b8d9cfb1e4b6e7e9354df18e697","true","SS","FFP","0-66c00a13301776380ee08528ae1862267d4f00adfea12b330194a4084aba88fc","root.record.ItemExhibitList.P10AdvanceProcurementList.P10AdvanceProcurement.APCostElementCategoryList.CFE.APCostElement"
"2012","WPAFB, OH","2012-03","2015-05","4","10.000","2012-02","","","2014-BASE_PROCUREMENT-2014-AIRFORCE_AIRCRAFT_VOL2-PROCUREMENT_MasterJustificationBook_Air_Force_PB_2014.zzz_unzipped-PROCUREMENT_MasterJustificationBook_Air_Force_PB_2014.xml","568274f6da4ae741bf3451b1e4bd1ce95232308fe969b118463d712471e787ca","0-c13f2d050971559bc2c3829c57c78811c90738b2a484ca57cee8bba564a77db9","true","SS","FFP","0-9c8f36a35fb199a6b9af2050f178270b7f02e8f0e1128b66b78d5b232d684072","root.record.ItemExhibitList.P10AdvanceProcurementList.P10AdvanceProcurement.APCostElementCategoryList.CFE.APCostElement"
"2014","WPAFB, OH","2014-03","2017-01","2","10.000","2012-10","","","2014-BASE_PROCUREMENT-2014-AIRFORCE_AIRCRAFT_VOL2-PROCUREMENT_MasterJustificationBook_Air_Force_PB_2014.zzz_unzipped-PROCUREMENT_MasterJustificationBook_Air_Force_PB_2014.xml","568274f6da4ae741bf3451b1e4bd1ce95232308fe969b118463d712471e787ca","1-32fe5d21015c1962670a51c44f25ad416efe4138c4811a1ad4f4fcc19411c7af","true","SS","FPIF","0-9c8f36a35fb199a6b9af2050f178270b7f02e8f0e1128b66b78d5b232d684072","root.record.ItemExhibitList.P10AdvanceProcurementList.P10AdvanceProcurement.APCostElementCategoryList.CFE.APCostElement"
"2012","77","2013-03","2014-02","19","19.400","2012-04","","","2014-BASE_PROCUREMENT-2014-AIRFORCE_AIRCRAFT_VOL1-PROCUREMENT_MasterJustificationBook_Air_Force_PB_2014.zzz_unzipped-PROCUREMENT_MasterJustificationBook_Air_Force_PB_2014.xml","6ab9e29ac3b8aded689164aba8dab423bb75c52b5172bcd81d5d2ac7eeafb8ff","0-99a90ad9e456bd37c0d60a8fb14320bf35ff3860592421322668ba6c2474b20d","true","SS","FPIF","0-b01f43070f623267a21fa8b513a7634955a8a6cbd2e273f20bd2ebdf8ba18f83","root.record.ItemExhibitList.P10AdvanceProcurementList.P10AdvanceProcurement.APCostElementCategoryList.CFE.APCostElement"
"2013","77","2013-03","2014-12","19","12.045","2012-04","","","2014-BASE_PROCUREMENT-2014-AIRFORCE_AIRCRAFT_VOL1-PROCUREMENT_MasterJustificationBook_Air_Force_PB_2014.zzz_unzipped-PROCUREMENT_MasterJustificationBook_Air_Force_PB_2014.xml","6ab9e29ac3b8aded689164aba8dab423bb75c52b5172bcd81d5d2ac7eeafb8ff","1-476a6d292731ddf8ad641352bfaf6734b63895dc5b9b40bdd26d27cf184e8985","true","SS","FPIF","0-b01f43070f623267a21fa8b513a7634955a8a6cbd2e273f20bd2ebdf8ba18f83","root.record.ItemExhibitList.P10AdvanceProcurementList.P10AdvanceProcurement.APCostElementCategoryList.CFE.APCostElement"
"2014","77","2014-03","2015-12","30","9.458","2013-01","","","2014-BASE_PROCUREMENT-2014-AIRFORCE_AIRCRAFT_VOL1-PROCUREMENT_MasterJustificationBook_Air_Force_PB_2014.zzz_unzipped-PROCUREMENT_MasterJustificationBook_Air_Force_PB_2014.xml","6ab9e29ac3b8aded689164aba8dab423bb75c52b5172bcd81d5d2ac7eeafb8ff","2-f5dc06a5bd3501137fd08de93caeefc4ce9f56822fe9601c9682f3a3562acccf","true","SS","FPIF","0-b01f43070f623267a21fa8b513a7634955a8a6cbd2e273f20bd2ebdf8ba18f83","root.record.ItemExhibitList.P10AdvanceProcurementList.P10AdvanceProcurement.APCostElementCategoryList.CFE.APCostElement"
"2013","NAVAIR","2013-04","2015-01","3","5.000","2011-02","","","2014-BASE_PROCUREMENT-2014-AIRFORCE_AIRCRAFT_VOL1-PROCUREMENT_MasterJustificationBook_Air_Force_PB_2014.zzz_unzipped-PROCUREMENT_MasterJustificationBook_Air_Force_PB_2014.xml","64862d5509d36b3dc25821d3aee2b698b642d9914a9acb94aba0df7947892b95","0-aacb5aba72bdb596456224430c1207d6ac91880147d8ca4c39fe46ec98c8cfca","true","SS","FPIF","0-e938652c0926d1d8cc9c54e91f654896aa1950efeced443d1c90a28696fb827b","root.record.ItemExhibitList.P10AdvanceProcurementList.P10AdvanceProcurement.APCostElementCategoryList.CFE.APCostElement"
"2011","WPAFB, OH","2011-07","2014-08","1","9.877","2010-12","","","2014-BASE_PROCUREMENT-2014-AIRFORCE_AIRCRAFT_VOL1-PROCUREMENT_MasterJustificationBook_Air_Force_PB_2014.zzz_unzipped-PROCUREMENT_MasterJustificationBook_Air_Force_PB_2014.xml","df67eff3c686183f6dcf7d4101da8c03f51d7865cf70fd8211d6e348ea90397e","0-ae12e694d0ab5a89180c9ccf130d8d7c8c35bc06b8407deb6feedc5d62df3b49","true","SS","FFP","0-80777afda39a9d4a693a633c4188f57e06f9b5f8aa5db194b591836c9be69489","root.record.ItemExhibitList.P10AdvanceProcurementList.P10AdvanceProcurement.APCostElementCategoryList.CFE.APCostElement"
"2012","WPAFB, OH","2012-03","2015-04","2","10.000","2012-02","","","2014-BASE_PROCUREMENT-2014-AIRFORCE_AIRCRAFT_VOL1-PROCUREMENT_MasterJustificationBook_Air_Force_PB_2014.zzz_unzipped-PROCUREMENT_MasterJustificationBook_Air_Force_PB_2014.xml","df67eff3c686183f6dcf7d4101da8c03f51d7865cf70fd8211d6e348ea90397e","1-49fb75f6cc26c0799734a886fbf053e465d9a0faf761144aa18cfa2126afc4cc","true","SS","FFP","0-80777afda39a9d4a693a633c4188f57e06f9b5f8aa5db194b591836c9be69489","root.record.ItemExhibitList.P10AdvanceProcurementList.P10AdvanceProcurement.APCostElementCategoryList.CFE.APCostElement"
"2012","TBD","2013-07","2015-12","3","23.833","2013-05","","","2014-BASE_PROCUREMENT-2014-AIRFORCE_AIRCRAFT_VOL1-PROCUREMENT_MasterJustificationBook_Air_Force_PB_2014.zzz_unzipped-PROCUREMENT_MasterJustificationBook_Air_Force_PB_2014.xml","316c8a1eea6fda1117d3c520bf1b7b3c456a990002e7720ef4597a622b9eacd5","0-09db456fd87291630393f75870b4f81c68abf42135784b392c00dacc81d2f451","true","SS","FPIF","0-6d7cdf1a11f960068835a4ebe434b218e01293c301415f40de4ffb073d93711b","root.record.ItemExhibitList.P10AdvanceProcurementList.P10AdvanceProcurement.APCostElementCategoryList.CFE.APCostElement"
"2011","WPAFB, OH","2011-07","2014-09","1","11.055","2010-12","","","2014-BASE_PROCUREMENT-2014-AIRFORCE_AIRCRAFT_VOL1-PROCUREMENT_MasterJustificationBook_Air_Force_PB_2014.zzz_unzipped-PROCUREMENT_MasterJustificationBook_Air_Force_PB_2014.xml","9de913aeb6567c0d4534e57110f9dda8f4ab9f2890ebec10995f16b0056b8d4a","0-25b3233c2f683bd9eed808478a0a63fac0ec4a9e77e3b9b10b447632e800236d","true","SS","FFP","0-56c8068af543af124a90247a4a59a43c8d20cbd171243881a9c06cd37cbfdf75","root.record.ItemExhibitList.P10AdvanceProcurementList.P10AdvanceProcurement.APCostElementCategoryList.CFE.APCostElement"
"2014","WPAFB, OH","2014-03","2016-09","7","10.000","2012-10","","","2014-BASE_PROCUREMENT-2014-AIRFORCE_AIRCRAFT_VOL1-PROCUREMENT_MasterJustificationBook_Air_Force_PB_2014.zzz_unzipped-PROCUREMENT_MasterJustificationBook_Air_Force_PB_2014.xml","9de913aeb6567c0d4534e57110f9dda8f4ab9f2890ebec10995f16b0056b8d4a","1-53c989529fb78c6e1046c8ff1919b7274df24707c80f792c147ccfa7704979d7","true","SS","FFP","0-56c8068af543af124a90247a4a59a43c8d20cbd171243881a9c06cd37cbfdf75","root.record.ItemExhibitList.P10AdvanceProcurementList.P10AdvanceProcurement.APCostElementCategoryList.CFE.APCostElement"
"2012","WPAFB, OH","2012-03","2015-05","4","10.000","2012-02","","","2014-BASE_PROCUREMENT-2014-AIRFORCE_AIRCRAFT_VOL1-PROCUREMENT_MasterJustificationBook_Air_Force_PB_2014.zzz_unzipped-PROCUREMENT_MasterJustificationBook_Air_Force_PB_2014.xml","1800a4a3cade962759517e8f30a849a8b21a34bb984d87d8abe05b8727f27625","0-8b60a20d8adb82f0f97ba2c11209df02ac5924a7d8d2fb81c62faa91f8e094f0","true","SS","FFP","0-39fa803163644c8599828b0f4d46f66a312fc210f4e7d9d0a45bd9ea17d541fd","root.record.ItemExhibitList.P10AdvanceProcurementList.P10AdvanceProcurement.APCostElementCategoryList.CFE.APCostElement"
"2014","WPAFB, OH","2014-03","2017-01","2","10.000","2012-10","","","2014-BASE_PROCUREMENT-2014-AIRFORCE_AIRCRAFT_VOL1-PROCUREMENT_MasterJustificationBook_Air_Force_PB_2014.zzz_unzipped-PROCUREMENT_MasterJustificationBook_Air_Force_PB_2014.xml","1800a4a3cade962759517e8f30a849a8b21a34bb984d87d8abe05b8727f27625","1-3530a7b0d20ca407ac4f1c1d6e8a4f697ceeff5d5cd306e953feee405c0fced4","true","SS","FPIF","0-39fa803163644c8599828b0f4d46f66a312fc210f4e7d9d0a45bd9ea17d541fd","root.record.ItemExhibitList.P10AdvanceProcurementList.P10AdvanceProcurement.APCostElementCategoryList.CFE.APCostElement"
"2013","See End Item P5A","0001-01","0001-01","0","0","0001-01","TBD","I think i","2014-BASE_PROCUREMENT-2014-NAVY_AIRCRAFT_BA1-4-PROCUREMENT_JustificationBook_Navy_PB_2014.zzz_unzipped-PROCUREMENT_JustificationBook_Navy_PB_2014.xml","59eb071a2b8c27825df619eb2437ee7c5c84f3ba541674a32571545b2cf94550","0-465d6834a9994d0bc180b0f034e9cb6c35673b6e5d5b8b13e3fa2e84fcad5693","","","","0-0e1f446ea9d90988cc37134d9e088a19b64fb3676437cbc8f7b3d19732fbcf1c","root.record.ItemExhibitList.P10AdvanceProcurementList.P10AdvanceProcurement.APCostElementCategoryList.CFE.APCostElement"
"2013","See End Item P5A","0001-01","0001-01","0","0","0001-01","TBD","I think i","2014-BASE_PROCUREMENT-2014-NAVY_AIRCRAFT_BA1-4-PROCUREMENT_JustificationBook_Navy_PB_2014.zzz_unzipped-PROCUREMENT_JustificationBook_Navy_PB_2014.xml","7fa98ebdf00716dac253784ec3c8e6d0fdbc0d8a1c13700e5d8d3eb0e6053267","0-d77697e941a2411db68fbe7f1bcb17acf3bc0d3db331d480a989de8167af4921","","","","0-d10e301abb3f18db6b32c5e140956afd105b03c2be443e6a418c10f669224368","root.record.ItemExhibitList.P10AdvanceProcurementList.P10AdvanceProcurement.APCostElementCategoryList.CFE.APCostElement"
"2013","See End Item P5A","0001-01","0001-01","0","0","0001-01","TBD","I think i","2014-BASE_PROCUREMENT-2014-NAVY_AIRCRAFT_BA1-4-PROCUREMENT_JustificationBook_Navy_PB_2014.zzz_unzipped-PROCUREMENT_JustificationBook_Navy_PB_2014.xml","7fa98ebdf00716dac253784ec3c8e6d0fdbc0d8a1c13700e5d8d3eb0e6053267","0-266f0bb6c98161b90ca0d7da3219cc78d7e57b461a9fd8ed86effeed95e95f02","","","","1-33a83e9abffbbec1e0e3429859d58b06b75eb2ebbf8d1b925062aeef4f556958","root.record.ItemExhibitList.P10AdvanceProcurementList.P10AdvanceProcurement.APCostElementCategoryList.CFE.APCostElement"
"2013","See End Item P5A","0001-01","0001-01","0","0","0001-01","TBD","I think i","2014-BASE_PROCUREMENT-2014-NAVY_AIRCRAFT_BA1-4-PROCUREMENT_JustificationBook_Navy_PB_2014.zzz_unzipped-PROCUREMENT_JustificationBook_Navy_PB_2014.xml","7fa98ebdf00716dac253784ec3c8e6d0fdbc0d8a1c13700e5d8d3eb0e6053267","0-c296c8097174346b7acefe3e70496cbaaf6824b4fb19c9500ee26bda44730e47","","","","2-ec4666d285c3c945cb3732cd1ec0bdfd1049519c0fef1e23d6f67069eed8e8fd","root.record.ItemExhibitList.P10AdvanceProcurementList.P10AdvanceProcurement.APCostElementCategoryList.CFE.APCostElement"
"2013","See End Item P5A","0001-01","0001-01","0","0","0001-01","TBD","I think i","2014-BASE_PROCUREMENT-2014-NAVY_AIRCRAFT_BA1-4-PROCUREMENT_JustificationBook_Navy_PB_2014.zzz_unzipped-PROCUREMENT_JustificationBook_Navy_PB_2014.xml","7fa98ebdf00716dac253784ec3c8e6d0fdbc0d8a1c13700e5d8d3eb0e6053267","0-5e574efa306346dd81abb16ad6e83edfb23d6d6a8b72a5b63b3572e7072f14c5","","","","3-bd6210183799b821c1efc960bf0a50f57dafc3b32fd895d553daf4d147b92246","root.record.ItemExhibitList.P10AdvanceProcurementList.P10AdvanceProcurement.APCostElementCategoryList.CFE.APCostElement"
"2013","See End Item P5A","2013-12","2013-12","0","0","2013-12","TBD","I think i","2014-BASE_PROCUREMENT-2014-NAVY_AIRCRAFT_BA1-4-PROCUREMENT_JustificationBook_Navy_PB_2014.zzz_unzipped-PROCUREMENT_JustificationBook_Navy_PB_2014.xml","d9f1e0fb0d1c8f37f7cf1fb8789cbe4e3f3cf2139c15aa9e23860a1278ea6cc4","0-f41e5b62e85be72200d6f5ca3706e7e12dd61275186877a8c5acfade726af5bd","","","","0-2c0a7fbda3088cffd9290da3e812315d9c69c299f157b18f8681c9779fc60c91","root.record.ItemExhibitList.P10AdvanceProcurementList.P10AdvanceProcurement.APCostElementCategoryList.CFE.APCostElement"
"2013","See End Item P5A","2013-12","2013-12","0","0","2013-12","TBD","I think i","2014-BASE_PROCUREMENT-2014-NAVY_AIRCRAFT_BA1-4-PROCUREMENT_JustificationBook_Navy_PB_2014.zzz_unzipped-PROCUREMENT_JustificationBook_Navy_PB_2014.xml","d9f1e0fb0d1c8f37f7cf1fb8789cbe4e3f3cf2139c15aa9e23860a1278ea6cc4","0-2e769424858e0a49157e2518a8d4b4d9d934903badab77d0ad800e96299b1498","","","","1-68b61bbdba3b4f6cb33a06a514a71040a3270a56486d09385e89ba958523619b","root.record.ItemExhibitList.P10AdvanceProcurementList.P10AdvanceProcurement.APCostElementCategoryList.CFE.APCostElement"
"2013","See End Item P5A","2013-12","2013-12","0","0","2013-12","TBD","I think i","2014-BASE_PROCUREMENT-2014-NAVY_AIRCRAFT_BA1-4-PROCUREMENT_JustificationBook_Navy_PB_2014.zzz_unzipped-PROCUREMENT_JustificationBook_Navy_PB_2014.xml","d9f1e0fb0d1c8f37f7cf1fb8789cbe4e3f3cf2139c15aa9e23860a1278ea6cc4","0-1de5d5f209506a630e3b857fe6424963ad5d7dd5360827a94d3fa4dd0de44e6a","","","","2-fb751afd897e436df8edd4074e5b26866787b0ffba1a1490495d3e4bff504921","root.record.ItemExhibitList.P10AdvanceProcurementList.P10AdvanceProcurement.APCostElementCategoryList.CFE.APCostElement"
"2013","See End Item P5A","2013-12","2013-12","0","0","2013-12","TBD","I think i","2014-BASE_PROCUREMENT-2014-NAVY_AIRCRAFT_BA1-4-PROCUREMENT_JustificationBook_Navy_PB_2014.zzz_unzipped-PROCUREMENT_JustificationBook_Navy_PB_2014.xml","d9f1e0fb0d1c8f37f7cf1fb8789cbe4e3f3cf2139c15aa9e23860a1278ea6cc4","0-d531fe2a567fda8d61b21eefe11dfa465a07c994e6f157253a8c8e5eab86c52f","","","","3-33667340105235c82607a13826c4c2830fa48eac3cabbb0707930c3fe9138f27","root.record.ItemExhibitList.P10AdvanceProcurementList.P10AdvanceProcurement.APCostElementCategoryList.CFE.APCostElement"
"2013","See End Item P5A","2013-12","2013-12","0","0","2013-12","TBD","I think i","2014-BASE_PROCUREMENT-2014-NAVY_AIRCRAFT_BA1-4-PROCUREMENT_JustificationBook_Navy_PB_2014.zzz_unzipped-PROCUREMENT_JustificationBook_Navy_PB_2014.xml","d9f1e0fb0d1c8f37f7cf1fb8789cbe4e3f3cf2139c15aa9e23860a1278ea6cc4","0-896ef8a6488008d5ee486d4f12c3a2c98b4701b6459c35ff34e12f64729f91cc","","","","4-e99eef6cb285d182ce99ed21db98a2f4f26265c84f331aeb5a472ce27cdb3ac7","root.record.ItemExhibitList.P10AdvanceProcurementList.P10AdvanceProcurement.APCostElementCategoryList.CFE.APCostElement"
"2013","See End Item P5A","2013-12","2013-12","0","0","2013-12","TBD","I think i","2014-BASE_PROCUREMENT-2014-NAVY_AIRCRAFT_BA1-4-PROCUREMENT_JustificationBook_Navy_PB_2014.zzz_unzipped-PROCUREMENT_JustificationBook_Navy_PB_2014.xml","fca80c4a5bf23e192e9420dded4f49a1b46495e610d6495e88d6fe525d380853","0-5093febf5440740f2c1862c6e534b0c5059f5d66548653cae6e6b21b4c50f183","","","","0-be95d89f91dca37d426f7c6ef3641a195a8a66b181ab7e86a3fe2ffaac8e9380","root.record.ItemExhibitList.P10AdvanceProcurementList.P10AdvanceProcurement.APCostElementCategoryList.CFE.APCostElement"
"2013","See End Item P5A","2013-12","2013-12","0","0","2013-12","TBD","I think i","2014-BASE_PROCUREMENT-2014-NAVY_AIRCRAFT_BA1-4-PROCUREMENT_JustificationBook_Navy_PB_2014.zzz_unzipped-PROCUREMENT_JustificationBook_Navy_PB_2014.xml","fca80c4a5bf23e192e9420dded4f49a1b46495e610d6495e88d6fe525d380853","0-7a99001b510b72652117210d1c1052cc493a78e80945304b56ab172384fbaef1","","","","1-c21256bc9e548cd6cc64d3a5db2e2b7418a32eaf5a47c86b661551dfc44cf7e2","root.record.ItemExhibitList.P10AdvanceProcurementList.P10AdvanceProcurement.APCostElementCategoryList.CFE.APCostElement"
"2013","See End Item P5A","2014-06","2014-06","0","0","2014-06","TBD","I think i","2014-BASE_PROCUREMENT-2014-NAVY_AIRCRAFT_BA1-4-PROCUREMENT_JustificationBook_Navy_PB_2014.zzz_unzipped-PROCUREMENT_JustificationBook_Navy_PB_2014.xml","9153159fe86babf2338e4b160b0225ad806515ca1ccc0dbf362bf9b5e04bfffb","0-aa50d8ede9b2290e814a77e7edc24fa4d714e08762b920fdd64f8f62a51b5f57","","","","0-0221a03de4e3c6e2982ea0be5bb38eec31db69b5868570ebe792ba746dd43680","root.record.ItemExhibitList.P10AdvanceProcurementList.P10AdvanceProcurement.APCostElementCategoryList.CFE.APCostElement"
"2013","See End Item P5A","2013-04","2013-04","0","0","2013-04","TBD","I think i","2014-BASE_PROCUREMENT-2014-NAVY_AIRCRAFT_BA1-4-PROCUREMENT_JustificationBook_Navy_PB_2014.zzz_unzipped-PROCUREMENT_JustificationBook_Navy_PB_2014.xml","0665cc0483394d06f3f23a211d09a0bac88f7a74f6e6df002dd9f2bcbf15f4e0","0-8292dc5a64e8c3543fcbc4c0eca091e4d59ab300c243e8737cbb3d121a89d4bd","","","","0-b9e1fc0a35f6ace1ce4ad85e73e38e81443acc7b603af3304bae8ac5f27d8e33","root.record.ItemExhibitList.P10AdvanceProcurementList.P10AdvanceProcurement.APCostElementCategoryList.CFE.APCostElement"
"2013","See End Item P5A","0001-01","0001-01","0","0","0001-01","TBD","I think i","2014-BASE_PROCUREMENT-2014-NAVY_AIRCRAFT_BA1-4-PROCUREMENT_JustificationBook_Navy_PB_2014.zzz_unzipped-PROCUREMENT_JustificationBook_Navy_PB_2014.xml","0665cc0483394d06f3f23a211d09a0bac88f7a74f6e6df002dd9f2bcbf15f4e0","0-6928887ed42d9959426880e43845738276d23c0b39dad9eb456a4b662a08f67d","","","","1-c596b55bb030ced9355d1a816936dde18cd0a4d5f58dd95dcbea499e997c6b96","root.record.ItemExhibitList.P10AdvanceProcurementList.P10AdvanceProcurement.APCostElementCategoryList.CFE.APCostElement"
"2013","See End Item P5A","0001-01","0001-01","0","0","0001-01","TBD","I think i","2014-BASE_PROCUREMENT-2014-NAVY_AIRCRAFT_BA1-4-PROCUREMENT_JustificationBook_Navy_PB_2014.zzz_unzipped-PROCUREMENT_JustificationBook_Navy_PB_2014.xml","0665cc0483394d06f3f23a211d09a0bac88f7a74f6e6df002dd9f2bcbf15f4e0","0-3213bfa961296d7ff3c1dd0bb2163f2b3de550fcdb346cb82387c8fbbd55f046","","","","2-fba62e61aa87e0b0b166fafab1d1a756f06c83b746bdc16011ae161dccd52f57","root.record.ItemExhibitList.P10AdvanceProcurementList.P10AdvanceProcurement.APCostElementCategoryList.CFE.APCostElement"
"2013","See End Item P5A","0001-01","0001-01","0","0","0001-01","TBD","I think i","2014-BASE_PROCUREMENT-2014-NAVY_AIRCRAFT_BA1-4-PROCUREMENT_JustificationBook_Navy_PB_2014.zzz_unzipped-PROCUREMENT_JustificationBook_Navy_PB_2014.xml","0665cc0483394d06f3f23a211d09a0bac88f7a74f6e6df002dd9f2bcbf15f4e0","0-494dc0189900ee03794724382bab08696f881503914973e3fb3fede218e4fedf","","","","3-7c34317b3598c92a0758ae1f294dda221f0a629ad1dd6339d90ab0077bbb6918","root.record.ItemExhibitList.P10AdvanceProcurementList.P10AdvanceProcurement.APCostElementCategoryList.CFE.APCostElement"
"2013","See End Item P5A","0001-01","0001-01","0","0","0001-01","TBD","I think i","2014-BASE_PROCUREMENT-2014-NAVY_AIRCRAFT_BA1-4-PROCUREMENT_JustificationBook_Navy_PB_2014.zzz_unzipped-PROCUREMENT_JustificationBook_Navy_PB_2014.xml","0665cc0483394d06f3f23a211d09a0bac88f7a74f6e6df002dd9f2bcbf15f4e0","0-87d3187f94bb9e836457c13de9f94a29f55ab0cd077043dc55b1ad2821da4ab2","","","","4-70c0ae3f2e539f1c65d222299fe174b28f0cd0027c4d8970568048689435208b","root.record.ItemExhibitList.P10AdvanceProcurementList.P10AdvanceProcurement.APCostElementCategoryList.CFE.APCostElement"
"2013","See End Item P5A","0001-01","0001-01","0","0","0001-01","TBD","I think i","2014-BASE_PROCUREMENT-2014-NAVY_AIRCRAFT_BA1-4-PROCUREMENT_JustificationBook_Navy_PB_2014.zzz_unzipped-PROCUREMENT_JustificationBook_Navy_PB_2014.xml","0665cc0483394d06f3f23a211d09a0bac88f7a74f6e6df002dd9f2bcbf15f4e0","0-c0f7026eddca76bf1cdb41a8e904fc11cf4b3c5eea9780304931088913ec4411","","","","5-6f3c0db5864dd2b8c4ca2c2bb63418f44d294d8a78bac2b7c40fcc8339aff68c","root.record.ItemExhibitList.P10AdvanceProcurementList.P10AdvanceProcurement.APCostElementCategoryList.CFE.APCostElement"
"2013","See End Item P5A","0001-01","0001-01","0","0","0001-01","TBD","I think i","2014-BASE_PROCUREMENT-2014-NAVY_AIRCRAFT_BA1-4-PROCUREMENT_JustificationBook_Navy_PB_2014.zzz_unzipped-PROCUREMENT_JustificationBook_Navy_PB_2014.xml","0665cc0483394d06f3f23a211d09a0bac88f7a74f6e6df002dd9f2bcbf15f4e0","0-3d36f3b6775b50631c5b9dfc8daaeafe5361ae95f6537610cfc96945fd17ed33","","","","6-01f717ae871b79f17029db10fd296192216f0ea7db3877d7fd96b799a0a8e18b","root.record.ItemExhibitList.P10AdvanceProcurementList.P10AdvanceProcurement.APCostElementCategoryList.CFE.APCostElement"
"2013","See End Item P5A","2014-07","2014-07","0","0","2014-07","TBD","I think i","2014-BASE_PROCUREMENT-2014-NAVY_AIRCRAFT_BA1-4-PROCUREMENT_JustificationBook_Navy_PB_2014.zzz_unzipped-PROCUREMENT_JustificationBook_Navy_PB_2014.xml","2ca0b177ff5773179adc68e99a8aa14d5082a81544df1d5d478b6a1901815e1a","0-bc4a59a93db99ddb1f5d09946cf66a2be4d6f19128fb23fcd8bf2cbe8aef205a","","","","0-9fdfa8c7e529050ad6db5c81e0766c9a5227f5cf72900664d14c035e09810f6a","root.record.ItemExhibitList.P10AdvanceProcurementList.P10AdvanceProcurement.APCostElementCategoryList.CFE.APCostElement"
"2013","See End Item P5A","0001-01","0001-01","0","0","0001-01","TBD","I think i","2014-BASE_PROCUREMENT-2014-NAVY_AIRCRAFT_BA1-4-PROCUREMENT_JustificationBook_Navy_PB_2014.zzz_unzipped-PROCUREMENT_JustificationBook_Navy_PB_2014.xml","64929e2f3b423b633d4163e755851b1fd905e7aae3c16591258a0272ed89fca7","0-af96142fdeae46bb7f52edcc82a20228b68ca5261b7b7cb715137e548f805ea7","","","","0-adefbb2510c26306c5bbec1c603865c2acb7c1fbd6fa5c930ef4d53e607e6c7a","root.record.ItemExhibitList.P10AdvanceProcurementList.P10AdvanceProcurement.APCostElementCategoryList.CFE.APCostElement"
"2013","See End Item P5A","0001-01","0001-01","0","0","0001-01","TBD","I think i","2014-BASE_PROCUREMENT-2014-NAVY_AIRCRAFT_BA1-4-PROCUREMENT_JustificationBook_Navy_PB_2014.zzz_unzipped-PROCUREMENT_JustificationBook_Navy_PB_2014.xml","049cb91018f89e9c503e94cc8bbd5cb09e1075dae1b2910caf7d2d2f90fe1cc2","0-25dac28fc36b21032922d2b93c301ea1a953557b483e2855dbfee30a6e715298","","","","0-78a1b7ea1e01a037ad1ef9336cd96e99157f2c8a1ba756f999b2a044ead337f2","root.record.ItemExhibitList.P10AdvanceProcurementList.P10AdvanceProcurement.APCostElementCategoryList.CFE.APCostElement"
"2013","See End Item P5A","2012-12","2012-12","0","0","2012-12","TBD","I think i","2014-BASE_PROCUREMENT-2014-NAVY_AIRCRAFT_BA1-4-PROCUREMENT_JustificationBook_Navy_PB_2014.zzz_unzipped-PROCUREMENT_JustificationBook_Navy_PB_2014.xml","f49d6e455d4d07bc582f76515e80682a468b3173944aca0167c23cde3c9c266d","0-a9347c0dc1780f9c2ffdf3dc85bfbb458251d53f44df1cbb1d2d2a1c2dddacb7","","","","0-0a7ecff54664b18295bd8abf936c3714dfc3265a62b5b999a3f0c7c43c0e3b1c","root.record.ItemExhibitList.P10AdvanceProcurementList.P10AdvanceProcurement.APCostElementCategoryList.CFE.APCostElement"
"2013","See End Item P5A","2013-03","2013-03","0","0","2013-03","TBD","I think i","2014-BASE_PROCUREMENT-2014-NAVY_AIRCRAFT_BA1-4-PROCUREMENT_JustificationBook_Navy_PB_2014.zzz_unzipped-PROCUREMENT_JustificationBook_Navy_PB_2014.xml","c580d71111988ee8091a7769091dbf3b7f66dcdd6bb7f463ae21ffa990ebfa68","0-ee2d00fcc9a8cfe24c235c73cc5c0b75d82a634dcbc26824b5599c6233ec73a3","","","","0-457d17183ce942b0d569fac4458426f34504c1bc5a60084bd2eda2fe41446628","root.record.ItemExhibitList.P10AdvanceProcurementList.P10AdvanceProcurement.APCostElementCategoryList.CFE.APCostElement"
"2013","See End Item P5A","0001-01","0001-01","0","0","0001-01","TBD","I think i","2014-BASE_PROCUREMENT-2014-NAVY_AIRCRAFT_BA1-4-PROCUREMENT_JustificationBook_Navy_PB_2014.zzz_unzipped-PROCUREMENT_JustificationBook_Navy_PB_2014.xml","548502376cfb19caab6522063ca08ecec5f9aeace484fcfe2ccf2e4ec8f531b1","0-8e0a85e3a803580590826d86f317230827d5dd8ef35b997f66a94755dd206763","","","","0-cd05f5c649f099746c669200d4d136d9fcdbcdd17333d187c9063b1b5a185d15","root.record.ItemExhibitList.P10AdvanceProcurementList.P10AdvanceProcurement.APCostElementCategoryList.CFE.APCostElement"
"2013","See End Item P5A","0001-01","0001-01","0","0","0001-01","TBD","I think i","2014-BASE_PROCUREMENT-2014-NAVY_AIRCRAFT_BA1-4-PROCUREMENT_JustificationBook_Navy_PB_2014.zzz_unzipped-PROCUREMENT_JustificationBook_Navy_PB_2014.xml","548502376cfb19caab6522063ca08ecec5f9aeace484fcfe2ccf2e4ec8f531b1","0-6aec7748be770de033a7f7496b4f322ca7f03bca74673e6c9c77b5725d589688","","","","1-542ebf5360f0446df502c13f90e3f976c3a1cf71695dbf417fa8822f11335cc3","root.record.ItemExhibitList.P10AdvanceProcurementList.P10AdvanceProcurement.APCostElementCategoryList.CFE.APCostElement"
"2013","See End Item P5A","0001-01","0001-01","0","0","0001-01","TBD","I think i","2014-BASE_PROCUREMENT-2014-NAVY_AIRCRAFT_BA1-4-PROCUREMENT_JustificationBook_Navy_PB_2014.zzz_unzipped-PROCUREMENT_JustificationBook_Navy_PB_2014.xml","548502376cfb19caab6522063ca08ecec5f9aeace484fcfe2ccf2e4ec8f531b1","0-5c49aef43cbb6b2b37d17866dcfdf3812d68a1fe9b9e5f9f9306ad18d91e969c","","","","2-632431f3488a5926fa7a9731e1c1802d60623082f23080965ab8cf4ddb29afaa","root.record.ItemExhibitList.P10AdvanceProcurementList.P10AdvanceProcurement.APCostElementCategoryList.CFE.APCostElement"
"2013","See End Item P5A","0001-01","0001-01","0","0","0001-01","TBD","I think i","2014-BASE_PROCUREMENT-2014-NAVY_AIRCRAFT_BA1-4-PROCUREMENT_JustificationBook_Navy_PB_2014.zzz_unzipped-PROCUREMENT_JustificationBook_Navy_PB_2014.xml","548502376cfb19caab6522063ca08ecec5f9aeace484fcfe2ccf2e4ec8f531b1","0-312002a41ec97e290ceff357dad54d7f72299f3e01fc7626e7331ed3bb44b993","","","","3-6fa284be5925001e407c9e40dd7bf09ecbc3ae386f417570347d0ae45ea89941","root.record.ItemExhibitList.P10AdvanceProcurementList.P10AdvanceProcurement.APCostElementCategoryList.CFE.APCostElement"
"2013","See End Item P5A","0001-01","0001-01","0","0","0001-01","TBD","I think i","2014-BASE_PROCUREMENT-2014-NAVY_AIRCRAFT_BA1-4-PROCUREMENT_JustificationBook_Navy_PB_2014.zzz_unzipped-PROCUREMENT_JustificationBook_Navy_PB_2014.xml","548502376cfb19caab6522063ca08ecec5f9aeace484fcfe2ccf2e4ec8f531b1","0-93cfcda53e13693f7d07f5e0bc126dd82dc60430c140fe92fb3cef267167beab","","","","4-7fb5505ac778e0e6a2529f48972a77ab0812a1829c5756afe48faf267f74ea3d","root.record.ItemExhibitList.P10AdvanceProcurementList.P10AdvanceProcurement.APCostElementCategoryList.CFE.APCostElement"
"2013","See End Item P5A","0001-01","0001-01","0","0","0001-01","TBD","I think i","2014-BASE_PROCUREMENT-2014-NAVY_AIRCRAFT_BA1-4-PROCUREMENT_JustificationBook_Navy_PB_2014.zzz_unzipped-PROCUREMENT_JustificationBook_Navy_PB_2014.xml","548502376cfb19caab6522063ca08ecec5f9aeace484fcfe2ccf2e4ec8f531b1","0-f7c28f5f51509142d1e30c4d886c0250b6250255e2d87d2b2cf0f312049e7253","","","","5-35a88093b4dd8886c3200f83fd548c9c5f78cd691b85d3ba446e0b247e538669","root.record.ItemExhibitList.P10AdvanceProcurementList.P10AdvanceProcurement.APCostElementCategoryList.CFE.APCostElement"
"2013","See End Item P5A","0001-01","0001-01","0","0","0001-01","TBD","I think i","2014-BASE_PROCUREMENT-2014-NAVY_AIRCRAFT_BA1-4-PROCUREMENT_JustificationBook_Navy_PB_2014.zzz_unzipped-PROCUREMENT_JustificationBook_Navy_PB_2014.xml","548502376cfb19caab6522063ca08ecec5f9aeace484fcfe2ccf2e4ec8f531b1","0-6f9362baa13644da245f65147ac719dfdc5c8d6f3f694f9e11a064647a03f4dc","","","","6-9bc9f8299a4fab0d606c4ccd24bf548b7de93db26f53376b114567139a7c675e","root.record.ItemExhibitList.P10AdvanceProcurementList.P10AdvanceProcurement.APCostElementCategoryList.CFE.APCostElement"
"2013","See End Item P5A","0001-01","0001-01","0","0","0001-01","TBD","I think i","2014-BASE_PROCUREMENT-2014-NAVY_AIRCRAFT_BA1-4-PROCUREMENT_JustificationBook_Navy_PB_2014.zzz_unzipped-PROCUREMENT_JustificationBook_Navy_PB_2014.xml","548502376cfb19caab6522063ca08ecec5f9aeace484fcfe2ccf2e4ec8f531b1","0-c6272f726680db1504d3b4544c59672158d6ae0466e376305c5dd99004dbbde8","","","","7-20037c322c6d89d5b257e46013206f69023ce7c8a85fe42f1a312b89d0a1db4c","root.record.ItemExhibitList.P10AdvanceProcurementList.P10AdvanceProcurement.APCostElementCategoryList.CFE.APCostElement"
"2013","See End Item P5A","0001-01","0001-01","0","0","0001-01","TBD","I think i","2014-BASE_PROCUREMENT-2014-NAVY_AIRCRAFT_BA1-4-PROCUREMENT_JustificationBook_Navy_PB_2014.zzz_unzipped-PROCUREMENT_JustificationBook_Navy_PB_2014.xml","548502376cfb19caab6522063ca08ecec5f9aeace484fcfe2ccf2e4ec8f531b1","0-6186339c3cc70e3c58415024f79ef6fdfce982077013b7d069a4a6522c10ffab","","","","8-95b07a26e3bd242aaeb538bcba7f6c3aae393a1bae3438210f5c20957fbf216a","root.record.ItemExhibitList.P10AdvanceProcurementList.P10AdvanceProcurement.APCostElementCategoryList.CFE.APCostElement"
"2013","See End Item P5A","0001-01","0001-01","0","0","0001-01","TBD","I think i","2014-BASE_PROCUREMENT-2014-NAVY_AIRCRAFT_BA7-PROCUREMENT_MasterJustificationBook_Navy_PB_2014.zzz_unzipped-PROCUREMENT_MasterJustificationBook_Navy_PB_2014.xml","fc4b633568d09aa78acf18bb3a1378b7461e8def6999ee372311daf44c967cce","0-1bbb1eb14060ea6d11fdf36dd79b058ef53b4d21d457172bf7e694cb16dd31d4","","","","0-d72743b17a406a3115717a37add42f9c3197853bb94743f693397873de70076f","root.record.ItemExhibitList.P10AdvanceProcurementList.P10AdvanceProcurement.APCostElementCategoryList.CFE.APCostElement"
"2013","See End Item P5A","0001-01","0001-01","0","0","0001-01","TBD","I think i","2014-BASE_PROCUREMENT-2014-NAVY_AIRCRAFT_BA7-PROCUREMENT_MasterJustificationBook_Navy_PB_2014.zzz_unzipped-PROCUREMENT_MasterJustificationBook_Navy_PB_2014.xml","912a0777608d20b2121a6300558e1d0534b143ba812d36c1f1c4cf1a32ae3eba","0-1cf4162c11ef34e3919618b3dc7d707a0391c344d30fc05de06c0d2546dc9b82","","","","0-f2c2667d3250e7df28431b4e98107fdd9f9fa8cb8d54e6e1c96c75979e5afbfa","root.record.ItemExhibitList.P10AdvanceProcurementList.P10AdvanceProcurement.APCostElementCategoryList.CFE.APCostElement"
"2013","See End Item P5A","0001-01","0001-01","0","0","0001-01","TBD","I think i","2014-BASE_PROCUREMENT-2014-NAVY_AIRCRAFT_BA7-PROCUREMENT_MasterJustificationBook_Navy_PB_2014.zzz_unzipped-PROCUREMENT_MasterJustificationBook_Navy_PB_2014.xml","912a0777608d20b2121a6300558e1d0534b143ba812d36c1f1c4cf1a32ae3eba","0-14b63d166c940afa98e52160438dec08e55e3dba75f3c7f87edf48cdb560328b","","","","1-e9ea9cb49f1d70ede2fd2b2be45c13fd9302c8eea1c10b524249bf070d43b24c","root.record.ItemExhibitList.P10AdvanceProcurementList.P10AdvanceProcurement.APCostElementCategoryList.CFE.APCostElement"
"2013","See End Item P5A","0001-01","0001-01","0","0","0001-01","TBD","I think i","2014-BASE_PROCUREMENT-2014-NAVY_AIRCRAFT_BA7-PROCUREMENT_MasterJustificationBook_Navy_PB_2014.zzz_unzipped-PROCUREMENT_MasterJustificationBook_Navy_PB_2014.xml","912a0777608d20b2121a6300558e1d0534b143ba812d36c1f1c4cf1a32ae3eba","0-7032966839b8dcda1a2d079d7e705684d97119932ec3d35379a76ebb89f46c5d","","","","2-4d23925af22ae4b2f0d108451f5157f5c8c8c648e0127043425a2af40b47d330","root.record.ItemExhibitList.P10AdvanceProcurementList.P10AdvanceProcurement.APCostElementCategoryList.CFE.APCostElement"
"2013","See End Item P5A","0001-01","0001-01","0","0","0001-01","TBD","I think i","2014-BASE_PROCUREMENT-2014-NAVY_AIRCRAFT_BA7-PROCUREMENT_MasterJustificationBook_Navy_PB_2014.zzz_unzipped-PROCUREMENT_MasterJustificationBook_Navy_PB_2014.xml","912a0777608d20b2121a6300558e1d0534b143ba812d36c1f1c4cf1a32ae3eba","0-adb26d02addca292edf79852811e858879add040ccf5077f7b37cab74052730e","","","","3-46ce3868b6471b33f27485c3c73055b68b6bbdabbe3d33d2c9ee6bb1b71611a1","root.record.ItemExhibitList.P10AdvanceProcurementList.P10AdvanceProcurement.APCostElementCategoryList.CFE.APCostElement"
"2013","See End Item P5A","2013-12","2013-12","0","0","2013-12","TBD","I think i","2014-BASE_PROCUREMENT-2014-NAVY_AIRCRAFT_BA7-PROCUREMENT_MasterJustificationBook_Navy_PB_2014.zzz_unzipped-PROCUREMENT_MasterJustificationBook_Navy_PB_2014.xml","1c2d5511c3f630f505de429e2f146cf42b31bec595aeddf890e7246c6084e8dd","0-2a6b699aae3a204b991951b405fa95030b49b824e297e53b39f7393d6811adc4","","","","0-5a9b3a0832a144a50e2bb6e67a689670fa677e5eb97a6ae2a64bc7c7b5d20751","root.record.ItemExhibitList.P10AdvanceProcurementList.P10AdvanceProcurement.APCostElementCategoryList.CFE.APCostElement"
"2013","See End Item P5A","2013-12","2013-12","0","0","2013-12","TBD","I think i","2014-BASE_PROCUREMENT-2014-NAVY_AIRCRAFT_BA7-PROCUREMENT_MasterJustificationBook_Navy_PB_2014.zzz_unzipped-PROCUREMENT_MasterJustificationBook_Navy_PB_2014.xml","1c2d5511c3f630f505de429e2f146cf42b31bec595aeddf890e7246c6084e8dd","0-675c8d7b87cfadda52fffd7d1677b46f1ce23ad3f15a19beb6037db14ef7d042","","","","1-fa0c04da5c1c34bd0723b68722209bac3154dd36e1b25e65680f2769476fd6d6","root.record.ItemExhibitList.P10AdvanceProcurementList.P10AdvanceProcurement.APCostElementCategoryList.CFE.APCostElement"
"2013","See End Item P5A","2013-12","2013-12","0","0","2013-12","TBD","I think i","2014-BASE_PROCUREMENT-2014-NAVY_AIRCRAFT_BA7-PROCUREMENT_MasterJustificationBook_Navy_PB_2014.zzz_unzipped-PROCUREMENT_MasterJustificationBook_Navy_PB_2014.xml","1c2d5511c3f630f505de429e2f146cf42b31bec595aeddf890e7246c6084e8dd","0-20b96690463c57de1e1d24b3eb52b4248b7ad0dc8353eb02898584caff37beee","","","","2-0f473e2d81ea93835666e3d2ce39610cf340b94b332b3d3774a36a124212bfa2","root.record.ItemExhibitList.P10AdvanceProcurementList.P10AdvanceProcurement.APCostElementCategoryList.CFE.APCostElement"
"2013","See End Item P5A","2013-12","2013-12","0","0","2013-12","TBD","I think i","2014-BASE_PROCUREMENT-2014-NAVY_AIRCRAFT_BA7-PROCUREMENT_MasterJustificationBook_Navy_PB_2014.zzz_unzipped-PROCUREMENT_MasterJustificationBook_Navy_PB_2014.xml","1c2d5511c3f630f505de429e2f146cf42b31bec595aeddf890e7246c6084e8dd","0-ce3dc5dffdecd1cc3b9ad01467b7cf18e10be4e1bcf49fc0e4da9096b038db32","","","","3-572c6309355d8421430ec0e81c56088c72d52a3ecc3830891bc3c2f17c089589","root.record.ItemExhibitList.P10AdvanceProcurementList.P10AdvanceProcurement.APCostElementCategoryList.CFE.APCostElement"
"2013","See End Item P5A","2013-12","2013-12","0","0","2013-12","TBD","I think i","2014-BASE_PROCUREMENT-2014-NAVY_AIRCRAFT_BA7-PROCUREMENT_MasterJustificationBook_Navy_PB_2014.zzz_unzipped-PROCUREMENT_MasterJustificationBook_Navy_PB_2014.xml","1c2d5511c3f630f505de429e2f146cf42b31bec595aeddf890e7246c6084e8dd","0-f6e50630756c66cd4a85430405e418876b1053ebf8fc39e7bbfbf9a97c1466dd","","","","4-99a83c110cdd7832aeae495a8e705aff2661a0f2510790faab2d73209b38036d","root.record.ItemExhibitList.P10AdvanceProcurementList.P10AdvanceProcurement.APCostElementCategoryList.CFE.APCostElement"
"2013","See End Item P5A","2013-12","2013-12","0","0","2013-12","TBD","I think i","2014-BASE_PROCUREMENT-2014-NAVY_AIRCRAFT_BA7-PROCUREMENT_MasterJustificationBook_Navy_PB_2014.zzz_unzipped-PROCUREMENT_MasterJustificationBook_Navy_PB_2014.xml","1c90d81d3283c3e99adda35a80b069d543eb8eea9500f506f69fd1fd51fa4e10","0-12b79ce25d917c616495244e6593a9a28d7350d8765967d740a0ee5ff524413b","","","","0-697fc8fb03a92b601b9ed1d5a32067a50e20a6032216e3e8940f9e83ed016a7c","root.record.ItemExhibitList.P10AdvanceProcurementList.P10AdvanceProcurement.APCostElementCategoryList.CFE.APCostElement"
"2013","See End Item P5A","2013-12","2013-12","0","0","2013-12","TBD","I think i","2014-BASE_PROCUREMENT-2014-NAVY_AIRCRAFT_BA7-PROCUREMENT_MasterJustificationBook_Navy_PB_2014.zzz_unzipped-PROCUREMENT_MasterJustificationBook_Navy_PB_2014.xml","1c90d81d3283c3e99adda35a80b069d543eb8eea9500f506f69fd1fd51fa4e10","0-5a6f435ee209a0edc7c5c7bd04872ebb1cdc3c5ff76af9a84dca723034dc568d","","","","1-71fae57e1eb0514d2ba3268dd72e48149e69427e45df9efe6ebb68a9f0befea1","root.record.ItemExhibitList.P10AdvanceProcurementList.P10AdvanceProcurement.APCostElementCategoryList.CFE.APCostElement"
"2013","See End Item P5A","2014-06","2014-06","0","0","2014-06","TBD","I think i","2014-BASE_PROCUREMENT-2014-NAVY_AIRCRAFT_BA7-PROCUREMENT_MasterJustificationBook_Navy_PB_2014.zzz_unzipped-PROCUREMENT_MasterJustificationBook_Navy_PB_2014.xml","ea4fce3ec1135de06d7b597e5fd943b2e14d2b3f4efb262dcaf7727a24539c26","0-ac5f3aa288d964213c1f1cd1eecf0ea2029087a6bc8f2ec66ae3c7ee90107b9a","","","","0-e0c92a491ee2f1681ef12971d6eb5047167650c58e7fcb9bed6cc5d64f095768","root.record.ItemExhibitList.P10AdvanceProcurementList.P10AdvanceProcurement.APCostElementCategoryList.CFE.APCostElement"
"2013","See End Item P5A","2013-04","2013-04","0","0","2013-04","TBD","I think i","2014-BASE_PROCUREMENT-2014-NAVY_AIRCRAFT_BA7-PROCUREMENT_MasterJustificationBook_Navy_PB_2014.zzz_unzipped-PROCUREMENT_MasterJustificationBook_Navy_PB_2014.xml","8353179a04c7e17d7f2f2e4ad66ee5f5af3581f5f21e78729bd403a1a02ea0a9","0-b86275c15a4501a490cd025dd66ecb1b9ef07670d39a472282c3680d55d380a8","","","","0-2e07637c2cb0769b45cd90dc08700ec1f5bc199a1b288a93977ca6a97d50244b","root.record.ItemExhibitList.P10AdvanceProcurementList.P10AdvanceProcurement.APCostElementCategoryList.CFE.APCostElement"
"2013","See End Item P5A","0001-01","0001-01","0","0","0001-01","TBD","I think i","2014-BASE_PROCUREMENT-2014-NAVY_AIRCRAFT_BA7-PROCUREMENT_MasterJustificationBook_Navy_PB_2014.zzz_unzipped-PROCUREMENT_MasterJustificationBook_Navy_PB_2014.xml","8353179a04c7e17d7f2f2e4ad66ee5f5af3581f5f21e78729bd403a1a02ea0a9","0-513aab6a4ed5217b96574d7a705c804c9c799738213f2e3c0c2cff6e47647039","","","","1-3aec6a7a1f1aed9d04dcda6322caa6fb88c8c139c0875e850f848dd6fbf7b6e5","root.record.ItemExhibitList.P10AdvanceProcurementList.P10AdvanceProcurement.APCostElementCategoryList.CFE.APCostElement"
"2013","See End Item P5A","0001-01","0001-01","0","0","0001-01","TBD","I think i","2014-BASE_PROCUREMENT-2014-NAVY_AIRCRAFT_BA7-PROCUREMENT_MasterJustificationBook_Navy_PB_2014.zzz_unzipped-PROCUREMENT_MasterJustificationBook_Navy_PB_2014.xml","8353179a04c7e17d7f2f2e4ad66ee5f5af3581f5f21e78729bd403a1a02ea0a9","0-95dddc9296bc75d0954671524e577629f2bb2b0e7ed64b26c3a6726e8e9ad6d0","","","","2-c36081595b3422546a1d41bff97600b042589043fe241e2e26cad1b94d09ea44","root.record.ItemExhibitList.P10AdvanceProcurementList.P10AdvanceProcurement.APCostElementCategoryList.CFE.APCostElement"
"2013","See End Item P5A","0001-01","0001-01","0","0","0001-01","TBD","I think i","2014-BASE_PROCUREMENT-2014-NAVY_AIRCRAFT_BA7-PROCUREMENT_MasterJustificationBook_Navy_PB_2014.zzz_unzipped-PROCUREMENT_MasterJustificationBook_Navy_PB_2014.xml","8353179a04c7e17d7f2f2e4ad66ee5f5af3581f5f21e78729bd403a1a02ea0a9","0-ad1416516a41568f1bba2f64e22c48e33f2c81573681d6cece106715d08169f2","","","","3-aedfcc5f30a9b94ff7bf7ddc2444c2766d7d305aa505595aca74742c362f2e6b","root.record.ItemExhibitList.P10AdvanceProcurementList.P10AdvanceProcurement.APCostElementCategoryList.CFE.APCostElement"
"2013","See End Item P5A","0001-01","0001-01","0","0","0001-01","TBD","I think i","2014-BASE_PROCUREMENT-2014-NAVY_AIRCRAFT_BA7-PROCUREMENT_MasterJustificationBook_Navy_PB_2014.zzz_unzipped-PROCUREMENT_MasterJustificationBook_Navy_PB_2014.xml","8353179a04c7e17d7f2f2e4ad66ee5f5af3581f5f21e78729bd403a1a02ea0a9","0-1f53f432d4e057206cb866757a46b85614cce519f005aef11569affe57d55a2b","","","","4-abcab8955a720113e62e31cf98a66d07e6c333c9ac19d379be75a0bb2edaf009","root.record.ItemExhibitList.P10AdvanceProcurementList.P10AdvanceProcurement.APCostElementCategoryList.CFE.APCostElement"
"2013","See End Item P5A","0001-01","0001-01","0","0","0001-01","TBD","I think i","2014-BASE_PROCUREMENT-2014-NAVY_AIRCRAFT_BA7-PROCUREMENT_MasterJustificationBook_Navy_PB_2014.zzz_unzipped-PROCUREMENT_MasterJustificationBook_Navy_PB_2014.xml","8353179a04c7e17d7f2f2e4ad66ee5f5af3581f5f21e78729bd403a1a02ea0a9","0-357e0863aa6f765a71265ac89b62c22042e6fea2ebb009e99f65f09144e6924a","","","","5-57db732e23c00e77b9e63861c3edba5235314b7ade8f1c5b937a5ba29b157caf","root.record.ItemExhibitList.P10AdvanceProcurementList.P10AdvanceProcurement.APCostElementCategoryList.CFE.APCostElement"
"2013","See End Item P5A","0001-01","0001-01","0","0","0001-01","TBD","I think i","2014-BASE_PROCUREMENT-2014-NAVY_AIRCRAFT_BA7-PROCUREMENT_MasterJustificationBook_Navy_PB_2014.zzz_unzipped-PROCUREMENT_MasterJustificationBook_Navy_PB_2014.xml","8353179a04c7e17d7f2f2e4ad66ee5f5af3581f5f21e78729bd403a1a02ea0a9","0-df69250a07e5012b733e439910a2adf8eee65d440451e58008b374d9fabf0bc6","","","","6-d6733ca76fe77b28219cc827b78e64bb82ee3a9578d25426eee2ee266ddb723c","root.record.ItemExhibitList.P10AdvanceProcurementList.P10AdvanceProcurement.APCostElementCategoryList.CFE.APCostElement"
"2013","See End Item P5A","2014-07","2014-07","0","0","2014-07","TBD","I think i","2014-BASE_PROCUREMENT-2014-NAVY_AIRCRAFT_BA7-PROCUREMENT_MasterJustificationBook_Navy_PB_2014.zzz_unzipped-PROCUREMENT_MasterJustificationBook_Navy_PB_2014.xml","331f4e2cab57d75c268cb0cc0f51f889b76ed2c8ba621bb4d61f3e552a2f48d3","0-168f66a6f7124a4b472dd5ebbbef8bac8cf33b57f65ff5c98319f92c5e505aba","","","","0-a81419b00accf8d41b1882b0b6794c9d198bc0377b37de267886ebf5f984a584","root.record.ItemExhibitList.P10AdvanceProcurementList.P10AdvanceProcurement.APCostElementCategoryList.CFE.APCostElement"
"2013","See End Item P5A","0001-01","0001-01","0","0","0001-01","TBD","I think i","2014-BASE_PROCUREMENT-2014-NAVY_AIRCRAFT_BA7-PROCUREMENT_MasterJustificationBook_Navy_PB_2014.zzz_unzipped-PROCUREMENT_MasterJustificationBook_Navy_PB_2014.xml","1c9f6ffd331ce8f038579fa5c7414d00a50411913e693158c477bb2776944535","0-62b068cfe26c1ca20ec1ad8277e2c969922a7c4e85a36df95c4a8622c3b523cc","","","","0-cf437e19f4f352a4d67898942ecffc51ba5962a9e2d7763e909e3bb1cecb2a35","root.record.ItemExhibitList.P10AdvanceProcurementList.P10AdvanceProcurement.APCostElementCategoryList.CFE.APCostElement"
"2013","See End Item P5A","0001-01","0001-01","0","0","0001-01","TBD","I think i","2014-BASE_PROCUREMENT-2014-NAVY_AIRCRAFT_BA7-PROCUREMENT_MasterJustificationBook_Navy_PB_2014.zzz_unzipped-PROCUREMENT_MasterJustificationBook_Navy_PB_2014.xml","97ef4cf3f410d224f56ae29ea98cdf2592e9fe9b3908e3df56bf826c63de8ad7","0-5442b76aa2fe2dd1af8ada304a74bc71db134c28dc2c512a81e1b5fc60366749","","","","0-9265765c30675286ba7f1a28f08a176224cf0b17dbbae9bc1efa90ee8825d049","root.record.ItemExhibitList.P10AdvanceProcurementList.P10AdvanceProcurement.APCostElementCategoryList.CFE.APCostElement"
"2013","See End Item P5A","2012-12","2012-12","0","0","2012-12","TBD","I think i","2014-BASE_PROCUREMENT-2014-NAVY_AIRCRAFT_BA7-PROCUREMENT_MasterJustificationBook_Navy_PB_2014.zzz_unzipped-PROCUREMENT_MasterJustificationBook_Navy_PB_2014.xml","a7e12956f563df64212c48c1a8087a259ce9816ac86d222dc06cd0e2deeb74a4","0-e76ede4109d53e3a44b2837cfd29db7d80e114caabe12518a9fa95ed7fdf739e","","","","0-ab5ec5c048883fe00b34afc63620c031b2ac03e60ab22d2ed631d0ccba71846b","root.record.ItemExhibitList.P10AdvanceProcurementList.P10AdvanceProcurement.APCostElementCategoryList.CFE.APCostElement"
"2013","See End Item P5A","2013-03","2013-03","0","0","2013-03","TBD","I think i","2014-BASE_PROCUREMENT-2014-NAVY_AIRCRAFT_BA7-PROCUREMENT_MasterJustificationBook_Navy_PB_2014.zzz_unzipped-PROCUREMENT_MasterJustificationBook_Navy_PB_2014.xml","8f506cdfed36ee72d429505445592f835a54aa1c2ef4af6afd437aa3f3a3279b","0-451b8f6213d12801509aa97743a48841c415b64b4de66717a7cf60e2be8ff371","","","","0-15980f204467b1e6c25a616c42a11232b5f88fe2be3e8fc4f57f3969518d2028","root.record.ItemExhibitList.P10AdvanceProcurementList.P10AdvanceProcurement.APCostElementCategoryList.CFE.APCostElement"
"2013","See End Item P5A","0001-01","0001-01","0","0","0001-01","TBD","I think i","2014-BASE_PROCUREMENT-2014-NAVY_AIRCRAFT_BA7-PROCUREMENT_MasterJustificationBook_Navy_PB_2014.zzz_unzipped-PROCUREMENT_MasterJustificationBook_Navy_PB_2014.xml","22a8d6a2e1826466fe73cee88918ae3cb071854e21533e47aa2445e6dd37706a","0-d5532bef51c0b2962293853cadce7c57722ccd7e2698070d33329fe36290e8c1","","","","0-11941f085daf1995e38d7f6775db9b06f71875629f2b38dbbefa1b08040aa69e","root.record.ItemExhibitList.P10AdvanceProcurementList.P10AdvanceProcurement.APCostElementCategoryList.CFE.APCostElement"
"2013","See End Item P5A","0001-01","0001-01","0","0","0001-01","TBD","I think i","2014-BASE_PROCUREMENT-2014-NAVY_AIRCRAFT_BA7-PROCUREMENT_MasterJustificationBook_Navy_PB_2014.zzz_unzipped-PROCUREMENT_MasterJustificationBook_Navy_PB_2014.xml","22a8d6a2e1826466fe73cee88918ae3cb071854e21533e47aa2445e6dd37706a","0-7c1ba9d601404f9beec59ce715e5406d9f5222230821e94d5e6412d43ccf44cd","","","","1-226911098a9f5a66447439415c491774c404c2290a35667a7bb028aa5e43e4da","root.record.ItemExhibitList.P10AdvanceProcurementList.P10AdvanceProcurement.APCostElementCategoryList.CFE.APCostElement"
"2013","See End Item P5A","0001-01","0001-01","0","0","0001-01","TBD","I think i","2014-BASE_PROCUREMENT-2014-NAVY_AIRCRAFT_BA7-PROCUREMENT_MasterJustificationBook_Navy_PB_2014.zzz_unzipped-PROCUREMENT_MasterJustificationBook_Navy_PB_2014.xml","22a8d6a2e1826466fe73cee88918ae3cb071854e21533e47aa2445e6dd37706a","0-8e2c3adbdefc7b8548c4d569737f1e3ae9bfe6f7297afdd34c7828e384c764b5","","","","2-0bbc4474f93c94a90f2093dc4541c0c13c4bfeaa6eeaa30ecdb18ac2f2224c91","root.record.ItemExhibitList.P10AdvanceProcurementList.P10AdvanceProcurement.APCostElementCategoryList.CFE.APCostElement"
"2013","See End Item P5A","0001-01","0001-01","0","0","0001-01","TBD","I think i","2014-BASE_PROCUREMENT-2014-NAVY_AIRCRAFT_BA7-PROCUREMENT_MasterJustificationBook_Navy_PB_2014.zzz_unzipped-PROCUREMENT_MasterJustificationBook_Navy_PB_2014.xml","22a8d6a2e1826466fe73cee88918ae3cb071854e21533e47aa2445e6dd37706a","0-a9dc0415f0a317c6a1ae00795e7e0ec0b2d173b1d4c83df7ae81e38a73ad8b1e","","","","3-70489dfe0abcc60a0ff3fd0997716ced6e3856703d445218a72ce8c928354a3e","root.record.ItemExhibitList.P10AdvanceProcurementList.P10AdvanceProcurement.APCostElementCategoryList.CFE.APCostElement"
"2013","See End Item P5A","0001-01","0001-01","0","0","0001-01","TBD","I think i","2014-BASE_PROCUREMENT-2014-NAVY_AIRCRAFT_BA7-PROCUREMENT_MasterJustificationBook_Navy_PB_2014.zzz_unzipped-PROCUREMENT_MasterJustificationBook_Navy_PB_2014.xml","22a8d6a2e1826466fe73cee88918ae3cb071854e21533e47aa2445e6dd37706a","0-3df034f29576e5956d3ceb1f2cec452c76100373cb8f83eeba4ba7cfde846162","","","","4-ef5268c35c50aa024b30f40861c6da8cce43a7d2e49f82c4f427a340cad50d33","root.record.ItemExhibitList.P10AdvanceProcurementList.P10AdvanceProcurement.APCostElementCategoryList.CFE.APCostElement"
"2013","See End Item P5A","0001-01","0001-01","0","0","0001-01","TBD","I think i","2014-BASE_PROCUREMENT-2014-NAVY_AIRCRAFT_BA7-PROCUREMENT_MasterJustificationBook_Navy_PB_2014.zzz_unzipped-PROCUREMENT_MasterJustificationBook_Navy_PB_2014.xml","22a8d6a2e1826466fe73cee88918ae3cb071854e21533e47aa2445e6dd37706a","0-77d9edaede958713160c292eb7265a8094f04987b673759c7bac318ab0b5f7de","","","","5-dca159c8dee781f5ec1ec0fe0fc8215028dc267722d94ea25cc6b59e66f94a06","root.record.ItemExhibitList.P10AdvanceProcurementList.P10AdvanceProcurement.APCostElementCategoryList.CFE.APCostElement"
"2013","See End Item P5A","0001-01","0001-01","0","0","0001-01","TBD","I think i","2014-BASE_PROCUREMENT-2014-NAVY_AIRCRAFT_BA7-PROCUREMENT_MasterJustificationBook_Navy_PB_2014.zzz_unzipped-PROCUREMENT_MasterJustificationBook_Navy_PB_2014.xml","22a8d6a2e1826466fe73cee88918ae3cb071854e21533e47aa2445e6dd37706a","0-fcc34138e1af5cf94da731b7fff04ae21c934184384056c014bcb55809ba1bd6","","","","6-49e3425de6e5c6f332c9468e59d939b9c366086b445b243589ca280527dda324","root.record.ItemExhibitList.P10AdvanceProcurementList.P10AdvanceProcurement.APCostElementCategoryList.CFE.APCostElement"
"2013","See End Item P5A","0001-01","0001-01","0","0","0001-01","TBD","I think i","2014-BASE_PROCUREMENT-2014-NAVY_AIRCRAFT_BA7-PROCUREMENT_MasterJustificationBook_Navy_PB_2014.zzz_unzipped-PROCUREMENT_MasterJustificationBook_Navy_PB_2014.xml","22a8d6a2e1826466fe73cee88918ae3cb071854e21533e47aa2445e6dd37706a","0-6bf7eb9dcb0bdd165759ea259056eaf83e7594231fe9374aaf08f17f975bbef9","","","","7-0faba66d5fc13b133b4760aae7560d26e823bf81fbd496bc36f68df60db5d0c8","root.record.ItemExhibitList.P10AdvanceProcurementList.P10AdvanceProcurement.APCostElementCategoryList.CFE.APCostElement"
"2013","See End Item P5A","0001-01","0001-01","0","0","0001-01","TBD","I think i","2014-BASE_PROCUREMENT-2014-NAVY_AIRCRAFT_BA7-PROCUREMENT_MasterJustificationBook_Navy_PB_2014.zzz_unzipped-PROCUREMENT_MasterJustificationBook_Navy_PB_2014.xml","22a8d6a2e1826466fe73cee88918ae3cb071854e21533e47aa2445e6dd37706a","0-1b5ae0c052d1e591f3e94c5d738030a51a2d49ae22524e5dda512f153b862645","","","","8-75b77567480a1a937795ce0d9595584ee25b89e618517eb1bb8a9a3c7e593e0c","root.record.ItemExhibitList.P10AdvanceProcurementList.P10AdvanceProcurement.APCostElementCategoryList.CFE.APCostElement"
