[
    {
        "Name_val": "Iowa Army Ammunition Plant",
        "Location_val": "Middletown, IA",
        "Type_val": "GOCO",
        "@SOURCE_FILENAME": "2013-BASE_PROCUREMENT-2013-ARMY_MISSLE-JustificationBook_Army_PB_2013.zzz_unzipped-JustificationBook_Army_PB_2013.xml",
        "@RECORDID": "25e8b748d37f38ed418d843f8caefe98c808e0e98002ee6c6fac7a2e30b888b1",
        "@ROWID": "0-d64b6c26b81770738f60346d0f346f8daf3f2237158130d59e74ed15067f025d",
        "@PARENTROWID": "551-58e67bc2b67dfaed5a50636218669e1d330798980b01da31d84d61a670dca8b6",
        "@PARENT": "root"
    },
    {
        "Name_val": "Redstone Tech Test Center; White Sands Test Center",
        "Location_val": "Huntsville, AL; White Sands Missile Range, NM",
        "Type_val": "GOGO",
        "@SOURCE_FILENAME": "2013-BASE_PROCUREMENT-2013-ARMY_MISSLE-JustificationBook_Army_PB_2013.zzz_unzipped-JustificationBook_Army_PB_2013.xml",
        "@RECORDID": "25e8b748d37f38ed418d843f8caefe98c808e0e98002ee6c6fac7a2e30b888b1",
        "@ROWID": "1-9ea200f4d08bb1556f312b0d287bdd619e4bf10564a24ff5faee18b37ef253b3",
        "@PARENTROWID": "551-58e67bc2b67dfaed5a50636218669e1d330798980b01da31d84d61a670dca8b6",
        "@PARENT": "root"
    },
    {
        "Name_val": "Production Base Support - Lima",
        "Location_val": "TACOM",
        "Type_val": "GOCO",
        "@SOURCE_FILENAME": "2013-BASE_PROCUREMENT-2013-ARMY_WTCV-JustificationBook_Army_PB_2013.zzz_unzipped-JustificationBook_Army_PB_2013.xml",
        "@RECORDID": "f0bd3f7e10f8d691ea61c5fe23bddf33e75efe0744a8f7a4df30d06842c742b5",
        "@ROWID": "0-f75e49a86712a7e26dbc7579a5cdec75d63ae1b080ce74d993fb4243ba38a465",
        "@PARENTROWID": "564-04542706a8154e061d1fca5487b4660467420bdd331a077347fa137a643c5f5e",
        "@PARENT": "root"
    },
    {
        "Name_val": "Production Base Support - Scranton",
        "Location_val": "TACOM",
        "Type_val": "COCO",
        "@SOURCE_FILENAME": "2013-BASE_PROCUREMENT-2013-ARMY_WTCV-JustificationBook_Army_PB_2013.zzz_unzipped-JustificationBook_Army_PB_2013.xml",
        "@RECORDID": "f0bd3f7e10f8d691ea61c5fe23bddf33e75efe0744a8f7a4df30d06842c742b5",
        "@ROWID": "1-ee03360a7203a6a2d28d504dc9e4f25368386c774bc46b2ef62097e9a9d26bf6",
        "@PARENTROWID": "564-04542706a8154e061d1fca5487b4660467420bdd331a077347fa137a643c5f5e",
        "@PARENT": "root"
    },
    {
        "Name_val": "TACOM LCMC Production Base Spt Program",
        "Location_val": "TACOM",
        "Type_val": "",
        "@SOURCE_FILENAME": "2013-BASE_PROCUREMENT-2013-ARMY_WTCV-JustificationBook_Army_PB_2013.zzz_unzipped-JustificationBook_Army_PB_2013.xml",
        "@RECORDID": "f0bd3f7e10f8d691ea61c5fe23bddf33e75efe0744a8f7a4df30d06842c742b5",
        "@ROWID": "2-2ea5de312e7f15e665be29e8936996adac0dedef93c5ad55cc2021e85abd0b1a",
        "@PARENTROWID": "564-04542706a8154e061d1fca5487b4660467420bdd331a077347fa137a643c5f5e",
        "@PARENT": "root"
    },
    {
        "Name_val": "GDLS",
        "Location_val": "Saco, ME",
        "Type_val": "GOGO",
        "@SOURCE_FILENAME": "2013-BASE_PROCUREMENT-2013-ARMY_WTCV-JustificationBook_Army_PB_2013.zzz_unzipped-JustificationBook_Army_PB_2013.xml",
        "@RECORDID": "77d4e2d6e7447036c7b5b87910faa2aa19021fbd093ab9579c4e3c0d93642563",
        "@ROWID": "0-d868721dfbf5150f1eec06a2cde762cf700b56fd7e5e26a0c3796ce9718a0828",
        "@PARENTROWID": "592-6d63f1a853ded25de45d57469e2262d7d0ce8aa20bf938c1eb6749ca69a0153b",
        "@PARENT": "root"
    },
    {
        "Name_val": "Rock Island Arsenal - JMTC",
        "Location_val": "Rock Island, IL",
        "Type_val": "GOGO",
        "@SOURCE_FILENAME": "2013-BASE_PROCUREMENT-2013-ARMY_WTCV-JustificationBook_Army_PB_2013.zzz_unzipped-JustificationBook_Army_PB_2013.xml",
        "@RECORDID": "77d4e2d6e7447036c7b5b87910faa2aa19021fbd093ab9579c4e3c0d93642563",
        "@ROWID": "1-559656d49a1d3f4e0e3260bd79f1e77fbb660211c0cc43c1c2817317029158f1",
        "@PARENTROWID": "592-6d63f1a853ded25de45d57469e2262d7d0ce8aa20bf938c1eb6749ca69a0153b",
        "@PARENT": "root"
    },
    {
        "Name_val": "Watervliet Arsenal",
        "Location_val": "Watervliet, NY",
        "Type_val": "COCO",
        "@SOURCE_FILENAME": "2013-BASE_PROCUREMENT-2013-ARMY_WTCV-JustificationBook_Army_PB_2013.zzz_unzipped-JustificationBook_Army_PB_2013.xml",
        "@RECORDID": "77d4e2d6e7447036c7b5b87910faa2aa19021fbd093ab9579c4e3c0d93642563",
        "@ROWID": "2-531e02c99efad4b1017de84a78703caa9143ffeacd6c18b69db9b7798d7f4ada",
        "@PARENTROWID": "592-6d63f1a853ded25de45d57469e2262d7d0ce8aa20bf938c1eb6749ca69a0153b",
        "@PARENT": "root"
    },
    {
        "Name_val": "ATEC Test Range Instrumentation",
        "Location_val": "Yuma, AZ; Aberdeen, MD; White Sands, NM",
        "Type_val": "GOGO",
        "@SOURCE_FILENAME": "2013-BASE_PROCUREMENT-2013-ARMY_WTCV-JustificationBook_Army_PB_2013.zzz_unzipped-JustificationBook_Army_PB_2013.xml",
        "@RECORDID": "77d4e2d6e7447036c7b5b87910faa2aa19021fbd093ab9579c4e3c0d93642563",
        "@ROWID": "3-1a407dd5c525e4becf1405a83bf0fd9fc9d51acd45b4a9b71b688285e80c07aa",
        "@PARENTROWID": "592-6d63f1a853ded25de45d57469e2262d7d0ce8aa20bf938c1eb6749ca69a0153b",
        "@PARENT": "root"
    },
    {
        "Name_val": "Holston Army Ammunition Plant",
        "Location_val": "Kingsport, Tennessee",
        "Type_val": "GOCO",
        "@SOURCE_FILENAME": "2013-BASE_PROCUREMENT-2013-ARMY_AMMO-JustificationBook_Army_PB_2013.zzz_unzipped-JustificationBook_Army_PB_2013.xml",
        "@RECORDID": "d86559710e8c90c1e40903820e6d04df5c8421478caaf1c5036a9d6ba74875f8",
        "@ROWID": "0-0b3f51f754859612afb87a0d2c223bb6e3297e01b1b84922b87e49d0c6f4e01d",
        "@PARENTROWID": "627-907e0371801f4fc04f71ffe75b66b0b78e20e23a0464c9a8266bd12c79326d5e",
        "@PARENT": "root"
    },
    {
        "Name_val": "Iowa Army Ammunition Plant",
        "Location_val": "Middletown, Iowa",
        "Type_val": "GOCO",
        "@SOURCE_FILENAME": "2013-BASE_PROCUREMENT-2013-ARMY_AMMO-JustificationBook_Army_PB_2013.zzz_unzipped-JustificationBook_Army_PB_2013.xml",
        "@RECORDID": "d86559710e8c90c1e40903820e6d04df5c8421478caaf1c5036a9d6ba74875f8",
        "@ROWID": "1-0d29becb6936e76121397dcd4a9a8c6ca5edf7604f6c956bf16aeee5a2c5d915",
        "@PARENTROWID": "627-907e0371801f4fc04f71ffe75b66b0b78e20e23a0464c9a8266bd12c79326d5e",
        "@PARENT": "root"
    },
    {
        "Name_val": "Lake City Army Ammunition Plant",
        "Location_val": "Independence, Missouri",
        "Type_val": "GOCO",
        "@SOURCE_FILENAME": "2013-BASE_PROCUREMENT-2013-ARMY_AMMO-JustificationBook_Army_PB_2013.zzz_unzipped-JustificationBook_Army_PB_2013.xml",
        "@RECORDID": "d86559710e8c90c1e40903820e6d04df5c8421478caaf1c5036a9d6ba74875f8",
        "@ROWID": "2-ae2fdc7fa6e5d11bf4e48b21a7bd107201e92d3c7c0b7115dcbbed51b1f9159e",
        "@PARENTROWID": "627-907e0371801f4fc04f71ffe75b66b0b78e20e23a0464c9a8266bd12c79326d5e",
        "@PARENT": "root"
    },
    {
        "Name_val": "Milan Army Ammunition Plant",
        "Location_val": "Milan, Tennessee",
        "Type_val": "GOCO",
        "@SOURCE_FILENAME": "2013-BASE_PROCUREMENT-2013-ARMY_AMMO-JustificationBook_Army_PB_2013.zzz_unzipped-JustificationBook_Army_PB_2013.xml",
        "@RECORDID": "d86559710e8c90c1e40903820e6d04df5c8421478caaf1c5036a9d6ba74875f8",
        "@ROWID": "3-0862ca95ddae2143a07143eaffcfbaf8b84d639c13e45820fa3653c8da06102c",
        "@PARENTROWID": "627-907e0371801f4fc04f71ffe75b66b0b78e20e23a0464c9a8266bd12c79326d5e",
        "@PARENT": "root"
    },
    {
        "Name_val": "Radford Army Ammunition Plant",
        "Location_val": "Radford, Virginia",
        "Type_val": "GOCO",
        "@SOURCE_FILENAME": "2013-BASE_PROCUREMENT-2013-ARMY_AMMO-JustificationBook_Army_PB_2013.zzz_unzipped-JustificationBook_Army_PB_2013.xml",
        "@RECORDID": "d86559710e8c90c1e40903820e6d04df5c8421478caaf1c5036a9d6ba74875f8",
        "@ROWID": "4-ec13557c940878ad00070a65df430ef8ad621a12778f1d16e3a265896823f093",
        "@PARENTROWID": "627-907e0371801f4fc04f71ffe75b66b0b78e20e23a0464c9a8266bd12c79326d5e",
        "@PARENT": "root"
    },
    {
        "Name_val": "Scranton Army Ammunition Plant",
        "Location_val": "Scranton, Pennsylvania",
        "Type_val": "GOCO",
        "@SOURCE_FILENAME": "2013-BASE_PROCUREMENT-2013-ARMY_AMMO-JustificationBook_Army_PB_2013.zzz_unzipped-JustificationBook_Army_PB_2013.xml",
        "@RECORDID": "d86559710e8c90c1e40903820e6d04df5c8421478caaf1c5036a9d6ba74875f8",
        "@ROWID": "5-01b1a56edcde85a43fc93a8ec887e34b99201df4c3985bd2768323d06154ff7e",
        "@PARENTROWID": "627-907e0371801f4fc04f71ffe75b66b0b78e20e23a0464c9a8266bd12c79326d5e",
        "@PARENT": "root"
    },
    {
        "Name_val": "Various Army Ammunition Plants",
        "Location_val": "Multiple",
        "Type_val": "GOCO",
        "@SOURCE_FILENAME": "2013-BASE_PROCUREMENT-2013-ARMY_AMMO-JustificationBook_Army_PB_2013.zzz_unzipped-JustificationBook_Army_PB_2013.xml",
        "@RECORDID": "d86559710e8c90c1e40903820e6d04df5c8421478caaf1c5036a9d6ba74875f8",
        "@ROWID": "6-9c3cb3534e383a5d836bf003148e183f14037164e10f324c80d7ae813395d56f",
        "@PARENTROWID": "627-907e0371801f4fc04f71ffe75b66b0b78e20e23a0464c9a8266bd12c79326d5e",
        "@PARENT": "root"
    },
    {
        "Name_val": "Yuma Proving Ground \/ Aberdeen Test Center",
        "Location_val": "Yuma, Arizona \/ Aberdeen, Maryland",
        "Type_val": "GOCO",
        "@SOURCE_FILENAME": "2013-BASE_PROCUREMENT-2013-ARMY_AMMO-JustificationBook_Army_PB_2013.zzz_unzipped-JustificationBook_Army_PB_2013.xml",
        "@RECORDID": "d86559710e8c90c1e40903820e6d04df5c8421478caaf1c5036a9d6ba74875f8",
        "@ROWID": "7-af7902cac12d90ab96e57e496c8b78d3af1e672536bbcd318f2a52a5c7df5762",
        "@PARENTROWID": "627-907e0371801f4fc04f71ffe75b66b0b78e20e23a0464c9a8266bd12c79326d5e",
        "@PARENT": "root"
    },
    {
        "Name_val": "Iowa Army Ammunition Plant",
        "Location_val": "Middletown, IA",
        "Type_val": "GOCO",
        "@SOURCE_FILENAME": "2014-BASE_PROCUREMENT-2014-ARMY_MISSLE-PROCUREMENT_JustificationBook_Army_PB_2014.zzz_unzipped-PROCUREMENT_JustificationBook_Army_PB_2014.xml",
        "@RECORDID": "22571fec5d9ba82ab8f3c2a31a2b924e78d401f24892005ac52d2984749f7e09",
        "@ROWID": "0-ae5a726880e36a55c854f5d1b575d8233ded1ff2adcf23ec007d9542db74f063",
        "@PARENTROWID": "2228-ab7d8d0ffe9ed09d5a2c97ced36b5848299b9b2824903f8810cc2dffd6fb9bb2",
        "@PARENT": "root"
    },
    {
        "Name_val": "Redstone Tech Test Center; White Sands Test Center",
        "Location_val": "Huntsville, AL; White Sands Missile Range, NM",
        "Type_val": "GOGO",
        "@SOURCE_FILENAME": "2014-BASE_PROCUREMENT-2014-ARMY_MISSLE-PROCUREMENT_JustificationBook_Army_PB_2014.zzz_unzipped-PROCUREMENT_JustificationBook_Army_PB_2014.xml",
        "@RECORDID": "22571fec5d9ba82ab8f3c2a31a2b924e78d401f24892005ac52d2984749f7e09",
        "@ROWID": "1-2dc5ea95b55afd27ca42bd52d2cd91bee0dde9c0cb0590d3e2f2755601be4e76",
        "@PARENTROWID": "2228-ab7d8d0ffe9ed09d5a2c97ced36b5848299b9b2824903f8810cc2dffd6fb9bb2",
        "@PARENT": "root"
    },
    {
        "Name_val": "Production Base Support - Lima",
        "Location_val": "TACOM",
        "Type_val": "GOCO",
        "@SOURCE_FILENAME": "2014-BASE_PROCUREMENT-2014-ARMY_WTCV-PROCUREMENT_JustificationBook_Army_PB_2014.zzz_unzipped-PROCUREMENT_JustificationBook_Army_PB_2014.xml",
        "@RECORDID": "2052bb7ca062844b30c14445c3b6f011cd16e26bd5a4e9e6cbf03aec46038a9b",
        "@ROWID": "0-519f4b31c8ea67ac435a00333d2ad0fe9f5b7e49b74d3e98a7447822cc012605",
        "@PARENTROWID": "2242-423d3aa5561ef6b6a7d3ddeab289aaa04e350ef934ee8fabf855d7defecf9e5a",
        "@PARENT": "root"
    },
    {
        "Name_val": "Production Base Support - Scranton",
        "Location_val": "TACOM",
        "Type_val": "COCO",
        "@SOURCE_FILENAME": "2014-BASE_PROCUREMENT-2014-ARMY_WTCV-PROCUREMENT_JustificationBook_Army_PB_2014.zzz_unzipped-PROCUREMENT_JustificationBook_Army_PB_2014.xml",
        "@RECORDID": "2052bb7ca062844b30c14445c3b6f011cd16e26bd5a4e9e6cbf03aec46038a9b",
        "@ROWID": "1-fce7dc19c54bc35ef6979e73f54c75be865d8e92ca0cfaff568a07952fe1e54f",
        "@PARENTROWID": "2242-423d3aa5561ef6b6a7d3ddeab289aaa04e350ef934ee8fabf855d7defecf9e5a",
        "@PARENT": "root"
    },
    {
        "Name_val": "TACOM LCMC Production Base Spt Program",
        "Location_val": "TACOM",
        "Type_val": "",
        "@SOURCE_FILENAME": "2014-BASE_PROCUREMENT-2014-ARMY_WTCV-PROCUREMENT_JustificationBook_Army_PB_2014.zzz_unzipped-PROCUREMENT_JustificationBook_Army_PB_2014.xml",
        "@RECORDID": "2052bb7ca062844b30c14445c3b6f011cd16e26bd5a4e9e6cbf03aec46038a9b",
        "@ROWID": "2-29a1b49d53e7a2ba8e22c71175d004e4ee0d93245044aa1c13f1e02915f7404f",
        "@PARENTROWID": "2242-423d3aa5561ef6b6a7d3ddeab289aaa04e350ef934ee8fabf855d7defecf9e5a",
        "@PARENT": "root"
    },
    {
        "Name_val": "GD-ATP\/Watervliet\/Rock Island PBS Provisioning of Industrial Facilities",
        "Location_val": "Saco, ME",
        "Type_val": "GOGO",
        "@SOURCE_FILENAME": "2014-BASE_PROCUREMENT-2014-ARMY_WTCV-PROCUREMENT_JustificationBook_Army_PB_2014.zzz_unzipped-PROCUREMENT_JustificationBook_Army_PB_2014.xml",
        "@RECORDID": "6bd4d70739297e36cb7d4d8f35300cbc0da9f764241398b1c9c046f0a81114d8",
        "@ROWID": "0-8f5baf4c1fd18538d64fab950c5d58775f8baf813ea2baa9edd65cebeb682cc6",
        "@PARENTROWID": "2266-6f7b9c9b0e60e00a457ee012200478cfe61f04bcdacb80e777bb44459849524e",
        "@PARENT": "root"
    },
    {
        "Name_val": "Rock Island Arsenal - JMTC",
        "Location_val": "Rock Island, IL",
        "Type_val": "GOGO",
        "@SOURCE_FILENAME": "2014-BASE_PROCUREMENT-2014-ARMY_WTCV-PROCUREMENT_JustificationBook_Army_PB_2014.zzz_unzipped-PROCUREMENT_JustificationBook_Army_PB_2014.xml",
        "@RECORDID": "6bd4d70739297e36cb7d4d8f35300cbc0da9f764241398b1c9c046f0a81114d8",
        "@ROWID": "1-acacc47d1c2e7eed348c9d0a7475e9a94a3f03657cbeec3acfe08d71522ded5d",
        "@PARENTROWID": "2266-6f7b9c9b0e60e00a457ee012200478cfe61f04bcdacb80e777bb44459849524e",
        "@PARENT": "root"
    },
    {
        "Name_val": "Watervliet Arsenal",
        "Location_val": "Watervliet, NY",
        "Type_val": "COCO",
        "@SOURCE_FILENAME": "2014-BASE_PROCUREMENT-2014-ARMY_WTCV-PROCUREMENT_JustificationBook_Army_PB_2014.zzz_unzipped-PROCUREMENT_JustificationBook_Army_PB_2014.xml",
        "@RECORDID": "6bd4d70739297e36cb7d4d8f35300cbc0da9f764241398b1c9c046f0a81114d8",
        "@ROWID": "2-467d95de2819ab7c05e6f3cf095abd1a18e1f38c76986a782ec511ea3dd7f981",
        "@PARENTROWID": "2266-6f7b9c9b0e60e00a457ee012200478cfe61f04bcdacb80e777bb44459849524e",
        "@PARENT": "root"
    },
    {
        "Name_val": "ATEC Test Range Instrumentation",
        "Location_val": "Yuma, AZ; Aberdeen, MD; White Sands, NM",
        "Type_val": "GOGO",
        "@SOURCE_FILENAME": "2014-BASE_PROCUREMENT-2014-ARMY_WTCV-PROCUREMENT_JustificationBook_Army_PB_2014.zzz_unzipped-PROCUREMENT_JustificationBook_Army_PB_2014.xml",
        "@RECORDID": "6bd4d70739297e36cb7d4d8f35300cbc0da9f764241398b1c9c046f0a81114d8",
        "@ROWID": "3-2d9a2c3a5a407afea3b18c228bb53d8fe08f5b9c77dc4b240fbf15dcca1ef4bd",
        "@PARENTROWID": "2266-6f7b9c9b0e60e00a457ee012200478cfe61f04bcdacb80e777bb44459849524e",
        "@PARENT": "root"
    },
    {
        "Name_val": "Holston Army Ammunition Plant",
        "Location_val": "Kingsport, Tennessee",
        "Type_val": "GOCO",
        "@SOURCE_FILENAME": "2014-BASE_PROCUREMENT-2014-ARMY_AMMO-PROCUREMENT_JustificationBook_Army_PB_2014.zzz_unzipped-PROCUREMENT_JustificationBook_Army_PB_2014.xml",
        "@RECORDID": "e88f3661ea6cf14fda0467552ead014351215debdd83ba533521d2174718f5f2",
        "@ROWID": "0-b053ba47a0d4ab07593a77d665ced3dce7c15b3a77bce0405399ee6ec843b8b9",
        "@PARENTROWID": "2301-dac8d6a47dc84002ae293ca6d0f2a76ae5746c3159de1c6c92c6eeaa9a496fc1",
        "@PARENT": "root"
    },
    {
        "Name_val": "Iowa Army Ammunition Plant",
        "Location_val": "Middletown, Iowa",
        "Type_val": "GOCO",
        "@SOURCE_FILENAME": "2014-BASE_PROCUREMENT-2014-ARMY_AMMO-PROCUREMENT_JustificationBook_Army_PB_2014.zzz_unzipped-PROCUREMENT_JustificationBook_Army_PB_2014.xml",
        "@RECORDID": "e88f3661ea6cf14fda0467552ead014351215debdd83ba533521d2174718f5f2",
        "@ROWID": "1-9f9499a3d29d47f26153ac77a55b7af2516a5117b0f3113aa60df1d2b4d69e2b",
        "@PARENTROWID": "2301-dac8d6a47dc84002ae293ca6d0f2a76ae5746c3159de1c6c92c6eeaa9a496fc1",
        "@PARENT": "root"
    },
    {
        "Name_val": "Lake City Army Ammunition Plant",
        "Location_val": "Independence, Missouri",
        "Type_val": "GOCO",
        "@SOURCE_FILENAME": "2014-BASE_PROCUREMENT-2014-ARMY_AMMO-PROCUREMENT_JustificationBook_Army_PB_2014.zzz_unzipped-PROCUREMENT_JustificationBook_Army_PB_2014.xml",
        "@RECORDID": "e88f3661ea6cf14fda0467552ead014351215debdd83ba533521d2174718f5f2",
        "@ROWID": "2-63de8ff577fc3270190e2b195df6b6a921a880f5d87a15773185207b656c1862",
        "@PARENTROWID": "2301-dac8d6a47dc84002ae293ca6d0f2a76ae5746c3159de1c6c92c6eeaa9a496fc1",
        "@PARENT": "root"
    },
    {
        "Name_val": "Milan Army Ammunition Plant",
        "Location_val": "Milan, Tennessee",
        "Type_val": "GOCO",
        "@SOURCE_FILENAME": "2014-BASE_PROCUREMENT-2014-ARMY_AMMO-PROCUREMENT_JustificationBook_Army_PB_2014.zzz_unzipped-PROCUREMENT_JustificationBook_Army_PB_2014.xml",
        "@RECORDID": "e88f3661ea6cf14fda0467552ead014351215debdd83ba533521d2174718f5f2",
        "@ROWID": "3-cf2d9447fcdd0c4d580818a63aa992bd0e18711f43e22bc3d10b43b3b0c00516",
        "@PARENTROWID": "2301-dac8d6a47dc84002ae293ca6d0f2a76ae5746c3159de1c6c92c6eeaa9a496fc1",
        "@PARENT": "root"
    },
    {
        "Name_val": "Radford Army Ammunition Plant",
        "Location_val": "Radford, Virginia",
        "Type_val": "GOCO",
        "@SOURCE_FILENAME": "2014-BASE_PROCUREMENT-2014-ARMY_AMMO-PROCUREMENT_JustificationBook_Army_PB_2014.zzz_unzipped-PROCUREMENT_JustificationBook_Army_PB_2014.xml",
        "@RECORDID": "e88f3661ea6cf14fda0467552ead014351215debdd83ba533521d2174718f5f2",
        "@ROWID": "4-92eda867db440f9a9a05983786c3f9959b43c62e51847cf00697b64a3e3c4868",
        "@PARENTROWID": "2301-dac8d6a47dc84002ae293ca6d0f2a76ae5746c3159de1c6c92c6eeaa9a496fc1",
        "@PARENT": "root"
    },
    {
        "Name_val": "Scranton Army Ammunition Plant",
        "Location_val": "Scranton, Pennsylvania",
        "Type_val": "GOCO",
        "@SOURCE_FILENAME": "2014-BASE_PROCUREMENT-2014-ARMY_AMMO-PROCUREMENT_JustificationBook_Army_PB_2014.zzz_unzipped-PROCUREMENT_JustificationBook_Army_PB_2014.xml",
        "@RECORDID": "e88f3661ea6cf14fda0467552ead014351215debdd83ba533521d2174718f5f2",
        "@ROWID": "5-1da1c219f62a45b5e2f86d52e8efc371687ee51e697c62d9deeabeba794dbbe3",
        "@PARENTROWID": "2301-dac8d6a47dc84002ae293ca6d0f2a76ae5746c3159de1c6c92c6eeaa9a496fc1",
        "@PARENT": "root"
    },
    {
        "Name_val": "Various Army Ammunition Plants",
        "Location_val": "Multiple",
        "Type_val": "GOCO",
        "@SOURCE_FILENAME": "2014-BASE_PROCUREMENT-2014-ARMY_AMMO-PROCUREMENT_JustificationBook_Army_PB_2014.zzz_unzipped-PROCUREMENT_JustificationBook_Army_PB_2014.xml",
        "@RECORDID": "e88f3661ea6cf14fda0467552ead014351215debdd83ba533521d2174718f5f2",
        "@ROWID": "6-6a860c9d3ff4629691af9b62e44013e0cc5e4bf0c9a5759c15bd352b8e7623da",
        "@PARENTROWID": "2301-dac8d6a47dc84002ae293ca6d0f2a76ae5746c3159de1c6c92c6eeaa9a496fc1",
        "@PARENT": "root"
    },
    {
        "Name_val": "Yuma Proving Ground \/ Aberdeen Test Center",
        "Location_val": "Yuma, Arizona \/ Aberdeen, Maryland",
        "Type_val": "GOCO",
        "@SOURCE_FILENAME": "2014-BASE_PROCUREMENT-2014-ARMY_AMMO-PROCUREMENT_JustificationBook_Army_PB_2014.zzz_unzipped-PROCUREMENT_JustificationBook_Army_PB_2014.xml",
        "@RECORDID": "e88f3661ea6cf14fda0467552ead014351215debdd83ba533521d2174718f5f2",
        "@ROWID": "7-275935663ef136107e4f622919d2e33081c6e06530bf944d6825074638860436",
        "@PARENTROWID": "2301-dac8d6a47dc84002ae293ca6d0f2a76ae5746c3159de1c6c92c6eeaa9a496fc1",
        "@PARENT": "root"
    },
    {
        "Name_val": "Iowa Army Ammunition Plant",
        "Location_val": "Middletown, IA",
        "Type_val": "GOCO",
        "@SOURCE_FILENAME": "2015-BASE_PROCUREMENT-2015-ARMY_MISSLE-PROCUREMENT_JustificationBook_Army_PB_2015.zzz_unzipped-PROCUREMENT_JustificationBook_Army_PB_2015.xml",
        "@RECORDID": "1ce616cebd232fd2399463be858c2c7629ed2c1ff092641defc3185c397ef053",
        "@ROWID": "0-8d09fde8b20c49f5dc496ff9d2fbb1b04910642e45a1ff8edb3caa86be865235",
        "@PARENTROWID": "3866-d41e98025e66827edc5181aa75ca85465f935a4f90d49b5260c15a6e5653c0b5",
        "@PARENT": "root"
    },
    {
        "Name_val": "Redstone Tech Test Center; White Sands Test Center",
        "Location_val": "Huntsville, AL; White Sands Missile Range, NM",
        "Type_val": "GOGO",
        "@SOURCE_FILENAME": "2015-BASE_PROCUREMENT-2015-ARMY_MISSLE-PROCUREMENT_JustificationBook_Army_PB_2015.zzz_unzipped-PROCUREMENT_JustificationBook_Army_PB_2015.xml",
        "@RECORDID": "1ce616cebd232fd2399463be858c2c7629ed2c1ff092641defc3185c397ef053",
        "@ROWID": "1-e8159f1be59e623f885fb25e232dcd592fc3b86b625322145a1c1ba4e6abf6af",
        "@PARENTROWID": "3866-d41e98025e66827edc5181aa75ca85465f935a4f90d49b5260c15a6e5653c0b5",
        "@PARENT": "root"
    },
    {
        "Name_val": "Production Base Support - Lima",
        "Location_val": "TACOM",
        "Type_val": "GOCO",
        "@SOURCE_FILENAME": "2015-BASE_PROCUREMENT-2015-ARMY_WTCV-PROCUREMENT_JustificationBook_Army_PB_2015.zzz_unzipped-PROCUREMENT_JustificationBook_Army_PB_2015.xml",
        "@RECORDID": "3d4f4d92dbdc04b87379ee6112830051bb01b0139bba49aee717b216ec7372a1",
        "@ROWID": "0-3ece392af194fd0ed80f456accd1352504133a620ac4d1ef74c56a1ec732bbd8",
        "@PARENTROWID": "3880-7c2fc75fe40e1ed856219e364b692f736b8069c3a0bdaeee61570f0143781ed5",
        "@PARENT": "root"
    },
    {
        "Name_val": "Production Base Support - Scranton",
        "Location_val": "TACOM",
        "Type_val": "COCO",
        "@SOURCE_FILENAME": "2015-BASE_PROCUREMENT-2015-ARMY_WTCV-PROCUREMENT_JustificationBook_Army_PB_2015.zzz_unzipped-PROCUREMENT_JustificationBook_Army_PB_2015.xml",
        "@RECORDID": "3d4f4d92dbdc04b87379ee6112830051bb01b0139bba49aee717b216ec7372a1",
        "@ROWID": "1-2b8ebf07e80b6afc3cf1dc7bd75677ef2b97477a0b76b01769665a03ba2f3a44",
        "@PARENTROWID": "3880-7c2fc75fe40e1ed856219e364b692f736b8069c3a0bdaeee61570f0143781ed5",
        "@PARENT": "root"
    },
    {
        "Name_val": "TACOM LCMC Production Base Spt Program",
        "Location_val": "TACOM",
        "Type_val": "GOGO",
        "@SOURCE_FILENAME": "2015-BASE_PROCUREMENT-2015-ARMY_WTCV-PROCUREMENT_JustificationBook_Army_PB_2015.zzz_unzipped-PROCUREMENT_JustificationBook_Army_PB_2015.xml",
        "@RECORDID": "3d4f4d92dbdc04b87379ee6112830051bb01b0139bba49aee717b216ec7372a1",
        "@ROWID": "2-f74202b6cfd0f08f8e1a4f4867dac658247ae2b35f71494e7d182bf058fe8ffd",
        "@PARENTROWID": "3880-7c2fc75fe40e1ed856219e364b692f736b8069c3a0bdaeee61570f0143781ed5",
        "@PARENT": "root"
    },
    {
        "Name_val": "GD-ATP\/Watervliet\/Rock Island PBS Provisioning of Industrial Facilities",
        "Location_val": "Saco, ME",
        "Type_val": "GOGO",
        "@SOURCE_FILENAME": "2015-BASE_PROCUREMENT-2015-ARMY_WTCV-PROCUREMENT_JustificationBook_Army_PB_2015.zzz_unzipped-PROCUREMENT_JustificationBook_Army_PB_2015.xml",
        "@RECORDID": "a584fd6a0f683eab067c59c742ba7f9404fce4832bc6cc82fa2133d9f128704f",
        "@ROWID": "0-d65fc9be50a51463d9bfa7c13ab828bd0711516fcdf3ed9853b6d5e5f32ba855",
        "@PARENTROWID": "3903-afb8f4a9ee20e9e957570cfa09645f53fa0cacc09f804372250cbfcea1483168",
        "@PARENT": "root"
    },
    {
        "Name_val": "Rock Island Arsenal - JMTC",
        "Location_val": "Rock Island, IL",
        "Type_val": "GOGO",
        "@SOURCE_FILENAME": "2015-BASE_PROCUREMENT-2015-ARMY_WTCV-PROCUREMENT_JustificationBook_Army_PB_2015.zzz_unzipped-PROCUREMENT_JustificationBook_Army_PB_2015.xml",
        "@RECORDID": "a584fd6a0f683eab067c59c742ba7f9404fce4832bc6cc82fa2133d9f128704f",
        "@ROWID": "1-7381477f818163c4fe8b69ffb4636e9bffefdba542bcc1c82b796ce38e19f8ae",
        "@PARENTROWID": "3903-afb8f4a9ee20e9e957570cfa09645f53fa0cacc09f804372250cbfcea1483168",
        "@PARENT": "root"
    },
    {
        "Name_val": "Watervliet Arsenal",
        "Location_val": "Watervliet, NY",
        "Type_val": "COCO",
        "@SOURCE_FILENAME": "2015-BASE_PROCUREMENT-2015-ARMY_WTCV-PROCUREMENT_JustificationBook_Army_PB_2015.zzz_unzipped-PROCUREMENT_JustificationBook_Army_PB_2015.xml",
        "@RECORDID": "a584fd6a0f683eab067c59c742ba7f9404fce4832bc6cc82fa2133d9f128704f",
        "@ROWID": "2-84c07e2451d7371bf477276920e3de6b183b6b398ff3464cf44a74f64c37fa6e",
        "@PARENTROWID": "3903-afb8f4a9ee20e9e957570cfa09645f53fa0cacc09f804372250cbfcea1483168",
        "@PARENT": "root"
    },
    {
        "Name_val": "ATEC Test Range Instrumentation",
        "Location_val": "Yuma, AZ; Aberdeen, MD; White Sands, NM",
        "Type_val": "GOGO",
        "@SOURCE_FILENAME": "2015-BASE_PROCUREMENT-2015-ARMY_WTCV-PROCUREMENT_JustificationBook_Army_PB_2015.zzz_unzipped-PROCUREMENT_JustificationBook_Army_PB_2015.xml",
        "@RECORDID": "a584fd6a0f683eab067c59c742ba7f9404fce4832bc6cc82fa2133d9f128704f",
        "@ROWID": "3-de9d106caee6f46b73263f8db5cb4e4872a9081700041faafc6ae88b12cf1c38",
        "@PARENTROWID": "3903-afb8f4a9ee20e9e957570cfa09645f53fa0cacc09f804372250cbfcea1483168",
        "@PARENT": "root"
    },
    {
        "Name_val": "Holston Army Ammunition Plant",
        "Location_val": "Kingsport, Tennessee",
        "Type_val": "GOCO",
        "@SOURCE_FILENAME": "2015-BASE_PROCUREMENT-2015-ARMY_AMMO-PROCUREMENT_JustificationBook_Army_PB_2015.zzz_unzipped-PROCUREMENT_JustificationBook_Army_PB_2015.xml",
        "@RECORDID": "c4d5510aae3be623d3815177cb4b77718e913b16082d5e476d238e93060d9756",
        "@ROWID": "0-30ce0067309d862a9f8e8bc0f73b35a41c6e24599c05b81db7b1d6edaa018296",
        "@PARENTROWID": "3938-e685a11fca59762dbef862933f1886b867bed4326dd3db338bf79039022bad37",
        "@PARENT": "root"
    },
    {
        "Name_val": "Iowa Army Ammunition Plant",
        "Location_val": "Middletown, Iowa",
        "Type_val": "GOCO",
        "@SOURCE_FILENAME": "2015-BASE_PROCUREMENT-2015-ARMY_AMMO-PROCUREMENT_JustificationBook_Army_PB_2015.zzz_unzipped-PROCUREMENT_JustificationBook_Army_PB_2015.xml",
        "@RECORDID": "c4d5510aae3be623d3815177cb4b77718e913b16082d5e476d238e93060d9756",
        "@ROWID": "1-5fc9caddc05fe48a14c725150039c95d848437911d6209d98037e791f57fc8a0",
        "@PARENTROWID": "3938-e685a11fca59762dbef862933f1886b867bed4326dd3db338bf79039022bad37",
        "@PARENT": "root"
    },
    {
        "Name_val": "Lake City Army Ammunition Plant",
        "Location_val": "Independence, Missouri",
        "Type_val": "GOCO",
        "@SOURCE_FILENAME": "2015-BASE_PROCUREMENT-2015-ARMY_AMMO-PROCUREMENT_JustificationBook_Army_PB_2015.zzz_unzipped-PROCUREMENT_JustificationBook_Army_PB_2015.xml",
        "@RECORDID": "c4d5510aae3be623d3815177cb4b77718e913b16082d5e476d238e93060d9756",
        "@ROWID": "2-44c91cee864dd9c7e75815752c889785e74641f0b5cc93f1affe3375b60bdf15",
        "@PARENTROWID": "3938-e685a11fca59762dbef862933f1886b867bed4326dd3db338bf79039022bad37",
        "@PARENT": "root"
    },
    {
        "Name_val": "Milan Army Ammunition Plant",
        "Location_val": "Milan, Tennessee",
        "Type_val": "GOCO",
        "@SOURCE_FILENAME": "2015-BASE_PROCUREMENT-2015-ARMY_AMMO-PROCUREMENT_JustificationBook_Army_PB_2015.zzz_unzipped-PROCUREMENT_JustificationBook_Army_PB_2015.xml",
        "@RECORDID": "c4d5510aae3be623d3815177cb4b77718e913b16082d5e476d238e93060d9756",
        "@ROWID": "3-f6786fcb6b42316a320be147176af4c83fb2f317d43fef6d21f3394e7ebc243c",
        "@PARENTROWID": "3938-e685a11fca59762dbef862933f1886b867bed4326dd3db338bf79039022bad37",
        "@PARENT": "root"
    },
    {
        "Name_val": "Radford Army Ammunition Plant",
        "Location_val": "Radford, Virginia",
        "Type_val": "GOCO",
        "@SOURCE_FILENAME": "2015-BASE_PROCUREMENT-2015-ARMY_AMMO-PROCUREMENT_JustificationBook_Army_PB_2015.zzz_unzipped-PROCUREMENT_JustificationBook_Army_PB_2015.xml",
        "@RECORDID": "c4d5510aae3be623d3815177cb4b77718e913b16082d5e476d238e93060d9756",
        "@ROWID": "4-fc5422c1c65bcbca4ddece4d56a465e360bb059ee0121f5932d1a6220a986fc0",
        "@PARENTROWID": "3938-e685a11fca59762dbef862933f1886b867bed4326dd3db338bf79039022bad37",
        "@PARENT": "root"
    },
    {
        "Name_val": "Scranton Army Ammunition Plant",
        "Location_val": "Scranton, Pennsylvania",
        "Type_val": "GOCO",
        "@SOURCE_FILENAME": "2015-BASE_PROCUREMENT-2015-ARMY_AMMO-PROCUREMENT_JustificationBook_Army_PB_2015.zzz_unzipped-PROCUREMENT_JustificationBook_Army_PB_2015.xml",
        "@RECORDID": "c4d5510aae3be623d3815177cb4b77718e913b16082d5e476d238e93060d9756",
        "@ROWID": "5-54dfb6a9ad2091eb4cc5abff25bb9fdb8ef562dfbbcb6cd6a16800152a432b15",
        "@PARENTROWID": "3938-e685a11fca59762dbef862933f1886b867bed4326dd3db338bf79039022bad37",
        "@PARENT": "root"
    },
    {
        "Name_val": "Various Army Ammunition Plants",
        "Location_val": "Multiple",
        "Type_val": "GOCO",
        "@SOURCE_FILENAME": "2015-BASE_PROCUREMENT-2015-ARMY_AMMO-PROCUREMENT_JustificationBook_Army_PB_2015.zzz_unzipped-PROCUREMENT_JustificationBook_Army_PB_2015.xml",
        "@RECORDID": "c4d5510aae3be623d3815177cb4b77718e913b16082d5e476d238e93060d9756",
        "@ROWID": "6-5613ced31aa29a36e138f47f953ee9acc0dd2e5eced12bdbfa35d32018447c72",
        "@PARENTROWID": "3938-e685a11fca59762dbef862933f1886b867bed4326dd3db338bf79039022bad37",
        "@PARENT": "root"
    },
    {
        "Name_val": "Yuma Proving Ground \/ Aberdeen Test Center",
        "Location_val": "Yuma, Arizona \/ Aberdeen, Maryland",
        "Type_val": "GOCO",
        "@SOURCE_FILENAME": "2015-BASE_PROCUREMENT-2015-ARMY_AMMO-PROCUREMENT_JustificationBook_Army_PB_2015.zzz_unzipped-PROCUREMENT_JustificationBook_Army_PB_2015.xml",
        "@RECORDID": "c4d5510aae3be623d3815177cb4b77718e913b16082d5e476d238e93060d9756",
        "@ROWID": "7-c3108a4fafd45d1c72119a9067e0e3e363317e826a8d1b512ce05cc713b47bc4",
        "@PARENTROWID": "3938-e685a11fca59762dbef862933f1886b867bed4326dd3db338bf79039022bad37",
        "@PARENT": "root"
    },
    {
        "Name_val": "Iowa AAP; Radford AAP",
        "Location_val": "Middletown, IA; Radford, VA",
        "Type_val": "GOCO",
        "@SOURCE_FILENAME": "2016-BASE_PROCUREMENT-2016-ARMY_MISSLE-PROCUREMENT_JustificationBook_Army_PB_2016.zzz_unzipped-PROCUREMENT_JustificationBook_Army_PB_2016.xml",
        "@RECORDID": "28a3135044403b01620d12c43b04f24037276882219eb30fa6690b8ec089ad75",
        "@ROWID": "0-cc3ccebc05a5bac58edaa1edb42ca4f0ce27df429d977b65791b8d205a509a8a",
        "@PARENTROWID": "5528-d943ba06bd4ee849e4a0908b4dd2db3944958732ae96761421c1f8b32a6532fe",
        "@PARENT": "root"
    },
    {
        "Name_val": "Redstone Tech Test Center; White Sands Test Center",
        "Location_val": "Huntsville, AL; White Sands Missile Range, NM",
        "Type_val": "GOGO",
        "@SOURCE_FILENAME": "2016-BASE_PROCUREMENT-2016-ARMY_MISSLE-PROCUREMENT_JustificationBook_Army_PB_2016.zzz_unzipped-PROCUREMENT_JustificationBook_Army_PB_2016.xml",
        "@RECORDID": "28a3135044403b01620d12c43b04f24037276882219eb30fa6690b8ec089ad75",
        "@ROWID": "1-14dbc4e2cec3bf88f908656dd362bb1093820da1d6fd28099b7d6e8f71722dc3",
        "@PARENTROWID": "5528-d943ba06bd4ee849e4a0908b4dd2db3944958732ae96761421c1f8b32a6532fe",
        "@PARENT": "root"
    },
    {
        "Name_val": "Production Base Support - Lima",
        "Location_val": "Lima, OH",
        "Type_val": "GOCO",
        "@SOURCE_FILENAME": "2016-BASE_PROCUREMENT-2016-ARMY_WTCV-PROCUREMENT_JustificationBook_Army_PB_2016.zzz_unzipped-PROCUREMENT_JustificationBook_Army_PB_2016.xml",
        "@RECORDID": "efdaa413bc9b9d7b0d356815766b129a9ee35a6431900f7de46d31ccc17861b3",
        "@ROWID": "0-f79d468ac6f3a9b118629387aab552518799c2ee1dd948e0c7a45b232bb4d4d6",
        "@PARENTROWID": "5542-4d15ea15617fe85bbff2ff34bf517899d78af0846fcbccf53fac63aa75f86fed",
        "@PARENT": "root"
    },
    {
        "Name_val": "Production Base Support - Scranton",
        "Location_val": "Scranton, PA",
        "Type_val": "COCO",
        "@SOURCE_FILENAME": "2016-BASE_PROCUREMENT-2016-ARMY_WTCV-PROCUREMENT_JustificationBook_Army_PB_2016.zzz_unzipped-PROCUREMENT_JustificationBook_Army_PB_2016.xml",
        "@RECORDID": "efdaa413bc9b9d7b0d356815766b129a9ee35a6431900f7de46d31ccc17861b3",
        "@ROWID": "1-2e0c24886c6b81fc8a778274f51f5914e57cdb7e38d3ed817982a1f9a2130ef8",
        "@PARENTROWID": "5542-4d15ea15617fe85bbff2ff34bf517899d78af0846fcbccf53fac63aa75f86fed",
        "@PARENT": "root"
    },
    {
        "Name_val": "TACOM LCMC Production Base Spt Program",
        "Location_val": "TACOM",
        "Type_val": "GOGO",
        "@SOURCE_FILENAME": "2016-BASE_PROCUREMENT-2016-ARMY_WTCV-PROCUREMENT_JustificationBook_Army_PB_2016.zzz_unzipped-PROCUREMENT_JustificationBook_Army_PB_2016.xml",
        "@RECORDID": "efdaa413bc9b9d7b0d356815766b129a9ee35a6431900f7de46d31ccc17861b3",
        "@ROWID": "2-7df82724bee39dd9cb6e0d9e2779fdc0a5453510d4beb72e86c97de48c39edf9",
        "@PARENTROWID": "5542-4d15ea15617fe85bbff2ff34bf517899d78af0846fcbccf53fac63aa75f86fed",
        "@PARENT": "root"
    },
    {
        "Name_val": "GD-ATP\/Watervliet\/Rock Island PBS Provisioning of Industrial Facilities",
        "Location_val": "Saco, ME",
        "Type_val": "GOGO",
        "@SOURCE_FILENAME": "2016-BASE_PROCUREMENT-2016-ARMY_WTCV-PROCUREMENT_JustificationBook_Army_PB_2016.zzz_unzipped-PROCUREMENT_JustificationBook_Army_PB_2016.xml",
        "@RECORDID": "5d00c39c1e909eed2357826245a76a51310d03e9eaaa04439ab37437904c53fa",
        "@ROWID": "0-4018301d7760cb8adeab615010259b26a3b8159bdb3a8fb3beeb2a208154bf8a",
        "@PARENTROWID": "5564-cf18de58932e41656c7567d7785584f41434fb433524e2498151f99510071b7b",
        "@PARENT": "root"
    },
    {
        "Name_val": "Rock Island Arsenal - JMTC",
        "Location_val": "Rock Island, IL",
        "Type_val": "GOGO",
        "@SOURCE_FILENAME": "2016-BASE_PROCUREMENT-2016-ARMY_WTCV-PROCUREMENT_JustificationBook_Army_PB_2016.zzz_unzipped-PROCUREMENT_JustificationBook_Army_PB_2016.xml",
        "@RECORDID": "5d00c39c1e909eed2357826245a76a51310d03e9eaaa04439ab37437904c53fa",
        "@ROWID": "1-5717e79762f9a0b492f2c5eb4d008c3750211ed45deb9fbc5ade51a4814c4dd6",
        "@PARENTROWID": "5564-cf18de58932e41656c7567d7785584f41434fb433524e2498151f99510071b7b",
        "@PARENT": "root"
    },
    {
        "Name_val": "Watervliet Arsenal",
        "Location_val": "Watervliet, NY",
        "Type_val": "COCO",
        "@SOURCE_FILENAME": "2016-BASE_PROCUREMENT-2016-ARMY_WTCV-PROCUREMENT_JustificationBook_Army_PB_2016.zzz_unzipped-PROCUREMENT_JustificationBook_Army_PB_2016.xml",
        "@RECORDID": "5d00c39c1e909eed2357826245a76a51310d03e9eaaa04439ab37437904c53fa",
        "@ROWID": "2-9fc80d5dfc493e840a0628edb36f06db71e24bf87438a43a93c43953b841c02b",
        "@PARENTROWID": "5564-cf18de58932e41656c7567d7785584f41434fb433524e2498151f99510071b7b",
        "@PARENT": "root"
    },
    {
        "Name_val": "ATEC Test Range Instrumentation",
        "Location_val": "Yuma, AZ; Aberdeen, MD; White Sands, NM",
        "Type_val": "GOGO",
        "@SOURCE_FILENAME": "2016-BASE_PROCUREMENT-2016-ARMY_WTCV-PROCUREMENT_JustificationBook_Army_PB_2016.zzz_unzipped-PROCUREMENT_JustificationBook_Army_PB_2016.xml",
        "@RECORDID": "5d00c39c1e909eed2357826245a76a51310d03e9eaaa04439ab37437904c53fa",
        "@ROWID": "3-1ffc3f3efbcb1f9801f0a3c1e3fa5d364ad2122350d6d170b52c69e3564485d5",
        "@PARENTROWID": "5564-cf18de58932e41656c7567d7785584f41434fb433524e2498151f99510071b7b",
        "@PARENT": "root"
    },
    {
        "Name_val": "Holston Army Ammunition Plant",
        "Location_val": "Kingsport, Tennessee",
        "Type_val": "GOCO",
        "@SOURCE_FILENAME": "2016-BASE_PROCUREMENT-2016-ARMY_AMMO-PROCUREMENT_JustificationBook_Army_PB_2016.zzz_unzipped-PROCUREMENT_JustificationBook_Army_PB_2016.xml",
        "@RECORDID": "b8c74bded3f7e8d5becd320d034e0321c86f39aa744ca436c07c8d4430a61422",
        "@ROWID": "0-a6a80ca90f0096d67f8b87ab04f499feafc2f05fe178fd8516d560e2fb73e121",
        "@PARENTROWID": "5594-662cee9c71d5fc5fb4ff0b278398320423c050e56bf33ae9bdb65c80fcce6398",
        "@PARENT": "root"
    },
    {
        "Name_val": "Iowa Army Ammunition Plant",
        "Location_val": "Middletown, Iowa",
        "Type_val": "GOCO",
        "@SOURCE_FILENAME": "2016-BASE_PROCUREMENT-2016-ARMY_AMMO-PROCUREMENT_JustificationBook_Army_PB_2016.zzz_unzipped-PROCUREMENT_JustificationBook_Army_PB_2016.xml",
        "@RECORDID": "b8c74bded3f7e8d5becd320d034e0321c86f39aa744ca436c07c8d4430a61422",
        "@ROWID": "1-e1c880f41bc8169699460d45f7c8bcb79e698f3d50a2cfa677ae20359796f327",
        "@PARENTROWID": "5594-662cee9c71d5fc5fb4ff0b278398320423c050e56bf33ae9bdb65c80fcce6398",
        "@PARENT": "root"
    },
    {
        "Name_val": "Lake City Army Ammunition Plant",
        "Location_val": "Independence, Missouri",
        "Type_val": "GOCO",
        "@SOURCE_FILENAME": "2016-BASE_PROCUREMENT-2016-ARMY_AMMO-PROCUREMENT_JustificationBook_Army_PB_2016.zzz_unzipped-PROCUREMENT_JustificationBook_Army_PB_2016.xml",
        "@RECORDID": "b8c74bded3f7e8d5becd320d034e0321c86f39aa744ca436c07c8d4430a61422",
        "@ROWID": "2-72df3330452c9f7f7af2f70b7b84e9426cb766c6ad67425bf162806e1f7f391b",
        "@PARENTROWID": "5594-662cee9c71d5fc5fb4ff0b278398320423c050e56bf33ae9bdb65c80fcce6398",
        "@PARENT": "root"
    },
    {
        "Name_val": "Radford Army Ammunition Plant",
        "Location_val": "Radford, Virginia",
        "Type_val": "GOCO",
        "@SOURCE_FILENAME": "2016-BASE_PROCUREMENT-2016-ARMY_AMMO-PROCUREMENT_JustificationBook_Army_PB_2016.zzz_unzipped-PROCUREMENT_JustificationBook_Army_PB_2016.xml",
        "@RECORDID": "b8c74bded3f7e8d5becd320d034e0321c86f39aa744ca436c07c8d4430a61422",
        "@ROWID": "3-4ca15a467ad171227554b9f55d470c357a65fb05ecbee362fe10ae9b179c692f",
        "@PARENTROWID": "5594-662cee9c71d5fc5fb4ff0b278398320423c050e56bf33ae9bdb65c80fcce6398",
        "@PARENT": "root"
    },
    {
        "Name_val": "Scranton Army Ammunition Plant",
        "Location_val": "Scranton, Pennsylvania",
        "Type_val": "GOCO",
        "@SOURCE_FILENAME": "2016-BASE_PROCUREMENT-2016-ARMY_AMMO-PROCUREMENT_JustificationBook_Army_PB_2016.zzz_unzipped-PROCUREMENT_JustificationBook_Army_PB_2016.xml",
        "@RECORDID": "b8c74bded3f7e8d5becd320d034e0321c86f39aa744ca436c07c8d4430a61422",
        "@ROWID": "4-4941372dc4783d94e66c77b07e1826282f7835e6144e5028aa6ac09e85bd08a3",
        "@PARENTROWID": "5594-662cee9c71d5fc5fb4ff0b278398320423c050e56bf33ae9bdb65c80fcce6398",
        "@PARENT": "root"
    },
    {
        "Name_val": "Various Army Ammunition Plants",
        "Location_val": "Multiple",
        "Type_val": "GOCO",
        "@SOURCE_FILENAME": "2016-BASE_PROCUREMENT-2016-ARMY_AMMO-PROCUREMENT_JustificationBook_Army_PB_2016.zzz_unzipped-PROCUREMENT_JustificationBook_Army_PB_2016.xml",
        "@RECORDID": "b8c74bded3f7e8d5becd320d034e0321c86f39aa744ca436c07c8d4430a61422",
        "@ROWID": "5-c6fd2e0c07a5876bf72073f3302bbe94c8c2650c9359ccf261665fa625f7902a",
        "@PARENTROWID": "5594-662cee9c71d5fc5fb4ff0b278398320423c050e56bf33ae9bdb65c80fcce6398",
        "@PARENT": "root"
    },
    {
        "Name_val": "Yuma Proving Ground \/ Aberdeen Test Center",
        "Location_val": "Yuma, Arizona \/ Aberdeen, Maryland",
        "Type_val": "GOCO",
        "@SOURCE_FILENAME": "2016-BASE_PROCUREMENT-2016-ARMY_AMMO-PROCUREMENT_JustificationBook_Army_PB_2016.zzz_unzipped-PROCUREMENT_JustificationBook_Army_PB_2016.xml",
        "@RECORDID": "b8c74bded3f7e8d5becd320d034e0321c86f39aa744ca436c07c8d4430a61422",
        "@ROWID": "6-645ccc2c4d0d6718f3ceecb173cb4b82b547bde443f52a7fd0d00bcdadfc141f",
        "@PARENTROWID": "5594-662cee9c71d5fc5fb4ff0b278398320423c050e56bf33ae9bdb65c80fcce6398",
        "@PARENT": "root"
    },
    {
        "Name_val": "Maintenance of Inactive Facilities",
        "Location_val": "Various AAPs",
        "Type_val": "GOCO",
        "@SOURCE_FILENAME": "2018-BASE_PROCUREMENT-2018-ARMY_AMMO-U_PROCUREMENT_JustificationBook_Army_PB_2018.zzz_unzipped-U_PROCUREMENT_JustificationBook_Army_PB_2018.xml",
        "@RECORDID": "ac8b476f8f4e2fea8c6f899f79cc74d889b720e44677133cab99482e7a2f8d2c",
        "@ROWID": "0-0c2f36c900a8f074ad990935271a94724f9b1d48a1ad1dd3b7aee6a5b3cc603e",
        "@PARENTROWID": "8773-73be419047fa3b04d2f82e650d71151c69f1d15cf0e1ad49092f710cf8449874",
        "@PARENT": "root"
    },
    {
        "Name_val": "Holston Army Ammunition Plant",
        "Location_val": "Kingsport, Tennessee",
        "Type_val": "GOCO",
        "@SOURCE_FILENAME": "2018-BASE_PROCUREMENT-2018-ARMY_AMMO-U_PROCUREMENT_JustificationBook_Army_PB_2018.zzz_unzipped-U_PROCUREMENT_JustificationBook_Army_PB_2018.xml",
        "@RECORDID": "ac8b476f8f4e2fea8c6f899f79cc74d889b720e44677133cab99482e7a2f8d2c",
        "@ROWID": "1-2828478133f4364d6887fd941933bf135cc5edd9b0ec9a6ed8c1f9babb4c54c9",
        "@PARENTROWID": "8773-73be419047fa3b04d2f82e650d71151c69f1d15cf0e1ad49092f710cf8449874",
        "@PARENT": "root"
    },
    {
        "Name_val": "Layaway Of Industrial Facilities",
        "Location_val": "Various AAPs",
        "Type_val": "GOCO",
        "@SOURCE_FILENAME": "2018-BASE_PROCUREMENT-2018-ARMY_AMMO-U_PROCUREMENT_JustificationBook_Army_PB_2018.zzz_unzipped-U_PROCUREMENT_JustificationBook_Army_PB_2018.xml",
        "@RECORDID": "ac8b476f8f4e2fea8c6f899f79cc74d889b720e44677133cab99482e7a2f8d2c",
        "@ROWID": "2-cab0fabeec820b455c8b270860c418624f589bc276e8943969c6ce96ad39360d",
        "@PARENTROWID": "8773-73be419047fa3b04d2f82e650d71151c69f1d15cf0e1ad49092f710cf8449874",
        "@PARENT": "root"
    },
    {
        "Name_val": "Iowa Army Ammunition Plant",
        "Location_val": "Middletown, Iowa",
        "Type_val": "GOCO",
        "@SOURCE_FILENAME": "2018-BASE_PROCUREMENT-2018-ARMY_AMMO-U_PROCUREMENT_JustificationBook_Army_PB_2018.zzz_unzipped-U_PROCUREMENT_JustificationBook_Army_PB_2018.xml",
        "@RECORDID": "ac8b476f8f4e2fea8c6f899f79cc74d889b720e44677133cab99482e7a2f8d2c",
        "@ROWID": "3-d269d75066832ee74ac0c955bdcfdc30374b20310eb04abda83c01a8252f9aa7",
        "@PARENTROWID": "8773-73be419047fa3b04d2f82e650d71151c69f1d15cf0e1ad49092f710cf8449874",
        "@PARENT": "root"
    },
    {
        "Name_val": "Lake City Army Ammunition Plant",
        "Location_val": "Independence, Missouri",
        "Type_val": "GOCO",
        "@SOURCE_FILENAME": "2018-BASE_PROCUREMENT-2018-ARMY_AMMO-U_PROCUREMENT_JustificationBook_Army_PB_2018.zzz_unzipped-U_PROCUREMENT_JustificationBook_Army_PB_2018.xml",
        "@RECORDID": "ac8b476f8f4e2fea8c6f899f79cc74d889b720e44677133cab99482e7a2f8d2c",
        "@ROWID": "4-7f89115f02435b20d8ccbb32fbf51e466fbdcc73b3e04e6de4ddf61c4e76615a",
        "@PARENTROWID": "8773-73be419047fa3b04d2f82e650d71151c69f1d15cf0e1ad49092f710cf8449874",
        "@PARENT": "root"
    },
    {
        "Name_val": "Radford Army Ammunition Plant",
        "Location_val": "Radford, Virginia",
        "Type_val": "GOCO",
        "@SOURCE_FILENAME": "2018-BASE_PROCUREMENT-2018-ARMY_AMMO-U_PROCUREMENT_JustificationBook_Army_PB_2018.zzz_unzipped-U_PROCUREMENT_JustificationBook_Army_PB_2018.xml",
        "@RECORDID": "ac8b476f8f4e2fea8c6f899f79cc74d889b720e44677133cab99482e7a2f8d2c",
        "@ROWID": "5-b490db00695716a4e99e81ca8195dd75d02bd482fd9cbc2edf58971827703dbd",
        "@PARENTROWID": "8773-73be419047fa3b04d2f82e650d71151c69f1d15cf0e1ad49092f710cf8449874",
        "@PARENT": "root"
    },
    {
        "Name_val": "Scranton Army Ammunition Plant",
        "Location_val": "Scranton, Pennsylvania",
        "Type_val": "GOCO",
        "@SOURCE_FILENAME": "2018-BASE_PROCUREMENT-2018-ARMY_AMMO-U_PROCUREMENT_JustificationBook_Army_PB_2018.zzz_unzipped-U_PROCUREMENT_JustificationBook_Army_PB_2018.xml",
        "@RECORDID": "ac8b476f8f4e2fea8c6f899f79cc74d889b720e44677133cab99482e7a2f8d2c",
        "@ROWID": "6-26e4d2c454fd300a1c22d3f33b43721c31ae55f8e5d452e76f2cb58e6cfa90a8",
        "@PARENTROWID": "8773-73be419047fa3b04d2f82e650d71151c69f1d15cf0e1ad49092f710cf8449874",
        "@PARENT": "root"
    },
    {
        "Name_val": "Various Army Ammunition Plants",
        "Location_val": "Multiple",
        "Type_val": "GOCO",
        "@SOURCE_FILENAME": "2018-BASE_PROCUREMENT-2018-ARMY_AMMO-U_PROCUREMENT_JustificationBook_Army_PB_2018.zzz_unzipped-U_PROCUREMENT_JustificationBook_Army_PB_2018.xml",
        "@RECORDID": "ac8b476f8f4e2fea8c6f899f79cc74d889b720e44677133cab99482e7a2f8d2c",
        "@ROWID": "7-0d89b734192ae536784e8968c089fa3967f3d88d9924b4a33b2b5b2c669ab9b0",
        "@PARENTROWID": "8773-73be419047fa3b04d2f82e650d71151c69f1d15cf0e1ad49092f710cf8449874",
        "@PARENT": "root"
    },
    {
        "Name_val": "Yuma Proving Ground \/ Aberdeen Test Center",
        "Location_val": "Yuma, Arizona \/ Aberdeen, Maryland",
        "Type_val": "GOCO",
        "@SOURCE_FILENAME": "2018-BASE_PROCUREMENT-2018-ARMY_AMMO-U_PROCUREMENT_JustificationBook_Army_PB_2018.zzz_unzipped-U_PROCUREMENT_JustificationBook_Army_PB_2018.xml",
        "@RECORDID": "ac8b476f8f4e2fea8c6f899f79cc74d889b720e44677133cab99482e7a2f8d2c",
        "@ROWID": "8-eb8a9ca57d4acf0aaa6bc840d2c009aaabad8938d0b3f301c2b02c046a08fb6b",
        "@PARENTROWID": "8773-73be419047fa3b04d2f82e650d71151c69f1d15cf0e1ad49092f710cf8449874",
        "@PARENT": "root"
    },
    {
        "Name_val": "Holston Army Ammunition Plant",
        "Location_val": "Kingsport, Tennessee",
        "Type_val": "GOCO",
        "@SOURCE_FILENAME": "2019-BASE_PROCUREMENT-2019-ARMY_AMMO-U_PROCUREMENT_JustificationBook_Army_PB_2019.zzz_unzipped-U_PROCUREMENT_JustificationBook_Army_PB_2019.xml",
        "@RECORDID": "2d28c1a9b7eadd2631782dbf90ba9618a62852e63ad6651cf5a182412bbc174a",
        "@ROWID": "0-44649158c240c7843751b7a0d1102017dcdb4bc3e94ee008a26ae73d665e0706",
        "@PARENTROWID": "10411-13d301938e83bcd7a56393474be1d53d5692599fab107b52ef93991d6ca5c1be",
        "@PARENT": "root"
    },
    {
        "Name_val": "Iowa Army Ammunition Plant",
        "Location_val": "Middletown, Iowa",
        "Type_val": "GOCO",
        "@SOURCE_FILENAME": "2019-BASE_PROCUREMENT-2019-ARMY_AMMO-U_PROCUREMENT_JustificationBook_Army_PB_2019.zzz_unzipped-U_PROCUREMENT_JustificationBook_Army_PB_2019.xml",
        "@RECORDID": "2d28c1a9b7eadd2631782dbf90ba9618a62852e63ad6651cf5a182412bbc174a",
        "@ROWID": "1-b7c8ac00ce711fe304a9e70988a35aeed3e0ae02e6cd541f5ce60f51bf772784",
        "@PARENTROWID": "10411-13d301938e83bcd7a56393474be1d53d5692599fab107b52ef93991d6ca5c1be",
        "@PARENT": "root"
    },
    {
        "Name_val": "Lake City Army Ammunition Plant",
        "Location_val": "Independence, Missouri",
        "Type_val": "GOCO",
        "@SOURCE_FILENAME": "2019-BASE_PROCUREMENT-2019-ARMY_AMMO-U_PROCUREMENT_JustificationBook_Army_PB_2019.zzz_unzipped-U_PROCUREMENT_JustificationBook_Army_PB_2019.xml",
        "@RECORDID": "2d28c1a9b7eadd2631782dbf90ba9618a62852e63ad6651cf5a182412bbc174a",
        "@ROWID": "2-9e9135e44ce6e71fe80cd9fd3ec9f70c885e3ea32047d87f9d5590cde4ca4a3e",
        "@PARENTROWID": "10411-13d301938e83bcd7a56393474be1d53d5692599fab107b52ef93991d6ca5c1be",
        "@PARENT": "root"
    },
    {
        "Name_val": "Radford Army Ammunition Plant",
        "Location_val": "Radford, Virginia",
        "Type_val": "GOCO",
        "@SOURCE_FILENAME": "2019-BASE_PROCUREMENT-2019-ARMY_AMMO-U_PROCUREMENT_JustificationBook_Army_PB_2019.zzz_unzipped-U_PROCUREMENT_JustificationBook_Army_PB_2019.xml",
        "@RECORDID": "2d28c1a9b7eadd2631782dbf90ba9618a62852e63ad6651cf5a182412bbc174a",
        "@ROWID": "3-070236a4d40af2b8643812b40e3fdb27b680cdbd6433c08a2e8ba08d4d65d428",
        "@PARENTROWID": "10411-13d301938e83bcd7a56393474be1d53d5692599fab107b52ef93991d6ca5c1be",
        "@PARENT": "root"
    },
    {
        "Name_val": "Scranton Army Ammunition Plant",
        "Location_val": "Scranton, Pennsylvania",
        "Type_val": "GOCO",
        "@SOURCE_FILENAME": "2019-BASE_PROCUREMENT-2019-ARMY_AMMO-U_PROCUREMENT_JustificationBook_Army_PB_2019.zzz_unzipped-U_PROCUREMENT_JustificationBook_Army_PB_2019.xml",
        "@RECORDID": "2d28c1a9b7eadd2631782dbf90ba9618a62852e63ad6651cf5a182412bbc174a",
        "@ROWID": "4-cb6426a45f1430b683ccb60fef577a6a6536e9b18412cbfe8513c332f986354e",
        "@PARENTROWID": "10411-13d301938e83bcd7a56393474be1d53d5692599fab107b52ef93991d6ca5c1be",
        "@PARENT": "root"
    },
    {
        "Name_val": "Various Army Ammunition Plants",
        "Location_val": "Multiple",
        "Type_val": "GOCO",
        "@SOURCE_FILENAME": "2019-BASE_PROCUREMENT-2019-ARMY_AMMO-U_PROCUREMENT_JustificationBook_Army_PB_2019.zzz_unzipped-U_PROCUREMENT_JustificationBook_Army_PB_2019.xml",
        "@RECORDID": "2d28c1a9b7eadd2631782dbf90ba9618a62852e63ad6651cf5a182412bbc174a",
        "@ROWID": "5-48431578a24bd2cd677216fd4c48c04fdb491df1a150436838a20b31e180cabe",
        "@PARENTROWID": "10411-13d301938e83bcd7a56393474be1d53d5692599fab107b52ef93991d6ca5c1be",
        "@PARENT": "root"
    },
    {
        "Name_val": "Yuma Proving Ground \/ Aberdeen Test Center",
        "Location_val": "Yuma, Arizona \/ Aberdeen, Maryland",
        "Type_val": "GOCO",
        "@SOURCE_FILENAME": "2019-BASE_PROCUREMENT-2019-ARMY_AMMO-U_PROCUREMENT_JustificationBook_Army_PB_2019.zzz_unzipped-U_PROCUREMENT_JustificationBook_Army_PB_2019.xml",
        "@RECORDID": "2d28c1a9b7eadd2631782dbf90ba9618a62852e63ad6651cf5a182412bbc174a",
        "@ROWID": "6-58433ab74ead6a1b9da1455b7fde427bc799d5ad2df087968e577973d9e7b35a",
        "@PARENTROWID": "10411-13d301938e83bcd7a56393474be1d53d5692599fab107b52ef93991d6ca5c1be",
        "@PARENT": "root"
    },
    {
        "Name_val": "Maintenance of Inactive Facilities",
        "Location_val": "Various AAPs",
        "Type_val": "GOCO",
        "@SOURCE_FILENAME": "2019-BASE_PROCUREMENT-2019-ARMY_AMMO-U_PROCUREMENT_JustificationBook_Army_PB_2019.zzz_unzipped-U_PROCUREMENT_JustificationBook_Army_PB_2019.xml",
        "@RECORDID": "2d28c1a9b7eadd2631782dbf90ba9618a62852e63ad6651cf5a182412bbc174a",
        "@ROWID": "7-ac2fbbf28912936d2b5be6f21d5b0495239f7355a710fc5e84999ba57e3dedaa",
        "@PARENTROWID": "10411-13d301938e83bcd7a56393474be1d53d5692599fab107b52ef93991d6ca5c1be",
        "@PARENT": "root"
    },
    {
        "Name_val": "Layaway Of Industrial Facilities",
        "Location_val": "Various AAPs",
        "Type_val": "GOCO",
        "@SOURCE_FILENAME": "2019-BASE_PROCUREMENT-2019-ARMY_AMMO-U_PROCUREMENT_JustificationBook_Army_PB_2019.zzz_unzipped-U_PROCUREMENT_JustificationBook_Army_PB_2019.xml",
        "@RECORDID": "2d28c1a9b7eadd2631782dbf90ba9618a62852e63ad6651cf5a182412bbc174a",
        "@ROWID": "8-96bcb0b159835d749c3c3fbe6859bf5f63eab1a492de9567d97a75d047149011",
        "@PARENTROWID": "10411-13d301938e83bcd7a56393474be1d53d5692599fab107b52ef93991d6ca5c1be",
        "@PARENT": "root"
    },
    {
        "Name_val": "Maintenance of Inactive Facilities",
        "Location_val": "Various AAPs",
        "Type_val": "GOCO",
        "@SOURCE_FILENAME": "2020-BASE_PROCUREMENT-2020-ARMY_AMMO-U_PROCUREMENT_JustificationBook_Army_PB_2020.zzz_unzipped-U_PROCUREMENT_JustificationBook_Army_PB_2020.xml",
        "@RECORDID": "3ff5717c0071fdda534afc6a225eb17d1ca462eab0f167c6886a39c906a1ea0f",
        "@ROWID": "0-4e2324c9a40c575ce1e3d7be1946285a0b5959398b35ed97c4209a8978ed3d96",
        "@PARENTROWID": "11979-15678766580a2b7b5ed546c8e291ee9a7f6770cf728617b049ac6e76e4edba18",
        "@PARENT": "root"
    },
    {
        "Name_val": "Holston Army Ammunition Plant",
        "Location_val": "Kingsport, Tennessee",
        "Type_val": "GOCO",
        "@SOURCE_FILENAME": "2020-BASE_PROCUREMENT-2020-ARMY_AMMO-U_PROCUREMENT_JustificationBook_Army_PB_2020.zzz_unzipped-U_PROCUREMENT_JustificationBook_Army_PB_2020.xml",
        "@RECORDID": "3ff5717c0071fdda534afc6a225eb17d1ca462eab0f167c6886a39c906a1ea0f",
        "@ROWID": "1-13424fd8dc857e41cd61026a7e4fe365c498cebc3ac62b412858a5ce4e804d19",
        "@PARENTROWID": "11979-15678766580a2b7b5ed546c8e291ee9a7f6770cf728617b049ac6e76e4edba18",
        "@PARENT": "root"
    },
    {
        "Name_val": "Iowa Army Ammunition Plant",
        "Location_val": "Middletown, Iowa",
        "Type_val": "GOCO",
        "@SOURCE_FILENAME": "2020-BASE_PROCUREMENT-2020-ARMY_AMMO-U_PROCUREMENT_JustificationBook_Army_PB_2020.zzz_unzipped-U_PROCUREMENT_JustificationBook_Army_PB_2020.xml",
        "@RECORDID": "3ff5717c0071fdda534afc6a225eb17d1ca462eab0f167c6886a39c906a1ea0f",
        "@ROWID": "2-6db3a5ab43e58748cd995da7b955465f1aae3f462361fc6f09734068698e6e94",
        "@PARENTROWID": "11979-15678766580a2b7b5ed546c8e291ee9a7f6770cf728617b049ac6e76e4edba18",
        "@PARENT": "root"
    },
    {
        "Name_val": "Lake City Army Ammunition Plant",
        "Location_val": "Independence, Missouri",
        "Type_val": "GOCO",
        "@SOURCE_FILENAME": "2020-BASE_PROCUREMENT-2020-ARMY_AMMO-U_PROCUREMENT_JustificationBook_Army_PB_2020.zzz_unzipped-U_PROCUREMENT_JustificationBook_Army_PB_2020.xml",
        "@RECORDID": "3ff5717c0071fdda534afc6a225eb17d1ca462eab0f167c6886a39c906a1ea0f",
        "@ROWID": "3-7c7019f772f18ed71b637c7ace381ead78a99a9cdcfcd7518987ac0b4ec3006e",
        "@PARENTROWID": "11979-15678766580a2b7b5ed546c8e291ee9a7f6770cf728617b049ac6e76e4edba18",
        "@PARENT": "root"
    },
    {
        "Name_val": "Radford Army Ammunition Plant",
        "Location_val": "Radford, Virginia",
        "Type_val": "GOCO",
        "@SOURCE_FILENAME": "2020-BASE_PROCUREMENT-2020-ARMY_AMMO-U_PROCUREMENT_JustificationBook_Army_PB_2020.zzz_unzipped-U_PROCUREMENT_JustificationBook_Army_PB_2020.xml",
        "@RECORDID": "3ff5717c0071fdda534afc6a225eb17d1ca462eab0f167c6886a39c906a1ea0f",
        "@ROWID": "4-6b7847b58a92af59505141d9b673edca3776c0499a7860a3b0de6f034c84e868",
        "@PARENTROWID": "11979-15678766580a2b7b5ed546c8e291ee9a7f6770cf728617b049ac6e76e4edba18",
        "@PARENT": "root"
    },
    {
        "Name_val": "Scranton Army Ammunition Plant",
        "Location_val": "Scranton, Pennsylvania",
        "Type_val": "GOCO",
        "@SOURCE_FILENAME": "2020-BASE_PROCUREMENT-2020-ARMY_AMMO-U_PROCUREMENT_JustificationBook_Army_PB_2020.zzz_unzipped-U_PROCUREMENT_JustificationBook_Army_PB_2020.xml",
        "@RECORDID": "3ff5717c0071fdda534afc6a225eb17d1ca462eab0f167c6886a39c906a1ea0f",
        "@ROWID": "5-77fa427d8b6797c5e0034e344992c8d450f41aef6a93b9fba21b824699c72777",
        "@PARENTROWID": "11979-15678766580a2b7b5ed546c8e291ee9a7f6770cf728617b049ac6e76e4edba18",
        "@PARENT": "root"
    },
    {
        "Name_val": "Quad City Cartridge Case Facility",
        "Location_val": "Rock Island Arsenal, IL",
        "Type_val": "GOCO",
        "@SOURCE_FILENAME": "2020-BASE_PROCUREMENT-2020-ARMY_AMMO-U_PROCUREMENT_JustificationBook_Army_PB_2020.zzz_unzipped-U_PROCUREMENT_JustificationBook_Army_PB_2020.xml",
        "@RECORDID": "3ff5717c0071fdda534afc6a225eb17d1ca462eab0f167c6886a39c906a1ea0f",
        "@ROWID": "6-b5a7ba78cbe3dd92879590f80b609cf044105d084e6da13d08756b420261f4be",
        "@PARENTROWID": "11979-15678766580a2b7b5ed546c8e291ee9a7f6770cf728617b049ac6e76e4edba18",
        "@PARENT": "root"
    },
    {
        "Name_val": "Various Army Ammunition Plants",
        "Location_val": "Various Army Ammunition Plants",
        "Type_val": "GOCO",
        "@SOURCE_FILENAME": "2020-BASE_PROCUREMENT-2020-ARMY_AMMO-U_PROCUREMENT_JustificationBook_Army_PB_2020.zzz_unzipped-U_PROCUREMENT_JustificationBook_Army_PB_2020.xml",
        "@RECORDID": "3ff5717c0071fdda534afc6a225eb17d1ca462eab0f167c6886a39c906a1ea0f",
        "@ROWID": "7-958f260a4450ae81acab1760ba5a48c3cf481032d891eef9314ac6a0abc3c646",
        "@PARENTROWID": "11979-15678766580a2b7b5ed546c8e291ee9a7f6770cf728617b049ac6e76e4edba18",
        "@PARENT": "root"
    },
    {
        "Name_val": "Yuma Proving Ground \/ Aberdeen Test Center",
        "Location_val": "Yuma, Arizona \/ Aberdeen, Maryland",
        "Type_val": "GOCO",
        "@SOURCE_FILENAME": "2020-BASE_PROCUREMENT-2020-ARMY_AMMO-U_PROCUREMENT_JustificationBook_Army_PB_2020.zzz_unzipped-U_PROCUREMENT_JustificationBook_Army_PB_2020.xml",
        "@RECORDID": "3ff5717c0071fdda534afc6a225eb17d1ca462eab0f167c6886a39c906a1ea0f",
        "@ROWID": "8-2045f00695503484c58adc7c564dfe60ac1010bfb2cba04b19315fa510604a25",
        "@PARENTROWID": "11979-15678766580a2b7b5ed546c8e291ee9a7f6770cf728617b049ac6e76e4edba18",
        "@PARENT": "root"
    },
    {
        "Name_val": "Layaway Of Industrial Facilities",
        "Location_val": "Various AAPs",
        "Type_val": "GOCO",
        "@SOURCE_FILENAME": "2020-BASE_PROCUREMENT-2020-ARMY_AMMO-U_PROCUREMENT_JustificationBook_Army_PB_2020.zzz_unzipped-U_PROCUREMENT_JustificationBook_Army_PB_2020.xml",
        "@RECORDID": "3ff5717c0071fdda534afc6a225eb17d1ca462eab0f167c6886a39c906a1ea0f",
        "@ROWID": "9-be9f22df0af1e6b32a8df8a1cb69a736cd9984b535a7e78baa29509f7c8876fb",
        "@PARENTROWID": "11979-15678766580a2b7b5ed546c8e291ee9a7f6770cf728617b049ac6e76e4edba18",
        "@PARENT": "root"
    }
]