[
    {
        "Month_val": "2016-10",
        "Amount_val": "1",
        "@SOURCE_FILENAME": "2017-BASE_PROCUREMENT-2017-AIRFORCE_OTHER-U_PROCUREMENT_JustificationBook_Air_Force_PB_2017.zzz_unzipped-U_PROCUREMENT_JustificationBook_Air_Force_PB_2017.xml",
        "@RECORDID": "bcc662e800dc8bb76a8285528cc168abcc6312deba5f8a8505391946132986f2",
        "@ROWID": "0-5c27cda4c71827b42a1add7a3429a1790d5c9a5e1fb41dda962d55212046397c",
        "@PARENTROWID": "0-4828068d0c4d29a3f57299b976d80fd861bf761fe83e72f1f1a104be7dc7b37d",
        "@PARENT": "root.record.ItemExhibitList.P5Item.CostElementCategoryList.PackageFielding.Recurring.CostElementList.CostElement.ManufacturerList.Manufacturer.HistoryPlanningList.HistoryPlanning"
    },
    {
        "Month_val": "2017-02",
        "Amount_val": "1",
        "@SOURCE_FILENAME": "2017-BASE_PROCUREMENT-2017-AIRFORCE_OTHER-U_PROCUREMENT_JustificationBook_Air_Force_PB_2017.zzz_unzipped-U_PROCUREMENT_JustificationBook_Air_Force_PB_2017.xml",
        "@RECORDID": "bcc662e800dc8bb76a8285528cc168abcc6312deba5f8a8505391946132986f2",
        "@ROWID": "0-e0526fffdb1a831600d5705cbc1a782c3a4007be05f3b08c70eea4ac93cc1d20",
        "@PARENTROWID": "1-1ab27fc750a04cb2a9a1f96708cddb5ff4c52938bb5572ed06373bdcb51418e7",
        "@PARENT": "root.record.ItemExhibitList.P5Item.CostElementCategoryList.PackageFielding.Recurring.CostElementList.CostElement.ManufacturerList.Manufacturer.HistoryPlanningList.HistoryPlanning"
    },
    {
        "Month_val": "2017-03",
        "Amount_val": "1",
        "@SOURCE_FILENAME": "2017-BASE_PROCUREMENT-2017-AIRFORCE_OTHER-U_PROCUREMENT_JustificationBook_Air_Force_PB_2017.zzz_unzipped-U_PROCUREMENT_JustificationBook_Air_Force_PB_2017.xml",
        "@RECORDID": "bcc662e800dc8bb76a8285528cc168abcc6312deba5f8a8505391946132986f2",
        "@ROWID": "1-dbde8ae7ebe8527b8c5aeb46032d377b2558dc7ca83ed3b63463bde46722b38e",
        "@PARENTROWID": "1-1ab27fc750a04cb2a9a1f96708cddb5ff4c52938bb5572ed06373bdcb51418e7",
        "@PARENT": "root.record.ItemExhibitList.P5Item.CostElementCategoryList.PackageFielding.Recurring.CostElementList.CostElement.ManufacturerList.Manufacturer.HistoryPlanningList.HistoryPlanning"
    },
    {
        "Month_val": "2018-02",
        "Amount_val": "1",
        "@SOURCE_FILENAME": "2017-BASE_PROCUREMENT-2017-AIRFORCE_OTHER-U_PROCUREMENT_JustificationBook_Air_Force_PB_2017.zzz_unzipped-U_PROCUREMENT_JustificationBook_Air_Force_PB_2017.xml",
        "@RECORDID": "bcc662e800dc8bb76a8285528cc168abcc6312deba5f8a8505391946132986f2",
        "@ROWID": "0-312a32c3bbc5bd7c8e197a8adf9303a0d99da140eaa705a1351e7515db861a1f",
        "@PARENTROWID": "2-eff7bebb9921d6b1a420624b4b7b3e63e3ff6817049ded59a8dfd4408d5b74c5",
        "@PARENT": "root.record.ItemExhibitList.P5Item.CostElementCategoryList.PackageFielding.Recurring.CostElementList.CostElement.ManufacturerList.Manufacturer.HistoryPlanningList.HistoryPlanning"
    },
    {
        "Month_val": "2018-03",
        "Amount_val": "1",
        "@SOURCE_FILENAME": "2017-BASE_PROCUREMENT-2017-AIRFORCE_OTHER-U_PROCUREMENT_JustificationBook_Air_Force_PB_2017.zzz_unzipped-U_PROCUREMENT_JustificationBook_Air_Force_PB_2017.xml",
        "@RECORDID": "bcc662e800dc8bb76a8285528cc168abcc6312deba5f8a8505391946132986f2",
        "@ROWID": "1-24cbdad50c47d9b5eb4cd6f870fac3630e3c5c793c42b3b6f7e0882c6b706e93",
        "@PARENTROWID": "2-eff7bebb9921d6b1a420624b4b7b3e63e3ff6817049ded59a8dfd4408d5b74c5",
        "@PARENT": "root.record.ItemExhibitList.P5Item.CostElementCategoryList.PackageFielding.Recurring.CostElementList.CostElement.ManufacturerList.Manufacturer.HistoryPlanningList.HistoryPlanning"
    },
    {
        "Month_val": "2018-04",
        "Amount_val": "1",
        "@SOURCE_FILENAME": "2017-BASE_PROCUREMENT-2017-AIRFORCE_OTHER-U_PROCUREMENT_JustificationBook_Air_Force_PB_2017.zzz_unzipped-U_PROCUREMENT_JustificationBook_Air_Force_PB_2017.xml",
        "@RECORDID": "bcc662e800dc8bb76a8285528cc168abcc6312deba5f8a8505391946132986f2",
        "@ROWID": "2-6fa836433274e793a695ea7a0feec790126960b6b1c54dc52d8bed27bd74f6d7",
        "@PARENTROWID": "2-eff7bebb9921d6b1a420624b4b7b3e63e3ff6817049ded59a8dfd4408d5b74c5",
        "@PARENT": "root.record.ItemExhibitList.P5Item.CostElementCategoryList.PackageFielding.Recurring.CostElementList.CostElement.ManufacturerList.Manufacturer.HistoryPlanningList.HistoryPlanning"
    },
    {
        "Month_val": "2016-10",
        "Amount_val": "1",
        "@SOURCE_FILENAME": "2017-BASE_PROCUREMENT-2017-AIRFORCE_OTHER-U_PROCUREMENT_MasterJustificationBook_Air_Force_PB_2017.zzz_unzipped-U_PROCUREMENT_MasterJustificationBook_Air_Force_PB_2017.xml",
        "@RECORDID": "c65c2d0ea2fabef820926a6a818da5c6319f34ef25a69b14de78ceb6be599d12",
        "@ROWID": "0-d9ba11803a5c5e552e17c961d4c0d2cff9c9957404a05b715fba354385e90e9e",
        "@PARENTROWID": "0-a21f44a047a21e5ef61d62de43111eb8286249de3e2282fdcfb5484bbf5d2a1e",
        "@PARENT": "root.record.ItemExhibitList.P5Item.CostElementCategoryList.PackageFielding.Recurring.CostElementList.CostElement.ManufacturerList.Manufacturer.HistoryPlanningList.HistoryPlanning"
    },
    {
        "Month_val": "2017-02",
        "Amount_val": "1",
        "@SOURCE_FILENAME": "2017-BASE_PROCUREMENT-2017-AIRFORCE_OTHER-U_PROCUREMENT_MasterJustificationBook_Air_Force_PB_2017.zzz_unzipped-U_PROCUREMENT_MasterJustificationBook_Air_Force_PB_2017.xml",
        "@RECORDID": "c65c2d0ea2fabef820926a6a818da5c6319f34ef25a69b14de78ceb6be599d12",
        "@ROWID": "0-cb4426cadda0be2ab4d86138b74bcf11bac2e564b265e9d34b8d15e88c482d15",
        "@PARENTROWID": "1-f1f55c32d68028d22902f6c9c33c9131446747490cef80e7a63dca779cf4da77",
        "@PARENT": "root.record.ItemExhibitList.P5Item.CostElementCategoryList.PackageFielding.Recurring.CostElementList.CostElement.ManufacturerList.Manufacturer.HistoryPlanningList.HistoryPlanning"
    },
    {
        "Month_val": "2017-03",
        "Amount_val": "1",
        "@SOURCE_FILENAME": "2017-BASE_PROCUREMENT-2017-AIRFORCE_OTHER-U_PROCUREMENT_MasterJustificationBook_Air_Force_PB_2017.zzz_unzipped-U_PROCUREMENT_MasterJustificationBook_Air_Force_PB_2017.xml",
        "@RECORDID": "c65c2d0ea2fabef820926a6a818da5c6319f34ef25a69b14de78ceb6be599d12",
        "@ROWID": "1-53fd79bcb69d6f9611ac6ea4fee9d9beca1817d7a8fd125cca035993ce398e80",
        "@PARENTROWID": "1-f1f55c32d68028d22902f6c9c33c9131446747490cef80e7a63dca779cf4da77",
        "@PARENT": "root.record.ItemExhibitList.P5Item.CostElementCategoryList.PackageFielding.Recurring.CostElementList.CostElement.ManufacturerList.Manufacturer.HistoryPlanningList.HistoryPlanning"
    },
    {
        "Month_val": "2018-02",
        "Amount_val": "1",
        "@SOURCE_FILENAME": "2017-BASE_PROCUREMENT-2017-AIRFORCE_OTHER-U_PROCUREMENT_MasterJustificationBook_Air_Force_PB_2017.zzz_unzipped-U_PROCUREMENT_MasterJustificationBook_Air_Force_PB_2017.xml",
        "@RECORDID": "c65c2d0ea2fabef820926a6a818da5c6319f34ef25a69b14de78ceb6be599d12",
        "@ROWID": "0-5e6fe2433438a064f4db8e2ca7820f9cfbd684a641ce967b9b02600854079177",
        "@PARENTROWID": "2-41648f6fa3b47ca098a55cdead92d1a71d343885e66767ed50b6381365c59d71",
        "@PARENT": "root.record.ItemExhibitList.P5Item.CostElementCategoryList.PackageFielding.Recurring.CostElementList.CostElement.ManufacturerList.Manufacturer.HistoryPlanningList.HistoryPlanning"
    },
    {
        "Month_val": "2018-03",
        "Amount_val": "1",
        "@SOURCE_FILENAME": "2017-BASE_PROCUREMENT-2017-AIRFORCE_OTHER-U_PROCUREMENT_MasterJustificationBook_Air_Force_PB_2017.zzz_unzipped-U_PROCUREMENT_MasterJustificationBook_Air_Force_PB_2017.xml",
        "@RECORDID": "c65c2d0ea2fabef820926a6a818da5c6319f34ef25a69b14de78ceb6be599d12",
        "@ROWID": "1-b55cffa378f1e8ba5bf03120c0a5406951934ecb70f23a7b9fced9618b3afae1",
        "@PARENTROWID": "2-41648f6fa3b47ca098a55cdead92d1a71d343885e66767ed50b6381365c59d71",
        "@PARENT": "root.record.ItemExhibitList.P5Item.CostElementCategoryList.PackageFielding.Recurring.CostElementList.CostElement.ManufacturerList.Manufacturer.HistoryPlanningList.HistoryPlanning"
    },
    {
        "Month_val": "2018-04",
        "Amount_val": "1",
        "@SOURCE_FILENAME": "2017-BASE_PROCUREMENT-2017-AIRFORCE_OTHER-U_PROCUREMENT_MasterJustificationBook_Air_Force_PB_2017.zzz_unzipped-U_PROCUREMENT_MasterJustificationBook_Air_Force_PB_2017.xml",
        "@RECORDID": "c65c2d0ea2fabef820926a6a818da5c6319f34ef25a69b14de78ceb6be599d12",
        "@ROWID": "2-c9c7863c885908c64c8ec9d99a79b78bc2f4fe859a5b29fc716ca5cbfc5f77ea",
        "@PARENTROWID": "2-41648f6fa3b47ca098a55cdead92d1a71d343885e66767ed50b6381365c59d71",
        "@PARENT": "root.record.ItemExhibitList.P5Item.CostElementCategoryList.PackageFielding.Recurring.CostElementList.CostElement.ManufacturerList.Manufacturer.HistoryPlanningList.HistoryPlanning"
    }
]