[
    {
        "Month_val": "2016-10",
        "Amount_val": "1",
        "@SOURCE_FILENAME": "2017-BASE_PROCUREMENT-2017-AIRFORCE_OTHER-U_PROCUREMENT_JustificationBook_Air_Force_PB_2017.zzz_unzipped-U_PROCUREMENT_JustificationBook_Air_Force_PB_2017.xml",
        "@RECORDID": "bcc662e800dc8bb76a8285528cc168abcc6312deba5f8a8505391946132986f2",
        "@ROWID": "0-48456cdafdf7f65933ead3e5b2e3e311b027ce1ed5cba5b7d76cd905fdb84cdd",
        "@PARENTROWID": "0-b40ff7255e56362d813b92dc1c6b0b4632cef437091133c10cd70ecb523386eb",
        "@PARENT": "root.record.ItemExhibitList.P5Item.CostElementCategoryList.PackageFielding.Recurring.CostElementList.CostElement.ManufacturerList.Manufacturer.HistoryPlanningList.HistoryPlanning"
    },
    {
        "Month_val": "2017-02",
        "Amount_val": "1",
        "@SOURCE_FILENAME": "2017-BASE_PROCUREMENT-2017-AIRFORCE_OTHER-U_PROCUREMENT_JustificationBook_Air_Force_PB_2017.zzz_unzipped-U_PROCUREMENT_JustificationBook_Air_Force_PB_2017.xml",
        "@RECORDID": "bcc662e800dc8bb76a8285528cc168abcc6312deba5f8a8505391946132986f2",
        "@ROWID": "0-fc98cd035467b58b9a64bebb703dfd873afcf10a70dc09d37f31cc46dc787bac",
        "@PARENTROWID": "1-aead7987891da2e585f639aa08c6f302ec935e61f5507f3a518448deb1104efd",
        "@PARENT": "root.record.ItemExhibitList.P5Item.CostElementCategoryList.PackageFielding.Recurring.CostElementList.CostElement.ManufacturerList.Manufacturer.HistoryPlanningList.HistoryPlanning"
    },
    {
        "Month_val": "2017-03",
        "Amount_val": "1",
        "@SOURCE_FILENAME": "2017-BASE_PROCUREMENT-2017-AIRFORCE_OTHER-U_PROCUREMENT_JustificationBook_Air_Force_PB_2017.zzz_unzipped-U_PROCUREMENT_JustificationBook_Air_Force_PB_2017.xml",
        "@RECORDID": "bcc662e800dc8bb76a8285528cc168abcc6312deba5f8a8505391946132986f2",
        "@ROWID": "1-556fc1dbf747015d6317fb62db13d7619f6438ae468c806bb357b694fca10dac",
        "@PARENTROWID": "1-aead7987891da2e585f639aa08c6f302ec935e61f5507f3a518448deb1104efd",
        "@PARENT": "root.record.ItemExhibitList.P5Item.CostElementCategoryList.PackageFielding.Recurring.CostElementList.CostElement.ManufacturerList.Manufacturer.HistoryPlanningList.HistoryPlanning"
    },
    {
        "Month_val": "2018-02",
        "Amount_val": "1",
        "@SOURCE_FILENAME": "2017-BASE_PROCUREMENT-2017-AIRFORCE_OTHER-U_PROCUREMENT_JustificationBook_Air_Force_PB_2017.zzz_unzipped-U_PROCUREMENT_JustificationBook_Air_Force_PB_2017.xml",
        "@RECORDID": "bcc662e800dc8bb76a8285528cc168abcc6312deba5f8a8505391946132986f2",
        "@ROWID": "0-3ff95234828ec11599c68f6d3b7c748a1385d785b02e1a298d5041a501c160ae",
        "@PARENTROWID": "2-eea3f46050a3a795b10f6e1121d4d558a246a0c45b65cfc1d4c542b4e1d164a2",
        "@PARENT": "root.record.ItemExhibitList.P5Item.CostElementCategoryList.PackageFielding.Recurring.CostElementList.CostElement.ManufacturerList.Manufacturer.HistoryPlanningList.HistoryPlanning"
    },
    {
        "Month_val": "2018-03",
        "Amount_val": "1",
        "@SOURCE_FILENAME": "2017-BASE_PROCUREMENT-2017-AIRFORCE_OTHER-U_PROCUREMENT_JustificationBook_Air_Force_PB_2017.zzz_unzipped-U_PROCUREMENT_JustificationBook_Air_Force_PB_2017.xml",
        "@RECORDID": "bcc662e800dc8bb76a8285528cc168abcc6312deba5f8a8505391946132986f2",
        "@ROWID": "1-84d071a39e09fced375b00ab97e89b57b9f0d4c5ff3cca6813ec967ced8a40f0",
        "@PARENTROWID": "2-eea3f46050a3a795b10f6e1121d4d558a246a0c45b65cfc1d4c542b4e1d164a2",
        "@PARENT": "root.record.ItemExhibitList.P5Item.CostElementCategoryList.PackageFielding.Recurring.CostElementList.CostElement.ManufacturerList.Manufacturer.HistoryPlanningList.HistoryPlanning"
    },
    {
        "Month_val": "2018-04",
        "Amount_val": "1",
        "@SOURCE_FILENAME": "2017-BASE_PROCUREMENT-2017-AIRFORCE_OTHER-U_PROCUREMENT_JustificationBook_Air_Force_PB_2017.zzz_unzipped-U_PROCUREMENT_JustificationBook_Air_Force_PB_2017.xml",
        "@RECORDID": "bcc662e800dc8bb76a8285528cc168abcc6312deba5f8a8505391946132986f2",
        "@ROWID": "2-49891e090a77229544d4fe778b3b7e2b464d1ee5e6360d7c2f60697e4d12b17d",
        "@PARENTROWID": "2-eea3f46050a3a795b10f6e1121d4d558a246a0c45b65cfc1d4c542b4e1d164a2",
        "@PARENT": "root.record.ItemExhibitList.P5Item.CostElementCategoryList.PackageFielding.Recurring.CostElementList.CostElement.ManufacturerList.Manufacturer.HistoryPlanningList.HistoryPlanning"
    },
    {
        "Month_val": "2016-10",
        "Amount_val": "1",
        "@SOURCE_FILENAME": "2017-BASE_PROCUREMENT-2017-AIRFORCE_OTHER-U_PROCUREMENT_MasterJustificationBook_Air_Force_PB_2017.zzz_unzipped-U_PROCUREMENT_MasterJustificationBook_Air_Force_PB_2017.xml",
        "@RECORDID": "c65c2d0ea2fabef820926a6a818da5c6319f34ef25a69b14de78ceb6be599d12",
        "@ROWID": "0-e7416046df5630d9db062d2c64fb251878cbd7fbd2923fbb171633177d2e8bf7",
        "@PARENTROWID": "0-cbbfbff09686cae9c9eba868d270c1492cdf86966caece732c87821c1efb483d",
        "@PARENT": "root.record.ItemExhibitList.P5Item.CostElementCategoryList.PackageFielding.Recurring.CostElementList.CostElement.ManufacturerList.Manufacturer.HistoryPlanningList.HistoryPlanning"
    },
    {
        "Month_val": "2017-02",
        "Amount_val": "1",
        "@SOURCE_FILENAME": "2017-BASE_PROCUREMENT-2017-AIRFORCE_OTHER-U_PROCUREMENT_MasterJustificationBook_Air_Force_PB_2017.zzz_unzipped-U_PROCUREMENT_MasterJustificationBook_Air_Force_PB_2017.xml",
        "@RECORDID": "c65c2d0ea2fabef820926a6a818da5c6319f34ef25a69b14de78ceb6be599d12",
        "@ROWID": "0-3fc58bdbac093bf2ec5a1614f270d14d557485994e390f304ae5ed3edfdb276b",
        "@PARENTROWID": "1-7d21671fa96630043f9a703bc02e1f93ea6c5c77912fa3c1d436d06dd0ad8a35",
        "@PARENT": "root.record.ItemExhibitList.P5Item.CostElementCategoryList.PackageFielding.Recurring.CostElementList.CostElement.ManufacturerList.Manufacturer.HistoryPlanningList.HistoryPlanning"
    },
    {
        "Month_val": "2017-03",
        "Amount_val": "1",
        "@SOURCE_FILENAME": "2017-BASE_PROCUREMENT-2017-AIRFORCE_OTHER-U_PROCUREMENT_MasterJustificationBook_Air_Force_PB_2017.zzz_unzipped-U_PROCUREMENT_MasterJustificationBook_Air_Force_PB_2017.xml",
        "@RECORDID": "c65c2d0ea2fabef820926a6a818da5c6319f34ef25a69b14de78ceb6be599d12",
        "@ROWID": "1-33f26c1b1286ab4d39f1b2d3a035d239a5e2c3d6e4def096c223de0736a1322b",
        "@PARENTROWID": "1-7d21671fa96630043f9a703bc02e1f93ea6c5c77912fa3c1d436d06dd0ad8a35",
        "@PARENT": "root.record.ItemExhibitList.P5Item.CostElementCategoryList.PackageFielding.Recurring.CostElementList.CostElement.ManufacturerList.Manufacturer.HistoryPlanningList.HistoryPlanning"
    },
    {
        "Month_val": "2018-02",
        "Amount_val": "1",
        "@SOURCE_FILENAME": "2017-BASE_PROCUREMENT-2017-AIRFORCE_OTHER-U_PROCUREMENT_MasterJustificationBook_Air_Force_PB_2017.zzz_unzipped-U_PROCUREMENT_MasterJustificationBook_Air_Force_PB_2017.xml",
        "@RECORDID": "c65c2d0ea2fabef820926a6a818da5c6319f34ef25a69b14de78ceb6be599d12",
        "@ROWID": "0-2b2b6de763329cfabbeead873095c3ba1c4b1d9c3356ee2fec0c203434ade476",
        "@PARENTROWID": "2-fc9574b9cc40522ac83a5a17711f69a00e9585af764c24384f2ae656884aea90",
        "@PARENT": "root.record.ItemExhibitList.P5Item.CostElementCategoryList.PackageFielding.Recurring.CostElementList.CostElement.ManufacturerList.Manufacturer.HistoryPlanningList.HistoryPlanning"
    },
    {
        "Month_val": "2018-03",
        "Amount_val": "1",
        "@SOURCE_FILENAME": "2017-BASE_PROCUREMENT-2017-AIRFORCE_OTHER-U_PROCUREMENT_MasterJustificationBook_Air_Force_PB_2017.zzz_unzipped-U_PROCUREMENT_MasterJustificationBook_Air_Force_PB_2017.xml",
        "@RECORDID": "c65c2d0ea2fabef820926a6a818da5c6319f34ef25a69b14de78ceb6be599d12",
        "@ROWID": "1-f87b56841eb26d7760597334361943c316e6758ac3354410c6caa481c8315e45",
        "@PARENTROWID": "2-fc9574b9cc40522ac83a5a17711f69a00e9585af764c24384f2ae656884aea90",
        "@PARENT": "root.record.ItemExhibitList.P5Item.CostElementCategoryList.PackageFielding.Recurring.CostElementList.CostElement.ManufacturerList.Manufacturer.HistoryPlanningList.HistoryPlanning"
    },
    {
        "Month_val": "2018-04",
        "Amount_val": "1",
        "@SOURCE_FILENAME": "2017-BASE_PROCUREMENT-2017-AIRFORCE_OTHER-U_PROCUREMENT_MasterJustificationBook_Air_Force_PB_2017.zzz_unzipped-U_PROCUREMENT_MasterJustificationBook_Air_Force_PB_2017.xml",
        "@RECORDID": "c65c2d0ea2fabef820926a6a818da5c6319f34ef25a69b14de78ceb6be599d12",
        "@ROWID": "2-7aeaf201aded5e962ea153f2661e9441175b306f477f0ddd46974e4224ad2aa4",
        "@PARENTROWID": "2-fc9574b9cc40522ac83a5a17711f69a00e9585af764c24384f2ae656884aea90",
        "@PARENT": "root.record.ItemExhibitList.P5Item.CostElementCategoryList.PackageFielding.Recurring.CostElementList.CostElement.ManufacturerList.Manufacturer.HistoryPlanningList.HistoryPlanning"
    }
]