Month_val,Amount_val,@SOURCE_FILENAME,@RECORDID,@ROWID,@PARENTROWID,@PARENT
"2014-02","1","2015-BASE_PROCUREMENT-2015-AIRFORCE_MISSILE-PROCUREMENT_JustificationBook_Air_Force_PB_2015.zzz_unzipped-PROCUREMENT_JustificationBook_Air_Force_PB_2015.xml","04ba31003147d065bb7b0469d96856c0e467991933cc18cbefa9e3616265b178","0-11e069ecd606d74f13dd42b432fe6897e61965bfb0feac1fde85e1cbea58bbbd","0-b25db470bc64d8ddcf69db650f30ea7c37a80231a67d08c13c5808a8a06663f8","root.record.ItemExhibitList.P5Item.CostElementCategoryList.Launch.Recurring.CostElementList.CostElement.ManufacturerList.Manufacturer.HistoryPlanningList.HistoryPlanning"
"2015-02","1","2015-BASE_PROCUREMENT-2015-AIRFORCE_MISSILE-PROCUREMENT_JustificationBook_Air_Force_PB_2015.zzz_unzipped-PROCUREMENT_JustificationBook_Air_Force_PB_2015.xml","04ba31003147d065bb7b0469d96856c0e467991933cc18cbefa9e3616265b178","1-e3fab5a74277ae6141dddfddecdc943dd1360413e3c258ad8fa00babdf260745","0-b25db470bc64d8ddcf69db650f30ea7c37a80231a67d08c13c5808a8a06663f8","root.record.ItemExhibitList.P5Item.CostElementCategoryList.Launch.Recurring.CostElementList.CostElement.ManufacturerList.Manufacturer.HistoryPlanningList.HistoryPlanning"
"2012-01","2","2015-BASE_PROCUREMENT-2015-AIRFORCE_MISSILE-PROCUREMENT_JustificationBook_Air_Force_PB_2015.zzz_unzipped-PROCUREMENT_JustificationBook_Air_Force_PB_2015.xml","04ba31003147d065bb7b0469d96856c0e467991933cc18cbefa9e3616265b178","0-eff8296d970c9e62c81139f0bd1a33b2d042c826b65843eed66545a0c6247c9c","1-716710f59af17f443f38626e7dc0e58d46f181423a9d51617abb640d1e93c49b","root.record.ItemExhibitList.P5Item.CostElementCategoryList.Launch.Recurring.CostElementList.CostElement.ManufacturerList.Manufacturer.HistoryPlanningList.HistoryPlanning"
"2014-05","1","2015-BASE_PROCUREMENT-2015-AIRFORCE_MISSILE-PROCUREMENT_JustificationBook_Air_Force_PB_2015.zzz_unzipped-PROCUREMENT_JustificationBook_Air_Force_PB_2015.xml","04ba31003147d065bb7b0469d96856c0e467991933cc18cbefa9e3616265b178","1-4c9157c8a0226bdecac7462709fb01bb1c71f82b67d39231c68a47ae62b1677e","1-716710f59af17f443f38626e7dc0e58d46f181423a9d51617abb640d1e93c49b","root.record.ItemExhibitList.P5Item.CostElementCategoryList.Launch.Recurring.CostElementList.CostElement.ManufacturerList.Manufacturer.HistoryPlanningList.HistoryPlanning"
"2013-07","2","2015-BASE_PROCUREMENT-2015-AIRFORCE_MISSILE-PROCUREMENT_JustificationBook_Air_Force_PB_2015.zzz_unzipped-PROCUREMENT_JustificationBook_Air_Force_PB_2015.xml","04ba31003147d065bb7b0469d96856c0e467991933cc18cbefa9e3616265b178","0-49553983829c7b8c98b1b5cb9f8e5c2d4e156d209620d3646e1797f57abcbe19","2-e81d72883c4efafc6293bd4a9d25e817c08b3a158d1ec1528e4a1467bd2e0432","root.record.ItemExhibitList.P5Item.CostElementCategoryList.Launch.Recurring.CostElementList.CostElement.ManufacturerList.Manufacturer.HistoryPlanningList.HistoryPlanning"
"2014-12","1","2015-BASE_PROCUREMENT-2015-AIRFORCE_MISSILE-PROCUREMENT_JustificationBook_Air_Force_PB_2015.zzz_unzipped-PROCUREMENT_JustificationBook_Air_Force_PB_2015.xml","04ba31003147d065bb7b0469d96856c0e467991933cc18cbefa9e3616265b178","1-0beef78484110fdaf2db327df8184e599322fc1848d6271c8d2744d3120c8031","2-e81d72883c4efafc6293bd4a9d25e817c08b3a158d1ec1528e4a1467bd2e0432","root.record.ItemExhibitList.P5Item.CostElementCategoryList.Launch.Recurring.CostElementList.CostElement.ManufacturerList.Manufacturer.HistoryPlanningList.HistoryPlanning"
"2014-10","3","2015-BASE_PROCUREMENT-2015-AIRFORCE_MISSILE-PROCUREMENT_JustificationBook_Air_Force_PB_2015.zzz_unzipped-PROCUREMENT_JustificationBook_Air_Force_PB_2015.xml","04ba31003147d065bb7b0469d96856c0e467991933cc18cbefa9e3616265b178","0-b857d6c2a2fb31a6a5d1ed25ed35109f5a766cf9d1c1c78de78c4feb225b3f53","3-c5ee2ec66822a72faf76885b355cd71df822ca1aa663144b5e170b51ba953690","root.record.ItemExhibitList.P5Item.CostElementCategoryList.Launch.Recurring.CostElementList.CostElement.ManufacturerList.Manufacturer.HistoryPlanningList.HistoryPlanning"
"2015-10","1","2015-BASE_PROCUREMENT-2015-AIRFORCE_MISSILE-PROCUREMENT_JustificationBook_Air_Force_PB_2015.zzz_unzipped-PROCUREMENT_JustificationBook_Air_Force_PB_2015.xml","04ba31003147d065bb7b0469d96856c0e467991933cc18cbefa9e3616265b178","1-c8d9241b191b7eb7fb975a81699e2cabb3c28f94be95aacea0158eb841e9b148","3-c5ee2ec66822a72faf76885b355cd71df822ca1aa663144b5e170b51ba953690","root.record.ItemExhibitList.P5Item.CostElementCategoryList.Launch.Recurring.CostElementList.CostElement.ManufacturerList.Manufacturer.HistoryPlanningList.HistoryPlanning"
"2015-12","4","2015-BASE_PROCUREMENT-2015-AIRFORCE_MISSILE-PROCUREMENT_JustificationBook_Air_Force_PB_2015.zzz_unzipped-PROCUREMENT_JustificationBook_Air_Force_PB_2015.xml","04ba31003147d065bb7b0469d96856c0e467991933cc18cbefa9e3616265b178","0-599f784ba337ff11f0c756108d74067fd439fa759788d54844523ec077a61e9e","4-4da3c360f2c5bc8c010f9c5331bff4dbf694261f9539229cfb5f9e9a887958f1","root.record.ItemExhibitList.P5Item.CostElementCategoryList.Launch.Recurring.CostElementList.CostElement.ManufacturerList.Manufacturer.HistoryPlanningList.HistoryPlanning"
"2016-10","1","2015-BASE_PROCUREMENT-2015-AIRFORCE_MISSILE-PROCUREMENT_JustificationBook_Air_Force_PB_2015.zzz_unzipped-PROCUREMENT_JustificationBook_Air_Force_PB_2015.xml","04ba31003147d065bb7b0469d96856c0e467991933cc18cbefa9e3616265b178","1-409a11c4717bb9b15af9d1ad9845437f9bd150ee1309f530fa06783090bb3660","4-4da3c360f2c5bc8c010f9c5331bff4dbf694261f9539229cfb5f9e9a887958f1","root.record.ItemExhibitList.P5Item.CostElementCategoryList.Launch.Recurring.CostElementList.CostElement.ManufacturerList.Manufacturer.HistoryPlanningList.HistoryPlanning"
"2014-01","2","2015-BASE_PROCUREMENT-2015-AIRFORCE_MISSILE-PROCUREMENT_JustificationBook_Air_Force_PB_2015.zzz_unzipped-PROCUREMENT_JustificationBook_Air_Force_PB_2015.xml","04ba31003147d065bb7b0469d96856c0e467991933cc18cbefa9e3616265b178","0-6a204ba41cca422abeec98b3bb3c8ebd7298ec9dbfbaaa8a5bd7850dcfce79b6","0-4957f23a10361f30d9a9ecd0ea879cf09117091f04176ee45b4b89c2b5fb6e98","root.record.ItemExhibitList.P5Item.CostElementCategoryList.Launch.Recurring.CostElementList.CostElement.ManufacturerList.Manufacturer.HistoryPlanningList.HistoryPlanning"
"2015-04","1","2015-BASE_PROCUREMENT-2015-AIRFORCE_MISSILE-PROCUREMENT_JustificationBook_Air_Force_PB_2015.zzz_unzipped-PROCUREMENT_JustificationBook_Air_Force_PB_2015.xml","04ba31003147d065bb7b0469d96856c0e467991933cc18cbefa9e3616265b178","1-25979a7fd2844e63737792e22d6ab62f5727bda75227e7f69a5935148c3beacf","0-4957f23a10361f30d9a9ecd0ea879cf09117091f04176ee45b4b89c2b5fb6e98","root.record.ItemExhibitList.P5Item.CostElementCategoryList.Launch.Recurring.CostElementList.CostElement.ManufacturerList.Manufacturer.HistoryPlanningList.HistoryPlanning"
"2015-08","1","2015-BASE_PROCUREMENT-2015-AIRFORCE_MISSILE-PROCUREMENT_JustificationBook_Air_Force_PB_2015.zzz_unzipped-PROCUREMENT_JustificationBook_Air_Force_PB_2015.xml","04ba31003147d065bb7b0469d96856c0e467991933cc18cbefa9e3616265b178","2-3240d1c2868cc3a42cce199fde34bfdc1bdc12812b502987183c076916b58236","0-4957f23a10361f30d9a9ecd0ea879cf09117091f04176ee45b4b89c2b5fb6e98","root.record.ItemExhibitList.P5Item.CostElementCategoryList.Launch.Recurring.CostElementList.CostElement.ManufacturerList.Manufacturer.HistoryPlanningList.HistoryPlanning"
"2015-09","1","2015-BASE_PROCUREMENT-2015-AIRFORCE_MISSILE-PROCUREMENT_JustificationBook_Air_Force_PB_2015.zzz_unzipped-PROCUREMENT_JustificationBook_Air_Force_PB_2015.xml","04ba31003147d065bb7b0469d96856c0e467991933cc18cbefa9e3616265b178","3-479e50480f8ede95d43039eb4df83a95a86721f032c6aeb557ef6aa5f5147218","0-4957f23a10361f30d9a9ecd0ea879cf09117091f04176ee45b4b89c2b5fb6e98","root.record.ItemExhibitList.P5Item.CostElementCategoryList.Launch.Recurring.CostElementList.CostElement.ManufacturerList.Manufacturer.HistoryPlanningList.HistoryPlanning"
"2016-10","3","2015-BASE_PROCUREMENT-2015-AIRFORCE_MISSILE-PROCUREMENT_JustificationBook_Air_Force_PB_2015.zzz_unzipped-PROCUREMENT_JustificationBook_Air_Force_PB_2015.xml","04ba31003147d065bb7b0469d96856c0e467991933cc18cbefa9e3616265b178","0-15d8f8687b2b2d36eab67efb30848024be0cea83287e062e9c109d1943a0a6e6","0-e0ac79632bd17391bef44ad7742e7a136648842a96615e5e7c6bdbba863da12b","root.record.ItemExhibitList.P5Item.CostElementCategoryList.Launch.Recurring.CostElementList.CostElement.ManufacturerList.Manufacturer.HistoryPlanningList.HistoryPlanning"
"2017-10","4","2015-BASE_PROCUREMENT-2015-AIRFORCE_MISSILE-PROCUREMENT_JustificationBook_Air_Force_PB_2015.zzz_unzipped-PROCUREMENT_JustificationBook_Air_Force_PB_2015.xml","04ba31003147d065bb7b0469d96856c0e467991933cc18cbefa9e3616265b178","0-a8a332b18daf53406e6e7b75153a1a68b34353620153787aa2a6938dd3efb8fa","1-bc580a49c15332725ea9efd4e29ac946e7dcf21924ee6053e4905eca371ec81a","root.record.ItemExhibitList.P5Item.CostElementCategoryList.Launch.Recurring.CostElementList.CostElement.ManufacturerList.Manufacturer.HistoryPlanningList.HistoryPlanning"
"2018-10","5","2015-BASE_PROCUREMENT-2015-AIRFORCE_MISSILE-PROCUREMENT_JustificationBook_Air_Force_PB_2015.zzz_unzipped-PROCUREMENT_JustificationBook_Air_Force_PB_2015.xml","04ba31003147d065bb7b0469d96856c0e467991933cc18cbefa9e3616265b178","0-2b274946e5a6df48205ea3492dc5812201aa7351e8eac4a5688146d602b8591d","2-e46bc31ef06c0220b0e6c7696243bd96edf8d904225b58d1ae6dab537ee90a1c","root.record.ItemExhibitList.P5Item.CostElementCategoryList.Launch.Recurring.CostElementList.CostElement.ManufacturerList.Manufacturer.HistoryPlanningList.HistoryPlanning"
"2019-10","4","2015-BASE_PROCUREMENT-2015-AIRFORCE_MISSILE-PROCUREMENT_JustificationBook_Air_Force_PB_2015.zzz_unzipped-PROCUREMENT_JustificationBook_Air_Force_PB_2015.xml","04ba31003147d065bb7b0469d96856c0e467991933cc18cbefa9e3616265b178","0-fd74b2c36347b7d5bd599ad3031233c08caf2ec5a2ef2bc059aa01645359a7ae","0-71ca042df3bf8552ec392b7c389445a9eb7a62fa7e9d713d180b1ea5e6ae57d0","root.record.ItemExhibitList.P5Item.CostElementCategoryList.Launch.Recurring.CostElementList.CostElement.ManufacturerList.Manufacturer.HistoryPlanningList.HistoryPlanning"
"2020-10","5","2015-BASE_PROCUREMENT-2015-AIRFORCE_MISSILE-PROCUREMENT_JustificationBook_Air_Force_PB_2015.zzz_unzipped-PROCUREMENT_JustificationBook_Air_Force_PB_2015.xml","04ba31003147d065bb7b0469d96856c0e467991933cc18cbefa9e3616265b178","0-423cd074d490d316a4b1900fce7d41f72a842381172547eb15fab8ab715b4e6a","1-398d8b3160af397c150cd192ed435ec89b2b1c1147391e134d23a7d1efe80a25","root.record.ItemExhibitList.P5Item.CostElementCategoryList.Launch.Recurring.CostElementList.CostElement.ManufacturerList.Manufacturer.HistoryPlanningList.HistoryPlanning"
"2014-02","1","2015-BASE_PROCUREMENT-2015-AIRFORCE_MISSILE-PROCUREMENT_MasterJustificationBook_Air_Force_PB_2015.zzz_unzipped-PROCUREMENT_MasterJustificationBook_Air_Force_PB_2015.xml","3abf8b64467cbed6c01c156005d72134c5ac025da35c8ec98beeec4ffadf8568","0-62a8df406ae33c018c6cdb8a6724ede282aa7427fbbac667d4fa13f4f794881a","0-9a458093dc189fb3280b3c67aa3e56bccdfde7b493e6d822f4963b8fc9c67dd0","root.record.ItemExhibitList.P5Item.CostElementCategoryList.Launch.Recurring.CostElementList.CostElement.ManufacturerList.Manufacturer.HistoryPlanningList.HistoryPlanning"
"2015-02","1","2015-BASE_PROCUREMENT-2015-AIRFORCE_MISSILE-PROCUREMENT_MasterJustificationBook_Air_Force_PB_2015.zzz_unzipped-PROCUREMENT_MasterJustificationBook_Air_Force_PB_2015.xml","3abf8b64467cbed6c01c156005d72134c5ac025da35c8ec98beeec4ffadf8568","1-e9d2982e184b76c450a6e4bbc0bf36ffed1e72016152b9d59e6efa1a0f66542f","0-9a458093dc189fb3280b3c67aa3e56bccdfde7b493e6d822f4963b8fc9c67dd0","root.record.ItemExhibitList.P5Item.CostElementCategoryList.Launch.Recurring.CostElementList.CostElement.ManufacturerList.Manufacturer.HistoryPlanningList.HistoryPlanning"
"2012-01","2","2015-BASE_PROCUREMENT-2015-AIRFORCE_MISSILE-PROCUREMENT_MasterJustificationBook_Air_Force_PB_2015.zzz_unzipped-PROCUREMENT_MasterJustificationBook_Air_Force_PB_2015.xml","3abf8b64467cbed6c01c156005d72134c5ac025da35c8ec98beeec4ffadf8568","0-adcce18514319a2691729220e05efc55e45f837139966921479c58f4c5002d6f","1-9e92d41e98745281ac4dec698ef7b6c5a1a7029512dbe49e48c93bcaee3a1015","root.record.ItemExhibitList.P5Item.CostElementCategoryList.Launch.Recurring.CostElementList.CostElement.ManufacturerList.Manufacturer.HistoryPlanningList.HistoryPlanning"
"2014-05","1","2015-BASE_PROCUREMENT-2015-AIRFORCE_MISSILE-PROCUREMENT_MasterJustificationBook_Air_Force_PB_2015.zzz_unzipped-PROCUREMENT_MasterJustificationBook_Air_Force_PB_2015.xml","3abf8b64467cbed6c01c156005d72134c5ac025da35c8ec98beeec4ffadf8568","1-cc82f498df1d58aaf0ffb36ea7778c7d4d865c3d5086157d4e1839e2404812f1","1-9e92d41e98745281ac4dec698ef7b6c5a1a7029512dbe49e48c93bcaee3a1015","root.record.ItemExhibitList.P5Item.CostElementCategoryList.Launch.Recurring.CostElementList.CostElement.ManufacturerList.Manufacturer.HistoryPlanningList.HistoryPlanning"
"2013-07","2","2015-BASE_PROCUREMENT-2015-AIRFORCE_MISSILE-PROCUREMENT_MasterJustificationBook_Air_Force_PB_2015.zzz_unzipped-PROCUREMENT_MasterJustificationBook_Air_Force_PB_2015.xml","3abf8b64467cbed6c01c156005d72134c5ac025da35c8ec98beeec4ffadf8568","0-9546f475140fcb5909c73993bf37804f3954390a3eab97e90eb9b0bd2fddb964","2-ee5412d34f3162c9c021ce405e17389f0e7a409a2fcc741663e43adf4a469c47","root.record.ItemExhibitList.P5Item.CostElementCategoryList.Launch.Recurring.CostElementList.CostElement.ManufacturerList.Manufacturer.HistoryPlanningList.HistoryPlanning"
"2014-12","1","2015-BASE_PROCUREMENT-2015-AIRFORCE_MISSILE-PROCUREMENT_MasterJustificationBook_Air_Force_PB_2015.zzz_unzipped-PROCUREMENT_MasterJustificationBook_Air_Force_PB_2015.xml","3abf8b64467cbed6c01c156005d72134c5ac025da35c8ec98beeec4ffadf8568","1-c49d19ecc89062afe603b97b2b556b3771812c0e54d81ff83f953adf04c5e120","2-ee5412d34f3162c9c021ce405e17389f0e7a409a2fcc741663e43adf4a469c47","root.record.ItemExhibitList.P5Item.CostElementCategoryList.Launch.Recurring.CostElementList.CostElement.ManufacturerList.Manufacturer.HistoryPlanningList.HistoryPlanning"
"2014-10","3","2015-BASE_PROCUREMENT-2015-AIRFORCE_MISSILE-PROCUREMENT_MasterJustificationBook_Air_Force_PB_2015.zzz_unzipped-PROCUREMENT_MasterJustificationBook_Air_Force_PB_2015.xml","3abf8b64467cbed6c01c156005d72134c5ac025da35c8ec98beeec4ffadf8568","0-d5813a3470a28d651de99554132ff53e409900739a314e31bab10b12fb350cdc","3-e17dccbcab48f9f781c71efc273ed274e51a604e5dbc3d7c46e71f80321c40e0","root.record.ItemExhibitList.P5Item.CostElementCategoryList.Launch.Recurring.CostElementList.CostElement.ManufacturerList.Manufacturer.HistoryPlanningList.HistoryPlanning"
"2015-10","1","2015-BASE_PROCUREMENT-2015-AIRFORCE_MISSILE-PROCUREMENT_MasterJustificationBook_Air_Force_PB_2015.zzz_unzipped-PROCUREMENT_MasterJustificationBook_Air_Force_PB_2015.xml","3abf8b64467cbed6c01c156005d72134c5ac025da35c8ec98beeec4ffadf8568","1-cfc2dfeeb7aba0e4abe66903a0115f83ebf925f8f013cd10cff73ea5a228c7a5","3-e17dccbcab48f9f781c71efc273ed274e51a604e5dbc3d7c46e71f80321c40e0","root.record.ItemExhibitList.P5Item.CostElementCategoryList.Launch.Recurring.CostElementList.CostElement.ManufacturerList.Manufacturer.HistoryPlanningList.HistoryPlanning"
"2015-12","4","2015-BASE_PROCUREMENT-2015-AIRFORCE_MISSILE-PROCUREMENT_MasterJustificationBook_Air_Force_PB_2015.zzz_unzipped-PROCUREMENT_MasterJustificationBook_Air_Force_PB_2015.xml","3abf8b64467cbed6c01c156005d72134c5ac025da35c8ec98beeec4ffadf8568","0-3ba4cb1bac15e21e6869d62a418f48e125dc0f366e2adfd4f9b05758bd60ac04","4-5263dffe296e07b53a035f04433c83aeb30f4372124f60ebdef4695ee1aebce4","root.record.ItemExhibitList.P5Item.CostElementCategoryList.Launch.Recurring.CostElementList.CostElement.ManufacturerList.Manufacturer.HistoryPlanningList.HistoryPlanning"
"2016-10","1","2015-BASE_PROCUREMENT-2015-AIRFORCE_MISSILE-PROCUREMENT_MasterJustificationBook_Air_Force_PB_2015.zzz_unzipped-PROCUREMENT_MasterJustificationBook_Air_Force_PB_2015.xml","3abf8b64467cbed6c01c156005d72134c5ac025da35c8ec98beeec4ffadf8568","1-61fce30b37a166cfdee21816ddf9efd8494b41a2d10fb8d49d54c2beced625c1","4-5263dffe296e07b53a035f04433c83aeb30f4372124f60ebdef4695ee1aebce4","root.record.ItemExhibitList.P5Item.CostElementCategoryList.Launch.Recurring.CostElementList.CostElement.ManufacturerList.Manufacturer.HistoryPlanningList.HistoryPlanning"
"2014-01","2","2015-BASE_PROCUREMENT-2015-AIRFORCE_MISSILE-PROCUREMENT_MasterJustificationBook_Air_Force_PB_2015.zzz_unzipped-PROCUREMENT_MasterJustificationBook_Air_Force_PB_2015.xml","3abf8b64467cbed6c01c156005d72134c5ac025da35c8ec98beeec4ffadf8568","0-e89f756b18725053d5eecd9b5293f0448f6e4ea81e2113135a8ec48362ea3b01","0-8b1aada9dceb82dffcd776baba76b93ea5687cea18693c5c2ab01e176e12becc","root.record.ItemExhibitList.P5Item.CostElementCategoryList.Launch.Recurring.CostElementList.CostElement.ManufacturerList.Manufacturer.HistoryPlanningList.HistoryPlanning"
"2015-04","1","2015-BASE_PROCUREMENT-2015-AIRFORCE_MISSILE-PROCUREMENT_MasterJustificationBook_Air_Force_PB_2015.zzz_unzipped-PROCUREMENT_MasterJustificationBook_Air_Force_PB_2015.xml","3abf8b64467cbed6c01c156005d72134c5ac025da35c8ec98beeec4ffadf8568","1-2e825f3b4fc68828b0a6e37bae2e6cceca2d42e8f5e5538bd1cf4bb0a68aa5b6","0-8b1aada9dceb82dffcd776baba76b93ea5687cea18693c5c2ab01e176e12becc","root.record.ItemExhibitList.P5Item.CostElementCategoryList.Launch.Recurring.CostElementList.CostElement.ManufacturerList.Manufacturer.HistoryPlanningList.HistoryPlanning"
"2015-08","1","2015-BASE_PROCUREMENT-2015-AIRFORCE_MISSILE-PROCUREMENT_MasterJustificationBook_Air_Force_PB_2015.zzz_unzipped-PROCUREMENT_MasterJustificationBook_Air_Force_PB_2015.xml","3abf8b64467cbed6c01c156005d72134c5ac025da35c8ec98beeec4ffadf8568","2-e1499980670680b632fcfadab9b7eda4ecf87bf6dad648049be3bc2de4e272ad","0-8b1aada9dceb82dffcd776baba76b93ea5687cea18693c5c2ab01e176e12becc","root.record.ItemExhibitList.P5Item.CostElementCategoryList.Launch.Recurring.CostElementList.CostElement.ManufacturerList.Manufacturer.HistoryPlanningList.HistoryPlanning"
"2015-09","1","2015-BASE_PROCUREMENT-2015-AIRFORCE_MISSILE-PROCUREMENT_MasterJustificationBook_Air_Force_PB_2015.zzz_unzipped-PROCUREMENT_MasterJustificationBook_Air_Force_PB_2015.xml","3abf8b64467cbed6c01c156005d72134c5ac025da35c8ec98beeec4ffadf8568","3-e0293ee6460f77041ba6de065763f67371d9e9841cd012d2e86716ccd5805e17","0-8b1aada9dceb82dffcd776baba76b93ea5687cea18693c5c2ab01e176e12becc","root.record.ItemExhibitList.P5Item.CostElementCategoryList.Launch.Recurring.CostElementList.CostElement.ManufacturerList.Manufacturer.HistoryPlanningList.HistoryPlanning"
"2016-10","3","2015-BASE_PROCUREMENT-2015-AIRFORCE_MISSILE-PROCUREMENT_MasterJustificationBook_Air_Force_PB_2015.zzz_unzipped-PROCUREMENT_MasterJustificationBook_Air_Force_PB_2015.xml","3abf8b64467cbed6c01c156005d72134c5ac025da35c8ec98beeec4ffadf8568","0-3ef3e71c368d7a579af3f7a975ea1210af545a1d5b8421ad63bf376fda6e88ee","0-002cce85bff0d9e2e8ed15a32ed7b0be653a470ad59ad06ed67ac8328d9b46d1","root.record.ItemExhibitList.P5Item.CostElementCategoryList.Launch.Recurring.CostElementList.CostElement.ManufacturerList.Manufacturer.HistoryPlanningList.HistoryPlanning"
"2017-10","4","2015-BASE_PROCUREMENT-2015-AIRFORCE_MISSILE-PROCUREMENT_MasterJustificationBook_Air_Force_PB_2015.zzz_unzipped-PROCUREMENT_MasterJustificationBook_Air_Force_PB_2015.xml","3abf8b64467cbed6c01c156005d72134c5ac025da35c8ec98beeec4ffadf8568","0-40f141baf0fa73fe5feb385395ae76e958501029c8d014cc86659649d3f4e11e","1-2953eaeab13278c861094f420b58200a4f6ab94e50763c7feb3339d3723533ee","root.record.ItemExhibitList.P5Item.CostElementCategoryList.Launch.Recurring.CostElementList.CostElement.ManufacturerList.Manufacturer.HistoryPlanningList.HistoryPlanning"
"2018-10","5","2015-BASE_PROCUREMENT-2015-AIRFORCE_MISSILE-PROCUREMENT_MasterJustificationBook_Air_Force_PB_2015.zzz_unzipped-PROCUREMENT_MasterJustificationBook_Air_Force_PB_2015.xml","3abf8b64467cbed6c01c156005d72134c5ac025da35c8ec98beeec4ffadf8568","0-75fc0cb09a76ddce6ebe90ef36414e555a52318ab88901f103fdf7fc22bac0df","2-3aecd36d3719daecd74abed8fc1549056bf311facd7ddb31a1fbefdaebb511f2","root.record.ItemExhibitList.P5Item.CostElementCategoryList.Launch.Recurring.CostElementList.CostElement.ManufacturerList.Manufacturer.HistoryPlanningList.HistoryPlanning"
"2019-10","4","2015-BASE_PROCUREMENT-2015-AIRFORCE_MISSILE-PROCUREMENT_MasterJustificationBook_Air_Force_PB_2015.zzz_unzipped-PROCUREMENT_MasterJustificationBook_Air_Force_PB_2015.xml","3abf8b64467cbed6c01c156005d72134c5ac025da35c8ec98beeec4ffadf8568","0-88eaf63c4896c1d2448f09712584d1cd38f1e0730d96427d94c9feb37b79a75e","0-7f32dc6aa75017c72623202b8ffdaeec8568506a93cef17b1b67acff8ec62e27","root.record.ItemExhibitList.P5Item.CostElementCategoryList.Launch.Recurring.CostElementList.CostElement.ManufacturerList.Manufacturer.HistoryPlanningList.HistoryPlanning"
"2020-10","5","2015-BASE_PROCUREMENT-2015-AIRFORCE_MISSILE-PROCUREMENT_MasterJustificationBook_Air_Force_PB_2015.zzz_unzipped-PROCUREMENT_MasterJustificationBook_Air_Force_PB_2015.xml","3abf8b64467cbed6c01c156005d72134c5ac025da35c8ec98beeec4ffadf8568","0-25ebc95ef71e3fd5fe173706af4ead0202506a8dde2c180d669dd98c25d8d957","1-e47e986fa1902aa6980f15e94c63e8bcd546d1a3aa472934df8741691cbfb8d9","root.record.ItemExhibitList.P5Item.CostElementCategoryList.Launch.Recurring.CostElementList.CostElement.ManufacturerList.Manufacturer.HistoryPlanningList.HistoryPlanning"
"2014-01","2","2016-BASE_PROCUREMENT-2016-AIRFORCE_MISSILE-PROCUREMENT_JustificationBook_Air_Force_PB_2016.zzz_unzipped-PROCUREMENT_JustificationBook_Air_Force_PB_2016.xml","cf8925d65bd63fdedf24ce17755069f37593cef7cbbe4aeacd94a8f5b6fd690f","0-be2a46b181f23a4d6be232f9478a9a6ae4cd66ab3f47b53816d8269e0c4d3b40","0-c966ab61edac0b68437600afce60917bac482acb627dedd74934543c031f32ac","root.record.ItemExhibitList.P5Item.CostElementCategoryList.Launch.Recurring.CostElementList.CostElement.ManufacturerList.Manufacturer.HistoryPlanningList.HistoryPlanning"
"2014-10","1","2016-BASE_PROCUREMENT-2016-AIRFORCE_MISSILE-PROCUREMENT_JustificationBook_Air_Force_PB_2016.zzz_unzipped-PROCUREMENT_JustificationBook_Air_Force_PB_2016.xml","cf8925d65bd63fdedf24ce17755069f37593cef7cbbe4aeacd94a8f5b6fd690f","1-563467b9c92abf5e5e69a766e594eb12a94887d032539f5a5d0252f5b26e6f08","0-c966ab61edac0b68437600afce60917bac482acb627dedd74934543c031f32ac","root.record.ItemExhibitList.P5Item.CostElementCategoryList.Launch.Recurring.CostElementList.CostElement.ManufacturerList.Manufacturer.HistoryPlanningList.HistoryPlanning"
"2016-04","1","2016-BASE_PROCUREMENT-2016-AIRFORCE_MISSILE-PROCUREMENT_JustificationBook_Air_Force_PB_2016.zzz_unzipped-PROCUREMENT_JustificationBook_Air_Force_PB_2016.xml","cf8925d65bd63fdedf24ce17755069f37593cef7cbbe4aeacd94a8f5b6fd690f","2-e26964b9be6d546b5ddad8995b293474deca0dbfe241628cf3ed67244484f04c","0-c966ab61edac0b68437600afce60917bac482acb627dedd74934543c031f32ac","root.record.ItemExhibitList.P5Item.CostElementCategoryList.Launch.Recurring.CostElementList.CostElement.ManufacturerList.Manufacturer.HistoryPlanningList.HistoryPlanning"
"2016-08","1","2016-BASE_PROCUREMENT-2016-AIRFORCE_MISSILE-PROCUREMENT_JustificationBook_Air_Force_PB_2016.zzz_unzipped-PROCUREMENT_JustificationBook_Air_Force_PB_2016.xml","cf8925d65bd63fdedf24ce17755069f37593cef7cbbe4aeacd94a8f5b6fd690f","3-555319380b905d26e291581e8cabe94741113247d9188ae9cf49c8b7c977dfd4","0-c966ab61edac0b68437600afce60917bac482acb627dedd74934543c031f32ac","root.record.ItemExhibitList.P5Item.CostElementCategoryList.Launch.Recurring.CostElementList.CostElement.ManufacturerList.Manufacturer.HistoryPlanningList.HistoryPlanning"
"2014-10","2","2016-BASE_PROCUREMENT-2016-AIRFORCE_MISSILE-PROCUREMENT_JustificationBook_Air_Force_PB_2016.zzz_unzipped-PROCUREMENT_JustificationBook_Air_Force_PB_2016.xml","cf8925d65bd63fdedf24ce17755069f37593cef7cbbe4aeacd94a8f5b6fd690f","0-87e14d02bc5d8c896badef48a863bb04d180128b50be9f869db720c1b09d0882","0-0aff8aa7cec19c650af305ccfa18546e797be76d03d15d455b59c3f6cdf95169","root.record.ItemExhibitList.P5Item.CostElementCategoryList.Launch.Recurring.CostElementList.CostElement.ManufacturerList.Manufacturer.HistoryPlanningList.HistoryPlanning"
"2015-10","2","2016-BASE_PROCUREMENT-2016-AIRFORCE_MISSILE-PROCUREMENT_JustificationBook_Air_Force_PB_2016.zzz_unzipped-PROCUREMENT_JustificationBook_Air_Force_PB_2016.xml","cf8925d65bd63fdedf24ce17755069f37593cef7cbbe4aeacd94a8f5b6fd690f","1-9dc4abfda3ff2dc6e6d9103b09af10719fe0edc81ae547c7391b3ce52d581824","0-0aff8aa7cec19c650af305ccfa18546e797be76d03d15d455b59c3f6cdf95169","root.record.ItemExhibitList.P5Item.CostElementCategoryList.Launch.Recurring.CostElementList.CostElement.ManufacturerList.Manufacturer.HistoryPlanningList.HistoryPlanning"
"2015-12","4","2016-BASE_PROCUREMENT-2016-AIRFORCE_MISSILE-PROCUREMENT_JustificationBook_Air_Force_PB_2016.zzz_unzipped-PROCUREMENT_JustificationBook_Air_Force_PB_2016.xml","cf8925d65bd63fdedf24ce17755069f37593cef7cbbe4aeacd94a8f5b6fd690f","0-6fef6eddd1fc445d2bc90c7ba0fcccb001762f6f4adfba6a84291003e8249621","0-4596cdac52634fb4e9b7128a3ae2682700a98d0537b14824b0cc3fddb4bba5f9","root.record.ItemExhibitList.P5Item.CostElementCategoryList.Launch.Recurring.CostElementList.CostElement.ManufacturerList.Manufacturer.HistoryPlanningList.HistoryPlanning"
"2016-06","1","2016-BASE_PROCUREMENT-2016-AIRFORCE_MISSILE-PROCUREMENT_JustificationBook_Air_Force_PB_2016.zzz_unzipped-PROCUREMENT_JustificationBook_Air_Force_PB_2016.xml","cf8925d65bd63fdedf24ce17755069f37593cef7cbbe4aeacd94a8f5b6fd690f","1-ad699abbeee856a5493d1e2404538573926e824848f15975b7d30b77573de095","0-4596cdac52634fb4e9b7128a3ae2682700a98d0537b14824b0cc3fddb4bba5f9","root.record.ItemExhibitList.P5Item.CostElementCategoryList.Launch.Recurring.CostElementList.CostElement.ManufacturerList.Manufacturer.HistoryPlanningList.HistoryPlanning"
"2017-01","2","2016-BASE_PROCUREMENT-2016-AIRFORCE_MISSILE-PROCUREMENT_JustificationBook_Air_Force_PB_2016.zzz_unzipped-PROCUREMENT_JustificationBook_Air_Force_PB_2016.xml","cf8925d65bd63fdedf24ce17755069f37593cef7cbbe4aeacd94a8f5b6fd690f","0-7872bd91e5fcfe519be8626aec8c9f73b4774252340a6f0fa4ea86a4a6003006","0-eac4aedc922b5e736741fca05d41a0f61551fcae87f8872afbbb232ca07753a7","root.record.ItemExhibitList.P5Item.CostElementCategoryList.Launch.Recurring.CostElementList.CostElement.ManufacturerList.Manufacturer.HistoryPlanningList.HistoryPlanning"
"2017-05","2","2016-BASE_PROCUREMENT-2016-AIRFORCE_MISSILE-PROCUREMENT_JustificationBook_Air_Force_PB_2016.zzz_unzipped-PROCUREMENT_JustificationBook_Air_Force_PB_2016.xml","cf8925d65bd63fdedf24ce17755069f37593cef7cbbe4aeacd94a8f5b6fd690f","1-eb59c5f5bf06a046a6799f2b706f38190ea9609a263e68378e6d3d19e7c774bb","0-eac4aedc922b5e736741fca05d41a0f61551fcae87f8872afbbb232ca07753a7","root.record.ItemExhibitList.P5Item.CostElementCategoryList.Launch.Recurring.CostElementList.CostElement.ManufacturerList.Manufacturer.HistoryPlanningList.HistoryPlanning"
"2014-01","2","2016-BASE_PROCUREMENT-2016-AIRFORCE_MISSILE-PROCUREMENT_MasterJustificationBook_Air_Force_PB_2016.zzz_unzipped-PROCUREMENT_MasterJustificationBook_Air_Force_PB_2016.xml","939818d19b159c135335fe081effefc55291969edf99d66feedb0e0d81b54846","0-feb0ec3b34b28caa83e40f6e992585b6e2c3b0316f8eb0a65c1a2b1159655fe4","0-554a66e20b00e227579ccfb7773652633817ecf16599bb3ade6adbadf8537221","root.record.ItemExhibitList.P5Item.CostElementCategoryList.Launch.Recurring.CostElementList.CostElement.ManufacturerList.Manufacturer.HistoryPlanningList.HistoryPlanning"
"2014-10","1","2016-BASE_PROCUREMENT-2016-AIRFORCE_MISSILE-PROCUREMENT_MasterJustificationBook_Air_Force_PB_2016.zzz_unzipped-PROCUREMENT_MasterJustificationBook_Air_Force_PB_2016.xml","939818d19b159c135335fe081effefc55291969edf99d66feedb0e0d81b54846","1-b9f55c6bd0c3c70b1463629b9839bf07b75a407eb9f1648dd9a9f89ba09c70ef","0-554a66e20b00e227579ccfb7773652633817ecf16599bb3ade6adbadf8537221","root.record.ItemExhibitList.P5Item.CostElementCategoryList.Launch.Recurring.CostElementList.CostElement.ManufacturerList.Manufacturer.HistoryPlanningList.HistoryPlanning"
"2016-04","1","2016-BASE_PROCUREMENT-2016-AIRFORCE_MISSILE-PROCUREMENT_MasterJustificationBook_Air_Force_PB_2016.zzz_unzipped-PROCUREMENT_MasterJustificationBook_Air_Force_PB_2016.xml","939818d19b159c135335fe081effefc55291969edf99d66feedb0e0d81b54846","2-51bd3fa0066a8b659f6dab0fe38dc9d7fba1377759ebc283750ee5a84d1cab48","0-554a66e20b00e227579ccfb7773652633817ecf16599bb3ade6adbadf8537221","root.record.ItemExhibitList.P5Item.CostElementCategoryList.Launch.Recurring.CostElementList.CostElement.ManufacturerList.Manufacturer.HistoryPlanningList.HistoryPlanning"
"2016-08","1","2016-BASE_PROCUREMENT-2016-AIRFORCE_MISSILE-PROCUREMENT_MasterJustificationBook_Air_Force_PB_2016.zzz_unzipped-PROCUREMENT_MasterJustificationBook_Air_Force_PB_2016.xml","939818d19b159c135335fe081effefc55291969edf99d66feedb0e0d81b54846","3-2a8e9bd9ff9b5b2f0fa747cfeb96c1443ebf3d86c05ce307a41a1440dc97b863","0-554a66e20b00e227579ccfb7773652633817ecf16599bb3ade6adbadf8537221","root.record.ItemExhibitList.P5Item.CostElementCategoryList.Launch.Recurring.CostElementList.CostElement.ManufacturerList.Manufacturer.HistoryPlanningList.HistoryPlanning"
"2014-10","2","2016-BASE_PROCUREMENT-2016-AIRFORCE_MISSILE-PROCUREMENT_MasterJustificationBook_Air_Force_PB_2016.zzz_unzipped-PROCUREMENT_MasterJustificationBook_Air_Force_PB_2016.xml","939818d19b159c135335fe081effefc55291969edf99d66feedb0e0d81b54846","0-0ce7837fa85c1fdca11ad8880c4bf1af3644e6094795b7b806fb56a7bb4aa3ab","0-743d940b670618538649623921b035287ebe5c93d56373a5c159dbafe81e8a41","root.record.ItemExhibitList.P5Item.CostElementCategoryList.Launch.Recurring.CostElementList.CostElement.ManufacturerList.Manufacturer.HistoryPlanningList.HistoryPlanning"
"2015-10","2","2016-BASE_PROCUREMENT-2016-AIRFORCE_MISSILE-PROCUREMENT_MasterJustificationBook_Air_Force_PB_2016.zzz_unzipped-PROCUREMENT_MasterJustificationBook_Air_Force_PB_2016.xml","939818d19b159c135335fe081effefc55291969edf99d66feedb0e0d81b54846","1-e372c6c045ec1049cc386343eecb93c3ab9dc4156f9e759e8262974f4c34c037","0-743d940b670618538649623921b035287ebe5c93d56373a5c159dbafe81e8a41","root.record.ItemExhibitList.P5Item.CostElementCategoryList.Launch.Recurring.CostElementList.CostElement.ManufacturerList.Manufacturer.HistoryPlanningList.HistoryPlanning"
"2015-12","4","2016-BASE_PROCUREMENT-2016-AIRFORCE_MISSILE-PROCUREMENT_MasterJustificationBook_Air_Force_PB_2016.zzz_unzipped-PROCUREMENT_MasterJustificationBook_Air_Force_PB_2016.xml","939818d19b159c135335fe081effefc55291969edf99d66feedb0e0d81b54846","0-107584788073a3d6fd195ad71a3e9d4f55c6551741239660fa34bd5293c08303","0-3f905b9e1123343cadaa9ac1c2c2d795dc93984ff2e6c9ba4bc4a42132baa0bb","root.record.ItemExhibitList.P5Item.CostElementCategoryList.Launch.Recurring.CostElementList.CostElement.ManufacturerList.Manufacturer.HistoryPlanningList.HistoryPlanning"
"2016-06","1","2016-BASE_PROCUREMENT-2016-AIRFORCE_MISSILE-PROCUREMENT_MasterJustificationBook_Air_Force_PB_2016.zzz_unzipped-PROCUREMENT_MasterJustificationBook_Air_Force_PB_2016.xml","939818d19b159c135335fe081effefc55291969edf99d66feedb0e0d81b54846","1-cf26c951db2ca1e01af99c7f1d3178f35f9b84976b5aa72bceb73c2e9cd3a339","0-3f905b9e1123343cadaa9ac1c2c2d795dc93984ff2e6c9ba4bc4a42132baa0bb","root.record.ItemExhibitList.P5Item.CostElementCategoryList.Launch.Recurring.CostElementList.CostElement.ManufacturerList.Manufacturer.HistoryPlanningList.HistoryPlanning"
"2017-01","2","2016-BASE_PROCUREMENT-2016-AIRFORCE_MISSILE-PROCUREMENT_MasterJustificationBook_Air_Force_PB_2016.zzz_unzipped-PROCUREMENT_MasterJustificationBook_Air_Force_PB_2016.xml","939818d19b159c135335fe081effefc55291969edf99d66feedb0e0d81b54846","0-c995c68f5994f104bd8440e615f8f539df8aacffbd1a20fb15b1c819f8811c99","0-19591f3f38516a26e990f6f2d0131c7f653c6182b600410e6aa8df2511f436c1","root.record.ItemExhibitList.P5Item.CostElementCategoryList.Launch.Recurring.CostElementList.CostElement.ManufacturerList.Manufacturer.HistoryPlanningList.HistoryPlanning"
"2017-05","2","2016-BASE_PROCUREMENT-2016-AIRFORCE_MISSILE-PROCUREMENT_MasterJustificationBook_Air_Force_PB_2016.zzz_unzipped-PROCUREMENT_MasterJustificationBook_Air_Force_PB_2016.xml","939818d19b159c135335fe081effefc55291969edf99d66feedb0e0d81b54846","1-97650c07d027624ebf8649ed4b074849950e1f6e237771abceaee5302df8f0f5","0-19591f3f38516a26e990f6f2d0131c7f653c6182b600410e6aa8df2511f436c1","root.record.ItemExhibitList.P5Item.CostElementCategoryList.Launch.Recurring.CostElementList.CostElement.ManufacturerList.Manufacturer.HistoryPlanningList.HistoryPlanning"
"2017-12","5","2016-BASE_PROCUREMENT-2016-AIRFORCE_SPACE-PROCUREMENT_JustificationBook_Air_Force_PB_2016.zzz_unzipped-PROCUREMENT_JustificationBook_Air_Force_PB_2016.xml","7a2d660364617df9c4864dac6ccd860e0aa8b3a898565771e1e333f1544053e7","0-f9d30cfb3cdc730d65a20cff80ddd3def38cb709fce6e45ed2332d14f15745dc","0-afc2bd25122b5943e235d11569af05d63bd901079cf0b7388157f7746db7e8a3","root.record.ItemExhibitList.P5Item.CostElementCategoryList.Launch.Recurring.CostElementList.CostElement.ManufacturerList.Manufacturer.HistoryPlanningList.HistoryPlanning"
"2018-12","5","2016-BASE_PROCUREMENT-2016-AIRFORCE_SPACE-PROCUREMENT_JustificationBook_Air_Force_PB_2016.zzz_unzipped-PROCUREMENT_JustificationBook_Air_Force_PB_2016.xml","7a2d660364617df9c4864dac6ccd860e0aa8b3a898565771e1e333f1544053e7","0-badbaab3da9a0f55eb1a9516172538189519450a44682413a8a3d7262c02e3b0","0-ae6ec6a0eb8288a1b6e2162ee429219d8c64ab6e77dcdb5db2d8951d55eeccf4","root.record.ItemExhibitList.P5Item.CostElementCategoryList.Launch.Recurring.CostElementList.CostElement.ManufacturerList.Manufacturer.HistoryPlanningList.HistoryPlanning"
"2019-12","4","2016-BASE_PROCUREMENT-2016-AIRFORCE_SPACE-PROCUREMENT_JustificationBook_Air_Force_PB_2016.zzz_unzipped-PROCUREMENT_JustificationBook_Air_Force_PB_2016.xml","7a2d660364617df9c4864dac6ccd860e0aa8b3a898565771e1e333f1544053e7","0-a7164b58fdd6399fad913b6fe592c5ae839ecb037b80cad6bb45d469eeb186f1","0-cb80eae912a4dab3a03b4271b3ce820961aeea43f36bf4349c208932438a38e4","root.record.ItemExhibitList.P5Item.CostElementCategoryList.Launch.Recurring.CostElementList.CostElement.ManufacturerList.Manufacturer.HistoryPlanningList.HistoryPlanning"
"2020-12","5","2016-BASE_PROCUREMENT-2016-AIRFORCE_SPACE-PROCUREMENT_JustificationBook_Air_Force_PB_2016.zzz_unzipped-PROCUREMENT_JustificationBook_Air_Force_PB_2016.xml","7a2d660364617df9c4864dac6ccd860e0aa8b3a898565771e1e333f1544053e7","0-f0831c0f33ba206caa9347d789fb06fd1f0aa02318ec38a36aa1f10187f80dcb","1-7ba7db522cb572fe0f88fbdf999d43407ed476c4751c5531e9868aa2f68859ef","root.record.ItemExhibitList.P5Item.CostElementCategoryList.Launch.Recurring.CostElementList.CostElement.ManufacturerList.Manufacturer.HistoryPlanningList.HistoryPlanning"
"2021-12","5","2016-BASE_PROCUREMENT-2016-AIRFORCE_SPACE-PROCUREMENT_JustificationBook_Air_Force_PB_2016.zzz_unzipped-PROCUREMENT_JustificationBook_Air_Force_PB_2016.xml","7a2d660364617df9c4864dac6ccd860e0aa8b3a898565771e1e333f1544053e7","0-4682d11017c80d1b95178e3c95afd2e3f8811b5ddc9e63b3d5cc167eb04ce541","2-bc86dee5c0d16e8a79b3c2f0b666016273a3d9c23cd11f15e4f425c18f03f8af","root.record.ItemExhibitList.P5Item.CostElementCategoryList.Launch.Recurring.CostElementList.CostElement.ManufacturerList.Manufacturer.HistoryPlanningList.HistoryPlanning"
"2017-12","5","2016-BASE_PROCUREMENT-2016-AIRFORCE_SPACE-PROCUREMENT_MasterJustificationBook_Air_Force_PB_2016.zzz_unzipped-PROCUREMENT_MasterJustificationBook_Air_Force_PB_2016.xml","e74c5625e1731a9bfe9f4efe680292d976b26eee481f576bfc724d2c763e55fb","0-c53251fa297af36e9e56433b913aa74b39438324fc9e4ba79938c508c5dc37c1","0-161d0cff23542023b2f0706c8a179ad1184611dd55177d6e288e6c4758c86876","root.record.ItemExhibitList.P5Item.CostElementCategoryList.Launch.Recurring.CostElementList.CostElement.ManufacturerList.Manufacturer.HistoryPlanningList.HistoryPlanning"
"2018-12","5","2016-BASE_PROCUREMENT-2016-AIRFORCE_SPACE-PROCUREMENT_MasterJustificationBook_Air_Force_PB_2016.zzz_unzipped-PROCUREMENT_MasterJustificationBook_Air_Force_PB_2016.xml","e74c5625e1731a9bfe9f4efe680292d976b26eee481f576bfc724d2c763e55fb","0-08c4e6daf6148758d18573dd88418f728e0470525e14a3034af68a61db78f48e","0-b4f28ae008a5b1d52eb00e48f33988161c2dfb43cbddd99434abd814a2e8cd75","root.record.ItemExhibitList.P5Item.CostElementCategoryList.Launch.Recurring.CostElementList.CostElement.ManufacturerList.Manufacturer.HistoryPlanningList.HistoryPlanning"
"2019-12","4","2016-BASE_PROCUREMENT-2016-AIRFORCE_SPACE-PROCUREMENT_MasterJustificationBook_Air_Force_PB_2016.zzz_unzipped-PROCUREMENT_MasterJustificationBook_Air_Force_PB_2016.xml","e74c5625e1731a9bfe9f4efe680292d976b26eee481f576bfc724d2c763e55fb","0-d6a1c509b898f48c43236f3c10ec25b56e1408eeb03d5e0e75cdb0ea81e7fde9","0-eaa14d93140f2d1313fd4ded4b6d974d16ef0edcf77cc6bfc1e0854fca4fa17d","root.record.ItemExhibitList.P5Item.CostElementCategoryList.Launch.Recurring.CostElementList.CostElement.ManufacturerList.Manufacturer.HistoryPlanningList.HistoryPlanning"
"2020-12","5","2016-BASE_PROCUREMENT-2016-AIRFORCE_SPACE-PROCUREMENT_MasterJustificationBook_Air_Force_PB_2016.zzz_unzipped-PROCUREMENT_MasterJustificationBook_Air_Force_PB_2016.xml","e74c5625e1731a9bfe9f4efe680292d976b26eee481f576bfc724d2c763e55fb","0-16a4958b9241634aca64d963148075e0073043e9b6d8ea4e693621a2723043b6","1-a19504dcb745e85fa0050741f9036c51f72331a1407d4a8c56a7883d6f30c3f3","root.record.ItemExhibitList.P5Item.CostElementCategoryList.Launch.Recurring.CostElementList.CostElement.ManufacturerList.Manufacturer.HistoryPlanningList.HistoryPlanning"
"2021-12","5","2016-BASE_PROCUREMENT-2016-AIRFORCE_SPACE-PROCUREMENT_MasterJustificationBook_Air_Force_PB_2016.zzz_unzipped-PROCUREMENT_MasterJustificationBook_Air_Force_PB_2016.xml","e74c5625e1731a9bfe9f4efe680292d976b26eee481f576bfc724d2c763e55fb","0-f0bf9a851596c277b46ad7ee9e94d0f37142bd8ab04a9e6bbea4968135e297ac","2-1b31dc5e3f49f95fb331db0ffa8f789f59c91b793b96d2a62c63a03825113749","root.record.ItemExhibitList.P5Item.CostElementCategoryList.Launch.Recurring.CostElementList.CostElement.ManufacturerList.Manufacturer.HistoryPlanningList.HistoryPlanning"
"2014-01","2","2017-BASE_PROCUREMENT-2017-AIRFORCE_MISSILE-U_PROCUREMENT_JustificationBook_Air_Force_PB_2017.zzz_unzipped-U_PROCUREMENT_JustificationBook_Air_Force_PB_2017.xml","1eb519244af6b52f585c68b446dd7d32bfe9132b3a808e75d418f71c32a68e95","0-8733f1d0fd89e7b2c3ef44dc41f37adaed84001ff75ea4a90f40c56088aee668","0-bc9d5f1c6ff44385a66b97a0d350e88b1733da0bf3b72823238ef34be76dd67d","root.record.ItemExhibitList.P5Item.CostElementCategoryList.Launch.Recurring.CostElementList.CostElement.ManufacturerList.Manufacturer.HistoryPlanningList.HistoryPlanning"
"2014-10","1","2017-BASE_PROCUREMENT-2017-AIRFORCE_MISSILE-U_PROCUREMENT_JustificationBook_Air_Force_PB_2017.zzz_unzipped-U_PROCUREMENT_JustificationBook_Air_Force_PB_2017.xml","1eb519244af6b52f585c68b446dd7d32bfe9132b3a808e75d418f71c32a68e95","1-28184c6367b79f360890921000349f4160fa133bd970108436b65dbb133112f3","0-bc9d5f1c6ff44385a66b97a0d350e88b1733da0bf3b72823238ef34be76dd67d","root.record.ItemExhibitList.P5Item.CostElementCategoryList.Launch.Recurring.CostElementList.CostElement.ManufacturerList.Manufacturer.HistoryPlanningList.HistoryPlanning"
"2016-04","1","2017-BASE_PROCUREMENT-2017-AIRFORCE_MISSILE-U_PROCUREMENT_JustificationBook_Air_Force_PB_2017.zzz_unzipped-U_PROCUREMENT_JustificationBook_Air_Force_PB_2017.xml","1eb519244af6b52f585c68b446dd7d32bfe9132b3a808e75d418f71c32a68e95","2-e1ca905db1e3a5b1207bebd27a1f41b24eb57d2728a252b9511297c8d3b2cdea","0-bc9d5f1c6ff44385a66b97a0d350e88b1733da0bf3b72823238ef34be76dd67d","root.record.ItemExhibitList.P5Item.CostElementCategoryList.Launch.Recurring.CostElementList.CostElement.ManufacturerList.Manufacturer.HistoryPlanningList.HistoryPlanning"
"2016-08","1","2017-BASE_PROCUREMENT-2017-AIRFORCE_MISSILE-U_PROCUREMENT_JustificationBook_Air_Force_PB_2017.zzz_unzipped-U_PROCUREMENT_JustificationBook_Air_Force_PB_2017.xml","1eb519244af6b52f585c68b446dd7d32bfe9132b3a808e75d418f71c32a68e95","3-78bb9a4cc4ba560d73e33da10a69af916528e2b57a70a0920d8303793431d997","0-bc9d5f1c6ff44385a66b97a0d350e88b1733da0bf3b72823238ef34be76dd67d","root.record.ItemExhibitList.P5Item.CostElementCategoryList.Launch.Recurring.CostElementList.CostElement.ManufacturerList.Manufacturer.HistoryPlanningList.HistoryPlanning"
"2014-10","2","2017-BASE_PROCUREMENT-2017-AIRFORCE_MISSILE-U_PROCUREMENT_JustificationBook_Air_Force_PB_2017.zzz_unzipped-U_PROCUREMENT_JustificationBook_Air_Force_PB_2017.xml","1eb519244af6b52f585c68b446dd7d32bfe9132b3a808e75d418f71c32a68e95","0-375c298f75ee5bf5a913e37bfc8e81390e55a578112c1f96bd438f0d96f56f65","0-3e9c88cdfb44cfe6393dfa0302437662d66cbd883bf2592b49baea1cfec6b26d","root.record.ItemExhibitList.P5Item.CostElementCategoryList.Launch.Recurring.CostElementList.CostElement.ManufacturerList.Manufacturer.HistoryPlanningList.HistoryPlanning"
"2015-10","2","2017-BASE_PROCUREMENT-2017-AIRFORCE_MISSILE-U_PROCUREMENT_JustificationBook_Air_Force_PB_2017.zzz_unzipped-U_PROCUREMENT_JustificationBook_Air_Force_PB_2017.xml","1eb519244af6b52f585c68b446dd7d32bfe9132b3a808e75d418f71c32a68e95","1-d1e13be8f8c026498b460e2971ab0eb39a6356e07e13a995c322cf53d596da2c","0-3e9c88cdfb44cfe6393dfa0302437662d66cbd883bf2592b49baea1cfec6b26d","root.record.ItemExhibitList.P5Item.CostElementCategoryList.Launch.Recurring.CostElementList.CostElement.ManufacturerList.Manufacturer.HistoryPlanningList.HistoryPlanning"
"2015-12","4","2017-BASE_PROCUREMENT-2017-AIRFORCE_MISSILE-U_PROCUREMENT_JustificationBook_Air_Force_PB_2017.zzz_unzipped-U_PROCUREMENT_JustificationBook_Air_Force_PB_2017.xml","1eb519244af6b52f585c68b446dd7d32bfe9132b3a808e75d418f71c32a68e95","0-dcc2539ea3cb6097f27dd3689bec9fe520b7dc89467c69c60abd5abe5ae98c35","0-a69d13321392f28d445667c4e401c0d52d8f072340e82067965adbebc3bd4f7a","root.record.ItemExhibitList.P5Item.CostElementCategoryList.Launch.Recurring.CostElementList.CostElement.ManufacturerList.Manufacturer.HistoryPlanningList.HistoryPlanning"
"2016-06","1","2017-BASE_PROCUREMENT-2017-AIRFORCE_MISSILE-U_PROCUREMENT_JustificationBook_Air_Force_PB_2017.zzz_unzipped-U_PROCUREMENT_JustificationBook_Air_Force_PB_2017.xml","1eb519244af6b52f585c68b446dd7d32bfe9132b3a808e75d418f71c32a68e95","1-7dacab71299177d928c2587c91154fec3d863962a55969c1c9915711ec679fa4","0-a69d13321392f28d445667c4e401c0d52d8f072340e82067965adbebc3bd4f7a","root.record.ItemExhibitList.P5Item.CostElementCategoryList.Launch.Recurring.CostElementList.CostElement.ManufacturerList.Manufacturer.HistoryPlanningList.HistoryPlanning"
"2017-01","2","2017-BASE_PROCUREMENT-2017-AIRFORCE_MISSILE-U_PROCUREMENT_JustificationBook_Air_Force_PB_2017.zzz_unzipped-U_PROCUREMENT_JustificationBook_Air_Force_PB_2017.xml","1eb519244af6b52f585c68b446dd7d32bfe9132b3a808e75d418f71c32a68e95","0-7befbeb065a5e9ac7e2e4443fffb400651a534f8e15e27c36a137d1af61b84c1","0-6db861cde3572072838a57a7f8639f45131c3f7ebba6c6c059ef3c4a94ad4cf0","root.record.ItemExhibitList.P5Item.CostElementCategoryList.Launch.Recurring.CostElementList.CostElement.ManufacturerList.Manufacturer.HistoryPlanningList.HistoryPlanning"
"2018-03","2","2017-BASE_PROCUREMENT-2017-AIRFORCE_MISSILE-U_PROCUREMENT_JustificationBook_Air_Force_PB_2017.zzz_unzipped-U_PROCUREMENT_JustificationBook_Air_Force_PB_2017.xml","1eb519244af6b52f585c68b446dd7d32bfe9132b3a808e75d418f71c32a68e95","1-67d75f937be18f3a98ec5d7ba4190dd25415289cbcb64f575b84a6ecb8156614","0-6db861cde3572072838a57a7f8639f45131c3f7ebba6c6c059ef3c4a94ad4cf0","root.record.ItemExhibitList.P5Item.CostElementCategoryList.Launch.Recurring.CostElementList.CostElement.ManufacturerList.Manufacturer.HistoryPlanningList.HistoryPlanning"
"2014-01","2","2017-BASE_PROCUREMENT-2017-AIRFORCE_MISSILE-U_PROCUREMENT_MasterJustificationBook_Air_Force_PB_2017.zzz_unzipped-U_PROCUREMENT_MasterJustificationBook_Air_Force_PB_2017.xml","0aaff7f9fbc97457e9ac7628aca63d803f4f49d5d154173563fad4699056f5e8","0-37b63da3203dcd1cf53d17bbf6c6b2ab61a2d3036c301425810c780dbaa8a2a7","0-a42658c5715df481b3c8cf5e718e6bf01e0c87299b13106ab0311ee5e7a9cdfb","root.record.ItemExhibitList.P5Item.CostElementCategoryList.Launch.Recurring.CostElementList.CostElement.ManufacturerList.Manufacturer.HistoryPlanningList.HistoryPlanning"
"2014-10","1","2017-BASE_PROCUREMENT-2017-AIRFORCE_MISSILE-U_PROCUREMENT_MasterJustificationBook_Air_Force_PB_2017.zzz_unzipped-U_PROCUREMENT_MasterJustificationBook_Air_Force_PB_2017.xml","0aaff7f9fbc97457e9ac7628aca63d803f4f49d5d154173563fad4699056f5e8","1-66e856d8c4995263b987a1f90cb801a45c7e29cac5669bda18aedf83a7ef733a","0-a42658c5715df481b3c8cf5e718e6bf01e0c87299b13106ab0311ee5e7a9cdfb","root.record.ItemExhibitList.P5Item.CostElementCategoryList.Launch.Recurring.CostElementList.CostElement.ManufacturerList.Manufacturer.HistoryPlanningList.HistoryPlanning"
"2016-04","1","2017-BASE_PROCUREMENT-2017-AIRFORCE_MISSILE-U_PROCUREMENT_MasterJustificationBook_Air_Force_PB_2017.zzz_unzipped-U_PROCUREMENT_MasterJustificationBook_Air_Force_PB_2017.xml","0aaff7f9fbc97457e9ac7628aca63d803f4f49d5d154173563fad4699056f5e8","2-a3f53065eb015e40023f058d41d3bcb5edc018ff68ce5927b43235fa48091a67","0-a42658c5715df481b3c8cf5e718e6bf01e0c87299b13106ab0311ee5e7a9cdfb","root.record.ItemExhibitList.P5Item.CostElementCategoryList.Launch.Recurring.CostElementList.CostElement.ManufacturerList.Manufacturer.HistoryPlanningList.HistoryPlanning"
"2016-08","1","2017-BASE_PROCUREMENT-2017-AIRFORCE_MISSILE-U_PROCUREMENT_MasterJustificationBook_Air_Force_PB_2017.zzz_unzipped-U_PROCUREMENT_MasterJustificationBook_Air_Force_PB_2017.xml","0aaff7f9fbc97457e9ac7628aca63d803f4f49d5d154173563fad4699056f5e8","3-5ad157bf63d5a6838468cc44eae34bf27b29f367e053fe5fccda8de64525cb8a","0-a42658c5715df481b3c8cf5e718e6bf01e0c87299b13106ab0311ee5e7a9cdfb","root.record.ItemExhibitList.P5Item.CostElementCategoryList.Launch.Recurring.CostElementList.CostElement.ManufacturerList.Manufacturer.HistoryPlanningList.HistoryPlanning"
"2014-10","2","2017-BASE_PROCUREMENT-2017-AIRFORCE_MISSILE-U_PROCUREMENT_MasterJustificationBook_Air_Force_PB_2017.zzz_unzipped-U_PROCUREMENT_MasterJustificationBook_Air_Force_PB_2017.xml","0aaff7f9fbc97457e9ac7628aca63d803f4f49d5d154173563fad4699056f5e8","0-a01dedd2b2ec6f7144b7a72e9e5b902c94ca49919ce5efa20951845d117323b5","0-626bee5bd1378d6631e8e50250afa8dd84e81a681253858b11d096794850ba59","root.record.ItemExhibitList.P5Item.CostElementCategoryList.Launch.Recurring.CostElementList.CostElement.ManufacturerList.Manufacturer.HistoryPlanningList.HistoryPlanning"
"2015-10","2","2017-BASE_PROCUREMENT-2017-AIRFORCE_MISSILE-U_PROCUREMENT_MasterJustificationBook_Air_Force_PB_2017.zzz_unzipped-U_PROCUREMENT_MasterJustificationBook_Air_Force_PB_2017.xml","0aaff7f9fbc97457e9ac7628aca63d803f4f49d5d154173563fad4699056f5e8","1-20f5fa4a00f7b01ee19f1d808767e07596d14a4342ff69c9376c226dc5a761a1","0-626bee5bd1378d6631e8e50250afa8dd84e81a681253858b11d096794850ba59","root.record.ItemExhibitList.P5Item.CostElementCategoryList.Launch.Recurring.CostElementList.CostElement.ManufacturerList.Manufacturer.HistoryPlanningList.HistoryPlanning"
"2015-12","4","2017-BASE_PROCUREMENT-2017-AIRFORCE_MISSILE-U_PROCUREMENT_MasterJustificationBook_Air_Force_PB_2017.zzz_unzipped-U_PROCUREMENT_MasterJustificationBook_Air_Force_PB_2017.xml","0aaff7f9fbc97457e9ac7628aca63d803f4f49d5d154173563fad4699056f5e8","0-e98965aed78365acf68428666a8c4e12ba4a9e83be7a48723c08ce46edabb047","0-7896fa49de418780a8b685cda9f2e661cf4107a210604ee94b9543b06a586c34","root.record.ItemExhibitList.P5Item.CostElementCategoryList.Launch.Recurring.CostElementList.CostElement.ManufacturerList.Manufacturer.HistoryPlanningList.HistoryPlanning"
"2016-06","1","2017-BASE_PROCUREMENT-2017-AIRFORCE_MISSILE-U_PROCUREMENT_MasterJustificationBook_Air_Force_PB_2017.zzz_unzipped-U_PROCUREMENT_MasterJustificationBook_Air_Force_PB_2017.xml","0aaff7f9fbc97457e9ac7628aca63d803f4f49d5d154173563fad4699056f5e8","1-fdd9c5107a7d25a2fe4a8aa9acc94a1bfe725fc3bb4d30d1901bd7e0cc53a7b2","0-7896fa49de418780a8b685cda9f2e661cf4107a210604ee94b9543b06a586c34","root.record.ItemExhibitList.P5Item.CostElementCategoryList.Launch.Recurring.CostElementList.CostElement.ManufacturerList.Manufacturer.HistoryPlanningList.HistoryPlanning"
"2017-01","2","2017-BASE_PROCUREMENT-2017-AIRFORCE_MISSILE-U_PROCUREMENT_MasterJustificationBook_Air_Force_PB_2017.zzz_unzipped-U_PROCUREMENT_MasterJustificationBook_Air_Force_PB_2017.xml","0aaff7f9fbc97457e9ac7628aca63d803f4f49d5d154173563fad4699056f5e8","0-83155a59aee527d38f33b096d134ad4f2d4d099bc628457e59f4d9f823457faa","0-e978d3ccdd575f9db9dcaed8de37697bc232ab5f6bb40adead2b9bf6e3ce9b19","root.record.ItemExhibitList.P5Item.CostElementCategoryList.Launch.Recurring.CostElementList.CostElement.ManufacturerList.Manufacturer.HistoryPlanningList.HistoryPlanning"
"2018-03","2","2017-BASE_PROCUREMENT-2017-AIRFORCE_MISSILE-U_PROCUREMENT_MasterJustificationBook_Air_Force_PB_2017.zzz_unzipped-U_PROCUREMENT_MasterJustificationBook_Air_Force_PB_2017.xml","0aaff7f9fbc97457e9ac7628aca63d803f4f49d5d154173563fad4699056f5e8","1-4f5d9c09f81f36a149c4a7b3451cd21e316349f8e4c42cb737f39f5db3404379","0-e978d3ccdd575f9db9dcaed8de37697bc232ab5f6bb40adead2b9bf6e3ce9b19","root.record.ItemExhibitList.P5Item.CostElementCategoryList.Launch.Recurring.CostElementList.CostElement.ManufacturerList.Manufacturer.HistoryPlanningList.HistoryPlanning"
"2017-12","4","2017-BASE_PROCUREMENT-2017-AIRFORCE_SPACE-U_PROCUREMENT_JustificationBook_Air_Force_PB_2017.zzz_unzipped-U_PROCUREMENT_JustificationBook_Air_Force_PB_2017.xml","ec93ed095b5ca4b931dec7bb1f726d801cfd1dfdbf02f5e7c1bf686ce7e68176","0-5aa4136ad35068b3d278c7526359548de531be26ab37e150baa64eb8e8308291","0-1bfc0505964c4a88efa846a8aae19f2286b90ade2e774c6fec6ee4d33e7a594f","root.record.ItemExhibitList.P5Item.CostElementCategoryList.Launch.Recurring.CostElementList.CostElement.ManufacturerList.Manufacturer.HistoryPlanningList.HistoryPlanning"
"2018-12","5","2017-BASE_PROCUREMENT-2017-AIRFORCE_SPACE-U_PROCUREMENT_JustificationBook_Air_Force_PB_2017.zzz_unzipped-U_PROCUREMENT_JustificationBook_Air_Force_PB_2017.xml","ec93ed095b5ca4b931dec7bb1f726d801cfd1dfdbf02f5e7c1bf686ce7e68176","0-ca1bb46ca46c6ca9e4ea72ddc913a1926f134923ba3c99b75407094146a169eb","1-fe3908efb2e01eee28e395cfee0ac025f0d833ac01511c90d61bc096a5eb4670","root.record.ItemExhibitList.P5Item.CostElementCategoryList.Launch.Recurring.CostElementList.CostElement.ManufacturerList.Manufacturer.HistoryPlanningList.HistoryPlanning"
"2019-12","3","2017-BASE_PROCUREMENT-2017-AIRFORCE_SPACE-U_PROCUREMENT_JustificationBook_Air_Force_PB_2017.zzz_unzipped-U_PROCUREMENT_JustificationBook_Air_Force_PB_2017.xml","ec93ed095b5ca4b931dec7bb1f726d801cfd1dfdbf02f5e7c1bf686ce7e68176","0-1f52a754983f84a1dbc44cc00b2de81818c76fb0f5ec57d40193219dc172a8ec","0-d5c2d357ddfe71dab7df9745616bea7b97fc5f06946124c167109a8b0cea0cdb","root.record.ItemExhibitList.P5Item.CostElementCategoryList.Launch.Recurring.CostElementList.CostElement.ManufacturerList.Manufacturer.HistoryPlanningList.HistoryPlanning"
"2020-12","6","2017-BASE_PROCUREMENT-2017-AIRFORCE_SPACE-U_PROCUREMENT_JustificationBook_Air_Force_PB_2017.zzz_unzipped-U_PROCUREMENT_JustificationBook_Air_Force_PB_2017.xml","ec93ed095b5ca4b931dec7bb1f726d801cfd1dfdbf02f5e7c1bf686ce7e68176","0-9a30c9c2105ca40257f9a6da29475e864fdf26ef9f4f41fb7a475860a5fe9895","1-34e3c1c057a9f215d79e9588d29791da0bac7a158faa9a6508cbfc5592e988e7","root.record.ItemExhibitList.P5Item.CostElementCategoryList.Launch.Recurring.CostElementList.CostElement.ManufacturerList.Manufacturer.HistoryPlanningList.HistoryPlanning"
"2021-12","5","2017-BASE_PROCUREMENT-2017-AIRFORCE_SPACE-U_PROCUREMENT_JustificationBook_Air_Force_PB_2017.zzz_unzipped-U_PROCUREMENT_JustificationBook_Air_Force_PB_2017.xml","ec93ed095b5ca4b931dec7bb1f726d801cfd1dfdbf02f5e7c1bf686ce7e68176","0-378f1508796996be6c2a3e658b39dabab23637526da389463cef990d91ff8253","2-65420e585664673825949de07db3ce2777ed63d3db1dca027591701245dbfb93","root.record.ItemExhibitList.P5Item.CostElementCategoryList.Launch.Recurring.CostElementList.CostElement.ManufacturerList.Manufacturer.HistoryPlanningList.HistoryPlanning"
"2022-12","4","2017-BASE_PROCUREMENT-2017-AIRFORCE_SPACE-U_PROCUREMENT_JustificationBook_Air_Force_PB_2017.zzz_unzipped-U_PROCUREMENT_JustificationBook_Air_Force_PB_2017.xml","ec93ed095b5ca4b931dec7bb1f726d801cfd1dfdbf02f5e7c1bf686ce7e68176","0-e7f3da8aba669825735012743508874ae69c7553d8994b20e5fc4c6c206042d5","3-50de8fc3214cfecdf25d77da80759870eecd0d2c2aed2661edf899c555ef4e75","root.record.ItemExhibitList.P5Item.CostElementCategoryList.Launch.Recurring.CostElementList.CostElement.ManufacturerList.Manufacturer.HistoryPlanningList.HistoryPlanning"
"2017-12","4","2017-BASE_PROCUREMENT-2017-AIRFORCE_SPACE-U_PROCUREMENT_MasterJustificationBook_Air_Force_PB_2017.zzz_unzipped-U_PROCUREMENT_MasterJustificationBook_Air_Force_PB_2017.xml","96cd91b6f0a12ac29a5457b42901859397ea8cd74200ed2ed8fc9c97846f481d","0-13b288d2bd1714be282be95f7ff84b89e843d41c987f40e0b83a91ce550dbe2f","0-b3b18f49619d04fabc57697edb66e43532826d8830710e2d3256208c9188d0dc","root.record.ItemExhibitList.P5Item.CostElementCategoryList.Launch.Recurring.CostElementList.CostElement.ManufacturerList.Manufacturer.HistoryPlanningList.HistoryPlanning"
"2018-12","5","2017-BASE_PROCUREMENT-2017-AIRFORCE_SPACE-U_PROCUREMENT_MasterJustificationBook_Air_Force_PB_2017.zzz_unzipped-U_PROCUREMENT_MasterJustificationBook_Air_Force_PB_2017.xml","96cd91b6f0a12ac29a5457b42901859397ea8cd74200ed2ed8fc9c97846f481d","0-dd9de26c6ab884f856765e135d963d2601362f845957385f5d0e4319ec0367e3","1-fd8c8e392cf4c8e76e8e75c22ae80c5f1a12257b312f2e7c29a6da87d4f68e64","root.record.ItemExhibitList.P5Item.CostElementCategoryList.Launch.Recurring.CostElementList.CostElement.ManufacturerList.Manufacturer.HistoryPlanningList.HistoryPlanning"
"2019-12","3","2017-BASE_PROCUREMENT-2017-AIRFORCE_SPACE-U_PROCUREMENT_MasterJustificationBook_Air_Force_PB_2017.zzz_unzipped-U_PROCUREMENT_MasterJustificationBook_Air_Force_PB_2017.xml","96cd91b6f0a12ac29a5457b42901859397ea8cd74200ed2ed8fc9c97846f481d","0-fc022768a7451cd268437dd80b73e114803e2c773e4be8441a7be6aa240aa201","0-9ab64b84f9c0e376461fbb4c9a3862631b33148bb1603747dca9003a7e626366","root.record.ItemExhibitList.P5Item.CostElementCategoryList.Launch.Recurring.CostElementList.CostElement.ManufacturerList.Manufacturer.HistoryPlanningList.HistoryPlanning"
"2020-12","6","2017-BASE_PROCUREMENT-2017-AIRFORCE_SPACE-U_PROCUREMENT_MasterJustificationBook_Air_Force_PB_2017.zzz_unzipped-U_PROCUREMENT_MasterJustificationBook_Air_Force_PB_2017.xml","96cd91b6f0a12ac29a5457b42901859397ea8cd74200ed2ed8fc9c97846f481d","0-05fbfe05b1d5da77994ae880929b4be3c50e00c08163ba7fc0412fab2e1b2b38","1-4bb943797e6d9ce3d2fb7422fa94a67ceeee3ea8139c340706d626ccdcfeea2a","root.record.ItemExhibitList.P5Item.CostElementCategoryList.Launch.Recurring.CostElementList.CostElement.ManufacturerList.Manufacturer.HistoryPlanningList.HistoryPlanning"
"2021-12","5","2017-BASE_PROCUREMENT-2017-AIRFORCE_SPACE-U_PROCUREMENT_MasterJustificationBook_Air_Force_PB_2017.zzz_unzipped-U_PROCUREMENT_MasterJustificationBook_Air_Force_PB_2017.xml","96cd91b6f0a12ac29a5457b42901859397ea8cd74200ed2ed8fc9c97846f481d","0-ce686a90e12d77981e9217dcdfb3cfc05bc5785bbf3258e732ff1fcc6560484c","2-412c8f49c5d20b52bf75448178503b0ddd3e6c2a047595eba70859cc054bc76a","root.record.ItemExhibitList.P5Item.CostElementCategoryList.Launch.Recurring.CostElementList.CostElement.ManufacturerList.Manufacturer.HistoryPlanningList.HistoryPlanning"
"2022-12","4","2017-BASE_PROCUREMENT-2017-AIRFORCE_SPACE-U_PROCUREMENT_MasterJustificationBook_Air_Force_PB_2017.zzz_unzipped-U_PROCUREMENT_MasterJustificationBook_Air_Force_PB_2017.xml","96cd91b6f0a12ac29a5457b42901859397ea8cd74200ed2ed8fc9c97846f481d","0-582748b58fd9825d1a10a7ad87725f203720907d14ad9995c4c4ba694ed66360","3-1fa92d7dcf804a2069ffdd7e1fcf97d7f2d827547b8a26a0c36695ad9a8145a5","root.record.ItemExhibitList.P5Item.CostElementCategoryList.Launch.Recurring.CostElementList.CostElement.ManufacturerList.Manufacturer.HistoryPlanningList.HistoryPlanning"
"2018-06","1","2018-BASE_PROCUREMENT-2018-AIRFORCE_SPACE-U_PROCUREMENT_JustificationBook_Air_Force_PB_2018.zzz_unzipped-U_PROCUREMENT_JustificationBook_Air_Force_PB_2018.xml","325d3c3180a12017ffe453649a0a4a785aea7e048f4c973d82c0e34139fd5940","0-178da35490f8b41cc5907e7db883b9ed05b9481ce435e858131d6ed01f76467e","0-88ea4c4273485a3bd4d1a52a0d385bf4742a0e90b2c1b4cefc4102ecead5d594","root.record.ItemExhibitList.P5Item.CostElementCategoryList.Launch.Recurring.CostElementList.CostElement.ManufacturerList.Manufacturer.HistoryPlanningList.HistoryPlanning"
"2018-09","1","2018-BASE_PROCUREMENT-2018-AIRFORCE_SPACE-U_PROCUREMENT_JustificationBook_Air_Force_PB_2018.zzz_unzipped-U_PROCUREMENT_JustificationBook_Air_Force_PB_2018.xml","325d3c3180a12017ffe453649a0a4a785aea7e048f4c973d82c0e34139fd5940","1-71f56c0321485446db25e1e811ad418687041e370344ef0a5d27c6bc21ec3e8a","0-88ea4c4273485a3bd4d1a52a0d385bf4742a0e90b2c1b4cefc4102ecead5d594","root.record.ItemExhibitList.P5Item.CostElementCategoryList.Launch.Recurring.CostElementList.CostElement.ManufacturerList.Manufacturer.HistoryPlanningList.HistoryPlanning"
"2019-01","1","2018-BASE_PROCUREMENT-2018-AIRFORCE_SPACE-U_PROCUREMENT_JustificationBook_Air_Force_PB_2018.zzz_unzipped-U_PROCUREMENT_JustificationBook_Air_Force_PB_2018.xml","325d3c3180a12017ffe453649a0a4a785aea7e048f4c973d82c0e34139fd5940","2-7311161c25aa57ccfc5e9f8c66abcd3f624720c24c5b757a73404f881822a8aa","0-88ea4c4273485a3bd4d1a52a0d385bf4742a0e90b2c1b4cefc4102ecead5d594","root.record.ItemExhibitList.P5Item.CostElementCategoryList.Launch.Recurring.CostElementList.CostElement.ManufacturerList.Manufacturer.HistoryPlanningList.HistoryPlanning"
"2019-04","1","2018-BASE_PROCUREMENT-2018-AIRFORCE_SPACE-U_PROCUREMENT_JustificationBook_Air_Force_PB_2018.zzz_unzipped-U_PROCUREMENT_JustificationBook_Air_Force_PB_2018.xml","325d3c3180a12017ffe453649a0a4a785aea7e048f4c973d82c0e34139fd5940","3-7e913c4a520e48be35542467494dcf592601e899d3a315c34f84d2456ab05b94","0-88ea4c4273485a3bd4d1a52a0d385bf4742a0e90b2c1b4cefc4102ecead5d594","root.record.ItemExhibitList.P5Item.CostElementCategoryList.Launch.Recurring.CostElementList.CostElement.ManufacturerList.Manufacturer.HistoryPlanningList.HistoryPlanning"
"2018-12","5","2018-BASE_PROCUREMENT-2018-AIRFORCE_SPACE-U_PROCUREMENT_JustificationBook_Air_Force_PB_2018.zzz_unzipped-U_PROCUREMENT_JustificationBook_Air_Force_PB_2018.xml","325d3c3180a12017ffe453649a0a4a785aea7e048f4c973d82c0e34139fd5940","0-598fd7ed314b2587f05b43fc6d387338047f1d835cb8700e8cf0b5b019f713ad","1-c86a02681ca921396516847884799b21aeb42ac06c5e799318be3a02400e6f4c","root.record.ItemExhibitList.P5Item.CostElementCategoryList.Launch.Recurring.CostElementList.CostElement.ManufacturerList.Manufacturer.HistoryPlanningList.HistoryPlanning"
"2019-12","3","2018-BASE_PROCUREMENT-2018-AIRFORCE_SPACE-U_PROCUREMENT_JustificationBook_Air_Force_PB_2018.zzz_unzipped-U_PROCUREMENT_JustificationBook_Air_Force_PB_2018.xml","325d3c3180a12017ffe453649a0a4a785aea7e048f4c973d82c0e34139fd5940","0-031f2636506a620d63bf8febb9332b2df30a95ed5af1c8e4f0cb73b6158f6ee5","0-b9ff593f7d3740ce627deafb764786159040a5e87e59e4ecc7746f687e1b5bfd","root.record.ItemExhibitList.P5Item.CostElementCategoryList.Launch.Recurring.CostElementList.CostElement.ManufacturerList.Manufacturer.HistoryPlanningList.HistoryPlanning"
"2018-06","1","2018-BASE_PROCUREMENT-2018-AIRFORCE_SPACE-U_PROCUREMENT_MasterJustificationBook_Air_Force_PB_2018.zzz_unzipped-U_PROCUREMENT_MasterJustificationBook_Air_Force_PB_2018.xml","ea40833ccabefde03e8b1c2e9d9f55f14d7d4e54a7c37cd2d2b1f7b53af14e9d","0-53ffe23a420db49b8db108739016cebf0824b3bd00729a66b0f290829ca9737b","0-57aa42be7f0f9bf28d7470d3a0cda30a540986489686c339a42defd5e846667e","root.record.ItemExhibitList.P5Item.CostElementCategoryList.Launch.Recurring.CostElementList.CostElement.ManufacturerList.Manufacturer.HistoryPlanningList.HistoryPlanning"
"2018-09","1","2018-BASE_PROCUREMENT-2018-AIRFORCE_SPACE-U_PROCUREMENT_MasterJustificationBook_Air_Force_PB_2018.zzz_unzipped-U_PROCUREMENT_MasterJustificationBook_Air_Force_PB_2018.xml","ea40833ccabefde03e8b1c2e9d9f55f14d7d4e54a7c37cd2d2b1f7b53af14e9d","1-5905069fd02bbe9a29b1842ae43d3c843e6b55c3f988b6b1b0cde07e71207bc4","0-57aa42be7f0f9bf28d7470d3a0cda30a540986489686c339a42defd5e846667e","root.record.ItemExhibitList.P5Item.CostElementCategoryList.Launch.Recurring.CostElementList.CostElement.ManufacturerList.Manufacturer.HistoryPlanningList.HistoryPlanning"
"2019-01","1","2018-BASE_PROCUREMENT-2018-AIRFORCE_SPACE-U_PROCUREMENT_MasterJustificationBook_Air_Force_PB_2018.zzz_unzipped-U_PROCUREMENT_MasterJustificationBook_Air_Force_PB_2018.xml","ea40833ccabefde03e8b1c2e9d9f55f14d7d4e54a7c37cd2d2b1f7b53af14e9d","2-4f89535c7d291cee10ceb59907fb4cfdff86d1a7e4be7d645443c250454250bc","0-57aa42be7f0f9bf28d7470d3a0cda30a540986489686c339a42defd5e846667e","root.record.ItemExhibitList.P5Item.CostElementCategoryList.Launch.Recurring.CostElementList.CostElement.ManufacturerList.Manufacturer.HistoryPlanningList.HistoryPlanning"
"2019-04","1","2018-BASE_PROCUREMENT-2018-AIRFORCE_SPACE-U_PROCUREMENT_MasterJustificationBook_Air_Force_PB_2018.zzz_unzipped-U_PROCUREMENT_MasterJustificationBook_Air_Force_PB_2018.xml","ea40833ccabefde03e8b1c2e9d9f55f14d7d4e54a7c37cd2d2b1f7b53af14e9d","3-b2b5453481bcf750b4bf0337af33e47268beaa67587c813ec934fe2b21a3dfbe","0-57aa42be7f0f9bf28d7470d3a0cda30a540986489686c339a42defd5e846667e","root.record.ItemExhibitList.P5Item.CostElementCategoryList.Launch.Recurring.CostElementList.CostElement.ManufacturerList.Manufacturer.HistoryPlanningList.HistoryPlanning"
"2018-12","5","2018-BASE_PROCUREMENT-2018-AIRFORCE_SPACE-U_PROCUREMENT_MasterJustificationBook_Air_Force_PB_2018.zzz_unzipped-U_PROCUREMENT_MasterJustificationBook_Air_Force_PB_2018.xml","ea40833ccabefde03e8b1c2e9d9f55f14d7d4e54a7c37cd2d2b1f7b53af14e9d","0-a64744aac0f95850e27698e14334f012eba20c839d0a187828084c375d1c35a3","1-b8a32a425364c2f226af7f3468aaa4a59c90758e645d898e910ae22699248389","root.record.ItemExhibitList.P5Item.CostElementCategoryList.Launch.Recurring.CostElementList.CostElement.ManufacturerList.Manufacturer.HistoryPlanningList.HistoryPlanning"
"2019-12","3","2018-BASE_PROCUREMENT-2018-AIRFORCE_SPACE-U_PROCUREMENT_MasterJustificationBook_Air_Force_PB_2018.zzz_unzipped-U_PROCUREMENT_MasterJustificationBook_Air_Force_PB_2018.xml","ea40833ccabefde03e8b1c2e9d9f55f14d7d4e54a7c37cd2d2b1f7b53af14e9d","0-7ee789ef9f3541fa5bcc81b488445075b927811ed6ee20f9bf935a543d8a41d1","0-5474569db54371630eb26af4f1fe8fc3c98b53565424bd4bed4d6ac4425fb140","root.record.ItemExhibitList.P5Item.CostElementCategoryList.Launch.Recurring.CostElementList.CostElement.ManufacturerList.Manufacturer.HistoryPlanningList.HistoryPlanning"
"2019-02","1","2019-BASE_PROCUREMENT-2019-AIRFORCE_SPACE-U_PROCUREMENT_JustificationBook_Air_Force_PB_2019.zzz_unzipped-U_PROCUREMENT_JustificationBook_Air_Force_PB_2019.xml","437d2c67a4cc5d16854929d21729fd5d4c78483d0ac1527148024d46b499a23b","0-fe48fff7819e0e6ac6b97d4d24b3d0d7c5b26689c1dfbb5729a54e0eb2657ba9","0-a827f8b66e66f58b4909b5db474ab0516ae7486b78f93fce8d56781dc2b404db","root.record.ItemExhibitList.P5Item.CostElementCategoryList.Launch.Recurring.CostElementList.CostElement.ManufacturerList.Manufacturer.HistoryPlanningList.HistoryPlanning"
"2019-06","1","2019-BASE_PROCUREMENT-2019-AIRFORCE_SPACE-U_PROCUREMENT_JustificationBook_Air_Force_PB_2019.zzz_unzipped-U_PROCUREMENT_JustificationBook_Air_Force_PB_2019.xml","437d2c67a4cc5d16854929d21729fd5d4c78483d0ac1527148024d46b499a23b","1-bda89249b3a47dcf92692f388bb85c9dbcaf886c892d6f668ec9e8ca0887d4e9","0-a827f8b66e66f58b4909b5db474ab0516ae7486b78f93fce8d56781dc2b404db","root.record.ItemExhibitList.P5Item.CostElementCategoryList.Launch.Recurring.CostElementList.CostElement.ManufacturerList.Manufacturer.HistoryPlanningList.HistoryPlanning"
"2019-07","1","2019-BASE_PROCUREMENT-2019-AIRFORCE_SPACE-U_PROCUREMENT_JustificationBook_Air_Force_PB_2019.zzz_unzipped-U_PROCUREMENT_JustificationBook_Air_Force_PB_2019.xml","437d2c67a4cc5d16854929d21729fd5d4c78483d0ac1527148024d46b499a23b","2-b986ded8e5334c8df47d67bea83716226e73c28b9181e48cfaec1a36ff25bf95","0-a827f8b66e66f58b4909b5db474ab0516ae7486b78f93fce8d56781dc2b404db","root.record.ItemExhibitList.P5Item.CostElementCategoryList.Launch.Recurring.CostElementList.CostElement.ManufacturerList.Manufacturer.HistoryPlanningList.HistoryPlanning"
"2019-12","1","2019-BASE_PROCUREMENT-2019-AIRFORCE_SPACE-U_PROCUREMENT_JustificationBook_Air_Force_PB_2019.zzz_unzipped-U_PROCUREMENT_JustificationBook_Air_Force_PB_2019.xml","437d2c67a4cc5d16854929d21729fd5d4c78483d0ac1527148024d46b499a23b","0-a557955a233ab1659d647f1dfe7242bd13582049a1198d686dbf09559497dde0","1-f87bf552e29a0102762c7ba8df6bba7cb112f20d88a02d46c8a50ce32b8ab680","root.record.ItemExhibitList.P5Item.CostElementCategoryList.Launch.Recurring.CostElementList.CostElement.ManufacturerList.Manufacturer.HistoryPlanningList.HistoryPlanning"
"2020-03","1","2019-BASE_PROCUREMENT-2019-AIRFORCE_SPACE-U_PROCUREMENT_JustificationBook_Air_Force_PB_2019.zzz_unzipped-U_PROCUREMENT_JustificationBook_Air_Force_PB_2019.xml","437d2c67a4cc5d16854929d21729fd5d4c78483d0ac1527148024d46b499a23b","1-5d4cde40242571ef220704213dec64e047d4301c460668f83aac79eaa2369545","1-f87bf552e29a0102762c7ba8df6bba7cb112f20d88a02d46c8a50ce32b8ab680","root.record.ItemExhibitList.P5Item.CostElementCategoryList.Launch.Recurring.CostElementList.CostElement.ManufacturerList.Manufacturer.HistoryPlanningList.HistoryPlanning"
"2020-04","1","2019-BASE_PROCUREMENT-2019-AIRFORCE_SPACE-U_PROCUREMENT_JustificationBook_Air_Force_PB_2019.zzz_unzipped-U_PROCUREMENT_JustificationBook_Air_Force_PB_2019.xml","437d2c67a4cc5d16854929d21729fd5d4c78483d0ac1527148024d46b499a23b","2-107cbe7814d24ae13a2c8643f07d5e6244d273a7e8265864e249ce2ad5469310","1-f87bf552e29a0102762c7ba8df6bba7cb112f20d88a02d46c8a50ce32b8ab680","root.record.ItemExhibitList.P5Item.CostElementCategoryList.Launch.Recurring.CostElementList.CostElement.ManufacturerList.Manufacturer.HistoryPlanningList.HistoryPlanning"
"2020-01","3","2019-BASE_PROCUREMENT-2019-AIRFORCE_SPACE-U_PROCUREMENT_JustificationBook_Air_Force_PB_2019.zzz_unzipped-U_PROCUREMENT_JustificationBook_Air_Force_PB_2019.xml","437d2c67a4cc5d16854929d21729fd5d4c78483d0ac1527148024d46b499a23b","0-898667f50adafdc24792073994f4b676bbab7808342ed25393bcdc25958c3804","2-acbc8ee51df2ecaaf8ffbd5670b81d0804e709b8847737430312240ac16b8293","root.record.ItemExhibitList.P5Item.CostElementCategoryList.Launch.Recurring.CostElementList.CostElement.ManufacturerList.Manufacturer.HistoryPlanningList.HistoryPlanning"
"2021-01","5","2019-BASE_PROCUREMENT-2019-AIRFORCE_SPACE-U_PROCUREMENT_JustificationBook_Air_Force_PB_2019.zzz_unzipped-U_PROCUREMENT_JustificationBook_Air_Force_PB_2019.xml","437d2c67a4cc5d16854929d21729fd5d4c78483d0ac1527148024d46b499a23b","0-928c90193741d85bf6813924989e0815e95c0857f3cfdfc0e9cd8623226231ec","0-a1eff774fdd87ab9a8456457fa365e9c7ae212517ef39dd8fc630810166cee67","root.record.ItemExhibitList.P5Item.CostElementCategoryList.Launch.Recurring.CostElementList.CostElement.ManufacturerList.Manufacturer.HistoryPlanningList.HistoryPlanning"
"2019-02","1","2019-BASE_PROCUREMENT-2019-AIRFORCE_SPACE-U_PROCUREMENT_MasterJustificationBook_Air_Force_PB_2019.zzz_unzipped-U_PROCUREMENT_MasterJustificationBook_Air_Force_PB_2019.xml","5c7e320ef862152863a5c39cc1a485c2c4e8fa5279f08c8454a72905bff07d97","0-ec7af68040bf10cef46f2f37ba9153bfa48351d064917e26cc8e1ae6c56a5edd","0-caf2d0f58d22270a2a386fecb45277e1c2e67ea45337c902c7c30f74380f7a4b","root.record.ItemExhibitList.P5Item.CostElementCategoryList.Launch.Recurring.CostElementList.CostElement.ManufacturerList.Manufacturer.HistoryPlanningList.HistoryPlanning"
"2019-06","1","2019-BASE_PROCUREMENT-2019-AIRFORCE_SPACE-U_PROCUREMENT_MasterJustificationBook_Air_Force_PB_2019.zzz_unzipped-U_PROCUREMENT_MasterJustificationBook_Air_Force_PB_2019.xml","5c7e320ef862152863a5c39cc1a485c2c4e8fa5279f08c8454a72905bff07d97","1-63f82dabdea23070f1781bbe3573a02013a6de5a546884acc0ddba27c7bd99d8","0-caf2d0f58d22270a2a386fecb45277e1c2e67ea45337c902c7c30f74380f7a4b","root.record.ItemExhibitList.P5Item.CostElementCategoryList.Launch.Recurring.CostElementList.CostElement.ManufacturerList.Manufacturer.HistoryPlanningList.HistoryPlanning"
"2019-07","1","2019-BASE_PROCUREMENT-2019-AIRFORCE_SPACE-U_PROCUREMENT_MasterJustificationBook_Air_Force_PB_2019.zzz_unzipped-U_PROCUREMENT_MasterJustificationBook_Air_Force_PB_2019.xml","5c7e320ef862152863a5c39cc1a485c2c4e8fa5279f08c8454a72905bff07d97","2-ea284ddee8568bdf71b268f3d3cd7d76484552bd8307345473d7f4fecaddb7e6","0-caf2d0f58d22270a2a386fecb45277e1c2e67ea45337c902c7c30f74380f7a4b","root.record.ItemExhibitList.P5Item.CostElementCategoryList.Launch.Recurring.CostElementList.CostElement.ManufacturerList.Manufacturer.HistoryPlanningList.HistoryPlanning"
"2019-12","1","2019-BASE_PROCUREMENT-2019-AIRFORCE_SPACE-U_PROCUREMENT_MasterJustificationBook_Air_Force_PB_2019.zzz_unzipped-U_PROCUREMENT_MasterJustificationBook_Air_Force_PB_2019.xml","5c7e320ef862152863a5c39cc1a485c2c4e8fa5279f08c8454a72905bff07d97","0-9568557b1981233e40299059235ef969dd4342f36929c603c054914173520cf7","1-8d391121fb0d795066a56fefc5663880fdaeb019852e1860b3985a94a1788b9c","root.record.ItemExhibitList.P5Item.CostElementCategoryList.Launch.Recurring.CostElementList.CostElement.ManufacturerList.Manufacturer.HistoryPlanningList.HistoryPlanning"
"2020-03","1","2019-BASE_PROCUREMENT-2019-AIRFORCE_SPACE-U_PROCUREMENT_MasterJustificationBook_Air_Force_PB_2019.zzz_unzipped-U_PROCUREMENT_MasterJustificationBook_Air_Force_PB_2019.xml","5c7e320ef862152863a5c39cc1a485c2c4e8fa5279f08c8454a72905bff07d97","1-69038ddb094060aa5a31c29b1d03b572dbb9f9d994b7cde66f63dfb978c40eb9","1-8d391121fb0d795066a56fefc5663880fdaeb019852e1860b3985a94a1788b9c","root.record.ItemExhibitList.P5Item.CostElementCategoryList.Launch.Recurring.CostElementList.CostElement.ManufacturerList.Manufacturer.HistoryPlanningList.HistoryPlanning"
"2020-04","1","2019-BASE_PROCUREMENT-2019-AIRFORCE_SPACE-U_PROCUREMENT_MasterJustificationBook_Air_Force_PB_2019.zzz_unzipped-U_PROCUREMENT_MasterJustificationBook_Air_Force_PB_2019.xml","5c7e320ef862152863a5c39cc1a485c2c4e8fa5279f08c8454a72905bff07d97","2-5825e4775461b5ef93c453c54e0f98ed0f0857034fa0f25ead6d583cbc70e233","1-8d391121fb0d795066a56fefc5663880fdaeb019852e1860b3985a94a1788b9c","root.record.ItemExhibitList.P5Item.CostElementCategoryList.Launch.Recurring.CostElementList.CostElement.ManufacturerList.Manufacturer.HistoryPlanningList.HistoryPlanning"
"2020-01","3","2019-BASE_PROCUREMENT-2019-AIRFORCE_SPACE-U_PROCUREMENT_MasterJustificationBook_Air_Force_PB_2019.zzz_unzipped-U_PROCUREMENT_MasterJustificationBook_Air_Force_PB_2019.xml","5c7e320ef862152863a5c39cc1a485c2c4e8fa5279f08c8454a72905bff07d97","0-1b2dd05106d0c039659ca4a73b36b40142e845b8d61aed17193c513603a28901","2-17b83354bf9a9526b4be15df049f822d21753a629a3e4d86a3e5409d7a61664b","root.record.ItemExhibitList.P5Item.CostElementCategoryList.Launch.Recurring.CostElementList.CostElement.ManufacturerList.Manufacturer.HistoryPlanningList.HistoryPlanning"
"2021-01","5","2019-BASE_PROCUREMENT-2019-AIRFORCE_SPACE-U_PROCUREMENT_MasterJustificationBook_Air_Force_PB_2019.zzz_unzipped-U_PROCUREMENT_MasterJustificationBook_Air_Force_PB_2019.xml","5c7e320ef862152863a5c39cc1a485c2c4e8fa5279f08c8454a72905bff07d97","0-b71db5de3242f414efa62fb514ff1e1b29e138b0012349d60073791d15778d29","0-396c15feefe294aba1a66eb73cd53071f16c4d0422b5ea2565cd59153f65efa0","root.record.ItemExhibitList.P5Item.CostElementCategoryList.Launch.Recurring.CostElementList.CostElement.ManufacturerList.Manufacturer.HistoryPlanningList.HistoryPlanning"
"2019-02","1","2020-BASE_PROCUREMENT-2020-AIRFORCE_SPACE-U_PROCUREMENT_JustificationBook_Air_Force_PB_2020.zzz_unzipped-U_PROCUREMENT_JustificationBook_Air_Force_PB_2020.xml","08c4d8d5e59a351bd4ee55fd7ea05b6cb60e8cbc8db146c1f3d795741592e31b","0-2d31ead2b10a0e1f87cf9fa11654126ac9fa7fc860dd3f0f36b67bfa73bbcaaf","0-9a1af928c4272fd684db384144ba3ff59b27dde0a7055c588774fd4db3d0c496","root.record.ItemExhibitList.P5Item.CostElementCategoryList.Launch.Recurring.CostElementList.CostElement.ManufacturerList.Manufacturer.HistoryPlanningList.HistoryPlanning"
"2019-06","1","2020-BASE_PROCUREMENT-2020-AIRFORCE_SPACE-U_PROCUREMENT_JustificationBook_Air_Force_PB_2020.zzz_unzipped-U_PROCUREMENT_JustificationBook_Air_Force_PB_2020.xml","08c4d8d5e59a351bd4ee55fd7ea05b6cb60e8cbc8db146c1f3d795741592e31b","1-a6186e3c2368cc43329def8fabb1f348577880eebde7dde8e7bce0700a260c70","0-9a1af928c4272fd684db384144ba3ff59b27dde0a7055c588774fd4db3d0c496","root.record.ItemExhibitList.P5Item.CostElementCategoryList.Launch.Recurring.CostElementList.CostElement.ManufacturerList.Manufacturer.HistoryPlanningList.HistoryPlanning"
"2019-07","1","2020-BASE_PROCUREMENT-2020-AIRFORCE_SPACE-U_PROCUREMENT_JustificationBook_Air_Force_PB_2020.zzz_unzipped-U_PROCUREMENT_JustificationBook_Air_Force_PB_2020.xml","08c4d8d5e59a351bd4ee55fd7ea05b6cb60e8cbc8db146c1f3d795741592e31b","2-6816ad9c7572e6b4ba70481a262c8ca1f4f7db5c1e5fe2b355bb918f29cd4250","0-9a1af928c4272fd684db384144ba3ff59b27dde0a7055c588774fd4db3d0c496","root.record.ItemExhibitList.P5Item.CostElementCategoryList.Launch.Recurring.CostElementList.CostElement.ManufacturerList.Manufacturer.HistoryPlanningList.HistoryPlanning"
"2019-12","1","2020-BASE_PROCUREMENT-2020-AIRFORCE_SPACE-U_PROCUREMENT_JustificationBook_Air_Force_PB_2020.zzz_unzipped-U_PROCUREMENT_JustificationBook_Air_Force_PB_2020.xml","08c4d8d5e59a351bd4ee55fd7ea05b6cb60e8cbc8db146c1f3d795741592e31b","0-33059829b91f83d798f2c30701785edfcdf4409ffcc00f668ade9aa1d5bb907c","1-a78417cf9fcced80d61bb87103bb7ed06afb4369e48757d19c39cf7288b5c766","root.record.ItemExhibitList.P5Item.CostElementCategoryList.Launch.Recurring.CostElementList.CostElement.ManufacturerList.Manufacturer.HistoryPlanningList.HistoryPlanning"
"2020-03","1","2020-BASE_PROCUREMENT-2020-AIRFORCE_SPACE-U_PROCUREMENT_JustificationBook_Air_Force_PB_2020.zzz_unzipped-U_PROCUREMENT_JustificationBook_Air_Force_PB_2020.xml","08c4d8d5e59a351bd4ee55fd7ea05b6cb60e8cbc8db146c1f3d795741592e31b","1-ddb65f766137f861133ac613ec71860a6773c1f4ba8d4662579f9160ea010110","1-a78417cf9fcced80d61bb87103bb7ed06afb4369e48757d19c39cf7288b5c766","root.record.ItemExhibitList.P5Item.CostElementCategoryList.Launch.Recurring.CostElementList.CostElement.ManufacturerList.Manufacturer.HistoryPlanningList.HistoryPlanning"
"2020-04","1","2020-BASE_PROCUREMENT-2020-AIRFORCE_SPACE-U_PROCUREMENT_JustificationBook_Air_Force_PB_2020.zzz_unzipped-U_PROCUREMENT_JustificationBook_Air_Force_PB_2020.xml","08c4d8d5e59a351bd4ee55fd7ea05b6cb60e8cbc8db146c1f3d795741592e31b","2-f9781b2ac92bd75c0e649f5273403cff1ab485fa8e037f8225999d9c7617346a","1-a78417cf9fcced80d61bb87103bb7ed06afb4369e48757d19c39cf7288b5c766","root.record.ItemExhibitList.P5Item.CostElementCategoryList.Launch.Recurring.CostElementList.CostElement.ManufacturerList.Manufacturer.HistoryPlanningList.HistoryPlanning"
"2020-03","2","2020-BASE_PROCUREMENT-2020-AIRFORCE_SPACE-U_PROCUREMENT_JustificationBook_Air_Force_PB_2020.zzz_unzipped-U_PROCUREMENT_JustificationBook_Air_Force_PB_2020.xml","08c4d8d5e59a351bd4ee55fd7ea05b6cb60e8cbc8db146c1f3d795741592e31b","0-10cf2b7fdc2680475ff2afee489a934ca2e830ef1cbb0c22a43168f98c1a8a1c","2-c125405559ad05f3b204421af189ff31f6ea7c5942777665a4da4c1e6ad5082c","root.record.ItemExhibitList.P5Item.CostElementCategoryList.Launch.Recurring.CostElementList.CostElement.ManufacturerList.Manufacturer.HistoryPlanningList.HistoryPlanning"
"2020-11","1","2020-BASE_PROCUREMENT-2020-AIRFORCE_SPACE-U_PROCUREMENT_JustificationBook_Air_Force_PB_2020.zzz_unzipped-U_PROCUREMENT_JustificationBook_Air_Force_PB_2020.xml","08c4d8d5e59a351bd4ee55fd7ea05b6cb60e8cbc8db146c1f3d795741592e31b","0-b701b262b87bfa784f18d86f97fab3357d6306efdc7ac32336f4919da08801b4","3-8b8d291af29eac9bc4ec8315a974db0015a9fbb4ca35e0087e52c4d45b4710ec","root.record.ItemExhibitList.P5Item.CostElementCategoryList.Launch.Recurring.CostElementList.CostElement.ManufacturerList.Manufacturer.HistoryPlanningList.HistoryPlanning"
"2020-12","1","2020-BASE_PROCUREMENT-2020-AIRFORCE_SPACE-U_PROCUREMENT_JustificationBook_Air_Force_PB_2020.zzz_unzipped-U_PROCUREMENT_JustificationBook_Air_Force_PB_2020.xml","08c4d8d5e59a351bd4ee55fd7ea05b6cb60e8cbc8db146c1f3d795741592e31b","1-bc10c7c1bb879a44351faaa4ce211b8e75b11265482783278d500f8fef82b31c","3-8b8d291af29eac9bc4ec8315a974db0015a9fbb4ca35e0087e52c4d45b4710ec","root.record.ItemExhibitList.P5Item.CostElementCategoryList.Launch.Recurring.CostElementList.CostElement.ManufacturerList.Manufacturer.HistoryPlanningList.HistoryPlanning"
"2021-03","1","2020-BASE_PROCUREMENT-2020-AIRFORCE_SPACE-U_PROCUREMENT_JustificationBook_Air_Force_PB_2020.zzz_unzipped-U_PROCUREMENT_JustificationBook_Air_Force_PB_2020.xml","08c4d8d5e59a351bd4ee55fd7ea05b6cb60e8cbc8db146c1f3d795741592e31b","2-f8d0e087afb66bf5baaeb161b0a4fddae9d65d3c056a5401fee6537a12d17e17","3-8b8d291af29eac9bc4ec8315a974db0015a9fbb4ca35e0087e52c4d45b4710ec","root.record.ItemExhibitList.P5Item.CostElementCategoryList.Launch.Recurring.CostElementList.CostElement.ManufacturerList.Manufacturer.HistoryPlanningList.HistoryPlanning"
"2021-04","1","2020-BASE_PROCUREMENT-2020-AIRFORCE_SPACE-U_PROCUREMENT_JustificationBook_Air_Force_PB_2020.zzz_unzipped-U_PROCUREMENT_JustificationBook_Air_Force_PB_2020.xml","08c4d8d5e59a351bd4ee55fd7ea05b6cb60e8cbc8db146c1f3d795741592e31b","3-4adba50a1212fbe8584d38ee6d9436234281f50570e6d49ee2181db4e63aa8ef","3-8b8d291af29eac9bc4ec8315a974db0015a9fbb4ca35e0087e52c4d45b4710ec","root.record.ItemExhibitList.P5Item.CostElementCategoryList.Launch.Recurring.CostElementList.CostElement.ManufacturerList.Manufacturer.HistoryPlanningList.HistoryPlanning"
"2021-10","1","2020-BASE_PROCUREMENT-2020-AIRFORCE_SPACE-U_PROCUREMENT_JustificationBook_Air_Force_PB_2020.zzz_unzipped-U_PROCUREMENT_JustificationBook_Air_Force_PB_2020.xml","08c4d8d5e59a351bd4ee55fd7ea05b6cb60e8cbc8db146c1f3d795741592e31b","4-1eda0235778d55ff962fab72413e303c5fa15b8a181784f66af519dc1823b92d","3-8b8d291af29eac9bc4ec8315a974db0015a9fbb4ca35e0087e52c4d45b4710ec","root.record.ItemExhibitList.P5Item.CostElementCategoryList.Launch.Recurring.CostElementList.CostElement.ManufacturerList.Manufacturer.HistoryPlanningList.HistoryPlanning"
"2021-12","4","2020-BASE_PROCUREMENT-2020-AIRFORCE_SPACE-U_PROCUREMENT_JustificationBook_Air_Force_PB_2020.zzz_unzipped-U_PROCUREMENT_JustificationBook_Air_Force_PB_2020.xml","08c4d8d5e59a351bd4ee55fd7ea05b6cb60e8cbc8db146c1f3d795741592e31b","0-18ac40208df5465365447d31cff7d77ba66561a71b3def47aba6d3728fccb46c","0-d6f178f62f90909ea47c05dc8c0e3799af2e15b2e7533a808d24e561e3486063","root.record.ItemExhibitList.P5Item.CostElementCategoryList.Launch.Recurring.CostElementList.CostElement.ManufacturerList.Manufacturer.HistoryPlanningList.HistoryPlanning"
"2019-02","1","2020-BASE_PROCUREMENT-2020-AIRFORCE_SPACE-U_PROCUREMENT_MasterJustificationBook_Air_Force_PB_2020.zzz_unzipped-U_PROCUREMENT_MasterJustificationBook_Air_Force_PB_2020.xml","c9b645ca3693dc4386f5024067a158db34ff6924a8e540b310f1bbc768a98941","0-b1e4570cbdbb39e9509dbb36cdea860c8c3bcdcf0babb647ae0551ca98a4df54","0-96fd21d0023f43a6efe49ea3955c17f6f32aef2d1104298971392e446a941fa9","root.record.ItemExhibitList.P5Item.CostElementCategoryList.Launch.Recurring.CostElementList.CostElement.ManufacturerList.Manufacturer.HistoryPlanningList.HistoryPlanning"
"2019-06","1","2020-BASE_PROCUREMENT-2020-AIRFORCE_SPACE-U_PROCUREMENT_MasterJustificationBook_Air_Force_PB_2020.zzz_unzipped-U_PROCUREMENT_MasterJustificationBook_Air_Force_PB_2020.xml","c9b645ca3693dc4386f5024067a158db34ff6924a8e540b310f1bbc768a98941","1-e0d1cefa850636fd25f9e00377393ac83f8cc627384891adb6286902ac732c23","0-96fd21d0023f43a6efe49ea3955c17f6f32aef2d1104298971392e446a941fa9","root.record.ItemExhibitList.P5Item.CostElementCategoryList.Launch.Recurring.CostElementList.CostElement.ManufacturerList.Manufacturer.HistoryPlanningList.HistoryPlanning"
"2019-07","1","2020-BASE_PROCUREMENT-2020-AIRFORCE_SPACE-U_PROCUREMENT_MasterJustificationBook_Air_Force_PB_2020.zzz_unzipped-U_PROCUREMENT_MasterJustificationBook_Air_Force_PB_2020.xml","c9b645ca3693dc4386f5024067a158db34ff6924a8e540b310f1bbc768a98941","2-967427f9d3929d12d237b524e84e269c3bd01b3f555e50dc801215ee3026abf3","0-96fd21d0023f43a6efe49ea3955c17f6f32aef2d1104298971392e446a941fa9","root.record.ItemExhibitList.P5Item.CostElementCategoryList.Launch.Recurring.CostElementList.CostElement.ManufacturerList.Manufacturer.HistoryPlanningList.HistoryPlanning"
"2019-12","1","2020-BASE_PROCUREMENT-2020-AIRFORCE_SPACE-U_PROCUREMENT_MasterJustificationBook_Air_Force_PB_2020.zzz_unzipped-U_PROCUREMENT_MasterJustificationBook_Air_Force_PB_2020.xml","c9b645ca3693dc4386f5024067a158db34ff6924a8e540b310f1bbc768a98941","0-542e6525f5862b9ea1f8aab7ec9444de2a7bfcd84daf94de735faa5213e1a322","1-f0c84ee27b4ae8a046ee1a88e016f0b889ae7029cca8bdc992618e1a3f579bb5","root.record.ItemExhibitList.P5Item.CostElementCategoryList.Launch.Recurring.CostElementList.CostElement.ManufacturerList.Manufacturer.HistoryPlanningList.HistoryPlanning"
"2020-03","1","2020-BASE_PROCUREMENT-2020-AIRFORCE_SPACE-U_PROCUREMENT_MasterJustificationBook_Air_Force_PB_2020.zzz_unzipped-U_PROCUREMENT_MasterJustificationBook_Air_Force_PB_2020.xml","c9b645ca3693dc4386f5024067a158db34ff6924a8e540b310f1bbc768a98941","1-79986667396a0a2bf0c1f64a47ea588d4adefc776abba546bf7e697711fde75c","1-f0c84ee27b4ae8a046ee1a88e016f0b889ae7029cca8bdc992618e1a3f579bb5","root.record.ItemExhibitList.P5Item.CostElementCategoryList.Launch.Recurring.CostElementList.CostElement.ManufacturerList.Manufacturer.HistoryPlanningList.HistoryPlanning"
"2020-04","1","2020-BASE_PROCUREMENT-2020-AIRFORCE_SPACE-U_PROCUREMENT_MasterJustificationBook_Air_Force_PB_2020.zzz_unzipped-U_PROCUREMENT_MasterJustificationBook_Air_Force_PB_2020.xml","c9b645ca3693dc4386f5024067a158db34ff6924a8e540b310f1bbc768a98941","2-caf7da591456b32b1be6f97a488b86ef303ff30f4e7a85180f81d7670cfecab5","1-f0c84ee27b4ae8a046ee1a88e016f0b889ae7029cca8bdc992618e1a3f579bb5","root.record.ItemExhibitList.P5Item.CostElementCategoryList.Launch.Recurring.CostElementList.CostElement.ManufacturerList.Manufacturer.HistoryPlanningList.HistoryPlanning"
"2020-03","2","2020-BASE_PROCUREMENT-2020-AIRFORCE_SPACE-U_PROCUREMENT_MasterJustificationBook_Air_Force_PB_2020.zzz_unzipped-U_PROCUREMENT_MasterJustificationBook_Air_Force_PB_2020.xml","c9b645ca3693dc4386f5024067a158db34ff6924a8e540b310f1bbc768a98941","0-64baec1bd484535be81526468bdfeaa7e4a06601d1269ef4ba0842878a1fbd0b","2-e48d0a3f3de37bba121f171b20c53e033b2a4732274625459da877af8fb1aa31","root.record.ItemExhibitList.P5Item.CostElementCategoryList.Launch.Recurring.CostElementList.CostElement.ManufacturerList.Manufacturer.HistoryPlanningList.HistoryPlanning"
"2020-11","1","2020-BASE_PROCUREMENT-2020-AIRFORCE_SPACE-U_PROCUREMENT_MasterJustificationBook_Air_Force_PB_2020.zzz_unzipped-U_PROCUREMENT_MasterJustificationBook_Air_Force_PB_2020.xml","c9b645ca3693dc4386f5024067a158db34ff6924a8e540b310f1bbc768a98941","0-7b63f58ad968109b4e3f78fdadb692035e4c504775c8bf10601f72c5fafe4402","3-1499c4afd31f047d3d7b8a7bd5f3a67a8fc788d6821648123627659334bfe7a6","root.record.ItemExhibitList.P5Item.CostElementCategoryList.Launch.Recurring.CostElementList.CostElement.ManufacturerList.Manufacturer.HistoryPlanningList.HistoryPlanning"
"2020-12","1","2020-BASE_PROCUREMENT-2020-AIRFORCE_SPACE-U_PROCUREMENT_MasterJustificationBook_Air_Force_PB_2020.zzz_unzipped-U_PROCUREMENT_MasterJustificationBook_Air_Force_PB_2020.xml","c9b645ca3693dc4386f5024067a158db34ff6924a8e540b310f1bbc768a98941","1-aac708ebb4da5d0e76dec3cdebb219d9a2368a606cbee708664fd61e85bd9a98","3-1499c4afd31f047d3d7b8a7bd5f3a67a8fc788d6821648123627659334bfe7a6","root.record.ItemExhibitList.P5Item.CostElementCategoryList.Launch.Recurring.CostElementList.CostElement.ManufacturerList.Manufacturer.HistoryPlanningList.HistoryPlanning"
"2021-03","1","2020-BASE_PROCUREMENT-2020-AIRFORCE_SPACE-U_PROCUREMENT_MasterJustificationBook_Air_Force_PB_2020.zzz_unzipped-U_PROCUREMENT_MasterJustificationBook_Air_Force_PB_2020.xml","c9b645ca3693dc4386f5024067a158db34ff6924a8e540b310f1bbc768a98941","2-9edbf8e02729906841370936156168f3292d47c8b232ede8f9e8ccf279e6a5fc","3-1499c4afd31f047d3d7b8a7bd5f3a67a8fc788d6821648123627659334bfe7a6","root.record.ItemExhibitList.P5Item.CostElementCategoryList.Launch.Recurring.CostElementList.CostElement.ManufacturerList.Manufacturer.HistoryPlanningList.HistoryPlanning"
"2021-04","1","2020-BASE_PROCUREMENT-2020-AIRFORCE_SPACE-U_PROCUREMENT_MasterJustificationBook_Air_Force_PB_2020.zzz_unzipped-U_PROCUREMENT_MasterJustificationBook_Air_Force_PB_2020.xml","c9b645ca3693dc4386f5024067a158db34ff6924a8e540b310f1bbc768a98941","3-c89bc3e659c268954acd513a24575bca7520cee4ec542cdffea4ae17d5dd8df9","3-1499c4afd31f047d3d7b8a7bd5f3a67a8fc788d6821648123627659334bfe7a6","root.record.ItemExhibitList.P5Item.CostElementCategoryList.Launch.Recurring.CostElementList.CostElement.ManufacturerList.Manufacturer.HistoryPlanningList.HistoryPlanning"
"2021-10","1","2020-BASE_PROCUREMENT-2020-AIRFORCE_SPACE-U_PROCUREMENT_MasterJustificationBook_Air_Force_PB_2020.zzz_unzipped-U_PROCUREMENT_MasterJustificationBook_Air_Force_PB_2020.xml","c9b645ca3693dc4386f5024067a158db34ff6924a8e540b310f1bbc768a98941","4-f9b822aa16c3b3c2795b10c63678e2300363cd35a7b1be3123f0ab395f91fe25","3-1499c4afd31f047d3d7b8a7bd5f3a67a8fc788d6821648123627659334bfe7a6","root.record.ItemExhibitList.P5Item.CostElementCategoryList.Launch.Recurring.CostElementList.CostElement.ManufacturerList.Manufacturer.HistoryPlanningList.HistoryPlanning"
"2021-12","4","2020-BASE_PROCUREMENT-2020-AIRFORCE_SPACE-U_PROCUREMENT_MasterJustificationBook_Air_Force_PB_2020.zzz_unzipped-U_PROCUREMENT_MasterJustificationBook_Air_Force_PB_2020.xml","c9b645ca3693dc4386f5024067a158db34ff6924a8e540b310f1bbc768a98941","0-b18647f06c384a86d01432703f655235c876ab6f6abedd0be2a5e4a422f70fbc","0-3b8566833cf9308f4d5d9f9d40fe61825aff94af61cc7aa19cc9f29fbf714e55","root.record.ItemExhibitList.P5Item.CostElementCategoryList.Launch.Recurring.CostElementList.CostElement.ManufacturerList.Manufacturer.HistoryPlanningList.HistoryPlanning"
