Month_val,Amount_val,@SOURCE_FILENAME,@RECORDID,@ROWID,@PARENTROWID,@PARENT
"2014-02","1","2015-BASE_PROCUREMENT-2015-AIRFORCE_MISSILE-PROCUREMENT_JustificationBook_Air_Force_PB_2015.zzz_unzipped-PROCUREMENT_JustificationBook_Air_Force_PB_2015.xml","04ba31003147d065bb7b0469d96856c0e467991933cc18cbefa9e3616265b178","0-d8e1403844575d98843a5c404695603ad27ae2b3a437136275b52c2168bad4c4","0-3f36e3ad731fe63288fdccd10d30b3037e46a8d8d30cac8a3083feb950554d0c","root.record.ItemExhibitList.P5Item.CostElementCategoryList.Launch.Recurring.CostElementList.CostElement.ManufacturerList.Manufacturer.HistoryPlanningList.HistoryPlanning"
"2015-02","1","2015-BASE_PROCUREMENT-2015-AIRFORCE_MISSILE-PROCUREMENT_JustificationBook_Air_Force_PB_2015.zzz_unzipped-PROCUREMENT_JustificationBook_Air_Force_PB_2015.xml","04ba31003147d065bb7b0469d96856c0e467991933cc18cbefa9e3616265b178","1-cd76a954c62e559c661e5de2cb8673803d630d10c21227101ebfd613983b5948","0-3f36e3ad731fe63288fdccd10d30b3037e46a8d8d30cac8a3083feb950554d0c","root.record.ItemExhibitList.P5Item.CostElementCategoryList.Launch.Recurring.CostElementList.CostElement.ManufacturerList.Manufacturer.HistoryPlanningList.HistoryPlanning"
"2012-01","2","2015-BASE_PROCUREMENT-2015-AIRFORCE_MISSILE-PROCUREMENT_JustificationBook_Air_Force_PB_2015.zzz_unzipped-PROCUREMENT_JustificationBook_Air_Force_PB_2015.xml","04ba31003147d065bb7b0469d96856c0e467991933cc18cbefa9e3616265b178","0-3cba33e89c79e9268ad09a86f4655750baeda0c62842c603323ae497a5900d2f","1-e7edec13bdccb5bc1d4ec7be3ce81dc29a5b0f11bf886a91ac9dcaa9166dfcac","root.record.ItemExhibitList.P5Item.CostElementCategoryList.Launch.Recurring.CostElementList.CostElement.ManufacturerList.Manufacturer.HistoryPlanningList.HistoryPlanning"
"2014-05","1","2015-BASE_PROCUREMENT-2015-AIRFORCE_MISSILE-PROCUREMENT_JustificationBook_Air_Force_PB_2015.zzz_unzipped-PROCUREMENT_JustificationBook_Air_Force_PB_2015.xml","04ba31003147d065bb7b0469d96856c0e467991933cc18cbefa9e3616265b178","1-aad650759b5a673dc53850cb68522a14761a137f34656c3c687bfe8e2a606738","1-e7edec13bdccb5bc1d4ec7be3ce81dc29a5b0f11bf886a91ac9dcaa9166dfcac","root.record.ItemExhibitList.P5Item.CostElementCategoryList.Launch.Recurring.CostElementList.CostElement.ManufacturerList.Manufacturer.HistoryPlanningList.HistoryPlanning"
"2013-07","2","2015-BASE_PROCUREMENT-2015-AIRFORCE_MISSILE-PROCUREMENT_JustificationBook_Air_Force_PB_2015.zzz_unzipped-PROCUREMENT_JustificationBook_Air_Force_PB_2015.xml","04ba31003147d065bb7b0469d96856c0e467991933cc18cbefa9e3616265b178","0-9b671dcd71052dba22e559b556505f640bb0f7e9b63ac4b872a77bc7f19f1a09","2-f12857f351020584aa1fa3280efe193e85a517f4b8f8c19cc4cf4cedb738825a","root.record.ItemExhibitList.P5Item.CostElementCategoryList.Launch.Recurring.CostElementList.CostElement.ManufacturerList.Manufacturer.HistoryPlanningList.HistoryPlanning"
"2014-12","1","2015-BASE_PROCUREMENT-2015-AIRFORCE_MISSILE-PROCUREMENT_JustificationBook_Air_Force_PB_2015.zzz_unzipped-PROCUREMENT_JustificationBook_Air_Force_PB_2015.xml","04ba31003147d065bb7b0469d96856c0e467991933cc18cbefa9e3616265b178","1-814a0962fb529cfa1571e51ab9b352025ade4b1d717db49ff6ab8ce1796fef2d","2-f12857f351020584aa1fa3280efe193e85a517f4b8f8c19cc4cf4cedb738825a","root.record.ItemExhibitList.P5Item.CostElementCategoryList.Launch.Recurring.CostElementList.CostElement.ManufacturerList.Manufacturer.HistoryPlanningList.HistoryPlanning"
"2014-10","3","2015-BASE_PROCUREMENT-2015-AIRFORCE_MISSILE-PROCUREMENT_JustificationBook_Air_Force_PB_2015.zzz_unzipped-PROCUREMENT_JustificationBook_Air_Force_PB_2015.xml","04ba31003147d065bb7b0469d96856c0e467991933cc18cbefa9e3616265b178","0-97e7e8f3306506695a8c6d049ed7d62a2a8948d876a19bc07e1f5a30676b5d94","3-a70c3315a0e4735482c32c9764dcd0b4bfa412cd59b91470e68f702a6fa2c6ae","root.record.ItemExhibitList.P5Item.CostElementCategoryList.Launch.Recurring.CostElementList.CostElement.ManufacturerList.Manufacturer.HistoryPlanningList.HistoryPlanning"
"2015-10","1","2015-BASE_PROCUREMENT-2015-AIRFORCE_MISSILE-PROCUREMENT_JustificationBook_Air_Force_PB_2015.zzz_unzipped-PROCUREMENT_JustificationBook_Air_Force_PB_2015.xml","04ba31003147d065bb7b0469d96856c0e467991933cc18cbefa9e3616265b178","1-26396d6edf22b7cfc15fd4e07aab72b756ac29cc847c8f567f77db23dab75615","3-a70c3315a0e4735482c32c9764dcd0b4bfa412cd59b91470e68f702a6fa2c6ae","root.record.ItemExhibitList.P5Item.CostElementCategoryList.Launch.Recurring.CostElementList.CostElement.ManufacturerList.Manufacturer.HistoryPlanningList.HistoryPlanning"
"2015-12","4","2015-BASE_PROCUREMENT-2015-AIRFORCE_MISSILE-PROCUREMENT_JustificationBook_Air_Force_PB_2015.zzz_unzipped-PROCUREMENT_JustificationBook_Air_Force_PB_2015.xml","04ba31003147d065bb7b0469d96856c0e467991933cc18cbefa9e3616265b178","0-32598888214fed2c07a17b6570cbb8d7a72589da0de9fe0956fbc179bc688d5d","4-4bbe2c7aa8e8879015bab641511465f702c2c6f55241653df8d7a461da0b5234","root.record.ItemExhibitList.P5Item.CostElementCategoryList.Launch.Recurring.CostElementList.CostElement.ManufacturerList.Manufacturer.HistoryPlanningList.HistoryPlanning"
"2016-10","1","2015-BASE_PROCUREMENT-2015-AIRFORCE_MISSILE-PROCUREMENT_JustificationBook_Air_Force_PB_2015.zzz_unzipped-PROCUREMENT_JustificationBook_Air_Force_PB_2015.xml","04ba31003147d065bb7b0469d96856c0e467991933cc18cbefa9e3616265b178","1-56360f376c626bcad12b55508ad86f3f6c88b69abf1713574e0ae1019772704d","4-4bbe2c7aa8e8879015bab641511465f702c2c6f55241653df8d7a461da0b5234","root.record.ItemExhibitList.P5Item.CostElementCategoryList.Launch.Recurring.CostElementList.CostElement.ManufacturerList.Manufacturer.HistoryPlanningList.HistoryPlanning"
"2014-01","2","2015-BASE_PROCUREMENT-2015-AIRFORCE_MISSILE-PROCUREMENT_JustificationBook_Air_Force_PB_2015.zzz_unzipped-PROCUREMENT_JustificationBook_Air_Force_PB_2015.xml","04ba31003147d065bb7b0469d96856c0e467991933cc18cbefa9e3616265b178","0-933fd61c6bf6d5107d121dc480c88f8056b3256a2ec9bcdea1bab34856244baa","0-27605d0a77e4bbf35201c82d35286d7ca948f0f71d7d282dd42b990739e89d7c","root.record.ItemExhibitList.P5Item.CostElementCategoryList.Launch.Recurring.CostElementList.CostElement.ManufacturerList.Manufacturer.HistoryPlanningList.HistoryPlanning"
"2015-04","1","2015-BASE_PROCUREMENT-2015-AIRFORCE_MISSILE-PROCUREMENT_JustificationBook_Air_Force_PB_2015.zzz_unzipped-PROCUREMENT_JustificationBook_Air_Force_PB_2015.xml","04ba31003147d065bb7b0469d96856c0e467991933cc18cbefa9e3616265b178","1-b23ecc9a61c2bdfa1ef5b6e5123ac4141cd54e3ae018447446dd722093d06936","0-27605d0a77e4bbf35201c82d35286d7ca948f0f71d7d282dd42b990739e89d7c","root.record.ItemExhibitList.P5Item.CostElementCategoryList.Launch.Recurring.CostElementList.CostElement.ManufacturerList.Manufacturer.HistoryPlanningList.HistoryPlanning"
"2015-08","1","2015-BASE_PROCUREMENT-2015-AIRFORCE_MISSILE-PROCUREMENT_JustificationBook_Air_Force_PB_2015.zzz_unzipped-PROCUREMENT_JustificationBook_Air_Force_PB_2015.xml","04ba31003147d065bb7b0469d96856c0e467991933cc18cbefa9e3616265b178","2-1c8264eca73607f4a17d7ade1f23e23e8249b047f96baaf733c104bba21ce2ba","0-27605d0a77e4bbf35201c82d35286d7ca948f0f71d7d282dd42b990739e89d7c","root.record.ItemExhibitList.P5Item.CostElementCategoryList.Launch.Recurring.CostElementList.CostElement.ManufacturerList.Manufacturer.HistoryPlanningList.HistoryPlanning"
"2015-09","1","2015-BASE_PROCUREMENT-2015-AIRFORCE_MISSILE-PROCUREMENT_JustificationBook_Air_Force_PB_2015.zzz_unzipped-PROCUREMENT_JustificationBook_Air_Force_PB_2015.xml","04ba31003147d065bb7b0469d96856c0e467991933cc18cbefa9e3616265b178","3-4f949c5c982b8a86bb052b2c2cb097bf16dc434276c5974d8a2266ae4ed87316","0-27605d0a77e4bbf35201c82d35286d7ca948f0f71d7d282dd42b990739e89d7c","root.record.ItemExhibitList.P5Item.CostElementCategoryList.Launch.Recurring.CostElementList.CostElement.ManufacturerList.Manufacturer.HistoryPlanningList.HistoryPlanning"
"2016-10","3","2015-BASE_PROCUREMENT-2015-AIRFORCE_MISSILE-PROCUREMENT_JustificationBook_Air_Force_PB_2015.zzz_unzipped-PROCUREMENT_JustificationBook_Air_Force_PB_2015.xml","04ba31003147d065bb7b0469d96856c0e467991933cc18cbefa9e3616265b178","0-9c385cbf739c5cf3dccb830966642b7d97040a953a66e7fcef3f96e1c03b3723","0-3c1eca9105c414d8e93af886f67684b5f60a98b79273249ad3e38145e96c158e","root.record.ItemExhibitList.P5Item.CostElementCategoryList.Launch.Recurring.CostElementList.CostElement.ManufacturerList.Manufacturer.HistoryPlanningList.HistoryPlanning"
"2017-10","4","2015-BASE_PROCUREMENT-2015-AIRFORCE_MISSILE-PROCUREMENT_JustificationBook_Air_Force_PB_2015.zzz_unzipped-PROCUREMENT_JustificationBook_Air_Force_PB_2015.xml","04ba31003147d065bb7b0469d96856c0e467991933cc18cbefa9e3616265b178","0-c3d8e0fcb898b67a26958d27052ec2739b494fc0e186a4c85fed37a5e029e388","1-bbbebbfa6a7543e97466d017d6267a28f6c8462d0140ab1b5f83ea775042517b","root.record.ItemExhibitList.P5Item.CostElementCategoryList.Launch.Recurring.CostElementList.CostElement.ManufacturerList.Manufacturer.HistoryPlanningList.HistoryPlanning"
"2018-10","5","2015-BASE_PROCUREMENT-2015-AIRFORCE_MISSILE-PROCUREMENT_JustificationBook_Air_Force_PB_2015.zzz_unzipped-PROCUREMENT_JustificationBook_Air_Force_PB_2015.xml","04ba31003147d065bb7b0469d96856c0e467991933cc18cbefa9e3616265b178","0-89e804950f534cdf2ba238ea08d98edc47437a34dcc4161e2ba456558dc0ad8d","2-3435b6414c1d1e1848121477ab87818cc9332ca11344f739471a3774b15af5ae","root.record.ItemExhibitList.P5Item.CostElementCategoryList.Launch.Recurring.CostElementList.CostElement.ManufacturerList.Manufacturer.HistoryPlanningList.HistoryPlanning"
"2019-10","4","2015-BASE_PROCUREMENT-2015-AIRFORCE_MISSILE-PROCUREMENT_JustificationBook_Air_Force_PB_2015.zzz_unzipped-PROCUREMENT_JustificationBook_Air_Force_PB_2015.xml","04ba31003147d065bb7b0469d96856c0e467991933cc18cbefa9e3616265b178","0-91fa3a2f0e3c5e3757d6bc78243b93aa9b4c920685ce3275f475b01c3a9b4401","0-6c63c192c086a44d13ba8301663f88db8258265878a9c88c0450e505a49e8236","root.record.ItemExhibitList.P5Item.CostElementCategoryList.Launch.Recurring.CostElementList.CostElement.ManufacturerList.Manufacturer.HistoryPlanningList.HistoryPlanning"
"2020-10","5","2015-BASE_PROCUREMENT-2015-AIRFORCE_MISSILE-PROCUREMENT_JustificationBook_Air_Force_PB_2015.zzz_unzipped-PROCUREMENT_JustificationBook_Air_Force_PB_2015.xml","04ba31003147d065bb7b0469d96856c0e467991933cc18cbefa9e3616265b178","0-202149cd2b5db5ae4053128142e77e4b0fa78e087c9d520299e66618f67cf0d2","1-d03021a921c5e3dd9238090ab99245e7657af7a5c1a5c56893ac185b23ff157f","root.record.ItemExhibitList.P5Item.CostElementCategoryList.Launch.Recurring.CostElementList.CostElement.ManufacturerList.Manufacturer.HistoryPlanningList.HistoryPlanning"
"2014-02","1","2015-BASE_PROCUREMENT-2015-AIRFORCE_MISSILE-PROCUREMENT_MasterJustificationBook_Air_Force_PB_2015.zzz_unzipped-PROCUREMENT_MasterJustificationBook_Air_Force_PB_2015.xml","3abf8b64467cbed6c01c156005d72134c5ac025da35c8ec98beeec4ffadf8568","0-7688b09e45f2c714533544c943ccfc62faa3c7f67406f8c4d5f24f1d044d288e","0-6b4d4fc3b161c36ccb7ea4e411ccec9c67663147a33c783ab19cde220874553b","root.record.ItemExhibitList.P5Item.CostElementCategoryList.Launch.Recurring.CostElementList.CostElement.ManufacturerList.Manufacturer.HistoryPlanningList.HistoryPlanning"
"2015-02","1","2015-BASE_PROCUREMENT-2015-AIRFORCE_MISSILE-PROCUREMENT_MasterJustificationBook_Air_Force_PB_2015.zzz_unzipped-PROCUREMENT_MasterJustificationBook_Air_Force_PB_2015.xml","3abf8b64467cbed6c01c156005d72134c5ac025da35c8ec98beeec4ffadf8568","1-375a213dba69771317722d7b7355f6ae29fddac4263d8081c82edd51294cdc9a","0-6b4d4fc3b161c36ccb7ea4e411ccec9c67663147a33c783ab19cde220874553b","root.record.ItemExhibitList.P5Item.CostElementCategoryList.Launch.Recurring.CostElementList.CostElement.ManufacturerList.Manufacturer.HistoryPlanningList.HistoryPlanning"
"2012-01","2","2015-BASE_PROCUREMENT-2015-AIRFORCE_MISSILE-PROCUREMENT_MasterJustificationBook_Air_Force_PB_2015.zzz_unzipped-PROCUREMENT_MasterJustificationBook_Air_Force_PB_2015.xml","3abf8b64467cbed6c01c156005d72134c5ac025da35c8ec98beeec4ffadf8568","0-c79433e19e840e1556d916082457a3a3a40cb772c558b9704e8f43f9a39986ee","1-f956e84dd023cd5afd9bb0af5524b7a82f8e307ee3d00c906951a987408b8604","root.record.ItemExhibitList.P5Item.CostElementCategoryList.Launch.Recurring.CostElementList.CostElement.ManufacturerList.Manufacturer.HistoryPlanningList.HistoryPlanning"
"2014-05","1","2015-BASE_PROCUREMENT-2015-AIRFORCE_MISSILE-PROCUREMENT_MasterJustificationBook_Air_Force_PB_2015.zzz_unzipped-PROCUREMENT_MasterJustificationBook_Air_Force_PB_2015.xml","3abf8b64467cbed6c01c156005d72134c5ac025da35c8ec98beeec4ffadf8568","1-2925583c96482d93be7815af2853e9d93e1cb13dbbdf22a4a379f350a11725b7","1-f956e84dd023cd5afd9bb0af5524b7a82f8e307ee3d00c906951a987408b8604","root.record.ItemExhibitList.P5Item.CostElementCategoryList.Launch.Recurring.CostElementList.CostElement.ManufacturerList.Manufacturer.HistoryPlanningList.HistoryPlanning"
"2013-07","2","2015-BASE_PROCUREMENT-2015-AIRFORCE_MISSILE-PROCUREMENT_MasterJustificationBook_Air_Force_PB_2015.zzz_unzipped-PROCUREMENT_MasterJustificationBook_Air_Force_PB_2015.xml","3abf8b64467cbed6c01c156005d72134c5ac025da35c8ec98beeec4ffadf8568","0-b28ff3ac6b265d1684bbc7e584a7e85d7da2dd6f52bb8bab8e7da43df4af46fa","2-65829f16e0a559654ef6d568d79c9b5bdbb8a191a2c40cd9119cf59267e958e4","root.record.ItemExhibitList.P5Item.CostElementCategoryList.Launch.Recurring.CostElementList.CostElement.ManufacturerList.Manufacturer.HistoryPlanningList.HistoryPlanning"
"2014-12","1","2015-BASE_PROCUREMENT-2015-AIRFORCE_MISSILE-PROCUREMENT_MasterJustificationBook_Air_Force_PB_2015.zzz_unzipped-PROCUREMENT_MasterJustificationBook_Air_Force_PB_2015.xml","3abf8b64467cbed6c01c156005d72134c5ac025da35c8ec98beeec4ffadf8568","1-9c28aa384b1b4b1e467d7e99be6e401354ea411cd83697125e752c4244593948","2-65829f16e0a559654ef6d568d79c9b5bdbb8a191a2c40cd9119cf59267e958e4","root.record.ItemExhibitList.P5Item.CostElementCategoryList.Launch.Recurring.CostElementList.CostElement.ManufacturerList.Manufacturer.HistoryPlanningList.HistoryPlanning"
"2014-10","3","2015-BASE_PROCUREMENT-2015-AIRFORCE_MISSILE-PROCUREMENT_MasterJustificationBook_Air_Force_PB_2015.zzz_unzipped-PROCUREMENT_MasterJustificationBook_Air_Force_PB_2015.xml","3abf8b64467cbed6c01c156005d72134c5ac025da35c8ec98beeec4ffadf8568","0-bf500d3106e94535a27bf0dca194e2cc60065a138f02d831270248bbdb0afcd6","3-62d4b62e22438e2252b6fb12aaede16aebfb557ea9f471ec05f2db26b7e8f5f1","root.record.ItemExhibitList.P5Item.CostElementCategoryList.Launch.Recurring.CostElementList.CostElement.ManufacturerList.Manufacturer.HistoryPlanningList.HistoryPlanning"
"2015-10","1","2015-BASE_PROCUREMENT-2015-AIRFORCE_MISSILE-PROCUREMENT_MasterJustificationBook_Air_Force_PB_2015.zzz_unzipped-PROCUREMENT_MasterJustificationBook_Air_Force_PB_2015.xml","3abf8b64467cbed6c01c156005d72134c5ac025da35c8ec98beeec4ffadf8568","1-b186b0a32e733818d8b553af3955948cee9faa699d2e10c9eabc13926818a384","3-62d4b62e22438e2252b6fb12aaede16aebfb557ea9f471ec05f2db26b7e8f5f1","root.record.ItemExhibitList.P5Item.CostElementCategoryList.Launch.Recurring.CostElementList.CostElement.ManufacturerList.Manufacturer.HistoryPlanningList.HistoryPlanning"
"2015-12","4","2015-BASE_PROCUREMENT-2015-AIRFORCE_MISSILE-PROCUREMENT_MasterJustificationBook_Air_Force_PB_2015.zzz_unzipped-PROCUREMENT_MasterJustificationBook_Air_Force_PB_2015.xml","3abf8b64467cbed6c01c156005d72134c5ac025da35c8ec98beeec4ffadf8568","0-069f96b5d8c23d4450d99c68a4ef1b21a66224f0bc63b0dc0f1a87bcaacb446c","4-fe39235a3163ac4d11af87b7a5a6a521bf8a1ef7544ad26a1aa51b231c8dc62f","root.record.ItemExhibitList.P5Item.CostElementCategoryList.Launch.Recurring.CostElementList.CostElement.ManufacturerList.Manufacturer.HistoryPlanningList.HistoryPlanning"
"2016-10","1","2015-BASE_PROCUREMENT-2015-AIRFORCE_MISSILE-PROCUREMENT_MasterJustificationBook_Air_Force_PB_2015.zzz_unzipped-PROCUREMENT_MasterJustificationBook_Air_Force_PB_2015.xml","3abf8b64467cbed6c01c156005d72134c5ac025da35c8ec98beeec4ffadf8568","1-bb8b448e41e21c2f81143c6f26aaba2279c058b2e3ea679ed5ef21de63c63405","4-fe39235a3163ac4d11af87b7a5a6a521bf8a1ef7544ad26a1aa51b231c8dc62f","root.record.ItemExhibitList.P5Item.CostElementCategoryList.Launch.Recurring.CostElementList.CostElement.ManufacturerList.Manufacturer.HistoryPlanningList.HistoryPlanning"
"2014-01","2","2015-BASE_PROCUREMENT-2015-AIRFORCE_MISSILE-PROCUREMENT_MasterJustificationBook_Air_Force_PB_2015.zzz_unzipped-PROCUREMENT_MasterJustificationBook_Air_Force_PB_2015.xml","3abf8b64467cbed6c01c156005d72134c5ac025da35c8ec98beeec4ffadf8568","0-54a40e925b75f07feaccc26920dc66f5b66e442e5b5c2f97b688373e81970f96","0-8a152184ce370a8c6463967973efde840e513ae068cc4cdc6f20eb0aca67d0cb","root.record.ItemExhibitList.P5Item.CostElementCategoryList.Launch.Recurring.CostElementList.CostElement.ManufacturerList.Manufacturer.HistoryPlanningList.HistoryPlanning"
"2015-04","1","2015-BASE_PROCUREMENT-2015-AIRFORCE_MISSILE-PROCUREMENT_MasterJustificationBook_Air_Force_PB_2015.zzz_unzipped-PROCUREMENT_MasterJustificationBook_Air_Force_PB_2015.xml","3abf8b64467cbed6c01c156005d72134c5ac025da35c8ec98beeec4ffadf8568","1-b36a2ce9738db319c44acda90228992125781ff5764b336d301e1bbc2d2a4e92","0-8a152184ce370a8c6463967973efde840e513ae068cc4cdc6f20eb0aca67d0cb","root.record.ItemExhibitList.P5Item.CostElementCategoryList.Launch.Recurring.CostElementList.CostElement.ManufacturerList.Manufacturer.HistoryPlanningList.HistoryPlanning"
"2015-08","1","2015-BASE_PROCUREMENT-2015-AIRFORCE_MISSILE-PROCUREMENT_MasterJustificationBook_Air_Force_PB_2015.zzz_unzipped-PROCUREMENT_MasterJustificationBook_Air_Force_PB_2015.xml","3abf8b64467cbed6c01c156005d72134c5ac025da35c8ec98beeec4ffadf8568","2-35ae6502e7267bfa1ca6b5db10fe5ad10ec3d2d8f8f4d7d400bbf15d4d076b92","0-8a152184ce370a8c6463967973efde840e513ae068cc4cdc6f20eb0aca67d0cb","root.record.ItemExhibitList.P5Item.CostElementCategoryList.Launch.Recurring.CostElementList.CostElement.ManufacturerList.Manufacturer.HistoryPlanningList.HistoryPlanning"
"2015-09","1","2015-BASE_PROCUREMENT-2015-AIRFORCE_MISSILE-PROCUREMENT_MasterJustificationBook_Air_Force_PB_2015.zzz_unzipped-PROCUREMENT_MasterJustificationBook_Air_Force_PB_2015.xml","3abf8b64467cbed6c01c156005d72134c5ac025da35c8ec98beeec4ffadf8568","3-23a79530e4db49de7be224e587c65647d2cca0bcb869d5b63d3feb7849a70275","0-8a152184ce370a8c6463967973efde840e513ae068cc4cdc6f20eb0aca67d0cb","root.record.ItemExhibitList.P5Item.CostElementCategoryList.Launch.Recurring.CostElementList.CostElement.ManufacturerList.Manufacturer.HistoryPlanningList.HistoryPlanning"
"2016-10","3","2015-BASE_PROCUREMENT-2015-AIRFORCE_MISSILE-PROCUREMENT_MasterJustificationBook_Air_Force_PB_2015.zzz_unzipped-PROCUREMENT_MasterJustificationBook_Air_Force_PB_2015.xml","3abf8b64467cbed6c01c156005d72134c5ac025da35c8ec98beeec4ffadf8568","0-3cf191c2121afc2d91cec2d568aedc79fd74016c66fb8c0a8343dcfa34ad2ebd","0-ba40692e90318c5cd2f0190c7f9bca976163677fc77ca765524a2b9e34bc3386","root.record.ItemExhibitList.P5Item.CostElementCategoryList.Launch.Recurring.CostElementList.CostElement.ManufacturerList.Manufacturer.HistoryPlanningList.HistoryPlanning"
"2017-10","4","2015-BASE_PROCUREMENT-2015-AIRFORCE_MISSILE-PROCUREMENT_MasterJustificationBook_Air_Force_PB_2015.zzz_unzipped-PROCUREMENT_MasterJustificationBook_Air_Force_PB_2015.xml","3abf8b64467cbed6c01c156005d72134c5ac025da35c8ec98beeec4ffadf8568","0-96efc74b81965df8d09aa5ce2e7156f1642cea13def1f5c8f7634fb1be7d15f6","1-0f9b7c230395d7b77451bbd67835d8df5107e24cce3d5398510bcc9d1271ecb0","root.record.ItemExhibitList.P5Item.CostElementCategoryList.Launch.Recurring.CostElementList.CostElement.ManufacturerList.Manufacturer.HistoryPlanningList.HistoryPlanning"
"2018-10","5","2015-BASE_PROCUREMENT-2015-AIRFORCE_MISSILE-PROCUREMENT_MasterJustificationBook_Air_Force_PB_2015.zzz_unzipped-PROCUREMENT_MasterJustificationBook_Air_Force_PB_2015.xml","3abf8b64467cbed6c01c156005d72134c5ac025da35c8ec98beeec4ffadf8568","0-38a8c4190ccb39fcab999a52fd041a40111cbefe38883b65be3bdfe7d4949f75","2-9be24b5c832dbc07e8f492d1df4c39ceabd9a25d310d9e9971753c5a89157d79","root.record.ItemExhibitList.P5Item.CostElementCategoryList.Launch.Recurring.CostElementList.CostElement.ManufacturerList.Manufacturer.HistoryPlanningList.HistoryPlanning"
"2019-10","4","2015-BASE_PROCUREMENT-2015-AIRFORCE_MISSILE-PROCUREMENT_MasterJustificationBook_Air_Force_PB_2015.zzz_unzipped-PROCUREMENT_MasterJustificationBook_Air_Force_PB_2015.xml","3abf8b64467cbed6c01c156005d72134c5ac025da35c8ec98beeec4ffadf8568","0-fb1fd5b3d6063e10e5186ff5557be3566f2f7417bd7ce7b2cc100e4e336ebf0d","0-c5777989c2f6bcb6528d6de791c7a8b0a53d8c148f63384bfab8ad8ce16145ba","root.record.ItemExhibitList.P5Item.CostElementCategoryList.Launch.Recurring.CostElementList.CostElement.ManufacturerList.Manufacturer.HistoryPlanningList.HistoryPlanning"
"2020-10","5","2015-BASE_PROCUREMENT-2015-AIRFORCE_MISSILE-PROCUREMENT_MasterJustificationBook_Air_Force_PB_2015.zzz_unzipped-PROCUREMENT_MasterJustificationBook_Air_Force_PB_2015.xml","3abf8b64467cbed6c01c156005d72134c5ac025da35c8ec98beeec4ffadf8568","0-49319e7bee330ea7ed12f830e446effb0558875b5d1de75f50e9e08df8159903","1-2bdc70cc5b944358455b64a08470acb6b9f4ceecd2dd8f370a6a2552f4c1a14e","root.record.ItemExhibitList.P5Item.CostElementCategoryList.Launch.Recurring.CostElementList.CostElement.ManufacturerList.Manufacturer.HistoryPlanningList.HistoryPlanning"
"2014-01","2","2016-BASE_PROCUREMENT-2016-AIRFORCE_MISSILE-PROCUREMENT_JustificationBook_Air_Force_PB_2016.zzz_unzipped-PROCUREMENT_JustificationBook_Air_Force_PB_2016.xml","cf8925d65bd63fdedf24ce17755069f37593cef7cbbe4aeacd94a8f5b6fd690f","0-6498c047b366015e98d981db54efafc952429d49f3419eee63d4c646468d61bd","0-c54867da15eab3553c1824ee9b781067562d3d3fbdfd49bc339bdff983533a13","root.record.ItemExhibitList.P5Item.CostElementCategoryList.Launch.Recurring.CostElementList.CostElement.ManufacturerList.Manufacturer.HistoryPlanningList.HistoryPlanning"
"2014-10","1","2016-BASE_PROCUREMENT-2016-AIRFORCE_MISSILE-PROCUREMENT_JustificationBook_Air_Force_PB_2016.zzz_unzipped-PROCUREMENT_JustificationBook_Air_Force_PB_2016.xml","cf8925d65bd63fdedf24ce17755069f37593cef7cbbe4aeacd94a8f5b6fd690f","1-1d002d74ce1c87c21e679427ebe7dfff22413086ebba0960daff2f1f66284b06","0-c54867da15eab3553c1824ee9b781067562d3d3fbdfd49bc339bdff983533a13","root.record.ItemExhibitList.P5Item.CostElementCategoryList.Launch.Recurring.CostElementList.CostElement.ManufacturerList.Manufacturer.HistoryPlanningList.HistoryPlanning"
"2016-04","1","2016-BASE_PROCUREMENT-2016-AIRFORCE_MISSILE-PROCUREMENT_JustificationBook_Air_Force_PB_2016.zzz_unzipped-PROCUREMENT_JustificationBook_Air_Force_PB_2016.xml","cf8925d65bd63fdedf24ce17755069f37593cef7cbbe4aeacd94a8f5b6fd690f","2-2b37237457d815004775f8d57d58f2952fd6bbc2030551e859fb764521080d3c","0-c54867da15eab3553c1824ee9b781067562d3d3fbdfd49bc339bdff983533a13","root.record.ItemExhibitList.P5Item.CostElementCategoryList.Launch.Recurring.CostElementList.CostElement.ManufacturerList.Manufacturer.HistoryPlanningList.HistoryPlanning"
"2016-08","1","2016-BASE_PROCUREMENT-2016-AIRFORCE_MISSILE-PROCUREMENT_JustificationBook_Air_Force_PB_2016.zzz_unzipped-PROCUREMENT_JustificationBook_Air_Force_PB_2016.xml","cf8925d65bd63fdedf24ce17755069f37593cef7cbbe4aeacd94a8f5b6fd690f","3-b0a3df767c73d5a611d05fa4e750bea4270e1544b4620b75b4a97088acf5d1de","0-c54867da15eab3553c1824ee9b781067562d3d3fbdfd49bc339bdff983533a13","root.record.ItemExhibitList.P5Item.CostElementCategoryList.Launch.Recurring.CostElementList.CostElement.ManufacturerList.Manufacturer.HistoryPlanningList.HistoryPlanning"
"2014-10","2","2016-BASE_PROCUREMENT-2016-AIRFORCE_MISSILE-PROCUREMENT_JustificationBook_Air_Force_PB_2016.zzz_unzipped-PROCUREMENT_JustificationBook_Air_Force_PB_2016.xml","cf8925d65bd63fdedf24ce17755069f37593cef7cbbe4aeacd94a8f5b6fd690f","0-6190e3cd82c96410844a240a6e3e0890fe87539ef385bfda1df760a087c941ca","0-b9fca454c9a13876f877ea81064ab0c5f83c5d06c6ab533aeda98c7965bf35ca","root.record.ItemExhibitList.P5Item.CostElementCategoryList.Launch.Recurring.CostElementList.CostElement.ManufacturerList.Manufacturer.HistoryPlanningList.HistoryPlanning"
"2015-10","2","2016-BASE_PROCUREMENT-2016-AIRFORCE_MISSILE-PROCUREMENT_JustificationBook_Air_Force_PB_2016.zzz_unzipped-PROCUREMENT_JustificationBook_Air_Force_PB_2016.xml","cf8925d65bd63fdedf24ce17755069f37593cef7cbbe4aeacd94a8f5b6fd690f","1-0a917cd38764ce0c89814eefadbc531f2df1576be37ebc3fd96e67e099364695","0-b9fca454c9a13876f877ea81064ab0c5f83c5d06c6ab533aeda98c7965bf35ca","root.record.ItemExhibitList.P5Item.CostElementCategoryList.Launch.Recurring.CostElementList.CostElement.ManufacturerList.Manufacturer.HistoryPlanningList.HistoryPlanning"
"2015-12","4","2016-BASE_PROCUREMENT-2016-AIRFORCE_MISSILE-PROCUREMENT_JustificationBook_Air_Force_PB_2016.zzz_unzipped-PROCUREMENT_JustificationBook_Air_Force_PB_2016.xml","cf8925d65bd63fdedf24ce17755069f37593cef7cbbe4aeacd94a8f5b6fd690f","0-7a2eb92448e1fd031c608fe6d2d116359d487d594c71210f07251d7a9e7a11c4","0-73ebe115ce613e5c25a81a5554e8003300ccd83eee97ab68d57ad454bee59618","root.record.ItemExhibitList.P5Item.CostElementCategoryList.Launch.Recurring.CostElementList.CostElement.ManufacturerList.Manufacturer.HistoryPlanningList.HistoryPlanning"
"2016-06","1","2016-BASE_PROCUREMENT-2016-AIRFORCE_MISSILE-PROCUREMENT_JustificationBook_Air_Force_PB_2016.zzz_unzipped-PROCUREMENT_JustificationBook_Air_Force_PB_2016.xml","cf8925d65bd63fdedf24ce17755069f37593cef7cbbe4aeacd94a8f5b6fd690f","1-6c96bb0970510b50c1c549be551368e7d5eb97fc59272a61635e389dcb437c5d","0-73ebe115ce613e5c25a81a5554e8003300ccd83eee97ab68d57ad454bee59618","root.record.ItemExhibitList.P5Item.CostElementCategoryList.Launch.Recurring.CostElementList.CostElement.ManufacturerList.Manufacturer.HistoryPlanningList.HistoryPlanning"
"2017-01","2","2016-BASE_PROCUREMENT-2016-AIRFORCE_MISSILE-PROCUREMENT_JustificationBook_Air_Force_PB_2016.zzz_unzipped-PROCUREMENT_JustificationBook_Air_Force_PB_2016.xml","cf8925d65bd63fdedf24ce17755069f37593cef7cbbe4aeacd94a8f5b6fd690f","0-bdecd034b5072feab6a61f7b45a4fa870464f9994fbe0e111b2d492bee22176d","0-54805cbcf8338c1fb1f5f1c8b9d4694ab17acf6d46f986ffcfd501d987dd5193","root.record.ItemExhibitList.P5Item.CostElementCategoryList.Launch.Recurring.CostElementList.CostElement.ManufacturerList.Manufacturer.HistoryPlanningList.HistoryPlanning"
"2017-05","2","2016-BASE_PROCUREMENT-2016-AIRFORCE_MISSILE-PROCUREMENT_JustificationBook_Air_Force_PB_2016.zzz_unzipped-PROCUREMENT_JustificationBook_Air_Force_PB_2016.xml","cf8925d65bd63fdedf24ce17755069f37593cef7cbbe4aeacd94a8f5b6fd690f","1-53eb7213b84526dc01a1b5e6217313d8b53cc71d4fd2dd08a506076ea5815b15","0-54805cbcf8338c1fb1f5f1c8b9d4694ab17acf6d46f986ffcfd501d987dd5193","root.record.ItemExhibitList.P5Item.CostElementCategoryList.Launch.Recurring.CostElementList.CostElement.ManufacturerList.Manufacturer.HistoryPlanningList.HistoryPlanning"
"2014-01","2","2016-BASE_PROCUREMENT-2016-AIRFORCE_MISSILE-PROCUREMENT_MasterJustificationBook_Air_Force_PB_2016.zzz_unzipped-PROCUREMENT_MasterJustificationBook_Air_Force_PB_2016.xml","939818d19b159c135335fe081effefc55291969edf99d66feedb0e0d81b54846","0-c39ed9aaca1f396e655fcad2b4d09dce87bfbdf41d0d222499f49f3665f0469b","0-be85168c14caa8b607f759f9816f6c69c37d731290ed48f63f6d2ca219302916","root.record.ItemExhibitList.P5Item.CostElementCategoryList.Launch.Recurring.CostElementList.CostElement.ManufacturerList.Manufacturer.HistoryPlanningList.HistoryPlanning"
"2014-10","1","2016-BASE_PROCUREMENT-2016-AIRFORCE_MISSILE-PROCUREMENT_MasterJustificationBook_Air_Force_PB_2016.zzz_unzipped-PROCUREMENT_MasterJustificationBook_Air_Force_PB_2016.xml","939818d19b159c135335fe081effefc55291969edf99d66feedb0e0d81b54846","1-18e93ad99f7a04d61714621edb164c30e887b8a1d9263312a5f5bc00c46b6f72","0-be85168c14caa8b607f759f9816f6c69c37d731290ed48f63f6d2ca219302916","root.record.ItemExhibitList.P5Item.CostElementCategoryList.Launch.Recurring.CostElementList.CostElement.ManufacturerList.Manufacturer.HistoryPlanningList.HistoryPlanning"
"2016-04","1","2016-BASE_PROCUREMENT-2016-AIRFORCE_MISSILE-PROCUREMENT_MasterJustificationBook_Air_Force_PB_2016.zzz_unzipped-PROCUREMENT_MasterJustificationBook_Air_Force_PB_2016.xml","939818d19b159c135335fe081effefc55291969edf99d66feedb0e0d81b54846","2-a9a06bdb7707a45bc958ac34ce0678a007c990bd7ebb2153f3572994f71d56be","0-be85168c14caa8b607f759f9816f6c69c37d731290ed48f63f6d2ca219302916","root.record.ItemExhibitList.P5Item.CostElementCategoryList.Launch.Recurring.CostElementList.CostElement.ManufacturerList.Manufacturer.HistoryPlanningList.HistoryPlanning"
"2016-08","1","2016-BASE_PROCUREMENT-2016-AIRFORCE_MISSILE-PROCUREMENT_MasterJustificationBook_Air_Force_PB_2016.zzz_unzipped-PROCUREMENT_MasterJustificationBook_Air_Force_PB_2016.xml","939818d19b159c135335fe081effefc55291969edf99d66feedb0e0d81b54846","3-cb5d3197c51fdecf69b38ddb10ac644739bf5eaac741774ff8322c031cbb1a5d","0-be85168c14caa8b607f759f9816f6c69c37d731290ed48f63f6d2ca219302916","root.record.ItemExhibitList.P5Item.CostElementCategoryList.Launch.Recurring.CostElementList.CostElement.ManufacturerList.Manufacturer.HistoryPlanningList.HistoryPlanning"
"2014-10","2","2016-BASE_PROCUREMENT-2016-AIRFORCE_MISSILE-PROCUREMENT_MasterJustificationBook_Air_Force_PB_2016.zzz_unzipped-PROCUREMENT_MasterJustificationBook_Air_Force_PB_2016.xml","939818d19b159c135335fe081effefc55291969edf99d66feedb0e0d81b54846","0-3d9a92cbbb16506b5842cca6976107c2f26ea9ef97433aabd52600edafc3abf9","0-039f379df0b61ab4741053bbb17d23800638252cfcc6da4353a4b96c97494e51","root.record.ItemExhibitList.P5Item.CostElementCategoryList.Launch.Recurring.CostElementList.CostElement.ManufacturerList.Manufacturer.HistoryPlanningList.HistoryPlanning"
"2015-10","2","2016-BASE_PROCUREMENT-2016-AIRFORCE_MISSILE-PROCUREMENT_MasterJustificationBook_Air_Force_PB_2016.zzz_unzipped-PROCUREMENT_MasterJustificationBook_Air_Force_PB_2016.xml","939818d19b159c135335fe081effefc55291969edf99d66feedb0e0d81b54846","1-3360e48f000c1153b2b205d67ac5ccf0ad5bf4eb6aac8fce71b2d89e0ca310e5","0-039f379df0b61ab4741053bbb17d23800638252cfcc6da4353a4b96c97494e51","root.record.ItemExhibitList.P5Item.CostElementCategoryList.Launch.Recurring.CostElementList.CostElement.ManufacturerList.Manufacturer.HistoryPlanningList.HistoryPlanning"
"2015-12","4","2016-BASE_PROCUREMENT-2016-AIRFORCE_MISSILE-PROCUREMENT_MasterJustificationBook_Air_Force_PB_2016.zzz_unzipped-PROCUREMENT_MasterJustificationBook_Air_Force_PB_2016.xml","939818d19b159c135335fe081effefc55291969edf99d66feedb0e0d81b54846","0-efc0de7c6edace0f9d08da2b2b4fe3d44d7d9b0cb51b30bf4538f77943e50fcf","0-635043ef37d63f08425097516a0d1275168bde8ef945ef6208a3501203e66c50","root.record.ItemExhibitList.P5Item.CostElementCategoryList.Launch.Recurring.CostElementList.CostElement.ManufacturerList.Manufacturer.HistoryPlanningList.HistoryPlanning"
"2016-06","1","2016-BASE_PROCUREMENT-2016-AIRFORCE_MISSILE-PROCUREMENT_MasterJustificationBook_Air_Force_PB_2016.zzz_unzipped-PROCUREMENT_MasterJustificationBook_Air_Force_PB_2016.xml","939818d19b159c135335fe081effefc55291969edf99d66feedb0e0d81b54846","1-3dd421fdfc9df1d4c684b619ad2b0fc179f1c42d8e97cd4f63dea2baac0ff437","0-635043ef37d63f08425097516a0d1275168bde8ef945ef6208a3501203e66c50","root.record.ItemExhibitList.P5Item.CostElementCategoryList.Launch.Recurring.CostElementList.CostElement.ManufacturerList.Manufacturer.HistoryPlanningList.HistoryPlanning"
"2017-01","2","2016-BASE_PROCUREMENT-2016-AIRFORCE_MISSILE-PROCUREMENT_MasterJustificationBook_Air_Force_PB_2016.zzz_unzipped-PROCUREMENT_MasterJustificationBook_Air_Force_PB_2016.xml","939818d19b159c135335fe081effefc55291969edf99d66feedb0e0d81b54846","0-4f68917d51d54ec3ce5fa6a3ca0e1188e764dec6d5580e45bc2e81ebe0eee3aa","0-f661a74834baa9814b0b5fb89f99d1315d9f2ca1ffbe9b28d384dacd5870e916","root.record.ItemExhibitList.P5Item.CostElementCategoryList.Launch.Recurring.CostElementList.CostElement.ManufacturerList.Manufacturer.HistoryPlanningList.HistoryPlanning"
"2017-05","2","2016-BASE_PROCUREMENT-2016-AIRFORCE_MISSILE-PROCUREMENT_MasterJustificationBook_Air_Force_PB_2016.zzz_unzipped-PROCUREMENT_MasterJustificationBook_Air_Force_PB_2016.xml","939818d19b159c135335fe081effefc55291969edf99d66feedb0e0d81b54846","1-5a4590239ec9c0515342204bb237755cab371279e57084ec20bc34938ad7dd1a","0-f661a74834baa9814b0b5fb89f99d1315d9f2ca1ffbe9b28d384dacd5870e916","root.record.ItemExhibitList.P5Item.CostElementCategoryList.Launch.Recurring.CostElementList.CostElement.ManufacturerList.Manufacturer.HistoryPlanningList.HistoryPlanning"
"2017-12","5","2016-BASE_PROCUREMENT-2016-AIRFORCE_SPACE-PROCUREMENT_JustificationBook_Air_Force_PB_2016.zzz_unzipped-PROCUREMENT_JustificationBook_Air_Force_PB_2016.xml","7a2d660364617df9c4864dac6ccd860e0aa8b3a898565771e1e333f1544053e7","0-cb0aadc08419e01829c9f46ceb21d64c37b126b094a3b9f288985e3d80c0b460","0-e0193fa6ac096693aaf0f2c643b7af164ba6a954cd60b93c52132385f6cf2b35","root.record.ItemExhibitList.P5Item.CostElementCategoryList.Launch.Recurring.CostElementList.CostElement.ManufacturerList.Manufacturer.HistoryPlanningList.HistoryPlanning"
"2018-12","5","2016-BASE_PROCUREMENT-2016-AIRFORCE_SPACE-PROCUREMENT_JustificationBook_Air_Force_PB_2016.zzz_unzipped-PROCUREMENT_JustificationBook_Air_Force_PB_2016.xml","7a2d660364617df9c4864dac6ccd860e0aa8b3a898565771e1e333f1544053e7","0-d0b86aa4497f5fb8be9b1e78850e3296456746e145cd3e517963a85cef35070a","0-44173f3eeb5473f1977442e5d3e9ce23c621aff7f865dcef095a3f41f1011ca2","root.record.ItemExhibitList.P5Item.CostElementCategoryList.Launch.Recurring.CostElementList.CostElement.ManufacturerList.Manufacturer.HistoryPlanningList.HistoryPlanning"
"2019-12","4","2016-BASE_PROCUREMENT-2016-AIRFORCE_SPACE-PROCUREMENT_JustificationBook_Air_Force_PB_2016.zzz_unzipped-PROCUREMENT_JustificationBook_Air_Force_PB_2016.xml","7a2d660364617df9c4864dac6ccd860e0aa8b3a898565771e1e333f1544053e7","0-9237ee98ebbb811f95b201dafa6915888ce7f79652bf09d95c3cbdf26a932bf6","0-9079f1e0c57f4c4aa79f6b509639687c09578bd0d1b68d90a63eddcd82820c8e","root.record.ItemExhibitList.P5Item.CostElementCategoryList.Launch.Recurring.CostElementList.CostElement.ManufacturerList.Manufacturer.HistoryPlanningList.HistoryPlanning"
"2020-12","5","2016-BASE_PROCUREMENT-2016-AIRFORCE_SPACE-PROCUREMENT_JustificationBook_Air_Force_PB_2016.zzz_unzipped-PROCUREMENT_JustificationBook_Air_Force_PB_2016.xml","7a2d660364617df9c4864dac6ccd860e0aa8b3a898565771e1e333f1544053e7","0-9d1234ae074cb7320228d92e69afc32ac8d27a7d3d65e1cf9dd2154bec025c0f","1-a0e369639024c7b05681bbe56815eaecaf0704d11d8c609ef57b8133b6c71141","root.record.ItemExhibitList.P5Item.CostElementCategoryList.Launch.Recurring.CostElementList.CostElement.ManufacturerList.Manufacturer.HistoryPlanningList.HistoryPlanning"
"2021-12","5","2016-BASE_PROCUREMENT-2016-AIRFORCE_SPACE-PROCUREMENT_JustificationBook_Air_Force_PB_2016.zzz_unzipped-PROCUREMENT_JustificationBook_Air_Force_PB_2016.xml","7a2d660364617df9c4864dac6ccd860e0aa8b3a898565771e1e333f1544053e7","0-bba5746e9b1c836f9c22df3823570118072c115fa5765c28768a51b6b6c3fd8b","2-20a52d80722972fbbde791b0e81df267b811e9088ca137ced84c9f8c66ed6b5c","root.record.ItemExhibitList.P5Item.CostElementCategoryList.Launch.Recurring.CostElementList.CostElement.ManufacturerList.Manufacturer.HistoryPlanningList.HistoryPlanning"
"2017-12","5","2016-BASE_PROCUREMENT-2016-AIRFORCE_SPACE-PROCUREMENT_MasterJustificationBook_Air_Force_PB_2016.zzz_unzipped-PROCUREMENT_MasterJustificationBook_Air_Force_PB_2016.xml","e74c5625e1731a9bfe9f4efe680292d976b26eee481f576bfc724d2c763e55fb","0-10deacd51844c73bfd5b0e4000247168efad6985d234bbc8c5ebed96475daf7c","0-5c8efdfa7b0efc0ef200523d9eca16cc6609a0f21b1aadec39cdaef32c425e25","root.record.ItemExhibitList.P5Item.CostElementCategoryList.Launch.Recurring.CostElementList.CostElement.ManufacturerList.Manufacturer.HistoryPlanningList.HistoryPlanning"
"2018-12","5","2016-BASE_PROCUREMENT-2016-AIRFORCE_SPACE-PROCUREMENT_MasterJustificationBook_Air_Force_PB_2016.zzz_unzipped-PROCUREMENT_MasterJustificationBook_Air_Force_PB_2016.xml","e74c5625e1731a9bfe9f4efe680292d976b26eee481f576bfc724d2c763e55fb","0-e1e243a6414014434afc1fe3e7edc56e9aeca7c321407fe87844b3b788df07c7","0-bf56f6db02cbd3a193d6612731a06df8854728e20e4fc5664e9fda57f2fd57ed","root.record.ItemExhibitList.P5Item.CostElementCategoryList.Launch.Recurring.CostElementList.CostElement.ManufacturerList.Manufacturer.HistoryPlanningList.HistoryPlanning"
"2019-12","4","2016-BASE_PROCUREMENT-2016-AIRFORCE_SPACE-PROCUREMENT_MasterJustificationBook_Air_Force_PB_2016.zzz_unzipped-PROCUREMENT_MasterJustificationBook_Air_Force_PB_2016.xml","e74c5625e1731a9bfe9f4efe680292d976b26eee481f576bfc724d2c763e55fb","0-7ce620e6c7d5721df936caac6f6f95ec8297ee1861c8994ca2734c6dad06d46c","0-f5a19c6f2ef9a0b16f94a2b7299dbeeef10cc3dc0864f327b30af5d5677e18e8","root.record.ItemExhibitList.P5Item.CostElementCategoryList.Launch.Recurring.CostElementList.CostElement.ManufacturerList.Manufacturer.HistoryPlanningList.HistoryPlanning"
"2020-12","5","2016-BASE_PROCUREMENT-2016-AIRFORCE_SPACE-PROCUREMENT_MasterJustificationBook_Air_Force_PB_2016.zzz_unzipped-PROCUREMENT_MasterJustificationBook_Air_Force_PB_2016.xml","e74c5625e1731a9bfe9f4efe680292d976b26eee481f576bfc724d2c763e55fb","0-e6c47bbebd02bd059f40b9f29e46782c230a1860d9948ef46cc1c82bc95dc4ce","1-d6494d426ebfa5196f27d14d45e67008a351027085bf5af387cc9742cf27f532","root.record.ItemExhibitList.P5Item.CostElementCategoryList.Launch.Recurring.CostElementList.CostElement.ManufacturerList.Manufacturer.HistoryPlanningList.HistoryPlanning"
"2021-12","5","2016-BASE_PROCUREMENT-2016-AIRFORCE_SPACE-PROCUREMENT_MasterJustificationBook_Air_Force_PB_2016.zzz_unzipped-PROCUREMENT_MasterJustificationBook_Air_Force_PB_2016.xml","e74c5625e1731a9bfe9f4efe680292d976b26eee481f576bfc724d2c763e55fb","0-233b16d560aa93ca16523dbfab08119a2c37f34235cdc8ccbce96d1c8233c61b","2-17bd3e3784864273c067380e0d97998b58cf5478903d80c832b7c394a96d1729","root.record.ItemExhibitList.P5Item.CostElementCategoryList.Launch.Recurring.CostElementList.CostElement.ManufacturerList.Manufacturer.HistoryPlanningList.HistoryPlanning"
"2014-01","2","2017-BASE_PROCUREMENT-2017-AIRFORCE_MISSILE-U_PROCUREMENT_JustificationBook_Air_Force_PB_2017.zzz_unzipped-U_PROCUREMENT_JustificationBook_Air_Force_PB_2017.xml","1eb519244af6b52f585c68b446dd7d32bfe9132b3a808e75d418f71c32a68e95","0-b99ab698eb0c10e3edeb26dcb9c313e1baa6c03750c4e60a527690591afc0163","0-4c2ddce827b0f6f907e75348e2b1666cad746c2d1fa9d7f0319e7793741a5a3c","root.record.ItemExhibitList.P5Item.CostElementCategoryList.Launch.Recurring.CostElementList.CostElement.ManufacturerList.Manufacturer.HistoryPlanningList.HistoryPlanning"
"2014-10","1","2017-BASE_PROCUREMENT-2017-AIRFORCE_MISSILE-U_PROCUREMENT_JustificationBook_Air_Force_PB_2017.zzz_unzipped-U_PROCUREMENT_JustificationBook_Air_Force_PB_2017.xml","1eb519244af6b52f585c68b446dd7d32bfe9132b3a808e75d418f71c32a68e95","1-07220c3f686bb5fbded2299d0b12459f51b39840d5678c251ab90fa8a6617ef6","0-4c2ddce827b0f6f907e75348e2b1666cad746c2d1fa9d7f0319e7793741a5a3c","root.record.ItemExhibitList.P5Item.CostElementCategoryList.Launch.Recurring.CostElementList.CostElement.ManufacturerList.Manufacturer.HistoryPlanningList.HistoryPlanning"
"2016-04","1","2017-BASE_PROCUREMENT-2017-AIRFORCE_MISSILE-U_PROCUREMENT_JustificationBook_Air_Force_PB_2017.zzz_unzipped-U_PROCUREMENT_JustificationBook_Air_Force_PB_2017.xml","1eb519244af6b52f585c68b446dd7d32bfe9132b3a808e75d418f71c32a68e95","2-9f587f835404579810492b33f315051374099e07217ffc58c9aae0f69e0e97a0","0-4c2ddce827b0f6f907e75348e2b1666cad746c2d1fa9d7f0319e7793741a5a3c","root.record.ItemExhibitList.P5Item.CostElementCategoryList.Launch.Recurring.CostElementList.CostElement.ManufacturerList.Manufacturer.HistoryPlanningList.HistoryPlanning"
"2016-08","1","2017-BASE_PROCUREMENT-2017-AIRFORCE_MISSILE-U_PROCUREMENT_JustificationBook_Air_Force_PB_2017.zzz_unzipped-U_PROCUREMENT_JustificationBook_Air_Force_PB_2017.xml","1eb519244af6b52f585c68b446dd7d32bfe9132b3a808e75d418f71c32a68e95","3-4063a4f8ce484ba2f7377ae14d7e9e76a7fc22eb60517f77b3b3e933055af5e1","0-4c2ddce827b0f6f907e75348e2b1666cad746c2d1fa9d7f0319e7793741a5a3c","root.record.ItemExhibitList.P5Item.CostElementCategoryList.Launch.Recurring.CostElementList.CostElement.ManufacturerList.Manufacturer.HistoryPlanningList.HistoryPlanning"
"2014-10","2","2017-BASE_PROCUREMENT-2017-AIRFORCE_MISSILE-U_PROCUREMENT_JustificationBook_Air_Force_PB_2017.zzz_unzipped-U_PROCUREMENT_JustificationBook_Air_Force_PB_2017.xml","1eb519244af6b52f585c68b446dd7d32bfe9132b3a808e75d418f71c32a68e95","0-36dc6212e8381404c8bea22d4fae53bbb13333cb5155445361434733ecba21cb","0-d7edf94b09cd8882bf7cce7e223a8de114182970e0c5a66ae0ed9067a221125c","root.record.ItemExhibitList.P5Item.CostElementCategoryList.Launch.Recurring.CostElementList.CostElement.ManufacturerList.Manufacturer.HistoryPlanningList.HistoryPlanning"
"2015-10","2","2017-BASE_PROCUREMENT-2017-AIRFORCE_MISSILE-U_PROCUREMENT_JustificationBook_Air_Force_PB_2017.zzz_unzipped-U_PROCUREMENT_JustificationBook_Air_Force_PB_2017.xml","1eb519244af6b52f585c68b446dd7d32bfe9132b3a808e75d418f71c32a68e95","1-454d2ab03fdacfaf9b2a2fc06167ff77e168489225a1e981c2175558e0576b67","0-d7edf94b09cd8882bf7cce7e223a8de114182970e0c5a66ae0ed9067a221125c","root.record.ItemExhibitList.P5Item.CostElementCategoryList.Launch.Recurring.CostElementList.CostElement.ManufacturerList.Manufacturer.HistoryPlanningList.HistoryPlanning"
"2015-12","4","2017-BASE_PROCUREMENT-2017-AIRFORCE_MISSILE-U_PROCUREMENT_JustificationBook_Air_Force_PB_2017.zzz_unzipped-U_PROCUREMENT_JustificationBook_Air_Force_PB_2017.xml","1eb519244af6b52f585c68b446dd7d32bfe9132b3a808e75d418f71c32a68e95","0-15423f4eb6c89f90362acc064d7a2ff300883e67011add5a742a9c07156e2bb6","0-a71d28eb2ef7f5fbb0ab1c5b114e50d1fbbcda320c79ee60cdf95c5cf3ed4db7","root.record.ItemExhibitList.P5Item.CostElementCategoryList.Launch.Recurring.CostElementList.CostElement.ManufacturerList.Manufacturer.HistoryPlanningList.HistoryPlanning"
"2016-06","1","2017-BASE_PROCUREMENT-2017-AIRFORCE_MISSILE-U_PROCUREMENT_JustificationBook_Air_Force_PB_2017.zzz_unzipped-U_PROCUREMENT_JustificationBook_Air_Force_PB_2017.xml","1eb519244af6b52f585c68b446dd7d32bfe9132b3a808e75d418f71c32a68e95","1-e76dc9a68a40094e13a65e35a5b1d247269c68fc102171e0c01e1e1aa151f6bb","0-a71d28eb2ef7f5fbb0ab1c5b114e50d1fbbcda320c79ee60cdf95c5cf3ed4db7","root.record.ItemExhibitList.P5Item.CostElementCategoryList.Launch.Recurring.CostElementList.CostElement.ManufacturerList.Manufacturer.HistoryPlanningList.HistoryPlanning"
"2017-01","2","2017-BASE_PROCUREMENT-2017-AIRFORCE_MISSILE-U_PROCUREMENT_JustificationBook_Air_Force_PB_2017.zzz_unzipped-U_PROCUREMENT_JustificationBook_Air_Force_PB_2017.xml","1eb519244af6b52f585c68b446dd7d32bfe9132b3a808e75d418f71c32a68e95","0-b3397f910fae2f06b273bb25f8460d9f70664917edccd885daa3a24467469dd1","0-3638cc4ea1da2ca86a857afb3562ef3d2150d5893dbecd163506a3875790481c","root.record.ItemExhibitList.P5Item.CostElementCategoryList.Launch.Recurring.CostElementList.CostElement.ManufacturerList.Manufacturer.HistoryPlanningList.HistoryPlanning"
"2018-03","2","2017-BASE_PROCUREMENT-2017-AIRFORCE_MISSILE-U_PROCUREMENT_JustificationBook_Air_Force_PB_2017.zzz_unzipped-U_PROCUREMENT_JustificationBook_Air_Force_PB_2017.xml","1eb519244af6b52f585c68b446dd7d32bfe9132b3a808e75d418f71c32a68e95","1-dea17ba5f1d69fcb07c68e2ba5aaa12848e2b457110c736cab7fc5e1da4f62f3","0-3638cc4ea1da2ca86a857afb3562ef3d2150d5893dbecd163506a3875790481c","root.record.ItemExhibitList.P5Item.CostElementCategoryList.Launch.Recurring.CostElementList.CostElement.ManufacturerList.Manufacturer.HistoryPlanningList.HistoryPlanning"
"2014-01","2","2017-BASE_PROCUREMENT-2017-AIRFORCE_MISSILE-U_PROCUREMENT_MasterJustificationBook_Air_Force_PB_2017.zzz_unzipped-U_PROCUREMENT_MasterJustificationBook_Air_Force_PB_2017.xml","0aaff7f9fbc97457e9ac7628aca63d803f4f49d5d154173563fad4699056f5e8","0-6468f1a9653cf4bbfd80438c3cd9feed44b62291aa29748a27ea4c3bffbe0c8f","0-862aedb7c3278960b002fb50477f524b351036eea7e1c1afb6f6d0d4e29e141e","root.record.ItemExhibitList.P5Item.CostElementCategoryList.Launch.Recurring.CostElementList.CostElement.ManufacturerList.Manufacturer.HistoryPlanningList.HistoryPlanning"
"2014-10","1","2017-BASE_PROCUREMENT-2017-AIRFORCE_MISSILE-U_PROCUREMENT_MasterJustificationBook_Air_Force_PB_2017.zzz_unzipped-U_PROCUREMENT_MasterJustificationBook_Air_Force_PB_2017.xml","0aaff7f9fbc97457e9ac7628aca63d803f4f49d5d154173563fad4699056f5e8","1-291c4248cc4d6b5fdd23e4692dffb460bfb7b3bd31edbfc5022a85d99b51ec0a","0-862aedb7c3278960b002fb50477f524b351036eea7e1c1afb6f6d0d4e29e141e","root.record.ItemExhibitList.P5Item.CostElementCategoryList.Launch.Recurring.CostElementList.CostElement.ManufacturerList.Manufacturer.HistoryPlanningList.HistoryPlanning"
"2016-04","1","2017-BASE_PROCUREMENT-2017-AIRFORCE_MISSILE-U_PROCUREMENT_MasterJustificationBook_Air_Force_PB_2017.zzz_unzipped-U_PROCUREMENT_MasterJustificationBook_Air_Force_PB_2017.xml","0aaff7f9fbc97457e9ac7628aca63d803f4f49d5d154173563fad4699056f5e8","2-d04ce8b5f9ef0672eca45a41bf44a8589ed1dd5b320d6a866a3c10e10e4e8d7f","0-862aedb7c3278960b002fb50477f524b351036eea7e1c1afb6f6d0d4e29e141e","root.record.ItemExhibitList.P5Item.CostElementCategoryList.Launch.Recurring.CostElementList.CostElement.ManufacturerList.Manufacturer.HistoryPlanningList.HistoryPlanning"
"2016-08","1","2017-BASE_PROCUREMENT-2017-AIRFORCE_MISSILE-U_PROCUREMENT_MasterJustificationBook_Air_Force_PB_2017.zzz_unzipped-U_PROCUREMENT_MasterJustificationBook_Air_Force_PB_2017.xml","0aaff7f9fbc97457e9ac7628aca63d803f4f49d5d154173563fad4699056f5e8","3-6a3278260c48ef9dd8262fbd7ae50d3369b97652c73db2180adf800e05c082a4","0-862aedb7c3278960b002fb50477f524b351036eea7e1c1afb6f6d0d4e29e141e","root.record.ItemExhibitList.P5Item.CostElementCategoryList.Launch.Recurring.CostElementList.CostElement.ManufacturerList.Manufacturer.HistoryPlanningList.HistoryPlanning"
"2014-10","2","2017-BASE_PROCUREMENT-2017-AIRFORCE_MISSILE-U_PROCUREMENT_MasterJustificationBook_Air_Force_PB_2017.zzz_unzipped-U_PROCUREMENT_MasterJustificationBook_Air_Force_PB_2017.xml","0aaff7f9fbc97457e9ac7628aca63d803f4f49d5d154173563fad4699056f5e8","0-a050eaf574677a339de48fbc0bd7217cbf404b0079fa96804b2370daa01c8035","0-75b7bc74eff313f7b72e5a4cb767322bbc8a4c6c3ad95a0723849091e0e8f87b","root.record.ItemExhibitList.P5Item.CostElementCategoryList.Launch.Recurring.CostElementList.CostElement.ManufacturerList.Manufacturer.HistoryPlanningList.HistoryPlanning"
"2015-10","2","2017-BASE_PROCUREMENT-2017-AIRFORCE_MISSILE-U_PROCUREMENT_MasterJustificationBook_Air_Force_PB_2017.zzz_unzipped-U_PROCUREMENT_MasterJustificationBook_Air_Force_PB_2017.xml","0aaff7f9fbc97457e9ac7628aca63d803f4f49d5d154173563fad4699056f5e8","1-13a583839d5bc4e7e7fd301fb42b1c3b4dfc915e426bb5d8534dad778250e4e9","0-75b7bc74eff313f7b72e5a4cb767322bbc8a4c6c3ad95a0723849091e0e8f87b","root.record.ItemExhibitList.P5Item.CostElementCategoryList.Launch.Recurring.CostElementList.CostElement.ManufacturerList.Manufacturer.HistoryPlanningList.HistoryPlanning"
"2015-12","4","2017-BASE_PROCUREMENT-2017-AIRFORCE_MISSILE-U_PROCUREMENT_MasterJustificationBook_Air_Force_PB_2017.zzz_unzipped-U_PROCUREMENT_MasterJustificationBook_Air_Force_PB_2017.xml","0aaff7f9fbc97457e9ac7628aca63d803f4f49d5d154173563fad4699056f5e8","0-ad7eb7eafa6856e8540d4f8abaf60aaa48287eec898b7fb2f717b8ae8247315c","0-02b0344c0cb64794bc3c45d94b5772e86c0bed6bb3838ebf8e5b4ca458fd0e21","root.record.ItemExhibitList.P5Item.CostElementCategoryList.Launch.Recurring.CostElementList.CostElement.ManufacturerList.Manufacturer.HistoryPlanningList.HistoryPlanning"
"2016-06","1","2017-BASE_PROCUREMENT-2017-AIRFORCE_MISSILE-U_PROCUREMENT_MasterJustificationBook_Air_Force_PB_2017.zzz_unzipped-U_PROCUREMENT_MasterJustificationBook_Air_Force_PB_2017.xml","0aaff7f9fbc97457e9ac7628aca63d803f4f49d5d154173563fad4699056f5e8","1-f5db0620b482fdd65da2627746013ea79698b563f6713a359ac9b28193e8cc0e","0-02b0344c0cb64794bc3c45d94b5772e86c0bed6bb3838ebf8e5b4ca458fd0e21","root.record.ItemExhibitList.P5Item.CostElementCategoryList.Launch.Recurring.CostElementList.CostElement.ManufacturerList.Manufacturer.HistoryPlanningList.HistoryPlanning"
"2017-01","2","2017-BASE_PROCUREMENT-2017-AIRFORCE_MISSILE-U_PROCUREMENT_MasterJustificationBook_Air_Force_PB_2017.zzz_unzipped-U_PROCUREMENT_MasterJustificationBook_Air_Force_PB_2017.xml","0aaff7f9fbc97457e9ac7628aca63d803f4f49d5d154173563fad4699056f5e8","0-1c1fac3a7dc1cbb2c621ec776bf39485c2a8ddd85590e62c445e1a925758498d","0-e196286adf31ad7031c28717f80e90cc2751aad19b595bf2263ac1a1a4e86ac9","root.record.ItemExhibitList.P5Item.CostElementCategoryList.Launch.Recurring.CostElementList.CostElement.ManufacturerList.Manufacturer.HistoryPlanningList.HistoryPlanning"
"2018-03","2","2017-BASE_PROCUREMENT-2017-AIRFORCE_MISSILE-U_PROCUREMENT_MasterJustificationBook_Air_Force_PB_2017.zzz_unzipped-U_PROCUREMENT_MasterJustificationBook_Air_Force_PB_2017.xml","0aaff7f9fbc97457e9ac7628aca63d803f4f49d5d154173563fad4699056f5e8","1-da126e9813bf863881a49691e965cc9919d98a09681dba48e5c98f98b6f724b5","0-e196286adf31ad7031c28717f80e90cc2751aad19b595bf2263ac1a1a4e86ac9","root.record.ItemExhibitList.P5Item.CostElementCategoryList.Launch.Recurring.CostElementList.CostElement.ManufacturerList.Manufacturer.HistoryPlanningList.HistoryPlanning"
"2017-12","4","2017-BASE_PROCUREMENT-2017-AIRFORCE_SPACE-U_PROCUREMENT_JustificationBook_Air_Force_PB_2017.zzz_unzipped-U_PROCUREMENT_JustificationBook_Air_Force_PB_2017.xml","ec93ed095b5ca4b931dec7bb1f726d801cfd1dfdbf02f5e7c1bf686ce7e68176","0-ba237120dc9137848ebb8b3053a2477e2cf843a378a7e0f52338200ccbc3c582","0-3317e36381e9f65d77d185849f1ebcbe4f2b404977205ce9794df26bd041e8a8","root.record.ItemExhibitList.P5Item.CostElementCategoryList.Launch.Recurring.CostElementList.CostElement.ManufacturerList.Manufacturer.HistoryPlanningList.HistoryPlanning"
"2018-12","5","2017-BASE_PROCUREMENT-2017-AIRFORCE_SPACE-U_PROCUREMENT_JustificationBook_Air_Force_PB_2017.zzz_unzipped-U_PROCUREMENT_JustificationBook_Air_Force_PB_2017.xml","ec93ed095b5ca4b931dec7bb1f726d801cfd1dfdbf02f5e7c1bf686ce7e68176","0-28df6025733072371e310403cae9f0570eedf5e28d97ee70a0a62f05351059ba","1-d70f7d7b5f219aa9468259b4e34ebac2505d8a354588b2d7f23b46cd4c5a516f","root.record.ItemExhibitList.P5Item.CostElementCategoryList.Launch.Recurring.CostElementList.CostElement.ManufacturerList.Manufacturer.HistoryPlanningList.HistoryPlanning"
"2019-12","3","2017-BASE_PROCUREMENT-2017-AIRFORCE_SPACE-U_PROCUREMENT_JustificationBook_Air_Force_PB_2017.zzz_unzipped-U_PROCUREMENT_JustificationBook_Air_Force_PB_2017.xml","ec93ed095b5ca4b931dec7bb1f726d801cfd1dfdbf02f5e7c1bf686ce7e68176","0-25776e7fcce8ad7a07c97049f71764752276aa22b35f8c3fd7f622cf70f0a66a","0-9a89af9a0e948bdf88e25e10e7890b68e77375c6f99f84b85f0af5fa2d7b016a","root.record.ItemExhibitList.P5Item.CostElementCategoryList.Launch.Recurring.CostElementList.CostElement.ManufacturerList.Manufacturer.HistoryPlanningList.HistoryPlanning"
"2020-12","6","2017-BASE_PROCUREMENT-2017-AIRFORCE_SPACE-U_PROCUREMENT_JustificationBook_Air_Force_PB_2017.zzz_unzipped-U_PROCUREMENT_JustificationBook_Air_Force_PB_2017.xml","ec93ed095b5ca4b931dec7bb1f726d801cfd1dfdbf02f5e7c1bf686ce7e68176","0-cdc00929dfb3423e566394918273b48e014ae091949180a468399cc96ebbbddc","1-af340b9b22646a6f4970f4327b482c0057e9d978c83f2afb4b492160936a9ac1","root.record.ItemExhibitList.P5Item.CostElementCategoryList.Launch.Recurring.CostElementList.CostElement.ManufacturerList.Manufacturer.HistoryPlanningList.HistoryPlanning"
"2021-12","5","2017-BASE_PROCUREMENT-2017-AIRFORCE_SPACE-U_PROCUREMENT_JustificationBook_Air_Force_PB_2017.zzz_unzipped-U_PROCUREMENT_JustificationBook_Air_Force_PB_2017.xml","ec93ed095b5ca4b931dec7bb1f726d801cfd1dfdbf02f5e7c1bf686ce7e68176","0-269729f9b029dcfd1e850a815763ecf1ce0e67e701f5a03b5258ca2064d46a7a","2-ef3180e5c52240d49477a7896840586a95e289f80165fbe3eab5df8ec9071a05","root.record.ItemExhibitList.P5Item.CostElementCategoryList.Launch.Recurring.CostElementList.CostElement.ManufacturerList.Manufacturer.HistoryPlanningList.HistoryPlanning"
"2022-12","4","2017-BASE_PROCUREMENT-2017-AIRFORCE_SPACE-U_PROCUREMENT_JustificationBook_Air_Force_PB_2017.zzz_unzipped-U_PROCUREMENT_JustificationBook_Air_Force_PB_2017.xml","ec93ed095b5ca4b931dec7bb1f726d801cfd1dfdbf02f5e7c1bf686ce7e68176","0-3f7c547f0734773bbdd74fdb590811d398faa1fafd0aec2119947eb1797452c9","3-159e26819f9af9dd7704d2a74fb7f7e0099056435217f7ced22b4ad19b569e4a","root.record.ItemExhibitList.P5Item.CostElementCategoryList.Launch.Recurring.CostElementList.CostElement.ManufacturerList.Manufacturer.HistoryPlanningList.HistoryPlanning"
"2017-12","4","2017-BASE_PROCUREMENT-2017-AIRFORCE_SPACE-U_PROCUREMENT_MasterJustificationBook_Air_Force_PB_2017.zzz_unzipped-U_PROCUREMENT_MasterJustificationBook_Air_Force_PB_2017.xml","96cd91b6f0a12ac29a5457b42901859397ea8cd74200ed2ed8fc9c97846f481d","0-5bdd6b19eed8b16e530967b460ac176e543e1ffadf1854c3410e60b8ea8b335b","0-8e763524db60258008e3f69dec3d16ab084f542ab9ef0d82c0cf5b76bb7b9926","root.record.ItemExhibitList.P5Item.CostElementCategoryList.Launch.Recurring.CostElementList.CostElement.ManufacturerList.Manufacturer.HistoryPlanningList.HistoryPlanning"
"2018-12","5","2017-BASE_PROCUREMENT-2017-AIRFORCE_SPACE-U_PROCUREMENT_MasterJustificationBook_Air_Force_PB_2017.zzz_unzipped-U_PROCUREMENT_MasterJustificationBook_Air_Force_PB_2017.xml","96cd91b6f0a12ac29a5457b42901859397ea8cd74200ed2ed8fc9c97846f481d","0-0ac1e29adad2e5c13591b415260bdb8bca837f75e33c30ed91e7700470c92734","1-2d0bc7fd8b1e07c74627506be4ae0e184ac9f0d820fe4d18c4da906aaf54e921","root.record.ItemExhibitList.P5Item.CostElementCategoryList.Launch.Recurring.CostElementList.CostElement.ManufacturerList.Manufacturer.HistoryPlanningList.HistoryPlanning"
"2019-12","3","2017-BASE_PROCUREMENT-2017-AIRFORCE_SPACE-U_PROCUREMENT_MasterJustificationBook_Air_Force_PB_2017.zzz_unzipped-U_PROCUREMENT_MasterJustificationBook_Air_Force_PB_2017.xml","96cd91b6f0a12ac29a5457b42901859397ea8cd74200ed2ed8fc9c97846f481d","0-9ed239706c3bf11fa23c05bdba90a08641944ff0a9de55c462bb704871060bc5","0-122ed547e1c1cb338d1bc1e97b6ba26e21631f70ec998bb40a40dd973f225f5c","root.record.ItemExhibitList.P5Item.CostElementCategoryList.Launch.Recurring.CostElementList.CostElement.ManufacturerList.Manufacturer.HistoryPlanningList.HistoryPlanning"
"2020-12","6","2017-BASE_PROCUREMENT-2017-AIRFORCE_SPACE-U_PROCUREMENT_MasterJustificationBook_Air_Force_PB_2017.zzz_unzipped-U_PROCUREMENT_MasterJustificationBook_Air_Force_PB_2017.xml","96cd91b6f0a12ac29a5457b42901859397ea8cd74200ed2ed8fc9c97846f481d","0-3d1090e726a1096d72b5812dc23195076d3043c7e5b54306e9ad5ce6e833eea1","1-5c8d4e684bf1aeaab2cfb098b496d42b8b14a418e9bacf58b7e725cf134c73ec","root.record.ItemExhibitList.P5Item.CostElementCategoryList.Launch.Recurring.CostElementList.CostElement.ManufacturerList.Manufacturer.HistoryPlanningList.HistoryPlanning"
"2021-12","5","2017-BASE_PROCUREMENT-2017-AIRFORCE_SPACE-U_PROCUREMENT_MasterJustificationBook_Air_Force_PB_2017.zzz_unzipped-U_PROCUREMENT_MasterJustificationBook_Air_Force_PB_2017.xml","96cd91b6f0a12ac29a5457b42901859397ea8cd74200ed2ed8fc9c97846f481d","0-b334a3120cb156b54419c48fe3d109e7683cde5594575bcb732fd3b4f3e52b75","2-32e967f1170ea609948d9c2db5a10072977fbcda694a031b5e9f31e90582edd8","root.record.ItemExhibitList.P5Item.CostElementCategoryList.Launch.Recurring.CostElementList.CostElement.ManufacturerList.Manufacturer.HistoryPlanningList.HistoryPlanning"
"2022-12","4","2017-BASE_PROCUREMENT-2017-AIRFORCE_SPACE-U_PROCUREMENT_MasterJustificationBook_Air_Force_PB_2017.zzz_unzipped-U_PROCUREMENT_MasterJustificationBook_Air_Force_PB_2017.xml","96cd91b6f0a12ac29a5457b42901859397ea8cd74200ed2ed8fc9c97846f481d","0-e454411f97ab7f8589b0d31e8f8277e59086ad4421605b5a727c83e06c58b341","3-ad3a470267df40c466418be836420e3570e2c57cd12ccb9d74bd8a6d3a558279","root.record.ItemExhibitList.P5Item.CostElementCategoryList.Launch.Recurring.CostElementList.CostElement.ManufacturerList.Manufacturer.HistoryPlanningList.HistoryPlanning"
"2018-06","1","2018-BASE_PROCUREMENT-2018-AIRFORCE_SPACE-U_PROCUREMENT_JustificationBook_Air_Force_PB_2018.zzz_unzipped-U_PROCUREMENT_JustificationBook_Air_Force_PB_2018.xml","325d3c3180a12017ffe453649a0a4a785aea7e048f4c973d82c0e34139fd5940","0-86c7f3dc656233bae77f18a3ff8449f427a09d8fbc4208e0238d2271a6822375","0-c88c0e5d244c6b4d0bec572f77f1e5073c81454dd3b6b80be2160ed7a00f6972","root.record.ItemExhibitList.P5Item.CostElementCategoryList.Launch.Recurring.CostElementList.CostElement.ManufacturerList.Manufacturer.HistoryPlanningList.HistoryPlanning"
"2018-09","1","2018-BASE_PROCUREMENT-2018-AIRFORCE_SPACE-U_PROCUREMENT_JustificationBook_Air_Force_PB_2018.zzz_unzipped-U_PROCUREMENT_JustificationBook_Air_Force_PB_2018.xml","325d3c3180a12017ffe453649a0a4a785aea7e048f4c973d82c0e34139fd5940","1-cede81dd785b73d9eb82a2359effbc563c782b626e7f90b68b7b90428e0467c1","0-c88c0e5d244c6b4d0bec572f77f1e5073c81454dd3b6b80be2160ed7a00f6972","root.record.ItemExhibitList.P5Item.CostElementCategoryList.Launch.Recurring.CostElementList.CostElement.ManufacturerList.Manufacturer.HistoryPlanningList.HistoryPlanning"
"2019-01","1","2018-BASE_PROCUREMENT-2018-AIRFORCE_SPACE-U_PROCUREMENT_JustificationBook_Air_Force_PB_2018.zzz_unzipped-U_PROCUREMENT_JustificationBook_Air_Force_PB_2018.xml","325d3c3180a12017ffe453649a0a4a785aea7e048f4c973d82c0e34139fd5940","2-94530a1e2f34c2641e7cc11b0c32b7be67c2ef3c46674e21d4eebd6ba5ca6886","0-c88c0e5d244c6b4d0bec572f77f1e5073c81454dd3b6b80be2160ed7a00f6972","root.record.ItemExhibitList.P5Item.CostElementCategoryList.Launch.Recurring.CostElementList.CostElement.ManufacturerList.Manufacturer.HistoryPlanningList.HistoryPlanning"
"2019-04","1","2018-BASE_PROCUREMENT-2018-AIRFORCE_SPACE-U_PROCUREMENT_JustificationBook_Air_Force_PB_2018.zzz_unzipped-U_PROCUREMENT_JustificationBook_Air_Force_PB_2018.xml","325d3c3180a12017ffe453649a0a4a785aea7e048f4c973d82c0e34139fd5940","3-78d19e952a5621a65f299dc59a45808296a190a5b88c2ee7341429c7f38ba258","0-c88c0e5d244c6b4d0bec572f77f1e5073c81454dd3b6b80be2160ed7a00f6972","root.record.ItemExhibitList.P5Item.CostElementCategoryList.Launch.Recurring.CostElementList.CostElement.ManufacturerList.Manufacturer.HistoryPlanningList.HistoryPlanning"
"2018-12","5","2018-BASE_PROCUREMENT-2018-AIRFORCE_SPACE-U_PROCUREMENT_JustificationBook_Air_Force_PB_2018.zzz_unzipped-U_PROCUREMENT_JustificationBook_Air_Force_PB_2018.xml","325d3c3180a12017ffe453649a0a4a785aea7e048f4c973d82c0e34139fd5940","0-192b471d04e9da510cd34e14606087120f08d9cb4da4431204cede21da9a1551","1-dd9457099254d754a3665e673b2d870b554cd952d413f677238dd6b87f261742","root.record.ItemExhibitList.P5Item.CostElementCategoryList.Launch.Recurring.CostElementList.CostElement.ManufacturerList.Manufacturer.HistoryPlanningList.HistoryPlanning"
"2019-12","3","2018-BASE_PROCUREMENT-2018-AIRFORCE_SPACE-U_PROCUREMENT_JustificationBook_Air_Force_PB_2018.zzz_unzipped-U_PROCUREMENT_JustificationBook_Air_Force_PB_2018.xml","325d3c3180a12017ffe453649a0a4a785aea7e048f4c973d82c0e34139fd5940","0-4d9ecfe64bc18e6fbffb5b0643f61929c6e28ff0eb3a1e571ab6df6565502aea","0-d77761ad15cfc83322401e49a7f60ced27a9e008c402c39f958bc8f0e02a9782","root.record.ItemExhibitList.P5Item.CostElementCategoryList.Launch.Recurring.CostElementList.CostElement.ManufacturerList.Manufacturer.HistoryPlanningList.HistoryPlanning"
"2018-06","1","2018-BASE_PROCUREMENT-2018-AIRFORCE_SPACE-U_PROCUREMENT_MasterJustificationBook_Air_Force_PB_2018.zzz_unzipped-U_PROCUREMENT_MasterJustificationBook_Air_Force_PB_2018.xml","ea40833ccabefde03e8b1c2e9d9f55f14d7d4e54a7c37cd2d2b1f7b53af14e9d","0-0d0399c4e87f0b8d320c4dbee94104fafb84748f0d4af88b70e5584e12d8388d","0-7c5d943d211507eb5cdf26dc5911456065196cd8c9b06c2b8d5c15868483c197","root.record.ItemExhibitList.P5Item.CostElementCategoryList.Launch.Recurring.CostElementList.CostElement.ManufacturerList.Manufacturer.HistoryPlanningList.HistoryPlanning"
"2018-09","1","2018-BASE_PROCUREMENT-2018-AIRFORCE_SPACE-U_PROCUREMENT_MasterJustificationBook_Air_Force_PB_2018.zzz_unzipped-U_PROCUREMENT_MasterJustificationBook_Air_Force_PB_2018.xml","ea40833ccabefde03e8b1c2e9d9f55f14d7d4e54a7c37cd2d2b1f7b53af14e9d","1-40426a1a65400b5d117a3a48978dc8c0f33b05b6698d9ac2d847046b454c9b01","0-7c5d943d211507eb5cdf26dc5911456065196cd8c9b06c2b8d5c15868483c197","root.record.ItemExhibitList.P5Item.CostElementCategoryList.Launch.Recurring.CostElementList.CostElement.ManufacturerList.Manufacturer.HistoryPlanningList.HistoryPlanning"
"2019-01","1","2018-BASE_PROCUREMENT-2018-AIRFORCE_SPACE-U_PROCUREMENT_MasterJustificationBook_Air_Force_PB_2018.zzz_unzipped-U_PROCUREMENT_MasterJustificationBook_Air_Force_PB_2018.xml","ea40833ccabefde03e8b1c2e9d9f55f14d7d4e54a7c37cd2d2b1f7b53af14e9d","2-a0f515be45b7504fdafa7382848adbff8f2f20371640248d435c983f1ef05c85","0-7c5d943d211507eb5cdf26dc5911456065196cd8c9b06c2b8d5c15868483c197","root.record.ItemExhibitList.P5Item.CostElementCategoryList.Launch.Recurring.CostElementList.CostElement.ManufacturerList.Manufacturer.HistoryPlanningList.HistoryPlanning"
"2019-04","1","2018-BASE_PROCUREMENT-2018-AIRFORCE_SPACE-U_PROCUREMENT_MasterJustificationBook_Air_Force_PB_2018.zzz_unzipped-U_PROCUREMENT_MasterJustificationBook_Air_Force_PB_2018.xml","ea40833ccabefde03e8b1c2e9d9f55f14d7d4e54a7c37cd2d2b1f7b53af14e9d","3-9cf38e455f6a2ebf90c88a6da3bfaae89638c5017bf5c25b665c3df2b7fba71e","0-7c5d943d211507eb5cdf26dc5911456065196cd8c9b06c2b8d5c15868483c197","root.record.ItemExhibitList.P5Item.CostElementCategoryList.Launch.Recurring.CostElementList.CostElement.ManufacturerList.Manufacturer.HistoryPlanningList.HistoryPlanning"
"2018-12","5","2018-BASE_PROCUREMENT-2018-AIRFORCE_SPACE-U_PROCUREMENT_MasterJustificationBook_Air_Force_PB_2018.zzz_unzipped-U_PROCUREMENT_MasterJustificationBook_Air_Force_PB_2018.xml","ea40833ccabefde03e8b1c2e9d9f55f14d7d4e54a7c37cd2d2b1f7b53af14e9d","0-aa2ce40e8cd75bba933fc633b3de16ae084c74f9eb57aeb3b4a5598506cc16c9","1-dd857ec21b78e0402b79819d887cf87457057826a2f4b027e0280a52ef2774e3","root.record.ItemExhibitList.P5Item.CostElementCategoryList.Launch.Recurring.CostElementList.CostElement.ManufacturerList.Manufacturer.HistoryPlanningList.HistoryPlanning"
"2019-12","3","2018-BASE_PROCUREMENT-2018-AIRFORCE_SPACE-U_PROCUREMENT_MasterJustificationBook_Air_Force_PB_2018.zzz_unzipped-U_PROCUREMENT_MasterJustificationBook_Air_Force_PB_2018.xml","ea40833ccabefde03e8b1c2e9d9f55f14d7d4e54a7c37cd2d2b1f7b53af14e9d","0-4caf025e5f32a939805076eb33de8a8080f9d6d691d5ee2b68f1ca970b6176dd","0-9b8b691452ff81afa17d946e6c69a104d78ad6f15d94bc9d0d47e26c76b5ebc5","root.record.ItemExhibitList.P5Item.CostElementCategoryList.Launch.Recurring.CostElementList.CostElement.ManufacturerList.Manufacturer.HistoryPlanningList.HistoryPlanning"
"2019-02","1","2019-BASE_PROCUREMENT-2019-AIRFORCE_SPACE-U_PROCUREMENT_JustificationBook_Air_Force_PB_2019.zzz_unzipped-U_PROCUREMENT_JustificationBook_Air_Force_PB_2019.xml","437d2c67a4cc5d16854929d21729fd5d4c78483d0ac1527148024d46b499a23b","0-aca6120ea0c33a7b1d35e725c0bf87c8845c81d1eb29751751bc8ac3d92d13c6","0-03d4e97010b1039965c9797e50df26736652b8a3aefaed2747c2bddbfdba55c9","root.record.ItemExhibitList.P5Item.CostElementCategoryList.Launch.Recurring.CostElementList.CostElement.ManufacturerList.Manufacturer.HistoryPlanningList.HistoryPlanning"
"2019-06","1","2019-BASE_PROCUREMENT-2019-AIRFORCE_SPACE-U_PROCUREMENT_JustificationBook_Air_Force_PB_2019.zzz_unzipped-U_PROCUREMENT_JustificationBook_Air_Force_PB_2019.xml","437d2c67a4cc5d16854929d21729fd5d4c78483d0ac1527148024d46b499a23b","1-0eee029ac205cc668367ebd99be3d23d16b6de8211a6705a77e502ac822b58ec","0-03d4e97010b1039965c9797e50df26736652b8a3aefaed2747c2bddbfdba55c9","root.record.ItemExhibitList.P5Item.CostElementCategoryList.Launch.Recurring.CostElementList.CostElement.ManufacturerList.Manufacturer.HistoryPlanningList.HistoryPlanning"
"2019-07","1","2019-BASE_PROCUREMENT-2019-AIRFORCE_SPACE-U_PROCUREMENT_JustificationBook_Air_Force_PB_2019.zzz_unzipped-U_PROCUREMENT_JustificationBook_Air_Force_PB_2019.xml","437d2c67a4cc5d16854929d21729fd5d4c78483d0ac1527148024d46b499a23b","2-02540e479e8feaf90a3e0833914647c8b50b490f40d48e84381426eedd185316","0-03d4e97010b1039965c9797e50df26736652b8a3aefaed2747c2bddbfdba55c9","root.record.ItemExhibitList.P5Item.CostElementCategoryList.Launch.Recurring.CostElementList.CostElement.ManufacturerList.Manufacturer.HistoryPlanningList.HistoryPlanning"
"2019-12","1","2019-BASE_PROCUREMENT-2019-AIRFORCE_SPACE-U_PROCUREMENT_JustificationBook_Air_Force_PB_2019.zzz_unzipped-U_PROCUREMENT_JustificationBook_Air_Force_PB_2019.xml","437d2c67a4cc5d16854929d21729fd5d4c78483d0ac1527148024d46b499a23b","0-b9282a497e4e07b733630531cb95c03887eb246d17df3206aa1c5ce41e15a7d3","1-9d037e589c4f6e956ba18ee406b7f1c6e3d5c8b03865babfd13e962656a5fa32","root.record.ItemExhibitList.P5Item.CostElementCategoryList.Launch.Recurring.CostElementList.CostElement.ManufacturerList.Manufacturer.HistoryPlanningList.HistoryPlanning"
"2020-03","1","2019-BASE_PROCUREMENT-2019-AIRFORCE_SPACE-U_PROCUREMENT_JustificationBook_Air_Force_PB_2019.zzz_unzipped-U_PROCUREMENT_JustificationBook_Air_Force_PB_2019.xml","437d2c67a4cc5d16854929d21729fd5d4c78483d0ac1527148024d46b499a23b","1-b6b8f68de9a6e0a725b90190d43eb7bd1e2c24b8a64d94b8313ece3c0c8a150d","1-9d037e589c4f6e956ba18ee406b7f1c6e3d5c8b03865babfd13e962656a5fa32","root.record.ItemExhibitList.P5Item.CostElementCategoryList.Launch.Recurring.CostElementList.CostElement.ManufacturerList.Manufacturer.HistoryPlanningList.HistoryPlanning"
"2020-04","1","2019-BASE_PROCUREMENT-2019-AIRFORCE_SPACE-U_PROCUREMENT_JustificationBook_Air_Force_PB_2019.zzz_unzipped-U_PROCUREMENT_JustificationBook_Air_Force_PB_2019.xml","437d2c67a4cc5d16854929d21729fd5d4c78483d0ac1527148024d46b499a23b","2-168ad7ca3bd96ead7919cceeb9e8c774969390ab06ad60a6d4810448d311bd10","1-9d037e589c4f6e956ba18ee406b7f1c6e3d5c8b03865babfd13e962656a5fa32","root.record.ItemExhibitList.P5Item.CostElementCategoryList.Launch.Recurring.CostElementList.CostElement.ManufacturerList.Manufacturer.HistoryPlanningList.HistoryPlanning"
"2020-01","3","2019-BASE_PROCUREMENT-2019-AIRFORCE_SPACE-U_PROCUREMENT_JustificationBook_Air_Force_PB_2019.zzz_unzipped-U_PROCUREMENT_JustificationBook_Air_Force_PB_2019.xml","437d2c67a4cc5d16854929d21729fd5d4c78483d0ac1527148024d46b499a23b","0-f62737332d45756529759e1008d4dbe6cdea83984de4773fc5bf95c6d68893b5","2-9d73c797f44e6e2ba145134d00ab6db7dea7176002f7fed65f4037adc36fe40c","root.record.ItemExhibitList.P5Item.CostElementCategoryList.Launch.Recurring.CostElementList.CostElement.ManufacturerList.Manufacturer.HistoryPlanningList.HistoryPlanning"
"2021-01","5","2019-BASE_PROCUREMENT-2019-AIRFORCE_SPACE-U_PROCUREMENT_JustificationBook_Air_Force_PB_2019.zzz_unzipped-U_PROCUREMENT_JustificationBook_Air_Force_PB_2019.xml","437d2c67a4cc5d16854929d21729fd5d4c78483d0ac1527148024d46b499a23b","0-36d57a8f8bc4c4cc1341b49f69ad9d8e7928b0666e20027cc4cabd1e2fd8d019","0-2a10c1be82760cb2d6487033bbf02363a619f1a6c7b0d0b56da371f3e3d3c027","root.record.ItemExhibitList.P5Item.CostElementCategoryList.Launch.Recurring.CostElementList.CostElement.ManufacturerList.Manufacturer.HistoryPlanningList.HistoryPlanning"
"2019-02","1","2019-BASE_PROCUREMENT-2019-AIRFORCE_SPACE-U_PROCUREMENT_MasterJustificationBook_Air_Force_PB_2019.zzz_unzipped-U_PROCUREMENT_MasterJustificationBook_Air_Force_PB_2019.xml","5c7e320ef862152863a5c39cc1a485c2c4e8fa5279f08c8454a72905bff07d97","0-abe51fc792fdace205e55dfcc962aa2ecafb353973e1c0480045f9508874933b","0-01a64a959da0f39474cebcd5f13d261f76cde0c234301445f49605e3db7be5c5","root.record.ItemExhibitList.P5Item.CostElementCategoryList.Launch.Recurring.CostElementList.CostElement.ManufacturerList.Manufacturer.HistoryPlanningList.HistoryPlanning"
"2019-06","1","2019-BASE_PROCUREMENT-2019-AIRFORCE_SPACE-U_PROCUREMENT_MasterJustificationBook_Air_Force_PB_2019.zzz_unzipped-U_PROCUREMENT_MasterJustificationBook_Air_Force_PB_2019.xml","5c7e320ef862152863a5c39cc1a485c2c4e8fa5279f08c8454a72905bff07d97","1-193d29880be43ad79941039a696e8d3af7c2d1b5d1675ea7ca5900ed440bcdb7","0-01a64a959da0f39474cebcd5f13d261f76cde0c234301445f49605e3db7be5c5","root.record.ItemExhibitList.P5Item.CostElementCategoryList.Launch.Recurring.CostElementList.CostElement.ManufacturerList.Manufacturer.HistoryPlanningList.HistoryPlanning"
"2019-07","1","2019-BASE_PROCUREMENT-2019-AIRFORCE_SPACE-U_PROCUREMENT_MasterJustificationBook_Air_Force_PB_2019.zzz_unzipped-U_PROCUREMENT_MasterJustificationBook_Air_Force_PB_2019.xml","5c7e320ef862152863a5c39cc1a485c2c4e8fa5279f08c8454a72905bff07d97","2-d11c0521089f37b4231739f536bb83d7e4d593895cfff56cf3b907e901f42d86","0-01a64a959da0f39474cebcd5f13d261f76cde0c234301445f49605e3db7be5c5","root.record.ItemExhibitList.P5Item.CostElementCategoryList.Launch.Recurring.CostElementList.CostElement.ManufacturerList.Manufacturer.HistoryPlanningList.HistoryPlanning"
"2019-12","1","2019-BASE_PROCUREMENT-2019-AIRFORCE_SPACE-U_PROCUREMENT_MasterJustificationBook_Air_Force_PB_2019.zzz_unzipped-U_PROCUREMENT_MasterJustificationBook_Air_Force_PB_2019.xml","5c7e320ef862152863a5c39cc1a485c2c4e8fa5279f08c8454a72905bff07d97","0-e121662f5621a34156e3f216ced031e0ceb0c72e110423a9d607fd7fdb3e6d55","1-8a78dac5893101e262d020f3a4657666ee88456cfe502d6fe5cbac915a3d3508","root.record.ItemExhibitList.P5Item.CostElementCategoryList.Launch.Recurring.CostElementList.CostElement.ManufacturerList.Manufacturer.HistoryPlanningList.HistoryPlanning"
"2020-03","1","2019-BASE_PROCUREMENT-2019-AIRFORCE_SPACE-U_PROCUREMENT_MasterJustificationBook_Air_Force_PB_2019.zzz_unzipped-U_PROCUREMENT_MasterJustificationBook_Air_Force_PB_2019.xml","5c7e320ef862152863a5c39cc1a485c2c4e8fa5279f08c8454a72905bff07d97","1-ea201596bc0b688d5a73fabca0a2057025b155b2d8d58782eaf54143df286940","1-8a78dac5893101e262d020f3a4657666ee88456cfe502d6fe5cbac915a3d3508","root.record.ItemExhibitList.P5Item.CostElementCategoryList.Launch.Recurring.CostElementList.CostElement.ManufacturerList.Manufacturer.HistoryPlanningList.HistoryPlanning"
"2020-04","1","2019-BASE_PROCUREMENT-2019-AIRFORCE_SPACE-U_PROCUREMENT_MasterJustificationBook_Air_Force_PB_2019.zzz_unzipped-U_PROCUREMENT_MasterJustificationBook_Air_Force_PB_2019.xml","5c7e320ef862152863a5c39cc1a485c2c4e8fa5279f08c8454a72905bff07d97","2-5f6b922f623c14d0ae0cfc9e79d3477ff70c3e8777307a39e8519cb82579eb4b","1-8a78dac5893101e262d020f3a4657666ee88456cfe502d6fe5cbac915a3d3508","root.record.ItemExhibitList.P5Item.CostElementCategoryList.Launch.Recurring.CostElementList.CostElement.ManufacturerList.Manufacturer.HistoryPlanningList.HistoryPlanning"
"2020-01","3","2019-BASE_PROCUREMENT-2019-AIRFORCE_SPACE-U_PROCUREMENT_MasterJustificationBook_Air_Force_PB_2019.zzz_unzipped-U_PROCUREMENT_MasterJustificationBook_Air_Force_PB_2019.xml","5c7e320ef862152863a5c39cc1a485c2c4e8fa5279f08c8454a72905bff07d97","0-8de17e34cd0dab074d5ea9f5f9dfe1c264c0626390eb5da7bc7ea24e0c6ac93a","2-114f5cb922bae2ef49a1ce38cdefc23a4ac3bf78480a30c5d04ab6a72da8a7cd","root.record.ItemExhibitList.P5Item.CostElementCategoryList.Launch.Recurring.CostElementList.CostElement.ManufacturerList.Manufacturer.HistoryPlanningList.HistoryPlanning"
"2021-01","5","2019-BASE_PROCUREMENT-2019-AIRFORCE_SPACE-U_PROCUREMENT_MasterJustificationBook_Air_Force_PB_2019.zzz_unzipped-U_PROCUREMENT_MasterJustificationBook_Air_Force_PB_2019.xml","5c7e320ef862152863a5c39cc1a485c2c4e8fa5279f08c8454a72905bff07d97","0-c667d8c8ff5aa930d0ad0b4a766253ae878f63bc3cd04a3ad943f10576551687","0-f285a6b9b24b548485760a3cb4cb6288d35414bb8e453c43b25f4bbe8ed88974","root.record.ItemExhibitList.P5Item.CostElementCategoryList.Launch.Recurring.CostElementList.CostElement.ManufacturerList.Manufacturer.HistoryPlanningList.HistoryPlanning"
"2019-02","1","2020-BASE_PROCUREMENT-2020-AIRFORCE_SPACE-U_PROCUREMENT_JustificationBook_Air_Force_PB_2020.zzz_unzipped-U_PROCUREMENT_JustificationBook_Air_Force_PB_2020.xml","08c4d8d5e59a351bd4ee55fd7ea05b6cb60e8cbc8db146c1f3d795741592e31b","0-afc11ba4428c369d37bb12e9900c064914b2d7e9574d4fdaa5ace41017f76654","0-e9e693f89b8b4f641e25b278a98c2d0403beff1287052589d71b5cb71eb1bee6","root.record.ItemExhibitList.P5Item.CostElementCategoryList.Launch.Recurring.CostElementList.CostElement.ManufacturerList.Manufacturer.HistoryPlanningList.HistoryPlanning"
"2019-06","1","2020-BASE_PROCUREMENT-2020-AIRFORCE_SPACE-U_PROCUREMENT_JustificationBook_Air_Force_PB_2020.zzz_unzipped-U_PROCUREMENT_JustificationBook_Air_Force_PB_2020.xml","08c4d8d5e59a351bd4ee55fd7ea05b6cb60e8cbc8db146c1f3d795741592e31b","1-d83c67603923305b2848d579b55927031500ec4545e4c4b73d042beb7cb0c228","0-e9e693f89b8b4f641e25b278a98c2d0403beff1287052589d71b5cb71eb1bee6","root.record.ItemExhibitList.P5Item.CostElementCategoryList.Launch.Recurring.CostElementList.CostElement.ManufacturerList.Manufacturer.HistoryPlanningList.HistoryPlanning"
"2019-07","1","2020-BASE_PROCUREMENT-2020-AIRFORCE_SPACE-U_PROCUREMENT_JustificationBook_Air_Force_PB_2020.zzz_unzipped-U_PROCUREMENT_JustificationBook_Air_Force_PB_2020.xml","08c4d8d5e59a351bd4ee55fd7ea05b6cb60e8cbc8db146c1f3d795741592e31b","2-8203acc405f1f3bc7ccaf4d57d32fe30ea78fea06d28128253053b227c67536c","0-e9e693f89b8b4f641e25b278a98c2d0403beff1287052589d71b5cb71eb1bee6","root.record.ItemExhibitList.P5Item.CostElementCategoryList.Launch.Recurring.CostElementList.CostElement.ManufacturerList.Manufacturer.HistoryPlanningList.HistoryPlanning"
"2019-12","1","2020-BASE_PROCUREMENT-2020-AIRFORCE_SPACE-U_PROCUREMENT_JustificationBook_Air_Force_PB_2020.zzz_unzipped-U_PROCUREMENT_JustificationBook_Air_Force_PB_2020.xml","08c4d8d5e59a351bd4ee55fd7ea05b6cb60e8cbc8db146c1f3d795741592e31b","0-cf0d4829ef9d26c0b01355a134e80a086ced001a767def6300c300d1356e9cf1","1-0b0aa81d84e0e95e6d9b2f4c667239a46f7280f4d7530a31d9361ae33a3a75b7","root.record.ItemExhibitList.P5Item.CostElementCategoryList.Launch.Recurring.CostElementList.CostElement.ManufacturerList.Manufacturer.HistoryPlanningList.HistoryPlanning"
"2020-03","1","2020-BASE_PROCUREMENT-2020-AIRFORCE_SPACE-U_PROCUREMENT_JustificationBook_Air_Force_PB_2020.zzz_unzipped-U_PROCUREMENT_JustificationBook_Air_Force_PB_2020.xml","08c4d8d5e59a351bd4ee55fd7ea05b6cb60e8cbc8db146c1f3d795741592e31b","1-5bf13514baac0b77ad18bc3819db113febee594cf3c480d768663fa3549fbe85","1-0b0aa81d84e0e95e6d9b2f4c667239a46f7280f4d7530a31d9361ae33a3a75b7","root.record.ItemExhibitList.P5Item.CostElementCategoryList.Launch.Recurring.CostElementList.CostElement.ManufacturerList.Manufacturer.HistoryPlanningList.HistoryPlanning"
"2020-04","1","2020-BASE_PROCUREMENT-2020-AIRFORCE_SPACE-U_PROCUREMENT_JustificationBook_Air_Force_PB_2020.zzz_unzipped-U_PROCUREMENT_JustificationBook_Air_Force_PB_2020.xml","08c4d8d5e59a351bd4ee55fd7ea05b6cb60e8cbc8db146c1f3d795741592e31b","2-8288844712e63750a5b405f7e0073e13f31a876f1af2d1d0254b379e16fa4ef4","1-0b0aa81d84e0e95e6d9b2f4c667239a46f7280f4d7530a31d9361ae33a3a75b7","root.record.ItemExhibitList.P5Item.CostElementCategoryList.Launch.Recurring.CostElementList.CostElement.ManufacturerList.Manufacturer.HistoryPlanningList.HistoryPlanning"
"2020-03","2","2020-BASE_PROCUREMENT-2020-AIRFORCE_SPACE-U_PROCUREMENT_JustificationBook_Air_Force_PB_2020.zzz_unzipped-U_PROCUREMENT_JustificationBook_Air_Force_PB_2020.xml","08c4d8d5e59a351bd4ee55fd7ea05b6cb60e8cbc8db146c1f3d795741592e31b","0-7ced94d283b77e100a974703621893e0d2ce1cf0d4f6d946555e6b4089a256cd","2-8e541848080edb9d81693ed31507d28e539b89255d30dd5717ccf3b6ef8b77bf","root.record.ItemExhibitList.P5Item.CostElementCategoryList.Launch.Recurring.CostElementList.CostElement.ManufacturerList.Manufacturer.HistoryPlanningList.HistoryPlanning"
"2020-11","1","2020-BASE_PROCUREMENT-2020-AIRFORCE_SPACE-U_PROCUREMENT_JustificationBook_Air_Force_PB_2020.zzz_unzipped-U_PROCUREMENT_JustificationBook_Air_Force_PB_2020.xml","08c4d8d5e59a351bd4ee55fd7ea05b6cb60e8cbc8db146c1f3d795741592e31b","0-263c148dad158016f6bc75fdf96b14a67227e1d2cf672888c4b84b0f7928a59e","3-d1d50f6ee912ba635e233fa4c52e9b7a914b83db2b8368f177101fa959a9f92f","root.record.ItemExhibitList.P5Item.CostElementCategoryList.Launch.Recurring.CostElementList.CostElement.ManufacturerList.Manufacturer.HistoryPlanningList.HistoryPlanning"
"2020-12","1","2020-BASE_PROCUREMENT-2020-AIRFORCE_SPACE-U_PROCUREMENT_JustificationBook_Air_Force_PB_2020.zzz_unzipped-U_PROCUREMENT_JustificationBook_Air_Force_PB_2020.xml","08c4d8d5e59a351bd4ee55fd7ea05b6cb60e8cbc8db146c1f3d795741592e31b","1-be38a17f37f32f138602269f81a9c4f19e21081925e207212ae23bb7f47de10d","3-d1d50f6ee912ba635e233fa4c52e9b7a914b83db2b8368f177101fa959a9f92f","root.record.ItemExhibitList.P5Item.CostElementCategoryList.Launch.Recurring.CostElementList.CostElement.ManufacturerList.Manufacturer.HistoryPlanningList.HistoryPlanning"
"2021-03","1","2020-BASE_PROCUREMENT-2020-AIRFORCE_SPACE-U_PROCUREMENT_JustificationBook_Air_Force_PB_2020.zzz_unzipped-U_PROCUREMENT_JustificationBook_Air_Force_PB_2020.xml","08c4d8d5e59a351bd4ee55fd7ea05b6cb60e8cbc8db146c1f3d795741592e31b","2-596c6c3bf928f98012151675579adb2659114a61d2a6c2b3b3b7b13bcf29e091","3-d1d50f6ee912ba635e233fa4c52e9b7a914b83db2b8368f177101fa959a9f92f","root.record.ItemExhibitList.P5Item.CostElementCategoryList.Launch.Recurring.CostElementList.CostElement.ManufacturerList.Manufacturer.HistoryPlanningList.HistoryPlanning"
"2021-04","1","2020-BASE_PROCUREMENT-2020-AIRFORCE_SPACE-U_PROCUREMENT_JustificationBook_Air_Force_PB_2020.zzz_unzipped-U_PROCUREMENT_JustificationBook_Air_Force_PB_2020.xml","08c4d8d5e59a351bd4ee55fd7ea05b6cb60e8cbc8db146c1f3d795741592e31b","3-7c868e5f1980e26afcd6a28e7ef64752a82a8aa5694d5ed038bb2d2f64b0911f","3-d1d50f6ee912ba635e233fa4c52e9b7a914b83db2b8368f177101fa959a9f92f","root.record.ItemExhibitList.P5Item.CostElementCategoryList.Launch.Recurring.CostElementList.CostElement.ManufacturerList.Manufacturer.HistoryPlanningList.HistoryPlanning"
"2021-10","1","2020-BASE_PROCUREMENT-2020-AIRFORCE_SPACE-U_PROCUREMENT_JustificationBook_Air_Force_PB_2020.zzz_unzipped-U_PROCUREMENT_JustificationBook_Air_Force_PB_2020.xml","08c4d8d5e59a351bd4ee55fd7ea05b6cb60e8cbc8db146c1f3d795741592e31b","4-95eabf3a1caea4a97e45b1a643c4d98bf314d47b30653ae879133c520c08dcbf","3-d1d50f6ee912ba635e233fa4c52e9b7a914b83db2b8368f177101fa959a9f92f","root.record.ItemExhibitList.P5Item.CostElementCategoryList.Launch.Recurring.CostElementList.CostElement.ManufacturerList.Manufacturer.HistoryPlanningList.HistoryPlanning"
"2021-12","4","2020-BASE_PROCUREMENT-2020-AIRFORCE_SPACE-U_PROCUREMENT_JustificationBook_Air_Force_PB_2020.zzz_unzipped-U_PROCUREMENT_JustificationBook_Air_Force_PB_2020.xml","08c4d8d5e59a351bd4ee55fd7ea05b6cb60e8cbc8db146c1f3d795741592e31b","0-698bbbd756badad4eb59b953b979c7c6cd2990de3b2bb79631ab4677d881743a","0-4e7f032388d1c2d72e5ff1e33541514888ce6d7357e78bac39528566f1a48c85","root.record.ItemExhibitList.P5Item.CostElementCategoryList.Launch.Recurring.CostElementList.CostElement.ManufacturerList.Manufacturer.HistoryPlanningList.HistoryPlanning"
"2019-02","1","2020-BASE_PROCUREMENT-2020-AIRFORCE_SPACE-U_PROCUREMENT_MasterJustificationBook_Air_Force_PB_2020.zzz_unzipped-U_PROCUREMENT_MasterJustificationBook_Air_Force_PB_2020.xml","c9b645ca3693dc4386f5024067a158db34ff6924a8e540b310f1bbc768a98941","0-3b673b6fa64916e9199ddad407c8bdbff0ef14fafe2c94847c3160f5c63ca062","0-f1433ef618c14651b45235c47edc89626d05a11534f2725f1ab3addcf078ad0c","root.record.ItemExhibitList.P5Item.CostElementCategoryList.Launch.Recurring.CostElementList.CostElement.ManufacturerList.Manufacturer.HistoryPlanningList.HistoryPlanning"
"2019-06","1","2020-BASE_PROCUREMENT-2020-AIRFORCE_SPACE-U_PROCUREMENT_MasterJustificationBook_Air_Force_PB_2020.zzz_unzipped-U_PROCUREMENT_MasterJustificationBook_Air_Force_PB_2020.xml","c9b645ca3693dc4386f5024067a158db34ff6924a8e540b310f1bbc768a98941","1-a45f78f75aaff9891d65090475195729709790a505e3191d3a05a12b2dc77e9d","0-f1433ef618c14651b45235c47edc89626d05a11534f2725f1ab3addcf078ad0c","root.record.ItemExhibitList.P5Item.CostElementCategoryList.Launch.Recurring.CostElementList.CostElement.ManufacturerList.Manufacturer.HistoryPlanningList.HistoryPlanning"
"2019-07","1","2020-BASE_PROCUREMENT-2020-AIRFORCE_SPACE-U_PROCUREMENT_MasterJustificationBook_Air_Force_PB_2020.zzz_unzipped-U_PROCUREMENT_MasterJustificationBook_Air_Force_PB_2020.xml","c9b645ca3693dc4386f5024067a158db34ff6924a8e540b310f1bbc768a98941","2-10dd3a11e6b37bffbfb96e558ebbec873e44e2819d05b40948f08aa033298bf8","0-f1433ef618c14651b45235c47edc89626d05a11534f2725f1ab3addcf078ad0c","root.record.ItemExhibitList.P5Item.CostElementCategoryList.Launch.Recurring.CostElementList.CostElement.ManufacturerList.Manufacturer.HistoryPlanningList.HistoryPlanning"
"2019-12","1","2020-BASE_PROCUREMENT-2020-AIRFORCE_SPACE-U_PROCUREMENT_MasterJustificationBook_Air_Force_PB_2020.zzz_unzipped-U_PROCUREMENT_MasterJustificationBook_Air_Force_PB_2020.xml","c9b645ca3693dc4386f5024067a158db34ff6924a8e540b310f1bbc768a98941","0-cc2ec74ec4fa14b50116c1723f3b559c519b1e77fc25439b229ac820ccb67bf9","1-becdd3e0cb2650c8de03735c5fbb9c7c668e207e004b08efee0682deb28d9a8e","root.record.ItemExhibitList.P5Item.CostElementCategoryList.Launch.Recurring.CostElementList.CostElement.ManufacturerList.Manufacturer.HistoryPlanningList.HistoryPlanning"
"2020-03","1","2020-BASE_PROCUREMENT-2020-AIRFORCE_SPACE-U_PROCUREMENT_MasterJustificationBook_Air_Force_PB_2020.zzz_unzipped-U_PROCUREMENT_MasterJustificationBook_Air_Force_PB_2020.xml","c9b645ca3693dc4386f5024067a158db34ff6924a8e540b310f1bbc768a98941","1-2319d8ee571e74b2660536d3656457ca0ba803ee75db23a86d7ac6fc5ca1f6c6","1-becdd3e0cb2650c8de03735c5fbb9c7c668e207e004b08efee0682deb28d9a8e","root.record.ItemExhibitList.P5Item.CostElementCategoryList.Launch.Recurring.CostElementList.CostElement.ManufacturerList.Manufacturer.HistoryPlanningList.HistoryPlanning"
"2020-04","1","2020-BASE_PROCUREMENT-2020-AIRFORCE_SPACE-U_PROCUREMENT_MasterJustificationBook_Air_Force_PB_2020.zzz_unzipped-U_PROCUREMENT_MasterJustificationBook_Air_Force_PB_2020.xml","c9b645ca3693dc4386f5024067a158db34ff6924a8e540b310f1bbc768a98941","2-59fc17c6390c72a8bfa60551d5ac11155f1647c52b70933101b6d5d313d5d9b9","1-becdd3e0cb2650c8de03735c5fbb9c7c668e207e004b08efee0682deb28d9a8e","root.record.ItemExhibitList.P5Item.CostElementCategoryList.Launch.Recurring.CostElementList.CostElement.ManufacturerList.Manufacturer.HistoryPlanningList.HistoryPlanning"
"2020-03","2","2020-BASE_PROCUREMENT-2020-AIRFORCE_SPACE-U_PROCUREMENT_MasterJustificationBook_Air_Force_PB_2020.zzz_unzipped-U_PROCUREMENT_MasterJustificationBook_Air_Force_PB_2020.xml","c9b645ca3693dc4386f5024067a158db34ff6924a8e540b310f1bbc768a98941","0-def39a0bf8dcf487bdb7d47ab4fe21c36140bfb31efe96462adcac4e34afc07c","2-30a0ae01ad14e3e38963bb921c23d90b35549295221fd612369ec43addd2c47e","root.record.ItemExhibitList.P5Item.CostElementCategoryList.Launch.Recurring.CostElementList.CostElement.ManufacturerList.Manufacturer.HistoryPlanningList.HistoryPlanning"
"2020-11","1","2020-BASE_PROCUREMENT-2020-AIRFORCE_SPACE-U_PROCUREMENT_MasterJustificationBook_Air_Force_PB_2020.zzz_unzipped-U_PROCUREMENT_MasterJustificationBook_Air_Force_PB_2020.xml","c9b645ca3693dc4386f5024067a158db34ff6924a8e540b310f1bbc768a98941","0-363f0296b94f32dedc8f58bcd0bb7ea04f0f07729bd8cfc5f13d252a7c19e25c","3-5a1327dd58afde6a3c5cda8e321ecb5c8eb9d01f0ac0e0cb6e5c0435eb6f7d25","root.record.ItemExhibitList.P5Item.CostElementCategoryList.Launch.Recurring.CostElementList.CostElement.ManufacturerList.Manufacturer.HistoryPlanningList.HistoryPlanning"
"2020-12","1","2020-BASE_PROCUREMENT-2020-AIRFORCE_SPACE-U_PROCUREMENT_MasterJustificationBook_Air_Force_PB_2020.zzz_unzipped-U_PROCUREMENT_MasterJustificationBook_Air_Force_PB_2020.xml","c9b645ca3693dc4386f5024067a158db34ff6924a8e540b310f1bbc768a98941","1-933846527a0e3ffd93733d16febcda23bd4f818579d3e7e52b25c92e335483de","3-5a1327dd58afde6a3c5cda8e321ecb5c8eb9d01f0ac0e0cb6e5c0435eb6f7d25","root.record.ItemExhibitList.P5Item.CostElementCategoryList.Launch.Recurring.CostElementList.CostElement.ManufacturerList.Manufacturer.HistoryPlanningList.HistoryPlanning"
"2021-03","1","2020-BASE_PROCUREMENT-2020-AIRFORCE_SPACE-U_PROCUREMENT_MasterJustificationBook_Air_Force_PB_2020.zzz_unzipped-U_PROCUREMENT_MasterJustificationBook_Air_Force_PB_2020.xml","c9b645ca3693dc4386f5024067a158db34ff6924a8e540b310f1bbc768a98941","2-dd549b2535223eaafff82ef313b47c79185d27f04fa596e812c87d8ab7f03583","3-5a1327dd58afde6a3c5cda8e321ecb5c8eb9d01f0ac0e0cb6e5c0435eb6f7d25","root.record.ItemExhibitList.P5Item.CostElementCategoryList.Launch.Recurring.CostElementList.CostElement.ManufacturerList.Manufacturer.HistoryPlanningList.HistoryPlanning"
"2021-04","1","2020-BASE_PROCUREMENT-2020-AIRFORCE_SPACE-U_PROCUREMENT_MasterJustificationBook_Air_Force_PB_2020.zzz_unzipped-U_PROCUREMENT_MasterJustificationBook_Air_Force_PB_2020.xml","c9b645ca3693dc4386f5024067a158db34ff6924a8e540b310f1bbc768a98941","3-c911e1ac708849a3ef35a2ec512fa5ff4f88fea178b69ffa5ace8d896f87b4e9","3-5a1327dd58afde6a3c5cda8e321ecb5c8eb9d01f0ac0e0cb6e5c0435eb6f7d25","root.record.ItemExhibitList.P5Item.CostElementCategoryList.Launch.Recurring.CostElementList.CostElement.ManufacturerList.Manufacturer.HistoryPlanningList.HistoryPlanning"
"2021-10","1","2020-BASE_PROCUREMENT-2020-AIRFORCE_SPACE-U_PROCUREMENT_MasterJustificationBook_Air_Force_PB_2020.zzz_unzipped-U_PROCUREMENT_MasterJustificationBook_Air_Force_PB_2020.xml","c9b645ca3693dc4386f5024067a158db34ff6924a8e540b310f1bbc768a98941","4-c051a435d125c4f83bda7bca486549fa8b16c9dc9e75c463713c12b2ec20882f","3-5a1327dd58afde6a3c5cda8e321ecb5c8eb9d01f0ac0e0cb6e5c0435eb6f7d25","root.record.ItemExhibitList.P5Item.CostElementCategoryList.Launch.Recurring.CostElementList.CostElement.ManufacturerList.Manufacturer.HistoryPlanningList.HistoryPlanning"
"2021-12","4","2020-BASE_PROCUREMENT-2020-AIRFORCE_SPACE-U_PROCUREMENT_MasterJustificationBook_Air_Force_PB_2020.zzz_unzipped-U_PROCUREMENT_MasterJustificationBook_Air_Force_PB_2020.xml","c9b645ca3693dc4386f5024067a158db34ff6924a8e540b310f1bbc768a98941","0-bbd589b21323f643fd24f8ada1f3be58215a43555b62064601c513b21e673a15","0-b6424fecc5fc1b3afb87acc66dd120e817343a409efdc7b69aee3333ec49a194","root.record.ItemExhibitList.P5Item.CostElementCategoryList.Launch.Recurring.CostElementList.CostElement.ManufacturerList.Manufacturer.HistoryPlanningList.HistoryPlanning"
