Month_val,Amount_val,@SOURCE_FILENAME,@RECORDID,@ROWID,@PARENTROWID,@PARENT
"2014-02","1","2015-BASE_PROCUREMENT-2015-AIRFORCE_MISSILE-PROCUREMENT_JustificationBook_Air_Force_PB_2015.zzz_unzipped-PROCUREMENT_JustificationBook_Air_Force_PB_2015.xml","04ba31003147d065bb7b0469d96856c0e467991933cc18cbefa9e3616265b178","0-19960eebac0a76e5ad2aa8d71543dc0d7b39aa0b06cdf4b387cffc097cdb0980","0-bc2c101e77b030bfb77ff1d1cfab437807defdbc93740fad01d13d34a9a1e87c","root.record.ItemExhibitList.P5Item.CostElementCategoryList.Launch.Recurring.CostElementList.CostElement.ManufacturerList.Manufacturer.HistoryPlanningList.HistoryPlanning"
"2015-02","1","2015-BASE_PROCUREMENT-2015-AIRFORCE_MISSILE-PROCUREMENT_JustificationBook_Air_Force_PB_2015.zzz_unzipped-PROCUREMENT_JustificationBook_Air_Force_PB_2015.xml","04ba31003147d065bb7b0469d96856c0e467991933cc18cbefa9e3616265b178","1-da6b02d80c8c04d1220cafa2fbdeff874b6825e37fdfe39006fef6889c6a48cb","0-bc2c101e77b030bfb77ff1d1cfab437807defdbc93740fad01d13d34a9a1e87c","root.record.ItemExhibitList.P5Item.CostElementCategoryList.Launch.Recurring.CostElementList.CostElement.ManufacturerList.Manufacturer.HistoryPlanningList.HistoryPlanning"
"2012-01","2","2015-BASE_PROCUREMENT-2015-AIRFORCE_MISSILE-PROCUREMENT_JustificationBook_Air_Force_PB_2015.zzz_unzipped-PROCUREMENT_JustificationBook_Air_Force_PB_2015.xml","04ba31003147d065bb7b0469d96856c0e467991933cc18cbefa9e3616265b178","0-83b3d3b06b9fd2ea75b68c2c5e2f1f8b160fd2d92ff32dbd15995dcb8b892ed4","1-aba071399e91b298f99a67c0574a8b2cdfe6f7c88b56e0356414d748ee7eb58b","root.record.ItemExhibitList.P5Item.CostElementCategoryList.Launch.Recurring.CostElementList.CostElement.ManufacturerList.Manufacturer.HistoryPlanningList.HistoryPlanning"
"2014-05","1","2015-BASE_PROCUREMENT-2015-AIRFORCE_MISSILE-PROCUREMENT_JustificationBook_Air_Force_PB_2015.zzz_unzipped-PROCUREMENT_JustificationBook_Air_Force_PB_2015.xml","04ba31003147d065bb7b0469d96856c0e467991933cc18cbefa9e3616265b178","1-d533fcdac59f3f15a0559323b831b8b556028f5002008c7adfa0974659f3ee96","1-aba071399e91b298f99a67c0574a8b2cdfe6f7c88b56e0356414d748ee7eb58b","root.record.ItemExhibitList.P5Item.CostElementCategoryList.Launch.Recurring.CostElementList.CostElement.ManufacturerList.Manufacturer.HistoryPlanningList.HistoryPlanning"
"2013-07","2","2015-BASE_PROCUREMENT-2015-AIRFORCE_MISSILE-PROCUREMENT_JustificationBook_Air_Force_PB_2015.zzz_unzipped-PROCUREMENT_JustificationBook_Air_Force_PB_2015.xml","04ba31003147d065bb7b0469d96856c0e467991933cc18cbefa9e3616265b178","0-f72d86771e5a12f6a57c2cd32389e1822ee2b2c9e012bd8c08ccdb4fe6c7bbec","2-be83e03ebdbfa4f77ea3775a74af04f304ae84e0141325b369baf950d63a3890","root.record.ItemExhibitList.P5Item.CostElementCategoryList.Launch.Recurring.CostElementList.CostElement.ManufacturerList.Manufacturer.HistoryPlanningList.HistoryPlanning"
"2014-12","1","2015-BASE_PROCUREMENT-2015-AIRFORCE_MISSILE-PROCUREMENT_JustificationBook_Air_Force_PB_2015.zzz_unzipped-PROCUREMENT_JustificationBook_Air_Force_PB_2015.xml","04ba31003147d065bb7b0469d96856c0e467991933cc18cbefa9e3616265b178","1-31cfba29ec3e2e4799bb52a7d47d2edd0d152e036cae1fccafe51d0084ad9f83","2-be83e03ebdbfa4f77ea3775a74af04f304ae84e0141325b369baf950d63a3890","root.record.ItemExhibitList.P5Item.CostElementCategoryList.Launch.Recurring.CostElementList.CostElement.ManufacturerList.Manufacturer.HistoryPlanningList.HistoryPlanning"
"2014-10","3","2015-BASE_PROCUREMENT-2015-AIRFORCE_MISSILE-PROCUREMENT_JustificationBook_Air_Force_PB_2015.zzz_unzipped-PROCUREMENT_JustificationBook_Air_Force_PB_2015.xml","04ba31003147d065bb7b0469d96856c0e467991933cc18cbefa9e3616265b178","0-c9e2bc795a1d07bd23250a7d74457d402951a1d872753057a504a7fc2ff9c77d","3-f349efb19f59ebc829509f72b02edd9a3d202020b84aa3eaddcbc92c488bbe29","root.record.ItemExhibitList.P5Item.CostElementCategoryList.Launch.Recurring.CostElementList.CostElement.ManufacturerList.Manufacturer.HistoryPlanningList.HistoryPlanning"
"2015-10","1","2015-BASE_PROCUREMENT-2015-AIRFORCE_MISSILE-PROCUREMENT_JustificationBook_Air_Force_PB_2015.zzz_unzipped-PROCUREMENT_JustificationBook_Air_Force_PB_2015.xml","04ba31003147d065bb7b0469d96856c0e467991933cc18cbefa9e3616265b178","1-f5c97f42d0f544431b9352611de1c02b67e01c3dc9b4e718ddd6c7f244fbbca7","3-f349efb19f59ebc829509f72b02edd9a3d202020b84aa3eaddcbc92c488bbe29","root.record.ItemExhibitList.P5Item.CostElementCategoryList.Launch.Recurring.CostElementList.CostElement.ManufacturerList.Manufacturer.HistoryPlanningList.HistoryPlanning"
"2015-12","4","2015-BASE_PROCUREMENT-2015-AIRFORCE_MISSILE-PROCUREMENT_JustificationBook_Air_Force_PB_2015.zzz_unzipped-PROCUREMENT_JustificationBook_Air_Force_PB_2015.xml","04ba31003147d065bb7b0469d96856c0e467991933cc18cbefa9e3616265b178","0-9271d009c6360a9e49191e25150cf52a40b682ec538fde3b025e244441a1bf8e","4-a4be3bd9afcea8693851eccf3bfc4b07839eba6fbf3b8cd47eb8026d5df4349d","root.record.ItemExhibitList.P5Item.CostElementCategoryList.Launch.Recurring.CostElementList.CostElement.ManufacturerList.Manufacturer.HistoryPlanningList.HistoryPlanning"
"2016-10","1","2015-BASE_PROCUREMENT-2015-AIRFORCE_MISSILE-PROCUREMENT_JustificationBook_Air_Force_PB_2015.zzz_unzipped-PROCUREMENT_JustificationBook_Air_Force_PB_2015.xml","04ba31003147d065bb7b0469d96856c0e467991933cc18cbefa9e3616265b178","1-adb1710c8c3a67dd0e639e2e3ce866ffd6879a055c1c5744d754234f95057a94","4-a4be3bd9afcea8693851eccf3bfc4b07839eba6fbf3b8cd47eb8026d5df4349d","root.record.ItemExhibitList.P5Item.CostElementCategoryList.Launch.Recurring.CostElementList.CostElement.ManufacturerList.Manufacturer.HistoryPlanningList.HistoryPlanning"
"2014-01","2","2015-BASE_PROCUREMENT-2015-AIRFORCE_MISSILE-PROCUREMENT_JustificationBook_Air_Force_PB_2015.zzz_unzipped-PROCUREMENT_JustificationBook_Air_Force_PB_2015.xml","04ba31003147d065bb7b0469d96856c0e467991933cc18cbefa9e3616265b178","0-13bec3516a88918ecdeb551a31fa13039f96b4fa9cf49ad349c03acb1672945e","0-8520d61fd9d6e4ccc09f46a4799bde3d88606f9bb0d405633afcd5412eadbdd3","root.record.ItemExhibitList.P5Item.CostElementCategoryList.Launch.Recurring.CostElementList.CostElement.ManufacturerList.Manufacturer.HistoryPlanningList.HistoryPlanning"
"2015-04","1","2015-BASE_PROCUREMENT-2015-AIRFORCE_MISSILE-PROCUREMENT_JustificationBook_Air_Force_PB_2015.zzz_unzipped-PROCUREMENT_JustificationBook_Air_Force_PB_2015.xml","04ba31003147d065bb7b0469d96856c0e467991933cc18cbefa9e3616265b178","1-6f49063b383cd5dd3062ef8ef2cba88b05c367760eab3a565a1e675d1adbc54b","0-8520d61fd9d6e4ccc09f46a4799bde3d88606f9bb0d405633afcd5412eadbdd3","root.record.ItemExhibitList.P5Item.CostElementCategoryList.Launch.Recurring.CostElementList.CostElement.ManufacturerList.Manufacturer.HistoryPlanningList.HistoryPlanning"
"2015-08","1","2015-BASE_PROCUREMENT-2015-AIRFORCE_MISSILE-PROCUREMENT_JustificationBook_Air_Force_PB_2015.zzz_unzipped-PROCUREMENT_JustificationBook_Air_Force_PB_2015.xml","04ba31003147d065bb7b0469d96856c0e467991933cc18cbefa9e3616265b178","2-cddd95fb17bb65eaf8e7bfa64fcd9a817688092d7dee1c54eb876943a587ded9","0-8520d61fd9d6e4ccc09f46a4799bde3d88606f9bb0d405633afcd5412eadbdd3","root.record.ItemExhibitList.P5Item.CostElementCategoryList.Launch.Recurring.CostElementList.CostElement.ManufacturerList.Manufacturer.HistoryPlanningList.HistoryPlanning"
"2015-09","1","2015-BASE_PROCUREMENT-2015-AIRFORCE_MISSILE-PROCUREMENT_JustificationBook_Air_Force_PB_2015.zzz_unzipped-PROCUREMENT_JustificationBook_Air_Force_PB_2015.xml","04ba31003147d065bb7b0469d96856c0e467991933cc18cbefa9e3616265b178","3-4fd0854a77bf36fb34936597e77b26a3246b8c6cd932aa5e28d15ec5e1c1dfaf","0-8520d61fd9d6e4ccc09f46a4799bde3d88606f9bb0d405633afcd5412eadbdd3","root.record.ItemExhibitList.P5Item.CostElementCategoryList.Launch.Recurring.CostElementList.CostElement.ManufacturerList.Manufacturer.HistoryPlanningList.HistoryPlanning"
"2016-10","3","2015-BASE_PROCUREMENT-2015-AIRFORCE_MISSILE-PROCUREMENT_JustificationBook_Air_Force_PB_2015.zzz_unzipped-PROCUREMENT_JustificationBook_Air_Force_PB_2015.xml","04ba31003147d065bb7b0469d96856c0e467991933cc18cbefa9e3616265b178","0-78bda56153b68026589795636a7807f6dd2b162142d996af4f60a9bbd1ebaf0f","0-00c2579115f007b646ed5b9e62c2ca850f3ee69498c893851f5ac6b0aab3657f","root.record.ItemExhibitList.P5Item.CostElementCategoryList.Launch.Recurring.CostElementList.CostElement.ManufacturerList.Manufacturer.HistoryPlanningList.HistoryPlanning"
"2017-10","4","2015-BASE_PROCUREMENT-2015-AIRFORCE_MISSILE-PROCUREMENT_JustificationBook_Air_Force_PB_2015.zzz_unzipped-PROCUREMENT_JustificationBook_Air_Force_PB_2015.xml","04ba31003147d065bb7b0469d96856c0e467991933cc18cbefa9e3616265b178","0-2aa2029b71093162ae633b5cf9fefb4611c58ce2a42a0003b5db58ef85672f9b","1-d1647ee6477305bed58833f0f3dad43ee608d7d358744d3db0a7438e174b2ede","root.record.ItemExhibitList.P5Item.CostElementCategoryList.Launch.Recurring.CostElementList.CostElement.ManufacturerList.Manufacturer.HistoryPlanningList.HistoryPlanning"
"2018-10","5","2015-BASE_PROCUREMENT-2015-AIRFORCE_MISSILE-PROCUREMENT_JustificationBook_Air_Force_PB_2015.zzz_unzipped-PROCUREMENT_JustificationBook_Air_Force_PB_2015.xml","04ba31003147d065bb7b0469d96856c0e467991933cc18cbefa9e3616265b178","0-f76e96e268bf0c6936786cadfbc23f89cad8d0559ac481d156abff19ce8134e2","2-dc71093beabe47cbeea4b491ea4b2f3571fc567757976c9b90bcebbd036b5ce2","root.record.ItemExhibitList.P5Item.CostElementCategoryList.Launch.Recurring.CostElementList.CostElement.ManufacturerList.Manufacturer.HistoryPlanningList.HistoryPlanning"
"2019-10","4","2015-BASE_PROCUREMENT-2015-AIRFORCE_MISSILE-PROCUREMENT_JustificationBook_Air_Force_PB_2015.zzz_unzipped-PROCUREMENT_JustificationBook_Air_Force_PB_2015.xml","04ba31003147d065bb7b0469d96856c0e467991933cc18cbefa9e3616265b178","0-35d816abc5661b2e2f23adbc98b6344ab23a1133f5eefaa1e2ac32307e926cdf","0-4a3e97b623c1c382e03805b47f8e2431142e3a297e1ef16437bb043192b15447","root.record.ItemExhibitList.P5Item.CostElementCategoryList.Launch.Recurring.CostElementList.CostElement.ManufacturerList.Manufacturer.HistoryPlanningList.HistoryPlanning"
"2020-10","5","2015-BASE_PROCUREMENT-2015-AIRFORCE_MISSILE-PROCUREMENT_JustificationBook_Air_Force_PB_2015.zzz_unzipped-PROCUREMENT_JustificationBook_Air_Force_PB_2015.xml","04ba31003147d065bb7b0469d96856c0e467991933cc18cbefa9e3616265b178","0-f92c61179f104fe3f58903d37d7e0419fa21e8bdbffb4e11b00162ef8b8a1a64","1-fff5555a60c3ce5c13273ce2dc3961cb46e15dd033b342c342964cc3d92fb600","root.record.ItemExhibitList.P5Item.CostElementCategoryList.Launch.Recurring.CostElementList.CostElement.ManufacturerList.Manufacturer.HistoryPlanningList.HistoryPlanning"
"2014-02","1","2015-BASE_PROCUREMENT-2015-AIRFORCE_MISSILE-PROCUREMENT_MasterJustificationBook_Air_Force_PB_2015.zzz_unzipped-PROCUREMENT_MasterJustificationBook_Air_Force_PB_2015.xml","3abf8b64467cbed6c01c156005d72134c5ac025da35c8ec98beeec4ffadf8568","0-518c890441157b2ae2d759b90eea92a04faeabb8c4ef294580fccfde9080be1f","0-3a1dde5821008e760081d19aa0f12d9a97668310013c99bd13dd33c90c7f5eb2","root.record.ItemExhibitList.P5Item.CostElementCategoryList.Launch.Recurring.CostElementList.CostElement.ManufacturerList.Manufacturer.HistoryPlanningList.HistoryPlanning"
"2015-02","1","2015-BASE_PROCUREMENT-2015-AIRFORCE_MISSILE-PROCUREMENT_MasterJustificationBook_Air_Force_PB_2015.zzz_unzipped-PROCUREMENT_MasterJustificationBook_Air_Force_PB_2015.xml","3abf8b64467cbed6c01c156005d72134c5ac025da35c8ec98beeec4ffadf8568","1-2398a676dde81dda768bbc3dea46df3f87ca3bcd24a99ca5ac6e8cba21cf8d05","0-3a1dde5821008e760081d19aa0f12d9a97668310013c99bd13dd33c90c7f5eb2","root.record.ItemExhibitList.P5Item.CostElementCategoryList.Launch.Recurring.CostElementList.CostElement.ManufacturerList.Manufacturer.HistoryPlanningList.HistoryPlanning"
"2012-01","2","2015-BASE_PROCUREMENT-2015-AIRFORCE_MISSILE-PROCUREMENT_MasterJustificationBook_Air_Force_PB_2015.zzz_unzipped-PROCUREMENT_MasterJustificationBook_Air_Force_PB_2015.xml","3abf8b64467cbed6c01c156005d72134c5ac025da35c8ec98beeec4ffadf8568","0-9cd000f910fdba79925b5895e014c7314ecbdc60b75661a71513cd25633b5abc","1-872d279bc39f8cda8478d61c5ef473748b38ce29214ba1e0223e63821cb728cf","root.record.ItemExhibitList.P5Item.CostElementCategoryList.Launch.Recurring.CostElementList.CostElement.ManufacturerList.Manufacturer.HistoryPlanningList.HistoryPlanning"
"2014-05","1","2015-BASE_PROCUREMENT-2015-AIRFORCE_MISSILE-PROCUREMENT_MasterJustificationBook_Air_Force_PB_2015.zzz_unzipped-PROCUREMENT_MasterJustificationBook_Air_Force_PB_2015.xml","3abf8b64467cbed6c01c156005d72134c5ac025da35c8ec98beeec4ffadf8568","1-408b229840f96a193ea0f76e72f6e74a8a703fea9563eda56e2d4103c128c376","1-872d279bc39f8cda8478d61c5ef473748b38ce29214ba1e0223e63821cb728cf","root.record.ItemExhibitList.P5Item.CostElementCategoryList.Launch.Recurring.CostElementList.CostElement.ManufacturerList.Manufacturer.HistoryPlanningList.HistoryPlanning"
"2013-07","2","2015-BASE_PROCUREMENT-2015-AIRFORCE_MISSILE-PROCUREMENT_MasterJustificationBook_Air_Force_PB_2015.zzz_unzipped-PROCUREMENT_MasterJustificationBook_Air_Force_PB_2015.xml","3abf8b64467cbed6c01c156005d72134c5ac025da35c8ec98beeec4ffadf8568","0-9468cc9534d1f84f70c703dd2d13baf623f9723c6bf5e5f72db93c405ade496f","2-98fa0558315fc36962ba8b3c9368c72d92cb69dcaaa35dcb2ea44d2bfba0fcf2","root.record.ItemExhibitList.P5Item.CostElementCategoryList.Launch.Recurring.CostElementList.CostElement.ManufacturerList.Manufacturer.HistoryPlanningList.HistoryPlanning"
"2014-12","1","2015-BASE_PROCUREMENT-2015-AIRFORCE_MISSILE-PROCUREMENT_MasterJustificationBook_Air_Force_PB_2015.zzz_unzipped-PROCUREMENT_MasterJustificationBook_Air_Force_PB_2015.xml","3abf8b64467cbed6c01c156005d72134c5ac025da35c8ec98beeec4ffadf8568","1-a0ff612713288571984e46fb550b0ddd9bd0a1a8273eeccce84fcc94e648971e","2-98fa0558315fc36962ba8b3c9368c72d92cb69dcaaa35dcb2ea44d2bfba0fcf2","root.record.ItemExhibitList.P5Item.CostElementCategoryList.Launch.Recurring.CostElementList.CostElement.ManufacturerList.Manufacturer.HistoryPlanningList.HistoryPlanning"
"2014-10","3","2015-BASE_PROCUREMENT-2015-AIRFORCE_MISSILE-PROCUREMENT_MasterJustificationBook_Air_Force_PB_2015.zzz_unzipped-PROCUREMENT_MasterJustificationBook_Air_Force_PB_2015.xml","3abf8b64467cbed6c01c156005d72134c5ac025da35c8ec98beeec4ffadf8568","0-e802e97717951a0dfc19412e1589fc92ba8f8939fdbfff454f460d8841f4f7b7","3-8ed1e45071633885196ee88c7b1541d09104a9dd20ba22dd6b82c9233497bcfb","root.record.ItemExhibitList.P5Item.CostElementCategoryList.Launch.Recurring.CostElementList.CostElement.ManufacturerList.Manufacturer.HistoryPlanningList.HistoryPlanning"
"2015-10","1","2015-BASE_PROCUREMENT-2015-AIRFORCE_MISSILE-PROCUREMENT_MasterJustificationBook_Air_Force_PB_2015.zzz_unzipped-PROCUREMENT_MasterJustificationBook_Air_Force_PB_2015.xml","3abf8b64467cbed6c01c156005d72134c5ac025da35c8ec98beeec4ffadf8568","1-18c8af6064a141e64a3995e6dcd7c1eb54792aba542bfcc3e528e3f9c5c8e54b","3-8ed1e45071633885196ee88c7b1541d09104a9dd20ba22dd6b82c9233497bcfb","root.record.ItemExhibitList.P5Item.CostElementCategoryList.Launch.Recurring.CostElementList.CostElement.ManufacturerList.Manufacturer.HistoryPlanningList.HistoryPlanning"
"2015-12","4","2015-BASE_PROCUREMENT-2015-AIRFORCE_MISSILE-PROCUREMENT_MasterJustificationBook_Air_Force_PB_2015.zzz_unzipped-PROCUREMENT_MasterJustificationBook_Air_Force_PB_2015.xml","3abf8b64467cbed6c01c156005d72134c5ac025da35c8ec98beeec4ffadf8568","0-3006cadb37b7e8fc3a37fcba11fda40092837f709dbc918adaf11e20edef3256","4-1f312aaeaae141ac55eb4efef44231dccfc210677f29079937820078dbfcdf44","root.record.ItemExhibitList.P5Item.CostElementCategoryList.Launch.Recurring.CostElementList.CostElement.ManufacturerList.Manufacturer.HistoryPlanningList.HistoryPlanning"
"2016-10","1","2015-BASE_PROCUREMENT-2015-AIRFORCE_MISSILE-PROCUREMENT_MasterJustificationBook_Air_Force_PB_2015.zzz_unzipped-PROCUREMENT_MasterJustificationBook_Air_Force_PB_2015.xml","3abf8b64467cbed6c01c156005d72134c5ac025da35c8ec98beeec4ffadf8568","1-047d111bb61200b2f1a441dc691f8b8df2a0595cc72380067be250edfd90b8ae","4-1f312aaeaae141ac55eb4efef44231dccfc210677f29079937820078dbfcdf44","root.record.ItemExhibitList.P5Item.CostElementCategoryList.Launch.Recurring.CostElementList.CostElement.ManufacturerList.Manufacturer.HistoryPlanningList.HistoryPlanning"
"2014-01","2","2015-BASE_PROCUREMENT-2015-AIRFORCE_MISSILE-PROCUREMENT_MasterJustificationBook_Air_Force_PB_2015.zzz_unzipped-PROCUREMENT_MasterJustificationBook_Air_Force_PB_2015.xml","3abf8b64467cbed6c01c156005d72134c5ac025da35c8ec98beeec4ffadf8568","0-814ebb5d9615ae805f547d0d69ebc4b6ad92a77d652ef36a07f9d75d9e19654e","0-e098c7d52f10f69f812327e10955adca4172feb13793474793117af78f8acc22","root.record.ItemExhibitList.P5Item.CostElementCategoryList.Launch.Recurring.CostElementList.CostElement.ManufacturerList.Manufacturer.HistoryPlanningList.HistoryPlanning"
"2015-04","1","2015-BASE_PROCUREMENT-2015-AIRFORCE_MISSILE-PROCUREMENT_MasterJustificationBook_Air_Force_PB_2015.zzz_unzipped-PROCUREMENT_MasterJustificationBook_Air_Force_PB_2015.xml","3abf8b64467cbed6c01c156005d72134c5ac025da35c8ec98beeec4ffadf8568","1-08e4f90604a8f8624728b77807303edc92c6eadf4cc575fc86373c739ab499cb","0-e098c7d52f10f69f812327e10955adca4172feb13793474793117af78f8acc22","root.record.ItemExhibitList.P5Item.CostElementCategoryList.Launch.Recurring.CostElementList.CostElement.ManufacturerList.Manufacturer.HistoryPlanningList.HistoryPlanning"
"2015-08","1","2015-BASE_PROCUREMENT-2015-AIRFORCE_MISSILE-PROCUREMENT_MasterJustificationBook_Air_Force_PB_2015.zzz_unzipped-PROCUREMENT_MasterJustificationBook_Air_Force_PB_2015.xml","3abf8b64467cbed6c01c156005d72134c5ac025da35c8ec98beeec4ffadf8568","2-8b8220530fe79aabeecb033a872c1b4c623c4d5d1bb0b9041b47eb6b5e02d848","0-e098c7d52f10f69f812327e10955adca4172feb13793474793117af78f8acc22","root.record.ItemExhibitList.P5Item.CostElementCategoryList.Launch.Recurring.CostElementList.CostElement.ManufacturerList.Manufacturer.HistoryPlanningList.HistoryPlanning"
"2015-09","1","2015-BASE_PROCUREMENT-2015-AIRFORCE_MISSILE-PROCUREMENT_MasterJustificationBook_Air_Force_PB_2015.zzz_unzipped-PROCUREMENT_MasterJustificationBook_Air_Force_PB_2015.xml","3abf8b64467cbed6c01c156005d72134c5ac025da35c8ec98beeec4ffadf8568","3-fe16dbe1eeb5311612c6a05b5855258a829f30aafdb44b24accc7a88852aac5f","0-e098c7d52f10f69f812327e10955adca4172feb13793474793117af78f8acc22","root.record.ItemExhibitList.P5Item.CostElementCategoryList.Launch.Recurring.CostElementList.CostElement.ManufacturerList.Manufacturer.HistoryPlanningList.HistoryPlanning"
"2016-10","3","2015-BASE_PROCUREMENT-2015-AIRFORCE_MISSILE-PROCUREMENT_MasterJustificationBook_Air_Force_PB_2015.zzz_unzipped-PROCUREMENT_MasterJustificationBook_Air_Force_PB_2015.xml","3abf8b64467cbed6c01c156005d72134c5ac025da35c8ec98beeec4ffadf8568","0-0e1fbd7aebf09a2109c5e468283d5be40e81bae3eb8f549a946ae80f6e38ce51","0-001744629611f220fd267befbd3b6e65b7f6b5e785718ec242716429e90098a5","root.record.ItemExhibitList.P5Item.CostElementCategoryList.Launch.Recurring.CostElementList.CostElement.ManufacturerList.Manufacturer.HistoryPlanningList.HistoryPlanning"
"2017-10","4","2015-BASE_PROCUREMENT-2015-AIRFORCE_MISSILE-PROCUREMENT_MasterJustificationBook_Air_Force_PB_2015.zzz_unzipped-PROCUREMENT_MasterJustificationBook_Air_Force_PB_2015.xml","3abf8b64467cbed6c01c156005d72134c5ac025da35c8ec98beeec4ffadf8568","0-0a28324a6951c3f8892e8db02367d7959242266c3d7390c23fe52afd0792bcc0","1-84a429ba5aefaba4794cf3162b9ab6b01d1c02bad9b4b1bfa268ce3c4da3d2bb","root.record.ItemExhibitList.P5Item.CostElementCategoryList.Launch.Recurring.CostElementList.CostElement.ManufacturerList.Manufacturer.HistoryPlanningList.HistoryPlanning"
"2018-10","5","2015-BASE_PROCUREMENT-2015-AIRFORCE_MISSILE-PROCUREMENT_MasterJustificationBook_Air_Force_PB_2015.zzz_unzipped-PROCUREMENT_MasterJustificationBook_Air_Force_PB_2015.xml","3abf8b64467cbed6c01c156005d72134c5ac025da35c8ec98beeec4ffadf8568","0-96d4fe14cf71a08aaeee50fd3cf5718e93cc3210ee36fbbb7ef22b14d508d104","2-b6e160d8e183c935d342e6c57d0c20803e06f4257784e9a710ff898fac195994","root.record.ItemExhibitList.P5Item.CostElementCategoryList.Launch.Recurring.CostElementList.CostElement.ManufacturerList.Manufacturer.HistoryPlanningList.HistoryPlanning"
"2019-10","4","2015-BASE_PROCUREMENT-2015-AIRFORCE_MISSILE-PROCUREMENT_MasterJustificationBook_Air_Force_PB_2015.zzz_unzipped-PROCUREMENT_MasterJustificationBook_Air_Force_PB_2015.xml","3abf8b64467cbed6c01c156005d72134c5ac025da35c8ec98beeec4ffadf8568","0-2e3443e4268f26130b23094df5cdab73d31d7d8dfa3afc936c1540c465e80560","0-3dfa3e0f49aefbcf47b87ea193351222e45c6fe7c8613cfb628ec34d4d8936ba","root.record.ItemExhibitList.P5Item.CostElementCategoryList.Launch.Recurring.CostElementList.CostElement.ManufacturerList.Manufacturer.HistoryPlanningList.HistoryPlanning"
"2020-10","5","2015-BASE_PROCUREMENT-2015-AIRFORCE_MISSILE-PROCUREMENT_MasterJustificationBook_Air_Force_PB_2015.zzz_unzipped-PROCUREMENT_MasterJustificationBook_Air_Force_PB_2015.xml","3abf8b64467cbed6c01c156005d72134c5ac025da35c8ec98beeec4ffadf8568","0-4d0cb603798fe1ee4f3d071f2e6634120169a82e69b3040f08945c0ca73044c6","1-ed2be84b9c8307783bdbf726313d6326c1429973db56a26e33168c3d40f0bd14","root.record.ItemExhibitList.P5Item.CostElementCategoryList.Launch.Recurring.CostElementList.CostElement.ManufacturerList.Manufacturer.HistoryPlanningList.HistoryPlanning"
"2014-01","2","2016-BASE_PROCUREMENT-2016-AIRFORCE_MISSILE-PROCUREMENT_JustificationBook_Air_Force_PB_2016.zzz_unzipped-PROCUREMENT_JustificationBook_Air_Force_PB_2016.xml","cf8925d65bd63fdedf24ce17755069f37593cef7cbbe4aeacd94a8f5b6fd690f","0-03d0632406660c43ce7785a2460109a0509738e1d630670a03703f55680b297e","0-2ded2b5d9fd4ccfddba55a4760d7b96472baac5abe5053faebaab669aa0f3bf8","root.record.ItemExhibitList.P5Item.CostElementCategoryList.Launch.Recurring.CostElementList.CostElement.ManufacturerList.Manufacturer.HistoryPlanningList.HistoryPlanning"
"2014-10","1","2016-BASE_PROCUREMENT-2016-AIRFORCE_MISSILE-PROCUREMENT_JustificationBook_Air_Force_PB_2016.zzz_unzipped-PROCUREMENT_JustificationBook_Air_Force_PB_2016.xml","cf8925d65bd63fdedf24ce17755069f37593cef7cbbe4aeacd94a8f5b6fd690f","1-e47c1cb8539dc99dd02d2ae72359dc35409896c1ac2ae4f5fdf20ce0a7b70033","0-2ded2b5d9fd4ccfddba55a4760d7b96472baac5abe5053faebaab669aa0f3bf8","root.record.ItemExhibitList.P5Item.CostElementCategoryList.Launch.Recurring.CostElementList.CostElement.ManufacturerList.Manufacturer.HistoryPlanningList.HistoryPlanning"
"2016-04","1","2016-BASE_PROCUREMENT-2016-AIRFORCE_MISSILE-PROCUREMENT_JustificationBook_Air_Force_PB_2016.zzz_unzipped-PROCUREMENT_JustificationBook_Air_Force_PB_2016.xml","cf8925d65bd63fdedf24ce17755069f37593cef7cbbe4aeacd94a8f5b6fd690f","2-3791517ceb8ea876f9dbc27cfb9b0b013d57aa8c61d020dd73ce64b5ed651735","0-2ded2b5d9fd4ccfddba55a4760d7b96472baac5abe5053faebaab669aa0f3bf8","root.record.ItemExhibitList.P5Item.CostElementCategoryList.Launch.Recurring.CostElementList.CostElement.ManufacturerList.Manufacturer.HistoryPlanningList.HistoryPlanning"
"2016-08","1","2016-BASE_PROCUREMENT-2016-AIRFORCE_MISSILE-PROCUREMENT_JustificationBook_Air_Force_PB_2016.zzz_unzipped-PROCUREMENT_JustificationBook_Air_Force_PB_2016.xml","cf8925d65bd63fdedf24ce17755069f37593cef7cbbe4aeacd94a8f5b6fd690f","3-02eeff9135f533ab7ae9a902f42cd344779f0183cf0282b89df1c99ee5e43c7b","0-2ded2b5d9fd4ccfddba55a4760d7b96472baac5abe5053faebaab669aa0f3bf8","root.record.ItemExhibitList.P5Item.CostElementCategoryList.Launch.Recurring.CostElementList.CostElement.ManufacturerList.Manufacturer.HistoryPlanningList.HistoryPlanning"
"2014-10","2","2016-BASE_PROCUREMENT-2016-AIRFORCE_MISSILE-PROCUREMENT_JustificationBook_Air_Force_PB_2016.zzz_unzipped-PROCUREMENT_JustificationBook_Air_Force_PB_2016.xml","cf8925d65bd63fdedf24ce17755069f37593cef7cbbe4aeacd94a8f5b6fd690f","0-5ad2620a0b726645c7ef7bf075ba154020d6630ab5659cda66b6d3702cd9cba8","0-6256571d5b24504b2372c99b4f1ddb8b7c7fc1a486d21d9e7674f5f7c12ee364","root.record.ItemExhibitList.P5Item.CostElementCategoryList.Launch.Recurring.CostElementList.CostElement.ManufacturerList.Manufacturer.HistoryPlanningList.HistoryPlanning"
"2015-10","2","2016-BASE_PROCUREMENT-2016-AIRFORCE_MISSILE-PROCUREMENT_JustificationBook_Air_Force_PB_2016.zzz_unzipped-PROCUREMENT_JustificationBook_Air_Force_PB_2016.xml","cf8925d65bd63fdedf24ce17755069f37593cef7cbbe4aeacd94a8f5b6fd690f","1-0ce3c087d648ba6ee993a9b08f8111a61089ec3d9177270b93cb510200eb2389","0-6256571d5b24504b2372c99b4f1ddb8b7c7fc1a486d21d9e7674f5f7c12ee364","root.record.ItemExhibitList.P5Item.CostElementCategoryList.Launch.Recurring.CostElementList.CostElement.ManufacturerList.Manufacturer.HistoryPlanningList.HistoryPlanning"
"2015-12","4","2016-BASE_PROCUREMENT-2016-AIRFORCE_MISSILE-PROCUREMENT_JustificationBook_Air_Force_PB_2016.zzz_unzipped-PROCUREMENT_JustificationBook_Air_Force_PB_2016.xml","cf8925d65bd63fdedf24ce17755069f37593cef7cbbe4aeacd94a8f5b6fd690f","0-d90c8d3f73d4afd42b5599234240be8c38c63f3c8a9bb7457fc71e6f07491365","0-9a6090a2c9522515b386c01ece0873bbe10b4969d44473cfabc188ffc05ad0c0","root.record.ItemExhibitList.P5Item.CostElementCategoryList.Launch.Recurring.CostElementList.CostElement.ManufacturerList.Manufacturer.HistoryPlanningList.HistoryPlanning"
"2016-06","1","2016-BASE_PROCUREMENT-2016-AIRFORCE_MISSILE-PROCUREMENT_JustificationBook_Air_Force_PB_2016.zzz_unzipped-PROCUREMENT_JustificationBook_Air_Force_PB_2016.xml","cf8925d65bd63fdedf24ce17755069f37593cef7cbbe4aeacd94a8f5b6fd690f","1-af20160aa0676802e93e9194fe66add9ced5d5f08fadae9f034ad4d6f57ae125","0-9a6090a2c9522515b386c01ece0873bbe10b4969d44473cfabc188ffc05ad0c0","root.record.ItemExhibitList.P5Item.CostElementCategoryList.Launch.Recurring.CostElementList.CostElement.ManufacturerList.Manufacturer.HistoryPlanningList.HistoryPlanning"
"2017-01","2","2016-BASE_PROCUREMENT-2016-AIRFORCE_MISSILE-PROCUREMENT_JustificationBook_Air_Force_PB_2016.zzz_unzipped-PROCUREMENT_JustificationBook_Air_Force_PB_2016.xml","cf8925d65bd63fdedf24ce17755069f37593cef7cbbe4aeacd94a8f5b6fd690f","0-f0c15978aca37d6c6831efebb4420f7258ba9212ed4a45a6de806f8433914a06","0-db5dc2aaec8b1dcd59d7241ce3b3983012abe18d195e4abc7c9abfaeac180fc0","root.record.ItemExhibitList.P5Item.CostElementCategoryList.Launch.Recurring.CostElementList.CostElement.ManufacturerList.Manufacturer.HistoryPlanningList.HistoryPlanning"
"2017-05","2","2016-BASE_PROCUREMENT-2016-AIRFORCE_MISSILE-PROCUREMENT_JustificationBook_Air_Force_PB_2016.zzz_unzipped-PROCUREMENT_JustificationBook_Air_Force_PB_2016.xml","cf8925d65bd63fdedf24ce17755069f37593cef7cbbe4aeacd94a8f5b6fd690f","1-d605bfe7645218ce1856455d910ff9b1652468bd25f60babf8e0a9f1e1be8a28","0-db5dc2aaec8b1dcd59d7241ce3b3983012abe18d195e4abc7c9abfaeac180fc0","root.record.ItemExhibitList.P5Item.CostElementCategoryList.Launch.Recurring.CostElementList.CostElement.ManufacturerList.Manufacturer.HistoryPlanningList.HistoryPlanning"
"2014-01","2","2016-BASE_PROCUREMENT-2016-AIRFORCE_MISSILE-PROCUREMENT_MasterJustificationBook_Air_Force_PB_2016.zzz_unzipped-PROCUREMENT_MasterJustificationBook_Air_Force_PB_2016.xml","939818d19b159c135335fe081effefc55291969edf99d66feedb0e0d81b54846","0-02f270f750ce372846cc8589142d291e137fb0b981541eed8e4b23e3a33b4cea","0-34c3ed9dffe51d4756df90bcbcc936a300693ca9f2b4e097153d22a381140ce7","root.record.ItemExhibitList.P5Item.CostElementCategoryList.Launch.Recurring.CostElementList.CostElement.ManufacturerList.Manufacturer.HistoryPlanningList.HistoryPlanning"
"2014-10","1","2016-BASE_PROCUREMENT-2016-AIRFORCE_MISSILE-PROCUREMENT_MasterJustificationBook_Air_Force_PB_2016.zzz_unzipped-PROCUREMENT_MasterJustificationBook_Air_Force_PB_2016.xml","939818d19b159c135335fe081effefc55291969edf99d66feedb0e0d81b54846","1-3074d2bb03fb668ab41b33238a9a5c6a86636bfd78383c83693ac171cc6e7325","0-34c3ed9dffe51d4756df90bcbcc936a300693ca9f2b4e097153d22a381140ce7","root.record.ItemExhibitList.P5Item.CostElementCategoryList.Launch.Recurring.CostElementList.CostElement.ManufacturerList.Manufacturer.HistoryPlanningList.HistoryPlanning"
"2016-04","1","2016-BASE_PROCUREMENT-2016-AIRFORCE_MISSILE-PROCUREMENT_MasterJustificationBook_Air_Force_PB_2016.zzz_unzipped-PROCUREMENT_MasterJustificationBook_Air_Force_PB_2016.xml","939818d19b159c135335fe081effefc55291969edf99d66feedb0e0d81b54846","2-7dc002cf02ae2ae9957df3e03b2950c1a5a66997ae904a11c45e2545d7df7ead","0-34c3ed9dffe51d4756df90bcbcc936a300693ca9f2b4e097153d22a381140ce7","root.record.ItemExhibitList.P5Item.CostElementCategoryList.Launch.Recurring.CostElementList.CostElement.ManufacturerList.Manufacturer.HistoryPlanningList.HistoryPlanning"
"2016-08","1","2016-BASE_PROCUREMENT-2016-AIRFORCE_MISSILE-PROCUREMENT_MasterJustificationBook_Air_Force_PB_2016.zzz_unzipped-PROCUREMENT_MasterJustificationBook_Air_Force_PB_2016.xml","939818d19b159c135335fe081effefc55291969edf99d66feedb0e0d81b54846","3-6ac9ec3fe6af395df4a72322c44a4e21173e1306d2a8c8155a305426c436dec2","0-34c3ed9dffe51d4756df90bcbcc936a300693ca9f2b4e097153d22a381140ce7","root.record.ItemExhibitList.P5Item.CostElementCategoryList.Launch.Recurring.CostElementList.CostElement.ManufacturerList.Manufacturer.HistoryPlanningList.HistoryPlanning"
"2014-10","2","2016-BASE_PROCUREMENT-2016-AIRFORCE_MISSILE-PROCUREMENT_MasterJustificationBook_Air_Force_PB_2016.zzz_unzipped-PROCUREMENT_MasterJustificationBook_Air_Force_PB_2016.xml","939818d19b159c135335fe081effefc55291969edf99d66feedb0e0d81b54846","0-f0fb5331a493364f3fd5b311768838fe15573f56047c1b122c76948f5b5c8894","0-5fa1b339bf5444edbe11d0119a9da028e8d3c803330806ffc944c1447d879e12","root.record.ItemExhibitList.P5Item.CostElementCategoryList.Launch.Recurring.CostElementList.CostElement.ManufacturerList.Manufacturer.HistoryPlanningList.HistoryPlanning"
"2015-10","2","2016-BASE_PROCUREMENT-2016-AIRFORCE_MISSILE-PROCUREMENT_MasterJustificationBook_Air_Force_PB_2016.zzz_unzipped-PROCUREMENT_MasterJustificationBook_Air_Force_PB_2016.xml","939818d19b159c135335fe081effefc55291969edf99d66feedb0e0d81b54846","1-bcce56d281a9925ddc9b4b2139578b49cea27528075e316fda1c6252e7153f75","0-5fa1b339bf5444edbe11d0119a9da028e8d3c803330806ffc944c1447d879e12","root.record.ItemExhibitList.P5Item.CostElementCategoryList.Launch.Recurring.CostElementList.CostElement.ManufacturerList.Manufacturer.HistoryPlanningList.HistoryPlanning"
"2015-12","4","2016-BASE_PROCUREMENT-2016-AIRFORCE_MISSILE-PROCUREMENT_MasterJustificationBook_Air_Force_PB_2016.zzz_unzipped-PROCUREMENT_MasterJustificationBook_Air_Force_PB_2016.xml","939818d19b159c135335fe081effefc55291969edf99d66feedb0e0d81b54846","0-c1801963077f07605ecfac9f54f173d1e36dda8212d3aff340a5a9b85596aa8b","0-10cb70c52dbc774d43db1a9fba975228f8471b4f0dbdcb985351850e34ac27da","root.record.ItemExhibitList.P5Item.CostElementCategoryList.Launch.Recurring.CostElementList.CostElement.ManufacturerList.Manufacturer.HistoryPlanningList.HistoryPlanning"
"2016-06","1","2016-BASE_PROCUREMENT-2016-AIRFORCE_MISSILE-PROCUREMENT_MasterJustificationBook_Air_Force_PB_2016.zzz_unzipped-PROCUREMENT_MasterJustificationBook_Air_Force_PB_2016.xml","939818d19b159c135335fe081effefc55291969edf99d66feedb0e0d81b54846","1-e43a18294c0beaeeff4715d940975d0026307b3dc3e747fd3bdf5a8c1bbd8c10","0-10cb70c52dbc774d43db1a9fba975228f8471b4f0dbdcb985351850e34ac27da","root.record.ItemExhibitList.P5Item.CostElementCategoryList.Launch.Recurring.CostElementList.CostElement.ManufacturerList.Manufacturer.HistoryPlanningList.HistoryPlanning"
"2017-01","2","2016-BASE_PROCUREMENT-2016-AIRFORCE_MISSILE-PROCUREMENT_MasterJustificationBook_Air_Force_PB_2016.zzz_unzipped-PROCUREMENT_MasterJustificationBook_Air_Force_PB_2016.xml","939818d19b159c135335fe081effefc55291969edf99d66feedb0e0d81b54846","0-c59a1f03eff8b3328a46a13ac62669a741844c45609de7808e5a67b553ff9e46","0-db44862c9c53cf151f57091e21ecb18ce3377a00ae1705887aa5f9d258db3854","root.record.ItemExhibitList.P5Item.CostElementCategoryList.Launch.Recurring.CostElementList.CostElement.ManufacturerList.Manufacturer.HistoryPlanningList.HistoryPlanning"
"2017-05","2","2016-BASE_PROCUREMENT-2016-AIRFORCE_MISSILE-PROCUREMENT_MasterJustificationBook_Air_Force_PB_2016.zzz_unzipped-PROCUREMENT_MasterJustificationBook_Air_Force_PB_2016.xml","939818d19b159c135335fe081effefc55291969edf99d66feedb0e0d81b54846","1-7812202012ee154bac5e1f158e826341e58a8f0cb546d74b8eff0370616687f9","0-db44862c9c53cf151f57091e21ecb18ce3377a00ae1705887aa5f9d258db3854","root.record.ItemExhibitList.P5Item.CostElementCategoryList.Launch.Recurring.CostElementList.CostElement.ManufacturerList.Manufacturer.HistoryPlanningList.HistoryPlanning"
"2017-12","5","2016-BASE_PROCUREMENT-2016-AIRFORCE_SPACE-PROCUREMENT_JustificationBook_Air_Force_PB_2016.zzz_unzipped-PROCUREMENT_JustificationBook_Air_Force_PB_2016.xml","7a2d660364617df9c4864dac6ccd860e0aa8b3a898565771e1e333f1544053e7","0-f6aa4bf8e497b27c64e78567f8349852c5f861f8f7e182d5d8d255fc1cbd78c1","0-bdb560267475b1f8c430d3c92050efde33938d5dd0d7a6c9dba976cc54dd8a6c","root.record.ItemExhibitList.P5Item.CostElementCategoryList.Launch.Recurring.CostElementList.CostElement.ManufacturerList.Manufacturer.HistoryPlanningList.HistoryPlanning"
"2018-12","5","2016-BASE_PROCUREMENT-2016-AIRFORCE_SPACE-PROCUREMENT_JustificationBook_Air_Force_PB_2016.zzz_unzipped-PROCUREMENT_JustificationBook_Air_Force_PB_2016.xml","7a2d660364617df9c4864dac6ccd860e0aa8b3a898565771e1e333f1544053e7","0-131a0918630dc720e3a5a9b248f1ab969326bcd9a16fee0cc6413cf5064a0edf","0-3800a56605824f1e814d032c96a14902b4a38bfe35ff834a75f8848fb37ed383","root.record.ItemExhibitList.P5Item.CostElementCategoryList.Launch.Recurring.CostElementList.CostElement.ManufacturerList.Manufacturer.HistoryPlanningList.HistoryPlanning"
"2019-12","4","2016-BASE_PROCUREMENT-2016-AIRFORCE_SPACE-PROCUREMENT_JustificationBook_Air_Force_PB_2016.zzz_unzipped-PROCUREMENT_JustificationBook_Air_Force_PB_2016.xml","7a2d660364617df9c4864dac6ccd860e0aa8b3a898565771e1e333f1544053e7","0-942701369a5894109daedfbedb1912cf91dd129d9d5d3c75276faf35d1003727","0-aa32aeb9b651ecfc238b79611b01244523753627f3408148b375ca13f9d4b55e","root.record.ItemExhibitList.P5Item.CostElementCategoryList.Launch.Recurring.CostElementList.CostElement.ManufacturerList.Manufacturer.HistoryPlanningList.HistoryPlanning"
"2020-12","5","2016-BASE_PROCUREMENT-2016-AIRFORCE_SPACE-PROCUREMENT_JustificationBook_Air_Force_PB_2016.zzz_unzipped-PROCUREMENT_JustificationBook_Air_Force_PB_2016.xml","7a2d660364617df9c4864dac6ccd860e0aa8b3a898565771e1e333f1544053e7","0-999e6eccdbec3c12a1d564074893d4af12966398345a40d6109c7d0283acc4d9","1-157ced53e0426f1ac5cb3139377015b1af7c543faf4edba291ab39ad01660aae","root.record.ItemExhibitList.P5Item.CostElementCategoryList.Launch.Recurring.CostElementList.CostElement.ManufacturerList.Manufacturer.HistoryPlanningList.HistoryPlanning"
"2021-12","5","2016-BASE_PROCUREMENT-2016-AIRFORCE_SPACE-PROCUREMENT_JustificationBook_Air_Force_PB_2016.zzz_unzipped-PROCUREMENT_JustificationBook_Air_Force_PB_2016.xml","7a2d660364617df9c4864dac6ccd860e0aa8b3a898565771e1e333f1544053e7","0-2071ae1caf0c38398521052e77c243e962327bb9a9f8510cc6f3008e9fcbf507","2-e21e72774a3e4548f2f24ee3beed0ec23bef46b64c6d31f45e565ddf3f8e6c7d","root.record.ItemExhibitList.P5Item.CostElementCategoryList.Launch.Recurring.CostElementList.CostElement.ManufacturerList.Manufacturer.HistoryPlanningList.HistoryPlanning"
"2017-12","5","2016-BASE_PROCUREMENT-2016-AIRFORCE_SPACE-PROCUREMENT_MasterJustificationBook_Air_Force_PB_2016.zzz_unzipped-PROCUREMENT_MasterJustificationBook_Air_Force_PB_2016.xml","e74c5625e1731a9bfe9f4efe680292d976b26eee481f576bfc724d2c763e55fb","0-1a5bada7fdd48b879c04b067c1910cb27eab3b6d0b2e994a133f61b38394425c","0-549d16ce383422903f762ef089354018330751b697346ad8b0ddaaf5406dac24","root.record.ItemExhibitList.P5Item.CostElementCategoryList.Launch.Recurring.CostElementList.CostElement.ManufacturerList.Manufacturer.HistoryPlanningList.HistoryPlanning"
"2018-12","5","2016-BASE_PROCUREMENT-2016-AIRFORCE_SPACE-PROCUREMENT_MasterJustificationBook_Air_Force_PB_2016.zzz_unzipped-PROCUREMENT_MasterJustificationBook_Air_Force_PB_2016.xml","e74c5625e1731a9bfe9f4efe680292d976b26eee481f576bfc724d2c763e55fb","0-702e6a554a9a5bb63f707a8caf61e24c6600cc9e976a5856d18485693cdcc86a","0-bb1a191c25b82b21a253562418bf655816a77b130f482a62bbb2ab33ffd7a831","root.record.ItemExhibitList.P5Item.CostElementCategoryList.Launch.Recurring.CostElementList.CostElement.ManufacturerList.Manufacturer.HistoryPlanningList.HistoryPlanning"
"2019-12","4","2016-BASE_PROCUREMENT-2016-AIRFORCE_SPACE-PROCUREMENT_MasterJustificationBook_Air_Force_PB_2016.zzz_unzipped-PROCUREMENT_MasterJustificationBook_Air_Force_PB_2016.xml","e74c5625e1731a9bfe9f4efe680292d976b26eee481f576bfc724d2c763e55fb","0-08175c085c92d8a52e76fad686ac603b7f3c5adddeddc264078fc6a4ba01567a","0-28202e6a8bc707f285e08dd860d7e9130f5196e5b2294f9eb37d6a33ae4eace4","root.record.ItemExhibitList.P5Item.CostElementCategoryList.Launch.Recurring.CostElementList.CostElement.ManufacturerList.Manufacturer.HistoryPlanningList.HistoryPlanning"
"2020-12","5","2016-BASE_PROCUREMENT-2016-AIRFORCE_SPACE-PROCUREMENT_MasterJustificationBook_Air_Force_PB_2016.zzz_unzipped-PROCUREMENT_MasterJustificationBook_Air_Force_PB_2016.xml","e74c5625e1731a9bfe9f4efe680292d976b26eee481f576bfc724d2c763e55fb","0-d309e9eebf79a497e9b9c4fad8b52266891d5ef425fb9eac86a009ceb6ddd455","1-25798421b691c2edbbc98785c0859946052fe60d2d9280f3e246f22c1d427b50","root.record.ItemExhibitList.P5Item.CostElementCategoryList.Launch.Recurring.CostElementList.CostElement.ManufacturerList.Manufacturer.HistoryPlanningList.HistoryPlanning"
"2021-12","5","2016-BASE_PROCUREMENT-2016-AIRFORCE_SPACE-PROCUREMENT_MasterJustificationBook_Air_Force_PB_2016.zzz_unzipped-PROCUREMENT_MasterJustificationBook_Air_Force_PB_2016.xml","e74c5625e1731a9bfe9f4efe680292d976b26eee481f576bfc724d2c763e55fb","0-ff5ffcb115849e62df4982205ae8968998d9a05f70c5f6789cced3941d87514a","2-1b72557257a1ed5fdea03a3b32642e3070d78382fdf6d3e439016faad1c568cd","root.record.ItemExhibitList.P5Item.CostElementCategoryList.Launch.Recurring.CostElementList.CostElement.ManufacturerList.Manufacturer.HistoryPlanningList.HistoryPlanning"
"2014-01","2","2017-BASE_PROCUREMENT-2017-AIRFORCE_MISSILE-U_PROCUREMENT_JustificationBook_Air_Force_PB_2017.zzz_unzipped-U_PROCUREMENT_JustificationBook_Air_Force_PB_2017.xml","1eb519244af6b52f585c68b446dd7d32bfe9132b3a808e75d418f71c32a68e95","0-dc443126b27b9851c2b7510b3c9f68b898ebe079267656a564a4d85f28de8946","0-cdf464c3e5f70caa34270a8507a9c15ef4a60556e3aa43dee5fc893ef15c5e51","root.record.ItemExhibitList.P5Item.CostElementCategoryList.Launch.Recurring.CostElementList.CostElement.ManufacturerList.Manufacturer.HistoryPlanningList.HistoryPlanning"
"2014-10","1","2017-BASE_PROCUREMENT-2017-AIRFORCE_MISSILE-U_PROCUREMENT_JustificationBook_Air_Force_PB_2017.zzz_unzipped-U_PROCUREMENT_JustificationBook_Air_Force_PB_2017.xml","1eb519244af6b52f585c68b446dd7d32bfe9132b3a808e75d418f71c32a68e95","1-735426cd2cb22761f7a913ff3868c5c07e54dbaa60e32b912127c199053511ff","0-cdf464c3e5f70caa34270a8507a9c15ef4a60556e3aa43dee5fc893ef15c5e51","root.record.ItemExhibitList.P5Item.CostElementCategoryList.Launch.Recurring.CostElementList.CostElement.ManufacturerList.Manufacturer.HistoryPlanningList.HistoryPlanning"
"2016-04","1","2017-BASE_PROCUREMENT-2017-AIRFORCE_MISSILE-U_PROCUREMENT_JustificationBook_Air_Force_PB_2017.zzz_unzipped-U_PROCUREMENT_JustificationBook_Air_Force_PB_2017.xml","1eb519244af6b52f585c68b446dd7d32bfe9132b3a808e75d418f71c32a68e95","2-fb14ee5db7e6fd54367b0935a2c09a90c74641d971c61dc344aea6854dcc9aeb","0-cdf464c3e5f70caa34270a8507a9c15ef4a60556e3aa43dee5fc893ef15c5e51","root.record.ItemExhibitList.P5Item.CostElementCategoryList.Launch.Recurring.CostElementList.CostElement.ManufacturerList.Manufacturer.HistoryPlanningList.HistoryPlanning"
"2016-08","1","2017-BASE_PROCUREMENT-2017-AIRFORCE_MISSILE-U_PROCUREMENT_JustificationBook_Air_Force_PB_2017.zzz_unzipped-U_PROCUREMENT_JustificationBook_Air_Force_PB_2017.xml","1eb519244af6b52f585c68b446dd7d32bfe9132b3a808e75d418f71c32a68e95","3-b20400a81c4659804824b6a82113f6c660946cbc9d57b86c9b4d9e427fb0b1f2","0-cdf464c3e5f70caa34270a8507a9c15ef4a60556e3aa43dee5fc893ef15c5e51","root.record.ItemExhibitList.P5Item.CostElementCategoryList.Launch.Recurring.CostElementList.CostElement.ManufacturerList.Manufacturer.HistoryPlanningList.HistoryPlanning"
"2014-10","2","2017-BASE_PROCUREMENT-2017-AIRFORCE_MISSILE-U_PROCUREMENT_JustificationBook_Air_Force_PB_2017.zzz_unzipped-U_PROCUREMENT_JustificationBook_Air_Force_PB_2017.xml","1eb519244af6b52f585c68b446dd7d32bfe9132b3a808e75d418f71c32a68e95","0-b3a4842670c9326c2f2c9669c8b580ee36309c90d0c58113b8516cbe29031015","0-68a888e0be46eac9f9b31f41cbff9bb18a9cf39c854b9006d0654459ab6a1f4c","root.record.ItemExhibitList.P5Item.CostElementCategoryList.Launch.Recurring.CostElementList.CostElement.ManufacturerList.Manufacturer.HistoryPlanningList.HistoryPlanning"
"2015-10","2","2017-BASE_PROCUREMENT-2017-AIRFORCE_MISSILE-U_PROCUREMENT_JustificationBook_Air_Force_PB_2017.zzz_unzipped-U_PROCUREMENT_JustificationBook_Air_Force_PB_2017.xml","1eb519244af6b52f585c68b446dd7d32bfe9132b3a808e75d418f71c32a68e95","1-8854201e20d87ac0721d0900a2877281250ee1e5f1f0033d5f38def397340a73","0-68a888e0be46eac9f9b31f41cbff9bb18a9cf39c854b9006d0654459ab6a1f4c","root.record.ItemExhibitList.P5Item.CostElementCategoryList.Launch.Recurring.CostElementList.CostElement.ManufacturerList.Manufacturer.HistoryPlanningList.HistoryPlanning"
"2015-12","4","2017-BASE_PROCUREMENT-2017-AIRFORCE_MISSILE-U_PROCUREMENT_JustificationBook_Air_Force_PB_2017.zzz_unzipped-U_PROCUREMENT_JustificationBook_Air_Force_PB_2017.xml","1eb519244af6b52f585c68b446dd7d32bfe9132b3a808e75d418f71c32a68e95","0-8547a13f5335eefecf6d581fb63ba14aa4f5ae1f17dcd22c62c937a3ad0d2985","0-486f0094e7d87ba0e6910554a2cc7b161cafd017f6b7215959f91bf4651ae884","root.record.ItemExhibitList.P5Item.CostElementCategoryList.Launch.Recurring.CostElementList.CostElement.ManufacturerList.Manufacturer.HistoryPlanningList.HistoryPlanning"
"2016-06","1","2017-BASE_PROCUREMENT-2017-AIRFORCE_MISSILE-U_PROCUREMENT_JustificationBook_Air_Force_PB_2017.zzz_unzipped-U_PROCUREMENT_JustificationBook_Air_Force_PB_2017.xml","1eb519244af6b52f585c68b446dd7d32bfe9132b3a808e75d418f71c32a68e95","1-c32fb9028dee8b68e0b8db6a2e4b35f3afbaf2f1b0110c5271fd71e537023c17","0-486f0094e7d87ba0e6910554a2cc7b161cafd017f6b7215959f91bf4651ae884","root.record.ItemExhibitList.P5Item.CostElementCategoryList.Launch.Recurring.CostElementList.CostElement.ManufacturerList.Manufacturer.HistoryPlanningList.HistoryPlanning"
"2017-01","2","2017-BASE_PROCUREMENT-2017-AIRFORCE_MISSILE-U_PROCUREMENT_JustificationBook_Air_Force_PB_2017.zzz_unzipped-U_PROCUREMENT_JustificationBook_Air_Force_PB_2017.xml","1eb519244af6b52f585c68b446dd7d32bfe9132b3a808e75d418f71c32a68e95","0-c96d540eb1e6f7212d20b76a427df03b5b71581fd70426ab896268f02278469f","0-a78fd2455e8e3bd558aafb184a056bd6d906192a0ac54ea01f6922b0cfd7f31b","root.record.ItemExhibitList.P5Item.CostElementCategoryList.Launch.Recurring.CostElementList.CostElement.ManufacturerList.Manufacturer.HistoryPlanningList.HistoryPlanning"
"2018-03","2","2017-BASE_PROCUREMENT-2017-AIRFORCE_MISSILE-U_PROCUREMENT_JustificationBook_Air_Force_PB_2017.zzz_unzipped-U_PROCUREMENT_JustificationBook_Air_Force_PB_2017.xml","1eb519244af6b52f585c68b446dd7d32bfe9132b3a808e75d418f71c32a68e95","1-e78389478f59db24256944b3fd6f78f31e23ab79a7fa39d4fe3096e78220ea03","0-a78fd2455e8e3bd558aafb184a056bd6d906192a0ac54ea01f6922b0cfd7f31b","root.record.ItemExhibitList.P5Item.CostElementCategoryList.Launch.Recurring.CostElementList.CostElement.ManufacturerList.Manufacturer.HistoryPlanningList.HistoryPlanning"
"2014-01","2","2017-BASE_PROCUREMENT-2017-AIRFORCE_MISSILE-U_PROCUREMENT_MasterJustificationBook_Air_Force_PB_2017.zzz_unzipped-U_PROCUREMENT_MasterJustificationBook_Air_Force_PB_2017.xml","0aaff7f9fbc97457e9ac7628aca63d803f4f49d5d154173563fad4699056f5e8","0-c41633058b6a6848ce2a74c1743ff0a67359ca272bc626586239f69631bab553","0-72590bb71916b4c91a7daf44251edb2b32bf33afda8adcdf14640cc5f4a6f175","root.record.ItemExhibitList.P5Item.CostElementCategoryList.Launch.Recurring.CostElementList.CostElement.ManufacturerList.Manufacturer.HistoryPlanningList.HistoryPlanning"
"2014-10","1","2017-BASE_PROCUREMENT-2017-AIRFORCE_MISSILE-U_PROCUREMENT_MasterJustificationBook_Air_Force_PB_2017.zzz_unzipped-U_PROCUREMENT_MasterJustificationBook_Air_Force_PB_2017.xml","0aaff7f9fbc97457e9ac7628aca63d803f4f49d5d154173563fad4699056f5e8","1-78cddf5f9ecadf763146cc60c4c40f3454208b38e1e9f1abec36a2407a063255","0-72590bb71916b4c91a7daf44251edb2b32bf33afda8adcdf14640cc5f4a6f175","root.record.ItemExhibitList.P5Item.CostElementCategoryList.Launch.Recurring.CostElementList.CostElement.ManufacturerList.Manufacturer.HistoryPlanningList.HistoryPlanning"
"2016-04","1","2017-BASE_PROCUREMENT-2017-AIRFORCE_MISSILE-U_PROCUREMENT_MasterJustificationBook_Air_Force_PB_2017.zzz_unzipped-U_PROCUREMENT_MasterJustificationBook_Air_Force_PB_2017.xml","0aaff7f9fbc97457e9ac7628aca63d803f4f49d5d154173563fad4699056f5e8","2-94d3d372d1a1833180f76cc53c9608d178d7a6374872fa69e83158b7eb3eebfa","0-72590bb71916b4c91a7daf44251edb2b32bf33afda8adcdf14640cc5f4a6f175","root.record.ItemExhibitList.P5Item.CostElementCategoryList.Launch.Recurring.CostElementList.CostElement.ManufacturerList.Manufacturer.HistoryPlanningList.HistoryPlanning"
"2016-08","1","2017-BASE_PROCUREMENT-2017-AIRFORCE_MISSILE-U_PROCUREMENT_MasterJustificationBook_Air_Force_PB_2017.zzz_unzipped-U_PROCUREMENT_MasterJustificationBook_Air_Force_PB_2017.xml","0aaff7f9fbc97457e9ac7628aca63d803f4f49d5d154173563fad4699056f5e8","3-89c8c20dac646c42bc9196e3abfe675a5cbc37575b6f84f0c755d7500ef8130a","0-72590bb71916b4c91a7daf44251edb2b32bf33afda8adcdf14640cc5f4a6f175","root.record.ItemExhibitList.P5Item.CostElementCategoryList.Launch.Recurring.CostElementList.CostElement.ManufacturerList.Manufacturer.HistoryPlanningList.HistoryPlanning"
"2014-10","2","2017-BASE_PROCUREMENT-2017-AIRFORCE_MISSILE-U_PROCUREMENT_MasterJustificationBook_Air_Force_PB_2017.zzz_unzipped-U_PROCUREMENT_MasterJustificationBook_Air_Force_PB_2017.xml","0aaff7f9fbc97457e9ac7628aca63d803f4f49d5d154173563fad4699056f5e8","0-ba57aef7d51b118ccc54d518725a7534bc9bc1364719ae5cb37204effcc7db92","0-febd31ebd4bd0017bc3735a5bf5095b56da207453a4be67c1772ddd8d42ef0f6","root.record.ItemExhibitList.P5Item.CostElementCategoryList.Launch.Recurring.CostElementList.CostElement.ManufacturerList.Manufacturer.HistoryPlanningList.HistoryPlanning"
"2015-10","2","2017-BASE_PROCUREMENT-2017-AIRFORCE_MISSILE-U_PROCUREMENT_MasterJustificationBook_Air_Force_PB_2017.zzz_unzipped-U_PROCUREMENT_MasterJustificationBook_Air_Force_PB_2017.xml","0aaff7f9fbc97457e9ac7628aca63d803f4f49d5d154173563fad4699056f5e8","1-261009dddd9e097a43bf4bcc2c2b053e41ca79c32c462118a989f91fa494bdcd","0-febd31ebd4bd0017bc3735a5bf5095b56da207453a4be67c1772ddd8d42ef0f6","root.record.ItemExhibitList.P5Item.CostElementCategoryList.Launch.Recurring.CostElementList.CostElement.ManufacturerList.Manufacturer.HistoryPlanningList.HistoryPlanning"
"2015-12","4","2017-BASE_PROCUREMENT-2017-AIRFORCE_MISSILE-U_PROCUREMENT_MasterJustificationBook_Air_Force_PB_2017.zzz_unzipped-U_PROCUREMENT_MasterJustificationBook_Air_Force_PB_2017.xml","0aaff7f9fbc97457e9ac7628aca63d803f4f49d5d154173563fad4699056f5e8","0-0d5bdb406ba51c4097b2d4245f81039f3028655569adf1fe4fc9acabf8ce18d0","0-3ef84587ccd87091c9076b083b8f72d62600d92acfd329812d7d25099e2beb53","root.record.ItemExhibitList.P5Item.CostElementCategoryList.Launch.Recurring.CostElementList.CostElement.ManufacturerList.Manufacturer.HistoryPlanningList.HistoryPlanning"
"2016-06","1","2017-BASE_PROCUREMENT-2017-AIRFORCE_MISSILE-U_PROCUREMENT_MasterJustificationBook_Air_Force_PB_2017.zzz_unzipped-U_PROCUREMENT_MasterJustificationBook_Air_Force_PB_2017.xml","0aaff7f9fbc97457e9ac7628aca63d803f4f49d5d154173563fad4699056f5e8","1-2af93ca90d2074ea2c5523d18aa1db027fc6487bdfd2e58841394df4100a898e","0-3ef84587ccd87091c9076b083b8f72d62600d92acfd329812d7d25099e2beb53","root.record.ItemExhibitList.P5Item.CostElementCategoryList.Launch.Recurring.CostElementList.CostElement.ManufacturerList.Manufacturer.HistoryPlanningList.HistoryPlanning"
"2017-01","2","2017-BASE_PROCUREMENT-2017-AIRFORCE_MISSILE-U_PROCUREMENT_MasterJustificationBook_Air_Force_PB_2017.zzz_unzipped-U_PROCUREMENT_MasterJustificationBook_Air_Force_PB_2017.xml","0aaff7f9fbc97457e9ac7628aca63d803f4f49d5d154173563fad4699056f5e8","0-da79b9edf99f2bad314d69e918ff604fd2ed88bbda4cb19cf68751743dbed740","0-fbce6263d3bf84c78a818d1f9d6387093a09ca562038192fd0e488270f050287","root.record.ItemExhibitList.P5Item.CostElementCategoryList.Launch.Recurring.CostElementList.CostElement.ManufacturerList.Manufacturer.HistoryPlanningList.HistoryPlanning"
"2018-03","2","2017-BASE_PROCUREMENT-2017-AIRFORCE_MISSILE-U_PROCUREMENT_MasterJustificationBook_Air_Force_PB_2017.zzz_unzipped-U_PROCUREMENT_MasterJustificationBook_Air_Force_PB_2017.xml","0aaff7f9fbc97457e9ac7628aca63d803f4f49d5d154173563fad4699056f5e8","1-49b0eb621774e74582621aaf2014b85a9cfe6fd90733cf3dd2bf86122f5c1bfa","0-fbce6263d3bf84c78a818d1f9d6387093a09ca562038192fd0e488270f050287","root.record.ItemExhibitList.P5Item.CostElementCategoryList.Launch.Recurring.CostElementList.CostElement.ManufacturerList.Manufacturer.HistoryPlanningList.HistoryPlanning"
"2017-12","4","2017-BASE_PROCUREMENT-2017-AIRFORCE_SPACE-U_PROCUREMENT_JustificationBook_Air_Force_PB_2017.zzz_unzipped-U_PROCUREMENT_JustificationBook_Air_Force_PB_2017.xml","ec93ed095b5ca4b931dec7bb1f726d801cfd1dfdbf02f5e7c1bf686ce7e68176","0-21e159ef2e8fdbed331f05ada1ea891b1c1d8dc28b1c682fb5786939e4730507","0-2822db3cbe14f43a5127476a88f34a8faad5fedee714f4fececf23dd225f9336","root.record.ItemExhibitList.P5Item.CostElementCategoryList.Launch.Recurring.CostElementList.CostElement.ManufacturerList.Manufacturer.HistoryPlanningList.HistoryPlanning"
"2018-12","5","2017-BASE_PROCUREMENT-2017-AIRFORCE_SPACE-U_PROCUREMENT_JustificationBook_Air_Force_PB_2017.zzz_unzipped-U_PROCUREMENT_JustificationBook_Air_Force_PB_2017.xml","ec93ed095b5ca4b931dec7bb1f726d801cfd1dfdbf02f5e7c1bf686ce7e68176","0-0e786718dacedb65b12c6c3e01b2839b80d8cac23bf5fc43cbeff8385bed0572","1-e9dcb83fd7b5bdf6b0dd8b0de9ae6c3e6522e1657fa615a323daced3e9a68290","root.record.ItemExhibitList.P5Item.CostElementCategoryList.Launch.Recurring.CostElementList.CostElement.ManufacturerList.Manufacturer.HistoryPlanningList.HistoryPlanning"
"2019-12","3","2017-BASE_PROCUREMENT-2017-AIRFORCE_SPACE-U_PROCUREMENT_JustificationBook_Air_Force_PB_2017.zzz_unzipped-U_PROCUREMENT_JustificationBook_Air_Force_PB_2017.xml","ec93ed095b5ca4b931dec7bb1f726d801cfd1dfdbf02f5e7c1bf686ce7e68176","0-ae8c8e2e6cc281bb66589110901538092612c4ba373e41fee98cb225cfee4dab","0-a2838b997505b735d0fe079898bd577380dab767a0508fa00a59ebf6a85795a5","root.record.ItemExhibitList.P5Item.CostElementCategoryList.Launch.Recurring.CostElementList.CostElement.ManufacturerList.Manufacturer.HistoryPlanningList.HistoryPlanning"
"2020-12","6","2017-BASE_PROCUREMENT-2017-AIRFORCE_SPACE-U_PROCUREMENT_JustificationBook_Air_Force_PB_2017.zzz_unzipped-U_PROCUREMENT_JustificationBook_Air_Force_PB_2017.xml","ec93ed095b5ca4b931dec7bb1f726d801cfd1dfdbf02f5e7c1bf686ce7e68176","0-7c86599c996c7d9507d54f84279c289db26c173832125da6cd05a685f73c5e63","1-c7b9310f3145c2929100b7fcc7148eea68783c65530cd7f15611bc30ad489cb1","root.record.ItemExhibitList.P5Item.CostElementCategoryList.Launch.Recurring.CostElementList.CostElement.ManufacturerList.Manufacturer.HistoryPlanningList.HistoryPlanning"
"2021-12","5","2017-BASE_PROCUREMENT-2017-AIRFORCE_SPACE-U_PROCUREMENT_JustificationBook_Air_Force_PB_2017.zzz_unzipped-U_PROCUREMENT_JustificationBook_Air_Force_PB_2017.xml","ec93ed095b5ca4b931dec7bb1f726d801cfd1dfdbf02f5e7c1bf686ce7e68176","0-a0242eb9b8bda28cf32c902ce715b8f875d0ac0998421f0967f3c55f8daee981","2-9c2d13c8b9f61ab0711aa1568e82896185041da4287f7f04a9362a43f3a50e36","root.record.ItemExhibitList.P5Item.CostElementCategoryList.Launch.Recurring.CostElementList.CostElement.ManufacturerList.Manufacturer.HistoryPlanningList.HistoryPlanning"
"2022-12","4","2017-BASE_PROCUREMENT-2017-AIRFORCE_SPACE-U_PROCUREMENT_JustificationBook_Air_Force_PB_2017.zzz_unzipped-U_PROCUREMENT_JustificationBook_Air_Force_PB_2017.xml","ec93ed095b5ca4b931dec7bb1f726d801cfd1dfdbf02f5e7c1bf686ce7e68176","0-5fed35f805f848efd03ff3264971f86d6853d932ed3cd4cc0251d7843259a71c","3-b3f393bdbda6417bb61b5932cf5064f0ad95c886917a7af0f3e73c14ee0317df","root.record.ItemExhibitList.P5Item.CostElementCategoryList.Launch.Recurring.CostElementList.CostElement.ManufacturerList.Manufacturer.HistoryPlanningList.HistoryPlanning"
"2017-12","4","2017-BASE_PROCUREMENT-2017-AIRFORCE_SPACE-U_PROCUREMENT_MasterJustificationBook_Air_Force_PB_2017.zzz_unzipped-U_PROCUREMENT_MasterJustificationBook_Air_Force_PB_2017.xml","96cd91b6f0a12ac29a5457b42901859397ea8cd74200ed2ed8fc9c97846f481d","0-91f15d95819c35ab6edf831eb26d97509150c293f260a5bb858466a3e44e9d9f","0-bd527cc26822798586adf6e25d65a1104d56bbe09624985eae75be4bf2591ea0","root.record.ItemExhibitList.P5Item.CostElementCategoryList.Launch.Recurring.CostElementList.CostElement.ManufacturerList.Manufacturer.HistoryPlanningList.HistoryPlanning"
"2018-12","5","2017-BASE_PROCUREMENT-2017-AIRFORCE_SPACE-U_PROCUREMENT_MasterJustificationBook_Air_Force_PB_2017.zzz_unzipped-U_PROCUREMENT_MasterJustificationBook_Air_Force_PB_2017.xml","96cd91b6f0a12ac29a5457b42901859397ea8cd74200ed2ed8fc9c97846f481d","0-9bea75a425a67639289c6b21495fca0cfffb247300c2298daae68838962539c2","1-1bb061e2c77519c453bfe3c55325754e1381ec97e2814ea0e7893da43d85ff21","root.record.ItemExhibitList.P5Item.CostElementCategoryList.Launch.Recurring.CostElementList.CostElement.ManufacturerList.Manufacturer.HistoryPlanningList.HistoryPlanning"
"2019-12","3","2017-BASE_PROCUREMENT-2017-AIRFORCE_SPACE-U_PROCUREMENT_MasterJustificationBook_Air_Force_PB_2017.zzz_unzipped-U_PROCUREMENT_MasterJustificationBook_Air_Force_PB_2017.xml","96cd91b6f0a12ac29a5457b42901859397ea8cd74200ed2ed8fc9c97846f481d","0-8245af877e88e6ca438a839d94e3ca6b5f14cb9e25919ad5fb97a0c22eca8736","0-16610c65f1a4d95c19c5a0608427e0028d1f7b8ca184ec282c35b1a0ad1bb566","root.record.ItemExhibitList.P5Item.CostElementCategoryList.Launch.Recurring.CostElementList.CostElement.ManufacturerList.Manufacturer.HistoryPlanningList.HistoryPlanning"
"2020-12","6","2017-BASE_PROCUREMENT-2017-AIRFORCE_SPACE-U_PROCUREMENT_MasterJustificationBook_Air_Force_PB_2017.zzz_unzipped-U_PROCUREMENT_MasterJustificationBook_Air_Force_PB_2017.xml","96cd91b6f0a12ac29a5457b42901859397ea8cd74200ed2ed8fc9c97846f481d","0-325f2adf0fbc7c507358c26b405c338eb87eb77c6f99c2b540edd33876140bc5","1-73da78c2eb51eefd299ec9eb927b1e627af0feb5add9d3a7426696cdc27c1630","root.record.ItemExhibitList.P5Item.CostElementCategoryList.Launch.Recurring.CostElementList.CostElement.ManufacturerList.Manufacturer.HistoryPlanningList.HistoryPlanning"
"2021-12","5","2017-BASE_PROCUREMENT-2017-AIRFORCE_SPACE-U_PROCUREMENT_MasterJustificationBook_Air_Force_PB_2017.zzz_unzipped-U_PROCUREMENT_MasterJustificationBook_Air_Force_PB_2017.xml","96cd91b6f0a12ac29a5457b42901859397ea8cd74200ed2ed8fc9c97846f481d","0-b06b9e1015615bbbb922fad2ed32a9a1de8c64e5c93810af09d1a03bc7183128","2-e6afb97f092d1f9027e786dbff2850bb7d491abbf1df3727728c15bba4b746fd","root.record.ItemExhibitList.P5Item.CostElementCategoryList.Launch.Recurring.CostElementList.CostElement.ManufacturerList.Manufacturer.HistoryPlanningList.HistoryPlanning"
"2022-12","4","2017-BASE_PROCUREMENT-2017-AIRFORCE_SPACE-U_PROCUREMENT_MasterJustificationBook_Air_Force_PB_2017.zzz_unzipped-U_PROCUREMENT_MasterJustificationBook_Air_Force_PB_2017.xml","96cd91b6f0a12ac29a5457b42901859397ea8cd74200ed2ed8fc9c97846f481d","0-afe95a557dca90d6b94ad6b4fce97c77a1e79a36eb774706d8beec2811777330","3-1bfcf559a4182568c976c92f5371c3c7de2fe362606f38b0476d00123cb5af54","root.record.ItemExhibitList.P5Item.CostElementCategoryList.Launch.Recurring.CostElementList.CostElement.ManufacturerList.Manufacturer.HistoryPlanningList.HistoryPlanning"
"2018-06","1","2018-BASE_PROCUREMENT-2018-AIRFORCE_SPACE-U_PROCUREMENT_JustificationBook_Air_Force_PB_2018.zzz_unzipped-U_PROCUREMENT_JustificationBook_Air_Force_PB_2018.xml","325d3c3180a12017ffe453649a0a4a785aea7e048f4c973d82c0e34139fd5940","0-056ee12a8f5b7a4654590b3660686c2032cc965a3f07e69ea67f9837cfb4b56a","0-e9846d525b02abff6474aa8c5d70f25572bc3215c2d2df3cef97a25618daffdc","root.record.ItemExhibitList.P5Item.CostElementCategoryList.Launch.Recurring.CostElementList.CostElement.ManufacturerList.Manufacturer.HistoryPlanningList.HistoryPlanning"
"2018-09","1","2018-BASE_PROCUREMENT-2018-AIRFORCE_SPACE-U_PROCUREMENT_JustificationBook_Air_Force_PB_2018.zzz_unzipped-U_PROCUREMENT_JustificationBook_Air_Force_PB_2018.xml","325d3c3180a12017ffe453649a0a4a785aea7e048f4c973d82c0e34139fd5940","1-105a8825edd4009f92836b9ecb4b73c3105c84fafabb54afda75d7bd5000dc06","0-e9846d525b02abff6474aa8c5d70f25572bc3215c2d2df3cef97a25618daffdc","root.record.ItemExhibitList.P5Item.CostElementCategoryList.Launch.Recurring.CostElementList.CostElement.ManufacturerList.Manufacturer.HistoryPlanningList.HistoryPlanning"
"2019-01","1","2018-BASE_PROCUREMENT-2018-AIRFORCE_SPACE-U_PROCUREMENT_JustificationBook_Air_Force_PB_2018.zzz_unzipped-U_PROCUREMENT_JustificationBook_Air_Force_PB_2018.xml","325d3c3180a12017ffe453649a0a4a785aea7e048f4c973d82c0e34139fd5940","2-c800c5db717c3a2d1dcb427ba5113fb8b3f6a429dbbc8d999e0e666a188c5f96","0-e9846d525b02abff6474aa8c5d70f25572bc3215c2d2df3cef97a25618daffdc","root.record.ItemExhibitList.P5Item.CostElementCategoryList.Launch.Recurring.CostElementList.CostElement.ManufacturerList.Manufacturer.HistoryPlanningList.HistoryPlanning"
"2019-04","1","2018-BASE_PROCUREMENT-2018-AIRFORCE_SPACE-U_PROCUREMENT_JustificationBook_Air_Force_PB_2018.zzz_unzipped-U_PROCUREMENT_JustificationBook_Air_Force_PB_2018.xml","325d3c3180a12017ffe453649a0a4a785aea7e048f4c973d82c0e34139fd5940","3-c170e995807c3a14e61ed2a5ee44558765c99bd67d2c081319a3a9a358495141","0-e9846d525b02abff6474aa8c5d70f25572bc3215c2d2df3cef97a25618daffdc","root.record.ItemExhibitList.P5Item.CostElementCategoryList.Launch.Recurring.CostElementList.CostElement.ManufacturerList.Manufacturer.HistoryPlanningList.HistoryPlanning"
"2018-12","5","2018-BASE_PROCUREMENT-2018-AIRFORCE_SPACE-U_PROCUREMENT_JustificationBook_Air_Force_PB_2018.zzz_unzipped-U_PROCUREMENT_JustificationBook_Air_Force_PB_2018.xml","325d3c3180a12017ffe453649a0a4a785aea7e048f4c973d82c0e34139fd5940","0-8fad02335f48429f5234360c6692dc66317a8ead81134d6d64b797b16a4708cc","1-7f60673043be92ead9699a40c974ae3df885744ef398fe79ae895db9d993f461","root.record.ItemExhibitList.P5Item.CostElementCategoryList.Launch.Recurring.CostElementList.CostElement.ManufacturerList.Manufacturer.HistoryPlanningList.HistoryPlanning"
"2019-12","3","2018-BASE_PROCUREMENT-2018-AIRFORCE_SPACE-U_PROCUREMENT_JustificationBook_Air_Force_PB_2018.zzz_unzipped-U_PROCUREMENT_JustificationBook_Air_Force_PB_2018.xml","325d3c3180a12017ffe453649a0a4a785aea7e048f4c973d82c0e34139fd5940","0-30f2fb42e3ea697e93b0abb5b31c40883999ca29709e0e0ecda1a71a37226d7f","0-c7c39fcc9b587b2018ececc73278e06f8abefe3a292cd9aff33e7512a9082809","root.record.ItemExhibitList.P5Item.CostElementCategoryList.Launch.Recurring.CostElementList.CostElement.ManufacturerList.Manufacturer.HistoryPlanningList.HistoryPlanning"
"2018-06","1","2018-BASE_PROCUREMENT-2018-AIRFORCE_SPACE-U_PROCUREMENT_MasterJustificationBook_Air_Force_PB_2018.zzz_unzipped-U_PROCUREMENT_MasterJustificationBook_Air_Force_PB_2018.xml","ea40833ccabefde03e8b1c2e9d9f55f14d7d4e54a7c37cd2d2b1f7b53af14e9d","0-dbcda0b79a48902ff2722e61dea0163f7350a7effceb3e2954927a79590654f7","0-8f0e87f4e1638805b9e676b1dd6bd321abbd752efffbdac9af687448d84bd6df","root.record.ItemExhibitList.P5Item.CostElementCategoryList.Launch.Recurring.CostElementList.CostElement.ManufacturerList.Manufacturer.HistoryPlanningList.HistoryPlanning"
"2018-09","1","2018-BASE_PROCUREMENT-2018-AIRFORCE_SPACE-U_PROCUREMENT_MasterJustificationBook_Air_Force_PB_2018.zzz_unzipped-U_PROCUREMENT_MasterJustificationBook_Air_Force_PB_2018.xml","ea40833ccabefde03e8b1c2e9d9f55f14d7d4e54a7c37cd2d2b1f7b53af14e9d","1-61ce91b6098213301c1f6a04f2211042a388fe1e16cf4c4dcae6517a0f503410","0-8f0e87f4e1638805b9e676b1dd6bd321abbd752efffbdac9af687448d84bd6df","root.record.ItemExhibitList.P5Item.CostElementCategoryList.Launch.Recurring.CostElementList.CostElement.ManufacturerList.Manufacturer.HistoryPlanningList.HistoryPlanning"
"2019-01","1","2018-BASE_PROCUREMENT-2018-AIRFORCE_SPACE-U_PROCUREMENT_MasterJustificationBook_Air_Force_PB_2018.zzz_unzipped-U_PROCUREMENT_MasterJustificationBook_Air_Force_PB_2018.xml","ea40833ccabefde03e8b1c2e9d9f55f14d7d4e54a7c37cd2d2b1f7b53af14e9d","2-6f716684ebfbef7294e712c4cf1fbe10e34efd3de9996b719bc8e0c1cf6852b4","0-8f0e87f4e1638805b9e676b1dd6bd321abbd752efffbdac9af687448d84bd6df","root.record.ItemExhibitList.P5Item.CostElementCategoryList.Launch.Recurring.CostElementList.CostElement.ManufacturerList.Manufacturer.HistoryPlanningList.HistoryPlanning"
"2019-04","1","2018-BASE_PROCUREMENT-2018-AIRFORCE_SPACE-U_PROCUREMENT_MasterJustificationBook_Air_Force_PB_2018.zzz_unzipped-U_PROCUREMENT_MasterJustificationBook_Air_Force_PB_2018.xml","ea40833ccabefde03e8b1c2e9d9f55f14d7d4e54a7c37cd2d2b1f7b53af14e9d","3-f026d6e80d272a591e1c3ac83bfed3cce8bf78c5c9f37df445993547beb55734","0-8f0e87f4e1638805b9e676b1dd6bd321abbd752efffbdac9af687448d84bd6df","root.record.ItemExhibitList.P5Item.CostElementCategoryList.Launch.Recurring.CostElementList.CostElement.ManufacturerList.Manufacturer.HistoryPlanningList.HistoryPlanning"
"2018-12","5","2018-BASE_PROCUREMENT-2018-AIRFORCE_SPACE-U_PROCUREMENT_MasterJustificationBook_Air_Force_PB_2018.zzz_unzipped-U_PROCUREMENT_MasterJustificationBook_Air_Force_PB_2018.xml","ea40833ccabefde03e8b1c2e9d9f55f14d7d4e54a7c37cd2d2b1f7b53af14e9d","0-0d685844c6237da457b3417ea3db61e3e2b4b6e29eb4e52d647d4c72c2405510","1-5b931e3124161ed71ba61a03a682239544bcef4c5500fe7c50635be739212679","root.record.ItemExhibitList.P5Item.CostElementCategoryList.Launch.Recurring.CostElementList.CostElement.ManufacturerList.Manufacturer.HistoryPlanningList.HistoryPlanning"
"2019-12","3","2018-BASE_PROCUREMENT-2018-AIRFORCE_SPACE-U_PROCUREMENT_MasterJustificationBook_Air_Force_PB_2018.zzz_unzipped-U_PROCUREMENT_MasterJustificationBook_Air_Force_PB_2018.xml","ea40833ccabefde03e8b1c2e9d9f55f14d7d4e54a7c37cd2d2b1f7b53af14e9d","0-bd4167a56988317f08ba622133e430bcb3eb875f7bc4ca9925d445838b8332b2","0-f70b2aef7d54905c3b150b6f5645bf7288d7caa6116bbdf3374915514d5622d0","root.record.ItemExhibitList.P5Item.CostElementCategoryList.Launch.Recurring.CostElementList.CostElement.ManufacturerList.Manufacturer.HistoryPlanningList.HistoryPlanning"
"2019-02","1","2019-BASE_PROCUREMENT-2019-AIRFORCE_SPACE-U_PROCUREMENT_JustificationBook_Air_Force_PB_2019.zzz_unzipped-U_PROCUREMENT_JustificationBook_Air_Force_PB_2019.xml","437d2c67a4cc5d16854929d21729fd5d4c78483d0ac1527148024d46b499a23b","0-1f45a7cbff7e27b4eb5f7a91adbd8db81815c1a7fbec3dec71846fea08d3e73e","0-558f189813a7ffd962e27b7055560bde5ceb6acf91042202d1e70a1eee35011b","root.record.ItemExhibitList.P5Item.CostElementCategoryList.Launch.Recurring.CostElementList.CostElement.ManufacturerList.Manufacturer.HistoryPlanningList.HistoryPlanning"
"2019-06","1","2019-BASE_PROCUREMENT-2019-AIRFORCE_SPACE-U_PROCUREMENT_JustificationBook_Air_Force_PB_2019.zzz_unzipped-U_PROCUREMENT_JustificationBook_Air_Force_PB_2019.xml","437d2c67a4cc5d16854929d21729fd5d4c78483d0ac1527148024d46b499a23b","1-f1b4c6e49d4acb0796d7bbaf9792551f32e4e0f1a3360e862e56cb999c5d592a","0-558f189813a7ffd962e27b7055560bde5ceb6acf91042202d1e70a1eee35011b","root.record.ItemExhibitList.P5Item.CostElementCategoryList.Launch.Recurring.CostElementList.CostElement.ManufacturerList.Manufacturer.HistoryPlanningList.HistoryPlanning"
"2019-07","1","2019-BASE_PROCUREMENT-2019-AIRFORCE_SPACE-U_PROCUREMENT_JustificationBook_Air_Force_PB_2019.zzz_unzipped-U_PROCUREMENT_JustificationBook_Air_Force_PB_2019.xml","437d2c67a4cc5d16854929d21729fd5d4c78483d0ac1527148024d46b499a23b","2-5fc3700304b6da3eb97870c15c20d96b10c5ec8d3c34b0e9438a43e59ba488e9","0-558f189813a7ffd962e27b7055560bde5ceb6acf91042202d1e70a1eee35011b","root.record.ItemExhibitList.P5Item.CostElementCategoryList.Launch.Recurring.CostElementList.CostElement.ManufacturerList.Manufacturer.HistoryPlanningList.HistoryPlanning"
"2019-12","1","2019-BASE_PROCUREMENT-2019-AIRFORCE_SPACE-U_PROCUREMENT_JustificationBook_Air_Force_PB_2019.zzz_unzipped-U_PROCUREMENT_JustificationBook_Air_Force_PB_2019.xml","437d2c67a4cc5d16854929d21729fd5d4c78483d0ac1527148024d46b499a23b","0-698e7bc0a4f0f0b4525f5477e1f61bebe24e44b5d1550d433a9bc7ac7acb128e","1-db6ab13f515a372faaba3c028f69c1b336ce25b034dc34d4c149fef43dc1c17b","root.record.ItemExhibitList.P5Item.CostElementCategoryList.Launch.Recurring.CostElementList.CostElement.ManufacturerList.Manufacturer.HistoryPlanningList.HistoryPlanning"
"2020-03","1","2019-BASE_PROCUREMENT-2019-AIRFORCE_SPACE-U_PROCUREMENT_JustificationBook_Air_Force_PB_2019.zzz_unzipped-U_PROCUREMENT_JustificationBook_Air_Force_PB_2019.xml","437d2c67a4cc5d16854929d21729fd5d4c78483d0ac1527148024d46b499a23b","1-b0dbc34d2fe4d2eeafdbbcd36a607e64bcd68ef16065e9a90b002e6ab30d304e","1-db6ab13f515a372faaba3c028f69c1b336ce25b034dc34d4c149fef43dc1c17b","root.record.ItemExhibitList.P5Item.CostElementCategoryList.Launch.Recurring.CostElementList.CostElement.ManufacturerList.Manufacturer.HistoryPlanningList.HistoryPlanning"
"2020-04","1","2019-BASE_PROCUREMENT-2019-AIRFORCE_SPACE-U_PROCUREMENT_JustificationBook_Air_Force_PB_2019.zzz_unzipped-U_PROCUREMENT_JustificationBook_Air_Force_PB_2019.xml","437d2c67a4cc5d16854929d21729fd5d4c78483d0ac1527148024d46b499a23b","2-2998e2d3b16637babc242930b8ad04a884dab91eeff8f3bc3405b75c039b5758","1-db6ab13f515a372faaba3c028f69c1b336ce25b034dc34d4c149fef43dc1c17b","root.record.ItemExhibitList.P5Item.CostElementCategoryList.Launch.Recurring.CostElementList.CostElement.ManufacturerList.Manufacturer.HistoryPlanningList.HistoryPlanning"
"2020-01","3","2019-BASE_PROCUREMENT-2019-AIRFORCE_SPACE-U_PROCUREMENT_JustificationBook_Air_Force_PB_2019.zzz_unzipped-U_PROCUREMENT_JustificationBook_Air_Force_PB_2019.xml","437d2c67a4cc5d16854929d21729fd5d4c78483d0ac1527148024d46b499a23b","0-6803c0d0adeb116e7fdde9457e9aabeb8d352fa3be31002bd8731e683c86dc8c","2-21942bf22f04ce9c5e54823e46a2f7b0d2247cc42237b2ab4043931273ed7177","root.record.ItemExhibitList.P5Item.CostElementCategoryList.Launch.Recurring.CostElementList.CostElement.ManufacturerList.Manufacturer.HistoryPlanningList.HistoryPlanning"
"2021-01","5","2019-BASE_PROCUREMENT-2019-AIRFORCE_SPACE-U_PROCUREMENT_JustificationBook_Air_Force_PB_2019.zzz_unzipped-U_PROCUREMENT_JustificationBook_Air_Force_PB_2019.xml","437d2c67a4cc5d16854929d21729fd5d4c78483d0ac1527148024d46b499a23b","0-e3d924eadbb62def809b60f5b66714f25e0a68c631b7d64f8671ec28a7e1bdd4","0-6daceb96a8c3732067507c0e4917e03acd608547f50d746df8be4e812663f71a","root.record.ItemExhibitList.P5Item.CostElementCategoryList.Launch.Recurring.CostElementList.CostElement.ManufacturerList.Manufacturer.HistoryPlanningList.HistoryPlanning"
"2019-02","1","2019-BASE_PROCUREMENT-2019-AIRFORCE_SPACE-U_PROCUREMENT_MasterJustificationBook_Air_Force_PB_2019.zzz_unzipped-U_PROCUREMENT_MasterJustificationBook_Air_Force_PB_2019.xml","5c7e320ef862152863a5c39cc1a485c2c4e8fa5279f08c8454a72905bff07d97","0-fb06f12fc2661db08ebe2a938a0a90defa947df48c3b13aad09877169bc64483","0-e65bd8396a4d03620338d2a6f608871576238069b8eee22e1644318e1340f5c7","root.record.ItemExhibitList.P5Item.CostElementCategoryList.Launch.Recurring.CostElementList.CostElement.ManufacturerList.Manufacturer.HistoryPlanningList.HistoryPlanning"
"2019-06","1","2019-BASE_PROCUREMENT-2019-AIRFORCE_SPACE-U_PROCUREMENT_MasterJustificationBook_Air_Force_PB_2019.zzz_unzipped-U_PROCUREMENT_MasterJustificationBook_Air_Force_PB_2019.xml","5c7e320ef862152863a5c39cc1a485c2c4e8fa5279f08c8454a72905bff07d97","1-b9a993ad132894aae2b7ebc05dc10bf48a69cf8ca64aa3b34ddfcc60c5efb225","0-e65bd8396a4d03620338d2a6f608871576238069b8eee22e1644318e1340f5c7","root.record.ItemExhibitList.P5Item.CostElementCategoryList.Launch.Recurring.CostElementList.CostElement.ManufacturerList.Manufacturer.HistoryPlanningList.HistoryPlanning"
"2019-07","1","2019-BASE_PROCUREMENT-2019-AIRFORCE_SPACE-U_PROCUREMENT_MasterJustificationBook_Air_Force_PB_2019.zzz_unzipped-U_PROCUREMENT_MasterJustificationBook_Air_Force_PB_2019.xml","5c7e320ef862152863a5c39cc1a485c2c4e8fa5279f08c8454a72905bff07d97","2-e4ae2475d6b18d985e1ee07d8b33508c040b68a343cf4478c19458c7a19bdb18","0-e65bd8396a4d03620338d2a6f608871576238069b8eee22e1644318e1340f5c7","root.record.ItemExhibitList.P5Item.CostElementCategoryList.Launch.Recurring.CostElementList.CostElement.ManufacturerList.Manufacturer.HistoryPlanningList.HistoryPlanning"
"2019-12","1","2019-BASE_PROCUREMENT-2019-AIRFORCE_SPACE-U_PROCUREMENT_MasterJustificationBook_Air_Force_PB_2019.zzz_unzipped-U_PROCUREMENT_MasterJustificationBook_Air_Force_PB_2019.xml","5c7e320ef862152863a5c39cc1a485c2c4e8fa5279f08c8454a72905bff07d97","0-2ba9e2fe475888e7a160e5578e2afab0395aba27407fc67d45379ad312890735","1-c176b7ca05bef9680e98d6ccb72ee21de06a341b980053819eef2b15d8fbb0f9","root.record.ItemExhibitList.P5Item.CostElementCategoryList.Launch.Recurring.CostElementList.CostElement.ManufacturerList.Manufacturer.HistoryPlanningList.HistoryPlanning"
"2020-03","1","2019-BASE_PROCUREMENT-2019-AIRFORCE_SPACE-U_PROCUREMENT_MasterJustificationBook_Air_Force_PB_2019.zzz_unzipped-U_PROCUREMENT_MasterJustificationBook_Air_Force_PB_2019.xml","5c7e320ef862152863a5c39cc1a485c2c4e8fa5279f08c8454a72905bff07d97","1-c87268326bac40d460034eaebf80d897c07e3168d7111a0f378ecf7e3e62c2a5","1-c176b7ca05bef9680e98d6ccb72ee21de06a341b980053819eef2b15d8fbb0f9","root.record.ItemExhibitList.P5Item.CostElementCategoryList.Launch.Recurring.CostElementList.CostElement.ManufacturerList.Manufacturer.HistoryPlanningList.HistoryPlanning"
"2020-04","1","2019-BASE_PROCUREMENT-2019-AIRFORCE_SPACE-U_PROCUREMENT_MasterJustificationBook_Air_Force_PB_2019.zzz_unzipped-U_PROCUREMENT_MasterJustificationBook_Air_Force_PB_2019.xml","5c7e320ef862152863a5c39cc1a485c2c4e8fa5279f08c8454a72905bff07d97","2-ffa15481a1fbe47e0784ce3b765fc0c2fb7db96f5888a3f3ff55a70b86cfa1fe","1-c176b7ca05bef9680e98d6ccb72ee21de06a341b980053819eef2b15d8fbb0f9","root.record.ItemExhibitList.P5Item.CostElementCategoryList.Launch.Recurring.CostElementList.CostElement.ManufacturerList.Manufacturer.HistoryPlanningList.HistoryPlanning"
"2020-01","3","2019-BASE_PROCUREMENT-2019-AIRFORCE_SPACE-U_PROCUREMENT_MasterJustificationBook_Air_Force_PB_2019.zzz_unzipped-U_PROCUREMENT_MasterJustificationBook_Air_Force_PB_2019.xml","5c7e320ef862152863a5c39cc1a485c2c4e8fa5279f08c8454a72905bff07d97","0-c510b37b8de9d72e6bc4c8c97c681bd7304a45dcd4c2208b159ea00a055c995b","2-44155395c261a42500bdf4afd58d0f19e6101af18082baf9df380935d5a8f2e8","root.record.ItemExhibitList.P5Item.CostElementCategoryList.Launch.Recurring.CostElementList.CostElement.ManufacturerList.Manufacturer.HistoryPlanningList.HistoryPlanning"
"2021-01","5","2019-BASE_PROCUREMENT-2019-AIRFORCE_SPACE-U_PROCUREMENT_MasterJustificationBook_Air_Force_PB_2019.zzz_unzipped-U_PROCUREMENT_MasterJustificationBook_Air_Force_PB_2019.xml","5c7e320ef862152863a5c39cc1a485c2c4e8fa5279f08c8454a72905bff07d97","0-3d87c36e8dd77ff4ff648abc85e623d28af6309383b077a5cecf1ab23b87f5eb","0-c5f07738aa44f976d5c50defdfc589a590796c6bbd2a42a3e31b7abff96c6211","root.record.ItemExhibitList.P5Item.CostElementCategoryList.Launch.Recurring.CostElementList.CostElement.ManufacturerList.Manufacturer.HistoryPlanningList.HistoryPlanning"
"2019-02","1","2020-BASE_PROCUREMENT-2020-AIRFORCE_SPACE-U_PROCUREMENT_JustificationBook_Air_Force_PB_2020.zzz_unzipped-U_PROCUREMENT_JustificationBook_Air_Force_PB_2020.xml","08c4d8d5e59a351bd4ee55fd7ea05b6cb60e8cbc8db146c1f3d795741592e31b","0-846e06a5a0605681789471ea1bb2960e269cce3d1e1f1ab5b6a737af6c65008c","0-ecea84f62f49b4f17b680c2044d95799772ef2999d2696081bad6bcf794de0fd","root.record.ItemExhibitList.P5Item.CostElementCategoryList.Launch.Recurring.CostElementList.CostElement.ManufacturerList.Manufacturer.HistoryPlanningList.HistoryPlanning"
"2019-06","1","2020-BASE_PROCUREMENT-2020-AIRFORCE_SPACE-U_PROCUREMENT_JustificationBook_Air_Force_PB_2020.zzz_unzipped-U_PROCUREMENT_JustificationBook_Air_Force_PB_2020.xml","08c4d8d5e59a351bd4ee55fd7ea05b6cb60e8cbc8db146c1f3d795741592e31b","1-72c00638e14c4cad23919aa93e14f02a5dd5d9b5b399ad1373a7208660d2255a","0-ecea84f62f49b4f17b680c2044d95799772ef2999d2696081bad6bcf794de0fd","root.record.ItemExhibitList.P5Item.CostElementCategoryList.Launch.Recurring.CostElementList.CostElement.ManufacturerList.Manufacturer.HistoryPlanningList.HistoryPlanning"
"2019-07","1","2020-BASE_PROCUREMENT-2020-AIRFORCE_SPACE-U_PROCUREMENT_JustificationBook_Air_Force_PB_2020.zzz_unzipped-U_PROCUREMENT_JustificationBook_Air_Force_PB_2020.xml","08c4d8d5e59a351bd4ee55fd7ea05b6cb60e8cbc8db146c1f3d795741592e31b","2-58729e284ed0a2f9db9caaf29f9600f9e6612aae1585d2978426cb5c79b29462","0-ecea84f62f49b4f17b680c2044d95799772ef2999d2696081bad6bcf794de0fd","root.record.ItemExhibitList.P5Item.CostElementCategoryList.Launch.Recurring.CostElementList.CostElement.ManufacturerList.Manufacturer.HistoryPlanningList.HistoryPlanning"
"2019-12","1","2020-BASE_PROCUREMENT-2020-AIRFORCE_SPACE-U_PROCUREMENT_JustificationBook_Air_Force_PB_2020.zzz_unzipped-U_PROCUREMENT_JustificationBook_Air_Force_PB_2020.xml","08c4d8d5e59a351bd4ee55fd7ea05b6cb60e8cbc8db146c1f3d795741592e31b","0-bc899484794cc4de3a28777f5b5c88e2fec6ee1d80ea4026492ca66c909ea12c","1-728a7625b052d348ea14798d9fa44a99caa06bdd8df4f91a9807a30052a2b550","root.record.ItemExhibitList.P5Item.CostElementCategoryList.Launch.Recurring.CostElementList.CostElement.ManufacturerList.Manufacturer.HistoryPlanningList.HistoryPlanning"
"2020-03","1","2020-BASE_PROCUREMENT-2020-AIRFORCE_SPACE-U_PROCUREMENT_JustificationBook_Air_Force_PB_2020.zzz_unzipped-U_PROCUREMENT_JustificationBook_Air_Force_PB_2020.xml","08c4d8d5e59a351bd4ee55fd7ea05b6cb60e8cbc8db146c1f3d795741592e31b","1-46ad20a4397a7de24189f3871a4b205e360a5a89afab056bfbe054c68a958c7d","1-728a7625b052d348ea14798d9fa44a99caa06bdd8df4f91a9807a30052a2b550","root.record.ItemExhibitList.P5Item.CostElementCategoryList.Launch.Recurring.CostElementList.CostElement.ManufacturerList.Manufacturer.HistoryPlanningList.HistoryPlanning"
"2020-04","1","2020-BASE_PROCUREMENT-2020-AIRFORCE_SPACE-U_PROCUREMENT_JustificationBook_Air_Force_PB_2020.zzz_unzipped-U_PROCUREMENT_JustificationBook_Air_Force_PB_2020.xml","08c4d8d5e59a351bd4ee55fd7ea05b6cb60e8cbc8db146c1f3d795741592e31b","2-fdd8288b4f3bc4478ecfb36e4c28562c0c8bd64a62c604851ae8ae36c11f16c0","1-728a7625b052d348ea14798d9fa44a99caa06bdd8df4f91a9807a30052a2b550","root.record.ItemExhibitList.P5Item.CostElementCategoryList.Launch.Recurring.CostElementList.CostElement.ManufacturerList.Manufacturer.HistoryPlanningList.HistoryPlanning"
"2020-03","2","2020-BASE_PROCUREMENT-2020-AIRFORCE_SPACE-U_PROCUREMENT_JustificationBook_Air_Force_PB_2020.zzz_unzipped-U_PROCUREMENT_JustificationBook_Air_Force_PB_2020.xml","08c4d8d5e59a351bd4ee55fd7ea05b6cb60e8cbc8db146c1f3d795741592e31b","0-3d166c2da9826a5a09f02973e590c9777fedb02a19e8184800a47b0c4b6b2b98","2-666ff1e13fd9740c27f63ae491554d8e178e84c8ff3386e9d04fc5fa1e7980e2","root.record.ItemExhibitList.P5Item.CostElementCategoryList.Launch.Recurring.CostElementList.CostElement.ManufacturerList.Manufacturer.HistoryPlanningList.HistoryPlanning"
"2020-11","1","2020-BASE_PROCUREMENT-2020-AIRFORCE_SPACE-U_PROCUREMENT_JustificationBook_Air_Force_PB_2020.zzz_unzipped-U_PROCUREMENT_JustificationBook_Air_Force_PB_2020.xml","08c4d8d5e59a351bd4ee55fd7ea05b6cb60e8cbc8db146c1f3d795741592e31b","0-cf6662dd1d2fe129e7cd7b2287dfaa2e848779c82dcb97537714138d253b25f8","3-f9c2819d2e84093da96e28ca1cf5573da19db6f5a0d8124f0a335dd8680715ee","root.record.ItemExhibitList.P5Item.CostElementCategoryList.Launch.Recurring.CostElementList.CostElement.ManufacturerList.Manufacturer.HistoryPlanningList.HistoryPlanning"
"2020-12","1","2020-BASE_PROCUREMENT-2020-AIRFORCE_SPACE-U_PROCUREMENT_JustificationBook_Air_Force_PB_2020.zzz_unzipped-U_PROCUREMENT_JustificationBook_Air_Force_PB_2020.xml","08c4d8d5e59a351bd4ee55fd7ea05b6cb60e8cbc8db146c1f3d795741592e31b","1-733e31dafd813df04d7005ddb71af3ccb4ec73cc4e2aaa6eaa59319ee9937883","3-f9c2819d2e84093da96e28ca1cf5573da19db6f5a0d8124f0a335dd8680715ee","root.record.ItemExhibitList.P5Item.CostElementCategoryList.Launch.Recurring.CostElementList.CostElement.ManufacturerList.Manufacturer.HistoryPlanningList.HistoryPlanning"
"2021-03","1","2020-BASE_PROCUREMENT-2020-AIRFORCE_SPACE-U_PROCUREMENT_JustificationBook_Air_Force_PB_2020.zzz_unzipped-U_PROCUREMENT_JustificationBook_Air_Force_PB_2020.xml","08c4d8d5e59a351bd4ee55fd7ea05b6cb60e8cbc8db146c1f3d795741592e31b","2-960755842eca178c4bdacaccf8b7030737e9f886350f519700450f81961f1dbd","3-f9c2819d2e84093da96e28ca1cf5573da19db6f5a0d8124f0a335dd8680715ee","root.record.ItemExhibitList.P5Item.CostElementCategoryList.Launch.Recurring.CostElementList.CostElement.ManufacturerList.Manufacturer.HistoryPlanningList.HistoryPlanning"
"2021-04","1","2020-BASE_PROCUREMENT-2020-AIRFORCE_SPACE-U_PROCUREMENT_JustificationBook_Air_Force_PB_2020.zzz_unzipped-U_PROCUREMENT_JustificationBook_Air_Force_PB_2020.xml","08c4d8d5e59a351bd4ee55fd7ea05b6cb60e8cbc8db146c1f3d795741592e31b","3-8ffbafa48e7f22b3e66f53d04b1edb0e5116b41545334d12d51a3b94ef4a833c","3-f9c2819d2e84093da96e28ca1cf5573da19db6f5a0d8124f0a335dd8680715ee","root.record.ItemExhibitList.P5Item.CostElementCategoryList.Launch.Recurring.CostElementList.CostElement.ManufacturerList.Manufacturer.HistoryPlanningList.HistoryPlanning"
"2021-10","1","2020-BASE_PROCUREMENT-2020-AIRFORCE_SPACE-U_PROCUREMENT_JustificationBook_Air_Force_PB_2020.zzz_unzipped-U_PROCUREMENT_JustificationBook_Air_Force_PB_2020.xml","08c4d8d5e59a351bd4ee55fd7ea05b6cb60e8cbc8db146c1f3d795741592e31b","4-0125b39e11298574f6f33702b5728373aa583b2371e331078670647ffe775c11","3-f9c2819d2e84093da96e28ca1cf5573da19db6f5a0d8124f0a335dd8680715ee","root.record.ItemExhibitList.P5Item.CostElementCategoryList.Launch.Recurring.CostElementList.CostElement.ManufacturerList.Manufacturer.HistoryPlanningList.HistoryPlanning"
"2021-12","4","2020-BASE_PROCUREMENT-2020-AIRFORCE_SPACE-U_PROCUREMENT_JustificationBook_Air_Force_PB_2020.zzz_unzipped-U_PROCUREMENT_JustificationBook_Air_Force_PB_2020.xml","08c4d8d5e59a351bd4ee55fd7ea05b6cb60e8cbc8db146c1f3d795741592e31b","0-46bafd0f0e0cbfa9345f37f4e8aa4f41ad37a6e1bfd65ba456c186c1f60026f1","0-fbccebc86133269fa88c9a03fe2064c5d22ef3322ab3f3ed6d7cf41b941d6059","root.record.ItemExhibitList.P5Item.CostElementCategoryList.Launch.Recurring.CostElementList.CostElement.ManufacturerList.Manufacturer.HistoryPlanningList.HistoryPlanning"
"2019-02","1","2020-BASE_PROCUREMENT-2020-AIRFORCE_SPACE-U_PROCUREMENT_MasterJustificationBook_Air_Force_PB_2020.zzz_unzipped-U_PROCUREMENT_MasterJustificationBook_Air_Force_PB_2020.xml","c9b645ca3693dc4386f5024067a158db34ff6924a8e540b310f1bbc768a98941","0-070c3f1151ec1783eb6e4fafccb529b8696373560f2fa5e018e86632a6fbcacf","0-70c1cbdbcd9629998133d7517605e8f9eac169c5d5393085c927eedcdb6c64a9","root.record.ItemExhibitList.P5Item.CostElementCategoryList.Launch.Recurring.CostElementList.CostElement.ManufacturerList.Manufacturer.HistoryPlanningList.HistoryPlanning"
"2019-06","1","2020-BASE_PROCUREMENT-2020-AIRFORCE_SPACE-U_PROCUREMENT_MasterJustificationBook_Air_Force_PB_2020.zzz_unzipped-U_PROCUREMENT_MasterJustificationBook_Air_Force_PB_2020.xml","c9b645ca3693dc4386f5024067a158db34ff6924a8e540b310f1bbc768a98941","1-c4222a01fbc5c35dc4b14174cbb58a56f67c6cac4e6d5d3b9996b37e7b243f56","0-70c1cbdbcd9629998133d7517605e8f9eac169c5d5393085c927eedcdb6c64a9","root.record.ItemExhibitList.P5Item.CostElementCategoryList.Launch.Recurring.CostElementList.CostElement.ManufacturerList.Manufacturer.HistoryPlanningList.HistoryPlanning"
"2019-07","1","2020-BASE_PROCUREMENT-2020-AIRFORCE_SPACE-U_PROCUREMENT_MasterJustificationBook_Air_Force_PB_2020.zzz_unzipped-U_PROCUREMENT_MasterJustificationBook_Air_Force_PB_2020.xml","c9b645ca3693dc4386f5024067a158db34ff6924a8e540b310f1bbc768a98941","2-a26d7c8b1de2b5dc8f215dfc3560d43b25cc06f0b97944262c4d2ee1d12dd2ff","0-70c1cbdbcd9629998133d7517605e8f9eac169c5d5393085c927eedcdb6c64a9","root.record.ItemExhibitList.P5Item.CostElementCategoryList.Launch.Recurring.CostElementList.CostElement.ManufacturerList.Manufacturer.HistoryPlanningList.HistoryPlanning"
"2019-12","1","2020-BASE_PROCUREMENT-2020-AIRFORCE_SPACE-U_PROCUREMENT_MasterJustificationBook_Air_Force_PB_2020.zzz_unzipped-U_PROCUREMENT_MasterJustificationBook_Air_Force_PB_2020.xml","c9b645ca3693dc4386f5024067a158db34ff6924a8e540b310f1bbc768a98941","0-b49620f5f9633cd7b04edea4fb62b6ce502a65aa09b52c0bbcab276ec05e3915","1-4fd21b8288680df54c6088c5eea284911ffd7a7acac5411c6e9e76d8c407b66e","root.record.ItemExhibitList.P5Item.CostElementCategoryList.Launch.Recurring.CostElementList.CostElement.ManufacturerList.Manufacturer.HistoryPlanningList.HistoryPlanning"
"2020-03","1","2020-BASE_PROCUREMENT-2020-AIRFORCE_SPACE-U_PROCUREMENT_MasterJustificationBook_Air_Force_PB_2020.zzz_unzipped-U_PROCUREMENT_MasterJustificationBook_Air_Force_PB_2020.xml","c9b645ca3693dc4386f5024067a158db34ff6924a8e540b310f1bbc768a98941","1-266c2edda116477cd4c2392223d6f75fa38330f23836d9c157fcd5c01b562837","1-4fd21b8288680df54c6088c5eea284911ffd7a7acac5411c6e9e76d8c407b66e","root.record.ItemExhibitList.P5Item.CostElementCategoryList.Launch.Recurring.CostElementList.CostElement.ManufacturerList.Manufacturer.HistoryPlanningList.HistoryPlanning"
"2020-04","1","2020-BASE_PROCUREMENT-2020-AIRFORCE_SPACE-U_PROCUREMENT_MasterJustificationBook_Air_Force_PB_2020.zzz_unzipped-U_PROCUREMENT_MasterJustificationBook_Air_Force_PB_2020.xml","c9b645ca3693dc4386f5024067a158db34ff6924a8e540b310f1bbc768a98941","2-9a8cbeb02a337090f633c2bb6eb73234b1635e1624d0479f939f117b3bf3afe5","1-4fd21b8288680df54c6088c5eea284911ffd7a7acac5411c6e9e76d8c407b66e","root.record.ItemExhibitList.P5Item.CostElementCategoryList.Launch.Recurring.CostElementList.CostElement.ManufacturerList.Manufacturer.HistoryPlanningList.HistoryPlanning"
"2020-03","2","2020-BASE_PROCUREMENT-2020-AIRFORCE_SPACE-U_PROCUREMENT_MasterJustificationBook_Air_Force_PB_2020.zzz_unzipped-U_PROCUREMENT_MasterJustificationBook_Air_Force_PB_2020.xml","c9b645ca3693dc4386f5024067a158db34ff6924a8e540b310f1bbc768a98941","0-890f55c79db033f54dc44ec922a1711c859ddc90413e4a46b03d7a7e762ec759","2-be9a576d91d231a4cf4674105032f25008eecbba1652d668efd2c53ba66ebe06","root.record.ItemExhibitList.P5Item.CostElementCategoryList.Launch.Recurring.CostElementList.CostElement.ManufacturerList.Manufacturer.HistoryPlanningList.HistoryPlanning"
"2020-11","1","2020-BASE_PROCUREMENT-2020-AIRFORCE_SPACE-U_PROCUREMENT_MasterJustificationBook_Air_Force_PB_2020.zzz_unzipped-U_PROCUREMENT_MasterJustificationBook_Air_Force_PB_2020.xml","c9b645ca3693dc4386f5024067a158db34ff6924a8e540b310f1bbc768a98941","0-422c568b8b3f5a0d194aa44aff92cf5414489e6f95ef7b0706f2373178d1da34","3-ad1a01ed178c71bd4544f8d04f0ee1e1aa2f071d0e953ec4679c81e03b3e28b6","root.record.ItemExhibitList.P5Item.CostElementCategoryList.Launch.Recurring.CostElementList.CostElement.ManufacturerList.Manufacturer.HistoryPlanningList.HistoryPlanning"
"2020-12","1","2020-BASE_PROCUREMENT-2020-AIRFORCE_SPACE-U_PROCUREMENT_MasterJustificationBook_Air_Force_PB_2020.zzz_unzipped-U_PROCUREMENT_MasterJustificationBook_Air_Force_PB_2020.xml","c9b645ca3693dc4386f5024067a158db34ff6924a8e540b310f1bbc768a98941","1-d9b64ed3b1779aaf8a47ec119712ad7dcd205cc88dc7023b9be8b51af165aff7","3-ad1a01ed178c71bd4544f8d04f0ee1e1aa2f071d0e953ec4679c81e03b3e28b6","root.record.ItemExhibitList.P5Item.CostElementCategoryList.Launch.Recurring.CostElementList.CostElement.ManufacturerList.Manufacturer.HistoryPlanningList.HistoryPlanning"
"2021-03","1","2020-BASE_PROCUREMENT-2020-AIRFORCE_SPACE-U_PROCUREMENT_MasterJustificationBook_Air_Force_PB_2020.zzz_unzipped-U_PROCUREMENT_MasterJustificationBook_Air_Force_PB_2020.xml","c9b645ca3693dc4386f5024067a158db34ff6924a8e540b310f1bbc768a98941","2-5a74a9f1fa12a0b3cf967dec0fc76f3154c36617a3178eb789eea2c2e0083541","3-ad1a01ed178c71bd4544f8d04f0ee1e1aa2f071d0e953ec4679c81e03b3e28b6","root.record.ItemExhibitList.P5Item.CostElementCategoryList.Launch.Recurring.CostElementList.CostElement.ManufacturerList.Manufacturer.HistoryPlanningList.HistoryPlanning"
"2021-04","1","2020-BASE_PROCUREMENT-2020-AIRFORCE_SPACE-U_PROCUREMENT_MasterJustificationBook_Air_Force_PB_2020.zzz_unzipped-U_PROCUREMENT_MasterJustificationBook_Air_Force_PB_2020.xml","c9b645ca3693dc4386f5024067a158db34ff6924a8e540b310f1bbc768a98941","3-94838d13e6fdf724aaeff1b1f0a37d031166e4f8d368a4c365e330f8afb552ff","3-ad1a01ed178c71bd4544f8d04f0ee1e1aa2f071d0e953ec4679c81e03b3e28b6","root.record.ItemExhibitList.P5Item.CostElementCategoryList.Launch.Recurring.CostElementList.CostElement.ManufacturerList.Manufacturer.HistoryPlanningList.HistoryPlanning"
"2021-10","1","2020-BASE_PROCUREMENT-2020-AIRFORCE_SPACE-U_PROCUREMENT_MasterJustificationBook_Air_Force_PB_2020.zzz_unzipped-U_PROCUREMENT_MasterJustificationBook_Air_Force_PB_2020.xml","c9b645ca3693dc4386f5024067a158db34ff6924a8e540b310f1bbc768a98941","4-ae2a94f897570d519ab29112fedcbe99cec912ff771bf62211b0cdfab16f53e1","3-ad1a01ed178c71bd4544f8d04f0ee1e1aa2f071d0e953ec4679c81e03b3e28b6","root.record.ItemExhibitList.P5Item.CostElementCategoryList.Launch.Recurring.CostElementList.CostElement.ManufacturerList.Manufacturer.HistoryPlanningList.HistoryPlanning"
"2021-12","4","2020-BASE_PROCUREMENT-2020-AIRFORCE_SPACE-U_PROCUREMENT_MasterJustificationBook_Air_Force_PB_2020.zzz_unzipped-U_PROCUREMENT_MasterJustificationBook_Air_Force_PB_2020.xml","c9b645ca3693dc4386f5024067a158db34ff6924a8e540b310f1bbc768a98941","0-754de650f57392146c3d4ed1de12d80ca68c2a47354d8a6909c96486528ed3a8","0-45f53105fd18cc852138776120fec03dbcee042a460460385d6e4a1c470de69d","root.record.ItemExhibitList.P5Item.CostElementCategoryList.Launch.Recurring.CostElementList.CostElement.ManufacturerList.Manufacturer.HistoryPlanningList.HistoryPlanning"
