[
    {
        "ServiceAgencyName_val": "Army",
        "ProcQuantity_val": "1995",
        "AcceptedBeforeOct1_val": "0",
        "@SOURCE_FILENAME": "2013-BASE_PROCUREMENT-2013-DEFENSE_CBDP-JustificationBook_Chemical_and_Biological_Defense_Program_PB_2013.zzz_unzipped-JustificationBook_Chemical_and_Biological_Defense_Program_PB_2013.xml",
        "@RECORDID": "44176a3b5f929933fa29f988a86df488aaa195b200a378d544132404a2eeb5bb",
        "@ROWID": "0-7a7cdc83998538e1b0a9cf9feda3e79da34bc7512d27653c3174872abb6077d9",
        "@PARENTROWID": "0-0783c8aeffaac752c6ad6fcfb8b676a95fd6f947507ab5abc0908b93c5d9ef46",
        "@PARENT": "root.record.ItemExhibitList.P5Item.CostElementCategoryList.Software.Recurring.CostElementList.CostElement.ManufacturerList.Manufacturer.HistoryPlanningList.HistoryPlanning"
    },
    {
        "ServiceAgencyName_val": "Marine Corps",
        "ProcQuantity_val": "1340",
        "AcceptedBeforeOct1_val": "0",
        "@SOURCE_FILENAME": "2013-BASE_PROCUREMENT-2013-DEFENSE_CBDP-JustificationBook_Chemical_and_Biological_Defense_Program_PB_2013.zzz_unzipped-JustificationBook_Chemical_and_Biological_Defense_Program_PB_2013.xml",
        "@RECORDID": "44176a3b5f929933fa29f988a86df488aaa195b200a378d544132404a2eeb5bb",
        "@ROWID": "1-fd4acd7511a56c5171886ba2229d864f4c3840c84948394345404beeff5b337e",
        "@PARENTROWID": "0-0783c8aeffaac752c6ad6fcfb8b676a95fd6f947507ab5abc0908b93c5d9ef46",
        "@PARENT": "root.record.ItemExhibitList.P5Item.CostElementCategoryList.Software.Recurring.CostElementList.CostElement.ManufacturerList.Manufacturer.HistoryPlanningList.HistoryPlanning"
    },
    {
        "ServiceAgencyName_val": "Navy",
        "ProcQuantity_val": "665",
        "AcceptedBeforeOct1_val": "0",
        "@SOURCE_FILENAME": "2013-BASE_PROCUREMENT-2013-DEFENSE_CBDP-JustificationBook_Chemical_and_Biological_Defense_Program_PB_2013.zzz_unzipped-JustificationBook_Chemical_and_Biological_Defense_Program_PB_2013.xml",
        "@RECORDID": "44176a3b5f929933fa29f988a86df488aaa195b200a378d544132404a2eeb5bb",
        "@ROWID": "2-18ea31121aeeaf13df86486e0af88033afa7d98d87aa689f28614073d2eee02e",
        "@PARENTROWID": "0-0783c8aeffaac752c6ad6fcfb8b676a95fd6f947507ab5abc0908b93c5d9ef46",
        "@PARENT": "root.record.ItemExhibitList.P5Item.CostElementCategoryList.Software.Recurring.CostElementList.CostElement.ManufacturerList.Manufacturer.HistoryPlanningList.HistoryPlanning"
    },
    {
        "ServiceAgencyName_val": "Army",
        "ProcQuantity_val": "1995",
        "AcceptedBeforeOct1_val": "0",
        "@SOURCE_FILENAME": "2013-BASE_PROCUREMENT-2013-DEFENSE_CBDP-JustificationBook_Chemical_and_Biological_Defense_Program_PB_2013.zzz_unzipped-JustificationBook_Chemical_and_Biological_Defense_Program_PB_2013.xml",
        "@RECORDID": "44176a3b5f929933fa29f988a86df488aaa195b200a378d544132404a2eeb5bb",
        "@ROWID": "0-7a7592f54e807a2a46065811783ab3e62c05fa8e23d34b6eacfb3d642d7383c6",
        "@PARENTROWID": "1-9b9b00c52198d82aea8ef0a7d7ff97f6218d1ed38885d128103473d53742e47f",
        "@PARENT": "root.record.ItemExhibitList.P5Item.CostElementCategoryList.Software.Recurring.CostElementList.CostElement.ManufacturerList.Manufacturer.HistoryPlanningList.HistoryPlanning"
    },
    {
        "ServiceAgencyName_val": "Marine Corps",
        "ProcQuantity_val": "1340",
        "AcceptedBeforeOct1_val": "0",
        "@SOURCE_FILENAME": "2013-BASE_PROCUREMENT-2013-DEFENSE_CBDP-JustificationBook_Chemical_and_Biological_Defense_Program_PB_2013.zzz_unzipped-JustificationBook_Chemical_and_Biological_Defense_Program_PB_2013.xml",
        "@RECORDID": "44176a3b5f929933fa29f988a86df488aaa195b200a378d544132404a2eeb5bb",
        "@ROWID": "1-acf3dc80fe173014fa8e99fd0365528fb8d19f8e8a03fc2770f2c11124247741",
        "@PARENTROWID": "1-9b9b00c52198d82aea8ef0a7d7ff97f6218d1ed38885d128103473d53742e47f",
        "@PARENT": "root.record.ItemExhibitList.P5Item.CostElementCategoryList.Software.Recurring.CostElementList.CostElement.ManufacturerList.Manufacturer.HistoryPlanningList.HistoryPlanning"
    },
    {
        "ServiceAgencyName_val": "Navy",
        "ProcQuantity_val": "665",
        "AcceptedBeforeOct1_val": "0",
        "@SOURCE_FILENAME": "2013-BASE_PROCUREMENT-2013-DEFENSE_CBDP-JustificationBook_Chemical_and_Biological_Defense_Program_PB_2013.zzz_unzipped-JustificationBook_Chemical_and_Biological_Defense_Program_PB_2013.xml",
        "@RECORDID": "44176a3b5f929933fa29f988a86df488aaa195b200a378d544132404a2eeb5bb",
        "@ROWID": "2-85d345439ea456fc4d4e8f592aa5007a3c8092f335ed878e5d9e00be7b86b1ea",
        "@PARENTROWID": "1-9b9b00c52198d82aea8ef0a7d7ff97f6218d1ed38885d128103473d53742e47f",
        "@PARENT": "root.record.ItemExhibitList.P5Item.CostElementCategoryList.Software.Recurring.CostElementList.CostElement.ManufacturerList.Manufacturer.HistoryPlanningList.HistoryPlanning"
    },
    {
        "ServiceAgencyName_val": "Army",
        "ProcQuantity_val": "2495",
        "AcceptedBeforeOct1_val": "0",
        "@SOURCE_FILENAME": "2013-BASE_PROCUREMENT-2013-DEFENSE_CBDP-JustificationBook_Chemical_and_Biological_Defense_Program_PB_2013.zzz_unzipped-JustificationBook_Chemical_and_Biological_Defense_Program_PB_2013.xml",
        "@RECORDID": "44176a3b5f929933fa29f988a86df488aaa195b200a378d544132404a2eeb5bb",
        "@ROWID": "0-adad33b8d74572c808b0ed8e7eecba916b5fdf1bcf78d333c45ecf9cdfc49226",
        "@PARENTROWID": "2-1d47f1bb960d4f54f74ec80d7e2b112ce5167cabd9ce0e855a5ca9a5a78a3df0",
        "@PARENT": "root.record.ItemExhibitList.P5Item.CostElementCategoryList.Software.Recurring.CostElementList.CostElement.ManufacturerList.Manufacturer.HistoryPlanningList.HistoryPlanning"
    },
    {
        "ServiceAgencyName_val": "Marine Corps",
        "ProcQuantity_val": "1680",
        "AcceptedBeforeOct1_val": "0",
        "@SOURCE_FILENAME": "2013-BASE_PROCUREMENT-2013-DEFENSE_CBDP-JustificationBook_Chemical_and_Biological_Defense_Program_PB_2013.zzz_unzipped-JustificationBook_Chemical_and_Biological_Defense_Program_PB_2013.xml",
        "@RECORDID": "44176a3b5f929933fa29f988a86df488aaa195b200a378d544132404a2eeb5bb",
        "@ROWID": "1-78496260131fc12af6a268b8ee6c728d89ab2304d6af0067912a63fa84748551",
        "@PARENTROWID": "2-1d47f1bb960d4f54f74ec80d7e2b112ce5167cabd9ce0e855a5ca9a5a78a3df0",
        "@PARENT": "root.record.ItemExhibitList.P5Item.CostElementCategoryList.Software.Recurring.CostElementList.CostElement.ManufacturerList.Manufacturer.HistoryPlanningList.HistoryPlanning"
    },
    {
        "ServiceAgencyName_val": "Navy",
        "ProcQuantity_val": "825",
        "AcceptedBeforeOct1_val": "0",
        "@SOURCE_FILENAME": "2013-BASE_PROCUREMENT-2013-DEFENSE_CBDP-JustificationBook_Chemical_and_Biological_Defense_Program_PB_2013.zzz_unzipped-JustificationBook_Chemical_and_Biological_Defense_Program_PB_2013.xml",
        "@RECORDID": "44176a3b5f929933fa29f988a86df488aaa195b200a378d544132404a2eeb5bb",
        "@ROWID": "2-32b968fd44659254cd57ebc5544f4294a6d7c01aea590ab589a7e829647fc3c8",
        "@PARENTROWID": "2-1d47f1bb960d4f54f74ec80d7e2b112ce5167cabd9ce0e855a5ca9a5a78a3df0",
        "@PARENT": "root.record.ItemExhibitList.P5Item.CostElementCategoryList.Software.Recurring.CostElementList.CostElement.ManufacturerList.Manufacturer.HistoryPlanningList.HistoryPlanning"
    },
    {
        "ServiceAgencyName_val": "Army",
        "ProcQuantity_val": "2495",
        "AcceptedBeforeOct1_val": "0",
        "@SOURCE_FILENAME": "2013-BASE_PROCUREMENT-2013-DEFENSE_CBDP-JustificationBook_Chemical_and_Biological_Defense_Program_PB_2013.zzz_unzipped-JustificationBook_Chemical_and_Biological_Defense_Program_PB_2013.xml",
        "@RECORDID": "44176a3b5f929933fa29f988a86df488aaa195b200a378d544132404a2eeb5bb",
        "@ROWID": "0-9cdc06e931200c046aecfab429ff268908d4e9b05d969929fb3ddff607cea7fa",
        "@PARENTROWID": "3-704cddd17cc816f115b28a1e3e540167d56d452766a3db55c65fe08bf2407ad7",
        "@PARENT": "root.record.ItemExhibitList.P5Item.CostElementCategoryList.Software.Recurring.CostElementList.CostElement.ManufacturerList.Manufacturer.HistoryPlanningList.HistoryPlanning"
    },
    {
        "ServiceAgencyName_val": "Marine Corps",
        "ProcQuantity_val": "1680",
        "AcceptedBeforeOct1_val": "0",
        "@SOURCE_FILENAME": "2013-BASE_PROCUREMENT-2013-DEFENSE_CBDP-JustificationBook_Chemical_and_Biological_Defense_Program_PB_2013.zzz_unzipped-JustificationBook_Chemical_and_Biological_Defense_Program_PB_2013.xml",
        "@RECORDID": "44176a3b5f929933fa29f988a86df488aaa195b200a378d544132404a2eeb5bb",
        "@ROWID": "1-cfe9c399b1b976f6529b53ed9a7aa31d2b3b486dc4500a3ea797f2e2efe685c7",
        "@PARENTROWID": "3-704cddd17cc816f115b28a1e3e540167d56d452766a3db55c65fe08bf2407ad7",
        "@PARENT": "root.record.ItemExhibitList.P5Item.CostElementCategoryList.Software.Recurring.CostElementList.CostElement.ManufacturerList.Manufacturer.HistoryPlanningList.HistoryPlanning"
    },
    {
        "ServiceAgencyName_val": "Navy",
        "ProcQuantity_val": "825",
        "AcceptedBeforeOct1_val": "0",
        "@SOURCE_FILENAME": "2013-BASE_PROCUREMENT-2013-DEFENSE_CBDP-JustificationBook_Chemical_and_Biological_Defense_Program_PB_2013.zzz_unzipped-JustificationBook_Chemical_and_Biological_Defense_Program_PB_2013.xml",
        "@RECORDID": "44176a3b5f929933fa29f988a86df488aaa195b200a378d544132404a2eeb5bb",
        "@ROWID": "2-8b721cc1a0dd9dfe9ed9d8a1f9efaf056d3cc4da37378e137967abef61cfd0c8",
        "@PARENTROWID": "3-704cddd17cc816f115b28a1e3e540167d56d452766a3db55c65fe08bf2407ad7",
        "@PARENT": "root.record.ItemExhibitList.P5Item.CostElementCategoryList.Software.Recurring.CostElementList.CostElement.ManufacturerList.Manufacturer.HistoryPlanningList.HistoryPlanning"
    },
    {
        "ServiceAgencyName_val": "Army",
        "ProcQuantity_val": "3485",
        "AcceptedBeforeOct1_val": "2440",
        "@SOURCE_FILENAME": "2013-BASE_PROCUREMENT-2013-DEFENSE_CBDP-JustificationBook_Chemical_and_Biological_Defense_Program_PB_2013.zzz_unzipped-JustificationBook_Chemical_and_Biological_Defense_Program_PB_2013.xml",
        "@RECORDID": "44176a3b5f929933fa29f988a86df488aaa195b200a378d544132404a2eeb5bb",
        "@ROWID": "0-d9fdcb353ba50b331cfa5d5855d99bc88d04d6f4a378b8a6480bbbebdc27575a",
        "@PARENTROWID": "0-67ea029938d370bf061daf32146c3c5bcc21b0cf341641207f7b636f59f4dd82",
        "@PARENT": "root.record.ItemExhibitList.P5Item.CostElementCategoryList.Software.Recurring.CostElementList.CostElement.ManufacturerList.Manufacturer.HistoryPlanningList.HistoryPlanning"
    },
    {
        "ServiceAgencyName_val": "Air Force",
        "ProcQuantity_val": "2869",
        "AcceptedBeforeOct1_val": "2009",
        "@SOURCE_FILENAME": "2013-BASE_PROCUREMENT-2013-DEFENSE_CBDP-JustificationBook_Chemical_and_Biological_Defense_Program_PB_2013.zzz_unzipped-JustificationBook_Chemical_and_Biological_Defense_Program_PB_2013.xml",
        "@RECORDID": "44176a3b5f929933fa29f988a86df488aaa195b200a378d544132404a2eeb5bb",
        "@ROWID": "1-dd141eb7c39d40fc7ed52685c5d6f464992b2491b8e994264ca8fd3b7c1e7845",
        "@PARENTROWID": "0-67ea029938d370bf061daf32146c3c5bcc21b0cf341641207f7b636f59f4dd82",
        "@PARENT": "root.record.ItemExhibitList.P5Item.CostElementCategoryList.Software.Recurring.CostElementList.CostElement.ManufacturerList.Manufacturer.HistoryPlanningList.HistoryPlanning"
    },
    {
        "ServiceAgencyName_val": "Marine Corps",
        "ProcQuantity_val": "356",
        "AcceptedBeforeOct1_val": "356",
        "@SOURCE_FILENAME": "2013-BASE_PROCUREMENT-2013-DEFENSE_CBDP-JustificationBook_Chemical_and_Biological_Defense_Program_PB_2013.zzz_unzipped-JustificationBook_Chemical_and_Biological_Defense_Program_PB_2013.xml",
        "@RECORDID": "44176a3b5f929933fa29f988a86df488aaa195b200a378d544132404a2eeb5bb",
        "@ROWID": "2-e74bfb056f10f2e4fd41c553f7bb5466c3a6ac55e30f8fcbbdaa45a943aee02f",
        "@PARENTROWID": "0-67ea029938d370bf061daf32146c3c5bcc21b0cf341641207f7b636f59f4dd82",
        "@PARENT": "root.record.ItemExhibitList.P5Item.CostElementCategoryList.Software.Recurring.CostElementList.CostElement.ManufacturerList.Manufacturer.HistoryPlanningList.HistoryPlanning"
    },
    {
        "ServiceAgencyName_val": "Navy",
        "ProcQuantity_val": "254",
        "AcceptedBeforeOct1_val": "254",
        "@SOURCE_FILENAME": "2013-BASE_PROCUREMENT-2013-DEFENSE_CBDP-JustificationBook_Chemical_and_Biological_Defense_Program_PB_2013.zzz_unzipped-JustificationBook_Chemical_and_Biological_Defense_Program_PB_2013.xml",
        "@RECORDID": "44176a3b5f929933fa29f988a86df488aaa195b200a378d544132404a2eeb5bb",
        "@ROWID": "3-bd6497733a226cb64153cd584c20b91ecc11f91ae7ca4b117b7d6f019df271f0",
        "@PARENTROWID": "0-67ea029938d370bf061daf32146c3c5bcc21b0cf341641207f7b636f59f4dd82",
        "@PARENT": "root.record.ItemExhibitList.P5Item.CostElementCategoryList.Software.Recurring.CostElementList.CostElement.ManufacturerList.Manufacturer.HistoryPlanningList.HistoryPlanning"
    },
    {
        "ServiceAgencyName_val": "Army",
        "ProcQuantity_val": "3485",
        "AcceptedBeforeOct1_val": "0",
        "@SOURCE_FILENAME": "2013-BASE_PROCUREMENT-2013-DEFENSE_CBDP-JustificationBook_Chemical_and_Biological_Defense_Program_PB_2013.zzz_unzipped-JustificationBook_Chemical_and_Biological_Defense_Program_PB_2013.xml",
        "@RECORDID": "44176a3b5f929933fa29f988a86df488aaa195b200a378d544132404a2eeb5bb",
        "@ROWID": "0-e1d1cf1a170b558a54450dd645b7bdc0d36393844c6ea8c6bb23a68faa11140c",
        "@PARENTROWID": "1-a8fb8ff38afa31b3b717f119bb887e192352f89d84ccad7b6e6e310c762d91a3",
        "@PARENT": "root.record.ItemExhibitList.P5Item.CostElementCategoryList.Software.Recurring.CostElementList.CostElement.ManufacturerList.Manufacturer.HistoryPlanningList.HistoryPlanning"
    },
    {
        "ServiceAgencyName_val": "Air Force",
        "ProcQuantity_val": "2869",
        "AcceptedBeforeOct1_val": "0",
        "@SOURCE_FILENAME": "2013-BASE_PROCUREMENT-2013-DEFENSE_CBDP-JustificationBook_Chemical_and_Biological_Defense_Program_PB_2013.zzz_unzipped-JustificationBook_Chemical_and_Biological_Defense_Program_PB_2013.xml",
        "@RECORDID": "44176a3b5f929933fa29f988a86df488aaa195b200a378d544132404a2eeb5bb",
        "@ROWID": "1-052cc47faa887d1dfecd53debdfbcc7db75b9b2d48243618e159f4e3b111f7e3",
        "@PARENTROWID": "1-a8fb8ff38afa31b3b717f119bb887e192352f89d84ccad7b6e6e310c762d91a3",
        "@PARENT": "root.record.ItemExhibitList.P5Item.CostElementCategoryList.Software.Recurring.CostElementList.CostElement.ManufacturerList.Manufacturer.HistoryPlanningList.HistoryPlanning"
    },
    {
        "ServiceAgencyName_val": "Marine Corps",
        "ProcQuantity_val": "356",
        "AcceptedBeforeOct1_val": "0",
        "@SOURCE_FILENAME": "2013-BASE_PROCUREMENT-2013-DEFENSE_CBDP-JustificationBook_Chemical_and_Biological_Defense_Program_PB_2013.zzz_unzipped-JustificationBook_Chemical_and_Biological_Defense_Program_PB_2013.xml",
        "@RECORDID": "44176a3b5f929933fa29f988a86df488aaa195b200a378d544132404a2eeb5bb",
        "@ROWID": "2-c24e70d260975d6d235d57fcde7c257ba76f2f6f9b077aa12dd3e6f959581ccc",
        "@PARENTROWID": "1-a8fb8ff38afa31b3b717f119bb887e192352f89d84ccad7b6e6e310c762d91a3",
        "@PARENT": "root.record.ItemExhibitList.P5Item.CostElementCategoryList.Software.Recurring.CostElementList.CostElement.ManufacturerList.Manufacturer.HistoryPlanningList.HistoryPlanning"
    },
    {
        "ServiceAgencyName_val": "Navy",
        "ProcQuantity_val": "254",
        "AcceptedBeforeOct1_val": "0",
        "@SOURCE_FILENAME": "2013-BASE_PROCUREMENT-2013-DEFENSE_CBDP-JustificationBook_Chemical_and_Biological_Defense_Program_PB_2013.zzz_unzipped-JustificationBook_Chemical_and_Biological_Defense_Program_PB_2013.xml",
        "@RECORDID": "44176a3b5f929933fa29f988a86df488aaa195b200a378d544132404a2eeb5bb",
        "@ROWID": "3-673129af9dfb49d4a97893ff879615d408e819763cde7335f3fb973eb9050f94",
        "@PARENTROWID": "1-a8fb8ff38afa31b3b717f119bb887e192352f89d84ccad7b6e6e310c762d91a3",
        "@PARENT": "root.record.ItemExhibitList.P5Item.CostElementCategoryList.Software.Recurring.CostElementList.CostElement.ManufacturerList.Manufacturer.HistoryPlanningList.HistoryPlanning"
    },
    {
        "ServiceAgencyName_val": "Army",
        "ProcQuantity_val": "1995",
        "AcceptedBeforeOct1_val": "0",
        "@SOURCE_FILENAME": "2013-BASE_PROCUREMENT-2013-DEFENSE_VOL1-MasterJustificationBook_Defense-Wide_PB_2013.zzz_unzipped-MasterJustificationBook_Defense-Wide_PB_2013.xml",
        "@RECORDID": "c77d5f438539d7acd66e0d53502dbd64712600bc7cbf03a534e487a823f9d240",
        "@ROWID": "0-cad85cd57381f352250676e5e17b0e2f3d8e429eb801fa7ec30227b1bdffe2c0",
        "@PARENTROWID": "0-bc474ee569e3542856308eadfe7648f53cf88a56a0efb980b31187a0678566c2",
        "@PARENT": "root.record.ItemExhibitList.P5Item.CostElementCategoryList.Software.Recurring.CostElementList.CostElement.ManufacturerList.Manufacturer.HistoryPlanningList.HistoryPlanning"
    },
    {
        "ServiceAgencyName_val": "Marine Corps",
        "ProcQuantity_val": "1340",
        "AcceptedBeforeOct1_val": "0",
        "@SOURCE_FILENAME": "2013-BASE_PROCUREMENT-2013-DEFENSE_VOL1-MasterJustificationBook_Defense-Wide_PB_2013.zzz_unzipped-MasterJustificationBook_Defense-Wide_PB_2013.xml",
        "@RECORDID": "c77d5f438539d7acd66e0d53502dbd64712600bc7cbf03a534e487a823f9d240",
        "@ROWID": "1-f55a4c7bf6ddd235818565eceaf964bbc1a32a157c0d6bd5ea0a0e47ef491d63",
        "@PARENTROWID": "0-bc474ee569e3542856308eadfe7648f53cf88a56a0efb980b31187a0678566c2",
        "@PARENT": "root.record.ItemExhibitList.P5Item.CostElementCategoryList.Software.Recurring.CostElementList.CostElement.ManufacturerList.Manufacturer.HistoryPlanningList.HistoryPlanning"
    },
    {
        "ServiceAgencyName_val": "Navy",
        "ProcQuantity_val": "665",
        "AcceptedBeforeOct1_val": "0",
        "@SOURCE_FILENAME": "2013-BASE_PROCUREMENT-2013-DEFENSE_VOL1-MasterJustificationBook_Defense-Wide_PB_2013.zzz_unzipped-MasterJustificationBook_Defense-Wide_PB_2013.xml",
        "@RECORDID": "c77d5f438539d7acd66e0d53502dbd64712600bc7cbf03a534e487a823f9d240",
        "@ROWID": "2-d70035de5ecf6fcdbf87dadc923c1c2a4c714d401c37de16cb505c839aae7d65",
        "@PARENTROWID": "0-bc474ee569e3542856308eadfe7648f53cf88a56a0efb980b31187a0678566c2",
        "@PARENT": "root.record.ItemExhibitList.P5Item.CostElementCategoryList.Software.Recurring.CostElementList.CostElement.ManufacturerList.Manufacturer.HistoryPlanningList.HistoryPlanning"
    },
    {
        "ServiceAgencyName_val": "Army",
        "ProcQuantity_val": "1995",
        "AcceptedBeforeOct1_val": "0",
        "@SOURCE_FILENAME": "2013-BASE_PROCUREMENT-2013-DEFENSE_VOL1-MasterJustificationBook_Defense-Wide_PB_2013.zzz_unzipped-MasterJustificationBook_Defense-Wide_PB_2013.xml",
        "@RECORDID": "c77d5f438539d7acd66e0d53502dbd64712600bc7cbf03a534e487a823f9d240",
        "@ROWID": "0-76a4e39b3a9f335f2141ec3d08bbcb69c5af1b41d9e5bfebcb3e22b39d05d524",
        "@PARENTROWID": "1-9e095ad6ba8a8ffb47c39f025d7937eb825e822edc1a073ddc2b24333bfd5dde",
        "@PARENT": "root.record.ItemExhibitList.P5Item.CostElementCategoryList.Software.Recurring.CostElementList.CostElement.ManufacturerList.Manufacturer.HistoryPlanningList.HistoryPlanning"
    },
    {
        "ServiceAgencyName_val": "Marine Corps",
        "ProcQuantity_val": "1340",
        "AcceptedBeforeOct1_val": "0",
        "@SOURCE_FILENAME": "2013-BASE_PROCUREMENT-2013-DEFENSE_VOL1-MasterJustificationBook_Defense-Wide_PB_2013.zzz_unzipped-MasterJustificationBook_Defense-Wide_PB_2013.xml",
        "@RECORDID": "c77d5f438539d7acd66e0d53502dbd64712600bc7cbf03a534e487a823f9d240",
        "@ROWID": "1-29877609be7f32458c06ae1aff049977c5cfa4018cac7a1489a7fd28b9dbfad3",
        "@PARENTROWID": "1-9e095ad6ba8a8ffb47c39f025d7937eb825e822edc1a073ddc2b24333bfd5dde",
        "@PARENT": "root.record.ItemExhibitList.P5Item.CostElementCategoryList.Software.Recurring.CostElementList.CostElement.ManufacturerList.Manufacturer.HistoryPlanningList.HistoryPlanning"
    },
    {
        "ServiceAgencyName_val": "Navy",
        "ProcQuantity_val": "665",
        "AcceptedBeforeOct1_val": "0",
        "@SOURCE_FILENAME": "2013-BASE_PROCUREMENT-2013-DEFENSE_VOL1-MasterJustificationBook_Defense-Wide_PB_2013.zzz_unzipped-MasterJustificationBook_Defense-Wide_PB_2013.xml",
        "@RECORDID": "c77d5f438539d7acd66e0d53502dbd64712600bc7cbf03a534e487a823f9d240",
        "@ROWID": "2-e3239eddcc5827d22bea451620a4ceb2f060a3b47fc1a3e8ac9aba5d850fb5df",
        "@PARENTROWID": "1-9e095ad6ba8a8ffb47c39f025d7937eb825e822edc1a073ddc2b24333bfd5dde",
        "@PARENT": "root.record.ItemExhibitList.P5Item.CostElementCategoryList.Software.Recurring.CostElementList.CostElement.ManufacturerList.Manufacturer.HistoryPlanningList.HistoryPlanning"
    },
    {
        "ServiceAgencyName_val": "Army",
        "ProcQuantity_val": "2495",
        "AcceptedBeforeOct1_val": "0",
        "@SOURCE_FILENAME": "2013-BASE_PROCUREMENT-2013-DEFENSE_VOL1-MasterJustificationBook_Defense-Wide_PB_2013.zzz_unzipped-MasterJustificationBook_Defense-Wide_PB_2013.xml",
        "@RECORDID": "c77d5f438539d7acd66e0d53502dbd64712600bc7cbf03a534e487a823f9d240",
        "@ROWID": "0-7f4f20f072ad95d948bcb1b943013f46417be302aee58242299d5c18a08ec6b1",
        "@PARENTROWID": "2-17d0a205f13c14718f6c301bda56bdabeb7630f0adcde6824b01f615c2e21a81",
        "@PARENT": "root.record.ItemExhibitList.P5Item.CostElementCategoryList.Software.Recurring.CostElementList.CostElement.ManufacturerList.Manufacturer.HistoryPlanningList.HistoryPlanning"
    },
    {
        "ServiceAgencyName_val": "Marine Corps",
        "ProcQuantity_val": "1680",
        "AcceptedBeforeOct1_val": "0",
        "@SOURCE_FILENAME": "2013-BASE_PROCUREMENT-2013-DEFENSE_VOL1-MasterJustificationBook_Defense-Wide_PB_2013.zzz_unzipped-MasterJustificationBook_Defense-Wide_PB_2013.xml",
        "@RECORDID": "c77d5f438539d7acd66e0d53502dbd64712600bc7cbf03a534e487a823f9d240",
        "@ROWID": "1-3f6068cb742c7e5b0c9a595af98875487ab2d0373e98c1e6252f8b090044ff4b",
        "@PARENTROWID": "2-17d0a205f13c14718f6c301bda56bdabeb7630f0adcde6824b01f615c2e21a81",
        "@PARENT": "root.record.ItemExhibitList.P5Item.CostElementCategoryList.Software.Recurring.CostElementList.CostElement.ManufacturerList.Manufacturer.HistoryPlanningList.HistoryPlanning"
    },
    {
        "ServiceAgencyName_val": "Navy",
        "ProcQuantity_val": "825",
        "AcceptedBeforeOct1_val": "0",
        "@SOURCE_FILENAME": "2013-BASE_PROCUREMENT-2013-DEFENSE_VOL1-MasterJustificationBook_Defense-Wide_PB_2013.zzz_unzipped-MasterJustificationBook_Defense-Wide_PB_2013.xml",
        "@RECORDID": "c77d5f438539d7acd66e0d53502dbd64712600bc7cbf03a534e487a823f9d240",
        "@ROWID": "2-e552c5f96ca5018f0c412243c129b0ec3c0c7d84d7766b21a24d749b78d4220c",
        "@PARENTROWID": "2-17d0a205f13c14718f6c301bda56bdabeb7630f0adcde6824b01f615c2e21a81",
        "@PARENT": "root.record.ItemExhibitList.P5Item.CostElementCategoryList.Software.Recurring.CostElementList.CostElement.ManufacturerList.Manufacturer.HistoryPlanningList.HistoryPlanning"
    },
    {
        "ServiceAgencyName_val": "Army",
        "ProcQuantity_val": "2495",
        "AcceptedBeforeOct1_val": "0",
        "@SOURCE_FILENAME": "2013-BASE_PROCUREMENT-2013-DEFENSE_VOL1-MasterJustificationBook_Defense-Wide_PB_2013.zzz_unzipped-MasterJustificationBook_Defense-Wide_PB_2013.xml",
        "@RECORDID": "c77d5f438539d7acd66e0d53502dbd64712600bc7cbf03a534e487a823f9d240",
        "@ROWID": "0-9947491f227f97eb75f6aaf5e31fe29bb216cd1dadbe2521fef899fb61f7c7eb",
        "@PARENTROWID": "3-403b446647df6d40e4e6d75e1c2861c12e794d9f786d5f381e2dccf28a0f3c1f",
        "@PARENT": "root.record.ItemExhibitList.P5Item.CostElementCategoryList.Software.Recurring.CostElementList.CostElement.ManufacturerList.Manufacturer.HistoryPlanningList.HistoryPlanning"
    },
    {
        "ServiceAgencyName_val": "Marine Corps",
        "ProcQuantity_val": "1680",
        "AcceptedBeforeOct1_val": "0",
        "@SOURCE_FILENAME": "2013-BASE_PROCUREMENT-2013-DEFENSE_VOL1-MasterJustificationBook_Defense-Wide_PB_2013.zzz_unzipped-MasterJustificationBook_Defense-Wide_PB_2013.xml",
        "@RECORDID": "c77d5f438539d7acd66e0d53502dbd64712600bc7cbf03a534e487a823f9d240",
        "@ROWID": "1-f9e189c23f45a6954c639a259547a9633d519f6971c5e5cea5272db8cc407ba5",
        "@PARENTROWID": "3-403b446647df6d40e4e6d75e1c2861c12e794d9f786d5f381e2dccf28a0f3c1f",
        "@PARENT": "root.record.ItemExhibitList.P5Item.CostElementCategoryList.Software.Recurring.CostElementList.CostElement.ManufacturerList.Manufacturer.HistoryPlanningList.HistoryPlanning"
    },
    {
        "ServiceAgencyName_val": "Navy",
        "ProcQuantity_val": "825",
        "AcceptedBeforeOct1_val": "0",
        "@SOURCE_FILENAME": "2013-BASE_PROCUREMENT-2013-DEFENSE_VOL1-MasterJustificationBook_Defense-Wide_PB_2013.zzz_unzipped-MasterJustificationBook_Defense-Wide_PB_2013.xml",
        "@RECORDID": "c77d5f438539d7acd66e0d53502dbd64712600bc7cbf03a534e487a823f9d240",
        "@ROWID": "2-548df01ce4a2bc28d95499accbc40cb7b4cf9f8176edc9a4af9b44cde6a01b82",
        "@PARENTROWID": "3-403b446647df6d40e4e6d75e1c2861c12e794d9f786d5f381e2dccf28a0f3c1f",
        "@PARENT": "root.record.ItemExhibitList.P5Item.CostElementCategoryList.Software.Recurring.CostElementList.CostElement.ManufacturerList.Manufacturer.HistoryPlanningList.HistoryPlanning"
    },
    {
        "ServiceAgencyName_val": "Army",
        "ProcQuantity_val": "3485",
        "AcceptedBeforeOct1_val": "2440",
        "@SOURCE_FILENAME": "2013-BASE_PROCUREMENT-2013-DEFENSE_VOL1-MasterJustificationBook_Defense-Wide_PB_2013.zzz_unzipped-MasterJustificationBook_Defense-Wide_PB_2013.xml",
        "@RECORDID": "c77d5f438539d7acd66e0d53502dbd64712600bc7cbf03a534e487a823f9d240",
        "@ROWID": "0-78a4ac1d967ea4995915b1bd3d4547e081538d753188a3244598d9be1790f690",
        "@PARENTROWID": "0-4660f8343f8353e9a92230342c2f7841b91ad151aa96ca8e6ae0c11e3c683a30",
        "@PARENT": "root.record.ItemExhibitList.P5Item.CostElementCategoryList.Software.Recurring.CostElementList.CostElement.ManufacturerList.Manufacturer.HistoryPlanningList.HistoryPlanning"
    },
    {
        "ServiceAgencyName_val": "Air Force",
        "ProcQuantity_val": "2869",
        "AcceptedBeforeOct1_val": "2009",
        "@SOURCE_FILENAME": "2013-BASE_PROCUREMENT-2013-DEFENSE_VOL1-MasterJustificationBook_Defense-Wide_PB_2013.zzz_unzipped-MasterJustificationBook_Defense-Wide_PB_2013.xml",
        "@RECORDID": "c77d5f438539d7acd66e0d53502dbd64712600bc7cbf03a534e487a823f9d240",
        "@ROWID": "1-5b54831bcf17f8de812d1631d0bf55c6bea1437f9e08841a3276fcb268e8358e",
        "@PARENTROWID": "0-4660f8343f8353e9a92230342c2f7841b91ad151aa96ca8e6ae0c11e3c683a30",
        "@PARENT": "root.record.ItemExhibitList.P5Item.CostElementCategoryList.Software.Recurring.CostElementList.CostElement.ManufacturerList.Manufacturer.HistoryPlanningList.HistoryPlanning"
    },
    {
        "ServiceAgencyName_val": "Marine Corps",
        "ProcQuantity_val": "356",
        "AcceptedBeforeOct1_val": "356",
        "@SOURCE_FILENAME": "2013-BASE_PROCUREMENT-2013-DEFENSE_VOL1-MasterJustificationBook_Defense-Wide_PB_2013.zzz_unzipped-MasterJustificationBook_Defense-Wide_PB_2013.xml",
        "@RECORDID": "c77d5f438539d7acd66e0d53502dbd64712600bc7cbf03a534e487a823f9d240",
        "@ROWID": "2-eee9915f39ba37d1442610431d9b545d11853d20bc92e44fefe833a9201532a7",
        "@PARENTROWID": "0-4660f8343f8353e9a92230342c2f7841b91ad151aa96ca8e6ae0c11e3c683a30",
        "@PARENT": "root.record.ItemExhibitList.P5Item.CostElementCategoryList.Software.Recurring.CostElementList.CostElement.ManufacturerList.Manufacturer.HistoryPlanningList.HistoryPlanning"
    },
    {
        "ServiceAgencyName_val": "Navy",
        "ProcQuantity_val": "254",
        "AcceptedBeforeOct1_val": "254",
        "@SOURCE_FILENAME": "2013-BASE_PROCUREMENT-2013-DEFENSE_VOL1-MasterJustificationBook_Defense-Wide_PB_2013.zzz_unzipped-MasterJustificationBook_Defense-Wide_PB_2013.xml",
        "@RECORDID": "c77d5f438539d7acd66e0d53502dbd64712600bc7cbf03a534e487a823f9d240",
        "@ROWID": "3-c82e8251b289bf026085c9284a6e0e5eca0592f1217319f7abc2cb93201ada3a",
        "@PARENTROWID": "0-4660f8343f8353e9a92230342c2f7841b91ad151aa96ca8e6ae0c11e3c683a30",
        "@PARENT": "root.record.ItemExhibitList.P5Item.CostElementCategoryList.Software.Recurring.CostElementList.CostElement.ManufacturerList.Manufacturer.HistoryPlanningList.HistoryPlanning"
    },
    {
        "ServiceAgencyName_val": "Army",
        "ProcQuantity_val": "3485",
        "AcceptedBeforeOct1_val": "0",
        "@SOURCE_FILENAME": "2013-BASE_PROCUREMENT-2013-DEFENSE_VOL1-MasterJustificationBook_Defense-Wide_PB_2013.zzz_unzipped-MasterJustificationBook_Defense-Wide_PB_2013.xml",
        "@RECORDID": "c77d5f438539d7acd66e0d53502dbd64712600bc7cbf03a534e487a823f9d240",
        "@ROWID": "0-32c0e68667bc3e5984091227722a330a3254a578cc00a2b49b9441be1e184d55",
        "@PARENTROWID": "1-8cf2e34e6aa5316a2ce0ee88e2b61ee59b713d9d775e480c5c286ce845983645",
        "@PARENT": "root.record.ItemExhibitList.P5Item.CostElementCategoryList.Software.Recurring.CostElementList.CostElement.ManufacturerList.Manufacturer.HistoryPlanningList.HistoryPlanning"
    },
    {
        "ServiceAgencyName_val": "Air Force",
        "ProcQuantity_val": "2869",
        "AcceptedBeforeOct1_val": "0",
        "@SOURCE_FILENAME": "2013-BASE_PROCUREMENT-2013-DEFENSE_VOL1-MasterJustificationBook_Defense-Wide_PB_2013.zzz_unzipped-MasterJustificationBook_Defense-Wide_PB_2013.xml",
        "@RECORDID": "c77d5f438539d7acd66e0d53502dbd64712600bc7cbf03a534e487a823f9d240",
        "@ROWID": "1-5f69779aeff21feee70b71779521619e097d5d98e3b87a4a81252bebd080c6ba",
        "@PARENTROWID": "1-8cf2e34e6aa5316a2ce0ee88e2b61ee59b713d9d775e480c5c286ce845983645",
        "@PARENT": "root.record.ItemExhibitList.P5Item.CostElementCategoryList.Software.Recurring.CostElementList.CostElement.ManufacturerList.Manufacturer.HistoryPlanningList.HistoryPlanning"
    },
    {
        "ServiceAgencyName_val": "Marine Corps",
        "ProcQuantity_val": "356",
        "AcceptedBeforeOct1_val": "0",
        "@SOURCE_FILENAME": "2013-BASE_PROCUREMENT-2013-DEFENSE_VOL1-MasterJustificationBook_Defense-Wide_PB_2013.zzz_unzipped-MasterJustificationBook_Defense-Wide_PB_2013.xml",
        "@RECORDID": "c77d5f438539d7acd66e0d53502dbd64712600bc7cbf03a534e487a823f9d240",
        "@ROWID": "2-13556cca3cfdb7642e111eb13af3b030de79630ca3635ddd81281947312462a2",
        "@PARENTROWID": "1-8cf2e34e6aa5316a2ce0ee88e2b61ee59b713d9d775e480c5c286ce845983645",
        "@PARENT": "root.record.ItemExhibitList.P5Item.CostElementCategoryList.Software.Recurring.CostElementList.CostElement.ManufacturerList.Manufacturer.HistoryPlanningList.HistoryPlanning"
    },
    {
        "ServiceAgencyName_val": "Navy",
        "ProcQuantity_val": "254",
        "AcceptedBeforeOct1_val": "0",
        "@SOURCE_FILENAME": "2013-BASE_PROCUREMENT-2013-DEFENSE_VOL1-MasterJustificationBook_Defense-Wide_PB_2013.zzz_unzipped-MasterJustificationBook_Defense-Wide_PB_2013.xml",
        "@RECORDID": "c77d5f438539d7acd66e0d53502dbd64712600bc7cbf03a534e487a823f9d240",
        "@ROWID": "3-172ff5711024e0ab968275b4b4855eae1b33bff1b7f818bbd3e3b0fae3375cf8",
        "@PARENTROWID": "1-8cf2e34e6aa5316a2ce0ee88e2b61ee59b713d9d775e480c5c286ce845983645",
        "@PARENT": "root.record.ItemExhibitList.P5Item.CostElementCategoryList.Software.Recurring.CostElementList.CostElement.ManufacturerList.Manufacturer.HistoryPlanningList.HistoryPlanning"
    },
    {
        "ServiceAgencyName_val": "Army",
        "ProcQuantity_val": "1995",
        "AcceptedBeforeOct1_val": "0",
        "@SOURCE_FILENAME": "2014-BASE_PROCUREMENT-2014-DEFENSE_CBDP-PROCUREMENT_JustificationBook_Chemical_and_Biological_Defense_Program_PB_2014.zzz_unzipped-PROCUREMENT_JustificationBook_Chemical_and_Biological_Defense_Program_PB_2014.xml",
        "@RECORDID": "97d306f3e37f2906a5001bc7c82dbaa23baf8de90825e377097cc280fffa115b",
        "@ROWID": "0-12f35bd18d2b6cef99559de67ff37f6869be9b2b8fc0b234f46fa3584824db82",
        "@PARENTROWID": "0-03632e21552233c846aab781f8a6f193c2fb452372ab03738d09095faae66b83",
        "@PARENT": "root.record.ItemExhibitList.P5Item.CostElementCategoryList.Software.Recurring.CostElementList.CostElement.ManufacturerList.Manufacturer.HistoryPlanningList.HistoryPlanning"
    },
    {
        "ServiceAgencyName_val": "Marine Corps",
        "ProcQuantity_val": "1340",
        "AcceptedBeforeOct1_val": "0",
        "@SOURCE_FILENAME": "2014-BASE_PROCUREMENT-2014-DEFENSE_CBDP-PROCUREMENT_JustificationBook_Chemical_and_Biological_Defense_Program_PB_2014.zzz_unzipped-PROCUREMENT_JustificationBook_Chemical_and_Biological_Defense_Program_PB_2014.xml",
        "@RECORDID": "97d306f3e37f2906a5001bc7c82dbaa23baf8de90825e377097cc280fffa115b",
        "@ROWID": "1-2489c8071d107f76aa82859882130575fd0463bc94d59a398ee487362d04a19d",
        "@PARENTROWID": "0-03632e21552233c846aab781f8a6f193c2fb452372ab03738d09095faae66b83",
        "@PARENT": "root.record.ItemExhibitList.P5Item.CostElementCategoryList.Software.Recurring.CostElementList.CostElement.ManufacturerList.Manufacturer.HistoryPlanningList.HistoryPlanning"
    },
    {
        "ServiceAgencyName_val": "Navy",
        "ProcQuantity_val": "665",
        "AcceptedBeforeOct1_val": "0",
        "@SOURCE_FILENAME": "2014-BASE_PROCUREMENT-2014-DEFENSE_CBDP-PROCUREMENT_JustificationBook_Chemical_and_Biological_Defense_Program_PB_2014.zzz_unzipped-PROCUREMENT_JustificationBook_Chemical_and_Biological_Defense_Program_PB_2014.xml",
        "@RECORDID": "97d306f3e37f2906a5001bc7c82dbaa23baf8de90825e377097cc280fffa115b",
        "@ROWID": "2-d6708c54df8bb0533eef6d92cfc5e4e73364ce41160f0abe82160d39906e1390",
        "@PARENTROWID": "0-03632e21552233c846aab781f8a6f193c2fb452372ab03738d09095faae66b83",
        "@PARENT": "root.record.ItemExhibitList.P5Item.CostElementCategoryList.Software.Recurring.CostElementList.CostElement.ManufacturerList.Manufacturer.HistoryPlanningList.HistoryPlanning"
    },
    {
        "ServiceAgencyName_val": "Army",
        "ProcQuantity_val": "2495",
        "AcceptedBeforeOct1_val": "0",
        "@SOURCE_FILENAME": "2014-BASE_PROCUREMENT-2014-DEFENSE_CBDP-PROCUREMENT_JustificationBook_Chemical_and_Biological_Defense_Program_PB_2014.zzz_unzipped-PROCUREMENT_JustificationBook_Chemical_and_Biological_Defense_Program_PB_2014.xml",
        "@RECORDID": "97d306f3e37f2906a5001bc7c82dbaa23baf8de90825e377097cc280fffa115b",
        "@ROWID": "0-6428d8e553dc92380bd47a98642f0b31f6b6f757020070bf315d0dbaaf1a8a61",
        "@PARENTROWID": "1-950695d5e3528b606f58bbac4d7d8cf622cf477ce1bc1da1dd7dd07ebbd69057",
        "@PARENT": "root.record.ItemExhibitList.P5Item.CostElementCategoryList.Software.Recurring.CostElementList.CostElement.ManufacturerList.Manufacturer.HistoryPlanningList.HistoryPlanning"
    },
    {
        "ServiceAgencyName_val": "Marine Corps",
        "ProcQuantity_val": "1680",
        "AcceptedBeforeOct1_val": "0",
        "@SOURCE_FILENAME": "2014-BASE_PROCUREMENT-2014-DEFENSE_CBDP-PROCUREMENT_JustificationBook_Chemical_and_Biological_Defense_Program_PB_2014.zzz_unzipped-PROCUREMENT_JustificationBook_Chemical_and_Biological_Defense_Program_PB_2014.xml",
        "@RECORDID": "97d306f3e37f2906a5001bc7c82dbaa23baf8de90825e377097cc280fffa115b",
        "@ROWID": "1-ca174d589654d02c30b4785ef48b17d5fab64b7db83956520cbf9c40b32180b4",
        "@PARENTROWID": "1-950695d5e3528b606f58bbac4d7d8cf622cf477ce1bc1da1dd7dd07ebbd69057",
        "@PARENT": "root.record.ItemExhibitList.P5Item.CostElementCategoryList.Software.Recurring.CostElementList.CostElement.ManufacturerList.Manufacturer.HistoryPlanningList.HistoryPlanning"
    },
    {
        "ServiceAgencyName_val": "Navy",
        "ProcQuantity_val": "825",
        "AcceptedBeforeOct1_val": "0",
        "@SOURCE_FILENAME": "2014-BASE_PROCUREMENT-2014-DEFENSE_CBDP-PROCUREMENT_JustificationBook_Chemical_and_Biological_Defense_Program_PB_2014.zzz_unzipped-PROCUREMENT_JustificationBook_Chemical_and_Biological_Defense_Program_PB_2014.xml",
        "@RECORDID": "97d306f3e37f2906a5001bc7c82dbaa23baf8de90825e377097cc280fffa115b",
        "@ROWID": "2-b7e78d73c4bebd2d82d10d164317b82c7c9296a6f20ef1813e7320bfdf89f54f",
        "@PARENTROWID": "1-950695d5e3528b606f58bbac4d7d8cf622cf477ce1bc1da1dd7dd07ebbd69057",
        "@PARENT": "root.record.ItemExhibitList.P5Item.CostElementCategoryList.Software.Recurring.CostElementList.CostElement.ManufacturerList.Manufacturer.HistoryPlanningList.HistoryPlanning"
    },
    {
        "ServiceAgencyName_val": "Army",
        "ProcQuantity_val": "2495",
        "AcceptedBeforeOct1_val": "0",
        "@SOURCE_FILENAME": "2014-BASE_PROCUREMENT-2014-DEFENSE_CBDP-PROCUREMENT_JustificationBook_Chemical_and_Biological_Defense_Program_PB_2014.zzz_unzipped-PROCUREMENT_JustificationBook_Chemical_and_Biological_Defense_Program_PB_2014.xml",
        "@RECORDID": "97d306f3e37f2906a5001bc7c82dbaa23baf8de90825e377097cc280fffa115b",
        "@ROWID": "0-e533a868f24b8dea57cd2c10c63a3bef0572dc490c5f2e6f1c727e382e3b8677",
        "@PARENTROWID": "2-56e21703e77a7e1fae909bf4706bb6a9d627b21fc4da7534ca97b096811f5afa",
        "@PARENT": "root.record.ItemExhibitList.P5Item.CostElementCategoryList.Software.Recurring.CostElementList.CostElement.ManufacturerList.Manufacturer.HistoryPlanningList.HistoryPlanning"
    },
    {
        "ServiceAgencyName_val": "Marine Corps",
        "ProcQuantity_val": "1680",
        "AcceptedBeforeOct1_val": "0",
        "@SOURCE_FILENAME": "2014-BASE_PROCUREMENT-2014-DEFENSE_CBDP-PROCUREMENT_JustificationBook_Chemical_and_Biological_Defense_Program_PB_2014.zzz_unzipped-PROCUREMENT_JustificationBook_Chemical_and_Biological_Defense_Program_PB_2014.xml",
        "@RECORDID": "97d306f3e37f2906a5001bc7c82dbaa23baf8de90825e377097cc280fffa115b",
        "@ROWID": "1-a020f71e0b19adbb76350bbc998faa5df6f3078ebe0b373c9a9daca95c8e6190",
        "@PARENTROWID": "2-56e21703e77a7e1fae909bf4706bb6a9d627b21fc4da7534ca97b096811f5afa",
        "@PARENT": "root.record.ItemExhibitList.P5Item.CostElementCategoryList.Software.Recurring.CostElementList.CostElement.ManufacturerList.Manufacturer.HistoryPlanningList.HistoryPlanning"
    },
    {
        "ServiceAgencyName_val": "Navy",
        "ProcQuantity_val": "825",
        "AcceptedBeforeOct1_val": "0",
        "@SOURCE_FILENAME": "2014-BASE_PROCUREMENT-2014-DEFENSE_CBDP-PROCUREMENT_JustificationBook_Chemical_and_Biological_Defense_Program_PB_2014.zzz_unzipped-PROCUREMENT_JustificationBook_Chemical_and_Biological_Defense_Program_PB_2014.xml",
        "@RECORDID": "97d306f3e37f2906a5001bc7c82dbaa23baf8de90825e377097cc280fffa115b",
        "@ROWID": "2-d63430b2daceb43840073f33c8470dc3e3cfce97b97b27bc8dea107e50575a14",
        "@PARENTROWID": "2-56e21703e77a7e1fae909bf4706bb6a9d627b21fc4da7534ca97b096811f5afa",
        "@PARENT": "root.record.ItemExhibitList.P5Item.CostElementCategoryList.Software.Recurring.CostElementList.CostElement.ManufacturerList.Manufacturer.HistoryPlanningList.HistoryPlanning"
    },
    {
        "ServiceAgencyName_val": "Army",
        "ProcQuantity_val": "3485",
        "AcceptedBeforeOct1_val": "0",
        "@SOURCE_FILENAME": "2014-BASE_PROCUREMENT-2014-DEFENSE_CBDP-PROCUREMENT_JustificationBook_Chemical_and_Biological_Defense_Program_PB_2014.zzz_unzipped-PROCUREMENT_JustificationBook_Chemical_and_Biological_Defense_Program_PB_2014.xml",
        "@RECORDID": "97d306f3e37f2906a5001bc7c82dbaa23baf8de90825e377097cc280fffa115b",
        "@ROWID": "0-4f71ae38076d55a7085962d5cca52cfab78f5d9ba80a2bd346c1173a2bb3b80c",
        "@PARENTROWID": "0-7ca53263feff2f60f61aac02fee9dfee5a127bec4cbae3f8490dc09ba677d7fe",
        "@PARENT": "root.record.ItemExhibitList.P5Item.CostElementCategoryList.Software.Recurring.CostElementList.CostElement.ManufacturerList.Manufacturer.HistoryPlanningList.HistoryPlanning"
    },
    {
        "ServiceAgencyName_val": "Air Force",
        "ProcQuantity_val": "2869",
        "AcceptedBeforeOct1_val": "0",
        "@SOURCE_FILENAME": "2014-BASE_PROCUREMENT-2014-DEFENSE_CBDP-PROCUREMENT_JustificationBook_Chemical_and_Biological_Defense_Program_PB_2014.zzz_unzipped-PROCUREMENT_JustificationBook_Chemical_and_Biological_Defense_Program_PB_2014.xml",
        "@RECORDID": "97d306f3e37f2906a5001bc7c82dbaa23baf8de90825e377097cc280fffa115b",
        "@ROWID": "1-e3d43e5798f9144ecfdf7b307387a828e5f2c4c0eedcf1648a35b0db76f6624e",
        "@PARENTROWID": "0-7ca53263feff2f60f61aac02fee9dfee5a127bec4cbae3f8490dc09ba677d7fe",
        "@PARENT": "root.record.ItemExhibitList.P5Item.CostElementCategoryList.Software.Recurring.CostElementList.CostElement.ManufacturerList.Manufacturer.HistoryPlanningList.HistoryPlanning"
    },
    {
        "ServiceAgencyName_val": "Marine Corps",
        "ProcQuantity_val": "356",
        "AcceptedBeforeOct1_val": "0",
        "@SOURCE_FILENAME": "2014-BASE_PROCUREMENT-2014-DEFENSE_CBDP-PROCUREMENT_JustificationBook_Chemical_and_Biological_Defense_Program_PB_2014.zzz_unzipped-PROCUREMENT_JustificationBook_Chemical_and_Biological_Defense_Program_PB_2014.xml",
        "@RECORDID": "97d306f3e37f2906a5001bc7c82dbaa23baf8de90825e377097cc280fffa115b",
        "@ROWID": "2-ba206fd8d360cf3217b5968788eaf3affd7bacc69269bbd76fb3120815fddf9d",
        "@PARENTROWID": "0-7ca53263feff2f60f61aac02fee9dfee5a127bec4cbae3f8490dc09ba677d7fe",
        "@PARENT": "root.record.ItemExhibitList.P5Item.CostElementCategoryList.Software.Recurring.CostElementList.CostElement.ManufacturerList.Manufacturer.HistoryPlanningList.HistoryPlanning"
    },
    {
        "ServiceAgencyName_val": "Navy",
        "ProcQuantity_val": "254",
        "AcceptedBeforeOct1_val": "0",
        "@SOURCE_FILENAME": "2014-BASE_PROCUREMENT-2014-DEFENSE_CBDP-PROCUREMENT_JustificationBook_Chemical_and_Biological_Defense_Program_PB_2014.zzz_unzipped-PROCUREMENT_JustificationBook_Chemical_and_Biological_Defense_Program_PB_2014.xml",
        "@RECORDID": "97d306f3e37f2906a5001bc7c82dbaa23baf8de90825e377097cc280fffa115b",
        "@ROWID": "3-c44aaa97770510714b6fcf3a5e10e3addd1ed64ac5e3a1fdf48f4d535292e0e4",
        "@PARENTROWID": "0-7ca53263feff2f60f61aac02fee9dfee5a127bec4cbae3f8490dc09ba677d7fe",
        "@PARENT": "root.record.ItemExhibitList.P5Item.CostElementCategoryList.Software.Recurring.CostElementList.CostElement.ManufacturerList.Manufacturer.HistoryPlanningList.HistoryPlanning"
    },
    {
        "ServiceAgencyName_val": "Army",
        "ProcQuantity_val": "1995",
        "AcceptedBeforeOct1_val": "0",
        "@SOURCE_FILENAME": "2014-BASE_PROCUREMENT-2014-DEFENSE_VOL1-PROCUREMENT_MasterJustificationBook_Defense-Wide_PB_2014.zzz_unzipped-PROCUREMENT_MasterJustificationBook_Defense-Wide_PB_2014.xml",
        "@RECORDID": "2dc8b319e28774b8158e551f3de9ff70b9908792cce30b426a07033c4ab4c58f",
        "@ROWID": "0-d0d64da52bbcc4a508463070b5d4cb1ab57422de90d333e6a6560f7b67d95286",
        "@PARENTROWID": "0-52570f4556795887a419932dee6c7222d2805b3fe4603a74ed21ef9d37a0cb2a",
        "@PARENT": "root.record.ItemExhibitList.P5Item.CostElementCategoryList.Software.Recurring.CostElementList.CostElement.ManufacturerList.Manufacturer.HistoryPlanningList.HistoryPlanning"
    },
    {
        "ServiceAgencyName_val": "Marine Corps",
        "ProcQuantity_val": "1340",
        "AcceptedBeforeOct1_val": "0",
        "@SOURCE_FILENAME": "2014-BASE_PROCUREMENT-2014-DEFENSE_VOL1-PROCUREMENT_MasterJustificationBook_Defense-Wide_PB_2014.zzz_unzipped-PROCUREMENT_MasterJustificationBook_Defense-Wide_PB_2014.xml",
        "@RECORDID": "2dc8b319e28774b8158e551f3de9ff70b9908792cce30b426a07033c4ab4c58f",
        "@ROWID": "1-be4388e8a37dfbf3d370ee1a88a1d6742dbd3758ec5300aacbf42e9aa48d400a",
        "@PARENTROWID": "0-52570f4556795887a419932dee6c7222d2805b3fe4603a74ed21ef9d37a0cb2a",
        "@PARENT": "root.record.ItemExhibitList.P5Item.CostElementCategoryList.Software.Recurring.CostElementList.CostElement.ManufacturerList.Manufacturer.HistoryPlanningList.HistoryPlanning"
    },
    {
        "ServiceAgencyName_val": "Navy",
        "ProcQuantity_val": "665",
        "AcceptedBeforeOct1_val": "0",
        "@SOURCE_FILENAME": "2014-BASE_PROCUREMENT-2014-DEFENSE_VOL1-PROCUREMENT_MasterJustificationBook_Defense-Wide_PB_2014.zzz_unzipped-PROCUREMENT_MasterJustificationBook_Defense-Wide_PB_2014.xml",
        "@RECORDID": "2dc8b319e28774b8158e551f3de9ff70b9908792cce30b426a07033c4ab4c58f",
        "@ROWID": "2-d5b806f54a6de77436f67dde14531514fa3ebceec56bfb6dc117d99fa6245e3e",
        "@PARENTROWID": "0-52570f4556795887a419932dee6c7222d2805b3fe4603a74ed21ef9d37a0cb2a",
        "@PARENT": "root.record.ItemExhibitList.P5Item.CostElementCategoryList.Software.Recurring.CostElementList.CostElement.ManufacturerList.Manufacturer.HistoryPlanningList.HistoryPlanning"
    },
    {
        "ServiceAgencyName_val": "Army",
        "ProcQuantity_val": "2495",
        "AcceptedBeforeOct1_val": "0",
        "@SOURCE_FILENAME": "2014-BASE_PROCUREMENT-2014-DEFENSE_VOL1-PROCUREMENT_MasterJustificationBook_Defense-Wide_PB_2014.zzz_unzipped-PROCUREMENT_MasterJustificationBook_Defense-Wide_PB_2014.xml",
        "@RECORDID": "2dc8b319e28774b8158e551f3de9ff70b9908792cce30b426a07033c4ab4c58f",
        "@ROWID": "0-34ba0db7749a2ca5acbd089d4992c5f17bb98bad31fbde96b2ab4bc1761fbed0",
        "@PARENTROWID": "1-508cdafa07674db05cb7f8cb7fa8643b284ced7b25b1103a63e0c5e856afacfd",
        "@PARENT": "root.record.ItemExhibitList.P5Item.CostElementCategoryList.Software.Recurring.CostElementList.CostElement.ManufacturerList.Manufacturer.HistoryPlanningList.HistoryPlanning"
    },
    {
        "ServiceAgencyName_val": "Marine Corps",
        "ProcQuantity_val": "1680",
        "AcceptedBeforeOct1_val": "0",
        "@SOURCE_FILENAME": "2014-BASE_PROCUREMENT-2014-DEFENSE_VOL1-PROCUREMENT_MasterJustificationBook_Defense-Wide_PB_2014.zzz_unzipped-PROCUREMENT_MasterJustificationBook_Defense-Wide_PB_2014.xml",
        "@RECORDID": "2dc8b319e28774b8158e551f3de9ff70b9908792cce30b426a07033c4ab4c58f",
        "@ROWID": "1-c88099210f8da480efe0958215a9fc8e9dda5874e38ddc9edc164edcf5d33efa",
        "@PARENTROWID": "1-508cdafa07674db05cb7f8cb7fa8643b284ced7b25b1103a63e0c5e856afacfd",
        "@PARENT": "root.record.ItemExhibitList.P5Item.CostElementCategoryList.Software.Recurring.CostElementList.CostElement.ManufacturerList.Manufacturer.HistoryPlanningList.HistoryPlanning"
    },
    {
        "ServiceAgencyName_val": "Navy",
        "ProcQuantity_val": "825",
        "AcceptedBeforeOct1_val": "0",
        "@SOURCE_FILENAME": "2014-BASE_PROCUREMENT-2014-DEFENSE_VOL1-PROCUREMENT_MasterJustificationBook_Defense-Wide_PB_2014.zzz_unzipped-PROCUREMENT_MasterJustificationBook_Defense-Wide_PB_2014.xml",
        "@RECORDID": "2dc8b319e28774b8158e551f3de9ff70b9908792cce30b426a07033c4ab4c58f",
        "@ROWID": "2-4e8b5bd8dcb180f2953f345ed298224b294d64375be774945a1c7e847f79df67",
        "@PARENTROWID": "1-508cdafa07674db05cb7f8cb7fa8643b284ced7b25b1103a63e0c5e856afacfd",
        "@PARENT": "root.record.ItemExhibitList.P5Item.CostElementCategoryList.Software.Recurring.CostElementList.CostElement.ManufacturerList.Manufacturer.HistoryPlanningList.HistoryPlanning"
    },
    {
        "ServiceAgencyName_val": "Army",
        "ProcQuantity_val": "2495",
        "AcceptedBeforeOct1_val": "0",
        "@SOURCE_FILENAME": "2014-BASE_PROCUREMENT-2014-DEFENSE_VOL1-PROCUREMENT_MasterJustificationBook_Defense-Wide_PB_2014.zzz_unzipped-PROCUREMENT_MasterJustificationBook_Defense-Wide_PB_2014.xml",
        "@RECORDID": "2dc8b319e28774b8158e551f3de9ff70b9908792cce30b426a07033c4ab4c58f",
        "@ROWID": "0-9f8e924b0ebb701e0cb933bce960dbf33b3820856b607f6585d4fd9a55524c66",
        "@PARENTROWID": "2-0fe0758b5e47036f6b9311ee0b94d5d76facf419517b84f9dc7f9da66d08604d",
        "@PARENT": "root.record.ItemExhibitList.P5Item.CostElementCategoryList.Software.Recurring.CostElementList.CostElement.ManufacturerList.Manufacturer.HistoryPlanningList.HistoryPlanning"
    },
    {
        "ServiceAgencyName_val": "Marine Corps",
        "ProcQuantity_val": "1680",
        "AcceptedBeforeOct1_val": "0",
        "@SOURCE_FILENAME": "2014-BASE_PROCUREMENT-2014-DEFENSE_VOL1-PROCUREMENT_MasterJustificationBook_Defense-Wide_PB_2014.zzz_unzipped-PROCUREMENT_MasterJustificationBook_Defense-Wide_PB_2014.xml",
        "@RECORDID": "2dc8b319e28774b8158e551f3de9ff70b9908792cce30b426a07033c4ab4c58f",
        "@ROWID": "1-7af5e1a87d166b40fa1164de7ecc6f13c5f0c0350038959bbd90763ad2c7bb8d",
        "@PARENTROWID": "2-0fe0758b5e47036f6b9311ee0b94d5d76facf419517b84f9dc7f9da66d08604d",
        "@PARENT": "root.record.ItemExhibitList.P5Item.CostElementCategoryList.Software.Recurring.CostElementList.CostElement.ManufacturerList.Manufacturer.HistoryPlanningList.HistoryPlanning"
    },
    {
        "ServiceAgencyName_val": "Navy",
        "ProcQuantity_val": "825",
        "AcceptedBeforeOct1_val": "0",
        "@SOURCE_FILENAME": "2014-BASE_PROCUREMENT-2014-DEFENSE_VOL1-PROCUREMENT_MasterJustificationBook_Defense-Wide_PB_2014.zzz_unzipped-PROCUREMENT_MasterJustificationBook_Defense-Wide_PB_2014.xml",
        "@RECORDID": "2dc8b319e28774b8158e551f3de9ff70b9908792cce30b426a07033c4ab4c58f",
        "@ROWID": "2-87bf9f7158507f05265269c7cd08d2816d19ff5470ed060b3e587ac27e98dd0d",
        "@PARENTROWID": "2-0fe0758b5e47036f6b9311ee0b94d5d76facf419517b84f9dc7f9da66d08604d",
        "@PARENT": "root.record.ItemExhibitList.P5Item.CostElementCategoryList.Software.Recurring.CostElementList.CostElement.ManufacturerList.Manufacturer.HistoryPlanningList.HistoryPlanning"
    },
    {
        "ServiceAgencyName_val": "Army",
        "ProcQuantity_val": "3485",
        "AcceptedBeforeOct1_val": "0",
        "@SOURCE_FILENAME": "2014-BASE_PROCUREMENT-2014-DEFENSE_VOL1-PROCUREMENT_MasterJustificationBook_Defense-Wide_PB_2014.zzz_unzipped-PROCUREMENT_MasterJustificationBook_Defense-Wide_PB_2014.xml",
        "@RECORDID": "2dc8b319e28774b8158e551f3de9ff70b9908792cce30b426a07033c4ab4c58f",
        "@ROWID": "0-ab9c3e99f0d828e68e126d8780d0452d1897e054a28f4d24854a834ac99253de",
        "@PARENTROWID": "0-e22f0a18362b5c462525f94bb8832dea6ee62a500b39ee35facf8b4bc5429356",
        "@PARENT": "root.record.ItemExhibitList.P5Item.CostElementCategoryList.Software.Recurring.CostElementList.CostElement.ManufacturerList.Manufacturer.HistoryPlanningList.HistoryPlanning"
    },
    {
        "ServiceAgencyName_val": "Air Force",
        "ProcQuantity_val": "2869",
        "AcceptedBeforeOct1_val": "0",
        "@SOURCE_FILENAME": "2014-BASE_PROCUREMENT-2014-DEFENSE_VOL1-PROCUREMENT_MasterJustificationBook_Defense-Wide_PB_2014.zzz_unzipped-PROCUREMENT_MasterJustificationBook_Defense-Wide_PB_2014.xml",
        "@RECORDID": "2dc8b319e28774b8158e551f3de9ff70b9908792cce30b426a07033c4ab4c58f",
        "@ROWID": "1-ed39db1796cb4c2bb1317eee27412a3880fb656a0336976f9ca99319b0ab0b02",
        "@PARENTROWID": "0-e22f0a18362b5c462525f94bb8832dea6ee62a500b39ee35facf8b4bc5429356",
        "@PARENT": "root.record.ItemExhibitList.P5Item.CostElementCategoryList.Software.Recurring.CostElementList.CostElement.ManufacturerList.Manufacturer.HistoryPlanningList.HistoryPlanning"
    },
    {
        "ServiceAgencyName_val": "Marine Corps",
        "ProcQuantity_val": "356",
        "AcceptedBeforeOct1_val": "0",
        "@SOURCE_FILENAME": "2014-BASE_PROCUREMENT-2014-DEFENSE_VOL1-PROCUREMENT_MasterJustificationBook_Defense-Wide_PB_2014.zzz_unzipped-PROCUREMENT_MasterJustificationBook_Defense-Wide_PB_2014.xml",
        "@RECORDID": "2dc8b319e28774b8158e551f3de9ff70b9908792cce30b426a07033c4ab4c58f",
        "@ROWID": "2-49ccdf6b42e52928641842db5add43b7147d024660098ac118dea71f93f4af92",
        "@PARENTROWID": "0-e22f0a18362b5c462525f94bb8832dea6ee62a500b39ee35facf8b4bc5429356",
        "@PARENT": "root.record.ItemExhibitList.P5Item.CostElementCategoryList.Software.Recurring.CostElementList.CostElement.ManufacturerList.Manufacturer.HistoryPlanningList.HistoryPlanning"
    },
    {
        "ServiceAgencyName_val": "Navy",
        "ProcQuantity_val": "254",
        "AcceptedBeforeOct1_val": "0",
        "@SOURCE_FILENAME": "2014-BASE_PROCUREMENT-2014-DEFENSE_VOL1-PROCUREMENT_MasterJustificationBook_Defense-Wide_PB_2014.zzz_unzipped-PROCUREMENT_MasterJustificationBook_Defense-Wide_PB_2014.xml",
        "@RECORDID": "2dc8b319e28774b8158e551f3de9ff70b9908792cce30b426a07033c4ab4c58f",
        "@ROWID": "3-f4ff078febc6e281154c704cb6427aa9b40fa7ed6f4e707860d4a2d6b8503071",
        "@PARENTROWID": "0-e22f0a18362b5c462525f94bb8832dea6ee62a500b39ee35facf8b4bc5429356",
        "@PARENT": "root.record.ItemExhibitList.P5Item.CostElementCategoryList.Software.Recurring.CostElementList.CostElement.ManufacturerList.Manufacturer.HistoryPlanningList.HistoryPlanning"
    }
]