[
    {
        "Name_val": "Air Force Active",
        "Cost_Quantity_BudgetYearFive_val": "6",
        "Cost_Quantity_BudgetYearFour_val": "",
        "Cost_TotalCost_BudgetYearFive_val": "1.105",
        "Cost_TotalCost_BudgetYearFour_val": "",
        "@SOURCE_FILENAME": "2015-BASE_PROCUREMENT-2015-AIRFORCE_AIRCRAFT_VOL2-PROCUREMENT_JustificationBook_Air_Force_PB_2015.zzz_unzipped-PROCUREMENT_JustificationBook_Air_Force_PB_2015.xml",
        "@RECORDID": "2c3a42ac96c574f3a05d311e38d1fd39e76b2eaa077eed338c2b56579168a566",
        "@ROWID": "0-a49565c3dfece07dde8c844f2c021888b1ae4f91650bbf3052f0c5f5c9c38a38",
        "@PARENTROWID": "0-26705708335f0890c041e2526a73483b5ba149826332fa30964ef5f441ffd283",
        "@PARENT": "root.record.ItemExhibitList.P3AModificationItemGroup.ModificationItemList.ModificationItem.Installation.ImplementationMethodList.ImplementationMethod"
    },
    {
        "Name_val": "Air National Guard",
        "Cost_Quantity_BudgetYearFive_val": "26",
        "Cost_Quantity_BudgetYearFour_val": "",
        "Cost_TotalCost_BudgetYearFive_val": "4.79",
        "Cost_TotalCost_BudgetYearFour_val": "",
        "@SOURCE_FILENAME": "2015-BASE_PROCUREMENT-2015-AIRFORCE_AIRCRAFT_VOL2-PROCUREMENT_JustificationBook_Air_Force_PB_2015.zzz_unzipped-PROCUREMENT_JustificationBook_Air_Force_PB_2015.xml",
        "@RECORDID": "2c3a42ac96c574f3a05d311e38d1fd39e76b2eaa077eed338c2b56579168a566",
        "@ROWID": "1-eb16dcff3a3de309b298ad3fb11b54475162750c6642b3365732ba4b325fa055",
        "@PARENTROWID": "0-26705708335f0890c041e2526a73483b5ba149826332fa30964ef5f441ffd283",
        "@PARENT": "root.record.ItemExhibitList.P3AModificationItemGroup.ModificationItemList.ModificationItem.Installation.ImplementationMethodList.ImplementationMethod"
    },
    {
        "Name_val": "Air Force Reserve",
        "Cost_Quantity_BudgetYearFive_val": "1",
        "Cost_Quantity_BudgetYearFour_val": "",
        "Cost_TotalCost_BudgetYearFive_val": "0.184",
        "Cost_TotalCost_BudgetYearFour_val": "",
        "@SOURCE_FILENAME": "2015-BASE_PROCUREMENT-2015-AIRFORCE_AIRCRAFT_VOL2-PROCUREMENT_JustificationBook_Air_Force_PB_2015.zzz_unzipped-PROCUREMENT_JustificationBook_Air_Force_PB_2015.xml",
        "@RECORDID": "2c3a42ac96c574f3a05d311e38d1fd39e76b2eaa077eed338c2b56579168a566",
        "@ROWID": "2-8e27354c5fc00a96e643bb1f27f186b26b3bdc6a391374ed3f5e31e109bbe500",
        "@PARENTROWID": "0-26705708335f0890c041e2526a73483b5ba149826332fa30964ef5f441ffd283",
        "@PARENT": "root.record.ItemExhibitList.P3AModificationItemGroup.ModificationItemList.ModificationItem.Installation.ImplementationMethodList.ImplementationMethod"
    },
    {
        "Name_val": "Air Force Active",
        "Cost_Quantity_BudgetYearFive_val": "13",
        "Cost_Quantity_BudgetYearFour_val": "",
        "Cost_TotalCost_BudgetYearFive_val": "0.000",
        "Cost_TotalCost_BudgetYearFour_val": "",
        "@SOURCE_FILENAME": "2015-BASE_PROCUREMENT-2015-AIRFORCE_AIRCRAFT_VOL2-PROCUREMENT_JustificationBook_Air_Force_PB_2015.zzz_unzipped-PROCUREMENT_JustificationBook_Air_Force_PB_2015.xml",
        "@RECORDID": "2c3a42ac96c574f3a05d311e38d1fd39e76b2eaa077eed338c2b56579168a566",
        "@ROWID": "0-e229a0893b1806f0d578c8e839c412180cf7bad1e7a71ba4c9a516d685ce9af3",
        "@PARENTROWID": "0-51f8015093a8a714eab9c8c1960684e09a4ab03bf05db170ebf7de7bcdc6d469",
        "@PARENT": "root.record.ItemExhibitList.P3AModificationItemGroup.ModificationItemList.ModificationItem.Installation.ImplementationMethodList.ImplementationMethod"
    },
    {
        "Name_val": "Air Force Active",
        "Cost_Quantity_BudgetYearFive_val": "",
        "Cost_Quantity_BudgetYearFour_val": "189",
        "Cost_TotalCost_BudgetYearFive_val": "",
        "Cost_TotalCost_BudgetYearFour_val": "7.778",
        "@SOURCE_FILENAME": "2015-BASE_PROCUREMENT-2015-AIRFORCE_AIRCRAFT_VOL2-PROCUREMENT_JustificationBook_Air_Force_PB_2015.zzz_unzipped-PROCUREMENT_JustificationBook_Air_Force_PB_2015.xml",
        "@RECORDID": "a8005ce497b4d26a96a0a73b3a202cd9ad0d2cb8833efae151bef5451667fd9e",
        "@ROWID": "0-2a2d186f50977131db44006144b8718b643b3c0e496f428dca10ae245b232368",
        "@PARENTROWID": "0-40ee8a5346cbc05a14f0ef88c226473bb7140eb524108e6c8f4eb2b235d47dcf",
        "@PARENT": "root.record.ItemExhibitList.P3AModificationItemGroup.ModificationItemList.ModificationItem.Installation.ImplementationMethodList.ImplementationMethod"
    },
    {
        "Name_val": "Air Force Active",
        "Cost_Quantity_BudgetYearFive_val": "",
        "Cost_Quantity_BudgetYearFour_val": "757",
        "Cost_TotalCost_BudgetYearFive_val": "",
        "Cost_TotalCost_BudgetYearFour_val": "29.85",
        "@SOURCE_FILENAME": "2015-BASE_PROCUREMENT-2015-AIRFORCE_AIRCRAFT_VOL2-PROCUREMENT_JustificationBook_Air_Force_PB_2015.zzz_unzipped-PROCUREMENT_JustificationBook_Air_Force_PB_2015.xml",
        "@RECORDID": "a8005ce497b4d26a96a0a73b3a202cd9ad0d2cb8833efae151bef5451667fd9e",
        "@ROWID": "0-a8062afafbfcb039e4fbb6cf28e6db57f7d9098edd52eb272a04a96410b33835",
        "@PARENTROWID": "1-b48a62ed40813f6201c54c47302a8f0ac7525837f4aeb25a2b567f33f4207065",
        "@PARENT": "root.record.ItemExhibitList.P3AModificationItemGroup.ModificationItemList.ModificationItem.Installation.ImplementationMethodList.ImplementationMethod"
    },
    {
        "Name_val": "Air National Guard",
        "Cost_Quantity_BudgetYearFive_val": "",
        "Cost_Quantity_BudgetYearFour_val": "14",
        "Cost_TotalCost_BudgetYearFive_val": "",
        "Cost_TotalCost_BudgetYearFour_val": "6.863",
        "@SOURCE_FILENAME": "2015-BASE_PROCUREMENT-2015-AIRFORCE_AIRCRAFT_VOL2-PROCUREMENT_JustificationBook_Air_Force_PB_2015.zzz_unzipped-PROCUREMENT_JustificationBook_Air_Force_PB_2015.xml",
        "@RECORDID": "a8005ce497b4d26a96a0a73b3a202cd9ad0d2cb8833efae151bef5451667fd9e",
        "@ROWID": "1-da490b96be9fb43180700fe9e5afb54b5640fb7740f7af28ffe20ec3de0ddb69",
        "@PARENTROWID": "1-b48a62ed40813f6201c54c47302a8f0ac7525837f4aeb25a2b567f33f4207065",
        "@PARENT": "root.record.ItemExhibitList.P3AModificationItemGroup.ModificationItemList.ModificationItem.Installation.ImplementationMethodList.ImplementationMethod"
    },
    {
        "Name_val": "Air Force Active",
        "Cost_Quantity_BudgetYearFive_val": "196",
        "Cost_Quantity_BudgetYearFour_val": "",
        "Cost_TotalCost_BudgetYearFive_val": "0.027",
        "Cost_TotalCost_BudgetYearFour_val": "",
        "@SOURCE_FILENAME": "2015-BASE_PROCUREMENT-2015-AIRFORCE_AIRCRAFT_VOL2-PROCUREMENT_JustificationBook_Air_Force_PB_2015.zzz_unzipped-PROCUREMENT_JustificationBook_Air_Force_PB_2015.xml",
        "@RECORDID": "a8005ce497b4d26a96a0a73b3a202cd9ad0d2cb8833efae151bef5451667fd9e",
        "@ROWID": "0-9022dfda4a5914b7e1fd28a1e425cee2127029ebb13aaa0c4f4c4c27b167dade",
        "@PARENTROWID": "0-6d007b3b722b822f2593030b07e4b2f9d46c1a07f89fe9e171da614bcd655038",
        "@PARENT": "root.record.ItemExhibitList.P3AModificationItemGroup.ModificationItemList.ModificationItem.Installation.ImplementationMethodList.ImplementationMethod"
    },
    {
        "Name_val": "Air Force Active",
        "Cost_Quantity_BudgetYearFive_val": "782",
        "Cost_Quantity_BudgetYearFour_val": "",
        "Cost_TotalCost_BudgetYearFive_val": "5.109",
        "Cost_TotalCost_BudgetYearFour_val": "",
        "@SOURCE_FILENAME": "2015-BASE_PROCUREMENT-2015-AIRFORCE_AIRCRAFT_VOL2-PROCUREMENT_JustificationBook_Air_Force_PB_2015.zzz_unzipped-PROCUREMENT_JustificationBook_Air_Force_PB_2015.xml",
        "@RECORDID": "a8005ce497b4d26a96a0a73b3a202cd9ad0d2cb8833efae151bef5451667fd9e",
        "@ROWID": "0-d54d84e84ccc1803cbbd55845b5669459d2075aa0444ebe295f0b2708215cb82",
        "@PARENTROWID": "1-fc7d7e0ba3082c0233030e9ebdec56bae51873d61d77cab0c9c7dd9ec904e856",
        "@PARENT": "root.record.ItemExhibitList.P3AModificationItemGroup.ModificationItemList.ModificationItem.Installation.ImplementationMethodList.ImplementationMethod"
    },
    {
        "Name_val": "Air National Guard",
        "Cost_Quantity_BudgetYearFive_val": "106",
        "Cost_Quantity_BudgetYearFour_val": "",
        "Cost_TotalCost_BudgetYearFive_val": "0.015",
        "Cost_TotalCost_BudgetYearFour_val": "",
        "@SOURCE_FILENAME": "2015-BASE_PROCUREMENT-2015-AIRFORCE_AIRCRAFT_VOL2-PROCUREMENT_JustificationBook_Air_Force_PB_2015.zzz_unzipped-PROCUREMENT_JustificationBook_Air_Force_PB_2015.xml",
        "@RECORDID": "a8005ce497b4d26a96a0a73b3a202cd9ad0d2cb8833efae151bef5451667fd9e",
        "@ROWID": "1-ef3a4dc31106170d982103b12839fd5906164209e0fe29d2a2ff66c3aa9caa62",
        "@PARENTROWID": "1-fc7d7e0ba3082c0233030e9ebdec56bae51873d61d77cab0c9c7dd9ec904e856",
        "@PARENT": "root.record.ItemExhibitList.P3AModificationItemGroup.ModificationItemList.ModificationItem.Installation.ImplementationMethodList.ImplementationMethod"
    },
    {
        "Name_val": "Air National Guard",
        "Cost_Quantity_BudgetYearFive_val": "13",
        "Cost_Quantity_BudgetYearFour_val": "",
        "Cost_TotalCost_BudgetYearFive_val": "6.339",
        "Cost_TotalCost_BudgetYearFour_val": "",
        "@SOURCE_FILENAME": "2015-BASE_PROCUREMENT-2015-AIRFORCE_AIRCRAFT_VOL2-PROCUREMENT_JustificationBook_Air_Force_PB_2015.zzz_unzipped-PROCUREMENT_JustificationBook_Air_Force_PB_2015.xml",
        "@RECORDID": "a8005ce497b4d26a96a0a73b3a202cd9ad0d2cb8833efae151bef5451667fd9e",
        "@ROWID": "0-487f942dbdf4c7c2a18fcd1b9d7f694432b3726946ac146e3573c643eaaddcde",
        "@PARENTROWID": "0-145ffa3d61b001824f8e9db75a0916096465965e28d037e18b5df78415ca76f4",
        "@PARENT": "root.record.ItemExhibitList.P3AModificationItemGroup.ModificationItemList.ModificationItem.Installation.ImplementationMethodList.ImplementationMethod"
    },
    {
        "Name_val": "Air Force Active",
        "Cost_Quantity_BudgetYearFive_val": "",
        "Cost_Quantity_BudgetYearFour_val": "10",
        "Cost_TotalCost_BudgetYearFive_val": "",
        "Cost_TotalCost_BudgetYearFour_val": "0.677",
        "@SOURCE_FILENAME": "2015-BASE_PROCUREMENT-2015-AIRFORCE_AIRCRAFT_VOL2-PROCUREMENT_JustificationBook_Air_Force_PB_2015.zzz_unzipped-PROCUREMENT_JustificationBook_Air_Force_PB_2015.xml",
        "@RECORDID": "a8005ce497b4d26a96a0a73b3a202cd9ad0d2cb8833efae151bef5451667fd9e",
        "@ROWID": "0-ff1be07c7565ee25b280a0c6723a6ee3869bed57b8b6e63387d230239f901297",
        "@PARENTROWID": "0-b3b134ed2e8c4cfb2e4f4f858c675ff3fac2d1206b519df81a6754962067f1be",
        "@PARENT": "root.record.ItemExhibitList.P3AModificationItemGroup.ModificationItemList.ModificationItem.Installation.ImplementationMethodList.ImplementationMethod"
    },
    {
        "Name_val": "Air Force Active",
        "Cost_Quantity_BudgetYearFive_val": "6",
        "Cost_Quantity_BudgetYearFour_val": "",
        "Cost_TotalCost_BudgetYearFive_val": "1.105",
        "Cost_TotalCost_BudgetYearFour_val": "",
        "@SOURCE_FILENAME": "2015-BASE_PROCUREMENT-2015-AIRFORCE_AIRCRAFT_VOL2-PROCUREMENT_MasterJustificationBook_Air_Force_PB_2015.zzz_unzipped-PROCUREMENT_MasterJustificationBook_Air_Force_PB_2015.xml",
        "@RECORDID": "e0b4c68aca5bcb28bf2a8d6314af11bf878587e1d5636a46ade0d81891a819a1",
        "@ROWID": "0-62ddb86d93abbed31db8d722c5ec02a4f29f0246b20059fe09763080170809be",
        "@PARENTROWID": "0-56af74ea680a9f0b696773d54fef8a7a1ecd3a26edf6c61beaf53e78c68d86b2",
        "@PARENT": "root.record.ItemExhibitList.P3AModificationItemGroup.ModificationItemList.ModificationItem.Installation.ImplementationMethodList.ImplementationMethod"
    },
    {
        "Name_val": "Air National Guard",
        "Cost_Quantity_BudgetYearFive_val": "26",
        "Cost_Quantity_BudgetYearFour_val": "",
        "Cost_TotalCost_BudgetYearFive_val": "4.79",
        "Cost_TotalCost_BudgetYearFour_val": "",
        "@SOURCE_FILENAME": "2015-BASE_PROCUREMENT-2015-AIRFORCE_AIRCRAFT_VOL2-PROCUREMENT_MasterJustificationBook_Air_Force_PB_2015.zzz_unzipped-PROCUREMENT_MasterJustificationBook_Air_Force_PB_2015.xml",
        "@RECORDID": "e0b4c68aca5bcb28bf2a8d6314af11bf878587e1d5636a46ade0d81891a819a1",
        "@ROWID": "1-564fa3ff36194c0b13f5766b3418cfdd402b3a7fcbae4667d3e21b288df76557",
        "@PARENTROWID": "0-56af74ea680a9f0b696773d54fef8a7a1ecd3a26edf6c61beaf53e78c68d86b2",
        "@PARENT": "root.record.ItemExhibitList.P3AModificationItemGroup.ModificationItemList.ModificationItem.Installation.ImplementationMethodList.ImplementationMethod"
    },
    {
        "Name_val": "Air Force Reserve",
        "Cost_Quantity_BudgetYearFive_val": "1",
        "Cost_Quantity_BudgetYearFour_val": "",
        "Cost_TotalCost_BudgetYearFive_val": "0.184",
        "Cost_TotalCost_BudgetYearFour_val": "",
        "@SOURCE_FILENAME": "2015-BASE_PROCUREMENT-2015-AIRFORCE_AIRCRAFT_VOL2-PROCUREMENT_MasterJustificationBook_Air_Force_PB_2015.zzz_unzipped-PROCUREMENT_MasterJustificationBook_Air_Force_PB_2015.xml",
        "@RECORDID": "e0b4c68aca5bcb28bf2a8d6314af11bf878587e1d5636a46ade0d81891a819a1",
        "@ROWID": "2-94976c51b10c66f8783d5500227f064768a6b146b2012a46c1e0c2940d2faff8",
        "@PARENTROWID": "0-56af74ea680a9f0b696773d54fef8a7a1ecd3a26edf6c61beaf53e78c68d86b2",
        "@PARENT": "root.record.ItemExhibitList.P3AModificationItemGroup.ModificationItemList.ModificationItem.Installation.ImplementationMethodList.ImplementationMethod"
    },
    {
        "Name_val": "Air Force Active",
        "Cost_Quantity_BudgetYearFive_val": "13",
        "Cost_Quantity_BudgetYearFour_val": "",
        "Cost_TotalCost_BudgetYearFive_val": "0.000",
        "Cost_TotalCost_BudgetYearFour_val": "",
        "@SOURCE_FILENAME": "2015-BASE_PROCUREMENT-2015-AIRFORCE_AIRCRAFT_VOL2-PROCUREMENT_MasterJustificationBook_Air_Force_PB_2015.zzz_unzipped-PROCUREMENT_MasterJustificationBook_Air_Force_PB_2015.xml",
        "@RECORDID": "e0b4c68aca5bcb28bf2a8d6314af11bf878587e1d5636a46ade0d81891a819a1",
        "@ROWID": "0-8df0888f4797d8df4520a1f09b62a1c9c4f3751fcefc7c72b3a6de977cb9d311",
        "@PARENTROWID": "0-cc0f2331072ae790b2169fb98c117ac9ed22b32373cd367a53db17158834523f",
        "@PARENT": "root.record.ItemExhibitList.P3AModificationItemGroup.ModificationItemList.ModificationItem.Installation.ImplementationMethodList.ImplementationMethod"
    },
    {
        "Name_val": "Air Force Active",
        "Cost_Quantity_BudgetYearFive_val": "",
        "Cost_Quantity_BudgetYearFour_val": "189",
        "Cost_TotalCost_BudgetYearFive_val": "",
        "Cost_TotalCost_BudgetYearFour_val": "7.778",
        "@SOURCE_FILENAME": "2015-BASE_PROCUREMENT-2015-AIRFORCE_AIRCRAFT_VOL2-PROCUREMENT_MasterJustificationBook_Air_Force_PB_2015.zzz_unzipped-PROCUREMENT_MasterJustificationBook_Air_Force_PB_2015.xml",
        "@RECORDID": "e0999d2b89817dbe0cc954d07a44ef1ad1938f20a6bca9d4306e26527654e26d",
        "@ROWID": "0-6d242aefce5f9245716e14d943ac5bb886e2c4cff248af0d8da1ad4bf8832e5f",
        "@PARENTROWID": "0-a9e5c6a9a5934b34339dd7143a44e1462a1ea3b68f8dc2b64d0c010380152a9a",
        "@PARENT": "root.record.ItemExhibitList.P3AModificationItemGroup.ModificationItemList.ModificationItem.Installation.ImplementationMethodList.ImplementationMethod"
    },
    {
        "Name_val": "Air Force Active",
        "Cost_Quantity_BudgetYearFive_val": "",
        "Cost_Quantity_BudgetYearFour_val": "757",
        "Cost_TotalCost_BudgetYearFive_val": "",
        "Cost_TotalCost_BudgetYearFour_val": "29.85",
        "@SOURCE_FILENAME": "2015-BASE_PROCUREMENT-2015-AIRFORCE_AIRCRAFT_VOL2-PROCUREMENT_MasterJustificationBook_Air_Force_PB_2015.zzz_unzipped-PROCUREMENT_MasterJustificationBook_Air_Force_PB_2015.xml",
        "@RECORDID": "e0999d2b89817dbe0cc954d07a44ef1ad1938f20a6bca9d4306e26527654e26d",
        "@ROWID": "0-b784038d9432e7b032aff523e54989e6dd50234250d404eaf8307e2a52b8afab",
        "@PARENTROWID": "1-90f677bad55310d6e45d57442ac2d55ee31d51f8b0783a0b0c9b418e364e2f9e",
        "@PARENT": "root.record.ItemExhibitList.P3AModificationItemGroup.ModificationItemList.ModificationItem.Installation.ImplementationMethodList.ImplementationMethod"
    },
    {
        "Name_val": "Air National Guard",
        "Cost_Quantity_BudgetYearFive_val": "",
        "Cost_Quantity_BudgetYearFour_val": "14",
        "Cost_TotalCost_BudgetYearFive_val": "",
        "Cost_TotalCost_BudgetYearFour_val": "6.863",
        "@SOURCE_FILENAME": "2015-BASE_PROCUREMENT-2015-AIRFORCE_AIRCRAFT_VOL2-PROCUREMENT_MasterJustificationBook_Air_Force_PB_2015.zzz_unzipped-PROCUREMENT_MasterJustificationBook_Air_Force_PB_2015.xml",
        "@RECORDID": "e0999d2b89817dbe0cc954d07a44ef1ad1938f20a6bca9d4306e26527654e26d",
        "@ROWID": "1-3a915e0acb3cd98d724938739ba2e9201db18fdcb890c88fb510c766fdc73cc6",
        "@PARENTROWID": "1-90f677bad55310d6e45d57442ac2d55ee31d51f8b0783a0b0c9b418e364e2f9e",
        "@PARENT": "root.record.ItemExhibitList.P3AModificationItemGroup.ModificationItemList.ModificationItem.Installation.ImplementationMethodList.ImplementationMethod"
    },
    {
        "Name_val": "Air Force Active",
        "Cost_Quantity_BudgetYearFive_val": "196",
        "Cost_Quantity_BudgetYearFour_val": "",
        "Cost_TotalCost_BudgetYearFive_val": "0.027",
        "Cost_TotalCost_BudgetYearFour_val": "",
        "@SOURCE_FILENAME": "2015-BASE_PROCUREMENT-2015-AIRFORCE_AIRCRAFT_VOL2-PROCUREMENT_MasterJustificationBook_Air_Force_PB_2015.zzz_unzipped-PROCUREMENT_MasterJustificationBook_Air_Force_PB_2015.xml",
        "@RECORDID": "e0999d2b89817dbe0cc954d07a44ef1ad1938f20a6bca9d4306e26527654e26d",
        "@ROWID": "0-42315a5a518bbd1593148673a0e52f80f80258b7aea8c979e6b635e4b9bfe1b9",
        "@PARENTROWID": "0-14bf970612c94de5d7154117902aec6afb06e781c3d362dba074eaedd12c146a",
        "@PARENT": "root.record.ItemExhibitList.P3AModificationItemGroup.ModificationItemList.ModificationItem.Installation.ImplementationMethodList.ImplementationMethod"
    },
    {
        "Name_val": "Air Force Active",
        "Cost_Quantity_BudgetYearFive_val": "782",
        "Cost_Quantity_BudgetYearFour_val": "",
        "Cost_TotalCost_BudgetYearFive_val": "5.109",
        "Cost_TotalCost_BudgetYearFour_val": "",
        "@SOURCE_FILENAME": "2015-BASE_PROCUREMENT-2015-AIRFORCE_AIRCRAFT_VOL2-PROCUREMENT_MasterJustificationBook_Air_Force_PB_2015.zzz_unzipped-PROCUREMENT_MasterJustificationBook_Air_Force_PB_2015.xml",
        "@RECORDID": "e0999d2b89817dbe0cc954d07a44ef1ad1938f20a6bca9d4306e26527654e26d",
        "@ROWID": "0-0d1cacad1420fb14c55d0e13f074ad264759805e4cd51d105b74159aaaa25217",
        "@PARENTROWID": "1-027c4ad0a4322f0de010417e98cdad200bf1abbdf73bb1cfb39cfc9ffd5c9091",
        "@PARENT": "root.record.ItemExhibitList.P3AModificationItemGroup.ModificationItemList.ModificationItem.Installation.ImplementationMethodList.ImplementationMethod"
    },
    {
        "Name_val": "Air National Guard",
        "Cost_Quantity_BudgetYearFive_val": "106",
        "Cost_Quantity_BudgetYearFour_val": "",
        "Cost_TotalCost_BudgetYearFive_val": "0.015",
        "Cost_TotalCost_BudgetYearFour_val": "",
        "@SOURCE_FILENAME": "2015-BASE_PROCUREMENT-2015-AIRFORCE_AIRCRAFT_VOL2-PROCUREMENT_MasterJustificationBook_Air_Force_PB_2015.zzz_unzipped-PROCUREMENT_MasterJustificationBook_Air_Force_PB_2015.xml",
        "@RECORDID": "e0999d2b89817dbe0cc954d07a44ef1ad1938f20a6bca9d4306e26527654e26d",
        "@ROWID": "1-a6006c0a1ad895305d22ee55517e246915b317aff86447b0de5294207a0fc408",
        "@PARENTROWID": "1-027c4ad0a4322f0de010417e98cdad200bf1abbdf73bb1cfb39cfc9ffd5c9091",
        "@PARENT": "root.record.ItemExhibitList.P3AModificationItemGroup.ModificationItemList.ModificationItem.Installation.ImplementationMethodList.ImplementationMethod"
    },
    {
        "Name_val": "Air National Guard",
        "Cost_Quantity_BudgetYearFive_val": "13",
        "Cost_Quantity_BudgetYearFour_val": "",
        "Cost_TotalCost_BudgetYearFive_val": "6.339",
        "Cost_TotalCost_BudgetYearFour_val": "",
        "@SOURCE_FILENAME": "2015-BASE_PROCUREMENT-2015-AIRFORCE_AIRCRAFT_VOL2-PROCUREMENT_MasterJustificationBook_Air_Force_PB_2015.zzz_unzipped-PROCUREMENT_MasterJustificationBook_Air_Force_PB_2015.xml",
        "@RECORDID": "e0999d2b89817dbe0cc954d07a44ef1ad1938f20a6bca9d4306e26527654e26d",
        "@ROWID": "0-0348a559b87ef54c6b27393b1bb01dc8ac4fca19a2bc4f02baa1d180df6cb1ab",
        "@PARENTROWID": "0-3e324f62736daf78b51e26432685acfc7446f80e281db1bd21694fa00124915c",
        "@PARENT": "root.record.ItemExhibitList.P3AModificationItemGroup.ModificationItemList.ModificationItem.Installation.ImplementationMethodList.ImplementationMethod"
    },
    {
        "Name_val": "Air Force Active",
        "Cost_Quantity_BudgetYearFive_val": "",
        "Cost_Quantity_BudgetYearFour_val": "10",
        "Cost_TotalCost_BudgetYearFive_val": "",
        "Cost_TotalCost_BudgetYearFour_val": "0.677",
        "@SOURCE_FILENAME": "2015-BASE_PROCUREMENT-2015-AIRFORCE_AIRCRAFT_VOL2-PROCUREMENT_MasterJustificationBook_Air_Force_PB_2015.zzz_unzipped-PROCUREMENT_MasterJustificationBook_Air_Force_PB_2015.xml",
        "@RECORDID": "e0999d2b89817dbe0cc954d07a44ef1ad1938f20a6bca9d4306e26527654e26d",
        "@ROWID": "0-f604eaace62d5e6e1dcd61927874e10447261cafee494cb052528c70460916f4",
        "@PARENTROWID": "0-8f4ec299c7ea273eca4014b3c92d97193f2222381c3c56691f473d7fd8013bef",
        "@PARENT": "root.record.ItemExhibitList.P3AModificationItemGroup.ModificationItemList.ModificationItem.Installation.ImplementationMethodList.ImplementationMethod"
    }
]