[
    {
        "Name_val": "Air Force Active",
        "Cost_Quantity_BudgetYearFour_val": "33",
        "Cost_Quantity_BudgetYearFive_val": "",
        "Cost_Quantity_BudgetYearThree_val": "",
        "Cost_TotalCost_BudgetYearFour_val": "5.91",
        "Cost_TotalCost_BudgetYearFive_val": "",
        "Cost_TotalCost_BudgetYearThree_val": "",
        "@SOURCE_FILENAME": "2015-BASE_PROCUREMENT-2015-AIRFORCE_AIRCRAFT_VOL2-PROCUREMENT_JustificationBook_Air_Force_PB_2015.zzz_unzipped-PROCUREMENT_JustificationBook_Air_Force_PB_2015.xml",
        "@RECORDID": "2c3a42ac96c574f3a05d311e38d1fd39e76b2eaa077eed338c2b56579168a566",
        "@ROWID": "0-fca14365be4f46d11e0b5c531c47f59148bb74c8dd1836f8e1a7ce117f602d84",
        "@PARENTROWID": "0-1c136f8b4edf49664b9350ec2cb2bb8d9c6863df503c718df02355738a5b129c",
        "@PARENT": "root.record.ItemExhibitList.P3AModificationItemGroup.ModificationItemList.ModificationItem.Installation.ImplementationMethodList.ImplementationMethod"
    },
    {
        "Name_val": "Air Force Active",
        "Cost_Quantity_BudgetYearFour_val": "52",
        "Cost_Quantity_BudgetYearFive_val": "",
        "Cost_Quantity_BudgetYearThree_val": "",
        "Cost_TotalCost_BudgetYearFour_val": "2.027",
        "Cost_TotalCost_BudgetYearFive_val": "",
        "Cost_TotalCost_BudgetYearThree_val": "",
        "@SOURCE_FILENAME": "2015-BASE_PROCUREMENT-2015-AIRFORCE_AIRCRAFT_VOL2-PROCUREMENT_JustificationBook_Air_Force_PB_2015.zzz_unzipped-PROCUREMENT_JustificationBook_Air_Force_PB_2015.xml",
        "@RECORDID": "2c3a42ac96c574f3a05d311e38d1fd39e76b2eaa077eed338c2b56579168a566",
        "@ROWID": "0-b0c294794138f13a5f7e687cdf699e21c152cf7f3fda0628ec17663f7784f214",
        "@PARENTROWID": "0-c69b6624e4345a814effb816e8505b53298b0b75b77552461ad440651882de01",
        "@PARENT": "root.record.ItemExhibitList.P3AModificationItemGroup.ModificationItemList.ModificationItem.Installation.ImplementationMethodList.ImplementationMethod"
    },
    {
        "Name_val": "Air Force Active",
        "Cost_Quantity_BudgetYearFour_val": "52",
        "Cost_Quantity_BudgetYearFive_val": "",
        "Cost_Quantity_BudgetYearThree_val": "",
        "Cost_TotalCost_BudgetYearFour_val": "0.000",
        "Cost_TotalCost_BudgetYearFive_val": "",
        "Cost_TotalCost_BudgetYearThree_val": "",
        "@SOURCE_FILENAME": "2015-BASE_PROCUREMENT-2015-AIRFORCE_AIRCRAFT_VOL2-PROCUREMENT_JustificationBook_Air_Force_PB_2015.zzz_unzipped-PROCUREMENT_JustificationBook_Air_Force_PB_2015.xml",
        "@RECORDID": "2c3a42ac96c574f3a05d311e38d1fd39e76b2eaa077eed338c2b56579168a566",
        "@ROWID": "0-7004e1adc9fbbe369c6b31dac74753866cda551cd4974296b18f5c93db9449e7",
        "@PARENTROWID": "0-8e9193f67129822f395ea41cc247b7418b94e26ed88c9651728ae92a1bb647e6",
        "@PARENT": "root.record.ItemExhibitList.P3AModificationItemGroup.ModificationItemList.ModificationItem.Installation.ImplementationMethodList.ImplementationMethod"
    },
    {
        "Name_val": "Air Force Active",
        "Cost_Quantity_BudgetYearFour_val": "",
        "Cost_Quantity_BudgetYearFive_val": "4",
        "Cost_Quantity_BudgetYearThree_val": "",
        "Cost_TotalCost_BudgetYearFour_val": "",
        "Cost_TotalCost_BudgetYearFive_val": "13.328",
        "Cost_TotalCost_BudgetYearThree_val": "",
        "@SOURCE_FILENAME": "2015-BASE_PROCUREMENT-2015-AIRFORCE_AIRCRAFT_VOL2-PROCUREMENT_JustificationBook_Air_Force_PB_2015.zzz_unzipped-PROCUREMENT_JustificationBook_Air_Force_PB_2015.xml",
        "@RECORDID": "2c3a42ac96c574f3a05d311e38d1fd39e76b2eaa077eed338c2b56579168a566",
        "@ROWID": "0-6ce384029ce3f78c72c87a330d0b198b8391f9cef88f85d67865142a462b9465",
        "@PARENTROWID": "0-37404011141377ac372b8789d18aff27351b08f28e4bf019a4d0ded40099f9fa",
        "@PARENT": "root.record.ItemExhibitList.P3AModificationItemGroup.ModificationItemList.ModificationItem.Installation.ImplementationMethodList.ImplementationMethod"
    },
    {
        "Name_val": "Air Force Active",
        "Cost_Quantity_BudgetYearFour_val": "34",
        "Cost_Quantity_BudgetYearFive_val": "",
        "Cost_Quantity_BudgetYearThree_val": "",
        "Cost_TotalCost_BudgetYearFour_val": "0.718",
        "Cost_TotalCost_BudgetYearFive_val": "",
        "Cost_TotalCost_BudgetYearThree_val": "",
        "@SOURCE_FILENAME": "2015-BASE_PROCUREMENT-2015-AIRFORCE_AIRCRAFT_VOL2-PROCUREMENT_JustificationBook_Air_Force_PB_2015.zzz_unzipped-PROCUREMENT_JustificationBook_Air_Force_PB_2015.xml",
        "@RECORDID": "2c3a42ac96c574f3a05d311e38d1fd39e76b2eaa077eed338c2b56579168a566",
        "@ROWID": "0-835dd34e6b7af2f03d39d01248e73646d54431457c752a012bb0fe8df0ba0853",
        "@PARENTROWID": "0-a1f878de121930277334e878cb7ca42cb9efbc98096b0106b9472833727fc5c9",
        "@PARENT": "root.record.ItemExhibitList.P3AModificationItemGroup.ModificationItemList.ModificationItem.Installation.ImplementationMethodList.ImplementationMethod"
    },
    {
        "Name_val": "Air Force Active",
        "Cost_Quantity_BudgetYearFour_val": "",
        "Cost_Quantity_BudgetYearFive_val": "",
        "Cost_Quantity_BudgetYearThree_val": "221",
        "Cost_TotalCost_BudgetYearFour_val": "",
        "Cost_TotalCost_BudgetYearFive_val": "",
        "Cost_TotalCost_BudgetYearThree_val": "7.778",
        "@SOURCE_FILENAME": "2015-BASE_PROCUREMENT-2015-AIRFORCE_AIRCRAFT_VOL2-PROCUREMENT_JustificationBook_Air_Force_PB_2015.zzz_unzipped-PROCUREMENT_JustificationBook_Air_Force_PB_2015.xml",
        "@RECORDID": "a8005ce497b4d26a96a0a73b3a202cd9ad0d2cb8833efae151bef5451667fd9e",
        "@ROWID": "0-9b7828757384c0f494061f1d27ec11c21f24330c4a493144bfb925f3ad344e4b",
        "@PARENTROWID": "0-e001c6577caf85498f74dc3a3a530cac7ef4eae6df9c9d310adc006212eb8fe1",
        "@PARENT": "root.record.ItemExhibitList.P3AModificationItemGroup.ModificationItemList.ModificationItem.Installation.ImplementationMethodList.ImplementationMethod"
    },
    {
        "Name_val": "Air Force Active",
        "Cost_Quantity_BudgetYearFour_val": "",
        "Cost_Quantity_BudgetYearFive_val": "",
        "Cost_Quantity_BudgetYearThree_val": "883",
        "Cost_TotalCost_BudgetYearFour_val": "",
        "Cost_TotalCost_BudgetYearFive_val": "",
        "Cost_TotalCost_BudgetYearThree_val": "29.53",
        "@SOURCE_FILENAME": "2015-BASE_PROCUREMENT-2015-AIRFORCE_AIRCRAFT_VOL2-PROCUREMENT_JustificationBook_Air_Force_PB_2015.zzz_unzipped-PROCUREMENT_JustificationBook_Air_Force_PB_2015.xml",
        "@RECORDID": "a8005ce497b4d26a96a0a73b3a202cd9ad0d2cb8833efae151bef5451667fd9e",
        "@ROWID": "0-70ecae4f7bd6625def158f6d2148949bcd29d7addf4bb5488a2590dca2bba083",
        "@PARENTROWID": "1-8946205e80fbd6dfb7966948588fe7807e1cfd7a3d35f597449e66b5f0707368",
        "@PARENT": "root.record.ItemExhibitList.P3AModificationItemGroup.ModificationItemList.ModificationItem.Installation.ImplementationMethodList.ImplementationMethod"
    },
    {
        "Name_val": "Air National Guard",
        "Cost_Quantity_BudgetYearFour_val": "",
        "Cost_Quantity_BudgetYearFive_val": "",
        "Cost_Quantity_BudgetYearThree_val": "34",
        "Cost_TotalCost_BudgetYearFour_val": "",
        "Cost_TotalCost_BudgetYearFive_val": "",
        "Cost_TotalCost_BudgetYearThree_val": "6.863",
        "@SOURCE_FILENAME": "2015-BASE_PROCUREMENT-2015-AIRFORCE_AIRCRAFT_VOL2-PROCUREMENT_JustificationBook_Air_Force_PB_2015.zzz_unzipped-PROCUREMENT_JustificationBook_Air_Force_PB_2015.xml",
        "@RECORDID": "a8005ce497b4d26a96a0a73b3a202cd9ad0d2cb8833efae151bef5451667fd9e",
        "@ROWID": "1-4a004d8142ef2e40022ebded7966f311f2e3ec6702a15156ce6934c2d9623ccf",
        "@PARENTROWID": "1-8946205e80fbd6dfb7966948588fe7807e1cfd7a3d35f597449e66b5f0707368",
        "@PARENT": "root.record.ItemExhibitList.P3AModificationItemGroup.ModificationItemList.ModificationItem.Installation.ImplementationMethodList.ImplementationMethod"
    },
    {
        "Name_val": "Air Force Active",
        "Cost_Quantity_BudgetYearFour_val": "172",
        "Cost_Quantity_BudgetYearFive_val": "",
        "Cost_Quantity_BudgetYearThree_val": "",
        "Cost_TotalCost_BudgetYearFour_val": "0.337",
        "Cost_TotalCost_BudgetYearFive_val": "",
        "Cost_TotalCost_BudgetYearThree_val": "",
        "@SOURCE_FILENAME": "2015-BASE_PROCUREMENT-2015-AIRFORCE_AIRCRAFT_VOL2-PROCUREMENT_JustificationBook_Air_Force_PB_2015.zzz_unzipped-PROCUREMENT_JustificationBook_Air_Force_PB_2015.xml",
        "@RECORDID": "a8005ce497b4d26a96a0a73b3a202cd9ad0d2cb8833efae151bef5451667fd9e",
        "@ROWID": "0-56a728c7c55c54d25f4efd38fb938e3470956f47bac7bf01e94a2c11af635969",
        "@PARENTROWID": "0-e9e8e1be547c9945b926fe554f085be9b141cf2ff1d4bd6c0412d665471ef9df",
        "@PARENT": "root.record.ItemExhibitList.P3AModificationItemGroup.ModificationItemList.ModificationItem.Installation.ImplementationMethodList.ImplementationMethod"
    },
    {
        "Name_val": "Air Force Active",
        "Cost_Quantity_BudgetYearFour_val": "737",
        "Cost_Quantity_BudgetYearFive_val": "",
        "Cost_Quantity_BudgetYearThree_val": "",
        "Cost_TotalCost_BudgetYearFour_val": "6.347",
        "Cost_TotalCost_BudgetYearFive_val": "",
        "Cost_TotalCost_BudgetYearThree_val": "",
        "@SOURCE_FILENAME": "2015-BASE_PROCUREMENT-2015-AIRFORCE_AIRCRAFT_VOL2-PROCUREMENT_JustificationBook_Air_Force_PB_2015.zzz_unzipped-PROCUREMENT_JustificationBook_Air_Force_PB_2015.xml",
        "@RECORDID": "a8005ce497b4d26a96a0a73b3a202cd9ad0d2cb8833efae151bef5451667fd9e",
        "@ROWID": "0-8ce09b6f7f82d90e146c87a71d0b70d7f0ef5cf8375d04800c1c58d1d6f4b4de",
        "@PARENTROWID": "1-3ad8614db51a6313c7172c479eaf8e4d52850cfe00a17a4f43000ccab04ec939",
        "@PARENT": "root.record.ItemExhibitList.P3AModificationItemGroup.ModificationItemList.ModificationItem.Installation.ImplementationMethodList.ImplementationMethod"
    },
    {
        "Name_val": "Air National Guard",
        "Cost_Quantity_BudgetYearFour_val": "99",
        "Cost_Quantity_BudgetYearFive_val": "",
        "Cost_Quantity_BudgetYearThree_val": "",
        "Cost_TotalCost_BudgetYearFour_val": "0.183",
        "Cost_TotalCost_BudgetYearFive_val": "",
        "Cost_TotalCost_BudgetYearThree_val": "",
        "@SOURCE_FILENAME": "2015-BASE_PROCUREMENT-2015-AIRFORCE_AIRCRAFT_VOL2-PROCUREMENT_JustificationBook_Air_Force_PB_2015.zzz_unzipped-PROCUREMENT_JustificationBook_Air_Force_PB_2015.xml",
        "@RECORDID": "a8005ce497b4d26a96a0a73b3a202cd9ad0d2cb8833efae151bef5451667fd9e",
        "@ROWID": "1-42d411d715470458e0ce0cfd6ab4f6948a2f509993574fa2574af91517f78faa",
        "@PARENTROWID": "1-3ad8614db51a6313c7172c479eaf8e4d52850cfe00a17a4f43000ccab04ec939",
        "@PARENT": "root.record.ItemExhibitList.P3AModificationItemGroup.ModificationItemList.ModificationItem.Installation.ImplementationMethodList.ImplementationMethod"
    },
    {
        "Name_val": "Air Force Active",
        "Cost_Quantity_BudgetYearFour_val": "8",
        "Cost_Quantity_BudgetYearFive_val": "",
        "Cost_Quantity_BudgetYearThree_val": "",
        "Cost_TotalCost_BudgetYearFour_val": "8.4",
        "Cost_TotalCost_BudgetYearFive_val": "",
        "Cost_TotalCost_BudgetYearThree_val": "",
        "@SOURCE_FILENAME": "2015-BASE_PROCUREMENT-2015-AIRFORCE_AIRCRAFT_VOL2-PROCUREMENT_JustificationBook_Air_Force_PB_2015.zzz_unzipped-PROCUREMENT_JustificationBook_Air_Force_PB_2015.xml",
        "@RECORDID": "a8005ce497b4d26a96a0a73b3a202cd9ad0d2cb8833efae151bef5451667fd9e",
        "@ROWID": "0-d7bf7ac87d3b1050079c0d927cf6119ee840911557f4269b520e30109eae5f1e",
        "@PARENTROWID": "0-fb9d6a56ad6b7c82aaf99726f76659128a8f05d60f1a774a4f0b703c36af81c4",
        "@PARENT": "root.record.ItemExhibitList.P3AModificationItemGroup.ModificationItemList.ModificationItem.Installation.ImplementationMethodList.ImplementationMethod"
    },
    {
        "Name_val": "Air National Guard",
        "Cost_Quantity_BudgetYearFour_val": "7",
        "Cost_Quantity_BudgetYearFive_val": "",
        "Cost_Quantity_BudgetYearThree_val": "",
        "Cost_TotalCost_BudgetYearFour_val": "9.602",
        "Cost_TotalCost_BudgetYearFive_val": "",
        "Cost_TotalCost_BudgetYearThree_val": "",
        "@SOURCE_FILENAME": "2015-BASE_PROCUREMENT-2015-AIRFORCE_AIRCRAFT_VOL2-PROCUREMENT_JustificationBook_Air_Force_PB_2015.zzz_unzipped-PROCUREMENT_JustificationBook_Air_Force_PB_2015.xml",
        "@RECORDID": "a8005ce497b4d26a96a0a73b3a202cd9ad0d2cb8833efae151bef5451667fd9e",
        "@ROWID": "1-11fc34522586ac34dc901c061b7b93faa5d24f217776226021212b637046c4a2",
        "@PARENTROWID": "0-fb9d6a56ad6b7c82aaf99726f76659128a8f05d60f1a774a4f0b703c36af81c4",
        "@PARENT": "root.record.ItemExhibitList.P3AModificationItemGroup.ModificationItemList.ModificationItem.Installation.ImplementationMethodList.ImplementationMethod"
    },
    {
        "Name_val": "Air Force Active",
        "Cost_Quantity_BudgetYearFour_val": "",
        "Cost_Quantity_BudgetYearFive_val": "",
        "Cost_Quantity_BudgetYearThree_val": "10",
        "Cost_TotalCost_BudgetYearFour_val": "",
        "Cost_TotalCost_BudgetYearFive_val": "",
        "Cost_TotalCost_BudgetYearThree_val": "0.65",
        "@SOURCE_FILENAME": "2015-BASE_PROCUREMENT-2015-AIRFORCE_AIRCRAFT_VOL2-PROCUREMENT_JustificationBook_Air_Force_PB_2015.zzz_unzipped-PROCUREMENT_JustificationBook_Air_Force_PB_2015.xml",
        "@RECORDID": "a8005ce497b4d26a96a0a73b3a202cd9ad0d2cb8833efae151bef5451667fd9e",
        "@ROWID": "0-385fd1cbb771635652849b4935eb511f9ed7694016a90c6489d9f9d4c2839fa9",
        "@PARENTROWID": "0-63b610fff62afe45eef6452ceb1c945dbe911dcdaacc613a6e3b45b2b8186f48",
        "@PARENT": "root.record.ItemExhibitList.P3AModificationItemGroup.ModificationItemList.ModificationItem.Installation.ImplementationMethodList.ImplementationMethod"
    },
    {
        "Name_val": "Air Force Active",
        "Cost_Quantity_BudgetYearFour_val": "",
        "Cost_Quantity_BudgetYearFive_val": "36",
        "Cost_Quantity_BudgetYearThree_val": "",
        "Cost_TotalCost_BudgetYearFour_val": "",
        "Cost_TotalCost_BudgetYearFive_val": "12.285",
        "Cost_TotalCost_BudgetYearThree_val": "",
        "@SOURCE_FILENAME": "2015-BASE_PROCUREMENT-2015-AIRFORCE_AIRCRAFT_VOL2-PROCUREMENT_JustificationBook_Air_Force_PB_2015.zzz_unzipped-PROCUREMENT_JustificationBook_Air_Force_PB_2015.xml",
        "@RECORDID": "0e0c5259a601c4aa4ff961a0ac121c4db369bfa13d87e153e3615741b3479e79",
        "@ROWID": "0-22152b15e60872115884baa9b15f3e4f1102c04764047117429bc166360863ef",
        "@PARENTROWID": "0-5d7b536d876db61b2bb63326ad246ce252d8c01aea9f1f3d5a59963f5aad2e6c",
        "@PARENT": "root.record.ItemExhibitList.P3AModificationItemGroup.ModificationItemList.ModificationItem.Installation.ImplementationMethodList.ImplementationMethod"
    },
    {
        "Name_val": "Air Force Active",
        "Cost_Quantity_BudgetYearFour_val": "33",
        "Cost_Quantity_BudgetYearFive_val": "",
        "Cost_Quantity_BudgetYearThree_val": "",
        "Cost_TotalCost_BudgetYearFour_val": "5.91",
        "Cost_TotalCost_BudgetYearFive_val": "",
        "Cost_TotalCost_BudgetYearThree_val": "",
        "@SOURCE_FILENAME": "2015-BASE_PROCUREMENT-2015-AIRFORCE_AIRCRAFT_VOL2-PROCUREMENT_MasterJustificationBook_Air_Force_PB_2015.zzz_unzipped-PROCUREMENT_MasterJustificationBook_Air_Force_PB_2015.xml",
        "@RECORDID": "e0b4c68aca5bcb28bf2a8d6314af11bf878587e1d5636a46ade0d81891a819a1",
        "@ROWID": "0-9a7385a0dc81c4b2fdee06008a2c03891d19a08f909867efebf067d132714293",
        "@PARENTROWID": "0-95ff6d000ba37a5debf46ab360a139b252fa9247af2d849f705acb46bef7ab4c",
        "@PARENT": "root.record.ItemExhibitList.P3AModificationItemGroup.ModificationItemList.ModificationItem.Installation.ImplementationMethodList.ImplementationMethod"
    },
    {
        "Name_val": "Air Force Active",
        "Cost_Quantity_BudgetYearFour_val": "52",
        "Cost_Quantity_BudgetYearFive_val": "",
        "Cost_Quantity_BudgetYearThree_val": "",
        "Cost_TotalCost_BudgetYearFour_val": "2.027",
        "Cost_TotalCost_BudgetYearFive_val": "",
        "Cost_TotalCost_BudgetYearThree_val": "",
        "@SOURCE_FILENAME": "2015-BASE_PROCUREMENT-2015-AIRFORCE_AIRCRAFT_VOL2-PROCUREMENT_MasterJustificationBook_Air_Force_PB_2015.zzz_unzipped-PROCUREMENT_MasterJustificationBook_Air_Force_PB_2015.xml",
        "@RECORDID": "e0b4c68aca5bcb28bf2a8d6314af11bf878587e1d5636a46ade0d81891a819a1",
        "@ROWID": "0-40895ff30919b28958fa370962d39ef31317fd2314872988268a89a283076dad",
        "@PARENTROWID": "0-185b3f02d74d341af212bca24a25072c767a6ee987762b0fad056f4954819ad6",
        "@PARENT": "root.record.ItemExhibitList.P3AModificationItemGroup.ModificationItemList.ModificationItem.Installation.ImplementationMethodList.ImplementationMethod"
    },
    {
        "Name_val": "Air Force Active",
        "Cost_Quantity_BudgetYearFour_val": "52",
        "Cost_Quantity_BudgetYearFive_val": "",
        "Cost_Quantity_BudgetYearThree_val": "",
        "Cost_TotalCost_BudgetYearFour_val": "0.000",
        "Cost_TotalCost_BudgetYearFive_val": "",
        "Cost_TotalCost_BudgetYearThree_val": "",
        "@SOURCE_FILENAME": "2015-BASE_PROCUREMENT-2015-AIRFORCE_AIRCRAFT_VOL2-PROCUREMENT_MasterJustificationBook_Air_Force_PB_2015.zzz_unzipped-PROCUREMENT_MasterJustificationBook_Air_Force_PB_2015.xml",
        "@RECORDID": "e0b4c68aca5bcb28bf2a8d6314af11bf878587e1d5636a46ade0d81891a819a1",
        "@ROWID": "0-c4649eb8af91f81d9fdb995187d2d001563bff981f2499f65f78ea3571f71826",
        "@PARENTROWID": "0-3d6b367c98a08c5aa961d7dd8f410ed237e252f2828bcc48445cd867149e5052",
        "@PARENT": "root.record.ItemExhibitList.P3AModificationItemGroup.ModificationItemList.ModificationItem.Installation.ImplementationMethodList.ImplementationMethod"
    },
    {
        "Name_val": "Air Force Active",
        "Cost_Quantity_BudgetYearFour_val": "",
        "Cost_Quantity_BudgetYearFive_val": "4",
        "Cost_Quantity_BudgetYearThree_val": "",
        "Cost_TotalCost_BudgetYearFour_val": "",
        "Cost_TotalCost_BudgetYearFive_val": "13.328",
        "Cost_TotalCost_BudgetYearThree_val": "",
        "@SOURCE_FILENAME": "2015-BASE_PROCUREMENT-2015-AIRFORCE_AIRCRAFT_VOL2-PROCUREMENT_MasterJustificationBook_Air_Force_PB_2015.zzz_unzipped-PROCUREMENT_MasterJustificationBook_Air_Force_PB_2015.xml",
        "@RECORDID": "e0b4c68aca5bcb28bf2a8d6314af11bf878587e1d5636a46ade0d81891a819a1",
        "@ROWID": "0-c06cfcc0faa4845e4b259b338b78cb3ea9adf739df9f9bb2f813c619b6b64855",
        "@PARENTROWID": "0-9e85bfc034902b13671d8ecabcd71b4254dcef2cd9fc655c35f5615fca89f42b",
        "@PARENT": "root.record.ItemExhibitList.P3AModificationItemGroup.ModificationItemList.ModificationItem.Installation.ImplementationMethodList.ImplementationMethod"
    },
    {
        "Name_val": "Air Force Active",
        "Cost_Quantity_BudgetYearFour_val": "34",
        "Cost_Quantity_BudgetYearFive_val": "",
        "Cost_Quantity_BudgetYearThree_val": "",
        "Cost_TotalCost_BudgetYearFour_val": "0.718",
        "Cost_TotalCost_BudgetYearFive_val": "",
        "Cost_TotalCost_BudgetYearThree_val": "",
        "@SOURCE_FILENAME": "2015-BASE_PROCUREMENT-2015-AIRFORCE_AIRCRAFT_VOL2-PROCUREMENT_MasterJustificationBook_Air_Force_PB_2015.zzz_unzipped-PROCUREMENT_MasterJustificationBook_Air_Force_PB_2015.xml",
        "@RECORDID": "e0b4c68aca5bcb28bf2a8d6314af11bf878587e1d5636a46ade0d81891a819a1",
        "@ROWID": "0-fbd1ab7aca83def0d8cdc47fb16c34c896f87128cbc3accad644680a310c5903",
        "@PARENTROWID": "0-19c82a7e5bac22941ca9092bd44b196a457235ccefa2b0b4d3d8f2d75eec7e4b",
        "@PARENT": "root.record.ItemExhibitList.P3AModificationItemGroup.ModificationItemList.ModificationItem.Installation.ImplementationMethodList.ImplementationMethod"
    },
    {
        "Name_val": "Air Force Active",
        "Cost_Quantity_BudgetYearFour_val": "",
        "Cost_Quantity_BudgetYearFive_val": "",
        "Cost_Quantity_BudgetYearThree_val": "221",
        "Cost_TotalCost_BudgetYearFour_val": "",
        "Cost_TotalCost_BudgetYearFive_val": "",
        "Cost_TotalCost_BudgetYearThree_val": "7.778",
        "@SOURCE_FILENAME": "2015-BASE_PROCUREMENT-2015-AIRFORCE_AIRCRAFT_VOL2-PROCUREMENT_MasterJustificationBook_Air_Force_PB_2015.zzz_unzipped-PROCUREMENT_MasterJustificationBook_Air_Force_PB_2015.xml",
        "@RECORDID": "e0999d2b89817dbe0cc954d07a44ef1ad1938f20a6bca9d4306e26527654e26d",
        "@ROWID": "0-885606c26d052123995718bb6df8273dd25af72b7afee870437a508d5ecea790",
        "@PARENTROWID": "0-9b50b012948f55935a8bcb6d8b2462edabeea388ec8b1e1bda6b712bda112a67",
        "@PARENT": "root.record.ItemExhibitList.P3AModificationItemGroup.ModificationItemList.ModificationItem.Installation.ImplementationMethodList.ImplementationMethod"
    },
    {
        "Name_val": "Air Force Active",
        "Cost_Quantity_BudgetYearFour_val": "",
        "Cost_Quantity_BudgetYearFive_val": "",
        "Cost_Quantity_BudgetYearThree_val": "883",
        "Cost_TotalCost_BudgetYearFour_val": "",
        "Cost_TotalCost_BudgetYearFive_val": "",
        "Cost_TotalCost_BudgetYearThree_val": "29.53",
        "@SOURCE_FILENAME": "2015-BASE_PROCUREMENT-2015-AIRFORCE_AIRCRAFT_VOL2-PROCUREMENT_MasterJustificationBook_Air_Force_PB_2015.zzz_unzipped-PROCUREMENT_MasterJustificationBook_Air_Force_PB_2015.xml",
        "@RECORDID": "e0999d2b89817dbe0cc954d07a44ef1ad1938f20a6bca9d4306e26527654e26d",
        "@ROWID": "0-3f7c381bae91d3b588895fdabf61b34b119536b268f5a9ca7cdffcc91f319994",
        "@PARENTROWID": "1-ba5a781dd725ef3b499cd84c07fbe044bc0dc77f14bad73ba6ae5562184dd111",
        "@PARENT": "root.record.ItemExhibitList.P3AModificationItemGroup.ModificationItemList.ModificationItem.Installation.ImplementationMethodList.ImplementationMethod"
    },
    {
        "Name_val": "Air National Guard",
        "Cost_Quantity_BudgetYearFour_val": "",
        "Cost_Quantity_BudgetYearFive_val": "",
        "Cost_Quantity_BudgetYearThree_val": "34",
        "Cost_TotalCost_BudgetYearFour_val": "",
        "Cost_TotalCost_BudgetYearFive_val": "",
        "Cost_TotalCost_BudgetYearThree_val": "6.863",
        "@SOURCE_FILENAME": "2015-BASE_PROCUREMENT-2015-AIRFORCE_AIRCRAFT_VOL2-PROCUREMENT_MasterJustificationBook_Air_Force_PB_2015.zzz_unzipped-PROCUREMENT_MasterJustificationBook_Air_Force_PB_2015.xml",
        "@RECORDID": "e0999d2b89817dbe0cc954d07a44ef1ad1938f20a6bca9d4306e26527654e26d",
        "@ROWID": "1-2ae177840ed042ee8c07c2e19d4246c99c81c23c1d04fb9e1855285dccc86872",
        "@PARENTROWID": "1-ba5a781dd725ef3b499cd84c07fbe044bc0dc77f14bad73ba6ae5562184dd111",
        "@PARENT": "root.record.ItemExhibitList.P3AModificationItemGroup.ModificationItemList.ModificationItem.Installation.ImplementationMethodList.ImplementationMethod"
    },
    {
        "Name_val": "Air Force Active",
        "Cost_Quantity_BudgetYearFour_val": "172",
        "Cost_Quantity_BudgetYearFive_val": "",
        "Cost_Quantity_BudgetYearThree_val": "",
        "Cost_TotalCost_BudgetYearFour_val": "0.337",
        "Cost_TotalCost_BudgetYearFive_val": "",
        "Cost_TotalCost_BudgetYearThree_val": "",
        "@SOURCE_FILENAME": "2015-BASE_PROCUREMENT-2015-AIRFORCE_AIRCRAFT_VOL2-PROCUREMENT_MasterJustificationBook_Air_Force_PB_2015.zzz_unzipped-PROCUREMENT_MasterJustificationBook_Air_Force_PB_2015.xml",
        "@RECORDID": "e0999d2b89817dbe0cc954d07a44ef1ad1938f20a6bca9d4306e26527654e26d",
        "@ROWID": "0-84961ad0d95fc760beeb6bb8e9a9449bf988553669b925a5b73ec605f30f3af4",
        "@PARENTROWID": "0-6bf3aac48d487eeb1b369fa7d3cf92875c72645dd26a107628ce7ecb3a12b814",
        "@PARENT": "root.record.ItemExhibitList.P3AModificationItemGroup.ModificationItemList.ModificationItem.Installation.ImplementationMethodList.ImplementationMethod"
    },
    {
        "Name_val": "Air Force Active",
        "Cost_Quantity_BudgetYearFour_val": "737",
        "Cost_Quantity_BudgetYearFive_val": "",
        "Cost_Quantity_BudgetYearThree_val": "",
        "Cost_TotalCost_BudgetYearFour_val": "6.347",
        "Cost_TotalCost_BudgetYearFive_val": "",
        "Cost_TotalCost_BudgetYearThree_val": "",
        "@SOURCE_FILENAME": "2015-BASE_PROCUREMENT-2015-AIRFORCE_AIRCRAFT_VOL2-PROCUREMENT_MasterJustificationBook_Air_Force_PB_2015.zzz_unzipped-PROCUREMENT_MasterJustificationBook_Air_Force_PB_2015.xml",
        "@RECORDID": "e0999d2b89817dbe0cc954d07a44ef1ad1938f20a6bca9d4306e26527654e26d",
        "@ROWID": "0-aa83a9317f9ffb942bf76409d6393e898f1a1c0f7fb071a5e9c31b0e83f3bab7",
        "@PARENTROWID": "1-68e6c4e3316d66082b07907326f16ac2dc242be677e4ef1f74051359d4d07fee",
        "@PARENT": "root.record.ItemExhibitList.P3AModificationItemGroup.ModificationItemList.ModificationItem.Installation.ImplementationMethodList.ImplementationMethod"
    },
    {
        "Name_val": "Air National Guard",
        "Cost_Quantity_BudgetYearFour_val": "99",
        "Cost_Quantity_BudgetYearFive_val": "",
        "Cost_Quantity_BudgetYearThree_val": "",
        "Cost_TotalCost_BudgetYearFour_val": "0.183",
        "Cost_TotalCost_BudgetYearFive_val": "",
        "Cost_TotalCost_BudgetYearThree_val": "",
        "@SOURCE_FILENAME": "2015-BASE_PROCUREMENT-2015-AIRFORCE_AIRCRAFT_VOL2-PROCUREMENT_MasterJustificationBook_Air_Force_PB_2015.zzz_unzipped-PROCUREMENT_MasterJustificationBook_Air_Force_PB_2015.xml",
        "@RECORDID": "e0999d2b89817dbe0cc954d07a44ef1ad1938f20a6bca9d4306e26527654e26d",
        "@ROWID": "1-cd1e0147d959084e9442818dad1d0f644e0418d992d8a19e6bac7aca0e6ca3b3",
        "@PARENTROWID": "1-68e6c4e3316d66082b07907326f16ac2dc242be677e4ef1f74051359d4d07fee",
        "@PARENT": "root.record.ItemExhibitList.P3AModificationItemGroup.ModificationItemList.ModificationItem.Installation.ImplementationMethodList.ImplementationMethod"
    },
    {
        "Name_val": "Air Force Active",
        "Cost_Quantity_BudgetYearFour_val": "8",
        "Cost_Quantity_BudgetYearFive_val": "",
        "Cost_Quantity_BudgetYearThree_val": "",
        "Cost_TotalCost_BudgetYearFour_val": "8.4",
        "Cost_TotalCost_BudgetYearFive_val": "",
        "Cost_TotalCost_BudgetYearThree_val": "",
        "@SOURCE_FILENAME": "2015-BASE_PROCUREMENT-2015-AIRFORCE_AIRCRAFT_VOL2-PROCUREMENT_MasterJustificationBook_Air_Force_PB_2015.zzz_unzipped-PROCUREMENT_MasterJustificationBook_Air_Force_PB_2015.xml",
        "@RECORDID": "e0999d2b89817dbe0cc954d07a44ef1ad1938f20a6bca9d4306e26527654e26d",
        "@ROWID": "0-1174539c99f068c8d36f257e9be118772e610c68a5a7051702e09423c0e632be",
        "@PARENTROWID": "0-c7d751639336ca01f70a4ec200716aa4580ab3250a14053a4ac7cf898b30a5f7",
        "@PARENT": "root.record.ItemExhibitList.P3AModificationItemGroup.ModificationItemList.ModificationItem.Installation.ImplementationMethodList.ImplementationMethod"
    },
    {
        "Name_val": "Air National Guard",
        "Cost_Quantity_BudgetYearFour_val": "7",
        "Cost_Quantity_BudgetYearFive_val": "",
        "Cost_Quantity_BudgetYearThree_val": "",
        "Cost_TotalCost_BudgetYearFour_val": "9.602",
        "Cost_TotalCost_BudgetYearFive_val": "",
        "Cost_TotalCost_BudgetYearThree_val": "",
        "@SOURCE_FILENAME": "2015-BASE_PROCUREMENT-2015-AIRFORCE_AIRCRAFT_VOL2-PROCUREMENT_MasterJustificationBook_Air_Force_PB_2015.zzz_unzipped-PROCUREMENT_MasterJustificationBook_Air_Force_PB_2015.xml",
        "@RECORDID": "e0999d2b89817dbe0cc954d07a44ef1ad1938f20a6bca9d4306e26527654e26d",
        "@ROWID": "1-85d4d8304c551c641b03a6c4808a052a81ccec56c5e3052e6a0d68e23805e2ea",
        "@PARENTROWID": "0-c7d751639336ca01f70a4ec200716aa4580ab3250a14053a4ac7cf898b30a5f7",
        "@PARENT": "root.record.ItemExhibitList.P3AModificationItemGroup.ModificationItemList.ModificationItem.Installation.ImplementationMethodList.ImplementationMethod"
    },
    {
        "Name_val": "Air Force Active",
        "Cost_Quantity_BudgetYearFour_val": "",
        "Cost_Quantity_BudgetYearFive_val": "",
        "Cost_Quantity_BudgetYearThree_val": "10",
        "Cost_TotalCost_BudgetYearFour_val": "",
        "Cost_TotalCost_BudgetYearFive_val": "",
        "Cost_TotalCost_BudgetYearThree_val": "0.65",
        "@SOURCE_FILENAME": "2015-BASE_PROCUREMENT-2015-AIRFORCE_AIRCRAFT_VOL2-PROCUREMENT_MasterJustificationBook_Air_Force_PB_2015.zzz_unzipped-PROCUREMENT_MasterJustificationBook_Air_Force_PB_2015.xml",
        "@RECORDID": "e0999d2b89817dbe0cc954d07a44ef1ad1938f20a6bca9d4306e26527654e26d",
        "@ROWID": "0-5b76d2ce24499b1a5382154501d83c3bceb18ff3a4937ed7d3e503d1038ba3f7",
        "@PARENTROWID": "0-5d1f8d30a38052ba474f24e187232e34b7b9f481d963ae57bfc485c1d0c61a70",
        "@PARENT": "root.record.ItemExhibitList.P3AModificationItemGroup.ModificationItemList.ModificationItem.Installation.ImplementationMethodList.ImplementationMethod"
    },
    {
        "Name_val": "Air Force Active",
        "Cost_Quantity_BudgetYearFour_val": "",
        "Cost_Quantity_BudgetYearFive_val": "36",
        "Cost_Quantity_BudgetYearThree_val": "",
        "Cost_TotalCost_BudgetYearFour_val": "",
        "Cost_TotalCost_BudgetYearFive_val": "12.285",
        "Cost_TotalCost_BudgetYearThree_val": "",
        "@SOURCE_FILENAME": "2015-BASE_PROCUREMENT-2015-AIRFORCE_AIRCRAFT_VOL2-PROCUREMENT_MasterJustificationBook_Air_Force_PB_2015.zzz_unzipped-PROCUREMENT_MasterJustificationBook_Air_Force_PB_2015.xml",
        "@RECORDID": "a8a6e5bc3013496d237ccecb8631798e1f6fde8d6f32dd9210c3a80ded847d47",
        "@ROWID": "0-29da7ca61e4d815c424d959cde6f764717ee6bb9b743c68290a0cf82fcb3acf3",
        "@PARENTROWID": "0-f558cdffae66310f03d3ecad4189c6da8ab2e9537843c2f1a3dcc755a6917fe4",
        "@PARENT": "root.record.ItemExhibitList.P3AModificationItemGroup.ModificationItemList.ModificationItem.Installation.ImplementationMethodList.ImplementationMethod"
    }
]