[
    {
        "Name_val": "Air Force Active",
        "Cost_Quantity_BudgetYearFour_val": "33",
        "Cost_Quantity_BudgetYearFive_val": "",
        "Cost_Quantity_BudgetYearThree_val": "",
        "Cost_TotalCost_BudgetYearFour_val": "5.91",
        "Cost_TotalCost_BudgetYearFive_val": "",
        "Cost_TotalCost_BudgetYearThree_val": "",
        "@SOURCE_FILENAME": "2015-BASE_PROCUREMENT-2015-AIRFORCE_AIRCRAFT_VOL2-PROCUREMENT_JustificationBook_Air_Force_PB_2015.zzz_unzipped-PROCUREMENT_JustificationBook_Air_Force_PB_2015.xml",
        "@RECORDID": "2c3a42ac96c574f3a05d311e38d1fd39e76b2eaa077eed338c2b56579168a566",
        "@ROWID": "0-047caf6974fec2f25e5285361c0d8cb1844b27bfb31fcc13f0bade6f71767db0",
        "@PARENTROWID": "0-26705708335f0890c041e2526a73483b5ba149826332fa30964ef5f441ffd283",
        "@PARENT": "root.record.ItemExhibitList.P3AModificationItemGroup.ModificationItemList.ModificationItem.Installation.ImplementationMethodList.ImplementationMethod"
    },
    {
        "Name_val": "Air Force Active",
        "Cost_Quantity_BudgetYearFour_val": "52",
        "Cost_Quantity_BudgetYearFive_val": "",
        "Cost_Quantity_BudgetYearThree_val": "",
        "Cost_TotalCost_BudgetYearFour_val": "2.027",
        "Cost_TotalCost_BudgetYearFive_val": "",
        "Cost_TotalCost_BudgetYearThree_val": "",
        "@SOURCE_FILENAME": "2015-BASE_PROCUREMENT-2015-AIRFORCE_AIRCRAFT_VOL2-PROCUREMENT_JustificationBook_Air_Force_PB_2015.zzz_unzipped-PROCUREMENT_JustificationBook_Air_Force_PB_2015.xml",
        "@RECORDID": "2c3a42ac96c574f3a05d311e38d1fd39e76b2eaa077eed338c2b56579168a566",
        "@ROWID": "0-2eb6bdab4a80a77c2bce2a1eb2ab2c3789abbcfdfae83414043347f5b68b396f",
        "@PARENTROWID": "0-6fdeb1504ef645936be1cff224df4135e3e05021c3e0566db4939d6bf982d6ed",
        "@PARENT": "root.record.ItemExhibitList.P3AModificationItemGroup.ModificationItemList.ModificationItem.Installation.ImplementationMethodList.ImplementationMethod"
    },
    {
        "Name_val": "Air Force Active",
        "Cost_Quantity_BudgetYearFour_val": "52",
        "Cost_Quantity_BudgetYearFive_val": "",
        "Cost_Quantity_BudgetYearThree_val": "",
        "Cost_TotalCost_BudgetYearFour_val": "0.000",
        "Cost_TotalCost_BudgetYearFive_val": "",
        "Cost_TotalCost_BudgetYearThree_val": "",
        "@SOURCE_FILENAME": "2015-BASE_PROCUREMENT-2015-AIRFORCE_AIRCRAFT_VOL2-PROCUREMENT_JustificationBook_Air_Force_PB_2015.zzz_unzipped-PROCUREMENT_JustificationBook_Air_Force_PB_2015.xml",
        "@RECORDID": "2c3a42ac96c574f3a05d311e38d1fd39e76b2eaa077eed338c2b56579168a566",
        "@ROWID": "0-c75d862c7b98631a9437fa83e4226aba952e69d99da6d9c736a64fecd70665dd",
        "@PARENTROWID": "0-51f8015093a8a714eab9c8c1960684e09a4ab03bf05db170ebf7de7bcdc6d469",
        "@PARENT": "root.record.ItemExhibitList.P3AModificationItemGroup.ModificationItemList.ModificationItem.Installation.ImplementationMethodList.ImplementationMethod"
    },
    {
        "Name_val": "Air Force Active",
        "Cost_Quantity_BudgetYearFour_val": "",
        "Cost_Quantity_BudgetYearFive_val": "4",
        "Cost_Quantity_BudgetYearThree_val": "",
        "Cost_TotalCost_BudgetYearFour_val": "",
        "Cost_TotalCost_BudgetYearFive_val": "13.328",
        "Cost_TotalCost_BudgetYearThree_val": "",
        "@SOURCE_FILENAME": "2015-BASE_PROCUREMENT-2015-AIRFORCE_AIRCRAFT_VOL2-PROCUREMENT_JustificationBook_Air_Force_PB_2015.zzz_unzipped-PROCUREMENT_JustificationBook_Air_Force_PB_2015.xml",
        "@RECORDID": "2c3a42ac96c574f3a05d311e38d1fd39e76b2eaa077eed338c2b56579168a566",
        "@ROWID": "0-2dd4a6c20ce88b8ee52bbdee97b1f735d40b895b86984ce1cd16a465fec0d7fe",
        "@PARENTROWID": "0-bd589b88e092b44b7f03e3e479f104ade8177e537d44767319e69b29127f894c",
        "@PARENT": "root.record.ItemExhibitList.P3AModificationItemGroup.ModificationItemList.ModificationItem.Installation.ImplementationMethodList.ImplementationMethod"
    },
    {
        "Name_val": "Air Force Active",
        "Cost_Quantity_BudgetYearFour_val": "34",
        "Cost_Quantity_BudgetYearFive_val": "",
        "Cost_Quantity_BudgetYearThree_val": "",
        "Cost_TotalCost_BudgetYearFour_val": "0.718",
        "Cost_TotalCost_BudgetYearFive_val": "",
        "Cost_TotalCost_BudgetYearThree_val": "",
        "@SOURCE_FILENAME": "2015-BASE_PROCUREMENT-2015-AIRFORCE_AIRCRAFT_VOL2-PROCUREMENT_JustificationBook_Air_Force_PB_2015.zzz_unzipped-PROCUREMENT_JustificationBook_Air_Force_PB_2015.xml",
        "@RECORDID": "2c3a42ac96c574f3a05d311e38d1fd39e76b2eaa077eed338c2b56579168a566",
        "@ROWID": "0-7051cd653c16f5fb786775df73a26e99d40a8928e5adafa4b1d36664c3664837",
        "@PARENTROWID": "0-cc2dbce79507545aeda394d7f0107328743fdfc8810a8588354d74456f2c3129",
        "@PARENT": "root.record.ItemExhibitList.P3AModificationItemGroup.ModificationItemList.ModificationItem.Installation.ImplementationMethodList.ImplementationMethod"
    },
    {
        "Name_val": "Air Force Active",
        "Cost_Quantity_BudgetYearFour_val": "",
        "Cost_Quantity_BudgetYearFive_val": "",
        "Cost_Quantity_BudgetYearThree_val": "221",
        "Cost_TotalCost_BudgetYearFour_val": "",
        "Cost_TotalCost_BudgetYearFive_val": "",
        "Cost_TotalCost_BudgetYearThree_val": "7.778",
        "@SOURCE_FILENAME": "2015-BASE_PROCUREMENT-2015-AIRFORCE_AIRCRAFT_VOL2-PROCUREMENT_JustificationBook_Air_Force_PB_2015.zzz_unzipped-PROCUREMENT_JustificationBook_Air_Force_PB_2015.xml",
        "@RECORDID": "a8005ce497b4d26a96a0a73b3a202cd9ad0d2cb8833efae151bef5451667fd9e",
        "@ROWID": "0-2e5eb3184b626ad0449d41c98745c990e8e7481bd5821ec45d8d7c3dc3b544ec",
        "@PARENTROWID": "0-40ee8a5346cbc05a14f0ef88c226473bb7140eb524108e6c8f4eb2b235d47dcf",
        "@PARENT": "root.record.ItemExhibitList.P3AModificationItemGroup.ModificationItemList.ModificationItem.Installation.ImplementationMethodList.ImplementationMethod"
    },
    {
        "Name_val": "Air Force Active",
        "Cost_Quantity_BudgetYearFour_val": "",
        "Cost_Quantity_BudgetYearFive_val": "",
        "Cost_Quantity_BudgetYearThree_val": "883",
        "Cost_TotalCost_BudgetYearFour_val": "",
        "Cost_TotalCost_BudgetYearFive_val": "",
        "Cost_TotalCost_BudgetYearThree_val": "29.53",
        "@SOURCE_FILENAME": "2015-BASE_PROCUREMENT-2015-AIRFORCE_AIRCRAFT_VOL2-PROCUREMENT_JustificationBook_Air_Force_PB_2015.zzz_unzipped-PROCUREMENT_JustificationBook_Air_Force_PB_2015.xml",
        "@RECORDID": "a8005ce497b4d26a96a0a73b3a202cd9ad0d2cb8833efae151bef5451667fd9e",
        "@ROWID": "0-8bfade6d308fb161cd72e73bbcece33533d9d81a84e411bed4260036286c4629",
        "@PARENTROWID": "1-b48a62ed40813f6201c54c47302a8f0ac7525837f4aeb25a2b567f33f4207065",
        "@PARENT": "root.record.ItemExhibitList.P3AModificationItemGroup.ModificationItemList.ModificationItem.Installation.ImplementationMethodList.ImplementationMethod"
    },
    {
        "Name_val": "Air National Guard",
        "Cost_Quantity_BudgetYearFour_val": "",
        "Cost_Quantity_BudgetYearFive_val": "",
        "Cost_Quantity_BudgetYearThree_val": "34",
        "Cost_TotalCost_BudgetYearFour_val": "",
        "Cost_TotalCost_BudgetYearFive_val": "",
        "Cost_TotalCost_BudgetYearThree_val": "6.863",
        "@SOURCE_FILENAME": "2015-BASE_PROCUREMENT-2015-AIRFORCE_AIRCRAFT_VOL2-PROCUREMENT_JustificationBook_Air_Force_PB_2015.zzz_unzipped-PROCUREMENT_JustificationBook_Air_Force_PB_2015.xml",
        "@RECORDID": "a8005ce497b4d26a96a0a73b3a202cd9ad0d2cb8833efae151bef5451667fd9e",
        "@ROWID": "1-b6e725f1475701ea3fe87ad1434b0e2f41395bbd02633cf9fd930bd3ce9ee6c1",
        "@PARENTROWID": "1-b48a62ed40813f6201c54c47302a8f0ac7525837f4aeb25a2b567f33f4207065",
        "@PARENT": "root.record.ItemExhibitList.P3AModificationItemGroup.ModificationItemList.ModificationItem.Installation.ImplementationMethodList.ImplementationMethod"
    },
    {
        "Name_val": "Air Force Active",
        "Cost_Quantity_BudgetYearFour_val": "172",
        "Cost_Quantity_BudgetYearFive_val": "",
        "Cost_Quantity_BudgetYearThree_val": "",
        "Cost_TotalCost_BudgetYearFour_val": "0.337",
        "Cost_TotalCost_BudgetYearFive_val": "",
        "Cost_TotalCost_BudgetYearThree_val": "",
        "@SOURCE_FILENAME": "2015-BASE_PROCUREMENT-2015-AIRFORCE_AIRCRAFT_VOL2-PROCUREMENT_JustificationBook_Air_Force_PB_2015.zzz_unzipped-PROCUREMENT_JustificationBook_Air_Force_PB_2015.xml",
        "@RECORDID": "a8005ce497b4d26a96a0a73b3a202cd9ad0d2cb8833efae151bef5451667fd9e",
        "@ROWID": "0-5c7e2801cffe81bd1697f1e315397636a8c02653bfe985a8ec26279e7a865d99",
        "@PARENTROWID": "0-6d007b3b722b822f2593030b07e4b2f9d46c1a07f89fe9e171da614bcd655038",
        "@PARENT": "root.record.ItemExhibitList.P3AModificationItemGroup.ModificationItemList.ModificationItem.Installation.ImplementationMethodList.ImplementationMethod"
    },
    {
        "Name_val": "Air Force Active",
        "Cost_Quantity_BudgetYearFour_val": "737",
        "Cost_Quantity_BudgetYearFive_val": "",
        "Cost_Quantity_BudgetYearThree_val": "",
        "Cost_TotalCost_BudgetYearFour_val": "6.347",
        "Cost_TotalCost_BudgetYearFive_val": "",
        "Cost_TotalCost_BudgetYearThree_val": "",
        "@SOURCE_FILENAME": "2015-BASE_PROCUREMENT-2015-AIRFORCE_AIRCRAFT_VOL2-PROCUREMENT_JustificationBook_Air_Force_PB_2015.zzz_unzipped-PROCUREMENT_JustificationBook_Air_Force_PB_2015.xml",
        "@RECORDID": "a8005ce497b4d26a96a0a73b3a202cd9ad0d2cb8833efae151bef5451667fd9e",
        "@ROWID": "0-954b35c32be0003473d98227a42ba2814ae5a261a48d74bc4a62d6522d36eeba",
        "@PARENTROWID": "1-fc7d7e0ba3082c0233030e9ebdec56bae51873d61d77cab0c9c7dd9ec904e856",
        "@PARENT": "root.record.ItemExhibitList.P3AModificationItemGroup.ModificationItemList.ModificationItem.Installation.ImplementationMethodList.ImplementationMethod"
    },
    {
        "Name_val": "Air National Guard",
        "Cost_Quantity_BudgetYearFour_val": "99",
        "Cost_Quantity_BudgetYearFive_val": "",
        "Cost_Quantity_BudgetYearThree_val": "",
        "Cost_TotalCost_BudgetYearFour_val": "0.183",
        "Cost_TotalCost_BudgetYearFive_val": "",
        "Cost_TotalCost_BudgetYearThree_val": "",
        "@SOURCE_FILENAME": "2015-BASE_PROCUREMENT-2015-AIRFORCE_AIRCRAFT_VOL2-PROCUREMENT_JustificationBook_Air_Force_PB_2015.zzz_unzipped-PROCUREMENT_JustificationBook_Air_Force_PB_2015.xml",
        "@RECORDID": "a8005ce497b4d26a96a0a73b3a202cd9ad0d2cb8833efae151bef5451667fd9e",
        "@ROWID": "1-6c31dc1c8b7cb82cb4b8f3114e92aa4bea4eea01e1693d464f8f9bdf01359bdd",
        "@PARENTROWID": "1-fc7d7e0ba3082c0233030e9ebdec56bae51873d61d77cab0c9c7dd9ec904e856",
        "@PARENT": "root.record.ItemExhibitList.P3AModificationItemGroup.ModificationItemList.ModificationItem.Installation.ImplementationMethodList.ImplementationMethod"
    },
    {
        "Name_val": "Air Force Active",
        "Cost_Quantity_BudgetYearFour_val": "8",
        "Cost_Quantity_BudgetYearFive_val": "",
        "Cost_Quantity_BudgetYearThree_val": "",
        "Cost_TotalCost_BudgetYearFour_val": "8.4",
        "Cost_TotalCost_BudgetYearFive_val": "",
        "Cost_TotalCost_BudgetYearThree_val": "",
        "@SOURCE_FILENAME": "2015-BASE_PROCUREMENT-2015-AIRFORCE_AIRCRAFT_VOL2-PROCUREMENT_JustificationBook_Air_Force_PB_2015.zzz_unzipped-PROCUREMENT_JustificationBook_Air_Force_PB_2015.xml",
        "@RECORDID": "a8005ce497b4d26a96a0a73b3a202cd9ad0d2cb8833efae151bef5451667fd9e",
        "@ROWID": "0-ee0dd3550787045b73b52f6d9e80e970b2104c0746cba447f1216f351964a42f",
        "@PARENTROWID": "0-145ffa3d61b001824f8e9db75a0916096465965e28d037e18b5df78415ca76f4",
        "@PARENT": "root.record.ItemExhibitList.P3AModificationItemGroup.ModificationItemList.ModificationItem.Installation.ImplementationMethodList.ImplementationMethod"
    },
    {
        "Name_val": "Air National Guard",
        "Cost_Quantity_BudgetYearFour_val": "7",
        "Cost_Quantity_BudgetYearFive_val": "",
        "Cost_Quantity_BudgetYearThree_val": "",
        "Cost_TotalCost_BudgetYearFour_val": "9.602",
        "Cost_TotalCost_BudgetYearFive_val": "",
        "Cost_TotalCost_BudgetYearThree_val": "",
        "@SOURCE_FILENAME": "2015-BASE_PROCUREMENT-2015-AIRFORCE_AIRCRAFT_VOL2-PROCUREMENT_JustificationBook_Air_Force_PB_2015.zzz_unzipped-PROCUREMENT_JustificationBook_Air_Force_PB_2015.xml",
        "@RECORDID": "a8005ce497b4d26a96a0a73b3a202cd9ad0d2cb8833efae151bef5451667fd9e",
        "@ROWID": "1-a799a72dd7f3c44f58ff1e66be0be40c5bc14130b79503f6b9ec8af871e9ad74",
        "@PARENTROWID": "0-145ffa3d61b001824f8e9db75a0916096465965e28d037e18b5df78415ca76f4",
        "@PARENT": "root.record.ItemExhibitList.P3AModificationItemGroup.ModificationItemList.ModificationItem.Installation.ImplementationMethodList.ImplementationMethod"
    },
    {
        "Name_val": "Air Force Active",
        "Cost_Quantity_BudgetYearFour_val": "",
        "Cost_Quantity_BudgetYearFive_val": "",
        "Cost_Quantity_BudgetYearThree_val": "10",
        "Cost_TotalCost_BudgetYearFour_val": "",
        "Cost_TotalCost_BudgetYearFive_val": "",
        "Cost_TotalCost_BudgetYearThree_val": "0.65",
        "@SOURCE_FILENAME": "2015-BASE_PROCUREMENT-2015-AIRFORCE_AIRCRAFT_VOL2-PROCUREMENT_JustificationBook_Air_Force_PB_2015.zzz_unzipped-PROCUREMENT_JustificationBook_Air_Force_PB_2015.xml",
        "@RECORDID": "a8005ce497b4d26a96a0a73b3a202cd9ad0d2cb8833efae151bef5451667fd9e",
        "@ROWID": "0-70cbcfd08eb2e71778b27f6b5f8acc19786dad571c2fa126a7a79c948b18ee32",
        "@PARENTROWID": "0-b3b134ed2e8c4cfb2e4f4f858c675ff3fac2d1206b519df81a6754962067f1be",
        "@PARENT": "root.record.ItemExhibitList.P3AModificationItemGroup.ModificationItemList.ModificationItem.Installation.ImplementationMethodList.ImplementationMethod"
    },
    {
        "Name_val": "Air Force Active",
        "Cost_Quantity_BudgetYearFour_val": "",
        "Cost_Quantity_BudgetYearFive_val": "36",
        "Cost_Quantity_BudgetYearThree_val": "",
        "Cost_TotalCost_BudgetYearFour_val": "",
        "Cost_TotalCost_BudgetYearFive_val": "12.285",
        "Cost_TotalCost_BudgetYearThree_val": "",
        "@SOURCE_FILENAME": "2015-BASE_PROCUREMENT-2015-AIRFORCE_AIRCRAFT_VOL2-PROCUREMENT_JustificationBook_Air_Force_PB_2015.zzz_unzipped-PROCUREMENT_JustificationBook_Air_Force_PB_2015.xml",
        "@RECORDID": "0e0c5259a601c4aa4ff961a0ac121c4db369bfa13d87e153e3615741b3479e79",
        "@ROWID": "0-f5767f0e23f901cd1f61bab7bc67e8f399e5a3dd322cdad9c4a61c8f592acaa0",
        "@PARENTROWID": "0-d6b2eb781719f2ff97137a5d442e27232d14c582fb0d07972fc37bb3a71225b9",
        "@PARENT": "root.record.ItemExhibitList.P3AModificationItemGroup.ModificationItemList.ModificationItem.Installation.ImplementationMethodList.ImplementationMethod"
    },
    {
        "Name_val": "Air Force Active",
        "Cost_Quantity_BudgetYearFour_val": "33",
        "Cost_Quantity_BudgetYearFive_val": "",
        "Cost_Quantity_BudgetYearThree_val": "",
        "Cost_TotalCost_BudgetYearFour_val": "5.91",
        "Cost_TotalCost_BudgetYearFive_val": "",
        "Cost_TotalCost_BudgetYearThree_val": "",
        "@SOURCE_FILENAME": "2015-BASE_PROCUREMENT-2015-AIRFORCE_AIRCRAFT_VOL2-PROCUREMENT_MasterJustificationBook_Air_Force_PB_2015.zzz_unzipped-PROCUREMENT_MasterJustificationBook_Air_Force_PB_2015.xml",
        "@RECORDID": "e0b4c68aca5bcb28bf2a8d6314af11bf878587e1d5636a46ade0d81891a819a1",
        "@ROWID": "0-080d5c4092a1fc228f8408df0f3790072548fdfb8593d30c7cd22161197fdf52",
        "@PARENTROWID": "0-56af74ea680a9f0b696773d54fef8a7a1ecd3a26edf6c61beaf53e78c68d86b2",
        "@PARENT": "root.record.ItemExhibitList.P3AModificationItemGroup.ModificationItemList.ModificationItem.Installation.ImplementationMethodList.ImplementationMethod"
    },
    {
        "Name_val": "Air Force Active",
        "Cost_Quantity_BudgetYearFour_val": "52",
        "Cost_Quantity_BudgetYearFive_val": "",
        "Cost_Quantity_BudgetYearThree_val": "",
        "Cost_TotalCost_BudgetYearFour_val": "2.027",
        "Cost_TotalCost_BudgetYearFive_val": "",
        "Cost_TotalCost_BudgetYearThree_val": "",
        "@SOURCE_FILENAME": "2015-BASE_PROCUREMENT-2015-AIRFORCE_AIRCRAFT_VOL2-PROCUREMENT_MasterJustificationBook_Air_Force_PB_2015.zzz_unzipped-PROCUREMENT_MasterJustificationBook_Air_Force_PB_2015.xml",
        "@RECORDID": "e0b4c68aca5bcb28bf2a8d6314af11bf878587e1d5636a46ade0d81891a819a1",
        "@ROWID": "0-9bcb82bc5b2886b4d895324b28650f0f1bc53c3041fe0f95817389470af0e182",
        "@PARENTROWID": "0-d516d59657d71244c5090aba1c919a80985866857c78458bcc1ff584dd4cb1e9",
        "@PARENT": "root.record.ItemExhibitList.P3AModificationItemGroup.ModificationItemList.ModificationItem.Installation.ImplementationMethodList.ImplementationMethod"
    },
    {
        "Name_val": "Air Force Active",
        "Cost_Quantity_BudgetYearFour_val": "52",
        "Cost_Quantity_BudgetYearFive_val": "",
        "Cost_Quantity_BudgetYearThree_val": "",
        "Cost_TotalCost_BudgetYearFour_val": "0.000",
        "Cost_TotalCost_BudgetYearFive_val": "",
        "Cost_TotalCost_BudgetYearThree_val": "",
        "@SOURCE_FILENAME": "2015-BASE_PROCUREMENT-2015-AIRFORCE_AIRCRAFT_VOL2-PROCUREMENT_MasterJustificationBook_Air_Force_PB_2015.zzz_unzipped-PROCUREMENT_MasterJustificationBook_Air_Force_PB_2015.xml",
        "@RECORDID": "e0b4c68aca5bcb28bf2a8d6314af11bf878587e1d5636a46ade0d81891a819a1",
        "@ROWID": "0-3496ed4cc5d424767814bac6454db2fce19327ae790ac1f4c61e5fe6256f0823",
        "@PARENTROWID": "0-cc0f2331072ae790b2169fb98c117ac9ed22b32373cd367a53db17158834523f",
        "@PARENT": "root.record.ItemExhibitList.P3AModificationItemGroup.ModificationItemList.ModificationItem.Installation.ImplementationMethodList.ImplementationMethod"
    },
    {
        "Name_val": "Air Force Active",
        "Cost_Quantity_BudgetYearFour_val": "",
        "Cost_Quantity_BudgetYearFive_val": "4",
        "Cost_Quantity_BudgetYearThree_val": "",
        "Cost_TotalCost_BudgetYearFour_val": "",
        "Cost_TotalCost_BudgetYearFive_val": "13.328",
        "Cost_TotalCost_BudgetYearThree_val": "",
        "@SOURCE_FILENAME": "2015-BASE_PROCUREMENT-2015-AIRFORCE_AIRCRAFT_VOL2-PROCUREMENT_MasterJustificationBook_Air_Force_PB_2015.zzz_unzipped-PROCUREMENT_MasterJustificationBook_Air_Force_PB_2015.xml",
        "@RECORDID": "e0b4c68aca5bcb28bf2a8d6314af11bf878587e1d5636a46ade0d81891a819a1",
        "@ROWID": "0-70db43c2c8f9a1fc0085345d2f2d5be2588d3f3573b472fc03d3aff38e4043d0",
        "@PARENTROWID": "0-f33d92d5a516d4e0bf82ba640c6b514660c10a8de897911db004e8cd3e22fd89",
        "@PARENT": "root.record.ItemExhibitList.P3AModificationItemGroup.ModificationItemList.ModificationItem.Installation.ImplementationMethodList.ImplementationMethod"
    },
    {
        "Name_val": "Air Force Active",
        "Cost_Quantity_BudgetYearFour_val": "34",
        "Cost_Quantity_BudgetYearFive_val": "",
        "Cost_Quantity_BudgetYearThree_val": "",
        "Cost_TotalCost_BudgetYearFour_val": "0.718",
        "Cost_TotalCost_BudgetYearFive_val": "",
        "Cost_TotalCost_BudgetYearThree_val": "",
        "@SOURCE_FILENAME": "2015-BASE_PROCUREMENT-2015-AIRFORCE_AIRCRAFT_VOL2-PROCUREMENT_MasterJustificationBook_Air_Force_PB_2015.zzz_unzipped-PROCUREMENT_MasterJustificationBook_Air_Force_PB_2015.xml",
        "@RECORDID": "e0b4c68aca5bcb28bf2a8d6314af11bf878587e1d5636a46ade0d81891a819a1",
        "@ROWID": "0-3536cc30b8af792d03e72f80b1094c6748ece8abb3eeac64947fa556d7ed0632",
        "@PARENTROWID": "0-2887d725004327e39c0e586f374c7ba9c7f440c481056200b1577271413b6d61",
        "@PARENT": "root.record.ItemExhibitList.P3AModificationItemGroup.ModificationItemList.ModificationItem.Installation.ImplementationMethodList.ImplementationMethod"
    },
    {
        "Name_val": "Air Force Active",
        "Cost_Quantity_BudgetYearFour_val": "",
        "Cost_Quantity_BudgetYearFive_val": "",
        "Cost_Quantity_BudgetYearThree_val": "221",
        "Cost_TotalCost_BudgetYearFour_val": "",
        "Cost_TotalCost_BudgetYearFive_val": "",
        "Cost_TotalCost_BudgetYearThree_val": "7.778",
        "@SOURCE_FILENAME": "2015-BASE_PROCUREMENT-2015-AIRFORCE_AIRCRAFT_VOL2-PROCUREMENT_MasterJustificationBook_Air_Force_PB_2015.zzz_unzipped-PROCUREMENT_MasterJustificationBook_Air_Force_PB_2015.xml",
        "@RECORDID": "e0999d2b89817dbe0cc954d07a44ef1ad1938f20a6bca9d4306e26527654e26d",
        "@ROWID": "0-809e67551c099fdf3a758f38a883bd6b7176f4ccd0c549e0bb9d2d813d45b65e",
        "@PARENTROWID": "0-a9e5c6a9a5934b34339dd7143a44e1462a1ea3b68f8dc2b64d0c010380152a9a",
        "@PARENT": "root.record.ItemExhibitList.P3AModificationItemGroup.ModificationItemList.ModificationItem.Installation.ImplementationMethodList.ImplementationMethod"
    },
    {
        "Name_val": "Air Force Active",
        "Cost_Quantity_BudgetYearFour_val": "",
        "Cost_Quantity_BudgetYearFive_val": "",
        "Cost_Quantity_BudgetYearThree_val": "883",
        "Cost_TotalCost_BudgetYearFour_val": "",
        "Cost_TotalCost_BudgetYearFive_val": "",
        "Cost_TotalCost_BudgetYearThree_val": "29.53",
        "@SOURCE_FILENAME": "2015-BASE_PROCUREMENT-2015-AIRFORCE_AIRCRAFT_VOL2-PROCUREMENT_MasterJustificationBook_Air_Force_PB_2015.zzz_unzipped-PROCUREMENT_MasterJustificationBook_Air_Force_PB_2015.xml",
        "@RECORDID": "e0999d2b89817dbe0cc954d07a44ef1ad1938f20a6bca9d4306e26527654e26d",
        "@ROWID": "0-07cdd6a22dde01bac06c39726cc8827f41bef525d2bc807edf190808a56182a6",
        "@PARENTROWID": "1-90f677bad55310d6e45d57442ac2d55ee31d51f8b0783a0b0c9b418e364e2f9e",
        "@PARENT": "root.record.ItemExhibitList.P3AModificationItemGroup.ModificationItemList.ModificationItem.Installation.ImplementationMethodList.ImplementationMethod"
    },
    {
        "Name_val": "Air National Guard",
        "Cost_Quantity_BudgetYearFour_val": "",
        "Cost_Quantity_BudgetYearFive_val": "",
        "Cost_Quantity_BudgetYearThree_val": "34",
        "Cost_TotalCost_BudgetYearFour_val": "",
        "Cost_TotalCost_BudgetYearFive_val": "",
        "Cost_TotalCost_BudgetYearThree_val": "6.863",
        "@SOURCE_FILENAME": "2015-BASE_PROCUREMENT-2015-AIRFORCE_AIRCRAFT_VOL2-PROCUREMENT_MasterJustificationBook_Air_Force_PB_2015.zzz_unzipped-PROCUREMENT_MasterJustificationBook_Air_Force_PB_2015.xml",
        "@RECORDID": "e0999d2b89817dbe0cc954d07a44ef1ad1938f20a6bca9d4306e26527654e26d",
        "@ROWID": "1-044c02aaf8a28ab6e29218e0937bb708c2878d5fac9febe1c1c0f255ff13297f",
        "@PARENTROWID": "1-90f677bad55310d6e45d57442ac2d55ee31d51f8b0783a0b0c9b418e364e2f9e",
        "@PARENT": "root.record.ItemExhibitList.P3AModificationItemGroup.ModificationItemList.ModificationItem.Installation.ImplementationMethodList.ImplementationMethod"
    },
    {
        "Name_val": "Air Force Active",
        "Cost_Quantity_BudgetYearFour_val": "172",
        "Cost_Quantity_BudgetYearFive_val": "",
        "Cost_Quantity_BudgetYearThree_val": "",
        "Cost_TotalCost_BudgetYearFour_val": "0.337",
        "Cost_TotalCost_BudgetYearFive_val": "",
        "Cost_TotalCost_BudgetYearThree_val": "",
        "@SOURCE_FILENAME": "2015-BASE_PROCUREMENT-2015-AIRFORCE_AIRCRAFT_VOL2-PROCUREMENT_MasterJustificationBook_Air_Force_PB_2015.zzz_unzipped-PROCUREMENT_MasterJustificationBook_Air_Force_PB_2015.xml",
        "@RECORDID": "e0999d2b89817dbe0cc954d07a44ef1ad1938f20a6bca9d4306e26527654e26d",
        "@ROWID": "0-96b3b8c88e0d60c50de81f7ba83f7e5ee5a5f78af926a4353f8e439ebb553155",
        "@PARENTROWID": "0-14bf970612c94de5d7154117902aec6afb06e781c3d362dba074eaedd12c146a",
        "@PARENT": "root.record.ItemExhibitList.P3AModificationItemGroup.ModificationItemList.ModificationItem.Installation.ImplementationMethodList.ImplementationMethod"
    },
    {
        "Name_val": "Air Force Active",
        "Cost_Quantity_BudgetYearFour_val": "737",
        "Cost_Quantity_BudgetYearFive_val": "",
        "Cost_Quantity_BudgetYearThree_val": "",
        "Cost_TotalCost_BudgetYearFour_val": "6.347",
        "Cost_TotalCost_BudgetYearFive_val": "",
        "Cost_TotalCost_BudgetYearThree_val": "",
        "@SOURCE_FILENAME": "2015-BASE_PROCUREMENT-2015-AIRFORCE_AIRCRAFT_VOL2-PROCUREMENT_MasterJustificationBook_Air_Force_PB_2015.zzz_unzipped-PROCUREMENT_MasterJustificationBook_Air_Force_PB_2015.xml",
        "@RECORDID": "e0999d2b89817dbe0cc954d07a44ef1ad1938f20a6bca9d4306e26527654e26d",
        "@ROWID": "0-f80d05f0209c0641eb8eebe531f2db8f892e2c47cfd485c796ca6a1f0b4c11e1",
        "@PARENTROWID": "1-027c4ad0a4322f0de010417e98cdad200bf1abbdf73bb1cfb39cfc9ffd5c9091",
        "@PARENT": "root.record.ItemExhibitList.P3AModificationItemGroup.ModificationItemList.ModificationItem.Installation.ImplementationMethodList.ImplementationMethod"
    },
    {
        "Name_val": "Air National Guard",
        "Cost_Quantity_BudgetYearFour_val": "99",
        "Cost_Quantity_BudgetYearFive_val": "",
        "Cost_Quantity_BudgetYearThree_val": "",
        "Cost_TotalCost_BudgetYearFour_val": "0.183",
        "Cost_TotalCost_BudgetYearFive_val": "",
        "Cost_TotalCost_BudgetYearThree_val": "",
        "@SOURCE_FILENAME": "2015-BASE_PROCUREMENT-2015-AIRFORCE_AIRCRAFT_VOL2-PROCUREMENT_MasterJustificationBook_Air_Force_PB_2015.zzz_unzipped-PROCUREMENT_MasterJustificationBook_Air_Force_PB_2015.xml",
        "@RECORDID": "e0999d2b89817dbe0cc954d07a44ef1ad1938f20a6bca9d4306e26527654e26d",
        "@ROWID": "1-7f602a3e40ee9c18327c0c7805edf6f7dbfa0edf4d7529b2f5b8ed7847efe32b",
        "@PARENTROWID": "1-027c4ad0a4322f0de010417e98cdad200bf1abbdf73bb1cfb39cfc9ffd5c9091",
        "@PARENT": "root.record.ItemExhibitList.P3AModificationItemGroup.ModificationItemList.ModificationItem.Installation.ImplementationMethodList.ImplementationMethod"
    },
    {
        "Name_val": "Air Force Active",
        "Cost_Quantity_BudgetYearFour_val": "8",
        "Cost_Quantity_BudgetYearFive_val": "",
        "Cost_Quantity_BudgetYearThree_val": "",
        "Cost_TotalCost_BudgetYearFour_val": "8.4",
        "Cost_TotalCost_BudgetYearFive_val": "",
        "Cost_TotalCost_BudgetYearThree_val": "",
        "@SOURCE_FILENAME": "2015-BASE_PROCUREMENT-2015-AIRFORCE_AIRCRAFT_VOL2-PROCUREMENT_MasterJustificationBook_Air_Force_PB_2015.zzz_unzipped-PROCUREMENT_MasterJustificationBook_Air_Force_PB_2015.xml",
        "@RECORDID": "e0999d2b89817dbe0cc954d07a44ef1ad1938f20a6bca9d4306e26527654e26d",
        "@ROWID": "0-7debf79e14e4bdcaca694d1157673f484e21ea77994ef6a8ff289a3d672e26a0",
        "@PARENTROWID": "0-3e324f62736daf78b51e26432685acfc7446f80e281db1bd21694fa00124915c",
        "@PARENT": "root.record.ItemExhibitList.P3AModificationItemGroup.ModificationItemList.ModificationItem.Installation.ImplementationMethodList.ImplementationMethod"
    },
    {
        "Name_val": "Air National Guard",
        "Cost_Quantity_BudgetYearFour_val": "7",
        "Cost_Quantity_BudgetYearFive_val": "",
        "Cost_Quantity_BudgetYearThree_val": "",
        "Cost_TotalCost_BudgetYearFour_val": "9.602",
        "Cost_TotalCost_BudgetYearFive_val": "",
        "Cost_TotalCost_BudgetYearThree_val": "",
        "@SOURCE_FILENAME": "2015-BASE_PROCUREMENT-2015-AIRFORCE_AIRCRAFT_VOL2-PROCUREMENT_MasterJustificationBook_Air_Force_PB_2015.zzz_unzipped-PROCUREMENT_MasterJustificationBook_Air_Force_PB_2015.xml",
        "@RECORDID": "e0999d2b89817dbe0cc954d07a44ef1ad1938f20a6bca9d4306e26527654e26d",
        "@ROWID": "1-2f193c31b1375a5fe0b823722260cdbf9c37111aedd08078f4f3551d2149cb95",
        "@PARENTROWID": "0-3e324f62736daf78b51e26432685acfc7446f80e281db1bd21694fa00124915c",
        "@PARENT": "root.record.ItemExhibitList.P3AModificationItemGroup.ModificationItemList.ModificationItem.Installation.ImplementationMethodList.ImplementationMethod"
    },
    {
        "Name_val": "Air Force Active",
        "Cost_Quantity_BudgetYearFour_val": "",
        "Cost_Quantity_BudgetYearFive_val": "",
        "Cost_Quantity_BudgetYearThree_val": "10",
        "Cost_TotalCost_BudgetYearFour_val": "",
        "Cost_TotalCost_BudgetYearFive_val": "",
        "Cost_TotalCost_BudgetYearThree_val": "0.65",
        "@SOURCE_FILENAME": "2015-BASE_PROCUREMENT-2015-AIRFORCE_AIRCRAFT_VOL2-PROCUREMENT_MasterJustificationBook_Air_Force_PB_2015.zzz_unzipped-PROCUREMENT_MasterJustificationBook_Air_Force_PB_2015.xml",
        "@RECORDID": "e0999d2b89817dbe0cc954d07a44ef1ad1938f20a6bca9d4306e26527654e26d",
        "@ROWID": "0-9e54c82e59b3338c2bb744ebf559993ba60b799b3ac9652a0e199c2544958db9",
        "@PARENTROWID": "0-8f4ec299c7ea273eca4014b3c92d97193f2222381c3c56691f473d7fd8013bef",
        "@PARENT": "root.record.ItemExhibitList.P3AModificationItemGroup.ModificationItemList.ModificationItem.Installation.ImplementationMethodList.ImplementationMethod"
    },
    {
        "Name_val": "Air Force Active",
        "Cost_Quantity_BudgetYearFour_val": "",
        "Cost_Quantity_BudgetYearFive_val": "36",
        "Cost_Quantity_BudgetYearThree_val": "",
        "Cost_TotalCost_BudgetYearFour_val": "",
        "Cost_TotalCost_BudgetYearFive_val": "12.285",
        "Cost_TotalCost_BudgetYearThree_val": "",
        "@SOURCE_FILENAME": "2015-BASE_PROCUREMENT-2015-AIRFORCE_AIRCRAFT_VOL2-PROCUREMENT_MasterJustificationBook_Air_Force_PB_2015.zzz_unzipped-PROCUREMENT_MasterJustificationBook_Air_Force_PB_2015.xml",
        "@RECORDID": "a8a6e5bc3013496d237ccecb8631798e1f6fde8d6f32dd9210c3a80ded847d47",
        "@ROWID": "0-796972c48b4fd926f2704915a473547881b8986e31a8c3992bc23fd523818e5a",
        "@PARENTROWID": "0-81011f9427798b701a2458585ae142673f854b0737c39a951e86d74a7833364a",
        "@PARENT": "root.record.ItemExhibitList.P3AModificationItemGroup.ModificationItemList.ModificationItem.Installation.ImplementationMethodList.ImplementationMethod"
    }
]