[
    {
        "Month_val": "2012-06",
        "Amount_val": "1",
        "@SOURCE_FILENAME": "2015-BASE_PROCUREMENT-2015-AIRFORCE_AIRCRAFT_VOL1-PROCUREMENT_JustificationBook_Air_Force_PB_2015.zzz_unzipped-PROCUREMENT_JustificationBook_Air_Force_PB_2015.xml",
        "@RECORDID": "ec976f28f64d06b6cdd6198f93851889e1b9beb1edb572669f3c69e02093017a",
        "@ROWID": "0-8cf4eea6dec2c839c44730ec0b9d11e43d54375a94968f8a94417bff1dc5ad87",
        "@PARENTROWID": "0-537ce384be31eb8faf4fee20acf14bee5318f40ab9847867c1c14a7ed5c58f49",
        "@PARENT": "root.record.ItemExhibitList.P5Item.CostElementCategoryList.Vehicles.Recurring.CostElementList.CostElement.ManufacturerList.Manufacturer.HistoryPlanningList.HistoryPlanning"
    },
    {
        "Month_val": "2012-11",
        "Amount_val": "1",
        "@SOURCE_FILENAME": "2015-BASE_PROCUREMENT-2015-AIRFORCE_AIRCRAFT_VOL1-PROCUREMENT_JustificationBook_Air_Force_PB_2015.zzz_unzipped-PROCUREMENT_JustificationBook_Air_Force_PB_2015.xml",
        "@RECORDID": "ec976f28f64d06b6cdd6198f93851889e1b9beb1edb572669f3c69e02093017a",
        "@ROWID": "1-54142d69b7516a4b06e4b11a37404743f9a2c9c806349233c8aa1c3970a30300",
        "@PARENTROWID": "0-537ce384be31eb8faf4fee20acf14bee5318f40ab9847867c1c14a7ed5c58f49",
        "@PARENT": "root.record.ItemExhibitList.P5Item.CostElementCategoryList.Vehicles.Recurring.CostElementList.CostElement.ManufacturerList.Manufacturer.HistoryPlanningList.HistoryPlanning"
    },
    {
        "Month_val": "2013-11",
        "Amount_val": "1",
        "@SOURCE_FILENAME": "2015-BASE_PROCUREMENT-2015-AIRFORCE_AIRCRAFT_VOL1-PROCUREMENT_JustificationBook_Air_Force_PB_2015.zzz_unzipped-PROCUREMENT_JustificationBook_Air_Force_PB_2015.xml",
        "@RECORDID": "ec976f28f64d06b6cdd6198f93851889e1b9beb1edb572669f3c69e02093017a",
        "@ROWID": "0-bde28b26ce849a18b4fc84bf38dcfbdd5952a2c3856c298f593d9db6a1d73240",
        "@PARENTROWID": "1-f4b44ef5575384005285be902a718b7694631a1e2d00dbcbd81b8e3d0d15e2d8",
        "@PARENT": "root.record.ItemExhibitList.P5Item.CostElementCategoryList.Vehicles.Recurring.CostElementList.CostElement.ManufacturerList.Manufacturer.HistoryPlanningList.HistoryPlanning"
    },
    {
        "Month_val": "2014-07",
        "Amount_val": "1",
        "@SOURCE_FILENAME": "2015-BASE_PROCUREMENT-2015-AIRFORCE_AIRCRAFT_VOL1-PROCUREMENT_JustificationBook_Air_Force_PB_2015.zzz_unzipped-PROCUREMENT_JustificationBook_Air_Force_PB_2015.xml",
        "@RECORDID": "ec976f28f64d06b6cdd6198f93851889e1b9beb1edb572669f3c69e02093017a",
        "@ROWID": "1-5b13525990d49f444374fcc277c5a6ff2390c5c7eecdf41dbd297fbd15b7c621",
        "@PARENTROWID": "1-f4b44ef5575384005285be902a718b7694631a1e2d00dbcbd81b8e3d0d15e2d8",
        "@PARENT": "root.record.ItemExhibitList.P5Item.CostElementCategoryList.Vehicles.Recurring.CostElementList.CostElement.ManufacturerList.Manufacturer.HistoryPlanningList.HistoryPlanning"
    },
    {
        "Month_val": "2017-01",
        "Amount_val": "1",
        "@SOURCE_FILENAME": "2015-BASE_PROCUREMENT-2015-AIRFORCE_AIRCRAFT_VOL1-PROCUREMENT_JustificationBook_Air_Force_PB_2015.zzz_unzipped-PROCUREMENT_JustificationBook_Air_Force_PB_2015.xml",
        "@RECORDID": "ec976f28f64d06b6cdd6198f93851889e1b9beb1edb572669f3c69e02093017a",
        "@ROWID": "0-9d5c94f0b54e8ae9c6e37a8643e577c09ad8042b35059368cb667063baaec463",
        "@PARENTROWID": "2-fff840e1ca9df4e14b479ed5c554e6421d0b9794ffddbbeeaf4990ad88233c39",
        "@PARENT": "root.record.ItemExhibitList.P5Item.CostElementCategoryList.Vehicles.Recurring.CostElementList.CostElement.ManufacturerList.Manufacturer.HistoryPlanningList.HistoryPlanning"
    },
    {
        "Month_val": "2017-04",
        "Amount_val": "1",
        "@SOURCE_FILENAME": "2015-BASE_PROCUREMENT-2015-AIRFORCE_AIRCRAFT_VOL1-PROCUREMENT_JustificationBook_Air_Force_PB_2015.zzz_unzipped-PROCUREMENT_JustificationBook_Air_Force_PB_2015.xml",
        "@RECORDID": "ec976f28f64d06b6cdd6198f93851889e1b9beb1edb572669f3c69e02093017a",
        "@ROWID": "1-0cf2377d893694a442eaada9451d56b70f7c7edf1297c73d75dec929bc5dd364",
        "@PARENTROWID": "2-fff840e1ca9df4e14b479ed5c554e6421d0b9794ffddbbeeaf4990ad88233c39",
        "@PARENT": "root.record.ItemExhibitList.P5Item.CostElementCategoryList.Vehicles.Recurring.CostElementList.CostElement.ManufacturerList.Manufacturer.HistoryPlanningList.HistoryPlanning"
    },
    {
        "Month_val": "2017-06",
        "Amount_val": "1",
        "@SOURCE_FILENAME": "2015-BASE_PROCUREMENT-2015-AIRFORCE_AIRCRAFT_VOL1-PROCUREMENT_JustificationBook_Air_Force_PB_2015.zzz_unzipped-PROCUREMENT_JustificationBook_Air_Force_PB_2015.xml",
        "@RECORDID": "ec976f28f64d06b6cdd6198f93851889e1b9beb1edb572669f3c69e02093017a",
        "@ROWID": "2-c56baaa610878f101c3a874e7f7932733577e6e56c9b03cc204745c1e6e915e3",
        "@PARENTROWID": "2-fff840e1ca9df4e14b479ed5c554e6421d0b9794ffddbbeeaf4990ad88233c39",
        "@PARENT": "root.record.ItemExhibitList.P5Item.CostElementCategoryList.Vehicles.Recurring.CostElementList.CostElement.ManufacturerList.Manufacturer.HistoryPlanningList.HistoryPlanning"
    },
    {
        "Month_val": "2013-02",
        "Amount_val": "1",
        "@SOURCE_FILENAME": "2015-BASE_PROCUREMENT-2015-AIRFORCE_AIRCRAFT_VOL1-PROCUREMENT_JustificationBook_Air_Force_PB_2015.zzz_unzipped-PROCUREMENT_JustificationBook_Air_Force_PB_2015.xml",
        "@RECORDID": "ec976f28f64d06b6cdd6198f93851889e1b9beb1edb572669f3c69e02093017a",
        "@ROWID": "0-6af99bc4301e38cf73994d2d2352915b1974d04dc48dab4f541b439dd04fdee8",
        "@PARENTROWID": "0-91382cedc5cb270bd0416650e72ccedf0887f13c18cc8f6f0677eca8223222d8",
        "@PARENT": "root.record.ItemExhibitList.P5Item.CostElementCategoryList.Vehicles.Recurring.CostElementList.CostElement.ManufacturerList.Manufacturer.HistoryPlanningList.HistoryPlanning"
    },
    {
        "Month_val": "2013-08",
        "Amount_val": "1",
        "@SOURCE_FILENAME": "2015-BASE_PROCUREMENT-2015-AIRFORCE_AIRCRAFT_VOL1-PROCUREMENT_JustificationBook_Air_Force_PB_2015.zzz_unzipped-PROCUREMENT_JustificationBook_Air_Force_PB_2015.xml",
        "@RECORDID": "ec976f28f64d06b6cdd6198f93851889e1b9beb1edb572669f3c69e02093017a",
        "@ROWID": "1-e2f00753b0f8b4caa99f68686651a4366915752f944244faee9cb675b1989b57",
        "@PARENTROWID": "0-91382cedc5cb270bd0416650e72ccedf0887f13c18cc8f6f0677eca8223222d8",
        "@PARENT": "root.record.ItemExhibitList.P5Item.CostElementCategoryList.Vehicles.Recurring.CostElementList.CostElement.ManufacturerList.Manufacturer.HistoryPlanningList.HistoryPlanning"
    },
    {
        "Month_val": "2014-04",
        "Amount_val": "1",
        "@SOURCE_FILENAME": "2015-BASE_PROCUREMENT-2015-AIRFORCE_AIRCRAFT_VOL1-PROCUREMENT_JustificationBook_Air_Force_PB_2015.zzz_unzipped-PROCUREMENT_JustificationBook_Air_Force_PB_2015.xml",
        "@RECORDID": "ec976f28f64d06b6cdd6198f93851889e1b9beb1edb572669f3c69e02093017a",
        "@ROWID": "0-40253cf9f9a0a1e01381a84c3bfba1d49f75b293baee1a38af43b33cf803653e",
        "@PARENTROWID": "1-c7d9498644e770249590da900472800ec2281e18774b5f7bd209cae7dd64c2d7",
        "@PARENT": "root.record.ItemExhibitList.P5Item.CostElementCategoryList.Vehicles.Recurring.CostElementList.CostElement.ManufacturerList.Manufacturer.HistoryPlanningList.HistoryPlanning"
    },
    {
        "Month_val": "2014-08",
        "Amount_val": "1",
        "@SOURCE_FILENAME": "2015-BASE_PROCUREMENT-2015-AIRFORCE_AIRCRAFT_VOL1-PROCUREMENT_JustificationBook_Air_Force_PB_2015.zzz_unzipped-PROCUREMENT_JustificationBook_Air_Force_PB_2015.xml",
        "@RECORDID": "ec976f28f64d06b6cdd6198f93851889e1b9beb1edb572669f3c69e02093017a",
        "@ROWID": "1-d354424bc8bc88c610af0a766e15986f64449edc18ce06d7f570e3c5e2e58d0d",
        "@PARENTROWID": "1-c7d9498644e770249590da900472800ec2281e18774b5f7bd209cae7dd64c2d7",
        "@PARENT": "root.record.ItemExhibitList.P5Item.CostElementCategoryList.Vehicles.Recurring.CostElementList.CostElement.ManufacturerList.Manufacturer.HistoryPlanningList.HistoryPlanning"
    },
    {
        "Month_val": "2012-06",
        "Amount_val": "1",
        "@SOURCE_FILENAME": "2015-BASE_PROCUREMENT-2015-AIRFORCE_AIRCRAFT_VOL2-PROCUREMENT_MasterJustificationBook_Air_Force_PB_2015.zzz_unzipped-PROCUREMENT_MasterJustificationBook_Air_Force_PB_2015.xml",
        "@RECORDID": "16648ff2f063095212525067f95f94d1ab1e5d0f22d30259c24225f3f227ab5f",
        "@ROWID": "0-14443e04331d2256c11e6d327a8ca21d835d1784d0fbfeaaf42932c0bdad1e86",
        "@PARENTROWID": "0-130e4f9fdd3986e004df73cceeca203639b3c0b63ade29fd3cafdb2fd5e0ab4e",
        "@PARENT": "root.record.ItemExhibitList.P5Item.CostElementCategoryList.Vehicles.Recurring.CostElementList.CostElement.ManufacturerList.Manufacturer.HistoryPlanningList.HistoryPlanning"
    },
    {
        "Month_val": "2012-11",
        "Amount_val": "1",
        "@SOURCE_FILENAME": "2015-BASE_PROCUREMENT-2015-AIRFORCE_AIRCRAFT_VOL2-PROCUREMENT_MasterJustificationBook_Air_Force_PB_2015.zzz_unzipped-PROCUREMENT_MasterJustificationBook_Air_Force_PB_2015.xml",
        "@RECORDID": "16648ff2f063095212525067f95f94d1ab1e5d0f22d30259c24225f3f227ab5f",
        "@ROWID": "1-6891b471da37ac72137470f13ecfb1d227f5a905fe6b98c4092f9e5d5ae160a9",
        "@PARENTROWID": "0-130e4f9fdd3986e004df73cceeca203639b3c0b63ade29fd3cafdb2fd5e0ab4e",
        "@PARENT": "root.record.ItemExhibitList.P5Item.CostElementCategoryList.Vehicles.Recurring.CostElementList.CostElement.ManufacturerList.Manufacturer.HistoryPlanningList.HistoryPlanning"
    },
    {
        "Month_val": "2013-11",
        "Amount_val": "1",
        "@SOURCE_FILENAME": "2015-BASE_PROCUREMENT-2015-AIRFORCE_AIRCRAFT_VOL2-PROCUREMENT_MasterJustificationBook_Air_Force_PB_2015.zzz_unzipped-PROCUREMENT_MasterJustificationBook_Air_Force_PB_2015.xml",
        "@RECORDID": "16648ff2f063095212525067f95f94d1ab1e5d0f22d30259c24225f3f227ab5f",
        "@ROWID": "0-e23090c9659eb2da716cf4cb6feca21bd87f29f8585bf1bca8e0068ba7c88aeb",
        "@PARENTROWID": "1-fbce26f0b11726526f22945311d735653179de062d399edf2ac14689b8280e97",
        "@PARENT": "root.record.ItemExhibitList.P5Item.CostElementCategoryList.Vehicles.Recurring.CostElementList.CostElement.ManufacturerList.Manufacturer.HistoryPlanningList.HistoryPlanning"
    },
    {
        "Month_val": "2014-07",
        "Amount_val": "1",
        "@SOURCE_FILENAME": "2015-BASE_PROCUREMENT-2015-AIRFORCE_AIRCRAFT_VOL2-PROCUREMENT_MasterJustificationBook_Air_Force_PB_2015.zzz_unzipped-PROCUREMENT_MasterJustificationBook_Air_Force_PB_2015.xml",
        "@RECORDID": "16648ff2f063095212525067f95f94d1ab1e5d0f22d30259c24225f3f227ab5f",
        "@ROWID": "1-cd1b71dc66a415ef832fe0b919b967c294d6c5a173aa231a1e04653d03769844",
        "@PARENTROWID": "1-fbce26f0b11726526f22945311d735653179de062d399edf2ac14689b8280e97",
        "@PARENT": "root.record.ItemExhibitList.P5Item.CostElementCategoryList.Vehicles.Recurring.CostElementList.CostElement.ManufacturerList.Manufacturer.HistoryPlanningList.HistoryPlanning"
    },
    {
        "Month_val": "2017-01",
        "Amount_val": "1",
        "@SOURCE_FILENAME": "2015-BASE_PROCUREMENT-2015-AIRFORCE_AIRCRAFT_VOL2-PROCUREMENT_MasterJustificationBook_Air_Force_PB_2015.zzz_unzipped-PROCUREMENT_MasterJustificationBook_Air_Force_PB_2015.xml",
        "@RECORDID": "16648ff2f063095212525067f95f94d1ab1e5d0f22d30259c24225f3f227ab5f",
        "@ROWID": "0-5f39d70079bf5151124c41c2330510c481b09f840222f678306453be96967bd3",
        "@PARENTROWID": "2-906bb64a263ac47ec7ad59d56544564ed05949c17c163879881abaf3c5b35a65",
        "@PARENT": "root.record.ItemExhibitList.P5Item.CostElementCategoryList.Vehicles.Recurring.CostElementList.CostElement.ManufacturerList.Manufacturer.HistoryPlanningList.HistoryPlanning"
    },
    {
        "Month_val": "2017-04",
        "Amount_val": "1",
        "@SOURCE_FILENAME": "2015-BASE_PROCUREMENT-2015-AIRFORCE_AIRCRAFT_VOL2-PROCUREMENT_MasterJustificationBook_Air_Force_PB_2015.zzz_unzipped-PROCUREMENT_MasterJustificationBook_Air_Force_PB_2015.xml",
        "@RECORDID": "16648ff2f063095212525067f95f94d1ab1e5d0f22d30259c24225f3f227ab5f",
        "@ROWID": "1-8cf37e4771baf8883397b52e3b3ef926622881184f6385644029386b5fef9898",
        "@PARENTROWID": "2-906bb64a263ac47ec7ad59d56544564ed05949c17c163879881abaf3c5b35a65",
        "@PARENT": "root.record.ItemExhibitList.P5Item.CostElementCategoryList.Vehicles.Recurring.CostElementList.CostElement.ManufacturerList.Manufacturer.HistoryPlanningList.HistoryPlanning"
    },
    {
        "Month_val": "2017-06",
        "Amount_val": "1",
        "@SOURCE_FILENAME": "2015-BASE_PROCUREMENT-2015-AIRFORCE_AIRCRAFT_VOL2-PROCUREMENT_MasterJustificationBook_Air_Force_PB_2015.zzz_unzipped-PROCUREMENT_MasterJustificationBook_Air_Force_PB_2015.xml",
        "@RECORDID": "16648ff2f063095212525067f95f94d1ab1e5d0f22d30259c24225f3f227ab5f",
        "@ROWID": "2-e35ac4d9f27887775e612f6e2f48741f37154047a38ef1c6777162abf2804981",
        "@PARENTROWID": "2-906bb64a263ac47ec7ad59d56544564ed05949c17c163879881abaf3c5b35a65",
        "@PARENT": "root.record.ItemExhibitList.P5Item.CostElementCategoryList.Vehicles.Recurring.CostElementList.CostElement.ManufacturerList.Manufacturer.HistoryPlanningList.HistoryPlanning"
    },
    {
        "Month_val": "2013-02",
        "Amount_val": "1",
        "@SOURCE_FILENAME": "2015-BASE_PROCUREMENT-2015-AIRFORCE_AIRCRAFT_VOL2-PROCUREMENT_MasterJustificationBook_Air_Force_PB_2015.zzz_unzipped-PROCUREMENT_MasterJustificationBook_Air_Force_PB_2015.xml",
        "@RECORDID": "16648ff2f063095212525067f95f94d1ab1e5d0f22d30259c24225f3f227ab5f",
        "@ROWID": "0-d367cd93fd96631791764e3e2842ac56f3083e5d5a0d3b2b76cb1302dd90e4af",
        "@PARENTROWID": "0-4b37007f05d86871ba6fed703f70175418c478d9a2a894f0b372b40a5e7c01d2",
        "@PARENT": "root.record.ItemExhibitList.P5Item.CostElementCategoryList.Vehicles.Recurring.CostElementList.CostElement.ManufacturerList.Manufacturer.HistoryPlanningList.HistoryPlanning"
    },
    {
        "Month_val": "2013-08",
        "Amount_val": "1",
        "@SOURCE_FILENAME": "2015-BASE_PROCUREMENT-2015-AIRFORCE_AIRCRAFT_VOL2-PROCUREMENT_MasterJustificationBook_Air_Force_PB_2015.zzz_unzipped-PROCUREMENT_MasterJustificationBook_Air_Force_PB_2015.xml",
        "@RECORDID": "16648ff2f063095212525067f95f94d1ab1e5d0f22d30259c24225f3f227ab5f",
        "@ROWID": "1-99be11210e7cf991f77934e05049e2e9e91f26ad67ade7376049e626281c356f",
        "@PARENTROWID": "0-4b37007f05d86871ba6fed703f70175418c478d9a2a894f0b372b40a5e7c01d2",
        "@PARENT": "root.record.ItemExhibitList.P5Item.CostElementCategoryList.Vehicles.Recurring.CostElementList.CostElement.ManufacturerList.Manufacturer.HistoryPlanningList.HistoryPlanning"
    },
    {
        "Month_val": "2014-04",
        "Amount_val": "1",
        "@SOURCE_FILENAME": "2015-BASE_PROCUREMENT-2015-AIRFORCE_AIRCRAFT_VOL2-PROCUREMENT_MasterJustificationBook_Air_Force_PB_2015.zzz_unzipped-PROCUREMENT_MasterJustificationBook_Air_Force_PB_2015.xml",
        "@RECORDID": "16648ff2f063095212525067f95f94d1ab1e5d0f22d30259c24225f3f227ab5f",
        "@ROWID": "0-7387d117d43896647022668aef99cf9b427c90108c0b500a7607bd3ccd394e2b",
        "@PARENTROWID": "1-3e411ec4fa7da5220faf7303ce78acb84d3934bf4ced6858948579da391914e6",
        "@PARENT": "root.record.ItemExhibitList.P5Item.CostElementCategoryList.Vehicles.Recurring.CostElementList.CostElement.ManufacturerList.Manufacturer.HistoryPlanningList.HistoryPlanning"
    },
    {
        "Month_val": "2014-08",
        "Amount_val": "1",
        "@SOURCE_FILENAME": "2015-BASE_PROCUREMENT-2015-AIRFORCE_AIRCRAFT_VOL2-PROCUREMENT_MasterJustificationBook_Air_Force_PB_2015.zzz_unzipped-PROCUREMENT_MasterJustificationBook_Air_Force_PB_2015.xml",
        "@RECORDID": "16648ff2f063095212525067f95f94d1ab1e5d0f22d30259c24225f3f227ab5f",
        "@ROWID": "1-a4dc83488b732d71e0fbc3b348aa96fdf02da69d1f16871de10127a4cdd9aa69",
        "@PARENTROWID": "1-3e411ec4fa7da5220faf7303ce78acb84d3934bf4ced6858948579da391914e6",
        "@PARENT": "root.record.ItemExhibitList.P5Item.CostElementCategoryList.Vehicles.Recurring.CostElementList.CostElement.ManufacturerList.Manufacturer.HistoryPlanningList.HistoryPlanning"
    },
    {
        "Month_val": "2017-04",
        "Amount_val": "1",
        "@SOURCE_FILENAME": "2016-BASE_PROCUREMENT-2016-AIRFORCE_AIRCRAFT_VOL1-PROCUREMENT_JustificationBook_Air_Force_PB_2016.zzz_unzipped-PROCUREMENT_JustificationBook_Air_Force_PB_2016.xml",
        "@RECORDID": "6feb0208aa26d6550229bdf370d3886d34e07818e615e22e029c46fb827c9409",
        "@ROWID": "0-3055b5367c847fe51eed285265277c424b4ca40af4aa75e418759e52395a2b4f",
        "@PARENTROWID": "0-66f55dabd000c71c3f56e5d31e4d81f33d43e46b6899b61fed0e71800576cf22",
        "@PARENT": "root.record.ItemExhibitList.P5Item.CostElementCategoryList.Vehicles.Recurring.CostElementList.CostElement.ManufacturerList.Manufacturer.HistoryPlanningList.HistoryPlanning"
    },
    {
        "Month_val": "2018-04",
        "Amount_val": "1",
        "@SOURCE_FILENAME": "2016-BASE_PROCUREMENT-2016-AIRFORCE_AIRCRAFT_VOL1-PROCUREMENT_JustificationBook_Air_Force_PB_2016.zzz_unzipped-PROCUREMENT_JustificationBook_Air_Force_PB_2016.xml",
        "@RECORDID": "6feb0208aa26d6550229bdf370d3886d34e07818e615e22e029c46fb827c9409",
        "@ROWID": "0-ed2eea206a0ae9988aed495c5709b80d260fe8d97fa99c5f7eaa70b9e6471594",
        "@PARENTROWID": "1-073557cd655a4d0ce6845f101afde2e25d9f57e6efe2f3dc4962af31942bdf2d",
        "@PARENT": "root.record.ItemExhibitList.P5Item.CostElementCategoryList.Vehicles.Recurring.CostElementList.CostElement.ManufacturerList.Manufacturer.HistoryPlanningList.HistoryPlanning"
    },
    {
        "Month_val": "2017-01",
        "Amount_val": "1",
        "@SOURCE_FILENAME": "2016-BASE_PROCUREMENT-2016-AIRFORCE_AIRCRAFT_VOL1-PROCUREMENT_JustificationBook_Air_Force_PB_2016.zzz_unzipped-PROCUREMENT_JustificationBook_Air_Force_PB_2016.xml",
        "@RECORDID": "6feb0208aa26d6550229bdf370d3886d34e07818e615e22e029c46fb827c9409",
        "@ROWID": "0-6ac314d7dc053bfdf73283fb645ad7c1669d30bd6ac1c8f78a52a5424d231c36",
        "@PARENTROWID": "0-3b3fddaaf23ea8658dcab8444678203e76c41e11d930dfd134a3f9fcad92c1e3",
        "@PARENT": "root.record.ItemExhibitList.P5Item.CostElementCategoryList.Vehicles.Recurring.CostElementList.CostElement.ManufacturerList.Manufacturer.HistoryPlanningList.HistoryPlanning"
    },
    {
        "Month_val": "2017-04",
        "Amount_val": "1",
        "@SOURCE_FILENAME": "2016-BASE_PROCUREMENT-2016-AIRFORCE_AIRCRAFT_VOL1-PROCUREMENT_JustificationBook_Air_Force_PB_2016.zzz_unzipped-PROCUREMENT_JustificationBook_Air_Force_PB_2016.xml",
        "@RECORDID": "6feb0208aa26d6550229bdf370d3886d34e07818e615e22e029c46fb827c9409",
        "@ROWID": "1-5489bbf47a60835c3e75f28f70fbda99ecc237b9556b3eb3d9a3b8644cedfd85",
        "@PARENTROWID": "0-3b3fddaaf23ea8658dcab8444678203e76c41e11d930dfd134a3f9fcad92c1e3",
        "@PARENT": "root.record.ItemExhibitList.P5Item.CostElementCategoryList.Vehicles.Recurring.CostElementList.CostElement.ManufacturerList.Manufacturer.HistoryPlanningList.HistoryPlanning"
    },
    {
        "Month_val": "2017-06",
        "Amount_val": "1",
        "@SOURCE_FILENAME": "2016-BASE_PROCUREMENT-2016-AIRFORCE_AIRCRAFT_VOL1-PROCUREMENT_JustificationBook_Air_Force_PB_2016.zzz_unzipped-PROCUREMENT_JustificationBook_Air_Force_PB_2016.xml",
        "@RECORDID": "6feb0208aa26d6550229bdf370d3886d34e07818e615e22e029c46fb827c9409",
        "@ROWID": "2-35f98672731f282b8ceafd5a545d10b381025a9b28bd3425c8489d3a9602fba7",
        "@PARENTROWID": "0-3b3fddaaf23ea8658dcab8444678203e76c41e11d930dfd134a3f9fcad92c1e3",
        "@PARENT": "root.record.ItemExhibitList.P5Item.CostElementCategoryList.Vehicles.Recurring.CostElementList.CostElement.ManufacturerList.Manufacturer.HistoryPlanningList.HistoryPlanning"
    },
    {
        "Month_val": "2017-04",
        "Amount_val": "1",
        "@SOURCE_FILENAME": "2016-BASE_PROCUREMENT-2016-AIRFORCE_AIRCRAFT_VOL2-PROCUREMENT_MasterJustificationBook_Air_Force_PB_2016.zzz_unzipped-PROCUREMENT_MasterJustificationBook_Air_Force_PB_2016.xml",
        "@RECORDID": "0bd719ef621e4942ddcec6c35d76388658f5b2fe25e160e294e9186a3aa77111",
        "@ROWID": "0-131c534210a86d630ce1d2292b273da620218b4634a0bcc5e64f8ba63560f543",
        "@PARENTROWID": "0-de34dcea5603dc5d225dd493d47d32be0802f4a0977b2fd36832e258333f9826",
        "@PARENT": "root.record.ItemExhibitList.P5Item.CostElementCategoryList.Vehicles.Recurring.CostElementList.CostElement.ManufacturerList.Manufacturer.HistoryPlanningList.HistoryPlanning"
    },
    {
        "Month_val": "2018-04",
        "Amount_val": "1",
        "@SOURCE_FILENAME": "2016-BASE_PROCUREMENT-2016-AIRFORCE_AIRCRAFT_VOL2-PROCUREMENT_MasterJustificationBook_Air_Force_PB_2016.zzz_unzipped-PROCUREMENT_MasterJustificationBook_Air_Force_PB_2016.xml",
        "@RECORDID": "0bd719ef621e4942ddcec6c35d76388658f5b2fe25e160e294e9186a3aa77111",
        "@ROWID": "0-eeb92789df960d3a4b8d5a75f4ebca913c958fd89eda669f3f47e01c276d87ea",
        "@PARENTROWID": "1-4499d2a31c6fea6f2a4e93a92fe4d4f7741246e0d83ca7cabce6d4835391fb08",
        "@PARENT": "root.record.ItemExhibitList.P5Item.CostElementCategoryList.Vehicles.Recurring.CostElementList.CostElement.ManufacturerList.Manufacturer.HistoryPlanningList.HistoryPlanning"
    },
    {
        "Month_val": "2017-01",
        "Amount_val": "1",
        "@SOURCE_FILENAME": "2016-BASE_PROCUREMENT-2016-AIRFORCE_AIRCRAFT_VOL2-PROCUREMENT_MasterJustificationBook_Air_Force_PB_2016.zzz_unzipped-PROCUREMENT_MasterJustificationBook_Air_Force_PB_2016.xml",
        "@RECORDID": "0bd719ef621e4942ddcec6c35d76388658f5b2fe25e160e294e9186a3aa77111",
        "@ROWID": "0-ec9a2801aadbc8de161118614dba9a2f4956bb9eeaccdf7d1898b6a5126e49f4",
        "@PARENTROWID": "0-d3539adeb0599e367b958a4f234f60142832cbe0502f35d6c446f58d80051aa8",
        "@PARENT": "root.record.ItemExhibitList.P5Item.CostElementCategoryList.Vehicles.Recurring.CostElementList.CostElement.ManufacturerList.Manufacturer.HistoryPlanningList.HistoryPlanning"
    },
    {
        "Month_val": "2017-04",
        "Amount_val": "1",
        "@SOURCE_FILENAME": "2016-BASE_PROCUREMENT-2016-AIRFORCE_AIRCRAFT_VOL2-PROCUREMENT_MasterJustificationBook_Air_Force_PB_2016.zzz_unzipped-PROCUREMENT_MasterJustificationBook_Air_Force_PB_2016.xml",
        "@RECORDID": "0bd719ef621e4942ddcec6c35d76388658f5b2fe25e160e294e9186a3aa77111",
        "@ROWID": "1-0c328ec9a642e289e1de03e118ce2505e89cc61db8510760e0c160fe5b610d10",
        "@PARENTROWID": "0-d3539adeb0599e367b958a4f234f60142832cbe0502f35d6c446f58d80051aa8",
        "@PARENT": "root.record.ItemExhibitList.P5Item.CostElementCategoryList.Vehicles.Recurring.CostElementList.CostElement.ManufacturerList.Manufacturer.HistoryPlanningList.HistoryPlanning"
    },
    {
        "Month_val": "2017-06",
        "Amount_val": "1",
        "@SOURCE_FILENAME": "2016-BASE_PROCUREMENT-2016-AIRFORCE_AIRCRAFT_VOL2-PROCUREMENT_MasterJustificationBook_Air_Force_PB_2016.zzz_unzipped-PROCUREMENT_MasterJustificationBook_Air_Force_PB_2016.xml",
        "@RECORDID": "0bd719ef621e4942ddcec6c35d76388658f5b2fe25e160e294e9186a3aa77111",
        "@ROWID": "2-0f08995528947c928060438e900e4bc9ba16577c02c9b09b9cc03e21a4b82827",
        "@PARENTROWID": "0-d3539adeb0599e367b958a4f234f60142832cbe0502f35d6c446f58d80051aa8",
        "@PARENT": "root.record.ItemExhibitList.P5Item.CostElementCategoryList.Vehicles.Recurring.CostElementList.CostElement.ManufacturerList.Manufacturer.HistoryPlanningList.HistoryPlanning"
    },
    {
        "Month_val": "2017-04",
        "Amount_val": "1",
        "@SOURCE_FILENAME": "2017-BASE_PROCUREMENT-2017-AIRFORCE_AIRCRAFT_VOL1-U_PROCUREMENT_JustificationBook_Air_Force_PB_2017.zzz_unzipped-U_PROCUREMENT_JustificationBook_Air_Force_PB_2017.xml",
        "@RECORDID": "81dc98969cc058d3b6f1ff5aa54a0e25b6c25eea9f72e3b6dfd8300acd9e0625",
        "@ROWID": "0-d20a90e02ceb6761cddc662d955b0bed663cbdf3d70cb88a453719c42a66eb42",
        "@PARENTROWID": "0-3bc7d39b62e8a6d012a176cfe43e05fc9b0f5d77ce26f62e9d0af420f4281f3e",
        "@PARENT": "root.record.ItemExhibitList.P5Item.CostElementCategoryList.Vehicles.Recurring.CostElementList.CostElement.ManufacturerList.Manufacturer.HistoryPlanningList.HistoryPlanning"
    },
    {
        "Month_val": "2017-01",
        "Amount_val": "1",
        "@SOURCE_FILENAME": "2017-BASE_PROCUREMENT-2017-AIRFORCE_AIRCRAFT_VOL1-U_PROCUREMENT_JustificationBook_Air_Force_PB_2017.zzz_unzipped-U_PROCUREMENT_JustificationBook_Air_Force_PB_2017.xml",
        "@RECORDID": "81dc98969cc058d3b6f1ff5aa54a0e25b6c25eea9f72e3b6dfd8300acd9e0625",
        "@ROWID": "0-d09d069d5a1e563a84bfd1e78e790857ef4185256131f971eb8f383291ef679c",
        "@PARENTROWID": "0-1fe6f52f7284a4e365915af696124fc46b2f92d722c1b06f9a343eb4b0d6a9bb",
        "@PARENT": "root.record.ItemExhibitList.P5Item.CostElementCategoryList.Vehicles.Recurring.CostElementList.CostElement.ManufacturerList.Manufacturer.HistoryPlanningList.HistoryPlanning"
    },
    {
        "Month_val": "2017-04",
        "Amount_val": "1",
        "@SOURCE_FILENAME": "2017-BASE_PROCUREMENT-2017-AIRFORCE_AIRCRAFT_VOL1-U_PROCUREMENT_JustificationBook_Air_Force_PB_2017.zzz_unzipped-U_PROCUREMENT_JustificationBook_Air_Force_PB_2017.xml",
        "@RECORDID": "81dc98969cc058d3b6f1ff5aa54a0e25b6c25eea9f72e3b6dfd8300acd9e0625",
        "@ROWID": "1-0f03dec5673d0801ef4259ea4ef297ef6080764f00f94f271f4d5b8ea0e8f190",
        "@PARENTROWID": "0-1fe6f52f7284a4e365915af696124fc46b2f92d722c1b06f9a343eb4b0d6a9bb",
        "@PARENT": "root.record.ItemExhibitList.P5Item.CostElementCategoryList.Vehicles.Recurring.CostElementList.CostElement.ManufacturerList.Manufacturer.HistoryPlanningList.HistoryPlanning"
    },
    {
        "Month_val": "2017-06",
        "Amount_val": "1",
        "@SOURCE_FILENAME": "2017-BASE_PROCUREMENT-2017-AIRFORCE_AIRCRAFT_VOL1-U_PROCUREMENT_JustificationBook_Air_Force_PB_2017.zzz_unzipped-U_PROCUREMENT_JustificationBook_Air_Force_PB_2017.xml",
        "@RECORDID": "81dc98969cc058d3b6f1ff5aa54a0e25b6c25eea9f72e3b6dfd8300acd9e0625",
        "@ROWID": "2-d927487380a8382cc27460a3e11788e3693562c655c013a8fc6e9a86c7c00679",
        "@PARENTROWID": "0-1fe6f52f7284a4e365915af696124fc46b2f92d722c1b06f9a343eb4b0d6a9bb",
        "@PARENT": "root.record.ItemExhibitList.P5Item.CostElementCategoryList.Vehicles.Recurring.CostElementList.CostElement.ManufacturerList.Manufacturer.HistoryPlanningList.HistoryPlanning"
    },
    {
        "Month_val": "2017-04",
        "Amount_val": "1",
        "@SOURCE_FILENAME": "2017-BASE_PROCUREMENT-2017-AIRFORCE_AIRCRAFT_VOL1-U_PROCUREMENT_MasterJustificationBook_Air_Force_PB_2017.zzz_unzipped-U_PROCUREMENT_MasterJustificationBook_Air_Force_PB_2017.xml",
        "@RECORDID": "669eef17e400acbfbeb5c5d1ae58cdd3f6dc4a1cc89036c8af26096e7fe8e9ba",
        "@ROWID": "0-424238852e5374d33896040ccdf337d06482d679abbc44270eba73463f369849",
        "@PARENTROWID": "0-cdae084f592392c95ed8dbe9b73a9619ddddb1bf1c1d3d72d3df46856d5cc494",
        "@PARENT": "root.record.ItemExhibitList.P5Item.CostElementCategoryList.Vehicles.Recurring.CostElementList.CostElement.ManufacturerList.Manufacturer.HistoryPlanningList.HistoryPlanning"
    },
    {
        "Month_val": "2017-01",
        "Amount_val": "1",
        "@SOURCE_FILENAME": "2017-BASE_PROCUREMENT-2017-AIRFORCE_AIRCRAFT_VOL1-U_PROCUREMENT_MasterJustificationBook_Air_Force_PB_2017.zzz_unzipped-U_PROCUREMENT_MasterJustificationBook_Air_Force_PB_2017.xml",
        "@RECORDID": "669eef17e400acbfbeb5c5d1ae58cdd3f6dc4a1cc89036c8af26096e7fe8e9ba",
        "@ROWID": "0-93b09ba327634621642377d0ac568bb027f4f3c27b10753b5b4d44f4ce925467",
        "@PARENTROWID": "0-355b6db3406d17265d843c1b91c43ad9ff76b473c62380a1dc9f7ca51b83bc0a",
        "@PARENT": "root.record.ItemExhibitList.P5Item.CostElementCategoryList.Vehicles.Recurring.CostElementList.CostElement.ManufacturerList.Manufacturer.HistoryPlanningList.HistoryPlanning"
    },
    {
        "Month_val": "2017-04",
        "Amount_val": "1",
        "@SOURCE_FILENAME": "2017-BASE_PROCUREMENT-2017-AIRFORCE_AIRCRAFT_VOL1-U_PROCUREMENT_MasterJustificationBook_Air_Force_PB_2017.zzz_unzipped-U_PROCUREMENT_MasterJustificationBook_Air_Force_PB_2017.xml",
        "@RECORDID": "669eef17e400acbfbeb5c5d1ae58cdd3f6dc4a1cc89036c8af26096e7fe8e9ba",
        "@ROWID": "1-f7bd2b861ab5cfb71896f26763b7472d9b327ed84ee9364ac1646bd64b201ec2",
        "@PARENTROWID": "0-355b6db3406d17265d843c1b91c43ad9ff76b473c62380a1dc9f7ca51b83bc0a",
        "@PARENT": "root.record.ItemExhibitList.P5Item.CostElementCategoryList.Vehicles.Recurring.CostElementList.CostElement.ManufacturerList.Manufacturer.HistoryPlanningList.HistoryPlanning"
    },
    {
        "Month_val": "2017-06",
        "Amount_val": "1",
        "@SOURCE_FILENAME": "2017-BASE_PROCUREMENT-2017-AIRFORCE_AIRCRAFT_VOL1-U_PROCUREMENT_MasterJustificationBook_Air_Force_PB_2017.zzz_unzipped-U_PROCUREMENT_MasterJustificationBook_Air_Force_PB_2017.xml",
        "@RECORDID": "669eef17e400acbfbeb5c5d1ae58cdd3f6dc4a1cc89036c8af26096e7fe8e9ba",
        "@ROWID": "2-f8f21ae4f0e6ee3acbff5b3e9becc9414abc612e45c53e94085125b541e59799",
        "@PARENTROWID": "0-355b6db3406d17265d843c1b91c43ad9ff76b473c62380a1dc9f7ca51b83bc0a",
        "@PARENT": "root.record.ItemExhibitList.P5Item.CostElementCategoryList.Vehicles.Recurring.CostElementList.CostElement.ManufacturerList.Manufacturer.HistoryPlanningList.HistoryPlanning"
    },
    {
        "Month_val": "2017-04",
        "Amount_val": "1",
        "@SOURCE_FILENAME": "2017-BASE_PROCUREMENT-2017-AIRFORCE_AIRCRAFT_VOL2-U_PROCUREMENT_MasterJustificationBook_Air_Force_PB_2017.zzz_unzipped-U_PROCUREMENT_MasterJustificationBook_Air_Force_PB_2017.xml",
        "@RECORDID": "9605ed7828ffd68e4eba9c314ca91e834dff51a5ab9e44c5de1713497796ec59",
        "@ROWID": "0-fe336d3555a52e0f53736f514f79545b98418c797a72466becea256de19326a5",
        "@PARENTROWID": "0-a11b8ba73be3ec29a8276b1144d0f83b5c23cf54626c5ae950640fd5335681d6",
        "@PARENT": "root.record.ItemExhibitList.P5Item.CostElementCategoryList.Vehicles.Recurring.CostElementList.CostElement.ManufacturerList.Manufacturer.HistoryPlanningList.HistoryPlanning"
    },
    {
        "Month_val": "2017-01",
        "Amount_val": "1",
        "@SOURCE_FILENAME": "2017-BASE_PROCUREMENT-2017-AIRFORCE_AIRCRAFT_VOL2-U_PROCUREMENT_MasterJustificationBook_Air_Force_PB_2017.zzz_unzipped-U_PROCUREMENT_MasterJustificationBook_Air_Force_PB_2017.xml",
        "@RECORDID": "9605ed7828ffd68e4eba9c314ca91e834dff51a5ab9e44c5de1713497796ec59",
        "@ROWID": "0-10d9ae3f818518d534a7a8b2f0465adb98727941870f9046a2ff2be3aa0b2a38",
        "@PARENTROWID": "0-a737a0dd3fdeefcd220aee92f3d8e5b2eab8f923fe181de03bac0c1605acdddc",
        "@PARENT": "root.record.ItemExhibitList.P5Item.CostElementCategoryList.Vehicles.Recurring.CostElementList.CostElement.ManufacturerList.Manufacturer.HistoryPlanningList.HistoryPlanning"
    },
    {
        "Month_val": "2017-04",
        "Amount_val": "1",
        "@SOURCE_FILENAME": "2017-BASE_PROCUREMENT-2017-AIRFORCE_AIRCRAFT_VOL2-U_PROCUREMENT_MasterJustificationBook_Air_Force_PB_2017.zzz_unzipped-U_PROCUREMENT_MasterJustificationBook_Air_Force_PB_2017.xml",
        "@RECORDID": "9605ed7828ffd68e4eba9c314ca91e834dff51a5ab9e44c5de1713497796ec59",
        "@ROWID": "1-5fa589f98b4e2bfcd39c5f39c1aba216814cee93a78bbe904b06289457a0fda0",
        "@PARENTROWID": "0-a737a0dd3fdeefcd220aee92f3d8e5b2eab8f923fe181de03bac0c1605acdddc",
        "@PARENT": "root.record.ItemExhibitList.P5Item.CostElementCategoryList.Vehicles.Recurring.CostElementList.CostElement.ManufacturerList.Manufacturer.HistoryPlanningList.HistoryPlanning"
    },
    {
        "Month_val": "2017-06",
        "Amount_val": "1",
        "@SOURCE_FILENAME": "2017-BASE_PROCUREMENT-2017-AIRFORCE_AIRCRAFT_VOL2-U_PROCUREMENT_MasterJustificationBook_Air_Force_PB_2017.zzz_unzipped-U_PROCUREMENT_MasterJustificationBook_Air_Force_PB_2017.xml",
        "@RECORDID": "9605ed7828ffd68e4eba9c314ca91e834dff51a5ab9e44c5de1713497796ec59",
        "@ROWID": "2-448b7cee6cf846f27b754877ec5ebf46d00e68fa014917f60f00a47fbce35442",
        "@PARENTROWID": "0-a737a0dd3fdeefcd220aee92f3d8e5b2eab8f923fe181de03bac0c1605acdddc",
        "@PARENT": "root.record.ItemExhibitList.P5Item.CostElementCategoryList.Vehicles.Recurring.CostElementList.CostElement.ManufacturerList.Manufacturer.HistoryPlanningList.HistoryPlanning"
    },
    {
        "Month_val": "2022-12",
        "Amount_val": "1",
        "@SOURCE_FILENAME": "2019-BASE_PROCUREMENT-2019-AIRFORCE_AIRCRAFT_VOL1-U_PROCUREMENT_JustificationBook_Air_Force_PB_2019.zzz_unzipped-U_PROCUREMENT_JustificationBook_Air_Force_PB_2019.xml",
        "@RECORDID": "a591dcdfcf7a402c2264871052dd9286c3cb51812bc0b67f14b07c1cd8109fd7",
        "@ROWID": "0-ff3c072a33742ca33c35b66de3719210276e868dcd6724df5effed831f45d21a",
        "@PARENTROWID": "0-c430f6f201c1962443fb25de07875202ed17863e1ef241d44af45f9b39b7d20d",
        "@PARENT": "root.record.ItemExhibitList.P5Item.CostElementCategoryList.Vehicles.Recurring.CostElementList.CostElement.ManufacturerList.Manufacturer.HistoryPlanningList.HistoryPlanning"
    },
    {
        "Month_val": "2023-02",
        "Amount_val": "1",
        "@SOURCE_FILENAME": "2019-BASE_PROCUREMENT-2019-AIRFORCE_AIRCRAFT_VOL1-U_PROCUREMENT_JustificationBook_Air_Force_PB_2019.zzz_unzipped-U_PROCUREMENT_JustificationBook_Air_Force_PB_2019.xml",
        "@RECORDID": "a591dcdfcf7a402c2264871052dd9286c3cb51812bc0b67f14b07c1cd8109fd7",
        "@ROWID": "0-2a69e0be7b5123e3b5ed6154ea1b436c1b7fc7df469c12f4127a40d90a27b5c2",
        "@PARENTROWID": "1-8f396efc3880e3634bdd65981cac9aaf8bfc22af76b15ef83b8a48aab87def34",
        "@PARENT": "root.record.ItemExhibitList.P5Item.CostElementCategoryList.Vehicles.Recurring.CostElementList.CostElement.ManufacturerList.Manufacturer.HistoryPlanningList.HistoryPlanning"
    },
    {
        "Month_val": "2017-11",
        "Amount_val": "1",
        "@SOURCE_FILENAME": "2019-BASE_PROCUREMENT-2019-AIRFORCE_AIRCRAFT_VOL1-U_PROCUREMENT_JustificationBook_Air_Force_PB_2019.zzz_unzipped-U_PROCUREMENT_JustificationBook_Air_Force_PB_2019.xml",
        "@RECORDID": "a7bee76edab57bb6622e96039d6c914aab1dbb0736a4caefd4111b976889fd0e",
        "@ROWID": "0-d4e99f682c03fbdf646d0e069aa22bae6584a89ef964bd9804228d5495e6be01",
        "@PARENTROWID": "0-c865956ca3a4be4b266d0c821da4663523042ce12c4f820d05bd1d4506eb531a",
        "@PARENT": "root.record.ItemExhibitList.P5Item.CostElementCategoryList.Vehicles.Recurring.CostElementList.CostElement.ManufacturerList.Manufacturer.HistoryPlanningList.HistoryPlanning"
    },
    {
        "Month_val": "2018-07",
        "Amount_val": "1",
        "@SOURCE_FILENAME": "2019-BASE_PROCUREMENT-2019-AIRFORCE_AIRCRAFT_VOL1-U_PROCUREMENT_JustificationBook_Air_Force_PB_2019.zzz_unzipped-U_PROCUREMENT_JustificationBook_Air_Force_PB_2019.xml",
        "@RECORDID": "a7bee76edab57bb6622e96039d6c914aab1dbb0736a4caefd4111b976889fd0e",
        "@ROWID": "1-d51db3884edd32f5855aa47720d07a827a77baae41b9fb3b135888a0bc17fe07",
        "@PARENTROWID": "0-c865956ca3a4be4b266d0c821da4663523042ce12c4f820d05bd1d4506eb531a",
        "@PARENT": "root.record.ItemExhibitList.P5Item.CostElementCategoryList.Vehicles.Recurring.CostElementList.CostElement.ManufacturerList.Manufacturer.HistoryPlanningList.HistoryPlanning"
    },
    {
        "Month_val": "2018-08",
        "Amount_val": "1",
        "@SOURCE_FILENAME": "2019-BASE_PROCUREMENT-2019-AIRFORCE_AIRCRAFT_VOL1-U_PROCUREMENT_JustificationBook_Air_Force_PB_2019.zzz_unzipped-U_PROCUREMENT_JustificationBook_Air_Force_PB_2019.xml",
        "@RECORDID": "a7bee76edab57bb6622e96039d6c914aab1dbb0736a4caefd4111b976889fd0e",
        "@ROWID": "2-73164aa27f70fe859a8e62c97119d17b7d62d6205c64220f2294964ca036bd56",
        "@PARENTROWID": "0-c865956ca3a4be4b266d0c821da4663523042ce12c4f820d05bd1d4506eb531a",
        "@PARENT": "root.record.ItemExhibitList.P5Item.CostElementCategoryList.Vehicles.Recurring.CostElementList.CostElement.ManufacturerList.Manufacturer.HistoryPlanningList.HistoryPlanning"
    },
    {
        "Month_val": "2022-12",
        "Amount_val": "1",
        "@SOURCE_FILENAME": "2019-BASE_PROCUREMENT-2019-AIRFORCE_AIRCRAFT_VOL2-U_PROCUREMENT_MasterJustificationBook_Air_Force_PB_2019.zzz_unzipped-U_PROCUREMENT_MasterJustificationBook_Air_Force_PB_2019.xml",
        "@RECORDID": "05f36df23affdc21dfc3cefcdfa407fdb3e501809d6c1d183092bc441677ebd0",
        "@ROWID": "0-a30fa337b8f56ab6dfdcf744752396f96f3f2f8ef18f2507f770926258193d01",
        "@PARENTROWID": "0-7ee8cb95742667724d13d619bc3bd1b9aee6dc6c80e482832648e8bab51ab983",
        "@PARENT": "root.record.ItemExhibitList.P5Item.CostElementCategoryList.Vehicles.Recurring.CostElementList.CostElement.ManufacturerList.Manufacturer.HistoryPlanningList.HistoryPlanning"
    },
    {
        "Month_val": "2023-02",
        "Amount_val": "1",
        "@SOURCE_FILENAME": "2019-BASE_PROCUREMENT-2019-AIRFORCE_AIRCRAFT_VOL2-U_PROCUREMENT_MasterJustificationBook_Air_Force_PB_2019.zzz_unzipped-U_PROCUREMENT_MasterJustificationBook_Air_Force_PB_2019.xml",
        "@RECORDID": "05f36df23affdc21dfc3cefcdfa407fdb3e501809d6c1d183092bc441677ebd0",
        "@ROWID": "0-7931e05ef185b63dafbc730102e2f1d3458f883cefe1cec0f75126b433e94024",
        "@PARENTROWID": "1-dcb4a04b5700e71b78c02b0274ed825d4861e7446997c90a71e05289b9d2a563",
        "@PARENT": "root.record.ItemExhibitList.P5Item.CostElementCategoryList.Vehicles.Recurring.CostElementList.CostElement.ManufacturerList.Manufacturer.HistoryPlanningList.HistoryPlanning"
    },
    {
        "Month_val": "2017-11",
        "Amount_val": "1",
        "@SOURCE_FILENAME": "2019-BASE_PROCUREMENT-2019-AIRFORCE_AIRCRAFT_VOL2-U_PROCUREMENT_MasterJustificationBook_Air_Force_PB_2019.zzz_unzipped-U_PROCUREMENT_MasterJustificationBook_Air_Force_PB_2019.xml",
        "@RECORDID": "abc4db74ab1f4ce6330e7152230a4802f710f076f9c17d8863ed18455613b877",
        "@ROWID": "0-fe7f325f3405e0599ced8be0c2ec801752bb79bdc46e23c1fe513f1bfa7b9671",
        "@PARENTROWID": "0-a28af399e1ce19e8005c308ca11be3dbb58a1e3cb32fdea183c01a1e7985bf1d",
        "@PARENT": "root.record.ItemExhibitList.P5Item.CostElementCategoryList.Vehicles.Recurring.CostElementList.CostElement.ManufacturerList.Manufacturer.HistoryPlanningList.HistoryPlanning"
    },
    {
        "Month_val": "2018-07",
        "Amount_val": "1",
        "@SOURCE_FILENAME": "2019-BASE_PROCUREMENT-2019-AIRFORCE_AIRCRAFT_VOL2-U_PROCUREMENT_MasterJustificationBook_Air_Force_PB_2019.zzz_unzipped-U_PROCUREMENT_MasterJustificationBook_Air_Force_PB_2019.xml",
        "@RECORDID": "abc4db74ab1f4ce6330e7152230a4802f710f076f9c17d8863ed18455613b877",
        "@ROWID": "1-585f23c58ae233eb002e4829d7d038baff17640eb7c5731d8a447cdb118246bd",
        "@PARENTROWID": "0-a28af399e1ce19e8005c308ca11be3dbb58a1e3cb32fdea183c01a1e7985bf1d",
        "@PARENT": "root.record.ItemExhibitList.P5Item.CostElementCategoryList.Vehicles.Recurring.CostElementList.CostElement.ManufacturerList.Manufacturer.HistoryPlanningList.HistoryPlanning"
    },
    {
        "Month_val": "2018-08",
        "Amount_val": "1",
        "@SOURCE_FILENAME": "2019-BASE_PROCUREMENT-2019-AIRFORCE_AIRCRAFT_VOL2-U_PROCUREMENT_MasterJustificationBook_Air_Force_PB_2019.zzz_unzipped-U_PROCUREMENT_MasterJustificationBook_Air_Force_PB_2019.xml",
        "@RECORDID": "abc4db74ab1f4ce6330e7152230a4802f710f076f9c17d8863ed18455613b877",
        "@ROWID": "2-1e031c29a22e4d006524d6350b178b8dc1a192b02994bd1a881aeea99546421c",
        "@PARENTROWID": "0-a28af399e1ce19e8005c308ca11be3dbb58a1e3cb32fdea183c01a1e7985bf1d",
        "@PARENT": "root.record.ItemExhibitList.P5Item.CostElementCategoryList.Vehicles.Recurring.CostElementList.CostElement.ManufacturerList.Manufacturer.HistoryPlanningList.HistoryPlanning"
    },
    {
        "Month_val": "2023-03",
        "Amount_val": "1",
        "@SOURCE_FILENAME": "2020-BASE_PROCUREMENT-2020-AIRFORCE_AIRCRAFT_VOL1-U_PROCUREMENT_JustificationBook_Air_Force_PB_2020.zzz_unzipped-U_PROCUREMENT_JustificationBook_Air_Force_PB_2020.xml",
        "@RECORDID": "005ddeaa4ed6e661bbe977c64adc29c5146cef98ddfdfcf229a669eb9aae562d",
        "@ROWID": "0-292421920a65c1cb6cc2bda166ce6252c7cf40101a195b6500c76fe0cee54af3",
        "@PARENTROWID": "0-a00e706eb7c2500e0592cf990e5cc978acf721a9ce97619041b6833ddf06bee3",
        "@PARENT": "root.record.ItemExhibitList.P5Item.CostElementCategoryList.Vehicles.Recurring.CostElementList.CostElement.ManufacturerList.Manufacturer.HistoryPlanningList.HistoryPlanning"
    },
    {
        "Month_val": "2023-03",
        "Amount_val": "1",
        "@SOURCE_FILENAME": "2020-BASE_PROCUREMENT-2020-AIRFORCE_AIRCRAFT_VOL1-U_PROCUREMENT_JustificationBook_Air_Force_PB_2020.zzz_unzipped-U_PROCUREMENT_JustificationBook_Air_Force_PB_2020.xml",
        "@RECORDID": "005ddeaa4ed6e661bbe977c64adc29c5146cef98ddfdfcf229a669eb9aae562d",
        "@ROWID": "0-c3dc8c3a34f516368cef02b1e4777331d7106bf21c211e0b7a7b86f48812e0fc",
        "@PARENTROWID": "1-96e87abad3bc291cdb48eafaa638649880c8e4cc467fb4d75192f65641688fa4",
        "@PARENT": "root.record.ItemExhibitList.P5Item.CostElementCategoryList.Vehicles.Recurring.CostElementList.CostElement.ManufacturerList.Manufacturer.HistoryPlanningList.HistoryPlanning"
    },
    {
        "Month_val": "2023-03",
        "Amount_val": "2",
        "@SOURCE_FILENAME": "2020-BASE_PROCUREMENT-2020-AIRFORCE_AIRCRAFT_VOL1-U_PROCUREMENT_JustificationBook_Air_Force_PB_2020.zzz_unzipped-U_PROCUREMENT_JustificationBook_Air_Force_PB_2020.xml",
        "@RECORDID": "005ddeaa4ed6e661bbe977c64adc29c5146cef98ddfdfcf229a669eb9aae562d",
        "@ROWID": "0-154dafe29983b13e62e021746fe7a556e67461b1ee341741b86ddb800312cbb8",
        "@PARENTROWID": "2-418a52fb3d44e86939b35dda48755898159ef1f96abe8e5c6fcc99b0f61fdc3b",
        "@PARENT": "root.record.ItemExhibitList.P5Item.CostElementCategoryList.Vehicles.Recurring.CostElementList.CostElement.ManufacturerList.Manufacturer.HistoryPlanningList.HistoryPlanning"
    },
    {
        "Month_val": "2023-03",
        "Amount_val": "1",
        "@SOURCE_FILENAME": "2020-BASE_PROCUREMENT-2020-AIRFORCE_AIRCRAFT_VOL1-U_PROCUREMENT_JustificationBook_Air_Force_PB_2020.zzz_unzipped-U_PROCUREMENT_JustificationBook_Air_Force_PB_2020.xml",
        "@RECORDID": "005ddeaa4ed6e661bbe977c64adc29c5146cef98ddfdfcf229a669eb9aae562d",
        "@ROWID": "0-1820b4663c08265f6934e11fcdac0424b917fdcc302a7b4da88d9748bf5849a2",
        "@PARENTROWID": "3-6ea49c00c24a7a7f44e4ee8ff9ced1c4e0aa9224e5cb5737efa69bd9c930c104",
        "@PARENT": "root.record.ItemExhibitList.P5Item.CostElementCategoryList.Vehicles.Recurring.CostElementList.CostElement.ManufacturerList.Manufacturer.HistoryPlanningList.HistoryPlanning"
    },
    {
        "Month_val": "2023-03",
        "Amount_val": "1",
        "@SOURCE_FILENAME": "2020-BASE_PROCUREMENT-2020-AIRFORCE_AIRCRAFT_VOL2-U_PROCUREMENT_MasterJustificationBook_Air_Force_PB_2020.zzz_unzipped-U_PROCUREMENT_MasterJustificationBook_Air_Force_PB_2020.xml",
        "@RECORDID": "16d64327fa3f84aa8c929a4167374d7517b6cb0663b68f01ecb3d9f18a3b3e9b",
        "@ROWID": "0-9756af2de2916391dd9fed7223fcaf70007138be152c88a8c7d20db8e3236c78",
        "@PARENTROWID": "0-cf5a8b59ed922756cd774d26bf4a2bd858ae88c68559a2ffc721c0c915a891d3",
        "@PARENT": "root.record.ItemExhibitList.P5Item.CostElementCategoryList.Vehicles.Recurring.CostElementList.CostElement.ManufacturerList.Manufacturer.HistoryPlanningList.HistoryPlanning"
    },
    {
        "Month_val": "2023-03",
        "Amount_val": "1",
        "@SOURCE_FILENAME": "2020-BASE_PROCUREMENT-2020-AIRFORCE_AIRCRAFT_VOL2-U_PROCUREMENT_MasterJustificationBook_Air_Force_PB_2020.zzz_unzipped-U_PROCUREMENT_MasterJustificationBook_Air_Force_PB_2020.xml",
        "@RECORDID": "16d64327fa3f84aa8c929a4167374d7517b6cb0663b68f01ecb3d9f18a3b3e9b",
        "@ROWID": "0-5f8c6d57022e32fa71be0b1b685e73eb1a158b9410f4935732df8f39a819b165",
        "@PARENTROWID": "1-2fc175797261e9876d3d0f8c71287c32e6b11eab8dd4ecde503569cc1534e7a4",
        "@PARENT": "root.record.ItemExhibitList.P5Item.CostElementCategoryList.Vehicles.Recurring.CostElementList.CostElement.ManufacturerList.Manufacturer.HistoryPlanningList.HistoryPlanning"
    },
    {
        "Month_val": "2023-03",
        "Amount_val": "2",
        "@SOURCE_FILENAME": "2020-BASE_PROCUREMENT-2020-AIRFORCE_AIRCRAFT_VOL2-U_PROCUREMENT_MasterJustificationBook_Air_Force_PB_2020.zzz_unzipped-U_PROCUREMENT_MasterJustificationBook_Air_Force_PB_2020.xml",
        "@RECORDID": "16d64327fa3f84aa8c929a4167374d7517b6cb0663b68f01ecb3d9f18a3b3e9b",
        "@ROWID": "0-4a1c03a5596cb492efddc6f963a9ee9e9e73b3a5bb6a19ebfe8478b0a9c03ba0",
        "@PARENTROWID": "2-07d866236cb26499bf826fdf480424fef7fbf90064342974dbfaf6187123d215",
        "@PARENT": "root.record.ItemExhibitList.P5Item.CostElementCategoryList.Vehicles.Recurring.CostElementList.CostElement.ManufacturerList.Manufacturer.HistoryPlanningList.HistoryPlanning"
    },
    {
        "Month_val": "2023-03",
        "Amount_val": "1",
        "@SOURCE_FILENAME": "2020-BASE_PROCUREMENT-2020-AIRFORCE_AIRCRAFT_VOL2-U_PROCUREMENT_MasterJustificationBook_Air_Force_PB_2020.zzz_unzipped-U_PROCUREMENT_MasterJustificationBook_Air_Force_PB_2020.xml",
        "@RECORDID": "16d64327fa3f84aa8c929a4167374d7517b6cb0663b68f01ecb3d9f18a3b3e9b",
        "@ROWID": "0-a63511666fe5eef59f957595c34660fce84628c9aa85cc35ef26e76b67c41a6e",
        "@PARENTROWID": "3-837bbdbfdbe9ddc1e10debfc6429777676c58f695acbd07fc92476559a5c0a8a",
        "@PARENT": "root.record.ItemExhibitList.P5Item.CostElementCategoryList.Vehicles.Recurring.CostElementList.CostElement.ManufacturerList.Manufacturer.HistoryPlanningList.HistoryPlanning"
    }
]