FiscalYear_val,PCOLocation_val,AwardDate_val,FirstDeliveryDate_val,Quantity_val,UnitCost_val,SpecsAvailableNow_val,RFPIssueDate_val,ContractMethod_val,ContractType_val,MonthlyDeliveryScheduleList_MonthlyDeliverySchedule_ServiceAgencyName_val,MonthlyDeliveryScheduleList_MonthlyDeliverySchedule_ProcQuantity_val,MonthlyDeliveryScheduleList_MonthlyDeliverySchedule_AcceptedBeforeOct1_val,@SOURCE_FILENAME,@RECORDID,@ROWID,RevisionsAvailableDate_val,FundingVehicle_val,MonthlyDeliveryScheduleTotal_ProcQuantity_val,@PARENTROWID,@PARENT
"2013","AFMC/ESC","2013-08","2014-05","4","0.795","true","2013-03","C","BA","Air Force","4","0","2014-BASE_PROCUREMENT-2014-AIRFORCE_OTHER-PROCUREMENT_JustificationBook_Air_Force_PB_2014.zzz_unzipped-PROCUREMENT_JustificationBook_Air_Force_PB_2014.xml","183e2235a8702efde29fd338dbfb0e070b9a0e22f45c0daf1850fb81f56857fb","0-75b2c8c54c29e5ff4b37851aa285d4348a27d0731b770c8a1f8ac5fed0dd3cac","","","","0-94525a88ab89499a3f4f8abc08c52d473e67d81f25b5013ad8caf75b0eb3df36","root.record.ItemExhibitList.P5Item.CostElementCategoryList.PackageFielding.Recurring.CostElementList.CostElement.ManufacturerList.Manufacturer"
"2014","AFMC/ESC","2014-08","2015-03","17","0.271","true","2014-05","C","BA","","","","2014-BASE_PROCUREMENT-2014-AIRFORCE_OTHER-PROCUREMENT_JustificationBook_Air_Force_PB_2014.zzz_unzipped-PROCUREMENT_JustificationBook_Air_Force_PB_2014.xml","183e2235a8702efde29fd338dbfb0e070b9a0e22f45c0daf1850fb81f56857fb","1-c50f36c910159ccb19a275d94183e2cfcc96d2fa1a4c4927dfad7d034950bb21","","","","0-94525a88ab89499a3f4f8abc08c52d473e67d81f25b5013ad8caf75b0eb3df36","root.record.ItemExhibitList.P5Item.CostElementCategoryList.PackageFielding.Recurring.CostElementList.CostElement.ManufacturerList.Manufacturer"
"2015","AFMC/ESC","2015-08","2016-03","17","0.271","true","2014-03","C","BA","","","","2014-BASE_PROCUREMENT-2014-AIRFORCE_OTHER-PROCUREMENT_JustificationBook_Air_Force_PB_2014.zzz_unzipped-PROCUREMENT_JustificationBook_Air_Force_PB_2014.xml","183e2235a8702efde29fd338dbfb0e070b9a0e22f45c0daf1850fb81f56857fb","2-b6e8661c415a2e2e073d5d2349c4890ab5055d29d80ccbe3af7ac531bf59fe6f","","","","0-94525a88ab89499a3f4f8abc08c52d473e67d81f25b5013ad8caf75b0eb3df36","root.record.ItemExhibitList.P5Item.CostElementCategoryList.PackageFielding.Recurring.CostElementList.CostElement.ManufacturerList.Manufacturer"
"2012","AFMC/ESC","2013-05","2013-07","30","0.481","true","2013-03","C","BA","","","","2014-BASE_PROCUREMENT-2014-AIRFORCE_OTHER-PROCUREMENT_JustificationBook_Air_Force_PB_2014.zzz_unzipped-PROCUREMENT_JustificationBook_Air_Force_PB_2014.xml","183e2235a8702efde29fd338dbfb0e070b9a0e22f45c0daf1850fb81f56857fb","0-bcbdcca1966f16ff478a60c66c4401935a753247a3a20f70f4b4f1c3babf00dd","","","","0-75415f88f8a4825fc52f0091b19d1674d01f6e17c0ff7715cd1094bad4be0bdf","root.record.ItemExhibitList.P5Item.CostElementCategoryList.PackageFielding.Recurring.CostElementList.CostElement.ManufacturerList.Manufacturer"
"2013","AFMC/ESC","2013-07","2014-04","152","0.213","true","2013-03","C","BA","","","","2014-BASE_PROCUREMENT-2014-AIRFORCE_OTHER-PROCUREMENT_JustificationBook_Air_Force_PB_2014.zzz_unzipped-PROCUREMENT_JustificationBook_Air_Force_PB_2014.xml","183e2235a8702efde29fd338dbfb0e070b9a0e22f45c0daf1850fb81f56857fb","1-a71a3a21c9bc954d7be1a79aefb8117478308fe2f0410e4ac6e6f6df5deee9b5","","","","0-75415f88f8a4825fc52f0091b19d1674d01f6e17c0ff7715cd1094bad4be0bdf","root.record.ItemExhibitList.P5Item.CostElementCategoryList.PackageFielding.Recurring.CostElementList.CostElement.ManufacturerList.Manufacturer"
"2018","AFMC/ESC","2018-03","2018-11","67","0.222","true","2018-01","C","BA","","","","2014-BASE_PROCUREMENT-2014-AIRFORCE_OTHER-PROCUREMENT_JustificationBook_Air_Force_PB_2014.zzz_unzipped-PROCUREMENT_JustificationBook_Air_Force_PB_2014.xml","183e2235a8702efde29fd338dbfb0e070b9a0e22f45c0daf1850fb81f56857fb","2-18cf8a4cb55e1994aa67653fb2c63e9d7a6f6833e25bf72e4c555867e5d95cd5","","","","0-75415f88f8a4825fc52f0091b19d1674d01f6e17c0ff7715cd1094bad4be0bdf","root.record.ItemExhibitList.P5Item.CostElementCategoryList.PackageFielding.Recurring.CostElementList.CostElement.ManufacturerList.Manufacturer"
"2013","AFMC/ESC","2013-04","2014-01","106","0.160","true","2013-01","C","BA","","","","2014-BASE_PROCUREMENT-2014-AIRFORCE_OTHER-PROCUREMENT_JustificationBook_Air_Force_PB_2014.zzz_unzipped-PROCUREMENT_JustificationBook_Air_Force_PB_2014.xml","183e2235a8702efde29fd338dbfb0e070b9a0e22f45c0daf1850fb81f56857fb","0-420326be3b40791818f08793f4e4de9584480117d09aeb952dc7b31d196ac46b","","","","0-9c6dbcfc2331c49efe44c45b8de12aeedd7eb98828fefeb0b8e62f53037229c9","root.record.ItemExhibitList.P5Item.CostElementCategoryList.PackageFielding.Recurring.CostElementList.CostElement.ManufacturerList.Manufacturer"
"2014","AFMC/ESC","2014-04","2015-01","106","0.092","true","2014-01","C","BA","","","","2014-BASE_PROCUREMENT-2014-AIRFORCE_OTHER-PROCUREMENT_JustificationBook_Air_Force_PB_2014.zzz_unzipped-PROCUREMENT_JustificationBook_Air_Force_PB_2014.xml","183e2235a8702efde29fd338dbfb0e070b9a0e22f45c0daf1850fb81f56857fb","1-59816b2032f0b21aac58a90f96227bcec4a5eff59db82d82d32578ad744bd959","","","","0-9c6dbcfc2331c49efe44c45b8de12aeedd7eb98828fefeb0b8e62f53037229c9","root.record.ItemExhibitList.P5Item.CostElementCategoryList.PackageFielding.Recurring.CostElementList.CostElement.ManufacturerList.Manufacturer"
"2015","AFMC/ESC","2015-04","2016-01","106","0.094","true","2015-01","C","BA","","","","2014-BASE_PROCUREMENT-2014-AIRFORCE_OTHER-PROCUREMENT_JustificationBook_Air_Force_PB_2014.zzz_unzipped-PROCUREMENT_JustificationBook_Air_Force_PB_2014.xml","183e2235a8702efde29fd338dbfb0e070b9a0e22f45c0daf1850fb81f56857fb","2-241272593ee292c01eaec1ef8c18393b7be04eeffb31a24ba72a83c2eefdac9a","","","","0-9c6dbcfc2331c49efe44c45b8de12aeedd7eb98828fefeb0b8e62f53037229c9","root.record.ItemExhibitList.P5Item.CostElementCategoryList.PackageFielding.Recurring.CostElementList.CostElement.ManufacturerList.Manufacturer"
"2016","AFMC/ESC","2016-04","2017-01","106","0.096","true","2016-01","C","BA","","","","2014-BASE_PROCUREMENT-2014-AIRFORCE_OTHER-PROCUREMENT_JustificationBook_Air_Force_PB_2014.zzz_unzipped-PROCUREMENT_JustificationBook_Air_Force_PB_2014.xml","183e2235a8702efde29fd338dbfb0e070b9a0e22f45c0daf1850fb81f56857fb","3-21f143013619cb7bdd486a25c2b82b4b88f5833f6535a6830f866d0e401873c1","","","","0-9c6dbcfc2331c49efe44c45b8de12aeedd7eb98828fefeb0b8e62f53037229c9","root.record.ItemExhibitList.P5Item.CostElementCategoryList.PackageFielding.Recurring.CostElementList.CostElement.ManufacturerList.Manufacturer"
"2017","AFMC/ESC","2017-04","2018-01","106","0.098","true","2017-01","C","BA","","","","2014-BASE_PROCUREMENT-2014-AIRFORCE_OTHER-PROCUREMENT_JustificationBook_Air_Force_PB_2014.zzz_unzipped-PROCUREMENT_JustificationBook_Air_Force_PB_2014.xml","183e2235a8702efde29fd338dbfb0e070b9a0e22f45c0daf1850fb81f56857fb","4-90d923860549d6a763657b4f648e678e4aca58f931befd7227c23ce19027db0a","","","","0-9c6dbcfc2331c49efe44c45b8de12aeedd7eb98828fefeb0b8e62f53037229c9","root.record.ItemExhibitList.P5Item.CostElementCategoryList.PackageFielding.Recurring.CostElementList.CostElement.ManufacturerList.Manufacturer"
"2018","AFMC/ESC","2018-04","2019-01","106","0.100","true","2018-01","C","BA","","","","2014-BASE_PROCUREMENT-2014-AIRFORCE_OTHER-PROCUREMENT_JustificationBook_Air_Force_PB_2014.zzz_unzipped-PROCUREMENT_JustificationBook_Air_Force_PB_2014.xml","183e2235a8702efde29fd338dbfb0e070b9a0e22f45c0daf1850fb81f56857fb","5-5eac9669b94880445e4767678a9033a22dab0dcc68686a4ae040189f953e7f59","","","","0-9c6dbcfc2331c49efe44c45b8de12aeedd7eb98828fefeb0b8e62f53037229c9","root.record.ItemExhibitList.P5Item.CostElementCategoryList.PackageFielding.Recurring.CostElementList.CostElement.ManufacturerList.Manufacturer"
"2013","AFMC/ESC","2013-08","2014-05","226","0.013","true","2012-12","C","BA","","","","2014-BASE_PROCUREMENT-2014-AIRFORCE_OTHER-PROCUREMENT_JustificationBook_Air_Force_PB_2014.zzz_unzipped-PROCUREMENT_JustificationBook_Air_Force_PB_2014.xml","183e2235a8702efde29fd338dbfb0e070b9a0e22f45c0daf1850fb81f56857fb","0-2a6bb65ebc1bbadd8de0dddeb37a9c3343b570396905544478c64a6a77d2307f","","","","0-4fd065e83b0f368a5aceccaadcc037fed6f7b7844f20c39b1a2f032ef22ede1d","root.record.ItemExhibitList.P5Item.CostElementCategoryList.PackageFielding.Recurring.CostElementList.CostElement.ManufacturerList.Manufacturer"
"2012","AFMC/ESC","2012-03","2012-11","107","0.246","true","2012-01","C","BA","","","","2014-BASE_PROCUREMENT-2014-AIRFORCE_OTHER-PROCUREMENT_JustificationBook_Air_Force_PB_2014.zzz_unzipped-PROCUREMENT_JustificationBook_Air_Force_PB_2014.xml","183e2235a8702efde29fd338dbfb0e070b9a0e22f45c0daf1850fb81f56857fb","0-46d46ce0e251deeb5968b4537ad1f167b41afc20b105650e93fc116f6bcbd95a","","","","0-d71abbcd13af5819d42240b21f47dd565bb5403d0b18130c84895e7357cc956b","root.record.ItemExhibitList.P5Item.CostElementCategoryList.PackageFielding.Recurring.CostElementList.CostElement.ManufacturerList.Manufacturer"
"2013","AFMC/ESC","2013-03","2013-11","107","0.100","true","2013-01","C","BA","","","","2014-BASE_PROCUREMENT-2014-AIRFORCE_OTHER-PROCUREMENT_JustificationBook_Air_Force_PB_2014.zzz_unzipped-PROCUREMENT_JustificationBook_Air_Force_PB_2014.xml","183e2235a8702efde29fd338dbfb0e070b9a0e22f45c0daf1850fb81f56857fb","1-92877c7bd8648db1abe497732d33b61b3726c26317592caca0658f4fd5b4ebe9","","","","0-d71abbcd13af5819d42240b21f47dd565bb5403d0b18130c84895e7357cc956b","root.record.ItemExhibitList.P5Item.CostElementCategoryList.PackageFielding.Recurring.CostElementList.CostElement.ManufacturerList.Manufacturer"
"2014","AFMC/ESC","2014-03","2014-11","107","0.171","true","2014-01","C","BA","","","","2014-BASE_PROCUREMENT-2014-AIRFORCE_OTHER-PROCUREMENT_JustificationBook_Air_Force_PB_2014.zzz_unzipped-PROCUREMENT_JustificationBook_Air_Force_PB_2014.xml","183e2235a8702efde29fd338dbfb0e070b9a0e22f45c0daf1850fb81f56857fb","2-f1f24c7bfa030468931f80503d6b0279f107ede2a6cd63130d8cfd404b16dc91","","","","0-d71abbcd13af5819d42240b21f47dd565bb5403d0b18130c84895e7357cc956b","root.record.ItemExhibitList.P5Item.CostElementCategoryList.PackageFielding.Recurring.CostElementList.CostElement.ManufacturerList.Manufacturer"
"2015","AFMC/ESC","2015-03","2015-11","107","0.441","true","2015-01","C","BA","","","","2014-BASE_PROCUREMENT-2014-AIRFORCE_OTHER-PROCUREMENT_JustificationBook_Air_Force_PB_2014.zzz_unzipped-PROCUREMENT_JustificationBook_Air_Force_PB_2014.xml","183e2235a8702efde29fd338dbfb0e070b9a0e22f45c0daf1850fb81f56857fb","3-a68b9976713bee1212a3244c8ff8e414d4392b60026901ceb164bb68825bba45","","","","0-d71abbcd13af5819d42240b21f47dd565bb5403d0b18130c84895e7357cc956b","root.record.ItemExhibitList.P5Item.CostElementCategoryList.PackageFielding.Recurring.CostElementList.CostElement.ManufacturerList.Manufacturer"
"2016","AFMC/ESC","2016-03","2016-11","107","0.349","true","2016-01","C","BA","","","","2014-BASE_PROCUREMENT-2014-AIRFORCE_OTHER-PROCUREMENT_JustificationBook_Air_Force_PB_2014.zzz_unzipped-PROCUREMENT_JustificationBook_Air_Force_PB_2014.xml","183e2235a8702efde29fd338dbfb0e070b9a0e22f45c0daf1850fb81f56857fb","4-6e940e1263fdc25194f6beb31d82a2bca1aef3f5aa51884d708a5e417c25d317","","","","0-d71abbcd13af5819d42240b21f47dd565bb5403d0b18130c84895e7357cc956b","root.record.ItemExhibitList.P5Item.CostElementCategoryList.PackageFielding.Recurring.CostElementList.CostElement.ManufacturerList.Manufacturer"
"2017","AFMC/ESC","2017-03","2017-11","107","0.372","true","2017-01","C","BA","","","","2014-BASE_PROCUREMENT-2014-AIRFORCE_OTHER-PROCUREMENT_JustificationBook_Air_Force_PB_2014.zzz_unzipped-PROCUREMENT_JustificationBook_Air_Force_PB_2014.xml","183e2235a8702efde29fd338dbfb0e070b9a0e22f45c0daf1850fb81f56857fb","5-7b45d70457b96ea90e86cd542481fd775bc12f512c1b8335851337cf8de4025c","","","","0-d71abbcd13af5819d42240b21f47dd565bb5403d0b18130c84895e7357cc956b","root.record.ItemExhibitList.P5Item.CostElementCategoryList.PackageFielding.Recurring.CostElementList.CostElement.ManufacturerList.Manufacturer"
"2018","AFMC/ESC","2018-03","2018-11","107","0.174","true","2018-01","C","BA","","","","2014-BASE_PROCUREMENT-2014-AIRFORCE_OTHER-PROCUREMENT_JustificationBook_Air_Force_PB_2014.zzz_unzipped-PROCUREMENT_JustificationBook_Air_Force_PB_2014.xml","183e2235a8702efde29fd338dbfb0e070b9a0e22f45c0daf1850fb81f56857fb","6-3e0ce1103e7b2c199ed80ea59a22b254fd8089e57fcedd5380051c4e773f9116","","","","0-d71abbcd13af5819d42240b21f47dd565bb5403d0b18130c84895e7357cc956b","root.record.ItemExhibitList.P5Item.CostElementCategoryList.PackageFielding.Recurring.CostElementList.CostElement.ManufacturerList.Manufacturer"
"2013","AFMC/ESC","2013-08","2014-05","4","0.795","true","2013-03","C","BA","Air Force","4","0","2014-BASE_PROCUREMENT-2014-AIRFORCE_OTHER-PROCUREMENT_MasterJustificationBook_Air_Force_PB_2014.zzz_unzipped-PROCUREMENT_MasterJustificationBook_Air_Force_PB_2014.xml","5900c9666985c01314d4a2a76f9022ef6609a516534f5cd224b6144f366eb840","0-8e7166f48765d04668f77eb10c26ab0bf4a32ded02dfc9efc1927735655701a9","","","","0-a1f2d23e1c13e6bcd98387385c452cb22fa6da39d7b0b5949b493bb03715ef40","root.record.ItemExhibitList.P5Item.CostElementCategoryList.PackageFielding.Recurring.CostElementList.CostElement.ManufacturerList.Manufacturer"
"2014","AFMC/ESC","2014-08","2015-03","17","0.271","true","2014-05","C","BA","","","","2014-BASE_PROCUREMENT-2014-AIRFORCE_OTHER-PROCUREMENT_MasterJustificationBook_Air_Force_PB_2014.zzz_unzipped-PROCUREMENT_MasterJustificationBook_Air_Force_PB_2014.xml","5900c9666985c01314d4a2a76f9022ef6609a516534f5cd224b6144f366eb840","1-ae3b391179371105777e434c358cfcffc9bb89eeed12523f1dd1594b660f0dc0","","","","0-a1f2d23e1c13e6bcd98387385c452cb22fa6da39d7b0b5949b493bb03715ef40","root.record.ItemExhibitList.P5Item.CostElementCategoryList.PackageFielding.Recurring.CostElementList.CostElement.ManufacturerList.Manufacturer"
"2015","AFMC/ESC","2015-08","2016-03","17","0.271","true","2014-03","C","BA","","","","2014-BASE_PROCUREMENT-2014-AIRFORCE_OTHER-PROCUREMENT_MasterJustificationBook_Air_Force_PB_2014.zzz_unzipped-PROCUREMENT_MasterJustificationBook_Air_Force_PB_2014.xml","5900c9666985c01314d4a2a76f9022ef6609a516534f5cd224b6144f366eb840","2-b2d32b4ec9462463292e190756198cd343c66b333622986ec51c5150e072b17b","","","","0-a1f2d23e1c13e6bcd98387385c452cb22fa6da39d7b0b5949b493bb03715ef40","root.record.ItemExhibitList.P5Item.CostElementCategoryList.PackageFielding.Recurring.CostElementList.CostElement.ManufacturerList.Manufacturer"
"2012","AFMC/ESC","2013-05","2013-07","30","0.481","true","2013-03","C","BA","","","","2014-BASE_PROCUREMENT-2014-AIRFORCE_OTHER-PROCUREMENT_MasterJustificationBook_Air_Force_PB_2014.zzz_unzipped-PROCUREMENT_MasterJustificationBook_Air_Force_PB_2014.xml","5900c9666985c01314d4a2a76f9022ef6609a516534f5cd224b6144f366eb840","0-7ca72b335c3f4c4f33eb2cda5e9b1c567040d9132be175e5d175b7809be0b1ff","","","","0-0dca9207511f2b9b2a3be748fbdb9c204b2b42ef76131059673b3ceaf985df2e","root.record.ItemExhibitList.P5Item.CostElementCategoryList.PackageFielding.Recurring.CostElementList.CostElement.ManufacturerList.Manufacturer"
"2013","AFMC/ESC","2013-07","2014-04","152","0.213","true","2013-03","C","BA","","","","2014-BASE_PROCUREMENT-2014-AIRFORCE_OTHER-PROCUREMENT_MasterJustificationBook_Air_Force_PB_2014.zzz_unzipped-PROCUREMENT_MasterJustificationBook_Air_Force_PB_2014.xml","5900c9666985c01314d4a2a76f9022ef6609a516534f5cd224b6144f366eb840","1-df2179fe03a0206fb5a5278fdc63b1883bdee6349068767efb5ea5ddc4ea217e","","","","0-0dca9207511f2b9b2a3be748fbdb9c204b2b42ef76131059673b3ceaf985df2e","root.record.ItemExhibitList.P5Item.CostElementCategoryList.PackageFielding.Recurring.CostElementList.CostElement.ManufacturerList.Manufacturer"
"2018","AFMC/ESC","2018-03","2018-11","67","0.222","true","2018-01","C","BA","","","","2014-BASE_PROCUREMENT-2014-AIRFORCE_OTHER-PROCUREMENT_MasterJustificationBook_Air_Force_PB_2014.zzz_unzipped-PROCUREMENT_MasterJustificationBook_Air_Force_PB_2014.xml","5900c9666985c01314d4a2a76f9022ef6609a516534f5cd224b6144f366eb840","2-5f517909d68669366b94cc7d202e6f971da6c418c72b38172dff24a7349d9ce4","","","","0-0dca9207511f2b9b2a3be748fbdb9c204b2b42ef76131059673b3ceaf985df2e","root.record.ItemExhibitList.P5Item.CostElementCategoryList.PackageFielding.Recurring.CostElementList.CostElement.ManufacturerList.Manufacturer"
"2013","AFMC/ESC","2013-04","2014-01","106","0.160","true","2013-01","C","BA","","","","2014-BASE_PROCUREMENT-2014-AIRFORCE_OTHER-PROCUREMENT_MasterJustificationBook_Air_Force_PB_2014.zzz_unzipped-PROCUREMENT_MasterJustificationBook_Air_Force_PB_2014.xml","5900c9666985c01314d4a2a76f9022ef6609a516534f5cd224b6144f366eb840","0-f3004d6fdc16990b9f316eb1d46c8c05711c2ca99b7206555bc38acb6d8e05b8","","","","0-3a443aada95770d0dfa56aea63c886207ede31f968293540974cfbceb0f0ab4e","root.record.ItemExhibitList.P5Item.CostElementCategoryList.PackageFielding.Recurring.CostElementList.CostElement.ManufacturerList.Manufacturer"
"2014","AFMC/ESC","2014-04","2015-01","106","0.092","true","2014-01","C","BA","","","","2014-BASE_PROCUREMENT-2014-AIRFORCE_OTHER-PROCUREMENT_MasterJustificationBook_Air_Force_PB_2014.zzz_unzipped-PROCUREMENT_MasterJustificationBook_Air_Force_PB_2014.xml","5900c9666985c01314d4a2a76f9022ef6609a516534f5cd224b6144f366eb840","1-8ec190cc8258f88cfb13ef42c6979b313aa3bebca6452a52b28049c11bb1b642","","","","0-3a443aada95770d0dfa56aea63c886207ede31f968293540974cfbceb0f0ab4e","root.record.ItemExhibitList.P5Item.CostElementCategoryList.PackageFielding.Recurring.CostElementList.CostElement.ManufacturerList.Manufacturer"
"2015","AFMC/ESC","2015-04","2016-01","106","0.094","true","2015-01","C","BA","","","","2014-BASE_PROCUREMENT-2014-AIRFORCE_OTHER-PROCUREMENT_MasterJustificationBook_Air_Force_PB_2014.zzz_unzipped-PROCUREMENT_MasterJustificationBook_Air_Force_PB_2014.xml","5900c9666985c01314d4a2a76f9022ef6609a516534f5cd224b6144f366eb840","2-435423056fdbb4d958875314f51f86122ffce07f9ecd959a2c42495e21d2ae8a","","","","0-3a443aada95770d0dfa56aea63c886207ede31f968293540974cfbceb0f0ab4e","root.record.ItemExhibitList.P5Item.CostElementCategoryList.PackageFielding.Recurring.CostElementList.CostElement.ManufacturerList.Manufacturer"
"2016","AFMC/ESC","2016-04","2017-01","106","0.096","true","2016-01","C","BA","","","","2014-BASE_PROCUREMENT-2014-AIRFORCE_OTHER-PROCUREMENT_MasterJustificationBook_Air_Force_PB_2014.zzz_unzipped-PROCUREMENT_MasterJustificationBook_Air_Force_PB_2014.xml","5900c9666985c01314d4a2a76f9022ef6609a516534f5cd224b6144f366eb840","3-ef18e07421086a313b611f7f2b21f5b7e316778f28edec296cebb7cd542d8e3c","","","","0-3a443aada95770d0dfa56aea63c886207ede31f968293540974cfbceb0f0ab4e","root.record.ItemExhibitList.P5Item.CostElementCategoryList.PackageFielding.Recurring.CostElementList.CostElement.ManufacturerList.Manufacturer"
"2017","AFMC/ESC","2017-04","2018-01","106","0.098","true","2017-01","C","BA","","","","2014-BASE_PROCUREMENT-2014-AIRFORCE_OTHER-PROCUREMENT_MasterJustificationBook_Air_Force_PB_2014.zzz_unzipped-PROCUREMENT_MasterJustificationBook_Air_Force_PB_2014.xml","5900c9666985c01314d4a2a76f9022ef6609a516534f5cd224b6144f366eb840","4-4fbf261c7236df89cdd2dec235effd736a405cbded409be21d0d8bb5f5825bf7","","","","0-3a443aada95770d0dfa56aea63c886207ede31f968293540974cfbceb0f0ab4e","root.record.ItemExhibitList.P5Item.CostElementCategoryList.PackageFielding.Recurring.CostElementList.CostElement.ManufacturerList.Manufacturer"
"2018","AFMC/ESC","2018-04","2019-01","106","0.100","true","2018-01","C","BA","","","","2014-BASE_PROCUREMENT-2014-AIRFORCE_OTHER-PROCUREMENT_MasterJustificationBook_Air_Force_PB_2014.zzz_unzipped-PROCUREMENT_MasterJustificationBook_Air_Force_PB_2014.xml","5900c9666985c01314d4a2a76f9022ef6609a516534f5cd224b6144f366eb840","5-da1a0e9ab745341d36e0defec8ae9b4479e9875b14c370f4f0b47cf9fb750d04","","","","0-3a443aada95770d0dfa56aea63c886207ede31f968293540974cfbceb0f0ab4e","root.record.ItemExhibitList.P5Item.CostElementCategoryList.PackageFielding.Recurring.CostElementList.CostElement.ManufacturerList.Manufacturer"
"2013","AFMC/ESC","2013-08","2014-05","226","0.013","true","2012-12","C","BA","","","","2014-BASE_PROCUREMENT-2014-AIRFORCE_OTHER-PROCUREMENT_MasterJustificationBook_Air_Force_PB_2014.zzz_unzipped-PROCUREMENT_MasterJustificationBook_Air_Force_PB_2014.xml","5900c9666985c01314d4a2a76f9022ef6609a516534f5cd224b6144f366eb840","0-adf1acf3dc7a086d6475ec95b4c1ba19dacc8d612236fdd0a87ff4eec1658f35","","","","0-2dfcd8191797cdd014d96035e87defb23236c731bc9cf955339edd5b057c149d","root.record.ItemExhibitList.P5Item.CostElementCategoryList.PackageFielding.Recurring.CostElementList.CostElement.ManufacturerList.Manufacturer"
"2012","AFMC/ESC","2012-03","2012-11","107","0.246","true","2012-01","C","BA","","","","2014-BASE_PROCUREMENT-2014-AIRFORCE_OTHER-PROCUREMENT_MasterJustificationBook_Air_Force_PB_2014.zzz_unzipped-PROCUREMENT_MasterJustificationBook_Air_Force_PB_2014.xml","5900c9666985c01314d4a2a76f9022ef6609a516534f5cd224b6144f366eb840","0-ed11f065ac9a86be63e898b53016608e555d36df95d253b4d305675da1857032","","","","0-1d59d80dabc32f07d32e6a873fada2b56bbbb89360270035044562bc41fa7300","root.record.ItemExhibitList.P5Item.CostElementCategoryList.PackageFielding.Recurring.CostElementList.CostElement.ManufacturerList.Manufacturer"
"2013","AFMC/ESC","2013-03","2013-11","107","0.100","true","2013-01","C","BA","","","","2014-BASE_PROCUREMENT-2014-AIRFORCE_OTHER-PROCUREMENT_MasterJustificationBook_Air_Force_PB_2014.zzz_unzipped-PROCUREMENT_MasterJustificationBook_Air_Force_PB_2014.xml","5900c9666985c01314d4a2a76f9022ef6609a516534f5cd224b6144f366eb840","1-00ae711bb832310a749c7074fa0f38df4ea657a41857dd258fd0d7a74ac68688","","","","0-1d59d80dabc32f07d32e6a873fada2b56bbbb89360270035044562bc41fa7300","root.record.ItemExhibitList.P5Item.CostElementCategoryList.PackageFielding.Recurring.CostElementList.CostElement.ManufacturerList.Manufacturer"
"2014","AFMC/ESC","2014-03","2014-11","107","0.171","true","2014-01","C","BA","","","","2014-BASE_PROCUREMENT-2014-AIRFORCE_OTHER-PROCUREMENT_MasterJustificationBook_Air_Force_PB_2014.zzz_unzipped-PROCUREMENT_MasterJustificationBook_Air_Force_PB_2014.xml","5900c9666985c01314d4a2a76f9022ef6609a516534f5cd224b6144f366eb840","2-980e596a40e3ca19599211112cef12a0e8b820ade861759fa6796d81af1b7130","","","","0-1d59d80dabc32f07d32e6a873fada2b56bbbb89360270035044562bc41fa7300","root.record.ItemExhibitList.P5Item.CostElementCategoryList.PackageFielding.Recurring.CostElementList.CostElement.ManufacturerList.Manufacturer"
"2015","AFMC/ESC","2015-03","2015-11","107","0.441","true","2015-01","C","BA","","","","2014-BASE_PROCUREMENT-2014-AIRFORCE_OTHER-PROCUREMENT_MasterJustificationBook_Air_Force_PB_2014.zzz_unzipped-PROCUREMENT_MasterJustificationBook_Air_Force_PB_2014.xml","5900c9666985c01314d4a2a76f9022ef6609a516534f5cd224b6144f366eb840","3-524feb3306e2db6577392de00aacc565970176023a56d531884964c2bbbf3169","","","","0-1d59d80dabc32f07d32e6a873fada2b56bbbb89360270035044562bc41fa7300","root.record.ItemExhibitList.P5Item.CostElementCategoryList.PackageFielding.Recurring.CostElementList.CostElement.ManufacturerList.Manufacturer"
"2016","AFMC/ESC","2016-03","2016-11","107","0.349","true","2016-01","C","BA","","","","2014-BASE_PROCUREMENT-2014-AIRFORCE_OTHER-PROCUREMENT_MasterJustificationBook_Air_Force_PB_2014.zzz_unzipped-PROCUREMENT_MasterJustificationBook_Air_Force_PB_2014.xml","5900c9666985c01314d4a2a76f9022ef6609a516534f5cd224b6144f366eb840","4-51c82565ebaf647101c5f93e73cdc750390531e0c8c8e907826782ce99eebd18","","","","0-1d59d80dabc32f07d32e6a873fada2b56bbbb89360270035044562bc41fa7300","root.record.ItemExhibitList.P5Item.CostElementCategoryList.PackageFielding.Recurring.CostElementList.CostElement.ManufacturerList.Manufacturer"
"2017","AFMC/ESC","2017-03","2017-11","107","0.372","true","2017-01","C","BA","","","","2014-BASE_PROCUREMENT-2014-AIRFORCE_OTHER-PROCUREMENT_MasterJustificationBook_Air_Force_PB_2014.zzz_unzipped-PROCUREMENT_MasterJustificationBook_Air_Force_PB_2014.xml","5900c9666985c01314d4a2a76f9022ef6609a516534f5cd224b6144f366eb840","5-f399f128e92ab0db4338a28cc43276e4fda272ef4fdf55ef798159c54f094613","","","","0-1d59d80dabc32f07d32e6a873fada2b56bbbb89360270035044562bc41fa7300","root.record.ItemExhibitList.P5Item.CostElementCategoryList.PackageFielding.Recurring.CostElementList.CostElement.ManufacturerList.Manufacturer"
"2018","AFMC/ESC","2018-03","2018-11","107","0.174","true","2018-01","C","BA","","","","2014-BASE_PROCUREMENT-2014-AIRFORCE_OTHER-PROCUREMENT_MasterJustificationBook_Air_Force_PB_2014.zzz_unzipped-PROCUREMENT_MasterJustificationBook_Air_Force_PB_2014.xml","5900c9666985c01314d4a2a76f9022ef6609a516534f5cd224b6144f366eb840","6-ee8bb929fe1dbfd1d6e08adf4ae336e2f24c7b9c2523099f3c7213d36b1be541","","","","0-1d59d80dabc32f07d32e6a873fada2b56bbbb89360270035044562bc41fa7300","root.record.ItemExhibitList.P5Item.CostElementCategoryList.PackageFielding.Recurring.CostElementList.CostElement.ManufacturerList.Manufacturer"
"2015","ACC-NJ","2015-05","2016-05","1","13230.000","false","2013-02","C","CPIF","","","","2015-BASE_PROCUREMENT-2015-ARMY_OTHER_2-PROCUREMENT_JustificationBook_Army_PB_2015.zzz_unzipped-PROCUREMENT_JustificationBook_Army_PB_2015.xml","15e3c75f11cb579415ed3ce04619f365cf2710febf04f777fc059e6e23827745","0-a69545135075faab961fd3323cdd5c5f074bbb58c4a46d9f5def7180cec541e1","","","","0-7c266c9e90dfb450698a79211f7745979e4b121e4615f231f4223caa6c01560f","root.record.ItemExhibitList.P5Item.CostElementCategoryList.PackageFielding.Recurring.CostElementList.CostElement.ManufacturerList.Manufacturer"
"2016","AFLCMC Hanscom AFB","2015-11","2017-03","1","19.576","false","","","","","","","2016-BASE_PROCUREMENT-2016-AIRFORCE_OTHER-PROCUREMENT_JustificationBook_Air_Force_PB_2016.zzz_unzipped-PROCUREMENT_JustificationBook_Air_Force_PB_2016.xml","8ecf5c6c6452e435852ecf4ce61c70ecc32c1b72674155a20b79c9ee6fe4d103","0-51382480ab3593850387802bc5d367bc0d9aa71d835e4256debb4b93ff75b28b","2015-10","TBD","","0-73772a534f745be1447de1e96e92725dcc16472dbbe6e97be0c1a4e9c17ff02d","root.record.ItemExhibitList.P5Item.CostElementCategoryList.PackageFielding.Recurring.CostElementList.CostElement.ManufacturerList.Manufacturer"
"2017","AFLCMC Hanscom AFB","2016-11","2017-11","4","10.857","false","","","","","","","2016-BASE_PROCUREMENT-2016-AIRFORCE_OTHER-PROCUREMENT_JustificationBook_Air_Force_PB_2016.zzz_unzipped-PROCUREMENT_JustificationBook_Air_Force_PB_2016.xml","8ecf5c6c6452e435852ecf4ce61c70ecc32c1b72674155a20b79c9ee6fe4d103","1-3c10206d787aba59ce4bc69cfc41dbc23c28c2e37818d53c3415e96ef4caaa95","2015-10","TBD","","0-73772a534f745be1447de1e96e92725dcc16472dbbe6e97be0c1a4e9c17ff02d","root.record.ItemExhibitList.P5Item.CostElementCategoryList.PackageFielding.Recurring.CostElementList.CostElement.ManufacturerList.Manufacturer"
"2018","AFLCMC Hanscom AFB","2017-11","2018-11","1","9.300","false","","","","","","","2016-BASE_PROCUREMENT-2016-AIRFORCE_OTHER-PROCUREMENT_JustificationBook_Air_Force_PB_2016.zzz_unzipped-PROCUREMENT_JustificationBook_Air_Force_PB_2016.xml","8ecf5c6c6452e435852ecf4ce61c70ecc32c1b72674155a20b79c9ee6fe4d103","2-862dbbc6b5cb25b8a72925c4f4349b78b65f7554cb64404dfcd686c2c0befb94","2015-10","TBD","","0-73772a534f745be1447de1e96e92725dcc16472dbbe6e97be0c1a4e9c17ff02d","root.record.ItemExhibitList.P5Item.CostElementCategoryList.PackageFielding.Recurring.CostElementList.CostElement.ManufacturerList.Manufacturer"
"2016","Hanscom AFB","2016-01","2016-07","1","11.600","true","","","","","","","2016-BASE_PROCUREMENT-2016-AIRFORCE_OTHER-PROCUREMENT_JustificationBook_Air_Force_PB_2016.zzz_unzipped-PROCUREMENT_JustificationBook_Air_Force_PB_2016.xml","bce46289ef8f6407bbe591fc76b251a80583d0d995defaa591cb39eec921a4f4","0-c8f177c4ce65c68ad6d238a9ea25e02f21a994fe7fd362a6017a36dabe28d3f9","","TBD","","0-4333e441afc920ec0d23face6394b8f7269d539e32c604d691a0162621d40722","root.record.ItemExhibitList.P5Item.CostElementCategoryList.PackageFielding.Recurring.CostElementList.CostElement.ManufacturerList.Manufacturer"
"2017","Hanscom AFB","2017-01","2017-07","1","2.456","true","","","","","","","2016-BASE_PROCUREMENT-2016-AIRFORCE_OTHER-PROCUREMENT_JustificationBook_Air_Force_PB_2016.zzz_unzipped-PROCUREMENT_JustificationBook_Air_Force_PB_2016.xml","bce46289ef8f6407bbe591fc76b251a80583d0d995defaa591cb39eec921a4f4","1-4f3d8a77e41a81328b75b97ee8c878c0564d5218836c90e94617a3d11f6d035d","","TBD","","0-4333e441afc920ec0d23face6394b8f7269d539e32c604d691a0162621d40722","root.record.ItemExhibitList.P5Item.CostElementCategoryList.PackageFielding.Recurring.CostElementList.CostElement.ManufacturerList.Manufacturer"
"2016","Hanscom AFB","2016-01","2016-07","1","16.329","true","","","","","","","2016-BASE_PROCUREMENT-2016-AIRFORCE_OTHER-PROCUREMENT_JustificationBook_Air_Force_PB_2016.zzz_unzipped-PROCUREMENT_JustificationBook_Air_Force_PB_2016.xml","bce46289ef8f6407bbe591fc76b251a80583d0d995defaa591cb39eec921a4f4","0-5a9778cf6a878018c7086aae943094e1e67d848ff1a7d735679343c3577ea391","","TBD","","0-52e01a46d3c1e265c6452bba8a3bd0f483d83347fbe1d7217da3bbf0cd0718cf","root.record.ItemExhibitList.P5Item.CostElementCategoryList.PackageFielding.Recurring.CostElementList.CostElement.ManufacturerList.Manufacturer"
"2017","Hanscom AFB","2017-01","2017-07","1","0.943","true","","","","","","","2016-BASE_PROCUREMENT-2016-AIRFORCE_OTHER-PROCUREMENT_JustificationBook_Air_Force_PB_2016.zzz_unzipped-PROCUREMENT_JustificationBook_Air_Force_PB_2016.xml","bce46289ef8f6407bbe591fc76b251a80583d0d995defaa591cb39eec921a4f4","1-7b5e474d8d0ea2fac063d030831a3771de9d9e54095247604e2c02c53b1bb8c7","","TBD","","0-52e01a46d3c1e265c6452bba8a3bd0f483d83347fbe1d7217da3bbf0cd0718cf","root.record.ItemExhibitList.P5Item.CostElementCategoryList.PackageFielding.Recurring.CostElementList.CostElement.ManufacturerList.Manufacturer"
"2018","Hanscom AFB","2018-01","2018-07","1","59.394","true","","","","","","","2016-BASE_PROCUREMENT-2016-AIRFORCE_OTHER-PROCUREMENT_JustificationBook_Air_Force_PB_2016.zzz_unzipped-PROCUREMENT_JustificationBook_Air_Force_PB_2016.xml","bce46289ef8f6407bbe591fc76b251a80583d0d995defaa591cb39eec921a4f4","2-f590dd68c5071e055800b2a282fb975c5795fbb812b58424a18e77388209e296","","TBD","","0-52e01a46d3c1e265c6452bba8a3bd0f483d83347fbe1d7217da3bbf0cd0718cf","root.record.ItemExhibitList.P5Item.CostElementCategoryList.PackageFielding.Recurring.CostElementList.CostElement.ManufacturerList.Manufacturer"
"2019","Hanscom AFB","2019-01","2019-07","1","67.130","true","","","","","","","2016-BASE_PROCUREMENT-2016-AIRFORCE_OTHER-PROCUREMENT_JustificationBook_Air_Force_PB_2016.zzz_unzipped-PROCUREMENT_JustificationBook_Air_Force_PB_2016.xml","bce46289ef8f6407bbe591fc76b251a80583d0d995defaa591cb39eec921a4f4","3-4ff96ac8751b5e3ddfa58684f8935a9efca8466876641fd61aa1442ce538db8a","","TBD","","0-52e01a46d3c1e265c6452bba8a3bd0f483d83347fbe1d7217da3bbf0cd0718cf","root.record.ItemExhibitList.P5Item.CostElementCategoryList.PackageFielding.Recurring.CostElementList.CostElement.ManufacturerList.Manufacturer"
"2020","Hanscom AFB","2020-01","2020-07","1","76.080","true","","","","","","","2016-BASE_PROCUREMENT-2016-AIRFORCE_OTHER-PROCUREMENT_JustificationBook_Air_Force_PB_2016.zzz_unzipped-PROCUREMENT_JustificationBook_Air_Force_PB_2016.xml","bce46289ef8f6407bbe591fc76b251a80583d0d995defaa591cb39eec921a4f4","4-6d648dc8d9d7276da121afb38144b455ea7e9c81c993ef0fdf18dba39922d9fb","","TBD","","0-52e01a46d3c1e265c6452bba8a3bd0f483d83347fbe1d7217da3bbf0cd0718cf","root.record.ItemExhibitList.P5Item.CostElementCategoryList.PackageFielding.Recurring.CostElementList.CostElement.ManufacturerList.Manufacturer"
"2016","Hanscom AFB","2016-01","2016-05","1","14.161","true","","","","","","","2016-BASE_PROCUREMENT-2016-AIRFORCE_OTHER-PROCUREMENT_JustificationBook_Air_Force_PB_2016.zzz_unzipped-PROCUREMENT_JustificationBook_Air_Force_PB_2016.xml","bce46289ef8f6407bbe591fc76b251a80583d0d995defaa591cb39eec921a4f4","0-881ad13399ec5ff1f5ef38062913da83aca130a9d5cc985ca0bdae5b26411a43","","TBD","","0-b6f4a7c7762c73af7f3bb3cb929710ff784252451f05cbc8eee71a6847a52416","root.record.ItemExhibitList.P5Item.CostElementCategoryList.PackageFielding.Recurring.CostElementList.CostElement.ManufacturerList.Manufacturer"
"2017","Hanscom AFB","2017-01","2017-05","1","36.414","true","","","","","","","2016-BASE_PROCUREMENT-2016-AIRFORCE_OTHER-PROCUREMENT_JustificationBook_Air_Force_PB_2016.zzz_unzipped-PROCUREMENT_JustificationBook_Air_Force_PB_2016.xml","bce46289ef8f6407bbe591fc76b251a80583d0d995defaa591cb39eec921a4f4","1-cd7fcd7024219c9f1e6c0dd66c73ff48568783fbdbe698807a71106280d64fbc","","TBD","","0-b6f4a7c7762c73af7f3bb3cb929710ff784252451f05cbc8eee71a6847a52416","root.record.ItemExhibitList.P5Item.CostElementCategoryList.PackageFielding.Recurring.CostElementList.CostElement.ManufacturerList.Manufacturer"
"2018","Hanscom AFB","2018-01","2018-05","1","46.284","true","","","","","","","2016-BASE_PROCUREMENT-2016-AIRFORCE_OTHER-PROCUREMENT_JustificationBook_Air_Force_PB_2016.zzz_unzipped-PROCUREMENT_JustificationBook_Air_Force_PB_2016.xml","bce46289ef8f6407bbe591fc76b251a80583d0d995defaa591cb39eec921a4f4","2-ffe4c4933ca2ffd7dbf6a80023ee37d6f9ce866a0fc51f8f595aec74060c7071","","TBD","","0-b6f4a7c7762c73af7f3bb3cb929710ff784252451f05cbc8eee71a6847a52416","root.record.ItemExhibitList.P5Item.CostElementCategoryList.PackageFielding.Recurring.CostElementList.CostElement.ManufacturerList.Manufacturer"
"2019","Hanscom AFB","2019-01","2019-05","1","47.933","true","","","","","","","2016-BASE_PROCUREMENT-2016-AIRFORCE_OTHER-PROCUREMENT_JustificationBook_Air_Force_PB_2016.zzz_unzipped-PROCUREMENT_JustificationBook_Air_Force_PB_2016.xml","bce46289ef8f6407bbe591fc76b251a80583d0d995defaa591cb39eec921a4f4","3-3244b96f9c877d60e911be9da3b11c8a248acf1e9e3351648d8d8c39dc3e05b2","","TBD","","0-b6f4a7c7762c73af7f3bb3cb929710ff784252451f05cbc8eee71a6847a52416","root.record.ItemExhibitList.P5Item.CostElementCategoryList.PackageFielding.Recurring.CostElementList.CostElement.ManufacturerList.Manufacturer"
"2020","Hanscom AFB","2020-01","2020-07","1","12.020","true","","","","","","","2016-BASE_PROCUREMENT-2016-AIRFORCE_OTHER-PROCUREMENT_JustificationBook_Air_Force_PB_2016.zzz_unzipped-PROCUREMENT_JustificationBook_Air_Force_PB_2016.xml","bce46289ef8f6407bbe591fc76b251a80583d0d995defaa591cb39eec921a4f4","4-0fd8ae0c884f8188dd755d77f281321c0605bb7959a236ecd00b50eaafbe929e","","TBD","","0-b6f4a7c7762c73af7f3bb3cb929710ff784252451f05cbc8eee71a6847a52416","root.record.ItemExhibitList.P5Item.CostElementCategoryList.PackageFielding.Recurring.CostElementList.CostElement.ManufacturerList.Manufacturer"
"2014","Hanscom AFB","2015-03","2015-09","1","8.270","true","2014-09","C","LH","","","","2016-BASE_PROCUREMENT-2016-AIRFORCE_OTHER-PROCUREMENT_JustificationBook_Air_Force_PB_2016.zzz_unzipped-PROCUREMENT_JustificationBook_Air_Force_PB_2016.xml","bce46289ef8f6407bbe591fc76b251a80583d0d995defaa591cb39eec921a4f4","0-d7a86b456971815f238cfae2248fb0a544b2789a829dfacf4e2528478624e05e","","","","0-0bfe4c2a96f25bab8b09082a0323bcc51beba0fe3536e806fddf5806bdbb7ba5","root.record.ItemExhibitList.P5Item.CostElementCategoryList.PackageFielding.Recurring.CostElementList.CostElement.ManufacturerList.Manufacturer"
"2015","Hanscom AFB","2016-01","2016-11","1","8.860","true","2015-08","C","LH","","","","2016-BASE_PROCUREMENT-2016-AIRFORCE_OTHER-PROCUREMENT_JustificationBook_Air_Force_PB_2016.zzz_unzipped-PROCUREMENT_JustificationBook_Air_Force_PB_2016.xml","bce46289ef8f6407bbe591fc76b251a80583d0d995defaa591cb39eec921a4f4","0-1695aa8ca9f63e5d26a218224eee761b5a5dd649ae5ed04ae5acd4ff733ad6e6","","","","1-2df3bd3ed45272e21c65a1f347d7578423fbd8b9d46fbabb727c743c289b3299","root.record.ItemExhibitList.P5Item.CostElementCategoryList.PackageFielding.Recurring.CostElementList.CostElement.ManufacturerList.Manufacturer"
"2016","Hanscom AFB","2016-01","2016-07","1","9.180","true","","C","LH","","","","2016-BASE_PROCUREMENT-2016-AIRFORCE_OTHER-PROCUREMENT_JustificationBook_Air_Force_PB_2016.zzz_unzipped-PROCUREMENT_JustificationBook_Air_Force_PB_2016.xml","bce46289ef8f6407bbe591fc76b251a80583d0d995defaa591cb39eec921a4f4","1-f3d42dd2489c5026e614e5ded5f6546a4fe4dfd7d0e385ae6bcd53d3b027189c","","","","1-2df3bd3ed45272e21c65a1f347d7578423fbd8b9d46fbabb727c743c289b3299","root.record.ItemExhibitList.P5Item.CostElementCategoryList.PackageFielding.Recurring.CostElementList.CostElement.ManufacturerList.Manufacturer"
"2017","Hanscom AFB","2017-05","2018-05","1","9.446","true","","C","LH","","","","2016-BASE_PROCUREMENT-2016-AIRFORCE_OTHER-PROCUREMENT_JustificationBook_Air_Force_PB_2016.zzz_unzipped-PROCUREMENT_JustificationBook_Air_Force_PB_2016.xml","bce46289ef8f6407bbe591fc76b251a80583d0d995defaa591cb39eec921a4f4","2-8edb393b59915eedb1f6d7f223cd28fab3db625bad49cbfb84b175e6ca87b7e9","","","","1-2df3bd3ed45272e21c65a1f347d7578423fbd8b9d46fbabb727c743c289b3299","root.record.ItemExhibitList.P5Item.CostElementCategoryList.PackageFielding.Recurring.CostElementList.CostElement.ManufacturerList.Manufacturer"
"2018","Hanscom AFB","2018-01","2018-07","1","10.143","true","","C","LH","","","","2016-BASE_PROCUREMENT-2016-AIRFORCE_OTHER-PROCUREMENT_JustificationBook_Air_Force_PB_2016.zzz_unzipped-PROCUREMENT_JustificationBook_Air_Force_PB_2016.xml","bce46289ef8f6407bbe591fc76b251a80583d0d995defaa591cb39eec921a4f4","3-2581dcb4835bae2477eb70c755264d5ef8fc515c4fddec5e413dfc280857c535","","","","1-2df3bd3ed45272e21c65a1f347d7578423fbd8b9d46fbabb727c743c289b3299","root.record.ItemExhibitList.P5Item.CostElementCategoryList.PackageFielding.Recurring.CostElementList.CostElement.ManufacturerList.Manufacturer"
"2019","Hanscom AFB","2018-11","2019-11","1","13.800","true","","C","LH","","","","2016-BASE_PROCUREMENT-2016-AIRFORCE_OTHER-PROCUREMENT_JustificationBook_Air_Force_PB_2016.zzz_unzipped-PROCUREMENT_JustificationBook_Air_Force_PB_2016.xml","bce46289ef8f6407bbe591fc76b251a80583d0d995defaa591cb39eec921a4f4","4-5dce6589556bd131858c69241622e056e1bba1cd1d67e197c09588e5ae10165e","","","","1-2df3bd3ed45272e21c65a1f347d7578423fbd8b9d46fbabb727c743c289b3299","root.record.ItemExhibitList.P5Item.CostElementCategoryList.PackageFielding.Recurring.CostElementList.CostElement.ManufacturerList.Manufacturer"
"2020","Hanscom AFB","2020-01","2020-07","1","11.776","true","","C","LH","","","","2016-BASE_PROCUREMENT-2016-AIRFORCE_OTHER-PROCUREMENT_JustificationBook_Air_Force_PB_2016.zzz_unzipped-PROCUREMENT_JustificationBook_Air_Force_PB_2016.xml","bce46289ef8f6407bbe591fc76b251a80583d0d995defaa591cb39eec921a4f4","5-def0d1406512c2af0b1211a6a23ada1be55682cae9e47c008d1acd74450b18df","","","","1-2df3bd3ed45272e21c65a1f347d7578423fbd8b9d46fbabb727c743c289b3299","root.record.ItemExhibitList.P5Item.CostElementCategoryList.PackageFielding.Recurring.CostElementList.CostElement.ManufacturerList.Manufacturer"
"2014","Hanscom AFB","2014-10","2015-04","1","41.050","true","2014-04","C","FFP","","","","2016-BASE_PROCUREMENT-2016-AIRFORCE_OTHER-PROCUREMENT_JustificationBook_Air_Force_PB_2016.zzz_unzipped-PROCUREMENT_JustificationBook_Air_Force_PB_2016.xml","bce46289ef8f6407bbe591fc76b251a80583d0d995defaa591cb39eec921a4f4","0-b7305a7864cabf6955b0518401922858579166271826ca5d7cd15b6ac096b0cd","","","","0-48e69b0333e7602d15798d1d1e7324621f54abb5fa3262d75521638490b410c6","root.record.ItemExhibitList.P5Item.CostElementCategoryList.PackageFielding.Recurring.CostElementList.CostElement.ManufacturerList.Manufacturer"
"2015","Hanscom AFB","2016-06","2016-12","1","8.800","true","2014-04","C","FFP","","","","2016-BASE_PROCUREMENT-2016-AIRFORCE_OTHER-PROCUREMENT_JustificationBook_Air_Force_PB_2016.zzz_unzipped-PROCUREMENT_JustificationBook_Air_Force_PB_2016.xml","bce46289ef8f6407bbe591fc76b251a80583d0d995defaa591cb39eec921a4f4","1-365da057c865c4fd9d76cd20617f325efebe0be120cb9418a87f440294ae83c8","","","","0-48e69b0333e7602d15798d1d1e7324621f54abb5fa3262d75521638490b410c6","root.record.ItemExhibitList.P5Item.CostElementCategoryList.PackageFielding.Recurring.CostElementList.CostElement.ManufacturerList.Manufacturer"
"2014","Hanscom AFB","2014-07","2015-01","1","1.590","true","2014-01","C","FFP","","","","2016-BASE_PROCUREMENT-2016-AIRFORCE_OTHER-PROCUREMENT_JustificationBook_Air_Force_PB_2016.zzz_unzipped-PROCUREMENT_JustificationBook_Air_Force_PB_2016.xml","bce46289ef8f6407bbe591fc76b251a80583d0d995defaa591cb39eec921a4f4","0-125a6fcc73297e9cd4470facbe05c1bcd2d8ed5a123adeb9eb9cb5359cc9ac67","","","","0-eceab8087fb55816c2455668c421d11c3307f3647ccd07ab78e7a2efec31b669","root.record.ItemExhibitList.P5Item.CostElementCategoryList.PackageFielding.Recurring.CostElementList.CostElement.ManufacturerList.Manufacturer"
"2015","Hanscom AFB","2015-02","2015-08","1","50.400","true","2014-08","","","","","","2016-BASE_PROCUREMENT-2016-AIRFORCE_OTHER-PROCUREMENT_JustificationBook_Air_Force_PB_2016.zzz_unzipped-PROCUREMENT_JustificationBook_Air_Force_PB_2016.xml","bce46289ef8f6407bbe591fc76b251a80583d0d995defaa591cb39eec921a4f4","0-5cd4dd9f602dc9177fa1df078fe4de210aad36d443a44109abe25bc45843cb1f","","TBD","","1-13d31aa87dc09695aeaba095ce69ee6787e0f41913ae0ff01fc7b6f125760ce1","root.record.ItemExhibitList.P5Item.CostElementCategoryList.PackageFielding.Recurring.CostElementList.CostElement.ManufacturerList.Manufacturer"
"2016","AFLCMC Hanscom AFB","2015-11","2017-03","1","19.576","false","","","","","","","2016-BASE_PROCUREMENT-2016-AIRFORCE_OTHER-PROCUREMENT_MasterJustificationBook_Air_Force_PB_2016.zzz_unzipped-PROCUREMENT_MasterJustificationBook_Air_Force_PB_2016.xml","1197427e5a2bf1f1f1ef07b0ac162fb683a02ffc71fb76677769f0f00e64a713","0-38f816373d23c26376e935def59bd6fde9069fe0d1fb43868bfe6f69be66fccc","2015-10","TBD","","0-c6378bb20d9dac3b1eefe64c1c606ea1fd6204a0712f97fc94a3b3a71a4f1965","root.record.ItemExhibitList.P5Item.CostElementCategoryList.PackageFielding.Recurring.CostElementList.CostElement.ManufacturerList.Manufacturer"
"2017","AFLCMC Hanscom AFB","2016-11","2017-11","4","10.857","false","","","","","","","2016-BASE_PROCUREMENT-2016-AIRFORCE_OTHER-PROCUREMENT_MasterJustificationBook_Air_Force_PB_2016.zzz_unzipped-PROCUREMENT_MasterJustificationBook_Air_Force_PB_2016.xml","1197427e5a2bf1f1f1ef07b0ac162fb683a02ffc71fb76677769f0f00e64a713","1-7b043a81a398b9cf2d04be9f7ee16b64d6e052e25ead3a5441d5825ac0c46dcb","2015-10","TBD","","0-c6378bb20d9dac3b1eefe64c1c606ea1fd6204a0712f97fc94a3b3a71a4f1965","root.record.ItemExhibitList.P5Item.CostElementCategoryList.PackageFielding.Recurring.CostElementList.CostElement.ManufacturerList.Manufacturer"
"2018","AFLCMC Hanscom AFB","2017-11","2018-11","1","9.300","false","","","","","","","2016-BASE_PROCUREMENT-2016-AIRFORCE_OTHER-PROCUREMENT_MasterJustificationBook_Air_Force_PB_2016.zzz_unzipped-PROCUREMENT_MasterJustificationBook_Air_Force_PB_2016.xml","1197427e5a2bf1f1f1ef07b0ac162fb683a02ffc71fb76677769f0f00e64a713","2-80645435fc9e2689d99839dbef47c36511f3a1f889dc5964a4a5b4fa4ade99df","2015-10","TBD","","0-c6378bb20d9dac3b1eefe64c1c606ea1fd6204a0712f97fc94a3b3a71a4f1965","root.record.ItemExhibitList.P5Item.CostElementCategoryList.PackageFielding.Recurring.CostElementList.CostElement.ManufacturerList.Manufacturer"
"2016","Hanscom AFB","2016-01","2016-07","1","11.600","true","","","","","","","2016-BASE_PROCUREMENT-2016-AIRFORCE_OTHER-PROCUREMENT_MasterJustificationBook_Air_Force_PB_2016.zzz_unzipped-PROCUREMENT_MasterJustificationBook_Air_Force_PB_2016.xml","b65725f2c732bfd8660e7280a5d35a4fef39e530ec50e75461aa335166c102b1","0-5cd055ff470701d4f878c0809a22beea6ccdbec2d0b4caa6be3f45c00302e3c5","","TBD","","0-a7c87249bc942837fd7c709c5332f5dbee324e52ce17dc34c1cfdc309050097d","root.record.ItemExhibitList.P5Item.CostElementCategoryList.PackageFielding.Recurring.CostElementList.CostElement.ManufacturerList.Manufacturer"
"2017","Hanscom AFB","2017-01","2017-07","1","2.456","true","","","","","","","2016-BASE_PROCUREMENT-2016-AIRFORCE_OTHER-PROCUREMENT_MasterJustificationBook_Air_Force_PB_2016.zzz_unzipped-PROCUREMENT_MasterJustificationBook_Air_Force_PB_2016.xml","b65725f2c732bfd8660e7280a5d35a4fef39e530ec50e75461aa335166c102b1","1-37d8e5592b53579d6ee1eea76af3ed9caa98afecb88689543a3f3668ce41ebca","","TBD","","0-a7c87249bc942837fd7c709c5332f5dbee324e52ce17dc34c1cfdc309050097d","root.record.ItemExhibitList.P5Item.CostElementCategoryList.PackageFielding.Recurring.CostElementList.CostElement.ManufacturerList.Manufacturer"
"2016","Hanscom AFB","2016-01","2016-07","1","16.329","true","","","","","","","2016-BASE_PROCUREMENT-2016-AIRFORCE_OTHER-PROCUREMENT_MasterJustificationBook_Air_Force_PB_2016.zzz_unzipped-PROCUREMENT_MasterJustificationBook_Air_Force_PB_2016.xml","b65725f2c732bfd8660e7280a5d35a4fef39e530ec50e75461aa335166c102b1","0-6cf08018a4c234bb70717c16c0de5382bc0b5915aa664bde61d8530fae87d512","","TBD","","0-7a43843d68703a1be60281b958aa652be10f83015d76a8fc7561d8e149b4c891","root.record.ItemExhibitList.P5Item.CostElementCategoryList.PackageFielding.Recurring.CostElementList.CostElement.ManufacturerList.Manufacturer"
"2017","Hanscom AFB","2017-01","2017-07","1","0.943","true","","","","","","","2016-BASE_PROCUREMENT-2016-AIRFORCE_OTHER-PROCUREMENT_MasterJustificationBook_Air_Force_PB_2016.zzz_unzipped-PROCUREMENT_MasterJustificationBook_Air_Force_PB_2016.xml","b65725f2c732bfd8660e7280a5d35a4fef39e530ec50e75461aa335166c102b1","1-c6a822706a55503b27ac1fcd0408a796f3c34ec8f5aac131daa7f47ebea8a514","","TBD","","0-7a43843d68703a1be60281b958aa652be10f83015d76a8fc7561d8e149b4c891","root.record.ItemExhibitList.P5Item.CostElementCategoryList.PackageFielding.Recurring.CostElementList.CostElement.ManufacturerList.Manufacturer"
"2018","Hanscom AFB","2018-01","2018-07","1","59.394","true","","","","","","","2016-BASE_PROCUREMENT-2016-AIRFORCE_OTHER-PROCUREMENT_MasterJustificationBook_Air_Force_PB_2016.zzz_unzipped-PROCUREMENT_MasterJustificationBook_Air_Force_PB_2016.xml","b65725f2c732bfd8660e7280a5d35a4fef39e530ec50e75461aa335166c102b1","2-0f619e31d86e1dbcadcd158022ea36a4d69d09b26af5afb89d3053d33459d0fc","","TBD","","0-7a43843d68703a1be60281b958aa652be10f83015d76a8fc7561d8e149b4c891","root.record.ItemExhibitList.P5Item.CostElementCategoryList.PackageFielding.Recurring.CostElementList.CostElement.ManufacturerList.Manufacturer"
"2019","Hanscom AFB","2019-01","2019-07","1","67.130","true","","","","","","","2016-BASE_PROCUREMENT-2016-AIRFORCE_OTHER-PROCUREMENT_MasterJustificationBook_Air_Force_PB_2016.zzz_unzipped-PROCUREMENT_MasterJustificationBook_Air_Force_PB_2016.xml","b65725f2c732bfd8660e7280a5d35a4fef39e530ec50e75461aa335166c102b1","3-b80c25df0b4800d259cb31e79c85f018a983edfcc456e9f47f44f67ea7e1b1ee","","TBD","","0-7a43843d68703a1be60281b958aa652be10f83015d76a8fc7561d8e149b4c891","root.record.ItemExhibitList.P5Item.CostElementCategoryList.PackageFielding.Recurring.CostElementList.CostElement.ManufacturerList.Manufacturer"
"2020","Hanscom AFB","2020-01","2020-07","1","76.080","true","","","","","","","2016-BASE_PROCUREMENT-2016-AIRFORCE_OTHER-PROCUREMENT_MasterJustificationBook_Air_Force_PB_2016.zzz_unzipped-PROCUREMENT_MasterJustificationBook_Air_Force_PB_2016.xml","b65725f2c732bfd8660e7280a5d35a4fef39e530ec50e75461aa335166c102b1","4-397ddbc8d7009c68004078cc44a83f79d6b0f8a6211d7f2ef95b2e8828b98f17","","TBD","","0-7a43843d68703a1be60281b958aa652be10f83015d76a8fc7561d8e149b4c891","root.record.ItemExhibitList.P5Item.CostElementCategoryList.PackageFielding.Recurring.CostElementList.CostElement.ManufacturerList.Manufacturer"
"2016","Hanscom AFB","2016-01","2016-05","1","14.161","true","","","","","","","2016-BASE_PROCUREMENT-2016-AIRFORCE_OTHER-PROCUREMENT_MasterJustificationBook_Air_Force_PB_2016.zzz_unzipped-PROCUREMENT_MasterJustificationBook_Air_Force_PB_2016.xml","b65725f2c732bfd8660e7280a5d35a4fef39e530ec50e75461aa335166c102b1","0-cf13243f4d812dcb86914f8ea0b864ae79760b98cc95ffc5bb8b0d3a38e272fb","","TBD","","0-59ce637b8a11be3fba1280ef895da295997a4842b69afc783afb1114bd31801c","root.record.ItemExhibitList.P5Item.CostElementCategoryList.PackageFielding.Recurring.CostElementList.CostElement.ManufacturerList.Manufacturer"
"2017","Hanscom AFB","2017-01","2017-05","1","36.414","true","","","","","","","2016-BASE_PROCUREMENT-2016-AIRFORCE_OTHER-PROCUREMENT_MasterJustificationBook_Air_Force_PB_2016.zzz_unzipped-PROCUREMENT_MasterJustificationBook_Air_Force_PB_2016.xml","b65725f2c732bfd8660e7280a5d35a4fef39e530ec50e75461aa335166c102b1","1-243b29b5866d43f09339f455ad2b75a516cdfeeae3ab252aa2f4ae9cfee7c6a1","","TBD","","0-59ce637b8a11be3fba1280ef895da295997a4842b69afc783afb1114bd31801c","root.record.ItemExhibitList.P5Item.CostElementCategoryList.PackageFielding.Recurring.CostElementList.CostElement.ManufacturerList.Manufacturer"
"2018","Hanscom AFB","2018-01","2018-05","1","46.284","true","","","","","","","2016-BASE_PROCUREMENT-2016-AIRFORCE_OTHER-PROCUREMENT_MasterJustificationBook_Air_Force_PB_2016.zzz_unzipped-PROCUREMENT_MasterJustificationBook_Air_Force_PB_2016.xml","b65725f2c732bfd8660e7280a5d35a4fef39e530ec50e75461aa335166c102b1","2-3721cbc7e6578953f41f9b70aa9516575571ab2a22d4b3f662330c73685b709c","","TBD","","0-59ce637b8a11be3fba1280ef895da295997a4842b69afc783afb1114bd31801c","root.record.ItemExhibitList.P5Item.CostElementCategoryList.PackageFielding.Recurring.CostElementList.CostElement.ManufacturerList.Manufacturer"
"2019","Hanscom AFB","2019-01","2019-05","1","47.933","true","","","","","","","2016-BASE_PROCUREMENT-2016-AIRFORCE_OTHER-PROCUREMENT_MasterJustificationBook_Air_Force_PB_2016.zzz_unzipped-PROCUREMENT_MasterJustificationBook_Air_Force_PB_2016.xml","b65725f2c732bfd8660e7280a5d35a4fef39e530ec50e75461aa335166c102b1","3-fcf2d2dfdce7ef84c428b985c95b8cc05c2c13facbec1e2ad18973f5c681da46","","TBD","","0-59ce637b8a11be3fba1280ef895da295997a4842b69afc783afb1114bd31801c","root.record.ItemExhibitList.P5Item.CostElementCategoryList.PackageFielding.Recurring.CostElementList.CostElement.ManufacturerList.Manufacturer"
"2020","Hanscom AFB","2020-01","2020-07","1","12.020","true","","","","","","","2016-BASE_PROCUREMENT-2016-AIRFORCE_OTHER-PROCUREMENT_MasterJustificationBook_Air_Force_PB_2016.zzz_unzipped-PROCUREMENT_MasterJustificationBook_Air_Force_PB_2016.xml","b65725f2c732bfd8660e7280a5d35a4fef39e530ec50e75461aa335166c102b1","4-b71dda7eded464beb757acf8910668de27e5c749e4678fb05423e7046b3a8ccc","","TBD","","0-59ce637b8a11be3fba1280ef895da295997a4842b69afc783afb1114bd31801c","root.record.ItemExhibitList.P5Item.CostElementCategoryList.PackageFielding.Recurring.CostElementList.CostElement.ManufacturerList.Manufacturer"
"2014","Hanscom AFB","2015-03","2015-09","1","8.270","true","2014-09","C","LH","","","","2016-BASE_PROCUREMENT-2016-AIRFORCE_OTHER-PROCUREMENT_MasterJustificationBook_Air_Force_PB_2016.zzz_unzipped-PROCUREMENT_MasterJustificationBook_Air_Force_PB_2016.xml","b65725f2c732bfd8660e7280a5d35a4fef39e530ec50e75461aa335166c102b1","0-d41a406c93a4f5032ff1701ceb4798d2aa3ffbc6ca40c025d6ecc3a455abd26d","","","","0-24a34174c286cca62d08837c1e7d3c6b9b94dd9c935da7a138f5a7b7ffc4779f","root.record.ItemExhibitList.P5Item.CostElementCategoryList.PackageFielding.Recurring.CostElementList.CostElement.ManufacturerList.Manufacturer"
"2015","Hanscom AFB","2016-01","2016-11","1","8.860","true","2015-08","C","LH","","","","2016-BASE_PROCUREMENT-2016-AIRFORCE_OTHER-PROCUREMENT_MasterJustificationBook_Air_Force_PB_2016.zzz_unzipped-PROCUREMENT_MasterJustificationBook_Air_Force_PB_2016.xml","b65725f2c732bfd8660e7280a5d35a4fef39e530ec50e75461aa335166c102b1","0-e8245ed4f7bd61f58b164a05d30e99037649ec4e2ad249be6a83a3b45526d664","","","","1-f53337dea1d81340d7c036f86bef7fa0682b527c39a225ba657bb7214a22aa8f","root.record.ItemExhibitList.P5Item.CostElementCategoryList.PackageFielding.Recurring.CostElementList.CostElement.ManufacturerList.Manufacturer"
"2016","Hanscom AFB","2016-01","2016-07","1","9.180","true","","C","LH","","","","2016-BASE_PROCUREMENT-2016-AIRFORCE_OTHER-PROCUREMENT_MasterJustificationBook_Air_Force_PB_2016.zzz_unzipped-PROCUREMENT_MasterJustificationBook_Air_Force_PB_2016.xml","b65725f2c732bfd8660e7280a5d35a4fef39e530ec50e75461aa335166c102b1","1-35370c0aa6ff2d37da2116319c0ff506fcb206166cd63cc52f02090e96415894","","","","1-f53337dea1d81340d7c036f86bef7fa0682b527c39a225ba657bb7214a22aa8f","root.record.ItemExhibitList.P5Item.CostElementCategoryList.PackageFielding.Recurring.CostElementList.CostElement.ManufacturerList.Manufacturer"
"2017","Hanscom AFB","2017-05","2018-05","1","9.446","true","","C","LH","","","","2016-BASE_PROCUREMENT-2016-AIRFORCE_OTHER-PROCUREMENT_MasterJustificationBook_Air_Force_PB_2016.zzz_unzipped-PROCUREMENT_MasterJustificationBook_Air_Force_PB_2016.xml","b65725f2c732bfd8660e7280a5d35a4fef39e530ec50e75461aa335166c102b1","2-51b55b4e98c0c1f74766a2e6f4a179f68ffd536b6585e7631896cc13cca8b305","","","","1-f53337dea1d81340d7c036f86bef7fa0682b527c39a225ba657bb7214a22aa8f","root.record.ItemExhibitList.P5Item.CostElementCategoryList.PackageFielding.Recurring.CostElementList.CostElement.ManufacturerList.Manufacturer"
"2018","Hanscom AFB","2018-01","2018-07","1","10.143","true","","C","LH","","","","2016-BASE_PROCUREMENT-2016-AIRFORCE_OTHER-PROCUREMENT_MasterJustificationBook_Air_Force_PB_2016.zzz_unzipped-PROCUREMENT_MasterJustificationBook_Air_Force_PB_2016.xml","b65725f2c732bfd8660e7280a5d35a4fef39e530ec50e75461aa335166c102b1","3-df863c3e487214bf0b933d18f77e7c8b0e8ecb7b956def8e7e03ec0d6b1ead60","","","","1-f53337dea1d81340d7c036f86bef7fa0682b527c39a225ba657bb7214a22aa8f","root.record.ItemExhibitList.P5Item.CostElementCategoryList.PackageFielding.Recurring.CostElementList.CostElement.ManufacturerList.Manufacturer"
"2019","Hanscom AFB","2018-11","2019-11","1","13.800","true","","C","LH","","","","2016-BASE_PROCUREMENT-2016-AIRFORCE_OTHER-PROCUREMENT_MasterJustificationBook_Air_Force_PB_2016.zzz_unzipped-PROCUREMENT_MasterJustificationBook_Air_Force_PB_2016.xml","b65725f2c732bfd8660e7280a5d35a4fef39e530ec50e75461aa335166c102b1","4-53f4e73053f8eb353ca212d05f24fa231fe0ca24f88a0bcd25906cbe44c2c1dd","","","","1-f53337dea1d81340d7c036f86bef7fa0682b527c39a225ba657bb7214a22aa8f","root.record.ItemExhibitList.P5Item.CostElementCategoryList.PackageFielding.Recurring.CostElementList.CostElement.ManufacturerList.Manufacturer"
"2020","Hanscom AFB","2020-01","2020-07","1","11.776","true","","C","LH","","","","2016-BASE_PROCUREMENT-2016-AIRFORCE_OTHER-PROCUREMENT_MasterJustificationBook_Air_Force_PB_2016.zzz_unzipped-PROCUREMENT_MasterJustificationBook_Air_Force_PB_2016.xml","b65725f2c732bfd8660e7280a5d35a4fef39e530ec50e75461aa335166c102b1","5-69b763e5a6ac2263759c55d78ddd9d16d8ea4c4c3ea1c38126712687ecf6a565","","","","1-f53337dea1d81340d7c036f86bef7fa0682b527c39a225ba657bb7214a22aa8f","root.record.ItemExhibitList.P5Item.CostElementCategoryList.PackageFielding.Recurring.CostElementList.CostElement.ManufacturerList.Manufacturer"
"2014","Hanscom AFB","2014-10","2015-04","1","41.050","true","2014-04","C","FFP","","","","2016-BASE_PROCUREMENT-2016-AIRFORCE_OTHER-PROCUREMENT_MasterJustificationBook_Air_Force_PB_2016.zzz_unzipped-PROCUREMENT_MasterJustificationBook_Air_Force_PB_2016.xml","b65725f2c732bfd8660e7280a5d35a4fef39e530ec50e75461aa335166c102b1","0-769d3a2b3c2b0fa8fe6e0f3927c248ab8f1b3232ea2a6865e9527faaa88adeb8","","","","0-46ad463e9461dedec1f7323d0b2a62c8625efab46c6dd61b13168ea4b105ee5c","root.record.ItemExhibitList.P5Item.CostElementCategoryList.PackageFielding.Recurring.CostElementList.CostElement.ManufacturerList.Manufacturer"
"2015","Hanscom AFB","2016-06","2016-12","1","8.800","true","2014-04","C","FFP","","","","2016-BASE_PROCUREMENT-2016-AIRFORCE_OTHER-PROCUREMENT_MasterJustificationBook_Air_Force_PB_2016.zzz_unzipped-PROCUREMENT_MasterJustificationBook_Air_Force_PB_2016.xml","b65725f2c732bfd8660e7280a5d35a4fef39e530ec50e75461aa335166c102b1","1-aceb1ea1364ee6b7d394beba75b4d00f8fd9e10ceac3f2af945c984edd51f361","","","","0-46ad463e9461dedec1f7323d0b2a62c8625efab46c6dd61b13168ea4b105ee5c","root.record.ItemExhibitList.P5Item.CostElementCategoryList.PackageFielding.Recurring.CostElementList.CostElement.ManufacturerList.Manufacturer"
"2014","Hanscom AFB","2014-07","2015-01","1","1.590","true","2014-01","C","FFP","","","","2016-BASE_PROCUREMENT-2016-AIRFORCE_OTHER-PROCUREMENT_MasterJustificationBook_Air_Force_PB_2016.zzz_unzipped-PROCUREMENT_MasterJustificationBook_Air_Force_PB_2016.xml","b65725f2c732bfd8660e7280a5d35a4fef39e530ec50e75461aa335166c102b1","0-e0665a41bb3901d4155724c652e277c7c3d8fcf05ecfec28d2d07f3aae8fccd4","","","","0-b2027dbc6762be88accc1dfb7057141957724327b480ef17a696f96945cde118","root.record.ItemExhibitList.P5Item.CostElementCategoryList.PackageFielding.Recurring.CostElementList.CostElement.ManufacturerList.Manufacturer"
"2015","Hanscom AFB","2015-02","2015-08","1","50.400","true","2014-08","","","","","","2016-BASE_PROCUREMENT-2016-AIRFORCE_OTHER-PROCUREMENT_MasterJustificationBook_Air_Force_PB_2016.zzz_unzipped-PROCUREMENT_MasterJustificationBook_Air_Force_PB_2016.xml","b65725f2c732bfd8660e7280a5d35a4fef39e530ec50e75461aa335166c102b1","0-64d4ba67173ad639160a98c905073462f10be90b2235f6bdd6d4e1d11758340d","","TBD","","1-01161a93eb860a5047b7c894f43c24c84f697986be6139d7a3969a7237e7a65a","root.record.ItemExhibitList.P5Item.CostElementCategoryList.PackageFielding.Recurring.CostElementList.CostElement.ManufacturerList.Manufacturer"
"2016","AFLCMC Hanscom AFB","2016-07","2016-10","1","10.936","false","","","","Air Force","1","","2017-BASE_PROCUREMENT-2017-AIRFORCE_OTHER-U_PROCUREMENT_JustificationBook_Air_Force_PB_2017.zzz_unzipped-U_PROCUREMENT_JustificationBook_Air_Force_PB_2017.xml","bcc662e800dc8bb76a8285528cc168abcc6312deba5f8a8505391946132986f2","0-4828068d0c4d29a3f57299b976d80fd861bf761fe83e72f1f1a104be7dc7b37d","2015-10","TBD","1","0-7209421b1f853b3fe9e45b1482e2b66687519c405041bd634482f3e5db0f00f5","root.record.ItemExhibitList.P5Item.CostElementCategoryList.PackageFielding.Recurring.CostElementList.CostElement.ManufacturerList.Manufacturer"
"2017","AFLCMC Hanscom AFB","2016-10","2017-02","2","11.222","false","","","","Air Force","2","","2017-BASE_PROCUREMENT-2017-AIRFORCE_OTHER-U_PROCUREMENT_JustificationBook_Air_Force_PB_2017.zzz_unzipped-U_PROCUREMENT_JustificationBook_Air_Force_PB_2017.xml","bcc662e800dc8bb76a8285528cc168abcc6312deba5f8a8505391946132986f2","1-1ab27fc750a04cb2a9a1f96708cddb5ff4c52938bb5572ed06373bdcb51418e7","2015-10","TBD","2","0-7209421b1f853b3fe9e45b1482e2b66687519c405041bd634482f3e5db0f00f5","root.record.ItemExhibitList.P5Item.CostElementCategoryList.PackageFielding.Recurring.CostElementList.CostElement.ManufacturerList.Manufacturer"
"2018","AFLCMC Hanscom AFB","2017-10","2018-02","3","2.937","false","","","","Air Force","3","","2017-BASE_PROCUREMENT-2017-AIRFORCE_OTHER-U_PROCUREMENT_JustificationBook_Air_Force_PB_2017.zzz_unzipped-U_PROCUREMENT_JustificationBook_Air_Force_PB_2017.xml","bcc662e800dc8bb76a8285528cc168abcc6312deba5f8a8505391946132986f2","2-eff7bebb9921d6b1a420624b4b7b3e63e3ff6817049ded59a8dfd4408d5b74c5","2015-10","TBD","3","0-7209421b1f853b3fe9e45b1482e2b66687519c405041bd634482f3e5db0f00f5","root.record.ItemExhibitList.P5Item.CostElementCategoryList.PackageFielding.Recurring.CostElementList.CostElement.ManufacturerList.Manufacturer"
"2016","AFLCMC Hanscom AFB","2016-07","2016-10","1","10.936","false","","","","Air Force","1","","2017-BASE_PROCUREMENT-2017-AIRFORCE_OTHER-U_PROCUREMENT_MasterJustificationBook_Air_Force_PB_2017.zzz_unzipped-U_PROCUREMENT_MasterJustificationBook_Air_Force_PB_2017.xml","c65c2d0ea2fabef820926a6a818da5c6319f34ef25a69b14de78ceb6be599d12","0-a21f44a047a21e5ef61d62de43111eb8286249de3e2282fdcfb5484bbf5d2a1e","2015-10","TBD","1","0-a5787614fd5d0b2f8e66df14f3c41c875f21c97adf5d4909a2ac9e7b50c15d89","root.record.ItemExhibitList.P5Item.CostElementCategoryList.PackageFielding.Recurring.CostElementList.CostElement.ManufacturerList.Manufacturer"
"2017","AFLCMC Hanscom AFB","2016-10","2017-02","2","11.222","false","","","","Air Force","2","","2017-BASE_PROCUREMENT-2017-AIRFORCE_OTHER-U_PROCUREMENT_MasterJustificationBook_Air_Force_PB_2017.zzz_unzipped-U_PROCUREMENT_MasterJustificationBook_Air_Force_PB_2017.xml","c65c2d0ea2fabef820926a6a818da5c6319f34ef25a69b14de78ceb6be599d12","1-f1f55c32d68028d22902f6c9c33c9131446747490cef80e7a63dca779cf4da77","2015-10","TBD","2","0-a5787614fd5d0b2f8e66df14f3c41c875f21c97adf5d4909a2ac9e7b50c15d89","root.record.ItemExhibitList.P5Item.CostElementCategoryList.PackageFielding.Recurring.CostElementList.CostElement.ManufacturerList.Manufacturer"
"2018","AFLCMC Hanscom AFB","2017-10","2018-02","3","2.937","false","","","","Air Force","3","","2017-BASE_PROCUREMENT-2017-AIRFORCE_OTHER-U_PROCUREMENT_MasterJustificationBook_Air_Force_PB_2017.zzz_unzipped-U_PROCUREMENT_MasterJustificationBook_Air_Force_PB_2017.xml","c65c2d0ea2fabef820926a6a818da5c6319f34ef25a69b14de78ceb6be599d12","2-41648f6fa3b47ca098a55cdead92d1a71d343885e66767ed50b6381365c59d71","2015-10","TBD","3","0-a5787614fd5d0b2f8e66df14f3c41c875f21c97adf5d4909a2ac9e7b50c15d89","root.record.ItemExhibitList.P5Item.CostElementCategoryList.PackageFielding.Recurring.CostElementList.CostElement.ManufacturerList.Manufacturer"
"2017","ACC-NJ","2017-03","2017-11","1","4214.000","","","C","CPIF","","","","2017-BASE_PROCUREMENT-2017-ARMY_OTHER_2-U_PROCUREMENT_JustificationBook_Army_PB_2017.zzz_unzipped-U_PROCUREMENT_JustificationBook_Army_PB_2017.xml","4749a19225f22314c1a3af82dab22835b79b363ea2e08400776d9d7baf87145b","0-81724a4ce1b63fe629a5913167c3898b76231a02922b6f2cd20a4c36b1a80f34","","","","0-7ad4c2e35176c5d07c9c8af60a09b493c4e36269c663f45502337eaa307fb4de","root.record.ItemExhibitList.P5Item.CostElementCategoryList.PackageFielding.Recurring.CostElementList.CostElement.ManufacturerList.Manufacturer"
"2018","TBD","2018-05","2018-05","1","2035.000","","","","","","","","2018-BASE_PROCUREMENT-2018-ARMY_OTHER_2-U_PROCUREMENT_JustificationBook_Army_PB_2018.zzz_unzipped-U_PROCUREMENT_JustificationBook_Army_PB_2018.xml","38c294167c355d339a8ccea624e0b0643e68457c11866b2b886992043516b63d","0-8aa2d373cd236772bb2c9b8a65d5788a68e81ed4a248890a8e82d95922d45874","","TBD","","0-e938dd3e644d1fa3742bfa8c07a8d01d0d2a85332da1e801f805a2a41eda4bd3","root.record.ItemExhibitList.P5Item.CostElementCategoryList.PackageFielding.Recurring.CostElementList.CostElement.ManufacturerList.Manufacturer"
"2018","TBD","2018-01","2018-05","1","1445.000","","","","","","","","2018-BASE_PROCUREMENT-2018-ARMY_OTHER_2-U_PROCUREMENT_JustificationBook_Army_PB_2018.zzz_unzipped-U_PROCUREMENT_JustificationBook_Army_PB_2018.xml","38c294167c355d339a8ccea624e0b0643e68457c11866b2b886992043516b63d","0-7541cf274b1b792ac9c914841f203afabcbaed816633351bf18457fa6e981124","","TBD","","0-86a2ad8ef10ae595633f8392d81659023f5ef53bfb3937141029bb37c59c13d0","root.record.ItemExhibitList.P5Item.CostElementCategoryList.PackageFielding.Recurring.CostElementList.CostElement.ManufacturerList.Manufacturer"
"2016","ACC-NJ","2016-09","2017-08","1","4446","true","","Option","CPIF","","","","2019-BASE_PROCUREMENT-2019-ARMY_OTHER_2-U_PROCUREMENT_JustificationBook_Army_PB_2019.zzz_unzipped-U_PROCUREMENT_JustificationBook_Army_PB_2019.xml","5add64b8733be58a091d88ecb43cfe89e860a4a60660a6af7b3b1a128dbefa00","0-29bf66fcdc1fa1f9909c80d648d055aeeaa8f208ddbac9103f2e23cf8e4ee011","","","","0-3c9f9e53cb4f625d6fa602ac4b413154c13f7215b8da58771d6aff5343f5037f","root.record.ItemExhibitList.P5Item.CostElementCategoryList.PackageFielding.Recurring.CostElementList.CostElement.ManufacturerList.Manufacturer"
"2017","ACC-NJ","2017-09","2018-06","1","4214","true","","Option","CPIF","","","","2019-BASE_PROCUREMENT-2019-ARMY_OTHER_2-U_PROCUREMENT_JustificationBook_Army_PB_2019.zzz_unzipped-U_PROCUREMENT_JustificationBook_Army_PB_2019.xml","5add64b8733be58a091d88ecb43cfe89e860a4a60660a6af7b3b1a128dbefa00","1-004c3dcd26f023a1216afcba7b2999078c2f30e0011f30c8746292b0af3776f2","","","","0-3c9f9e53cb4f625d6fa602ac4b413154c13f7215b8da58771d6aff5343f5037f","root.record.ItemExhibitList.P5Item.CostElementCategoryList.PackageFielding.Recurring.CostElementList.CostElement.ManufacturerList.Manufacturer"
"2018","ACC-NJ","2018-08","2018-08","1","16140","true","","Option","CPIF","","","","2019-BASE_PROCUREMENT-2019-ARMY_OTHER_2-U_PROCUREMENT_JustificationBook_Army_PB_2019.zzz_unzipped-U_PROCUREMENT_JustificationBook_Army_PB_2019.xml","5add64b8733be58a091d88ecb43cfe89e860a4a60660a6af7b3b1a128dbefa00","2-ae063c904340c57ced566b7beda18e626924ac1ddda65cb73eb9bb5daf77ac0e","","","","0-3c9f9e53cb4f625d6fa602ac4b413154c13f7215b8da58771d6aff5343f5037f","root.record.ItemExhibitList.P5Item.CostElementCategoryList.PackageFielding.Recurring.CostElementList.CostElement.ManufacturerList.Manufacturer"
"2019","ACC-NJ","2019-04","2019-11","1","29239","","","Option","CPIF","","","","2019-BASE_PROCUREMENT-2019-ARMY_OTHER_2-U_PROCUREMENT_JustificationBook_Army_PB_2019.zzz_unzipped-U_PROCUREMENT_JustificationBook_Army_PB_2019.xml","5add64b8733be58a091d88ecb43cfe89e860a4a60660a6af7b3b1a128dbefa00","3-827ca8af7a4a18bef6d3bfe568dba2eb3b23ff821840d6cf9b3ef82786e3a3d8","","","","0-3c9f9e53cb4f625d6fa602ac4b413154c13f7215b8da58771d6aff5343f5037f","root.record.ItemExhibitList.P5Item.CostElementCategoryList.PackageFielding.Recurring.CostElementList.CostElement.ManufacturerList.Manufacturer"
"2020","GSA","2019-12","2020-01","1","5469","false","","C","FP","","","","2020-BASE_PROCUREMENT-2020-ARMY_OTHER_2-U_PROCUREMENT_JustificationBook_Army_PB_2020.zzz_unzipped-U_PROCUREMENT_JustificationBook_Army_PB_2020.xml","16123f19d14714e621f3ad3717eb0a04587382702be0e2b1e9ac91adb50ab769","0-8c08b0089bd5ffbfc0d307e962633a9ff507e9de5222a47fad47217c5d1c8e20","","","","0-9c66969123055d56b575f978b7906f9fed20e800e529fd6ce128aba006047278","root.record.ItemExhibitList.P5Item.CostElementCategoryList.PackageFielding.Recurring.CostElementList.CostElement.ManufacturerList.Manufacturer"
"2018","GSA","2017-12","2018-01","1","4710","false","","C","FP","","","","2020-BASE_PROCUREMENT-2020-ARMY_OTHER_2-U_PROCUREMENT_JustificationBook_Army_PB_2020.zzz_unzipped-U_PROCUREMENT_JustificationBook_Army_PB_2020.xml","16123f19d14714e621f3ad3717eb0a04587382702be0e2b1e9ac91adb50ab769","0-8c940c50fc178b48b67974d463bf88faae1d4b01ce4e13151389ade9b01ac387","","","","1-9c9aa6e7e60f3857e5dd289e6fcabd07b3d69dc5a363519641405f67dbfc13de","root.record.ItemExhibitList.P5Item.CostElementCategoryList.PackageFielding.Recurring.CostElementList.CostElement.ManufacturerList.Manufacturer"
"2019","GSA","2018-12","2019-01","1","7786","false","","C","FP","","","","2020-BASE_PROCUREMENT-2020-ARMY_OTHER_2-U_PROCUREMENT_JustificationBook_Army_PB_2020.zzz_unzipped-U_PROCUREMENT_JustificationBook_Army_PB_2020.xml","16123f19d14714e621f3ad3717eb0a04587382702be0e2b1e9ac91adb50ab769","1-4ac7a1ca73470b4a4695cc40e59ef2d9e4f04d5e3dea66baa76bca12d76828a5","","","","1-9c9aa6e7e60f3857e5dd289e6fcabd07b3d69dc5a363519641405f67dbfc13de","root.record.ItemExhibitList.P5Item.CostElementCategoryList.PackageFielding.Recurring.CostElementList.CostElement.ManufacturerList.Manufacturer"
"2016","ACC-NJ","2016-09","2017-08","1","4446","true","","Option","CPIF","","","","2020-BASE_PROCUREMENT-2020-ARMY_OTHER_2-U_PROCUREMENT_JustificationBook_Army_PB_2020.zzz_unzipped-U_PROCUREMENT_JustificationBook_Army_PB_2020.xml","bccab256ad07c458efbf6015255c69b667e6fb84c81c395a9847bc99db6b1514","0-5788a633142f8d65dbbe31a5ea0b290e4190ad2437a0c4348e7eb228e191afbb","","","","0-be3c8aa04feee62fecb94bba6b06f3a5848f589dd323ed1fab20e0d87b65b1e7","root.record.ItemExhibitList.P5Item.CostElementCategoryList.PackageFielding.Recurring.CostElementList.CostElement.ManufacturerList.Manufacturer"
"2017","ACC-NJ","2017-09","2018-06","1","4214","true","","Option","CPIF","","","","2020-BASE_PROCUREMENT-2020-ARMY_OTHER_2-U_PROCUREMENT_JustificationBook_Army_PB_2020.zzz_unzipped-U_PROCUREMENT_JustificationBook_Army_PB_2020.xml","bccab256ad07c458efbf6015255c69b667e6fb84c81c395a9847bc99db6b1514","1-2e1cddcc4f9d1a31930d039730de3ffa3cbf2810bd570d1f5536739bede171fc","","","","0-be3c8aa04feee62fecb94bba6b06f3a5848f589dd323ed1fab20e0d87b65b1e7","root.record.ItemExhibitList.P5Item.CostElementCategoryList.PackageFielding.Recurring.CostElementList.CostElement.ManufacturerList.Manufacturer"
"2018","ACC-NJ","2018-08","2018-08","1","16140","true","","Option","CPIF","","","","2020-BASE_PROCUREMENT-2020-ARMY_OTHER_2-U_PROCUREMENT_JustificationBook_Army_PB_2020.zzz_unzipped-U_PROCUREMENT_JustificationBook_Army_PB_2020.xml","bccab256ad07c458efbf6015255c69b667e6fb84c81c395a9847bc99db6b1514","2-d4c2c831e031d41880df3e6b10782d822bd9b9c338851226f95e83e8dc622384","","","","0-be3c8aa04feee62fecb94bba6b06f3a5848f589dd323ed1fab20e0d87b65b1e7","root.record.ItemExhibitList.P5Item.CostElementCategoryList.PackageFielding.Recurring.CostElementList.CostElement.ManufacturerList.Manufacturer"
"2019","ACC-NJ","2018-12","2019-08","1","16800","true","","Option","CPIF","","","","2020-BASE_PROCUREMENT-2020-ARMY_OTHER_2-U_PROCUREMENT_JustificationBook_Army_PB_2020.zzz_unzipped-U_PROCUREMENT_JustificationBook_Army_PB_2020.xml","bccab256ad07c458efbf6015255c69b667e6fb84c81c395a9847bc99db6b1514","3-ecd4672ff3e7239223db1da290f2c31a195c3fbd85e11adfe982f12f0ba62bd6","","","","0-be3c8aa04feee62fecb94bba6b06f3a5848f589dd323ed1fab20e0d87b65b1e7","root.record.ItemExhibitList.P5Item.CostElementCategoryList.PackageFielding.Recurring.CostElementList.CostElement.ManufacturerList.Manufacturer"
"2020","ACC-NJ","2020-01","2020-03","1","18674","true","","Option","CPIF","","","","2020-BASE_PROCUREMENT-2020-ARMY_OTHER_2-U_PROCUREMENT_JustificationBook_Army_PB_2020.zzz_unzipped-U_PROCUREMENT_JustificationBook_Army_PB_2020.xml","bccab256ad07c458efbf6015255c69b667e6fb84c81c395a9847bc99db6b1514","4-355697c17662e38775dd34a8b1593117d1ee00a5d3e0cba08cf22f2198665922","","","","0-be3c8aa04feee62fecb94bba6b06f3a5848f589dd323ed1fab20e0d87b65b1e7","root.record.ItemExhibitList.P5Item.CostElementCategoryList.PackageFielding.Recurring.CostElementList.CostElement.ManufacturerList.Manufacturer"
"2018","TBD","2018-05","2018-05","1","2035","false","","","","","","","2020-BASE_PROCUREMENT-2020-ARMY_OTHER_2-U_PROCUREMENT_JustificationBook_Army_PB_2020.zzz_unzipped-U_PROCUREMENT_JustificationBook_Army_PB_2020.xml","d5240ff4c7e79de7e15416cf9377c2be2f6ae02e5a70527e4c772787a856bd28","0-c06e38437b914e717b6009934b609e675c4a5953a960c2d24d685ba39753b937","","TBD","","0-925973a363701dc1e4df17c9fcdb2f2550730b43e638099fda0549fb23dc1f5b","root.record.ItemExhibitList.P5Item.CostElementCategoryList.PackageFielding.Recurring.CostElementList.CostElement.ManufacturerList.Manufacturer"
"2018","TBD","2018-01","2018-05","1","1445","false","","","","","","","2020-BASE_PROCUREMENT-2020-ARMY_OTHER_2-U_PROCUREMENT_JustificationBook_Army_PB_2020.zzz_unzipped-U_PROCUREMENT_JustificationBook_Army_PB_2020.xml","d5240ff4c7e79de7e15416cf9377c2be2f6ae02e5a70527e4c772787a856bd28","0-5ae8033229045cdca851719e4ffdbed22cdd2b7e215d250c4b3145ff59ad35ec","","TBD","","0-f61ce2578dc9de60596d45f1a4b622866c3863f13842aab3d015838dad48b87c","root.record.ItemExhibitList.P5Item.CostElementCategoryList.PackageFielding.Recurring.CostElementList.CostElement.ManufacturerList.Manufacturer"
