FiscalYear_val,PCOLocation_val,AwardDate_val,FirstDeliveryDate_val,Quantity_val,UnitCost_val,SpecsAvailableNow_val,RFPIssueDate_val,ContractMethod_val,ContractType_val,MonthlyDeliveryScheduleList_MonthlyDeliverySchedule_ServiceAgencyName_val,MonthlyDeliveryScheduleList_MonthlyDeliverySchedule_ProcQuantity_val,MonthlyDeliveryScheduleList_MonthlyDeliverySchedule_AcceptedBeforeOct1_val,@SOURCE_FILENAME,@RECORDID,@ROWID,RevisionsAvailableDate_val,FundingVehicle_val,MonthlyDeliveryScheduleTotal_ProcQuantity_val,@PARENTROWID,@PARENT
"2013","AFMC/ESC","2013-08","2014-05","4","0.795","true","2013-03","C","BA","Air Force","4","0","2014-BASE_PROCUREMENT-2014-AIRFORCE_OTHER-PROCUREMENT_JustificationBook_Air_Force_PB_2014.zzz_unzipped-PROCUREMENT_JustificationBook_Air_Force_PB_2014.xml","183e2235a8702efde29fd338dbfb0e070b9a0e22f45c0daf1850fb81f56857fb","0-a682cdbd257ebc567e5c7b4f78759c2e9147331de46cfacc47ad70e2fefb7717","","","","0-7f13411496e5c607f380e532accba3bfd8e9669968eb9cc441d31c953acf786d","root.record.ItemExhibitList.P5Item.CostElementCategoryList.PackageFielding.Recurring.CostElementList.CostElement.ManufacturerList.Manufacturer"
"2014","AFMC/ESC","2014-08","2015-03","17","0.271","true","2014-05","C","BA","","","","2014-BASE_PROCUREMENT-2014-AIRFORCE_OTHER-PROCUREMENT_JustificationBook_Air_Force_PB_2014.zzz_unzipped-PROCUREMENT_JustificationBook_Air_Force_PB_2014.xml","183e2235a8702efde29fd338dbfb0e070b9a0e22f45c0daf1850fb81f56857fb","1-a147b8ac288168e81f48f7df71b2060b2081605b12b40db8282df659a3673cf3","","","","0-7f13411496e5c607f380e532accba3bfd8e9669968eb9cc441d31c953acf786d","root.record.ItemExhibitList.P5Item.CostElementCategoryList.PackageFielding.Recurring.CostElementList.CostElement.ManufacturerList.Manufacturer"
"2015","AFMC/ESC","2015-08","2016-03","17","0.271","true","2014-03","C","BA","","","","2014-BASE_PROCUREMENT-2014-AIRFORCE_OTHER-PROCUREMENT_JustificationBook_Air_Force_PB_2014.zzz_unzipped-PROCUREMENT_JustificationBook_Air_Force_PB_2014.xml","183e2235a8702efde29fd338dbfb0e070b9a0e22f45c0daf1850fb81f56857fb","2-d53ccbcc58c449cd3b176b3a0ca38a7d115f8dd8a04b23f58b8103e6b831075d","","","","0-7f13411496e5c607f380e532accba3bfd8e9669968eb9cc441d31c953acf786d","root.record.ItemExhibitList.P5Item.CostElementCategoryList.PackageFielding.Recurring.CostElementList.CostElement.ManufacturerList.Manufacturer"
"2012","AFMC/ESC","2013-05","2013-07","30","0.481","true","2013-03","C","BA","","","","2014-BASE_PROCUREMENT-2014-AIRFORCE_OTHER-PROCUREMENT_JustificationBook_Air_Force_PB_2014.zzz_unzipped-PROCUREMENT_JustificationBook_Air_Force_PB_2014.xml","183e2235a8702efde29fd338dbfb0e070b9a0e22f45c0daf1850fb81f56857fb","0-c5f21feb1e230597dfd3f3f49574ff5257280287badb12e43c76979b3e40d4cf","","","","0-fc4ef0161fb2de6ac2f861202377764f9027259922bbcabf415ab4de7287667a","root.record.ItemExhibitList.P5Item.CostElementCategoryList.PackageFielding.Recurring.CostElementList.CostElement.ManufacturerList.Manufacturer"
"2013","AFMC/ESC","2013-07","2014-04","152","0.213","true","2013-03","C","BA","","","","2014-BASE_PROCUREMENT-2014-AIRFORCE_OTHER-PROCUREMENT_JustificationBook_Air_Force_PB_2014.zzz_unzipped-PROCUREMENT_JustificationBook_Air_Force_PB_2014.xml","183e2235a8702efde29fd338dbfb0e070b9a0e22f45c0daf1850fb81f56857fb","1-8e0a8a91971d67e9cb5e0cc2281530ecfab0cc3b0599b0abee509ecce235a3f1","","","","0-fc4ef0161fb2de6ac2f861202377764f9027259922bbcabf415ab4de7287667a","root.record.ItemExhibitList.P5Item.CostElementCategoryList.PackageFielding.Recurring.CostElementList.CostElement.ManufacturerList.Manufacturer"
"2018","AFMC/ESC","2018-03","2018-11","67","0.222","true","2018-01","C","BA","","","","2014-BASE_PROCUREMENT-2014-AIRFORCE_OTHER-PROCUREMENT_JustificationBook_Air_Force_PB_2014.zzz_unzipped-PROCUREMENT_JustificationBook_Air_Force_PB_2014.xml","183e2235a8702efde29fd338dbfb0e070b9a0e22f45c0daf1850fb81f56857fb","2-d263be36d57f128bb6ad0b1630dff0a7fb085d0ba92f1a209fee4ed8bd2334ce","","","","0-fc4ef0161fb2de6ac2f861202377764f9027259922bbcabf415ab4de7287667a","root.record.ItemExhibitList.P5Item.CostElementCategoryList.PackageFielding.Recurring.CostElementList.CostElement.ManufacturerList.Manufacturer"
"2013","AFMC/ESC","2013-04","2014-01","106","0.160","true","2013-01","C","BA","","","","2014-BASE_PROCUREMENT-2014-AIRFORCE_OTHER-PROCUREMENT_JustificationBook_Air_Force_PB_2014.zzz_unzipped-PROCUREMENT_JustificationBook_Air_Force_PB_2014.xml","183e2235a8702efde29fd338dbfb0e070b9a0e22f45c0daf1850fb81f56857fb","0-64eb8a759caa3e1804c084daee5d0a8f0d2e144c970826afe924941e119ab5bc","","","","0-d462d2da6ea079f10031e44246988506826a74f194ea9737a4c49adc7a804680","root.record.ItemExhibitList.P5Item.CostElementCategoryList.PackageFielding.Recurring.CostElementList.CostElement.ManufacturerList.Manufacturer"
"2014","AFMC/ESC","2014-04","2015-01","106","0.092","true","2014-01","C","BA","","","","2014-BASE_PROCUREMENT-2014-AIRFORCE_OTHER-PROCUREMENT_JustificationBook_Air_Force_PB_2014.zzz_unzipped-PROCUREMENT_JustificationBook_Air_Force_PB_2014.xml","183e2235a8702efde29fd338dbfb0e070b9a0e22f45c0daf1850fb81f56857fb","1-9065da3973b5cabc9cc4782d334c32529ab9f04f03b5444568b9b519b88ac2b3","","","","0-d462d2da6ea079f10031e44246988506826a74f194ea9737a4c49adc7a804680","root.record.ItemExhibitList.P5Item.CostElementCategoryList.PackageFielding.Recurring.CostElementList.CostElement.ManufacturerList.Manufacturer"
"2015","AFMC/ESC","2015-04","2016-01","106","0.094","true","2015-01","C","BA","","","","2014-BASE_PROCUREMENT-2014-AIRFORCE_OTHER-PROCUREMENT_JustificationBook_Air_Force_PB_2014.zzz_unzipped-PROCUREMENT_JustificationBook_Air_Force_PB_2014.xml","183e2235a8702efde29fd338dbfb0e070b9a0e22f45c0daf1850fb81f56857fb","2-20cef6e8fa257b62b481a1541fbdf136df704d570fc216f9a5dccaa752338191","","","","0-d462d2da6ea079f10031e44246988506826a74f194ea9737a4c49adc7a804680","root.record.ItemExhibitList.P5Item.CostElementCategoryList.PackageFielding.Recurring.CostElementList.CostElement.ManufacturerList.Manufacturer"
"2016","AFMC/ESC","2016-04","2017-01","106","0.096","true","2016-01","C","BA","","","","2014-BASE_PROCUREMENT-2014-AIRFORCE_OTHER-PROCUREMENT_JustificationBook_Air_Force_PB_2014.zzz_unzipped-PROCUREMENT_JustificationBook_Air_Force_PB_2014.xml","183e2235a8702efde29fd338dbfb0e070b9a0e22f45c0daf1850fb81f56857fb","3-da3c76988abe3f8ec47e5fa35a1621a96908471584d2530a79ea48883667a0b3","","","","0-d462d2da6ea079f10031e44246988506826a74f194ea9737a4c49adc7a804680","root.record.ItemExhibitList.P5Item.CostElementCategoryList.PackageFielding.Recurring.CostElementList.CostElement.ManufacturerList.Manufacturer"
"2017","AFMC/ESC","2017-04","2018-01","106","0.098","true","2017-01","C","BA","","","","2014-BASE_PROCUREMENT-2014-AIRFORCE_OTHER-PROCUREMENT_JustificationBook_Air_Force_PB_2014.zzz_unzipped-PROCUREMENT_JustificationBook_Air_Force_PB_2014.xml","183e2235a8702efde29fd338dbfb0e070b9a0e22f45c0daf1850fb81f56857fb","4-d2bf8dba5e64284314e1259ca6e924c1ac2c2aa1e8f69b6c1ede796385d80e9d","","","","0-d462d2da6ea079f10031e44246988506826a74f194ea9737a4c49adc7a804680","root.record.ItemExhibitList.P5Item.CostElementCategoryList.PackageFielding.Recurring.CostElementList.CostElement.ManufacturerList.Manufacturer"
"2018","AFMC/ESC","2018-04","2019-01","106","0.100","true","2018-01","C","BA","","","","2014-BASE_PROCUREMENT-2014-AIRFORCE_OTHER-PROCUREMENT_JustificationBook_Air_Force_PB_2014.zzz_unzipped-PROCUREMENT_JustificationBook_Air_Force_PB_2014.xml","183e2235a8702efde29fd338dbfb0e070b9a0e22f45c0daf1850fb81f56857fb","5-e32e74667aa09e7589d5bf312d0bd0937b66d928d23ea7ab8104a580d315757c","","","","0-d462d2da6ea079f10031e44246988506826a74f194ea9737a4c49adc7a804680","root.record.ItemExhibitList.P5Item.CostElementCategoryList.PackageFielding.Recurring.CostElementList.CostElement.ManufacturerList.Manufacturer"
"2013","AFMC/ESC","2013-08","2014-05","226","0.013","true","2012-12","C","BA","","","","2014-BASE_PROCUREMENT-2014-AIRFORCE_OTHER-PROCUREMENT_JustificationBook_Air_Force_PB_2014.zzz_unzipped-PROCUREMENT_JustificationBook_Air_Force_PB_2014.xml","183e2235a8702efde29fd338dbfb0e070b9a0e22f45c0daf1850fb81f56857fb","0-cf511d0388634325c024f29f9ddd59d6baf718728d0a3597ddac594cff06397d","","","","0-e2e414d6d72732522b780bec70a148c323dda3b868eef050cf450705d5def5d9","root.record.ItemExhibitList.P5Item.CostElementCategoryList.PackageFielding.Recurring.CostElementList.CostElement.ManufacturerList.Manufacturer"
"2012","AFMC/ESC","2012-03","2012-11","107","0.246","true","2012-01","C","BA","","","","2014-BASE_PROCUREMENT-2014-AIRFORCE_OTHER-PROCUREMENT_JustificationBook_Air_Force_PB_2014.zzz_unzipped-PROCUREMENT_JustificationBook_Air_Force_PB_2014.xml","183e2235a8702efde29fd338dbfb0e070b9a0e22f45c0daf1850fb81f56857fb","0-28f532f49fb45cf26b5e95d0a0efe784038e580187d96d189322056d85c31314","","","","0-3385eb3886b1c22293c428de7ce0d7eeed4acb48e9ee9c27cee31a957f647f03","root.record.ItemExhibitList.P5Item.CostElementCategoryList.PackageFielding.Recurring.CostElementList.CostElement.ManufacturerList.Manufacturer"
"2013","AFMC/ESC","2013-03","2013-11","107","0.100","true","2013-01","C","BA","","","","2014-BASE_PROCUREMENT-2014-AIRFORCE_OTHER-PROCUREMENT_JustificationBook_Air_Force_PB_2014.zzz_unzipped-PROCUREMENT_JustificationBook_Air_Force_PB_2014.xml","183e2235a8702efde29fd338dbfb0e070b9a0e22f45c0daf1850fb81f56857fb","1-1b5ebbd41ad53b941c9f2efb2ff5db7f3848fa084cd33b2201da53ff42e2555d","","","","0-3385eb3886b1c22293c428de7ce0d7eeed4acb48e9ee9c27cee31a957f647f03","root.record.ItemExhibitList.P5Item.CostElementCategoryList.PackageFielding.Recurring.CostElementList.CostElement.ManufacturerList.Manufacturer"
"2014","AFMC/ESC","2014-03","2014-11","107","0.171","true","2014-01","C","BA","","","","2014-BASE_PROCUREMENT-2014-AIRFORCE_OTHER-PROCUREMENT_JustificationBook_Air_Force_PB_2014.zzz_unzipped-PROCUREMENT_JustificationBook_Air_Force_PB_2014.xml","183e2235a8702efde29fd338dbfb0e070b9a0e22f45c0daf1850fb81f56857fb","2-2b4fbc07f36f96f463c43004de1cc367c6aac120777d2ba39065b37bfad5e5f9","","","","0-3385eb3886b1c22293c428de7ce0d7eeed4acb48e9ee9c27cee31a957f647f03","root.record.ItemExhibitList.P5Item.CostElementCategoryList.PackageFielding.Recurring.CostElementList.CostElement.ManufacturerList.Manufacturer"
"2015","AFMC/ESC","2015-03","2015-11","107","0.441","true","2015-01","C","BA","","","","2014-BASE_PROCUREMENT-2014-AIRFORCE_OTHER-PROCUREMENT_JustificationBook_Air_Force_PB_2014.zzz_unzipped-PROCUREMENT_JustificationBook_Air_Force_PB_2014.xml","183e2235a8702efde29fd338dbfb0e070b9a0e22f45c0daf1850fb81f56857fb","3-cd1b25a61d3b6767d63018de1376ccd023d57021d8f81416ffaeb64f8b10ad80","","","","0-3385eb3886b1c22293c428de7ce0d7eeed4acb48e9ee9c27cee31a957f647f03","root.record.ItemExhibitList.P5Item.CostElementCategoryList.PackageFielding.Recurring.CostElementList.CostElement.ManufacturerList.Manufacturer"
"2016","AFMC/ESC","2016-03","2016-11","107","0.349","true","2016-01","C","BA","","","","2014-BASE_PROCUREMENT-2014-AIRFORCE_OTHER-PROCUREMENT_JustificationBook_Air_Force_PB_2014.zzz_unzipped-PROCUREMENT_JustificationBook_Air_Force_PB_2014.xml","183e2235a8702efde29fd338dbfb0e070b9a0e22f45c0daf1850fb81f56857fb","4-d9fe7ab4b6d1efe5b7cfbf4d8202e67c3b0ada591fa31eb7b1014881c4a760d2","","","","0-3385eb3886b1c22293c428de7ce0d7eeed4acb48e9ee9c27cee31a957f647f03","root.record.ItemExhibitList.P5Item.CostElementCategoryList.PackageFielding.Recurring.CostElementList.CostElement.ManufacturerList.Manufacturer"
"2017","AFMC/ESC","2017-03","2017-11","107","0.372","true","2017-01","C","BA","","","","2014-BASE_PROCUREMENT-2014-AIRFORCE_OTHER-PROCUREMENT_JustificationBook_Air_Force_PB_2014.zzz_unzipped-PROCUREMENT_JustificationBook_Air_Force_PB_2014.xml","183e2235a8702efde29fd338dbfb0e070b9a0e22f45c0daf1850fb81f56857fb","5-44db4a56190f1054ef0bb5d744ba7fd8becb9f5b5ce4ee37ab53b0e419a5ecb0","","","","0-3385eb3886b1c22293c428de7ce0d7eeed4acb48e9ee9c27cee31a957f647f03","root.record.ItemExhibitList.P5Item.CostElementCategoryList.PackageFielding.Recurring.CostElementList.CostElement.ManufacturerList.Manufacturer"
"2018","AFMC/ESC","2018-03","2018-11","107","0.174","true","2018-01","C","BA","","","","2014-BASE_PROCUREMENT-2014-AIRFORCE_OTHER-PROCUREMENT_JustificationBook_Air_Force_PB_2014.zzz_unzipped-PROCUREMENT_JustificationBook_Air_Force_PB_2014.xml","183e2235a8702efde29fd338dbfb0e070b9a0e22f45c0daf1850fb81f56857fb","6-d390ec49f0ccd0c6673d65e35239792d37f5eeedd41468f72e44e1fc089c7aa7","","","","0-3385eb3886b1c22293c428de7ce0d7eeed4acb48e9ee9c27cee31a957f647f03","root.record.ItemExhibitList.P5Item.CostElementCategoryList.PackageFielding.Recurring.CostElementList.CostElement.ManufacturerList.Manufacturer"
"2013","AFMC/ESC","2013-08","2014-05","4","0.795","true","2013-03","C","BA","Air Force","4","0","2014-BASE_PROCUREMENT-2014-AIRFORCE_OTHER-PROCUREMENT_MasterJustificationBook_Air_Force_PB_2014.zzz_unzipped-PROCUREMENT_MasterJustificationBook_Air_Force_PB_2014.xml","5900c9666985c01314d4a2a76f9022ef6609a516534f5cd224b6144f366eb840","0-ee30c57b9110206fc4f5ec36124b872a3d430a58349d87f3df956f264f97aff7","","","","0-46d97e44dbc6496ae110b28e4a40e985d6c1cd8cd3cd945de7ebdcf0e57fc97e","root.record.ItemExhibitList.P5Item.CostElementCategoryList.PackageFielding.Recurring.CostElementList.CostElement.ManufacturerList.Manufacturer"
"2014","AFMC/ESC","2014-08","2015-03","17","0.271","true","2014-05","C","BA","","","","2014-BASE_PROCUREMENT-2014-AIRFORCE_OTHER-PROCUREMENT_MasterJustificationBook_Air_Force_PB_2014.zzz_unzipped-PROCUREMENT_MasterJustificationBook_Air_Force_PB_2014.xml","5900c9666985c01314d4a2a76f9022ef6609a516534f5cd224b6144f366eb840","1-d6bc4664b7c51e596f937839408d2872675477740be38811e3d6bf3071104e47","","","","0-46d97e44dbc6496ae110b28e4a40e985d6c1cd8cd3cd945de7ebdcf0e57fc97e","root.record.ItemExhibitList.P5Item.CostElementCategoryList.PackageFielding.Recurring.CostElementList.CostElement.ManufacturerList.Manufacturer"
"2015","AFMC/ESC","2015-08","2016-03","17","0.271","true","2014-03","C","BA","","","","2014-BASE_PROCUREMENT-2014-AIRFORCE_OTHER-PROCUREMENT_MasterJustificationBook_Air_Force_PB_2014.zzz_unzipped-PROCUREMENT_MasterJustificationBook_Air_Force_PB_2014.xml","5900c9666985c01314d4a2a76f9022ef6609a516534f5cd224b6144f366eb840","2-0a7c31519941e3ff550e1370460af775d38abc3aa176fc96f0382dff29d93c4c","","","","0-46d97e44dbc6496ae110b28e4a40e985d6c1cd8cd3cd945de7ebdcf0e57fc97e","root.record.ItemExhibitList.P5Item.CostElementCategoryList.PackageFielding.Recurring.CostElementList.CostElement.ManufacturerList.Manufacturer"
"2012","AFMC/ESC","2013-05","2013-07","30","0.481","true","2013-03","C","BA","","","","2014-BASE_PROCUREMENT-2014-AIRFORCE_OTHER-PROCUREMENT_MasterJustificationBook_Air_Force_PB_2014.zzz_unzipped-PROCUREMENT_MasterJustificationBook_Air_Force_PB_2014.xml","5900c9666985c01314d4a2a76f9022ef6609a516534f5cd224b6144f366eb840","0-6b1a81ea0b40bf92cf9b8bb89ebf9d32a24ed6927dbe7affd337e03f7faecb9e","","","","0-ac37b9afb0e262b89ea44ed6dfc376f71722d40ac2040f14a17c5895496b9708","root.record.ItemExhibitList.P5Item.CostElementCategoryList.PackageFielding.Recurring.CostElementList.CostElement.ManufacturerList.Manufacturer"
"2013","AFMC/ESC","2013-07","2014-04","152","0.213","true","2013-03","C","BA","","","","2014-BASE_PROCUREMENT-2014-AIRFORCE_OTHER-PROCUREMENT_MasterJustificationBook_Air_Force_PB_2014.zzz_unzipped-PROCUREMENT_MasterJustificationBook_Air_Force_PB_2014.xml","5900c9666985c01314d4a2a76f9022ef6609a516534f5cd224b6144f366eb840","1-c0e5a107fba642f810651bd34568e601c9950b8391f7801c0dda9ee2d3f87c05","","","","0-ac37b9afb0e262b89ea44ed6dfc376f71722d40ac2040f14a17c5895496b9708","root.record.ItemExhibitList.P5Item.CostElementCategoryList.PackageFielding.Recurring.CostElementList.CostElement.ManufacturerList.Manufacturer"
"2018","AFMC/ESC","2018-03","2018-11","67","0.222","true","2018-01","C","BA","","","","2014-BASE_PROCUREMENT-2014-AIRFORCE_OTHER-PROCUREMENT_MasterJustificationBook_Air_Force_PB_2014.zzz_unzipped-PROCUREMENT_MasterJustificationBook_Air_Force_PB_2014.xml","5900c9666985c01314d4a2a76f9022ef6609a516534f5cd224b6144f366eb840","2-877232a235552656e8f0de9f0c6084eb9f97fcb1fdffc83c996b449d771dd6db","","","","0-ac37b9afb0e262b89ea44ed6dfc376f71722d40ac2040f14a17c5895496b9708","root.record.ItemExhibitList.P5Item.CostElementCategoryList.PackageFielding.Recurring.CostElementList.CostElement.ManufacturerList.Manufacturer"
"2013","AFMC/ESC","2013-04","2014-01","106","0.160","true","2013-01","C","BA","","","","2014-BASE_PROCUREMENT-2014-AIRFORCE_OTHER-PROCUREMENT_MasterJustificationBook_Air_Force_PB_2014.zzz_unzipped-PROCUREMENT_MasterJustificationBook_Air_Force_PB_2014.xml","5900c9666985c01314d4a2a76f9022ef6609a516534f5cd224b6144f366eb840","0-bd5f81e555e918b2101434d5fb738688083ecb3665b4ffcaed5beba004e9e17d","","","","0-045a98a26e340d9a4d0fdfff5d01d6fce2cde70b92643d6f7bf89da8eebcab14","root.record.ItemExhibitList.P5Item.CostElementCategoryList.PackageFielding.Recurring.CostElementList.CostElement.ManufacturerList.Manufacturer"
"2014","AFMC/ESC","2014-04","2015-01","106","0.092","true","2014-01","C","BA","","","","2014-BASE_PROCUREMENT-2014-AIRFORCE_OTHER-PROCUREMENT_MasterJustificationBook_Air_Force_PB_2014.zzz_unzipped-PROCUREMENT_MasterJustificationBook_Air_Force_PB_2014.xml","5900c9666985c01314d4a2a76f9022ef6609a516534f5cd224b6144f366eb840","1-e86132c4ac3366182117ca75cd3a87cc7265748fce839933eb662d4d6edec660","","","","0-045a98a26e340d9a4d0fdfff5d01d6fce2cde70b92643d6f7bf89da8eebcab14","root.record.ItemExhibitList.P5Item.CostElementCategoryList.PackageFielding.Recurring.CostElementList.CostElement.ManufacturerList.Manufacturer"
"2015","AFMC/ESC","2015-04","2016-01","106","0.094","true","2015-01","C","BA","","","","2014-BASE_PROCUREMENT-2014-AIRFORCE_OTHER-PROCUREMENT_MasterJustificationBook_Air_Force_PB_2014.zzz_unzipped-PROCUREMENT_MasterJustificationBook_Air_Force_PB_2014.xml","5900c9666985c01314d4a2a76f9022ef6609a516534f5cd224b6144f366eb840","2-0c049edb3190f2e4a8213a27984e85ae82e192f351d1ff9ba8d6b4bbe9194638","","","","0-045a98a26e340d9a4d0fdfff5d01d6fce2cde70b92643d6f7bf89da8eebcab14","root.record.ItemExhibitList.P5Item.CostElementCategoryList.PackageFielding.Recurring.CostElementList.CostElement.ManufacturerList.Manufacturer"
"2016","AFMC/ESC","2016-04","2017-01","106","0.096","true","2016-01","C","BA","","","","2014-BASE_PROCUREMENT-2014-AIRFORCE_OTHER-PROCUREMENT_MasterJustificationBook_Air_Force_PB_2014.zzz_unzipped-PROCUREMENT_MasterJustificationBook_Air_Force_PB_2014.xml","5900c9666985c01314d4a2a76f9022ef6609a516534f5cd224b6144f366eb840","3-8a37c7cb523c8cf04efaca40fe14bf7d959e0675d3e228239f43b3dbf168e53e","","","","0-045a98a26e340d9a4d0fdfff5d01d6fce2cde70b92643d6f7bf89da8eebcab14","root.record.ItemExhibitList.P5Item.CostElementCategoryList.PackageFielding.Recurring.CostElementList.CostElement.ManufacturerList.Manufacturer"
"2017","AFMC/ESC","2017-04","2018-01","106","0.098","true","2017-01","C","BA","","","","2014-BASE_PROCUREMENT-2014-AIRFORCE_OTHER-PROCUREMENT_MasterJustificationBook_Air_Force_PB_2014.zzz_unzipped-PROCUREMENT_MasterJustificationBook_Air_Force_PB_2014.xml","5900c9666985c01314d4a2a76f9022ef6609a516534f5cd224b6144f366eb840","4-318cf3ef33892a50eda93dbfafc971e85cadfff6a10b8667fdef7840f7335bbe","","","","0-045a98a26e340d9a4d0fdfff5d01d6fce2cde70b92643d6f7bf89da8eebcab14","root.record.ItemExhibitList.P5Item.CostElementCategoryList.PackageFielding.Recurring.CostElementList.CostElement.ManufacturerList.Manufacturer"
"2018","AFMC/ESC","2018-04","2019-01","106","0.100","true","2018-01","C","BA","","","","2014-BASE_PROCUREMENT-2014-AIRFORCE_OTHER-PROCUREMENT_MasterJustificationBook_Air_Force_PB_2014.zzz_unzipped-PROCUREMENT_MasterJustificationBook_Air_Force_PB_2014.xml","5900c9666985c01314d4a2a76f9022ef6609a516534f5cd224b6144f366eb840","5-e7f07f1eb9e52836a32cbe37c3a32b0e19516625903a6ebdc145ad9f01262a5d","","","","0-045a98a26e340d9a4d0fdfff5d01d6fce2cde70b92643d6f7bf89da8eebcab14","root.record.ItemExhibitList.P5Item.CostElementCategoryList.PackageFielding.Recurring.CostElementList.CostElement.ManufacturerList.Manufacturer"
"2013","AFMC/ESC","2013-08","2014-05","226","0.013","true","2012-12","C","BA","","","","2014-BASE_PROCUREMENT-2014-AIRFORCE_OTHER-PROCUREMENT_MasterJustificationBook_Air_Force_PB_2014.zzz_unzipped-PROCUREMENT_MasterJustificationBook_Air_Force_PB_2014.xml","5900c9666985c01314d4a2a76f9022ef6609a516534f5cd224b6144f366eb840","0-a4887d24d902991823077e46eb2fd94213bf8656b51b885f49af331d15cf22a7","","","","0-5ba4432ec55e3c00c06531306c2f035a49a944d20e06647c0e37753866db6a28","root.record.ItemExhibitList.P5Item.CostElementCategoryList.PackageFielding.Recurring.CostElementList.CostElement.ManufacturerList.Manufacturer"
"2012","AFMC/ESC","2012-03","2012-11","107","0.246","true","2012-01","C","BA","","","","2014-BASE_PROCUREMENT-2014-AIRFORCE_OTHER-PROCUREMENT_MasterJustificationBook_Air_Force_PB_2014.zzz_unzipped-PROCUREMENT_MasterJustificationBook_Air_Force_PB_2014.xml","5900c9666985c01314d4a2a76f9022ef6609a516534f5cd224b6144f366eb840","0-7fa55f8c376a24d8537489194bf229e232b07ec57fa25cbafbc39246e8974737","","","","0-4b08466f5e40c7fac8d3151ebb375b1350ed93c53d4616fd5c2df1668350da1f","root.record.ItemExhibitList.P5Item.CostElementCategoryList.PackageFielding.Recurring.CostElementList.CostElement.ManufacturerList.Manufacturer"
"2013","AFMC/ESC","2013-03","2013-11","107","0.100","true","2013-01","C","BA","","","","2014-BASE_PROCUREMENT-2014-AIRFORCE_OTHER-PROCUREMENT_MasterJustificationBook_Air_Force_PB_2014.zzz_unzipped-PROCUREMENT_MasterJustificationBook_Air_Force_PB_2014.xml","5900c9666985c01314d4a2a76f9022ef6609a516534f5cd224b6144f366eb840","1-80c1eb86e08480cae7cbdad7ea1f354cc67a9e9b4dae69dc198fa99460b12b87","","","","0-4b08466f5e40c7fac8d3151ebb375b1350ed93c53d4616fd5c2df1668350da1f","root.record.ItemExhibitList.P5Item.CostElementCategoryList.PackageFielding.Recurring.CostElementList.CostElement.ManufacturerList.Manufacturer"
"2014","AFMC/ESC","2014-03","2014-11","107","0.171","true","2014-01","C","BA","","","","2014-BASE_PROCUREMENT-2014-AIRFORCE_OTHER-PROCUREMENT_MasterJustificationBook_Air_Force_PB_2014.zzz_unzipped-PROCUREMENT_MasterJustificationBook_Air_Force_PB_2014.xml","5900c9666985c01314d4a2a76f9022ef6609a516534f5cd224b6144f366eb840","2-d4f7675edf9fa1e7f9c493015f7edea4d161c8db7185a4788cc0128466a8c094","","","","0-4b08466f5e40c7fac8d3151ebb375b1350ed93c53d4616fd5c2df1668350da1f","root.record.ItemExhibitList.P5Item.CostElementCategoryList.PackageFielding.Recurring.CostElementList.CostElement.ManufacturerList.Manufacturer"
"2015","AFMC/ESC","2015-03","2015-11","107","0.441","true","2015-01","C","BA","","","","2014-BASE_PROCUREMENT-2014-AIRFORCE_OTHER-PROCUREMENT_MasterJustificationBook_Air_Force_PB_2014.zzz_unzipped-PROCUREMENT_MasterJustificationBook_Air_Force_PB_2014.xml","5900c9666985c01314d4a2a76f9022ef6609a516534f5cd224b6144f366eb840","3-fd757d42cb9da0c602aab9805028d0297808b60f31faa6e8981f1ee4baf6de99","","","","0-4b08466f5e40c7fac8d3151ebb375b1350ed93c53d4616fd5c2df1668350da1f","root.record.ItemExhibitList.P5Item.CostElementCategoryList.PackageFielding.Recurring.CostElementList.CostElement.ManufacturerList.Manufacturer"
"2016","AFMC/ESC","2016-03","2016-11","107","0.349","true","2016-01","C","BA","","","","2014-BASE_PROCUREMENT-2014-AIRFORCE_OTHER-PROCUREMENT_MasterJustificationBook_Air_Force_PB_2014.zzz_unzipped-PROCUREMENT_MasterJustificationBook_Air_Force_PB_2014.xml","5900c9666985c01314d4a2a76f9022ef6609a516534f5cd224b6144f366eb840","4-9bc5514c99e5faef927cdec7d33a5dabd24d37e1127e14e35fe83c3ed4056f50","","","","0-4b08466f5e40c7fac8d3151ebb375b1350ed93c53d4616fd5c2df1668350da1f","root.record.ItemExhibitList.P5Item.CostElementCategoryList.PackageFielding.Recurring.CostElementList.CostElement.ManufacturerList.Manufacturer"
"2017","AFMC/ESC","2017-03","2017-11","107","0.372","true","2017-01","C","BA","","","","2014-BASE_PROCUREMENT-2014-AIRFORCE_OTHER-PROCUREMENT_MasterJustificationBook_Air_Force_PB_2014.zzz_unzipped-PROCUREMENT_MasterJustificationBook_Air_Force_PB_2014.xml","5900c9666985c01314d4a2a76f9022ef6609a516534f5cd224b6144f366eb840","5-b1cfbbad51a5bf68705e714ad05fd08f30e9aafed9c67ae236c81834e9799f9c","","","","0-4b08466f5e40c7fac8d3151ebb375b1350ed93c53d4616fd5c2df1668350da1f","root.record.ItemExhibitList.P5Item.CostElementCategoryList.PackageFielding.Recurring.CostElementList.CostElement.ManufacturerList.Manufacturer"
"2018","AFMC/ESC","2018-03","2018-11","107","0.174","true","2018-01","C","BA","","","","2014-BASE_PROCUREMENT-2014-AIRFORCE_OTHER-PROCUREMENT_MasterJustificationBook_Air_Force_PB_2014.zzz_unzipped-PROCUREMENT_MasterJustificationBook_Air_Force_PB_2014.xml","5900c9666985c01314d4a2a76f9022ef6609a516534f5cd224b6144f366eb840","6-398e575aa5b7c06183b47c38f8ee36dd2963f79140adbb84632b55300de13f53","","","","0-4b08466f5e40c7fac8d3151ebb375b1350ed93c53d4616fd5c2df1668350da1f","root.record.ItemExhibitList.P5Item.CostElementCategoryList.PackageFielding.Recurring.CostElementList.CostElement.ManufacturerList.Manufacturer"
"2015","ACC-NJ","2015-05","2016-05","1","13230.000","false","2013-02","C","CPIF","","","","2015-BASE_PROCUREMENT-2015-ARMY_OTHER_2-PROCUREMENT_JustificationBook_Army_PB_2015.zzz_unzipped-PROCUREMENT_JustificationBook_Army_PB_2015.xml","15e3c75f11cb579415ed3ce04619f365cf2710febf04f777fc059e6e23827745","0-d822af399b94dd5753136b7fa33f4fe89ebf289aae1baccc72143d9874284558","","","","0-cacd14b1ce75d108dafe1a300293a6921dec6f12ffa58c145728e32576561d06","root.record.ItemExhibitList.P5Item.CostElementCategoryList.PackageFielding.Recurring.CostElementList.CostElement.ManufacturerList.Manufacturer"
"2016","AFLCMC Hanscom AFB","2015-11","2017-03","1","19.576","false","","","","","","","2016-BASE_PROCUREMENT-2016-AIRFORCE_OTHER-PROCUREMENT_JustificationBook_Air_Force_PB_2016.zzz_unzipped-PROCUREMENT_JustificationBook_Air_Force_PB_2016.xml","8ecf5c6c6452e435852ecf4ce61c70ecc32c1b72674155a20b79c9ee6fe4d103","0-0d8763770dc50191605f77c255662b22e184183362f342aac0ce6f88808d6142","2015-10","TBD","","0-bb9933923b6de44d5ed5683caf4471dab7425cbeb827036c1bcdaf111865dfd7","root.record.ItemExhibitList.P5Item.CostElementCategoryList.PackageFielding.Recurring.CostElementList.CostElement.ManufacturerList.Manufacturer"
"2017","AFLCMC Hanscom AFB","2016-11","2017-11","4","10.857","false","","","","","","","2016-BASE_PROCUREMENT-2016-AIRFORCE_OTHER-PROCUREMENT_JustificationBook_Air_Force_PB_2016.zzz_unzipped-PROCUREMENT_JustificationBook_Air_Force_PB_2016.xml","8ecf5c6c6452e435852ecf4ce61c70ecc32c1b72674155a20b79c9ee6fe4d103","1-edae856df3c7c360f6444aca54c7bacb34294255c5c6479131b0869c4a6cfa56","2015-10","TBD","","0-bb9933923b6de44d5ed5683caf4471dab7425cbeb827036c1bcdaf111865dfd7","root.record.ItemExhibitList.P5Item.CostElementCategoryList.PackageFielding.Recurring.CostElementList.CostElement.ManufacturerList.Manufacturer"
"2018","AFLCMC Hanscom AFB","2017-11","2018-11","1","9.300","false","","","","","","","2016-BASE_PROCUREMENT-2016-AIRFORCE_OTHER-PROCUREMENT_JustificationBook_Air_Force_PB_2016.zzz_unzipped-PROCUREMENT_JustificationBook_Air_Force_PB_2016.xml","8ecf5c6c6452e435852ecf4ce61c70ecc32c1b72674155a20b79c9ee6fe4d103","2-3b19b61db098c139b9ae6f8781328a692e079fc1890beb4fc15615ac494c8b9f","2015-10","TBD","","0-bb9933923b6de44d5ed5683caf4471dab7425cbeb827036c1bcdaf111865dfd7","root.record.ItemExhibitList.P5Item.CostElementCategoryList.PackageFielding.Recurring.CostElementList.CostElement.ManufacturerList.Manufacturer"
"2016","Hanscom AFB","2016-01","2016-07","1","11.600","true","","","","","","","2016-BASE_PROCUREMENT-2016-AIRFORCE_OTHER-PROCUREMENT_JustificationBook_Air_Force_PB_2016.zzz_unzipped-PROCUREMENT_JustificationBook_Air_Force_PB_2016.xml","bce46289ef8f6407bbe591fc76b251a80583d0d995defaa591cb39eec921a4f4","0-12fc320a913148a83d7bb04ea7210770127a5324796458951f9afc4495689d21","","TBD","","0-1a77e1a88d73e618ce7d40b81283b51193edcc71f0243c8e2b954ffa122be2cb","root.record.ItemExhibitList.P5Item.CostElementCategoryList.PackageFielding.Recurring.CostElementList.CostElement.ManufacturerList.Manufacturer"
"2017","Hanscom AFB","2017-01","2017-07","1","2.456","true","","","","","","","2016-BASE_PROCUREMENT-2016-AIRFORCE_OTHER-PROCUREMENT_JustificationBook_Air_Force_PB_2016.zzz_unzipped-PROCUREMENT_JustificationBook_Air_Force_PB_2016.xml","bce46289ef8f6407bbe591fc76b251a80583d0d995defaa591cb39eec921a4f4","1-1e2c51ae86d53583ce35fd018360dcb9c59b5e62431ed7743eceef06f7db9b3f","","TBD","","0-1a77e1a88d73e618ce7d40b81283b51193edcc71f0243c8e2b954ffa122be2cb","root.record.ItemExhibitList.P5Item.CostElementCategoryList.PackageFielding.Recurring.CostElementList.CostElement.ManufacturerList.Manufacturer"
"2016","Hanscom AFB","2016-01","2016-07","1","16.329","true","","","","","","","2016-BASE_PROCUREMENT-2016-AIRFORCE_OTHER-PROCUREMENT_JustificationBook_Air_Force_PB_2016.zzz_unzipped-PROCUREMENT_JustificationBook_Air_Force_PB_2016.xml","bce46289ef8f6407bbe591fc76b251a80583d0d995defaa591cb39eec921a4f4","0-79d164c1c73b5f83eb214f74860f740fd9100411a1d5de339811791765a89cc8","","TBD","","0-459cd4160a4b0508de098c59626f4445d7642b4c0eb7f44a2c0a23ec453edd69","root.record.ItemExhibitList.P5Item.CostElementCategoryList.PackageFielding.Recurring.CostElementList.CostElement.ManufacturerList.Manufacturer"
"2017","Hanscom AFB","2017-01","2017-07","1","0.943","true","","","","","","","2016-BASE_PROCUREMENT-2016-AIRFORCE_OTHER-PROCUREMENT_JustificationBook_Air_Force_PB_2016.zzz_unzipped-PROCUREMENT_JustificationBook_Air_Force_PB_2016.xml","bce46289ef8f6407bbe591fc76b251a80583d0d995defaa591cb39eec921a4f4","1-fc239042708f19388bd5ef3fde272493d3aa391d6f175866b721ac614600ba8b","","TBD","","0-459cd4160a4b0508de098c59626f4445d7642b4c0eb7f44a2c0a23ec453edd69","root.record.ItemExhibitList.P5Item.CostElementCategoryList.PackageFielding.Recurring.CostElementList.CostElement.ManufacturerList.Manufacturer"
"2018","Hanscom AFB","2018-01","2018-07","1","59.394","true","","","","","","","2016-BASE_PROCUREMENT-2016-AIRFORCE_OTHER-PROCUREMENT_JustificationBook_Air_Force_PB_2016.zzz_unzipped-PROCUREMENT_JustificationBook_Air_Force_PB_2016.xml","bce46289ef8f6407bbe591fc76b251a80583d0d995defaa591cb39eec921a4f4","2-7a5581690806c9dbcc7300d3c2c27d435d8de94093487567c48ee88ab3ff8b95","","TBD","","0-459cd4160a4b0508de098c59626f4445d7642b4c0eb7f44a2c0a23ec453edd69","root.record.ItemExhibitList.P5Item.CostElementCategoryList.PackageFielding.Recurring.CostElementList.CostElement.ManufacturerList.Manufacturer"
"2019","Hanscom AFB","2019-01","2019-07","1","67.130","true","","","","","","","2016-BASE_PROCUREMENT-2016-AIRFORCE_OTHER-PROCUREMENT_JustificationBook_Air_Force_PB_2016.zzz_unzipped-PROCUREMENT_JustificationBook_Air_Force_PB_2016.xml","bce46289ef8f6407bbe591fc76b251a80583d0d995defaa591cb39eec921a4f4","3-d2bdfffc45f155d75d19fcb9bf49e24bc65bfacfe67ef40a6d056de3eb81860b","","TBD","","0-459cd4160a4b0508de098c59626f4445d7642b4c0eb7f44a2c0a23ec453edd69","root.record.ItemExhibitList.P5Item.CostElementCategoryList.PackageFielding.Recurring.CostElementList.CostElement.ManufacturerList.Manufacturer"
"2020","Hanscom AFB","2020-01","2020-07","1","76.080","true","","","","","","","2016-BASE_PROCUREMENT-2016-AIRFORCE_OTHER-PROCUREMENT_JustificationBook_Air_Force_PB_2016.zzz_unzipped-PROCUREMENT_JustificationBook_Air_Force_PB_2016.xml","bce46289ef8f6407bbe591fc76b251a80583d0d995defaa591cb39eec921a4f4","4-afa7b52fb89a13ebc645c08260f9a9ec7de9c833581ed10153d6d504d7c5d3e0","","TBD","","0-459cd4160a4b0508de098c59626f4445d7642b4c0eb7f44a2c0a23ec453edd69","root.record.ItemExhibitList.P5Item.CostElementCategoryList.PackageFielding.Recurring.CostElementList.CostElement.ManufacturerList.Manufacturer"
"2016","Hanscom AFB","2016-01","2016-05","1","14.161","true","","","","","","","2016-BASE_PROCUREMENT-2016-AIRFORCE_OTHER-PROCUREMENT_JustificationBook_Air_Force_PB_2016.zzz_unzipped-PROCUREMENT_JustificationBook_Air_Force_PB_2016.xml","bce46289ef8f6407bbe591fc76b251a80583d0d995defaa591cb39eec921a4f4","0-2b79bd556699ff03bd8281b0ca122b6682ad35ce70ee98d7bd80528cf838e4f1","","TBD","","0-246838c29bae654afb1ef867c6069ac7d1bb258f323ea334572460a5602e1db7","root.record.ItemExhibitList.P5Item.CostElementCategoryList.PackageFielding.Recurring.CostElementList.CostElement.ManufacturerList.Manufacturer"
"2017","Hanscom AFB","2017-01","2017-05","1","36.414","true","","","","","","","2016-BASE_PROCUREMENT-2016-AIRFORCE_OTHER-PROCUREMENT_JustificationBook_Air_Force_PB_2016.zzz_unzipped-PROCUREMENT_JustificationBook_Air_Force_PB_2016.xml","bce46289ef8f6407bbe591fc76b251a80583d0d995defaa591cb39eec921a4f4","1-6ee99a53332674f2262e8d64ea8982f7c833823ed1b35065e33fa0bd1de82541","","TBD","","0-246838c29bae654afb1ef867c6069ac7d1bb258f323ea334572460a5602e1db7","root.record.ItemExhibitList.P5Item.CostElementCategoryList.PackageFielding.Recurring.CostElementList.CostElement.ManufacturerList.Manufacturer"
"2018","Hanscom AFB","2018-01","2018-05","1","46.284","true","","","","","","","2016-BASE_PROCUREMENT-2016-AIRFORCE_OTHER-PROCUREMENT_JustificationBook_Air_Force_PB_2016.zzz_unzipped-PROCUREMENT_JustificationBook_Air_Force_PB_2016.xml","bce46289ef8f6407bbe591fc76b251a80583d0d995defaa591cb39eec921a4f4","2-aca4a03694b2e16f1d5444a549d31216878927f4230f08f2add0785e8a645f58","","TBD","","0-246838c29bae654afb1ef867c6069ac7d1bb258f323ea334572460a5602e1db7","root.record.ItemExhibitList.P5Item.CostElementCategoryList.PackageFielding.Recurring.CostElementList.CostElement.ManufacturerList.Manufacturer"
"2019","Hanscom AFB","2019-01","2019-05","1","47.933","true","","","","","","","2016-BASE_PROCUREMENT-2016-AIRFORCE_OTHER-PROCUREMENT_JustificationBook_Air_Force_PB_2016.zzz_unzipped-PROCUREMENT_JustificationBook_Air_Force_PB_2016.xml","bce46289ef8f6407bbe591fc76b251a80583d0d995defaa591cb39eec921a4f4","3-36a8d9d5320423b3d6da7dde7703ff896b4523e8a7da4c2fabdf97e991e66756","","TBD","","0-246838c29bae654afb1ef867c6069ac7d1bb258f323ea334572460a5602e1db7","root.record.ItemExhibitList.P5Item.CostElementCategoryList.PackageFielding.Recurring.CostElementList.CostElement.ManufacturerList.Manufacturer"
"2020","Hanscom AFB","2020-01","2020-07","1","12.020","true","","","","","","","2016-BASE_PROCUREMENT-2016-AIRFORCE_OTHER-PROCUREMENT_JustificationBook_Air_Force_PB_2016.zzz_unzipped-PROCUREMENT_JustificationBook_Air_Force_PB_2016.xml","bce46289ef8f6407bbe591fc76b251a80583d0d995defaa591cb39eec921a4f4","4-0848768561b08ae1dff7524ad2143c07de86870aa21bd6868bfcbb333563d101","","TBD","","0-246838c29bae654afb1ef867c6069ac7d1bb258f323ea334572460a5602e1db7","root.record.ItemExhibitList.P5Item.CostElementCategoryList.PackageFielding.Recurring.CostElementList.CostElement.ManufacturerList.Manufacturer"
"2014","Hanscom AFB","2015-03","2015-09","1","8.270","true","2014-09","C","LH","","","","2016-BASE_PROCUREMENT-2016-AIRFORCE_OTHER-PROCUREMENT_JustificationBook_Air_Force_PB_2016.zzz_unzipped-PROCUREMENT_JustificationBook_Air_Force_PB_2016.xml","bce46289ef8f6407bbe591fc76b251a80583d0d995defaa591cb39eec921a4f4","0-70754c73de81f3e5727be1ae7c215aee02a3911e2710b488ac17ef45b8a00bb9","","","","0-60f1ba2914b288c24932321b077ef23b5e7730bd480a94ee4cd0d03a9ca42f47","root.record.ItemExhibitList.P5Item.CostElementCategoryList.PackageFielding.Recurring.CostElementList.CostElement.ManufacturerList.Manufacturer"
"2015","Hanscom AFB","2016-01","2016-11","1","8.860","true","2015-08","C","LH","","","","2016-BASE_PROCUREMENT-2016-AIRFORCE_OTHER-PROCUREMENT_JustificationBook_Air_Force_PB_2016.zzz_unzipped-PROCUREMENT_JustificationBook_Air_Force_PB_2016.xml","bce46289ef8f6407bbe591fc76b251a80583d0d995defaa591cb39eec921a4f4","0-e0a04d07c810c388b33400d77c921bbdf4416a555c54f3cae7973e1038ac9e14","","","","1-f768c32486d8dee7804954ea8b7da43b60e8a8d170aaff6e3dc53a4db7a5cb13","root.record.ItemExhibitList.P5Item.CostElementCategoryList.PackageFielding.Recurring.CostElementList.CostElement.ManufacturerList.Manufacturer"
"2016","Hanscom AFB","2016-01","2016-07","1","9.180","true","","C","LH","","","","2016-BASE_PROCUREMENT-2016-AIRFORCE_OTHER-PROCUREMENT_JustificationBook_Air_Force_PB_2016.zzz_unzipped-PROCUREMENT_JustificationBook_Air_Force_PB_2016.xml","bce46289ef8f6407bbe591fc76b251a80583d0d995defaa591cb39eec921a4f4","1-3fc49c8a32019a02fa96ae0da3333993b1bfe7cd670d9d4d3a2e9120735ad62f","","","","1-f768c32486d8dee7804954ea8b7da43b60e8a8d170aaff6e3dc53a4db7a5cb13","root.record.ItemExhibitList.P5Item.CostElementCategoryList.PackageFielding.Recurring.CostElementList.CostElement.ManufacturerList.Manufacturer"
"2017","Hanscom AFB","2017-05","2018-05","1","9.446","true","","C","LH","","","","2016-BASE_PROCUREMENT-2016-AIRFORCE_OTHER-PROCUREMENT_JustificationBook_Air_Force_PB_2016.zzz_unzipped-PROCUREMENT_JustificationBook_Air_Force_PB_2016.xml","bce46289ef8f6407bbe591fc76b251a80583d0d995defaa591cb39eec921a4f4","2-7016d5b2f767ebb2863a4e88474c718596c892f8d44017bce0fd7e41cc2700ad","","","","1-f768c32486d8dee7804954ea8b7da43b60e8a8d170aaff6e3dc53a4db7a5cb13","root.record.ItemExhibitList.P5Item.CostElementCategoryList.PackageFielding.Recurring.CostElementList.CostElement.ManufacturerList.Manufacturer"
"2018","Hanscom AFB","2018-01","2018-07","1","10.143","true","","C","LH","","","","2016-BASE_PROCUREMENT-2016-AIRFORCE_OTHER-PROCUREMENT_JustificationBook_Air_Force_PB_2016.zzz_unzipped-PROCUREMENT_JustificationBook_Air_Force_PB_2016.xml","bce46289ef8f6407bbe591fc76b251a80583d0d995defaa591cb39eec921a4f4","3-731d9b56efc845e6b20dc7d53b2c904dd6a6b4b991699985f9af3d33f8951918","","","","1-f768c32486d8dee7804954ea8b7da43b60e8a8d170aaff6e3dc53a4db7a5cb13","root.record.ItemExhibitList.P5Item.CostElementCategoryList.PackageFielding.Recurring.CostElementList.CostElement.ManufacturerList.Manufacturer"
"2019","Hanscom AFB","2018-11","2019-11","1","13.800","true","","C","LH","","","","2016-BASE_PROCUREMENT-2016-AIRFORCE_OTHER-PROCUREMENT_JustificationBook_Air_Force_PB_2016.zzz_unzipped-PROCUREMENT_JustificationBook_Air_Force_PB_2016.xml","bce46289ef8f6407bbe591fc76b251a80583d0d995defaa591cb39eec921a4f4","4-6df7f0b5b1b066ef25cd5d1466819e9192931f905f040edea5717019a880cb2b","","","","1-f768c32486d8dee7804954ea8b7da43b60e8a8d170aaff6e3dc53a4db7a5cb13","root.record.ItemExhibitList.P5Item.CostElementCategoryList.PackageFielding.Recurring.CostElementList.CostElement.ManufacturerList.Manufacturer"
"2020","Hanscom AFB","2020-01","2020-07","1","11.776","true","","C","LH","","","","2016-BASE_PROCUREMENT-2016-AIRFORCE_OTHER-PROCUREMENT_JustificationBook_Air_Force_PB_2016.zzz_unzipped-PROCUREMENT_JustificationBook_Air_Force_PB_2016.xml","bce46289ef8f6407bbe591fc76b251a80583d0d995defaa591cb39eec921a4f4","5-3ed99b03bfa83aa80cbcccf97efdec6481bf31a1c2fedb9527dd689d515e2445","","","","1-f768c32486d8dee7804954ea8b7da43b60e8a8d170aaff6e3dc53a4db7a5cb13","root.record.ItemExhibitList.P5Item.CostElementCategoryList.PackageFielding.Recurring.CostElementList.CostElement.ManufacturerList.Manufacturer"
"2014","Hanscom AFB","2014-10","2015-04","1","41.050","true","2014-04","C","FFP","","","","2016-BASE_PROCUREMENT-2016-AIRFORCE_OTHER-PROCUREMENT_JustificationBook_Air_Force_PB_2016.zzz_unzipped-PROCUREMENT_JustificationBook_Air_Force_PB_2016.xml","bce46289ef8f6407bbe591fc76b251a80583d0d995defaa591cb39eec921a4f4","0-50f989712bda3737b1cddbfd6b0d2a4a461801cf0e04a6d41c1da78a6bd30a1f","","","","0-d7bb43831b3b0a587feefc1e8a8a98154f8a07bc2601ebb77eb9f310ab20947b","root.record.ItemExhibitList.P5Item.CostElementCategoryList.PackageFielding.Recurring.CostElementList.CostElement.ManufacturerList.Manufacturer"
"2015","Hanscom AFB","2016-06","2016-12","1","8.800","true","2014-04","C","FFP","","","","2016-BASE_PROCUREMENT-2016-AIRFORCE_OTHER-PROCUREMENT_JustificationBook_Air_Force_PB_2016.zzz_unzipped-PROCUREMENT_JustificationBook_Air_Force_PB_2016.xml","bce46289ef8f6407bbe591fc76b251a80583d0d995defaa591cb39eec921a4f4","1-8c65d5cf7c49cc6006953ba9037a6d63d0905e4d4bd255bcf65518522d359bbf","","","","0-d7bb43831b3b0a587feefc1e8a8a98154f8a07bc2601ebb77eb9f310ab20947b","root.record.ItemExhibitList.P5Item.CostElementCategoryList.PackageFielding.Recurring.CostElementList.CostElement.ManufacturerList.Manufacturer"
"2014","Hanscom AFB","2014-07","2015-01","1","1.590","true","2014-01","C","FFP","","","","2016-BASE_PROCUREMENT-2016-AIRFORCE_OTHER-PROCUREMENT_JustificationBook_Air_Force_PB_2016.zzz_unzipped-PROCUREMENT_JustificationBook_Air_Force_PB_2016.xml","bce46289ef8f6407bbe591fc76b251a80583d0d995defaa591cb39eec921a4f4","0-f8ba191bd997367eea4b2f9795c54bb45049e54a26ad1852a67a1074f88a9089","","","","0-66c216561c86762cbe52d72b062fcf62f697bba3d52fcfb400041915e07f31be","root.record.ItemExhibitList.P5Item.CostElementCategoryList.PackageFielding.Recurring.CostElementList.CostElement.ManufacturerList.Manufacturer"
"2015","Hanscom AFB","2015-02","2015-08","1","50.400","true","2014-08","","","","","","2016-BASE_PROCUREMENT-2016-AIRFORCE_OTHER-PROCUREMENT_JustificationBook_Air_Force_PB_2016.zzz_unzipped-PROCUREMENT_JustificationBook_Air_Force_PB_2016.xml","bce46289ef8f6407bbe591fc76b251a80583d0d995defaa591cb39eec921a4f4","0-92a2a42651373fdcc915ef93ab21b4ca2a3dc62cf63a7b7dae56ed7da2c6935f","","TBD","","1-d59e1ca3c2416fec25db3d67a488be5474fb3c0e70bc637a6c6e7a008952ed89","root.record.ItemExhibitList.P5Item.CostElementCategoryList.PackageFielding.Recurring.CostElementList.CostElement.ManufacturerList.Manufacturer"
"2016","AFLCMC Hanscom AFB","2015-11","2017-03","1","19.576","false","","","","","","","2016-BASE_PROCUREMENT-2016-AIRFORCE_OTHER-PROCUREMENT_MasterJustificationBook_Air_Force_PB_2016.zzz_unzipped-PROCUREMENT_MasterJustificationBook_Air_Force_PB_2016.xml","1197427e5a2bf1f1f1ef07b0ac162fb683a02ffc71fb76677769f0f00e64a713","0-810700747a6d3d9726fa1f640e8cabe486aed42de29dc2b0e73029ba0b0856f8","2015-10","TBD","","0-fd6e53e9c54a8ae7082258bf1652e1ed65531770021f513fa1e64bb115182f17","root.record.ItemExhibitList.P5Item.CostElementCategoryList.PackageFielding.Recurring.CostElementList.CostElement.ManufacturerList.Manufacturer"
"2017","AFLCMC Hanscom AFB","2016-11","2017-11","4","10.857","false","","","","","","","2016-BASE_PROCUREMENT-2016-AIRFORCE_OTHER-PROCUREMENT_MasterJustificationBook_Air_Force_PB_2016.zzz_unzipped-PROCUREMENT_MasterJustificationBook_Air_Force_PB_2016.xml","1197427e5a2bf1f1f1ef07b0ac162fb683a02ffc71fb76677769f0f00e64a713","1-03af4e909efdf4b8cd50045b5f42abb2a42ca573ceab8b1370381100c51feb80","2015-10","TBD","","0-fd6e53e9c54a8ae7082258bf1652e1ed65531770021f513fa1e64bb115182f17","root.record.ItemExhibitList.P5Item.CostElementCategoryList.PackageFielding.Recurring.CostElementList.CostElement.ManufacturerList.Manufacturer"
"2018","AFLCMC Hanscom AFB","2017-11","2018-11","1","9.300","false","","","","","","","2016-BASE_PROCUREMENT-2016-AIRFORCE_OTHER-PROCUREMENT_MasterJustificationBook_Air_Force_PB_2016.zzz_unzipped-PROCUREMENT_MasterJustificationBook_Air_Force_PB_2016.xml","1197427e5a2bf1f1f1ef07b0ac162fb683a02ffc71fb76677769f0f00e64a713","2-1f1a47f1fc470ad62580e11724ad4159bb3a2381483d5df4f1e3f15bb5f8ef1a","2015-10","TBD","","0-fd6e53e9c54a8ae7082258bf1652e1ed65531770021f513fa1e64bb115182f17","root.record.ItemExhibitList.P5Item.CostElementCategoryList.PackageFielding.Recurring.CostElementList.CostElement.ManufacturerList.Manufacturer"
"2016","Hanscom AFB","2016-01","2016-07","1","11.600","true","","","","","","","2016-BASE_PROCUREMENT-2016-AIRFORCE_OTHER-PROCUREMENT_MasterJustificationBook_Air_Force_PB_2016.zzz_unzipped-PROCUREMENT_MasterJustificationBook_Air_Force_PB_2016.xml","b65725f2c732bfd8660e7280a5d35a4fef39e530ec50e75461aa335166c102b1","0-1eb5078141ae1d871b5558e0c8b4424ff7d18b0ab8766175339fa101cd1913ec","","TBD","","0-9a051024ff29821c8975378e924218846130c792e736d9cdf6370d8243f0bf9b","root.record.ItemExhibitList.P5Item.CostElementCategoryList.PackageFielding.Recurring.CostElementList.CostElement.ManufacturerList.Manufacturer"
"2017","Hanscom AFB","2017-01","2017-07","1","2.456","true","","","","","","","2016-BASE_PROCUREMENT-2016-AIRFORCE_OTHER-PROCUREMENT_MasterJustificationBook_Air_Force_PB_2016.zzz_unzipped-PROCUREMENT_MasterJustificationBook_Air_Force_PB_2016.xml","b65725f2c732bfd8660e7280a5d35a4fef39e530ec50e75461aa335166c102b1","1-e25f1341c652820e52fc27debdcd543bd08244f947f6ef0f0d776ecc562608be","","TBD","","0-9a051024ff29821c8975378e924218846130c792e736d9cdf6370d8243f0bf9b","root.record.ItemExhibitList.P5Item.CostElementCategoryList.PackageFielding.Recurring.CostElementList.CostElement.ManufacturerList.Manufacturer"
"2016","Hanscom AFB","2016-01","2016-07","1","16.329","true","","","","","","","2016-BASE_PROCUREMENT-2016-AIRFORCE_OTHER-PROCUREMENT_MasterJustificationBook_Air_Force_PB_2016.zzz_unzipped-PROCUREMENT_MasterJustificationBook_Air_Force_PB_2016.xml","b65725f2c732bfd8660e7280a5d35a4fef39e530ec50e75461aa335166c102b1","0-3350a97fb5f1b99863a383058918f5d033a043f091d227211ba718ed440802b3","","TBD","","0-f81c198c7b565fe18e9413c61dbe5ffda2447371eeea68ff6133cb503af4398d","root.record.ItemExhibitList.P5Item.CostElementCategoryList.PackageFielding.Recurring.CostElementList.CostElement.ManufacturerList.Manufacturer"
"2017","Hanscom AFB","2017-01","2017-07","1","0.943","true","","","","","","","2016-BASE_PROCUREMENT-2016-AIRFORCE_OTHER-PROCUREMENT_MasterJustificationBook_Air_Force_PB_2016.zzz_unzipped-PROCUREMENT_MasterJustificationBook_Air_Force_PB_2016.xml","b65725f2c732bfd8660e7280a5d35a4fef39e530ec50e75461aa335166c102b1","1-c9760913097495eda2affb3e0f2c12e06dccc7e05ff49ba95d6f2b34fa31fca1","","TBD","","0-f81c198c7b565fe18e9413c61dbe5ffda2447371eeea68ff6133cb503af4398d","root.record.ItemExhibitList.P5Item.CostElementCategoryList.PackageFielding.Recurring.CostElementList.CostElement.ManufacturerList.Manufacturer"
"2018","Hanscom AFB","2018-01","2018-07","1","59.394","true","","","","","","","2016-BASE_PROCUREMENT-2016-AIRFORCE_OTHER-PROCUREMENT_MasterJustificationBook_Air_Force_PB_2016.zzz_unzipped-PROCUREMENT_MasterJustificationBook_Air_Force_PB_2016.xml","b65725f2c732bfd8660e7280a5d35a4fef39e530ec50e75461aa335166c102b1","2-af05bf57f0ae12c143f26bdd58e45e65c7a914f01e23e8aee325ef3f8e7d6233","","TBD","","0-f81c198c7b565fe18e9413c61dbe5ffda2447371eeea68ff6133cb503af4398d","root.record.ItemExhibitList.P5Item.CostElementCategoryList.PackageFielding.Recurring.CostElementList.CostElement.ManufacturerList.Manufacturer"
"2019","Hanscom AFB","2019-01","2019-07","1","67.130","true","","","","","","","2016-BASE_PROCUREMENT-2016-AIRFORCE_OTHER-PROCUREMENT_MasterJustificationBook_Air_Force_PB_2016.zzz_unzipped-PROCUREMENT_MasterJustificationBook_Air_Force_PB_2016.xml","b65725f2c732bfd8660e7280a5d35a4fef39e530ec50e75461aa335166c102b1","3-e2ecebc2d2c5215bfb4e9221c2149a207d90aa866907892405f5f7aae1765377","","TBD","","0-f81c198c7b565fe18e9413c61dbe5ffda2447371eeea68ff6133cb503af4398d","root.record.ItemExhibitList.P5Item.CostElementCategoryList.PackageFielding.Recurring.CostElementList.CostElement.ManufacturerList.Manufacturer"
"2020","Hanscom AFB","2020-01","2020-07","1","76.080","true","","","","","","","2016-BASE_PROCUREMENT-2016-AIRFORCE_OTHER-PROCUREMENT_MasterJustificationBook_Air_Force_PB_2016.zzz_unzipped-PROCUREMENT_MasterJustificationBook_Air_Force_PB_2016.xml","b65725f2c732bfd8660e7280a5d35a4fef39e530ec50e75461aa335166c102b1","4-aff2d2e61deb3e4154118ff98d9875ec488f9d92c551c16ec3e119dbbded6d35","","TBD","","0-f81c198c7b565fe18e9413c61dbe5ffda2447371eeea68ff6133cb503af4398d","root.record.ItemExhibitList.P5Item.CostElementCategoryList.PackageFielding.Recurring.CostElementList.CostElement.ManufacturerList.Manufacturer"
"2016","Hanscom AFB","2016-01","2016-05","1","14.161","true","","","","","","","2016-BASE_PROCUREMENT-2016-AIRFORCE_OTHER-PROCUREMENT_MasterJustificationBook_Air_Force_PB_2016.zzz_unzipped-PROCUREMENT_MasterJustificationBook_Air_Force_PB_2016.xml","b65725f2c732bfd8660e7280a5d35a4fef39e530ec50e75461aa335166c102b1","0-6839a0e70ecad6d6e504372d8292ab7bbce2df7487eaceb1b22fc1c0726bc698","","TBD","","0-5fdee15b34458fd6238eda0037dc32dbaaab7f2e1d0b61aa0f37838a21172750","root.record.ItemExhibitList.P5Item.CostElementCategoryList.PackageFielding.Recurring.CostElementList.CostElement.ManufacturerList.Manufacturer"
"2017","Hanscom AFB","2017-01","2017-05","1","36.414","true","","","","","","","2016-BASE_PROCUREMENT-2016-AIRFORCE_OTHER-PROCUREMENT_MasterJustificationBook_Air_Force_PB_2016.zzz_unzipped-PROCUREMENT_MasterJustificationBook_Air_Force_PB_2016.xml","b65725f2c732bfd8660e7280a5d35a4fef39e530ec50e75461aa335166c102b1","1-ecccd4d13772363a6cf862a346057ed821b2eb58e85aa7df19a6bdb9ed1c4637","","TBD","","0-5fdee15b34458fd6238eda0037dc32dbaaab7f2e1d0b61aa0f37838a21172750","root.record.ItemExhibitList.P5Item.CostElementCategoryList.PackageFielding.Recurring.CostElementList.CostElement.ManufacturerList.Manufacturer"
"2018","Hanscom AFB","2018-01","2018-05","1","46.284","true","","","","","","","2016-BASE_PROCUREMENT-2016-AIRFORCE_OTHER-PROCUREMENT_MasterJustificationBook_Air_Force_PB_2016.zzz_unzipped-PROCUREMENT_MasterJustificationBook_Air_Force_PB_2016.xml","b65725f2c732bfd8660e7280a5d35a4fef39e530ec50e75461aa335166c102b1","2-4b9a0ed2a1e478e07d7a5c84d75e5f047a79f7dbecf68eefeb250c7038b01185","","TBD","","0-5fdee15b34458fd6238eda0037dc32dbaaab7f2e1d0b61aa0f37838a21172750","root.record.ItemExhibitList.P5Item.CostElementCategoryList.PackageFielding.Recurring.CostElementList.CostElement.ManufacturerList.Manufacturer"
"2019","Hanscom AFB","2019-01","2019-05","1","47.933","true","","","","","","","2016-BASE_PROCUREMENT-2016-AIRFORCE_OTHER-PROCUREMENT_MasterJustificationBook_Air_Force_PB_2016.zzz_unzipped-PROCUREMENT_MasterJustificationBook_Air_Force_PB_2016.xml","b65725f2c732bfd8660e7280a5d35a4fef39e530ec50e75461aa335166c102b1","3-2e22c1bf93cae82983026967074348b1c7588dc0510da5da544561870460d7d6","","TBD","","0-5fdee15b34458fd6238eda0037dc32dbaaab7f2e1d0b61aa0f37838a21172750","root.record.ItemExhibitList.P5Item.CostElementCategoryList.PackageFielding.Recurring.CostElementList.CostElement.ManufacturerList.Manufacturer"
"2020","Hanscom AFB","2020-01","2020-07","1","12.020","true","","","","","","","2016-BASE_PROCUREMENT-2016-AIRFORCE_OTHER-PROCUREMENT_MasterJustificationBook_Air_Force_PB_2016.zzz_unzipped-PROCUREMENT_MasterJustificationBook_Air_Force_PB_2016.xml","b65725f2c732bfd8660e7280a5d35a4fef39e530ec50e75461aa335166c102b1","4-13890a9da6f50bb1ad9b239a3cda1b14c63de0a4fdfb60a2f76309d8334a24b8","","TBD","","0-5fdee15b34458fd6238eda0037dc32dbaaab7f2e1d0b61aa0f37838a21172750","root.record.ItemExhibitList.P5Item.CostElementCategoryList.PackageFielding.Recurring.CostElementList.CostElement.ManufacturerList.Manufacturer"
"2014","Hanscom AFB","2015-03","2015-09","1","8.270","true","2014-09","C","LH","","","","2016-BASE_PROCUREMENT-2016-AIRFORCE_OTHER-PROCUREMENT_MasterJustificationBook_Air_Force_PB_2016.zzz_unzipped-PROCUREMENT_MasterJustificationBook_Air_Force_PB_2016.xml","b65725f2c732bfd8660e7280a5d35a4fef39e530ec50e75461aa335166c102b1","0-cf8cb7c4f677cca3a5c3b73c66c84e03f5b7cf55a059af9ded719f18b2d56e24","","","","0-5a22144b188c0c10d92e818439c037d517e6a2f17bf544dd5f5b3dfd206e92a7","root.record.ItemExhibitList.P5Item.CostElementCategoryList.PackageFielding.Recurring.CostElementList.CostElement.ManufacturerList.Manufacturer"
"2015","Hanscom AFB","2016-01","2016-11","1","8.860","true","2015-08","C","LH","","","","2016-BASE_PROCUREMENT-2016-AIRFORCE_OTHER-PROCUREMENT_MasterJustificationBook_Air_Force_PB_2016.zzz_unzipped-PROCUREMENT_MasterJustificationBook_Air_Force_PB_2016.xml","b65725f2c732bfd8660e7280a5d35a4fef39e530ec50e75461aa335166c102b1","0-0992986aa5f3b716642bf07a72befdadc3d5e2ddde272a918c998b4db03a7505","","","","1-2a0d62bb7767b4e0ad64ef49783e9b0b05f226e760b0add5015944e09057e502","root.record.ItemExhibitList.P5Item.CostElementCategoryList.PackageFielding.Recurring.CostElementList.CostElement.ManufacturerList.Manufacturer"
"2016","Hanscom AFB","2016-01","2016-07","1","9.180","true","","C","LH","","","","2016-BASE_PROCUREMENT-2016-AIRFORCE_OTHER-PROCUREMENT_MasterJustificationBook_Air_Force_PB_2016.zzz_unzipped-PROCUREMENT_MasterJustificationBook_Air_Force_PB_2016.xml","b65725f2c732bfd8660e7280a5d35a4fef39e530ec50e75461aa335166c102b1","1-7eeef4d281598bb7075f7d37405e416d4cf77b2348c07cc971dbd00b599cb3cb","","","","1-2a0d62bb7767b4e0ad64ef49783e9b0b05f226e760b0add5015944e09057e502","root.record.ItemExhibitList.P5Item.CostElementCategoryList.PackageFielding.Recurring.CostElementList.CostElement.ManufacturerList.Manufacturer"
"2017","Hanscom AFB","2017-05","2018-05","1","9.446","true","","C","LH","","","","2016-BASE_PROCUREMENT-2016-AIRFORCE_OTHER-PROCUREMENT_MasterJustificationBook_Air_Force_PB_2016.zzz_unzipped-PROCUREMENT_MasterJustificationBook_Air_Force_PB_2016.xml","b65725f2c732bfd8660e7280a5d35a4fef39e530ec50e75461aa335166c102b1","2-43a757d5702f0e53a152e7b4105c70a205d5366d0979de6dd35178932995a98a","","","","1-2a0d62bb7767b4e0ad64ef49783e9b0b05f226e760b0add5015944e09057e502","root.record.ItemExhibitList.P5Item.CostElementCategoryList.PackageFielding.Recurring.CostElementList.CostElement.ManufacturerList.Manufacturer"
"2018","Hanscom AFB","2018-01","2018-07","1","10.143","true","","C","LH","","","","2016-BASE_PROCUREMENT-2016-AIRFORCE_OTHER-PROCUREMENT_MasterJustificationBook_Air_Force_PB_2016.zzz_unzipped-PROCUREMENT_MasterJustificationBook_Air_Force_PB_2016.xml","b65725f2c732bfd8660e7280a5d35a4fef39e530ec50e75461aa335166c102b1","3-08d701789a1624f195ef7adf68fb127b62bb3cf9b878679115b5890e8aadb7df","","","","1-2a0d62bb7767b4e0ad64ef49783e9b0b05f226e760b0add5015944e09057e502","root.record.ItemExhibitList.P5Item.CostElementCategoryList.PackageFielding.Recurring.CostElementList.CostElement.ManufacturerList.Manufacturer"
"2019","Hanscom AFB","2018-11","2019-11","1","13.800","true","","C","LH","","","","2016-BASE_PROCUREMENT-2016-AIRFORCE_OTHER-PROCUREMENT_MasterJustificationBook_Air_Force_PB_2016.zzz_unzipped-PROCUREMENT_MasterJustificationBook_Air_Force_PB_2016.xml","b65725f2c732bfd8660e7280a5d35a4fef39e530ec50e75461aa335166c102b1","4-e1fe466626149a27ce9e12f6d556a711e3da91d1d4872445af6ef6e1dbcb71b8","","","","1-2a0d62bb7767b4e0ad64ef49783e9b0b05f226e760b0add5015944e09057e502","root.record.ItemExhibitList.P5Item.CostElementCategoryList.PackageFielding.Recurring.CostElementList.CostElement.ManufacturerList.Manufacturer"
"2020","Hanscom AFB","2020-01","2020-07","1","11.776","true","","C","LH","","","","2016-BASE_PROCUREMENT-2016-AIRFORCE_OTHER-PROCUREMENT_MasterJustificationBook_Air_Force_PB_2016.zzz_unzipped-PROCUREMENT_MasterJustificationBook_Air_Force_PB_2016.xml","b65725f2c732bfd8660e7280a5d35a4fef39e530ec50e75461aa335166c102b1","5-10d13147fc6f445e2ff34967968e9eb89988d6634b25e4d10f352517427ab1ea","","","","1-2a0d62bb7767b4e0ad64ef49783e9b0b05f226e760b0add5015944e09057e502","root.record.ItemExhibitList.P5Item.CostElementCategoryList.PackageFielding.Recurring.CostElementList.CostElement.ManufacturerList.Manufacturer"
"2014","Hanscom AFB","2014-10","2015-04","1","41.050","true","2014-04","C","FFP","","","","2016-BASE_PROCUREMENT-2016-AIRFORCE_OTHER-PROCUREMENT_MasterJustificationBook_Air_Force_PB_2016.zzz_unzipped-PROCUREMENT_MasterJustificationBook_Air_Force_PB_2016.xml","b65725f2c732bfd8660e7280a5d35a4fef39e530ec50e75461aa335166c102b1","0-da27c3a7133c2cb9a9e0e94b255523f029c4aac9e9b93502ec43f7ccb129afab","","","","0-64b1c7056d1817331bdbfcb4b60e1963c3f10e8c2155efb99ba0490702fc694b","root.record.ItemExhibitList.P5Item.CostElementCategoryList.PackageFielding.Recurring.CostElementList.CostElement.ManufacturerList.Manufacturer"
"2015","Hanscom AFB","2016-06","2016-12","1","8.800","true","2014-04","C","FFP","","","","2016-BASE_PROCUREMENT-2016-AIRFORCE_OTHER-PROCUREMENT_MasterJustificationBook_Air_Force_PB_2016.zzz_unzipped-PROCUREMENT_MasterJustificationBook_Air_Force_PB_2016.xml","b65725f2c732bfd8660e7280a5d35a4fef39e530ec50e75461aa335166c102b1","1-dbbc73655be71d06e201245f4843fe91c4e90964bc20dd8c9f16e3825f56d233","","","","0-64b1c7056d1817331bdbfcb4b60e1963c3f10e8c2155efb99ba0490702fc694b","root.record.ItemExhibitList.P5Item.CostElementCategoryList.PackageFielding.Recurring.CostElementList.CostElement.ManufacturerList.Manufacturer"
"2014","Hanscom AFB","2014-07","2015-01","1","1.590","true","2014-01","C","FFP","","","","2016-BASE_PROCUREMENT-2016-AIRFORCE_OTHER-PROCUREMENT_MasterJustificationBook_Air_Force_PB_2016.zzz_unzipped-PROCUREMENT_MasterJustificationBook_Air_Force_PB_2016.xml","b65725f2c732bfd8660e7280a5d35a4fef39e530ec50e75461aa335166c102b1","0-2c45de3dbcc71b264e5b27dc5428cab4d3330d37d339b99d0d6576e85c6175a3","","","","0-7fe83df4f998a1b5360064b9a8d933e3b745f83e3add424df8c99f6a8fe8b7ad","root.record.ItemExhibitList.P5Item.CostElementCategoryList.PackageFielding.Recurring.CostElementList.CostElement.ManufacturerList.Manufacturer"
"2015","Hanscom AFB","2015-02","2015-08","1","50.400","true","2014-08","","","","","","2016-BASE_PROCUREMENT-2016-AIRFORCE_OTHER-PROCUREMENT_MasterJustificationBook_Air_Force_PB_2016.zzz_unzipped-PROCUREMENT_MasterJustificationBook_Air_Force_PB_2016.xml","b65725f2c732bfd8660e7280a5d35a4fef39e530ec50e75461aa335166c102b1","0-24a6b5f7c003111677b856d975bf2381c274afe8cf4ea92c8f5cbefda95ee07c","","TBD","","1-c79c41be0df9e742f1c45240fc9b13b5bd1287fac1056ed0bc1753b95020ef89","root.record.ItemExhibitList.P5Item.CostElementCategoryList.PackageFielding.Recurring.CostElementList.CostElement.ManufacturerList.Manufacturer"
"2016","AFLCMC Hanscom AFB","2016-07","2016-10","1","10.936","false","","","","Air Force","1","","2017-BASE_PROCUREMENT-2017-AIRFORCE_OTHER-U_PROCUREMENT_JustificationBook_Air_Force_PB_2017.zzz_unzipped-U_PROCUREMENT_JustificationBook_Air_Force_PB_2017.xml","bcc662e800dc8bb76a8285528cc168abcc6312deba5f8a8505391946132986f2","0-b40ff7255e56362d813b92dc1c6b0b4632cef437091133c10cd70ecb523386eb","2015-10","TBD","1","0-4c05563fcfc24676416c1914c7aa972400c36a00047b8de8b9cfb88539f02cc6","root.record.ItemExhibitList.P5Item.CostElementCategoryList.PackageFielding.Recurring.CostElementList.CostElement.ManufacturerList.Manufacturer"
"2017","AFLCMC Hanscom AFB","2016-10","2017-02","2","11.222","false","","","","Air Force","2","","2017-BASE_PROCUREMENT-2017-AIRFORCE_OTHER-U_PROCUREMENT_JustificationBook_Air_Force_PB_2017.zzz_unzipped-U_PROCUREMENT_JustificationBook_Air_Force_PB_2017.xml","bcc662e800dc8bb76a8285528cc168abcc6312deba5f8a8505391946132986f2","1-aead7987891da2e585f639aa08c6f302ec935e61f5507f3a518448deb1104efd","2015-10","TBD","2","0-4c05563fcfc24676416c1914c7aa972400c36a00047b8de8b9cfb88539f02cc6","root.record.ItemExhibitList.P5Item.CostElementCategoryList.PackageFielding.Recurring.CostElementList.CostElement.ManufacturerList.Manufacturer"
"2018","AFLCMC Hanscom AFB","2017-10","2018-02","3","2.937","false","","","","Air Force","3","","2017-BASE_PROCUREMENT-2017-AIRFORCE_OTHER-U_PROCUREMENT_JustificationBook_Air_Force_PB_2017.zzz_unzipped-U_PROCUREMENT_JustificationBook_Air_Force_PB_2017.xml","bcc662e800dc8bb76a8285528cc168abcc6312deba5f8a8505391946132986f2","2-eea3f46050a3a795b10f6e1121d4d558a246a0c45b65cfc1d4c542b4e1d164a2","2015-10","TBD","3","0-4c05563fcfc24676416c1914c7aa972400c36a00047b8de8b9cfb88539f02cc6","root.record.ItemExhibitList.P5Item.CostElementCategoryList.PackageFielding.Recurring.CostElementList.CostElement.ManufacturerList.Manufacturer"
"2016","AFLCMC Hanscom AFB","2016-07","2016-10","1","10.936","false","","","","Air Force","1","","2017-BASE_PROCUREMENT-2017-AIRFORCE_OTHER-U_PROCUREMENT_MasterJustificationBook_Air_Force_PB_2017.zzz_unzipped-U_PROCUREMENT_MasterJustificationBook_Air_Force_PB_2017.xml","c65c2d0ea2fabef820926a6a818da5c6319f34ef25a69b14de78ceb6be599d12","0-cbbfbff09686cae9c9eba868d270c1492cdf86966caece732c87821c1efb483d","2015-10","TBD","1","0-897eed7a61807b4f51e56be12ba3c3c78344cf7e2a49f60c34b03e1d9ab55289","root.record.ItemExhibitList.P5Item.CostElementCategoryList.PackageFielding.Recurring.CostElementList.CostElement.ManufacturerList.Manufacturer"
"2017","AFLCMC Hanscom AFB","2016-10","2017-02","2","11.222","false","","","","Air Force","2","","2017-BASE_PROCUREMENT-2017-AIRFORCE_OTHER-U_PROCUREMENT_MasterJustificationBook_Air_Force_PB_2017.zzz_unzipped-U_PROCUREMENT_MasterJustificationBook_Air_Force_PB_2017.xml","c65c2d0ea2fabef820926a6a818da5c6319f34ef25a69b14de78ceb6be599d12","1-7d21671fa96630043f9a703bc02e1f93ea6c5c77912fa3c1d436d06dd0ad8a35","2015-10","TBD","2","0-897eed7a61807b4f51e56be12ba3c3c78344cf7e2a49f60c34b03e1d9ab55289","root.record.ItemExhibitList.P5Item.CostElementCategoryList.PackageFielding.Recurring.CostElementList.CostElement.ManufacturerList.Manufacturer"
"2018","AFLCMC Hanscom AFB","2017-10","2018-02","3","2.937","false","","","","Air Force","3","","2017-BASE_PROCUREMENT-2017-AIRFORCE_OTHER-U_PROCUREMENT_MasterJustificationBook_Air_Force_PB_2017.zzz_unzipped-U_PROCUREMENT_MasterJustificationBook_Air_Force_PB_2017.xml","c65c2d0ea2fabef820926a6a818da5c6319f34ef25a69b14de78ceb6be599d12","2-fc9574b9cc40522ac83a5a17711f69a00e9585af764c24384f2ae656884aea90","2015-10","TBD","3","0-897eed7a61807b4f51e56be12ba3c3c78344cf7e2a49f60c34b03e1d9ab55289","root.record.ItemExhibitList.P5Item.CostElementCategoryList.PackageFielding.Recurring.CostElementList.CostElement.ManufacturerList.Manufacturer"
"2017","ACC-NJ","2017-03","2017-11","1","4214.000","","","C","CPIF","","","","2017-BASE_PROCUREMENT-2017-ARMY_OTHER_2-U_PROCUREMENT_JustificationBook_Army_PB_2017.zzz_unzipped-U_PROCUREMENT_JustificationBook_Army_PB_2017.xml","4749a19225f22314c1a3af82dab22835b79b363ea2e08400776d9d7baf87145b","0-f4569bbf3228250b133ebd52daa0e6ef927d909a29f3d57c1cadac18f11bc36e","","","","0-e048b7843f1c47c283272ab90b3cb43b7c29dc4d8b4f1bce3f68f233f7ddfc32","root.record.ItemExhibitList.P5Item.CostElementCategoryList.PackageFielding.Recurring.CostElementList.CostElement.ManufacturerList.Manufacturer"
"2018","TBD","2018-05","2018-05","1","2035.000","","","","","","","","2018-BASE_PROCUREMENT-2018-ARMY_OTHER_2-U_PROCUREMENT_JustificationBook_Army_PB_2018.zzz_unzipped-U_PROCUREMENT_JustificationBook_Army_PB_2018.xml","38c294167c355d339a8ccea624e0b0643e68457c11866b2b886992043516b63d","0-a33919d8da03a5359690533a0c2877de8e029aabee310c5e1329fcb9803c30c1","","TBD","","0-4e28cab47e02d5849b41116db24e14e0a72a59e8c6e505e07884be27331958a1","root.record.ItemExhibitList.P5Item.CostElementCategoryList.PackageFielding.Recurring.CostElementList.CostElement.ManufacturerList.Manufacturer"
"2018","TBD","2018-01","2018-05","1","1445.000","","","","","","","","2018-BASE_PROCUREMENT-2018-ARMY_OTHER_2-U_PROCUREMENT_JustificationBook_Army_PB_2018.zzz_unzipped-U_PROCUREMENT_JustificationBook_Army_PB_2018.xml","38c294167c355d339a8ccea624e0b0643e68457c11866b2b886992043516b63d","0-c913d52b2011b15657d560b5f38519b433be7f41bbf5a96f7f4dba14983d9e5e","","TBD","","0-ce943e01e70453c72c20a7fbf69d201a54e9c1b6491f67cd01eb864f18e856b9","root.record.ItemExhibitList.P5Item.CostElementCategoryList.PackageFielding.Recurring.CostElementList.CostElement.ManufacturerList.Manufacturer"
"2016","ACC-NJ","2016-09","2017-08","1","4446","true","","Option","CPIF","","","","2019-BASE_PROCUREMENT-2019-ARMY_OTHER_2-U_PROCUREMENT_JustificationBook_Army_PB_2019.zzz_unzipped-U_PROCUREMENT_JustificationBook_Army_PB_2019.xml","5add64b8733be58a091d88ecb43cfe89e860a4a60660a6af7b3b1a128dbefa00","0-22ba1e62e968076f6e8d08e19b73e5e6c2559ebf13fedee76ff204bb7f05b965","","","","0-7f47dc2c68e4760692997e862093397d023f85c03631ef34ecf819e74ebea576","root.record.ItemExhibitList.P5Item.CostElementCategoryList.PackageFielding.Recurring.CostElementList.CostElement.ManufacturerList.Manufacturer"
"2017","ACC-NJ","2017-09","2018-06","1","4214","true","","Option","CPIF","","","","2019-BASE_PROCUREMENT-2019-ARMY_OTHER_2-U_PROCUREMENT_JustificationBook_Army_PB_2019.zzz_unzipped-U_PROCUREMENT_JustificationBook_Army_PB_2019.xml","5add64b8733be58a091d88ecb43cfe89e860a4a60660a6af7b3b1a128dbefa00","1-47717d7813912aeb948758f3c1c6e8deeea4a8837a6a39143922f9b2c7b5301c","","","","0-7f47dc2c68e4760692997e862093397d023f85c03631ef34ecf819e74ebea576","root.record.ItemExhibitList.P5Item.CostElementCategoryList.PackageFielding.Recurring.CostElementList.CostElement.ManufacturerList.Manufacturer"
"2018","ACC-NJ","2018-08","2018-08","1","16140","true","","Option","CPIF","","","","2019-BASE_PROCUREMENT-2019-ARMY_OTHER_2-U_PROCUREMENT_JustificationBook_Army_PB_2019.zzz_unzipped-U_PROCUREMENT_JustificationBook_Army_PB_2019.xml","5add64b8733be58a091d88ecb43cfe89e860a4a60660a6af7b3b1a128dbefa00","2-3a20726d8d764221cc7ca57f459d59d8e56248d7727aef1cfde7b4ce1b4a5d16","","","","0-7f47dc2c68e4760692997e862093397d023f85c03631ef34ecf819e74ebea576","root.record.ItemExhibitList.P5Item.CostElementCategoryList.PackageFielding.Recurring.CostElementList.CostElement.ManufacturerList.Manufacturer"
"2019","ACC-NJ","2019-04","2019-11","1","29239","","","Option","CPIF","","","","2019-BASE_PROCUREMENT-2019-ARMY_OTHER_2-U_PROCUREMENT_JustificationBook_Army_PB_2019.zzz_unzipped-U_PROCUREMENT_JustificationBook_Army_PB_2019.xml","5add64b8733be58a091d88ecb43cfe89e860a4a60660a6af7b3b1a128dbefa00","3-bfd617a81781b24018fb73927bb62c040fa0cff359e2ca0b166a1593141b9a14","","","","0-7f47dc2c68e4760692997e862093397d023f85c03631ef34ecf819e74ebea576","root.record.ItemExhibitList.P5Item.CostElementCategoryList.PackageFielding.Recurring.CostElementList.CostElement.ManufacturerList.Manufacturer"
"2020","GSA","2019-12","2020-01","1","5469","false","","C","FP","","","","2020-BASE_PROCUREMENT-2020-ARMY_OTHER_2-U_PROCUREMENT_JustificationBook_Army_PB_2020.zzz_unzipped-U_PROCUREMENT_JustificationBook_Army_PB_2020.xml","16123f19d14714e621f3ad3717eb0a04587382702be0e2b1e9ac91adb50ab769","0-3b9ffd0deecc449a79ed5d0fc1d5cb7f76353d2163b81ddc3b897b7082cd80e6","","","","0-18593a2d3bbbaf398489d06e77daecebfdd196bd4b978d44666d123a4f815b9a","root.record.ItemExhibitList.P5Item.CostElementCategoryList.PackageFielding.Recurring.CostElementList.CostElement.ManufacturerList.Manufacturer"
"2018","GSA","2017-12","2018-01","1","4710","false","","C","FP","","","","2020-BASE_PROCUREMENT-2020-ARMY_OTHER_2-U_PROCUREMENT_JustificationBook_Army_PB_2020.zzz_unzipped-U_PROCUREMENT_JustificationBook_Army_PB_2020.xml","16123f19d14714e621f3ad3717eb0a04587382702be0e2b1e9ac91adb50ab769","0-db78ad725ac3b0c6faed0d3ed8259f7a1ee297caeaae3fc37721ff08939fc55b","","","","1-c6d7891854e2dd29fef1d075c27ec7ab69e0acad74b40daf20ffb0ce35ad212e","root.record.ItemExhibitList.P5Item.CostElementCategoryList.PackageFielding.Recurring.CostElementList.CostElement.ManufacturerList.Manufacturer"
"2019","GSA","2018-12","2019-01","1","7786","false","","C","FP","","","","2020-BASE_PROCUREMENT-2020-ARMY_OTHER_2-U_PROCUREMENT_JustificationBook_Army_PB_2020.zzz_unzipped-U_PROCUREMENT_JustificationBook_Army_PB_2020.xml","16123f19d14714e621f3ad3717eb0a04587382702be0e2b1e9ac91adb50ab769","1-71eaf684a865cf8124c8f6f63e2c1a26c3f0c79ca681636381122129bdf13a11","","","","1-c6d7891854e2dd29fef1d075c27ec7ab69e0acad74b40daf20ffb0ce35ad212e","root.record.ItemExhibitList.P5Item.CostElementCategoryList.PackageFielding.Recurring.CostElementList.CostElement.ManufacturerList.Manufacturer"
"2016","ACC-NJ","2016-09","2017-08","1","4446","true","","Option","CPIF","","","","2020-BASE_PROCUREMENT-2020-ARMY_OTHER_2-U_PROCUREMENT_JustificationBook_Army_PB_2020.zzz_unzipped-U_PROCUREMENT_JustificationBook_Army_PB_2020.xml","bccab256ad07c458efbf6015255c69b667e6fb84c81c395a9847bc99db6b1514","0-1fd82bd59e44ef2ffaffb71dc58cecb4ad8c2f2f1afcdfc125ac0268b36ded12","","","","0-8a3d5d85d1319ca97d7ec14183b9ddb2f937774c3490bc6f6cb5581e434e875b","root.record.ItemExhibitList.P5Item.CostElementCategoryList.PackageFielding.Recurring.CostElementList.CostElement.ManufacturerList.Manufacturer"
"2017","ACC-NJ","2017-09","2018-06","1","4214","true","","Option","CPIF","","","","2020-BASE_PROCUREMENT-2020-ARMY_OTHER_2-U_PROCUREMENT_JustificationBook_Army_PB_2020.zzz_unzipped-U_PROCUREMENT_JustificationBook_Army_PB_2020.xml","bccab256ad07c458efbf6015255c69b667e6fb84c81c395a9847bc99db6b1514","1-afa719edcd2971e4447b3a7ea280680c055f3438e0c86e881c211991b8dba96a","","","","0-8a3d5d85d1319ca97d7ec14183b9ddb2f937774c3490bc6f6cb5581e434e875b","root.record.ItemExhibitList.P5Item.CostElementCategoryList.PackageFielding.Recurring.CostElementList.CostElement.ManufacturerList.Manufacturer"
"2018","ACC-NJ","2018-08","2018-08","1","16140","true","","Option","CPIF","","","","2020-BASE_PROCUREMENT-2020-ARMY_OTHER_2-U_PROCUREMENT_JustificationBook_Army_PB_2020.zzz_unzipped-U_PROCUREMENT_JustificationBook_Army_PB_2020.xml","bccab256ad07c458efbf6015255c69b667e6fb84c81c395a9847bc99db6b1514","2-105bf57f7333a511f44991ded6e707e4791da144cc0f4887e3dfa3c63af4e027","","","","0-8a3d5d85d1319ca97d7ec14183b9ddb2f937774c3490bc6f6cb5581e434e875b","root.record.ItemExhibitList.P5Item.CostElementCategoryList.PackageFielding.Recurring.CostElementList.CostElement.ManufacturerList.Manufacturer"
"2019","ACC-NJ","2018-12","2019-08","1","16800","true","","Option","CPIF","","","","2020-BASE_PROCUREMENT-2020-ARMY_OTHER_2-U_PROCUREMENT_JustificationBook_Army_PB_2020.zzz_unzipped-U_PROCUREMENT_JustificationBook_Army_PB_2020.xml","bccab256ad07c458efbf6015255c69b667e6fb84c81c395a9847bc99db6b1514","3-521dd4b5df1b09ecd65a5a03ebc8a1e51af78a4e6458300e5a6d97a532e0593b","","","","0-8a3d5d85d1319ca97d7ec14183b9ddb2f937774c3490bc6f6cb5581e434e875b","root.record.ItemExhibitList.P5Item.CostElementCategoryList.PackageFielding.Recurring.CostElementList.CostElement.ManufacturerList.Manufacturer"
"2020","ACC-NJ","2020-01","2020-03","1","18674","true","","Option","CPIF","","","","2020-BASE_PROCUREMENT-2020-ARMY_OTHER_2-U_PROCUREMENT_JustificationBook_Army_PB_2020.zzz_unzipped-U_PROCUREMENT_JustificationBook_Army_PB_2020.xml","bccab256ad07c458efbf6015255c69b667e6fb84c81c395a9847bc99db6b1514","4-c4241f391c15c320f8aa48df31ef184fc437d9bb7088ec9b369095f742681192","","","","0-8a3d5d85d1319ca97d7ec14183b9ddb2f937774c3490bc6f6cb5581e434e875b","root.record.ItemExhibitList.P5Item.CostElementCategoryList.PackageFielding.Recurring.CostElementList.CostElement.ManufacturerList.Manufacturer"
"2018","TBD","2018-05","2018-05","1","2035","false","","","","","","","2020-BASE_PROCUREMENT-2020-ARMY_OTHER_2-U_PROCUREMENT_JustificationBook_Army_PB_2020.zzz_unzipped-U_PROCUREMENT_JustificationBook_Army_PB_2020.xml","d5240ff4c7e79de7e15416cf9377c2be2f6ae02e5a70527e4c772787a856bd28","0-d6edee4d777ad48122f601e7e9749fd156928b017dd1cea0823414b7da51bc85","","TBD","","0-27d33de32ca6f4c232ca8966d3fb7378baeb0cd7f6786cadfa987826ae8504e5","root.record.ItemExhibitList.P5Item.CostElementCategoryList.PackageFielding.Recurring.CostElementList.CostElement.ManufacturerList.Manufacturer"
"2018","TBD","2018-01","2018-05","1","1445","false","","","","","","","2020-BASE_PROCUREMENT-2020-ARMY_OTHER_2-U_PROCUREMENT_JustificationBook_Army_PB_2020.zzz_unzipped-U_PROCUREMENT_JustificationBook_Army_PB_2020.xml","d5240ff4c7e79de7e15416cf9377c2be2f6ae02e5a70527e4c772787a856bd28","0-aa84790609ec2e271f852f6be65cecd3307143ee752e5e8413b1d23763af5254","","TBD","","0-fafbe0795bece93a09df407d061d5aef285a81707c9e6c0c004b9873fca73a9c","root.record.ItemExhibitList.P5Item.CostElementCategoryList.PackageFielding.Recurring.CostElementList.CostElement.ManufacturerList.Manufacturer"
