FiscalYear_val,PCOLocation_val,AwardDate_val,FirstDeliveryDate_val,Quantity_val,UnitCost_val,SpecsAvailableNow_val,RFPIssueDate_val,ContractMethod_val,ContractType_val,MonthlyDeliveryScheduleList_MonthlyDeliverySchedule_ServiceAgencyName_val,MonthlyDeliveryScheduleList_MonthlyDeliverySchedule_ProcQuantity_val,MonthlyDeliveryScheduleList_MonthlyDeliverySchedule_AcceptedBeforeOct1_val,@SOURCE_FILENAME,@RECORDID,@ROWID,RevisionsAvailableDate_val,FundingVehicle_val,MonthlyDeliveryScheduleTotal_ProcQuantity_val,MonthlyDeliveryScheduleTotal_MonthlyDeliveryList_MonthlyDelivery,@PARENTROWID,@PARENT
"2013","AFMC/ESC","2013-08","2014-05","4","0.795","true","2013-03","C","BA","Air Force","4","0","2014-BASE_PROCUREMENT-2014-AIRFORCE_OTHER-PROCUREMENT_JustificationBook_Air_Force_PB_2014.zzz_unzipped-PROCUREMENT_JustificationBook_Air_Force_PB_2014.xml","183e2235a8702efde29fd338dbfb0e070b9a0e22f45c0daf1850fb81f56857fb","0-72717d66c98f0ab3aa2dc48f2058eb61b0d3b035cf9de13bf0cf2b80e66a7089","","","","","0-b600cf449fa01771f8e0ee7f0091726ae5b18f8d4030f93e6c5a33c34c28c9fb","root.record.ItemExhibitList.P5Item.CostElementCategoryList.PackageFielding.Recurring.CostElementList.CostElement.ManufacturerList.Manufacturer"
"2014","AFMC/ESC","2014-08","2015-03","17","0.271","true","2014-05","C","BA","","","","","2014-BASE_PROCUREMENT-2014-AIRFORCE_OTHER-PROCUREMENT_JustificationBook_Air_Force_PB_2014.zzz_unzipped-PROCUREMENT_JustificationBook_Air_Force_PB_2014.xml","183e2235a8702efde29fd338dbfb0e070b9a0e22f45c0daf1850fb81f56857fb","1-03efd886093c4d018fcea5a20958d9baa434b867d64fd7d359717beb7c8cc0ca","","","","","0-b600cf449fa01771f8e0ee7f0091726ae5b18f8d4030f93e6c5a33c34c28c9fb","root.record.ItemExhibitList.P5Item.CostElementCategoryList.PackageFielding.Recurring.CostElementList.CostElement.ManufacturerList.Manufacturer"
"2015","AFMC/ESC","2015-08","2016-03","17","0.271","true","2014-03","C","BA","","","","","2014-BASE_PROCUREMENT-2014-AIRFORCE_OTHER-PROCUREMENT_JustificationBook_Air_Force_PB_2014.zzz_unzipped-PROCUREMENT_JustificationBook_Air_Force_PB_2014.xml","183e2235a8702efde29fd338dbfb0e070b9a0e22f45c0daf1850fb81f56857fb","2-858002aa2ce4cd1fe085816b0594633f13957c35a5d6520025b6b5e419a4e387","","","","","0-b600cf449fa01771f8e0ee7f0091726ae5b18f8d4030f93e6c5a33c34c28c9fb","root.record.ItemExhibitList.P5Item.CostElementCategoryList.PackageFielding.Recurring.CostElementList.CostElement.ManufacturerList.Manufacturer"
"2012","AFMC/ESC","2013-05","2013-07","30","0.481","true","2013-03","C","BA","","","","","2014-BASE_PROCUREMENT-2014-AIRFORCE_OTHER-PROCUREMENT_JustificationBook_Air_Force_PB_2014.zzz_unzipped-PROCUREMENT_JustificationBook_Air_Force_PB_2014.xml","183e2235a8702efde29fd338dbfb0e070b9a0e22f45c0daf1850fb81f56857fb","0-39fd08073dc855bba9f17fe095f000c9cbbac2e710868559335c69b21ecd2f62","","","","","0-b1ef88060ea247053852d3225ac37673c6669ec19762af8dfa3292bcc49117c0","root.record.ItemExhibitList.P5Item.CostElementCategoryList.PackageFielding.Recurring.CostElementList.CostElement.ManufacturerList.Manufacturer"
"2013","AFMC/ESC","2013-07","2014-04","152","0.213","true","2013-03","C","BA","","","","","2014-BASE_PROCUREMENT-2014-AIRFORCE_OTHER-PROCUREMENT_JustificationBook_Air_Force_PB_2014.zzz_unzipped-PROCUREMENT_JustificationBook_Air_Force_PB_2014.xml","183e2235a8702efde29fd338dbfb0e070b9a0e22f45c0daf1850fb81f56857fb","1-64db4059dc3c37aceb5f2e7277fbb36eab8e88e49ab231215236b53202e53576","","","","","0-b1ef88060ea247053852d3225ac37673c6669ec19762af8dfa3292bcc49117c0","root.record.ItemExhibitList.P5Item.CostElementCategoryList.PackageFielding.Recurring.CostElementList.CostElement.ManufacturerList.Manufacturer"
"2018","AFMC/ESC","2018-03","2018-11","67","0.222","true","2018-01","C","BA","","","","","2014-BASE_PROCUREMENT-2014-AIRFORCE_OTHER-PROCUREMENT_JustificationBook_Air_Force_PB_2014.zzz_unzipped-PROCUREMENT_JustificationBook_Air_Force_PB_2014.xml","183e2235a8702efde29fd338dbfb0e070b9a0e22f45c0daf1850fb81f56857fb","2-6177b5127c079ea429e0e2d8da52f4fa1ee2336f2e6c8e26e439a2d2087f6454","","","","","0-b1ef88060ea247053852d3225ac37673c6669ec19762af8dfa3292bcc49117c0","root.record.ItemExhibitList.P5Item.CostElementCategoryList.PackageFielding.Recurring.CostElementList.CostElement.ManufacturerList.Manufacturer"
"2013","AFMC/ESC","2013-04","2014-01","106","0.160","true","2013-01","C","BA","","","","","2014-BASE_PROCUREMENT-2014-AIRFORCE_OTHER-PROCUREMENT_JustificationBook_Air_Force_PB_2014.zzz_unzipped-PROCUREMENT_JustificationBook_Air_Force_PB_2014.xml","183e2235a8702efde29fd338dbfb0e070b9a0e22f45c0daf1850fb81f56857fb","0-9c329bb576f9ece18ad46a71be31584ad3a6bd30b52fa41bab5070051db1181a","","","","","0-fc88ae34970c246ddcefeaf0bc7bd48cf0233c08c365cd29cec896e85e586c85","root.record.ItemExhibitList.P5Item.CostElementCategoryList.PackageFielding.Recurring.CostElementList.CostElement.ManufacturerList.Manufacturer"
"2014","AFMC/ESC","2014-04","2015-01","106","0.092","true","2014-01","C","BA","","","","","2014-BASE_PROCUREMENT-2014-AIRFORCE_OTHER-PROCUREMENT_JustificationBook_Air_Force_PB_2014.zzz_unzipped-PROCUREMENT_JustificationBook_Air_Force_PB_2014.xml","183e2235a8702efde29fd338dbfb0e070b9a0e22f45c0daf1850fb81f56857fb","1-e8b09084a04e40a4d8b2c427b54a077a528648866c667f289521c7346e35ba57","","","","","0-fc88ae34970c246ddcefeaf0bc7bd48cf0233c08c365cd29cec896e85e586c85","root.record.ItemExhibitList.P5Item.CostElementCategoryList.PackageFielding.Recurring.CostElementList.CostElement.ManufacturerList.Manufacturer"
"2015","AFMC/ESC","2015-04","2016-01","106","0.094","true","2015-01","C","BA","","","","","2014-BASE_PROCUREMENT-2014-AIRFORCE_OTHER-PROCUREMENT_JustificationBook_Air_Force_PB_2014.zzz_unzipped-PROCUREMENT_JustificationBook_Air_Force_PB_2014.xml","183e2235a8702efde29fd338dbfb0e070b9a0e22f45c0daf1850fb81f56857fb","2-973481cdb6d432c7dbb867c40449b5d622d33c1925f2dc21255eb404939d308b","","","","","0-fc88ae34970c246ddcefeaf0bc7bd48cf0233c08c365cd29cec896e85e586c85","root.record.ItemExhibitList.P5Item.CostElementCategoryList.PackageFielding.Recurring.CostElementList.CostElement.ManufacturerList.Manufacturer"
"2016","AFMC/ESC","2016-04","2017-01","106","0.096","true","2016-01","C","BA","","","","","2014-BASE_PROCUREMENT-2014-AIRFORCE_OTHER-PROCUREMENT_JustificationBook_Air_Force_PB_2014.zzz_unzipped-PROCUREMENT_JustificationBook_Air_Force_PB_2014.xml","183e2235a8702efde29fd338dbfb0e070b9a0e22f45c0daf1850fb81f56857fb","3-c8397df1157fe37bc85bd4105b540bb897bcac8c9e524297ccde5adfb5f9bb50","","","","","0-fc88ae34970c246ddcefeaf0bc7bd48cf0233c08c365cd29cec896e85e586c85","root.record.ItemExhibitList.P5Item.CostElementCategoryList.PackageFielding.Recurring.CostElementList.CostElement.ManufacturerList.Manufacturer"
"2017","AFMC/ESC","2017-04","2018-01","106","0.098","true","2017-01","C","BA","","","","","2014-BASE_PROCUREMENT-2014-AIRFORCE_OTHER-PROCUREMENT_JustificationBook_Air_Force_PB_2014.zzz_unzipped-PROCUREMENT_JustificationBook_Air_Force_PB_2014.xml","183e2235a8702efde29fd338dbfb0e070b9a0e22f45c0daf1850fb81f56857fb","4-692c4ec78d66aba7c0161d99881ceccee2240cb03e5e194cd2fd6a9f80bebd0e","","","","","0-fc88ae34970c246ddcefeaf0bc7bd48cf0233c08c365cd29cec896e85e586c85","root.record.ItemExhibitList.P5Item.CostElementCategoryList.PackageFielding.Recurring.CostElementList.CostElement.ManufacturerList.Manufacturer"
"2018","AFMC/ESC","2018-04","2019-01","106","0.100","true","2018-01","C","BA","","","","","2014-BASE_PROCUREMENT-2014-AIRFORCE_OTHER-PROCUREMENT_JustificationBook_Air_Force_PB_2014.zzz_unzipped-PROCUREMENT_JustificationBook_Air_Force_PB_2014.xml","183e2235a8702efde29fd338dbfb0e070b9a0e22f45c0daf1850fb81f56857fb","5-bdd4218921bd1ed4292f3cf8fd1c0cc3438548d594c71137f13f4e80419d83a5","","","","","0-fc88ae34970c246ddcefeaf0bc7bd48cf0233c08c365cd29cec896e85e586c85","root.record.ItemExhibitList.P5Item.CostElementCategoryList.PackageFielding.Recurring.CostElementList.CostElement.ManufacturerList.Manufacturer"
"2013","AFMC/ESC","2013-08","2014-05","226","0.013","true","2012-12","C","BA","","","","","2014-BASE_PROCUREMENT-2014-AIRFORCE_OTHER-PROCUREMENT_JustificationBook_Air_Force_PB_2014.zzz_unzipped-PROCUREMENT_JustificationBook_Air_Force_PB_2014.xml","183e2235a8702efde29fd338dbfb0e070b9a0e22f45c0daf1850fb81f56857fb","0-8de458ece494c9570dea595ec6b498d6fd9bedace4a19e8d9adaa9b695dded01","","","","","0-840009572ac4a4c43c656e0493f6d23bed35b8d2ccffabd02e30aef92bcad161","root.record.ItemExhibitList.P5Item.CostElementCategoryList.PackageFielding.Recurring.CostElementList.CostElement.ManufacturerList.Manufacturer"
"2012","AFMC/ESC","2012-03","2012-11","107","0.246","true","2012-01","C","BA","","","","","2014-BASE_PROCUREMENT-2014-AIRFORCE_OTHER-PROCUREMENT_JustificationBook_Air_Force_PB_2014.zzz_unzipped-PROCUREMENT_JustificationBook_Air_Force_PB_2014.xml","183e2235a8702efde29fd338dbfb0e070b9a0e22f45c0daf1850fb81f56857fb","0-27c3beefcd7989c17c63a48307bc1d1449072b5defba405bad952686f72edb7a","","","","","0-2f27a53dba24a9ba83923064ecb1519bba77c97dadcb30a5231e0e5e10ebafe3","root.record.ItemExhibitList.P5Item.CostElementCategoryList.PackageFielding.Recurring.CostElementList.CostElement.ManufacturerList.Manufacturer"
"2013","AFMC/ESC","2013-03","2013-11","107","0.100","true","2013-01","C","BA","","","","","2014-BASE_PROCUREMENT-2014-AIRFORCE_OTHER-PROCUREMENT_JustificationBook_Air_Force_PB_2014.zzz_unzipped-PROCUREMENT_JustificationBook_Air_Force_PB_2014.xml","183e2235a8702efde29fd338dbfb0e070b9a0e22f45c0daf1850fb81f56857fb","1-d831322324f1d794d49965bb249a41669c8f667ae1cc22772b322e27b0a51382","","","","","0-2f27a53dba24a9ba83923064ecb1519bba77c97dadcb30a5231e0e5e10ebafe3","root.record.ItemExhibitList.P5Item.CostElementCategoryList.PackageFielding.Recurring.CostElementList.CostElement.ManufacturerList.Manufacturer"
"2014","AFMC/ESC","2014-03","2014-11","107","0.171","true","2014-01","C","BA","","","","","2014-BASE_PROCUREMENT-2014-AIRFORCE_OTHER-PROCUREMENT_JustificationBook_Air_Force_PB_2014.zzz_unzipped-PROCUREMENT_JustificationBook_Air_Force_PB_2014.xml","183e2235a8702efde29fd338dbfb0e070b9a0e22f45c0daf1850fb81f56857fb","2-bff26842cc1ff0c1a243eba421b8b50a384df05b91426bdc1048cf2137f005e7","","","","","0-2f27a53dba24a9ba83923064ecb1519bba77c97dadcb30a5231e0e5e10ebafe3","root.record.ItemExhibitList.P5Item.CostElementCategoryList.PackageFielding.Recurring.CostElementList.CostElement.ManufacturerList.Manufacturer"
"2015","AFMC/ESC","2015-03","2015-11","107","0.441","true","2015-01","C","BA","","","","","2014-BASE_PROCUREMENT-2014-AIRFORCE_OTHER-PROCUREMENT_JustificationBook_Air_Force_PB_2014.zzz_unzipped-PROCUREMENT_JustificationBook_Air_Force_PB_2014.xml","183e2235a8702efde29fd338dbfb0e070b9a0e22f45c0daf1850fb81f56857fb","3-93727e5acd38b08cc2a422304e1f215d520b7b340018a1e3c2a3e65aa8df7e56","","","","","0-2f27a53dba24a9ba83923064ecb1519bba77c97dadcb30a5231e0e5e10ebafe3","root.record.ItemExhibitList.P5Item.CostElementCategoryList.PackageFielding.Recurring.CostElementList.CostElement.ManufacturerList.Manufacturer"
"2016","AFMC/ESC","2016-03","2016-11","107","0.349","true","2016-01","C","BA","","","","","2014-BASE_PROCUREMENT-2014-AIRFORCE_OTHER-PROCUREMENT_JustificationBook_Air_Force_PB_2014.zzz_unzipped-PROCUREMENT_JustificationBook_Air_Force_PB_2014.xml","183e2235a8702efde29fd338dbfb0e070b9a0e22f45c0daf1850fb81f56857fb","4-d4fd1ae6eabc188de3097d970d84dfc29ad71ef798835e8e29c7040ac6c4dd9a","","","","","0-2f27a53dba24a9ba83923064ecb1519bba77c97dadcb30a5231e0e5e10ebafe3","root.record.ItemExhibitList.P5Item.CostElementCategoryList.PackageFielding.Recurring.CostElementList.CostElement.ManufacturerList.Manufacturer"
"2017","AFMC/ESC","2017-03","2017-11","107","0.372","true","2017-01","C","BA","","","","","2014-BASE_PROCUREMENT-2014-AIRFORCE_OTHER-PROCUREMENT_JustificationBook_Air_Force_PB_2014.zzz_unzipped-PROCUREMENT_JustificationBook_Air_Force_PB_2014.xml","183e2235a8702efde29fd338dbfb0e070b9a0e22f45c0daf1850fb81f56857fb","5-1633c19bdde7158de2819dfc73efcdbef7fef5dd759a6682fc41d6c2f7ce042b","","","","","0-2f27a53dba24a9ba83923064ecb1519bba77c97dadcb30a5231e0e5e10ebafe3","root.record.ItemExhibitList.P5Item.CostElementCategoryList.PackageFielding.Recurring.CostElementList.CostElement.ManufacturerList.Manufacturer"
"2018","AFMC/ESC","2018-03","2018-11","107","0.174","true","2018-01","C","BA","","","","","2014-BASE_PROCUREMENT-2014-AIRFORCE_OTHER-PROCUREMENT_JustificationBook_Air_Force_PB_2014.zzz_unzipped-PROCUREMENT_JustificationBook_Air_Force_PB_2014.xml","183e2235a8702efde29fd338dbfb0e070b9a0e22f45c0daf1850fb81f56857fb","6-c28a8e924ae7bb95277003222cde663610f8f990f928977cf87bf3d718e15dd2","","","","","0-2f27a53dba24a9ba83923064ecb1519bba77c97dadcb30a5231e0e5e10ebafe3","root.record.ItemExhibitList.P5Item.CostElementCategoryList.PackageFielding.Recurring.CostElementList.CostElement.ManufacturerList.Manufacturer"
"2013","AFMC/ESC","2013-08","2014-05","4","0.795","true","2013-03","C","BA","Air Force","4","0","2014-BASE_PROCUREMENT-2014-AIRFORCE_OTHER-PROCUREMENT_MasterJustificationBook_Air_Force_PB_2014.zzz_unzipped-PROCUREMENT_MasterJustificationBook_Air_Force_PB_2014.xml","5900c9666985c01314d4a2a76f9022ef6609a516534f5cd224b6144f366eb840","0-fd9acbff615be939c006b4f62bb15e56475e61a495264221cbd6f3d5ca286832","","","","","0-a97357199d9f0931a3ef5dd8e1bb5cfcdd5e3e0653e07fe6088c73e36b00dcbc","root.record.ItemExhibitList.P5Item.CostElementCategoryList.PackageFielding.Recurring.CostElementList.CostElement.ManufacturerList.Manufacturer"
"2014","AFMC/ESC","2014-08","2015-03","17","0.271","true","2014-05","C","BA","","","","","2014-BASE_PROCUREMENT-2014-AIRFORCE_OTHER-PROCUREMENT_MasterJustificationBook_Air_Force_PB_2014.zzz_unzipped-PROCUREMENT_MasterJustificationBook_Air_Force_PB_2014.xml","5900c9666985c01314d4a2a76f9022ef6609a516534f5cd224b6144f366eb840","1-4de22256ab66f10ab0ef5a5f6a054c04e77d3f392ae34f211123fdde8fe06034","","","","","0-a97357199d9f0931a3ef5dd8e1bb5cfcdd5e3e0653e07fe6088c73e36b00dcbc","root.record.ItemExhibitList.P5Item.CostElementCategoryList.PackageFielding.Recurring.CostElementList.CostElement.ManufacturerList.Manufacturer"
"2015","AFMC/ESC","2015-08","2016-03","17","0.271","true","2014-03","C","BA","","","","","2014-BASE_PROCUREMENT-2014-AIRFORCE_OTHER-PROCUREMENT_MasterJustificationBook_Air_Force_PB_2014.zzz_unzipped-PROCUREMENT_MasterJustificationBook_Air_Force_PB_2014.xml","5900c9666985c01314d4a2a76f9022ef6609a516534f5cd224b6144f366eb840","2-f5643bc747bd0f79ea0ceaeea3b961c99ed7dc8eb457577cbf818b2eb5310302","","","","","0-a97357199d9f0931a3ef5dd8e1bb5cfcdd5e3e0653e07fe6088c73e36b00dcbc","root.record.ItemExhibitList.P5Item.CostElementCategoryList.PackageFielding.Recurring.CostElementList.CostElement.ManufacturerList.Manufacturer"
"2012","AFMC/ESC","2013-05","2013-07","30","0.481","true","2013-03","C","BA","","","","","2014-BASE_PROCUREMENT-2014-AIRFORCE_OTHER-PROCUREMENT_MasterJustificationBook_Air_Force_PB_2014.zzz_unzipped-PROCUREMENT_MasterJustificationBook_Air_Force_PB_2014.xml","5900c9666985c01314d4a2a76f9022ef6609a516534f5cd224b6144f366eb840","0-643ca5fd91a9bf0bec7303d1112664f68fa214ce6506d9c8063389bc353093d3","","","","","0-c6f8eafa65b5daf1532c5755b85e4fb48cf7c27bbe6930a2e21046bd04e8be8a","root.record.ItemExhibitList.P5Item.CostElementCategoryList.PackageFielding.Recurring.CostElementList.CostElement.ManufacturerList.Manufacturer"
"2013","AFMC/ESC","2013-07","2014-04","152","0.213","true","2013-03","C","BA","","","","","2014-BASE_PROCUREMENT-2014-AIRFORCE_OTHER-PROCUREMENT_MasterJustificationBook_Air_Force_PB_2014.zzz_unzipped-PROCUREMENT_MasterJustificationBook_Air_Force_PB_2014.xml","5900c9666985c01314d4a2a76f9022ef6609a516534f5cd224b6144f366eb840","1-d7fd10e35aa2313547c00b8c9bc53d2b414890509e7a814a64c6f5c3fb422daa","","","","","0-c6f8eafa65b5daf1532c5755b85e4fb48cf7c27bbe6930a2e21046bd04e8be8a","root.record.ItemExhibitList.P5Item.CostElementCategoryList.PackageFielding.Recurring.CostElementList.CostElement.ManufacturerList.Manufacturer"
"2018","AFMC/ESC","2018-03","2018-11","67","0.222","true","2018-01","C","BA","","","","","2014-BASE_PROCUREMENT-2014-AIRFORCE_OTHER-PROCUREMENT_MasterJustificationBook_Air_Force_PB_2014.zzz_unzipped-PROCUREMENT_MasterJustificationBook_Air_Force_PB_2014.xml","5900c9666985c01314d4a2a76f9022ef6609a516534f5cd224b6144f366eb840","2-1f2d7adff53bd252e9e07944a9bff353da7c792a0db66eca174be1b27218d34d","","","","","0-c6f8eafa65b5daf1532c5755b85e4fb48cf7c27bbe6930a2e21046bd04e8be8a","root.record.ItemExhibitList.P5Item.CostElementCategoryList.PackageFielding.Recurring.CostElementList.CostElement.ManufacturerList.Manufacturer"
"2013","AFMC/ESC","2013-04","2014-01","106","0.160","true","2013-01","C","BA","","","","","2014-BASE_PROCUREMENT-2014-AIRFORCE_OTHER-PROCUREMENT_MasterJustificationBook_Air_Force_PB_2014.zzz_unzipped-PROCUREMENT_MasterJustificationBook_Air_Force_PB_2014.xml","5900c9666985c01314d4a2a76f9022ef6609a516534f5cd224b6144f366eb840","0-52e513299919abce9643839eb1484c371aa39f72327bda91b2477cb5de66d8eb","","","","","0-e3fba77d8e4548ad77879fcd4b4bf39e16ae1f774c754ef44f0717df5d3be872","root.record.ItemExhibitList.P5Item.CostElementCategoryList.PackageFielding.Recurring.CostElementList.CostElement.ManufacturerList.Manufacturer"
"2014","AFMC/ESC","2014-04","2015-01","106","0.092","true","2014-01","C","BA","","","","","2014-BASE_PROCUREMENT-2014-AIRFORCE_OTHER-PROCUREMENT_MasterJustificationBook_Air_Force_PB_2014.zzz_unzipped-PROCUREMENT_MasterJustificationBook_Air_Force_PB_2014.xml","5900c9666985c01314d4a2a76f9022ef6609a516534f5cd224b6144f366eb840","1-fd3eda4a85ef69967514542f3cf6a3a608bcaebe01212feb49e4630e0226de1b","","","","","0-e3fba77d8e4548ad77879fcd4b4bf39e16ae1f774c754ef44f0717df5d3be872","root.record.ItemExhibitList.P5Item.CostElementCategoryList.PackageFielding.Recurring.CostElementList.CostElement.ManufacturerList.Manufacturer"
"2015","AFMC/ESC","2015-04","2016-01","106","0.094","true","2015-01","C","BA","","","","","2014-BASE_PROCUREMENT-2014-AIRFORCE_OTHER-PROCUREMENT_MasterJustificationBook_Air_Force_PB_2014.zzz_unzipped-PROCUREMENT_MasterJustificationBook_Air_Force_PB_2014.xml","5900c9666985c01314d4a2a76f9022ef6609a516534f5cd224b6144f366eb840","2-940824408a33c36a940117d09f6c05b7881d6b66b8c33b13adee6e54909befb6","","","","","0-e3fba77d8e4548ad77879fcd4b4bf39e16ae1f774c754ef44f0717df5d3be872","root.record.ItemExhibitList.P5Item.CostElementCategoryList.PackageFielding.Recurring.CostElementList.CostElement.ManufacturerList.Manufacturer"
"2016","AFMC/ESC","2016-04","2017-01","106","0.096","true","2016-01","C","BA","","","","","2014-BASE_PROCUREMENT-2014-AIRFORCE_OTHER-PROCUREMENT_MasterJustificationBook_Air_Force_PB_2014.zzz_unzipped-PROCUREMENT_MasterJustificationBook_Air_Force_PB_2014.xml","5900c9666985c01314d4a2a76f9022ef6609a516534f5cd224b6144f366eb840","3-5428c48a08297bb4d4eaff3df0dc020f0249531844578768a33d293204bc2a20","","","","","0-e3fba77d8e4548ad77879fcd4b4bf39e16ae1f774c754ef44f0717df5d3be872","root.record.ItemExhibitList.P5Item.CostElementCategoryList.PackageFielding.Recurring.CostElementList.CostElement.ManufacturerList.Manufacturer"
"2017","AFMC/ESC","2017-04","2018-01","106","0.098","true","2017-01","C","BA","","","","","2014-BASE_PROCUREMENT-2014-AIRFORCE_OTHER-PROCUREMENT_MasterJustificationBook_Air_Force_PB_2014.zzz_unzipped-PROCUREMENT_MasterJustificationBook_Air_Force_PB_2014.xml","5900c9666985c01314d4a2a76f9022ef6609a516534f5cd224b6144f366eb840","4-64c3264a5ffad7384df7e57b30c6445ca146d78aec80cbffb059db16b8cd4f46","","","","","0-e3fba77d8e4548ad77879fcd4b4bf39e16ae1f774c754ef44f0717df5d3be872","root.record.ItemExhibitList.P5Item.CostElementCategoryList.PackageFielding.Recurring.CostElementList.CostElement.ManufacturerList.Manufacturer"
"2018","AFMC/ESC","2018-04","2019-01","106","0.100","true","2018-01","C","BA","","","","","2014-BASE_PROCUREMENT-2014-AIRFORCE_OTHER-PROCUREMENT_MasterJustificationBook_Air_Force_PB_2014.zzz_unzipped-PROCUREMENT_MasterJustificationBook_Air_Force_PB_2014.xml","5900c9666985c01314d4a2a76f9022ef6609a516534f5cd224b6144f366eb840","5-21e44e565692f61c5c0c8c8298929b71b7e3834104f07af40ac2f70d6cc0d5ca","","","","","0-e3fba77d8e4548ad77879fcd4b4bf39e16ae1f774c754ef44f0717df5d3be872","root.record.ItemExhibitList.P5Item.CostElementCategoryList.PackageFielding.Recurring.CostElementList.CostElement.ManufacturerList.Manufacturer"
"2013","AFMC/ESC","2013-08","2014-05","226","0.013","true","2012-12","C","BA","","","","","2014-BASE_PROCUREMENT-2014-AIRFORCE_OTHER-PROCUREMENT_MasterJustificationBook_Air_Force_PB_2014.zzz_unzipped-PROCUREMENT_MasterJustificationBook_Air_Force_PB_2014.xml","5900c9666985c01314d4a2a76f9022ef6609a516534f5cd224b6144f366eb840","0-a18786b7e11b9c8ec0ce4cab444e78bc97eca4a24a0c71166100671b9a2ac6fe","","","","","0-c212a5ce4c5fd0df0767c433037c04327507e1cc242afae8478f8623f2d02a4f","root.record.ItemExhibitList.P5Item.CostElementCategoryList.PackageFielding.Recurring.CostElementList.CostElement.ManufacturerList.Manufacturer"
"2012","AFMC/ESC","2012-03","2012-11","107","0.246","true","2012-01","C","BA","","","","","2014-BASE_PROCUREMENT-2014-AIRFORCE_OTHER-PROCUREMENT_MasterJustificationBook_Air_Force_PB_2014.zzz_unzipped-PROCUREMENT_MasterJustificationBook_Air_Force_PB_2014.xml","5900c9666985c01314d4a2a76f9022ef6609a516534f5cd224b6144f366eb840","0-d7691b84e5ab1076818c5826ea4b532cb2d3c1779bbd69899c7aba37f40c78d1","","","","","0-2506055738fa7f8e48c607092917cae54d65134c23acb7cae01d70ab2ea2406e","root.record.ItemExhibitList.P5Item.CostElementCategoryList.PackageFielding.Recurring.CostElementList.CostElement.ManufacturerList.Manufacturer"
"2013","AFMC/ESC","2013-03","2013-11","107","0.100","true","2013-01","C","BA","","","","","2014-BASE_PROCUREMENT-2014-AIRFORCE_OTHER-PROCUREMENT_MasterJustificationBook_Air_Force_PB_2014.zzz_unzipped-PROCUREMENT_MasterJustificationBook_Air_Force_PB_2014.xml","5900c9666985c01314d4a2a76f9022ef6609a516534f5cd224b6144f366eb840","1-abb518fa011f0036f415249b73cf2bf2a43b4fecfff9fc71908bae6c987a1d1b","","","","","0-2506055738fa7f8e48c607092917cae54d65134c23acb7cae01d70ab2ea2406e","root.record.ItemExhibitList.P5Item.CostElementCategoryList.PackageFielding.Recurring.CostElementList.CostElement.ManufacturerList.Manufacturer"
"2014","AFMC/ESC","2014-03","2014-11","107","0.171","true","2014-01","C","BA","","","","","2014-BASE_PROCUREMENT-2014-AIRFORCE_OTHER-PROCUREMENT_MasterJustificationBook_Air_Force_PB_2014.zzz_unzipped-PROCUREMENT_MasterJustificationBook_Air_Force_PB_2014.xml","5900c9666985c01314d4a2a76f9022ef6609a516534f5cd224b6144f366eb840","2-72d13a3d753e014320ec540dfd5537eef30b33a2f025c90751e5c241f9316702","","","","","0-2506055738fa7f8e48c607092917cae54d65134c23acb7cae01d70ab2ea2406e","root.record.ItemExhibitList.P5Item.CostElementCategoryList.PackageFielding.Recurring.CostElementList.CostElement.ManufacturerList.Manufacturer"
"2015","AFMC/ESC","2015-03","2015-11","107","0.441","true","2015-01","C","BA","","","","","2014-BASE_PROCUREMENT-2014-AIRFORCE_OTHER-PROCUREMENT_MasterJustificationBook_Air_Force_PB_2014.zzz_unzipped-PROCUREMENT_MasterJustificationBook_Air_Force_PB_2014.xml","5900c9666985c01314d4a2a76f9022ef6609a516534f5cd224b6144f366eb840","3-0b0a19d35e6759355e6205006bdb7e999670fc78b69a3789cc62b0f79e5c8704","","","","","0-2506055738fa7f8e48c607092917cae54d65134c23acb7cae01d70ab2ea2406e","root.record.ItemExhibitList.P5Item.CostElementCategoryList.PackageFielding.Recurring.CostElementList.CostElement.ManufacturerList.Manufacturer"
"2016","AFMC/ESC","2016-03","2016-11","107","0.349","true","2016-01","C","BA","","","","","2014-BASE_PROCUREMENT-2014-AIRFORCE_OTHER-PROCUREMENT_MasterJustificationBook_Air_Force_PB_2014.zzz_unzipped-PROCUREMENT_MasterJustificationBook_Air_Force_PB_2014.xml","5900c9666985c01314d4a2a76f9022ef6609a516534f5cd224b6144f366eb840","4-199863ac7186a9be3010ff81a0e35a6dcb9fb871c045457cced4bea79214c036","","","","","0-2506055738fa7f8e48c607092917cae54d65134c23acb7cae01d70ab2ea2406e","root.record.ItemExhibitList.P5Item.CostElementCategoryList.PackageFielding.Recurring.CostElementList.CostElement.ManufacturerList.Manufacturer"
"2017","AFMC/ESC","2017-03","2017-11","107","0.372","true","2017-01","C","BA","","","","","2014-BASE_PROCUREMENT-2014-AIRFORCE_OTHER-PROCUREMENT_MasterJustificationBook_Air_Force_PB_2014.zzz_unzipped-PROCUREMENT_MasterJustificationBook_Air_Force_PB_2014.xml","5900c9666985c01314d4a2a76f9022ef6609a516534f5cd224b6144f366eb840","5-6bac1609e8e356806e5aeeed5f6cbb649c01983d062ac1cc9c1f148c81c7276b","","","","","0-2506055738fa7f8e48c607092917cae54d65134c23acb7cae01d70ab2ea2406e","root.record.ItemExhibitList.P5Item.CostElementCategoryList.PackageFielding.Recurring.CostElementList.CostElement.ManufacturerList.Manufacturer"
"2018","AFMC/ESC","2018-03","2018-11","107","0.174","true","2018-01","C","BA","","","","","2014-BASE_PROCUREMENT-2014-AIRFORCE_OTHER-PROCUREMENT_MasterJustificationBook_Air_Force_PB_2014.zzz_unzipped-PROCUREMENT_MasterJustificationBook_Air_Force_PB_2014.xml","5900c9666985c01314d4a2a76f9022ef6609a516534f5cd224b6144f366eb840","6-2377c566625914eac226dddf4f7915519691610ba7cb22bfb077c14edd38ce16","","","","","0-2506055738fa7f8e48c607092917cae54d65134c23acb7cae01d70ab2ea2406e","root.record.ItemExhibitList.P5Item.CostElementCategoryList.PackageFielding.Recurring.CostElementList.CostElement.ManufacturerList.Manufacturer"
"2015","ACC-NJ","2015-05","2016-05","1","13230.000","false","2013-02","C","CPIF","","","","","2015-BASE_PROCUREMENT-2015-ARMY_OTHER_2-PROCUREMENT_JustificationBook_Army_PB_2015.zzz_unzipped-PROCUREMENT_JustificationBook_Army_PB_2015.xml","15e3c75f11cb579415ed3ce04619f365cf2710febf04f777fc059e6e23827745","0-785381d2bc77d0a3b4f2304d8a13b7554628b97f191f21e69c1dae2fcd9b2852","","","","","0-3014a1ee07ce17f3c6f9f7d90f1d737bb22cb8b9c03b27e1c61363a4c6effe74","root.record.ItemExhibitList.P5Item.CostElementCategoryList.PackageFielding.Recurring.CostElementList.CostElement.ManufacturerList.Manufacturer"
"2016","AFLCMC Hanscom AFB","2015-11","2017-03","1","19.576","false","","","","","","","","2016-BASE_PROCUREMENT-2016-AIRFORCE_OTHER-PROCUREMENT_JustificationBook_Air_Force_PB_2016.zzz_unzipped-PROCUREMENT_JustificationBook_Air_Force_PB_2016.xml","8ecf5c6c6452e435852ecf4ce61c70ecc32c1b72674155a20b79c9ee6fe4d103","0-1d54ea8eda2e4ad688d96eaabbfdf276240374931ede98b977728cfe16e93e47","2015-10","TBD","","","0-e0ad145021fc7a07dd08e921acd0e3421b920d0ce86bb4466491eda4709f4355","root.record.ItemExhibitList.P5Item.CostElementCategoryList.PackageFielding.Recurring.CostElementList.CostElement.ManufacturerList.Manufacturer"
"2017","AFLCMC Hanscom AFB","2016-11","2017-11","4","10.857","false","","","","","","","","2016-BASE_PROCUREMENT-2016-AIRFORCE_OTHER-PROCUREMENT_JustificationBook_Air_Force_PB_2016.zzz_unzipped-PROCUREMENT_JustificationBook_Air_Force_PB_2016.xml","8ecf5c6c6452e435852ecf4ce61c70ecc32c1b72674155a20b79c9ee6fe4d103","1-584b62e733d605999d04c6f45222c4afb9b3ea02f2aad664496d11c3ba432faa","2015-10","TBD","","","0-e0ad145021fc7a07dd08e921acd0e3421b920d0ce86bb4466491eda4709f4355","root.record.ItemExhibitList.P5Item.CostElementCategoryList.PackageFielding.Recurring.CostElementList.CostElement.ManufacturerList.Manufacturer"
"2018","AFLCMC Hanscom AFB","2017-11","2018-11","1","9.300","false","","","","","","","","2016-BASE_PROCUREMENT-2016-AIRFORCE_OTHER-PROCUREMENT_JustificationBook_Air_Force_PB_2016.zzz_unzipped-PROCUREMENT_JustificationBook_Air_Force_PB_2016.xml","8ecf5c6c6452e435852ecf4ce61c70ecc32c1b72674155a20b79c9ee6fe4d103","2-a681c2147ab3b81c41c6d73960adf73c92074ea69e163a877f8acc19cce3a554","2015-10","TBD","","","0-e0ad145021fc7a07dd08e921acd0e3421b920d0ce86bb4466491eda4709f4355","root.record.ItemExhibitList.P5Item.CostElementCategoryList.PackageFielding.Recurring.CostElementList.CostElement.ManufacturerList.Manufacturer"
"2016","Hanscom AFB","2016-01","2016-07","1","11.600","true","","","","","","","","2016-BASE_PROCUREMENT-2016-AIRFORCE_OTHER-PROCUREMENT_JustificationBook_Air_Force_PB_2016.zzz_unzipped-PROCUREMENT_JustificationBook_Air_Force_PB_2016.xml","bce46289ef8f6407bbe591fc76b251a80583d0d995defaa591cb39eec921a4f4","0-510e1c8344a570d279925ff13475ab6b517a0c1a3b8a8a58630188d592bb7af3","","TBD","","","0-ce7ce60efc6b07e4bbae04c4231910aa9d553ec3d5cd27c08164e5e72bd6513d","root.record.ItemExhibitList.P5Item.CostElementCategoryList.PackageFielding.Recurring.CostElementList.CostElement.ManufacturerList.Manufacturer"
"2017","Hanscom AFB","2017-01","2017-07","1","2.456","true","","","","","","","","2016-BASE_PROCUREMENT-2016-AIRFORCE_OTHER-PROCUREMENT_JustificationBook_Air_Force_PB_2016.zzz_unzipped-PROCUREMENT_JustificationBook_Air_Force_PB_2016.xml","bce46289ef8f6407bbe591fc76b251a80583d0d995defaa591cb39eec921a4f4","1-28ce2385c4667f7f8d7450680b2e8bf6793cb12cd7cb21a762d1f1136b0e8af2","","TBD","","","0-ce7ce60efc6b07e4bbae04c4231910aa9d553ec3d5cd27c08164e5e72bd6513d","root.record.ItemExhibitList.P5Item.CostElementCategoryList.PackageFielding.Recurring.CostElementList.CostElement.ManufacturerList.Manufacturer"
"2016","Hanscom AFB","2016-01","2016-07","1","16.329","true","","","","","","","","2016-BASE_PROCUREMENT-2016-AIRFORCE_OTHER-PROCUREMENT_JustificationBook_Air_Force_PB_2016.zzz_unzipped-PROCUREMENT_JustificationBook_Air_Force_PB_2016.xml","bce46289ef8f6407bbe591fc76b251a80583d0d995defaa591cb39eec921a4f4","0-7564e5c182d23d8030aa269df73856827081d4a5a53529f9d30d6b45f76cbc5d","","TBD","","","0-b1e5146595a4cf51be9fc6b140cb703e470643a7f779f441b6077512dec6304d","root.record.ItemExhibitList.P5Item.CostElementCategoryList.PackageFielding.Recurring.CostElementList.CostElement.ManufacturerList.Manufacturer"
"2017","Hanscom AFB","2017-01","2017-07","1","0.943","true","","","","","","","","2016-BASE_PROCUREMENT-2016-AIRFORCE_OTHER-PROCUREMENT_JustificationBook_Air_Force_PB_2016.zzz_unzipped-PROCUREMENT_JustificationBook_Air_Force_PB_2016.xml","bce46289ef8f6407bbe591fc76b251a80583d0d995defaa591cb39eec921a4f4","1-1feed3cf70c6d17834a145f202f733eaedb54b5f7b58307d3c8436f63548c93b","","TBD","","","0-b1e5146595a4cf51be9fc6b140cb703e470643a7f779f441b6077512dec6304d","root.record.ItemExhibitList.P5Item.CostElementCategoryList.PackageFielding.Recurring.CostElementList.CostElement.ManufacturerList.Manufacturer"
"2018","Hanscom AFB","2018-01","2018-07","1","59.394","true","","","","","","","","2016-BASE_PROCUREMENT-2016-AIRFORCE_OTHER-PROCUREMENT_JustificationBook_Air_Force_PB_2016.zzz_unzipped-PROCUREMENT_JustificationBook_Air_Force_PB_2016.xml","bce46289ef8f6407bbe591fc76b251a80583d0d995defaa591cb39eec921a4f4","2-f0cd1123e2740ee7ba2d050e5c24e25f99dd718f15000d866ff85f111394ae93","","TBD","","","0-b1e5146595a4cf51be9fc6b140cb703e470643a7f779f441b6077512dec6304d","root.record.ItemExhibitList.P5Item.CostElementCategoryList.PackageFielding.Recurring.CostElementList.CostElement.ManufacturerList.Manufacturer"
"2019","Hanscom AFB","2019-01","2019-07","1","67.130","true","","","","","","","","2016-BASE_PROCUREMENT-2016-AIRFORCE_OTHER-PROCUREMENT_JustificationBook_Air_Force_PB_2016.zzz_unzipped-PROCUREMENT_JustificationBook_Air_Force_PB_2016.xml","bce46289ef8f6407bbe591fc76b251a80583d0d995defaa591cb39eec921a4f4","3-86d321097a12873ba7c8bbba1f86ab9b233cc63bcebf79665157492d015d673f","","TBD","","","0-b1e5146595a4cf51be9fc6b140cb703e470643a7f779f441b6077512dec6304d","root.record.ItemExhibitList.P5Item.CostElementCategoryList.PackageFielding.Recurring.CostElementList.CostElement.ManufacturerList.Manufacturer"
"2020","Hanscom AFB","2020-01","2020-07","1","76.080","true","","","","","","","","2016-BASE_PROCUREMENT-2016-AIRFORCE_OTHER-PROCUREMENT_JustificationBook_Air_Force_PB_2016.zzz_unzipped-PROCUREMENT_JustificationBook_Air_Force_PB_2016.xml","bce46289ef8f6407bbe591fc76b251a80583d0d995defaa591cb39eec921a4f4","4-7037d9cf75dde43872e056d40b13fbcb2ff0e9f215ee39860fc851295eeeebe0","","TBD","","","0-b1e5146595a4cf51be9fc6b140cb703e470643a7f779f441b6077512dec6304d","root.record.ItemExhibitList.P5Item.CostElementCategoryList.PackageFielding.Recurring.CostElementList.CostElement.ManufacturerList.Manufacturer"
"2016","Hanscom AFB","2016-01","2016-05","1","14.161","true","","","","","","","","2016-BASE_PROCUREMENT-2016-AIRFORCE_OTHER-PROCUREMENT_JustificationBook_Air_Force_PB_2016.zzz_unzipped-PROCUREMENT_JustificationBook_Air_Force_PB_2016.xml","bce46289ef8f6407bbe591fc76b251a80583d0d995defaa591cb39eec921a4f4","0-9805d2c980fddd03a7a099bded04b86ea7ca7c21de9ee5de0cafc0dc9516fadb","","TBD","","","0-917ee7d8183fae6c087b3627a5de15c90c0bbd0efd7467ca365b673e433ef2b0","root.record.ItemExhibitList.P5Item.CostElementCategoryList.PackageFielding.Recurring.CostElementList.CostElement.ManufacturerList.Manufacturer"
"2017","Hanscom AFB","2017-01","2017-05","1","36.414","true","","","","","","","","2016-BASE_PROCUREMENT-2016-AIRFORCE_OTHER-PROCUREMENT_JustificationBook_Air_Force_PB_2016.zzz_unzipped-PROCUREMENT_JustificationBook_Air_Force_PB_2016.xml","bce46289ef8f6407bbe591fc76b251a80583d0d995defaa591cb39eec921a4f4","1-b029dbeff7be8f4627ee6503f3650f51dab3e4b359f9e2c445d97b5699b37083","","TBD","","","0-917ee7d8183fae6c087b3627a5de15c90c0bbd0efd7467ca365b673e433ef2b0","root.record.ItemExhibitList.P5Item.CostElementCategoryList.PackageFielding.Recurring.CostElementList.CostElement.ManufacturerList.Manufacturer"
"2018","Hanscom AFB","2018-01","2018-05","1","46.284","true","","","","","","","","2016-BASE_PROCUREMENT-2016-AIRFORCE_OTHER-PROCUREMENT_JustificationBook_Air_Force_PB_2016.zzz_unzipped-PROCUREMENT_JustificationBook_Air_Force_PB_2016.xml","bce46289ef8f6407bbe591fc76b251a80583d0d995defaa591cb39eec921a4f4","2-4c85dc4416b82b21999f45ad16112a150a799bd0a074266bb8f84142eea06d29","","TBD","","","0-917ee7d8183fae6c087b3627a5de15c90c0bbd0efd7467ca365b673e433ef2b0","root.record.ItemExhibitList.P5Item.CostElementCategoryList.PackageFielding.Recurring.CostElementList.CostElement.ManufacturerList.Manufacturer"
"2019","Hanscom AFB","2019-01","2019-05","1","47.933","true","","","","","","","","2016-BASE_PROCUREMENT-2016-AIRFORCE_OTHER-PROCUREMENT_JustificationBook_Air_Force_PB_2016.zzz_unzipped-PROCUREMENT_JustificationBook_Air_Force_PB_2016.xml","bce46289ef8f6407bbe591fc76b251a80583d0d995defaa591cb39eec921a4f4","3-bda4d220a41870d8661836949e84cd3cf69fa99dfba459d084c888d7514b8c87","","TBD","","","0-917ee7d8183fae6c087b3627a5de15c90c0bbd0efd7467ca365b673e433ef2b0","root.record.ItemExhibitList.P5Item.CostElementCategoryList.PackageFielding.Recurring.CostElementList.CostElement.ManufacturerList.Manufacturer"
"2020","Hanscom AFB","2020-01","2020-07","1","12.020","true","","","","","","","","2016-BASE_PROCUREMENT-2016-AIRFORCE_OTHER-PROCUREMENT_JustificationBook_Air_Force_PB_2016.zzz_unzipped-PROCUREMENT_JustificationBook_Air_Force_PB_2016.xml","bce46289ef8f6407bbe591fc76b251a80583d0d995defaa591cb39eec921a4f4","4-f9d64613399c536e1bce530998e7bf9669439aae5f79a7457f5beafb6823c94f","","TBD","","","0-917ee7d8183fae6c087b3627a5de15c90c0bbd0efd7467ca365b673e433ef2b0","root.record.ItemExhibitList.P5Item.CostElementCategoryList.PackageFielding.Recurring.CostElementList.CostElement.ManufacturerList.Manufacturer"
"2014","Hanscom AFB","2015-03","2015-09","1","8.270","true","2014-09","C","LH","","","","","2016-BASE_PROCUREMENT-2016-AIRFORCE_OTHER-PROCUREMENT_JustificationBook_Air_Force_PB_2016.zzz_unzipped-PROCUREMENT_JustificationBook_Air_Force_PB_2016.xml","bce46289ef8f6407bbe591fc76b251a80583d0d995defaa591cb39eec921a4f4","0-4067366f51563314d89ff199dccbc362c400946f4ae4be4375d9f310eb44bb48","","","","","0-60a997273f915a95967578dd4fb5dfca30631fdcd68e21703d426285c25b7457","root.record.ItemExhibitList.P5Item.CostElementCategoryList.PackageFielding.Recurring.CostElementList.CostElement.ManufacturerList.Manufacturer"
"2015","Hanscom AFB","2016-01","2016-11","1","8.860","true","2015-08","C","LH","","","","","2016-BASE_PROCUREMENT-2016-AIRFORCE_OTHER-PROCUREMENT_JustificationBook_Air_Force_PB_2016.zzz_unzipped-PROCUREMENT_JustificationBook_Air_Force_PB_2016.xml","bce46289ef8f6407bbe591fc76b251a80583d0d995defaa591cb39eec921a4f4","0-d237b53a3863f14624a8b11e487a494e48575b59ee1672308d0e8222dec9a17f","","","","","1-12cf33999318e32215fa82c09d7e81981ed2c17ec1dcd8784f720ceeb6eb16d2","root.record.ItemExhibitList.P5Item.CostElementCategoryList.PackageFielding.Recurring.CostElementList.CostElement.ManufacturerList.Manufacturer"
"2016","Hanscom AFB","2016-01","2016-07","1","9.180","true","","C","LH","","","","","2016-BASE_PROCUREMENT-2016-AIRFORCE_OTHER-PROCUREMENT_JustificationBook_Air_Force_PB_2016.zzz_unzipped-PROCUREMENT_JustificationBook_Air_Force_PB_2016.xml","bce46289ef8f6407bbe591fc76b251a80583d0d995defaa591cb39eec921a4f4","1-acf5e06c454af505d436aff4464fbd2167c8e8d22623fd9288104a675fca520b","","","","","1-12cf33999318e32215fa82c09d7e81981ed2c17ec1dcd8784f720ceeb6eb16d2","root.record.ItemExhibitList.P5Item.CostElementCategoryList.PackageFielding.Recurring.CostElementList.CostElement.ManufacturerList.Manufacturer"
"2017","Hanscom AFB","2017-05","2018-05","1","9.446","true","","C","LH","","","","","2016-BASE_PROCUREMENT-2016-AIRFORCE_OTHER-PROCUREMENT_JustificationBook_Air_Force_PB_2016.zzz_unzipped-PROCUREMENT_JustificationBook_Air_Force_PB_2016.xml","bce46289ef8f6407bbe591fc76b251a80583d0d995defaa591cb39eec921a4f4","2-13d911317c5fd42673eb734823d7ca7a518acc18661162194b9f4f98b2951091","","","","","1-12cf33999318e32215fa82c09d7e81981ed2c17ec1dcd8784f720ceeb6eb16d2","root.record.ItemExhibitList.P5Item.CostElementCategoryList.PackageFielding.Recurring.CostElementList.CostElement.ManufacturerList.Manufacturer"
"2018","Hanscom AFB","2018-01","2018-07","1","10.143","true","","C","LH","","","","","2016-BASE_PROCUREMENT-2016-AIRFORCE_OTHER-PROCUREMENT_JustificationBook_Air_Force_PB_2016.zzz_unzipped-PROCUREMENT_JustificationBook_Air_Force_PB_2016.xml","bce46289ef8f6407bbe591fc76b251a80583d0d995defaa591cb39eec921a4f4","3-8756ef59265a247785f329cd560d6740d863c42dc3f38cc4973c5b8699fdc7f1","","","","","1-12cf33999318e32215fa82c09d7e81981ed2c17ec1dcd8784f720ceeb6eb16d2","root.record.ItemExhibitList.P5Item.CostElementCategoryList.PackageFielding.Recurring.CostElementList.CostElement.ManufacturerList.Manufacturer"
"2019","Hanscom AFB","2018-11","2019-11","1","13.800","true","","C","LH","","","","","2016-BASE_PROCUREMENT-2016-AIRFORCE_OTHER-PROCUREMENT_JustificationBook_Air_Force_PB_2016.zzz_unzipped-PROCUREMENT_JustificationBook_Air_Force_PB_2016.xml","bce46289ef8f6407bbe591fc76b251a80583d0d995defaa591cb39eec921a4f4","4-ab2f37c5d850076668704f6a00228ef4d5220f1acd6136df404c00489511861b","","","","","1-12cf33999318e32215fa82c09d7e81981ed2c17ec1dcd8784f720ceeb6eb16d2","root.record.ItemExhibitList.P5Item.CostElementCategoryList.PackageFielding.Recurring.CostElementList.CostElement.ManufacturerList.Manufacturer"
"2020","Hanscom AFB","2020-01","2020-07","1","11.776","true","","C","LH","","","","","2016-BASE_PROCUREMENT-2016-AIRFORCE_OTHER-PROCUREMENT_JustificationBook_Air_Force_PB_2016.zzz_unzipped-PROCUREMENT_JustificationBook_Air_Force_PB_2016.xml","bce46289ef8f6407bbe591fc76b251a80583d0d995defaa591cb39eec921a4f4","5-f0c4619c9b81eedabc6ecb9fd9212270575531ab971060262e5a64310fa60b79","","","","","1-12cf33999318e32215fa82c09d7e81981ed2c17ec1dcd8784f720ceeb6eb16d2","root.record.ItemExhibitList.P5Item.CostElementCategoryList.PackageFielding.Recurring.CostElementList.CostElement.ManufacturerList.Manufacturer"
"2014","Hanscom AFB","2014-10","2015-04","1","41.050","true","2014-04","C","FFP","","","","","2016-BASE_PROCUREMENT-2016-AIRFORCE_OTHER-PROCUREMENT_JustificationBook_Air_Force_PB_2016.zzz_unzipped-PROCUREMENT_JustificationBook_Air_Force_PB_2016.xml","bce46289ef8f6407bbe591fc76b251a80583d0d995defaa591cb39eec921a4f4","0-0166719ff1c2df151f18bae770452abe8f4c69dc04c102d2f7229053174f51ec","","","","","0-b69411e699510fa9c2aefcb081cc83d78a8d41c397e943bc4abb487d99025c19","root.record.ItemExhibitList.P5Item.CostElementCategoryList.PackageFielding.Recurring.CostElementList.CostElement.ManufacturerList.Manufacturer"
"2015","Hanscom AFB","2016-06","2016-12","1","8.800","true","2014-04","C","FFP","","","","","2016-BASE_PROCUREMENT-2016-AIRFORCE_OTHER-PROCUREMENT_JustificationBook_Air_Force_PB_2016.zzz_unzipped-PROCUREMENT_JustificationBook_Air_Force_PB_2016.xml","bce46289ef8f6407bbe591fc76b251a80583d0d995defaa591cb39eec921a4f4","1-f1f3a1ad28d705f3b219622cb0bf07e1abf54ddbc8b3e1b1d05d500e8ffd78c1","","","","","0-b69411e699510fa9c2aefcb081cc83d78a8d41c397e943bc4abb487d99025c19","root.record.ItemExhibitList.P5Item.CostElementCategoryList.PackageFielding.Recurring.CostElementList.CostElement.ManufacturerList.Manufacturer"
"2014","Hanscom AFB","2014-07","2015-01","1","1.590","true","2014-01","C","FFP","","","","","2016-BASE_PROCUREMENT-2016-AIRFORCE_OTHER-PROCUREMENT_JustificationBook_Air_Force_PB_2016.zzz_unzipped-PROCUREMENT_JustificationBook_Air_Force_PB_2016.xml","bce46289ef8f6407bbe591fc76b251a80583d0d995defaa591cb39eec921a4f4","0-45fa05414e84c4d4565526effe09c2c60af9d0c5fa51e178f58e8bc18fddb607","","","","","0-4ac229aed95381cc080355d29d8324e8a04f66e82ac9e6540e739ad9dfc0f8eb","root.record.ItemExhibitList.P5Item.CostElementCategoryList.PackageFielding.Recurring.CostElementList.CostElement.ManufacturerList.Manufacturer"
"2015","Hanscom AFB","2015-02","2015-08","1","50.400","true","2014-08","","","","","","","2016-BASE_PROCUREMENT-2016-AIRFORCE_OTHER-PROCUREMENT_JustificationBook_Air_Force_PB_2016.zzz_unzipped-PROCUREMENT_JustificationBook_Air_Force_PB_2016.xml","bce46289ef8f6407bbe591fc76b251a80583d0d995defaa591cb39eec921a4f4","0-7b3aa0429e82a59309e670b5daf6c7a298fd23743443c916e01e1646ca6d0290","","TBD","","","1-3f4a543d15950b5c1814fdfd7be407d4f385f6025a70e222252e43f86407ae12","root.record.ItemExhibitList.P5Item.CostElementCategoryList.PackageFielding.Recurring.CostElementList.CostElement.ManufacturerList.Manufacturer"
"2016","AFLCMC Hanscom AFB","2015-11","2017-03","1","19.576","false","","","","","","","","2016-BASE_PROCUREMENT-2016-AIRFORCE_OTHER-PROCUREMENT_MasterJustificationBook_Air_Force_PB_2016.zzz_unzipped-PROCUREMENT_MasterJustificationBook_Air_Force_PB_2016.xml","1197427e5a2bf1f1f1ef07b0ac162fb683a02ffc71fb76677769f0f00e64a713","0-380e32462eb0a88b22a75ae3f73989c45ba2da9c15623ce24668f253216202e1","2015-10","TBD","","","0-7ba92703a3df5f9d9337c957acb96e0993645544145e158f580e8ff873ce80e4","root.record.ItemExhibitList.P5Item.CostElementCategoryList.PackageFielding.Recurring.CostElementList.CostElement.ManufacturerList.Manufacturer"
"2017","AFLCMC Hanscom AFB","2016-11","2017-11","4","10.857","false","","","","","","","","2016-BASE_PROCUREMENT-2016-AIRFORCE_OTHER-PROCUREMENT_MasterJustificationBook_Air_Force_PB_2016.zzz_unzipped-PROCUREMENT_MasterJustificationBook_Air_Force_PB_2016.xml","1197427e5a2bf1f1f1ef07b0ac162fb683a02ffc71fb76677769f0f00e64a713","1-ee9bf15d33da857a2e075d1c2ea6bc173cbbaff44fdbb4e107d6aebdb92a1892","2015-10","TBD","","","0-7ba92703a3df5f9d9337c957acb96e0993645544145e158f580e8ff873ce80e4","root.record.ItemExhibitList.P5Item.CostElementCategoryList.PackageFielding.Recurring.CostElementList.CostElement.ManufacturerList.Manufacturer"
"2018","AFLCMC Hanscom AFB","2017-11","2018-11","1","9.300","false","","","","","","","","2016-BASE_PROCUREMENT-2016-AIRFORCE_OTHER-PROCUREMENT_MasterJustificationBook_Air_Force_PB_2016.zzz_unzipped-PROCUREMENT_MasterJustificationBook_Air_Force_PB_2016.xml","1197427e5a2bf1f1f1ef07b0ac162fb683a02ffc71fb76677769f0f00e64a713","2-68724b9572f037d69271eceec9f321e1962f2d55d36c5ccc7c52ed977ef57011","2015-10","TBD","","","0-7ba92703a3df5f9d9337c957acb96e0993645544145e158f580e8ff873ce80e4","root.record.ItemExhibitList.P5Item.CostElementCategoryList.PackageFielding.Recurring.CostElementList.CostElement.ManufacturerList.Manufacturer"
"2016","Hanscom AFB","2016-01","2016-07","1","11.600","true","","","","","","","","2016-BASE_PROCUREMENT-2016-AIRFORCE_OTHER-PROCUREMENT_MasterJustificationBook_Air_Force_PB_2016.zzz_unzipped-PROCUREMENT_MasterJustificationBook_Air_Force_PB_2016.xml","b65725f2c732bfd8660e7280a5d35a4fef39e530ec50e75461aa335166c102b1","0-e1761cabae99577901eb72e9316d1378e3eabf8b4b2feaa543a0f6fa2753a6ce","","TBD","","","0-a1a734faa28d94c05875fc86af9d71d1223870cc27323aabe985d7c106486e21","root.record.ItemExhibitList.P5Item.CostElementCategoryList.PackageFielding.Recurring.CostElementList.CostElement.ManufacturerList.Manufacturer"
"2017","Hanscom AFB","2017-01","2017-07","1","2.456","true","","","","","","","","2016-BASE_PROCUREMENT-2016-AIRFORCE_OTHER-PROCUREMENT_MasterJustificationBook_Air_Force_PB_2016.zzz_unzipped-PROCUREMENT_MasterJustificationBook_Air_Force_PB_2016.xml","b65725f2c732bfd8660e7280a5d35a4fef39e530ec50e75461aa335166c102b1","1-b4dc841b1f5c37ebb4982fec7e41683abf8dcf354fbc98973bb437e0d93bbcd8","","TBD","","","0-a1a734faa28d94c05875fc86af9d71d1223870cc27323aabe985d7c106486e21","root.record.ItemExhibitList.P5Item.CostElementCategoryList.PackageFielding.Recurring.CostElementList.CostElement.ManufacturerList.Manufacturer"
"2016","Hanscom AFB","2016-01","2016-07","1","16.329","true","","","","","","","","2016-BASE_PROCUREMENT-2016-AIRFORCE_OTHER-PROCUREMENT_MasterJustificationBook_Air_Force_PB_2016.zzz_unzipped-PROCUREMENT_MasterJustificationBook_Air_Force_PB_2016.xml","b65725f2c732bfd8660e7280a5d35a4fef39e530ec50e75461aa335166c102b1","0-1a7880af988383e065c7c9a98029e97cf240d45cf45c6b148291cece8d7d4ad2","","TBD","","","0-636369d0f3c69d95c3a31a1acb42a23dbd4da54b1983734b80f5d1e2672b2126","root.record.ItemExhibitList.P5Item.CostElementCategoryList.PackageFielding.Recurring.CostElementList.CostElement.ManufacturerList.Manufacturer"
"2017","Hanscom AFB","2017-01","2017-07","1","0.943","true","","","","","","","","2016-BASE_PROCUREMENT-2016-AIRFORCE_OTHER-PROCUREMENT_MasterJustificationBook_Air_Force_PB_2016.zzz_unzipped-PROCUREMENT_MasterJustificationBook_Air_Force_PB_2016.xml","b65725f2c732bfd8660e7280a5d35a4fef39e530ec50e75461aa335166c102b1","1-b26c9af425a4c0bcccdb1df1849ce73e436a58a873a5a9151dafef8baa358c58","","TBD","","","0-636369d0f3c69d95c3a31a1acb42a23dbd4da54b1983734b80f5d1e2672b2126","root.record.ItemExhibitList.P5Item.CostElementCategoryList.PackageFielding.Recurring.CostElementList.CostElement.ManufacturerList.Manufacturer"
"2018","Hanscom AFB","2018-01","2018-07","1","59.394","true","","","","","","","","2016-BASE_PROCUREMENT-2016-AIRFORCE_OTHER-PROCUREMENT_MasterJustificationBook_Air_Force_PB_2016.zzz_unzipped-PROCUREMENT_MasterJustificationBook_Air_Force_PB_2016.xml","b65725f2c732bfd8660e7280a5d35a4fef39e530ec50e75461aa335166c102b1","2-845b4711967c57f149806040bbfebba9941d142dbfdd18be3d1080e8c6292769","","TBD","","","0-636369d0f3c69d95c3a31a1acb42a23dbd4da54b1983734b80f5d1e2672b2126","root.record.ItemExhibitList.P5Item.CostElementCategoryList.PackageFielding.Recurring.CostElementList.CostElement.ManufacturerList.Manufacturer"
"2019","Hanscom AFB","2019-01","2019-07","1","67.130","true","","","","","","","","2016-BASE_PROCUREMENT-2016-AIRFORCE_OTHER-PROCUREMENT_MasterJustificationBook_Air_Force_PB_2016.zzz_unzipped-PROCUREMENT_MasterJustificationBook_Air_Force_PB_2016.xml","b65725f2c732bfd8660e7280a5d35a4fef39e530ec50e75461aa335166c102b1","3-cb835a044421d9f276915bcdb121976782ea567e84cf14afe2b21e51218e57fa","","TBD","","","0-636369d0f3c69d95c3a31a1acb42a23dbd4da54b1983734b80f5d1e2672b2126","root.record.ItemExhibitList.P5Item.CostElementCategoryList.PackageFielding.Recurring.CostElementList.CostElement.ManufacturerList.Manufacturer"
"2020","Hanscom AFB","2020-01","2020-07","1","76.080","true","","","","","","","","2016-BASE_PROCUREMENT-2016-AIRFORCE_OTHER-PROCUREMENT_MasterJustificationBook_Air_Force_PB_2016.zzz_unzipped-PROCUREMENT_MasterJustificationBook_Air_Force_PB_2016.xml","b65725f2c732bfd8660e7280a5d35a4fef39e530ec50e75461aa335166c102b1","4-1fecbe26ca1abfb8a0ba1e2ecfd10ddb517bb2a3d107682dba003f07a2c593bb","","TBD","","","0-636369d0f3c69d95c3a31a1acb42a23dbd4da54b1983734b80f5d1e2672b2126","root.record.ItemExhibitList.P5Item.CostElementCategoryList.PackageFielding.Recurring.CostElementList.CostElement.ManufacturerList.Manufacturer"
"2016","Hanscom AFB","2016-01","2016-05","1","14.161","true","","","","","","","","2016-BASE_PROCUREMENT-2016-AIRFORCE_OTHER-PROCUREMENT_MasterJustificationBook_Air_Force_PB_2016.zzz_unzipped-PROCUREMENT_MasterJustificationBook_Air_Force_PB_2016.xml","b65725f2c732bfd8660e7280a5d35a4fef39e530ec50e75461aa335166c102b1","0-0739a54717c41123c0595a34af578572ebb0f1823ce5ba4b834bc164573147f8","","TBD","","","0-dac66a7bb07fb4724deb1b03e103ebb020400d50e712bc4ad12f4931c3d949d6","root.record.ItemExhibitList.P5Item.CostElementCategoryList.PackageFielding.Recurring.CostElementList.CostElement.ManufacturerList.Manufacturer"
"2017","Hanscom AFB","2017-01","2017-05","1","36.414","true","","","","","","","","2016-BASE_PROCUREMENT-2016-AIRFORCE_OTHER-PROCUREMENT_MasterJustificationBook_Air_Force_PB_2016.zzz_unzipped-PROCUREMENT_MasterJustificationBook_Air_Force_PB_2016.xml","b65725f2c732bfd8660e7280a5d35a4fef39e530ec50e75461aa335166c102b1","1-f8713d5d65083b420d9064123d612ac70480d4244e4d15f180aa8c1945956bd2","","TBD","","","0-dac66a7bb07fb4724deb1b03e103ebb020400d50e712bc4ad12f4931c3d949d6","root.record.ItemExhibitList.P5Item.CostElementCategoryList.PackageFielding.Recurring.CostElementList.CostElement.ManufacturerList.Manufacturer"
"2018","Hanscom AFB","2018-01","2018-05","1","46.284","true","","","","","","","","2016-BASE_PROCUREMENT-2016-AIRFORCE_OTHER-PROCUREMENT_MasterJustificationBook_Air_Force_PB_2016.zzz_unzipped-PROCUREMENT_MasterJustificationBook_Air_Force_PB_2016.xml","b65725f2c732bfd8660e7280a5d35a4fef39e530ec50e75461aa335166c102b1","2-dd8c621153252338894e23260b87aee0bd21e1e9877bfc045ee6accd186ee576","","TBD","","","0-dac66a7bb07fb4724deb1b03e103ebb020400d50e712bc4ad12f4931c3d949d6","root.record.ItemExhibitList.P5Item.CostElementCategoryList.PackageFielding.Recurring.CostElementList.CostElement.ManufacturerList.Manufacturer"
"2019","Hanscom AFB","2019-01","2019-05","1","47.933","true","","","","","","","","2016-BASE_PROCUREMENT-2016-AIRFORCE_OTHER-PROCUREMENT_MasterJustificationBook_Air_Force_PB_2016.zzz_unzipped-PROCUREMENT_MasterJustificationBook_Air_Force_PB_2016.xml","b65725f2c732bfd8660e7280a5d35a4fef39e530ec50e75461aa335166c102b1","3-db2484079180990635648c078ce6b897bfe4d923fc33801c380042abf70bbcd7","","TBD","","","0-dac66a7bb07fb4724deb1b03e103ebb020400d50e712bc4ad12f4931c3d949d6","root.record.ItemExhibitList.P5Item.CostElementCategoryList.PackageFielding.Recurring.CostElementList.CostElement.ManufacturerList.Manufacturer"
"2020","Hanscom AFB","2020-01","2020-07","1","12.020","true","","","","","","","","2016-BASE_PROCUREMENT-2016-AIRFORCE_OTHER-PROCUREMENT_MasterJustificationBook_Air_Force_PB_2016.zzz_unzipped-PROCUREMENT_MasterJustificationBook_Air_Force_PB_2016.xml","b65725f2c732bfd8660e7280a5d35a4fef39e530ec50e75461aa335166c102b1","4-c0d9d4e61fa95312121568c657777dc2070ad9b78fcd3dfe783141ac0fa07252","","TBD","","","0-dac66a7bb07fb4724deb1b03e103ebb020400d50e712bc4ad12f4931c3d949d6","root.record.ItemExhibitList.P5Item.CostElementCategoryList.PackageFielding.Recurring.CostElementList.CostElement.ManufacturerList.Manufacturer"
"2014","Hanscom AFB","2015-03","2015-09","1","8.270","true","2014-09","C","LH","","","","","2016-BASE_PROCUREMENT-2016-AIRFORCE_OTHER-PROCUREMENT_MasterJustificationBook_Air_Force_PB_2016.zzz_unzipped-PROCUREMENT_MasterJustificationBook_Air_Force_PB_2016.xml","b65725f2c732bfd8660e7280a5d35a4fef39e530ec50e75461aa335166c102b1","0-607ef64ea90d0bdaee1049054c4b0c1d780d86095531a4f166c3142ec34d3d05","","","","","0-838bbc37c80e87a2144288d344085b7c60dcd61ac52b8971faca9f1af9614fa0","root.record.ItemExhibitList.P5Item.CostElementCategoryList.PackageFielding.Recurring.CostElementList.CostElement.ManufacturerList.Manufacturer"
"2015","Hanscom AFB","2016-01","2016-11","1","8.860","true","2015-08","C","LH","","","","","2016-BASE_PROCUREMENT-2016-AIRFORCE_OTHER-PROCUREMENT_MasterJustificationBook_Air_Force_PB_2016.zzz_unzipped-PROCUREMENT_MasterJustificationBook_Air_Force_PB_2016.xml","b65725f2c732bfd8660e7280a5d35a4fef39e530ec50e75461aa335166c102b1","0-be167115387516f309057464f973133a29f071139dc2570ff83c599d09d4549f","","","","","1-e2808162a045cf65db281f82979a4c78c3ff9fecc586484c28b4307d0c26e3c8","root.record.ItemExhibitList.P5Item.CostElementCategoryList.PackageFielding.Recurring.CostElementList.CostElement.ManufacturerList.Manufacturer"
"2016","Hanscom AFB","2016-01","2016-07","1","9.180","true","","C","LH","","","","","2016-BASE_PROCUREMENT-2016-AIRFORCE_OTHER-PROCUREMENT_MasterJustificationBook_Air_Force_PB_2016.zzz_unzipped-PROCUREMENT_MasterJustificationBook_Air_Force_PB_2016.xml","b65725f2c732bfd8660e7280a5d35a4fef39e530ec50e75461aa335166c102b1","1-be596ab2657942214f781468868aad801753749b1e57f09cded61ff13e7f0909","","","","","1-e2808162a045cf65db281f82979a4c78c3ff9fecc586484c28b4307d0c26e3c8","root.record.ItemExhibitList.P5Item.CostElementCategoryList.PackageFielding.Recurring.CostElementList.CostElement.ManufacturerList.Manufacturer"
"2017","Hanscom AFB","2017-05","2018-05","1","9.446","true","","C","LH","","","","","2016-BASE_PROCUREMENT-2016-AIRFORCE_OTHER-PROCUREMENT_MasterJustificationBook_Air_Force_PB_2016.zzz_unzipped-PROCUREMENT_MasterJustificationBook_Air_Force_PB_2016.xml","b65725f2c732bfd8660e7280a5d35a4fef39e530ec50e75461aa335166c102b1","2-fd23a647baec4febebd1674d3c7a29daa7750d270837d33f4df50f9b70d233b1","","","","","1-e2808162a045cf65db281f82979a4c78c3ff9fecc586484c28b4307d0c26e3c8","root.record.ItemExhibitList.P5Item.CostElementCategoryList.PackageFielding.Recurring.CostElementList.CostElement.ManufacturerList.Manufacturer"
"2018","Hanscom AFB","2018-01","2018-07","1","10.143","true","","C","LH","","","","","2016-BASE_PROCUREMENT-2016-AIRFORCE_OTHER-PROCUREMENT_MasterJustificationBook_Air_Force_PB_2016.zzz_unzipped-PROCUREMENT_MasterJustificationBook_Air_Force_PB_2016.xml","b65725f2c732bfd8660e7280a5d35a4fef39e530ec50e75461aa335166c102b1","3-3f5c553efebafb0ecdff6cbee63a90d6884c2d8e4045f2761cce8b961b0045dc","","","","","1-e2808162a045cf65db281f82979a4c78c3ff9fecc586484c28b4307d0c26e3c8","root.record.ItemExhibitList.P5Item.CostElementCategoryList.PackageFielding.Recurring.CostElementList.CostElement.ManufacturerList.Manufacturer"
"2019","Hanscom AFB","2018-11","2019-11","1","13.800","true","","C","LH","","","","","2016-BASE_PROCUREMENT-2016-AIRFORCE_OTHER-PROCUREMENT_MasterJustificationBook_Air_Force_PB_2016.zzz_unzipped-PROCUREMENT_MasterJustificationBook_Air_Force_PB_2016.xml","b65725f2c732bfd8660e7280a5d35a4fef39e530ec50e75461aa335166c102b1","4-051c721e68f80836b1563467b6cc58ce9c90f57c687656d3aff4a87f8a60c85c","","","","","1-e2808162a045cf65db281f82979a4c78c3ff9fecc586484c28b4307d0c26e3c8","root.record.ItemExhibitList.P5Item.CostElementCategoryList.PackageFielding.Recurring.CostElementList.CostElement.ManufacturerList.Manufacturer"
"2020","Hanscom AFB","2020-01","2020-07","1","11.776","true","","C","LH","","","","","2016-BASE_PROCUREMENT-2016-AIRFORCE_OTHER-PROCUREMENT_MasterJustificationBook_Air_Force_PB_2016.zzz_unzipped-PROCUREMENT_MasterJustificationBook_Air_Force_PB_2016.xml","b65725f2c732bfd8660e7280a5d35a4fef39e530ec50e75461aa335166c102b1","5-b6a932e85dc9cfe3ccae6c09cdd29ab293d75a87ac047a2d884c2cb80ec0d4ba","","","","","1-e2808162a045cf65db281f82979a4c78c3ff9fecc586484c28b4307d0c26e3c8","root.record.ItemExhibitList.P5Item.CostElementCategoryList.PackageFielding.Recurring.CostElementList.CostElement.ManufacturerList.Manufacturer"
"2014","Hanscom AFB","2014-10","2015-04","1","41.050","true","2014-04","C","FFP","","","","","2016-BASE_PROCUREMENT-2016-AIRFORCE_OTHER-PROCUREMENT_MasterJustificationBook_Air_Force_PB_2016.zzz_unzipped-PROCUREMENT_MasterJustificationBook_Air_Force_PB_2016.xml","b65725f2c732bfd8660e7280a5d35a4fef39e530ec50e75461aa335166c102b1","0-c6918c57d7b9a9368eac2023541beaea4d498de3846ccb027ffdf9cd57cb875e","","","","","0-23ee21f7f0fc3808e12da361f5388ecd3d6bc04ebd869a6640f85aeec5600595","root.record.ItemExhibitList.P5Item.CostElementCategoryList.PackageFielding.Recurring.CostElementList.CostElement.ManufacturerList.Manufacturer"
"2015","Hanscom AFB","2016-06","2016-12","1","8.800","true","2014-04","C","FFP","","","","","2016-BASE_PROCUREMENT-2016-AIRFORCE_OTHER-PROCUREMENT_MasterJustificationBook_Air_Force_PB_2016.zzz_unzipped-PROCUREMENT_MasterJustificationBook_Air_Force_PB_2016.xml","b65725f2c732bfd8660e7280a5d35a4fef39e530ec50e75461aa335166c102b1","1-ae8fa40586b8dd15cf2c0af1f094f000b6c9aa0d6509bf2041f43d5502851e3e","","","","","0-23ee21f7f0fc3808e12da361f5388ecd3d6bc04ebd869a6640f85aeec5600595","root.record.ItemExhibitList.P5Item.CostElementCategoryList.PackageFielding.Recurring.CostElementList.CostElement.ManufacturerList.Manufacturer"
"2014","Hanscom AFB","2014-07","2015-01","1","1.590","true","2014-01","C","FFP","","","","","2016-BASE_PROCUREMENT-2016-AIRFORCE_OTHER-PROCUREMENT_MasterJustificationBook_Air_Force_PB_2016.zzz_unzipped-PROCUREMENT_MasterJustificationBook_Air_Force_PB_2016.xml","b65725f2c732bfd8660e7280a5d35a4fef39e530ec50e75461aa335166c102b1","0-12e27d5d0614ac57de836ca6051cf912112c6e58532abeb14c338b25e8badcb6","","","","","0-8a0897319207dcdb3b34eb21b562d834c45c16230f875806b3485b8f68e02077","root.record.ItemExhibitList.P5Item.CostElementCategoryList.PackageFielding.Recurring.CostElementList.CostElement.ManufacturerList.Manufacturer"
"2015","Hanscom AFB","2015-02","2015-08","1","50.400","true","2014-08","","","","","","","2016-BASE_PROCUREMENT-2016-AIRFORCE_OTHER-PROCUREMENT_MasterJustificationBook_Air_Force_PB_2016.zzz_unzipped-PROCUREMENT_MasterJustificationBook_Air_Force_PB_2016.xml","b65725f2c732bfd8660e7280a5d35a4fef39e530ec50e75461aa335166c102b1","0-5472d7e3d82342a2dff1f05d710fdcc8ef56d7287bc6d3eb58c4fdeb608a2a86","","TBD","","","1-c679e122139c8fc9f62bb6fa971f72bda69464e600747d38e46d40540fcf3d68","root.record.ItemExhibitList.P5Item.CostElementCategoryList.PackageFielding.Recurring.CostElementList.CostElement.ManufacturerList.Manufacturer"
"2016","AFLCMC Hanscom AFB","2016-07","2016-10","1","10.936","false","","","","Air Force","1","","2017-BASE_PROCUREMENT-2017-AIRFORCE_OTHER-U_PROCUREMENT_JustificationBook_Air_Force_PB_2017.zzz_unzipped-U_PROCUREMENT_JustificationBook_Air_Force_PB_2017.xml","bcc662e800dc8bb76a8285528cc168abcc6312deba5f8a8505391946132986f2","0-5c3d539eb18f72b55832f09040aa071847d067c3fc59cac26fabeb3889bf1193","2015-10","TBD","1","0-0a8070bcd951dcc11a15c0d93319c07cdedf007e2468d4970f97e6f097997e8b","root.record.ItemExhibitList.P5Item.CostElementCategoryList.PackageFielding.Recurring.CostElementList.CostElement.ManufacturerList.Manufacturer"
"2017","AFLCMC Hanscom AFB","2016-10","2017-02","2","11.222","false","","","","Air Force","2","","2017-BASE_PROCUREMENT-2017-AIRFORCE_OTHER-U_PROCUREMENT_JustificationBook_Air_Force_PB_2017.zzz_unzipped-U_PROCUREMENT_JustificationBook_Air_Force_PB_2017.xml","bcc662e800dc8bb76a8285528cc168abcc6312deba5f8a8505391946132986f2","1-03e371165ee8991fdb7b99b3e27df359112224eeb55ba9b88f9cd223ceea8041","2015-10","TBD","2","0-0a8070bcd951dcc11a15c0d93319c07cdedf007e2468d4970f97e6f097997e8b","root.record.ItemExhibitList.P5Item.CostElementCategoryList.PackageFielding.Recurring.CostElementList.CostElement.ManufacturerList.Manufacturer"
"2018","AFLCMC Hanscom AFB","2017-10","2018-02","3","2.937","false","","","","Air Force","3","","2017-BASE_PROCUREMENT-2017-AIRFORCE_OTHER-U_PROCUREMENT_JustificationBook_Air_Force_PB_2017.zzz_unzipped-U_PROCUREMENT_JustificationBook_Air_Force_PB_2017.xml","bcc662e800dc8bb76a8285528cc168abcc6312deba5f8a8505391946132986f2","2-40a1221d6757f8980b94a7ae4f757f989155924588181004def97aa6f9257054","2015-10","TBD","3","0-0a8070bcd951dcc11a15c0d93319c07cdedf007e2468d4970f97e6f097997e8b","root.record.ItemExhibitList.P5Item.CostElementCategoryList.PackageFielding.Recurring.CostElementList.CostElement.ManufacturerList.Manufacturer"
"2016","AFLCMC Hanscom AFB","2016-07","2016-10","1","10.936","false","","","","Air Force","1","","2017-BASE_PROCUREMENT-2017-AIRFORCE_OTHER-U_PROCUREMENT_MasterJustificationBook_Air_Force_PB_2017.zzz_unzipped-U_PROCUREMENT_MasterJustificationBook_Air_Force_PB_2017.xml","c65c2d0ea2fabef820926a6a818da5c6319f34ef25a69b14de78ceb6be599d12","0-afc6b03234d1bb404904732c714391ef84246fb72832b835a7f44486ae24e435","2015-10","TBD","1","0-428372330d2954d7286c269d2fa93976cb2b1d4e4a7882aa8df3ae081e92ffa6","root.record.ItemExhibitList.P5Item.CostElementCategoryList.PackageFielding.Recurring.CostElementList.CostElement.ManufacturerList.Manufacturer"
"2017","AFLCMC Hanscom AFB","2016-10","2017-02","2","11.222","false","","","","Air Force","2","","2017-BASE_PROCUREMENT-2017-AIRFORCE_OTHER-U_PROCUREMENT_MasterJustificationBook_Air_Force_PB_2017.zzz_unzipped-U_PROCUREMENT_MasterJustificationBook_Air_Force_PB_2017.xml","c65c2d0ea2fabef820926a6a818da5c6319f34ef25a69b14de78ceb6be599d12","1-acfd6a89b37c2fa1efa95cf706013511c6b893e0e89b5bbb7eac71e77052b54b","2015-10","TBD","2","0-428372330d2954d7286c269d2fa93976cb2b1d4e4a7882aa8df3ae081e92ffa6","root.record.ItemExhibitList.P5Item.CostElementCategoryList.PackageFielding.Recurring.CostElementList.CostElement.ManufacturerList.Manufacturer"
"2018","AFLCMC Hanscom AFB","2017-10","2018-02","3","2.937","false","","","","Air Force","3","","2017-BASE_PROCUREMENT-2017-AIRFORCE_OTHER-U_PROCUREMENT_MasterJustificationBook_Air_Force_PB_2017.zzz_unzipped-U_PROCUREMENT_MasterJustificationBook_Air_Force_PB_2017.xml","c65c2d0ea2fabef820926a6a818da5c6319f34ef25a69b14de78ceb6be599d12","2-769180536519186dc0bfb7b419dbe242b7d074cb96754728c852ff8d03ac5f41","2015-10","TBD","3","0-428372330d2954d7286c269d2fa93976cb2b1d4e4a7882aa8df3ae081e92ffa6","root.record.ItemExhibitList.P5Item.CostElementCategoryList.PackageFielding.Recurring.CostElementList.CostElement.ManufacturerList.Manufacturer"
"2017","ACC-NJ","2017-03","2017-11","1","4214.000","","","C","CPIF","","","","","2017-BASE_PROCUREMENT-2017-ARMY_OTHER_2-U_PROCUREMENT_JustificationBook_Army_PB_2017.zzz_unzipped-U_PROCUREMENT_JustificationBook_Army_PB_2017.xml","4749a19225f22314c1a3af82dab22835b79b363ea2e08400776d9d7baf87145b","0-b4cb4c513524b72696dd191251923dcb7102c126a7ba4611e70ee0fd069ddb8c","","","","","0-42421d2d6a90cfa41c37bbbedb346ef8245da8f2570f682ff054928de2304500","root.record.ItemExhibitList.P5Item.CostElementCategoryList.PackageFielding.Recurring.CostElementList.CostElement.ManufacturerList.Manufacturer"
"2018","TBD","2018-05","2018-05","1","2035.000","","","","","","","","","2018-BASE_PROCUREMENT-2018-ARMY_OTHER_2-U_PROCUREMENT_JustificationBook_Army_PB_2018.zzz_unzipped-U_PROCUREMENT_JustificationBook_Army_PB_2018.xml","38c294167c355d339a8ccea624e0b0643e68457c11866b2b886992043516b63d","0-88d8466f8b57be36339efddf210ee20d841c9f445557b7fc287877e5169dbede","","TBD","","","0-0d8c351e9acd2050997e504d1cb7efaaf693bcf597db813cc79b8f45e4f6b71b","root.record.ItemExhibitList.P5Item.CostElementCategoryList.PackageFielding.Recurring.CostElementList.CostElement.ManufacturerList.Manufacturer"
"2018","TBD","2018-01","2018-05","1","1445.000","","","","","","","","","2018-BASE_PROCUREMENT-2018-ARMY_OTHER_2-U_PROCUREMENT_JustificationBook_Army_PB_2018.zzz_unzipped-U_PROCUREMENT_JustificationBook_Army_PB_2018.xml","38c294167c355d339a8ccea624e0b0643e68457c11866b2b886992043516b63d","0-2f591c0cd931884acab6513c1fc8e0a263336d882e1e5899ce801c10080a1301","","TBD","","","0-cd8405b5ff5bf18b5e2702eec0b49401b1fe697c9b0380e889fb416a7d98c002","root.record.ItemExhibitList.P5Item.CostElementCategoryList.PackageFielding.Recurring.CostElementList.CostElement.ManufacturerList.Manufacturer"
"2016","ACC-NJ","2016-09","2017-08","1","4446","true","","Option","CPIF","","","","","2019-BASE_PROCUREMENT-2019-ARMY_OTHER_2-U_PROCUREMENT_JustificationBook_Army_PB_2019.zzz_unzipped-U_PROCUREMENT_JustificationBook_Army_PB_2019.xml","5add64b8733be58a091d88ecb43cfe89e860a4a60660a6af7b3b1a128dbefa00","0-4187dd4f7174a6939cad73eef2276dd62ab0ce50ff6bc099139f167311c30147","","","","","0-11343175fa45f1f993a246751cd22ed94607042d2e01047d7c49da5671af483b","root.record.ItemExhibitList.P5Item.CostElementCategoryList.PackageFielding.Recurring.CostElementList.CostElement.ManufacturerList.Manufacturer"
"2017","ACC-NJ","2017-09","2018-06","1","4214","true","","Option","CPIF","","","","","2019-BASE_PROCUREMENT-2019-ARMY_OTHER_2-U_PROCUREMENT_JustificationBook_Army_PB_2019.zzz_unzipped-U_PROCUREMENT_JustificationBook_Army_PB_2019.xml","5add64b8733be58a091d88ecb43cfe89e860a4a60660a6af7b3b1a128dbefa00","1-bf924204cd4fe61e9006cd515c7920160fa21e788164b11454c072019b234723","","","","","0-11343175fa45f1f993a246751cd22ed94607042d2e01047d7c49da5671af483b","root.record.ItemExhibitList.P5Item.CostElementCategoryList.PackageFielding.Recurring.CostElementList.CostElement.ManufacturerList.Manufacturer"
"2018","ACC-NJ","2018-08","2018-08","1","16140","true","","Option","CPIF","","","","","2019-BASE_PROCUREMENT-2019-ARMY_OTHER_2-U_PROCUREMENT_JustificationBook_Army_PB_2019.zzz_unzipped-U_PROCUREMENT_JustificationBook_Army_PB_2019.xml","5add64b8733be58a091d88ecb43cfe89e860a4a60660a6af7b3b1a128dbefa00","2-0517afc56602bfed38c8b13f718cd0fca27c2b032529bd55e1209d4de5bbdbd0","","","","","0-11343175fa45f1f993a246751cd22ed94607042d2e01047d7c49da5671af483b","root.record.ItemExhibitList.P5Item.CostElementCategoryList.PackageFielding.Recurring.CostElementList.CostElement.ManufacturerList.Manufacturer"
"2019","ACC-NJ","2019-04","2019-11","1","29239","","","Option","CPIF","","","","","2019-BASE_PROCUREMENT-2019-ARMY_OTHER_2-U_PROCUREMENT_JustificationBook_Army_PB_2019.zzz_unzipped-U_PROCUREMENT_JustificationBook_Army_PB_2019.xml","5add64b8733be58a091d88ecb43cfe89e860a4a60660a6af7b3b1a128dbefa00","3-dff9fda6eb5e16466a7d3cc90685a6f593c450d3f35852e4b172ed1ec578edda","","","","","0-11343175fa45f1f993a246751cd22ed94607042d2e01047d7c49da5671af483b","root.record.ItemExhibitList.P5Item.CostElementCategoryList.PackageFielding.Recurring.CostElementList.CostElement.ManufacturerList.Manufacturer"
"2020","GSA","2019-12","2020-01","1","5469","false","","C","FP","","","","","2020-BASE_PROCUREMENT-2020-ARMY_OTHER_2-U_PROCUREMENT_JustificationBook_Army_PB_2020.zzz_unzipped-U_PROCUREMENT_JustificationBook_Army_PB_2020.xml","16123f19d14714e621f3ad3717eb0a04587382702be0e2b1e9ac91adb50ab769","0-7cabd32adde66f09387fe96d1b5b775eedd8bc5ee68b8b6d1eaaf1be89979e03","","","","","0-f19881bed6823ca14b1f4459ac273aa7adae0d7baab9a18a6d13c278842a8254","root.record.ItemExhibitList.P5Item.CostElementCategoryList.PackageFielding.Recurring.CostElementList.CostElement.ManufacturerList.Manufacturer"
"2018","GSA","2017-12","2018-01","1","4710","false","","C","FP","","","","","2020-BASE_PROCUREMENT-2020-ARMY_OTHER_2-U_PROCUREMENT_JustificationBook_Army_PB_2020.zzz_unzipped-U_PROCUREMENT_JustificationBook_Army_PB_2020.xml","16123f19d14714e621f3ad3717eb0a04587382702be0e2b1e9ac91adb50ab769","0-eb320013bb7738eff075b458c48330e3ab64f5beceef3ce1f1126915f25bc821","","","","","1-f0ed9f7d0b3d727d6c607784a320b3137ac782781e4200dd5753227c9b2c8bd2","root.record.ItemExhibitList.P5Item.CostElementCategoryList.PackageFielding.Recurring.CostElementList.CostElement.ManufacturerList.Manufacturer"
"2019","GSA","2018-12","2019-01","1","7786","false","","C","FP","","","","","2020-BASE_PROCUREMENT-2020-ARMY_OTHER_2-U_PROCUREMENT_JustificationBook_Army_PB_2020.zzz_unzipped-U_PROCUREMENT_JustificationBook_Army_PB_2020.xml","16123f19d14714e621f3ad3717eb0a04587382702be0e2b1e9ac91adb50ab769","1-d8080c0dff34bf779d902d9cc4a8184372208171c742595dbe3cb9f85589db8d","","","","","1-f0ed9f7d0b3d727d6c607784a320b3137ac782781e4200dd5753227c9b2c8bd2","root.record.ItemExhibitList.P5Item.CostElementCategoryList.PackageFielding.Recurring.CostElementList.CostElement.ManufacturerList.Manufacturer"
"2016","ACC-NJ","2016-09","2017-08","1","4446","true","","Option","CPIF","","","","","2020-BASE_PROCUREMENT-2020-ARMY_OTHER_2-U_PROCUREMENT_JustificationBook_Army_PB_2020.zzz_unzipped-U_PROCUREMENT_JustificationBook_Army_PB_2020.xml","bccab256ad07c458efbf6015255c69b667e6fb84c81c395a9847bc99db6b1514","0-66cf4cb2e8b4ecae4b354a62bec6759e13bf30939398bd6c97dbccc842ccb4e0","","","","","0-df7e8eba726708d34acd4dad11b7a9634212bd6c2ac093b65b6f2f67b5a50233","root.record.ItemExhibitList.P5Item.CostElementCategoryList.PackageFielding.Recurring.CostElementList.CostElement.ManufacturerList.Manufacturer"
"2017","ACC-NJ","2017-09","2018-06","1","4214","true","","Option","CPIF","","","","","2020-BASE_PROCUREMENT-2020-ARMY_OTHER_2-U_PROCUREMENT_JustificationBook_Army_PB_2020.zzz_unzipped-U_PROCUREMENT_JustificationBook_Army_PB_2020.xml","bccab256ad07c458efbf6015255c69b667e6fb84c81c395a9847bc99db6b1514","1-afa49ad719772697ecbd0c28e4f80ef7397fdda5682c23add94c9804f86e6eff","","","","","0-df7e8eba726708d34acd4dad11b7a9634212bd6c2ac093b65b6f2f67b5a50233","root.record.ItemExhibitList.P5Item.CostElementCategoryList.PackageFielding.Recurring.CostElementList.CostElement.ManufacturerList.Manufacturer"
"2018","ACC-NJ","2018-08","2018-08","1","16140","true","","Option","CPIF","","","","","2020-BASE_PROCUREMENT-2020-ARMY_OTHER_2-U_PROCUREMENT_JustificationBook_Army_PB_2020.zzz_unzipped-U_PROCUREMENT_JustificationBook_Army_PB_2020.xml","bccab256ad07c458efbf6015255c69b667e6fb84c81c395a9847bc99db6b1514","2-800aedf00ffa237d57ffd0b70a780bb3a40a88bdc1ac942b7d4d8e0f7535285e","","","","","0-df7e8eba726708d34acd4dad11b7a9634212bd6c2ac093b65b6f2f67b5a50233","root.record.ItemExhibitList.P5Item.CostElementCategoryList.PackageFielding.Recurring.CostElementList.CostElement.ManufacturerList.Manufacturer"
"2019","ACC-NJ","2018-12","2019-08","1","16800","true","","Option","CPIF","","","","","2020-BASE_PROCUREMENT-2020-ARMY_OTHER_2-U_PROCUREMENT_JustificationBook_Army_PB_2020.zzz_unzipped-U_PROCUREMENT_JustificationBook_Army_PB_2020.xml","bccab256ad07c458efbf6015255c69b667e6fb84c81c395a9847bc99db6b1514","3-2cb89137c61fd9d730f8b996790513cf119ffec3a4e3256e8c8e15d9b5e0b36f","","","","","0-df7e8eba726708d34acd4dad11b7a9634212bd6c2ac093b65b6f2f67b5a50233","root.record.ItemExhibitList.P5Item.CostElementCategoryList.PackageFielding.Recurring.CostElementList.CostElement.ManufacturerList.Manufacturer"
"2020","ACC-NJ","2020-01","2020-03","1","18674","true","","Option","CPIF","","","","","2020-BASE_PROCUREMENT-2020-ARMY_OTHER_2-U_PROCUREMENT_JustificationBook_Army_PB_2020.zzz_unzipped-U_PROCUREMENT_JustificationBook_Army_PB_2020.xml","bccab256ad07c458efbf6015255c69b667e6fb84c81c395a9847bc99db6b1514","4-f8ffcbabcf29bb9844022fd85530bdf2beb83b9a64a3a95de3a44b05740e6aae","","","","","0-df7e8eba726708d34acd4dad11b7a9634212bd6c2ac093b65b6f2f67b5a50233","root.record.ItemExhibitList.P5Item.CostElementCategoryList.PackageFielding.Recurring.CostElementList.CostElement.ManufacturerList.Manufacturer"
"2018","TBD","2018-05","2018-05","1","2035","false","","","","","","","","2020-BASE_PROCUREMENT-2020-ARMY_OTHER_2-U_PROCUREMENT_JustificationBook_Army_PB_2020.zzz_unzipped-U_PROCUREMENT_JustificationBook_Army_PB_2020.xml","d5240ff4c7e79de7e15416cf9377c2be2f6ae02e5a70527e4c772787a856bd28","0-ee2d06c7e49f652f8849120beb9a8cabfb682c77ef0b29de24bfb0d2e087b8f6","","TBD","","","0-8803d99468ce9660f7c562aad4aaac0cd854e76873f1d1c7931d6a07d625a0c2","root.record.ItemExhibitList.P5Item.CostElementCategoryList.PackageFielding.Recurring.CostElementList.CostElement.ManufacturerList.Manufacturer"
"2018","TBD","2018-01","2018-05","1","1445","false","","","","","","","","2020-BASE_PROCUREMENT-2020-ARMY_OTHER_2-U_PROCUREMENT_JustificationBook_Army_PB_2020.zzz_unzipped-U_PROCUREMENT_JustificationBook_Army_PB_2020.xml","d5240ff4c7e79de7e15416cf9377c2be2f6ae02e5a70527e4c772787a856bd28","0-b6acef4db032fdea4d883d16c9b2a56e3239de8f90fd9342248535b602ad901b","","TBD","","","0-4f3944740ab59864a03b772969a7270be9b9165e8b6dfd4f43e18f7f4ccbea3c","root.record.ItemExhibitList.P5Item.CostElementCategoryList.PackageFielding.Recurring.CostElementList.CostElement.ManufacturerList.Manufacturer"
