Name_@footnote,Name_val,Cost_TotalCost_PriorYear_val,Cost_TotalCost_CurrentYear_val,Cost_TotalCost_BudgetYearOneBase_val,Cost_TotalCost_BudgetYearOne_val,Cost_TotalCost_BudgetYearOneOCO_val,Cost_TotalCost_AllPriorYears_val,Cost_Quantity_BudgetYearOneOCO_val,Cost_Quantity_BudgetYearOne_val,Cost_Quantity_PriorYear_val,Cost_Quantity_AllPriorYears_val,Cost_Quantity_CurrentYear_val,Cost_UnitCost_BudgetYearOneOCO_val,Cost_UnitCost_BudgetYearOne_val,Cost_UnitCost_PriorYear_val,Cost_UnitCost_AllPriorYears_val,Cost_UnitCost_CurrentYear_val,@SOURCE_FILENAME,@RECORDID,@ROWID,@PARENTROWID,@PARENT
"Direct Mission Support (DMS) includes Systems Engineering, Shipping and Testing for Acquisition Projects","Direct Mission Support (DMS) [Systems Engineering, Testing, Shipping]","0.332","0.23","0.3","0.3","","","","","","","","","","","","","2015-BASE_PROCUREMENT-2015-AIRFORCE_OTHER-PROCUREMENT_JustificationBook_Air_Force_PB_2015.zzz_unzipped-PROCUREMENT_JustificationBook_Air_Force_PB_2015.xml","936c5caf731caa66bd1401194ef68fb2df6b62d89f1b26f7b06f138b8dee0e6e","0-eaabe265858db1b3983e9f608b5e94db144ca0698098fea139266742deda1767","1-e5351cc65a3c0b257f0203aa594c7faeca1fc62062e48c2f39aa51a9a7674196","root.record.ItemExhibitList.P5Item"
"","PMA Contractor Services","0.177","0.247","0.2","0.2","","","","","","","","","","","","","2015-BASE_PROCUREMENT-2015-AIRFORCE_OTHER-PROCUREMENT_JustificationBook_Air_Force_PB_2015.zzz_unzipped-PROCUREMENT_JustificationBook_Air_Force_PB_2015.xml","936c5caf731caa66bd1401194ef68fb2df6b62d89f1b26f7b06f138b8dee0e6e","1-325dd36274b66c98b815e71c30daad6c41a68edefc48bd0eb147e90a421a398f","1-e5351cc65a3c0b257f0203aa594c7faeca1fc62062e48c2f39aa51a9a7674196","root.record.ItemExhibitList.P5Item"
"","PMA Other Government Costs","0.053","0.069","0.07","0.07","","","","","","","","","","","","","2015-BASE_PROCUREMENT-2015-AIRFORCE_OTHER-PROCUREMENT_JustificationBook_Air_Force_PB_2015.zzz_unzipped-PROCUREMENT_JustificationBook_Air_Force_PB_2015.xml","936c5caf731caa66bd1401194ef68fb2df6b62d89f1b26f7b06f138b8dee0e6e","2-a9df303833997a012179f9545aa9b55d132d5cd88af9cd4216ec82e7df52632f","1-e5351cc65a3c0b257f0203aa594c7faeca1fc62062e48c2f39aa51a9a7674196","root.record.ItemExhibitList.P5Item"
"Direct Mission Support (DMS) includes Systems Engineering, Shipping and Testing for Acquisition Projects","Direct Mission Support (DMS) [Systems Engineering, Testing, Shipping]","0.332","0.23","0.3","0.3","","","","","","","","","","","","","2015-BASE_PROCUREMENT-2015-AIRFORCE_OTHER-PROCUREMENT_MasterJustificationBook_Air_Force_PB_2015.zzz_unzipped-PROCUREMENT_MasterJustificationBook_Air_Force_PB_2015.xml","826531b732742c08e82d92ec80b2b0f5ae8400e3bbfac94ec6cbac56282a529e","0-05d0b26ff07dfe10e633db5c0ab8c6833f061c4a611756bb185c363e8ca9fb92","1-8fe6c5c3db1ec668a9631ccbb5f792baece54b71551521d99afd2bcd5f1f2c70","root.record.ItemExhibitList.P5Item"
"","PMA Contractor Services","0.177","0.247","0.2","0.2","","","","","","","","","","","","","2015-BASE_PROCUREMENT-2015-AIRFORCE_OTHER-PROCUREMENT_MasterJustificationBook_Air_Force_PB_2015.zzz_unzipped-PROCUREMENT_MasterJustificationBook_Air_Force_PB_2015.xml","826531b732742c08e82d92ec80b2b0f5ae8400e3bbfac94ec6cbac56282a529e","1-fc596cb5470cc99c69ecc17b54d3b5ec38c3c595b459f7c63b75d173d89bf2f3","1-8fe6c5c3db1ec668a9631ccbb5f792baece54b71551521d99afd2bcd5f1f2c70","root.record.ItemExhibitList.P5Item"
"","PMA Other Government Costs","0.053","0.069","0.07","0.07","","","","","","","","","","","","","2015-BASE_PROCUREMENT-2015-AIRFORCE_OTHER-PROCUREMENT_MasterJustificationBook_Air_Force_PB_2015.zzz_unzipped-PROCUREMENT_MasterJustificationBook_Air_Force_PB_2015.xml","826531b732742c08e82d92ec80b2b0f5ae8400e3bbfac94ec6cbac56282a529e","2-a42469b7bcbf33e2458bfe40c5c66b7b7744e02caaca78f22fd7fddc9dbb6ba2","1-8fe6c5c3db1ec668a9631ccbb5f792baece54b71551521d99afd2bcd5f1f2c70","root.record.ItemExhibitList.P5Item"
"","Direct Mission Support (DMS) [Systems Engineering, Testing, Shipping]","0.23","0.3","0.372","0.372","","","","","","","","","","","","","2016-BASE_PROCUREMENT-2016-AIRFORCE_OTHER-PROCUREMENT_JustificationBook_Air_Force_PB_2016.zzz_unzipped-PROCUREMENT_JustificationBook_Air_Force_PB_2016.xml","c61fd05e067db29f50f506c03f7e7b0592a337009475dfd71ce31907e8bcfac0","0-20d4c5711456c4a8dac7b504a3fa2671b91792317ad5290f8deea804155119d2","0-218dec601534c510e3404b2e0628d5529432308493352aff6fdc43dc17c874f7","root.record.ItemExhibitList.P5Item"
"","PMA Contractor Services","0.247","0.2","0.245","0.245","","","","","","","","","","","","","2016-BASE_PROCUREMENT-2016-AIRFORCE_OTHER-PROCUREMENT_JustificationBook_Air_Force_PB_2016.zzz_unzipped-PROCUREMENT_JustificationBook_Air_Force_PB_2016.xml","c61fd05e067db29f50f506c03f7e7b0592a337009475dfd71ce31907e8bcfac0","1-0ed3edb40c4fcbad5dec01751391a64e838479318c765a3f3ec210b7b6bcd281","0-218dec601534c510e3404b2e0628d5529432308493352aff6fdc43dc17c874f7","root.record.ItemExhibitList.P5Item"
"","PMA Other Government Costs","0.069","0.07","0.085","0.085","","","","","","","","","","","","","2016-BASE_PROCUREMENT-2016-AIRFORCE_OTHER-PROCUREMENT_JustificationBook_Air_Force_PB_2016.zzz_unzipped-PROCUREMENT_JustificationBook_Air_Force_PB_2016.xml","c61fd05e067db29f50f506c03f7e7b0592a337009475dfd71ce31907e8bcfac0","2-8000925c330e71da6bc0f1f8eb623dc89bc35a3fdf011e2216333433c89eecae","0-218dec601534c510e3404b2e0628d5529432308493352aff6fdc43dc17c874f7","root.record.ItemExhibitList.P5Item"
"","Direct Mission Support (DMS) [Systems Engineering, Testing, Shipping]","0.23","0.3","0.372","0.372","","","","","","","","","","","","","2016-BASE_PROCUREMENT-2016-AIRFORCE_OTHER-PROCUREMENT_MasterJustificationBook_Air_Force_PB_2016.zzz_unzipped-PROCUREMENT_MasterJustificationBook_Air_Force_PB_2016.xml","649b8099b755f664a08417845f1b80d7d9cb90e407fd19fced5269f591c927de","0-0dd007cd612429c942297c38042ef519687d7dc93aa6ba3e6f01775d43348e66","0-63a298b5b4a74978728fea9a7f6b8bbcc526ff7f6c830fae1955ebcbce67e29a","root.record.ItemExhibitList.P5Item"
"","PMA Contractor Services","0.247","0.2","0.245","0.245","","","","","","","","","","","","","2016-BASE_PROCUREMENT-2016-AIRFORCE_OTHER-PROCUREMENT_MasterJustificationBook_Air_Force_PB_2016.zzz_unzipped-PROCUREMENT_MasterJustificationBook_Air_Force_PB_2016.xml","649b8099b755f664a08417845f1b80d7d9cb90e407fd19fced5269f591c927de","1-c9e5dfc44afc9cf36516888d288b5ec97aea85c98c9a69b52647bbaf07b905b1","0-63a298b5b4a74978728fea9a7f6b8bbcc526ff7f6c830fae1955ebcbce67e29a","root.record.ItemExhibitList.P5Item"
"","PMA Other Government Costs","0.069","0.07","0.085","0.085","","","","","","","","","","","","","2016-BASE_PROCUREMENT-2016-AIRFORCE_OTHER-PROCUREMENT_MasterJustificationBook_Air_Force_PB_2016.zzz_unzipped-PROCUREMENT_MasterJustificationBook_Air_Force_PB_2016.xml","649b8099b755f664a08417845f1b80d7d9cb90e407fd19fced5269f591c927de","2-7d763d30ab2faf5e4d95b8cebc7966bf7e8d51d624e170fcc853c9edce54ba87","0-63a298b5b4a74978728fea9a7f6b8bbcc526ff7f6c830fae1955ebcbce67e29a","root.record.ItemExhibitList.P5Item"
"","Direct Mission Support (DMS) [Systems Engineering, Testing, Shipping]","0.3","0.372","0.269","0.269","0","","","","","","","","","","","","2017-BASE_PROCUREMENT-2017-AIRFORCE_OTHER-U_PROCUREMENT_JustificationBook_Air_Force_PB_2017.zzz_unzipped-U_PROCUREMENT_JustificationBook_Air_Force_PB_2017.xml","f4749bb0cc88ad02d19f332b9eceeb278aa73ab0d844ad22924138230fe2dbe9","0-7e7b584222a576e73fdb1d87c28f6013c917644a4db3f9ba26ebd563ab0eaa67","0-3ac90b0460f313f86e71525efcbc0d19c9710100e7bcc1ca732b1b89e6ed4724","root.record.ItemExhibitList.P5Item"
"","PMA Contractor Services","0.2","0.245","0.175","0.175","0","","","","","","","","","","","","2017-BASE_PROCUREMENT-2017-AIRFORCE_OTHER-U_PROCUREMENT_JustificationBook_Air_Force_PB_2017.zzz_unzipped-U_PROCUREMENT_JustificationBook_Air_Force_PB_2017.xml","f4749bb0cc88ad02d19f332b9eceeb278aa73ab0d844ad22924138230fe2dbe9","1-efaf420bbbe815de77e0889af358abb53843e93ec5f89a6f9194eb5ad6b5f4ee","0-3ac90b0460f313f86e71525efcbc0d19c9710100e7bcc1ca732b1b89e6ed4724","root.record.ItemExhibitList.P5Item"
"","PMA Other Government Costs","0.07","0.085","0.06","0.06","0","","","","","","","","","","","","2017-BASE_PROCUREMENT-2017-AIRFORCE_OTHER-U_PROCUREMENT_JustificationBook_Air_Force_PB_2017.zzz_unzipped-U_PROCUREMENT_JustificationBook_Air_Force_PB_2017.xml","f4749bb0cc88ad02d19f332b9eceeb278aa73ab0d844ad22924138230fe2dbe9","2-968c0889c66e610645f05767f80294bfb8620b5f0693dcf399e60105952ab0ab","0-3ac90b0460f313f86e71525efcbc0d19c9710100e7bcc1ca732b1b89e6ed4724","root.record.ItemExhibitList.P5Item"
"","Direct Mission Support (DMS) [Systems Engineering, Testing, Shipping]","0.3","0.372","0.269","0.269","0","","","","","","","","","","","","2017-BASE_PROCUREMENT-2017-AIRFORCE_OTHER-U_PROCUREMENT_MasterJustificationBook_Air_Force_PB_2017.zzz_unzipped-U_PROCUREMENT_MasterJustificationBook_Air_Force_PB_2017.xml","6bc8a8322c6eb0df063c20df2152f4cff190c2ecef8e4d87a3bb1b2eeda2c7f9","0-e0c87803d093dc90ae5ce0b37ff1e1d6befee887194c93877161157404091c15","0-1d28d0853e49b7941bb3b47f77e7a3416bbf294286de48cf11a4cbcfba6eab1e","root.record.ItemExhibitList.P5Item"
"","PMA Contractor Services","0.2","0.245","0.175","0.175","0","","","","","","","","","","","","2017-BASE_PROCUREMENT-2017-AIRFORCE_OTHER-U_PROCUREMENT_MasterJustificationBook_Air_Force_PB_2017.zzz_unzipped-U_PROCUREMENT_MasterJustificationBook_Air_Force_PB_2017.xml","6bc8a8322c6eb0df063c20df2152f4cff190c2ecef8e4d87a3bb1b2eeda2c7f9","1-1ecf3604cd7ece1aac12d730d4e130340e7dec5f2e7e897c763081d0324816eb","0-1d28d0853e49b7941bb3b47f77e7a3416bbf294286de48cf11a4cbcfba6eab1e","root.record.ItemExhibitList.P5Item"
"","PMA Other Government Costs","0.07","0.085","0.06","0.06","0","","","","","","","","","","","","2017-BASE_PROCUREMENT-2017-AIRFORCE_OTHER-U_PROCUREMENT_MasterJustificationBook_Air_Force_PB_2017.zzz_unzipped-U_PROCUREMENT_MasterJustificationBook_Air_Force_PB_2017.xml","6bc8a8322c6eb0df063c20df2152f4cff190c2ecef8e4d87a3bb1b2eeda2c7f9","2-34090031216e7943e6964adc12a3db9a25d9fa1f35c62de5d05e02688d8906c4","0-1d28d0853e49b7941bb3b47f77e7a3416bbf294286de48cf11a4cbcfba6eab1e","root.record.ItemExhibitList.P5Item"
"","Flight Control Units","","","","0.253","0.253","","10","10","","","","25.32","25.32","","","","2017-BASE_PROCUREMENT-2017-ARMY_MISSLE-U_PROCUREMENT_JustificationBook_Army_PB_2017.zzz_unzipped-U_PROCUREMENT_JustificationBook_Army_PB_2017.xml","256d6dd6d8dad786dfe5c29e24260aa88d3eb2c0a568b365302fd67e89c1e21c","0-a26ea02cb2c21c31b57680acff04d5f2ab05bed43a7871b930473c58d765d4fc","0-782db03d855884dc849dbd5da139f0ba86710a875f7cbabdc0e3bbacca978e1c","root.record.ItemExhibitList.P5Item"
"","Tactical Battery Chargers","","","","0.037","0.037","","10","10","","","","3.68","3.68","","","","2017-BASE_PROCUREMENT-2017-ARMY_MISSLE-U_PROCUREMENT_JustificationBook_Army_PB_2017.zzz_unzipped-U_PROCUREMENT_JustificationBook_Army_PB_2017.xml","256d6dd6d8dad786dfe5c29e24260aa88d3eb2c0a568b365302fd67e89c1e21c","1-01065e7f475e3d809e73b86e834ccbea93ecaed6078f571f09e63040d077f18b","0-782db03d855884dc849dbd5da139f0ba86710a875f7cbabdc0e3bbacca978e1c","root.record.ItemExhibitList.P5Item"
"","Fielding","","","","0.36","0.36","","","","","","","","","","","","2017-BASE_PROCUREMENT-2017-ARMY_MISSLE-U_PROCUREMENT_JustificationBook_Army_PB_2017.zzz_unzipped-U_PROCUREMENT_JustificationBook_Army_PB_2017.xml","256d6dd6d8dad786dfe5c29e24260aa88d3eb2c0a568b365302fd67e89c1e21c","2-2b6e84b4349312a90fd0b9bd5a734c7c893f6f7f3606f47c1be01065bc4bca56","0-782db03d855884dc849dbd5da139f0ba86710a875f7cbabdc0e3bbacca978e1c","root.record.ItemExhibitList.P5Item"
"","Fire Control Units","0.978","","","0.988","0.988","","40","40","39","","","24.7","24.7","25.083","","","2019-BASE_PROCUREMENT-2019-ARMY_MISSLE-U_PROCUREMENT_JustificationBook_Army_PB_2019.zzz_unzipped-U_PROCUREMENT_JustificationBook_Army_PB_2019.xml","e68d85665e7d4b70692e2be56ed604a02ef2a63c4e7173918d2310a73130513a","0-8436112f5af0f7c590276e2c349639837e2933bdf51a6dfd8453ce3283a36f8e","0-e1a6250553dbf0e23e23fe891ac88b587793007e0c8add8426d8db4b2ad789f6","root.record.ItemExhibitList.P5Item"
"","Fire Control Units","0.288","0.988","","0.962","0.962","0.978","38","38","12","39","40","25.316","25.316","24","25.077","24.7","2020-BASE_PROCUREMENT-2020-ARMY_MISSLE-U_PROCUREMENT_JustificationBook_Army_PB_2020.zzz_unzipped-U_PROCUREMENT_JustificationBook_Army_PB_2020.xml","630ddfcb017589d340702aff9de65296c5072c72a795388812b00cf9b3e458fa","0-1d7644f4e1f1ecfc5ec8c4358b6aad8c4e200dbcb1f638dba7c57f1575fde1b7","0-661e2fb5a0a1740a98924d67affe3b5bbd5158249cac5dcb929eb4784b69a709","root.record.ItemExhibitList.P5Item"
