CategorySubtotal_Quantity_PriorYearTwo_val,CategorySubtotal_Quantity_CurrentYear_val,CategorySubtotal_Quantity_PriorYearThree_val,CategorySubtotal_Quantity_PriorYear_val,CategorySubtotal_Quantity_BudgetYearOne_val,CategorySubtotal_Quantity_PriorYearFour_val,CategorySubtotal_TotalCost_PriorYearTwo_val,CategorySubtotal_TotalCost_CurrentYear_val,CategorySubtotal_TotalCost_PriorYearThree_val,CategorySubtotal_TotalCost_PriorYear_val,CategorySubtotal_TotalCost_PriorYearFour_val,Name_val,@SOURCE_FILENAME,@RECORDID,@ROWID,@PARENTROWID,@PARENT
"1","1","","","","","482.4","46.449","","","","Design","2018-BASE_PROCUREMENT-2018-NAVY_SHIPBUILDINGANDCOVERSION-U_PROCUREMENT_JustificationBook_Navy_PB_2018.zzz_unzipped-U_PROCUREMENT_JustificationBook_Navy_PB_2018.xml","ae6f920a19e0fc7e64d674da19e88fe3edaf45afabfd6ea6182084c3636ef425","0-ac8ad6ab2cbd9abc2e917d374caab584c3b69434598ffd8ee23f445383fd18d0","9445-3859bb0fb1c964bd70c794887d466dec28b63346572d3a126f409b90817dd740","root"
"","","","","","","387.7","382.214","","","","Plans/Conversion","2018-BASE_PROCUREMENT-2018-NAVY_SHIPBUILDINGANDCOVERSION-U_PROCUREMENT_JustificationBook_Navy_PB_2018.zzz_unzipped-U_PROCUREMENT_JustificationBook_Navy_PB_2018.xml","ae6f920a19e0fc7e64d674da19e88fe3edaf45afabfd6ea6182084c3636ef425","1-cecdfd1d9e77748d856b70f714b1995f74b5f7e96d00df5c8b81e7179140150e","9445-3859bb0fb1c964bd70c794887d466dec28b63346572d3a126f409b90817dd740","root"
"","","","","","","30.6","31.1","","","","GFE","2018-BASE_PROCUREMENT-2018-NAVY_SHIPBUILDINGANDCOVERSION-U_PROCUREMENT_JustificationBook_Navy_PB_2018.zzz_unzipped-U_PROCUREMENT_JustificationBook_Navy_PB_2018.xml","ae6f920a19e0fc7e64d674da19e88fe3edaf45afabfd6ea6182084c3636ef425","2-d222479f71665a2af6e23ba7e8d5141caf7c206021d17ab61b2dd8efe2c864ef","9445-3859bb0fb1c964bd70c794887d466dec28b63346572d3a126f409b90817dd740","root"
"","","","","","","421.321","404.552","","","","Basic Construction","2018-BASE_PROCUREMENT-2018-NAVY_SHIPBUILDINGANDCOVERSION-U_PROCUREMENT_JustificationBook_Navy_PB_2018.zzz_unzipped-U_PROCUREMENT_JustificationBook_Navy_PB_2018.xml","ae6f920a19e0fc7e64d674da19e88fe3edaf45afabfd6ea6182084c3636ef425","3-5c996cd18f9e0caeba34ecd1d939f80e29d8f5a5b255153afec71fa08ed0b0d6","9445-3859bb0fb1c964bd70c794887d466dec28b63346572d3a126f409b90817dd740","root"
"1","1","","","","","482.4","46.449","","","","Design","2018-BASE_PROCUREMENT-2018-NAVY_SHIPBUILDINGANDCOVERSION-U_PROCUREMENT_MasterJustificationBook_Navy_PB_2018.zzz_unzipped-U_PROCUREMENT_MasterJustificationBook_Navy_PB_2018.xml","269a51b71a5a9c51c39fa616fdad42d11775225eda15271bececc8d94b07b8dd","0-5fd39c33cf65a347ee1afad8cee69b048182677a7cce5ba63d0fcc34dca13ef9","9466-adf05f1e185f504f972c0df46f827d77f819e0ad5360a20690ed7263149518b0","root"
"","","","","","","387.7","382.214","","","","Plans/Conversion","2018-BASE_PROCUREMENT-2018-NAVY_SHIPBUILDINGANDCOVERSION-U_PROCUREMENT_MasterJustificationBook_Navy_PB_2018.zzz_unzipped-U_PROCUREMENT_MasterJustificationBook_Navy_PB_2018.xml","269a51b71a5a9c51c39fa616fdad42d11775225eda15271bececc8d94b07b8dd","1-61da4a3c1484f36d2c1cec2ec4b3cd882ca99e35e5da8a17cdaa1a45e59ac219","9466-adf05f1e185f504f972c0df46f827d77f819e0ad5360a20690ed7263149518b0","root"
"","","","","","","30.6","31.1","","","","GFE","2018-BASE_PROCUREMENT-2018-NAVY_SHIPBUILDINGANDCOVERSION-U_PROCUREMENT_MasterJustificationBook_Navy_PB_2018.zzz_unzipped-U_PROCUREMENT_MasterJustificationBook_Navy_PB_2018.xml","269a51b71a5a9c51c39fa616fdad42d11775225eda15271bececc8d94b07b8dd","2-a715d3f4929eb046e825084155bcc0743d9bb28a8342cd70b8dbf7ca60197891","9466-adf05f1e185f504f972c0df46f827d77f819e0ad5360a20690ed7263149518b0","root"
"","","","","","","421.321","404.552","","","","Basic Construction","2018-BASE_PROCUREMENT-2018-NAVY_SHIPBUILDINGANDCOVERSION-U_PROCUREMENT_MasterJustificationBook_Navy_PB_2018.zzz_unzipped-U_PROCUREMENT_MasterJustificationBook_Navy_PB_2018.xml","269a51b71a5a9c51c39fa616fdad42d11775225eda15271bececc8d94b07b8dd","3-690738431d0b434f5fc146a48d5808d2cc26be52ca1ba05ead966acd52669b45","9466-adf05f1e185f504f972c0df46f827d77f819e0ad5360a20690ed7263149518b0","root"
"","","1","1","","","","","482.4","46.449","","Design","2019-BASE_PROCUREMENT-2019-NAVY_SHIPBUILDINGANDCOVERSION-U_PROCUREMENT_JustificationBook_Navy_PB_2019.zzz_unzipped-U_PROCUREMENT_JustificationBook_Navy_PB_2019.xml","a6ca721dbc624822ae730f52fd5c68acd58e779725964f598a347d6ece74e3dd","0-df0206a413ee5595cfade193d326d4181f2864f3863b888da7474c57bc8bd025","11057-d7cd01e233235f7de9fcf449e8ae0d2e835c43fba1b0a1270d54d80271465d8d","root"
"","","","","","","","","387.7","382.214","","Plans/Conversion","2019-BASE_PROCUREMENT-2019-NAVY_SHIPBUILDINGANDCOVERSION-U_PROCUREMENT_JustificationBook_Navy_PB_2019.zzz_unzipped-U_PROCUREMENT_JustificationBook_Navy_PB_2019.xml","a6ca721dbc624822ae730f52fd5c68acd58e779725964f598a347d6ece74e3dd","1-152c0639fbcf3a1ebc49f92a915d2f717ef453dafcb4a7aace7bcb8112d25b63","11057-d7cd01e233235f7de9fcf449e8ae0d2e835c43fba1b0a1270d54d80271465d8d","root"
"","","","","","","","","30.6","31.1","","GFE","2019-BASE_PROCUREMENT-2019-NAVY_SHIPBUILDINGANDCOVERSION-U_PROCUREMENT_JustificationBook_Navy_PB_2019.zzz_unzipped-U_PROCUREMENT_JustificationBook_Navy_PB_2019.xml","a6ca721dbc624822ae730f52fd5c68acd58e779725964f598a347d6ece74e3dd","2-de7b04e8d48f2796e82303e844bcf9c03fd000c6afa8144ef92f46a2c3ad108e","11057-d7cd01e233235f7de9fcf449e8ae0d2e835c43fba1b0a1270d54d80271465d8d","root"
"","","","","","","","","421.321","404.552","","Basic Construction","2019-BASE_PROCUREMENT-2019-NAVY_SHIPBUILDINGANDCOVERSION-U_PROCUREMENT_JustificationBook_Navy_PB_2019.zzz_unzipped-U_PROCUREMENT_JustificationBook_Navy_PB_2019.xml","a6ca721dbc624822ae730f52fd5c68acd58e779725964f598a347d6ece74e3dd","3-e761bb5481a3231b3ee733a6a288d481ce2b211b65511bbbe2fb36b6d312355b","11057-d7cd01e233235f7de9fcf449e8ae0d2e835c43fba1b0a1270d54d80271465d8d","root"
"","","1","1","","","","","482.4","46.449","","Design","2019-BASE_PROCUREMENT-2019-NAVY_SHIPBUILDINGANDCOVERSION-U_PROCUREMENT_MasterJustificationBook_Navy_PB_2019.zzz_unzipped-U_PROCUREMENT_MasterJustificationBook_Navy_PB_2019.xml","a15a5ac2b476fa1821fecdd175f009d6b6d94490898adb63d35ae0f8acea13e8","0-87e12d8e4eb61a2a97ff1f41f02b7d4bede63976f837f642fdd23c0fc8311a02","11078-4fa3e6a0ab1022487e4dc8bb722b6f05fde220890d590f778676fe8c0bd229fd","root"
"","","","","","","","","387.7","382.214","","Plans/Conversion","2019-BASE_PROCUREMENT-2019-NAVY_SHIPBUILDINGANDCOVERSION-U_PROCUREMENT_MasterJustificationBook_Navy_PB_2019.zzz_unzipped-U_PROCUREMENT_MasterJustificationBook_Navy_PB_2019.xml","a15a5ac2b476fa1821fecdd175f009d6b6d94490898adb63d35ae0f8acea13e8","1-13cf4765b70b66fb738845bff338110e0a4e8dbbb44901cc229fa9499f5242ac","11078-4fa3e6a0ab1022487e4dc8bb722b6f05fde220890d590f778676fe8c0bd229fd","root"
"","","","","","","","","30.6","31.1","","GFE","2019-BASE_PROCUREMENT-2019-NAVY_SHIPBUILDINGANDCOVERSION-U_PROCUREMENT_MasterJustificationBook_Navy_PB_2019.zzz_unzipped-U_PROCUREMENT_MasterJustificationBook_Navy_PB_2019.xml","a15a5ac2b476fa1821fecdd175f009d6b6d94490898adb63d35ae0f8acea13e8","2-9a45fab56e93f1364f6dcda4d68bbf0b0d6e8a8347a5cc9e1e4b488a0e79d779","11078-4fa3e6a0ab1022487e4dc8bb722b6f05fde220890d590f778676fe8c0bd229fd","root"
"","","","","","","","","421.321","404.552","","Basic Construction","2019-BASE_PROCUREMENT-2019-NAVY_SHIPBUILDINGANDCOVERSION-U_PROCUREMENT_MasterJustificationBook_Navy_PB_2019.zzz_unzipped-U_PROCUREMENT_MasterJustificationBook_Navy_PB_2019.xml","a15a5ac2b476fa1821fecdd175f009d6b6d94490898adb63d35ae0f8acea13e8","3-a1a98d7c839d1bb3be205ed3f878b89539eaf45583cee5e69320b8ba4b71ee29","11078-4fa3e6a0ab1022487e4dc8bb722b6f05fde220890d590f778676fe8c0bd229fd","root"
"","2","1","","4","","","","5","","","Plan Costs","2020-BASE_PROCUREMENT-2020-NAVY_SHIPBUILDINGANDCOVERSION-U_PROCUREMENT_JustificationBook_Navy_PB_2020.zzz_unzipped-U_PROCUREMENT_JustificationBook_Navy_PB_2020.xml","b3d6afef738256da20170fb5f009d8a6128ab91392924ece660b705bf1e023ed","0-1826052e8df737c5ad0c31b1ab516931956c17d8b323870f55ca4335e9ff02cf","12620-30c3362e9f6648de957d870e40bd3fd2b6543fd4e71e3427721648d32825cde6","root"
"1","","","","","1","46.449","","","","482.4","Design","2020-BASE_PROCUREMENT-2020-NAVY_SHIPBUILDINGANDCOVERSION-U_PROCUREMENT_JustificationBook_Navy_PB_2020.zzz_unzipped-U_PROCUREMENT_JustificationBook_Navy_PB_2020.xml","009291bf5018cd3034bdb12026a82f0feec8f1300bee17e65f0846928ca0dfec","0-a0ad9d66a033acbd35c02c4495b3f934c098717e0e749b51de4638ec0a5b8cda","12627-d4f2151f6535faf123f1e1e4b89744e838d7cee3d7bc66f15387efe1e70da577","root"
"","","","","","","382.214","","","","387.7","Plans/Conversion","2020-BASE_PROCUREMENT-2020-NAVY_SHIPBUILDINGANDCOVERSION-U_PROCUREMENT_JustificationBook_Navy_PB_2020.zzz_unzipped-U_PROCUREMENT_JustificationBook_Navy_PB_2020.xml","009291bf5018cd3034bdb12026a82f0feec8f1300bee17e65f0846928ca0dfec","1-ac4204334995dd918060d9639789fb981c6d6d191895734767681ed0c5510f20","12627-d4f2151f6535faf123f1e1e4b89744e838d7cee3d7bc66f15387efe1e70da577","root"
"","","","","","","31.1","","","","30.6","GFE","2020-BASE_PROCUREMENT-2020-NAVY_SHIPBUILDINGANDCOVERSION-U_PROCUREMENT_JustificationBook_Navy_PB_2020.zzz_unzipped-U_PROCUREMENT_JustificationBook_Navy_PB_2020.xml","009291bf5018cd3034bdb12026a82f0feec8f1300bee17e65f0846928ca0dfec","2-ad1a8da18d19b9fe0971e0a59481691ea8a0f38844cfdcfbba9ed9324059bb49","12627-d4f2151f6535faf123f1e1e4b89744e838d7cee3d7bc66f15387efe1e70da577","root"
"","","","","","","404.552","","","","421.321","Basic Construction","2020-BASE_PROCUREMENT-2020-NAVY_SHIPBUILDINGANDCOVERSION-U_PROCUREMENT_JustificationBook_Navy_PB_2020.zzz_unzipped-U_PROCUREMENT_JustificationBook_Navy_PB_2020.xml","009291bf5018cd3034bdb12026a82f0feec8f1300bee17e65f0846928ca0dfec","3-e0c897613c295c3cb392c0b6ae33c325645e2be3e73841a0846b5e351ce09c56","12627-d4f2151f6535faf123f1e1e4b89744e838d7cee3d7bc66f15387efe1e70da577","root"
"","2","1","","4","","","","5","","","Plan Costs","2020-BASE_PROCUREMENT-2020-NAVY_SHIPBUILDINGANDCOVERSION-U_PROCUREMENT_MasterJustificationBook_Navy_PB_2020.zzz_unzipped-U_PROCUREMENT_MasterJustificationBook_Navy_PB_2020.xml","393b0b919e596d7bdf4f6b051576c9a8bc72857df2d9e38fe2617e790e458ed6","0-b6525b52fb1e749710ecc2ce44844aa26014d3c72e46d774f24165a7eb8717ac","12644-e13ad6d721a6fd7c4e408247706a699837f1d2236ad600b4bce1c0ebb26c1771","root"
"1","","","","","1","46.449","","","","482.4","Design","2020-BASE_PROCUREMENT-2020-NAVY_SHIPBUILDINGANDCOVERSION-U_PROCUREMENT_MasterJustificationBook_Navy_PB_2020.zzz_unzipped-U_PROCUREMENT_MasterJustificationBook_Navy_PB_2020.xml","337937ba59e3b821ef7213e16b1758b97d98a4aba53bb39f4b41339f2b4f9519","0-8a3fc0a910072aaa9441a93f6be94d76e369f2d984918e3760d42dc049c2effd","12651-b0e93f7b27ca0f0b340c889b66c9c155f957d31d47d23c96b097b0e9042d25d2","root"
"","","","","","","382.214","","","","387.7","Plans/Conversion","2020-BASE_PROCUREMENT-2020-NAVY_SHIPBUILDINGANDCOVERSION-U_PROCUREMENT_MasterJustificationBook_Navy_PB_2020.zzz_unzipped-U_PROCUREMENT_MasterJustificationBook_Navy_PB_2020.xml","337937ba59e3b821ef7213e16b1758b97d98a4aba53bb39f4b41339f2b4f9519","1-d6e79696f6fcedcf0d41a35e274eb1a1e7fe6f91679d5150be06f50cfaf23246","12651-b0e93f7b27ca0f0b340c889b66c9c155f957d31d47d23c96b097b0e9042d25d2","root"
"","","","","","","31.1","","","","30.6","GFE","2020-BASE_PROCUREMENT-2020-NAVY_SHIPBUILDINGANDCOVERSION-U_PROCUREMENT_MasterJustificationBook_Navy_PB_2020.zzz_unzipped-U_PROCUREMENT_MasterJustificationBook_Navy_PB_2020.xml","337937ba59e3b821ef7213e16b1758b97d98a4aba53bb39f4b41339f2b4f9519","2-2549e32e12a17d7e60412dccd9575094e313388565a03d3a0d2e48e8c096643b","12651-b0e93f7b27ca0f0b340c889b66c9c155f957d31d47d23c96b097b0e9042d25d2","root"
"","","","","","","404.552","","","","421.321","Basic Construction","2020-BASE_PROCUREMENT-2020-NAVY_SHIPBUILDINGANDCOVERSION-U_PROCUREMENT_MasterJustificationBook_Navy_PB_2020.zzz_unzipped-U_PROCUREMENT_MasterJustificationBook_Navy_PB_2020.xml","337937ba59e3b821ef7213e16b1758b97d98a4aba53bb39f4b41339f2b4f9519","3-b285b0c630c9cf0001f20c4e116ba81c339becb78a16aeab7a7750c913e57f76","12651-b0e93f7b27ca0f0b340c889b66c9c155f957d31d47d23c96b097b0e9042d25d2","root"
