[
    {
        "Name_val": "Avionics",
        "WhenRequiredInMonths_val": "16",
        "Cost_AllPriorYears_val": "108.237",
        "Cost_PriorYear_val": "30.812",
        "Cost_CurrentYear_val": "39.35",
        "Cost_BudgetYearOne_val": "40.944",
        "Cost_BudgetYearTwo_val": "40.854",
        "Cost_BudgetYearThree_val": "3.483",
        "Cost_Total_val": "263.68",
        "ManufacturerList_Manufacturer_Name_val": "See End Item P-5A\/NA",
        "ManufacturerList_Manufacturer_Location_val": "See End Item P-5A",
        "ManufacturerList_Manufacturer_HistoryPlanningList_HistoryPlanning_FiscalYear_val": "2015",
        "ManufacturerList_Manufacturer_HistoryPlanningList_HistoryPlanning_AwardDate_val": "2016-03",
        "ManufacturerList_Manufacturer_HistoryPlanningList_HistoryPlanning_Quantity_val": "40944.000",
        "ManufacturerList_Manufacturer_HistoryPlanningList_HistoryPlanning_UnitCost_val": "1",
        "ManufacturerList_Manufacturer_HistoryPlanningList_HistoryPlanning_FundingVehicle_val": "Various",
        "@SOURCE_FILENAME": "2015-BASE_PROCUREMENT-2015-ARMY_AIRCRAFT-PROCUREMENT_JustificationBook_Army_PB_2015.zzz_unzipped-PROCUREMENT_JustificationBook_Army_PB_2015.xml",
        "@RECORDID": "54197165f46c5581d93852163ae08fb7f6b28fcfbf1909cee0b65f372bd3ccda",
        "@ROWID": "0-18e7ad74682ba15f6952ace5ded1b48ce67b2ba760e4e23cc3fc34f657f11ded",
        "@PARENTROWID": "0-537d1f4ad4a23884cf3e93eea70404598a05fb0f1698df5fcd0db0437c719fb2",
        "@PARENT": "root.record.ItemExhibitList.P3AModificationItemGroup.ModificationItemList.ModificationItem"
    },
    {
        "Name_val": "Airframe",
        "WhenRequiredInMonths_val": "14",
        "Cost_AllPriorYears_val": "162.356",
        "Cost_PriorYear_val": "46.219",
        "Cost_CurrentYear_val": "59.026",
        "Cost_BudgetYearOne_val": "61.417",
        "Cost_BudgetYearTwo_val": "61.28",
        "Cost_BudgetYearThree_val": "5.224",
        "Cost_Total_val": "395.522",
        "ManufacturerList_Manufacturer_Name_val": "See End Item P-5A\/NA",
        "ManufacturerList_Manufacturer_Location_val": "See End Item P-5A",
        "ManufacturerList_Manufacturer_HistoryPlanningList_HistoryPlanning_FiscalYear_val": "2015",
        "ManufacturerList_Manufacturer_HistoryPlanningList_HistoryPlanning_AwardDate_val": "2016-03",
        "ManufacturerList_Manufacturer_HistoryPlanningList_HistoryPlanning_Quantity_val": "61417.000",
        "ManufacturerList_Manufacturer_HistoryPlanningList_HistoryPlanning_UnitCost_val": "1",
        "ManufacturerList_Manufacturer_HistoryPlanningList_HistoryPlanning_FundingVehicle_val": "Various",
        "@SOURCE_FILENAME": "2015-BASE_PROCUREMENT-2015-ARMY_AIRCRAFT-PROCUREMENT_JustificationBook_Army_PB_2015.zzz_unzipped-PROCUREMENT_JustificationBook_Army_PB_2015.xml",
        "@RECORDID": "54197165f46c5581d93852163ae08fb7f6b28fcfbf1909cee0b65f372bd3ccda",
        "@ROWID": "1-ce527b4f6e6a67b5da64ab72efbae748a393e7420b8d90c9e5ca802001138ca1",
        "@PARENTROWID": "0-537d1f4ad4a23884cf3e93eea70404598a05fb0f1698df5fcd0db0437c719fb2",
        "@PARENT": "root.record.ItemExhibitList.P3AModificationItemGroup.ModificationItemList.ModificationItem"
    }
]