Name_val,Cost_TotalCost_CurrentYear_val,Cost_TotalCost_BudgetYearOneBase_val,Cost_TotalCost_BudgetYearOne_val,@SOURCE_FILENAME,@RECORDID,@ROWID,@PARENTROWID,@PARENT
"1.1) Government responsible portion of shipbuilding contract overrun for LPD 27","45.06","","","2018-BASE_PROCUREMENT-2018-NAVY_SHIPBUILDINGANDCOVERSION-U_PROCUREMENT_JustificationBook_Navy_PB_2018.zzz_unzipped-U_PROCUREMENT_JustificationBook_Navy_PB_2018.xml","ba14a00786fe807ccac6010004f7edad61e353a6b01610cc484d53c276093d34","0-c58f681bb49d48b4347a28fe746756b7007a78a622c1430efe5ac9919aec3928","0-eb3c148bdadb16dfb76c775935b8700dce20b5c172d928e24b3d5cfd480ea204","root.record.ItemExhibitList.P5Item.CostElementCategoryList.ShipbuildingCostToComplete"
"2.1) Government responsible portion of shipbuilding contract overrun for LCS 10 and LCS 12","3.6","","","2018-BASE_PROCUREMENT-2018-NAVY_SHIPBUILDINGANDCOVERSION-U_PROCUREMENT_JustificationBook_Navy_PB_2018.zzz_unzipped-U_PROCUREMENT_JustificationBook_Navy_PB_2018.xml","ba14a00786fe807ccac6010004f7edad61e353a6b01610cc484d53c276093d34","0-a9fb9310e897e6bf5dea5c73846f36ac71414df5a9f4d13e75e39e0b9f0516dd","1-456ffddaa23be0ae89414bc4720cd196a345e8c9886a58d0af1f23d4aa4fa738","root.record.ItemExhibitList.P5Item.CostElementCategoryList.ShipbuildingCostToComplete"
"2.2) Restoration of Sequestration shortfall for LCS 13 through LCS 16","43.566","","","2018-BASE_PROCUREMENT-2018-NAVY_SHIPBUILDINGANDCOVERSION-U_PROCUREMENT_JustificationBook_Navy_PB_2018.zzz_unzipped-U_PROCUREMENT_JustificationBook_Navy_PB_2018.xml","ba14a00786fe807ccac6010004f7edad61e353a6b01610cc484d53c276093d34","1-a4b19a0d0f52032fc54c02ee528e4655b6c2b04026999c0b279966ab4181c394","1-456ffddaa23be0ae89414bc4720cd196a345e8c9886a58d0af1f23d4aa4fa738","root.record.ItemExhibitList.P5Item.CostElementCategoryList.ShipbuildingCostToComplete"
"2.3) Government responsible portion of shipbuilding contract overrun for LCS 13 through LCS 16","38.834","","","2018-BASE_PROCUREMENT-2018-NAVY_SHIPBUILDINGANDCOVERSION-U_PROCUREMENT_JustificationBook_Navy_PB_2018.zzz_unzipped-U_PROCUREMENT_JustificationBook_Navy_PB_2018.xml","ba14a00786fe807ccac6010004f7edad61e353a6b01610cc484d53c276093d34","2-08d3b637dccaca1c694e200c0a7cd92d273ef69d9fba0adc5d65c11612e5c880","1-456ffddaa23be0ae89414bc4720cd196a345e8c9886a58d0af1f23d4aa4fa738","root.record.ItemExhibitList.P5Item.CostElementCategoryList.ShipbuildingCostToComplete"
"2.4) Government responsible portion of shipbuilding contract overrun for LCS 9 through LCS 12","","6.394","6.394","2018-BASE_PROCUREMENT-2018-NAVY_SHIPBUILDINGANDCOVERSION-U_PROCUREMENT_JustificationBook_Navy_PB_2018.zzz_unzipped-U_PROCUREMENT_JustificationBook_Navy_PB_2018.xml","ba14a00786fe807ccac6010004f7edad61e353a6b01610cc484d53c276093d34","3-b7583cc821e17b5669ddfcacfa2ec913da2a2a88b6d8e117a0f63139631a0362","1-456ffddaa23be0ae89414bc4720cd196a345e8c9886a58d0af1f23d4aa4fa738","root.record.ItemExhibitList.P5Item.CostElementCategoryList.ShipbuildingCostToComplete"
"2.5) Government responsible portion of shipbuilding contract overrun for LCS 17 through LCS 20","","20.471","20.471","2018-BASE_PROCUREMENT-2018-NAVY_SHIPBUILDINGANDCOVERSION-U_PROCUREMENT_JustificationBook_Navy_PB_2018.zzz_unzipped-U_PROCUREMENT_JustificationBook_Navy_PB_2018.xml","ba14a00786fe807ccac6010004f7edad61e353a6b01610cc484d53c276093d34","4-2b69b7226f32d738e471a3ed2ed844ae7e750137bfc4c757a4e015c592e3fd25","1-456ffddaa23be0ae89414bc4720cd196a345e8c9886a58d0af1f23d4aa4fa738","root.record.ItemExhibitList.P5Item.CostElementCategoryList.ShipbuildingCostToComplete"
"3.1) Repairs to #1 Main Turbine Generator on CVN 78","","20","20","2018-BASE_PROCUREMENT-2018-NAVY_SHIPBUILDINGANDCOVERSION-U_PROCUREMENT_JustificationBook_Navy_PB_2018.zzz_unzipped-U_PROCUREMENT_JustificationBook_Navy_PB_2018.xml","ba14a00786fe807ccac6010004f7edad61e353a6b01610cc484d53c276093d34","0-2b98816026a227de00681b4dd1e79675828517eb062bd900a638edf82c815a01","2-39bd1dc2b716e2d75fff298040e952e5a17d4262a4879921dee207f7956ced3f","root.record.ItemExhibitList.P5Item.CostElementCategoryList.ShipbuildingCostToComplete"
"4.1) Government responsible portion of shipbuilding contract overrun for EPF 10","6.545","","","2018-BASE_PROCUREMENT-2018-NAVY_SHIPBUILDINGANDCOVERSION-U_PROCUREMENT_JustificationBook_Navy_PB_2018.zzz_unzipped-U_PROCUREMENT_JustificationBook_Navy_PB_2018.xml","ba14a00786fe807ccac6010004f7edad61e353a6b01610cc484d53c276093d34","0-80b0d1d2119cd32977574aecc368c7884ce20682d8560dce52f6fb1d8e89d573","3-768d57784ce51610104ad783d70908888f14b0867cbcf238887b62fcb46431a3","root.record.ItemExhibitList.P5Item.CostElementCategoryList.ShipbuildingCostToComplete"
"4.2) Government responsible portion of shipbuilding contract overrun and HM&E/Other - EPF 8/9","6.71","","","2018-BASE_PROCUREMENT-2018-NAVY_SHIPBUILDINGANDCOVERSION-U_PROCUREMENT_JustificationBook_Navy_PB_2018.zzz_unzipped-U_PROCUREMENT_JustificationBook_Navy_PB_2018.xml","ba14a00786fe807ccac6010004f7edad61e353a6b01610cc484d53c276093d34","1-869cbba75b038ee29eac1e6baa9022adc4d4b0a68a070237badab417e8e0fc39","3-768d57784ce51610104ad783d70908888f14b0867cbcf238887b62fcb46431a3","root.record.ItemExhibitList.P5Item.CostElementCategoryList.ShipbuildingCostToComplete"
"5.1) Government responsible portion of shipbuilding contract overrun for DDG 115","15.959","","","2018-BASE_PROCUREMENT-2018-NAVY_SHIPBUILDINGANDCOVERSION-U_PROCUREMENT_JustificationBook_Navy_PB_2018.zzz_unzipped-U_PROCUREMENT_JustificationBook_Navy_PB_2018.xml","ba14a00786fe807ccac6010004f7edad61e353a6b01610cc484d53c276093d34","0-69eeb80eb4565f999155acd89e54deb27171fb6cb06e92c40bb2574610261fcb","4-c691dcc2f497204c7df9ae8bb8cddf567796eed6bbc1c3b213f4689330c0161e","root.record.ItemExhibitList.P5Item.CostElementCategoryList.ShipbuildingCostToComplete"
"5.2) Government responsible portion of shipbuilding contract overrun for DDG 116","","19.436","19.436","2018-BASE_PROCUREMENT-2018-NAVY_SHIPBUILDINGANDCOVERSION-U_PROCUREMENT_JustificationBook_Navy_PB_2018.zzz_unzipped-U_PROCUREMENT_JustificationBook_Navy_PB_2018.xml","ba14a00786fe807ccac6010004f7edad61e353a6b01610cc484d53c276093d34","1-e6528e675f951aab4052b7d48f356b99e4c7382dccf3d01f4a6e5576c53430dc","4-c691dcc2f497204c7df9ae8bb8cddf567796eed6bbc1c3b213f4689330c0161e","root.record.ItemExhibitList.P5Item.CostElementCategoryList.ShipbuildingCostToComplete"
"5.3) Government responsible portion of shipbuilding contract overrun for DDG 117, 118 and 120","","31.941","31.941","2018-BASE_PROCUREMENT-2018-NAVY_SHIPBUILDINGANDCOVERSION-U_PROCUREMENT_JustificationBook_Navy_PB_2018.zzz_unzipped-U_PROCUREMENT_JustificationBook_Navy_PB_2018.xml","ba14a00786fe807ccac6010004f7edad61e353a6b01610cc484d53c276093d34","2-c8cbe8c8dd91ba8569969bb55a15eb63d28361a6cafdf7c73b380ba802ce5048","4-c691dcc2f497204c7df9ae8bb8cddf567796eed6bbc1c3b213f4689330c0161e","root.record.ItemExhibitList.P5Item.CostElementCategoryList.ShipbuildingCostToComplete"
"6.1) Government responsible portion of shipbuilding contract overrun for LHA 7","","14.2","14.2","2018-BASE_PROCUREMENT-2018-NAVY_SHIPBUILDINGANDCOVERSION-U_PROCUREMENT_JustificationBook_Navy_PB_2018.zzz_unzipped-U_PROCUREMENT_JustificationBook_Navy_PB_2018.xml","ba14a00786fe807ccac6010004f7edad61e353a6b01610cc484d53c276093d34","0-5bad95b443aa4a195a8622fca36c88ee3497efc2d8f24301ffea2aae51dd3ea6","5-b46863499afaa492ebdecf982a6d1a8413cac5ee8149bc7566cae152e701491a","root.record.ItemExhibitList.P5Item.CostElementCategoryList.ShipbuildingCostToComplete"
"7.1) Government responsible portion of shipbuilding contract overrun for LCAC 101, 102, & 103","","5.1","5.1","2018-BASE_PROCUREMENT-2018-NAVY_SHIPBUILDINGANDCOVERSION-U_PROCUREMENT_JustificationBook_Navy_PB_2018.zzz_unzipped-U_PROCUREMENT_JustificationBook_Navy_PB_2018.xml","ba14a00786fe807ccac6010004f7edad61e353a6b01610cc484d53c276093d34","0-0ad78825e0cc2bcb7749b43066b1249c6660a07e68e3f1589379521cd9fd8c5e","6-2eb0cf8cf60de9306c6607e06705d9c87c37869dd146913c0f3b90c48eaf594c","root.record.ItemExhibitList.P5Item.CostElementCategoryList.ShipbuildingCostToComplete"
"1.1) Government responsible portion of shipbuilding contract overrun for LPD 27","45.06","","","2018-BASE_PROCUREMENT-2018-NAVY_SHIPBUILDINGANDCOVERSION-U_PROCUREMENT_MasterJustificationBook_Navy_PB_2018.zzz_unzipped-U_PROCUREMENT_MasterJustificationBook_Navy_PB_2018.xml","844cf09ac8dbd411df1245b882f0e816cc5e08a8e004c7233a820df7b55bceca","0-002ae08e93734380b60f1595fb07cb9c6a507354ff5d2f6ffe8a5926a97e9351","0-b5d4c8a48e992bf543d22577e859a4208d2940865552332be10f82cc81746677","root.record.ItemExhibitList.P5Item.CostElementCategoryList.ShipbuildingCostToComplete"
"2.1) Government responsible portion of shipbuilding contract overrun for LCS 10 and LCS 12","3.6","","","2018-BASE_PROCUREMENT-2018-NAVY_SHIPBUILDINGANDCOVERSION-U_PROCUREMENT_MasterJustificationBook_Navy_PB_2018.zzz_unzipped-U_PROCUREMENT_MasterJustificationBook_Navy_PB_2018.xml","844cf09ac8dbd411df1245b882f0e816cc5e08a8e004c7233a820df7b55bceca","0-502c85627b4bfcb7a746ffe0d2a5f03b15125029eb0f9c8a6b31bd5d249d5b4a","1-111df39478fd01aed6ddec1e32bdc98caedaddb12823dc17c80082682ebb4564","root.record.ItemExhibitList.P5Item.CostElementCategoryList.ShipbuildingCostToComplete"
"2.2) Restoration of Sequestration shortfall for LCS 13 through LCS 16","43.566","","","2018-BASE_PROCUREMENT-2018-NAVY_SHIPBUILDINGANDCOVERSION-U_PROCUREMENT_MasterJustificationBook_Navy_PB_2018.zzz_unzipped-U_PROCUREMENT_MasterJustificationBook_Navy_PB_2018.xml","844cf09ac8dbd411df1245b882f0e816cc5e08a8e004c7233a820df7b55bceca","1-5d7fc3fd33a4461a3154701b87d650965f8dfee1303b2706d8fb82e6513e08b2","1-111df39478fd01aed6ddec1e32bdc98caedaddb12823dc17c80082682ebb4564","root.record.ItemExhibitList.P5Item.CostElementCategoryList.ShipbuildingCostToComplete"
"2.3) Government responsible portion of shipbuilding contract overrun for LCS 13 through LCS 16","38.834","","","2018-BASE_PROCUREMENT-2018-NAVY_SHIPBUILDINGANDCOVERSION-U_PROCUREMENT_MasterJustificationBook_Navy_PB_2018.zzz_unzipped-U_PROCUREMENT_MasterJustificationBook_Navy_PB_2018.xml","844cf09ac8dbd411df1245b882f0e816cc5e08a8e004c7233a820df7b55bceca","2-d9450f3b8223e550daa2f85983100581d9a4fb79c985e921a30fdd70569b9de9","1-111df39478fd01aed6ddec1e32bdc98caedaddb12823dc17c80082682ebb4564","root.record.ItemExhibitList.P5Item.CostElementCategoryList.ShipbuildingCostToComplete"
"2.4) Government responsible portion of shipbuilding contract overrun for LCS 9 through LCS 12","","6.394","6.394","2018-BASE_PROCUREMENT-2018-NAVY_SHIPBUILDINGANDCOVERSION-U_PROCUREMENT_MasterJustificationBook_Navy_PB_2018.zzz_unzipped-U_PROCUREMENT_MasterJustificationBook_Navy_PB_2018.xml","844cf09ac8dbd411df1245b882f0e816cc5e08a8e004c7233a820df7b55bceca","3-87b3413123b3b943ca0b5ecd1f5a73b6a5078109b849d237ca746bb70fc12b8e","1-111df39478fd01aed6ddec1e32bdc98caedaddb12823dc17c80082682ebb4564","root.record.ItemExhibitList.P5Item.CostElementCategoryList.ShipbuildingCostToComplete"
"2.5) Government responsible portion of shipbuilding contract overrun for LCS 17 through LCS 20","","20.471","20.471","2018-BASE_PROCUREMENT-2018-NAVY_SHIPBUILDINGANDCOVERSION-U_PROCUREMENT_MasterJustificationBook_Navy_PB_2018.zzz_unzipped-U_PROCUREMENT_MasterJustificationBook_Navy_PB_2018.xml","844cf09ac8dbd411df1245b882f0e816cc5e08a8e004c7233a820df7b55bceca","4-d38f15831503b83a3b4437cb32c1fef44c988d8a6ed5dc5b8ee96a2307d09f1b","1-111df39478fd01aed6ddec1e32bdc98caedaddb12823dc17c80082682ebb4564","root.record.ItemExhibitList.P5Item.CostElementCategoryList.ShipbuildingCostToComplete"
"3.1) Repairs to #1 Main Turbine Generator on CVN 78","","20","20","2018-BASE_PROCUREMENT-2018-NAVY_SHIPBUILDINGANDCOVERSION-U_PROCUREMENT_MasterJustificationBook_Navy_PB_2018.zzz_unzipped-U_PROCUREMENT_MasterJustificationBook_Navy_PB_2018.xml","844cf09ac8dbd411df1245b882f0e816cc5e08a8e004c7233a820df7b55bceca","0-ff7ec071806a6d360a2180f3a456a59630c3bc90912977379856eab5324bd3bd","2-d0473661cd14f4c70d104cfda19fef155ad09b2c84941db61948356498e5a1ca","root.record.ItemExhibitList.P5Item.CostElementCategoryList.ShipbuildingCostToComplete"
"4.1) Government responsible portion of shipbuilding contract overrun for EPF 10","6.545","","","2018-BASE_PROCUREMENT-2018-NAVY_SHIPBUILDINGANDCOVERSION-U_PROCUREMENT_MasterJustificationBook_Navy_PB_2018.zzz_unzipped-U_PROCUREMENT_MasterJustificationBook_Navy_PB_2018.xml","844cf09ac8dbd411df1245b882f0e816cc5e08a8e004c7233a820df7b55bceca","0-a23c507c17ad3ff5cb1d0b58a7a7bef1b6e1cacfdba85fdda6fa420c5edf9b8b","3-25fcef4a97e340162f188c1a519326bcfe6a0eedcd9d191e371c4f4bd388e79c","root.record.ItemExhibitList.P5Item.CostElementCategoryList.ShipbuildingCostToComplete"
"4.2) Government responsible portion of shipbuilding contract overrun and HM&E/Other - EPF 8/9","6.71","","","2018-BASE_PROCUREMENT-2018-NAVY_SHIPBUILDINGANDCOVERSION-U_PROCUREMENT_MasterJustificationBook_Navy_PB_2018.zzz_unzipped-U_PROCUREMENT_MasterJustificationBook_Navy_PB_2018.xml","844cf09ac8dbd411df1245b882f0e816cc5e08a8e004c7233a820df7b55bceca","1-7cad919f1e347c73da7cccce134f8f52826b4ebea288a2f8b8588face5f5f476","3-25fcef4a97e340162f188c1a519326bcfe6a0eedcd9d191e371c4f4bd388e79c","root.record.ItemExhibitList.P5Item.CostElementCategoryList.ShipbuildingCostToComplete"
"5.1) Government responsible portion of shipbuilding contract overrun for DDG 115","15.959","","","2018-BASE_PROCUREMENT-2018-NAVY_SHIPBUILDINGANDCOVERSION-U_PROCUREMENT_MasterJustificationBook_Navy_PB_2018.zzz_unzipped-U_PROCUREMENT_MasterJustificationBook_Navy_PB_2018.xml","844cf09ac8dbd411df1245b882f0e816cc5e08a8e004c7233a820df7b55bceca","0-4c72c57f429c2c3fcbd29c9b07e65c2fcea9dee39b4a55d9f3cefd626d8f7019","4-abab493413ec2d5ccdb406fde67f14840549cbcad9838c1b89b2fa5fc8a87241","root.record.ItemExhibitList.P5Item.CostElementCategoryList.ShipbuildingCostToComplete"
"5.2) Government responsible portion of shipbuilding contract overrun for DDG 116","","19.436","19.436","2018-BASE_PROCUREMENT-2018-NAVY_SHIPBUILDINGANDCOVERSION-U_PROCUREMENT_MasterJustificationBook_Navy_PB_2018.zzz_unzipped-U_PROCUREMENT_MasterJustificationBook_Navy_PB_2018.xml","844cf09ac8dbd411df1245b882f0e816cc5e08a8e004c7233a820df7b55bceca","1-bbd27e0dafc1e1e97891d18021e867d9a97e12af10c8a09446468b3d928d087f","4-abab493413ec2d5ccdb406fde67f14840549cbcad9838c1b89b2fa5fc8a87241","root.record.ItemExhibitList.P5Item.CostElementCategoryList.ShipbuildingCostToComplete"
"5.3) Government responsible portion of shipbuilding contract overrun for DDG 117, 118 and 120","","31.941","31.941","2018-BASE_PROCUREMENT-2018-NAVY_SHIPBUILDINGANDCOVERSION-U_PROCUREMENT_MasterJustificationBook_Navy_PB_2018.zzz_unzipped-U_PROCUREMENT_MasterJustificationBook_Navy_PB_2018.xml","844cf09ac8dbd411df1245b882f0e816cc5e08a8e004c7233a820df7b55bceca","2-92e652b397ad6fe2497751cbd1f65729fd28a57ee1a93d63f22d681c44a8532b","4-abab493413ec2d5ccdb406fde67f14840549cbcad9838c1b89b2fa5fc8a87241","root.record.ItemExhibitList.P5Item.CostElementCategoryList.ShipbuildingCostToComplete"
"6.1) Government responsible portion of shipbuilding contract overrun for LHA 7","","14.2","14.2","2018-BASE_PROCUREMENT-2018-NAVY_SHIPBUILDINGANDCOVERSION-U_PROCUREMENT_MasterJustificationBook_Navy_PB_2018.zzz_unzipped-U_PROCUREMENT_MasterJustificationBook_Navy_PB_2018.xml","844cf09ac8dbd411df1245b882f0e816cc5e08a8e004c7233a820df7b55bceca","0-69dc704dc53ed799562911a071c0b789864570a2bfffee538e8970c322ac137b","5-898b7c9b922106e620eee882a6e49149e2b46393c74bb9dc082626cd6c6b5d46","root.record.ItemExhibitList.P5Item.CostElementCategoryList.ShipbuildingCostToComplete"
"7.1) Government responsible portion of shipbuilding contract overrun for LCAC 101, 102, & 103","","5.1","5.1","2018-BASE_PROCUREMENT-2018-NAVY_SHIPBUILDINGANDCOVERSION-U_PROCUREMENT_MasterJustificationBook_Navy_PB_2018.zzz_unzipped-U_PROCUREMENT_MasterJustificationBook_Navy_PB_2018.xml","844cf09ac8dbd411df1245b882f0e816cc5e08a8e004c7233a820df7b55bceca","0-b50dc40620286284b39cf900cd90be6c62adaa95b1df47765b7de7e3b2c2eee5","6-50091dcc1ec9e3f906c282edb977f86613515be000fe45243156302759622323","root.record.ItemExhibitList.P5Item.CostElementCategoryList.ShipbuildingCostToComplete"
"1.1) Government responsible portion of shipbuilding contract overrun for LCS 9 through LCS 12","6.394","","","2019-BASE_PROCUREMENT-2019-NAVY_SHIPBUILDINGANDCOVERSION-U_PROCUREMENT_JustificationBook_Navy_PB_2019.zzz_unzipped-U_PROCUREMENT_JustificationBook_Navy_PB_2019.xml","4f23e71fc905fdaf1b80bd9d8605aaafa4e4d3dd58c349c54af7cc44f3280f83","0-5d2640a7fc4bc902d7d5199cd8f13391b0e98d558f9771756e6b085956f15108","0-61004e67378b4b6392f014cff16b636bd7f24d01d26169f611ce253f5e539c04","root.record.ItemExhibitList.P5Item.CostElementCategoryList.ShipbuildingCostToComplete"
"1.2) Government responsible portion of shipbuilding contract overrun for LCS 17 through LCS 20","20.471","","","2019-BASE_PROCUREMENT-2019-NAVY_SHIPBUILDINGANDCOVERSION-U_PROCUREMENT_JustificationBook_Navy_PB_2019.zzz_unzipped-U_PROCUREMENT_JustificationBook_Navy_PB_2019.xml","4f23e71fc905fdaf1b80bd9d8605aaafa4e4d3dd58c349c54af7cc44f3280f83","1-98b7a19e945cad0e8df37d7aac1035b7f15096fbe7d9a7d961cc6e5506af5fb8","0-61004e67378b4b6392f014cff16b636bd7f24d01d26169f611ce253f5e539c04","root.record.ItemExhibitList.P5Item.CostElementCategoryList.ShipbuildingCostToComplete"
"1.3) Government responsible portion of shipbuilding contract overrun for LCS 21, 22, 24","","83.686","83.686","2019-BASE_PROCUREMENT-2019-NAVY_SHIPBUILDINGANDCOVERSION-U_PROCUREMENT_JustificationBook_Navy_PB_2019.zzz_unzipped-U_PROCUREMENT_JustificationBook_Navy_PB_2019.xml","4f23e71fc905fdaf1b80bd9d8605aaafa4e4d3dd58c349c54af7cc44f3280f83","2-e58d6b7dcef6d2bbe1310f092c8f5dc7b040d98b44c03feef2532d03860bbd9e","0-61004e67378b4b6392f014cff16b636bd7f24d01d26169f611ce253f5e539c04","root.record.ItemExhibitList.P5Item.CostElementCategoryList.ShipbuildingCostToComplete"
"1.4) Government responsible portion of shipbuilding contract overrun for LCS 17 through LCS 20","","19.498","19.498","2019-BASE_PROCUREMENT-2019-NAVY_SHIPBUILDINGANDCOVERSION-U_PROCUREMENT_JustificationBook_Navy_PB_2019.zzz_unzipped-U_PROCUREMENT_JustificationBook_Navy_PB_2019.xml","4f23e71fc905fdaf1b80bd9d8605aaafa4e4d3dd58c349c54af7cc44f3280f83","3-1c1ee9294a6cbc8b6dcfdbfad313d923454c5184b9407cbaf0c434bedbfc8c31","0-61004e67378b4b6392f014cff16b636bd7f24d01d26169f611ce253f5e539c04","root.record.ItemExhibitList.P5Item.CostElementCategoryList.ShipbuildingCostToComplete"
"2.1) Repairs to #1 Main Turbine Generator on CVN 78","20","","","2019-BASE_PROCUREMENT-2019-NAVY_SHIPBUILDINGANDCOVERSION-U_PROCUREMENT_JustificationBook_Navy_PB_2019.zzz_unzipped-U_PROCUREMENT_JustificationBook_Navy_PB_2019.xml","4f23e71fc905fdaf1b80bd9d8605aaafa4e4d3dd58c349c54af7cc44f3280f83","0-0d91d68a3ac6ed7c67a00c758364899503840ba19d0f3e8dcd6a686ba4e45f04","1-2291d451b1bcf208d9bde48a4797e6f7afea3e1d359e81432a9374b842abda5b","root.record.ItemExhibitList.P5Item.CostElementCategoryList.ShipbuildingCostToComplete"
"3.1) Government responsible portion of shipbuilding contract overrun for DDG 116","19.436","","","2019-BASE_PROCUREMENT-2019-NAVY_SHIPBUILDINGANDCOVERSION-U_PROCUREMENT_JustificationBook_Navy_PB_2019.zzz_unzipped-U_PROCUREMENT_JustificationBook_Navy_PB_2019.xml","4f23e71fc905fdaf1b80bd9d8605aaafa4e4d3dd58c349c54af7cc44f3280f83","0-efaa7163e2be4a99d2e8b089c7539d8abfa41ee390fdb6b76b3c421efa637f18","2-c660f2964909324f98bf6fa2d05a87d2995163af60232e0a9e230410f1bf9c02","root.record.ItemExhibitList.P5Item.CostElementCategoryList.ShipbuildingCostToComplete"
"3.2) Government responsible portion of shipbuilding contract overrun for DDG 117, 118 and 120","31.941","53.966","53.966","2019-BASE_PROCUREMENT-2019-NAVY_SHIPBUILDINGANDCOVERSION-U_PROCUREMENT_JustificationBook_Navy_PB_2019.zzz_unzipped-U_PROCUREMENT_JustificationBook_Navy_PB_2019.xml","4f23e71fc905fdaf1b80bd9d8605aaafa4e4d3dd58c349c54af7cc44f3280f83","1-bd663e00f3bc2571e50b9042e94f007c903a5294306639dd9d8309e73133d5db","2-c660f2964909324f98bf6fa2d05a87d2995163af60232e0a9e230410f1bf9c02","root.record.ItemExhibitList.P5Item.CostElementCategoryList.ShipbuildingCostToComplete"
"4.1) Government responsible portion of shipbuilding contract overrun for LHA 7","14.2","25.1","25.1","2019-BASE_PROCUREMENT-2019-NAVY_SHIPBUILDINGANDCOVERSION-U_PROCUREMENT_JustificationBook_Navy_PB_2019.zzz_unzipped-U_PROCUREMENT_JustificationBook_Navy_PB_2019.xml","4f23e71fc905fdaf1b80bd9d8605aaafa4e4d3dd58c349c54af7cc44f3280f83","0-e4ea50dc9a3cd1b6d8e0164595e603a1f909ff95e99fed3b28fe19c304106916","3-64815a0fa4bfcf3df35a53fd1ba3123fd7a57df52c68ced0ee75f4bdbcf3b1f3","root.record.ItemExhibitList.P5Item.CostElementCategoryList.ShipbuildingCostToComplete"
"5.1) Government responsible portion of shipbuilding contract overrun for LCAC 101, 102, & 103","5.1","9.4","9.4","2019-BASE_PROCUREMENT-2019-NAVY_SHIPBUILDINGANDCOVERSION-U_PROCUREMENT_JustificationBook_Navy_PB_2019.zzz_unzipped-U_PROCUREMENT_JustificationBook_Navy_PB_2019.xml","4f23e71fc905fdaf1b80bd9d8605aaafa4e4d3dd58c349c54af7cc44f3280f83","0-e4938b1b5e9766017211e12291e5a2bfaf3110faa647c6695ddc8dd4f9d25442","4-69e957837429fc61b5291a7066223695f69a448fb14523cd32fc9929f2fca919","root.record.ItemExhibitList.P5Item.CostElementCategoryList.ShipbuildingCostToComplete"
"6.1) Change Orders and Government Furnished Equipment (GFE) for T-AO 205","","15.449","15.449","2019-BASE_PROCUREMENT-2019-NAVY_SHIPBUILDINGANDCOVERSION-U_PROCUREMENT_JustificationBook_Navy_PB_2019.zzz_unzipped-U_PROCUREMENT_JustificationBook_Navy_PB_2019.xml","4f23e71fc905fdaf1b80bd9d8605aaafa4e4d3dd58c349c54af7cc44f3280f83","0-2a843998c3efe9ca250ebe05170b3abe00a3ff3e5de431fba7354e9bd9b39ae6","5-307a4ff09fc48639004268f2acdb3bdaef85683dc723116237ff46c48570a2f4","root.record.ItemExhibitList.P5Item.CostElementCategoryList.ShipbuildingCostToComplete"
"1.1) Government responsible portion of shipbuilding contract overrun for LCS 9 through LCS 12","6.394","","","2019-BASE_PROCUREMENT-2019-NAVY_SHIPBUILDINGANDCOVERSION-U_PROCUREMENT_MasterJustificationBook_Navy_PB_2019.zzz_unzipped-U_PROCUREMENT_MasterJustificationBook_Navy_PB_2019.xml","4e7d78eff5791982c64bcd72fe9ea8f83c6ee8a79cf0f455906a33f892b1da0a","0-7797016740b951dbadf7fbadfcc76a07a9f925bd1d881c86702958d6c68b6101","0-bce796a4cb071bd92dfaed96c4523fb63efac111178e14cc2024cdbdc84925b4","root.record.ItemExhibitList.P5Item.CostElementCategoryList.ShipbuildingCostToComplete"
"1.2) Government responsible portion of shipbuilding contract overrun for LCS 17 through LCS 20","20.471","","","2019-BASE_PROCUREMENT-2019-NAVY_SHIPBUILDINGANDCOVERSION-U_PROCUREMENT_MasterJustificationBook_Navy_PB_2019.zzz_unzipped-U_PROCUREMENT_MasterJustificationBook_Navy_PB_2019.xml","4e7d78eff5791982c64bcd72fe9ea8f83c6ee8a79cf0f455906a33f892b1da0a","1-b8a658528c8fdcf49c63e32e5ae5d89cbd81885998e4fc3217c803beede03af6","0-bce796a4cb071bd92dfaed96c4523fb63efac111178e14cc2024cdbdc84925b4","root.record.ItemExhibitList.P5Item.CostElementCategoryList.ShipbuildingCostToComplete"
"1.3) Government responsible portion of shipbuilding contract overrun for LCS 21, 22, 24","","83.686","83.686","2019-BASE_PROCUREMENT-2019-NAVY_SHIPBUILDINGANDCOVERSION-U_PROCUREMENT_MasterJustificationBook_Navy_PB_2019.zzz_unzipped-U_PROCUREMENT_MasterJustificationBook_Navy_PB_2019.xml","4e7d78eff5791982c64bcd72fe9ea8f83c6ee8a79cf0f455906a33f892b1da0a","2-a6ed11a53c50ebe90edc4ca50d974392a1dbbda33e1cfbca63f6ce96f45d959e","0-bce796a4cb071bd92dfaed96c4523fb63efac111178e14cc2024cdbdc84925b4","root.record.ItemExhibitList.P5Item.CostElementCategoryList.ShipbuildingCostToComplete"
"1.4) Government responsible portion of shipbuilding contract overrun for LCS 17 through LCS 20","","19.498","19.498","2019-BASE_PROCUREMENT-2019-NAVY_SHIPBUILDINGANDCOVERSION-U_PROCUREMENT_MasterJustificationBook_Navy_PB_2019.zzz_unzipped-U_PROCUREMENT_MasterJustificationBook_Navy_PB_2019.xml","4e7d78eff5791982c64bcd72fe9ea8f83c6ee8a79cf0f455906a33f892b1da0a","3-d2014538bdc534ddbcba8ef0f395d693bbb7a3ee1a7acbb894f9b3d3a9ba621b","0-bce796a4cb071bd92dfaed96c4523fb63efac111178e14cc2024cdbdc84925b4","root.record.ItemExhibitList.P5Item.CostElementCategoryList.ShipbuildingCostToComplete"
"2.1) Repairs to #1 Main Turbine Generator on CVN 78","20","","","2019-BASE_PROCUREMENT-2019-NAVY_SHIPBUILDINGANDCOVERSION-U_PROCUREMENT_MasterJustificationBook_Navy_PB_2019.zzz_unzipped-U_PROCUREMENT_MasterJustificationBook_Navy_PB_2019.xml","4e7d78eff5791982c64bcd72fe9ea8f83c6ee8a79cf0f455906a33f892b1da0a","0-9a2ad970e1ac409c4ae7aad7c4ece357bb4da5fa7955532750f17a5043174bc2","1-66149906ca496cd0508428dc6ad9cf1111e4b9f0f33da381393a9079b9576c2a","root.record.ItemExhibitList.P5Item.CostElementCategoryList.ShipbuildingCostToComplete"
"3.1) Government responsible portion of shipbuilding contract overrun for DDG 116","19.436","","","2019-BASE_PROCUREMENT-2019-NAVY_SHIPBUILDINGANDCOVERSION-U_PROCUREMENT_MasterJustificationBook_Navy_PB_2019.zzz_unzipped-U_PROCUREMENT_MasterJustificationBook_Navy_PB_2019.xml","4e7d78eff5791982c64bcd72fe9ea8f83c6ee8a79cf0f455906a33f892b1da0a","0-6cba2ae9ff810413102377e542369a8af0e2b18f61433bdf60601a6d0d28fb7d","2-b2f3e39f1a982634f4546fc9fbb74180f3946bc9036eba3152f3c68969ca172d","root.record.ItemExhibitList.P5Item.CostElementCategoryList.ShipbuildingCostToComplete"
"3.2) Government responsible portion of shipbuilding contract overrun for DDG 117, 118 and 120","31.941","53.966","53.966","2019-BASE_PROCUREMENT-2019-NAVY_SHIPBUILDINGANDCOVERSION-U_PROCUREMENT_MasterJustificationBook_Navy_PB_2019.zzz_unzipped-U_PROCUREMENT_MasterJustificationBook_Navy_PB_2019.xml","4e7d78eff5791982c64bcd72fe9ea8f83c6ee8a79cf0f455906a33f892b1da0a","1-1e669da858202081f2a9292aaa349093b6974da89f24b762d96e63c9879a5c13","2-b2f3e39f1a982634f4546fc9fbb74180f3946bc9036eba3152f3c68969ca172d","root.record.ItemExhibitList.P5Item.CostElementCategoryList.ShipbuildingCostToComplete"
"4.1) Government responsible portion of shipbuilding contract overrun for LHA 7","14.2","25.1","25.1","2019-BASE_PROCUREMENT-2019-NAVY_SHIPBUILDINGANDCOVERSION-U_PROCUREMENT_MasterJustificationBook_Navy_PB_2019.zzz_unzipped-U_PROCUREMENT_MasterJustificationBook_Navy_PB_2019.xml","4e7d78eff5791982c64bcd72fe9ea8f83c6ee8a79cf0f455906a33f892b1da0a","0-4f1ec67d3e5c453b75bf2df43493351dad393d449a8a45b39979a3f23d82efc3","3-f069934201ada2bbae3ce9ead71f84a87bc3171d3b3f1ac4896a4ef930fa3a8d","root.record.ItemExhibitList.P5Item.CostElementCategoryList.ShipbuildingCostToComplete"
"5.1) Government responsible portion of shipbuilding contract overrun for LCAC 101, 102, & 103","5.1","9.4","9.4","2019-BASE_PROCUREMENT-2019-NAVY_SHIPBUILDINGANDCOVERSION-U_PROCUREMENT_MasterJustificationBook_Navy_PB_2019.zzz_unzipped-U_PROCUREMENT_MasterJustificationBook_Navy_PB_2019.xml","4e7d78eff5791982c64bcd72fe9ea8f83c6ee8a79cf0f455906a33f892b1da0a","0-302cc54281f2b09a3f1ce3851e2d4e59c0a18438ecc4dab68851514e5db1fba2","4-da25664c9d7f12beecc0496e8e3aafc300fb6a364b431f4c6be611e2f7545f7a","root.record.ItemExhibitList.P5Item.CostElementCategoryList.ShipbuildingCostToComplete"
"6.1) Change Orders and Government Furnished Equipment (GFE) for T-AO 205","","15.449","15.449","2019-BASE_PROCUREMENT-2019-NAVY_SHIPBUILDINGANDCOVERSION-U_PROCUREMENT_MasterJustificationBook_Navy_PB_2019.zzz_unzipped-U_PROCUREMENT_MasterJustificationBook_Navy_PB_2019.xml","4e7d78eff5791982c64bcd72fe9ea8f83c6ee8a79cf0f455906a33f892b1da0a","0-b1f24b887947d84f348395bbaec833c82af486fb0fbf3a639a3719f0a66b7731","5-4ab1a5214a11ce167486ded7b1f5df551274971fbf09592a3a8f0075c4987351","root.record.ItemExhibitList.P5Item.CostElementCategoryList.ShipbuildingCostToComplete"
"1.1) Government responsible portion of shipbuilding contract overrun for LCS 23, 25, 26","","14","14","2020-BASE_PROCUREMENT-2020-NAVY_SHIPBUILDINGANDCOVERSION-U_PROCUREMENT_JustificationBook_Navy_PB_2020.zzz_unzipped-U_PROCUREMENT_JustificationBook_Navy_PB_2020.xml","884433a6beab0e9e650d2509d54a824fa82b535689950e530778995f52bfcd62","0-0f8b7133f61e4d8ed44cb03b735cfdc6240ffe758db740ac249734e1ee4ead16","0-f2e48fa155583e25fe973d54625de418c977969b9114e7995261df48cd0bd7aa","root.record.ItemExhibitList.P5Item.CostElementCategoryList.ShipbuildingCostToComplete"
"2.1) ESB 5 repairs","","38","38","2020-BASE_PROCUREMENT-2020-NAVY_SHIPBUILDINGANDCOVERSION-U_PROCUREMENT_JustificationBook_Navy_PB_2020.zzz_unzipped-U_PROCUREMENT_JustificationBook_Navy_PB_2020.xml","884433a6beab0e9e650d2509d54a824fa82b535689950e530778995f52bfcd62","0-421b3d36741321708600a0028b91c61c94f0da010a65a9fa2d382a03b2196aca","1-2b3dd9cd6b9f8b319221c63414acc738aebf3c4a32b388f220d78cabab3f0701","root.record.ItemExhibitList.P5Item.CostElementCategoryList.ShipbuildingCostToComplete"
"5.1) Government Furnished Equipment (GFE) for T-AO 206","","3.7","3.7","2020-BASE_PROCUREMENT-2020-NAVY_SHIPBUILDINGANDCOVERSION-U_PROCUREMENT_JustificationBook_Navy_PB_2020.zzz_unzipped-U_PROCUREMENT_JustificationBook_Navy_PB_2020.xml","884433a6beab0e9e650d2509d54a824fa82b535689950e530778995f52bfcd62","0-c03acef683331b69c5686203575db01eba03e8b7ff6d91ce079974784b08f30d","2-8491ad6f558bc4a425c7c6a2bc8a9e97e5e6f417822c94099d8b86673f23f13c","root.record.ItemExhibitList.P5Item.CostElementCategoryList.ShipbuildingCostToComplete"
"1.1) Government responsible portion of shipbuilding contract overrun for LCS 23, 25, 26","","14","14","2020-BASE_PROCUREMENT-2020-NAVY_SHIPBUILDINGANDCOVERSION-U_PROCUREMENT_MasterJustificationBook_Navy_PB_2020.zzz_unzipped-U_PROCUREMENT_MasterJustificationBook_Navy_PB_2020.xml","43247d3fc5a948dda4336393c7913d4aa2fa9f852a7866beab8de25bd6f746c0","0-cab8a9aa25fdfd1f8902971cbf853a1ed4a6da4b955eb8902f324e2a099feabf","0-77ed5aa390d1b7142f0adbb1631ab58e7d83f0e3da6b0fbb4a5dced5e845c728","root.record.ItemExhibitList.P5Item.CostElementCategoryList.ShipbuildingCostToComplete"
"2.1) ESB 5 repairs","","38","38","2020-BASE_PROCUREMENT-2020-NAVY_SHIPBUILDINGANDCOVERSION-U_PROCUREMENT_MasterJustificationBook_Navy_PB_2020.zzz_unzipped-U_PROCUREMENT_MasterJustificationBook_Navy_PB_2020.xml","43247d3fc5a948dda4336393c7913d4aa2fa9f852a7866beab8de25bd6f746c0","0-3804f1cd088bad4c813a9994a12767a3ecca95c9f2bc1d6ff61d8bab5faecab0","1-631b3e5b758d94409ba747c6f44dffbb13f9b5570ae991aa6a689c9d57cfc36a","root.record.ItemExhibitList.P5Item.CostElementCategoryList.ShipbuildingCostToComplete"
"5.1) Government Furnished Equipment (GFE) for T-AO 206","","3.7","3.7","2020-BASE_PROCUREMENT-2020-NAVY_SHIPBUILDINGANDCOVERSION-U_PROCUREMENT_MasterJustificationBook_Navy_PB_2020.zzz_unzipped-U_PROCUREMENT_MasterJustificationBook_Navy_PB_2020.xml","43247d3fc5a948dda4336393c7913d4aa2fa9f852a7866beab8de25bd6f746c0","0-44a920f16b281e165e9df42ac9e006f14eaa616e4842d54ee35c0bd8f8697202","2-031f297b2dd52b8a0797f5ee23cfc8fa579b79caf46177da640ded9f23a932e7","root.record.ItemExhibitList.P5Item.CostElementCategoryList.ShipbuildingCostToComplete"
