Name_val,Cost_TotalCost_CurrentYear_val,Cost_TotalCost_BudgetYearOneBase_val,Cost_TotalCost_BudgetYearOne_val,@SOURCE_FILENAME,@RECORDID,@ROWID,@PARENTROWID,@PARENT
"1.1) Government responsible portion of shipbuilding contract overrun for LPD 27","45.06","","","2018-BASE_PROCUREMENT-2018-NAVY_SHIPBUILDINGANDCOVERSION-U_PROCUREMENT_JustificationBook_Navy_PB_2018.zzz_unzipped-U_PROCUREMENT_JustificationBook_Navy_PB_2018.xml","ba14a00786fe807ccac6010004f7edad61e353a6b01610cc484d53c276093d34","0-2e268c2a5ae8ad2fdb8948e66c2b76af0947736f24b983ce4dfcf8426fdb760b","0-6028333af59e83de838aa3052e9654ee56a78dce5e4a5058b8a6656465fa5a4e","root.record.ItemExhibitList.P5Item.CostElementCategoryList.ShipbuildingCostToComplete"
"2.1) Government responsible portion of shipbuilding contract overrun for LCS 10 and LCS 12","3.6","","","2018-BASE_PROCUREMENT-2018-NAVY_SHIPBUILDINGANDCOVERSION-U_PROCUREMENT_JustificationBook_Navy_PB_2018.zzz_unzipped-U_PROCUREMENT_JustificationBook_Navy_PB_2018.xml","ba14a00786fe807ccac6010004f7edad61e353a6b01610cc484d53c276093d34","0-e3f9c36f837ec30f4910c1a39959390a740fd3e1df1cc08034c1257f4a489a5f","1-762f2a758d79af638ea88e78d6bdf9a68420a7b688e0489ecd2335265900571b","root.record.ItemExhibitList.P5Item.CostElementCategoryList.ShipbuildingCostToComplete"
"2.2) Restoration of Sequestration shortfall for LCS 13 through LCS 16","43.566","","","2018-BASE_PROCUREMENT-2018-NAVY_SHIPBUILDINGANDCOVERSION-U_PROCUREMENT_JustificationBook_Navy_PB_2018.zzz_unzipped-U_PROCUREMENT_JustificationBook_Navy_PB_2018.xml","ba14a00786fe807ccac6010004f7edad61e353a6b01610cc484d53c276093d34","1-c2289524e0502c57e4f799f8f03ec11e161747315b613d3b5738cc0af0f3e066","1-762f2a758d79af638ea88e78d6bdf9a68420a7b688e0489ecd2335265900571b","root.record.ItemExhibitList.P5Item.CostElementCategoryList.ShipbuildingCostToComplete"
"2.3) Government responsible portion of shipbuilding contract overrun for LCS 13 through LCS 16","38.834","","","2018-BASE_PROCUREMENT-2018-NAVY_SHIPBUILDINGANDCOVERSION-U_PROCUREMENT_JustificationBook_Navy_PB_2018.zzz_unzipped-U_PROCUREMENT_JustificationBook_Navy_PB_2018.xml","ba14a00786fe807ccac6010004f7edad61e353a6b01610cc484d53c276093d34","2-d6b839207ac980f36d7795d086f4c85dbe3ea8db223db042be03df301db35104","1-762f2a758d79af638ea88e78d6bdf9a68420a7b688e0489ecd2335265900571b","root.record.ItemExhibitList.P5Item.CostElementCategoryList.ShipbuildingCostToComplete"
"2.4) Government responsible portion of shipbuilding contract overrun for LCS 9 through LCS 12","","6.394","6.394","2018-BASE_PROCUREMENT-2018-NAVY_SHIPBUILDINGANDCOVERSION-U_PROCUREMENT_JustificationBook_Navy_PB_2018.zzz_unzipped-U_PROCUREMENT_JustificationBook_Navy_PB_2018.xml","ba14a00786fe807ccac6010004f7edad61e353a6b01610cc484d53c276093d34","3-a6aad5270057e0326cc090f167790abd20a6bd3d606435dec680881134d1f513","1-762f2a758d79af638ea88e78d6bdf9a68420a7b688e0489ecd2335265900571b","root.record.ItemExhibitList.P5Item.CostElementCategoryList.ShipbuildingCostToComplete"
"2.5) Government responsible portion of shipbuilding contract overrun for LCS 17 through LCS 20","","20.471","20.471","2018-BASE_PROCUREMENT-2018-NAVY_SHIPBUILDINGANDCOVERSION-U_PROCUREMENT_JustificationBook_Navy_PB_2018.zzz_unzipped-U_PROCUREMENT_JustificationBook_Navy_PB_2018.xml","ba14a00786fe807ccac6010004f7edad61e353a6b01610cc484d53c276093d34","4-b65d161cc186cc794fbbf8682b0a16eeaee82c148e19f8aca1e9a5ae34598ce7","1-762f2a758d79af638ea88e78d6bdf9a68420a7b688e0489ecd2335265900571b","root.record.ItemExhibitList.P5Item.CostElementCategoryList.ShipbuildingCostToComplete"
"3.1) Repairs to #1 Main Turbine Generator on CVN 78","","20","20","2018-BASE_PROCUREMENT-2018-NAVY_SHIPBUILDINGANDCOVERSION-U_PROCUREMENT_JustificationBook_Navy_PB_2018.zzz_unzipped-U_PROCUREMENT_JustificationBook_Navy_PB_2018.xml","ba14a00786fe807ccac6010004f7edad61e353a6b01610cc484d53c276093d34","0-e8399057ae19ebd7b4efc06aa2c1de7568a369db2fa1158e31d40ac4bfd7fb2f","2-267cf459bd32ea709137d5824a4e3fa929da08aecc8a57eb9a6e4ae92222514e","root.record.ItemExhibitList.P5Item.CostElementCategoryList.ShipbuildingCostToComplete"
"4.1) Government responsible portion of shipbuilding contract overrun for EPF 10","6.545","","","2018-BASE_PROCUREMENT-2018-NAVY_SHIPBUILDINGANDCOVERSION-U_PROCUREMENT_JustificationBook_Navy_PB_2018.zzz_unzipped-U_PROCUREMENT_JustificationBook_Navy_PB_2018.xml","ba14a00786fe807ccac6010004f7edad61e353a6b01610cc484d53c276093d34","0-3351f4a8feeb58254d8d2890c6a2bf6db4f0fd0c04074189b3d80fcf1a786eae","3-73e9f118b9dc13112ec4b5265185218c634b4ebe94dba8e48cbfef7ab65d0ff9","root.record.ItemExhibitList.P5Item.CostElementCategoryList.ShipbuildingCostToComplete"
"4.2) Government responsible portion of shipbuilding contract overrun and HM&E/Other - EPF 8/9","6.71","","","2018-BASE_PROCUREMENT-2018-NAVY_SHIPBUILDINGANDCOVERSION-U_PROCUREMENT_JustificationBook_Navy_PB_2018.zzz_unzipped-U_PROCUREMENT_JustificationBook_Navy_PB_2018.xml","ba14a00786fe807ccac6010004f7edad61e353a6b01610cc484d53c276093d34","1-29310878d87ab36496c86fca6a73052ec2dbd36a7d0003da4909fa4a7b26b969","3-73e9f118b9dc13112ec4b5265185218c634b4ebe94dba8e48cbfef7ab65d0ff9","root.record.ItemExhibitList.P5Item.CostElementCategoryList.ShipbuildingCostToComplete"
"5.1) Government responsible portion of shipbuilding contract overrun for DDG 115","15.959","","","2018-BASE_PROCUREMENT-2018-NAVY_SHIPBUILDINGANDCOVERSION-U_PROCUREMENT_JustificationBook_Navy_PB_2018.zzz_unzipped-U_PROCUREMENT_JustificationBook_Navy_PB_2018.xml","ba14a00786fe807ccac6010004f7edad61e353a6b01610cc484d53c276093d34","0-b09c4f91e30f322d05c6747808cc94911e7a36ae4695cfa377e4f08ac0914483","4-da9799c6d2fa5c2099420fe95f1f2edaa4462a6e8ed6c17fd7c7a5024d262d0b","root.record.ItemExhibitList.P5Item.CostElementCategoryList.ShipbuildingCostToComplete"
"5.2) Government responsible portion of shipbuilding contract overrun for DDG 116","","19.436","19.436","2018-BASE_PROCUREMENT-2018-NAVY_SHIPBUILDINGANDCOVERSION-U_PROCUREMENT_JustificationBook_Navy_PB_2018.zzz_unzipped-U_PROCUREMENT_JustificationBook_Navy_PB_2018.xml","ba14a00786fe807ccac6010004f7edad61e353a6b01610cc484d53c276093d34","1-a597620a4ae78248bf01733cdb7e35034da1461df1ab52227c8fdf2fdff8a745","4-da9799c6d2fa5c2099420fe95f1f2edaa4462a6e8ed6c17fd7c7a5024d262d0b","root.record.ItemExhibitList.P5Item.CostElementCategoryList.ShipbuildingCostToComplete"
"5.3) Government responsible portion of shipbuilding contract overrun for DDG 117, 118 and 120","","31.941","31.941","2018-BASE_PROCUREMENT-2018-NAVY_SHIPBUILDINGANDCOVERSION-U_PROCUREMENT_JustificationBook_Navy_PB_2018.zzz_unzipped-U_PROCUREMENT_JustificationBook_Navy_PB_2018.xml","ba14a00786fe807ccac6010004f7edad61e353a6b01610cc484d53c276093d34","2-c7e2d7da05c0b9dcc416891129dfea7e2237a106abb9e316840552819f9329ea","4-da9799c6d2fa5c2099420fe95f1f2edaa4462a6e8ed6c17fd7c7a5024d262d0b","root.record.ItemExhibitList.P5Item.CostElementCategoryList.ShipbuildingCostToComplete"
"6.1) Government responsible portion of shipbuilding contract overrun for LHA 7","","14.2","14.2","2018-BASE_PROCUREMENT-2018-NAVY_SHIPBUILDINGANDCOVERSION-U_PROCUREMENT_JustificationBook_Navy_PB_2018.zzz_unzipped-U_PROCUREMENT_JustificationBook_Navy_PB_2018.xml","ba14a00786fe807ccac6010004f7edad61e353a6b01610cc484d53c276093d34","0-897e20a493290613401970a2bef2f13f23fb28bce902d96eaaea6b70e3b7e465","5-fbccbbf65b3ab78b6eba3ef1b3a28ee6848cfdc8e5cb95a20c833c6bd1695df0","root.record.ItemExhibitList.P5Item.CostElementCategoryList.ShipbuildingCostToComplete"
"7.1) Government responsible portion of shipbuilding contract overrun for LCAC 101, 102, & 103","","5.1","5.1","2018-BASE_PROCUREMENT-2018-NAVY_SHIPBUILDINGANDCOVERSION-U_PROCUREMENT_JustificationBook_Navy_PB_2018.zzz_unzipped-U_PROCUREMENT_JustificationBook_Navy_PB_2018.xml","ba14a00786fe807ccac6010004f7edad61e353a6b01610cc484d53c276093d34","0-b955e79685dc766535d15ec618ad24e05c603a2628587a6b0754231397adba2e","6-8622658eb7fbfd84ff78ef26350d94d2a870904110b9841c67519c03d97f7aad","root.record.ItemExhibitList.P5Item.CostElementCategoryList.ShipbuildingCostToComplete"
"1.1) Government responsible portion of shipbuilding contract overrun for LPD 27","45.06","","","2018-BASE_PROCUREMENT-2018-NAVY_SHIPBUILDINGANDCOVERSION-U_PROCUREMENT_MasterJustificationBook_Navy_PB_2018.zzz_unzipped-U_PROCUREMENT_MasterJustificationBook_Navy_PB_2018.xml","844cf09ac8dbd411df1245b882f0e816cc5e08a8e004c7233a820df7b55bceca","0-f957e84e8ebff7436312f60c915e351e3ed6c045885bb95b3fd940c4afe8eb10","0-f393f56b6d2f7efa345d1ae84fb4d23a6bcde89580b9bb55adea6f7ff6af1491","root.record.ItemExhibitList.P5Item.CostElementCategoryList.ShipbuildingCostToComplete"
"2.1) Government responsible portion of shipbuilding contract overrun for LCS 10 and LCS 12","3.6","","","2018-BASE_PROCUREMENT-2018-NAVY_SHIPBUILDINGANDCOVERSION-U_PROCUREMENT_MasterJustificationBook_Navy_PB_2018.zzz_unzipped-U_PROCUREMENT_MasterJustificationBook_Navy_PB_2018.xml","844cf09ac8dbd411df1245b882f0e816cc5e08a8e004c7233a820df7b55bceca","0-a85fa71108a9c6796ea16600c6775d9baaa260ccedcbfa7813d227355773b9db","1-4b8cc7e218ea661882db84b60e02c90c290933052717ca77ea2b233380d8e1d4","root.record.ItemExhibitList.P5Item.CostElementCategoryList.ShipbuildingCostToComplete"
"2.2) Restoration of Sequestration shortfall for LCS 13 through LCS 16","43.566","","","2018-BASE_PROCUREMENT-2018-NAVY_SHIPBUILDINGANDCOVERSION-U_PROCUREMENT_MasterJustificationBook_Navy_PB_2018.zzz_unzipped-U_PROCUREMENT_MasterJustificationBook_Navy_PB_2018.xml","844cf09ac8dbd411df1245b882f0e816cc5e08a8e004c7233a820df7b55bceca","1-368cd79e0b3bb0e139af6d7793d170eb5ab1957567807ee4e61f7431ce042975","1-4b8cc7e218ea661882db84b60e02c90c290933052717ca77ea2b233380d8e1d4","root.record.ItemExhibitList.P5Item.CostElementCategoryList.ShipbuildingCostToComplete"
"2.3) Government responsible portion of shipbuilding contract overrun for LCS 13 through LCS 16","38.834","","","2018-BASE_PROCUREMENT-2018-NAVY_SHIPBUILDINGANDCOVERSION-U_PROCUREMENT_MasterJustificationBook_Navy_PB_2018.zzz_unzipped-U_PROCUREMENT_MasterJustificationBook_Navy_PB_2018.xml","844cf09ac8dbd411df1245b882f0e816cc5e08a8e004c7233a820df7b55bceca","2-6fb2a9bb2eb0c7dd05dd6dea6e52b657344cb2a8e446ff2630e874c5e55fbb6f","1-4b8cc7e218ea661882db84b60e02c90c290933052717ca77ea2b233380d8e1d4","root.record.ItemExhibitList.P5Item.CostElementCategoryList.ShipbuildingCostToComplete"
"2.4) Government responsible portion of shipbuilding contract overrun for LCS 9 through LCS 12","","6.394","6.394","2018-BASE_PROCUREMENT-2018-NAVY_SHIPBUILDINGANDCOVERSION-U_PROCUREMENT_MasterJustificationBook_Navy_PB_2018.zzz_unzipped-U_PROCUREMENT_MasterJustificationBook_Navy_PB_2018.xml","844cf09ac8dbd411df1245b882f0e816cc5e08a8e004c7233a820df7b55bceca","3-4f849b2fe4d4c87c4deedf45b90ca43d860d6003018ac576924a95048efb136d","1-4b8cc7e218ea661882db84b60e02c90c290933052717ca77ea2b233380d8e1d4","root.record.ItemExhibitList.P5Item.CostElementCategoryList.ShipbuildingCostToComplete"
"2.5) Government responsible portion of shipbuilding contract overrun for LCS 17 through LCS 20","","20.471","20.471","2018-BASE_PROCUREMENT-2018-NAVY_SHIPBUILDINGANDCOVERSION-U_PROCUREMENT_MasterJustificationBook_Navy_PB_2018.zzz_unzipped-U_PROCUREMENT_MasterJustificationBook_Navy_PB_2018.xml","844cf09ac8dbd411df1245b882f0e816cc5e08a8e004c7233a820df7b55bceca","4-d69f00764fed14ef984dbd51b4fe3716b47c6a10a795cd392b471f8fdd22b59a","1-4b8cc7e218ea661882db84b60e02c90c290933052717ca77ea2b233380d8e1d4","root.record.ItemExhibitList.P5Item.CostElementCategoryList.ShipbuildingCostToComplete"
"3.1) Repairs to #1 Main Turbine Generator on CVN 78","","20","20","2018-BASE_PROCUREMENT-2018-NAVY_SHIPBUILDINGANDCOVERSION-U_PROCUREMENT_MasterJustificationBook_Navy_PB_2018.zzz_unzipped-U_PROCUREMENT_MasterJustificationBook_Navy_PB_2018.xml","844cf09ac8dbd411df1245b882f0e816cc5e08a8e004c7233a820df7b55bceca","0-92908d8c2bf2f88e2f87e124fb20f333f9384fa78cdba7d4ee708df04313e337","2-b454c922661fbfc5e8462202d535bb02c7c54bdae691ea61d6ebafde5768cf3a","root.record.ItemExhibitList.P5Item.CostElementCategoryList.ShipbuildingCostToComplete"
"4.1) Government responsible portion of shipbuilding contract overrun for EPF 10","6.545","","","2018-BASE_PROCUREMENT-2018-NAVY_SHIPBUILDINGANDCOVERSION-U_PROCUREMENT_MasterJustificationBook_Navy_PB_2018.zzz_unzipped-U_PROCUREMENT_MasterJustificationBook_Navy_PB_2018.xml","844cf09ac8dbd411df1245b882f0e816cc5e08a8e004c7233a820df7b55bceca","0-3ccccf0d5aea81915c75ba529f41589c304e626cadce00411c37bba079e13eb2","3-1da3ab2589a33be41c7766f4f1e7bd4e764b7c0cc9774b26b21b7933c3189c25","root.record.ItemExhibitList.P5Item.CostElementCategoryList.ShipbuildingCostToComplete"
"4.2) Government responsible portion of shipbuilding contract overrun and HM&E/Other - EPF 8/9","6.71","","","2018-BASE_PROCUREMENT-2018-NAVY_SHIPBUILDINGANDCOVERSION-U_PROCUREMENT_MasterJustificationBook_Navy_PB_2018.zzz_unzipped-U_PROCUREMENT_MasterJustificationBook_Navy_PB_2018.xml","844cf09ac8dbd411df1245b882f0e816cc5e08a8e004c7233a820df7b55bceca","1-596ed807978d5b3fb035cb7f423ffeae3b674acb694e2ad07a19ee77d8a3b0d5","3-1da3ab2589a33be41c7766f4f1e7bd4e764b7c0cc9774b26b21b7933c3189c25","root.record.ItemExhibitList.P5Item.CostElementCategoryList.ShipbuildingCostToComplete"
"5.1) Government responsible portion of shipbuilding contract overrun for DDG 115","15.959","","","2018-BASE_PROCUREMENT-2018-NAVY_SHIPBUILDINGANDCOVERSION-U_PROCUREMENT_MasterJustificationBook_Navy_PB_2018.zzz_unzipped-U_PROCUREMENT_MasterJustificationBook_Navy_PB_2018.xml","844cf09ac8dbd411df1245b882f0e816cc5e08a8e004c7233a820df7b55bceca","0-3bad4fabae6d682410c3176ebc5955d6ac0bd1e08e03d9d75ffae60f733bf00f","4-9a0f2864bcd4eda0ae215ae824306a63c111803013ab0cdfc1ec172d968d9cc3","root.record.ItemExhibitList.P5Item.CostElementCategoryList.ShipbuildingCostToComplete"
"5.2) Government responsible portion of shipbuilding contract overrun for DDG 116","","19.436","19.436","2018-BASE_PROCUREMENT-2018-NAVY_SHIPBUILDINGANDCOVERSION-U_PROCUREMENT_MasterJustificationBook_Navy_PB_2018.zzz_unzipped-U_PROCUREMENT_MasterJustificationBook_Navy_PB_2018.xml","844cf09ac8dbd411df1245b882f0e816cc5e08a8e004c7233a820df7b55bceca","1-3693da723d7aa369a581c291bf8aaf4059b69a6efa3bf5aa702611e0e4c38eec","4-9a0f2864bcd4eda0ae215ae824306a63c111803013ab0cdfc1ec172d968d9cc3","root.record.ItemExhibitList.P5Item.CostElementCategoryList.ShipbuildingCostToComplete"
"5.3) Government responsible portion of shipbuilding contract overrun for DDG 117, 118 and 120","","31.941","31.941","2018-BASE_PROCUREMENT-2018-NAVY_SHIPBUILDINGANDCOVERSION-U_PROCUREMENT_MasterJustificationBook_Navy_PB_2018.zzz_unzipped-U_PROCUREMENT_MasterJustificationBook_Navy_PB_2018.xml","844cf09ac8dbd411df1245b882f0e816cc5e08a8e004c7233a820df7b55bceca","2-8ad9d34ea0e81171073a2c01978d1a842207ffe2600b9e3ca85f41b899e21d2f","4-9a0f2864bcd4eda0ae215ae824306a63c111803013ab0cdfc1ec172d968d9cc3","root.record.ItemExhibitList.P5Item.CostElementCategoryList.ShipbuildingCostToComplete"
"6.1) Government responsible portion of shipbuilding contract overrun for LHA 7","","14.2","14.2","2018-BASE_PROCUREMENT-2018-NAVY_SHIPBUILDINGANDCOVERSION-U_PROCUREMENT_MasterJustificationBook_Navy_PB_2018.zzz_unzipped-U_PROCUREMENT_MasterJustificationBook_Navy_PB_2018.xml","844cf09ac8dbd411df1245b882f0e816cc5e08a8e004c7233a820df7b55bceca","0-27d461236730ee32742a82874008e146ab4b64a6cd2a80b953d9324e0086eccb","5-0b90e885a84ed2c113afaae447d7945a50388bdcdff3ab67b95f2e272c6a982e","root.record.ItemExhibitList.P5Item.CostElementCategoryList.ShipbuildingCostToComplete"
"7.1) Government responsible portion of shipbuilding contract overrun for LCAC 101, 102, & 103","","5.1","5.1","2018-BASE_PROCUREMENT-2018-NAVY_SHIPBUILDINGANDCOVERSION-U_PROCUREMENT_MasterJustificationBook_Navy_PB_2018.zzz_unzipped-U_PROCUREMENT_MasterJustificationBook_Navy_PB_2018.xml","844cf09ac8dbd411df1245b882f0e816cc5e08a8e004c7233a820df7b55bceca","0-61126b808991dacc8ad8d06fa36535f0b686831b07c0a340f488f9085e166254","6-4e0b201bf321a3fc010e71f1820907ff91509a7bb12baf1e2e943fea8f722e55","root.record.ItemExhibitList.P5Item.CostElementCategoryList.ShipbuildingCostToComplete"
"1.1) Government responsible portion of shipbuilding contract overrun for LCS 9 through LCS 12","6.394","","","2019-BASE_PROCUREMENT-2019-NAVY_SHIPBUILDINGANDCOVERSION-U_PROCUREMENT_JustificationBook_Navy_PB_2019.zzz_unzipped-U_PROCUREMENT_JustificationBook_Navy_PB_2019.xml","4f23e71fc905fdaf1b80bd9d8605aaafa4e4d3dd58c349c54af7cc44f3280f83","0-c43cf2baac3a76653dc5989549a4e9e65c0af8dd63afa06c2daa4d3cb898ab85","0-6452c2f1a23461dfc258f507ff70f020f105dc3b0d395c43cf4e012a1a446633","root.record.ItemExhibitList.P5Item.CostElementCategoryList.ShipbuildingCostToComplete"
"1.2) Government responsible portion of shipbuilding contract overrun for LCS 17 through LCS 20","20.471","","","2019-BASE_PROCUREMENT-2019-NAVY_SHIPBUILDINGANDCOVERSION-U_PROCUREMENT_JustificationBook_Navy_PB_2019.zzz_unzipped-U_PROCUREMENT_JustificationBook_Navy_PB_2019.xml","4f23e71fc905fdaf1b80bd9d8605aaafa4e4d3dd58c349c54af7cc44f3280f83","1-3d88e1b1c4f91d8a24c96919b8f035dbd64d4f24feb767dc5d7e6368e30f2724","0-6452c2f1a23461dfc258f507ff70f020f105dc3b0d395c43cf4e012a1a446633","root.record.ItemExhibitList.P5Item.CostElementCategoryList.ShipbuildingCostToComplete"
"1.3) Government responsible portion of shipbuilding contract overrun for LCS 21, 22, 24","","83.686","83.686","2019-BASE_PROCUREMENT-2019-NAVY_SHIPBUILDINGANDCOVERSION-U_PROCUREMENT_JustificationBook_Navy_PB_2019.zzz_unzipped-U_PROCUREMENT_JustificationBook_Navy_PB_2019.xml","4f23e71fc905fdaf1b80bd9d8605aaafa4e4d3dd58c349c54af7cc44f3280f83","2-5be0ec7ae74f6f72ff43e36adcf4c13e1d13854a2d58b81b17b9b5c596deb5a2","0-6452c2f1a23461dfc258f507ff70f020f105dc3b0d395c43cf4e012a1a446633","root.record.ItemExhibitList.P5Item.CostElementCategoryList.ShipbuildingCostToComplete"
"1.4) Government responsible portion of shipbuilding contract overrun for LCS 17 through LCS 20","","19.498","19.498","2019-BASE_PROCUREMENT-2019-NAVY_SHIPBUILDINGANDCOVERSION-U_PROCUREMENT_JustificationBook_Navy_PB_2019.zzz_unzipped-U_PROCUREMENT_JustificationBook_Navy_PB_2019.xml","4f23e71fc905fdaf1b80bd9d8605aaafa4e4d3dd58c349c54af7cc44f3280f83","3-efeb4ce2525c211afb2ba2f604df800a512d479841031419c83359bc05793083","0-6452c2f1a23461dfc258f507ff70f020f105dc3b0d395c43cf4e012a1a446633","root.record.ItemExhibitList.P5Item.CostElementCategoryList.ShipbuildingCostToComplete"
"2.1) Repairs to #1 Main Turbine Generator on CVN 78","20","","","2019-BASE_PROCUREMENT-2019-NAVY_SHIPBUILDINGANDCOVERSION-U_PROCUREMENT_JustificationBook_Navy_PB_2019.zzz_unzipped-U_PROCUREMENT_JustificationBook_Navy_PB_2019.xml","4f23e71fc905fdaf1b80bd9d8605aaafa4e4d3dd58c349c54af7cc44f3280f83","0-5add88b73ac9876e291280209b8c8d50e0d1c22754a666510054be00697fa76c","1-6d04f746bb5ff4235446adfea402bbdf4b5ca01ce7948ae09e05cc35e44714d8","root.record.ItemExhibitList.P5Item.CostElementCategoryList.ShipbuildingCostToComplete"
"3.1) Government responsible portion of shipbuilding contract overrun for DDG 116","19.436","","","2019-BASE_PROCUREMENT-2019-NAVY_SHIPBUILDINGANDCOVERSION-U_PROCUREMENT_JustificationBook_Navy_PB_2019.zzz_unzipped-U_PROCUREMENT_JustificationBook_Navy_PB_2019.xml","4f23e71fc905fdaf1b80bd9d8605aaafa4e4d3dd58c349c54af7cc44f3280f83","0-2ec0a791fe47a27794e466f40d7b0e8e652dc7466e6dbf7083ed7828753858da","2-2a1f862a33fda1f76c658b1003fd16dded2af8582417f0cb9f3f98d15d912a2f","root.record.ItemExhibitList.P5Item.CostElementCategoryList.ShipbuildingCostToComplete"
"3.2) Government responsible portion of shipbuilding contract overrun for DDG 117, 118 and 120","31.941","53.966","53.966","2019-BASE_PROCUREMENT-2019-NAVY_SHIPBUILDINGANDCOVERSION-U_PROCUREMENT_JustificationBook_Navy_PB_2019.zzz_unzipped-U_PROCUREMENT_JustificationBook_Navy_PB_2019.xml","4f23e71fc905fdaf1b80bd9d8605aaafa4e4d3dd58c349c54af7cc44f3280f83","1-ccbc5fda08f204f91f8f11e785f77f3cfa9bd60f4bcfdab6bc1714e6e33bd01a","2-2a1f862a33fda1f76c658b1003fd16dded2af8582417f0cb9f3f98d15d912a2f","root.record.ItemExhibitList.P5Item.CostElementCategoryList.ShipbuildingCostToComplete"
"4.1) Government responsible portion of shipbuilding contract overrun for LHA 7","14.2","25.1","25.1","2019-BASE_PROCUREMENT-2019-NAVY_SHIPBUILDINGANDCOVERSION-U_PROCUREMENT_JustificationBook_Navy_PB_2019.zzz_unzipped-U_PROCUREMENT_JustificationBook_Navy_PB_2019.xml","4f23e71fc905fdaf1b80bd9d8605aaafa4e4d3dd58c349c54af7cc44f3280f83","0-fff4052cb3248277228cc98645bbd85f93bc09f4ad9fe8e9b001dd3af4febdd6","3-ce0ee4a93c09c168769557aeee8d61df9b5af8bed3810e0858c9135d1089121c","root.record.ItemExhibitList.P5Item.CostElementCategoryList.ShipbuildingCostToComplete"
"5.1) Government responsible portion of shipbuilding contract overrun for LCAC 101, 102, & 103","5.1","9.4","9.4","2019-BASE_PROCUREMENT-2019-NAVY_SHIPBUILDINGANDCOVERSION-U_PROCUREMENT_JustificationBook_Navy_PB_2019.zzz_unzipped-U_PROCUREMENT_JustificationBook_Navy_PB_2019.xml","4f23e71fc905fdaf1b80bd9d8605aaafa4e4d3dd58c349c54af7cc44f3280f83","0-b8b762e3aa5dce245b73c239f4e711d1d5383757505f631b87854e15de7c2084","4-61f6f88750d0d5a28403f5e9117164cfe96e7dbcd5a5a3f0d2df70762ca685b6","root.record.ItemExhibitList.P5Item.CostElementCategoryList.ShipbuildingCostToComplete"
"6.1) Change Orders and Government Furnished Equipment (GFE) for T-AO 205","","15.449","15.449","2019-BASE_PROCUREMENT-2019-NAVY_SHIPBUILDINGANDCOVERSION-U_PROCUREMENT_JustificationBook_Navy_PB_2019.zzz_unzipped-U_PROCUREMENT_JustificationBook_Navy_PB_2019.xml","4f23e71fc905fdaf1b80bd9d8605aaafa4e4d3dd58c349c54af7cc44f3280f83","0-e279c1fea8bd2fcf2d54632908d7cffc4c2080359b264b3baf67f45d7b3d0b44","5-095b4eec100344102739fd9b9fe37995d89a714f33655effd15d07219673cfdd","root.record.ItemExhibitList.P5Item.CostElementCategoryList.ShipbuildingCostToComplete"
"1.1) Government responsible portion of shipbuilding contract overrun for LCS 9 through LCS 12","6.394","","","2019-BASE_PROCUREMENT-2019-NAVY_SHIPBUILDINGANDCOVERSION-U_PROCUREMENT_MasterJustificationBook_Navy_PB_2019.zzz_unzipped-U_PROCUREMENT_MasterJustificationBook_Navy_PB_2019.xml","4e7d78eff5791982c64bcd72fe9ea8f83c6ee8a79cf0f455906a33f892b1da0a","0-6769038a812b7bc5c1ebc383701fe83cdb320e7a066f4df1b8687a5475e909ff","0-c6c7cd84bedbebb68704f54900100691b13f6765eff59b99bffda506764edc4f","root.record.ItemExhibitList.P5Item.CostElementCategoryList.ShipbuildingCostToComplete"
"1.2) Government responsible portion of shipbuilding contract overrun for LCS 17 through LCS 20","20.471","","","2019-BASE_PROCUREMENT-2019-NAVY_SHIPBUILDINGANDCOVERSION-U_PROCUREMENT_MasterJustificationBook_Navy_PB_2019.zzz_unzipped-U_PROCUREMENT_MasterJustificationBook_Navy_PB_2019.xml","4e7d78eff5791982c64bcd72fe9ea8f83c6ee8a79cf0f455906a33f892b1da0a","1-86ed768d066a919e559f2e50d8652bd1f9a7c468950efccc67fc04cf6aa0ba0d","0-c6c7cd84bedbebb68704f54900100691b13f6765eff59b99bffda506764edc4f","root.record.ItemExhibitList.P5Item.CostElementCategoryList.ShipbuildingCostToComplete"
"1.3) Government responsible portion of shipbuilding contract overrun for LCS 21, 22, 24","","83.686","83.686","2019-BASE_PROCUREMENT-2019-NAVY_SHIPBUILDINGANDCOVERSION-U_PROCUREMENT_MasterJustificationBook_Navy_PB_2019.zzz_unzipped-U_PROCUREMENT_MasterJustificationBook_Navy_PB_2019.xml","4e7d78eff5791982c64bcd72fe9ea8f83c6ee8a79cf0f455906a33f892b1da0a","2-bd1fa86809c665246ac027981e1582b4c06b2b9508f23ec1535c6bd68c3c7721","0-c6c7cd84bedbebb68704f54900100691b13f6765eff59b99bffda506764edc4f","root.record.ItemExhibitList.P5Item.CostElementCategoryList.ShipbuildingCostToComplete"
"1.4) Government responsible portion of shipbuilding contract overrun for LCS 17 through LCS 20","","19.498","19.498","2019-BASE_PROCUREMENT-2019-NAVY_SHIPBUILDINGANDCOVERSION-U_PROCUREMENT_MasterJustificationBook_Navy_PB_2019.zzz_unzipped-U_PROCUREMENT_MasterJustificationBook_Navy_PB_2019.xml","4e7d78eff5791982c64bcd72fe9ea8f83c6ee8a79cf0f455906a33f892b1da0a","3-24643d6448127ddcaaeb8524b953a0564618a0d1349a647e8a5f029c1aeaace6","0-c6c7cd84bedbebb68704f54900100691b13f6765eff59b99bffda506764edc4f","root.record.ItemExhibitList.P5Item.CostElementCategoryList.ShipbuildingCostToComplete"
"2.1) Repairs to #1 Main Turbine Generator on CVN 78","20","","","2019-BASE_PROCUREMENT-2019-NAVY_SHIPBUILDINGANDCOVERSION-U_PROCUREMENT_MasterJustificationBook_Navy_PB_2019.zzz_unzipped-U_PROCUREMENT_MasterJustificationBook_Navy_PB_2019.xml","4e7d78eff5791982c64bcd72fe9ea8f83c6ee8a79cf0f455906a33f892b1da0a","0-4cecf9250d383a8cd8cdcc03ef3defa6a46841d3a4f18b70fc3d4e9715e332c5","1-8c32ebbde455dc4f70902cd47bb83c5802583cfdffe87c9cf3c5f71a3b89b727","root.record.ItemExhibitList.P5Item.CostElementCategoryList.ShipbuildingCostToComplete"
"3.1) Government responsible portion of shipbuilding contract overrun for DDG 116","19.436","","","2019-BASE_PROCUREMENT-2019-NAVY_SHIPBUILDINGANDCOVERSION-U_PROCUREMENT_MasterJustificationBook_Navy_PB_2019.zzz_unzipped-U_PROCUREMENT_MasterJustificationBook_Navy_PB_2019.xml","4e7d78eff5791982c64bcd72fe9ea8f83c6ee8a79cf0f455906a33f892b1da0a","0-cb9d83c36de275ffdafa40b2ba40bb9f9268cb331e53d4a7b0e0844175a02811","2-9cf77e1612bba5cad2da66a86da3b03349802a51d7444bfc3b050b4f3ca0ed6a","root.record.ItemExhibitList.P5Item.CostElementCategoryList.ShipbuildingCostToComplete"
"3.2) Government responsible portion of shipbuilding contract overrun for DDG 117, 118 and 120","31.941","53.966","53.966","2019-BASE_PROCUREMENT-2019-NAVY_SHIPBUILDINGANDCOVERSION-U_PROCUREMENT_MasterJustificationBook_Navy_PB_2019.zzz_unzipped-U_PROCUREMENT_MasterJustificationBook_Navy_PB_2019.xml","4e7d78eff5791982c64bcd72fe9ea8f83c6ee8a79cf0f455906a33f892b1da0a","1-b5030c5b1d2d0d80e091be4238494e54fd9e5b3928a23d76e829d8b5e51aff17","2-9cf77e1612bba5cad2da66a86da3b03349802a51d7444bfc3b050b4f3ca0ed6a","root.record.ItemExhibitList.P5Item.CostElementCategoryList.ShipbuildingCostToComplete"
"4.1) Government responsible portion of shipbuilding contract overrun for LHA 7","14.2","25.1","25.1","2019-BASE_PROCUREMENT-2019-NAVY_SHIPBUILDINGANDCOVERSION-U_PROCUREMENT_MasterJustificationBook_Navy_PB_2019.zzz_unzipped-U_PROCUREMENT_MasterJustificationBook_Navy_PB_2019.xml","4e7d78eff5791982c64bcd72fe9ea8f83c6ee8a79cf0f455906a33f892b1da0a","0-aa7e9f19d1d91acb483836dcd58f06dee52e41f1257be73a2c958f5faa57a452","3-80d21a6c0c145bb5fc27d915eb39eb57bd4686e2581c3d0525f8f6e6f815ebb5","root.record.ItemExhibitList.P5Item.CostElementCategoryList.ShipbuildingCostToComplete"
"5.1) Government responsible portion of shipbuilding contract overrun for LCAC 101, 102, & 103","5.1","9.4","9.4","2019-BASE_PROCUREMENT-2019-NAVY_SHIPBUILDINGANDCOVERSION-U_PROCUREMENT_MasterJustificationBook_Navy_PB_2019.zzz_unzipped-U_PROCUREMENT_MasterJustificationBook_Navy_PB_2019.xml","4e7d78eff5791982c64bcd72fe9ea8f83c6ee8a79cf0f455906a33f892b1da0a","0-9ca35edbcd0326d82b8b1fe725bc107e95d7788220b37a0453900846af6a9481","4-04528ca1c47e6b383c90562cad7212c1d430300d7b056df36e0744d134f72062","root.record.ItemExhibitList.P5Item.CostElementCategoryList.ShipbuildingCostToComplete"
"6.1) Change Orders and Government Furnished Equipment (GFE) for T-AO 205","","15.449","15.449","2019-BASE_PROCUREMENT-2019-NAVY_SHIPBUILDINGANDCOVERSION-U_PROCUREMENT_MasterJustificationBook_Navy_PB_2019.zzz_unzipped-U_PROCUREMENT_MasterJustificationBook_Navy_PB_2019.xml","4e7d78eff5791982c64bcd72fe9ea8f83c6ee8a79cf0f455906a33f892b1da0a","0-24665dcf43fad416a0c9d452f2cd6be6218cfc7ce2ca6e3c0ca5ff279664ea0a","5-617099fa6439514783437347f35fc48f2a1eefd38d79fde05b7826c4b288c222","root.record.ItemExhibitList.P5Item.CostElementCategoryList.ShipbuildingCostToComplete"
"1.1) Government responsible portion of shipbuilding contract overrun for LCS 23, 25, 26","","14","14","2020-BASE_PROCUREMENT-2020-NAVY_SHIPBUILDINGANDCOVERSION-U_PROCUREMENT_JustificationBook_Navy_PB_2020.zzz_unzipped-U_PROCUREMENT_JustificationBook_Navy_PB_2020.xml","884433a6beab0e9e650d2509d54a824fa82b535689950e530778995f52bfcd62","0-43d3fe72471f593dd4a0c3265dc4a41dda63be77847a2bc1cbfa664d07d5a542","0-46ad894fe7804ff6a0fff0136a4038b134f9e4ff03d328248de4e9003ade59ab","root.record.ItemExhibitList.P5Item.CostElementCategoryList.ShipbuildingCostToComplete"
"2.1) ESB 5 repairs","","38","38","2020-BASE_PROCUREMENT-2020-NAVY_SHIPBUILDINGANDCOVERSION-U_PROCUREMENT_JustificationBook_Navy_PB_2020.zzz_unzipped-U_PROCUREMENT_JustificationBook_Navy_PB_2020.xml","884433a6beab0e9e650d2509d54a824fa82b535689950e530778995f52bfcd62","0-80f5d825492381565dac006c184b5ebe249fc285598466d5c90cb7ed7eb590e4","1-c6a9d9b77535e85f5178338641cf56c79dbeb9913a17150fc8f285676cd7d612","root.record.ItemExhibitList.P5Item.CostElementCategoryList.ShipbuildingCostToComplete"
"5.1) Government Furnished Equipment (GFE) for T-AO 206","","3.7","3.7","2020-BASE_PROCUREMENT-2020-NAVY_SHIPBUILDINGANDCOVERSION-U_PROCUREMENT_JustificationBook_Navy_PB_2020.zzz_unzipped-U_PROCUREMENT_JustificationBook_Navy_PB_2020.xml","884433a6beab0e9e650d2509d54a824fa82b535689950e530778995f52bfcd62","0-385ff08f04b1f08660179c92e96763a56a9f84cf84fbd1152bb34c374e5e58cd","2-3217886775786a0faab9ef40237ef5c60c65bb8ee0064eceea501f7cfbbaeb35","root.record.ItemExhibitList.P5Item.CostElementCategoryList.ShipbuildingCostToComplete"
"1.1) Government responsible portion of shipbuilding contract overrun for LCS 23, 25, 26","","14","14","2020-BASE_PROCUREMENT-2020-NAVY_SHIPBUILDINGANDCOVERSION-U_PROCUREMENT_MasterJustificationBook_Navy_PB_2020.zzz_unzipped-U_PROCUREMENT_MasterJustificationBook_Navy_PB_2020.xml","43247d3fc5a948dda4336393c7913d4aa2fa9f852a7866beab8de25bd6f746c0","0-e19a251d46108eab3d0c2a290b19b5798c986e16cf6fc880aedd12666e68c815","0-bbbd7826ada5f7b4bcb0d50966a67f88f36178bfaae87e149352ded8e0a781a9","root.record.ItemExhibitList.P5Item.CostElementCategoryList.ShipbuildingCostToComplete"
"2.1) ESB 5 repairs","","38","38","2020-BASE_PROCUREMENT-2020-NAVY_SHIPBUILDINGANDCOVERSION-U_PROCUREMENT_MasterJustificationBook_Navy_PB_2020.zzz_unzipped-U_PROCUREMENT_MasterJustificationBook_Navy_PB_2020.xml","43247d3fc5a948dda4336393c7913d4aa2fa9f852a7866beab8de25bd6f746c0","0-9baeec3592acbfdc687d0d157e3e093eb94fe084e5dd089ea812fc8b6f280e29","1-e445e438bb93c03be4ea2bf26ee0ccc223f5abe5552e7139470ed9426571f100","root.record.ItemExhibitList.P5Item.CostElementCategoryList.ShipbuildingCostToComplete"
"5.1) Government Furnished Equipment (GFE) for T-AO 206","","3.7","3.7","2020-BASE_PROCUREMENT-2020-NAVY_SHIPBUILDINGANDCOVERSION-U_PROCUREMENT_MasterJustificationBook_Navy_PB_2020.zzz_unzipped-U_PROCUREMENT_MasterJustificationBook_Navy_PB_2020.xml","43247d3fc5a948dda4336393c7913d4aa2fa9f852a7866beab8de25bd6f746c0","0-5a20d18870d31c12d18e8b372b727ef001046f41984f7fcde6049d4f3f3467e2","2-2065bbdfca70fef34a941bb1d907561cf216bf21788b5be7a2c669757de7133b","root.record.ItemExhibitList.P5Item.CostElementCategoryList.ShipbuildingCostToComplete"
