Name_val,Cost_TotalCost_CurrentYear_val,Cost_TotalCost_BudgetYearOneBase_val,Cost_TotalCost_BudgetYearOne_val,@SOURCE_FILENAME,@RECORDID,@ROWID,@PARENTROWID,@PARENT
"1.1) Government responsible portion of shipbuilding contract overrun for LPD 27","45.06","","","2018-BASE_PROCUREMENT-2018-NAVY_SHIPBUILDINGANDCOVERSION-U_PROCUREMENT_JustificationBook_Navy_PB_2018.zzz_unzipped-U_PROCUREMENT_JustificationBook_Navy_PB_2018.xml","ba14a00786fe807ccac6010004f7edad61e353a6b01610cc484d53c276093d34","0-048e8195e5897f4a7739a5c4cda904471c4986113e74f7b3e7d47a69b61c584c","0-6a72ec8a5b0ffdf6a8cb8237afb718fb11fd88916ee487888d39232648f5327e","root.record.ItemExhibitList.P5Item.CostElementCategoryList.ShipbuildingCostToComplete"
"2.1) Government responsible portion of shipbuilding contract overrun for LCS 10 and LCS 12","3.6","","","2018-BASE_PROCUREMENT-2018-NAVY_SHIPBUILDINGANDCOVERSION-U_PROCUREMENT_JustificationBook_Navy_PB_2018.zzz_unzipped-U_PROCUREMENT_JustificationBook_Navy_PB_2018.xml","ba14a00786fe807ccac6010004f7edad61e353a6b01610cc484d53c276093d34","0-6e254126878cb8d454abd78562754e53ae341f793dcd16a0767e95247676ccad","1-1bbc37e2041996cec453d7445ad4a05b48ee027541264171b6f0a3ba2143f176","root.record.ItemExhibitList.P5Item.CostElementCategoryList.ShipbuildingCostToComplete"
"2.2) Restoration of Sequestration shortfall for LCS 13 through LCS 16","43.566","","","2018-BASE_PROCUREMENT-2018-NAVY_SHIPBUILDINGANDCOVERSION-U_PROCUREMENT_JustificationBook_Navy_PB_2018.zzz_unzipped-U_PROCUREMENT_JustificationBook_Navy_PB_2018.xml","ba14a00786fe807ccac6010004f7edad61e353a6b01610cc484d53c276093d34","1-ab5dc4844e3de1296e07c014c34a18701a10ed0af77767618e372dd14e71a380","1-1bbc37e2041996cec453d7445ad4a05b48ee027541264171b6f0a3ba2143f176","root.record.ItemExhibitList.P5Item.CostElementCategoryList.ShipbuildingCostToComplete"
"2.3) Government responsible portion of shipbuilding contract overrun for LCS 13 through LCS 16","38.834","","","2018-BASE_PROCUREMENT-2018-NAVY_SHIPBUILDINGANDCOVERSION-U_PROCUREMENT_JustificationBook_Navy_PB_2018.zzz_unzipped-U_PROCUREMENT_JustificationBook_Navy_PB_2018.xml","ba14a00786fe807ccac6010004f7edad61e353a6b01610cc484d53c276093d34","2-274f6484c43546912a5a5792a5b9a7c1c348c61ba02ae7d2c2e423962d26c170","1-1bbc37e2041996cec453d7445ad4a05b48ee027541264171b6f0a3ba2143f176","root.record.ItemExhibitList.P5Item.CostElementCategoryList.ShipbuildingCostToComplete"
"2.4) Government responsible portion of shipbuilding contract overrun for LCS 9 through LCS 12","","6.394","6.394","2018-BASE_PROCUREMENT-2018-NAVY_SHIPBUILDINGANDCOVERSION-U_PROCUREMENT_JustificationBook_Navy_PB_2018.zzz_unzipped-U_PROCUREMENT_JustificationBook_Navy_PB_2018.xml","ba14a00786fe807ccac6010004f7edad61e353a6b01610cc484d53c276093d34","3-ce74bde3eb8fb4012e52743ac0f3dc3b024e91aff1f44819e4cbfa4e055aa5d9","1-1bbc37e2041996cec453d7445ad4a05b48ee027541264171b6f0a3ba2143f176","root.record.ItemExhibitList.P5Item.CostElementCategoryList.ShipbuildingCostToComplete"
"2.5) Government responsible portion of shipbuilding contract overrun for LCS 17 through LCS 20","","20.471","20.471","2018-BASE_PROCUREMENT-2018-NAVY_SHIPBUILDINGANDCOVERSION-U_PROCUREMENT_JustificationBook_Navy_PB_2018.zzz_unzipped-U_PROCUREMENT_JustificationBook_Navy_PB_2018.xml","ba14a00786fe807ccac6010004f7edad61e353a6b01610cc484d53c276093d34","4-470d37efd3393dbda2aa1842c6eec396662f3fdd5e5f5ec3a347f09c1a33cc6f","1-1bbc37e2041996cec453d7445ad4a05b48ee027541264171b6f0a3ba2143f176","root.record.ItemExhibitList.P5Item.CostElementCategoryList.ShipbuildingCostToComplete"
"3.1) Repairs to #1 Main Turbine Generator on CVN 78","","20","20","2018-BASE_PROCUREMENT-2018-NAVY_SHIPBUILDINGANDCOVERSION-U_PROCUREMENT_JustificationBook_Navy_PB_2018.zzz_unzipped-U_PROCUREMENT_JustificationBook_Navy_PB_2018.xml","ba14a00786fe807ccac6010004f7edad61e353a6b01610cc484d53c276093d34","0-416bbbd56b35ff332f3e7e50c33075f0b50ad74d9180d767625242bd5bbc617a","2-2967e0c9aab309fdf78628aea7e6c85244bdd4a406eb54128adb712010413e24","root.record.ItemExhibitList.P5Item.CostElementCategoryList.ShipbuildingCostToComplete"
"4.1) Government responsible portion of shipbuilding contract overrun for EPF 10","6.545","","","2018-BASE_PROCUREMENT-2018-NAVY_SHIPBUILDINGANDCOVERSION-U_PROCUREMENT_JustificationBook_Navy_PB_2018.zzz_unzipped-U_PROCUREMENT_JustificationBook_Navy_PB_2018.xml","ba14a00786fe807ccac6010004f7edad61e353a6b01610cc484d53c276093d34","0-c341cdbe6fc015310d33506093e23fd7fb782c0dc650567267754ff7513d18cb","3-684825cd014ccf8560761e84c7066c9cee15d58a491b2cf8243b587585adc90f","root.record.ItemExhibitList.P5Item.CostElementCategoryList.ShipbuildingCostToComplete"
"4.2) Government responsible portion of shipbuilding contract overrun and HM&E/Other - EPF 8/9","6.71","","","2018-BASE_PROCUREMENT-2018-NAVY_SHIPBUILDINGANDCOVERSION-U_PROCUREMENT_JustificationBook_Navy_PB_2018.zzz_unzipped-U_PROCUREMENT_JustificationBook_Navy_PB_2018.xml","ba14a00786fe807ccac6010004f7edad61e353a6b01610cc484d53c276093d34","1-2b36ef24a1db2a8c43b681dac6a31e17a70b4bff3703e4fc903cfa6c65cafbfa","3-684825cd014ccf8560761e84c7066c9cee15d58a491b2cf8243b587585adc90f","root.record.ItemExhibitList.P5Item.CostElementCategoryList.ShipbuildingCostToComplete"
"5.1) Government responsible portion of shipbuilding contract overrun for DDG 115","15.959","","","2018-BASE_PROCUREMENT-2018-NAVY_SHIPBUILDINGANDCOVERSION-U_PROCUREMENT_JustificationBook_Navy_PB_2018.zzz_unzipped-U_PROCUREMENT_JustificationBook_Navy_PB_2018.xml","ba14a00786fe807ccac6010004f7edad61e353a6b01610cc484d53c276093d34","0-982bc61e7e08a3d8c088015c62f9cc40c8f6f14d57ada2dade6812e2890410f5","4-406d60d68b61b743396f7c401dbebd19e0cfd1fd1f1c08ce6b510a68df28d5c1","root.record.ItemExhibitList.P5Item.CostElementCategoryList.ShipbuildingCostToComplete"
"5.2) Government responsible portion of shipbuilding contract overrun for DDG 116","","19.436","19.436","2018-BASE_PROCUREMENT-2018-NAVY_SHIPBUILDINGANDCOVERSION-U_PROCUREMENT_JustificationBook_Navy_PB_2018.zzz_unzipped-U_PROCUREMENT_JustificationBook_Navy_PB_2018.xml","ba14a00786fe807ccac6010004f7edad61e353a6b01610cc484d53c276093d34","1-850de6b11468ca8d3ea0a8a5b92c07847c75c9c56e69a0c79f0d5dfb370260fd","4-406d60d68b61b743396f7c401dbebd19e0cfd1fd1f1c08ce6b510a68df28d5c1","root.record.ItemExhibitList.P5Item.CostElementCategoryList.ShipbuildingCostToComplete"
"5.3) Government responsible portion of shipbuilding contract overrun for DDG 117, 118 and 120","","31.941","31.941","2018-BASE_PROCUREMENT-2018-NAVY_SHIPBUILDINGANDCOVERSION-U_PROCUREMENT_JustificationBook_Navy_PB_2018.zzz_unzipped-U_PROCUREMENT_JustificationBook_Navy_PB_2018.xml","ba14a00786fe807ccac6010004f7edad61e353a6b01610cc484d53c276093d34","2-8e79d4ff045c1eba05cbd1ec10e13ec0c2a5fb7af5592b07f62a94f70fc8cf34","4-406d60d68b61b743396f7c401dbebd19e0cfd1fd1f1c08ce6b510a68df28d5c1","root.record.ItemExhibitList.P5Item.CostElementCategoryList.ShipbuildingCostToComplete"
"6.1) Government responsible portion of shipbuilding contract overrun for LHA 7","","14.2","14.2","2018-BASE_PROCUREMENT-2018-NAVY_SHIPBUILDINGANDCOVERSION-U_PROCUREMENT_JustificationBook_Navy_PB_2018.zzz_unzipped-U_PROCUREMENT_JustificationBook_Navy_PB_2018.xml","ba14a00786fe807ccac6010004f7edad61e353a6b01610cc484d53c276093d34","0-e5eb38d69f52dbdd5cc1c60b234d7cc17ff2a83636f80661b6d6342b0eeedfc5","5-d2b9cd1842467f9bdc0f0e9a9fef8777be9bf9cf2f8fafea1e53eb2c97f6a087","root.record.ItemExhibitList.P5Item.CostElementCategoryList.ShipbuildingCostToComplete"
"7.1) Government responsible portion of shipbuilding contract overrun for LCAC 101, 102, & 103","","5.1","5.1","2018-BASE_PROCUREMENT-2018-NAVY_SHIPBUILDINGANDCOVERSION-U_PROCUREMENT_JustificationBook_Navy_PB_2018.zzz_unzipped-U_PROCUREMENT_JustificationBook_Navy_PB_2018.xml","ba14a00786fe807ccac6010004f7edad61e353a6b01610cc484d53c276093d34","0-4fc5ff4e923518e670073fdf0bb77948607595df983228ebd8f503167a36745b","6-b65f97168a49f98f3f6d069a898663213ffe1419ebf3126bc2f50775fcb78613","root.record.ItemExhibitList.P5Item.CostElementCategoryList.ShipbuildingCostToComplete"
"1.1) Government responsible portion of shipbuilding contract overrun for LPD 27","45.06","","","2018-BASE_PROCUREMENT-2018-NAVY_SHIPBUILDINGANDCOVERSION-U_PROCUREMENT_MasterJustificationBook_Navy_PB_2018.zzz_unzipped-U_PROCUREMENT_MasterJustificationBook_Navy_PB_2018.xml","844cf09ac8dbd411df1245b882f0e816cc5e08a8e004c7233a820df7b55bceca","0-ccc18c9d60e2c40106e8ba23beaebc7d1acdb56055eeb84ffac842a60bda5d4b","0-c6e377547992d87abbd4d7cbfe97df95c458140d37cd99f8b4ef4f5ec5f5042a","root.record.ItemExhibitList.P5Item.CostElementCategoryList.ShipbuildingCostToComplete"
"2.1) Government responsible portion of shipbuilding contract overrun for LCS 10 and LCS 12","3.6","","","2018-BASE_PROCUREMENT-2018-NAVY_SHIPBUILDINGANDCOVERSION-U_PROCUREMENT_MasterJustificationBook_Navy_PB_2018.zzz_unzipped-U_PROCUREMENT_MasterJustificationBook_Navy_PB_2018.xml","844cf09ac8dbd411df1245b882f0e816cc5e08a8e004c7233a820df7b55bceca","0-db7712085e6aeef49c525efe7e9c1245e43f1a3afede221c3dd997618fcbc40f","1-e0c2455721d848fa1d75390d8fff01498e0757b00bcbe3ad921bb8acf2268805","root.record.ItemExhibitList.P5Item.CostElementCategoryList.ShipbuildingCostToComplete"
"2.2) Restoration of Sequestration shortfall for LCS 13 through LCS 16","43.566","","","2018-BASE_PROCUREMENT-2018-NAVY_SHIPBUILDINGANDCOVERSION-U_PROCUREMENT_MasterJustificationBook_Navy_PB_2018.zzz_unzipped-U_PROCUREMENT_MasterJustificationBook_Navy_PB_2018.xml","844cf09ac8dbd411df1245b882f0e816cc5e08a8e004c7233a820df7b55bceca","1-c1932947a15bb2155458803e6d96ebbf81979a10bdc5632db65f9a799af9dac2","1-e0c2455721d848fa1d75390d8fff01498e0757b00bcbe3ad921bb8acf2268805","root.record.ItemExhibitList.P5Item.CostElementCategoryList.ShipbuildingCostToComplete"
"2.3) Government responsible portion of shipbuilding contract overrun for LCS 13 through LCS 16","38.834","","","2018-BASE_PROCUREMENT-2018-NAVY_SHIPBUILDINGANDCOVERSION-U_PROCUREMENT_MasterJustificationBook_Navy_PB_2018.zzz_unzipped-U_PROCUREMENT_MasterJustificationBook_Navy_PB_2018.xml","844cf09ac8dbd411df1245b882f0e816cc5e08a8e004c7233a820df7b55bceca","2-a7b3a7b429214587c7d31eb70e18aab9336e6873611d29ec2f5abaeb06f78d91","1-e0c2455721d848fa1d75390d8fff01498e0757b00bcbe3ad921bb8acf2268805","root.record.ItemExhibitList.P5Item.CostElementCategoryList.ShipbuildingCostToComplete"
"2.4) Government responsible portion of shipbuilding contract overrun for LCS 9 through LCS 12","","6.394","6.394","2018-BASE_PROCUREMENT-2018-NAVY_SHIPBUILDINGANDCOVERSION-U_PROCUREMENT_MasterJustificationBook_Navy_PB_2018.zzz_unzipped-U_PROCUREMENT_MasterJustificationBook_Navy_PB_2018.xml","844cf09ac8dbd411df1245b882f0e816cc5e08a8e004c7233a820df7b55bceca","3-168813f3e16df06b65d75ca365bc01b4c355aca0d013b7ad1f343cf54c67d2ed","1-e0c2455721d848fa1d75390d8fff01498e0757b00bcbe3ad921bb8acf2268805","root.record.ItemExhibitList.P5Item.CostElementCategoryList.ShipbuildingCostToComplete"
"2.5) Government responsible portion of shipbuilding contract overrun for LCS 17 through LCS 20","","20.471","20.471","2018-BASE_PROCUREMENT-2018-NAVY_SHIPBUILDINGANDCOVERSION-U_PROCUREMENT_MasterJustificationBook_Navy_PB_2018.zzz_unzipped-U_PROCUREMENT_MasterJustificationBook_Navy_PB_2018.xml","844cf09ac8dbd411df1245b882f0e816cc5e08a8e004c7233a820df7b55bceca","4-845c650f3020c7f34bb7fe38507d14676ce7e4118a60d67741c6828927efcf3b","1-e0c2455721d848fa1d75390d8fff01498e0757b00bcbe3ad921bb8acf2268805","root.record.ItemExhibitList.P5Item.CostElementCategoryList.ShipbuildingCostToComplete"
"3.1) Repairs to #1 Main Turbine Generator on CVN 78","","20","20","2018-BASE_PROCUREMENT-2018-NAVY_SHIPBUILDINGANDCOVERSION-U_PROCUREMENT_MasterJustificationBook_Navy_PB_2018.zzz_unzipped-U_PROCUREMENT_MasterJustificationBook_Navy_PB_2018.xml","844cf09ac8dbd411df1245b882f0e816cc5e08a8e004c7233a820df7b55bceca","0-8a481a366e10c72817ca340508de42045f5366c96ea318a9e192efddc3b3a90e","2-e3884293fdf732b658269ed2a1ab93fbb3f7073af8012d16991ef80d8d6b805c","root.record.ItemExhibitList.P5Item.CostElementCategoryList.ShipbuildingCostToComplete"
"4.1) Government responsible portion of shipbuilding contract overrun for EPF 10","6.545","","","2018-BASE_PROCUREMENT-2018-NAVY_SHIPBUILDINGANDCOVERSION-U_PROCUREMENT_MasterJustificationBook_Navy_PB_2018.zzz_unzipped-U_PROCUREMENT_MasterJustificationBook_Navy_PB_2018.xml","844cf09ac8dbd411df1245b882f0e816cc5e08a8e004c7233a820df7b55bceca","0-8f0945b7b66ce4976d31ae780c419f643d801a0e70b11ea2bb3aa0ed9b9e6483","3-63c330dbd2f9dfeae9461cabc909a0d7fb7b155730a578ca9bc328b5cca6a58b","root.record.ItemExhibitList.P5Item.CostElementCategoryList.ShipbuildingCostToComplete"
"4.2) Government responsible portion of shipbuilding contract overrun and HM&E/Other - EPF 8/9","6.71","","","2018-BASE_PROCUREMENT-2018-NAVY_SHIPBUILDINGANDCOVERSION-U_PROCUREMENT_MasterJustificationBook_Navy_PB_2018.zzz_unzipped-U_PROCUREMENT_MasterJustificationBook_Navy_PB_2018.xml","844cf09ac8dbd411df1245b882f0e816cc5e08a8e004c7233a820df7b55bceca","1-0a649112c8d0cdec279cc033bbfb16618eaa77289e80f8f554b94474ea17d53d","3-63c330dbd2f9dfeae9461cabc909a0d7fb7b155730a578ca9bc328b5cca6a58b","root.record.ItemExhibitList.P5Item.CostElementCategoryList.ShipbuildingCostToComplete"
"5.1) Government responsible portion of shipbuilding contract overrun for DDG 115","15.959","","","2018-BASE_PROCUREMENT-2018-NAVY_SHIPBUILDINGANDCOVERSION-U_PROCUREMENT_MasterJustificationBook_Navy_PB_2018.zzz_unzipped-U_PROCUREMENT_MasterJustificationBook_Navy_PB_2018.xml","844cf09ac8dbd411df1245b882f0e816cc5e08a8e004c7233a820df7b55bceca","0-00378845c3d249258b35381929580d84a42ccc8192690752d9a706197e1c5430","4-b67db082889c6ce84c57f895d3cc868615fc1991719b8094b71d270b1f490b07","root.record.ItemExhibitList.P5Item.CostElementCategoryList.ShipbuildingCostToComplete"
"5.2) Government responsible portion of shipbuilding contract overrun for DDG 116","","19.436","19.436","2018-BASE_PROCUREMENT-2018-NAVY_SHIPBUILDINGANDCOVERSION-U_PROCUREMENT_MasterJustificationBook_Navy_PB_2018.zzz_unzipped-U_PROCUREMENT_MasterJustificationBook_Navy_PB_2018.xml","844cf09ac8dbd411df1245b882f0e816cc5e08a8e004c7233a820df7b55bceca","1-9811cfb956f1fba1be7d2eedb4964374a61f846c86a050bb06989cc2f16993ca","4-b67db082889c6ce84c57f895d3cc868615fc1991719b8094b71d270b1f490b07","root.record.ItemExhibitList.P5Item.CostElementCategoryList.ShipbuildingCostToComplete"
"5.3) Government responsible portion of shipbuilding contract overrun for DDG 117, 118 and 120","","31.941","31.941","2018-BASE_PROCUREMENT-2018-NAVY_SHIPBUILDINGANDCOVERSION-U_PROCUREMENT_MasterJustificationBook_Navy_PB_2018.zzz_unzipped-U_PROCUREMENT_MasterJustificationBook_Navy_PB_2018.xml","844cf09ac8dbd411df1245b882f0e816cc5e08a8e004c7233a820df7b55bceca","2-292cd166495b37abc471c66a1fe15ad342fb603fa4c82bde73f9500439bcb8a7","4-b67db082889c6ce84c57f895d3cc868615fc1991719b8094b71d270b1f490b07","root.record.ItemExhibitList.P5Item.CostElementCategoryList.ShipbuildingCostToComplete"
"6.1) Government responsible portion of shipbuilding contract overrun for LHA 7","","14.2","14.2","2018-BASE_PROCUREMENT-2018-NAVY_SHIPBUILDINGANDCOVERSION-U_PROCUREMENT_MasterJustificationBook_Navy_PB_2018.zzz_unzipped-U_PROCUREMENT_MasterJustificationBook_Navy_PB_2018.xml","844cf09ac8dbd411df1245b882f0e816cc5e08a8e004c7233a820df7b55bceca","0-f33b83ad0b8002f83baac57e5ff3899642387645b407bd04dd020be3a318a4af","5-c6498da329fe9721f0d22f843462b46b9cb84574c9d32f45e041773f248ca49f","root.record.ItemExhibitList.P5Item.CostElementCategoryList.ShipbuildingCostToComplete"
"7.1) Government responsible portion of shipbuilding contract overrun for LCAC 101, 102, & 103","","5.1","5.1","2018-BASE_PROCUREMENT-2018-NAVY_SHIPBUILDINGANDCOVERSION-U_PROCUREMENT_MasterJustificationBook_Navy_PB_2018.zzz_unzipped-U_PROCUREMENT_MasterJustificationBook_Navy_PB_2018.xml","844cf09ac8dbd411df1245b882f0e816cc5e08a8e004c7233a820df7b55bceca","0-563015944da8c55c5b1c582997bcb500e69f1305b0db553dd070ae8be9119dbd","6-ced613eaa36410bd589789948ccfd4338aae067c356ff44df44a55e7919ba54b","root.record.ItemExhibitList.P5Item.CostElementCategoryList.ShipbuildingCostToComplete"
"1.1) Government responsible portion of shipbuilding contract overrun for LCS 9 through LCS 12","6.394","","","2019-BASE_PROCUREMENT-2019-NAVY_SHIPBUILDINGANDCOVERSION-U_PROCUREMENT_JustificationBook_Navy_PB_2019.zzz_unzipped-U_PROCUREMENT_JustificationBook_Navy_PB_2019.xml","4f23e71fc905fdaf1b80bd9d8605aaafa4e4d3dd58c349c54af7cc44f3280f83","0-9fc4d3541ad1dbf6c9932cb284694fb418d435ed9b3e5b513395b530cd02624a","0-08d6f218a9bc0fa394b6ae85d2c65d0ff1cdf3744f680b8c8a93a16adcd188fa","root.record.ItemExhibitList.P5Item.CostElementCategoryList.ShipbuildingCostToComplete"
"1.2) Government responsible portion of shipbuilding contract overrun for LCS 17 through LCS 20","20.471","","","2019-BASE_PROCUREMENT-2019-NAVY_SHIPBUILDINGANDCOVERSION-U_PROCUREMENT_JustificationBook_Navy_PB_2019.zzz_unzipped-U_PROCUREMENT_JustificationBook_Navy_PB_2019.xml","4f23e71fc905fdaf1b80bd9d8605aaafa4e4d3dd58c349c54af7cc44f3280f83","1-8c31ce1237f2a39907cef274243e52d3fe75985f091d7aa52e7bf0659c100252","0-08d6f218a9bc0fa394b6ae85d2c65d0ff1cdf3744f680b8c8a93a16adcd188fa","root.record.ItemExhibitList.P5Item.CostElementCategoryList.ShipbuildingCostToComplete"
"1.3) Government responsible portion of shipbuilding contract overrun for LCS 21, 22, 24","","83.686","83.686","2019-BASE_PROCUREMENT-2019-NAVY_SHIPBUILDINGANDCOVERSION-U_PROCUREMENT_JustificationBook_Navy_PB_2019.zzz_unzipped-U_PROCUREMENT_JustificationBook_Navy_PB_2019.xml","4f23e71fc905fdaf1b80bd9d8605aaafa4e4d3dd58c349c54af7cc44f3280f83","2-e61e14018a8ea39b5e7eca8b09f8901eaf52a6fbc52c7f747991e11dcf21655a","0-08d6f218a9bc0fa394b6ae85d2c65d0ff1cdf3744f680b8c8a93a16adcd188fa","root.record.ItemExhibitList.P5Item.CostElementCategoryList.ShipbuildingCostToComplete"
"1.4) Government responsible portion of shipbuilding contract overrun for LCS 17 through LCS 20","","19.498","19.498","2019-BASE_PROCUREMENT-2019-NAVY_SHIPBUILDINGANDCOVERSION-U_PROCUREMENT_JustificationBook_Navy_PB_2019.zzz_unzipped-U_PROCUREMENT_JustificationBook_Navy_PB_2019.xml","4f23e71fc905fdaf1b80bd9d8605aaafa4e4d3dd58c349c54af7cc44f3280f83","3-c3b4d4b06fb7b06919d1625b4131a4cdc8d50e8d401e4a91fdc4558140e0464a","0-08d6f218a9bc0fa394b6ae85d2c65d0ff1cdf3744f680b8c8a93a16adcd188fa","root.record.ItemExhibitList.P5Item.CostElementCategoryList.ShipbuildingCostToComplete"
"2.1) Repairs to #1 Main Turbine Generator on CVN 78","20","","","2019-BASE_PROCUREMENT-2019-NAVY_SHIPBUILDINGANDCOVERSION-U_PROCUREMENT_JustificationBook_Navy_PB_2019.zzz_unzipped-U_PROCUREMENT_JustificationBook_Navy_PB_2019.xml","4f23e71fc905fdaf1b80bd9d8605aaafa4e4d3dd58c349c54af7cc44f3280f83","0-78fd59a13c07ea138372249e48dd5a6f5fe9c1827b042db3a969f3c275c3ce4e","1-b2357c6f17f71299591e0c5d52e8ba9f8d055c6e977867ef5b3c4ca95d2fb2fc","root.record.ItemExhibitList.P5Item.CostElementCategoryList.ShipbuildingCostToComplete"
"3.1) Government responsible portion of shipbuilding contract overrun for DDG 116","19.436","","","2019-BASE_PROCUREMENT-2019-NAVY_SHIPBUILDINGANDCOVERSION-U_PROCUREMENT_JustificationBook_Navy_PB_2019.zzz_unzipped-U_PROCUREMENT_JustificationBook_Navy_PB_2019.xml","4f23e71fc905fdaf1b80bd9d8605aaafa4e4d3dd58c349c54af7cc44f3280f83","0-fbab884caf6aac7f00b7523b32689aede58cf1a0a4b4d4a5118c1155935a0fd6","2-95ac4e3e8c0fa35ea3a00dc35eb21f78d5ed47d23c251dd5266638409985c3be","root.record.ItemExhibitList.P5Item.CostElementCategoryList.ShipbuildingCostToComplete"
"3.2) Government responsible portion of shipbuilding contract overrun for DDG 117, 118 and 120","31.941","53.966","53.966","2019-BASE_PROCUREMENT-2019-NAVY_SHIPBUILDINGANDCOVERSION-U_PROCUREMENT_JustificationBook_Navy_PB_2019.zzz_unzipped-U_PROCUREMENT_JustificationBook_Navy_PB_2019.xml","4f23e71fc905fdaf1b80bd9d8605aaafa4e4d3dd58c349c54af7cc44f3280f83","1-4ee7dbfd8c7cfcf05feed66a891520c474ef5842c3b0f5c01c064f88fa37b16c","2-95ac4e3e8c0fa35ea3a00dc35eb21f78d5ed47d23c251dd5266638409985c3be","root.record.ItemExhibitList.P5Item.CostElementCategoryList.ShipbuildingCostToComplete"
"4.1) Government responsible portion of shipbuilding contract overrun for LHA 7","14.2","25.1","25.1","2019-BASE_PROCUREMENT-2019-NAVY_SHIPBUILDINGANDCOVERSION-U_PROCUREMENT_JustificationBook_Navy_PB_2019.zzz_unzipped-U_PROCUREMENT_JustificationBook_Navy_PB_2019.xml","4f23e71fc905fdaf1b80bd9d8605aaafa4e4d3dd58c349c54af7cc44f3280f83","0-981b453333bc20acb2eae8f89ec4290c03eed59f113df992cbb8e5302144f145","3-bd3fa9a572fe30f5778e1c0275147d7b625f3fe4b688ab3dfa9fe2a7663a3fed","root.record.ItemExhibitList.P5Item.CostElementCategoryList.ShipbuildingCostToComplete"
"5.1) Government responsible portion of shipbuilding contract overrun for LCAC 101, 102, & 103","5.1","9.4","9.4","2019-BASE_PROCUREMENT-2019-NAVY_SHIPBUILDINGANDCOVERSION-U_PROCUREMENT_JustificationBook_Navy_PB_2019.zzz_unzipped-U_PROCUREMENT_JustificationBook_Navy_PB_2019.xml","4f23e71fc905fdaf1b80bd9d8605aaafa4e4d3dd58c349c54af7cc44f3280f83","0-48e633b6eb3f901926d1a20fed1a77fdf1ed23e5ed15ed0e44d22da4b62e8671","4-bc3912362835d6fca3affca87ce37c4efadc6e7d84b637fded588121922b1f1d","root.record.ItemExhibitList.P5Item.CostElementCategoryList.ShipbuildingCostToComplete"
"6.1) Change Orders and Government Furnished Equipment (GFE) for T-AO 205","","15.449","15.449","2019-BASE_PROCUREMENT-2019-NAVY_SHIPBUILDINGANDCOVERSION-U_PROCUREMENT_JustificationBook_Navy_PB_2019.zzz_unzipped-U_PROCUREMENT_JustificationBook_Navy_PB_2019.xml","4f23e71fc905fdaf1b80bd9d8605aaafa4e4d3dd58c349c54af7cc44f3280f83","0-c7a791f23a22def88621401bb625ac48c4a29eb1174a95e6a305675670c2ed40","5-ab88885693f8087e188c021e62b39c36c2525feb2e35beae6b97225d7dd0ee2a","root.record.ItemExhibitList.P5Item.CostElementCategoryList.ShipbuildingCostToComplete"
"1.1) Government responsible portion of shipbuilding contract overrun for LCS 9 through LCS 12","6.394","","","2019-BASE_PROCUREMENT-2019-NAVY_SHIPBUILDINGANDCOVERSION-U_PROCUREMENT_MasterJustificationBook_Navy_PB_2019.zzz_unzipped-U_PROCUREMENT_MasterJustificationBook_Navy_PB_2019.xml","4e7d78eff5791982c64bcd72fe9ea8f83c6ee8a79cf0f455906a33f892b1da0a","0-609d4cfcc607d156f427c95cec84c9be0a6bdf4985489ae02b867430de7a3d16","0-aea38198eb2611e3dfdebb869cda73403e0b215d541862e93443e1c6a82b4f09","root.record.ItemExhibitList.P5Item.CostElementCategoryList.ShipbuildingCostToComplete"
"1.2) Government responsible portion of shipbuilding contract overrun for LCS 17 through LCS 20","20.471","","","2019-BASE_PROCUREMENT-2019-NAVY_SHIPBUILDINGANDCOVERSION-U_PROCUREMENT_MasterJustificationBook_Navy_PB_2019.zzz_unzipped-U_PROCUREMENT_MasterJustificationBook_Navy_PB_2019.xml","4e7d78eff5791982c64bcd72fe9ea8f83c6ee8a79cf0f455906a33f892b1da0a","1-1f1a844a79f211347cb6928cad4c3230546194903a2752f88b37c82864161ba8","0-aea38198eb2611e3dfdebb869cda73403e0b215d541862e93443e1c6a82b4f09","root.record.ItemExhibitList.P5Item.CostElementCategoryList.ShipbuildingCostToComplete"
"1.3) Government responsible portion of shipbuilding contract overrun for LCS 21, 22, 24","","83.686","83.686","2019-BASE_PROCUREMENT-2019-NAVY_SHIPBUILDINGANDCOVERSION-U_PROCUREMENT_MasterJustificationBook_Navy_PB_2019.zzz_unzipped-U_PROCUREMENT_MasterJustificationBook_Navy_PB_2019.xml","4e7d78eff5791982c64bcd72fe9ea8f83c6ee8a79cf0f455906a33f892b1da0a","2-7a992aee9a62a6253a8c73026f7244cc7aa49cf35d84a2c5e6339e0e9cd8afcc","0-aea38198eb2611e3dfdebb869cda73403e0b215d541862e93443e1c6a82b4f09","root.record.ItemExhibitList.P5Item.CostElementCategoryList.ShipbuildingCostToComplete"
"1.4) Government responsible portion of shipbuilding contract overrun for LCS 17 through LCS 20","","19.498","19.498","2019-BASE_PROCUREMENT-2019-NAVY_SHIPBUILDINGANDCOVERSION-U_PROCUREMENT_MasterJustificationBook_Navy_PB_2019.zzz_unzipped-U_PROCUREMENT_MasterJustificationBook_Navy_PB_2019.xml","4e7d78eff5791982c64bcd72fe9ea8f83c6ee8a79cf0f455906a33f892b1da0a","3-4a9dc21a2ee0c9c7e0eeb3a915299052364f206aa55bf4a78db6053ddf4d4b0d","0-aea38198eb2611e3dfdebb869cda73403e0b215d541862e93443e1c6a82b4f09","root.record.ItemExhibitList.P5Item.CostElementCategoryList.ShipbuildingCostToComplete"
"2.1) Repairs to #1 Main Turbine Generator on CVN 78","20","","","2019-BASE_PROCUREMENT-2019-NAVY_SHIPBUILDINGANDCOVERSION-U_PROCUREMENT_MasterJustificationBook_Navy_PB_2019.zzz_unzipped-U_PROCUREMENT_MasterJustificationBook_Navy_PB_2019.xml","4e7d78eff5791982c64bcd72fe9ea8f83c6ee8a79cf0f455906a33f892b1da0a","0-de299deedaddcad06bce71167ebaeb0b72dc3922b25463f7ccd3b5859468014f","1-e96813699325f56db5e95f58183e44bba438d5b31b4eea09f07f511f7d802b4a","root.record.ItemExhibitList.P5Item.CostElementCategoryList.ShipbuildingCostToComplete"
"3.1) Government responsible portion of shipbuilding contract overrun for DDG 116","19.436","","","2019-BASE_PROCUREMENT-2019-NAVY_SHIPBUILDINGANDCOVERSION-U_PROCUREMENT_MasterJustificationBook_Navy_PB_2019.zzz_unzipped-U_PROCUREMENT_MasterJustificationBook_Navy_PB_2019.xml","4e7d78eff5791982c64bcd72fe9ea8f83c6ee8a79cf0f455906a33f892b1da0a","0-888afccc8aa20d5eee0cc6db6d81e583bb3e006624e0efce8e4af425a7f02905","2-0c9734fa1e2650fe916a0c3440883d8dc7a7ca0f07d997d76f05c0800428aa0c","root.record.ItemExhibitList.P5Item.CostElementCategoryList.ShipbuildingCostToComplete"
"3.2) Government responsible portion of shipbuilding contract overrun for DDG 117, 118 and 120","31.941","53.966","53.966","2019-BASE_PROCUREMENT-2019-NAVY_SHIPBUILDINGANDCOVERSION-U_PROCUREMENT_MasterJustificationBook_Navy_PB_2019.zzz_unzipped-U_PROCUREMENT_MasterJustificationBook_Navy_PB_2019.xml","4e7d78eff5791982c64bcd72fe9ea8f83c6ee8a79cf0f455906a33f892b1da0a","1-dc2d2f11d57a5ab2c4587ba05ba18a59a30f18f6055990e63efd83d164881755","2-0c9734fa1e2650fe916a0c3440883d8dc7a7ca0f07d997d76f05c0800428aa0c","root.record.ItemExhibitList.P5Item.CostElementCategoryList.ShipbuildingCostToComplete"
"4.1) Government responsible portion of shipbuilding contract overrun for LHA 7","14.2","25.1","25.1","2019-BASE_PROCUREMENT-2019-NAVY_SHIPBUILDINGANDCOVERSION-U_PROCUREMENT_MasterJustificationBook_Navy_PB_2019.zzz_unzipped-U_PROCUREMENT_MasterJustificationBook_Navy_PB_2019.xml","4e7d78eff5791982c64bcd72fe9ea8f83c6ee8a79cf0f455906a33f892b1da0a","0-f30826b0f6a43289bb3862f9018703cf912d7fa65bb7b405c3ebe5d9cc6d11b3","3-d31b2d50f6cd79e611041d9cb993d2aa10588ee43b2f3a651f413769658a306a","root.record.ItemExhibitList.P5Item.CostElementCategoryList.ShipbuildingCostToComplete"
"5.1) Government responsible portion of shipbuilding contract overrun for LCAC 101, 102, & 103","5.1","9.4","9.4","2019-BASE_PROCUREMENT-2019-NAVY_SHIPBUILDINGANDCOVERSION-U_PROCUREMENT_MasterJustificationBook_Navy_PB_2019.zzz_unzipped-U_PROCUREMENT_MasterJustificationBook_Navy_PB_2019.xml","4e7d78eff5791982c64bcd72fe9ea8f83c6ee8a79cf0f455906a33f892b1da0a","0-cbee4346a5ebeb0c3d6cf65e9be63e4f0fc06a42eba2c7b9b42593a3715534d0","4-a34e2e56f32124a9411eb07dda6af7b184df5af4d5d1ccf094c000667b08546d","root.record.ItemExhibitList.P5Item.CostElementCategoryList.ShipbuildingCostToComplete"
"6.1) Change Orders and Government Furnished Equipment (GFE) for T-AO 205","","15.449","15.449","2019-BASE_PROCUREMENT-2019-NAVY_SHIPBUILDINGANDCOVERSION-U_PROCUREMENT_MasterJustificationBook_Navy_PB_2019.zzz_unzipped-U_PROCUREMENT_MasterJustificationBook_Navy_PB_2019.xml","4e7d78eff5791982c64bcd72fe9ea8f83c6ee8a79cf0f455906a33f892b1da0a","0-6d0ad2ceedeee44b7fc49ff0f82e0fc5b2e66d87b031611466a15e63a525177b","5-887af1272ff9051a64b1e4424233f73a16233ca46fb8918ff8742194588a2c97","root.record.ItemExhibitList.P5Item.CostElementCategoryList.ShipbuildingCostToComplete"
"1.1) Government responsible portion of shipbuilding contract overrun for LCS 23, 25, 26","","14","14","2020-BASE_PROCUREMENT-2020-NAVY_SHIPBUILDINGANDCOVERSION-U_PROCUREMENT_JustificationBook_Navy_PB_2020.zzz_unzipped-U_PROCUREMENT_JustificationBook_Navy_PB_2020.xml","884433a6beab0e9e650d2509d54a824fa82b535689950e530778995f52bfcd62","0-42c9addf8f817a9ad4173426a0556a8d37efe0ce261e3953b55626513951a5db","0-c2f57edf192841f007c4eeab2f50d9a269297530487b9e60f423d9e7fae4c613","root.record.ItemExhibitList.P5Item.CostElementCategoryList.ShipbuildingCostToComplete"
"2.1) ESB 5 repairs","","38","38","2020-BASE_PROCUREMENT-2020-NAVY_SHIPBUILDINGANDCOVERSION-U_PROCUREMENT_JustificationBook_Navy_PB_2020.zzz_unzipped-U_PROCUREMENT_JustificationBook_Navy_PB_2020.xml","884433a6beab0e9e650d2509d54a824fa82b535689950e530778995f52bfcd62","0-ecf590fef9b6eddbe9e2f8989d4bbbd1ac4702f8bb3840f594bbd890f27eee14","1-712bbe75e9d1bdba2435b903f4a1b2effb7c3f83e410e29ddbef31c5a8ea456e","root.record.ItemExhibitList.P5Item.CostElementCategoryList.ShipbuildingCostToComplete"
"5.1) Government Furnished Equipment (GFE) for T-AO 206","","3.7","3.7","2020-BASE_PROCUREMENT-2020-NAVY_SHIPBUILDINGANDCOVERSION-U_PROCUREMENT_JustificationBook_Navy_PB_2020.zzz_unzipped-U_PROCUREMENT_JustificationBook_Navy_PB_2020.xml","884433a6beab0e9e650d2509d54a824fa82b535689950e530778995f52bfcd62","0-1425404645661bebff62b4911380bc741933647d1f4f06ede19960405069b380","2-7bb18a84dd8996989f65f4282577912b31485fd3c63b7f75f99fc9f3cedb8524","root.record.ItemExhibitList.P5Item.CostElementCategoryList.ShipbuildingCostToComplete"
"1.1) Government responsible portion of shipbuilding contract overrun for LCS 23, 25, 26","","14","14","2020-BASE_PROCUREMENT-2020-NAVY_SHIPBUILDINGANDCOVERSION-U_PROCUREMENT_MasterJustificationBook_Navy_PB_2020.zzz_unzipped-U_PROCUREMENT_MasterJustificationBook_Navy_PB_2020.xml","43247d3fc5a948dda4336393c7913d4aa2fa9f852a7866beab8de25bd6f746c0","0-23fdd8f01d80ee6433cdb97b0c597c412b7d1e9082b9a93d5fca04432c9775ad","0-66c00bc945ffb77ccd7ede31e2b68a890fcee9786387cb00bf22f9546f2c0de3","root.record.ItemExhibitList.P5Item.CostElementCategoryList.ShipbuildingCostToComplete"
"2.1) ESB 5 repairs","","38","38","2020-BASE_PROCUREMENT-2020-NAVY_SHIPBUILDINGANDCOVERSION-U_PROCUREMENT_MasterJustificationBook_Navy_PB_2020.zzz_unzipped-U_PROCUREMENT_MasterJustificationBook_Navy_PB_2020.xml","43247d3fc5a948dda4336393c7913d4aa2fa9f852a7866beab8de25bd6f746c0","0-caa530b7f94a23255865e536be408e4d08fb2ff0cc6d5317571cb025cb39c4cb","1-31760443df0f7796b2768a04179a937b63093e6025cc8c4c59161f3ca4393e46","root.record.ItemExhibitList.P5Item.CostElementCategoryList.ShipbuildingCostToComplete"
"5.1) Government Furnished Equipment (GFE) for T-AO 206","","3.7","3.7","2020-BASE_PROCUREMENT-2020-NAVY_SHIPBUILDINGANDCOVERSION-U_PROCUREMENT_MasterJustificationBook_Navy_PB_2020.zzz_unzipped-U_PROCUREMENT_MasterJustificationBook_Navy_PB_2020.xml","43247d3fc5a948dda4336393c7913d4aa2fa9f852a7866beab8de25bd6f746c0","0-23a411b7ef40883ad46344e03a2073440581f5315f6272abad7c13e292a7bfba","2-d37d9d85aca8a41d7f0bfc09986b46348b74c9c5e53c440a7a4aee7267616b3e","root.record.ItemExhibitList.P5Item.CostElementCategoryList.ShipbuildingCostToComplete"
