[
    {
        "Name_val": "Training Spt \/ Manuals \/ NET",
        "Cost_PriorYear_TotalCost_val": "0.000",
        "Cost_CurrentYear_TotalCost_val": "0.000",
        "Cost_BudgetYearOneBase_TotalCost_val": "5",
        "Cost_BudgetYearOne_TotalCost_val": "5",
        "Cost_TotalCost_CurrentYear_val": "",
        "Cost_TotalCost_BudgetYearOneBase_val": "",
        "Cost_TotalCost_BudgetYearOne_val": "",
        "Cost_TotalCost_PriorYear_val": "",
        "Cost_TotalCost_BudgetYearOneOCO_val": "",
        "Cost_TotalCost_AllPriorYears_val": "",
        "@SOURCE_FILENAME": "2014-BASE_PROCUREMENT-2014-ARMY_AIRCRAFT-PROCUREMENT_JustificationBook_Army_PB_2014.zzz_unzipped-PROCUREMENT_JustificationBook_Army_PB_2014.xml",
        "@RECORDID": "1aa75687ef7a4cffb445c518d42384a629312bf038b7e6426bbe4481ce2434c5",
        "@ROWID": "0-82e9305743f3c4d95f209d9f4723282dffd6714eb15bc8dc9b4c83ddaba6ba28",
        "@PARENTROWID": "0-fc4fb889a1aa5cebaffc66b4659f04dd199a37ef6692d580f6cd70feaf1a9ab1",
        "@PARENT": "root.record.ItemExhibitList.P5Item"
    },
    {
        "Name_val": "Training Spt \/ Manuals \/ NET",
        "Cost_PriorYear_TotalCost_val": "",
        "Cost_CurrentYear_TotalCost_val": "",
        "Cost_BudgetYearOneBase_TotalCost_val": "",
        "Cost_BudgetYearOne_TotalCost_val": "",
        "Cost_TotalCost_CurrentYear_val": "5",
        "Cost_TotalCost_BudgetYearOneBase_val": "5",
        "Cost_TotalCost_BudgetYearOne_val": "5",
        "Cost_TotalCost_PriorYear_val": "",
        "Cost_TotalCost_BudgetYearOneOCO_val": "",
        "Cost_TotalCost_AllPriorYears_val": "",
        "@SOURCE_FILENAME": "2015-BASE_PROCUREMENT-2015-ARMY_AIRCRAFT-PROCUREMENT_JustificationBook_Army_PB_2015.zzz_unzipped-PROCUREMENT_JustificationBook_Army_PB_2015.xml",
        "@RECORDID": "d39ed3277b3add00db4b074e3e135d7a204427411f883247e24000af04ac0f9c",
        "@ROWID": "0-01650a3878d48597ea1cdc7b308f7cd2e185d4a19aad627596d231ebceeec9ff",
        "@PARENTROWID": "0-9b8911ffd22c6c977b4c6313f4b19ca82d68e9f01cde19ef60170feb9dc35898",
        "@PARENT": "root.record.ItemExhibitList.P5Item"
    },
    {
        "Name_val": "Training Spt \/ Manuals \/ NET",
        "Cost_PriorYear_TotalCost_val": "",
        "Cost_CurrentYear_TotalCost_val": "",
        "Cost_BudgetYearOneBase_TotalCost_val": "",
        "Cost_BudgetYearOne_TotalCost_val": "",
        "Cost_TotalCost_CurrentYear_val": "5",
        "Cost_TotalCost_BudgetYearOneBase_val": "5",
        "Cost_TotalCost_BudgetYearOne_val": "5",
        "Cost_TotalCost_PriorYear_val": "",
        "Cost_TotalCost_BudgetYearOneOCO_val": "",
        "Cost_TotalCost_AllPriorYears_val": "",
        "@SOURCE_FILENAME": "2015-AMENDED_PROCUREMENT_AND_RDTE-2015-ARMY-APA PROCUREMENT_JustificationBook_Army_PBAmended_2015.zzz_unzipped-PROCUREMENT_JustificationBook_Army_PBAmended_2015.xml",
        "@RECORDID": "c16482590872d5539db32f7b74044426529833bbcd576bea342c8136dc6657cc",
        "@ROWID": "0-60cecf70ad7c04a571198928bb543e8971cf8ce801a4338d8c2c47c494bd27da",
        "@PARENTROWID": "0-9e5642b73637a8f2c0d0e88046e239b69e739c9d55d63b1bb87a2df0023ca293",
        "@PARENT": "root.record.ItemExhibitList.P5Item"
    },
    {
        "Name_val": "Training Spt \/ Manuals \/ NET",
        "Cost_PriorYear_TotalCost_val": "",
        "Cost_CurrentYear_TotalCost_val": "",
        "Cost_BudgetYearOneBase_TotalCost_val": "",
        "Cost_BudgetYearOne_TotalCost_val": "",
        "Cost_TotalCost_CurrentYear_val": "2",
        "Cost_TotalCost_BudgetYearOneBase_val": "",
        "Cost_TotalCost_BudgetYearOne_val": "6.2",
        "Cost_TotalCost_PriorYear_val": "1",
        "Cost_TotalCost_BudgetYearOneOCO_val": "6.2",
        "Cost_TotalCost_AllPriorYears_val": "",
        "@SOURCE_FILENAME": "2016-BASE_PROCUREMENT-2016-ARMY_AIRCRAFT-PROCUREMENT_JustificationBook_Army_PB_2016.zzz_unzipped-PROCUREMENT_JustificationBook_Army_PB_2016.xml",
        "@RECORDID": "ab3fb7598e46aab66503b72f56989aaada13ea8c436470540dbe53b099099275",
        "@ROWID": "0-d21b1d20f03d5fdd3c90abf0e714d01c9916d38c22c7a33389dd27ae116ca552",
        "@PARENTROWID": "0-2e99a9e6bda3ad3a8f9ca1752381b5cd6059023c34872175b61eaa88dee0dfcf",
        "@PARENT": "root.record.ItemExhibitList.P5Item"
    },
    {
        "Name_val": "Facilitization",
        "Cost_PriorYear_TotalCost_val": "",
        "Cost_CurrentYear_TotalCost_val": "",
        "Cost_BudgetYearOneBase_TotalCost_val": "",
        "Cost_BudgetYearOne_TotalCost_val": "",
        "Cost_TotalCost_CurrentYear_val": "1",
        "Cost_TotalCost_BudgetYearOneBase_val": "",
        "Cost_TotalCost_BudgetYearOne_val": "",
        "Cost_TotalCost_PriorYear_val": "",
        "Cost_TotalCost_BudgetYearOneOCO_val": "",
        "Cost_TotalCost_AllPriorYears_val": "",
        "@SOURCE_FILENAME": "2016-BASE_PROCUREMENT-2016-ARMY_AIRCRAFT-PROCUREMENT_JustificationBook_Army_PB_2016.zzz_unzipped-PROCUREMENT_JustificationBook_Army_PB_2016.xml",
        "@RECORDID": "ab3fb7598e46aab66503b72f56989aaada13ea8c436470540dbe53b099099275",
        "@ROWID": "1-ff151abf6135a5d114421cee067000e96f92470d921170fab601f2a1e5913c18",
        "@PARENTROWID": "0-2e99a9e6bda3ad3a8f9ca1752381b5cd6059023c34872175b61eaa88dee0dfcf",
        "@PARENT": "root.record.ItemExhibitList.P5Item"
    },
    {
        "Name_val": "Transportation",
        "Cost_PriorYear_TotalCost_val": "",
        "Cost_CurrentYear_TotalCost_val": "",
        "Cost_BudgetYearOneBase_TotalCost_val": "",
        "Cost_BudgetYearOne_TotalCost_val": "",
        "Cost_TotalCost_CurrentYear_val": "0.05",
        "Cost_TotalCost_BudgetYearOneBase_val": "0.05",
        "Cost_TotalCost_BudgetYearOne_val": "0.05",
        "Cost_TotalCost_PriorYear_val": "0.05",
        "Cost_TotalCost_BudgetYearOneOCO_val": "",
        "Cost_TotalCost_AllPriorYears_val": "",
        "@SOURCE_FILENAME": "2016-BASE_PROCUREMENT-2016-ARMY_OTHER_3-4-PROCUREMENT_JustificationBook_Army_PB_2016.zzz_unzipped-PROCUREMENT_JustificationBook_Army_PB_2016.xml",
        "@RECORDID": "84818f2acc468d7ac3d74f8a0c13b83079dbf9c5fd3a1cb994ec152702831a2b",
        "@ROWID": "0-75b4ebdf588dcef0b2aaca8e93429398bec619a5223e9bb699e84b48d0941a35",
        "@PARENTROWID": "2-4e3420e48ecd283c20e8fce8239536347efefab263459cee9e946570acaa45d0",
        "@PARENT": "root.record.ItemExhibitList.P5Item"
    },
    {
        "Name_val": "Training Spt \/ Manuals \/ NET",
        "Cost_PriorYear_TotalCost_val": "",
        "Cost_CurrentYear_TotalCost_val": "",
        "Cost_BudgetYearOneBase_TotalCost_val": "",
        "Cost_BudgetYearOne_TotalCost_val": "",
        "Cost_TotalCost_CurrentYear_val": "",
        "Cost_TotalCost_BudgetYearOneBase_val": "",
        "Cost_TotalCost_BudgetYearOne_val": "",
        "Cost_TotalCost_PriorYear_val": "6.8",
        "Cost_TotalCost_BudgetYearOneOCO_val": "",
        "Cost_TotalCost_AllPriorYears_val": "",
        "@SOURCE_FILENAME": "2017-BASE_PROCUREMENT-2017-ARMY_AIRCRAFT-U_PROCUREMENT_JustificationBook_Army_PB_2017.zzz_unzipped-U_PROCUREMENT_JustificationBook_Army_PB_2017.xml",
        "@RECORDID": "5cb380a3267b65733325846ef87294e5c79f65c1208eec3780d62b7385e63e86",
        "@ROWID": "0-b1a76b64a7450950353cf26c4c1c6f69a9750d60e81115b346efed9ef6bc2c0e",
        "@PARENTROWID": "0-717386c133e2b5781a46bb6e4ad094312260266b8f81d2ad365105e2c38e4c1a",
        "@PARENT": "root.record.ItemExhibitList.P5Item"
    },
    {
        "Name_val": "Facilitization",
        "Cost_PriorYear_TotalCost_val": "",
        "Cost_CurrentYear_TotalCost_val": "",
        "Cost_BudgetYearOneBase_TotalCost_val": "",
        "Cost_BudgetYearOne_TotalCost_val": "",
        "Cost_TotalCost_CurrentYear_val": "",
        "Cost_TotalCost_BudgetYearOneBase_val": "",
        "Cost_TotalCost_BudgetYearOne_val": "",
        "Cost_TotalCost_PriorYear_val": "4.6",
        "Cost_TotalCost_BudgetYearOneOCO_val": "",
        "Cost_TotalCost_AllPriorYears_val": "",
        "@SOURCE_FILENAME": "2017-BASE_PROCUREMENT-2017-ARMY_AIRCRAFT-U_PROCUREMENT_JustificationBook_Army_PB_2017.zzz_unzipped-U_PROCUREMENT_JustificationBook_Army_PB_2017.xml",
        "@RECORDID": "5cb380a3267b65733325846ef87294e5c79f65c1208eec3780d62b7385e63e86",
        "@ROWID": "1-27185cd84515c264c302a3250cafbeebcdf3f2f6af471dd60336c50e6a8e3413",
        "@PARENTROWID": "0-717386c133e2b5781a46bb6e4ad094312260266b8f81d2ad365105e2c38e4c1a",
        "@PARENT": "root.record.ItemExhibitList.P5Item"
    },
    {
        "Name_val": "Other",
        "Cost_PriorYear_TotalCost_val": "",
        "Cost_CurrentYear_TotalCost_val": "",
        "Cost_BudgetYearOneBase_TotalCost_val": "",
        "Cost_BudgetYearOne_TotalCost_val": "",
        "Cost_TotalCost_CurrentYear_val": "2.073",
        "Cost_TotalCost_BudgetYearOneBase_val": "0.894",
        "Cost_TotalCost_BudgetYearOne_val": "0.894",
        "Cost_TotalCost_PriorYear_val": "0.317",
        "Cost_TotalCost_BudgetYearOneOCO_val": "",
        "Cost_TotalCost_AllPriorYears_val": "",
        "@SOURCE_FILENAME": "2017-BASE_PROCUREMENT-2017-ARMY_AIRCRAFT-U_PROCUREMENT_JustificationBook_Army_PB_2017.zzz_unzipped-U_PROCUREMENT_JustificationBook_Army_PB_2017.xml",
        "@RECORDID": "32d4ed055ca4b18617ccf665cfdbe9784af761d4b0dee35e05c8b7cb12be4edb",
        "@ROWID": "0-241e35dc0f087af30f5b44b99af0128a1627731d42ad6728c84786ed87c64788",
        "@PARENTROWID": "1-aa7f1a166a28361350349e1061e5915f28cbf44526ad110f09894c11b07bfee1",
        "@PARENT": "root.record.ItemExhibitList.P5Item"
    },
    {
        "Name_val": "JSAM RW MPU-5 - Technical Data Package",
        "Cost_PriorYear_TotalCost_val": "",
        "Cost_CurrentYear_TotalCost_val": "",
        "Cost_BudgetYearOneBase_TotalCost_val": "",
        "Cost_BudgetYearOne_TotalCost_val": "",
        "Cost_TotalCost_CurrentYear_val": "0",
        "Cost_TotalCost_BudgetYearOneBase_val": "0",
        "Cost_TotalCost_BudgetYearOne_val": "0",
        "Cost_TotalCost_PriorYear_val": "1.294",
        "Cost_TotalCost_BudgetYearOneOCO_val": "",
        "Cost_TotalCost_AllPriorYears_val": "0",
        "@SOURCE_FILENAME": "2017-BASE_PROCUREMENT-2017-DEFENSE_CBDP-U_PROCUREMENT_JustificationBook_Chemical_and_Biological_Defense_Program_PB_2017.zzz_unzipped-U_PROCUREMENT_JustificationBook_Chemical_and_Biological_Defense_Program_PB_2017.xml",
        "@RECORDID": "f4d80b3d0ec9ba6ba7c7ff3e5c7f21e1a694588b648cbd0864ae77b1cc1894b3",
        "@ROWID": "0-ff9daeb84574c2624ab21404bec2c7ce252efbbda81a0cb94c462b3676edd8e2",
        "@PARENTROWID": "0-5c4157919e7e97b72212e9a5280c493b0ed367ebb07f2f335e8c0d5a1c499a5a",
        "@PARENT": "root.record.ItemExhibitList.P5Item"
    },
    {
        "Name_val": "JSAM RW MPU-5 - Technical Data Package",
        "Cost_PriorYear_TotalCost_val": "",
        "Cost_CurrentYear_TotalCost_val": "",
        "Cost_BudgetYearOneBase_TotalCost_val": "",
        "Cost_BudgetYearOne_TotalCost_val": "",
        "Cost_TotalCost_CurrentYear_val": "0",
        "Cost_TotalCost_BudgetYearOneBase_val": "0",
        "Cost_TotalCost_BudgetYearOne_val": "0",
        "Cost_TotalCost_PriorYear_val": "1.294",
        "Cost_TotalCost_BudgetYearOneOCO_val": "",
        "Cost_TotalCost_AllPriorYears_val": "0",
        "@SOURCE_FILENAME": "2017-BASE_PROCUREMENT-2017-DEFENSE_VOL1_ALL-U_PROCUREMENT_MasterJustificationBook_Defense-Wide_PB_2017.zzz_unzipped-U_PROCUREMENT_MasterJustificationBook_Defense-Wide_PB_2017.xml",
        "@RECORDID": "d308f95350d49179c88adcd2ce8fac41317a825d8d794e785058fbd0fe568e07",
        "@ROWID": "0-dee6decc69e13c2cc98cc805cc5c187ef76692031ffc64416510906cb08a913f",
        "@PARENTROWID": "0-870d8b821ec359a0a20c7de4f8b3de99009215823dce1686e9cb13c283462667",
        "@PARENT": "root.record.ItemExhibitList.P5Item"
    },
    {
        "Name_val": "JSAM RW MPU-5 - Technical Data Package",
        "Cost_PriorYear_TotalCost_val": "",
        "Cost_CurrentYear_TotalCost_val": "",
        "Cost_BudgetYearOneBase_TotalCost_val": "",
        "Cost_BudgetYearOne_TotalCost_val": "",
        "Cost_TotalCost_CurrentYear_val": "0",
        "Cost_TotalCost_BudgetYearOneBase_val": "0",
        "Cost_TotalCost_BudgetYearOne_val": "0",
        "Cost_TotalCost_PriorYear_val": "1.294",
        "Cost_TotalCost_BudgetYearOneOCO_val": "",
        "Cost_TotalCost_AllPriorYears_val": "0",
        "@SOURCE_FILENAME": "2017-BASE_PROCUREMENT-2017-DEFENSE_CBDP-U_PROCUREMENT_MasterJustificationBook_Chemical_and_Biological_Defense_Program_PB_2017.zzz_unzipped-U_PROCUREMENT_MasterJustificationBook_Chemical_and_Biological_Defense_Program_PB_2017.xml",
        "@RECORDID": "d977fd8b6efd538276c790b02e3c3cee080fc0cff92fa7f25f69032143ad5870",
        "@ROWID": "0-b0efe478aa8c2028b12f99e2ec7ec1630c8a3530edf50fcf3e17a04397140daa",
        "@PARENTROWID": "0-7134c9b926b9413e855e7bc15f74f9f3216f066c72d92942623d7a53355edf58",
        "@PARENT": "root.record.ItemExhibitList.P5Item"
    },
    {
        "Name_val": "Drawings",
        "Cost_PriorYear_TotalCost_val": "",
        "Cost_CurrentYear_TotalCost_val": "",
        "Cost_BudgetYearOneBase_TotalCost_val": "",
        "Cost_BudgetYearOne_TotalCost_val": "",
        "Cost_TotalCost_CurrentYear_val": "",
        "Cost_TotalCost_BudgetYearOneBase_val": "0.25",
        "Cost_TotalCost_BudgetYearOne_val": "0.25",
        "Cost_TotalCost_PriorYear_val": "",
        "Cost_TotalCost_BudgetYearOneOCO_val": "",
        "Cost_TotalCost_AllPriorYears_val": "",
        "@SOURCE_FILENAME": "2018-BASE_PROCUREMENT-2018-AIRFORCE_AIRCRAFT_VOL1-U_PROCUREMENT_JustificationBook_Air_Force_PB_2018.zzz_unzipped-U_PROCUREMENT_JustificationBook_Air_Force_PB_2018.xml",
        "@RECORDID": "47e5355a948c8fbe389017c42c4eb4d2a9fc9519d83e404772a3382b6f2f8645",
        "@ROWID": "0-273e06f1ffe14cf2ec8477d87f20807bae6993ea383675448a5c38fb7122d86e",
        "@PARENTROWID": "1-414c21a997abd3615a41bc87b5070f29fc198acb94239421a4bde280bbf0ebd9",
        "@PARENT": "root.record.ItemExhibitList.P5Item"
    },
    {
        "Name_val": "Tech Data",
        "Cost_PriorYear_TotalCost_val": "",
        "Cost_CurrentYear_TotalCost_val": "",
        "Cost_BudgetYearOneBase_TotalCost_val": "",
        "Cost_BudgetYearOne_TotalCost_val": "",
        "Cost_TotalCost_CurrentYear_val": "0.735",
        "Cost_TotalCost_BudgetYearOneBase_val": "",
        "Cost_TotalCost_BudgetYearOne_val": "",
        "Cost_TotalCost_PriorYear_val": "",
        "Cost_TotalCost_BudgetYearOneOCO_val": "",
        "Cost_TotalCost_AllPriorYears_val": "",
        "@SOURCE_FILENAME": "2018-BASE_PROCUREMENT-2018-AIRFORCE_AIRCRAFT_VOL1-U_PROCUREMENT_JustificationBook_Air_Force_PB_2018.zzz_unzipped-U_PROCUREMENT_JustificationBook_Air_Force_PB_2018.xml",
        "@RECORDID": "47e5355a948c8fbe389017c42c4eb4d2a9fc9519d83e404772a3382b6f2f8645",
        "@ROWID": "0-433e79cddb63dd6705650a526827ebee2a83e6430fac76e03e0bd958d40066bb",
        "@PARENTROWID": "2-44b5e83ea6d0f73da93f328e3f2fcb25799fb15a42dc34c7c048c60a2049361b",
        "@PARENT": "root.record.ItemExhibitList.P5Item"
    },
    {
        "Name_val": "Drawings",
        "Cost_PriorYear_TotalCost_val": "",
        "Cost_CurrentYear_TotalCost_val": "",
        "Cost_BudgetYearOneBase_TotalCost_val": "",
        "Cost_BudgetYearOne_TotalCost_val": "",
        "Cost_TotalCost_CurrentYear_val": "",
        "Cost_TotalCost_BudgetYearOneBase_val": "0.25",
        "Cost_TotalCost_BudgetYearOne_val": "0.25",
        "Cost_TotalCost_PriorYear_val": "",
        "Cost_TotalCost_BudgetYearOneOCO_val": "",
        "Cost_TotalCost_AllPriorYears_val": "",
        "@SOURCE_FILENAME": "2018-BASE_PROCUREMENT-2018-AIRFORCE_AIRCRAFT_VOL2-U_PROCUREMENT_MasterJustificationBook_Air_Force_PB_2018.zzz_unzipped-U_PROCUREMENT_MasterJustificationBook_Air_Force_PB_2018.xml",
        "@RECORDID": "0da78f27572db070197942852d97c0f1a7719a9bfae8823a5bcffc08ab017553",
        "@ROWID": "0-d522766714eea564edb061443da0d51ae0786107d1fca8f64c6aa01f0ec83b74",
        "@PARENTROWID": "1-d627ab983cd22dfdc190e9622d6b87f376c6b63a91f667fece06559e2f486a47",
        "@PARENT": "root.record.ItemExhibitList.P5Item"
    },
    {
        "Name_val": "Tech Data",
        "Cost_PriorYear_TotalCost_val": "",
        "Cost_CurrentYear_TotalCost_val": "",
        "Cost_BudgetYearOneBase_TotalCost_val": "",
        "Cost_BudgetYearOne_TotalCost_val": "",
        "Cost_TotalCost_CurrentYear_val": "0.735",
        "Cost_TotalCost_BudgetYearOneBase_val": "",
        "Cost_TotalCost_BudgetYearOne_val": "",
        "Cost_TotalCost_PriorYear_val": "",
        "Cost_TotalCost_BudgetYearOneOCO_val": "",
        "Cost_TotalCost_AllPriorYears_val": "",
        "@SOURCE_FILENAME": "2018-BASE_PROCUREMENT-2018-AIRFORCE_AIRCRAFT_VOL2-U_PROCUREMENT_MasterJustificationBook_Air_Force_PB_2018.zzz_unzipped-U_PROCUREMENT_MasterJustificationBook_Air_Force_PB_2018.xml",
        "@RECORDID": "0da78f27572db070197942852d97c0f1a7719a9bfae8823a5bcffc08ab017553",
        "@ROWID": "0-6306bbf620d2702721a5368c70608a9f0915ddb53cb0e2255ce34446b050b26f",
        "@PARENTROWID": "2-0d87af3e3e9192bedde1cccbd82cb956d1a27ac1120fdcaaac67da0bf3ba702b",
        "@PARENT": "root.record.ItemExhibitList.P5Item"
    },
    {
        "Name_val": "CMS",
        "Cost_PriorYear_TotalCost_val": "",
        "Cost_CurrentYear_TotalCost_val": "",
        "Cost_BudgetYearOneBase_TotalCost_val": "",
        "Cost_BudgetYearOne_TotalCost_val": "",
        "Cost_TotalCost_CurrentYear_val": "",
        "Cost_TotalCost_BudgetYearOneBase_val": "4.829",
        "Cost_TotalCost_BudgetYearOne_val": "4.829",
        "Cost_TotalCost_PriorYear_val": "",
        "Cost_TotalCost_BudgetYearOneOCO_val": "",
        "Cost_TotalCost_AllPriorYears_val": "",
        "@SOURCE_FILENAME": "2018-BASE_PROCUREMENT-2018-AIRFORCE_AMMUNITION-U_PROCUREMENT_JustificationBook_Air_Force_PB_2018.zzz_unzipped-U_PROCUREMENT_JustificationBook_Air_Force_PB_2018.xml",
        "@RECORDID": "4e556b87336aa79100d4803e900d244a7156d4dd8d8f6b26cd3ec27f992e16fb",
        "@ROWID": "0-8a07b69af42ba6dd5cbf0175a3878c9414c56e7b13257303e0f31a76b9b4c64e",
        "@PARENTROWID": "0-252047aabd5dfb0ce3be383df2159e6a8a6ef16b9d14d60ba2ea2cc1efa16b68",
        "@PARENT": "root.record.ItemExhibitList.P5Item"
    },
    {
        "Name_val": "CMS",
        "Cost_PriorYear_TotalCost_val": "",
        "Cost_CurrentYear_TotalCost_val": "",
        "Cost_BudgetYearOneBase_TotalCost_val": "",
        "Cost_BudgetYearOne_TotalCost_val": "",
        "Cost_TotalCost_CurrentYear_val": "",
        "Cost_TotalCost_BudgetYearOneBase_val": "4.829",
        "Cost_TotalCost_BudgetYearOne_val": "4.829",
        "Cost_TotalCost_PriorYear_val": "",
        "Cost_TotalCost_BudgetYearOneOCO_val": "",
        "Cost_TotalCost_AllPriorYears_val": "",
        "@SOURCE_FILENAME": "2018-BASE_PROCUREMENT-2018-AIRFORCE_AMMUNITION-U_PROCUREMENT_MasterJustificationBook_Air_Force_PB_2018.zzz_unzipped-U_PROCUREMENT_MasterJustificationBook_Air_Force_PB_2018.xml",
        "@RECORDID": "63cece1a674f1f0912ca47ccc55131b5fec02f521a4eb768eb56d7c1d9e6ec09",
        "@ROWID": "0-9ec942c794586a18defa062f5c56242e58284724f5ecae8d3939ce760574f6fa",
        "@PARENTROWID": "0-02a60b1e5a3b6b0a2d5ff8fcec92e79a42acee28a2f3cce30fb650ca9503ac36",
        "@PARENT": "root.record.ItemExhibitList.P5Item"
    },
    {
        "Name_val": "Other",
        "Cost_PriorYear_TotalCost_val": "",
        "Cost_CurrentYear_TotalCost_val": "",
        "Cost_BudgetYearOneBase_TotalCost_val": "",
        "Cost_BudgetYearOne_TotalCost_val": "",
        "Cost_TotalCost_CurrentYear_val": "0.894",
        "Cost_TotalCost_BudgetYearOneBase_val": "1.639",
        "Cost_TotalCost_BudgetYearOne_val": "1.639",
        "Cost_TotalCost_PriorYear_val": "0.61",
        "Cost_TotalCost_BudgetYearOneOCO_val": "",
        "Cost_TotalCost_AllPriorYears_val": "0.317",
        "@SOURCE_FILENAME": "2018-BASE_PROCUREMENT-2018-ARMY_AIRCRAFT-U_PROCUREMENT_JustificationBook_Army_PB_2018.zzz_unzipped-U_PROCUREMENT_JustificationBook_Army_PB_2018.xml",
        "@RECORDID": "55dcc1660fdcdb782491981e62adde0b10fa032847a595842880155371de42a8",
        "@ROWID": "0-59fb6126bc4e6cc414e7efd58727629a6a754020a8df45d36036ebdbca3f60e4",
        "@PARENTROWID": "1-5b928a5843847a2746ead351e32704a95ce5133c1c73f1676535ee8d99bba3f6",
        "@PARENT": "root.record.ItemExhibitList.P5Item"
    },
    {
        "Name_val": "Logistics Development",
        "Cost_PriorYear_TotalCost_val": "",
        "Cost_CurrentYear_TotalCost_val": "",
        "Cost_BudgetYearOneBase_TotalCost_val": "",
        "Cost_BudgetYearOne_TotalCost_val": "",
        "Cost_TotalCost_CurrentYear_val": "",
        "Cost_TotalCost_BudgetYearOneBase_val": "5.877",
        "Cost_TotalCost_BudgetYearOne_val": "5.877",
        "Cost_TotalCost_PriorYear_val": "",
        "Cost_TotalCost_BudgetYearOneOCO_val": "",
        "Cost_TotalCost_AllPriorYears_val": "",
        "@SOURCE_FILENAME": "2018-BASE_PROCUREMENT-2018-ARMY_OTHER_1-U_PROCUREMENT_JustificationBook_Army_PB_2018.zzz_unzipped-U_PROCUREMENT_JustificationBook_Army_PB_2018.xml",
        "@RECORDID": "7d08672b5f551138a3afe9f82738f3705958ddbc921bc54e62a0ef5d66accf81",
        "@ROWID": "0-683b8e9e394a9a2bf5e08993ee62c4aa67e5b6d8953eb680d14ae78b70461044",
        "@PARENTROWID": "0-77be1d73c17423b2e66ef0f7fc75186feb0b6a11e043e707ade0e65cee0be3ba",
        "@PARENT": "root.record.ItemExhibitList.P5Item"
    },
    {
        "Name_val": "Drawings",
        "Cost_PriorYear_TotalCost_val": "",
        "Cost_CurrentYear_TotalCost_val": "",
        "Cost_BudgetYearOneBase_TotalCost_val": "",
        "Cost_BudgetYearOne_TotalCost_val": "",
        "Cost_TotalCost_CurrentYear_val": "0.25",
        "Cost_TotalCost_BudgetYearOneBase_val": "",
        "Cost_TotalCost_BudgetYearOne_val": "",
        "Cost_TotalCost_PriorYear_val": "",
        "Cost_TotalCost_BudgetYearOneOCO_val": "",
        "Cost_TotalCost_AllPriorYears_val": "",
        "@SOURCE_FILENAME": "2019-BASE_PROCUREMENT-2019-AIRFORCE_AIRCRAFT_VOL1-U_PROCUREMENT_JustificationBook_Air_Force_PB_2019.zzz_unzipped-U_PROCUREMENT_JustificationBook_Air_Force_PB_2019.xml",
        "@RECORDID": "ce929d168269d036921bf164e19a06d4e3529a2f2baa04b769d0a124928062ad",
        "@ROWID": "0-05dce1903307f9d8aae58baee05d581d60593c791ecd6a94bfb8fa415b8ac047",
        "@PARENTROWID": "1-9293d4bf2d30ac3ce13bd8171ec1ce1ecf55ae91b6f19ec2d72591b0b74a0aea",
        "@PARENT": "root.record.ItemExhibitList.P5Item"
    },
    {
        "Name_val": "Tech Data",
        "Cost_PriorYear_TotalCost_val": "",
        "Cost_CurrentYear_TotalCost_val": "",
        "Cost_BudgetYearOneBase_TotalCost_val": "",
        "Cost_BudgetYearOne_TotalCost_val": "",
        "Cost_TotalCost_CurrentYear_val": "",
        "Cost_TotalCost_BudgetYearOneBase_val": "",
        "Cost_TotalCost_BudgetYearOne_val": "",
        "Cost_TotalCost_PriorYear_val": "0.735",
        "Cost_TotalCost_BudgetYearOneOCO_val": "",
        "Cost_TotalCost_AllPriorYears_val": "",
        "@SOURCE_FILENAME": "2019-BASE_PROCUREMENT-2019-AIRFORCE_AIRCRAFT_VOL1-U_PROCUREMENT_JustificationBook_Air_Force_PB_2019.zzz_unzipped-U_PROCUREMENT_JustificationBook_Air_Force_PB_2019.xml",
        "@RECORDID": "ce929d168269d036921bf164e19a06d4e3529a2f2baa04b769d0a124928062ad",
        "@ROWID": "0-b40fe6c1b557abc18a5c3d73542299384901dd54e520aad6fcf2a5c730507055",
        "@PARENTROWID": "2-fab82deb1a37e00a38e29901dd8687300356e237ff61bc56c9358daa36b64f01",
        "@PARENT": "root.record.ItemExhibitList.P5Item"
    },
    {
        "Name_val": "Drawings",
        "Cost_PriorYear_TotalCost_val": "",
        "Cost_CurrentYear_TotalCost_val": "",
        "Cost_BudgetYearOneBase_TotalCost_val": "",
        "Cost_BudgetYearOne_TotalCost_val": "",
        "Cost_TotalCost_CurrentYear_val": "0.25",
        "Cost_TotalCost_BudgetYearOneBase_val": "",
        "Cost_TotalCost_BudgetYearOne_val": "",
        "Cost_TotalCost_PriorYear_val": "",
        "Cost_TotalCost_BudgetYearOneOCO_val": "",
        "Cost_TotalCost_AllPriorYears_val": "",
        "@SOURCE_FILENAME": "2019-BASE_PROCUREMENT-2019-AIRFORCE_AIRCRAFT_VOL2-U_PROCUREMENT_MasterJustificationBook_Air_Force_PB_2019.zzz_unzipped-U_PROCUREMENT_MasterJustificationBook_Air_Force_PB_2019.xml",
        "@RECORDID": "402be201207115d2589b80f4a02ed50085dfb67a83bbf0a56c7d3fe6bc34ea25",
        "@ROWID": "0-5278063814d066ba673b1841873ffdbec0e384c01e724c222e548c2d490ed5f8",
        "@PARENTROWID": "1-22c51f69eb342961bc58dea089c0792279a8341a9ecd3b65bc03ca7ca113d3d1",
        "@PARENT": "root.record.ItemExhibitList.P5Item"
    },
    {
        "Name_val": "Tech Data",
        "Cost_PriorYear_TotalCost_val": "",
        "Cost_CurrentYear_TotalCost_val": "",
        "Cost_BudgetYearOneBase_TotalCost_val": "",
        "Cost_BudgetYearOne_TotalCost_val": "",
        "Cost_TotalCost_CurrentYear_val": "",
        "Cost_TotalCost_BudgetYearOneBase_val": "",
        "Cost_TotalCost_BudgetYearOne_val": "",
        "Cost_TotalCost_PriorYear_val": "0.735",
        "Cost_TotalCost_BudgetYearOneOCO_val": "",
        "Cost_TotalCost_AllPriorYears_val": "",
        "@SOURCE_FILENAME": "2019-BASE_PROCUREMENT-2019-AIRFORCE_AIRCRAFT_VOL2-U_PROCUREMENT_MasterJustificationBook_Air_Force_PB_2019.zzz_unzipped-U_PROCUREMENT_MasterJustificationBook_Air_Force_PB_2019.xml",
        "@RECORDID": "402be201207115d2589b80f4a02ed50085dfb67a83bbf0a56c7d3fe6bc34ea25",
        "@ROWID": "0-78186c5434d8e7d543549b6e608a01a63220ef2dcc59c26ba34bfa785197b9d4",
        "@PARENTROWID": "2-c4ca0ba29379e8658a514a41b63a6bea9e81a15f3a27a489fb09d7d972c014b3",
        "@PARENT": "root.record.ItemExhibitList.P5Item"
    },
    {
        "Name_val": "CMS",
        "Cost_PriorYear_TotalCost_val": "",
        "Cost_CurrentYear_TotalCost_val": "",
        "Cost_BudgetYearOneBase_TotalCost_val": "",
        "Cost_BudgetYearOne_TotalCost_val": "",
        "Cost_TotalCost_CurrentYear_val": "4.829",
        "Cost_TotalCost_BudgetYearOneBase_val": "3.746",
        "Cost_TotalCost_BudgetYearOne_val": "3.746",
        "Cost_TotalCost_PriorYear_val": "",
        "Cost_TotalCost_BudgetYearOneOCO_val": "",
        "Cost_TotalCost_AllPriorYears_val": "3.378",
        "@SOURCE_FILENAME": "2019-BASE_PROCUREMENT-2019-AIRFORCE_AMMUNITION-U_PROCUREMENT_JustificationBook_Air_Force_PB_2019.zzz_unzipped-U_PROCUREMENT_JustificationBook_Air_Force_PB_2019.xml",
        "@RECORDID": "febe812ff6da49c74047d6ca8ec01f4aa83c73b56f8c312dc3f34dd1983e8647",
        "@ROWID": "0-a8bf2f31408ca4631d99a8d0b386389b848731473f8b2d90539ee4c0e15bc8d8",
        "@PARENTROWID": "0-8672750f7b94e679594701be6cbfbdbfcec63c77b5b97602a4daa6536c623eda",
        "@PARENT": "root.record.ItemExhibitList.P5Item"
    },
    {
        "Name_val": "Technical Data",
        "Cost_PriorYear_TotalCost_val": "",
        "Cost_CurrentYear_TotalCost_val": "",
        "Cost_BudgetYearOneBase_TotalCost_val": "",
        "Cost_BudgetYearOne_TotalCost_val": "",
        "Cost_TotalCost_CurrentYear_val": "",
        "Cost_TotalCost_BudgetYearOneBase_val": "1.174",
        "Cost_TotalCost_BudgetYearOne_val": "1.174",
        "Cost_TotalCost_PriorYear_val": "",
        "Cost_TotalCost_BudgetYearOneOCO_val": "",
        "Cost_TotalCost_AllPriorYears_val": "",
        "@SOURCE_FILENAME": "2019-BASE_PROCUREMENT-2019-AIRFORCE_AMMUNITION-U_PROCUREMENT_JustificationBook_Air_Force_PB_2019.zzz_unzipped-U_PROCUREMENT_JustificationBook_Air_Force_PB_2019.xml",
        "@RECORDID": "febe812ff6da49c74047d6ca8ec01f4aa83c73b56f8c312dc3f34dd1983e8647",
        "@ROWID": "1-1d88309cf45a5ed77338c7e517620bd281b74cb17454f49e519b5f3571b80d87",
        "@PARENTROWID": "0-8672750f7b94e679594701be6cbfbdbfcec63c77b5b97602a4daa6536c623eda",
        "@PARENT": "root.record.ItemExhibitList.P5Item"
    },
    {
        "Name_val": "CMS",
        "Cost_PriorYear_TotalCost_val": "",
        "Cost_CurrentYear_TotalCost_val": "",
        "Cost_BudgetYearOneBase_TotalCost_val": "",
        "Cost_BudgetYearOne_TotalCost_val": "",
        "Cost_TotalCost_CurrentYear_val": "4.829",
        "Cost_TotalCost_BudgetYearOneBase_val": "3.746",
        "Cost_TotalCost_BudgetYearOne_val": "3.746",
        "Cost_TotalCost_PriorYear_val": "",
        "Cost_TotalCost_BudgetYearOneOCO_val": "",
        "Cost_TotalCost_AllPriorYears_val": "3.378",
        "@SOURCE_FILENAME": "2019-BASE_PROCUREMENT-2019-AIRFORCE_AMMUNITION-U_PROCUREMENT_MasterJustificationBook_Air_Force_PB_2019.zzz_unzipped-U_PROCUREMENT_MasterJustificationBook_Air_Force_PB_2019.xml",
        "@RECORDID": "c48d29353e3e6e5cf9c29adfc0105bdb804a21b25e74ec61fd9d65a6eb451eb5",
        "@ROWID": "0-7b1c126a3841e16c5bad72793656accaacad32bfb2609864654257594112e8a1",
        "@PARENTROWID": "0-306440d9fb5ff957929b2f4f1f907aa8680bad4d5d54104b960b7e19a3a09ffc",
        "@PARENT": "root.record.ItemExhibitList.P5Item"
    },
    {
        "Name_val": "Technical Data",
        "Cost_PriorYear_TotalCost_val": "",
        "Cost_CurrentYear_TotalCost_val": "",
        "Cost_BudgetYearOneBase_TotalCost_val": "",
        "Cost_BudgetYearOne_TotalCost_val": "",
        "Cost_TotalCost_CurrentYear_val": "",
        "Cost_TotalCost_BudgetYearOneBase_val": "1.174",
        "Cost_TotalCost_BudgetYearOne_val": "1.174",
        "Cost_TotalCost_PriorYear_val": "",
        "Cost_TotalCost_BudgetYearOneOCO_val": "",
        "Cost_TotalCost_AllPriorYears_val": "",
        "@SOURCE_FILENAME": "2019-BASE_PROCUREMENT-2019-AIRFORCE_AMMUNITION-U_PROCUREMENT_MasterJustificationBook_Air_Force_PB_2019.zzz_unzipped-U_PROCUREMENT_MasterJustificationBook_Air_Force_PB_2019.xml",
        "@RECORDID": "c48d29353e3e6e5cf9c29adfc0105bdb804a21b25e74ec61fd9d65a6eb451eb5",
        "@ROWID": "1-91a6e53becd8f3482324594be77cfb16d0ff878defe10a89075fffb9cbdd12b4",
        "@PARENTROWID": "0-306440d9fb5ff957929b2f4f1f907aa8680bad4d5d54104b960b7e19a3a09ffc",
        "@PARENT": "root.record.ItemExhibitList.P5Item"
    },
    {
        "Name_val": "Other",
        "Cost_PriorYear_TotalCost_val": "",
        "Cost_CurrentYear_TotalCost_val": "",
        "Cost_BudgetYearOneBase_TotalCost_val": "",
        "Cost_BudgetYearOne_TotalCost_val": "",
        "Cost_TotalCost_CurrentYear_val": "1.639",
        "Cost_TotalCost_BudgetYearOneBase_val": "1.869",
        "Cost_TotalCost_BudgetYearOne_val": "1.869",
        "Cost_TotalCost_PriorYear_val": "1.053",
        "Cost_TotalCost_BudgetYearOneOCO_val": "",
        "Cost_TotalCost_AllPriorYears_val": "0.927",
        "@SOURCE_FILENAME": "2019-BASE_PROCUREMENT-2019-ARMY_AIRCRAFT-U_PROCUREMENT_JustificationBook_Army_PB_2019.zzz_unzipped-U_PROCUREMENT_JustificationBook_Army_PB_2019.xml",
        "@RECORDID": "a0aea4c8b2abc1f0406fefaeaf5dd5fbb8a09af6840167aa292f63142cd39fe2",
        "@ROWID": "0-79d278179b6b427b37d9278113110afe04d550b8413982fcbd24c768306ed24a",
        "@PARENTROWID": "1-702811af5b76b46dc82a4fd791ca697d8e2b16326bbc356766af6e349316ab20",
        "@PARENT": "root.record.ItemExhibitList.P5Item"
    },
    {
        "Name_val": "Depot Stand Up",
        "Cost_PriorYear_TotalCost_val": "",
        "Cost_CurrentYear_TotalCost_val": "",
        "Cost_BudgetYearOneBase_TotalCost_val": "",
        "Cost_BudgetYearOne_TotalCost_val": "",
        "Cost_TotalCost_CurrentYear_val": "",
        "Cost_TotalCost_BudgetYearOneBase_val": "1.694",
        "Cost_TotalCost_BudgetYearOne_val": "1.694",
        "Cost_TotalCost_PriorYear_val": "",
        "Cost_TotalCost_BudgetYearOneOCO_val": "",
        "Cost_TotalCost_AllPriorYears_val": "",
        "@SOURCE_FILENAME": "2019-BASE_PROCUREMENT-2019-ARMY_AIRCRAFT-U_PROCUREMENT_JustificationBook_Army_PB_2019.zzz_unzipped-U_PROCUREMENT_JustificationBook_Army_PB_2019.xml",
        "@RECORDID": "a0aea4c8b2abc1f0406fefaeaf5dd5fbb8a09af6840167aa292f63142cd39fe2",
        "@ROWID": "1-6c097a6c132694a9dd45aff3e2aa8227d82c1bc25eb29028b73fb8b393493e22",
        "@PARENTROWID": "1-702811af5b76b46dc82a4fd791ca697d8e2b16326bbc356766af6e349316ab20",
        "@PARENT": "root.record.ItemExhibitList.P5Item"
    },
    {
        "Name_val": "Contractor Logistics Support",
        "Cost_PriorYear_TotalCost_val": "",
        "Cost_CurrentYear_TotalCost_val": "",
        "Cost_BudgetYearOneBase_TotalCost_val": "",
        "Cost_BudgetYearOne_TotalCost_val": "",
        "Cost_TotalCost_CurrentYear_val": "",
        "Cost_TotalCost_BudgetYearOneBase_val": "2.174",
        "Cost_TotalCost_BudgetYearOne_val": "2.174",
        "Cost_TotalCost_PriorYear_val": "",
        "Cost_TotalCost_BudgetYearOneOCO_val": "",
        "Cost_TotalCost_AllPriorYears_val": "",
        "@SOURCE_FILENAME": "2019-BASE_PROCUREMENT-2019-ARMY_WTCV-U_PROCUREMENT_JustificationBook_Army_PB_2019.zzz_unzipped-U_PROCUREMENT_JustificationBook_Army_PB_2019.xml",
        "@RECORDID": "8ffe67162423f6ac7a1217a61a32b9eb793995fbf878f7a8ca213e7003de474e",
        "@ROWID": "0-8ecb4d26c6a108327f142d687f17e98a62525f898cb5e39f313b125a4154695a",
        "@PARENTROWID": "0-3e49e5a26bf9222766087f1cc0b4ffa910114198532fdc8c46887c1c8f9c3185",
        "@PARENT": "root.record.ItemExhibitList.P5Item"
    },
    {
        "Name_val": "Fielding & NET",
        "Cost_PriorYear_TotalCost_val": "",
        "Cost_CurrentYear_TotalCost_val": "",
        "Cost_BudgetYearOneBase_TotalCost_val": "",
        "Cost_BudgetYearOne_TotalCost_val": "",
        "Cost_TotalCost_CurrentYear_val": "",
        "Cost_TotalCost_BudgetYearOneBase_val": "0.773",
        "Cost_TotalCost_BudgetYearOne_val": "0.773",
        "Cost_TotalCost_PriorYear_val": "",
        "Cost_TotalCost_BudgetYearOneOCO_val": "",
        "Cost_TotalCost_AllPriorYears_val": "",
        "@SOURCE_FILENAME": "2019-BASE_PROCUREMENT-2019-ARMY_OTHER_3-4-U_PROCUREMENT_JustificationBook_Army_PB_2019.zzz_unzipped-U_PROCUREMENT_JustificationBook_Army_PB_2019.xml",
        "@RECORDID": "2a50e27a9ce3f13992363731e40102563b187666f01e35a682e5856c6be1e9e8",
        "@ROWID": "0-ed08d67a94d9352d0b9c012003a49019c3c5fe3ec444c1b99bae84529945d736",
        "@PARENTROWID": "0-307ffffb7f7004ac123c300d9b922f5c011cb127a734a02fd97926bf20478218",
        "@PARENT": "root.record.ItemExhibitList.P5Item"
    },
    {
        "Name_val": "Fielding and NET",
        "Cost_PriorYear_TotalCost_val": "",
        "Cost_CurrentYear_TotalCost_val": "",
        "Cost_BudgetYearOneBase_TotalCost_val": "",
        "Cost_BudgetYearOne_TotalCost_val": "",
        "Cost_TotalCost_CurrentYear_val": "0.5",
        "Cost_TotalCost_BudgetYearOneBase_val": "0.47",
        "Cost_TotalCost_BudgetYearOne_val": "0.47",
        "Cost_TotalCost_PriorYear_val": "0.138",
        "Cost_TotalCost_BudgetYearOneOCO_val": "",
        "Cost_TotalCost_AllPriorYears_val": "",
        "@SOURCE_FILENAME": "2019-BASE_PROCUREMENT-2019-ARMY_OTHER_3-4-U_PROCUREMENT_JustificationBook_Army_PB_2019.zzz_unzipped-U_PROCUREMENT_JustificationBook_Army_PB_2019.xml",
        "@RECORDID": "2a50e27a9ce3f13992363731e40102563b187666f01e35a682e5856c6be1e9e8",
        "@ROWID": "0-c9fedef548b649f0aa116ce37915ea9dd63119b2a827353fda5f48ccf2ac92a2",
        "@PARENTROWID": "1-410a5603c0b08f1ccc2e60a94c04c2396407c3c7b0aab4340c8ad44430899de7",
        "@PARENT": "root.record.ItemExhibitList.P5Item"
    },
    {
        "Name_val": "Logistics Development",
        "Cost_PriorYear_TotalCost_val": "",
        "Cost_CurrentYear_TotalCost_val": "",
        "Cost_BudgetYearOneBase_TotalCost_val": "",
        "Cost_BudgetYearOne_TotalCost_val": "",
        "Cost_TotalCost_CurrentYear_val": "5.877",
        "Cost_TotalCost_BudgetYearOneBase_val": "",
        "Cost_TotalCost_BudgetYearOne_val": "",
        "Cost_TotalCost_PriorYear_val": "0.207",
        "Cost_TotalCost_BudgetYearOneOCO_val": "",
        "Cost_TotalCost_AllPriorYears_val": "",
        "@SOURCE_FILENAME": "2019-BASE_PROCUREMENT-2019-ARMY_OTHER_1-U_PROCUREMENT_JustificationBook_Army_PB_2019.zzz_unzipped-U_PROCUREMENT_JustificationBook_Army_PB_2019.xml",
        "@RECORDID": "362b433737c0bfe07c5ac211a3547971a04d9218e81880aaf229b0abf26d87ea",
        "@ROWID": "0-0c6dd6f2e7f61c7f64bfa38cf851e81ec2e84c3b2408ed73f48ae1900686c8ea",
        "@PARENTROWID": "0-cc62360b0a2a8265bed6fc98f117371fc3cc4590f75e8dd3626a69831b7a78a4",
        "@PARENT": "root.record.ItemExhibitList.P5Item"
    },
    {
        "Name_val": "Integrated Footwear Solution (IFS)",
        "Cost_PriorYear_TotalCost_val": "",
        "Cost_CurrentYear_TotalCost_val": "",
        "Cost_BudgetYearOneBase_TotalCost_val": "",
        "Cost_BudgetYearOne_TotalCost_val": "",
        "Cost_TotalCost_CurrentYear_val": "0",
        "Cost_TotalCost_BudgetYearOneBase_val": "0",
        "Cost_TotalCost_BudgetYearOne_val": "0",
        "Cost_TotalCost_PriorYear_val": "2.5",
        "Cost_TotalCost_BudgetYearOneOCO_val": "",
        "Cost_TotalCost_AllPriorYears_val": "0",
        "@SOURCE_FILENAME": "2019-BASE_PROCUREMENT-2019-DEFENSE_CBDP-U_PROCUREMENT_JustificationBook_Chemical_and_Biological_Defense_Program_PB_2019.zzz_unzipped-U_PROCUREMENT_JustificationBook_Chemical_and_Biological_Defense_Program_PB_2019.xml",
        "@RECORDID": "592bcc3ba6d0c844157379e33da0adc1ea7ce2ba0623e68937d04e628923afcc",
        "@ROWID": "0-7afc5adc3e783053b9121565811913caa2dd8e877a566db506827abf2134fbf0",
        "@PARENTROWID": "2-d4659bb1003d6d1921e88fe131f81530615f64c5fa11cf9c4ea2688605aeb879",
        "@PARENT": "root.record.ItemExhibitList.P5Item"
    },
    {
        "Name_val": "Integrated Footwear Solution (IFS)",
        "Cost_PriorYear_TotalCost_val": "",
        "Cost_CurrentYear_TotalCost_val": "",
        "Cost_BudgetYearOneBase_TotalCost_val": "",
        "Cost_BudgetYearOne_TotalCost_val": "",
        "Cost_TotalCost_CurrentYear_val": "0",
        "Cost_TotalCost_BudgetYearOneBase_val": "0",
        "Cost_TotalCost_BudgetYearOne_val": "0",
        "Cost_TotalCost_PriorYear_val": "2.5",
        "Cost_TotalCost_BudgetYearOneOCO_val": "",
        "Cost_TotalCost_AllPriorYears_val": "0",
        "@SOURCE_FILENAME": "2019-BASE_PROCUREMENT-2019-DEFENSE_VOL1_ALL-U_PROCUREMENT_MasterJustificationBook_Defense-Wide_PB_2019.zzz_unzipped-U_PROCUREMENT_MasterJustificationBook_Defense-Wide_PB_2019.xml",
        "@RECORDID": "2541192401cc050c4ea3f3c86663f9efdc92923673cb8bab95460bb869fed504",
        "@ROWID": "0-81d05a42a8d17f6300f64067f5bafe8d0daadd9f02057d0e88bb046cdb4857e3",
        "@PARENTROWID": "2-329a3907f31dc0ad07beff46e7604b37ea7a935823a95d20c91c01760b909142",
        "@PARENT": "root.record.ItemExhibitList.P5Item"
    },
    {
        "Name_val": "Integrated Footwear Solution (IFS)",
        "Cost_PriorYear_TotalCost_val": "",
        "Cost_CurrentYear_TotalCost_val": "",
        "Cost_BudgetYearOneBase_TotalCost_val": "",
        "Cost_BudgetYearOne_TotalCost_val": "",
        "Cost_TotalCost_CurrentYear_val": "0",
        "Cost_TotalCost_BudgetYearOneBase_val": "0",
        "Cost_TotalCost_BudgetYearOne_val": "0",
        "Cost_TotalCost_PriorYear_val": "2.5",
        "Cost_TotalCost_BudgetYearOneOCO_val": "",
        "Cost_TotalCost_AllPriorYears_val": "0",
        "@SOURCE_FILENAME": "2019-BASE_PROCUREMENT-2019-DEFENSE_CBDP-U_PROCUREMENT_MasterJustificationBook_Chemical_and_Biological_Defense_Program_PB_2019.zzz_unzipped-U_PROCUREMENT_MasterJustificationBook_Chemical_and_Biological_Defense_Program_PB_2019.xml",
        "@RECORDID": "71ff273d841e66289e9398df33f1c0ba0686306e7be81e9ef6bb2fb79d4f3944",
        "@ROWID": "0-67d770430780f777d400995bd18e445290b0c131a2222d069c350839936064df",
        "@PARENTROWID": "2-b4874c3bd3cf1438cf6a50557f4a1670bca0f34a530196a21ed4453054897b73",
        "@PARENT": "root.record.ItemExhibitList.P5Item"
    },
    {
        "Name_val": "Drawings",
        "Cost_PriorYear_TotalCost_val": "",
        "Cost_CurrentYear_TotalCost_val": "",
        "Cost_BudgetYearOneBase_TotalCost_val": "",
        "Cost_BudgetYearOne_TotalCost_val": "",
        "Cost_TotalCost_CurrentYear_val": "",
        "Cost_TotalCost_BudgetYearOneBase_val": "",
        "Cost_TotalCost_BudgetYearOne_val": "",
        "Cost_TotalCost_PriorYear_val": "0.25",
        "Cost_TotalCost_BudgetYearOneOCO_val": "",
        "Cost_TotalCost_AllPriorYears_val": "",
        "@SOURCE_FILENAME": "2020-BASE_PROCUREMENT-2020-AIRFORCE_AIRCRAFT_VOL1-U_PROCUREMENT_JustificationBook_Air_Force_PB_2020.zzz_unzipped-U_PROCUREMENT_JustificationBook_Air_Force_PB_2020.xml",
        "@RECORDID": "4628e3a32eab37f4083ff96114141136874d174116421480e3a5ae5c9b33569b",
        "@ROWID": "0-dff309bff8e7edb6e7f7f8e95f69f049979d05aa48ede5cdfeb955ed5ba1d9a2",
        "@PARENTROWID": "2-ea3e1f6e05474a4612ab23c40172dbe639eb0629bff98a3d5f684e83f5768bc1",
        "@PARENT": "root.record.ItemExhibitList.P5Item"
    },
    {
        "Name_val": "Drawings",
        "Cost_PriorYear_TotalCost_val": "",
        "Cost_CurrentYear_TotalCost_val": "",
        "Cost_BudgetYearOneBase_TotalCost_val": "",
        "Cost_BudgetYearOne_TotalCost_val": "",
        "Cost_TotalCost_CurrentYear_val": "",
        "Cost_TotalCost_BudgetYearOneBase_val": "",
        "Cost_TotalCost_BudgetYearOne_val": "",
        "Cost_TotalCost_PriorYear_val": "0.25",
        "Cost_TotalCost_BudgetYearOneOCO_val": "",
        "Cost_TotalCost_AllPriorYears_val": "",
        "@SOURCE_FILENAME": "2020-BASE_PROCUREMENT-2020-AIRFORCE_AIRCRAFT_VOL2-U_PROCUREMENT_MasterJustificationBook_Air_Force_PB_2020.zzz_unzipped-U_PROCUREMENT_MasterJustificationBook_Air_Force_PB_2020.xml",
        "@RECORDID": "f9236649c78c37c57dbe820881e9fb3a912f5483104dc2dbbff2b3e56deedd87",
        "@ROWID": "0-eb8559f3180abe0b220ade4c57268b97768495ac88227a0f7e297577b3d5fab3",
        "@PARENTROWID": "2-e8e41522563308788721bcf4557be6e4ce13b3178fc5dd60dd112236ecbf5a8b",
        "@PARENT": "root.record.ItemExhibitList.P5Item"
    },
    {
        "Name_val": "CMS",
        "Cost_PriorYear_TotalCost_val": "",
        "Cost_CurrentYear_TotalCost_val": "",
        "Cost_BudgetYearOneBase_TotalCost_val": "",
        "Cost_BudgetYearOne_TotalCost_val": "",
        "Cost_TotalCost_CurrentYear_val": "0.2",
        "Cost_TotalCost_BudgetYearOneBase_val": "0",
        "Cost_TotalCost_BudgetYearOne_val": "3.297",
        "Cost_TotalCost_PriorYear_val": "3.746",
        "Cost_TotalCost_BudgetYearOneOCO_val": "3.297",
        "Cost_TotalCost_AllPriorYears_val": "3.378",
        "@SOURCE_FILENAME": "2020-BASE_PROCUREMENT-2020-AIRFORCE_AMMUNITION-U_PROCUREMENT_JustificationBook_Air_Force_PB_2020.zzz_unzipped-U_PROCUREMENT_JustificationBook_Air_Force_PB_2020.xml",
        "@RECORDID": "1e63ae67232bf79d1dab02b538ecf7c46601ae68ff91e61ae778a77cc9004f0c",
        "@ROWID": "0-72616f419e8705d2c07796a173d14ba27176a12ec5fa34b9d24dc65330295129",
        "@PARENTROWID": "0-31a7f782a15038e867f82c79554fe28fdbf71d460fef4227bd15100b889b88bb",
        "@PARENT": "root.record.ItemExhibitList.P5Item"
    },
    {
        "Name_val": "Technical Data",
        "Cost_PriorYear_TotalCost_val": "",
        "Cost_CurrentYear_TotalCost_val": "",
        "Cost_BudgetYearOneBase_TotalCost_val": "",
        "Cost_BudgetYearOne_TotalCost_val": "",
        "Cost_TotalCost_CurrentYear_val": "0",
        "Cost_TotalCost_BudgetYearOneBase_val": "0",
        "Cost_TotalCost_BudgetYearOne_val": "0",
        "Cost_TotalCost_PriorYear_val": "0",
        "Cost_TotalCost_BudgetYearOneOCO_val": "0",
        "Cost_TotalCost_AllPriorYears_val": "",
        "@SOURCE_FILENAME": "2020-BASE_PROCUREMENT-2020-AIRFORCE_AMMUNITION-U_PROCUREMENT_JustificationBook_Air_Force_PB_2020.zzz_unzipped-U_PROCUREMENT_JustificationBook_Air_Force_PB_2020.xml",
        "@RECORDID": "1e63ae67232bf79d1dab02b538ecf7c46601ae68ff91e61ae778a77cc9004f0c",
        "@ROWID": "1-e026f8a92afa1b53c91a87f15a92b2b4eb9e25c336a8c9c351b5d533cd658a17",
        "@PARENTROWID": "0-31a7f782a15038e867f82c79554fe28fdbf71d460fef4227bd15100b889b88bb",
        "@PARENT": "root.record.ItemExhibitList.P5Item"
    },
    {
        "Name_val": "CMS",
        "Cost_PriorYear_TotalCost_val": "",
        "Cost_CurrentYear_TotalCost_val": "",
        "Cost_BudgetYearOneBase_TotalCost_val": "",
        "Cost_BudgetYearOne_TotalCost_val": "",
        "Cost_TotalCost_CurrentYear_val": "0.2",
        "Cost_TotalCost_BudgetYearOneBase_val": "0",
        "Cost_TotalCost_BudgetYearOne_val": "3.297",
        "Cost_TotalCost_PriorYear_val": "3.746",
        "Cost_TotalCost_BudgetYearOneOCO_val": "3.297",
        "Cost_TotalCost_AllPriorYears_val": "3.378",
        "@SOURCE_FILENAME": "2020-BASE_PROCUREMENT-2020-AIRFORCE_AMMUNITION-U_PROCUREMENT_MasterJustificationBook_Air_Force_PB_2020.zzz_unzipped-U_PROCUREMENT_MasterJustificationBook_Air_Force_PB_2020.xml",
        "@RECORDID": "df0c24c79714db965bc49d1f6003f0cd9a2210c6efa351193d977c7178374dba",
        "@ROWID": "0-e20c95508cc3c61b7c5d8d64fdbf47a9cd7ea4520217644621dc013ab999f849",
        "@PARENTROWID": "0-fb2bb33b67daacbbe0c553085fdc60ad9b36fee81c6cbbd1e59f89dd3dbec34c",
        "@PARENT": "root.record.ItemExhibitList.P5Item"
    },
    {
        "Name_val": "Technical Data",
        "Cost_PriorYear_TotalCost_val": "",
        "Cost_CurrentYear_TotalCost_val": "",
        "Cost_BudgetYearOneBase_TotalCost_val": "",
        "Cost_BudgetYearOne_TotalCost_val": "",
        "Cost_TotalCost_CurrentYear_val": "0",
        "Cost_TotalCost_BudgetYearOneBase_val": "0",
        "Cost_TotalCost_BudgetYearOne_val": "0",
        "Cost_TotalCost_PriorYear_val": "0",
        "Cost_TotalCost_BudgetYearOneOCO_val": "0",
        "Cost_TotalCost_AllPriorYears_val": "",
        "@SOURCE_FILENAME": "2020-BASE_PROCUREMENT-2020-AIRFORCE_AMMUNITION-U_PROCUREMENT_MasterJustificationBook_Air_Force_PB_2020.zzz_unzipped-U_PROCUREMENT_MasterJustificationBook_Air_Force_PB_2020.xml",
        "@RECORDID": "df0c24c79714db965bc49d1f6003f0cd9a2210c6efa351193d977c7178374dba",
        "@ROWID": "1-753b23f1c7e85070d7196510f1be94279050721a1d0fa4aedf33b6b069ba7dc7",
        "@PARENTROWID": "0-fb2bb33b67daacbbe0c553085fdc60ad9b36fee81c6cbbd1e59f89dd3dbec34c",
        "@PARENT": "root.record.ItemExhibitList.P5Item"
    },
    {
        "Name_val": "Other",
        "Cost_PriorYear_TotalCost_val": "",
        "Cost_CurrentYear_TotalCost_val": "",
        "Cost_BudgetYearOneBase_TotalCost_val": "",
        "Cost_BudgetYearOne_TotalCost_val": "",
        "Cost_TotalCost_CurrentYear_val": "",
        "Cost_TotalCost_BudgetYearOneBase_val": "",
        "Cost_TotalCost_BudgetYearOne_val": "",
        "Cost_TotalCost_PriorYear_val": "",
        "Cost_TotalCost_BudgetYearOneOCO_val": "",
        "Cost_TotalCost_AllPriorYears_val": "1.98",
        "@SOURCE_FILENAME": "2020-BASE_PROCUREMENT-2020-ARMY_AIRCRAFT-U_PROCUREMENT_JustificationBook_Army_PB_2020.zzz_unzipped-U_PROCUREMENT_JustificationBook_Army_PB_2020.xml",
        "@RECORDID": "1ab1006988f4b28a446a6b7f7037a9ed1dfeca74bb59361ccb1e69fb71062404",
        "@ROWID": "0-99528110ad308ecebaae713d65043fe363ff6ec1f169146c217d406d508eaaaf",
        "@PARENTROWID": "1-e919607f4d573083bbd0d863feb2816eff12e9740686c2c416fb57dac815420f",
        "@PARENT": "root.record.ItemExhibitList.P5Item"
    },
    {
        "Name_val": "Depot Stand Up",
        "Cost_PriorYear_TotalCost_val": "",
        "Cost_CurrentYear_TotalCost_val": "",
        "Cost_BudgetYearOneBase_TotalCost_val": "",
        "Cost_BudgetYearOne_TotalCost_val": "",
        "Cost_TotalCost_CurrentYear_val": "",
        "Cost_TotalCost_BudgetYearOneBase_val": "4.686",
        "Cost_TotalCost_BudgetYearOne_val": "4.686",
        "Cost_TotalCost_PriorYear_val": "",
        "Cost_TotalCost_BudgetYearOneOCO_val": "",
        "Cost_TotalCost_AllPriorYears_val": "",
        "@SOURCE_FILENAME": "2020-BASE_PROCUREMENT-2020-ARMY_AIRCRAFT-U_PROCUREMENT_JustificationBook_Army_PB_2020.zzz_unzipped-U_PROCUREMENT_JustificationBook_Army_PB_2020.xml",
        "@RECORDID": "1ab1006988f4b28a446a6b7f7037a9ed1dfeca74bb59361ccb1e69fb71062404",
        "@ROWID": "1-b0fbebb6c287c8fad57b8e403ead3cde8eb05df5b83db3a9f29539388163761e",
        "@PARENTROWID": "1-e919607f4d573083bbd0d863feb2816eff12e9740686c2c416fb57dac815420f",
        "@PARENT": "root.record.ItemExhibitList.P5Item"
    },
    {
        "Name_val": "M3 OCO Transport",
        "Cost_PriorYear_TotalCost_val": "",
        "Cost_CurrentYear_TotalCost_val": "",
        "Cost_BudgetYearOneBase_TotalCost_val": "",
        "Cost_BudgetYearOne_TotalCost_val": "",
        "Cost_TotalCost_CurrentYear_val": "",
        "Cost_TotalCost_BudgetYearOneBase_val": "",
        "Cost_TotalCost_BudgetYearOne_val": "0.024",
        "Cost_TotalCost_PriorYear_val": "",
        "Cost_TotalCost_BudgetYearOneOCO_val": "0.024",
        "Cost_TotalCost_AllPriorYears_val": "",
        "@SOURCE_FILENAME": "2020-BASE_PROCUREMENT-2020-ARMY_WTCV-U_PROCUREMENT_JustificationBook_Army_PB_2020.zzz_unzipped-U_PROCUREMENT_JustificationBook_Army_PB_2020.xml",
        "@RECORDID": "9802c6998f5b514de30340479bce6f9a007badd625d266be395ddbfb038d7eb3",
        "@ROWID": "0-64903c8ca041ccefa6ca96daf2723c00bd90a70acb4320a6a49cc50dc537ddda",
        "@PARENTROWID": "0-863b2729dbd7af36a21f336a99bbe279956739f67b004172f011d805b5552b06",
        "@PARENT": "root.record.ItemExhibitList.P5Item"
    },
    {
        "Name_val": "Contractor Logistics Support",
        "Cost_PriorYear_TotalCost_val": "",
        "Cost_CurrentYear_TotalCost_val": "",
        "Cost_BudgetYearOneBase_TotalCost_val": "",
        "Cost_BudgetYearOne_TotalCost_val": "",
        "Cost_TotalCost_CurrentYear_val": "",
        "Cost_TotalCost_BudgetYearOneBase_val": "4.275",
        "Cost_TotalCost_BudgetYearOne_val": "4.275",
        "Cost_TotalCost_PriorYear_val": "",
        "Cost_TotalCost_BudgetYearOneOCO_val": "",
        "Cost_TotalCost_AllPriorYears_val": "",
        "@SOURCE_FILENAME": "2020-BASE_PROCUREMENT-2020-ARMY_WTCV-U_PROCUREMENT_JustificationBook_Army_PB_2020.zzz_unzipped-U_PROCUREMENT_JustificationBook_Army_PB_2020.xml",
        "@RECORDID": "1b4703c11c3826690760386ba7d6bb8dd5aae43116e274fa706883b882470836",
        "@ROWID": "0-9cc8b9e71a550f2fad797fd5f03274d76ac8ef5fbca58a4630d39af28ed6c21d",
        "@PARENTROWID": "0-dab99c001eff338141b6c37187523fe5b46f47aa70787caff4a2a57fd8e287e7",
        "@PARENT": "root.record.ItemExhibitList.P5Item"
    },
    {
        "Name_val": "New Equipment Training",
        "Cost_PriorYear_TotalCost_val": "",
        "Cost_CurrentYear_TotalCost_val": "",
        "Cost_BudgetYearOneBase_TotalCost_val": "",
        "Cost_BudgetYearOne_TotalCost_val": "",
        "Cost_TotalCost_CurrentYear_val": "",
        "Cost_TotalCost_BudgetYearOneBase_val": "0.05",
        "Cost_TotalCost_BudgetYearOne_val": "0.05",
        "Cost_TotalCost_PriorYear_val": "",
        "Cost_TotalCost_BudgetYearOneOCO_val": "",
        "Cost_TotalCost_AllPriorYears_val": "",
        "@SOURCE_FILENAME": "2020-BASE_PROCUREMENT-2020-ARMY_WTCV-U_PROCUREMENT_JustificationBook_Army_PB_2020.zzz_unzipped-U_PROCUREMENT_JustificationBook_Army_PB_2020.xml",
        "@RECORDID": "1b4703c11c3826690760386ba7d6bb8dd5aae43116e274fa706883b882470836",
        "@ROWID": "1-2b01c441f56565a646f12b12b836344de38dacd82c1fedabc9d12c751eaecaa6",
        "@PARENTROWID": "0-dab99c001eff338141b6c37187523fe5b46f47aa70787caff4a2a57fd8e287e7",
        "@PARENT": "root.record.ItemExhibitList.P5Item"
    },
    {
        "Name_val": "Logistics Development",
        "Cost_PriorYear_TotalCost_val": "",
        "Cost_CurrentYear_TotalCost_val": "",
        "Cost_BudgetYearOneBase_TotalCost_val": "",
        "Cost_BudgetYearOne_TotalCost_val": "",
        "Cost_TotalCost_CurrentYear_val": "",
        "Cost_TotalCost_BudgetYearOneBase_val": "3.531",
        "Cost_TotalCost_BudgetYearOne_val": "3.531",
        "Cost_TotalCost_PriorYear_val": "2",
        "Cost_TotalCost_BudgetYearOneOCO_val": "",
        "Cost_TotalCost_AllPriorYears_val": "",
        "@SOURCE_FILENAME": "2020-BASE_PROCUREMENT-2020-ARMY_OTHER_1-U_PROCUREMENT_JustificationBook_Army_PB_2020.zzz_unzipped-U_PROCUREMENT_JustificationBook_Army_PB_2020.xml",
        "@RECORDID": "c3442419761d6f839f7fed3cbb3c053f36f4a5d8351a412f902b6983f97610e0",
        "@ROWID": "0-a3ff446b7735c4c5a409f54e8baebc96a117d709143340daeab769c6d4e6b024",
        "@PARENTROWID": "0-08588a09c46d14a92c16533e28522545414ba9eaebfd0d1b151472381fcbb0eb",
        "@PARENT": "root.record.ItemExhibitList.P5Item"
    },
    {
        "Name_val": "Depot Pipeline \/Organic Maintenace Build Up",
        "Cost_PriorYear_TotalCost_val": "",
        "Cost_CurrentYear_TotalCost_val": "",
        "Cost_BudgetYearOneBase_TotalCost_val": "",
        "Cost_BudgetYearOne_TotalCost_val": "",
        "Cost_TotalCost_CurrentYear_val": "",
        "Cost_TotalCost_BudgetYearOneBase_val": "1.211",
        "Cost_TotalCost_BudgetYearOne_val": "1.211",
        "Cost_TotalCost_PriorYear_val": "",
        "Cost_TotalCost_BudgetYearOneOCO_val": "",
        "Cost_TotalCost_AllPriorYears_val": "",
        "@SOURCE_FILENAME": "2020-BASE_PROCUREMENT-2020-ARMY_OTHER_2-U_PROCUREMENT_JustificationBook_Army_PB_2020.zzz_unzipped-U_PROCUREMENT_JustificationBook_Army_PB_2020.xml",
        "@RECORDID": "b50b61381c2d25f2841b4d2bc506dea2c7c990db94f4ba9ddc799a3b12940092",
        "@ROWID": "0-6e7645f1e112e8cf7f205cc0de92afd95badee312660cece2012d4496cc12f19",
        "@PARENTROWID": "0-4b459cb22bfee4c381eb6879d0289eeb9de17b1068a98012d17d348bf8b7e1c0",
        "@PARENT": "root.record.ItemExhibitList.P5Item"
    },
    {
        "Name_val": "Deployment\/New Equipment Training",
        "Cost_PriorYear_TotalCost_val": "",
        "Cost_CurrentYear_TotalCost_val": "",
        "Cost_BudgetYearOneBase_TotalCost_val": "",
        "Cost_BudgetYearOne_TotalCost_val": "",
        "Cost_TotalCost_CurrentYear_val": "",
        "Cost_TotalCost_BudgetYearOneBase_val": "9.498",
        "Cost_TotalCost_BudgetYearOne_val": "9.498",
        "Cost_TotalCost_PriorYear_val": "",
        "Cost_TotalCost_BudgetYearOneOCO_val": "",
        "Cost_TotalCost_AllPriorYears_val": "",
        "@SOURCE_FILENAME": "2020-BASE_PROCUREMENT-2020-ARMY_OTHER_2-U_PROCUREMENT_JustificationBook_Army_PB_2020.zzz_unzipped-U_PROCUREMENT_JustificationBook_Army_PB_2020.xml",
        "@RECORDID": "b2891a2bda07367ccf2b8dbf394c670aeb2803bf06070484c4f661ee0f471972",
        "@ROWID": "0-50eca63789763bc8a8d418d85847a6f97a7b07850153824d005e562d200630c3",
        "@PARENTROWID": "2-f68dbbbc6e16bdb0e481459c3313b9e5fd4620df7add574a5af3dfe5423d1094",
        "@PARENT": "root.record.ItemExhibitList.P5Item"
    },
    {
        "Name_val": "Fielding & NET",
        "Cost_PriorYear_TotalCost_val": "",
        "Cost_CurrentYear_TotalCost_val": "",
        "Cost_BudgetYearOneBase_TotalCost_val": "",
        "Cost_BudgetYearOne_TotalCost_val": "",
        "Cost_TotalCost_CurrentYear_val": "0.611",
        "Cost_TotalCost_BudgetYearOneBase_val": "",
        "Cost_TotalCost_BudgetYearOne_val": "0.77",
        "Cost_TotalCost_PriorYear_val": "0.528",
        "Cost_TotalCost_BudgetYearOneOCO_val": "0.77",
        "Cost_TotalCost_AllPriorYears_val": "",
        "@SOURCE_FILENAME": "2020-BASE_PROCUREMENT-2020-ARMY_OTHER_3-4-U_PROCUREMENT_JustificationBook_Army_PB_2020.zzz_unzipped-U_PROCUREMENT_JustificationBook_Army_PB_2020.xml",
        "@RECORDID": "ac78a6f63dbf529619dcacbb71bdde3d063fc88e59d4035925fcc73fdc92daf6",
        "@ROWID": "0-04b47a867d6f74b8703348ee8ed9abd8c411968cae2f9bfefe3bd6e3dede8fda",
        "@PARENTROWID": "0-ad0aeca7e82506d503e4deebd6d2a97a0bca177e62300bf79fce71f0165b0acc",
        "@PARENT": "root.record.ItemExhibitList.P5Item"
    },
    {
        "Name_val": "Fielding and NET",
        "Cost_PriorYear_TotalCost_val": "",
        "Cost_CurrentYear_TotalCost_val": "",
        "Cost_BudgetYearOneBase_TotalCost_val": "",
        "Cost_BudgetYearOne_TotalCost_val": "",
        "Cost_TotalCost_CurrentYear_val": "0.624",
        "Cost_TotalCost_BudgetYearOneBase_val": "",
        "Cost_TotalCost_BudgetYearOne_val": "0.803",
        "Cost_TotalCost_PriorYear_val": "1.267",
        "Cost_TotalCost_BudgetYearOneOCO_val": "0.803",
        "Cost_TotalCost_AllPriorYears_val": "0.138",
        "@SOURCE_FILENAME": "2020-BASE_PROCUREMENT-2020-ARMY_OTHER_3-4-U_PROCUREMENT_JustificationBook_Army_PB_2020.zzz_unzipped-U_PROCUREMENT_JustificationBook_Army_PB_2020.xml",
        "@RECORDID": "ac78a6f63dbf529619dcacbb71bdde3d063fc88e59d4035925fcc73fdc92daf6",
        "@ROWID": "0-75584c7e57282ef34622a49b39e4004926356a5126bf4c2cd44d7a6b3da52b9e",
        "@PARENTROWID": "1-095672f421f973a96dfd0d3c7469d10552669f7ccb08af28a899542932fbcdd8",
        "@PARENT": "root.record.ItemExhibitList.P5Item"
    },
    {
        "Name_val": "Logistics Data Deliverables",
        "Cost_PriorYear_TotalCost_val": "",
        "Cost_CurrentYear_TotalCost_val": "",
        "Cost_BudgetYearOneBase_TotalCost_val": "",
        "Cost_BudgetYearOne_TotalCost_val": "",
        "Cost_TotalCost_CurrentYear_val": "",
        "Cost_TotalCost_BudgetYearOneBase_val": "0.6",
        "Cost_TotalCost_BudgetYearOne_val": "0.6",
        "Cost_TotalCost_PriorYear_val": "",
        "Cost_TotalCost_BudgetYearOneOCO_val": "",
        "Cost_TotalCost_AllPriorYears_val": "",
        "@SOURCE_FILENAME": "2020-BASE_PROCUREMENT-2020-ARMY_OTHER_3-4-U_PROCUREMENT_JustificationBook_Army_PB_2020.zzz_unzipped-U_PROCUREMENT_JustificationBook_Army_PB_2020.xml",
        "@RECORDID": "614bbccf622ad4d1a6e058f8782e575d8ecd8319854edfbf4dae743f1d6121e0",
        "@ROWID": "0-b7482fa21d9d549e87ba4359a110711c344357fe6ff0c5d474ee3c86140c81c4",
        "@PARENTROWID": "2-30ec4cf98eb3e8aea6e13dc32bd2ad7257197c2b2f81440098e5c2bcfdbdd0be",
        "@PARENT": "root.record.ItemExhibitList.P5Item"
    },
    {
        "Name_val": "DFoS JSEW Transportation and Shipping",
        "Cost_PriorYear_TotalCost_val": "",
        "Cost_CurrentYear_TotalCost_val": "",
        "Cost_BudgetYearOneBase_TotalCost_val": "",
        "Cost_BudgetYearOne_TotalCost_val": "",
        "Cost_TotalCost_CurrentYear_val": "0",
        "Cost_TotalCost_BudgetYearOneBase_val": "0",
        "Cost_TotalCost_BudgetYearOne_val": "0",
        "Cost_TotalCost_PriorYear_val": "0.02",
        "Cost_TotalCost_BudgetYearOneOCO_val": "",
        "Cost_TotalCost_AllPriorYears_val": "0",
        "@SOURCE_FILENAME": "2020-BASE_PROCUREMENT-2020-DEFENSE_CBDP-U_PROCUREMENT_JustificationBook_Chemical_and_Biological_Defense_Program_PB_2020.zzz_unzipped-U_PROCUREMENT_JustificationBook_Chemical_and_Biological_Defense_Program_PB_2020.xml",
        "@RECORDID": "0ab97baf3d84379efa13e4450244c73eaad3cc18adf56139d9d0a4d90c700d57",
        "@ROWID": "0-20143eb68712879e13e97ce4b5963819302e3c91bb6b8fa1147acdfecd329c01",
        "@PARENTROWID": "8-7c866acc6a5006ce64557fe302b557123e028b35a825c2977d47ee8ba2255449",
        "@PARENT": "root.record.ItemExhibitList.P5Item"
    },
    {
        "Name_val": "DFoS JSEW Transportation and Shipping",
        "Cost_PriorYear_TotalCost_val": "",
        "Cost_CurrentYear_TotalCost_val": "",
        "Cost_BudgetYearOneBase_TotalCost_val": "",
        "Cost_BudgetYearOne_TotalCost_val": "",
        "Cost_TotalCost_CurrentYear_val": "0",
        "Cost_TotalCost_BudgetYearOneBase_val": "0",
        "Cost_TotalCost_BudgetYearOne_val": "0",
        "Cost_TotalCost_PriorYear_val": "0.02",
        "Cost_TotalCost_BudgetYearOneOCO_val": "",
        "Cost_TotalCost_AllPriorYears_val": "0",
        "@SOURCE_FILENAME": "2020-BASE_PROCUREMENT-2020-DEFENSE_VOL1_ALL-U_PROCUREMENT_MasterJustificationBook_Defense-Wide_PB_2020.zzz_unzipped-U_PROCUREMENT_MasterJustificationBook_Defense-Wide_PB_2020.xml",
        "@RECORDID": "70962c1c3fb23a0fab5c7caf9b9878c637dc2d299ace4ebe3aeb97171120ee6c",
        "@ROWID": "0-80357532e95de393acfe6d3df80758132153bbed690eda3fa27b6b4b99881f75",
        "@PARENTROWID": "8-c695ee8ff1e847577debcc5a2a48846c27af06cf89893c88b16e20def34dab21",
        "@PARENT": "root.record.ItemExhibitList.P5Item"
    },
    {
        "Name_val": "DFoS JSEW Transportation and Shipping",
        "Cost_PriorYear_TotalCost_val": "",
        "Cost_CurrentYear_TotalCost_val": "",
        "Cost_BudgetYearOneBase_TotalCost_val": "",
        "Cost_BudgetYearOne_TotalCost_val": "",
        "Cost_TotalCost_CurrentYear_val": "0",
        "Cost_TotalCost_BudgetYearOneBase_val": "0",
        "Cost_TotalCost_BudgetYearOne_val": "0",
        "Cost_TotalCost_PriorYear_val": "0.02",
        "Cost_TotalCost_BudgetYearOneOCO_val": "",
        "Cost_TotalCost_AllPriorYears_val": "0",
        "@SOURCE_FILENAME": "2020-BASE_PROCUREMENT-2020-DEFENSE_CBDP-U_PROCUREMENT_MasterJustificationBook_Chemical_and_Biological_Defense_Program_PB_2020.zzz_unzipped-U_PROCUREMENT_MasterJustificationBook_Chemical_and_Biological_Defense_Program_PB_2020.xml",
        "@RECORDID": "b3aa3b59f818c173b4e996bb29e0800d5a4ed26570bd4a5c590ed6277b838916",
        "@ROWID": "0-8971dc079bf975d525d68510d64df994855089e30ac56942e4d311de249e1d13",
        "@PARENTROWID": "8-331a374060ae391607dba18bc029dd493e7000a4dd60c4343d0d709475481da8",
        "@PARENT": "root.record.ItemExhibitList.P5Item"
    }
]