[
    {
        "FiscalYear_val": "2012",
        "PCOLocation_val": "77",
        "AwardDate_val": "2012-03",
        "FirstDeliveryDate_val": "2013-08",
        "Quantity_val": "19",
        "UnitCost_val": "2.651",
        "SpecsAvailableNow_val": "true",
        "RFPIssueDate_val": "2011-10",
        "ContractMethod_val": "SS",
        "ContractType_val": "FPIF",
        "@SOURCE_FILENAME": "2014-BASE_PROCUREMENT-2014-AIRFORCE_AIRCRAFT_VOL1-PROCUREMENT_JustificationBook_Air_Force_PB_2014.zzz_unzipped-PROCUREMENT_JustificationBook_Air_Force_PB_2014.xml",
        "@RECORDID": "9b61234d81d63166f24ad258b5e55dffeec409e2dd27bb2645028bc0cc61d668",
        "@ROWID": "0-f73e24746262f4cd41550ff34f5510d15aad484c535ca95fff3bd9c3d63f6187",
        "FundingVehicle_val": "",
        "ItemNameSuffix_val": "",
        "@PARENTROWID": "0-37747e5830f11f1658b7274b65dc2a77828eb435c51cde9fe63513f05ce163c6",
        "@PARENT": "root.record.ItemExhibitList.P10AdvanceProcurementList.P10AdvanceProcurement.APCostElementCategoryList.EOQ.APCostElement"
    },
    {
        "FiscalYear_val": "2013",
        "PCOLocation_val": "77",
        "AwardDate_val": "2013-03",
        "FirstDeliveryDate_val": "2014-05",
        "Quantity_val": "19",
        "UnitCost_val": "3.397",
        "SpecsAvailableNow_val": "true",
        "RFPIssueDate_val": "2012-06",
        "ContractMethod_val": "SS",
        "ContractType_val": "FPIF",
        "@SOURCE_FILENAME": "2014-BASE_PROCUREMENT-2014-AIRFORCE_AIRCRAFT_VOL1-PROCUREMENT_JustificationBook_Air_Force_PB_2014.zzz_unzipped-PROCUREMENT_JustificationBook_Air_Force_PB_2014.xml",
        "@RECORDID": "9b61234d81d63166f24ad258b5e55dffeec409e2dd27bb2645028bc0cc61d668",
        "@ROWID": "1-6cdc7f458ee4f4f43c640a0ee5cd77658629aa65c1336393bb03677da70b60e7",
        "FundingVehicle_val": "",
        "ItemNameSuffix_val": "",
        "@PARENTROWID": "0-37747e5830f11f1658b7274b65dc2a77828eb435c51cde9fe63513f05ce163c6",
        "@PARENT": "root.record.ItemExhibitList.P10AdvanceProcurementList.P10AdvanceProcurement.APCostElementCategoryList.EOQ.APCostElement"
    },
    {
        "FiscalYear_val": "2014",
        "PCOLocation_val": "77",
        "AwardDate_val": "2014-03",
        "FirstDeliveryDate_val": "2015-05",
        "Quantity_val": "30",
        "UnitCost_val": "2.668",
        "SpecsAvailableNow_val": "true",
        "RFPIssueDate_val": "2013-03",
        "ContractMethod_val": "SS",
        "ContractType_val": "FPIF",
        "@SOURCE_FILENAME": "2014-BASE_PROCUREMENT-2014-AIRFORCE_AIRCRAFT_VOL1-PROCUREMENT_JustificationBook_Air_Force_PB_2014.zzz_unzipped-PROCUREMENT_JustificationBook_Air_Force_PB_2014.xml",
        "@RECORDID": "9b61234d81d63166f24ad258b5e55dffeec409e2dd27bb2645028bc0cc61d668",
        "@ROWID": "2-0483e51d2e66ebeb8ec86149549ec1a3fc973a3974fd825df9a7b915a7cb3502",
        "FundingVehicle_val": "",
        "ItemNameSuffix_val": "",
        "@PARENTROWID": "0-37747e5830f11f1658b7274b65dc2a77828eb435c51cde9fe63513f05ce163c6",
        "@PARENT": "root.record.ItemExhibitList.P10AdvanceProcurementList.P10AdvanceProcurement.APCostElementCategoryList.EOQ.APCostElement"
    },
    {
        "FiscalYear_val": "2012",
        "PCOLocation_val": "77",
        "AwardDate_val": "2012-03",
        "FirstDeliveryDate_val": "2013-08",
        "Quantity_val": "19",
        "UnitCost_val": "2.651",
        "SpecsAvailableNow_val": "true",
        "RFPIssueDate_val": "2011-10",
        "ContractMethod_val": "SS",
        "ContractType_val": "FPIF",
        "@SOURCE_FILENAME": "2014-BASE_PROCUREMENT-2014-AIRFORCE_AIRCRAFT_VOL2-PROCUREMENT_MasterJustificationBook_Air_Force_PB_2014.zzz_unzipped-PROCUREMENT_MasterJustificationBook_Air_Force_PB_2014.xml",
        "@RECORDID": "49e6ebb877c28b1a5a5ad3ec630e9669d0f205b4790c66bd50e69d037f2b0687",
        "@ROWID": "0-1cdcf0673f791407622aa7f93840cb1c716b4bf86887a9b9602716ca83b271da",
        "FundingVehicle_val": "",
        "ItemNameSuffix_val": "",
        "@PARENTROWID": "0-3c5825eb27fe9ad025d5712c1de196be4f531c6fde88881724257d4c5392455b",
        "@PARENT": "root.record.ItemExhibitList.P10AdvanceProcurementList.P10AdvanceProcurement.APCostElementCategoryList.EOQ.APCostElement"
    },
    {
        "FiscalYear_val": "2013",
        "PCOLocation_val": "77",
        "AwardDate_val": "2013-03",
        "FirstDeliveryDate_val": "2014-05",
        "Quantity_val": "19",
        "UnitCost_val": "3.397",
        "SpecsAvailableNow_val": "true",
        "RFPIssueDate_val": "2012-06",
        "ContractMethod_val": "SS",
        "ContractType_val": "FPIF",
        "@SOURCE_FILENAME": "2014-BASE_PROCUREMENT-2014-AIRFORCE_AIRCRAFT_VOL2-PROCUREMENT_MasterJustificationBook_Air_Force_PB_2014.zzz_unzipped-PROCUREMENT_MasterJustificationBook_Air_Force_PB_2014.xml",
        "@RECORDID": "49e6ebb877c28b1a5a5ad3ec630e9669d0f205b4790c66bd50e69d037f2b0687",
        "@ROWID": "1-4c4fc75e9b81f18d8a086c70f1856ad6e74416fedaecf878d3077d72a05b1c5b",
        "FundingVehicle_val": "",
        "ItemNameSuffix_val": "",
        "@PARENTROWID": "0-3c5825eb27fe9ad025d5712c1de196be4f531c6fde88881724257d4c5392455b",
        "@PARENT": "root.record.ItemExhibitList.P10AdvanceProcurementList.P10AdvanceProcurement.APCostElementCategoryList.EOQ.APCostElement"
    },
    {
        "FiscalYear_val": "2014",
        "PCOLocation_val": "77",
        "AwardDate_val": "2014-03",
        "FirstDeliveryDate_val": "2015-05",
        "Quantity_val": "30",
        "UnitCost_val": "2.668",
        "SpecsAvailableNow_val": "true",
        "RFPIssueDate_val": "2013-03",
        "ContractMethod_val": "SS",
        "ContractType_val": "FPIF",
        "@SOURCE_FILENAME": "2014-BASE_PROCUREMENT-2014-AIRFORCE_AIRCRAFT_VOL2-PROCUREMENT_MasterJustificationBook_Air_Force_PB_2014.zzz_unzipped-PROCUREMENT_MasterJustificationBook_Air_Force_PB_2014.xml",
        "@RECORDID": "49e6ebb877c28b1a5a5ad3ec630e9669d0f205b4790c66bd50e69d037f2b0687",
        "@ROWID": "2-46c0ecbf34eefd8950fd58b83e25b6e640951961b50176b0bc30a4c8306732cf",
        "FundingVehicle_val": "",
        "ItemNameSuffix_val": "",
        "@PARENTROWID": "0-3c5825eb27fe9ad025d5712c1de196be4f531c6fde88881724257d4c5392455b",
        "@PARENT": "root.record.ItemExhibitList.P10AdvanceProcurementList.P10AdvanceProcurement.APCostElementCategoryList.EOQ.APCostElement"
    },
    {
        "FiscalYear_val": "2012",
        "PCOLocation_val": "77",
        "AwardDate_val": "2012-03",
        "FirstDeliveryDate_val": "2013-08",
        "Quantity_val": "19",
        "UnitCost_val": "2.651",
        "SpecsAvailableNow_val": "true",
        "RFPIssueDate_val": "2011-10",
        "ContractMethod_val": "SS",
        "ContractType_val": "FPIF",
        "@SOURCE_FILENAME": "2014-BASE_PROCUREMENT-2014-AIRFORCE_AIRCRAFT_VOL1-PROCUREMENT_MasterJustificationBook_Air_Force_PB_2014.zzz_unzipped-PROCUREMENT_MasterJustificationBook_Air_Force_PB_2014.xml",
        "@RECORDID": "6ab9e29ac3b8aded689164aba8dab423bb75c52b5172bcd81d5d2ac7eeafb8ff",
        "@ROWID": "0-bb98da1113607d479961bff057fad052652445bf3f4bf3e9f69ec19d73e45348",
        "FundingVehicle_val": "",
        "ItemNameSuffix_val": "",
        "@PARENTROWID": "0-2e269867b98555757f7b74124e3d5a3524ddb985dd4590bd20817a05dbd161b2",
        "@PARENT": "root.record.ItemExhibitList.P10AdvanceProcurementList.P10AdvanceProcurement.APCostElementCategoryList.EOQ.APCostElement"
    },
    {
        "FiscalYear_val": "2013",
        "PCOLocation_val": "77",
        "AwardDate_val": "2013-03",
        "FirstDeliveryDate_val": "2014-05",
        "Quantity_val": "19",
        "UnitCost_val": "3.397",
        "SpecsAvailableNow_val": "true",
        "RFPIssueDate_val": "2012-06",
        "ContractMethod_val": "SS",
        "ContractType_val": "FPIF",
        "@SOURCE_FILENAME": "2014-BASE_PROCUREMENT-2014-AIRFORCE_AIRCRAFT_VOL1-PROCUREMENT_MasterJustificationBook_Air_Force_PB_2014.zzz_unzipped-PROCUREMENT_MasterJustificationBook_Air_Force_PB_2014.xml",
        "@RECORDID": "6ab9e29ac3b8aded689164aba8dab423bb75c52b5172bcd81d5d2ac7eeafb8ff",
        "@ROWID": "1-472a2f030b5df7c686ef1a26f23c27eca290148d39e2a1432e7653875a22b9b7",
        "FundingVehicle_val": "",
        "ItemNameSuffix_val": "",
        "@PARENTROWID": "0-2e269867b98555757f7b74124e3d5a3524ddb985dd4590bd20817a05dbd161b2",
        "@PARENT": "root.record.ItemExhibitList.P10AdvanceProcurementList.P10AdvanceProcurement.APCostElementCategoryList.EOQ.APCostElement"
    },
    {
        "FiscalYear_val": "2014",
        "PCOLocation_val": "77",
        "AwardDate_val": "2014-03",
        "FirstDeliveryDate_val": "2015-05",
        "Quantity_val": "30",
        "UnitCost_val": "2.668",
        "SpecsAvailableNow_val": "true",
        "RFPIssueDate_val": "2013-03",
        "ContractMethod_val": "SS",
        "ContractType_val": "FPIF",
        "@SOURCE_FILENAME": "2014-BASE_PROCUREMENT-2014-AIRFORCE_AIRCRAFT_VOL1-PROCUREMENT_MasterJustificationBook_Air_Force_PB_2014.zzz_unzipped-PROCUREMENT_MasterJustificationBook_Air_Force_PB_2014.xml",
        "@RECORDID": "6ab9e29ac3b8aded689164aba8dab423bb75c52b5172bcd81d5d2ac7eeafb8ff",
        "@ROWID": "2-6588a680f065dcdd6326c7a785ccb27e23ee4895205755a3023c0e939db4f81f",
        "FundingVehicle_val": "",
        "ItemNameSuffix_val": "",
        "@PARENTROWID": "0-2e269867b98555757f7b74124e3d5a3524ddb985dd4590bd20817a05dbd161b2",
        "@PARENT": "root.record.ItemExhibitList.P10AdvanceProcurementList.P10AdvanceProcurement.APCostElementCategoryList.EOQ.APCostElement"
    },
    {
        "FiscalYear_val": "2013",
        "PCOLocation_val": "See End Item P5A",
        "AwardDate_val": "0001-01",
        "FirstDeliveryDate_val": "0001-01",
        "Quantity_val": "0",
        "UnitCost_val": "0",
        "SpecsAvailableNow_val": "",
        "RFPIssueDate_val": "0001-01",
        "ContractMethod_val": "",
        "ContractType_val": "",
        "@SOURCE_FILENAME": "2014-BASE_PROCUREMENT-2014-NAVY_AIRCRAFT_BA1-4-PROCUREMENT_JustificationBook_Navy_PB_2014.zzz_unzipped-PROCUREMENT_JustificationBook_Navy_PB_2014.xml",
        "@RECORDID": "59eb071a2b8c27825df619eb2437ee7c5c84f3ba541674a32571545b2cf94550",
        "@ROWID": "0-decf3365bd0f229906cb29771e955993a8de6ea5f9e4530cb632bf11beafd495",
        "FundingVehicle_val": "TBD",
        "ItemNameSuffix_val": "I think i",
        "@PARENTROWID": "0-0a86627229c91dcf64d79e73e7d47ed2d08725f5b043daf186caabff1552af86",
        "@PARENT": "root.record.ItemExhibitList.P10AdvanceProcurementList.P10AdvanceProcurement.APCostElementCategoryList.EOQ.APCostElement"
    },
    {
        "FiscalYear_val": "2013",
        "PCOLocation_val": "See End Item P5A",
        "AwardDate_val": "0001-01",
        "FirstDeliveryDate_val": "0001-01",
        "Quantity_val": "0",
        "UnitCost_val": "0",
        "SpecsAvailableNow_val": "",
        "RFPIssueDate_val": "0001-01",
        "ContractMethod_val": "",
        "ContractType_val": "",
        "@SOURCE_FILENAME": "2014-BASE_PROCUREMENT-2014-NAVY_AIRCRAFT_BA1-4-PROCUREMENT_JustificationBook_Navy_PB_2014.zzz_unzipped-PROCUREMENT_JustificationBook_Navy_PB_2014.xml",
        "@RECORDID": "59eb071a2b8c27825df619eb2437ee7c5c84f3ba541674a32571545b2cf94550",
        "@ROWID": "0-65e026724fed5e2bde7a8a6feb61dec2dd93335e431f2d02d2715fb5aee4e448",
        "FundingVehicle_val": "TBD",
        "ItemNameSuffix_val": "I think i",
        "@PARENTROWID": "1-beb2acfadf4b08603d3c92902855773d4015337bb840a753e944e512cdd2f59b",
        "@PARENT": "root.record.ItemExhibitList.P10AdvanceProcurementList.P10AdvanceProcurement.APCostElementCategoryList.EOQ.APCostElement"
    },
    {
        "FiscalYear_val": "2013",
        "PCOLocation_val": "See End Item P5A",
        "AwardDate_val": "0001-01",
        "FirstDeliveryDate_val": "0001-01",
        "Quantity_val": "0",
        "UnitCost_val": "0",
        "SpecsAvailableNow_val": "",
        "RFPIssueDate_val": "0001-01",
        "ContractMethod_val": "",
        "ContractType_val": "",
        "@SOURCE_FILENAME": "2014-BASE_PROCUREMENT-2014-NAVY_AIRCRAFT_BA1-4-PROCUREMENT_JustificationBook_Navy_PB_2014.zzz_unzipped-PROCUREMENT_JustificationBook_Navy_PB_2014.xml",
        "@RECORDID": "59eb071a2b8c27825df619eb2437ee7c5c84f3ba541674a32571545b2cf94550",
        "@ROWID": "0-ae26222995802052cc1c6e3f62f5c1bb259b2ac754eca5ff1d5f2f18a7879590",
        "FundingVehicle_val": "TBD",
        "ItemNameSuffix_val": "I think i",
        "@PARENTROWID": "2-7340e4328231cfe733999644d66a02fbc961269db1058a7c87a519f8bddf4430",
        "@PARENT": "root.record.ItemExhibitList.P10AdvanceProcurementList.P10AdvanceProcurement.APCostElementCategoryList.EOQ.APCostElement"
    },
    {
        "FiscalYear_val": "2013",
        "PCOLocation_val": "See End Item P5A",
        "AwardDate_val": "0001-01",
        "FirstDeliveryDate_val": "0001-01",
        "Quantity_val": "0",
        "UnitCost_val": "0",
        "SpecsAvailableNow_val": "",
        "RFPIssueDate_val": "0001-01",
        "ContractMethod_val": "",
        "ContractType_val": "",
        "@SOURCE_FILENAME": "2014-BASE_PROCUREMENT-2014-NAVY_AIRCRAFT_BA1-4-PROCUREMENT_JustificationBook_Navy_PB_2014.zzz_unzipped-PROCUREMENT_JustificationBook_Navy_PB_2014.xml",
        "@RECORDID": "59eb071a2b8c27825df619eb2437ee7c5c84f3ba541674a32571545b2cf94550",
        "@ROWID": "0-8f0893eaf252e478142149f910a99b84b4212b80a0d3f6b8399ebb1a2ae36983",
        "FundingVehicle_val": "TBD",
        "ItemNameSuffix_val": "I think i",
        "@PARENTROWID": "3-dfe0ae29ab4a54c97e0ba799d9902b5fb3a784a8906f992fef4fdd0a695b9da5",
        "@PARENT": "root.record.ItemExhibitList.P10AdvanceProcurementList.P10AdvanceProcurement.APCostElementCategoryList.EOQ.APCostElement"
    },
    {
        "FiscalYear_val": "2013",
        "PCOLocation_val": "See End Item P5A",
        "AwardDate_val": "0001-01",
        "FirstDeliveryDate_val": "0001-01",
        "Quantity_val": "0",
        "UnitCost_val": "0",
        "SpecsAvailableNow_val": "",
        "RFPIssueDate_val": "0001-01",
        "ContractMethod_val": "",
        "ContractType_val": "",
        "@SOURCE_FILENAME": "2014-BASE_PROCUREMENT-2014-NAVY_AIRCRAFT_BA1-4-PROCUREMENT_JustificationBook_Navy_PB_2014.zzz_unzipped-PROCUREMENT_JustificationBook_Navy_PB_2014.xml",
        "@RECORDID": "59eb071a2b8c27825df619eb2437ee7c5c84f3ba541674a32571545b2cf94550",
        "@ROWID": "0-2e04c42709e14a4cf35442f30bf949dac2ae04cfbf1cd1e070537f07e4b99873",
        "FundingVehicle_val": "TBD",
        "ItemNameSuffix_val": "I think i",
        "@PARENTROWID": "4-f2f988e05039c7b62a208e0c70904f023e5e78268ffca7640ac1aa8deb3a78da",
        "@PARENT": "root.record.ItemExhibitList.P10AdvanceProcurementList.P10AdvanceProcurement.APCostElementCategoryList.EOQ.APCostElement"
    },
    {
        "FiscalYear_val": "2013",
        "PCOLocation_val": "See End Item P5A",
        "AwardDate_val": "2013-12",
        "FirstDeliveryDate_val": "2013-12",
        "Quantity_val": "0",
        "UnitCost_val": "0",
        "SpecsAvailableNow_val": "",
        "RFPIssueDate_val": "2013-12",
        "ContractMethod_val": "",
        "ContractType_val": "",
        "@SOURCE_FILENAME": "2014-BASE_PROCUREMENT-2014-NAVY_AIRCRAFT_BA1-4-PROCUREMENT_JustificationBook_Navy_PB_2014.zzz_unzipped-PROCUREMENT_JustificationBook_Navy_PB_2014.xml",
        "@RECORDID": "fca80c4a5bf23e192e9420dded4f49a1b46495e610d6495e88d6fe525d380853",
        "@ROWID": "0-65055bad08ae945cc964c594cb4ba133b4181588d34c85ec6ced08fe366d37ee",
        "FundingVehicle_val": "TBD",
        "ItemNameSuffix_val": "I think i",
        "@PARENTROWID": "0-6a950d4edec356fcebba48ba1619e1cc3b3ba95d38300caa0e9799c1ed4f632f",
        "@PARENT": "root.record.ItemExhibitList.P10AdvanceProcurementList.P10AdvanceProcurement.APCostElementCategoryList.EOQ.APCostElement"
    },
    {
        "FiscalYear_val": "2013",
        "PCOLocation_val": "See End Item P5A",
        "AwardDate_val": "2013-12",
        "FirstDeliveryDate_val": "2013-12",
        "Quantity_val": "0",
        "UnitCost_val": "0",
        "SpecsAvailableNow_val": "",
        "RFPIssueDate_val": "2013-12",
        "ContractMethod_val": "",
        "ContractType_val": "",
        "@SOURCE_FILENAME": "2014-BASE_PROCUREMENT-2014-NAVY_AIRCRAFT_BA1-4-PROCUREMENT_JustificationBook_Navy_PB_2014.zzz_unzipped-PROCUREMENT_JustificationBook_Navy_PB_2014.xml",
        "@RECORDID": "fca80c4a5bf23e192e9420dded4f49a1b46495e610d6495e88d6fe525d380853",
        "@ROWID": "0-dbd95819cf049deacabea0a9bf540703ef119d6c1727196a3d3c69f10d1af606",
        "FundingVehicle_val": "TBD",
        "ItemNameSuffix_val": "I think i",
        "@PARENTROWID": "1-3302e64f0535c93a71fb385973e2373204e4ccb64a8889dc239768aa60f5728b",
        "@PARENT": "root.record.ItemExhibitList.P10AdvanceProcurementList.P10AdvanceProcurement.APCostElementCategoryList.EOQ.APCostElement"
    },
    {
        "FiscalYear_val": "2013",
        "PCOLocation_val": "See End Item P5A",
        "AwardDate_val": "2013-12",
        "FirstDeliveryDate_val": "2013-12",
        "Quantity_val": "0",
        "UnitCost_val": "0",
        "SpecsAvailableNow_val": "",
        "RFPIssueDate_val": "2013-12",
        "ContractMethod_val": "",
        "ContractType_val": "",
        "@SOURCE_FILENAME": "2014-BASE_PROCUREMENT-2014-NAVY_AIRCRAFT_BA1-4-PROCUREMENT_JustificationBook_Navy_PB_2014.zzz_unzipped-PROCUREMENT_JustificationBook_Navy_PB_2014.xml",
        "@RECORDID": "fca80c4a5bf23e192e9420dded4f49a1b46495e610d6495e88d6fe525d380853",
        "@ROWID": "0-88c6c4a790ad17537fb97e36ed9acd574163345809fb64bf39ec4170cf0f8f44",
        "FundingVehicle_val": "TBD",
        "ItemNameSuffix_val": "I think i",
        "@PARENTROWID": "2-06f09801d89cb5b763d96aa70092a73479108014a3b5fb68519b300e108a5319",
        "@PARENT": "root.record.ItemExhibitList.P10AdvanceProcurementList.P10AdvanceProcurement.APCostElementCategoryList.EOQ.APCostElement"
    },
    {
        "FiscalYear_val": "2013",
        "PCOLocation_val": "See End Item P5A",
        "AwardDate_val": "2013-12",
        "FirstDeliveryDate_val": "2013-12",
        "Quantity_val": "0",
        "UnitCost_val": "0",
        "SpecsAvailableNow_val": "",
        "RFPIssueDate_val": "2013-12",
        "ContractMethod_val": "",
        "ContractType_val": "",
        "@SOURCE_FILENAME": "2014-BASE_PROCUREMENT-2014-NAVY_AIRCRAFT_BA1-4-PROCUREMENT_JustificationBook_Navy_PB_2014.zzz_unzipped-PROCUREMENT_JustificationBook_Navy_PB_2014.xml",
        "@RECORDID": "fca80c4a5bf23e192e9420dded4f49a1b46495e610d6495e88d6fe525d380853",
        "@ROWID": "0-f9f722ecfce93f9815c5fa2ed3e848094bb81177e2c6401ac20938e375212231",
        "FundingVehicle_val": "TBD",
        "ItemNameSuffix_val": "I think i",
        "@PARENTROWID": "3-7b50da5f7a910a4e9205599e5d3b887f6feacfa0dfb078100dac1994aebef78d",
        "@PARENT": "root.record.ItemExhibitList.P10AdvanceProcurementList.P10AdvanceProcurement.APCostElementCategoryList.EOQ.APCostElement"
    },
    {
        "FiscalYear_val": "2013",
        "PCOLocation_val": "See End Item P5A",
        "AwardDate_val": "2013-12",
        "FirstDeliveryDate_val": "2013-12",
        "Quantity_val": "0",
        "UnitCost_val": "0",
        "SpecsAvailableNow_val": "",
        "RFPIssueDate_val": "2013-12",
        "ContractMethod_val": "",
        "ContractType_val": "",
        "@SOURCE_FILENAME": "2014-BASE_PROCUREMENT-2014-NAVY_AIRCRAFT_BA1-4-PROCUREMENT_JustificationBook_Navy_PB_2014.zzz_unzipped-PROCUREMENT_JustificationBook_Navy_PB_2014.xml",
        "@RECORDID": "fca80c4a5bf23e192e9420dded4f49a1b46495e610d6495e88d6fe525d380853",
        "@ROWID": "0-26131f01b910e0c497a06358c7795e14d3f5fb74d0d57590534c2b0fe98eef1e",
        "FundingVehicle_val": "TBD",
        "ItemNameSuffix_val": "I think i",
        "@PARENTROWID": "4-95674c107fb33abd6b579d3c089f704820089082d978908b193c207c42bf13bf",
        "@PARENT": "root.record.ItemExhibitList.P10AdvanceProcurementList.P10AdvanceProcurement.APCostElementCategoryList.EOQ.APCostElement"
    },
    {
        "FiscalYear_val": "2013",
        "PCOLocation_val": "See End Item P5A",
        "AwardDate_val": "2013-12",
        "FirstDeliveryDate_val": "2013-12",
        "Quantity_val": "0",
        "UnitCost_val": "0",
        "SpecsAvailableNow_val": "",
        "RFPIssueDate_val": "2013-12",
        "ContractMethod_val": "",
        "ContractType_val": "",
        "@SOURCE_FILENAME": "2014-BASE_PROCUREMENT-2014-NAVY_AIRCRAFT_BA1-4-PROCUREMENT_JustificationBook_Navy_PB_2014.zzz_unzipped-PROCUREMENT_JustificationBook_Navy_PB_2014.xml",
        "@RECORDID": "fca80c4a5bf23e192e9420dded4f49a1b46495e610d6495e88d6fe525d380853",
        "@ROWID": "0-cfbf44d77fb9d6d5bcb8fa21918574687d61760e9368a3bcd0e993244a594b18",
        "FundingVehicle_val": "TBD",
        "ItemNameSuffix_val": "I think i",
        "@PARENTROWID": "5-8a1509ced80671e391bdee592d5f4c98052741b66f1cb16b60740999f12e56fa",
        "@PARENT": "root.record.ItemExhibitList.P10AdvanceProcurementList.P10AdvanceProcurement.APCostElementCategoryList.EOQ.APCostElement"
    },
    {
        "FiscalYear_val": "2013",
        "PCOLocation_val": "See End Item P5A",
        "AwardDate_val": "2013-12",
        "FirstDeliveryDate_val": "2013-12",
        "Quantity_val": "0",
        "UnitCost_val": "0",
        "SpecsAvailableNow_val": "",
        "RFPIssueDate_val": "2013-12",
        "ContractMethod_val": "",
        "ContractType_val": "",
        "@SOURCE_FILENAME": "2014-BASE_PROCUREMENT-2014-NAVY_AIRCRAFT_BA1-4-PROCUREMENT_JustificationBook_Navy_PB_2014.zzz_unzipped-PROCUREMENT_JustificationBook_Navy_PB_2014.xml",
        "@RECORDID": "fca80c4a5bf23e192e9420dded4f49a1b46495e610d6495e88d6fe525d380853",
        "@ROWID": "0-c1fb485a66eb4d4c8f15009f3841986a140735e7ed0baf08b54cdfd2f5b85e36",
        "FundingVehicle_val": "TBD",
        "ItemNameSuffix_val": "I think i",
        "@PARENTROWID": "6-264abaa71b686c9052b5fd572867f227cc4d681c6659b0e41267830c5f6f768a",
        "@PARENT": "root.record.ItemExhibitList.P10AdvanceProcurementList.P10AdvanceProcurement.APCostElementCategoryList.EOQ.APCostElement"
    },
    {
        "FiscalYear_val": "2013",
        "PCOLocation_val": "See End Item P5A",
        "AwardDate_val": "2013-12",
        "FirstDeliveryDate_val": "2013-12",
        "Quantity_val": "0",
        "UnitCost_val": "0",
        "SpecsAvailableNow_val": "",
        "RFPIssueDate_val": "2013-12",
        "ContractMethod_val": "",
        "ContractType_val": "",
        "@SOURCE_FILENAME": "2014-BASE_PROCUREMENT-2014-NAVY_AIRCRAFT_BA1-4-PROCUREMENT_JustificationBook_Navy_PB_2014.zzz_unzipped-PROCUREMENT_JustificationBook_Navy_PB_2014.xml",
        "@RECORDID": "fca80c4a5bf23e192e9420dded4f49a1b46495e610d6495e88d6fe525d380853",
        "@ROWID": "0-aa70a0fac1eeca5062e7c752274839e100a51b0ac77f0ad9e1d514d6d7c43004",
        "FundingVehicle_val": "TBD",
        "ItemNameSuffix_val": "I think i",
        "@PARENTROWID": "7-99a8e9242d1beba150d06818aa98886207098064083b20c5228ad2eb3624dd94",
        "@PARENT": "root.record.ItemExhibitList.P10AdvanceProcurementList.P10AdvanceProcurement.APCostElementCategoryList.EOQ.APCostElement"
    },
    {
        "FiscalYear_val": "2013",
        "PCOLocation_val": "See End Item P5A",
        "AwardDate_val": "0001-01",
        "FirstDeliveryDate_val": "0001-01",
        "Quantity_val": "0",
        "UnitCost_val": "0",
        "SpecsAvailableNow_val": "",
        "RFPIssueDate_val": "0001-01",
        "ContractMethod_val": "",
        "ContractType_val": "",
        "@SOURCE_FILENAME": "2014-BASE_PROCUREMENT-2014-NAVY_AIRCRAFT_BA1-4-PROCUREMENT_JustificationBook_Navy_PB_2014.zzz_unzipped-PROCUREMENT_JustificationBook_Navy_PB_2014.xml",
        "@RECORDID": "9153159fe86babf2338e4b160b0225ad806515ca1ccc0dbf362bf9b5e04bfffb",
        "@ROWID": "0-7f0d19dfe6751e965545254b0eecd045d51f32f6cff4a8a1bd8e4999b37b909c",
        "FundingVehicle_val": "TBD",
        "ItemNameSuffix_val": "I think i",
        "@PARENTROWID": "0-e4da07baccc2d0e22f4ecf6b2e89f4c7afe28d1025ceada2e1da63ca0f91f704",
        "@PARENT": "root.record.ItemExhibitList.P10AdvanceProcurementList.P10AdvanceProcurement.APCostElementCategoryList.EOQ.APCostElement"
    },
    {
        "FiscalYear_val": "2013",
        "PCOLocation_val": "See End Item P5A",
        "AwardDate_val": "0001-01",
        "FirstDeliveryDate_val": "0001-01",
        "Quantity_val": "0",
        "UnitCost_val": "0",
        "SpecsAvailableNow_val": "",
        "RFPIssueDate_val": "0001-01",
        "ContractMethod_val": "",
        "ContractType_val": "",
        "@SOURCE_FILENAME": "2014-BASE_PROCUREMENT-2014-NAVY_AIRCRAFT_BA1-4-PROCUREMENT_JustificationBook_Navy_PB_2014.zzz_unzipped-PROCUREMENT_JustificationBook_Navy_PB_2014.xml",
        "@RECORDID": "9153159fe86babf2338e4b160b0225ad806515ca1ccc0dbf362bf9b5e04bfffb",
        "@ROWID": "0-e5b67ba19f7833df9132f8372883571bed353b50da12cdc086a6ad7a315a8ec0",
        "FundingVehicle_val": "TBD",
        "ItemNameSuffix_val": "I think i",
        "@PARENTROWID": "1-56d29d780c2352be2a04a9101c7cf6bc26a122c0b13e0944412a8fd92e7ec4d7",
        "@PARENT": "root.record.ItemExhibitList.P10AdvanceProcurementList.P10AdvanceProcurement.APCostElementCategoryList.EOQ.APCostElement"
    },
    {
        "FiscalYear_val": "2013",
        "PCOLocation_val": "See End Item P5A",
        "AwardDate_val": "0001-01",
        "FirstDeliveryDate_val": "0001-01",
        "Quantity_val": "0",
        "UnitCost_val": "0",
        "SpecsAvailableNow_val": "",
        "RFPIssueDate_val": "0001-01",
        "ContractMethod_val": "",
        "ContractType_val": "",
        "@SOURCE_FILENAME": "2014-BASE_PROCUREMENT-2014-NAVY_AIRCRAFT_BA1-4-PROCUREMENT_JustificationBook_Navy_PB_2014.zzz_unzipped-PROCUREMENT_JustificationBook_Navy_PB_2014.xml",
        "@RECORDID": "9153159fe86babf2338e4b160b0225ad806515ca1ccc0dbf362bf9b5e04bfffb",
        "@ROWID": "0-3048aaada6f17541bdb404029f411f459747b66d5962272f99c7eae42c55ee24",
        "FundingVehicle_val": "TBD",
        "ItemNameSuffix_val": "I think i",
        "@PARENTROWID": "2-5926f26f7bf222f1180af513cc474fb382266c37e62e3d039320e5632c822b57",
        "@PARENT": "root.record.ItemExhibitList.P10AdvanceProcurementList.P10AdvanceProcurement.APCostElementCategoryList.EOQ.APCostElement"
    },
    {
        "FiscalYear_val": "2013",
        "PCOLocation_val": "See End Item P5A",
        "AwardDate_val": "0001-01",
        "FirstDeliveryDate_val": "0001-01",
        "Quantity_val": "0",
        "UnitCost_val": "0",
        "SpecsAvailableNow_val": "",
        "RFPIssueDate_val": "0001-01",
        "ContractMethod_val": "",
        "ContractType_val": "",
        "@SOURCE_FILENAME": "2014-BASE_PROCUREMENT-2014-NAVY_AIRCRAFT_BA1-4-PROCUREMENT_JustificationBook_Navy_PB_2014.zzz_unzipped-PROCUREMENT_JustificationBook_Navy_PB_2014.xml",
        "@RECORDID": "9153159fe86babf2338e4b160b0225ad806515ca1ccc0dbf362bf9b5e04bfffb",
        "@ROWID": "0-c82fba6bad04a5c0788ecf80e62396d93fa1330acb13d7f780e37a0f92b50892",
        "FundingVehicle_val": "TBD",
        "ItemNameSuffix_val": "I think i",
        "@PARENTROWID": "3-937e2920cbf3b43a38da854ccfbb09e7d2fd07066f0585ba48e8461cde03c3b0",
        "@PARENT": "root.record.ItemExhibitList.P10AdvanceProcurementList.P10AdvanceProcurement.APCostElementCategoryList.EOQ.APCostElement"
    },
    {
        "FiscalYear_val": "2013",
        "PCOLocation_val": "See End Item P5A",
        "AwardDate_val": "0001-01",
        "FirstDeliveryDate_val": "0001-01",
        "Quantity_val": "0",
        "UnitCost_val": "0",
        "SpecsAvailableNow_val": "",
        "RFPIssueDate_val": "0001-01",
        "ContractMethod_val": "",
        "ContractType_val": "",
        "@SOURCE_FILENAME": "2014-BASE_PROCUREMENT-2014-NAVY_AIRCRAFT_BA1-4-PROCUREMENT_JustificationBook_Navy_PB_2014.zzz_unzipped-PROCUREMENT_JustificationBook_Navy_PB_2014.xml",
        "@RECORDID": "9153159fe86babf2338e4b160b0225ad806515ca1ccc0dbf362bf9b5e04bfffb",
        "@ROWID": "0-7c5ad8554d7d21854ae5c7383f9c663af2b588f9b9f6de3b1122e6924a05f514",
        "FundingVehicle_val": "TBD",
        "ItemNameSuffix_val": "I think i",
        "@PARENTROWID": "4-008f9dbc7529bc8c53de156efecf2e27494445db43440c2d2b07fa10c7883489",
        "@PARENT": "root.record.ItemExhibitList.P10AdvanceProcurementList.P10AdvanceProcurement.APCostElementCategoryList.EOQ.APCostElement"
    },
    {
        "FiscalYear_val": "2013",
        "PCOLocation_val": "See End Item P5A",
        "AwardDate_val": "0001-01",
        "FirstDeliveryDate_val": "0001-01",
        "Quantity_val": "0",
        "UnitCost_val": "0",
        "SpecsAvailableNow_val": "",
        "RFPIssueDate_val": "0001-01",
        "ContractMethod_val": "",
        "ContractType_val": "",
        "@SOURCE_FILENAME": "2014-BASE_PROCUREMENT-2014-NAVY_AIRCRAFT_BA1-4-PROCUREMENT_JustificationBook_Navy_PB_2014.zzz_unzipped-PROCUREMENT_JustificationBook_Navy_PB_2014.xml",
        "@RECORDID": "2ca0b177ff5773179adc68e99a8aa14d5082a81544df1d5d478b6a1901815e1a",
        "@ROWID": "0-430fa5f2a22a6f7054288a9bc6368dd37ff2dd9f59d3b805ca5678fda4d2f322",
        "FundingVehicle_val": "TBD",
        "ItemNameSuffix_val": "I think i",
        "@PARENTROWID": "0-c8c153c6c685f89ac6bc9a674babc59178f2607d09802f4e88c0391d6dd802a5",
        "@PARENT": "root.record.ItemExhibitList.P10AdvanceProcurementList.P10AdvanceProcurement.APCostElementCategoryList.EOQ.APCostElement"
    },
    {
        "FiscalYear_val": "2013",
        "PCOLocation_val": "See End Item P5A",
        "AwardDate_val": "0001-01",
        "FirstDeliveryDate_val": "0001-01",
        "Quantity_val": "0",
        "UnitCost_val": "0",
        "SpecsAvailableNow_val": "",
        "RFPIssueDate_val": "0001-01",
        "ContractMethod_val": "",
        "ContractType_val": "",
        "@SOURCE_FILENAME": "2014-BASE_PROCUREMENT-2014-NAVY_AIRCRAFT_BA1-4-PROCUREMENT_JustificationBook_Navy_PB_2014.zzz_unzipped-PROCUREMENT_JustificationBook_Navy_PB_2014.xml",
        "@RECORDID": "64929e2f3b423b633d4163e755851b1fd905e7aae3c16591258a0272ed89fca7",
        "@ROWID": "0-ef3f9d7890a9e0eb7c0e4fb70d1e41d3cda386cabf07b709553a8a0d7ff7db47",
        "FundingVehicle_val": "TBD",
        "ItemNameSuffix_val": "I think i",
        "@PARENTROWID": "0-d3b826c955eb44f3257064e014eb5d916bf747f6472fdc92ff3103c6886e0e42",
        "@PARENT": "root.record.ItemExhibitList.P10AdvanceProcurementList.P10AdvanceProcurement.APCostElementCategoryList.EOQ.APCostElement"
    },
    {
        "FiscalYear_val": "2013",
        "PCOLocation_val": "See End Item P5A",
        "AwardDate_val": "0001-01",
        "FirstDeliveryDate_val": "0001-01",
        "Quantity_val": "0",
        "UnitCost_val": "0",
        "SpecsAvailableNow_val": "",
        "RFPIssueDate_val": "0001-01",
        "ContractMethod_val": "",
        "ContractType_val": "",
        "@SOURCE_FILENAME": "2014-BASE_PROCUREMENT-2014-NAVY_AIRCRAFT_BA1-4-PROCUREMENT_JustificationBook_Navy_PB_2014.zzz_unzipped-PROCUREMENT_JustificationBook_Navy_PB_2014.xml",
        "@RECORDID": "64929e2f3b423b633d4163e755851b1fd905e7aae3c16591258a0272ed89fca7",
        "@ROWID": "0-4ffd3cc2a39f904c377a6fe16fbe699aaea4b9e7e5173cab6f9a23eac36cedb1",
        "FundingVehicle_val": "TBD",
        "ItemNameSuffix_val": "I think i",
        "@PARENTROWID": "1-a8e6027d406fe3a19bff3652c82d48f965bd0d55e5558716f67dd65d2a9004a1",
        "@PARENT": "root.record.ItemExhibitList.P10AdvanceProcurementList.P10AdvanceProcurement.APCostElementCategoryList.EOQ.APCostElement"
    },
    {
        "FiscalYear_val": "2013",
        "PCOLocation_val": "See End Item P5A",
        "AwardDate_val": "0001-01",
        "FirstDeliveryDate_val": "0001-01",
        "Quantity_val": "0",
        "UnitCost_val": "0",
        "SpecsAvailableNow_val": "",
        "RFPIssueDate_val": "0001-01",
        "ContractMethod_val": "",
        "ContractType_val": "",
        "@SOURCE_FILENAME": "2014-BASE_PROCUREMENT-2014-NAVY_AIRCRAFT_BA1-4-PROCUREMENT_JustificationBook_Navy_PB_2014.zzz_unzipped-PROCUREMENT_JustificationBook_Navy_PB_2014.xml",
        "@RECORDID": "64929e2f3b423b633d4163e755851b1fd905e7aae3c16591258a0272ed89fca7",
        "@ROWID": "0-83542d76b123446513e2a91ec669c87d4b3a806016508859a88a604ca141bf59",
        "FundingVehicle_val": "TBD",
        "ItemNameSuffix_val": "I think i",
        "@PARENTROWID": "2-0b3eb815b9985d68ca53fc11b18bee8a1f57342bf1891d2af9ea51f909f2428d",
        "@PARENT": "root.record.ItemExhibitList.P10AdvanceProcurementList.P10AdvanceProcurement.APCostElementCategoryList.EOQ.APCostElement"
    },
    {
        "FiscalYear_val": "2013",
        "PCOLocation_val": "See End Item P5A",
        "AwardDate_val": "0001-01",
        "FirstDeliveryDate_val": "0001-01",
        "Quantity_val": "0",
        "UnitCost_val": "0",
        "SpecsAvailableNow_val": "",
        "RFPIssueDate_val": "0001-01",
        "ContractMethod_val": "",
        "ContractType_val": "",
        "@SOURCE_FILENAME": "2014-BASE_PROCUREMENT-2014-NAVY_AIRCRAFT_BA1-4-PROCUREMENT_JustificationBook_Navy_PB_2014.zzz_unzipped-PROCUREMENT_JustificationBook_Navy_PB_2014.xml",
        "@RECORDID": "64929e2f3b423b633d4163e755851b1fd905e7aae3c16591258a0272ed89fca7",
        "@ROWID": "0-f4ccbf65365eb2469029ca6cafcb2924cacd856721fb00c6020df996505ec323",
        "FundingVehicle_val": "TBD",
        "ItemNameSuffix_val": "I think i",
        "@PARENTROWID": "3-8006cd872503e5d3f7a0228da37db9f3766d7c08db08f40580920c950f3169fb",
        "@PARENT": "root.record.ItemExhibitList.P10AdvanceProcurementList.P10AdvanceProcurement.APCostElementCategoryList.EOQ.APCostElement"
    },
    {
        "FiscalYear_val": "2013",
        "PCOLocation_val": "See End Item P5A",
        "AwardDate_val": "0001-01",
        "FirstDeliveryDate_val": "0001-01",
        "Quantity_val": "0",
        "UnitCost_val": "0",
        "SpecsAvailableNow_val": "",
        "RFPIssueDate_val": "0001-01",
        "ContractMethod_val": "",
        "ContractType_val": "",
        "@SOURCE_FILENAME": "2014-BASE_PROCUREMENT-2014-NAVY_AIRCRAFT_BA1-4-PROCUREMENT_JustificationBook_Navy_PB_2014.zzz_unzipped-PROCUREMENT_JustificationBook_Navy_PB_2014.xml",
        "@RECORDID": "64929e2f3b423b633d4163e755851b1fd905e7aae3c16591258a0272ed89fca7",
        "@ROWID": "0-88c75c4a5ff201a155afc0b3c994ab66f22c7c47746861d1f3cf0afb60efa24d",
        "FundingVehicle_val": "TBD",
        "ItemNameSuffix_val": "I think i",
        "@PARENTROWID": "4-437fcb362b143dcfbf76bfa6dc326d53635ba74c2a1eaf2eb012aa10caf1758a",
        "@PARENT": "root.record.ItemExhibitList.P10AdvanceProcurementList.P10AdvanceProcurement.APCostElementCategoryList.EOQ.APCostElement"
    },
    {
        "FiscalYear_val": "2013",
        "PCOLocation_val": "See End Item P5A",
        "AwardDate_val": "0001-01",
        "FirstDeliveryDate_val": "0001-01",
        "Quantity_val": "0",
        "UnitCost_val": "0",
        "SpecsAvailableNow_val": "",
        "RFPIssueDate_val": "0001-01",
        "ContractMethod_val": "",
        "ContractType_val": "",
        "@SOURCE_FILENAME": "2014-BASE_PROCUREMENT-2014-NAVY_AIRCRAFT_BA1-4-PROCUREMENT_JustificationBook_Navy_PB_2014.zzz_unzipped-PROCUREMENT_JustificationBook_Navy_PB_2014.xml",
        "@RECORDID": "049cb91018f89e9c503e94cc8bbd5cb09e1075dae1b2910caf7d2d2f90fe1cc2",
        "@ROWID": "0-87823a856b46702baeb8cdeaa81297169c8365b0efe974ef5b70d2eb377ef32e",
        "FundingVehicle_val": "TBD",
        "ItemNameSuffix_val": "I think i",
        "@PARENTROWID": "0-b14f97d3f21cedb55b0bb7e3ae8fa8d77744317c46393a1a3a5e76c812de7a2d",
        "@PARENT": "root.record.ItemExhibitList.P10AdvanceProcurementList.P10AdvanceProcurement.APCostElementCategoryList.EOQ.APCostElement"
    },
    {
        "FiscalYear_val": "2013",
        "PCOLocation_val": "See End Item P5A",
        "AwardDate_val": "0001-01",
        "FirstDeliveryDate_val": "0001-01",
        "Quantity_val": "0",
        "UnitCost_val": "0",
        "SpecsAvailableNow_val": "",
        "RFPIssueDate_val": "0001-01",
        "ContractMethod_val": "",
        "ContractType_val": "",
        "@SOURCE_FILENAME": "2014-BASE_PROCUREMENT-2014-NAVY_AIRCRAFT_BA7-PROCUREMENT_MasterJustificationBook_Navy_PB_2014.zzz_unzipped-PROCUREMENT_MasterJustificationBook_Navy_PB_2014.xml",
        "@RECORDID": "fc4b633568d09aa78acf18bb3a1378b7461e8def6999ee372311daf44c967cce",
        "@ROWID": "0-825efff551294f2ac9b046ee676e6701da787ba0f4dcd2645a0feab07c94cafc",
        "FundingVehicle_val": "TBD",
        "ItemNameSuffix_val": "I think i",
        "@PARENTROWID": "0-f12b4491fb67061f4f7e37e5c8fb47b595954e6d45bdaf63040ffd9e7c9854e1",
        "@PARENT": "root.record.ItemExhibitList.P10AdvanceProcurementList.P10AdvanceProcurement.APCostElementCategoryList.EOQ.APCostElement"
    },
    {
        "FiscalYear_val": "2013",
        "PCOLocation_val": "See End Item P5A",
        "AwardDate_val": "0001-01",
        "FirstDeliveryDate_val": "0001-01",
        "Quantity_val": "0",
        "UnitCost_val": "0",
        "SpecsAvailableNow_val": "",
        "RFPIssueDate_val": "0001-01",
        "ContractMethod_val": "",
        "ContractType_val": "",
        "@SOURCE_FILENAME": "2014-BASE_PROCUREMENT-2014-NAVY_AIRCRAFT_BA7-PROCUREMENT_MasterJustificationBook_Navy_PB_2014.zzz_unzipped-PROCUREMENT_MasterJustificationBook_Navy_PB_2014.xml",
        "@RECORDID": "fc4b633568d09aa78acf18bb3a1378b7461e8def6999ee372311daf44c967cce",
        "@ROWID": "0-687b23194f4e6e8178617d666fb2d34ece5695035cac2415372e0cc4e4a13701",
        "FundingVehicle_val": "TBD",
        "ItemNameSuffix_val": "I think i",
        "@PARENTROWID": "1-3cbf63f3ebe2de380a43617943a388b2f8f6918a751c559a7ed9fef46d16f60d",
        "@PARENT": "root.record.ItemExhibitList.P10AdvanceProcurementList.P10AdvanceProcurement.APCostElementCategoryList.EOQ.APCostElement"
    },
    {
        "FiscalYear_val": "2013",
        "PCOLocation_val": "See End Item P5A",
        "AwardDate_val": "0001-01",
        "FirstDeliveryDate_val": "0001-01",
        "Quantity_val": "0",
        "UnitCost_val": "0",
        "SpecsAvailableNow_val": "",
        "RFPIssueDate_val": "0001-01",
        "ContractMethod_val": "",
        "ContractType_val": "",
        "@SOURCE_FILENAME": "2014-BASE_PROCUREMENT-2014-NAVY_AIRCRAFT_BA7-PROCUREMENT_MasterJustificationBook_Navy_PB_2014.zzz_unzipped-PROCUREMENT_MasterJustificationBook_Navy_PB_2014.xml",
        "@RECORDID": "fc4b633568d09aa78acf18bb3a1378b7461e8def6999ee372311daf44c967cce",
        "@ROWID": "0-98bfb0b374438ee3e0fb705a634303da3fb0ad3e2a630f03bfef1eb94d51627d",
        "FundingVehicle_val": "TBD",
        "ItemNameSuffix_val": "I think i",
        "@PARENTROWID": "2-09ea34cc8efeaec80666c0416047cfaac7189f3a8c1459d73cd40dec18c81330",
        "@PARENT": "root.record.ItemExhibitList.P10AdvanceProcurementList.P10AdvanceProcurement.APCostElementCategoryList.EOQ.APCostElement"
    },
    {
        "FiscalYear_val": "2013",
        "PCOLocation_val": "See End Item P5A",
        "AwardDate_val": "0001-01",
        "FirstDeliveryDate_val": "0001-01",
        "Quantity_val": "0",
        "UnitCost_val": "0",
        "SpecsAvailableNow_val": "",
        "RFPIssueDate_val": "0001-01",
        "ContractMethod_val": "",
        "ContractType_val": "",
        "@SOURCE_FILENAME": "2014-BASE_PROCUREMENT-2014-NAVY_AIRCRAFT_BA7-PROCUREMENT_MasterJustificationBook_Navy_PB_2014.zzz_unzipped-PROCUREMENT_MasterJustificationBook_Navy_PB_2014.xml",
        "@RECORDID": "fc4b633568d09aa78acf18bb3a1378b7461e8def6999ee372311daf44c967cce",
        "@ROWID": "0-637761883785f4d4f09c6525caa11ab137deb1ba381831c98cb99010b31b6e58",
        "FundingVehicle_val": "TBD",
        "ItemNameSuffix_val": "I think i",
        "@PARENTROWID": "3-5c09517f41157a1f620c6c325ba45e10367af6a2aa144ba0852ac776adc20ade",
        "@PARENT": "root.record.ItemExhibitList.P10AdvanceProcurementList.P10AdvanceProcurement.APCostElementCategoryList.EOQ.APCostElement"
    },
    {
        "FiscalYear_val": "2013",
        "PCOLocation_val": "See End Item P5A",
        "AwardDate_val": "0001-01",
        "FirstDeliveryDate_val": "0001-01",
        "Quantity_val": "0",
        "UnitCost_val": "0",
        "SpecsAvailableNow_val": "",
        "RFPIssueDate_val": "0001-01",
        "ContractMethod_val": "",
        "ContractType_val": "",
        "@SOURCE_FILENAME": "2014-BASE_PROCUREMENT-2014-NAVY_AIRCRAFT_BA7-PROCUREMENT_MasterJustificationBook_Navy_PB_2014.zzz_unzipped-PROCUREMENT_MasterJustificationBook_Navy_PB_2014.xml",
        "@RECORDID": "fc4b633568d09aa78acf18bb3a1378b7461e8def6999ee372311daf44c967cce",
        "@ROWID": "0-db915da70d0826beb4e11d9a6b6dc88a8db9a899698e3bc11241aaed70c4e7bc",
        "FundingVehicle_val": "TBD",
        "ItemNameSuffix_val": "I think i",
        "@PARENTROWID": "4-db128e2db2786fa4553d00c83ed07ffb31e8b2455809ed22387ad88b19f66db6",
        "@PARENT": "root.record.ItemExhibitList.P10AdvanceProcurementList.P10AdvanceProcurement.APCostElementCategoryList.EOQ.APCostElement"
    },
    {
        "FiscalYear_val": "2013",
        "PCOLocation_val": "See End Item P5A",
        "AwardDate_val": "2013-12",
        "FirstDeliveryDate_val": "2013-12",
        "Quantity_val": "0",
        "UnitCost_val": "0",
        "SpecsAvailableNow_val": "",
        "RFPIssueDate_val": "2013-12",
        "ContractMethod_val": "",
        "ContractType_val": "",
        "@SOURCE_FILENAME": "2014-BASE_PROCUREMENT-2014-NAVY_AIRCRAFT_BA7-PROCUREMENT_MasterJustificationBook_Navy_PB_2014.zzz_unzipped-PROCUREMENT_MasterJustificationBook_Navy_PB_2014.xml",
        "@RECORDID": "1c90d81d3283c3e99adda35a80b069d543eb8eea9500f506f69fd1fd51fa4e10",
        "@ROWID": "0-d6c8650ec37feff14113ab5aced83dc42289c8bc3a4459a09c861558610124db",
        "FundingVehicle_val": "TBD",
        "ItemNameSuffix_val": "I think i",
        "@PARENTROWID": "0-046925c29c26aea064e7cfa987c856bb85783951d37f516d2ba7755f9b0976b0",
        "@PARENT": "root.record.ItemExhibitList.P10AdvanceProcurementList.P10AdvanceProcurement.APCostElementCategoryList.EOQ.APCostElement"
    },
    {
        "FiscalYear_val": "2013",
        "PCOLocation_val": "See End Item P5A",
        "AwardDate_val": "2013-12",
        "FirstDeliveryDate_val": "2013-12",
        "Quantity_val": "0",
        "UnitCost_val": "0",
        "SpecsAvailableNow_val": "",
        "RFPIssueDate_val": "2013-12",
        "ContractMethod_val": "",
        "ContractType_val": "",
        "@SOURCE_FILENAME": "2014-BASE_PROCUREMENT-2014-NAVY_AIRCRAFT_BA7-PROCUREMENT_MasterJustificationBook_Navy_PB_2014.zzz_unzipped-PROCUREMENT_MasterJustificationBook_Navy_PB_2014.xml",
        "@RECORDID": "1c90d81d3283c3e99adda35a80b069d543eb8eea9500f506f69fd1fd51fa4e10",
        "@ROWID": "0-ab538830811583792e2081afa4a2b81380c472fd9192b93281644f141cb5bc80",
        "FundingVehicle_val": "TBD",
        "ItemNameSuffix_val": "I think i",
        "@PARENTROWID": "1-a9549cd6f8501eab81fde03cc50783a8c08c2a898e77a4355b9b935e48e77739",
        "@PARENT": "root.record.ItemExhibitList.P10AdvanceProcurementList.P10AdvanceProcurement.APCostElementCategoryList.EOQ.APCostElement"
    },
    {
        "FiscalYear_val": "2013",
        "PCOLocation_val": "See End Item P5A",
        "AwardDate_val": "2013-12",
        "FirstDeliveryDate_val": "2013-12",
        "Quantity_val": "0",
        "UnitCost_val": "0",
        "SpecsAvailableNow_val": "",
        "RFPIssueDate_val": "2013-12",
        "ContractMethod_val": "",
        "ContractType_val": "",
        "@SOURCE_FILENAME": "2014-BASE_PROCUREMENT-2014-NAVY_AIRCRAFT_BA7-PROCUREMENT_MasterJustificationBook_Navy_PB_2014.zzz_unzipped-PROCUREMENT_MasterJustificationBook_Navy_PB_2014.xml",
        "@RECORDID": "1c90d81d3283c3e99adda35a80b069d543eb8eea9500f506f69fd1fd51fa4e10",
        "@ROWID": "0-80caa340c31592e187653d8381790fe0c73da27147c05ef0a79f4d174deafc91",
        "FundingVehicle_val": "TBD",
        "ItemNameSuffix_val": "I think i",
        "@PARENTROWID": "2-852977ae7067372ebe4232908371df9021f388a38aa967f4d2dd70ffd6b2c4c3",
        "@PARENT": "root.record.ItemExhibitList.P10AdvanceProcurementList.P10AdvanceProcurement.APCostElementCategoryList.EOQ.APCostElement"
    },
    {
        "FiscalYear_val": "2013",
        "PCOLocation_val": "See End Item P5A",
        "AwardDate_val": "2013-12",
        "FirstDeliveryDate_val": "2013-12",
        "Quantity_val": "0",
        "UnitCost_val": "0",
        "SpecsAvailableNow_val": "",
        "RFPIssueDate_val": "2013-12",
        "ContractMethod_val": "",
        "ContractType_val": "",
        "@SOURCE_FILENAME": "2014-BASE_PROCUREMENT-2014-NAVY_AIRCRAFT_BA7-PROCUREMENT_MasterJustificationBook_Navy_PB_2014.zzz_unzipped-PROCUREMENT_MasterJustificationBook_Navy_PB_2014.xml",
        "@RECORDID": "1c90d81d3283c3e99adda35a80b069d543eb8eea9500f506f69fd1fd51fa4e10",
        "@ROWID": "0-26f093986d11f791811b50d083b9f5ec32f180422493558094f4f79853bff8f2",
        "FundingVehicle_val": "TBD",
        "ItemNameSuffix_val": "I think i",
        "@PARENTROWID": "3-9f91bf5a3a8df381a82759f4be8639deb40c55ef3ae2facab7b937e8379b284d",
        "@PARENT": "root.record.ItemExhibitList.P10AdvanceProcurementList.P10AdvanceProcurement.APCostElementCategoryList.EOQ.APCostElement"
    },
    {
        "FiscalYear_val": "2013",
        "PCOLocation_val": "See End Item P5A",
        "AwardDate_val": "2013-12",
        "FirstDeliveryDate_val": "2013-12",
        "Quantity_val": "0",
        "UnitCost_val": "0",
        "SpecsAvailableNow_val": "",
        "RFPIssueDate_val": "2013-12",
        "ContractMethod_val": "",
        "ContractType_val": "",
        "@SOURCE_FILENAME": "2014-BASE_PROCUREMENT-2014-NAVY_AIRCRAFT_BA7-PROCUREMENT_MasterJustificationBook_Navy_PB_2014.zzz_unzipped-PROCUREMENT_MasterJustificationBook_Navy_PB_2014.xml",
        "@RECORDID": "1c90d81d3283c3e99adda35a80b069d543eb8eea9500f506f69fd1fd51fa4e10",
        "@ROWID": "0-2238037d706b037ec51e9c5333eb7096bc41510e4871ca273e03411f67729339",
        "FundingVehicle_val": "TBD",
        "ItemNameSuffix_val": "I think i",
        "@PARENTROWID": "4-8cede7b38e589e453433e54af60defdd08b25b0c467fd66563dc6493de0fd1e5",
        "@PARENT": "root.record.ItemExhibitList.P10AdvanceProcurementList.P10AdvanceProcurement.APCostElementCategoryList.EOQ.APCostElement"
    },
    {
        "FiscalYear_val": "2013",
        "PCOLocation_val": "See End Item P5A",
        "AwardDate_val": "2013-12",
        "FirstDeliveryDate_val": "2013-12",
        "Quantity_val": "0",
        "UnitCost_val": "0",
        "SpecsAvailableNow_val": "",
        "RFPIssueDate_val": "2013-12",
        "ContractMethod_val": "",
        "ContractType_val": "",
        "@SOURCE_FILENAME": "2014-BASE_PROCUREMENT-2014-NAVY_AIRCRAFT_BA7-PROCUREMENT_MasterJustificationBook_Navy_PB_2014.zzz_unzipped-PROCUREMENT_MasterJustificationBook_Navy_PB_2014.xml",
        "@RECORDID": "1c90d81d3283c3e99adda35a80b069d543eb8eea9500f506f69fd1fd51fa4e10",
        "@ROWID": "0-aa56fc51a1f6b345bbeeb5e1011c65b470f975e947750b1f4e8aa8387c0e94e9",
        "FundingVehicle_val": "TBD",
        "ItemNameSuffix_val": "I think i",
        "@PARENTROWID": "5-4f8f269535e034d589b62b3ed4d64744b38129c5ae90bfc7d0d2b1147ac30d7d",
        "@PARENT": "root.record.ItemExhibitList.P10AdvanceProcurementList.P10AdvanceProcurement.APCostElementCategoryList.EOQ.APCostElement"
    },
    {
        "FiscalYear_val": "2013",
        "PCOLocation_val": "See End Item P5A",
        "AwardDate_val": "2013-12",
        "FirstDeliveryDate_val": "2013-12",
        "Quantity_val": "0",
        "UnitCost_val": "0",
        "SpecsAvailableNow_val": "",
        "RFPIssueDate_val": "2013-12",
        "ContractMethod_val": "",
        "ContractType_val": "",
        "@SOURCE_FILENAME": "2014-BASE_PROCUREMENT-2014-NAVY_AIRCRAFT_BA7-PROCUREMENT_MasterJustificationBook_Navy_PB_2014.zzz_unzipped-PROCUREMENT_MasterJustificationBook_Navy_PB_2014.xml",
        "@RECORDID": "1c90d81d3283c3e99adda35a80b069d543eb8eea9500f506f69fd1fd51fa4e10",
        "@ROWID": "0-c77c62459c54faa47de31b60b3dbafd303c5ab3d0cba713cd8f71336756e69fb",
        "FundingVehicle_val": "TBD",
        "ItemNameSuffix_val": "I think i",
        "@PARENTROWID": "6-22474637fb77930186d082f1d00ba01daa08ce3755367073c25c4e899be4fac2",
        "@PARENT": "root.record.ItemExhibitList.P10AdvanceProcurementList.P10AdvanceProcurement.APCostElementCategoryList.EOQ.APCostElement"
    },
    {
        "FiscalYear_val": "2013",
        "PCOLocation_val": "See End Item P5A",
        "AwardDate_val": "2013-12",
        "FirstDeliveryDate_val": "2013-12",
        "Quantity_val": "0",
        "UnitCost_val": "0",
        "SpecsAvailableNow_val": "",
        "RFPIssueDate_val": "2013-12",
        "ContractMethod_val": "",
        "ContractType_val": "",
        "@SOURCE_FILENAME": "2014-BASE_PROCUREMENT-2014-NAVY_AIRCRAFT_BA7-PROCUREMENT_MasterJustificationBook_Navy_PB_2014.zzz_unzipped-PROCUREMENT_MasterJustificationBook_Navy_PB_2014.xml",
        "@RECORDID": "1c90d81d3283c3e99adda35a80b069d543eb8eea9500f506f69fd1fd51fa4e10",
        "@ROWID": "0-c579e811b889a492806d8a1b1ae7e6fca396816c9230ea808eb2f357743864dc",
        "FundingVehicle_val": "TBD",
        "ItemNameSuffix_val": "I think i",
        "@PARENTROWID": "7-de3dc6938410a6f02a2f05e4cb4571ecc91baad70b513027791c3626fcdea9cf",
        "@PARENT": "root.record.ItemExhibitList.P10AdvanceProcurementList.P10AdvanceProcurement.APCostElementCategoryList.EOQ.APCostElement"
    },
    {
        "FiscalYear_val": "2013",
        "PCOLocation_val": "See End Item P5A",
        "AwardDate_val": "0001-01",
        "FirstDeliveryDate_val": "0001-01",
        "Quantity_val": "0",
        "UnitCost_val": "0",
        "SpecsAvailableNow_val": "",
        "RFPIssueDate_val": "0001-01",
        "ContractMethod_val": "",
        "ContractType_val": "",
        "@SOURCE_FILENAME": "2014-BASE_PROCUREMENT-2014-NAVY_AIRCRAFT_BA7-PROCUREMENT_MasterJustificationBook_Navy_PB_2014.zzz_unzipped-PROCUREMENT_MasterJustificationBook_Navy_PB_2014.xml",
        "@RECORDID": "ea4fce3ec1135de06d7b597e5fd943b2e14d2b3f4efb262dcaf7727a24539c26",
        "@ROWID": "0-b68150e208a933fc7716eb77b6f0aaaecf68afeb7cbb1e54cc904c301ee4daa4",
        "FundingVehicle_val": "TBD",
        "ItemNameSuffix_val": "I think i",
        "@PARENTROWID": "0-9d62febe38933a6fe9da11d420d726f9416ea05944c2b3f9f080171d365cd2bc",
        "@PARENT": "root.record.ItemExhibitList.P10AdvanceProcurementList.P10AdvanceProcurement.APCostElementCategoryList.EOQ.APCostElement"
    },
    {
        "FiscalYear_val": "2013",
        "PCOLocation_val": "See End Item P5A",
        "AwardDate_val": "0001-01",
        "FirstDeliveryDate_val": "0001-01",
        "Quantity_val": "0",
        "UnitCost_val": "0",
        "SpecsAvailableNow_val": "",
        "RFPIssueDate_val": "0001-01",
        "ContractMethod_val": "",
        "ContractType_val": "",
        "@SOURCE_FILENAME": "2014-BASE_PROCUREMENT-2014-NAVY_AIRCRAFT_BA7-PROCUREMENT_MasterJustificationBook_Navy_PB_2014.zzz_unzipped-PROCUREMENT_MasterJustificationBook_Navy_PB_2014.xml",
        "@RECORDID": "ea4fce3ec1135de06d7b597e5fd943b2e14d2b3f4efb262dcaf7727a24539c26",
        "@ROWID": "0-1064ca2c10b8db0c5d090bba24493080239ead8cee1e6dea8846088ff7dbc07f",
        "FundingVehicle_val": "TBD",
        "ItemNameSuffix_val": "I think i",
        "@PARENTROWID": "1-b40f217e817edc8184a4db1d289a70bba961dd0f34556dfdbdd16e70a6917f07",
        "@PARENT": "root.record.ItemExhibitList.P10AdvanceProcurementList.P10AdvanceProcurement.APCostElementCategoryList.EOQ.APCostElement"
    },
    {
        "FiscalYear_val": "2013",
        "PCOLocation_val": "See End Item P5A",
        "AwardDate_val": "0001-01",
        "FirstDeliveryDate_val": "0001-01",
        "Quantity_val": "0",
        "UnitCost_val": "0",
        "SpecsAvailableNow_val": "",
        "RFPIssueDate_val": "0001-01",
        "ContractMethod_val": "",
        "ContractType_val": "",
        "@SOURCE_FILENAME": "2014-BASE_PROCUREMENT-2014-NAVY_AIRCRAFT_BA7-PROCUREMENT_MasterJustificationBook_Navy_PB_2014.zzz_unzipped-PROCUREMENT_MasterJustificationBook_Navy_PB_2014.xml",
        "@RECORDID": "ea4fce3ec1135de06d7b597e5fd943b2e14d2b3f4efb262dcaf7727a24539c26",
        "@ROWID": "0-4032062f01057c36f303ead7bdb5007ad8892736fbabcdb6565e066e8dc5fe00",
        "FundingVehicle_val": "TBD",
        "ItemNameSuffix_val": "I think i",
        "@PARENTROWID": "2-9c6bd1005fc5240817ac550098dc198d399762f54a16dd73d82544e3d557204b",
        "@PARENT": "root.record.ItemExhibitList.P10AdvanceProcurementList.P10AdvanceProcurement.APCostElementCategoryList.EOQ.APCostElement"
    },
    {
        "FiscalYear_val": "2013",
        "PCOLocation_val": "See End Item P5A",
        "AwardDate_val": "0001-01",
        "FirstDeliveryDate_val": "0001-01",
        "Quantity_val": "0",
        "UnitCost_val": "0",
        "SpecsAvailableNow_val": "",
        "RFPIssueDate_val": "0001-01",
        "ContractMethod_val": "",
        "ContractType_val": "",
        "@SOURCE_FILENAME": "2014-BASE_PROCUREMENT-2014-NAVY_AIRCRAFT_BA7-PROCUREMENT_MasterJustificationBook_Navy_PB_2014.zzz_unzipped-PROCUREMENT_MasterJustificationBook_Navy_PB_2014.xml",
        "@RECORDID": "ea4fce3ec1135de06d7b597e5fd943b2e14d2b3f4efb262dcaf7727a24539c26",
        "@ROWID": "0-6779007cedb0e1982e7ea21ae8e557fe44ab245689368658d10a129fda97b223",
        "FundingVehicle_val": "TBD",
        "ItemNameSuffix_val": "I think i",
        "@PARENTROWID": "3-f546db46844f2a7625ac78252fceaf14f1b214fc23fd824bdecf4a0ca6d62b3b",
        "@PARENT": "root.record.ItemExhibitList.P10AdvanceProcurementList.P10AdvanceProcurement.APCostElementCategoryList.EOQ.APCostElement"
    },
    {
        "FiscalYear_val": "2013",
        "PCOLocation_val": "See End Item P5A",
        "AwardDate_val": "0001-01",
        "FirstDeliveryDate_val": "0001-01",
        "Quantity_val": "0",
        "UnitCost_val": "0",
        "SpecsAvailableNow_val": "",
        "RFPIssueDate_val": "0001-01",
        "ContractMethod_val": "",
        "ContractType_val": "",
        "@SOURCE_FILENAME": "2014-BASE_PROCUREMENT-2014-NAVY_AIRCRAFT_BA7-PROCUREMENT_MasterJustificationBook_Navy_PB_2014.zzz_unzipped-PROCUREMENT_MasterJustificationBook_Navy_PB_2014.xml",
        "@RECORDID": "ea4fce3ec1135de06d7b597e5fd943b2e14d2b3f4efb262dcaf7727a24539c26",
        "@ROWID": "0-e1d804c0ed3f51b54d16a150de70a281d15a73aabfd8ad68fb191882bc9eb42c",
        "FundingVehicle_val": "TBD",
        "ItemNameSuffix_val": "I think i",
        "@PARENTROWID": "4-cc8fe92661efb34a27112c4beaf490a2b2d86200c968bffb5181e669b856a97b",
        "@PARENT": "root.record.ItemExhibitList.P10AdvanceProcurementList.P10AdvanceProcurement.APCostElementCategoryList.EOQ.APCostElement"
    },
    {
        "FiscalYear_val": "2013",
        "PCOLocation_val": "See End Item P5A",
        "AwardDate_val": "0001-01",
        "FirstDeliveryDate_val": "0001-01",
        "Quantity_val": "0",
        "UnitCost_val": "0",
        "SpecsAvailableNow_val": "",
        "RFPIssueDate_val": "0001-01",
        "ContractMethod_val": "",
        "ContractType_val": "",
        "@SOURCE_FILENAME": "2014-BASE_PROCUREMENT-2014-NAVY_AIRCRAFT_BA7-PROCUREMENT_MasterJustificationBook_Navy_PB_2014.zzz_unzipped-PROCUREMENT_MasterJustificationBook_Navy_PB_2014.xml",
        "@RECORDID": "331f4e2cab57d75c268cb0cc0f51f889b76ed2c8ba621bb4d61f3e552a2f48d3",
        "@ROWID": "0-94abc907e17c60b1b82e4b49e4b9454ec0a79fe4d822fab53c8567b523289b04",
        "FundingVehicle_val": "TBD",
        "ItemNameSuffix_val": "I think i",
        "@PARENTROWID": "0-70a418f0870ffa7fa051e59b3c50cfdeb6d46e6ee01fd91819fadbaa8ff8321a",
        "@PARENT": "root.record.ItemExhibitList.P10AdvanceProcurementList.P10AdvanceProcurement.APCostElementCategoryList.EOQ.APCostElement"
    },
    {
        "FiscalYear_val": "2013",
        "PCOLocation_val": "See End Item P5A",
        "AwardDate_val": "0001-01",
        "FirstDeliveryDate_val": "0001-01",
        "Quantity_val": "0",
        "UnitCost_val": "0",
        "SpecsAvailableNow_val": "",
        "RFPIssueDate_val": "0001-01",
        "ContractMethod_val": "",
        "ContractType_val": "",
        "@SOURCE_FILENAME": "2014-BASE_PROCUREMENT-2014-NAVY_AIRCRAFT_BA7-PROCUREMENT_MasterJustificationBook_Navy_PB_2014.zzz_unzipped-PROCUREMENT_MasterJustificationBook_Navy_PB_2014.xml",
        "@RECORDID": "1c9f6ffd331ce8f038579fa5c7414d00a50411913e693158c477bb2776944535",
        "@ROWID": "0-2c498d24a10df67709fe0aabbc0482460b23e90dbcdbd2334f5c92fd26879153",
        "FundingVehicle_val": "TBD",
        "ItemNameSuffix_val": "I think i",
        "@PARENTROWID": "0-4e48bf32ba313482e783792a7f0fa17003c071229281a2098cd72d0621310815",
        "@PARENT": "root.record.ItemExhibitList.P10AdvanceProcurementList.P10AdvanceProcurement.APCostElementCategoryList.EOQ.APCostElement"
    },
    {
        "FiscalYear_val": "2013",
        "PCOLocation_val": "See End Item P5A",
        "AwardDate_val": "0001-01",
        "FirstDeliveryDate_val": "0001-01",
        "Quantity_val": "0",
        "UnitCost_val": "0",
        "SpecsAvailableNow_val": "",
        "RFPIssueDate_val": "0001-01",
        "ContractMethod_val": "",
        "ContractType_val": "",
        "@SOURCE_FILENAME": "2014-BASE_PROCUREMENT-2014-NAVY_AIRCRAFT_BA7-PROCUREMENT_MasterJustificationBook_Navy_PB_2014.zzz_unzipped-PROCUREMENT_MasterJustificationBook_Navy_PB_2014.xml",
        "@RECORDID": "1c9f6ffd331ce8f038579fa5c7414d00a50411913e693158c477bb2776944535",
        "@ROWID": "0-19f18321c673ad04fa546e09a12cba279a79b5043948fec4145ead1f53bac936",
        "FundingVehicle_val": "TBD",
        "ItemNameSuffix_val": "I think i",
        "@PARENTROWID": "1-0a963ed70ac0da0b1c9f4fb0b21657b32a613bd00a7e15ba6695a0b5a69b7ed3",
        "@PARENT": "root.record.ItemExhibitList.P10AdvanceProcurementList.P10AdvanceProcurement.APCostElementCategoryList.EOQ.APCostElement"
    },
    {
        "FiscalYear_val": "2013",
        "PCOLocation_val": "See End Item P5A",
        "AwardDate_val": "0001-01",
        "FirstDeliveryDate_val": "0001-01",
        "Quantity_val": "0",
        "UnitCost_val": "0",
        "SpecsAvailableNow_val": "",
        "RFPIssueDate_val": "0001-01",
        "ContractMethod_val": "",
        "ContractType_val": "",
        "@SOURCE_FILENAME": "2014-BASE_PROCUREMENT-2014-NAVY_AIRCRAFT_BA7-PROCUREMENT_MasterJustificationBook_Navy_PB_2014.zzz_unzipped-PROCUREMENT_MasterJustificationBook_Navy_PB_2014.xml",
        "@RECORDID": "1c9f6ffd331ce8f038579fa5c7414d00a50411913e693158c477bb2776944535",
        "@ROWID": "0-76e650ad144e1a5141123a015a8682848fdc052656ccb8164a874080659193bd",
        "FundingVehicle_val": "TBD",
        "ItemNameSuffix_val": "I think i",
        "@PARENTROWID": "2-5c566ef33cca1fd124b4bd4a3e33319f618ba67e3f91d7581393d07c5d02b2a4",
        "@PARENT": "root.record.ItemExhibitList.P10AdvanceProcurementList.P10AdvanceProcurement.APCostElementCategoryList.EOQ.APCostElement"
    },
    {
        "FiscalYear_val": "2013",
        "PCOLocation_val": "See End Item P5A",
        "AwardDate_val": "0001-01",
        "FirstDeliveryDate_val": "0001-01",
        "Quantity_val": "0",
        "UnitCost_val": "0",
        "SpecsAvailableNow_val": "",
        "RFPIssueDate_val": "0001-01",
        "ContractMethod_val": "",
        "ContractType_val": "",
        "@SOURCE_FILENAME": "2014-BASE_PROCUREMENT-2014-NAVY_AIRCRAFT_BA7-PROCUREMENT_MasterJustificationBook_Navy_PB_2014.zzz_unzipped-PROCUREMENT_MasterJustificationBook_Navy_PB_2014.xml",
        "@RECORDID": "1c9f6ffd331ce8f038579fa5c7414d00a50411913e693158c477bb2776944535",
        "@ROWID": "0-5680dc5b1fbfa45bd17d26a936533b0843ddb52219ceb8a5e49093a1ee6ea3f7",
        "FundingVehicle_val": "TBD",
        "ItemNameSuffix_val": "I think i",
        "@PARENTROWID": "3-eeea75548e265a03c7d970c28460d91d1a20929467b73fb16c86cb462a555338",
        "@PARENT": "root.record.ItemExhibitList.P10AdvanceProcurementList.P10AdvanceProcurement.APCostElementCategoryList.EOQ.APCostElement"
    },
    {
        "FiscalYear_val": "2013",
        "PCOLocation_val": "See End Item P5A",
        "AwardDate_val": "0001-01",
        "FirstDeliveryDate_val": "0001-01",
        "Quantity_val": "0",
        "UnitCost_val": "0",
        "SpecsAvailableNow_val": "",
        "RFPIssueDate_val": "0001-01",
        "ContractMethod_val": "",
        "ContractType_val": "",
        "@SOURCE_FILENAME": "2014-BASE_PROCUREMENT-2014-NAVY_AIRCRAFT_BA7-PROCUREMENT_MasterJustificationBook_Navy_PB_2014.zzz_unzipped-PROCUREMENT_MasterJustificationBook_Navy_PB_2014.xml",
        "@RECORDID": "1c9f6ffd331ce8f038579fa5c7414d00a50411913e693158c477bb2776944535",
        "@ROWID": "0-cdf74101d550a273fffa5c39057a28588434bc78933a144522a23b834dae2434",
        "FundingVehicle_val": "TBD",
        "ItemNameSuffix_val": "I think i",
        "@PARENTROWID": "4-89a00864f51c74aa84c55c2d38c1a05e8676831889f9032b2303f22cbdb5be14",
        "@PARENT": "root.record.ItemExhibitList.P10AdvanceProcurementList.P10AdvanceProcurement.APCostElementCategoryList.EOQ.APCostElement"
    },
    {
        "FiscalYear_val": "2013",
        "PCOLocation_val": "See End Item P5A",
        "AwardDate_val": "0001-01",
        "FirstDeliveryDate_val": "0001-01",
        "Quantity_val": "0",
        "UnitCost_val": "0",
        "SpecsAvailableNow_val": "",
        "RFPIssueDate_val": "0001-01",
        "ContractMethod_val": "",
        "ContractType_val": "",
        "@SOURCE_FILENAME": "2014-BASE_PROCUREMENT-2014-NAVY_AIRCRAFT_BA7-PROCUREMENT_MasterJustificationBook_Navy_PB_2014.zzz_unzipped-PROCUREMENT_MasterJustificationBook_Navy_PB_2014.xml",
        "@RECORDID": "97ef4cf3f410d224f56ae29ea98cdf2592e9fe9b3908e3df56bf826c63de8ad7",
        "@ROWID": "0-12887cd81324d050c9993b6bee950b7faa8c9acf010ad58a134df28551d2f70e",
        "FundingVehicle_val": "TBD",
        "ItemNameSuffix_val": "I think i",
        "@PARENTROWID": "0-0a288a070d59be17d29de7c7c4c2e410bcb9422ee43c19d2ad2413f672e9c2e8",
        "@PARENT": "root.record.ItemExhibitList.P10AdvanceProcurementList.P10AdvanceProcurement.APCostElementCategoryList.EOQ.APCostElement"
    }
]