Name_val,WhenRequiredInMonths_val,Cost_AllPriorYears_TotalCost_val,Cost_PriorYear_TotalCost_val,Cost_CurrentYear_TotalCost_val,Cost_BudgetYearOne_TotalCost_val,Cost_BudgetYearTwo_TotalCost_val,Cost_BudgetYearThree_TotalCost_val,Cost_BudgetYearFour_TotalCost_val,Cost_BudgetYearFive_TotalCost_val,Cost_ToComplete_TotalCost_val,Cost_Total_TotalCost_val,@SOURCE_FILENAME,@RECORDID,@ROWID,ManufacturerList_P10Manufacturer_Name_val,ManufacturerList_P10Manufacturer_Location_val,ManufacturerList_P10Manufacturer_InitialQuantity_ProductionLeadTimeAfterOct1InMonths_val,ManufacturerList_P10Manufacturer_InitialQuantity_TotalLeadTimeAfterOct1InMonths_val,QuantityPerAssembly_val,@PARENTROWID,@PARENT
"Parts Obsolescence Study","0","5","0","0","0","0","0","0","0","0","5","2013-BASE_PROCUREMENT-2013-AIRFORCE_MISSILE-JustificationBook_Air_Force_PB_2013.zzz_unzipped-JustificationBook_Air_Force_PB_2013.xml","fca533df846db3c85fef57959a7c2a50b39c4c9c125c40fcf279343767b5cf2d","0-9b608d9976d51614f9aeb9da729938fd865496d60dab5391f3213b17b656755a","","","","","","325-37bc027d0b5ba1c175b040477c42554f8a287398794b44ded28f0c6c34393269","root"
"Advance Funding","0","380.438","227.172","0","0","0","0","227.119","246.476","0","1081.205","2013-BASE_PROCUREMENT-2013-AIRFORCE_MISSILE-JustificationBook_Air_Force_PB_2013.zzz_unzipped-JustificationBook_Air_Force_PB_2013.xml","fca533df846db3c85fef57959a7c2a50b39c4c9c125c40fcf279343767b5cf2d","1-4db5c51919e874af841712c17e836cca1b2f0eecdb74d6033de73bf514fa8c2d","","","","","","325-37bc027d0b5ba1c175b040477c42554f8a287398794b44ded28f0c6c34393269","root"
"Advance Funding","0","200.544","57.788","0","0","0","0","0","0","0","258.332","2013-BASE_PROCUREMENT-2013-AIRFORCE_MISSILE-JustificationBook_Air_Force_PB_2013.zzz_unzipped-JustificationBook_Air_Force_PB_2013.xml","648a07469f004adcc738e84c76d0bef18b5d87435de896664915380c55bd6660","0-0ca1863e0f9df40c0fde8291b2c9b75d79a0e07397a9fb383fb6b943f4078597","","","","","","327-ef04d483516f5bdb6733795708d4be80746f1a29dafc2d5f2d7f305552e9fcd2","root"
"Long Lead Parts","0","80","0.000","81.811","82.616","74.167","117.855","119.993","121.828","0","678.27","2013-BASE_PROCUREMENT-2013-AIRFORCE_MISSILE-JustificationBook_Air_Force_PB_2013.zzz_unzipped-JustificationBook_Air_Force_PB_2013.xml","df1c2cd88ad0500ad4eea734cddff0f6eac1ac04319890f22b9cc2ebbfad0b2d","0-98dc16088182344b0daf44dfd0dcdee85702d9e66bd25f89a6dc95f8e89b67d7","","","","","","329-f10590bdca472f3cd551b7873cd312bbe2587458934cd75d92c2250cf4de52dd","root"
"GEO 3 Long Lead","0","269.419","0","0","0","0","0","0","0","0","269.419","2013-BASE_PROCUREMENT-2013-AIRFORCE_MISSILE-JustificationBook_Air_Force_PB_2013.zzz_unzipped-JustificationBook_Air_Force_PB_2013.xml","6d5ffe2e36691c4644986d0b4db0a59417606b26ba9720aadff233310ca0027e","0-818d26297baf0faf86730daaa4e2d21eddd972893810f89bd31c3bc9a12bee36","","","","","","336-f2c8916d3fbddb00034c8dba4de531f73c45a6567cfc086479f44ce365f3c60b","root"
"GEO 4 Long Lead","0","277.999","0","0","0","0","0","0","0","0","277.999","2013-BASE_PROCUREMENT-2013-AIRFORCE_MISSILE-JustificationBook_Air_Force_PB_2013.zzz_unzipped-JustificationBook_Air_Force_PB_2013.xml","6d5ffe2e36691c4644986d0b4db0a59417606b26ba9720aadff233310ca0027e","1-bd5bdd5934d6fd91b54073faeffea5f904fccae1dccc1bbc0f032477b0903a6d","","","","","","336-f2c8916d3fbddb00034c8dba4de531f73c45a6567cfc086479f44ce365f3c60b","root"
"GEO 5 & 6 Long Lead","0","0.000","243.506","243.5","0","0","0","0","0","0","487.006","2013-BASE_PROCUREMENT-2013-AIRFORCE_MISSILE-JustificationBook_Air_Force_PB_2013.zzz_unzipped-JustificationBook_Air_Force_PB_2013.xml","6d5ffe2e36691c4644986d0b4db0a59417606b26ba9720aadff233310ca0027e","2-0aeb34edb27bd904b482ad908e61d82d79f0061e54813ae464afbb6da79cd051","","","","","","336-f2c8916d3fbddb00034c8dba4de531f73c45a6567cfc086479f44ce365f3c60b","root"
"HEO 3 Long Lead","0","124.555","0","0","0","0","0","0","0","0","124.555","2013-BASE_PROCUREMENT-2013-AIRFORCE_MISSILE-JustificationBook_Air_Force_PB_2013.zzz_unzipped-JustificationBook_Air_Force_PB_2013.xml","6d5ffe2e36691c4644986d0b4db0a59417606b26ba9720aadff233310ca0027e","3-1989e78b5b46c0e24898f0d848d4ceb45c1e231170cf73ecc18d089c7c5a99e7","","","","","","336-f2c8916d3fbddb00034c8dba4de531f73c45a6567cfc086479f44ce365f3c60b","root"
"HEO 4 Long Lead","0","53.596","0","0","0","0","0","0","0","0","53.596","2013-BASE_PROCUREMENT-2013-AIRFORCE_MISSILE-JustificationBook_Air_Force_PB_2013.zzz_unzipped-JustificationBook_Air_Force_PB_2013.xml","6d5ffe2e36691c4644986d0b4db0a59417606b26ba9720aadff233310ca0027e","4-e4668f4122e5998ae4e91cc144171252ca15d1dd1b35a09b38b43632caf7880a","","","","","","336-f2c8916d3fbddb00034c8dba4de531f73c45a6567cfc086479f44ce365f3c60b","root"
"Parts Obsolescence Study","0","5","0","0","0","0","0","0","0","0","5","2013-BASE_PROCUREMENT-2013-AIRFORCE_MISSILE-MasterJustificationBook_Air_Force_PB_2013.zzz_unzipped-MasterJustificationBook_Air_Force_PB_2013.xml","255c26749dc5188d24ea856a736ec9172de44d09c0225265e1d5284f7bfecfb3","0-079f8a62ac1c0d935a01acd654413a9a5f22ce74bc83c4e1ff29ca76fb6d6e63","","","","","","351-4220b192f6ef5c557c41d8a2a425aeb8b8cbe7005aa86413fcca6190974fe07b","root"
"Advance Funding","0","380.438","227.172","0","0","0","0","227.119","246.476","0","1081.205","2013-BASE_PROCUREMENT-2013-AIRFORCE_MISSILE-MasterJustificationBook_Air_Force_PB_2013.zzz_unzipped-MasterJustificationBook_Air_Force_PB_2013.xml","255c26749dc5188d24ea856a736ec9172de44d09c0225265e1d5284f7bfecfb3","1-625a98ca0388fe719e6328e66137f43adaec0273995b84e2eb754db7868be287","","","","","","351-4220b192f6ef5c557c41d8a2a425aeb8b8cbe7005aa86413fcca6190974fe07b","root"
"Advance Funding","0","200.544","57.788","0","0","0","0","0","0","0","258.332","2013-BASE_PROCUREMENT-2013-AIRFORCE_MISSILE-MasterJustificationBook_Air_Force_PB_2013.zzz_unzipped-MasterJustificationBook_Air_Force_PB_2013.xml","47124093ee8f4fb73eb5f522f72d6b3b59a42f26c0f084fce676673da8facf32","0-60aea000e4ee1eaf706244c4ee00f6a9cbdbf4d634ef14da190c2680216f6e09","","","","","","353-5c7a44259a6b8b543e44eb0e77c4858c88ee14b7f1831722f156355d767945ba","root"
"Long Lead Parts","0","80","0.000","81.811","82.616","74.167","117.855","119.993","121.828","0","678.27","2013-BASE_PROCUREMENT-2013-AIRFORCE_MISSILE-MasterJustificationBook_Air_Force_PB_2013.zzz_unzipped-MasterJustificationBook_Air_Force_PB_2013.xml","b9717af61d468e082aa4fc887ac1d17fbfe1a825bc4c8f2baf0f00775d16d15f","0-4acdf1a16830f7cf1a65b971d9b9b6dbc0bf9b6fa9de3fe20416ebd23b89f95e","","","","","","355-d2b5507b5730ecf9394a9bb688215ce9240ebc479efd6984313eb7feafdb1473","root"
"GEO 3 Long Lead","0","269.419","0","0","0","0","0","0","0","0","269.419","2013-BASE_PROCUREMENT-2013-AIRFORCE_MISSILE-MasterJustificationBook_Air_Force_PB_2013.zzz_unzipped-MasterJustificationBook_Air_Force_PB_2013.xml","5fca32ae8e60a21370b480077c2e670b3d36aecdad5eb1086c2190ed6b3840f9","0-316afa740a268a4b062908eaa1609d512f9bfd06ed2a57405ef12419ab38d4dc","","","","","","362-6a00d10f61bb627a983519ef4d49624375d317c0d3f3f96bc80598e24b20da4d","root"
"GEO 4 Long Lead","0","277.999","0","0","0","0","0","0","0","0","277.999","2013-BASE_PROCUREMENT-2013-AIRFORCE_MISSILE-MasterJustificationBook_Air_Force_PB_2013.zzz_unzipped-MasterJustificationBook_Air_Force_PB_2013.xml","5fca32ae8e60a21370b480077c2e670b3d36aecdad5eb1086c2190ed6b3840f9","1-f643ebf0174e9c2c0c3f5f380354225531651ce38b424903068dcf5ce6725754","","","","","","362-6a00d10f61bb627a983519ef4d49624375d317c0d3f3f96bc80598e24b20da4d","root"
"GEO 5 & 6 Long Lead","0","0.000","243.506","243.5","0","0","0","0","0","0","487.006","2013-BASE_PROCUREMENT-2013-AIRFORCE_MISSILE-MasterJustificationBook_Air_Force_PB_2013.zzz_unzipped-MasterJustificationBook_Air_Force_PB_2013.xml","5fca32ae8e60a21370b480077c2e670b3d36aecdad5eb1086c2190ed6b3840f9","2-77f164e6abdf2dcea4e4d2c0e0a3813da948cdc0fda807924716365f10e955fb","","","","","","362-6a00d10f61bb627a983519ef4d49624375d317c0d3f3f96bc80598e24b20da4d","root"
"HEO 3 Long Lead","0","124.555","0","0","0","0","0","0","0","0","124.555","2013-BASE_PROCUREMENT-2013-AIRFORCE_MISSILE-MasterJustificationBook_Air_Force_PB_2013.zzz_unzipped-MasterJustificationBook_Air_Force_PB_2013.xml","5fca32ae8e60a21370b480077c2e670b3d36aecdad5eb1086c2190ed6b3840f9","3-3daf5df9a8de809bceded47df5b26d467fbc6b728b315237e4ce2ee576dd8468","","","","","","362-6a00d10f61bb627a983519ef4d49624375d317c0d3f3f96bc80598e24b20da4d","root"
"HEO 4 Long Lead","0","53.596","0","0","0","0","0","0","0","0","53.596","2013-BASE_PROCUREMENT-2013-AIRFORCE_MISSILE-MasterJustificationBook_Air_Force_PB_2013.zzz_unzipped-MasterJustificationBook_Air_Force_PB_2013.xml","5fca32ae8e60a21370b480077c2e670b3d36aecdad5eb1086c2190ed6b3840f9","4-9d93ac89a3f6bea3cfac4891cf60f0a0850f4d29202a3c41dea6ec4accc439df","","","","","","362-6a00d10f61bb627a983519ef4d49624375d317c0d3f3f96bc80598e24b20da4d","root"
"CFE Airframe","6","2820.52","52.18","147.041","36.73","","","","","","","2013-BASE_PROCUREMENT-2013-ARMY_AIRCRAFT-JustificationBook_Army_PB_2013.zzz_unzipped-JustificationBook_Army_PB_2013.xml","476bb125e872c0c70d28a29765f57e9cac786010a7a090c46cbccf23e3219f96","0-0ae67c84a38262f9440409712fead4a1f5dd178e6a24490f4a4a15f5611639e0","See End Item P-5A/NA","See End Item P-5A","","","1","503-8271617e038a11c568d4bd72704646dc314e6e0b46c53bad0b216dc32e33a74f","root"
"Auxiliary Power Unit","3","14.619","2.328","2.57","3.82","","","","","","","2013-BASE_PROCUREMENT-2013-ARMY_AIRCRAFT-JustificationBook_Army_PB_2013.zzz_unzipped-JustificationBook_Army_PB_2013.xml","476bb125e872c0c70d28a29765f57e9cac786010a7a090c46cbccf23e3219f96","1-6175362b286aa6fd0df53684133af0b8eb0cbae028bff203a28ec252f067d499","See End Item P-5A/NA","See End Item P-5A","","","1","503-8271617e038a11c568d4bd72704646dc314e6e0b46c53bad0b216dc32e33a74f","root"
"Engines","3","234","37.926","41.86","62.213","","","","","","","2013-BASE_PROCUREMENT-2013-ARMY_AIRCRAFT-JustificationBook_Army_PB_2013.zzz_unzipped-JustificationBook_Army_PB_2013.xml","476bb125e872c0c70d28a29765f57e9cac786010a7a090c46cbccf23e3219f96","2-d03b0a4bec648a00bb84b86c457665bf35bc18db9bcabde7aae779e2b5f2e4db","See End Item P-5A/NA","See End Item P-5A","","","2","503-8271617e038a11c568d4bd72704646dc314e6e0b46c53bad0b216dc32e33a74f","root"
"EGI","3","38.866","5.78","6.38","9.482","","","","","","","2013-BASE_PROCUREMENT-2013-ARMY_AIRCRAFT-JustificationBook_Army_PB_2013.zzz_unzipped-JustificationBook_Army_PB_2013.xml","476bb125e872c0c70d28a29765f57e9cac786010a7a090c46cbccf23e3219f96","3-c096ae0eca50f9e0743f88b3fd9fcd91fe9eeacf5dd3e370d8a2ce61e3de0c04","See End Item P-5A/NA","See End Item P-5A","","","2","503-8271617e038a11c568d4bd72704646dc314e6e0b46c53bad0b216dc32e33a74f","root"
"Heads Up Display AVS-7","3","12.064","1.748","1.93","2.868","","","","","","","2013-BASE_PROCUREMENT-2013-ARMY_AIRCRAFT-JustificationBook_Army_PB_2013.zzz_unzipped-JustificationBook_Army_PB_2013.xml","476bb125e872c0c70d28a29765f57e9cac786010a7a090c46cbccf23e3219f96","4-140fb46f82ee87e88a71a0f31a24d318df4dcefc3906817172c2f3d59e3fb91c","See End Item P-5A/NA","See End Item P-5A","","","1","503-8271617e038a11c568d4bd72704646dc314e6e0b46c53bad0b216dc32e33a74f","root"
"Hover Infrared Suppressor","3","28.2","","","","","","","","","","2013-BASE_PROCUREMENT-2013-ARMY_AIRCRAFT-JustificationBook_Army_PB_2013.zzz_unzipped-JustificationBook_Army_PB_2013.xml","476bb125e872c0c70d28a29765f57e9cac786010a7a090c46cbccf23e3219f96","5-20428e55315da7b6cb5e2f616da66bb7b5db798513f8172b6faf2aaf006fad1a","See End Item P-5A/NA","See End Item P-5A","","","","503-8271617e038a11c568d4bd72704646dc314e6e0b46c53bad0b216dc32e33a74f","root"
"Miscellaneous","3","1.914","","","","","","","","","","2013-BASE_PROCUREMENT-2013-ARMY_AIRCRAFT-JustificationBook_Army_PB_2013.zzz_unzipped-JustificationBook_Army_PB_2013.xml","476bb125e872c0c70d28a29765f57e9cac786010a7a090c46cbccf23e3219f96","6-15afc158a80294855c9b970ad3be9254f1a0524866181ed798ef663809f76dcf","See End Item P-5A/NA","See End Item P-5A","","","","503-8271617e038a11c568d4bd72704646dc314e6e0b46c53bad0b216dc32e33a74f","root"
"Avionics","16","33.339","26.543","48.382","33.338","","","","","","","2013-BASE_PROCUREMENT-2013-ARMY_AIRCRAFT-JustificationBook_Army_PB_2013.zzz_unzipped-JustificationBook_Army_PB_2013.xml","b4c6cf926d2b336db794238f2a4386bae34220d6a1901227d2ac2527ad9022b9","0-e0211b8e056ce5199e83532954d9f6fb7622feb2734cccd530511d5f91b30692","See End Item P-5A/NA","See End Item P-5A","","","","505-0ccdec1db03bc7f662020b94bc749ed865aeb64f90e992e48bdef2f276d4a76f","root"
"Airframe","14","49.94","39.815","72.574","50.008","","","","","","","2013-BASE_PROCUREMENT-2013-ARMY_AIRCRAFT-JustificationBook_Army_PB_2013.zzz_unzipped-JustificationBook_Army_PB_2013.xml","b4c6cf926d2b336db794238f2a4386bae34220d6a1901227d2ac2527ad9022b9","1-9708aea343a154706a93363d7456481b83bc7de54f74114be539930cb5b5bcb6","See End Item P-5A/NA","See End Item P-5A","","","","505-0ccdec1db03bc7f662020b94bc749ed865aeb64f90e992e48bdef2f276d4a76f","root"
"Apache Block III - Reman","12","69.253","160.237","192.764","107.707","","","","","","","2013-BASE_PROCUREMENT-2013-ARMY_AIRCRAFT-JustificationBook_Army_PB_2013.zzz_unzipped-JustificationBook_Army_PB_2013.xml","955003074ccebc6720a490ded3729c9bdca8cc7b01fd76b92fbcec69828c544e","0-0bd0e803e5adb7eaf4e12f15a819a23bf8b09d33b2ccae1603c6a2b6309c35b3","See End Item P-5A/NA","See End Item P-5A","","","","538-e915f141d629c0e651e3321e4b455efe6f51ae96da8bee17fbeec11e1fae9a32","root"
"Apache Block III New Build","12","","","104.263","146.121","","","","","","","2013-BASE_PROCUREMENT-2013-ARMY_AIRCRAFT-JustificationBook_Army_PB_2013.zzz_unzipped-JustificationBook_Army_PB_2013.xml","dfa13d6ba9123d0f64c1462a9ea1e0b6ae62d2813da1972863d56a7001b06112","0-d38bc2b541705d05acce064faa1339de544e9e8feb7e91a75275c1d7d64f18e7","See End Item P-5A/NA","See End Item P-5A","","","","540-08090b827a1d327db55ca10d041305c4543ebf8c0d54a99f1c5e8e28de8d0db1","root"
"Warhead","19","","","7.687","7.698","","","","","","","2013-BASE_PROCUREMENT-2013-ARMY_MISSLE-JustificationBook_Army_PB_2013.zzz_unzipped-JustificationBook_Army_PB_2013.xml","44b5bf338c622cc883179b29baa0eba496cc1459abebf2456f3403445a6c39e1","0-fa6d2328a5013af706f00f52fac527819651e973ea1e8d596d80eeab2416bec1","See End Item P-5A/NA","See End Item P-5A","","","1","556-1d4403938bbf1e4b7b6f5d4d18b4ffab4693fd7e8bf3f016d4826b6c1af82793","root"
"Launch Motor","14","","","1.547","1.537","","","","","","","2013-BASE_PROCUREMENT-2013-ARMY_MISSLE-JustificationBook_Army_PB_2013.zzz_unzipped-JustificationBook_Army_PB_2013.xml","44b5bf338c622cc883179b29baa0eba496cc1459abebf2456f3403445a6c39e1","1-f2c79ebd9f1e738c330d7facce2f6e1fbd41f8bc668d65c3b0ebc5c6c34e6d40","See End Item P-5A/NA","See End Item P-5A","","","1","556-1d4403938bbf1e4b7b6f5d4d18b4ffab4693fd7e8bf3f016d4826b6c1af82793","root"
"Flight Motor","12","","","0.291","0.289","","","","","","","2013-BASE_PROCUREMENT-2013-ARMY_MISSLE-JustificationBook_Army_PB_2013.zzz_unzipped-JustificationBook_Army_PB_2013.xml","44b5bf338c622cc883179b29baa0eba496cc1459abebf2456f3403445a6c39e1","2-4e67e4dd80d949dd736cc59278d6df9848b223b0bfde4f2c8493ea45e3ba494c","See End Item P-5A/NA","See End Item P-5A","","","1","556-1d4403938bbf1e4b7b6f5d4d18b4ffab4693fd7e8bf3f016d4826b6c1af82793","root"
"2B Sensor","18","","","4.623","4.705","","","","","","","2013-BASE_PROCUREMENT-2013-ARMY_MISSLE-JustificationBook_Army_PB_2013.zzz_unzipped-JustificationBook_Army_PB_2013.xml","44b5bf338c622cc883179b29baa0eba496cc1459abebf2456f3403445a6c39e1","3-e49fb614704b40340457e9b3de0003a07db7520802f002764959b14bb807b2dd","See End Item P-5A/NA","See End Item P-5A","","","1","556-1d4403938bbf1e4b7b6f5d4d18b4ffab4693fd7e8bf3f016d4826b6c1af82793","root"
"Gyro","13","","","2.645","2.628","","","","","","","2013-BASE_PROCUREMENT-2013-ARMY_MISSLE-JustificationBook_Army_PB_2013.zzz_unzipped-JustificationBook_Army_PB_2013.xml","44b5bf338c622cc883179b29baa0eba496cc1459abebf2456f3403445a6c39e1","4-3154dd4d450d53851c55f65b77b868bef7fcf106ea4e86826513a1d4fa060e9c","See End Item P-5A/NA","See End Item P-5A","","","1","556-1d4403938bbf1e4b7b6f5d4d18b4ffab4693fd7e8bf3f016d4826b6c1af82793","root"
"Flight Motor Case Kit","10","","","0.601","0.597","","","","","","","2013-BASE_PROCUREMENT-2013-ARMY_MISSLE-JustificationBook_Army_PB_2013.zzz_unzipped-JustificationBook_Army_PB_2013.xml","44b5bf338c622cc883179b29baa0eba496cc1459abebf2456f3403445a6c39e1","5-e8b1a5858cec24de312d007bbd785393c4bf6329140cc5513525d8beba264058","See End Item P-5A/NA","See End Item P-5A","","","1","556-1d4403938bbf1e4b7b6f5d4d18b4ffab4693fd7e8bf3f016d4826b6c1af82793","root"
"Control Surface Actuators","13","","","1.565","1.555","","","","","","","2013-BASE_PROCUREMENT-2013-ARMY_MISSLE-JustificationBook_Army_PB_2013.zzz_unzipped-JustificationBook_Army_PB_2013.xml","44b5bf338c622cc883179b29baa0eba496cc1459abebf2456f3403445a6c39e1","6-8ee38807907741e52bd03052cbf3e024851889a6ed408b677fbb3f696daceaba","See End Item P-5A/NA","See End Item P-5A","","","1","556-1d4403938bbf1e4b7b6f5d4d18b4ffab4693fd7e8bf3f016d4826b6c1af82793","root"
"Beacon Shutter Actuator","11","","","0.927","0.922","","","","","","","2013-BASE_PROCUREMENT-2013-ARMY_MISSLE-JustificationBook_Army_PB_2013.zzz_unzipped-JustificationBook_Army_PB_2013.xml","44b5bf338c622cc883179b29baa0eba496cc1459abebf2456f3403445a6c39e1","7-8802c880ff3dcf244c0d4600467a9b0a02ebb26e2ccd54dc0e4e462b505a9dec","See End Item P-5A/NA","See End Item P-5A","","","1","556-1d4403938bbf1e4b7b6f5d4d18b4ffab4693fd7e8bf3f016d4826b6c1af82793","root"
"Long Lead Parts","0","95.999","81.811","82.616","74.167","117.855","119.993","121.828","124.021","352","1170.29","2014-BASE_PROCUREMENT-2014-AIRFORCE_MISSILE-PROCUREMENT_JustificationBook_Air_Force_PB_2014.zzz_unzipped-PROCUREMENT_JustificationBook_Air_Force_PB_2014.xml","28b13f43bf3c9204df28d14742096359999d135bd7377ce37d00969774dd7bc2","0-a1f7ced419322623bfaf14cb7cc96c9a247d70f4dcce6e52ab076813da1a6fc9","Lockheed Martin","Newtown, PA","","","","1983-03f4d4eaf290109834bb87482b37af2e14c4436f096a9623a5adfed5e9900b19","root"
"GEO 3 Long Lead","0","269.419","0","0","0","0","0","0","0","0","269.419","2014-BASE_PROCUREMENT-2014-AIRFORCE_MISSILE-PROCUREMENT_JustificationBook_Air_Force_PB_2014.zzz_unzipped-PROCUREMENT_JustificationBook_Air_Force_PB_2014.xml","8f288da7af3c9a30ef74e65a33363da834b67a049226389b0f84b6f3280e5e8d","0-3b012430dc8ba0456f1e5c49c1887319ef48243f29e4241c0657205f148a40d9","","","","","","1990-24ffa0ebe7ff2d9c6d1f5964c43f2169ffabd5afe185c87a2dc7db0e7a991705","root"
"GEO 4 Long Lead","0","275.709","0","0","0","0","0","0","0","0","275.709","2014-BASE_PROCUREMENT-2014-AIRFORCE_MISSILE-PROCUREMENT_JustificationBook_Air_Force_PB_2014.zzz_unzipped-PROCUREMENT_JustificationBook_Air_Force_PB_2014.xml","8f288da7af3c9a30ef74e65a33363da834b67a049226389b0f84b6f3280e5e8d","1-499ce14a39dadd3290bb9698727d21df139e2684c3c3ffdd9d97f27757bfee5f","","","","","","1990-24ffa0ebe7ff2d9c6d1f5964c43f2169ffabd5afe185c87a2dc7db0e7a991705","root"
"GEO 5 & 6 Long Lead","0","243.496","243.5","0","0","0","0","0","0","0","486.996","2014-BASE_PROCUREMENT-2014-AIRFORCE_MISSILE-PROCUREMENT_JustificationBook_Air_Force_PB_2014.zzz_unzipped-PROCUREMENT_JustificationBook_Air_Force_PB_2014.xml","8f288da7af3c9a30ef74e65a33363da834b67a049226389b0f84b6f3280e5e8d","2-e06eeba185d0f6340953f79a8600f2a5eedaa6df656f0b24a3ebdf661c0eec00","","","","","","1990-24ffa0ebe7ff2d9c6d1f5964c43f2169ffabd5afe185c87a2dc7db0e7a991705","root"
"HEO 3 Long Lead","0","124.555","0","0","0","0","0","0","0","0","124.555","2014-BASE_PROCUREMENT-2014-AIRFORCE_MISSILE-PROCUREMENT_JustificationBook_Air_Force_PB_2014.zzz_unzipped-PROCUREMENT_JustificationBook_Air_Force_PB_2014.xml","8f288da7af3c9a30ef74e65a33363da834b67a049226389b0f84b6f3280e5e8d","3-1b29531cee5e4ba27894434119859518a862ad89df8feba0961ff3d19c1f1a76","","","","","","1990-24ffa0ebe7ff2d9c6d1f5964c43f2169ffabd5afe185c87a2dc7db0e7a991705","root"
"HEO 4 Long Lead","0","53.596","0","0","0","0","0","0","0","0","53.596","2014-BASE_PROCUREMENT-2014-AIRFORCE_MISSILE-PROCUREMENT_JustificationBook_Air_Force_PB_2014.zzz_unzipped-PROCUREMENT_JustificationBook_Air_Force_PB_2014.xml","8f288da7af3c9a30ef74e65a33363da834b67a049226389b0f84b6f3280e5e8d","4-a9587f39a02d9eb1b1c69affb06dffa118d5ec20edb8cea641685df91275f018","","","","","","1990-24ffa0ebe7ff2d9c6d1f5964c43f2169ffabd5afe185c87a2dc7db0e7a991705","root"
"Long Lead Parts","0","95.999","81.811","82.616","74.167","117.855","119.993","121.828","124.021","352","1170.29","2014-BASE_PROCUREMENT-2014-AIRFORCE_MISSILE-PROCUREMENT_MasterJustificationBook_Air_Force_PB_2014.zzz_unzipped-PROCUREMENT_MasterJustificationBook_Air_Force_PB_2014.xml","31ec7c494a618c5a63595bbe52991efb65496a7f7586c39b1d78801b6a68b3e9","0-559d5e2c3bce9793417c22f21bf3f78158ed55d776faa5419d757bb8ed487725","Lockheed Martin","Newtown, PA","","","","2007-a9909514fa62924e926794466e81a099b18fc773cbf6fb9f14d2eefd8364d32a","root"
"GEO 3 Long Lead","0","269.419","0","0","0","0","0","0","0","0","269.419","2014-BASE_PROCUREMENT-2014-AIRFORCE_MISSILE-PROCUREMENT_MasterJustificationBook_Air_Force_PB_2014.zzz_unzipped-PROCUREMENT_MasterJustificationBook_Air_Force_PB_2014.xml","c23eef8766627fb09764833a0812de2bcdfc5ff15d046e55317688dc38a2252d","0-2f7a384b3830eb12cdfa2aecb33330bb514d9c099c2a2205108c192b87e9691a","","","","","","2014-9d35f075547325c832b29879974f5baecd7592bf01ef41b9822e06a3852a39dc","root"
"GEO 4 Long Lead","0","275.709","0","0","0","0","0","0","0","0","275.709","2014-BASE_PROCUREMENT-2014-AIRFORCE_MISSILE-PROCUREMENT_MasterJustificationBook_Air_Force_PB_2014.zzz_unzipped-PROCUREMENT_MasterJustificationBook_Air_Force_PB_2014.xml","c23eef8766627fb09764833a0812de2bcdfc5ff15d046e55317688dc38a2252d","1-661d3345cc0362523a6eed149de088822e896e7d58e0a6047ce7248e1de76fd2","","","","","","2014-9d35f075547325c832b29879974f5baecd7592bf01ef41b9822e06a3852a39dc","root"
"GEO 5 & 6 Long Lead","0","243.496","243.5","0","0","0","0","0","0","0","486.996","2014-BASE_PROCUREMENT-2014-AIRFORCE_MISSILE-PROCUREMENT_MasterJustificationBook_Air_Force_PB_2014.zzz_unzipped-PROCUREMENT_MasterJustificationBook_Air_Force_PB_2014.xml","c23eef8766627fb09764833a0812de2bcdfc5ff15d046e55317688dc38a2252d","2-99371cc28cb747b4d9565c0f4245f1e237fb59df3c5b83c9b589df55f2ed716a","","","","","","2014-9d35f075547325c832b29879974f5baecd7592bf01ef41b9822e06a3852a39dc","root"
"HEO 3 Long Lead","0","124.555","0","0","0","0","0","0","0","0","124.555","2014-BASE_PROCUREMENT-2014-AIRFORCE_MISSILE-PROCUREMENT_MasterJustificationBook_Air_Force_PB_2014.zzz_unzipped-PROCUREMENT_MasterJustificationBook_Air_Force_PB_2014.xml","c23eef8766627fb09764833a0812de2bcdfc5ff15d046e55317688dc38a2252d","3-0fd2b5330ef43fc5279a74ded1b5c66aa1238850b1490a6ca43e38703f5c4431","","","","","","2014-9d35f075547325c832b29879974f5baecd7592bf01ef41b9822e06a3852a39dc","root"
"HEO 4 Long Lead","0","53.596","0","0","0","0","0","0","0","0","53.596","2014-BASE_PROCUREMENT-2014-AIRFORCE_MISSILE-PROCUREMENT_MasterJustificationBook_Air_Force_PB_2014.zzz_unzipped-PROCUREMENT_MasterJustificationBook_Air_Force_PB_2014.xml","c23eef8766627fb09764833a0812de2bcdfc5ff15d046e55317688dc38a2252d","4-f7d6bffa9d8132b5df8680cbac0178e1313bbabe889ae24d3885dde6353b155a","","","","","","2014-9d35f075547325c832b29879974f5baecd7592bf01ef41b9822e06a3852a39dc","root"
"CFE Airframe","6","323.033","147.041","36.73","35.205","33.984","62.173","164.016","","0","802.182","2014-BASE_PROCUREMENT-2014-ARMY_AIRCRAFT-PROCUREMENT_JustificationBook_Army_PB_2014.zzz_unzipped-PROCUREMENT_JustificationBook_Army_PB_2014.xml","7b0e042c590ce405a57c1295b031ef39e4d24d939a6d52403326836355b691c2","0-936934fa924d3c58958bfd6f32388cb3629ffc2b524e8143350b38076619b86c","See End Item P-5A/NA","See End Item P-5A","18","18","1","2187-22a4ed3ea121d3917cbd23cdac3600cc9d3ff772de5911aaa997c173466d437e","root"
"Auxiliary Power Unit","3","17.012","2.57","3.82","4.133","5.021","3.764","4.482","","0","40.802","2014-BASE_PROCUREMENT-2014-ARMY_AIRCRAFT-PROCUREMENT_JustificationBook_Army_PB_2014.zzz_unzipped-PROCUREMENT_JustificationBook_Army_PB_2014.xml","7b0e042c590ce405a57c1295b031ef39e4d24d939a6d52403326836355b691c2","1-79c623fb27bd423d3b2c85fca945024cb237cba7b47e18fa7ec6606284bef06f","See End Item P-5A/NA","See End Item P-5A","6","6","1","2187-22a4ed3ea121d3917cbd23cdac3600cc9d3ff772de5911aaa997c173466d437e","root"
"Engines","3","278.946","41.86","62.213","63.301","76.901","57.654","68.674","","0","649.549","2014-BASE_PROCUREMENT-2014-ARMY_AIRCRAFT-PROCUREMENT_JustificationBook_Army_PB_2014.zzz_unzipped-PROCUREMENT_JustificationBook_Army_PB_2014.xml","7b0e042c590ce405a57c1295b031ef39e4d24d939a6d52403326836355b691c2","2-f02a716c307fa85a205d0e86d509dc0baa51899b18f300d2c54fba28482a8f07","See End Item P-5A/NA","See End Item P-5A","14","14","2","2187-22a4ed3ea121d3917cbd23cdac3600cc9d3ff772de5911aaa997c173466d437e","root"
"EGI","3","44.809","6.38","9.482","10.259","12.463","9.344","11.131","","0","103.868","2014-BASE_PROCUREMENT-2014-ARMY_AIRCRAFT-PROCUREMENT_JustificationBook_Army_PB_2014.zzz_unzipped-PROCUREMENT_JustificationBook_Army_PB_2014.xml","7b0e042c590ce405a57c1295b031ef39e4d24d939a6d52403326836355b691c2","3-d8391dc06f73fdd6cf925a76acb7ad03fa47f12d36ce091418942cc151a4a36a","See End Item P-5A/NA","See End Item P-5A","12","12","2","2187-22a4ed3ea121d3917cbd23cdac3600cc9d3ff772de5911aaa997c173466d437e","root"
"Heads Up Display AVS-7","3","13.86","1.93","2.868","3.103","3.769","2.826","3.366","","0","31.722","2014-BASE_PROCUREMENT-2014-ARMY_AIRCRAFT-PROCUREMENT_JustificationBook_Army_PB_2014.zzz_unzipped-PROCUREMENT_JustificationBook_Army_PB_2014.xml","7b0e042c590ce405a57c1295b031ef39e4d24d939a6d52403326836355b691c2","4-9e59ed72a22a3a099ab578ceb3a0337d5eae9e1cf1ca77d603ab36ee4ce0e4b2","See End Item P-5A/NA","See End Item P-5A","9","9","1","2187-22a4ed3ea121d3917cbd23cdac3600cc9d3ff772de5911aaa997c173466d437e","root"
"Hover Infrared Suppressor","3","25.361","","","","","","","","0","25.361","2014-BASE_PROCUREMENT-2014-ARMY_AIRCRAFT-PROCUREMENT_JustificationBook_Army_PB_2014.zzz_unzipped-PROCUREMENT_JustificationBook_Army_PB_2014.xml","7b0e042c590ce405a57c1295b031ef39e4d24d939a6d52403326836355b691c2","5-72e3b14445cef626511caee2b4520c1ca76ba219c8c2bd18b8bcdedce6978b5c","See End Item P-5A/NA","See End Item P-5A","14","14","","2187-22a4ed3ea121d3917cbd23cdac3600cc9d3ff772de5911aaa997c173466d437e","root"
"Miscellaneous","3","15.651","","","","","","","","1402.838","1418.489","2014-BASE_PROCUREMENT-2014-ARMY_AIRCRAFT-PROCUREMENT_JustificationBook_Army_PB_2014.zzz_unzipped-PROCUREMENT_JustificationBook_Army_PB_2014.xml","7b0e042c590ce405a57c1295b031ef39e4d24d939a6d52403326836355b691c2","6-6bcc26115c85f99bfb6501929659c460edf4227d8f7201417b9e2207a8c1c592","See End Item P-5A/NA","See End Item P-5A","12","12","","2187-22a4ed3ea121d3917cbd23cdac3600cc9d3ff772de5911aaa997c173466d437e","root"
"Avionics","16","59.882","48.382","33.338","39.35","40.944","40.854","3.483","","0","266.233","2014-BASE_PROCUREMENT-2014-ARMY_AIRCRAFT-PROCUREMENT_JustificationBook_Army_PB_2014.zzz_unzipped-PROCUREMENT_JustificationBook_Army_PB_2014.xml","f2eca1f3b9094e951071cc5a2831f6cd0cab47104fb28c44bc25e46f6032dac6","0-5e5614ff39e89f449df2925e2d5bef4c3cd1784c5945a1318312850b1a6bb999","See End Item P-5A/NA","See End Item P-5A","15","15","","2189-0faa343753b22c788fe7613eeb7ad134832a7a3b50e50282705d11cda8d226ff","root"
"Airframe","14","89.755","72.574","50.008","59.026","61.417","61.28","5.224","","0","399.284","2014-BASE_PROCUREMENT-2014-ARMY_AIRCRAFT-PROCUREMENT_JustificationBook_Army_PB_2014.zzz_unzipped-PROCUREMENT_JustificationBook_Army_PB_2014.xml","f2eca1f3b9094e951071cc5a2831f6cd0cab47104fb28c44bc25e46f6032dac6","1-85cef180f214355e0907e945acc1405e5d47a72d46285540928fb817754c1c16","See End Item P-5A/NA","See End Item P-5A","13","13","","2189-0faa343753b22c788fe7613eeb7ad134832a7a3b50e50282705d11cda8d226ff","root"
"Apache Block III - Reman","12","229.49","192.764","107.707","150.931","157.338","159.993","158.814","160.532","943.506","2261.075","2014-BASE_PROCUREMENT-2014-ARMY_AIRCRAFT-PROCUREMENT_JustificationBook_Army_PB_2014.zzz_unzipped-PROCUREMENT_JustificationBook_Army_PB_2014.xml","505bb9c0650d62e47256e89a947fe0a2db8054ad7478ffb7dac2dff3cb5db36a","0-3396e6267bb0bbbcb5faee2f1334ef41aa4296c0aea5fab1c7fab93ffb1a3a59","See End Item P-5A/NA","See End Item P-5A","12","12","","2215-61a0c5471750f6e58c4f670993c002acb6d568da1050f5bd83a282d16e868163","root"
"AH-64E Apache New Build","12","","84.264","146.121","","","","","","0","230.385","2014-BASE_PROCUREMENT-2014-ARMY_AIRCRAFT-PROCUREMENT_JustificationBook_Army_PB_2014.zzz_unzipped-PROCUREMENT_JustificationBook_Army_PB_2014.xml","c2307d18e17285b5bec7291f832a2f0bc27b4ca3a55beda1acf55e21fa9af32f","0-ed9c86fad474a4d4a72b668a530e892ce5d309a2862f51c21944f3f29c695634","See End Item P-5A/NA","See End Item P-5A","12","12","","2217-d13668c59bee57de070e7b489d040deac34bfc9352e8221170065d164c207ae3","root"
"Warhead","19","","6.92","6.965","6.999","7.018","","","","0","27.902","2014-BASE_PROCUREMENT-2014-ARMY_MISSLE-PROCUREMENT_JustificationBook_Army_PB_2014.zzz_unzipped-PROCUREMENT_JustificationBook_Army_PB_2014.xml","632923aba4f894b93ed59073a73341bca371b2e639597c1b17bf5525e8823170","0-c20aaa3aecfdb79739443096dd023254ca9e31e69293aa1aa1f2e46d3fc5714a","See End Item P-5A/NA","See End Item P-5A","19","19","0","2232-9cd8fb61f3d479f9f93baeb85155e3a4b7dc10827c3ebd1078c074f1ebaa0ec1","root"
"Launch Motor","14","","0.905","0.905","0.905","0.905","","","","0","3.62","2014-BASE_PROCUREMENT-2014-ARMY_MISSLE-PROCUREMENT_JustificationBook_Army_PB_2014.zzz_unzipped-PROCUREMENT_JustificationBook_Army_PB_2014.xml","632923aba4f894b93ed59073a73341bca371b2e639597c1b17bf5525e8823170","1-6cf068a23737b0f84e7f9baf17203a99863da72c19aaccca083c3f58df00e532","See End Item P-5A/NA","See End Item P-5A","14","14","0","2232-9cd8fb61f3d479f9f93baeb85155e3a4b7dc10827c3ebd1078c074f1ebaa0ec1","root"
"Flight Motor","12","","0.17","0.17","0.17","0.17","","","","0","0.68","2014-BASE_PROCUREMENT-2014-ARMY_MISSLE-PROCUREMENT_JustificationBook_Army_PB_2014.zzz_unzipped-PROCUREMENT_JustificationBook_Army_PB_2014.xml","632923aba4f894b93ed59073a73341bca371b2e639597c1b17bf5525e8823170","2-fa8cc34a4fd1a3fe237e9bc0f395eeead48aeee8996507d856f6ea761c54b06f","See End Item P-5A/NA","See End Item P-5A","12","12","0","2232-9cd8fb61f3d479f9f93baeb85155e3a4b7dc10827c3ebd1078c074f1ebaa0ec1","root"
"2B Sensor","18","","8.533","8.533","8.533","8.533","","","","0","34.132","2014-BASE_PROCUREMENT-2014-ARMY_MISSLE-PROCUREMENT_JustificationBook_Army_PB_2014.zzz_unzipped-PROCUREMENT_JustificationBook_Army_PB_2014.xml","632923aba4f894b93ed59073a73341bca371b2e639597c1b17bf5525e8823170","3-60cb4f557252a711b5cfa85decc5835cf566b7e257f8318f7095ea517fc1a6c2","See End Item P-5A/NA","See End Item P-5A","18","18","0","2232-9cd8fb61f3d479f9f93baeb85155e3a4b7dc10827c3ebd1078c074f1ebaa0ec1","root"
"Gyro","13","","1.548","1.548","1.548","1.548","","","","0","6.192","2014-BASE_PROCUREMENT-2014-ARMY_MISSLE-PROCUREMENT_JustificationBook_Army_PB_2014.zzz_unzipped-PROCUREMENT_JustificationBook_Army_PB_2014.xml","632923aba4f894b93ed59073a73341bca371b2e639597c1b17bf5525e8823170","4-a34097a5a470061ba3a3494df75856e949bf9c9bd36b6d5828879177e268a517","See End Item P-5A/NA","See End Item P-5A","13","13","0","2232-9cd8fb61f3d479f9f93baeb85155e3a4b7dc10827c3ebd1078c074f1ebaa0ec1","root"
"Flight Motor Case Kit","10","","0.351","0.351","0.351","0.351","","","","0","1.404","2014-BASE_PROCUREMENT-2014-ARMY_MISSLE-PROCUREMENT_JustificationBook_Army_PB_2014.zzz_unzipped-PROCUREMENT_JustificationBook_Army_PB_2014.xml","632923aba4f894b93ed59073a73341bca371b2e639597c1b17bf5525e8823170","5-df57b3e0da348b5ff51769b6145d2b7e10c4e5acc3026b66e5a54cc0c874a145","See End Item P-5A/NA","See End Item P-5A","10","10","0","2232-9cd8fb61f3d479f9f93baeb85155e3a4b7dc10827c3ebd1078c074f1ebaa0ec1","root"
"Control Surface Actuators","13","","0.916","0.916","0.916","0.916","","","","0","3.664","2014-BASE_PROCUREMENT-2014-ARMY_MISSLE-PROCUREMENT_JustificationBook_Army_PB_2014.zzz_unzipped-PROCUREMENT_JustificationBook_Army_PB_2014.xml","632923aba4f894b93ed59073a73341bca371b2e639597c1b17bf5525e8823170","6-8e98bf875faf4d53566575fb90c1b694e5e6c4d5ccdf0979995b0e7331d7762e","See End Item P-5A/NA","See End Item P-5A","13","13","0","2232-9cd8fb61f3d479f9f93baeb85155e3a4b7dc10827c3ebd1078c074f1ebaa0ec1","root"
"Beacon Shutter Actuator","11","","0.543","0.543","0.543","0.543","","","","0","2.172","2014-BASE_PROCUREMENT-2014-ARMY_MISSLE-PROCUREMENT_JustificationBook_Army_PB_2014.zzz_unzipped-PROCUREMENT_JustificationBook_Army_PB_2014.xml","632923aba4f894b93ed59073a73341bca371b2e639597c1b17bf5525e8823170","7-3f3764c20751d0a8ab62fc93e0018297a06ca7cce549928ccc7b7bbda5700939","See End Item P-5A/NA","See End Item P-5A","11","11","0","2232-9cd8fb61f3d479f9f93baeb85155e3a4b7dc10827c3ebd1078c074f1ebaa0ec1","root"
"AH-64E Apache New Build","12","","84.264","146.121","","","","","","0","230.385","2014-AMENDED_PROCUREMENT_AND_RDTE-2014-ARMY-PROCUREMENT_JustificationBook_Army_PBAmended_2014_APA.zzz_unzipped-PROCUREMENT_JustificationBook_Army_PBAmended_2014.xml","53aa239ed160d6e353e7923c5e8a04d1e17b5ccc46ba915655778b07e93a9058","0-eee40d0e959ccdd3ac1c3425c2cbf38df777cb2fef76b9aec4653d95d556d2a3","See End Item P-5A/NA","See End Item P-5A","12","12","","2499-494f84b4389066810df73d1d82e7d69c27ff3281291402ef1f9f0ffaeee23f9b","root"
"Avionics","16","59.882","48.382","33.338","39.35","40.944","40.854","3.483","","0","266.233","2014-AMENDED_PROCUREMENT_AND_RDTE-2014-ARMY-PROCUREMENT_JustificationBook_Army_PBAmended_2014_APA.zzz_unzipped-PROCUREMENT_JustificationBook_Army_PBAmended_2014.xml","31ce47de87c8301c9fbe28a62251bab8c03638c577fb670f2b5d6e8131865665","0-afb9c731f68eeaedc73f959232cf0f7e04013cc6d490c02117cf5d3c860d5a3a","See End Item P-5A/NA","See End Item P-5A","15","15","","2502-3c095aad8e871cbb4880c1fe97aff1146551957bc90461198e998d5337bc499d","root"
"Airframe","14","89.755","72.574","50.008","59.026","61.417","61.28","5.224","","0","399.284","2014-AMENDED_PROCUREMENT_AND_RDTE-2014-ARMY-PROCUREMENT_JustificationBook_Army_PBAmended_2014_APA.zzz_unzipped-PROCUREMENT_JustificationBook_Army_PBAmended_2014.xml","31ce47de87c8301c9fbe28a62251bab8c03638c577fb670f2b5d6e8131865665","1-8093f296e539d914cd1fd9e94407891e147baf61dc634b1fbe9c11a90205290c","See End Item P-5A/NA","See End Item P-5A","13","13","","2502-3c095aad8e871cbb4880c1fe97aff1146551957bc90461198e998d5337bc499d","root"
