Name_val,WhenRequiredInMonths_val,Cost_AllPriorYears_TotalCost_val,Cost_PriorYear_TotalCost_val,Cost_CurrentYear_TotalCost_val,Cost_BudgetYearOne_TotalCost_val,Cost_BudgetYearTwo_TotalCost_val,Cost_BudgetYearThree_TotalCost_val,Cost_BudgetYearFour_TotalCost_val,Cost_BudgetYearFive_TotalCost_val,Cost_ToComplete_TotalCost_val,Cost_Total_TotalCost_val,@SOURCE_FILENAME,@RECORDID,@ROWID,ManufacturerList_P10Manufacturer_Name_val,ManufacturerList_P10Manufacturer_Location_val,ManufacturerList_P10Manufacturer_InitialQuantity_ProductionLeadTimeAfterOct1InMonths_val,ManufacturerList_P10Manufacturer_InitialQuantity_TotalLeadTimeAfterOct1InMonths_val,QuantityPerAssembly_val,@PARENTROWID,@PARENT
"Parts Obsolescence Study","0","5","0","0","0","0","0","0","0","0","5","2013-BASE_PROCUREMENT-2013-AIRFORCE_MISSILE-JustificationBook_Air_Force_PB_2013.zzz_unzipped-JustificationBook_Air_Force_PB_2013.xml","fca533df846db3c85fef57959a7c2a50b39c4c9c125c40fcf279343767b5cf2d","0-251b7770ab8852da4b1829bc99232c3149367770e76da70d70626b9e8ee90a52","","","","","","325-ab5e786127a11fb91f2d9082d57175da0e480c9fa8551d88294c68f41a57583c","root"
"Advance Funding","0","380.438","227.172","0","0","0","0","227.119","246.476","0","1081.205","2013-BASE_PROCUREMENT-2013-AIRFORCE_MISSILE-JustificationBook_Air_Force_PB_2013.zzz_unzipped-JustificationBook_Air_Force_PB_2013.xml","fca533df846db3c85fef57959a7c2a50b39c4c9c125c40fcf279343767b5cf2d","1-d29697dc7e3252ad5d142010189b260c7d27e64d167d9433e8a9d500011d8226","","","","","","325-ab5e786127a11fb91f2d9082d57175da0e480c9fa8551d88294c68f41a57583c","root"
"Advance Funding","0","200.544","57.788","0","0","0","0","0","0","0","258.332","2013-BASE_PROCUREMENT-2013-AIRFORCE_MISSILE-JustificationBook_Air_Force_PB_2013.zzz_unzipped-JustificationBook_Air_Force_PB_2013.xml","648a07469f004adcc738e84c76d0bef18b5d87435de896664915380c55bd6660","0-5b8e21422ebd56c4f73e472046bcf7ed53268884a528faaaf95983dd698000c5","","","","","","327-53434974dcb8cb49978fb9787ae8cc40b12ff10c77264aabc5ea21c32205e6f3","root"
"Long Lead Parts","0","80","0.000","81.811","82.616","74.167","117.855","119.993","121.828","0","678.27","2013-BASE_PROCUREMENT-2013-AIRFORCE_MISSILE-JustificationBook_Air_Force_PB_2013.zzz_unzipped-JustificationBook_Air_Force_PB_2013.xml","df1c2cd88ad0500ad4eea734cddff0f6eac1ac04319890f22b9cc2ebbfad0b2d","0-150a8b9eed07c7da777374164b7135722492bbf6f591568720abbeee225385fb","","","","","","329-38f65be14193f939f76ff568422e72c4d0d727519e31417f296f983a1156ea78","root"
"GEO 3 Long Lead","0","269.419","0","0","0","0","0","0","0","0","269.419","2013-BASE_PROCUREMENT-2013-AIRFORCE_MISSILE-JustificationBook_Air_Force_PB_2013.zzz_unzipped-JustificationBook_Air_Force_PB_2013.xml","6d5ffe2e36691c4644986d0b4db0a59417606b26ba9720aadff233310ca0027e","0-d15ea0bf190a5db4df343c345bb19afa5391d6f4993bef989ea29aaa0a32223a","","","","","","336-aa74ad53164d247e5f4ad5d30c134a945f3f17759da1791fabb731d73c4b7541","root"
"GEO 4 Long Lead","0","277.999","0","0","0","0","0","0","0","0","277.999","2013-BASE_PROCUREMENT-2013-AIRFORCE_MISSILE-JustificationBook_Air_Force_PB_2013.zzz_unzipped-JustificationBook_Air_Force_PB_2013.xml","6d5ffe2e36691c4644986d0b4db0a59417606b26ba9720aadff233310ca0027e","1-88e4fee5a7b00467da337a24b1fdeb64586c22c1650da5be4d5f62591f746681","","","","","","336-aa74ad53164d247e5f4ad5d30c134a945f3f17759da1791fabb731d73c4b7541","root"
"GEO 5 & 6 Long Lead","0","0.000","243.506","243.5","0","0","0","0","0","0","487.006","2013-BASE_PROCUREMENT-2013-AIRFORCE_MISSILE-JustificationBook_Air_Force_PB_2013.zzz_unzipped-JustificationBook_Air_Force_PB_2013.xml","6d5ffe2e36691c4644986d0b4db0a59417606b26ba9720aadff233310ca0027e","2-0abaebbc44b2f0c40df5e61d763136e273679ae0a47cc0e9022a5e9efedf7ff4","","","","","","336-aa74ad53164d247e5f4ad5d30c134a945f3f17759da1791fabb731d73c4b7541","root"
"HEO 3 Long Lead","0","124.555","0","0","0","0","0","0","0","0","124.555","2013-BASE_PROCUREMENT-2013-AIRFORCE_MISSILE-JustificationBook_Air_Force_PB_2013.zzz_unzipped-JustificationBook_Air_Force_PB_2013.xml","6d5ffe2e36691c4644986d0b4db0a59417606b26ba9720aadff233310ca0027e","3-a249624088727d3fd098689b0e05c0a7bae3718a66945cdee3cb066e4aba2c6a","","","","","","336-aa74ad53164d247e5f4ad5d30c134a945f3f17759da1791fabb731d73c4b7541","root"
"HEO 4 Long Lead","0","53.596","0","0","0","0","0","0","0","0","53.596","2013-BASE_PROCUREMENT-2013-AIRFORCE_MISSILE-JustificationBook_Air_Force_PB_2013.zzz_unzipped-JustificationBook_Air_Force_PB_2013.xml","6d5ffe2e36691c4644986d0b4db0a59417606b26ba9720aadff233310ca0027e","4-6c8f598a00020e4a95191360bc1b4481690f2ce6a0f8b70e7b03477911ce9c21","","","","","","336-aa74ad53164d247e5f4ad5d30c134a945f3f17759da1791fabb731d73c4b7541","root"
"Parts Obsolescence Study","0","5","0","0","0","0","0","0","0","0","5","2013-BASE_PROCUREMENT-2013-AIRFORCE_MISSILE-MasterJustificationBook_Air_Force_PB_2013.zzz_unzipped-MasterJustificationBook_Air_Force_PB_2013.xml","255c26749dc5188d24ea856a736ec9172de44d09c0225265e1d5284f7bfecfb3","0-e97bda49036b245f36b198828a2156f2a8fbef6f2735529e5742814f34e88c92","","","","","","351-3645c8de4797d18ae5fa40f399ca246fa487895c58cbc560f66ed8a0dd21b4b7","root"
"Advance Funding","0","380.438","227.172","0","0","0","0","227.119","246.476","0","1081.205","2013-BASE_PROCUREMENT-2013-AIRFORCE_MISSILE-MasterJustificationBook_Air_Force_PB_2013.zzz_unzipped-MasterJustificationBook_Air_Force_PB_2013.xml","255c26749dc5188d24ea856a736ec9172de44d09c0225265e1d5284f7bfecfb3","1-06e0c757b230b0a4a87cc74ae397d8cd8d96a16a5b7891a0421d3d272fe9f9aa","","","","","","351-3645c8de4797d18ae5fa40f399ca246fa487895c58cbc560f66ed8a0dd21b4b7","root"
"Advance Funding","0","200.544","57.788","0","0","0","0","0","0","0","258.332","2013-BASE_PROCUREMENT-2013-AIRFORCE_MISSILE-MasterJustificationBook_Air_Force_PB_2013.zzz_unzipped-MasterJustificationBook_Air_Force_PB_2013.xml","47124093ee8f4fb73eb5f522f72d6b3b59a42f26c0f084fce676673da8facf32","0-f738a6a1fa11229735a9b9aaeb9f35f14f1916e173ccdfc75c19c5fe612ffcbd","","","","","","353-578640403d9fe453dd0fd4fdba9d0d1323d471a083a5cf5ffe5a116bcbec4b92","root"
"Long Lead Parts","0","80","0.000","81.811","82.616","74.167","117.855","119.993","121.828","0","678.27","2013-BASE_PROCUREMENT-2013-AIRFORCE_MISSILE-MasterJustificationBook_Air_Force_PB_2013.zzz_unzipped-MasterJustificationBook_Air_Force_PB_2013.xml","b9717af61d468e082aa4fc887ac1d17fbfe1a825bc4c8f2baf0f00775d16d15f","0-1430cc6bc0882b9bc20bd84d8fb326e67dd5e71832e4cf36abb4d3a13abedaeb","","","","","","355-43eca0fd36c634e7b250867e689f172cfcae3f758ebe06b74733dcd69fcfcc33","root"
"GEO 3 Long Lead","0","269.419","0","0","0","0","0","0","0","0","269.419","2013-BASE_PROCUREMENT-2013-AIRFORCE_MISSILE-MasterJustificationBook_Air_Force_PB_2013.zzz_unzipped-MasterJustificationBook_Air_Force_PB_2013.xml","5fca32ae8e60a21370b480077c2e670b3d36aecdad5eb1086c2190ed6b3840f9","0-17284703470640b0c8b78acf53ee84e45d0516bb4f775dbde43de735bb0d8fe0","","","","","","362-0631b20538a2e39c8b639b36d4a85d731dd72353d8fcca581c732f85289045c5","root"
"GEO 4 Long Lead","0","277.999","0","0","0","0","0","0","0","0","277.999","2013-BASE_PROCUREMENT-2013-AIRFORCE_MISSILE-MasterJustificationBook_Air_Force_PB_2013.zzz_unzipped-MasterJustificationBook_Air_Force_PB_2013.xml","5fca32ae8e60a21370b480077c2e670b3d36aecdad5eb1086c2190ed6b3840f9","1-5760ebcea0783cdccac9a8a3fc404d354269dbc4950f0d1d32a888d593f989df","","","","","","362-0631b20538a2e39c8b639b36d4a85d731dd72353d8fcca581c732f85289045c5","root"
"GEO 5 & 6 Long Lead","0","0.000","243.506","243.5","0","0","0","0","0","0","487.006","2013-BASE_PROCUREMENT-2013-AIRFORCE_MISSILE-MasterJustificationBook_Air_Force_PB_2013.zzz_unzipped-MasterJustificationBook_Air_Force_PB_2013.xml","5fca32ae8e60a21370b480077c2e670b3d36aecdad5eb1086c2190ed6b3840f9","2-d0f085767e53459306a4361ce8459fe8bcb41a6c5ae49602db2f61d4a4c66bae","","","","","","362-0631b20538a2e39c8b639b36d4a85d731dd72353d8fcca581c732f85289045c5","root"
"HEO 3 Long Lead","0","124.555","0","0","0","0","0","0","0","0","124.555","2013-BASE_PROCUREMENT-2013-AIRFORCE_MISSILE-MasterJustificationBook_Air_Force_PB_2013.zzz_unzipped-MasterJustificationBook_Air_Force_PB_2013.xml","5fca32ae8e60a21370b480077c2e670b3d36aecdad5eb1086c2190ed6b3840f9","3-6cf90c3b1871eedbc76530cb8b456e63a1ef88adbd752d09e2b8ca7dafb96d32","","","","","","362-0631b20538a2e39c8b639b36d4a85d731dd72353d8fcca581c732f85289045c5","root"
"HEO 4 Long Lead","0","53.596","0","0","0","0","0","0","0","0","53.596","2013-BASE_PROCUREMENT-2013-AIRFORCE_MISSILE-MasterJustificationBook_Air_Force_PB_2013.zzz_unzipped-MasterJustificationBook_Air_Force_PB_2013.xml","5fca32ae8e60a21370b480077c2e670b3d36aecdad5eb1086c2190ed6b3840f9","4-ffe350553b568cf21f2fc644f33657a15eff1d2f3354563d3a2390ece431fc57","","","","","","362-0631b20538a2e39c8b639b36d4a85d731dd72353d8fcca581c732f85289045c5","root"
"CFE Airframe","6","2820.52","52.18","147.041","36.73","","","","","","","2013-BASE_PROCUREMENT-2013-ARMY_AIRCRAFT-JustificationBook_Army_PB_2013.zzz_unzipped-JustificationBook_Army_PB_2013.xml","476bb125e872c0c70d28a29765f57e9cac786010a7a090c46cbccf23e3219f96","0-12584264cd6e691601e4ee3536aa82663b849d89fd4d65e6b2d3983a847d781f","See End Item P-5A/NA","See End Item P-5A","","","1","503-46822bd09ae60801cb6e122644828dfbdec7f168f169403bca55b5f4888fbb24","root"
"Auxiliary Power Unit","3","14.619","2.328","2.57","3.82","","","","","","","2013-BASE_PROCUREMENT-2013-ARMY_AIRCRAFT-JustificationBook_Army_PB_2013.zzz_unzipped-JustificationBook_Army_PB_2013.xml","476bb125e872c0c70d28a29765f57e9cac786010a7a090c46cbccf23e3219f96","1-bd8fe681f6758311e29f2384e3aa3dd1e0157ce31924cde1802ae24055d68481","See End Item P-5A/NA","See End Item P-5A","","","1","503-46822bd09ae60801cb6e122644828dfbdec7f168f169403bca55b5f4888fbb24","root"
"Engines","3","234","37.926","41.86","62.213","","","","","","","2013-BASE_PROCUREMENT-2013-ARMY_AIRCRAFT-JustificationBook_Army_PB_2013.zzz_unzipped-JustificationBook_Army_PB_2013.xml","476bb125e872c0c70d28a29765f57e9cac786010a7a090c46cbccf23e3219f96","2-b18f03871b7526547e0db2a226d6aac035782c51d0c40634eaf22bcb14647b5d","See End Item P-5A/NA","See End Item P-5A","","","2","503-46822bd09ae60801cb6e122644828dfbdec7f168f169403bca55b5f4888fbb24","root"
"EGI","3","38.866","5.78","6.38","9.482","","","","","","","2013-BASE_PROCUREMENT-2013-ARMY_AIRCRAFT-JustificationBook_Army_PB_2013.zzz_unzipped-JustificationBook_Army_PB_2013.xml","476bb125e872c0c70d28a29765f57e9cac786010a7a090c46cbccf23e3219f96","3-c2f58dee9b897319a724a0d39b8da05640e0a6139298b848d816e8706c8a6aaa","See End Item P-5A/NA","See End Item P-5A","","","2","503-46822bd09ae60801cb6e122644828dfbdec7f168f169403bca55b5f4888fbb24","root"
"Heads Up Display AVS-7","3","12.064","1.748","1.93","2.868","","","","","","","2013-BASE_PROCUREMENT-2013-ARMY_AIRCRAFT-JustificationBook_Army_PB_2013.zzz_unzipped-JustificationBook_Army_PB_2013.xml","476bb125e872c0c70d28a29765f57e9cac786010a7a090c46cbccf23e3219f96","4-d99c9acf450e26235429326fb91053a50dd536831ad29c2e1e7b229f66455d6d","See End Item P-5A/NA","See End Item P-5A","","","1","503-46822bd09ae60801cb6e122644828dfbdec7f168f169403bca55b5f4888fbb24","root"
"Hover Infrared Suppressor","3","28.2","","","","","","","","","","2013-BASE_PROCUREMENT-2013-ARMY_AIRCRAFT-JustificationBook_Army_PB_2013.zzz_unzipped-JustificationBook_Army_PB_2013.xml","476bb125e872c0c70d28a29765f57e9cac786010a7a090c46cbccf23e3219f96","5-1e6032d0da2839ac0a2f329b42db2dfb5824e9f83703b6d8611990a940e50aaa","See End Item P-5A/NA","See End Item P-5A","","","","503-46822bd09ae60801cb6e122644828dfbdec7f168f169403bca55b5f4888fbb24","root"
"Miscellaneous","3","1.914","","","","","","","","","","2013-BASE_PROCUREMENT-2013-ARMY_AIRCRAFT-JustificationBook_Army_PB_2013.zzz_unzipped-JustificationBook_Army_PB_2013.xml","476bb125e872c0c70d28a29765f57e9cac786010a7a090c46cbccf23e3219f96","6-3c3e0913464ec15d77a57ad3ea5e7466afaca49aae859358bb8c17659c1b9b08","See End Item P-5A/NA","See End Item P-5A","","","","503-46822bd09ae60801cb6e122644828dfbdec7f168f169403bca55b5f4888fbb24","root"
"Avionics","16","33.339","26.543","48.382","33.338","","","","","","","2013-BASE_PROCUREMENT-2013-ARMY_AIRCRAFT-JustificationBook_Army_PB_2013.zzz_unzipped-JustificationBook_Army_PB_2013.xml","b4c6cf926d2b336db794238f2a4386bae34220d6a1901227d2ac2527ad9022b9","0-cfc69b387b9b47b4f2c717f82ec1e948067028ebe6b671f65ecb34a4d3644e82","See End Item P-5A/NA","See End Item P-5A","","","","505-c9b71b6e4314d578e9d3c00a2ba22d146bac7b191b037c79983cf13142e4739a","root"
"Airframe","14","49.94","39.815","72.574","50.008","","","","","","","2013-BASE_PROCUREMENT-2013-ARMY_AIRCRAFT-JustificationBook_Army_PB_2013.zzz_unzipped-JustificationBook_Army_PB_2013.xml","b4c6cf926d2b336db794238f2a4386bae34220d6a1901227d2ac2527ad9022b9","1-37e89f7c171beb7f348c931fdaa7054c2394c9ece4c9c4486c347e4b80090e0a","See End Item P-5A/NA","See End Item P-5A","","","","505-c9b71b6e4314d578e9d3c00a2ba22d146bac7b191b037c79983cf13142e4739a","root"
"Apache Block III - Reman","12","69.253","160.237","192.764","107.707","","","","","","","2013-BASE_PROCUREMENT-2013-ARMY_AIRCRAFT-JustificationBook_Army_PB_2013.zzz_unzipped-JustificationBook_Army_PB_2013.xml","955003074ccebc6720a490ded3729c9bdca8cc7b01fd76b92fbcec69828c544e","0-6ec595ecb0a3941166e06d0ef4139c14e1844c8f27f8031b912feaf1a5241f9e","See End Item P-5A/NA","See End Item P-5A","","","","538-98b50f58a5800adc0dec11b35fafaf332e8d212c238e34a683062dccaa8f03ea","root"
"Apache Block III New Build","12","","","104.263","146.121","","","","","","","2013-BASE_PROCUREMENT-2013-ARMY_AIRCRAFT-JustificationBook_Army_PB_2013.zzz_unzipped-JustificationBook_Army_PB_2013.xml","dfa13d6ba9123d0f64c1462a9ea1e0b6ae62d2813da1972863d56a7001b06112","0-eaa2a54c9f6ae04108152371fc94b2dbe05b6c2c842f611aa97589feb761eb8e","See End Item P-5A/NA","See End Item P-5A","","","","540-8cfc4c099f20a40fca6ea47061311a8e1ee178005f99fe4e4f345c95c95cb5e6","root"
"Warhead","19","","","7.687","7.698","","","","","","","2013-BASE_PROCUREMENT-2013-ARMY_MISSLE-JustificationBook_Army_PB_2013.zzz_unzipped-JustificationBook_Army_PB_2013.xml","44b5bf338c622cc883179b29baa0eba496cc1459abebf2456f3403445a6c39e1","0-2db34ee8dd1fdd5dd8925a8892e1dfebb92072df27d0abc19d2121746d18dca6","See End Item P-5A/NA","See End Item P-5A","","","1","556-46d9d87c331b6c1cc62d48e0405835c9af6565bb9c65eab5fa4d8f89c321c82f","root"
"Launch Motor","14","","","1.547","1.537","","","","","","","2013-BASE_PROCUREMENT-2013-ARMY_MISSLE-JustificationBook_Army_PB_2013.zzz_unzipped-JustificationBook_Army_PB_2013.xml","44b5bf338c622cc883179b29baa0eba496cc1459abebf2456f3403445a6c39e1","1-4eacd6755df495cf10d21ac30eae74fb1c94606415ce575a4db7ab58fa5e5aa8","See End Item P-5A/NA","See End Item P-5A","","","1","556-46d9d87c331b6c1cc62d48e0405835c9af6565bb9c65eab5fa4d8f89c321c82f","root"
"Flight Motor","12","","","0.291","0.289","","","","","","","2013-BASE_PROCUREMENT-2013-ARMY_MISSLE-JustificationBook_Army_PB_2013.zzz_unzipped-JustificationBook_Army_PB_2013.xml","44b5bf338c622cc883179b29baa0eba496cc1459abebf2456f3403445a6c39e1","2-33175eecffac0435491e50d093361e980f96caa75edc8aafe6c35f791f171cfc","See End Item P-5A/NA","See End Item P-5A","","","1","556-46d9d87c331b6c1cc62d48e0405835c9af6565bb9c65eab5fa4d8f89c321c82f","root"
"2B Sensor","18","","","4.623","4.705","","","","","","","2013-BASE_PROCUREMENT-2013-ARMY_MISSLE-JustificationBook_Army_PB_2013.zzz_unzipped-JustificationBook_Army_PB_2013.xml","44b5bf338c622cc883179b29baa0eba496cc1459abebf2456f3403445a6c39e1","3-50a648ea96e88ff4b36bb011632d8290c896ff47dd807260ab3cd11a2e0bcd7d","See End Item P-5A/NA","See End Item P-5A","","","1","556-46d9d87c331b6c1cc62d48e0405835c9af6565bb9c65eab5fa4d8f89c321c82f","root"
"Gyro","13","","","2.645","2.628","","","","","","","2013-BASE_PROCUREMENT-2013-ARMY_MISSLE-JustificationBook_Army_PB_2013.zzz_unzipped-JustificationBook_Army_PB_2013.xml","44b5bf338c622cc883179b29baa0eba496cc1459abebf2456f3403445a6c39e1","4-693d0222632ec657a9c60c14de7b41afa7e5dc36f9936509c062fb78a2705de7","See End Item P-5A/NA","See End Item P-5A","","","1","556-46d9d87c331b6c1cc62d48e0405835c9af6565bb9c65eab5fa4d8f89c321c82f","root"
"Flight Motor Case Kit","10","","","0.601","0.597","","","","","","","2013-BASE_PROCUREMENT-2013-ARMY_MISSLE-JustificationBook_Army_PB_2013.zzz_unzipped-JustificationBook_Army_PB_2013.xml","44b5bf338c622cc883179b29baa0eba496cc1459abebf2456f3403445a6c39e1","5-4d09c4ff91c507e1298a9bba4333fbda82f08ae05bce88d2950deca6a1c2879e","See End Item P-5A/NA","See End Item P-5A","","","1","556-46d9d87c331b6c1cc62d48e0405835c9af6565bb9c65eab5fa4d8f89c321c82f","root"
"Control Surface Actuators","13","","","1.565","1.555","","","","","","","2013-BASE_PROCUREMENT-2013-ARMY_MISSLE-JustificationBook_Army_PB_2013.zzz_unzipped-JustificationBook_Army_PB_2013.xml","44b5bf338c622cc883179b29baa0eba496cc1459abebf2456f3403445a6c39e1","6-26671aab20037f64cbbdb22f0fab0647ece18d00c6a485bc20402d4fc38247c1","See End Item P-5A/NA","See End Item P-5A","","","1","556-46d9d87c331b6c1cc62d48e0405835c9af6565bb9c65eab5fa4d8f89c321c82f","root"
"Beacon Shutter Actuator","11","","","0.927","0.922","","","","","","","2013-BASE_PROCUREMENT-2013-ARMY_MISSLE-JustificationBook_Army_PB_2013.zzz_unzipped-JustificationBook_Army_PB_2013.xml","44b5bf338c622cc883179b29baa0eba496cc1459abebf2456f3403445a6c39e1","7-f0005a040bdc0de2aff4718b65db25d2944da8f8eb1a1bf1887da23769432ce1","See End Item P-5A/NA","See End Item P-5A","","","1","556-46d9d87c331b6c1cc62d48e0405835c9af6565bb9c65eab5fa4d8f89c321c82f","root"
"Long Lead Parts","0","95.999","81.811","82.616","74.167","117.855","119.993","121.828","124.021","352","1170.29","2014-BASE_PROCUREMENT-2014-AIRFORCE_MISSILE-PROCUREMENT_JustificationBook_Air_Force_PB_2014.zzz_unzipped-PROCUREMENT_JustificationBook_Air_Force_PB_2014.xml","28b13f43bf3c9204df28d14742096359999d135bd7377ce37d00969774dd7bc2","0-f317e7978caa72f1816bd46f4c2927154257fcb945eb1b9d909c1ad1a9210da4","Lockheed Martin","Newtown, PA","","","","1983-75b65d9156c5d7b640d6be81d1b08977efdbc4ea217246d0097557bfbf43ef2c","root"
"GEO 3 Long Lead","0","269.419","0","0","0","0","0","0","0","0","269.419","2014-BASE_PROCUREMENT-2014-AIRFORCE_MISSILE-PROCUREMENT_JustificationBook_Air_Force_PB_2014.zzz_unzipped-PROCUREMENT_JustificationBook_Air_Force_PB_2014.xml","8f288da7af3c9a30ef74e65a33363da834b67a049226389b0f84b6f3280e5e8d","0-716fe22b68f1e1c0f3c218e0cd3d50e144ae0113db3f53ae4060270d5730f423","","","","","","1990-6b7a0d2970475b2f7512d50aba0bbc0345f9b35ea82284b9697c6c582268ac2f","root"
"GEO 4 Long Lead","0","275.709","0","0","0","0","0","0","0","0","275.709","2014-BASE_PROCUREMENT-2014-AIRFORCE_MISSILE-PROCUREMENT_JustificationBook_Air_Force_PB_2014.zzz_unzipped-PROCUREMENT_JustificationBook_Air_Force_PB_2014.xml","8f288da7af3c9a30ef74e65a33363da834b67a049226389b0f84b6f3280e5e8d","1-4591fe81c75d17c0108e0a5c98f26786e359ecc49744c028dbd4de9d03979092","","","","","","1990-6b7a0d2970475b2f7512d50aba0bbc0345f9b35ea82284b9697c6c582268ac2f","root"
"GEO 5 & 6 Long Lead","0","243.496","243.5","0","0","0","0","0","0","0","486.996","2014-BASE_PROCUREMENT-2014-AIRFORCE_MISSILE-PROCUREMENT_JustificationBook_Air_Force_PB_2014.zzz_unzipped-PROCUREMENT_JustificationBook_Air_Force_PB_2014.xml","8f288da7af3c9a30ef74e65a33363da834b67a049226389b0f84b6f3280e5e8d","2-62b65e45b79a9d562c053b67fbfab79ca2fc9f9fc1441806386a12f3cc569122","","","","","","1990-6b7a0d2970475b2f7512d50aba0bbc0345f9b35ea82284b9697c6c582268ac2f","root"
"HEO 3 Long Lead","0","124.555","0","0","0","0","0","0","0","0","124.555","2014-BASE_PROCUREMENT-2014-AIRFORCE_MISSILE-PROCUREMENT_JustificationBook_Air_Force_PB_2014.zzz_unzipped-PROCUREMENT_JustificationBook_Air_Force_PB_2014.xml","8f288da7af3c9a30ef74e65a33363da834b67a049226389b0f84b6f3280e5e8d","3-35d577aa8935bc5322ef274287135f959c740be809d3e79c23f4e5fec015668e","","","","","","1990-6b7a0d2970475b2f7512d50aba0bbc0345f9b35ea82284b9697c6c582268ac2f","root"
"HEO 4 Long Lead","0","53.596","0","0","0","0","0","0","0","0","53.596","2014-BASE_PROCUREMENT-2014-AIRFORCE_MISSILE-PROCUREMENT_JustificationBook_Air_Force_PB_2014.zzz_unzipped-PROCUREMENT_JustificationBook_Air_Force_PB_2014.xml","8f288da7af3c9a30ef74e65a33363da834b67a049226389b0f84b6f3280e5e8d","4-47d3ae09bd82fe854c2e2a9ead73ea8d5a3071730e399a449affbe4a78755cdf","","","","","","1990-6b7a0d2970475b2f7512d50aba0bbc0345f9b35ea82284b9697c6c582268ac2f","root"
"Long Lead Parts","0","95.999","81.811","82.616","74.167","117.855","119.993","121.828","124.021","352","1170.29","2014-BASE_PROCUREMENT-2014-AIRFORCE_MISSILE-PROCUREMENT_MasterJustificationBook_Air_Force_PB_2014.zzz_unzipped-PROCUREMENT_MasterJustificationBook_Air_Force_PB_2014.xml","31ec7c494a618c5a63595bbe52991efb65496a7f7586c39b1d78801b6a68b3e9","0-55073f20bb9800a2768bd09a362ea31712c2b213e648625d9ef40d8abeba484b","Lockheed Martin","Newtown, PA","","","","2007-9d9c0e2ff0368bdfd78c8bc843c7d63197452cc45e3e2979cf4f297ca872f278","root"
"GEO 3 Long Lead","0","269.419","0","0","0","0","0","0","0","0","269.419","2014-BASE_PROCUREMENT-2014-AIRFORCE_MISSILE-PROCUREMENT_MasterJustificationBook_Air_Force_PB_2014.zzz_unzipped-PROCUREMENT_MasterJustificationBook_Air_Force_PB_2014.xml","c23eef8766627fb09764833a0812de2bcdfc5ff15d046e55317688dc38a2252d","0-fc70228771ad68d3193e869e9aeab926010247db2cf57799f50c6d670970dd28","","","","","","2014-10f8520a139335f4998af169bc4eda88a4e44e5737d0fe4b27bd78177eb66f47","root"
"GEO 4 Long Lead","0","275.709","0","0","0","0","0","0","0","0","275.709","2014-BASE_PROCUREMENT-2014-AIRFORCE_MISSILE-PROCUREMENT_MasterJustificationBook_Air_Force_PB_2014.zzz_unzipped-PROCUREMENT_MasterJustificationBook_Air_Force_PB_2014.xml","c23eef8766627fb09764833a0812de2bcdfc5ff15d046e55317688dc38a2252d","1-a8bb8ded3ed86cef5a1df97173100146b1cbb230fc5c487e2b64489941401f94","","","","","","2014-10f8520a139335f4998af169bc4eda88a4e44e5737d0fe4b27bd78177eb66f47","root"
"GEO 5 & 6 Long Lead","0","243.496","243.5","0","0","0","0","0","0","0","486.996","2014-BASE_PROCUREMENT-2014-AIRFORCE_MISSILE-PROCUREMENT_MasterJustificationBook_Air_Force_PB_2014.zzz_unzipped-PROCUREMENT_MasterJustificationBook_Air_Force_PB_2014.xml","c23eef8766627fb09764833a0812de2bcdfc5ff15d046e55317688dc38a2252d","2-a779ed4447f3c2f47b928d60eb7d51b40a443011071cedbb80565520691abbab","","","","","","2014-10f8520a139335f4998af169bc4eda88a4e44e5737d0fe4b27bd78177eb66f47","root"
"HEO 3 Long Lead","0","124.555","0","0","0","0","0","0","0","0","124.555","2014-BASE_PROCUREMENT-2014-AIRFORCE_MISSILE-PROCUREMENT_MasterJustificationBook_Air_Force_PB_2014.zzz_unzipped-PROCUREMENT_MasterJustificationBook_Air_Force_PB_2014.xml","c23eef8766627fb09764833a0812de2bcdfc5ff15d046e55317688dc38a2252d","3-b7c6d7266d4cfc346e0cc5979ddb2add7285cd9a71d6a7d5c21db2d1f0b4a12d","","","","","","2014-10f8520a139335f4998af169bc4eda88a4e44e5737d0fe4b27bd78177eb66f47","root"
"HEO 4 Long Lead","0","53.596","0","0","0","0","0","0","0","0","53.596","2014-BASE_PROCUREMENT-2014-AIRFORCE_MISSILE-PROCUREMENT_MasterJustificationBook_Air_Force_PB_2014.zzz_unzipped-PROCUREMENT_MasterJustificationBook_Air_Force_PB_2014.xml","c23eef8766627fb09764833a0812de2bcdfc5ff15d046e55317688dc38a2252d","4-6eaf6fbcbad0961c033189d049fc313da3f765ec066170bf47457e6f5bfe768c","","","","","","2014-10f8520a139335f4998af169bc4eda88a4e44e5737d0fe4b27bd78177eb66f47","root"
"CFE Airframe","6","323.033","147.041","36.73","35.205","33.984","62.173","164.016","","0","802.182","2014-BASE_PROCUREMENT-2014-ARMY_AIRCRAFT-PROCUREMENT_JustificationBook_Army_PB_2014.zzz_unzipped-PROCUREMENT_JustificationBook_Army_PB_2014.xml","7b0e042c590ce405a57c1295b031ef39e4d24d939a6d52403326836355b691c2","0-ba3d963e7c10068f1b5f2634051a18d957df239bc4e587c59beb1eca341cc7b7","See End Item P-5A/NA","See End Item P-5A","18","18","1","2187-da69fab45b904a389e81f0b56d001f91b285f9c56c3a43ca6a29204ce156f20c","root"
"Auxiliary Power Unit","3","17.012","2.57","3.82","4.133","5.021","3.764","4.482","","0","40.802","2014-BASE_PROCUREMENT-2014-ARMY_AIRCRAFT-PROCUREMENT_JustificationBook_Army_PB_2014.zzz_unzipped-PROCUREMENT_JustificationBook_Army_PB_2014.xml","7b0e042c590ce405a57c1295b031ef39e4d24d939a6d52403326836355b691c2","1-ddf14cfffe622acb26ba5ccf07ff43b2f63d3fb5170aedbdf6c157289616015a","See End Item P-5A/NA","See End Item P-5A","6","6","1","2187-da69fab45b904a389e81f0b56d001f91b285f9c56c3a43ca6a29204ce156f20c","root"
"Engines","3","278.946","41.86","62.213","63.301","76.901","57.654","68.674","","0","649.549","2014-BASE_PROCUREMENT-2014-ARMY_AIRCRAFT-PROCUREMENT_JustificationBook_Army_PB_2014.zzz_unzipped-PROCUREMENT_JustificationBook_Army_PB_2014.xml","7b0e042c590ce405a57c1295b031ef39e4d24d939a6d52403326836355b691c2","2-973bf6c749aea4fb185d102c87a9a305d16df86003f1461786e19e2736eb7688","See End Item P-5A/NA","See End Item P-5A","14","14","2","2187-da69fab45b904a389e81f0b56d001f91b285f9c56c3a43ca6a29204ce156f20c","root"
"EGI","3","44.809","6.38","9.482","10.259","12.463","9.344","11.131","","0","103.868","2014-BASE_PROCUREMENT-2014-ARMY_AIRCRAFT-PROCUREMENT_JustificationBook_Army_PB_2014.zzz_unzipped-PROCUREMENT_JustificationBook_Army_PB_2014.xml","7b0e042c590ce405a57c1295b031ef39e4d24d939a6d52403326836355b691c2","3-c74ff90e1f0fe899840590d5429b0f5d0c64ba8a8977ce00b5d4ab45bcaa8cd5","See End Item P-5A/NA","See End Item P-5A","12","12","2","2187-da69fab45b904a389e81f0b56d001f91b285f9c56c3a43ca6a29204ce156f20c","root"
"Heads Up Display AVS-7","3","13.86","1.93","2.868","3.103","3.769","2.826","3.366","","0","31.722","2014-BASE_PROCUREMENT-2014-ARMY_AIRCRAFT-PROCUREMENT_JustificationBook_Army_PB_2014.zzz_unzipped-PROCUREMENT_JustificationBook_Army_PB_2014.xml","7b0e042c590ce405a57c1295b031ef39e4d24d939a6d52403326836355b691c2","4-a79a8a9bf250357a75c04ccf73533dc3c52675370fd7b0a67ae279f7fc5043b5","See End Item P-5A/NA","See End Item P-5A","9","9","1","2187-da69fab45b904a389e81f0b56d001f91b285f9c56c3a43ca6a29204ce156f20c","root"
"Hover Infrared Suppressor","3","25.361","","","","","","","","0","25.361","2014-BASE_PROCUREMENT-2014-ARMY_AIRCRAFT-PROCUREMENT_JustificationBook_Army_PB_2014.zzz_unzipped-PROCUREMENT_JustificationBook_Army_PB_2014.xml","7b0e042c590ce405a57c1295b031ef39e4d24d939a6d52403326836355b691c2","5-6fde6c4e65d2e3e4d816fa7a54edd82304031a098306562a3de9560fab0c49ac","See End Item P-5A/NA","See End Item P-5A","14","14","","2187-da69fab45b904a389e81f0b56d001f91b285f9c56c3a43ca6a29204ce156f20c","root"
"Miscellaneous","3","15.651","","","","","","","","1402.838","1418.489","2014-BASE_PROCUREMENT-2014-ARMY_AIRCRAFT-PROCUREMENT_JustificationBook_Army_PB_2014.zzz_unzipped-PROCUREMENT_JustificationBook_Army_PB_2014.xml","7b0e042c590ce405a57c1295b031ef39e4d24d939a6d52403326836355b691c2","6-51b6cd108ed646bbfec6d9461899f0c42a8afa5d20ce3ca0980861753ede52e2","See End Item P-5A/NA","See End Item P-5A","12","12","","2187-da69fab45b904a389e81f0b56d001f91b285f9c56c3a43ca6a29204ce156f20c","root"
"Avionics","16","59.882","48.382","33.338","39.35","40.944","40.854","3.483","","0","266.233","2014-BASE_PROCUREMENT-2014-ARMY_AIRCRAFT-PROCUREMENT_JustificationBook_Army_PB_2014.zzz_unzipped-PROCUREMENT_JustificationBook_Army_PB_2014.xml","f2eca1f3b9094e951071cc5a2831f6cd0cab47104fb28c44bc25e46f6032dac6","0-a59daecd0ad3916d1695390575077f4b5d701b0e91777e66204a0d461bd7e82f","See End Item P-5A/NA","See End Item P-5A","15","15","","2189-4b0e2945771b95fc97d6fa473408f652b2314f59278e2ffdd65669f79addffe0","root"
"Airframe","14","89.755","72.574","50.008","59.026","61.417","61.28","5.224","","0","399.284","2014-BASE_PROCUREMENT-2014-ARMY_AIRCRAFT-PROCUREMENT_JustificationBook_Army_PB_2014.zzz_unzipped-PROCUREMENT_JustificationBook_Army_PB_2014.xml","f2eca1f3b9094e951071cc5a2831f6cd0cab47104fb28c44bc25e46f6032dac6","1-61f42219e9f88e79388b30dab7ef26407ad0d4cf9fa5f899439f5e64a9c85a47","See End Item P-5A/NA","See End Item P-5A","13","13","","2189-4b0e2945771b95fc97d6fa473408f652b2314f59278e2ffdd65669f79addffe0","root"
"Apache Block III - Reman","12","229.49","192.764","107.707","150.931","157.338","159.993","158.814","160.532","943.506","2261.075","2014-BASE_PROCUREMENT-2014-ARMY_AIRCRAFT-PROCUREMENT_JustificationBook_Army_PB_2014.zzz_unzipped-PROCUREMENT_JustificationBook_Army_PB_2014.xml","505bb9c0650d62e47256e89a947fe0a2db8054ad7478ffb7dac2dff3cb5db36a","0-bff0547050a076a9c206c301392b1e109c954de04213ec39f1846b4045c11df7","See End Item P-5A/NA","See End Item P-5A","12","12","","2215-5fe3e97b49742e8ddcd4c4c165733afbf4f7aa86de59098e4e106a9067fbd31a","root"
"AH-64E Apache New Build","12","","84.264","146.121","","","","","","0","230.385","2014-BASE_PROCUREMENT-2014-ARMY_AIRCRAFT-PROCUREMENT_JustificationBook_Army_PB_2014.zzz_unzipped-PROCUREMENT_JustificationBook_Army_PB_2014.xml","c2307d18e17285b5bec7291f832a2f0bc27b4ca3a55beda1acf55e21fa9af32f","0-52d0ee3dc536ed5a1977a535e80f4c890e33ffde8226748b032a057f09c17aba","See End Item P-5A/NA","See End Item P-5A","12","12","","2217-f6d68c41280893fe00fceac815901f6835a3c3c6d68e44183454231e5a41e2f1","root"
"Warhead","19","","6.92","6.965","6.999","7.018","","","","0","27.902","2014-BASE_PROCUREMENT-2014-ARMY_MISSLE-PROCUREMENT_JustificationBook_Army_PB_2014.zzz_unzipped-PROCUREMENT_JustificationBook_Army_PB_2014.xml","632923aba4f894b93ed59073a73341bca371b2e639597c1b17bf5525e8823170","0-2c410e54bc3311147ccf34e4a79598a0f79c8c8d4a5e41c8b37b61eb7b3a0265","See End Item P-5A/NA","See End Item P-5A","19","19","0","2232-e7748359fce28c2241cff8b7a4db6461f87182fd6b4a3b27f8272214de84d917","root"
"Launch Motor","14","","0.905","0.905","0.905","0.905","","","","0","3.62","2014-BASE_PROCUREMENT-2014-ARMY_MISSLE-PROCUREMENT_JustificationBook_Army_PB_2014.zzz_unzipped-PROCUREMENT_JustificationBook_Army_PB_2014.xml","632923aba4f894b93ed59073a73341bca371b2e639597c1b17bf5525e8823170","1-882a8d11f63f7d7b7058f51d4c6f41407eb0613f192306fe7676b1a174bec064","See End Item P-5A/NA","See End Item P-5A","14","14","0","2232-e7748359fce28c2241cff8b7a4db6461f87182fd6b4a3b27f8272214de84d917","root"
"Flight Motor","12","","0.17","0.17","0.17","0.17","","","","0","0.68","2014-BASE_PROCUREMENT-2014-ARMY_MISSLE-PROCUREMENT_JustificationBook_Army_PB_2014.zzz_unzipped-PROCUREMENT_JustificationBook_Army_PB_2014.xml","632923aba4f894b93ed59073a73341bca371b2e639597c1b17bf5525e8823170","2-b3c280d6980adc90f4bc7bcb2aefb4abcb3f1841d3f03110523ee758565b1420","See End Item P-5A/NA","See End Item P-5A","12","12","0","2232-e7748359fce28c2241cff8b7a4db6461f87182fd6b4a3b27f8272214de84d917","root"
"2B Sensor","18","","8.533","8.533","8.533","8.533","","","","0","34.132","2014-BASE_PROCUREMENT-2014-ARMY_MISSLE-PROCUREMENT_JustificationBook_Army_PB_2014.zzz_unzipped-PROCUREMENT_JustificationBook_Army_PB_2014.xml","632923aba4f894b93ed59073a73341bca371b2e639597c1b17bf5525e8823170","3-d7681c5c6fd648040e7ce513d1c0b22c9e6b01dfafbd9bddee73513daca0884a","See End Item P-5A/NA","See End Item P-5A","18","18","0","2232-e7748359fce28c2241cff8b7a4db6461f87182fd6b4a3b27f8272214de84d917","root"
"Gyro","13","","1.548","1.548","1.548","1.548","","","","0","6.192","2014-BASE_PROCUREMENT-2014-ARMY_MISSLE-PROCUREMENT_JustificationBook_Army_PB_2014.zzz_unzipped-PROCUREMENT_JustificationBook_Army_PB_2014.xml","632923aba4f894b93ed59073a73341bca371b2e639597c1b17bf5525e8823170","4-27508c5f4b2016131dbc93d2caa482446b6c8f237508018bf8027e5a0b729579","See End Item P-5A/NA","See End Item P-5A","13","13","0","2232-e7748359fce28c2241cff8b7a4db6461f87182fd6b4a3b27f8272214de84d917","root"
"Flight Motor Case Kit","10","","0.351","0.351","0.351","0.351","","","","0","1.404","2014-BASE_PROCUREMENT-2014-ARMY_MISSLE-PROCUREMENT_JustificationBook_Army_PB_2014.zzz_unzipped-PROCUREMENT_JustificationBook_Army_PB_2014.xml","632923aba4f894b93ed59073a73341bca371b2e639597c1b17bf5525e8823170","5-6ee444c56a2f634831e78dfd184fb4904a4787ed679ed75746d58b31edac9fac","See End Item P-5A/NA","See End Item P-5A","10","10","0","2232-e7748359fce28c2241cff8b7a4db6461f87182fd6b4a3b27f8272214de84d917","root"
"Control Surface Actuators","13","","0.916","0.916","0.916","0.916","","","","0","3.664","2014-BASE_PROCUREMENT-2014-ARMY_MISSLE-PROCUREMENT_JustificationBook_Army_PB_2014.zzz_unzipped-PROCUREMENT_JustificationBook_Army_PB_2014.xml","632923aba4f894b93ed59073a73341bca371b2e639597c1b17bf5525e8823170","6-e0a443e804123a88c08aa6141f56377538f09e92dae0371ac2e0b07572876895","See End Item P-5A/NA","See End Item P-5A","13","13","0","2232-e7748359fce28c2241cff8b7a4db6461f87182fd6b4a3b27f8272214de84d917","root"
"Beacon Shutter Actuator","11","","0.543","0.543","0.543","0.543","","","","0","2.172","2014-BASE_PROCUREMENT-2014-ARMY_MISSLE-PROCUREMENT_JustificationBook_Army_PB_2014.zzz_unzipped-PROCUREMENT_JustificationBook_Army_PB_2014.xml","632923aba4f894b93ed59073a73341bca371b2e639597c1b17bf5525e8823170","7-dd656a7de973b722f0b18103de7beb30d2f3cc1493e38e2989e34713336a90d4","See End Item P-5A/NA","See End Item P-5A","11","11","0","2232-e7748359fce28c2241cff8b7a4db6461f87182fd6b4a3b27f8272214de84d917","root"
"AH-64E Apache New Build","12","","84.264","146.121","","","","","","0","230.385","2014-AMENDED_PROCUREMENT_AND_RDTE-2014-ARMY-PROCUREMENT_JustificationBook_Army_PBAmended_2014_APA.zzz_unzipped-PROCUREMENT_JustificationBook_Army_PBAmended_2014.xml","53aa239ed160d6e353e7923c5e8a04d1e17b5ccc46ba915655778b07e93a9058","0-709901d9db1657add1b2c29147c1b09c99f37f6d0a102246b4174b6547f0d4b6","See End Item P-5A/NA","See End Item P-5A","12","12","","2499-b943958b853ab95450f682985a036ea09418228162179c092a8a645005f31b52","root"
"Avionics","16","59.882","48.382","33.338","39.35","40.944","40.854","3.483","","0","266.233","2014-AMENDED_PROCUREMENT_AND_RDTE-2014-ARMY-PROCUREMENT_JustificationBook_Army_PBAmended_2014_APA.zzz_unzipped-PROCUREMENT_JustificationBook_Army_PBAmended_2014.xml","31ce47de87c8301c9fbe28a62251bab8c03638c577fb670f2b5d6e8131865665","0-c749ad0cc78aeabebabd011526350b5f6cce3c4982ff96d18e703f1125bdc5f8","See End Item P-5A/NA","See End Item P-5A","15","15","","2502-64ede7f298526d023faab9e0b9389ce231d96a30760cd03530866131fac8d38e","root"
"Airframe","14","89.755","72.574","50.008","59.026","61.417","61.28","5.224","","0","399.284","2014-AMENDED_PROCUREMENT_AND_RDTE-2014-ARMY-PROCUREMENT_JustificationBook_Army_PBAmended_2014_APA.zzz_unzipped-PROCUREMENT_JustificationBook_Army_PBAmended_2014.xml","31ce47de87c8301c9fbe28a62251bab8c03638c577fb670f2b5d6e8131865665","1-693f18e4db7e4fd175f1d2ed48c478c01cf34f47df5f3053703f3b31375b2613","See End Item P-5A/NA","See End Item P-5A","13","13","","2502-64ede7f298526d023faab9e0b9389ce231d96a30760cd03530866131fac8d38e","root"
