Name_val,WhenRequiredInMonths_val,Cost_AllPriorYears_TotalCost_val,Cost_PriorYear_TotalCost_val,Cost_CurrentYear_TotalCost_val,Cost_BudgetYearOne_TotalCost_val,Cost_BudgetYearTwo_TotalCost_val,Cost_BudgetYearThree_TotalCost_val,Cost_BudgetYearFour_TotalCost_val,Cost_BudgetYearFive_TotalCost_val,Cost_ToComplete_TotalCost_val,Cost_Total_TotalCost_val,@SOURCE_FILENAME,@RECORDID,@ROWID,ManufacturerList_P10Manufacturer_Name_val,ManufacturerList_P10Manufacturer_Location_val,ManufacturerList_P10Manufacturer_HistoryPlanningList_HistoryPlanning,ManufacturerList_P10Manufacturer_InitialQuantity_ProductionLeadTimeAfterOct1InMonths_val,ManufacturerList_P10Manufacturer_InitialQuantity_TotalLeadTimeAfterOct1InMonths_val,QuantityPerAssembly_val,@PARENTROWID,@PARENT
"Parts Obsolescence Study","0","5","0","0","0","0","0","0","0","0","5","2013-BASE_PROCUREMENT-2013-AIRFORCE_MISSILE-JustificationBook_Air_Force_PB_2013.zzz_unzipped-JustificationBook_Air_Force_PB_2013.xml","fca533df846db3c85fef57959a7c2a50b39c4c9c125c40fcf279343767b5cf2d","0-c768cfe466ad7d7df27c87dfab4fa4e5e02ef6cf59100a8552457368d466fd7c","","","","","","","325-c5ee4642f5112a30f9e4a9bbef08e30fa64a70aab709c7c8a2d0866d136a2b68","root"
"Advance Funding","0","380.438","227.172","0","0","0","0","227.119","246.476","0","1081.205","2013-BASE_PROCUREMENT-2013-AIRFORCE_MISSILE-JustificationBook_Air_Force_PB_2013.zzz_unzipped-JustificationBook_Air_Force_PB_2013.xml","fca533df846db3c85fef57959a7c2a50b39c4c9c125c40fcf279343767b5cf2d","1-2a65d3382bc9b8dd26e15349c7c17b0ad0283646cf57b0b724c2cacf784fd5f5","","","","","","","325-c5ee4642f5112a30f9e4a9bbef08e30fa64a70aab709c7c8a2d0866d136a2b68","root"
"Advance Funding","0","200.544","57.788","0","0","0","0","0","0","0","258.332","2013-BASE_PROCUREMENT-2013-AIRFORCE_MISSILE-JustificationBook_Air_Force_PB_2013.zzz_unzipped-JustificationBook_Air_Force_PB_2013.xml","648a07469f004adcc738e84c76d0bef18b5d87435de896664915380c55bd6660","0-b296cfc7b1a2798e5d254ab7b2bab5759effc05c64096de1e2658e4044f1e938","","","","","","","327-182b9732bdf3b28567777249c19f61d933e14aee1a8e7ece236cc8d033d127e5","root"
"Long Lead Parts","0","80","0.000","81.811","82.616","74.167","117.855","119.993","121.828","0","678.27","2013-BASE_PROCUREMENT-2013-AIRFORCE_MISSILE-JustificationBook_Air_Force_PB_2013.zzz_unzipped-JustificationBook_Air_Force_PB_2013.xml","df1c2cd88ad0500ad4eea734cddff0f6eac1ac04319890f22b9cc2ebbfad0b2d","0-5aff2e78b715535535a03d64e86ea2bf410d6579eb284f9b7eb6062f0c781a0a","","","","","","","329-4d09324709b59491ae50bc45694ed65e884a99fd6bf8debc17f95a421ad37488","root"
"GEO 3 Long Lead","0","269.419","0","0","0","0","0","0","0","0","269.419","2013-BASE_PROCUREMENT-2013-AIRFORCE_MISSILE-JustificationBook_Air_Force_PB_2013.zzz_unzipped-JustificationBook_Air_Force_PB_2013.xml","6d5ffe2e36691c4644986d0b4db0a59417606b26ba9720aadff233310ca0027e","0-02fc8897485772e3de607faf55117da4846fc92544a92874a5d465e57ef04f0f","","","","","","","336-dd6151eeaa5d8aa33bd4d33acbc40400317ec779f3ea9819a92adf8d7da838e3","root"
"GEO 4 Long Lead","0","277.999","0","0","0","0","0","0","0","0","277.999","2013-BASE_PROCUREMENT-2013-AIRFORCE_MISSILE-JustificationBook_Air_Force_PB_2013.zzz_unzipped-JustificationBook_Air_Force_PB_2013.xml","6d5ffe2e36691c4644986d0b4db0a59417606b26ba9720aadff233310ca0027e","1-12ff7af28708d744572a3faecbab4cbd8ed8dad9af52d175c0dded0be0b57c9c","","","","","","","336-dd6151eeaa5d8aa33bd4d33acbc40400317ec779f3ea9819a92adf8d7da838e3","root"
"GEO 5 & 6 Long Lead","0","0.000","243.506","243.5","0","0","0","0","0","0","487.006","2013-BASE_PROCUREMENT-2013-AIRFORCE_MISSILE-JustificationBook_Air_Force_PB_2013.zzz_unzipped-JustificationBook_Air_Force_PB_2013.xml","6d5ffe2e36691c4644986d0b4db0a59417606b26ba9720aadff233310ca0027e","2-eb9f8c7db961b283714cbfcd8712abe467a35662960480270a2d308877f61fc8","","","","","","","336-dd6151eeaa5d8aa33bd4d33acbc40400317ec779f3ea9819a92adf8d7da838e3","root"
"HEO 3 Long Lead","0","124.555","0","0","0","0","0","0","0","0","124.555","2013-BASE_PROCUREMENT-2013-AIRFORCE_MISSILE-JustificationBook_Air_Force_PB_2013.zzz_unzipped-JustificationBook_Air_Force_PB_2013.xml","6d5ffe2e36691c4644986d0b4db0a59417606b26ba9720aadff233310ca0027e","3-58c515dc528666ccf47267f5dac421b64dae9e5bf88bce8379bb8440687406e1","","","","","","","336-dd6151eeaa5d8aa33bd4d33acbc40400317ec779f3ea9819a92adf8d7da838e3","root"
"HEO 4 Long Lead","0","53.596","0","0","0","0","0","0","0","0","53.596","2013-BASE_PROCUREMENT-2013-AIRFORCE_MISSILE-JustificationBook_Air_Force_PB_2013.zzz_unzipped-JustificationBook_Air_Force_PB_2013.xml","6d5ffe2e36691c4644986d0b4db0a59417606b26ba9720aadff233310ca0027e","4-5d7fda92f7b9d6982b2137e5c036f78424c58410769d1e44c496b1935022820a","","","","","","","336-dd6151eeaa5d8aa33bd4d33acbc40400317ec779f3ea9819a92adf8d7da838e3","root"
"Parts Obsolescence Study","0","5","0","0","0","0","0","0","0","0","5","2013-BASE_PROCUREMENT-2013-AIRFORCE_MISSILE-MasterJustificationBook_Air_Force_PB_2013.zzz_unzipped-MasterJustificationBook_Air_Force_PB_2013.xml","255c26749dc5188d24ea856a736ec9172de44d09c0225265e1d5284f7bfecfb3","0-395b12281039bff4960e3bcdf57d16f719fd7a2d74ec440435bb5585c92eed83","","","","","","","351-e76b51a28c6e4276783843f406ae0045ce77ee0cdb14c07774308e77bf7c9517","root"
"Advance Funding","0","380.438","227.172","0","0","0","0","227.119","246.476","0","1081.205","2013-BASE_PROCUREMENT-2013-AIRFORCE_MISSILE-MasterJustificationBook_Air_Force_PB_2013.zzz_unzipped-MasterJustificationBook_Air_Force_PB_2013.xml","255c26749dc5188d24ea856a736ec9172de44d09c0225265e1d5284f7bfecfb3","1-e3053aeb2df31f9dee199d4a71c190b5a4198c2292adc61b1bcf26e2d2d0f1d9","","","","","","","351-e76b51a28c6e4276783843f406ae0045ce77ee0cdb14c07774308e77bf7c9517","root"
"Advance Funding","0","200.544","57.788","0","0","0","0","0","0","0","258.332","2013-BASE_PROCUREMENT-2013-AIRFORCE_MISSILE-MasterJustificationBook_Air_Force_PB_2013.zzz_unzipped-MasterJustificationBook_Air_Force_PB_2013.xml","47124093ee8f4fb73eb5f522f72d6b3b59a42f26c0f084fce676673da8facf32","0-4fdd58a7d12a19c08d26ae30d40f295286fc3a179ecf266ee0ddd8cc8bc591a6","","","","","","","353-e5cd7a78d18fc27f051b8debfbfc706e18a9815a4468d1b85ea35e9ff80af0fc","root"
"Long Lead Parts","0","80","0.000","81.811","82.616","74.167","117.855","119.993","121.828","0","678.27","2013-BASE_PROCUREMENT-2013-AIRFORCE_MISSILE-MasterJustificationBook_Air_Force_PB_2013.zzz_unzipped-MasterJustificationBook_Air_Force_PB_2013.xml","b9717af61d468e082aa4fc887ac1d17fbfe1a825bc4c8f2baf0f00775d16d15f","0-bbcff21ddf9f3ea7a10bcebb9072afff6288b3037178c9bf3f00fe472417e896","","","","","","","355-908386122d1d9779187ad1f884724ec386ab131900a16533f2f883b8f143269d","root"
"GEO 3 Long Lead","0","269.419","0","0","0","0","0","0","0","0","269.419","2013-BASE_PROCUREMENT-2013-AIRFORCE_MISSILE-MasterJustificationBook_Air_Force_PB_2013.zzz_unzipped-MasterJustificationBook_Air_Force_PB_2013.xml","5fca32ae8e60a21370b480077c2e670b3d36aecdad5eb1086c2190ed6b3840f9","0-8536f991a5e910db080ef5ee465a5d200384406aeecea420e04b44a945594926","","","","","","","362-6a629857c957c48ec3d1a51b27e5c682e3dfcea5e8864918f2b6d775b7ef0355","root"
"GEO 4 Long Lead","0","277.999","0","0","0","0","0","0","0","0","277.999","2013-BASE_PROCUREMENT-2013-AIRFORCE_MISSILE-MasterJustificationBook_Air_Force_PB_2013.zzz_unzipped-MasterJustificationBook_Air_Force_PB_2013.xml","5fca32ae8e60a21370b480077c2e670b3d36aecdad5eb1086c2190ed6b3840f9","1-aac728ae8a9f5f5bbf0a8ae6c5257e564db6d65e7996dc4a1a623a1d6501376c","","","","","","","362-6a629857c957c48ec3d1a51b27e5c682e3dfcea5e8864918f2b6d775b7ef0355","root"
"GEO 5 & 6 Long Lead","0","0.000","243.506","243.5","0","0","0","0","0","0","487.006","2013-BASE_PROCUREMENT-2013-AIRFORCE_MISSILE-MasterJustificationBook_Air_Force_PB_2013.zzz_unzipped-MasterJustificationBook_Air_Force_PB_2013.xml","5fca32ae8e60a21370b480077c2e670b3d36aecdad5eb1086c2190ed6b3840f9","2-6c3b23324df6fdbb0051a8126a60278f64cd4573b12d23a11df66a166cdbd5d0","","","","","","","362-6a629857c957c48ec3d1a51b27e5c682e3dfcea5e8864918f2b6d775b7ef0355","root"
"HEO 3 Long Lead","0","124.555","0","0","0","0","0","0","0","0","124.555","2013-BASE_PROCUREMENT-2013-AIRFORCE_MISSILE-MasterJustificationBook_Air_Force_PB_2013.zzz_unzipped-MasterJustificationBook_Air_Force_PB_2013.xml","5fca32ae8e60a21370b480077c2e670b3d36aecdad5eb1086c2190ed6b3840f9","3-e36d8d3b8a7d899254fc0a0fd5b8aeea2ffe03cca7391195235493506de280ab","","","","","","","362-6a629857c957c48ec3d1a51b27e5c682e3dfcea5e8864918f2b6d775b7ef0355","root"
"HEO 4 Long Lead","0","53.596","0","0","0","0","0","0","0","0","53.596","2013-BASE_PROCUREMENT-2013-AIRFORCE_MISSILE-MasterJustificationBook_Air_Force_PB_2013.zzz_unzipped-MasterJustificationBook_Air_Force_PB_2013.xml","5fca32ae8e60a21370b480077c2e670b3d36aecdad5eb1086c2190ed6b3840f9","4-933f51c88476c01b192dc88511ecc3b5e1050747ffa728caa4fd74f8c2227c77","","","","","","","362-6a629857c957c48ec3d1a51b27e5c682e3dfcea5e8864918f2b6d775b7ef0355","root"
"CFE Airframe","6","2820.52","52.18","147.041","36.73","","","","","","","2013-BASE_PROCUREMENT-2013-ARMY_AIRCRAFT-JustificationBook_Army_PB_2013.zzz_unzipped-JustificationBook_Army_PB_2013.xml","476bb125e872c0c70d28a29765f57e9cac786010a7a090c46cbccf23e3219f96","0-7957ea97257c76838f644ec8ec00c6e0412b8818ad491472bfa7d66c741c3c3f","See End Item P-5A/NA","See End Item P-5A","","","1","503-20d26bb69e818ce7878d755b5addd948c03d4c450f0436340713bd9518b0d324","root"
"Auxiliary Power Unit","3","14.619","2.328","2.57","3.82","","","","","","","2013-BASE_PROCUREMENT-2013-ARMY_AIRCRAFT-JustificationBook_Army_PB_2013.zzz_unzipped-JustificationBook_Army_PB_2013.xml","476bb125e872c0c70d28a29765f57e9cac786010a7a090c46cbccf23e3219f96","1-0c7e6745ae4bf8dda1bd132a1b0469dfcee044b513de663b57208c37fa638eaf","See End Item P-5A/NA","See End Item P-5A","","","1","503-20d26bb69e818ce7878d755b5addd948c03d4c450f0436340713bd9518b0d324","root"
"Engines","3","234","37.926","41.86","62.213","","","","","","","2013-BASE_PROCUREMENT-2013-ARMY_AIRCRAFT-JustificationBook_Army_PB_2013.zzz_unzipped-JustificationBook_Army_PB_2013.xml","476bb125e872c0c70d28a29765f57e9cac786010a7a090c46cbccf23e3219f96","2-f757b47b04bc745a814c8899a135ad631c22c1b993a80a3b8805a14258bd0d8a","See End Item P-5A/NA","See End Item P-5A","","","2","503-20d26bb69e818ce7878d755b5addd948c03d4c450f0436340713bd9518b0d324","root"
"EGI","3","38.866","5.78","6.38","9.482","","","","","","","2013-BASE_PROCUREMENT-2013-ARMY_AIRCRAFT-JustificationBook_Army_PB_2013.zzz_unzipped-JustificationBook_Army_PB_2013.xml","476bb125e872c0c70d28a29765f57e9cac786010a7a090c46cbccf23e3219f96","3-da968746527baed5ec3ae96f5331c83ca309edc400cbdbef026ac3b8badb87d5","See End Item P-5A/NA","See End Item P-5A","","","2","503-20d26bb69e818ce7878d755b5addd948c03d4c450f0436340713bd9518b0d324","root"
"Heads Up Display AVS-7","3","12.064","1.748","1.93","2.868","","","","","","","2013-BASE_PROCUREMENT-2013-ARMY_AIRCRAFT-JustificationBook_Army_PB_2013.zzz_unzipped-JustificationBook_Army_PB_2013.xml","476bb125e872c0c70d28a29765f57e9cac786010a7a090c46cbccf23e3219f96","4-c8a125a9a6d1f0e680c232935d15c6b52efa984b9c2ee84abaca4d4ba84be75a","See End Item P-5A/NA","See End Item P-5A","","","1","503-20d26bb69e818ce7878d755b5addd948c03d4c450f0436340713bd9518b0d324","root"
"Hover Infrared Suppressor","3","28.2","","","","","","","","","","2013-BASE_PROCUREMENT-2013-ARMY_AIRCRAFT-JustificationBook_Army_PB_2013.zzz_unzipped-JustificationBook_Army_PB_2013.xml","476bb125e872c0c70d28a29765f57e9cac786010a7a090c46cbccf23e3219f96","5-28e7355136d29d2a76a44037814112cd721179b8418490a97a0b70065a06e2ea","See End Item P-5A/NA","See End Item P-5A","","","","503-20d26bb69e818ce7878d755b5addd948c03d4c450f0436340713bd9518b0d324","root"
"Miscellaneous","3","1.914","","","","","","","","","","2013-BASE_PROCUREMENT-2013-ARMY_AIRCRAFT-JustificationBook_Army_PB_2013.zzz_unzipped-JustificationBook_Army_PB_2013.xml","476bb125e872c0c70d28a29765f57e9cac786010a7a090c46cbccf23e3219f96","6-8b33dc3bc9e03d1d32ad733f4f5102aa0c918dabaff73d48aaccff8d54701238","See End Item P-5A/NA","See End Item P-5A","","","","503-20d26bb69e818ce7878d755b5addd948c03d4c450f0436340713bd9518b0d324","root"
"Avionics","16","33.339","26.543","48.382","33.338","","","","","","","2013-BASE_PROCUREMENT-2013-ARMY_AIRCRAFT-JustificationBook_Army_PB_2013.zzz_unzipped-JustificationBook_Army_PB_2013.xml","b4c6cf926d2b336db794238f2a4386bae34220d6a1901227d2ac2527ad9022b9","0-2996d854d405c15e166af358388f86d816b3f72fc5eed28ccf9197365f8ca03a","See End Item P-5A/NA","See End Item P-5A","","","","505-b1eafd93e44581a776d7dcaf43f0dc356091fbf39d5991a62ab7cef755e16106","root"
"Airframe","14","49.94","39.815","72.574","50.008","","","","","","","2013-BASE_PROCUREMENT-2013-ARMY_AIRCRAFT-JustificationBook_Army_PB_2013.zzz_unzipped-JustificationBook_Army_PB_2013.xml","b4c6cf926d2b336db794238f2a4386bae34220d6a1901227d2ac2527ad9022b9","1-f9da64f01588d486140f7e85c537ba8d5b7f7fcf4da430a4e12c1b7703015fb9","See End Item P-5A/NA","See End Item P-5A","","","","505-b1eafd93e44581a776d7dcaf43f0dc356091fbf39d5991a62ab7cef755e16106","root"
"Apache Block III - Reman","12","69.253","160.237","192.764","107.707","","","","","","","2013-BASE_PROCUREMENT-2013-ARMY_AIRCRAFT-JustificationBook_Army_PB_2013.zzz_unzipped-JustificationBook_Army_PB_2013.xml","955003074ccebc6720a490ded3729c9bdca8cc7b01fd76b92fbcec69828c544e","0-c67b527a9b6b6856483cfb2d2fe85487162f70597e91cb8499714f02641a8d17","See End Item P-5A/NA","See End Item P-5A","","","","538-68d7ff1611a41e38cb8966bf367e20b75ac38590875a0c459b8864ada8373cd2","root"
"Apache Block III New Build","12","","","104.263","146.121","","","","","","","2013-BASE_PROCUREMENT-2013-ARMY_AIRCRAFT-JustificationBook_Army_PB_2013.zzz_unzipped-JustificationBook_Army_PB_2013.xml","dfa13d6ba9123d0f64c1462a9ea1e0b6ae62d2813da1972863d56a7001b06112","0-045b162d254978c1662a793893beab3cad8feddc7bf02a653147d70a43d4996e","See End Item P-5A/NA","See End Item P-5A","","","","540-4d63b68825b55210e9488825b5b03563ab202deb546f0baaafb81bc23199f874","root"
"Warhead","19","","","7.687","7.698","","","","","","","2013-BASE_PROCUREMENT-2013-ARMY_MISSLE-JustificationBook_Army_PB_2013.zzz_unzipped-JustificationBook_Army_PB_2013.xml","44b5bf338c622cc883179b29baa0eba496cc1459abebf2456f3403445a6c39e1","0-703c4e365a505b7f6eacd3c67311751333e6ea5af824c35681ae5e2f7396ea58","See End Item P-5A/NA","See End Item P-5A","","","1","556-029be9a4994d5efd31dce563e8425663eca1366538be82e2fcb94679ac602e32","root"
"Launch Motor","14","","","1.547","1.537","","","","","","","2013-BASE_PROCUREMENT-2013-ARMY_MISSLE-JustificationBook_Army_PB_2013.zzz_unzipped-JustificationBook_Army_PB_2013.xml","44b5bf338c622cc883179b29baa0eba496cc1459abebf2456f3403445a6c39e1","1-c2c0734123f75648a64f590314f1455fd357f4c94cf6b5a053789ed4305a3318","See End Item P-5A/NA","See End Item P-5A","","","1","556-029be9a4994d5efd31dce563e8425663eca1366538be82e2fcb94679ac602e32","root"
"Flight Motor","12","","","0.291","0.289","","","","","","","2013-BASE_PROCUREMENT-2013-ARMY_MISSLE-JustificationBook_Army_PB_2013.zzz_unzipped-JustificationBook_Army_PB_2013.xml","44b5bf338c622cc883179b29baa0eba496cc1459abebf2456f3403445a6c39e1","2-cdaa9da44ddd1369b1d6ffb6e6d4aa6e3faa7713f31f2f402da8afc364f08634","See End Item P-5A/NA","See End Item P-5A","","","1","556-029be9a4994d5efd31dce563e8425663eca1366538be82e2fcb94679ac602e32","root"
"2B Sensor","18","","","4.623","4.705","","","","","","","2013-BASE_PROCUREMENT-2013-ARMY_MISSLE-JustificationBook_Army_PB_2013.zzz_unzipped-JustificationBook_Army_PB_2013.xml","44b5bf338c622cc883179b29baa0eba496cc1459abebf2456f3403445a6c39e1","3-99098e2556f2b392cb3f1288c9cbca4a589df60ef2ef3e1f0e9c8eee6c75dfee","See End Item P-5A/NA","See End Item P-5A","","","1","556-029be9a4994d5efd31dce563e8425663eca1366538be82e2fcb94679ac602e32","root"
"Gyro","13","","","2.645","2.628","","","","","","","2013-BASE_PROCUREMENT-2013-ARMY_MISSLE-JustificationBook_Army_PB_2013.zzz_unzipped-JustificationBook_Army_PB_2013.xml","44b5bf338c622cc883179b29baa0eba496cc1459abebf2456f3403445a6c39e1","4-6b8e7ebc849acdafe5ca31f4d5449df983f21ad8072bb0a0fe52bb643bfac155","See End Item P-5A/NA","See End Item P-5A","","","1","556-029be9a4994d5efd31dce563e8425663eca1366538be82e2fcb94679ac602e32","root"
"Flight Motor Case Kit","10","","","0.601","0.597","","","","","","","2013-BASE_PROCUREMENT-2013-ARMY_MISSLE-JustificationBook_Army_PB_2013.zzz_unzipped-JustificationBook_Army_PB_2013.xml","44b5bf338c622cc883179b29baa0eba496cc1459abebf2456f3403445a6c39e1","5-8d8cf9d550fd029a0f13eeb3e842a1b2a5ab6cf1baff224a4c4a5f2873497ec2","See End Item P-5A/NA","See End Item P-5A","","","1","556-029be9a4994d5efd31dce563e8425663eca1366538be82e2fcb94679ac602e32","root"
"Control Surface Actuators","13","","","1.565","1.555","","","","","","","2013-BASE_PROCUREMENT-2013-ARMY_MISSLE-JustificationBook_Army_PB_2013.zzz_unzipped-JustificationBook_Army_PB_2013.xml","44b5bf338c622cc883179b29baa0eba496cc1459abebf2456f3403445a6c39e1","6-d4cf56d20130c71810298ba689448f6d4967d9caf96ac06f08ec2fffa7fdbee0","See End Item P-5A/NA","See End Item P-5A","","","1","556-029be9a4994d5efd31dce563e8425663eca1366538be82e2fcb94679ac602e32","root"
"Beacon Shutter Actuator","11","","","0.927","0.922","","","","","","","2013-BASE_PROCUREMENT-2013-ARMY_MISSLE-JustificationBook_Army_PB_2013.zzz_unzipped-JustificationBook_Army_PB_2013.xml","44b5bf338c622cc883179b29baa0eba496cc1459abebf2456f3403445a6c39e1","7-7bf0413d104eeed2e413463db9de7cc8be63989dac9e3c5078ef79eecefe54d8","See End Item P-5A/NA","See End Item P-5A","","","1","556-029be9a4994d5efd31dce563e8425663eca1366538be82e2fcb94679ac602e32","root"
"Long Lead Parts","0","95.999","81.811","82.616","74.167","117.855","119.993","121.828","124.021","352","1170.29","2014-BASE_PROCUREMENT-2014-AIRFORCE_MISSILE-PROCUREMENT_JustificationBook_Air_Force_PB_2014.zzz_unzipped-PROCUREMENT_JustificationBook_Air_Force_PB_2014.xml","28b13f43bf3c9204df28d14742096359999d135bd7377ce37d00969774dd7bc2","0-a172618bca888049b25339962317b7794916baa88ed1a4aec43fc15fb8bca01e","Lockheed Martin","Newtown, PA","","","","1983-08af9ea1b518173cc6826d9255e4cac3a997c99e881d6a6aafd4535f8376302b","root"
"GEO 3 Long Lead","0","269.419","0","0","0","0","0","0","0","0","269.419","2014-BASE_PROCUREMENT-2014-AIRFORCE_MISSILE-PROCUREMENT_JustificationBook_Air_Force_PB_2014.zzz_unzipped-PROCUREMENT_JustificationBook_Air_Force_PB_2014.xml","8f288da7af3c9a30ef74e65a33363da834b67a049226389b0f84b6f3280e5e8d","0-567a0cfa37c5175cec7000704e97620d539a90ad48c6a59fc30cd269b0400ac8","","","","","","","1990-a37579dd8eef41b90da189b4c16cf5654fbde2477bad68307097cb74785d06aa","root"
"GEO 4 Long Lead","0","275.709","0","0","0","0","0","0","0","0","275.709","2014-BASE_PROCUREMENT-2014-AIRFORCE_MISSILE-PROCUREMENT_JustificationBook_Air_Force_PB_2014.zzz_unzipped-PROCUREMENT_JustificationBook_Air_Force_PB_2014.xml","8f288da7af3c9a30ef74e65a33363da834b67a049226389b0f84b6f3280e5e8d","1-26a3be11b020beb681d5540553ec52f895ce7214c96e059c6ebb61d4dc904445","","","","","","","1990-a37579dd8eef41b90da189b4c16cf5654fbde2477bad68307097cb74785d06aa","root"
"GEO 5 & 6 Long Lead","0","243.496","243.5","0","0","0","0","0","0","0","486.996","2014-BASE_PROCUREMENT-2014-AIRFORCE_MISSILE-PROCUREMENT_JustificationBook_Air_Force_PB_2014.zzz_unzipped-PROCUREMENT_JustificationBook_Air_Force_PB_2014.xml","8f288da7af3c9a30ef74e65a33363da834b67a049226389b0f84b6f3280e5e8d","2-ba8c7164ff8c4a93413252d77a1a37b1583a229893d231cafc2cbdb03480d241","","","","","","","1990-a37579dd8eef41b90da189b4c16cf5654fbde2477bad68307097cb74785d06aa","root"
"HEO 3 Long Lead","0","124.555","0","0","0","0","0","0","0","0","124.555","2014-BASE_PROCUREMENT-2014-AIRFORCE_MISSILE-PROCUREMENT_JustificationBook_Air_Force_PB_2014.zzz_unzipped-PROCUREMENT_JustificationBook_Air_Force_PB_2014.xml","8f288da7af3c9a30ef74e65a33363da834b67a049226389b0f84b6f3280e5e8d","3-451ffbf424d362e7877b69bfd5410942514f1a899d88dc8464b782837db48945","","","","","","","1990-a37579dd8eef41b90da189b4c16cf5654fbde2477bad68307097cb74785d06aa","root"
"HEO 4 Long Lead","0","53.596","0","0","0","0","0","0","0","0","53.596","2014-BASE_PROCUREMENT-2014-AIRFORCE_MISSILE-PROCUREMENT_JustificationBook_Air_Force_PB_2014.zzz_unzipped-PROCUREMENT_JustificationBook_Air_Force_PB_2014.xml","8f288da7af3c9a30ef74e65a33363da834b67a049226389b0f84b6f3280e5e8d","4-2b3760e65f41783c96d6f9f17a82c4cf8ed4f49801a720b50ab841d2a3a7ada6","","","","","","","1990-a37579dd8eef41b90da189b4c16cf5654fbde2477bad68307097cb74785d06aa","root"
"Long Lead Parts","0","95.999","81.811","82.616","74.167","117.855","119.993","121.828","124.021","352","1170.29","2014-BASE_PROCUREMENT-2014-AIRFORCE_MISSILE-PROCUREMENT_MasterJustificationBook_Air_Force_PB_2014.zzz_unzipped-PROCUREMENT_MasterJustificationBook_Air_Force_PB_2014.xml","31ec7c494a618c5a63595bbe52991efb65496a7f7586c39b1d78801b6a68b3e9","0-4b049e3235bd447bf3579e87045911e09446addce0b3bc62bb9bf9660c2f145c","Lockheed Martin","Newtown, PA","","","","2007-23251d907d1d24a1aecf832a80f4adf04dd16a8895ae9f60b35480bf546c6ea4","root"
"GEO 3 Long Lead","0","269.419","0","0","0","0","0","0","0","0","269.419","2014-BASE_PROCUREMENT-2014-AIRFORCE_MISSILE-PROCUREMENT_MasterJustificationBook_Air_Force_PB_2014.zzz_unzipped-PROCUREMENT_MasterJustificationBook_Air_Force_PB_2014.xml","c23eef8766627fb09764833a0812de2bcdfc5ff15d046e55317688dc38a2252d","0-dcaade5a9c73a11fb1e47f8acfbca014bb5a948c17f023690aa5f94652e46b7f","","","","","","","2014-e64bfb94fcc78d65304c05dc09b0b1c5abb6e0c2684117a29b74f6602a5e8c6d","root"
"GEO 4 Long Lead","0","275.709","0","0","0","0","0","0","0","0","275.709","2014-BASE_PROCUREMENT-2014-AIRFORCE_MISSILE-PROCUREMENT_MasterJustificationBook_Air_Force_PB_2014.zzz_unzipped-PROCUREMENT_MasterJustificationBook_Air_Force_PB_2014.xml","c23eef8766627fb09764833a0812de2bcdfc5ff15d046e55317688dc38a2252d","1-78a147fb269cbccc286b61151fb21e9b46e9cd6b87f4d906ecca7b6f0dc1bd1a","","","","","","","2014-e64bfb94fcc78d65304c05dc09b0b1c5abb6e0c2684117a29b74f6602a5e8c6d","root"
"GEO 5 & 6 Long Lead","0","243.496","243.5","0","0","0","0","0","0","0","486.996","2014-BASE_PROCUREMENT-2014-AIRFORCE_MISSILE-PROCUREMENT_MasterJustificationBook_Air_Force_PB_2014.zzz_unzipped-PROCUREMENT_MasterJustificationBook_Air_Force_PB_2014.xml","c23eef8766627fb09764833a0812de2bcdfc5ff15d046e55317688dc38a2252d","2-1ccc6dccedd853a45e177b4778f818d151035b46d3f8ac845b922ca04e3115f2","","","","","","","2014-e64bfb94fcc78d65304c05dc09b0b1c5abb6e0c2684117a29b74f6602a5e8c6d","root"
"HEO 3 Long Lead","0","124.555","0","0","0","0","0","0","0","0","124.555","2014-BASE_PROCUREMENT-2014-AIRFORCE_MISSILE-PROCUREMENT_MasterJustificationBook_Air_Force_PB_2014.zzz_unzipped-PROCUREMENT_MasterJustificationBook_Air_Force_PB_2014.xml","c23eef8766627fb09764833a0812de2bcdfc5ff15d046e55317688dc38a2252d","3-2c5e8ba59390d0328ffb0d47fe9dba19d71057c81c5e8eed28e04c924deeae98","","","","","","","2014-e64bfb94fcc78d65304c05dc09b0b1c5abb6e0c2684117a29b74f6602a5e8c6d","root"
"HEO 4 Long Lead","0","53.596","0","0","0","0","0","0","0","0","53.596","2014-BASE_PROCUREMENT-2014-AIRFORCE_MISSILE-PROCUREMENT_MasterJustificationBook_Air_Force_PB_2014.zzz_unzipped-PROCUREMENT_MasterJustificationBook_Air_Force_PB_2014.xml","c23eef8766627fb09764833a0812de2bcdfc5ff15d046e55317688dc38a2252d","4-223ad59f62d7b6353925548cf0b844c02716bd13b5f7bd7ebfa708a9d8b4b98f","","","","","","","2014-e64bfb94fcc78d65304c05dc09b0b1c5abb6e0c2684117a29b74f6602a5e8c6d","root"
"CFE Airframe","6","323.033","147.041","36.73","35.205","33.984","62.173","164.016","","0","802.182","2014-BASE_PROCUREMENT-2014-ARMY_AIRCRAFT-PROCUREMENT_JustificationBook_Army_PB_2014.zzz_unzipped-PROCUREMENT_JustificationBook_Army_PB_2014.xml","7b0e042c590ce405a57c1295b031ef39e4d24d939a6d52403326836355b691c2","0-1a2959f9711a16173a85f7bfe662b22738b002617c34a097716683bd6ae71289","See End Item P-5A/NA","See End Item P-5A","18","18","1","2187-aa0deb63924fe2e0e76aa687e3f4028a94f1d775ac34367f95cd38b08e2868c9","root"
"Auxiliary Power Unit","3","17.012","2.57","3.82","4.133","5.021","3.764","4.482","","0","40.802","2014-BASE_PROCUREMENT-2014-ARMY_AIRCRAFT-PROCUREMENT_JustificationBook_Army_PB_2014.zzz_unzipped-PROCUREMENT_JustificationBook_Army_PB_2014.xml","7b0e042c590ce405a57c1295b031ef39e4d24d939a6d52403326836355b691c2","1-627c489e9d1cb1532ceef42a02b50cb23a39a6209aa6e1ed299a4db69ceaa774","See End Item P-5A/NA","See End Item P-5A","6","6","1","2187-aa0deb63924fe2e0e76aa687e3f4028a94f1d775ac34367f95cd38b08e2868c9","root"
"Engines","3","278.946","41.86","62.213","63.301","76.901","57.654","68.674","","0","649.549","2014-BASE_PROCUREMENT-2014-ARMY_AIRCRAFT-PROCUREMENT_JustificationBook_Army_PB_2014.zzz_unzipped-PROCUREMENT_JustificationBook_Army_PB_2014.xml","7b0e042c590ce405a57c1295b031ef39e4d24d939a6d52403326836355b691c2","2-839249e736adbc7f3ceca6cc4839f1e0030f51652e93fe797ede015ebe1114ca","See End Item P-5A/NA","See End Item P-5A","14","14","2","2187-aa0deb63924fe2e0e76aa687e3f4028a94f1d775ac34367f95cd38b08e2868c9","root"
"EGI","3","44.809","6.38","9.482","10.259","12.463","9.344","11.131","","0","103.868","2014-BASE_PROCUREMENT-2014-ARMY_AIRCRAFT-PROCUREMENT_JustificationBook_Army_PB_2014.zzz_unzipped-PROCUREMENT_JustificationBook_Army_PB_2014.xml","7b0e042c590ce405a57c1295b031ef39e4d24d939a6d52403326836355b691c2","3-c15859b8277cf113a9276c7034f52a68c9ec42cea005d8c831c4405ab3f94897","See End Item P-5A/NA","See End Item P-5A","12","12","2","2187-aa0deb63924fe2e0e76aa687e3f4028a94f1d775ac34367f95cd38b08e2868c9","root"
"Heads Up Display AVS-7","3","13.86","1.93","2.868","3.103","3.769","2.826","3.366","","0","31.722","2014-BASE_PROCUREMENT-2014-ARMY_AIRCRAFT-PROCUREMENT_JustificationBook_Army_PB_2014.zzz_unzipped-PROCUREMENT_JustificationBook_Army_PB_2014.xml","7b0e042c590ce405a57c1295b031ef39e4d24d939a6d52403326836355b691c2","4-4c9179f07ce982c960e1ac2b2e8927e08cfcf1e89cefdc7700ea6fe29a4b1622","See End Item P-5A/NA","See End Item P-5A","9","9","1","2187-aa0deb63924fe2e0e76aa687e3f4028a94f1d775ac34367f95cd38b08e2868c9","root"
"Hover Infrared Suppressor","3","25.361","","","","","","","","0","25.361","2014-BASE_PROCUREMENT-2014-ARMY_AIRCRAFT-PROCUREMENT_JustificationBook_Army_PB_2014.zzz_unzipped-PROCUREMENT_JustificationBook_Army_PB_2014.xml","7b0e042c590ce405a57c1295b031ef39e4d24d939a6d52403326836355b691c2","5-6dd6255fcfe2bd73cc8432bfba1c40af30e77dd446ec056973a0b56de294ce17","See End Item P-5A/NA","See End Item P-5A","14","14","","2187-aa0deb63924fe2e0e76aa687e3f4028a94f1d775ac34367f95cd38b08e2868c9","root"
"Miscellaneous","3","15.651","","","","","","","","1402.838","1418.489","2014-BASE_PROCUREMENT-2014-ARMY_AIRCRAFT-PROCUREMENT_JustificationBook_Army_PB_2014.zzz_unzipped-PROCUREMENT_JustificationBook_Army_PB_2014.xml","7b0e042c590ce405a57c1295b031ef39e4d24d939a6d52403326836355b691c2","6-e6df1025b08a7fdfbaac337bf4c8a218b585144e99484f0b269e4864f120ad2f","See End Item P-5A/NA","See End Item P-5A","12","12","","2187-aa0deb63924fe2e0e76aa687e3f4028a94f1d775ac34367f95cd38b08e2868c9","root"
"Avionics","16","59.882","48.382","33.338","39.35","40.944","40.854","3.483","","0","266.233","2014-BASE_PROCUREMENT-2014-ARMY_AIRCRAFT-PROCUREMENT_JustificationBook_Army_PB_2014.zzz_unzipped-PROCUREMENT_JustificationBook_Army_PB_2014.xml","f2eca1f3b9094e951071cc5a2831f6cd0cab47104fb28c44bc25e46f6032dac6","0-6a221564737144ba029c27e8b207472c7fe687efead434bcbf9bbe07f4d934f3","See End Item P-5A/NA","See End Item P-5A","15","15","","2189-42c40d48c301d8ca7ce904f49cd462b6ed1671063704e676d18904e2d3db4071","root"
"Airframe","14","89.755","72.574","50.008","59.026","61.417","61.28","5.224","","0","399.284","2014-BASE_PROCUREMENT-2014-ARMY_AIRCRAFT-PROCUREMENT_JustificationBook_Army_PB_2014.zzz_unzipped-PROCUREMENT_JustificationBook_Army_PB_2014.xml","f2eca1f3b9094e951071cc5a2831f6cd0cab47104fb28c44bc25e46f6032dac6","1-0c51374866f14af32e8ff28523ea4cdc622b3cfb28474892128aed580d5f3f81","See End Item P-5A/NA","See End Item P-5A","13","13","","2189-42c40d48c301d8ca7ce904f49cd462b6ed1671063704e676d18904e2d3db4071","root"
"Apache Block III - Reman","12","229.49","192.764","107.707","150.931","157.338","159.993","158.814","160.532","943.506","2261.075","2014-BASE_PROCUREMENT-2014-ARMY_AIRCRAFT-PROCUREMENT_JustificationBook_Army_PB_2014.zzz_unzipped-PROCUREMENT_JustificationBook_Army_PB_2014.xml","505bb9c0650d62e47256e89a947fe0a2db8054ad7478ffb7dac2dff3cb5db36a","0-47fbe974e217b8b493a6624abd7da5ecceb9102fe12e8e321c6384398180f16b","See End Item P-5A/NA","See End Item P-5A","12","12","","2215-67ca2879424e26988c760014776777f7157ebe07855f229ac5346e95f9005ce6","root"
"AH-64E Apache New Build","12","","84.264","146.121","","","","","","0","230.385","2014-BASE_PROCUREMENT-2014-ARMY_AIRCRAFT-PROCUREMENT_JustificationBook_Army_PB_2014.zzz_unzipped-PROCUREMENT_JustificationBook_Army_PB_2014.xml","c2307d18e17285b5bec7291f832a2f0bc27b4ca3a55beda1acf55e21fa9af32f","0-fbe48c5ac39927aa0b63586c7b97400e22601275d22e183707e04774f2b0553f","See End Item P-5A/NA","See End Item P-5A","12","12","","2217-8428e7e521c2445e944fffdf3a6cd856e33a6d4d55133231b71ea1213668235f","root"
"Warhead","19","","6.92","6.965","6.999","7.018","","","","0","27.902","2014-BASE_PROCUREMENT-2014-ARMY_MISSLE-PROCUREMENT_JustificationBook_Army_PB_2014.zzz_unzipped-PROCUREMENT_JustificationBook_Army_PB_2014.xml","632923aba4f894b93ed59073a73341bca371b2e639597c1b17bf5525e8823170","0-532040a81a7ce7b1da5e9a023c9d218b3e78188d2d7fbb94c8b78bee59dde40e","See End Item P-5A/NA","See End Item P-5A","19","19","0","2232-46dd6818b096f38e5702e1bd58f49b57431f67833494da977e8d23b743b6a508","root"
"Launch Motor","14","","0.905","0.905","0.905","0.905","","","","0","3.62","2014-BASE_PROCUREMENT-2014-ARMY_MISSLE-PROCUREMENT_JustificationBook_Army_PB_2014.zzz_unzipped-PROCUREMENT_JustificationBook_Army_PB_2014.xml","632923aba4f894b93ed59073a73341bca371b2e639597c1b17bf5525e8823170","1-fe25668f4b97490234a8d1b1193071d01560ab1ad57715ed8e205d5eb8040553","See End Item P-5A/NA","See End Item P-5A","14","14","0","2232-46dd6818b096f38e5702e1bd58f49b57431f67833494da977e8d23b743b6a508","root"
"Flight Motor","12","","0.17","0.17","0.17","0.17","","","","0","0.68","2014-BASE_PROCUREMENT-2014-ARMY_MISSLE-PROCUREMENT_JustificationBook_Army_PB_2014.zzz_unzipped-PROCUREMENT_JustificationBook_Army_PB_2014.xml","632923aba4f894b93ed59073a73341bca371b2e639597c1b17bf5525e8823170","2-ce63844264a426e9d5af5ce0627139ef3bbe39b01d07f74c67cd404ac55459d4","See End Item P-5A/NA","See End Item P-5A","12","12","0","2232-46dd6818b096f38e5702e1bd58f49b57431f67833494da977e8d23b743b6a508","root"
"2B Sensor","18","","8.533","8.533","8.533","8.533","","","","0","34.132","2014-BASE_PROCUREMENT-2014-ARMY_MISSLE-PROCUREMENT_JustificationBook_Army_PB_2014.zzz_unzipped-PROCUREMENT_JustificationBook_Army_PB_2014.xml","632923aba4f894b93ed59073a73341bca371b2e639597c1b17bf5525e8823170","3-89d8a9e087beeb2876915dff0a6505d9da3a51052bd37dc30f1df0ec361e0ca5","See End Item P-5A/NA","See End Item P-5A","18","18","0","2232-46dd6818b096f38e5702e1bd58f49b57431f67833494da977e8d23b743b6a508","root"
"Gyro","13","","1.548","1.548","1.548","1.548","","","","0","6.192","2014-BASE_PROCUREMENT-2014-ARMY_MISSLE-PROCUREMENT_JustificationBook_Army_PB_2014.zzz_unzipped-PROCUREMENT_JustificationBook_Army_PB_2014.xml","632923aba4f894b93ed59073a73341bca371b2e639597c1b17bf5525e8823170","4-f9c185972c13a695af2d4efcca1870be50adb7a99f10b14e955d9d95239bf1de","See End Item P-5A/NA","See End Item P-5A","13","13","0","2232-46dd6818b096f38e5702e1bd58f49b57431f67833494da977e8d23b743b6a508","root"
"Flight Motor Case Kit","10","","0.351","0.351","0.351","0.351","","","","0","1.404","2014-BASE_PROCUREMENT-2014-ARMY_MISSLE-PROCUREMENT_JustificationBook_Army_PB_2014.zzz_unzipped-PROCUREMENT_JustificationBook_Army_PB_2014.xml","632923aba4f894b93ed59073a73341bca371b2e639597c1b17bf5525e8823170","5-e57e8fe0b63d1638323b3617ff7e48aa31c547a2012bbfe440af0e5963b56a10","See End Item P-5A/NA","See End Item P-5A","10","10","0","2232-46dd6818b096f38e5702e1bd58f49b57431f67833494da977e8d23b743b6a508","root"
"Control Surface Actuators","13","","0.916","0.916","0.916","0.916","","","","0","3.664","2014-BASE_PROCUREMENT-2014-ARMY_MISSLE-PROCUREMENT_JustificationBook_Army_PB_2014.zzz_unzipped-PROCUREMENT_JustificationBook_Army_PB_2014.xml","632923aba4f894b93ed59073a73341bca371b2e639597c1b17bf5525e8823170","6-4b05741f773a78c0cf8eaa99210e6024a2e3a114dc8b5d603ffe178118b91066","See End Item P-5A/NA","See End Item P-5A","13","13","0","2232-46dd6818b096f38e5702e1bd58f49b57431f67833494da977e8d23b743b6a508","root"
"Beacon Shutter Actuator","11","","0.543","0.543","0.543","0.543","","","","0","2.172","2014-BASE_PROCUREMENT-2014-ARMY_MISSLE-PROCUREMENT_JustificationBook_Army_PB_2014.zzz_unzipped-PROCUREMENT_JustificationBook_Army_PB_2014.xml","632923aba4f894b93ed59073a73341bca371b2e639597c1b17bf5525e8823170","7-ae1d4311bc580e362c1d0c25db33b1c5dd2e13a3186bf45b54c1b6e1a0e83bee","See End Item P-5A/NA","See End Item P-5A","11","11","0","2232-46dd6818b096f38e5702e1bd58f49b57431f67833494da977e8d23b743b6a508","root"
"AH-64E Apache New Build","12","","84.264","146.121","","","","","","0","230.385","2014-AMENDED_PROCUREMENT_AND_RDTE-2014-ARMY-PROCUREMENT_JustificationBook_Army_PBAmended_2014_APA.zzz_unzipped-PROCUREMENT_JustificationBook_Army_PBAmended_2014.xml","53aa239ed160d6e353e7923c5e8a04d1e17b5ccc46ba915655778b07e93a9058","0-e5ade5648f1be05800d42658aec3a428c20b8e74384b3bb7cecbac8d037c395a","See End Item P-5A/NA","See End Item P-5A","12","12","","2499-80ab003b333508e6e8e72d85872a797d28cd274eec4d58b75a5fdf1a02392539","root"
"Avionics","16","59.882","48.382","33.338","39.35","40.944","40.854","3.483","","0","266.233","2014-AMENDED_PROCUREMENT_AND_RDTE-2014-ARMY-PROCUREMENT_JustificationBook_Army_PBAmended_2014_APA.zzz_unzipped-PROCUREMENT_JustificationBook_Army_PBAmended_2014.xml","31ce47de87c8301c9fbe28a62251bab8c03638c577fb670f2b5d6e8131865665","0-7a4eb87993644739d8cff25bbc47fe06eeef7702124f65fcd138792976630549","See End Item P-5A/NA","See End Item P-5A","15","15","","2502-e9de7778d20373c86c18605ec26b58a12d06d0e29f58ad0d5b346c1ca7bf0059","root"
"Airframe","14","89.755","72.574","50.008","59.026","61.417","61.28","5.224","","0","399.284","2014-AMENDED_PROCUREMENT_AND_RDTE-2014-ARMY-PROCUREMENT_JustificationBook_Army_PBAmended_2014_APA.zzz_unzipped-PROCUREMENT_JustificationBook_Army_PBAmended_2014.xml","31ce47de87c8301c9fbe28a62251bab8c03638c577fb670f2b5d6e8131865665","1-1d8dfbf1edbc94e4f69a15c4a47d271ae7dce84b7a434b01e67b55c24bc01a4a","See End Item P-5A/NA","See End Item P-5A","13","13","","2502-e9de7778d20373c86c18605ec26b58a12d06d0e29f58ad0d5b346c1ca7bf0059","root"
