Name_val,Cost_AllPriorYears_TotalCost_val,Cost_PriorYear_TotalCost_val,Cost_CurrentYear_TotalCost_val,Cost_BudgetYearOneBase_TotalCost_val,Cost_BudgetYearOneOCO_TotalCost_val,Cost_BudgetYearOne_TotalCost_val,Cost_Quantity_AllPriorYears_val,Cost_Quantity_PriorYear_val,Cost_Quantity_CurrentYear_val,Cost_Quantity_BudgetYearOneBase_val,Cost_Quantity_BudgetYearOneOCO_val,Cost_Quantity_BudgetYearOne_val,Cost_TotalCost_AllPriorYears_val,Cost_TotalCost_PriorYear_val,Cost_TotalCost_CurrentYear_val,Cost_TotalCost_BudgetYearOneBase_val,Cost_TotalCost_BudgetYearOneOCO_val,Cost_TotalCost_BudgetYearOne_val,Cost_UnitCost_AllPriorYears_val,Cost_UnitCost_PriorYear_val,Cost_UnitCost_CurrentYear_val,Cost_UnitCost_BudgetYearOneBase_val,Cost_UnitCost_BudgetYearOneOCO_val,Cost_UnitCost_BudgetYearOne_val,@SOURCE_FILENAME,@RECORDID,@ROWID,@PARENTROWID,@PARENT
"Proposal Preparation","0.816","0.000","0.000","0.000","0.000","0.000","","","","","","","","","","","","","","","","","","","2013-BASE_PROCUREMENT-2013-AIRFORCE_AIRCRAFT_VOL1-JustificationBook_Air_Force_PB_2013.zzz_unzipped-JustificationBook_Air_Force_PB_2013.xml","151cbabc5cab50e7685c243072d83b061ce0acd1f753dc40f1d47d3fbff117f7","0-6d14463f20be5bb2639ca9fbeb9a68293b17f5016fcc61412e9ec8869da11809","4-85c17e29c9dcc92165849857f12b04441bb92d61603b064de053d67e33e87912","root.record.ItemExhibitList.P5Item.CostElementCategoryList.Flyaway.Recurring.CostElementList.CostElement"
"Government Support","1.393","0.729","1.148","1.304","0.000","1.304","","","","","","","","","","","","","","","","","","","2013-BASE_PROCUREMENT-2013-AIRFORCE_AIRCRAFT_VOL1-JustificationBook_Air_Force_PB_2013.zzz_unzipped-JustificationBook_Air_Force_PB_2013.xml","151cbabc5cab50e7685c243072d83b061ce0acd1f753dc40f1d47d3fbff117f7","1-99798d1b46159c70d4cdc8091e70b6745faff8ef035f7e7ad7dc03f72747ca90","4-85c17e29c9dcc92165849857f12b04441bb92d61603b064de053d67e33e87912","root.record.ItemExhibitList.P5Item.CostElementCategoryList.Flyaway.Recurring.CostElementList.CostElement"
"Proposal Preparation","0.816","0.000","0.000","0.000","0.000","0.000","","","","","","","","","","","","","","","","","","","2013-BASE_PROCUREMENT-2013-AIRFORCE_AIRCRAFT_VOL2-MasterJustificationBook_Air_Force_PB_2013.zzz_unzipped-MasterJustificationBook_Air_Force_PB_2013.xml","49ea51a266d1f26fbb7e9540dcf13ac7edf6e0045e26abc78725de6f38f215f0","0-6349c8f2b8225f18909e0060d7f86342613f5c426a6eb75eceaff5f0506356ec","4-7348675d996b11273813b31db9f370b74e8804dac3a25a68af1c8da7f6857ca1","root.record.ItemExhibitList.P5Item.CostElementCategoryList.Flyaway.Recurring.CostElementList.CostElement"
"Government Support","1.393","0.729","1.148","1.304","0.000","1.304","","","","","","","","","","","","","","","","","","","2013-BASE_PROCUREMENT-2013-AIRFORCE_AIRCRAFT_VOL2-MasterJustificationBook_Air_Force_PB_2013.zzz_unzipped-MasterJustificationBook_Air_Force_PB_2013.xml","49ea51a266d1f26fbb7e9540dcf13ac7edf6e0045e26abc78725de6f38f215f0","1-d2cede9f9b7fe9cf89d7fa9169d06221de7542726750800fd33834c6c849b4dc","4-7348675d996b11273813b31db9f370b74e8804dac3a25a68af1c8da7f6857ca1","root.record.ItemExhibitList.P5Item.CostElementCategoryList.Flyaway.Recurring.CostElementList.CostElement"
"Proposal Preparation","0.816","0.000","0.000","0.000","0.000","0.000","","","","","","","","","","","","","","","","","","","2013-BASE_PROCUREMENT-2013-AIRFORCE_AIRCRAFT_VOL1-MasterJustificationBook_Air_Force_PB_2013.zzz_unzipped-MasterJustificationBook_Air_Force_PB_2013.xml","cdde32f263605efa565ce4d4f2dcfab53c9478c879b60a96129ffe25b7d34e8a","0-f277df8eae99963a2a8563ec8af951328a4ef29a9d51d5d316107879f78bf24b","4-1c7526fa3c7ce6a60c6101f7ee27da32e2fb447f62895d4346c8fba17b9a9a17","root.record.ItemExhibitList.P5Item.CostElementCategoryList.Flyaway.Recurring.CostElementList.CostElement"
"Government Support","1.393","0.729","1.148","1.304","0.000","1.304","","","","","","","","","","","","","","","","","","","2013-BASE_PROCUREMENT-2013-AIRFORCE_AIRCRAFT_VOL1-MasterJustificationBook_Air_Force_PB_2013.zzz_unzipped-MasterJustificationBook_Air_Force_PB_2013.xml","cdde32f263605efa565ce4d4f2dcfab53c9478c879b60a96129ffe25b7d34e8a","1-2326227eb4697c86b8f2f80b796bee9a298c1dd6e7ff92af455a30fbf2619bce","4-1c7526fa3c7ce6a60c6101f7ee27da32e2fb447f62895d4346c8fba17b9a9a17","root.record.ItemExhibitList.P5Item.CostElementCategoryList.Flyaway.Recurring.CostElementList.CostElement"
"--MTV Cargo M1083","","","","","","","3838","354","257","8","240","248","584.333","71.179","54.025","1.662","49.867","51.529","152.249","201.071","210.214","207.75","207.779","207.778","2017-BASE_PROCUREMENT-2017-ARMY_OTHER_1-U_PROCUREMENT_JustificationBook_Army_PB_2017.zzz_unzipped-U_PROCUREMENT_JustificationBook_Army_PB_2017.xml","419cc7e6796fce0e404e3fd1565ad6d43e728e42a9b2c8e98eb0df751aaf2d01","0-7493f84606ae5d9d7797c26fdf78e5139db34d42e54d29ba89d03eb5455b90d5","0-20b1b21e47883ab3a6ddbfe458c2c71abe4ed4e81145c9588d0fd0b85fc325d9","root.record.ItemExhibitList.P5Item.CostElementCategoryList.Flyaway.Recurring.CostElementList.CostElement"
"--MTV Cargo w/winch M1083","","","","","","","845","","","","","","133.739","","","","","","158.271","","","","","","2017-BASE_PROCUREMENT-2017-ARMY_OTHER_1-U_PROCUREMENT_JustificationBook_Army_PB_2017.zzz_unzipped-U_PROCUREMENT_JustificationBook_Army_PB_2017.xml","419cc7e6796fce0e404e3fd1565ad6d43e728e42a9b2c8e98eb0df751aaf2d01","1-d45e6cfea4139b85b7329011f69a0251d8fdb96de981c4e5d60e34fc55cfafc6","0-20b1b21e47883ab3a6ddbfe458c2c71abe4ed4e81145c9588d0fd0b85fc325d9","root.record.ItemExhibitList.P5Item.CostElementCategoryList.Flyaway.Recurring.CostElementList.CostElement"
"--MTV Cargo-Long Wheel Base (LWB) M1085","","","","","","","1313","29","219","","298","298","422.299","5.931","46.833","","62.98","62.98","321.629","204.517","213.849","","211.342","211.342","2017-BASE_PROCUREMENT-2017-ARMY_OTHER_1-U_PROCUREMENT_JustificationBook_Army_PB_2017.zzz_unzipped-U_PROCUREMENT_JustificationBook_Army_PB_2017.xml","419cc7e6796fce0e404e3fd1565ad6d43e728e42a9b2c8e98eb0df751aaf2d01","2-b08a6bf3b110520c74916dd513cfdeffd656a9bc7fd6ea0ffd7dec4ddfe1c2bb","0-20b1b21e47883ab3a6ddbfe458c2c71abe4ed4e81145c9588d0fd0b85fc325d9","root.record.ItemExhibitList.P5Item.CostElementCategoryList.Flyaway.Recurring.CostElementList.CostElement"
"--MTV Cargo-LWB w/winch M1085","","","","","","","65","","","","","","10.563","","","","","","162.508","","","","","","2017-BASE_PROCUREMENT-2017-ARMY_OTHER_1-U_PROCUREMENT_JustificationBook_Army_PB_2017.zzz_unzipped-U_PROCUREMENT_JustificationBook_Army_PB_2017.xml","419cc7e6796fce0e404e3fd1565ad6d43e728e42a9b2c8e98eb0df751aaf2d01","3-e6bc5c7b0d006e06b10cd4dd15c1a2e5348ffe266907d5ad4c87ad9cbe87d525","0-20b1b21e47883ab3a6ddbfe458c2c71abe4ed4e81145c9588d0fd0b85fc325d9","root.record.ItemExhibitList.P5Item.CostElementCategoryList.Flyaway.Recurring.CostElementList.CostElement"
"--MTV Cargo MHE M1084","","","","","","","223","33","3","","","","97.727","9.151","0.869","","","","438.238","277.303","289.667","","","","2017-BASE_PROCUREMENT-2017-ARMY_OTHER_1-U_PROCUREMENT_JustificationBook_Army_PB_2017.zzz_unzipped-U_PROCUREMENT_JustificationBook_Army_PB_2017.xml","419cc7e6796fce0e404e3fd1565ad6d43e728e42a9b2c8e98eb0df751aaf2d01","4-c4dc38200c03d60e108b1ecf2d611cb64103bc22d3855f049129a090e82770c1","0-20b1b21e47883ab3a6ddbfe458c2c71abe4ed4e81145c9588d0fd0b85fc325d9","root.record.ItemExhibitList.P5Item.CostElementCategoryList.Flyaway.Recurring.CostElementList.CostElement"
"--MTV LWB Cargo w/MHE M1086","","","","","","","9","","","","","","1.931","","","","","","214.556","","","","","","2017-BASE_PROCUREMENT-2017-ARMY_OTHER_1-U_PROCUREMENT_JustificationBook_Army_PB_2017.zzz_unzipped-U_PROCUREMENT_JustificationBook_Army_PB_2017.xml","419cc7e6796fce0e404e3fd1565ad6d43e728e42a9b2c8e98eb0df751aaf2d01","5-c2872033893df325e81d031911a9066c0af66c122804c331e7705a5957959b61","0-20b1b21e47883ab3a6ddbfe458c2c71abe4ed4e81145c9588d0fd0b85fc325d9","root.record.ItemExhibitList.P5Item.CostElementCategoryList.Flyaway.Recurring.CostElementList.CostElement"
"--MTV 10 Ton Dump M1157","","","","","","","825","","23","","","","147.659","","5.749","","","","178.981","","249.957","","","","2017-BASE_PROCUREMENT-2017-ARMY_OTHER_1-U_PROCUREMENT_JustificationBook_Army_PB_2017.zzz_unzipped-U_PROCUREMENT_JustificationBook_Army_PB_2017.xml","419cc7e6796fce0e404e3fd1565ad6d43e728e42a9b2c8e98eb0df751aaf2d01","6-d2111603a2b01982189c0be57e4041588259e19aa6e1160b4f86d46c6f39f9f2","0-20b1b21e47883ab3a6ddbfe458c2c71abe4ed4e81145c9588d0fd0b85fc325d9","root.record.ItemExhibitList.P5Item.CostElementCategoryList.Flyaway.Recurring.CostElementList.CostElement"
"--MTV 10 Ton Dump M1157 w/winch","","","","","","","818","","","","","","306.397","","","","","","374.568","","","","","","2017-BASE_PROCUREMENT-2017-ARMY_OTHER_1-U_PROCUREMENT_JustificationBook_Army_PB_2017.zzz_unzipped-U_PROCUREMENT_JustificationBook_Army_PB_2017.xml","419cc7e6796fce0e404e3fd1565ad6d43e728e42a9b2c8e98eb0df751aaf2d01","7-545357544998e8550caef9400c745a83939d4311f215537391ab906aeb1437bf","0-20b1b21e47883ab3a6ddbfe458c2c71abe4ed4e81145c9588d0fd0b85fc325d9","root.record.ItemExhibitList.P5Item.CostElementCategoryList.Flyaway.Recurring.CostElementList.CostElement"
"--MTV Tractor M1088","","","","","","","1722","55","241","","297","297","547.991","11.2","51.352","","62.498","62.498","318.229","203.636","213.079","","210.431","210.431","2017-BASE_PROCUREMENT-2017-ARMY_OTHER_1-U_PROCUREMENT_JustificationBook_Army_PB_2017.zzz_unzipped-U_PROCUREMENT_JustificationBook_Army_PB_2017.xml","419cc7e6796fce0e404e3fd1565ad6d43e728e42a9b2c8e98eb0df751aaf2d01","8-c07a71c19e50a9cb6072f75e265fe539ef1a83704aeefad99bd599e88be1806f","0-20b1b21e47883ab3a6ddbfe458c2c71abe4ed4e81145c9588d0fd0b85fc325d9","root.record.ItemExhibitList.P5Item.CostElementCategoryList.Flyaway.Recurring.CostElementList.CostElement"
"--MTV Wrecker M1089","","","","","","","269","16","36","","77","77","195.014","7.308","17.172","","36.342","36.342","724.959","456.75","477","","471.974","471.974","2017-BASE_PROCUREMENT-2017-ARMY_OTHER_1-U_PROCUREMENT_JustificationBook_Army_PB_2017.zzz_unzipped-U_PROCUREMENT_JustificationBook_Army_PB_2017.xml","419cc7e6796fce0e404e3fd1565ad6d43e728e42a9b2c8e98eb0df751aaf2d01","9-3cd7683b0f53c8f80cf8e508c5d3bded24d03636f390281f8cb6a2c46d73bd63","0-20b1b21e47883ab3a6ddbfe458c2c71abe4ed4e81145c9588d0fd0b85fc325d9","root.record.ItemExhibitList.P5Item.CostElementCategoryList.Flyaway.Recurring.CostElementList.CostElement"
"--MTV Expansible Van M1087","","","","","","","1183","","8","","11","11","775.55","","3.638","","4.923","4.923","655.579","","454.75","","447.545","447.545","2017-BASE_PROCUREMENT-2017-ARMY_OTHER_1-U_PROCUREMENT_JustificationBook_Army_PB_2017.zzz_unzipped-U_PROCUREMENT_JustificationBook_Army_PB_2017.xml","419cc7e6796fce0e404e3fd1565ad6d43e728e42a9b2c8e98eb0df751aaf2d01","10-ba73c882b0ecb422d0d7e6f97fb31fa7287b2f11e2c2583b92dd7fbf9d1c258c","0-20b1b21e47883ab3a6ddbfe458c2c71abe4ed4e81145c9588d0fd0b85fc325d9","root.record.ItemExhibitList.P5Item.CostElementCategoryList.Flyaway.Recurring.CostElementList.CostElement"
"--MTV LHS M1148","","","","","","","17","","","","","","3.909","","","","","","229.941","","","","","","2017-BASE_PROCUREMENT-2017-ARMY_OTHER_1-U_PROCUREMENT_JustificationBook_Army_PB_2017.zzz_unzipped-U_PROCUREMENT_JustificationBook_Army_PB_2017.xml","419cc7e6796fce0e404e3fd1565ad6d43e728e42a9b2c8e98eb0df751aaf2d01","11-1a1d36fe852caf977acb28b5d87e65c90c584f10df0a8de43c5da978e69cf578","0-20b1b21e47883ab3a6ddbfe458c2c71abe4ed4e81145c9588d0fd0b85fc325d9","root.record.ItemExhibitList.P5Item.CostElementCategoryList.Flyaway.Recurring.CostElementList.CostElement"
"Hardware (TROJAN)","","","","","","","57","5","9","5","10","15","177.408","5.401","11.815","7.085","14.982","22.067","3112.421","1080.2","1312.778","1417","1498.2","1471.133","2018-BASE_PROCUREMENT-2018-ARMY_OTHER_2-U_PROCUREMENT_JustificationBook_Army_PB_2018.zzz_unzipped-U_PROCUREMENT_JustificationBook_Army_PB_2018.xml","c4f5a51865bea350e77dd53e1fc355ee03f3ae87fc07b6bb32b4ed26f1f4d9b7","0-617a0b20e42616709eba6f8e8062426789899060328b684bc5faf10759a85576","0-1108064b0a56572ade28f7f8bcbc357cf384572ad3acfec66328d5e070cae008","root.record.ItemExhibitList.P5Item.CostElementCategoryList.Flyaway.Recurring.CostElementList.CostElement"
"Hardware (JMICS)","","","","","","","","","","","2","2","","","","","5.2","5.2","","","","","2600","2600","2018-BASE_PROCUREMENT-2018-ARMY_OTHER_2-U_PROCUREMENT_JustificationBook_Army_PB_2018.zzz_unzipped-U_PROCUREMENT_JustificationBook_Army_PB_2018.xml","c4f5a51865bea350e77dd53e1fc355ee03f3ae87fc07b6bb32b4ed26f1f4d9b7","1-385b45d57dadde5ead210f52444be1ee36e3642d8142df495d9c0ab1caf9d37f","0-1108064b0a56572ade28f7f8bcbc357cf384572ad3acfec66328d5e070cae008","root.record.ItemExhibitList.P5Item.CostElementCategoryList.Flyaway.Recurring.CostElementList.CostElement"
"--MTV Cargo M1083","","","","","","","4020","257","331","9","","9","615.151","54.025","69.365","1.923","","1.923","153.023","210.214","209.562","213.667","","213.667","2018-BASE_PROCUREMENT-2018-ARMY_OTHER_1-U_PROCUREMENT_JustificationBook_Army_PB_2018.zzz_unzipped-U_PROCUREMENT_JustificationBook_Army_PB_2018.xml","fab7bc17bb92a85b68d89dc6f4b2d5407c231aadd2a31215727d47fb39bc0f06","0-7510bdf080e4023bc4c0ec5210ab1e31d0ba5507eab70c030491be0bf88433b5","0-8de1d8887f6986f756272e30032b419ae1c969b63d8f9b0ee064fc5abdf6d3d5","root.record.ItemExhibitList.P5Item.CostElementCategoryList.Flyaway.Recurring.CostElementList.CostElement"
"--MTV Cargo w/winch M1083","","","","","","","887","","","","","","140.917","","","","","","158.869","","","","","","2018-BASE_PROCUREMENT-2018-ARMY_OTHER_1-U_PROCUREMENT_JustificationBook_Army_PB_2018.zzz_unzipped-U_PROCUREMENT_JustificationBook_Army_PB_2018.xml","fab7bc17bb92a85b68d89dc6f4b2d5407c231aadd2a31215727d47fb39bc0f06","1-00c6d5d95a5ca4f36f791ce745d28a698bd3b4c1bf87b788c892aaea542ebbc1","0-8de1d8887f6986f756272e30032b419ae1c969b63d8f9b0ee064fc5abdf6d3d5","root.record.ItemExhibitList.P5Item.CostElementCategoryList.Flyaway.Recurring.CostElementList.CostElement"
"--MTV Cargo-Long Wheel Base (LWB) M1085","","","","","","","1444","219","","","","","444.347","46.833","","","","","307.72","213.849","","","","","2018-BASE_PROCUREMENT-2018-ARMY_OTHER_1-U_PROCUREMENT_JustificationBook_Army_PB_2018.zzz_unzipped-U_PROCUREMENT_JustificationBook_Army_PB_2018.xml","fab7bc17bb92a85b68d89dc6f4b2d5407c231aadd2a31215727d47fb39bc0f06","2-10aedbaa924dc46a219997f5b3a45d1bad743fa9d14745db08a2c5cb125c0618","0-8de1d8887f6986f756272e30032b419ae1c969b63d8f9b0ee064fc5abdf6d3d5","root.record.ItemExhibitList.P5Item.CostElementCategoryList.Flyaway.Recurring.CostElementList.CostElement"
"--MTV Cargo-LWB w/winch M1085","","","","","","","65","","","","","","10.563","","","","","","162.508","","","","","","2018-BASE_PROCUREMENT-2018-ARMY_OTHER_1-U_PROCUREMENT_JustificationBook_Army_PB_2018.zzz_unzipped-U_PROCUREMENT_JustificationBook_Army_PB_2018.xml","fab7bc17bb92a85b68d89dc6f4b2d5407c231aadd2a31215727d47fb39bc0f06","3-a60975b60b025d13cc8acfa5c80dd1fa4d0180adae82e459cb02ce5ca38d5958","0-8de1d8887f6986f756272e30032b419ae1c969b63d8f9b0ee064fc5abdf6d3d5","root.record.ItemExhibitList.P5Item.CostElementCategoryList.Flyaway.Recurring.CostElementList.CostElement"
"--MTV Cargo MHE M1084","","","","","","","325","3","221","2","","2","123.005","0.869","64.003","0.591","","0.591","378.477","289.667","289.606","295.5","","295.5","2018-BASE_PROCUREMENT-2018-ARMY_OTHER_1-U_PROCUREMENT_JustificationBook_Army_PB_2018.zzz_unzipped-U_PROCUREMENT_JustificationBook_Army_PB_2018.xml","fab7bc17bb92a85b68d89dc6f4b2d5407c231aadd2a31215727d47fb39bc0f06","4-42b5820278062769882953f76a722c11f62d67636ac03bcab7caee6f09d1be98","0-8de1d8887f6986f756272e30032b419ae1c969b63d8f9b0ee064fc5abdf6d3d5","root.record.ItemExhibitList.P5Item.CostElementCategoryList.Flyaway.Recurring.CostElementList.CostElement"
"--MTV LWB Cargo w/MHE M1086","","","","","","","9","","","","","","1.931","","","","","","214.556","","","","","","2018-BASE_PROCUREMENT-2018-ARMY_OTHER_1-U_PROCUREMENT_JustificationBook_Army_PB_2018.zzz_unzipped-U_PROCUREMENT_JustificationBook_Army_PB_2018.xml","fab7bc17bb92a85b68d89dc6f4b2d5407c231aadd2a31215727d47fb39bc0f06","5-7e3acfe5131974e090e96ab414f7b0bb9d210d66c97077074211d5c7919b477d","0-8de1d8887f6986f756272e30032b419ae1c969b63d8f9b0ee064fc5abdf6d3d5","root.record.ItemExhibitList.P5Item.CostElementCategoryList.Flyaway.Recurring.CostElementList.CostElement"
"--MTV 10 Ton Dump M1157","","","","","","","827","23","","","","","148.135","5.749","","","","","179.123","249.957","","","","","2018-BASE_PROCUREMENT-2018-ARMY_OTHER_1-U_PROCUREMENT_JustificationBook_Army_PB_2018.zzz_unzipped-U_PROCUREMENT_JustificationBook_Army_PB_2018.xml","fab7bc17bb92a85b68d89dc6f4b2d5407c231aadd2a31215727d47fb39bc0f06","6-8631efabb6564e27f1919afbf3be09776302734adede6fe180eb7b347e7da1bb","0-8de1d8887f6986f756272e30032b419ae1c969b63d8f9b0ee064fc5abdf6d3d5","root.record.ItemExhibitList.P5Item.CostElementCategoryList.Flyaway.Recurring.CostElementList.CostElement"
"--MTV 10 Ton Dump M1157 w/winch","","","","","","","820","","","","","","306.899","","","","","","374.267","","","","","","2018-BASE_PROCUREMENT-2018-ARMY_OTHER_1-U_PROCUREMENT_JustificationBook_Army_PB_2018.zzz_unzipped-U_PROCUREMENT_JustificationBook_Army_PB_2018.xml","fab7bc17bb92a85b68d89dc6f4b2d5407c231aadd2a31215727d47fb39bc0f06","7-5879c20b324ac6f5a39db9c4f08674923b1afab568aa3180cdb2c3bcff47813b","0-8de1d8887f6986f756272e30032b419ae1c969b63d8f9b0ee064fc5abdf6d3d5","root.record.ItemExhibitList.P5Item.CostElementCategoryList.Flyaway.Recurring.CostElementList.CostElement"
"--MTV Tractor M1088","","","","","","","1855","241","516","9","","9","571.159","51.352","108.232","1.925","","1.925","307.902","213.079","209.752","213.889","","213.889","2018-BASE_PROCUREMENT-2018-ARMY_OTHER_1-U_PROCUREMENT_JustificationBook_Army_PB_2018.zzz_unzipped-U_PROCUREMENT_JustificationBook_Army_PB_2018.xml","fab7bc17bb92a85b68d89dc6f4b2d5407c231aadd2a31215727d47fb39bc0f06","8-d3fd663f1cd04f8fc1815b711db67dc54f02a46e4b4caacf3443ed5ae96400fa","0-8de1d8887f6986f756272e30032b419ae1c969b63d8f9b0ee064fc5abdf6d3d5","root.record.ItemExhibitList.P5Item.CostElementCategoryList.Flyaway.Recurring.CostElementList.CostElement"
"--MTV Wrecker M1089","","","","","","","347","36","","","","","225.661","17.172","","","","","650.32","477","","","","","2018-BASE_PROCUREMENT-2018-ARMY_OTHER_1-U_PROCUREMENT_JustificationBook_Army_PB_2018.zzz_unzipped-U_PROCUREMENT_JustificationBook_Army_PB_2018.xml","fab7bc17bb92a85b68d89dc6f4b2d5407c231aadd2a31215727d47fb39bc0f06","9-e9e024561671281c13233942c7a9df836f0576fe1fa4d1f090a8b551b46c7585","0-8de1d8887f6986f756272e30032b419ae1c969b63d8f9b0ee064fc5abdf6d3d5","root.record.ItemExhibitList.P5Item.CostElementCategoryList.Flyaway.Recurring.CostElementList.CostElement"
"--MTV Expansible Van M1087","","","","","","","1195","8","","","","","780.747","3.638","","","","","653.345","454.75","","","","","2018-BASE_PROCUREMENT-2018-ARMY_OTHER_1-U_PROCUREMENT_JustificationBook_Army_PB_2018.zzz_unzipped-U_PROCUREMENT_JustificationBook_Army_PB_2018.xml","fab7bc17bb92a85b68d89dc6f4b2d5407c231aadd2a31215727d47fb39bc0f06","10-d8cc6469a53958ed010ab633e878f3b836db814d1156730675da1564e57e673f","0-8de1d8887f6986f756272e30032b419ae1c969b63d8f9b0ee064fc5abdf6d3d5","root.record.ItemExhibitList.P5Item.CostElementCategoryList.Flyaway.Recurring.CostElementList.CostElement"
"--MTV LHS M1148","","","","","","","52","","","17","","17","14.272","","","5.903","","5.903","274.462","","","347.235","","347.235","2018-BASE_PROCUREMENT-2018-ARMY_OTHER_1-U_PROCUREMENT_JustificationBook_Army_PB_2018.zzz_unzipped-U_PROCUREMENT_JustificationBook_Army_PB_2018.xml","fab7bc17bb92a85b68d89dc6f4b2d5407c231aadd2a31215727d47fb39bc0f06","11-f1a3f573fdd1544577274457168c626b33b9344af37063906378d353922925f6","0-8de1d8887f6986f756272e30032b419ae1c969b63d8f9b0ee064fc5abdf6d3d5","root.record.ItemExhibitList.P5Item.CostElementCategoryList.Flyaway.Recurring.CostElementList.CostElement"
"AN/TSQ-226B(V)1 Phase 3 Kits","","","","","","","","27","","24","","24","","4.609","","4.092","","4.092","","170.704","","170.5","","170.5","2019-BASE_PROCUREMENT-2019-ARMY_OTHER_2-U_PROCUREMENT_JustificationBook_Army_PB_2019.zzz_unzipped-U_PROCUREMENT_JustificationBook_Army_PB_2019.xml","97ae88ad5c2d10747b9c391cd8a0eb186ef33e8a38621deaa502fb7ad5815e80","0-08312313647c100d6a494f72a75394ee5fa026d28a7a9857e244bca6121df4fe","0-9baf364f7dafd8284015b848a3ef9ddb7025f948e0c159e427e8f35435665808","root.record.ItemExhibitList.P5Item.CostElementCategoryList.Flyaway.Recurring.CostElementList.CostElement"
"AN/TSQ-226B(V)1 Phase 3 Kits Spares (RSC)","","","","","","","","7","","","","","","1.073","","","","","","153.286","","","","","2019-BASE_PROCUREMENT-2019-ARMY_OTHER_2-U_PROCUREMENT_JustificationBook_Army_PB_2019.zzz_unzipped-U_PROCUREMENT_JustificationBook_Army_PB_2019.xml","97ae88ad5c2d10747b9c391cd8a0eb186ef33e8a38621deaa502fb7ad5815e80","1-2b7534df96c6abd062cb0b4b3e3fcae1a01b70dbf566db0e40f3fed1fc9c63bb","0-9baf364f7dafd8284015b848a3ef9ddb7025f948e0c159e427e8f35435665808","root.record.ItemExhibitList.P5Item.CostElementCategoryList.Flyaway.Recurring.CostElementList.CostElement"
"AN/TSQ-226B/C(V)2/3 Phase 3 Kits","","","","","","","","1","8","","","","","0.09","0.716","","","","","90","89.5","","","","2019-BASE_PROCUREMENT-2019-ARMY_OTHER_2-U_PROCUREMENT_JustificationBook_Army_PB_2019.zzz_unzipped-U_PROCUREMENT_JustificationBook_Army_PB_2019.xml","97ae88ad5c2d10747b9c391cd8a0eb186ef33e8a38621deaa502fb7ad5815e80","2-44bfcc8e84ba01378b0bd21d0f71b13f5fdfb58ff30779fd8d3dcfcd4a32eecf","0-9baf364f7dafd8284015b848a3ef9ddb7025f948e0c159e427e8f35435665808","root.record.ItemExhibitList.P5Item.CostElementCategoryList.Flyaway.Recurring.CostElementList.CostElement"
"T-JWICS VTC Suite Upgrades","","","","","","","","","19","61","","61","","","0.786","2.523","","2.523","","","41.368","41.361","","41.361","2019-BASE_PROCUREMENT-2019-ARMY_OTHER_2-U_PROCUREMENT_JustificationBook_Army_PB_2019.zzz_unzipped-U_PROCUREMENT_JustificationBook_Army_PB_2019.xml","97ae88ad5c2d10747b9c391cd8a0eb186ef33e8a38621deaa502fb7ad5815e80","3-2f724d6289aca8a7637ca692d2288c2fe5530c3412219c1a2342cddd3361702f","0-9baf364f7dafd8284015b848a3ef9ddb7025f948e0c159e427e8f35435665808","root.record.ItemExhibitList.P5Item.CostElementCategoryList.Flyaway.Recurring.CostElementList.CostElement"
"T-JWICS VTC Suite Spares (RSC)","","","","","","","","","14","","","","","","0.638","","","","","","45.571","","","","2019-BASE_PROCUREMENT-2019-ARMY_OTHER_2-U_PROCUREMENT_JustificationBook_Army_PB_2019.zzz_unzipped-U_PROCUREMENT_JustificationBook_Army_PB_2019.xml","97ae88ad5c2d10747b9c391cd8a0eb186ef33e8a38621deaa502fb7ad5815e80","4-b4558af87589899b2a3326e6ada147f754f94d222dc71653775c0ae504d81167","0-9baf364f7dafd8284015b848a3ef9ddb7025f948e0c159e427e8f35435665808","root.record.ItemExhibitList.P5Item.CostElementCategoryList.Flyaway.Recurring.CostElementList.CostElement"
"iDirect Modems","","","","","","","","","88","106","","106","","","1.936","2.332","","2.332","","","22","22","","22","2019-BASE_PROCUREMENT-2019-ARMY_OTHER_2-U_PROCUREMENT_JustificationBook_Army_PB_2019.zzz_unzipped-U_PROCUREMENT_JustificationBook_Army_PB_2019.xml","97ae88ad5c2d10747b9c391cd8a0eb186ef33e8a38621deaa502fb7ad5815e80","5-e2a556be52d42258ac21e250d7e64c9992eff2c739db2efa949ad878f61415d5","0-9baf364f7dafd8284015b848a3ef9ddb7025f948e0c159e427e8f35435665808","root.record.ItemExhibitList.P5Item.CostElementCategoryList.Flyaway.Recurring.CostElementList.CostElement"
"iDirect Modems - Spares (RSC)","","","","","","","","","14","","","","","","0.308","","","","","","22","","","","2019-BASE_PROCUREMENT-2019-ARMY_OTHER_2-U_PROCUREMENT_JustificationBook_Army_PB_2019.zzz_unzipped-U_PROCUREMENT_JustificationBook_Army_PB_2019.xml","97ae88ad5c2d10747b9c391cd8a0eb186ef33e8a38621deaa502fb7ad5815e80","6-276dbe712cd35ac4e38c401e0933d9c1f8da32cf7902c8b6149ce2f8b12ecdff","0-9baf364f7dafd8284015b848a3ef9ddb7025f948e0c159e427e8f35435665808","root.record.ItemExhibitList.P5Item.CostElementCategoryList.Flyaway.Recurring.CostElementList.CostElement"
"Hardware (Previous Years)","","","","","","","473","","","","","","143.821","","","","","","304.061","","","","","","2019-BASE_PROCUREMENT-2019-ARMY_OTHER_2-U_PROCUREMENT_JustificationBook_Army_PB_2019.zzz_unzipped-U_PROCUREMENT_JustificationBook_Army_PB_2019.xml","97ae88ad5c2d10747b9c391cd8a0eb186ef33e8a38621deaa502fb7ad5815e80","7-e7771ccc9bb3365a5287a6abcd4621ff96d54aeb5294564e7bd9bb0bb0ae9319","0-9baf364f7dafd8284015b848a3ef9ddb7025f948e0c159e427e8f35435665808","root.record.ItemExhibitList.P5Item.CostElementCategoryList.Flyaway.Recurring.CostElementList.CostElement"
"Hardware & Integration - RAM Warn EDI","","","","","","","","80","","","","","","4.27","","","","","","53.375","","","","","2019-BASE_PROCUREMENT-2019-ARMY_OTHER_2-U_PROCUREMENT_JustificationBook_Army_PB_2019.zzz_unzipped-U_PROCUREMENT_JustificationBook_Army_PB_2019.xml","2cbbc5957071eb4fa35225fd174f9cfb39318ddf966df8ff502f7f8a74cad756","0-0dbcc047b7e548a16d485c4f89f8f1f9046b1d0c3f0f0d529825cc2967bac559","0-b6fcc9c818522d4f32d0580df1945ebd7910c0b8bd52eb9d51478fc75109121a","root.record.ItemExhibitList.P5Item.CostElementCategoryList.Flyaway.Recurring.CostElementList.CostElement"
"Hardware & Integration - RAM Warn BCT Secure Comms","","","","","","","890","510","270","84","","84","87.223","30.767","9.385","3.583","","3.583","98.003","60.327","34.759","42.655","","42.655","2019-BASE_PROCUREMENT-2019-ARMY_OTHER_2-U_PROCUREMENT_JustificationBook_Army_PB_2019.zzz_unzipped-U_PROCUREMENT_JustificationBook_Army_PB_2019.xml","2cbbc5957071eb4fa35225fd174f9cfb39318ddf966df8ff502f7f8a74cad756","1-ee641ab36a14e9a3c27d741f11564861001e53931d91649de5ca80b30699931e","0-b6fcc9c818522d4f32d0580df1945ebd7910c0b8bd52eb9d51478fc75109121a","root.record.ItemExhibitList.P5Item.CostElementCategoryList.Flyaway.Recurring.CostElementList.CostElement"
"--LMTV Cargo M1078","","","","","","","2037","184","","161","","161","311.426","34.88","","34.78","","34.78","152.885","189.565","","216.025","","216.025","2019-BASE_PROCUREMENT-2019-ARMY_OTHER_1-U_PROCUREMENT_JustificationBook_Army_PB_2019.zzz_unzipped-U_PROCUREMENT_JustificationBook_Army_PB_2019.xml","ac1e9ae767b07b32048acff2227cba4c7a4135bf6613b6d72ba5ffbdf00c37b0","0-48d8d18ea236e64c662c76b9b254cbc088892850d14b60028250bfb28e821197","0-021bc5ce5380b059ec4fa823bc15baf07acc71fe80d43c0a3f8fbf3ab8a3795a","root.record.ItemExhibitList.P5Item.CostElementCategoryList.Flyaway.Recurring.CostElementList.CostElement"
"--LMTV Cargo W/W M1078","","","","","","","101","","","","","","14.724","","","","","","145.782","","","","","","2019-BASE_PROCUREMENT-2019-ARMY_OTHER_1-U_PROCUREMENT_JustificationBook_Army_PB_2019.zzz_unzipped-U_PROCUREMENT_JustificationBook_Army_PB_2019.xml","ac1e9ae767b07b32048acff2227cba4c7a4135bf6613b6d72ba5ffbdf00c37b0","1-5414fe296cc522484a7bb976dba75c3f85e1aaa5dc4282c7bdba0dd755b82cfe","0-021bc5ce5380b059ec4fa823bc15baf07acc71fe80d43c0a3f8fbf3ab8a3795a","root.record.ItemExhibitList.P5Item.CostElementCategoryList.Flyaway.Recurring.CostElementList.CostElement"
"--LMTV Van M1079","","","","","","","189","","","9","","9","38.887","","","2.854","","2.854","205.751","","","317.111","","317.111","2019-BASE_PROCUREMENT-2019-ARMY_OTHER_1-U_PROCUREMENT_JustificationBook_Army_PB_2019.zzz_unzipped-U_PROCUREMENT_JustificationBook_Army_PB_2019.xml","ac1e9ae767b07b32048acff2227cba4c7a4135bf6613b6d72ba5ffbdf00c37b0","2-485e1d620838c403fe979da60103b75fe47d66b949696e99a68f72f2446f42b3","0-021bc5ce5380b059ec4fa823bc15baf07acc71fe80d43c0a3f8fbf3ab8a3795a","root.record.ItemExhibitList.P5Item.CostElementCategoryList.Flyaway.Recurring.CostElementList.CostElement"
"--MTV Cargo M1083","","","","","","","4374","331","9","112","","112","686.33","69.365","1.923","26.061","","26.061","156.911","209.562","213.667","232.688","","232.688","2019-BASE_PROCUREMENT-2019-ARMY_OTHER_1-U_PROCUREMENT_JustificationBook_Army_PB_2019.zzz_unzipped-U_PROCUREMENT_JustificationBook_Army_PB_2019.xml","ac1e9ae767b07b32048acff2227cba4c7a4135bf6613b6d72ba5ffbdf00c37b0","0-ecda786cb57e98c1e770517374c2ab36c570dc75cdc89d8a3e2074ac2c78f9a9","0-ae8824421cc2d3a2a48142ae107a7ec46e4d7e78ee8fd030bf4ebba06f7ede6e","root.record.ItemExhibitList.P5Item.CostElementCategoryList.Flyaway.Recurring.CostElementList.CostElement"
"--MTV Cargo w/winch M1083","","","","","","","887","","","","","","140.917","","","","","","158.869","","","","","","2019-BASE_PROCUREMENT-2019-ARMY_OTHER_1-U_PROCUREMENT_JustificationBook_Army_PB_2019.zzz_unzipped-U_PROCUREMENT_JustificationBook_Army_PB_2019.xml","ac1e9ae767b07b32048acff2227cba4c7a4135bf6613b6d72ba5ffbdf00c37b0","1-c1730740163d70a3cf3ccf355fef5247a46987c0c2e6a6793bc500b03bdc70d9","0-ae8824421cc2d3a2a48142ae107a7ec46e4d7e78ee8fd030bf4ebba06f7ede6e","root.record.ItemExhibitList.P5Item.CostElementCategoryList.Flyaway.Recurring.CostElementList.CostElement"
"--MTV Cargo MHE M1084","","","","","","","358","221","2","13","","13","132.156","64.003","0.591","4.392","","4.392","369.151","289.606","295.5","337.846","","337.846","2019-BASE_PROCUREMENT-2019-ARMY_OTHER_1-U_PROCUREMENT_JustificationBook_Army_PB_2019.zzz_unzipped-U_PROCUREMENT_JustificationBook_Army_PB_2019.xml","ac1e9ae767b07b32048acff2227cba4c7a4135bf6613b6d72ba5ffbdf00c37b0","2-4f2ade872cca7184437389eff1743a67c95a4fcf4e4971e3e6b5a8eb415fafd2","0-ae8824421cc2d3a2a48142ae107a7ec46e4d7e78ee8fd030bf4ebba06f7ede6e","root.record.ItemExhibitList.P5Item.CostElementCategoryList.Flyaway.Recurring.CostElementList.CostElement"
"--MTV Cargo-Long Wheel Base (LWB) M1085","","","","","","","1473","","","13","","13","450.278","","","2.996","","2.996","305.688","","","230.462","","230.462","2019-BASE_PROCUREMENT-2019-ARMY_OTHER_1-U_PROCUREMENT_JustificationBook_Army_PB_2019.zzz_unzipped-U_PROCUREMENT_JustificationBook_Army_PB_2019.xml","ac1e9ae767b07b32048acff2227cba4c7a4135bf6613b6d72ba5ffbdf00c37b0","3-1ab5dda6050b01d6ba573d02fc527ddd666b6f0fa37508b5f9bb7176a786e5aa","0-ae8824421cc2d3a2a48142ae107a7ec46e4d7e78ee8fd030bf4ebba06f7ede6e","root.record.ItemExhibitList.P5Item.CostElementCategoryList.Flyaway.Recurring.CostElementList.CostElement"
"--MTV Cargo-LWB w/winch M1085","","","","","","","65","","","","","","10.563","","","","","","162.508","","","","","","2019-BASE_PROCUREMENT-2019-ARMY_OTHER_1-U_PROCUREMENT_JustificationBook_Army_PB_2019.zzz_unzipped-U_PROCUREMENT_JustificationBook_Army_PB_2019.xml","ac1e9ae767b07b32048acff2227cba4c7a4135bf6613b6d72ba5ffbdf00c37b0","4-478d26105abd1b0541fe575db43ba91d5daf74a019d2e07f0b06ee1c76b19749","0-ae8824421cc2d3a2a48142ae107a7ec46e4d7e78ee8fd030bf4ebba06f7ede6e","root.record.ItemExhibitList.P5Item.CostElementCategoryList.Flyaway.Recurring.CostElementList.CostElement"
"--MTV LWB Cargo w/MHE M1086","","","","","","","9","","","","","","1.931","","","","","","214.556","","","","","","2019-BASE_PROCUREMENT-2019-ARMY_OTHER_1-U_PROCUREMENT_JustificationBook_Army_PB_2019.zzz_unzipped-U_PROCUREMENT_JustificationBook_Army_PB_2019.xml","ac1e9ae767b07b32048acff2227cba4c7a4135bf6613b6d72ba5ffbdf00c37b0","5-a1e0b98fac7d6dc4916ffbd45b3f9e18a308f5ac24b35224c4462ff902c45ffb","0-ae8824421cc2d3a2a48142ae107a7ec46e4d7e78ee8fd030bf4ebba06f7ede6e","root.record.ItemExhibitList.P5Item.CostElementCategoryList.Flyaway.Recurring.CostElementList.CostElement"
"--MTV Expansible Van M1087","","","","","","","1195","","","17","","17","780.747","","","9.042","","9.042","653.345","","","531.882","","531.882","2019-BASE_PROCUREMENT-2019-ARMY_OTHER_1-U_PROCUREMENT_JustificationBook_Army_PB_2019.zzz_unzipped-U_PROCUREMENT_JustificationBook_Army_PB_2019.xml","ac1e9ae767b07b32048acff2227cba4c7a4135bf6613b6d72ba5ffbdf00c37b0","6-a7cede67bb51b4ce6997deb1536ed16927dc6dd268680ab0a585b99329bb0558","0-ae8824421cc2d3a2a48142ae107a7ec46e4d7e78ee8fd030bf4ebba06f7ede6e","root.record.ItemExhibitList.P5Item.CostElementCategoryList.Flyaway.Recurring.CostElementList.CostElement"
"--MTV Tractor M1088","","","","","","","1910","516","9","52","","52","582.359","108.232","1.925","12.193","","12.193","304.9","209.752","213.889","234.481","","234.481","2019-BASE_PROCUREMENT-2019-ARMY_OTHER_1-U_PROCUREMENT_JustificationBook_Army_PB_2019.zzz_unzipped-U_PROCUREMENT_JustificationBook_Army_PB_2019.xml","ac1e9ae767b07b32048acff2227cba4c7a4135bf6613b6d72ba5ffbdf00c37b0","7-7408697bf42e6accf062aa60abecdfc2e14d40f7a9b78ac00eab03649c6893a4","0-ae8824421cc2d3a2a48142ae107a7ec46e4d7e78ee8fd030bf4ebba06f7ede6e","root.record.ItemExhibitList.P5Item.CostElementCategoryList.Flyaway.Recurring.CostElementList.CostElement"
"--MTV Wrecker M1089","","","","","","","363","","","8","","8","232.969","","","3.673","","3.673","641.788","","","459.125","","459.125","2019-BASE_PROCUREMENT-2019-ARMY_OTHER_1-U_PROCUREMENT_JustificationBook_Army_PB_2019.zzz_unzipped-U_PROCUREMENT_JustificationBook_Army_PB_2019.xml","ac1e9ae767b07b32048acff2227cba4c7a4135bf6613b6d72ba5ffbdf00c37b0","8-89ef6ee9958877855b4a2e85028673f60b442696b36553daa8b7d113acdd3ac2","0-ae8824421cc2d3a2a48142ae107a7ec46e4d7e78ee8fd030bf4ebba06f7ede6e","root.record.ItemExhibitList.P5Item.CostElementCategoryList.Flyaway.Recurring.CostElementList.CostElement"
"--MTV LHS M1148","","","","","","","52","","17","","","","14.272","","5.903","","","","274.462","","347.235","","","","2019-BASE_PROCUREMENT-2019-ARMY_OTHER_1-U_PROCUREMENT_JustificationBook_Army_PB_2019.zzz_unzipped-U_PROCUREMENT_JustificationBook_Army_PB_2019.xml","ac1e9ae767b07b32048acff2227cba4c7a4135bf6613b6d72ba5ffbdf00c37b0","9-3ee02a07e639302fe6164d192de2f03756dd89d1a7aaa4f39938d0aefb564f5f","0-ae8824421cc2d3a2a48142ae107a7ec46e4d7e78ee8fd030bf4ebba06f7ede6e","root.record.ItemExhibitList.P5Item.CostElementCategoryList.Flyaway.Recurring.CostElementList.CostElement"
"--MTV 10 Ton Dump M1157","","","","","","","827","","","","","","148.135","","","","","","179.123","","","","","","2019-BASE_PROCUREMENT-2019-ARMY_OTHER_1-U_PROCUREMENT_JustificationBook_Army_PB_2019.zzz_unzipped-U_PROCUREMENT_JustificationBook_Army_PB_2019.xml","ac1e9ae767b07b32048acff2227cba4c7a4135bf6613b6d72ba5ffbdf00c37b0","10-c0f226e8cf6b19cbb133220adf0edcf853ab837a5bbb27d5355e8f01b82d76b6","0-ae8824421cc2d3a2a48142ae107a7ec46e4d7e78ee8fd030bf4ebba06f7ede6e","root.record.ItemExhibitList.P5Item.CostElementCategoryList.Flyaway.Recurring.CostElementList.CostElement"
"--MTV 10 Ton Dump M1157 w/winch","","","","","","","820","","","","","","306.899","","","","","","374.267","","","","","","2019-BASE_PROCUREMENT-2019-ARMY_OTHER_1-U_PROCUREMENT_JustificationBook_Army_PB_2019.zzz_unzipped-U_PROCUREMENT_JustificationBook_Army_PB_2019.xml","ac1e9ae767b07b32048acff2227cba4c7a4135bf6613b6d72ba5ffbdf00c37b0","11-1e32ccfc19c26e865fd5023b2092d565b0debd2f2f869608066d360389940424","0-ae8824421cc2d3a2a48142ae107a7ec46e4d7e78ee8fd030bf4ebba06f7ede6e","root.record.ItemExhibitList.P5Item.CostElementCategoryList.Flyaway.Recurring.CostElementList.CostElement"
"All configurations (FY 19 and prior)","","","","","","","171199","1205","1439","","","","3335.47","86.388","106.495","","","","19.483","71.691","74.006","","","","2020-BASE_PROCUREMENT-2020-ARMY_MISSLE-U_PROCUREMENT_JustificationBook_Army_PB_2020.zzz_unzipped-U_PROCUREMENT_JustificationBook_Army_PB_2020.xml","b6254689026733353150c6125748d60a95454d2a176dbcd63db3282dac87fbea","0-26f32f3bbe021783ec7e89107c5c9c5549aee24200d8e01e0ae53794dc2c1fbd","0-2858acc7c39e40ecba433cb50bfc19ef79a68195c1e1689512ae4f9819bc2824","root.record.ItemExhibitList.P5Item.CostElementCategoryList.Flyaway.Recurring.CostElementList.CostElement"
"2B Aero","","","","","","","","","","","960","960","","","","","87.067","87.067","","","","","90.695","90.695","2020-BASE_PROCUREMENT-2020-ARMY_MISSLE-U_PROCUREMENT_JustificationBook_Army_PB_2020.zzz_unzipped-U_PROCUREMENT_JustificationBook_Army_PB_2020.xml","b6254689026733353150c6125748d60a95454d2a176dbcd63db3282dac87fbea","1-73766ce5e7dda612f4f36f6ea7f1ecb35176762c67c982aa9e8404d4e804066a","0-2858acc7c39e40ecba433cb50bfc19ef79a68195c1e1689512ae4f9819bc2824","root.record.ItemExhibitList.P5Item.CostElementCategoryList.Flyaway.Recurring.CostElementList.CostElement"
"Bunker Buster","","","","","","","","","","","500","500","","","","","27.478","27.478","","","","","54.956","54.956","2020-BASE_PROCUREMENT-2020-ARMY_MISSLE-U_PROCUREMENT_JustificationBook_Army_PB_2020.zzz_unzipped-U_PROCUREMENT_JustificationBook_Army_PB_2020.xml","b6254689026733353150c6125748d60a95454d2a176dbcd63db3282dac87fbea","2-51fe276f99eeef3985b6f51b8697bfc93a6eb74ed9936433e7572be694c4e9dc","0-2858acc7c39e40ecba433cb50bfc19ef79a68195c1e1689512ae4f9819bc2824","root.record.ItemExhibitList.P5Item.CostElementCategoryList.Flyaway.Recurring.CostElementList.CostElement"
"--LMTV Cargo M1078","","","","","","","2221","","188","44","","44","346.306","","40.962","10.61","","10.61","155.923","","217.883","241.136","","241.136","2020-BASE_PROCUREMENT-2020-ARMY_OTHER_1-U_PROCUREMENT_JustificationBook_Army_PB_2020.zzz_unzipped-U_PROCUREMENT_JustificationBook_Army_PB_2020.xml","c8741db84cb82dd2bbb465cffcc6d30a58f500d75ffc29fbb1598d4c6dbdad9d","0-1a552bffaaa1a81af1d81372e401a53df99ea880bbec9acea2e055344113320a","0-b74edcbd81211e25d4c8fc7a2c007707219090eff2233eb1146b9c1e5731b642","root.record.ItemExhibitList.P5Item.CostElementCategoryList.Flyaway.Recurring.CostElementList.CostElement"
"--LMTV Cargo W/W M1078","","","","","","","101","","","","","","14.724","","","","","","145.782","","","","","","2020-BASE_PROCUREMENT-2020-ARMY_OTHER_1-U_PROCUREMENT_JustificationBook_Army_PB_2020.zzz_unzipped-U_PROCUREMENT_JustificationBook_Army_PB_2020.xml","c8741db84cb82dd2bbb465cffcc6d30a58f500d75ffc29fbb1598d4c6dbdad9d","1-e6dc168ab4625c8742938a4dc91000fb3d92c2ad2104ce28b92dca41edccf1c7","0-b74edcbd81211e25d4c8fc7a2c007707219090eff2233eb1146b9c1e5731b642","root.record.ItemExhibitList.P5Item.CostElementCategoryList.Flyaway.Recurring.CostElementList.CostElement"
"--LMTV Van M1079","","","","","","","189","","","","","","38.887","","","","","","205.751","","","","","","2020-BASE_PROCUREMENT-2020-ARMY_OTHER_1-U_PROCUREMENT_JustificationBook_Army_PB_2020.zzz_unzipped-U_PROCUREMENT_JustificationBook_Army_PB_2020.xml","c8741db84cb82dd2bbb465cffcc6d30a58f500d75ffc29fbb1598d4c6dbdad9d","2-a54474d893f055788358f06cb439b08ccb5b1ea56a06d99bece6a8b4eeb2b62d","0-b74edcbd81211e25d4c8fc7a2c007707219090eff2233eb1146b9c1e5731b642","root.record.ItemExhibitList.P5Item.CostElementCategoryList.Flyaway.Recurring.CostElementList.CostElement"
"--MTV Cargo M1083","","","","","","","4705","","17","20","","20","755.695","","5.134","5.503","","5.503","160.615","","302","275.15","","275.15","2020-BASE_PROCUREMENT-2020-ARMY_OTHER_1-U_PROCUREMENT_JustificationBook_Army_PB_2020.zzz_unzipped-U_PROCUREMENT_JustificationBook_Army_PB_2020.xml","c8741db84cb82dd2bbb465cffcc6d30a58f500d75ffc29fbb1598d4c6dbdad9d","0-548576359bb8c6c44e2b3fa8595c49d1d2a7c405b183537d062c6d1f2f1ba779","0-bf42c1b49d8df958307388e361c605a2d61998d5c08096c506b02f94a7baa596","root.record.ItemExhibitList.P5Item.CostElementCategoryList.Flyaway.Recurring.CostElementList.CostElement"
"--MTV Cargo w/winch M1083","","","","","","","887","","","","","","140.917","","","","","","158.869","","","","","","2020-BASE_PROCUREMENT-2020-ARMY_OTHER_1-U_PROCUREMENT_JustificationBook_Army_PB_2020.zzz_unzipped-U_PROCUREMENT_JustificationBook_Army_PB_2020.xml","c8741db84cb82dd2bbb465cffcc6d30a58f500d75ffc29fbb1598d4c6dbdad9d","1-a73ce15e695dbd6221b229327f9b3e6e33db3550875851c65a81313974dc4e56","0-bf42c1b49d8df958307388e361c605a2d61998d5c08096c506b02f94a7baa596","root.record.ItemExhibitList.P5Item.CostElementCategoryList.Flyaway.Recurring.CostElementList.CostElement"
"--MTV Cargo MHE M1084","","","","","","","579","103","8","4","","4","196.159","44.668","2.996","1.412","","1.412","338.789","433.67","374.5","353","","353","2020-BASE_PROCUREMENT-2020-ARMY_OTHER_1-U_PROCUREMENT_JustificationBook_Army_PB_2020.zzz_unzipped-U_PROCUREMENT_JustificationBook_Army_PB_2020.xml","c8741db84cb82dd2bbb465cffcc6d30a58f500d75ffc29fbb1598d4c6dbdad9d","2-1139f088a3d5a84bf70c3575822e8d0450d53d08a7af45f71bacb670129e589f","0-bf42c1b49d8df958307388e361c605a2d61998d5c08096c506b02f94a7baa596","root.record.ItemExhibitList.P5Item.CostElementCategoryList.Flyaway.Recurring.CostElementList.CostElement"
"--MTV Cargo-Long Wheel Base (LWB) M1085","","","","","","","1473","","7","","","","450.278","","1.613","","","","305.688","","230.429","","","","2020-BASE_PROCUREMENT-2020-ARMY_OTHER_1-U_PROCUREMENT_JustificationBook_Army_PB_2020.zzz_unzipped-U_PROCUREMENT_JustificationBook_Army_PB_2020.xml","c8741db84cb82dd2bbb465cffcc6d30a58f500d75ffc29fbb1598d4c6dbdad9d","3-ffe4b1590b11bdb998502e4eb9f646eb94c237fb66773365dce4185647e65a5d","0-bf42c1b49d8df958307388e361c605a2d61998d5c08096c506b02f94a7baa596","root.record.ItemExhibitList.P5Item.CostElementCategoryList.Flyaway.Recurring.CostElementList.CostElement"
"--MTV Cargo-LWB w/winch M1085","","","","","","","65","","","","","","10.563","","","","","","162.508","","","","","","2020-BASE_PROCUREMENT-2020-ARMY_OTHER_1-U_PROCUREMENT_JustificationBook_Army_PB_2020.zzz_unzipped-U_PROCUREMENT_JustificationBook_Army_PB_2020.xml","c8741db84cb82dd2bbb465cffcc6d30a58f500d75ffc29fbb1598d4c6dbdad9d","4-16c42ad734783d151ccb001da96850c789c4b49ebf29b2203fd59d3da46e6859","0-bf42c1b49d8df958307388e361c605a2d61998d5c08096c506b02f94a7baa596","root.record.ItemExhibitList.P5Item.CostElementCategoryList.Flyaway.Recurring.CostElementList.CostElement"
"--MTV LWB Cargo w/MHE M1086","","","","","","","9","","","","","","1.931","","","","","","214.556","","","","","","2020-BASE_PROCUREMENT-2020-ARMY_OTHER_1-U_PROCUREMENT_JustificationBook_Army_PB_2020.zzz_unzipped-U_PROCUREMENT_JustificationBook_Army_PB_2020.xml","c8741db84cb82dd2bbb465cffcc6d30a58f500d75ffc29fbb1598d4c6dbdad9d","5-2243506ad4a61e00e3f9f07f01f5b2bee146130fe41287a7b006abd2910484bd","0-bf42c1b49d8df958307388e361c605a2d61998d5c08096c506b02f94a7baa596","root.record.ItemExhibitList.P5Item.CostElementCategoryList.Flyaway.Recurring.CostElementList.CostElement"
"--MTV Expansible Van M1087","","","","","","","1195","","","","","","780.747","","","","","","653.345","","","","","","2020-BASE_PROCUREMENT-2020-ARMY_OTHER_1-U_PROCUREMENT_JustificationBook_Army_PB_2020.zzz_unzipped-U_PROCUREMENT_JustificationBook_Army_PB_2020.xml","c8741db84cb82dd2bbb465cffcc6d30a58f500d75ffc29fbb1598d4c6dbdad9d","6-d034f04d489f668b83f2910cd78121263c9b03e0b467d31be0400ad9fa4d5280","0-bf42c1b49d8df958307388e361c605a2d61998d5c08096c506b02f94a7baa596","root.record.ItemExhibitList.P5Item.CostElementCategoryList.Flyaway.Recurring.CostElementList.CostElement"
"--MTV Tractor M1088","","","","","","","2426","","156","21","","21","690.591","","35.763","5.647","","5.647","284.662","","229.25","268.905","","268.905","2020-BASE_PROCUREMENT-2020-ARMY_OTHER_1-U_PROCUREMENT_JustificationBook_Army_PB_2020.zzz_unzipped-U_PROCUREMENT_JustificationBook_Army_PB_2020.xml","c8741db84cb82dd2bbb465cffcc6d30a58f500d75ffc29fbb1598d4c6dbdad9d","7-e66d143c7456c275a78ada8bf65497551045d9926c6b0da8fc9f1fefa978fe55","0-bf42c1b49d8df958307388e361c605a2d61998d5c08096c506b02f94a7baa596","root.record.ItemExhibitList.P5Item.CostElementCategoryList.Flyaway.Recurring.CostElementList.CostElement"
"--MTV Wrecker M1089","","","","","","","363","","","14","","14","232.969","","","7.166","","7.166","641.788","","","511.857","","511.857","2020-BASE_PROCUREMENT-2020-ARMY_OTHER_1-U_PROCUREMENT_JustificationBook_Army_PB_2020.zzz_unzipped-U_PROCUREMENT_JustificationBook_Army_PB_2020.xml","c8741db84cb82dd2bbb465cffcc6d30a58f500d75ffc29fbb1598d4c6dbdad9d","8-a893d24905fb763cf72ceb6f7f9cacf39ab3b16aa05da0f4026e47190ad7623f","0-bf42c1b49d8df958307388e361c605a2d61998d5c08096c506b02f94a7baa596","root.record.ItemExhibitList.P5Item.CostElementCategoryList.Flyaway.Recurring.CostElementList.CostElement"
"--MTV LHS M1148","","","","","","","52","","","39","","39","14.272","","","15.232","","15.232","274.462","","","390.564","","390.564","2020-BASE_PROCUREMENT-2020-ARMY_OTHER_1-U_PROCUREMENT_JustificationBook_Army_PB_2020.zzz_unzipped-U_PROCUREMENT_JustificationBook_Army_PB_2020.xml","c8741db84cb82dd2bbb465cffcc6d30a58f500d75ffc29fbb1598d4c6dbdad9d","9-ca5b866261bf3a9da95184cd03c7461804140aac1d506c9db3a77ff0701d79d2","0-bf42c1b49d8df958307388e361c605a2d61998d5c08096c506b02f94a7baa596","root.record.ItemExhibitList.P5Item.CostElementCategoryList.Flyaway.Recurring.CostElementList.CostElement"
"--MTV 10 Ton Dump M1157","","","","","","","827","","","","","","148.135","","","","","","179.123","","","","","","2020-BASE_PROCUREMENT-2020-ARMY_OTHER_1-U_PROCUREMENT_JustificationBook_Army_PB_2020.zzz_unzipped-U_PROCUREMENT_JustificationBook_Army_PB_2020.xml","c8741db84cb82dd2bbb465cffcc6d30a58f500d75ffc29fbb1598d4c6dbdad9d","10-6aa31a448064b811289f8b6ce3b9b5640c5f148c9ead6c43b22adf9b330d2e17","0-bf42c1b49d8df958307388e361c605a2d61998d5c08096c506b02f94a7baa596","root.record.ItemExhibitList.P5Item.CostElementCategoryList.Flyaway.Recurring.CostElementList.CostElement"
"--MTV 10 Ton Dump M1157 w/winch","","","","","","","820","","","","","","306.899","","","","","","374.267","","","","","","2020-BASE_PROCUREMENT-2020-ARMY_OTHER_1-U_PROCUREMENT_JustificationBook_Army_PB_2020.zzz_unzipped-U_PROCUREMENT_JustificationBook_Army_PB_2020.xml","c8741db84cb82dd2bbb465cffcc6d30a58f500d75ffc29fbb1598d4c6dbdad9d","11-6a901fec6c1c1c6680e1b8f18768c1c93d0f152cb6bfbfe5a56cb4453298dd7f","0-bf42c1b49d8df958307388e361c605a2d61998d5c08096c506b02f94a7baa596","root.record.ItemExhibitList.P5Item.CostElementCategoryList.Flyaway.Recurring.CostElementList.CostElement"
"AN/TSQ-226B(V)1 Phase 3 Kits","","","","","","","27","","24","","","","4.609","","4.092","","","","170.704","","170.5","","","","2020-BASE_PROCUREMENT-2020-ARMY_OTHER_2-U_PROCUREMENT_JustificationBook_Army_PB_2020.zzz_unzipped-U_PROCUREMENT_JustificationBook_Army_PB_2020.xml","46a9eecfb9fc471f960bb9765cd0188ede1e37a7f7d7af29a0ea3c25fc6629e2","0-3be0561720338a6adaa6688c55390a4d65e01f6fb48b73b81d1498bcf5004871","0-aaa16f69b67f29ec8975898e9aceeed66bb9cc0b81a32545df0f252882e8eb99","root.record.ItemExhibitList.P5Item.CostElementCategoryList.Flyaway.Recurring.CostElementList.CostElement"
"AN/TSQ-226B(V)1 Phase 3 Kits Spares (RSC)","","","","","","","7","","","","","","1.073","","","","","","153.286","","","","","","2020-BASE_PROCUREMENT-2020-ARMY_OTHER_2-U_PROCUREMENT_JustificationBook_Army_PB_2020.zzz_unzipped-U_PROCUREMENT_JustificationBook_Army_PB_2020.xml","46a9eecfb9fc471f960bb9765cd0188ede1e37a7f7d7af29a0ea3c25fc6629e2","1-026cb2145626974d0e14a3e7bc4a46fd7d14e1c54d5098ddaa458f50618109e0","0-aaa16f69b67f29ec8975898e9aceeed66bb9cc0b81a32545df0f252882e8eb99","root.record.ItemExhibitList.P5Item.CostElementCategoryList.Flyaway.Recurring.CostElementList.CostElement"
"AN/TSQ-226B/C(V)2/3 Phase 3 Kits","","","","","","","1","8","","","","","0.09","0.716","","","","","90","89.5","","","","","2020-BASE_PROCUREMENT-2020-ARMY_OTHER_2-U_PROCUREMENT_JustificationBook_Army_PB_2020.zzz_unzipped-U_PROCUREMENT_JustificationBook_Army_PB_2020.xml","46a9eecfb9fc471f960bb9765cd0188ede1e37a7f7d7af29a0ea3c25fc6629e2","2-63b3289ddbe21edb8a6ae4ac6f412f8ad758b8f1d77820d06b4d53cf4b39e944","0-aaa16f69b67f29ec8975898e9aceeed66bb9cc0b81a32545df0f252882e8eb99","root.record.ItemExhibitList.P5Item.CostElementCategoryList.Flyaway.Recurring.CostElementList.CostElement"
"T-JWICS VTC Suite Upgrades","","","","","","","","19","61","89","","89","","0.786","2.523","3.682","","3.682","","41.368","41.361","41.371","","41.371","2020-BASE_PROCUREMENT-2020-ARMY_OTHER_2-U_PROCUREMENT_JustificationBook_Army_PB_2020.zzz_unzipped-U_PROCUREMENT_JustificationBook_Army_PB_2020.xml","46a9eecfb9fc471f960bb9765cd0188ede1e37a7f7d7af29a0ea3c25fc6629e2","3-5e00388f1dcef483c6427f2fbde0c719bad00374d086e295c04a57bfe90b5310","0-aaa16f69b67f29ec8975898e9aceeed66bb9cc0b81a32545df0f252882e8eb99","root.record.ItemExhibitList.P5Item.CostElementCategoryList.Flyaway.Recurring.CostElementList.CostElement"
"T-JWICS VTC Suite Spares (RSC)","","","","","","","","14","","11","","11","","0.638","","0.502","","0.502","","45.571","","45.636","","45.636","2020-BASE_PROCUREMENT-2020-ARMY_OTHER_2-U_PROCUREMENT_JustificationBook_Army_PB_2020.zzz_unzipped-U_PROCUREMENT_JustificationBook_Army_PB_2020.xml","46a9eecfb9fc471f960bb9765cd0188ede1e37a7f7d7af29a0ea3c25fc6629e2","4-a67247c6fdb51f48485115281e7490220f9f71398d3797ae26ab940799416bbc","0-aaa16f69b67f29ec8975898e9aceeed66bb9cc0b81a32545df0f252882e8eb99","root.record.ItemExhibitList.P5Item.CostElementCategoryList.Flyaway.Recurring.CostElementList.CostElement"
"iDirect Modems","","","","","","","","88","106","64","","64","","1.936","2.332","1.408","","1.408","","22","22","22","","22","2020-BASE_PROCUREMENT-2020-ARMY_OTHER_2-U_PROCUREMENT_JustificationBook_Army_PB_2020.zzz_unzipped-U_PROCUREMENT_JustificationBook_Army_PB_2020.xml","46a9eecfb9fc471f960bb9765cd0188ede1e37a7f7d7af29a0ea3c25fc6629e2","5-dca8cd2622cd7f9cc7477c116459e79531316ef4de0e0e0d6efda851db083b0b","0-aaa16f69b67f29ec8975898e9aceeed66bb9cc0b81a32545df0f252882e8eb99","root.record.ItemExhibitList.P5Item.CostElementCategoryList.Flyaway.Recurring.CostElementList.CostElement"
"iDirect Modems - Spares (RSC)","","","","","","","","14","","","","","","0.308","","","","","","22","","","","","2020-BASE_PROCUREMENT-2020-ARMY_OTHER_2-U_PROCUREMENT_JustificationBook_Army_PB_2020.zzz_unzipped-U_PROCUREMENT_JustificationBook_Army_PB_2020.xml","46a9eecfb9fc471f960bb9765cd0188ede1e37a7f7d7af29a0ea3c25fc6629e2","6-4e88f055bb853ceaba79aca3ba4b579fbe9d33e57efba62563273b42904c4e24","0-aaa16f69b67f29ec8975898e9aceeed66bb9cc0b81a32545df0f252882e8eb99","root.record.ItemExhibitList.P5Item.CostElementCategoryList.Flyaway.Recurring.CostElementList.CostElement"
"Hardware (Previous Years)","","","","","","","473","","","","","","143.821","","","","","","304.061","","","","","","2020-BASE_PROCUREMENT-2020-ARMY_OTHER_2-U_PROCUREMENT_JustificationBook_Army_PB_2020.zzz_unzipped-U_PROCUREMENT_JustificationBook_Army_PB_2020.xml","46a9eecfb9fc471f960bb9765cd0188ede1e37a7f7d7af29a0ea3c25fc6629e2","7-79c08ed272b1699b882127594792b0b8fa5c60e67be0c1a074569532916865e9","0-aaa16f69b67f29ec8975898e9aceeed66bb9cc0b81a32545df0f252882e8eb99","root.record.ItemExhibitList.P5Item.CostElementCategoryList.Flyaway.Recurring.CostElementList.CostElement"
"Hardware & Integration - RAM Warn EDI","","","","","","","80","","","","","","4.27","","","","","","53.375","","","","","","2020-BASE_PROCUREMENT-2020-ARMY_OTHER_2-U_PROCUREMENT_JustificationBook_Army_PB_2020.zzz_unzipped-U_PROCUREMENT_JustificationBook_Army_PB_2020.xml","b869c1a908e756c3c0d1a2c66b11485e2c68de5811f38d8f9a377b5597e31f51","0-dacc0b1e01009291a1bb935b5113ca615e608c027f166a5e53c05b7146c9dee2","0-0c1f37896aa89bf70bc8fb609963a1078d3d66f1cf1e5905761d862aa17fb237","root.record.ItemExhibitList.P5Item.CostElementCategoryList.Flyaway.Recurring.CostElementList.CostElement"
"Hardware & Integration - RAM Warn BCT Secure Comms","","","","","","","1240","241","399","","","","117.99","16.58","28.483","","","","95.153","68.797","71.386","","","","2020-BASE_PROCUREMENT-2020-ARMY_OTHER_2-U_PROCUREMENT_JustificationBook_Army_PB_2020.zzz_unzipped-U_PROCUREMENT_JustificationBook_Army_PB_2020.xml","b869c1a908e756c3c0d1a2c66b11485e2c68de5811f38d8f9a377b5597e31f51","1-c5e7a1bcdd36c0d0f48c72be4ba26d513b2d89d31527b2a48b680e4acb3ad00a","0-0c1f37896aa89bf70bc8fb609963a1078d3d66f1cf1e5905761d862aa17fb237","root.record.ItemExhibitList.P5Item.CostElementCategoryList.Flyaway.Recurring.CostElementList.CostElement"
