Name_val,Cost_AllPriorYears_TotalCost_val,Cost_PriorYear_TotalCost_val,Cost_CurrentYear_TotalCost_val,Cost_BudgetYearOneBase_TotalCost_val,Cost_BudgetYearOneOCO_TotalCost_val,Cost_BudgetYearOne_TotalCost_val,Cost_Quantity_AllPriorYears_val,Cost_Quantity_PriorYear_val,Cost_Quantity_CurrentYear_val,Cost_Quantity_BudgetYearOneBase_val,Cost_Quantity_BudgetYearOneOCO_val,Cost_Quantity_BudgetYearOne_val,Cost_TotalCost_AllPriorYears_val,Cost_TotalCost_PriorYear_val,Cost_TotalCost_CurrentYear_val,Cost_TotalCost_BudgetYearOneBase_val,Cost_TotalCost_BudgetYearOneOCO_val,Cost_TotalCost_BudgetYearOne_val,Cost_UnitCost_AllPriorYears_val,Cost_UnitCost_PriorYear_val,Cost_UnitCost_CurrentYear_val,Cost_UnitCost_BudgetYearOneBase_val,Cost_UnitCost_BudgetYearOneOCO_val,Cost_UnitCost_BudgetYearOne_val,@SOURCE_FILENAME,@RECORDID,@ROWID,@PARENTROWID,@PARENT
"Proposal Preparation","0.816","0.000","0.000","0.000","0.000","0.000","","","","","","","","","","","","","","","","","","","2013-BASE_PROCUREMENT-2013-AIRFORCE_AIRCRAFT_VOL1-JustificationBook_Air_Force_PB_2013.zzz_unzipped-JustificationBook_Air_Force_PB_2013.xml","151cbabc5cab50e7685c243072d83b061ce0acd1f753dc40f1d47d3fbff117f7","0-0d6efcda2a9a840c57ad4979896c716961e7ff722a74678a0ec2a098b9948a9c","4-9dc3f26b20a806488503d9efe9c95cab8aa1f95a06d42f089b8b19750799c19d","root.record.ItemExhibitList.P5Item.CostElementCategoryList.Flyaway.Recurring.CostElementList.CostElement"
"Government Support","1.393","0.729","1.148","1.304","0.000","1.304","","","","","","","","","","","","","","","","","","","2013-BASE_PROCUREMENT-2013-AIRFORCE_AIRCRAFT_VOL1-JustificationBook_Air_Force_PB_2013.zzz_unzipped-JustificationBook_Air_Force_PB_2013.xml","151cbabc5cab50e7685c243072d83b061ce0acd1f753dc40f1d47d3fbff117f7","1-6a429c0f72aa961ecee8cf0b9ce864d69221acfc5f79af5d24fc68b93aa5361c","4-9dc3f26b20a806488503d9efe9c95cab8aa1f95a06d42f089b8b19750799c19d","root.record.ItemExhibitList.P5Item.CostElementCategoryList.Flyaway.Recurring.CostElementList.CostElement"
"Proposal Preparation","0.816","0.000","0.000","0.000","0.000","0.000","","","","","","","","","","","","","","","","","","","2013-BASE_PROCUREMENT-2013-AIRFORCE_AIRCRAFT_VOL2-MasterJustificationBook_Air_Force_PB_2013.zzz_unzipped-MasterJustificationBook_Air_Force_PB_2013.xml","49ea51a266d1f26fbb7e9540dcf13ac7edf6e0045e26abc78725de6f38f215f0","0-d04c2be5c3e1fdd4035f6461c248aa84bddea7e6350ea068c593a7021f87ced9","4-2592f3ac4cdf07621afce1ef0c95cba236265a3b37e05fdcc9ecd9b985b10b3b","root.record.ItemExhibitList.P5Item.CostElementCategoryList.Flyaway.Recurring.CostElementList.CostElement"
"Government Support","1.393","0.729","1.148","1.304","0.000","1.304","","","","","","","","","","","","","","","","","","","2013-BASE_PROCUREMENT-2013-AIRFORCE_AIRCRAFT_VOL2-MasterJustificationBook_Air_Force_PB_2013.zzz_unzipped-MasterJustificationBook_Air_Force_PB_2013.xml","49ea51a266d1f26fbb7e9540dcf13ac7edf6e0045e26abc78725de6f38f215f0","1-584ddf3b9e4b51bd883f53e02a11492256340b81af3dc9551d9ba446ff2f4cb5","4-2592f3ac4cdf07621afce1ef0c95cba236265a3b37e05fdcc9ecd9b985b10b3b","root.record.ItemExhibitList.P5Item.CostElementCategoryList.Flyaway.Recurring.CostElementList.CostElement"
"Proposal Preparation","0.816","0.000","0.000","0.000","0.000","0.000","","","","","","","","","","","","","","","","","","","2013-BASE_PROCUREMENT-2013-AIRFORCE_AIRCRAFT_VOL1-MasterJustificationBook_Air_Force_PB_2013.zzz_unzipped-MasterJustificationBook_Air_Force_PB_2013.xml","cdde32f263605efa565ce4d4f2dcfab53c9478c879b60a96129ffe25b7d34e8a","0-6d26315e960cc4db12da9aaaf811b326714cf42af43e5865dbc3b702e534537b","4-c1ba48fecf645fbde709d3a35c7cc73195208032a5a34bc855d1e63d434d982e","root.record.ItemExhibitList.P5Item.CostElementCategoryList.Flyaway.Recurring.CostElementList.CostElement"
"Government Support","1.393","0.729","1.148","1.304","0.000","1.304","","","","","","","","","","","","","","","","","","","2013-BASE_PROCUREMENT-2013-AIRFORCE_AIRCRAFT_VOL1-MasterJustificationBook_Air_Force_PB_2013.zzz_unzipped-MasterJustificationBook_Air_Force_PB_2013.xml","cdde32f263605efa565ce4d4f2dcfab53c9478c879b60a96129ffe25b7d34e8a","1-63fe19d43b80b997ed1a89813a4eb3f568ebc8f9db53b3274d381f8088254400","4-c1ba48fecf645fbde709d3a35c7cc73195208032a5a34bc855d1e63d434d982e","root.record.ItemExhibitList.P5Item.CostElementCategoryList.Flyaway.Recurring.CostElementList.CostElement"
"--MTV Cargo M1083","","","","","","","3838","354","257","8","240","248","584.333","71.179","54.025","1.662","49.867","51.529","152.249","201.071","210.214","207.75","207.779","207.778","2017-BASE_PROCUREMENT-2017-ARMY_OTHER_1-U_PROCUREMENT_JustificationBook_Army_PB_2017.zzz_unzipped-U_PROCUREMENT_JustificationBook_Army_PB_2017.xml","419cc7e6796fce0e404e3fd1565ad6d43e728e42a9b2c8e98eb0df751aaf2d01","0-c12f43aef117584706cb3da4dd293e1c1fc514405dc0052980c6ce156ba9eb74","0-950754319628ce652c69a0997103263be41acb99c4a18f061138219d8eff3aa7","root.record.ItemExhibitList.P5Item.CostElementCategoryList.Flyaway.Recurring.CostElementList.CostElement"
"--MTV Cargo w/winch M1083","","","","","","","845","","","","","","133.739","","","","","","158.271","","","","","","2017-BASE_PROCUREMENT-2017-ARMY_OTHER_1-U_PROCUREMENT_JustificationBook_Army_PB_2017.zzz_unzipped-U_PROCUREMENT_JustificationBook_Army_PB_2017.xml","419cc7e6796fce0e404e3fd1565ad6d43e728e42a9b2c8e98eb0df751aaf2d01","1-b812d78e1cf4653c2eb30e18829cece931b7daf1831a3c3aede8e1417c20d60a","0-950754319628ce652c69a0997103263be41acb99c4a18f061138219d8eff3aa7","root.record.ItemExhibitList.P5Item.CostElementCategoryList.Flyaway.Recurring.CostElementList.CostElement"
"--MTV Cargo-Long Wheel Base (LWB) M1085","","","","","","","1313","29","219","","298","298","422.299","5.931","46.833","","62.98","62.98","321.629","204.517","213.849","","211.342","211.342","2017-BASE_PROCUREMENT-2017-ARMY_OTHER_1-U_PROCUREMENT_JustificationBook_Army_PB_2017.zzz_unzipped-U_PROCUREMENT_JustificationBook_Army_PB_2017.xml","419cc7e6796fce0e404e3fd1565ad6d43e728e42a9b2c8e98eb0df751aaf2d01","2-c66800f6dcb16c8797905ed1dd4c7e4df2d8ac6997f9834af309b7e6fba6249b","0-950754319628ce652c69a0997103263be41acb99c4a18f061138219d8eff3aa7","root.record.ItemExhibitList.P5Item.CostElementCategoryList.Flyaway.Recurring.CostElementList.CostElement"
"--MTV Cargo-LWB w/winch M1085","","","","","","","65","","","","","","10.563","","","","","","162.508","","","","","","2017-BASE_PROCUREMENT-2017-ARMY_OTHER_1-U_PROCUREMENT_JustificationBook_Army_PB_2017.zzz_unzipped-U_PROCUREMENT_JustificationBook_Army_PB_2017.xml","419cc7e6796fce0e404e3fd1565ad6d43e728e42a9b2c8e98eb0df751aaf2d01","3-c4fc2169c3fd601b93688374d923f39df04514047d55807a5eeb5446fee9e460","0-950754319628ce652c69a0997103263be41acb99c4a18f061138219d8eff3aa7","root.record.ItemExhibitList.P5Item.CostElementCategoryList.Flyaway.Recurring.CostElementList.CostElement"
"--MTV Cargo MHE M1084","","","","","","","223","33","3","","","","97.727","9.151","0.869","","","","438.238","277.303","289.667","","","","2017-BASE_PROCUREMENT-2017-ARMY_OTHER_1-U_PROCUREMENT_JustificationBook_Army_PB_2017.zzz_unzipped-U_PROCUREMENT_JustificationBook_Army_PB_2017.xml","419cc7e6796fce0e404e3fd1565ad6d43e728e42a9b2c8e98eb0df751aaf2d01","4-6d59606081d36fa32bf5b52eec6f62fe881421087a402a1b802d4ababaabd293","0-950754319628ce652c69a0997103263be41acb99c4a18f061138219d8eff3aa7","root.record.ItemExhibitList.P5Item.CostElementCategoryList.Flyaway.Recurring.CostElementList.CostElement"
"--MTV LWB Cargo w/MHE M1086","","","","","","","9","","","","","","1.931","","","","","","214.556","","","","","","2017-BASE_PROCUREMENT-2017-ARMY_OTHER_1-U_PROCUREMENT_JustificationBook_Army_PB_2017.zzz_unzipped-U_PROCUREMENT_JustificationBook_Army_PB_2017.xml","419cc7e6796fce0e404e3fd1565ad6d43e728e42a9b2c8e98eb0df751aaf2d01","5-d838e144237eb9a092c1ddfa3bfbbcedafc84ddca059a46df33ae2656685c3dd","0-950754319628ce652c69a0997103263be41acb99c4a18f061138219d8eff3aa7","root.record.ItemExhibitList.P5Item.CostElementCategoryList.Flyaway.Recurring.CostElementList.CostElement"
"--MTV 10 Ton Dump M1157","","","","","","","825","","23","","","","147.659","","5.749","","","","178.981","","249.957","","","","2017-BASE_PROCUREMENT-2017-ARMY_OTHER_1-U_PROCUREMENT_JustificationBook_Army_PB_2017.zzz_unzipped-U_PROCUREMENT_JustificationBook_Army_PB_2017.xml","419cc7e6796fce0e404e3fd1565ad6d43e728e42a9b2c8e98eb0df751aaf2d01","6-f1c1c32907a15584de742390bc80ac807437625c5ae61e03c482de365437f816","0-950754319628ce652c69a0997103263be41acb99c4a18f061138219d8eff3aa7","root.record.ItemExhibitList.P5Item.CostElementCategoryList.Flyaway.Recurring.CostElementList.CostElement"
"--MTV 10 Ton Dump M1157 w/winch","","","","","","","818","","","","","","306.397","","","","","","374.568","","","","","","2017-BASE_PROCUREMENT-2017-ARMY_OTHER_1-U_PROCUREMENT_JustificationBook_Army_PB_2017.zzz_unzipped-U_PROCUREMENT_JustificationBook_Army_PB_2017.xml","419cc7e6796fce0e404e3fd1565ad6d43e728e42a9b2c8e98eb0df751aaf2d01","7-5f0f4e1babc5488652940c6919c22c90ff75dace17a71a5a0a4f9d63f7bd07c3","0-950754319628ce652c69a0997103263be41acb99c4a18f061138219d8eff3aa7","root.record.ItemExhibitList.P5Item.CostElementCategoryList.Flyaway.Recurring.CostElementList.CostElement"
"--MTV Tractor M1088","","","","","","","1722","55","241","","297","297","547.991","11.2","51.352","","62.498","62.498","318.229","203.636","213.079","","210.431","210.431","2017-BASE_PROCUREMENT-2017-ARMY_OTHER_1-U_PROCUREMENT_JustificationBook_Army_PB_2017.zzz_unzipped-U_PROCUREMENT_JustificationBook_Army_PB_2017.xml","419cc7e6796fce0e404e3fd1565ad6d43e728e42a9b2c8e98eb0df751aaf2d01","8-2e203b1eac8b1655b9ae94e3bba49172a14fb419d3c67c04c77e09997dea9474","0-950754319628ce652c69a0997103263be41acb99c4a18f061138219d8eff3aa7","root.record.ItemExhibitList.P5Item.CostElementCategoryList.Flyaway.Recurring.CostElementList.CostElement"
"--MTV Wrecker M1089","","","","","","","269","16","36","","77","77","195.014","7.308","17.172","","36.342","36.342","724.959","456.75","477","","471.974","471.974","2017-BASE_PROCUREMENT-2017-ARMY_OTHER_1-U_PROCUREMENT_JustificationBook_Army_PB_2017.zzz_unzipped-U_PROCUREMENT_JustificationBook_Army_PB_2017.xml","419cc7e6796fce0e404e3fd1565ad6d43e728e42a9b2c8e98eb0df751aaf2d01","9-e5d2125e4a0bc86199e053c2585c76670c9e5c1909131aebbe034e11b68f2c12","0-950754319628ce652c69a0997103263be41acb99c4a18f061138219d8eff3aa7","root.record.ItemExhibitList.P5Item.CostElementCategoryList.Flyaway.Recurring.CostElementList.CostElement"
"--MTV Expansible Van M1087","","","","","","","1183","","8","","11","11","775.55","","3.638","","4.923","4.923","655.579","","454.75","","447.545","447.545","2017-BASE_PROCUREMENT-2017-ARMY_OTHER_1-U_PROCUREMENT_JustificationBook_Army_PB_2017.zzz_unzipped-U_PROCUREMENT_JustificationBook_Army_PB_2017.xml","419cc7e6796fce0e404e3fd1565ad6d43e728e42a9b2c8e98eb0df751aaf2d01","10-18d614e5b1704ec947989b7181dd19721d5edddb97f8ef8b76215ab86936f6c8","0-950754319628ce652c69a0997103263be41acb99c4a18f061138219d8eff3aa7","root.record.ItemExhibitList.P5Item.CostElementCategoryList.Flyaway.Recurring.CostElementList.CostElement"
"--MTV LHS M1148","","","","","","","17","","","","","","3.909","","","","","","229.941","","","","","","2017-BASE_PROCUREMENT-2017-ARMY_OTHER_1-U_PROCUREMENT_JustificationBook_Army_PB_2017.zzz_unzipped-U_PROCUREMENT_JustificationBook_Army_PB_2017.xml","419cc7e6796fce0e404e3fd1565ad6d43e728e42a9b2c8e98eb0df751aaf2d01","11-b3bf062d619d76136522f1139c1b8ff5a5004eaa8fb3d11d168b7044dfc87f8a","0-950754319628ce652c69a0997103263be41acb99c4a18f061138219d8eff3aa7","root.record.ItemExhibitList.P5Item.CostElementCategoryList.Flyaway.Recurring.CostElementList.CostElement"
"Hardware (TROJAN)","","","","","","","57","5","9","5","10","15","177.408","5.401","11.815","7.085","14.982","22.067","3112.421","1080.2","1312.778","1417","1498.2","1471.133","2018-BASE_PROCUREMENT-2018-ARMY_OTHER_2-U_PROCUREMENT_JustificationBook_Army_PB_2018.zzz_unzipped-U_PROCUREMENT_JustificationBook_Army_PB_2018.xml","c4f5a51865bea350e77dd53e1fc355ee03f3ae87fc07b6bb32b4ed26f1f4d9b7","0-764f622d6c3f98022f7d3c52a0da49d72ba140a46969971fde1574eab0baafb8","0-3e9050edfaf83b128b5260405ee9d988d21199f3c6e92d7bdfd5bc3ad67b422c","root.record.ItemExhibitList.P5Item.CostElementCategoryList.Flyaway.Recurring.CostElementList.CostElement"
"Hardware (JMICS)","","","","","","","","","","","2","2","","","","","5.2","5.2","","","","","2600","2600","2018-BASE_PROCUREMENT-2018-ARMY_OTHER_2-U_PROCUREMENT_JustificationBook_Army_PB_2018.zzz_unzipped-U_PROCUREMENT_JustificationBook_Army_PB_2018.xml","c4f5a51865bea350e77dd53e1fc355ee03f3ae87fc07b6bb32b4ed26f1f4d9b7","1-2556b0c4005fe4429821854df907b0832c9444a0e80a6b3c92ce9697ebff4912","0-3e9050edfaf83b128b5260405ee9d988d21199f3c6e92d7bdfd5bc3ad67b422c","root.record.ItemExhibitList.P5Item.CostElementCategoryList.Flyaway.Recurring.CostElementList.CostElement"
"--MTV Cargo M1083","","","","","","","4020","257","331","9","","9","615.151","54.025","69.365","1.923","","1.923","153.023","210.214","209.562","213.667","","213.667","2018-BASE_PROCUREMENT-2018-ARMY_OTHER_1-U_PROCUREMENT_JustificationBook_Army_PB_2018.zzz_unzipped-U_PROCUREMENT_JustificationBook_Army_PB_2018.xml","fab7bc17bb92a85b68d89dc6f4b2d5407c231aadd2a31215727d47fb39bc0f06","0-67a4d73497cba6e0420b95d577871a93c0fe2512015034ead35da820bf8e71b0","0-37de2bb92d588e516a530d975dcfba48360873a771381e9be605a2dcaf3c0e00","root.record.ItemExhibitList.P5Item.CostElementCategoryList.Flyaway.Recurring.CostElementList.CostElement"
"--MTV Cargo w/winch M1083","","","","","","","887","","","","","","140.917","","","","","","158.869","","","","","","2018-BASE_PROCUREMENT-2018-ARMY_OTHER_1-U_PROCUREMENT_JustificationBook_Army_PB_2018.zzz_unzipped-U_PROCUREMENT_JustificationBook_Army_PB_2018.xml","fab7bc17bb92a85b68d89dc6f4b2d5407c231aadd2a31215727d47fb39bc0f06","1-1fa18f8d1975e79f65b16579721b96bbdb4df7332db2d3bbc517566ffe9d98ac","0-37de2bb92d588e516a530d975dcfba48360873a771381e9be605a2dcaf3c0e00","root.record.ItemExhibitList.P5Item.CostElementCategoryList.Flyaway.Recurring.CostElementList.CostElement"
"--MTV Cargo-Long Wheel Base (LWB) M1085","","","","","","","1444","219","","","","","444.347","46.833","","","","","307.72","213.849","","","","","2018-BASE_PROCUREMENT-2018-ARMY_OTHER_1-U_PROCUREMENT_JustificationBook_Army_PB_2018.zzz_unzipped-U_PROCUREMENT_JustificationBook_Army_PB_2018.xml","fab7bc17bb92a85b68d89dc6f4b2d5407c231aadd2a31215727d47fb39bc0f06","2-b20251afa4eb238e131e7e5415ffbaf1c4a17257899fee1ad5d1a73112f1cd24","0-37de2bb92d588e516a530d975dcfba48360873a771381e9be605a2dcaf3c0e00","root.record.ItemExhibitList.P5Item.CostElementCategoryList.Flyaway.Recurring.CostElementList.CostElement"
"--MTV Cargo-LWB w/winch M1085","","","","","","","65","","","","","","10.563","","","","","","162.508","","","","","","2018-BASE_PROCUREMENT-2018-ARMY_OTHER_1-U_PROCUREMENT_JustificationBook_Army_PB_2018.zzz_unzipped-U_PROCUREMENT_JustificationBook_Army_PB_2018.xml","fab7bc17bb92a85b68d89dc6f4b2d5407c231aadd2a31215727d47fb39bc0f06","3-5e6c7b760bad6d79a4324268658751591629c9a95338b09ef4644153d109e834","0-37de2bb92d588e516a530d975dcfba48360873a771381e9be605a2dcaf3c0e00","root.record.ItemExhibitList.P5Item.CostElementCategoryList.Flyaway.Recurring.CostElementList.CostElement"
"--MTV Cargo MHE M1084","","","","","","","325","3","221","2","","2","123.005","0.869","64.003","0.591","","0.591","378.477","289.667","289.606","295.5","","295.5","2018-BASE_PROCUREMENT-2018-ARMY_OTHER_1-U_PROCUREMENT_JustificationBook_Army_PB_2018.zzz_unzipped-U_PROCUREMENT_JustificationBook_Army_PB_2018.xml","fab7bc17bb92a85b68d89dc6f4b2d5407c231aadd2a31215727d47fb39bc0f06","4-2f2de230db6c23bf8bcf066b0a69432b4cb760c058584380b19113f342f60ffa","0-37de2bb92d588e516a530d975dcfba48360873a771381e9be605a2dcaf3c0e00","root.record.ItemExhibitList.P5Item.CostElementCategoryList.Flyaway.Recurring.CostElementList.CostElement"
"--MTV LWB Cargo w/MHE M1086","","","","","","","9","","","","","","1.931","","","","","","214.556","","","","","","2018-BASE_PROCUREMENT-2018-ARMY_OTHER_1-U_PROCUREMENT_JustificationBook_Army_PB_2018.zzz_unzipped-U_PROCUREMENT_JustificationBook_Army_PB_2018.xml","fab7bc17bb92a85b68d89dc6f4b2d5407c231aadd2a31215727d47fb39bc0f06","5-9b2379e993a7c271c4247c964d177960cbc72d8e3f0c7b0195204707004ec23a","0-37de2bb92d588e516a530d975dcfba48360873a771381e9be605a2dcaf3c0e00","root.record.ItemExhibitList.P5Item.CostElementCategoryList.Flyaway.Recurring.CostElementList.CostElement"
"--MTV 10 Ton Dump M1157","","","","","","","827","23","","","","","148.135","5.749","","","","","179.123","249.957","","","","","2018-BASE_PROCUREMENT-2018-ARMY_OTHER_1-U_PROCUREMENT_JustificationBook_Army_PB_2018.zzz_unzipped-U_PROCUREMENT_JustificationBook_Army_PB_2018.xml","fab7bc17bb92a85b68d89dc6f4b2d5407c231aadd2a31215727d47fb39bc0f06","6-bd62fadbdc6dff2a6691a79853d4840cd50d006c230456fcd24f61313b8bf527","0-37de2bb92d588e516a530d975dcfba48360873a771381e9be605a2dcaf3c0e00","root.record.ItemExhibitList.P5Item.CostElementCategoryList.Flyaway.Recurring.CostElementList.CostElement"
"--MTV 10 Ton Dump M1157 w/winch","","","","","","","820","","","","","","306.899","","","","","","374.267","","","","","","2018-BASE_PROCUREMENT-2018-ARMY_OTHER_1-U_PROCUREMENT_JustificationBook_Army_PB_2018.zzz_unzipped-U_PROCUREMENT_JustificationBook_Army_PB_2018.xml","fab7bc17bb92a85b68d89dc6f4b2d5407c231aadd2a31215727d47fb39bc0f06","7-fc3aa93023a1ea2ddd759c87af5347512ef70c92e368ec2a564705492b8c9025","0-37de2bb92d588e516a530d975dcfba48360873a771381e9be605a2dcaf3c0e00","root.record.ItemExhibitList.P5Item.CostElementCategoryList.Flyaway.Recurring.CostElementList.CostElement"
"--MTV Tractor M1088","","","","","","","1855","241","516","9","","9","571.159","51.352","108.232","1.925","","1.925","307.902","213.079","209.752","213.889","","213.889","2018-BASE_PROCUREMENT-2018-ARMY_OTHER_1-U_PROCUREMENT_JustificationBook_Army_PB_2018.zzz_unzipped-U_PROCUREMENT_JustificationBook_Army_PB_2018.xml","fab7bc17bb92a85b68d89dc6f4b2d5407c231aadd2a31215727d47fb39bc0f06","8-5b1823b56e2a099d08903c177bf126c1b59e8204ecf7b44856fc7c1384b97a1d","0-37de2bb92d588e516a530d975dcfba48360873a771381e9be605a2dcaf3c0e00","root.record.ItemExhibitList.P5Item.CostElementCategoryList.Flyaway.Recurring.CostElementList.CostElement"
"--MTV Wrecker M1089","","","","","","","347","36","","","","","225.661","17.172","","","","","650.32","477","","","","","2018-BASE_PROCUREMENT-2018-ARMY_OTHER_1-U_PROCUREMENT_JustificationBook_Army_PB_2018.zzz_unzipped-U_PROCUREMENT_JustificationBook_Army_PB_2018.xml","fab7bc17bb92a85b68d89dc6f4b2d5407c231aadd2a31215727d47fb39bc0f06","9-0dbdb25da8afac69d99b47ece912f7e6a1546dadb72edbf507b0ee0eb6c7fcdc","0-37de2bb92d588e516a530d975dcfba48360873a771381e9be605a2dcaf3c0e00","root.record.ItemExhibitList.P5Item.CostElementCategoryList.Flyaway.Recurring.CostElementList.CostElement"
"--MTV Expansible Van M1087","","","","","","","1195","8","","","","","780.747","3.638","","","","","653.345","454.75","","","","","2018-BASE_PROCUREMENT-2018-ARMY_OTHER_1-U_PROCUREMENT_JustificationBook_Army_PB_2018.zzz_unzipped-U_PROCUREMENT_JustificationBook_Army_PB_2018.xml","fab7bc17bb92a85b68d89dc6f4b2d5407c231aadd2a31215727d47fb39bc0f06","10-4951a4284b9ead4081155c4a5dc383e65a809e9827ce6f7e4d01cbd1d4f477e2","0-37de2bb92d588e516a530d975dcfba48360873a771381e9be605a2dcaf3c0e00","root.record.ItemExhibitList.P5Item.CostElementCategoryList.Flyaway.Recurring.CostElementList.CostElement"
"--MTV LHS M1148","","","","","","","52","","","17","","17","14.272","","","5.903","","5.903","274.462","","","347.235","","347.235","2018-BASE_PROCUREMENT-2018-ARMY_OTHER_1-U_PROCUREMENT_JustificationBook_Army_PB_2018.zzz_unzipped-U_PROCUREMENT_JustificationBook_Army_PB_2018.xml","fab7bc17bb92a85b68d89dc6f4b2d5407c231aadd2a31215727d47fb39bc0f06","11-89986c6fc3b951b997a44c5cc1ccd941a12aa38a0b02ba29e8e72da65c66298b","0-37de2bb92d588e516a530d975dcfba48360873a771381e9be605a2dcaf3c0e00","root.record.ItemExhibitList.P5Item.CostElementCategoryList.Flyaway.Recurring.CostElementList.CostElement"
"AN/TSQ-226B(V)1 Phase 3 Kits","","","","","","","","27","","24","","24","","4.609","","4.092","","4.092","","170.704","","170.5","","170.5","2019-BASE_PROCUREMENT-2019-ARMY_OTHER_2-U_PROCUREMENT_JustificationBook_Army_PB_2019.zzz_unzipped-U_PROCUREMENT_JustificationBook_Army_PB_2019.xml","97ae88ad5c2d10747b9c391cd8a0eb186ef33e8a38621deaa502fb7ad5815e80","0-ef24710bd968dba861142e8b7b3267d7f2ff8b3dba217e2856be12152266bda3","0-c4e3186a0ac2fbf56325949409d16be0054716860a3f3f27a25edeb507004cce","root.record.ItemExhibitList.P5Item.CostElementCategoryList.Flyaway.Recurring.CostElementList.CostElement"
"AN/TSQ-226B(V)1 Phase 3 Kits Spares (RSC)","","","","","","","","7","","","","","","1.073","","","","","","153.286","","","","","2019-BASE_PROCUREMENT-2019-ARMY_OTHER_2-U_PROCUREMENT_JustificationBook_Army_PB_2019.zzz_unzipped-U_PROCUREMENT_JustificationBook_Army_PB_2019.xml","97ae88ad5c2d10747b9c391cd8a0eb186ef33e8a38621deaa502fb7ad5815e80","1-bc15c3b745ab81d17315f73d7587c3235fb07183bf6553163a831659299f047d","0-c4e3186a0ac2fbf56325949409d16be0054716860a3f3f27a25edeb507004cce","root.record.ItemExhibitList.P5Item.CostElementCategoryList.Flyaway.Recurring.CostElementList.CostElement"
"AN/TSQ-226B/C(V)2/3 Phase 3 Kits","","","","","","","","1","8","","","","","0.09","0.716","","","","","90","89.5","","","","2019-BASE_PROCUREMENT-2019-ARMY_OTHER_2-U_PROCUREMENT_JustificationBook_Army_PB_2019.zzz_unzipped-U_PROCUREMENT_JustificationBook_Army_PB_2019.xml","97ae88ad5c2d10747b9c391cd8a0eb186ef33e8a38621deaa502fb7ad5815e80","2-8c6b3a9327afe2cb5329e016896f325291485f7f50b8f543bc2748e1ed0f77d6","0-c4e3186a0ac2fbf56325949409d16be0054716860a3f3f27a25edeb507004cce","root.record.ItemExhibitList.P5Item.CostElementCategoryList.Flyaway.Recurring.CostElementList.CostElement"
"T-JWICS VTC Suite Upgrades","","","","","","","","","19","61","","61","","","0.786","2.523","","2.523","","","41.368","41.361","","41.361","2019-BASE_PROCUREMENT-2019-ARMY_OTHER_2-U_PROCUREMENT_JustificationBook_Army_PB_2019.zzz_unzipped-U_PROCUREMENT_JustificationBook_Army_PB_2019.xml","97ae88ad5c2d10747b9c391cd8a0eb186ef33e8a38621deaa502fb7ad5815e80","3-5e768370911fe9077ad0297bc2f2024016c0815d8b62eda77d539a996c6524f4","0-c4e3186a0ac2fbf56325949409d16be0054716860a3f3f27a25edeb507004cce","root.record.ItemExhibitList.P5Item.CostElementCategoryList.Flyaway.Recurring.CostElementList.CostElement"
"T-JWICS VTC Suite Spares (RSC)","","","","","","","","","14","","","","","","0.638","","","","","","45.571","","","","2019-BASE_PROCUREMENT-2019-ARMY_OTHER_2-U_PROCUREMENT_JustificationBook_Army_PB_2019.zzz_unzipped-U_PROCUREMENT_JustificationBook_Army_PB_2019.xml","97ae88ad5c2d10747b9c391cd8a0eb186ef33e8a38621deaa502fb7ad5815e80","4-1eed831ed74ee423fff2d96d0e3ba3e0696317507656ebc2ce2428aed30ea0d5","0-c4e3186a0ac2fbf56325949409d16be0054716860a3f3f27a25edeb507004cce","root.record.ItemExhibitList.P5Item.CostElementCategoryList.Flyaway.Recurring.CostElementList.CostElement"
"iDirect Modems","","","","","","","","","88","106","","106","","","1.936","2.332","","2.332","","","22","22","","22","2019-BASE_PROCUREMENT-2019-ARMY_OTHER_2-U_PROCUREMENT_JustificationBook_Army_PB_2019.zzz_unzipped-U_PROCUREMENT_JustificationBook_Army_PB_2019.xml","97ae88ad5c2d10747b9c391cd8a0eb186ef33e8a38621deaa502fb7ad5815e80","5-a77807de531211629801f5c2c40bdb9720752041acd041c746f0d5d22b57e09e","0-c4e3186a0ac2fbf56325949409d16be0054716860a3f3f27a25edeb507004cce","root.record.ItemExhibitList.P5Item.CostElementCategoryList.Flyaway.Recurring.CostElementList.CostElement"
"iDirect Modems - Spares (RSC)","","","","","","","","","14","","","","","","0.308","","","","","","22","","","","2019-BASE_PROCUREMENT-2019-ARMY_OTHER_2-U_PROCUREMENT_JustificationBook_Army_PB_2019.zzz_unzipped-U_PROCUREMENT_JustificationBook_Army_PB_2019.xml","97ae88ad5c2d10747b9c391cd8a0eb186ef33e8a38621deaa502fb7ad5815e80","6-ce15ffafc8811720f80dd6d50a03ed8ce0c6f322ee3db0861b60eebc7b4ba3d8","0-c4e3186a0ac2fbf56325949409d16be0054716860a3f3f27a25edeb507004cce","root.record.ItemExhibitList.P5Item.CostElementCategoryList.Flyaway.Recurring.CostElementList.CostElement"
"Hardware (Previous Years)","","","","","","","473","","","","","","143.821","","","","","","304.061","","","","","","2019-BASE_PROCUREMENT-2019-ARMY_OTHER_2-U_PROCUREMENT_JustificationBook_Army_PB_2019.zzz_unzipped-U_PROCUREMENT_JustificationBook_Army_PB_2019.xml","97ae88ad5c2d10747b9c391cd8a0eb186ef33e8a38621deaa502fb7ad5815e80","7-3d98461f2f4ec3b72e172b3b0dbd497303129af60ece1861e6f78807d4732dce","0-c4e3186a0ac2fbf56325949409d16be0054716860a3f3f27a25edeb507004cce","root.record.ItemExhibitList.P5Item.CostElementCategoryList.Flyaway.Recurring.CostElementList.CostElement"
"Hardware & Integration - RAM Warn EDI","","","","","","","","80","","","","","","4.27","","","","","","53.375","","","","","2019-BASE_PROCUREMENT-2019-ARMY_OTHER_2-U_PROCUREMENT_JustificationBook_Army_PB_2019.zzz_unzipped-U_PROCUREMENT_JustificationBook_Army_PB_2019.xml","2cbbc5957071eb4fa35225fd174f9cfb39318ddf966df8ff502f7f8a74cad756","0-3ac12b3f8bb68e63086c1fc173fcfd7dc464d8808cfe6183b3f4878b823d0817","0-312353968f6404aa8719a5bf2585bc9b3902df1201a787851edadb0101a9dd20","root.record.ItemExhibitList.P5Item.CostElementCategoryList.Flyaway.Recurring.CostElementList.CostElement"
"Hardware & Integration - RAM Warn BCT Secure Comms","","","","","","","890","510","270","84","","84","87.223","30.767","9.385","3.583","","3.583","98.003","60.327","34.759","42.655","","42.655","2019-BASE_PROCUREMENT-2019-ARMY_OTHER_2-U_PROCUREMENT_JustificationBook_Army_PB_2019.zzz_unzipped-U_PROCUREMENT_JustificationBook_Army_PB_2019.xml","2cbbc5957071eb4fa35225fd174f9cfb39318ddf966df8ff502f7f8a74cad756","1-393b24f28381f4ccaf16b445fbe37ddf1f3a2e1342bd62cc4caa27f4e8c0c5c2","0-312353968f6404aa8719a5bf2585bc9b3902df1201a787851edadb0101a9dd20","root.record.ItemExhibitList.P5Item.CostElementCategoryList.Flyaway.Recurring.CostElementList.CostElement"
"--LMTV Cargo M1078","","","","","","","2037","184","","161","","161","311.426","34.88","","34.78","","34.78","152.885","189.565","","216.025","","216.025","2019-BASE_PROCUREMENT-2019-ARMY_OTHER_1-U_PROCUREMENT_JustificationBook_Army_PB_2019.zzz_unzipped-U_PROCUREMENT_JustificationBook_Army_PB_2019.xml","ac1e9ae767b07b32048acff2227cba4c7a4135bf6613b6d72ba5ffbdf00c37b0","0-1d613fad75ab9734e87a607a0c9f711894474d98ad4e62ddc8b85d59674704ed","0-43a1da42c4065d050a21f574753498277310fad7fc93b29a443554a8494fc92b","root.record.ItemExhibitList.P5Item.CostElementCategoryList.Flyaway.Recurring.CostElementList.CostElement"
"--LMTV Cargo W/W M1078","","","","","","","101","","","","","","14.724","","","","","","145.782","","","","","","2019-BASE_PROCUREMENT-2019-ARMY_OTHER_1-U_PROCUREMENT_JustificationBook_Army_PB_2019.zzz_unzipped-U_PROCUREMENT_JustificationBook_Army_PB_2019.xml","ac1e9ae767b07b32048acff2227cba4c7a4135bf6613b6d72ba5ffbdf00c37b0","1-924c9adab65018a96fa9390f35624c92df7b52d3a381e85e8b86a1215a0b6e46","0-43a1da42c4065d050a21f574753498277310fad7fc93b29a443554a8494fc92b","root.record.ItemExhibitList.P5Item.CostElementCategoryList.Flyaway.Recurring.CostElementList.CostElement"
"--LMTV Van M1079","","","","","","","189","","","9","","9","38.887","","","2.854","","2.854","205.751","","","317.111","","317.111","2019-BASE_PROCUREMENT-2019-ARMY_OTHER_1-U_PROCUREMENT_JustificationBook_Army_PB_2019.zzz_unzipped-U_PROCUREMENT_JustificationBook_Army_PB_2019.xml","ac1e9ae767b07b32048acff2227cba4c7a4135bf6613b6d72ba5ffbdf00c37b0","2-8d5713f90ffb3835601814955a2f42a7ed9e64d24cc4dae30d0d789ca1cd49fd","0-43a1da42c4065d050a21f574753498277310fad7fc93b29a443554a8494fc92b","root.record.ItemExhibitList.P5Item.CostElementCategoryList.Flyaway.Recurring.CostElementList.CostElement"
"--MTV Cargo M1083","","","","","","","4374","331","9","112","","112","686.33","69.365","1.923","26.061","","26.061","156.911","209.562","213.667","232.688","","232.688","2019-BASE_PROCUREMENT-2019-ARMY_OTHER_1-U_PROCUREMENT_JustificationBook_Army_PB_2019.zzz_unzipped-U_PROCUREMENT_JustificationBook_Army_PB_2019.xml","ac1e9ae767b07b32048acff2227cba4c7a4135bf6613b6d72ba5ffbdf00c37b0","0-e43d903c0e4179245fce72e8f3ce19b11e020aeaa371a9301c762492554db102","0-50537325b1dbf76e4ebffb904b249cfc6b854bc0839efb6b2399da5510d2ab0e","root.record.ItemExhibitList.P5Item.CostElementCategoryList.Flyaway.Recurring.CostElementList.CostElement"
"--MTV Cargo w/winch M1083","","","","","","","887","","","","","","140.917","","","","","","158.869","","","","","","2019-BASE_PROCUREMENT-2019-ARMY_OTHER_1-U_PROCUREMENT_JustificationBook_Army_PB_2019.zzz_unzipped-U_PROCUREMENT_JustificationBook_Army_PB_2019.xml","ac1e9ae767b07b32048acff2227cba4c7a4135bf6613b6d72ba5ffbdf00c37b0","1-d1dfedf49d8252aef16029c8b423664ccb1a7a4eb4422809d7fc28cddca754fe","0-50537325b1dbf76e4ebffb904b249cfc6b854bc0839efb6b2399da5510d2ab0e","root.record.ItemExhibitList.P5Item.CostElementCategoryList.Flyaway.Recurring.CostElementList.CostElement"
"--MTV Cargo MHE M1084","","","","","","","358","221","2","13","","13","132.156","64.003","0.591","4.392","","4.392","369.151","289.606","295.5","337.846","","337.846","2019-BASE_PROCUREMENT-2019-ARMY_OTHER_1-U_PROCUREMENT_JustificationBook_Army_PB_2019.zzz_unzipped-U_PROCUREMENT_JustificationBook_Army_PB_2019.xml","ac1e9ae767b07b32048acff2227cba4c7a4135bf6613b6d72ba5ffbdf00c37b0","2-5dfe3e5f844870a9015e09c632a2eebe96e4f45c01b486bc308138c03b05145e","0-50537325b1dbf76e4ebffb904b249cfc6b854bc0839efb6b2399da5510d2ab0e","root.record.ItemExhibitList.P5Item.CostElementCategoryList.Flyaway.Recurring.CostElementList.CostElement"
"--MTV Cargo-Long Wheel Base (LWB) M1085","","","","","","","1473","","","13","","13","450.278","","","2.996","","2.996","305.688","","","230.462","","230.462","2019-BASE_PROCUREMENT-2019-ARMY_OTHER_1-U_PROCUREMENT_JustificationBook_Army_PB_2019.zzz_unzipped-U_PROCUREMENT_JustificationBook_Army_PB_2019.xml","ac1e9ae767b07b32048acff2227cba4c7a4135bf6613b6d72ba5ffbdf00c37b0","3-a96b9b53ebd0a58ce6b3d80248030178344f29c986300efb71ad085490a88a7c","0-50537325b1dbf76e4ebffb904b249cfc6b854bc0839efb6b2399da5510d2ab0e","root.record.ItemExhibitList.P5Item.CostElementCategoryList.Flyaway.Recurring.CostElementList.CostElement"
"--MTV Cargo-LWB w/winch M1085","","","","","","","65","","","","","","10.563","","","","","","162.508","","","","","","2019-BASE_PROCUREMENT-2019-ARMY_OTHER_1-U_PROCUREMENT_JustificationBook_Army_PB_2019.zzz_unzipped-U_PROCUREMENT_JustificationBook_Army_PB_2019.xml","ac1e9ae767b07b32048acff2227cba4c7a4135bf6613b6d72ba5ffbdf00c37b0","4-c069f45d176f7d4e0e4471cddb7ff1331346d22d807baa64a99db0e51d457d63","0-50537325b1dbf76e4ebffb904b249cfc6b854bc0839efb6b2399da5510d2ab0e","root.record.ItemExhibitList.P5Item.CostElementCategoryList.Flyaway.Recurring.CostElementList.CostElement"
"--MTV LWB Cargo w/MHE M1086","","","","","","","9","","","","","","1.931","","","","","","214.556","","","","","","2019-BASE_PROCUREMENT-2019-ARMY_OTHER_1-U_PROCUREMENT_JustificationBook_Army_PB_2019.zzz_unzipped-U_PROCUREMENT_JustificationBook_Army_PB_2019.xml","ac1e9ae767b07b32048acff2227cba4c7a4135bf6613b6d72ba5ffbdf00c37b0","5-76fd754e761379261b5f575d9c751b2ff3c254de1735fdfe793eb550fb7437e5","0-50537325b1dbf76e4ebffb904b249cfc6b854bc0839efb6b2399da5510d2ab0e","root.record.ItemExhibitList.P5Item.CostElementCategoryList.Flyaway.Recurring.CostElementList.CostElement"
"--MTV Expansible Van M1087","","","","","","","1195","","","17","","17","780.747","","","9.042","","9.042","653.345","","","531.882","","531.882","2019-BASE_PROCUREMENT-2019-ARMY_OTHER_1-U_PROCUREMENT_JustificationBook_Army_PB_2019.zzz_unzipped-U_PROCUREMENT_JustificationBook_Army_PB_2019.xml","ac1e9ae767b07b32048acff2227cba4c7a4135bf6613b6d72ba5ffbdf00c37b0","6-d82ea930c7c033288e65cfcfd30768cd55b38c0e37d507172bc5d8f47844112a","0-50537325b1dbf76e4ebffb904b249cfc6b854bc0839efb6b2399da5510d2ab0e","root.record.ItemExhibitList.P5Item.CostElementCategoryList.Flyaway.Recurring.CostElementList.CostElement"
"--MTV Tractor M1088","","","","","","","1910","516","9","52","","52","582.359","108.232","1.925","12.193","","12.193","304.9","209.752","213.889","234.481","","234.481","2019-BASE_PROCUREMENT-2019-ARMY_OTHER_1-U_PROCUREMENT_JustificationBook_Army_PB_2019.zzz_unzipped-U_PROCUREMENT_JustificationBook_Army_PB_2019.xml","ac1e9ae767b07b32048acff2227cba4c7a4135bf6613b6d72ba5ffbdf00c37b0","7-4016640eb1de855c0305d4fd8830ccd82569a2329e3f64fd6dc8386cc75dce24","0-50537325b1dbf76e4ebffb904b249cfc6b854bc0839efb6b2399da5510d2ab0e","root.record.ItemExhibitList.P5Item.CostElementCategoryList.Flyaway.Recurring.CostElementList.CostElement"
"--MTV Wrecker M1089","","","","","","","363","","","8","","8","232.969","","","3.673","","3.673","641.788","","","459.125","","459.125","2019-BASE_PROCUREMENT-2019-ARMY_OTHER_1-U_PROCUREMENT_JustificationBook_Army_PB_2019.zzz_unzipped-U_PROCUREMENT_JustificationBook_Army_PB_2019.xml","ac1e9ae767b07b32048acff2227cba4c7a4135bf6613b6d72ba5ffbdf00c37b0","8-1a6134b70144f433acd2b7b898db302265fbdadd646d4581aa0b7b0174e32de9","0-50537325b1dbf76e4ebffb904b249cfc6b854bc0839efb6b2399da5510d2ab0e","root.record.ItemExhibitList.P5Item.CostElementCategoryList.Flyaway.Recurring.CostElementList.CostElement"
"--MTV LHS M1148","","","","","","","52","","17","","","","14.272","","5.903","","","","274.462","","347.235","","","","2019-BASE_PROCUREMENT-2019-ARMY_OTHER_1-U_PROCUREMENT_JustificationBook_Army_PB_2019.zzz_unzipped-U_PROCUREMENT_JustificationBook_Army_PB_2019.xml","ac1e9ae767b07b32048acff2227cba4c7a4135bf6613b6d72ba5ffbdf00c37b0","9-2bae6af7ef0b103f410c0fe73fe33d3aaea5a6efa890c65253c68c9d8acff992","0-50537325b1dbf76e4ebffb904b249cfc6b854bc0839efb6b2399da5510d2ab0e","root.record.ItemExhibitList.P5Item.CostElementCategoryList.Flyaway.Recurring.CostElementList.CostElement"
"--MTV 10 Ton Dump M1157","","","","","","","827","","","","","","148.135","","","","","","179.123","","","","","","2019-BASE_PROCUREMENT-2019-ARMY_OTHER_1-U_PROCUREMENT_JustificationBook_Army_PB_2019.zzz_unzipped-U_PROCUREMENT_JustificationBook_Army_PB_2019.xml","ac1e9ae767b07b32048acff2227cba4c7a4135bf6613b6d72ba5ffbdf00c37b0","10-1124588eaec75eb1c5ce27395c4547ef7c9aaad29d72abb4f93c77096211d043","0-50537325b1dbf76e4ebffb904b249cfc6b854bc0839efb6b2399da5510d2ab0e","root.record.ItemExhibitList.P5Item.CostElementCategoryList.Flyaway.Recurring.CostElementList.CostElement"
"--MTV 10 Ton Dump M1157 w/winch","","","","","","","820","","","","","","306.899","","","","","","374.267","","","","","","2019-BASE_PROCUREMENT-2019-ARMY_OTHER_1-U_PROCUREMENT_JustificationBook_Army_PB_2019.zzz_unzipped-U_PROCUREMENT_JustificationBook_Army_PB_2019.xml","ac1e9ae767b07b32048acff2227cba4c7a4135bf6613b6d72ba5ffbdf00c37b0","11-5e30b3f519a30acf41bdd03f174a2781d5e1a7d2c4bf83c77e1c88c364115d1f","0-50537325b1dbf76e4ebffb904b249cfc6b854bc0839efb6b2399da5510d2ab0e","root.record.ItemExhibitList.P5Item.CostElementCategoryList.Flyaway.Recurring.CostElementList.CostElement"
"All configurations (FY 19 and prior)","","","","","","","171199","1205","1439","","","","3335.47","86.388","106.495","","","","19.483","71.691","74.006","","","","2020-BASE_PROCUREMENT-2020-ARMY_MISSLE-U_PROCUREMENT_JustificationBook_Army_PB_2020.zzz_unzipped-U_PROCUREMENT_JustificationBook_Army_PB_2020.xml","b6254689026733353150c6125748d60a95454d2a176dbcd63db3282dac87fbea","0-499e05c0e0036e7bdbb33ab896d4cfeee2d54f38a18397c748cd25a155886d0f","0-2a109a5eba3e12819329a11d5032c5a7414f2ad0730dd4a689ecdca2af25c5c6","root.record.ItemExhibitList.P5Item.CostElementCategoryList.Flyaway.Recurring.CostElementList.CostElement"
"2B Aero","","","","","","","","","","","960","960","","","","","87.067","87.067","","","","","90.695","90.695","2020-BASE_PROCUREMENT-2020-ARMY_MISSLE-U_PROCUREMENT_JustificationBook_Army_PB_2020.zzz_unzipped-U_PROCUREMENT_JustificationBook_Army_PB_2020.xml","b6254689026733353150c6125748d60a95454d2a176dbcd63db3282dac87fbea","1-c1978ea88ea9ef66af03379fc768b494dcd0ac2e6049f67d97229308c57b603e","0-2a109a5eba3e12819329a11d5032c5a7414f2ad0730dd4a689ecdca2af25c5c6","root.record.ItemExhibitList.P5Item.CostElementCategoryList.Flyaway.Recurring.CostElementList.CostElement"
"Bunker Buster","","","","","","","","","","","500","500","","","","","27.478","27.478","","","","","54.956","54.956","2020-BASE_PROCUREMENT-2020-ARMY_MISSLE-U_PROCUREMENT_JustificationBook_Army_PB_2020.zzz_unzipped-U_PROCUREMENT_JustificationBook_Army_PB_2020.xml","b6254689026733353150c6125748d60a95454d2a176dbcd63db3282dac87fbea","2-1959ac14a3d065d8c4424f2b8b84b6e9d44876a1f8c8dc67ad41166ce970d4f1","0-2a109a5eba3e12819329a11d5032c5a7414f2ad0730dd4a689ecdca2af25c5c6","root.record.ItemExhibitList.P5Item.CostElementCategoryList.Flyaway.Recurring.CostElementList.CostElement"
"--LMTV Cargo M1078","","","","","","","2221","","188","44","","44","346.306","","40.962","10.61","","10.61","155.923","","217.883","241.136","","241.136","2020-BASE_PROCUREMENT-2020-ARMY_OTHER_1-U_PROCUREMENT_JustificationBook_Army_PB_2020.zzz_unzipped-U_PROCUREMENT_JustificationBook_Army_PB_2020.xml","c8741db84cb82dd2bbb465cffcc6d30a58f500d75ffc29fbb1598d4c6dbdad9d","0-c54ef459fd6d9cfb542b40436a74d51a2038b22c52cb55f01794ccb062338d9f","0-f2d5aff075b3774cc6a5b47cd1e53e53d60f96d67b76409eec7f892a47d02691","root.record.ItemExhibitList.P5Item.CostElementCategoryList.Flyaway.Recurring.CostElementList.CostElement"
"--LMTV Cargo W/W M1078","","","","","","","101","","","","","","14.724","","","","","","145.782","","","","","","2020-BASE_PROCUREMENT-2020-ARMY_OTHER_1-U_PROCUREMENT_JustificationBook_Army_PB_2020.zzz_unzipped-U_PROCUREMENT_JustificationBook_Army_PB_2020.xml","c8741db84cb82dd2bbb465cffcc6d30a58f500d75ffc29fbb1598d4c6dbdad9d","1-4b735174d6f46780d4f1ef35c40e21c1e3802b66ef85c779c9a9f1cc317a9d6f","0-f2d5aff075b3774cc6a5b47cd1e53e53d60f96d67b76409eec7f892a47d02691","root.record.ItemExhibitList.P5Item.CostElementCategoryList.Flyaway.Recurring.CostElementList.CostElement"
"--LMTV Van M1079","","","","","","","189","","","","","","38.887","","","","","","205.751","","","","","","2020-BASE_PROCUREMENT-2020-ARMY_OTHER_1-U_PROCUREMENT_JustificationBook_Army_PB_2020.zzz_unzipped-U_PROCUREMENT_JustificationBook_Army_PB_2020.xml","c8741db84cb82dd2bbb465cffcc6d30a58f500d75ffc29fbb1598d4c6dbdad9d","2-81cc6d66cfaedf6ce7b471102d639fed839195b238c88085aa37be46b3df46aa","0-f2d5aff075b3774cc6a5b47cd1e53e53d60f96d67b76409eec7f892a47d02691","root.record.ItemExhibitList.P5Item.CostElementCategoryList.Flyaway.Recurring.CostElementList.CostElement"
"--MTV Cargo M1083","","","","","","","4705","","17","20","","20","755.695","","5.134","5.503","","5.503","160.615","","302","275.15","","275.15","2020-BASE_PROCUREMENT-2020-ARMY_OTHER_1-U_PROCUREMENT_JustificationBook_Army_PB_2020.zzz_unzipped-U_PROCUREMENT_JustificationBook_Army_PB_2020.xml","c8741db84cb82dd2bbb465cffcc6d30a58f500d75ffc29fbb1598d4c6dbdad9d","0-6781b13a6f7cc23c0435616de8aa594881292204f2e6fbd70681851276444a4f","0-72e890e55794a7478f64115fa951f6cb6e64aede43c84ecb977f7f234b4dc3f1","root.record.ItemExhibitList.P5Item.CostElementCategoryList.Flyaway.Recurring.CostElementList.CostElement"
"--MTV Cargo w/winch M1083","","","","","","","887","","","","","","140.917","","","","","","158.869","","","","","","2020-BASE_PROCUREMENT-2020-ARMY_OTHER_1-U_PROCUREMENT_JustificationBook_Army_PB_2020.zzz_unzipped-U_PROCUREMENT_JustificationBook_Army_PB_2020.xml","c8741db84cb82dd2bbb465cffcc6d30a58f500d75ffc29fbb1598d4c6dbdad9d","1-1e363d7534fa64bdafafa40bb39a0eb380bab93da56799849533e1d4a59753eb","0-72e890e55794a7478f64115fa951f6cb6e64aede43c84ecb977f7f234b4dc3f1","root.record.ItemExhibitList.P5Item.CostElementCategoryList.Flyaway.Recurring.CostElementList.CostElement"
"--MTV Cargo MHE M1084","","","","","","","579","103","8","4","","4","196.159","44.668","2.996","1.412","","1.412","338.789","433.67","374.5","353","","353","2020-BASE_PROCUREMENT-2020-ARMY_OTHER_1-U_PROCUREMENT_JustificationBook_Army_PB_2020.zzz_unzipped-U_PROCUREMENT_JustificationBook_Army_PB_2020.xml","c8741db84cb82dd2bbb465cffcc6d30a58f500d75ffc29fbb1598d4c6dbdad9d","2-647f44fcbdf6f7c46439f3eeba8d0536e7631c14a2f7baed60cac5c832cb7c84","0-72e890e55794a7478f64115fa951f6cb6e64aede43c84ecb977f7f234b4dc3f1","root.record.ItemExhibitList.P5Item.CostElementCategoryList.Flyaway.Recurring.CostElementList.CostElement"
"--MTV Cargo-Long Wheel Base (LWB) M1085","","","","","","","1473","","7","","","","450.278","","1.613","","","","305.688","","230.429","","","","2020-BASE_PROCUREMENT-2020-ARMY_OTHER_1-U_PROCUREMENT_JustificationBook_Army_PB_2020.zzz_unzipped-U_PROCUREMENT_JustificationBook_Army_PB_2020.xml","c8741db84cb82dd2bbb465cffcc6d30a58f500d75ffc29fbb1598d4c6dbdad9d","3-70c5d11bf4b4273de5c00f82895add8d0df2c91de5c5c86abb18e23f4c70f38a","0-72e890e55794a7478f64115fa951f6cb6e64aede43c84ecb977f7f234b4dc3f1","root.record.ItemExhibitList.P5Item.CostElementCategoryList.Flyaway.Recurring.CostElementList.CostElement"
"--MTV Cargo-LWB w/winch M1085","","","","","","","65","","","","","","10.563","","","","","","162.508","","","","","","2020-BASE_PROCUREMENT-2020-ARMY_OTHER_1-U_PROCUREMENT_JustificationBook_Army_PB_2020.zzz_unzipped-U_PROCUREMENT_JustificationBook_Army_PB_2020.xml","c8741db84cb82dd2bbb465cffcc6d30a58f500d75ffc29fbb1598d4c6dbdad9d","4-b4cf8674178ddbf824c49ade091ab82d98dbb0691fad3e3071bb80882e8abfac","0-72e890e55794a7478f64115fa951f6cb6e64aede43c84ecb977f7f234b4dc3f1","root.record.ItemExhibitList.P5Item.CostElementCategoryList.Flyaway.Recurring.CostElementList.CostElement"
"--MTV LWB Cargo w/MHE M1086","","","","","","","9","","","","","","1.931","","","","","","214.556","","","","","","2020-BASE_PROCUREMENT-2020-ARMY_OTHER_1-U_PROCUREMENT_JustificationBook_Army_PB_2020.zzz_unzipped-U_PROCUREMENT_JustificationBook_Army_PB_2020.xml","c8741db84cb82dd2bbb465cffcc6d30a58f500d75ffc29fbb1598d4c6dbdad9d","5-06404e6f734e8979a776aebe3085dfae3e6b28ebe7c464b326196afeaea19764","0-72e890e55794a7478f64115fa951f6cb6e64aede43c84ecb977f7f234b4dc3f1","root.record.ItemExhibitList.P5Item.CostElementCategoryList.Flyaway.Recurring.CostElementList.CostElement"
"--MTV Expansible Van M1087","","","","","","","1195","","","","","","780.747","","","","","","653.345","","","","","","2020-BASE_PROCUREMENT-2020-ARMY_OTHER_1-U_PROCUREMENT_JustificationBook_Army_PB_2020.zzz_unzipped-U_PROCUREMENT_JustificationBook_Army_PB_2020.xml","c8741db84cb82dd2bbb465cffcc6d30a58f500d75ffc29fbb1598d4c6dbdad9d","6-624f04ad538bf95864cb8541237e72e06a3ac37a13e1b7ee7f7be4659e127a35","0-72e890e55794a7478f64115fa951f6cb6e64aede43c84ecb977f7f234b4dc3f1","root.record.ItemExhibitList.P5Item.CostElementCategoryList.Flyaway.Recurring.CostElementList.CostElement"
"--MTV Tractor M1088","","","","","","","2426","","156","21","","21","690.591","","35.763","5.647","","5.647","284.662","","229.25","268.905","","268.905","2020-BASE_PROCUREMENT-2020-ARMY_OTHER_1-U_PROCUREMENT_JustificationBook_Army_PB_2020.zzz_unzipped-U_PROCUREMENT_JustificationBook_Army_PB_2020.xml","c8741db84cb82dd2bbb465cffcc6d30a58f500d75ffc29fbb1598d4c6dbdad9d","7-621a45490df3ed1e07b29181bb6f7cb11014afef35ee1de6412dedd94ebd1d7f","0-72e890e55794a7478f64115fa951f6cb6e64aede43c84ecb977f7f234b4dc3f1","root.record.ItemExhibitList.P5Item.CostElementCategoryList.Flyaway.Recurring.CostElementList.CostElement"
"--MTV Wrecker M1089","","","","","","","363","","","14","","14","232.969","","","7.166","","7.166","641.788","","","511.857","","511.857","2020-BASE_PROCUREMENT-2020-ARMY_OTHER_1-U_PROCUREMENT_JustificationBook_Army_PB_2020.zzz_unzipped-U_PROCUREMENT_JustificationBook_Army_PB_2020.xml","c8741db84cb82dd2bbb465cffcc6d30a58f500d75ffc29fbb1598d4c6dbdad9d","8-012316c6c436895c3afc490e2caee3872566d76aa252149f58284b374059e8e7","0-72e890e55794a7478f64115fa951f6cb6e64aede43c84ecb977f7f234b4dc3f1","root.record.ItemExhibitList.P5Item.CostElementCategoryList.Flyaway.Recurring.CostElementList.CostElement"
"--MTV LHS M1148","","","","","","","52","","","39","","39","14.272","","","15.232","","15.232","274.462","","","390.564","","390.564","2020-BASE_PROCUREMENT-2020-ARMY_OTHER_1-U_PROCUREMENT_JustificationBook_Army_PB_2020.zzz_unzipped-U_PROCUREMENT_JustificationBook_Army_PB_2020.xml","c8741db84cb82dd2bbb465cffcc6d30a58f500d75ffc29fbb1598d4c6dbdad9d","9-387baf42274dfa851ca425e826fe8c07a505fde986577c2a6065d0197c92ef2e","0-72e890e55794a7478f64115fa951f6cb6e64aede43c84ecb977f7f234b4dc3f1","root.record.ItemExhibitList.P5Item.CostElementCategoryList.Flyaway.Recurring.CostElementList.CostElement"
"--MTV 10 Ton Dump M1157","","","","","","","827","","","","","","148.135","","","","","","179.123","","","","","","2020-BASE_PROCUREMENT-2020-ARMY_OTHER_1-U_PROCUREMENT_JustificationBook_Army_PB_2020.zzz_unzipped-U_PROCUREMENT_JustificationBook_Army_PB_2020.xml","c8741db84cb82dd2bbb465cffcc6d30a58f500d75ffc29fbb1598d4c6dbdad9d","10-cc9fbf654fcf006dd290a9cc7dff840feb4c06c8e59db519b90763da447702e2","0-72e890e55794a7478f64115fa951f6cb6e64aede43c84ecb977f7f234b4dc3f1","root.record.ItemExhibitList.P5Item.CostElementCategoryList.Flyaway.Recurring.CostElementList.CostElement"
"--MTV 10 Ton Dump M1157 w/winch","","","","","","","820","","","","","","306.899","","","","","","374.267","","","","","","2020-BASE_PROCUREMENT-2020-ARMY_OTHER_1-U_PROCUREMENT_JustificationBook_Army_PB_2020.zzz_unzipped-U_PROCUREMENT_JustificationBook_Army_PB_2020.xml","c8741db84cb82dd2bbb465cffcc6d30a58f500d75ffc29fbb1598d4c6dbdad9d","11-ad42e529b5d00370338a724dbff8cd9b3bdf984a550bb401cf2744ca02657bff","0-72e890e55794a7478f64115fa951f6cb6e64aede43c84ecb977f7f234b4dc3f1","root.record.ItemExhibitList.P5Item.CostElementCategoryList.Flyaway.Recurring.CostElementList.CostElement"
"AN/TSQ-226B(V)1 Phase 3 Kits","","","","","","","27","","24","","","","4.609","","4.092","","","","170.704","","170.5","","","","2020-BASE_PROCUREMENT-2020-ARMY_OTHER_2-U_PROCUREMENT_JustificationBook_Army_PB_2020.zzz_unzipped-U_PROCUREMENT_JustificationBook_Army_PB_2020.xml","46a9eecfb9fc471f960bb9765cd0188ede1e37a7f7d7af29a0ea3c25fc6629e2","0-eb8fb9dad197627d90c195092dacb681bbdd70dfc763c0cff143b2fd80e01040","0-dcae120e8ccb3e1597cc44dd084e061cd768e5c492b9ed0b5d0c071447a59750","root.record.ItemExhibitList.P5Item.CostElementCategoryList.Flyaway.Recurring.CostElementList.CostElement"
"AN/TSQ-226B(V)1 Phase 3 Kits Spares (RSC)","","","","","","","7","","","","","","1.073","","","","","","153.286","","","","","","2020-BASE_PROCUREMENT-2020-ARMY_OTHER_2-U_PROCUREMENT_JustificationBook_Army_PB_2020.zzz_unzipped-U_PROCUREMENT_JustificationBook_Army_PB_2020.xml","46a9eecfb9fc471f960bb9765cd0188ede1e37a7f7d7af29a0ea3c25fc6629e2","1-9f1e278e27dab43834c27da248ed485b48529f471668e74fe947bc693ad6e0d1","0-dcae120e8ccb3e1597cc44dd084e061cd768e5c492b9ed0b5d0c071447a59750","root.record.ItemExhibitList.P5Item.CostElementCategoryList.Flyaway.Recurring.CostElementList.CostElement"
"AN/TSQ-226B/C(V)2/3 Phase 3 Kits","","","","","","","1","8","","","","","0.09","0.716","","","","","90","89.5","","","","","2020-BASE_PROCUREMENT-2020-ARMY_OTHER_2-U_PROCUREMENT_JustificationBook_Army_PB_2020.zzz_unzipped-U_PROCUREMENT_JustificationBook_Army_PB_2020.xml","46a9eecfb9fc471f960bb9765cd0188ede1e37a7f7d7af29a0ea3c25fc6629e2","2-309ce4910b93bf2cb0b7e52a639891c2c465e043c525882918b90fd6570f3752","0-dcae120e8ccb3e1597cc44dd084e061cd768e5c492b9ed0b5d0c071447a59750","root.record.ItemExhibitList.P5Item.CostElementCategoryList.Flyaway.Recurring.CostElementList.CostElement"
"T-JWICS VTC Suite Upgrades","","","","","","","","19","61","89","","89","","0.786","2.523","3.682","","3.682","","41.368","41.361","41.371","","41.371","2020-BASE_PROCUREMENT-2020-ARMY_OTHER_2-U_PROCUREMENT_JustificationBook_Army_PB_2020.zzz_unzipped-U_PROCUREMENT_JustificationBook_Army_PB_2020.xml","46a9eecfb9fc471f960bb9765cd0188ede1e37a7f7d7af29a0ea3c25fc6629e2","3-9f906e447c7e108e252722ba5365044aaf80db862cf77e04515a430e245cc363","0-dcae120e8ccb3e1597cc44dd084e061cd768e5c492b9ed0b5d0c071447a59750","root.record.ItemExhibitList.P5Item.CostElementCategoryList.Flyaway.Recurring.CostElementList.CostElement"
"T-JWICS VTC Suite Spares (RSC)","","","","","","","","14","","11","","11","","0.638","","0.502","","0.502","","45.571","","45.636","","45.636","2020-BASE_PROCUREMENT-2020-ARMY_OTHER_2-U_PROCUREMENT_JustificationBook_Army_PB_2020.zzz_unzipped-U_PROCUREMENT_JustificationBook_Army_PB_2020.xml","46a9eecfb9fc471f960bb9765cd0188ede1e37a7f7d7af29a0ea3c25fc6629e2","4-2bf8d94ee19e814523c46f3c3abab3a180971a1037dec115edf4ebefc189bee8","0-dcae120e8ccb3e1597cc44dd084e061cd768e5c492b9ed0b5d0c071447a59750","root.record.ItemExhibitList.P5Item.CostElementCategoryList.Flyaway.Recurring.CostElementList.CostElement"
"iDirect Modems","","","","","","","","88","106","64","","64","","1.936","2.332","1.408","","1.408","","22","22","22","","22","2020-BASE_PROCUREMENT-2020-ARMY_OTHER_2-U_PROCUREMENT_JustificationBook_Army_PB_2020.zzz_unzipped-U_PROCUREMENT_JustificationBook_Army_PB_2020.xml","46a9eecfb9fc471f960bb9765cd0188ede1e37a7f7d7af29a0ea3c25fc6629e2","5-a7b5b41d43ae3239affe86daaea1e2f2165cf15779739b449453b9306e12beee","0-dcae120e8ccb3e1597cc44dd084e061cd768e5c492b9ed0b5d0c071447a59750","root.record.ItemExhibitList.P5Item.CostElementCategoryList.Flyaway.Recurring.CostElementList.CostElement"
"iDirect Modems - Spares (RSC)","","","","","","","","14","","","","","","0.308","","","","","","22","","","","","2020-BASE_PROCUREMENT-2020-ARMY_OTHER_2-U_PROCUREMENT_JustificationBook_Army_PB_2020.zzz_unzipped-U_PROCUREMENT_JustificationBook_Army_PB_2020.xml","46a9eecfb9fc471f960bb9765cd0188ede1e37a7f7d7af29a0ea3c25fc6629e2","6-2fc1a10c617e7105df0123e596f0591fbeef9bc874d7cdb116e94e964af3280d","0-dcae120e8ccb3e1597cc44dd084e061cd768e5c492b9ed0b5d0c071447a59750","root.record.ItemExhibitList.P5Item.CostElementCategoryList.Flyaway.Recurring.CostElementList.CostElement"
"Hardware (Previous Years)","","","","","","","473","","","","","","143.821","","","","","","304.061","","","","","","2020-BASE_PROCUREMENT-2020-ARMY_OTHER_2-U_PROCUREMENT_JustificationBook_Army_PB_2020.zzz_unzipped-U_PROCUREMENT_JustificationBook_Army_PB_2020.xml","46a9eecfb9fc471f960bb9765cd0188ede1e37a7f7d7af29a0ea3c25fc6629e2","7-923aea1aa0c1a66a01d3b5441cdd8c05c86b4f152c11a7013036c299c79dd083","0-dcae120e8ccb3e1597cc44dd084e061cd768e5c492b9ed0b5d0c071447a59750","root.record.ItemExhibitList.P5Item.CostElementCategoryList.Flyaway.Recurring.CostElementList.CostElement"
"Hardware & Integration - RAM Warn EDI","","","","","","","80","","","","","","4.27","","","","","","53.375","","","","","","2020-BASE_PROCUREMENT-2020-ARMY_OTHER_2-U_PROCUREMENT_JustificationBook_Army_PB_2020.zzz_unzipped-U_PROCUREMENT_JustificationBook_Army_PB_2020.xml","b869c1a908e756c3c0d1a2c66b11485e2c68de5811f38d8f9a377b5597e31f51","0-3337d6ba5d1929e598e3ff2cb7c431562731043efaf5a20b8ce4fd9a40a74bd1","0-45c98ae1cb5ccd9d40b4919418f52dbb14a2b88d5b67f178e96036dee0eef644","root.record.ItemExhibitList.P5Item.CostElementCategoryList.Flyaway.Recurring.CostElementList.CostElement"
"Hardware & Integration - RAM Warn BCT Secure Comms","","","","","","","1240","241","399","","","","117.99","16.58","28.483","","","","95.153","68.797","71.386","","","","2020-BASE_PROCUREMENT-2020-ARMY_OTHER_2-U_PROCUREMENT_JustificationBook_Army_PB_2020.zzz_unzipped-U_PROCUREMENT_JustificationBook_Army_PB_2020.xml","b869c1a908e756c3c0d1a2c66b11485e2c68de5811f38d8f9a377b5597e31f51","1-0a43630031712512dad5bd3e36458f9c7dac8be8871297eaa9d32a7a9a08bd96","0-45c98ae1cb5ccd9d40b4919418f52dbb14a2b88d5b67f178e96036dee0eef644","root.record.ItemExhibitList.P5Item.CostElementCategoryList.Flyaway.Recurring.CostElementList.CostElement"
