Name_val,Cost_AllPriorYears_TotalCost_val,Cost_PriorYear_TotalCost_val,Cost_CurrentYear_TotalCost_val,Cost_BudgetYearOneBase_TotalCost_val,Cost_BudgetYearOneOCO_TotalCost_val,Cost_BudgetYearOne_TotalCost_val,Cost_Quantity_AllPriorYears_val,Cost_Quantity_PriorYear_val,Cost_Quantity_CurrentYear_val,Cost_Quantity_BudgetYearOneBase_val,Cost_Quantity_BudgetYearOneOCO_val,Cost_Quantity_BudgetYearOne_val,Cost_TotalCost_AllPriorYears_val,Cost_TotalCost_PriorYear_val,Cost_TotalCost_CurrentYear_val,Cost_TotalCost_BudgetYearOneBase_val,Cost_TotalCost_BudgetYearOneOCO_val,Cost_TotalCost_BudgetYearOne_val,Cost_UnitCost_AllPriorYears_val,Cost_UnitCost_PriorYear_val,Cost_UnitCost_CurrentYear_val,Cost_UnitCost_BudgetYearOneBase_val,Cost_UnitCost_BudgetYearOneOCO_val,Cost_UnitCost_BudgetYearOne_val,@SOURCE_FILENAME,@RECORDID,@ROWID,@PARENTROWID,@PARENT
"Proposal Preparation","0.816","0.000","0.000","0.000","0.000","0.000","","","","","","","","","","","","","","","","","","","2013-BASE_PROCUREMENT-2013-AIRFORCE_AIRCRAFT_VOL1-JustificationBook_Air_Force_PB_2013.zzz_unzipped-JustificationBook_Air_Force_PB_2013.xml","151cbabc5cab50e7685c243072d83b061ce0acd1f753dc40f1d47d3fbff117f7","0-1319db279e678eba5bc2e17cae7bbacbce7d589fa910412ea559f3495a108477","4-769fbb0228e90b7b8936c634eadca25a9bdc9a45fdfdf9178ae87da664f65372","root.record.ItemExhibitList.P5Item.CostElementCategoryList.Flyaway.Recurring.CostElementList.CostElement"
"Government Support","1.393","0.729","1.148","1.304","0.000","1.304","","","","","","","","","","","","","","","","","","","2013-BASE_PROCUREMENT-2013-AIRFORCE_AIRCRAFT_VOL1-JustificationBook_Air_Force_PB_2013.zzz_unzipped-JustificationBook_Air_Force_PB_2013.xml","151cbabc5cab50e7685c243072d83b061ce0acd1f753dc40f1d47d3fbff117f7","1-96d16ae2f742c4df9d211c9cc5fff3b8c819fbaf602208530bcf841a794dea11","4-769fbb0228e90b7b8936c634eadca25a9bdc9a45fdfdf9178ae87da664f65372","root.record.ItemExhibitList.P5Item.CostElementCategoryList.Flyaway.Recurring.CostElementList.CostElement"
"Proposal Preparation","0.816","0.000","0.000","0.000","0.000","0.000","","","","","","","","","","","","","","","","","","","2013-BASE_PROCUREMENT-2013-AIRFORCE_AIRCRAFT_VOL2-MasterJustificationBook_Air_Force_PB_2013.zzz_unzipped-MasterJustificationBook_Air_Force_PB_2013.xml","49ea51a266d1f26fbb7e9540dcf13ac7edf6e0045e26abc78725de6f38f215f0","0-24d47799661dfbdbf17198c8da5738ca7bd58d2ed4cb6258e2f0caaf1f6ebb29","4-dabada47eb10c2d1f25b374758f4ee73d753ad2c556dcb420f71ea64fff3ed51","root.record.ItemExhibitList.P5Item.CostElementCategoryList.Flyaway.Recurring.CostElementList.CostElement"
"Government Support","1.393","0.729","1.148","1.304","0.000","1.304","","","","","","","","","","","","","","","","","","","2013-BASE_PROCUREMENT-2013-AIRFORCE_AIRCRAFT_VOL2-MasterJustificationBook_Air_Force_PB_2013.zzz_unzipped-MasterJustificationBook_Air_Force_PB_2013.xml","49ea51a266d1f26fbb7e9540dcf13ac7edf6e0045e26abc78725de6f38f215f0","1-818352f36c81326144d5761b3f2790ca783a3319db919aa0148ec4370d72a318","4-dabada47eb10c2d1f25b374758f4ee73d753ad2c556dcb420f71ea64fff3ed51","root.record.ItemExhibitList.P5Item.CostElementCategoryList.Flyaway.Recurring.CostElementList.CostElement"
"Proposal Preparation","0.816","0.000","0.000","0.000","0.000","0.000","","","","","","","","","","","","","","","","","","","2013-BASE_PROCUREMENT-2013-AIRFORCE_AIRCRAFT_VOL1-MasterJustificationBook_Air_Force_PB_2013.zzz_unzipped-MasterJustificationBook_Air_Force_PB_2013.xml","cdde32f263605efa565ce4d4f2dcfab53c9478c879b60a96129ffe25b7d34e8a","0-0986f155edd9ef2ddd172073435fde82ff2fd9da3b048adcf89fa8ff0e102100","4-34bef1e44fcb060df5c48dbbf70e14060cb9d8ac16c883e86c4a0e350e7c048d","root.record.ItemExhibitList.P5Item.CostElementCategoryList.Flyaway.Recurring.CostElementList.CostElement"
"Government Support","1.393","0.729","1.148","1.304","0.000","1.304","","","","","","","","","","","","","","","","","","","2013-BASE_PROCUREMENT-2013-AIRFORCE_AIRCRAFT_VOL1-MasterJustificationBook_Air_Force_PB_2013.zzz_unzipped-MasterJustificationBook_Air_Force_PB_2013.xml","cdde32f263605efa565ce4d4f2dcfab53c9478c879b60a96129ffe25b7d34e8a","1-96f251e3577d40488e056387deadf7dfc122479d82602f4afc45661a6b45bb33","4-34bef1e44fcb060df5c48dbbf70e14060cb9d8ac16c883e86c4a0e350e7c048d","root.record.ItemExhibitList.P5Item.CostElementCategoryList.Flyaway.Recurring.CostElementList.CostElement"
"--MTV Cargo M1083","","","","","","","3838","354","257","8","240","248","584.333","71.179","54.025","1.662","49.867","51.529","152.249","201.071","210.214","207.75","207.779","207.778","2017-BASE_PROCUREMENT-2017-ARMY_OTHER_1-U_PROCUREMENT_JustificationBook_Army_PB_2017.zzz_unzipped-U_PROCUREMENT_JustificationBook_Army_PB_2017.xml","419cc7e6796fce0e404e3fd1565ad6d43e728e42a9b2c8e98eb0df751aaf2d01","0-a54489dd0c2b44182b12c37ea0f3578bfb2dcd0ec7ab6dc0db066f965d1026b3","0-bf4b81b532f7137afd94998fa5b5ca3307434038aead236fc7fbd8b24bddd601","root.record.ItemExhibitList.P5Item.CostElementCategoryList.Flyaway.Recurring.CostElementList.CostElement"
"--MTV Cargo w/winch M1083","","","","","","","845","","","","","","133.739","","","","","","158.271","","","","","","2017-BASE_PROCUREMENT-2017-ARMY_OTHER_1-U_PROCUREMENT_JustificationBook_Army_PB_2017.zzz_unzipped-U_PROCUREMENT_JustificationBook_Army_PB_2017.xml","419cc7e6796fce0e404e3fd1565ad6d43e728e42a9b2c8e98eb0df751aaf2d01","1-afefe9969dbf9b61dce1284749843c6cb1b71ab9e9bb6692eac7b7e4e033d6a5","0-bf4b81b532f7137afd94998fa5b5ca3307434038aead236fc7fbd8b24bddd601","root.record.ItemExhibitList.P5Item.CostElementCategoryList.Flyaway.Recurring.CostElementList.CostElement"
"--MTV Cargo-Long Wheel Base (LWB) M1085","","","","","","","1313","29","219","","298","298","422.299","5.931","46.833","","62.98","62.98","321.629","204.517","213.849","","211.342","211.342","2017-BASE_PROCUREMENT-2017-ARMY_OTHER_1-U_PROCUREMENT_JustificationBook_Army_PB_2017.zzz_unzipped-U_PROCUREMENT_JustificationBook_Army_PB_2017.xml","419cc7e6796fce0e404e3fd1565ad6d43e728e42a9b2c8e98eb0df751aaf2d01","2-ca2f74b1bd3360cb3cd33143ee9f74cbc1ddb2dc394638262dfabf2f5a26e215","0-bf4b81b532f7137afd94998fa5b5ca3307434038aead236fc7fbd8b24bddd601","root.record.ItemExhibitList.P5Item.CostElementCategoryList.Flyaway.Recurring.CostElementList.CostElement"
"--MTV Cargo-LWB w/winch M1085","","","","","","","65","","","","","","10.563","","","","","","162.508","","","","","","2017-BASE_PROCUREMENT-2017-ARMY_OTHER_1-U_PROCUREMENT_JustificationBook_Army_PB_2017.zzz_unzipped-U_PROCUREMENT_JustificationBook_Army_PB_2017.xml","419cc7e6796fce0e404e3fd1565ad6d43e728e42a9b2c8e98eb0df751aaf2d01","3-31b61d8c49e44aced0bfcb07fc832d70b94ad270fe148be59407d57d0168425e","0-bf4b81b532f7137afd94998fa5b5ca3307434038aead236fc7fbd8b24bddd601","root.record.ItemExhibitList.P5Item.CostElementCategoryList.Flyaway.Recurring.CostElementList.CostElement"
"--MTV Cargo MHE M1084","","","","","","","223","33","3","","","","97.727","9.151","0.869","","","","438.238","277.303","289.667","","","","2017-BASE_PROCUREMENT-2017-ARMY_OTHER_1-U_PROCUREMENT_JustificationBook_Army_PB_2017.zzz_unzipped-U_PROCUREMENT_JustificationBook_Army_PB_2017.xml","419cc7e6796fce0e404e3fd1565ad6d43e728e42a9b2c8e98eb0df751aaf2d01","4-7dd550341fc767ed45ce6ca65775f2b019123f5db2c294b4e7990ca9d35bfcea","0-bf4b81b532f7137afd94998fa5b5ca3307434038aead236fc7fbd8b24bddd601","root.record.ItemExhibitList.P5Item.CostElementCategoryList.Flyaway.Recurring.CostElementList.CostElement"
"--MTV LWB Cargo w/MHE M1086","","","","","","","9","","","","","","1.931","","","","","","214.556","","","","","","2017-BASE_PROCUREMENT-2017-ARMY_OTHER_1-U_PROCUREMENT_JustificationBook_Army_PB_2017.zzz_unzipped-U_PROCUREMENT_JustificationBook_Army_PB_2017.xml","419cc7e6796fce0e404e3fd1565ad6d43e728e42a9b2c8e98eb0df751aaf2d01","5-f974cc37617d33c634608804e17972ebf18dcaaca8f3106f0df8357b56be123e","0-bf4b81b532f7137afd94998fa5b5ca3307434038aead236fc7fbd8b24bddd601","root.record.ItemExhibitList.P5Item.CostElementCategoryList.Flyaway.Recurring.CostElementList.CostElement"
"--MTV 10 Ton Dump M1157","","","","","","","825","","23","","","","147.659","","5.749","","","","178.981","","249.957","","","","2017-BASE_PROCUREMENT-2017-ARMY_OTHER_1-U_PROCUREMENT_JustificationBook_Army_PB_2017.zzz_unzipped-U_PROCUREMENT_JustificationBook_Army_PB_2017.xml","419cc7e6796fce0e404e3fd1565ad6d43e728e42a9b2c8e98eb0df751aaf2d01","6-5532afce980cf890b1c16b3a89411f62ddaf218389680340de1202b07c07eb5d","0-bf4b81b532f7137afd94998fa5b5ca3307434038aead236fc7fbd8b24bddd601","root.record.ItemExhibitList.P5Item.CostElementCategoryList.Flyaway.Recurring.CostElementList.CostElement"
"--MTV 10 Ton Dump M1157 w/winch","","","","","","","818","","","","","","306.397","","","","","","374.568","","","","","","2017-BASE_PROCUREMENT-2017-ARMY_OTHER_1-U_PROCUREMENT_JustificationBook_Army_PB_2017.zzz_unzipped-U_PROCUREMENT_JustificationBook_Army_PB_2017.xml","419cc7e6796fce0e404e3fd1565ad6d43e728e42a9b2c8e98eb0df751aaf2d01","7-10c10c835e2f9ed0ee2f8a5f98e2ac583f1ee6fc8c82758e1b6908c63a73cfde","0-bf4b81b532f7137afd94998fa5b5ca3307434038aead236fc7fbd8b24bddd601","root.record.ItemExhibitList.P5Item.CostElementCategoryList.Flyaway.Recurring.CostElementList.CostElement"
"--MTV Tractor M1088","","","","","","","1722","55","241","","297","297","547.991","11.2","51.352","","62.498","62.498","318.229","203.636","213.079","","210.431","210.431","2017-BASE_PROCUREMENT-2017-ARMY_OTHER_1-U_PROCUREMENT_JustificationBook_Army_PB_2017.zzz_unzipped-U_PROCUREMENT_JustificationBook_Army_PB_2017.xml","419cc7e6796fce0e404e3fd1565ad6d43e728e42a9b2c8e98eb0df751aaf2d01","8-317ce820ad5b490860e7ed04c427019079ab193240d3d023701e45d5cfc65a2d","0-bf4b81b532f7137afd94998fa5b5ca3307434038aead236fc7fbd8b24bddd601","root.record.ItemExhibitList.P5Item.CostElementCategoryList.Flyaway.Recurring.CostElementList.CostElement"
"--MTV Wrecker M1089","","","","","","","269","16","36","","77","77","195.014","7.308","17.172","","36.342","36.342","724.959","456.75","477","","471.974","471.974","2017-BASE_PROCUREMENT-2017-ARMY_OTHER_1-U_PROCUREMENT_JustificationBook_Army_PB_2017.zzz_unzipped-U_PROCUREMENT_JustificationBook_Army_PB_2017.xml","419cc7e6796fce0e404e3fd1565ad6d43e728e42a9b2c8e98eb0df751aaf2d01","9-c4d0a3d76f485c5138ee4ab33444225eae84d5e9c6a58d314038547680d60e3c","0-bf4b81b532f7137afd94998fa5b5ca3307434038aead236fc7fbd8b24bddd601","root.record.ItemExhibitList.P5Item.CostElementCategoryList.Flyaway.Recurring.CostElementList.CostElement"
"--MTV Expansible Van M1087","","","","","","","1183","","8","","11","11","775.55","","3.638","","4.923","4.923","655.579","","454.75","","447.545","447.545","2017-BASE_PROCUREMENT-2017-ARMY_OTHER_1-U_PROCUREMENT_JustificationBook_Army_PB_2017.zzz_unzipped-U_PROCUREMENT_JustificationBook_Army_PB_2017.xml","419cc7e6796fce0e404e3fd1565ad6d43e728e42a9b2c8e98eb0df751aaf2d01","10-ec2562b00c515d3924d9b7ae2149dc56c15506ef0c8c69f5f728900f532dc8a0","0-bf4b81b532f7137afd94998fa5b5ca3307434038aead236fc7fbd8b24bddd601","root.record.ItemExhibitList.P5Item.CostElementCategoryList.Flyaway.Recurring.CostElementList.CostElement"
"--MTV LHS M1148","","","","","","","17","","","","","","3.909","","","","","","229.941","","","","","","2017-BASE_PROCUREMENT-2017-ARMY_OTHER_1-U_PROCUREMENT_JustificationBook_Army_PB_2017.zzz_unzipped-U_PROCUREMENT_JustificationBook_Army_PB_2017.xml","419cc7e6796fce0e404e3fd1565ad6d43e728e42a9b2c8e98eb0df751aaf2d01","11-ebe1cdc359b0ac0aa1d948c42f0f0ab2ff90ba7c791c1e7de2e56545e0c46cdb","0-bf4b81b532f7137afd94998fa5b5ca3307434038aead236fc7fbd8b24bddd601","root.record.ItemExhibitList.P5Item.CostElementCategoryList.Flyaway.Recurring.CostElementList.CostElement"
"Hardware (TROJAN)","","","","","","","57","5","9","5","10","15","177.408","5.401","11.815","7.085","14.982","22.067","3112.421","1080.2","1312.778","1417","1498.2","1471.133","2018-BASE_PROCUREMENT-2018-ARMY_OTHER_2-U_PROCUREMENT_JustificationBook_Army_PB_2018.zzz_unzipped-U_PROCUREMENT_JustificationBook_Army_PB_2018.xml","c4f5a51865bea350e77dd53e1fc355ee03f3ae87fc07b6bb32b4ed26f1f4d9b7","0-75886aa5fac185e0e5c0f17d0e93e06ee7a9a0b214ea795fb4675f10c9b1c397","0-4dff5a5b7e4baeb602ef2e700549e634ec01f5536c40f5b2a172e9493b083ed9","root.record.ItemExhibitList.P5Item.CostElementCategoryList.Flyaway.Recurring.CostElementList.CostElement"
"Hardware (JMICS)","","","","","","","","","","","2","2","","","","","5.2","5.2","","","","","2600","2600","2018-BASE_PROCUREMENT-2018-ARMY_OTHER_2-U_PROCUREMENT_JustificationBook_Army_PB_2018.zzz_unzipped-U_PROCUREMENT_JustificationBook_Army_PB_2018.xml","c4f5a51865bea350e77dd53e1fc355ee03f3ae87fc07b6bb32b4ed26f1f4d9b7","1-a4f1aff5e32edb246df5fb719c33ad8164c54ed5bbf2d5da53f62bfdab280ad2","0-4dff5a5b7e4baeb602ef2e700549e634ec01f5536c40f5b2a172e9493b083ed9","root.record.ItemExhibitList.P5Item.CostElementCategoryList.Flyaway.Recurring.CostElementList.CostElement"
"--MTV Cargo M1083","","","","","","","4020","257","331","9","","9","615.151","54.025","69.365","1.923","","1.923","153.023","210.214","209.562","213.667","","213.667","2018-BASE_PROCUREMENT-2018-ARMY_OTHER_1-U_PROCUREMENT_JustificationBook_Army_PB_2018.zzz_unzipped-U_PROCUREMENT_JustificationBook_Army_PB_2018.xml","fab7bc17bb92a85b68d89dc6f4b2d5407c231aadd2a31215727d47fb39bc0f06","0-c724bc4d439ff2514747a040cf68ddd7ba4e4ec3a55cf9ebc558640a5ce98953","0-487db7ed10a637cf544a77d83b5f2b4e9b80da5b3d821bef3176f5f25fb9cdff","root.record.ItemExhibitList.P5Item.CostElementCategoryList.Flyaway.Recurring.CostElementList.CostElement"
"--MTV Cargo w/winch M1083","","","","","","","887","","","","","","140.917","","","","","","158.869","","","","","","2018-BASE_PROCUREMENT-2018-ARMY_OTHER_1-U_PROCUREMENT_JustificationBook_Army_PB_2018.zzz_unzipped-U_PROCUREMENT_JustificationBook_Army_PB_2018.xml","fab7bc17bb92a85b68d89dc6f4b2d5407c231aadd2a31215727d47fb39bc0f06","1-fafbd93f2d601e46cfb820c24f5e40abea9a113e564568952d28f2d41dc44c0f","0-487db7ed10a637cf544a77d83b5f2b4e9b80da5b3d821bef3176f5f25fb9cdff","root.record.ItemExhibitList.P5Item.CostElementCategoryList.Flyaway.Recurring.CostElementList.CostElement"
"--MTV Cargo-Long Wheel Base (LWB) M1085","","","","","","","1444","219","","","","","444.347","46.833","","","","","307.72","213.849","","","","","2018-BASE_PROCUREMENT-2018-ARMY_OTHER_1-U_PROCUREMENT_JustificationBook_Army_PB_2018.zzz_unzipped-U_PROCUREMENT_JustificationBook_Army_PB_2018.xml","fab7bc17bb92a85b68d89dc6f4b2d5407c231aadd2a31215727d47fb39bc0f06","2-fd1cbd1d502333edce902fc84f6d111dfb0c485f417483d71c9281df6b3eeb89","0-487db7ed10a637cf544a77d83b5f2b4e9b80da5b3d821bef3176f5f25fb9cdff","root.record.ItemExhibitList.P5Item.CostElementCategoryList.Flyaway.Recurring.CostElementList.CostElement"
"--MTV Cargo-LWB w/winch M1085","","","","","","","65","","","","","","10.563","","","","","","162.508","","","","","","2018-BASE_PROCUREMENT-2018-ARMY_OTHER_1-U_PROCUREMENT_JustificationBook_Army_PB_2018.zzz_unzipped-U_PROCUREMENT_JustificationBook_Army_PB_2018.xml","fab7bc17bb92a85b68d89dc6f4b2d5407c231aadd2a31215727d47fb39bc0f06","3-a2df8eeaeafd1a823b49bf10ed249a11f198fe00f8080dc5d5c6a75a05dc4bc0","0-487db7ed10a637cf544a77d83b5f2b4e9b80da5b3d821bef3176f5f25fb9cdff","root.record.ItemExhibitList.P5Item.CostElementCategoryList.Flyaway.Recurring.CostElementList.CostElement"
"--MTV Cargo MHE M1084","","","","","","","325","3","221","2","","2","123.005","0.869","64.003","0.591","","0.591","378.477","289.667","289.606","295.5","","295.5","2018-BASE_PROCUREMENT-2018-ARMY_OTHER_1-U_PROCUREMENT_JustificationBook_Army_PB_2018.zzz_unzipped-U_PROCUREMENT_JustificationBook_Army_PB_2018.xml","fab7bc17bb92a85b68d89dc6f4b2d5407c231aadd2a31215727d47fb39bc0f06","4-bb6980655a93f56cd50426b7687f9ee4335d981d66336cefe2b61d4f0d7ec547","0-487db7ed10a637cf544a77d83b5f2b4e9b80da5b3d821bef3176f5f25fb9cdff","root.record.ItemExhibitList.P5Item.CostElementCategoryList.Flyaway.Recurring.CostElementList.CostElement"
"--MTV LWB Cargo w/MHE M1086","","","","","","","9","","","","","","1.931","","","","","","214.556","","","","","","2018-BASE_PROCUREMENT-2018-ARMY_OTHER_1-U_PROCUREMENT_JustificationBook_Army_PB_2018.zzz_unzipped-U_PROCUREMENT_JustificationBook_Army_PB_2018.xml","fab7bc17bb92a85b68d89dc6f4b2d5407c231aadd2a31215727d47fb39bc0f06","5-797004b2101b663d6f257c915d11cccdb1e65759e508ed774ab850b9f298e936","0-487db7ed10a637cf544a77d83b5f2b4e9b80da5b3d821bef3176f5f25fb9cdff","root.record.ItemExhibitList.P5Item.CostElementCategoryList.Flyaway.Recurring.CostElementList.CostElement"
"--MTV 10 Ton Dump M1157","","","","","","","827","23","","","","","148.135","5.749","","","","","179.123","249.957","","","","","2018-BASE_PROCUREMENT-2018-ARMY_OTHER_1-U_PROCUREMENT_JustificationBook_Army_PB_2018.zzz_unzipped-U_PROCUREMENT_JustificationBook_Army_PB_2018.xml","fab7bc17bb92a85b68d89dc6f4b2d5407c231aadd2a31215727d47fb39bc0f06","6-de1c4b90b23baa99bf920e2a90044f32ee66f17e9da6d07c1d7a390275e3c83d","0-487db7ed10a637cf544a77d83b5f2b4e9b80da5b3d821bef3176f5f25fb9cdff","root.record.ItemExhibitList.P5Item.CostElementCategoryList.Flyaway.Recurring.CostElementList.CostElement"
"--MTV 10 Ton Dump M1157 w/winch","","","","","","","820","","","","","","306.899","","","","","","374.267","","","","","","2018-BASE_PROCUREMENT-2018-ARMY_OTHER_1-U_PROCUREMENT_JustificationBook_Army_PB_2018.zzz_unzipped-U_PROCUREMENT_JustificationBook_Army_PB_2018.xml","fab7bc17bb92a85b68d89dc6f4b2d5407c231aadd2a31215727d47fb39bc0f06","7-468455deea78eea8c558393ae5d140ab5d02ca1db441f2abef7e0a2139de9950","0-487db7ed10a637cf544a77d83b5f2b4e9b80da5b3d821bef3176f5f25fb9cdff","root.record.ItemExhibitList.P5Item.CostElementCategoryList.Flyaway.Recurring.CostElementList.CostElement"
"--MTV Tractor M1088","","","","","","","1855","241","516","9","","9","571.159","51.352","108.232","1.925","","1.925","307.902","213.079","209.752","213.889","","213.889","2018-BASE_PROCUREMENT-2018-ARMY_OTHER_1-U_PROCUREMENT_JustificationBook_Army_PB_2018.zzz_unzipped-U_PROCUREMENT_JustificationBook_Army_PB_2018.xml","fab7bc17bb92a85b68d89dc6f4b2d5407c231aadd2a31215727d47fb39bc0f06","8-bfcedba7a0f17f0989171edd9d16360f271b63f5163a0ac3d9f82949b3b516ef","0-487db7ed10a637cf544a77d83b5f2b4e9b80da5b3d821bef3176f5f25fb9cdff","root.record.ItemExhibitList.P5Item.CostElementCategoryList.Flyaway.Recurring.CostElementList.CostElement"
"--MTV Wrecker M1089","","","","","","","347","36","","","","","225.661","17.172","","","","","650.32","477","","","","","2018-BASE_PROCUREMENT-2018-ARMY_OTHER_1-U_PROCUREMENT_JustificationBook_Army_PB_2018.zzz_unzipped-U_PROCUREMENT_JustificationBook_Army_PB_2018.xml","fab7bc17bb92a85b68d89dc6f4b2d5407c231aadd2a31215727d47fb39bc0f06","9-afb990675f2858b883f4a71515e0b279d1365ab14ed5108aa2e2dbf648800335","0-487db7ed10a637cf544a77d83b5f2b4e9b80da5b3d821bef3176f5f25fb9cdff","root.record.ItemExhibitList.P5Item.CostElementCategoryList.Flyaway.Recurring.CostElementList.CostElement"
"--MTV Expansible Van M1087","","","","","","","1195","8","","","","","780.747","3.638","","","","","653.345","454.75","","","","","2018-BASE_PROCUREMENT-2018-ARMY_OTHER_1-U_PROCUREMENT_JustificationBook_Army_PB_2018.zzz_unzipped-U_PROCUREMENT_JustificationBook_Army_PB_2018.xml","fab7bc17bb92a85b68d89dc6f4b2d5407c231aadd2a31215727d47fb39bc0f06","10-0f44d10b3afce6005f6f3eff1f995d3ab80c248785e591644a22b6fbb84f60d4","0-487db7ed10a637cf544a77d83b5f2b4e9b80da5b3d821bef3176f5f25fb9cdff","root.record.ItemExhibitList.P5Item.CostElementCategoryList.Flyaway.Recurring.CostElementList.CostElement"
"--MTV LHS M1148","","","","","","","52","","","17","","17","14.272","","","5.903","","5.903","274.462","","","347.235","","347.235","2018-BASE_PROCUREMENT-2018-ARMY_OTHER_1-U_PROCUREMENT_JustificationBook_Army_PB_2018.zzz_unzipped-U_PROCUREMENT_JustificationBook_Army_PB_2018.xml","fab7bc17bb92a85b68d89dc6f4b2d5407c231aadd2a31215727d47fb39bc0f06","11-bd59de84385010dfb3f392d82418b4ec9e28f1de37b0cc304a2b0982c0d4094c","0-487db7ed10a637cf544a77d83b5f2b4e9b80da5b3d821bef3176f5f25fb9cdff","root.record.ItemExhibitList.P5Item.CostElementCategoryList.Flyaway.Recurring.CostElementList.CostElement"
"AN/TSQ-226B(V)1 Phase 3 Kits","","","","","","","","27","","24","","24","","4.609","","4.092","","4.092","","170.704","","170.5","","170.5","2019-BASE_PROCUREMENT-2019-ARMY_OTHER_2-U_PROCUREMENT_JustificationBook_Army_PB_2019.zzz_unzipped-U_PROCUREMENT_JustificationBook_Army_PB_2019.xml","97ae88ad5c2d10747b9c391cd8a0eb186ef33e8a38621deaa502fb7ad5815e80","0-54967baaba52169a5c4c4363a54972831de40ffc89ec069b93486caf7bfb5282","0-4506d8e071c4810a50c79129693e6d55fc237b9c246c19e5266688b41fd3985b","root.record.ItemExhibitList.P5Item.CostElementCategoryList.Flyaway.Recurring.CostElementList.CostElement"
"AN/TSQ-226B(V)1 Phase 3 Kits Spares (RSC)","","","","","","","","7","","","","","","1.073","","","","","","153.286","","","","","2019-BASE_PROCUREMENT-2019-ARMY_OTHER_2-U_PROCUREMENT_JustificationBook_Army_PB_2019.zzz_unzipped-U_PROCUREMENT_JustificationBook_Army_PB_2019.xml","97ae88ad5c2d10747b9c391cd8a0eb186ef33e8a38621deaa502fb7ad5815e80","1-5a4fa76ee0c4a7c5b533a53734a522b78d0a051851a8fbedba41f4f470815334","0-4506d8e071c4810a50c79129693e6d55fc237b9c246c19e5266688b41fd3985b","root.record.ItemExhibitList.P5Item.CostElementCategoryList.Flyaway.Recurring.CostElementList.CostElement"
"AN/TSQ-226B/C(V)2/3 Phase 3 Kits","","","","","","","","1","8","","","","","0.09","0.716","","","","","90","89.5","","","","2019-BASE_PROCUREMENT-2019-ARMY_OTHER_2-U_PROCUREMENT_JustificationBook_Army_PB_2019.zzz_unzipped-U_PROCUREMENT_JustificationBook_Army_PB_2019.xml","97ae88ad5c2d10747b9c391cd8a0eb186ef33e8a38621deaa502fb7ad5815e80","2-c16edaf37059a8e2f059dcbd0dee04b360335cae08366e897db3e66057a691d1","0-4506d8e071c4810a50c79129693e6d55fc237b9c246c19e5266688b41fd3985b","root.record.ItemExhibitList.P5Item.CostElementCategoryList.Flyaway.Recurring.CostElementList.CostElement"
"T-JWICS VTC Suite Upgrades","","","","","","","","","19","61","","61","","","0.786","2.523","","2.523","","","41.368","41.361","","41.361","2019-BASE_PROCUREMENT-2019-ARMY_OTHER_2-U_PROCUREMENT_JustificationBook_Army_PB_2019.zzz_unzipped-U_PROCUREMENT_JustificationBook_Army_PB_2019.xml","97ae88ad5c2d10747b9c391cd8a0eb186ef33e8a38621deaa502fb7ad5815e80","3-f63ce7d9105f4ec9486e892f7f3017c89231925c37a7896110a55264e132dd72","0-4506d8e071c4810a50c79129693e6d55fc237b9c246c19e5266688b41fd3985b","root.record.ItemExhibitList.P5Item.CostElementCategoryList.Flyaway.Recurring.CostElementList.CostElement"
"T-JWICS VTC Suite Spares (RSC)","","","","","","","","","14","","","","","","0.638","","","","","","45.571","","","","2019-BASE_PROCUREMENT-2019-ARMY_OTHER_2-U_PROCUREMENT_JustificationBook_Army_PB_2019.zzz_unzipped-U_PROCUREMENT_JustificationBook_Army_PB_2019.xml","97ae88ad5c2d10747b9c391cd8a0eb186ef33e8a38621deaa502fb7ad5815e80","4-3d21d38e9dcf58e84b2149564a151b6ef4df2726a23d9e2c6286aa8cab53f02d","0-4506d8e071c4810a50c79129693e6d55fc237b9c246c19e5266688b41fd3985b","root.record.ItemExhibitList.P5Item.CostElementCategoryList.Flyaway.Recurring.CostElementList.CostElement"
"iDirect Modems","","","","","","","","","88","106","","106","","","1.936","2.332","","2.332","","","22","22","","22","2019-BASE_PROCUREMENT-2019-ARMY_OTHER_2-U_PROCUREMENT_JustificationBook_Army_PB_2019.zzz_unzipped-U_PROCUREMENT_JustificationBook_Army_PB_2019.xml","97ae88ad5c2d10747b9c391cd8a0eb186ef33e8a38621deaa502fb7ad5815e80","5-f2c8bd09bfd2fbb61edf0891c02d37a96daf28eadc57c23ee70ddf74cd80df2b","0-4506d8e071c4810a50c79129693e6d55fc237b9c246c19e5266688b41fd3985b","root.record.ItemExhibitList.P5Item.CostElementCategoryList.Flyaway.Recurring.CostElementList.CostElement"
"iDirect Modems - Spares (RSC)","","","","","","","","","14","","","","","","0.308","","","","","","22","","","","2019-BASE_PROCUREMENT-2019-ARMY_OTHER_2-U_PROCUREMENT_JustificationBook_Army_PB_2019.zzz_unzipped-U_PROCUREMENT_JustificationBook_Army_PB_2019.xml","97ae88ad5c2d10747b9c391cd8a0eb186ef33e8a38621deaa502fb7ad5815e80","6-038e2db314d6762fc09b37986b55e7eae3e9ed5c4ca01429f9c4a1813b435e87","0-4506d8e071c4810a50c79129693e6d55fc237b9c246c19e5266688b41fd3985b","root.record.ItemExhibitList.P5Item.CostElementCategoryList.Flyaway.Recurring.CostElementList.CostElement"
"Hardware (Previous Years)","","","","","","","473","","","","","","143.821","","","","","","304.061","","","","","","2019-BASE_PROCUREMENT-2019-ARMY_OTHER_2-U_PROCUREMENT_JustificationBook_Army_PB_2019.zzz_unzipped-U_PROCUREMENT_JustificationBook_Army_PB_2019.xml","97ae88ad5c2d10747b9c391cd8a0eb186ef33e8a38621deaa502fb7ad5815e80","7-7ebc0ce932bbf15cf370a7d95558213582c2c1513fb9e24a4c46a79d09ccfc4c","0-4506d8e071c4810a50c79129693e6d55fc237b9c246c19e5266688b41fd3985b","root.record.ItemExhibitList.P5Item.CostElementCategoryList.Flyaway.Recurring.CostElementList.CostElement"
"Hardware & Integration - RAM Warn EDI","","","","","","","","80","","","","","","4.27","","","","","","53.375","","","","","2019-BASE_PROCUREMENT-2019-ARMY_OTHER_2-U_PROCUREMENT_JustificationBook_Army_PB_2019.zzz_unzipped-U_PROCUREMENT_JustificationBook_Army_PB_2019.xml","2cbbc5957071eb4fa35225fd174f9cfb39318ddf966df8ff502f7f8a74cad756","0-0feb0c5f063f4a5f0cd103ad41fcfaceaf71247968fbd73df8ded635ec9986d5","0-82445e36310f3fca5de739fed6a8c52dbe5759d2a478f862af456bb5969ed34f","root.record.ItemExhibitList.P5Item.CostElementCategoryList.Flyaway.Recurring.CostElementList.CostElement"
"Hardware & Integration - RAM Warn BCT Secure Comms","","","","","","","890","510","270","84","","84","87.223","30.767","9.385","3.583","","3.583","98.003","60.327","34.759","42.655","","42.655","2019-BASE_PROCUREMENT-2019-ARMY_OTHER_2-U_PROCUREMENT_JustificationBook_Army_PB_2019.zzz_unzipped-U_PROCUREMENT_JustificationBook_Army_PB_2019.xml","2cbbc5957071eb4fa35225fd174f9cfb39318ddf966df8ff502f7f8a74cad756","1-a3b157addd8230b6b8e4dee99e9c7857249c1a6cfbb64a22f51fd7ae98d2334c","0-82445e36310f3fca5de739fed6a8c52dbe5759d2a478f862af456bb5969ed34f","root.record.ItemExhibitList.P5Item.CostElementCategoryList.Flyaway.Recurring.CostElementList.CostElement"
"--LMTV Cargo M1078","","","","","","","2037","184","","161","","161","311.426","34.88","","34.78","","34.78","152.885","189.565","","216.025","","216.025","2019-BASE_PROCUREMENT-2019-ARMY_OTHER_1-U_PROCUREMENT_JustificationBook_Army_PB_2019.zzz_unzipped-U_PROCUREMENT_JustificationBook_Army_PB_2019.xml","ac1e9ae767b07b32048acff2227cba4c7a4135bf6613b6d72ba5ffbdf00c37b0","0-6d730545a66d57273daab6bd45a5ecf608b61aad8d26e149297f88db8fa2b826","0-5b8ff2e71f5000cf45fc3df4841d485ee2f4bcc95dd537af22c385f8147919ae","root.record.ItemExhibitList.P5Item.CostElementCategoryList.Flyaway.Recurring.CostElementList.CostElement"
"--LMTV Cargo W/W M1078","","","","","","","101","","","","","","14.724","","","","","","145.782","","","","","","2019-BASE_PROCUREMENT-2019-ARMY_OTHER_1-U_PROCUREMENT_JustificationBook_Army_PB_2019.zzz_unzipped-U_PROCUREMENT_JustificationBook_Army_PB_2019.xml","ac1e9ae767b07b32048acff2227cba4c7a4135bf6613b6d72ba5ffbdf00c37b0","1-feffa0a7a9e2ea79329a5e4eb0c1b0b077a1d894c4e50572757a92b45c444166","0-5b8ff2e71f5000cf45fc3df4841d485ee2f4bcc95dd537af22c385f8147919ae","root.record.ItemExhibitList.P5Item.CostElementCategoryList.Flyaway.Recurring.CostElementList.CostElement"
"--LMTV Van M1079","","","","","","","189","","","9","","9","38.887","","","2.854","","2.854","205.751","","","317.111","","317.111","2019-BASE_PROCUREMENT-2019-ARMY_OTHER_1-U_PROCUREMENT_JustificationBook_Army_PB_2019.zzz_unzipped-U_PROCUREMENT_JustificationBook_Army_PB_2019.xml","ac1e9ae767b07b32048acff2227cba4c7a4135bf6613b6d72ba5ffbdf00c37b0","2-0139c650f2a7a34d725e4e49f6acb3139b146da65e06a0420acc087ac53138f5","0-5b8ff2e71f5000cf45fc3df4841d485ee2f4bcc95dd537af22c385f8147919ae","root.record.ItemExhibitList.P5Item.CostElementCategoryList.Flyaway.Recurring.CostElementList.CostElement"
"--MTV Cargo M1083","","","","","","","4374","331","9","112","","112","686.33","69.365","1.923","26.061","","26.061","156.911","209.562","213.667","232.688","","232.688","2019-BASE_PROCUREMENT-2019-ARMY_OTHER_1-U_PROCUREMENT_JustificationBook_Army_PB_2019.zzz_unzipped-U_PROCUREMENT_JustificationBook_Army_PB_2019.xml","ac1e9ae767b07b32048acff2227cba4c7a4135bf6613b6d72ba5ffbdf00c37b0","0-b50dfde65178c5215bf97b474aecc57287450acc962845fdb538337c9a1b0b1f","0-a626bf95744fe3894e335d69cd09221320a1f4f536a43b9eb775a99fdb3a7bb5","root.record.ItemExhibitList.P5Item.CostElementCategoryList.Flyaway.Recurring.CostElementList.CostElement"
"--MTV Cargo w/winch M1083","","","","","","","887","","","","","","140.917","","","","","","158.869","","","","","","2019-BASE_PROCUREMENT-2019-ARMY_OTHER_1-U_PROCUREMENT_JustificationBook_Army_PB_2019.zzz_unzipped-U_PROCUREMENT_JustificationBook_Army_PB_2019.xml","ac1e9ae767b07b32048acff2227cba4c7a4135bf6613b6d72ba5ffbdf00c37b0","1-a79dabd4bfb938460557016bd4a65d4cedc87a08e00e60c6af01ec36479daf4e","0-a626bf95744fe3894e335d69cd09221320a1f4f536a43b9eb775a99fdb3a7bb5","root.record.ItemExhibitList.P5Item.CostElementCategoryList.Flyaway.Recurring.CostElementList.CostElement"
"--MTV Cargo MHE M1084","","","","","","","358","221","2","13","","13","132.156","64.003","0.591","4.392","","4.392","369.151","289.606","295.5","337.846","","337.846","2019-BASE_PROCUREMENT-2019-ARMY_OTHER_1-U_PROCUREMENT_JustificationBook_Army_PB_2019.zzz_unzipped-U_PROCUREMENT_JustificationBook_Army_PB_2019.xml","ac1e9ae767b07b32048acff2227cba4c7a4135bf6613b6d72ba5ffbdf00c37b0","2-2e552e7b064b73084ce4e928eaee8616556f8cfacd35aa3114d4abc68a0543b8","0-a626bf95744fe3894e335d69cd09221320a1f4f536a43b9eb775a99fdb3a7bb5","root.record.ItemExhibitList.P5Item.CostElementCategoryList.Flyaway.Recurring.CostElementList.CostElement"
"--MTV Cargo-Long Wheel Base (LWB) M1085","","","","","","","1473","","","13","","13","450.278","","","2.996","","2.996","305.688","","","230.462","","230.462","2019-BASE_PROCUREMENT-2019-ARMY_OTHER_1-U_PROCUREMENT_JustificationBook_Army_PB_2019.zzz_unzipped-U_PROCUREMENT_JustificationBook_Army_PB_2019.xml","ac1e9ae767b07b32048acff2227cba4c7a4135bf6613b6d72ba5ffbdf00c37b0","3-e0c7c1bcdd71cb79ef0931de37c0668935812892301b92b385a034f27e52f332","0-a626bf95744fe3894e335d69cd09221320a1f4f536a43b9eb775a99fdb3a7bb5","root.record.ItemExhibitList.P5Item.CostElementCategoryList.Flyaway.Recurring.CostElementList.CostElement"
"--MTV Cargo-LWB w/winch M1085","","","","","","","65","","","","","","10.563","","","","","","162.508","","","","","","2019-BASE_PROCUREMENT-2019-ARMY_OTHER_1-U_PROCUREMENT_JustificationBook_Army_PB_2019.zzz_unzipped-U_PROCUREMENT_JustificationBook_Army_PB_2019.xml","ac1e9ae767b07b32048acff2227cba4c7a4135bf6613b6d72ba5ffbdf00c37b0","4-7b9a582cce2b36d55f8e4d1c24c71dd9395ba51bdd44b81f834a2197ba7a9c3c","0-a626bf95744fe3894e335d69cd09221320a1f4f536a43b9eb775a99fdb3a7bb5","root.record.ItemExhibitList.P5Item.CostElementCategoryList.Flyaway.Recurring.CostElementList.CostElement"
"--MTV LWB Cargo w/MHE M1086","","","","","","","9","","","","","","1.931","","","","","","214.556","","","","","","2019-BASE_PROCUREMENT-2019-ARMY_OTHER_1-U_PROCUREMENT_JustificationBook_Army_PB_2019.zzz_unzipped-U_PROCUREMENT_JustificationBook_Army_PB_2019.xml","ac1e9ae767b07b32048acff2227cba4c7a4135bf6613b6d72ba5ffbdf00c37b0","5-0cf36ea1efae2d89b9e163aa6aad2072645db909f769c608ddce482694de5a65","0-a626bf95744fe3894e335d69cd09221320a1f4f536a43b9eb775a99fdb3a7bb5","root.record.ItemExhibitList.P5Item.CostElementCategoryList.Flyaway.Recurring.CostElementList.CostElement"
"--MTV Expansible Van M1087","","","","","","","1195","","","17","","17","780.747","","","9.042","","9.042","653.345","","","531.882","","531.882","2019-BASE_PROCUREMENT-2019-ARMY_OTHER_1-U_PROCUREMENT_JustificationBook_Army_PB_2019.zzz_unzipped-U_PROCUREMENT_JustificationBook_Army_PB_2019.xml","ac1e9ae767b07b32048acff2227cba4c7a4135bf6613b6d72ba5ffbdf00c37b0","6-efd9bd5f3c75a92485c987c248bae27f0dff731b18ae7e18e32afd4ddfa82ec3","0-a626bf95744fe3894e335d69cd09221320a1f4f536a43b9eb775a99fdb3a7bb5","root.record.ItemExhibitList.P5Item.CostElementCategoryList.Flyaway.Recurring.CostElementList.CostElement"
"--MTV Tractor M1088","","","","","","","1910","516","9","52","","52","582.359","108.232","1.925","12.193","","12.193","304.9","209.752","213.889","234.481","","234.481","2019-BASE_PROCUREMENT-2019-ARMY_OTHER_1-U_PROCUREMENT_JustificationBook_Army_PB_2019.zzz_unzipped-U_PROCUREMENT_JustificationBook_Army_PB_2019.xml","ac1e9ae767b07b32048acff2227cba4c7a4135bf6613b6d72ba5ffbdf00c37b0","7-cb36161beab54687bca1670818537ade8d7aa49c26720fcbc14ff8c48d953d8c","0-a626bf95744fe3894e335d69cd09221320a1f4f536a43b9eb775a99fdb3a7bb5","root.record.ItemExhibitList.P5Item.CostElementCategoryList.Flyaway.Recurring.CostElementList.CostElement"
"--MTV Wrecker M1089","","","","","","","363","","","8","","8","232.969","","","3.673","","3.673","641.788","","","459.125","","459.125","2019-BASE_PROCUREMENT-2019-ARMY_OTHER_1-U_PROCUREMENT_JustificationBook_Army_PB_2019.zzz_unzipped-U_PROCUREMENT_JustificationBook_Army_PB_2019.xml","ac1e9ae767b07b32048acff2227cba4c7a4135bf6613b6d72ba5ffbdf00c37b0","8-551508a566bf55cc0606e7fc426afe87c7e7a124b553e3c789eb1ceb7764c038","0-a626bf95744fe3894e335d69cd09221320a1f4f536a43b9eb775a99fdb3a7bb5","root.record.ItemExhibitList.P5Item.CostElementCategoryList.Flyaway.Recurring.CostElementList.CostElement"
"--MTV LHS M1148","","","","","","","52","","17","","","","14.272","","5.903","","","","274.462","","347.235","","","","2019-BASE_PROCUREMENT-2019-ARMY_OTHER_1-U_PROCUREMENT_JustificationBook_Army_PB_2019.zzz_unzipped-U_PROCUREMENT_JustificationBook_Army_PB_2019.xml","ac1e9ae767b07b32048acff2227cba4c7a4135bf6613b6d72ba5ffbdf00c37b0","9-eeddc177280d3b14c275fcb1285cbb5cd4be5fa40684227bd60bf903da539301","0-a626bf95744fe3894e335d69cd09221320a1f4f536a43b9eb775a99fdb3a7bb5","root.record.ItemExhibitList.P5Item.CostElementCategoryList.Flyaway.Recurring.CostElementList.CostElement"
"--MTV 10 Ton Dump M1157","","","","","","","827","","","","","","148.135","","","","","","179.123","","","","","","2019-BASE_PROCUREMENT-2019-ARMY_OTHER_1-U_PROCUREMENT_JustificationBook_Army_PB_2019.zzz_unzipped-U_PROCUREMENT_JustificationBook_Army_PB_2019.xml","ac1e9ae767b07b32048acff2227cba4c7a4135bf6613b6d72ba5ffbdf00c37b0","10-0d69c1fe837d6f61f9c4894a72e6ae9d163b5c6f211c58cb37d52cba9e01b38a","0-a626bf95744fe3894e335d69cd09221320a1f4f536a43b9eb775a99fdb3a7bb5","root.record.ItemExhibitList.P5Item.CostElementCategoryList.Flyaway.Recurring.CostElementList.CostElement"
"--MTV 10 Ton Dump M1157 w/winch","","","","","","","820","","","","","","306.899","","","","","","374.267","","","","","","2019-BASE_PROCUREMENT-2019-ARMY_OTHER_1-U_PROCUREMENT_JustificationBook_Army_PB_2019.zzz_unzipped-U_PROCUREMENT_JustificationBook_Army_PB_2019.xml","ac1e9ae767b07b32048acff2227cba4c7a4135bf6613b6d72ba5ffbdf00c37b0","11-70e8fed4f594cf2ceac20c56a6c93f60336d0c666c0a0b4524e77074e2d5451c","0-a626bf95744fe3894e335d69cd09221320a1f4f536a43b9eb775a99fdb3a7bb5","root.record.ItemExhibitList.P5Item.CostElementCategoryList.Flyaway.Recurring.CostElementList.CostElement"
"All configurations (FY 19 and prior)","","","","","","","171199","1205","1439","","","","3335.47","86.388","106.495","","","","19.483","71.691","74.006","","","","2020-BASE_PROCUREMENT-2020-ARMY_MISSLE-U_PROCUREMENT_JustificationBook_Army_PB_2020.zzz_unzipped-U_PROCUREMENT_JustificationBook_Army_PB_2020.xml","b6254689026733353150c6125748d60a95454d2a176dbcd63db3282dac87fbea","0-80a713c9fcd32e69aefa5583cc2177cbc97a00a7f3beabe014536fc06b2086c0","0-15bfcbd95941b62c00a199b72d18ae4171c37661161b3bfec732f11b7a08acb4","root.record.ItemExhibitList.P5Item.CostElementCategoryList.Flyaway.Recurring.CostElementList.CostElement"
"2B Aero","","","","","","","","","","","960","960","","","","","87.067","87.067","","","","","90.695","90.695","2020-BASE_PROCUREMENT-2020-ARMY_MISSLE-U_PROCUREMENT_JustificationBook_Army_PB_2020.zzz_unzipped-U_PROCUREMENT_JustificationBook_Army_PB_2020.xml","b6254689026733353150c6125748d60a95454d2a176dbcd63db3282dac87fbea","1-ba0b3b92197cb40b5afbe7088d766f0b6857cc4e2b9ee86a50b07ed70bc94e54","0-15bfcbd95941b62c00a199b72d18ae4171c37661161b3bfec732f11b7a08acb4","root.record.ItemExhibitList.P5Item.CostElementCategoryList.Flyaway.Recurring.CostElementList.CostElement"
"Bunker Buster","","","","","","","","","","","500","500","","","","","27.478","27.478","","","","","54.956","54.956","2020-BASE_PROCUREMENT-2020-ARMY_MISSLE-U_PROCUREMENT_JustificationBook_Army_PB_2020.zzz_unzipped-U_PROCUREMENT_JustificationBook_Army_PB_2020.xml","b6254689026733353150c6125748d60a95454d2a176dbcd63db3282dac87fbea","2-c468e33aca0083dfdd238a2b8a47aedc0962d60359d8367b9eb936b6f08e35f2","0-15bfcbd95941b62c00a199b72d18ae4171c37661161b3bfec732f11b7a08acb4","root.record.ItemExhibitList.P5Item.CostElementCategoryList.Flyaway.Recurring.CostElementList.CostElement"
"--LMTV Cargo M1078","","","","","","","2221","","188","44","","44","346.306","","40.962","10.61","","10.61","155.923","","217.883","241.136","","241.136","2020-BASE_PROCUREMENT-2020-ARMY_OTHER_1-U_PROCUREMENT_JustificationBook_Army_PB_2020.zzz_unzipped-U_PROCUREMENT_JustificationBook_Army_PB_2020.xml","c8741db84cb82dd2bbb465cffcc6d30a58f500d75ffc29fbb1598d4c6dbdad9d","0-0c89816bbdae3e36a44aa3e43c9807a1e2e17be810129c0bc6437872f9a8588f","0-a604cc8f0af99854fdaa96d5d4f6e2ba36c07be2f252cb565e38dea69f181b1b","root.record.ItemExhibitList.P5Item.CostElementCategoryList.Flyaway.Recurring.CostElementList.CostElement"
"--LMTV Cargo W/W M1078","","","","","","","101","","","","","","14.724","","","","","","145.782","","","","","","2020-BASE_PROCUREMENT-2020-ARMY_OTHER_1-U_PROCUREMENT_JustificationBook_Army_PB_2020.zzz_unzipped-U_PROCUREMENT_JustificationBook_Army_PB_2020.xml","c8741db84cb82dd2bbb465cffcc6d30a58f500d75ffc29fbb1598d4c6dbdad9d","1-a18b7fcfcb6598af254dadbdfeb1f18d63ce74f6a3659f0860649bbaa1ceff4f","0-a604cc8f0af99854fdaa96d5d4f6e2ba36c07be2f252cb565e38dea69f181b1b","root.record.ItemExhibitList.P5Item.CostElementCategoryList.Flyaway.Recurring.CostElementList.CostElement"
"--LMTV Van M1079","","","","","","","189","","","","","","38.887","","","","","","205.751","","","","","","2020-BASE_PROCUREMENT-2020-ARMY_OTHER_1-U_PROCUREMENT_JustificationBook_Army_PB_2020.zzz_unzipped-U_PROCUREMENT_JustificationBook_Army_PB_2020.xml","c8741db84cb82dd2bbb465cffcc6d30a58f500d75ffc29fbb1598d4c6dbdad9d","2-1d48e9f64b7181f8b30684d03adb8b921869068354d1eed5fea317a0539d093b","0-a604cc8f0af99854fdaa96d5d4f6e2ba36c07be2f252cb565e38dea69f181b1b","root.record.ItemExhibitList.P5Item.CostElementCategoryList.Flyaway.Recurring.CostElementList.CostElement"
"--MTV Cargo M1083","","","","","","","4705","","17","20","","20","755.695","","5.134","5.503","","5.503","160.615","","302","275.15","","275.15","2020-BASE_PROCUREMENT-2020-ARMY_OTHER_1-U_PROCUREMENT_JustificationBook_Army_PB_2020.zzz_unzipped-U_PROCUREMENT_JustificationBook_Army_PB_2020.xml","c8741db84cb82dd2bbb465cffcc6d30a58f500d75ffc29fbb1598d4c6dbdad9d","0-4b8adeb9b249faa5b103b96cfd109c06390628999f458fcae87ab6c8f19ae3b5","0-68929556673dcd7a78835abc8fe061bc14936282e3c1a5b9e47d66fce2a2e43c","root.record.ItemExhibitList.P5Item.CostElementCategoryList.Flyaway.Recurring.CostElementList.CostElement"
"--MTV Cargo w/winch M1083","","","","","","","887","","","","","","140.917","","","","","","158.869","","","","","","2020-BASE_PROCUREMENT-2020-ARMY_OTHER_1-U_PROCUREMENT_JustificationBook_Army_PB_2020.zzz_unzipped-U_PROCUREMENT_JustificationBook_Army_PB_2020.xml","c8741db84cb82dd2bbb465cffcc6d30a58f500d75ffc29fbb1598d4c6dbdad9d","1-2add2428f022c2e2abf769e7079a5e2d9061cf95fe3a23989c58b6129a96c0c0","0-68929556673dcd7a78835abc8fe061bc14936282e3c1a5b9e47d66fce2a2e43c","root.record.ItemExhibitList.P5Item.CostElementCategoryList.Flyaway.Recurring.CostElementList.CostElement"
"--MTV Cargo MHE M1084","","","","","","","579","103","8","4","","4","196.159","44.668","2.996","1.412","","1.412","338.789","433.67","374.5","353","","353","2020-BASE_PROCUREMENT-2020-ARMY_OTHER_1-U_PROCUREMENT_JustificationBook_Army_PB_2020.zzz_unzipped-U_PROCUREMENT_JustificationBook_Army_PB_2020.xml","c8741db84cb82dd2bbb465cffcc6d30a58f500d75ffc29fbb1598d4c6dbdad9d","2-5a753d9d76d45b9fabc951a9a7eefde3d056f10e846a3d069193e8ba03ed1aa1","0-68929556673dcd7a78835abc8fe061bc14936282e3c1a5b9e47d66fce2a2e43c","root.record.ItemExhibitList.P5Item.CostElementCategoryList.Flyaway.Recurring.CostElementList.CostElement"
"--MTV Cargo-Long Wheel Base (LWB) M1085","","","","","","","1473","","7","","","","450.278","","1.613","","","","305.688","","230.429","","","","2020-BASE_PROCUREMENT-2020-ARMY_OTHER_1-U_PROCUREMENT_JustificationBook_Army_PB_2020.zzz_unzipped-U_PROCUREMENT_JustificationBook_Army_PB_2020.xml","c8741db84cb82dd2bbb465cffcc6d30a58f500d75ffc29fbb1598d4c6dbdad9d","3-0cfa50d044c950910a17318bd8dfe8c79b377522bcf6b34c7bfbf3a49c34ab5c","0-68929556673dcd7a78835abc8fe061bc14936282e3c1a5b9e47d66fce2a2e43c","root.record.ItemExhibitList.P5Item.CostElementCategoryList.Flyaway.Recurring.CostElementList.CostElement"
"--MTV Cargo-LWB w/winch M1085","","","","","","","65","","","","","","10.563","","","","","","162.508","","","","","","2020-BASE_PROCUREMENT-2020-ARMY_OTHER_1-U_PROCUREMENT_JustificationBook_Army_PB_2020.zzz_unzipped-U_PROCUREMENT_JustificationBook_Army_PB_2020.xml","c8741db84cb82dd2bbb465cffcc6d30a58f500d75ffc29fbb1598d4c6dbdad9d","4-2687f5873901b303016be34544eaf1812a4f66feeb116627a630c2660a4a0035","0-68929556673dcd7a78835abc8fe061bc14936282e3c1a5b9e47d66fce2a2e43c","root.record.ItemExhibitList.P5Item.CostElementCategoryList.Flyaway.Recurring.CostElementList.CostElement"
"--MTV LWB Cargo w/MHE M1086","","","","","","","9","","","","","","1.931","","","","","","214.556","","","","","","2020-BASE_PROCUREMENT-2020-ARMY_OTHER_1-U_PROCUREMENT_JustificationBook_Army_PB_2020.zzz_unzipped-U_PROCUREMENT_JustificationBook_Army_PB_2020.xml","c8741db84cb82dd2bbb465cffcc6d30a58f500d75ffc29fbb1598d4c6dbdad9d","5-43ca824e35b5f333a8824484274b3636302a2bbda14ba0c218284a5c2c257bb0","0-68929556673dcd7a78835abc8fe061bc14936282e3c1a5b9e47d66fce2a2e43c","root.record.ItemExhibitList.P5Item.CostElementCategoryList.Flyaway.Recurring.CostElementList.CostElement"
"--MTV Expansible Van M1087","","","","","","","1195","","","","","","780.747","","","","","","653.345","","","","","","2020-BASE_PROCUREMENT-2020-ARMY_OTHER_1-U_PROCUREMENT_JustificationBook_Army_PB_2020.zzz_unzipped-U_PROCUREMENT_JustificationBook_Army_PB_2020.xml","c8741db84cb82dd2bbb465cffcc6d30a58f500d75ffc29fbb1598d4c6dbdad9d","6-515c0ae528de3c87c9363fe976ad9b180124d41675316fa5c4959adf6f9c2c90","0-68929556673dcd7a78835abc8fe061bc14936282e3c1a5b9e47d66fce2a2e43c","root.record.ItemExhibitList.P5Item.CostElementCategoryList.Flyaway.Recurring.CostElementList.CostElement"
"--MTV Tractor M1088","","","","","","","2426","","156","21","","21","690.591","","35.763","5.647","","5.647","284.662","","229.25","268.905","","268.905","2020-BASE_PROCUREMENT-2020-ARMY_OTHER_1-U_PROCUREMENT_JustificationBook_Army_PB_2020.zzz_unzipped-U_PROCUREMENT_JustificationBook_Army_PB_2020.xml","c8741db84cb82dd2bbb465cffcc6d30a58f500d75ffc29fbb1598d4c6dbdad9d","7-b4b99cdb02d98d7c3bbce86325184b359eb7dd58919ad38c30e96e40042e262b","0-68929556673dcd7a78835abc8fe061bc14936282e3c1a5b9e47d66fce2a2e43c","root.record.ItemExhibitList.P5Item.CostElementCategoryList.Flyaway.Recurring.CostElementList.CostElement"
"--MTV Wrecker M1089","","","","","","","363","","","14","","14","232.969","","","7.166","","7.166","641.788","","","511.857","","511.857","2020-BASE_PROCUREMENT-2020-ARMY_OTHER_1-U_PROCUREMENT_JustificationBook_Army_PB_2020.zzz_unzipped-U_PROCUREMENT_JustificationBook_Army_PB_2020.xml","c8741db84cb82dd2bbb465cffcc6d30a58f500d75ffc29fbb1598d4c6dbdad9d","8-5f03bb12b22bbaec5d68845b576b78c9fd413f1381559119b75fe67ffd902746","0-68929556673dcd7a78835abc8fe061bc14936282e3c1a5b9e47d66fce2a2e43c","root.record.ItemExhibitList.P5Item.CostElementCategoryList.Flyaway.Recurring.CostElementList.CostElement"
"--MTV LHS M1148","","","","","","","52","","","39","","39","14.272","","","15.232","","15.232","274.462","","","390.564","","390.564","2020-BASE_PROCUREMENT-2020-ARMY_OTHER_1-U_PROCUREMENT_JustificationBook_Army_PB_2020.zzz_unzipped-U_PROCUREMENT_JustificationBook_Army_PB_2020.xml","c8741db84cb82dd2bbb465cffcc6d30a58f500d75ffc29fbb1598d4c6dbdad9d","9-da0a80dad6412b33e191bc077a6e0a61696ecee3fedd4e5191c78ab9b57ffe19","0-68929556673dcd7a78835abc8fe061bc14936282e3c1a5b9e47d66fce2a2e43c","root.record.ItemExhibitList.P5Item.CostElementCategoryList.Flyaway.Recurring.CostElementList.CostElement"
"--MTV 10 Ton Dump M1157","","","","","","","827","","","","","","148.135","","","","","","179.123","","","","","","2020-BASE_PROCUREMENT-2020-ARMY_OTHER_1-U_PROCUREMENT_JustificationBook_Army_PB_2020.zzz_unzipped-U_PROCUREMENT_JustificationBook_Army_PB_2020.xml","c8741db84cb82dd2bbb465cffcc6d30a58f500d75ffc29fbb1598d4c6dbdad9d","10-ef2fac408e8b8ea8d206ab59595207a4471959a1bc2d15433a1176dc2b830c2b","0-68929556673dcd7a78835abc8fe061bc14936282e3c1a5b9e47d66fce2a2e43c","root.record.ItemExhibitList.P5Item.CostElementCategoryList.Flyaway.Recurring.CostElementList.CostElement"
"--MTV 10 Ton Dump M1157 w/winch","","","","","","","820","","","","","","306.899","","","","","","374.267","","","","","","2020-BASE_PROCUREMENT-2020-ARMY_OTHER_1-U_PROCUREMENT_JustificationBook_Army_PB_2020.zzz_unzipped-U_PROCUREMENT_JustificationBook_Army_PB_2020.xml","c8741db84cb82dd2bbb465cffcc6d30a58f500d75ffc29fbb1598d4c6dbdad9d","11-eed52b409e62b2acb2cf629d99e2d75d9f818dc391fe64184a43bc3cfa063e8f","0-68929556673dcd7a78835abc8fe061bc14936282e3c1a5b9e47d66fce2a2e43c","root.record.ItemExhibitList.P5Item.CostElementCategoryList.Flyaway.Recurring.CostElementList.CostElement"
"AN/TSQ-226B(V)1 Phase 3 Kits","","","","","","","27","","24","","","","4.609","","4.092","","","","170.704","","170.5","","","","2020-BASE_PROCUREMENT-2020-ARMY_OTHER_2-U_PROCUREMENT_JustificationBook_Army_PB_2020.zzz_unzipped-U_PROCUREMENT_JustificationBook_Army_PB_2020.xml","46a9eecfb9fc471f960bb9765cd0188ede1e37a7f7d7af29a0ea3c25fc6629e2","0-696a7af2397e3ee59d6f3ef49550cb69b65154088d23ae72369704546b92dfb5","0-b2176e49f6dcebb710d2605d2f3f692d4ab792f7d8ebece24a4f81dfc739e045","root.record.ItemExhibitList.P5Item.CostElementCategoryList.Flyaway.Recurring.CostElementList.CostElement"
"AN/TSQ-226B(V)1 Phase 3 Kits Spares (RSC)","","","","","","","7","","","","","","1.073","","","","","","153.286","","","","","","2020-BASE_PROCUREMENT-2020-ARMY_OTHER_2-U_PROCUREMENT_JustificationBook_Army_PB_2020.zzz_unzipped-U_PROCUREMENT_JustificationBook_Army_PB_2020.xml","46a9eecfb9fc471f960bb9765cd0188ede1e37a7f7d7af29a0ea3c25fc6629e2","1-625d97c6f2260abb2ac0479286d5f37a64ffde219bcd2c570adf08f261a15a3f","0-b2176e49f6dcebb710d2605d2f3f692d4ab792f7d8ebece24a4f81dfc739e045","root.record.ItemExhibitList.P5Item.CostElementCategoryList.Flyaway.Recurring.CostElementList.CostElement"
"AN/TSQ-226B/C(V)2/3 Phase 3 Kits","","","","","","","1","8","","","","","0.09","0.716","","","","","90","89.5","","","","","2020-BASE_PROCUREMENT-2020-ARMY_OTHER_2-U_PROCUREMENT_JustificationBook_Army_PB_2020.zzz_unzipped-U_PROCUREMENT_JustificationBook_Army_PB_2020.xml","46a9eecfb9fc471f960bb9765cd0188ede1e37a7f7d7af29a0ea3c25fc6629e2","2-b3e33459e282ae78432765bfc0a54d36cc36c86fc09d1a8e3b049e89bf0f826e","0-b2176e49f6dcebb710d2605d2f3f692d4ab792f7d8ebece24a4f81dfc739e045","root.record.ItemExhibitList.P5Item.CostElementCategoryList.Flyaway.Recurring.CostElementList.CostElement"
"T-JWICS VTC Suite Upgrades","","","","","","","","19","61","89","","89","","0.786","2.523","3.682","","3.682","","41.368","41.361","41.371","","41.371","2020-BASE_PROCUREMENT-2020-ARMY_OTHER_2-U_PROCUREMENT_JustificationBook_Army_PB_2020.zzz_unzipped-U_PROCUREMENT_JustificationBook_Army_PB_2020.xml","46a9eecfb9fc471f960bb9765cd0188ede1e37a7f7d7af29a0ea3c25fc6629e2","3-71e56040fbe68027434175924305c4d7e4e06bf8f9f0c7e081a85c4168a9e3bf","0-b2176e49f6dcebb710d2605d2f3f692d4ab792f7d8ebece24a4f81dfc739e045","root.record.ItemExhibitList.P5Item.CostElementCategoryList.Flyaway.Recurring.CostElementList.CostElement"
"T-JWICS VTC Suite Spares (RSC)","","","","","","","","14","","11","","11","","0.638","","0.502","","0.502","","45.571","","45.636","","45.636","2020-BASE_PROCUREMENT-2020-ARMY_OTHER_2-U_PROCUREMENT_JustificationBook_Army_PB_2020.zzz_unzipped-U_PROCUREMENT_JustificationBook_Army_PB_2020.xml","46a9eecfb9fc471f960bb9765cd0188ede1e37a7f7d7af29a0ea3c25fc6629e2","4-9192cab8ac248c092cca1cdea394836c52ba73fb000fc5704db6e53ba3678cce","0-b2176e49f6dcebb710d2605d2f3f692d4ab792f7d8ebece24a4f81dfc739e045","root.record.ItemExhibitList.P5Item.CostElementCategoryList.Flyaway.Recurring.CostElementList.CostElement"
"iDirect Modems","","","","","","","","88","106","64","","64","","1.936","2.332","1.408","","1.408","","22","22","22","","22","2020-BASE_PROCUREMENT-2020-ARMY_OTHER_2-U_PROCUREMENT_JustificationBook_Army_PB_2020.zzz_unzipped-U_PROCUREMENT_JustificationBook_Army_PB_2020.xml","46a9eecfb9fc471f960bb9765cd0188ede1e37a7f7d7af29a0ea3c25fc6629e2","5-bf060c73bead12fe4eeeb5c6ed63f218d9d5cdbf0ce4b3f89979caf4ac73df4a","0-b2176e49f6dcebb710d2605d2f3f692d4ab792f7d8ebece24a4f81dfc739e045","root.record.ItemExhibitList.P5Item.CostElementCategoryList.Flyaway.Recurring.CostElementList.CostElement"
"iDirect Modems - Spares (RSC)","","","","","","","","14","","","","","","0.308","","","","","","22","","","","","2020-BASE_PROCUREMENT-2020-ARMY_OTHER_2-U_PROCUREMENT_JustificationBook_Army_PB_2020.zzz_unzipped-U_PROCUREMENT_JustificationBook_Army_PB_2020.xml","46a9eecfb9fc471f960bb9765cd0188ede1e37a7f7d7af29a0ea3c25fc6629e2","6-c97dee242f34bccdf741e60c25cdf0679fcc53bd7fda5c58b98b0433c2559580","0-b2176e49f6dcebb710d2605d2f3f692d4ab792f7d8ebece24a4f81dfc739e045","root.record.ItemExhibitList.P5Item.CostElementCategoryList.Flyaway.Recurring.CostElementList.CostElement"
"Hardware (Previous Years)","","","","","","","473","","","","","","143.821","","","","","","304.061","","","","","","2020-BASE_PROCUREMENT-2020-ARMY_OTHER_2-U_PROCUREMENT_JustificationBook_Army_PB_2020.zzz_unzipped-U_PROCUREMENT_JustificationBook_Army_PB_2020.xml","46a9eecfb9fc471f960bb9765cd0188ede1e37a7f7d7af29a0ea3c25fc6629e2","7-35f3bcb67eed73bab97e1340ba94f685725eb13dd98fe80e62e4991a074b2613","0-b2176e49f6dcebb710d2605d2f3f692d4ab792f7d8ebece24a4f81dfc739e045","root.record.ItemExhibitList.P5Item.CostElementCategoryList.Flyaway.Recurring.CostElementList.CostElement"
"Hardware & Integration - RAM Warn EDI","","","","","","","80","","","","","","4.27","","","","","","53.375","","","","","","2020-BASE_PROCUREMENT-2020-ARMY_OTHER_2-U_PROCUREMENT_JustificationBook_Army_PB_2020.zzz_unzipped-U_PROCUREMENT_JustificationBook_Army_PB_2020.xml","b869c1a908e756c3c0d1a2c66b11485e2c68de5811f38d8f9a377b5597e31f51","0-04a79a65169d432836c6338cc060a3b06202a028da21fae232ac63345be9c408","0-cdbe401d3e00a78bbc422be3b5d5548236a911a2cb777eb65a941d4b728c4f54","root.record.ItemExhibitList.P5Item.CostElementCategoryList.Flyaway.Recurring.CostElementList.CostElement"
"Hardware & Integration - RAM Warn BCT Secure Comms","","","","","","","1240","241","399","","","","117.99","16.58","28.483","","","","95.153","68.797","71.386","","","","2020-BASE_PROCUREMENT-2020-ARMY_OTHER_2-U_PROCUREMENT_JustificationBook_Army_PB_2020.zzz_unzipped-U_PROCUREMENT_JustificationBook_Army_PB_2020.xml","b869c1a908e756c3c0d1a2c66b11485e2c68de5811f38d8f9a377b5597e31f51","1-505ae8b22074325b33483d195f34ed3b9b47b84faae208722a159098d6c64122","0-cdbe401d3e00a78bbc422be3b5d5548236a911a2cb777eb65a941d4b728c4f54","root.record.ItemExhibitList.P5Item.CostElementCategoryList.Flyaway.Recurring.CostElementList.CostElement"
