Name_val,IdCode_val,Cost_AllPriorYears_TotalCost_val,Cost_PriorYear_TotalCost_val,Cost_CurrentYear_TotalCost_val,Cost_BudgetYearOneBase_TotalCost_val,Cost_BudgetYearOneOCO_TotalCost_val,Cost_BudgetYearOne_TotalCost_val,Cost_BudgetYearTwo_TotalCost_val,Cost_BudgetYearThree_TotalCost_val,Cost_BudgetYearFour_TotalCost_val,Cost_BudgetYearFive_TotalCost_val,Cost_ToComplete_TotalCost_val,Cost_Total_TotalCost_val,Cost_TotalCost_PriorYear_val,Cost_TotalCost_CurrentYear_val,Cost_TotalCost_BudgetYearOneBase_val,Cost_TotalCost_BudgetYearOne_val,Cost_TotalCost_BudgetYearTwo_val,Cost_TotalCost_BudgetYearThree_val,Cost_TotalCost_BudgetYearFour_val,Cost_TotalCost_BudgetYearFive_val,Cost_TotalCost_ToComplete_val,Cost_TotalCost_Total_val,Cost_TotalCost_AllPriorYears_val,Cost_TotalCost_BudgetYearOneOCO_val,@SOURCE_FILENAME,@RECORDID,@ROWID,@PARENTROWID,@PARENT
"Special Test/Special Tooling Equipment - Block I","A","10.606","0.000","0.000","0.000","0.000","0.000","0.000","0.000","0.000","0.000","0.000","10.606","","","","","","","","","","","","","2013-BASE_PROCUREMENT-2013-AIRFORCE_MISSILE-JustificationBook_Air_Force_PB_2013.zzz_unzipped-JustificationBook_Air_Force_PB_2013.xml","8dae3db13d08cf6bae22952387d39b872a6723768b722901fc54c0d66573e52f","0-5d4a93f1769558fb714d05881256da606ee62e485c512ab7215622ccfdf9a012","0-a682a69baaec62a55bf32733b6c931b82364ac07f881f14183f4ed1a1114aeb4","root.record.ItemExhibitList.P5Item"
"Missile Containers - Block I","A","5.666","0.000","0.000","0.000","0.000","0.000","0.000","0.000","0.000","0.000","0.000","5.666","","","","","","","","","","","","","2013-BASE_PROCUREMENT-2013-AIRFORCE_MISSILE-JustificationBook_Air_Force_PB_2013.zzz_unzipped-JustificationBook_Air_Force_PB_2013.xml","8dae3db13d08cf6bae22952387d39b872a6723768b722901fc54c0d66573e52f","1-99419086952409e182192b2a4f0f6016d86b61adfdc7a1173adf6cb24a7d6983","0-a682a69baaec62a55bf32733b6c931b82364ac07f881f14183f4ed1a1114aeb4","root.record.ItemExhibitList.P5Item"
"Non-Recurring Eng - Block I","A","21.771","0.000","0.000","0.000","0.000","0.000","0.000","0.000","0.000","0.000","0.000","21.771","","","","","","","","","","","","","2013-BASE_PROCUREMENT-2013-AIRFORCE_MISSILE-JustificationBook_Air_Force_PB_2013.zzz_unzipped-JustificationBook_Air_Force_PB_2013.xml","8dae3db13d08cf6bae22952387d39b872a6723768b722901fc54c0d66573e52f","2-bc585fa48cb57246949b5a8bb3be8d89d913aef334efe52d51f3b380810e4451","0-a682a69baaec62a55bf32733b6c931b82364ac07f881f14183f4ed1a1114aeb4","root.record.ItemExhibitList.P5Item"
"Special Test/Special Tooling Equipment - Block II","B","0.000","3.096","1.857","0.405","0.000","0.405","0.302","0.304","0.306","0.308","6.367","12.945","","","","","","","","","","","","","2013-BASE_PROCUREMENT-2013-AIRFORCE_MISSILE-JustificationBook_Air_Force_PB_2013.zzz_unzipped-JustificationBook_Air_Force_PB_2013.xml","8dae3db13d08cf6bae22952387d39b872a6723768b722901fc54c0d66573e52f","3-ad42d20b120a2d1a143b5941cd0288c5978b36da227a579adf590bde1b3480f7","0-a682a69baaec62a55bf32733b6c931b82364ac07f881f14183f4ed1a1114aeb4","root.record.ItemExhibitList.P5Item"
"Missile Containers - Block II","B","0.000","0.422","0.553","0.678","0.000","0.678","0.654","1.088","0.691","0.711","13.539","18.336","","","","","","","","","","","","","2013-BASE_PROCUREMENT-2013-AIRFORCE_MISSILE-JustificationBook_Air_Force_PB_2013.zzz_unzipped-JustificationBook_Air_Force_PB_2013.xml","8dae3db13d08cf6bae22952387d39b872a6723768b722901fc54c0d66573e52f","4-9cadc40a04827cc1835e81c3907a4195c2cfffdb42e39ba6672bae4675fdbf5c","0-a682a69baaec62a55bf32733b6c931b82364ac07f881f14183f4ed1a1114aeb4","root.record.ItemExhibitList.P5Item"
"Non-Recurring Engineering - Block II","B","13.598","4.853","17.478","0.981","0.000","0.981","0.000","0.000","0.000","3.998","37.478","78.386","","","","","","","","","","","","","2013-BASE_PROCUREMENT-2013-AIRFORCE_MISSILE-JustificationBook_Air_Force_PB_2013.zzz_unzipped-JustificationBook_Air_Force_PB_2013.xml","8dae3db13d08cf6bae22952387d39b872a6723768b722901fc54c0d66573e52f","5-9d0fab9bf32be0b1f22c0713c8fd921960a2667402ef6179d96a3c1b2a598956","0-a682a69baaec62a55bf32733b6c931b82364ac07f881f14183f4ed1a1114aeb4","root.record.ItemExhibitList.P5Item"
"1.  Containers and Cables","A","0.000","0.814","0.905","0.906","0.000","0.906","0.906","0.907","0.907","0.907","6.886","13.138","","","","","","","","","","","","","2013-BASE_PROCUREMENT-2013-AIRFORCE_MISSILE-JustificationBook_Air_Force_PB_2013.zzz_unzipped-JustificationBook_Air_Force_PB_2013.xml","106bb334f249b7849830fc2a8d9b750d80968554ae54c7c032df86229d9dc8d5","0-ce2995a503f8b442b38baf33e9789951f700df7000f92162b98642acdf13d240","0-5469558061840420ecf586d1c6105b516b11934bd583459598628ec17917b515","root.record.ItemExhibitList.P5Item"
"Special Test/Special Tooling Equipment - Block I","A","10.606","0.000","0.000","0.000","0.000","0.000","0.000","0.000","0.000","0.000","0.000","10.606","","","","","","","","","","","","","2013-BASE_PROCUREMENT-2013-AIRFORCE_MISSILE-MasterJustificationBook_Air_Force_PB_2013.zzz_unzipped-MasterJustificationBook_Air_Force_PB_2013.xml","b59085466dd5e913b48412ac5b92463d4bc7563b8d00212750b70963a637457a","0-fac7fcab35cf7eef5d6576d9af74af7c708a18834181ee08f3f4f4df7010d1e7","0-c79e2c71bb121b2c6e55e3454008a3b356605bb29fcf78fc59886097c807aec9","root.record.ItemExhibitList.P5Item"
"Missile Containers - Block I","A","5.666","0.000","0.000","0.000","0.000","0.000","0.000","0.000","0.000","0.000","0.000","5.666","","","","","","","","","","","","","2013-BASE_PROCUREMENT-2013-AIRFORCE_MISSILE-MasterJustificationBook_Air_Force_PB_2013.zzz_unzipped-MasterJustificationBook_Air_Force_PB_2013.xml","b59085466dd5e913b48412ac5b92463d4bc7563b8d00212750b70963a637457a","1-9a237090ba4b1e737b6b38c14719168b79b45cf7fb74a0f34a7ee94502ffa24d","0-c79e2c71bb121b2c6e55e3454008a3b356605bb29fcf78fc59886097c807aec9","root.record.ItemExhibitList.P5Item"
"Non-Recurring Eng - Block I","A","21.771","0.000","0.000","0.000","0.000","0.000","0.000","0.000","0.000","0.000","0.000","21.771","","","","","","","","","","","","","2013-BASE_PROCUREMENT-2013-AIRFORCE_MISSILE-MasterJustificationBook_Air_Force_PB_2013.zzz_unzipped-MasterJustificationBook_Air_Force_PB_2013.xml","b59085466dd5e913b48412ac5b92463d4bc7563b8d00212750b70963a637457a","2-a875c1e8e66e4a7f1fd2c1d9d23d1c8888b1f5b93cfb1d185f707ffdb41a1866","0-c79e2c71bb121b2c6e55e3454008a3b356605bb29fcf78fc59886097c807aec9","root.record.ItemExhibitList.P5Item"
"Special Test/Special Tooling Equipment - Block II","B","0.000","3.096","1.857","0.405","0.000","0.405","0.302","0.304","0.306","0.308","6.367","12.945","","","","","","","","","","","","","2013-BASE_PROCUREMENT-2013-AIRFORCE_MISSILE-MasterJustificationBook_Air_Force_PB_2013.zzz_unzipped-MasterJustificationBook_Air_Force_PB_2013.xml","b59085466dd5e913b48412ac5b92463d4bc7563b8d00212750b70963a637457a","3-f718e971396c2a42df60c67e96785cfd0abb001ed305d5ed7e8d02b0348d5ba2","0-c79e2c71bb121b2c6e55e3454008a3b356605bb29fcf78fc59886097c807aec9","root.record.ItemExhibitList.P5Item"
"Missile Containers - Block II","B","0.000","0.422","0.553","0.678","0.000","0.678","0.654","1.088","0.691","0.711","13.539","18.336","","","","","","","","","","","","","2013-BASE_PROCUREMENT-2013-AIRFORCE_MISSILE-MasterJustificationBook_Air_Force_PB_2013.zzz_unzipped-MasterJustificationBook_Air_Force_PB_2013.xml","b59085466dd5e913b48412ac5b92463d4bc7563b8d00212750b70963a637457a","4-6c727e2d7f5371325c06da1c9a4ea233546ba46be42852625e8b884747fb4ce6","0-c79e2c71bb121b2c6e55e3454008a3b356605bb29fcf78fc59886097c807aec9","root.record.ItemExhibitList.P5Item"
"Non-Recurring Engineering - Block II","B","13.598","4.853","17.478","0.981","0.000","0.981","0.000","0.000","0.000","3.998","37.478","78.386","","","","","","","","","","","","","2013-BASE_PROCUREMENT-2013-AIRFORCE_MISSILE-MasterJustificationBook_Air_Force_PB_2013.zzz_unzipped-MasterJustificationBook_Air_Force_PB_2013.xml","b59085466dd5e913b48412ac5b92463d4bc7563b8d00212750b70963a637457a","5-996dd559b9703f6d60331f49d338d3c12f5f522e7e4e704637db6cf3c1d76f6b","0-c79e2c71bb121b2c6e55e3454008a3b356605bb29fcf78fc59886097c807aec9","root.record.ItemExhibitList.P5Item"
"1.  Containers and Cables","A","0.000","0.814","0.905","0.906","0.000","0.906","0.906","0.907","0.907","0.907","6.886","13.138","","","","","","","","","","","","","2013-BASE_PROCUREMENT-2013-AIRFORCE_MISSILE-MasterJustificationBook_Air_Force_PB_2013.zzz_unzipped-MasterJustificationBook_Air_Force_PB_2013.xml","bd94e016655fb7e8c18ca6cbc8a1281d2289738dab2784f61b0c5091b6f90251","0-b6e03bc1137483bc2e61ae5a7aa7c68acdf45456949f72da5c305b3bb40899c3","0-dace89abe9d4babc0d3acf4834cebaffd192f42a3223722164d62a41ea45a289","root.record.ItemExhibitList.P5Item"
"Containers and Cables","A","","","","","","","","","","","","","1.696","0.886","0.896","0.896","0.896","0.896","0.896","0.896","4.741","11.803","","","2015-BASE_PROCUREMENT-2015-AIRFORCE_MISSILE-PROCUREMENT_JustificationBook_Air_Force_PB_2015.zzz_unzipped-PROCUREMENT_JustificationBook_Air_Force_PB_2015.xml","e791207ec97797e3d4add01d11a482a385dc05778a73e6c7a0d9982bbffa533d","0-9ff2df86a2fc5cce316b8fe6565996cc1a11a895421e47d7d9242dedc38c5bef","0-3ea246dcb83fb8d5b24e21690d72294b9f48d06a10df81c9791cdeca6c64c455","root.record.ItemExhibitList.P5Item"
"Containers and Cables","A","","","","","","","","","","","","","1.696","0.886","0.896","0.896","0.896","0.896","0.896","0.896","4.741","11.803","","","2015-BASE_PROCUREMENT-2015-AIRFORCE_MISSILE-PROCUREMENT_MasterJustificationBook_Air_Force_PB_2015.zzz_unzipped-PROCUREMENT_MasterJustificationBook_Air_Force_PB_2015.xml","3e3eea93282c4f3279d4edd48276a257d03bc72b5b9b844c2237b14711e6b6db","0-44aacf6681c78bd3c0dd1b42fbb086674435dccc748a4dd39f49fb44b0fdcdaf","0-d9e38753df049f1350fcf3b64af18b04f64024e30729202bcd394556351b3ad1","root.record.ItemExhibitList.P5Item"
"BA Trainers","","","","","","","","","","","","","","","","27.529","27.529","","","","","","","","","2018-BASE_PROCUREMENT-2018-AIRFORCE_AMMUNITION-U_PROCUREMENT_JustificationBook_Air_Force_PB_2018.zzz_unzipped-U_PROCUREMENT_JustificationBook_Air_Force_PB_2018.xml","4e556b87336aa79100d4803e900d244a7156d4dd8d8f6b26cd3ec27f992e16fb","0-b57637da26f8fb95f74755340317c8b1459b420f75d3dedb0c5d167fc5342460","0-c5f7b3c546fe0067e9217c50be0df320bd95b62d85c7c4f55a5167a56629a5be","root.record.ItemExhibitList.P5Item"
"T&H Gear","","","","","","","","","","","","","","","","12.121","12.121","","","","","","","","","2018-BASE_PROCUREMENT-2018-AIRFORCE_AMMUNITION-U_PROCUREMENT_JustificationBook_Air_Force_PB_2018.zzz_unzipped-U_PROCUREMENT_JustificationBook_Air_Force_PB_2018.xml","4e556b87336aa79100d4803e900d244a7156d4dd8d8f6b26cd3ec27f992e16fb","1-4e10c10bfa3d229cf1e5c18161a10e37a2d0178aac7a65962eea09768ad31d3b","0-c5f7b3c546fe0067e9217c50be0df320bd95b62d85c7c4f55a5167a56629a5be","root.record.ItemExhibitList.P5Item"
"BA Trainers","","","","","","","","","","","","","","","","27.529","27.529","","","","","","","","","2018-BASE_PROCUREMENT-2018-AIRFORCE_AMMUNITION-U_PROCUREMENT_MasterJustificationBook_Air_Force_PB_2018.zzz_unzipped-U_PROCUREMENT_MasterJustificationBook_Air_Force_PB_2018.xml","63cece1a674f1f0912ca47ccc55131b5fec02f521a4eb768eb56d7c1d9e6ec09","0-49553a02674353cf5301092736974e2003351affe1803e2fcc1f84674a4c446d","0-b92c8d865101c39208514761123c17db5affa4cf7edfa5e237d1cb014512f5ea","root.record.ItemExhibitList.P5Item"
"T&H Gear","","","","","","","","","","","","","","","","12.121","12.121","","","","","","","","","2018-BASE_PROCUREMENT-2018-AIRFORCE_AMMUNITION-U_PROCUREMENT_MasterJustificationBook_Air_Force_PB_2018.zzz_unzipped-U_PROCUREMENT_MasterJustificationBook_Air_Force_PB_2018.xml","63cece1a674f1f0912ca47ccc55131b5fec02f521a4eb768eb56d7c1d9e6ec09","1-1590b03baacb35f036bce5fc727af55a4c34e2dc6fdaec9add949801516e6e1a","0-b92c8d865101c39208514761123c17db5affa4cf7edfa5e237d1cb014512f5ea","root.record.ItemExhibitList.P5Item"
"Bomb Assembly (BA) Trainers","","","","","","","","","","","","","","","27.529","26.613","26.613","","","","","","","6.511","","2019-BASE_PROCUREMENT-2019-AIRFORCE_AMMUNITION-U_PROCUREMENT_JustificationBook_Air_Force_PB_2019.zzz_unzipped-U_PROCUREMENT_JustificationBook_Air_Force_PB_2019.xml","febe812ff6da49c74047d6ca8ec01f4aa83c73b56f8c312dc3f34dd1983e8647","0-b99374b6ef8779576fb5b4f1c976bd9c59ed0ddc9ac1e5b21216dfc4fcd76ed2","0-772db35c3b1b43002862fc84c0a8693c91913b35219a155f7ddc0486ddc5bf72","root.record.ItemExhibitList.P5Item"
"Test Equipment (SATS)","","","","","","","","","","","","","","","","0.58","0.58","","","","","","","","","2019-BASE_PROCUREMENT-2019-AIRFORCE_AMMUNITION-U_PROCUREMENT_JustificationBook_Air_Force_PB_2019.zzz_unzipped-U_PROCUREMENT_JustificationBook_Air_Force_PB_2019.xml","febe812ff6da49c74047d6ca8ec01f4aa83c73b56f8c312dc3f34dd1983e8647","1-b6fbd5e6953ac1c62c651306e39e0d9820cd0fbca4f9f594d29f0f3bdebbefd0","0-772db35c3b1b43002862fc84c0a8693c91913b35219a155f7ddc0486ddc5bf72","root.record.ItemExhibitList.P5Item"
"T&H Gear","","","","","","","","","","","","","","","12.121","","","","","","","","","","","2019-BASE_PROCUREMENT-2019-AIRFORCE_AMMUNITION-U_PROCUREMENT_JustificationBook_Air_Force_PB_2019.zzz_unzipped-U_PROCUREMENT_JustificationBook_Air_Force_PB_2019.xml","febe812ff6da49c74047d6ca8ec01f4aa83c73b56f8c312dc3f34dd1983e8647","2-b9bdc91d548d44408ec7d8f76e71064db2ca76487781f5da5f54cba9058d2975","0-772db35c3b1b43002862fc84c0a8693c91913b35219a155f7ddc0486ddc5bf72","root.record.ItemExhibitList.P5Item"
"Bomb Assembly (BA) Trainers","","","","","","","","","","","","","","","27.529","26.613","26.613","","","","","","","6.511","","2019-BASE_PROCUREMENT-2019-AIRFORCE_AMMUNITION-U_PROCUREMENT_MasterJustificationBook_Air_Force_PB_2019.zzz_unzipped-U_PROCUREMENT_MasterJustificationBook_Air_Force_PB_2019.xml","c48d29353e3e6e5cf9c29adfc0105bdb804a21b25e74ec61fd9d65a6eb451eb5","0-4a1df686fc237bfa097067b2906e62f977a2ba8fef5c27323d87b34c0298e72e","0-b939854d6cc83e541aaa06ae65ec1d414cda393983222ffa4defd66f511ae475","root.record.ItemExhibitList.P5Item"
"Test Equipment (SATS)","","","","","","","","","","","","","","","","0.58","0.58","","","","","","","","","2019-BASE_PROCUREMENT-2019-AIRFORCE_AMMUNITION-U_PROCUREMENT_MasterJustificationBook_Air_Force_PB_2019.zzz_unzipped-U_PROCUREMENT_MasterJustificationBook_Air_Force_PB_2019.xml","c48d29353e3e6e5cf9c29adfc0105bdb804a21b25e74ec61fd9d65a6eb451eb5","1-585007511fcb6124b807e965cdb2740a21907ec1674049e93db314e892424eeb","0-b939854d6cc83e541aaa06ae65ec1d414cda393983222ffa4defd66f511ae475","root.record.ItemExhibitList.P5Item"
"T&H Gear","","","","","","","","","","","","","","","12.121","","","","","","","","","","","2019-BASE_PROCUREMENT-2019-AIRFORCE_AMMUNITION-U_PROCUREMENT_MasterJustificationBook_Air_Force_PB_2019.zzz_unzipped-U_PROCUREMENT_MasterJustificationBook_Air_Force_PB_2019.xml","c48d29353e3e6e5cf9c29adfc0105bdb804a21b25e74ec61fd9d65a6eb451eb5","2-ad88963bbb4417b5ff3b94d48a2c8a073cc6eba5885529ce06479d7bb8b703cd","0-b939854d6cc83e541aaa06ae65ec1d414cda393983222ffa4defd66f511ae475","root.record.ItemExhibitList.P5Item"
"Bomb Assembly (BA) Trainers","","","","","","","","","","","","","","36.68","19.366","0","0.2","","","","","","","6.511","0.2","2020-BASE_PROCUREMENT-2020-AIRFORCE_AMMUNITION-U_PROCUREMENT_JustificationBook_Air_Force_PB_2020.zzz_unzipped-U_PROCUREMENT_JustificationBook_Air_Force_PB_2020.xml","1e63ae67232bf79d1dab02b538ecf7c46601ae68ff91e61ae778a77cc9004f0c","0-3ce851a2793418159fa0d166c2b71e8bd73ec041457fc61630a3467c0ba49b13","0-b6bddf9669480912f209f61e301e8ca2a6f11754c10b3b9af9d1e41b25b6dbc0","root.record.ItemExhibitList.P5Item"
"Test Equipment (SATS)","","","","","","","","","","","","","","","2.696","0","0","","","","","","","","","2020-BASE_PROCUREMENT-2020-AIRFORCE_AMMUNITION-U_PROCUREMENT_JustificationBook_Air_Force_PB_2020.zzz_unzipped-U_PROCUREMENT_JustificationBook_Air_Force_PB_2020.xml","1e63ae67232bf79d1dab02b538ecf7c46601ae68ff91e61ae778a77cc9004f0c","1-7b165e8a1b75825eaf48e3f117fb94f81451efabeddda2c55bbf48c0f82a015c","0-b6bddf9669480912f209f61e301e8ca2a6f11754c10b3b9af9d1e41b25b6dbc0","root.record.ItemExhibitList.P5Item"
"T&H Gear","","","","","","","","","","","","","","16.457","","","","","","","","","","","","2020-BASE_PROCUREMENT-2020-AIRFORCE_AMMUNITION-U_PROCUREMENT_JustificationBook_Air_Force_PB_2020.zzz_unzipped-U_PROCUREMENT_JustificationBook_Air_Force_PB_2020.xml","1e63ae67232bf79d1dab02b538ecf7c46601ae68ff91e61ae778a77cc9004f0c","2-a658c59978caa199d0f967ee64edd434646d83164cacb790404202b331e06423","0-b6bddf9669480912f209f61e301e8ca2a6f11754c10b3b9af9d1e41b25b6dbc0","root.record.ItemExhibitList.P5Item"
"Bomb Assembly (BA) Trainers","","","","","","","","","","","","","","36.68","19.366","0","0.2","","","","","","","6.511","0.2","2020-BASE_PROCUREMENT-2020-AIRFORCE_AMMUNITION-U_PROCUREMENT_MasterJustificationBook_Air_Force_PB_2020.zzz_unzipped-U_PROCUREMENT_MasterJustificationBook_Air_Force_PB_2020.xml","df0c24c79714db965bc49d1f6003f0cd9a2210c6efa351193d977c7178374dba","0-96736392579133b971d827f47594e6cd4982ebe956dcdc3af00bd849dfbb1413","0-f4817a9dfb4ec0dae0bf0b60649071a5453b51c09d6239beeec787624c30d6d3","root.record.ItemExhibitList.P5Item"
"Test Equipment (SATS)","","","","","","","","","","","","","","","2.696","0","0","","","","","","","","","2020-BASE_PROCUREMENT-2020-AIRFORCE_AMMUNITION-U_PROCUREMENT_MasterJustificationBook_Air_Force_PB_2020.zzz_unzipped-U_PROCUREMENT_MasterJustificationBook_Air_Force_PB_2020.xml","df0c24c79714db965bc49d1f6003f0cd9a2210c6efa351193d977c7178374dba","1-590e33f9287b861226835d04d59b69b3507e691d1d95ff911feea72780175d38","0-f4817a9dfb4ec0dae0bf0b60649071a5453b51c09d6239beeec787624c30d6d3","root.record.ItemExhibitList.P5Item"
"T&H Gear","","","","","","","","","","","","","","16.457","","","","","","","","","","","","2020-BASE_PROCUREMENT-2020-AIRFORCE_AMMUNITION-U_PROCUREMENT_MasterJustificationBook_Air_Force_PB_2020.zzz_unzipped-U_PROCUREMENT_MasterJustificationBook_Air_Force_PB_2020.xml","df0c24c79714db965bc49d1f6003f0cd9a2210c6efa351193d977c7178374dba","2-2d8a3500ddcd4a26b24e564c541190466c69a85d071fceba3e3fe2fd790f8f33","0-f4817a9dfb4ec0dae0bf0b60649071a5453b51c09d6239beeec787624c30d6d3","root.record.ItemExhibitList.P5Item"
