Name_val,IdCode_val,Cost_AllPriorYears_TotalCost_val,Cost_PriorYear_TotalCost_val,Cost_CurrentYear_TotalCost_val,Cost_BudgetYearOneBase_TotalCost_val,Cost_BudgetYearOneOCO_TotalCost_val,Cost_BudgetYearOne_TotalCost_val,Cost_BudgetYearTwo_TotalCost_val,Cost_BudgetYearThree_TotalCost_val,Cost_BudgetYearFour_TotalCost_val,Cost_BudgetYearFive_TotalCost_val,Cost_ToComplete_TotalCost_val,Cost_Total_TotalCost_val,Cost_TotalCost_PriorYear_val,Cost_TotalCost_CurrentYear_val,Cost_TotalCost_BudgetYearOneBase_val,Cost_TotalCost_BudgetYearOne_val,Cost_TotalCost_BudgetYearTwo_val,Cost_TotalCost_BudgetYearThree_val,Cost_TotalCost_BudgetYearFour_val,Cost_TotalCost_BudgetYearFive_val,Cost_TotalCost_ToComplete_val,Cost_TotalCost_Total_val,Cost_TotalCost_AllPriorYears_val,Cost_TotalCost_BudgetYearOneOCO_val,@SOURCE_FILENAME,@RECORDID,@ROWID,@PARENTROWID,@PARENT
"Special Test/Special Tooling Equipment - Block I","A","10.606","0.000","0.000","0.000","0.000","0.000","0.000","0.000","0.000","0.000","0.000","10.606","","","","","","","","","","","","","2013-BASE_PROCUREMENT-2013-AIRFORCE_MISSILE-JustificationBook_Air_Force_PB_2013.zzz_unzipped-JustificationBook_Air_Force_PB_2013.xml","8dae3db13d08cf6bae22952387d39b872a6723768b722901fc54c0d66573e52f","0-6ba140e13054cae5c2d2745b072a29e45563a748a97bf76a662346979a11639e","0-734d0ea38952ea8b7305bef32a8f39e7474038b735dac914b82e7554ca12c7dd","root.record.ItemExhibitList.P5Item"
"Missile Containers - Block I","A","5.666","0.000","0.000","0.000","0.000","0.000","0.000","0.000","0.000","0.000","0.000","5.666","","","","","","","","","","","","","2013-BASE_PROCUREMENT-2013-AIRFORCE_MISSILE-JustificationBook_Air_Force_PB_2013.zzz_unzipped-JustificationBook_Air_Force_PB_2013.xml","8dae3db13d08cf6bae22952387d39b872a6723768b722901fc54c0d66573e52f","1-71f79b6217cfbca89f945565f3b67055e9b6d595d7f2436af777b65b8aaf4e3f","0-734d0ea38952ea8b7305bef32a8f39e7474038b735dac914b82e7554ca12c7dd","root.record.ItemExhibitList.P5Item"
"Non-Recurring Eng - Block I","A","21.771","0.000","0.000","0.000","0.000","0.000","0.000","0.000","0.000","0.000","0.000","21.771","","","","","","","","","","","","","2013-BASE_PROCUREMENT-2013-AIRFORCE_MISSILE-JustificationBook_Air_Force_PB_2013.zzz_unzipped-JustificationBook_Air_Force_PB_2013.xml","8dae3db13d08cf6bae22952387d39b872a6723768b722901fc54c0d66573e52f","2-0f6bce644ebfd9cca375d016b5c040ec4619525d7ff8350d7c9873e0c4e72cbf","0-734d0ea38952ea8b7305bef32a8f39e7474038b735dac914b82e7554ca12c7dd","root.record.ItemExhibitList.P5Item"
"Special Test/Special Tooling Equipment - Block II","B","0.000","3.096","1.857","0.405","0.000","0.405","0.302","0.304","0.306","0.308","6.367","12.945","","","","","","","","","","","","","2013-BASE_PROCUREMENT-2013-AIRFORCE_MISSILE-JustificationBook_Air_Force_PB_2013.zzz_unzipped-JustificationBook_Air_Force_PB_2013.xml","8dae3db13d08cf6bae22952387d39b872a6723768b722901fc54c0d66573e52f","3-f0ac6117ea93ed0d16ebeaa252585ee158058173e741a72040b9810f58b70243","0-734d0ea38952ea8b7305bef32a8f39e7474038b735dac914b82e7554ca12c7dd","root.record.ItemExhibitList.P5Item"
"Missile Containers - Block II","B","0.000","0.422","0.553","0.678","0.000","0.678","0.654","1.088","0.691","0.711","13.539","18.336","","","","","","","","","","","","","2013-BASE_PROCUREMENT-2013-AIRFORCE_MISSILE-JustificationBook_Air_Force_PB_2013.zzz_unzipped-JustificationBook_Air_Force_PB_2013.xml","8dae3db13d08cf6bae22952387d39b872a6723768b722901fc54c0d66573e52f","4-bef98ccf9f37f15d7fb5eb9bc76915b2e378cf43ae493eb3abc148b494abbbb7","0-734d0ea38952ea8b7305bef32a8f39e7474038b735dac914b82e7554ca12c7dd","root.record.ItemExhibitList.P5Item"
"Non-Recurring Engineering - Block II","B","13.598","4.853","17.478","0.981","0.000","0.981","0.000","0.000","0.000","3.998","37.478","78.386","","","","","","","","","","","","","2013-BASE_PROCUREMENT-2013-AIRFORCE_MISSILE-JustificationBook_Air_Force_PB_2013.zzz_unzipped-JustificationBook_Air_Force_PB_2013.xml","8dae3db13d08cf6bae22952387d39b872a6723768b722901fc54c0d66573e52f","5-be666c8661e79372d139a12bc63986bdaec3b1b4a5362ea15c2ff8250f32eb69","0-734d0ea38952ea8b7305bef32a8f39e7474038b735dac914b82e7554ca12c7dd","root.record.ItemExhibitList.P5Item"
"1.  Containers and Cables","A","0.000","0.814","0.905","0.906","0.000","0.906","0.906","0.907","0.907","0.907","6.886","13.138","","","","","","","","","","","","","2013-BASE_PROCUREMENT-2013-AIRFORCE_MISSILE-JustificationBook_Air_Force_PB_2013.zzz_unzipped-JustificationBook_Air_Force_PB_2013.xml","106bb334f249b7849830fc2a8d9b750d80968554ae54c7c032df86229d9dc8d5","0-471ef2c22f105ee5f1fd9e9f6c152a8a8b37a856a79568b559b2df8d17c14440","0-7cd743fd232245c18e336e301ea35abc6252c2a82df7a485c439f79e00947ae5","root.record.ItemExhibitList.P5Item"
"Special Test/Special Tooling Equipment - Block I","A","10.606","0.000","0.000","0.000","0.000","0.000","0.000","0.000","0.000","0.000","0.000","10.606","","","","","","","","","","","","","2013-BASE_PROCUREMENT-2013-AIRFORCE_MISSILE-MasterJustificationBook_Air_Force_PB_2013.zzz_unzipped-MasterJustificationBook_Air_Force_PB_2013.xml","b59085466dd5e913b48412ac5b92463d4bc7563b8d00212750b70963a637457a","0-be981fe41031d97fc742b569ea9ab2191538d9be150684533070cfc0c5ffa9cf","0-696db32bb7959e39e5ffeced87919ebd0733ffe4711bd8b7fabee7cd0a60bbc6","root.record.ItemExhibitList.P5Item"
"Missile Containers - Block I","A","5.666","0.000","0.000","0.000","0.000","0.000","0.000","0.000","0.000","0.000","0.000","5.666","","","","","","","","","","","","","2013-BASE_PROCUREMENT-2013-AIRFORCE_MISSILE-MasterJustificationBook_Air_Force_PB_2013.zzz_unzipped-MasterJustificationBook_Air_Force_PB_2013.xml","b59085466dd5e913b48412ac5b92463d4bc7563b8d00212750b70963a637457a","1-6d278c0808ba52ef1683088e36d212d9a43db2b8091cafd347be01170465afbb","0-696db32bb7959e39e5ffeced87919ebd0733ffe4711bd8b7fabee7cd0a60bbc6","root.record.ItemExhibitList.P5Item"
"Non-Recurring Eng - Block I","A","21.771","0.000","0.000","0.000","0.000","0.000","0.000","0.000","0.000","0.000","0.000","21.771","","","","","","","","","","","","","2013-BASE_PROCUREMENT-2013-AIRFORCE_MISSILE-MasterJustificationBook_Air_Force_PB_2013.zzz_unzipped-MasterJustificationBook_Air_Force_PB_2013.xml","b59085466dd5e913b48412ac5b92463d4bc7563b8d00212750b70963a637457a","2-260072a7e973738cd4819ca0ec14a51457c2a6f35858d6fe29cc9b9e9b53023a","0-696db32bb7959e39e5ffeced87919ebd0733ffe4711bd8b7fabee7cd0a60bbc6","root.record.ItemExhibitList.P5Item"
"Special Test/Special Tooling Equipment - Block II","B","0.000","3.096","1.857","0.405","0.000","0.405","0.302","0.304","0.306","0.308","6.367","12.945","","","","","","","","","","","","","2013-BASE_PROCUREMENT-2013-AIRFORCE_MISSILE-MasterJustificationBook_Air_Force_PB_2013.zzz_unzipped-MasterJustificationBook_Air_Force_PB_2013.xml","b59085466dd5e913b48412ac5b92463d4bc7563b8d00212750b70963a637457a","3-d5bf9d9f8fa323c2d5d18f49445aa23195250f04f8b291902eb199ce4e8001a2","0-696db32bb7959e39e5ffeced87919ebd0733ffe4711bd8b7fabee7cd0a60bbc6","root.record.ItemExhibitList.P5Item"
"Missile Containers - Block II","B","0.000","0.422","0.553","0.678","0.000","0.678","0.654","1.088","0.691","0.711","13.539","18.336","","","","","","","","","","","","","2013-BASE_PROCUREMENT-2013-AIRFORCE_MISSILE-MasterJustificationBook_Air_Force_PB_2013.zzz_unzipped-MasterJustificationBook_Air_Force_PB_2013.xml","b59085466dd5e913b48412ac5b92463d4bc7563b8d00212750b70963a637457a","4-bd596c837eb5565116addfc2277a80f0ca59893fe5b5df383dcd9dc0ab098ba6","0-696db32bb7959e39e5ffeced87919ebd0733ffe4711bd8b7fabee7cd0a60bbc6","root.record.ItemExhibitList.P5Item"
"Non-Recurring Engineering - Block II","B","13.598","4.853","17.478","0.981","0.000","0.981","0.000","0.000","0.000","3.998","37.478","78.386","","","","","","","","","","","","","2013-BASE_PROCUREMENT-2013-AIRFORCE_MISSILE-MasterJustificationBook_Air_Force_PB_2013.zzz_unzipped-MasterJustificationBook_Air_Force_PB_2013.xml","b59085466dd5e913b48412ac5b92463d4bc7563b8d00212750b70963a637457a","5-9698c6babdbbe9ee0c479fd74b04d8b3c0d3b370c8f6b245df83d900d74d95c9","0-696db32bb7959e39e5ffeced87919ebd0733ffe4711bd8b7fabee7cd0a60bbc6","root.record.ItemExhibitList.P5Item"
"1.  Containers and Cables","A","0.000","0.814","0.905","0.906","0.000","0.906","0.906","0.907","0.907","0.907","6.886","13.138","","","","","","","","","","","","","2013-BASE_PROCUREMENT-2013-AIRFORCE_MISSILE-MasterJustificationBook_Air_Force_PB_2013.zzz_unzipped-MasterJustificationBook_Air_Force_PB_2013.xml","bd94e016655fb7e8c18ca6cbc8a1281d2289738dab2784f61b0c5091b6f90251","0-3759a4236c6abd86564525ba7336972db9a33f15f30a30bdc80cd4b3cfcc8101","0-c4d0a9e184309ef9059a3627bbb56132289a9eb6b153abd0cf3b88d7c7550c36","root.record.ItemExhibitList.P5Item"
"Containers and Cables","A","","","","","","","","","","","","","1.696","0.886","0.896","0.896","0.896","0.896","0.896","0.896","4.741","11.803","","","2015-BASE_PROCUREMENT-2015-AIRFORCE_MISSILE-PROCUREMENT_JustificationBook_Air_Force_PB_2015.zzz_unzipped-PROCUREMENT_JustificationBook_Air_Force_PB_2015.xml","e791207ec97797e3d4add01d11a482a385dc05778a73e6c7a0d9982bbffa533d","0-4ba76c220482d2a951eb09bf2102f7de632cf793d28b45c0c66441d92e5fe0e8","0-d58094d8406a2e4d5d73b9402860c2b7d589756b920ac406b93f812b4197a9da","root.record.ItemExhibitList.P5Item"
"Containers and Cables","A","","","","","","","","","","","","","1.696","0.886","0.896","0.896","0.896","0.896","0.896","0.896","4.741","11.803","","","2015-BASE_PROCUREMENT-2015-AIRFORCE_MISSILE-PROCUREMENT_MasterJustificationBook_Air_Force_PB_2015.zzz_unzipped-PROCUREMENT_MasterJustificationBook_Air_Force_PB_2015.xml","3e3eea93282c4f3279d4edd48276a257d03bc72b5b9b844c2237b14711e6b6db","0-4f9ad4b0b39b38a40c94f73c3d03c81b10457492143f109af9700ab06981e0a2","0-0329e418fb40eb5366fa0a534883c42e1c240c6118b642816983fdd42ce7a7e4","root.record.ItemExhibitList.P5Item"
"BA Trainers","","","","","","","","","","","","","","","","27.529","27.529","","","","","","","","","2018-BASE_PROCUREMENT-2018-AIRFORCE_AMMUNITION-U_PROCUREMENT_JustificationBook_Air_Force_PB_2018.zzz_unzipped-U_PROCUREMENT_JustificationBook_Air_Force_PB_2018.xml","4e556b87336aa79100d4803e900d244a7156d4dd8d8f6b26cd3ec27f992e16fb","0-bcb38ffb6890aa6e91b68533d8fcd2ff80adfb06f273a3ce3e0e803985737dfd","0-7b621f21ba05a437aea3e4aa165606994aa00ba9d04f4ee44f03ba99c4f234b1","root.record.ItemExhibitList.P5Item"
"T&H Gear","","","","","","","","","","","","","","","","12.121","12.121","","","","","","","","","2018-BASE_PROCUREMENT-2018-AIRFORCE_AMMUNITION-U_PROCUREMENT_JustificationBook_Air_Force_PB_2018.zzz_unzipped-U_PROCUREMENT_JustificationBook_Air_Force_PB_2018.xml","4e556b87336aa79100d4803e900d244a7156d4dd8d8f6b26cd3ec27f992e16fb","1-8e67ad401f39565f9df40b6b4c2500941de0ecf67963e3738570f7c3d25046d9","0-7b621f21ba05a437aea3e4aa165606994aa00ba9d04f4ee44f03ba99c4f234b1","root.record.ItemExhibitList.P5Item"
"BA Trainers","","","","","","","","","","","","","","","","27.529","27.529","","","","","","","","","2018-BASE_PROCUREMENT-2018-AIRFORCE_AMMUNITION-U_PROCUREMENT_MasterJustificationBook_Air_Force_PB_2018.zzz_unzipped-U_PROCUREMENT_MasterJustificationBook_Air_Force_PB_2018.xml","63cece1a674f1f0912ca47ccc55131b5fec02f521a4eb768eb56d7c1d9e6ec09","0-a60b60bf9b76fbf0a383a46c57b1932af6fb77b90a4a1146edba59142c4b488b","0-1d14e714579f47eaf64ea0eb42d1d09d3ef2d6aa001ff9949069ad2a81058a52","root.record.ItemExhibitList.P5Item"
"T&H Gear","","","","","","","","","","","","","","","","12.121","12.121","","","","","","","","","2018-BASE_PROCUREMENT-2018-AIRFORCE_AMMUNITION-U_PROCUREMENT_MasterJustificationBook_Air_Force_PB_2018.zzz_unzipped-U_PROCUREMENT_MasterJustificationBook_Air_Force_PB_2018.xml","63cece1a674f1f0912ca47ccc55131b5fec02f521a4eb768eb56d7c1d9e6ec09","1-c7c2a9762e80a02581397651603e5100918af2e37cae1d3ef4b88e3246fea1a1","0-1d14e714579f47eaf64ea0eb42d1d09d3ef2d6aa001ff9949069ad2a81058a52","root.record.ItemExhibitList.P5Item"
"Bomb Assembly (BA) Trainers","","","","","","","","","","","","","","","27.529","26.613","26.613","","","","","","","6.511","","2019-BASE_PROCUREMENT-2019-AIRFORCE_AMMUNITION-U_PROCUREMENT_JustificationBook_Air_Force_PB_2019.zzz_unzipped-U_PROCUREMENT_JustificationBook_Air_Force_PB_2019.xml","febe812ff6da49c74047d6ca8ec01f4aa83c73b56f8c312dc3f34dd1983e8647","0-4f71f945af8d26e97ecf2bc8b99c07e1ab93d965a1287f9b2260a624197388cf","0-9bc33420605d7ac34e7076de421c0d1b3e29455257f3f2c6cef216c2bcb076c4","root.record.ItemExhibitList.P5Item"
"Test Equipment (SATS)","","","","","","","","","","","","","","","","0.58","0.58","","","","","","","","","2019-BASE_PROCUREMENT-2019-AIRFORCE_AMMUNITION-U_PROCUREMENT_JustificationBook_Air_Force_PB_2019.zzz_unzipped-U_PROCUREMENT_JustificationBook_Air_Force_PB_2019.xml","febe812ff6da49c74047d6ca8ec01f4aa83c73b56f8c312dc3f34dd1983e8647","1-664a2a4a18941b2b6a4ffad6fa5f8daa1f813b9f62b8db611f9ffcd306294399","0-9bc33420605d7ac34e7076de421c0d1b3e29455257f3f2c6cef216c2bcb076c4","root.record.ItemExhibitList.P5Item"
"T&H Gear","","","","","","","","","","","","","","","12.121","","","","","","","","","","","2019-BASE_PROCUREMENT-2019-AIRFORCE_AMMUNITION-U_PROCUREMENT_JustificationBook_Air_Force_PB_2019.zzz_unzipped-U_PROCUREMENT_JustificationBook_Air_Force_PB_2019.xml","febe812ff6da49c74047d6ca8ec01f4aa83c73b56f8c312dc3f34dd1983e8647","2-716458ecad263d5b09895ca35d17dae0aa5a6cfdfd8e1065ae3c9a54f825feaa","0-9bc33420605d7ac34e7076de421c0d1b3e29455257f3f2c6cef216c2bcb076c4","root.record.ItemExhibitList.P5Item"
"Bomb Assembly (BA) Trainers","","","","","","","","","","","","","","","27.529","26.613","26.613","","","","","","","6.511","","2019-BASE_PROCUREMENT-2019-AIRFORCE_AMMUNITION-U_PROCUREMENT_MasterJustificationBook_Air_Force_PB_2019.zzz_unzipped-U_PROCUREMENT_MasterJustificationBook_Air_Force_PB_2019.xml","c48d29353e3e6e5cf9c29adfc0105bdb804a21b25e74ec61fd9d65a6eb451eb5","0-e9d9d3afac2ee6d7955145c9061d36402d8ed3fd61b1b88d669048e722fe8303","0-05c3752fbf02b180cd44bca9bbdf7f2a6cd6a5d175c30e1e3eb7481d1a9b038b","root.record.ItemExhibitList.P5Item"
"Test Equipment (SATS)","","","","","","","","","","","","","","","","0.58","0.58","","","","","","","","","2019-BASE_PROCUREMENT-2019-AIRFORCE_AMMUNITION-U_PROCUREMENT_MasterJustificationBook_Air_Force_PB_2019.zzz_unzipped-U_PROCUREMENT_MasterJustificationBook_Air_Force_PB_2019.xml","c48d29353e3e6e5cf9c29adfc0105bdb804a21b25e74ec61fd9d65a6eb451eb5","1-ba78ffbbfbb4ad855bb1a3c75f9e4da7fc35becbd2a31598dc586b1a96feb183","0-05c3752fbf02b180cd44bca9bbdf7f2a6cd6a5d175c30e1e3eb7481d1a9b038b","root.record.ItemExhibitList.P5Item"
"T&H Gear","","","","","","","","","","","","","","","12.121","","","","","","","","","","","2019-BASE_PROCUREMENT-2019-AIRFORCE_AMMUNITION-U_PROCUREMENT_MasterJustificationBook_Air_Force_PB_2019.zzz_unzipped-U_PROCUREMENT_MasterJustificationBook_Air_Force_PB_2019.xml","c48d29353e3e6e5cf9c29adfc0105bdb804a21b25e74ec61fd9d65a6eb451eb5","2-ef06dd401c81114196f9166ef586d621aa697582fb0ad8b2d15b0cc722e4f5bb","0-05c3752fbf02b180cd44bca9bbdf7f2a6cd6a5d175c30e1e3eb7481d1a9b038b","root.record.ItemExhibitList.P5Item"
"Bomb Assembly (BA) Trainers","","","","","","","","","","","","","","36.68","19.366","0","0.2","","","","","","","6.511","0.2","2020-BASE_PROCUREMENT-2020-AIRFORCE_AMMUNITION-U_PROCUREMENT_JustificationBook_Air_Force_PB_2020.zzz_unzipped-U_PROCUREMENT_JustificationBook_Air_Force_PB_2020.xml","1e63ae67232bf79d1dab02b538ecf7c46601ae68ff91e61ae778a77cc9004f0c","0-5b376fa5d82fd13500ca30fed3b4b8f2f1c317a4a3ab0089e6a3aa44860fb547","0-6474c8c3f054eaa147c4375d9ff45319afca5c82f909fe0c220e0547e8cb7bb0","root.record.ItemExhibitList.P5Item"
"Test Equipment (SATS)","","","","","","","","","","","","","","","2.696","0","0","","","","","","","","","2020-BASE_PROCUREMENT-2020-AIRFORCE_AMMUNITION-U_PROCUREMENT_JustificationBook_Air_Force_PB_2020.zzz_unzipped-U_PROCUREMENT_JustificationBook_Air_Force_PB_2020.xml","1e63ae67232bf79d1dab02b538ecf7c46601ae68ff91e61ae778a77cc9004f0c","1-7d2f4b0a975078987f18a5170d8867f7d096ecc46e3548d6012d819c7e600992","0-6474c8c3f054eaa147c4375d9ff45319afca5c82f909fe0c220e0547e8cb7bb0","root.record.ItemExhibitList.P5Item"
"T&H Gear","","","","","","","","","","","","","","16.457","","","","","","","","","","","","2020-BASE_PROCUREMENT-2020-AIRFORCE_AMMUNITION-U_PROCUREMENT_JustificationBook_Air_Force_PB_2020.zzz_unzipped-U_PROCUREMENT_JustificationBook_Air_Force_PB_2020.xml","1e63ae67232bf79d1dab02b538ecf7c46601ae68ff91e61ae778a77cc9004f0c","2-d42014365de744f7a732640f86520467736f836a1c69136e7064d3de1b722aea","0-6474c8c3f054eaa147c4375d9ff45319afca5c82f909fe0c220e0547e8cb7bb0","root.record.ItemExhibitList.P5Item"
"Bomb Assembly (BA) Trainers","","","","","","","","","","","","","","36.68","19.366","0","0.2","","","","","","","6.511","0.2","2020-BASE_PROCUREMENT-2020-AIRFORCE_AMMUNITION-U_PROCUREMENT_MasterJustificationBook_Air_Force_PB_2020.zzz_unzipped-U_PROCUREMENT_MasterJustificationBook_Air_Force_PB_2020.xml","df0c24c79714db965bc49d1f6003f0cd9a2210c6efa351193d977c7178374dba","0-c1c58fbcabe428266fd4532257c1efd2c1c246a94c9a8844cbdf6b08878455a0","0-1ed5dc368b4d2ec7223a0b2baafcad46559b295c1d95929e48c103e3e9ef6860","root.record.ItemExhibitList.P5Item"
"Test Equipment (SATS)","","","","","","","","","","","","","","","2.696","0","0","","","","","","","","","2020-BASE_PROCUREMENT-2020-AIRFORCE_AMMUNITION-U_PROCUREMENT_MasterJustificationBook_Air_Force_PB_2020.zzz_unzipped-U_PROCUREMENT_MasterJustificationBook_Air_Force_PB_2020.xml","df0c24c79714db965bc49d1f6003f0cd9a2210c6efa351193d977c7178374dba","1-f0918cc721dae2554670bcfff59f4b59c8ad9a6ee458ee28dd08741383a5aee6","0-1ed5dc368b4d2ec7223a0b2baafcad46559b295c1d95929e48c103e3e9ef6860","root.record.ItemExhibitList.P5Item"
"T&H Gear","","","","","","","","","","","","","","16.457","","","","","","","","","","","","2020-BASE_PROCUREMENT-2020-AIRFORCE_AMMUNITION-U_PROCUREMENT_MasterJustificationBook_Air_Force_PB_2020.zzz_unzipped-U_PROCUREMENT_MasterJustificationBook_Air_Force_PB_2020.xml","df0c24c79714db965bc49d1f6003f0cd9a2210c6efa351193d977c7178374dba","2-0908f5f51898fc5a51d28be434daf4d2411f0c3cde092d751997fc01a2d481b3","0-1ed5dc368b4d2ec7223a0b2baafcad46559b295c1d95929e48c103e3e9ef6860","root.record.ItemExhibitList.P5Item"
