Name_val,WhenRequiredInMonths_val,Cost_AllPriorYears_val,Cost_PriorYear_val,Cost_Total_val,Cost_CurrentYear_val,Cost_BudgetYearOne_val,Cost_BudgetYearTwo_val,Cost_BudgetYearThree_val,Cost_BudgetYearFour_val,Cost_BudgetYearFive_val,Cost_ToComplete_val,Cost_Continuing_val,ManufacturerList_Manufacturer_Name_val,ManufacturerList_Manufacturer_Location_val,ManufacturerList_Manufacturer_InitialQuantity_ProductionLeadTimeAfterOct1InMonths_val,ManufacturerList_Manufacturer_InitialQuantity_TotalLeadTimeAfterOct1InMonths_val,ManufacturerList_Manufacturer_InitialQuantity_AdminLeadTimeBeforeOct1InMonths_val,ManufacturerList_Manufacturer_InitialQuantity_AdminLeadTimeAfterOct1InMonths_val,@SOURCE_FILENAME,@RECORDID,@ROWID,QuantityPerAssembly_val,ForFY_val,SCNProductionLeadtime_val,@PARENTROWID,@PARENT
"GPS III SV 03-08 Long Lead Parts","0","177.463","82.507","259.97","","","","","","","","","Lockheed Martin","Newtown, PA","0","0","","","2015-BASE_PROCUREMENT-2015-AIRFORCE_MISSILE-PROCUREMENT_JustificationBook_Air_Force_PB_2015.zzz_unzipped-PROCUREMENT_JustificationBook_Air_Force_PB_2015.xml","27d3e87bb2fc7e3e342a740b15883c038cc1395873b8ef70810bbcfee7a54946","0-3a73d584d4b91755bf627d433a5e8e5373e207ae0849abfa9e119af57602a16c","","","","0-ad9964882e54ae34e1ded8959f737cc4508fe787b98db6383ce71985e312c736","root.record.ItemExhibitList.P5Item"
"GPS III SV 09+ Long Lead Parts","0","","","1121.297","52.167","57","121.828","121.828","124.021","126.253","518.2","","Lockheed Martin","Newtown, PA","0","0","","","2015-BASE_PROCUREMENT-2015-AIRFORCE_MISSILE-PROCUREMENT_JustificationBook_Air_Force_PB_2015.zzz_unzipped-PROCUREMENT_JustificationBook_Air_Force_PB_2015.xml","27d3e87bb2fc7e3e342a740b15883c038cc1395873b8ef70810bbcfee7a54946","0-0c68e9e615610bce2a7a79e2c4c08cf14325f2467f8303e377ef5d0556fa1f81","","","","1-03d7df91d4741af241d3cfbfbe6f1658f01e04d33b8d0831baf0ebb0d3dfd752","root.record.ItemExhibitList.P5Item"
"GPS III SV 03-08 Long Lead Parts","0","177.463","82.507","259.97","","","","","","","","","Lockheed Martin","Newtown, PA","0","0","","","2015-BASE_PROCUREMENT-2015-AIRFORCE_MISSILE-PROCUREMENT_MasterJustificationBook_Air_Force_PB_2015.zzz_unzipped-PROCUREMENT_MasterJustificationBook_Air_Force_PB_2015.xml","33b3b0ad5835d13cc15e7e273b3a3b0e797b8b7474e6a63df610479ef30e8683","0-aa00de8f4811402b9e0f7521f49c203250782cc6616e6a59c2e7d036d02ce68e","","","","0-415e8f35f9e47221871732ef775e60d667536ecbdc53d0e8a183fe8bbb787030","root.record.ItemExhibitList.P5Item"
"GPS III SV 09+ Long Lead Parts","0","","","1121.297","52.167","57","121.828","121.828","124.021","126.253","518.2","","Lockheed Martin","Newtown, PA","0","0","","","2015-BASE_PROCUREMENT-2015-AIRFORCE_MISSILE-PROCUREMENT_MasterJustificationBook_Air_Force_PB_2015.zzz_unzipped-PROCUREMENT_MasterJustificationBook_Air_Force_PB_2015.xml","33b3b0ad5835d13cc15e7e273b3a3b0e797b8b7474e6a63df610479ef30e8683","0-2c73485e3ed642a80ee9998ac7a08bd4e6eeed99eafe2bdbb91e1e14166eccbe","","","","1-853036f5332d63785717bcdefd0ac7f0173d0f537dd660feb932fafcd77d9853","root.record.ItemExhibitList.P5Item"
"Apache Block III - Reman","12","926.684","107.707","","150.931","157.338","","","","","","","See End Item P-5A/NA","See End Item P-5A","","","","","2015-BASE_PROCUREMENT-2015-ARMY_AIRCRAFT-PROCUREMENT_JustificationBook_Army_PB_2015.zzz_unzipped-PROCUREMENT_JustificationBook_Army_PB_2015.xml","62f6ef9a043a9fec682788a7de44311e99dedee29bd5c341afa6fde24eb5828a","0-f5a067427a59f97189d9b3c5e21dc4995a5cbe00e3926283d6c348ae6a83d324","","","","0-efe048a88788e145eafdb54ddf7fbfff0da6e476d0ccbba4f573e89cb9ebbfd2","root.record.ItemExhibitList.P5Item"
"AH-64E Apache New Build","12","84.264","146.121","","","","","","","","","","See End Item P-5A/NA","See End Item P-5A","","","","","2015-BASE_PROCUREMENT-2015-ARMY_AIRCRAFT-PROCUREMENT_JustificationBook_Army_PB_2015.zzz_unzipped-PROCUREMENT_JustificationBook_Army_PB_2015.xml","2bdce7c18153efee420e7677d1e5f3e6ba384304fd1aecc685db4f2c5604c74c","0-8f35cd15ed3096bc97d8158ecea952090ca66d9b1f3d2c5ffeb9ad1ef3c55441","","","","0-792de5979fcd3034b058ae5b1d5a6b30e908375166d113103361ff5e0fc8607e","root.record.ItemExhibitList.P5Item"
"CFE Airframe","6","470.074","36.578","","43.449","42.737","","","","","","","See End Item P-5A/NA","See End Item P-5A","","","","","2015-BASE_PROCUREMENT-2015-ARMY_AIRCRAFT-PROCUREMENT_JustificationBook_Army_PB_2015.zzz_unzipped-PROCUREMENT_JustificationBook_Army_PB_2015.xml","fd4b9a1a29f6b7830f84536375508fd7a710871d0b914e998de479d348ca9efb","0-2ffdd8e6c0c2098197d0a49f8302703493ada5ac51d67d956d5d676bf1c2937c","1","","","0-ade21978ddb007258042ef5e42bdf27beece1b76190c62c81fd2be40a2d252f9","root.record.ItemExhibitList.P5Item"
"Auxiliary Power Unit","3","19.582","3.82","","3.723","4.588","","","","","","","See End Item P-5A/NA","See End Item P-5A","","","","","2015-BASE_PROCUREMENT-2015-ARMY_AIRCRAFT-PROCUREMENT_JustificationBook_Army_PB_2015.zzz_unzipped-PROCUREMENT_JustificationBook_Army_PB_2015.xml","fd4b9a1a29f6b7830f84536375508fd7a710871d0b914e998de479d348ca9efb","1-b1293792af4d07a7893c8e03540ee3acdd3af27b81f4f82bad613dfbc7c80c44","1","","","0-ade21978ddb007258042ef5e42bdf27beece1b76190c62c81fd2be40a2d252f9","root.record.ItemExhibitList.P5Item"
"Engines","3","320.806","62.213","","56.79","69.978","","","","","","","See End Item P-5A/NA","See End Item P-5A","","","","","2015-BASE_PROCUREMENT-2015-ARMY_AIRCRAFT-PROCUREMENT_JustificationBook_Army_PB_2015.zzz_unzipped-PROCUREMENT_JustificationBook_Army_PB_2015.xml","fd4b9a1a29f6b7830f84536375508fd7a710871d0b914e998de479d348ca9efb","2-e0fe9fee9796ccbcdf7a63a03ddfdc39b204c89b436b44bcb0680f8e2e4fcb0a","2","","","0-ade21978ddb007258042ef5e42bdf27beece1b76190c62c81fd2be40a2d252f9","root.record.ItemExhibitList.P5Item"
"EGI","3","51.189","9.482","","9.243","11.39","","","","","","","See End Item P-5A/NA","See End Item P-5A","","","","","2015-BASE_PROCUREMENT-2015-ARMY_AIRCRAFT-PROCUREMENT_JustificationBook_Army_PB_2015.zzz_unzipped-PROCUREMENT_JustificationBook_Army_PB_2015.xml","fd4b9a1a29f6b7830f84536375508fd7a710871d0b914e998de479d348ca9efb","3-e8b2ba63272f6a9a7db8374aa28b46c603165300e06025afeb2673553fa3ae57","2","","","0-ade21978ddb007258042ef5e42bdf27beece1b76190c62c81fd2be40a2d252f9","root.record.ItemExhibitList.P5Item"
"Heads Up Display AVS-7","3","15.79","2.868","","2.796","3.445","","","","","","","See End Item P-5A/NA","See End Item P-5A","","","","","2015-BASE_PROCUREMENT-2015-ARMY_AIRCRAFT-PROCUREMENT_JustificationBook_Army_PB_2015.zzz_unzipped-PROCUREMENT_JustificationBook_Army_PB_2015.xml","fd4b9a1a29f6b7830f84536375508fd7a710871d0b914e998de479d348ca9efb","4-b460661aaaf39cc8e8b394295a64ae2280a57ef0836b7196a97c99ad49d3ebaa","1","","","0-ade21978ddb007258042ef5e42bdf27beece1b76190c62c81fd2be40a2d252f9","root.record.ItemExhibitList.P5Item"
"Warhead","19","50.373","6.935","","6.999","7.018","","","","","","","See End Item P-5A/NA","See End Item P-5A","","","","","2015-BASE_PROCUREMENT-2015-ARMY_MISSLE-PROCUREMENT_JustificationBook_Army_PB_2015.zzz_unzipped-PROCUREMENT_JustificationBook_Army_PB_2015.xml","722a40da3be7b01ec420e03ad622a1883abd6d254e969c30e850f4d31ce0dc24","0-70b0a49964d219a5060dfe833d2109d8c6e295631dae3ecebf94ccea5ae4a3ef","","","","0-5ab726ac303498f9ab11177b98389f0a8daa6a08ac7c771a00d423255685d5ed","root.record.ItemExhibitList.P5Item"
"Launch Motor","14","6.588","0.905","","0.905","0.905","","","","","","","See End Item P-5A/NA","See End Item P-5A","","","","","2015-BASE_PROCUREMENT-2015-ARMY_MISSLE-PROCUREMENT_JustificationBook_Army_PB_2015.zzz_unzipped-PROCUREMENT_JustificationBook_Army_PB_2015.xml","722a40da3be7b01ec420e03ad622a1883abd6d254e969c30e850f4d31ce0dc24","1-85ae8ebc07a275f82d24b05b0a1c3d1c525ec0249c4a1d27c35ea7c5f76caac4","","","","0-5ab726ac303498f9ab11177b98389f0a8daa6a08ac7c771a00d423255685d5ed","root.record.ItemExhibitList.P5Item"
"Flight Motor","12","2.308","0.17","","0.17","0.17","","","","","","","See End Item P-5A/NA","See End Item P-5A","","","","","2015-BASE_PROCUREMENT-2015-ARMY_MISSLE-PROCUREMENT_JustificationBook_Army_PB_2015.zzz_unzipped-PROCUREMENT_JustificationBook_Army_PB_2015.xml","722a40da3be7b01ec420e03ad622a1883abd6d254e969c30e850f4d31ce0dc24","2-b549b5055417f723623987343929869cd7b26e0d370223e3fe126839d7f4d100","","","","0-5ab726ac303498f9ab11177b98389f0a8daa6a08ac7c771a00d423255685d5ed","root.record.ItemExhibitList.P5Item"
"2B Sensor","18","62.115","8.533","","8.533","8.533","","","","","","","See End Item P-5A/NA","See End Item P-5A","","","","","2015-BASE_PROCUREMENT-2015-ARMY_MISSLE-PROCUREMENT_JustificationBook_Army_PB_2015.zzz_unzipped-PROCUREMENT_JustificationBook_Army_PB_2015.xml","722a40da3be7b01ec420e03ad622a1883abd6d254e969c30e850f4d31ce0dc24","3-23fcb6d2a9dbac884072ef071b560ad9b0e345502eab9b12446829b6006ae08a","","","","0-5ab726ac303498f9ab11177b98389f0a8daa6a08ac7c771a00d423255685d5ed","root.record.ItemExhibitList.P5Item"
"Gyro","13","11.268","1.548","","1.548","1.548","","","","","","","See End Item P-5A/NA","See End Item P-5A","","","","","2015-BASE_PROCUREMENT-2015-ARMY_MISSLE-PROCUREMENT_JustificationBook_Army_PB_2015.zzz_unzipped-PROCUREMENT_JustificationBook_Army_PB_2015.xml","722a40da3be7b01ec420e03ad622a1883abd6d254e969c30e850f4d31ce0dc24","4-c9e3459086b9ec2f86eb3f9c5bd8897d4b87c515228dfe00d1aba3f31af498a3","","","","0-5ab726ac303498f9ab11177b98389f0a8daa6a08ac7c771a00d423255685d5ed","root.record.ItemExhibitList.P5Item"
"Flight Motor Case Kit","10","2.555","0.351","","0.351","0.351","","","","","","","See End Item P-5A/NA","See End Item P-5A","","","","","2015-BASE_PROCUREMENT-2015-ARMY_MISSLE-PROCUREMENT_JustificationBook_Army_PB_2015.zzz_unzipped-PROCUREMENT_JustificationBook_Army_PB_2015.xml","722a40da3be7b01ec420e03ad622a1883abd6d254e969c30e850f4d31ce0dc24","5-90da145e767e002be2eb84aef97d5dc42e4350a6b7dd31f5e872fdd0736f6f3b","","","","0-5ab726ac303498f9ab11177b98389f0a8daa6a08ac7c771a00d423255685d5ed","root.record.ItemExhibitList.P5Item"
"Control Surface Actuators","13","6.668","0.916","","0.916","0.916","","","","","","","See End Item P-5A/NA","See End Item P-5A","","","","","2015-BASE_PROCUREMENT-2015-ARMY_MISSLE-PROCUREMENT_JustificationBook_Army_PB_2015.zzz_unzipped-PROCUREMENT_JustificationBook_Army_PB_2015.xml","722a40da3be7b01ec420e03ad622a1883abd6d254e969c30e850f4d31ce0dc24","6-9cb63197ea5e2f44882f05d25741f1ed93f5f3c996b97fce42cbf61bc97d6447","","","","0-5ab726ac303498f9ab11177b98389f0a8daa6a08ac7c771a00d423255685d5ed","root.record.ItemExhibitList.P5Item"
"Beacon Shutter Actuator","11","3.951","0.543","","0.543","0.543","","","","","","","See End Item P-5A/NA","See End Item P-5A","","","","","2015-BASE_PROCUREMENT-2015-ARMY_MISSLE-PROCUREMENT_JustificationBook_Army_PB_2015.zzz_unzipped-PROCUREMENT_JustificationBook_Army_PB_2015.xml","722a40da3be7b01ec420e03ad622a1883abd6d254e969c30e850f4d31ce0dc24","7-37c494ea6c22a92b8c66798d7b8fd60324cf50445eeafd940b1f4767fb662156","","","","0-5ab726ac303498f9ab11177b98389f0a8daa6a08ac7c771a00d423255685d5ed","root.record.ItemExhibitList.P5Item"
"MK72 Boosters","29","","","","","20.58","20.971","20.861","26.442","26.944","","true","TBD","TBD","29","29","0","0","2015-BASE_PROCUREMENT-2015-DEFENSE_MDA-PROCUREMENT_JustificationBook_Missile_Defense_Agency_PB_2015.zzz_unzipped-PROCUREMENT_JustificationBook_Missile_Defense_Agency_PB_2015.xml","871ed13dc6bbadf09a6840de2eb4536eb285b3b925625ab4f8982bbcee7d0b0c","0-3c2e41b35b8ab0367f5ce1b21078fb80b829cbf2c2ba80a79c2d1b38289d57aa","1","2016","","0-a1929c32c8126ffc79aa96aa15d3a25d0a043152744f708d00b8eecc7f1ff740","root.record.ItemExhibitList.P5Item"
"MK 104 Dual Thrust Rocket Motors","26","","","","","13.86","14.123","14.049","17.808","18.146","","true","TBD","TBD","26","26","0","0","2015-BASE_PROCUREMENT-2015-DEFENSE_MDA-PROCUREMENT_JustificationBook_Missile_Defense_Agency_PB_2015.zzz_unzipped-PROCUREMENT_JustificationBook_Missile_Defense_Agency_PB_2015.xml","871ed13dc6bbadf09a6840de2eb4536eb285b3b925625ab4f8982bbcee7d0b0c","1-d4c3bd99645717bc64b1165642f5cebc74863e02cca39a35efd5d751ea56f0a8","1","2016","","0-a1929c32c8126ffc79aa96aa15d3a25d0a043152744f708d00b8eecc7f1ff740","root.record.ItemExhibitList.P5Item"
"Integrated Dewar Assemblies","35","","","","","18.06","18.404","18.306","23.204","23.645","","true","TBD","TBD","35","35","0","0","2015-BASE_PROCUREMENT-2015-DEFENSE_MDA-PROCUREMENT_JustificationBook_Missile_Defense_Agency_PB_2015.zzz_unzipped-PROCUREMENT_JustificationBook_Missile_Defense_Agency_PB_2015.xml","871ed13dc6bbadf09a6840de2eb4536eb285b3b925625ab4f8982bbcee7d0b0c","2-69b7ebf9776075709a00d8816a7acb053c0e4bf823382f587ddff729fbe0230f","1","2016","","0-a1929c32c8126ffc79aa96aa15d3a25d0a043152744f708d00b8eecc7f1ff740","root.record.ItemExhibitList.P5Item"
"Circuit Card Assemblies","26","","","","","16.38","16.691","16.603","21.045","21.445","","true","TBD","TBD","26","26","0","0","2015-BASE_PROCUREMENT-2015-DEFENSE_MDA-PROCUREMENT_JustificationBook_Missile_Defense_Agency_PB_2015.zzz_unzipped-PROCUREMENT_JustificationBook_Missile_Defense_Agency_PB_2015.xml","871ed13dc6bbadf09a6840de2eb4536eb285b3b925625ab4f8982bbcee7d0b0c","3-0752c34ccd8a6dda8c7d56e4051e335ee40c3a2e1ce6f9e708e731b646ae555a","1","2016","","0-a1929c32c8126ffc79aa96aa15d3a25d0a043152744f708d00b8eecc7f1ff740","root.record.ItemExhibitList.P5Item"
"MK72 Boosters","29","","","","","20.58","20.971","20.861","26.442","26.944","","true","TBD","TBD","29","29","0","0","2015-BASE_PROCUREMENT-2015-DEFENSE_MDA-PROCUREMENT_MasterJustificationBook_Missile_Defense_Agency_PB_2015.zzz_unzipped-PROCUREMENT_MasterJustificationBook_Missile_Defense_Agency_PB_2015.xml","a2c1fa7460f99b0686c1d03620554a078d5dbe057abc9a54c1f45d51b951755c","0-1e015f85581d08e11c4b691f48de45d6379baaf4d9853082abf8f3ebbc0fc3ab","1","2016","","0-ffea5c095751cb028c08e20363ad1c3565005ed6334ec06d16e80f7a9314d9d4","root.record.ItemExhibitList.P5Item"
"MK 104 Dual Thrust Rocket Motors","26","","","","","13.86","14.123","14.049","17.808","18.146","","true","TBD","TBD","26","26","0","0","2015-BASE_PROCUREMENT-2015-DEFENSE_MDA-PROCUREMENT_MasterJustificationBook_Missile_Defense_Agency_PB_2015.zzz_unzipped-PROCUREMENT_MasterJustificationBook_Missile_Defense_Agency_PB_2015.xml","a2c1fa7460f99b0686c1d03620554a078d5dbe057abc9a54c1f45d51b951755c","1-ebbe8983b131c2c91df8401e0bf318743cdb7e45b277ba0324572c32856d4538","1","2016","","0-ffea5c095751cb028c08e20363ad1c3565005ed6334ec06d16e80f7a9314d9d4","root.record.ItemExhibitList.P5Item"
"Integrated Dewar Assemblies","35","","","","","18.06","18.404","18.306","23.204","23.645","","true","TBD","TBD","35","35","0","0","2015-BASE_PROCUREMENT-2015-DEFENSE_MDA-PROCUREMENT_MasterJustificationBook_Missile_Defense_Agency_PB_2015.zzz_unzipped-PROCUREMENT_MasterJustificationBook_Missile_Defense_Agency_PB_2015.xml","a2c1fa7460f99b0686c1d03620554a078d5dbe057abc9a54c1f45d51b951755c","2-af475ad3cf90fa53c561d0ae083094e8107537554ef1156958627f991eb8af89","1","2016","","0-ffea5c095751cb028c08e20363ad1c3565005ed6334ec06d16e80f7a9314d9d4","root.record.ItemExhibitList.P5Item"
"Circuit Card Assemblies","26","","","","","16.38","16.691","16.603","21.045","21.445","","true","TBD","TBD","26","26","0","0","2015-BASE_PROCUREMENT-2015-DEFENSE_MDA-PROCUREMENT_MasterJustificationBook_Missile_Defense_Agency_PB_2015.zzz_unzipped-PROCUREMENT_MasterJustificationBook_Missile_Defense_Agency_PB_2015.xml","a2c1fa7460f99b0686c1d03620554a078d5dbe057abc9a54c1f45d51b951755c","3-8c8b816bc1f4d1700f6b849198ddeac553f39c4dca5965f735a37ee90230210a","1","2016","","0-ffea5c095751cb028c08e20363ad1c3565005ed6334ec06d16e80f7a9314d9d4","root.record.ItemExhibitList.P5Item"
"Apache Block III - Reman","12","563.392","150.9","","157.338","209.93","","","","","","","See End Item P-5A/NA","See End Item P-5A","","","","","2016-BASE_PROCUREMENT-2016-ARMY_AIRCRAFT-PROCUREMENT_JustificationBook_Army_PB_2016.zzz_unzipped-PROCUREMENT_JustificationBook_Army_PB_2016.xml","9344ac11b4fa76a618675d937f3fe42ebc84b65beaa2732695b13bb0e1911270","0-59bd0e22582e04fed669bbc20fa1e991d8506cf1c04ae902e818ccd243a76db9","","","","0-2386ae629ef3ddd9d7af30650666c877874d90241913bb9e1e609cda37bdd37c","root.record.ItemExhibitList.P5Item"
"CFE Airframe","6","506.652","33.389","","31.94","58.115","","","","","","","See End Item P-5A/NA","See End Item P-5A","","","","","2016-BASE_PROCUREMENT-2016-ARMY_AIRCRAFT-PROCUREMENT_JustificationBook_Army_PB_2016.zzz_unzipped-PROCUREMENT_JustificationBook_Army_PB_2016.xml","35561decf1186cab62534ac5ef5e8832877d90792e1d60872f5196bad9dd6cca","0-dbd554056c0246267a8c96be860ebc58f47837ee4e2906251d2c9517c7525932","1","","","0-edc5251af6557185b854615dfbe493983b531183174df5d8fee8f2ad9e96d0ee","root.record.ItemExhibitList.P5Item"
"Auxiliary Power Unit","3","23.402","4.214","","4.347","3.518","","","","","","","See End Item P-5A/NA","See End Item P-5A","","","","","2016-BASE_PROCUREMENT-2016-ARMY_AIRCRAFT-PROCUREMENT_JustificationBook_Army_PB_2016.zzz_unzipped-PROCUREMENT_JustificationBook_Army_PB_2016.xml","35561decf1186cab62534ac5ef5e8832877d90792e1d60872f5196bad9dd6cca","1-ff32b887beec372ff4dffbd0eaca8afa7370f20003ee0f6085fbc88876dc4142","1","","","0-edc5251af6557185b854615dfbe493983b531183174df5d8fee8f2ad9e96d0ee","root.record.ItemExhibitList.P5Item"
"Engines","3","383.019","64.772","","66.798","54.07","","","","","","","See End Item P-5A/NA","See End Item P-5A","","","","","2016-BASE_PROCUREMENT-2016-ARMY_AIRCRAFT-PROCUREMENT_JustificationBook_Army_PB_2016.zzz_unzipped-PROCUREMENT_JustificationBook_Army_PB_2016.xml","35561decf1186cab62534ac5ef5e8832877d90792e1d60872f5196bad9dd6cca","2-0e029cdec14e4d32436412a5ad7637c50685343f031cc3e743dac5ddd8818b63","2","","","0-edc5251af6557185b854615dfbe493983b531183174df5d8fee8f2ad9e96d0ee","root.record.ItemExhibitList.P5Item"
"EGI","3","60.671","10.462","","10.79","8.734","","","","","","","See End Item P-5A/NA","See End Item P-5A","","","","","2016-BASE_PROCUREMENT-2016-ARMY_AIRCRAFT-PROCUREMENT_JustificationBook_Army_PB_2016.zzz_unzipped-PROCUREMENT_JustificationBook_Army_PB_2016.xml","35561decf1186cab62534ac5ef5e8832877d90792e1d60872f5196bad9dd6cca","3-29fe011fed7b5b656d67a7255d26d7597282c704b4c5972165f8f2fd09823964","2","","","0-edc5251af6557185b854615dfbe493983b531183174df5d8fee8f2ad9e96d0ee","root.record.ItemExhibitList.P5Item"
"Heads Up Display AVS-7","3","18.658","3.164","","3.263","2.642","","","","","","","See End Item P-5A/NA","See End Item P-5A","","","","","2016-BASE_PROCUREMENT-2016-ARMY_AIRCRAFT-PROCUREMENT_JustificationBook_Army_PB_2016.zzz_unzipped-PROCUREMENT_JustificationBook_Army_PB_2016.xml","35561decf1186cab62534ac5ef5e8832877d90792e1d60872f5196bad9dd6cca","4-deb391224bae04c4dbcee2da12ec9929e91ce9f8f36c8f34939d36cd1611b40b","1","","","0-edc5251af6557185b854615dfbe493983b531183174df5d8fee8f2ad9e96d0ee","root.record.ItemExhibitList.P5Item"
"Hover Infrared Suppressor","3","25.361","","","","","","","","","","","See End Item P-5A/NA","See End Item P-5A","","","","","2016-BASE_PROCUREMENT-2016-ARMY_AIRCRAFT-PROCUREMENT_JustificationBook_Army_PB_2016.zzz_unzipped-PROCUREMENT_JustificationBook_Army_PB_2016.xml","35561decf1186cab62534ac5ef5e8832877d90792e1d60872f5196bad9dd6cca","5-4261ea5bc7cead3d1b39c88a46fb7650a36a92e5f09e162ff0f0e62992fad8fa","","","","0-edc5251af6557185b854615dfbe493983b531183174df5d8fee8f2ad9e96d0ee","root.record.ItemExhibitList.P5Item"
"Miscellaneous","3","15.651","","","","","","","","","","","See End Item P-5A/NA","See End Item P-5A","","","","","2016-BASE_PROCUREMENT-2016-ARMY_AIRCRAFT-PROCUREMENT_JustificationBook_Army_PB_2016.zzz_unzipped-PROCUREMENT_JustificationBook_Army_PB_2016.xml","35561decf1186cab62534ac5ef5e8832877d90792e1d60872f5196bad9dd6cca","6-6b8dc986a74969a1c82610098136feab1e26669e52fe94e2bf6ef218dd99cde6","","","","0-edc5251af6557185b854615dfbe493983b531183174df5d8fee8f2ad9e96d0ee","root.record.ItemExhibitList.P5Item"
"Warhead","19","57.293","6.999","","7.018","","","","","","","","See End Item P-5A/NA","See End Item P-5A","","","","","2016-BASE_PROCUREMENT-2016-ARMY_MISSLE-PROCUREMENT_JustificationBook_Army_PB_2016.zzz_unzipped-PROCUREMENT_JustificationBook_Army_PB_2016.xml","a165d0be6144e6f49e80b5586363567ae0ec4790d0f3b569f3260420117a3760","0-9848bbcf38853dee86f45844dcace785b27e3b8b468f1c162748f14884202b4c","","","","0-8838d3ace38a0263492c1415b6e377cee57eb3b26c5f594d7386e2d60f9b24e8","root.record.ItemExhibitList.P5Item"
"Launch Motor","14","7.493","0.905","","0.905","","","","","","","","See End Item P-5A/NA","See End Item P-5A","","","","","2016-BASE_PROCUREMENT-2016-ARMY_MISSLE-PROCUREMENT_JustificationBook_Army_PB_2016.zzz_unzipped-PROCUREMENT_JustificationBook_Army_PB_2016.xml","a165d0be6144e6f49e80b5586363567ae0ec4790d0f3b569f3260420117a3760","1-ef52d026ee10a0411cd65391a30928909b4e0e4fbe8473bb652903ef5ea439c5","","","","0-8838d3ace38a0263492c1415b6e377cee57eb3b26c5f594d7386e2d60f9b24e8","root.record.ItemExhibitList.P5Item"
"Flight Motor","12","2.478","0.17","","0.17","","","","","","","","See End Item P-5A/NA","See End Item P-5A","","","","","2016-BASE_PROCUREMENT-2016-ARMY_MISSLE-PROCUREMENT_JustificationBook_Army_PB_2016.zzz_unzipped-PROCUREMENT_JustificationBook_Army_PB_2016.xml","a165d0be6144e6f49e80b5586363567ae0ec4790d0f3b569f3260420117a3760","2-e3451edd3b7015d8e9efb31705c81ded293ffb60ec6dbda5eb32ddcff23dc653","","","","0-8838d3ace38a0263492c1415b6e377cee57eb3b26c5f594d7386e2d60f9b24e8","root.record.ItemExhibitList.P5Item"
"2B Sensor","18","42.194","8.533","","8.533","","","","","","","","See End Item P-5A/NA","See End Item P-5A","","","","","2016-BASE_PROCUREMENT-2016-ARMY_MISSLE-PROCUREMENT_JustificationBook_Army_PB_2016.zzz_unzipped-PROCUREMENT_JustificationBook_Army_PB_2016.xml","a165d0be6144e6f49e80b5586363567ae0ec4790d0f3b569f3260420117a3760","3-0f9b2f42fe6e934779d1c0e6a9c257af79463963942bf8ceab6c85d0ffee39ce","","","","0-8838d3ace38a0263492c1415b6e377cee57eb3b26c5f594d7386e2d60f9b24e8","root.record.ItemExhibitList.P5Item"
"Gyro","13","12.816","1.548","","1.548","","","","","","","","See End Item P-5A/NA","See End Item P-5A","","","","","2016-BASE_PROCUREMENT-2016-ARMY_MISSLE-PROCUREMENT_JustificationBook_Army_PB_2016.zzz_unzipped-PROCUREMENT_JustificationBook_Army_PB_2016.xml","a165d0be6144e6f49e80b5586363567ae0ec4790d0f3b569f3260420117a3760","4-b4b4f65dc334a8016462b7172d17b80c7bb9e7ea0cad75170bc32ba59f2d31d2","","","","0-8838d3ace38a0263492c1415b6e377cee57eb3b26c5f594d7386e2d60f9b24e8","root.record.ItemExhibitList.P5Item"
"Flight Motor Case Kit","10","2.906","0.351","","0.351","","","","","","","","See End Item P-5A/NA","See End Item P-5A","","","","","2016-BASE_PROCUREMENT-2016-ARMY_MISSLE-PROCUREMENT_JustificationBook_Army_PB_2016.zzz_unzipped-PROCUREMENT_JustificationBook_Army_PB_2016.xml","a165d0be6144e6f49e80b5586363567ae0ec4790d0f3b569f3260420117a3760","5-ae763a03efc5ec000d21db87a5a6467486170622fa58a017373dc3b818c584a0","","","","0-8838d3ace38a0263492c1415b6e377cee57eb3b26c5f594d7386e2d60f9b24e8","root.record.ItemExhibitList.P5Item"
"Control Surface Actuators","13","7.584","0.916","","0.916","","","","","","","","See End Item P-5A/NA","See End Item P-5A","","","","","2016-BASE_PROCUREMENT-2016-ARMY_MISSLE-PROCUREMENT_JustificationBook_Army_PB_2016.zzz_unzipped-PROCUREMENT_JustificationBook_Army_PB_2016.xml","a165d0be6144e6f49e80b5586363567ae0ec4790d0f3b569f3260420117a3760","6-db4c9fb85e9a2b1bdfdf54ab2a7bc0885e3c4053a7b48a7de575788666c6e240","","","","0-8838d3ace38a0263492c1415b6e377cee57eb3b26c5f594d7386e2d60f9b24e8","root.record.ItemExhibitList.P5Item"
"Beacon Shutter Actuator","11","4.494","0.543","","0.543","","","","","","","","See End Item P-5A/NA","See End Item P-5A","","","","","2016-BASE_PROCUREMENT-2016-ARMY_MISSLE-PROCUREMENT_JustificationBook_Army_PB_2016.zzz_unzipped-PROCUREMENT_JustificationBook_Army_PB_2016.xml","a165d0be6144e6f49e80b5586363567ae0ec4790d0f3b569f3260420117a3760","7-b48aa48541e9f71a19ff40cfa68a7978e8198165330139004a10ee61964b2a07","","","","0-8838d3ace38a0263492c1415b6e377cee57eb3b26c5f594d7386e2d60f9b24e8","root.record.ItemExhibitList.P5Item"
"CFE","6","342.743","125.162","","114.494","116.685","","","","","","","See End Item P-5A/NA","See End Item P-5A","6","6","","","2017-BASE_PROCUREMENT-2017-ARMY_AIRCRAFT-U_PROCUREMENT_JustificationBook_Army_PB_2017.zzz_unzipped-U_PROCUREMENT_JustificationBook_Army_PB_2017.xml","1f70a6b78589233ad91d21a4ae69bce2801aaf1036db7b0daab5a6799826990c","0-9110016f08e4e30c266936fd94f44ff14ab30d7f4827383082334b7ffa41f48b","26","","6","0-f3bd0263854edb564d0c4da436c60f7047e9fd23693d48d23cb886f4da2cf77d","root.record.ItemExhibitList.P5Item"
"GFE","6","342.743","32.176","","95.436","68.475","","","","","","","See End Item P-5A/NA","See End Item P-5A","6","6","","","2017-BASE_PROCUREMENT-2017-ARMY_AIRCRAFT-U_PROCUREMENT_JustificationBook_Army_PB_2017.zzz_unzipped-U_PROCUREMENT_JustificationBook_Army_PB_2017.xml","1f70a6b78589233ad91d21a4ae69bce2801aaf1036db7b0daab5a6799826990c","1-b8074afba9f17fe687fbcbe32f26b7ad546ad66fa6b18dd4a0bb2983506647a1","26","","6","0-f3bd0263854edb564d0c4da436c60f7047e9fd23693d48d23cb886f4da2cf77d","root.record.ItemExhibitList.P5Item"
"CFE Airframe","6","555.772","31.94","","76.875","112.975","","","","","","","See End Item P-5A/NA","See End Item P-5A","18","18","","","2017-BASE_PROCUREMENT-2017-ARMY_AIRCRAFT-U_PROCUREMENT_JustificationBook_Army_PB_2017.zzz_unzipped-U_PROCUREMENT_JustificationBook_Army_PB_2017.xml","2bd4c0a1589e46892f050588acb05b9acd9f0eba50d9b990b2593abe3dddb364","0-23fb827302da399f6fd82dc5c0c197b5fd06a29ade09ded6fe481eea0169adf3","1","","18","0-d5b999a9db8a8f430248f22160ae73cb422c37f4fe37dcc42045b742e84cc8e7","root.record.ItemExhibitList.P5Item"
"Auxiliary Power Unit","3","27.851","4.347","","2.56","3.133","","","","","","","See End Item P-5A/NA","See End Item P-5A","6","6","","","2017-BASE_PROCUREMENT-2017-ARMY_AIRCRAFT-U_PROCUREMENT_JustificationBook_Army_PB_2017.zzz_unzipped-U_PROCUREMENT_JustificationBook_Army_PB_2017.xml","2bd4c0a1589e46892f050588acb05b9acd9f0eba50d9b990b2593abe3dddb364","1-5a2853ac2e3e4093c16376f7e7af932e34e4fd61769c35d01b5bbc5dfac9e505","1","","6","0-d5b999a9db8a8f430248f22160ae73cb422c37f4fe37dcc42045b742e84cc8e7","root.record.ItemExhibitList.P5Item"
"Engines","3","432.92","66.798","","39.368","47.953","","","","","","","See End Item P-5A/NA","See End Item P-5A","14","14","","","2017-BASE_PROCUREMENT-2017-ARMY_AIRCRAFT-U_PROCUREMENT_JustificationBook_Army_PB_2017.zzz_unzipped-U_PROCUREMENT_JustificationBook_Army_PB_2017.xml","2bd4c0a1589e46892f050588acb05b9acd9f0eba50d9b990b2593abe3dddb364","2-ecccd4d081ce292d7dc51f730fab4eda71439fdbcbdb462e10bbf1e2c6ba45a8","2","","14","0-d5b999a9db8a8f430248f22160ae73cb422c37f4fe37dcc42045b742e84cc8e7","root.record.ItemExhibitList.P5Item"
"EGI","3","66.489","10.79","","6.354","7.705","","","","","","","See End Item P-5A/NA","See End Item P-5A","12","12","","","2017-BASE_PROCUREMENT-2017-ARMY_AIRCRAFT-U_PROCUREMENT_JustificationBook_Army_PB_2017.zzz_unzipped-U_PROCUREMENT_JustificationBook_Army_PB_2017.xml","2bd4c0a1589e46892f050588acb05b9acd9f0eba50d9b990b2593abe3dddb364","3-5d8102282b7564dcfee3b0946299d0ab995f0ee36734ca9e2eacafb904326f86","2","","12","0-d5b999a9db8a8f430248f22160ae73cb422c37f4fe37dcc42045b742e84cc8e7","root.record.ItemExhibitList.P5Item"
"Heads Up Display AVS-7","3","21.773","3.263","","1.922","2.341","","","","","","","See End Item P-5A/NA","See End Item P-5A","9","9","","","2017-BASE_PROCUREMENT-2017-ARMY_AIRCRAFT-U_PROCUREMENT_JustificationBook_Army_PB_2017.zzz_unzipped-U_PROCUREMENT_JustificationBook_Army_PB_2017.xml","2bd4c0a1589e46892f050588acb05b9acd9f0eba50d9b990b2593abe3dddb364","4-94d22103e9f854bd99d8a4c26f94c23570c1ccf081de24501b612435690dcb58","1","","9","0-d5b999a9db8a8f430248f22160ae73cb422c37f4fe37dcc42045b742e84cc8e7","root.record.ItemExhibitList.P5Item"
"Hover Infrared Suppressor","1","28.959","","","0","","","","","","","","See End Item P-5A/NA","See End Item P-5A","1","1","","","2017-BASE_PROCUREMENT-2017-ARMY_AIRCRAFT-U_PROCUREMENT_JustificationBook_Army_PB_2017.zzz_unzipped-U_PROCUREMENT_JustificationBook_Army_PB_2017.xml","2bd4c0a1589e46892f050588acb05b9acd9f0eba50d9b990b2593abe3dddb364","5-3f910fe0b71aa126e0a4cf41f453bc2ab57dce721e155f202af64f217bbe795a","","","1","0-d5b999a9db8a8f430248f22160ae73cb422c37f4fe37dcc42045b742e84cc8e7","root.record.ItemExhibitList.P5Item"
"Miscellaneous","1","15.651","","","0","","","","","","","","See End Item P-5A/NA","See End Item P-5A","1","1","","","2017-BASE_PROCUREMENT-2017-ARMY_AIRCRAFT-U_PROCUREMENT_JustificationBook_Army_PB_2017.zzz_unzipped-U_PROCUREMENT_JustificationBook_Army_PB_2017.xml","2bd4c0a1589e46892f050588acb05b9acd9f0eba50d9b990b2593abe3dddb364","6-997c55668680440372f4087b3d051a36af8e186f1e3a77bb9ecadec63db9b0a7","","","1","0-d5b999a9db8a8f430248f22160ae73cb422c37f4fe37dcc42045b742e84cc8e7","root.record.ItemExhibitList.P5Item"
"eTalin 4000","12","","","","","0.651","","","","","","","See End Item P-5A/NA","See End Item P-5A","13","13","","","2017-BASE_PROCUREMENT-2017-ARMY_MISSLE-U_PROCUREMENT_JustificationBook_Army_PB_2017.zzz_unzipped-U_PROCUREMENT_JustificationBook_Army_PB_2017.xml","abc7ddfa27f1d2d1fc08f8d9bc3ce8fba2a52b95a3784cecbaf8994aa4ab9ac3","0-1094f48338fd32e09ff9f760cadab3c4023f9b4ac1fe9b7e4005c8404fdbee3c","1","","13","0-6b5802d82d5c3ee36589979f8ad4ac7457f8233b7f330a15a538acc728992bc0","root.record.ItemExhibitList.P5Item"
"Weapon Interface Unit (WIU)","12","","","","","0.783","","","","","","","See End Item P-5A/NA","See End Item P-5A","12","12","","","2017-BASE_PROCUREMENT-2017-ARMY_MISSLE-U_PROCUREMENT_JustificationBook_Army_PB_2017.zzz_unzipped-U_PROCUREMENT_JustificationBook_Army_PB_2017.xml","abc7ddfa27f1d2d1fc08f8d9bc3ce8fba2a52b95a3784cecbaf8994aa4ab9ac3","1-b58a931590c9127fc91ededc9f9c349770882570eea8a5588069a169539cf090","1","","12","0-6b5802d82d5c3ee36589979f8ad4ac7457f8233b7f330a15a538acc728992bc0","root.record.ItemExhibitList.P5Item"
"Rails","12","","","","","10.665","","","","","","","See End Item P-5A/NA","See End Item P-5A","12","12","","","2017-BASE_PROCUREMENT-2017-ARMY_MISSLE-U_PROCUREMENT_JustificationBook_Army_PB_2017.zzz_unzipped-U_PROCUREMENT_JustificationBook_Army_PB_2017.xml","abc7ddfa27f1d2d1fc08f8d9bc3ce8fba2a52b95a3784cecbaf8994aa4ab9ac3","2-12f9135644ff32d08dd8073b10559d8fe45d24c79e5ac32e33c8866d23be0600","15","","12","0-6b5802d82d5c3ee36589979f8ad4ac7457f8233b7f330a15a538acc728992bc0","root.record.ItemExhibitList.P5Item"
"Weapon Control Unit(WCU)","12","","","","","2.7","","","","","","","See End Item P-5A/NA","See End Item P-5A","12","12","","","2017-BASE_PROCUREMENT-2017-ARMY_MISSLE-U_PROCUREMENT_JustificationBook_Army_PB_2017.zzz_unzipped-U_PROCUREMENT_JustificationBook_Army_PB_2017.xml","abc7ddfa27f1d2d1fc08f8d9bc3ce8fba2a52b95a3784cecbaf8994aa4ab9ac3","3-470d9f2f0ae9fd370d96077cb85412a7c901ef0a2916ff3a147a3c0a3a269aa5","15","","12","0-6b5802d82d5c3ee36589979f8ad4ac7457f8233b7f330a15a538acc728992bc0","root.record.ItemExhibitList.P5Item"
"Common Power Supply (CPS)","12","","","","","0.45","","","","","","","See End Item P-5A/NA","See End Item P-5A","12","12","","","2017-BASE_PROCUREMENT-2017-ARMY_MISSLE-U_PROCUREMENT_JustificationBook_Army_PB_2017.zzz_unzipped-U_PROCUREMENT_JustificationBook_Army_PB_2017.xml","abc7ddfa27f1d2d1fc08f8d9bc3ce8fba2a52b95a3784cecbaf8994aa4ab9ac3","4-f791ae396e597d735cbc17e76badee17b76e26d2bceed448ffc9a004030dec25","1","","12","0-6b5802d82d5c3ee36589979f8ad4ac7457f8233b7f330a15a538acc728992bc0","root.record.ItemExhibitList.P5Item"
"Launch Control Unit (LCU)","12","","","","","0.45","","","","","","","See End Item P-5A/NA","See End Item P-5A","12","12","","","2017-BASE_PROCUREMENT-2017-ARMY_MISSLE-U_PROCUREMENT_JustificationBook_Army_PB_2017.zzz_unzipped-U_PROCUREMENT_JustificationBook_Army_PB_2017.xml","abc7ddfa27f1d2d1fc08f8d9bc3ce8fba2a52b95a3784cecbaf8994aa4ab9ac3","5-0054092fa5a2cb42d89013560883d47af68c76cf66d3d4156a828fcad5e65f7e","1","","12","0-6b5802d82d5c3ee36589979f8ad4ac7457f8233b7f330a15a538acc728992bc0","root.record.ItemExhibitList.P5Item"
"SEPM","12","","","","","3.62","","","","","","","See End Item P-5A/NA","See End Item P-5A","12","12","","","2017-BASE_PROCUREMENT-2017-ARMY_MISSLE-U_PROCUREMENT_JustificationBook_Army_PB_2017.zzz_unzipped-U_PROCUREMENT_JustificationBook_Army_PB_2017.xml","abc7ddfa27f1d2d1fc08f8d9bc3ce8fba2a52b95a3784cecbaf8994aa4ab9ac3","6-b0fd2fd977d0e9e0747f47ac63255b9f1375f752ec72b4dfc0af9652c3b26c16","1","","12","0-6b5802d82d5c3ee36589979f8ad4ac7457f8233b7f330a15a538acc728992bc0","root.record.ItemExhibitList.P5Item"
"Guidance Section LL Items (LRIP 1)","23","","","","24.8","","","","","","","","See End Item P-5A/NA","See End Item P-5A","14","14","","","2017-BASE_PROCUREMENT-2017-ARMY_MISSLE-U_PROCUREMENT_JustificationBook_Army_PB_2017.zzz_unzipped-U_PROCUREMENT_JustificationBook_Army_PB_2017.xml","8e5e79c284bc6a2fded409e3c871f1ba2ee794aa21282c392687ee8481df7ce2","0-f924d777c6b732114d59e20c99960a178d367957124641e68b6881bdedaad11b","1","","14","0-cbdd35bea57b13480a2236e95d3bfd317fc4b8174a1ba79048cdc7ce724d79b3","root.record.ItemExhibitList.P5Item"
"HELLFIRE Backend LL Items (LRIP 1)","23","","","","2.938","","","","","","","","See End Item P-5A/NA","See End Item P-5A","18","18","","","2017-BASE_PROCUREMENT-2017-ARMY_MISSLE-U_PROCUREMENT_JustificationBook_Army_PB_2017.zzz_unzipped-U_PROCUREMENT_JustificationBook_Army_PB_2017.xml","8e5e79c284bc6a2fded409e3c871f1ba2ee794aa21282c392687ee8481df7ce2","1-27ce8863a107e0ff3cfca46af746ee8b0afc1ed7d0c316a002ef2a29db046019","1","","18","0-cbdd35bea57b13480a2236e95d3bfd317fc4b8174a1ba79048cdc7ce724d79b3","root.record.ItemExhibitList.P5Item"
"Guidance Section LL Items (LRIP 2)","23","","","","0","28.1","","","","","","","See End Item P-5A/NA","See End Item P-5A","14","14","","","2017-BASE_PROCUREMENT-2017-ARMY_MISSLE-U_PROCUREMENT_JustificationBook_Army_PB_2017.zzz_unzipped-U_PROCUREMENT_JustificationBook_Army_PB_2017.xml","8e5e79c284bc6a2fded409e3c871f1ba2ee794aa21282c392687ee8481df7ce2","2-bf0c77d20ff76e006e43731d6b65bf125cd66f56038169e6edee122ac6a7c76d","1","","14","0-cbdd35bea57b13480a2236e95d3bfd317fc4b8174a1ba79048cdc7ce724d79b3","root.record.ItemExhibitList.P5Item"
"HELLFIRE Backend LL Items (LRIP 2)","23","","","","0","9","","","","","","","See End Item P-5A/NA","See End Item P-5A","18","18","","","2017-BASE_PROCUREMENT-2017-ARMY_MISSLE-U_PROCUREMENT_JustificationBook_Army_PB_2017.zzz_unzipped-U_PROCUREMENT_JustificationBook_Army_PB_2017.xml","8e5e79c284bc6a2fded409e3c871f1ba2ee794aa21282c392687ee8481df7ce2","3-24f89449a8f115c35648589a29bcc4aed1dc8f3745e3e4b904f21c1409a6588e","1","","18","0-cbdd35bea57b13480a2236e95d3bfd317fc4b8174a1ba79048cdc7ce724d79b3","root.record.ItemExhibitList.P5Item"
"Launch Motor","14","9.46","0.905","","0","0.899","","","","","","","See End Item P-5A/NA","See End Item P-5A","14","14","","","2017-BASE_PROCUREMENT-2017-ARMY_MISSLE-U_PROCUREMENT_JustificationBook_Army_PB_2017.zzz_unzipped-U_PROCUREMENT_JustificationBook_Army_PB_2017.xml","b3c74fde820ba871359db2d9522d14158bcc7cc300d55daa3c70268eb1ca04a0","0-3d2e8626cf75d9e26b4824d0f6ee43a94234e19976c322c7e8281c5f2dc4e460","1","","14","0-72e7210dfbbfc91c6eb1d9d1d1cf08b0286787489427fb76853944dfc220bcb0","root.record.ItemExhibitList.P5Item"
"Flight Motor","12","2.983","0.17","","0","0.169","","","","","","","See End Item P-5A/NA","See End Item P-5A","12","12","","","2017-BASE_PROCUREMENT-2017-ARMY_MISSLE-U_PROCUREMENT_JustificationBook_Army_PB_2017.zzz_unzipped-U_PROCUREMENT_JustificationBook_Army_PB_2017.xml","b3c74fde820ba871359db2d9522d14158bcc7cc300d55daa3c70268eb1ca04a0","1-57614287287a58f69e05f2096f6a778d8af711224d1e3b875e605c0288111e8e","1","","12","0-72e7210dfbbfc91c6eb1d9d1d1cf08b0286787489427fb76853944dfc220bcb0","root.record.ItemExhibitList.P5Item"
"Warhead","19","72.424","7.018","","0","7.07","","","","","","","See End Item P-5A/NA","See End Item P-5A","19","19","","","2017-BASE_PROCUREMENT-2017-ARMY_MISSLE-U_PROCUREMENT_JustificationBook_Army_PB_2017.zzz_unzipped-U_PROCUREMENT_JustificationBook_Army_PB_2017.xml","b3c74fde820ba871359db2d9522d14158bcc7cc300d55daa3c70268eb1ca04a0","2-2615275ba1a7ec3c689767ed116025758f7121a86f1a94f0a16ef6c70ed21fa2","1","","19","0-72e7210dfbbfc91c6eb1d9d1d1cf08b0286787489427fb76853944dfc220bcb0","root.record.ItemExhibitList.P5Item"
"Gyro","13","16.181","1.548","","0","1.537","","","","","","","See End Item P-5A/NA","See End Item P-5A","13","13","","","2017-BASE_PROCUREMENT-2017-ARMY_MISSLE-U_PROCUREMENT_JustificationBook_Army_PB_2017.zzz_unzipped-U_PROCUREMENT_JustificationBook_Army_PB_2017.xml","b3c74fde820ba871359db2d9522d14158bcc7cc300d55daa3c70268eb1ca04a0","3-54e2afce082234187410f222a775a310220437d8976692ad94862c1f2a8b251e","1","","13","0-72e7210dfbbfc91c6eb1d9d1d1cf08b0286787489427fb76853944dfc220bcb0","root.record.ItemExhibitList.P5Item"
"Flight Motor Case Kit","10","3.669","0.351","","0","0.349","","","","","","","See End Item P-5A/NA","See End Item P-5A","12","12","","","2017-BASE_PROCUREMENT-2017-ARMY_MISSLE-U_PROCUREMENT_JustificationBook_Army_PB_2017.zzz_unzipped-U_PROCUREMENT_JustificationBook_Army_PB_2017.xml","b3c74fde820ba871359db2d9522d14158bcc7cc300d55daa3c70268eb1ca04a0","4-4a7f5301c3aca2d78a9bce523f04dc01e6c29432d2c8851967e3cc877e6df84e","1","","12","0-72e7210dfbbfc91c6eb1d9d1d1cf08b0286787489427fb76853944dfc220bcb0","root.record.ItemExhibitList.P5Item"
"2B Sensor","18","57.158","8.533","","0","8.475","","","","","","","See End Item P-5A/NA","See End Item P-5A","18","18","","","2017-BASE_PROCUREMENT-2017-ARMY_MISSLE-U_PROCUREMENT_JustificationBook_Army_PB_2017.zzz_unzipped-U_PROCUREMENT_JustificationBook_Army_PB_2017.xml","b3c74fde820ba871359db2d9522d14158bcc7cc300d55daa3c70268eb1ca04a0","5-7190518b247be2af1825a5b22bb7df5b38aa2f3ec399111f138161cd80281b9b","1","","18","0-72e7210dfbbfc91c6eb1d9d1d1cf08b0286787489427fb76853944dfc220bcb0","root.record.ItemExhibitList.P5Item"
"Control Surface Actuator","13","9.575","0.916","","0","0.91","","","","","","","See End Item P-5A/NA","See End Item P-5A","13","13","","","2017-BASE_PROCUREMENT-2017-ARMY_MISSLE-U_PROCUREMENT_JustificationBook_Army_PB_2017.zzz_unzipped-U_PROCUREMENT_JustificationBook_Army_PB_2017.xml","b3c74fde820ba871359db2d9522d14158bcc7cc300d55daa3c70268eb1ca04a0","6-cddbba03c3c5d7a201859ea3abf79b2e4ff4011cb2c08b9848747fef646fb5f1","1","","13","0-72e7210dfbbfc91c6eb1d9d1d1cf08b0286787489427fb76853944dfc220bcb0","root.record.ItemExhibitList.P5Item"
"Beacon Shutter Actuator","11","5.674","0.543","","0","0.54","","","","","","","See End Item P-5A/NA","See End Item P-5A","12","12","","","2017-BASE_PROCUREMENT-2017-ARMY_MISSLE-U_PROCUREMENT_JustificationBook_Army_PB_2017.zzz_unzipped-U_PROCUREMENT_JustificationBook_Army_PB_2017.xml","b3c74fde820ba871359db2d9522d14158bcc7cc300d55daa3c70268eb1ca04a0","7-4897534b9bf1200e84e889fb0f73815ad32f3e2b649044d1c8116ae2184ea318","1","","12","0-72e7210dfbbfc91c6eb1d9d1d1cf08b0286787489427fb76853944dfc220bcb0","root.record.ItemExhibitList.P5Item"
"SV 7-8 Satellites: SV 7-8 Long Lead","12","0","","","","132.42","","","","","","","TBD","TBD","24","24","","","2018-BASE_PROCUREMENT-2018-AIRFORCE_SPACE-U_PROCUREMENT_JustificationBook_Air_Force_PB_2018.zzz_unzipped-U_PROCUREMENT_JustificationBook_Air_Force_PB_2018.xml","349c370ac6bc97a5ad160143ded991d0d22dea7de2bf966fd5e97c39409da319","0-b87767fbb51b6b5ea45b493e2fae4a37a61df9378bfa0ea7f54112525058523d","","","","2-bdd2d7bb173fd121fbc7032793dac817ba935bda6a618cb760b469268200404f","root.record.ItemExhibitList.P5Item"
"SV 7-8 Satellites: SV 7-8 Long Lead","12","0","","","","132.42","","","","","","","TBD","TBD","24","24","","","2018-BASE_PROCUREMENT-2018-AIRFORCE_SPACE-U_PROCUREMENT_MasterJustificationBook_Air_Force_PB_2018.zzz_unzipped-U_PROCUREMENT_MasterJustificationBook_Air_Force_PB_2018.xml","5a6e56aaee2cd93fc0c6924a649668af9970661371ccd8532aa15662b3047718","0-eb1befb67db897d132cd86473f6e27721a14626c96b04565db20d0a6a32b64de","","","","2-8cb9e17c335f1d30b967a3501528604db94049b0c482e897d323f50c9d245eb2","root.record.ItemExhibitList.P5Item"
"CFE","6","535.539","132.255","","116.685","107.673","","","","","","","","","","","","","2018-BASE_PROCUREMENT-2018-ARMY_AIRCRAFT-U_PROCUREMENT_JustificationBook_Army_PB_2018.zzz_unzipped-U_PROCUREMENT_JustificationBook_Army_PB_2018.xml","ebd01353ae8b080b1ab52e9195782fd3a992d3fb96174dad7091050691b1890a","0-48fff47960f26b37759fda9090c5a04f7b8386516d10f48791be49c103e688c2","26","","6","0-02db457bb92c3bf9dd087c0621f471a817672b59be09d116feee18ac646d9c77","root.record.ItemExhibitList.P5Item"
"GFE","6","307.237","77.675","","68.475","63.237","","","","","","","","","","","","","2018-BASE_PROCUREMENT-2018-ARMY_AIRCRAFT-U_PROCUREMENT_JustificationBook_Army_PB_2018.zzz_unzipped-U_PROCUREMENT_JustificationBook_Army_PB_2018.xml","ebd01353ae8b080b1ab52e9195782fd3a992d3fb96174dad7091050691b1890a","1-b14f0de10c8e7699f0aff7e9c9f24595748a0bfde6ebf572540c13019f7624f8","26","","6","0-02db457bb92c3bf9dd087c0621f471a817672b59be09d116feee18ac646d9c77","root.record.ItemExhibitList.P5Item"
"AH-64E Apache New Build","12","71.585","","","0","71.9","","","","","","","","","","","","","2018-BASE_PROCUREMENT-2018-ARMY_AIRCRAFT-U_PROCUREMENT_JustificationBook_Army_PB_2018.zzz_unzipped-U_PROCUREMENT_JustificationBook_Army_PB_2018.xml","ec4214bb0033781b58c37cb400177bb2808ac0668e64107b0f83f4b822d1a911","0-f154a2b973b0a6b5644ad3bb3c7f9ae0d60d25e2b317f6001ec61bbdab7a357d","","","12","0-82aa2c11b634ddc2bede71833f02f4316e01f3115a588c7c7b3cd74cfd89bf73","root.record.ItemExhibitList.P5Item"
"CFE Airframe","6","587.759","76.875","","103.296","28.719","","","","","","","","","","","","","2018-BASE_PROCUREMENT-2018-ARMY_AIRCRAFT-U_PROCUREMENT_JustificationBook_Army_PB_2018.zzz_unzipped-U_PROCUREMENT_JustificationBook_Army_PB_2018.xml","2c89647444558f718087948ea69b3bc60ba69293cb3483126129012ea9285f3f","0-9c1fb1fb42e8b84a46e60a06f7fbd12b588e83eb2d9b10e60519d07743499664","1","","18","0-a1316738797b6188aa75adcb5977695e43c05ab0ab210308b8b6975d27da7340","root.record.ItemExhibitList.P5Item"
"Auxiliary Power Unit","3","32.198","2.56","","2.589","2.934","","","","","","","","","","","","","2018-BASE_PROCUREMENT-2018-ARMY_AIRCRAFT-U_PROCUREMENT_JustificationBook_Army_PB_2018.zzz_unzipped-U_PROCUREMENT_JustificationBook_Army_PB_2018.xml","2c89647444558f718087948ea69b3bc60ba69293cb3483126129012ea9285f3f","1-ffb3b7de202c722a603bf8a2f935216c40b99ffc7dbb8a152e263ccced5fadbc","1","","6","0-a1316738797b6188aa75adcb5977695e43c05ab0ab210308b8b6975d27da7340","root.record.ItemExhibitList.P5Item"
"Engines","3","499.718","39.368","","39.851","45.156","","","","","","","","","","","","","2018-BASE_PROCUREMENT-2018-ARMY_AIRCRAFT-U_PROCUREMENT_JustificationBook_Army_PB_2018.zzz_unzipped-U_PROCUREMENT_JustificationBook_Army_PB_2018.xml","2c89647444558f718087948ea69b3bc60ba69293cb3483126129012ea9285f3f","2-c016fe1888f63b4d9a78a6ebef770d1c48c48ef23b810eafaf71b4d2a6da8599","2","","14","0-a1316738797b6188aa75adcb5977695e43c05ab0ab210308b8b6975d27da7340","root.record.ItemExhibitList.P5Item"
"EGI","3","77.279","6.354","","6.427","7.283","","","","","","","","","","","","","2018-BASE_PROCUREMENT-2018-ARMY_AIRCRAFT-U_PROCUREMENT_JustificationBook_Army_PB_2018.zzz_unzipped-U_PROCUREMENT_JustificationBook_Army_PB_2018.xml","2c89647444558f718087948ea69b3bc60ba69293cb3483126129012ea9285f3f","3-2db37bdfb96a9a82802c1948b77631daaf11192ba061ed32a68e68fe17ede69e","2","","12","0-a1316738797b6188aa75adcb5977695e43c05ab0ab210308b8b6975d27da7340","root.record.ItemExhibitList.P5Item"
"Heads Up Display AVS-7","3","25.036","1.922","","1.944","2.203","","","","","","","","","","","","","2018-BASE_PROCUREMENT-2018-ARMY_AIRCRAFT-U_PROCUREMENT_JustificationBook_Army_PB_2018.zzz_unzipped-U_PROCUREMENT_JustificationBook_Army_PB_2018.xml","2c89647444558f718087948ea69b3bc60ba69293cb3483126129012ea9285f3f","4-a51bc0239c66a66a5e0a201111bf5adbf60ca762b259c7e971de61eca5b82736","1","","9","0-a1316738797b6188aa75adcb5977695e43c05ab0ab210308b8b6975d27da7340","root.record.ItemExhibitList.P5Item"
"Hover Infrared Suppressor","1","28.959","","","0","","","","","","","","","","","","","","2018-BASE_PROCUREMENT-2018-ARMY_AIRCRAFT-U_PROCUREMENT_JustificationBook_Army_PB_2018.zzz_unzipped-U_PROCUREMENT_JustificationBook_Army_PB_2018.xml","2c89647444558f718087948ea69b3bc60ba69293cb3483126129012ea9285f3f","5-dea1075623348b7afecc2b6efb994fd6e1540d616ac16de2a7d40eae6b9be5c8","","","1","0-a1316738797b6188aa75adcb5977695e43c05ab0ab210308b8b6975d27da7340","root.record.ItemExhibitList.P5Item"
"Miscellaneous","1","15.651","","","0","","","","","","","","","","","","","","2018-BASE_PROCUREMENT-2018-ARMY_AIRCRAFT-U_PROCUREMENT_JustificationBook_Army_PB_2018.zzz_unzipped-U_PROCUREMENT_JustificationBook_Army_PB_2018.xml","2c89647444558f718087948ea69b3bc60ba69293cb3483126129012ea9285f3f","6-8f60ab0de80d792723c1ea6c025c7747b6ed3c117800bc18054ddfeb307786e7","","","1","0-a1316738797b6188aa75adcb5977695e43c05ab0ab210308b8b6975d27da7340","root.record.ItemExhibitList.P5Item"
"Guidance Section LL Items (LRIP 1)","23","","24.8","","0","","","","","","","","","","","","","","2018-BASE_PROCUREMENT-2018-ARMY_MISSLE-U_PROCUREMENT_JustificationBook_Army_PB_2018.zzz_unzipped-U_PROCUREMENT_JustificationBook_Army_PB_2018.xml","4cead6aa7b8f21e630078e1faa01af184d50c7548a2808d527da07f517250ab7","0-e108c4dbc230de6e4c5ac0187ced175a37cbe2ebf6fce708158a9e3ef58e690a","","","14","0-0331b01b23e208ae95a31f8179dcb464363c331a3311518468e99e9be28ae0d6","root.record.ItemExhibitList.P5Item"
"HELLFIRE Backend LL Items (LRIP 1)","23","","2.938","","0","","","","","","","","","","","","","","2018-BASE_PROCUREMENT-2018-ARMY_MISSLE-U_PROCUREMENT_JustificationBook_Army_PB_2018.zzz_unzipped-U_PROCUREMENT_JustificationBook_Army_PB_2018.xml","4cead6aa7b8f21e630078e1faa01af184d50c7548a2808d527da07f517250ab7","1-5f2ed500c249aabd2c5626f2cc8f56fafe3d63ce56a7d02d26312a8c9d7f5ebe","","","24","0-0331b01b23e208ae95a31f8179dcb464363c331a3311518468e99e9be28ae0d6","root.record.ItemExhibitList.P5Item"
"Guidance Section LL Items (LRIP 2)","23","","","","0","","","","","","","","","","","","","","2018-BASE_PROCUREMENT-2018-ARMY_MISSLE-U_PROCUREMENT_JustificationBook_Army_PB_2018.zzz_unzipped-U_PROCUREMENT_JustificationBook_Army_PB_2018.xml","4cead6aa7b8f21e630078e1faa01af184d50c7548a2808d527da07f517250ab7","2-c5791b303e26ed42af9159dd312517bc555d21a224605fe4fdfb15a2faa07f90","","","14","0-0331b01b23e208ae95a31f8179dcb464363c331a3311518468e99e9be28ae0d6","root.record.ItemExhibitList.P5Item"
"HELLFIRE Backend LL Items (LRIP 2)","23","","","","37.1","","","","","","","","","","","","","","2018-BASE_PROCUREMENT-2018-ARMY_MISSLE-U_PROCUREMENT_JustificationBook_Army_PB_2018.zzz_unzipped-U_PROCUREMENT_JustificationBook_Army_PB_2018.xml","4cead6aa7b8f21e630078e1faa01af184d50c7548a2808d527da07f517250ab7","3-c661f5951b90b0f0ff206165304f913421677c109df0989dd231c7185fd40c1d","","","24","0-0331b01b23e208ae95a31f8179dcb464363c331a3311518468e99e9be28ae0d6","root.record.ItemExhibitList.P5Item"
"Launch Motor","14","9.46","","","0.899","0.841","","","","","","","","","","","","","2018-BASE_PROCUREMENT-2018-ARMY_MISSLE-U_PROCUREMENT_JustificationBook_Army_PB_2018.zzz_unzipped-U_PROCUREMENT_JustificationBook_Army_PB_2018.xml","989a62adef07daf13af615ab52f41e43934b21e3d380b67cded0db07ce4ef4ae","0-5cb40edf0de616bec53d3679b6280b6090528b6b6abce1a79f1c6bb8f3b12e9b","1","","14","0-28cf11961f90ddc2a7e6036d2d8a692b1dbbdc076f7cba40eb28b4eda7cc7bd1","root.record.ItemExhibitList.P5Item"
"Flight Motor","12","2.983","","","0.169","0.182","","","","","","","","","","","","","2018-BASE_PROCUREMENT-2018-ARMY_MISSLE-U_PROCUREMENT_JustificationBook_Army_PB_2018.zzz_unzipped-U_PROCUREMENT_JustificationBook_Army_PB_2018.xml","989a62adef07daf13af615ab52f41e43934b21e3d380b67cded0db07ce4ef4ae","1-a21942594ae6f7e2a9ffee44284728d53cf52966577af1bf571b69437c74bfa0","1","","12","0-28cf11961f90ddc2a7e6036d2d8a692b1dbbdc076f7cba40eb28b4eda7cc7bd1","root.record.ItemExhibitList.P5Item"
"Warhead","19","72.464","","","7.07","7.129","","","","","","","","","","","","","2018-BASE_PROCUREMENT-2018-ARMY_MISSLE-U_PROCUREMENT_JustificationBook_Army_PB_2018.zzz_unzipped-U_PROCUREMENT_JustificationBook_Army_PB_2018.xml","989a62adef07daf13af615ab52f41e43934b21e3d380b67cded0db07ce4ef4ae","2-a7cfd4e8d211c7f0dc659f0dcd454693724a91baa53173310bda594ef04aa9bd","1","","19","0-28cf11961f90ddc2a7e6036d2d8a692b1dbbdc076f7cba40eb28b4eda7cc7bd1","root.record.ItemExhibitList.P5Item"
"Gyro","13","16.199","","","1.537","1.55","","","","","","","","","","","","","2018-BASE_PROCUREMENT-2018-ARMY_MISSLE-U_PROCUREMENT_JustificationBook_Army_PB_2018.zzz_unzipped-U_PROCUREMENT_JustificationBook_Army_PB_2018.xml","989a62adef07daf13af615ab52f41e43934b21e3d380b67cded0db07ce4ef4ae","3-17767a495026791386dfb5039aab40726530016c0b51733ab36785d91bc1c1e8","1","","13","0-28cf11961f90ddc2a7e6036d2d8a692b1dbbdc076f7cba40eb28b4eda7cc7bd1","root.record.ItemExhibitList.P5Item"
"Flight Motor Case Kit","10","3.669","","","0.349","0.356","","","","","","","","","","","","","2018-BASE_PROCUREMENT-2018-ARMY_MISSLE-U_PROCUREMENT_JustificationBook_Army_PB_2018.zzz_unzipped-U_PROCUREMENT_JustificationBook_Army_PB_2018.xml","989a62adef07daf13af615ab52f41e43934b21e3d380b67cded0db07ce4ef4ae","4-72c984909447818744015c2809bbd222c2d8fa3e8d957224e5c6f8719cbd8805","1","","12","0-28cf11961f90ddc2a7e6036d2d8a692b1dbbdc076f7cba40eb28b4eda7cc7bd1","root.record.ItemExhibitList.P5Item"
"2B Sensor","18","57.178","","","8.475","8.546","","","","","","","","","","","","","2018-BASE_PROCUREMENT-2018-ARMY_MISSLE-U_PROCUREMENT_JustificationBook_Army_PB_2018.zzz_unzipped-U_PROCUREMENT_JustificationBook_Army_PB_2018.xml","989a62adef07daf13af615ab52f41e43934b21e3d380b67cded0db07ce4ef4ae","5-12321224f049363359481e332bbde2b1a8ca4456f7af870e431db2e29f16816b","1","","18","0-28cf11961f90ddc2a7e6036d2d8a692b1dbbdc076f7cba40eb28b4eda7cc7bd1","root.record.ItemExhibitList.P5Item"
"Control Surface Actuator","13","9.58","","","0.91","0.841","","","","","","","","","","","","","2018-BASE_PROCUREMENT-2018-ARMY_MISSLE-U_PROCUREMENT_JustificationBook_Army_PB_2018.zzz_unzipped-U_PROCUREMENT_JustificationBook_Army_PB_2018.xml","989a62adef07daf13af615ab52f41e43934b21e3d380b67cded0db07ce4ef4ae","6-50f11a11c2f205cb8e38099ad9b627d651ad241e3734e30e1678a12ef6085358","1","","13","0-28cf11961f90ddc2a7e6036d2d8a692b1dbbdc076f7cba40eb28b4eda7cc7bd1","root.record.ItemExhibitList.P5Item"
"Beacon Shutter Actuator","11","5.674","","","0.54","0.504","","","","","","","","","","","","","2018-BASE_PROCUREMENT-2018-ARMY_MISSLE-U_PROCUREMENT_JustificationBook_Army_PB_2018.zzz_unzipped-U_PROCUREMENT_JustificationBook_Army_PB_2018.xml","989a62adef07daf13af615ab52f41e43934b21e3d380b67cded0db07ce4ef4ae","7-eda17aa0f6341e240bd875f0525f52f4539ba0b9286068804fdb309a8a80feff","1","","12","0-28cf11961f90ddc2a7e6036d2d8a692b1dbbdc076f7cba40eb28b4eda7cc7bd1","root.record.ItemExhibitList.P5Item"
"Aegis Advacned Procurement FY19","0","","","","","0","","","","","","","","","","","","","2018-BASE_RDTE-2018-MDA-U_PROCUREMENT_JustificationBook_Missile_Defense_Agency_PB_2018.zzz_unzipped-U_PROCUREMENT_JustificationBook_Missile_Defense_Agency_PB_2018.xml","c9c5626a815145d0c9affba0fbe594ecb959638643a9ad7e5b99e7688f194226","0-b08f60ab94dadb6be2be100a420d49db4b9334f5c5f812a54ad7ef66e9a8e983","1","2020","","0-50b4cb9dd1ff5b539737809c6ff987e3f6b33194502cef4dd518e8f2dfb7300a","root.record.ItemExhibitList.P5Item"
"Aegis Advanced Procurement for FY18","0","","","","","38.738","","","","","","","","","","","","","2018-BASE_RDTE-2018-MDA-U_PROCUREMENT_JustificationBook_Missile_Defense_Agency_PB_2018.zzz_unzipped-U_PROCUREMENT_JustificationBook_Missile_Defense_Agency_PB_2018.xml","c9c5626a815145d0c9affba0fbe594ecb959638643a9ad7e5b99e7688f194226","1-5b791965d264d25424489896ce82a5375aa439030b3851baee11d0d09d05ce8a","1","2019","","0-50b4cb9dd1ff5b539737809c6ff987e3f6b33194502cef4dd518e8f2dfb7300a","root.record.ItemExhibitList.P5Item"
"Aegis Advanced Procurement FY20","0","","","","","0","","","","","","","","","","","","","2018-BASE_RDTE-2018-MDA-U_PROCUREMENT_JustificationBook_Missile_Defense_Agency_PB_2018.zzz_unzipped-U_PROCUREMENT_JustificationBook_Missile_Defense_Agency_PB_2018.xml","c9c5626a815145d0c9affba0fbe594ecb959638643a9ad7e5b99e7688f194226","2-5339f3a34ddcea2764a0bed57849ff54160640c17454471a3c9362e98006c5a6","1","2021","","0-50b4cb9dd1ff5b539737809c6ff987e3f6b33194502cef4dd518e8f2dfb7300a","root.record.ItemExhibitList.P5Item"
"Aegis Advacned Procurement FY19","0","","","","","0","","","","","","","","","","","","","2018-BASE_RDTE-2018-MDA-U_PROCUREMENT_MasterJustificationBook_Missile_Defense_Agency_PB_2018.zzz_unzipped-U_PROCUREMENT_MasterJustificationBook_Missile_Defense_Agency_PB_2018.xml","5039caee7c3ec5564d5e7009ecd268457390689b961ded97c8bea51b12a56191","0-19820f82d6ff90a3931ace08bfe2171a8e52fee941bb228f4da84e1ad7d225fd","1","2020","","0-2fe8512ed9510b40ff64b667a68d13e1de90aae56fa1bf78f20d4ceac764edfc","root.record.ItemExhibitList.P5Item"
"Aegis Advanced Procurement for FY18","0","","","","","38.738","","","","","","","","","","","","","2018-BASE_RDTE-2018-MDA-U_PROCUREMENT_MasterJustificationBook_Missile_Defense_Agency_PB_2018.zzz_unzipped-U_PROCUREMENT_MasterJustificationBook_Missile_Defense_Agency_PB_2018.xml","5039caee7c3ec5564d5e7009ecd268457390689b961ded97c8bea51b12a56191","1-cb45ac643fa09ef37fb1e421646d64857603ef7f614b1557bbc40defde2cb46a","1","2019","","0-2fe8512ed9510b40ff64b667a68d13e1de90aae56fa1bf78f20d4ceac764edfc","root.record.ItemExhibitList.P5Item"
"Aegis Advanced Procurement FY20","0","","","","","0","","","","","","","","","","","","","2018-BASE_RDTE-2018-MDA-U_PROCUREMENT_MasterJustificationBook_Missile_Defense_Agency_PB_2018.zzz_unzipped-U_PROCUREMENT_MasterJustificationBook_Missile_Defense_Agency_PB_2018.xml","5039caee7c3ec5564d5e7009ecd268457390689b961ded97c8bea51b12a56191","2-95cef9ca3851edc739c6b258997f43fab3afef1470916c4aaa2caed32a620d87","1","2021","","0-2fe8512ed9510b40ff64b667a68d13e1de90aae56fa1bf78f20d4ceac764edfc","root.record.ItemExhibitList.P5Item"
"SV 7-8 Satellites: SV 7-8 Long Lead","12","","","","132.42","","","","","","","","","","","","","","2019-BASE_PROCUREMENT-2019-AIRFORCE_SPACE-U_PROCUREMENT_JustificationBook_Air_Force_PB_2019.zzz_unzipped-U_PROCUREMENT_JustificationBook_Air_Force_PB_2019.xml","69f5d537ee02fe3841147f7d8dc4885ccab93abdd3905985c9061680464c3c83","0-a27dd2359d67dba543416bb9cd75f04ca8f4914efffd6b59d5c37b9632ede875","","","","2-65d4411cc734c50c15ff3d951441084023350f3d5deb06cf11a20a74f4f7f053","root.record.ItemExhibitList.P5Item"
"SV 7-8 Satellites: SV 7-8 Long Lead","12","","","","132.42","","","","","","","","","","","","","","2019-BASE_PROCUREMENT-2019-AIRFORCE_SPACE-U_PROCUREMENT_MasterJustificationBook_Air_Force_PB_2019.zzz_unzipped-U_PROCUREMENT_MasterJustificationBook_Air_Force_PB_2019.xml","0c71715f409ac85cc53798867fc1f08294b549796ed9b5bd2c1d3370ed828913","0-a56dc96f7f9865298667cff0f6e76368274a8ba685262389db9d028b97392cbf","","","","2-243abc7311e73a9741de88d3429d0a4654c6bf79059397310de5b0f3cbaec740","root.record.ItemExhibitList.P5Item"
"Other","0","","","","","0","","","","","","","","","","","","","2019-BASE_PROCUREMENT-2019-ARMY_AIRCRAFT-U_PROCUREMENT_JustificationBook_Army_PB_2019.zzz_unzipped-U_PROCUREMENT_JustificationBook_Army_PB_2019.xml","c6efa3d1ea895e36aa6ea1c6b9d247f9f9b97c3cfc03ed6678e75bd59a8137b4","0-a6a9cf1fa972a3fa793db128031fdb53aa381b74aacc0d5497ff78ba4b454031","","","0","0-51b884f9a1a7a83810c00bc65bdec71086cf619afab98be0dc7e487ef1fad854","root.record.ItemExhibitList.P5Item"
"CFE","6","684.106","122.206","","112.801","115.203","","","","","","","","","","","","","2019-BASE_PROCUREMENT-2019-ARMY_AIRCRAFT-U_PROCUREMENT_JustificationBook_Army_PB_2019.zzz_unzipped-U_PROCUREMENT_JustificationBook_Army_PB_2019.xml","c6efa3d1ea895e36aa6ea1c6b9d247f9f9b97c3cfc03ed6678e75bd59a8137b4","1-929dd902a3fdd52c8d619a60e5ca14930488c7d0b23cf1bec202b9a3ae6f2be4","26","","6","0-51b884f9a1a7a83810c00bc65bdec71086cf619afab98be0dc7e487ef1fad854","root.record.ItemExhibitList.P5Item"
"GFE","6","357.92","62.954","","58.109","59.347","","","","","","","","","","","","","2019-BASE_PROCUREMENT-2019-ARMY_AIRCRAFT-U_PROCUREMENT_JustificationBook_Army_PB_2019.zzz_unzipped-U_PROCUREMENT_JustificationBook_Army_PB_2019.xml","c6efa3d1ea895e36aa6ea1c6b9d247f9f9b97c3cfc03ed6678e75bd59a8137b4","2-194fd226fca31de74b12ea368a820372ae64ac41cf60656e8db4a5f3ab24adaf","26","","6","0-51b884f9a1a7a83810c00bc65bdec71086cf619afab98be0dc7e487ef1fad854","root.record.ItemExhibitList.P5Item"
"AH-64E Apache New Build","12","84.507","71.8","","71.9","58.6","","","","","","","","","","","","","2019-BASE_PROCUREMENT-2019-ARMY_AIRCRAFT-U_PROCUREMENT_JustificationBook_Army_PB_2019.zzz_unzipped-U_PROCUREMENT_JustificationBook_Army_PB_2019.xml","6b1656fac8a26342409b2f62049dc7f5cdb2bd5e08549a22c3d2920f17bde265","0-a5ec2c605f7e3ee5470ecaac3c567dd687d54ab6d2e5fec3822eeac920eb2161","","","12","0-600d3ad7d3151820f62ad85b956799ea4f4db98a33e80478e574503c97d5bee9","root.record.ItemExhibitList.P5Item"
"Prior Year","0","2531.426","","","","","","","","","","","","","","","","","2019-BASE_PROCUREMENT-2019-ARMY_AIRCRAFT-U_PROCUREMENT_JustificationBook_Army_PB_2019.zzz_unzipped-U_PROCUREMENT_JustificationBook_Army_PB_2019.xml","64c87e1adb49d0fad6202288aab5cd9f3489298b37e5e52649c8f9fce35c6caf","0-4ac8fae61938af9e4325ba042e4f2c6a2d97c09ee5130be73fa3256839b8c116","","","0","0-4c4803204612a7dcf29b3832e3c6c2bd0c3a0ba7a1721b6aa174764fa270546f","root.record.ItemExhibitList.P5Item"
"CFE Airframe","6","664.634","113.308","","28.576","35.5","","","","","","","","","","","","","2019-BASE_PROCUREMENT-2019-ARMY_AIRCRAFT-U_PROCUREMENT_JustificationBook_Army_PB_2019.zzz_unzipped-U_PROCUREMENT_JustificationBook_Army_PB_2019.xml","64c87e1adb49d0fad6202288aab5cd9f3489298b37e5e52649c8f9fce35c6caf","1-62e8297139e29f8124eaafe82f09527ac65f67602b45585228e300edde0ecfb9","1","","18","0-4c4803204612a7dcf29b3832e3c6c2bd0c3a0ba7a1721b6aa174764fa270546f","root.record.ItemExhibitList.P5Item"
"Auxiliary Power Unit","3","34.758","3.098","","2.941","3.6","","","","","","","","","","","","","2019-BASE_PROCUREMENT-2019-ARMY_AIRCRAFT-U_PROCUREMENT_JustificationBook_Army_PB_2019.zzz_unzipped-U_PROCUREMENT_JustificationBook_Army_PB_2019.xml","64c87e1adb49d0fad6202288aab5cd9f3489298b37e5e52649c8f9fce35c6caf","2-7754a0d791e1924aab7365166e451b2eef4187e8aef013ccfff537c1c8fbd263","1","","6","0-4c4803204612a7dcf29b3832e3c6c2bd0c3a0ba7a1721b6aa174764fa270546f","root.record.ItemExhibitList.P5Item"
"Engines","3","539.086","47.684","","45.269","55.41","","","","","","","","","","","","","2019-BASE_PROCUREMENT-2019-ARMY_AIRCRAFT-U_PROCUREMENT_JustificationBook_Army_PB_2019.zzz_unzipped-U_PROCUREMENT_JustificationBook_Army_PB_2019.xml","64c87e1adb49d0fad6202288aab5cd9f3489298b37e5e52649c8f9fce35c6caf","3-ce0ac209c305be919ea0c08260adae9601b1d781cfe22cac440cfbb2cb0ad567","2","","14","0-4c4803204612a7dcf29b3832e3c6c2bd0c3a0ba7a1721b6aa174764fa270546f","root.record.ItemExhibitList.P5Item"
"EGI","3","83.633","7.691","","7.301","8.937","","","","","","","","","","","","","2019-BASE_PROCUREMENT-2019-ARMY_AIRCRAFT-U_PROCUREMENT_JustificationBook_Army_PB_2019.zzz_unzipped-U_PROCUREMENT_JustificationBook_Army_PB_2019.xml","64c87e1adb49d0fad6202288aab5cd9f3489298b37e5e52649c8f9fce35c6caf","4-e6c78bc9ab29fa716a51aff1127046e272941445abc4cd673c5599cc05e6146e","2","","12","0-4c4803204612a7dcf29b3832e3c6c2bd0c3a0ba7a1721b6aa174764fa270546f","root.record.ItemExhibitList.P5Item"
"Heads Up Display AVS-7","3","26.958","2.326","","2.208","2.703","","","","","","","","","","","","","2019-BASE_PROCUREMENT-2019-ARMY_AIRCRAFT-U_PROCUREMENT_JustificationBook_Army_PB_2019.zzz_unzipped-U_PROCUREMENT_JustificationBook_Army_PB_2019.xml","64c87e1adb49d0fad6202288aab5cd9f3489298b37e5e52649c8f9fce35c6caf","5-a7094f1806bf068dbdb4ad92e52f083d480a8fa7bf94970b8ee1d3beb0083180","1","","9","0-4c4803204612a7dcf29b3832e3c6c2bd0c3a0ba7a1721b6aa174764fa270546f","root.record.ItemExhibitList.P5Item"
"Hover Infrared Suppressor","1","28.959","","","","","","","","","","","","","","","","","2019-BASE_PROCUREMENT-2019-ARMY_AIRCRAFT-U_PROCUREMENT_JustificationBook_Army_PB_2019.zzz_unzipped-U_PROCUREMENT_JustificationBook_Army_PB_2019.xml","64c87e1adb49d0fad6202288aab5cd9f3489298b37e5e52649c8f9fce35c6caf","6-cdcd5a2d56d11f80abb39b5bda1d4bceb0cd409507cf38267dec35d207971b34","","","1","0-4c4803204612a7dcf29b3832e3c6c2bd0c3a0ba7a1721b6aa174764fa270546f","root.record.ItemExhibitList.P5Item"
"Miscellaneous","1","15.651","","","","","","","","","","","","","","","","","2019-BASE_PROCUREMENT-2019-ARMY_AIRCRAFT-U_PROCUREMENT_JustificationBook_Army_PB_2019.zzz_unzipped-U_PROCUREMENT_JustificationBook_Army_PB_2019.xml","64c87e1adb49d0fad6202288aab5cd9f3489298b37e5e52649c8f9fce35c6caf","7-2cfcd27e448735a26bea114ec047b107b524c899d0322395e5b0a78d71c0713e","","","1","0-4c4803204612a7dcf29b3832e3c6c2bd0c3a0ba7a1721b6aa174764fa270546f","root.record.ItemExhibitList.P5Item"
"SEPM","0","","","","","3.693","","","","","","","","","","","","","2019-BASE_PROCUREMENT-2019-ARMY_MISSLE-U_PROCUREMENT_JustificationBook_Army_PB_2019.zzz_unzipped-U_PROCUREMENT_JustificationBook_Army_PB_2019.xml","6d3c4ef124673a75c5f508699d459545dcd5fa1c2d2edd37b8ca572d6abb187f","0-facbcb1501aea6e0afcdd96c996eef1505555977505daf4bf758f7ae60a7800b","","2020","12","1-80ed49667a31c3c60727153d40e70b6df9f48e049492e915f5a8d01f8cd545d9","root.record.ItemExhibitList.P5Item"
"Data","0","","19.319","","","0.168","","","","","","","","","","","","","2019-BASE_PROCUREMENT-2019-ARMY_MISSLE-U_PROCUREMENT_JustificationBook_Army_PB_2019.zzz_unzipped-U_PROCUREMENT_JustificationBook_Army_PB_2019.xml","6d3c4ef124673a75c5f508699d459545dcd5fa1c2d2edd37b8ca572d6abb187f","1-fc88d65d50535e8a6a2941eda84cafae9fca2477d5a7ee3f07a4dec85a386188","","2020","12","1-80ed49667a31c3c60727153d40e70b6df9f48e049492e915f5a8d01f8cd545d9","root.record.ItemExhibitList.P5Item"
"Guidance Section LL Items (LRIP 1)","23","24.8","","","","","","","","","","","","","","","","","2019-BASE_PROCUREMENT-2019-ARMY_MISSLE-U_PROCUREMENT_JustificationBook_Army_PB_2019.zzz_unzipped-U_PROCUREMENT_JustificationBook_Army_PB_2019.xml","f217c54d6ceffdfdef71f9f9e089d12d593044819c53d822963bcab23bc9b26e","0-000bbd6c299b65942b31b98e8e8b326f2162734b296f0e9112f61651b5e89e20","","","14","0-1891e18c35380e629c77a0cad6a3f52a03b77fe9a130a328d1ec20bd7f3631f5","root.record.ItemExhibitList.P5Item"
"HELLFIRE Backend LL Items (LRIP 1)","23","2.938","","","","","","","","","","","","","","","","","2019-BASE_PROCUREMENT-2019-ARMY_MISSLE-U_PROCUREMENT_JustificationBook_Army_PB_2019.zzz_unzipped-U_PROCUREMENT_JustificationBook_Army_PB_2019.xml","f217c54d6ceffdfdef71f9f9e089d12d593044819c53d822963bcab23bc9b26e","1-7f68f35ecc56a9879b4a2b83ef5cf9e37ca74cbe8dd64b9c2be8f3f2bb4fe8f3","","","24","0-1891e18c35380e629c77a0cad6a3f52a03b77fe9a130a328d1ec20bd7f3631f5","root.record.ItemExhibitList.P5Item"
"Guidance Section LL Items (LRIP 2)","23","","","","","0","","","","","","","","","","","","","2019-BASE_PROCUREMENT-2019-ARMY_MISSLE-U_PROCUREMENT_JustificationBook_Army_PB_2019.zzz_unzipped-U_PROCUREMENT_JustificationBook_Army_PB_2019.xml","f217c54d6ceffdfdef71f9f9e089d12d593044819c53d822963bcab23bc9b26e","2-41fba84c6cd598eccf948cc08665220d0ef70e234face7d0ef6c8106ce4265ad","","","14","0-1891e18c35380e629c77a0cad6a3f52a03b77fe9a130a328d1ec20bd7f3631f5","root.record.ItemExhibitList.P5Item"
"HELLFIRE Backend LL Items (LRIP 2)","23","","37.1","","","","","","","","","","","","","","","","2019-BASE_PROCUREMENT-2019-ARMY_MISSLE-U_PROCUREMENT_JustificationBook_Army_PB_2019.zzz_unzipped-U_PROCUREMENT_JustificationBook_Army_PB_2019.xml","f217c54d6ceffdfdef71f9f9e089d12d593044819c53d822963bcab23bc9b26e","3-91850a5b951fccd5c5211c32e2f3ab9a12f8e0a29855786c207e675e4a236e75","","","24","0-1891e18c35380e629c77a0cad6a3f52a03b77fe9a130a328d1ec20bd7f3631f5","root.record.ItemExhibitList.P5Item"
"Warhead","19","72.424","6.611","","15.581","7.942","","","","","","","","","","","","","2019-BASE_PROCUREMENT-2019-ARMY_MISSLE-U_PROCUREMENT_JustificationBook_Army_PB_2019.zzz_unzipped-U_PROCUREMENT_JustificationBook_Army_PB_2019.xml","6a299a402f458488c665f503f10a0d7afcba1a37a9fc1ac85a2aa65290b19344","0-acf4b175cc9ecc6eaf3588750fa3bfda91f3ca5fbe7ef9cc3eb5e42abfbca7f0","1","","19","0-5af0fd6e39f0ab6728a31780e7ecf07990d53b9f2621aa7e67665c81eb6199b0","root.record.ItemExhibitList.P5Item"
"Launch Motor","14","9.46","0.838","","1.101","0.838","","","","","","","","","","","","","2019-BASE_PROCUREMENT-2019-ARMY_MISSLE-U_PROCUREMENT_JustificationBook_Army_PB_2019.zzz_unzipped-U_PROCUREMENT_JustificationBook_Army_PB_2019.xml","6a299a402f458488c665f503f10a0d7afcba1a37a9fc1ac85a2aa65290b19344","1-153539b0e1066496190da3088e52f259e3dd7c034d7477317eb471fff90e9dd6","1","","14","0-5af0fd6e39f0ab6728a31780e7ecf07990d53b9f2621aa7e67665c81eb6199b0","root.record.ItemExhibitList.P5Item"
"Flight Motor","12","2.983","0.158","","0.158","0.158","","","","","","","","","","","","","2019-BASE_PROCUREMENT-2019-ARMY_MISSLE-U_PROCUREMENT_JustificationBook_Army_PB_2019.zzz_unzipped-U_PROCUREMENT_JustificationBook_Army_PB_2019.xml","6a299a402f458488c665f503f10a0d7afcba1a37a9fc1ac85a2aa65290b19344","2-6adc2abb256e59f542fd9d38d4cc473f7cd703ae38913a69963a771e5e773f2a","1","","12","0-5af0fd6e39f0ab6728a31780e7ecf07990d53b9f2621aa7e67665c81eb6199b0","root.record.ItemExhibitList.P5Item"
"2B Sensor","18","57.143","","","","7.902","","","","","","","","","","","","","2019-BASE_PROCUREMENT-2019-ARMY_MISSLE-U_PROCUREMENT_JustificationBook_Army_PB_2019.zzz_unzipped-U_PROCUREMENT_JustificationBook_Army_PB_2019.xml","6a299a402f458488c665f503f10a0d7afcba1a37a9fc1ac85a2aa65290b19344","3-06fefa3ec891bb8a00d33e934432850e4a30b66e199949bd340b19beb7927e84","1","","18","0-5af0fd6e39f0ab6728a31780e7ecf07990d53b9f2621aa7e67665c81eb6199b0","root.record.ItemExhibitList.P5Item"
"Gyro","13","16.181","1.433","","1.433","1.433","","","","","","","","","","","","","2019-BASE_PROCUREMENT-2019-ARMY_MISSLE-U_PROCUREMENT_JustificationBook_Army_PB_2019.zzz_unzipped-U_PROCUREMENT_JustificationBook_Army_PB_2019.xml","6a299a402f458488c665f503f10a0d7afcba1a37a9fc1ac85a2aa65290b19344","4-298fc3f4cd481957c0f5b6b4a008f82c3e820a606230564368e6638ec7e3efff","1","","13","0-5af0fd6e39f0ab6728a31780e7ecf07990d53b9f2621aa7e67665c81eb6199b0","root.record.ItemExhibitList.P5Item"
"Flight Motor Case Kit","10","3.669","0.325","","0.325","0.325","","","","","","","","","","","","","2019-BASE_PROCUREMENT-2019-ARMY_MISSLE-U_PROCUREMENT_JustificationBook_Army_PB_2019.zzz_unzipped-U_PROCUREMENT_JustificationBook_Army_PB_2019.xml","6a299a402f458488c665f503f10a0d7afcba1a37a9fc1ac85a2aa65290b19344","5-77398ffd1d27e93843ce350bdf877ab342a3d5957ee3e7b3bb8d704763193320","1","","10","0-5af0fd6e39f0ab6728a31780e7ecf07990d53b9f2621aa7e67665c81eb6199b0","root.record.ItemExhibitList.P5Item"
"Control Surface Actuator","13","9.575","0.848","","0.848","0.848","","","","","","","","","","","","","2019-BASE_PROCUREMENT-2019-ARMY_MISSLE-U_PROCUREMENT_JustificationBook_Army_PB_2019.zzz_unzipped-U_PROCUREMENT_JustificationBook_Army_PB_2019.xml","6a299a402f458488c665f503f10a0d7afcba1a37a9fc1ac85a2aa65290b19344","6-7f4ffdc9ddb4ac2b7b948f218f6fec647169627d9b7f2f59fb77094d759a8483","1","","13","0-5af0fd6e39f0ab6728a31780e7ecf07990d53b9f2621aa7e67665c81eb6199b0","root.record.ItemExhibitList.P5Item"
"Beacon Shutter Actuator","11","5.772","0.503","","0.503","0.503","","","","","","","","","","","","","2019-BASE_PROCUREMENT-2019-ARMY_MISSLE-U_PROCUREMENT_JustificationBook_Army_PB_2019.zzz_unzipped-U_PROCUREMENT_JustificationBook_Army_PB_2019.xml","6a299a402f458488c665f503f10a0d7afcba1a37a9fc1ac85a2aa65290b19344","7-49d01cb001f9c8c24f14ec51015d10d65f9ed1b1d5a1de6fefc7688bc088cc7f","1","","11","0-5af0fd6e39f0ab6728a31780e7ecf07990d53b9f2621aa7e67665c81eb6199b0","root.record.ItemExhibitList.P5Item"
"Hardware FY19","0","","","","","115","","","","","","","","","","","","","2019-BASE_PROCUREMENT-2019-DEFENSE_MDA_VOL2-U_PROCUREMENT_JustificationBook_Missile_Defense_Agency_PB_2019.zzz_unzipped-U_PROCUREMENT_JustificationBook_Missile_Defense_Agency_PB_2019.xml","e8c2f6fc9ef5dc29cd5ff73f15fa8d6329010b733912a8020f934ec1f5a4ed9d","0-b347aaf170bfb079eb1ded750ff930e4bba4cbc3fc348b9f01858b2918f666b7","1","2019","","0-ee2551c93af4fbebbb25762089a0652f4bcb0b8226236791ee9cf4d6fa5a8cbe","root.record.ItemExhibitList.P5Item"
"Hardware FY18","0","","","","56","0","","","","","","","","","","","","","2019-BASE_PROCUREMENT-2019-DEFENSE_MDA_VOL2-U_PROCUREMENT_JustificationBook_Missile_Defense_Agency_PB_2019.zzz_unzipped-U_PROCUREMENT_JustificationBook_Missile_Defense_Agency_PB_2019.xml","e8c2f6fc9ef5dc29cd5ff73f15fa8d6329010b733912a8020f934ec1f5a4ed9d","1-8f2a391784c65ceb93b02be5e18f845e19165142c65a48aa4c82699f9967003d","1","2018","","0-ee2551c93af4fbebbb25762089a0652f4bcb0b8226236791ee9cf4d6fa5a8cbe","root.record.ItemExhibitList.P5Item"
"Hardware FY17","0","","47","","","0","","","","","","","","","","","","","2019-BASE_PROCUREMENT-2019-DEFENSE_MDA_VOL2-U_PROCUREMENT_JustificationBook_Missile_Defense_Agency_PB_2019.zzz_unzipped-U_PROCUREMENT_JustificationBook_Missile_Defense_Agency_PB_2019.xml","e8c2f6fc9ef5dc29cd5ff73f15fa8d6329010b733912a8020f934ec1f5a4ed9d","0-05299b7721e15ee6c895a557306beeb0be44a70054d1b4837da36033347d241b","1","2017","","1-c9827b531494392873075d27a176c93aa88077dfc43b1a5a1942868b0882e2e5","root.record.ItemExhibitList.P5Item"
"Hardware FY18","0","","","","32","0","","","","","","","","","","","","","2019-BASE_PROCUREMENT-2019-DEFENSE_MDA_VOL2-U_PROCUREMENT_JustificationBook_Missile_Defense_Agency_PB_2019.zzz_unzipped-U_PROCUREMENT_JustificationBook_Missile_Defense_Agency_PB_2019.xml","e8c2f6fc9ef5dc29cd5ff73f15fa8d6329010b733912a8020f934ec1f5a4ed9d","1-81f8f6a6d75a8f507fcc861998e9d2df7737b4e0048d93bd9967ab5f8b73d988","1","2018","","1-c9827b531494392873075d27a176c93aa88077dfc43b1a5a1942868b0882e2e5","root.record.ItemExhibitList.P5Item"
"Aegis Advacned Procurement FY19","0","","","","","115.206","","","","","","","","","","","","","2019-BASE_PROCUREMENT-2019-DEFENSE_MDA_VOL2-U_PROCUREMENT_JustificationBook_Missile_Defense_Agency_PB_2019.zzz_unzipped-U_PROCUREMENT_JustificationBook_Missile_Defense_Agency_PB_2019.xml","fff9c76ce4ea578c6ae82ddaaa12d9cf45c6b39fb4307897a1a44b6612fc09e7","0-14142edbc1dd7188d4a51b27432b0c65332c3e2a192b435d08cbc3451852e597","1","2020","","0-f1a4cb11367277ae4809e522e7817e5bc43444ce7864c7483de540642810cf71","root.record.ItemExhibitList.P5Item"
"Aegis Advanced Procurement for FY18","0","","","","38.738","0","","","","","","","","","","","","","2019-BASE_PROCUREMENT-2019-DEFENSE_MDA_VOL2-U_PROCUREMENT_JustificationBook_Missile_Defense_Agency_PB_2019.zzz_unzipped-U_PROCUREMENT_JustificationBook_Missile_Defense_Agency_PB_2019.xml","fff9c76ce4ea578c6ae82ddaaa12d9cf45c6b39fb4307897a1a44b6612fc09e7","1-77da2ce298c5385995beb1b80aa3939aed09d6d3b20c61b955872243c76b1bf2","1","2019","","0-f1a4cb11367277ae4809e522e7817e5bc43444ce7864c7483de540642810cf71","root.record.ItemExhibitList.P5Item"
"Hardware FY19","0","","","","","115","","","","","","","","","","","","","2019-BASE_PROCUREMENT-2019-DEFENSE_MDA_VOL2-U_PROCUREMENT_MasterJustificationBook_Missile_Defense_Agency_PB_2019.zzz_unzipped-U_PROCUREMENT_MasterJustificationBook_Missile_Defense_Agency_PB_2019.xml","5ed4e88d5b620bd69b58bd32f54ea48803b63588c9991f1b0a0dbbb5060dac82","0-224dd63d9b132c6bc3338e01f4e7d3b9a83b0f5ab3e996dac814981db9f40ae0","1","2019","","0-20e895f16a444547e985fc9a85eed00eba7692565bcdaee371df46667e111170","root.record.ItemExhibitList.P5Item"
"Hardware FY18","0","","","","56","0","","","","","","","","","","","","","2019-BASE_PROCUREMENT-2019-DEFENSE_MDA_VOL2-U_PROCUREMENT_MasterJustificationBook_Missile_Defense_Agency_PB_2019.zzz_unzipped-U_PROCUREMENT_MasterJustificationBook_Missile_Defense_Agency_PB_2019.xml","5ed4e88d5b620bd69b58bd32f54ea48803b63588c9991f1b0a0dbbb5060dac82","1-94394f9dab3ab70560999350c047b5cd3dff3589bd258aa641e9fe9f380ce933","1","2018","","0-20e895f16a444547e985fc9a85eed00eba7692565bcdaee371df46667e111170","root.record.ItemExhibitList.P5Item"
"Hardware FY17","0","","47","","","0","","","","","","","","","","","","","2019-BASE_PROCUREMENT-2019-DEFENSE_MDA_VOL2-U_PROCUREMENT_MasterJustificationBook_Missile_Defense_Agency_PB_2019.zzz_unzipped-U_PROCUREMENT_MasterJustificationBook_Missile_Defense_Agency_PB_2019.xml","5ed4e88d5b620bd69b58bd32f54ea48803b63588c9991f1b0a0dbbb5060dac82","0-223c1f9888d1b6f8990eddb54add52d2032e4b87353afa469ac18a5aad956f57","1","2017","","1-7e4949f0197278f014aea5322787bcf6704d46c16ebc8d26a10191fec51c7b29","root.record.ItemExhibitList.P5Item"
"Hardware FY18","0","","","","32","0","","","","","","","","","","","","","2019-BASE_PROCUREMENT-2019-DEFENSE_MDA_VOL2-U_PROCUREMENT_MasterJustificationBook_Missile_Defense_Agency_PB_2019.zzz_unzipped-U_PROCUREMENT_MasterJustificationBook_Missile_Defense_Agency_PB_2019.xml","5ed4e88d5b620bd69b58bd32f54ea48803b63588c9991f1b0a0dbbb5060dac82","1-41d5d3a1f590b3d605e28babab46f99c60f61d438758009c2e5cef20d382bcb0","1","2018","","1-7e4949f0197278f014aea5322787bcf6704d46c16ebc8d26a10191fec51c7b29","root.record.ItemExhibitList.P5Item"
"Aegis Advacned Procurement FY19","0","","","","","115.206","","","","","","","","","","","","","2019-BASE_PROCUREMENT-2019-DEFENSE_MDA_VOL2-U_PROCUREMENT_MasterJustificationBook_Missile_Defense_Agency_PB_2019.zzz_unzipped-U_PROCUREMENT_MasterJustificationBook_Missile_Defense_Agency_PB_2019.xml","be5f3109c7ed516301db7e6dae9a0c9107a2812ae233087835c8c41d2c46374e","0-4e68e629d7775768cec4c4ae443769ed9bdf4eacd0239fcf9445490005fdc593","1","2020","","0-1a748088191d19071b732a88eb898e016147d7645d854e46179b72df9ce05fde","root.record.ItemExhibitList.P5Item"
"Aegis Advanced Procurement for FY18","0","","","","38.738","0","","","","","","","","","","","","","2019-BASE_PROCUREMENT-2019-DEFENSE_MDA_VOL2-U_PROCUREMENT_MasterJustificationBook_Missile_Defense_Agency_PB_2019.zzz_unzipped-U_PROCUREMENT_MasterJustificationBook_Missile_Defense_Agency_PB_2019.xml","be5f3109c7ed516301db7e6dae9a0c9107a2812ae233087835c8c41d2c46374e","1-50868ed391fd968e97af693999376dece8b906097cfd620b22e40f845aad1351","1","2019","","0-1a748088191d19071b732a88eb898e016147d7645d854e46179b72df9ce05fde","root.record.ItemExhibitList.P5Item"
"CFE","6","806.312","170.91","","115.203","190.87","","","","","","","","","","","","","2020-BASE_PROCUREMENT-2020-ARMY_AIRCRAFT-U_PROCUREMENT_JustificationBook_Army_PB_2020.zzz_unzipped-U_PROCUREMENT_JustificationBook_Army_PB_2020.xml","c040489464e206f26caa5d0e93260ceada074f3f451f6e3172c35389076843f1","0-877d6928879f95e9e8ded65bd2a33adff38723acb09d4a054528fcfa35605bed","26","","6","0-4c30941d566ca0d95cbd845e4899b2458a4a2081a3e2f5cfb12aee84c570132a","root.record.ItemExhibitList.P5Item"
"GFE","6","420.874","","","59.347","","","","","","","","","","","","","","2020-BASE_PROCUREMENT-2020-ARMY_AIRCRAFT-U_PROCUREMENT_JustificationBook_Army_PB_2020.zzz_unzipped-U_PROCUREMENT_JustificationBook_Army_PB_2020.xml","c040489464e206f26caa5d0e93260ceada074f3f451f6e3172c35389076843f1","1-995edfdd4abc6c7e7fd9b554934fbb911550bf80eecc8759b1203ea2468c876b","26","","6","0-4c30941d566ca0d95cbd845e4899b2458a4a2081a3e2f5cfb12aee84c570132a","root.record.ItemExhibitList.P5Item"
"AH-64E Apache New Build","12","156.307","71.9","","58.6","","","","","","","","","","","","","","2020-BASE_PROCUREMENT-2020-ARMY_AIRCRAFT-U_PROCUREMENT_JustificationBook_Army_PB_2020.zzz_unzipped-U_PROCUREMENT_JustificationBook_Army_PB_2020.xml","00815e3446594b9b3e0250f408b957b70052f60aeef8c5e12a96dfcddf087211","0-c91b9d0f5283da951119a79e56f969690c2c08e5ad9eac5a7aadd0cf0114d427","","","12","0-d9b33b9e203b99035df34472705a095d127930c4851fb155260d868d752c647c","root.record.ItemExhibitList.P5Item"
"Prior Year","","2531.426","","","","","","","","","","","","","","","","","2020-BASE_PROCUREMENT-2020-ARMY_AIRCRAFT-U_PROCUREMENT_JustificationBook_Army_PB_2020.zzz_unzipped-U_PROCUREMENT_JustificationBook_Army_PB_2020.xml","051678080cc2d6569f7f1399159968badd9914d956128802ed8e1f1a8a9c2f33","0-889dfd826f5dc5849c57f735cb4b28c102f07f01302d1e1a0a5c1781afc84451","","","0","0-8f00b3b11e3494f83596dae347543a04cefc3e111c99479db37237399a4c3d7e","root.record.ItemExhibitList.P5Item"
"CFE Airframe","6","777.942","28.576","","35.5","25.893","","","","","","","","","","","","","2020-BASE_PROCUREMENT-2020-ARMY_AIRCRAFT-U_PROCUREMENT_JustificationBook_Army_PB_2020.zzz_unzipped-U_PROCUREMENT_JustificationBook_Army_PB_2020.xml","051678080cc2d6569f7f1399159968badd9914d956128802ed8e1f1a8a9c2f33","1-9d70e732d2e39bc7c5d922da5901136077799940624d51fce4b89c00492033e0","1","","18","0-8f00b3b11e3494f83596dae347543a04cefc3e111c99479db37237399a4c3d7e","root.record.ItemExhibitList.P5Item"
"Auxiliary Power Unit","3","37.856","2.941","","3.6","2.735","","","","","","","","","","","","","2020-BASE_PROCUREMENT-2020-ARMY_AIRCRAFT-U_PROCUREMENT_JustificationBook_Army_PB_2020.zzz_unzipped-U_PROCUREMENT_JustificationBook_Army_PB_2020.xml","051678080cc2d6569f7f1399159968badd9914d956128802ed8e1f1a8a9c2f33","2-0614ddd359c3645159c12f6d1fe5f8c90a8906cd03e8ddf02f347cacbb3a17fb","1","","6","0-8f00b3b11e3494f83596dae347543a04cefc3e111c99479db37237399a4c3d7e","root.record.ItemExhibitList.P5Item"
"Engines","3","586.77","45.269","","55.41","42.1","","","","","","","","","","","","","2020-BASE_PROCUREMENT-2020-ARMY_AIRCRAFT-U_PROCUREMENT_JustificationBook_Army_PB_2020.zzz_unzipped-U_PROCUREMENT_JustificationBook_Army_PB_2020.xml","051678080cc2d6569f7f1399159968badd9914d956128802ed8e1f1a8a9c2f33","3-cfc3fe895511caaa4b9143d5adf5c072728a193b26995a3736f0b0512fe65c1e","2","","14","0-8f00b3b11e3494f83596dae347543a04cefc3e111c99479db37237399a4c3d7e","root.record.ItemExhibitList.P5Item"
"EGI","3","91.324","7.301","","8.937","6.79","","","","","","","","","","","","","2020-BASE_PROCUREMENT-2020-ARMY_AIRCRAFT-U_PROCUREMENT_JustificationBook_Army_PB_2020.zzz_unzipped-U_PROCUREMENT_JustificationBook_Army_PB_2020.xml","051678080cc2d6569f7f1399159968badd9914d956128802ed8e1f1a8a9c2f33","4-95da198873aafe8b6f7cb97d586fc2c34fd7e71448acfd24ad7c71fc363145eb","2","","12","0-8f00b3b11e3494f83596dae347543a04cefc3e111c99479db37237399a4c3d7e","root.record.ItemExhibitList.P5Item"
"Heads Up Display AVS-7","3","29.284","2.208","","2.703","2.054","","","","","","","","","","","","","2020-BASE_PROCUREMENT-2020-ARMY_AIRCRAFT-U_PROCUREMENT_JustificationBook_Army_PB_2020.zzz_unzipped-U_PROCUREMENT_JustificationBook_Army_PB_2020.xml","051678080cc2d6569f7f1399159968badd9914d956128802ed8e1f1a8a9c2f33","5-600d9062b5552659c663a483504d96e44ec65f38c654070a1b6662000f05047b","1","","9","0-8f00b3b11e3494f83596dae347543a04cefc3e111c99479db37237399a4c3d7e","root.record.ItemExhibitList.P5Item"
"Hover Infrared Suppressor","1","28.959","","","","","","","","","","","","","","","","","2020-BASE_PROCUREMENT-2020-ARMY_AIRCRAFT-U_PROCUREMENT_JustificationBook_Army_PB_2020.zzz_unzipped-U_PROCUREMENT_JustificationBook_Army_PB_2020.xml","051678080cc2d6569f7f1399159968badd9914d956128802ed8e1f1a8a9c2f33","6-4646661a81e27dec7689596cdeef88c6e6d976dad53db8c62d52113bd8f6e44a","","","1","0-8f00b3b11e3494f83596dae347543a04cefc3e111c99479db37237399a4c3d7e","root.record.ItemExhibitList.P5Item"
"Miscellaneous","1","15.651","","","","","","","","","","","","","","","","","2020-BASE_PROCUREMENT-2020-ARMY_AIRCRAFT-U_PROCUREMENT_JustificationBook_Army_PB_2020.zzz_unzipped-U_PROCUREMENT_JustificationBook_Army_PB_2020.xml","051678080cc2d6569f7f1399159968badd9914d956128802ed8e1f1a8a9c2f33","7-47fe10e0ac0e251061f9ad7173dc7e3a6745d3e2f20740da7539908674492291","","","1","0-8f00b3b11e3494f83596dae347543a04cefc3e111c99479db37237399a4c3d7e","root.record.ItemExhibitList.P5Item"
"MML Adv Proc Materials (Rescinded by NDAA FY2018)","","19.319","","","","","","","","","","","","","","","","","2020-BASE_PROCUREMENT-2020-ARMY_MISSLE-U_PROCUREMENT_JustificationBook_Army_PB_2020.zzz_unzipped-U_PROCUREMENT_JustificationBook_Army_PB_2020.xml","50a5217e1270d0048e174d6aba1ea43048f8902784301504ef4ca043ba1d93b3","0-da7f3de582e054abea4728eb23ada265c5fdcbb9f4ce3122defaaf4d7a6a388f","","","0","1-1128bb9e9245b57b06738f7bb1316296f90e7acda93ebdc455658931b5f01f92","root.record.ItemExhibitList.P5Item"
"ATR - Realign to Base for Iron Dome Procurement","","","","","31.286","","","","","","","","","","","","","","2020-BASE_PROCUREMENT-2020-ARMY_MISSLE-U_PROCUREMENT_JustificationBook_Army_PB_2020.zzz_unzipped-U_PROCUREMENT_JustificationBook_Army_PB_2020.xml","50a5217e1270d0048e174d6aba1ea43048f8902784301504ef4ca043ba1d93b3","1-21b32eaffcf29993442f0788630b85652f7a75b03bfa0fa1a6126d56e698e405","","","0","1-1128bb9e9245b57b06738f7bb1316296f90e7acda93ebdc455658931b5f01f92","root.record.ItemExhibitList.P5Item"
"Warhead","14","79.035","15.581","","7.942","6.923","","","","","","","","","","","","","2020-BASE_PROCUREMENT-2020-ARMY_MISSLE-U_PROCUREMENT_JustificationBook_Army_PB_2020.zzz_unzipped-U_PROCUREMENT_JustificationBook_Army_PB_2020.xml","b6254689026733353150c6125748d60a95454d2a176dbcd63db3282dac87fbea","0-e915d13abc495cdf5e6f70ac645d1261672088e77dd116a0e0c5853eec382b0f","1","","14","0-936884da65c52d6002a02186dc2cbcfc3bedbfde45cb3fbd5cb0da34427e9256","root.record.ItemExhibitList.P5Item"
"Launch Motor","14","10.298","1.101","","0.838","0.73","","","","","","","","","","","","","2020-BASE_PROCUREMENT-2020-ARMY_MISSLE-U_PROCUREMENT_JustificationBook_Army_PB_2020.zzz_unzipped-U_PROCUREMENT_JustificationBook_Army_PB_2020.xml","b6254689026733353150c6125748d60a95454d2a176dbcd63db3282dac87fbea","1-05ae4c8292587a9296e2f177faa83a0af6abf5574cdcf6d796b2a211e7577745","1","","14","0-936884da65c52d6002a02186dc2cbcfc3bedbfde45cb3fbd5cb0da34427e9256","root.record.ItemExhibitList.P5Item"
"Flight Motor","12","3.141","0.158","","0.158","0.138","","","","","","","","","","","","","2020-BASE_PROCUREMENT-2020-ARMY_MISSLE-U_PROCUREMENT_JustificationBook_Army_PB_2020.zzz_unzipped-U_PROCUREMENT_JustificationBook_Army_PB_2020.xml","b6254689026733353150c6125748d60a95454d2a176dbcd63db3282dac87fbea","2-053867209601f5349cd19f91bd0588165204d2aa459b9a30311f7816b6112af8","1","","12","0-936884da65c52d6002a02186dc2cbcfc3bedbfde45cb3fbd5cb0da34427e9256","root.record.ItemExhibitList.P5Item"
"2B Sensor","18","57.143","","","7.902","","","","","","","","","","","","","","2020-BASE_PROCUREMENT-2020-ARMY_MISSLE-U_PROCUREMENT_JustificationBook_Army_PB_2020.zzz_unzipped-U_PROCUREMENT_JustificationBook_Army_PB_2020.xml","b6254689026733353150c6125748d60a95454d2a176dbcd63db3282dac87fbea","3-955ece259b6c683abd2cbbd2139c8f15ca32140586005369f4d6a0c89071a1a8","1","","18","0-936884da65c52d6002a02186dc2cbcfc3bedbfde45cb3fbd5cb0da34427e9256","root.record.ItemExhibitList.P5Item"
"Gyro","13","17.614","1.433","","1.433","1.249","","","","","","","","","","","","","2020-BASE_PROCUREMENT-2020-ARMY_MISSLE-U_PROCUREMENT_JustificationBook_Army_PB_2020.zzz_unzipped-U_PROCUREMENT_JustificationBook_Army_PB_2020.xml","b6254689026733353150c6125748d60a95454d2a176dbcd63db3282dac87fbea","4-eb4745ded49d11a4b6823c9c2a76a86e2fe4693f80e06ec2278da56a0114f2dc","1","","13","0-936884da65c52d6002a02186dc2cbcfc3bedbfde45cb3fbd5cb0da34427e9256","root.record.ItemExhibitList.P5Item"
"Flight Motor Case Kit","10","3.994","0.325","","0.325","0.283","","","","","","","","","","","","","2020-BASE_PROCUREMENT-2020-ARMY_MISSLE-U_PROCUREMENT_JustificationBook_Army_PB_2020.zzz_unzipped-U_PROCUREMENT_JustificationBook_Army_PB_2020.xml","b6254689026733353150c6125748d60a95454d2a176dbcd63db3282dac87fbea","5-72c56f54d588a2351c2b3f4b3c17b9e586ba4104fc7bb72adf0cc00b32b634ec","1","","10","0-936884da65c52d6002a02186dc2cbcfc3bedbfde45cb3fbd5cb0da34427e9256","root.record.ItemExhibitList.P5Item"
"Control Surface Actuator","14","10.423","0.848","","0.848","0.739","","","","","","","","","","","","","2020-BASE_PROCUREMENT-2020-ARMY_MISSLE-U_PROCUREMENT_JustificationBook_Army_PB_2020.zzz_unzipped-U_PROCUREMENT_JustificationBook_Army_PB_2020.xml","b6254689026733353150c6125748d60a95454d2a176dbcd63db3282dac87fbea","6-35491e2f3ba4163d3da6b4975408fcac0ec740a79d71f8c1999e00c1f5b95711","1","","14","0-936884da65c52d6002a02186dc2cbcfc3bedbfde45cb3fbd5cb0da34427e9256","root.record.ItemExhibitList.P5Item"
"Beacon Shutter Actuator","11","6.275","0.503","","0.503","0.438","","","","","","","","","","","","","2020-BASE_PROCUREMENT-2020-ARMY_MISSLE-U_PROCUREMENT_JustificationBook_Army_PB_2020.zzz_unzipped-U_PROCUREMENT_JustificationBook_Army_PB_2020.xml","b6254689026733353150c6125748d60a95454d2a176dbcd63db3282dac87fbea","7-983422855bf9c49570e0a0c2b60a4ef0b524d6c9f25a0b1569dfb22196ba6bb4","1","","11","0-936884da65c52d6002a02186dc2cbcfc3bedbfde45cb3fbd5cb0da34427e9256","root.record.ItemExhibitList.P5Item"
"Ground Based Interceptor - FY2021","0","","","","","0","","","","","","","","","","","","","2020-BASE_PROCUREMENT-2020-DEFENSE_MDA_VOL2-U_PROCUREMENT_JustificationBook_Missile_Defense_Agency_PB_2020.zzz_unzipped-U_PROCUREMENT_JustificationBook_Missile_Defense_Agency_PB_2020.xml","233f543f1a33d42b097e3c2d0a2ffcb76f68710de533ba3cb45acff51605c38e","0-7411ea10f6ebe07fb9c2f783bdcc17c73aa4c6e18e82d5f0f318b6a0d6e767ee","1","2022","","0-f7f8f8794161484ede2e1c8593c0a7419366943f6f43658564c97ebc0ab2edc7","root.record.ItemExhibitList.P5Item"
"Ground Based Interceptor - FY2022","0","","","","","0","","","","","","","","","","","","","2020-BASE_PROCUREMENT-2020-DEFENSE_MDA_VOL2-U_PROCUREMENT_JustificationBook_Missile_Defense_Agency_PB_2020.zzz_unzipped-U_PROCUREMENT_JustificationBook_Missile_Defense_Agency_PB_2020.xml","233f543f1a33d42b097e3c2d0a2ffcb76f68710de533ba3cb45acff51605c38e","1-871e37a5de0b4e1274290f0ae1d442073143f4b5be105f8c039e9a845e8c7313","1","2023","","0-f7f8f8794161484ede2e1c8593c0a7419366943f6f43658564c97ebc0ab2edc7","root.record.ItemExhibitList.P5Item"
"RKV Manufacturing - FY2023","0","","","","","0","","","","","","","","","","","","","2020-BASE_PROCUREMENT-2020-DEFENSE_MDA_VOL2-U_PROCUREMENT_JustificationBook_Missile_Defense_Agency_PB_2020.zzz_unzipped-U_PROCUREMENT_JustificationBook_Missile_Defense_Agency_PB_2020.xml","233f543f1a33d42b097e3c2d0a2ffcb76f68710de533ba3cb45acff51605c38e","2-75178f0f7985ff010c44b068e24c760d80f010d52fdaa1380b0dcdb0eda84622","1","2024","","0-f7f8f8794161484ede2e1c8593c0a7419366943f6f43658564c97ebc0ab2edc7","root.record.ItemExhibitList.P5Item"
"RKV Manufacturing - FY2024","0","","","","","0","","","","","","","","","","","","","2020-BASE_PROCUREMENT-2020-DEFENSE_MDA_VOL2-U_PROCUREMENT_JustificationBook_Missile_Defense_Agency_PB_2020.zzz_unzipped-U_PROCUREMENT_JustificationBook_Missile_Defense_Agency_PB_2020.xml","233f543f1a33d42b097e3c2d0a2ffcb76f68710de533ba3cb45acff51605c38e","3-ebea398e5f7104d093abf10892da322f9cf991baad049eeb34685a0bc4e9e1ae","1","2024","","0-f7f8f8794161484ede2e1c8593c0a7419366943f6f43658564c97ebc0ab2edc7","root.record.ItemExhibitList.P5Item"
"Hardware FY18","0","","56","","","0","","","","","","","","","","","","","2020-BASE_PROCUREMENT-2020-DEFENSE_MDA_VOL2-U_PROCUREMENT_JustificationBook_Missile_Defense_Agency_PB_2020.zzz_unzipped-U_PROCUREMENT_JustificationBook_Missile_Defense_Agency_PB_2020.xml","233f543f1a33d42b097e3c2d0a2ffcb76f68710de533ba3cb45acff51605c38e","0-f24ddbe9d87c83fa5efbb9ab2ec9719f6b0fd52a117fdfcb4944429dec06645c","1","","","1-431675043d4b760795574df79a8beb4dd8f7adc938ed606db0dd7bc9fe683f6e","root.record.ItemExhibitList.P5Item"
"Hardware FY19","0","","","","115","0","","","","","","","","","","","","","2020-BASE_PROCUREMENT-2020-DEFENSE_MDA_VOL2-U_PROCUREMENT_JustificationBook_Missile_Defense_Agency_PB_2020.zzz_unzipped-U_PROCUREMENT_JustificationBook_Missile_Defense_Agency_PB_2020.xml","233f543f1a33d42b097e3c2d0a2ffcb76f68710de533ba3cb45acff51605c38e","1-8281c0b4995a043c4efcc6ddbcbc86a9dc4a25b85e63eb77829a5bec9e4a12b2","1","","","1-431675043d4b760795574df79a8beb4dd8f7adc938ed606db0dd7bc9fe683f6e","root.record.ItemExhibitList.P5Item"
"Hardware FY17","0","47","","","","0","","","","","","","","","","","","","2020-BASE_PROCUREMENT-2020-DEFENSE_MDA_VOL2-U_PROCUREMENT_JustificationBook_Missile_Defense_Agency_PB_2020.zzz_unzipped-U_PROCUREMENT_JustificationBook_Missile_Defense_Agency_PB_2020.xml","233f543f1a33d42b097e3c2d0a2ffcb76f68710de533ba3cb45acff51605c38e","0-dd82e2810aed9cea246020d7e0aab948ed2d340a58ea1a77b98e09b8688452f9","1","","","2-bcd8c819812ef76f76b2900df98a543e236fe2611bb002abc5faa0e60ce8632a","root.record.ItemExhibitList.P5Item"
"Hardware FY18","0","","32","","","0","","","","","","","","","","","","","2020-BASE_PROCUREMENT-2020-DEFENSE_MDA_VOL2-U_PROCUREMENT_JustificationBook_Missile_Defense_Agency_PB_2020.zzz_unzipped-U_PROCUREMENT_JustificationBook_Missile_Defense_Agency_PB_2020.xml","233f543f1a33d42b097e3c2d0a2ffcb76f68710de533ba3cb45acff51605c38e","1-6f6e7c12134ff9da1feee0e08a4159f0d88097e564f7871d8869178b7b92cefe","1","","","2-bcd8c819812ef76f76b2900df98a543e236fe2611bb002abc5faa0e60ce8632a","root.record.ItemExhibitList.P5Item"
"Ground Based Interceptor - FY2021","0","","","","","0","","","","","","","","","","","","","2020-BASE_PROCUREMENT-2020-DEFENSE_MDA_VOL2-U_PROCUREMENT_MasterJustificationBook_Missile_Defense_Agency_PB_2020.zzz_unzipped-U_PROCUREMENT_MasterJustificationBook_Missile_Defense_Agency_PB_2020.xml","e6dc92b42aaff1e4921ba7ffeb4a87b47f2c5bf2c5d3dd5c48377598ef9ee5b3","0-0e6bd61bfdd8b64d9cccbabd38d5833a36db74d0cf1c0c0b7d99ef3c315bb137","1","2022","","0-fef49d14792ab4d0f3284d2a3d1cc2e18e12dc419b8add54fd988fc14f7a4547","root.record.ItemExhibitList.P5Item"
"Ground Based Interceptor - FY2022","0","","","","","0","","","","","","","","","","","","","2020-BASE_PROCUREMENT-2020-DEFENSE_MDA_VOL2-U_PROCUREMENT_MasterJustificationBook_Missile_Defense_Agency_PB_2020.zzz_unzipped-U_PROCUREMENT_MasterJustificationBook_Missile_Defense_Agency_PB_2020.xml","e6dc92b42aaff1e4921ba7ffeb4a87b47f2c5bf2c5d3dd5c48377598ef9ee5b3","1-37db5f160033a8dbd09e101c40168d53cc6291c39e94cd17997fb4f41033dafa","1","2023","","0-fef49d14792ab4d0f3284d2a3d1cc2e18e12dc419b8add54fd988fc14f7a4547","root.record.ItemExhibitList.P5Item"
"RKV Manufacturing - FY2023","0","","","","","0","","","","","","","","","","","","","2020-BASE_PROCUREMENT-2020-DEFENSE_MDA_VOL2-U_PROCUREMENT_MasterJustificationBook_Missile_Defense_Agency_PB_2020.zzz_unzipped-U_PROCUREMENT_MasterJustificationBook_Missile_Defense_Agency_PB_2020.xml","e6dc92b42aaff1e4921ba7ffeb4a87b47f2c5bf2c5d3dd5c48377598ef9ee5b3","2-12f4e7fb34b43fc7f182d394ffdc5fada20135d99e889ed6ccfff37c485e1ab9","1","2024","","0-fef49d14792ab4d0f3284d2a3d1cc2e18e12dc419b8add54fd988fc14f7a4547","root.record.ItemExhibitList.P5Item"
"RKV Manufacturing - FY2024","0","","","","","0","","","","","","","","","","","","","2020-BASE_PROCUREMENT-2020-DEFENSE_MDA_VOL2-U_PROCUREMENT_MasterJustificationBook_Missile_Defense_Agency_PB_2020.zzz_unzipped-U_PROCUREMENT_MasterJustificationBook_Missile_Defense_Agency_PB_2020.xml","e6dc92b42aaff1e4921ba7ffeb4a87b47f2c5bf2c5d3dd5c48377598ef9ee5b3","3-77e093fbc782bda1cf43df6a0b86be2b99c6a06a54868ca40227fed7adc0c02b","1","2024","","0-fef49d14792ab4d0f3284d2a3d1cc2e18e12dc419b8add54fd988fc14f7a4547","root.record.ItemExhibitList.P5Item"
"Hardware FY18","0","","56","","","0","","","","","","","","","","","","","2020-BASE_PROCUREMENT-2020-DEFENSE_MDA_VOL2-U_PROCUREMENT_MasterJustificationBook_Missile_Defense_Agency_PB_2020.zzz_unzipped-U_PROCUREMENT_MasterJustificationBook_Missile_Defense_Agency_PB_2020.xml","e6dc92b42aaff1e4921ba7ffeb4a87b47f2c5bf2c5d3dd5c48377598ef9ee5b3","0-69970bdc47fae65a364c395bb093d74e61fe2cfbbfb2009c639b4a65c26a73f0","1","","","1-523aae09dafa8aa1cbb68f0b799462443d4ed592e1f01a1b090cd5bdadfebd3e","root.record.ItemExhibitList.P5Item"
"Hardware FY19","0","","","","115","0","","","","","","","","","","","","","2020-BASE_PROCUREMENT-2020-DEFENSE_MDA_VOL2-U_PROCUREMENT_MasterJustificationBook_Missile_Defense_Agency_PB_2020.zzz_unzipped-U_PROCUREMENT_MasterJustificationBook_Missile_Defense_Agency_PB_2020.xml","e6dc92b42aaff1e4921ba7ffeb4a87b47f2c5bf2c5d3dd5c48377598ef9ee5b3","1-d7ad989c389aee2b138f0c18c8ced2fba6dde359d5d754d24bbe84186b5cb822","1","","","1-523aae09dafa8aa1cbb68f0b799462443d4ed592e1f01a1b090cd5bdadfebd3e","root.record.ItemExhibitList.P5Item"
"Hardware FY17","0","47","","","","0","","","","","","","","","","","","","2020-BASE_PROCUREMENT-2020-DEFENSE_MDA_VOL2-U_PROCUREMENT_MasterJustificationBook_Missile_Defense_Agency_PB_2020.zzz_unzipped-U_PROCUREMENT_MasterJustificationBook_Missile_Defense_Agency_PB_2020.xml","e6dc92b42aaff1e4921ba7ffeb4a87b47f2c5bf2c5d3dd5c48377598ef9ee5b3","0-b7b127b58e0c0e7aca45f89be29995b0b9a0ce19ca9a4f8e0453c227ce7efae0","1","","","2-e388fdfe79d5ca9ed00ee3d75446081007ce75771e549807aa2754c4b308acf9","root.record.ItemExhibitList.P5Item"
"Hardware FY18","0","","32","","","0","","","","","","","","","","","","","2020-BASE_PROCUREMENT-2020-DEFENSE_MDA_VOL2-U_PROCUREMENT_MasterJustificationBook_Missile_Defense_Agency_PB_2020.zzz_unzipped-U_PROCUREMENT_MasterJustificationBook_Missile_Defense_Agency_PB_2020.xml","e6dc92b42aaff1e4921ba7ffeb4a87b47f2c5bf2c5d3dd5c48377598ef9ee5b3","1-9af9b1db16f139825d13fb7fa49b3e4caba15f1e530e1dc8787a5a628bf6f8d6","1","","","2-e388fdfe79d5ca9ed00ee3d75446081007ce75771e549807aa2754c4b308acf9","root.record.ItemExhibitList.P5Item"
