Name_val,WhenRequiredInMonths_val,Cost_AllPriorYears_val,Cost_PriorYear_val,Cost_Total_val,Cost_CurrentYear_val,Cost_BudgetYearOne_val,Cost_BudgetYearTwo_val,Cost_BudgetYearThree_val,Cost_BudgetYearFour_val,Cost_BudgetYearFive_val,Cost_ToComplete_val,Cost_Continuing_val,ManufacturerList_Manufacturer_Name_val,ManufacturerList_Manufacturer_Location_val,ManufacturerList_Manufacturer_InitialQuantity_ProductionLeadTimeAfterOct1InMonths_val,ManufacturerList_Manufacturer_InitialQuantity_TotalLeadTimeAfterOct1InMonths_val,ManufacturerList_Manufacturer_InitialQuantity_AdminLeadTimeBeforeOct1InMonths_val,ManufacturerList_Manufacturer_InitialQuantity_AdminLeadTimeAfterOct1InMonths_val,@SOURCE_FILENAME,@RECORDID,@ROWID,QuantityPerAssembly_val,ForFY_val,SCNProductionLeadtime_val,@PARENTROWID,@PARENT
"GPS III SV 03-08 Long Lead Parts","0","177.463","82.507","259.97","","","","","","","","","Lockheed Martin","Newtown, PA","0","0","","","2015-BASE_PROCUREMENT-2015-AIRFORCE_MISSILE-PROCUREMENT_JustificationBook_Air_Force_PB_2015.zzz_unzipped-PROCUREMENT_JustificationBook_Air_Force_PB_2015.xml","27d3e87bb2fc7e3e342a740b15883c038cc1395873b8ef70810bbcfee7a54946","0-0e772b2d2123b41bc4bc0881d50aa7346388af639cf1fbd272c7ec978afe08ac","","","","0-ccb5ca8efeef0508fe7a4ac71c81351d81b11d0b31c8d15506dcd2921d508845","root.record.ItemExhibitList.P5Item"
"GPS III SV 09+ Long Lead Parts","0","","","1121.297","52.167","57","121.828","121.828","124.021","126.253","518.2","","Lockheed Martin","Newtown, PA","0","0","","","2015-BASE_PROCUREMENT-2015-AIRFORCE_MISSILE-PROCUREMENT_JustificationBook_Air_Force_PB_2015.zzz_unzipped-PROCUREMENT_JustificationBook_Air_Force_PB_2015.xml","27d3e87bb2fc7e3e342a740b15883c038cc1395873b8ef70810bbcfee7a54946","0-bf23a782de3b5508f155ecceddd3aa53206cb3bb50e0d4a7dfa654fe0f898164","","","","1-d43c4a0146ff5a839ed567c0cd6dc17b28b3e9e4faf505d31e740e11c08cf9f3","root.record.ItemExhibitList.P5Item"
"GPS III SV 03-08 Long Lead Parts","0","177.463","82.507","259.97","","","","","","","","","Lockheed Martin","Newtown, PA","0","0","","","2015-BASE_PROCUREMENT-2015-AIRFORCE_MISSILE-PROCUREMENT_MasterJustificationBook_Air_Force_PB_2015.zzz_unzipped-PROCUREMENT_MasterJustificationBook_Air_Force_PB_2015.xml","33b3b0ad5835d13cc15e7e273b3a3b0e797b8b7474e6a63df610479ef30e8683","0-b3cfdb1222f18a6af2da4588b1bde9af083fb130fb4d24b9fd86d2f9da86542c","","","","0-d7fb544e74806d31f1e1eeecf2afd27124d8f6268ca30ba8058419c31b7122e9","root.record.ItemExhibitList.P5Item"
"GPS III SV 09+ Long Lead Parts","0","","","1121.297","52.167","57","121.828","121.828","124.021","126.253","518.2","","Lockheed Martin","Newtown, PA","0","0","","","2015-BASE_PROCUREMENT-2015-AIRFORCE_MISSILE-PROCUREMENT_MasterJustificationBook_Air_Force_PB_2015.zzz_unzipped-PROCUREMENT_MasterJustificationBook_Air_Force_PB_2015.xml","33b3b0ad5835d13cc15e7e273b3a3b0e797b8b7474e6a63df610479ef30e8683","0-07a703890650d983faa1c90c14e5f26b7de17d5a894cd2226f6f82af5f33c4e6","","","","1-e573e641785f544fca1a34acb46014e2b1d006d09286f7d480442a00fbe4afb2","root.record.ItemExhibitList.P5Item"
"Apache Block III - Reman","12","926.684","107.707","","150.931","157.338","","","","","","","See End Item P-5A/NA","See End Item P-5A","","","","","2015-BASE_PROCUREMENT-2015-ARMY_AIRCRAFT-PROCUREMENT_JustificationBook_Army_PB_2015.zzz_unzipped-PROCUREMENT_JustificationBook_Army_PB_2015.xml","62f6ef9a043a9fec682788a7de44311e99dedee29bd5c341afa6fde24eb5828a","0-64e405c106b2f449bef3f1844ac011f816c7e51240dcd9fa3557d379b48bb785","","","","0-b1d2edbdb2327147675caa16d4b4d18bc017a348b85967a457c8304a83080100","root.record.ItemExhibitList.P5Item"
"AH-64E Apache New Build","12","84.264","146.121","","","","","","","","","","See End Item P-5A/NA","See End Item P-5A","","","","","2015-BASE_PROCUREMENT-2015-ARMY_AIRCRAFT-PROCUREMENT_JustificationBook_Army_PB_2015.zzz_unzipped-PROCUREMENT_JustificationBook_Army_PB_2015.xml","2bdce7c18153efee420e7677d1e5f3e6ba384304fd1aecc685db4f2c5604c74c","0-b8e615d49c8c5791ee7acc04914ece8147c7d441c58942b20f57a1c3f9ab1286","","","","0-0900eee2eb57c6c1e490d8c40171a7cf78f21f807ae1d7ee4bf63bb56ca5e5c3","root.record.ItemExhibitList.P5Item"
"CFE Airframe","6","470.074","36.578","","43.449","42.737","","","","","","","See End Item P-5A/NA","See End Item P-5A","","","","","2015-BASE_PROCUREMENT-2015-ARMY_AIRCRAFT-PROCUREMENT_JustificationBook_Army_PB_2015.zzz_unzipped-PROCUREMENT_JustificationBook_Army_PB_2015.xml","fd4b9a1a29f6b7830f84536375508fd7a710871d0b914e998de479d348ca9efb","0-f73c2f9506a81e841f3bbfde7b09c46807e954dcc1dcd3e458c67fa29ae922a3","1","","","0-b78c219ea9b38aebea280932b22a3dfb98885311fe2136a258d38d868c94f0ab","root.record.ItemExhibitList.P5Item"
"Auxiliary Power Unit","3","19.582","3.82","","3.723","4.588","","","","","","","See End Item P-5A/NA","See End Item P-5A","","","","","2015-BASE_PROCUREMENT-2015-ARMY_AIRCRAFT-PROCUREMENT_JustificationBook_Army_PB_2015.zzz_unzipped-PROCUREMENT_JustificationBook_Army_PB_2015.xml","fd4b9a1a29f6b7830f84536375508fd7a710871d0b914e998de479d348ca9efb","1-a28d994eab69c41aee1029f5bf811a5cd43865796bacb9918ad5f82a5a0b7288","1","","","0-b78c219ea9b38aebea280932b22a3dfb98885311fe2136a258d38d868c94f0ab","root.record.ItemExhibitList.P5Item"
"Engines","3","320.806","62.213","","56.79","69.978","","","","","","","See End Item P-5A/NA","See End Item P-5A","","","","","2015-BASE_PROCUREMENT-2015-ARMY_AIRCRAFT-PROCUREMENT_JustificationBook_Army_PB_2015.zzz_unzipped-PROCUREMENT_JustificationBook_Army_PB_2015.xml","fd4b9a1a29f6b7830f84536375508fd7a710871d0b914e998de479d348ca9efb","2-9bbc5c1a75f002c774345481129dc584bdb79b3dcd6fb8edd46f7dd885023888","2","","","0-b78c219ea9b38aebea280932b22a3dfb98885311fe2136a258d38d868c94f0ab","root.record.ItemExhibitList.P5Item"
"EGI","3","51.189","9.482","","9.243","11.39","","","","","","","See End Item P-5A/NA","See End Item P-5A","","","","","2015-BASE_PROCUREMENT-2015-ARMY_AIRCRAFT-PROCUREMENT_JustificationBook_Army_PB_2015.zzz_unzipped-PROCUREMENT_JustificationBook_Army_PB_2015.xml","fd4b9a1a29f6b7830f84536375508fd7a710871d0b914e998de479d348ca9efb","3-5b9240c473d380d7634d285a88c1a69758febcb6a70cc51e37adf6073c2fa01f","2","","","0-b78c219ea9b38aebea280932b22a3dfb98885311fe2136a258d38d868c94f0ab","root.record.ItemExhibitList.P5Item"
"Heads Up Display AVS-7","3","15.79","2.868","","2.796","3.445","","","","","","","See End Item P-5A/NA","See End Item P-5A","","","","","2015-BASE_PROCUREMENT-2015-ARMY_AIRCRAFT-PROCUREMENT_JustificationBook_Army_PB_2015.zzz_unzipped-PROCUREMENT_JustificationBook_Army_PB_2015.xml","fd4b9a1a29f6b7830f84536375508fd7a710871d0b914e998de479d348ca9efb","4-0e6a172ae0abe6e5f71a14da677436312c27e423b34f306b18e52f2b3a16cfb5","1","","","0-b78c219ea9b38aebea280932b22a3dfb98885311fe2136a258d38d868c94f0ab","root.record.ItemExhibitList.P5Item"
"Warhead","19","50.373","6.935","","6.999","7.018","","","","","","","See End Item P-5A/NA","See End Item P-5A","","","","","2015-BASE_PROCUREMENT-2015-ARMY_MISSLE-PROCUREMENT_JustificationBook_Army_PB_2015.zzz_unzipped-PROCUREMENT_JustificationBook_Army_PB_2015.xml","722a40da3be7b01ec420e03ad622a1883abd6d254e969c30e850f4d31ce0dc24","0-94dc8ea134b222364073c9d07020f854f99126765c898f0b703b40b124ea9cd7","","","","0-7e5d0b042db714c40110962fa96211ee6419c6d9ea212b6ecb436155bd7fb919","root.record.ItemExhibitList.P5Item"
"Launch Motor","14","6.588","0.905","","0.905","0.905","","","","","","","See End Item P-5A/NA","See End Item P-5A","","","","","2015-BASE_PROCUREMENT-2015-ARMY_MISSLE-PROCUREMENT_JustificationBook_Army_PB_2015.zzz_unzipped-PROCUREMENT_JustificationBook_Army_PB_2015.xml","722a40da3be7b01ec420e03ad622a1883abd6d254e969c30e850f4d31ce0dc24","1-e40055b769374c5f8373b9d3aa7636a2f45655e90062b3b7e1cd42edb6a1af20","","","","0-7e5d0b042db714c40110962fa96211ee6419c6d9ea212b6ecb436155bd7fb919","root.record.ItemExhibitList.P5Item"
"Flight Motor","12","2.308","0.17","","0.17","0.17","","","","","","","See End Item P-5A/NA","See End Item P-5A","","","","","2015-BASE_PROCUREMENT-2015-ARMY_MISSLE-PROCUREMENT_JustificationBook_Army_PB_2015.zzz_unzipped-PROCUREMENT_JustificationBook_Army_PB_2015.xml","722a40da3be7b01ec420e03ad622a1883abd6d254e969c30e850f4d31ce0dc24","2-efc0c25c1c685413a2e9f8f5c8851598e6ae6a18a07d33433732c835662d44c5","","","","0-7e5d0b042db714c40110962fa96211ee6419c6d9ea212b6ecb436155bd7fb919","root.record.ItemExhibitList.P5Item"
"2B Sensor","18","62.115","8.533","","8.533","8.533","","","","","","","See End Item P-5A/NA","See End Item P-5A","","","","","2015-BASE_PROCUREMENT-2015-ARMY_MISSLE-PROCUREMENT_JustificationBook_Army_PB_2015.zzz_unzipped-PROCUREMENT_JustificationBook_Army_PB_2015.xml","722a40da3be7b01ec420e03ad622a1883abd6d254e969c30e850f4d31ce0dc24","3-ca8d024613bd267e64b496f09ad0f4d72de7d8dce5a36b2be7e007e3b5a9171c","","","","0-7e5d0b042db714c40110962fa96211ee6419c6d9ea212b6ecb436155bd7fb919","root.record.ItemExhibitList.P5Item"
"Gyro","13","11.268","1.548","","1.548","1.548","","","","","","","See End Item P-5A/NA","See End Item P-5A","","","","","2015-BASE_PROCUREMENT-2015-ARMY_MISSLE-PROCUREMENT_JustificationBook_Army_PB_2015.zzz_unzipped-PROCUREMENT_JustificationBook_Army_PB_2015.xml","722a40da3be7b01ec420e03ad622a1883abd6d254e969c30e850f4d31ce0dc24","4-ee8321fb373a00fcebc71be8fdd760649e883ba6428c02ec1e197b56635e53c2","","","","0-7e5d0b042db714c40110962fa96211ee6419c6d9ea212b6ecb436155bd7fb919","root.record.ItemExhibitList.P5Item"
"Flight Motor Case Kit","10","2.555","0.351","","0.351","0.351","","","","","","","See End Item P-5A/NA","See End Item P-5A","","","","","2015-BASE_PROCUREMENT-2015-ARMY_MISSLE-PROCUREMENT_JustificationBook_Army_PB_2015.zzz_unzipped-PROCUREMENT_JustificationBook_Army_PB_2015.xml","722a40da3be7b01ec420e03ad622a1883abd6d254e969c30e850f4d31ce0dc24","5-61eab0758b9992f1e828e52bea76aa3643f7d465e5711eb409d0581c3625abd0","","","","0-7e5d0b042db714c40110962fa96211ee6419c6d9ea212b6ecb436155bd7fb919","root.record.ItemExhibitList.P5Item"
"Control Surface Actuators","13","6.668","0.916","","0.916","0.916","","","","","","","See End Item P-5A/NA","See End Item P-5A","","","","","2015-BASE_PROCUREMENT-2015-ARMY_MISSLE-PROCUREMENT_JustificationBook_Army_PB_2015.zzz_unzipped-PROCUREMENT_JustificationBook_Army_PB_2015.xml","722a40da3be7b01ec420e03ad622a1883abd6d254e969c30e850f4d31ce0dc24","6-17b16b280ced6401601a318ec78633b91abef33fea1a23d2761ec5b7fd49d636","","","","0-7e5d0b042db714c40110962fa96211ee6419c6d9ea212b6ecb436155bd7fb919","root.record.ItemExhibitList.P5Item"
"Beacon Shutter Actuator","11","3.951","0.543","","0.543","0.543","","","","","","","See End Item P-5A/NA","See End Item P-5A","","","","","2015-BASE_PROCUREMENT-2015-ARMY_MISSLE-PROCUREMENT_JustificationBook_Army_PB_2015.zzz_unzipped-PROCUREMENT_JustificationBook_Army_PB_2015.xml","722a40da3be7b01ec420e03ad622a1883abd6d254e969c30e850f4d31ce0dc24","7-531b84f072d0b4a7897eaa99ac5aadace2e206fcd83c06296398656589cb6201","","","","0-7e5d0b042db714c40110962fa96211ee6419c6d9ea212b6ecb436155bd7fb919","root.record.ItemExhibitList.P5Item"
"MK72 Boosters","29","","","","","20.58","20.971","20.861","26.442","26.944","","true","TBD","TBD","29","29","0","0","2015-BASE_PROCUREMENT-2015-DEFENSE_MDA-PROCUREMENT_JustificationBook_Missile_Defense_Agency_PB_2015.zzz_unzipped-PROCUREMENT_JustificationBook_Missile_Defense_Agency_PB_2015.xml","871ed13dc6bbadf09a6840de2eb4536eb285b3b925625ab4f8982bbcee7d0b0c","0-3f692720301c1cc761a36d825a120464b3aa097c8c9a9de52665dc7b64c87da9","1","2016","","0-cc5ced6c90e452746d101394e14c1c5b11f17bd1e8c076e050fcb9e613caed6f","root.record.ItemExhibitList.P5Item"
"MK 104 Dual Thrust Rocket Motors","26","","","","","13.86","14.123","14.049","17.808","18.146","","true","TBD","TBD","26","26","0","0","2015-BASE_PROCUREMENT-2015-DEFENSE_MDA-PROCUREMENT_JustificationBook_Missile_Defense_Agency_PB_2015.zzz_unzipped-PROCUREMENT_JustificationBook_Missile_Defense_Agency_PB_2015.xml","871ed13dc6bbadf09a6840de2eb4536eb285b3b925625ab4f8982bbcee7d0b0c","1-9f44c6537fb37011d14362f6945db80f2ac7519b7b3ea20a3a2fe57aa6166531","1","2016","","0-cc5ced6c90e452746d101394e14c1c5b11f17bd1e8c076e050fcb9e613caed6f","root.record.ItemExhibitList.P5Item"
"Integrated Dewar Assemblies","35","","","","","18.06","18.404","18.306","23.204","23.645","","true","TBD","TBD","35","35","0","0","2015-BASE_PROCUREMENT-2015-DEFENSE_MDA-PROCUREMENT_JustificationBook_Missile_Defense_Agency_PB_2015.zzz_unzipped-PROCUREMENT_JustificationBook_Missile_Defense_Agency_PB_2015.xml","871ed13dc6bbadf09a6840de2eb4536eb285b3b925625ab4f8982bbcee7d0b0c","2-688ad1905ac5e1816ac442fa441ae823da252dd4663560551eb7b16c2b4de9b0","1","2016","","0-cc5ced6c90e452746d101394e14c1c5b11f17bd1e8c076e050fcb9e613caed6f","root.record.ItemExhibitList.P5Item"
"Circuit Card Assemblies","26","","","","","16.38","16.691","16.603","21.045","21.445","","true","TBD","TBD","26","26","0","0","2015-BASE_PROCUREMENT-2015-DEFENSE_MDA-PROCUREMENT_JustificationBook_Missile_Defense_Agency_PB_2015.zzz_unzipped-PROCUREMENT_JustificationBook_Missile_Defense_Agency_PB_2015.xml","871ed13dc6bbadf09a6840de2eb4536eb285b3b925625ab4f8982bbcee7d0b0c","3-e654667b40f8a602c52aef9a096d4deda9ebcf1fb800964094d4035122d7ae7c","1","2016","","0-cc5ced6c90e452746d101394e14c1c5b11f17bd1e8c076e050fcb9e613caed6f","root.record.ItemExhibitList.P5Item"
"MK72 Boosters","29","","","","","20.58","20.971","20.861","26.442","26.944","","true","TBD","TBD","29","29","0","0","2015-BASE_PROCUREMENT-2015-DEFENSE_MDA-PROCUREMENT_MasterJustificationBook_Missile_Defense_Agency_PB_2015.zzz_unzipped-PROCUREMENT_MasterJustificationBook_Missile_Defense_Agency_PB_2015.xml","a2c1fa7460f99b0686c1d03620554a078d5dbe057abc9a54c1f45d51b951755c","0-34b702ba410187168f536557065b67532b53179db9574d2285e43341937cde66","1","2016","","0-c094b26049b6f1b050ef1d0f5e7076b8e8016babc07f0f08e68a33c00ad1c4e9","root.record.ItemExhibitList.P5Item"
"MK 104 Dual Thrust Rocket Motors","26","","","","","13.86","14.123","14.049","17.808","18.146","","true","TBD","TBD","26","26","0","0","2015-BASE_PROCUREMENT-2015-DEFENSE_MDA-PROCUREMENT_MasterJustificationBook_Missile_Defense_Agency_PB_2015.zzz_unzipped-PROCUREMENT_MasterJustificationBook_Missile_Defense_Agency_PB_2015.xml","a2c1fa7460f99b0686c1d03620554a078d5dbe057abc9a54c1f45d51b951755c","1-4fa4c2f62eae45e7d8733478bb6a847919f8cd0ce43980f7828bf42d5a92887e","1","2016","","0-c094b26049b6f1b050ef1d0f5e7076b8e8016babc07f0f08e68a33c00ad1c4e9","root.record.ItemExhibitList.P5Item"
"Integrated Dewar Assemblies","35","","","","","18.06","18.404","18.306","23.204","23.645","","true","TBD","TBD","35","35","0","0","2015-BASE_PROCUREMENT-2015-DEFENSE_MDA-PROCUREMENT_MasterJustificationBook_Missile_Defense_Agency_PB_2015.zzz_unzipped-PROCUREMENT_MasterJustificationBook_Missile_Defense_Agency_PB_2015.xml","a2c1fa7460f99b0686c1d03620554a078d5dbe057abc9a54c1f45d51b951755c","2-9cdea10683bd2e49819962c7fa3b2d27462f8d5bd5e1b9432ea426441d3fa4ed","1","2016","","0-c094b26049b6f1b050ef1d0f5e7076b8e8016babc07f0f08e68a33c00ad1c4e9","root.record.ItemExhibitList.P5Item"
"Circuit Card Assemblies","26","","","","","16.38","16.691","16.603","21.045","21.445","","true","TBD","TBD","26","26","0","0","2015-BASE_PROCUREMENT-2015-DEFENSE_MDA-PROCUREMENT_MasterJustificationBook_Missile_Defense_Agency_PB_2015.zzz_unzipped-PROCUREMENT_MasterJustificationBook_Missile_Defense_Agency_PB_2015.xml","a2c1fa7460f99b0686c1d03620554a078d5dbe057abc9a54c1f45d51b951755c","3-1ff8c68de3c4af438f12b2a82fbce3822812c1a4e318b86356c74371019ca85b","1","2016","","0-c094b26049b6f1b050ef1d0f5e7076b8e8016babc07f0f08e68a33c00ad1c4e9","root.record.ItemExhibitList.P5Item"
"Apache Block III - Reman","12","563.392","150.9","","157.338","209.93","","","","","","","See End Item P-5A/NA","See End Item P-5A","","","","","2016-BASE_PROCUREMENT-2016-ARMY_AIRCRAFT-PROCUREMENT_JustificationBook_Army_PB_2016.zzz_unzipped-PROCUREMENT_JustificationBook_Army_PB_2016.xml","9344ac11b4fa76a618675d937f3fe42ebc84b65beaa2732695b13bb0e1911270","0-c5fba2007d1d816610420e38ee2f324124ad3228f544e2488037c00e6814d9b1","","","","0-19540b1dbbfc24f9968a382b58ad65b1a71bad0e02cbbbc247cdea8b6e1dff2e","root.record.ItemExhibitList.P5Item"
"CFE Airframe","6","506.652","33.389","","31.94","58.115","","","","","","","See End Item P-5A/NA","See End Item P-5A","","","","","2016-BASE_PROCUREMENT-2016-ARMY_AIRCRAFT-PROCUREMENT_JustificationBook_Army_PB_2016.zzz_unzipped-PROCUREMENT_JustificationBook_Army_PB_2016.xml","35561decf1186cab62534ac5ef5e8832877d90792e1d60872f5196bad9dd6cca","0-076da17533d687d9b0e4acb4a2ac362937ce85315985c1d0c35e6eddae60c6ad","1","","","0-352a71a6408599a55d7affc1e5da8335478ec3c9ad56bb90417d82bc0160d135","root.record.ItemExhibitList.P5Item"
"Auxiliary Power Unit","3","23.402","4.214","","4.347","3.518","","","","","","","See End Item P-5A/NA","See End Item P-5A","","","","","2016-BASE_PROCUREMENT-2016-ARMY_AIRCRAFT-PROCUREMENT_JustificationBook_Army_PB_2016.zzz_unzipped-PROCUREMENT_JustificationBook_Army_PB_2016.xml","35561decf1186cab62534ac5ef5e8832877d90792e1d60872f5196bad9dd6cca","1-abf13b704c6795961e36c8f24b6facbb141b9f93ed6b132933014878d7d64a46","1","","","0-352a71a6408599a55d7affc1e5da8335478ec3c9ad56bb90417d82bc0160d135","root.record.ItemExhibitList.P5Item"
"Engines","3","383.019","64.772","","66.798","54.07","","","","","","","See End Item P-5A/NA","See End Item P-5A","","","","","2016-BASE_PROCUREMENT-2016-ARMY_AIRCRAFT-PROCUREMENT_JustificationBook_Army_PB_2016.zzz_unzipped-PROCUREMENT_JustificationBook_Army_PB_2016.xml","35561decf1186cab62534ac5ef5e8832877d90792e1d60872f5196bad9dd6cca","2-27cc53487b0fc2f047d0c2c89d95ca12ffd18ca16746cf71f3831001da9dfe9b","2","","","0-352a71a6408599a55d7affc1e5da8335478ec3c9ad56bb90417d82bc0160d135","root.record.ItemExhibitList.P5Item"
"EGI","3","60.671","10.462","","10.79","8.734","","","","","","","See End Item P-5A/NA","See End Item P-5A","","","","","2016-BASE_PROCUREMENT-2016-ARMY_AIRCRAFT-PROCUREMENT_JustificationBook_Army_PB_2016.zzz_unzipped-PROCUREMENT_JustificationBook_Army_PB_2016.xml","35561decf1186cab62534ac5ef5e8832877d90792e1d60872f5196bad9dd6cca","3-ce0cf4cdce627d6eb1da273eb1bb2b171362b1ac0bf16db8838e373b92639bff","2","","","0-352a71a6408599a55d7affc1e5da8335478ec3c9ad56bb90417d82bc0160d135","root.record.ItemExhibitList.P5Item"
"Heads Up Display AVS-7","3","18.658","3.164","","3.263","2.642","","","","","","","See End Item P-5A/NA","See End Item P-5A","","","","","2016-BASE_PROCUREMENT-2016-ARMY_AIRCRAFT-PROCUREMENT_JustificationBook_Army_PB_2016.zzz_unzipped-PROCUREMENT_JustificationBook_Army_PB_2016.xml","35561decf1186cab62534ac5ef5e8832877d90792e1d60872f5196bad9dd6cca","4-fcab4c90d09dbcebb4a2073ba91ca743092727207f2227d1bd0bb04f5c88bc4c","1","","","0-352a71a6408599a55d7affc1e5da8335478ec3c9ad56bb90417d82bc0160d135","root.record.ItemExhibitList.P5Item"
"Hover Infrared Suppressor","3","25.361","","","","","","","","","","","See End Item P-5A/NA","See End Item P-5A","","","","","2016-BASE_PROCUREMENT-2016-ARMY_AIRCRAFT-PROCUREMENT_JustificationBook_Army_PB_2016.zzz_unzipped-PROCUREMENT_JustificationBook_Army_PB_2016.xml","35561decf1186cab62534ac5ef5e8832877d90792e1d60872f5196bad9dd6cca","5-48b51bd8992362c8d29c87e265a24136b52d953511f61cc2663a120bb4f02cb6","","","","0-352a71a6408599a55d7affc1e5da8335478ec3c9ad56bb90417d82bc0160d135","root.record.ItemExhibitList.P5Item"
"Miscellaneous","3","15.651","","","","","","","","","","","See End Item P-5A/NA","See End Item P-5A","","","","","2016-BASE_PROCUREMENT-2016-ARMY_AIRCRAFT-PROCUREMENT_JustificationBook_Army_PB_2016.zzz_unzipped-PROCUREMENT_JustificationBook_Army_PB_2016.xml","35561decf1186cab62534ac5ef5e8832877d90792e1d60872f5196bad9dd6cca","6-515615cd1946bfebf28ef1b531e7b17453c60ae0d4361b91364761bd6725f3a6","","","","0-352a71a6408599a55d7affc1e5da8335478ec3c9ad56bb90417d82bc0160d135","root.record.ItemExhibitList.P5Item"
"Warhead","19","57.293","6.999","","7.018","","","","","","","","See End Item P-5A/NA","See End Item P-5A","","","","","2016-BASE_PROCUREMENT-2016-ARMY_MISSLE-PROCUREMENT_JustificationBook_Army_PB_2016.zzz_unzipped-PROCUREMENT_JustificationBook_Army_PB_2016.xml","a165d0be6144e6f49e80b5586363567ae0ec4790d0f3b569f3260420117a3760","0-43fb31ac8fcc1851f3bae33b31052ed85768e4fbc246cb96bf9a2d8831a4acd5","","","","0-5188becd62267587643e3195f3f4fad7751c121be073b47a18193a8afb3b156b","root.record.ItemExhibitList.P5Item"
"Launch Motor","14","7.493","0.905","","0.905","","","","","","","","See End Item P-5A/NA","See End Item P-5A","","","","","2016-BASE_PROCUREMENT-2016-ARMY_MISSLE-PROCUREMENT_JustificationBook_Army_PB_2016.zzz_unzipped-PROCUREMENT_JustificationBook_Army_PB_2016.xml","a165d0be6144e6f49e80b5586363567ae0ec4790d0f3b569f3260420117a3760","1-7138a45f7692c8afdd2a5b0dafb99937fbbfde67b09200ce0b6cadb542086a05","","","","0-5188becd62267587643e3195f3f4fad7751c121be073b47a18193a8afb3b156b","root.record.ItemExhibitList.P5Item"
"Flight Motor","12","2.478","0.17","","0.17","","","","","","","","See End Item P-5A/NA","See End Item P-5A","","","","","2016-BASE_PROCUREMENT-2016-ARMY_MISSLE-PROCUREMENT_JustificationBook_Army_PB_2016.zzz_unzipped-PROCUREMENT_JustificationBook_Army_PB_2016.xml","a165d0be6144e6f49e80b5586363567ae0ec4790d0f3b569f3260420117a3760","2-4d047f36a4a7a2fbf5acdb89e80aa54d8133374fb485ca1938043e95feb5c238","","","","0-5188becd62267587643e3195f3f4fad7751c121be073b47a18193a8afb3b156b","root.record.ItemExhibitList.P5Item"
"2B Sensor","18","42.194","8.533","","8.533","","","","","","","","See End Item P-5A/NA","See End Item P-5A","","","","","2016-BASE_PROCUREMENT-2016-ARMY_MISSLE-PROCUREMENT_JustificationBook_Army_PB_2016.zzz_unzipped-PROCUREMENT_JustificationBook_Army_PB_2016.xml","a165d0be6144e6f49e80b5586363567ae0ec4790d0f3b569f3260420117a3760","3-99d27d5c9814737fcf8b72a1cbdef65d963c376d6a607c24f1feb03c71ad1ee8","","","","0-5188becd62267587643e3195f3f4fad7751c121be073b47a18193a8afb3b156b","root.record.ItemExhibitList.P5Item"
"Gyro","13","12.816","1.548","","1.548","","","","","","","","See End Item P-5A/NA","See End Item P-5A","","","","","2016-BASE_PROCUREMENT-2016-ARMY_MISSLE-PROCUREMENT_JustificationBook_Army_PB_2016.zzz_unzipped-PROCUREMENT_JustificationBook_Army_PB_2016.xml","a165d0be6144e6f49e80b5586363567ae0ec4790d0f3b569f3260420117a3760","4-a586f9c14c98b2a0e8bdd3d7e09f920fd8ac3f3d0725d2b63e052e00c49d6b9f","","","","0-5188becd62267587643e3195f3f4fad7751c121be073b47a18193a8afb3b156b","root.record.ItemExhibitList.P5Item"
"Flight Motor Case Kit","10","2.906","0.351","","0.351","","","","","","","","See End Item P-5A/NA","See End Item P-5A","","","","","2016-BASE_PROCUREMENT-2016-ARMY_MISSLE-PROCUREMENT_JustificationBook_Army_PB_2016.zzz_unzipped-PROCUREMENT_JustificationBook_Army_PB_2016.xml","a165d0be6144e6f49e80b5586363567ae0ec4790d0f3b569f3260420117a3760","5-6f6ecfdf66fbde8538fd0aa6f20f70ba3eac6755686a3efab90db6e22c7306df","","","","0-5188becd62267587643e3195f3f4fad7751c121be073b47a18193a8afb3b156b","root.record.ItemExhibitList.P5Item"
"Control Surface Actuators","13","7.584","0.916","","0.916","","","","","","","","See End Item P-5A/NA","See End Item P-5A","","","","","2016-BASE_PROCUREMENT-2016-ARMY_MISSLE-PROCUREMENT_JustificationBook_Army_PB_2016.zzz_unzipped-PROCUREMENT_JustificationBook_Army_PB_2016.xml","a165d0be6144e6f49e80b5586363567ae0ec4790d0f3b569f3260420117a3760","6-9fe496288e54b7c859f085182b7d61b2954760bfe56c831853d755f55745237f","","","","0-5188becd62267587643e3195f3f4fad7751c121be073b47a18193a8afb3b156b","root.record.ItemExhibitList.P5Item"
"Beacon Shutter Actuator","11","4.494","0.543","","0.543","","","","","","","","See End Item P-5A/NA","See End Item P-5A","","","","","2016-BASE_PROCUREMENT-2016-ARMY_MISSLE-PROCUREMENT_JustificationBook_Army_PB_2016.zzz_unzipped-PROCUREMENT_JustificationBook_Army_PB_2016.xml","a165d0be6144e6f49e80b5586363567ae0ec4790d0f3b569f3260420117a3760","7-76b13af072d9e52c8f29313a88eec085f97c9b41183bc212babf7f1015d31b15","","","","0-5188becd62267587643e3195f3f4fad7751c121be073b47a18193a8afb3b156b","root.record.ItemExhibitList.P5Item"
"CFE","6","342.743","125.162","","114.494","116.685","","","","","","","See End Item P-5A/NA","See End Item P-5A","6","6","","","2017-BASE_PROCUREMENT-2017-ARMY_AIRCRAFT-U_PROCUREMENT_JustificationBook_Army_PB_2017.zzz_unzipped-U_PROCUREMENT_JustificationBook_Army_PB_2017.xml","1f70a6b78589233ad91d21a4ae69bce2801aaf1036db7b0daab5a6799826990c","0-b7b81d3f1ec1277d9ad0c8c71471947d244e53ef769b2c84423a6acfb0abbd7c","26","","6","0-76b28dea43b1dae2c4651351bf8585a9bfb245834f6bd70f3c591e2370a7bb60","root.record.ItemExhibitList.P5Item"
"GFE","6","342.743","32.176","","95.436","68.475","","","","","","","See End Item P-5A/NA","See End Item P-5A","6","6","","","2017-BASE_PROCUREMENT-2017-ARMY_AIRCRAFT-U_PROCUREMENT_JustificationBook_Army_PB_2017.zzz_unzipped-U_PROCUREMENT_JustificationBook_Army_PB_2017.xml","1f70a6b78589233ad91d21a4ae69bce2801aaf1036db7b0daab5a6799826990c","1-36b7bc6703736323135e73436b253a49daed32f45e5ae6a982111154099366a4","26","","6","0-76b28dea43b1dae2c4651351bf8585a9bfb245834f6bd70f3c591e2370a7bb60","root.record.ItemExhibitList.P5Item"
"CFE Airframe","6","555.772","31.94","","76.875","112.975","","","","","","","See End Item P-5A/NA","See End Item P-5A","18","18","","","2017-BASE_PROCUREMENT-2017-ARMY_AIRCRAFT-U_PROCUREMENT_JustificationBook_Army_PB_2017.zzz_unzipped-U_PROCUREMENT_JustificationBook_Army_PB_2017.xml","2bd4c0a1589e46892f050588acb05b9acd9f0eba50d9b990b2593abe3dddb364","0-904d8e47a8e10d9923e4ac0aadbb7aa38ce895562e22e317dc30a0dc2133b036","1","","18","0-027cd71ba7840b7ad9a41cd12bdbbba890a99f30c01d674c09a7261bc6cc0b6d","root.record.ItemExhibitList.P5Item"
"Auxiliary Power Unit","3","27.851","4.347","","2.56","3.133","","","","","","","See End Item P-5A/NA","See End Item P-5A","6","6","","","2017-BASE_PROCUREMENT-2017-ARMY_AIRCRAFT-U_PROCUREMENT_JustificationBook_Army_PB_2017.zzz_unzipped-U_PROCUREMENT_JustificationBook_Army_PB_2017.xml","2bd4c0a1589e46892f050588acb05b9acd9f0eba50d9b990b2593abe3dddb364","1-4f7ac66c0574f095c9b908823ff0811f5ef9157342d7558705b7710e43de23a4","1","","6","0-027cd71ba7840b7ad9a41cd12bdbbba890a99f30c01d674c09a7261bc6cc0b6d","root.record.ItemExhibitList.P5Item"
"Engines","3","432.92","66.798","","39.368","47.953","","","","","","","See End Item P-5A/NA","See End Item P-5A","14","14","","","2017-BASE_PROCUREMENT-2017-ARMY_AIRCRAFT-U_PROCUREMENT_JustificationBook_Army_PB_2017.zzz_unzipped-U_PROCUREMENT_JustificationBook_Army_PB_2017.xml","2bd4c0a1589e46892f050588acb05b9acd9f0eba50d9b990b2593abe3dddb364","2-aa82b480fd168ab310d7d52f752b0e7ce2d6e90f92e564a4f40cf6f7dbd52782","2","","14","0-027cd71ba7840b7ad9a41cd12bdbbba890a99f30c01d674c09a7261bc6cc0b6d","root.record.ItemExhibitList.P5Item"
"EGI","3","66.489","10.79","","6.354","7.705","","","","","","","See End Item P-5A/NA","See End Item P-5A","12","12","","","2017-BASE_PROCUREMENT-2017-ARMY_AIRCRAFT-U_PROCUREMENT_JustificationBook_Army_PB_2017.zzz_unzipped-U_PROCUREMENT_JustificationBook_Army_PB_2017.xml","2bd4c0a1589e46892f050588acb05b9acd9f0eba50d9b990b2593abe3dddb364","3-4738762a4212de0741fae09db570d21210d286f2af1152c37466d830e18b0fee","2","","12","0-027cd71ba7840b7ad9a41cd12bdbbba890a99f30c01d674c09a7261bc6cc0b6d","root.record.ItemExhibitList.P5Item"
"Heads Up Display AVS-7","3","21.773","3.263","","1.922","2.341","","","","","","","See End Item P-5A/NA","See End Item P-5A","9","9","","","2017-BASE_PROCUREMENT-2017-ARMY_AIRCRAFT-U_PROCUREMENT_JustificationBook_Army_PB_2017.zzz_unzipped-U_PROCUREMENT_JustificationBook_Army_PB_2017.xml","2bd4c0a1589e46892f050588acb05b9acd9f0eba50d9b990b2593abe3dddb364","4-a42d3e7d6b630b84bb42b7ef9657fbae4fe6568879e1b0a6a327645b6ac4bf90","1","","9","0-027cd71ba7840b7ad9a41cd12bdbbba890a99f30c01d674c09a7261bc6cc0b6d","root.record.ItemExhibitList.P5Item"
"Hover Infrared Suppressor","1","28.959","","","0","","","","","","","","See End Item P-5A/NA","See End Item P-5A","1","1","","","2017-BASE_PROCUREMENT-2017-ARMY_AIRCRAFT-U_PROCUREMENT_JustificationBook_Army_PB_2017.zzz_unzipped-U_PROCUREMENT_JustificationBook_Army_PB_2017.xml","2bd4c0a1589e46892f050588acb05b9acd9f0eba50d9b990b2593abe3dddb364","5-142f37443bef6a0aababbb0aee583214c17dca5ce60c7a0c9c88b414a534c364","","","1","0-027cd71ba7840b7ad9a41cd12bdbbba890a99f30c01d674c09a7261bc6cc0b6d","root.record.ItemExhibitList.P5Item"
"Miscellaneous","1","15.651","","","0","","","","","","","","See End Item P-5A/NA","See End Item P-5A","1","1","","","2017-BASE_PROCUREMENT-2017-ARMY_AIRCRAFT-U_PROCUREMENT_JustificationBook_Army_PB_2017.zzz_unzipped-U_PROCUREMENT_JustificationBook_Army_PB_2017.xml","2bd4c0a1589e46892f050588acb05b9acd9f0eba50d9b990b2593abe3dddb364","6-6671aed24c79213e8168f3df2a0154fd5d5f779d2fffb964a0a37952c6b13799","","","1","0-027cd71ba7840b7ad9a41cd12bdbbba890a99f30c01d674c09a7261bc6cc0b6d","root.record.ItemExhibitList.P5Item"
"eTalin 4000","12","","","","","0.651","","","","","","","See End Item P-5A/NA","See End Item P-5A","13","13","","","2017-BASE_PROCUREMENT-2017-ARMY_MISSLE-U_PROCUREMENT_JustificationBook_Army_PB_2017.zzz_unzipped-U_PROCUREMENT_JustificationBook_Army_PB_2017.xml","abc7ddfa27f1d2d1fc08f8d9bc3ce8fba2a52b95a3784cecbaf8994aa4ab9ac3","0-383dab35a608714db8ff4dcb3d3a910100ef8342c409c2c870c6df77437d6215","1","","13","0-77e3f636325212cf6860bd2e8aa6bb616b84e02dcf6c75c7ea3da70373da9ea9","root.record.ItemExhibitList.P5Item"
"Weapon Interface Unit (WIU)","12","","","","","0.783","","","","","","","See End Item P-5A/NA","See End Item P-5A","12","12","","","2017-BASE_PROCUREMENT-2017-ARMY_MISSLE-U_PROCUREMENT_JustificationBook_Army_PB_2017.zzz_unzipped-U_PROCUREMENT_JustificationBook_Army_PB_2017.xml","abc7ddfa27f1d2d1fc08f8d9bc3ce8fba2a52b95a3784cecbaf8994aa4ab9ac3","1-5fc91d13762a156c92cfc6985b1a428278208016f261973ab06ee82c571ecd49","1","","12","0-77e3f636325212cf6860bd2e8aa6bb616b84e02dcf6c75c7ea3da70373da9ea9","root.record.ItemExhibitList.P5Item"
"Rails","12","","","","","10.665","","","","","","","See End Item P-5A/NA","See End Item P-5A","12","12","","","2017-BASE_PROCUREMENT-2017-ARMY_MISSLE-U_PROCUREMENT_JustificationBook_Army_PB_2017.zzz_unzipped-U_PROCUREMENT_JustificationBook_Army_PB_2017.xml","abc7ddfa27f1d2d1fc08f8d9bc3ce8fba2a52b95a3784cecbaf8994aa4ab9ac3","2-6e756c107f85a875ad780d323fc9543960924e7786f7b07b6db4f56416ce2ac4","15","","12","0-77e3f636325212cf6860bd2e8aa6bb616b84e02dcf6c75c7ea3da70373da9ea9","root.record.ItemExhibitList.P5Item"
"Weapon Control Unit(WCU)","12","","","","","2.7","","","","","","","See End Item P-5A/NA","See End Item P-5A","12","12","","","2017-BASE_PROCUREMENT-2017-ARMY_MISSLE-U_PROCUREMENT_JustificationBook_Army_PB_2017.zzz_unzipped-U_PROCUREMENT_JustificationBook_Army_PB_2017.xml","abc7ddfa27f1d2d1fc08f8d9bc3ce8fba2a52b95a3784cecbaf8994aa4ab9ac3","3-ba0beca71a824765e42e89f10d956dfa312fca3c2c1eebbc7da3b48b9a780700","15","","12","0-77e3f636325212cf6860bd2e8aa6bb616b84e02dcf6c75c7ea3da70373da9ea9","root.record.ItemExhibitList.P5Item"
"Common Power Supply (CPS)","12","","","","","0.45","","","","","","","See End Item P-5A/NA","See End Item P-5A","12","12","","","2017-BASE_PROCUREMENT-2017-ARMY_MISSLE-U_PROCUREMENT_JustificationBook_Army_PB_2017.zzz_unzipped-U_PROCUREMENT_JustificationBook_Army_PB_2017.xml","abc7ddfa27f1d2d1fc08f8d9bc3ce8fba2a52b95a3784cecbaf8994aa4ab9ac3","4-de8153bc6700dd59e9837ee218df0642469706c2886bbd7d37b14e6598c04d5b","1","","12","0-77e3f636325212cf6860bd2e8aa6bb616b84e02dcf6c75c7ea3da70373da9ea9","root.record.ItemExhibitList.P5Item"
"Launch Control Unit (LCU)","12","","","","","0.45","","","","","","","See End Item P-5A/NA","See End Item P-5A","12","12","","","2017-BASE_PROCUREMENT-2017-ARMY_MISSLE-U_PROCUREMENT_JustificationBook_Army_PB_2017.zzz_unzipped-U_PROCUREMENT_JustificationBook_Army_PB_2017.xml","abc7ddfa27f1d2d1fc08f8d9bc3ce8fba2a52b95a3784cecbaf8994aa4ab9ac3","5-095888ee1f16f5b97410adb97d1d5793dc4ee4239a8f31712b55d3a4d35acda3","1","","12","0-77e3f636325212cf6860bd2e8aa6bb616b84e02dcf6c75c7ea3da70373da9ea9","root.record.ItemExhibitList.P5Item"
"SEPM","12","","","","","3.62","","","","","","","See End Item P-5A/NA","See End Item P-5A","12","12","","","2017-BASE_PROCUREMENT-2017-ARMY_MISSLE-U_PROCUREMENT_JustificationBook_Army_PB_2017.zzz_unzipped-U_PROCUREMENT_JustificationBook_Army_PB_2017.xml","abc7ddfa27f1d2d1fc08f8d9bc3ce8fba2a52b95a3784cecbaf8994aa4ab9ac3","6-f4987e9c51382fe8cfeb86533c49e6fbd785aa50d3c68fd0a63b951ed13d3401","1","","12","0-77e3f636325212cf6860bd2e8aa6bb616b84e02dcf6c75c7ea3da70373da9ea9","root.record.ItemExhibitList.P5Item"
"Guidance Section LL Items (LRIP 1)","23","","","","24.8","","","","","","","","See End Item P-5A/NA","See End Item P-5A","14","14","","","2017-BASE_PROCUREMENT-2017-ARMY_MISSLE-U_PROCUREMENT_JustificationBook_Army_PB_2017.zzz_unzipped-U_PROCUREMENT_JustificationBook_Army_PB_2017.xml","8e5e79c284bc6a2fded409e3c871f1ba2ee794aa21282c392687ee8481df7ce2","0-fa3c5c97f8b5380ffe2900c34d1fc45c0e9c824a4cb7f0ca48013d2a27ec9da7","1","","14","0-273b39c085e0bc73ab966548bc673f03b3678dcaa795ed31c339f86151c2949c","root.record.ItemExhibitList.P5Item"
"HELLFIRE Backend LL Items (LRIP 1)","23","","","","2.938","","","","","","","","See End Item P-5A/NA","See End Item P-5A","18","18","","","2017-BASE_PROCUREMENT-2017-ARMY_MISSLE-U_PROCUREMENT_JustificationBook_Army_PB_2017.zzz_unzipped-U_PROCUREMENT_JustificationBook_Army_PB_2017.xml","8e5e79c284bc6a2fded409e3c871f1ba2ee794aa21282c392687ee8481df7ce2","1-0abbfc679ef45a96781ad5f345fac077870df28446954482e919cc6f02472a1e","1","","18","0-273b39c085e0bc73ab966548bc673f03b3678dcaa795ed31c339f86151c2949c","root.record.ItemExhibitList.P5Item"
"Guidance Section LL Items (LRIP 2)","23","","","","0","28.1","","","","","","","See End Item P-5A/NA","See End Item P-5A","14","14","","","2017-BASE_PROCUREMENT-2017-ARMY_MISSLE-U_PROCUREMENT_JustificationBook_Army_PB_2017.zzz_unzipped-U_PROCUREMENT_JustificationBook_Army_PB_2017.xml","8e5e79c284bc6a2fded409e3c871f1ba2ee794aa21282c392687ee8481df7ce2","2-95e3df5717906c5d49d2f068223cafefa05621b93a318298de0623839eb0b972","1","","14","0-273b39c085e0bc73ab966548bc673f03b3678dcaa795ed31c339f86151c2949c","root.record.ItemExhibitList.P5Item"
"HELLFIRE Backend LL Items (LRIP 2)","23","","","","0","9","","","","","","","See End Item P-5A/NA","See End Item P-5A","18","18","","","2017-BASE_PROCUREMENT-2017-ARMY_MISSLE-U_PROCUREMENT_JustificationBook_Army_PB_2017.zzz_unzipped-U_PROCUREMENT_JustificationBook_Army_PB_2017.xml","8e5e79c284bc6a2fded409e3c871f1ba2ee794aa21282c392687ee8481df7ce2","3-f68f9895c19d775e67d6224e151c5395d2e1fb6aa0cf783ea99a5bd1bf8d610f","1","","18","0-273b39c085e0bc73ab966548bc673f03b3678dcaa795ed31c339f86151c2949c","root.record.ItemExhibitList.P5Item"
"Launch Motor","14","9.46","0.905","","0","0.899","","","","","","","See End Item P-5A/NA","See End Item P-5A","14","14","","","2017-BASE_PROCUREMENT-2017-ARMY_MISSLE-U_PROCUREMENT_JustificationBook_Army_PB_2017.zzz_unzipped-U_PROCUREMENT_JustificationBook_Army_PB_2017.xml","b3c74fde820ba871359db2d9522d14158bcc7cc300d55daa3c70268eb1ca04a0","0-6bdd074048c2b64d80d0316906d71d23d3dffb0af91e299f91f6eb982c9e6bce","1","","14","0-044221316bb375e04df05e0fd6103970915f548b9042fc3f37e3e9aab166678a","root.record.ItemExhibitList.P5Item"
"Flight Motor","12","2.983","0.17","","0","0.169","","","","","","","See End Item P-5A/NA","See End Item P-5A","12","12","","","2017-BASE_PROCUREMENT-2017-ARMY_MISSLE-U_PROCUREMENT_JustificationBook_Army_PB_2017.zzz_unzipped-U_PROCUREMENT_JustificationBook_Army_PB_2017.xml","b3c74fde820ba871359db2d9522d14158bcc7cc300d55daa3c70268eb1ca04a0","1-57fcab4da6fdf3e997441d901aec93e2b8b2774a3ed019292849828ecc3748b2","1","","12","0-044221316bb375e04df05e0fd6103970915f548b9042fc3f37e3e9aab166678a","root.record.ItemExhibitList.P5Item"
"Warhead","19","72.424","7.018","","0","7.07","","","","","","","See End Item P-5A/NA","See End Item P-5A","19","19","","","2017-BASE_PROCUREMENT-2017-ARMY_MISSLE-U_PROCUREMENT_JustificationBook_Army_PB_2017.zzz_unzipped-U_PROCUREMENT_JustificationBook_Army_PB_2017.xml","b3c74fde820ba871359db2d9522d14158bcc7cc300d55daa3c70268eb1ca04a0","2-1c7e12380911c7598030ebdd1209df2619912e2f1ac41caa8a3240daa988afdd","1","","19","0-044221316bb375e04df05e0fd6103970915f548b9042fc3f37e3e9aab166678a","root.record.ItemExhibitList.P5Item"
"Gyro","13","16.181","1.548","","0","1.537","","","","","","","See End Item P-5A/NA","See End Item P-5A","13","13","","","2017-BASE_PROCUREMENT-2017-ARMY_MISSLE-U_PROCUREMENT_JustificationBook_Army_PB_2017.zzz_unzipped-U_PROCUREMENT_JustificationBook_Army_PB_2017.xml","b3c74fde820ba871359db2d9522d14158bcc7cc300d55daa3c70268eb1ca04a0","3-46bb17ed285478755c6d431aff34215b8b9a2e34764b5cfa651bfd91181b1b13","1","","13","0-044221316bb375e04df05e0fd6103970915f548b9042fc3f37e3e9aab166678a","root.record.ItemExhibitList.P5Item"
"Flight Motor Case Kit","10","3.669","0.351","","0","0.349","","","","","","","See End Item P-5A/NA","See End Item P-5A","12","12","","","2017-BASE_PROCUREMENT-2017-ARMY_MISSLE-U_PROCUREMENT_JustificationBook_Army_PB_2017.zzz_unzipped-U_PROCUREMENT_JustificationBook_Army_PB_2017.xml","b3c74fde820ba871359db2d9522d14158bcc7cc300d55daa3c70268eb1ca04a0","4-1226656c30d25e16739373ecb71568dd282f3931cee4b4022c978683285d308e","1","","12","0-044221316bb375e04df05e0fd6103970915f548b9042fc3f37e3e9aab166678a","root.record.ItemExhibitList.P5Item"
"2B Sensor","18","57.158","8.533","","0","8.475","","","","","","","See End Item P-5A/NA","See End Item P-5A","18","18","","","2017-BASE_PROCUREMENT-2017-ARMY_MISSLE-U_PROCUREMENT_JustificationBook_Army_PB_2017.zzz_unzipped-U_PROCUREMENT_JustificationBook_Army_PB_2017.xml","b3c74fde820ba871359db2d9522d14158bcc7cc300d55daa3c70268eb1ca04a0","5-cd5a26c68424f36fc32db06a57e14cfb887ecfa424924d7d75709c1b5cb51432","1","","18","0-044221316bb375e04df05e0fd6103970915f548b9042fc3f37e3e9aab166678a","root.record.ItemExhibitList.P5Item"
"Control Surface Actuator","13","9.575","0.916","","0","0.91","","","","","","","See End Item P-5A/NA","See End Item P-5A","13","13","","","2017-BASE_PROCUREMENT-2017-ARMY_MISSLE-U_PROCUREMENT_JustificationBook_Army_PB_2017.zzz_unzipped-U_PROCUREMENT_JustificationBook_Army_PB_2017.xml","b3c74fde820ba871359db2d9522d14158bcc7cc300d55daa3c70268eb1ca04a0","6-714e858a1fb3cd74cb731ee8926e887a40b0276b921bdf37a62b2b3d24600ad8","1","","13","0-044221316bb375e04df05e0fd6103970915f548b9042fc3f37e3e9aab166678a","root.record.ItemExhibitList.P5Item"
"Beacon Shutter Actuator","11","5.674","0.543","","0","0.54","","","","","","","See End Item P-5A/NA","See End Item P-5A","12","12","","","2017-BASE_PROCUREMENT-2017-ARMY_MISSLE-U_PROCUREMENT_JustificationBook_Army_PB_2017.zzz_unzipped-U_PROCUREMENT_JustificationBook_Army_PB_2017.xml","b3c74fde820ba871359db2d9522d14158bcc7cc300d55daa3c70268eb1ca04a0","7-33521ed713cb7b80c90c9b36df195fc0692a2afda9591d94509f573f8f9f92ba","1","","12","0-044221316bb375e04df05e0fd6103970915f548b9042fc3f37e3e9aab166678a","root.record.ItemExhibitList.P5Item"
"SV 7-8 Satellites: SV 7-8 Long Lead","12","0","","","","132.42","","","","","","","TBD","TBD","24","24","","","2018-BASE_PROCUREMENT-2018-AIRFORCE_SPACE-U_PROCUREMENT_JustificationBook_Air_Force_PB_2018.zzz_unzipped-U_PROCUREMENT_JustificationBook_Air_Force_PB_2018.xml","349c370ac6bc97a5ad160143ded991d0d22dea7de2bf966fd5e97c39409da319","0-529dbaaf36d26fa55ae226735501fa176820adc936ecfa8885fb29f204276b16","","","","2-8a7debb72ec284a5cc799d2705a5ef775bc4ed75b7a36e7112997498d747dc0d","root.record.ItemExhibitList.P5Item"
"SV 7-8 Satellites: SV 7-8 Long Lead","12","0","","","","132.42","","","","","","","TBD","TBD","24","24","","","2018-BASE_PROCUREMENT-2018-AIRFORCE_SPACE-U_PROCUREMENT_MasterJustificationBook_Air_Force_PB_2018.zzz_unzipped-U_PROCUREMENT_MasterJustificationBook_Air_Force_PB_2018.xml","5a6e56aaee2cd93fc0c6924a649668af9970661371ccd8532aa15662b3047718","0-cd922a8db8cfdc4aa68a8a4a1db3592654ce10148a7830e4528a420c7ef57765","","","","2-33dec9128f9c190f91375604f43ce6615a7c9dac20daf0e7c55ecf1fe3a8c204","root.record.ItemExhibitList.P5Item"
"CFE","6","535.539","132.255","","116.685","107.673","","","","","","","","","","","","","","2018-BASE_PROCUREMENT-2018-ARMY_AIRCRAFT-U_PROCUREMENT_JustificationBook_Army_PB_2018.zzz_unzipped-U_PROCUREMENT_JustificationBook_Army_PB_2018.xml","ebd01353ae8b080b1ab52e9195782fd3a992d3fb96174dad7091050691b1890a","0-737486ac1288e0b3abbd5fa8131bf2150da32d6dd276f188a5295e7e43c9d339","26","","6","0-762e55a4dc4dbb9f8ffaa71e57528f8f643f82e0b53c2468ea420538ace02008","root.record.ItemExhibitList.P5Item"
"GFE","6","307.237","77.675","","68.475","63.237","","","","","","","","","","","","","","2018-BASE_PROCUREMENT-2018-ARMY_AIRCRAFT-U_PROCUREMENT_JustificationBook_Army_PB_2018.zzz_unzipped-U_PROCUREMENT_JustificationBook_Army_PB_2018.xml","ebd01353ae8b080b1ab52e9195782fd3a992d3fb96174dad7091050691b1890a","1-775673125f3a913630d1c4e2b46d9f15cd700846edfb8072685bc2427a19bfa3","26","","6","0-762e55a4dc4dbb9f8ffaa71e57528f8f643f82e0b53c2468ea420538ace02008","root.record.ItemExhibitList.P5Item"
"AH-64E Apache New Build","12","71.585","","","0","71.9","","","","","","","","","","","","","","2018-BASE_PROCUREMENT-2018-ARMY_AIRCRAFT-U_PROCUREMENT_JustificationBook_Army_PB_2018.zzz_unzipped-U_PROCUREMENT_JustificationBook_Army_PB_2018.xml","ec4214bb0033781b58c37cb400177bb2808ac0668e64107b0f83f4b822d1a911","0-6bc39d23fa2644e0723f740173e82b038b3773b68f289391168591f53ca60540","","","12","0-2214859ef12b3299ce80a9cbcaa0f59ea353826d7dbbcdaec7fce77f09dad0cc","root.record.ItemExhibitList.P5Item"
"CFE Airframe","6","587.759","76.875","","103.296","28.719","","","","","","","","","","","","","","2018-BASE_PROCUREMENT-2018-ARMY_AIRCRAFT-U_PROCUREMENT_JustificationBook_Army_PB_2018.zzz_unzipped-U_PROCUREMENT_JustificationBook_Army_PB_2018.xml","2c89647444558f718087948ea69b3bc60ba69293cb3483126129012ea9285f3f","0-dbfcd9d45fd3a39630c6159abd01b013d99ef75d010743a9fa9513b2eb31fa2c","1","","18","0-2f50e9b37c823c18deb14235f72196bdafb4fdcd1456279c065326a7f4615ce2","root.record.ItemExhibitList.P5Item"
"Auxiliary Power Unit","3","32.198","2.56","","2.589","2.934","","","","","","","","","","","","","","2018-BASE_PROCUREMENT-2018-ARMY_AIRCRAFT-U_PROCUREMENT_JustificationBook_Army_PB_2018.zzz_unzipped-U_PROCUREMENT_JustificationBook_Army_PB_2018.xml","2c89647444558f718087948ea69b3bc60ba69293cb3483126129012ea9285f3f","1-650e9bc430ce8500ec87406e74616fdac08bec343a4d8232671495364f2daae7","1","","6","0-2f50e9b37c823c18deb14235f72196bdafb4fdcd1456279c065326a7f4615ce2","root.record.ItemExhibitList.P5Item"
"Engines","3","499.718","39.368","","39.851","45.156","","","","","","","","","","","","","","2018-BASE_PROCUREMENT-2018-ARMY_AIRCRAFT-U_PROCUREMENT_JustificationBook_Army_PB_2018.zzz_unzipped-U_PROCUREMENT_JustificationBook_Army_PB_2018.xml","2c89647444558f718087948ea69b3bc60ba69293cb3483126129012ea9285f3f","2-5e6f31a8f723307e3bdfa1d63c69c899d5f19a0a2fff718135fed7ff533c3fff","2","","14","0-2f50e9b37c823c18deb14235f72196bdafb4fdcd1456279c065326a7f4615ce2","root.record.ItemExhibitList.P5Item"
"EGI","3","77.279","6.354","","6.427","7.283","","","","","","","","","","","","","","2018-BASE_PROCUREMENT-2018-ARMY_AIRCRAFT-U_PROCUREMENT_JustificationBook_Army_PB_2018.zzz_unzipped-U_PROCUREMENT_JustificationBook_Army_PB_2018.xml","2c89647444558f718087948ea69b3bc60ba69293cb3483126129012ea9285f3f","3-19dd4943104baff840d5e6540b532884418b20918dc05f113c47f6b46d7f1468","2","","12","0-2f50e9b37c823c18deb14235f72196bdafb4fdcd1456279c065326a7f4615ce2","root.record.ItemExhibitList.P5Item"
"Heads Up Display AVS-7","3","25.036","1.922","","1.944","2.203","","","","","","","","","","","","","","2018-BASE_PROCUREMENT-2018-ARMY_AIRCRAFT-U_PROCUREMENT_JustificationBook_Army_PB_2018.zzz_unzipped-U_PROCUREMENT_JustificationBook_Army_PB_2018.xml","2c89647444558f718087948ea69b3bc60ba69293cb3483126129012ea9285f3f","4-04c9500dcb597da1f8e4049e1799cbf16fb9a8149689656d1790cdb438bc4137","1","","9","0-2f50e9b37c823c18deb14235f72196bdafb4fdcd1456279c065326a7f4615ce2","root.record.ItemExhibitList.P5Item"
"Hover Infrared Suppressor","1","28.959","","","0","","","","","","","","","","","","","","","2018-BASE_PROCUREMENT-2018-ARMY_AIRCRAFT-U_PROCUREMENT_JustificationBook_Army_PB_2018.zzz_unzipped-U_PROCUREMENT_JustificationBook_Army_PB_2018.xml","2c89647444558f718087948ea69b3bc60ba69293cb3483126129012ea9285f3f","5-86f88c6e9006d14d53aa6fc5e9547efa76a2bc161e9c40725bdf56be9d25540e","","","1","0-2f50e9b37c823c18deb14235f72196bdafb4fdcd1456279c065326a7f4615ce2","root.record.ItemExhibitList.P5Item"
"Miscellaneous","1","15.651","","","0","","","","","","","","","","","","","","","2018-BASE_PROCUREMENT-2018-ARMY_AIRCRAFT-U_PROCUREMENT_JustificationBook_Army_PB_2018.zzz_unzipped-U_PROCUREMENT_JustificationBook_Army_PB_2018.xml","2c89647444558f718087948ea69b3bc60ba69293cb3483126129012ea9285f3f","6-112b865ca0c1bcac5d96c2724f74fd04f9335450c04c1cad6db2b9dfee908886","","","1","0-2f50e9b37c823c18deb14235f72196bdafb4fdcd1456279c065326a7f4615ce2","root.record.ItemExhibitList.P5Item"
"Guidance Section LL Items (LRIP 1)","23","","24.8","","0","","","","","","","","","","","","","","","2018-BASE_PROCUREMENT-2018-ARMY_MISSLE-U_PROCUREMENT_JustificationBook_Army_PB_2018.zzz_unzipped-U_PROCUREMENT_JustificationBook_Army_PB_2018.xml","4cead6aa7b8f21e630078e1faa01af184d50c7548a2808d527da07f517250ab7","0-eeeee5dded92bd2755e8b28dd97808f2b94de48adc3308bf06ea27f9bffd3e16","","","14","0-53624429f3411b1d1e0fb427514692504f862e1a8b42390a97ea3766509ec29c","root.record.ItemExhibitList.P5Item"
"HELLFIRE Backend LL Items (LRIP 1)","23","","2.938","","0","","","","","","","","","","","","","","","2018-BASE_PROCUREMENT-2018-ARMY_MISSLE-U_PROCUREMENT_JustificationBook_Army_PB_2018.zzz_unzipped-U_PROCUREMENT_JustificationBook_Army_PB_2018.xml","4cead6aa7b8f21e630078e1faa01af184d50c7548a2808d527da07f517250ab7","1-6c95249f8f17c864c6191d35269d438e014fe52f903c725f5d7d69efa72ee694","","","24","0-53624429f3411b1d1e0fb427514692504f862e1a8b42390a97ea3766509ec29c","root.record.ItemExhibitList.P5Item"
"Guidance Section LL Items (LRIP 2)","23","","","","0","","","","","","","","","","","","","","","2018-BASE_PROCUREMENT-2018-ARMY_MISSLE-U_PROCUREMENT_JustificationBook_Army_PB_2018.zzz_unzipped-U_PROCUREMENT_JustificationBook_Army_PB_2018.xml","4cead6aa7b8f21e630078e1faa01af184d50c7548a2808d527da07f517250ab7","2-d58c54168c642c0b6fa294e2e6fdeda85a76abbf7c82b6c89a61f59dd8ecc1ec","","","14","0-53624429f3411b1d1e0fb427514692504f862e1a8b42390a97ea3766509ec29c","root.record.ItemExhibitList.P5Item"
"HELLFIRE Backend LL Items (LRIP 2)","23","","","","37.1","","","","","","","","","","","","","","","2018-BASE_PROCUREMENT-2018-ARMY_MISSLE-U_PROCUREMENT_JustificationBook_Army_PB_2018.zzz_unzipped-U_PROCUREMENT_JustificationBook_Army_PB_2018.xml","4cead6aa7b8f21e630078e1faa01af184d50c7548a2808d527da07f517250ab7","3-25224089568245733057356026d1f45815a1050935b9f9453e805acba7872493","","","24","0-53624429f3411b1d1e0fb427514692504f862e1a8b42390a97ea3766509ec29c","root.record.ItemExhibitList.P5Item"
"Launch Motor","14","9.46","","","0.899","0.841","","","","","","","","","","","","","","2018-BASE_PROCUREMENT-2018-ARMY_MISSLE-U_PROCUREMENT_JustificationBook_Army_PB_2018.zzz_unzipped-U_PROCUREMENT_JustificationBook_Army_PB_2018.xml","989a62adef07daf13af615ab52f41e43934b21e3d380b67cded0db07ce4ef4ae","0-2e8446e51fc12b850e0cee784ceee908090549e7a439839f28ab176be01db936","1","","14","0-69361c3febc81a0620dba7b519e11dc21dee87eb98c36ce8faabd3635d85e811","root.record.ItemExhibitList.P5Item"
"Flight Motor","12","2.983","","","0.169","0.182","","","","","","","","","","","","","","2018-BASE_PROCUREMENT-2018-ARMY_MISSLE-U_PROCUREMENT_JustificationBook_Army_PB_2018.zzz_unzipped-U_PROCUREMENT_JustificationBook_Army_PB_2018.xml","989a62adef07daf13af615ab52f41e43934b21e3d380b67cded0db07ce4ef4ae","1-aedfd439fb04a793ae73906b822614f397d623f3d86677b0469fc0673a232d74","1","","12","0-69361c3febc81a0620dba7b519e11dc21dee87eb98c36ce8faabd3635d85e811","root.record.ItemExhibitList.P5Item"
"Warhead","19","72.464","","","7.07","7.129","","","","","","","","","","","","","","2018-BASE_PROCUREMENT-2018-ARMY_MISSLE-U_PROCUREMENT_JustificationBook_Army_PB_2018.zzz_unzipped-U_PROCUREMENT_JustificationBook_Army_PB_2018.xml","989a62adef07daf13af615ab52f41e43934b21e3d380b67cded0db07ce4ef4ae","2-3fe42c5d6ef13964afa07a8bc298c1eaabe03078ae8d60ccbf9638cc3d4bd1a5","1","","19","0-69361c3febc81a0620dba7b519e11dc21dee87eb98c36ce8faabd3635d85e811","root.record.ItemExhibitList.P5Item"
"Gyro","13","16.199","","","1.537","1.55","","","","","","","","","","","","","","2018-BASE_PROCUREMENT-2018-ARMY_MISSLE-U_PROCUREMENT_JustificationBook_Army_PB_2018.zzz_unzipped-U_PROCUREMENT_JustificationBook_Army_PB_2018.xml","989a62adef07daf13af615ab52f41e43934b21e3d380b67cded0db07ce4ef4ae","3-ee65396773dedc6588c980eab8b5217d9dd5f82b5fe99b962b1474f4e5c519e7","1","","13","0-69361c3febc81a0620dba7b519e11dc21dee87eb98c36ce8faabd3635d85e811","root.record.ItemExhibitList.P5Item"
"Flight Motor Case Kit","10","3.669","","","0.349","0.356","","","","","","","","","","","","","","2018-BASE_PROCUREMENT-2018-ARMY_MISSLE-U_PROCUREMENT_JustificationBook_Army_PB_2018.zzz_unzipped-U_PROCUREMENT_JustificationBook_Army_PB_2018.xml","989a62adef07daf13af615ab52f41e43934b21e3d380b67cded0db07ce4ef4ae","4-3de0441c83e221e72d69f663a6e7bb055009d2f851122f1e64c761757c3af855","1","","12","0-69361c3febc81a0620dba7b519e11dc21dee87eb98c36ce8faabd3635d85e811","root.record.ItemExhibitList.P5Item"
"2B Sensor","18","57.178","","","8.475","8.546","","","","","","","","","","","","","","2018-BASE_PROCUREMENT-2018-ARMY_MISSLE-U_PROCUREMENT_JustificationBook_Army_PB_2018.zzz_unzipped-U_PROCUREMENT_JustificationBook_Army_PB_2018.xml","989a62adef07daf13af615ab52f41e43934b21e3d380b67cded0db07ce4ef4ae","5-47d32301b54aa217f3efbe3df7dad316a0f0d019628a0488269db1cad4f37678","1","","18","0-69361c3febc81a0620dba7b519e11dc21dee87eb98c36ce8faabd3635d85e811","root.record.ItemExhibitList.P5Item"
"Control Surface Actuator","13","9.58","","","0.91","0.841","","","","","","","","","","","","","","2018-BASE_PROCUREMENT-2018-ARMY_MISSLE-U_PROCUREMENT_JustificationBook_Army_PB_2018.zzz_unzipped-U_PROCUREMENT_JustificationBook_Army_PB_2018.xml","989a62adef07daf13af615ab52f41e43934b21e3d380b67cded0db07ce4ef4ae","6-b8125db62cd9eaafe6fe340033157e8e59358c25d612c90aebb445bb888d7bd3","1","","13","0-69361c3febc81a0620dba7b519e11dc21dee87eb98c36ce8faabd3635d85e811","root.record.ItemExhibitList.P5Item"
"Beacon Shutter Actuator","11","5.674","","","0.54","0.504","","","","","","","","","","","","","","2018-BASE_PROCUREMENT-2018-ARMY_MISSLE-U_PROCUREMENT_JustificationBook_Army_PB_2018.zzz_unzipped-U_PROCUREMENT_JustificationBook_Army_PB_2018.xml","989a62adef07daf13af615ab52f41e43934b21e3d380b67cded0db07ce4ef4ae","7-6adfa83df17357bc82cd04073a06a2180b549cad37c78134d8ae3e46a8a60c32","1","","12","0-69361c3febc81a0620dba7b519e11dc21dee87eb98c36ce8faabd3635d85e811","root.record.ItemExhibitList.P5Item"
"Aegis Advacned Procurement FY19","0","","","","","0","","","","","","","","","","","","","","2018-BASE_RDTE-2018-MDA-U_PROCUREMENT_JustificationBook_Missile_Defense_Agency_PB_2018.zzz_unzipped-U_PROCUREMENT_JustificationBook_Missile_Defense_Agency_PB_2018.xml","c9c5626a815145d0c9affba0fbe594ecb959638643a9ad7e5b99e7688f194226","0-f855e9d5cf708041c529ad49aeedc8a40a719678321f2144ed38f005781cc633","1","2020","","0-470301d5338ab82fa3e1b340fc827bd167842915e2797aa4c653551b646f8689","root.record.ItemExhibitList.P5Item"
"Aegis Advanced Procurement for FY18","0","","","","","38.738","","","","","","","","","","","","","","2018-BASE_RDTE-2018-MDA-U_PROCUREMENT_JustificationBook_Missile_Defense_Agency_PB_2018.zzz_unzipped-U_PROCUREMENT_JustificationBook_Missile_Defense_Agency_PB_2018.xml","c9c5626a815145d0c9affba0fbe594ecb959638643a9ad7e5b99e7688f194226","1-2a7ae35ff96a3f3629eb1163a49d839bceabfd73b5a221342d1fd4a049b59e57","1","2019","","0-470301d5338ab82fa3e1b340fc827bd167842915e2797aa4c653551b646f8689","root.record.ItemExhibitList.P5Item"
"Aegis Advanced Procurement FY20","0","","","","","0","","","","","","","","","","","","","","2018-BASE_RDTE-2018-MDA-U_PROCUREMENT_JustificationBook_Missile_Defense_Agency_PB_2018.zzz_unzipped-U_PROCUREMENT_JustificationBook_Missile_Defense_Agency_PB_2018.xml","c9c5626a815145d0c9affba0fbe594ecb959638643a9ad7e5b99e7688f194226","2-120f8f9de4306a7b3c01ee0e6cb41c78d5f3fd177f42f37d5bce7742877c4972","1","2021","","0-470301d5338ab82fa3e1b340fc827bd167842915e2797aa4c653551b646f8689","root.record.ItemExhibitList.P5Item"
"Aegis Advacned Procurement FY19","0","","","","","0","","","","","","","","","","","","","","2018-BASE_RDTE-2018-MDA-U_PROCUREMENT_MasterJustificationBook_Missile_Defense_Agency_PB_2018.zzz_unzipped-U_PROCUREMENT_MasterJustificationBook_Missile_Defense_Agency_PB_2018.xml","5039caee7c3ec5564d5e7009ecd268457390689b961ded97c8bea51b12a56191","0-8f43e59a65a047f4c7b494e3b293e1769624c38be5617b27761b3c1b920afec6","1","2020","","0-7ca326bd676c42ba1a0755d4e46e8dfafdb954f3239e8469172772bbf3813d84","root.record.ItemExhibitList.P5Item"
"Aegis Advanced Procurement for FY18","0","","","","","38.738","","","","","","","","","","","","","","2018-BASE_RDTE-2018-MDA-U_PROCUREMENT_MasterJustificationBook_Missile_Defense_Agency_PB_2018.zzz_unzipped-U_PROCUREMENT_MasterJustificationBook_Missile_Defense_Agency_PB_2018.xml","5039caee7c3ec5564d5e7009ecd268457390689b961ded97c8bea51b12a56191","1-ffa0a622c67049d332563ebdc96f892bab1ee04b0828f78f4b1a0c0d0a850fc0","1","2019","","0-7ca326bd676c42ba1a0755d4e46e8dfafdb954f3239e8469172772bbf3813d84","root.record.ItemExhibitList.P5Item"
"Aegis Advanced Procurement FY20","0","","","","","0","","","","","","","","","","","","","","2018-BASE_RDTE-2018-MDA-U_PROCUREMENT_MasterJustificationBook_Missile_Defense_Agency_PB_2018.zzz_unzipped-U_PROCUREMENT_MasterJustificationBook_Missile_Defense_Agency_PB_2018.xml","5039caee7c3ec5564d5e7009ecd268457390689b961ded97c8bea51b12a56191","2-73a5a7962b3f07bac0c36327250fdae92883fcbf34def64cdc7933e177eb1d80","1","2021","","0-7ca326bd676c42ba1a0755d4e46e8dfafdb954f3239e8469172772bbf3813d84","root.record.ItemExhibitList.P5Item"
"SV 7-8 Satellites: SV 7-8 Long Lead","12","","","","132.42","","","","","","","","","","","","","","","2019-BASE_PROCUREMENT-2019-AIRFORCE_SPACE-U_PROCUREMENT_JustificationBook_Air_Force_PB_2019.zzz_unzipped-U_PROCUREMENT_JustificationBook_Air_Force_PB_2019.xml","69f5d537ee02fe3841147f7d8dc4885ccab93abdd3905985c9061680464c3c83","0-d55f5b98dac2e1001c6b7455b30e5362e29b82f95eace72c385dc984b2c28d85","","","","2-4deb3a442c0f38409cba9115053aebd0fbea129c8542a9b15c3a763ed0c7d961","root.record.ItemExhibitList.P5Item"
"SV 7-8 Satellites: SV 7-8 Long Lead","12","","","","132.42","","","","","","","","","","","","","","","2019-BASE_PROCUREMENT-2019-AIRFORCE_SPACE-U_PROCUREMENT_MasterJustificationBook_Air_Force_PB_2019.zzz_unzipped-U_PROCUREMENT_MasterJustificationBook_Air_Force_PB_2019.xml","0c71715f409ac85cc53798867fc1f08294b549796ed9b5bd2c1d3370ed828913","0-d7b0cea7f11941205bc38aebe0af9d623e341371a29fed735ec61a31e2fb2004","","","","2-6cfd08a43b886d3581d90413f6aa6bfe76fded0f1735e17afe59e74971b661e7","root.record.ItemExhibitList.P5Item"
"Other","0","","","","","0","","","","","","","","","","","","","","2019-BASE_PROCUREMENT-2019-ARMY_AIRCRAFT-U_PROCUREMENT_JustificationBook_Army_PB_2019.zzz_unzipped-U_PROCUREMENT_JustificationBook_Army_PB_2019.xml","c6efa3d1ea895e36aa6ea1c6b9d247f9f9b97c3cfc03ed6678e75bd59a8137b4","0-d3e47570c7c4ddea51bdb71f87ff5d7128b6b7b8234813250dfaafc3f0933d10","","","0","0-60fc084a889ed06623cb31c7a012c835f4907c4997dd26f05938f2a288f8d801","root.record.ItemExhibitList.P5Item"
"CFE","6","684.106","122.206","","112.801","115.203","","","","","","","","","","","","","","2019-BASE_PROCUREMENT-2019-ARMY_AIRCRAFT-U_PROCUREMENT_JustificationBook_Army_PB_2019.zzz_unzipped-U_PROCUREMENT_JustificationBook_Army_PB_2019.xml","c6efa3d1ea895e36aa6ea1c6b9d247f9f9b97c3cfc03ed6678e75bd59a8137b4","1-3a0171c2321449faff2cbefc7c09295bddb7debb933b9b6feb8c3f1cd80240f1","26","","6","0-60fc084a889ed06623cb31c7a012c835f4907c4997dd26f05938f2a288f8d801","root.record.ItemExhibitList.P5Item"
"GFE","6","357.92","62.954","","58.109","59.347","","","","","","","","","","","","","","2019-BASE_PROCUREMENT-2019-ARMY_AIRCRAFT-U_PROCUREMENT_JustificationBook_Army_PB_2019.zzz_unzipped-U_PROCUREMENT_JustificationBook_Army_PB_2019.xml","c6efa3d1ea895e36aa6ea1c6b9d247f9f9b97c3cfc03ed6678e75bd59a8137b4","2-585c71741967e70566ca2b3d72b880d0573b38980ca8d07b42df91421b2da575","26","","6","0-60fc084a889ed06623cb31c7a012c835f4907c4997dd26f05938f2a288f8d801","root.record.ItemExhibitList.P5Item"
"AH-64E Apache New Build","12","84.507","71.8","","71.9","58.6","","","","","","","","","","","","","","2019-BASE_PROCUREMENT-2019-ARMY_AIRCRAFT-U_PROCUREMENT_JustificationBook_Army_PB_2019.zzz_unzipped-U_PROCUREMENT_JustificationBook_Army_PB_2019.xml","6b1656fac8a26342409b2f62049dc7f5cdb2bd5e08549a22c3d2920f17bde265","0-b6d2bb9d3e350c0e256003c742c66b89497eb9c1fdef440f15e0abbefe36054e","","","12","0-942e548df9b63aeb35d70f98f83bbec568e0b2e03fa98dd714928b4d096db9b1","root.record.ItemExhibitList.P5Item"
"Prior Year","0","2531.426","","","","","","","","","","","","","","","","","","2019-BASE_PROCUREMENT-2019-ARMY_AIRCRAFT-U_PROCUREMENT_JustificationBook_Army_PB_2019.zzz_unzipped-U_PROCUREMENT_JustificationBook_Army_PB_2019.xml","64c87e1adb49d0fad6202288aab5cd9f3489298b37e5e52649c8f9fce35c6caf","0-54a62cf8f0a84b46b7f42ad81552a1583d292d57018bdd0f5e7f1a8fbd526891","","","0","0-92ff2b490bb49c05476d1637358009d5ad73a34976858e783df7b3fa4f72cee5","root.record.ItemExhibitList.P5Item"
"CFE Airframe","6","664.634","113.308","","28.576","35.5","","","","","","","","","","","","","","2019-BASE_PROCUREMENT-2019-ARMY_AIRCRAFT-U_PROCUREMENT_JustificationBook_Army_PB_2019.zzz_unzipped-U_PROCUREMENT_JustificationBook_Army_PB_2019.xml","64c87e1adb49d0fad6202288aab5cd9f3489298b37e5e52649c8f9fce35c6caf","1-5344753c8867aeda6dd0ee36b4bde2ee864ecedd58bad5093eb21cc304a417dd","1","","18","0-92ff2b490bb49c05476d1637358009d5ad73a34976858e783df7b3fa4f72cee5","root.record.ItemExhibitList.P5Item"
"Auxiliary Power Unit","3","34.758","3.098","","2.941","3.6","","","","","","","","","","","","","","2019-BASE_PROCUREMENT-2019-ARMY_AIRCRAFT-U_PROCUREMENT_JustificationBook_Army_PB_2019.zzz_unzipped-U_PROCUREMENT_JustificationBook_Army_PB_2019.xml","64c87e1adb49d0fad6202288aab5cd9f3489298b37e5e52649c8f9fce35c6caf","2-3e9822bdda5df987bce93dc9ebc73e44e5794fd971ce27407f3cbdd8c1777c49","1","","6","0-92ff2b490bb49c05476d1637358009d5ad73a34976858e783df7b3fa4f72cee5","root.record.ItemExhibitList.P5Item"
"Engines","3","539.086","47.684","","45.269","55.41","","","","","","","","","","","","","","2019-BASE_PROCUREMENT-2019-ARMY_AIRCRAFT-U_PROCUREMENT_JustificationBook_Army_PB_2019.zzz_unzipped-U_PROCUREMENT_JustificationBook_Army_PB_2019.xml","64c87e1adb49d0fad6202288aab5cd9f3489298b37e5e52649c8f9fce35c6caf","3-a385e26f11a90133cb11969bd697276b2ca1ab5375a53e2149a3b44ce87e0214","2","","14","0-92ff2b490bb49c05476d1637358009d5ad73a34976858e783df7b3fa4f72cee5","root.record.ItemExhibitList.P5Item"
"EGI","3","83.633","7.691","","7.301","8.937","","","","","","","","","","","","","","2019-BASE_PROCUREMENT-2019-ARMY_AIRCRAFT-U_PROCUREMENT_JustificationBook_Army_PB_2019.zzz_unzipped-U_PROCUREMENT_JustificationBook_Army_PB_2019.xml","64c87e1adb49d0fad6202288aab5cd9f3489298b37e5e52649c8f9fce35c6caf","4-9a952918a1757f045ae750dc75ec83a997f9e8d7542743e94d9a1b004cbb9772","2","","12","0-92ff2b490bb49c05476d1637358009d5ad73a34976858e783df7b3fa4f72cee5","root.record.ItemExhibitList.P5Item"
"Heads Up Display AVS-7","3","26.958","2.326","","2.208","2.703","","","","","","","","","","","","","","2019-BASE_PROCUREMENT-2019-ARMY_AIRCRAFT-U_PROCUREMENT_JustificationBook_Army_PB_2019.zzz_unzipped-U_PROCUREMENT_JustificationBook_Army_PB_2019.xml","64c87e1adb49d0fad6202288aab5cd9f3489298b37e5e52649c8f9fce35c6caf","5-f1b91fad4c71f602dda739def7ede46e9fcf61eecf866db210c3f45c959e7fb2","1","","9","0-92ff2b490bb49c05476d1637358009d5ad73a34976858e783df7b3fa4f72cee5","root.record.ItemExhibitList.P5Item"
"Hover Infrared Suppressor","1","28.959","","","","","","","","","","","","","","","","","","2019-BASE_PROCUREMENT-2019-ARMY_AIRCRAFT-U_PROCUREMENT_JustificationBook_Army_PB_2019.zzz_unzipped-U_PROCUREMENT_JustificationBook_Army_PB_2019.xml","64c87e1adb49d0fad6202288aab5cd9f3489298b37e5e52649c8f9fce35c6caf","6-8898732413726b59020fadad33f4dfb567a17104cd022209815ae5e014325b38","","","1","0-92ff2b490bb49c05476d1637358009d5ad73a34976858e783df7b3fa4f72cee5","root.record.ItemExhibitList.P5Item"
"Miscellaneous","1","15.651","","","","","","","","","","","","","","","","","","2019-BASE_PROCUREMENT-2019-ARMY_AIRCRAFT-U_PROCUREMENT_JustificationBook_Army_PB_2019.zzz_unzipped-U_PROCUREMENT_JustificationBook_Army_PB_2019.xml","64c87e1adb49d0fad6202288aab5cd9f3489298b37e5e52649c8f9fce35c6caf","7-39632096171cb23f1ea45ecd397cbf73509638ec579736df8c0b9574eca19559","","","1","0-92ff2b490bb49c05476d1637358009d5ad73a34976858e783df7b3fa4f72cee5","root.record.ItemExhibitList.P5Item"
"SEPM","0","","","","","3.693","","","","","","","","","","","","","","2019-BASE_PROCUREMENT-2019-ARMY_MISSLE-U_PROCUREMENT_JustificationBook_Army_PB_2019.zzz_unzipped-U_PROCUREMENT_JustificationBook_Army_PB_2019.xml","6d3c4ef124673a75c5f508699d459545dcd5fa1c2d2edd37b8ca572d6abb187f","0-0af3d5ee4523ca5561d0b977b14e04ebc54fd849d0cec4897521c07affd2d5ba","","2020","12","1-426466a1df8bf0492cae623501e359e3411993e25289fe5e3f8031667ebede2e","root.record.ItemExhibitList.P5Item"
"Data","0","","19.319","","","0.168","","","","","","","","","","","","","","2019-BASE_PROCUREMENT-2019-ARMY_MISSLE-U_PROCUREMENT_JustificationBook_Army_PB_2019.zzz_unzipped-U_PROCUREMENT_JustificationBook_Army_PB_2019.xml","6d3c4ef124673a75c5f508699d459545dcd5fa1c2d2edd37b8ca572d6abb187f","1-da0974a96f08d633f23c781f30f1674355e64cabb19eeab1d9bb2b5220693e06","","2020","12","1-426466a1df8bf0492cae623501e359e3411993e25289fe5e3f8031667ebede2e","root.record.ItemExhibitList.P5Item"
"Guidance Section LL Items (LRIP 1)","23","24.8","","","","","","","","","","","","","","","","","","2019-BASE_PROCUREMENT-2019-ARMY_MISSLE-U_PROCUREMENT_JustificationBook_Army_PB_2019.zzz_unzipped-U_PROCUREMENT_JustificationBook_Army_PB_2019.xml","f217c54d6ceffdfdef71f9f9e089d12d593044819c53d822963bcab23bc9b26e","0-04eb4fb119a5f0c3feda7c0ae8b693db5cb02622699792c14d4dc502dbf129c3","","","14","0-efe4f8cad8c5ecd03564f3a5cd0ec39e708904879d31bbf5fce391cea54b8d9a","root.record.ItemExhibitList.P5Item"
"HELLFIRE Backend LL Items (LRIP 1)","23","2.938","","","","","","","","","","","","","","","","","","2019-BASE_PROCUREMENT-2019-ARMY_MISSLE-U_PROCUREMENT_JustificationBook_Army_PB_2019.zzz_unzipped-U_PROCUREMENT_JustificationBook_Army_PB_2019.xml","f217c54d6ceffdfdef71f9f9e089d12d593044819c53d822963bcab23bc9b26e","1-a92202d449969786a592c33e33dcba593ab81e74de469fbd7fa6002b4a664e21","","","24","0-efe4f8cad8c5ecd03564f3a5cd0ec39e708904879d31bbf5fce391cea54b8d9a","root.record.ItemExhibitList.P5Item"
"Guidance Section LL Items (LRIP 2)","23","","","","","0","","","","","","","","","","","","","","2019-BASE_PROCUREMENT-2019-ARMY_MISSLE-U_PROCUREMENT_JustificationBook_Army_PB_2019.zzz_unzipped-U_PROCUREMENT_JustificationBook_Army_PB_2019.xml","f217c54d6ceffdfdef71f9f9e089d12d593044819c53d822963bcab23bc9b26e","2-5181ce9c88f75b352caae164ae65c46ff690662724a71f601e2382b8b153e8fb","","","14","0-efe4f8cad8c5ecd03564f3a5cd0ec39e708904879d31bbf5fce391cea54b8d9a","root.record.ItemExhibitList.P5Item"
"HELLFIRE Backend LL Items (LRIP 2)","23","","37.1","","","","","","","","","","","","","","","","","2019-BASE_PROCUREMENT-2019-ARMY_MISSLE-U_PROCUREMENT_JustificationBook_Army_PB_2019.zzz_unzipped-U_PROCUREMENT_JustificationBook_Army_PB_2019.xml","f217c54d6ceffdfdef71f9f9e089d12d593044819c53d822963bcab23bc9b26e","3-87c95bb3cbaf99b46f310e079041d7586ce69fc9f93df542ef73718c3db6e649","","","24","0-efe4f8cad8c5ecd03564f3a5cd0ec39e708904879d31bbf5fce391cea54b8d9a","root.record.ItemExhibitList.P5Item"
"Warhead","19","72.424","6.611","","15.581","7.942","","","","","","","","","","","","","","2019-BASE_PROCUREMENT-2019-ARMY_MISSLE-U_PROCUREMENT_JustificationBook_Army_PB_2019.zzz_unzipped-U_PROCUREMENT_JustificationBook_Army_PB_2019.xml","6a299a402f458488c665f503f10a0d7afcba1a37a9fc1ac85a2aa65290b19344","0-f2117e3834bb2d4b52cdefd6344455c3521592cb267fc44cefcf93fe39678476","1","","19","0-852251b43d1b964f7aa61083e1b9ecfd612f65c94398c3ba37b9cca09c346fa4","root.record.ItemExhibitList.P5Item"
"Launch Motor","14","9.46","0.838","","1.101","0.838","","","","","","","","","","","","","","2019-BASE_PROCUREMENT-2019-ARMY_MISSLE-U_PROCUREMENT_JustificationBook_Army_PB_2019.zzz_unzipped-U_PROCUREMENT_JustificationBook_Army_PB_2019.xml","6a299a402f458488c665f503f10a0d7afcba1a37a9fc1ac85a2aa65290b19344","1-a27a3dc743464c9c4f8a22e2915044a1377d6df27e75a8d22d33d7229090a40e","1","","14","0-852251b43d1b964f7aa61083e1b9ecfd612f65c94398c3ba37b9cca09c346fa4","root.record.ItemExhibitList.P5Item"
"Flight Motor","12","2.983","0.158","","0.158","0.158","","","","","","","","","","","","","","2019-BASE_PROCUREMENT-2019-ARMY_MISSLE-U_PROCUREMENT_JustificationBook_Army_PB_2019.zzz_unzipped-U_PROCUREMENT_JustificationBook_Army_PB_2019.xml","6a299a402f458488c665f503f10a0d7afcba1a37a9fc1ac85a2aa65290b19344","2-29e8c025845ed4f753b8aa0421da47e09a2e6bf8d96cadcfd9c7251630791b30","1","","12","0-852251b43d1b964f7aa61083e1b9ecfd612f65c94398c3ba37b9cca09c346fa4","root.record.ItemExhibitList.P5Item"
"2B Sensor","18","57.143","","","","7.902","","","","","","","","","","","","","","2019-BASE_PROCUREMENT-2019-ARMY_MISSLE-U_PROCUREMENT_JustificationBook_Army_PB_2019.zzz_unzipped-U_PROCUREMENT_JustificationBook_Army_PB_2019.xml","6a299a402f458488c665f503f10a0d7afcba1a37a9fc1ac85a2aa65290b19344","3-2cf291c2ec7a7654b5fd859e61a6aa8df9ff2976f0b86ac73a6479453577fa18","1","","18","0-852251b43d1b964f7aa61083e1b9ecfd612f65c94398c3ba37b9cca09c346fa4","root.record.ItemExhibitList.P5Item"
"Gyro","13","16.181","1.433","","1.433","1.433","","","","","","","","","","","","","","2019-BASE_PROCUREMENT-2019-ARMY_MISSLE-U_PROCUREMENT_JustificationBook_Army_PB_2019.zzz_unzipped-U_PROCUREMENT_JustificationBook_Army_PB_2019.xml","6a299a402f458488c665f503f10a0d7afcba1a37a9fc1ac85a2aa65290b19344","4-17085b3d9f8d93b2ab23a9a30ea7b21b2720dc706a9b1f11ee865c24a9ed9aa7","1","","13","0-852251b43d1b964f7aa61083e1b9ecfd612f65c94398c3ba37b9cca09c346fa4","root.record.ItemExhibitList.P5Item"
"Flight Motor Case Kit","10","3.669","0.325","","0.325","0.325","","","","","","","","","","","","","","2019-BASE_PROCUREMENT-2019-ARMY_MISSLE-U_PROCUREMENT_JustificationBook_Army_PB_2019.zzz_unzipped-U_PROCUREMENT_JustificationBook_Army_PB_2019.xml","6a299a402f458488c665f503f10a0d7afcba1a37a9fc1ac85a2aa65290b19344","5-94098ce694b60197a924cfb4d3f81adf0dd1469312727f4672d6c372e990822b","1","","10","0-852251b43d1b964f7aa61083e1b9ecfd612f65c94398c3ba37b9cca09c346fa4","root.record.ItemExhibitList.P5Item"
"Control Surface Actuator","13","9.575","0.848","","0.848","0.848","","","","","","","","","","","","","","2019-BASE_PROCUREMENT-2019-ARMY_MISSLE-U_PROCUREMENT_JustificationBook_Army_PB_2019.zzz_unzipped-U_PROCUREMENT_JustificationBook_Army_PB_2019.xml","6a299a402f458488c665f503f10a0d7afcba1a37a9fc1ac85a2aa65290b19344","6-da6e8b49ee64792a5327d10f40bf07ec7147573b6eb5a25e8b21abad9cdec8d6","1","","13","0-852251b43d1b964f7aa61083e1b9ecfd612f65c94398c3ba37b9cca09c346fa4","root.record.ItemExhibitList.P5Item"
"Beacon Shutter Actuator","11","5.772","0.503","","0.503","0.503","","","","","","","","","","","","","","2019-BASE_PROCUREMENT-2019-ARMY_MISSLE-U_PROCUREMENT_JustificationBook_Army_PB_2019.zzz_unzipped-U_PROCUREMENT_JustificationBook_Army_PB_2019.xml","6a299a402f458488c665f503f10a0d7afcba1a37a9fc1ac85a2aa65290b19344","7-b4469cf39f14f1227287e8c3cd9289d2cfebbf6891d50ad2d3e49d1e1a8fd965","1","","11","0-852251b43d1b964f7aa61083e1b9ecfd612f65c94398c3ba37b9cca09c346fa4","root.record.ItemExhibitList.P5Item"
"Hardware FY19","0","","","","","115","","","","","","","","","","","","","","2019-BASE_PROCUREMENT-2019-DEFENSE_MDA_VOL2-U_PROCUREMENT_JustificationBook_Missile_Defense_Agency_PB_2019.zzz_unzipped-U_PROCUREMENT_JustificationBook_Missile_Defense_Agency_PB_2019.xml","e8c2f6fc9ef5dc29cd5ff73f15fa8d6329010b733912a8020f934ec1f5a4ed9d","0-b37eacd550d3d0f5693d72703b09398f1bc296de8b950e74cffa90b90979575f","1","2019","","0-56a690984e707b3e8d0ceef0c77dfb3bcd66fda5f3cc038aeedb061c5c8001f5","root.record.ItemExhibitList.P5Item"
"Hardware FY18","0","","","","56","0","","","","","","","","","","","","","","2019-BASE_PROCUREMENT-2019-DEFENSE_MDA_VOL2-U_PROCUREMENT_JustificationBook_Missile_Defense_Agency_PB_2019.zzz_unzipped-U_PROCUREMENT_JustificationBook_Missile_Defense_Agency_PB_2019.xml","e8c2f6fc9ef5dc29cd5ff73f15fa8d6329010b733912a8020f934ec1f5a4ed9d","1-63f3268c5002231e4803e794099a85e8ff5a1825632a6bc34d881ea41462f6d6","1","2018","","0-56a690984e707b3e8d0ceef0c77dfb3bcd66fda5f3cc038aeedb061c5c8001f5","root.record.ItemExhibitList.P5Item"
"Hardware FY17","0","","47","","","0","","","","","","","","","","","","","","2019-BASE_PROCUREMENT-2019-DEFENSE_MDA_VOL2-U_PROCUREMENT_JustificationBook_Missile_Defense_Agency_PB_2019.zzz_unzipped-U_PROCUREMENT_JustificationBook_Missile_Defense_Agency_PB_2019.xml","e8c2f6fc9ef5dc29cd5ff73f15fa8d6329010b733912a8020f934ec1f5a4ed9d","0-129b00dce353a5bf32126f22a8713b889243ae1c81bd8c267cdb72bab3ae6668","1","2017","","1-a02be07b4785c4753a28f4e0a987acefa8e71796612c60ee7df8ae26f48444d8","root.record.ItemExhibitList.P5Item"
"Hardware FY18","0","","","","32","0","","","","","","","","","","","","","","2019-BASE_PROCUREMENT-2019-DEFENSE_MDA_VOL2-U_PROCUREMENT_JustificationBook_Missile_Defense_Agency_PB_2019.zzz_unzipped-U_PROCUREMENT_JustificationBook_Missile_Defense_Agency_PB_2019.xml","e8c2f6fc9ef5dc29cd5ff73f15fa8d6329010b733912a8020f934ec1f5a4ed9d","1-a4c0efef333bf1993910499db271baa898399e55171173b63a2c9356c5bc00fa","1","2018","","1-a02be07b4785c4753a28f4e0a987acefa8e71796612c60ee7df8ae26f48444d8","root.record.ItemExhibitList.P5Item"
"Aegis Advacned Procurement FY19","0","","","","","115.206","","","","","","","","","","","","","","2019-BASE_PROCUREMENT-2019-DEFENSE_MDA_VOL2-U_PROCUREMENT_JustificationBook_Missile_Defense_Agency_PB_2019.zzz_unzipped-U_PROCUREMENT_JustificationBook_Missile_Defense_Agency_PB_2019.xml","fff9c76ce4ea578c6ae82ddaaa12d9cf45c6b39fb4307897a1a44b6612fc09e7","0-fac99883682341f6599a38ba9d7094780ac5ff1d52c249ed524532344224f250","1","2020","","0-839202302948fa3cc956237ed24f7f3d6249bb03065bacc3892d4e3703f566c2","root.record.ItemExhibitList.P5Item"
"Aegis Advanced Procurement for FY18","0","","","","38.738","0","","","","","","","","","","","","","","2019-BASE_PROCUREMENT-2019-DEFENSE_MDA_VOL2-U_PROCUREMENT_JustificationBook_Missile_Defense_Agency_PB_2019.zzz_unzipped-U_PROCUREMENT_JustificationBook_Missile_Defense_Agency_PB_2019.xml","fff9c76ce4ea578c6ae82ddaaa12d9cf45c6b39fb4307897a1a44b6612fc09e7","1-917771c45f38ea464d517ab93672e2ee200b3e4d76165e6970c340097d712667","1","2019","","0-839202302948fa3cc956237ed24f7f3d6249bb03065bacc3892d4e3703f566c2","root.record.ItemExhibitList.P5Item"
"Hardware FY19","0","","","","","115","","","","","","","","","","","","","","2019-BASE_PROCUREMENT-2019-DEFENSE_MDA_VOL2-U_PROCUREMENT_MasterJustificationBook_Missile_Defense_Agency_PB_2019.zzz_unzipped-U_PROCUREMENT_MasterJustificationBook_Missile_Defense_Agency_PB_2019.xml","5ed4e88d5b620bd69b58bd32f54ea48803b63588c9991f1b0a0dbbb5060dac82","0-f2aab8c68efb17dd6755c78543c975cb8b8ddb679dcbfe34f69b8c5c9c55a0f0","1","2019","","0-bedd2167e69889f9e4f3384f90a94b6994ee34f34125f0a0cd9e4f8a3c62f5bc","root.record.ItemExhibitList.P5Item"
"Hardware FY18","0","","","","56","0","","","","","","","","","","","","","","2019-BASE_PROCUREMENT-2019-DEFENSE_MDA_VOL2-U_PROCUREMENT_MasterJustificationBook_Missile_Defense_Agency_PB_2019.zzz_unzipped-U_PROCUREMENT_MasterJustificationBook_Missile_Defense_Agency_PB_2019.xml","5ed4e88d5b620bd69b58bd32f54ea48803b63588c9991f1b0a0dbbb5060dac82","1-eafe716ae84436f4de2314a5801d5a33a8d5a27f12fd63f26d9f0a6b2ac1a3e3","1","2018","","0-bedd2167e69889f9e4f3384f90a94b6994ee34f34125f0a0cd9e4f8a3c62f5bc","root.record.ItemExhibitList.P5Item"
"Hardware FY17","0","","47","","","0","","","","","","","","","","","","","","2019-BASE_PROCUREMENT-2019-DEFENSE_MDA_VOL2-U_PROCUREMENT_MasterJustificationBook_Missile_Defense_Agency_PB_2019.zzz_unzipped-U_PROCUREMENT_MasterJustificationBook_Missile_Defense_Agency_PB_2019.xml","5ed4e88d5b620bd69b58bd32f54ea48803b63588c9991f1b0a0dbbb5060dac82","0-847d90ab36d821678a522277ba85b3dfd0096ec594b7202aeed9faa72c34cfff","1","2017","","1-cb4d08d7f049f1122dda397b147eb61150e8ddb4fef1991c29f3f90bcaf6b8d8","root.record.ItemExhibitList.P5Item"
"Hardware FY18","0","","","","32","0","","","","","","","","","","","","","","2019-BASE_PROCUREMENT-2019-DEFENSE_MDA_VOL2-U_PROCUREMENT_MasterJustificationBook_Missile_Defense_Agency_PB_2019.zzz_unzipped-U_PROCUREMENT_MasterJustificationBook_Missile_Defense_Agency_PB_2019.xml","5ed4e88d5b620bd69b58bd32f54ea48803b63588c9991f1b0a0dbbb5060dac82","1-c3bcad0984610f14af176e143cdb83b66bdef056c24da591a70d4315b4b04f67","1","2018","","1-cb4d08d7f049f1122dda397b147eb61150e8ddb4fef1991c29f3f90bcaf6b8d8","root.record.ItemExhibitList.P5Item"
"Aegis Advacned Procurement FY19","0","","","","","115.206","","","","","","","","","","","","","","2019-BASE_PROCUREMENT-2019-DEFENSE_MDA_VOL2-U_PROCUREMENT_MasterJustificationBook_Missile_Defense_Agency_PB_2019.zzz_unzipped-U_PROCUREMENT_MasterJustificationBook_Missile_Defense_Agency_PB_2019.xml","be5f3109c7ed516301db7e6dae9a0c9107a2812ae233087835c8c41d2c46374e","0-d4bdb250a0fe8092b3881832c1600faa17a042970c695f97ff0a0bba0300d887","1","2020","","0-fad74d60b0b63c6b8dad988f990012e096b3a7f09929438be2259d0f05fb8939","root.record.ItemExhibitList.P5Item"
"Aegis Advanced Procurement for FY18","0","","","","38.738","0","","","","","","","","","","","","","","2019-BASE_PROCUREMENT-2019-DEFENSE_MDA_VOL2-U_PROCUREMENT_MasterJustificationBook_Missile_Defense_Agency_PB_2019.zzz_unzipped-U_PROCUREMENT_MasterJustificationBook_Missile_Defense_Agency_PB_2019.xml","be5f3109c7ed516301db7e6dae9a0c9107a2812ae233087835c8c41d2c46374e","1-6f273f4eb33e57b952487496024a13ba7752ab21ad873f940d097989a7d19b2d","1","2019","","0-fad74d60b0b63c6b8dad988f990012e096b3a7f09929438be2259d0f05fb8939","root.record.ItemExhibitList.P5Item"
"CFE","6","806.312","170.91","","115.203","190.87","","","","","","","","","","","","","","2020-BASE_PROCUREMENT-2020-ARMY_AIRCRAFT-U_PROCUREMENT_JustificationBook_Army_PB_2020.zzz_unzipped-U_PROCUREMENT_JustificationBook_Army_PB_2020.xml","c040489464e206f26caa5d0e93260ceada074f3f451f6e3172c35389076843f1","0-182fc6f4b2d0cd99f43d830b69db367e743cd7a9378573b3ebacdda05a4b1f98","26","","6","0-e6cccd19f3e343646a65a431efedf987a019406f3da0f2be52a4dd4529fc151a","root.record.ItemExhibitList.P5Item"
"GFE","6","420.874","","","59.347","","","","","","","","","","","","","","","2020-BASE_PROCUREMENT-2020-ARMY_AIRCRAFT-U_PROCUREMENT_JustificationBook_Army_PB_2020.zzz_unzipped-U_PROCUREMENT_JustificationBook_Army_PB_2020.xml","c040489464e206f26caa5d0e93260ceada074f3f451f6e3172c35389076843f1","1-11478cd0014fe02d8c03c948e92addf3388044cb92106ceed5458a0242213fdc","26","","6","0-e6cccd19f3e343646a65a431efedf987a019406f3da0f2be52a4dd4529fc151a","root.record.ItemExhibitList.P5Item"
"AH-64E Apache New Build","12","156.307","71.9","","58.6","","","","","","","","","","","","","","","2020-BASE_PROCUREMENT-2020-ARMY_AIRCRAFT-U_PROCUREMENT_JustificationBook_Army_PB_2020.zzz_unzipped-U_PROCUREMENT_JustificationBook_Army_PB_2020.xml","00815e3446594b9b3e0250f408b957b70052f60aeef8c5e12a96dfcddf087211","0-46a37fc0a945b18169c665847bda0737b04e55c1bdb4f23159a145e00ab2b51c","","","12","0-9d9b659e739c42f1dd3db1de06379a66e0587b5384fe6abe245bde852d29f757","root.record.ItemExhibitList.P5Item"
"Prior Year","","2531.426","","","","","","","","","","","","","","","","","","2020-BASE_PROCUREMENT-2020-ARMY_AIRCRAFT-U_PROCUREMENT_JustificationBook_Army_PB_2020.zzz_unzipped-U_PROCUREMENT_JustificationBook_Army_PB_2020.xml","051678080cc2d6569f7f1399159968badd9914d956128802ed8e1f1a8a9c2f33","0-f8d95c70a42e3145de98ab78e64b83e2d9fe89e04d51b7e10b24e4e5abd99dba","","","0","0-34d212e1fa8ef6c2ce1026d58f08aaac73f4948213686ebf80715ad68fa0e032","root.record.ItemExhibitList.P5Item"
"CFE Airframe","6","777.942","28.576","","35.5","25.893","","","","","","","","","","","","","","2020-BASE_PROCUREMENT-2020-ARMY_AIRCRAFT-U_PROCUREMENT_JustificationBook_Army_PB_2020.zzz_unzipped-U_PROCUREMENT_JustificationBook_Army_PB_2020.xml","051678080cc2d6569f7f1399159968badd9914d956128802ed8e1f1a8a9c2f33","1-07ac118b0ccbc4671a1900b21487845e3307d3159f5df996099284944e7a45ce","1","","18","0-34d212e1fa8ef6c2ce1026d58f08aaac73f4948213686ebf80715ad68fa0e032","root.record.ItemExhibitList.P5Item"
"Auxiliary Power Unit","3","37.856","2.941","","3.6","2.735","","","","","","","","","","","","","","2020-BASE_PROCUREMENT-2020-ARMY_AIRCRAFT-U_PROCUREMENT_JustificationBook_Army_PB_2020.zzz_unzipped-U_PROCUREMENT_JustificationBook_Army_PB_2020.xml","051678080cc2d6569f7f1399159968badd9914d956128802ed8e1f1a8a9c2f33","2-ba722b039711cfe128e5d4e6b2e163f488ee636cd6654dfd9d7e96dd8e0c8774","1","","6","0-34d212e1fa8ef6c2ce1026d58f08aaac73f4948213686ebf80715ad68fa0e032","root.record.ItemExhibitList.P5Item"
"Engines","3","586.77","45.269","","55.41","42.1","","","","","","","","","","","","","","2020-BASE_PROCUREMENT-2020-ARMY_AIRCRAFT-U_PROCUREMENT_JustificationBook_Army_PB_2020.zzz_unzipped-U_PROCUREMENT_JustificationBook_Army_PB_2020.xml","051678080cc2d6569f7f1399159968badd9914d956128802ed8e1f1a8a9c2f33","3-ec1d873adf33008f1ac4cf5f8fc532d51c774ea24f3107da4472ed76f9c48d29","2","","14","0-34d212e1fa8ef6c2ce1026d58f08aaac73f4948213686ebf80715ad68fa0e032","root.record.ItemExhibitList.P5Item"
"EGI","3","91.324","7.301","","8.937","6.79","","","","","","","","","","","","","","2020-BASE_PROCUREMENT-2020-ARMY_AIRCRAFT-U_PROCUREMENT_JustificationBook_Army_PB_2020.zzz_unzipped-U_PROCUREMENT_JustificationBook_Army_PB_2020.xml","051678080cc2d6569f7f1399159968badd9914d956128802ed8e1f1a8a9c2f33","4-f88a1e84ef6fd693967dcbf904b6af796b40f8313b112cc195a0f706cff796a3","2","","12","0-34d212e1fa8ef6c2ce1026d58f08aaac73f4948213686ebf80715ad68fa0e032","root.record.ItemExhibitList.P5Item"
"Heads Up Display AVS-7","3","29.284","2.208","","2.703","2.054","","","","","","","","","","","","","","2020-BASE_PROCUREMENT-2020-ARMY_AIRCRAFT-U_PROCUREMENT_JustificationBook_Army_PB_2020.zzz_unzipped-U_PROCUREMENT_JustificationBook_Army_PB_2020.xml","051678080cc2d6569f7f1399159968badd9914d956128802ed8e1f1a8a9c2f33","5-b764dfe63cd1f845af0d66fdf54b24ad9786bda871d47ab376a22aefb55b52dd","1","","9","0-34d212e1fa8ef6c2ce1026d58f08aaac73f4948213686ebf80715ad68fa0e032","root.record.ItemExhibitList.P5Item"
"Hover Infrared Suppressor","1","28.959","","","","","","","","","","","","","","","","","","2020-BASE_PROCUREMENT-2020-ARMY_AIRCRAFT-U_PROCUREMENT_JustificationBook_Army_PB_2020.zzz_unzipped-U_PROCUREMENT_JustificationBook_Army_PB_2020.xml","051678080cc2d6569f7f1399159968badd9914d956128802ed8e1f1a8a9c2f33","6-d7b15be18b539395ae073a1ddbfbbdda89f2a77ba0ee1de577e2235a5f02c813","","","1","0-34d212e1fa8ef6c2ce1026d58f08aaac73f4948213686ebf80715ad68fa0e032","root.record.ItemExhibitList.P5Item"
"Miscellaneous","1","15.651","","","","","","","","","","","","","","","","","","2020-BASE_PROCUREMENT-2020-ARMY_AIRCRAFT-U_PROCUREMENT_JustificationBook_Army_PB_2020.zzz_unzipped-U_PROCUREMENT_JustificationBook_Army_PB_2020.xml","051678080cc2d6569f7f1399159968badd9914d956128802ed8e1f1a8a9c2f33","7-3bea739bf5355ea7392445ca71e7278f4be54a80b38df89fc5c7df7c8dd5f192","","","1","0-34d212e1fa8ef6c2ce1026d58f08aaac73f4948213686ebf80715ad68fa0e032","root.record.ItemExhibitList.P5Item"
"MML Adv Proc Materials (Rescinded by NDAA FY2018)","","19.319","","","","","","","","","","","","","","","","","","2020-BASE_PROCUREMENT-2020-ARMY_MISSLE-U_PROCUREMENT_JustificationBook_Army_PB_2020.zzz_unzipped-U_PROCUREMENT_JustificationBook_Army_PB_2020.xml","50a5217e1270d0048e174d6aba1ea43048f8902784301504ef4ca043ba1d93b3","0-0a6f1566987ddbee6d21382e0ea5ed3fad0c5f440f7e27d81f181549effd172e","","","0","1-887790c49357bbe226b123db83e6c6b9039119affb549ac223984564accf46b4","root.record.ItemExhibitList.P5Item"
"ATR - Realign to Base for Iron Dome Procurement","","","","","31.286","","","","","","","","","","","","","","","2020-BASE_PROCUREMENT-2020-ARMY_MISSLE-U_PROCUREMENT_JustificationBook_Army_PB_2020.zzz_unzipped-U_PROCUREMENT_JustificationBook_Army_PB_2020.xml","50a5217e1270d0048e174d6aba1ea43048f8902784301504ef4ca043ba1d93b3","1-39ae2a8cc9b3b180c72e9b302bdcb12aa315b4de783b6224fc830455b704cc9a","","","0","1-887790c49357bbe226b123db83e6c6b9039119affb549ac223984564accf46b4","root.record.ItemExhibitList.P5Item"
"Warhead","14","79.035","15.581","","7.942","6.923","","","","","","","","","","","","","","2020-BASE_PROCUREMENT-2020-ARMY_MISSLE-U_PROCUREMENT_JustificationBook_Army_PB_2020.zzz_unzipped-U_PROCUREMENT_JustificationBook_Army_PB_2020.xml","b6254689026733353150c6125748d60a95454d2a176dbcd63db3282dac87fbea","0-dce82d913a74576843f9dfea0f36c2370eeb0ea732b1e1e68a82c4bbef22420e","1","","14","0-5d52279ccbf221a5cebf440f9c016b012f680ce684326496587c2c14c4feb01d","root.record.ItemExhibitList.P5Item"
"Launch Motor","14","10.298","1.101","","0.838","0.73","","","","","","","","","","","","","","2020-BASE_PROCUREMENT-2020-ARMY_MISSLE-U_PROCUREMENT_JustificationBook_Army_PB_2020.zzz_unzipped-U_PROCUREMENT_JustificationBook_Army_PB_2020.xml","b6254689026733353150c6125748d60a95454d2a176dbcd63db3282dac87fbea","1-b4a140ef2c7387d3c678e30a64dc24c60ea3afe6a7346224c396b36149ef5faa","1","","14","0-5d52279ccbf221a5cebf440f9c016b012f680ce684326496587c2c14c4feb01d","root.record.ItemExhibitList.P5Item"
"Flight Motor","12","3.141","0.158","","0.158","0.138","","","","","","","","","","","","","","2020-BASE_PROCUREMENT-2020-ARMY_MISSLE-U_PROCUREMENT_JustificationBook_Army_PB_2020.zzz_unzipped-U_PROCUREMENT_JustificationBook_Army_PB_2020.xml","b6254689026733353150c6125748d60a95454d2a176dbcd63db3282dac87fbea","2-ee0c54c870081799e724dabc1d90aa7cd34ead9ca9bd224b970ad62b4bb340cc","1","","12","0-5d52279ccbf221a5cebf440f9c016b012f680ce684326496587c2c14c4feb01d","root.record.ItemExhibitList.P5Item"
"2B Sensor","18","57.143","","","7.902","","","","","","","","","","","","","","","2020-BASE_PROCUREMENT-2020-ARMY_MISSLE-U_PROCUREMENT_JustificationBook_Army_PB_2020.zzz_unzipped-U_PROCUREMENT_JustificationBook_Army_PB_2020.xml","b6254689026733353150c6125748d60a95454d2a176dbcd63db3282dac87fbea","3-043f0465327366dd9e64e1ac576a69e9c773837ed475bdaaf16594aecedec357","1","","18","0-5d52279ccbf221a5cebf440f9c016b012f680ce684326496587c2c14c4feb01d","root.record.ItemExhibitList.P5Item"
"Gyro","13","17.614","1.433","","1.433","1.249","","","","","","","","","","","","","","2020-BASE_PROCUREMENT-2020-ARMY_MISSLE-U_PROCUREMENT_JustificationBook_Army_PB_2020.zzz_unzipped-U_PROCUREMENT_JustificationBook_Army_PB_2020.xml","b6254689026733353150c6125748d60a95454d2a176dbcd63db3282dac87fbea","4-e21608ebaf9c9d0133beda68055de19c5f3f1c87f6334c4b9ff216b0dcd30e80","1","","13","0-5d52279ccbf221a5cebf440f9c016b012f680ce684326496587c2c14c4feb01d","root.record.ItemExhibitList.P5Item"
"Flight Motor Case Kit","10","3.994","0.325","","0.325","0.283","","","","","","","","","","","","","","2020-BASE_PROCUREMENT-2020-ARMY_MISSLE-U_PROCUREMENT_JustificationBook_Army_PB_2020.zzz_unzipped-U_PROCUREMENT_JustificationBook_Army_PB_2020.xml","b6254689026733353150c6125748d60a95454d2a176dbcd63db3282dac87fbea","5-283a313d0799b84ce0d39792943ec25d0eb8b868b21b0c26bda4398f5d3b8328","1","","10","0-5d52279ccbf221a5cebf440f9c016b012f680ce684326496587c2c14c4feb01d","root.record.ItemExhibitList.P5Item"
"Control Surface Actuator","14","10.423","0.848","","0.848","0.739","","","","","","","","","","","","","","2020-BASE_PROCUREMENT-2020-ARMY_MISSLE-U_PROCUREMENT_JustificationBook_Army_PB_2020.zzz_unzipped-U_PROCUREMENT_JustificationBook_Army_PB_2020.xml","b6254689026733353150c6125748d60a95454d2a176dbcd63db3282dac87fbea","6-567175f8e327e92e98f54e58624006a6914c0e302c2e9a960805affee1fffbc0","1","","14","0-5d52279ccbf221a5cebf440f9c016b012f680ce684326496587c2c14c4feb01d","root.record.ItemExhibitList.P5Item"
"Beacon Shutter Actuator","11","6.275","0.503","","0.503","0.438","","","","","","","","","","","","","","2020-BASE_PROCUREMENT-2020-ARMY_MISSLE-U_PROCUREMENT_JustificationBook_Army_PB_2020.zzz_unzipped-U_PROCUREMENT_JustificationBook_Army_PB_2020.xml","b6254689026733353150c6125748d60a95454d2a176dbcd63db3282dac87fbea","7-5f61fb4a9e1ae4ec16aea6ca919a5a4ff85cbd24132ae53b13d343c9fee9a7d2","1","","11","0-5d52279ccbf221a5cebf440f9c016b012f680ce684326496587c2c14c4feb01d","root.record.ItemExhibitList.P5Item"
"Ground Based Interceptor - FY2021","0","","","","","0","","","","","","","","","","","","","","2020-BASE_PROCUREMENT-2020-DEFENSE_MDA_VOL2-U_PROCUREMENT_JustificationBook_Missile_Defense_Agency_PB_2020.zzz_unzipped-U_PROCUREMENT_JustificationBook_Missile_Defense_Agency_PB_2020.xml","233f543f1a33d42b097e3c2d0a2ffcb76f68710de533ba3cb45acff51605c38e","0-4416b20005d248e23d9ee0640542c858c3bdb51c4a2dff541759f2502d006f82","1","2022","","0-449748e8ddaa61bb2ae7fdfae73818381aad3db0616b7a5362c48d7a5e6d7d3e","root.record.ItemExhibitList.P5Item"
"Ground Based Interceptor - FY2022","0","","","","","0","","","","","","","","","","","","","","2020-BASE_PROCUREMENT-2020-DEFENSE_MDA_VOL2-U_PROCUREMENT_JustificationBook_Missile_Defense_Agency_PB_2020.zzz_unzipped-U_PROCUREMENT_JustificationBook_Missile_Defense_Agency_PB_2020.xml","233f543f1a33d42b097e3c2d0a2ffcb76f68710de533ba3cb45acff51605c38e","1-ca27a17ccbc05a13596547139d14bf7e82d4d709477dc8834ec710094370d6c1","1","2023","","0-449748e8ddaa61bb2ae7fdfae73818381aad3db0616b7a5362c48d7a5e6d7d3e","root.record.ItemExhibitList.P5Item"
"RKV Manufacturing - FY2023","0","","","","","0","","","","","","","","","","","","","","2020-BASE_PROCUREMENT-2020-DEFENSE_MDA_VOL2-U_PROCUREMENT_JustificationBook_Missile_Defense_Agency_PB_2020.zzz_unzipped-U_PROCUREMENT_JustificationBook_Missile_Defense_Agency_PB_2020.xml","233f543f1a33d42b097e3c2d0a2ffcb76f68710de533ba3cb45acff51605c38e","2-e50b2ab15de4d632c5dca790e6d55d2d1743a78816b2cde694c417245a2b0aba","1","2024","","0-449748e8ddaa61bb2ae7fdfae73818381aad3db0616b7a5362c48d7a5e6d7d3e","root.record.ItemExhibitList.P5Item"
"RKV Manufacturing - FY2024","0","","","","","0","","","","","","","","","","","","","","2020-BASE_PROCUREMENT-2020-DEFENSE_MDA_VOL2-U_PROCUREMENT_JustificationBook_Missile_Defense_Agency_PB_2020.zzz_unzipped-U_PROCUREMENT_JustificationBook_Missile_Defense_Agency_PB_2020.xml","233f543f1a33d42b097e3c2d0a2ffcb76f68710de533ba3cb45acff51605c38e","3-ede5e84761e54d475f70de95adca200960dbd655e0591e20a0e74bfd143caa7a","1","2024","","0-449748e8ddaa61bb2ae7fdfae73818381aad3db0616b7a5362c48d7a5e6d7d3e","root.record.ItemExhibitList.P5Item"
"Hardware FY18","0","","56","","","0","","","","","","","","","","","","","","2020-BASE_PROCUREMENT-2020-DEFENSE_MDA_VOL2-U_PROCUREMENT_JustificationBook_Missile_Defense_Agency_PB_2020.zzz_unzipped-U_PROCUREMENT_JustificationBook_Missile_Defense_Agency_PB_2020.xml","233f543f1a33d42b097e3c2d0a2ffcb76f68710de533ba3cb45acff51605c38e","0-94c4fd8009d683a0bf37bcbc6a3f13cf36577854fe1e5920b740a41e005f0310","1","","","1-b8e3fca7c496e6cf5546d59ddebab298663dd14be541e0b8a4c702b5aa71ca05","root.record.ItemExhibitList.P5Item"
"Hardware FY19","0","","","","115","0","","","","","","","","","","","","","","2020-BASE_PROCUREMENT-2020-DEFENSE_MDA_VOL2-U_PROCUREMENT_JustificationBook_Missile_Defense_Agency_PB_2020.zzz_unzipped-U_PROCUREMENT_JustificationBook_Missile_Defense_Agency_PB_2020.xml","233f543f1a33d42b097e3c2d0a2ffcb76f68710de533ba3cb45acff51605c38e","1-c22d384543f66c12500640235a432cafd262a93e7d2f59ad8ebeea3b561780df","1","","","1-b8e3fca7c496e6cf5546d59ddebab298663dd14be541e0b8a4c702b5aa71ca05","root.record.ItemExhibitList.P5Item"
"Hardware FY17","0","47","","","","0","","","","","","","","","","","","","","2020-BASE_PROCUREMENT-2020-DEFENSE_MDA_VOL2-U_PROCUREMENT_JustificationBook_Missile_Defense_Agency_PB_2020.zzz_unzipped-U_PROCUREMENT_JustificationBook_Missile_Defense_Agency_PB_2020.xml","233f543f1a33d42b097e3c2d0a2ffcb76f68710de533ba3cb45acff51605c38e","0-a05e31262fe7381921bd1d849c0eefe9c671a8155427eec1d69ae58176788cb9","1","","","2-2545b5a92e5fc3ca261f2b75854dbaf1bd3a01aac79436e410869b6a1b0d5797","root.record.ItemExhibitList.P5Item"
"Hardware FY18","0","","32","","","0","","","","","","","","","","","","","","2020-BASE_PROCUREMENT-2020-DEFENSE_MDA_VOL2-U_PROCUREMENT_JustificationBook_Missile_Defense_Agency_PB_2020.zzz_unzipped-U_PROCUREMENT_JustificationBook_Missile_Defense_Agency_PB_2020.xml","233f543f1a33d42b097e3c2d0a2ffcb76f68710de533ba3cb45acff51605c38e","1-bf1dc586e6cf23c602d013fb9ea3d2abb273a9342ff11fa7b8376e37f64831df","1","","","2-2545b5a92e5fc3ca261f2b75854dbaf1bd3a01aac79436e410869b6a1b0d5797","root.record.ItemExhibitList.P5Item"
"Ground Based Interceptor - FY2021","0","","","","","0","","","","","","","","","","","","","","2020-BASE_PROCUREMENT-2020-DEFENSE_MDA_VOL2-U_PROCUREMENT_MasterJustificationBook_Missile_Defense_Agency_PB_2020.zzz_unzipped-U_PROCUREMENT_MasterJustificationBook_Missile_Defense_Agency_PB_2020.xml","e6dc92b42aaff1e4921ba7ffeb4a87b47f2c5bf2c5d3dd5c48377598ef9ee5b3","0-ffd4d11e4894689bbb327561e36dbba8a7f677205190912dd1e5b8a9efed9988","1","2022","","0-6c8b37817747c8d0503d00ea67d7753dcd054f1204eb7d4e4f67800f7017dd76","root.record.ItemExhibitList.P5Item"
"Ground Based Interceptor - FY2022","0","","","","","0","","","","","","","","","","","","","","2020-BASE_PROCUREMENT-2020-DEFENSE_MDA_VOL2-U_PROCUREMENT_MasterJustificationBook_Missile_Defense_Agency_PB_2020.zzz_unzipped-U_PROCUREMENT_MasterJustificationBook_Missile_Defense_Agency_PB_2020.xml","e6dc92b42aaff1e4921ba7ffeb4a87b47f2c5bf2c5d3dd5c48377598ef9ee5b3","1-4464b11746c1119ba432d3f9ec044e9b8e8479daa14b9b086b67abfadce83daa","1","2023","","0-6c8b37817747c8d0503d00ea67d7753dcd054f1204eb7d4e4f67800f7017dd76","root.record.ItemExhibitList.P5Item"
"RKV Manufacturing - FY2023","0","","","","","0","","","","","","","","","","","","","","2020-BASE_PROCUREMENT-2020-DEFENSE_MDA_VOL2-U_PROCUREMENT_MasterJustificationBook_Missile_Defense_Agency_PB_2020.zzz_unzipped-U_PROCUREMENT_MasterJustificationBook_Missile_Defense_Agency_PB_2020.xml","e6dc92b42aaff1e4921ba7ffeb4a87b47f2c5bf2c5d3dd5c48377598ef9ee5b3","2-c184651d4e7c2a743901f0e02ef11f3b286290aa2d1a5174899c2c52041175b5","1","2024","","0-6c8b37817747c8d0503d00ea67d7753dcd054f1204eb7d4e4f67800f7017dd76","root.record.ItemExhibitList.P5Item"
"RKV Manufacturing - FY2024","0","","","","","0","","","","","","","","","","","","","","2020-BASE_PROCUREMENT-2020-DEFENSE_MDA_VOL2-U_PROCUREMENT_MasterJustificationBook_Missile_Defense_Agency_PB_2020.zzz_unzipped-U_PROCUREMENT_MasterJustificationBook_Missile_Defense_Agency_PB_2020.xml","e6dc92b42aaff1e4921ba7ffeb4a87b47f2c5bf2c5d3dd5c48377598ef9ee5b3","3-d64be2ce850485738c03c243a0fdf1d54ee9527427d9a1bb0cf18e5a6f29ee39","1","2024","","0-6c8b37817747c8d0503d00ea67d7753dcd054f1204eb7d4e4f67800f7017dd76","root.record.ItemExhibitList.P5Item"
"Hardware FY18","0","","56","","","0","","","","","","","","","","","","","","2020-BASE_PROCUREMENT-2020-DEFENSE_MDA_VOL2-U_PROCUREMENT_MasterJustificationBook_Missile_Defense_Agency_PB_2020.zzz_unzipped-U_PROCUREMENT_MasterJustificationBook_Missile_Defense_Agency_PB_2020.xml","e6dc92b42aaff1e4921ba7ffeb4a87b47f2c5bf2c5d3dd5c48377598ef9ee5b3","0-849e5fe7959666cd96b7483f512a3b586817c3e8813ae3decd2c14fec669ce91","1","","","1-2b74104104a8799945ad5cbea50a3529f1c33ec98b2c9fcde422a4ef5937251b","root.record.ItemExhibitList.P5Item"
"Hardware FY19","0","","","","115","0","","","","","","","","","","","","","","2020-BASE_PROCUREMENT-2020-DEFENSE_MDA_VOL2-U_PROCUREMENT_MasterJustificationBook_Missile_Defense_Agency_PB_2020.zzz_unzipped-U_PROCUREMENT_MasterJustificationBook_Missile_Defense_Agency_PB_2020.xml","e6dc92b42aaff1e4921ba7ffeb4a87b47f2c5bf2c5d3dd5c48377598ef9ee5b3","1-54735a6e60443e15dc7420c1e5c67054322d2216d90adcfdce616c48679362a9","1","","","1-2b74104104a8799945ad5cbea50a3529f1c33ec98b2c9fcde422a4ef5937251b","root.record.ItemExhibitList.P5Item"
"Hardware FY17","0","47","","","","0","","","","","","","","","","","","","","2020-BASE_PROCUREMENT-2020-DEFENSE_MDA_VOL2-U_PROCUREMENT_MasterJustificationBook_Missile_Defense_Agency_PB_2020.zzz_unzipped-U_PROCUREMENT_MasterJustificationBook_Missile_Defense_Agency_PB_2020.xml","e6dc92b42aaff1e4921ba7ffeb4a87b47f2c5bf2c5d3dd5c48377598ef9ee5b3","0-feaae361f6b342f2fefaf2ba6c8cde936842a8f4aac94f2237ccf1831f9d60d6","1","","","2-6fe54d82166f08283d694fc967746a5b4cbd406c713cb122389d05934abb8469","root.record.ItemExhibitList.P5Item"
"Hardware FY18","0","","32","","","0","","","","","","","","","","","","","","2020-BASE_PROCUREMENT-2020-DEFENSE_MDA_VOL2-U_PROCUREMENT_MasterJustificationBook_Missile_Defense_Agency_PB_2020.zzz_unzipped-U_PROCUREMENT_MasterJustificationBook_Missile_Defense_Agency_PB_2020.xml","e6dc92b42aaff1e4921ba7ffeb4a87b47f2c5bf2c5d3dd5c48377598ef9ee5b3","1-d2c0b6b663f4b418239ccf2328680afbb18994e6694cf1ae7a2f2b9efd63d585","1","","","2-6fe54d82166f08283d694fc967746a5b4cbd406c713cb122389d05934abb8469","root.record.ItemExhibitList.P5Item"
