Name_val,WhenRequiredInMonths_val,Cost_AllPriorYears_val,Cost_PriorYear_val,Cost_Total_val,Cost_CurrentYear_val,Cost_BudgetYearOne_val,Cost_BudgetYearTwo_val,Cost_BudgetYearThree_val,Cost_BudgetYearFour_val,Cost_BudgetYearFive_val,Cost_ToComplete_val,Cost_Continuing_val,ManufacturerList_Manufacturer_Name_val,ManufacturerList_Manufacturer_Location_val,ManufacturerList_Manufacturer_InitialQuantity_ProductionLeadTimeAfterOct1InMonths_val,ManufacturerList_Manufacturer_InitialQuantity_TotalLeadTimeAfterOct1InMonths_val,ManufacturerList_Manufacturer_InitialQuantity_AdminLeadTimeBeforeOct1InMonths_val,ManufacturerList_Manufacturer_InitialQuantity_AdminLeadTimeAfterOct1InMonths_val,@SOURCE_FILENAME,@RECORDID,@ROWID,QuantityPerAssembly_val,ForFY_val,SCNProductionLeadtime_val,@PARENTROWID,@PARENT
"GPS III SV 03-08 Long Lead Parts","0","177.463","82.507","259.97","","","","","","","","","Lockheed Martin","Newtown, PA","0","0","","","2015-BASE_PROCUREMENT-2015-AIRFORCE_MISSILE-PROCUREMENT_JustificationBook_Air_Force_PB_2015.zzz_unzipped-PROCUREMENT_JustificationBook_Air_Force_PB_2015.xml","27d3e87bb2fc7e3e342a740b15883c038cc1395873b8ef70810bbcfee7a54946","0-a6f2b15746a600bdb55853b4eb0434ca02daa121326a97d972e700061231af9a","","","","0-109954ca5f3f73acb42d1f496e18e177e7d10c8677641d29d205223dbfc2aff1","root.record.ItemExhibitList.P5Item"
"GPS III SV 09+ Long Lead Parts","0","","","1121.297","52.167","57","121.828","121.828","124.021","126.253","518.2","","Lockheed Martin","Newtown, PA","0","0","","","2015-BASE_PROCUREMENT-2015-AIRFORCE_MISSILE-PROCUREMENT_JustificationBook_Air_Force_PB_2015.zzz_unzipped-PROCUREMENT_JustificationBook_Air_Force_PB_2015.xml","27d3e87bb2fc7e3e342a740b15883c038cc1395873b8ef70810bbcfee7a54946","0-9aa833edd1e21f350c2b4b4ee06aa74b5065b57aa64aa50188347d68739a5d32","","","","1-4cdf3d6922e2e220bd6b76036a70cdd371a37ec0eded6070c97f6861b070c130","root.record.ItemExhibitList.P5Item"
"GPS III SV 03-08 Long Lead Parts","0","177.463","82.507","259.97","","","","","","","","","Lockheed Martin","Newtown, PA","0","0","","","2015-BASE_PROCUREMENT-2015-AIRFORCE_MISSILE-PROCUREMENT_MasterJustificationBook_Air_Force_PB_2015.zzz_unzipped-PROCUREMENT_MasterJustificationBook_Air_Force_PB_2015.xml","33b3b0ad5835d13cc15e7e273b3a3b0e797b8b7474e6a63df610479ef30e8683","0-ba25413ff2fca028825620760c472b918c5c51cb702a821fcf949b9f1150507d","","","","0-42b3abc6faee655c3f679cdb3e0ee9220e12ab72a9ea84bb8f0f512a06fbf219","root.record.ItemExhibitList.P5Item"
"GPS III SV 09+ Long Lead Parts","0","","","1121.297","52.167","57","121.828","121.828","124.021","126.253","518.2","","Lockheed Martin","Newtown, PA","0","0","","","2015-BASE_PROCUREMENT-2015-AIRFORCE_MISSILE-PROCUREMENT_MasterJustificationBook_Air_Force_PB_2015.zzz_unzipped-PROCUREMENT_MasterJustificationBook_Air_Force_PB_2015.xml","33b3b0ad5835d13cc15e7e273b3a3b0e797b8b7474e6a63df610479ef30e8683","0-3a3e2f5b1cbb3e46102a77ca809bd04929dc5cfbdcd26fcc6a1f3f2f3d3694dc","","","","1-f5762a652e5a3cc1ebd390d3b9aab3aed8d95d0a5124431077a0bfdc56643635","root.record.ItemExhibitList.P5Item"
"Apache Block III - Reman","12","926.684","107.707","","150.931","157.338","","","","","","","See End Item P-5A/NA","See End Item P-5A","","","","","2015-BASE_PROCUREMENT-2015-ARMY_AIRCRAFT-PROCUREMENT_JustificationBook_Army_PB_2015.zzz_unzipped-PROCUREMENT_JustificationBook_Army_PB_2015.xml","62f6ef9a043a9fec682788a7de44311e99dedee29bd5c341afa6fde24eb5828a","0-6be3e97dae1852d3aa24e3a6b2d6b326f19f73fb81612f71b5d119732b9bd43f","","","","0-013b0208a34c44d9cbcb304a02dd393edaec33b6743982fccda17b2678e985ec","root.record.ItemExhibitList.P5Item"
"AH-64E Apache New Build","12","84.264","146.121","","","","","","","","","","See End Item P-5A/NA","See End Item P-5A","","","","","2015-BASE_PROCUREMENT-2015-ARMY_AIRCRAFT-PROCUREMENT_JustificationBook_Army_PB_2015.zzz_unzipped-PROCUREMENT_JustificationBook_Army_PB_2015.xml","2bdce7c18153efee420e7677d1e5f3e6ba384304fd1aecc685db4f2c5604c74c","0-612f94b0f60725e2a8f9ccc44cb62cede8255f2c06068cdc6eecbb693b0aca8b","","","","0-c9ff70f951ee5267378d699b36df083ae857a0d89df40c9a26621e44bdcb14d9","root.record.ItemExhibitList.P5Item"
"CFE Airframe","6","470.074","36.578","","43.449","42.737","","","","","","","See End Item P-5A/NA","See End Item P-5A","","","","","2015-BASE_PROCUREMENT-2015-ARMY_AIRCRAFT-PROCUREMENT_JustificationBook_Army_PB_2015.zzz_unzipped-PROCUREMENT_JustificationBook_Army_PB_2015.xml","fd4b9a1a29f6b7830f84536375508fd7a710871d0b914e998de479d348ca9efb","0-489c30eb8a453e2a4947a63abc2bc78a02598cffaa5b97c47f6fe47c8ee28519","1","","","0-a1e43c0f745031c2c72db515885cff2a3c97d2f57a590431b6bde00f9aa25a94","root.record.ItemExhibitList.P5Item"
"Auxiliary Power Unit","3","19.582","3.82","","3.723","4.588","","","","","","","See End Item P-5A/NA","See End Item P-5A","","","","","2015-BASE_PROCUREMENT-2015-ARMY_AIRCRAFT-PROCUREMENT_JustificationBook_Army_PB_2015.zzz_unzipped-PROCUREMENT_JustificationBook_Army_PB_2015.xml","fd4b9a1a29f6b7830f84536375508fd7a710871d0b914e998de479d348ca9efb","1-ba0db1d16e6decae30a2e8a323ffede9be030b3eeabd85b2b893bfa07a35ecc3","1","","","0-a1e43c0f745031c2c72db515885cff2a3c97d2f57a590431b6bde00f9aa25a94","root.record.ItemExhibitList.P5Item"
"Engines","3","320.806","62.213","","56.79","69.978","","","","","","","See End Item P-5A/NA","See End Item P-5A","","","","","2015-BASE_PROCUREMENT-2015-ARMY_AIRCRAFT-PROCUREMENT_JustificationBook_Army_PB_2015.zzz_unzipped-PROCUREMENT_JustificationBook_Army_PB_2015.xml","fd4b9a1a29f6b7830f84536375508fd7a710871d0b914e998de479d348ca9efb","2-da471cc003ced21d2902647a17b7c875ac48bf3bd141165ecbaeec38e577b53a","2","","","0-a1e43c0f745031c2c72db515885cff2a3c97d2f57a590431b6bde00f9aa25a94","root.record.ItemExhibitList.P5Item"
"EGI","3","51.189","9.482","","9.243","11.39","","","","","","","See End Item P-5A/NA","See End Item P-5A","","","","","2015-BASE_PROCUREMENT-2015-ARMY_AIRCRAFT-PROCUREMENT_JustificationBook_Army_PB_2015.zzz_unzipped-PROCUREMENT_JustificationBook_Army_PB_2015.xml","fd4b9a1a29f6b7830f84536375508fd7a710871d0b914e998de479d348ca9efb","3-03165eb75d80f20e622ed60556e8b31783aa3c9c09d776e45154bd6fbd12ed7b","2","","","0-a1e43c0f745031c2c72db515885cff2a3c97d2f57a590431b6bde00f9aa25a94","root.record.ItemExhibitList.P5Item"
"Heads Up Display AVS-7","3","15.79","2.868","","2.796","3.445","","","","","","","See End Item P-5A/NA","See End Item P-5A","","","","","2015-BASE_PROCUREMENT-2015-ARMY_AIRCRAFT-PROCUREMENT_JustificationBook_Army_PB_2015.zzz_unzipped-PROCUREMENT_JustificationBook_Army_PB_2015.xml","fd4b9a1a29f6b7830f84536375508fd7a710871d0b914e998de479d348ca9efb","4-c6a43732933b51adc99bce33196564a3e17b5bc83429c295bd6101fc48823358","1","","","0-a1e43c0f745031c2c72db515885cff2a3c97d2f57a590431b6bde00f9aa25a94","root.record.ItemExhibitList.P5Item"
"Warhead","19","50.373","6.935","","6.999","7.018","","","","","","","See End Item P-5A/NA","See End Item P-5A","","","","","2015-BASE_PROCUREMENT-2015-ARMY_MISSLE-PROCUREMENT_JustificationBook_Army_PB_2015.zzz_unzipped-PROCUREMENT_JustificationBook_Army_PB_2015.xml","722a40da3be7b01ec420e03ad622a1883abd6d254e969c30e850f4d31ce0dc24","0-32ae5e4f82e163134eb5d1176273b332313553c34c4ae72625e8673d91c6d270","","","","0-f36428458c484f55946cfe77556f66b69b1f012edf508af649956ed13366d81d","root.record.ItemExhibitList.P5Item"
"Launch Motor","14","6.588","0.905","","0.905","0.905","","","","","","","See End Item P-5A/NA","See End Item P-5A","","","","","2015-BASE_PROCUREMENT-2015-ARMY_MISSLE-PROCUREMENT_JustificationBook_Army_PB_2015.zzz_unzipped-PROCUREMENT_JustificationBook_Army_PB_2015.xml","722a40da3be7b01ec420e03ad622a1883abd6d254e969c30e850f4d31ce0dc24","1-5e5b9e7ce5803821d45934c886fb254bfe2c006aec632198b1f70afd26f270ef","","","","0-f36428458c484f55946cfe77556f66b69b1f012edf508af649956ed13366d81d","root.record.ItemExhibitList.P5Item"
"Flight Motor","12","2.308","0.17","","0.17","0.17","","","","","","","See End Item P-5A/NA","See End Item P-5A","","","","","2015-BASE_PROCUREMENT-2015-ARMY_MISSLE-PROCUREMENT_JustificationBook_Army_PB_2015.zzz_unzipped-PROCUREMENT_JustificationBook_Army_PB_2015.xml","722a40da3be7b01ec420e03ad622a1883abd6d254e969c30e850f4d31ce0dc24","2-ef1fb81ad8f93029736a09db915a8dfdfecad0cabeace699d614585ba7006ccf","","","","0-f36428458c484f55946cfe77556f66b69b1f012edf508af649956ed13366d81d","root.record.ItemExhibitList.P5Item"
"2B Sensor","18","62.115","8.533","","8.533","8.533","","","","","","","See End Item P-5A/NA","See End Item P-5A","","","","","2015-BASE_PROCUREMENT-2015-ARMY_MISSLE-PROCUREMENT_JustificationBook_Army_PB_2015.zzz_unzipped-PROCUREMENT_JustificationBook_Army_PB_2015.xml","722a40da3be7b01ec420e03ad622a1883abd6d254e969c30e850f4d31ce0dc24","3-e8721f008764a3b26dff4af99ca790b6b4c20f67a664ebca287194885e1d8359","","","","0-f36428458c484f55946cfe77556f66b69b1f012edf508af649956ed13366d81d","root.record.ItemExhibitList.P5Item"
"Gyro","13","11.268","1.548","","1.548","1.548","","","","","","","See End Item P-5A/NA","See End Item P-5A","","","","","2015-BASE_PROCUREMENT-2015-ARMY_MISSLE-PROCUREMENT_JustificationBook_Army_PB_2015.zzz_unzipped-PROCUREMENT_JustificationBook_Army_PB_2015.xml","722a40da3be7b01ec420e03ad622a1883abd6d254e969c30e850f4d31ce0dc24","4-7c05a47a4f14787047eeb0d35cc1b1f4ac3656906bed79c34b97fd42e9bb04b1","","","","0-f36428458c484f55946cfe77556f66b69b1f012edf508af649956ed13366d81d","root.record.ItemExhibitList.P5Item"
"Flight Motor Case Kit","10","2.555","0.351","","0.351","0.351","","","","","","","See End Item P-5A/NA","See End Item P-5A","","","","","2015-BASE_PROCUREMENT-2015-ARMY_MISSLE-PROCUREMENT_JustificationBook_Army_PB_2015.zzz_unzipped-PROCUREMENT_JustificationBook_Army_PB_2015.xml","722a40da3be7b01ec420e03ad622a1883abd6d254e969c30e850f4d31ce0dc24","5-2ef21ca1f870ca3232beb684c0b3688fc7b77fe7ce9a7dca56b7a2a448752699","","","","0-f36428458c484f55946cfe77556f66b69b1f012edf508af649956ed13366d81d","root.record.ItemExhibitList.P5Item"
"Control Surface Actuators","13","6.668","0.916","","0.916","0.916","","","","","","","See End Item P-5A/NA","See End Item P-5A","","","","","2015-BASE_PROCUREMENT-2015-ARMY_MISSLE-PROCUREMENT_JustificationBook_Army_PB_2015.zzz_unzipped-PROCUREMENT_JustificationBook_Army_PB_2015.xml","722a40da3be7b01ec420e03ad622a1883abd6d254e969c30e850f4d31ce0dc24","6-3d74df8f5fbecc34b9dac69a02e3f9d6df8f511cb3dab45300e0097356d868d1","","","","0-f36428458c484f55946cfe77556f66b69b1f012edf508af649956ed13366d81d","root.record.ItemExhibitList.P5Item"
"Beacon Shutter Actuator","11","3.951","0.543","","0.543","0.543","","","","","","","See End Item P-5A/NA","See End Item P-5A","","","","","2015-BASE_PROCUREMENT-2015-ARMY_MISSLE-PROCUREMENT_JustificationBook_Army_PB_2015.zzz_unzipped-PROCUREMENT_JustificationBook_Army_PB_2015.xml","722a40da3be7b01ec420e03ad622a1883abd6d254e969c30e850f4d31ce0dc24","7-5be4fd0bd94a7f61a5f8802933b5e1a873c4f3a9017bebe36f100a9b7f2c1c77","","","","0-f36428458c484f55946cfe77556f66b69b1f012edf508af649956ed13366d81d","root.record.ItemExhibitList.P5Item"
"MK72 Boosters","29","","","","","20.58","20.971","20.861","26.442","26.944","","true","TBD","TBD","29","29","0","0","2015-BASE_PROCUREMENT-2015-DEFENSE_MDA-PROCUREMENT_JustificationBook_Missile_Defense_Agency_PB_2015.zzz_unzipped-PROCUREMENT_JustificationBook_Missile_Defense_Agency_PB_2015.xml","871ed13dc6bbadf09a6840de2eb4536eb285b3b925625ab4f8982bbcee7d0b0c","0-db9ae2514073c2cc634ed46e18afb53ca477da3707b82c0226f98efe122d91cd","1","2016","","0-cc877871221a53ec2ff61e0b7ba2c1592f54cff8e87ec11b63826f36a454c482","root.record.ItemExhibitList.P5Item"
"MK 104 Dual Thrust Rocket Motors","26","","","","","13.86","14.123","14.049","17.808","18.146","","true","TBD","TBD","26","26","0","0","2015-BASE_PROCUREMENT-2015-DEFENSE_MDA-PROCUREMENT_JustificationBook_Missile_Defense_Agency_PB_2015.zzz_unzipped-PROCUREMENT_JustificationBook_Missile_Defense_Agency_PB_2015.xml","871ed13dc6bbadf09a6840de2eb4536eb285b3b925625ab4f8982bbcee7d0b0c","1-9332379cff45c4da9026a55cee5eb8f9e26699c3a3be493360141ae074e68e3b","1","2016","","0-cc877871221a53ec2ff61e0b7ba2c1592f54cff8e87ec11b63826f36a454c482","root.record.ItemExhibitList.P5Item"
"Integrated Dewar Assemblies","35","","","","","18.06","18.404","18.306","23.204","23.645","","true","TBD","TBD","35","35","0","0","2015-BASE_PROCUREMENT-2015-DEFENSE_MDA-PROCUREMENT_JustificationBook_Missile_Defense_Agency_PB_2015.zzz_unzipped-PROCUREMENT_JustificationBook_Missile_Defense_Agency_PB_2015.xml","871ed13dc6bbadf09a6840de2eb4536eb285b3b925625ab4f8982bbcee7d0b0c","2-2861cf6a0adaf133dd117b97f7fe2a5cc2948f72c4817b63f541797336502aff","1","2016","","0-cc877871221a53ec2ff61e0b7ba2c1592f54cff8e87ec11b63826f36a454c482","root.record.ItemExhibitList.P5Item"
"Circuit Card Assemblies","26","","","","","16.38","16.691","16.603","21.045","21.445","","true","TBD","TBD","26","26","0","0","2015-BASE_PROCUREMENT-2015-DEFENSE_MDA-PROCUREMENT_JustificationBook_Missile_Defense_Agency_PB_2015.zzz_unzipped-PROCUREMENT_JustificationBook_Missile_Defense_Agency_PB_2015.xml","871ed13dc6bbadf09a6840de2eb4536eb285b3b925625ab4f8982bbcee7d0b0c","3-0ec5a880a0c9c6966e2d62d4365acf12dbcd514e5d2746aaebf5b164ba6d2c63","1","2016","","0-cc877871221a53ec2ff61e0b7ba2c1592f54cff8e87ec11b63826f36a454c482","root.record.ItemExhibitList.P5Item"
"MK72 Boosters","29","","","","","20.58","20.971","20.861","26.442","26.944","","true","TBD","TBD","29","29","0","0","2015-BASE_PROCUREMENT-2015-DEFENSE_MDA-PROCUREMENT_MasterJustificationBook_Missile_Defense_Agency_PB_2015.zzz_unzipped-PROCUREMENT_MasterJustificationBook_Missile_Defense_Agency_PB_2015.xml","a2c1fa7460f99b0686c1d03620554a078d5dbe057abc9a54c1f45d51b951755c","0-59a75104ce48531cb583a8f3cf106a6ac0737c12b07496fed2afd127813c8c32","1","2016","","0-21522f9102ae246e4251556530a8aa27ee4b91e98ec0685925de726e0bf41845","root.record.ItemExhibitList.P5Item"
"MK 104 Dual Thrust Rocket Motors","26","","","","","13.86","14.123","14.049","17.808","18.146","","true","TBD","TBD","26","26","0","0","2015-BASE_PROCUREMENT-2015-DEFENSE_MDA-PROCUREMENT_MasterJustificationBook_Missile_Defense_Agency_PB_2015.zzz_unzipped-PROCUREMENT_MasterJustificationBook_Missile_Defense_Agency_PB_2015.xml","a2c1fa7460f99b0686c1d03620554a078d5dbe057abc9a54c1f45d51b951755c","1-0e574a9d2eab577fb6d0ced896f833181fc4f1a66999ca6b4c099590ec7912f9","1","2016","","0-21522f9102ae246e4251556530a8aa27ee4b91e98ec0685925de726e0bf41845","root.record.ItemExhibitList.P5Item"
"Integrated Dewar Assemblies","35","","","","","18.06","18.404","18.306","23.204","23.645","","true","TBD","TBD","35","35","0","0","2015-BASE_PROCUREMENT-2015-DEFENSE_MDA-PROCUREMENT_MasterJustificationBook_Missile_Defense_Agency_PB_2015.zzz_unzipped-PROCUREMENT_MasterJustificationBook_Missile_Defense_Agency_PB_2015.xml","a2c1fa7460f99b0686c1d03620554a078d5dbe057abc9a54c1f45d51b951755c","2-b57bf8a1001401f4903d878c6d4c95464e826042bc7a3b90aa4be37719c38fd7","1","2016","","0-21522f9102ae246e4251556530a8aa27ee4b91e98ec0685925de726e0bf41845","root.record.ItemExhibitList.P5Item"
"Circuit Card Assemblies","26","","","","","16.38","16.691","16.603","21.045","21.445","","true","TBD","TBD","26","26","0","0","2015-BASE_PROCUREMENT-2015-DEFENSE_MDA-PROCUREMENT_MasterJustificationBook_Missile_Defense_Agency_PB_2015.zzz_unzipped-PROCUREMENT_MasterJustificationBook_Missile_Defense_Agency_PB_2015.xml","a2c1fa7460f99b0686c1d03620554a078d5dbe057abc9a54c1f45d51b951755c","3-dbe56f951b94776af111ba1b810097e28dafff91d0f841df766ab8c6ea9bf781","1","2016","","0-21522f9102ae246e4251556530a8aa27ee4b91e98ec0685925de726e0bf41845","root.record.ItemExhibitList.P5Item"
"Apache Block III - Reman","12","563.392","150.9","","157.338","209.93","","","","","","","See End Item P-5A/NA","See End Item P-5A","","","","","2016-BASE_PROCUREMENT-2016-ARMY_AIRCRAFT-PROCUREMENT_JustificationBook_Army_PB_2016.zzz_unzipped-PROCUREMENT_JustificationBook_Army_PB_2016.xml","9344ac11b4fa76a618675d937f3fe42ebc84b65beaa2732695b13bb0e1911270","0-ab02ff522d7fe3151760339e2673ec4ad262be9449c399d41e07677698629113","","","","0-29f60129d827ca1138d8ed855596a698ac82618505afe7cd16b073d3f13d389a","root.record.ItemExhibitList.P5Item"
"CFE Airframe","6","506.652","33.389","","31.94","58.115","","","","","","","See End Item P-5A/NA","See End Item P-5A","","","","","2016-BASE_PROCUREMENT-2016-ARMY_AIRCRAFT-PROCUREMENT_JustificationBook_Army_PB_2016.zzz_unzipped-PROCUREMENT_JustificationBook_Army_PB_2016.xml","35561decf1186cab62534ac5ef5e8832877d90792e1d60872f5196bad9dd6cca","0-8e296d11045bff2a52e2af86a679939f4b678a74228ab013a3bd46f382e1295f","1","","","0-a8df3c90200ea91fbef622bd321df241bfc7de3f69258d74cc1949ae2fc72610","root.record.ItemExhibitList.P5Item"
"Auxiliary Power Unit","3","23.402","4.214","","4.347","3.518","","","","","","","See End Item P-5A/NA","See End Item P-5A","","","","","2016-BASE_PROCUREMENT-2016-ARMY_AIRCRAFT-PROCUREMENT_JustificationBook_Army_PB_2016.zzz_unzipped-PROCUREMENT_JustificationBook_Army_PB_2016.xml","35561decf1186cab62534ac5ef5e8832877d90792e1d60872f5196bad9dd6cca","1-317f3e59f3690174196da174ec7197b771bfe78958c80a20f4641cf4e5c93740","1","","","0-a8df3c90200ea91fbef622bd321df241bfc7de3f69258d74cc1949ae2fc72610","root.record.ItemExhibitList.P5Item"
"Engines","3","383.019","64.772","","66.798","54.07","","","","","","","See End Item P-5A/NA","See End Item P-5A","","","","","2016-BASE_PROCUREMENT-2016-ARMY_AIRCRAFT-PROCUREMENT_JustificationBook_Army_PB_2016.zzz_unzipped-PROCUREMENT_JustificationBook_Army_PB_2016.xml","35561decf1186cab62534ac5ef5e8832877d90792e1d60872f5196bad9dd6cca","2-8af20a9fbb5105b0c1b8272231de8699f1eb05102cc83cd77e5be00f0ce9def6","2","","","0-a8df3c90200ea91fbef622bd321df241bfc7de3f69258d74cc1949ae2fc72610","root.record.ItemExhibitList.P5Item"
"EGI","3","60.671","10.462","","10.79","8.734","","","","","","","See End Item P-5A/NA","See End Item P-5A","","","","","2016-BASE_PROCUREMENT-2016-ARMY_AIRCRAFT-PROCUREMENT_JustificationBook_Army_PB_2016.zzz_unzipped-PROCUREMENT_JustificationBook_Army_PB_2016.xml","35561decf1186cab62534ac5ef5e8832877d90792e1d60872f5196bad9dd6cca","3-dd34ecbadb48dd08063116f05b567a1bbe76317b7ca78acf85267f00dcaa78c2","2","","","0-a8df3c90200ea91fbef622bd321df241bfc7de3f69258d74cc1949ae2fc72610","root.record.ItemExhibitList.P5Item"
"Heads Up Display AVS-7","3","18.658","3.164","","3.263","2.642","","","","","","","See End Item P-5A/NA","See End Item P-5A","","","","","2016-BASE_PROCUREMENT-2016-ARMY_AIRCRAFT-PROCUREMENT_JustificationBook_Army_PB_2016.zzz_unzipped-PROCUREMENT_JustificationBook_Army_PB_2016.xml","35561decf1186cab62534ac5ef5e8832877d90792e1d60872f5196bad9dd6cca","4-564502a9452767d40e9961b4fa9056941bd4d9de6743d52d867cb1ebea9b67e6","1","","","0-a8df3c90200ea91fbef622bd321df241bfc7de3f69258d74cc1949ae2fc72610","root.record.ItemExhibitList.P5Item"
"Hover Infrared Suppressor","3","25.361","","","","","","","","","","","See End Item P-5A/NA","See End Item P-5A","","","","","2016-BASE_PROCUREMENT-2016-ARMY_AIRCRAFT-PROCUREMENT_JustificationBook_Army_PB_2016.zzz_unzipped-PROCUREMENT_JustificationBook_Army_PB_2016.xml","35561decf1186cab62534ac5ef5e8832877d90792e1d60872f5196bad9dd6cca","5-e7a8c71743ebc9b5d2eb5b671fa82a5869380502c07a8fd1896cdcf98f04d955","","","","0-a8df3c90200ea91fbef622bd321df241bfc7de3f69258d74cc1949ae2fc72610","root.record.ItemExhibitList.P5Item"
"Miscellaneous","3","15.651","","","","","","","","","","","See End Item P-5A/NA","See End Item P-5A","","","","","2016-BASE_PROCUREMENT-2016-ARMY_AIRCRAFT-PROCUREMENT_JustificationBook_Army_PB_2016.zzz_unzipped-PROCUREMENT_JustificationBook_Army_PB_2016.xml","35561decf1186cab62534ac5ef5e8832877d90792e1d60872f5196bad9dd6cca","6-434557850cbe272e1a0317bbcee56cfa50415113f4c7f64157739dce916a033c","","","","0-a8df3c90200ea91fbef622bd321df241bfc7de3f69258d74cc1949ae2fc72610","root.record.ItemExhibitList.P5Item"
"Warhead","19","57.293","6.999","","7.018","","","","","","","","See End Item P-5A/NA","See End Item P-5A","","","","","2016-BASE_PROCUREMENT-2016-ARMY_MISSLE-PROCUREMENT_JustificationBook_Army_PB_2016.zzz_unzipped-PROCUREMENT_JustificationBook_Army_PB_2016.xml","a165d0be6144e6f49e80b5586363567ae0ec4790d0f3b569f3260420117a3760","0-f9d4db8ce234bf75ed6b8160939cbf3edfcfbd333cb51dadf0584ecc0f3a8f0b","","","","0-fea10affda7be8bcf5714ca7f3c3fa37e53f479aa58a67f21723dec033787a1f","root.record.ItemExhibitList.P5Item"
"Launch Motor","14","7.493","0.905","","0.905","","","","","","","","See End Item P-5A/NA","See End Item P-5A","","","","","2016-BASE_PROCUREMENT-2016-ARMY_MISSLE-PROCUREMENT_JustificationBook_Army_PB_2016.zzz_unzipped-PROCUREMENT_JustificationBook_Army_PB_2016.xml","a165d0be6144e6f49e80b5586363567ae0ec4790d0f3b569f3260420117a3760","1-5bb1a060278d7a9ecb2097120f166f3423809f7af8789de31ac74db0f8eec89b","","","","0-fea10affda7be8bcf5714ca7f3c3fa37e53f479aa58a67f21723dec033787a1f","root.record.ItemExhibitList.P5Item"
"Flight Motor","12","2.478","0.17","","0.17","","","","","","","","See End Item P-5A/NA","See End Item P-5A","","","","","2016-BASE_PROCUREMENT-2016-ARMY_MISSLE-PROCUREMENT_JustificationBook_Army_PB_2016.zzz_unzipped-PROCUREMENT_JustificationBook_Army_PB_2016.xml","a165d0be6144e6f49e80b5586363567ae0ec4790d0f3b569f3260420117a3760","2-42c4924b8de58460716a083ceb650f4e96b03d87a7ac2a7f4250e3c8f6bd5cf9","","","","0-fea10affda7be8bcf5714ca7f3c3fa37e53f479aa58a67f21723dec033787a1f","root.record.ItemExhibitList.P5Item"
"2B Sensor","18","42.194","8.533","","8.533","","","","","","","","See End Item P-5A/NA","See End Item P-5A","","","","","2016-BASE_PROCUREMENT-2016-ARMY_MISSLE-PROCUREMENT_JustificationBook_Army_PB_2016.zzz_unzipped-PROCUREMENT_JustificationBook_Army_PB_2016.xml","a165d0be6144e6f49e80b5586363567ae0ec4790d0f3b569f3260420117a3760","3-b9f0de18ef8eb4edb1ccfecda7168aa8ae0c74bab1bb6f09d994786f2afc623c","","","","0-fea10affda7be8bcf5714ca7f3c3fa37e53f479aa58a67f21723dec033787a1f","root.record.ItemExhibitList.P5Item"
"Gyro","13","12.816","1.548","","1.548","","","","","","","","See End Item P-5A/NA","See End Item P-5A","","","","","2016-BASE_PROCUREMENT-2016-ARMY_MISSLE-PROCUREMENT_JustificationBook_Army_PB_2016.zzz_unzipped-PROCUREMENT_JustificationBook_Army_PB_2016.xml","a165d0be6144e6f49e80b5586363567ae0ec4790d0f3b569f3260420117a3760","4-fd9408b93c8793fbd1d8f1a8b6275acdf2ad1bc918f0c38a005fc25baa740d7c","","","","0-fea10affda7be8bcf5714ca7f3c3fa37e53f479aa58a67f21723dec033787a1f","root.record.ItemExhibitList.P5Item"
"Flight Motor Case Kit","10","2.906","0.351","","0.351","","","","","","","","See End Item P-5A/NA","See End Item P-5A","","","","","2016-BASE_PROCUREMENT-2016-ARMY_MISSLE-PROCUREMENT_JustificationBook_Army_PB_2016.zzz_unzipped-PROCUREMENT_JustificationBook_Army_PB_2016.xml","a165d0be6144e6f49e80b5586363567ae0ec4790d0f3b569f3260420117a3760","5-c9085eb2853e051ab5fd73b9ae6e1d39370c5c18557fefac656a8742344719d4","","","","0-fea10affda7be8bcf5714ca7f3c3fa37e53f479aa58a67f21723dec033787a1f","root.record.ItemExhibitList.P5Item"
"Control Surface Actuators","13","7.584","0.916","","0.916","","","","","","","","See End Item P-5A/NA","See End Item P-5A","","","","","2016-BASE_PROCUREMENT-2016-ARMY_MISSLE-PROCUREMENT_JustificationBook_Army_PB_2016.zzz_unzipped-PROCUREMENT_JustificationBook_Army_PB_2016.xml","a165d0be6144e6f49e80b5586363567ae0ec4790d0f3b569f3260420117a3760","6-e47143abbc7a9a66562f259fd521a8fde767726aeb02787245bf1678ee0d1712","","","","0-fea10affda7be8bcf5714ca7f3c3fa37e53f479aa58a67f21723dec033787a1f","root.record.ItemExhibitList.P5Item"
"Beacon Shutter Actuator","11","4.494","0.543","","0.543","","","","","","","","See End Item P-5A/NA","See End Item P-5A","","","","","2016-BASE_PROCUREMENT-2016-ARMY_MISSLE-PROCUREMENT_JustificationBook_Army_PB_2016.zzz_unzipped-PROCUREMENT_JustificationBook_Army_PB_2016.xml","a165d0be6144e6f49e80b5586363567ae0ec4790d0f3b569f3260420117a3760","7-f34d026cbd4864528d99f15cd93b19d22242b4d98f1312ce99f539f0e219a037","","","","0-fea10affda7be8bcf5714ca7f3c3fa37e53f479aa58a67f21723dec033787a1f","root.record.ItemExhibitList.P5Item"
"CFE","6","342.743","125.162","","114.494","116.685","","","","","","","See End Item P-5A/NA","See End Item P-5A","6","6","","","2017-BASE_PROCUREMENT-2017-ARMY_AIRCRAFT-U_PROCUREMENT_JustificationBook_Army_PB_2017.zzz_unzipped-U_PROCUREMENT_JustificationBook_Army_PB_2017.xml","1f70a6b78589233ad91d21a4ae69bce2801aaf1036db7b0daab5a6799826990c","0-a59eabd039a0c20533f2f7d4981c8232b7756f917e6f87ee2ab302c78af50668","26","","6","0-206f9be60cf0879b2755fbd40dc05779e96987d7045058d5f7d708ab949a7c09","root.record.ItemExhibitList.P5Item"
"GFE","6","342.743","32.176","","95.436","68.475","","","","","","","See End Item P-5A/NA","See End Item P-5A","6","6","","","2017-BASE_PROCUREMENT-2017-ARMY_AIRCRAFT-U_PROCUREMENT_JustificationBook_Army_PB_2017.zzz_unzipped-U_PROCUREMENT_JustificationBook_Army_PB_2017.xml","1f70a6b78589233ad91d21a4ae69bce2801aaf1036db7b0daab5a6799826990c","1-e2f1e7a154042e315a58307f47aec85dfc301423b468631b9b67620a85c1ba0f","26","","6","0-206f9be60cf0879b2755fbd40dc05779e96987d7045058d5f7d708ab949a7c09","root.record.ItemExhibitList.P5Item"
"CFE Airframe","6","555.772","31.94","","76.875","112.975","","","","","","","See End Item P-5A/NA","See End Item P-5A","18","18","","","2017-BASE_PROCUREMENT-2017-ARMY_AIRCRAFT-U_PROCUREMENT_JustificationBook_Army_PB_2017.zzz_unzipped-U_PROCUREMENT_JustificationBook_Army_PB_2017.xml","2bd4c0a1589e46892f050588acb05b9acd9f0eba50d9b990b2593abe3dddb364","0-e77f9bfda28c19993a5624a8f99ede2bbb9abced969194e3c80f722a76a958f6","1","","18","0-d8c3399ac318f1195c442c21e20a4da0c0ae250156e4b7d4f7a65e337b2ada69","root.record.ItemExhibitList.P5Item"
"Auxiliary Power Unit","3","27.851","4.347","","2.56","3.133","","","","","","","See End Item P-5A/NA","See End Item P-5A","6","6","","","2017-BASE_PROCUREMENT-2017-ARMY_AIRCRAFT-U_PROCUREMENT_JustificationBook_Army_PB_2017.zzz_unzipped-U_PROCUREMENT_JustificationBook_Army_PB_2017.xml","2bd4c0a1589e46892f050588acb05b9acd9f0eba50d9b990b2593abe3dddb364","1-33ba49d5f3ace80c7ed5b015d87521cd4d21f4ceb75ede8f2a6ac1d9209ed19c","1","","6","0-d8c3399ac318f1195c442c21e20a4da0c0ae250156e4b7d4f7a65e337b2ada69","root.record.ItemExhibitList.P5Item"
"Engines","3","432.92","66.798","","39.368","47.953","","","","","","","See End Item P-5A/NA","See End Item P-5A","14","14","","","2017-BASE_PROCUREMENT-2017-ARMY_AIRCRAFT-U_PROCUREMENT_JustificationBook_Army_PB_2017.zzz_unzipped-U_PROCUREMENT_JustificationBook_Army_PB_2017.xml","2bd4c0a1589e46892f050588acb05b9acd9f0eba50d9b990b2593abe3dddb364","2-9a64d9b999c0d8e76835addd92993510694785e9ea5ab3c5114447cb95052099","2","","14","0-d8c3399ac318f1195c442c21e20a4da0c0ae250156e4b7d4f7a65e337b2ada69","root.record.ItemExhibitList.P5Item"
"EGI","3","66.489","10.79","","6.354","7.705","","","","","","","See End Item P-5A/NA","See End Item P-5A","12","12","","","2017-BASE_PROCUREMENT-2017-ARMY_AIRCRAFT-U_PROCUREMENT_JustificationBook_Army_PB_2017.zzz_unzipped-U_PROCUREMENT_JustificationBook_Army_PB_2017.xml","2bd4c0a1589e46892f050588acb05b9acd9f0eba50d9b990b2593abe3dddb364","3-84b0f7b327416bf25151fba2349beebc19ca0930b77dbf692ac9a0984515de4b","2","","12","0-d8c3399ac318f1195c442c21e20a4da0c0ae250156e4b7d4f7a65e337b2ada69","root.record.ItemExhibitList.P5Item"
"Heads Up Display AVS-7","3","21.773","3.263","","1.922","2.341","","","","","","","See End Item P-5A/NA","See End Item P-5A","9","9","","","2017-BASE_PROCUREMENT-2017-ARMY_AIRCRAFT-U_PROCUREMENT_JustificationBook_Army_PB_2017.zzz_unzipped-U_PROCUREMENT_JustificationBook_Army_PB_2017.xml","2bd4c0a1589e46892f050588acb05b9acd9f0eba50d9b990b2593abe3dddb364","4-328e5a56c683314c5285b8286d4510fcac090ac998df7678a29aea8b4318e4e9","1","","9","0-d8c3399ac318f1195c442c21e20a4da0c0ae250156e4b7d4f7a65e337b2ada69","root.record.ItemExhibitList.P5Item"
"Hover Infrared Suppressor","1","28.959","","","0","","","","","","","","See End Item P-5A/NA","See End Item P-5A","1","1","","","2017-BASE_PROCUREMENT-2017-ARMY_AIRCRAFT-U_PROCUREMENT_JustificationBook_Army_PB_2017.zzz_unzipped-U_PROCUREMENT_JustificationBook_Army_PB_2017.xml","2bd4c0a1589e46892f050588acb05b9acd9f0eba50d9b990b2593abe3dddb364","5-832c72137a2b7e28007bc0e545abe7701c06c09816d8101f07313a973cedf742","","","1","0-d8c3399ac318f1195c442c21e20a4da0c0ae250156e4b7d4f7a65e337b2ada69","root.record.ItemExhibitList.P5Item"
"Miscellaneous","1","15.651","","","0","","","","","","","","See End Item P-5A/NA","See End Item P-5A","1","1","","","2017-BASE_PROCUREMENT-2017-ARMY_AIRCRAFT-U_PROCUREMENT_JustificationBook_Army_PB_2017.zzz_unzipped-U_PROCUREMENT_JustificationBook_Army_PB_2017.xml","2bd4c0a1589e46892f050588acb05b9acd9f0eba50d9b990b2593abe3dddb364","6-156523a820cfeada5648931aa215d7220952cba5336caf45af2ac70b4156407b","","","1","0-d8c3399ac318f1195c442c21e20a4da0c0ae250156e4b7d4f7a65e337b2ada69","root.record.ItemExhibitList.P5Item"
"eTalin 4000","12","","","","","0.651","","","","","","","See End Item P-5A/NA","See End Item P-5A","13","13","","","2017-BASE_PROCUREMENT-2017-ARMY_MISSLE-U_PROCUREMENT_JustificationBook_Army_PB_2017.zzz_unzipped-U_PROCUREMENT_JustificationBook_Army_PB_2017.xml","abc7ddfa27f1d2d1fc08f8d9bc3ce8fba2a52b95a3784cecbaf8994aa4ab9ac3","0-581945914dc7f2d4c23cd94b85e438d34b43b34f7be7e817bc00db2361a0d365","1","","13","0-26e90c3ee6f5ec0f67c3ca2ef264a6ddf40c98ccee6d517ddc9cc3dfc3ac69cd","root.record.ItemExhibitList.P5Item"
"Weapon Interface Unit (WIU)","12","","","","","0.783","","","","","","","See End Item P-5A/NA","See End Item P-5A","12","12","","","2017-BASE_PROCUREMENT-2017-ARMY_MISSLE-U_PROCUREMENT_JustificationBook_Army_PB_2017.zzz_unzipped-U_PROCUREMENT_JustificationBook_Army_PB_2017.xml","abc7ddfa27f1d2d1fc08f8d9bc3ce8fba2a52b95a3784cecbaf8994aa4ab9ac3","1-ff5f35783d53770204b81d73da5335cc761d1d23f71909ac8335909e7392d9e0","1","","12","0-26e90c3ee6f5ec0f67c3ca2ef264a6ddf40c98ccee6d517ddc9cc3dfc3ac69cd","root.record.ItemExhibitList.P5Item"
"Rails","12","","","","","10.665","","","","","","","See End Item P-5A/NA","See End Item P-5A","12","12","","","2017-BASE_PROCUREMENT-2017-ARMY_MISSLE-U_PROCUREMENT_JustificationBook_Army_PB_2017.zzz_unzipped-U_PROCUREMENT_JustificationBook_Army_PB_2017.xml","abc7ddfa27f1d2d1fc08f8d9bc3ce8fba2a52b95a3784cecbaf8994aa4ab9ac3","2-aa96e50cbc42fe9c89e76fe99f46619bcc730f0234d4e44c42aefe20c211ac68","15","","12","0-26e90c3ee6f5ec0f67c3ca2ef264a6ddf40c98ccee6d517ddc9cc3dfc3ac69cd","root.record.ItemExhibitList.P5Item"
"Weapon Control Unit(WCU)","12","","","","","2.7","","","","","","","See End Item P-5A/NA","See End Item P-5A","12","12","","","2017-BASE_PROCUREMENT-2017-ARMY_MISSLE-U_PROCUREMENT_JustificationBook_Army_PB_2017.zzz_unzipped-U_PROCUREMENT_JustificationBook_Army_PB_2017.xml","abc7ddfa27f1d2d1fc08f8d9bc3ce8fba2a52b95a3784cecbaf8994aa4ab9ac3","3-2ca800e7a9b907783abf2c511e512ca0eae5671407668ecf06347ab13ee0058f","15","","12","0-26e90c3ee6f5ec0f67c3ca2ef264a6ddf40c98ccee6d517ddc9cc3dfc3ac69cd","root.record.ItemExhibitList.P5Item"
"Common Power Supply (CPS)","12","","","","","0.45","","","","","","","See End Item P-5A/NA","See End Item P-5A","12","12","","","2017-BASE_PROCUREMENT-2017-ARMY_MISSLE-U_PROCUREMENT_JustificationBook_Army_PB_2017.zzz_unzipped-U_PROCUREMENT_JustificationBook_Army_PB_2017.xml","abc7ddfa27f1d2d1fc08f8d9bc3ce8fba2a52b95a3784cecbaf8994aa4ab9ac3","4-a5475ad2b4cebaf2631dcd6959ad02bd52b4220b15f395a1ec116338c44c8899","1","","12","0-26e90c3ee6f5ec0f67c3ca2ef264a6ddf40c98ccee6d517ddc9cc3dfc3ac69cd","root.record.ItemExhibitList.P5Item"
"Launch Control Unit (LCU)","12","","","","","0.45","","","","","","","See End Item P-5A/NA","See End Item P-5A","12","12","","","2017-BASE_PROCUREMENT-2017-ARMY_MISSLE-U_PROCUREMENT_JustificationBook_Army_PB_2017.zzz_unzipped-U_PROCUREMENT_JustificationBook_Army_PB_2017.xml","abc7ddfa27f1d2d1fc08f8d9bc3ce8fba2a52b95a3784cecbaf8994aa4ab9ac3","5-83f4fe49f460b1e2f9f2fc1241d48097b47ba53afc8105f00898acae66a69ea3","1","","12","0-26e90c3ee6f5ec0f67c3ca2ef264a6ddf40c98ccee6d517ddc9cc3dfc3ac69cd","root.record.ItemExhibitList.P5Item"
"SEPM","12","","","","","3.62","","","","","","","See End Item P-5A/NA","See End Item P-5A","12","12","","","2017-BASE_PROCUREMENT-2017-ARMY_MISSLE-U_PROCUREMENT_JustificationBook_Army_PB_2017.zzz_unzipped-U_PROCUREMENT_JustificationBook_Army_PB_2017.xml","abc7ddfa27f1d2d1fc08f8d9bc3ce8fba2a52b95a3784cecbaf8994aa4ab9ac3","6-ca65f2ef64147f06fe4a86831fcd8cfdf324d0cdfb8f5843423a6f11248cf369","1","","12","0-26e90c3ee6f5ec0f67c3ca2ef264a6ddf40c98ccee6d517ddc9cc3dfc3ac69cd","root.record.ItemExhibitList.P5Item"
"Guidance Section LL Items (LRIP 1)","23","","","","24.8","","","","","","","","See End Item P-5A/NA","See End Item P-5A","14","14","","","2017-BASE_PROCUREMENT-2017-ARMY_MISSLE-U_PROCUREMENT_JustificationBook_Army_PB_2017.zzz_unzipped-U_PROCUREMENT_JustificationBook_Army_PB_2017.xml","8e5e79c284bc6a2fded409e3c871f1ba2ee794aa21282c392687ee8481df7ce2","0-79d8d836f4e0094e40f1b24756d67e83a6f71b2116ebff0065f29a23b20dc059","1","","14","0-1bda280946492cb0b62fdbd5f27662307d1d73f0d2aa3705b5cc8f7530966944","root.record.ItemExhibitList.P5Item"
"HELLFIRE Backend LL Items (LRIP 1)","23","","","","2.938","","","","","","","","See End Item P-5A/NA","See End Item P-5A","18","18","","","2017-BASE_PROCUREMENT-2017-ARMY_MISSLE-U_PROCUREMENT_JustificationBook_Army_PB_2017.zzz_unzipped-U_PROCUREMENT_JustificationBook_Army_PB_2017.xml","8e5e79c284bc6a2fded409e3c871f1ba2ee794aa21282c392687ee8481df7ce2","1-6573be004d6f47447d1527df3d7351920a7a1e9106c635f159f395052afb1608","1","","18","0-1bda280946492cb0b62fdbd5f27662307d1d73f0d2aa3705b5cc8f7530966944","root.record.ItemExhibitList.P5Item"
"Guidance Section LL Items (LRIP 2)","23","","","","0","28.1","","","","","","","See End Item P-5A/NA","See End Item P-5A","14","14","","","2017-BASE_PROCUREMENT-2017-ARMY_MISSLE-U_PROCUREMENT_JustificationBook_Army_PB_2017.zzz_unzipped-U_PROCUREMENT_JustificationBook_Army_PB_2017.xml","8e5e79c284bc6a2fded409e3c871f1ba2ee794aa21282c392687ee8481df7ce2","2-a7df1f4aa1577040219c13a0886840afcafcb19ea9be2348def23e41455e178c","1","","14","0-1bda280946492cb0b62fdbd5f27662307d1d73f0d2aa3705b5cc8f7530966944","root.record.ItemExhibitList.P5Item"
"HELLFIRE Backend LL Items (LRIP 2)","23","","","","0","9","","","","","","","See End Item P-5A/NA","See End Item P-5A","18","18","","","2017-BASE_PROCUREMENT-2017-ARMY_MISSLE-U_PROCUREMENT_JustificationBook_Army_PB_2017.zzz_unzipped-U_PROCUREMENT_JustificationBook_Army_PB_2017.xml","8e5e79c284bc6a2fded409e3c871f1ba2ee794aa21282c392687ee8481df7ce2","3-86d49e676324905342028095ab14f9efd6f5fb339b27845c487c3ba16ff64d71","1","","18","0-1bda280946492cb0b62fdbd5f27662307d1d73f0d2aa3705b5cc8f7530966944","root.record.ItemExhibitList.P5Item"
"Launch Motor","14","9.46","0.905","","0","0.899","","","","","","","See End Item P-5A/NA","See End Item P-5A","14","14","","","2017-BASE_PROCUREMENT-2017-ARMY_MISSLE-U_PROCUREMENT_JustificationBook_Army_PB_2017.zzz_unzipped-U_PROCUREMENT_JustificationBook_Army_PB_2017.xml","b3c74fde820ba871359db2d9522d14158bcc7cc300d55daa3c70268eb1ca04a0","0-f8b9879684afcfd28ef2dd45cc361630937a77b5a47b6481d374443fceba73ed","1","","14","0-5c4c922919896009c6d47f44302efc84a146449b95ee5725f9c58020f4780c79","root.record.ItemExhibitList.P5Item"
"Flight Motor","12","2.983","0.17","","0","0.169","","","","","","","See End Item P-5A/NA","See End Item P-5A","12","12","","","2017-BASE_PROCUREMENT-2017-ARMY_MISSLE-U_PROCUREMENT_JustificationBook_Army_PB_2017.zzz_unzipped-U_PROCUREMENT_JustificationBook_Army_PB_2017.xml","b3c74fde820ba871359db2d9522d14158bcc7cc300d55daa3c70268eb1ca04a0","1-0e7e9162871a2039bd30b337ae1d9ca2bb576705b81a86c08d6815fc94c9d116","1","","12","0-5c4c922919896009c6d47f44302efc84a146449b95ee5725f9c58020f4780c79","root.record.ItemExhibitList.P5Item"
"Warhead","19","72.424","7.018","","0","7.07","","","","","","","See End Item P-5A/NA","See End Item P-5A","19","19","","","2017-BASE_PROCUREMENT-2017-ARMY_MISSLE-U_PROCUREMENT_JustificationBook_Army_PB_2017.zzz_unzipped-U_PROCUREMENT_JustificationBook_Army_PB_2017.xml","b3c74fde820ba871359db2d9522d14158bcc7cc300d55daa3c70268eb1ca04a0","2-7d476e1020d8b588c35094e2d69f0b997083510d1ce83351fda9b95658c82d6d","1","","19","0-5c4c922919896009c6d47f44302efc84a146449b95ee5725f9c58020f4780c79","root.record.ItemExhibitList.P5Item"
"Gyro","13","16.181","1.548","","0","1.537","","","","","","","See End Item P-5A/NA","See End Item P-5A","13","13","","","2017-BASE_PROCUREMENT-2017-ARMY_MISSLE-U_PROCUREMENT_JustificationBook_Army_PB_2017.zzz_unzipped-U_PROCUREMENT_JustificationBook_Army_PB_2017.xml","b3c74fde820ba871359db2d9522d14158bcc7cc300d55daa3c70268eb1ca04a0","3-e2ad9e019c68416c358c00c9f47a77dd4e3c03ae93d6b088550e5ff69a63771c","1","","13","0-5c4c922919896009c6d47f44302efc84a146449b95ee5725f9c58020f4780c79","root.record.ItemExhibitList.P5Item"
"Flight Motor Case Kit","10","3.669","0.351","","0","0.349","","","","","","","See End Item P-5A/NA","See End Item P-5A","12","12","","","2017-BASE_PROCUREMENT-2017-ARMY_MISSLE-U_PROCUREMENT_JustificationBook_Army_PB_2017.zzz_unzipped-U_PROCUREMENT_JustificationBook_Army_PB_2017.xml","b3c74fde820ba871359db2d9522d14158bcc7cc300d55daa3c70268eb1ca04a0","4-1a0360c91372636a03a7af11224fcd933bc61db2e9af389e853de829895c60a4","1","","12","0-5c4c922919896009c6d47f44302efc84a146449b95ee5725f9c58020f4780c79","root.record.ItemExhibitList.P5Item"
"2B Sensor","18","57.158","8.533","","0","8.475","","","","","","","See End Item P-5A/NA","See End Item P-5A","18","18","","","2017-BASE_PROCUREMENT-2017-ARMY_MISSLE-U_PROCUREMENT_JustificationBook_Army_PB_2017.zzz_unzipped-U_PROCUREMENT_JustificationBook_Army_PB_2017.xml","b3c74fde820ba871359db2d9522d14158bcc7cc300d55daa3c70268eb1ca04a0","5-f5bb032f8b0291c2c11227815a2fa881f60b5075efd3706d3642f4853f999613","1","","18","0-5c4c922919896009c6d47f44302efc84a146449b95ee5725f9c58020f4780c79","root.record.ItemExhibitList.P5Item"
"Control Surface Actuator","13","9.575","0.916","","0","0.91","","","","","","","See End Item P-5A/NA","See End Item P-5A","13","13","","","2017-BASE_PROCUREMENT-2017-ARMY_MISSLE-U_PROCUREMENT_JustificationBook_Army_PB_2017.zzz_unzipped-U_PROCUREMENT_JustificationBook_Army_PB_2017.xml","b3c74fde820ba871359db2d9522d14158bcc7cc300d55daa3c70268eb1ca04a0","6-99f4956b64ce3b81ee89e4e1ec8acc4ec7577f4757680a34a748d198c49f92a7","1","","13","0-5c4c922919896009c6d47f44302efc84a146449b95ee5725f9c58020f4780c79","root.record.ItemExhibitList.P5Item"
"Beacon Shutter Actuator","11","5.674","0.543","","0","0.54","","","","","","","See End Item P-5A/NA","See End Item P-5A","12","12","","","2017-BASE_PROCUREMENT-2017-ARMY_MISSLE-U_PROCUREMENT_JustificationBook_Army_PB_2017.zzz_unzipped-U_PROCUREMENT_JustificationBook_Army_PB_2017.xml","b3c74fde820ba871359db2d9522d14158bcc7cc300d55daa3c70268eb1ca04a0","7-4ebbe7f44eac6c77eb922bbd8e91d77468f13534c67f16f8149204317148df55","1","","12","0-5c4c922919896009c6d47f44302efc84a146449b95ee5725f9c58020f4780c79","root.record.ItemExhibitList.P5Item"
"SV 7-8 Satellites: SV 7-8 Long Lead","12","0","","","","132.42","","","","","","","TBD","TBD","24","24","","","2018-BASE_PROCUREMENT-2018-AIRFORCE_SPACE-U_PROCUREMENT_JustificationBook_Air_Force_PB_2018.zzz_unzipped-U_PROCUREMENT_JustificationBook_Air_Force_PB_2018.xml","349c370ac6bc97a5ad160143ded991d0d22dea7de2bf966fd5e97c39409da319","0-6f989e772c8b5f08200f1881d22017555f9994807b945a3944259fe9406d21b8","","","","2-54e4d174562836e80754244b82929c5cbcb5b7c1155441fce3c3628c4f6105d8","root.record.ItemExhibitList.P5Item"
"SV 7-8 Satellites: SV 7-8 Long Lead","12","0","","","","132.42","","","","","","","TBD","TBD","24","24","","","2018-BASE_PROCUREMENT-2018-AIRFORCE_SPACE-U_PROCUREMENT_MasterJustificationBook_Air_Force_PB_2018.zzz_unzipped-U_PROCUREMENT_MasterJustificationBook_Air_Force_PB_2018.xml","5a6e56aaee2cd93fc0c6924a649668af9970661371ccd8532aa15662b3047718","0-0e2d921d0720eb41a4ed1196650033b793f1e63ed01ff3312ecb6e537d424c0f","","","","2-b28b4fd8e84f98cf84fcc21154413acf7409389327f2b040a61b133b5e5ef02e","root.record.ItemExhibitList.P5Item"
"CFE","6","535.539","132.255","","116.685","107.673","","","","","","","","","","","","","2018-BASE_PROCUREMENT-2018-ARMY_AIRCRAFT-U_PROCUREMENT_JustificationBook_Army_PB_2018.zzz_unzipped-U_PROCUREMENT_JustificationBook_Army_PB_2018.xml","ebd01353ae8b080b1ab52e9195782fd3a992d3fb96174dad7091050691b1890a","0-e21d6851e6d2dd1bc2000faa3fbc9bde141b6e7b6fbdb30bd3354511ccfe6efe","26","","6","0-b0f083363a6f1315a49b77018c8a5edb5d3aa3df2408d8b5e414a7f0ee8c5201","root.record.ItemExhibitList.P5Item"
"GFE","6","307.237","77.675","","68.475","63.237","","","","","","","","","","","","","2018-BASE_PROCUREMENT-2018-ARMY_AIRCRAFT-U_PROCUREMENT_JustificationBook_Army_PB_2018.zzz_unzipped-U_PROCUREMENT_JustificationBook_Army_PB_2018.xml","ebd01353ae8b080b1ab52e9195782fd3a992d3fb96174dad7091050691b1890a","1-e056c1ce8416ec3369e05103305b283bacaf2839abfc3b8894f3e935e4597b70","26","","6","0-b0f083363a6f1315a49b77018c8a5edb5d3aa3df2408d8b5e414a7f0ee8c5201","root.record.ItemExhibitList.P5Item"
"AH-64E Apache New Build","12","71.585","","","0","71.9","","","","","","","","","","","","","2018-BASE_PROCUREMENT-2018-ARMY_AIRCRAFT-U_PROCUREMENT_JustificationBook_Army_PB_2018.zzz_unzipped-U_PROCUREMENT_JustificationBook_Army_PB_2018.xml","ec4214bb0033781b58c37cb400177bb2808ac0668e64107b0f83f4b822d1a911","0-0c38e3b70fd6eb26898e98496b32012bb750bcc3f6c66e3c247c06141798a8ff","","","12","0-35314c795e4c398d0abb2e56acf7fe02417e643ee822d948384af49a33dc1ccc","root.record.ItemExhibitList.P5Item"
"CFE Airframe","6","587.759","76.875","","103.296","28.719","","","","","","","","","","","","","2018-BASE_PROCUREMENT-2018-ARMY_AIRCRAFT-U_PROCUREMENT_JustificationBook_Army_PB_2018.zzz_unzipped-U_PROCUREMENT_JustificationBook_Army_PB_2018.xml","2c89647444558f718087948ea69b3bc60ba69293cb3483126129012ea9285f3f","0-e4424a883bfabc0ca1ade3d6bf78a0910443a02f1e17727c730e60c994dd6e47","1","","18","0-31dd20aedc4d8430b80d8f89ed2563f106c093bb837e9f98a68d62653968315f","root.record.ItemExhibitList.P5Item"
"Auxiliary Power Unit","3","32.198","2.56","","2.589","2.934","","","","","","","","","","","","","2018-BASE_PROCUREMENT-2018-ARMY_AIRCRAFT-U_PROCUREMENT_JustificationBook_Army_PB_2018.zzz_unzipped-U_PROCUREMENT_JustificationBook_Army_PB_2018.xml","2c89647444558f718087948ea69b3bc60ba69293cb3483126129012ea9285f3f","1-2c659cd2a2149e0a6de96ec479aa3958e79edaefa56f2fc170b09a9fe2b74216","1","","6","0-31dd20aedc4d8430b80d8f89ed2563f106c093bb837e9f98a68d62653968315f","root.record.ItemExhibitList.P5Item"
"Engines","3","499.718","39.368","","39.851","45.156","","","","","","","","","","","","","2018-BASE_PROCUREMENT-2018-ARMY_AIRCRAFT-U_PROCUREMENT_JustificationBook_Army_PB_2018.zzz_unzipped-U_PROCUREMENT_JustificationBook_Army_PB_2018.xml","2c89647444558f718087948ea69b3bc60ba69293cb3483126129012ea9285f3f","2-46b6326a8db0e8580265c7105ba0fc80496831e9ea3ff675432057020dd43ffe","2","","14","0-31dd20aedc4d8430b80d8f89ed2563f106c093bb837e9f98a68d62653968315f","root.record.ItemExhibitList.P5Item"
"EGI","3","77.279","6.354","","6.427","7.283","","","","","","","","","","","","","2018-BASE_PROCUREMENT-2018-ARMY_AIRCRAFT-U_PROCUREMENT_JustificationBook_Army_PB_2018.zzz_unzipped-U_PROCUREMENT_JustificationBook_Army_PB_2018.xml","2c89647444558f718087948ea69b3bc60ba69293cb3483126129012ea9285f3f","3-4f3920b9473bb6293d763a2b7c25b92139d347bec488f3f14b193b1ddb9cf68d","2","","12","0-31dd20aedc4d8430b80d8f89ed2563f106c093bb837e9f98a68d62653968315f","root.record.ItemExhibitList.P5Item"
"Heads Up Display AVS-7","3","25.036","1.922","","1.944","2.203","","","","","","","","","","","","","2018-BASE_PROCUREMENT-2018-ARMY_AIRCRAFT-U_PROCUREMENT_JustificationBook_Army_PB_2018.zzz_unzipped-U_PROCUREMENT_JustificationBook_Army_PB_2018.xml","2c89647444558f718087948ea69b3bc60ba69293cb3483126129012ea9285f3f","4-fda43d248bca074ab07d1ac13c04d112edf4e98e6510ba51e405f9fab9901f04","1","","9","0-31dd20aedc4d8430b80d8f89ed2563f106c093bb837e9f98a68d62653968315f","root.record.ItemExhibitList.P5Item"
"Hover Infrared Suppressor","1","28.959","","","0","","","","","","","","","","","","","","2018-BASE_PROCUREMENT-2018-ARMY_AIRCRAFT-U_PROCUREMENT_JustificationBook_Army_PB_2018.zzz_unzipped-U_PROCUREMENT_JustificationBook_Army_PB_2018.xml","2c89647444558f718087948ea69b3bc60ba69293cb3483126129012ea9285f3f","5-bdc71f35d1abfe04e55a01ebf3064547ed6e87f4b312ac5bbebe1426fef8f329","","","1","0-31dd20aedc4d8430b80d8f89ed2563f106c093bb837e9f98a68d62653968315f","root.record.ItemExhibitList.P5Item"
"Miscellaneous","1","15.651","","","0","","","","","","","","","","","","","","2018-BASE_PROCUREMENT-2018-ARMY_AIRCRAFT-U_PROCUREMENT_JustificationBook_Army_PB_2018.zzz_unzipped-U_PROCUREMENT_JustificationBook_Army_PB_2018.xml","2c89647444558f718087948ea69b3bc60ba69293cb3483126129012ea9285f3f","6-e5de51ae64c8960a89a5bd3e4242dc595de9c633c499d2ca1210a6000253b311","","","1","0-31dd20aedc4d8430b80d8f89ed2563f106c093bb837e9f98a68d62653968315f","root.record.ItemExhibitList.P5Item"
"Guidance Section LL Items (LRIP 1)","23","","24.8","","0","","","","","","","","","","","","","","2018-BASE_PROCUREMENT-2018-ARMY_MISSLE-U_PROCUREMENT_JustificationBook_Army_PB_2018.zzz_unzipped-U_PROCUREMENT_JustificationBook_Army_PB_2018.xml","4cead6aa7b8f21e630078e1faa01af184d50c7548a2808d527da07f517250ab7","0-b4634200640e529eb63451cf0d6ab6f43a47bab1f7aa50c7f66db7391f96e4e7","","","14","0-ac2c2352dfb8529b3814897aaf6da061a81cfe746c6ba5560a56594ffdb0aa8e","root.record.ItemExhibitList.P5Item"
"HELLFIRE Backend LL Items (LRIP 1)","23","","2.938","","0","","","","","","","","","","","","","","2018-BASE_PROCUREMENT-2018-ARMY_MISSLE-U_PROCUREMENT_JustificationBook_Army_PB_2018.zzz_unzipped-U_PROCUREMENT_JustificationBook_Army_PB_2018.xml","4cead6aa7b8f21e630078e1faa01af184d50c7548a2808d527da07f517250ab7","1-fc2c060b50d6d21373b59db3610242948e941d85cbb3ce9232487479957bf36e","","","24","0-ac2c2352dfb8529b3814897aaf6da061a81cfe746c6ba5560a56594ffdb0aa8e","root.record.ItemExhibitList.P5Item"
"Guidance Section LL Items (LRIP 2)","23","","","","0","","","","","","","","","","","","","","2018-BASE_PROCUREMENT-2018-ARMY_MISSLE-U_PROCUREMENT_JustificationBook_Army_PB_2018.zzz_unzipped-U_PROCUREMENT_JustificationBook_Army_PB_2018.xml","4cead6aa7b8f21e630078e1faa01af184d50c7548a2808d527da07f517250ab7","2-a71df41553f691a76a370d1a59d86fa1d537cd76c58544da38ddcd30382b13c3","","","14","0-ac2c2352dfb8529b3814897aaf6da061a81cfe746c6ba5560a56594ffdb0aa8e","root.record.ItemExhibitList.P5Item"
"HELLFIRE Backend LL Items (LRIP 2)","23","","","","37.1","","","","","","","","","","","","","","2018-BASE_PROCUREMENT-2018-ARMY_MISSLE-U_PROCUREMENT_JustificationBook_Army_PB_2018.zzz_unzipped-U_PROCUREMENT_JustificationBook_Army_PB_2018.xml","4cead6aa7b8f21e630078e1faa01af184d50c7548a2808d527da07f517250ab7","3-c0f19e71d0881b999a96487dd38b7093200712707e9090882b1bcba739414fa2","","","24","0-ac2c2352dfb8529b3814897aaf6da061a81cfe746c6ba5560a56594ffdb0aa8e","root.record.ItemExhibitList.P5Item"
"Launch Motor","14","9.46","","","0.899","0.841","","","","","","","","","","","","","2018-BASE_PROCUREMENT-2018-ARMY_MISSLE-U_PROCUREMENT_JustificationBook_Army_PB_2018.zzz_unzipped-U_PROCUREMENT_JustificationBook_Army_PB_2018.xml","989a62adef07daf13af615ab52f41e43934b21e3d380b67cded0db07ce4ef4ae","0-212151c9aa52130690fa5df0b5ed3dda3e38cdc5f6320c3981842b6ffc08d43d","1","","14","0-3d210f1cbf69854fda5683f1ebc546e9efea3394ad1bd362d9d35d15ec60d65c","root.record.ItemExhibitList.P5Item"
"Flight Motor","12","2.983","","","0.169","0.182","","","","","","","","","","","","","2018-BASE_PROCUREMENT-2018-ARMY_MISSLE-U_PROCUREMENT_JustificationBook_Army_PB_2018.zzz_unzipped-U_PROCUREMENT_JustificationBook_Army_PB_2018.xml","989a62adef07daf13af615ab52f41e43934b21e3d380b67cded0db07ce4ef4ae","1-2803ef3125fc110a697c21835b170a787b3635dbcd6219050070f1fa94d0b241","1","","12","0-3d210f1cbf69854fda5683f1ebc546e9efea3394ad1bd362d9d35d15ec60d65c","root.record.ItemExhibitList.P5Item"
"Warhead","19","72.464","","","7.07","7.129","","","","","","","","","","","","","2018-BASE_PROCUREMENT-2018-ARMY_MISSLE-U_PROCUREMENT_JustificationBook_Army_PB_2018.zzz_unzipped-U_PROCUREMENT_JustificationBook_Army_PB_2018.xml","989a62adef07daf13af615ab52f41e43934b21e3d380b67cded0db07ce4ef4ae","2-bc7912910625a586f8efe7d93d28e84f30dcad7d19518ab583ba2ffdd980d347","1","","19","0-3d210f1cbf69854fda5683f1ebc546e9efea3394ad1bd362d9d35d15ec60d65c","root.record.ItemExhibitList.P5Item"
"Gyro","13","16.199","","","1.537","1.55","","","","","","","","","","","","","2018-BASE_PROCUREMENT-2018-ARMY_MISSLE-U_PROCUREMENT_JustificationBook_Army_PB_2018.zzz_unzipped-U_PROCUREMENT_JustificationBook_Army_PB_2018.xml","989a62adef07daf13af615ab52f41e43934b21e3d380b67cded0db07ce4ef4ae","3-ce352a998b9d9256edde99c240122ae8298f9be1eed2b70b48e959072c74f818","1","","13","0-3d210f1cbf69854fda5683f1ebc546e9efea3394ad1bd362d9d35d15ec60d65c","root.record.ItemExhibitList.P5Item"
"Flight Motor Case Kit","10","3.669","","","0.349","0.356","","","","","","","","","","","","","2018-BASE_PROCUREMENT-2018-ARMY_MISSLE-U_PROCUREMENT_JustificationBook_Army_PB_2018.zzz_unzipped-U_PROCUREMENT_JustificationBook_Army_PB_2018.xml","989a62adef07daf13af615ab52f41e43934b21e3d380b67cded0db07ce4ef4ae","4-d0b9ee298729dcb6a6f47fabafa476bb4f35bc9ad9262b49714980f03f4a28e2","1","","12","0-3d210f1cbf69854fda5683f1ebc546e9efea3394ad1bd362d9d35d15ec60d65c","root.record.ItemExhibitList.P5Item"
"2B Sensor","18","57.178","","","8.475","8.546","","","","","","","","","","","","","2018-BASE_PROCUREMENT-2018-ARMY_MISSLE-U_PROCUREMENT_JustificationBook_Army_PB_2018.zzz_unzipped-U_PROCUREMENT_JustificationBook_Army_PB_2018.xml","989a62adef07daf13af615ab52f41e43934b21e3d380b67cded0db07ce4ef4ae","5-599992dd4beedffea38a6a3bf8d60f99a5b00f7637728c87412382da4e1247da","1","","18","0-3d210f1cbf69854fda5683f1ebc546e9efea3394ad1bd362d9d35d15ec60d65c","root.record.ItemExhibitList.P5Item"
"Control Surface Actuator","13","9.58","","","0.91","0.841","","","","","","","","","","","","","2018-BASE_PROCUREMENT-2018-ARMY_MISSLE-U_PROCUREMENT_JustificationBook_Army_PB_2018.zzz_unzipped-U_PROCUREMENT_JustificationBook_Army_PB_2018.xml","989a62adef07daf13af615ab52f41e43934b21e3d380b67cded0db07ce4ef4ae","6-35f40dd930cc7d6c17e19f4581f731200260c5e46fb4eb4deac7b61f5341ecd7","1","","13","0-3d210f1cbf69854fda5683f1ebc546e9efea3394ad1bd362d9d35d15ec60d65c","root.record.ItemExhibitList.P5Item"
"Beacon Shutter Actuator","11","5.674","","","0.54","0.504","","","","","","","","","","","","","2018-BASE_PROCUREMENT-2018-ARMY_MISSLE-U_PROCUREMENT_JustificationBook_Army_PB_2018.zzz_unzipped-U_PROCUREMENT_JustificationBook_Army_PB_2018.xml","989a62adef07daf13af615ab52f41e43934b21e3d380b67cded0db07ce4ef4ae","7-a7fa77214ee2cbee99f0b2dd118083170fd49687712f93500db6e6c61994f327","1","","12","0-3d210f1cbf69854fda5683f1ebc546e9efea3394ad1bd362d9d35d15ec60d65c","root.record.ItemExhibitList.P5Item"
"Aegis Advacned Procurement FY19","0","","","","","0","","","","","","","","","","","","","2018-BASE_RDTE-2018-MDA-U_PROCUREMENT_JustificationBook_Missile_Defense_Agency_PB_2018.zzz_unzipped-U_PROCUREMENT_JustificationBook_Missile_Defense_Agency_PB_2018.xml","c9c5626a815145d0c9affba0fbe594ecb959638643a9ad7e5b99e7688f194226","0-2611ad4f3f819a4039665afa7c3dd28623eef40b11efba608da63092ed120b0f","1","2020","","0-dfc8d3510d3da065ee242cd3818895de05272711f52b0e937248ed5d84b866b5","root.record.ItemExhibitList.P5Item"
"Aegis Advanced Procurement for FY18","0","","","","","38.738","","","","","","","","","","","","","2018-BASE_RDTE-2018-MDA-U_PROCUREMENT_JustificationBook_Missile_Defense_Agency_PB_2018.zzz_unzipped-U_PROCUREMENT_JustificationBook_Missile_Defense_Agency_PB_2018.xml","c9c5626a815145d0c9affba0fbe594ecb959638643a9ad7e5b99e7688f194226","1-2823c27eb8a575c832f5985bdc66f436ca53ec8581aaa94ac6b86430be66cb30","1","2019","","0-dfc8d3510d3da065ee242cd3818895de05272711f52b0e937248ed5d84b866b5","root.record.ItemExhibitList.P5Item"
"Aegis Advanced Procurement FY20","0","","","","","0","","","","","","","","","","","","","2018-BASE_RDTE-2018-MDA-U_PROCUREMENT_JustificationBook_Missile_Defense_Agency_PB_2018.zzz_unzipped-U_PROCUREMENT_JustificationBook_Missile_Defense_Agency_PB_2018.xml","c9c5626a815145d0c9affba0fbe594ecb959638643a9ad7e5b99e7688f194226","2-528bbd64e6e56bab0933a97eb909064ef3b694dabc609c9ba6c2afb693faa5fa","1","2021","","0-dfc8d3510d3da065ee242cd3818895de05272711f52b0e937248ed5d84b866b5","root.record.ItemExhibitList.P5Item"
"Aegis Advacned Procurement FY19","0","","","","","0","","","","","","","","","","","","","2018-BASE_RDTE-2018-MDA-U_PROCUREMENT_MasterJustificationBook_Missile_Defense_Agency_PB_2018.zzz_unzipped-U_PROCUREMENT_MasterJustificationBook_Missile_Defense_Agency_PB_2018.xml","5039caee7c3ec5564d5e7009ecd268457390689b961ded97c8bea51b12a56191","0-9174ac589c1ccda6df146f37f3c8b959fb86fa94b767cf1c354cd5f6aa78534c","1","2020","","0-44755a9a28c0162668a8708178b8e34303e3f1a0b87fd3ff18f01b3f49a5ce8c","root.record.ItemExhibitList.P5Item"
"Aegis Advanced Procurement for FY18","0","","","","","38.738","","","","","","","","","","","","","2018-BASE_RDTE-2018-MDA-U_PROCUREMENT_MasterJustificationBook_Missile_Defense_Agency_PB_2018.zzz_unzipped-U_PROCUREMENT_MasterJustificationBook_Missile_Defense_Agency_PB_2018.xml","5039caee7c3ec5564d5e7009ecd268457390689b961ded97c8bea51b12a56191","1-f918652bec810f5452015b9e3240007b67b4b2318f2ca5f1bf66681ea1004701","1","2019","","0-44755a9a28c0162668a8708178b8e34303e3f1a0b87fd3ff18f01b3f49a5ce8c","root.record.ItemExhibitList.P5Item"
"Aegis Advanced Procurement FY20","0","","","","","0","","","","","","","","","","","","","2018-BASE_RDTE-2018-MDA-U_PROCUREMENT_MasterJustificationBook_Missile_Defense_Agency_PB_2018.zzz_unzipped-U_PROCUREMENT_MasterJustificationBook_Missile_Defense_Agency_PB_2018.xml","5039caee7c3ec5564d5e7009ecd268457390689b961ded97c8bea51b12a56191","2-64c4640f8fe0aac9f34f39fa34005fb7b562e6758b7834efe4122250c72760be","1","2021","","0-44755a9a28c0162668a8708178b8e34303e3f1a0b87fd3ff18f01b3f49a5ce8c","root.record.ItemExhibitList.P5Item"
"SV 7-8 Satellites: SV 7-8 Long Lead","12","","","","132.42","","","","","","","","","","","","","","2019-BASE_PROCUREMENT-2019-AIRFORCE_SPACE-U_PROCUREMENT_JustificationBook_Air_Force_PB_2019.zzz_unzipped-U_PROCUREMENT_JustificationBook_Air_Force_PB_2019.xml","69f5d537ee02fe3841147f7d8dc4885ccab93abdd3905985c9061680464c3c83","0-909621d172c8e04a62dc088ddf1f72387d209790575e93d5a4b9868b2bb69a6f","","","","2-4c7f32760e5f22c28fa208cca101231e0e951535a67cbc64ea6ad7ea1975d628","root.record.ItemExhibitList.P5Item"
"SV 7-8 Satellites: SV 7-8 Long Lead","12","","","","132.42","","","","","","","","","","","","","","2019-BASE_PROCUREMENT-2019-AIRFORCE_SPACE-U_PROCUREMENT_MasterJustificationBook_Air_Force_PB_2019.zzz_unzipped-U_PROCUREMENT_MasterJustificationBook_Air_Force_PB_2019.xml","0c71715f409ac85cc53798867fc1f08294b549796ed9b5bd2c1d3370ed828913","0-665afbb76b0e066819e7d2cf603fa30c178d3f30df6073c63a74d74129580750","","","","2-89ea797ad3519f40f9020baaa742dfa535515beeb607f819ac47eddf34320ef8","root.record.ItemExhibitList.P5Item"
"Other","0","","","","","0","","","","","","","","","","","","","2019-BASE_PROCUREMENT-2019-ARMY_AIRCRAFT-U_PROCUREMENT_JustificationBook_Army_PB_2019.zzz_unzipped-U_PROCUREMENT_JustificationBook_Army_PB_2019.xml","c6efa3d1ea895e36aa6ea1c6b9d247f9f9b97c3cfc03ed6678e75bd59a8137b4","0-8e5179ea208e5a23742eb18cffa8a8a356dac90ddecbc9e3b3f7e0632e9a1d5f","","","0","0-48e9040092022c5ed0717b617acde5d1b8a5487b03621fdde15ac77757976ad2","root.record.ItemExhibitList.P5Item"
"CFE","6","684.106","122.206","","112.801","115.203","","","","","","","","","","","","","2019-BASE_PROCUREMENT-2019-ARMY_AIRCRAFT-U_PROCUREMENT_JustificationBook_Army_PB_2019.zzz_unzipped-U_PROCUREMENT_JustificationBook_Army_PB_2019.xml","c6efa3d1ea895e36aa6ea1c6b9d247f9f9b97c3cfc03ed6678e75bd59a8137b4","1-aa6e8f1c988a2fc181b82269e5cd266a67277ee9bb30efdec9742311a0424152","26","","6","0-48e9040092022c5ed0717b617acde5d1b8a5487b03621fdde15ac77757976ad2","root.record.ItemExhibitList.P5Item"
"GFE","6","357.92","62.954","","58.109","59.347","","","","","","","","","","","","","2019-BASE_PROCUREMENT-2019-ARMY_AIRCRAFT-U_PROCUREMENT_JustificationBook_Army_PB_2019.zzz_unzipped-U_PROCUREMENT_JustificationBook_Army_PB_2019.xml","c6efa3d1ea895e36aa6ea1c6b9d247f9f9b97c3cfc03ed6678e75bd59a8137b4","2-51fd4402a75e8d2543a92a00c9d69502bf5f3f673dc907b2f9abfff8b6eba441","26","","6","0-48e9040092022c5ed0717b617acde5d1b8a5487b03621fdde15ac77757976ad2","root.record.ItemExhibitList.P5Item"
"AH-64E Apache New Build","12","84.507","71.8","","71.9","58.6","","","","","","","","","","","","","2019-BASE_PROCUREMENT-2019-ARMY_AIRCRAFT-U_PROCUREMENT_JustificationBook_Army_PB_2019.zzz_unzipped-U_PROCUREMENT_JustificationBook_Army_PB_2019.xml","6b1656fac8a26342409b2f62049dc7f5cdb2bd5e08549a22c3d2920f17bde265","0-091b147b01d3869f092c2b4f693bc24fecad549414ebd748bbb3480b0641d204","","","12","0-fda33c89b7f5a13aa450eefd41e9053abb08d858592d2bf6eccd5f2c12165a24","root.record.ItemExhibitList.P5Item"
"Prior Year","0","2531.426","","","","","","","","","","","","","","","","","2019-BASE_PROCUREMENT-2019-ARMY_AIRCRAFT-U_PROCUREMENT_JustificationBook_Army_PB_2019.zzz_unzipped-U_PROCUREMENT_JustificationBook_Army_PB_2019.xml","64c87e1adb49d0fad6202288aab5cd9f3489298b37e5e52649c8f9fce35c6caf","0-5fc4d2d14f34d7a3bc982ca822c76e4f899fbcd0baa5e95a36d422cd4402d42d","","","0","0-4dd6776f60aeba6591ffa3af49b498f29488d1708b0108299a1d2d34309eab81","root.record.ItemExhibitList.P5Item"
"CFE Airframe","6","664.634","113.308","","28.576","35.5","","","","","","","","","","","","","2019-BASE_PROCUREMENT-2019-ARMY_AIRCRAFT-U_PROCUREMENT_JustificationBook_Army_PB_2019.zzz_unzipped-U_PROCUREMENT_JustificationBook_Army_PB_2019.xml","64c87e1adb49d0fad6202288aab5cd9f3489298b37e5e52649c8f9fce35c6caf","1-e89b2037f32a27c250361fbaf9fbf93c32ba0d458bb787231e625f31a4236531","1","","18","0-4dd6776f60aeba6591ffa3af49b498f29488d1708b0108299a1d2d34309eab81","root.record.ItemExhibitList.P5Item"
"Auxiliary Power Unit","3","34.758","3.098","","2.941","3.6","","","","","","","","","","","","","2019-BASE_PROCUREMENT-2019-ARMY_AIRCRAFT-U_PROCUREMENT_JustificationBook_Army_PB_2019.zzz_unzipped-U_PROCUREMENT_JustificationBook_Army_PB_2019.xml","64c87e1adb49d0fad6202288aab5cd9f3489298b37e5e52649c8f9fce35c6caf","2-210a337a70045462ddacbb2a737359c919634deb6e8baa5b64d1cec828bd9ffe","1","","6","0-4dd6776f60aeba6591ffa3af49b498f29488d1708b0108299a1d2d34309eab81","root.record.ItemExhibitList.P5Item"
"Engines","3","539.086","47.684","","45.269","55.41","","","","","","","","","","","","","2019-BASE_PROCUREMENT-2019-ARMY_AIRCRAFT-U_PROCUREMENT_JustificationBook_Army_PB_2019.zzz_unzipped-U_PROCUREMENT_JustificationBook_Army_PB_2019.xml","64c87e1adb49d0fad6202288aab5cd9f3489298b37e5e52649c8f9fce35c6caf","3-48047716bc9b2c3d21baea94b502587300c3a9ea164bfdd5500a4eecfcd519d6","2","","14","0-4dd6776f60aeba6591ffa3af49b498f29488d1708b0108299a1d2d34309eab81","root.record.ItemExhibitList.P5Item"
"EGI","3","83.633","7.691","","7.301","8.937","","","","","","","","","","","","","2019-BASE_PROCUREMENT-2019-ARMY_AIRCRAFT-U_PROCUREMENT_JustificationBook_Army_PB_2019.zzz_unzipped-U_PROCUREMENT_JustificationBook_Army_PB_2019.xml","64c87e1adb49d0fad6202288aab5cd9f3489298b37e5e52649c8f9fce35c6caf","4-65e654eb288d226a0d86ef323c2b458c6d147ca889e5be003da00e8e59ba18ad","2","","12","0-4dd6776f60aeba6591ffa3af49b498f29488d1708b0108299a1d2d34309eab81","root.record.ItemExhibitList.P5Item"
"Heads Up Display AVS-7","3","26.958","2.326","","2.208","2.703","","","","","","","","","","","","","2019-BASE_PROCUREMENT-2019-ARMY_AIRCRAFT-U_PROCUREMENT_JustificationBook_Army_PB_2019.zzz_unzipped-U_PROCUREMENT_JustificationBook_Army_PB_2019.xml","64c87e1adb49d0fad6202288aab5cd9f3489298b37e5e52649c8f9fce35c6caf","5-67417373fd1a4e29599dba512930baed0e91aa77c70704188ffb6e758b81f7bc","1","","9","0-4dd6776f60aeba6591ffa3af49b498f29488d1708b0108299a1d2d34309eab81","root.record.ItemExhibitList.P5Item"
"Hover Infrared Suppressor","1","28.959","","","","","","","","","","","","","","","","","2019-BASE_PROCUREMENT-2019-ARMY_AIRCRAFT-U_PROCUREMENT_JustificationBook_Army_PB_2019.zzz_unzipped-U_PROCUREMENT_JustificationBook_Army_PB_2019.xml","64c87e1adb49d0fad6202288aab5cd9f3489298b37e5e52649c8f9fce35c6caf","6-1258bc1d0fe1e2b4381f727d631a050bca76328a50b22e0f9dd1c18ae1cde856","","","1","0-4dd6776f60aeba6591ffa3af49b498f29488d1708b0108299a1d2d34309eab81","root.record.ItemExhibitList.P5Item"
"Miscellaneous","1","15.651","","","","","","","","","","","","","","","","","2019-BASE_PROCUREMENT-2019-ARMY_AIRCRAFT-U_PROCUREMENT_JustificationBook_Army_PB_2019.zzz_unzipped-U_PROCUREMENT_JustificationBook_Army_PB_2019.xml","64c87e1adb49d0fad6202288aab5cd9f3489298b37e5e52649c8f9fce35c6caf","7-d8fbdfe762f753a3c45ceb7397547c1d9e346cab93a42a7d7e108d04e7d874ea","","","1","0-4dd6776f60aeba6591ffa3af49b498f29488d1708b0108299a1d2d34309eab81","root.record.ItemExhibitList.P5Item"
"SEPM","0","","","","","3.693","","","","","","","","","","","","","2019-BASE_PROCUREMENT-2019-ARMY_MISSLE-U_PROCUREMENT_JustificationBook_Army_PB_2019.zzz_unzipped-U_PROCUREMENT_JustificationBook_Army_PB_2019.xml","6d3c4ef124673a75c5f508699d459545dcd5fa1c2d2edd37b8ca572d6abb187f","0-0e096e5728b39f21f632245c01fd10e1ce590713188855c920e759d57552a812","","2020","12","1-e0b729b203fb672453c800d323dc14d1b9b5445fdbbc0e0a1fac0179b75faa43","root.record.ItemExhibitList.P5Item"
"Data","0","","19.319","","","0.168","","","","","","","","","","","","","2019-BASE_PROCUREMENT-2019-ARMY_MISSLE-U_PROCUREMENT_JustificationBook_Army_PB_2019.zzz_unzipped-U_PROCUREMENT_JustificationBook_Army_PB_2019.xml","6d3c4ef124673a75c5f508699d459545dcd5fa1c2d2edd37b8ca572d6abb187f","1-96de7bde69a82870bbea2e51668313bf8116781151bc0fff72ff053b2e41f987","","2020","12","1-e0b729b203fb672453c800d323dc14d1b9b5445fdbbc0e0a1fac0179b75faa43","root.record.ItemExhibitList.P5Item"
"Guidance Section LL Items (LRIP 1)","23","24.8","","","","","","","","","","","","","","","","","2019-BASE_PROCUREMENT-2019-ARMY_MISSLE-U_PROCUREMENT_JustificationBook_Army_PB_2019.zzz_unzipped-U_PROCUREMENT_JustificationBook_Army_PB_2019.xml","f217c54d6ceffdfdef71f9f9e089d12d593044819c53d822963bcab23bc9b26e","0-c357e150fc58deb088fc45ac9ba752c40271182f8ecd72fd4fe2edeb7594b9e7","","","14","0-15d79f2ae82896237b1dd5c2571ccaa92859a3dc5767c5ebbbd5ea9ef622838a","root.record.ItemExhibitList.P5Item"
"HELLFIRE Backend LL Items (LRIP 1)","23","2.938","","","","","","","","","","","","","","","","","2019-BASE_PROCUREMENT-2019-ARMY_MISSLE-U_PROCUREMENT_JustificationBook_Army_PB_2019.zzz_unzipped-U_PROCUREMENT_JustificationBook_Army_PB_2019.xml","f217c54d6ceffdfdef71f9f9e089d12d593044819c53d822963bcab23bc9b26e","1-f12ab1691e196b36db6fdc98d9fbc50befe4a52fe5f00ae89d20bed12fd7fc6a","","","24","0-15d79f2ae82896237b1dd5c2571ccaa92859a3dc5767c5ebbbd5ea9ef622838a","root.record.ItemExhibitList.P5Item"
"Guidance Section LL Items (LRIP 2)","23","","","","","0","","","","","","","","","","","","","2019-BASE_PROCUREMENT-2019-ARMY_MISSLE-U_PROCUREMENT_JustificationBook_Army_PB_2019.zzz_unzipped-U_PROCUREMENT_JustificationBook_Army_PB_2019.xml","f217c54d6ceffdfdef71f9f9e089d12d593044819c53d822963bcab23bc9b26e","2-2d2337ccd1e3cf7c53a6fdd24418fc826609b9287a6d0c2767c8b1ccbc1a78df","","","14","0-15d79f2ae82896237b1dd5c2571ccaa92859a3dc5767c5ebbbd5ea9ef622838a","root.record.ItemExhibitList.P5Item"
"HELLFIRE Backend LL Items (LRIP 2)","23","","37.1","","","","","","","","","","","","","","","","2019-BASE_PROCUREMENT-2019-ARMY_MISSLE-U_PROCUREMENT_JustificationBook_Army_PB_2019.zzz_unzipped-U_PROCUREMENT_JustificationBook_Army_PB_2019.xml","f217c54d6ceffdfdef71f9f9e089d12d593044819c53d822963bcab23bc9b26e","3-54040e2e884306b6e5436acfbf500d977020aa338d408431061ec47b25b66867","","","24","0-15d79f2ae82896237b1dd5c2571ccaa92859a3dc5767c5ebbbd5ea9ef622838a","root.record.ItemExhibitList.P5Item"
"Warhead","19","72.424","6.611","","15.581","7.942","","","","","","","","","","","","","2019-BASE_PROCUREMENT-2019-ARMY_MISSLE-U_PROCUREMENT_JustificationBook_Army_PB_2019.zzz_unzipped-U_PROCUREMENT_JustificationBook_Army_PB_2019.xml","6a299a402f458488c665f503f10a0d7afcba1a37a9fc1ac85a2aa65290b19344","0-9c2bd509ba34dffd1fcb53bc7aec81ae56103a9dc23e346d90021e5e3447aab7","1","","19","0-8e9de6960e74fbca4ace4352e3b99153a1ffcb3d84ee884596955db402ddf516","root.record.ItemExhibitList.P5Item"
"Launch Motor","14","9.46","0.838","","1.101","0.838","","","","","","","","","","","","","2019-BASE_PROCUREMENT-2019-ARMY_MISSLE-U_PROCUREMENT_JustificationBook_Army_PB_2019.zzz_unzipped-U_PROCUREMENT_JustificationBook_Army_PB_2019.xml","6a299a402f458488c665f503f10a0d7afcba1a37a9fc1ac85a2aa65290b19344","1-30a2c678979b09a65549942488ae9515336ddf0d71415d0965faed21710b5328","1","","14","0-8e9de6960e74fbca4ace4352e3b99153a1ffcb3d84ee884596955db402ddf516","root.record.ItemExhibitList.P5Item"
"Flight Motor","12","2.983","0.158","","0.158","0.158","","","","","","","","","","","","","2019-BASE_PROCUREMENT-2019-ARMY_MISSLE-U_PROCUREMENT_JustificationBook_Army_PB_2019.zzz_unzipped-U_PROCUREMENT_JustificationBook_Army_PB_2019.xml","6a299a402f458488c665f503f10a0d7afcba1a37a9fc1ac85a2aa65290b19344","2-fd3fcf4b118f119a16f6cdd26469b715a1b2bc81918fa551dfee64fbbabcc699","1","","12","0-8e9de6960e74fbca4ace4352e3b99153a1ffcb3d84ee884596955db402ddf516","root.record.ItemExhibitList.P5Item"
"2B Sensor","18","57.143","","","","7.902","","","","","","","","","","","","","2019-BASE_PROCUREMENT-2019-ARMY_MISSLE-U_PROCUREMENT_JustificationBook_Army_PB_2019.zzz_unzipped-U_PROCUREMENT_JustificationBook_Army_PB_2019.xml","6a299a402f458488c665f503f10a0d7afcba1a37a9fc1ac85a2aa65290b19344","3-f71d849c30e1bb5fc2e724e8319e6b33ee090880c35156ba08f3c55035ffd42d","1","","18","0-8e9de6960e74fbca4ace4352e3b99153a1ffcb3d84ee884596955db402ddf516","root.record.ItemExhibitList.P5Item"
"Gyro","13","16.181","1.433","","1.433","1.433","","","","","","","","","","","","","2019-BASE_PROCUREMENT-2019-ARMY_MISSLE-U_PROCUREMENT_JustificationBook_Army_PB_2019.zzz_unzipped-U_PROCUREMENT_JustificationBook_Army_PB_2019.xml","6a299a402f458488c665f503f10a0d7afcba1a37a9fc1ac85a2aa65290b19344","4-ae41ca795b89ca18e87f86ad2b1aa1872da151b62bedc35aaf583e34ca0dafc8","1","","13","0-8e9de6960e74fbca4ace4352e3b99153a1ffcb3d84ee884596955db402ddf516","root.record.ItemExhibitList.P5Item"
"Flight Motor Case Kit","10","3.669","0.325","","0.325","0.325","","","","","","","","","","","","","2019-BASE_PROCUREMENT-2019-ARMY_MISSLE-U_PROCUREMENT_JustificationBook_Army_PB_2019.zzz_unzipped-U_PROCUREMENT_JustificationBook_Army_PB_2019.xml","6a299a402f458488c665f503f10a0d7afcba1a37a9fc1ac85a2aa65290b19344","5-abe6927af5ffdecb3bc0c7736dac0a998af9df0f8a5eb9bbc1dcd248ce4c68dd","1","","10","0-8e9de6960e74fbca4ace4352e3b99153a1ffcb3d84ee884596955db402ddf516","root.record.ItemExhibitList.P5Item"
"Control Surface Actuator","13","9.575","0.848","","0.848","0.848","","","","","","","","","","","","","2019-BASE_PROCUREMENT-2019-ARMY_MISSLE-U_PROCUREMENT_JustificationBook_Army_PB_2019.zzz_unzipped-U_PROCUREMENT_JustificationBook_Army_PB_2019.xml","6a299a402f458488c665f503f10a0d7afcba1a37a9fc1ac85a2aa65290b19344","6-e0af0957db6e33e8389870287da38773124c4d0645bf2468643ba1148c693502","1","","13","0-8e9de6960e74fbca4ace4352e3b99153a1ffcb3d84ee884596955db402ddf516","root.record.ItemExhibitList.P5Item"
"Beacon Shutter Actuator","11","5.772","0.503","","0.503","0.503","","","","","","","","","","","","","2019-BASE_PROCUREMENT-2019-ARMY_MISSLE-U_PROCUREMENT_JustificationBook_Army_PB_2019.zzz_unzipped-U_PROCUREMENT_JustificationBook_Army_PB_2019.xml","6a299a402f458488c665f503f10a0d7afcba1a37a9fc1ac85a2aa65290b19344","7-da3a1fe5fc18a830a6b56edbc6a425c50f093e01621bfdc482dd2e232b3fd253","1","","11","0-8e9de6960e74fbca4ace4352e3b99153a1ffcb3d84ee884596955db402ddf516","root.record.ItemExhibitList.P5Item"
"Hardware FY19","0","","","","","115","","","","","","","","","","","","","2019-BASE_PROCUREMENT-2019-DEFENSE_MDA_VOL2-U_PROCUREMENT_JustificationBook_Missile_Defense_Agency_PB_2019.zzz_unzipped-U_PROCUREMENT_JustificationBook_Missile_Defense_Agency_PB_2019.xml","e8c2f6fc9ef5dc29cd5ff73f15fa8d6329010b733912a8020f934ec1f5a4ed9d","0-3851202ad4e54719d63e10cbacd5258950deeb90bc6fb38b65e2fae01a7c8ba6","1","2019","","0-9bfc7cc6eb04dbd3b2e87b9a5bb635417b67cd9ad42da99e83be5f9df851bda6","root.record.ItemExhibitList.P5Item"
"Hardware FY18","0","","","","56","0","","","","","","","","","","","","","2019-BASE_PROCUREMENT-2019-DEFENSE_MDA_VOL2-U_PROCUREMENT_JustificationBook_Missile_Defense_Agency_PB_2019.zzz_unzipped-U_PROCUREMENT_JustificationBook_Missile_Defense_Agency_PB_2019.xml","e8c2f6fc9ef5dc29cd5ff73f15fa8d6329010b733912a8020f934ec1f5a4ed9d","1-1e7cb5d539607132c3885dad40f68067f672541eedc5d0ae5b4debd21fa5f040","1","2018","","0-9bfc7cc6eb04dbd3b2e87b9a5bb635417b67cd9ad42da99e83be5f9df851bda6","root.record.ItemExhibitList.P5Item"
"Hardware FY17","0","","47","","","0","","","","","","","","","","","","","2019-BASE_PROCUREMENT-2019-DEFENSE_MDA_VOL2-U_PROCUREMENT_JustificationBook_Missile_Defense_Agency_PB_2019.zzz_unzipped-U_PROCUREMENT_JustificationBook_Missile_Defense_Agency_PB_2019.xml","e8c2f6fc9ef5dc29cd5ff73f15fa8d6329010b733912a8020f934ec1f5a4ed9d","0-033e2f8a5289bca2c51ad8eb11cc0d1abd18f7f61b5657593eb9bc4a1f1f1dc1","1","2017","","1-02f19b8e444557cbbf0c7143f698ac3b3a8249fdb4ec2bfec6a66f4ff91f80d8","root.record.ItemExhibitList.P5Item"
"Hardware FY18","0","","","","32","0","","","","","","","","","","","","","2019-BASE_PROCUREMENT-2019-DEFENSE_MDA_VOL2-U_PROCUREMENT_JustificationBook_Missile_Defense_Agency_PB_2019.zzz_unzipped-U_PROCUREMENT_JustificationBook_Missile_Defense_Agency_PB_2019.xml","e8c2f6fc9ef5dc29cd5ff73f15fa8d6329010b733912a8020f934ec1f5a4ed9d","1-065c36f6a547e89064a53e8cbfd196a5e7255f210b23b0269b9ea209f6faa0ce","1","2018","","1-02f19b8e444557cbbf0c7143f698ac3b3a8249fdb4ec2bfec6a66f4ff91f80d8","root.record.ItemExhibitList.P5Item"
"Aegis Advacned Procurement FY19","0","","","","","115.206","","","","","","","","","","","","","2019-BASE_PROCUREMENT-2019-DEFENSE_MDA_VOL2-U_PROCUREMENT_JustificationBook_Missile_Defense_Agency_PB_2019.zzz_unzipped-U_PROCUREMENT_JustificationBook_Missile_Defense_Agency_PB_2019.xml","fff9c76ce4ea578c6ae82ddaaa12d9cf45c6b39fb4307897a1a44b6612fc09e7","0-68094ce440f023299e249b32f7e94a5d48254623ef8e4382a37b09fdc60395d5","1","2020","","0-52f74217a6391399a7adb205e8c1d65c2e8bceb164ff9465772f65d6ecebf143","root.record.ItemExhibitList.P5Item"
"Aegis Advanced Procurement for FY18","0","","","","38.738","0","","","","","","","","","","","","","2019-BASE_PROCUREMENT-2019-DEFENSE_MDA_VOL2-U_PROCUREMENT_JustificationBook_Missile_Defense_Agency_PB_2019.zzz_unzipped-U_PROCUREMENT_JustificationBook_Missile_Defense_Agency_PB_2019.xml","fff9c76ce4ea578c6ae82ddaaa12d9cf45c6b39fb4307897a1a44b6612fc09e7","1-faf0dc3515129c40fc3d7eff545f1e8b786557acc2ca3d745d55f9546b5aba1c","1","2019","","0-52f74217a6391399a7adb205e8c1d65c2e8bceb164ff9465772f65d6ecebf143","root.record.ItemExhibitList.P5Item"
"Hardware FY19","0","","","","","115","","","","","","","","","","","","","2019-BASE_PROCUREMENT-2019-DEFENSE_MDA_VOL2-U_PROCUREMENT_MasterJustificationBook_Missile_Defense_Agency_PB_2019.zzz_unzipped-U_PROCUREMENT_MasterJustificationBook_Missile_Defense_Agency_PB_2019.xml","5ed4e88d5b620bd69b58bd32f54ea48803b63588c9991f1b0a0dbbb5060dac82","0-02d4571d56da3f7e05a6c3fe483d46db7c3edeb5cd760d17abe64956ac25d148","1","2019","","0-fd8b3511468f7e74faa1a7ee884d79d1065ffba74071b2a639c2de907608d6ce","root.record.ItemExhibitList.P5Item"
"Hardware FY18","0","","","","56","0","","","","","","","","","","","","","2019-BASE_PROCUREMENT-2019-DEFENSE_MDA_VOL2-U_PROCUREMENT_MasterJustificationBook_Missile_Defense_Agency_PB_2019.zzz_unzipped-U_PROCUREMENT_MasterJustificationBook_Missile_Defense_Agency_PB_2019.xml","5ed4e88d5b620bd69b58bd32f54ea48803b63588c9991f1b0a0dbbb5060dac82","1-7ed72ab921567bb4e732272fc9d344ad25dd1fc6248daf69a069f3b4cbe2e5f9","1","2018","","0-fd8b3511468f7e74faa1a7ee884d79d1065ffba74071b2a639c2de907608d6ce","root.record.ItemExhibitList.P5Item"
"Hardware FY17","0","","47","","","0","","","","","","","","","","","","","2019-BASE_PROCUREMENT-2019-DEFENSE_MDA_VOL2-U_PROCUREMENT_MasterJustificationBook_Missile_Defense_Agency_PB_2019.zzz_unzipped-U_PROCUREMENT_MasterJustificationBook_Missile_Defense_Agency_PB_2019.xml","5ed4e88d5b620bd69b58bd32f54ea48803b63588c9991f1b0a0dbbb5060dac82","0-e4731a08f58f1d5ba083370749eca84293162c2fb5d21bcc460fab0521bf37da","1","2017","","1-b4a8aade1ae6dbcaf6b4ae3700830efa0e13446fbb6f3727b1fc3b5558fea7ae","root.record.ItemExhibitList.P5Item"
"Hardware FY18","0","","","","32","0","","","","","","","","","","","","","2019-BASE_PROCUREMENT-2019-DEFENSE_MDA_VOL2-U_PROCUREMENT_MasterJustificationBook_Missile_Defense_Agency_PB_2019.zzz_unzipped-U_PROCUREMENT_MasterJustificationBook_Missile_Defense_Agency_PB_2019.xml","5ed4e88d5b620bd69b58bd32f54ea48803b63588c9991f1b0a0dbbb5060dac82","1-f18540409e84b2d1cac920080fa9306d352a9a5a221088c5622aaa24af2a45f1","1","2018","","1-b4a8aade1ae6dbcaf6b4ae3700830efa0e13446fbb6f3727b1fc3b5558fea7ae","root.record.ItemExhibitList.P5Item"
"Aegis Advacned Procurement FY19","0","","","","","115.206","","","","","","","","","","","","","2019-BASE_PROCUREMENT-2019-DEFENSE_MDA_VOL2-U_PROCUREMENT_MasterJustificationBook_Missile_Defense_Agency_PB_2019.zzz_unzipped-U_PROCUREMENT_MasterJustificationBook_Missile_Defense_Agency_PB_2019.xml","be5f3109c7ed516301db7e6dae9a0c9107a2812ae233087835c8c41d2c46374e","0-e32dcc5135f8b5c374628ecc59b5a6c7ae063eec2786ae7a6fddf40eef1e5011","1","2020","","0-de1a425b049550fb094e1426271c28a33b18f10adc2f8e74e6dc9c2e866f8b0c","root.record.ItemExhibitList.P5Item"
"Aegis Advanced Procurement for FY18","0","","","","38.738","0","","","","","","","","","","","","","2019-BASE_PROCUREMENT-2019-DEFENSE_MDA_VOL2-U_PROCUREMENT_MasterJustificationBook_Missile_Defense_Agency_PB_2019.zzz_unzipped-U_PROCUREMENT_MasterJustificationBook_Missile_Defense_Agency_PB_2019.xml","be5f3109c7ed516301db7e6dae9a0c9107a2812ae233087835c8c41d2c46374e","1-7c1c755c3348f1b81e7b118612716ffaa3c10eb05a3f37ca939cbf08a03c602c","1","2019","","0-de1a425b049550fb094e1426271c28a33b18f10adc2f8e74e6dc9c2e866f8b0c","root.record.ItemExhibitList.P5Item"
"CFE","6","806.312","170.91","","115.203","190.87","","","","","","","","","","","","","2020-BASE_PROCUREMENT-2020-ARMY_AIRCRAFT-U_PROCUREMENT_JustificationBook_Army_PB_2020.zzz_unzipped-U_PROCUREMENT_JustificationBook_Army_PB_2020.xml","c040489464e206f26caa5d0e93260ceada074f3f451f6e3172c35389076843f1","0-c2e5f97358e06267ffc2f2a03cb0fad58bbb623adf9f846c8b3ffa00d390c578","26","","6","0-c746035fcdadcdc562f12387e73cbbf14b6122468f798fadcee5b05e4d570041","root.record.ItemExhibitList.P5Item"
"GFE","6","420.874","","","59.347","","","","","","","","","","","","","","2020-BASE_PROCUREMENT-2020-ARMY_AIRCRAFT-U_PROCUREMENT_JustificationBook_Army_PB_2020.zzz_unzipped-U_PROCUREMENT_JustificationBook_Army_PB_2020.xml","c040489464e206f26caa5d0e93260ceada074f3f451f6e3172c35389076843f1","1-aa476d9dc64f4486262c157912dd730308a2758a3b2eaea9ee09cd8201b6bab2","26","","6","0-c746035fcdadcdc562f12387e73cbbf14b6122468f798fadcee5b05e4d570041","root.record.ItemExhibitList.P5Item"
"AH-64E Apache New Build","12","156.307","71.9","","58.6","","","","","","","","","","","","","","2020-BASE_PROCUREMENT-2020-ARMY_AIRCRAFT-U_PROCUREMENT_JustificationBook_Army_PB_2020.zzz_unzipped-U_PROCUREMENT_JustificationBook_Army_PB_2020.xml","00815e3446594b9b3e0250f408b957b70052f60aeef8c5e12a96dfcddf087211","0-3fafece8b1f968a6eae65988ca398f875e4159cc2fb52aaaa18136c169d8c6ea","","","12","0-8db159ae1954f90780a793f9bb1fde963cb85aaf81df072ddc306dd4877fb9d1","root.record.ItemExhibitList.P5Item"
"Prior Year","","2531.426","","","","","","","","","","","","","","","","","2020-BASE_PROCUREMENT-2020-ARMY_AIRCRAFT-U_PROCUREMENT_JustificationBook_Army_PB_2020.zzz_unzipped-U_PROCUREMENT_JustificationBook_Army_PB_2020.xml","051678080cc2d6569f7f1399159968badd9914d956128802ed8e1f1a8a9c2f33","0-ce49c1ff474609ad70992e04920825715b5eefc32db790fcbca0b7a84809df8f","","","0","0-6dfc8d1ee4ac0713e31d1cae6b5c5b1efea1d2a75609a696632dd80b4cd659c5","root.record.ItemExhibitList.P5Item"
"CFE Airframe","6","777.942","28.576","","35.5","25.893","","","","","","","","","","","","","2020-BASE_PROCUREMENT-2020-ARMY_AIRCRAFT-U_PROCUREMENT_JustificationBook_Army_PB_2020.zzz_unzipped-U_PROCUREMENT_JustificationBook_Army_PB_2020.xml","051678080cc2d6569f7f1399159968badd9914d956128802ed8e1f1a8a9c2f33","1-ae24294f1bbc62070822aaf5258048073cbb1ba7919b7e821e5b70345c6c4a86","1","","18","0-6dfc8d1ee4ac0713e31d1cae6b5c5b1efea1d2a75609a696632dd80b4cd659c5","root.record.ItemExhibitList.P5Item"
"Auxiliary Power Unit","3","37.856","2.941","","3.6","2.735","","","","","","","","","","","","","2020-BASE_PROCUREMENT-2020-ARMY_AIRCRAFT-U_PROCUREMENT_JustificationBook_Army_PB_2020.zzz_unzipped-U_PROCUREMENT_JustificationBook_Army_PB_2020.xml","051678080cc2d6569f7f1399159968badd9914d956128802ed8e1f1a8a9c2f33","2-9fcf55e0fe3e85e4e99ba77c8da4e976ac1e77ab2722997e62ee1a4146d6d311","1","","6","0-6dfc8d1ee4ac0713e31d1cae6b5c5b1efea1d2a75609a696632dd80b4cd659c5","root.record.ItemExhibitList.P5Item"
"Engines","3","586.77","45.269","","55.41","42.1","","","","","","","","","","","","","2020-BASE_PROCUREMENT-2020-ARMY_AIRCRAFT-U_PROCUREMENT_JustificationBook_Army_PB_2020.zzz_unzipped-U_PROCUREMENT_JustificationBook_Army_PB_2020.xml","051678080cc2d6569f7f1399159968badd9914d956128802ed8e1f1a8a9c2f33","3-cc8ec7ef1fe4f58c797cb2065685aa565e28b0bffc3c1de2c071693c6d11399c","2","","14","0-6dfc8d1ee4ac0713e31d1cae6b5c5b1efea1d2a75609a696632dd80b4cd659c5","root.record.ItemExhibitList.P5Item"
"EGI","3","91.324","7.301","","8.937","6.79","","","","","","","","","","","","","2020-BASE_PROCUREMENT-2020-ARMY_AIRCRAFT-U_PROCUREMENT_JustificationBook_Army_PB_2020.zzz_unzipped-U_PROCUREMENT_JustificationBook_Army_PB_2020.xml","051678080cc2d6569f7f1399159968badd9914d956128802ed8e1f1a8a9c2f33","4-c41eefe67ecd93f9bd45e2fadbdb680459854006984e680928e0a36119334769","2","","12","0-6dfc8d1ee4ac0713e31d1cae6b5c5b1efea1d2a75609a696632dd80b4cd659c5","root.record.ItemExhibitList.P5Item"
"Heads Up Display AVS-7","3","29.284","2.208","","2.703","2.054","","","","","","","","","","","","","2020-BASE_PROCUREMENT-2020-ARMY_AIRCRAFT-U_PROCUREMENT_JustificationBook_Army_PB_2020.zzz_unzipped-U_PROCUREMENT_JustificationBook_Army_PB_2020.xml","051678080cc2d6569f7f1399159968badd9914d956128802ed8e1f1a8a9c2f33","5-a7a65543eec2fc743953fcde7eb72780daaf434fe9a437ca5052fa81bdcc32e3","1","","9","0-6dfc8d1ee4ac0713e31d1cae6b5c5b1efea1d2a75609a696632dd80b4cd659c5","root.record.ItemExhibitList.P5Item"
"Hover Infrared Suppressor","1","28.959","","","","","","","","","","","","","","","","","2020-BASE_PROCUREMENT-2020-ARMY_AIRCRAFT-U_PROCUREMENT_JustificationBook_Army_PB_2020.zzz_unzipped-U_PROCUREMENT_JustificationBook_Army_PB_2020.xml","051678080cc2d6569f7f1399159968badd9914d956128802ed8e1f1a8a9c2f33","6-651c078f2db0dc58f2793fdf270a5da6e65d0b5c266f7c341d2ba9e4deff8b90","","","1","0-6dfc8d1ee4ac0713e31d1cae6b5c5b1efea1d2a75609a696632dd80b4cd659c5","root.record.ItemExhibitList.P5Item"
"Miscellaneous","1","15.651","","","","","","","","","","","","","","","","","2020-BASE_PROCUREMENT-2020-ARMY_AIRCRAFT-U_PROCUREMENT_JustificationBook_Army_PB_2020.zzz_unzipped-U_PROCUREMENT_JustificationBook_Army_PB_2020.xml","051678080cc2d6569f7f1399159968badd9914d956128802ed8e1f1a8a9c2f33","7-a243c6806c7655e0c5d3d3dff059759f3596737a546c5ae708b9ff8327085320","","","1","0-6dfc8d1ee4ac0713e31d1cae6b5c5b1efea1d2a75609a696632dd80b4cd659c5","root.record.ItemExhibitList.P5Item"
"MML Adv Proc Materials (Rescinded by NDAA FY2018)","","19.319","","","","","","","","","","","","","","","","","2020-BASE_PROCUREMENT-2020-ARMY_MISSLE-U_PROCUREMENT_JustificationBook_Army_PB_2020.zzz_unzipped-U_PROCUREMENT_JustificationBook_Army_PB_2020.xml","50a5217e1270d0048e174d6aba1ea43048f8902784301504ef4ca043ba1d93b3","0-a306b1ce6d9e8a6fa0e1292d7b7bc0c0a7716aec5d3984cda7a79b5bbcbfa268","","","0","1-2eab5882c008b6fcd82920778fb8e2c43b3b32303254db397f6a55dacffbdaec","root.record.ItemExhibitList.P5Item"
"ATR - Realign to Base for Iron Dome Procurement","","","","","31.286","","","","","","","","","","","","","","2020-BASE_PROCUREMENT-2020-ARMY_MISSLE-U_PROCUREMENT_JustificationBook_Army_PB_2020.zzz_unzipped-U_PROCUREMENT_JustificationBook_Army_PB_2020.xml","50a5217e1270d0048e174d6aba1ea43048f8902784301504ef4ca043ba1d93b3","1-4e2fc46ae2e6f5f5bed9bd9873c23f98e40fd85825a52822734b32a6d3237c7f","","","0","1-2eab5882c008b6fcd82920778fb8e2c43b3b32303254db397f6a55dacffbdaec","root.record.ItemExhibitList.P5Item"
"Warhead","14","79.035","15.581","","7.942","6.923","","","","","","","","","","","","","2020-BASE_PROCUREMENT-2020-ARMY_MISSLE-U_PROCUREMENT_JustificationBook_Army_PB_2020.zzz_unzipped-U_PROCUREMENT_JustificationBook_Army_PB_2020.xml","b6254689026733353150c6125748d60a95454d2a176dbcd63db3282dac87fbea","0-795b608a0525b054e423403a2422d0467e26800184b06f1699f6514bb955f485","1","","14","0-3daee8f1d9a47d3a197a35293323739f18d376dd95157ad0bee04c5f7e945389","root.record.ItemExhibitList.P5Item"
"Launch Motor","14","10.298","1.101","","0.838","0.73","","","","","","","","","","","","","2020-BASE_PROCUREMENT-2020-ARMY_MISSLE-U_PROCUREMENT_JustificationBook_Army_PB_2020.zzz_unzipped-U_PROCUREMENT_JustificationBook_Army_PB_2020.xml","b6254689026733353150c6125748d60a95454d2a176dbcd63db3282dac87fbea","1-7bc569906929d42cd7b1dffe3244723b23c31dded7b1ebb0579ac23419e6c3be","1","","14","0-3daee8f1d9a47d3a197a35293323739f18d376dd95157ad0bee04c5f7e945389","root.record.ItemExhibitList.P5Item"
"Flight Motor","12","3.141","0.158","","0.158","0.138","","","","","","","","","","","","","2020-BASE_PROCUREMENT-2020-ARMY_MISSLE-U_PROCUREMENT_JustificationBook_Army_PB_2020.zzz_unzipped-U_PROCUREMENT_JustificationBook_Army_PB_2020.xml","b6254689026733353150c6125748d60a95454d2a176dbcd63db3282dac87fbea","2-2673e6176140edd70e8af5225b4ae895846acf3449afc4341b09219a780ea3f6","1","","12","0-3daee8f1d9a47d3a197a35293323739f18d376dd95157ad0bee04c5f7e945389","root.record.ItemExhibitList.P5Item"
"2B Sensor","18","57.143","","","7.902","","","","","","","","","","","","","","2020-BASE_PROCUREMENT-2020-ARMY_MISSLE-U_PROCUREMENT_JustificationBook_Army_PB_2020.zzz_unzipped-U_PROCUREMENT_JustificationBook_Army_PB_2020.xml","b6254689026733353150c6125748d60a95454d2a176dbcd63db3282dac87fbea","3-dfcf16d00a77178ceeb4c99b9d05e5833ac702767a39f7365e0c2bffda336b31","1","","18","0-3daee8f1d9a47d3a197a35293323739f18d376dd95157ad0bee04c5f7e945389","root.record.ItemExhibitList.P5Item"
"Gyro","13","17.614","1.433","","1.433","1.249","","","","","","","","","","","","","2020-BASE_PROCUREMENT-2020-ARMY_MISSLE-U_PROCUREMENT_JustificationBook_Army_PB_2020.zzz_unzipped-U_PROCUREMENT_JustificationBook_Army_PB_2020.xml","b6254689026733353150c6125748d60a95454d2a176dbcd63db3282dac87fbea","4-701c3f8f17e99130471e38127c3037a404270d2d3c5014adf7304d2c6d7492ea","1","","13","0-3daee8f1d9a47d3a197a35293323739f18d376dd95157ad0bee04c5f7e945389","root.record.ItemExhibitList.P5Item"
"Flight Motor Case Kit","10","3.994","0.325","","0.325","0.283","","","","","","","","","","","","","2020-BASE_PROCUREMENT-2020-ARMY_MISSLE-U_PROCUREMENT_JustificationBook_Army_PB_2020.zzz_unzipped-U_PROCUREMENT_JustificationBook_Army_PB_2020.xml","b6254689026733353150c6125748d60a95454d2a176dbcd63db3282dac87fbea","5-21df5fc5d0dbba2e28be5979f4b77a75ca4b0e880ea1c9a388de3f4e295a9262","1","","10","0-3daee8f1d9a47d3a197a35293323739f18d376dd95157ad0bee04c5f7e945389","root.record.ItemExhibitList.P5Item"
"Control Surface Actuator","14","10.423","0.848","","0.848","0.739","","","","","","","","","","","","","2020-BASE_PROCUREMENT-2020-ARMY_MISSLE-U_PROCUREMENT_JustificationBook_Army_PB_2020.zzz_unzipped-U_PROCUREMENT_JustificationBook_Army_PB_2020.xml","b6254689026733353150c6125748d60a95454d2a176dbcd63db3282dac87fbea","6-6c9a127bbafcfa6725b24e74afb94cfced6c85564fe84d7d5b246ffefffff9d4","1","","14","0-3daee8f1d9a47d3a197a35293323739f18d376dd95157ad0bee04c5f7e945389","root.record.ItemExhibitList.P5Item"
"Beacon Shutter Actuator","11","6.275","0.503","","0.503","0.438","","","","","","","","","","","","","2020-BASE_PROCUREMENT-2020-ARMY_MISSLE-U_PROCUREMENT_JustificationBook_Army_PB_2020.zzz_unzipped-U_PROCUREMENT_JustificationBook_Army_PB_2020.xml","b6254689026733353150c6125748d60a95454d2a176dbcd63db3282dac87fbea","7-639e74b6519e6751be5e3a5877e2154d1e63a438fed451ed8cae1b1636aeabfd","1","","11","0-3daee8f1d9a47d3a197a35293323739f18d376dd95157ad0bee04c5f7e945389","root.record.ItemExhibitList.P5Item"
"Ground Based Interceptor - FY2021","0","","","","","0","","","","","","","","","","","","","2020-BASE_PROCUREMENT-2020-DEFENSE_MDA_VOL2-U_PROCUREMENT_JustificationBook_Missile_Defense_Agency_PB_2020.zzz_unzipped-U_PROCUREMENT_JustificationBook_Missile_Defense_Agency_PB_2020.xml","233f543f1a33d42b097e3c2d0a2ffcb76f68710de533ba3cb45acff51605c38e","0-fad1cc8cbb01d578dc48170ac0c81cb6635c773d802898649d1975f376820fc9","1","2022","","0-094d654f34e4c042920dab1d68e293c9418875f997f2b69655b1685491f56fc2","root.record.ItemExhibitList.P5Item"
"Ground Based Interceptor - FY2022","0","","","","","0","","","","","","","","","","","","","2020-BASE_PROCUREMENT-2020-DEFENSE_MDA_VOL2-U_PROCUREMENT_JustificationBook_Missile_Defense_Agency_PB_2020.zzz_unzipped-U_PROCUREMENT_JustificationBook_Missile_Defense_Agency_PB_2020.xml","233f543f1a33d42b097e3c2d0a2ffcb76f68710de533ba3cb45acff51605c38e","1-4726a3d14c99801078e2e72928f2be66f11a1f5bb56b41ab2a6d7301a07edcf0","1","2023","","0-094d654f34e4c042920dab1d68e293c9418875f997f2b69655b1685491f56fc2","root.record.ItemExhibitList.P5Item"
"RKV Manufacturing - FY2023","0","","","","","0","","","","","","","","","","","","","2020-BASE_PROCUREMENT-2020-DEFENSE_MDA_VOL2-U_PROCUREMENT_JustificationBook_Missile_Defense_Agency_PB_2020.zzz_unzipped-U_PROCUREMENT_JustificationBook_Missile_Defense_Agency_PB_2020.xml","233f543f1a33d42b097e3c2d0a2ffcb76f68710de533ba3cb45acff51605c38e","2-a4b04f4dba39415dd54290713584a64c8a2dcaa8916b214b0dbf92db3ae82d88","1","2024","","0-094d654f34e4c042920dab1d68e293c9418875f997f2b69655b1685491f56fc2","root.record.ItemExhibitList.P5Item"
"RKV Manufacturing - FY2024","0","","","","","0","","","","","","","","","","","","","2020-BASE_PROCUREMENT-2020-DEFENSE_MDA_VOL2-U_PROCUREMENT_JustificationBook_Missile_Defense_Agency_PB_2020.zzz_unzipped-U_PROCUREMENT_JustificationBook_Missile_Defense_Agency_PB_2020.xml","233f543f1a33d42b097e3c2d0a2ffcb76f68710de533ba3cb45acff51605c38e","3-63640a95d1ea46a84b9af0840f0141de8dc1c9497306641971dce92345ce7071","1","2024","","0-094d654f34e4c042920dab1d68e293c9418875f997f2b69655b1685491f56fc2","root.record.ItemExhibitList.P5Item"
"Hardware FY18","0","","56","","","0","","","","","","","","","","","","","2020-BASE_PROCUREMENT-2020-DEFENSE_MDA_VOL2-U_PROCUREMENT_JustificationBook_Missile_Defense_Agency_PB_2020.zzz_unzipped-U_PROCUREMENT_JustificationBook_Missile_Defense_Agency_PB_2020.xml","233f543f1a33d42b097e3c2d0a2ffcb76f68710de533ba3cb45acff51605c38e","0-02f130d288425cbde609ece639d964a1824b98187246e55dc09024059a6b41a3","1","","","1-f1d325787c03ecf41046785b7ab4f3d022ad75cc48ce8268a20c5d0442c4cf25","root.record.ItemExhibitList.P5Item"
"Hardware FY19","0","","","","115","0","","","","","","","","","","","","","2020-BASE_PROCUREMENT-2020-DEFENSE_MDA_VOL2-U_PROCUREMENT_JustificationBook_Missile_Defense_Agency_PB_2020.zzz_unzipped-U_PROCUREMENT_JustificationBook_Missile_Defense_Agency_PB_2020.xml","233f543f1a33d42b097e3c2d0a2ffcb76f68710de533ba3cb45acff51605c38e","1-3b377fdebfcf28bc35b6a62f85fb05b594cb0c846bc64ed35ee88656aa380e4b","1","","","1-f1d325787c03ecf41046785b7ab4f3d022ad75cc48ce8268a20c5d0442c4cf25","root.record.ItemExhibitList.P5Item"
"Hardware FY17","0","47","","","","0","","","","","","","","","","","","","2020-BASE_PROCUREMENT-2020-DEFENSE_MDA_VOL2-U_PROCUREMENT_JustificationBook_Missile_Defense_Agency_PB_2020.zzz_unzipped-U_PROCUREMENT_JustificationBook_Missile_Defense_Agency_PB_2020.xml","233f543f1a33d42b097e3c2d0a2ffcb76f68710de533ba3cb45acff51605c38e","0-09d06e68bf417272ecaf8b523a1d6649b951973c41cc173c17ccfe3b0c05fbc6","1","","","2-c341961a58539ed7fc5f53c6349db6a19e5efa20ec1163eff814c7595a793927","root.record.ItemExhibitList.P5Item"
"Hardware FY18","0","","32","","","0","","","","","","","","","","","","","2020-BASE_PROCUREMENT-2020-DEFENSE_MDA_VOL2-U_PROCUREMENT_JustificationBook_Missile_Defense_Agency_PB_2020.zzz_unzipped-U_PROCUREMENT_JustificationBook_Missile_Defense_Agency_PB_2020.xml","233f543f1a33d42b097e3c2d0a2ffcb76f68710de533ba3cb45acff51605c38e","1-2c44099f002063583e903e530ecc0227b35bd8dbec2346e560871e65f79cbe96","1","","","2-c341961a58539ed7fc5f53c6349db6a19e5efa20ec1163eff814c7595a793927","root.record.ItemExhibitList.P5Item"
"Ground Based Interceptor - FY2021","0","","","","","0","","","","","","","","","","","","","2020-BASE_PROCUREMENT-2020-DEFENSE_MDA_VOL2-U_PROCUREMENT_MasterJustificationBook_Missile_Defense_Agency_PB_2020.zzz_unzipped-U_PROCUREMENT_MasterJustificationBook_Missile_Defense_Agency_PB_2020.xml","e6dc92b42aaff1e4921ba7ffeb4a87b47f2c5bf2c5d3dd5c48377598ef9ee5b3","0-5a076ce11eb9c86f2627db7e228ea388d1b9850561bfc7250e50fd8b4566f390","1","2022","","0-408ae02048837cfcc6ba18015630eca62b54e84a81968b72af11d7d3b71b3195","root.record.ItemExhibitList.P5Item"
"Ground Based Interceptor - FY2022","0","","","","","0","","","","","","","","","","","","","2020-BASE_PROCUREMENT-2020-DEFENSE_MDA_VOL2-U_PROCUREMENT_MasterJustificationBook_Missile_Defense_Agency_PB_2020.zzz_unzipped-U_PROCUREMENT_MasterJustificationBook_Missile_Defense_Agency_PB_2020.xml","e6dc92b42aaff1e4921ba7ffeb4a87b47f2c5bf2c5d3dd5c48377598ef9ee5b3","1-c604ed7fc3be20968497a7e6351f22621f2ccba2b8be4c52c7046f95a2bd30b4","1","2023","","0-408ae02048837cfcc6ba18015630eca62b54e84a81968b72af11d7d3b71b3195","root.record.ItemExhibitList.P5Item"
"RKV Manufacturing - FY2023","0","","","","","0","","","","","","","","","","","","","2020-BASE_PROCUREMENT-2020-DEFENSE_MDA_VOL2-U_PROCUREMENT_MasterJustificationBook_Missile_Defense_Agency_PB_2020.zzz_unzipped-U_PROCUREMENT_MasterJustificationBook_Missile_Defense_Agency_PB_2020.xml","e6dc92b42aaff1e4921ba7ffeb4a87b47f2c5bf2c5d3dd5c48377598ef9ee5b3","2-9f50402f69fa3b32f90720398f810f14b9f99a3639af83d73cde1b4cbd033c79","1","2024","","0-408ae02048837cfcc6ba18015630eca62b54e84a81968b72af11d7d3b71b3195","root.record.ItemExhibitList.P5Item"
"RKV Manufacturing - FY2024","0","","","","","0","","","","","","","","","","","","","2020-BASE_PROCUREMENT-2020-DEFENSE_MDA_VOL2-U_PROCUREMENT_MasterJustificationBook_Missile_Defense_Agency_PB_2020.zzz_unzipped-U_PROCUREMENT_MasterJustificationBook_Missile_Defense_Agency_PB_2020.xml","e6dc92b42aaff1e4921ba7ffeb4a87b47f2c5bf2c5d3dd5c48377598ef9ee5b3","3-597b754ef430cdeccf4e99b96e40d2a36141d0d6fc02853b52c057eb3d7f7b7b","1","2024","","0-408ae02048837cfcc6ba18015630eca62b54e84a81968b72af11d7d3b71b3195","root.record.ItemExhibitList.P5Item"
"Hardware FY18","0","","56","","","0","","","","","","","","","","","","","2020-BASE_PROCUREMENT-2020-DEFENSE_MDA_VOL2-U_PROCUREMENT_MasterJustificationBook_Missile_Defense_Agency_PB_2020.zzz_unzipped-U_PROCUREMENT_MasterJustificationBook_Missile_Defense_Agency_PB_2020.xml","e6dc92b42aaff1e4921ba7ffeb4a87b47f2c5bf2c5d3dd5c48377598ef9ee5b3","0-1a388b6f35589fff88d6a7966936309f5dcaafc81eeca006ea6c3c008ec027ec","1","","","1-c6b73d20af071f93b915c4c7090387a4d5d89bbf78876e7da8c36500b72efa6b","root.record.ItemExhibitList.P5Item"
"Hardware FY19","0","","","","115","0","","","","","","","","","","","","","2020-BASE_PROCUREMENT-2020-DEFENSE_MDA_VOL2-U_PROCUREMENT_MasterJustificationBook_Missile_Defense_Agency_PB_2020.zzz_unzipped-U_PROCUREMENT_MasterJustificationBook_Missile_Defense_Agency_PB_2020.xml","e6dc92b42aaff1e4921ba7ffeb4a87b47f2c5bf2c5d3dd5c48377598ef9ee5b3","1-3822318f6ab8512ccbf2af6361d6e9dd454bdf78c11a6f40bea959a7e931df96","1","","","1-c6b73d20af071f93b915c4c7090387a4d5d89bbf78876e7da8c36500b72efa6b","root.record.ItemExhibitList.P5Item"
"Hardware FY17","0","47","","","","0","","","","","","","","","","","","","2020-BASE_PROCUREMENT-2020-DEFENSE_MDA_VOL2-U_PROCUREMENT_MasterJustificationBook_Missile_Defense_Agency_PB_2020.zzz_unzipped-U_PROCUREMENT_MasterJustificationBook_Missile_Defense_Agency_PB_2020.xml","e6dc92b42aaff1e4921ba7ffeb4a87b47f2c5bf2c5d3dd5c48377598ef9ee5b3","0-98b427abec1387a2a883522b354a3b177c90beb38e221592a009a30251807dd3","1","","","2-5b9595870aba0b88cbf165edd9bf019549ccbf5aec15f128aae58779f22feb89","root.record.ItemExhibitList.P5Item"
"Hardware FY18","0","","32","","","0","","","","","","","","","","","","","2020-BASE_PROCUREMENT-2020-DEFENSE_MDA_VOL2-U_PROCUREMENT_MasterJustificationBook_Missile_Defense_Agency_PB_2020.zzz_unzipped-U_PROCUREMENT_MasterJustificationBook_Missile_Defense_Agency_PB_2020.xml","e6dc92b42aaff1e4921ba7ffeb4a87b47f2c5bf2c5d3dd5c48377598ef9ee5b3","1-15807a9f5efbb3b51b499f7fbe3c48991b61928f9b6063842706c998b506fe59","1","","","2-5b9595870aba0b88cbf165edd9bf019549ccbf5aec15f128aae58779f22feb89","root.record.ItemExhibitList.P5Item"
