Month_val,Amount_val,@SOURCE_FILENAME,@RECORDID,@ROWID,@PARENTROWID,@PARENT
"2013-07","1","2015-BASE_PROCUREMENT-2015-AIRFORCE_MISSILE-PROCUREMENT_JustificationBook_Air_Force_PB_2015.zzz_unzipped-PROCUREMENT_JustificationBook_Air_Force_PB_2015.xml","30ae9454909107400700f960cfb61afeb2def8bd5984c0c431f47480a6073949","0-0db287a02b0d4824b325f603f6728784d467e5d5dd39b241d785aed0a97633f2","0-3ac306658d73eb1ba4260248474754560dc602244aab6a51e90a8ac021332669","root.record.ItemExhibitList.P5Item.CostElementCategoryList.SpaceVehicle.Recurring.CostElementList.CostElement.ManufacturerList.Manufacturer.HistoryPlanningList.HistoryPlanning"
"2017-02","1","2015-BASE_PROCUREMENT-2015-AIRFORCE_MISSILE-PROCUREMENT_JustificationBook_Air_Force_PB_2015.zzz_unzipped-PROCUREMENT_JustificationBook_Air_Force_PB_2015.xml","30ae9454909107400700f960cfb61afeb2def8bd5984c0c431f47480a6073949","0-1e2faf85bed4761457f87fdace20b2c252fd8b48d12196d05087bba280b605ae","0-b274438bf13fec96216372cde1d7b24fd5e3887f34e8102b96697c243feaa639","root.record.ItemExhibitList.P5Item.CostElementCategoryList.SpaceVehicle.Recurring.CostElementList.CostElement.ManufacturerList.Manufacturer.HistoryPlanningList.HistoryPlanning"
"2018-06","1","2015-BASE_PROCUREMENT-2015-AIRFORCE_MISSILE-PROCUREMENT_JustificationBook_Air_Force_PB_2015.zzz_unzipped-PROCUREMENT_JustificationBook_Air_Force_PB_2015.xml","30ae9454909107400700f960cfb61afeb2def8bd5984c0c431f47480a6073949","0-3ff87d65af2d5a0a978e7ecd95ef50a9b051192dbf8bc0c71ef04d6525d1c749","0-9f296e485c34375d92b0cdff9fdfe0ceb304eca4def0d6f70de7c9fc98a99e8e","root.record.ItemExhibitList.P5Item.CostElementCategoryList.SpaceVehicle.Recurring.CostElementList.CostElement.ManufacturerList.Manufacturer.HistoryPlanningList.HistoryPlanning"
"2019-02","1","2015-BASE_PROCUREMENT-2015-AIRFORCE_MISSILE-PROCUREMENT_JustificationBook_Air_Force_PB_2015.zzz_unzipped-PROCUREMENT_JustificationBook_Air_Force_PB_2015.xml","30ae9454909107400700f960cfb61afeb2def8bd5984c0c431f47480a6073949","1-f3ed09f8b02c7255979bc181e37b20239dc7c024c284eadc404b1959260a0d1b","0-9f296e485c34375d92b0cdff9fdfe0ceb304eca4def0d6f70de7c9fc98a99e8e","root.record.ItemExhibitList.P5Item.CostElementCategoryList.SpaceVehicle.Recurring.CostElementList.CostElement.ManufacturerList.Manufacturer.HistoryPlanningList.HistoryPlanning"
"2015-08","1","2015-BASE_PROCUREMENT-2015-AIRFORCE_MISSILE-PROCUREMENT_JustificationBook_Air_Force_PB_2015.zzz_unzipped-PROCUREMENT_JustificationBook_Air_Force_PB_2015.xml","c37a869e60e61d42aaab36c12b1fe75fa0c74344e8465cb0a899ea5cb0ad8c58","0-60655c73e7ad1c365d1a8379fa5eb542c61571aa923cc7924f4d2d91166d922c","0-798c1bf0bfe5a858d31386b067cd2f977fe16897dc20d066548d6dee88b63644","root.record.ItemExhibitList.P5Item.CostElementCategoryList.SpaceVehicle.Recurring.CostElementList.CostElement.ManufacturerList.Manufacturer.HistoryPlanningList.HistoryPlanning"
"2016-11","1","2015-BASE_PROCUREMENT-2015-AIRFORCE_MISSILE-PROCUREMENT_JustificationBook_Air_Force_PB_2015.zzz_unzipped-PROCUREMENT_JustificationBook_Air_Force_PB_2015.xml","c37a869e60e61d42aaab36c12b1fe75fa0c74344e8465cb0a899ea5cb0ad8c58","0-2828bc0b40645e0bc5f8559a7d25d67788c0a25b3af66c061dae74b724b1267d","0-70d43fefd4f7ee2717e9df6a8ede8de50e8ddf1ad538384335134d83fd52b6c9","root.record.ItemExhibitList.P5Item.CostElementCategoryList.SpaceVehicle.Recurring.CostElementList.CostElement.ManufacturerList.Manufacturer.HistoryPlanningList.HistoryPlanning"
"2017-12","1","2015-BASE_PROCUREMENT-2015-AIRFORCE_MISSILE-PROCUREMENT_JustificationBook_Air_Force_PB_2015.zzz_unzipped-PROCUREMENT_JustificationBook_Air_Force_PB_2015.xml","c37a869e60e61d42aaab36c12b1fe75fa0c74344e8465cb0a899ea5cb0ad8c58","0-75dc0fb095271e59ce177ffb2315d4c1d4948e5861be94b4b5dd4f3b0b15994d","0-2af7de7fa69f4df048464a19b07a7b5bce3ad2409b04b2de5c02b20ab7cbd3cd","root.record.ItemExhibitList.P5Item.CostElementCategoryList.SpaceVehicle.Recurring.CostElementList.CostElement.ManufacturerList.Manufacturer.HistoryPlanningList.HistoryPlanning"
"2018-05","1","2015-BASE_PROCUREMENT-2015-AIRFORCE_MISSILE-PROCUREMENT_JustificationBook_Air_Force_PB_2015.zzz_unzipped-PROCUREMENT_JustificationBook_Air_Force_PB_2015.xml","27d3e87bb2fc7e3e342a740b15883c038cc1395873b8ef70810bbcfee7a54946","0-d0101699d716a0d36ce4d4002d01f6bf9fe3eda6de4263f7bf4c08bd45885c71","0-f825b6779ea71160e7ead5f20a7320ccb038fdeecf0d220769fdfe0238ca2238","root.record.ItemExhibitList.P5Item.CostElementCategoryList.SpaceVehicle.Recurring.CostElementList.CostElement.ManufacturerList.Manufacturer.HistoryPlanningList.HistoryPlanning"
"2019-01","1","2015-BASE_PROCUREMENT-2015-AIRFORCE_MISSILE-PROCUREMENT_JustificationBook_Air_Force_PB_2015.zzz_unzipped-PROCUREMENT_JustificationBook_Air_Force_PB_2015.xml","27d3e87bb2fc7e3e342a740b15883c038cc1395873b8ef70810bbcfee7a54946","1-80ac98db7a626cc96784a55120585ac5e996c2e8169613b427e3a9994878cd4e","0-f825b6779ea71160e7ead5f20a7320ccb038fdeecf0d220769fdfe0238ca2238","root.record.ItemExhibitList.P5Item.CostElementCategoryList.SpaceVehicle.Recurring.CostElementList.CostElement.ManufacturerList.Manufacturer.HistoryPlanningList.HistoryPlanning"
"2019-05","1","2015-BASE_PROCUREMENT-2015-AIRFORCE_MISSILE-PROCUREMENT_JustificationBook_Air_Force_PB_2015.zzz_unzipped-PROCUREMENT_JustificationBook_Air_Force_PB_2015.xml","27d3e87bb2fc7e3e342a740b15883c038cc1395873b8ef70810bbcfee7a54946","0-03f03d01250c3b79101ef6c4d9550d5a00024aad2ca949d78852d59be5ba5ead","1-c56290fea0f35d8b31e4eab236401b4ea6cf936d9ffacdb4747c53cbe69221c4","root.record.ItemExhibitList.P5Item.CostElementCategoryList.SpaceVehicle.Recurring.CostElementList.CostElement.ManufacturerList.Manufacturer.HistoryPlanningList.HistoryPlanning"
"2020-05","1","2015-BASE_PROCUREMENT-2015-AIRFORCE_MISSILE-PROCUREMENT_JustificationBook_Air_Force_PB_2015.zzz_unzipped-PROCUREMENT_JustificationBook_Air_Force_PB_2015.xml","27d3e87bb2fc7e3e342a740b15883c038cc1395873b8ef70810bbcfee7a54946","0-f2cdbc6d76e1ee01782e52d755393abf8c9679755c7bb8a22ce6507b078332b6","0-ae4c23ec8ff9157bc15e89291b6f72f90b7bfd919dc858383ad340ca6a2c4cee","root.record.ItemExhibitList.P5Item.CostElementCategoryList.SpaceVehicle.Recurring.CostElementList.CostElement.ManufacturerList.Manufacturer.HistoryPlanningList.HistoryPlanning"
"2013-12","1","2015-BASE_PROCUREMENT-2015-AIRFORCE_MISSILE-PROCUREMENT_JustificationBook_Air_Force_PB_2015.zzz_unzipped-PROCUREMENT_JustificationBook_Air_Force_PB_2015.xml","c137eb1a7e6e50358d93d65f4bc4fdc4e43117fdbd1b33aac5f7816c3b4741c9","0-0071d645fbc632554259a615be57f4949bd9373941b5e13a16465994198e7d4c","0-c17ab814947c2324daaa7718fc7890b7b7adc02f847d3783e6dc18eb2b01fa48","root.record.ItemExhibitList.P5Item.CostElementCategoryList.SpaceVehicle.Recurring.CostElementList.CostElement.ManufacturerList.Manufacturer.HistoryPlanningList.HistoryPlanning"
"2013-11","1","2015-BASE_PROCUREMENT-2015-AIRFORCE_MISSILE-PROCUREMENT_JustificationBook_Air_Force_PB_2015.zzz_unzipped-PROCUREMENT_JustificationBook_Air_Force_PB_2015.xml","c137eb1a7e6e50358d93d65f4bc4fdc4e43117fdbd1b33aac5f7816c3b4741c9","0-5c2b77e15dd865f47bab6d2ce6ae11b865418aad2c6485cceca4115ae7b886af","1-b27f2caa39adb28c76a4938ccb99a138064963e96438c09f5e61211b0f69bac8","root.record.ItemExhibitList.P5Item.CostElementCategoryList.SpaceVehicle.Recurring.CostElementList.CostElement.ManufacturerList.Manufacturer.HistoryPlanningList.HistoryPlanning"
"2013-12","2","2015-BASE_PROCUREMENT-2015-AIRFORCE_MISSILE-PROCUREMENT_JustificationBook_Air_Force_PB_2015.zzz_unzipped-PROCUREMENT_JustificationBook_Air_Force_PB_2015.xml","c137eb1a7e6e50358d93d65f4bc4fdc4e43117fdbd1b33aac5f7816c3b4741c9","1-d3bd60a70ec751dbe1374af785fd8958ab4806d4dac2cd8534cb203a3da28d30","1-b27f2caa39adb28c76a4938ccb99a138064963e96438c09f5e61211b0f69bac8","root.record.ItemExhibitList.P5Item.CostElementCategoryList.SpaceVehicle.Recurring.CostElementList.CostElement.ManufacturerList.Manufacturer.HistoryPlanningList.HistoryPlanning"
"2015-09","1","2015-BASE_PROCUREMENT-2015-AIRFORCE_MISSILE-PROCUREMENT_JustificationBook_Air_Force_PB_2015.zzz_unzipped-PROCUREMENT_JustificationBook_Air_Force_PB_2015.xml","b0439627d697f23309d80778f48f7bf9598ab22c86f68e7c8eb97d5630e37c1c","0-0fd4f9dc8ed2c377d2ee0d9fb9374a77f17939701ace83e14d6b93861b828068","0-8f8655c2ccafd73d0a2e01488aeac5392ad905616db0d9dd9e42d2252eec8c66","root.record.ItemExhibitList.P5Item.CostElementCategoryList.SpaceVehicle.Recurring.CostElementList.CostElement.ManufacturerList.Manufacturer.HistoryPlanningList.HistoryPlanning"
"2016-09","1","2015-BASE_PROCUREMENT-2015-AIRFORCE_MISSILE-PROCUREMENT_JustificationBook_Air_Force_PB_2015.zzz_unzipped-PROCUREMENT_JustificationBook_Air_Force_PB_2015.xml","b0439627d697f23309d80778f48f7bf9598ab22c86f68e7c8eb97d5630e37c1c","0-eee442b360b2f0a33f0da19f682490843287da8d5f29c9a8b21c1c7f35f6517d","1-ee92ff1b34b57a1db7744513ceba20aed79636967e08dc3e361c4cad3fcdb017","root.record.ItemExhibitList.P5Item.CostElementCategoryList.SpaceVehicle.Recurring.CostElementList.CostElement.ManufacturerList.Manufacturer.HistoryPlanningList.HistoryPlanning"
"2020-01","1","2015-BASE_PROCUREMENT-2015-AIRFORCE_MISSILE-PROCUREMENT_JustificationBook_Air_Force_PB_2015.zzz_unzipped-PROCUREMENT_JustificationBook_Air_Force_PB_2015.xml","b0439627d697f23309d80778f48f7bf9598ab22c86f68e7c8eb97d5630e37c1c","0-d3016125a9b3f71e8f596af2dc4996b0917b32240e54be30060ab2876a6150e4","0-c5fdb17f0a02e1bf50af69c1ea1c44ab52152f540d7cc4ba87541c01e9b94859","root.record.ItemExhibitList.P5Item.CostElementCategoryList.SpaceVehicle.Recurring.CostElementList.CostElement.ManufacturerList.Manufacturer.HistoryPlanningList.HistoryPlanning"
"2021-01","1","2015-BASE_PROCUREMENT-2015-AIRFORCE_MISSILE-PROCUREMENT_JustificationBook_Air_Force_PB_2015.zzz_unzipped-PROCUREMENT_JustificationBook_Air_Force_PB_2015.xml","b0439627d697f23309d80778f48f7bf9598ab22c86f68e7c8eb97d5630e37c1c","1-6ed0bc20875b943acb9196b03d3f818c82d678cdc974a6aa527666e72be52520","0-c5fdb17f0a02e1bf50af69c1ea1c44ab52152f540d7cc4ba87541c01e9b94859","root.record.ItemExhibitList.P5Item.CostElementCategoryList.SpaceVehicle.Recurring.CostElementList.CostElement.ManufacturerList.Manufacturer.HistoryPlanningList.HistoryPlanning"
"2013-06","1","2015-BASE_PROCUREMENT-2015-AIRFORCE_MISSILE-PROCUREMENT_JustificationBook_Air_Force_PB_2015.zzz_unzipped-PROCUREMENT_JustificationBook_Air_Force_PB_2015.xml","b0439627d697f23309d80778f48f7bf9598ab22c86f68e7c8eb97d5630e37c1c","0-09964dd2672a5d5bda7679361704b467dc278e0a616485247f5eca1c4a5c8e27","0-8af5ac6d51d7c9c5e4e5952c62cb43a7430e69413671e96ade0451f891091a7c","root.record.ItemExhibitList.P5Item.CostElementCategoryList.SpaceVehicle.Recurring.CostElementList.CostElement.ManufacturerList.Manufacturer.HistoryPlanningList.HistoryPlanning"
"2015-04","1","2015-BASE_PROCUREMENT-2015-AIRFORCE_MISSILE-PROCUREMENT_JustificationBook_Air_Force_PB_2015.zzz_unzipped-PROCUREMENT_JustificationBook_Air_Force_PB_2015.xml","b0439627d697f23309d80778f48f7bf9598ab22c86f68e7c8eb97d5630e37c1c","0-a4d22f4b73e0cfd3053de561b33526bafef7bf1bbb19721b298ebf546e7cd169","1-00b6f24eb94fca7fdebde80aa64a35ed7caf45a404badefddffc1f79de4794d0","root.record.ItemExhibitList.P5Item.CostElementCategoryList.SpaceVehicle.Recurring.CostElementList.CostElement.ManufacturerList.Manufacturer.HistoryPlanningList.HistoryPlanning"
"2013-07","1","2015-BASE_PROCUREMENT-2015-AIRFORCE_MISSILE-PROCUREMENT_MasterJustificationBook_Air_Force_PB_2015.zzz_unzipped-PROCUREMENT_MasterJustificationBook_Air_Force_PB_2015.xml","2e72d4b6a911533796e4759b9533bc87b03adc8b025726763394585e7d26a646","0-6237a2c6aba213bda882937ebe90dae9e9c8c1025f03d3dc2a2f2ab8282fcb5f","0-4f16b7d4ff530b9531d06670dfbe7fb7caacc60feeb6851a40f75be5b2b7e8c7","root.record.ItemExhibitList.P5Item.CostElementCategoryList.SpaceVehicle.Recurring.CostElementList.CostElement.ManufacturerList.Manufacturer.HistoryPlanningList.HistoryPlanning"
"2017-02","1","2015-BASE_PROCUREMENT-2015-AIRFORCE_MISSILE-PROCUREMENT_MasterJustificationBook_Air_Force_PB_2015.zzz_unzipped-PROCUREMENT_MasterJustificationBook_Air_Force_PB_2015.xml","2e72d4b6a911533796e4759b9533bc87b03adc8b025726763394585e7d26a646","0-3194bc9aa2863221495027d6b88ccc2bcc9691c78120eae0bb88af331e61d431","0-012eb137b6d36f1e37385f1d6f125b0e5f5bf7ece0f3dec21093b225cab1d6d5","root.record.ItemExhibitList.P5Item.CostElementCategoryList.SpaceVehicle.Recurring.CostElementList.CostElement.ManufacturerList.Manufacturer.HistoryPlanningList.HistoryPlanning"
"2018-06","1","2015-BASE_PROCUREMENT-2015-AIRFORCE_MISSILE-PROCUREMENT_MasterJustificationBook_Air_Force_PB_2015.zzz_unzipped-PROCUREMENT_MasterJustificationBook_Air_Force_PB_2015.xml","2e72d4b6a911533796e4759b9533bc87b03adc8b025726763394585e7d26a646","0-847e9ea892faf0c46f3987d8d7feacc61be082d20972a8d8f5fc1a8670587d71","0-f8fae3ca5a1dc081887a5f8b2f52331b44e52db9fbe234f003831730290c6720","root.record.ItemExhibitList.P5Item.CostElementCategoryList.SpaceVehicle.Recurring.CostElementList.CostElement.ManufacturerList.Manufacturer.HistoryPlanningList.HistoryPlanning"
"2019-02","1","2015-BASE_PROCUREMENT-2015-AIRFORCE_MISSILE-PROCUREMENT_MasterJustificationBook_Air_Force_PB_2015.zzz_unzipped-PROCUREMENT_MasterJustificationBook_Air_Force_PB_2015.xml","2e72d4b6a911533796e4759b9533bc87b03adc8b025726763394585e7d26a646","1-c88477d623e8d65b7dfaa65bcf3ead7d99e78cb97b5424196824126ecc0e983c","0-f8fae3ca5a1dc081887a5f8b2f52331b44e52db9fbe234f003831730290c6720","root.record.ItemExhibitList.P5Item.CostElementCategoryList.SpaceVehicle.Recurring.CostElementList.CostElement.ManufacturerList.Manufacturer.HistoryPlanningList.HistoryPlanning"
"2015-08","1","2015-BASE_PROCUREMENT-2015-AIRFORCE_MISSILE-PROCUREMENT_MasterJustificationBook_Air_Force_PB_2015.zzz_unzipped-PROCUREMENT_MasterJustificationBook_Air_Force_PB_2015.xml","aab4fe41d3a6cad000ba09116b6bf0f452d46c4e39d4020f58578c2d36374ea8","0-de81226e68c9f403f19ff113f77a6287f4b222eb3e4fe53bf18ab2e91ca888ce","0-944175e539a910fbc1a99ecbafaf949db198124efc44648e916737b3c011cffe","root.record.ItemExhibitList.P5Item.CostElementCategoryList.SpaceVehicle.Recurring.CostElementList.CostElement.ManufacturerList.Manufacturer.HistoryPlanningList.HistoryPlanning"
"2016-11","1","2015-BASE_PROCUREMENT-2015-AIRFORCE_MISSILE-PROCUREMENT_MasterJustificationBook_Air_Force_PB_2015.zzz_unzipped-PROCUREMENT_MasterJustificationBook_Air_Force_PB_2015.xml","aab4fe41d3a6cad000ba09116b6bf0f452d46c4e39d4020f58578c2d36374ea8","0-6014418658d884bb6eb193de1db3ddc5ea4ad2cc107ba36931a71ad92cfb7423","0-9fbd9a6bea456a7c872f4f6b0bfc7b6f4c91f705dd4b8f74469da11db7192fe7","root.record.ItemExhibitList.P5Item.CostElementCategoryList.SpaceVehicle.Recurring.CostElementList.CostElement.ManufacturerList.Manufacturer.HistoryPlanningList.HistoryPlanning"
"2017-12","1","2015-BASE_PROCUREMENT-2015-AIRFORCE_MISSILE-PROCUREMENT_MasterJustificationBook_Air_Force_PB_2015.zzz_unzipped-PROCUREMENT_MasterJustificationBook_Air_Force_PB_2015.xml","aab4fe41d3a6cad000ba09116b6bf0f452d46c4e39d4020f58578c2d36374ea8","0-f6dd9dd3faa4de3e149c8aa462912d149f0c712d17f2042f9c6285554661c410","0-7f2fafd8d52f96732da23b046bf9be54f748cb57c22918b10d7fd518012d9320","root.record.ItemExhibitList.P5Item.CostElementCategoryList.SpaceVehicle.Recurring.CostElementList.CostElement.ManufacturerList.Manufacturer.HistoryPlanningList.HistoryPlanning"
"2018-05","1","2015-BASE_PROCUREMENT-2015-AIRFORCE_MISSILE-PROCUREMENT_MasterJustificationBook_Air_Force_PB_2015.zzz_unzipped-PROCUREMENT_MasterJustificationBook_Air_Force_PB_2015.xml","33b3b0ad5835d13cc15e7e273b3a3b0e797b8b7474e6a63df610479ef30e8683","0-ab483e6d695efd4350dcce0099c83a97d51c70de19c0e00e4ba262482b0e1c86","0-b4feb56d11bbce87988a4db03a715dcee1ebdd5da249c1466edd4f44143445e9","root.record.ItemExhibitList.P5Item.CostElementCategoryList.SpaceVehicle.Recurring.CostElementList.CostElement.ManufacturerList.Manufacturer.HistoryPlanningList.HistoryPlanning"
"2019-01","1","2015-BASE_PROCUREMENT-2015-AIRFORCE_MISSILE-PROCUREMENT_MasterJustificationBook_Air_Force_PB_2015.zzz_unzipped-PROCUREMENT_MasterJustificationBook_Air_Force_PB_2015.xml","33b3b0ad5835d13cc15e7e273b3a3b0e797b8b7474e6a63df610479ef30e8683","1-f40d2895e2ed23f68d90eaef957425948783c21f280e8673cde91a49513242d3","0-b4feb56d11bbce87988a4db03a715dcee1ebdd5da249c1466edd4f44143445e9","root.record.ItemExhibitList.P5Item.CostElementCategoryList.SpaceVehicle.Recurring.CostElementList.CostElement.ManufacturerList.Manufacturer.HistoryPlanningList.HistoryPlanning"
"2019-05","1","2015-BASE_PROCUREMENT-2015-AIRFORCE_MISSILE-PROCUREMENT_MasterJustificationBook_Air_Force_PB_2015.zzz_unzipped-PROCUREMENT_MasterJustificationBook_Air_Force_PB_2015.xml","33b3b0ad5835d13cc15e7e273b3a3b0e797b8b7474e6a63df610479ef30e8683","0-1532b13ba9937c8ff5009f0028eeec5f586f974b40863d9f99181d4b4a145a24","1-fcaf5fb17f02808c435d4cd31f453cfda73f5f4a3482666dc4ca564618480134","root.record.ItemExhibitList.P5Item.CostElementCategoryList.SpaceVehicle.Recurring.CostElementList.CostElement.ManufacturerList.Manufacturer.HistoryPlanningList.HistoryPlanning"
"2020-05","1","2015-BASE_PROCUREMENT-2015-AIRFORCE_MISSILE-PROCUREMENT_MasterJustificationBook_Air_Force_PB_2015.zzz_unzipped-PROCUREMENT_MasterJustificationBook_Air_Force_PB_2015.xml","33b3b0ad5835d13cc15e7e273b3a3b0e797b8b7474e6a63df610479ef30e8683","0-6339636098c101cd64ec34d4c6814079daed7023455ff1894ff22d5f9f77f441","0-2e51fb521a8ea0bc45e5c9a20a3600103b5a0c6e8abac466b30b96ac6928cb2c","root.record.ItemExhibitList.P5Item.CostElementCategoryList.SpaceVehicle.Recurring.CostElementList.CostElement.ManufacturerList.Manufacturer.HistoryPlanningList.HistoryPlanning"
"2013-12","1","2015-BASE_PROCUREMENT-2015-AIRFORCE_MISSILE-PROCUREMENT_MasterJustificationBook_Air_Force_PB_2015.zzz_unzipped-PROCUREMENT_MasterJustificationBook_Air_Force_PB_2015.xml","0c7f7b4da4a1de97a2ca3f33feecadeecb814a2f6f189f3c6b31c74073587191","0-6af03ac519ca53574f7b2b0c4fee69904d7d28dd07a203e97cd042939fb9d85b","0-fb66d4ec0cf2a6c74bf94c9d2901c13f3308688cc50b92f002bc19b76c3097ea","root.record.ItemExhibitList.P5Item.CostElementCategoryList.SpaceVehicle.Recurring.CostElementList.CostElement.ManufacturerList.Manufacturer.HistoryPlanningList.HistoryPlanning"
"2013-11","1","2015-BASE_PROCUREMENT-2015-AIRFORCE_MISSILE-PROCUREMENT_MasterJustificationBook_Air_Force_PB_2015.zzz_unzipped-PROCUREMENT_MasterJustificationBook_Air_Force_PB_2015.xml","0c7f7b4da4a1de97a2ca3f33feecadeecb814a2f6f189f3c6b31c74073587191","0-cb40dc76a27152e12a52afbc40392029bb2a8292952aaecd12af7eb082081c95","1-7597661a8fe1fca8814f9fffc48dad89a330d78d37e2d9e99555e497c084668e","root.record.ItemExhibitList.P5Item.CostElementCategoryList.SpaceVehicle.Recurring.CostElementList.CostElement.ManufacturerList.Manufacturer.HistoryPlanningList.HistoryPlanning"
"2013-12","2","2015-BASE_PROCUREMENT-2015-AIRFORCE_MISSILE-PROCUREMENT_MasterJustificationBook_Air_Force_PB_2015.zzz_unzipped-PROCUREMENT_MasterJustificationBook_Air_Force_PB_2015.xml","0c7f7b4da4a1de97a2ca3f33feecadeecb814a2f6f189f3c6b31c74073587191","1-a2f621497392750b633a8d09b3892963d4401fce9c08265c156711e4ece65516","1-7597661a8fe1fca8814f9fffc48dad89a330d78d37e2d9e99555e497c084668e","root.record.ItemExhibitList.P5Item.CostElementCategoryList.SpaceVehicle.Recurring.CostElementList.CostElement.ManufacturerList.Manufacturer.HistoryPlanningList.HistoryPlanning"
"2015-09","1","2015-BASE_PROCUREMENT-2015-AIRFORCE_MISSILE-PROCUREMENT_MasterJustificationBook_Air_Force_PB_2015.zzz_unzipped-PROCUREMENT_MasterJustificationBook_Air_Force_PB_2015.xml","8c9448bac531fa76bde6d0d330853a3c625667bcc8a7fac5efe03c4154f7d50a","0-eb48f3badd96bccc404a3b27fd129bae0b56073126502fb4cad1056bc11e94f8","0-a6c78e0acc32dd97ad27364832773a6006a17fdf810733ab59349d4f8a75147f","root.record.ItemExhibitList.P5Item.CostElementCategoryList.SpaceVehicle.Recurring.CostElementList.CostElement.ManufacturerList.Manufacturer.HistoryPlanningList.HistoryPlanning"
"2016-09","1","2015-BASE_PROCUREMENT-2015-AIRFORCE_MISSILE-PROCUREMENT_MasterJustificationBook_Air_Force_PB_2015.zzz_unzipped-PROCUREMENT_MasterJustificationBook_Air_Force_PB_2015.xml","8c9448bac531fa76bde6d0d330853a3c625667bcc8a7fac5efe03c4154f7d50a","0-8cb6b3d4c9c3426625ed4cec19129b13e70e123eefdfe3615e58ca04f9719a87","1-5e776e7a64954c8044cf17428012f725a194898cb2efbc358e543bcab553ab37","root.record.ItemExhibitList.P5Item.CostElementCategoryList.SpaceVehicle.Recurring.CostElementList.CostElement.ManufacturerList.Manufacturer.HistoryPlanningList.HistoryPlanning"
"2020-01","1","2015-BASE_PROCUREMENT-2015-AIRFORCE_MISSILE-PROCUREMENT_MasterJustificationBook_Air_Force_PB_2015.zzz_unzipped-PROCUREMENT_MasterJustificationBook_Air_Force_PB_2015.xml","8c9448bac531fa76bde6d0d330853a3c625667bcc8a7fac5efe03c4154f7d50a","0-a0443b9872e1000484d1c7c70b49e6cf49372486ca7c38de3bf96860e59feb0a","0-c651c3fd07869990a035f5fafa008aa16ca0c77720346170192a6ca17f89d6cd","root.record.ItemExhibitList.P5Item.CostElementCategoryList.SpaceVehicle.Recurring.CostElementList.CostElement.ManufacturerList.Manufacturer.HistoryPlanningList.HistoryPlanning"
"2021-01","1","2015-BASE_PROCUREMENT-2015-AIRFORCE_MISSILE-PROCUREMENT_MasterJustificationBook_Air_Force_PB_2015.zzz_unzipped-PROCUREMENT_MasterJustificationBook_Air_Force_PB_2015.xml","8c9448bac531fa76bde6d0d330853a3c625667bcc8a7fac5efe03c4154f7d50a","1-cc93b04b477825e0a30aaa02e826e9ad349df83b5bf7a314b880fc9a0b904dc1","0-c651c3fd07869990a035f5fafa008aa16ca0c77720346170192a6ca17f89d6cd","root.record.ItemExhibitList.P5Item.CostElementCategoryList.SpaceVehicle.Recurring.CostElementList.CostElement.ManufacturerList.Manufacturer.HistoryPlanningList.HistoryPlanning"
"2013-06","1","2015-BASE_PROCUREMENT-2015-AIRFORCE_MISSILE-PROCUREMENT_MasterJustificationBook_Air_Force_PB_2015.zzz_unzipped-PROCUREMENT_MasterJustificationBook_Air_Force_PB_2015.xml","8c9448bac531fa76bde6d0d330853a3c625667bcc8a7fac5efe03c4154f7d50a","0-2a278af91c18c658677cfd7e61025015fbf8dfd56bf296a1d335fb4f1c0caac7","0-caca65508d314eabacc3e7b2f4f3f1cd634ef45aa5bfbed6165df264f313c111","root.record.ItemExhibitList.P5Item.CostElementCategoryList.SpaceVehicle.Recurring.CostElementList.CostElement.ManufacturerList.Manufacturer.HistoryPlanningList.HistoryPlanning"
"2015-04","1","2015-BASE_PROCUREMENT-2015-AIRFORCE_MISSILE-PROCUREMENT_MasterJustificationBook_Air_Force_PB_2015.zzz_unzipped-PROCUREMENT_MasterJustificationBook_Air_Force_PB_2015.xml","8c9448bac531fa76bde6d0d330853a3c625667bcc8a7fac5efe03c4154f7d50a","0-8f0cf73980f5289bbe117a2acf1656b601244295a96cf4c4c9c2b9cd5f24c24d","1-8aaf7589951ad239a6351ee6689ccdbd941d5c17aa8f2020700e982cd7f49c1e","root.record.ItemExhibitList.P5Item.CostElementCategoryList.SpaceVehicle.Recurring.CostElementList.CostElement.ManufacturerList.Manufacturer.HistoryPlanningList.HistoryPlanning"
"2017-02","1","2016-BASE_PROCUREMENT-2016-AIRFORCE_MISSILE-PROCUREMENT_JustificationBook_Air_Force_PB_2016.zzz_unzipped-PROCUREMENT_JustificationBook_Air_Force_PB_2016.xml","f830ff0e0232bf531f2a5b472b72627cd21bc5ce1824ae3a2ac074024c5cc4da","0-ad8cc0587738db2250a163d431f675973884a640c49b8dfc22d2b70f37eaf094","0-e9596ce5e0b3c5e24c9f6c26ed5f849cd2e6a15d843b7bd3c2ee59f52b875dd8","root.record.ItemExhibitList.P5Item.CostElementCategoryList.SpaceVehicle.Recurring.CostElementList.CostElement.ManufacturerList.Manufacturer.HistoryPlanningList.HistoryPlanning"
"2018-06","1","2016-BASE_PROCUREMENT-2016-AIRFORCE_MISSILE-PROCUREMENT_JustificationBook_Air_Force_PB_2016.zzz_unzipped-PROCUREMENT_JustificationBook_Air_Force_PB_2016.xml","f830ff0e0232bf531f2a5b472b72627cd21bc5ce1824ae3a2ac074024c5cc4da","0-c324f5ed6274d111876d6624db9f97be381a9147ccf0d73e0d00c962d32aedf1","0-d84e1eb1b111adabbffc7274ae963c0d21f3913054ae52796c8d302c6a29eba0","root.record.ItemExhibitList.P5Item.CostElementCategoryList.SpaceVehicle.Recurring.CostElementList.CostElement.ManufacturerList.Manufacturer.HistoryPlanningList.HistoryPlanning"
"2019-02","1","2016-BASE_PROCUREMENT-2016-AIRFORCE_MISSILE-PROCUREMENT_JustificationBook_Air_Force_PB_2016.zzz_unzipped-PROCUREMENT_JustificationBook_Air_Force_PB_2016.xml","f830ff0e0232bf531f2a5b472b72627cd21bc5ce1824ae3a2ac074024c5cc4da","1-da558a0e6e6a30da05df9ea2b73fdaa7292e7b5ba46583ccb49cbff8fd4b2f87","0-d84e1eb1b111adabbffc7274ae963c0d21f3913054ae52796c8d302c6a29eba0","root.record.ItemExhibitList.P5Item.CostElementCategoryList.SpaceVehicle.Recurring.CostElementList.CostElement.ManufacturerList.Manufacturer.HistoryPlanningList.HistoryPlanning"
"2015-08","1","2016-BASE_PROCUREMENT-2016-AIRFORCE_MISSILE-PROCUREMENT_JustificationBook_Air_Force_PB_2016.zzz_unzipped-PROCUREMENT_JustificationBook_Air_Force_PB_2016.xml","fbc89ecfd8fd3c878cbf0cea6a2240cb085f639d3c3675a249886be5b125c6b6","0-4c25882576ff813d3b0a0c04703c6b19650c85293acd2290d06ef9fbd399573a","0-fa2eab2d8a50fe264362ac053fb9e2f07be729f734112b02728e67f20962e9c6","root.record.ItemExhibitList.P5Item.CostElementCategoryList.SpaceVehicle.Recurring.CostElementList.CostElement.ManufacturerList.Manufacturer.HistoryPlanningList.HistoryPlanning"
"2016-11","1","2016-BASE_PROCUREMENT-2016-AIRFORCE_MISSILE-PROCUREMENT_JustificationBook_Air_Force_PB_2016.zzz_unzipped-PROCUREMENT_JustificationBook_Air_Force_PB_2016.xml","fbc89ecfd8fd3c878cbf0cea6a2240cb085f639d3c3675a249886be5b125c6b6","0-22ef447975960d769506183b6ec32696fa2176787a528b6fbdd57c4d957b2b9c","0-f47b6cd8a5298a194c98b67e807b882adad3f7fa3a356b3db6fc3c6778e1735e","root.record.ItemExhibitList.P5Item.CostElementCategoryList.SpaceVehicle.Recurring.CostElementList.CostElement.ManufacturerList.Manufacturer.HistoryPlanningList.HistoryPlanning"
"2017-12","1","2016-BASE_PROCUREMENT-2016-AIRFORCE_MISSILE-PROCUREMENT_JustificationBook_Air_Force_PB_2016.zzz_unzipped-PROCUREMENT_JustificationBook_Air_Force_PB_2016.xml","fbc89ecfd8fd3c878cbf0cea6a2240cb085f639d3c3675a249886be5b125c6b6","0-946d96932738e317b5f5d94463f821bea65d2d2dae392fc87987597cc551ebfb","0-ec47bf7fea7cf10652f7d1d48a797e716e7483f1a44c5c1090ac7f9b0b861086","root.record.ItemExhibitList.P5Item.CostElementCategoryList.SpaceVehicle.Recurring.CostElementList.CostElement.ManufacturerList.Manufacturer.HistoryPlanningList.HistoryPlanning"
"2019-10","1","2016-BASE_PROCUREMENT-2016-AIRFORCE_MISSILE-PROCUREMENT_JustificationBook_Air_Force_PB_2016.zzz_unzipped-PROCUREMENT_JustificationBook_Air_Force_PB_2016.xml","6008af67dd7b7881e921358d5575d7c051f7c3bd933010a35a75621fff5f8ea8","0-1a74111995d8844e4092ab5204273302469b35805e6c5b607257ea43ca62dff8","0-7fbbcba4f7ce30e31052fcc8550eb21972933a9343825cc547c085a02ceb8dd5","root.record.ItemExhibitList.P5Item.CostElementCategoryList.SpaceVehicle.Recurring.CostElementList.CostElement.ManufacturerList.Manufacturer.HistoryPlanningList.HistoryPlanning"
"2020-05","1","2016-BASE_PROCUREMENT-2016-AIRFORCE_MISSILE-PROCUREMENT_JustificationBook_Air_Force_PB_2016.zzz_unzipped-PROCUREMENT_JustificationBook_Air_Force_PB_2016.xml","6008af67dd7b7881e921358d5575d7c051f7c3bd933010a35a75621fff5f8ea8","1-eeffc3b6d39aee9606ae356afa1e67d720e1b345c6831a7c2b0f8ba445439cb4","0-7fbbcba4f7ce30e31052fcc8550eb21972933a9343825cc547c085a02ceb8dd5","root.record.ItemExhibitList.P5Item.CostElementCategoryList.SpaceVehicle.Recurring.CostElementList.CostElement.ManufacturerList.Manufacturer.HistoryPlanningList.HistoryPlanning"
"2021-03","1","2016-BASE_PROCUREMENT-2016-AIRFORCE_MISSILE-PROCUREMENT_JustificationBook_Air_Force_PB_2016.zzz_unzipped-PROCUREMENT_JustificationBook_Air_Force_PB_2016.xml","6008af67dd7b7881e921358d5575d7c051f7c3bd933010a35a75621fff5f8ea8","0-e636e5fc0c3a7aa73b460dd656e5256c531c07c703f75285a5f2c880270f550c","1-51dcae7c6235b1ac9fe6c06c0c3b820f92dd4c08f700bd19d7a9c9ea12c852af","root.record.ItemExhibitList.P5Item.CostElementCategoryList.SpaceVehicle.Recurring.CostElementList.CostElement.ManufacturerList.Manufacturer.HistoryPlanningList.HistoryPlanning"
"2017-07","1","2016-BASE_PROCUREMENT-2016-AIRFORCE_MISSILE-PROCUREMENT_JustificationBook_Air_Force_PB_2016.zzz_unzipped-PROCUREMENT_JustificationBook_Air_Force_PB_2016.xml","b7250a7bc654675ae44d6d62c2bb1e4e483647e362d5d04206595c9b29029aa8","0-597b9262f191f89974fbe0a0376ea0978861ecdde9d7cf70d306dadd5e5af75a","0-0fdad2ff86591804bf5a4144602adc6e0f1b21326722cd3126ba2a559966f3e7","root.record.ItemExhibitList.P5Item.CostElementCategoryList.SpaceVehicle.Recurring.CostElementList.CostElement.ManufacturerList.Manufacturer.HistoryPlanningList.HistoryPlanning"
"2016-02","1","2016-BASE_PROCUREMENT-2016-AIRFORCE_MISSILE-PROCUREMENT_JustificationBook_Air_Force_PB_2016.zzz_unzipped-PROCUREMENT_JustificationBook_Air_Force_PB_2016.xml","b7250a7bc654675ae44d6d62c2bb1e4e483647e362d5d04206595c9b29029aa8","0-93e77150d56e65fb6f74fb2725028536d73947d72e5ed33fa9fb9e8f9b044c8a","1-dc83df0a9cecea137a22c39f0712e08dd12da79e84b09d9e38e42941171c3add","root.record.ItemExhibitList.P5Item.CostElementCategoryList.SpaceVehicle.Recurring.CostElementList.CostElement.ManufacturerList.Manufacturer.HistoryPlanningList.HistoryPlanning"
"2020-09","1","2016-BASE_PROCUREMENT-2016-AIRFORCE_MISSILE-PROCUREMENT_JustificationBook_Air_Force_PB_2016.zzz_unzipped-PROCUREMENT_JustificationBook_Air_Force_PB_2016.xml","b7250a7bc654675ae44d6d62c2bb1e4e483647e362d5d04206595c9b29029aa8","0-a33c66fb19da2afd300aabac61e8dc9d117a754a86b33f7e3b3aa1a3ca5d537c","0-0d9f4d8a557d5496118aac3cd4c230c51ce0c54f6819d418af01ce0b05f7dc0e","root.record.ItemExhibitList.P5Item.CostElementCategoryList.SpaceVehicle.Recurring.CostElementList.CostElement.ManufacturerList.Manufacturer.HistoryPlanningList.HistoryPlanning"
"2021-07","1","2016-BASE_PROCUREMENT-2016-AIRFORCE_MISSILE-PROCUREMENT_JustificationBook_Air_Force_PB_2016.zzz_unzipped-PROCUREMENT_JustificationBook_Air_Force_PB_2016.xml","b7250a7bc654675ae44d6d62c2bb1e4e483647e362d5d04206595c9b29029aa8","1-93003e56c2df79452a541ebb64dc86b702598fe2ced7fca9c3cc8577378b7f05","0-0d9f4d8a557d5496118aac3cd4c230c51ce0c54f6819d418af01ce0b05f7dc0e","root.record.ItemExhibitList.P5Item.CostElementCategoryList.SpaceVehicle.Recurring.CostElementList.CostElement.ManufacturerList.Manufacturer.HistoryPlanningList.HistoryPlanning"
"2013-06","1","2016-BASE_PROCUREMENT-2016-AIRFORCE_MISSILE-PROCUREMENT_JustificationBook_Air_Force_PB_2016.zzz_unzipped-PROCUREMENT_JustificationBook_Air_Force_PB_2016.xml","b7250a7bc654675ae44d6d62c2bb1e4e483647e362d5d04206595c9b29029aa8","0-243030c121aafb00294da6fd0db99e1f84ca4e5fd52ee5098706f73956ca71b7","0-550fa686d357b569deafa548adbc40d529907255b8659a6929a174c351cd9dd9","root.record.ItemExhibitList.P5Item.CostElementCategoryList.SpaceVehicle.Recurring.CostElementList.CostElement.ManufacturerList.Manufacturer.HistoryPlanningList.HistoryPlanning"
"2015-04","1","2016-BASE_PROCUREMENT-2016-AIRFORCE_MISSILE-PROCUREMENT_JustificationBook_Air_Force_PB_2016.zzz_unzipped-PROCUREMENT_JustificationBook_Air_Force_PB_2016.xml","b7250a7bc654675ae44d6d62c2bb1e4e483647e362d5d04206595c9b29029aa8","0-a60111f8801460d199e29200354df0c4448384917f16a75dc1f6d0831c440291","1-acda70dde6d3cc53da9db5a0311b06ede4ff9545e44140c48664ca3e2c6ed339","root.record.ItemExhibitList.P5Item.CostElementCategoryList.SpaceVehicle.Recurring.CostElementList.CostElement.ManufacturerList.Manufacturer.HistoryPlanningList.HistoryPlanning"
"2017-02","1","2016-BASE_PROCUREMENT-2016-AIRFORCE_MISSILE-PROCUREMENT_MasterJustificationBook_Air_Force_PB_2016.zzz_unzipped-PROCUREMENT_MasterJustificationBook_Air_Force_PB_2016.xml","fad2c2475373f78f23efdf68f4826e107470a7f4f812e8eaa01090a99fb4921a","0-0ef9d09ea6fbca2b0a19e9c166879ea548af6be3edf3de71a735cbda9bfa75ca","0-bcb439a30e9a0d4de93144b5c1a63d05771aab563ba77911573f52ee9a1998a5","root.record.ItemExhibitList.P5Item.CostElementCategoryList.SpaceVehicle.Recurring.CostElementList.CostElement.ManufacturerList.Manufacturer.HistoryPlanningList.HistoryPlanning"
"2018-06","1","2016-BASE_PROCUREMENT-2016-AIRFORCE_MISSILE-PROCUREMENT_MasterJustificationBook_Air_Force_PB_2016.zzz_unzipped-PROCUREMENT_MasterJustificationBook_Air_Force_PB_2016.xml","fad2c2475373f78f23efdf68f4826e107470a7f4f812e8eaa01090a99fb4921a","0-48db46285a33b191438c4662ed3ec27c0c947ca421836971c8dbdfba5331fa96","0-a4c85706f65d89e98c3db6ad6a54d19ad47182c1c559429a9544064f79d773ba","root.record.ItemExhibitList.P5Item.CostElementCategoryList.SpaceVehicle.Recurring.CostElementList.CostElement.ManufacturerList.Manufacturer.HistoryPlanningList.HistoryPlanning"
"2019-02","1","2016-BASE_PROCUREMENT-2016-AIRFORCE_MISSILE-PROCUREMENT_MasterJustificationBook_Air_Force_PB_2016.zzz_unzipped-PROCUREMENT_MasterJustificationBook_Air_Force_PB_2016.xml","fad2c2475373f78f23efdf68f4826e107470a7f4f812e8eaa01090a99fb4921a","1-84f6fa94f0512347b85c98607857e7ec0c0b637873c0f9afcef31107b78e74fa","0-a4c85706f65d89e98c3db6ad6a54d19ad47182c1c559429a9544064f79d773ba","root.record.ItemExhibitList.P5Item.CostElementCategoryList.SpaceVehicle.Recurring.CostElementList.CostElement.ManufacturerList.Manufacturer.HistoryPlanningList.HistoryPlanning"
"2015-08","1","2016-BASE_PROCUREMENT-2016-AIRFORCE_MISSILE-PROCUREMENT_MasterJustificationBook_Air_Force_PB_2016.zzz_unzipped-PROCUREMENT_MasterJustificationBook_Air_Force_PB_2016.xml","1b54b6e1d81834780d8bcf6e845a6e5cf47d5d78e06a51318692698ed45b66a8","0-40317496346f34f10ded2da581f5f6f20e9d237156d2350895a8ceeb6b894e25","0-74e984086cea3a0c8d388da25a412fb8dccf14b97ba374fe8f1d840808bc3001","root.record.ItemExhibitList.P5Item.CostElementCategoryList.SpaceVehicle.Recurring.CostElementList.CostElement.ManufacturerList.Manufacturer.HistoryPlanningList.HistoryPlanning"
"2016-11","1","2016-BASE_PROCUREMENT-2016-AIRFORCE_MISSILE-PROCUREMENT_MasterJustificationBook_Air_Force_PB_2016.zzz_unzipped-PROCUREMENT_MasterJustificationBook_Air_Force_PB_2016.xml","1b54b6e1d81834780d8bcf6e845a6e5cf47d5d78e06a51318692698ed45b66a8","0-fe02e4f8e95bc733be80d22bf87ba59dac1daacd9a6ed9fbcf238812ad6c9b47","0-df2c9d4a0f980c43951fe0f2c0ac6fa7138b57ecbfe09709abe10d0e2f288417","root.record.ItemExhibitList.P5Item.CostElementCategoryList.SpaceVehicle.Recurring.CostElementList.CostElement.ManufacturerList.Manufacturer.HistoryPlanningList.HistoryPlanning"
"2017-12","1","2016-BASE_PROCUREMENT-2016-AIRFORCE_MISSILE-PROCUREMENT_MasterJustificationBook_Air_Force_PB_2016.zzz_unzipped-PROCUREMENT_MasterJustificationBook_Air_Force_PB_2016.xml","1b54b6e1d81834780d8bcf6e845a6e5cf47d5d78e06a51318692698ed45b66a8","0-518b3a6a241898b0cae3773f82a55d137ffa472f1fc7315b29d24671978e091a","0-1b82f722dda261985b457b97b2a2f6e732b988b66eb96db02750a1e8caaa1a68","root.record.ItemExhibitList.P5Item.CostElementCategoryList.SpaceVehicle.Recurring.CostElementList.CostElement.ManufacturerList.Manufacturer.HistoryPlanningList.HistoryPlanning"
"2019-10","1","2016-BASE_PROCUREMENT-2016-AIRFORCE_MISSILE-PROCUREMENT_MasterJustificationBook_Air_Force_PB_2016.zzz_unzipped-PROCUREMENT_MasterJustificationBook_Air_Force_PB_2016.xml","d15015debc064b22aaf25587c569493d8ca940df645ad2a38f78ad2ab4876c0b","0-3d5e86516bdf7698c23d57a9167e2e010812f01e0db266236dac940207a4166f","0-ff5555d11a53ed61acd19ab8245c6640f6d495d1d466dcb59b41ab866adb2e2a","root.record.ItemExhibitList.P5Item.CostElementCategoryList.SpaceVehicle.Recurring.CostElementList.CostElement.ManufacturerList.Manufacturer.HistoryPlanningList.HistoryPlanning"
"2020-05","1","2016-BASE_PROCUREMENT-2016-AIRFORCE_MISSILE-PROCUREMENT_MasterJustificationBook_Air_Force_PB_2016.zzz_unzipped-PROCUREMENT_MasterJustificationBook_Air_Force_PB_2016.xml","d15015debc064b22aaf25587c569493d8ca940df645ad2a38f78ad2ab4876c0b","1-fd7e581909892d559c69dcebf355c90a19b6ee047b4f6d67c36673d6a63be809","0-ff5555d11a53ed61acd19ab8245c6640f6d495d1d466dcb59b41ab866adb2e2a","root.record.ItemExhibitList.P5Item.CostElementCategoryList.SpaceVehicle.Recurring.CostElementList.CostElement.ManufacturerList.Manufacturer.HistoryPlanningList.HistoryPlanning"
"2021-03","1","2016-BASE_PROCUREMENT-2016-AIRFORCE_MISSILE-PROCUREMENT_MasterJustificationBook_Air_Force_PB_2016.zzz_unzipped-PROCUREMENT_MasterJustificationBook_Air_Force_PB_2016.xml","d15015debc064b22aaf25587c569493d8ca940df645ad2a38f78ad2ab4876c0b","0-e8331971d2f2dd622b0bd2bc3d45bb74decc4ef967588514e26e07b40fd536e9","1-20d6957de64517ad250fd6348dce1e332248102d4a9db61f223f0ba0d5725455","root.record.ItemExhibitList.P5Item.CostElementCategoryList.SpaceVehicle.Recurring.CostElementList.CostElement.ManufacturerList.Manufacturer.HistoryPlanningList.HistoryPlanning"
"2017-07","1","2016-BASE_PROCUREMENT-2016-AIRFORCE_MISSILE-PROCUREMENT_MasterJustificationBook_Air_Force_PB_2016.zzz_unzipped-PROCUREMENT_MasterJustificationBook_Air_Force_PB_2016.xml","c2682d49efaf19193dea2762b72643b49faaa2c67e9ab748e3149c7c25e9e852","0-e37cb7eca73b25a7ec8cd1b964449e44078d282d8522eb56619b0b23e8dee3a7","0-15bec0c848b12ace5137b269f052cbcc3c0588de9b00f51bf897a6ea598086cc","root.record.ItemExhibitList.P5Item.CostElementCategoryList.SpaceVehicle.Recurring.CostElementList.CostElement.ManufacturerList.Manufacturer.HistoryPlanningList.HistoryPlanning"
"2016-02","1","2016-BASE_PROCUREMENT-2016-AIRFORCE_MISSILE-PROCUREMENT_MasterJustificationBook_Air_Force_PB_2016.zzz_unzipped-PROCUREMENT_MasterJustificationBook_Air_Force_PB_2016.xml","c2682d49efaf19193dea2762b72643b49faaa2c67e9ab748e3149c7c25e9e852","0-54a50f04c510881f5e0547575cdf9916f323ef291764a32913acc1ae044f9dff","1-9abb8f8100704253d104b2ebdcffb4d0fb33b8ee0da32024ace8ab2178a59c64","root.record.ItemExhibitList.P5Item.CostElementCategoryList.SpaceVehicle.Recurring.CostElementList.CostElement.ManufacturerList.Manufacturer.HistoryPlanningList.HistoryPlanning"
"2020-09","1","2016-BASE_PROCUREMENT-2016-AIRFORCE_MISSILE-PROCUREMENT_MasterJustificationBook_Air_Force_PB_2016.zzz_unzipped-PROCUREMENT_MasterJustificationBook_Air_Force_PB_2016.xml","c2682d49efaf19193dea2762b72643b49faaa2c67e9ab748e3149c7c25e9e852","0-d89c6f75707d433ef61280987d9bf8728235748c792491f8c42388c2dd204bca","0-4f9f2d6ff52d6bbdbc7d877d9280d9c68d49f29cf4e5da838f0a82c9f5a42e3d","root.record.ItemExhibitList.P5Item.CostElementCategoryList.SpaceVehicle.Recurring.CostElementList.CostElement.ManufacturerList.Manufacturer.HistoryPlanningList.HistoryPlanning"
"2021-07","1","2016-BASE_PROCUREMENT-2016-AIRFORCE_MISSILE-PROCUREMENT_MasterJustificationBook_Air_Force_PB_2016.zzz_unzipped-PROCUREMENT_MasterJustificationBook_Air_Force_PB_2016.xml","c2682d49efaf19193dea2762b72643b49faaa2c67e9ab748e3149c7c25e9e852","1-dc3310e54838f33af1b3cb846e1789c06bf5d7c7ff0e0ab0079ef5a3fdd3d4a9","0-4f9f2d6ff52d6bbdbc7d877d9280d9c68d49f29cf4e5da838f0a82c9f5a42e3d","root.record.ItemExhibitList.P5Item.CostElementCategoryList.SpaceVehicle.Recurring.CostElementList.CostElement.ManufacturerList.Manufacturer.HistoryPlanningList.HistoryPlanning"
"2013-06","1","2016-BASE_PROCUREMENT-2016-AIRFORCE_MISSILE-PROCUREMENT_MasterJustificationBook_Air_Force_PB_2016.zzz_unzipped-PROCUREMENT_MasterJustificationBook_Air_Force_PB_2016.xml","c2682d49efaf19193dea2762b72643b49faaa2c67e9ab748e3149c7c25e9e852","0-05399122655ba11f68cd79096d6160278f1209fa82e88c8a57d6f6d2fd7bba7d","0-283c896b4d3fc32bf7cc94d557f6437e064cbdd7045850e67c0043c33e796e94","root.record.ItemExhibitList.P5Item.CostElementCategoryList.SpaceVehicle.Recurring.CostElementList.CostElement.ManufacturerList.Manufacturer.HistoryPlanningList.HistoryPlanning"
"2015-04","1","2016-BASE_PROCUREMENT-2016-AIRFORCE_MISSILE-PROCUREMENT_MasterJustificationBook_Air_Force_PB_2016.zzz_unzipped-PROCUREMENT_MasterJustificationBook_Air_Force_PB_2016.xml","c2682d49efaf19193dea2762b72643b49faaa2c67e9ab748e3149c7c25e9e852","0-64cb617a837f7c92be2769ee87a68f71c821f2f02f48a5bc07ebe48238a2382b","1-29598995d29e7b70d4944a3dfb3e4d50c7a07a72f7869b84f442b0b3fe5118c0","root.record.ItemExhibitList.P5Item.CostElementCategoryList.SpaceVehicle.Recurring.CostElementList.CostElement.ManufacturerList.Manufacturer.HistoryPlanningList.HistoryPlanning"
"2022-02","1","2016-BASE_PROCUREMENT-2016-AIRFORCE_SPACE-PROCUREMENT_JustificationBook_Air_Force_PB_2016.zzz_unzipped-PROCUREMENT_JustificationBook_Air_Force_PB_2016.xml","678e9f85d37c485a8e95cf2f19be22938c446e29fa4a202f939bb30848017f66","0-116b6e8d7fa60bee704645efe16d2c6a060ca1362ebac064640f9f029b98340a","0-70a48b6692e61b7bc17764af11a7abff4909a4a8e74d8b6b5b23694df9ac8023","root.record.ItemExhibitList.P5Item.CostElementCategoryList.SpaceVehicle.Recurring.CostElementList.CostElement.ManufacturerList.Manufacturer.HistoryPlanningList.HistoryPlanning"
"2023-02","1","2016-BASE_PROCUREMENT-2016-AIRFORCE_SPACE-PROCUREMENT_JustificationBook_Air_Force_PB_2016.zzz_unzipped-PROCUREMENT_JustificationBook_Air_Force_PB_2016.xml","678e9f85d37c485a8e95cf2f19be22938c446e29fa4a202f939bb30848017f66","0-8c0f74f131cb9e4c6be45fa8ab8a4145547fe713b0caa432f59adf6e288f4ba1","1-dc5dab79ef7ab691ac456335d645dd49bbfcf8c9264d508446a734cfe28f2501","root.record.ItemExhibitList.P5Item.CostElementCategoryList.SpaceVehicle.Recurring.CostElementList.CostElement.ManufacturerList.Manufacturer.HistoryPlanningList.HistoryPlanning"
"2023-06","1","2016-BASE_PROCUREMENT-2016-AIRFORCE_SPACE-PROCUREMENT_JustificationBook_Air_Force_PB_2016.zzz_unzipped-PROCUREMENT_JustificationBook_Air_Force_PB_2016.xml","678e9f85d37c485a8e95cf2f19be22938c446e29fa4a202f939bb30848017f66","1-578f34f68057fca9371bc5506278bde0f05a717306ea26d5dde3397911dd4ee1","1-dc5dab79ef7ab691ac456335d645dd49bbfcf8c9264d508446a734cfe28f2501","root.record.ItemExhibitList.P5Item.CostElementCategoryList.SpaceVehicle.Recurring.CostElementList.CostElement.ManufacturerList.Manufacturer.HistoryPlanningList.HistoryPlanning"
"2023-10","1","2016-BASE_PROCUREMENT-2016-AIRFORCE_SPACE-PROCUREMENT_JustificationBook_Air_Force_PB_2016.zzz_unzipped-PROCUREMENT_JustificationBook_Air_Force_PB_2016.xml","678e9f85d37c485a8e95cf2f19be22938c446e29fa4a202f939bb30848017f66","2-527c660fbf19d2ba93e47e3fefdb37e00475b9d2831bb5fc6be74b817231aeac","1-dc5dab79ef7ab691ac456335d645dd49bbfcf8c9264d508446a734cfe28f2501","root.record.ItemExhibitList.P5Item.CostElementCategoryList.SpaceVehicle.Recurring.CostElementList.CostElement.ManufacturerList.Manufacturer.HistoryPlanningList.HistoryPlanning"
"2024-02","1","2016-BASE_PROCUREMENT-2016-AIRFORCE_SPACE-PROCUREMENT_JustificationBook_Air_Force_PB_2016.zzz_unzipped-PROCUREMENT_JustificationBook_Air_Force_PB_2016.xml","678e9f85d37c485a8e95cf2f19be22938c446e29fa4a202f939bb30848017f66","0-35ec1d99ea541b6928236d757cd538f3a64752494b2c73a05dab8b3e1505c0c6","2-e59066acb60367a51b6c8ac7271570feeb5d2075d02127b6f357f97305388e1a","root.record.ItemExhibitList.P5Item.CostElementCategoryList.SpaceVehicle.Recurring.CostElementList.CostElement.ManufacturerList.Manufacturer.HistoryPlanningList.HistoryPlanning"
"2024-06","1","2016-BASE_PROCUREMENT-2016-AIRFORCE_SPACE-PROCUREMENT_JustificationBook_Air_Force_PB_2016.zzz_unzipped-PROCUREMENT_JustificationBook_Air_Force_PB_2016.xml","678e9f85d37c485a8e95cf2f19be22938c446e29fa4a202f939bb30848017f66","1-e4b1a833d53bb3712a02f6f965b7c668aab0b59b64223be0c0f3bddd208d9ec0","2-e59066acb60367a51b6c8ac7271570feeb5d2075d02127b6f357f97305388e1a","root.record.ItemExhibitList.P5Item.CostElementCategoryList.SpaceVehicle.Recurring.CostElementList.CostElement.ManufacturerList.Manufacturer.HistoryPlanningList.HistoryPlanning"
"2024-10","1","2016-BASE_PROCUREMENT-2016-AIRFORCE_SPACE-PROCUREMENT_JustificationBook_Air_Force_PB_2016.zzz_unzipped-PROCUREMENT_JustificationBook_Air_Force_PB_2016.xml","678e9f85d37c485a8e95cf2f19be22938c446e29fa4a202f939bb30848017f66","2-882fa04b933cfdb8f5c298c6871b1de0b3baca39a0daf080f61fe62d62a54460","2-e59066acb60367a51b6c8ac7271570feeb5d2075d02127b6f357f97305388e1a","root.record.ItemExhibitList.P5Item.CostElementCategoryList.SpaceVehicle.Recurring.CostElementList.CostElement.ManufacturerList.Manufacturer.HistoryPlanningList.HistoryPlanning"
"2025-02","1","2016-BASE_PROCUREMENT-2016-AIRFORCE_SPACE-PROCUREMENT_JustificationBook_Air_Force_PB_2016.zzz_unzipped-PROCUREMENT_JustificationBook_Air_Force_PB_2016.xml","678e9f85d37c485a8e95cf2f19be22938c446e29fa4a202f939bb30848017f66","0-263aecfceabca247f6ddfab7b558b5ed1d0ef9ef560271374598d82857f0d2e7","3-5f91e51794bc97e257aea38032fecde56ce2625d69c8c66099c9f13f54823d8f","root.record.ItemExhibitList.P5Item.CostElementCategoryList.SpaceVehicle.Recurring.CostElementList.CostElement.ManufacturerList.Manufacturer.HistoryPlanningList.HistoryPlanning"
"2025-06","1","2016-BASE_PROCUREMENT-2016-AIRFORCE_SPACE-PROCUREMENT_JustificationBook_Air_Force_PB_2016.zzz_unzipped-PROCUREMENT_JustificationBook_Air_Force_PB_2016.xml","678e9f85d37c485a8e95cf2f19be22938c446e29fa4a202f939bb30848017f66","1-1a3f3bc22dbb564b8abd33c1458b99b31fb9c8471bd7c8d7c6118031ecaa27d6","3-5f91e51794bc97e257aea38032fecde56ce2625d69c8c66099c9f13f54823d8f","root.record.ItemExhibitList.P5Item.CostElementCategoryList.SpaceVehicle.Recurring.CostElementList.CostElement.ManufacturerList.Manufacturer.HistoryPlanningList.HistoryPlanning"
"2025-10","1","2016-BASE_PROCUREMENT-2016-AIRFORCE_SPACE-PROCUREMENT_JustificationBook_Air_Force_PB_2016.zzz_unzipped-PROCUREMENT_JustificationBook_Air_Force_PB_2016.xml","678e9f85d37c485a8e95cf2f19be22938c446e29fa4a202f939bb30848017f66","2-27646c6c8e67bb986b5cbbfea1e2a72261e36a9b2bef7f4849eba848470138d7","3-5f91e51794bc97e257aea38032fecde56ce2625d69c8c66099c9f13f54823d8f","root.record.ItemExhibitList.P5Item.CostElementCategoryList.SpaceVehicle.Recurring.CostElementList.CostElement.ManufacturerList.Manufacturer.HistoryPlanningList.HistoryPlanning"
"2022-02","1","2016-BASE_PROCUREMENT-2016-AIRFORCE_SPACE-PROCUREMENT_MasterJustificationBook_Air_Force_PB_2016.zzz_unzipped-PROCUREMENT_MasterJustificationBook_Air_Force_PB_2016.xml","c5a4557238b31f1521498953a3c7e3ef4b25abd540d107617a261a54274c2734","0-0488df45f715a1d8bfc2c441f6dae005de63330b99cd8c5fb09e2f4a787b2dfb","0-c5c9318415d6ac4dddbfb1409f809f88516ca9993862540c6f0627aa2d134bb8","root.record.ItemExhibitList.P5Item.CostElementCategoryList.SpaceVehicle.Recurring.CostElementList.CostElement.ManufacturerList.Manufacturer.HistoryPlanningList.HistoryPlanning"
"2023-02","1","2016-BASE_PROCUREMENT-2016-AIRFORCE_SPACE-PROCUREMENT_MasterJustificationBook_Air_Force_PB_2016.zzz_unzipped-PROCUREMENT_MasterJustificationBook_Air_Force_PB_2016.xml","c5a4557238b31f1521498953a3c7e3ef4b25abd540d107617a261a54274c2734","0-def7f06321d5261ad2639c86a179a41ebdca60e2c8cdcd85351c95bddc6fe024","1-4bfd18d4dfd394c8f2ecf11536c9ad763a3d37e1673f37e0e9eb22c85db25100","root.record.ItemExhibitList.P5Item.CostElementCategoryList.SpaceVehicle.Recurring.CostElementList.CostElement.ManufacturerList.Manufacturer.HistoryPlanningList.HistoryPlanning"
"2023-06","1","2016-BASE_PROCUREMENT-2016-AIRFORCE_SPACE-PROCUREMENT_MasterJustificationBook_Air_Force_PB_2016.zzz_unzipped-PROCUREMENT_MasterJustificationBook_Air_Force_PB_2016.xml","c5a4557238b31f1521498953a3c7e3ef4b25abd540d107617a261a54274c2734","1-18577e46b48cdb83997cb11b83a51cbcfa9c980eb78b9b7158cfd042bfd80fef","1-4bfd18d4dfd394c8f2ecf11536c9ad763a3d37e1673f37e0e9eb22c85db25100","root.record.ItemExhibitList.P5Item.CostElementCategoryList.SpaceVehicle.Recurring.CostElementList.CostElement.ManufacturerList.Manufacturer.HistoryPlanningList.HistoryPlanning"
"2023-10","1","2016-BASE_PROCUREMENT-2016-AIRFORCE_SPACE-PROCUREMENT_MasterJustificationBook_Air_Force_PB_2016.zzz_unzipped-PROCUREMENT_MasterJustificationBook_Air_Force_PB_2016.xml","c5a4557238b31f1521498953a3c7e3ef4b25abd540d107617a261a54274c2734","2-7bb3e4ed285ce8d01b967d41b0a334249bbbce763dffc99b8cc3a23542b3be3d","1-4bfd18d4dfd394c8f2ecf11536c9ad763a3d37e1673f37e0e9eb22c85db25100","root.record.ItemExhibitList.P5Item.CostElementCategoryList.SpaceVehicle.Recurring.CostElementList.CostElement.ManufacturerList.Manufacturer.HistoryPlanningList.HistoryPlanning"
"2024-02","1","2016-BASE_PROCUREMENT-2016-AIRFORCE_SPACE-PROCUREMENT_MasterJustificationBook_Air_Force_PB_2016.zzz_unzipped-PROCUREMENT_MasterJustificationBook_Air_Force_PB_2016.xml","c5a4557238b31f1521498953a3c7e3ef4b25abd540d107617a261a54274c2734","0-c724297268fb5fcc184f06882c7148aeb9fa3f88d72ea30fb238f44271f260a3","2-217dc5e1eb9bbf499f9e955c4a96a584fe1dea7f39176429a3ae6f0ceedf18dd","root.record.ItemExhibitList.P5Item.CostElementCategoryList.SpaceVehicle.Recurring.CostElementList.CostElement.ManufacturerList.Manufacturer.HistoryPlanningList.HistoryPlanning"
"2024-06","1","2016-BASE_PROCUREMENT-2016-AIRFORCE_SPACE-PROCUREMENT_MasterJustificationBook_Air_Force_PB_2016.zzz_unzipped-PROCUREMENT_MasterJustificationBook_Air_Force_PB_2016.xml","c5a4557238b31f1521498953a3c7e3ef4b25abd540d107617a261a54274c2734","1-bc0d5e24213595813001949d9d15ec9abadaed590d541059d7ea9d2c21ddc2e4","2-217dc5e1eb9bbf499f9e955c4a96a584fe1dea7f39176429a3ae6f0ceedf18dd","root.record.ItemExhibitList.P5Item.CostElementCategoryList.SpaceVehicle.Recurring.CostElementList.CostElement.ManufacturerList.Manufacturer.HistoryPlanningList.HistoryPlanning"
"2024-10","1","2016-BASE_PROCUREMENT-2016-AIRFORCE_SPACE-PROCUREMENT_MasterJustificationBook_Air_Force_PB_2016.zzz_unzipped-PROCUREMENT_MasterJustificationBook_Air_Force_PB_2016.xml","c5a4557238b31f1521498953a3c7e3ef4b25abd540d107617a261a54274c2734","2-a71784de39c422d91ed7f278880d9ad9a511a8eeb0db55bfa02f49fe8c8b0173","2-217dc5e1eb9bbf499f9e955c4a96a584fe1dea7f39176429a3ae6f0ceedf18dd","root.record.ItemExhibitList.P5Item.CostElementCategoryList.SpaceVehicle.Recurring.CostElementList.CostElement.ManufacturerList.Manufacturer.HistoryPlanningList.HistoryPlanning"
"2025-02","1","2016-BASE_PROCUREMENT-2016-AIRFORCE_SPACE-PROCUREMENT_MasterJustificationBook_Air_Force_PB_2016.zzz_unzipped-PROCUREMENT_MasterJustificationBook_Air_Force_PB_2016.xml","c5a4557238b31f1521498953a3c7e3ef4b25abd540d107617a261a54274c2734","0-0419077bba6990edab1ae870aa9f19a43619b6240262b01dff34c4692b44b190","3-4c154e49eb6df07862389f08d529ccce77513cfe2fbf7bda175f3b51ec414cbc","root.record.ItemExhibitList.P5Item.CostElementCategoryList.SpaceVehicle.Recurring.CostElementList.CostElement.ManufacturerList.Manufacturer.HistoryPlanningList.HistoryPlanning"
"2025-06","1","2016-BASE_PROCUREMENT-2016-AIRFORCE_SPACE-PROCUREMENT_MasterJustificationBook_Air_Force_PB_2016.zzz_unzipped-PROCUREMENT_MasterJustificationBook_Air_Force_PB_2016.xml","c5a4557238b31f1521498953a3c7e3ef4b25abd540d107617a261a54274c2734","1-68dd8f268af85868cea20848a7c9a48fae6ae6a28ab1a4e4574acec5f98d0dba","3-4c154e49eb6df07862389f08d529ccce77513cfe2fbf7bda175f3b51ec414cbc","root.record.ItemExhibitList.P5Item.CostElementCategoryList.SpaceVehicle.Recurring.CostElementList.CostElement.ManufacturerList.Manufacturer.HistoryPlanningList.HistoryPlanning"
"2025-10","1","2016-BASE_PROCUREMENT-2016-AIRFORCE_SPACE-PROCUREMENT_MasterJustificationBook_Air_Force_PB_2016.zzz_unzipped-PROCUREMENT_MasterJustificationBook_Air_Force_PB_2016.xml","c5a4557238b31f1521498953a3c7e3ef4b25abd540d107617a261a54274c2734","2-025990efed5fb3a798f8251c2f33d8ab2e13dcaae5d3e9f28718bef1c4b36e6e","3-4c154e49eb6df07862389f08d529ccce77513cfe2fbf7bda175f3b51ec414cbc","root.record.ItemExhibitList.P5Item.CostElementCategoryList.SpaceVehicle.Recurring.CostElementList.CostElement.ManufacturerList.Manufacturer.HistoryPlanningList.HistoryPlanning"
"2017-02","1","2017-BASE_PROCUREMENT-2017-AIRFORCE_MISSILE-U_PROCUREMENT_JustificationBook_Air_Force_PB_2017.zzz_unzipped-U_PROCUREMENT_JustificationBook_Air_Force_PB_2017.xml","5733047dfa31cd67a8141efe5785b608b17f62b6e02b6fa53ec7b98245eb3cb2","0-bcf40ef7227b1ffb13a7f82b6431c25dc008e90871ff5a2b06339f04a84cfe04","0-3a6bffbc1f266ae7813a0de2ed0b0a1ee4e872fc6843c14961a56a23f90a2532","root.record.ItemExhibitList.P5Item.CostElementCategoryList.SpaceVehicle.Recurring.CostElementList.CostElement.ManufacturerList.Manufacturer.HistoryPlanningList.HistoryPlanning"
"2018-06","1","2017-BASE_PROCUREMENT-2017-AIRFORCE_MISSILE-U_PROCUREMENT_JustificationBook_Air_Force_PB_2017.zzz_unzipped-U_PROCUREMENT_JustificationBook_Air_Force_PB_2017.xml","5733047dfa31cd67a8141efe5785b608b17f62b6e02b6fa53ec7b98245eb3cb2","0-1347f30018efac44d18b9ff7211be01a66d9ef4bc57a18a547a994b839df05f7","0-f0f6db769e281fac987663b7ad899cf791f3683be5bc8de949345b9f872fe9c8","root.record.ItemExhibitList.P5Item.CostElementCategoryList.SpaceVehicle.Recurring.CostElementList.CostElement.ManufacturerList.Manufacturer.HistoryPlanningList.HistoryPlanning"
"2019-02","1","2017-BASE_PROCUREMENT-2017-AIRFORCE_MISSILE-U_PROCUREMENT_JustificationBook_Air_Force_PB_2017.zzz_unzipped-U_PROCUREMENT_JustificationBook_Air_Force_PB_2017.xml","5733047dfa31cd67a8141efe5785b608b17f62b6e02b6fa53ec7b98245eb3cb2","1-d222b7826a1dd1d73c9e298af365c8b1cd097055d1d5792388e4bed51416a345","0-f0f6db769e281fac987663b7ad899cf791f3683be5bc8de949345b9f872fe9c8","root.record.ItemExhibitList.P5Item.CostElementCategoryList.SpaceVehicle.Recurring.CostElementList.CostElement.ManufacturerList.Manufacturer.HistoryPlanningList.HistoryPlanning"
"2016-09","1","2017-BASE_PROCUREMENT-2017-AIRFORCE_MISSILE-U_PROCUREMENT_JustificationBook_Air_Force_PB_2017.zzz_unzipped-U_PROCUREMENT_JustificationBook_Air_Force_PB_2017.xml","605714345c719f1dbbd12a25da57f4edb17db986c06354604455cc112db54165","0-ba9e254509c6a74a36ac14282e93c38d218479e556be7beb95c1aa29782ac081","0-bcec8ffbd6bd9509563d6f61f8f2ca1813b58ac50bfcede8eac829e6de360578","root.record.ItemExhibitList.P5Item.CostElementCategoryList.SpaceVehicle.Recurring.CostElementList.CostElement.ManufacturerList.Manufacturer.HistoryPlanningList.HistoryPlanning"
"2017-12","1","2017-BASE_PROCUREMENT-2017-AIRFORCE_MISSILE-U_PROCUREMENT_JustificationBook_Air_Force_PB_2017.zzz_unzipped-U_PROCUREMENT_JustificationBook_Air_Force_PB_2017.xml","605714345c719f1dbbd12a25da57f4edb17db986c06354604455cc112db54165","0-0f8393fcb62e7cac326c3a6b3653fdac37848147e95cbf1c70f50ebb69575cac","0-81defc5ce2eb1d365f727100d5921e0e271be49838950f333ffb9c169e46cfec","root.record.ItemExhibitList.P5Item.CostElementCategoryList.SpaceVehicle.Recurring.CostElementList.CostElement.ManufacturerList.Manufacturer.HistoryPlanningList.HistoryPlanning"
"2021-03","1","2017-BASE_PROCUREMENT-2017-AIRFORCE_MISSILE-U_PROCUREMENT_JustificationBook_Air_Force_PB_2017.zzz_unzipped-U_PROCUREMENT_JustificationBook_Air_Force_PB_2017.xml","8812b305f9c99363a5a1d7cbc6180c2a407f3341b9e7ecd10b20a4efc5f5605a","0-64c6bb3b0a8bf37308198c45c8fd8c5930fe2f0ebdaf3853e663332866e4ae28","1-108c85922c2fa1f1f9e1c41150ae51965c3cbfd423ec9a607bd01be114832282","root.record.ItemExhibitList.P5Item.CostElementCategoryList.SpaceVehicle.Recurring.CostElementList.CostElement.ManufacturerList.Manufacturer.HistoryPlanningList.HistoryPlanning"
"2017-07","1","2017-BASE_PROCUREMENT-2017-AIRFORCE_MISSILE-U_PROCUREMENT_JustificationBook_Air_Force_PB_2017.zzz_unzipped-U_PROCUREMENT_JustificationBook_Air_Force_PB_2017.xml","0044feba6c5f103dc52333af25237d8df99ab8495c014e88535cc38b2a15aca5","0-448f2c7fd78816b756867f62ac0200c449c80fb43fdeab28697b70ea8447363f","0-9e3a4c02487ba35a3779b76b9df4637e6e63e619c724ac3ac5e61c33c09939fe","root.record.ItemExhibitList.P5Item.CostElementCategoryList.SpaceVehicle.Recurring.CostElementList.CostElement.ManufacturerList.Manufacturer.HistoryPlanningList.HistoryPlanning"
"2016-05","1","2017-BASE_PROCUREMENT-2017-AIRFORCE_MISSILE-U_PROCUREMENT_JustificationBook_Air_Force_PB_2017.zzz_unzipped-U_PROCUREMENT_JustificationBook_Air_Force_PB_2017.xml","0044feba6c5f103dc52333af25237d8df99ab8495c014e88535cc38b2a15aca5","0-8a7732a4dfe34fd3f700fac6d61a0f63721f6800c0427cf6b08de13c0d574b15","1-8f632dfb09edf2d6c0577c0f7a9039f574d67c41c50737ebaebbfb14fe968fdf","root.record.ItemExhibitList.P5Item.CostElementCategoryList.SpaceVehicle.Recurring.CostElementList.CostElement.ManufacturerList.Manufacturer.HistoryPlanningList.HistoryPlanning"
"2020-09","1","2017-BASE_PROCUREMENT-2017-AIRFORCE_MISSILE-U_PROCUREMENT_JustificationBook_Air_Force_PB_2017.zzz_unzipped-U_PROCUREMENT_JustificationBook_Air_Force_PB_2017.xml","0044feba6c5f103dc52333af25237d8df99ab8495c014e88535cc38b2a15aca5","0-c4b479bde1eb1caa69b5e6437276d5c8f2be4a4a7bc80ccab8d7bf9e8028a19e","0-cf361b560f892547a59015a4dd2869acdd4efc0cf43051fc40bae1e2f6c336f7","root.record.ItemExhibitList.P5Item.CostElementCategoryList.SpaceVehicle.Recurring.CostElementList.CostElement.ManufacturerList.Manufacturer.HistoryPlanningList.HistoryPlanning"
"2021-07","1","2017-BASE_PROCUREMENT-2017-AIRFORCE_MISSILE-U_PROCUREMENT_JustificationBook_Air_Force_PB_2017.zzz_unzipped-U_PROCUREMENT_JustificationBook_Air_Force_PB_2017.xml","0044feba6c5f103dc52333af25237d8df99ab8495c014e88535cc38b2a15aca5","1-952702d819bc5ef87395aa67ca637340d224e1ed8e7cfdda81d7d4ea29fc389e","0-cf361b560f892547a59015a4dd2869acdd4efc0cf43051fc40bae1e2f6c336f7","root.record.ItemExhibitList.P5Item.CostElementCategoryList.SpaceVehicle.Recurring.CostElementList.CostElement.ManufacturerList.Manufacturer.HistoryPlanningList.HistoryPlanning"
"2013-06","1","2017-BASE_PROCUREMENT-2017-AIRFORCE_MISSILE-U_PROCUREMENT_JustificationBook_Air_Force_PB_2017.zzz_unzipped-U_PROCUREMENT_JustificationBook_Air_Force_PB_2017.xml","0044feba6c5f103dc52333af25237d8df99ab8495c014e88535cc38b2a15aca5","0-03add069ef2343dc66a460545c3fee616a1e7f86d5a20222e8b2ff751c0684e0","0-d1fc6a0b1e5001aa7a6a487a5fb6aa9f60a2259b9dc224bf4d09c4400f2e8620","root.record.ItemExhibitList.P5Item.CostElementCategoryList.SpaceVehicle.Recurring.CostElementList.CostElement.ManufacturerList.Manufacturer.HistoryPlanningList.HistoryPlanning"
"2015-05","1","2017-BASE_PROCUREMENT-2017-AIRFORCE_MISSILE-U_PROCUREMENT_JustificationBook_Air_Force_PB_2017.zzz_unzipped-U_PROCUREMENT_JustificationBook_Air_Force_PB_2017.xml","0044feba6c5f103dc52333af25237d8df99ab8495c014e88535cc38b2a15aca5","0-65cffe21c2cdab6b65da75eb7860942bc58cb939ba4920ab803858169188a59b","1-aa82b249ef3db3f0b6d4c1cb6f2b412a33909148f041a3aaafdaea6f20a65f0f","root.record.ItemExhibitList.P5Item.CostElementCategoryList.SpaceVehicle.Recurring.CostElementList.CostElement.ManufacturerList.Manufacturer.HistoryPlanningList.HistoryPlanning"
"2017-02","1","2017-BASE_PROCUREMENT-2017-AIRFORCE_MISSILE-U_PROCUREMENT_MasterJustificationBook_Air_Force_PB_2017.zzz_unzipped-U_PROCUREMENT_MasterJustificationBook_Air_Force_PB_2017.xml","d561ba4a25d84282efd1d93f8144ea01f8adfa23345c2352de73f67eaa21493b","0-d1317a4279ccf40e08a3a9f622849af809853f5a3334fa6f986767c02c85aa2d","0-454f2115f68d9db064adb31f02b5c43f60b1cdfcfa756b4fbeae3f631e0c254a","root.record.ItemExhibitList.P5Item.CostElementCategoryList.SpaceVehicle.Recurring.CostElementList.CostElement.ManufacturerList.Manufacturer.HistoryPlanningList.HistoryPlanning"
"2018-06","1","2017-BASE_PROCUREMENT-2017-AIRFORCE_MISSILE-U_PROCUREMENT_MasterJustificationBook_Air_Force_PB_2017.zzz_unzipped-U_PROCUREMENT_MasterJustificationBook_Air_Force_PB_2017.xml","d561ba4a25d84282efd1d93f8144ea01f8adfa23345c2352de73f67eaa21493b","0-122a48a38e42f0bdda211671dde4461c979029e3a2f424f55f157788a8dbf516","0-c4486013119523f6b9d098df5b88da76793beb9f940eb3b81fc1059aff1de781","root.record.ItemExhibitList.P5Item.CostElementCategoryList.SpaceVehicle.Recurring.CostElementList.CostElement.ManufacturerList.Manufacturer.HistoryPlanningList.HistoryPlanning"
"2019-02","1","2017-BASE_PROCUREMENT-2017-AIRFORCE_MISSILE-U_PROCUREMENT_MasterJustificationBook_Air_Force_PB_2017.zzz_unzipped-U_PROCUREMENT_MasterJustificationBook_Air_Force_PB_2017.xml","d561ba4a25d84282efd1d93f8144ea01f8adfa23345c2352de73f67eaa21493b","1-3728a5deba1e12cfb5dccaffeae0bc23f1b34f7d32e464efa880aac36009d9db","0-c4486013119523f6b9d098df5b88da76793beb9f940eb3b81fc1059aff1de781","root.record.ItemExhibitList.P5Item.CostElementCategoryList.SpaceVehicle.Recurring.CostElementList.CostElement.ManufacturerList.Manufacturer.HistoryPlanningList.HistoryPlanning"
"2016-09","1","2017-BASE_PROCUREMENT-2017-AIRFORCE_MISSILE-U_PROCUREMENT_MasterJustificationBook_Air_Force_PB_2017.zzz_unzipped-U_PROCUREMENT_MasterJustificationBook_Air_Force_PB_2017.xml","18f40b4580e69dc9aeb591abe8445674c8895eab656f114641c7584f15991f80","0-4948f80ebf07fcd4eecbac669f12ad6bb11e852eb88979905cf0f0fe23c29125","0-e79caa57c7cd61a905f32e97104548904dc20ea0227afcf737a1812bd7b5c0e0","root.record.ItemExhibitList.P5Item.CostElementCategoryList.SpaceVehicle.Recurring.CostElementList.CostElement.ManufacturerList.Manufacturer.HistoryPlanningList.HistoryPlanning"
"2017-12","1","2017-BASE_PROCUREMENT-2017-AIRFORCE_MISSILE-U_PROCUREMENT_MasterJustificationBook_Air_Force_PB_2017.zzz_unzipped-U_PROCUREMENT_MasterJustificationBook_Air_Force_PB_2017.xml","18f40b4580e69dc9aeb591abe8445674c8895eab656f114641c7584f15991f80","0-4e4b4e8ce6e265147a482ab3932cc213ab15301cc3840162e41a3c312ce067b4","0-5edd2edb742dc07fe270d9699ed2b5cbff077429031eccb5f1f31c554e25b3f6","root.record.ItemExhibitList.P5Item.CostElementCategoryList.SpaceVehicle.Recurring.CostElementList.CostElement.ManufacturerList.Manufacturer.HistoryPlanningList.HistoryPlanning"
"2021-03","1","2017-BASE_PROCUREMENT-2017-AIRFORCE_MISSILE-U_PROCUREMENT_MasterJustificationBook_Air_Force_PB_2017.zzz_unzipped-U_PROCUREMENT_MasterJustificationBook_Air_Force_PB_2017.xml","cdbb4fb4f6ae602204437f67f704687063469c0fb2ddc7876c6d3d17897d780a","0-8984fcb5e7336996f4e509981251986dfa5a7a8bded22fbcf0514e432a5a1dd7","1-6f2d9bc4acecc44bc1aff50bfd527a5b0ac24b3ba37111c7ab584d9f514e7465","root.record.ItemExhibitList.P5Item.CostElementCategoryList.SpaceVehicle.Recurring.CostElementList.CostElement.ManufacturerList.Manufacturer.HistoryPlanningList.HistoryPlanning"
"2017-07","1","2017-BASE_PROCUREMENT-2017-AIRFORCE_MISSILE-U_PROCUREMENT_MasterJustificationBook_Air_Force_PB_2017.zzz_unzipped-U_PROCUREMENT_MasterJustificationBook_Air_Force_PB_2017.xml","ba076296aff15c2f2961886b84d8a001a53c229bc2b8cc2bff1bf90636aa7516","0-187ddfb787fa69a46e624603b0f12a4af7a5618d73e2b1ab61b74870095e4b63","0-87ffa888d60ded5f9b59b940605712bd3bf26d7cf753c39e36573e598a8dd7a7","root.record.ItemExhibitList.P5Item.CostElementCategoryList.SpaceVehicle.Recurring.CostElementList.CostElement.ManufacturerList.Manufacturer.HistoryPlanningList.HistoryPlanning"
"2016-05","1","2017-BASE_PROCUREMENT-2017-AIRFORCE_MISSILE-U_PROCUREMENT_MasterJustificationBook_Air_Force_PB_2017.zzz_unzipped-U_PROCUREMENT_MasterJustificationBook_Air_Force_PB_2017.xml","ba076296aff15c2f2961886b84d8a001a53c229bc2b8cc2bff1bf90636aa7516","0-5f2429b76f16fe2a61a3f2ff965068a2d64871869fff83dcd09ce023b947edad","1-4d8224c53e95ead9dbc006b1ede924bfe21cc2f4656bac908995c804eb029b7e","root.record.ItemExhibitList.P5Item.CostElementCategoryList.SpaceVehicle.Recurring.CostElementList.CostElement.ManufacturerList.Manufacturer.HistoryPlanningList.HistoryPlanning"
"2020-09","1","2017-BASE_PROCUREMENT-2017-AIRFORCE_MISSILE-U_PROCUREMENT_MasterJustificationBook_Air_Force_PB_2017.zzz_unzipped-U_PROCUREMENT_MasterJustificationBook_Air_Force_PB_2017.xml","ba076296aff15c2f2961886b84d8a001a53c229bc2b8cc2bff1bf90636aa7516","0-b54701bd3f73ca28d3f6ffe3a0a786af4a0bdbe6de2147faebb446ae1dbc0073","0-639191525144191ee69506345321eef0c0674a85b225e5f623daaebbe965164c","root.record.ItemExhibitList.P5Item.CostElementCategoryList.SpaceVehicle.Recurring.CostElementList.CostElement.ManufacturerList.Manufacturer.HistoryPlanningList.HistoryPlanning"
"2021-07","1","2017-BASE_PROCUREMENT-2017-AIRFORCE_MISSILE-U_PROCUREMENT_MasterJustificationBook_Air_Force_PB_2017.zzz_unzipped-U_PROCUREMENT_MasterJustificationBook_Air_Force_PB_2017.xml","ba076296aff15c2f2961886b84d8a001a53c229bc2b8cc2bff1bf90636aa7516","1-5ae747132f19b0c746ddc7858e7df5e0b25ab49cfd7995c4262bbc44e9fa469f","0-639191525144191ee69506345321eef0c0674a85b225e5f623daaebbe965164c","root.record.ItemExhibitList.P5Item.CostElementCategoryList.SpaceVehicle.Recurring.CostElementList.CostElement.ManufacturerList.Manufacturer.HistoryPlanningList.HistoryPlanning"
"2013-06","1","2017-BASE_PROCUREMENT-2017-AIRFORCE_MISSILE-U_PROCUREMENT_MasterJustificationBook_Air_Force_PB_2017.zzz_unzipped-U_PROCUREMENT_MasterJustificationBook_Air_Force_PB_2017.xml","ba076296aff15c2f2961886b84d8a001a53c229bc2b8cc2bff1bf90636aa7516","0-3d729d61b64a1e6ae20ef06c3d1d35390403603f99e60d69117d91261990e0df","0-f00735c4ffb38f0cf7c26ac40243a7cf89bcf52b69c33f81bf555f6a902051d8","root.record.ItemExhibitList.P5Item.CostElementCategoryList.SpaceVehicle.Recurring.CostElementList.CostElement.ManufacturerList.Manufacturer.HistoryPlanningList.HistoryPlanning"
"2015-05","1","2017-BASE_PROCUREMENT-2017-AIRFORCE_MISSILE-U_PROCUREMENT_MasterJustificationBook_Air_Force_PB_2017.zzz_unzipped-U_PROCUREMENT_MasterJustificationBook_Air_Force_PB_2017.xml","ba076296aff15c2f2961886b84d8a001a53c229bc2b8cc2bff1bf90636aa7516","0-525288cc78422170f1f69dfa9fb424a5bb98e9ea3fa7c1db4022db8512c66c9b","1-10d406ddcc3c3e682ac28980bc4a2137fb612d73c0da603832cfa49cb9bd5be5","root.record.ItemExhibitList.P5Item.CostElementCategoryList.SpaceVehicle.Recurring.CostElementList.CostElement.ManufacturerList.Manufacturer.HistoryPlanningList.HistoryPlanning"
"2021-09","1","2017-BASE_PROCUREMENT-2017-AIRFORCE_SPACE-U_PROCUREMENT_JustificationBook_Air_Force_PB_2017.zzz_unzipped-U_PROCUREMENT_JustificationBook_Air_Force_PB_2017.xml","ac7f5f0c477ea2e319b9718d793e60f8044918482b7746f84839bc5fb8abfd6c","0-0dc85eaaf80b429c1ea6f4972f818fcfee3aa22e621967ac49fb71ebfadc8765","0-7ef5733df721fc994ae92bf8cac1432741f5b3e375eea9e1fc035359fa91f9de","root.record.ItemExhibitList.P5Item.CostElementCategoryList.SpaceVehicle.Recurring.CostElementList.CostElement.ManufacturerList.Manufacturer.HistoryPlanningList.HistoryPlanning"
"2023-02","1","2017-BASE_PROCUREMENT-2017-AIRFORCE_SPACE-U_PROCUREMENT_JustificationBook_Air_Force_PB_2017.zzz_unzipped-U_PROCUREMENT_JustificationBook_Air_Force_PB_2017.xml","ac7f5f0c477ea2e319b9718d793e60f8044918482b7746f84839bc5fb8abfd6c","0-0890defb24d7eceffe826539ca916ded92f1b0274169abe9615a0b86576b1874","0-b3932de5498ca64f90afa3e19be92a5f0baa3446b977dc43924eb23816d78702","root.record.ItemExhibitList.P5Item.CostElementCategoryList.SpaceVehicle.Recurring.CostElementList.CostElement.ManufacturerList.Manufacturer.HistoryPlanningList.HistoryPlanning"
"2023-06","1","2017-BASE_PROCUREMENT-2017-AIRFORCE_SPACE-U_PROCUREMENT_JustificationBook_Air_Force_PB_2017.zzz_unzipped-U_PROCUREMENT_JustificationBook_Air_Force_PB_2017.xml","ac7f5f0c477ea2e319b9718d793e60f8044918482b7746f84839bc5fb8abfd6c","1-813fc32dead796b60f99e54eb8df47e8cb4e02f48a3cca3ee277bc2602269111","0-b3932de5498ca64f90afa3e19be92a5f0baa3446b977dc43924eb23816d78702","root.record.ItemExhibitList.P5Item.CostElementCategoryList.SpaceVehicle.Recurring.CostElementList.CostElement.ManufacturerList.Manufacturer.HistoryPlanningList.HistoryPlanning"
"2024-02","1","2017-BASE_PROCUREMENT-2017-AIRFORCE_SPACE-U_PROCUREMENT_JustificationBook_Air_Force_PB_2017.zzz_unzipped-U_PROCUREMENT_JustificationBook_Air_Force_PB_2017.xml","ac7f5f0c477ea2e319b9718d793e60f8044918482b7746f84839bc5fb8abfd6c","0-c9ff83aa29a3d228956d357be83dd428589adf78254342be8dd09c22d43d2167","1-65afd96274777236b20f3e34f6469454788262b75f0327016c1866dd6135caf5","root.record.ItemExhibitList.P5Item.CostElementCategoryList.SpaceVehicle.Recurring.CostElementList.CostElement.ManufacturerList.Manufacturer.HistoryPlanningList.HistoryPlanning"
"2024-06","1","2017-BASE_PROCUREMENT-2017-AIRFORCE_SPACE-U_PROCUREMENT_JustificationBook_Air_Force_PB_2017.zzz_unzipped-U_PROCUREMENT_JustificationBook_Air_Force_PB_2017.xml","ac7f5f0c477ea2e319b9718d793e60f8044918482b7746f84839bc5fb8abfd6c","1-11007e64421339e1db2eeafcc89acb090ba2da04044b7d8797940d97e48ae78b","1-65afd96274777236b20f3e34f6469454788262b75f0327016c1866dd6135caf5","root.record.ItemExhibitList.P5Item.CostElementCategoryList.SpaceVehicle.Recurring.CostElementList.CostElement.ManufacturerList.Manufacturer.HistoryPlanningList.HistoryPlanning"
"2024-10","1","2017-BASE_PROCUREMENT-2017-AIRFORCE_SPACE-U_PROCUREMENT_JustificationBook_Air_Force_PB_2017.zzz_unzipped-U_PROCUREMENT_JustificationBook_Air_Force_PB_2017.xml","ac7f5f0c477ea2e319b9718d793e60f8044918482b7746f84839bc5fb8abfd6c","2-67e89de8277feb15689ba2294d23461a0e7ac180386a86591bc7377adac9dce3","1-65afd96274777236b20f3e34f6469454788262b75f0327016c1866dd6135caf5","root.record.ItemExhibitList.P5Item.CostElementCategoryList.SpaceVehicle.Recurring.CostElementList.CostElement.ManufacturerList.Manufacturer.HistoryPlanningList.HistoryPlanning"
"2025-02","1","2017-BASE_PROCUREMENT-2017-AIRFORCE_SPACE-U_PROCUREMENT_JustificationBook_Air_Force_PB_2017.zzz_unzipped-U_PROCUREMENT_JustificationBook_Air_Force_PB_2017.xml","ac7f5f0c477ea2e319b9718d793e60f8044918482b7746f84839bc5fb8abfd6c","0-7baa4029005a48910ab272e15619963a4e8f5b4046c0f3a22677661f538b9807","2-606080e0ddeb6c476ac26e961bffd5c4ed715f035bc2dbbced55fca27fd0816f","root.record.ItemExhibitList.P5Item.CostElementCategoryList.SpaceVehicle.Recurring.CostElementList.CostElement.ManufacturerList.Manufacturer.HistoryPlanningList.HistoryPlanning"
"2025-06","1","2017-BASE_PROCUREMENT-2017-AIRFORCE_SPACE-U_PROCUREMENT_JustificationBook_Air_Force_PB_2017.zzz_unzipped-U_PROCUREMENT_JustificationBook_Air_Force_PB_2017.xml","ac7f5f0c477ea2e319b9718d793e60f8044918482b7746f84839bc5fb8abfd6c","1-d59da9a54357718448780328e0ef219a2631ae53879b2ad87d7f39fd119c003a","2-606080e0ddeb6c476ac26e961bffd5c4ed715f035bc2dbbced55fca27fd0816f","root.record.ItemExhibitList.P5Item.CostElementCategoryList.SpaceVehicle.Recurring.CostElementList.CostElement.ManufacturerList.Manufacturer.HistoryPlanningList.HistoryPlanning"
"2025-10","1","2017-BASE_PROCUREMENT-2017-AIRFORCE_SPACE-U_PROCUREMENT_JustificationBook_Air_Force_PB_2017.zzz_unzipped-U_PROCUREMENT_JustificationBook_Air_Force_PB_2017.xml","ac7f5f0c477ea2e319b9718d793e60f8044918482b7746f84839bc5fb8abfd6c","2-19d0c7fc6228417aedb0df54a37280e98cd5e12c0e66e3fba1eefe7076903820","2-606080e0ddeb6c476ac26e961bffd5c4ed715f035bc2dbbced55fca27fd0816f","root.record.ItemExhibitList.P5Item.CostElementCategoryList.SpaceVehicle.Recurring.CostElementList.CostElement.ManufacturerList.Manufacturer.HistoryPlanningList.HistoryPlanning"
"2026-02","1","2017-BASE_PROCUREMENT-2017-AIRFORCE_SPACE-U_PROCUREMENT_JustificationBook_Air_Force_PB_2017.zzz_unzipped-U_PROCUREMENT_JustificationBook_Air_Force_PB_2017.xml","ac7f5f0c477ea2e319b9718d793e60f8044918482b7746f84839bc5fb8abfd6c","0-f888194b3a727755959ac6686b29582a19f273051735a84b0cd79670ae9c921a","3-2b11434d57d706b25fe8cf57276ed94cacfb0400fc3b96e1c5e256ce5bdea49e","root.record.ItemExhibitList.P5Item.CostElementCategoryList.SpaceVehicle.Recurring.CostElementList.CostElement.ManufacturerList.Manufacturer.HistoryPlanningList.HistoryPlanning"
"2026-06","1","2017-BASE_PROCUREMENT-2017-AIRFORCE_SPACE-U_PROCUREMENT_JustificationBook_Air_Force_PB_2017.zzz_unzipped-U_PROCUREMENT_JustificationBook_Air_Force_PB_2017.xml","ac7f5f0c477ea2e319b9718d793e60f8044918482b7746f84839bc5fb8abfd6c","1-ee416f9a4ca43f7afe1ee549ace7038eac8fbedb837af9d8bc1c89b0b5f0019d","3-2b11434d57d706b25fe8cf57276ed94cacfb0400fc3b96e1c5e256ce5bdea49e","root.record.ItemExhibitList.P5Item.CostElementCategoryList.SpaceVehicle.Recurring.CostElementList.CostElement.ManufacturerList.Manufacturer.HistoryPlanningList.HistoryPlanning"
"2021-09","1","2017-BASE_PROCUREMENT-2017-AIRFORCE_SPACE-U_PROCUREMENT_MasterJustificationBook_Air_Force_PB_2017.zzz_unzipped-U_PROCUREMENT_MasterJustificationBook_Air_Force_PB_2017.xml","d04d697926aa20f016e2010f3f7bb3fa4c373c6c6702c3ad57975bf59074690f","0-234c2f99f6fe258982e2adcd4cc8c1c030cfd8a064194d3fda96adb8a32e155d","0-06c3447fee77572fd1ad517b11b1f41a4958a0739fe3a887c9734f36cb21ea30","root.record.ItemExhibitList.P5Item.CostElementCategoryList.SpaceVehicle.Recurring.CostElementList.CostElement.ManufacturerList.Manufacturer.HistoryPlanningList.HistoryPlanning"
"2023-02","1","2017-BASE_PROCUREMENT-2017-AIRFORCE_SPACE-U_PROCUREMENT_MasterJustificationBook_Air_Force_PB_2017.zzz_unzipped-U_PROCUREMENT_MasterJustificationBook_Air_Force_PB_2017.xml","d04d697926aa20f016e2010f3f7bb3fa4c373c6c6702c3ad57975bf59074690f","0-ca5224dd799d83651b2338e8224f50ac6d7a53f4bc175f7f5b2c0db0082bc796","0-832930923e86ae74c2718047f429857968a146fd0708764a0316dae9b890d0a2","root.record.ItemExhibitList.P5Item.CostElementCategoryList.SpaceVehicle.Recurring.CostElementList.CostElement.ManufacturerList.Manufacturer.HistoryPlanningList.HistoryPlanning"
"2023-06","1","2017-BASE_PROCUREMENT-2017-AIRFORCE_SPACE-U_PROCUREMENT_MasterJustificationBook_Air_Force_PB_2017.zzz_unzipped-U_PROCUREMENT_MasterJustificationBook_Air_Force_PB_2017.xml","d04d697926aa20f016e2010f3f7bb3fa4c373c6c6702c3ad57975bf59074690f","1-d837cb96d004ba0c1c7d143286a6512ab7cd2cca8f8ecaa7d37f923aa445ccd8","0-832930923e86ae74c2718047f429857968a146fd0708764a0316dae9b890d0a2","root.record.ItemExhibitList.P5Item.CostElementCategoryList.SpaceVehicle.Recurring.CostElementList.CostElement.ManufacturerList.Manufacturer.HistoryPlanningList.HistoryPlanning"
"2024-02","1","2017-BASE_PROCUREMENT-2017-AIRFORCE_SPACE-U_PROCUREMENT_MasterJustificationBook_Air_Force_PB_2017.zzz_unzipped-U_PROCUREMENT_MasterJustificationBook_Air_Force_PB_2017.xml","d04d697926aa20f016e2010f3f7bb3fa4c373c6c6702c3ad57975bf59074690f","0-75df589a70a3c337dd8eedd5a4d508c19d23f35aa856f600df43de1212c08791","1-4a38daa404b09b44143ad3f27bed9fe25ad00331b40d7a890e045b0270cb057a","root.record.ItemExhibitList.P5Item.CostElementCategoryList.SpaceVehicle.Recurring.CostElementList.CostElement.ManufacturerList.Manufacturer.HistoryPlanningList.HistoryPlanning"
"2024-06","1","2017-BASE_PROCUREMENT-2017-AIRFORCE_SPACE-U_PROCUREMENT_MasterJustificationBook_Air_Force_PB_2017.zzz_unzipped-U_PROCUREMENT_MasterJustificationBook_Air_Force_PB_2017.xml","d04d697926aa20f016e2010f3f7bb3fa4c373c6c6702c3ad57975bf59074690f","1-f53d478979a2548fcb4bc61bdeeec59d1657c30b9abbdf3f7f439ca487a9868a","1-4a38daa404b09b44143ad3f27bed9fe25ad00331b40d7a890e045b0270cb057a","root.record.ItemExhibitList.P5Item.CostElementCategoryList.SpaceVehicle.Recurring.CostElementList.CostElement.ManufacturerList.Manufacturer.HistoryPlanningList.HistoryPlanning"
"2024-10","1","2017-BASE_PROCUREMENT-2017-AIRFORCE_SPACE-U_PROCUREMENT_MasterJustificationBook_Air_Force_PB_2017.zzz_unzipped-U_PROCUREMENT_MasterJustificationBook_Air_Force_PB_2017.xml","d04d697926aa20f016e2010f3f7bb3fa4c373c6c6702c3ad57975bf59074690f","2-5cb10d89f7869c96273d276bb1075ec8232534be876dca491f06de753fa7902f","1-4a38daa404b09b44143ad3f27bed9fe25ad00331b40d7a890e045b0270cb057a","root.record.ItemExhibitList.P5Item.CostElementCategoryList.SpaceVehicle.Recurring.CostElementList.CostElement.ManufacturerList.Manufacturer.HistoryPlanningList.HistoryPlanning"
"2025-02","1","2017-BASE_PROCUREMENT-2017-AIRFORCE_SPACE-U_PROCUREMENT_MasterJustificationBook_Air_Force_PB_2017.zzz_unzipped-U_PROCUREMENT_MasterJustificationBook_Air_Force_PB_2017.xml","d04d697926aa20f016e2010f3f7bb3fa4c373c6c6702c3ad57975bf59074690f","0-2eb0eb52d9b0bde1488889f6f17b0c13098971f6c864b5cf8a35895538be8236","2-c30a516daed3fd9182577331029e85c3d15dc32220d4f5356fff7205b97c5d59","root.record.ItemExhibitList.P5Item.CostElementCategoryList.SpaceVehicle.Recurring.CostElementList.CostElement.ManufacturerList.Manufacturer.HistoryPlanningList.HistoryPlanning"
"2025-06","1","2017-BASE_PROCUREMENT-2017-AIRFORCE_SPACE-U_PROCUREMENT_MasterJustificationBook_Air_Force_PB_2017.zzz_unzipped-U_PROCUREMENT_MasterJustificationBook_Air_Force_PB_2017.xml","d04d697926aa20f016e2010f3f7bb3fa4c373c6c6702c3ad57975bf59074690f","1-1f29871cc6f6d3c3884fe003ff457e5ec018af379984f3a09c02b63fd506ca28","2-c30a516daed3fd9182577331029e85c3d15dc32220d4f5356fff7205b97c5d59","root.record.ItemExhibitList.P5Item.CostElementCategoryList.SpaceVehicle.Recurring.CostElementList.CostElement.ManufacturerList.Manufacturer.HistoryPlanningList.HistoryPlanning"
"2025-10","1","2017-BASE_PROCUREMENT-2017-AIRFORCE_SPACE-U_PROCUREMENT_MasterJustificationBook_Air_Force_PB_2017.zzz_unzipped-U_PROCUREMENT_MasterJustificationBook_Air_Force_PB_2017.xml","d04d697926aa20f016e2010f3f7bb3fa4c373c6c6702c3ad57975bf59074690f","2-fb1b48119df7c7ff7ff2d4721c20c8fa48a357c50e4f8d18a683c5859d7f1000","2-c30a516daed3fd9182577331029e85c3d15dc32220d4f5356fff7205b97c5d59","root.record.ItemExhibitList.P5Item.CostElementCategoryList.SpaceVehicle.Recurring.CostElementList.CostElement.ManufacturerList.Manufacturer.HistoryPlanningList.HistoryPlanning"
"2026-02","1","2017-BASE_PROCUREMENT-2017-AIRFORCE_SPACE-U_PROCUREMENT_MasterJustificationBook_Air_Force_PB_2017.zzz_unzipped-U_PROCUREMENT_MasterJustificationBook_Air_Force_PB_2017.xml","d04d697926aa20f016e2010f3f7bb3fa4c373c6c6702c3ad57975bf59074690f","0-23a5c5c66fb0f7904c6ed27813a0c6cb5bf7738b0afdb47ae72658492212885c","3-267885fefacd8d268ea5ef899f2cddca8c6a36680bc36de728ff754ff39b6cbd","root.record.ItemExhibitList.P5Item.CostElementCategoryList.SpaceVehicle.Recurring.CostElementList.CostElement.ManufacturerList.Manufacturer.HistoryPlanningList.HistoryPlanning"
"2026-06","1","2017-BASE_PROCUREMENT-2017-AIRFORCE_SPACE-U_PROCUREMENT_MasterJustificationBook_Air_Force_PB_2017.zzz_unzipped-U_PROCUREMENT_MasterJustificationBook_Air_Force_PB_2017.xml","d04d697926aa20f016e2010f3f7bb3fa4c373c6c6702c3ad57975bf59074690f","1-d2b862b713db3ca8cd81e67a8ce7156fa893c0e21948b7691e651f1cac4eb715","3-267885fefacd8d268ea5ef899f2cddca8c6a36680bc36de728ff754ff39b6cbd","root.record.ItemExhibitList.P5Item.CostElementCategoryList.SpaceVehicle.Recurring.CostElementList.CostElement.ManufacturerList.Manufacturer.HistoryPlanningList.HistoryPlanning"
"2026-09","1","2020-BASE_PROCUREMENT-2020-AIRFORCE_SPACE-U_PROCUREMENT_JustificationBook_Air_Force_PB_2020.zzz_unzipped-U_PROCUREMENT_JustificationBook_Air_Force_PB_2020.xml","5a38740665df78e7eb7facffa04c59139846bae12f2d6ffa9049758d91c02025","0-83c25ed66af35b21eb7fa991025929569836935533075f7b87ca3aa0ec537e0d","0-111bb5d2e5f0a34979c3acd153229e3bc0e85b12bb51d37b119cd81dcbadccfe","root.record.ItemExhibitList.P5Item.CostElementCategoryList.SpaceVehicle.Recurring.CostElementList.CostElement.ManufacturerList.Manufacturer.HistoryPlanningList.HistoryPlanning"
"2026-09","1","2020-BASE_PROCUREMENT-2020-AIRFORCE_SPACE-U_PROCUREMENT_MasterJustificationBook_Air_Force_PB_2020.zzz_unzipped-U_PROCUREMENT_MasterJustificationBook_Air_Force_PB_2020.xml","00dd4b777b39ccc24b0e35550bc76e23f38f996bbbb47a35d401165957f3b8e3","0-2afa1a6b142e8f16d00f3d0cbdcc10b7bcd92e230c4fa5928f7cbe11af65104a","0-1a068509a505873257cba0537b0a2eb0a69cd10ee8718ea231966533aff4e80d","root.record.ItemExhibitList.P5Item.CostElementCategoryList.SpaceVehicle.Recurring.CostElementList.CostElement.ManufacturerList.Manufacturer.HistoryPlanningList.HistoryPlanning"
