Month_val,Amount_val,@SOURCE_FILENAME,@RECORDID,@ROWID,@PARENTROWID,@PARENT
"2013-07","1","2015-BASE_PROCUREMENT-2015-AIRFORCE_MISSILE-PROCUREMENT_JustificationBook_Air_Force_PB_2015.zzz_unzipped-PROCUREMENT_JustificationBook_Air_Force_PB_2015.xml","30ae9454909107400700f960cfb61afeb2def8bd5984c0c431f47480a6073949","0-504211f994adeb5e60e9e4e8baa797d6106a79058faf7eb28115ea4f688cffbd","0-482e7897ad017d73b0faa242032c164e57cf6f7ada07e8abc3301071d2efaad7","root.record.ItemExhibitList.P5Item.CostElementCategoryList.SpaceVehicle.Recurring.CostElementList.CostElement.ManufacturerList.Manufacturer.HistoryPlanningList.HistoryPlanning"
"2017-02","1","2015-BASE_PROCUREMENT-2015-AIRFORCE_MISSILE-PROCUREMENT_JustificationBook_Air_Force_PB_2015.zzz_unzipped-PROCUREMENT_JustificationBook_Air_Force_PB_2015.xml","30ae9454909107400700f960cfb61afeb2def8bd5984c0c431f47480a6073949","0-227230a87cc29030d650d510f3be092f139f34ce512e6b22e31058b439eb14f9","0-23da727af9dcb9af4232d53dd6bea24450fdc73c45a6fc0e8887336b47c1ce97","root.record.ItemExhibitList.P5Item.CostElementCategoryList.SpaceVehicle.Recurring.CostElementList.CostElement.ManufacturerList.Manufacturer.HistoryPlanningList.HistoryPlanning"
"2018-06","1","2015-BASE_PROCUREMENT-2015-AIRFORCE_MISSILE-PROCUREMENT_JustificationBook_Air_Force_PB_2015.zzz_unzipped-PROCUREMENT_JustificationBook_Air_Force_PB_2015.xml","30ae9454909107400700f960cfb61afeb2def8bd5984c0c431f47480a6073949","0-d7266b5f70070d5f85b2e98a75d020f99973c2860b145249c75ca4e02b3b2600","0-dca9608b33366bef32fe76c4b6571b3ad44e05ca29e6607728175ff774fd4921","root.record.ItemExhibitList.P5Item.CostElementCategoryList.SpaceVehicle.Recurring.CostElementList.CostElement.ManufacturerList.Manufacturer.HistoryPlanningList.HistoryPlanning"
"2019-02","1","2015-BASE_PROCUREMENT-2015-AIRFORCE_MISSILE-PROCUREMENT_JustificationBook_Air_Force_PB_2015.zzz_unzipped-PROCUREMENT_JustificationBook_Air_Force_PB_2015.xml","30ae9454909107400700f960cfb61afeb2def8bd5984c0c431f47480a6073949","1-6102d43bd30bb00dec49b76d4fa221540653d94e3bb40836c7c1bd20c81db452","0-dca9608b33366bef32fe76c4b6571b3ad44e05ca29e6607728175ff774fd4921","root.record.ItemExhibitList.P5Item.CostElementCategoryList.SpaceVehicle.Recurring.CostElementList.CostElement.ManufacturerList.Manufacturer.HistoryPlanningList.HistoryPlanning"
"2015-08","1","2015-BASE_PROCUREMENT-2015-AIRFORCE_MISSILE-PROCUREMENT_JustificationBook_Air_Force_PB_2015.zzz_unzipped-PROCUREMENT_JustificationBook_Air_Force_PB_2015.xml","c37a869e60e61d42aaab36c12b1fe75fa0c74344e8465cb0a899ea5cb0ad8c58","0-f2e37022d2d6fc382e1e6569feac20ccefeb84333a586818b1c08643783712f1","0-5dc26428d2685e2d93eaaf630e394b3416b4297a5105e5c17cfab5c403590253","root.record.ItemExhibitList.P5Item.CostElementCategoryList.SpaceVehicle.Recurring.CostElementList.CostElement.ManufacturerList.Manufacturer.HistoryPlanningList.HistoryPlanning"
"2016-11","1","2015-BASE_PROCUREMENT-2015-AIRFORCE_MISSILE-PROCUREMENT_JustificationBook_Air_Force_PB_2015.zzz_unzipped-PROCUREMENT_JustificationBook_Air_Force_PB_2015.xml","c37a869e60e61d42aaab36c12b1fe75fa0c74344e8465cb0a899ea5cb0ad8c58","0-e3c43cdb1745dff1059c48f452b8093a4f988110f9fbb09b64c972379f65cf31","0-6d83791c718dfb26b26f149842ab3e2edd5334d114e874a47aeb0279c4035632","root.record.ItemExhibitList.P5Item.CostElementCategoryList.SpaceVehicle.Recurring.CostElementList.CostElement.ManufacturerList.Manufacturer.HistoryPlanningList.HistoryPlanning"
"2017-12","1","2015-BASE_PROCUREMENT-2015-AIRFORCE_MISSILE-PROCUREMENT_JustificationBook_Air_Force_PB_2015.zzz_unzipped-PROCUREMENT_JustificationBook_Air_Force_PB_2015.xml","c37a869e60e61d42aaab36c12b1fe75fa0c74344e8465cb0a899ea5cb0ad8c58","0-c84e39c75b792a096645064ea8fadc868037c46587f960b91ed06f77b66a9118","0-5c9e9f0c6c4b87b808120cdb753eeb6e8b1b59071e6d82856efa8c99464fc39c","root.record.ItemExhibitList.P5Item.CostElementCategoryList.SpaceVehicle.Recurring.CostElementList.CostElement.ManufacturerList.Manufacturer.HistoryPlanningList.HistoryPlanning"
"2018-05","1","2015-BASE_PROCUREMENT-2015-AIRFORCE_MISSILE-PROCUREMENT_JustificationBook_Air_Force_PB_2015.zzz_unzipped-PROCUREMENT_JustificationBook_Air_Force_PB_2015.xml","27d3e87bb2fc7e3e342a740b15883c038cc1395873b8ef70810bbcfee7a54946","0-ec026a4a96d6a0c0332e0ad0c195b7efb2cd39d614273ab2dd15814ddc7d287c","0-263e878c3f18bb4d189f23188e42cdf81524dfb40d4275b8e5b6147a76055fb8","root.record.ItemExhibitList.P5Item.CostElementCategoryList.SpaceVehicle.Recurring.CostElementList.CostElement.ManufacturerList.Manufacturer.HistoryPlanningList.HistoryPlanning"
"2019-01","1","2015-BASE_PROCUREMENT-2015-AIRFORCE_MISSILE-PROCUREMENT_JustificationBook_Air_Force_PB_2015.zzz_unzipped-PROCUREMENT_JustificationBook_Air_Force_PB_2015.xml","27d3e87bb2fc7e3e342a740b15883c038cc1395873b8ef70810bbcfee7a54946","1-eb172b155c5cdeb9be8f2e263cb090eb3446ac262c4f987b0bcfe059f38fc306","0-263e878c3f18bb4d189f23188e42cdf81524dfb40d4275b8e5b6147a76055fb8","root.record.ItemExhibitList.P5Item.CostElementCategoryList.SpaceVehicle.Recurring.CostElementList.CostElement.ManufacturerList.Manufacturer.HistoryPlanningList.HistoryPlanning"
"2019-05","1","2015-BASE_PROCUREMENT-2015-AIRFORCE_MISSILE-PROCUREMENT_JustificationBook_Air_Force_PB_2015.zzz_unzipped-PROCUREMENT_JustificationBook_Air_Force_PB_2015.xml","27d3e87bb2fc7e3e342a740b15883c038cc1395873b8ef70810bbcfee7a54946","0-093b19bc222f958540ec3c0e3e003d20b00da29ae284319e10e942ed7831d1b6","1-a413dd127f8c90afbbf4b16064910f865b749dac4c3b3486d5e75a1d5d850788","root.record.ItemExhibitList.P5Item.CostElementCategoryList.SpaceVehicle.Recurring.CostElementList.CostElement.ManufacturerList.Manufacturer.HistoryPlanningList.HistoryPlanning"
"2020-05","1","2015-BASE_PROCUREMENT-2015-AIRFORCE_MISSILE-PROCUREMENT_JustificationBook_Air_Force_PB_2015.zzz_unzipped-PROCUREMENT_JustificationBook_Air_Force_PB_2015.xml","27d3e87bb2fc7e3e342a740b15883c038cc1395873b8ef70810bbcfee7a54946","0-58f7990737eb4f3aa63742ee277f5a628ac0f0c0cd23d3c9a0419cfc806152eb","0-c9215b50a15c70203da9ccfeef8eb54f8b6b066d671159c672a0eeded8b13ffe","root.record.ItemExhibitList.P5Item.CostElementCategoryList.SpaceVehicle.Recurring.CostElementList.CostElement.ManufacturerList.Manufacturer.HistoryPlanningList.HistoryPlanning"
"2013-12","1","2015-BASE_PROCUREMENT-2015-AIRFORCE_MISSILE-PROCUREMENT_JustificationBook_Air_Force_PB_2015.zzz_unzipped-PROCUREMENT_JustificationBook_Air_Force_PB_2015.xml","c137eb1a7e6e50358d93d65f4bc4fdc4e43117fdbd1b33aac5f7816c3b4741c9","0-688cb10edb13912a8ff2df5feab11d53962598b6e05a5fc0baa7b38eb84c3c60","0-d760ea902d6e6034e9debe30dbbe2ac98197c2550088d78a903b042ee8855dd3","root.record.ItemExhibitList.P5Item.CostElementCategoryList.SpaceVehicle.Recurring.CostElementList.CostElement.ManufacturerList.Manufacturer.HistoryPlanningList.HistoryPlanning"
"2013-11","1","2015-BASE_PROCUREMENT-2015-AIRFORCE_MISSILE-PROCUREMENT_JustificationBook_Air_Force_PB_2015.zzz_unzipped-PROCUREMENT_JustificationBook_Air_Force_PB_2015.xml","c137eb1a7e6e50358d93d65f4bc4fdc4e43117fdbd1b33aac5f7816c3b4741c9","0-c4f08cb56d379986c1cd501aa576f3f65e8acf236c4e1877bf4925ce95592327","1-5d3390814c8d3740141c47b92a6568abbf13b1842e749693f050373420a8c34b","root.record.ItemExhibitList.P5Item.CostElementCategoryList.SpaceVehicle.Recurring.CostElementList.CostElement.ManufacturerList.Manufacturer.HistoryPlanningList.HistoryPlanning"
"2013-12","2","2015-BASE_PROCUREMENT-2015-AIRFORCE_MISSILE-PROCUREMENT_JustificationBook_Air_Force_PB_2015.zzz_unzipped-PROCUREMENT_JustificationBook_Air_Force_PB_2015.xml","c137eb1a7e6e50358d93d65f4bc4fdc4e43117fdbd1b33aac5f7816c3b4741c9","1-6c6ef8b7a62e02c1d412b6825b896b384cb30c2bf76b4efd652ae19756431129","1-5d3390814c8d3740141c47b92a6568abbf13b1842e749693f050373420a8c34b","root.record.ItemExhibitList.P5Item.CostElementCategoryList.SpaceVehicle.Recurring.CostElementList.CostElement.ManufacturerList.Manufacturer.HistoryPlanningList.HistoryPlanning"
"2015-09","1","2015-BASE_PROCUREMENT-2015-AIRFORCE_MISSILE-PROCUREMENT_JustificationBook_Air_Force_PB_2015.zzz_unzipped-PROCUREMENT_JustificationBook_Air_Force_PB_2015.xml","b0439627d697f23309d80778f48f7bf9598ab22c86f68e7c8eb97d5630e37c1c","0-1e11371740626237ada63cc7721cb2053ffa876365b06f5efee88f14c67ead7a","0-f41d4f8d9ecc34f076795678342917241cab5a7d385a3ca13dcc34f204995bf4","root.record.ItemExhibitList.P5Item.CostElementCategoryList.SpaceVehicle.Recurring.CostElementList.CostElement.ManufacturerList.Manufacturer.HistoryPlanningList.HistoryPlanning"
"2016-09","1","2015-BASE_PROCUREMENT-2015-AIRFORCE_MISSILE-PROCUREMENT_JustificationBook_Air_Force_PB_2015.zzz_unzipped-PROCUREMENT_JustificationBook_Air_Force_PB_2015.xml","b0439627d697f23309d80778f48f7bf9598ab22c86f68e7c8eb97d5630e37c1c","0-4bb19d7616bd340ad96a5b3717d033097e8ac3862d68a226be50cebad825ba50","1-69db5316529626eeda49b20a22af5747a4bc970f15b6589a9c62dfac2bcf80f8","root.record.ItemExhibitList.P5Item.CostElementCategoryList.SpaceVehicle.Recurring.CostElementList.CostElement.ManufacturerList.Manufacturer.HistoryPlanningList.HistoryPlanning"
"2020-01","1","2015-BASE_PROCUREMENT-2015-AIRFORCE_MISSILE-PROCUREMENT_JustificationBook_Air_Force_PB_2015.zzz_unzipped-PROCUREMENT_JustificationBook_Air_Force_PB_2015.xml","b0439627d697f23309d80778f48f7bf9598ab22c86f68e7c8eb97d5630e37c1c","0-7068ff38383c61d283213f2217456aa2533557b8da217d6ce0a9f60396766620","0-d24ab71466cc951a5b6e3d6106b440088d468e522afe54736d0d5e1dd1e4d8cd","root.record.ItemExhibitList.P5Item.CostElementCategoryList.SpaceVehicle.Recurring.CostElementList.CostElement.ManufacturerList.Manufacturer.HistoryPlanningList.HistoryPlanning"
"2021-01","1","2015-BASE_PROCUREMENT-2015-AIRFORCE_MISSILE-PROCUREMENT_JustificationBook_Air_Force_PB_2015.zzz_unzipped-PROCUREMENT_JustificationBook_Air_Force_PB_2015.xml","b0439627d697f23309d80778f48f7bf9598ab22c86f68e7c8eb97d5630e37c1c","1-b6a81a92456fdd1f94004e26750be4494b68ae9bcbd75d908b840c93be56607a","0-d24ab71466cc951a5b6e3d6106b440088d468e522afe54736d0d5e1dd1e4d8cd","root.record.ItemExhibitList.P5Item.CostElementCategoryList.SpaceVehicle.Recurring.CostElementList.CostElement.ManufacturerList.Manufacturer.HistoryPlanningList.HistoryPlanning"
"2013-06","1","2015-BASE_PROCUREMENT-2015-AIRFORCE_MISSILE-PROCUREMENT_JustificationBook_Air_Force_PB_2015.zzz_unzipped-PROCUREMENT_JustificationBook_Air_Force_PB_2015.xml","b0439627d697f23309d80778f48f7bf9598ab22c86f68e7c8eb97d5630e37c1c","0-bc9b668b8a489908dac973b0560cc33ad1c193e71802a78848d8fedc0024d80c","0-3e8b45457a24ef5d886c66c8d646a9650d25573b38766182db9d49770eb1e003","root.record.ItemExhibitList.P5Item.CostElementCategoryList.SpaceVehicle.Recurring.CostElementList.CostElement.ManufacturerList.Manufacturer.HistoryPlanningList.HistoryPlanning"
"2015-04","1","2015-BASE_PROCUREMENT-2015-AIRFORCE_MISSILE-PROCUREMENT_JustificationBook_Air_Force_PB_2015.zzz_unzipped-PROCUREMENT_JustificationBook_Air_Force_PB_2015.xml","b0439627d697f23309d80778f48f7bf9598ab22c86f68e7c8eb97d5630e37c1c","0-78b291953f3cfadc6efe18ec869c1ed2b9f21fa551813a69ab506f89dbf975b8","1-35b848b055aaeff810b75df5a1526be0e15a01f6213aeaa78b149cdeed44c938","root.record.ItemExhibitList.P5Item.CostElementCategoryList.SpaceVehicle.Recurring.CostElementList.CostElement.ManufacturerList.Manufacturer.HistoryPlanningList.HistoryPlanning"
"2013-07","1","2015-BASE_PROCUREMENT-2015-AIRFORCE_MISSILE-PROCUREMENT_MasterJustificationBook_Air_Force_PB_2015.zzz_unzipped-PROCUREMENT_MasterJustificationBook_Air_Force_PB_2015.xml","2e72d4b6a911533796e4759b9533bc87b03adc8b025726763394585e7d26a646","0-06feef90f52581216a5afe0f77f9d7e415a18bebe6b30a82a2927e97b313a560","0-8a39b1de1550fce9e6bc55b652fbaa58836cdd1684efb589406380a68bcd6988","root.record.ItemExhibitList.P5Item.CostElementCategoryList.SpaceVehicle.Recurring.CostElementList.CostElement.ManufacturerList.Manufacturer.HistoryPlanningList.HistoryPlanning"
"2017-02","1","2015-BASE_PROCUREMENT-2015-AIRFORCE_MISSILE-PROCUREMENT_MasterJustificationBook_Air_Force_PB_2015.zzz_unzipped-PROCUREMENT_MasterJustificationBook_Air_Force_PB_2015.xml","2e72d4b6a911533796e4759b9533bc87b03adc8b025726763394585e7d26a646","0-f3c09d77f768ec02182c2370811bbf94c8f36ae07583865c1afe35d0d4c7fdf1","0-a89e0c1fedc9a9fb06d2f7f3d0c3aa4adf3ac9b18982489f6c2ea577888b7de1","root.record.ItemExhibitList.P5Item.CostElementCategoryList.SpaceVehicle.Recurring.CostElementList.CostElement.ManufacturerList.Manufacturer.HistoryPlanningList.HistoryPlanning"
"2018-06","1","2015-BASE_PROCUREMENT-2015-AIRFORCE_MISSILE-PROCUREMENT_MasterJustificationBook_Air_Force_PB_2015.zzz_unzipped-PROCUREMENT_MasterJustificationBook_Air_Force_PB_2015.xml","2e72d4b6a911533796e4759b9533bc87b03adc8b025726763394585e7d26a646","0-ddca065be5f0e0950293ffc706d801b7e0a8181789b0aa053ecaac0e36542c8c","0-677198d3b7d9d13cbb693e85e9c4d7bd59934507067e64154dda6d180072200b","root.record.ItemExhibitList.P5Item.CostElementCategoryList.SpaceVehicle.Recurring.CostElementList.CostElement.ManufacturerList.Manufacturer.HistoryPlanningList.HistoryPlanning"
"2019-02","1","2015-BASE_PROCUREMENT-2015-AIRFORCE_MISSILE-PROCUREMENT_MasterJustificationBook_Air_Force_PB_2015.zzz_unzipped-PROCUREMENT_MasterJustificationBook_Air_Force_PB_2015.xml","2e72d4b6a911533796e4759b9533bc87b03adc8b025726763394585e7d26a646","1-9ebcb3b27e6d7948938d561bbfe15bf3333ccab2a455478782ea41922e0dc9cc","0-677198d3b7d9d13cbb693e85e9c4d7bd59934507067e64154dda6d180072200b","root.record.ItemExhibitList.P5Item.CostElementCategoryList.SpaceVehicle.Recurring.CostElementList.CostElement.ManufacturerList.Manufacturer.HistoryPlanningList.HistoryPlanning"
"2015-08","1","2015-BASE_PROCUREMENT-2015-AIRFORCE_MISSILE-PROCUREMENT_MasterJustificationBook_Air_Force_PB_2015.zzz_unzipped-PROCUREMENT_MasterJustificationBook_Air_Force_PB_2015.xml","aab4fe41d3a6cad000ba09116b6bf0f452d46c4e39d4020f58578c2d36374ea8","0-4e371c7959ca600bbc50d871bbc6c37bb6599fd81bbff4ec34db3e1c42f33a2f","0-b2bca8815cc7fc0efa90b5c6d724504e14efc3cd259842cc7de10981895d0f07","root.record.ItemExhibitList.P5Item.CostElementCategoryList.SpaceVehicle.Recurring.CostElementList.CostElement.ManufacturerList.Manufacturer.HistoryPlanningList.HistoryPlanning"
"2016-11","1","2015-BASE_PROCUREMENT-2015-AIRFORCE_MISSILE-PROCUREMENT_MasterJustificationBook_Air_Force_PB_2015.zzz_unzipped-PROCUREMENT_MasterJustificationBook_Air_Force_PB_2015.xml","aab4fe41d3a6cad000ba09116b6bf0f452d46c4e39d4020f58578c2d36374ea8","0-19a98b58f48a04b3e180273e6fa007ac5b4bedb3ca9ed42800a93fc1316c9e3f","0-5c2b3b9f10a8f8040ba1bd83fc0be2d6e5ff6527531465d077e13c2409e5e95b","root.record.ItemExhibitList.P5Item.CostElementCategoryList.SpaceVehicle.Recurring.CostElementList.CostElement.ManufacturerList.Manufacturer.HistoryPlanningList.HistoryPlanning"
"2017-12","1","2015-BASE_PROCUREMENT-2015-AIRFORCE_MISSILE-PROCUREMENT_MasterJustificationBook_Air_Force_PB_2015.zzz_unzipped-PROCUREMENT_MasterJustificationBook_Air_Force_PB_2015.xml","aab4fe41d3a6cad000ba09116b6bf0f452d46c4e39d4020f58578c2d36374ea8","0-b07675563066a305afed122dcf08ee17667031504f45da9af019174077055df5","0-26bdcbbc36e8af5cd923e1e3f1fb9c3f63bb60f1698940383e629df75e422ff5","root.record.ItemExhibitList.P5Item.CostElementCategoryList.SpaceVehicle.Recurring.CostElementList.CostElement.ManufacturerList.Manufacturer.HistoryPlanningList.HistoryPlanning"
"2018-05","1","2015-BASE_PROCUREMENT-2015-AIRFORCE_MISSILE-PROCUREMENT_MasterJustificationBook_Air_Force_PB_2015.zzz_unzipped-PROCUREMENT_MasterJustificationBook_Air_Force_PB_2015.xml","33b3b0ad5835d13cc15e7e273b3a3b0e797b8b7474e6a63df610479ef30e8683","0-93708dda1f59f65daf1e0134c6a5c616c96976a244212c75e5501c19df334bc2","0-1d02545dcf56f5c6f9076c87d2d122e6292da390cac07083de8206275dc3b588","root.record.ItemExhibitList.P5Item.CostElementCategoryList.SpaceVehicle.Recurring.CostElementList.CostElement.ManufacturerList.Manufacturer.HistoryPlanningList.HistoryPlanning"
"2019-01","1","2015-BASE_PROCUREMENT-2015-AIRFORCE_MISSILE-PROCUREMENT_MasterJustificationBook_Air_Force_PB_2015.zzz_unzipped-PROCUREMENT_MasterJustificationBook_Air_Force_PB_2015.xml","33b3b0ad5835d13cc15e7e273b3a3b0e797b8b7474e6a63df610479ef30e8683","1-9bd08868cfb0b35c66dbd9bced140172cf5030f8bf98ae62e9ce9c9bc1cfd097","0-1d02545dcf56f5c6f9076c87d2d122e6292da390cac07083de8206275dc3b588","root.record.ItemExhibitList.P5Item.CostElementCategoryList.SpaceVehicle.Recurring.CostElementList.CostElement.ManufacturerList.Manufacturer.HistoryPlanningList.HistoryPlanning"
"2019-05","1","2015-BASE_PROCUREMENT-2015-AIRFORCE_MISSILE-PROCUREMENT_MasterJustificationBook_Air_Force_PB_2015.zzz_unzipped-PROCUREMENT_MasterJustificationBook_Air_Force_PB_2015.xml","33b3b0ad5835d13cc15e7e273b3a3b0e797b8b7474e6a63df610479ef30e8683","0-6343baae2ba68b4fbf26185b54d826071bcc1a89373ec5b857be1cc084cc1c56","1-fac798ca93a11a1f19220102479dca42587c2d5d3c0ab3053831f7e47aa4621a","root.record.ItemExhibitList.P5Item.CostElementCategoryList.SpaceVehicle.Recurring.CostElementList.CostElement.ManufacturerList.Manufacturer.HistoryPlanningList.HistoryPlanning"
"2020-05","1","2015-BASE_PROCUREMENT-2015-AIRFORCE_MISSILE-PROCUREMENT_MasterJustificationBook_Air_Force_PB_2015.zzz_unzipped-PROCUREMENT_MasterJustificationBook_Air_Force_PB_2015.xml","33b3b0ad5835d13cc15e7e273b3a3b0e797b8b7474e6a63df610479ef30e8683","0-f31cedd034510ef3aedf63324ebc2e10e5e2c8eb794adc4cc66eb350b3f57c87","0-858fe27e86db28b7b7952bbb66a1ba2bd6eb2e50775f7a954bbbe5d1a777fac0","root.record.ItemExhibitList.P5Item.CostElementCategoryList.SpaceVehicle.Recurring.CostElementList.CostElement.ManufacturerList.Manufacturer.HistoryPlanningList.HistoryPlanning"
"2013-12","1","2015-BASE_PROCUREMENT-2015-AIRFORCE_MISSILE-PROCUREMENT_MasterJustificationBook_Air_Force_PB_2015.zzz_unzipped-PROCUREMENT_MasterJustificationBook_Air_Force_PB_2015.xml","0c7f7b4da4a1de97a2ca3f33feecadeecb814a2f6f189f3c6b31c74073587191","0-8b9a3c891b0b504ece92908cb64658e9e74b764ec182441f12919f167f150b68","0-9fe051611551742464842b87c9fee78b91a8f835c9a2462940c205115c42f064","root.record.ItemExhibitList.P5Item.CostElementCategoryList.SpaceVehicle.Recurring.CostElementList.CostElement.ManufacturerList.Manufacturer.HistoryPlanningList.HistoryPlanning"
"2013-11","1","2015-BASE_PROCUREMENT-2015-AIRFORCE_MISSILE-PROCUREMENT_MasterJustificationBook_Air_Force_PB_2015.zzz_unzipped-PROCUREMENT_MasterJustificationBook_Air_Force_PB_2015.xml","0c7f7b4da4a1de97a2ca3f33feecadeecb814a2f6f189f3c6b31c74073587191","0-9bcf547612395f3c119bff90d20448cfd6f435c75f38c1e267aa113f5fce6cb5","1-638fae20368895513839eaf6f994cd7b216bb3da9a933f94db1669d15bf28d59","root.record.ItemExhibitList.P5Item.CostElementCategoryList.SpaceVehicle.Recurring.CostElementList.CostElement.ManufacturerList.Manufacturer.HistoryPlanningList.HistoryPlanning"
"2013-12","2","2015-BASE_PROCUREMENT-2015-AIRFORCE_MISSILE-PROCUREMENT_MasterJustificationBook_Air_Force_PB_2015.zzz_unzipped-PROCUREMENT_MasterJustificationBook_Air_Force_PB_2015.xml","0c7f7b4da4a1de97a2ca3f33feecadeecb814a2f6f189f3c6b31c74073587191","1-de9bde8a955dd4df5e9393c77eb0ade3694d5917ade319bf52725460ff998309","1-638fae20368895513839eaf6f994cd7b216bb3da9a933f94db1669d15bf28d59","root.record.ItemExhibitList.P5Item.CostElementCategoryList.SpaceVehicle.Recurring.CostElementList.CostElement.ManufacturerList.Manufacturer.HistoryPlanningList.HistoryPlanning"
"2015-09","1","2015-BASE_PROCUREMENT-2015-AIRFORCE_MISSILE-PROCUREMENT_MasterJustificationBook_Air_Force_PB_2015.zzz_unzipped-PROCUREMENT_MasterJustificationBook_Air_Force_PB_2015.xml","8c9448bac531fa76bde6d0d330853a3c625667bcc8a7fac5efe03c4154f7d50a","0-f55b68f87316b20f1720ba8f3aba2093efe8dd933872cad2cf5dc5a11206f222","0-85b8ab5747bf858fa15541971f9d1287608d05030a8e7b1fe9f85242df82014b","root.record.ItemExhibitList.P5Item.CostElementCategoryList.SpaceVehicle.Recurring.CostElementList.CostElement.ManufacturerList.Manufacturer.HistoryPlanningList.HistoryPlanning"
"2016-09","1","2015-BASE_PROCUREMENT-2015-AIRFORCE_MISSILE-PROCUREMENT_MasterJustificationBook_Air_Force_PB_2015.zzz_unzipped-PROCUREMENT_MasterJustificationBook_Air_Force_PB_2015.xml","8c9448bac531fa76bde6d0d330853a3c625667bcc8a7fac5efe03c4154f7d50a","0-8c4f87d5699ed041bb4a5be9982801586d2826ee8b1060bc58773d76aaa39e2a","1-0e0da847acac45e70ea9321f46b7b2f7403ce29bba9779b1c967f366f0d30e68","root.record.ItemExhibitList.P5Item.CostElementCategoryList.SpaceVehicle.Recurring.CostElementList.CostElement.ManufacturerList.Manufacturer.HistoryPlanningList.HistoryPlanning"
"2020-01","1","2015-BASE_PROCUREMENT-2015-AIRFORCE_MISSILE-PROCUREMENT_MasterJustificationBook_Air_Force_PB_2015.zzz_unzipped-PROCUREMENT_MasterJustificationBook_Air_Force_PB_2015.xml","8c9448bac531fa76bde6d0d330853a3c625667bcc8a7fac5efe03c4154f7d50a","0-a2faf1d394dcfb7864d96b365280ff89f7a2e1d45bf96635734cfa83bb092092","0-427530d04803e1229f082d5776f4b3a00fcb8ba9ce4a1150260f6aeaf998b09c","root.record.ItemExhibitList.P5Item.CostElementCategoryList.SpaceVehicle.Recurring.CostElementList.CostElement.ManufacturerList.Manufacturer.HistoryPlanningList.HistoryPlanning"
"2021-01","1","2015-BASE_PROCUREMENT-2015-AIRFORCE_MISSILE-PROCUREMENT_MasterJustificationBook_Air_Force_PB_2015.zzz_unzipped-PROCUREMENT_MasterJustificationBook_Air_Force_PB_2015.xml","8c9448bac531fa76bde6d0d330853a3c625667bcc8a7fac5efe03c4154f7d50a","1-421701a3536afd0a4e55a340cf9cab4a66e005998da3e8f5168bf6b5924cd436","0-427530d04803e1229f082d5776f4b3a00fcb8ba9ce4a1150260f6aeaf998b09c","root.record.ItemExhibitList.P5Item.CostElementCategoryList.SpaceVehicle.Recurring.CostElementList.CostElement.ManufacturerList.Manufacturer.HistoryPlanningList.HistoryPlanning"
"2013-06","1","2015-BASE_PROCUREMENT-2015-AIRFORCE_MISSILE-PROCUREMENT_MasterJustificationBook_Air_Force_PB_2015.zzz_unzipped-PROCUREMENT_MasterJustificationBook_Air_Force_PB_2015.xml","8c9448bac531fa76bde6d0d330853a3c625667bcc8a7fac5efe03c4154f7d50a","0-63f02cfe34080169a7fda2c7b94afb0df453e8331d9dea35e3cab36d1ce5aa99","0-6c0d7592695fd0842f43fdfbeba3ab9a21aaebd6273ff60866f1d16e3c60353e","root.record.ItemExhibitList.P5Item.CostElementCategoryList.SpaceVehicle.Recurring.CostElementList.CostElement.ManufacturerList.Manufacturer.HistoryPlanningList.HistoryPlanning"
"2015-04","1","2015-BASE_PROCUREMENT-2015-AIRFORCE_MISSILE-PROCUREMENT_MasterJustificationBook_Air_Force_PB_2015.zzz_unzipped-PROCUREMENT_MasterJustificationBook_Air_Force_PB_2015.xml","8c9448bac531fa76bde6d0d330853a3c625667bcc8a7fac5efe03c4154f7d50a","0-0220c278263efddad30b8c9b7cac81d626354b461e5e92fead562df12a31e2f0","1-16f323ca494e2c8b4c1557f215709a7be85b883537048eb39c35234e6fd5d6cc","root.record.ItemExhibitList.P5Item.CostElementCategoryList.SpaceVehicle.Recurring.CostElementList.CostElement.ManufacturerList.Manufacturer.HistoryPlanningList.HistoryPlanning"
"2017-02","1","2016-BASE_PROCUREMENT-2016-AIRFORCE_MISSILE-PROCUREMENT_JustificationBook_Air_Force_PB_2016.zzz_unzipped-PROCUREMENT_JustificationBook_Air_Force_PB_2016.xml","f830ff0e0232bf531f2a5b472b72627cd21bc5ce1824ae3a2ac074024c5cc4da","0-d7a12cd6eca563c6381fcc2f1de1092fa13b65e5ae41a83c6f53afc6e6dd2b4f","0-09b6b5c600da82a27042102e1906603dae573b5715210a4f3b8b24d163b4c56e","root.record.ItemExhibitList.P5Item.CostElementCategoryList.SpaceVehicle.Recurring.CostElementList.CostElement.ManufacturerList.Manufacturer.HistoryPlanningList.HistoryPlanning"
"2018-06","1","2016-BASE_PROCUREMENT-2016-AIRFORCE_MISSILE-PROCUREMENT_JustificationBook_Air_Force_PB_2016.zzz_unzipped-PROCUREMENT_JustificationBook_Air_Force_PB_2016.xml","f830ff0e0232bf531f2a5b472b72627cd21bc5ce1824ae3a2ac074024c5cc4da","0-c75327a96eeb8ef7c0c8d21e868e9897d55e7ae8b8c76faef4f62ef59c77b1b5","0-f31c58f32c4e5d172175c70cf746f89872db86410e962183b6d37b5672b6763c","root.record.ItemExhibitList.P5Item.CostElementCategoryList.SpaceVehicle.Recurring.CostElementList.CostElement.ManufacturerList.Manufacturer.HistoryPlanningList.HistoryPlanning"
"2019-02","1","2016-BASE_PROCUREMENT-2016-AIRFORCE_MISSILE-PROCUREMENT_JustificationBook_Air_Force_PB_2016.zzz_unzipped-PROCUREMENT_JustificationBook_Air_Force_PB_2016.xml","f830ff0e0232bf531f2a5b472b72627cd21bc5ce1824ae3a2ac074024c5cc4da","1-698d72823b12315568e1e84a5c7000b44fe7bd5c904f6648a591fb1f45639516","0-f31c58f32c4e5d172175c70cf746f89872db86410e962183b6d37b5672b6763c","root.record.ItemExhibitList.P5Item.CostElementCategoryList.SpaceVehicle.Recurring.CostElementList.CostElement.ManufacturerList.Manufacturer.HistoryPlanningList.HistoryPlanning"
"2015-08","1","2016-BASE_PROCUREMENT-2016-AIRFORCE_MISSILE-PROCUREMENT_JustificationBook_Air_Force_PB_2016.zzz_unzipped-PROCUREMENT_JustificationBook_Air_Force_PB_2016.xml","fbc89ecfd8fd3c878cbf0cea6a2240cb085f639d3c3675a249886be5b125c6b6","0-d5a8081e6d499f96b04c0a1310965a4e5b9bd1c5b8f77670ea361e4701aee5de","0-3bd1be14a1fcbf02aecd9af7470a070a1c2c76a3ce2346eedcbdd4ffc9935b5b","root.record.ItemExhibitList.P5Item.CostElementCategoryList.SpaceVehicle.Recurring.CostElementList.CostElement.ManufacturerList.Manufacturer.HistoryPlanningList.HistoryPlanning"
"2016-11","1","2016-BASE_PROCUREMENT-2016-AIRFORCE_MISSILE-PROCUREMENT_JustificationBook_Air_Force_PB_2016.zzz_unzipped-PROCUREMENT_JustificationBook_Air_Force_PB_2016.xml","fbc89ecfd8fd3c878cbf0cea6a2240cb085f639d3c3675a249886be5b125c6b6","0-3e907fee7dfad3b078421dffc9f141f8457757fd63d0b463d7b68bd3e019d290","0-446fdb9a89f9ace9969f370b0742744f467405cd83559444f1b716714b2e9d89","root.record.ItemExhibitList.P5Item.CostElementCategoryList.SpaceVehicle.Recurring.CostElementList.CostElement.ManufacturerList.Manufacturer.HistoryPlanningList.HistoryPlanning"
"2017-12","1","2016-BASE_PROCUREMENT-2016-AIRFORCE_MISSILE-PROCUREMENT_JustificationBook_Air_Force_PB_2016.zzz_unzipped-PROCUREMENT_JustificationBook_Air_Force_PB_2016.xml","fbc89ecfd8fd3c878cbf0cea6a2240cb085f639d3c3675a249886be5b125c6b6","0-6b5e5b5396408d8b029f90d37897179d29ca0cb99e32d3e99fab35aecfcc3ca6","0-9203cb9e601bcfa5b2bca2344931c1b8284048a8c3e9dace525a7580b279d9ca","root.record.ItemExhibitList.P5Item.CostElementCategoryList.SpaceVehicle.Recurring.CostElementList.CostElement.ManufacturerList.Manufacturer.HistoryPlanningList.HistoryPlanning"
"2019-10","1","2016-BASE_PROCUREMENT-2016-AIRFORCE_MISSILE-PROCUREMENT_JustificationBook_Air_Force_PB_2016.zzz_unzipped-PROCUREMENT_JustificationBook_Air_Force_PB_2016.xml","6008af67dd7b7881e921358d5575d7c051f7c3bd933010a35a75621fff5f8ea8","0-15b9b412ca1731e964184be7a0050755d6b10c49036f4eb60b6ea83545fa8b63","0-02794d27b34d0005bc99e2582a18bd305d6d094dc0eec842f92301258bf5a988","root.record.ItemExhibitList.P5Item.CostElementCategoryList.SpaceVehicle.Recurring.CostElementList.CostElement.ManufacturerList.Manufacturer.HistoryPlanningList.HistoryPlanning"
"2020-05","1","2016-BASE_PROCUREMENT-2016-AIRFORCE_MISSILE-PROCUREMENT_JustificationBook_Air_Force_PB_2016.zzz_unzipped-PROCUREMENT_JustificationBook_Air_Force_PB_2016.xml","6008af67dd7b7881e921358d5575d7c051f7c3bd933010a35a75621fff5f8ea8","1-63a5eea4f73d4721540d9b7366900260aed8b1d6b0a43322b1b8dec49aa71362","0-02794d27b34d0005bc99e2582a18bd305d6d094dc0eec842f92301258bf5a988","root.record.ItemExhibitList.P5Item.CostElementCategoryList.SpaceVehicle.Recurring.CostElementList.CostElement.ManufacturerList.Manufacturer.HistoryPlanningList.HistoryPlanning"
"2021-03","1","2016-BASE_PROCUREMENT-2016-AIRFORCE_MISSILE-PROCUREMENT_JustificationBook_Air_Force_PB_2016.zzz_unzipped-PROCUREMENT_JustificationBook_Air_Force_PB_2016.xml","6008af67dd7b7881e921358d5575d7c051f7c3bd933010a35a75621fff5f8ea8","0-bdfbbbe19fadcbd8eb7b3d790fdc5a428ef908b91a3c956ac93055138db273b0","1-4e55484927533b2f94f71962b5bec338b01d95c8c0623ffa90363924ccb51323","root.record.ItemExhibitList.P5Item.CostElementCategoryList.SpaceVehicle.Recurring.CostElementList.CostElement.ManufacturerList.Manufacturer.HistoryPlanningList.HistoryPlanning"
"2017-07","1","2016-BASE_PROCUREMENT-2016-AIRFORCE_MISSILE-PROCUREMENT_JustificationBook_Air_Force_PB_2016.zzz_unzipped-PROCUREMENT_JustificationBook_Air_Force_PB_2016.xml","b7250a7bc654675ae44d6d62c2bb1e4e483647e362d5d04206595c9b29029aa8","0-c3c66d64005d5802665d4cec3f7a9c4acce86bf9a4182f31d428036b76f9c19a","0-5ba578af43dc42b9f3153bd4f2d8168c0f1bd0887d6e709de5f48df94c6a76ab","root.record.ItemExhibitList.P5Item.CostElementCategoryList.SpaceVehicle.Recurring.CostElementList.CostElement.ManufacturerList.Manufacturer.HistoryPlanningList.HistoryPlanning"
"2016-02","1","2016-BASE_PROCUREMENT-2016-AIRFORCE_MISSILE-PROCUREMENT_JustificationBook_Air_Force_PB_2016.zzz_unzipped-PROCUREMENT_JustificationBook_Air_Force_PB_2016.xml","b7250a7bc654675ae44d6d62c2bb1e4e483647e362d5d04206595c9b29029aa8","0-7c991892f2c033ffc04237a33845d240e5679a0b0fe65dcd23bb59c0ea635293","1-1610ac319a17f2762d3344df9c4ef7da9e68147351341623368b5cc8e77d4fd5","root.record.ItemExhibitList.P5Item.CostElementCategoryList.SpaceVehicle.Recurring.CostElementList.CostElement.ManufacturerList.Manufacturer.HistoryPlanningList.HistoryPlanning"
"2020-09","1","2016-BASE_PROCUREMENT-2016-AIRFORCE_MISSILE-PROCUREMENT_JustificationBook_Air_Force_PB_2016.zzz_unzipped-PROCUREMENT_JustificationBook_Air_Force_PB_2016.xml","b7250a7bc654675ae44d6d62c2bb1e4e483647e362d5d04206595c9b29029aa8","0-b296f00a5f21fe49e0d998a9d5f851ddb64a8f804b160a0b222e62072a7fcc2d","0-6c2a3242f6eae09a9dd24acc23df8d077783dab7d9a49acf2900c6062d84fabb","root.record.ItemExhibitList.P5Item.CostElementCategoryList.SpaceVehicle.Recurring.CostElementList.CostElement.ManufacturerList.Manufacturer.HistoryPlanningList.HistoryPlanning"
"2021-07","1","2016-BASE_PROCUREMENT-2016-AIRFORCE_MISSILE-PROCUREMENT_JustificationBook_Air_Force_PB_2016.zzz_unzipped-PROCUREMENT_JustificationBook_Air_Force_PB_2016.xml","b7250a7bc654675ae44d6d62c2bb1e4e483647e362d5d04206595c9b29029aa8","1-a5fcb8bf7c87cb287f15f3e30df411686fc3d3420f3cab9a1c07f5c7f6ad9d77","0-6c2a3242f6eae09a9dd24acc23df8d077783dab7d9a49acf2900c6062d84fabb","root.record.ItemExhibitList.P5Item.CostElementCategoryList.SpaceVehicle.Recurring.CostElementList.CostElement.ManufacturerList.Manufacturer.HistoryPlanningList.HistoryPlanning"
"2013-06","1","2016-BASE_PROCUREMENT-2016-AIRFORCE_MISSILE-PROCUREMENT_JustificationBook_Air_Force_PB_2016.zzz_unzipped-PROCUREMENT_JustificationBook_Air_Force_PB_2016.xml","b7250a7bc654675ae44d6d62c2bb1e4e483647e362d5d04206595c9b29029aa8","0-46a19a582813ff8541cad92d89df9ceb26535fb10fb12adfbd6ba231d36d3f7e","0-31513871ee721feffee1bd79c0539724c98bb9a481a7edd8439c0dffc6ab6960","root.record.ItemExhibitList.P5Item.CostElementCategoryList.SpaceVehicle.Recurring.CostElementList.CostElement.ManufacturerList.Manufacturer.HistoryPlanningList.HistoryPlanning"
"2015-04","1","2016-BASE_PROCUREMENT-2016-AIRFORCE_MISSILE-PROCUREMENT_JustificationBook_Air_Force_PB_2016.zzz_unzipped-PROCUREMENT_JustificationBook_Air_Force_PB_2016.xml","b7250a7bc654675ae44d6d62c2bb1e4e483647e362d5d04206595c9b29029aa8","0-c78454c9689c4117f8c8d1af15a7f8f83e22e4c1efbe2b269fac0ba977ffe236","1-34e5870e8f2a5cbae888c29865f7270d5b3a2254a0ad1beb47ec18ff0bbd31d1","root.record.ItemExhibitList.P5Item.CostElementCategoryList.SpaceVehicle.Recurring.CostElementList.CostElement.ManufacturerList.Manufacturer.HistoryPlanningList.HistoryPlanning"
"2017-02","1","2016-BASE_PROCUREMENT-2016-AIRFORCE_MISSILE-PROCUREMENT_MasterJustificationBook_Air_Force_PB_2016.zzz_unzipped-PROCUREMENT_MasterJustificationBook_Air_Force_PB_2016.xml","fad2c2475373f78f23efdf68f4826e107470a7f4f812e8eaa01090a99fb4921a","0-f240dc67493934cf96f066c1c21014ac1ae3426a75d2e7192951a202734a500c","0-a9fef12c7f6c48ab7ca9efcae95ee50a0bb765ae9954ccbe45fd1d139789b66b","root.record.ItemExhibitList.P5Item.CostElementCategoryList.SpaceVehicle.Recurring.CostElementList.CostElement.ManufacturerList.Manufacturer.HistoryPlanningList.HistoryPlanning"
"2018-06","1","2016-BASE_PROCUREMENT-2016-AIRFORCE_MISSILE-PROCUREMENT_MasterJustificationBook_Air_Force_PB_2016.zzz_unzipped-PROCUREMENT_MasterJustificationBook_Air_Force_PB_2016.xml","fad2c2475373f78f23efdf68f4826e107470a7f4f812e8eaa01090a99fb4921a","0-4a4d522cfc680a41c2e1d81b477eefcece699a3b874e169d776b6e089ad93a6e","0-f5c42508a0f03c4f622f8e0f34c6a70a89ffd88f4d09fcbe03d6dcb0fc562b3d","root.record.ItemExhibitList.P5Item.CostElementCategoryList.SpaceVehicle.Recurring.CostElementList.CostElement.ManufacturerList.Manufacturer.HistoryPlanningList.HistoryPlanning"
"2019-02","1","2016-BASE_PROCUREMENT-2016-AIRFORCE_MISSILE-PROCUREMENT_MasterJustificationBook_Air_Force_PB_2016.zzz_unzipped-PROCUREMENT_MasterJustificationBook_Air_Force_PB_2016.xml","fad2c2475373f78f23efdf68f4826e107470a7f4f812e8eaa01090a99fb4921a","1-cb5314943a5c3b0487a66cd987f88aba4041733c1ebf225b9ab5eb3d57f41b8d","0-f5c42508a0f03c4f622f8e0f34c6a70a89ffd88f4d09fcbe03d6dcb0fc562b3d","root.record.ItemExhibitList.P5Item.CostElementCategoryList.SpaceVehicle.Recurring.CostElementList.CostElement.ManufacturerList.Manufacturer.HistoryPlanningList.HistoryPlanning"
"2015-08","1","2016-BASE_PROCUREMENT-2016-AIRFORCE_MISSILE-PROCUREMENT_MasterJustificationBook_Air_Force_PB_2016.zzz_unzipped-PROCUREMENT_MasterJustificationBook_Air_Force_PB_2016.xml","1b54b6e1d81834780d8bcf6e845a6e5cf47d5d78e06a51318692698ed45b66a8","0-9a9f93b13fdd96369586a2bad3c79210fe902d63382e992acf539746c6ead6ed","0-b5ddf14e6c28bac29f95d9239f8e076eaec25c66fd3867054ac1e9a20176e2ff","root.record.ItemExhibitList.P5Item.CostElementCategoryList.SpaceVehicle.Recurring.CostElementList.CostElement.ManufacturerList.Manufacturer.HistoryPlanningList.HistoryPlanning"
"2016-11","1","2016-BASE_PROCUREMENT-2016-AIRFORCE_MISSILE-PROCUREMENT_MasterJustificationBook_Air_Force_PB_2016.zzz_unzipped-PROCUREMENT_MasterJustificationBook_Air_Force_PB_2016.xml","1b54b6e1d81834780d8bcf6e845a6e5cf47d5d78e06a51318692698ed45b66a8","0-7408d116b16e0de86d08cc3f244ad64c99d21e227544eb528e345645ab52a895","0-d9ca69d70661f0b1cba79f8cecf15088f3191944540ad83480cef414a1a5dc7b","root.record.ItemExhibitList.P5Item.CostElementCategoryList.SpaceVehicle.Recurring.CostElementList.CostElement.ManufacturerList.Manufacturer.HistoryPlanningList.HistoryPlanning"
"2017-12","1","2016-BASE_PROCUREMENT-2016-AIRFORCE_MISSILE-PROCUREMENT_MasterJustificationBook_Air_Force_PB_2016.zzz_unzipped-PROCUREMENT_MasterJustificationBook_Air_Force_PB_2016.xml","1b54b6e1d81834780d8bcf6e845a6e5cf47d5d78e06a51318692698ed45b66a8","0-98abefaa120eeeb68c07649aa25fe2253fc17cda66829369eea0692efc478d34","0-16fdd608481a458d128c0d69fdefdc1d9eb37f6fa6a82a1d268487fb80ed2824","root.record.ItemExhibitList.P5Item.CostElementCategoryList.SpaceVehicle.Recurring.CostElementList.CostElement.ManufacturerList.Manufacturer.HistoryPlanningList.HistoryPlanning"
"2019-10","1","2016-BASE_PROCUREMENT-2016-AIRFORCE_MISSILE-PROCUREMENT_MasterJustificationBook_Air_Force_PB_2016.zzz_unzipped-PROCUREMENT_MasterJustificationBook_Air_Force_PB_2016.xml","d15015debc064b22aaf25587c569493d8ca940df645ad2a38f78ad2ab4876c0b","0-e674f72c7639e25d618038d97452a31c234875db90f32fdb38ae864c1d02a31f","0-41d60231e8c9ca53aa860095a1846eca9a5de1cf203649600f32e43192cbea0d","root.record.ItemExhibitList.P5Item.CostElementCategoryList.SpaceVehicle.Recurring.CostElementList.CostElement.ManufacturerList.Manufacturer.HistoryPlanningList.HistoryPlanning"
"2020-05","1","2016-BASE_PROCUREMENT-2016-AIRFORCE_MISSILE-PROCUREMENT_MasterJustificationBook_Air_Force_PB_2016.zzz_unzipped-PROCUREMENT_MasterJustificationBook_Air_Force_PB_2016.xml","d15015debc064b22aaf25587c569493d8ca940df645ad2a38f78ad2ab4876c0b","1-a8a21f8bea47f98b04edc031dd5abb8fa0366fdb0e7c769808080d832c10439d","0-41d60231e8c9ca53aa860095a1846eca9a5de1cf203649600f32e43192cbea0d","root.record.ItemExhibitList.P5Item.CostElementCategoryList.SpaceVehicle.Recurring.CostElementList.CostElement.ManufacturerList.Manufacturer.HistoryPlanningList.HistoryPlanning"
"2021-03","1","2016-BASE_PROCUREMENT-2016-AIRFORCE_MISSILE-PROCUREMENT_MasterJustificationBook_Air_Force_PB_2016.zzz_unzipped-PROCUREMENT_MasterJustificationBook_Air_Force_PB_2016.xml","d15015debc064b22aaf25587c569493d8ca940df645ad2a38f78ad2ab4876c0b","0-9166901eae38d748fc881aa670cf85e3e0db1b83729ffb97a6f48c35e5acfed9","1-d22bc085cbf0089eab3b557aa3c44ecfa2b1b29927e623d5684326b6518b94a7","root.record.ItemExhibitList.P5Item.CostElementCategoryList.SpaceVehicle.Recurring.CostElementList.CostElement.ManufacturerList.Manufacturer.HistoryPlanningList.HistoryPlanning"
"2017-07","1","2016-BASE_PROCUREMENT-2016-AIRFORCE_MISSILE-PROCUREMENT_MasterJustificationBook_Air_Force_PB_2016.zzz_unzipped-PROCUREMENT_MasterJustificationBook_Air_Force_PB_2016.xml","c2682d49efaf19193dea2762b72643b49faaa2c67e9ab748e3149c7c25e9e852","0-0760f256c995e64c21fd760d94a33bbf33c5779b5792acd16b2f99f7d2d70063","0-758ccde88b1d635dc26f23802fd6879cd4f1c21e0f5e56852ad6751287b0aaf0","root.record.ItemExhibitList.P5Item.CostElementCategoryList.SpaceVehicle.Recurring.CostElementList.CostElement.ManufacturerList.Manufacturer.HistoryPlanningList.HistoryPlanning"
"2016-02","1","2016-BASE_PROCUREMENT-2016-AIRFORCE_MISSILE-PROCUREMENT_MasterJustificationBook_Air_Force_PB_2016.zzz_unzipped-PROCUREMENT_MasterJustificationBook_Air_Force_PB_2016.xml","c2682d49efaf19193dea2762b72643b49faaa2c67e9ab748e3149c7c25e9e852","0-ecd6afad5dcb25d98f9647706969c3bb7562213925540301eb9b118bf6e94387","1-8c6fb917fc553d19a76404d3a044e9b26080031b2941dc6926b72101661003ca","root.record.ItemExhibitList.P5Item.CostElementCategoryList.SpaceVehicle.Recurring.CostElementList.CostElement.ManufacturerList.Manufacturer.HistoryPlanningList.HistoryPlanning"
"2020-09","1","2016-BASE_PROCUREMENT-2016-AIRFORCE_MISSILE-PROCUREMENT_MasterJustificationBook_Air_Force_PB_2016.zzz_unzipped-PROCUREMENT_MasterJustificationBook_Air_Force_PB_2016.xml","c2682d49efaf19193dea2762b72643b49faaa2c67e9ab748e3149c7c25e9e852","0-ff2df272787e732c5875755e451ab29b123ae2aedc39ecb193f9adbb7aaf6562","0-36599722fa67a2d7c56408f12e97179a81e75d2de28e6855fd230fa927aa8d8c","root.record.ItemExhibitList.P5Item.CostElementCategoryList.SpaceVehicle.Recurring.CostElementList.CostElement.ManufacturerList.Manufacturer.HistoryPlanningList.HistoryPlanning"
"2021-07","1","2016-BASE_PROCUREMENT-2016-AIRFORCE_MISSILE-PROCUREMENT_MasterJustificationBook_Air_Force_PB_2016.zzz_unzipped-PROCUREMENT_MasterJustificationBook_Air_Force_PB_2016.xml","c2682d49efaf19193dea2762b72643b49faaa2c67e9ab748e3149c7c25e9e852","1-38c883fb2f322420e29f887f67290d3aeead1995c2f456df763d4c716692bfb3","0-36599722fa67a2d7c56408f12e97179a81e75d2de28e6855fd230fa927aa8d8c","root.record.ItemExhibitList.P5Item.CostElementCategoryList.SpaceVehicle.Recurring.CostElementList.CostElement.ManufacturerList.Manufacturer.HistoryPlanningList.HistoryPlanning"
"2013-06","1","2016-BASE_PROCUREMENT-2016-AIRFORCE_MISSILE-PROCUREMENT_MasterJustificationBook_Air_Force_PB_2016.zzz_unzipped-PROCUREMENT_MasterJustificationBook_Air_Force_PB_2016.xml","c2682d49efaf19193dea2762b72643b49faaa2c67e9ab748e3149c7c25e9e852","0-5abf6b80dca93c10ede2b6734a8e29f4e7dfea9f6c83c8ad8306cc5e4de43edf","0-137848e617560348a476f0e053a44b43a6fa94768909b373ee02ff3afe48bd0e","root.record.ItemExhibitList.P5Item.CostElementCategoryList.SpaceVehicle.Recurring.CostElementList.CostElement.ManufacturerList.Manufacturer.HistoryPlanningList.HistoryPlanning"
"2015-04","1","2016-BASE_PROCUREMENT-2016-AIRFORCE_MISSILE-PROCUREMENT_MasterJustificationBook_Air_Force_PB_2016.zzz_unzipped-PROCUREMENT_MasterJustificationBook_Air_Force_PB_2016.xml","c2682d49efaf19193dea2762b72643b49faaa2c67e9ab748e3149c7c25e9e852","0-a2f5fe26af7b2cdf166775a2edffffd607587184e6e6d64848b5aa019debc262","1-c426cf22ee18a41f09722ece178e81586d0308a66160d87d081c1ab64ba1fe7a","root.record.ItemExhibitList.P5Item.CostElementCategoryList.SpaceVehicle.Recurring.CostElementList.CostElement.ManufacturerList.Manufacturer.HistoryPlanningList.HistoryPlanning"
"2022-02","1","2016-BASE_PROCUREMENT-2016-AIRFORCE_SPACE-PROCUREMENT_JustificationBook_Air_Force_PB_2016.zzz_unzipped-PROCUREMENT_JustificationBook_Air_Force_PB_2016.xml","678e9f85d37c485a8e95cf2f19be22938c446e29fa4a202f939bb30848017f66","0-71c6d8d16f72ea2136bb981f1705aac43d7f6954e5b7ea57a0f69983b1aca470","0-48cc5648803e188fd871f278ee11e98025801006aa2a7e44dbe4764745066257","root.record.ItemExhibitList.P5Item.CostElementCategoryList.SpaceVehicle.Recurring.CostElementList.CostElement.ManufacturerList.Manufacturer.HistoryPlanningList.HistoryPlanning"
"2023-02","1","2016-BASE_PROCUREMENT-2016-AIRFORCE_SPACE-PROCUREMENT_JustificationBook_Air_Force_PB_2016.zzz_unzipped-PROCUREMENT_JustificationBook_Air_Force_PB_2016.xml","678e9f85d37c485a8e95cf2f19be22938c446e29fa4a202f939bb30848017f66","0-5ca3b4460247916b2d94bad94bf7b412bb763afaabc90718cf90eee16244d44b","1-6e35ecf8530f7d15514c338a32df1e6327a9002f01f3afda1cebaa04df7067f8","root.record.ItemExhibitList.P5Item.CostElementCategoryList.SpaceVehicle.Recurring.CostElementList.CostElement.ManufacturerList.Manufacturer.HistoryPlanningList.HistoryPlanning"
"2023-06","1","2016-BASE_PROCUREMENT-2016-AIRFORCE_SPACE-PROCUREMENT_JustificationBook_Air_Force_PB_2016.zzz_unzipped-PROCUREMENT_JustificationBook_Air_Force_PB_2016.xml","678e9f85d37c485a8e95cf2f19be22938c446e29fa4a202f939bb30848017f66","1-707eaf7cdb68bb694527e6b910d788445f2cd5e77cb0de9bdfa37f5f06871fa7","1-6e35ecf8530f7d15514c338a32df1e6327a9002f01f3afda1cebaa04df7067f8","root.record.ItemExhibitList.P5Item.CostElementCategoryList.SpaceVehicle.Recurring.CostElementList.CostElement.ManufacturerList.Manufacturer.HistoryPlanningList.HistoryPlanning"
"2023-10","1","2016-BASE_PROCUREMENT-2016-AIRFORCE_SPACE-PROCUREMENT_JustificationBook_Air_Force_PB_2016.zzz_unzipped-PROCUREMENT_JustificationBook_Air_Force_PB_2016.xml","678e9f85d37c485a8e95cf2f19be22938c446e29fa4a202f939bb30848017f66","2-fda132d7d1698a6f51fddea5979da23ef63635f19674c6174d4d02d8f3eafbfd","1-6e35ecf8530f7d15514c338a32df1e6327a9002f01f3afda1cebaa04df7067f8","root.record.ItemExhibitList.P5Item.CostElementCategoryList.SpaceVehicle.Recurring.CostElementList.CostElement.ManufacturerList.Manufacturer.HistoryPlanningList.HistoryPlanning"
"2024-02","1","2016-BASE_PROCUREMENT-2016-AIRFORCE_SPACE-PROCUREMENT_JustificationBook_Air_Force_PB_2016.zzz_unzipped-PROCUREMENT_JustificationBook_Air_Force_PB_2016.xml","678e9f85d37c485a8e95cf2f19be22938c446e29fa4a202f939bb30848017f66","0-ac2463292cd083ed10f82c0e882a928cd50496d44fdd4e90c00632e9753f28e9","2-f3a490604de7d15d109c73c8b44c44ed84722e21c3571424c536ba223bb205d5","root.record.ItemExhibitList.P5Item.CostElementCategoryList.SpaceVehicle.Recurring.CostElementList.CostElement.ManufacturerList.Manufacturer.HistoryPlanningList.HistoryPlanning"
"2024-06","1","2016-BASE_PROCUREMENT-2016-AIRFORCE_SPACE-PROCUREMENT_JustificationBook_Air_Force_PB_2016.zzz_unzipped-PROCUREMENT_JustificationBook_Air_Force_PB_2016.xml","678e9f85d37c485a8e95cf2f19be22938c446e29fa4a202f939bb30848017f66","1-2fdd71f99fb63d5233954ceb96dd0ed33724ce5236cbd464bbf2549535763091","2-f3a490604de7d15d109c73c8b44c44ed84722e21c3571424c536ba223bb205d5","root.record.ItemExhibitList.P5Item.CostElementCategoryList.SpaceVehicle.Recurring.CostElementList.CostElement.ManufacturerList.Manufacturer.HistoryPlanningList.HistoryPlanning"
"2024-10","1","2016-BASE_PROCUREMENT-2016-AIRFORCE_SPACE-PROCUREMENT_JustificationBook_Air_Force_PB_2016.zzz_unzipped-PROCUREMENT_JustificationBook_Air_Force_PB_2016.xml","678e9f85d37c485a8e95cf2f19be22938c446e29fa4a202f939bb30848017f66","2-240de5182b0a43b69fff71b2438eaa37b0a2a5e29cc5f3a162ba390e0387fb89","2-f3a490604de7d15d109c73c8b44c44ed84722e21c3571424c536ba223bb205d5","root.record.ItemExhibitList.P5Item.CostElementCategoryList.SpaceVehicle.Recurring.CostElementList.CostElement.ManufacturerList.Manufacturer.HistoryPlanningList.HistoryPlanning"
"2025-02","1","2016-BASE_PROCUREMENT-2016-AIRFORCE_SPACE-PROCUREMENT_JustificationBook_Air_Force_PB_2016.zzz_unzipped-PROCUREMENT_JustificationBook_Air_Force_PB_2016.xml","678e9f85d37c485a8e95cf2f19be22938c446e29fa4a202f939bb30848017f66","0-8e90feb328710e6890d98a65c956ae317416afdc7b73f92d04abcca619b26e13","3-3c337713de94d570fb8243a2e69fb2e8d99b56df9f6c57ebfcae7476d0cd68f9","root.record.ItemExhibitList.P5Item.CostElementCategoryList.SpaceVehicle.Recurring.CostElementList.CostElement.ManufacturerList.Manufacturer.HistoryPlanningList.HistoryPlanning"
"2025-06","1","2016-BASE_PROCUREMENT-2016-AIRFORCE_SPACE-PROCUREMENT_JustificationBook_Air_Force_PB_2016.zzz_unzipped-PROCUREMENT_JustificationBook_Air_Force_PB_2016.xml","678e9f85d37c485a8e95cf2f19be22938c446e29fa4a202f939bb30848017f66","1-55322f934f353d19949bc37925657b583735d94a96a60a45e298e281a766ffce","3-3c337713de94d570fb8243a2e69fb2e8d99b56df9f6c57ebfcae7476d0cd68f9","root.record.ItemExhibitList.P5Item.CostElementCategoryList.SpaceVehicle.Recurring.CostElementList.CostElement.ManufacturerList.Manufacturer.HistoryPlanningList.HistoryPlanning"
"2025-10","1","2016-BASE_PROCUREMENT-2016-AIRFORCE_SPACE-PROCUREMENT_JustificationBook_Air_Force_PB_2016.zzz_unzipped-PROCUREMENT_JustificationBook_Air_Force_PB_2016.xml","678e9f85d37c485a8e95cf2f19be22938c446e29fa4a202f939bb30848017f66","2-ae085c7cb0ce1e8c25f11131b0f5f116107ebb02db20fc39e2b3d0bbb3c066f2","3-3c337713de94d570fb8243a2e69fb2e8d99b56df9f6c57ebfcae7476d0cd68f9","root.record.ItemExhibitList.P5Item.CostElementCategoryList.SpaceVehicle.Recurring.CostElementList.CostElement.ManufacturerList.Manufacturer.HistoryPlanningList.HistoryPlanning"
"2022-02","1","2016-BASE_PROCUREMENT-2016-AIRFORCE_SPACE-PROCUREMENT_MasterJustificationBook_Air_Force_PB_2016.zzz_unzipped-PROCUREMENT_MasterJustificationBook_Air_Force_PB_2016.xml","c5a4557238b31f1521498953a3c7e3ef4b25abd540d107617a261a54274c2734","0-7fa4bd7778ccbb84bc9d6a1825b0d50999bc14020e2a6e053c32e00919d548e9","0-10ba6dd6cd093e00e680f24b90c7f482c269a3b45ebd4a35626b05cbdccafac1","root.record.ItemExhibitList.P5Item.CostElementCategoryList.SpaceVehicle.Recurring.CostElementList.CostElement.ManufacturerList.Manufacturer.HistoryPlanningList.HistoryPlanning"
"2023-02","1","2016-BASE_PROCUREMENT-2016-AIRFORCE_SPACE-PROCUREMENT_MasterJustificationBook_Air_Force_PB_2016.zzz_unzipped-PROCUREMENT_MasterJustificationBook_Air_Force_PB_2016.xml","c5a4557238b31f1521498953a3c7e3ef4b25abd540d107617a261a54274c2734","0-8b9bc09015982d74ec5dd254a174f57043385de93e7c0019c60c48b31a57f711","1-866182caafe8c270c7f82208a0d7c3109a823fe964a50479a31dbed242032ce2","root.record.ItemExhibitList.P5Item.CostElementCategoryList.SpaceVehicle.Recurring.CostElementList.CostElement.ManufacturerList.Manufacturer.HistoryPlanningList.HistoryPlanning"
"2023-06","1","2016-BASE_PROCUREMENT-2016-AIRFORCE_SPACE-PROCUREMENT_MasterJustificationBook_Air_Force_PB_2016.zzz_unzipped-PROCUREMENT_MasterJustificationBook_Air_Force_PB_2016.xml","c5a4557238b31f1521498953a3c7e3ef4b25abd540d107617a261a54274c2734","1-59c468eaed5ff7a1b64dca9d7603a297181aa1012c2cfd21dc9a808af61427c7","1-866182caafe8c270c7f82208a0d7c3109a823fe964a50479a31dbed242032ce2","root.record.ItemExhibitList.P5Item.CostElementCategoryList.SpaceVehicle.Recurring.CostElementList.CostElement.ManufacturerList.Manufacturer.HistoryPlanningList.HistoryPlanning"
"2023-10","1","2016-BASE_PROCUREMENT-2016-AIRFORCE_SPACE-PROCUREMENT_MasterJustificationBook_Air_Force_PB_2016.zzz_unzipped-PROCUREMENT_MasterJustificationBook_Air_Force_PB_2016.xml","c5a4557238b31f1521498953a3c7e3ef4b25abd540d107617a261a54274c2734","2-60dbcbdca07d664fb3ef3f01e2f5bcbaa8a33ab8dff5838a2e8bd6eb1db75d90","1-866182caafe8c270c7f82208a0d7c3109a823fe964a50479a31dbed242032ce2","root.record.ItemExhibitList.P5Item.CostElementCategoryList.SpaceVehicle.Recurring.CostElementList.CostElement.ManufacturerList.Manufacturer.HistoryPlanningList.HistoryPlanning"
"2024-02","1","2016-BASE_PROCUREMENT-2016-AIRFORCE_SPACE-PROCUREMENT_MasterJustificationBook_Air_Force_PB_2016.zzz_unzipped-PROCUREMENT_MasterJustificationBook_Air_Force_PB_2016.xml","c5a4557238b31f1521498953a3c7e3ef4b25abd540d107617a261a54274c2734","0-e1698b623fb140b7a1ddf14bbfcab78627702deca1c9358d859b96ea3e11d2db","2-b5544b75476767c25f978bb401e03b8a73d42fd1329492ebe3dedf03af05108b","root.record.ItemExhibitList.P5Item.CostElementCategoryList.SpaceVehicle.Recurring.CostElementList.CostElement.ManufacturerList.Manufacturer.HistoryPlanningList.HistoryPlanning"
"2024-06","1","2016-BASE_PROCUREMENT-2016-AIRFORCE_SPACE-PROCUREMENT_MasterJustificationBook_Air_Force_PB_2016.zzz_unzipped-PROCUREMENT_MasterJustificationBook_Air_Force_PB_2016.xml","c5a4557238b31f1521498953a3c7e3ef4b25abd540d107617a261a54274c2734","1-d1205f4121ed95c1de4df66c54d5b6a2414a1b04e2726e35243576a3f0839372","2-b5544b75476767c25f978bb401e03b8a73d42fd1329492ebe3dedf03af05108b","root.record.ItemExhibitList.P5Item.CostElementCategoryList.SpaceVehicle.Recurring.CostElementList.CostElement.ManufacturerList.Manufacturer.HistoryPlanningList.HistoryPlanning"
"2024-10","1","2016-BASE_PROCUREMENT-2016-AIRFORCE_SPACE-PROCUREMENT_MasterJustificationBook_Air_Force_PB_2016.zzz_unzipped-PROCUREMENT_MasterJustificationBook_Air_Force_PB_2016.xml","c5a4557238b31f1521498953a3c7e3ef4b25abd540d107617a261a54274c2734","2-755c8d08b51aed03a9fb014b097728106c5c2620ab40b050d140ab1c9d478e57","2-b5544b75476767c25f978bb401e03b8a73d42fd1329492ebe3dedf03af05108b","root.record.ItemExhibitList.P5Item.CostElementCategoryList.SpaceVehicle.Recurring.CostElementList.CostElement.ManufacturerList.Manufacturer.HistoryPlanningList.HistoryPlanning"
"2025-02","1","2016-BASE_PROCUREMENT-2016-AIRFORCE_SPACE-PROCUREMENT_MasterJustificationBook_Air_Force_PB_2016.zzz_unzipped-PROCUREMENT_MasterJustificationBook_Air_Force_PB_2016.xml","c5a4557238b31f1521498953a3c7e3ef4b25abd540d107617a261a54274c2734","0-e0ac2131d0b4143f90862e35437324347f24b97cfc974ce3d240b0d90e9efe85","3-c63651cbb2b75ee8d560d06e48a0aac7c1b8f6961e8ee5cc1238dab048591e7b","root.record.ItemExhibitList.P5Item.CostElementCategoryList.SpaceVehicle.Recurring.CostElementList.CostElement.ManufacturerList.Manufacturer.HistoryPlanningList.HistoryPlanning"
"2025-06","1","2016-BASE_PROCUREMENT-2016-AIRFORCE_SPACE-PROCUREMENT_MasterJustificationBook_Air_Force_PB_2016.zzz_unzipped-PROCUREMENT_MasterJustificationBook_Air_Force_PB_2016.xml","c5a4557238b31f1521498953a3c7e3ef4b25abd540d107617a261a54274c2734","1-6883c8ec98d9fb976aecfdd4821fe942ad6250275248d0183b915209255c88e0","3-c63651cbb2b75ee8d560d06e48a0aac7c1b8f6961e8ee5cc1238dab048591e7b","root.record.ItemExhibitList.P5Item.CostElementCategoryList.SpaceVehicle.Recurring.CostElementList.CostElement.ManufacturerList.Manufacturer.HistoryPlanningList.HistoryPlanning"
"2025-10","1","2016-BASE_PROCUREMENT-2016-AIRFORCE_SPACE-PROCUREMENT_MasterJustificationBook_Air_Force_PB_2016.zzz_unzipped-PROCUREMENT_MasterJustificationBook_Air_Force_PB_2016.xml","c5a4557238b31f1521498953a3c7e3ef4b25abd540d107617a261a54274c2734","2-490eb01690ce47c7c1c0fc7bdc8bbc27af4eb98de8c3df8f417c1b7b0df334ad","3-c63651cbb2b75ee8d560d06e48a0aac7c1b8f6961e8ee5cc1238dab048591e7b","root.record.ItemExhibitList.P5Item.CostElementCategoryList.SpaceVehicle.Recurring.CostElementList.CostElement.ManufacturerList.Manufacturer.HistoryPlanningList.HistoryPlanning"
"2017-02","1","2017-BASE_PROCUREMENT-2017-AIRFORCE_MISSILE-U_PROCUREMENT_JustificationBook_Air_Force_PB_2017.zzz_unzipped-U_PROCUREMENT_JustificationBook_Air_Force_PB_2017.xml","5733047dfa31cd67a8141efe5785b608b17f62b6e02b6fa53ec7b98245eb3cb2","0-84ce27625bc26f5fc1a17d09d1700efd45ca43f89c1acd1b4ba808f18dd07636","0-f082cde2df1eb89cd2023f9f96cffde3f48852fedfeeb8aeeae7a78bded2633f","root.record.ItemExhibitList.P5Item.CostElementCategoryList.SpaceVehicle.Recurring.CostElementList.CostElement.ManufacturerList.Manufacturer.HistoryPlanningList.HistoryPlanning"
"2018-06","1","2017-BASE_PROCUREMENT-2017-AIRFORCE_MISSILE-U_PROCUREMENT_JustificationBook_Air_Force_PB_2017.zzz_unzipped-U_PROCUREMENT_JustificationBook_Air_Force_PB_2017.xml","5733047dfa31cd67a8141efe5785b608b17f62b6e02b6fa53ec7b98245eb3cb2","0-f8fd22346fe9d2fd2c66d878876226819f84b28f8ae41b85e656249cdb6099cc","0-7f9a0c0e3c99d55bbcc552b95ad44609648dcea9229c4a14afacd27a697ff09b","root.record.ItemExhibitList.P5Item.CostElementCategoryList.SpaceVehicle.Recurring.CostElementList.CostElement.ManufacturerList.Manufacturer.HistoryPlanningList.HistoryPlanning"
"2019-02","1","2017-BASE_PROCUREMENT-2017-AIRFORCE_MISSILE-U_PROCUREMENT_JustificationBook_Air_Force_PB_2017.zzz_unzipped-U_PROCUREMENT_JustificationBook_Air_Force_PB_2017.xml","5733047dfa31cd67a8141efe5785b608b17f62b6e02b6fa53ec7b98245eb3cb2","1-fa7edf907cfcfd3d99d4b94f88c2f25ecfe1bd472e78e6b42dd3d670cec2e2de","0-7f9a0c0e3c99d55bbcc552b95ad44609648dcea9229c4a14afacd27a697ff09b","root.record.ItemExhibitList.P5Item.CostElementCategoryList.SpaceVehicle.Recurring.CostElementList.CostElement.ManufacturerList.Manufacturer.HistoryPlanningList.HistoryPlanning"
"2016-09","1","2017-BASE_PROCUREMENT-2017-AIRFORCE_MISSILE-U_PROCUREMENT_JustificationBook_Air_Force_PB_2017.zzz_unzipped-U_PROCUREMENT_JustificationBook_Air_Force_PB_2017.xml","605714345c719f1dbbd12a25da57f4edb17db986c06354604455cc112db54165","0-d160443cc9e4b0cc322e60385af6e4aeb6af0a034133fc9fed4c8c90e4735850","0-c234fc8958614710dda5cd08c0884a465d4d69b0cd7f5d77f457c83c5c9f6f03","root.record.ItemExhibitList.P5Item.CostElementCategoryList.SpaceVehicle.Recurring.CostElementList.CostElement.ManufacturerList.Manufacturer.HistoryPlanningList.HistoryPlanning"
"2017-12","1","2017-BASE_PROCUREMENT-2017-AIRFORCE_MISSILE-U_PROCUREMENT_JustificationBook_Air_Force_PB_2017.zzz_unzipped-U_PROCUREMENT_JustificationBook_Air_Force_PB_2017.xml","605714345c719f1dbbd12a25da57f4edb17db986c06354604455cc112db54165","0-7bc6128b72f80f28f6112f6cb805030bb5e38957f9b014dac96e5f0d36f31705","0-3b9113bd0146d4a2c65078c0b4448a884feff7c2d3810840be184954c20c3b10","root.record.ItemExhibitList.P5Item.CostElementCategoryList.SpaceVehicle.Recurring.CostElementList.CostElement.ManufacturerList.Manufacturer.HistoryPlanningList.HistoryPlanning"
"2021-03","1","2017-BASE_PROCUREMENT-2017-AIRFORCE_MISSILE-U_PROCUREMENT_JustificationBook_Air_Force_PB_2017.zzz_unzipped-U_PROCUREMENT_JustificationBook_Air_Force_PB_2017.xml","8812b305f9c99363a5a1d7cbc6180c2a407f3341b9e7ecd10b20a4efc5f5605a","0-ec897e15eefb18b89845101330aa03334a45e0365f6ce2b5bc81500a041b9d9b","1-18628358aeee86f34274d86c991285b21ec41f430ae033d1ce0ea53677585a18","root.record.ItemExhibitList.P5Item.CostElementCategoryList.SpaceVehicle.Recurring.CostElementList.CostElement.ManufacturerList.Manufacturer.HistoryPlanningList.HistoryPlanning"
"2017-07","1","2017-BASE_PROCUREMENT-2017-AIRFORCE_MISSILE-U_PROCUREMENT_JustificationBook_Air_Force_PB_2017.zzz_unzipped-U_PROCUREMENT_JustificationBook_Air_Force_PB_2017.xml","0044feba6c5f103dc52333af25237d8df99ab8495c014e88535cc38b2a15aca5","0-ef53338b964b404d9029a7e1c16729a465ef61671c28bcf58aa6941f0f994d03","0-d5f21da2d1fe2863d998b6d5ce55328744e4f1d47a8078716eef1719fc5b9b89","root.record.ItemExhibitList.P5Item.CostElementCategoryList.SpaceVehicle.Recurring.CostElementList.CostElement.ManufacturerList.Manufacturer.HistoryPlanningList.HistoryPlanning"
"2016-05","1","2017-BASE_PROCUREMENT-2017-AIRFORCE_MISSILE-U_PROCUREMENT_JustificationBook_Air_Force_PB_2017.zzz_unzipped-U_PROCUREMENT_JustificationBook_Air_Force_PB_2017.xml","0044feba6c5f103dc52333af25237d8df99ab8495c014e88535cc38b2a15aca5","0-7640ae97172b1a09352b09b8c9c8bfd87b7d02a3c776e5141b8d2ebd53d15016","1-dc47aa07ee0c6860fa307f36299abe7895edf3985b71c3bfa462c9474d7aa550","root.record.ItemExhibitList.P5Item.CostElementCategoryList.SpaceVehicle.Recurring.CostElementList.CostElement.ManufacturerList.Manufacturer.HistoryPlanningList.HistoryPlanning"
"2020-09","1","2017-BASE_PROCUREMENT-2017-AIRFORCE_MISSILE-U_PROCUREMENT_JustificationBook_Air_Force_PB_2017.zzz_unzipped-U_PROCUREMENT_JustificationBook_Air_Force_PB_2017.xml","0044feba6c5f103dc52333af25237d8df99ab8495c014e88535cc38b2a15aca5","0-937696a0338ca3802224a22ce600662af47421f9cc08321f1deabb9d765a00a5","0-1077a2f67f99a97b0ef3cc9a555694498344c3224cbab15e14976acf0d38f5a0","root.record.ItemExhibitList.P5Item.CostElementCategoryList.SpaceVehicle.Recurring.CostElementList.CostElement.ManufacturerList.Manufacturer.HistoryPlanningList.HistoryPlanning"
"2021-07","1","2017-BASE_PROCUREMENT-2017-AIRFORCE_MISSILE-U_PROCUREMENT_JustificationBook_Air_Force_PB_2017.zzz_unzipped-U_PROCUREMENT_JustificationBook_Air_Force_PB_2017.xml","0044feba6c5f103dc52333af25237d8df99ab8495c014e88535cc38b2a15aca5","1-516b3f58bc02d9a4c3254b4de4d02671403dd430ecd8f12a1f232f3fabb84634","0-1077a2f67f99a97b0ef3cc9a555694498344c3224cbab15e14976acf0d38f5a0","root.record.ItemExhibitList.P5Item.CostElementCategoryList.SpaceVehicle.Recurring.CostElementList.CostElement.ManufacturerList.Manufacturer.HistoryPlanningList.HistoryPlanning"
"2013-06","1","2017-BASE_PROCUREMENT-2017-AIRFORCE_MISSILE-U_PROCUREMENT_JustificationBook_Air_Force_PB_2017.zzz_unzipped-U_PROCUREMENT_JustificationBook_Air_Force_PB_2017.xml","0044feba6c5f103dc52333af25237d8df99ab8495c014e88535cc38b2a15aca5","0-d413ba867d4a78c2562a83092a4d1c334f0d14cd3ddfee0b6415f753c9e394f0","0-983f63416d9a0cbf416322366fa8436448c2426cbb092a6ac8f53ffd7cb977f7","root.record.ItemExhibitList.P5Item.CostElementCategoryList.SpaceVehicle.Recurring.CostElementList.CostElement.ManufacturerList.Manufacturer.HistoryPlanningList.HistoryPlanning"
"2015-05","1","2017-BASE_PROCUREMENT-2017-AIRFORCE_MISSILE-U_PROCUREMENT_JustificationBook_Air_Force_PB_2017.zzz_unzipped-U_PROCUREMENT_JustificationBook_Air_Force_PB_2017.xml","0044feba6c5f103dc52333af25237d8df99ab8495c014e88535cc38b2a15aca5","0-7aaef245eb589c7f1c50947e93001599d76dcad3e5b95f7f312dc620f45a14c0","1-56e3689c89c50482550fca84e63836824c855834f12fc930ba404c17a44f75bd","root.record.ItemExhibitList.P5Item.CostElementCategoryList.SpaceVehicle.Recurring.CostElementList.CostElement.ManufacturerList.Manufacturer.HistoryPlanningList.HistoryPlanning"
"2017-02","1","2017-BASE_PROCUREMENT-2017-AIRFORCE_MISSILE-U_PROCUREMENT_MasterJustificationBook_Air_Force_PB_2017.zzz_unzipped-U_PROCUREMENT_MasterJustificationBook_Air_Force_PB_2017.xml","d561ba4a25d84282efd1d93f8144ea01f8adfa23345c2352de73f67eaa21493b","0-f6ce2be5fd09ecbd3f81dd74dca74a9b4c657bac5a5fc2e319d2d0a11560169a","0-fea2652f892e5295baa518870b445d9694d7a177ce29b4b25cd07d82555a3a56","root.record.ItemExhibitList.P5Item.CostElementCategoryList.SpaceVehicle.Recurring.CostElementList.CostElement.ManufacturerList.Manufacturer.HistoryPlanningList.HistoryPlanning"
"2018-06","1","2017-BASE_PROCUREMENT-2017-AIRFORCE_MISSILE-U_PROCUREMENT_MasterJustificationBook_Air_Force_PB_2017.zzz_unzipped-U_PROCUREMENT_MasterJustificationBook_Air_Force_PB_2017.xml","d561ba4a25d84282efd1d93f8144ea01f8adfa23345c2352de73f67eaa21493b","0-1cc5e6bb6054060c53081caf508727307b726381ba152b1d49e4306f4d877174","0-a2be1dd95a03ee651520278cffe0bf54638a8ac8443140fd7020365b0699927d","root.record.ItemExhibitList.P5Item.CostElementCategoryList.SpaceVehicle.Recurring.CostElementList.CostElement.ManufacturerList.Manufacturer.HistoryPlanningList.HistoryPlanning"
"2019-02","1","2017-BASE_PROCUREMENT-2017-AIRFORCE_MISSILE-U_PROCUREMENT_MasterJustificationBook_Air_Force_PB_2017.zzz_unzipped-U_PROCUREMENT_MasterJustificationBook_Air_Force_PB_2017.xml","d561ba4a25d84282efd1d93f8144ea01f8adfa23345c2352de73f67eaa21493b","1-b0f515b13651ae963718689407b741c5a34f8b818065457e013039c60322507c","0-a2be1dd95a03ee651520278cffe0bf54638a8ac8443140fd7020365b0699927d","root.record.ItemExhibitList.P5Item.CostElementCategoryList.SpaceVehicle.Recurring.CostElementList.CostElement.ManufacturerList.Manufacturer.HistoryPlanningList.HistoryPlanning"
"2016-09","1","2017-BASE_PROCUREMENT-2017-AIRFORCE_MISSILE-U_PROCUREMENT_MasterJustificationBook_Air_Force_PB_2017.zzz_unzipped-U_PROCUREMENT_MasterJustificationBook_Air_Force_PB_2017.xml","18f40b4580e69dc9aeb591abe8445674c8895eab656f114641c7584f15991f80","0-503f036ee285623be50e09ae66ed589c170aeb9d424b14c8c54545fee8f1620c","0-bbb3a692160aa9eafd82ba17ddc1d4ac8449ac0f5f71ee9bd72456c8b65e3d8c","root.record.ItemExhibitList.P5Item.CostElementCategoryList.SpaceVehicle.Recurring.CostElementList.CostElement.ManufacturerList.Manufacturer.HistoryPlanningList.HistoryPlanning"
"2017-12","1","2017-BASE_PROCUREMENT-2017-AIRFORCE_MISSILE-U_PROCUREMENT_MasterJustificationBook_Air_Force_PB_2017.zzz_unzipped-U_PROCUREMENT_MasterJustificationBook_Air_Force_PB_2017.xml","18f40b4580e69dc9aeb591abe8445674c8895eab656f114641c7584f15991f80","0-46c96516a91912bb6559acc6493a8ac56486b8b56bddc4934f08cc2f65bfa89f","0-eca354903ae39d5e8fbe1d1775bb04a02c55e1f3cda21dec3b49b6015c0213eb","root.record.ItemExhibitList.P5Item.CostElementCategoryList.SpaceVehicle.Recurring.CostElementList.CostElement.ManufacturerList.Manufacturer.HistoryPlanningList.HistoryPlanning"
"2021-03","1","2017-BASE_PROCUREMENT-2017-AIRFORCE_MISSILE-U_PROCUREMENT_MasterJustificationBook_Air_Force_PB_2017.zzz_unzipped-U_PROCUREMENT_MasterJustificationBook_Air_Force_PB_2017.xml","cdbb4fb4f6ae602204437f67f704687063469c0fb2ddc7876c6d3d17897d780a","0-45f1757bc0059f76be5c4ffa989c7b796e49dc42a2f29a7592ba720a7f7222a9","1-82bdc3f639a61e1bd98a832b110ba33ca20680c9249e79d33de398f6922c1c70","root.record.ItemExhibitList.P5Item.CostElementCategoryList.SpaceVehicle.Recurring.CostElementList.CostElement.ManufacturerList.Manufacturer.HistoryPlanningList.HistoryPlanning"
"2017-07","1","2017-BASE_PROCUREMENT-2017-AIRFORCE_MISSILE-U_PROCUREMENT_MasterJustificationBook_Air_Force_PB_2017.zzz_unzipped-U_PROCUREMENT_MasterJustificationBook_Air_Force_PB_2017.xml","ba076296aff15c2f2961886b84d8a001a53c229bc2b8cc2bff1bf90636aa7516","0-81360984950bf7d0ff46a7003dd6137e80aecf96ebbfd53ef1d5533560f6621f","0-0aa7e4173604ef33e319f24bab2b39ca42b2c323333747aa88a1570718d6f038","root.record.ItemExhibitList.P5Item.CostElementCategoryList.SpaceVehicle.Recurring.CostElementList.CostElement.ManufacturerList.Manufacturer.HistoryPlanningList.HistoryPlanning"
"2016-05","1","2017-BASE_PROCUREMENT-2017-AIRFORCE_MISSILE-U_PROCUREMENT_MasterJustificationBook_Air_Force_PB_2017.zzz_unzipped-U_PROCUREMENT_MasterJustificationBook_Air_Force_PB_2017.xml","ba076296aff15c2f2961886b84d8a001a53c229bc2b8cc2bff1bf90636aa7516","0-61db0d9079210461f118e37db327b417b25f45a7c00efd9442de3533ada08095","1-2913854b45f37c135050fb100f4ca8b3f39943d6ce924f87c7c8e23427a6d44e","root.record.ItemExhibitList.P5Item.CostElementCategoryList.SpaceVehicle.Recurring.CostElementList.CostElement.ManufacturerList.Manufacturer.HistoryPlanningList.HistoryPlanning"
"2020-09","1","2017-BASE_PROCUREMENT-2017-AIRFORCE_MISSILE-U_PROCUREMENT_MasterJustificationBook_Air_Force_PB_2017.zzz_unzipped-U_PROCUREMENT_MasterJustificationBook_Air_Force_PB_2017.xml","ba076296aff15c2f2961886b84d8a001a53c229bc2b8cc2bff1bf90636aa7516","0-5b38372f7ea327ae4cd9dc7ec5fd6dc7b1ffd30425eeff6801af0c9921704b82","0-fe8276a5c12ab194cc45a5cf00b230474377de3cea34e21611a35792c437f8b6","root.record.ItemExhibitList.P5Item.CostElementCategoryList.SpaceVehicle.Recurring.CostElementList.CostElement.ManufacturerList.Manufacturer.HistoryPlanningList.HistoryPlanning"
"2021-07","1","2017-BASE_PROCUREMENT-2017-AIRFORCE_MISSILE-U_PROCUREMENT_MasterJustificationBook_Air_Force_PB_2017.zzz_unzipped-U_PROCUREMENT_MasterJustificationBook_Air_Force_PB_2017.xml","ba076296aff15c2f2961886b84d8a001a53c229bc2b8cc2bff1bf90636aa7516","1-5b3dc93b531daa577138abace1d8fbaeca4477e2450ba96e25a1e6473cbf8c8b","0-fe8276a5c12ab194cc45a5cf00b230474377de3cea34e21611a35792c437f8b6","root.record.ItemExhibitList.P5Item.CostElementCategoryList.SpaceVehicle.Recurring.CostElementList.CostElement.ManufacturerList.Manufacturer.HistoryPlanningList.HistoryPlanning"
"2013-06","1","2017-BASE_PROCUREMENT-2017-AIRFORCE_MISSILE-U_PROCUREMENT_MasterJustificationBook_Air_Force_PB_2017.zzz_unzipped-U_PROCUREMENT_MasterJustificationBook_Air_Force_PB_2017.xml","ba076296aff15c2f2961886b84d8a001a53c229bc2b8cc2bff1bf90636aa7516","0-f1b5a6d2bb2bc5be658dc12fef4b56861ed7533159098bcd17dde583c241df3e","0-ac0c66f3e4a387be7cd7466b783decd56764419a8882d4c02870314e7250583e","root.record.ItemExhibitList.P5Item.CostElementCategoryList.SpaceVehicle.Recurring.CostElementList.CostElement.ManufacturerList.Manufacturer.HistoryPlanningList.HistoryPlanning"
"2015-05","1","2017-BASE_PROCUREMENT-2017-AIRFORCE_MISSILE-U_PROCUREMENT_MasterJustificationBook_Air_Force_PB_2017.zzz_unzipped-U_PROCUREMENT_MasterJustificationBook_Air_Force_PB_2017.xml","ba076296aff15c2f2961886b84d8a001a53c229bc2b8cc2bff1bf90636aa7516","0-0ebbc75930f17784858aa7cd53e95fc128d57d66388ef57575c976ec2f69084a","1-8ebc9ad5816ad280494b24076892ac6023f3f7b0b243e7cc043ef4a757a6e2cd","root.record.ItemExhibitList.P5Item.CostElementCategoryList.SpaceVehicle.Recurring.CostElementList.CostElement.ManufacturerList.Manufacturer.HistoryPlanningList.HistoryPlanning"
"2021-09","1","2017-BASE_PROCUREMENT-2017-AIRFORCE_SPACE-U_PROCUREMENT_JustificationBook_Air_Force_PB_2017.zzz_unzipped-U_PROCUREMENT_JustificationBook_Air_Force_PB_2017.xml","ac7f5f0c477ea2e319b9718d793e60f8044918482b7746f84839bc5fb8abfd6c","0-88aaf554fb74883ef6d1e6bd80011f3f88ba6eb9b1c7fa607a3bcadedcf2210a","0-cb57ad660453bdf05dc110f34f52add715e7ab45c77576790bb0473785dadb01","root.record.ItemExhibitList.P5Item.CostElementCategoryList.SpaceVehicle.Recurring.CostElementList.CostElement.ManufacturerList.Manufacturer.HistoryPlanningList.HistoryPlanning"
"2023-02","1","2017-BASE_PROCUREMENT-2017-AIRFORCE_SPACE-U_PROCUREMENT_JustificationBook_Air_Force_PB_2017.zzz_unzipped-U_PROCUREMENT_JustificationBook_Air_Force_PB_2017.xml","ac7f5f0c477ea2e319b9718d793e60f8044918482b7746f84839bc5fb8abfd6c","0-e5fa9984ce454507bbd8d3b4c7ddd1380bed99b54e4def92eeaf9495c29e4f7b","0-7955a6182479bf092aa1ca3488a58b142f35faf947a965fa6f6008e348b73c12","root.record.ItemExhibitList.P5Item.CostElementCategoryList.SpaceVehicle.Recurring.CostElementList.CostElement.ManufacturerList.Manufacturer.HistoryPlanningList.HistoryPlanning"
"2023-06","1","2017-BASE_PROCUREMENT-2017-AIRFORCE_SPACE-U_PROCUREMENT_JustificationBook_Air_Force_PB_2017.zzz_unzipped-U_PROCUREMENT_JustificationBook_Air_Force_PB_2017.xml","ac7f5f0c477ea2e319b9718d793e60f8044918482b7746f84839bc5fb8abfd6c","1-bf1fb77f58b8258a37021b49c3c113c9b75dc7448170a3005dc5873fd7d643af","0-7955a6182479bf092aa1ca3488a58b142f35faf947a965fa6f6008e348b73c12","root.record.ItemExhibitList.P5Item.CostElementCategoryList.SpaceVehicle.Recurring.CostElementList.CostElement.ManufacturerList.Manufacturer.HistoryPlanningList.HistoryPlanning"
"2024-02","1","2017-BASE_PROCUREMENT-2017-AIRFORCE_SPACE-U_PROCUREMENT_JustificationBook_Air_Force_PB_2017.zzz_unzipped-U_PROCUREMENT_JustificationBook_Air_Force_PB_2017.xml","ac7f5f0c477ea2e319b9718d793e60f8044918482b7746f84839bc5fb8abfd6c","0-3148512b24cba07600e2b4c57e7752699a4bc47b053d53af498a7fce6596d27d","1-9e99ee2c2877182d6f7cb58631fb281f4baddf63226dfc65da40c201c0b2917b","root.record.ItemExhibitList.P5Item.CostElementCategoryList.SpaceVehicle.Recurring.CostElementList.CostElement.ManufacturerList.Manufacturer.HistoryPlanningList.HistoryPlanning"
"2024-06","1","2017-BASE_PROCUREMENT-2017-AIRFORCE_SPACE-U_PROCUREMENT_JustificationBook_Air_Force_PB_2017.zzz_unzipped-U_PROCUREMENT_JustificationBook_Air_Force_PB_2017.xml","ac7f5f0c477ea2e319b9718d793e60f8044918482b7746f84839bc5fb8abfd6c","1-944c8ae3eabae4e2e9044a805b9e369b5077fc8a853a0ee39140f1b849c31ccc","1-9e99ee2c2877182d6f7cb58631fb281f4baddf63226dfc65da40c201c0b2917b","root.record.ItemExhibitList.P5Item.CostElementCategoryList.SpaceVehicle.Recurring.CostElementList.CostElement.ManufacturerList.Manufacturer.HistoryPlanningList.HistoryPlanning"
"2024-10","1","2017-BASE_PROCUREMENT-2017-AIRFORCE_SPACE-U_PROCUREMENT_JustificationBook_Air_Force_PB_2017.zzz_unzipped-U_PROCUREMENT_JustificationBook_Air_Force_PB_2017.xml","ac7f5f0c477ea2e319b9718d793e60f8044918482b7746f84839bc5fb8abfd6c","2-9f2ef778f81cf40a0f04af3abc00f2afeddb1ff20a54fa5f618e70279cb667f2","1-9e99ee2c2877182d6f7cb58631fb281f4baddf63226dfc65da40c201c0b2917b","root.record.ItemExhibitList.P5Item.CostElementCategoryList.SpaceVehicle.Recurring.CostElementList.CostElement.ManufacturerList.Manufacturer.HistoryPlanningList.HistoryPlanning"
"2025-02","1","2017-BASE_PROCUREMENT-2017-AIRFORCE_SPACE-U_PROCUREMENT_JustificationBook_Air_Force_PB_2017.zzz_unzipped-U_PROCUREMENT_JustificationBook_Air_Force_PB_2017.xml","ac7f5f0c477ea2e319b9718d793e60f8044918482b7746f84839bc5fb8abfd6c","0-abe44dc9db72175a67d0c58e52e9a59aa584408b3c6e2dbba0a17c8f5e550cc1","2-d5a495bab34d725d41fab70c9afc6f4a0e9c7ac65deed705f04277ad06215db0","root.record.ItemExhibitList.P5Item.CostElementCategoryList.SpaceVehicle.Recurring.CostElementList.CostElement.ManufacturerList.Manufacturer.HistoryPlanningList.HistoryPlanning"
"2025-06","1","2017-BASE_PROCUREMENT-2017-AIRFORCE_SPACE-U_PROCUREMENT_JustificationBook_Air_Force_PB_2017.zzz_unzipped-U_PROCUREMENT_JustificationBook_Air_Force_PB_2017.xml","ac7f5f0c477ea2e319b9718d793e60f8044918482b7746f84839bc5fb8abfd6c","1-1a4129592cc3198cea11374da6ab57321dc0e0f6722660382ffacd85d4b22a2a","2-d5a495bab34d725d41fab70c9afc6f4a0e9c7ac65deed705f04277ad06215db0","root.record.ItemExhibitList.P5Item.CostElementCategoryList.SpaceVehicle.Recurring.CostElementList.CostElement.ManufacturerList.Manufacturer.HistoryPlanningList.HistoryPlanning"
"2025-10","1","2017-BASE_PROCUREMENT-2017-AIRFORCE_SPACE-U_PROCUREMENT_JustificationBook_Air_Force_PB_2017.zzz_unzipped-U_PROCUREMENT_JustificationBook_Air_Force_PB_2017.xml","ac7f5f0c477ea2e319b9718d793e60f8044918482b7746f84839bc5fb8abfd6c","2-15ea0afd3682fe85d59c9a4b96f67f5eb72ddc4a94026fd8a4f6a4b9cbe7bad2","2-d5a495bab34d725d41fab70c9afc6f4a0e9c7ac65deed705f04277ad06215db0","root.record.ItemExhibitList.P5Item.CostElementCategoryList.SpaceVehicle.Recurring.CostElementList.CostElement.ManufacturerList.Manufacturer.HistoryPlanningList.HistoryPlanning"
"2026-02","1","2017-BASE_PROCUREMENT-2017-AIRFORCE_SPACE-U_PROCUREMENT_JustificationBook_Air_Force_PB_2017.zzz_unzipped-U_PROCUREMENT_JustificationBook_Air_Force_PB_2017.xml","ac7f5f0c477ea2e319b9718d793e60f8044918482b7746f84839bc5fb8abfd6c","0-0ef3d4031fb203884299b79c3d4ce7e0d5a9575550bf3fea43ce7fe3a6af1e66","3-0b724489f7ac98fe651f9bd693599a9a7220e0aa908e549de11b9c59f65db4ad","root.record.ItemExhibitList.P5Item.CostElementCategoryList.SpaceVehicle.Recurring.CostElementList.CostElement.ManufacturerList.Manufacturer.HistoryPlanningList.HistoryPlanning"
"2026-06","1","2017-BASE_PROCUREMENT-2017-AIRFORCE_SPACE-U_PROCUREMENT_JustificationBook_Air_Force_PB_2017.zzz_unzipped-U_PROCUREMENT_JustificationBook_Air_Force_PB_2017.xml","ac7f5f0c477ea2e319b9718d793e60f8044918482b7746f84839bc5fb8abfd6c","1-f5376ea01eac3202d3b531cc985aef25cedeb894a83041f1173f4d79c4d34e9e","3-0b724489f7ac98fe651f9bd693599a9a7220e0aa908e549de11b9c59f65db4ad","root.record.ItemExhibitList.P5Item.CostElementCategoryList.SpaceVehicle.Recurring.CostElementList.CostElement.ManufacturerList.Manufacturer.HistoryPlanningList.HistoryPlanning"
"2021-09","1","2017-BASE_PROCUREMENT-2017-AIRFORCE_SPACE-U_PROCUREMENT_MasterJustificationBook_Air_Force_PB_2017.zzz_unzipped-U_PROCUREMENT_MasterJustificationBook_Air_Force_PB_2017.xml","d04d697926aa20f016e2010f3f7bb3fa4c373c6c6702c3ad57975bf59074690f","0-c590c05d21a4701e73f884d5ef7f37b5a80bd0f8887a5549114bbbf0f053d455","0-83fc1573077e4e1dd838ee9b8864dbfae68fe21d5bc7ed8bad8f881a4f1ea542","root.record.ItemExhibitList.P5Item.CostElementCategoryList.SpaceVehicle.Recurring.CostElementList.CostElement.ManufacturerList.Manufacturer.HistoryPlanningList.HistoryPlanning"
"2023-02","1","2017-BASE_PROCUREMENT-2017-AIRFORCE_SPACE-U_PROCUREMENT_MasterJustificationBook_Air_Force_PB_2017.zzz_unzipped-U_PROCUREMENT_MasterJustificationBook_Air_Force_PB_2017.xml","d04d697926aa20f016e2010f3f7bb3fa4c373c6c6702c3ad57975bf59074690f","0-db039ede4312963187746127b8e3e7bc5e83464e8cc91fe919fa069f581f66f9","0-050299995a2c77947d43768a0e5532f56050dd8c59a5c573b362d15b656c173b","root.record.ItemExhibitList.P5Item.CostElementCategoryList.SpaceVehicle.Recurring.CostElementList.CostElement.ManufacturerList.Manufacturer.HistoryPlanningList.HistoryPlanning"
"2023-06","1","2017-BASE_PROCUREMENT-2017-AIRFORCE_SPACE-U_PROCUREMENT_MasterJustificationBook_Air_Force_PB_2017.zzz_unzipped-U_PROCUREMENT_MasterJustificationBook_Air_Force_PB_2017.xml","d04d697926aa20f016e2010f3f7bb3fa4c373c6c6702c3ad57975bf59074690f","1-e9a021b1cc1697a74869663dfa9651d212012bc26f51537f11e1c8bf2a634230","0-050299995a2c77947d43768a0e5532f56050dd8c59a5c573b362d15b656c173b","root.record.ItemExhibitList.P5Item.CostElementCategoryList.SpaceVehicle.Recurring.CostElementList.CostElement.ManufacturerList.Manufacturer.HistoryPlanningList.HistoryPlanning"
"2024-02","1","2017-BASE_PROCUREMENT-2017-AIRFORCE_SPACE-U_PROCUREMENT_MasterJustificationBook_Air_Force_PB_2017.zzz_unzipped-U_PROCUREMENT_MasterJustificationBook_Air_Force_PB_2017.xml","d04d697926aa20f016e2010f3f7bb3fa4c373c6c6702c3ad57975bf59074690f","0-bc851d608235dac636a473a1f01edc0289ed9adc1d2b609d19a62e1850196647","1-ee0da1cb10e7733f46ebd138b0e552524b0eb59c02d4b5f26f5d43e4f864b789","root.record.ItemExhibitList.P5Item.CostElementCategoryList.SpaceVehicle.Recurring.CostElementList.CostElement.ManufacturerList.Manufacturer.HistoryPlanningList.HistoryPlanning"
"2024-06","1","2017-BASE_PROCUREMENT-2017-AIRFORCE_SPACE-U_PROCUREMENT_MasterJustificationBook_Air_Force_PB_2017.zzz_unzipped-U_PROCUREMENT_MasterJustificationBook_Air_Force_PB_2017.xml","d04d697926aa20f016e2010f3f7bb3fa4c373c6c6702c3ad57975bf59074690f","1-2754b28ebc6a5b89c18360a64e9769389ca8d38c024f2f9fd019bca8425726f0","1-ee0da1cb10e7733f46ebd138b0e552524b0eb59c02d4b5f26f5d43e4f864b789","root.record.ItemExhibitList.P5Item.CostElementCategoryList.SpaceVehicle.Recurring.CostElementList.CostElement.ManufacturerList.Manufacturer.HistoryPlanningList.HistoryPlanning"
"2024-10","1","2017-BASE_PROCUREMENT-2017-AIRFORCE_SPACE-U_PROCUREMENT_MasterJustificationBook_Air_Force_PB_2017.zzz_unzipped-U_PROCUREMENT_MasterJustificationBook_Air_Force_PB_2017.xml","d04d697926aa20f016e2010f3f7bb3fa4c373c6c6702c3ad57975bf59074690f","2-a20b564203ad49a0cda8ccade23a2d588041cc02ca16a94aeb256aca640533c2","1-ee0da1cb10e7733f46ebd138b0e552524b0eb59c02d4b5f26f5d43e4f864b789","root.record.ItemExhibitList.P5Item.CostElementCategoryList.SpaceVehicle.Recurring.CostElementList.CostElement.ManufacturerList.Manufacturer.HistoryPlanningList.HistoryPlanning"
"2025-02","1","2017-BASE_PROCUREMENT-2017-AIRFORCE_SPACE-U_PROCUREMENT_MasterJustificationBook_Air_Force_PB_2017.zzz_unzipped-U_PROCUREMENT_MasterJustificationBook_Air_Force_PB_2017.xml","d04d697926aa20f016e2010f3f7bb3fa4c373c6c6702c3ad57975bf59074690f","0-e3bebdd0b4ac2b47bfa7cc2dbb9c67e3043ad429bbd7e8d1008a1d1c8fc78c84","2-3473906b43c06de24846227ba5c60d4a82f2f49bae751755513e5b6b09924637","root.record.ItemExhibitList.P5Item.CostElementCategoryList.SpaceVehicle.Recurring.CostElementList.CostElement.ManufacturerList.Manufacturer.HistoryPlanningList.HistoryPlanning"
"2025-06","1","2017-BASE_PROCUREMENT-2017-AIRFORCE_SPACE-U_PROCUREMENT_MasterJustificationBook_Air_Force_PB_2017.zzz_unzipped-U_PROCUREMENT_MasterJustificationBook_Air_Force_PB_2017.xml","d04d697926aa20f016e2010f3f7bb3fa4c373c6c6702c3ad57975bf59074690f","1-c610769ed80f0a797057765e4f41f9b91cced4491fc301eaf8b1b2376ae23e71","2-3473906b43c06de24846227ba5c60d4a82f2f49bae751755513e5b6b09924637","root.record.ItemExhibitList.P5Item.CostElementCategoryList.SpaceVehicle.Recurring.CostElementList.CostElement.ManufacturerList.Manufacturer.HistoryPlanningList.HistoryPlanning"
"2025-10","1","2017-BASE_PROCUREMENT-2017-AIRFORCE_SPACE-U_PROCUREMENT_MasterJustificationBook_Air_Force_PB_2017.zzz_unzipped-U_PROCUREMENT_MasterJustificationBook_Air_Force_PB_2017.xml","d04d697926aa20f016e2010f3f7bb3fa4c373c6c6702c3ad57975bf59074690f","2-cce7ff428ec8d4bdcfadd9212da90068cd80306c52dbc56eb56e519247079e75","2-3473906b43c06de24846227ba5c60d4a82f2f49bae751755513e5b6b09924637","root.record.ItemExhibitList.P5Item.CostElementCategoryList.SpaceVehicle.Recurring.CostElementList.CostElement.ManufacturerList.Manufacturer.HistoryPlanningList.HistoryPlanning"
"2026-02","1","2017-BASE_PROCUREMENT-2017-AIRFORCE_SPACE-U_PROCUREMENT_MasterJustificationBook_Air_Force_PB_2017.zzz_unzipped-U_PROCUREMENT_MasterJustificationBook_Air_Force_PB_2017.xml","d04d697926aa20f016e2010f3f7bb3fa4c373c6c6702c3ad57975bf59074690f","0-2491afea7e38fd63968202e6d11fd042027f475c5aebe99b6b5329b5a45dd264","3-931a4a79966247cc594986fcab1d832c231511230b664ae15fb74eef1d83c9e2","root.record.ItemExhibitList.P5Item.CostElementCategoryList.SpaceVehicle.Recurring.CostElementList.CostElement.ManufacturerList.Manufacturer.HistoryPlanningList.HistoryPlanning"
"2026-06","1","2017-BASE_PROCUREMENT-2017-AIRFORCE_SPACE-U_PROCUREMENT_MasterJustificationBook_Air_Force_PB_2017.zzz_unzipped-U_PROCUREMENT_MasterJustificationBook_Air_Force_PB_2017.xml","d04d697926aa20f016e2010f3f7bb3fa4c373c6c6702c3ad57975bf59074690f","1-6986cbb953556ae8f92c5bc33f3581ffcd23857cc254f60e6fb96347e50d5762","3-931a4a79966247cc594986fcab1d832c231511230b664ae15fb74eef1d83c9e2","root.record.ItemExhibitList.P5Item.CostElementCategoryList.SpaceVehicle.Recurring.CostElementList.CostElement.ManufacturerList.Manufacturer.HistoryPlanningList.HistoryPlanning"
"2026-09","1","2020-BASE_PROCUREMENT-2020-AIRFORCE_SPACE-U_PROCUREMENT_JustificationBook_Air_Force_PB_2020.zzz_unzipped-U_PROCUREMENT_JustificationBook_Air_Force_PB_2020.xml","5a38740665df78e7eb7facffa04c59139846bae12f2d6ffa9049758d91c02025","0-9a681ff81f961ae33311dc96586121237ff38bdd59e6c4969c79cb26d9bba9fd","0-399e9a91cb29c826725316f94da00386045bee1c284cecc71c8d06b0dd7e1ca7","root.record.ItemExhibitList.P5Item.CostElementCategoryList.SpaceVehicle.Recurring.CostElementList.CostElement.ManufacturerList.Manufacturer.HistoryPlanningList.HistoryPlanning"
"2026-09","1","2020-BASE_PROCUREMENT-2020-AIRFORCE_SPACE-U_PROCUREMENT_MasterJustificationBook_Air_Force_PB_2020.zzz_unzipped-U_PROCUREMENT_MasterJustificationBook_Air_Force_PB_2020.xml","00dd4b777b39ccc24b0e35550bc76e23f38f996bbbb47a35d401165957f3b8e3","0-9fe096f558a0fc47914fe254d322191525e6273a3a9914a36e326784b4c6eff7","0-ccda1edfdacd625bb442fdbcb8ced7b3cfe4df718b67fd7b5531a42a4a72a744","root.record.ItemExhibitList.P5Item.CostElementCategoryList.SpaceVehicle.Recurring.CostElementList.CostElement.ManufacturerList.Manufacturer.HistoryPlanningList.HistoryPlanning"
