Month_val,Amount_val,@SOURCE_FILENAME,@RECORDID,@ROWID,@PARENTROWID,@PARENT
"2013-07","1","2015-BASE_PROCUREMENT-2015-AIRFORCE_MISSILE-PROCUREMENT_JustificationBook_Air_Force_PB_2015.zzz_unzipped-PROCUREMENT_JustificationBook_Air_Force_PB_2015.xml","30ae9454909107400700f960cfb61afeb2def8bd5984c0c431f47480a6073949","0-46a94ebee2979eb91102e1d4d1a1f6335d95f1b2fba3a240d1bd5ec6e345a35b","0-053a8d704bcbd30c946f087a13e9e1e39f7dfd6678cb5c80b427df81055e8786","root.record.ItemExhibitList.P5Item.CostElementCategoryList.SpaceVehicle.Recurring.CostElementList.CostElement.ManufacturerList.Manufacturer.HistoryPlanningList.HistoryPlanning"
"2017-02","1","2015-BASE_PROCUREMENT-2015-AIRFORCE_MISSILE-PROCUREMENT_JustificationBook_Air_Force_PB_2015.zzz_unzipped-PROCUREMENT_JustificationBook_Air_Force_PB_2015.xml","30ae9454909107400700f960cfb61afeb2def8bd5984c0c431f47480a6073949","0-9e583adbfbedde4f2e6504b9ba8150de8fcc03a371c37c974c565d23161ac7e6","0-d8bd01208f8c11c78a1b4581924f493e32243cb8f48221ded6d023c985ebf634","root.record.ItemExhibitList.P5Item.CostElementCategoryList.SpaceVehicle.Recurring.CostElementList.CostElement.ManufacturerList.Manufacturer.HistoryPlanningList.HistoryPlanning"
"2018-06","1","2015-BASE_PROCUREMENT-2015-AIRFORCE_MISSILE-PROCUREMENT_JustificationBook_Air_Force_PB_2015.zzz_unzipped-PROCUREMENT_JustificationBook_Air_Force_PB_2015.xml","30ae9454909107400700f960cfb61afeb2def8bd5984c0c431f47480a6073949","0-203e7b630b6c3f3bcedc36f4a73919b05a05a908229d10775177eae7b85663d9","0-bc9a728f71f9b583ca30c75d3bb27b66343fe1a0732f8c82cd9ea5658fa45ab7","root.record.ItemExhibitList.P5Item.CostElementCategoryList.SpaceVehicle.Recurring.CostElementList.CostElement.ManufacturerList.Manufacturer.HistoryPlanningList.HistoryPlanning"
"2019-02","1","2015-BASE_PROCUREMENT-2015-AIRFORCE_MISSILE-PROCUREMENT_JustificationBook_Air_Force_PB_2015.zzz_unzipped-PROCUREMENT_JustificationBook_Air_Force_PB_2015.xml","30ae9454909107400700f960cfb61afeb2def8bd5984c0c431f47480a6073949","1-797bd365a51475f3322e25e31b823e68792b899985c9255cb7164ce71c67182f","0-bc9a728f71f9b583ca30c75d3bb27b66343fe1a0732f8c82cd9ea5658fa45ab7","root.record.ItemExhibitList.P5Item.CostElementCategoryList.SpaceVehicle.Recurring.CostElementList.CostElement.ManufacturerList.Manufacturer.HistoryPlanningList.HistoryPlanning"
"2015-08","1","2015-BASE_PROCUREMENT-2015-AIRFORCE_MISSILE-PROCUREMENT_JustificationBook_Air_Force_PB_2015.zzz_unzipped-PROCUREMENT_JustificationBook_Air_Force_PB_2015.xml","c37a869e60e61d42aaab36c12b1fe75fa0c74344e8465cb0a899ea5cb0ad8c58","0-0183c6de47ec74486c39d42db398de6e715be184d8a9d7593fdabd1cd674f786","0-2dbadec66031fa6a4c913ea91924ae5d0a101fc07a44ddb262c3ffb66092b2c2","root.record.ItemExhibitList.P5Item.CostElementCategoryList.SpaceVehicle.Recurring.CostElementList.CostElement.ManufacturerList.Manufacturer.HistoryPlanningList.HistoryPlanning"
"2016-11","1","2015-BASE_PROCUREMENT-2015-AIRFORCE_MISSILE-PROCUREMENT_JustificationBook_Air_Force_PB_2015.zzz_unzipped-PROCUREMENT_JustificationBook_Air_Force_PB_2015.xml","c37a869e60e61d42aaab36c12b1fe75fa0c74344e8465cb0a899ea5cb0ad8c58","0-00a4ecca84efb9fa32c1a9bae129362359e02bc079b531c2e7e974641d6dc364","0-d27bed928ae75ecf3cf149465f06eef191a03eac3a42716dfc85b85875045113","root.record.ItemExhibitList.P5Item.CostElementCategoryList.SpaceVehicle.Recurring.CostElementList.CostElement.ManufacturerList.Manufacturer.HistoryPlanningList.HistoryPlanning"
"2017-12","1","2015-BASE_PROCUREMENT-2015-AIRFORCE_MISSILE-PROCUREMENT_JustificationBook_Air_Force_PB_2015.zzz_unzipped-PROCUREMENT_JustificationBook_Air_Force_PB_2015.xml","c37a869e60e61d42aaab36c12b1fe75fa0c74344e8465cb0a899ea5cb0ad8c58","0-9590b0886fd7fb4e49836f6219e8db35968f21795bb41f7909682905f492d38f","0-6b0425da7af31b8d4ef1109f1047335f3e83f767ff873e1a8b56841010664b03","root.record.ItemExhibitList.P5Item.CostElementCategoryList.SpaceVehicle.Recurring.CostElementList.CostElement.ManufacturerList.Manufacturer.HistoryPlanningList.HistoryPlanning"
"2018-05","1","2015-BASE_PROCUREMENT-2015-AIRFORCE_MISSILE-PROCUREMENT_JustificationBook_Air_Force_PB_2015.zzz_unzipped-PROCUREMENT_JustificationBook_Air_Force_PB_2015.xml","27d3e87bb2fc7e3e342a740b15883c038cc1395873b8ef70810bbcfee7a54946","0-497b59408c363455ec7127bf317b916192f3948b52ad40f07ed3790c173cbb9e","0-4255ca5be02b9540b7996c958d3e69587d078d829c9dd0415f840e5929d83733","root.record.ItemExhibitList.P5Item.CostElementCategoryList.SpaceVehicle.Recurring.CostElementList.CostElement.ManufacturerList.Manufacturer.HistoryPlanningList.HistoryPlanning"
"2019-01","1","2015-BASE_PROCUREMENT-2015-AIRFORCE_MISSILE-PROCUREMENT_JustificationBook_Air_Force_PB_2015.zzz_unzipped-PROCUREMENT_JustificationBook_Air_Force_PB_2015.xml","27d3e87bb2fc7e3e342a740b15883c038cc1395873b8ef70810bbcfee7a54946","1-377ef51b4f861ad6a14e540dabbba0a2cbf9ee5a8c9bc33468c6e9c7528b7e3c","0-4255ca5be02b9540b7996c958d3e69587d078d829c9dd0415f840e5929d83733","root.record.ItemExhibitList.P5Item.CostElementCategoryList.SpaceVehicle.Recurring.CostElementList.CostElement.ManufacturerList.Manufacturer.HistoryPlanningList.HistoryPlanning"
"2019-05","1","2015-BASE_PROCUREMENT-2015-AIRFORCE_MISSILE-PROCUREMENT_JustificationBook_Air_Force_PB_2015.zzz_unzipped-PROCUREMENT_JustificationBook_Air_Force_PB_2015.xml","27d3e87bb2fc7e3e342a740b15883c038cc1395873b8ef70810bbcfee7a54946","0-f61ab0f71e1f7ed8159687976dd61f55c7c2d0b23b1ba917a7b2216847f30a4f","1-7433f114795d21e1da599e10f20e6b66c0c4fc6d91a879298c2f06a19326f0cb","root.record.ItemExhibitList.P5Item.CostElementCategoryList.SpaceVehicle.Recurring.CostElementList.CostElement.ManufacturerList.Manufacturer.HistoryPlanningList.HistoryPlanning"
"2020-05","1","2015-BASE_PROCUREMENT-2015-AIRFORCE_MISSILE-PROCUREMENT_JustificationBook_Air_Force_PB_2015.zzz_unzipped-PROCUREMENT_JustificationBook_Air_Force_PB_2015.xml","27d3e87bb2fc7e3e342a740b15883c038cc1395873b8ef70810bbcfee7a54946","0-03fc9f00ab49ddd8ac67051d7fcaf87ede21e196bd04660a6ac1a46a8c6fb39a","0-184fc78526a1a72fd098fff28598d56e8d079ab48e08d20352a2291601434aa3","root.record.ItemExhibitList.P5Item.CostElementCategoryList.SpaceVehicle.Recurring.CostElementList.CostElement.ManufacturerList.Manufacturer.HistoryPlanningList.HistoryPlanning"
"2013-12","1","2015-BASE_PROCUREMENT-2015-AIRFORCE_MISSILE-PROCUREMENT_JustificationBook_Air_Force_PB_2015.zzz_unzipped-PROCUREMENT_JustificationBook_Air_Force_PB_2015.xml","c137eb1a7e6e50358d93d65f4bc4fdc4e43117fdbd1b33aac5f7816c3b4741c9","0-19c859be2b538bb0a5c352909377825a4d7e7ccddc5cf2764036b3f9c5eb2bde","0-85db32091fc315a477f60102aaf4577ac7f244d08151091dcce2c17f3d095ee4","root.record.ItemExhibitList.P5Item.CostElementCategoryList.SpaceVehicle.Recurring.CostElementList.CostElement.ManufacturerList.Manufacturer.HistoryPlanningList.HistoryPlanning"
"2013-11","1","2015-BASE_PROCUREMENT-2015-AIRFORCE_MISSILE-PROCUREMENT_JustificationBook_Air_Force_PB_2015.zzz_unzipped-PROCUREMENT_JustificationBook_Air_Force_PB_2015.xml","c137eb1a7e6e50358d93d65f4bc4fdc4e43117fdbd1b33aac5f7816c3b4741c9","0-f2d1fd873a50991e01cdd563070a93ab7315ec9f9576764190eec56f1a32cf06","1-b84560dfffe0f1a0775e13565b1f2565634a9e540f494b06cbb71e1a4dca13a1","root.record.ItemExhibitList.P5Item.CostElementCategoryList.SpaceVehicle.Recurring.CostElementList.CostElement.ManufacturerList.Manufacturer.HistoryPlanningList.HistoryPlanning"
"2013-12","2","2015-BASE_PROCUREMENT-2015-AIRFORCE_MISSILE-PROCUREMENT_JustificationBook_Air_Force_PB_2015.zzz_unzipped-PROCUREMENT_JustificationBook_Air_Force_PB_2015.xml","c137eb1a7e6e50358d93d65f4bc4fdc4e43117fdbd1b33aac5f7816c3b4741c9","1-fd98312ff764b6c0848f8b6b99a9cede0799d343ce56ecaf944876979e0d6fdc","1-b84560dfffe0f1a0775e13565b1f2565634a9e540f494b06cbb71e1a4dca13a1","root.record.ItemExhibitList.P5Item.CostElementCategoryList.SpaceVehicle.Recurring.CostElementList.CostElement.ManufacturerList.Manufacturer.HistoryPlanningList.HistoryPlanning"
"2015-09","1","2015-BASE_PROCUREMENT-2015-AIRFORCE_MISSILE-PROCUREMENT_JustificationBook_Air_Force_PB_2015.zzz_unzipped-PROCUREMENT_JustificationBook_Air_Force_PB_2015.xml","b0439627d697f23309d80778f48f7bf9598ab22c86f68e7c8eb97d5630e37c1c","0-991052765cdf5ac393167f79a7960040039188f0eddfd79de75e20e6764c5517","0-6c729d569f0e605e81a5488c93dd89af7942a322eb5aa5fede9268aa2d3af80c","root.record.ItemExhibitList.P5Item.CostElementCategoryList.SpaceVehicle.Recurring.CostElementList.CostElement.ManufacturerList.Manufacturer.HistoryPlanningList.HistoryPlanning"
"2016-09","1","2015-BASE_PROCUREMENT-2015-AIRFORCE_MISSILE-PROCUREMENT_JustificationBook_Air_Force_PB_2015.zzz_unzipped-PROCUREMENT_JustificationBook_Air_Force_PB_2015.xml","b0439627d697f23309d80778f48f7bf9598ab22c86f68e7c8eb97d5630e37c1c","0-225b609008a0c17ff5fcd0b81f1265b0595240ef29a322bd0413b1caef666178","1-eb0e46f7fa4b3e5e8836c0fedd79178dc3214532e7179d2a7ead92abf9bfcabf","root.record.ItemExhibitList.P5Item.CostElementCategoryList.SpaceVehicle.Recurring.CostElementList.CostElement.ManufacturerList.Manufacturer.HistoryPlanningList.HistoryPlanning"
"2020-01","1","2015-BASE_PROCUREMENT-2015-AIRFORCE_MISSILE-PROCUREMENT_JustificationBook_Air_Force_PB_2015.zzz_unzipped-PROCUREMENT_JustificationBook_Air_Force_PB_2015.xml","b0439627d697f23309d80778f48f7bf9598ab22c86f68e7c8eb97d5630e37c1c","0-34400a9c2c005b2cebba997a153044d524eb550d28cdb605c89c470f69c5f9d7","0-5fbea90abafab0810ee2d6a50f21f26786a57fc17c8949f77ffbdf2ba387cca4","root.record.ItemExhibitList.P5Item.CostElementCategoryList.SpaceVehicle.Recurring.CostElementList.CostElement.ManufacturerList.Manufacturer.HistoryPlanningList.HistoryPlanning"
"2021-01","1","2015-BASE_PROCUREMENT-2015-AIRFORCE_MISSILE-PROCUREMENT_JustificationBook_Air_Force_PB_2015.zzz_unzipped-PROCUREMENT_JustificationBook_Air_Force_PB_2015.xml","b0439627d697f23309d80778f48f7bf9598ab22c86f68e7c8eb97d5630e37c1c","1-f35cd8cb5d6cc4e60fab174017085753269b83e64e8c5018b6a56e7bb38f2311","0-5fbea90abafab0810ee2d6a50f21f26786a57fc17c8949f77ffbdf2ba387cca4","root.record.ItemExhibitList.P5Item.CostElementCategoryList.SpaceVehicle.Recurring.CostElementList.CostElement.ManufacturerList.Manufacturer.HistoryPlanningList.HistoryPlanning"
"2013-06","1","2015-BASE_PROCUREMENT-2015-AIRFORCE_MISSILE-PROCUREMENT_JustificationBook_Air_Force_PB_2015.zzz_unzipped-PROCUREMENT_JustificationBook_Air_Force_PB_2015.xml","b0439627d697f23309d80778f48f7bf9598ab22c86f68e7c8eb97d5630e37c1c","0-ea6e074a65cad8a5d221001e907d169dd0a4cbbf18bbd644bf0099c8c7868688","0-946dcc82451ebc18b7a7b55f94c03ca6db84bf1fdcb05108d414acae3445350c","root.record.ItemExhibitList.P5Item.CostElementCategoryList.SpaceVehicle.Recurring.CostElementList.CostElement.ManufacturerList.Manufacturer.HistoryPlanningList.HistoryPlanning"
"2015-04","1","2015-BASE_PROCUREMENT-2015-AIRFORCE_MISSILE-PROCUREMENT_JustificationBook_Air_Force_PB_2015.zzz_unzipped-PROCUREMENT_JustificationBook_Air_Force_PB_2015.xml","b0439627d697f23309d80778f48f7bf9598ab22c86f68e7c8eb97d5630e37c1c","0-0ba57d0ee74405a284683422d1c0a9c06b71d72ed5f20f3926b559b72bb661ab","1-0fb0325eead93fce4c3ce2f52431235d0d9201111d87a7880ca3b299cc333bba","root.record.ItemExhibitList.P5Item.CostElementCategoryList.SpaceVehicle.Recurring.CostElementList.CostElement.ManufacturerList.Manufacturer.HistoryPlanningList.HistoryPlanning"
"2013-07","1","2015-BASE_PROCUREMENT-2015-AIRFORCE_MISSILE-PROCUREMENT_MasterJustificationBook_Air_Force_PB_2015.zzz_unzipped-PROCUREMENT_MasterJustificationBook_Air_Force_PB_2015.xml","2e72d4b6a911533796e4759b9533bc87b03adc8b025726763394585e7d26a646","0-e3ccd8e4ef34c72eff14c3e4937c0079ce8160e792bc93f4ab425ac65bb8c502","0-abc07cf12c031e32a6f332848fd25b1c0c3031db7a34838250a3aa757c6a896c","root.record.ItemExhibitList.P5Item.CostElementCategoryList.SpaceVehicle.Recurring.CostElementList.CostElement.ManufacturerList.Manufacturer.HistoryPlanningList.HistoryPlanning"
"2017-02","1","2015-BASE_PROCUREMENT-2015-AIRFORCE_MISSILE-PROCUREMENT_MasterJustificationBook_Air_Force_PB_2015.zzz_unzipped-PROCUREMENT_MasterJustificationBook_Air_Force_PB_2015.xml","2e72d4b6a911533796e4759b9533bc87b03adc8b025726763394585e7d26a646","0-c65efb3c238e029582033c51a0a272909230d016111c88351275d0a80c9753c5","0-35b52b8788987cbccbbb144b7a8865cf5be85c082e794a6b4f93fe45169e80fd","root.record.ItemExhibitList.P5Item.CostElementCategoryList.SpaceVehicle.Recurring.CostElementList.CostElement.ManufacturerList.Manufacturer.HistoryPlanningList.HistoryPlanning"
"2018-06","1","2015-BASE_PROCUREMENT-2015-AIRFORCE_MISSILE-PROCUREMENT_MasterJustificationBook_Air_Force_PB_2015.zzz_unzipped-PROCUREMENT_MasterJustificationBook_Air_Force_PB_2015.xml","2e72d4b6a911533796e4759b9533bc87b03adc8b025726763394585e7d26a646","0-f71e22f3d7f1b05e9a5d1b9d9efc2e9657a7c83fcbc25d2053fe41423fb8aca4","0-7406d96044da26dc80603e5e333b4272f060a94dcf702a256def22e7269c4c5f","root.record.ItemExhibitList.P5Item.CostElementCategoryList.SpaceVehicle.Recurring.CostElementList.CostElement.ManufacturerList.Manufacturer.HistoryPlanningList.HistoryPlanning"
"2019-02","1","2015-BASE_PROCUREMENT-2015-AIRFORCE_MISSILE-PROCUREMENT_MasterJustificationBook_Air_Force_PB_2015.zzz_unzipped-PROCUREMENT_MasterJustificationBook_Air_Force_PB_2015.xml","2e72d4b6a911533796e4759b9533bc87b03adc8b025726763394585e7d26a646","1-633e065f0a21e63aff49e2c9fe3c965a25524b7f04b2e86d955ed2a7e5e6d4c7","0-7406d96044da26dc80603e5e333b4272f060a94dcf702a256def22e7269c4c5f","root.record.ItemExhibitList.P5Item.CostElementCategoryList.SpaceVehicle.Recurring.CostElementList.CostElement.ManufacturerList.Manufacturer.HistoryPlanningList.HistoryPlanning"
"2015-08","1","2015-BASE_PROCUREMENT-2015-AIRFORCE_MISSILE-PROCUREMENT_MasterJustificationBook_Air_Force_PB_2015.zzz_unzipped-PROCUREMENT_MasterJustificationBook_Air_Force_PB_2015.xml","aab4fe41d3a6cad000ba09116b6bf0f452d46c4e39d4020f58578c2d36374ea8","0-be90d5f8038ed9d4a910ff190235c6d5896a4936f5d00742bcbf2b60b2b4dbf7","0-9b873e42bfe80cb2337ca3d7878644fba22a01d9b93f380444e6f1b2547c9f67","root.record.ItemExhibitList.P5Item.CostElementCategoryList.SpaceVehicle.Recurring.CostElementList.CostElement.ManufacturerList.Manufacturer.HistoryPlanningList.HistoryPlanning"
"2016-11","1","2015-BASE_PROCUREMENT-2015-AIRFORCE_MISSILE-PROCUREMENT_MasterJustificationBook_Air_Force_PB_2015.zzz_unzipped-PROCUREMENT_MasterJustificationBook_Air_Force_PB_2015.xml","aab4fe41d3a6cad000ba09116b6bf0f452d46c4e39d4020f58578c2d36374ea8","0-15f60ad7a10f1ddc198295024abf68f44e4f5f73d77cf15044631f1de00914b1","0-44ca05eb3cd1cedc5401d98246550a7e8c73e265b981d69e4d56c840aa70b56e","root.record.ItemExhibitList.P5Item.CostElementCategoryList.SpaceVehicle.Recurring.CostElementList.CostElement.ManufacturerList.Manufacturer.HistoryPlanningList.HistoryPlanning"
"2017-12","1","2015-BASE_PROCUREMENT-2015-AIRFORCE_MISSILE-PROCUREMENT_MasterJustificationBook_Air_Force_PB_2015.zzz_unzipped-PROCUREMENT_MasterJustificationBook_Air_Force_PB_2015.xml","aab4fe41d3a6cad000ba09116b6bf0f452d46c4e39d4020f58578c2d36374ea8","0-dc9f25705dbd813550b2a352d1a84eec6e72fda1786bbcd1e548f6e921aa20d2","0-0b2c0944caccb4241eba7fb454070583eb56c94a95cf9bec88fc1805a4eedf22","root.record.ItemExhibitList.P5Item.CostElementCategoryList.SpaceVehicle.Recurring.CostElementList.CostElement.ManufacturerList.Manufacturer.HistoryPlanningList.HistoryPlanning"
"2018-05","1","2015-BASE_PROCUREMENT-2015-AIRFORCE_MISSILE-PROCUREMENT_MasterJustificationBook_Air_Force_PB_2015.zzz_unzipped-PROCUREMENT_MasterJustificationBook_Air_Force_PB_2015.xml","33b3b0ad5835d13cc15e7e273b3a3b0e797b8b7474e6a63df610479ef30e8683","0-2aba27898ef280e6f7ff41e0e45d608902a469ee32467142146493cb2d73f490","0-51d5825b11eb491e33d3601db6a54b7060afc65bfbe2e01b5a1df58a5c296661","root.record.ItemExhibitList.P5Item.CostElementCategoryList.SpaceVehicle.Recurring.CostElementList.CostElement.ManufacturerList.Manufacturer.HistoryPlanningList.HistoryPlanning"
"2019-01","1","2015-BASE_PROCUREMENT-2015-AIRFORCE_MISSILE-PROCUREMENT_MasterJustificationBook_Air_Force_PB_2015.zzz_unzipped-PROCUREMENT_MasterJustificationBook_Air_Force_PB_2015.xml","33b3b0ad5835d13cc15e7e273b3a3b0e797b8b7474e6a63df610479ef30e8683","1-50322e75388e1719904e02ba0e47cd1532b8c7ec5e4715f15c669bbf0ba252a0","0-51d5825b11eb491e33d3601db6a54b7060afc65bfbe2e01b5a1df58a5c296661","root.record.ItemExhibitList.P5Item.CostElementCategoryList.SpaceVehicle.Recurring.CostElementList.CostElement.ManufacturerList.Manufacturer.HistoryPlanningList.HistoryPlanning"
"2019-05","1","2015-BASE_PROCUREMENT-2015-AIRFORCE_MISSILE-PROCUREMENT_MasterJustificationBook_Air_Force_PB_2015.zzz_unzipped-PROCUREMENT_MasterJustificationBook_Air_Force_PB_2015.xml","33b3b0ad5835d13cc15e7e273b3a3b0e797b8b7474e6a63df610479ef30e8683","0-5a88b6bd4bdfc1ea59ec6a2d4130c02c996458f2d9b6d450b8315ec7ac85c4e1","1-24cee01a9aa6d70cdd854e5ed80d75781d64c61f7ed004553d0c84ac00e80f92","root.record.ItemExhibitList.P5Item.CostElementCategoryList.SpaceVehicle.Recurring.CostElementList.CostElement.ManufacturerList.Manufacturer.HistoryPlanningList.HistoryPlanning"
"2020-05","1","2015-BASE_PROCUREMENT-2015-AIRFORCE_MISSILE-PROCUREMENT_MasterJustificationBook_Air_Force_PB_2015.zzz_unzipped-PROCUREMENT_MasterJustificationBook_Air_Force_PB_2015.xml","33b3b0ad5835d13cc15e7e273b3a3b0e797b8b7474e6a63df610479ef30e8683","0-3b7fef2ed914a9efe57c0e4a8da7a203eb4824fe17e3da89140f7de943503b8d","0-2d14c43da3f3de834e06d4c61ad0c893e3631c29695122490e14d11e381812d5","root.record.ItemExhibitList.P5Item.CostElementCategoryList.SpaceVehicle.Recurring.CostElementList.CostElement.ManufacturerList.Manufacturer.HistoryPlanningList.HistoryPlanning"
"2013-12","1","2015-BASE_PROCUREMENT-2015-AIRFORCE_MISSILE-PROCUREMENT_MasterJustificationBook_Air_Force_PB_2015.zzz_unzipped-PROCUREMENT_MasterJustificationBook_Air_Force_PB_2015.xml","0c7f7b4da4a1de97a2ca3f33feecadeecb814a2f6f189f3c6b31c74073587191","0-c9beb2ae3a3cd591ad39799b5499475de1a7e99106f12c2d5db1b13567c3d340","0-dcf9fcdb0c81864ac626b6229d9501709528d31927840d11da333bcdf0af237f","root.record.ItemExhibitList.P5Item.CostElementCategoryList.SpaceVehicle.Recurring.CostElementList.CostElement.ManufacturerList.Manufacturer.HistoryPlanningList.HistoryPlanning"
"2013-11","1","2015-BASE_PROCUREMENT-2015-AIRFORCE_MISSILE-PROCUREMENT_MasterJustificationBook_Air_Force_PB_2015.zzz_unzipped-PROCUREMENT_MasterJustificationBook_Air_Force_PB_2015.xml","0c7f7b4da4a1de97a2ca3f33feecadeecb814a2f6f189f3c6b31c74073587191","0-aa9c91318191d971167fd0e1537224d28c115a48c6f52bc5dade4483dc4ea570","1-8b1b65518c5b1a50ec2fa474935333a73f065a9c9055c7d8bae0e0f8ecdc7eca","root.record.ItemExhibitList.P5Item.CostElementCategoryList.SpaceVehicle.Recurring.CostElementList.CostElement.ManufacturerList.Manufacturer.HistoryPlanningList.HistoryPlanning"
"2013-12","2","2015-BASE_PROCUREMENT-2015-AIRFORCE_MISSILE-PROCUREMENT_MasterJustificationBook_Air_Force_PB_2015.zzz_unzipped-PROCUREMENT_MasterJustificationBook_Air_Force_PB_2015.xml","0c7f7b4da4a1de97a2ca3f33feecadeecb814a2f6f189f3c6b31c74073587191","1-ac7309ec9d8216fe7e720a5b7f06560e37f2cc5b755b5e50f52127dfbb94b831","1-8b1b65518c5b1a50ec2fa474935333a73f065a9c9055c7d8bae0e0f8ecdc7eca","root.record.ItemExhibitList.P5Item.CostElementCategoryList.SpaceVehicle.Recurring.CostElementList.CostElement.ManufacturerList.Manufacturer.HistoryPlanningList.HistoryPlanning"
"2015-09","1","2015-BASE_PROCUREMENT-2015-AIRFORCE_MISSILE-PROCUREMENT_MasterJustificationBook_Air_Force_PB_2015.zzz_unzipped-PROCUREMENT_MasterJustificationBook_Air_Force_PB_2015.xml","8c9448bac531fa76bde6d0d330853a3c625667bcc8a7fac5efe03c4154f7d50a","0-ce5cd7020f825b6e8dd715cbdcfd7d2beb95b30cd2718df608d3d0dc5bc533d9","0-d775d8424b22ffb0198185be26b5b6571887186eba5f73ebd1eaba55ccf92205","root.record.ItemExhibitList.P5Item.CostElementCategoryList.SpaceVehicle.Recurring.CostElementList.CostElement.ManufacturerList.Manufacturer.HistoryPlanningList.HistoryPlanning"
"2016-09","1","2015-BASE_PROCUREMENT-2015-AIRFORCE_MISSILE-PROCUREMENT_MasterJustificationBook_Air_Force_PB_2015.zzz_unzipped-PROCUREMENT_MasterJustificationBook_Air_Force_PB_2015.xml","8c9448bac531fa76bde6d0d330853a3c625667bcc8a7fac5efe03c4154f7d50a","0-89ce8ca741c3eb86824e21405314d6df1efb4ef4d229d275333c5bdcd04716cf","1-c8b7ce3b95c173b5e5a234e20ee70569cbc2dbd3fd8961586e13661fabe5981d","root.record.ItemExhibitList.P5Item.CostElementCategoryList.SpaceVehicle.Recurring.CostElementList.CostElement.ManufacturerList.Manufacturer.HistoryPlanningList.HistoryPlanning"
"2020-01","1","2015-BASE_PROCUREMENT-2015-AIRFORCE_MISSILE-PROCUREMENT_MasterJustificationBook_Air_Force_PB_2015.zzz_unzipped-PROCUREMENT_MasterJustificationBook_Air_Force_PB_2015.xml","8c9448bac531fa76bde6d0d330853a3c625667bcc8a7fac5efe03c4154f7d50a","0-de49b7ec38bb721f6e4d01114b4a67dd076924de668aa9d130f6f017b351d5b2","0-d120fb9f9a2a2eb4d44a5e89b0b707aacca2d97ec049467c78a20fe119605508","root.record.ItemExhibitList.P5Item.CostElementCategoryList.SpaceVehicle.Recurring.CostElementList.CostElement.ManufacturerList.Manufacturer.HistoryPlanningList.HistoryPlanning"
"2021-01","1","2015-BASE_PROCUREMENT-2015-AIRFORCE_MISSILE-PROCUREMENT_MasterJustificationBook_Air_Force_PB_2015.zzz_unzipped-PROCUREMENT_MasterJustificationBook_Air_Force_PB_2015.xml","8c9448bac531fa76bde6d0d330853a3c625667bcc8a7fac5efe03c4154f7d50a","1-7c0b8cdccf50a86f22ceff37b24c6eb78c99ce20590a7f9823363f2a09e10e9c","0-d120fb9f9a2a2eb4d44a5e89b0b707aacca2d97ec049467c78a20fe119605508","root.record.ItemExhibitList.P5Item.CostElementCategoryList.SpaceVehicle.Recurring.CostElementList.CostElement.ManufacturerList.Manufacturer.HistoryPlanningList.HistoryPlanning"
"2013-06","1","2015-BASE_PROCUREMENT-2015-AIRFORCE_MISSILE-PROCUREMENT_MasterJustificationBook_Air_Force_PB_2015.zzz_unzipped-PROCUREMENT_MasterJustificationBook_Air_Force_PB_2015.xml","8c9448bac531fa76bde6d0d330853a3c625667bcc8a7fac5efe03c4154f7d50a","0-8692ad2856b60e30c77423714873436ff060795606fbd043ac294f973d5ddc67","0-e7095f5b12b0d68082f87fdda8dcd08a135e9810ced4e4b38aeba9e6b9371aaf","root.record.ItemExhibitList.P5Item.CostElementCategoryList.SpaceVehicle.Recurring.CostElementList.CostElement.ManufacturerList.Manufacturer.HistoryPlanningList.HistoryPlanning"
"2015-04","1","2015-BASE_PROCUREMENT-2015-AIRFORCE_MISSILE-PROCUREMENT_MasterJustificationBook_Air_Force_PB_2015.zzz_unzipped-PROCUREMENT_MasterJustificationBook_Air_Force_PB_2015.xml","8c9448bac531fa76bde6d0d330853a3c625667bcc8a7fac5efe03c4154f7d50a","0-f440b136947dab458b587ee8bcf1f97a7e3c13f8b742537db5135ffadfc81fe2","1-95f35711b75d27dd8d2c402634fd3dce362e32542a9135d5a1d583c48d39a60f","root.record.ItemExhibitList.P5Item.CostElementCategoryList.SpaceVehicle.Recurring.CostElementList.CostElement.ManufacturerList.Manufacturer.HistoryPlanningList.HistoryPlanning"
"2017-02","1","2016-BASE_PROCUREMENT-2016-AIRFORCE_MISSILE-PROCUREMENT_JustificationBook_Air_Force_PB_2016.zzz_unzipped-PROCUREMENT_JustificationBook_Air_Force_PB_2016.xml","f830ff0e0232bf531f2a5b472b72627cd21bc5ce1824ae3a2ac074024c5cc4da","0-855ab6463966867a0f67061dec1a8c393fdf01730139fefdd537e4506a692cdb","0-8be005febb2f9496b001880993312d0ee5e1c82849d086f0b62ae8e56c4f159d","root.record.ItemExhibitList.P5Item.CostElementCategoryList.SpaceVehicle.Recurring.CostElementList.CostElement.ManufacturerList.Manufacturer.HistoryPlanningList.HistoryPlanning"
"2018-06","1","2016-BASE_PROCUREMENT-2016-AIRFORCE_MISSILE-PROCUREMENT_JustificationBook_Air_Force_PB_2016.zzz_unzipped-PROCUREMENT_JustificationBook_Air_Force_PB_2016.xml","f830ff0e0232bf531f2a5b472b72627cd21bc5ce1824ae3a2ac074024c5cc4da","0-1bcabd5bfec5386a47c3a3b44ef5b5bf4baaa8373789d47796b901cae4ffc8ab","0-f8ad02f31be24cc18ca871403ce628930d70726ade9e8bc763dff0b77a0b41c5","root.record.ItemExhibitList.P5Item.CostElementCategoryList.SpaceVehicle.Recurring.CostElementList.CostElement.ManufacturerList.Manufacturer.HistoryPlanningList.HistoryPlanning"
"2019-02","1","2016-BASE_PROCUREMENT-2016-AIRFORCE_MISSILE-PROCUREMENT_JustificationBook_Air_Force_PB_2016.zzz_unzipped-PROCUREMENT_JustificationBook_Air_Force_PB_2016.xml","f830ff0e0232bf531f2a5b472b72627cd21bc5ce1824ae3a2ac074024c5cc4da","1-75dc15ee62226c31e293a3690f39c50c2e22b885e985286755ce1d339672378d","0-f8ad02f31be24cc18ca871403ce628930d70726ade9e8bc763dff0b77a0b41c5","root.record.ItemExhibitList.P5Item.CostElementCategoryList.SpaceVehicle.Recurring.CostElementList.CostElement.ManufacturerList.Manufacturer.HistoryPlanningList.HistoryPlanning"
"2015-08","1","2016-BASE_PROCUREMENT-2016-AIRFORCE_MISSILE-PROCUREMENT_JustificationBook_Air_Force_PB_2016.zzz_unzipped-PROCUREMENT_JustificationBook_Air_Force_PB_2016.xml","fbc89ecfd8fd3c878cbf0cea6a2240cb085f639d3c3675a249886be5b125c6b6","0-2afc03c841b0e609f84baa46d4647258ea3efeb82c62e971306e796f2a7f32bf","0-4f9e8efe256898d2612aa1cac9f5f48d2e760ec2d18b452da3b6a708b9bec6a0","root.record.ItemExhibitList.P5Item.CostElementCategoryList.SpaceVehicle.Recurring.CostElementList.CostElement.ManufacturerList.Manufacturer.HistoryPlanningList.HistoryPlanning"
"2016-11","1","2016-BASE_PROCUREMENT-2016-AIRFORCE_MISSILE-PROCUREMENT_JustificationBook_Air_Force_PB_2016.zzz_unzipped-PROCUREMENT_JustificationBook_Air_Force_PB_2016.xml","fbc89ecfd8fd3c878cbf0cea6a2240cb085f639d3c3675a249886be5b125c6b6","0-bb0cb7b286b17b14b12708946e2786b20e637d03c1e7ef3313236815bf9b8098","0-1154203d8ef468c1a72d7e2f6cf5c88d5584762edf953839528c55c05149c929","root.record.ItemExhibitList.P5Item.CostElementCategoryList.SpaceVehicle.Recurring.CostElementList.CostElement.ManufacturerList.Manufacturer.HistoryPlanningList.HistoryPlanning"
"2017-12","1","2016-BASE_PROCUREMENT-2016-AIRFORCE_MISSILE-PROCUREMENT_JustificationBook_Air_Force_PB_2016.zzz_unzipped-PROCUREMENT_JustificationBook_Air_Force_PB_2016.xml","fbc89ecfd8fd3c878cbf0cea6a2240cb085f639d3c3675a249886be5b125c6b6","0-cd7a93dcf71249b12aace1ef44b86fe385a44458c4c71a645d675c1fed04170c","0-923e2d8e4a8f32d8159680a0739b8a9456e9b10a3431e156d0efc90a25484242","root.record.ItemExhibitList.P5Item.CostElementCategoryList.SpaceVehicle.Recurring.CostElementList.CostElement.ManufacturerList.Manufacturer.HistoryPlanningList.HistoryPlanning"
"2019-10","1","2016-BASE_PROCUREMENT-2016-AIRFORCE_MISSILE-PROCUREMENT_JustificationBook_Air_Force_PB_2016.zzz_unzipped-PROCUREMENT_JustificationBook_Air_Force_PB_2016.xml","6008af67dd7b7881e921358d5575d7c051f7c3bd933010a35a75621fff5f8ea8","0-b4353eeb4ca6e18cd0e3edd546f3c44f1fe1c8d9f8547d7a06d4ea66bdffce84","0-52ff2b5c5b03d86b4b3db08f283dec296f3fc01cf6633445c8320e31afb6839d","root.record.ItemExhibitList.P5Item.CostElementCategoryList.SpaceVehicle.Recurring.CostElementList.CostElement.ManufacturerList.Manufacturer.HistoryPlanningList.HistoryPlanning"
"2020-05","1","2016-BASE_PROCUREMENT-2016-AIRFORCE_MISSILE-PROCUREMENT_JustificationBook_Air_Force_PB_2016.zzz_unzipped-PROCUREMENT_JustificationBook_Air_Force_PB_2016.xml","6008af67dd7b7881e921358d5575d7c051f7c3bd933010a35a75621fff5f8ea8","1-6156e5b7fb157c7451f2ac9912fdf949aae73606c2436aee73135e46ab8faed5","0-52ff2b5c5b03d86b4b3db08f283dec296f3fc01cf6633445c8320e31afb6839d","root.record.ItemExhibitList.P5Item.CostElementCategoryList.SpaceVehicle.Recurring.CostElementList.CostElement.ManufacturerList.Manufacturer.HistoryPlanningList.HistoryPlanning"
"2021-03","1","2016-BASE_PROCUREMENT-2016-AIRFORCE_MISSILE-PROCUREMENT_JustificationBook_Air_Force_PB_2016.zzz_unzipped-PROCUREMENT_JustificationBook_Air_Force_PB_2016.xml","6008af67dd7b7881e921358d5575d7c051f7c3bd933010a35a75621fff5f8ea8","0-c66e8ef37534edcee9ef54be1a6235270510117e6035378d248758c031694148","1-2a5916e7192802fe649678d1c9f9d33c529d7bf034fe4e4d7740ac39e0c1774b","root.record.ItemExhibitList.P5Item.CostElementCategoryList.SpaceVehicle.Recurring.CostElementList.CostElement.ManufacturerList.Manufacturer.HistoryPlanningList.HistoryPlanning"
"2017-07","1","2016-BASE_PROCUREMENT-2016-AIRFORCE_MISSILE-PROCUREMENT_JustificationBook_Air_Force_PB_2016.zzz_unzipped-PROCUREMENT_JustificationBook_Air_Force_PB_2016.xml","b7250a7bc654675ae44d6d62c2bb1e4e483647e362d5d04206595c9b29029aa8","0-078e13d1a2f4215a066452019e0bcc2eee614e2e355013186be53c694af69af8","0-ecaad8b6285fd3ad399b1660b261497462fa87034969ca79d80d5d94e728a68d","root.record.ItemExhibitList.P5Item.CostElementCategoryList.SpaceVehicle.Recurring.CostElementList.CostElement.ManufacturerList.Manufacturer.HistoryPlanningList.HistoryPlanning"
"2016-02","1","2016-BASE_PROCUREMENT-2016-AIRFORCE_MISSILE-PROCUREMENT_JustificationBook_Air_Force_PB_2016.zzz_unzipped-PROCUREMENT_JustificationBook_Air_Force_PB_2016.xml","b7250a7bc654675ae44d6d62c2bb1e4e483647e362d5d04206595c9b29029aa8","0-12a3b427164af75dedd29a855ac6e7fa347aa5a06afe52b74b0b17ae22fbd378","1-a95d0d01e26ed20aeebe2f9fe308f0e5f55953c956a923de8da5ea70bf2136bc","root.record.ItemExhibitList.P5Item.CostElementCategoryList.SpaceVehicle.Recurring.CostElementList.CostElement.ManufacturerList.Manufacturer.HistoryPlanningList.HistoryPlanning"
"2020-09","1","2016-BASE_PROCUREMENT-2016-AIRFORCE_MISSILE-PROCUREMENT_JustificationBook_Air_Force_PB_2016.zzz_unzipped-PROCUREMENT_JustificationBook_Air_Force_PB_2016.xml","b7250a7bc654675ae44d6d62c2bb1e4e483647e362d5d04206595c9b29029aa8","0-da0bd6eba0d138e91c8089d181801e65f007ac727f45f894a32c78df4b918c96","0-f2fa0e0912221b9059525769f30fab37162edfdbc29d08faec707d5a7a31bca1","root.record.ItemExhibitList.P5Item.CostElementCategoryList.SpaceVehicle.Recurring.CostElementList.CostElement.ManufacturerList.Manufacturer.HistoryPlanningList.HistoryPlanning"
"2021-07","1","2016-BASE_PROCUREMENT-2016-AIRFORCE_MISSILE-PROCUREMENT_JustificationBook_Air_Force_PB_2016.zzz_unzipped-PROCUREMENT_JustificationBook_Air_Force_PB_2016.xml","b7250a7bc654675ae44d6d62c2bb1e4e483647e362d5d04206595c9b29029aa8","1-50d873a6859306af67f0415d24fa1898ff6244c174e1bf723d81fdb69605b54d","0-f2fa0e0912221b9059525769f30fab37162edfdbc29d08faec707d5a7a31bca1","root.record.ItemExhibitList.P5Item.CostElementCategoryList.SpaceVehicle.Recurring.CostElementList.CostElement.ManufacturerList.Manufacturer.HistoryPlanningList.HistoryPlanning"
"2013-06","1","2016-BASE_PROCUREMENT-2016-AIRFORCE_MISSILE-PROCUREMENT_JustificationBook_Air_Force_PB_2016.zzz_unzipped-PROCUREMENT_JustificationBook_Air_Force_PB_2016.xml","b7250a7bc654675ae44d6d62c2bb1e4e483647e362d5d04206595c9b29029aa8","0-480658ec981ba51351701a90a5e0b5c797bcb54ac8d345165260a003e626d971","0-f953a5a73d59d39d950589102355a852dd312d94309be04cc70e68aa65e7d942","root.record.ItemExhibitList.P5Item.CostElementCategoryList.SpaceVehicle.Recurring.CostElementList.CostElement.ManufacturerList.Manufacturer.HistoryPlanningList.HistoryPlanning"
"2015-04","1","2016-BASE_PROCUREMENT-2016-AIRFORCE_MISSILE-PROCUREMENT_JustificationBook_Air_Force_PB_2016.zzz_unzipped-PROCUREMENT_JustificationBook_Air_Force_PB_2016.xml","b7250a7bc654675ae44d6d62c2bb1e4e483647e362d5d04206595c9b29029aa8","0-bc881fa1b4aa96b0e86be10035ce1f3fb790de6327a3cf3b1c7b4b1f362b358b","1-88eb8ed232262cd9bcdfcb0b73eb624c49e58487e510f986625ac488b61bacf4","root.record.ItemExhibitList.P5Item.CostElementCategoryList.SpaceVehicle.Recurring.CostElementList.CostElement.ManufacturerList.Manufacturer.HistoryPlanningList.HistoryPlanning"
"2017-02","1","2016-BASE_PROCUREMENT-2016-AIRFORCE_MISSILE-PROCUREMENT_MasterJustificationBook_Air_Force_PB_2016.zzz_unzipped-PROCUREMENT_MasterJustificationBook_Air_Force_PB_2016.xml","fad2c2475373f78f23efdf68f4826e107470a7f4f812e8eaa01090a99fb4921a","0-62666e2737fef049fc6b022935fba2ef1810c70c94369d439f42442cd0c5f18f","0-72500613e7ec979e4e25d6360d7f38dbde536a7a21ad37696ff880dc239ad20f","root.record.ItemExhibitList.P5Item.CostElementCategoryList.SpaceVehicle.Recurring.CostElementList.CostElement.ManufacturerList.Manufacturer.HistoryPlanningList.HistoryPlanning"
"2018-06","1","2016-BASE_PROCUREMENT-2016-AIRFORCE_MISSILE-PROCUREMENT_MasterJustificationBook_Air_Force_PB_2016.zzz_unzipped-PROCUREMENT_MasterJustificationBook_Air_Force_PB_2016.xml","fad2c2475373f78f23efdf68f4826e107470a7f4f812e8eaa01090a99fb4921a","0-fe1783c5f397090ccdedd98d1bb2617a38197628c1b3841c805f8c7cf7d4ca03","0-6ec83fdd6bc4870da04d7dde5617df9529a4d35ece531de9a1306cb2b52fe3dd","root.record.ItemExhibitList.P5Item.CostElementCategoryList.SpaceVehicle.Recurring.CostElementList.CostElement.ManufacturerList.Manufacturer.HistoryPlanningList.HistoryPlanning"
"2019-02","1","2016-BASE_PROCUREMENT-2016-AIRFORCE_MISSILE-PROCUREMENT_MasterJustificationBook_Air_Force_PB_2016.zzz_unzipped-PROCUREMENT_MasterJustificationBook_Air_Force_PB_2016.xml","fad2c2475373f78f23efdf68f4826e107470a7f4f812e8eaa01090a99fb4921a","1-74b5c22290507923788d1c9595353d3777eaa85846a2f126fcdde9c2bb58c4f0","0-6ec83fdd6bc4870da04d7dde5617df9529a4d35ece531de9a1306cb2b52fe3dd","root.record.ItemExhibitList.P5Item.CostElementCategoryList.SpaceVehicle.Recurring.CostElementList.CostElement.ManufacturerList.Manufacturer.HistoryPlanningList.HistoryPlanning"
"2015-08","1","2016-BASE_PROCUREMENT-2016-AIRFORCE_MISSILE-PROCUREMENT_MasterJustificationBook_Air_Force_PB_2016.zzz_unzipped-PROCUREMENT_MasterJustificationBook_Air_Force_PB_2016.xml","1b54b6e1d81834780d8bcf6e845a6e5cf47d5d78e06a51318692698ed45b66a8","0-b9a45a2fd79f5d95c10b44210e0907b2179edd129d09abf09f112f2e3265bc61","0-727883ac6be643d4e70f607d4de811c7356d92ea8df42e3ee262566c506fca24","root.record.ItemExhibitList.P5Item.CostElementCategoryList.SpaceVehicle.Recurring.CostElementList.CostElement.ManufacturerList.Manufacturer.HistoryPlanningList.HistoryPlanning"
"2016-11","1","2016-BASE_PROCUREMENT-2016-AIRFORCE_MISSILE-PROCUREMENT_MasterJustificationBook_Air_Force_PB_2016.zzz_unzipped-PROCUREMENT_MasterJustificationBook_Air_Force_PB_2016.xml","1b54b6e1d81834780d8bcf6e845a6e5cf47d5d78e06a51318692698ed45b66a8","0-75852783ace75d5368c50a590313db893269af79fb320a1f48c0e9c571c7686f","0-215b41c1b8547f3adcd6eae14da954f2351798abc5780be7fe3fa4558d0c16ca","root.record.ItemExhibitList.P5Item.CostElementCategoryList.SpaceVehicle.Recurring.CostElementList.CostElement.ManufacturerList.Manufacturer.HistoryPlanningList.HistoryPlanning"
"2017-12","1","2016-BASE_PROCUREMENT-2016-AIRFORCE_MISSILE-PROCUREMENT_MasterJustificationBook_Air_Force_PB_2016.zzz_unzipped-PROCUREMENT_MasterJustificationBook_Air_Force_PB_2016.xml","1b54b6e1d81834780d8bcf6e845a6e5cf47d5d78e06a51318692698ed45b66a8","0-9b80d89888deaf0d4ed94519917b3fc8cf36c98cbd99bd1f93e0b4dec69692c5","0-b7c1bc5afb67831772c550025dba1acdbc67558bd976957e6f8dbd1d3bf9cf8f","root.record.ItemExhibitList.P5Item.CostElementCategoryList.SpaceVehicle.Recurring.CostElementList.CostElement.ManufacturerList.Manufacturer.HistoryPlanningList.HistoryPlanning"
"2019-10","1","2016-BASE_PROCUREMENT-2016-AIRFORCE_MISSILE-PROCUREMENT_MasterJustificationBook_Air_Force_PB_2016.zzz_unzipped-PROCUREMENT_MasterJustificationBook_Air_Force_PB_2016.xml","d15015debc064b22aaf25587c569493d8ca940df645ad2a38f78ad2ab4876c0b","0-68c4d41355f278e6a8965c0ed2e74e86476b77a5e2e5f16795da0fdc0450d6c1","0-d5d4f2e11321b66b5ba3f8019e98d48ab165d30c652759e6dca051a9ebfc7dbf","root.record.ItemExhibitList.P5Item.CostElementCategoryList.SpaceVehicle.Recurring.CostElementList.CostElement.ManufacturerList.Manufacturer.HistoryPlanningList.HistoryPlanning"
"2020-05","1","2016-BASE_PROCUREMENT-2016-AIRFORCE_MISSILE-PROCUREMENT_MasterJustificationBook_Air_Force_PB_2016.zzz_unzipped-PROCUREMENT_MasterJustificationBook_Air_Force_PB_2016.xml","d15015debc064b22aaf25587c569493d8ca940df645ad2a38f78ad2ab4876c0b","1-4773d719cad979284bb3b04839dae95e96c68bf4bbe0900944f62994edfcb3e1","0-d5d4f2e11321b66b5ba3f8019e98d48ab165d30c652759e6dca051a9ebfc7dbf","root.record.ItemExhibitList.P5Item.CostElementCategoryList.SpaceVehicle.Recurring.CostElementList.CostElement.ManufacturerList.Manufacturer.HistoryPlanningList.HistoryPlanning"
"2021-03","1","2016-BASE_PROCUREMENT-2016-AIRFORCE_MISSILE-PROCUREMENT_MasterJustificationBook_Air_Force_PB_2016.zzz_unzipped-PROCUREMENT_MasterJustificationBook_Air_Force_PB_2016.xml","d15015debc064b22aaf25587c569493d8ca940df645ad2a38f78ad2ab4876c0b","0-5e1da318098d12c6f0f1d28850e3ebe4fefece354fb121017255f373c32c1c7d","1-c9288899355436d66e64cf1d5e6375e3e5fac56969a688523b21b7a7a3e2d50a","root.record.ItemExhibitList.P5Item.CostElementCategoryList.SpaceVehicle.Recurring.CostElementList.CostElement.ManufacturerList.Manufacturer.HistoryPlanningList.HistoryPlanning"
"2017-07","1","2016-BASE_PROCUREMENT-2016-AIRFORCE_MISSILE-PROCUREMENT_MasterJustificationBook_Air_Force_PB_2016.zzz_unzipped-PROCUREMENT_MasterJustificationBook_Air_Force_PB_2016.xml","c2682d49efaf19193dea2762b72643b49faaa2c67e9ab748e3149c7c25e9e852","0-dd5eb1cf293d3dc4ac60f83ff9c41934a5a19b0e50c28e192b222b09fd98aefc","0-df8117590d226256006f03566e7ea473126ad344a166782525e616255de3f256","root.record.ItemExhibitList.P5Item.CostElementCategoryList.SpaceVehicle.Recurring.CostElementList.CostElement.ManufacturerList.Manufacturer.HistoryPlanningList.HistoryPlanning"
"2016-02","1","2016-BASE_PROCUREMENT-2016-AIRFORCE_MISSILE-PROCUREMENT_MasterJustificationBook_Air_Force_PB_2016.zzz_unzipped-PROCUREMENT_MasterJustificationBook_Air_Force_PB_2016.xml","c2682d49efaf19193dea2762b72643b49faaa2c67e9ab748e3149c7c25e9e852","0-91a3bd1f0572084d1da48882d940fca2a83e9c8b74255682bd6b785562298fcf","1-dbd4283f903c07792c5f1acf173a09510cc0ac97772eb5b9b6fe5178a5c94966","root.record.ItemExhibitList.P5Item.CostElementCategoryList.SpaceVehicle.Recurring.CostElementList.CostElement.ManufacturerList.Manufacturer.HistoryPlanningList.HistoryPlanning"
"2020-09","1","2016-BASE_PROCUREMENT-2016-AIRFORCE_MISSILE-PROCUREMENT_MasterJustificationBook_Air_Force_PB_2016.zzz_unzipped-PROCUREMENT_MasterJustificationBook_Air_Force_PB_2016.xml","c2682d49efaf19193dea2762b72643b49faaa2c67e9ab748e3149c7c25e9e852","0-b36d672b038f7c33dde6e262def5fdd5ebc6fbf134833dfec24781a14bc186fe","0-9aa76d39047459359f9ce8e659f227721423365df787f119fd12cc73292288f0","root.record.ItemExhibitList.P5Item.CostElementCategoryList.SpaceVehicle.Recurring.CostElementList.CostElement.ManufacturerList.Manufacturer.HistoryPlanningList.HistoryPlanning"
"2021-07","1","2016-BASE_PROCUREMENT-2016-AIRFORCE_MISSILE-PROCUREMENT_MasterJustificationBook_Air_Force_PB_2016.zzz_unzipped-PROCUREMENT_MasterJustificationBook_Air_Force_PB_2016.xml","c2682d49efaf19193dea2762b72643b49faaa2c67e9ab748e3149c7c25e9e852","1-3c43a075223d9a880cd5a478cdfa244f7f43e48f9ecd4214a7c1a6c2e0a909a0","0-9aa76d39047459359f9ce8e659f227721423365df787f119fd12cc73292288f0","root.record.ItemExhibitList.P5Item.CostElementCategoryList.SpaceVehicle.Recurring.CostElementList.CostElement.ManufacturerList.Manufacturer.HistoryPlanningList.HistoryPlanning"
"2013-06","1","2016-BASE_PROCUREMENT-2016-AIRFORCE_MISSILE-PROCUREMENT_MasterJustificationBook_Air_Force_PB_2016.zzz_unzipped-PROCUREMENT_MasterJustificationBook_Air_Force_PB_2016.xml","c2682d49efaf19193dea2762b72643b49faaa2c67e9ab748e3149c7c25e9e852","0-fc4d32358770270f04176d2d4ced05b3c32184bf9a46d35f24110a24e6c60716","0-3598e41ebae7f58492e484adeb0d9017f13b8a606c7dcc04ed408b7f185700b2","root.record.ItemExhibitList.P5Item.CostElementCategoryList.SpaceVehicle.Recurring.CostElementList.CostElement.ManufacturerList.Manufacturer.HistoryPlanningList.HistoryPlanning"
"2015-04","1","2016-BASE_PROCUREMENT-2016-AIRFORCE_MISSILE-PROCUREMENT_MasterJustificationBook_Air_Force_PB_2016.zzz_unzipped-PROCUREMENT_MasterJustificationBook_Air_Force_PB_2016.xml","c2682d49efaf19193dea2762b72643b49faaa2c67e9ab748e3149c7c25e9e852","0-9f5094b660d65780cb33bc37d2c14b1cd77367717de55466001cabe2b2026bab","1-8c7f6652a2534b4a51b6e13713c087c77317a2e4c9b9010f79ad368cd8bfcb70","root.record.ItemExhibitList.P5Item.CostElementCategoryList.SpaceVehicle.Recurring.CostElementList.CostElement.ManufacturerList.Manufacturer.HistoryPlanningList.HistoryPlanning"
"2022-02","1","2016-BASE_PROCUREMENT-2016-AIRFORCE_SPACE-PROCUREMENT_JustificationBook_Air_Force_PB_2016.zzz_unzipped-PROCUREMENT_JustificationBook_Air_Force_PB_2016.xml","678e9f85d37c485a8e95cf2f19be22938c446e29fa4a202f939bb30848017f66","0-d182b960c937e6c7f648dfda5507c8e124fe2f301f31a0ab66896892e63025dd","0-f5312976c849fc39b87731e3f07e92f1dcb3face6d46b8f2d28a6f6d1ebc14e4","root.record.ItemExhibitList.P5Item.CostElementCategoryList.SpaceVehicle.Recurring.CostElementList.CostElement.ManufacturerList.Manufacturer.HistoryPlanningList.HistoryPlanning"
"2023-02","1","2016-BASE_PROCUREMENT-2016-AIRFORCE_SPACE-PROCUREMENT_JustificationBook_Air_Force_PB_2016.zzz_unzipped-PROCUREMENT_JustificationBook_Air_Force_PB_2016.xml","678e9f85d37c485a8e95cf2f19be22938c446e29fa4a202f939bb30848017f66","0-76056c80289a990fee0ac810eab431f51b19f71807b63c304afe5d46c9fbe6fa","1-40c6976276a633e77d82e83385cfb9a9c842a83b408bb66d8d93845493e941bd","root.record.ItemExhibitList.P5Item.CostElementCategoryList.SpaceVehicle.Recurring.CostElementList.CostElement.ManufacturerList.Manufacturer.HistoryPlanningList.HistoryPlanning"
"2023-06","1","2016-BASE_PROCUREMENT-2016-AIRFORCE_SPACE-PROCUREMENT_JustificationBook_Air_Force_PB_2016.zzz_unzipped-PROCUREMENT_JustificationBook_Air_Force_PB_2016.xml","678e9f85d37c485a8e95cf2f19be22938c446e29fa4a202f939bb30848017f66","1-2e274715f04e9d8a314905f75d91993838b0bed547f80384e85f64badeae11c7","1-40c6976276a633e77d82e83385cfb9a9c842a83b408bb66d8d93845493e941bd","root.record.ItemExhibitList.P5Item.CostElementCategoryList.SpaceVehicle.Recurring.CostElementList.CostElement.ManufacturerList.Manufacturer.HistoryPlanningList.HistoryPlanning"
"2023-10","1","2016-BASE_PROCUREMENT-2016-AIRFORCE_SPACE-PROCUREMENT_JustificationBook_Air_Force_PB_2016.zzz_unzipped-PROCUREMENT_JustificationBook_Air_Force_PB_2016.xml","678e9f85d37c485a8e95cf2f19be22938c446e29fa4a202f939bb30848017f66","2-0cbd1dbd6df2e3ff47c4a726fecfb2dc09b29d76b8e2a61286086dd1a972f8de","1-40c6976276a633e77d82e83385cfb9a9c842a83b408bb66d8d93845493e941bd","root.record.ItemExhibitList.P5Item.CostElementCategoryList.SpaceVehicle.Recurring.CostElementList.CostElement.ManufacturerList.Manufacturer.HistoryPlanningList.HistoryPlanning"
"2024-02","1","2016-BASE_PROCUREMENT-2016-AIRFORCE_SPACE-PROCUREMENT_JustificationBook_Air_Force_PB_2016.zzz_unzipped-PROCUREMENT_JustificationBook_Air_Force_PB_2016.xml","678e9f85d37c485a8e95cf2f19be22938c446e29fa4a202f939bb30848017f66","0-1c72fd6e5cbc9ce73ef7c277a489927922895961ef71d39567485d76e0db2b80","2-d0d97a722c2ddf7e5556290ace25f188dd26226cef281a2909d982da06be8283","root.record.ItemExhibitList.P5Item.CostElementCategoryList.SpaceVehicle.Recurring.CostElementList.CostElement.ManufacturerList.Manufacturer.HistoryPlanningList.HistoryPlanning"
"2024-06","1","2016-BASE_PROCUREMENT-2016-AIRFORCE_SPACE-PROCUREMENT_JustificationBook_Air_Force_PB_2016.zzz_unzipped-PROCUREMENT_JustificationBook_Air_Force_PB_2016.xml","678e9f85d37c485a8e95cf2f19be22938c446e29fa4a202f939bb30848017f66","1-2442ae7568682b9b08e54054a5177cfe5756d9ddc8a73c963cbd3b1e815242d2","2-d0d97a722c2ddf7e5556290ace25f188dd26226cef281a2909d982da06be8283","root.record.ItemExhibitList.P5Item.CostElementCategoryList.SpaceVehicle.Recurring.CostElementList.CostElement.ManufacturerList.Manufacturer.HistoryPlanningList.HistoryPlanning"
"2024-10","1","2016-BASE_PROCUREMENT-2016-AIRFORCE_SPACE-PROCUREMENT_JustificationBook_Air_Force_PB_2016.zzz_unzipped-PROCUREMENT_JustificationBook_Air_Force_PB_2016.xml","678e9f85d37c485a8e95cf2f19be22938c446e29fa4a202f939bb30848017f66","2-13fc409108a73edf3b4bf0eda5260e3a12b136c27eaac0517a2a2a10b6605d1e","2-d0d97a722c2ddf7e5556290ace25f188dd26226cef281a2909d982da06be8283","root.record.ItemExhibitList.P5Item.CostElementCategoryList.SpaceVehicle.Recurring.CostElementList.CostElement.ManufacturerList.Manufacturer.HistoryPlanningList.HistoryPlanning"
"2025-02","1","2016-BASE_PROCUREMENT-2016-AIRFORCE_SPACE-PROCUREMENT_JustificationBook_Air_Force_PB_2016.zzz_unzipped-PROCUREMENT_JustificationBook_Air_Force_PB_2016.xml","678e9f85d37c485a8e95cf2f19be22938c446e29fa4a202f939bb30848017f66","0-1a20e46ef3026b1169d056eca342f58b8fa6438872626fb6abd6be013a32512d","3-9d942ec92dfd677c04a4dd16f090ca2b964d47cb87a1d80f1f1560e562353f77","root.record.ItemExhibitList.P5Item.CostElementCategoryList.SpaceVehicle.Recurring.CostElementList.CostElement.ManufacturerList.Manufacturer.HistoryPlanningList.HistoryPlanning"
"2025-06","1","2016-BASE_PROCUREMENT-2016-AIRFORCE_SPACE-PROCUREMENT_JustificationBook_Air_Force_PB_2016.zzz_unzipped-PROCUREMENT_JustificationBook_Air_Force_PB_2016.xml","678e9f85d37c485a8e95cf2f19be22938c446e29fa4a202f939bb30848017f66","1-ec4fcbf81bbde0077266650c7084947ac66efdfe520fb7d2b6733036d4b1013f","3-9d942ec92dfd677c04a4dd16f090ca2b964d47cb87a1d80f1f1560e562353f77","root.record.ItemExhibitList.P5Item.CostElementCategoryList.SpaceVehicle.Recurring.CostElementList.CostElement.ManufacturerList.Manufacturer.HistoryPlanningList.HistoryPlanning"
"2025-10","1","2016-BASE_PROCUREMENT-2016-AIRFORCE_SPACE-PROCUREMENT_JustificationBook_Air_Force_PB_2016.zzz_unzipped-PROCUREMENT_JustificationBook_Air_Force_PB_2016.xml","678e9f85d37c485a8e95cf2f19be22938c446e29fa4a202f939bb30848017f66","2-068a768cf671bfb9a420184e5c0e8272bda87e81c8e85f229db28defc304533a","3-9d942ec92dfd677c04a4dd16f090ca2b964d47cb87a1d80f1f1560e562353f77","root.record.ItemExhibitList.P5Item.CostElementCategoryList.SpaceVehicle.Recurring.CostElementList.CostElement.ManufacturerList.Manufacturer.HistoryPlanningList.HistoryPlanning"
"2022-02","1","2016-BASE_PROCUREMENT-2016-AIRFORCE_SPACE-PROCUREMENT_MasterJustificationBook_Air_Force_PB_2016.zzz_unzipped-PROCUREMENT_MasterJustificationBook_Air_Force_PB_2016.xml","c5a4557238b31f1521498953a3c7e3ef4b25abd540d107617a261a54274c2734","0-7f59604dc5dfc1274307eedc2a9fc83f676dcec9ed9fcc399a24ec29ee0a744c","0-db90fcba0ee0158823efb42045699e6ece950a36b31dfd6ca61da0a27c1b2573","root.record.ItemExhibitList.P5Item.CostElementCategoryList.SpaceVehicle.Recurring.CostElementList.CostElement.ManufacturerList.Manufacturer.HistoryPlanningList.HistoryPlanning"
"2023-02","1","2016-BASE_PROCUREMENT-2016-AIRFORCE_SPACE-PROCUREMENT_MasterJustificationBook_Air_Force_PB_2016.zzz_unzipped-PROCUREMENT_MasterJustificationBook_Air_Force_PB_2016.xml","c5a4557238b31f1521498953a3c7e3ef4b25abd540d107617a261a54274c2734","0-5361dba46bfa41a096ac902f08c6c5aab1f69dc243cfd8eb33094bf79fde6286","1-89cd42962c22717dcc0acabe2529f9079823e9f0dc97de03ea6383b278d2dda3","root.record.ItemExhibitList.P5Item.CostElementCategoryList.SpaceVehicle.Recurring.CostElementList.CostElement.ManufacturerList.Manufacturer.HistoryPlanningList.HistoryPlanning"
"2023-06","1","2016-BASE_PROCUREMENT-2016-AIRFORCE_SPACE-PROCUREMENT_MasterJustificationBook_Air_Force_PB_2016.zzz_unzipped-PROCUREMENT_MasterJustificationBook_Air_Force_PB_2016.xml","c5a4557238b31f1521498953a3c7e3ef4b25abd540d107617a261a54274c2734","1-20d9cb61fb4d377cdb641611bd27a6a3372bff0453f3daf57b798916b9d4e291","1-89cd42962c22717dcc0acabe2529f9079823e9f0dc97de03ea6383b278d2dda3","root.record.ItemExhibitList.P5Item.CostElementCategoryList.SpaceVehicle.Recurring.CostElementList.CostElement.ManufacturerList.Manufacturer.HistoryPlanningList.HistoryPlanning"
"2023-10","1","2016-BASE_PROCUREMENT-2016-AIRFORCE_SPACE-PROCUREMENT_MasterJustificationBook_Air_Force_PB_2016.zzz_unzipped-PROCUREMENT_MasterJustificationBook_Air_Force_PB_2016.xml","c5a4557238b31f1521498953a3c7e3ef4b25abd540d107617a261a54274c2734","2-e1f1fef074b77fe0d8ef77b2ef550012c63d22d06253401eb9f4750645aa865f","1-89cd42962c22717dcc0acabe2529f9079823e9f0dc97de03ea6383b278d2dda3","root.record.ItemExhibitList.P5Item.CostElementCategoryList.SpaceVehicle.Recurring.CostElementList.CostElement.ManufacturerList.Manufacturer.HistoryPlanningList.HistoryPlanning"
"2024-02","1","2016-BASE_PROCUREMENT-2016-AIRFORCE_SPACE-PROCUREMENT_MasterJustificationBook_Air_Force_PB_2016.zzz_unzipped-PROCUREMENT_MasterJustificationBook_Air_Force_PB_2016.xml","c5a4557238b31f1521498953a3c7e3ef4b25abd540d107617a261a54274c2734","0-50116e3a9ffc7efb4231ee3ba466ed118ef4acb2dafa1300dffc8b3ce9f665f9","2-4e7c99324ada6367ec98e2de05380c6429e4ef6a0aec24cf94a1396522bfa827","root.record.ItemExhibitList.P5Item.CostElementCategoryList.SpaceVehicle.Recurring.CostElementList.CostElement.ManufacturerList.Manufacturer.HistoryPlanningList.HistoryPlanning"
"2024-06","1","2016-BASE_PROCUREMENT-2016-AIRFORCE_SPACE-PROCUREMENT_MasterJustificationBook_Air_Force_PB_2016.zzz_unzipped-PROCUREMENT_MasterJustificationBook_Air_Force_PB_2016.xml","c5a4557238b31f1521498953a3c7e3ef4b25abd540d107617a261a54274c2734","1-7723f0fc4887c3724fdc050d09f46e0bcbffe4ae47251e9b376766d3634b5376","2-4e7c99324ada6367ec98e2de05380c6429e4ef6a0aec24cf94a1396522bfa827","root.record.ItemExhibitList.P5Item.CostElementCategoryList.SpaceVehicle.Recurring.CostElementList.CostElement.ManufacturerList.Manufacturer.HistoryPlanningList.HistoryPlanning"
"2024-10","1","2016-BASE_PROCUREMENT-2016-AIRFORCE_SPACE-PROCUREMENT_MasterJustificationBook_Air_Force_PB_2016.zzz_unzipped-PROCUREMENT_MasterJustificationBook_Air_Force_PB_2016.xml","c5a4557238b31f1521498953a3c7e3ef4b25abd540d107617a261a54274c2734","2-a4800a48933eec930da712b823178ed87f77eb7eadbdc909536703651bba6065","2-4e7c99324ada6367ec98e2de05380c6429e4ef6a0aec24cf94a1396522bfa827","root.record.ItemExhibitList.P5Item.CostElementCategoryList.SpaceVehicle.Recurring.CostElementList.CostElement.ManufacturerList.Manufacturer.HistoryPlanningList.HistoryPlanning"
"2025-02","1","2016-BASE_PROCUREMENT-2016-AIRFORCE_SPACE-PROCUREMENT_MasterJustificationBook_Air_Force_PB_2016.zzz_unzipped-PROCUREMENT_MasterJustificationBook_Air_Force_PB_2016.xml","c5a4557238b31f1521498953a3c7e3ef4b25abd540d107617a261a54274c2734","0-f1e8536c8baaa0a906574c15d8b9ee678c695a3ebde01e74cc1bd811f5709f78","3-d0c39c5348c8e94bf5db799bff2aadfe9e41a92af9029a329d4a615dc7e2927d","root.record.ItemExhibitList.P5Item.CostElementCategoryList.SpaceVehicle.Recurring.CostElementList.CostElement.ManufacturerList.Manufacturer.HistoryPlanningList.HistoryPlanning"
"2025-06","1","2016-BASE_PROCUREMENT-2016-AIRFORCE_SPACE-PROCUREMENT_MasterJustificationBook_Air_Force_PB_2016.zzz_unzipped-PROCUREMENT_MasterJustificationBook_Air_Force_PB_2016.xml","c5a4557238b31f1521498953a3c7e3ef4b25abd540d107617a261a54274c2734","1-2fac665cbcfb2eafe07c9f690ec1fcfc117b73df7f885f03bed9ac3ebad572ec","3-d0c39c5348c8e94bf5db799bff2aadfe9e41a92af9029a329d4a615dc7e2927d","root.record.ItemExhibitList.P5Item.CostElementCategoryList.SpaceVehicle.Recurring.CostElementList.CostElement.ManufacturerList.Manufacturer.HistoryPlanningList.HistoryPlanning"
"2025-10","1","2016-BASE_PROCUREMENT-2016-AIRFORCE_SPACE-PROCUREMENT_MasterJustificationBook_Air_Force_PB_2016.zzz_unzipped-PROCUREMENT_MasterJustificationBook_Air_Force_PB_2016.xml","c5a4557238b31f1521498953a3c7e3ef4b25abd540d107617a261a54274c2734","2-612ac5b7401f82b95578c1fc87483cca1ba8e57f2d1d6c25a085bf208d4bf93a","3-d0c39c5348c8e94bf5db799bff2aadfe9e41a92af9029a329d4a615dc7e2927d","root.record.ItemExhibitList.P5Item.CostElementCategoryList.SpaceVehicle.Recurring.CostElementList.CostElement.ManufacturerList.Manufacturer.HistoryPlanningList.HistoryPlanning"
"2017-02","1","2017-BASE_PROCUREMENT-2017-AIRFORCE_MISSILE-U_PROCUREMENT_JustificationBook_Air_Force_PB_2017.zzz_unzipped-U_PROCUREMENT_JustificationBook_Air_Force_PB_2017.xml","5733047dfa31cd67a8141efe5785b608b17f62b6e02b6fa53ec7b98245eb3cb2","0-0146e0ae3b4818378548f68414d0b8ae95e24e5a7f9b58bdfd60de2d82ee8b60","0-855147c55e82a8f2abb3704cb87476a44a38f4098f264df0b3423bea66826cec","root.record.ItemExhibitList.P5Item.CostElementCategoryList.SpaceVehicle.Recurring.CostElementList.CostElement.ManufacturerList.Manufacturer.HistoryPlanningList.HistoryPlanning"
"2018-06","1","2017-BASE_PROCUREMENT-2017-AIRFORCE_MISSILE-U_PROCUREMENT_JustificationBook_Air_Force_PB_2017.zzz_unzipped-U_PROCUREMENT_JustificationBook_Air_Force_PB_2017.xml","5733047dfa31cd67a8141efe5785b608b17f62b6e02b6fa53ec7b98245eb3cb2","0-b280ec91b92c1da8fcf51b626e2ae8e0783bbc68fc89403d39f3ebe77cdcec5d","0-1f580c5e88746a22384c6591ac133317a93649000cf9df2896eb31e731686a48","root.record.ItemExhibitList.P5Item.CostElementCategoryList.SpaceVehicle.Recurring.CostElementList.CostElement.ManufacturerList.Manufacturer.HistoryPlanningList.HistoryPlanning"
"2019-02","1","2017-BASE_PROCUREMENT-2017-AIRFORCE_MISSILE-U_PROCUREMENT_JustificationBook_Air_Force_PB_2017.zzz_unzipped-U_PROCUREMENT_JustificationBook_Air_Force_PB_2017.xml","5733047dfa31cd67a8141efe5785b608b17f62b6e02b6fa53ec7b98245eb3cb2","1-d3a3b5b5c64300b2d0e0b9e37f75244f3581fd083409a01397acbe88557ff774","0-1f580c5e88746a22384c6591ac133317a93649000cf9df2896eb31e731686a48","root.record.ItemExhibitList.P5Item.CostElementCategoryList.SpaceVehicle.Recurring.CostElementList.CostElement.ManufacturerList.Manufacturer.HistoryPlanningList.HistoryPlanning"
"2016-09","1","2017-BASE_PROCUREMENT-2017-AIRFORCE_MISSILE-U_PROCUREMENT_JustificationBook_Air_Force_PB_2017.zzz_unzipped-U_PROCUREMENT_JustificationBook_Air_Force_PB_2017.xml","605714345c719f1dbbd12a25da57f4edb17db986c06354604455cc112db54165","0-7a2ecfdf6affe0ad92912e009d023e5f3d90747b69ba62292cb5b708ab7949bb","0-f24eb147d333558501a736c8a495c7528339f712b593ffabc141b2ec5df44ddf","root.record.ItemExhibitList.P5Item.CostElementCategoryList.SpaceVehicle.Recurring.CostElementList.CostElement.ManufacturerList.Manufacturer.HistoryPlanningList.HistoryPlanning"
"2017-12","1","2017-BASE_PROCUREMENT-2017-AIRFORCE_MISSILE-U_PROCUREMENT_JustificationBook_Air_Force_PB_2017.zzz_unzipped-U_PROCUREMENT_JustificationBook_Air_Force_PB_2017.xml","605714345c719f1dbbd12a25da57f4edb17db986c06354604455cc112db54165","0-b84310c02868cddf94c1bfb208e5c3704159d98c4c27ede1f8dc2b1d918a0346","0-f9bc78785b88ce5b19c95dc979b348da68b21005a8b809bef99d44f0a208cbec","root.record.ItemExhibitList.P5Item.CostElementCategoryList.SpaceVehicle.Recurring.CostElementList.CostElement.ManufacturerList.Manufacturer.HistoryPlanningList.HistoryPlanning"
"2021-03","1","2017-BASE_PROCUREMENT-2017-AIRFORCE_MISSILE-U_PROCUREMENT_JustificationBook_Air_Force_PB_2017.zzz_unzipped-U_PROCUREMENT_JustificationBook_Air_Force_PB_2017.xml","8812b305f9c99363a5a1d7cbc6180c2a407f3341b9e7ecd10b20a4efc5f5605a","0-02d2430b3caed52407150c28866a1973544de212a7e5d65d849190cda5b1307c","1-b62551e80e693fc740a6c6b8cf39f61c8cde0e55c44542bb314d0ef55f9bee68","root.record.ItemExhibitList.P5Item.CostElementCategoryList.SpaceVehicle.Recurring.CostElementList.CostElement.ManufacturerList.Manufacturer.HistoryPlanningList.HistoryPlanning"
"2017-07","1","2017-BASE_PROCUREMENT-2017-AIRFORCE_MISSILE-U_PROCUREMENT_JustificationBook_Air_Force_PB_2017.zzz_unzipped-U_PROCUREMENT_JustificationBook_Air_Force_PB_2017.xml","0044feba6c5f103dc52333af25237d8df99ab8495c014e88535cc38b2a15aca5","0-9569a37a097cbedf32ebe923d42f7483a50d464b2aa0a20f19772e2d1a52c6fb","0-82e06e929843547e4c0dfadaa6326e742fcc47ab2e014f52fb4809be347d4143","root.record.ItemExhibitList.P5Item.CostElementCategoryList.SpaceVehicle.Recurring.CostElementList.CostElement.ManufacturerList.Manufacturer.HistoryPlanningList.HistoryPlanning"
"2016-05","1","2017-BASE_PROCUREMENT-2017-AIRFORCE_MISSILE-U_PROCUREMENT_JustificationBook_Air_Force_PB_2017.zzz_unzipped-U_PROCUREMENT_JustificationBook_Air_Force_PB_2017.xml","0044feba6c5f103dc52333af25237d8df99ab8495c014e88535cc38b2a15aca5","0-b3659f5f3ee66d480d46e47b4f22d761735952b500f3976359b54630b988ff82","1-082a50a842d14d6c30bf8766f0d638dc2041696432ba1c73cb238848a70ec9aa","root.record.ItemExhibitList.P5Item.CostElementCategoryList.SpaceVehicle.Recurring.CostElementList.CostElement.ManufacturerList.Manufacturer.HistoryPlanningList.HistoryPlanning"
"2020-09","1","2017-BASE_PROCUREMENT-2017-AIRFORCE_MISSILE-U_PROCUREMENT_JustificationBook_Air_Force_PB_2017.zzz_unzipped-U_PROCUREMENT_JustificationBook_Air_Force_PB_2017.xml","0044feba6c5f103dc52333af25237d8df99ab8495c014e88535cc38b2a15aca5","0-1280296df2f2e2c74abca97761ce375cb029656d9b7d1b8e08c80ead793b1dfa","0-9e45a3bb47e92d839d5d385fccf0911c535bf05be01296b09519744386093ed4","root.record.ItemExhibitList.P5Item.CostElementCategoryList.SpaceVehicle.Recurring.CostElementList.CostElement.ManufacturerList.Manufacturer.HistoryPlanningList.HistoryPlanning"
"2021-07","1","2017-BASE_PROCUREMENT-2017-AIRFORCE_MISSILE-U_PROCUREMENT_JustificationBook_Air_Force_PB_2017.zzz_unzipped-U_PROCUREMENT_JustificationBook_Air_Force_PB_2017.xml","0044feba6c5f103dc52333af25237d8df99ab8495c014e88535cc38b2a15aca5","1-21b114e590285597d5f5896bb6dda925f9c82c28f002ec9cbe7e625aba69de67","0-9e45a3bb47e92d839d5d385fccf0911c535bf05be01296b09519744386093ed4","root.record.ItemExhibitList.P5Item.CostElementCategoryList.SpaceVehicle.Recurring.CostElementList.CostElement.ManufacturerList.Manufacturer.HistoryPlanningList.HistoryPlanning"
"2013-06","1","2017-BASE_PROCUREMENT-2017-AIRFORCE_MISSILE-U_PROCUREMENT_JustificationBook_Air_Force_PB_2017.zzz_unzipped-U_PROCUREMENT_JustificationBook_Air_Force_PB_2017.xml","0044feba6c5f103dc52333af25237d8df99ab8495c014e88535cc38b2a15aca5","0-d4333a1812cf28be5db529bca06e3c382d74b4786001815c3181d5aad2828719","0-5f17c8664689bc1280bc4d467fbd54f403df34ceafc3d5c9247d60b763eb005c","root.record.ItemExhibitList.P5Item.CostElementCategoryList.SpaceVehicle.Recurring.CostElementList.CostElement.ManufacturerList.Manufacturer.HistoryPlanningList.HistoryPlanning"
"2015-05","1","2017-BASE_PROCUREMENT-2017-AIRFORCE_MISSILE-U_PROCUREMENT_JustificationBook_Air_Force_PB_2017.zzz_unzipped-U_PROCUREMENT_JustificationBook_Air_Force_PB_2017.xml","0044feba6c5f103dc52333af25237d8df99ab8495c014e88535cc38b2a15aca5","0-360ae167fb951b2364397c8e4899fcde81325f0d458f5d51496beb0aefb23313","1-30f792e344abf19d6e3b8cc1eda5d60d3727c0c6f34c4cc44c8bc740ce6fff02","root.record.ItemExhibitList.P5Item.CostElementCategoryList.SpaceVehicle.Recurring.CostElementList.CostElement.ManufacturerList.Manufacturer.HistoryPlanningList.HistoryPlanning"
"2017-02","1","2017-BASE_PROCUREMENT-2017-AIRFORCE_MISSILE-U_PROCUREMENT_MasterJustificationBook_Air_Force_PB_2017.zzz_unzipped-U_PROCUREMENT_MasterJustificationBook_Air_Force_PB_2017.xml","d561ba4a25d84282efd1d93f8144ea01f8adfa23345c2352de73f67eaa21493b","0-dabf9c8fc362894156b8c583e0d0d799452b16749582c6735801cb579a21bc09","0-60d03a84bb84edf53cc5df2651ae05f7f35db5587033f17760f46923a93b7c43","root.record.ItemExhibitList.P5Item.CostElementCategoryList.SpaceVehicle.Recurring.CostElementList.CostElement.ManufacturerList.Manufacturer.HistoryPlanningList.HistoryPlanning"
"2018-06","1","2017-BASE_PROCUREMENT-2017-AIRFORCE_MISSILE-U_PROCUREMENT_MasterJustificationBook_Air_Force_PB_2017.zzz_unzipped-U_PROCUREMENT_MasterJustificationBook_Air_Force_PB_2017.xml","d561ba4a25d84282efd1d93f8144ea01f8adfa23345c2352de73f67eaa21493b","0-db27c7dc50ef09b685b61aa4cd967c5f8fcc6d62be843ce2a2639c20a72d3979","0-f646f3ac8eacd774f99b7b4803dae5adc6d90f6f54a8e6c3f17eb7b9cf027f83","root.record.ItemExhibitList.P5Item.CostElementCategoryList.SpaceVehicle.Recurring.CostElementList.CostElement.ManufacturerList.Manufacturer.HistoryPlanningList.HistoryPlanning"
"2019-02","1","2017-BASE_PROCUREMENT-2017-AIRFORCE_MISSILE-U_PROCUREMENT_MasterJustificationBook_Air_Force_PB_2017.zzz_unzipped-U_PROCUREMENT_MasterJustificationBook_Air_Force_PB_2017.xml","d561ba4a25d84282efd1d93f8144ea01f8adfa23345c2352de73f67eaa21493b","1-b5fbfd433edf68d8829920c6f2e4980d5ef0a588e513eeac2b14d21513a7046e","0-f646f3ac8eacd774f99b7b4803dae5adc6d90f6f54a8e6c3f17eb7b9cf027f83","root.record.ItemExhibitList.P5Item.CostElementCategoryList.SpaceVehicle.Recurring.CostElementList.CostElement.ManufacturerList.Manufacturer.HistoryPlanningList.HistoryPlanning"
"2016-09","1","2017-BASE_PROCUREMENT-2017-AIRFORCE_MISSILE-U_PROCUREMENT_MasterJustificationBook_Air_Force_PB_2017.zzz_unzipped-U_PROCUREMENT_MasterJustificationBook_Air_Force_PB_2017.xml","18f40b4580e69dc9aeb591abe8445674c8895eab656f114641c7584f15991f80","0-1f35fbc90dca1607f2efa9df7fc4a0ba50c4017af031ab002f83ebb227b0e25c","0-9490936db96b54335600a14e754277b6db415bce3307dedd0685fadfe8a33394","root.record.ItemExhibitList.P5Item.CostElementCategoryList.SpaceVehicle.Recurring.CostElementList.CostElement.ManufacturerList.Manufacturer.HistoryPlanningList.HistoryPlanning"
"2017-12","1","2017-BASE_PROCUREMENT-2017-AIRFORCE_MISSILE-U_PROCUREMENT_MasterJustificationBook_Air_Force_PB_2017.zzz_unzipped-U_PROCUREMENT_MasterJustificationBook_Air_Force_PB_2017.xml","18f40b4580e69dc9aeb591abe8445674c8895eab656f114641c7584f15991f80","0-3f2bac5238c08cb7dc423319ab624f934cbfd45701450b7a04dd164297ab7cb3","0-c51c5c598e2507a7eec0d1f212d9a6b6997e7722c6f52a8122b96bb06624a26e","root.record.ItemExhibitList.P5Item.CostElementCategoryList.SpaceVehicle.Recurring.CostElementList.CostElement.ManufacturerList.Manufacturer.HistoryPlanningList.HistoryPlanning"
"2021-03","1","2017-BASE_PROCUREMENT-2017-AIRFORCE_MISSILE-U_PROCUREMENT_MasterJustificationBook_Air_Force_PB_2017.zzz_unzipped-U_PROCUREMENT_MasterJustificationBook_Air_Force_PB_2017.xml","cdbb4fb4f6ae602204437f67f704687063469c0fb2ddc7876c6d3d17897d780a","0-18b4ead926cf916c3522472e3d1e0e6e54d960bd229239e5f6517e62c95c7940","1-11d5fd826fc613bf4f962dbc5c7fc60f591cfbba6a39f30e14836175362cfa5b","root.record.ItemExhibitList.P5Item.CostElementCategoryList.SpaceVehicle.Recurring.CostElementList.CostElement.ManufacturerList.Manufacturer.HistoryPlanningList.HistoryPlanning"
"2017-07","1","2017-BASE_PROCUREMENT-2017-AIRFORCE_MISSILE-U_PROCUREMENT_MasterJustificationBook_Air_Force_PB_2017.zzz_unzipped-U_PROCUREMENT_MasterJustificationBook_Air_Force_PB_2017.xml","ba076296aff15c2f2961886b84d8a001a53c229bc2b8cc2bff1bf90636aa7516","0-a8832fa7a79ef8c7307332d0caecb8fd47d1e9ea85bd08c2b8ace1969fb83982","0-28eeebb442278bd80d3eef119a2b1a6f42fac96d9f37b674b0fafbe3e0d61234","root.record.ItemExhibitList.P5Item.CostElementCategoryList.SpaceVehicle.Recurring.CostElementList.CostElement.ManufacturerList.Manufacturer.HistoryPlanningList.HistoryPlanning"
"2016-05","1","2017-BASE_PROCUREMENT-2017-AIRFORCE_MISSILE-U_PROCUREMENT_MasterJustificationBook_Air_Force_PB_2017.zzz_unzipped-U_PROCUREMENT_MasterJustificationBook_Air_Force_PB_2017.xml","ba076296aff15c2f2961886b84d8a001a53c229bc2b8cc2bff1bf90636aa7516","0-5e1f052e2c3ca55bf5ce901f231606295a2dd3619ae94a1782d5eaafbf883e17","1-b23792e8f844f9ff8e846e1fbfad2fe6444773e07fa89722beba060e7eb06ea5","root.record.ItemExhibitList.P5Item.CostElementCategoryList.SpaceVehicle.Recurring.CostElementList.CostElement.ManufacturerList.Manufacturer.HistoryPlanningList.HistoryPlanning"
"2020-09","1","2017-BASE_PROCUREMENT-2017-AIRFORCE_MISSILE-U_PROCUREMENT_MasterJustificationBook_Air_Force_PB_2017.zzz_unzipped-U_PROCUREMENT_MasterJustificationBook_Air_Force_PB_2017.xml","ba076296aff15c2f2961886b84d8a001a53c229bc2b8cc2bff1bf90636aa7516","0-da328123f7412adaacc112ec99fbf412c779c46f852b155b11000ab02b969826","0-de915286fb40368ff58eb61b84b6a723635123200753d8b7d8615cd2a6587deb","root.record.ItemExhibitList.P5Item.CostElementCategoryList.SpaceVehicle.Recurring.CostElementList.CostElement.ManufacturerList.Manufacturer.HistoryPlanningList.HistoryPlanning"
"2021-07","1","2017-BASE_PROCUREMENT-2017-AIRFORCE_MISSILE-U_PROCUREMENT_MasterJustificationBook_Air_Force_PB_2017.zzz_unzipped-U_PROCUREMENT_MasterJustificationBook_Air_Force_PB_2017.xml","ba076296aff15c2f2961886b84d8a001a53c229bc2b8cc2bff1bf90636aa7516","1-7d9f75f25c4d919b952d2cae47d066e8efab6d6de360d7c7e9003134cf832e26","0-de915286fb40368ff58eb61b84b6a723635123200753d8b7d8615cd2a6587deb","root.record.ItemExhibitList.P5Item.CostElementCategoryList.SpaceVehicle.Recurring.CostElementList.CostElement.ManufacturerList.Manufacturer.HistoryPlanningList.HistoryPlanning"
"2013-06","1","2017-BASE_PROCUREMENT-2017-AIRFORCE_MISSILE-U_PROCUREMENT_MasterJustificationBook_Air_Force_PB_2017.zzz_unzipped-U_PROCUREMENT_MasterJustificationBook_Air_Force_PB_2017.xml","ba076296aff15c2f2961886b84d8a001a53c229bc2b8cc2bff1bf90636aa7516","0-1f6b74f2d08a3de6354eda9b3adac7a10cf56ba7c3cc9317bcaf02e683768fb5","0-408273138e8328c5307c979bf24248fb46e8d5c2b0a7aad3c41d7dca0d2827fa","root.record.ItemExhibitList.P5Item.CostElementCategoryList.SpaceVehicle.Recurring.CostElementList.CostElement.ManufacturerList.Manufacturer.HistoryPlanningList.HistoryPlanning"
"2015-05","1","2017-BASE_PROCUREMENT-2017-AIRFORCE_MISSILE-U_PROCUREMENT_MasterJustificationBook_Air_Force_PB_2017.zzz_unzipped-U_PROCUREMENT_MasterJustificationBook_Air_Force_PB_2017.xml","ba076296aff15c2f2961886b84d8a001a53c229bc2b8cc2bff1bf90636aa7516","0-5d28277d7b7cf41f0faf9c1dcc930530245b32a7084f53445f3bf7f401d727cf","1-d77c74798eb404a69c255265911cfc783f41a8a91a22deaf19ec4dd299a86df6","root.record.ItemExhibitList.P5Item.CostElementCategoryList.SpaceVehicle.Recurring.CostElementList.CostElement.ManufacturerList.Manufacturer.HistoryPlanningList.HistoryPlanning"
"2021-09","1","2017-BASE_PROCUREMENT-2017-AIRFORCE_SPACE-U_PROCUREMENT_JustificationBook_Air_Force_PB_2017.zzz_unzipped-U_PROCUREMENT_JustificationBook_Air_Force_PB_2017.xml","ac7f5f0c477ea2e319b9718d793e60f8044918482b7746f84839bc5fb8abfd6c","0-0ba305082f4eae2955339f9eada7a48b4ab61ca15149188b3eee7cf95fd609c7","0-079bfab56f7399dac0c860c1d8b4b5448cb7ae9a262ffdd398bbf1685d935949","root.record.ItemExhibitList.P5Item.CostElementCategoryList.SpaceVehicle.Recurring.CostElementList.CostElement.ManufacturerList.Manufacturer.HistoryPlanningList.HistoryPlanning"
"2023-02","1","2017-BASE_PROCUREMENT-2017-AIRFORCE_SPACE-U_PROCUREMENT_JustificationBook_Air_Force_PB_2017.zzz_unzipped-U_PROCUREMENT_JustificationBook_Air_Force_PB_2017.xml","ac7f5f0c477ea2e319b9718d793e60f8044918482b7746f84839bc5fb8abfd6c","0-538d22218d3133b5c33c9aefe8a4283d77abf46171cbe7da1603443bf4879688","0-dcc20620d361928092f024757f8cd52b4d8b5b719f0687a8ba7f5b03cd4a4c8b","root.record.ItemExhibitList.P5Item.CostElementCategoryList.SpaceVehicle.Recurring.CostElementList.CostElement.ManufacturerList.Manufacturer.HistoryPlanningList.HistoryPlanning"
"2023-06","1","2017-BASE_PROCUREMENT-2017-AIRFORCE_SPACE-U_PROCUREMENT_JustificationBook_Air_Force_PB_2017.zzz_unzipped-U_PROCUREMENT_JustificationBook_Air_Force_PB_2017.xml","ac7f5f0c477ea2e319b9718d793e60f8044918482b7746f84839bc5fb8abfd6c","1-dfbed05e1c8ddc48730a5d0c5bcce06e677406bb406c6acac2710e7a12fd6ae2","0-dcc20620d361928092f024757f8cd52b4d8b5b719f0687a8ba7f5b03cd4a4c8b","root.record.ItemExhibitList.P5Item.CostElementCategoryList.SpaceVehicle.Recurring.CostElementList.CostElement.ManufacturerList.Manufacturer.HistoryPlanningList.HistoryPlanning"
"2024-02","1","2017-BASE_PROCUREMENT-2017-AIRFORCE_SPACE-U_PROCUREMENT_JustificationBook_Air_Force_PB_2017.zzz_unzipped-U_PROCUREMENT_JustificationBook_Air_Force_PB_2017.xml","ac7f5f0c477ea2e319b9718d793e60f8044918482b7746f84839bc5fb8abfd6c","0-824e368be68346cde462a3bd86093554e6b7c055e4d82e2a232fc070a6c8bb85","1-d9ab35879f5298ffe38e7970b53a589384879330b505be549cd4b54e87072a43","root.record.ItemExhibitList.P5Item.CostElementCategoryList.SpaceVehicle.Recurring.CostElementList.CostElement.ManufacturerList.Manufacturer.HistoryPlanningList.HistoryPlanning"
"2024-06","1","2017-BASE_PROCUREMENT-2017-AIRFORCE_SPACE-U_PROCUREMENT_JustificationBook_Air_Force_PB_2017.zzz_unzipped-U_PROCUREMENT_JustificationBook_Air_Force_PB_2017.xml","ac7f5f0c477ea2e319b9718d793e60f8044918482b7746f84839bc5fb8abfd6c","1-2001b01e801bd8bfe747b04f006f108fe2b96c84b411d4714dfcc89908744dd1","1-d9ab35879f5298ffe38e7970b53a589384879330b505be549cd4b54e87072a43","root.record.ItemExhibitList.P5Item.CostElementCategoryList.SpaceVehicle.Recurring.CostElementList.CostElement.ManufacturerList.Manufacturer.HistoryPlanningList.HistoryPlanning"
"2024-10","1","2017-BASE_PROCUREMENT-2017-AIRFORCE_SPACE-U_PROCUREMENT_JustificationBook_Air_Force_PB_2017.zzz_unzipped-U_PROCUREMENT_JustificationBook_Air_Force_PB_2017.xml","ac7f5f0c477ea2e319b9718d793e60f8044918482b7746f84839bc5fb8abfd6c","2-761397862cc4784bb91771c9152016b5b6f6ddcdbb013777432c244b702276bc","1-d9ab35879f5298ffe38e7970b53a589384879330b505be549cd4b54e87072a43","root.record.ItemExhibitList.P5Item.CostElementCategoryList.SpaceVehicle.Recurring.CostElementList.CostElement.ManufacturerList.Manufacturer.HistoryPlanningList.HistoryPlanning"
"2025-02","1","2017-BASE_PROCUREMENT-2017-AIRFORCE_SPACE-U_PROCUREMENT_JustificationBook_Air_Force_PB_2017.zzz_unzipped-U_PROCUREMENT_JustificationBook_Air_Force_PB_2017.xml","ac7f5f0c477ea2e319b9718d793e60f8044918482b7746f84839bc5fb8abfd6c","0-ba88e6785835f56bedd7350c0f5b6abdef88f0e61f94102eb3a109f1e4cc677f","2-f8439737707592bc433c33fc3b2fb02b50ba44b86e877032509213580157c8d9","root.record.ItemExhibitList.P5Item.CostElementCategoryList.SpaceVehicle.Recurring.CostElementList.CostElement.ManufacturerList.Manufacturer.HistoryPlanningList.HistoryPlanning"
"2025-06","1","2017-BASE_PROCUREMENT-2017-AIRFORCE_SPACE-U_PROCUREMENT_JustificationBook_Air_Force_PB_2017.zzz_unzipped-U_PROCUREMENT_JustificationBook_Air_Force_PB_2017.xml","ac7f5f0c477ea2e319b9718d793e60f8044918482b7746f84839bc5fb8abfd6c","1-15d9a407ad8ff9d9422889a7a5dbb29e93796bc054f2d4716c1ea66384cfa284","2-f8439737707592bc433c33fc3b2fb02b50ba44b86e877032509213580157c8d9","root.record.ItemExhibitList.P5Item.CostElementCategoryList.SpaceVehicle.Recurring.CostElementList.CostElement.ManufacturerList.Manufacturer.HistoryPlanningList.HistoryPlanning"
"2025-10","1","2017-BASE_PROCUREMENT-2017-AIRFORCE_SPACE-U_PROCUREMENT_JustificationBook_Air_Force_PB_2017.zzz_unzipped-U_PROCUREMENT_JustificationBook_Air_Force_PB_2017.xml","ac7f5f0c477ea2e319b9718d793e60f8044918482b7746f84839bc5fb8abfd6c","2-636e6f3f9093175797624ed8427d8ccb01d5ac54b5e5bf356c97a87d687d8127","2-f8439737707592bc433c33fc3b2fb02b50ba44b86e877032509213580157c8d9","root.record.ItemExhibitList.P5Item.CostElementCategoryList.SpaceVehicle.Recurring.CostElementList.CostElement.ManufacturerList.Manufacturer.HistoryPlanningList.HistoryPlanning"
"2026-02","1","2017-BASE_PROCUREMENT-2017-AIRFORCE_SPACE-U_PROCUREMENT_JustificationBook_Air_Force_PB_2017.zzz_unzipped-U_PROCUREMENT_JustificationBook_Air_Force_PB_2017.xml","ac7f5f0c477ea2e319b9718d793e60f8044918482b7746f84839bc5fb8abfd6c","0-2474fa66ce0c47038d7ac41e489dded2f5e02c12bdb2a4fcd7c5bfd3c35041da","3-8b7bbd6ea7bb693b0dd575d5aa78bd9aa04bb2b7e4f15146604fb7152fa14ad6","root.record.ItemExhibitList.P5Item.CostElementCategoryList.SpaceVehicle.Recurring.CostElementList.CostElement.ManufacturerList.Manufacturer.HistoryPlanningList.HistoryPlanning"
"2026-06","1","2017-BASE_PROCUREMENT-2017-AIRFORCE_SPACE-U_PROCUREMENT_JustificationBook_Air_Force_PB_2017.zzz_unzipped-U_PROCUREMENT_JustificationBook_Air_Force_PB_2017.xml","ac7f5f0c477ea2e319b9718d793e60f8044918482b7746f84839bc5fb8abfd6c","1-5d0095ca8750b4eba3b4cfa84bcef90cbaed54de2d0134f3e507667dce570399","3-8b7bbd6ea7bb693b0dd575d5aa78bd9aa04bb2b7e4f15146604fb7152fa14ad6","root.record.ItemExhibitList.P5Item.CostElementCategoryList.SpaceVehicle.Recurring.CostElementList.CostElement.ManufacturerList.Manufacturer.HistoryPlanningList.HistoryPlanning"
"2021-09","1","2017-BASE_PROCUREMENT-2017-AIRFORCE_SPACE-U_PROCUREMENT_MasterJustificationBook_Air_Force_PB_2017.zzz_unzipped-U_PROCUREMENT_MasterJustificationBook_Air_Force_PB_2017.xml","d04d697926aa20f016e2010f3f7bb3fa4c373c6c6702c3ad57975bf59074690f","0-c530947493593deca43e43affaeac0022820707c491da876d5cd82d2a661d7e0","0-d46e4d915987690fe5e957a1d7ec19e9c2bbd3c42d1092a93aac90418c6092f3","root.record.ItemExhibitList.P5Item.CostElementCategoryList.SpaceVehicle.Recurring.CostElementList.CostElement.ManufacturerList.Manufacturer.HistoryPlanningList.HistoryPlanning"
"2023-02","1","2017-BASE_PROCUREMENT-2017-AIRFORCE_SPACE-U_PROCUREMENT_MasterJustificationBook_Air_Force_PB_2017.zzz_unzipped-U_PROCUREMENT_MasterJustificationBook_Air_Force_PB_2017.xml","d04d697926aa20f016e2010f3f7bb3fa4c373c6c6702c3ad57975bf59074690f","0-9bdd7fbfeb414064b46f01311bdf651dedddfc4e0923c210632d083254df74e5","0-5c820b5376d011a24cbbdbcf5fb215a53afb659ae803553fec1c8a3048813c04","root.record.ItemExhibitList.P5Item.CostElementCategoryList.SpaceVehicle.Recurring.CostElementList.CostElement.ManufacturerList.Manufacturer.HistoryPlanningList.HistoryPlanning"
"2023-06","1","2017-BASE_PROCUREMENT-2017-AIRFORCE_SPACE-U_PROCUREMENT_MasterJustificationBook_Air_Force_PB_2017.zzz_unzipped-U_PROCUREMENT_MasterJustificationBook_Air_Force_PB_2017.xml","d04d697926aa20f016e2010f3f7bb3fa4c373c6c6702c3ad57975bf59074690f","1-9debca846cfff7e6f5636e4c8153e5fc01a5e6bbbd3408bf6dd5c9c38a6b6faa","0-5c820b5376d011a24cbbdbcf5fb215a53afb659ae803553fec1c8a3048813c04","root.record.ItemExhibitList.P5Item.CostElementCategoryList.SpaceVehicle.Recurring.CostElementList.CostElement.ManufacturerList.Manufacturer.HistoryPlanningList.HistoryPlanning"
"2024-02","1","2017-BASE_PROCUREMENT-2017-AIRFORCE_SPACE-U_PROCUREMENT_MasterJustificationBook_Air_Force_PB_2017.zzz_unzipped-U_PROCUREMENT_MasterJustificationBook_Air_Force_PB_2017.xml","d04d697926aa20f016e2010f3f7bb3fa4c373c6c6702c3ad57975bf59074690f","0-233a395c6dc6cda7cb879b4d286b108b0b157fe1e93a4dcd73d1cb6ed13a4dec","1-920a925dcb6ba4638138daa1c506503cb95931ce21a33ff652661598713e32be","root.record.ItemExhibitList.P5Item.CostElementCategoryList.SpaceVehicle.Recurring.CostElementList.CostElement.ManufacturerList.Manufacturer.HistoryPlanningList.HistoryPlanning"
"2024-06","1","2017-BASE_PROCUREMENT-2017-AIRFORCE_SPACE-U_PROCUREMENT_MasterJustificationBook_Air_Force_PB_2017.zzz_unzipped-U_PROCUREMENT_MasterJustificationBook_Air_Force_PB_2017.xml","d04d697926aa20f016e2010f3f7bb3fa4c373c6c6702c3ad57975bf59074690f","1-f666b5db05007b76ab77d8d9bb4a0fc3ef04580fc4dc112ccf025fa7768050b1","1-920a925dcb6ba4638138daa1c506503cb95931ce21a33ff652661598713e32be","root.record.ItemExhibitList.P5Item.CostElementCategoryList.SpaceVehicle.Recurring.CostElementList.CostElement.ManufacturerList.Manufacturer.HistoryPlanningList.HistoryPlanning"
"2024-10","1","2017-BASE_PROCUREMENT-2017-AIRFORCE_SPACE-U_PROCUREMENT_MasterJustificationBook_Air_Force_PB_2017.zzz_unzipped-U_PROCUREMENT_MasterJustificationBook_Air_Force_PB_2017.xml","d04d697926aa20f016e2010f3f7bb3fa4c373c6c6702c3ad57975bf59074690f","2-af6eb8a19a2e2738d8726c9c9c63e47b2847ddcc8b14e1b399e6e8b9cbc338f3","1-920a925dcb6ba4638138daa1c506503cb95931ce21a33ff652661598713e32be","root.record.ItemExhibitList.P5Item.CostElementCategoryList.SpaceVehicle.Recurring.CostElementList.CostElement.ManufacturerList.Manufacturer.HistoryPlanningList.HistoryPlanning"
"2025-02","1","2017-BASE_PROCUREMENT-2017-AIRFORCE_SPACE-U_PROCUREMENT_MasterJustificationBook_Air_Force_PB_2017.zzz_unzipped-U_PROCUREMENT_MasterJustificationBook_Air_Force_PB_2017.xml","d04d697926aa20f016e2010f3f7bb3fa4c373c6c6702c3ad57975bf59074690f","0-cd25fffee4fcbe2bc0ec8555f6fe1fb2750fb488b8145c14058c05fe3f962e06","2-0c38be6844d1a5451ed6e3f3ef3dd636575df178c2c885cc324eea006b192af0","root.record.ItemExhibitList.P5Item.CostElementCategoryList.SpaceVehicle.Recurring.CostElementList.CostElement.ManufacturerList.Manufacturer.HistoryPlanningList.HistoryPlanning"
"2025-06","1","2017-BASE_PROCUREMENT-2017-AIRFORCE_SPACE-U_PROCUREMENT_MasterJustificationBook_Air_Force_PB_2017.zzz_unzipped-U_PROCUREMENT_MasterJustificationBook_Air_Force_PB_2017.xml","d04d697926aa20f016e2010f3f7bb3fa4c373c6c6702c3ad57975bf59074690f","1-41e1c747512cdc886d34c1cc848593401521c13db5dfa539fbcc5d270c45fdf4","2-0c38be6844d1a5451ed6e3f3ef3dd636575df178c2c885cc324eea006b192af0","root.record.ItemExhibitList.P5Item.CostElementCategoryList.SpaceVehicle.Recurring.CostElementList.CostElement.ManufacturerList.Manufacturer.HistoryPlanningList.HistoryPlanning"
"2025-10","1","2017-BASE_PROCUREMENT-2017-AIRFORCE_SPACE-U_PROCUREMENT_MasterJustificationBook_Air_Force_PB_2017.zzz_unzipped-U_PROCUREMENT_MasterJustificationBook_Air_Force_PB_2017.xml","d04d697926aa20f016e2010f3f7bb3fa4c373c6c6702c3ad57975bf59074690f","2-4d2e72a2e0766284a021d9045f0dcdc694184a561ee3aea7f27c0c4e7a2a9168","2-0c38be6844d1a5451ed6e3f3ef3dd636575df178c2c885cc324eea006b192af0","root.record.ItemExhibitList.P5Item.CostElementCategoryList.SpaceVehicle.Recurring.CostElementList.CostElement.ManufacturerList.Manufacturer.HistoryPlanningList.HistoryPlanning"
"2026-02","1","2017-BASE_PROCUREMENT-2017-AIRFORCE_SPACE-U_PROCUREMENT_MasterJustificationBook_Air_Force_PB_2017.zzz_unzipped-U_PROCUREMENT_MasterJustificationBook_Air_Force_PB_2017.xml","d04d697926aa20f016e2010f3f7bb3fa4c373c6c6702c3ad57975bf59074690f","0-f65c5778990d871d2639c277efcc2805d6409e2e204be3c71a4c2481f44670ec","3-46530aa1f823ec955dca0e196f7f005dbd6b0b5385fbd5bff9646181bbdbd91d","root.record.ItemExhibitList.P5Item.CostElementCategoryList.SpaceVehicle.Recurring.CostElementList.CostElement.ManufacturerList.Manufacturer.HistoryPlanningList.HistoryPlanning"
"2026-06","1","2017-BASE_PROCUREMENT-2017-AIRFORCE_SPACE-U_PROCUREMENT_MasterJustificationBook_Air_Force_PB_2017.zzz_unzipped-U_PROCUREMENT_MasterJustificationBook_Air_Force_PB_2017.xml","d04d697926aa20f016e2010f3f7bb3fa4c373c6c6702c3ad57975bf59074690f","1-03030738cab04095c3ff93676ac1f190005de07475011aabec88f122cf3889de","3-46530aa1f823ec955dca0e196f7f005dbd6b0b5385fbd5bff9646181bbdbd91d","root.record.ItemExhibitList.P5Item.CostElementCategoryList.SpaceVehicle.Recurring.CostElementList.CostElement.ManufacturerList.Manufacturer.HistoryPlanningList.HistoryPlanning"
"2026-09","1","2020-BASE_PROCUREMENT-2020-AIRFORCE_SPACE-U_PROCUREMENT_JustificationBook_Air_Force_PB_2020.zzz_unzipped-U_PROCUREMENT_JustificationBook_Air_Force_PB_2020.xml","5a38740665df78e7eb7facffa04c59139846bae12f2d6ffa9049758d91c02025","0-f3d0a7b419b9d8c8ce8438bd6c91d1debceac15466f4f5ab3443af5dd0a8c246","0-a3e599fff3f192e5cf7e4ef86dd5994fd8a4c970156dbf3bc2bb4895cb9fd164","root.record.ItemExhibitList.P5Item.CostElementCategoryList.SpaceVehicle.Recurring.CostElementList.CostElement.ManufacturerList.Manufacturer.HistoryPlanningList.HistoryPlanning"
"2026-09","1","2020-BASE_PROCUREMENT-2020-AIRFORCE_SPACE-U_PROCUREMENT_MasterJustificationBook_Air_Force_PB_2020.zzz_unzipped-U_PROCUREMENT_MasterJustificationBook_Air_Force_PB_2020.xml","00dd4b777b39ccc24b0e35550bc76e23f38f996bbbb47a35d401165957f3b8e3","0-9a379acf51131e1db2adec47fd442c03784c18de521bee9a315fae3f26831117","0-9f80d2806508bc60d28dbbde83cb016a477fb1ba0f061c2fbeae72a5a9917e13","root.record.ItemExhibitList.P5Item.CostElementCategoryList.SpaceVehicle.Recurring.CostElementList.CostElement.ManufacturerList.Manufacturer.HistoryPlanningList.HistoryPlanning"
