[
    {
        "FiscalYear_val": "2011",
        "PCOLocation_val": "AFMC\/AAC",
        "AwardDate_val": "2011-12",
        "FirstDeliveryDate_val": "2013-04",
        "Quantity_val": "195",
        "UnitCost_val": "0.039",
        "SpecsAvailableNow_val": "true",
        "RFPIssueDate_val": "2011-05",
        "ContractMethod_val": "SS",
        "ContractType_val": "FFP",
        "@SOURCE_FILENAME": "2013-BASE_PROCUREMENT-2013-AIRFORCE_AMMUNITION-JustificationBook_Air_Force_PB_2013.zzz_unzipped-JustificationBook_Air_Force_PB_2013.xml",
        "@RECORDID": "101c78e8b718e2eb490a6e9385e8f4fb9a2e42c27419ef92c73bc89bb4fcd89c",
        "@ROWID": "0-bd31fb4b21bece5234838d7b7a8d7ac8970074c12cbc6c4346c5bf946b315dea",
        "ItemNameSuffix_val": "",
        "OCO_val": "",
        "@PARENTROWID": "1-8fab1196cf65541003babc82ae554b0e95a8326177d032b8da03afa5f080959f",
        "@PARENT": "root.record.ItemExhibitList.P5Item.CostElementCategoryList.AncillaryEquipment.Recurring.CostElementList.CostElement"
    },
    {
        "FiscalYear_val": "2012",
        "PCOLocation_val": "AFMC\/AAC",
        "AwardDate_val": "2012-08",
        "FirstDeliveryDate_val": "2013-11",
        "Quantity_val": "121",
        "UnitCost_val": "0.040",
        "SpecsAvailableNow_val": "true",
        "RFPIssueDate_val": "2012-01",
        "ContractMethod_val": "SS",
        "ContractType_val": "FFP",
        "@SOURCE_FILENAME": "2013-BASE_PROCUREMENT-2013-AIRFORCE_AMMUNITION-JustificationBook_Air_Force_PB_2013.zzz_unzipped-JustificationBook_Air_Force_PB_2013.xml",
        "@RECORDID": "101c78e8b718e2eb490a6e9385e8f4fb9a2e42c27419ef92c73bc89bb4fcd89c",
        "@ROWID": "1-d6b757d4eebb5e9cda678e6f77724f43661ce2558b69c21aa299261ca4015014",
        "ItemNameSuffix_val": "",
        "OCO_val": "",
        "@PARENTROWID": "1-8fab1196cf65541003babc82ae554b0e95a8326177d032b8da03afa5f080959f",
        "@PARENT": "root.record.ItemExhibitList.P5Item.CostElementCategoryList.AncillaryEquipment.Recurring.CostElementList.CostElement"
    },
    {
        "FiscalYear_val": "2013",
        "PCOLocation_val": "AFMC\/AAC",
        "AwardDate_val": "2013-08",
        "FirstDeliveryDate_val": "2014-11",
        "Quantity_val": "116",
        "UnitCost_val": "0.040",
        "SpecsAvailableNow_val": "true",
        "RFPIssueDate_val": "2013-01",
        "ContractMethod_val": "SS",
        "ContractType_val": "FFP",
        "@SOURCE_FILENAME": "2013-BASE_PROCUREMENT-2013-AIRFORCE_AMMUNITION-JustificationBook_Air_Force_PB_2013.zzz_unzipped-JustificationBook_Air_Force_PB_2013.xml",
        "@RECORDID": "101c78e8b718e2eb490a6e9385e8f4fb9a2e42c27419ef92c73bc89bb4fcd89c",
        "@ROWID": "2-6a646e9a5f611a10ead5d20e995f6693ada73959f4bfee7d0ea2c9bc333aba7e",
        "ItemNameSuffix_val": "",
        "OCO_val": "",
        "@PARENTROWID": "1-8fab1196cf65541003babc82ae554b0e95a8326177d032b8da03afa5f080959f",
        "@PARENT": "root.record.ItemExhibitList.P5Item.CostElementCategoryList.AncillaryEquipment.Recurring.CostElementList.CostElement"
    },
    {
        "FiscalYear_val": "2014",
        "PCOLocation_val": "AFMC\/AAC",
        "AwardDate_val": "2014-08",
        "FirstDeliveryDate_val": "2015-11",
        "Quantity_val": "147",
        "UnitCost_val": "0.041",
        "SpecsAvailableNow_val": "true",
        "RFPIssueDate_val": "2014-01",
        "ContractMethod_val": "SS",
        "ContractType_val": "FFP",
        "@SOURCE_FILENAME": "2013-BASE_PROCUREMENT-2013-AIRFORCE_AMMUNITION-JustificationBook_Air_Force_PB_2013.zzz_unzipped-JustificationBook_Air_Force_PB_2013.xml",
        "@RECORDID": "101c78e8b718e2eb490a6e9385e8f4fb9a2e42c27419ef92c73bc89bb4fcd89c",
        "@ROWID": "3-eb9b2cc7d24e0e9b4f0c8a5f108de68c4adff44bb83ca103223fa403061c7f58",
        "ItemNameSuffix_val": "",
        "OCO_val": "",
        "@PARENTROWID": "1-8fab1196cf65541003babc82ae554b0e95a8326177d032b8da03afa5f080959f",
        "@PARENT": "root.record.ItemExhibitList.P5Item.CostElementCategoryList.AncillaryEquipment.Recurring.CostElementList.CostElement"
    },
    {
        "FiscalYear_val": "2015",
        "PCOLocation_val": "AFMC\/AAC",
        "AwardDate_val": "2015-08",
        "FirstDeliveryDate_val": "2016-11",
        "Quantity_val": "146",
        "UnitCost_val": "0.042",
        "SpecsAvailableNow_val": "true",
        "RFPIssueDate_val": "2015-01",
        "ContractMethod_val": "SS",
        "ContractType_val": "FFP",
        "@SOURCE_FILENAME": "2013-BASE_PROCUREMENT-2013-AIRFORCE_AMMUNITION-JustificationBook_Air_Force_PB_2013.zzz_unzipped-JustificationBook_Air_Force_PB_2013.xml",
        "@RECORDID": "101c78e8b718e2eb490a6e9385e8f4fb9a2e42c27419ef92c73bc89bb4fcd89c",
        "@ROWID": "4-c9be5af2d700f7fce4558e9011f80e1c96bc576df03f1ac2c44b5dc8f447023a",
        "ItemNameSuffix_val": "",
        "OCO_val": "",
        "@PARENTROWID": "1-8fab1196cf65541003babc82ae554b0e95a8326177d032b8da03afa5f080959f",
        "@PARENT": "root.record.ItemExhibitList.P5Item.CostElementCategoryList.AncillaryEquipment.Recurring.CostElementList.CostElement"
    },
    {
        "FiscalYear_val": "2016",
        "PCOLocation_val": "AFMC\/AAC",
        "AwardDate_val": "2016-08",
        "FirstDeliveryDate_val": "2017-11",
        "Quantity_val": "146",
        "UnitCost_val": "0.042",
        "SpecsAvailableNow_val": "true",
        "RFPIssueDate_val": "2016-01",
        "ContractMethod_val": "SS",
        "ContractType_val": "FFP",
        "@SOURCE_FILENAME": "2013-BASE_PROCUREMENT-2013-AIRFORCE_AMMUNITION-JustificationBook_Air_Force_PB_2013.zzz_unzipped-JustificationBook_Air_Force_PB_2013.xml",
        "@RECORDID": "101c78e8b718e2eb490a6e9385e8f4fb9a2e42c27419ef92c73bc89bb4fcd89c",
        "@ROWID": "5-30807e25a6a3f4328d02882f3f674fc405cc883e63af20e69fa354e236b41616",
        "ItemNameSuffix_val": "",
        "OCO_val": "",
        "@PARENTROWID": "1-8fab1196cf65541003babc82ae554b0e95a8326177d032b8da03afa5f080959f",
        "@PARENT": "root.record.ItemExhibitList.P5Item.CostElementCategoryList.AncillaryEquipment.Recurring.CostElementList.CostElement"
    },
    {
        "FiscalYear_val": "2017",
        "PCOLocation_val": "AFMC\/AAC",
        "AwardDate_val": "2017-08",
        "FirstDeliveryDate_val": "2018-11",
        "Quantity_val": "145",
        "UnitCost_val": "0.043",
        "SpecsAvailableNow_val": "true",
        "RFPIssueDate_val": "2017-01",
        "ContractMethod_val": "SS",
        "ContractType_val": "FFP",
        "@SOURCE_FILENAME": "2013-BASE_PROCUREMENT-2013-AIRFORCE_AMMUNITION-JustificationBook_Air_Force_PB_2013.zzz_unzipped-JustificationBook_Air_Force_PB_2013.xml",
        "@RECORDID": "101c78e8b718e2eb490a6e9385e8f4fb9a2e42c27419ef92c73bc89bb4fcd89c",
        "@ROWID": "6-4a408e1c3a1ae66ce86f8e20cbca03f8959a22a257adf1445123f767c3e35635",
        "ItemNameSuffix_val": "",
        "OCO_val": "",
        "@PARENTROWID": "1-8fab1196cf65541003babc82ae554b0e95a8326177d032b8da03afa5f080959f",
        "@PARENT": "root.record.ItemExhibitList.P5Item.CostElementCategoryList.AncillaryEquipment.Recurring.CostElementList.CostElement"
    },
    {
        "FiscalYear_val": "2011",
        "PCOLocation_val": "AFMC\/AAC",
        "AwardDate_val": "2011-12",
        "FirstDeliveryDate_val": "2013-04",
        "Quantity_val": "195",
        "UnitCost_val": "0.039",
        "SpecsAvailableNow_val": "true",
        "RFPIssueDate_val": "2011-05",
        "ContractMethod_val": "SS",
        "ContractType_val": "FFP",
        "@SOURCE_FILENAME": "2013-BASE_PROCUREMENT-2013-AIRFORCE_AMMUNITION-MasterJustificationBook_Air_Force_PB_2013.zzz_unzipped-MasterJustificationBook_Air_Force_PB_2013.xml",
        "@RECORDID": "fb847c5d73ff209ee22672c491cfdc55c0254d39afb27400c3e8a3828a2ae363",
        "@ROWID": "0-97413faa3a32784e413b4bf02d045ea6700b84f74bcbbc7f06a2cff87817151b",
        "ItemNameSuffix_val": "",
        "OCO_val": "",
        "@PARENTROWID": "1-759466bb6d3e8196ac17ef8e97ad2d8cb5c8df8f069e27692b46ade9af571dc6",
        "@PARENT": "root.record.ItemExhibitList.P5Item.CostElementCategoryList.AncillaryEquipment.Recurring.CostElementList.CostElement"
    },
    {
        "FiscalYear_val": "2012",
        "PCOLocation_val": "AFMC\/AAC",
        "AwardDate_val": "2012-08",
        "FirstDeliveryDate_val": "2013-11",
        "Quantity_val": "121",
        "UnitCost_val": "0.040",
        "SpecsAvailableNow_val": "true",
        "RFPIssueDate_val": "2012-01",
        "ContractMethod_val": "SS",
        "ContractType_val": "FFP",
        "@SOURCE_FILENAME": "2013-BASE_PROCUREMENT-2013-AIRFORCE_AMMUNITION-MasterJustificationBook_Air_Force_PB_2013.zzz_unzipped-MasterJustificationBook_Air_Force_PB_2013.xml",
        "@RECORDID": "fb847c5d73ff209ee22672c491cfdc55c0254d39afb27400c3e8a3828a2ae363",
        "@ROWID": "1-12696a4f6afb4a98b819062251f988f96bd9c2c1bd1e86eea76dff72432a4bf5",
        "ItemNameSuffix_val": "",
        "OCO_val": "",
        "@PARENTROWID": "1-759466bb6d3e8196ac17ef8e97ad2d8cb5c8df8f069e27692b46ade9af571dc6",
        "@PARENT": "root.record.ItemExhibitList.P5Item.CostElementCategoryList.AncillaryEquipment.Recurring.CostElementList.CostElement"
    },
    {
        "FiscalYear_val": "2013",
        "PCOLocation_val": "AFMC\/AAC",
        "AwardDate_val": "2013-08",
        "FirstDeliveryDate_val": "2014-11",
        "Quantity_val": "116",
        "UnitCost_val": "0.040",
        "SpecsAvailableNow_val": "true",
        "RFPIssueDate_val": "2013-01",
        "ContractMethod_val": "SS",
        "ContractType_val": "FFP",
        "@SOURCE_FILENAME": "2013-BASE_PROCUREMENT-2013-AIRFORCE_AMMUNITION-MasterJustificationBook_Air_Force_PB_2013.zzz_unzipped-MasterJustificationBook_Air_Force_PB_2013.xml",
        "@RECORDID": "fb847c5d73ff209ee22672c491cfdc55c0254d39afb27400c3e8a3828a2ae363",
        "@ROWID": "2-476cdcce02aa7cc7f9f242768c735e539eed279febf8644f32b6c12e083ad03a",
        "ItemNameSuffix_val": "",
        "OCO_val": "",
        "@PARENTROWID": "1-759466bb6d3e8196ac17ef8e97ad2d8cb5c8df8f069e27692b46ade9af571dc6",
        "@PARENT": "root.record.ItemExhibitList.P5Item.CostElementCategoryList.AncillaryEquipment.Recurring.CostElementList.CostElement"
    },
    {
        "FiscalYear_val": "2014",
        "PCOLocation_val": "AFMC\/AAC",
        "AwardDate_val": "2014-08",
        "FirstDeliveryDate_val": "2015-11",
        "Quantity_val": "147",
        "UnitCost_val": "0.041",
        "SpecsAvailableNow_val": "true",
        "RFPIssueDate_val": "2014-01",
        "ContractMethod_val": "SS",
        "ContractType_val": "FFP",
        "@SOURCE_FILENAME": "2013-BASE_PROCUREMENT-2013-AIRFORCE_AMMUNITION-MasterJustificationBook_Air_Force_PB_2013.zzz_unzipped-MasterJustificationBook_Air_Force_PB_2013.xml",
        "@RECORDID": "fb847c5d73ff209ee22672c491cfdc55c0254d39afb27400c3e8a3828a2ae363",
        "@ROWID": "3-c1a98588f7a754a3f01399a0bee0a9df27e69af6683122702fe67072e4ee077d",
        "ItemNameSuffix_val": "",
        "OCO_val": "",
        "@PARENTROWID": "1-759466bb6d3e8196ac17ef8e97ad2d8cb5c8df8f069e27692b46ade9af571dc6",
        "@PARENT": "root.record.ItemExhibitList.P5Item.CostElementCategoryList.AncillaryEquipment.Recurring.CostElementList.CostElement"
    },
    {
        "FiscalYear_val": "2015",
        "PCOLocation_val": "AFMC\/AAC",
        "AwardDate_val": "2015-08",
        "FirstDeliveryDate_val": "2016-11",
        "Quantity_val": "146",
        "UnitCost_val": "0.042",
        "SpecsAvailableNow_val": "true",
        "RFPIssueDate_val": "2015-01",
        "ContractMethod_val": "SS",
        "ContractType_val": "FFP",
        "@SOURCE_FILENAME": "2013-BASE_PROCUREMENT-2013-AIRFORCE_AMMUNITION-MasterJustificationBook_Air_Force_PB_2013.zzz_unzipped-MasterJustificationBook_Air_Force_PB_2013.xml",
        "@RECORDID": "fb847c5d73ff209ee22672c491cfdc55c0254d39afb27400c3e8a3828a2ae363",
        "@ROWID": "4-b6582155c12243014d7e66f5fdb1ddb2a39a26939428802a40edd4d307d3ba6f",
        "ItemNameSuffix_val": "",
        "OCO_val": "",
        "@PARENTROWID": "1-759466bb6d3e8196ac17ef8e97ad2d8cb5c8df8f069e27692b46ade9af571dc6",
        "@PARENT": "root.record.ItemExhibitList.P5Item.CostElementCategoryList.AncillaryEquipment.Recurring.CostElementList.CostElement"
    },
    {
        "FiscalYear_val": "2016",
        "PCOLocation_val": "AFMC\/AAC",
        "AwardDate_val": "2016-08",
        "FirstDeliveryDate_val": "2017-11",
        "Quantity_val": "146",
        "UnitCost_val": "0.042",
        "SpecsAvailableNow_val": "true",
        "RFPIssueDate_val": "2016-01",
        "ContractMethod_val": "SS",
        "ContractType_val": "FFP",
        "@SOURCE_FILENAME": "2013-BASE_PROCUREMENT-2013-AIRFORCE_AMMUNITION-MasterJustificationBook_Air_Force_PB_2013.zzz_unzipped-MasterJustificationBook_Air_Force_PB_2013.xml",
        "@RECORDID": "fb847c5d73ff209ee22672c491cfdc55c0254d39afb27400c3e8a3828a2ae363",
        "@ROWID": "5-a4dafbb7836a4c10f078a1aeadb2c1ac3028ca62878cb027782b64741b6120fe",
        "ItemNameSuffix_val": "",
        "OCO_val": "",
        "@PARENTROWID": "1-759466bb6d3e8196ac17ef8e97ad2d8cb5c8df8f069e27692b46ade9af571dc6",
        "@PARENT": "root.record.ItemExhibitList.P5Item.CostElementCategoryList.AncillaryEquipment.Recurring.CostElementList.CostElement"
    },
    {
        "FiscalYear_val": "2017",
        "PCOLocation_val": "AFMC\/AAC",
        "AwardDate_val": "2017-08",
        "FirstDeliveryDate_val": "2018-11",
        "Quantity_val": "145",
        "UnitCost_val": "0.043",
        "SpecsAvailableNow_val": "true",
        "RFPIssueDate_val": "2017-01",
        "ContractMethod_val": "SS",
        "ContractType_val": "FFP",
        "@SOURCE_FILENAME": "2013-BASE_PROCUREMENT-2013-AIRFORCE_AMMUNITION-MasterJustificationBook_Air_Force_PB_2013.zzz_unzipped-MasterJustificationBook_Air_Force_PB_2013.xml",
        "@RECORDID": "fb847c5d73ff209ee22672c491cfdc55c0254d39afb27400c3e8a3828a2ae363",
        "@ROWID": "6-6a18a9b12701ffddc2e21d0fd6470f3509786323b8c64446230ef86f2ec3c251",
        "ItemNameSuffix_val": "",
        "OCO_val": "",
        "@PARENTROWID": "1-759466bb6d3e8196ac17ef8e97ad2d8cb5c8df8f069e27692b46ade9af571dc6",
        "@PARENT": "root.record.ItemExhibitList.P5Item.CostElementCategoryList.AncillaryEquipment.Recurring.CostElementList.CostElement"
    },
    {
        "FiscalYear_val": "2012",
        "PCOLocation_val": "AFMC\/AAC",
        "AwardDate_val": "2012-12",
        "FirstDeliveryDate_val": "2014-02",
        "Quantity_val": "153",
        "UnitCost_val": "0.031",
        "SpecsAvailableNow_val": "true",
        "RFPIssueDate_val": "2012-01",
        "ContractMethod_val": "SS",
        "ContractType_val": "FFP",
        "@SOURCE_FILENAME": "2014-BASE_PROCUREMENT-2014-AIRFORCE_AMMUNITION-PROCUREMENT_JustificationBook_Air_Force_PB_2014.zzz_unzipped-PROCUREMENT_JustificationBook_Air_Force_PB_2014.xml",
        "@RECORDID": "05febd9fd223dc1f11a80359dde784d02467edaef9d2080887a2e6f8da7ed3c9",
        "@ROWID": "0-926a2050f768fb561e1aa53f79c70f45aa9cc89182375bf9dd5c92b85793a70b",
        "ItemNameSuffix_val": "",
        "OCO_val": "",
        "@PARENTROWID": "1-f3876fb37f5cc6343fe8b861c44fcd14f36a2ff97e4bd01986a3a9f81557ea93",
        "@PARENT": "root.record.ItemExhibitList.P5Item.CostElementCategoryList.AncillaryEquipment.Recurring.CostElementList.CostElement"
    },
    {
        "FiscalYear_val": "2013",
        "PCOLocation_val": "AFMC\/AAC",
        "AwardDate_val": "2013-05",
        "FirstDeliveryDate_val": "2014-07",
        "Quantity_val": "123",
        "UnitCost_val": "0.040",
        "SpecsAvailableNow_val": "true",
        "RFPIssueDate_val": "2013-01",
        "ContractMethod_val": "SS",
        "ContractType_val": "FFP",
        "@SOURCE_FILENAME": "2014-BASE_PROCUREMENT-2014-AIRFORCE_AMMUNITION-PROCUREMENT_JustificationBook_Air_Force_PB_2014.zzz_unzipped-PROCUREMENT_JustificationBook_Air_Force_PB_2014.xml",
        "@RECORDID": "05febd9fd223dc1f11a80359dde784d02467edaef9d2080887a2e6f8da7ed3c9",
        "@ROWID": "1-e8971e65ad94534a99cdeb902c4255bb47e3adc482d0d3c8b69cf5f57120db30",
        "ItemNameSuffix_val": "",
        "OCO_val": "",
        "@PARENTROWID": "1-f3876fb37f5cc6343fe8b861c44fcd14f36a2ff97e4bd01986a3a9f81557ea93",
        "@PARENT": "root.record.ItemExhibitList.P5Item.CostElementCategoryList.AncillaryEquipment.Recurring.CostElementList.CostElement"
    },
    {
        "FiscalYear_val": "2014",
        "PCOLocation_val": "AFMC\/AAC",
        "AwardDate_val": "2014-05",
        "FirstDeliveryDate_val": "2015-07",
        "Quantity_val": "148",
        "UnitCost_val": "0.036",
        "SpecsAvailableNow_val": "true",
        "RFPIssueDate_val": "2014-01",
        "ContractMethod_val": "SS",
        "ContractType_val": "FFP",
        "@SOURCE_FILENAME": "2014-BASE_PROCUREMENT-2014-AIRFORCE_AMMUNITION-PROCUREMENT_JustificationBook_Air_Force_PB_2014.zzz_unzipped-PROCUREMENT_JustificationBook_Air_Force_PB_2014.xml",
        "@RECORDID": "05febd9fd223dc1f11a80359dde784d02467edaef9d2080887a2e6f8da7ed3c9",
        "@ROWID": "2-a9c86e3f6cc1808aece843e2be89321bae3158244d272d53e0afe05a5f3faa64",
        "ItemNameSuffix_val": "",
        "OCO_val": "",
        "@PARENTROWID": "1-f3876fb37f5cc6343fe8b861c44fcd14f36a2ff97e4bd01986a3a9f81557ea93",
        "@PARENT": "root.record.ItemExhibitList.P5Item.CostElementCategoryList.AncillaryEquipment.Recurring.CostElementList.CostElement"
    },
    {
        "FiscalYear_val": "2015",
        "PCOLocation_val": "AFMC\/AAC",
        "AwardDate_val": "2015-05",
        "FirstDeliveryDate_val": "2016-07",
        "Quantity_val": "150",
        "UnitCost_val": "0.037",
        "SpecsAvailableNow_val": "true",
        "RFPIssueDate_val": "2015-01",
        "ContractMethod_val": "SS",
        "ContractType_val": "FFP",
        "@SOURCE_FILENAME": "2014-BASE_PROCUREMENT-2014-AIRFORCE_AMMUNITION-PROCUREMENT_JustificationBook_Air_Force_PB_2014.zzz_unzipped-PROCUREMENT_JustificationBook_Air_Force_PB_2014.xml",
        "@RECORDID": "05febd9fd223dc1f11a80359dde784d02467edaef9d2080887a2e6f8da7ed3c9",
        "@ROWID": "3-50d3fd4c6fe66d9c6c72544a5d7f84078af4cc8f54fdfba07455ece12f01de79",
        "ItemNameSuffix_val": "",
        "OCO_val": "",
        "@PARENTROWID": "1-f3876fb37f5cc6343fe8b861c44fcd14f36a2ff97e4bd01986a3a9f81557ea93",
        "@PARENT": "root.record.ItemExhibitList.P5Item.CostElementCategoryList.AncillaryEquipment.Recurring.CostElementList.CostElement"
    },
    {
        "FiscalYear_val": "2016",
        "PCOLocation_val": "AFMC\/AAC",
        "AwardDate_val": "2016-05",
        "FirstDeliveryDate_val": "2017-07",
        "Quantity_val": "150",
        "UnitCost_val": "0.038",
        "SpecsAvailableNow_val": "true",
        "RFPIssueDate_val": "2016-01",
        "ContractMethod_val": "SS",
        "ContractType_val": "FFP",
        "@SOURCE_FILENAME": "2014-BASE_PROCUREMENT-2014-AIRFORCE_AMMUNITION-PROCUREMENT_JustificationBook_Air_Force_PB_2014.zzz_unzipped-PROCUREMENT_JustificationBook_Air_Force_PB_2014.xml",
        "@RECORDID": "05febd9fd223dc1f11a80359dde784d02467edaef9d2080887a2e6f8da7ed3c9",
        "@ROWID": "4-0764e3b973235836f5abfd65f7f3f945364e0789f0d1c9fb3dc61b68689b2de3",
        "ItemNameSuffix_val": "",
        "OCO_val": "",
        "@PARENTROWID": "1-f3876fb37f5cc6343fe8b861c44fcd14f36a2ff97e4bd01986a3a9f81557ea93",
        "@PARENT": "root.record.ItemExhibitList.P5Item.CostElementCategoryList.AncillaryEquipment.Recurring.CostElementList.CostElement"
    },
    {
        "FiscalYear_val": "2017",
        "PCOLocation_val": "AFMC\/AAC",
        "AwardDate_val": "2017-05",
        "FirstDeliveryDate_val": "2018-07",
        "Quantity_val": "130",
        "UnitCost_val": "0.038",
        "SpecsAvailableNow_val": "true",
        "RFPIssueDate_val": "2017-01",
        "ContractMethod_val": "SS",
        "ContractType_val": "FFP",
        "@SOURCE_FILENAME": "2014-BASE_PROCUREMENT-2014-AIRFORCE_AMMUNITION-PROCUREMENT_JustificationBook_Air_Force_PB_2014.zzz_unzipped-PROCUREMENT_JustificationBook_Air_Force_PB_2014.xml",
        "@RECORDID": "05febd9fd223dc1f11a80359dde784d02467edaef9d2080887a2e6f8da7ed3c9",
        "@ROWID": "5-5b698499db8f79bff6aec0cbb0695e5fcdda9e7bc1bf30c8c483900d119e1291",
        "ItemNameSuffix_val": "",
        "OCO_val": "",
        "@PARENTROWID": "1-f3876fb37f5cc6343fe8b861c44fcd14f36a2ff97e4bd01986a3a9f81557ea93",
        "@PARENT": "root.record.ItemExhibitList.P5Item.CostElementCategoryList.AncillaryEquipment.Recurring.CostElementList.CostElement"
    },
    {
        "FiscalYear_val": "2018",
        "PCOLocation_val": "AFMC\/AAC",
        "AwardDate_val": "2018-05",
        "FirstDeliveryDate_val": "2019-07",
        "Quantity_val": "112",
        "UnitCost_val": "0.039",
        "SpecsAvailableNow_val": "true",
        "RFPIssueDate_val": "2018-01",
        "ContractMethod_val": "SS",
        "ContractType_val": "FFP",
        "@SOURCE_FILENAME": "2014-BASE_PROCUREMENT-2014-AIRFORCE_AMMUNITION-PROCUREMENT_JustificationBook_Air_Force_PB_2014.zzz_unzipped-PROCUREMENT_JustificationBook_Air_Force_PB_2014.xml",
        "@RECORDID": "05febd9fd223dc1f11a80359dde784d02467edaef9d2080887a2e6f8da7ed3c9",
        "@ROWID": "6-362f255ff193161b64726e3ce057a5f55754b43a12b973d43e621a5004b6a91a",
        "ItemNameSuffix_val": "",
        "OCO_val": "",
        "@PARENTROWID": "1-f3876fb37f5cc6343fe8b861c44fcd14f36a2ff97e4bd01986a3a9f81557ea93",
        "@PARENT": "root.record.ItemExhibitList.P5Item.CostElementCategoryList.AncillaryEquipment.Recurring.CostElementList.CostElement"
    },
    {
        "FiscalYear_val": "2012",
        "PCOLocation_val": "AFMC\/AAC",
        "AwardDate_val": "2012-12",
        "FirstDeliveryDate_val": "2014-02",
        "Quantity_val": "153",
        "UnitCost_val": "0.031",
        "SpecsAvailableNow_val": "true",
        "RFPIssueDate_val": "2012-01",
        "ContractMethod_val": "SS",
        "ContractType_val": "FFP",
        "@SOURCE_FILENAME": "2014-BASE_PROCUREMENT-2014-AIRFORCE_AMMUNITION-PROCUREMENT_MasterJustificationBook_Air_Force_PB_2014.zzz_unzipped-PROCUREMENT_MasterJustificationBook_Air_Force_PB_2014.xml",
        "@RECORDID": "d3d63be9c5c5e719591bcda3447f416bb3b81071cb651f930686a4336f54c10b",
        "@ROWID": "0-d7c6378cb654ac1e1f07ca6d1567f0458e35b399fdd56045dc01255775106249",
        "ItemNameSuffix_val": "",
        "OCO_val": "",
        "@PARENTROWID": "1-e333b4084a61bdadba609d498d708bbf010aa6fd892e79ed7948c49064d37b62",
        "@PARENT": "root.record.ItemExhibitList.P5Item.CostElementCategoryList.AncillaryEquipment.Recurring.CostElementList.CostElement"
    },
    {
        "FiscalYear_val": "2013",
        "PCOLocation_val": "AFMC\/AAC",
        "AwardDate_val": "2013-05",
        "FirstDeliveryDate_val": "2014-07",
        "Quantity_val": "123",
        "UnitCost_val": "0.040",
        "SpecsAvailableNow_val": "true",
        "RFPIssueDate_val": "2013-01",
        "ContractMethod_val": "SS",
        "ContractType_val": "FFP",
        "@SOURCE_FILENAME": "2014-BASE_PROCUREMENT-2014-AIRFORCE_AMMUNITION-PROCUREMENT_MasterJustificationBook_Air_Force_PB_2014.zzz_unzipped-PROCUREMENT_MasterJustificationBook_Air_Force_PB_2014.xml",
        "@RECORDID": "d3d63be9c5c5e719591bcda3447f416bb3b81071cb651f930686a4336f54c10b",
        "@ROWID": "1-4cb5e9f642b978733d88afa7516fe3ed3e12ab61beca0bcc61e85d446f2376a3",
        "ItemNameSuffix_val": "",
        "OCO_val": "",
        "@PARENTROWID": "1-e333b4084a61bdadba609d498d708bbf010aa6fd892e79ed7948c49064d37b62",
        "@PARENT": "root.record.ItemExhibitList.P5Item.CostElementCategoryList.AncillaryEquipment.Recurring.CostElementList.CostElement"
    },
    {
        "FiscalYear_val": "2014",
        "PCOLocation_val": "AFMC\/AAC",
        "AwardDate_val": "2014-05",
        "FirstDeliveryDate_val": "2015-07",
        "Quantity_val": "148",
        "UnitCost_val": "0.036",
        "SpecsAvailableNow_val": "true",
        "RFPIssueDate_val": "2014-01",
        "ContractMethod_val": "SS",
        "ContractType_val": "FFP",
        "@SOURCE_FILENAME": "2014-BASE_PROCUREMENT-2014-AIRFORCE_AMMUNITION-PROCUREMENT_MasterJustificationBook_Air_Force_PB_2014.zzz_unzipped-PROCUREMENT_MasterJustificationBook_Air_Force_PB_2014.xml",
        "@RECORDID": "d3d63be9c5c5e719591bcda3447f416bb3b81071cb651f930686a4336f54c10b",
        "@ROWID": "2-002f9910e02b93053593507309ac55dd9bd3d721223866eb0a9514860c7629f2",
        "ItemNameSuffix_val": "",
        "OCO_val": "",
        "@PARENTROWID": "1-e333b4084a61bdadba609d498d708bbf010aa6fd892e79ed7948c49064d37b62",
        "@PARENT": "root.record.ItemExhibitList.P5Item.CostElementCategoryList.AncillaryEquipment.Recurring.CostElementList.CostElement"
    },
    {
        "FiscalYear_val": "2015",
        "PCOLocation_val": "AFMC\/AAC",
        "AwardDate_val": "2015-05",
        "FirstDeliveryDate_val": "2016-07",
        "Quantity_val": "150",
        "UnitCost_val": "0.037",
        "SpecsAvailableNow_val": "true",
        "RFPIssueDate_val": "2015-01",
        "ContractMethod_val": "SS",
        "ContractType_val": "FFP",
        "@SOURCE_FILENAME": "2014-BASE_PROCUREMENT-2014-AIRFORCE_AMMUNITION-PROCUREMENT_MasterJustificationBook_Air_Force_PB_2014.zzz_unzipped-PROCUREMENT_MasterJustificationBook_Air_Force_PB_2014.xml",
        "@RECORDID": "d3d63be9c5c5e719591bcda3447f416bb3b81071cb651f930686a4336f54c10b",
        "@ROWID": "3-c5282b84e88f6a8eee78f9faff049d45dd1652f56b3aa58e5603cb7acc707359",
        "ItemNameSuffix_val": "",
        "OCO_val": "",
        "@PARENTROWID": "1-e333b4084a61bdadba609d498d708bbf010aa6fd892e79ed7948c49064d37b62",
        "@PARENT": "root.record.ItemExhibitList.P5Item.CostElementCategoryList.AncillaryEquipment.Recurring.CostElementList.CostElement"
    },
    {
        "FiscalYear_val": "2016",
        "PCOLocation_val": "AFMC\/AAC",
        "AwardDate_val": "2016-05",
        "FirstDeliveryDate_val": "2017-07",
        "Quantity_val": "150",
        "UnitCost_val": "0.038",
        "SpecsAvailableNow_val": "true",
        "RFPIssueDate_val": "2016-01",
        "ContractMethod_val": "SS",
        "ContractType_val": "FFP",
        "@SOURCE_FILENAME": "2014-BASE_PROCUREMENT-2014-AIRFORCE_AMMUNITION-PROCUREMENT_MasterJustificationBook_Air_Force_PB_2014.zzz_unzipped-PROCUREMENT_MasterJustificationBook_Air_Force_PB_2014.xml",
        "@RECORDID": "d3d63be9c5c5e719591bcda3447f416bb3b81071cb651f930686a4336f54c10b",
        "@ROWID": "4-913d5a50659297f4526646ac9c9b25cf9cd5d843cd49f1f0ca872d89300abd94",
        "ItemNameSuffix_val": "",
        "OCO_val": "",
        "@PARENTROWID": "1-e333b4084a61bdadba609d498d708bbf010aa6fd892e79ed7948c49064d37b62",
        "@PARENT": "root.record.ItemExhibitList.P5Item.CostElementCategoryList.AncillaryEquipment.Recurring.CostElementList.CostElement"
    },
    {
        "FiscalYear_val": "2017",
        "PCOLocation_val": "AFMC\/AAC",
        "AwardDate_val": "2017-05",
        "FirstDeliveryDate_val": "2018-07",
        "Quantity_val": "130",
        "UnitCost_val": "0.038",
        "SpecsAvailableNow_val": "true",
        "RFPIssueDate_val": "2017-01",
        "ContractMethod_val": "SS",
        "ContractType_val": "FFP",
        "@SOURCE_FILENAME": "2014-BASE_PROCUREMENT-2014-AIRFORCE_AMMUNITION-PROCUREMENT_MasterJustificationBook_Air_Force_PB_2014.zzz_unzipped-PROCUREMENT_MasterJustificationBook_Air_Force_PB_2014.xml",
        "@RECORDID": "d3d63be9c5c5e719591bcda3447f416bb3b81071cb651f930686a4336f54c10b",
        "@ROWID": "5-09e0839b0cdc3dc55f28fe67df0611620b33e2bb61d13c97ec2ad955d263044a",
        "ItemNameSuffix_val": "",
        "OCO_val": "",
        "@PARENTROWID": "1-e333b4084a61bdadba609d498d708bbf010aa6fd892e79ed7948c49064d37b62",
        "@PARENT": "root.record.ItemExhibitList.P5Item.CostElementCategoryList.AncillaryEquipment.Recurring.CostElementList.CostElement"
    },
    {
        "FiscalYear_val": "2018",
        "PCOLocation_val": "AFMC\/AAC",
        "AwardDate_val": "2018-05",
        "FirstDeliveryDate_val": "2019-07",
        "Quantity_val": "112",
        "UnitCost_val": "0.039",
        "SpecsAvailableNow_val": "true",
        "RFPIssueDate_val": "2018-01",
        "ContractMethod_val": "SS",
        "ContractType_val": "FFP",
        "@SOURCE_FILENAME": "2014-BASE_PROCUREMENT-2014-AIRFORCE_AMMUNITION-PROCUREMENT_MasterJustificationBook_Air_Force_PB_2014.zzz_unzipped-PROCUREMENT_MasterJustificationBook_Air_Force_PB_2014.xml",
        "@RECORDID": "d3d63be9c5c5e719591bcda3447f416bb3b81071cb651f930686a4336f54c10b",
        "@ROWID": "6-1bd6052cd30e3fa6cadfae4cba4063cdea7efd1edda24c57ba22771af05deb96",
        "ItemNameSuffix_val": "",
        "OCO_val": "",
        "@PARENTROWID": "1-e333b4084a61bdadba609d498d708bbf010aa6fd892e79ed7948c49064d37b62",
        "@PARENT": "root.record.ItemExhibitList.P5Item.CostElementCategoryList.AncillaryEquipment.Recurring.CostElementList.CostElement"
    },
    {
        "FiscalYear_val": "2012",
        "PCOLocation_val": "AFMC\/AAC",
        "AwardDate_val": "2012-12",
        "FirstDeliveryDate_val": "2014-02",
        "Quantity_val": "153",
        "UnitCost_val": "0.031",
        "SpecsAvailableNow_val": "true",
        "RFPIssueDate_val": "2012-01",
        "ContractMethod_val": "SS",
        "ContractType_val": "FFP",
        "@SOURCE_FILENAME": "2014-AMENDED_PROCUREMENT_AND_RDTE-2014-AIRFORCE_AMMO-PROCUREMENT_JustificationBook_Air_Force_PBAmended_2014.zzz_unzipped-PROCUREMENT_JustificationBook_Air_Force_PBAmended_2014.xml",
        "@RECORDID": "b5d40cd233de64231545e67fe364fbbc249db0c95ca4e5837fddfdfe82c10532",
        "@ROWID": "0-2863a41562cd4e539a247a353eba4c190b8c29428cc704206b3b4fd6665f49f5",
        "ItemNameSuffix_val": "",
        "OCO_val": "",
        "@PARENTROWID": "1-130e3b11d9b811fc15de387b54419f6da137f895e0b98e966c9744de3f087c1a",
        "@PARENT": "root.record.ItemExhibitList.P5Item.CostElementCategoryList.AncillaryEquipment.Recurring.CostElementList.CostElement"
    },
    {
        "FiscalYear_val": "2013",
        "PCOLocation_val": "AFMC\/AAC",
        "AwardDate_val": "2013-05",
        "FirstDeliveryDate_val": "2014-07",
        "Quantity_val": "123",
        "UnitCost_val": "0.040",
        "SpecsAvailableNow_val": "true",
        "RFPIssueDate_val": "2013-01",
        "ContractMethod_val": "SS",
        "ContractType_val": "FFP",
        "@SOURCE_FILENAME": "2014-AMENDED_PROCUREMENT_AND_RDTE-2014-AIRFORCE_AMMO-PROCUREMENT_JustificationBook_Air_Force_PBAmended_2014.zzz_unzipped-PROCUREMENT_JustificationBook_Air_Force_PBAmended_2014.xml",
        "@RECORDID": "b5d40cd233de64231545e67fe364fbbc249db0c95ca4e5837fddfdfe82c10532",
        "@ROWID": "1-5d4be2c534843764f847c8b5b90b7188d0fd99eda8ba70bdc0660f7246c40166",
        "ItemNameSuffix_val": "",
        "OCO_val": "",
        "@PARENTROWID": "1-130e3b11d9b811fc15de387b54419f6da137f895e0b98e966c9744de3f087c1a",
        "@PARENT": "root.record.ItemExhibitList.P5Item.CostElementCategoryList.AncillaryEquipment.Recurring.CostElementList.CostElement"
    },
    {
        "FiscalYear_val": "2014",
        "PCOLocation_val": "AFMC\/AAC",
        "AwardDate_val": "2014-05",
        "FirstDeliveryDate_val": "2015-07",
        "Quantity_val": "148",
        "UnitCost_val": "0.036",
        "SpecsAvailableNow_val": "true",
        "RFPIssueDate_val": "2014-01",
        "ContractMethod_val": "SS",
        "ContractType_val": "FFP",
        "@SOURCE_FILENAME": "2014-AMENDED_PROCUREMENT_AND_RDTE-2014-AIRFORCE_AMMO-PROCUREMENT_JustificationBook_Air_Force_PBAmended_2014.zzz_unzipped-PROCUREMENT_JustificationBook_Air_Force_PBAmended_2014.xml",
        "@RECORDID": "b5d40cd233de64231545e67fe364fbbc249db0c95ca4e5837fddfdfe82c10532",
        "@ROWID": "2-bb6607569ed807002ca63649c7ae81d8a41213cff8b27ae6db9b667e33cdeffd",
        "ItemNameSuffix_val": "",
        "OCO_val": "",
        "@PARENTROWID": "1-130e3b11d9b811fc15de387b54419f6da137f895e0b98e966c9744de3f087c1a",
        "@PARENT": "root.record.ItemExhibitList.P5Item.CostElementCategoryList.AncillaryEquipment.Recurring.CostElementList.CostElement"
    },
    {
        "FiscalYear_val": "2015",
        "PCOLocation_val": "AFMC\/AAC",
        "AwardDate_val": "2015-05",
        "FirstDeliveryDate_val": "2016-07",
        "Quantity_val": "150",
        "UnitCost_val": "0.037",
        "SpecsAvailableNow_val": "true",
        "RFPIssueDate_val": "2015-01",
        "ContractMethod_val": "SS",
        "ContractType_val": "FFP",
        "@SOURCE_FILENAME": "2014-AMENDED_PROCUREMENT_AND_RDTE-2014-AIRFORCE_AMMO-PROCUREMENT_JustificationBook_Air_Force_PBAmended_2014.zzz_unzipped-PROCUREMENT_JustificationBook_Air_Force_PBAmended_2014.xml",
        "@RECORDID": "b5d40cd233de64231545e67fe364fbbc249db0c95ca4e5837fddfdfe82c10532",
        "@ROWID": "3-c16da42cac7351f02651bea5b48d2a4a4982c31a29b98dde88d2970548639ada",
        "ItemNameSuffix_val": "",
        "OCO_val": "",
        "@PARENTROWID": "1-130e3b11d9b811fc15de387b54419f6da137f895e0b98e966c9744de3f087c1a",
        "@PARENT": "root.record.ItemExhibitList.P5Item.CostElementCategoryList.AncillaryEquipment.Recurring.CostElementList.CostElement"
    },
    {
        "FiscalYear_val": "2016",
        "PCOLocation_val": "AFMC\/AAC",
        "AwardDate_val": "2016-05",
        "FirstDeliveryDate_val": "2017-07",
        "Quantity_val": "150",
        "UnitCost_val": "0.038",
        "SpecsAvailableNow_val": "true",
        "RFPIssueDate_val": "2016-01",
        "ContractMethod_val": "SS",
        "ContractType_val": "FFP",
        "@SOURCE_FILENAME": "2014-AMENDED_PROCUREMENT_AND_RDTE-2014-AIRFORCE_AMMO-PROCUREMENT_JustificationBook_Air_Force_PBAmended_2014.zzz_unzipped-PROCUREMENT_JustificationBook_Air_Force_PBAmended_2014.xml",
        "@RECORDID": "b5d40cd233de64231545e67fe364fbbc249db0c95ca4e5837fddfdfe82c10532",
        "@ROWID": "4-9370bc630eac2669a70af0e4e56fb343c37331da7d0c0d8fa8a0e73fabc332d6",
        "ItemNameSuffix_val": "",
        "OCO_val": "",
        "@PARENTROWID": "1-130e3b11d9b811fc15de387b54419f6da137f895e0b98e966c9744de3f087c1a",
        "@PARENT": "root.record.ItemExhibitList.P5Item.CostElementCategoryList.AncillaryEquipment.Recurring.CostElementList.CostElement"
    },
    {
        "FiscalYear_val": "2017",
        "PCOLocation_val": "AFMC\/AAC",
        "AwardDate_val": "2017-05",
        "FirstDeliveryDate_val": "2018-07",
        "Quantity_val": "130",
        "UnitCost_val": "0.038",
        "SpecsAvailableNow_val": "true",
        "RFPIssueDate_val": "2017-01",
        "ContractMethod_val": "SS",
        "ContractType_val": "FFP",
        "@SOURCE_FILENAME": "2014-AMENDED_PROCUREMENT_AND_RDTE-2014-AIRFORCE_AMMO-PROCUREMENT_JustificationBook_Air_Force_PBAmended_2014.zzz_unzipped-PROCUREMENT_JustificationBook_Air_Force_PBAmended_2014.xml",
        "@RECORDID": "b5d40cd233de64231545e67fe364fbbc249db0c95ca4e5837fddfdfe82c10532",
        "@ROWID": "5-ac61df1993209f85051ea4f0654c913dadd3d3d32d5e7aa356ae9fe82c844591",
        "ItemNameSuffix_val": "",
        "OCO_val": "",
        "@PARENTROWID": "1-130e3b11d9b811fc15de387b54419f6da137f895e0b98e966c9744de3f087c1a",
        "@PARENT": "root.record.ItemExhibitList.P5Item.CostElementCategoryList.AncillaryEquipment.Recurring.CostElementList.CostElement"
    },
    {
        "FiscalYear_val": "2018",
        "PCOLocation_val": "AFMC\/AAC",
        "AwardDate_val": "2018-05",
        "FirstDeliveryDate_val": "2019-07",
        "Quantity_val": "112",
        "UnitCost_val": "0.039",
        "SpecsAvailableNow_val": "true",
        "RFPIssueDate_val": "2018-01",
        "ContractMethod_val": "SS",
        "ContractType_val": "FFP",
        "@SOURCE_FILENAME": "2014-AMENDED_PROCUREMENT_AND_RDTE-2014-AIRFORCE_AMMO-PROCUREMENT_JustificationBook_Air_Force_PBAmended_2014.zzz_unzipped-PROCUREMENT_JustificationBook_Air_Force_PBAmended_2014.xml",
        "@RECORDID": "b5d40cd233de64231545e67fe364fbbc249db0c95ca4e5837fddfdfe82c10532",
        "@ROWID": "6-c7d5992a5cd9dd248f4365d15d6d729807d50da33a7219283cde35329475abd0",
        "ItemNameSuffix_val": "",
        "OCO_val": "",
        "@PARENTROWID": "1-130e3b11d9b811fc15de387b54419f6da137f895e0b98e966c9744de3f087c1a",
        "@PARENT": "root.record.ItemExhibitList.P5Item.CostElementCategoryList.AncillaryEquipment.Recurring.CostElementList.CostElement"
    },
    {
        "FiscalYear_val": "2012",
        "PCOLocation_val": "AFMC\/AAC",
        "AwardDate_val": "2012-12",
        "FirstDeliveryDate_val": "2014-02",
        "Quantity_val": "153",
        "UnitCost_val": "0.031",
        "SpecsAvailableNow_val": "true",
        "RFPIssueDate_val": "2012-01",
        "ContractMethod_val": "SS",
        "ContractType_val": "FFP",
        "@SOURCE_FILENAME": "2014-AMENDED_PROCUREMENT_AND_RDTE-2014-AIRFORCE_AMMO-PROCUREMENT_MasterJustificationBook_Air_Force_PBAmended_2014.zzz_unzipped-PROCUREMENT_MasterJustificationBook_Air_Force_PBAmended_2014.xml",
        "@RECORDID": "7d938e4bebe0116d387e87da841f248e2a796a3e07f06980627bf00afbe6b4f4",
        "@ROWID": "0-871cab3ffdddffe76ad30f3177148c39f3e87d8e9cbf6f7f770095ddf09d2e92",
        "ItemNameSuffix_val": "",
        "OCO_val": "",
        "@PARENTROWID": "1-2c4d7e0f7831da7a78c9bc00dc785d30cc156533889d13661077a3031662ea4b",
        "@PARENT": "root.record.ItemExhibitList.P5Item.CostElementCategoryList.AncillaryEquipment.Recurring.CostElementList.CostElement"
    },
    {
        "FiscalYear_val": "2013",
        "PCOLocation_val": "AFMC\/AAC",
        "AwardDate_val": "2013-05",
        "FirstDeliveryDate_val": "2014-07",
        "Quantity_val": "123",
        "UnitCost_val": "0.040",
        "SpecsAvailableNow_val": "true",
        "RFPIssueDate_val": "2013-01",
        "ContractMethod_val": "SS",
        "ContractType_val": "FFP",
        "@SOURCE_FILENAME": "2014-AMENDED_PROCUREMENT_AND_RDTE-2014-AIRFORCE_AMMO-PROCUREMENT_MasterJustificationBook_Air_Force_PBAmended_2014.zzz_unzipped-PROCUREMENT_MasterJustificationBook_Air_Force_PBAmended_2014.xml",
        "@RECORDID": "7d938e4bebe0116d387e87da841f248e2a796a3e07f06980627bf00afbe6b4f4",
        "@ROWID": "1-f465663ddd275198c538204516b15ba575d882045a3dec34c911ab3187299f48",
        "ItemNameSuffix_val": "",
        "OCO_val": "",
        "@PARENTROWID": "1-2c4d7e0f7831da7a78c9bc00dc785d30cc156533889d13661077a3031662ea4b",
        "@PARENT": "root.record.ItemExhibitList.P5Item.CostElementCategoryList.AncillaryEquipment.Recurring.CostElementList.CostElement"
    },
    {
        "FiscalYear_val": "2014",
        "PCOLocation_val": "AFMC\/AAC",
        "AwardDate_val": "2014-05",
        "FirstDeliveryDate_val": "2015-07",
        "Quantity_val": "148",
        "UnitCost_val": "0.036",
        "SpecsAvailableNow_val": "true",
        "RFPIssueDate_val": "2014-01",
        "ContractMethod_val": "SS",
        "ContractType_val": "FFP",
        "@SOURCE_FILENAME": "2014-AMENDED_PROCUREMENT_AND_RDTE-2014-AIRFORCE_AMMO-PROCUREMENT_MasterJustificationBook_Air_Force_PBAmended_2014.zzz_unzipped-PROCUREMENT_MasterJustificationBook_Air_Force_PBAmended_2014.xml",
        "@RECORDID": "7d938e4bebe0116d387e87da841f248e2a796a3e07f06980627bf00afbe6b4f4",
        "@ROWID": "2-15c8372b476cf343cecd27b779d37220427779dcb5e61d108f397e5225c33df5",
        "ItemNameSuffix_val": "",
        "OCO_val": "",
        "@PARENTROWID": "1-2c4d7e0f7831da7a78c9bc00dc785d30cc156533889d13661077a3031662ea4b",
        "@PARENT": "root.record.ItemExhibitList.P5Item.CostElementCategoryList.AncillaryEquipment.Recurring.CostElementList.CostElement"
    },
    {
        "FiscalYear_val": "2015",
        "PCOLocation_val": "AFMC\/AAC",
        "AwardDate_val": "2015-05",
        "FirstDeliveryDate_val": "2016-07",
        "Quantity_val": "150",
        "UnitCost_val": "0.037",
        "SpecsAvailableNow_val": "true",
        "RFPIssueDate_val": "2015-01",
        "ContractMethod_val": "SS",
        "ContractType_val": "FFP",
        "@SOURCE_FILENAME": "2014-AMENDED_PROCUREMENT_AND_RDTE-2014-AIRFORCE_AMMO-PROCUREMENT_MasterJustificationBook_Air_Force_PBAmended_2014.zzz_unzipped-PROCUREMENT_MasterJustificationBook_Air_Force_PBAmended_2014.xml",
        "@RECORDID": "7d938e4bebe0116d387e87da841f248e2a796a3e07f06980627bf00afbe6b4f4",
        "@ROWID": "3-b4b7c3c19bdc02ecc8f4b014a7685b4ad2be9d6b2ef6ef45d086e71c938ff7f4",
        "ItemNameSuffix_val": "",
        "OCO_val": "",
        "@PARENTROWID": "1-2c4d7e0f7831da7a78c9bc00dc785d30cc156533889d13661077a3031662ea4b",
        "@PARENT": "root.record.ItemExhibitList.P5Item.CostElementCategoryList.AncillaryEquipment.Recurring.CostElementList.CostElement"
    },
    {
        "FiscalYear_val": "2016",
        "PCOLocation_val": "AFMC\/AAC",
        "AwardDate_val": "2016-05",
        "FirstDeliveryDate_val": "2017-07",
        "Quantity_val": "150",
        "UnitCost_val": "0.038",
        "SpecsAvailableNow_val": "true",
        "RFPIssueDate_val": "2016-01",
        "ContractMethod_val": "SS",
        "ContractType_val": "FFP",
        "@SOURCE_FILENAME": "2014-AMENDED_PROCUREMENT_AND_RDTE-2014-AIRFORCE_AMMO-PROCUREMENT_MasterJustificationBook_Air_Force_PBAmended_2014.zzz_unzipped-PROCUREMENT_MasterJustificationBook_Air_Force_PBAmended_2014.xml",
        "@RECORDID": "7d938e4bebe0116d387e87da841f248e2a796a3e07f06980627bf00afbe6b4f4",
        "@ROWID": "4-71e4c01601d4dbfeaf520027bd459afd87bbf2fa360fc88617d343db17b96b1d",
        "ItemNameSuffix_val": "",
        "OCO_val": "",
        "@PARENTROWID": "1-2c4d7e0f7831da7a78c9bc00dc785d30cc156533889d13661077a3031662ea4b",
        "@PARENT": "root.record.ItemExhibitList.P5Item.CostElementCategoryList.AncillaryEquipment.Recurring.CostElementList.CostElement"
    },
    {
        "FiscalYear_val": "2017",
        "PCOLocation_val": "AFMC\/AAC",
        "AwardDate_val": "2017-05",
        "FirstDeliveryDate_val": "2018-07",
        "Quantity_val": "130",
        "UnitCost_val": "0.038",
        "SpecsAvailableNow_val": "true",
        "RFPIssueDate_val": "2017-01",
        "ContractMethod_val": "SS",
        "ContractType_val": "FFP",
        "@SOURCE_FILENAME": "2014-AMENDED_PROCUREMENT_AND_RDTE-2014-AIRFORCE_AMMO-PROCUREMENT_MasterJustificationBook_Air_Force_PBAmended_2014.zzz_unzipped-PROCUREMENT_MasterJustificationBook_Air_Force_PBAmended_2014.xml",
        "@RECORDID": "7d938e4bebe0116d387e87da841f248e2a796a3e07f06980627bf00afbe6b4f4",
        "@ROWID": "5-07d2039d8e5d32a6343e2f206da6f1f4cd06a56229b47062841e1ef67ce15ed2",
        "ItemNameSuffix_val": "",
        "OCO_val": "",
        "@PARENTROWID": "1-2c4d7e0f7831da7a78c9bc00dc785d30cc156533889d13661077a3031662ea4b",
        "@PARENT": "root.record.ItemExhibitList.P5Item.CostElementCategoryList.AncillaryEquipment.Recurring.CostElementList.CostElement"
    },
    {
        "FiscalYear_val": "2018",
        "PCOLocation_val": "AFMC\/AAC",
        "AwardDate_val": "2018-05",
        "FirstDeliveryDate_val": "2019-07",
        "Quantity_val": "112",
        "UnitCost_val": "0.039",
        "SpecsAvailableNow_val": "true",
        "RFPIssueDate_val": "2018-01",
        "ContractMethod_val": "SS",
        "ContractType_val": "FFP",
        "@SOURCE_FILENAME": "2014-AMENDED_PROCUREMENT_AND_RDTE-2014-AIRFORCE_AMMO-PROCUREMENT_MasterJustificationBook_Air_Force_PBAmended_2014.zzz_unzipped-PROCUREMENT_MasterJustificationBook_Air_Force_PBAmended_2014.xml",
        "@RECORDID": "7d938e4bebe0116d387e87da841f248e2a796a3e07f06980627bf00afbe6b4f4",
        "@ROWID": "6-b32118029f02054bae8d5f2c6211b0ce8e64828057b848116f8d32a2659dba1c",
        "ItemNameSuffix_val": "",
        "OCO_val": "",
        "@PARENTROWID": "1-2c4d7e0f7831da7a78c9bc00dc785d30cc156533889d13661077a3031662ea4b",
        "@PARENT": "root.record.ItemExhibitList.P5Item.CostElementCategoryList.AncillaryEquipment.Recurring.CostElementList.CostElement"
    },
    {
        "FiscalYear_val": "2013",
        "PCOLocation_val": "AFMC\/AAC",
        "AwardDate_val": "2013-05",
        "FirstDeliveryDate_val": "2014-07",
        "Quantity_val": "100",
        "UnitCost_val": "0.035",
        "SpecsAvailableNow_val": "true",
        "RFPIssueDate_val": "2013-01",
        "ContractMethod_val": "SS",
        "ContractType_val": "FFP",
        "@SOURCE_FILENAME": "2015-BASE_PROCUREMENT-2015-AIRFORCE_AMMUNITION-PROCUREMENT_JustificationBook_Air_Force_PB_2015.zzz_unzipped-PROCUREMENT_JustificationBook_Air_Force_PB_2015.xml",
        "@RECORDID": "33b5cea1fb235d4089de81a288121044165990e1922943a27750f1b6724988c5",
        "@ROWID": "0-9e7920127f4e45540c180af6b83809ffb2cd636a14fcfaced866f5da52a71bfe",
        "ItemNameSuffix_val": "",
        "OCO_val": "",
        "@PARENTROWID": "1-399bab7c3c842e31945fbfca4c2e28f68ae6335866f89ccc72ef9eef0b76aba3",
        "@PARENT": "root.record.ItemExhibitList.P5Item.CostElementCategoryList.AncillaryEquipment.Recurring.CostElementList.CostElement"
    },
    {
        "FiscalYear_val": "2015",
        "PCOLocation_val": "AFMC\/AAC",
        "AwardDate_val": "2015-05",
        "FirstDeliveryDate_val": "2016-07",
        "Quantity_val": "150",
        "UnitCost_val": "0.037",
        "SpecsAvailableNow_val": "true",
        "RFPIssueDate_val": "2015-01",
        "ContractMethod_val": "SS",
        "ContractType_val": "FFP",
        "@SOURCE_FILENAME": "2015-BASE_PROCUREMENT-2015-AIRFORCE_AMMUNITION-PROCUREMENT_JustificationBook_Air_Force_PB_2015.zzz_unzipped-PROCUREMENT_JustificationBook_Air_Force_PB_2015.xml",
        "@RECORDID": "33b5cea1fb235d4089de81a288121044165990e1922943a27750f1b6724988c5",
        "@ROWID": "1-2a1b7862f6e73387eb5a63cc0883fce29e8afcb17d2fa52fcd030c7b1d26ea05",
        "ItemNameSuffix_val": "",
        "OCO_val": "",
        "@PARENTROWID": "1-399bab7c3c842e31945fbfca4c2e28f68ae6335866f89ccc72ef9eef0b76aba3",
        "@PARENT": "root.record.ItemExhibitList.P5Item.CostElementCategoryList.AncillaryEquipment.Recurring.CostElementList.CostElement"
    },
    {
        "FiscalYear_val": "2016",
        "PCOLocation_val": "AFMC\/AAC",
        "AwardDate_val": "2016-05",
        "FirstDeliveryDate_val": "2017-07",
        "Quantity_val": "150",
        "UnitCost_val": "0.038",
        "SpecsAvailableNow_val": "true",
        "RFPIssueDate_val": "2016-01",
        "ContractMethod_val": "SS",
        "ContractType_val": "FFP",
        "@SOURCE_FILENAME": "2015-BASE_PROCUREMENT-2015-AIRFORCE_AMMUNITION-PROCUREMENT_JustificationBook_Air_Force_PB_2015.zzz_unzipped-PROCUREMENT_JustificationBook_Air_Force_PB_2015.xml",
        "@RECORDID": "33b5cea1fb235d4089de81a288121044165990e1922943a27750f1b6724988c5",
        "@ROWID": "2-f8a3a69e68b83a411a145587e19f8a6d68b8fed8a871ee6afe7db82c405947bb",
        "ItemNameSuffix_val": "",
        "OCO_val": "",
        "@PARENTROWID": "1-399bab7c3c842e31945fbfca4c2e28f68ae6335866f89ccc72ef9eef0b76aba3",
        "@PARENT": "root.record.ItemExhibitList.P5Item.CostElementCategoryList.AncillaryEquipment.Recurring.CostElementList.CostElement"
    },
    {
        "FiscalYear_val": "2017",
        "PCOLocation_val": "AFMC\/AAC",
        "AwardDate_val": "2017-05",
        "FirstDeliveryDate_val": "2018-07",
        "Quantity_val": "130",
        "UnitCost_val": "0.039",
        "SpecsAvailableNow_val": "true",
        "RFPIssueDate_val": "2017-01",
        "ContractMethod_val": "SS",
        "ContractType_val": "FFP",
        "@SOURCE_FILENAME": "2015-BASE_PROCUREMENT-2015-AIRFORCE_AMMUNITION-PROCUREMENT_JustificationBook_Air_Force_PB_2015.zzz_unzipped-PROCUREMENT_JustificationBook_Air_Force_PB_2015.xml",
        "@RECORDID": "33b5cea1fb235d4089de81a288121044165990e1922943a27750f1b6724988c5",
        "@ROWID": "3-359474f9b72235b6b7d79b71b6d1b2744404cf0bcaa72d365d9539ab0c1f40b3",
        "ItemNameSuffix_val": "",
        "OCO_val": "",
        "@PARENTROWID": "1-399bab7c3c842e31945fbfca4c2e28f68ae6335866f89ccc72ef9eef0b76aba3",
        "@PARENT": "root.record.ItemExhibitList.P5Item.CostElementCategoryList.AncillaryEquipment.Recurring.CostElementList.CostElement"
    },
    {
        "FiscalYear_val": "2018",
        "PCOLocation_val": "AFMC\/AAC",
        "AwardDate_val": "2018-05",
        "FirstDeliveryDate_val": "2019-07",
        "Quantity_val": "112",
        "UnitCost_val": "0.039",
        "SpecsAvailableNow_val": "true",
        "RFPIssueDate_val": "2018-01",
        "ContractMethod_val": "SS",
        "ContractType_val": "FFP",
        "@SOURCE_FILENAME": "2015-BASE_PROCUREMENT-2015-AIRFORCE_AMMUNITION-PROCUREMENT_JustificationBook_Air_Force_PB_2015.zzz_unzipped-PROCUREMENT_JustificationBook_Air_Force_PB_2015.xml",
        "@RECORDID": "33b5cea1fb235d4089de81a288121044165990e1922943a27750f1b6724988c5",
        "@ROWID": "4-6e6efc4d317ff5b81ffad6b761eb4a1de0c81ccc6f117ed2dc5849ee1b48fc70",
        "ItemNameSuffix_val": "",
        "OCO_val": "",
        "@PARENTROWID": "1-399bab7c3c842e31945fbfca4c2e28f68ae6335866f89ccc72ef9eef0b76aba3",
        "@PARENT": "root.record.ItemExhibitList.P5Item.CostElementCategoryList.AncillaryEquipment.Recurring.CostElementList.CostElement"
    },
    {
        "FiscalYear_val": "2019",
        "PCOLocation_val": "AFMC\/AAC",
        "AwardDate_val": "2019-05",
        "FirstDeliveryDate_val": "2020-07",
        "Quantity_val": "112",
        "UnitCost_val": "0.040",
        "SpecsAvailableNow_val": "true",
        "RFPIssueDate_val": "2019-01",
        "ContractMethod_val": "SS",
        "ContractType_val": "FFP",
        "@SOURCE_FILENAME": "2015-BASE_PROCUREMENT-2015-AIRFORCE_AMMUNITION-PROCUREMENT_JustificationBook_Air_Force_PB_2015.zzz_unzipped-PROCUREMENT_JustificationBook_Air_Force_PB_2015.xml",
        "@RECORDID": "33b5cea1fb235d4089de81a288121044165990e1922943a27750f1b6724988c5",
        "@ROWID": "5-f2a2693c4d30513b132b224c24f7e317772e1c9962ab47621155b20518d674c0",
        "ItemNameSuffix_val": "",
        "OCO_val": "",
        "@PARENTROWID": "1-399bab7c3c842e31945fbfca4c2e28f68ae6335866f89ccc72ef9eef0b76aba3",
        "@PARENT": "root.record.ItemExhibitList.P5Item.CostElementCategoryList.AncillaryEquipment.Recurring.CostElementList.CostElement"
    },
    {
        "FiscalYear_val": "2013",
        "PCOLocation_val": "AFMC\/AAC",
        "AwardDate_val": "2013-05",
        "FirstDeliveryDate_val": "2014-07",
        "Quantity_val": "100",
        "UnitCost_val": "0.035",
        "SpecsAvailableNow_val": "true",
        "RFPIssueDate_val": "2013-01",
        "ContractMethod_val": "SS",
        "ContractType_val": "FFP",
        "@SOURCE_FILENAME": "2015-BASE_PROCUREMENT-2015-AIRFORCE_AMMUNITION-PROCUREMENT_MasterJustificationBook_Air_Force_PB_2015.zzz_unzipped-PROCUREMENT_MasterJustificationBook_Air_Force_PB_2015.xml",
        "@RECORDID": "c0e2bedccbbf63fd4c05d9426033baf39171382e7134dc3349216570b33b556e",
        "@ROWID": "0-50eb34b338faa9bae11075babdcb88bd51bd458c8c203a2131cd613f0b4b441d",
        "ItemNameSuffix_val": "",
        "OCO_val": "",
        "@PARENTROWID": "1-9c77e31c9541c3cd5784ab387295d5073bd03de73771bc6cb7c21b3ad6a1a985",
        "@PARENT": "root.record.ItemExhibitList.P5Item.CostElementCategoryList.AncillaryEquipment.Recurring.CostElementList.CostElement"
    },
    {
        "FiscalYear_val": "2015",
        "PCOLocation_val": "AFMC\/AAC",
        "AwardDate_val": "2015-05",
        "FirstDeliveryDate_val": "2016-07",
        "Quantity_val": "150",
        "UnitCost_val": "0.037",
        "SpecsAvailableNow_val": "true",
        "RFPIssueDate_val": "2015-01",
        "ContractMethod_val": "SS",
        "ContractType_val": "FFP",
        "@SOURCE_FILENAME": "2015-BASE_PROCUREMENT-2015-AIRFORCE_AMMUNITION-PROCUREMENT_MasterJustificationBook_Air_Force_PB_2015.zzz_unzipped-PROCUREMENT_MasterJustificationBook_Air_Force_PB_2015.xml",
        "@RECORDID": "c0e2bedccbbf63fd4c05d9426033baf39171382e7134dc3349216570b33b556e",
        "@ROWID": "1-fb5e30d0fd6d78cc2053ceb5241781cdf1a99521b7a3d030512bac29c3926376",
        "ItemNameSuffix_val": "",
        "OCO_val": "",
        "@PARENTROWID": "1-9c77e31c9541c3cd5784ab387295d5073bd03de73771bc6cb7c21b3ad6a1a985",
        "@PARENT": "root.record.ItemExhibitList.P5Item.CostElementCategoryList.AncillaryEquipment.Recurring.CostElementList.CostElement"
    },
    {
        "FiscalYear_val": "2016",
        "PCOLocation_val": "AFMC\/AAC",
        "AwardDate_val": "2016-05",
        "FirstDeliveryDate_val": "2017-07",
        "Quantity_val": "150",
        "UnitCost_val": "0.038",
        "SpecsAvailableNow_val": "true",
        "RFPIssueDate_val": "2016-01",
        "ContractMethod_val": "SS",
        "ContractType_val": "FFP",
        "@SOURCE_FILENAME": "2015-BASE_PROCUREMENT-2015-AIRFORCE_AMMUNITION-PROCUREMENT_MasterJustificationBook_Air_Force_PB_2015.zzz_unzipped-PROCUREMENT_MasterJustificationBook_Air_Force_PB_2015.xml",
        "@RECORDID": "c0e2bedccbbf63fd4c05d9426033baf39171382e7134dc3349216570b33b556e",
        "@ROWID": "2-d3991b90edae4a530e67c5dce43c2b724624b7cb079553193034e0ed753d55da",
        "ItemNameSuffix_val": "",
        "OCO_val": "",
        "@PARENTROWID": "1-9c77e31c9541c3cd5784ab387295d5073bd03de73771bc6cb7c21b3ad6a1a985",
        "@PARENT": "root.record.ItemExhibitList.P5Item.CostElementCategoryList.AncillaryEquipment.Recurring.CostElementList.CostElement"
    },
    {
        "FiscalYear_val": "2017",
        "PCOLocation_val": "AFMC\/AAC",
        "AwardDate_val": "2017-05",
        "FirstDeliveryDate_val": "2018-07",
        "Quantity_val": "130",
        "UnitCost_val": "0.039",
        "SpecsAvailableNow_val": "true",
        "RFPIssueDate_val": "2017-01",
        "ContractMethod_val": "SS",
        "ContractType_val": "FFP",
        "@SOURCE_FILENAME": "2015-BASE_PROCUREMENT-2015-AIRFORCE_AMMUNITION-PROCUREMENT_MasterJustificationBook_Air_Force_PB_2015.zzz_unzipped-PROCUREMENT_MasterJustificationBook_Air_Force_PB_2015.xml",
        "@RECORDID": "c0e2bedccbbf63fd4c05d9426033baf39171382e7134dc3349216570b33b556e",
        "@ROWID": "3-58055afa8c08cfa5c5a4d5450efddbc41c065607fa0a937228d30aa885baf000",
        "ItemNameSuffix_val": "",
        "OCO_val": "",
        "@PARENTROWID": "1-9c77e31c9541c3cd5784ab387295d5073bd03de73771bc6cb7c21b3ad6a1a985",
        "@PARENT": "root.record.ItemExhibitList.P5Item.CostElementCategoryList.AncillaryEquipment.Recurring.CostElementList.CostElement"
    },
    {
        "FiscalYear_val": "2018",
        "PCOLocation_val": "AFMC\/AAC",
        "AwardDate_val": "2018-05",
        "FirstDeliveryDate_val": "2019-07",
        "Quantity_val": "112",
        "UnitCost_val": "0.039",
        "SpecsAvailableNow_val": "true",
        "RFPIssueDate_val": "2018-01",
        "ContractMethod_val": "SS",
        "ContractType_val": "FFP",
        "@SOURCE_FILENAME": "2015-BASE_PROCUREMENT-2015-AIRFORCE_AMMUNITION-PROCUREMENT_MasterJustificationBook_Air_Force_PB_2015.zzz_unzipped-PROCUREMENT_MasterJustificationBook_Air_Force_PB_2015.xml",
        "@RECORDID": "c0e2bedccbbf63fd4c05d9426033baf39171382e7134dc3349216570b33b556e",
        "@ROWID": "4-4e82b345c5c397868491fb8f938a621629f3d46e6822ed390e9199f898422500",
        "ItemNameSuffix_val": "",
        "OCO_val": "",
        "@PARENTROWID": "1-9c77e31c9541c3cd5784ab387295d5073bd03de73771bc6cb7c21b3ad6a1a985",
        "@PARENT": "root.record.ItemExhibitList.P5Item.CostElementCategoryList.AncillaryEquipment.Recurring.CostElementList.CostElement"
    },
    {
        "FiscalYear_val": "2019",
        "PCOLocation_val": "AFMC\/AAC",
        "AwardDate_val": "2019-05",
        "FirstDeliveryDate_val": "2020-07",
        "Quantity_val": "112",
        "UnitCost_val": "0.040",
        "SpecsAvailableNow_val": "true",
        "RFPIssueDate_val": "2019-01",
        "ContractMethod_val": "SS",
        "ContractType_val": "FFP",
        "@SOURCE_FILENAME": "2015-BASE_PROCUREMENT-2015-AIRFORCE_AMMUNITION-PROCUREMENT_MasterJustificationBook_Air_Force_PB_2015.zzz_unzipped-PROCUREMENT_MasterJustificationBook_Air_Force_PB_2015.xml",
        "@RECORDID": "c0e2bedccbbf63fd4c05d9426033baf39171382e7134dc3349216570b33b556e",
        "@ROWID": "5-ba984bfa44994c7bcc7b3e78436908d4a147f8a895c6a5f65fd2702a46431b4a",
        "ItemNameSuffix_val": "",
        "OCO_val": "",
        "@PARENTROWID": "1-9c77e31c9541c3cd5784ab387295d5073bd03de73771bc6cb7c21b3ad6a1a985",
        "@PARENT": "root.record.ItemExhibitList.P5Item.CostElementCategoryList.AncillaryEquipment.Recurring.CostElementList.CostElement"
    },
    {
        "FiscalYear_val": "2016",
        "PCOLocation_val": "AFMC\/AAC",
        "AwardDate_val": "2016-05",
        "FirstDeliveryDate_val": "2017-07",
        "Quantity_val": "150",
        "UnitCost_val": "0.049",
        "SpecsAvailableNow_val": "true",
        "RFPIssueDate_val": "2015-01",
        "ContractMethod_val": "SS",
        "ContractType_val": "FFP",
        "@SOURCE_FILENAME": "2016-BASE_PROCUREMENT-2016-AIRFORCE_AMMUNITION-PROCUREMENT_JustificationBook_Air_Force_PB_2016.zzz_unzipped-PROCUREMENT_JustificationBook_Air_Force_PB_2016.xml",
        "@RECORDID": "bdee042a721677e3e5e70e5f3618256806e0932795811c6de8d026b41ec3c764",
        "@ROWID": "0-f06251b5257637593f5f00471c91128cc853146ff5308bd46d1c8f0c874f1715",
        "ItemNameSuffix_val": "May 2016",
        "OCO_val": "",
        "@PARENTROWID": "1-295b5f43c5f034c2e8aa4c548b3f760a1da1ac13c754d5724584e9bd4f983e97",
        "@PARENT": "root.record.ItemExhibitList.P5Item.CostElementCategoryList.AncillaryEquipment.Recurring.CostElementList.CostElement"
    },
    {
        "FiscalYear_val": "2016",
        "PCOLocation_val": "AFMC\/AAC",
        "AwardDate_val": "2016-05",
        "FirstDeliveryDate_val": "2017-07",
        "Quantity_val": "75",
        "UnitCost_val": "0.048",
        "SpecsAvailableNow_val": "true",
        "RFPIssueDate_val": "",
        "ContractMethod_val": "SS",
        "ContractType_val": "FFP",
        "@SOURCE_FILENAME": "2016-BASE_PROCUREMENT-2016-AIRFORCE_AMMUNITION-PROCUREMENT_JustificationBook_Air_Force_PB_2016.zzz_unzipped-PROCUREMENT_JustificationBook_Air_Force_PB_2016.xml",
        "@RECORDID": "bdee042a721677e3e5e70e5f3618256806e0932795811c6de8d026b41ec3c764",
        "@ROWID": "1-7707a2a9e35ad1c285ee79b6d14f89889e4e23519fb9f9586f9cef4a160e6ca4",
        "ItemNameSuffix_val": "May 2016",
        "OCO_val": "true",
        "@PARENTROWID": "1-295b5f43c5f034c2e8aa4c548b3f760a1da1ac13c754d5724584e9bd4f983e97",
        "@PARENT": "root.record.ItemExhibitList.P5Item.CostElementCategoryList.AncillaryEquipment.Recurring.CostElementList.CostElement"
    },
    {
        "FiscalYear_val": "2017",
        "PCOLocation_val": "AFMC\/AAC",
        "AwardDate_val": "2017-05",
        "FirstDeliveryDate_val": "2018-07",
        "Quantity_val": "108",
        "UnitCost_val": "0.040",
        "SpecsAvailableNow_val": "true",
        "RFPIssueDate_val": "2015-01",
        "ContractMethod_val": "SS",
        "ContractType_val": "FFP",
        "@SOURCE_FILENAME": "2016-BASE_PROCUREMENT-2016-AIRFORCE_AMMUNITION-PROCUREMENT_JustificationBook_Air_Force_PB_2016.zzz_unzipped-PROCUREMENT_JustificationBook_Air_Force_PB_2016.xml",
        "@RECORDID": "bdee042a721677e3e5e70e5f3618256806e0932795811c6de8d026b41ec3c764",
        "@ROWID": "2-1641e5ab4ab5557db65cf048aacd5b79b41d436adb351fab208f8a5fcb0ba14a",
        "ItemNameSuffix_val": "",
        "OCO_val": "",
        "@PARENTROWID": "1-295b5f43c5f034c2e8aa4c548b3f760a1da1ac13c754d5724584e9bd4f983e97",
        "@PARENT": "root.record.ItemExhibitList.P5Item.CostElementCategoryList.AncillaryEquipment.Recurring.CostElementList.CostElement"
    },
    {
        "FiscalYear_val": "2018",
        "PCOLocation_val": "AFMC\/AAC",
        "AwardDate_val": "2018-05",
        "FirstDeliveryDate_val": "2019-07",
        "Quantity_val": "112",
        "UnitCost_val": "0.039",
        "SpecsAvailableNow_val": "true",
        "RFPIssueDate_val": "2015-01",
        "ContractMethod_val": "SS",
        "ContractType_val": "FFP",
        "@SOURCE_FILENAME": "2016-BASE_PROCUREMENT-2016-AIRFORCE_AMMUNITION-PROCUREMENT_JustificationBook_Air_Force_PB_2016.zzz_unzipped-PROCUREMENT_JustificationBook_Air_Force_PB_2016.xml",
        "@RECORDID": "bdee042a721677e3e5e70e5f3618256806e0932795811c6de8d026b41ec3c764",
        "@ROWID": "3-8d83db07f14549fbb81cdd978976dee213935637013f5ad52419d4122f93bca7",
        "ItemNameSuffix_val": "",
        "OCO_val": "",
        "@PARENTROWID": "1-295b5f43c5f034c2e8aa4c548b3f760a1da1ac13c754d5724584e9bd4f983e97",
        "@PARENT": "root.record.ItemExhibitList.P5Item.CostElementCategoryList.AncillaryEquipment.Recurring.CostElementList.CostElement"
    },
    {
        "FiscalYear_val": "2019",
        "PCOLocation_val": "AFMC\/AAC",
        "AwardDate_val": "2019-05",
        "FirstDeliveryDate_val": "2020-07",
        "Quantity_val": "112",
        "UnitCost_val": "0.040",
        "SpecsAvailableNow_val": "true",
        "RFPIssueDate_val": "2015-01",
        "ContractMethod_val": "SS",
        "ContractType_val": "FFP",
        "@SOURCE_FILENAME": "2016-BASE_PROCUREMENT-2016-AIRFORCE_AMMUNITION-PROCUREMENT_JustificationBook_Air_Force_PB_2016.zzz_unzipped-PROCUREMENT_JustificationBook_Air_Force_PB_2016.xml",
        "@RECORDID": "bdee042a721677e3e5e70e5f3618256806e0932795811c6de8d026b41ec3c764",
        "@ROWID": "4-2330a9fce37c9fad84913e0de7aedd29453cd29ca47316b3c778420d8fba31f4",
        "ItemNameSuffix_val": "",
        "OCO_val": "",
        "@PARENTROWID": "1-295b5f43c5f034c2e8aa4c548b3f760a1da1ac13c754d5724584e9bd4f983e97",
        "@PARENT": "root.record.ItemExhibitList.P5Item.CostElementCategoryList.AncillaryEquipment.Recurring.CostElementList.CostElement"
    },
    {
        "FiscalYear_val": "2020",
        "PCOLocation_val": "AFMC\/AAC",
        "AwardDate_val": "2020-05",
        "FirstDeliveryDate_val": "2021-07",
        "Quantity_val": "114",
        "UnitCost_val": "0.040",
        "SpecsAvailableNow_val": "true",
        "RFPIssueDate_val": "",
        "ContractMethod_val": "SS",
        "ContractType_val": "FFP",
        "@SOURCE_FILENAME": "2016-BASE_PROCUREMENT-2016-AIRFORCE_AMMUNITION-PROCUREMENT_JustificationBook_Air_Force_PB_2016.zzz_unzipped-PROCUREMENT_JustificationBook_Air_Force_PB_2016.xml",
        "@RECORDID": "bdee042a721677e3e5e70e5f3618256806e0932795811c6de8d026b41ec3c764",
        "@ROWID": "5-82c7f3f83d0c1fe8cdb16067511d5922b1b870443af26ce323f746dbd6d49dca",
        "ItemNameSuffix_val": "",
        "OCO_val": "",
        "@PARENTROWID": "1-295b5f43c5f034c2e8aa4c548b3f760a1da1ac13c754d5724584e9bd4f983e97",
        "@PARENT": "root.record.ItemExhibitList.P5Item.CostElementCategoryList.AncillaryEquipment.Recurring.CostElementList.CostElement"
    },
    {
        "FiscalYear_val": "2016",
        "PCOLocation_val": "AFMC\/AAC",
        "AwardDate_val": "2016-05",
        "FirstDeliveryDate_val": "2017-07",
        "Quantity_val": "150",
        "UnitCost_val": "0.049",
        "SpecsAvailableNow_val": "true",
        "RFPIssueDate_val": "2015-01",
        "ContractMethod_val": "SS",
        "ContractType_val": "FFP",
        "@SOURCE_FILENAME": "2016-BASE_PROCUREMENT-2016-AIRFORCE_AMMUNITION-PROCUREMENT_MasterJustificationBook_Air_Force_PB_2016.zzz_unzipped-PROCUREMENT_MasterJustificationBook_Air_Force_PB_2016.xml",
        "@RECORDID": "0405e21ec303f808ccdc5e52c17f9e11b90ad768be9d21f077d3c4e2706d2147",
        "@ROWID": "0-1cf425569caf3ad3ff77aa976a764af477b9a9939dcc5e6f5055b36d7fedec84",
        "ItemNameSuffix_val": "May 2016",
        "OCO_val": "",
        "@PARENTROWID": "1-ae6fc6785bdeaf27afce8f6aa9332b6976636e5ad53b1754078edfcaafee626d",
        "@PARENT": "root.record.ItemExhibitList.P5Item.CostElementCategoryList.AncillaryEquipment.Recurring.CostElementList.CostElement"
    },
    {
        "FiscalYear_val": "2016",
        "PCOLocation_val": "AFMC\/AAC",
        "AwardDate_val": "2016-05",
        "FirstDeliveryDate_val": "2017-07",
        "Quantity_val": "75",
        "UnitCost_val": "0.048",
        "SpecsAvailableNow_val": "true",
        "RFPIssueDate_val": "",
        "ContractMethod_val": "SS",
        "ContractType_val": "FFP",
        "@SOURCE_FILENAME": "2016-BASE_PROCUREMENT-2016-AIRFORCE_AMMUNITION-PROCUREMENT_MasterJustificationBook_Air_Force_PB_2016.zzz_unzipped-PROCUREMENT_MasterJustificationBook_Air_Force_PB_2016.xml",
        "@RECORDID": "0405e21ec303f808ccdc5e52c17f9e11b90ad768be9d21f077d3c4e2706d2147",
        "@ROWID": "1-aa9e87ad9dd372f93bc10fb15956ac794dc52fa3a4b3135b26e8d318233d7248",
        "ItemNameSuffix_val": "May 2016",
        "OCO_val": "true",
        "@PARENTROWID": "1-ae6fc6785bdeaf27afce8f6aa9332b6976636e5ad53b1754078edfcaafee626d",
        "@PARENT": "root.record.ItemExhibitList.P5Item.CostElementCategoryList.AncillaryEquipment.Recurring.CostElementList.CostElement"
    },
    {
        "FiscalYear_val": "2017",
        "PCOLocation_val": "AFMC\/AAC",
        "AwardDate_val": "2017-05",
        "FirstDeliveryDate_val": "2018-07",
        "Quantity_val": "108",
        "UnitCost_val": "0.040",
        "SpecsAvailableNow_val": "true",
        "RFPIssueDate_val": "2015-01",
        "ContractMethod_val": "SS",
        "ContractType_val": "FFP",
        "@SOURCE_FILENAME": "2016-BASE_PROCUREMENT-2016-AIRFORCE_AMMUNITION-PROCUREMENT_MasterJustificationBook_Air_Force_PB_2016.zzz_unzipped-PROCUREMENT_MasterJustificationBook_Air_Force_PB_2016.xml",
        "@RECORDID": "0405e21ec303f808ccdc5e52c17f9e11b90ad768be9d21f077d3c4e2706d2147",
        "@ROWID": "2-f6ccb75997ecc3a7012ca6ef29d8285df479dfc618cad5b8d99e3d36bc056b9d",
        "ItemNameSuffix_val": "",
        "OCO_val": "",
        "@PARENTROWID": "1-ae6fc6785bdeaf27afce8f6aa9332b6976636e5ad53b1754078edfcaafee626d",
        "@PARENT": "root.record.ItemExhibitList.P5Item.CostElementCategoryList.AncillaryEquipment.Recurring.CostElementList.CostElement"
    },
    {
        "FiscalYear_val": "2018",
        "PCOLocation_val": "AFMC\/AAC",
        "AwardDate_val": "2018-05",
        "FirstDeliveryDate_val": "2019-07",
        "Quantity_val": "112",
        "UnitCost_val": "0.039",
        "SpecsAvailableNow_val": "true",
        "RFPIssueDate_val": "2015-01",
        "ContractMethod_val": "SS",
        "ContractType_val": "FFP",
        "@SOURCE_FILENAME": "2016-BASE_PROCUREMENT-2016-AIRFORCE_AMMUNITION-PROCUREMENT_MasterJustificationBook_Air_Force_PB_2016.zzz_unzipped-PROCUREMENT_MasterJustificationBook_Air_Force_PB_2016.xml",
        "@RECORDID": "0405e21ec303f808ccdc5e52c17f9e11b90ad768be9d21f077d3c4e2706d2147",
        "@ROWID": "3-8d0c7baf340dea17690984f2d1a944f8cf374bf8ad33359230b059dd9c704942",
        "ItemNameSuffix_val": "",
        "OCO_val": "",
        "@PARENTROWID": "1-ae6fc6785bdeaf27afce8f6aa9332b6976636e5ad53b1754078edfcaafee626d",
        "@PARENT": "root.record.ItemExhibitList.P5Item.CostElementCategoryList.AncillaryEquipment.Recurring.CostElementList.CostElement"
    },
    {
        "FiscalYear_val": "2019",
        "PCOLocation_val": "AFMC\/AAC",
        "AwardDate_val": "2019-05",
        "FirstDeliveryDate_val": "2020-07",
        "Quantity_val": "112",
        "UnitCost_val": "0.040",
        "SpecsAvailableNow_val": "true",
        "RFPIssueDate_val": "2015-01",
        "ContractMethod_val": "SS",
        "ContractType_val": "FFP",
        "@SOURCE_FILENAME": "2016-BASE_PROCUREMENT-2016-AIRFORCE_AMMUNITION-PROCUREMENT_MasterJustificationBook_Air_Force_PB_2016.zzz_unzipped-PROCUREMENT_MasterJustificationBook_Air_Force_PB_2016.xml",
        "@RECORDID": "0405e21ec303f808ccdc5e52c17f9e11b90ad768be9d21f077d3c4e2706d2147",
        "@ROWID": "4-b1d49a1578ff1df659180102d752269697ebcdda245078a6adb93af756f08aa5",
        "ItemNameSuffix_val": "",
        "OCO_val": "",
        "@PARENTROWID": "1-ae6fc6785bdeaf27afce8f6aa9332b6976636e5ad53b1754078edfcaafee626d",
        "@PARENT": "root.record.ItemExhibitList.P5Item.CostElementCategoryList.AncillaryEquipment.Recurring.CostElementList.CostElement"
    },
    {
        "FiscalYear_val": "2020",
        "PCOLocation_val": "AFMC\/AAC",
        "AwardDate_val": "2020-05",
        "FirstDeliveryDate_val": "2021-07",
        "Quantity_val": "114",
        "UnitCost_val": "0.040",
        "SpecsAvailableNow_val": "true",
        "RFPIssueDate_val": "",
        "ContractMethod_val": "SS",
        "ContractType_val": "FFP",
        "@SOURCE_FILENAME": "2016-BASE_PROCUREMENT-2016-AIRFORCE_AMMUNITION-PROCUREMENT_MasterJustificationBook_Air_Force_PB_2016.zzz_unzipped-PROCUREMENT_MasterJustificationBook_Air_Force_PB_2016.xml",
        "@RECORDID": "0405e21ec303f808ccdc5e52c17f9e11b90ad768be9d21f077d3c4e2706d2147",
        "@ROWID": "5-408d5be4182072eefb0b3491f20e6128f791a2b6a4ec69855da9a82be05dcae8",
        "ItemNameSuffix_val": "",
        "OCO_val": "",
        "@PARENTROWID": "1-ae6fc6785bdeaf27afce8f6aa9332b6976636e5ad53b1754078edfcaafee626d",
        "@PARENT": "root.record.ItemExhibitList.P5Item.CostElementCategoryList.AncillaryEquipment.Recurring.CostElementList.CostElement"
    }
]