[
    {
        "FiscalYear_val": "2011",
        "PCOLocation_val": "AFMC\/AAC",
        "AwardDate_val": "2011-12",
        "FirstDeliveryDate_val": "2013-04",
        "Quantity_val": "195",
        "UnitCost_val": "0.039",
        "SpecsAvailableNow_val": "true",
        "RFPIssueDate_val": "2011-05",
        "ContractMethod_val": "SS",
        "ContractType_val": "FFP",
        "@SOURCE_FILENAME": "2013-BASE_PROCUREMENT-2013-AIRFORCE_AMMUNITION-JustificationBook_Air_Force_PB_2013.zzz_unzipped-JustificationBook_Air_Force_PB_2013.xml",
        "@RECORDID": "101c78e8b718e2eb490a6e9385e8f4fb9a2e42c27419ef92c73bc89bb4fcd89c",
        "@ROWID": "0-504594bb6cc9fef18c0a8936f70b5bce3fabc9dcb8e4deb91523cb75c8602cc1",
        "ItemNameSuffix_val": "",
        "OCO_val": "",
        "@PARENTROWID": "1-a744ccc80102ef0650a6be743115c67d0e4a116efed4f2478ee53560059ccf91",
        "@PARENT": "root.record.ItemExhibitList.P5Item.CostElementCategoryList.AncillaryEquipment.Recurring.CostElementList.CostElement"
    },
    {
        "FiscalYear_val": "2012",
        "PCOLocation_val": "AFMC\/AAC",
        "AwardDate_val": "2012-08",
        "FirstDeliveryDate_val": "2013-11",
        "Quantity_val": "121",
        "UnitCost_val": "0.040",
        "SpecsAvailableNow_val": "true",
        "RFPIssueDate_val": "2012-01",
        "ContractMethod_val": "SS",
        "ContractType_val": "FFP",
        "@SOURCE_FILENAME": "2013-BASE_PROCUREMENT-2013-AIRFORCE_AMMUNITION-JustificationBook_Air_Force_PB_2013.zzz_unzipped-JustificationBook_Air_Force_PB_2013.xml",
        "@RECORDID": "101c78e8b718e2eb490a6e9385e8f4fb9a2e42c27419ef92c73bc89bb4fcd89c",
        "@ROWID": "1-757de005c8ada496e3689354b78b9247509653942fde37c82274a6067e964fc4",
        "ItemNameSuffix_val": "",
        "OCO_val": "",
        "@PARENTROWID": "1-a744ccc80102ef0650a6be743115c67d0e4a116efed4f2478ee53560059ccf91",
        "@PARENT": "root.record.ItemExhibitList.P5Item.CostElementCategoryList.AncillaryEquipment.Recurring.CostElementList.CostElement"
    },
    {
        "FiscalYear_val": "2013",
        "PCOLocation_val": "AFMC\/AAC",
        "AwardDate_val": "2013-08",
        "FirstDeliveryDate_val": "2014-11",
        "Quantity_val": "116",
        "UnitCost_val": "0.040",
        "SpecsAvailableNow_val": "true",
        "RFPIssueDate_val": "2013-01",
        "ContractMethod_val": "SS",
        "ContractType_val": "FFP",
        "@SOURCE_FILENAME": "2013-BASE_PROCUREMENT-2013-AIRFORCE_AMMUNITION-JustificationBook_Air_Force_PB_2013.zzz_unzipped-JustificationBook_Air_Force_PB_2013.xml",
        "@RECORDID": "101c78e8b718e2eb490a6e9385e8f4fb9a2e42c27419ef92c73bc89bb4fcd89c",
        "@ROWID": "2-c0b2c0e56ecaf8caa541935a99dcc85fc04dac07525b95cf7edd1db792cc8313",
        "ItemNameSuffix_val": "",
        "OCO_val": "",
        "@PARENTROWID": "1-a744ccc80102ef0650a6be743115c67d0e4a116efed4f2478ee53560059ccf91",
        "@PARENT": "root.record.ItemExhibitList.P5Item.CostElementCategoryList.AncillaryEquipment.Recurring.CostElementList.CostElement"
    },
    {
        "FiscalYear_val": "2014",
        "PCOLocation_val": "AFMC\/AAC",
        "AwardDate_val": "2014-08",
        "FirstDeliveryDate_val": "2015-11",
        "Quantity_val": "147",
        "UnitCost_val": "0.041",
        "SpecsAvailableNow_val": "true",
        "RFPIssueDate_val": "2014-01",
        "ContractMethod_val": "SS",
        "ContractType_val": "FFP",
        "@SOURCE_FILENAME": "2013-BASE_PROCUREMENT-2013-AIRFORCE_AMMUNITION-JustificationBook_Air_Force_PB_2013.zzz_unzipped-JustificationBook_Air_Force_PB_2013.xml",
        "@RECORDID": "101c78e8b718e2eb490a6e9385e8f4fb9a2e42c27419ef92c73bc89bb4fcd89c",
        "@ROWID": "3-f2869ddd5a0cf7200083746fab095881285a39b47e45bdc63272df8ff523c930",
        "ItemNameSuffix_val": "",
        "OCO_val": "",
        "@PARENTROWID": "1-a744ccc80102ef0650a6be743115c67d0e4a116efed4f2478ee53560059ccf91",
        "@PARENT": "root.record.ItemExhibitList.P5Item.CostElementCategoryList.AncillaryEquipment.Recurring.CostElementList.CostElement"
    },
    {
        "FiscalYear_val": "2015",
        "PCOLocation_val": "AFMC\/AAC",
        "AwardDate_val": "2015-08",
        "FirstDeliveryDate_val": "2016-11",
        "Quantity_val": "146",
        "UnitCost_val": "0.042",
        "SpecsAvailableNow_val": "true",
        "RFPIssueDate_val": "2015-01",
        "ContractMethod_val": "SS",
        "ContractType_val": "FFP",
        "@SOURCE_FILENAME": "2013-BASE_PROCUREMENT-2013-AIRFORCE_AMMUNITION-JustificationBook_Air_Force_PB_2013.zzz_unzipped-JustificationBook_Air_Force_PB_2013.xml",
        "@RECORDID": "101c78e8b718e2eb490a6e9385e8f4fb9a2e42c27419ef92c73bc89bb4fcd89c",
        "@ROWID": "4-cdbd4ccaa496fa47c87a567a946d69e926809b9cb8e29162a4059ce89dfcbc45",
        "ItemNameSuffix_val": "",
        "OCO_val": "",
        "@PARENTROWID": "1-a744ccc80102ef0650a6be743115c67d0e4a116efed4f2478ee53560059ccf91",
        "@PARENT": "root.record.ItemExhibitList.P5Item.CostElementCategoryList.AncillaryEquipment.Recurring.CostElementList.CostElement"
    },
    {
        "FiscalYear_val": "2016",
        "PCOLocation_val": "AFMC\/AAC",
        "AwardDate_val": "2016-08",
        "FirstDeliveryDate_val": "2017-11",
        "Quantity_val": "146",
        "UnitCost_val": "0.042",
        "SpecsAvailableNow_val": "true",
        "RFPIssueDate_val": "2016-01",
        "ContractMethod_val": "SS",
        "ContractType_val": "FFP",
        "@SOURCE_FILENAME": "2013-BASE_PROCUREMENT-2013-AIRFORCE_AMMUNITION-JustificationBook_Air_Force_PB_2013.zzz_unzipped-JustificationBook_Air_Force_PB_2013.xml",
        "@RECORDID": "101c78e8b718e2eb490a6e9385e8f4fb9a2e42c27419ef92c73bc89bb4fcd89c",
        "@ROWID": "5-c69c0fa5fabdbc6698a3f24ed9b9202d1db00955b7a7e605c1e7950d977387f0",
        "ItemNameSuffix_val": "",
        "OCO_val": "",
        "@PARENTROWID": "1-a744ccc80102ef0650a6be743115c67d0e4a116efed4f2478ee53560059ccf91",
        "@PARENT": "root.record.ItemExhibitList.P5Item.CostElementCategoryList.AncillaryEquipment.Recurring.CostElementList.CostElement"
    },
    {
        "FiscalYear_val": "2017",
        "PCOLocation_val": "AFMC\/AAC",
        "AwardDate_val": "2017-08",
        "FirstDeliveryDate_val": "2018-11",
        "Quantity_val": "145",
        "UnitCost_val": "0.043",
        "SpecsAvailableNow_val": "true",
        "RFPIssueDate_val": "2017-01",
        "ContractMethod_val": "SS",
        "ContractType_val": "FFP",
        "@SOURCE_FILENAME": "2013-BASE_PROCUREMENT-2013-AIRFORCE_AMMUNITION-JustificationBook_Air_Force_PB_2013.zzz_unzipped-JustificationBook_Air_Force_PB_2013.xml",
        "@RECORDID": "101c78e8b718e2eb490a6e9385e8f4fb9a2e42c27419ef92c73bc89bb4fcd89c",
        "@ROWID": "6-d4b13ab775bd3f07a7c0f12349ced85ba8981c5d010975b819e01ffbdbeef85e",
        "ItemNameSuffix_val": "",
        "OCO_val": "",
        "@PARENTROWID": "1-a744ccc80102ef0650a6be743115c67d0e4a116efed4f2478ee53560059ccf91",
        "@PARENT": "root.record.ItemExhibitList.P5Item.CostElementCategoryList.AncillaryEquipment.Recurring.CostElementList.CostElement"
    },
    {
        "FiscalYear_val": "2011",
        "PCOLocation_val": "AFMC\/AAC",
        "AwardDate_val": "2011-12",
        "FirstDeliveryDate_val": "2013-04",
        "Quantity_val": "195",
        "UnitCost_val": "0.039",
        "SpecsAvailableNow_val": "true",
        "RFPIssueDate_val": "2011-05",
        "ContractMethod_val": "SS",
        "ContractType_val": "FFP",
        "@SOURCE_FILENAME": "2013-BASE_PROCUREMENT-2013-AIRFORCE_AMMUNITION-MasterJustificationBook_Air_Force_PB_2013.zzz_unzipped-MasterJustificationBook_Air_Force_PB_2013.xml",
        "@RECORDID": "fb847c5d73ff209ee22672c491cfdc55c0254d39afb27400c3e8a3828a2ae363",
        "@ROWID": "0-a54a9401a701219f60932b4a8837a16813706809efad7fa594f37451f59857aa",
        "ItemNameSuffix_val": "",
        "OCO_val": "",
        "@PARENTROWID": "1-c0b0cc4682c8c18f076048a02a5a7fe082a6f24212cf1417479ac0e2ad9dc941",
        "@PARENT": "root.record.ItemExhibitList.P5Item.CostElementCategoryList.AncillaryEquipment.Recurring.CostElementList.CostElement"
    },
    {
        "FiscalYear_val": "2012",
        "PCOLocation_val": "AFMC\/AAC",
        "AwardDate_val": "2012-08",
        "FirstDeliveryDate_val": "2013-11",
        "Quantity_val": "121",
        "UnitCost_val": "0.040",
        "SpecsAvailableNow_val": "true",
        "RFPIssueDate_val": "2012-01",
        "ContractMethod_val": "SS",
        "ContractType_val": "FFP",
        "@SOURCE_FILENAME": "2013-BASE_PROCUREMENT-2013-AIRFORCE_AMMUNITION-MasterJustificationBook_Air_Force_PB_2013.zzz_unzipped-MasterJustificationBook_Air_Force_PB_2013.xml",
        "@RECORDID": "fb847c5d73ff209ee22672c491cfdc55c0254d39afb27400c3e8a3828a2ae363",
        "@ROWID": "1-dbbcafad33e280931d0b7b1177b4fee1d78e2c823159e5bf4894276227e72b63",
        "ItemNameSuffix_val": "",
        "OCO_val": "",
        "@PARENTROWID": "1-c0b0cc4682c8c18f076048a02a5a7fe082a6f24212cf1417479ac0e2ad9dc941",
        "@PARENT": "root.record.ItemExhibitList.P5Item.CostElementCategoryList.AncillaryEquipment.Recurring.CostElementList.CostElement"
    },
    {
        "FiscalYear_val": "2013",
        "PCOLocation_val": "AFMC\/AAC",
        "AwardDate_val": "2013-08",
        "FirstDeliveryDate_val": "2014-11",
        "Quantity_val": "116",
        "UnitCost_val": "0.040",
        "SpecsAvailableNow_val": "true",
        "RFPIssueDate_val": "2013-01",
        "ContractMethod_val": "SS",
        "ContractType_val": "FFP",
        "@SOURCE_FILENAME": "2013-BASE_PROCUREMENT-2013-AIRFORCE_AMMUNITION-MasterJustificationBook_Air_Force_PB_2013.zzz_unzipped-MasterJustificationBook_Air_Force_PB_2013.xml",
        "@RECORDID": "fb847c5d73ff209ee22672c491cfdc55c0254d39afb27400c3e8a3828a2ae363",
        "@ROWID": "2-ed1be79237a80204320853858fd7e0b3685d154f629f3d0b0ee069b517caa8d9",
        "ItemNameSuffix_val": "",
        "OCO_val": "",
        "@PARENTROWID": "1-c0b0cc4682c8c18f076048a02a5a7fe082a6f24212cf1417479ac0e2ad9dc941",
        "@PARENT": "root.record.ItemExhibitList.P5Item.CostElementCategoryList.AncillaryEquipment.Recurring.CostElementList.CostElement"
    },
    {
        "FiscalYear_val": "2014",
        "PCOLocation_val": "AFMC\/AAC",
        "AwardDate_val": "2014-08",
        "FirstDeliveryDate_val": "2015-11",
        "Quantity_val": "147",
        "UnitCost_val": "0.041",
        "SpecsAvailableNow_val": "true",
        "RFPIssueDate_val": "2014-01",
        "ContractMethod_val": "SS",
        "ContractType_val": "FFP",
        "@SOURCE_FILENAME": "2013-BASE_PROCUREMENT-2013-AIRFORCE_AMMUNITION-MasterJustificationBook_Air_Force_PB_2013.zzz_unzipped-MasterJustificationBook_Air_Force_PB_2013.xml",
        "@RECORDID": "fb847c5d73ff209ee22672c491cfdc55c0254d39afb27400c3e8a3828a2ae363",
        "@ROWID": "3-7b5f5d2fa3e2364c5002abb8712199c94f0be49eb6d94338d7d829780df69630",
        "ItemNameSuffix_val": "",
        "OCO_val": "",
        "@PARENTROWID": "1-c0b0cc4682c8c18f076048a02a5a7fe082a6f24212cf1417479ac0e2ad9dc941",
        "@PARENT": "root.record.ItemExhibitList.P5Item.CostElementCategoryList.AncillaryEquipment.Recurring.CostElementList.CostElement"
    },
    {
        "FiscalYear_val": "2015",
        "PCOLocation_val": "AFMC\/AAC",
        "AwardDate_val": "2015-08",
        "FirstDeliveryDate_val": "2016-11",
        "Quantity_val": "146",
        "UnitCost_val": "0.042",
        "SpecsAvailableNow_val": "true",
        "RFPIssueDate_val": "2015-01",
        "ContractMethod_val": "SS",
        "ContractType_val": "FFP",
        "@SOURCE_FILENAME": "2013-BASE_PROCUREMENT-2013-AIRFORCE_AMMUNITION-MasterJustificationBook_Air_Force_PB_2013.zzz_unzipped-MasterJustificationBook_Air_Force_PB_2013.xml",
        "@RECORDID": "fb847c5d73ff209ee22672c491cfdc55c0254d39afb27400c3e8a3828a2ae363",
        "@ROWID": "4-7f5e399eae86bea8d6b7f54200433edc24106ccadea556cbb6201b6c799d1d54",
        "ItemNameSuffix_val": "",
        "OCO_val": "",
        "@PARENTROWID": "1-c0b0cc4682c8c18f076048a02a5a7fe082a6f24212cf1417479ac0e2ad9dc941",
        "@PARENT": "root.record.ItemExhibitList.P5Item.CostElementCategoryList.AncillaryEquipment.Recurring.CostElementList.CostElement"
    },
    {
        "FiscalYear_val": "2016",
        "PCOLocation_val": "AFMC\/AAC",
        "AwardDate_val": "2016-08",
        "FirstDeliveryDate_val": "2017-11",
        "Quantity_val": "146",
        "UnitCost_val": "0.042",
        "SpecsAvailableNow_val": "true",
        "RFPIssueDate_val": "2016-01",
        "ContractMethod_val": "SS",
        "ContractType_val": "FFP",
        "@SOURCE_FILENAME": "2013-BASE_PROCUREMENT-2013-AIRFORCE_AMMUNITION-MasterJustificationBook_Air_Force_PB_2013.zzz_unzipped-MasterJustificationBook_Air_Force_PB_2013.xml",
        "@RECORDID": "fb847c5d73ff209ee22672c491cfdc55c0254d39afb27400c3e8a3828a2ae363",
        "@ROWID": "5-7fb3b5a241dbf632c4d9da0b670a03b6259d49f7f382e6c353f765e284857bc3",
        "ItemNameSuffix_val": "",
        "OCO_val": "",
        "@PARENTROWID": "1-c0b0cc4682c8c18f076048a02a5a7fe082a6f24212cf1417479ac0e2ad9dc941",
        "@PARENT": "root.record.ItemExhibitList.P5Item.CostElementCategoryList.AncillaryEquipment.Recurring.CostElementList.CostElement"
    },
    {
        "FiscalYear_val": "2017",
        "PCOLocation_val": "AFMC\/AAC",
        "AwardDate_val": "2017-08",
        "FirstDeliveryDate_val": "2018-11",
        "Quantity_val": "145",
        "UnitCost_val": "0.043",
        "SpecsAvailableNow_val": "true",
        "RFPIssueDate_val": "2017-01",
        "ContractMethod_val": "SS",
        "ContractType_val": "FFP",
        "@SOURCE_FILENAME": "2013-BASE_PROCUREMENT-2013-AIRFORCE_AMMUNITION-MasterJustificationBook_Air_Force_PB_2013.zzz_unzipped-MasterJustificationBook_Air_Force_PB_2013.xml",
        "@RECORDID": "fb847c5d73ff209ee22672c491cfdc55c0254d39afb27400c3e8a3828a2ae363",
        "@ROWID": "6-4e44d3ead97ba94a39a0eb116d025def0f04606e63a3d42eb7630956e2d3c38c",
        "ItemNameSuffix_val": "",
        "OCO_val": "",
        "@PARENTROWID": "1-c0b0cc4682c8c18f076048a02a5a7fe082a6f24212cf1417479ac0e2ad9dc941",
        "@PARENT": "root.record.ItemExhibitList.P5Item.CostElementCategoryList.AncillaryEquipment.Recurring.CostElementList.CostElement"
    },
    {
        "FiscalYear_val": "2012",
        "PCOLocation_val": "AFMC\/AAC",
        "AwardDate_val": "2012-12",
        "FirstDeliveryDate_val": "2014-02",
        "Quantity_val": "153",
        "UnitCost_val": "0.031",
        "SpecsAvailableNow_val": "true",
        "RFPIssueDate_val": "2012-01",
        "ContractMethod_val": "SS",
        "ContractType_val": "FFP",
        "@SOURCE_FILENAME": "2014-BASE_PROCUREMENT-2014-AIRFORCE_AMMUNITION-PROCUREMENT_JustificationBook_Air_Force_PB_2014.zzz_unzipped-PROCUREMENT_JustificationBook_Air_Force_PB_2014.xml",
        "@RECORDID": "05febd9fd223dc1f11a80359dde784d02467edaef9d2080887a2e6f8da7ed3c9",
        "@ROWID": "0-282d77f7c18577c69e1601ab69eb157ce0753ed30777a66f5762aedb3cc49f72",
        "ItemNameSuffix_val": "",
        "OCO_val": "",
        "@PARENTROWID": "1-97d03e0e400019ec350579ede4209d0604d4f909b66f1a59c71cafc5869bdcd2",
        "@PARENT": "root.record.ItemExhibitList.P5Item.CostElementCategoryList.AncillaryEquipment.Recurring.CostElementList.CostElement"
    },
    {
        "FiscalYear_val": "2013",
        "PCOLocation_val": "AFMC\/AAC",
        "AwardDate_val": "2013-05",
        "FirstDeliveryDate_val": "2014-07",
        "Quantity_val": "123",
        "UnitCost_val": "0.040",
        "SpecsAvailableNow_val": "true",
        "RFPIssueDate_val": "2013-01",
        "ContractMethod_val": "SS",
        "ContractType_val": "FFP",
        "@SOURCE_FILENAME": "2014-BASE_PROCUREMENT-2014-AIRFORCE_AMMUNITION-PROCUREMENT_JustificationBook_Air_Force_PB_2014.zzz_unzipped-PROCUREMENT_JustificationBook_Air_Force_PB_2014.xml",
        "@RECORDID": "05febd9fd223dc1f11a80359dde784d02467edaef9d2080887a2e6f8da7ed3c9",
        "@ROWID": "1-b7f63990d04673e10e8508ad1de6820116a44d9ed6aa459f905e9e80793f63fd",
        "ItemNameSuffix_val": "",
        "OCO_val": "",
        "@PARENTROWID": "1-97d03e0e400019ec350579ede4209d0604d4f909b66f1a59c71cafc5869bdcd2",
        "@PARENT": "root.record.ItemExhibitList.P5Item.CostElementCategoryList.AncillaryEquipment.Recurring.CostElementList.CostElement"
    },
    {
        "FiscalYear_val": "2014",
        "PCOLocation_val": "AFMC\/AAC",
        "AwardDate_val": "2014-05",
        "FirstDeliveryDate_val": "2015-07",
        "Quantity_val": "148",
        "UnitCost_val": "0.036",
        "SpecsAvailableNow_val": "true",
        "RFPIssueDate_val": "2014-01",
        "ContractMethod_val": "SS",
        "ContractType_val": "FFP",
        "@SOURCE_FILENAME": "2014-BASE_PROCUREMENT-2014-AIRFORCE_AMMUNITION-PROCUREMENT_JustificationBook_Air_Force_PB_2014.zzz_unzipped-PROCUREMENT_JustificationBook_Air_Force_PB_2014.xml",
        "@RECORDID": "05febd9fd223dc1f11a80359dde784d02467edaef9d2080887a2e6f8da7ed3c9",
        "@ROWID": "2-004625efad2921744b648640666bc8a0241b216df9e2b4a50fb07c4c849e7dd0",
        "ItemNameSuffix_val": "",
        "OCO_val": "",
        "@PARENTROWID": "1-97d03e0e400019ec350579ede4209d0604d4f909b66f1a59c71cafc5869bdcd2",
        "@PARENT": "root.record.ItemExhibitList.P5Item.CostElementCategoryList.AncillaryEquipment.Recurring.CostElementList.CostElement"
    },
    {
        "FiscalYear_val": "2015",
        "PCOLocation_val": "AFMC\/AAC",
        "AwardDate_val": "2015-05",
        "FirstDeliveryDate_val": "2016-07",
        "Quantity_val": "150",
        "UnitCost_val": "0.037",
        "SpecsAvailableNow_val": "true",
        "RFPIssueDate_val": "2015-01",
        "ContractMethod_val": "SS",
        "ContractType_val": "FFP",
        "@SOURCE_FILENAME": "2014-BASE_PROCUREMENT-2014-AIRFORCE_AMMUNITION-PROCUREMENT_JustificationBook_Air_Force_PB_2014.zzz_unzipped-PROCUREMENT_JustificationBook_Air_Force_PB_2014.xml",
        "@RECORDID": "05febd9fd223dc1f11a80359dde784d02467edaef9d2080887a2e6f8da7ed3c9",
        "@ROWID": "3-0c04a2570a9c8db62303918b34648c2c8adc72781eeb935b41fe9447cfd11b15",
        "ItemNameSuffix_val": "",
        "OCO_val": "",
        "@PARENTROWID": "1-97d03e0e400019ec350579ede4209d0604d4f909b66f1a59c71cafc5869bdcd2",
        "@PARENT": "root.record.ItemExhibitList.P5Item.CostElementCategoryList.AncillaryEquipment.Recurring.CostElementList.CostElement"
    },
    {
        "FiscalYear_val": "2016",
        "PCOLocation_val": "AFMC\/AAC",
        "AwardDate_val": "2016-05",
        "FirstDeliveryDate_val": "2017-07",
        "Quantity_val": "150",
        "UnitCost_val": "0.038",
        "SpecsAvailableNow_val": "true",
        "RFPIssueDate_val": "2016-01",
        "ContractMethod_val": "SS",
        "ContractType_val": "FFP",
        "@SOURCE_FILENAME": "2014-BASE_PROCUREMENT-2014-AIRFORCE_AMMUNITION-PROCUREMENT_JustificationBook_Air_Force_PB_2014.zzz_unzipped-PROCUREMENT_JustificationBook_Air_Force_PB_2014.xml",
        "@RECORDID": "05febd9fd223dc1f11a80359dde784d02467edaef9d2080887a2e6f8da7ed3c9",
        "@ROWID": "4-6ea2418b3afdc9602b9969c2a49d0bbc9187e1a504a0dc6e834ebca35724b16e",
        "ItemNameSuffix_val": "",
        "OCO_val": "",
        "@PARENTROWID": "1-97d03e0e400019ec350579ede4209d0604d4f909b66f1a59c71cafc5869bdcd2",
        "@PARENT": "root.record.ItemExhibitList.P5Item.CostElementCategoryList.AncillaryEquipment.Recurring.CostElementList.CostElement"
    },
    {
        "FiscalYear_val": "2017",
        "PCOLocation_val": "AFMC\/AAC",
        "AwardDate_val": "2017-05",
        "FirstDeliveryDate_val": "2018-07",
        "Quantity_val": "130",
        "UnitCost_val": "0.038",
        "SpecsAvailableNow_val": "true",
        "RFPIssueDate_val": "2017-01",
        "ContractMethod_val": "SS",
        "ContractType_val": "FFP",
        "@SOURCE_FILENAME": "2014-BASE_PROCUREMENT-2014-AIRFORCE_AMMUNITION-PROCUREMENT_JustificationBook_Air_Force_PB_2014.zzz_unzipped-PROCUREMENT_JustificationBook_Air_Force_PB_2014.xml",
        "@RECORDID": "05febd9fd223dc1f11a80359dde784d02467edaef9d2080887a2e6f8da7ed3c9",
        "@ROWID": "5-afe97fccc73829df300b738dd491ae8183c7f300a22a737f5073d28e605edffa",
        "ItemNameSuffix_val": "",
        "OCO_val": "",
        "@PARENTROWID": "1-97d03e0e400019ec350579ede4209d0604d4f909b66f1a59c71cafc5869bdcd2",
        "@PARENT": "root.record.ItemExhibitList.P5Item.CostElementCategoryList.AncillaryEquipment.Recurring.CostElementList.CostElement"
    },
    {
        "FiscalYear_val": "2018",
        "PCOLocation_val": "AFMC\/AAC",
        "AwardDate_val": "2018-05",
        "FirstDeliveryDate_val": "2019-07",
        "Quantity_val": "112",
        "UnitCost_val": "0.039",
        "SpecsAvailableNow_val": "true",
        "RFPIssueDate_val": "2018-01",
        "ContractMethod_val": "SS",
        "ContractType_val": "FFP",
        "@SOURCE_FILENAME": "2014-BASE_PROCUREMENT-2014-AIRFORCE_AMMUNITION-PROCUREMENT_JustificationBook_Air_Force_PB_2014.zzz_unzipped-PROCUREMENT_JustificationBook_Air_Force_PB_2014.xml",
        "@RECORDID": "05febd9fd223dc1f11a80359dde784d02467edaef9d2080887a2e6f8da7ed3c9",
        "@ROWID": "6-dd36e012548d40780c784030cd1f0574f4576eb25e23eddc6adc946b181e97a6",
        "ItemNameSuffix_val": "",
        "OCO_val": "",
        "@PARENTROWID": "1-97d03e0e400019ec350579ede4209d0604d4f909b66f1a59c71cafc5869bdcd2",
        "@PARENT": "root.record.ItemExhibitList.P5Item.CostElementCategoryList.AncillaryEquipment.Recurring.CostElementList.CostElement"
    },
    {
        "FiscalYear_val": "2012",
        "PCOLocation_val": "AFMC\/AAC",
        "AwardDate_val": "2012-12",
        "FirstDeliveryDate_val": "2014-02",
        "Quantity_val": "153",
        "UnitCost_val": "0.031",
        "SpecsAvailableNow_val": "true",
        "RFPIssueDate_val": "2012-01",
        "ContractMethod_val": "SS",
        "ContractType_val": "FFP",
        "@SOURCE_FILENAME": "2014-BASE_PROCUREMENT-2014-AIRFORCE_AMMUNITION-PROCUREMENT_MasterJustificationBook_Air_Force_PB_2014.zzz_unzipped-PROCUREMENT_MasterJustificationBook_Air_Force_PB_2014.xml",
        "@RECORDID": "d3d63be9c5c5e719591bcda3447f416bb3b81071cb651f930686a4336f54c10b",
        "@ROWID": "0-01738113b8c98bfedff5a4b4b490e6f2ac4cc69d08ace0c5eba6b3a273f2025e",
        "ItemNameSuffix_val": "",
        "OCO_val": "",
        "@PARENTROWID": "1-5a800bacbff349b9ee2d2f98d4038ac67cbfe54221c8e122667fdc475c6d68eb",
        "@PARENT": "root.record.ItemExhibitList.P5Item.CostElementCategoryList.AncillaryEquipment.Recurring.CostElementList.CostElement"
    },
    {
        "FiscalYear_val": "2013",
        "PCOLocation_val": "AFMC\/AAC",
        "AwardDate_val": "2013-05",
        "FirstDeliveryDate_val": "2014-07",
        "Quantity_val": "123",
        "UnitCost_val": "0.040",
        "SpecsAvailableNow_val": "true",
        "RFPIssueDate_val": "2013-01",
        "ContractMethod_val": "SS",
        "ContractType_val": "FFP",
        "@SOURCE_FILENAME": "2014-BASE_PROCUREMENT-2014-AIRFORCE_AMMUNITION-PROCUREMENT_MasterJustificationBook_Air_Force_PB_2014.zzz_unzipped-PROCUREMENT_MasterJustificationBook_Air_Force_PB_2014.xml",
        "@RECORDID": "d3d63be9c5c5e719591bcda3447f416bb3b81071cb651f930686a4336f54c10b",
        "@ROWID": "1-55d16e66c85a7346809eed53ed0fa745937c07324fa89d844278f91fc693699b",
        "ItemNameSuffix_val": "",
        "OCO_val": "",
        "@PARENTROWID": "1-5a800bacbff349b9ee2d2f98d4038ac67cbfe54221c8e122667fdc475c6d68eb",
        "@PARENT": "root.record.ItemExhibitList.P5Item.CostElementCategoryList.AncillaryEquipment.Recurring.CostElementList.CostElement"
    },
    {
        "FiscalYear_val": "2014",
        "PCOLocation_val": "AFMC\/AAC",
        "AwardDate_val": "2014-05",
        "FirstDeliveryDate_val": "2015-07",
        "Quantity_val": "148",
        "UnitCost_val": "0.036",
        "SpecsAvailableNow_val": "true",
        "RFPIssueDate_val": "2014-01",
        "ContractMethod_val": "SS",
        "ContractType_val": "FFP",
        "@SOURCE_FILENAME": "2014-BASE_PROCUREMENT-2014-AIRFORCE_AMMUNITION-PROCUREMENT_MasterJustificationBook_Air_Force_PB_2014.zzz_unzipped-PROCUREMENT_MasterJustificationBook_Air_Force_PB_2014.xml",
        "@RECORDID": "d3d63be9c5c5e719591bcda3447f416bb3b81071cb651f930686a4336f54c10b",
        "@ROWID": "2-cc2666e43ee5a38ac0c5a7b16dcf5b4ce50e430c2795e5f6dc71a9d4a6bab9d2",
        "ItemNameSuffix_val": "",
        "OCO_val": "",
        "@PARENTROWID": "1-5a800bacbff349b9ee2d2f98d4038ac67cbfe54221c8e122667fdc475c6d68eb",
        "@PARENT": "root.record.ItemExhibitList.P5Item.CostElementCategoryList.AncillaryEquipment.Recurring.CostElementList.CostElement"
    },
    {
        "FiscalYear_val": "2015",
        "PCOLocation_val": "AFMC\/AAC",
        "AwardDate_val": "2015-05",
        "FirstDeliveryDate_val": "2016-07",
        "Quantity_val": "150",
        "UnitCost_val": "0.037",
        "SpecsAvailableNow_val": "true",
        "RFPIssueDate_val": "2015-01",
        "ContractMethod_val": "SS",
        "ContractType_val": "FFP",
        "@SOURCE_FILENAME": "2014-BASE_PROCUREMENT-2014-AIRFORCE_AMMUNITION-PROCUREMENT_MasterJustificationBook_Air_Force_PB_2014.zzz_unzipped-PROCUREMENT_MasterJustificationBook_Air_Force_PB_2014.xml",
        "@RECORDID": "d3d63be9c5c5e719591bcda3447f416bb3b81071cb651f930686a4336f54c10b",
        "@ROWID": "3-6211c8390c722443d6598e8c627bca07becde806a51e5937f85d1cae0fc0e798",
        "ItemNameSuffix_val": "",
        "OCO_val": "",
        "@PARENTROWID": "1-5a800bacbff349b9ee2d2f98d4038ac67cbfe54221c8e122667fdc475c6d68eb",
        "@PARENT": "root.record.ItemExhibitList.P5Item.CostElementCategoryList.AncillaryEquipment.Recurring.CostElementList.CostElement"
    },
    {
        "FiscalYear_val": "2016",
        "PCOLocation_val": "AFMC\/AAC",
        "AwardDate_val": "2016-05",
        "FirstDeliveryDate_val": "2017-07",
        "Quantity_val": "150",
        "UnitCost_val": "0.038",
        "SpecsAvailableNow_val": "true",
        "RFPIssueDate_val": "2016-01",
        "ContractMethod_val": "SS",
        "ContractType_val": "FFP",
        "@SOURCE_FILENAME": "2014-BASE_PROCUREMENT-2014-AIRFORCE_AMMUNITION-PROCUREMENT_MasterJustificationBook_Air_Force_PB_2014.zzz_unzipped-PROCUREMENT_MasterJustificationBook_Air_Force_PB_2014.xml",
        "@RECORDID": "d3d63be9c5c5e719591bcda3447f416bb3b81071cb651f930686a4336f54c10b",
        "@ROWID": "4-fdb3f534419430e086ca77679794ae896e9f7a712d6d8ce3c6fbfed1c26c1500",
        "ItemNameSuffix_val": "",
        "OCO_val": "",
        "@PARENTROWID": "1-5a800bacbff349b9ee2d2f98d4038ac67cbfe54221c8e122667fdc475c6d68eb",
        "@PARENT": "root.record.ItemExhibitList.P5Item.CostElementCategoryList.AncillaryEquipment.Recurring.CostElementList.CostElement"
    },
    {
        "FiscalYear_val": "2017",
        "PCOLocation_val": "AFMC\/AAC",
        "AwardDate_val": "2017-05",
        "FirstDeliveryDate_val": "2018-07",
        "Quantity_val": "130",
        "UnitCost_val": "0.038",
        "SpecsAvailableNow_val": "true",
        "RFPIssueDate_val": "2017-01",
        "ContractMethod_val": "SS",
        "ContractType_val": "FFP",
        "@SOURCE_FILENAME": "2014-BASE_PROCUREMENT-2014-AIRFORCE_AMMUNITION-PROCUREMENT_MasterJustificationBook_Air_Force_PB_2014.zzz_unzipped-PROCUREMENT_MasterJustificationBook_Air_Force_PB_2014.xml",
        "@RECORDID": "d3d63be9c5c5e719591bcda3447f416bb3b81071cb651f930686a4336f54c10b",
        "@ROWID": "5-9e163f4a2319963fd21ae3925f7d0cf5cf64f8901bbb9efd4d284f5a4500d1bc",
        "ItemNameSuffix_val": "",
        "OCO_val": "",
        "@PARENTROWID": "1-5a800bacbff349b9ee2d2f98d4038ac67cbfe54221c8e122667fdc475c6d68eb",
        "@PARENT": "root.record.ItemExhibitList.P5Item.CostElementCategoryList.AncillaryEquipment.Recurring.CostElementList.CostElement"
    },
    {
        "FiscalYear_val": "2018",
        "PCOLocation_val": "AFMC\/AAC",
        "AwardDate_val": "2018-05",
        "FirstDeliveryDate_val": "2019-07",
        "Quantity_val": "112",
        "UnitCost_val": "0.039",
        "SpecsAvailableNow_val": "true",
        "RFPIssueDate_val": "2018-01",
        "ContractMethod_val": "SS",
        "ContractType_val": "FFP",
        "@SOURCE_FILENAME": "2014-BASE_PROCUREMENT-2014-AIRFORCE_AMMUNITION-PROCUREMENT_MasterJustificationBook_Air_Force_PB_2014.zzz_unzipped-PROCUREMENT_MasterJustificationBook_Air_Force_PB_2014.xml",
        "@RECORDID": "d3d63be9c5c5e719591bcda3447f416bb3b81071cb651f930686a4336f54c10b",
        "@ROWID": "6-16fa0ec9b81ed92b28fddfdf2f62d7ff7269e7359f2ffa3edd63de4610162d75",
        "ItemNameSuffix_val": "",
        "OCO_val": "",
        "@PARENTROWID": "1-5a800bacbff349b9ee2d2f98d4038ac67cbfe54221c8e122667fdc475c6d68eb",
        "@PARENT": "root.record.ItemExhibitList.P5Item.CostElementCategoryList.AncillaryEquipment.Recurring.CostElementList.CostElement"
    },
    {
        "FiscalYear_val": "2012",
        "PCOLocation_val": "AFMC\/AAC",
        "AwardDate_val": "2012-12",
        "FirstDeliveryDate_val": "2014-02",
        "Quantity_val": "153",
        "UnitCost_val": "0.031",
        "SpecsAvailableNow_val": "true",
        "RFPIssueDate_val": "2012-01",
        "ContractMethod_val": "SS",
        "ContractType_val": "FFP",
        "@SOURCE_FILENAME": "2014-AMENDED_PROCUREMENT_AND_RDTE-2014-AIRFORCE_AMMO-PROCUREMENT_JustificationBook_Air_Force_PBAmended_2014.zzz_unzipped-PROCUREMENT_JustificationBook_Air_Force_PBAmended_2014.xml",
        "@RECORDID": "b5d40cd233de64231545e67fe364fbbc249db0c95ca4e5837fddfdfe82c10532",
        "@ROWID": "0-2c51b4c8d23529907f8fe4b192114ca4601e56fc58930e49b4ad1de35be5b16e",
        "ItemNameSuffix_val": "",
        "OCO_val": "",
        "@PARENTROWID": "1-d43958d6720239324bfe384cfb0f1f8554ae1ade81d3784320d79a06d69684b7",
        "@PARENT": "root.record.ItemExhibitList.P5Item.CostElementCategoryList.AncillaryEquipment.Recurring.CostElementList.CostElement"
    },
    {
        "FiscalYear_val": "2013",
        "PCOLocation_val": "AFMC\/AAC",
        "AwardDate_val": "2013-05",
        "FirstDeliveryDate_val": "2014-07",
        "Quantity_val": "123",
        "UnitCost_val": "0.040",
        "SpecsAvailableNow_val": "true",
        "RFPIssueDate_val": "2013-01",
        "ContractMethod_val": "SS",
        "ContractType_val": "FFP",
        "@SOURCE_FILENAME": "2014-AMENDED_PROCUREMENT_AND_RDTE-2014-AIRFORCE_AMMO-PROCUREMENT_JustificationBook_Air_Force_PBAmended_2014.zzz_unzipped-PROCUREMENT_JustificationBook_Air_Force_PBAmended_2014.xml",
        "@RECORDID": "b5d40cd233de64231545e67fe364fbbc249db0c95ca4e5837fddfdfe82c10532",
        "@ROWID": "1-7ff10628139e15cc5e725c6d60662d263c78675c6a5ce8b37fa3b82a511d6b53",
        "ItemNameSuffix_val": "",
        "OCO_val": "",
        "@PARENTROWID": "1-d43958d6720239324bfe384cfb0f1f8554ae1ade81d3784320d79a06d69684b7",
        "@PARENT": "root.record.ItemExhibitList.P5Item.CostElementCategoryList.AncillaryEquipment.Recurring.CostElementList.CostElement"
    },
    {
        "FiscalYear_val": "2014",
        "PCOLocation_val": "AFMC\/AAC",
        "AwardDate_val": "2014-05",
        "FirstDeliveryDate_val": "2015-07",
        "Quantity_val": "148",
        "UnitCost_val": "0.036",
        "SpecsAvailableNow_val": "true",
        "RFPIssueDate_val": "2014-01",
        "ContractMethod_val": "SS",
        "ContractType_val": "FFP",
        "@SOURCE_FILENAME": "2014-AMENDED_PROCUREMENT_AND_RDTE-2014-AIRFORCE_AMMO-PROCUREMENT_JustificationBook_Air_Force_PBAmended_2014.zzz_unzipped-PROCUREMENT_JustificationBook_Air_Force_PBAmended_2014.xml",
        "@RECORDID": "b5d40cd233de64231545e67fe364fbbc249db0c95ca4e5837fddfdfe82c10532",
        "@ROWID": "2-f4074eafede7859e7fc1a85830916ef400790d8b5f6331e5ddb4d9a4f29d71de",
        "ItemNameSuffix_val": "",
        "OCO_val": "",
        "@PARENTROWID": "1-d43958d6720239324bfe384cfb0f1f8554ae1ade81d3784320d79a06d69684b7",
        "@PARENT": "root.record.ItemExhibitList.P5Item.CostElementCategoryList.AncillaryEquipment.Recurring.CostElementList.CostElement"
    },
    {
        "FiscalYear_val": "2015",
        "PCOLocation_val": "AFMC\/AAC",
        "AwardDate_val": "2015-05",
        "FirstDeliveryDate_val": "2016-07",
        "Quantity_val": "150",
        "UnitCost_val": "0.037",
        "SpecsAvailableNow_val": "true",
        "RFPIssueDate_val": "2015-01",
        "ContractMethod_val": "SS",
        "ContractType_val": "FFP",
        "@SOURCE_FILENAME": "2014-AMENDED_PROCUREMENT_AND_RDTE-2014-AIRFORCE_AMMO-PROCUREMENT_JustificationBook_Air_Force_PBAmended_2014.zzz_unzipped-PROCUREMENT_JustificationBook_Air_Force_PBAmended_2014.xml",
        "@RECORDID": "b5d40cd233de64231545e67fe364fbbc249db0c95ca4e5837fddfdfe82c10532",
        "@ROWID": "3-f770fa8119e3eab2b91ef17c33192b3d137ef4017e2384c4d8ca7dc96e5032c6",
        "ItemNameSuffix_val": "",
        "OCO_val": "",
        "@PARENTROWID": "1-d43958d6720239324bfe384cfb0f1f8554ae1ade81d3784320d79a06d69684b7",
        "@PARENT": "root.record.ItemExhibitList.P5Item.CostElementCategoryList.AncillaryEquipment.Recurring.CostElementList.CostElement"
    },
    {
        "FiscalYear_val": "2016",
        "PCOLocation_val": "AFMC\/AAC",
        "AwardDate_val": "2016-05",
        "FirstDeliveryDate_val": "2017-07",
        "Quantity_val": "150",
        "UnitCost_val": "0.038",
        "SpecsAvailableNow_val": "true",
        "RFPIssueDate_val": "2016-01",
        "ContractMethod_val": "SS",
        "ContractType_val": "FFP",
        "@SOURCE_FILENAME": "2014-AMENDED_PROCUREMENT_AND_RDTE-2014-AIRFORCE_AMMO-PROCUREMENT_JustificationBook_Air_Force_PBAmended_2014.zzz_unzipped-PROCUREMENT_JustificationBook_Air_Force_PBAmended_2014.xml",
        "@RECORDID": "b5d40cd233de64231545e67fe364fbbc249db0c95ca4e5837fddfdfe82c10532",
        "@ROWID": "4-db09f0d7779a9e89836d2cdee77c2a9709a958e4ee7131d73b8055a0d7980156",
        "ItemNameSuffix_val": "",
        "OCO_val": "",
        "@PARENTROWID": "1-d43958d6720239324bfe384cfb0f1f8554ae1ade81d3784320d79a06d69684b7",
        "@PARENT": "root.record.ItemExhibitList.P5Item.CostElementCategoryList.AncillaryEquipment.Recurring.CostElementList.CostElement"
    },
    {
        "FiscalYear_val": "2017",
        "PCOLocation_val": "AFMC\/AAC",
        "AwardDate_val": "2017-05",
        "FirstDeliveryDate_val": "2018-07",
        "Quantity_val": "130",
        "UnitCost_val": "0.038",
        "SpecsAvailableNow_val": "true",
        "RFPIssueDate_val": "2017-01",
        "ContractMethod_val": "SS",
        "ContractType_val": "FFP",
        "@SOURCE_FILENAME": "2014-AMENDED_PROCUREMENT_AND_RDTE-2014-AIRFORCE_AMMO-PROCUREMENT_JustificationBook_Air_Force_PBAmended_2014.zzz_unzipped-PROCUREMENT_JustificationBook_Air_Force_PBAmended_2014.xml",
        "@RECORDID": "b5d40cd233de64231545e67fe364fbbc249db0c95ca4e5837fddfdfe82c10532",
        "@ROWID": "5-cc76b82507322a1def02dbf8cb4e833453e7c1fbd252c0bda47210a503313653",
        "ItemNameSuffix_val": "",
        "OCO_val": "",
        "@PARENTROWID": "1-d43958d6720239324bfe384cfb0f1f8554ae1ade81d3784320d79a06d69684b7",
        "@PARENT": "root.record.ItemExhibitList.P5Item.CostElementCategoryList.AncillaryEquipment.Recurring.CostElementList.CostElement"
    },
    {
        "FiscalYear_val": "2018",
        "PCOLocation_val": "AFMC\/AAC",
        "AwardDate_val": "2018-05",
        "FirstDeliveryDate_val": "2019-07",
        "Quantity_val": "112",
        "UnitCost_val": "0.039",
        "SpecsAvailableNow_val": "true",
        "RFPIssueDate_val": "2018-01",
        "ContractMethod_val": "SS",
        "ContractType_val": "FFP",
        "@SOURCE_FILENAME": "2014-AMENDED_PROCUREMENT_AND_RDTE-2014-AIRFORCE_AMMO-PROCUREMENT_JustificationBook_Air_Force_PBAmended_2014.zzz_unzipped-PROCUREMENT_JustificationBook_Air_Force_PBAmended_2014.xml",
        "@RECORDID": "b5d40cd233de64231545e67fe364fbbc249db0c95ca4e5837fddfdfe82c10532",
        "@ROWID": "6-b19519ea15d3b851a778c0cc628e2cfd787d663e749d4a0ff1d111a9d3f628c1",
        "ItemNameSuffix_val": "",
        "OCO_val": "",
        "@PARENTROWID": "1-d43958d6720239324bfe384cfb0f1f8554ae1ade81d3784320d79a06d69684b7",
        "@PARENT": "root.record.ItemExhibitList.P5Item.CostElementCategoryList.AncillaryEquipment.Recurring.CostElementList.CostElement"
    },
    {
        "FiscalYear_val": "2012",
        "PCOLocation_val": "AFMC\/AAC",
        "AwardDate_val": "2012-12",
        "FirstDeliveryDate_val": "2014-02",
        "Quantity_val": "153",
        "UnitCost_val": "0.031",
        "SpecsAvailableNow_val": "true",
        "RFPIssueDate_val": "2012-01",
        "ContractMethod_val": "SS",
        "ContractType_val": "FFP",
        "@SOURCE_FILENAME": "2014-AMENDED_PROCUREMENT_AND_RDTE-2014-AIRFORCE_AMMO-PROCUREMENT_MasterJustificationBook_Air_Force_PBAmended_2014.zzz_unzipped-PROCUREMENT_MasterJustificationBook_Air_Force_PBAmended_2014.xml",
        "@RECORDID": "7d938e4bebe0116d387e87da841f248e2a796a3e07f06980627bf00afbe6b4f4",
        "@ROWID": "0-c60282206c913ef710e6ac283c483b57134170c267aefd0cac13b62a39010bac",
        "ItemNameSuffix_val": "",
        "OCO_val": "",
        "@PARENTROWID": "1-884f5746f1ca985f3e9f54aff3a93d024debb70b36dd6e748023c22143469b1e",
        "@PARENT": "root.record.ItemExhibitList.P5Item.CostElementCategoryList.AncillaryEquipment.Recurring.CostElementList.CostElement"
    },
    {
        "FiscalYear_val": "2013",
        "PCOLocation_val": "AFMC\/AAC",
        "AwardDate_val": "2013-05",
        "FirstDeliveryDate_val": "2014-07",
        "Quantity_val": "123",
        "UnitCost_val": "0.040",
        "SpecsAvailableNow_val": "true",
        "RFPIssueDate_val": "2013-01",
        "ContractMethod_val": "SS",
        "ContractType_val": "FFP",
        "@SOURCE_FILENAME": "2014-AMENDED_PROCUREMENT_AND_RDTE-2014-AIRFORCE_AMMO-PROCUREMENT_MasterJustificationBook_Air_Force_PBAmended_2014.zzz_unzipped-PROCUREMENT_MasterJustificationBook_Air_Force_PBAmended_2014.xml",
        "@RECORDID": "7d938e4bebe0116d387e87da841f248e2a796a3e07f06980627bf00afbe6b4f4",
        "@ROWID": "1-e00f4e18f3301d705088a8ab7210dfefedee86352ad31d2a5192c933e0ca5015",
        "ItemNameSuffix_val": "",
        "OCO_val": "",
        "@PARENTROWID": "1-884f5746f1ca985f3e9f54aff3a93d024debb70b36dd6e748023c22143469b1e",
        "@PARENT": "root.record.ItemExhibitList.P5Item.CostElementCategoryList.AncillaryEquipment.Recurring.CostElementList.CostElement"
    },
    {
        "FiscalYear_val": "2014",
        "PCOLocation_val": "AFMC\/AAC",
        "AwardDate_val": "2014-05",
        "FirstDeliveryDate_val": "2015-07",
        "Quantity_val": "148",
        "UnitCost_val": "0.036",
        "SpecsAvailableNow_val": "true",
        "RFPIssueDate_val": "2014-01",
        "ContractMethod_val": "SS",
        "ContractType_val": "FFP",
        "@SOURCE_FILENAME": "2014-AMENDED_PROCUREMENT_AND_RDTE-2014-AIRFORCE_AMMO-PROCUREMENT_MasterJustificationBook_Air_Force_PBAmended_2014.zzz_unzipped-PROCUREMENT_MasterJustificationBook_Air_Force_PBAmended_2014.xml",
        "@RECORDID": "7d938e4bebe0116d387e87da841f248e2a796a3e07f06980627bf00afbe6b4f4",
        "@ROWID": "2-43ae50c14ff2c29d3187a1ecb1d2f35fe33de235cabda54b42e5b81a3d90569a",
        "ItemNameSuffix_val": "",
        "OCO_val": "",
        "@PARENTROWID": "1-884f5746f1ca985f3e9f54aff3a93d024debb70b36dd6e748023c22143469b1e",
        "@PARENT": "root.record.ItemExhibitList.P5Item.CostElementCategoryList.AncillaryEquipment.Recurring.CostElementList.CostElement"
    },
    {
        "FiscalYear_val": "2015",
        "PCOLocation_val": "AFMC\/AAC",
        "AwardDate_val": "2015-05",
        "FirstDeliveryDate_val": "2016-07",
        "Quantity_val": "150",
        "UnitCost_val": "0.037",
        "SpecsAvailableNow_val": "true",
        "RFPIssueDate_val": "2015-01",
        "ContractMethod_val": "SS",
        "ContractType_val": "FFP",
        "@SOURCE_FILENAME": "2014-AMENDED_PROCUREMENT_AND_RDTE-2014-AIRFORCE_AMMO-PROCUREMENT_MasterJustificationBook_Air_Force_PBAmended_2014.zzz_unzipped-PROCUREMENT_MasterJustificationBook_Air_Force_PBAmended_2014.xml",
        "@RECORDID": "7d938e4bebe0116d387e87da841f248e2a796a3e07f06980627bf00afbe6b4f4",
        "@ROWID": "3-031f810e1e0a5154637a609f9371e846a1a340ae9a4a5d2e43a81770555fb503",
        "ItemNameSuffix_val": "",
        "OCO_val": "",
        "@PARENTROWID": "1-884f5746f1ca985f3e9f54aff3a93d024debb70b36dd6e748023c22143469b1e",
        "@PARENT": "root.record.ItemExhibitList.P5Item.CostElementCategoryList.AncillaryEquipment.Recurring.CostElementList.CostElement"
    },
    {
        "FiscalYear_val": "2016",
        "PCOLocation_val": "AFMC\/AAC",
        "AwardDate_val": "2016-05",
        "FirstDeliveryDate_val": "2017-07",
        "Quantity_val": "150",
        "UnitCost_val": "0.038",
        "SpecsAvailableNow_val": "true",
        "RFPIssueDate_val": "2016-01",
        "ContractMethod_val": "SS",
        "ContractType_val": "FFP",
        "@SOURCE_FILENAME": "2014-AMENDED_PROCUREMENT_AND_RDTE-2014-AIRFORCE_AMMO-PROCUREMENT_MasterJustificationBook_Air_Force_PBAmended_2014.zzz_unzipped-PROCUREMENT_MasterJustificationBook_Air_Force_PBAmended_2014.xml",
        "@RECORDID": "7d938e4bebe0116d387e87da841f248e2a796a3e07f06980627bf00afbe6b4f4",
        "@ROWID": "4-6dbeb1080f962a95aab68e8f45f11507111c63c58ae133506c16102ac63f0958",
        "ItemNameSuffix_val": "",
        "OCO_val": "",
        "@PARENTROWID": "1-884f5746f1ca985f3e9f54aff3a93d024debb70b36dd6e748023c22143469b1e",
        "@PARENT": "root.record.ItemExhibitList.P5Item.CostElementCategoryList.AncillaryEquipment.Recurring.CostElementList.CostElement"
    },
    {
        "FiscalYear_val": "2017",
        "PCOLocation_val": "AFMC\/AAC",
        "AwardDate_val": "2017-05",
        "FirstDeliveryDate_val": "2018-07",
        "Quantity_val": "130",
        "UnitCost_val": "0.038",
        "SpecsAvailableNow_val": "true",
        "RFPIssueDate_val": "2017-01",
        "ContractMethod_val": "SS",
        "ContractType_val": "FFP",
        "@SOURCE_FILENAME": "2014-AMENDED_PROCUREMENT_AND_RDTE-2014-AIRFORCE_AMMO-PROCUREMENT_MasterJustificationBook_Air_Force_PBAmended_2014.zzz_unzipped-PROCUREMENT_MasterJustificationBook_Air_Force_PBAmended_2014.xml",
        "@RECORDID": "7d938e4bebe0116d387e87da841f248e2a796a3e07f06980627bf00afbe6b4f4",
        "@ROWID": "5-1f94f0fa8e49726a371287a7b1ee6b326b058bec558b99e3a06e44c2cce0bd55",
        "ItemNameSuffix_val": "",
        "OCO_val": "",
        "@PARENTROWID": "1-884f5746f1ca985f3e9f54aff3a93d024debb70b36dd6e748023c22143469b1e",
        "@PARENT": "root.record.ItemExhibitList.P5Item.CostElementCategoryList.AncillaryEquipment.Recurring.CostElementList.CostElement"
    },
    {
        "FiscalYear_val": "2018",
        "PCOLocation_val": "AFMC\/AAC",
        "AwardDate_val": "2018-05",
        "FirstDeliveryDate_val": "2019-07",
        "Quantity_val": "112",
        "UnitCost_val": "0.039",
        "SpecsAvailableNow_val": "true",
        "RFPIssueDate_val": "2018-01",
        "ContractMethod_val": "SS",
        "ContractType_val": "FFP",
        "@SOURCE_FILENAME": "2014-AMENDED_PROCUREMENT_AND_RDTE-2014-AIRFORCE_AMMO-PROCUREMENT_MasterJustificationBook_Air_Force_PBAmended_2014.zzz_unzipped-PROCUREMENT_MasterJustificationBook_Air_Force_PBAmended_2014.xml",
        "@RECORDID": "7d938e4bebe0116d387e87da841f248e2a796a3e07f06980627bf00afbe6b4f4",
        "@ROWID": "6-00d76171582fd4a3948f4ad471743f28437b869b6db03cc6bcdc1d770e15c259",
        "ItemNameSuffix_val": "",
        "OCO_val": "",
        "@PARENTROWID": "1-884f5746f1ca985f3e9f54aff3a93d024debb70b36dd6e748023c22143469b1e",
        "@PARENT": "root.record.ItemExhibitList.P5Item.CostElementCategoryList.AncillaryEquipment.Recurring.CostElementList.CostElement"
    },
    {
        "FiscalYear_val": "2013",
        "PCOLocation_val": "AFMC\/AAC",
        "AwardDate_val": "2013-05",
        "FirstDeliveryDate_val": "2014-07",
        "Quantity_val": "100",
        "UnitCost_val": "0.035",
        "SpecsAvailableNow_val": "true",
        "RFPIssueDate_val": "2013-01",
        "ContractMethod_val": "SS",
        "ContractType_val": "FFP",
        "@SOURCE_FILENAME": "2015-BASE_PROCUREMENT-2015-AIRFORCE_AMMUNITION-PROCUREMENT_JustificationBook_Air_Force_PB_2015.zzz_unzipped-PROCUREMENT_JustificationBook_Air_Force_PB_2015.xml",
        "@RECORDID": "33b5cea1fb235d4089de81a288121044165990e1922943a27750f1b6724988c5",
        "@ROWID": "0-8e49602dd210e47d991eda279fa719cb4b0084fa125f04c864a67e52a88581e6",
        "ItemNameSuffix_val": "",
        "OCO_val": "",
        "@PARENTROWID": "1-9668a471d9e7aa870f62c152ca43dcc78bf1d85eb256e5f3e83a325668c117ea",
        "@PARENT": "root.record.ItemExhibitList.P5Item.CostElementCategoryList.AncillaryEquipment.Recurring.CostElementList.CostElement"
    },
    {
        "FiscalYear_val": "2015",
        "PCOLocation_val": "AFMC\/AAC",
        "AwardDate_val": "2015-05",
        "FirstDeliveryDate_val": "2016-07",
        "Quantity_val": "150",
        "UnitCost_val": "0.037",
        "SpecsAvailableNow_val": "true",
        "RFPIssueDate_val": "2015-01",
        "ContractMethod_val": "SS",
        "ContractType_val": "FFP",
        "@SOURCE_FILENAME": "2015-BASE_PROCUREMENT-2015-AIRFORCE_AMMUNITION-PROCUREMENT_JustificationBook_Air_Force_PB_2015.zzz_unzipped-PROCUREMENT_JustificationBook_Air_Force_PB_2015.xml",
        "@RECORDID": "33b5cea1fb235d4089de81a288121044165990e1922943a27750f1b6724988c5",
        "@ROWID": "1-41ea7771ff5db6cca9989c32794104b933207bfccba5b577313da83c50b77384",
        "ItemNameSuffix_val": "",
        "OCO_val": "",
        "@PARENTROWID": "1-9668a471d9e7aa870f62c152ca43dcc78bf1d85eb256e5f3e83a325668c117ea",
        "@PARENT": "root.record.ItemExhibitList.P5Item.CostElementCategoryList.AncillaryEquipment.Recurring.CostElementList.CostElement"
    },
    {
        "FiscalYear_val": "2016",
        "PCOLocation_val": "AFMC\/AAC",
        "AwardDate_val": "2016-05",
        "FirstDeliveryDate_val": "2017-07",
        "Quantity_val": "150",
        "UnitCost_val": "0.038",
        "SpecsAvailableNow_val": "true",
        "RFPIssueDate_val": "2016-01",
        "ContractMethod_val": "SS",
        "ContractType_val": "FFP",
        "@SOURCE_FILENAME": "2015-BASE_PROCUREMENT-2015-AIRFORCE_AMMUNITION-PROCUREMENT_JustificationBook_Air_Force_PB_2015.zzz_unzipped-PROCUREMENT_JustificationBook_Air_Force_PB_2015.xml",
        "@RECORDID": "33b5cea1fb235d4089de81a288121044165990e1922943a27750f1b6724988c5",
        "@ROWID": "2-ebd1a0a2e0e2c7dc826f8a36c4e3574be915c723ee210aeb7c0e466c8c83bddf",
        "ItemNameSuffix_val": "",
        "OCO_val": "",
        "@PARENTROWID": "1-9668a471d9e7aa870f62c152ca43dcc78bf1d85eb256e5f3e83a325668c117ea",
        "@PARENT": "root.record.ItemExhibitList.P5Item.CostElementCategoryList.AncillaryEquipment.Recurring.CostElementList.CostElement"
    },
    {
        "FiscalYear_val": "2017",
        "PCOLocation_val": "AFMC\/AAC",
        "AwardDate_val": "2017-05",
        "FirstDeliveryDate_val": "2018-07",
        "Quantity_val": "130",
        "UnitCost_val": "0.039",
        "SpecsAvailableNow_val": "true",
        "RFPIssueDate_val": "2017-01",
        "ContractMethod_val": "SS",
        "ContractType_val": "FFP",
        "@SOURCE_FILENAME": "2015-BASE_PROCUREMENT-2015-AIRFORCE_AMMUNITION-PROCUREMENT_JustificationBook_Air_Force_PB_2015.zzz_unzipped-PROCUREMENT_JustificationBook_Air_Force_PB_2015.xml",
        "@RECORDID": "33b5cea1fb235d4089de81a288121044165990e1922943a27750f1b6724988c5",
        "@ROWID": "3-1ecc7fd1861010bd3cb36a5e3e3d8f662c8eb120877142810aa37f94787d49a8",
        "ItemNameSuffix_val": "",
        "OCO_val": "",
        "@PARENTROWID": "1-9668a471d9e7aa870f62c152ca43dcc78bf1d85eb256e5f3e83a325668c117ea",
        "@PARENT": "root.record.ItemExhibitList.P5Item.CostElementCategoryList.AncillaryEquipment.Recurring.CostElementList.CostElement"
    },
    {
        "FiscalYear_val": "2018",
        "PCOLocation_val": "AFMC\/AAC",
        "AwardDate_val": "2018-05",
        "FirstDeliveryDate_val": "2019-07",
        "Quantity_val": "112",
        "UnitCost_val": "0.039",
        "SpecsAvailableNow_val": "true",
        "RFPIssueDate_val": "2018-01",
        "ContractMethod_val": "SS",
        "ContractType_val": "FFP",
        "@SOURCE_FILENAME": "2015-BASE_PROCUREMENT-2015-AIRFORCE_AMMUNITION-PROCUREMENT_JustificationBook_Air_Force_PB_2015.zzz_unzipped-PROCUREMENT_JustificationBook_Air_Force_PB_2015.xml",
        "@RECORDID": "33b5cea1fb235d4089de81a288121044165990e1922943a27750f1b6724988c5",
        "@ROWID": "4-b83e7dde83b02feca6aae4a948dff269fb3ee9275308125a4d9d3fe0e5c17c04",
        "ItemNameSuffix_val": "",
        "OCO_val": "",
        "@PARENTROWID": "1-9668a471d9e7aa870f62c152ca43dcc78bf1d85eb256e5f3e83a325668c117ea",
        "@PARENT": "root.record.ItemExhibitList.P5Item.CostElementCategoryList.AncillaryEquipment.Recurring.CostElementList.CostElement"
    },
    {
        "FiscalYear_val": "2019",
        "PCOLocation_val": "AFMC\/AAC",
        "AwardDate_val": "2019-05",
        "FirstDeliveryDate_val": "2020-07",
        "Quantity_val": "112",
        "UnitCost_val": "0.040",
        "SpecsAvailableNow_val": "true",
        "RFPIssueDate_val": "2019-01",
        "ContractMethod_val": "SS",
        "ContractType_val": "FFP",
        "@SOURCE_FILENAME": "2015-BASE_PROCUREMENT-2015-AIRFORCE_AMMUNITION-PROCUREMENT_JustificationBook_Air_Force_PB_2015.zzz_unzipped-PROCUREMENT_JustificationBook_Air_Force_PB_2015.xml",
        "@RECORDID": "33b5cea1fb235d4089de81a288121044165990e1922943a27750f1b6724988c5",
        "@ROWID": "5-e393122bf070396467e9d6d9fbde7988dace72c477c14e28d1e3a07d21a3bd13",
        "ItemNameSuffix_val": "",
        "OCO_val": "",
        "@PARENTROWID": "1-9668a471d9e7aa870f62c152ca43dcc78bf1d85eb256e5f3e83a325668c117ea",
        "@PARENT": "root.record.ItemExhibitList.P5Item.CostElementCategoryList.AncillaryEquipment.Recurring.CostElementList.CostElement"
    },
    {
        "FiscalYear_val": "2013",
        "PCOLocation_val": "AFMC\/AAC",
        "AwardDate_val": "2013-05",
        "FirstDeliveryDate_val": "2014-07",
        "Quantity_val": "100",
        "UnitCost_val": "0.035",
        "SpecsAvailableNow_val": "true",
        "RFPIssueDate_val": "2013-01",
        "ContractMethod_val": "SS",
        "ContractType_val": "FFP",
        "@SOURCE_FILENAME": "2015-BASE_PROCUREMENT-2015-AIRFORCE_AMMUNITION-PROCUREMENT_MasterJustificationBook_Air_Force_PB_2015.zzz_unzipped-PROCUREMENT_MasterJustificationBook_Air_Force_PB_2015.xml",
        "@RECORDID": "c0e2bedccbbf63fd4c05d9426033baf39171382e7134dc3349216570b33b556e",
        "@ROWID": "0-e8bf4e439018a490942c72333430b738e36b1810df5c81ce179235c95f4df8a5",
        "ItemNameSuffix_val": "",
        "OCO_val": "",
        "@PARENTROWID": "1-fbf3f8dceb4b87e30bb0f74eeb8e780686bc4e40f6497bcc8981f058d51a8b11",
        "@PARENT": "root.record.ItemExhibitList.P5Item.CostElementCategoryList.AncillaryEquipment.Recurring.CostElementList.CostElement"
    },
    {
        "FiscalYear_val": "2015",
        "PCOLocation_val": "AFMC\/AAC",
        "AwardDate_val": "2015-05",
        "FirstDeliveryDate_val": "2016-07",
        "Quantity_val": "150",
        "UnitCost_val": "0.037",
        "SpecsAvailableNow_val": "true",
        "RFPIssueDate_val": "2015-01",
        "ContractMethod_val": "SS",
        "ContractType_val": "FFP",
        "@SOURCE_FILENAME": "2015-BASE_PROCUREMENT-2015-AIRFORCE_AMMUNITION-PROCUREMENT_MasterJustificationBook_Air_Force_PB_2015.zzz_unzipped-PROCUREMENT_MasterJustificationBook_Air_Force_PB_2015.xml",
        "@RECORDID": "c0e2bedccbbf63fd4c05d9426033baf39171382e7134dc3349216570b33b556e",
        "@ROWID": "1-4593c68e3a5b8f506c7bd05d4c821fdd0c6ef47dc925085ec438916df70fc95b",
        "ItemNameSuffix_val": "",
        "OCO_val": "",
        "@PARENTROWID": "1-fbf3f8dceb4b87e30bb0f74eeb8e780686bc4e40f6497bcc8981f058d51a8b11",
        "@PARENT": "root.record.ItemExhibitList.P5Item.CostElementCategoryList.AncillaryEquipment.Recurring.CostElementList.CostElement"
    },
    {
        "FiscalYear_val": "2016",
        "PCOLocation_val": "AFMC\/AAC",
        "AwardDate_val": "2016-05",
        "FirstDeliveryDate_val": "2017-07",
        "Quantity_val": "150",
        "UnitCost_val": "0.038",
        "SpecsAvailableNow_val": "true",
        "RFPIssueDate_val": "2016-01",
        "ContractMethod_val": "SS",
        "ContractType_val": "FFP",
        "@SOURCE_FILENAME": "2015-BASE_PROCUREMENT-2015-AIRFORCE_AMMUNITION-PROCUREMENT_MasterJustificationBook_Air_Force_PB_2015.zzz_unzipped-PROCUREMENT_MasterJustificationBook_Air_Force_PB_2015.xml",
        "@RECORDID": "c0e2bedccbbf63fd4c05d9426033baf39171382e7134dc3349216570b33b556e",
        "@ROWID": "2-c8ddd916082637dfdf713192c269c72a375be0f67bd023f850fd94a89e861dff",
        "ItemNameSuffix_val": "",
        "OCO_val": "",
        "@PARENTROWID": "1-fbf3f8dceb4b87e30bb0f74eeb8e780686bc4e40f6497bcc8981f058d51a8b11",
        "@PARENT": "root.record.ItemExhibitList.P5Item.CostElementCategoryList.AncillaryEquipment.Recurring.CostElementList.CostElement"
    },
    {
        "FiscalYear_val": "2017",
        "PCOLocation_val": "AFMC\/AAC",
        "AwardDate_val": "2017-05",
        "FirstDeliveryDate_val": "2018-07",
        "Quantity_val": "130",
        "UnitCost_val": "0.039",
        "SpecsAvailableNow_val": "true",
        "RFPIssueDate_val": "2017-01",
        "ContractMethod_val": "SS",
        "ContractType_val": "FFP",
        "@SOURCE_FILENAME": "2015-BASE_PROCUREMENT-2015-AIRFORCE_AMMUNITION-PROCUREMENT_MasterJustificationBook_Air_Force_PB_2015.zzz_unzipped-PROCUREMENT_MasterJustificationBook_Air_Force_PB_2015.xml",
        "@RECORDID": "c0e2bedccbbf63fd4c05d9426033baf39171382e7134dc3349216570b33b556e",
        "@ROWID": "3-95573f9e6918be808dde245bb324757253a399380fcb6f724c14654c42303ba6",
        "ItemNameSuffix_val": "",
        "OCO_val": "",
        "@PARENTROWID": "1-fbf3f8dceb4b87e30bb0f74eeb8e780686bc4e40f6497bcc8981f058d51a8b11",
        "@PARENT": "root.record.ItemExhibitList.P5Item.CostElementCategoryList.AncillaryEquipment.Recurring.CostElementList.CostElement"
    },
    {
        "FiscalYear_val": "2018",
        "PCOLocation_val": "AFMC\/AAC",
        "AwardDate_val": "2018-05",
        "FirstDeliveryDate_val": "2019-07",
        "Quantity_val": "112",
        "UnitCost_val": "0.039",
        "SpecsAvailableNow_val": "true",
        "RFPIssueDate_val": "2018-01",
        "ContractMethod_val": "SS",
        "ContractType_val": "FFP",
        "@SOURCE_FILENAME": "2015-BASE_PROCUREMENT-2015-AIRFORCE_AMMUNITION-PROCUREMENT_MasterJustificationBook_Air_Force_PB_2015.zzz_unzipped-PROCUREMENT_MasterJustificationBook_Air_Force_PB_2015.xml",
        "@RECORDID": "c0e2bedccbbf63fd4c05d9426033baf39171382e7134dc3349216570b33b556e",
        "@ROWID": "4-3becde9333a7aeb10228044775e71bdf1a10b0d43a396244dd9caa67c94ce6c3",
        "ItemNameSuffix_val": "",
        "OCO_val": "",
        "@PARENTROWID": "1-fbf3f8dceb4b87e30bb0f74eeb8e780686bc4e40f6497bcc8981f058d51a8b11",
        "@PARENT": "root.record.ItemExhibitList.P5Item.CostElementCategoryList.AncillaryEquipment.Recurring.CostElementList.CostElement"
    },
    {
        "FiscalYear_val": "2019",
        "PCOLocation_val": "AFMC\/AAC",
        "AwardDate_val": "2019-05",
        "FirstDeliveryDate_val": "2020-07",
        "Quantity_val": "112",
        "UnitCost_val": "0.040",
        "SpecsAvailableNow_val": "true",
        "RFPIssueDate_val": "2019-01",
        "ContractMethod_val": "SS",
        "ContractType_val": "FFP",
        "@SOURCE_FILENAME": "2015-BASE_PROCUREMENT-2015-AIRFORCE_AMMUNITION-PROCUREMENT_MasterJustificationBook_Air_Force_PB_2015.zzz_unzipped-PROCUREMENT_MasterJustificationBook_Air_Force_PB_2015.xml",
        "@RECORDID": "c0e2bedccbbf63fd4c05d9426033baf39171382e7134dc3349216570b33b556e",
        "@ROWID": "5-0490392d79a102af6bb3bef74e731fab12713e9ccc0becfe100704d57519028b",
        "ItemNameSuffix_val": "",
        "OCO_val": "",
        "@PARENTROWID": "1-fbf3f8dceb4b87e30bb0f74eeb8e780686bc4e40f6497bcc8981f058d51a8b11",
        "@PARENT": "root.record.ItemExhibitList.P5Item.CostElementCategoryList.AncillaryEquipment.Recurring.CostElementList.CostElement"
    },
    {
        "FiscalYear_val": "2016",
        "PCOLocation_val": "AFMC\/AAC",
        "AwardDate_val": "2016-05",
        "FirstDeliveryDate_val": "2017-07",
        "Quantity_val": "150",
        "UnitCost_val": "0.049",
        "SpecsAvailableNow_val": "true",
        "RFPIssueDate_val": "2015-01",
        "ContractMethod_val": "SS",
        "ContractType_val": "FFP",
        "@SOURCE_FILENAME": "2016-BASE_PROCUREMENT-2016-AIRFORCE_AMMUNITION-PROCUREMENT_JustificationBook_Air_Force_PB_2016.zzz_unzipped-PROCUREMENT_JustificationBook_Air_Force_PB_2016.xml",
        "@RECORDID": "bdee042a721677e3e5e70e5f3618256806e0932795811c6de8d026b41ec3c764",
        "@ROWID": "0-9ee98ff3f4ac620328acc8c17a3e592376ff11cc7424bd9ba2d234d2b162350d",
        "ItemNameSuffix_val": "May 2016",
        "OCO_val": "",
        "@PARENTROWID": "1-df0e9f143cfb04fcb4d17d880eefb3a70afccd4ca0e35d3d6d65dd6117c817c2",
        "@PARENT": "root.record.ItemExhibitList.P5Item.CostElementCategoryList.AncillaryEquipment.Recurring.CostElementList.CostElement"
    },
    {
        "FiscalYear_val": "2016",
        "PCOLocation_val": "AFMC\/AAC",
        "AwardDate_val": "2016-05",
        "FirstDeliveryDate_val": "2017-07",
        "Quantity_val": "75",
        "UnitCost_val": "0.048",
        "SpecsAvailableNow_val": "true",
        "RFPIssueDate_val": "",
        "ContractMethod_val": "SS",
        "ContractType_val": "FFP",
        "@SOURCE_FILENAME": "2016-BASE_PROCUREMENT-2016-AIRFORCE_AMMUNITION-PROCUREMENT_JustificationBook_Air_Force_PB_2016.zzz_unzipped-PROCUREMENT_JustificationBook_Air_Force_PB_2016.xml",
        "@RECORDID": "bdee042a721677e3e5e70e5f3618256806e0932795811c6de8d026b41ec3c764",
        "@ROWID": "1-8a8468c7260a4c2ec5c07de97c1fd7b6e6adc3c3c97fce48e8a0fb7294598e75",
        "ItemNameSuffix_val": "May 2016",
        "OCO_val": "true",
        "@PARENTROWID": "1-df0e9f143cfb04fcb4d17d880eefb3a70afccd4ca0e35d3d6d65dd6117c817c2",
        "@PARENT": "root.record.ItemExhibitList.P5Item.CostElementCategoryList.AncillaryEquipment.Recurring.CostElementList.CostElement"
    },
    {
        "FiscalYear_val": "2017",
        "PCOLocation_val": "AFMC\/AAC",
        "AwardDate_val": "2017-05",
        "FirstDeliveryDate_val": "2018-07",
        "Quantity_val": "108",
        "UnitCost_val": "0.040",
        "SpecsAvailableNow_val": "true",
        "RFPIssueDate_val": "2015-01",
        "ContractMethod_val": "SS",
        "ContractType_val": "FFP",
        "@SOURCE_FILENAME": "2016-BASE_PROCUREMENT-2016-AIRFORCE_AMMUNITION-PROCUREMENT_JustificationBook_Air_Force_PB_2016.zzz_unzipped-PROCUREMENT_JustificationBook_Air_Force_PB_2016.xml",
        "@RECORDID": "bdee042a721677e3e5e70e5f3618256806e0932795811c6de8d026b41ec3c764",
        "@ROWID": "2-e0f508169ea4cab6e8df5b6b4f4f1480749dd54cfad82c755c7988faa3c4f799",
        "ItemNameSuffix_val": "",
        "OCO_val": "",
        "@PARENTROWID": "1-df0e9f143cfb04fcb4d17d880eefb3a70afccd4ca0e35d3d6d65dd6117c817c2",
        "@PARENT": "root.record.ItemExhibitList.P5Item.CostElementCategoryList.AncillaryEquipment.Recurring.CostElementList.CostElement"
    },
    {
        "FiscalYear_val": "2018",
        "PCOLocation_val": "AFMC\/AAC",
        "AwardDate_val": "2018-05",
        "FirstDeliveryDate_val": "2019-07",
        "Quantity_val": "112",
        "UnitCost_val": "0.039",
        "SpecsAvailableNow_val": "true",
        "RFPIssueDate_val": "2015-01",
        "ContractMethod_val": "SS",
        "ContractType_val": "FFP",
        "@SOURCE_FILENAME": "2016-BASE_PROCUREMENT-2016-AIRFORCE_AMMUNITION-PROCUREMENT_JustificationBook_Air_Force_PB_2016.zzz_unzipped-PROCUREMENT_JustificationBook_Air_Force_PB_2016.xml",
        "@RECORDID": "bdee042a721677e3e5e70e5f3618256806e0932795811c6de8d026b41ec3c764",
        "@ROWID": "3-dde3fdc93a84f9bbc983d1123d63bd3023401deee7f3c6de0bfe2fa82e1024ce",
        "ItemNameSuffix_val": "",
        "OCO_val": "",
        "@PARENTROWID": "1-df0e9f143cfb04fcb4d17d880eefb3a70afccd4ca0e35d3d6d65dd6117c817c2",
        "@PARENT": "root.record.ItemExhibitList.P5Item.CostElementCategoryList.AncillaryEquipment.Recurring.CostElementList.CostElement"
    },
    {
        "FiscalYear_val": "2019",
        "PCOLocation_val": "AFMC\/AAC",
        "AwardDate_val": "2019-05",
        "FirstDeliveryDate_val": "2020-07",
        "Quantity_val": "112",
        "UnitCost_val": "0.040",
        "SpecsAvailableNow_val": "true",
        "RFPIssueDate_val": "2015-01",
        "ContractMethod_val": "SS",
        "ContractType_val": "FFP",
        "@SOURCE_FILENAME": "2016-BASE_PROCUREMENT-2016-AIRFORCE_AMMUNITION-PROCUREMENT_JustificationBook_Air_Force_PB_2016.zzz_unzipped-PROCUREMENT_JustificationBook_Air_Force_PB_2016.xml",
        "@RECORDID": "bdee042a721677e3e5e70e5f3618256806e0932795811c6de8d026b41ec3c764",
        "@ROWID": "4-bbcd219ce8665618f997350d37ff848b9148058494f73e6e6ee3464ad1ddd73e",
        "ItemNameSuffix_val": "",
        "OCO_val": "",
        "@PARENTROWID": "1-df0e9f143cfb04fcb4d17d880eefb3a70afccd4ca0e35d3d6d65dd6117c817c2",
        "@PARENT": "root.record.ItemExhibitList.P5Item.CostElementCategoryList.AncillaryEquipment.Recurring.CostElementList.CostElement"
    },
    {
        "FiscalYear_val": "2020",
        "PCOLocation_val": "AFMC\/AAC",
        "AwardDate_val": "2020-05",
        "FirstDeliveryDate_val": "2021-07",
        "Quantity_val": "114",
        "UnitCost_val": "0.040",
        "SpecsAvailableNow_val": "true",
        "RFPIssueDate_val": "",
        "ContractMethod_val": "SS",
        "ContractType_val": "FFP",
        "@SOURCE_FILENAME": "2016-BASE_PROCUREMENT-2016-AIRFORCE_AMMUNITION-PROCUREMENT_JustificationBook_Air_Force_PB_2016.zzz_unzipped-PROCUREMENT_JustificationBook_Air_Force_PB_2016.xml",
        "@RECORDID": "bdee042a721677e3e5e70e5f3618256806e0932795811c6de8d026b41ec3c764",
        "@ROWID": "5-2e9a65d0446c51aaf5045d0254751d5bff119f66158392034a05bfe2a77e8ea2",
        "ItemNameSuffix_val": "",
        "OCO_val": "",
        "@PARENTROWID": "1-df0e9f143cfb04fcb4d17d880eefb3a70afccd4ca0e35d3d6d65dd6117c817c2",
        "@PARENT": "root.record.ItemExhibitList.P5Item.CostElementCategoryList.AncillaryEquipment.Recurring.CostElementList.CostElement"
    },
    {
        "FiscalYear_val": "2016",
        "PCOLocation_val": "AFMC\/AAC",
        "AwardDate_val": "2016-05",
        "FirstDeliveryDate_val": "2017-07",
        "Quantity_val": "150",
        "UnitCost_val": "0.049",
        "SpecsAvailableNow_val": "true",
        "RFPIssueDate_val": "2015-01",
        "ContractMethod_val": "SS",
        "ContractType_val": "FFP",
        "@SOURCE_FILENAME": "2016-BASE_PROCUREMENT-2016-AIRFORCE_AMMUNITION-PROCUREMENT_MasterJustificationBook_Air_Force_PB_2016.zzz_unzipped-PROCUREMENT_MasterJustificationBook_Air_Force_PB_2016.xml",
        "@RECORDID": "0405e21ec303f808ccdc5e52c17f9e11b90ad768be9d21f077d3c4e2706d2147",
        "@ROWID": "0-c0ceae9024de4b5696dbad5294f21c217fd7c90c1817de76ede639dd53dc3803",
        "ItemNameSuffix_val": "May 2016",
        "OCO_val": "",
        "@PARENTROWID": "1-adf9d3bf86b6952960f2270389a40683d3b167101373e7cf0fb0e9eb0d6d57b9",
        "@PARENT": "root.record.ItemExhibitList.P5Item.CostElementCategoryList.AncillaryEquipment.Recurring.CostElementList.CostElement"
    },
    {
        "FiscalYear_val": "2016",
        "PCOLocation_val": "AFMC\/AAC",
        "AwardDate_val": "2016-05",
        "FirstDeliveryDate_val": "2017-07",
        "Quantity_val": "75",
        "UnitCost_val": "0.048",
        "SpecsAvailableNow_val": "true",
        "RFPIssueDate_val": "",
        "ContractMethod_val": "SS",
        "ContractType_val": "FFP",
        "@SOURCE_FILENAME": "2016-BASE_PROCUREMENT-2016-AIRFORCE_AMMUNITION-PROCUREMENT_MasterJustificationBook_Air_Force_PB_2016.zzz_unzipped-PROCUREMENT_MasterJustificationBook_Air_Force_PB_2016.xml",
        "@RECORDID": "0405e21ec303f808ccdc5e52c17f9e11b90ad768be9d21f077d3c4e2706d2147",
        "@ROWID": "1-819963403208d850b6168c8873eeebf691348afbde5f28e7b6fd36b7afb00228",
        "ItemNameSuffix_val": "May 2016",
        "OCO_val": "true",
        "@PARENTROWID": "1-adf9d3bf86b6952960f2270389a40683d3b167101373e7cf0fb0e9eb0d6d57b9",
        "@PARENT": "root.record.ItemExhibitList.P5Item.CostElementCategoryList.AncillaryEquipment.Recurring.CostElementList.CostElement"
    },
    {
        "FiscalYear_val": "2017",
        "PCOLocation_val": "AFMC\/AAC",
        "AwardDate_val": "2017-05",
        "FirstDeliveryDate_val": "2018-07",
        "Quantity_val": "108",
        "UnitCost_val": "0.040",
        "SpecsAvailableNow_val": "true",
        "RFPIssueDate_val": "2015-01",
        "ContractMethod_val": "SS",
        "ContractType_val": "FFP",
        "@SOURCE_FILENAME": "2016-BASE_PROCUREMENT-2016-AIRFORCE_AMMUNITION-PROCUREMENT_MasterJustificationBook_Air_Force_PB_2016.zzz_unzipped-PROCUREMENT_MasterJustificationBook_Air_Force_PB_2016.xml",
        "@RECORDID": "0405e21ec303f808ccdc5e52c17f9e11b90ad768be9d21f077d3c4e2706d2147",
        "@ROWID": "2-dcf42c419d31314c03df1d87c0eaa9619ea7c120f24f83a171ca5f62a9f72d62",
        "ItemNameSuffix_val": "",
        "OCO_val": "",
        "@PARENTROWID": "1-adf9d3bf86b6952960f2270389a40683d3b167101373e7cf0fb0e9eb0d6d57b9",
        "@PARENT": "root.record.ItemExhibitList.P5Item.CostElementCategoryList.AncillaryEquipment.Recurring.CostElementList.CostElement"
    },
    {
        "FiscalYear_val": "2018",
        "PCOLocation_val": "AFMC\/AAC",
        "AwardDate_val": "2018-05",
        "FirstDeliveryDate_val": "2019-07",
        "Quantity_val": "112",
        "UnitCost_val": "0.039",
        "SpecsAvailableNow_val": "true",
        "RFPIssueDate_val": "2015-01",
        "ContractMethod_val": "SS",
        "ContractType_val": "FFP",
        "@SOURCE_FILENAME": "2016-BASE_PROCUREMENT-2016-AIRFORCE_AMMUNITION-PROCUREMENT_MasterJustificationBook_Air_Force_PB_2016.zzz_unzipped-PROCUREMENT_MasterJustificationBook_Air_Force_PB_2016.xml",
        "@RECORDID": "0405e21ec303f808ccdc5e52c17f9e11b90ad768be9d21f077d3c4e2706d2147",
        "@ROWID": "3-88521980baf0feb761de1126e830b77195f335268fe50406890d93c5ac72a7b6",
        "ItemNameSuffix_val": "",
        "OCO_val": "",
        "@PARENTROWID": "1-adf9d3bf86b6952960f2270389a40683d3b167101373e7cf0fb0e9eb0d6d57b9",
        "@PARENT": "root.record.ItemExhibitList.P5Item.CostElementCategoryList.AncillaryEquipment.Recurring.CostElementList.CostElement"
    },
    {
        "FiscalYear_val": "2019",
        "PCOLocation_val": "AFMC\/AAC",
        "AwardDate_val": "2019-05",
        "FirstDeliveryDate_val": "2020-07",
        "Quantity_val": "112",
        "UnitCost_val": "0.040",
        "SpecsAvailableNow_val": "true",
        "RFPIssueDate_val": "2015-01",
        "ContractMethod_val": "SS",
        "ContractType_val": "FFP",
        "@SOURCE_FILENAME": "2016-BASE_PROCUREMENT-2016-AIRFORCE_AMMUNITION-PROCUREMENT_MasterJustificationBook_Air_Force_PB_2016.zzz_unzipped-PROCUREMENT_MasterJustificationBook_Air_Force_PB_2016.xml",
        "@RECORDID": "0405e21ec303f808ccdc5e52c17f9e11b90ad768be9d21f077d3c4e2706d2147",
        "@ROWID": "4-f03368ab785cd3171bc44ee365ac5fc9edf79dd243df5fe919ad95ff6e9064fe",
        "ItemNameSuffix_val": "",
        "OCO_val": "",
        "@PARENTROWID": "1-adf9d3bf86b6952960f2270389a40683d3b167101373e7cf0fb0e9eb0d6d57b9",
        "@PARENT": "root.record.ItemExhibitList.P5Item.CostElementCategoryList.AncillaryEquipment.Recurring.CostElementList.CostElement"
    },
    {
        "FiscalYear_val": "2020",
        "PCOLocation_val": "AFMC\/AAC",
        "AwardDate_val": "2020-05",
        "FirstDeliveryDate_val": "2021-07",
        "Quantity_val": "114",
        "UnitCost_val": "0.040",
        "SpecsAvailableNow_val": "true",
        "RFPIssueDate_val": "",
        "ContractMethod_val": "SS",
        "ContractType_val": "FFP",
        "@SOURCE_FILENAME": "2016-BASE_PROCUREMENT-2016-AIRFORCE_AMMUNITION-PROCUREMENT_MasterJustificationBook_Air_Force_PB_2016.zzz_unzipped-PROCUREMENT_MasterJustificationBook_Air_Force_PB_2016.xml",
        "@RECORDID": "0405e21ec303f808ccdc5e52c17f9e11b90ad768be9d21f077d3c4e2706d2147",
        "@ROWID": "5-8177083875b13c2875c428a3494c94a9e6da6719d02e00705a4704eb66ae2788",
        "ItemNameSuffix_val": "",
        "OCO_val": "",
        "@PARENTROWID": "1-adf9d3bf86b6952960f2270389a40683d3b167101373e7cf0fb0e9eb0d6d57b9",
        "@PARENT": "root.record.ItemExhibitList.P5Item.CostElementCategoryList.AncillaryEquipment.Recurring.CostElementList.CostElement"
    }
]