[
    {
        "Name_val": "Air Force Active",
        "Cost_Quantity_PriorYear_val": "1",
        "Cost_Quantity_CurrentYear_val": "3",
        "Cost_Quantity_BudgetYearOneBase_val": "0",
        "Cost_Quantity_BudgetYearOne_val": "0",
        "Cost_Quantity_BudgetYearTwo_val": "",
        "Cost_TotalCost_PriorYear_val": "1.132",
        "Cost_TotalCost_CurrentYear_val": "3.828",
        "Cost_TotalCost_BudgetYearOneBase_val": "0.000",
        "Cost_TotalCost_BudgetYearOne_val": "0.000",
        "Cost_TotalCost_BudgetYearTwo_val": "",
        "@SOURCE_FILENAME": "2015-BASE_PROCUREMENT-2015-AIRFORCE_AIRCRAFT_VOL2-PROCUREMENT_JustificationBook_Air_Force_PB_2015.zzz_unzipped-PROCUREMENT_JustificationBook_Air_Force_PB_2015.xml",
        "@RECORDID": "64acb54550a4560598d7d665ce51dd7ecd276be3097259da048227510b8c8d9d",
        "@ROWID": "0-a79635c8ea3a6072dcd310f787386249cdd4e5a476605a5feb8b0094da754d60",
        "@PARENTROWID": "0-3c2be1d146f8932339a3ff1f33726f3ac254081382e2f51f29132937553f129d",
        "@PARENT": "root.record.ItemExhibitList.P3AModificationItemGroup.ModificationItemList.ModificationItem.Installation.ImplementationMethodList.ImplementationMethod"
    },
    {
        "Name_val": "Air Force Active",
        "Cost_Quantity_PriorYear_val": "",
        "Cost_Quantity_CurrentYear_val": "2",
        "Cost_Quantity_BudgetYearOneBase_val": "",
        "Cost_Quantity_BudgetYearOne_val": "",
        "Cost_Quantity_BudgetYearTwo_val": "",
        "Cost_TotalCost_PriorYear_val": "",
        "Cost_TotalCost_CurrentYear_val": "0.675",
        "Cost_TotalCost_BudgetYearOneBase_val": "",
        "Cost_TotalCost_BudgetYearOne_val": "",
        "Cost_TotalCost_BudgetYearTwo_val": "",
        "@SOURCE_FILENAME": "2015-BASE_PROCUREMENT-2015-AIRFORCE_AIRCRAFT_VOL2-PROCUREMENT_JustificationBook_Air_Force_PB_2015.zzz_unzipped-PROCUREMENT_JustificationBook_Air_Force_PB_2015.xml",
        "@RECORDID": "64acb54550a4560598d7d665ce51dd7ecd276be3097259da048227510b8c8d9d",
        "@ROWID": "0-7a4d4ff921a6566185dbb2d5cb79c8e35da53017b7594d46355513393f322f44",
        "@PARENTROWID": "1-294ce1b6b123729b53c0030ce03b77d1072a2c37f5752dd14359b7ef26fe766f",
        "@PARENT": "root.record.ItemExhibitList.P3AModificationItemGroup.ModificationItemList.ModificationItem.Installation.ImplementationMethodList.ImplementationMethod"
    },
    {
        "Name_val": "Air Force Active",
        "Cost_Quantity_PriorYear_val": "11",
        "Cost_Quantity_CurrentYear_val": "",
        "Cost_Quantity_BudgetYearOneBase_val": "",
        "Cost_Quantity_BudgetYearOne_val": "",
        "Cost_Quantity_BudgetYearTwo_val": "",
        "Cost_TotalCost_PriorYear_val": "222.512",
        "Cost_TotalCost_CurrentYear_val": "",
        "Cost_TotalCost_BudgetYearOneBase_val": "",
        "Cost_TotalCost_BudgetYearOne_val": "",
        "Cost_TotalCost_BudgetYearTwo_val": "",
        "@SOURCE_FILENAME": "2015-BASE_PROCUREMENT-2015-AIRFORCE_AIRCRAFT_VOL2-PROCUREMENT_JustificationBook_Air_Force_PB_2015.zzz_unzipped-PROCUREMENT_JustificationBook_Air_Force_PB_2015.xml",
        "@RECORDID": "e049539817dd22b34918c2c0be8271bbbd79d6b6a486234ddff8e6be076c0e3d",
        "@ROWID": "0-f9b1ebc551ffd1f8b5621e2d4261e2048f8f72e0ffb021a244ae8ad1354dd3e8",
        "@PARENTROWID": "0-35ddd54b494941bc31fcc7d9d355c533660ce3297f42e8516359a1294ddc496f",
        "@PARENT": "root.record.ItemExhibitList.P3AModificationItemGroup.ModificationItemList.ModificationItem.Installation.ImplementationMethodList.ImplementationMethod"
    },
    {
        "Name_val": "Air Force Active",
        "Cost_Quantity_PriorYear_val": "10",
        "Cost_Quantity_CurrentYear_val": "28",
        "Cost_Quantity_BudgetYearOneBase_val": "5",
        "Cost_Quantity_BudgetYearOne_val": "5",
        "Cost_Quantity_BudgetYearTwo_val": "",
        "Cost_TotalCost_PriorYear_val": "1.496",
        "Cost_TotalCost_CurrentYear_val": "3.007",
        "Cost_TotalCost_BudgetYearOneBase_val": "1.131",
        "Cost_TotalCost_BudgetYearOne_val": "1.131",
        "Cost_TotalCost_BudgetYearTwo_val": "",
        "@SOURCE_FILENAME": "2015-BASE_PROCUREMENT-2015-AIRFORCE_AIRCRAFT_VOL2-PROCUREMENT_JustificationBook_Air_Force_PB_2015.zzz_unzipped-PROCUREMENT_JustificationBook_Air_Force_PB_2015.xml",
        "@RECORDID": "2c3a42ac96c574f3a05d311e38d1fd39e76b2eaa077eed338c2b56579168a566",
        "@ROWID": "0-19cf6b06064ce3a6733c16b023f4564d11f33e2e41671560f253348680c9b6cc",
        "@PARENTROWID": "0-ed48b1ca9dbaaa69474ba25179957acd7a1029b7c1f5794616a61e3b7129223f",
        "@PARENT": "root.record.ItemExhibitList.P3AModificationItemGroup.ModificationItemList.ModificationItem.Installation.ImplementationMethodList.ImplementationMethod"
    },
    {
        "Name_val": "Air National Guard",
        "Cost_Quantity_PriorYear_val": "5",
        "Cost_Quantity_CurrentYear_val": "1",
        "Cost_Quantity_BudgetYearOneBase_val": "",
        "Cost_Quantity_BudgetYearOne_val": "",
        "Cost_Quantity_BudgetYearTwo_val": "",
        "Cost_TotalCost_PriorYear_val": "0.748",
        "Cost_TotalCost_CurrentYear_val": "0.107",
        "Cost_TotalCost_BudgetYearOneBase_val": "",
        "Cost_TotalCost_BudgetYearOne_val": "",
        "Cost_TotalCost_BudgetYearTwo_val": "",
        "@SOURCE_FILENAME": "2015-BASE_PROCUREMENT-2015-AIRFORCE_AIRCRAFT_VOL2-PROCUREMENT_JustificationBook_Air_Force_PB_2015.zzz_unzipped-PROCUREMENT_JustificationBook_Air_Force_PB_2015.xml",
        "@RECORDID": "2c3a42ac96c574f3a05d311e38d1fd39e76b2eaa077eed338c2b56579168a566",
        "@ROWID": "1-fac92a024949808d4f09a33a03110a81a7aaa5f4452ebfa63bbf11d576e197fa",
        "@PARENTROWID": "0-ed48b1ca9dbaaa69474ba25179957acd7a1029b7c1f5794616a61e3b7129223f",
        "@PARENT": "root.record.ItemExhibitList.P3AModificationItemGroup.ModificationItemList.ModificationItem.Installation.ImplementationMethodList.ImplementationMethod"
    },
    {
        "Name_val": "Air Force Reserve",
        "Cost_Quantity_PriorYear_val": "",
        "Cost_Quantity_CurrentYear_val": "1",
        "Cost_Quantity_BudgetYearOneBase_val": "",
        "Cost_Quantity_BudgetYearOne_val": "",
        "Cost_Quantity_BudgetYearTwo_val": "",
        "Cost_TotalCost_PriorYear_val": "",
        "Cost_TotalCost_CurrentYear_val": "0.108",
        "Cost_TotalCost_BudgetYearOneBase_val": "",
        "Cost_TotalCost_BudgetYearOne_val": "",
        "Cost_TotalCost_BudgetYearTwo_val": "",
        "@SOURCE_FILENAME": "2015-BASE_PROCUREMENT-2015-AIRFORCE_AIRCRAFT_VOL2-PROCUREMENT_JustificationBook_Air_Force_PB_2015.zzz_unzipped-PROCUREMENT_JustificationBook_Air_Force_PB_2015.xml",
        "@RECORDID": "2c3a42ac96c574f3a05d311e38d1fd39e76b2eaa077eed338c2b56579168a566",
        "@ROWID": "2-4a580f655deac1a0b409d9639cf62bdc0d36109cbaffa29d689c0a5492e36d6f",
        "@PARENTROWID": "0-ed48b1ca9dbaaa69474ba25179957acd7a1029b7c1f5794616a61e3b7129223f",
        "@PARENT": "root.record.ItemExhibitList.P3AModificationItemGroup.ModificationItemList.ModificationItem.Installation.ImplementationMethodList.ImplementationMethod"
    },
    {
        "Name_val": "Air Force Active",
        "Cost_Quantity_PriorYear_val": "144",
        "Cost_Quantity_CurrentYear_val": "73",
        "Cost_Quantity_BudgetYearOneBase_val": "",
        "Cost_Quantity_BudgetYearOne_val": "",
        "Cost_Quantity_BudgetYearTwo_val": "",
        "Cost_TotalCost_PriorYear_val": "90.713",
        "Cost_TotalCost_CurrentYear_val": "6.262",
        "Cost_TotalCost_BudgetYearOneBase_val": "",
        "Cost_TotalCost_BudgetYearOne_val": "",
        "Cost_TotalCost_BudgetYearTwo_val": "",
        "@SOURCE_FILENAME": "2015-BASE_PROCUREMENT-2015-AIRFORCE_AIRCRAFT_VOL2-PROCUREMENT_JustificationBook_Air_Force_PB_2015.zzz_unzipped-PROCUREMENT_JustificationBook_Air_Force_PB_2015.xml",
        "@RECORDID": "2c3a42ac96c574f3a05d311e38d1fd39e76b2eaa077eed338c2b56579168a566",
        "@ROWID": "0-54070a3f6784a47ddd1f80a7cf823978f5db634f5bf32a00de15b8585d518038",
        "@PARENTROWID": "0-ec26f753126f21899df491ecc677e5e772d1240057a971d4f485c943b18ef979",
        "@PARENT": "root.record.ItemExhibitList.P3AModificationItemGroup.ModificationItemList.ModificationItem.Installation.ImplementationMethodList.ImplementationMethod"
    },
    {
        "Name_val": "Air National Guard",
        "Cost_Quantity_PriorYear_val": "14",
        "Cost_Quantity_CurrentYear_val": "55",
        "Cost_Quantity_BudgetYearOneBase_val": "45",
        "Cost_Quantity_BudgetYearOne_val": "45",
        "Cost_Quantity_BudgetYearTwo_val": "",
        "Cost_TotalCost_PriorYear_val": "9.833",
        "Cost_TotalCost_CurrentYear_val": "10.044",
        "Cost_TotalCost_BudgetYearOneBase_val": "14.975",
        "Cost_TotalCost_BudgetYearOne_val": "14.975",
        "Cost_TotalCost_BudgetYearTwo_val": "",
        "@SOURCE_FILENAME": "2015-BASE_PROCUREMENT-2015-AIRFORCE_AIRCRAFT_VOL2-PROCUREMENT_JustificationBook_Air_Force_PB_2015.zzz_unzipped-PROCUREMENT_JustificationBook_Air_Force_PB_2015.xml",
        "@RECORDID": "2c3a42ac96c574f3a05d311e38d1fd39e76b2eaa077eed338c2b56579168a566",
        "@ROWID": "1-56c07cc7b099af50819bf921c826767a422cd6309c89b4e7d5359f5651146a34",
        "@PARENTROWID": "0-ec26f753126f21899df491ecc677e5e772d1240057a971d4f485c943b18ef979",
        "@PARENT": "root.record.ItemExhibitList.P3AModificationItemGroup.ModificationItemList.ModificationItem.Installation.ImplementationMethodList.ImplementationMethod"
    },
    {
        "Name_val": "Air Force Reserve",
        "Cost_Quantity_PriorYear_val": "12",
        "Cost_Quantity_CurrentYear_val": "21",
        "Cost_Quantity_BudgetYearOneBase_val": "28",
        "Cost_Quantity_BudgetYearOne_val": "28",
        "Cost_Quantity_BudgetYearTwo_val": "",
        "Cost_TotalCost_PriorYear_val": "8.429",
        "Cost_TotalCost_CurrentYear_val": "3.653",
        "Cost_TotalCost_BudgetYearOneBase_val": "8.974",
        "Cost_TotalCost_BudgetYearOne_val": "8.974",
        "Cost_TotalCost_BudgetYearTwo_val": "",
        "@SOURCE_FILENAME": "2015-BASE_PROCUREMENT-2015-AIRFORCE_AIRCRAFT_VOL2-PROCUREMENT_JustificationBook_Air_Force_PB_2015.zzz_unzipped-PROCUREMENT_JustificationBook_Air_Force_PB_2015.xml",
        "@RECORDID": "2c3a42ac96c574f3a05d311e38d1fd39e76b2eaa077eed338c2b56579168a566",
        "@ROWID": "2-8b3d6c872507daa6e14631f2d1ce227410b04b2af36a2da4e91489fb4792a581",
        "@PARENTROWID": "0-ec26f753126f21899df491ecc677e5e772d1240057a971d4f485c943b18ef979",
        "@PARENT": "root.record.ItemExhibitList.P3AModificationItemGroup.ModificationItemList.ModificationItem.Installation.ImplementationMethodList.ImplementationMethod"
    },
    {
        "Name_val": "Air Force Active",
        "Cost_Quantity_PriorYear_val": "2",
        "Cost_Quantity_CurrentYear_val": "",
        "Cost_Quantity_BudgetYearOneBase_val": "",
        "Cost_Quantity_BudgetYearOne_val": "",
        "Cost_Quantity_BudgetYearTwo_val": "",
        "Cost_TotalCost_PriorYear_val": "1.771",
        "Cost_TotalCost_CurrentYear_val": "",
        "Cost_TotalCost_BudgetYearOneBase_val": "",
        "Cost_TotalCost_BudgetYearOne_val": "",
        "Cost_TotalCost_BudgetYearTwo_val": "",
        "@SOURCE_FILENAME": "2015-BASE_PROCUREMENT-2015-AIRFORCE_AIRCRAFT_VOL2-PROCUREMENT_JustificationBook_Air_Force_PB_2015.zzz_unzipped-PROCUREMENT_JustificationBook_Air_Force_PB_2015.xml",
        "@RECORDID": "2c3a42ac96c574f3a05d311e38d1fd39e76b2eaa077eed338c2b56579168a566",
        "@ROWID": "0-f2566582d566ffc621743df50c5cf7a57eb5527f70d262fb2b577e31bd2266bd",
        "@PARENTROWID": "0-1c136f8b4edf49664b9350ec2cb2bb8d9c6863df503c718df02355738a5b129c",
        "@PARENT": "root.record.ItemExhibitList.P3AModificationItemGroup.ModificationItemList.ModificationItem.Installation.ImplementationMethodList.ImplementationMethod"
    },
    {
        "Name_val": "Air Force Active",
        "Cost_Quantity_PriorYear_val": "",
        "Cost_Quantity_CurrentYear_val": "2",
        "Cost_Quantity_BudgetYearOneBase_val": "2",
        "Cost_Quantity_BudgetYearOne_val": "2",
        "Cost_Quantity_BudgetYearTwo_val": "",
        "Cost_TotalCost_PriorYear_val": "",
        "Cost_TotalCost_CurrentYear_val": "5.474",
        "Cost_TotalCost_BudgetYearOneBase_val": "5.497",
        "Cost_TotalCost_BudgetYearOne_val": "5.497",
        "Cost_TotalCost_BudgetYearTwo_val": "",
        "@SOURCE_FILENAME": "2015-BASE_PROCUREMENT-2015-AIRFORCE_AIRCRAFT_VOL2-PROCUREMENT_JustificationBook_Air_Force_PB_2015.zzz_unzipped-PROCUREMENT_JustificationBook_Air_Force_PB_2015.xml",
        "@RECORDID": "2c3a42ac96c574f3a05d311e38d1fd39e76b2eaa077eed338c2b56579168a566",
        "@ROWID": "0-05745c609680de99c69767efbf3fb2bacc1ab4534552040a235958014c3aeb2a",
        "@PARENTROWID": "0-37404011141377ac372b8789d18aff27351b08f28e4bf019a4d0ded40099f9fa",
        "@PARENT": "root.record.ItemExhibitList.P3AModificationItemGroup.ModificationItemList.ModificationItem.Installation.ImplementationMethodList.ImplementationMethod"
    },
    {
        "Name_val": "Air Force Active",
        "Cost_Quantity_PriorYear_val": "2",
        "Cost_Quantity_CurrentYear_val": "",
        "Cost_Quantity_BudgetYearOneBase_val": "",
        "Cost_Quantity_BudgetYearOne_val": "",
        "Cost_Quantity_BudgetYearTwo_val": "",
        "Cost_TotalCost_PriorYear_val": "0.000",
        "Cost_TotalCost_CurrentYear_val": "",
        "Cost_TotalCost_BudgetYearOneBase_val": "",
        "Cost_TotalCost_BudgetYearOne_val": "",
        "Cost_TotalCost_BudgetYearTwo_val": "",
        "@SOURCE_FILENAME": "2015-BASE_PROCUREMENT-2015-AIRFORCE_AIRCRAFT_VOL2-PROCUREMENT_JustificationBook_Air_Force_PB_2015.zzz_unzipped-PROCUREMENT_JustificationBook_Air_Force_PB_2015.xml",
        "@RECORDID": "2c3a42ac96c574f3a05d311e38d1fd39e76b2eaa077eed338c2b56579168a566",
        "@ROWID": "0-a756e9dfdb2ca64bfefb823a39877f2cccabee34948f3f90b0863d8e570cb8c1",
        "@PARENTROWID": "0-a1f878de121930277334e878cb7ca42cb9efbc98096b0106b9472833727fc5c9",
        "@PARENT": "root.record.ItemExhibitList.P3AModificationItemGroup.ModificationItemList.ModificationItem.Installation.ImplementationMethodList.ImplementationMethod"
    },
    {
        "Name_val": "Air Force Active",
        "Cost_Quantity_PriorYear_val": "1",
        "Cost_Quantity_CurrentYear_val": "2",
        "Cost_Quantity_BudgetYearOneBase_val": "6",
        "Cost_Quantity_BudgetYearOne_val": "6",
        "Cost_Quantity_BudgetYearTwo_val": "",
        "Cost_TotalCost_PriorYear_val": "0.000",
        "Cost_TotalCost_CurrentYear_val": "4.75",
        "Cost_TotalCost_BudgetYearOneBase_val": "9.864",
        "Cost_TotalCost_BudgetYearOne_val": "9.864",
        "Cost_TotalCost_BudgetYearTwo_val": "",
        "@SOURCE_FILENAME": "2015-BASE_PROCUREMENT-2015-AIRFORCE_AIRCRAFT_VOL2-PROCUREMENT_JustificationBook_Air_Force_PB_2015.zzz_unzipped-PROCUREMENT_JustificationBook_Air_Force_PB_2015.xml",
        "@RECORDID": "c18079498214be7c8507bd7289056635ea6ba000e7bb766e68a998d56e53f49a",
        "@ROWID": "0-d23000f3b97cf0ae72064175e82cdcf41945ed89dbbbc09eeca5d324180f643b",
        "@PARENTROWID": "0-7503fa8de96f8d80e92675ffc85f9112f7428cc96d4502faa8fbd42fde44bf4a",
        "@PARENT": "root.record.ItemExhibitList.P3AModificationItemGroup.ModificationItemList.ModificationItem.Installation.ImplementationMethodList.ImplementationMethod"
    },
    {
        "Name_val": "Air Force Active",
        "Cost_Quantity_PriorYear_val": "1",
        "Cost_Quantity_CurrentYear_val": "1",
        "Cost_Quantity_BudgetYearOneBase_val": "2",
        "Cost_Quantity_BudgetYearOne_val": "2",
        "Cost_Quantity_BudgetYearTwo_val": "",
        "Cost_TotalCost_PriorYear_val": "2.557",
        "Cost_TotalCost_CurrentYear_val": "2.716",
        "Cost_TotalCost_BudgetYearOneBase_val": "5.534",
        "Cost_TotalCost_BudgetYearOne_val": "5.534",
        "Cost_TotalCost_BudgetYearTwo_val": "",
        "@SOURCE_FILENAME": "2015-BASE_PROCUREMENT-2015-AIRFORCE_AIRCRAFT_VOL2-PROCUREMENT_JustificationBook_Air_Force_PB_2015.zzz_unzipped-PROCUREMENT_JustificationBook_Air_Force_PB_2015.xml",
        "@RECORDID": "c95b3cad136b9abd961b0302a1b9dcc36c9e32822973785202e66e43ffe473da",
        "@ROWID": "0-b496689193bfcfaac42c4039289de82f5e2ab4fc267efbaff07565e87abcb36d",
        "@PARENTROWID": "0-95ce1dcba859a03edf276f1cf4a80d702c1462c3adf89e5093952af574b5ce5c",
        "@PARENT": "root.record.ItemExhibitList.P3AModificationItemGroup.ModificationItemList.ModificationItem.Installation.ImplementationMethodList.ImplementationMethod"
    },
    {
        "Name_val": "Air Force Active",
        "Cost_Quantity_PriorYear_val": "4",
        "Cost_Quantity_CurrentYear_val": "2",
        "Cost_Quantity_BudgetYearOneBase_val": "",
        "Cost_Quantity_BudgetYearOne_val": "",
        "Cost_Quantity_BudgetYearTwo_val": "",
        "Cost_TotalCost_PriorYear_val": "10.585",
        "Cost_TotalCost_CurrentYear_val": "6.045",
        "Cost_TotalCost_BudgetYearOneBase_val": "",
        "Cost_TotalCost_BudgetYearOne_val": "",
        "Cost_TotalCost_BudgetYearTwo_val": "",
        "@SOURCE_FILENAME": "2015-BASE_PROCUREMENT-2015-AIRFORCE_AIRCRAFT_VOL2-PROCUREMENT_JustificationBook_Air_Force_PB_2015.zzz_unzipped-PROCUREMENT_JustificationBook_Air_Force_PB_2015.xml",
        "@RECORDID": "c95b3cad136b9abd961b0302a1b9dcc36c9e32822973785202e66e43ffe473da",
        "@ROWID": "0-ebab6af40d15f72fc646ff66c9c68b293e628975592a48b901f666416a1e919b",
        "@PARENTROWID": "0-e1977635837e82403910c0cb90e372c3a924b2a6584956d5b3634479bea63168",
        "@PARENT": "root.record.ItemExhibitList.P3AModificationItemGroup.ModificationItemList.ModificationItem.Installation.ImplementationMethodList.ImplementationMethod"
    },
    {
        "Name_val": "Air Force Active",
        "Cost_Quantity_PriorYear_val": "1",
        "Cost_Quantity_CurrentYear_val": "1",
        "Cost_Quantity_BudgetYearOneBase_val": "1",
        "Cost_Quantity_BudgetYearOne_val": "1",
        "Cost_Quantity_BudgetYearTwo_val": "",
        "Cost_TotalCost_PriorYear_val": "2.6",
        "Cost_TotalCost_CurrentYear_val": "2.6",
        "Cost_TotalCost_BudgetYearOneBase_val": "2.6",
        "Cost_TotalCost_BudgetYearOne_val": "2.6",
        "Cost_TotalCost_BudgetYearTwo_val": "",
        "@SOURCE_FILENAME": "2015-BASE_PROCUREMENT-2015-AIRFORCE_AIRCRAFT_VOL2-PROCUREMENT_JustificationBook_Air_Force_PB_2015.zzz_unzipped-PROCUREMENT_JustificationBook_Air_Force_PB_2015.xml",
        "@RECORDID": "c95b3cad136b9abd961b0302a1b9dcc36c9e32822973785202e66e43ffe473da",
        "@ROWID": "0-92ac88537885222522b8341ce05ddeb31de5412b8af69c7680e64e2c4d2304c0",
        "@PARENTROWID": "0-c91c3b676f4778a2bfa0e7ae8fdd73cbea0d99ced8942bb5c64fddbb06ce952b",
        "@PARENT": "root.record.ItemExhibitList.P3AModificationItemGroup.ModificationItemList.ModificationItem.Installation.ImplementationMethodList.ImplementationMethod"
    },
    {
        "Name_val": "Air Force Active",
        "Cost_Quantity_PriorYear_val": "",
        "Cost_Quantity_CurrentYear_val": "3",
        "Cost_Quantity_BudgetYearOneBase_val": "",
        "Cost_Quantity_BudgetYearOne_val": "",
        "Cost_Quantity_BudgetYearTwo_val": "",
        "Cost_TotalCost_PriorYear_val": "",
        "Cost_TotalCost_CurrentYear_val": "0.334",
        "Cost_TotalCost_BudgetYearOneBase_val": "",
        "Cost_TotalCost_BudgetYearOne_val": "",
        "Cost_TotalCost_BudgetYearTwo_val": "",
        "@SOURCE_FILENAME": "2015-BASE_PROCUREMENT-2015-AIRFORCE_AIRCRAFT_VOL2-PROCUREMENT_JustificationBook_Air_Force_PB_2015.zzz_unzipped-PROCUREMENT_JustificationBook_Air_Force_PB_2015.xml",
        "@RECORDID": "ad2cbcd52887cfdbd4c4e64af0f936c986b469e78be0a9fa924477b8ad18fb8f",
        "@ROWID": "0-f7aac5a8b87db615361249b6cf14964f5bbcc503f26f0a5b9fb6d2982949602b",
        "@PARENTROWID": "0-3caaa5b11a30e5812c3f78a17d4e8b08cb7d6a4adacf9b4a2edd0000dec0a613",
        "@PARENT": "root.record.ItemExhibitList.P3AModificationItemGroup.ModificationItemList.ModificationItem.Installation.ImplementationMethodList.ImplementationMethod"
    },
    {
        "Name_val": "Air Force Active",
        "Cost_Quantity_PriorYear_val": "",
        "Cost_Quantity_CurrentYear_val": "15",
        "Cost_Quantity_BudgetYearOneBase_val": "",
        "Cost_Quantity_BudgetYearOne_val": "",
        "Cost_Quantity_BudgetYearTwo_val": "",
        "Cost_TotalCost_PriorYear_val": "",
        "Cost_TotalCost_CurrentYear_val": "7.25",
        "Cost_TotalCost_BudgetYearOneBase_val": "",
        "Cost_TotalCost_BudgetYearOne_val": "",
        "Cost_TotalCost_BudgetYearTwo_val": "",
        "@SOURCE_FILENAME": "2015-BASE_PROCUREMENT-2015-AIRFORCE_AIRCRAFT_VOL2-PROCUREMENT_JustificationBook_Air_Force_PB_2015.zzz_unzipped-PROCUREMENT_JustificationBook_Air_Force_PB_2015.xml",
        "@RECORDID": "4f10c9d75af1ff7f39d3312af79b465fcb001e31cfa449ec049bea6f08f73af1",
        "@ROWID": "0-163cb0e9d9682314882cd83ce7a700d5d9e6f03a6734b611d79db18257c35787",
        "@PARENTROWID": "0-52cfea3480ca554335e7d48b30b145ebdfa4d6164a797f85200154497e5621c6",
        "@PARENT": "root.record.ItemExhibitList.P3AModificationItemGroup.ModificationItemList.ModificationItem.Installation.ImplementationMethodList.ImplementationMethod"
    },
    {
        "Name_val": "Air Force Active",
        "Cost_Quantity_PriorYear_val": "",
        "Cost_Quantity_CurrentYear_val": "",
        "Cost_Quantity_BudgetYearOneBase_val": "7",
        "Cost_Quantity_BudgetYearOne_val": "7",
        "Cost_Quantity_BudgetYearTwo_val": "",
        "Cost_TotalCost_PriorYear_val": "",
        "Cost_TotalCost_CurrentYear_val": "",
        "Cost_TotalCost_BudgetYearOneBase_val": "43.127",
        "Cost_TotalCost_BudgetYearOne_val": "43.127",
        "Cost_TotalCost_BudgetYearTwo_val": "",
        "@SOURCE_FILENAME": "2015-BASE_PROCUREMENT-2015-AIRFORCE_AIRCRAFT_VOL2-PROCUREMENT_JustificationBook_Air_Force_PB_2015.zzz_unzipped-PROCUREMENT_JustificationBook_Air_Force_PB_2015.xml",
        "@RECORDID": "bbc8063372e02d2bc548b494988437c9d99675713059aabc6acf7bc346906c17",
        "@ROWID": "0-7603131fa77abc400928decbed9d92d1f0174902088812b5bc21e0b99fd3074c",
        "@PARENTROWID": "0-2fa07e18d790166ef75af56ce92da32bd0273f0107b4575ea4976012faf72158",
        "@PARENT": "root.record.ItemExhibitList.P3AModificationItemGroup.ModificationItemList.ModificationItem.Installation.ImplementationMethodList.ImplementationMethod"
    },
    {
        "Name_val": "Air Force Active",
        "Cost_Quantity_PriorYear_val": "4",
        "Cost_Quantity_CurrentYear_val": "8",
        "Cost_Quantity_BudgetYearOneBase_val": "8",
        "Cost_Quantity_BudgetYearOne_val": "8",
        "Cost_Quantity_BudgetYearTwo_val": "",
        "Cost_TotalCost_PriorYear_val": "1.833",
        "Cost_TotalCost_CurrentYear_val": "5.603",
        "Cost_TotalCost_BudgetYearOneBase_val": "5.704",
        "Cost_TotalCost_BudgetYearOne_val": "5.704",
        "Cost_TotalCost_BudgetYearTwo_val": "",
        "@SOURCE_FILENAME": "2015-BASE_PROCUREMENT-2015-AIRFORCE_AIRCRAFT_VOL2-PROCUREMENT_JustificationBook_Air_Force_PB_2015.zzz_unzipped-PROCUREMENT_JustificationBook_Air_Force_PB_2015.xml",
        "@RECORDID": "37a9176d6819849bcd695141407bcbea7c3c0b02a6c4bbb6d05d22c664d601c4",
        "@ROWID": "0-59f8a4f656f07b78a0cb2cb81488dacf1908d98f93069e23321df2febbb5ed50",
        "@PARENTROWID": "0-7a944c81352b1aca2b0c0c1a08285bf1e40095daa7b05479ed872103ea3d5c15",
        "@PARENT": "root.record.ItemExhibitList.P3AModificationItemGroup.ModificationItemList.ModificationItem.Installation.ImplementationMethodList.ImplementationMethod"
    },
    {
        "Name_val": "Air Force Active",
        "Cost_Quantity_PriorYear_val": "16",
        "Cost_Quantity_CurrentYear_val": "10",
        "Cost_Quantity_BudgetYearOneBase_val": "8",
        "Cost_Quantity_BudgetYearOne_val": "8",
        "Cost_Quantity_BudgetYearTwo_val": "",
        "Cost_TotalCost_PriorYear_val": "2.044",
        "Cost_TotalCost_CurrentYear_val": "4.347",
        "Cost_TotalCost_BudgetYearOneBase_val": "0.000",
        "Cost_TotalCost_BudgetYearOne_val": "0.000",
        "Cost_TotalCost_BudgetYearTwo_val": "",
        "@SOURCE_FILENAME": "2015-BASE_PROCUREMENT-2015-AIRFORCE_AIRCRAFT_VOL2-PROCUREMENT_JustificationBook_Air_Force_PB_2015.zzz_unzipped-PROCUREMENT_JustificationBook_Air_Force_PB_2015.xml",
        "@RECORDID": "37a9176d6819849bcd695141407bcbea7c3c0b02a6c4bbb6d05d22c664d601c4",
        "@ROWID": "0-3686509874bf88dbd6994481be6c6e11622dabf4d3e9a715f1a92d54eae9bec7",
        "@PARENTROWID": "0-87426ce61cee4c46477b1ad7b893146f386f6e0459bad13ba5991232e6615e8d",
        "@PARENT": "root.record.ItemExhibitList.P3AModificationItemGroup.ModificationItemList.ModificationItem.Installation.ImplementationMethodList.ImplementationMethod"
    },
    {
        "Name_val": "Air National Guard",
        "Cost_Quantity_PriorYear_val": "8",
        "Cost_Quantity_CurrentYear_val": "7",
        "Cost_Quantity_BudgetYearOneBase_val": "13",
        "Cost_Quantity_BudgetYearOne_val": "13",
        "Cost_Quantity_BudgetYearTwo_val": "",
        "Cost_TotalCost_PriorYear_val": "0.000",
        "Cost_TotalCost_CurrentYear_val": "0.000",
        "Cost_TotalCost_BudgetYearOneBase_val": "0.000",
        "Cost_TotalCost_BudgetYearOne_val": "0.000",
        "Cost_TotalCost_BudgetYearTwo_val": "",
        "@SOURCE_FILENAME": "2015-BASE_PROCUREMENT-2015-AIRFORCE_AIRCRAFT_VOL2-PROCUREMENT_JustificationBook_Air_Force_PB_2015.zzz_unzipped-PROCUREMENT_JustificationBook_Air_Force_PB_2015.xml",
        "@RECORDID": "37a9176d6819849bcd695141407bcbea7c3c0b02a6c4bbb6d05d22c664d601c4",
        "@ROWID": "1-b12c29dd32b8a2f9d697b7dff6975fb75648407277abd6b97bcdf40d5051b4e9",
        "@PARENTROWID": "0-87426ce61cee4c46477b1ad7b893146f386f6e0459bad13ba5991232e6615e8d",
        "@PARENT": "root.record.ItemExhibitList.P3AModificationItemGroup.ModificationItemList.ModificationItem.Installation.ImplementationMethodList.ImplementationMethod"
    },
    {
        "Name_val": "Air Force Active",
        "Cost_Quantity_PriorYear_val": "6",
        "Cost_Quantity_CurrentYear_val": "",
        "Cost_Quantity_BudgetYearOneBase_val": "",
        "Cost_Quantity_BudgetYearOne_val": "",
        "Cost_Quantity_BudgetYearTwo_val": "",
        "Cost_TotalCost_PriorYear_val": "0.000",
        "Cost_TotalCost_CurrentYear_val": "",
        "Cost_TotalCost_BudgetYearOneBase_val": "",
        "Cost_TotalCost_BudgetYearOne_val": "",
        "Cost_TotalCost_BudgetYearTwo_val": "",
        "@SOURCE_FILENAME": "2015-BASE_PROCUREMENT-2015-AIRFORCE_AIRCRAFT_VOL2-PROCUREMENT_JustificationBook_Air_Force_PB_2015.zzz_unzipped-PROCUREMENT_JustificationBook_Air_Force_PB_2015.xml",
        "@RECORDID": "37a9176d6819849bcd695141407bcbea7c3c0b02a6c4bbb6d05d22c664d601c4",
        "@ROWID": "0-cffc8e20dec443a66d402550f54eda16362a43decd8f915a9c96660b837c500f",
        "@PARENTROWID": "0-3f7935fe1a1e81db91114075fefda0456ac43125d10a9afbe5baf0e645fbe72e",
        "@PARENT": "root.record.ItemExhibitList.P3AModificationItemGroup.ModificationItemList.ModificationItem.Installation.ImplementationMethodList.ImplementationMethod"
    },
    {
        "Name_val": "Air Force Active",
        "Cost_Quantity_PriorYear_val": "",
        "Cost_Quantity_CurrentYear_val": "25",
        "Cost_Quantity_BudgetYearOneBase_val": "",
        "Cost_Quantity_BudgetYearOne_val": "",
        "Cost_Quantity_BudgetYearTwo_val": "",
        "Cost_TotalCost_PriorYear_val": "",
        "Cost_TotalCost_CurrentYear_val": "0.615",
        "Cost_TotalCost_BudgetYearOneBase_val": "",
        "Cost_TotalCost_BudgetYearOne_val": "",
        "Cost_TotalCost_BudgetYearTwo_val": "",
        "@SOURCE_FILENAME": "2015-BASE_PROCUREMENT-2015-AIRFORCE_AIRCRAFT_VOL2-PROCUREMENT_JustificationBook_Air_Force_PB_2015.zzz_unzipped-PROCUREMENT_JustificationBook_Air_Force_PB_2015.xml",
        "@RECORDID": "37a9176d6819849bcd695141407bcbea7c3c0b02a6c4bbb6d05d22c664d601c4",
        "@ROWID": "0-9017af5682283c0672e4bf8f9f15236316f83b7b299e1332119b599313b52b6c",
        "@PARENTROWID": "0-7f01bfb63857b8fc164dfe66bf135b1ef8fd72b7da12b638b066d64b9d782354",
        "@PARENT": "root.record.ItemExhibitList.P3AModificationItemGroup.ModificationItemList.ModificationItem.Installation.ImplementationMethodList.ImplementationMethod"
    },
    {
        "Name_val": "Air National Guard",
        "Cost_Quantity_PriorYear_val": "",
        "Cost_Quantity_CurrentYear_val": "25",
        "Cost_Quantity_BudgetYearOneBase_val": "",
        "Cost_Quantity_BudgetYearOne_val": "",
        "Cost_Quantity_BudgetYearTwo_val": "",
        "Cost_TotalCost_PriorYear_val": "",
        "Cost_TotalCost_CurrentYear_val": "0.615",
        "Cost_TotalCost_BudgetYearOneBase_val": "",
        "Cost_TotalCost_BudgetYearOne_val": "",
        "Cost_TotalCost_BudgetYearTwo_val": "",
        "@SOURCE_FILENAME": "2015-BASE_PROCUREMENT-2015-AIRFORCE_AIRCRAFT_VOL2-PROCUREMENT_JustificationBook_Air_Force_PB_2015.zzz_unzipped-PROCUREMENT_JustificationBook_Air_Force_PB_2015.xml",
        "@RECORDID": "37a9176d6819849bcd695141407bcbea7c3c0b02a6c4bbb6d05d22c664d601c4",
        "@ROWID": "1-ca0bc2f1598fb35899578a13d18e0a80d6c9a69ebbcd2187d16ad3e7f0ec3eb9",
        "@PARENTROWID": "0-7f01bfb63857b8fc164dfe66bf135b1ef8fd72b7da12b638b066d64b9d782354",
        "@PARENT": "root.record.ItemExhibitList.P3AModificationItemGroup.ModificationItemList.ModificationItem.Installation.ImplementationMethodList.ImplementationMethod"
    },
    {
        "Name_val": "Air Force Active",
        "Cost_Quantity_PriorYear_val": "23",
        "Cost_Quantity_CurrentYear_val": "27",
        "Cost_Quantity_BudgetYearOneBase_val": "30",
        "Cost_Quantity_BudgetYearOne_val": "30",
        "Cost_Quantity_BudgetYearTwo_val": "13",
        "Cost_TotalCost_PriorYear_val": "7.511",
        "Cost_TotalCost_CurrentYear_val": "12.333",
        "Cost_TotalCost_BudgetYearOneBase_val": "12.4",
        "Cost_TotalCost_BudgetYearOne_val": "12.4",
        "Cost_TotalCost_BudgetYearTwo_val": "5.06",
        "@SOURCE_FILENAME": "2015-BASE_PROCUREMENT-2015-AIRFORCE_AIRCRAFT_VOL2-PROCUREMENT_JustificationBook_Air_Force_PB_2015.zzz_unzipped-PROCUREMENT_JustificationBook_Air_Force_PB_2015.xml",
        "@RECORDID": "a8005ce497b4d26a96a0a73b3a202cd9ad0d2cb8833efae151bef5451667fd9e",
        "@ROWID": "0-407bef4d655eaff82113a5a1b8602b99ba1e649ebccd268843ea518f68686413",
        "@PARENTROWID": "0-2dac0fa448427d8379426a7f45188f15925aba06ae0873998efa4fb8f4536561",
        "@PARENT": "root.record.ItemExhibitList.P3AModificationItemGroup.ModificationItemList.ModificationItem.Installation.ImplementationMethodList.ImplementationMethod"
    },
    {
        "Name_val": "Air National Guard",
        "Cost_Quantity_PriorYear_val": "",
        "Cost_Quantity_CurrentYear_val": "",
        "Cost_Quantity_BudgetYearOneBase_val": "",
        "Cost_Quantity_BudgetYearOne_val": "",
        "Cost_Quantity_BudgetYearTwo_val": "9",
        "Cost_TotalCost_PriorYear_val": "",
        "Cost_TotalCost_CurrentYear_val": "",
        "Cost_TotalCost_BudgetYearOneBase_val": "",
        "Cost_TotalCost_BudgetYearOne_val": "",
        "Cost_TotalCost_BudgetYearTwo_val": "3.503",
        "@SOURCE_FILENAME": "2015-BASE_PROCUREMENT-2015-AIRFORCE_AIRCRAFT_VOL2-PROCUREMENT_JustificationBook_Air_Force_PB_2015.zzz_unzipped-PROCUREMENT_JustificationBook_Air_Force_PB_2015.xml",
        "@RECORDID": "a8005ce497b4d26a96a0a73b3a202cd9ad0d2cb8833efae151bef5451667fd9e",
        "@ROWID": "1-fe8d8912a980ca5d73fbe23de98aac642eb0ed212a4040827ab96b7051e8de07",
        "@PARENTROWID": "0-2dac0fa448427d8379426a7f45188f15925aba06ae0873998efa4fb8f4536561",
        "@PARENT": "root.record.ItemExhibitList.P3AModificationItemGroup.ModificationItemList.ModificationItem.Installation.ImplementationMethodList.ImplementationMethod"
    },
    {
        "Name_val": "Air Force Active",
        "Cost_Quantity_PriorYear_val": "352",
        "Cost_Quantity_CurrentYear_val": "",
        "Cost_Quantity_BudgetYearOneBase_val": "",
        "Cost_Quantity_BudgetYearOne_val": "",
        "Cost_Quantity_BudgetYearTwo_val": "",
        "Cost_TotalCost_PriorYear_val": "1.142",
        "Cost_TotalCost_CurrentYear_val": "",
        "Cost_TotalCost_BudgetYearOneBase_val": "",
        "Cost_TotalCost_BudgetYearOne_val": "",
        "Cost_TotalCost_BudgetYearTwo_val": "",
        "@SOURCE_FILENAME": "2015-BASE_PROCUREMENT-2015-AIRFORCE_AIRCRAFT_VOL2-PROCUREMENT_JustificationBook_Air_Force_PB_2015.zzz_unzipped-PROCUREMENT_JustificationBook_Air_Force_PB_2015.xml",
        "@RECORDID": "a8005ce497b4d26a96a0a73b3a202cd9ad0d2cb8833efae151bef5451667fd9e",
        "@ROWID": "0-26f2421d57f19bb73cd16d929aa8fade5dc27760a8cfeed57543fba82fafce3d",
        "@PARENTROWID": "1-3ad8614db51a6313c7172c479eaf8e4d52850cfe00a17a4f43000ccab04ec939",
        "@PARENT": "root.record.ItemExhibitList.P3AModificationItemGroup.ModificationItemList.ModificationItem.Installation.ImplementationMethodList.ImplementationMethod"
    },
    {
        "Name_val": "Air National Guard",
        "Cost_Quantity_PriorYear_val": "38",
        "Cost_Quantity_CurrentYear_val": "",
        "Cost_Quantity_BudgetYearOneBase_val": "",
        "Cost_Quantity_BudgetYearOne_val": "",
        "Cost_Quantity_BudgetYearTwo_val": "",
        "Cost_TotalCost_PriorYear_val": "0.124",
        "Cost_TotalCost_CurrentYear_val": "",
        "Cost_TotalCost_BudgetYearOneBase_val": "",
        "Cost_TotalCost_BudgetYearOne_val": "",
        "Cost_TotalCost_BudgetYearTwo_val": "",
        "@SOURCE_FILENAME": "2015-BASE_PROCUREMENT-2015-AIRFORCE_AIRCRAFT_VOL2-PROCUREMENT_JustificationBook_Air_Force_PB_2015.zzz_unzipped-PROCUREMENT_JustificationBook_Air_Force_PB_2015.xml",
        "@RECORDID": "a8005ce497b4d26a96a0a73b3a202cd9ad0d2cb8833efae151bef5451667fd9e",
        "@ROWID": "1-f36731eae4d4f0c55449317dab8cd8b062bde0aedba922f65ac4a54caeac8c4d",
        "@PARENTROWID": "1-3ad8614db51a6313c7172c479eaf8e4d52850cfe00a17a4f43000ccab04ec939",
        "@PARENT": "root.record.ItemExhibitList.P3AModificationItemGroup.ModificationItemList.ModificationItem.Installation.ImplementationMethodList.ImplementationMethod"
    },
    {
        "Name_val": "Air Force Active",
        "Cost_Quantity_PriorYear_val": "15",
        "Cost_Quantity_CurrentYear_val": "",
        "Cost_Quantity_BudgetYearOneBase_val": "",
        "Cost_Quantity_BudgetYearOne_val": "",
        "Cost_Quantity_BudgetYearTwo_val": "",
        "Cost_TotalCost_PriorYear_val": "48.614",
        "Cost_TotalCost_CurrentYear_val": "",
        "Cost_TotalCost_BudgetYearOneBase_val": "",
        "Cost_TotalCost_BudgetYearOne_val": "",
        "Cost_TotalCost_BudgetYearTwo_val": "",
        "@SOURCE_FILENAME": "2015-BASE_PROCUREMENT-2015-AIRFORCE_AIRCRAFT_VOL2-PROCUREMENT_JustificationBook_Air_Force_PB_2015.zzz_unzipped-PROCUREMENT_JustificationBook_Air_Force_PB_2015.xml",
        "@RECORDID": "a8005ce497b4d26a96a0a73b3a202cd9ad0d2cb8833efae151bef5451667fd9e",
        "@ROWID": "0-cb0542c7df02fc6e8a2f27f6284d51d48f6b8fb54bc89c9b1c0cbd5e15c07c76",
        "@PARENTROWID": "0-fb9d6a56ad6b7c82aaf99726f76659128a8f05d60f1a774a4f0b703c36af81c4",
        "@PARENT": "root.record.ItemExhibitList.P3AModificationItemGroup.ModificationItemList.ModificationItem.Installation.ImplementationMethodList.ImplementationMethod"
    },
    {
        "Name_val": "Air National Guard",
        "Cost_Quantity_PriorYear_val": "2",
        "Cost_Quantity_CurrentYear_val": "",
        "Cost_Quantity_BudgetYearOneBase_val": "",
        "Cost_Quantity_BudgetYearOne_val": "",
        "Cost_Quantity_BudgetYearTwo_val": "",
        "Cost_TotalCost_PriorYear_val": "1.68",
        "Cost_TotalCost_CurrentYear_val": "",
        "Cost_TotalCost_BudgetYearOneBase_val": "",
        "Cost_TotalCost_BudgetYearOne_val": "",
        "Cost_TotalCost_BudgetYearTwo_val": "",
        "@SOURCE_FILENAME": "2015-BASE_PROCUREMENT-2015-AIRFORCE_AIRCRAFT_VOL2-PROCUREMENT_JustificationBook_Air_Force_PB_2015.zzz_unzipped-PROCUREMENT_JustificationBook_Air_Force_PB_2015.xml",
        "@RECORDID": "a8005ce497b4d26a96a0a73b3a202cd9ad0d2cb8833efae151bef5451667fd9e",
        "@ROWID": "1-9dc30af686fc2b3ab61937fe920cdab8319449ddfeb6afeb840561f9a7ce6ebd",
        "@PARENTROWID": "0-fb9d6a56ad6b7c82aaf99726f76659128a8f05d60f1a774a4f0b703c36af81c4",
        "@PARENT": "root.record.ItemExhibitList.P3AModificationItemGroup.ModificationItemList.ModificationItem.Installation.ImplementationMethodList.ImplementationMethod"
    },
    {
        "Name_val": "Air Force Active",
        "Cost_Quantity_PriorYear_val": "1",
        "Cost_Quantity_CurrentYear_val": "3",
        "Cost_Quantity_BudgetYearOneBase_val": "0",
        "Cost_Quantity_BudgetYearOne_val": "0",
        "Cost_Quantity_BudgetYearTwo_val": "",
        "Cost_TotalCost_PriorYear_val": "1.132",
        "Cost_TotalCost_CurrentYear_val": "3.828",
        "Cost_TotalCost_BudgetYearOneBase_val": "0.000",
        "Cost_TotalCost_BudgetYearOne_val": "0.000",
        "Cost_TotalCost_BudgetYearTwo_val": "",
        "@SOURCE_FILENAME": "2015-BASE_PROCUREMENT-2015-AIRFORCE_AIRCRAFT_VOL2-PROCUREMENT_MasterJustificationBook_Air_Force_PB_2015.zzz_unzipped-PROCUREMENT_MasterJustificationBook_Air_Force_PB_2015.xml",
        "@RECORDID": "ca9f1e9f848e67edf7e34b76ad9b05e59dfcbeb190b54cb2ec2a178aeaaa3bfa",
        "@ROWID": "0-464920dc8aced902b15001d19dfba2682bc13716b5beee68cbc7b3b6c9566a3d",
        "@PARENTROWID": "0-291fb96771b9f3ac3aaed25aca5addbdb007106e4485dabb1e398415e488a4eb",
        "@PARENT": "root.record.ItemExhibitList.P3AModificationItemGroup.ModificationItemList.ModificationItem.Installation.ImplementationMethodList.ImplementationMethod"
    },
    {
        "Name_val": "Air Force Active",
        "Cost_Quantity_PriorYear_val": "",
        "Cost_Quantity_CurrentYear_val": "2",
        "Cost_Quantity_BudgetYearOneBase_val": "",
        "Cost_Quantity_BudgetYearOne_val": "",
        "Cost_Quantity_BudgetYearTwo_val": "",
        "Cost_TotalCost_PriorYear_val": "",
        "Cost_TotalCost_CurrentYear_val": "0.675",
        "Cost_TotalCost_BudgetYearOneBase_val": "",
        "Cost_TotalCost_BudgetYearOne_val": "",
        "Cost_TotalCost_BudgetYearTwo_val": "",
        "@SOURCE_FILENAME": "2015-BASE_PROCUREMENT-2015-AIRFORCE_AIRCRAFT_VOL2-PROCUREMENT_MasterJustificationBook_Air_Force_PB_2015.zzz_unzipped-PROCUREMENT_MasterJustificationBook_Air_Force_PB_2015.xml",
        "@RECORDID": "ca9f1e9f848e67edf7e34b76ad9b05e59dfcbeb190b54cb2ec2a178aeaaa3bfa",
        "@ROWID": "0-fbe95a858d290fa86b450fe9bc5c8d29239fe5efdf271459041383503ac62fc6",
        "@PARENTROWID": "1-70e06db4445fc1c573d5d70d60cc7d2fe099f4deeae8364d0043b750731f3127",
        "@PARENT": "root.record.ItemExhibitList.P3AModificationItemGroup.ModificationItemList.ModificationItem.Installation.ImplementationMethodList.ImplementationMethod"
    },
    {
        "Name_val": "Air Force Active",
        "Cost_Quantity_PriorYear_val": "11",
        "Cost_Quantity_CurrentYear_val": "",
        "Cost_Quantity_BudgetYearOneBase_val": "",
        "Cost_Quantity_BudgetYearOne_val": "",
        "Cost_Quantity_BudgetYearTwo_val": "",
        "Cost_TotalCost_PriorYear_val": "222.512",
        "Cost_TotalCost_CurrentYear_val": "",
        "Cost_TotalCost_BudgetYearOneBase_val": "",
        "Cost_TotalCost_BudgetYearOne_val": "",
        "Cost_TotalCost_BudgetYearTwo_val": "",
        "@SOURCE_FILENAME": "2015-BASE_PROCUREMENT-2015-AIRFORCE_AIRCRAFT_VOL2-PROCUREMENT_MasterJustificationBook_Air_Force_PB_2015.zzz_unzipped-PROCUREMENT_MasterJustificationBook_Air_Force_PB_2015.xml",
        "@RECORDID": "aa1014d1730217cf58bd0eb1cf9155036af0caca57bd2ece54304d573c8411a2",
        "@ROWID": "0-ca27e9f5f0dbf6a41eaae4b482d9624cb320e790c8936d6db660a9a3ca9dc495",
        "@PARENTROWID": "0-0cfbfdc78ef565913780c74971269b05d9ed0d35b755dec26a6e7b09f49a629c",
        "@PARENT": "root.record.ItemExhibitList.P3AModificationItemGroup.ModificationItemList.ModificationItem.Installation.ImplementationMethodList.ImplementationMethod"
    },
    {
        "Name_val": "Air Force Active",
        "Cost_Quantity_PriorYear_val": "10",
        "Cost_Quantity_CurrentYear_val": "28",
        "Cost_Quantity_BudgetYearOneBase_val": "5",
        "Cost_Quantity_BudgetYearOne_val": "5",
        "Cost_Quantity_BudgetYearTwo_val": "",
        "Cost_TotalCost_PriorYear_val": "1.496",
        "Cost_TotalCost_CurrentYear_val": "3.007",
        "Cost_TotalCost_BudgetYearOneBase_val": "1.131",
        "Cost_TotalCost_BudgetYearOne_val": "1.131",
        "Cost_TotalCost_BudgetYearTwo_val": "",
        "@SOURCE_FILENAME": "2015-BASE_PROCUREMENT-2015-AIRFORCE_AIRCRAFT_VOL2-PROCUREMENT_MasterJustificationBook_Air_Force_PB_2015.zzz_unzipped-PROCUREMENT_MasterJustificationBook_Air_Force_PB_2015.xml",
        "@RECORDID": "e0b4c68aca5bcb28bf2a8d6314af11bf878587e1d5636a46ade0d81891a819a1",
        "@ROWID": "0-96bbd1dccdf03230c39c26c6cb233aebdea6cdb08cb7d9cd8db9da140011c105",
        "@PARENTROWID": "0-775ed7313cb0c37969e236a63a22489afbe83a23f1641aa077e3dc3a604d2563",
        "@PARENT": "root.record.ItemExhibitList.P3AModificationItemGroup.ModificationItemList.ModificationItem.Installation.ImplementationMethodList.ImplementationMethod"
    },
    {
        "Name_val": "Air National Guard",
        "Cost_Quantity_PriorYear_val": "5",
        "Cost_Quantity_CurrentYear_val": "1",
        "Cost_Quantity_BudgetYearOneBase_val": "",
        "Cost_Quantity_BudgetYearOne_val": "",
        "Cost_Quantity_BudgetYearTwo_val": "",
        "Cost_TotalCost_PriorYear_val": "0.748",
        "Cost_TotalCost_CurrentYear_val": "0.107",
        "Cost_TotalCost_BudgetYearOneBase_val": "",
        "Cost_TotalCost_BudgetYearOne_val": "",
        "Cost_TotalCost_BudgetYearTwo_val": "",
        "@SOURCE_FILENAME": "2015-BASE_PROCUREMENT-2015-AIRFORCE_AIRCRAFT_VOL2-PROCUREMENT_MasterJustificationBook_Air_Force_PB_2015.zzz_unzipped-PROCUREMENT_MasterJustificationBook_Air_Force_PB_2015.xml",
        "@RECORDID": "e0b4c68aca5bcb28bf2a8d6314af11bf878587e1d5636a46ade0d81891a819a1",
        "@ROWID": "1-589d9e9c914737ba83f10781b6a6b2de3a37c3c6ceb0af5ca2fd05628c153330",
        "@PARENTROWID": "0-775ed7313cb0c37969e236a63a22489afbe83a23f1641aa077e3dc3a604d2563",
        "@PARENT": "root.record.ItemExhibitList.P3AModificationItemGroup.ModificationItemList.ModificationItem.Installation.ImplementationMethodList.ImplementationMethod"
    },
    {
        "Name_val": "Air Force Reserve",
        "Cost_Quantity_PriorYear_val": "",
        "Cost_Quantity_CurrentYear_val": "1",
        "Cost_Quantity_BudgetYearOneBase_val": "",
        "Cost_Quantity_BudgetYearOne_val": "",
        "Cost_Quantity_BudgetYearTwo_val": "",
        "Cost_TotalCost_PriorYear_val": "",
        "Cost_TotalCost_CurrentYear_val": "0.108",
        "Cost_TotalCost_BudgetYearOneBase_val": "",
        "Cost_TotalCost_BudgetYearOne_val": "",
        "Cost_TotalCost_BudgetYearTwo_val": "",
        "@SOURCE_FILENAME": "2015-BASE_PROCUREMENT-2015-AIRFORCE_AIRCRAFT_VOL2-PROCUREMENT_MasterJustificationBook_Air_Force_PB_2015.zzz_unzipped-PROCUREMENT_MasterJustificationBook_Air_Force_PB_2015.xml",
        "@RECORDID": "e0b4c68aca5bcb28bf2a8d6314af11bf878587e1d5636a46ade0d81891a819a1",
        "@ROWID": "2-e096c258c3e359907cb216d0317540c5a17223a29946359fb260f674839432ce",
        "@PARENTROWID": "0-775ed7313cb0c37969e236a63a22489afbe83a23f1641aa077e3dc3a604d2563",
        "@PARENT": "root.record.ItemExhibitList.P3AModificationItemGroup.ModificationItemList.ModificationItem.Installation.ImplementationMethodList.ImplementationMethod"
    },
    {
        "Name_val": "Air Force Active",
        "Cost_Quantity_PriorYear_val": "144",
        "Cost_Quantity_CurrentYear_val": "73",
        "Cost_Quantity_BudgetYearOneBase_val": "",
        "Cost_Quantity_BudgetYearOne_val": "",
        "Cost_Quantity_BudgetYearTwo_val": "",
        "Cost_TotalCost_PriorYear_val": "90.713",
        "Cost_TotalCost_CurrentYear_val": "6.262",
        "Cost_TotalCost_BudgetYearOneBase_val": "",
        "Cost_TotalCost_BudgetYearOne_val": "",
        "Cost_TotalCost_BudgetYearTwo_val": "",
        "@SOURCE_FILENAME": "2015-BASE_PROCUREMENT-2015-AIRFORCE_AIRCRAFT_VOL2-PROCUREMENT_MasterJustificationBook_Air_Force_PB_2015.zzz_unzipped-PROCUREMENT_MasterJustificationBook_Air_Force_PB_2015.xml",
        "@RECORDID": "e0b4c68aca5bcb28bf2a8d6314af11bf878587e1d5636a46ade0d81891a819a1",
        "@ROWID": "0-8af2dd711f8126a70800e94f566c0fb1abdde543ea83f55d165e5338f2c9fb9c",
        "@PARENTROWID": "0-91746fb40d99ac79d8e3ade01822f6135ce65ba351861755f6232999fb46115c",
        "@PARENT": "root.record.ItemExhibitList.P3AModificationItemGroup.ModificationItemList.ModificationItem.Installation.ImplementationMethodList.ImplementationMethod"
    },
    {
        "Name_val": "Air National Guard",
        "Cost_Quantity_PriorYear_val": "14",
        "Cost_Quantity_CurrentYear_val": "55",
        "Cost_Quantity_BudgetYearOneBase_val": "45",
        "Cost_Quantity_BudgetYearOne_val": "45",
        "Cost_Quantity_BudgetYearTwo_val": "",
        "Cost_TotalCost_PriorYear_val": "9.833",
        "Cost_TotalCost_CurrentYear_val": "10.044",
        "Cost_TotalCost_BudgetYearOneBase_val": "14.975",
        "Cost_TotalCost_BudgetYearOne_val": "14.975",
        "Cost_TotalCost_BudgetYearTwo_val": "",
        "@SOURCE_FILENAME": "2015-BASE_PROCUREMENT-2015-AIRFORCE_AIRCRAFT_VOL2-PROCUREMENT_MasterJustificationBook_Air_Force_PB_2015.zzz_unzipped-PROCUREMENT_MasterJustificationBook_Air_Force_PB_2015.xml",
        "@RECORDID": "e0b4c68aca5bcb28bf2a8d6314af11bf878587e1d5636a46ade0d81891a819a1",
        "@ROWID": "1-d236523d33f9420b2a350188fab405c3dbd873353ebac494811584493b4f7e07",
        "@PARENTROWID": "0-91746fb40d99ac79d8e3ade01822f6135ce65ba351861755f6232999fb46115c",
        "@PARENT": "root.record.ItemExhibitList.P3AModificationItemGroup.ModificationItemList.ModificationItem.Installation.ImplementationMethodList.ImplementationMethod"
    },
    {
        "Name_val": "Air Force Reserve",
        "Cost_Quantity_PriorYear_val": "12",
        "Cost_Quantity_CurrentYear_val": "21",
        "Cost_Quantity_BudgetYearOneBase_val": "28",
        "Cost_Quantity_BudgetYearOne_val": "28",
        "Cost_Quantity_BudgetYearTwo_val": "",
        "Cost_TotalCost_PriorYear_val": "8.429",
        "Cost_TotalCost_CurrentYear_val": "3.653",
        "Cost_TotalCost_BudgetYearOneBase_val": "8.974",
        "Cost_TotalCost_BudgetYearOne_val": "8.974",
        "Cost_TotalCost_BudgetYearTwo_val": "",
        "@SOURCE_FILENAME": "2015-BASE_PROCUREMENT-2015-AIRFORCE_AIRCRAFT_VOL2-PROCUREMENT_MasterJustificationBook_Air_Force_PB_2015.zzz_unzipped-PROCUREMENT_MasterJustificationBook_Air_Force_PB_2015.xml",
        "@RECORDID": "e0b4c68aca5bcb28bf2a8d6314af11bf878587e1d5636a46ade0d81891a819a1",
        "@ROWID": "2-b45d7455c96352ef4e70b56fa32b61978610a5a6bc28e43319c969da4a5bc135",
        "@PARENTROWID": "0-91746fb40d99ac79d8e3ade01822f6135ce65ba351861755f6232999fb46115c",
        "@PARENT": "root.record.ItemExhibitList.P3AModificationItemGroup.ModificationItemList.ModificationItem.Installation.ImplementationMethodList.ImplementationMethod"
    },
    {
        "Name_val": "Air Force Active",
        "Cost_Quantity_PriorYear_val": "2",
        "Cost_Quantity_CurrentYear_val": "",
        "Cost_Quantity_BudgetYearOneBase_val": "",
        "Cost_Quantity_BudgetYearOne_val": "",
        "Cost_Quantity_BudgetYearTwo_val": "",
        "Cost_TotalCost_PriorYear_val": "1.771",
        "Cost_TotalCost_CurrentYear_val": "",
        "Cost_TotalCost_BudgetYearOneBase_val": "",
        "Cost_TotalCost_BudgetYearOne_val": "",
        "Cost_TotalCost_BudgetYearTwo_val": "",
        "@SOURCE_FILENAME": "2015-BASE_PROCUREMENT-2015-AIRFORCE_AIRCRAFT_VOL2-PROCUREMENT_MasterJustificationBook_Air_Force_PB_2015.zzz_unzipped-PROCUREMENT_MasterJustificationBook_Air_Force_PB_2015.xml",
        "@RECORDID": "e0b4c68aca5bcb28bf2a8d6314af11bf878587e1d5636a46ade0d81891a819a1",
        "@ROWID": "0-a972b6df9bf670ab3cbdb55b077a1ec1e8dbffefe76c87943a0ea2a412ab3e70",
        "@PARENTROWID": "0-95ff6d000ba37a5debf46ab360a139b252fa9247af2d849f705acb46bef7ab4c",
        "@PARENT": "root.record.ItemExhibitList.P3AModificationItemGroup.ModificationItemList.ModificationItem.Installation.ImplementationMethodList.ImplementationMethod"
    },
    {
        "Name_val": "Air Force Active",
        "Cost_Quantity_PriorYear_val": "",
        "Cost_Quantity_CurrentYear_val": "2",
        "Cost_Quantity_BudgetYearOneBase_val": "2",
        "Cost_Quantity_BudgetYearOne_val": "2",
        "Cost_Quantity_BudgetYearTwo_val": "",
        "Cost_TotalCost_PriorYear_val": "",
        "Cost_TotalCost_CurrentYear_val": "5.474",
        "Cost_TotalCost_BudgetYearOneBase_val": "5.497",
        "Cost_TotalCost_BudgetYearOne_val": "5.497",
        "Cost_TotalCost_BudgetYearTwo_val": "",
        "@SOURCE_FILENAME": "2015-BASE_PROCUREMENT-2015-AIRFORCE_AIRCRAFT_VOL2-PROCUREMENT_MasterJustificationBook_Air_Force_PB_2015.zzz_unzipped-PROCUREMENT_MasterJustificationBook_Air_Force_PB_2015.xml",
        "@RECORDID": "e0b4c68aca5bcb28bf2a8d6314af11bf878587e1d5636a46ade0d81891a819a1",
        "@ROWID": "0-8a8f73da30d164351a018e519522159ec8b9d5bddfa8f6670ce08b8fe61a25c8",
        "@PARENTROWID": "0-9e85bfc034902b13671d8ecabcd71b4254dcef2cd9fc655c35f5615fca89f42b",
        "@PARENT": "root.record.ItemExhibitList.P3AModificationItemGroup.ModificationItemList.ModificationItem.Installation.ImplementationMethodList.ImplementationMethod"
    },
    {
        "Name_val": "Air Force Active",
        "Cost_Quantity_PriorYear_val": "2",
        "Cost_Quantity_CurrentYear_val": "",
        "Cost_Quantity_BudgetYearOneBase_val": "",
        "Cost_Quantity_BudgetYearOne_val": "",
        "Cost_Quantity_BudgetYearTwo_val": "",
        "Cost_TotalCost_PriorYear_val": "0.000",
        "Cost_TotalCost_CurrentYear_val": "",
        "Cost_TotalCost_BudgetYearOneBase_val": "",
        "Cost_TotalCost_BudgetYearOne_val": "",
        "Cost_TotalCost_BudgetYearTwo_val": "",
        "@SOURCE_FILENAME": "2015-BASE_PROCUREMENT-2015-AIRFORCE_AIRCRAFT_VOL2-PROCUREMENT_MasterJustificationBook_Air_Force_PB_2015.zzz_unzipped-PROCUREMENT_MasterJustificationBook_Air_Force_PB_2015.xml",
        "@RECORDID": "e0b4c68aca5bcb28bf2a8d6314af11bf878587e1d5636a46ade0d81891a819a1",
        "@ROWID": "0-04323dce82c34bafa6971af17b55451c31420b2fb25955674d8c843211ea2933",
        "@PARENTROWID": "0-19c82a7e5bac22941ca9092bd44b196a457235ccefa2b0b4d3d8f2d75eec7e4b",
        "@PARENT": "root.record.ItemExhibitList.P3AModificationItemGroup.ModificationItemList.ModificationItem.Installation.ImplementationMethodList.ImplementationMethod"
    },
    {
        "Name_val": "Air Force Active",
        "Cost_Quantity_PriorYear_val": "1",
        "Cost_Quantity_CurrentYear_val": "2",
        "Cost_Quantity_BudgetYearOneBase_val": "6",
        "Cost_Quantity_BudgetYearOne_val": "6",
        "Cost_Quantity_BudgetYearTwo_val": "",
        "Cost_TotalCost_PriorYear_val": "0.000",
        "Cost_TotalCost_CurrentYear_val": "4.75",
        "Cost_TotalCost_BudgetYearOneBase_val": "9.864",
        "Cost_TotalCost_BudgetYearOne_val": "9.864",
        "Cost_TotalCost_BudgetYearTwo_val": "",
        "@SOURCE_FILENAME": "2015-BASE_PROCUREMENT-2015-AIRFORCE_AIRCRAFT_VOL2-PROCUREMENT_MasterJustificationBook_Air_Force_PB_2015.zzz_unzipped-PROCUREMENT_MasterJustificationBook_Air_Force_PB_2015.xml",
        "@RECORDID": "0b3cc84504de3dcd8d9b0ee78b03c6179e180dce85fc9cbee3b0fc0b68f603c4",
        "@ROWID": "0-3d0f17244ca7c375624ae01132bf33dabf94c6de4ed185577100aa75fb4c6d29",
        "@PARENTROWID": "0-dbe57f53456a8e285923a0294caecb20cb80b45b25200dd35634a4f5ef1fc6df",
        "@PARENT": "root.record.ItemExhibitList.P3AModificationItemGroup.ModificationItemList.ModificationItem.Installation.ImplementationMethodList.ImplementationMethod"
    },
    {
        "Name_val": "Air Force Active",
        "Cost_Quantity_PriorYear_val": "1",
        "Cost_Quantity_CurrentYear_val": "1",
        "Cost_Quantity_BudgetYearOneBase_val": "2",
        "Cost_Quantity_BudgetYearOne_val": "2",
        "Cost_Quantity_BudgetYearTwo_val": "",
        "Cost_TotalCost_PriorYear_val": "2.557",
        "Cost_TotalCost_CurrentYear_val": "2.716",
        "Cost_TotalCost_BudgetYearOneBase_val": "5.534",
        "Cost_TotalCost_BudgetYearOne_val": "5.534",
        "Cost_TotalCost_BudgetYearTwo_val": "",
        "@SOURCE_FILENAME": "2015-BASE_PROCUREMENT-2015-AIRFORCE_AIRCRAFT_VOL2-PROCUREMENT_MasterJustificationBook_Air_Force_PB_2015.zzz_unzipped-PROCUREMENT_MasterJustificationBook_Air_Force_PB_2015.xml",
        "@RECORDID": "238e5085dc0888e77904efb55416822a25ede521b2dc0ac35009e46fc2ba274d",
        "@ROWID": "0-0d46ad86d094b60caf2c03e27aec4adcd4e2294b71f0df7bc2e3bcb970a113d6",
        "@PARENTROWID": "0-98424512ef928b62666781822fd2455139ef56126c48b00caf1fc0448c8e1384",
        "@PARENT": "root.record.ItemExhibitList.P3AModificationItemGroup.ModificationItemList.ModificationItem.Installation.ImplementationMethodList.ImplementationMethod"
    },
    {
        "Name_val": "Air Force Active",
        "Cost_Quantity_PriorYear_val": "4",
        "Cost_Quantity_CurrentYear_val": "2",
        "Cost_Quantity_BudgetYearOneBase_val": "",
        "Cost_Quantity_BudgetYearOne_val": "",
        "Cost_Quantity_BudgetYearTwo_val": "",
        "Cost_TotalCost_PriorYear_val": "10.585",
        "Cost_TotalCost_CurrentYear_val": "6.045",
        "Cost_TotalCost_BudgetYearOneBase_val": "",
        "Cost_TotalCost_BudgetYearOne_val": "",
        "Cost_TotalCost_BudgetYearTwo_val": "",
        "@SOURCE_FILENAME": "2015-BASE_PROCUREMENT-2015-AIRFORCE_AIRCRAFT_VOL2-PROCUREMENT_MasterJustificationBook_Air_Force_PB_2015.zzz_unzipped-PROCUREMENT_MasterJustificationBook_Air_Force_PB_2015.xml",
        "@RECORDID": "238e5085dc0888e77904efb55416822a25ede521b2dc0ac35009e46fc2ba274d",
        "@ROWID": "0-93ff61462092abc35e2b58145c2d63ee464e242e93116a28aa8e75108b7f7d09",
        "@PARENTROWID": "0-0374863a905b9492241106dce5d33853b00f6b5772f3ddc5d42916b7dc5f4cfd",
        "@PARENT": "root.record.ItemExhibitList.P3AModificationItemGroup.ModificationItemList.ModificationItem.Installation.ImplementationMethodList.ImplementationMethod"
    },
    {
        "Name_val": "Air Force Active",
        "Cost_Quantity_PriorYear_val": "1",
        "Cost_Quantity_CurrentYear_val": "1",
        "Cost_Quantity_BudgetYearOneBase_val": "1",
        "Cost_Quantity_BudgetYearOne_val": "1",
        "Cost_Quantity_BudgetYearTwo_val": "",
        "Cost_TotalCost_PriorYear_val": "2.6",
        "Cost_TotalCost_CurrentYear_val": "2.6",
        "Cost_TotalCost_BudgetYearOneBase_val": "2.6",
        "Cost_TotalCost_BudgetYearOne_val": "2.6",
        "Cost_TotalCost_BudgetYearTwo_val": "",
        "@SOURCE_FILENAME": "2015-BASE_PROCUREMENT-2015-AIRFORCE_AIRCRAFT_VOL2-PROCUREMENT_MasterJustificationBook_Air_Force_PB_2015.zzz_unzipped-PROCUREMENT_MasterJustificationBook_Air_Force_PB_2015.xml",
        "@RECORDID": "238e5085dc0888e77904efb55416822a25ede521b2dc0ac35009e46fc2ba274d",
        "@ROWID": "0-4b55a3044f34999c18f2ca3d701556cc7b8d8d66890c4ef9010f2442a1b16a08",
        "@PARENTROWID": "0-b2311f0768ab471df1ce3d3a0ed7ac69b8b5446e6575a8173928d10159ad6025",
        "@PARENT": "root.record.ItemExhibitList.P3AModificationItemGroup.ModificationItemList.ModificationItem.Installation.ImplementationMethodList.ImplementationMethod"
    },
    {
        "Name_val": "Air Force Active",
        "Cost_Quantity_PriorYear_val": "",
        "Cost_Quantity_CurrentYear_val": "3",
        "Cost_Quantity_BudgetYearOneBase_val": "",
        "Cost_Quantity_BudgetYearOne_val": "",
        "Cost_Quantity_BudgetYearTwo_val": "",
        "Cost_TotalCost_PriorYear_val": "",
        "Cost_TotalCost_CurrentYear_val": "0.334",
        "Cost_TotalCost_BudgetYearOneBase_val": "",
        "Cost_TotalCost_BudgetYearOne_val": "",
        "Cost_TotalCost_BudgetYearTwo_val": "",
        "@SOURCE_FILENAME": "2015-BASE_PROCUREMENT-2015-AIRFORCE_AIRCRAFT_VOL2-PROCUREMENT_MasterJustificationBook_Air_Force_PB_2015.zzz_unzipped-PROCUREMENT_MasterJustificationBook_Air_Force_PB_2015.xml",
        "@RECORDID": "915b03b5c79079cef74c1f5fed99ff94d2a961666ffa690a638fb838766b41c1",
        "@ROWID": "0-3b5536ffe1c6f6cfb7129345dabcc9c8c8ace6b715bdd6549ddad4609552daa8",
        "@PARENTROWID": "0-c53bd6d1023944f42479fb8c499dbd9304655cded55ea017f5b1bca5f99a655f",
        "@PARENT": "root.record.ItemExhibitList.P3AModificationItemGroup.ModificationItemList.ModificationItem.Installation.ImplementationMethodList.ImplementationMethod"
    },
    {
        "Name_val": "Air Force Active",
        "Cost_Quantity_PriorYear_val": "",
        "Cost_Quantity_CurrentYear_val": "15",
        "Cost_Quantity_BudgetYearOneBase_val": "",
        "Cost_Quantity_BudgetYearOne_val": "",
        "Cost_Quantity_BudgetYearTwo_val": "",
        "Cost_TotalCost_PriorYear_val": "",
        "Cost_TotalCost_CurrentYear_val": "7.25",
        "Cost_TotalCost_BudgetYearOneBase_val": "",
        "Cost_TotalCost_BudgetYearOne_val": "",
        "Cost_TotalCost_BudgetYearTwo_val": "",
        "@SOURCE_FILENAME": "2015-BASE_PROCUREMENT-2015-AIRFORCE_AIRCRAFT_VOL2-PROCUREMENT_MasterJustificationBook_Air_Force_PB_2015.zzz_unzipped-PROCUREMENT_MasterJustificationBook_Air_Force_PB_2015.xml",
        "@RECORDID": "1d0ff418bd7c6cd4e0e89bd791631b1a3c0f2af4c9f1aa7bb064636a8d9f282b",
        "@ROWID": "0-f88844b7210dbef73685567d4bd84c7b50e091b01ab6f2d56fcdfb017287e5ba",
        "@PARENTROWID": "0-6181d838a0c95a43dced3ee6dc375ac6434e77827c451a6b51d772145650d79f",
        "@PARENT": "root.record.ItemExhibitList.P3AModificationItemGroup.ModificationItemList.ModificationItem.Installation.ImplementationMethodList.ImplementationMethod"
    },
    {
        "Name_val": "Air Force Active",
        "Cost_Quantity_PriorYear_val": "",
        "Cost_Quantity_CurrentYear_val": "",
        "Cost_Quantity_BudgetYearOneBase_val": "7",
        "Cost_Quantity_BudgetYearOne_val": "7",
        "Cost_Quantity_BudgetYearTwo_val": "",
        "Cost_TotalCost_PriorYear_val": "",
        "Cost_TotalCost_CurrentYear_val": "",
        "Cost_TotalCost_BudgetYearOneBase_val": "43.127",
        "Cost_TotalCost_BudgetYearOne_val": "43.127",
        "Cost_TotalCost_BudgetYearTwo_val": "",
        "@SOURCE_FILENAME": "2015-BASE_PROCUREMENT-2015-AIRFORCE_AIRCRAFT_VOL2-PROCUREMENT_MasterJustificationBook_Air_Force_PB_2015.zzz_unzipped-PROCUREMENT_MasterJustificationBook_Air_Force_PB_2015.xml",
        "@RECORDID": "a48921b64d03b92f38e99229622434b0339f2788458c62c08f23ae8dd17a6497",
        "@ROWID": "0-d3cfe2db14a2014be23b53d91e337ff33b0433aa5c2db185ad2b3a592faedd95",
        "@PARENTROWID": "0-927c625330c2c8b21971168dabdf7e41d46feb8e747d35cc99db03f7633854fc",
        "@PARENT": "root.record.ItemExhibitList.P3AModificationItemGroup.ModificationItemList.ModificationItem.Installation.ImplementationMethodList.ImplementationMethod"
    },
    {
        "Name_val": "Air Force Active",
        "Cost_Quantity_PriorYear_val": "4",
        "Cost_Quantity_CurrentYear_val": "8",
        "Cost_Quantity_BudgetYearOneBase_val": "8",
        "Cost_Quantity_BudgetYearOne_val": "8",
        "Cost_Quantity_BudgetYearTwo_val": "",
        "Cost_TotalCost_PriorYear_val": "1.833",
        "Cost_TotalCost_CurrentYear_val": "5.603",
        "Cost_TotalCost_BudgetYearOneBase_val": "5.704",
        "Cost_TotalCost_BudgetYearOne_val": "5.704",
        "Cost_TotalCost_BudgetYearTwo_val": "",
        "@SOURCE_FILENAME": "2015-BASE_PROCUREMENT-2015-AIRFORCE_AIRCRAFT_VOL2-PROCUREMENT_MasterJustificationBook_Air_Force_PB_2015.zzz_unzipped-PROCUREMENT_MasterJustificationBook_Air_Force_PB_2015.xml",
        "@RECORDID": "855eae1cbb61b6501bc214ee71975773395e237741d724826b960bf4c434431a",
        "@ROWID": "0-931a8877c1a694e96b0484f7f0222adf763a9e3d9041acf3bc8e4e4937505698",
        "@PARENTROWID": "0-05a5512a8234f0ea4a1f6a760efc7c446cc43f0996ff431b8a5d279fd44b456c",
        "@PARENT": "root.record.ItemExhibitList.P3AModificationItemGroup.ModificationItemList.ModificationItem.Installation.ImplementationMethodList.ImplementationMethod"
    },
    {
        "Name_val": "Air Force Active",
        "Cost_Quantity_PriorYear_val": "16",
        "Cost_Quantity_CurrentYear_val": "10",
        "Cost_Quantity_BudgetYearOneBase_val": "8",
        "Cost_Quantity_BudgetYearOne_val": "8",
        "Cost_Quantity_BudgetYearTwo_val": "",
        "Cost_TotalCost_PriorYear_val": "2.044",
        "Cost_TotalCost_CurrentYear_val": "4.347",
        "Cost_TotalCost_BudgetYearOneBase_val": "0.000",
        "Cost_TotalCost_BudgetYearOne_val": "0.000",
        "Cost_TotalCost_BudgetYearTwo_val": "",
        "@SOURCE_FILENAME": "2015-BASE_PROCUREMENT-2015-AIRFORCE_AIRCRAFT_VOL2-PROCUREMENT_MasterJustificationBook_Air_Force_PB_2015.zzz_unzipped-PROCUREMENT_MasterJustificationBook_Air_Force_PB_2015.xml",
        "@RECORDID": "855eae1cbb61b6501bc214ee71975773395e237741d724826b960bf4c434431a",
        "@ROWID": "0-1d3d89a66e2b57b656b59c8aed066e4173347b2851ef7f9c4eeeea5fb13e00c7",
        "@PARENTROWID": "0-d4ea9ad91007926f7c650fc6b35daa4c0c19b5e48944b29c090a1e4b89b2513b",
        "@PARENT": "root.record.ItemExhibitList.P3AModificationItemGroup.ModificationItemList.ModificationItem.Installation.ImplementationMethodList.ImplementationMethod"
    },
    {
        "Name_val": "Air National Guard",
        "Cost_Quantity_PriorYear_val": "8",
        "Cost_Quantity_CurrentYear_val": "7",
        "Cost_Quantity_BudgetYearOneBase_val": "13",
        "Cost_Quantity_BudgetYearOne_val": "13",
        "Cost_Quantity_BudgetYearTwo_val": "",
        "Cost_TotalCost_PriorYear_val": "0.000",
        "Cost_TotalCost_CurrentYear_val": "0.000",
        "Cost_TotalCost_BudgetYearOneBase_val": "0.000",
        "Cost_TotalCost_BudgetYearOne_val": "0.000",
        "Cost_TotalCost_BudgetYearTwo_val": "",
        "@SOURCE_FILENAME": "2015-BASE_PROCUREMENT-2015-AIRFORCE_AIRCRAFT_VOL2-PROCUREMENT_MasterJustificationBook_Air_Force_PB_2015.zzz_unzipped-PROCUREMENT_MasterJustificationBook_Air_Force_PB_2015.xml",
        "@RECORDID": "855eae1cbb61b6501bc214ee71975773395e237741d724826b960bf4c434431a",
        "@ROWID": "1-79a92550aeb203b66cd6e1dfed84eed9a8a3a209df40c1c7be01b575479436fe",
        "@PARENTROWID": "0-d4ea9ad91007926f7c650fc6b35daa4c0c19b5e48944b29c090a1e4b89b2513b",
        "@PARENT": "root.record.ItemExhibitList.P3AModificationItemGroup.ModificationItemList.ModificationItem.Installation.ImplementationMethodList.ImplementationMethod"
    },
    {
        "Name_val": "Air Force Active",
        "Cost_Quantity_PriorYear_val": "6",
        "Cost_Quantity_CurrentYear_val": "",
        "Cost_Quantity_BudgetYearOneBase_val": "",
        "Cost_Quantity_BudgetYearOne_val": "",
        "Cost_Quantity_BudgetYearTwo_val": "",
        "Cost_TotalCost_PriorYear_val": "0.000",
        "Cost_TotalCost_CurrentYear_val": "",
        "Cost_TotalCost_BudgetYearOneBase_val": "",
        "Cost_TotalCost_BudgetYearOne_val": "",
        "Cost_TotalCost_BudgetYearTwo_val": "",
        "@SOURCE_FILENAME": "2015-BASE_PROCUREMENT-2015-AIRFORCE_AIRCRAFT_VOL2-PROCUREMENT_MasterJustificationBook_Air_Force_PB_2015.zzz_unzipped-PROCUREMENT_MasterJustificationBook_Air_Force_PB_2015.xml",
        "@RECORDID": "855eae1cbb61b6501bc214ee71975773395e237741d724826b960bf4c434431a",
        "@ROWID": "0-4bd38e1bd3729fdea94ac33564b5ec638308b09918c5d5bf6519ba148c6c5bbf",
        "@PARENTROWID": "0-093c6709582261b4313cee340f28ece624cd1d3cdfe372a128f29cb4a71dd321",
        "@PARENT": "root.record.ItemExhibitList.P3AModificationItemGroup.ModificationItemList.ModificationItem.Installation.ImplementationMethodList.ImplementationMethod"
    },
    {
        "Name_val": "Air Force Active",
        "Cost_Quantity_PriorYear_val": "",
        "Cost_Quantity_CurrentYear_val": "25",
        "Cost_Quantity_BudgetYearOneBase_val": "",
        "Cost_Quantity_BudgetYearOne_val": "",
        "Cost_Quantity_BudgetYearTwo_val": "",
        "Cost_TotalCost_PriorYear_val": "",
        "Cost_TotalCost_CurrentYear_val": "0.615",
        "Cost_TotalCost_BudgetYearOneBase_val": "",
        "Cost_TotalCost_BudgetYearOne_val": "",
        "Cost_TotalCost_BudgetYearTwo_val": "",
        "@SOURCE_FILENAME": "2015-BASE_PROCUREMENT-2015-AIRFORCE_AIRCRAFT_VOL2-PROCUREMENT_MasterJustificationBook_Air_Force_PB_2015.zzz_unzipped-PROCUREMENT_MasterJustificationBook_Air_Force_PB_2015.xml",
        "@RECORDID": "855eae1cbb61b6501bc214ee71975773395e237741d724826b960bf4c434431a",
        "@ROWID": "0-fa2a90b7369f664a400dc63d7349e6952ba62defcc02aafe4be953c5c9933755",
        "@PARENTROWID": "0-e689d29bfcbe019879fd87c71f3e0f9e0da097dc46a06bce986d84015a70218b",
        "@PARENT": "root.record.ItemExhibitList.P3AModificationItemGroup.ModificationItemList.ModificationItem.Installation.ImplementationMethodList.ImplementationMethod"
    },
    {
        "Name_val": "Air National Guard",
        "Cost_Quantity_PriorYear_val": "",
        "Cost_Quantity_CurrentYear_val": "25",
        "Cost_Quantity_BudgetYearOneBase_val": "",
        "Cost_Quantity_BudgetYearOne_val": "",
        "Cost_Quantity_BudgetYearTwo_val": "",
        "Cost_TotalCost_PriorYear_val": "",
        "Cost_TotalCost_CurrentYear_val": "0.615",
        "Cost_TotalCost_BudgetYearOneBase_val": "",
        "Cost_TotalCost_BudgetYearOne_val": "",
        "Cost_TotalCost_BudgetYearTwo_val": "",
        "@SOURCE_FILENAME": "2015-BASE_PROCUREMENT-2015-AIRFORCE_AIRCRAFT_VOL2-PROCUREMENT_MasterJustificationBook_Air_Force_PB_2015.zzz_unzipped-PROCUREMENT_MasterJustificationBook_Air_Force_PB_2015.xml",
        "@RECORDID": "855eae1cbb61b6501bc214ee71975773395e237741d724826b960bf4c434431a",
        "@ROWID": "1-2bfd3bf6e73487757d572c45226fafd988176a93e03c470e1f3fa746d7b3f09e",
        "@PARENTROWID": "0-e689d29bfcbe019879fd87c71f3e0f9e0da097dc46a06bce986d84015a70218b",
        "@PARENT": "root.record.ItemExhibitList.P3AModificationItemGroup.ModificationItemList.ModificationItem.Installation.ImplementationMethodList.ImplementationMethod"
    },
    {
        "Name_val": "Air Force Active",
        "Cost_Quantity_PriorYear_val": "23",
        "Cost_Quantity_CurrentYear_val": "27",
        "Cost_Quantity_BudgetYearOneBase_val": "30",
        "Cost_Quantity_BudgetYearOne_val": "30",
        "Cost_Quantity_BudgetYearTwo_val": "13",
        "Cost_TotalCost_PriorYear_val": "7.511",
        "Cost_TotalCost_CurrentYear_val": "12.333",
        "Cost_TotalCost_BudgetYearOneBase_val": "12.4",
        "Cost_TotalCost_BudgetYearOne_val": "12.4",
        "Cost_TotalCost_BudgetYearTwo_val": "5.06",
        "@SOURCE_FILENAME": "2015-BASE_PROCUREMENT-2015-AIRFORCE_AIRCRAFT_VOL2-PROCUREMENT_MasterJustificationBook_Air_Force_PB_2015.zzz_unzipped-PROCUREMENT_MasterJustificationBook_Air_Force_PB_2015.xml",
        "@RECORDID": "e0999d2b89817dbe0cc954d07a44ef1ad1938f20a6bca9d4306e26527654e26d",
        "@ROWID": "0-e0e6ec7043ea209e71a8d67874e491e4cf902423581d8bfadb8a159dbcbbe71c",
        "@PARENTROWID": "0-ee92a4bc01a8ce6f68389883c492d381a85e11ec57278bfa3703d712cdcd12ee",
        "@PARENT": "root.record.ItemExhibitList.P3AModificationItemGroup.ModificationItemList.ModificationItem.Installation.ImplementationMethodList.ImplementationMethod"
    },
    {
        "Name_val": "Air National Guard",
        "Cost_Quantity_PriorYear_val": "",
        "Cost_Quantity_CurrentYear_val": "",
        "Cost_Quantity_BudgetYearOneBase_val": "",
        "Cost_Quantity_BudgetYearOne_val": "",
        "Cost_Quantity_BudgetYearTwo_val": "9",
        "Cost_TotalCost_PriorYear_val": "",
        "Cost_TotalCost_CurrentYear_val": "",
        "Cost_TotalCost_BudgetYearOneBase_val": "",
        "Cost_TotalCost_BudgetYearOne_val": "",
        "Cost_TotalCost_BudgetYearTwo_val": "3.503",
        "@SOURCE_FILENAME": "2015-BASE_PROCUREMENT-2015-AIRFORCE_AIRCRAFT_VOL2-PROCUREMENT_MasterJustificationBook_Air_Force_PB_2015.zzz_unzipped-PROCUREMENT_MasterJustificationBook_Air_Force_PB_2015.xml",
        "@RECORDID": "e0999d2b89817dbe0cc954d07a44ef1ad1938f20a6bca9d4306e26527654e26d",
        "@ROWID": "1-9fe00e773d25cebd06e2e82129d3b07bff81ce521208f0907c996b7d8af637b5",
        "@PARENTROWID": "0-ee92a4bc01a8ce6f68389883c492d381a85e11ec57278bfa3703d712cdcd12ee",
        "@PARENT": "root.record.ItemExhibitList.P3AModificationItemGroup.ModificationItemList.ModificationItem.Installation.ImplementationMethodList.ImplementationMethod"
    },
    {
        "Name_val": "Air Force Active",
        "Cost_Quantity_PriorYear_val": "352",
        "Cost_Quantity_CurrentYear_val": "",
        "Cost_Quantity_BudgetYearOneBase_val": "",
        "Cost_Quantity_BudgetYearOne_val": "",
        "Cost_Quantity_BudgetYearTwo_val": "",
        "Cost_TotalCost_PriorYear_val": "1.142",
        "Cost_TotalCost_CurrentYear_val": "",
        "Cost_TotalCost_BudgetYearOneBase_val": "",
        "Cost_TotalCost_BudgetYearOne_val": "",
        "Cost_TotalCost_BudgetYearTwo_val": "",
        "@SOURCE_FILENAME": "2015-BASE_PROCUREMENT-2015-AIRFORCE_AIRCRAFT_VOL2-PROCUREMENT_MasterJustificationBook_Air_Force_PB_2015.zzz_unzipped-PROCUREMENT_MasterJustificationBook_Air_Force_PB_2015.xml",
        "@RECORDID": "e0999d2b89817dbe0cc954d07a44ef1ad1938f20a6bca9d4306e26527654e26d",
        "@ROWID": "0-a88c4e33cd26be554394c1a2105de27656a573d706e97d0e616ad1d4b16e6e01",
        "@PARENTROWID": "1-68e6c4e3316d66082b07907326f16ac2dc242be677e4ef1f74051359d4d07fee",
        "@PARENT": "root.record.ItemExhibitList.P3AModificationItemGroup.ModificationItemList.ModificationItem.Installation.ImplementationMethodList.ImplementationMethod"
    },
    {
        "Name_val": "Air National Guard",
        "Cost_Quantity_PriorYear_val": "38",
        "Cost_Quantity_CurrentYear_val": "",
        "Cost_Quantity_BudgetYearOneBase_val": "",
        "Cost_Quantity_BudgetYearOne_val": "",
        "Cost_Quantity_BudgetYearTwo_val": "",
        "Cost_TotalCost_PriorYear_val": "0.124",
        "Cost_TotalCost_CurrentYear_val": "",
        "Cost_TotalCost_BudgetYearOneBase_val": "",
        "Cost_TotalCost_BudgetYearOne_val": "",
        "Cost_TotalCost_BudgetYearTwo_val": "",
        "@SOURCE_FILENAME": "2015-BASE_PROCUREMENT-2015-AIRFORCE_AIRCRAFT_VOL2-PROCUREMENT_MasterJustificationBook_Air_Force_PB_2015.zzz_unzipped-PROCUREMENT_MasterJustificationBook_Air_Force_PB_2015.xml",
        "@RECORDID": "e0999d2b89817dbe0cc954d07a44ef1ad1938f20a6bca9d4306e26527654e26d",
        "@ROWID": "1-1182495b89d217d18363ef517aa9814a504940707fc894f01fe95746c5106a6f",
        "@PARENTROWID": "1-68e6c4e3316d66082b07907326f16ac2dc242be677e4ef1f74051359d4d07fee",
        "@PARENT": "root.record.ItemExhibitList.P3AModificationItemGroup.ModificationItemList.ModificationItem.Installation.ImplementationMethodList.ImplementationMethod"
    },
    {
        "Name_val": "Air Force Active",
        "Cost_Quantity_PriorYear_val": "15",
        "Cost_Quantity_CurrentYear_val": "",
        "Cost_Quantity_BudgetYearOneBase_val": "",
        "Cost_Quantity_BudgetYearOne_val": "",
        "Cost_Quantity_BudgetYearTwo_val": "",
        "Cost_TotalCost_PriorYear_val": "48.614",
        "Cost_TotalCost_CurrentYear_val": "",
        "Cost_TotalCost_BudgetYearOneBase_val": "",
        "Cost_TotalCost_BudgetYearOne_val": "",
        "Cost_TotalCost_BudgetYearTwo_val": "",
        "@SOURCE_FILENAME": "2015-BASE_PROCUREMENT-2015-AIRFORCE_AIRCRAFT_VOL2-PROCUREMENT_MasterJustificationBook_Air_Force_PB_2015.zzz_unzipped-PROCUREMENT_MasterJustificationBook_Air_Force_PB_2015.xml",
        "@RECORDID": "e0999d2b89817dbe0cc954d07a44ef1ad1938f20a6bca9d4306e26527654e26d",
        "@ROWID": "0-4bbb6f2d35e951fb3367cdb281d3a0c856ae4265195f0da27933f81d648c58c7",
        "@PARENTROWID": "0-c7d751639336ca01f70a4ec200716aa4580ab3250a14053a4ac7cf898b30a5f7",
        "@PARENT": "root.record.ItemExhibitList.P3AModificationItemGroup.ModificationItemList.ModificationItem.Installation.ImplementationMethodList.ImplementationMethod"
    },
    {
        "Name_val": "Air National Guard",
        "Cost_Quantity_PriorYear_val": "2",
        "Cost_Quantity_CurrentYear_val": "",
        "Cost_Quantity_BudgetYearOneBase_val": "",
        "Cost_Quantity_BudgetYearOne_val": "",
        "Cost_Quantity_BudgetYearTwo_val": "",
        "Cost_TotalCost_PriorYear_val": "1.68",
        "Cost_TotalCost_CurrentYear_val": "",
        "Cost_TotalCost_BudgetYearOneBase_val": "",
        "Cost_TotalCost_BudgetYearOne_val": "",
        "Cost_TotalCost_BudgetYearTwo_val": "",
        "@SOURCE_FILENAME": "2015-BASE_PROCUREMENT-2015-AIRFORCE_AIRCRAFT_VOL2-PROCUREMENT_MasterJustificationBook_Air_Force_PB_2015.zzz_unzipped-PROCUREMENT_MasterJustificationBook_Air_Force_PB_2015.xml",
        "@RECORDID": "e0999d2b89817dbe0cc954d07a44ef1ad1938f20a6bca9d4306e26527654e26d",
        "@ROWID": "1-643b564852e108e0a52f5f3baa581a200f62e71a03d0c9323eba5efe18853c4f",
        "@PARENTROWID": "0-c7d751639336ca01f70a4ec200716aa4580ab3250a14053a4ac7cf898b30a5f7",
        "@PARENT": "root.record.ItemExhibitList.P3AModificationItemGroup.ModificationItemList.ModificationItem.Installation.ImplementationMethodList.ImplementationMethod"
    },
    {
        "Name_val": "Air Force Active",
        "Cost_Quantity_PriorYear_val": "0",
        "Cost_Quantity_CurrentYear_val": "",
        "Cost_Quantity_BudgetYearOneBase_val": "",
        "Cost_Quantity_BudgetYearOne_val": "",
        "Cost_Quantity_BudgetYearTwo_val": "",
        "Cost_TotalCost_PriorYear_val": "0.000",
        "Cost_TotalCost_CurrentYear_val": "",
        "Cost_TotalCost_BudgetYearOneBase_val": "",
        "Cost_TotalCost_BudgetYearOne_val": "",
        "Cost_TotalCost_BudgetYearTwo_val": "",
        "@SOURCE_FILENAME": "2015-BASE_PROCUREMENT-2015-AIRFORCE_OTHER-PROCUREMENT_JustificationBook_Air_Force_PB_2015.zzz_unzipped-PROCUREMENT_JustificationBook_Air_Force_PB_2015.xml",
        "@RECORDID": "468bc985f6e66df36e06ea9a96c28ec64edcebf0d6674e83420127564b1094c0",
        "@ROWID": "0-1768419c78599a50abddc085e2a5679cbb33967acb892c123e7ee700c4e25347",
        "@PARENTROWID": "0-965abe7e19177d93a88e1e8def8033a0431376da74ac71893465823563e8b971",
        "@PARENT": "root.record.ItemExhibitList.P3AModificationItemGroup.ModificationItemList.ModificationItem.Installation.ImplementationMethodList.ImplementationMethod"
    },
    {
        "Name_val": "Air Force Active",
        "Cost_Quantity_PriorYear_val": "0",
        "Cost_Quantity_CurrentYear_val": "",
        "Cost_Quantity_BudgetYearOneBase_val": "",
        "Cost_Quantity_BudgetYearOne_val": "",
        "Cost_Quantity_BudgetYearTwo_val": "",
        "Cost_TotalCost_PriorYear_val": "0.000",
        "Cost_TotalCost_CurrentYear_val": "",
        "Cost_TotalCost_BudgetYearOneBase_val": "",
        "Cost_TotalCost_BudgetYearOne_val": "",
        "Cost_TotalCost_BudgetYearTwo_val": "",
        "@SOURCE_FILENAME": "2015-BASE_PROCUREMENT-2015-AIRFORCE_OTHER-PROCUREMENT_MasterJustificationBook_Air_Force_PB_2015.zzz_unzipped-PROCUREMENT_MasterJustificationBook_Air_Force_PB_2015.xml",
        "@RECORDID": "38574a0eb107b9f7269a65b5cd9e3370a0cecba368536b676cf0c3e78bac69ac",
        "@ROWID": "0-a704a922affc915d50a2cdeca1c88b9d8d50a33a5c31464c5559e9e98494ace4",
        "@PARENTROWID": "0-fe612527d42cedc8d418a264f8b5287e0d20fd64ff7cf56a7036c4a075bbc8dd",
        "@PARENT": "root.record.ItemExhibitList.P3AModificationItemGroup.ModificationItemList.ModificationItem.Installation.ImplementationMethodList.ImplementationMethod"
    },
    {
        "Name_val": "Air Force Active",
        "Cost_Quantity_PriorYear_val": "1",
        "Cost_Quantity_CurrentYear_val": "1",
        "Cost_Quantity_BudgetYearOneBase_val": "2",
        "Cost_Quantity_BudgetYearOne_val": "2",
        "Cost_Quantity_BudgetYearTwo_val": "",
        "Cost_TotalCost_PriorYear_val": "2.557",
        "Cost_TotalCost_CurrentYear_val": "2.716",
        "Cost_TotalCost_BudgetYearOneBase_val": "5.534",
        "Cost_TotalCost_BudgetYearOne_val": "5.534",
        "Cost_TotalCost_BudgetYearTwo_val": "",
        "@SOURCE_FILENAME": "2015-AMENDED_PROCUREMENT_AND_RDTE-2015-AIRFORCE_AMMO-PROCUREMENT_JustificationBook_Air_Force_PBAmended_2015.zzz_unzipped-PROCUREMENT_JustificationBook_Air_Force_PBAmended_2015.xml",
        "@RECORDID": "5d0eeab0e5f827704ba2a685913a7359c919753ae300be7e875ee61ae60888e4",
        "@ROWID": "0-4ff0fac3670d8a1282468835fd39e888d6f41ebe60d09b36d8e13d457c7371be",
        "@PARENTROWID": "0-76d40db9da91c902c663e55983cfe0175227c8be25608f7b97401a12c6f5fd56",
        "@PARENT": "root.record.ItemExhibitList.P3AModificationItemGroup.ModificationItemList.ModificationItem.Installation.ImplementationMethodList.ImplementationMethod"
    },
    {
        "Name_val": "Air Force Active",
        "Cost_Quantity_PriorYear_val": "4",
        "Cost_Quantity_CurrentYear_val": "2",
        "Cost_Quantity_BudgetYearOneBase_val": "",
        "Cost_Quantity_BudgetYearOne_val": "",
        "Cost_Quantity_BudgetYearTwo_val": "",
        "Cost_TotalCost_PriorYear_val": "10.585",
        "Cost_TotalCost_CurrentYear_val": "6.045",
        "Cost_TotalCost_BudgetYearOneBase_val": "",
        "Cost_TotalCost_BudgetYearOne_val": "",
        "Cost_TotalCost_BudgetYearTwo_val": "",
        "@SOURCE_FILENAME": "2015-AMENDED_PROCUREMENT_AND_RDTE-2015-AIRFORCE_AMMO-PROCUREMENT_JustificationBook_Air_Force_PBAmended_2015.zzz_unzipped-PROCUREMENT_JustificationBook_Air_Force_PBAmended_2015.xml",
        "@RECORDID": "5d0eeab0e5f827704ba2a685913a7359c919753ae300be7e875ee61ae60888e4",
        "@ROWID": "0-065941c32b1cc4d8712222afc9771e79494d9b48fec48e5a2b3fa8959645f192",
        "@PARENTROWID": "0-4d98125a8ea5c58012bdcefa2e7c6c1f003661d8ac1d3a06658af618a24d32d1",
        "@PARENT": "root.record.ItemExhibitList.P3AModificationItemGroup.ModificationItemList.ModificationItem.Installation.ImplementationMethodList.ImplementationMethod"
    },
    {
        "Name_val": "Air Force Active",
        "Cost_Quantity_PriorYear_val": "1",
        "Cost_Quantity_CurrentYear_val": "1",
        "Cost_Quantity_BudgetYearOneBase_val": "1",
        "Cost_Quantity_BudgetYearOne_val": "1",
        "Cost_Quantity_BudgetYearTwo_val": "",
        "Cost_TotalCost_PriorYear_val": "2.6",
        "Cost_TotalCost_CurrentYear_val": "2.6",
        "Cost_TotalCost_BudgetYearOneBase_val": "2.6",
        "Cost_TotalCost_BudgetYearOne_val": "2.6",
        "Cost_TotalCost_BudgetYearTwo_val": "",
        "@SOURCE_FILENAME": "2015-AMENDED_PROCUREMENT_AND_RDTE-2015-AIRFORCE_AMMO-PROCUREMENT_JustificationBook_Air_Force_PBAmended_2015.zzz_unzipped-PROCUREMENT_JustificationBook_Air_Force_PBAmended_2015.xml",
        "@RECORDID": "5d0eeab0e5f827704ba2a685913a7359c919753ae300be7e875ee61ae60888e4",
        "@ROWID": "0-7b1f81256fd766aef8f649d032a36dc72877a1e452ea041b4ba8be2e5663dfd8",
        "@PARENTROWID": "0-a436d6c60c91d69efe4b86342b2720d1f821fd5d490cc044796ffd9f4e8812f4",
        "@PARENT": "root.record.ItemExhibitList.P3AModificationItemGroup.ModificationItemList.ModificationItem.Installation.ImplementationMethodList.ImplementationMethod"
    },
    {
        "Name_val": "Air Force Active",
        "Cost_Quantity_PriorYear_val": "1",
        "Cost_Quantity_CurrentYear_val": "1",
        "Cost_Quantity_BudgetYearOneBase_val": "2",
        "Cost_Quantity_BudgetYearOne_val": "2",
        "Cost_Quantity_BudgetYearTwo_val": "",
        "Cost_TotalCost_PriorYear_val": "2.557",
        "Cost_TotalCost_CurrentYear_val": "2.716",
        "Cost_TotalCost_BudgetYearOneBase_val": "5.534",
        "Cost_TotalCost_BudgetYearOne_val": "5.534",
        "Cost_TotalCost_BudgetYearTwo_val": "",
        "@SOURCE_FILENAME": "2015-AMENDED_PROCUREMENT_AND_RDTE-2015-AIRFORCE_AMMO-PROCUREMENT_MasterJustificationBook_Air_Force_PBAmended_2015.zzz_unzipped-PROCUREMENT_MasterJustificationBook_Air_Force_PBAmended_2015.xml",
        "@RECORDID": "308f697704d8ddc7394defea12f143515a17c085f8cd1988f241494e4852d23c",
        "@ROWID": "0-6f8162911875905d450e63af141043e0239c7ef8e0170e13c23a340f2cdeb929",
        "@PARENTROWID": "0-bb176f05a07421795d6a7fb5357286444d9b5e073d77163ef0ce4384911ed737",
        "@PARENT": "root.record.ItemExhibitList.P3AModificationItemGroup.ModificationItemList.ModificationItem.Installation.ImplementationMethodList.ImplementationMethod"
    },
    {
        "Name_val": "Air Force Active",
        "Cost_Quantity_PriorYear_val": "4",
        "Cost_Quantity_CurrentYear_val": "2",
        "Cost_Quantity_BudgetYearOneBase_val": "",
        "Cost_Quantity_BudgetYearOne_val": "",
        "Cost_Quantity_BudgetYearTwo_val": "",
        "Cost_TotalCost_PriorYear_val": "10.585",
        "Cost_TotalCost_CurrentYear_val": "6.045",
        "Cost_TotalCost_BudgetYearOneBase_val": "",
        "Cost_TotalCost_BudgetYearOne_val": "",
        "Cost_TotalCost_BudgetYearTwo_val": "",
        "@SOURCE_FILENAME": "2015-AMENDED_PROCUREMENT_AND_RDTE-2015-AIRFORCE_AMMO-PROCUREMENT_MasterJustificationBook_Air_Force_PBAmended_2015.zzz_unzipped-PROCUREMENT_MasterJustificationBook_Air_Force_PBAmended_2015.xml",
        "@RECORDID": "308f697704d8ddc7394defea12f143515a17c085f8cd1988f241494e4852d23c",
        "@ROWID": "0-3d3d42a74d0e2045865965d7bdb58a6a5de3a1136668fb6e6098f8435f6eb3a5",
        "@PARENTROWID": "0-cf288c4643a13a053c8607db79bb273f21ff6d2b4d33c817aea600bcdfdeb47d",
        "@PARENT": "root.record.ItemExhibitList.P3AModificationItemGroup.ModificationItemList.ModificationItem.Installation.ImplementationMethodList.ImplementationMethod"
    },
    {
        "Name_val": "Air Force Active",
        "Cost_Quantity_PriorYear_val": "1",
        "Cost_Quantity_CurrentYear_val": "1",
        "Cost_Quantity_BudgetYearOneBase_val": "1",
        "Cost_Quantity_BudgetYearOne_val": "1",
        "Cost_Quantity_BudgetYearTwo_val": "",
        "Cost_TotalCost_PriorYear_val": "2.6",
        "Cost_TotalCost_CurrentYear_val": "2.6",
        "Cost_TotalCost_BudgetYearOneBase_val": "2.6",
        "Cost_TotalCost_BudgetYearOne_val": "2.6",
        "Cost_TotalCost_BudgetYearTwo_val": "",
        "@SOURCE_FILENAME": "2015-AMENDED_PROCUREMENT_AND_RDTE-2015-AIRFORCE_AMMO-PROCUREMENT_MasterJustificationBook_Air_Force_PBAmended_2015.zzz_unzipped-PROCUREMENT_MasterJustificationBook_Air_Force_PBAmended_2015.xml",
        "@RECORDID": "308f697704d8ddc7394defea12f143515a17c085f8cd1988f241494e4852d23c",
        "@ROWID": "0-e0ea4c113331533764497ab922b39caf5a5bb744e9f94f27adba4a47a91a9b04",
        "@PARENTROWID": "0-be42f52cedb97d22fc91f469a79ee7fa9685b1207d25f7f71fe6007be879a23d",
        "@PARENT": "root.record.ItemExhibitList.P3AModificationItemGroup.ModificationItemList.ModificationItem.Installation.ImplementationMethodList.ImplementationMethod"
    }
]