[
    {
        "Name_val": "Air Force Active",
        "Cost_Quantity_PriorYear_val": "1",
        "Cost_Quantity_CurrentYear_val": "3",
        "Cost_Quantity_BudgetYearOneBase_val": "0",
        "Cost_Quantity_BudgetYearOne_val": "0",
        "Cost_Quantity_BudgetYearTwo_val": "",
        "Cost_TotalCost_PriorYear_val": "1.132",
        "Cost_TotalCost_CurrentYear_val": "3.828",
        "Cost_TotalCost_BudgetYearOneBase_val": "0.000",
        "Cost_TotalCost_BudgetYearOne_val": "0.000",
        "Cost_TotalCost_BudgetYearTwo_val": "",
        "@SOURCE_FILENAME": "2015-BASE_PROCUREMENT-2015-AIRFORCE_AIRCRAFT_VOL2-PROCUREMENT_JustificationBook_Air_Force_PB_2015.zzz_unzipped-PROCUREMENT_JustificationBook_Air_Force_PB_2015.xml",
        "@RECORDID": "64acb54550a4560598d7d665ce51dd7ecd276be3097259da048227510b8c8d9d",
        "@ROWID": "0-2752fca69c26fa20f571e1b9bd86055e0aaac80d84f28ef10519825555c1f4cc",
        "@PARENTROWID": "0-f4a0655dbafaa7cc298ae4bc4374116c940802ac9d6635ea20716fe56428733d",
        "@PARENT": "root.record.ItemExhibitList.P3AModificationItemGroup.ModificationItemList.ModificationItem.Installation.ImplementationMethodList.ImplementationMethod"
    },
    {
        "Name_val": "Air Force Active",
        "Cost_Quantity_PriorYear_val": "",
        "Cost_Quantity_CurrentYear_val": "2",
        "Cost_Quantity_BudgetYearOneBase_val": "",
        "Cost_Quantity_BudgetYearOne_val": "",
        "Cost_Quantity_BudgetYearTwo_val": "",
        "Cost_TotalCost_PriorYear_val": "",
        "Cost_TotalCost_CurrentYear_val": "0.675",
        "Cost_TotalCost_BudgetYearOneBase_val": "",
        "Cost_TotalCost_BudgetYearOne_val": "",
        "Cost_TotalCost_BudgetYearTwo_val": "",
        "@SOURCE_FILENAME": "2015-BASE_PROCUREMENT-2015-AIRFORCE_AIRCRAFT_VOL2-PROCUREMENT_JustificationBook_Air_Force_PB_2015.zzz_unzipped-PROCUREMENT_JustificationBook_Air_Force_PB_2015.xml",
        "@RECORDID": "64acb54550a4560598d7d665ce51dd7ecd276be3097259da048227510b8c8d9d",
        "@ROWID": "0-0fd51f69e89780ee90e25fd721ca0b7fce519af568a70b0eb7d9f84fad8ddfc7",
        "@PARENTROWID": "1-7f9266243193cc87aecd6a4ccc273eef85029fbb305f56117ee757fe12421bc6",
        "@PARENT": "root.record.ItemExhibitList.P3AModificationItemGroup.ModificationItemList.ModificationItem.Installation.ImplementationMethodList.ImplementationMethod"
    },
    {
        "Name_val": "Air Force Active",
        "Cost_Quantity_PriorYear_val": "11",
        "Cost_Quantity_CurrentYear_val": "",
        "Cost_Quantity_BudgetYearOneBase_val": "",
        "Cost_Quantity_BudgetYearOne_val": "",
        "Cost_Quantity_BudgetYearTwo_val": "",
        "Cost_TotalCost_PriorYear_val": "222.512",
        "Cost_TotalCost_CurrentYear_val": "",
        "Cost_TotalCost_BudgetYearOneBase_val": "",
        "Cost_TotalCost_BudgetYearOne_val": "",
        "Cost_TotalCost_BudgetYearTwo_val": "",
        "@SOURCE_FILENAME": "2015-BASE_PROCUREMENT-2015-AIRFORCE_AIRCRAFT_VOL2-PROCUREMENT_JustificationBook_Air_Force_PB_2015.zzz_unzipped-PROCUREMENT_JustificationBook_Air_Force_PB_2015.xml",
        "@RECORDID": "e049539817dd22b34918c2c0be8271bbbd79d6b6a486234ddff8e6be076c0e3d",
        "@ROWID": "0-93315fe47ce9618f2e8f7bdf5599639587baf848af0d3463dd404e5bfff2647a",
        "@PARENTROWID": "0-1c07cc8dddefd34d99035c4053c4cce2f5b5c39a2c53f5bdc75ee0c0705c4261",
        "@PARENT": "root.record.ItemExhibitList.P3AModificationItemGroup.ModificationItemList.ModificationItem.Installation.ImplementationMethodList.ImplementationMethod"
    },
    {
        "Name_val": "Air Force Active",
        "Cost_Quantity_PriorYear_val": "10",
        "Cost_Quantity_CurrentYear_val": "28",
        "Cost_Quantity_BudgetYearOneBase_val": "5",
        "Cost_Quantity_BudgetYearOne_val": "5",
        "Cost_Quantity_BudgetYearTwo_val": "",
        "Cost_TotalCost_PriorYear_val": "1.496",
        "Cost_TotalCost_CurrentYear_val": "3.007",
        "Cost_TotalCost_BudgetYearOneBase_val": "1.131",
        "Cost_TotalCost_BudgetYearOne_val": "1.131",
        "Cost_TotalCost_BudgetYearTwo_val": "",
        "@SOURCE_FILENAME": "2015-BASE_PROCUREMENT-2015-AIRFORCE_AIRCRAFT_VOL2-PROCUREMENT_JustificationBook_Air_Force_PB_2015.zzz_unzipped-PROCUREMENT_JustificationBook_Air_Force_PB_2015.xml",
        "@RECORDID": "2c3a42ac96c574f3a05d311e38d1fd39e76b2eaa077eed338c2b56579168a566",
        "@ROWID": "0-84c86443e22e4325913bef18b52440218c21d94692ed9b1ead5d639f3ea9c308",
        "@PARENTROWID": "0-cd9e56fa7519c6d1d9abad7bc4a2ace98069231ef04fbbaca11aa57c52e37f1f",
        "@PARENT": "root.record.ItemExhibitList.P3AModificationItemGroup.ModificationItemList.ModificationItem.Installation.ImplementationMethodList.ImplementationMethod"
    },
    {
        "Name_val": "Air National Guard",
        "Cost_Quantity_PriorYear_val": "5",
        "Cost_Quantity_CurrentYear_val": "1",
        "Cost_Quantity_BudgetYearOneBase_val": "",
        "Cost_Quantity_BudgetYearOne_val": "",
        "Cost_Quantity_BudgetYearTwo_val": "",
        "Cost_TotalCost_PriorYear_val": "0.748",
        "Cost_TotalCost_CurrentYear_val": "0.107",
        "Cost_TotalCost_BudgetYearOneBase_val": "",
        "Cost_TotalCost_BudgetYearOne_val": "",
        "Cost_TotalCost_BudgetYearTwo_val": "",
        "@SOURCE_FILENAME": "2015-BASE_PROCUREMENT-2015-AIRFORCE_AIRCRAFT_VOL2-PROCUREMENT_JustificationBook_Air_Force_PB_2015.zzz_unzipped-PROCUREMENT_JustificationBook_Air_Force_PB_2015.xml",
        "@RECORDID": "2c3a42ac96c574f3a05d311e38d1fd39e76b2eaa077eed338c2b56579168a566",
        "@ROWID": "1-ccf4cdb191f43096150469aaf854a5380954d5a82a2388651e00e3e8d67652e4",
        "@PARENTROWID": "0-cd9e56fa7519c6d1d9abad7bc4a2ace98069231ef04fbbaca11aa57c52e37f1f",
        "@PARENT": "root.record.ItemExhibitList.P3AModificationItemGroup.ModificationItemList.ModificationItem.Installation.ImplementationMethodList.ImplementationMethod"
    },
    {
        "Name_val": "Air Force Reserve",
        "Cost_Quantity_PriorYear_val": "",
        "Cost_Quantity_CurrentYear_val": "1",
        "Cost_Quantity_BudgetYearOneBase_val": "",
        "Cost_Quantity_BudgetYearOne_val": "",
        "Cost_Quantity_BudgetYearTwo_val": "",
        "Cost_TotalCost_PriorYear_val": "",
        "Cost_TotalCost_CurrentYear_val": "0.108",
        "Cost_TotalCost_BudgetYearOneBase_val": "",
        "Cost_TotalCost_BudgetYearOne_val": "",
        "Cost_TotalCost_BudgetYearTwo_val": "",
        "@SOURCE_FILENAME": "2015-BASE_PROCUREMENT-2015-AIRFORCE_AIRCRAFT_VOL2-PROCUREMENT_JustificationBook_Air_Force_PB_2015.zzz_unzipped-PROCUREMENT_JustificationBook_Air_Force_PB_2015.xml",
        "@RECORDID": "2c3a42ac96c574f3a05d311e38d1fd39e76b2eaa077eed338c2b56579168a566",
        "@ROWID": "2-4aa0652146a35829cfc902492bcb604b856861a28d54c344ca1d37d680b89d07",
        "@PARENTROWID": "0-cd9e56fa7519c6d1d9abad7bc4a2ace98069231ef04fbbaca11aa57c52e37f1f",
        "@PARENT": "root.record.ItemExhibitList.P3AModificationItemGroup.ModificationItemList.ModificationItem.Installation.ImplementationMethodList.ImplementationMethod"
    },
    {
        "Name_val": "Air Force Active",
        "Cost_Quantity_PriorYear_val": "144",
        "Cost_Quantity_CurrentYear_val": "73",
        "Cost_Quantity_BudgetYearOneBase_val": "",
        "Cost_Quantity_BudgetYearOne_val": "",
        "Cost_Quantity_BudgetYearTwo_val": "",
        "Cost_TotalCost_PriorYear_val": "90.713",
        "Cost_TotalCost_CurrentYear_val": "6.262",
        "Cost_TotalCost_BudgetYearOneBase_val": "",
        "Cost_TotalCost_BudgetYearOne_val": "",
        "Cost_TotalCost_BudgetYearTwo_val": "",
        "@SOURCE_FILENAME": "2015-BASE_PROCUREMENT-2015-AIRFORCE_AIRCRAFT_VOL2-PROCUREMENT_JustificationBook_Air_Force_PB_2015.zzz_unzipped-PROCUREMENT_JustificationBook_Air_Force_PB_2015.xml",
        "@RECORDID": "2c3a42ac96c574f3a05d311e38d1fd39e76b2eaa077eed338c2b56579168a566",
        "@ROWID": "0-d8f0b434e14456e755726542828b7d8bff0d162c4e55cd9fc242509ae9259a66",
        "@PARENTROWID": "0-01ffdabca261982a83b4cb5e1c3f9d1c8aa2f9eec71c5a2bb2e258b194388326",
        "@PARENT": "root.record.ItemExhibitList.P3AModificationItemGroup.ModificationItemList.ModificationItem.Installation.ImplementationMethodList.ImplementationMethod"
    },
    {
        "Name_val": "Air National Guard",
        "Cost_Quantity_PriorYear_val": "14",
        "Cost_Quantity_CurrentYear_val": "55",
        "Cost_Quantity_BudgetYearOneBase_val": "45",
        "Cost_Quantity_BudgetYearOne_val": "45",
        "Cost_Quantity_BudgetYearTwo_val": "",
        "Cost_TotalCost_PriorYear_val": "9.833",
        "Cost_TotalCost_CurrentYear_val": "10.044",
        "Cost_TotalCost_BudgetYearOneBase_val": "14.975",
        "Cost_TotalCost_BudgetYearOne_val": "14.975",
        "Cost_TotalCost_BudgetYearTwo_val": "",
        "@SOURCE_FILENAME": "2015-BASE_PROCUREMENT-2015-AIRFORCE_AIRCRAFT_VOL2-PROCUREMENT_JustificationBook_Air_Force_PB_2015.zzz_unzipped-PROCUREMENT_JustificationBook_Air_Force_PB_2015.xml",
        "@RECORDID": "2c3a42ac96c574f3a05d311e38d1fd39e76b2eaa077eed338c2b56579168a566",
        "@ROWID": "1-8ea07ebb5ababf1f52da9e6f36d8d88bfdb115d17302a3e1a10b66a67026f23b",
        "@PARENTROWID": "0-01ffdabca261982a83b4cb5e1c3f9d1c8aa2f9eec71c5a2bb2e258b194388326",
        "@PARENT": "root.record.ItemExhibitList.P3AModificationItemGroup.ModificationItemList.ModificationItem.Installation.ImplementationMethodList.ImplementationMethod"
    },
    {
        "Name_val": "Air Force Reserve",
        "Cost_Quantity_PriorYear_val": "12",
        "Cost_Quantity_CurrentYear_val": "21",
        "Cost_Quantity_BudgetYearOneBase_val": "28",
        "Cost_Quantity_BudgetYearOne_val": "28",
        "Cost_Quantity_BudgetYearTwo_val": "",
        "Cost_TotalCost_PriorYear_val": "8.429",
        "Cost_TotalCost_CurrentYear_val": "3.653",
        "Cost_TotalCost_BudgetYearOneBase_val": "8.974",
        "Cost_TotalCost_BudgetYearOne_val": "8.974",
        "Cost_TotalCost_BudgetYearTwo_val": "",
        "@SOURCE_FILENAME": "2015-BASE_PROCUREMENT-2015-AIRFORCE_AIRCRAFT_VOL2-PROCUREMENT_JustificationBook_Air_Force_PB_2015.zzz_unzipped-PROCUREMENT_JustificationBook_Air_Force_PB_2015.xml",
        "@RECORDID": "2c3a42ac96c574f3a05d311e38d1fd39e76b2eaa077eed338c2b56579168a566",
        "@ROWID": "2-e82081aa8cfa4c13898228ddf45e722b3589c910664bc90642bb0f93745becb4",
        "@PARENTROWID": "0-01ffdabca261982a83b4cb5e1c3f9d1c8aa2f9eec71c5a2bb2e258b194388326",
        "@PARENT": "root.record.ItemExhibitList.P3AModificationItemGroup.ModificationItemList.ModificationItem.Installation.ImplementationMethodList.ImplementationMethod"
    },
    {
        "Name_val": "Air Force Active",
        "Cost_Quantity_PriorYear_val": "2",
        "Cost_Quantity_CurrentYear_val": "",
        "Cost_Quantity_BudgetYearOneBase_val": "",
        "Cost_Quantity_BudgetYearOne_val": "",
        "Cost_Quantity_BudgetYearTwo_val": "",
        "Cost_TotalCost_PriorYear_val": "1.771",
        "Cost_TotalCost_CurrentYear_val": "",
        "Cost_TotalCost_BudgetYearOneBase_val": "",
        "Cost_TotalCost_BudgetYearOne_val": "",
        "Cost_TotalCost_BudgetYearTwo_val": "",
        "@SOURCE_FILENAME": "2015-BASE_PROCUREMENT-2015-AIRFORCE_AIRCRAFT_VOL2-PROCUREMENT_JustificationBook_Air_Force_PB_2015.zzz_unzipped-PROCUREMENT_JustificationBook_Air_Force_PB_2015.xml",
        "@RECORDID": "2c3a42ac96c574f3a05d311e38d1fd39e76b2eaa077eed338c2b56579168a566",
        "@ROWID": "0-4f3575e659200bbba4618e9ea7772ae3ed50f70b860e7fbc8c8684051e3d3994",
        "@PARENTROWID": "0-26705708335f0890c041e2526a73483b5ba149826332fa30964ef5f441ffd283",
        "@PARENT": "root.record.ItemExhibitList.P3AModificationItemGroup.ModificationItemList.ModificationItem.Installation.ImplementationMethodList.ImplementationMethod"
    },
    {
        "Name_val": "Air Force Active",
        "Cost_Quantity_PriorYear_val": "",
        "Cost_Quantity_CurrentYear_val": "2",
        "Cost_Quantity_BudgetYearOneBase_val": "2",
        "Cost_Quantity_BudgetYearOne_val": "2",
        "Cost_Quantity_BudgetYearTwo_val": "",
        "Cost_TotalCost_PriorYear_val": "",
        "Cost_TotalCost_CurrentYear_val": "5.474",
        "Cost_TotalCost_BudgetYearOneBase_val": "5.497",
        "Cost_TotalCost_BudgetYearOne_val": "5.497",
        "Cost_TotalCost_BudgetYearTwo_val": "",
        "@SOURCE_FILENAME": "2015-BASE_PROCUREMENT-2015-AIRFORCE_AIRCRAFT_VOL2-PROCUREMENT_JustificationBook_Air_Force_PB_2015.zzz_unzipped-PROCUREMENT_JustificationBook_Air_Force_PB_2015.xml",
        "@RECORDID": "2c3a42ac96c574f3a05d311e38d1fd39e76b2eaa077eed338c2b56579168a566",
        "@ROWID": "0-dc43bbc2b03c69550e2e763ac9fd752aa345683549275ff298edb8f0b0a7fa43",
        "@PARENTROWID": "0-bd589b88e092b44b7f03e3e479f104ade8177e537d44767319e69b29127f894c",
        "@PARENT": "root.record.ItemExhibitList.P3AModificationItemGroup.ModificationItemList.ModificationItem.Installation.ImplementationMethodList.ImplementationMethod"
    },
    {
        "Name_val": "Air Force Active",
        "Cost_Quantity_PriorYear_val": "2",
        "Cost_Quantity_CurrentYear_val": "",
        "Cost_Quantity_BudgetYearOneBase_val": "",
        "Cost_Quantity_BudgetYearOne_val": "",
        "Cost_Quantity_BudgetYearTwo_val": "",
        "Cost_TotalCost_PriorYear_val": "0.000",
        "Cost_TotalCost_CurrentYear_val": "",
        "Cost_TotalCost_BudgetYearOneBase_val": "",
        "Cost_TotalCost_BudgetYearOne_val": "",
        "Cost_TotalCost_BudgetYearTwo_val": "",
        "@SOURCE_FILENAME": "2015-BASE_PROCUREMENT-2015-AIRFORCE_AIRCRAFT_VOL2-PROCUREMENT_JustificationBook_Air_Force_PB_2015.zzz_unzipped-PROCUREMENT_JustificationBook_Air_Force_PB_2015.xml",
        "@RECORDID": "2c3a42ac96c574f3a05d311e38d1fd39e76b2eaa077eed338c2b56579168a566",
        "@ROWID": "0-a4a4dece10f1d19c8c7f7b2f834007ca570aaacf3772c9092a017f000495c95e",
        "@PARENTROWID": "0-cc2dbce79507545aeda394d7f0107328743fdfc8810a8588354d74456f2c3129",
        "@PARENT": "root.record.ItemExhibitList.P3AModificationItemGroup.ModificationItemList.ModificationItem.Installation.ImplementationMethodList.ImplementationMethod"
    },
    {
        "Name_val": "Air Force Active",
        "Cost_Quantity_PriorYear_val": "1",
        "Cost_Quantity_CurrentYear_val": "2",
        "Cost_Quantity_BudgetYearOneBase_val": "6",
        "Cost_Quantity_BudgetYearOne_val": "6",
        "Cost_Quantity_BudgetYearTwo_val": "",
        "Cost_TotalCost_PriorYear_val": "0.000",
        "Cost_TotalCost_CurrentYear_val": "4.75",
        "Cost_TotalCost_BudgetYearOneBase_val": "9.864",
        "Cost_TotalCost_BudgetYearOne_val": "9.864",
        "Cost_TotalCost_BudgetYearTwo_val": "",
        "@SOURCE_FILENAME": "2015-BASE_PROCUREMENT-2015-AIRFORCE_AIRCRAFT_VOL2-PROCUREMENT_JustificationBook_Air_Force_PB_2015.zzz_unzipped-PROCUREMENT_JustificationBook_Air_Force_PB_2015.xml",
        "@RECORDID": "c18079498214be7c8507bd7289056635ea6ba000e7bb766e68a998d56e53f49a",
        "@ROWID": "0-393624d6deaae3b66037eaefcf8e2f737e9d41bf06657886778f9f6b302e073b",
        "@PARENTROWID": "0-3ef71c4c708b5af2cdc283038611c8037278889165844df2f1798ce36d25753e",
        "@PARENT": "root.record.ItemExhibitList.P3AModificationItemGroup.ModificationItemList.ModificationItem.Installation.ImplementationMethodList.ImplementationMethod"
    },
    {
        "Name_val": "Air Force Active",
        "Cost_Quantity_PriorYear_val": "1",
        "Cost_Quantity_CurrentYear_val": "1",
        "Cost_Quantity_BudgetYearOneBase_val": "2",
        "Cost_Quantity_BudgetYearOne_val": "2",
        "Cost_Quantity_BudgetYearTwo_val": "",
        "Cost_TotalCost_PriorYear_val": "2.557",
        "Cost_TotalCost_CurrentYear_val": "2.716",
        "Cost_TotalCost_BudgetYearOneBase_val": "5.534",
        "Cost_TotalCost_BudgetYearOne_val": "5.534",
        "Cost_TotalCost_BudgetYearTwo_val": "",
        "@SOURCE_FILENAME": "2015-BASE_PROCUREMENT-2015-AIRFORCE_AIRCRAFT_VOL2-PROCUREMENT_JustificationBook_Air_Force_PB_2015.zzz_unzipped-PROCUREMENT_JustificationBook_Air_Force_PB_2015.xml",
        "@RECORDID": "c95b3cad136b9abd961b0302a1b9dcc36c9e32822973785202e66e43ffe473da",
        "@ROWID": "0-8273b6b7186176e549828acea432fee4eefb9fb088218cc521d7d8144a1f0bf1",
        "@PARENTROWID": "0-c512209965703c8a9655630cd3b2f41572c65232a762897fbbd3257467403a7b",
        "@PARENT": "root.record.ItemExhibitList.P3AModificationItemGroup.ModificationItemList.ModificationItem.Installation.ImplementationMethodList.ImplementationMethod"
    },
    {
        "Name_val": "Air Force Active",
        "Cost_Quantity_PriorYear_val": "4",
        "Cost_Quantity_CurrentYear_val": "2",
        "Cost_Quantity_BudgetYearOneBase_val": "",
        "Cost_Quantity_BudgetYearOne_val": "",
        "Cost_Quantity_BudgetYearTwo_val": "",
        "Cost_TotalCost_PriorYear_val": "10.585",
        "Cost_TotalCost_CurrentYear_val": "6.045",
        "Cost_TotalCost_BudgetYearOneBase_val": "",
        "Cost_TotalCost_BudgetYearOne_val": "",
        "Cost_TotalCost_BudgetYearTwo_val": "",
        "@SOURCE_FILENAME": "2015-BASE_PROCUREMENT-2015-AIRFORCE_AIRCRAFT_VOL2-PROCUREMENT_JustificationBook_Air_Force_PB_2015.zzz_unzipped-PROCUREMENT_JustificationBook_Air_Force_PB_2015.xml",
        "@RECORDID": "c95b3cad136b9abd961b0302a1b9dcc36c9e32822973785202e66e43ffe473da",
        "@ROWID": "0-f2de86f385d73a8215a4b53fbb251866ef16895082cac326f93d427738122aee",
        "@PARENTROWID": "0-6f1c47559caf0b84c6d5ccf39785797a2100cfeacef5de130cfe7eb95d527570",
        "@PARENT": "root.record.ItemExhibitList.P3AModificationItemGroup.ModificationItemList.ModificationItem.Installation.ImplementationMethodList.ImplementationMethod"
    },
    {
        "Name_val": "Air Force Active",
        "Cost_Quantity_PriorYear_val": "1",
        "Cost_Quantity_CurrentYear_val": "1",
        "Cost_Quantity_BudgetYearOneBase_val": "1",
        "Cost_Quantity_BudgetYearOne_val": "1",
        "Cost_Quantity_BudgetYearTwo_val": "",
        "Cost_TotalCost_PriorYear_val": "2.6",
        "Cost_TotalCost_CurrentYear_val": "2.6",
        "Cost_TotalCost_BudgetYearOneBase_val": "2.6",
        "Cost_TotalCost_BudgetYearOne_val": "2.6",
        "Cost_TotalCost_BudgetYearTwo_val": "",
        "@SOURCE_FILENAME": "2015-BASE_PROCUREMENT-2015-AIRFORCE_AIRCRAFT_VOL2-PROCUREMENT_JustificationBook_Air_Force_PB_2015.zzz_unzipped-PROCUREMENT_JustificationBook_Air_Force_PB_2015.xml",
        "@RECORDID": "c95b3cad136b9abd961b0302a1b9dcc36c9e32822973785202e66e43ffe473da",
        "@ROWID": "0-e96d4b9c07893f849cd644c7e48b2102cd2ba875198f333fee82f8b0ced819c5",
        "@PARENTROWID": "0-67c1c2a75bd58bc0bdde6af4df150a5100d2321cc5dbaaf73ec895c019caf7c5",
        "@PARENT": "root.record.ItemExhibitList.P3AModificationItemGroup.ModificationItemList.ModificationItem.Installation.ImplementationMethodList.ImplementationMethod"
    },
    {
        "Name_val": "Air Force Active",
        "Cost_Quantity_PriorYear_val": "",
        "Cost_Quantity_CurrentYear_val": "3",
        "Cost_Quantity_BudgetYearOneBase_val": "",
        "Cost_Quantity_BudgetYearOne_val": "",
        "Cost_Quantity_BudgetYearTwo_val": "",
        "Cost_TotalCost_PriorYear_val": "",
        "Cost_TotalCost_CurrentYear_val": "0.334",
        "Cost_TotalCost_BudgetYearOneBase_val": "",
        "Cost_TotalCost_BudgetYearOne_val": "",
        "Cost_TotalCost_BudgetYearTwo_val": "",
        "@SOURCE_FILENAME": "2015-BASE_PROCUREMENT-2015-AIRFORCE_AIRCRAFT_VOL2-PROCUREMENT_JustificationBook_Air_Force_PB_2015.zzz_unzipped-PROCUREMENT_JustificationBook_Air_Force_PB_2015.xml",
        "@RECORDID": "ad2cbcd52887cfdbd4c4e64af0f936c986b469e78be0a9fa924477b8ad18fb8f",
        "@ROWID": "0-0a2e01848f0569d46584d117349c2355eedf3451d70c69956554c3305c8fd457",
        "@PARENTROWID": "0-1550e589df7220bbd6ee84a438c1577a1ffc69746e491acdaff42f839af04b33",
        "@PARENT": "root.record.ItemExhibitList.P3AModificationItemGroup.ModificationItemList.ModificationItem.Installation.ImplementationMethodList.ImplementationMethod"
    },
    {
        "Name_val": "Air Force Active",
        "Cost_Quantity_PriorYear_val": "",
        "Cost_Quantity_CurrentYear_val": "15",
        "Cost_Quantity_BudgetYearOneBase_val": "",
        "Cost_Quantity_BudgetYearOne_val": "",
        "Cost_Quantity_BudgetYearTwo_val": "",
        "Cost_TotalCost_PriorYear_val": "",
        "Cost_TotalCost_CurrentYear_val": "7.25",
        "Cost_TotalCost_BudgetYearOneBase_val": "",
        "Cost_TotalCost_BudgetYearOne_val": "",
        "Cost_TotalCost_BudgetYearTwo_val": "",
        "@SOURCE_FILENAME": "2015-BASE_PROCUREMENT-2015-AIRFORCE_AIRCRAFT_VOL2-PROCUREMENT_JustificationBook_Air_Force_PB_2015.zzz_unzipped-PROCUREMENT_JustificationBook_Air_Force_PB_2015.xml",
        "@RECORDID": "4f10c9d75af1ff7f39d3312af79b465fcb001e31cfa449ec049bea6f08f73af1",
        "@ROWID": "0-e25ac4414b4473b6cdd73d9033df4edfd0414e828ba317b18037815c49120583",
        "@PARENTROWID": "0-f27b7f6ee59c7c4eaeaed8cfd7853f1fccf6caf9ec00780c89c83b9ec538660c",
        "@PARENT": "root.record.ItemExhibitList.P3AModificationItemGroup.ModificationItemList.ModificationItem.Installation.ImplementationMethodList.ImplementationMethod"
    },
    {
        "Name_val": "Air Force Active",
        "Cost_Quantity_PriorYear_val": "",
        "Cost_Quantity_CurrentYear_val": "",
        "Cost_Quantity_BudgetYearOneBase_val": "7",
        "Cost_Quantity_BudgetYearOne_val": "7",
        "Cost_Quantity_BudgetYearTwo_val": "",
        "Cost_TotalCost_PriorYear_val": "",
        "Cost_TotalCost_CurrentYear_val": "",
        "Cost_TotalCost_BudgetYearOneBase_val": "43.127",
        "Cost_TotalCost_BudgetYearOne_val": "43.127",
        "Cost_TotalCost_BudgetYearTwo_val": "",
        "@SOURCE_FILENAME": "2015-BASE_PROCUREMENT-2015-AIRFORCE_AIRCRAFT_VOL2-PROCUREMENT_JustificationBook_Air_Force_PB_2015.zzz_unzipped-PROCUREMENT_JustificationBook_Air_Force_PB_2015.xml",
        "@RECORDID": "bbc8063372e02d2bc548b494988437c9d99675713059aabc6acf7bc346906c17",
        "@ROWID": "0-6551d780a4e50e7a6476a20d395e2632c95e428516ce54e6c6397c5e2768214b",
        "@PARENTROWID": "0-bd806ed09e55e823a2adf362f1831d49cec17e2c70e517bbe58842c78f10ec9b",
        "@PARENT": "root.record.ItemExhibitList.P3AModificationItemGroup.ModificationItemList.ModificationItem.Installation.ImplementationMethodList.ImplementationMethod"
    },
    {
        "Name_val": "Air Force Active",
        "Cost_Quantity_PriorYear_val": "4",
        "Cost_Quantity_CurrentYear_val": "8",
        "Cost_Quantity_BudgetYearOneBase_val": "8",
        "Cost_Quantity_BudgetYearOne_val": "8",
        "Cost_Quantity_BudgetYearTwo_val": "",
        "Cost_TotalCost_PriorYear_val": "1.833",
        "Cost_TotalCost_CurrentYear_val": "5.603",
        "Cost_TotalCost_BudgetYearOneBase_val": "5.704",
        "Cost_TotalCost_BudgetYearOne_val": "5.704",
        "Cost_TotalCost_BudgetYearTwo_val": "",
        "@SOURCE_FILENAME": "2015-BASE_PROCUREMENT-2015-AIRFORCE_AIRCRAFT_VOL2-PROCUREMENT_JustificationBook_Air_Force_PB_2015.zzz_unzipped-PROCUREMENT_JustificationBook_Air_Force_PB_2015.xml",
        "@RECORDID": "37a9176d6819849bcd695141407bcbea7c3c0b02a6c4bbb6d05d22c664d601c4",
        "@ROWID": "0-4491cb3f7d4bf6b9b7f3223e17192c3b19b6b3650003de74b9c5b93ecfbd8332",
        "@PARENTROWID": "0-cccea92bd4cbc71d0b17a30f1c3abe8279eaa0b7ef3e12a1bd037f1b115cf147",
        "@PARENT": "root.record.ItemExhibitList.P3AModificationItemGroup.ModificationItemList.ModificationItem.Installation.ImplementationMethodList.ImplementationMethod"
    },
    {
        "Name_val": "Air Force Active",
        "Cost_Quantity_PriorYear_val": "16",
        "Cost_Quantity_CurrentYear_val": "10",
        "Cost_Quantity_BudgetYearOneBase_val": "8",
        "Cost_Quantity_BudgetYearOne_val": "8",
        "Cost_Quantity_BudgetYearTwo_val": "",
        "Cost_TotalCost_PriorYear_val": "2.044",
        "Cost_TotalCost_CurrentYear_val": "4.347",
        "Cost_TotalCost_BudgetYearOneBase_val": "0.000",
        "Cost_TotalCost_BudgetYearOne_val": "0.000",
        "Cost_TotalCost_BudgetYearTwo_val": "",
        "@SOURCE_FILENAME": "2015-BASE_PROCUREMENT-2015-AIRFORCE_AIRCRAFT_VOL2-PROCUREMENT_JustificationBook_Air_Force_PB_2015.zzz_unzipped-PROCUREMENT_JustificationBook_Air_Force_PB_2015.xml",
        "@RECORDID": "37a9176d6819849bcd695141407bcbea7c3c0b02a6c4bbb6d05d22c664d601c4",
        "@ROWID": "0-5c01ca447de7d8a9cf7d2ff063da0c7c05df8ea0c4d805d52536a6d028cd716c",
        "@PARENTROWID": "0-04092aafa4d72024d864ce90cff9f7cdd38c9ecb304c23f2a4818e1ad3ae763a",
        "@PARENT": "root.record.ItemExhibitList.P3AModificationItemGroup.ModificationItemList.ModificationItem.Installation.ImplementationMethodList.ImplementationMethod"
    },
    {
        "Name_val": "Air National Guard",
        "Cost_Quantity_PriorYear_val": "8",
        "Cost_Quantity_CurrentYear_val": "7",
        "Cost_Quantity_BudgetYearOneBase_val": "13",
        "Cost_Quantity_BudgetYearOne_val": "13",
        "Cost_Quantity_BudgetYearTwo_val": "",
        "Cost_TotalCost_PriorYear_val": "0.000",
        "Cost_TotalCost_CurrentYear_val": "0.000",
        "Cost_TotalCost_BudgetYearOneBase_val": "0.000",
        "Cost_TotalCost_BudgetYearOne_val": "0.000",
        "Cost_TotalCost_BudgetYearTwo_val": "",
        "@SOURCE_FILENAME": "2015-BASE_PROCUREMENT-2015-AIRFORCE_AIRCRAFT_VOL2-PROCUREMENT_JustificationBook_Air_Force_PB_2015.zzz_unzipped-PROCUREMENT_JustificationBook_Air_Force_PB_2015.xml",
        "@RECORDID": "37a9176d6819849bcd695141407bcbea7c3c0b02a6c4bbb6d05d22c664d601c4",
        "@ROWID": "1-4823ebeb121bc7cadedd94657513ad0d099cedebb9589f6915a616f14e2c2010",
        "@PARENTROWID": "0-04092aafa4d72024d864ce90cff9f7cdd38c9ecb304c23f2a4818e1ad3ae763a",
        "@PARENT": "root.record.ItemExhibitList.P3AModificationItemGroup.ModificationItemList.ModificationItem.Installation.ImplementationMethodList.ImplementationMethod"
    },
    {
        "Name_val": "Air Force Active",
        "Cost_Quantity_PriorYear_val": "6",
        "Cost_Quantity_CurrentYear_val": "",
        "Cost_Quantity_BudgetYearOneBase_val": "",
        "Cost_Quantity_BudgetYearOne_val": "",
        "Cost_Quantity_BudgetYearTwo_val": "",
        "Cost_TotalCost_PriorYear_val": "0.000",
        "Cost_TotalCost_CurrentYear_val": "",
        "Cost_TotalCost_BudgetYearOneBase_val": "",
        "Cost_TotalCost_BudgetYearOne_val": "",
        "Cost_TotalCost_BudgetYearTwo_val": "",
        "@SOURCE_FILENAME": "2015-BASE_PROCUREMENT-2015-AIRFORCE_AIRCRAFT_VOL2-PROCUREMENT_JustificationBook_Air_Force_PB_2015.zzz_unzipped-PROCUREMENT_JustificationBook_Air_Force_PB_2015.xml",
        "@RECORDID": "37a9176d6819849bcd695141407bcbea7c3c0b02a6c4bbb6d05d22c664d601c4",
        "@ROWID": "0-cd3fb4dfed8ae5f43e1986ccc5adb624bc339a947823da37c74e2c02bcf6dad3",
        "@PARENTROWID": "0-4f1233d4fa124bc9d0b8d2d4528dcae9943562dae5e5d5f80d155893e00bb871",
        "@PARENT": "root.record.ItemExhibitList.P3AModificationItemGroup.ModificationItemList.ModificationItem.Installation.ImplementationMethodList.ImplementationMethod"
    },
    {
        "Name_val": "Air Force Active",
        "Cost_Quantity_PriorYear_val": "",
        "Cost_Quantity_CurrentYear_val": "25",
        "Cost_Quantity_BudgetYearOneBase_val": "",
        "Cost_Quantity_BudgetYearOne_val": "",
        "Cost_Quantity_BudgetYearTwo_val": "",
        "Cost_TotalCost_PriorYear_val": "",
        "Cost_TotalCost_CurrentYear_val": "0.615",
        "Cost_TotalCost_BudgetYearOneBase_val": "",
        "Cost_TotalCost_BudgetYearOne_val": "",
        "Cost_TotalCost_BudgetYearTwo_val": "",
        "@SOURCE_FILENAME": "2015-BASE_PROCUREMENT-2015-AIRFORCE_AIRCRAFT_VOL2-PROCUREMENT_JustificationBook_Air_Force_PB_2015.zzz_unzipped-PROCUREMENT_JustificationBook_Air_Force_PB_2015.xml",
        "@RECORDID": "37a9176d6819849bcd695141407bcbea7c3c0b02a6c4bbb6d05d22c664d601c4",
        "@ROWID": "0-220bedf862c16c4319427ab5cac9fea8507ad2455044e360c487b97a6edf929a",
        "@PARENTROWID": "0-90fbe995a40f6d9419338d9ca160e5bb615d51b5ade5858a996d01b7ee11a901",
        "@PARENT": "root.record.ItemExhibitList.P3AModificationItemGroup.ModificationItemList.ModificationItem.Installation.ImplementationMethodList.ImplementationMethod"
    },
    {
        "Name_val": "Air National Guard",
        "Cost_Quantity_PriorYear_val": "",
        "Cost_Quantity_CurrentYear_val": "25",
        "Cost_Quantity_BudgetYearOneBase_val": "",
        "Cost_Quantity_BudgetYearOne_val": "",
        "Cost_Quantity_BudgetYearTwo_val": "",
        "Cost_TotalCost_PriorYear_val": "",
        "Cost_TotalCost_CurrentYear_val": "0.615",
        "Cost_TotalCost_BudgetYearOneBase_val": "",
        "Cost_TotalCost_BudgetYearOne_val": "",
        "Cost_TotalCost_BudgetYearTwo_val": "",
        "@SOURCE_FILENAME": "2015-BASE_PROCUREMENT-2015-AIRFORCE_AIRCRAFT_VOL2-PROCUREMENT_JustificationBook_Air_Force_PB_2015.zzz_unzipped-PROCUREMENT_JustificationBook_Air_Force_PB_2015.xml",
        "@RECORDID": "37a9176d6819849bcd695141407bcbea7c3c0b02a6c4bbb6d05d22c664d601c4",
        "@ROWID": "1-253111d3152bf80d95e54825716e387091abfa771aa3aab92d4cb73fe7537535",
        "@PARENTROWID": "0-90fbe995a40f6d9419338d9ca160e5bb615d51b5ade5858a996d01b7ee11a901",
        "@PARENT": "root.record.ItemExhibitList.P3AModificationItemGroup.ModificationItemList.ModificationItem.Installation.ImplementationMethodList.ImplementationMethod"
    },
    {
        "Name_val": "Air Force Active",
        "Cost_Quantity_PriorYear_val": "23",
        "Cost_Quantity_CurrentYear_val": "27",
        "Cost_Quantity_BudgetYearOneBase_val": "30",
        "Cost_Quantity_BudgetYearOne_val": "30",
        "Cost_Quantity_BudgetYearTwo_val": "13",
        "Cost_TotalCost_PriorYear_val": "7.511",
        "Cost_TotalCost_CurrentYear_val": "12.333",
        "Cost_TotalCost_BudgetYearOneBase_val": "12.4",
        "Cost_TotalCost_BudgetYearOne_val": "12.4",
        "Cost_TotalCost_BudgetYearTwo_val": "5.06",
        "@SOURCE_FILENAME": "2015-BASE_PROCUREMENT-2015-AIRFORCE_AIRCRAFT_VOL2-PROCUREMENT_JustificationBook_Air_Force_PB_2015.zzz_unzipped-PROCUREMENT_JustificationBook_Air_Force_PB_2015.xml",
        "@RECORDID": "a8005ce497b4d26a96a0a73b3a202cd9ad0d2cb8833efae151bef5451667fd9e",
        "@ROWID": "0-112cde4d7571d8991ca5af0ae16b1800704dc3b93f8cad2732968434497f5433",
        "@PARENTROWID": "0-3eb34e1af7b1acfc8dc3aedad4649a5e045d6da54a25848e880efbc0132fd63d",
        "@PARENT": "root.record.ItemExhibitList.P3AModificationItemGroup.ModificationItemList.ModificationItem.Installation.ImplementationMethodList.ImplementationMethod"
    },
    {
        "Name_val": "Air National Guard",
        "Cost_Quantity_PriorYear_val": "",
        "Cost_Quantity_CurrentYear_val": "",
        "Cost_Quantity_BudgetYearOneBase_val": "",
        "Cost_Quantity_BudgetYearOne_val": "",
        "Cost_Quantity_BudgetYearTwo_val": "9",
        "Cost_TotalCost_PriorYear_val": "",
        "Cost_TotalCost_CurrentYear_val": "",
        "Cost_TotalCost_BudgetYearOneBase_val": "",
        "Cost_TotalCost_BudgetYearOne_val": "",
        "Cost_TotalCost_BudgetYearTwo_val": "3.503",
        "@SOURCE_FILENAME": "2015-BASE_PROCUREMENT-2015-AIRFORCE_AIRCRAFT_VOL2-PROCUREMENT_JustificationBook_Air_Force_PB_2015.zzz_unzipped-PROCUREMENT_JustificationBook_Air_Force_PB_2015.xml",
        "@RECORDID": "a8005ce497b4d26a96a0a73b3a202cd9ad0d2cb8833efae151bef5451667fd9e",
        "@ROWID": "1-8ae192848492be80da15913107a691dae6a1d5bd0daa8d7965169bf3b9e97c29",
        "@PARENTROWID": "0-3eb34e1af7b1acfc8dc3aedad4649a5e045d6da54a25848e880efbc0132fd63d",
        "@PARENT": "root.record.ItemExhibitList.P3AModificationItemGroup.ModificationItemList.ModificationItem.Installation.ImplementationMethodList.ImplementationMethod"
    },
    {
        "Name_val": "Air Force Active",
        "Cost_Quantity_PriorYear_val": "352",
        "Cost_Quantity_CurrentYear_val": "",
        "Cost_Quantity_BudgetYearOneBase_val": "",
        "Cost_Quantity_BudgetYearOne_val": "",
        "Cost_Quantity_BudgetYearTwo_val": "",
        "Cost_TotalCost_PriorYear_val": "1.142",
        "Cost_TotalCost_CurrentYear_val": "",
        "Cost_TotalCost_BudgetYearOneBase_val": "",
        "Cost_TotalCost_BudgetYearOne_val": "",
        "Cost_TotalCost_BudgetYearTwo_val": "",
        "@SOURCE_FILENAME": "2015-BASE_PROCUREMENT-2015-AIRFORCE_AIRCRAFT_VOL2-PROCUREMENT_JustificationBook_Air_Force_PB_2015.zzz_unzipped-PROCUREMENT_JustificationBook_Air_Force_PB_2015.xml",
        "@RECORDID": "a8005ce497b4d26a96a0a73b3a202cd9ad0d2cb8833efae151bef5451667fd9e",
        "@ROWID": "0-bd6ff52b1bf1f616bbc803b29cc4b7120dd792d3a32f060a4b483c1ae581249e",
        "@PARENTROWID": "1-fc7d7e0ba3082c0233030e9ebdec56bae51873d61d77cab0c9c7dd9ec904e856",
        "@PARENT": "root.record.ItemExhibitList.P3AModificationItemGroup.ModificationItemList.ModificationItem.Installation.ImplementationMethodList.ImplementationMethod"
    },
    {
        "Name_val": "Air National Guard",
        "Cost_Quantity_PriorYear_val": "38",
        "Cost_Quantity_CurrentYear_val": "",
        "Cost_Quantity_BudgetYearOneBase_val": "",
        "Cost_Quantity_BudgetYearOne_val": "",
        "Cost_Quantity_BudgetYearTwo_val": "",
        "Cost_TotalCost_PriorYear_val": "0.124",
        "Cost_TotalCost_CurrentYear_val": "",
        "Cost_TotalCost_BudgetYearOneBase_val": "",
        "Cost_TotalCost_BudgetYearOne_val": "",
        "Cost_TotalCost_BudgetYearTwo_val": "",
        "@SOURCE_FILENAME": "2015-BASE_PROCUREMENT-2015-AIRFORCE_AIRCRAFT_VOL2-PROCUREMENT_JustificationBook_Air_Force_PB_2015.zzz_unzipped-PROCUREMENT_JustificationBook_Air_Force_PB_2015.xml",
        "@RECORDID": "a8005ce497b4d26a96a0a73b3a202cd9ad0d2cb8833efae151bef5451667fd9e",
        "@ROWID": "1-5b464f478a903b5ade9cf24420278d0e5549b2772e88e80491d171a26be47873",
        "@PARENTROWID": "1-fc7d7e0ba3082c0233030e9ebdec56bae51873d61d77cab0c9c7dd9ec904e856",
        "@PARENT": "root.record.ItemExhibitList.P3AModificationItemGroup.ModificationItemList.ModificationItem.Installation.ImplementationMethodList.ImplementationMethod"
    },
    {
        "Name_val": "Air Force Active",
        "Cost_Quantity_PriorYear_val": "15",
        "Cost_Quantity_CurrentYear_val": "",
        "Cost_Quantity_BudgetYearOneBase_val": "",
        "Cost_Quantity_BudgetYearOne_val": "",
        "Cost_Quantity_BudgetYearTwo_val": "",
        "Cost_TotalCost_PriorYear_val": "48.614",
        "Cost_TotalCost_CurrentYear_val": "",
        "Cost_TotalCost_BudgetYearOneBase_val": "",
        "Cost_TotalCost_BudgetYearOne_val": "",
        "Cost_TotalCost_BudgetYearTwo_val": "",
        "@SOURCE_FILENAME": "2015-BASE_PROCUREMENT-2015-AIRFORCE_AIRCRAFT_VOL2-PROCUREMENT_JustificationBook_Air_Force_PB_2015.zzz_unzipped-PROCUREMENT_JustificationBook_Air_Force_PB_2015.xml",
        "@RECORDID": "a8005ce497b4d26a96a0a73b3a202cd9ad0d2cb8833efae151bef5451667fd9e",
        "@ROWID": "0-ab6670c2749ec1a7b5db20cecad5b53adf344f18944dd86b33b8fe09830c2049",
        "@PARENTROWID": "0-145ffa3d61b001824f8e9db75a0916096465965e28d037e18b5df78415ca76f4",
        "@PARENT": "root.record.ItemExhibitList.P3AModificationItemGroup.ModificationItemList.ModificationItem.Installation.ImplementationMethodList.ImplementationMethod"
    },
    {
        "Name_val": "Air National Guard",
        "Cost_Quantity_PriorYear_val": "2",
        "Cost_Quantity_CurrentYear_val": "",
        "Cost_Quantity_BudgetYearOneBase_val": "",
        "Cost_Quantity_BudgetYearOne_val": "",
        "Cost_Quantity_BudgetYearTwo_val": "",
        "Cost_TotalCost_PriorYear_val": "1.68",
        "Cost_TotalCost_CurrentYear_val": "",
        "Cost_TotalCost_BudgetYearOneBase_val": "",
        "Cost_TotalCost_BudgetYearOne_val": "",
        "Cost_TotalCost_BudgetYearTwo_val": "",
        "@SOURCE_FILENAME": "2015-BASE_PROCUREMENT-2015-AIRFORCE_AIRCRAFT_VOL2-PROCUREMENT_JustificationBook_Air_Force_PB_2015.zzz_unzipped-PROCUREMENT_JustificationBook_Air_Force_PB_2015.xml",
        "@RECORDID": "a8005ce497b4d26a96a0a73b3a202cd9ad0d2cb8833efae151bef5451667fd9e",
        "@ROWID": "1-744799b85d723e751256edb57ef1be59cfbb34b296466a67334e2b67049e7184",
        "@PARENTROWID": "0-145ffa3d61b001824f8e9db75a0916096465965e28d037e18b5df78415ca76f4",
        "@PARENT": "root.record.ItemExhibitList.P3AModificationItemGroup.ModificationItemList.ModificationItem.Installation.ImplementationMethodList.ImplementationMethod"
    },
    {
        "Name_val": "Air Force Active",
        "Cost_Quantity_PriorYear_val": "1",
        "Cost_Quantity_CurrentYear_val": "3",
        "Cost_Quantity_BudgetYearOneBase_val": "0",
        "Cost_Quantity_BudgetYearOne_val": "0",
        "Cost_Quantity_BudgetYearTwo_val": "",
        "Cost_TotalCost_PriorYear_val": "1.132",
        "Cost_TotalCost_CurrentYear_val": "3.828",
        "Cost_TotalCost_BudgetYearOneBase_val": "0.000",
        "Cost_TotalCost_BudgetYearOne_val": "0.000",
        "Cost_TotalCost_BudgetYearTwo_val": "",
        "@SOURCE_FILENAME": "2015-BASE_PROCUREMENT-2015-AIRFORCE_AIRCRAFT_VOL2-PROCUREMENT_MasterJustificationBook_Air_Force_PB_2015.zzz_unzipped-PROCUREMENT_MasterJustificationBook_Air_Force_PB_2015.xml",
        "@RECORDID": "ca9f1e9f848e67edf7e34b76ad9b05e59dfcbeb190b54cb2ec2a178aeaaa3bfa",
        "@ROWID": "0-9b764622aa9606c7693dd964919c7fdc9f88b00291a95e9ae7f4eb216e337ca8",
        "@PARENTROWID": "0-82785f69162e1b901b7e7bb31cc1be4e7dcb810a44753d28979cb0aab748416a",
        "@PARENT": "root.record.ItemExhibitList.P3AModificationItemGroup.ModificationItemList.ModificationItem.Installation.ImplementationMethodList.ImplementationMethod"
    },
    {
        "Name_val": "Air Force Active",
        "Cost_Quantity_PriorYear_val": "",
        "Cost_Quantity_CurrentYear_val": "2",
        "Cost_Quantity_BudgetYearOneBase_val": "",
        "Cost_Quantity_BudgetYearOne_val": "",
        "Cost_Quantity_BudgetYearTwo_val": "",
        "Cost_TotalCost_PriorYear_val": "",
        "Cost_TotalCost_CurrentYear_val": "0.675",
        "Cost_TotalCost_BudgetYearOneBase_val": "",
        "Cost_TotalCost_BudgetYearOne_val": "",
        "Cost_TotalCost_BudgetYearTwo_val": "",
        "@SOURCE_FILENAME": "2015-BASE_PROCUREMENT-2015-AIRFORCE_AIRCRAFT_VOL2-PROCUREMENT_MasterJustificationBook_Air_Force_PB_2015.zzz_unzipped-PROCUREMENT_MasterJustificationBook_Air_Force_PB_2015.xml",
        "@RECORDID": "ca9f1e9f848e67edf7e34b76ad9b05e59dfcbeb190b54cb2ec2a178aeaaa3bfa",
        "@ROWID": "0-7f33ea2c13d19bda7285c575d9b392e0ddec134c459f850229964384c3f4f747",
        "@PARENTROWID": "1-e9b4fabd7cacec432db45952118dbaaf055e7351cdbfd6803daaa4d3d66edc7e",
        "@PARENT": "root.record.ItemExhibitList.P3AModificationItemGroup.ModificationItemList.ModificationItem.Installation.ImplementationMethodList.ImplementationMethod"
    },
    {
        "Name_val": "Air Force Active",
        "Cost_Quantity_PriorYear_val": "11",
        "Cost_Quantity_CurrentYear_val": "",
        "Cost_Quantity_BudgetYearOneBase_val": "",
        "Cost_Quantity_BudgetYearOne_val": "",
        "Cost_Quantity_BudgetYearTwo_val": "",
        "Cost_TotalCost_PriorYear_val": "222.512",
        "Cost_TotalCost_CurrentYear_val": "",
        "Cost_TotalCost_BudgetYearOneBase_val": "",
        "Cost_TotalCost_BudgetYearOne_val": "",
        "Cost_TotalCost_BudgetYearTwo_val": "",
        "@SOURCE_FILENAME": "2015-BASE_PROCUREMENT-2015-AIRFORCE_AIRCRAFT_VOL2-PROCUREMENT_MasterJustificationBook_Air_Force_PB_2015.zzz_unzipped-PROCUREMENT_MasterJustificationBook_Air_Force_PB_2015.xml",
        "@RECORDID": "aa1014d1730217cf58bd0eb1cf9155036af0caca57bd2ece54304d573c8411a2",
        "@ROWID": "0-95838f7555d937e688bf8e1a2b0933e83f8b035774ebcb83b3e667ad49f670ec",
        "@PARENTROWID": "0-7f2cec1dd963eb674201d7b135ccc19b7836921dcb77d42d011e5430eb2e0054",
        "@PARENT": "root.record.ItemExhibitList.P3AModificationItemGroup.ModificationItemList.ModificationItem.Installation.ImplementationMethodList.ImplementationMethod"
    },
    {
        "Name_val": "Air Force Active",
        "Cost_Quantity_PriorYear_val": "10",
        "Cost_Quantity_CurrentYear_val": "28",
        "Cost_Quantity_BudgetYearOneBase_val": "5",
        "Cost_Quantity_BudgetYearOne_val": "5",
        "Cost_Quantity_BudgetYearTwo_val": "",
        "Cost_TotalCost_PriorYear_val": "1.496",
        "Cost_TotalCost_CurrentYear_val": "3.007",
        "Cost_TotalCost_BudgetYearOneBase_val": "1.131",
        "Cost_TotalCost_BudgetYearOne_val": "1.131",
        "Cost_TotalCost_BudgetYearTwo_val": "",
        "@SOURCE_FILENAME": "2015-BASE_PROCUREMENT-2015-AIRFORCE_AIRCRAFT_VOL2-PROCUREMENT_MasterJustificationBook_Air_Force_PB_2015.zzz_unzipped-PROCUREMENT_MasterJustificationBook_Air_Force_PB_2015.xml",
        "@RECORDID": "e0b4c68aca5bcb28bf2a8d6314af11bf878587e1d5636a46ade0d81891a819a1",
        "@ROWID": "0-5b9559062942a7455e26a717e5391ac95abeae6cdad9e2d06be9ade11ef38b16",
        "@PARENTROWID": "0-7a8858218bbd1116a52076f270aa43fdb2abf21308451c37eb93a0c503a3abae",
        "@PARENT": "root.record.ItemExhibitList.P3AModificationItemGroup.ModificationItemList.ModificationItem.Installation.ImplementationMethodList.ImplementationMethod"
    },
    {
        "Name_val": "Air National Guard",
        "Cost_Quantity_PriorYear_val": "5",
        "Cost_Quantity_CurrentYear_val": "1",
        "Cost_Quantity_BudgetYearOneBase_val": "",
        "Cost_Quantity_BudgetYearOne_val": "",
        "Cost_Quantity_BudgetYearTwo_val": "",
        "Cost_TotalCost_PriorYear_val": "0.748",
        "Cost_TotalCost_CurrentYear_val": "0.107",
        "Cost_TotalCost_BudgetYearOneBase_val": "",
        "Cost_TotalCost_BudgetYearOne_val": "",
        "Cost_TotalCost_BudgetYearTwo_val": "",
        "@SOURCE_FILENAME": "2015-BASE_PROCUREMENT-2015-AIRFORCE_AIRCRAFT_VOL2-PROCUREMENT_MasterJustificationBook_Air_Force_PB_2015.zzz_unzipped-PROCUREMENT_MasterJustificationBook_Air_Force_PB_2015.xml",
        "@RECORDID": "e0b4c68aca5bcb28bf2a8d6314af11bf878587e1d5636a46ade0d81891a819a1",
        "@ROWID": "1-aa9b404f5518c849e193bdd07377e92eb147c16e9d7fdc435b4d6112b8db2410",
        "@PARENTROWID": "0-7a8858218bbd1116a52076f270aa43fdb2abf21308451c37eb93a0c503a3abae",
        "@PARENT": "root.record.ItemExhibitList.P3AModificationItemGroup.ModificationItemList.ModificationItem.Installation.ImplementationMethodList.ImplementationMethod"
    },
    {
        "Name_val": "Air Force Reserve",
        "Cost_Quantity_PriorYear_val": "",
        "Cost_Quantity_CurrentYear_val": "1",
        "Cost_Quantity_BudgetYearOneBase_val": "",
        "Cost_Quantity_BudgetYearOne_val": "",
        "Cost_Quantity_BudgetYearTwo_val": "",
        "Cost_TotalCost_PriorYear_val": "",
        "Cost_TotalCost_CurrentYear_val": "0.108",
        "Cost_TotalCost_BudgetYearOneBase_val": "",
        "Cost_TotalCost_BudgetYearOne_val": "",
        "Cost_TotalCost_BudgetYearTwo_val": "",
        "@SOURCE_FILENAME": "2015-BASE_PROCUREMENT-2015-AIRFORCE_AIRCRAFT_VOL2-PROCUREMENT_MasterJustificationBook_Air_Force_PB_2015.zzz_unzipped-PROCUREMENT_MasterJustificationBook_Air_Force_PB_2015.xml",
        "@RECORDID": "e0b4c68aca5bcb28bf2a8d6314af11bf878587e1d5636a46ade0d81891a819a1",
        "@ROWID": "2-4b0ee41c644966a4d1b492d2d44ff02b21db4a1f027fa019a98a42d56960b4e6",
        "@PARENTROWID": "0-7a8858218bbd1116a52076f270aa43fdb2abf21308451c37eb93a0c503a3abae",
        "@PARENT": "root.record.ItemExhibitList.P3AModificationItemGroup.ModificationItemList.ModificationItem.Installation.ImplementationMethodList.ImplementationMethod"
    },
    {
        "Name_val": "Air Force Active",
        "Cost_Quantity_PriorYear_val": "144",
        "Cost_Quantity_CurrentYear_val": "73",
        "Cost_Quantity_BudgetYearOneBase_val": "",
        "Cost_Quantity_BudgetYearOne_val": "",
        "Cost_Quantity_BudgetYearTwo_val": "",
        "Cost_TotalCost_PriorYear_val": "90.713",
        "Cost_TotalCost_CurrentYear_val": "6.262",
        "Cost_TotalCost_BudgetYearOneBase_val": "",
        "Cost_TotalCost_BudgetYearOne_val": "",
        "Cost_TotalCost_BudgetYearTwo_val": "",
        "@SOURCE_FILENAME": "2015-BASE_PROCUREMENT-2015-AIRFORCE_AIRCRAFT_VOL2-PROCUREMENT_MasterJustificationBook_Air_Force_PB_2015.zzz_unzipped-PROCUREMENT_MasterJustificationBook_Air_Force_PB_2015.xml",
        "@RECORDID": "e0b4c68aca5bcb28bf2a8d6314af11bf878587e1d5636a46ade0d81891a819a1",
        "@ROWID": "0-8c1426cac2af6d0bc873ef8a3df88f6fe0d94355467cc5a8bee605e061ff25ac",
        "@PARENTROWID": "0-dc7e0e025caa274d422384c08ace87a6ecec1ac335a1447f3c4eb6fd47d6ff7c",
        "@PARENT": "root.record.ItemExhibitList.P3AModificationItemGroup.ModificationItemList.ModificationItem.Installation.ImplementationMethodList.ImplementationMethod"
    },
    {
        "Name_val": "Air National Guard",
        "Cost_Quantity_PriorYear_val": "14",
        "Cost_Quantity_CurrentYear_val": "55",
        "Cost_Quantity_BudgetYearOneBase_val": "45",
        "Cost_Quantity_BudgetYearOne_val": "45",
        "Cost_Quantity_BudgetYearTwo_val": "",
        "Cost_TotalCost_PriorYear_val": "9.833",
        "Cost_TotalCost_CurrentYear_val": "10.044",
        "Cost_TotalCost_BudgetYearOneBase_val": "14.975",
        "Cost_TotalCost_BudgetYearOne_val": "14.975",
        "Cost_TotalCost_BudgetYearTwo_val": "",
        "@SOURCE_FILENAME": "2015-BASE_PROCUREMENT-2015-AIRFORCE_AIRCRAFT_VOL2-PROCUREMENT_MasterJustificationBook_Air_Force_PB_2015.zzz_unzipped-PROCUREMENT_MasterJustificationBook_Air_Force_PB_2015.xml",
        "@RECORDID": "e0b4c68aca5bcb28bf2a8d6314af11bf878587e1d5636a46ade0d81891a819a1",
        "@ROWID": "1-e341333894bb65662c45203ff57439ecebcfe84df7f5395f41c42dc621ccf50d",
        "@PARENTROWID": "0-dc7e0e025caa274d422384c08ace87a6ecec1ac335a1447f3c4eb6fd47d6ff7c",
        "@PARENT": "root.record.ItemExhibitList.P3AModificationItemGroup.ModificationItemList.ModificationItem.Installation.ImplementationMethodList.ImplementationMethod"
    },
    {
        "Name_val": "Air Force Reserve",
        "Cost_Quantity_PriorYear_val": "12",
        "Cost_Quantity_CurrentYear_val": "21",
        "Cost_Quantity_BudgetYearOneBase_val": "28",
        "Cost_Quantity_BudgetYearOne_val": "28",
        "Cost_Quantity_BudgetYearTwo_val": "",
        "Cost_TotalCost_PriorYear_val": "8.429",
        "Cost_TotalCost_CurrentYear_val": "3.653",
        "Cost_TotalCost_BudgetYearOneBase_val": "8.974",
        "Cost_TotalCost_BudgetYearOne_val": "8.974",
        "Cost_TotalCost_BudgetYearTwo_val": "",
        "@SOURCE_FILENAME": "2015-BASE_PROCUREMENT-2015-AIRFORCE_AIRCRAFT_VOL2-PROCUREMENT_MasterJustificationBook_Air_Force_PB_2015.zzz_unzipped-PROCUREMENT_MasterJustificationBook_Air_Force_PB_2015.xml",
        "@RECORDID": "e0b4c68aca5bcb28bf2a8d6314af11bf878587e1d5636a46ade0d81891a819a1",
        "@ROWID": "2-c18b9b34f25a2f6de28bdf52e19b3cc528193dba4d9ec08d20417ea7fbb3c8b8",
        "@PARENTROWID": "0-dc7e0e025caa274d422384c08ace87a6ecec1ac335a1447f3c4eb6fd47d6ff7c",
        "@PARENT": "root.record.ItemExhibitList.P3AModificationItemGroup.ModificationItemList.ModificationItem.Installation.ImplementationMethodList.ImplementationMethod"
    },
    {
        "Name_val": "Air Force Active",
        "Cost_Quantity_PriorYear_val": "2",
        "Cost_Quantity_CurrentYear_val": "",
        "Cost_Quantity_BudgetYearOneBase_val": "",
        "Cost_Quantity_BudgetYearOne_val": "",
        "Cost_Quantity_BudgetYearTwo_val": "",
        "Cost_TotalCost_PriorYear_val": "1.771",
        "Cost_TotalCost_CurrentYear_val": "",
        "Cost_TotalCost_BudgetYearOneBase_val": "",
        "Cost_TotalCost_BudgetYearOne_val": "",
        "Cost_TotalCost_BudgetYearTwo_val": "",
        "@SOURCE_FILENAME": "2015-BASE_PROCUREMENT-2015-AIRFORCE_AIRCRAFT_VOL2-PROCUREMENT_MasterJustificationBook_Air_Force_PB_2015.zzz_unzipped-PROCUREMENT_MasterJustificationBook_Air_Force_PB_2015.xml",
        "@RECORDID": "e0b4c68aca5bcb28bf2a8d6314af11bf878587e1d5636a46ade0d81891a819a1",
        "@ROWID": "0-cf28da03d594a8e57093328b42839f6fb5b60e28e2a1abacb9c72095026434e7",
        "@PARENTROWID": "0-56af74ea680a9f0b696773d54fef8a7a1ecd3a26edf6c61beaf53e78c68d86b2",
        "@PARENT": "root.record.ItemExhibitList.P3AModificationItemGroup.ModificationItemList.ModificationItem.Installation.ImplementationMethodList.ImplementationMethod"
    },
    {
        "Name_val": "Air Force Active",
        "Cost_Quantity_PriorYear_val": "",
        "Cost_Quantity_CurrentYear_val": "2",
        "Cost_Quantity_BudgetYearOneBase_val": "2",
        "Cost_Quantity_BudgetYearOne_val": "2",
        "Cost_Quantity_BudgetYearTwo_val": "",
        "Cost_TotalCost_PriorYear_val": "",
        "Cost_TotalCost_CurrentYear_val": "5.474",
        "Cost_TotalCost_BudgetYearOneBase_val": "5.497",
        "Cost_TotalCost_BudgetYearOne_val": "5.497",
        "Cost_TotalCost_BudgetYearTwo_val": "",
        "@SOURCE_FILENAME": "2015-BASE_PROCUREMENT-2015-AIRFORCE_AIRCRAFT_VOL2-PROCUREMENT_MasterJustificationBook_Air_Force_PB_2015.zzz_unzipped-PROCUREMENT_MasterJustificationBook_Air_Force_PB_2015.xml",
        "@RECORDID": "e0b4c68aca5bcb28bf2a8d6314af11bf878587e1d5636a46ade0d81891a819a1",
        "@ROWID": "0-6ad9d732faf7a50731dc26a9938efb849c92d207598e4fb21b60efa11fe97f62",
        "@PARENTROWID": "0-f33d92d5a516d4e0bf82ba640c6b514660c10a8de897911db004e8cd3e22fd89",
        "@PARENT": "root.record.ItemExhibitList.P3AModificationItemGroup.ModificationItemList.ModificationItem.Installation.ImplementationMethodList.ImplementationMethod"
    },
    {
        "Name_val": "Air Force Active",
        "Cost_Quantity_PriorYear_val": "2",
        "Cost_Quantity_CurrentYear_val": "",
        "Cost_Quantity_BudgetYearOneBase_val": "",
        "Cost_Quantity_BudgetYearOne_val": "",
        "Cost_Quantity_BudgetYearTwo_val": "",
        "Cost_TotalCost_PriorYear_val": "0.000",
        "Cost_TotalCost_CurrentYear_val": "",
        "Cost_TotalCost_BudgetYearOneBase_val": "",
        "Cost_TotalCost_BudgetYearOne_val": "",
        "Cost_TotalCost_BudgetYearTwo_val": "",
        "@SOURCE_FILENAME": "2015-BASE_PROCUREMENT-2015-AIRFORCE_AIRCRAFT_VOL2-PROCUREMENT_MasterJustificationBook_Air_Force_PB_2015.zzz_unzipped-PROCUREMENT_MasterJustificationBook_Air_Force_PB_2015.xml",
        "@RECORDID": "e0b4c68aca5bcb28bf2a8d6314af11bf878587e1d5636a46ade0d81891a819a1",
        "@ROWID": "0-fe2cfdfbb68dbc1671d9cb8914b969b297e2270cd7f3fa3796997464d74bfca4",
        "@PARENTROWID": "0-2887d725004327e39c0e586f374c7ba9c7f440c481056200b1577271413b6d61",
        "@PARENT": "root.record.ItemExhibitList.P3AModificationItemGroup.ModificationItemList.ModificationItem.Installation.ImplementationMethodList.ImplementationMethod"
    },
    {
        "Name_val": "Air Force Active",
        "Cost_Quantity_PriorYear_val": "1",
        "Cost_Quantity_CurrentYear_val": "2",
        "Cost_Quantity_BudgetYearOneBase_val": "6",
        "Cost_Quantity_BudgetYearOne_val": "6",
        "Cost_Quantity_BudgetYearTwo_val": "",
        "Cost_TotalCost_PriorYear_val": "0.000",
        "Cost_TotalCost_CurrentYear_val": "4.75",
        "Cost_TotalCost_BudgetYearOneBase_val": "9.864",
        "Cost_TotalCost_BudgetYearOne_val": "9.864",
        "Cost_TotalCost_BudgetYearTwo_val": "",
        "@SOURCE_FILENAME": "2015-BASE_PROCUREMENT-2015-AIRFORCE_AIRCRAFT_VOL2-PROCUREMENT_MasterJustificationBook_Air_Force_PB_2015.zzz_unzipped-PROCUREMENT_MasterJustificationBook_Air_Force_PB_2015.xml",
        "@RECORDID": "0b3cc84504de3dcd8d9b0ee78b03c6179e180dce85fc9cbee3b0fc0b68f603c4",
        "@ROWID": "0-d4a909fe8b0157f402424c3104f8c4e8ac38312f8c6462af6204eef154f82a38",
        "@PARENTROWID": "0-a207702bce1702a3792b87576abd705af03facac8d31bb62080e25f7e1aee06c",
        "@PARENT": "root.record.ItemExhibitList.P3AModificationItemGroup.ModificationItemList.ModificationItem.Installation.ImplementationMethodList.ImplementationMethod"
    },
    {
        "Name_val": "Air Force Active",
        "Cost_Quantity_PriorYear_val": "1",
        "Cost_Quantity_CurrentYear_val": "1",
        "Cost_Quantity_BudgetYearOneBase_val": "2",
        "Cost_Quantity_BudgetYearOne_val": "2",
        "Cost_Quantity_BudgetYearTwo_val": "",
        "Cost_TotalCost_PriorYear_val": "2.557",
        "Cost_TotalCost_CurrentYear_val": "2.716",
        "Cost_TotalCost_BudgetYearOneBase_val": "5.534",
        "Cost_TotalCost_BudgetYearOne_val": "5.534",
        "Cost_TotalCost_BudgetYearTwo_val": "",
        "@SOURCE_FILENAME": "2015-BASE_PROCUREMENT-2015-AIRFORCE_AIRCRAFT_VOL2-PROCUREMENT_MasterJustificationBook_Air_Force_PB_2015.zzz_unzipped-PROCUREMENT_MasterJustificationBook_Air_Force_PB_2015.xml",
        "@RECORDID": "238e5085dc0888e77904efb55416822a25ede521b2dc0ac35009e46fc2ba274d",
        "@ROWID": "0-0ce8e0813ffb82ffaf7aa3ce100848a1e04ed3290d4bdfa5aa3f383aeefe2620",
        "@PARENTROWID": "0-c63ce1d0bd57398d19ce74d0848fee49f0e9bfded31c132c5c13e1450302da18",
        "@PARENT": "root.record.ItemExhibitList.P3AModificationItemGroup.ModificationItemList.ModificationItem.Installation.ImplementationMethodList.ImplementationMethod"
    },
    {
        "Name_val": "Air Force Active",
        "Cost_Quantity_PriorYear_val": "4",
        "Cost_Quantity_CurrentYear_val": "2",
        "Cost_Quantity_BudgetYearOneBase_val": "",
        "Cost_Quantity_BudgetYearOne_val": "",
        "Cost_Quantity_BudgetYearTwo_val": "",
        "Cost_TotalCost_PriorYear_val": "10.585",
        "Cost_TotalCost_CurrentYear_val": "6.045",
        "Cost_TotalCost_BudgetYearOneBase_val": "",
        "Cost_TotalCost_BudgetYearOne_val": "",
        "Cost_TotalCost_BudgetYearTwo_val": "",
        "@SOURCE_FILENAME": "2015-BASE_PROCUREMENT-2015-AIRFORCE_AIRCRAFT_VOL2-PROCUREMENT_MasterJustificationBook_Air_Force_PB_2015.zzz_unzipped-PROCUREMENT_MasterJustificationBook_Air_Force_PB_2015.xml",
        "@RECORDID": "238e5085dc0888e77904efb55416822a25ede521b2dc0ac35009e46fc2ba274d",
        "@ROWID": "0-78ae06e60c16948726cc6cc169fe6ad7bd88b30b6d26781ce1e9554454b9c59d",
        "@PARENTROWID": "0-fbb295202e694c17b10e2591022d5d502a4109f6305b390a7524ef77aa65f396",
        "@PARENT": "root.record.ItemExhibitList.P3AModificationItemGroup.ModificationItemList.ModificationItem.Installation.ImplementationMethodList.ImplementationMethod"
    },
    {
        "Name_val": "Air Force Active",
        "Cost_Quantity_PriorYear_val": "1",
        "Cost_Quantity_CurrentYear_val": "1",
        "Cost_Quantity_BudgetYearOneBase_val": "1",
        "Cost_Quantity_BudgetYearOne_val": "1",
        "Cost_Quantity_BudgetYearTwo_val": "",
        "Cost_TotalCost_PriorYear_val": "2.6",
        "Cost_TotalCost_CurrentYear_val": "2.6",
        "Cost_TotalCost_BudgetYearOneBase_val": "2.6",
        "Cost_TotalCost_BudgetYearOne_val": "2.6",
        "Cost_TotalCost_BudgetYearTwo_val": "",
        "@SOURCE_FILENAME": "2015-BASE_PROCUREMENT-2015-AIRFORCE_AIRCRAFT_VOL2-PROCUREMENT_MasterJustificationBook_Air_Force_PB_2015.zzz_unzipped-PROCUREMENT_MasterJustificationBook_Air_Force_PB_2015.xml",
        "@RECORDID": "238e5085dc0888e77904efb55416822a25ede521b2dc0ac35009e46fc2ba274d",
        "@ROWID": "0-0d7939667a000b759c03788af2b8511e1fee4bffabd39f6be24f9857dc946713",
        "@PARENTROWID": "0-a5895adbb93e09ddddbdbd69d3cd785e13cfd602a0e9f96f67f4682ab93d5ed1",
        "@PARENT": "root.record.ItemExhibitList.P3AModificationItemGroup.ModificationItemList.ModificationItem.Installation.ImplementationMethodList.ImplementationMethod"
    },
    {
        "Name_val": "Air Force Active",
        "Cost_Quantity_PriorYear_val": "",
        "Cost_Quantity_CurrentYear_val": "3",
        "Cost_Quantity_BudgetYearOneBase_val": "",
        "Cost_Quantity_BudgetYearOne_val": "",
        "Cost_Quantity_BudgetYearTwo_val": "",
        "Cost_TotalCost_PriorYear_val": "",
        "Cost_TotalCost_CurrentYear_val": "0.334",
        "Cost_TotalCost_BudgetYearOneBase_val": "",
        "Cost_TotalCost_BudgetYearOne_val": "",
        "Cost_TotalCost_BudgetYearTwo_val": "",
        "@SOURCE_FILENAME": "2015-BASE_PROCUREMENT-2015-AIRFORCE_AIRCRAFT_VOL2-PROCUREMENT_MasterJustificationBook_Air_Force_PB_2015.zzz_unzipped-PROCUREMENT_MasterJustificationBook_Air_Force_PB_2015.xml",
        "@RECORDID": "915b03b5c79079cef74c1f5fed99ff94d2a961666ffa690a638fb838766b41c1",
        "@ROWID": "0-cd9901de95301f193d52058912ee1c770dd4c30f7f9f493e4816f3caf31ed097",
        "@PARENTROWID": "0-78a3ffa54f255ed42c28274e36d528fe39d15345287233444fad266e6fa4735d",
        "@PARENT": "root.record.ItemExhibitList.P3AModificationItemGroup.ModificationItemList.ModificationItem.Installation.ImplementationMethodList.ImplementationMethod"
    },
    {
        "Name_val": "Air Force Active",
        "Cost_Quantity_PriorYear_val": "",
        "Cost_Quantity_CurrentYear_val": "15",
        "Cost_Quantity_BudgetYearOneBase_val": "",
        "Cost_Quantity_BudgetYearOne_val": "",
        "Cost_Quantity_BudgetYearTwo_val": "",
        "Cost_TotalCost_PriorYear_val": "",
        "Cost_TotalCost_CurrentYear_val": "7.25",
        "Cost_TotalCost_BudgetYearOneBase_val": "",
        "Cost_TotalCost_BudgetYearOne_val": "",
        "Cost_TotalCost_BudgetYearTwo_val": "",
        "@SOURCE_FILENAME": "2015-BASE_PROCUREMENT-2015-AIRFORCE_AIRCRAFT_VOL2-PROCUREMENT_MasterJustificationBook_Air_Force_PB_2015.zzz_unzipped-PROCUREMENT_MasterJustificationBook_Air_Force_PB_2015.xml",
        "@RECORDID": "1d0ff418bd7c6cd4e0e89bd791631b1a3c0f2af4c9f1aa7bb064636a8d9f282b",
        "@ROWID": "0-c6c15a791db97ea6bc8e083e9650e1b8ccaf7bb08aeac29b6cc371b0e11e8db6",
        "@PARENTROWID": "0-4167b59dee0cd6391a775e46adb42fe19578464aca6a3ca7dfbde0493afd8640",
        "@PARENT": "root.record.ItemExhibitList.P3AModificationItemGroup.ModificationItemList.ModificationItem.Installation.ImplementationMethodList.ImplementationMethod"
    },
    {
        "Name_val": "Air Force Active",
        "Cost_Quantity_PriorYear_val": "",
        "Cost_Quantity_CurrentYear_val": "",
        "Cost_Quantity_BudgetYearOneBase_val": "7",
        "Cost_Quantity_BudgetYearOne_val": "7",
        "Cost_Quantity_BudgetYearTwo_val": "",
        "Cost_TotalCost_PriorYear_val": "",
        "Cost_TotalCost_CurrentYear_val": "",
        "Cost_TotalCost_BudgetYearOneBase_val": "43.127",
        "Cost_TotalCost_BudgetYearOne_val": "43.127",
        "Cost_TotalCost_BudgetYearTwo_val": "",
        "@SOURCE_FILENAME": "2015-BASE_PROCUREMENT-2015-AIRFORCE_AIRCRAFT_VOL2-PROCUREMENT_MasterJustificationBook_Air_Force_PB_2015.zzz_unzipped-PROCUREMENT_MasterJustificationBook_Air_Force_PB_2015.xml",
        "@RECORDID": "a48921b64d03b92f38e99229622434b0339f2788458c62c08f23ae8dd17a6497",
        "@ROWID": "0-b46d09a8806f06810e88d4e2ff730c41ea3b0242f68a5521644af7016251084a",
        "@PARENTROWID": "0-78e2ecf5dfee7674d01b427f197c6c303ea70466f017e3a3e171dc977fc8d793",
        "@PARENT": "root.record.ItemExhibitList.P3AModificationItemGroup.ModificationItemList.ModificationItem.Installation.ImplementationMethodList.ImplementationMethod"
    },
    {
        "Name_val": "Air Force Active",
        "Cost_Quantity_PriorYear_val": "4",
        "Cost_Quantity_CurrentYear_val": "8",
        "Cost_Quantity_BudgetYearOneBase_val": "8",
        "Cost_Quantity_BudgetYearOne_val": "8",
        "Cost_Quantity_BudgetYearTwo_val": "",
        "Cost_TotalCost_PriorYear_val": "1.833",
        "Cost_TotalCost_CurrentYear_val": "5.603",
        "Cost_TotalCost_BudgetYearOneBase_val": "5.704",
        "Cost_TotalCost_BudgetYearOne_val": "5.704",
        "Cost_TotalCost_BudgetYearTwo_val": "",
        "@SOURCE_FILENAME": "2015-BASE_PROCUREMENT-2015-AIRFORCE_AIRCRAFT_VOL2-PROCUREMENT_MasterJustificationBook_Air_Force_PB_2015.zzz_unzipped-PROCUREMENT_MasterJustificationBook_Air_Force_PB_2015.xml",
        "@RECORDID": "855eae1cbb61b6501bc214ee71975773395e237741d724826b960bf4c434431a",
        "@ROWID": "0-c24f57873869ecb5e68e1b944296297452f0b80c493277480b03914f4904f452",
        "@PARENTROWID": "0-27c929cc7f9fe64c99dbea5eefdb4dfc1e14edaacf3ff94e226f38266938726a",
        "@PARENT": "root.record.ItemExhibitList.P3AModificationItemGroup.ModificationItemList.ModificationItem.Installation.ImplementationMethodList.ImplementationMethod"
    },
    {
        "Name_val": "Air Force Active",
        "Cost_Quantity_PriorYear_val": "16",
        "Cost_Quantity_CurrentYear_val": "10",
        "Cost_Quantity_BudgetYearOneBase_val": "8",
        "Cost_Quantity_BudgetYearOne_val": "8",
        "Cost_Quantity_BudgetYearTwo_val": "",
        "Cost_TotalCost_PriorYear_val": "2.044",
        "Cost_TotalCost_CurrentYear_val": "4.347",
        "Cost_TotalCost_BudgetYearOneBase_val": "0.000",
        "Cost_TotalCost_BudgetYearOne_val": "0.000",
        "Cost_TotalCost_BudgetYearTwo_val": "",
        "@SOURCE_FILENAME": "2015-BASE_PROCUREMENT-2015-AIRFORCE_AIRCRAFT_VOL2-PROCUREMENT_MasterJustificationBook_Air_Force_PB_2015.zzz_unzipped-PROCUREMENT_MasterJustificationBook_Air_Force_PB_2015.xml",
        "@RECORDID": "855eae1cbb61b6501bc214ee71975773395e237741d724826b960bf4c434431a",
        "@ROWID": "0-9ed294e21fa995aeacf8d739730094d2f126ece0ad1b1f7b2cf087eeeede69e5",
        "@PARENTROWID": "0-b457274a4dc980fe88cb4581d4ae6d3484cb6bd4408e97f26065f849d14bc2ff",
        "@PARENT": "root.record.ItemExhibitList.P3AModificationItemGroup.ModificationItemList.ModificationItem.Installation.ImplementationMethodList.ImplementationMethod"
    },
    {
        "Name_val": "Air National Guard",
        "Cost_Quantity_PriorYear_val": "8",
        "Cost_Quantity_CurrentYear_val": "7",
        "Cost_Quantity_BudgetYearOneBase_val": "13",
        "Cost_Quantity_BudgetYearOne_val": "13",
        "Cost_Quantity_BudgetYearTwo_val": "",
        "Cost_TotalCost_PriorYear_val": "0.000",
        "Cost_TotalCost_CurrentYear_val": "0.000",
        "Cost_TotalCost_BudgetYearOneBase_val": "0.000",
        "Cost_TotalCost_BudgetYearOne_val": "0.000",
        "Cost_TotalCost_BudgetYearTwo_val": "",
        "@SOURCE_FILENAME": "2015-BASE_PROCUREMENT-2015-AIRFORCE_AIRCRAFT_VOL2-PROCUREMENT_MasterJustificationBook_Air_Force_PB_2015.zzz_unzipped-PROCUREMENT_MasterJustificationBook_Air_Force_PB_2015.xml",
        "@RECORDID": "855eae1cbb61b6501bc214ee71975773395e237741d724826b960bf4c434431a",
        "@ROWID": "1-291170e10e3300218f85070e541fb9ac627867db698f354e3e23f4cfead7c9bd",
        "@PARENTROWID": "0-b457274a4dc980fe88cb4581d4ae6d3484cb6bd4408e97f26065f849d14bc2ff",
        "@PARENT": "root.record.ItemExhibitList.P3AModificationItemGroup.ModificationItemList.ModificationItem.Installation.ImplementationMethodList.ImplementationMethod"
    },
    {
        "Name_val": "Air Force Active",
        "Cost_Quantity_PriorYear_val": "6",
        "Cost_Quantity_CurrentYear_val": "",
        "Cost_Quantity_BudgetYearOneBase_val": "",
        "Cost_Quantity_BudgetYearOne_val": "",
        "Cost_Quantity_BudgetYearTwo_val": "",
        "Cost_TotalCost_PriorYear_val": "0.000",
        "Cost_TotalCost_CurrentYear_val": "",
        "Cost_TotalCost_BudgetYearOneBase_val": "",
        "Cost_TotalCost_BudgetYearOne_val": "",
        "Cost_TotalCost_BudgetYearTwo_val": "",
        "@SOURCE_FILENAME": "2015-BASE_PROCUREMENT-2015-AIRFORCE_AIRCRAFT_VOL2-PROCUREMENT_MasterJustificationBook_Air_Force_PB_2015.zzz_unzipped-PROCUREMENT_MasterJustificationBook_Air_Force_PB_2015.xml",
        "@RECORDID": "855eae1cbb61b6501bc214ee71975773395e237741d724826b960bf4c434431a",
        "@ROWID": "0-63552fccec5c10327587f0e4f122de93d72e616ad5d71c5c9eab9abb589de4f9",
        "@PARENTROWID": "0-441bd0a0615d35a584e7152e3c7506fdde8e2de8156fa3590149775d6bff63b4",
        "@PARENT": "root.record.ItemExhibitList.P3AModificationItemGroup.ModificationItemList.ModificationItem.Installation.ImplementationMethodList.ImplementationMethod"
    },
    {
        "Name_val": "Air Force Active",
        "Cost_Quantity_PriorYear_val": "",
        "Cost_Quantity_CurrentYear_val": "25",
        "Cost_Quantity_BudgetYearOneBase_val": "",
        "Cost_Quantity_BudgetYearOne_val": "",
        "Cost_Quantity_BudgetYearTwo_val": "",
        "Cost_TotalCost_PriorYear_val": "",
        "Cost_TotalCost_CurrentYear_val": "0.615",
        "Cost_TotalCost_BudgetYearOneBase_val": "",
        "Cost_TotalCost_BudgetYearOne_val": "",
        "Cost_TotalCost_BudgetYearTwo_val": "",
        "@SOURCE_FILENAME": "2015-BASE_PROCUREMENT-2015-AIRFORCE_AIRCRAFT_VOL2-PROCUREMENT_MasterJustificationBook_Air_Force_PB_2015.zzz_unzipped-PROCUREMENT_MasterJustificationBook_Air_Force_PB_2015.xml",
        "@RECORDID": "855eae1cbb61b6501bc214ee71975773395e237741d724826b960bf4c434431a",
        "@ROWID": "0-7047338a0938d323ff6adbb9c3acac052dd500b78553d857224808110907769e",
        "@PARENTROWID": "0-912ed34d28c80062396daad45d77be9a7bcc2c554bb1e75177ab9a5aa0fc19ae",
        "@PARENT": "root.record.ItemExhibitList.P3AModificationItemGroup.ModificationItemList.ModificationItem.Installation.ImplementationMethodList.ImplementationMethod"
    },
    {
        "Name_val": "Air National Guard",
        "Cost_Quantity_PriorYear_val": "",
        "Cost_Quantity_CurrentYear_val": "25",
        "Cost_Quantity_BudgetYearOneBase_val": "",
        "Cost_Quantity_BudgetYearOne_val": "",
        "Cost_Quantity_BudgetYearTwo_val": "",
        "Cost_TotalCost_PriorYear_val": "",
        "Cost_TotalCost_CurrentYear_val": "0.615",
        "Cost_TotalCost_BudgetYearOneBase_val": "",
        "Cost_TotalCost_BudgetYearOne_val": "",
        "Cost_TotalCost_BudgetYearTwo_val": "",
        "@SOURCE_FILENAME": "2015-BASE_PROCUREMENT-2015-AIRFORCE_AIRCRAFT_VOL2-PROCUREMENT_MasterJustificationBook_Air_Force_PB_2015.zzz_unzipped-PROCUREMENT_MasterJustificationBook_Air_Force_PB_2015.xml",
        "@RECORDID": "855eae1cbb61b6501bc214ee71975773395e237741d724826b960bf4c434431a",
        "@ROWID": "1-c91b46b973f2d01cf3e04d96172c9198a78484d0cba042c0f388026d646276f9",
        "@PARENTROWID": "0-912ed34d28c80062396daad45d77be9a7bcc2c554bb1e75177ab9a5aa0fc19ae",
        "@PARENT": "root.record.ItemExhibitList.P3AModificationItemGroup.ModificationItemList.ModificationItem.Installation.ImplementationMethodList.ImplementationMethod"
    },
    {
        "Name_val": "Air Force Active",
        "Cost_Quantity_PriorYear_val": "23",
        "Cost_Quantity_CurrentYear_val": "27",
        "Cost_Quantity_BudgetYearOneBase_val": "30",
        "Cost_Quantity_BudgetYearOne_val": "30",
        "Cost_Quantity_BudgetYearTwo_val": "13",
        "Cost_TotalCost_PriorYear_val": "7.511",
        "Cost_TotalCost_CurrentYear_val": "12.333",
        "Cost_TotalCost_BudgetYearOneBase_val": "12.4",
        "Cost_TotalCost_BudgetYearOne_val": "12.4",
        "Cost_TotalCost_BudgetYearTwo_val": "5.06",
        "@SOURCE_FILENAME": "2015-BASE_PROCUREMENT-2015-AIRFORCE_AIRCRAFT_VOL2-PROCUREMENT_MasterJustificationBook_Air_Force_PB_2015.zzz_unzipped-PROCUREMENT_MasterJustificationBook_Air_Force_PB_2015.xml",
        "@RECORDID": "e0999d2b89817dbe0cc954d07a44ef1ad1938f20a6bca9d4306e26527654e26d",
        "@ROWID": "0-0eb07981df06455108d4ef21b716c1b63a5e0eff3ff089919480f02e802954f0",
        "@PARENTROWID": "0-35b4d6e4509fd820c88d16b1d664aacb9443ea925457ff79b8aa4d2c6e70a4d0",
        "@PARENT": "root.record.ItemExhibitList.P3AModificationItemGroup.ModificationItemList.ModificationItem.Installation.ImplementationMethodList.ImplementationMethod"
    },
    {
        "Name_val": "Air National Guard",
        "Cost_Quantity_PriorYear_val": "",
        "Cost_Quantity_CurrentYear_val": "",
        "Cost_Quantity_BudgetYearOneBase_val": "",
        "Cost_Quantity_BudgetYearOne_val": "",
        "Cost_Quantity_BudgetYearTwo_val": "9",
        "Cost_TotalCost_PriorYear_val": "",
        "Cost_TotalCost_CurrentYear_val": "",
        "Cost_TotalCost_BudgetYearOneBase_val": "",
        "Cost_TotalCost_BudgetYearOne_val": "",
        "Cost_TotalCost_BudgetYearTwo_val": "3.503",
        "@SOURCE_FILENAME": "2015-BASE_PROCUREMENT-2015-AIRFORCE_AIRCRAFT_VOL2-PROCUREMENT_MasterJustificationBook_Air_Force_PB_2015.zzz_unzipped-PROCUREMENT_MasterJustificationBook_Air_Force_PB_2015.xml",
        "@RECORDID": "e0999d2b89817dbe0cc954d07a44ef1ad1938f20a6bca9d4306e26527654e26d",
        "@ROWID": "1-65a659e6d1b9c6dc2a4500a673d21297606c4f13fdf5d6d31a59523950965d2a",
        "@PARENTROWID": "0-35b4d6e4509fd820c88d16b1d664aacb9443ea925457ff79b8aa4d2c6e70a4d0",
        "@PARENT": "root.record.ItemExhibitList.P3AModificationItemGroup.ModificationItemList.ModificationItem.Installation.ImplementationMethodList.ImplementationMethod"
    },
    {
        "Name_val": "Air Force Active",
        "Cost_Quantity_PriorYear_val": "352",
        "Cost_Quantity_CurrentYear_val": "",
        "Cost_Quantity_BudgetYearOneBase_val": "",
        "Cost_Quantity_BudgetYearOne_val": "",
        "Cost_Quantity_BudgetYearTwo_val": "",
        "Cost_TotalCost_PriorYear_val": "1.142",
        "Cost_TotalCost_CurrentYear_val": "",
        "Cost_TotalCost_BudgetYearOneBase_val": "",
        "Cost_TotalCost_BudgetYearOne_val": "",
        "Cost_TotalCost_BudgetYearTwo_val": "",
        "@SOURCE_FILENAME": "2015-BASE_PROCUREMENT-2015-AIRFORCE_AIRCRAFT_VOL2-PROCUREMENT_MasterJustificationBook_Air_Force_PB_2015.zzz_unzipped-PROCUREMENT_MasterJustificationBook_Air_Force_PB_2015.xml",
        "@RECORDID": "e0999d2b89817dbe0cc954d07a44ef1ad1938f20a6bca9d4306e26527654e26d",
        "@ROWID": "0-5e5086cc7460f4254549da13c85ae5173b2cc3feaddb5c15c5878a516f113201",
        "@PARENTROWID": "1-027c4ad0a4322f0de010417e98cdad200bf1abbdf73bb1cfb39cfc9ffd5c9091",
        "@PARENT": "root.record.ItemExhibitList.P3AModificationItemGroup.ModificationItemList.ModificationItem.Installation.ImplementationMethodList.ImplementationMethod"
    },
    {
        "Name_val": "Air National Guard",
        "Cost_Quantity_PriorYear_val": "38",
        "Cost_Quantity_CurrentYear_val": "",
        "Cost_Quantity_BudgetYearOneBase_val": "",
        "Cost_Quantity_BudgetYearOne_val": "",
        "Cost_Quantity_BudgetYearTwo_val": "",
        "Cost_TotalCost_PriorYear_val": "0.124",
        "Cost_TotalCost_CurrentYear_val": "",
        "Cost_TotalCost_BudgetYearOneBase_val": "",
        "Cost_TotalCost_BudgetYearOne_val": "",
        "Cost_TotalCost_BudgetYearTwo_val": "",
        "@SOURCE_FILENAME": "2015-BASE_PROCUREMENT-2015-AIRFORCE_AIRCRAFT_VOL2-PROCUREMENT_MasterJustificationBook_Air_Force_PB_2015.zzz_unzipped-PROCUREMENT_MasterJustificationBook_Air_Force_PB_2015.xml",
        "@RECORDID": "e0999d2b89817dbe0cc954d07a44ef1ad1938f20a6bca9d4306e26527654e26d",
        "@ROWID": "1-c6fcfc8f3ff70208f47497a01a5b5fdb4bef1350cacc977e331bc3cb6ca0ef78",
        "@PARENTROWID": "1-027c4ad0a4322f0de010417e98cdad200bf1abbdf73bb1cfb39cfc9ffd5c9091",
        "@PARENT": "root.record.ItemExhibitList.P3AModificationItemGroup.ModificationItemList.ModificationItem.Installation.ImplementationMethodList.ImplementationMethod"
    },
    {
        "Name_val": "Air Force Active",
        "Cost_Quantity_PriorYear_val": "15",
        "Cost_Quantity_CurrentYear_val": "",
        "Cost_Quantity_BudgetYearOneBase_val": "",
        "Cost_Quantity_BudgetYearOne_val": "",
        "Cost_Quantity_BudgetYearTwo_val": "",
        "Cost_TotalCost_PriorYear_val": "48.614",
        "Cost_TotalCost_CurrentYear_val": "",
        "Cost_TotalCost_BudgetYearOneBase_val": "",
        "Cost_TotalCost_BudgetYearOne_val": "",
        "Cost_TotalCost_BudgetYearTwo_val": "",
        "@SOURCE_FILENAME": "2015-BASE_PROCUREMENT-2015-AIRFORCE_AIRCRAFT_VOL2-PROCUREMENT_MasterJustificationBook_Air_Force_PB_2015.zzz_unzipped-PROCUREMENT_MasterJustificationBook_Air_Force_PB_2015.xml",
        "@RECORDID": "e0999d2b89817dbe0cc954d07a44ef1ad1938f20a6bca9d4306e26527654e26d",
        "@ROWID": "0-f87ebc8eddfaac83636855410228ea3d06188dd90289778611a45add28b41243",
        "@PARENTROWID": "0-3e324f62736daf78b51e26432685acfc7446f80e281db1bd21694fa00124915c",
        "@PARENT": "root.record.ItemExhibitList.P3AModificationItemGroup.ModificationItemList.ModificationItem.Installation.ImplementationMethodList.ImplementationMethod"
    },
    {
        "Name_val": "Air National Guard",
        "Cost_Quantity_PriorYear_val": "2",
        "Cost_Quantity_CurrentYear_val": "",
        "Cost_Quantity_BudgetYearOneBase_val": "",
        "Cost_Quantity_BudgetYearOne_val": "",
        "Cost_Quantity_BudgetYearTwo_val": "",
        "Cost_TotalCost_PriorYear_val": "1.68",
        "Cost_TotalCost_CurrentYear_val": "",
        "Cost_TotalCost_BudgetYearOneBase_val": "",
        "Cost_TotalCost_BudgetYearOne_val": "",
        "Cost_TotalCost_BudgetYearTwo_val": "",
        "@SOURCE_FILENAME": "2015-BASE_PROCUREMENT-2015-AIRFORCE_AIRCRAFT_VOL2-PROCUREMENT_MasterJustificationBook_Air_Force_PB_2015.zzz_unzipped-PROCUREMENT_MasterJustificationBook_Air_Force_PB_2015.xml",
        "@RECORDID": "e0999d2b89817dbe0cc954d07a44ef1ad1938f20a6bca9d4306e26527654e26d",
        "@ROWID": "1-61084ee7e31b80c37070c54f02926dfcf11af0e02e3c3771281ed82f78665eaf",
        "@PARENTROWID": "0-3e324f62736daf78b51e26432685acfc7446f80e281db1bd21694fa00124915c",
        "@PARENT": "root.record.ItemExhibitList.P3AModificationItemGroup.ModificationItemList.ModificationItem.Installation.ImplementationMethodList.ImplementationMethod"
    },
    {
        "Name_val": "Air Force Active",
        "Cost_Quantity_PriorYear_val": "0",
        "Cost_Quantity_CurrentYear_val": "",
        "Cost_Quantity_BudgetYearOneBase_val": "",
        "Cost_Quantity_BudgetYearOne_val": "",
        "Cost_Quantity_BudgetYearTwo_val": "",
        "Cost_TotalCost_PriorYear_val": "0.000",
        "Cost_TotalCost_CurrentYear_val": "",
        "Cost_TotalCost_BudgetYearOneBase_val": "",
        "Cost_TotalCost_BudgetYearOne_val": "",
        "Cost_TotalCost_BudgetYearTwo_val": "",
        "@SOURCE_FILENAME": "2015-BASE_PROCUREMENT-2015-AIRFORCE_OTHER-PROCUREMENT_JustificationBook_Air_Force_PB_2015.zzz_unzipped-PROCUREMENT_JustificationBook_Air_Force_PB_2015.xml",
        "@RECORDID": "468bc985f6e66df36e06ea9a96c28ec64edcebf0d6674e83420127564b1094c0",
        "@ROWID": "0-77f3f465baabe50e56d5b30b661997651eaf0f52752b4dae00d83a941c836d18",
        "@PARENTROWID": "0-ba8fa432cd4c16a1734f8a502c91bb4cdb90738daa2de1d4fa6d7df26a5ba108",
        "@PARENT": "root.record.ItemExhibitList.P3AModificationItemGroup.ModificationItemList.ModificationItem.Installation.ImplementationMethodList.ImplementationMethod"
    },
    {
        "Name_val": "Air Force Active",
        "Cost_Quantity_PriorYear_val": "0",
        "Cost_Quantity_CurrentYear_val": "",
        "Cost_Quantity_BudgetYearOneBase_val": "",
        "Cost_Quantity_BudgetYearOne_val": "",
        "Cost_Quantity_BudgetYearTwo_val": "",
        "Cost_TotalCost_PriorYear_val": "0.000",
        "Cost_TotalCost_CurrentYear_val": "",
        "Cost_TotalCost_BudgetYearOneBase_val": "",
        "Cost_TotalCost_BudgetYearOne_val": "",
        "Cost_TotalCost_BudgetYearTwo_val": "",
        "@SOURCE_FILENAME": "2015-BASE_PROCUREMENT-2015-AIRFORCE_OTHER-PROCUREMENT_MasterJustificationBook_Air_Force_PB_2015.zzz_unzipped-PROCUREMENT_MasterJustificationBook_Air_Force_PB_2015.xml",
        "@RECORDID": "38574a0eb107b9f7269a65b5cd9e3370a0cecba368536b676cf0c3e78bac69ac",
        "@ROWID": "0-e70b2344dca73f0b2c7b396e48ea958f60b114bcdc56e72491ebaaaf00062348",
        "@PARENTROWID": "0-0e456de4a2be1db679296ca4dfddbefbbe9d0096970a2e15ed02e630dd1742df",
        "@PARENT": "root.record.ItemExhibitList.P3AModificationItemGroup.ModificationItemList.ModificationItem.Installation.ImplementationMethodList.ImplementationMethod"
    },
    {
        "Name_val": "Air Force Active",
        "Cost_Quantity_PriorYear_val": "1",
        "Cost_Quantity_CurrentYear_val": "1",
        "Cost_Quantity_BudgetYearOneBase_val": "2",
        "Cost_Quantity_BudgetYearOne_val": "2",
        "Cost_Quantity_BudgetYearTwo_val": "",
        "Cost_TotalCost_PriorYear_val": "2.557",
        "Cost_TotalCost_CurrentYear_val": "2.716",
        "Cost_TotalCost_BudgetYearOneBase_val": "5.534",
        "Cost_TotalCost_BudgetYearOne_val": "5.534",
        "Cost_TotalCost_BudgetYearTwo_val": "",
        "@SOURCE_FILENAME": "2015-AMENDED_PROCUREMENT_AND_RDTE-2015-AIRFORCE_AMMO-PROCUREMENT_JustificationBook_Air_Force_PBAmended_2015.zzz_unzipped-PROCUREMENT_JustificationBook_Air_Force_PBAmended_2015.xml",
        "@RECORDID": "5d0eeab0e5f827704ba2a685913a7359c919753ae300be7e875ee61ae60888e4",
        "@ROWID": "0-f19e88e7c2244c4b7c36e357f3b198de4f886e50c3d1e282674a0264551c7566",
        "@PARENTROWID": "0-0987ea48572025c8cfd4d6281007572575415ace788fa8e6406773c57d2e0a71",
        "@PARENT": "root.record.ItemExhibitList.P3AModificationItemGroup.ModificationItemList.ModificationItem.Installation.ImplementationMethodList.ImplementationMethod"
    },
    {
        "Name_val": "Air Force Active",
        "Cost_Quantity_PriorYear_val": "4",
        "Cost_Quantity_CurrentYear_val": "2",
        "Cost_Quantity_BudgetYearOneBase_val": "",
        "Cost_Quantity_BudgetYearOne_val": "",
        "Cost_Quantity_BudgetYearTwo_val": "",
        "Cost_TotalCost_PriorYear_val": "10.585",
        "Cost_TotalCost_CurrentYear_val": "6.045",
        "Cost_TotalCost_BudgetYearOneBase_val": "",
        "Cost_TotalCost_BudgetYearOne_val": "",
        "Cost_TotalCost_BudgetYearTwo_val": "",
        "@SOURCE_FILENAME": "2015-AMENDED_PROCUREMENT_AND_RDTE-2015-AIRFORCE_AMMO-PROCUREMENT_JustificationBook_Air_Force_PBAmended_2015.zzz_unzipped-PROCUREMENT_JustificationBook_Air_Force_PBAmended_2015.xml",
        "@RECORDID": "5d0eeab0e5f827704ba2a685913a7359c919753ae300be7e875ee61ae60888e4",
        "@ROWID": "0-3c866f5b043fa1031f569eb5812698021a9ac7ad05175fb957b1acce49e1969e",
        "@PARENTROWID": "0-19143a5cfb900540dcad82f07c61b31b577cd1992c50841ff01693506e8e7ade",
        "@PARENT": "root.record.ItemExhibitList.P3AModificationItemGroup.ModificationItemList.ModificationItem.Installation.ImplementationMethodList.ImplementationMethod"
    },
    {
        "Name_val": "Air Force Active",
        "Cost_Quantity_PriorYear_val": "1",
        "Cost_Quantity_CurrentYear_val": "1",
        "Cost_Quantity_BudgetYearOneBase_val": "1",
        "Cost_Quantity_BudgetYearOne_val": "1",
        "Cost_Quantity_BudgetYearTwo_val": "",
        "Cost_TotalCost_PriorYear_val": "2.6",
        "Cost_TotalCost_CurrentYear_val": "2.6",
        "Cost_TotalCost_BudgetYearOneBase_val": "2.6",
        "Cost_TotalCost_BudgetYearOne_val": "2.6",
        "Cost_TotalCost_BudgetYearTwo_val": "",
        "@SOURCE_FILENAME": "2015-AMENDED_PROCUREMENT_AND_RDTE-2015-AIRFORCE_AMMO-PROCUREMENT_JustificationBook_Air_Force_PBAmended_2015.zzz_unzipped-PROCUREMENT_JustificationBook_Air_Force_PBAmended_2015.xml",
        "@RECORDID": "5d0eeab0e5f827704ba2a685913a7359c919753ae300be7e875ee61ae60888e4",
        "@ROWID": "0-ff4fb70d06b7a2c8b646d6603a36eec1342d601bfae8f035e76835d854db36fc",
        "@PARENTROWID": "0-c4bbdead2a96a5d246f761b23d45dfecc2f8b08790b5fb89b53d165ae1fbb109",
        "@PARENT": "root.record.ItemExhibitList.P3AModificationItemGroup.ModificationItemList.ModificationItem.Installation.ImplementationMethodList.ImplementationMethod"
    },
    {
        "Name_val": "Air Force Active",
        "Cost_Quantity_PriorYear_val": "1",
        "Cost_Quantity_CurrentYear_val": "1",
        "Cost_Quantity_BudgetYearOneBase_val": "2",
        "Cost_Quantity_BudgetYearOne_val": "2",
        "Cost_Quantity_BudgetYearTwo_val": "",
        "Cost_TotalCost_PriorYear_val": "2.557",
        "Cost_TotalCost_CurrentYear_val": "2.716",
        "Cost_TotalCost_BudgetYearOneBase_val": "5.534",
        "Cost_TotalCost_BudgetYearOne_val": "5.534",
        "Cost_TotalCost_BudgetYearTwo_val": "",
        "@SOURCE_FILENAME": "2015-AMENDED_PROCUREMENT_AND_RDTE-2015-AIRFORCE_AMMO-PROCUREMENT_MasterJustificationBook_Air_Force_PBAmended_2015.zzz_unzipped-PROCUREMENT_MasterJustificationBook_Air_Force_PBAmended_2015.xml",
        "@RECORDID": "308f697704d8ddc7394defea12f143515a17c085f8cd1988f241494e4852d23c",
        "@ROWID": "0-19e02ab7d67e854fed9db041b039965d57d82df16eed63dbce011a1d0f007b12",
        "@PARENTROWID": "0-c8792297a3c0e59e0b067d7e022aa293c31baa8592e9beb71b28150122b93056",
        "@PARENT": "root.record.ItemExhibitList.P3AModificationItemGroup.ModificationItemList.ModificationItem.Installation.ImplementationMethodList.ImplementationMethod"
    },
    {
        "Name_val": "Air Force Active",
        "Cost_Quantity_PriorYear_val": "4",
        "Cost_Quantity_CurrentYear_val": "2",
        "Cost_Quantity_BudgetYearOneBase_val": "",
        "Cost_Quantity_BudgetYearOne_val": "",
        "Cost_Quantity_BudgetYearTwo_val": "",
        "Cost_TotalCost_PriorYear_val": "10.585",
        "Cost_TotalCost_CurrentYear_val": "6.045",
        "Cost_TotalCost_BudgetYearOneBase_val": "",
        "Cost_TotalCost_BudgetYearOne_val": "",
        "Cost_TotalCost_BudgetYearTwo_val": "",
        "@SOURCE_FILENAME": "2015-AMENDED_PROCUREMENT_AND_RDTE-2015-AIRFORCE_AMMO-PROCUREMENT_MasterJustificationBook_Air_Force_PBAmended_2015.zzz_unzipped-PROCUREMENT_MasterJustificationBook_Air_Force_PBAmended_2015.xml",
        "@RECORDID": "308f697704d8ddc7394defea12f143515a17c085f8cd1988f241494e4852d23c",
        "@ROWID": "0-2a1084c8846cc2cc1fce56ba5b2a32574bb04e42c029ce77384b53698f3f4eee",
        "@PARENTROWID": "0-ac2ba421b6f06fcc47d5e2e86e2c31c4a06b6a087220d33ef8f8580aae3f6b84",
        "@PARENT": "root.record.ItemExhibitList.P3AModificationItemGroup.ModificationItemList.ModificationItem.Installation.ImplementationMethodList.ImplementationMethod"
    },
    {
        "Name_val": "Air Force Active",
        "Cost_Quantity_PriorYear_val": "1",
        "Cost_Quantity_CurrentYear_val": "1",
        "Cost_Quantity_BudgetYearOneBase_val": "1",
        "Cost_Quantity_BudgetYearOne_val": "1",
        "Cost_Quantity_BudgetYearTwo_val": "",
        "Cost_TotalCost_PriorYear_val": "2.6",
        "Cost_TotalCost_CurrentYear_val": "2.6",
        "Cost_TotalCost_BudgetYearOneBase_val": "2.6",
        "Cost_TotalCost_BudgetYearOne_val": "2.6",
        "Cost_TotalCost_BudgetYearTwo_val": "",
        "@SOURCE_FILENAME": "2015-AMENDED_PROCUREMENT_AND_RDTE-2015-AIRFORCE_AMMO-PROCUREMENT_MasterJustificationBook_Air_Force_PBAmended_2015.zzz_unzipped-PROCUREMENT_MasterJustificationBook_Air_Force_PBAmended_2015.xml",
        "@RECORDID": "308f697704d8ddc7394defea12f143515a17c085f8cd1988f241494e4852d23c",
        "@ROWID": "0-b6ed0cf8ee4c25131ef9bda112303faa49652af87139a301e6d2ebe5adeab16d",
        "@PARENTROWID": "0-565bcb6cef60816516d9e33f8b0eded1753384a517c0e558c0f85f3596d951ca",
        "@PARENT": "root.record.ItemExhibitList.P3AModificationItemGroup.ModificationItemList.ModificationItem.Installation.ImplementationMethodList.ImplementationMethod"
    }
]