Month_val,Amount_val,@SOURCE_FILENAME,@RECORDID,@ROWID,@PARENTROWID,@PARENT
"2018-05","271","2019-BASE_PROCUREMENT-2019-AIRFORCE_AMMUNITION-U_PROCUREMENT_JustificationBook_Air_Force_PB_2019.zzz_unzipped-U_PROCUREMENT_JustificationBook_Air_Force_PB_2019.xml","948340796190edae4b7d09a84a23e6c0f1e8d2da5a93e04cbdddc3e0a25eeec6","0-eee91c6af9b1791bc5de80072a47693f1cdab91bcbcc79525b3b3b5f25811893","0-7e8104741fa08ab1115f1ed41a900bb1c2349d9fcf6c2ffe31337fa52ed0f612","root.record.ItemExhibitList.P5Item.CostElementCategoryList.Support.CostElementList.CostElement.ManufacturerList.Manufacturer.HistoryPlanningList.HistoryPlanning"
"2018-06","2000","2019-BASE_PROCUREMENT-2019-AIRFORCE_AMMUNITION-U_PROCUREMENT_JustificationBook_Air_Force_PB_2019.zzz_unzipped-U_PROCUREMENT_JustificationBook_Air_Force_PB_2019.xml","948340796190edae4b7d09a84a23e6c0f1e8d2da5a93e04cbdddc3e0a25eeec6","1-8e3df5ed9a430176baff4c04319e0294e94d61cac31bcb969854f41d6fd0e366","0-7e8104741fa08ab1115f1ed41a900bb1c2349d9fcf6c2ffe31337fa52ed0f612","root.record.ItemExhibitList.P5Item.CostElementCategoryList.Support.CostElementList.CostElement.ManufacturerList.Manufacturer.HistoryPlanningList.HistoryPlanning"
"2018-07","2000","2019-BASE_PROCUREMENT-2019-AIRFORCE_AMMUNITION-U_PROCUREMENT_JustificationBook_Air_Force_PB_2019.zzz_unzipped-U_PROCUREMENT_JustificationBook_Air_Force_PB_2019.xml","948340796190edae4b7d09a84a23e6c0f1e8d2da5a93e04cbdddc3e0a25eeec6","2-24b1f06ed950da521163ba89269d13bef95f270573ac3a8b3e307e447f2c4510","0-7e8104741fa08ab1115f1ed41a900bb1c2349d9fcf6c2ffe31337fa52ed0f612","root.record.ItemExhibitList.P5Item.CostElementCategoryList.Support.CostElementList.CostElement.ManufacturerList.Manufacturer.HistoryPlanningList.HistoryPlanning"
"2018-08","326","2019-BASE_PROCUREMENT-2019-AIRFORCE_AMMUNITION-U_PROCUREMENT_JustificationBook_Air_Force_PB_2019.zzz_unzipped-U_PROCUREMENT_JustificationBook_Air_Force_PB_2019.xml","948340796190edae4b7d09a84a23e6c0f1e8d2da5a93e04cbdddc3e0a25eeec6","3-2da072a228b52e9fcee8d29a1547180f8f7dc669480b30576d1ad1687bf64dbf","0-7e8104741fa08ab1115f1ed41a900bb1c2349d9fcf6c2ffe31337fa52ed0f612","root.record.ItemExhibitList.P5Item.CostElementCategoryList.Support.CostElementList.CostElement.ManufacturerList.Manufacturer.HistoryPlanningList.HistoryPlanning"
"2019-04","686","2019-BASE_PROCUREMENT-2019-AIRFORCE_AMMUNITION-U_PROCUREMENT_JustificationBook_Air_Force_PB_2019.zzz_unzipped-U_PROCUREMENT_JustificationBook_Air_Force_PB_2019.xml","948340796190edae4b7d09a84a23e6c0f1e8d2da5a93e04cbdddc3e0a25eeec6","0-1b29ce206c0d3bd29f9611497fc1efbb21446ee1aa632ec73d39346418fc54c8","1-9542ed9b6e38f77c6d215e50f6b28fae0130fc8c9134ae729d2c552203b8adb7","root.record.ItemExhibitList.P5Item.CostElementCategoryList.Support.CostElementList.CostElement.ManufacturerList.Manufacturer.HistoryPlanningList.HistoryPlanning"
"2016-11","2000","2019-BASE_PROCUREMENT-2019-AIRFORCE_AMMUNITION-U_PROCUREMENT_JustificationBook_Air_Force_PB_2019.zzz_unzipped-U_PROCUREMENT_JustificationBook_Air_Force_PB_2019.xml","948340796190edae4b7d09a84a23e6c0f1e8d2da5a93e04cbdddc3e0a25eeec6","0-339248a8ae5e5d9c4dbb5fcdc06e6bfcfddb94b03a7a413f8855d3afcbc6e5b6","0-163d188091dd9c152f45c2e833b2bd17a96b05184d2e9e5537ff4e0d37d1a5e4","root.record.ItemExhibitList.P5Item.CostElementCategoryList.Support.CostElementList.CostElement.ManufacturerList.Manufacturer.HistoryPlanningList.HistoryPlanning"
"2016-12","2000","2019-BASE_PROCUREMENT-2019-AIRFORCE_AMMUNITION-U_PROCUREMENT_JustificationBook_Air_Force_PB_2019.zzz_unzipped-U_PROCUREMENT_JustificationBook_Air_Force_PB_2019.xml","948340796190edae4b7d09a84a23e6c0f1e8d2da5a93e04cbdddc3e0a25eeec6","1-01f0e7fcb8c9329158721e7b3202e7169f5f924e81a9889ab353438144c60b61","0-163d188091dd9c152f45c2e833b2bd17a96b05184d2e9e5537ff4e0d37d1a5e4","root.record.ItemExhibitList.P5Item.CostElementCategoryList.Support.CostElementList.CostElement.ManufacturerList.Manufacturer.HistoryPlanningList.HistoryPlanning"
"2017-01","2000","2019-BASE_PROCUREMENT-2019-AIRFORCE_AMMUNITION-U_PROCUREMENT_JustificationBook_Air_Force_PB_2019.zzz_unzipped-U_PROCUREMENT_JustificationBook_Air_Force_PB_2019.xml","948340796190edae4b7d09a84a23e6c0f1e8d2da5a93e04cbdddc3e0a25eeec6","2-e08dbcc4e9ef71f24f6dccd8a69f0afbe0d1ac99456404d1b96451a6efe49b29","0-163d188091dd9c152f45c2e833b2bd17a96b05184d2e9e5537ff4e0d37d1a5e4","root.record.ItemExhibitList.P5Item.CostElementCategoryList.Support.CostElementList.CostElement.ManufacturerList.Manufacturer.HistoryPlanningList.HistoryPlanning"
"2017-02","2000","2019-BASE_PROCUREMENT-2019-AIRFORCE_AMMUNITION-U_PROCUREMENT_JustificationBook_Air_Force_PB_2019.zzz_unzipped-U_PROCUREMENT_JustificationBook_Air_Force_PB_2019.xml","948340796190edae4b7d09a84a23e6c0f1e8d2da5a93e04cbdddc3e0a25eeec6","3-f35fe5f2ff4f2d819a177861041e33199f3b2671592ec7b226e48c0b0e14ab5d","0-163d188091dd9c152f45c2e833b2bd17a96b05184d2e9e5537ff4e0d37d1a5e4","root.record.ItemExhibitList.P5Item.CostElementCategoryList.Support.CostElementList.CostElement.ManufacturerList.Manufacturer.HistoryPlanningList.HistoryPlanning"
"2017-03","2000","2019-BASE_PROCUREMENT-2019-AIRFORCE_AMMUNITION-U_PROCUREMENT_JustificationBook_Air_Force_PB_2019.zzz_unzipped-U_PROCUREMENT_JustificationBook_Air_Force_PB_2019.xml","948340796190edae4b7d09a84a23e6c0f1e8d2da5a93e04cbdddc3e0a25eeec6","4-7d49f413740ecec0d82ed451b6143bdbbf03d93628082bd61ae20cf5816bb908","0-163d188091dd9c152f45c2e833b2bd17a96b05184d2e9e5537ff4e0d37d1a5e4","root.record.ItemExhibitList.P5Item.CostElementCategoryList.Support.CostElementList.CostElement.ManufacturerList.Manufacturer.HistoryPlanningList.HistoryPlanning"
"2017-04","2000","2019-BASE_PROCUREMENT-2019-AIRFORCE_AMMUNITION-U_PROCUREMENT_JustificationBook_Air_Force_PB_2019.zzz_unzipped-U_PROCUREMENT_JustificationBook_Air_Force_PB_2019.xml","948340796190edae4b7d09a84a23e6c0f1e8d2da5a93e04cbdddc3e0a25eeec6","5-c1abc43cc0fe42fa6c1721d81f7be2ba126c3fa14a0bf869f5d0cbdf7cd4d0da","0-163d188091dd9c152f45c2e833b2bd17a96b05184d2e9e5537ff4e0d37d1a5e4","root.record.ItemExhibitList.P5Item.CostElementCategoryList.Support.CostElementList.CostElement.ManufacturerList.Manufacturer.HistoryPlanningList.HistoryPlanning"
"2017-05","2000","2019-BASE_PROCUREMENT-2019-AIRFORCE_AMMUNITION-U_PROCUREMENT_JustificationBook_Air_Force_PB_2019.zzz_unzipped-U_PROCUREMENT_JustificationBook_Air_Force_PB_2019.xml","948340796190edae4b7d09a84a23e6c0f1e8d2da5a93e04cbdddc3e0a25eeec6","6-9d837c0f9313a25b7b166f9ead5a9fa2e0a09fdf04080b6fb3a6bb775f0d988b","0-163d188091dd9c152f45c2e833b2bd17a96b05184d2e9e5537ff4e0d37d1a5e4","root.record.ItemExhibitList.P5Item.CostElementCategoryList.Support.CostElementList.CostElement.ManufacturerList.Manufacturer.HistoryPlanningList.HistoryPlanning"
"2017-06","4000","2019-BASE_PROCUREMENT-2019-AIRFORCE_AMMUNITION-U_PROCUREMENT_JustificationBook_Air_Force_PB_2019.zzz_unzipped-U_PROCUREMENT_JustificationBook_Air_Force_PB_2019.xml","948340796190edae4b7d09a84a23e6c0f1e8d2da5a93e04cbdddc3e0a25eeec6","7-7d41dfb3082569b9b3395332986e48d890998137235f57d798550a2befbee536","0-163d188091dd9c152f45c2e833b2bd17a96b05184d2e9e5537ff4e0d37d1a5e4","root.record.ItemExhibitList.P5Item.CostElementCategoryList.Support.CostElementList.CostElement.ManufacturerList.Manufacturer.HistoryPlanningList.HistoryPlanning"
"2017-07","4000","2019-BASE_PROCUREMENT-2019-AIRFORCE_AMMUNITION-U_PROCUREMENT_JustificationBook_Air_Force_PB_2019.zzz_unzipped-U_PROCUREMENT_JustificationBook_Air_Force_PB_2019.xml","948340796190edae4b7d09a84a23e6c0f1e8d2da5a93e04cbdddc3e0a25eeec6","8-e98a5be6a391e10f26dd4e86ac19999c763964c9ecf42554b1caba34e02ac280","0-163d188091dd9c152f45c2e833b2bd17a96b05184d2e9e5537ff4e0d37d1a5e4","root.record.ItemExhibitList.P5Item.CostElementCategoryList.Support.CostElementList.CostElement.ManufacturerList.Manufacturer.HistoryPlanningList.HistoryPlanning"
"2017-08","4000","2019-BASE_PROCUREMENT-2019-AIRFORCE_AMMUNITION-U_PROCUREMENT_JustificationBook_Air_Force_PB_2019.zzz_unzipped-U_PROCUREMENT_JustificationBook_Air_Force_PB_2019.xml","948340796190edae4b7d09a84a23e6c0f1e8d2da5a93e04cbdddc3e0a25eeec6","9-e066d659a5963a51b0305d94385f981549471f9d375da0aad1d25ece38c05a14","0-163d188091dd9c152f45c2e833b2bd17a96b05184d2e9e5537ff4e0d37d1a5e4","root.record.ItemExhibitList.P5Item.CostElementCategoryList.Support.CostElementList.CostElement.ManufacturerList.Manufacturer.HistoryPlanningList.HistoryPlanning"
"2017-09","4000","2019-BASE_PROCUREMENT-2019-AIRFORCE_AMMUNITION-U_PROCUREMENT_JustificationBook_Air_Force_PB_2019.zzz_unzipped-U_PROCUREMENT_JustificationBook_Air_Force_PB_2019.xml","948340796190edae4b7d09a84a23e6c0f1e8d2da5a93e04cbdddc3e0a25eeec6","10-c6e1e94b7ccfe8148d2fa0ca395d1bc989be8ea427190b55aea9142d2795a7db","0-163d188091dd9c152f45c2e833b2bd17a96b05184d2e9e5537ff4e0d37d1a5e4","root.record.ItemExhibitList.P5Item.CostElementCategoryList.Support.CostElementList.CostElement.ManufacturerList.Manufacturer.HistoryPlanningList.HistoryPlanning"
"2017-10","4000","2019-BASE_PROCUREMENT-2019-AIRFORCE_AMMUNITION-U_PROCUREMENT_JustificationBook_Air_Force_PB_2019.zzz_unzipped-U_PROCUREMENT_JustificationBook_Air_Force_PB_2019.xml","948340796190edae4b7d09a84a23e6c0f1e8d2da5a93e04cbdddc3e0a25eeec6","11-a5bc8c71241e73e9e32f901ced2b6eedda3f7d1592059ae5f0a8a817d4b3edcd","0-163d188091dd9c152f45c2e833b2bd17a96b05184d2e9e5537ff4e0d37d1a5e4","root.record.ItemExhibitList.P5Item.CostElementCategoryList.Support.CostElementList.CostElement.ManufacturerList.Manufacturer.HistoryPlanningList.HistoryPlanning"
"2017-11","1020","2019-BASE_PROCUREMENT-2019-AIRFORCE_AMMUNITION-U_PROCUREMENT_JustificationBook_Air_Force_PB_2019.zzz_unzipped-U_PROCUREMENT_JustificationBook_Air_Force_PB_2019.xml","948340796190edae4b7d09a84a23e6c0f1e8d2da5a93e04cbdddc3e0a25eeec6","12-d62a338cae5fe0ac84c62990afe28a9f0a81a907bf38d3010311d573326f2d5c","0-163d188091dd9c152f45c2e833b2bd17a96b05184d2e9e5537ff4e0d37d1a5e4","root.record.ItemExhibitList.P5Item.CostElementCategoryList.Support.CostElementList.CostElement.ManufacturerList.Manufacturer.HistoryPlanningList.HistoryPlanning"
"2017-12","2000","2019-BASE_PROCUREMENT-2019-AIRFORCE_AMMUNITION-U_PROCUREMENT_JustificationBook_Air_Force_PB_2019.zzz_unzipped-U_PROCUREMENT_JustificationBook_Air_Force_PB_2019.xml","948340796190edae4b7d09a84a23e6c0f1e8d2da5a93e04cbdddc3e0a25eeec6","0-0ed0dfb713f68553ac8d502def19e1074587cec1713d3a626c8fcb82ea03e676","0-b17c52a821f29e4d160ddf79ca5cac6d6f54d1003f7bf5efc7ab531c515931ec","root.record.ItemExhibitList.P5Item.CostElementCategoryList.Support.CostElementList.CostElement.ManufacturerList.Manufacturer.HistoryPlanningList.HistoryPlanning"
"2018-01","707","2019-BASE_PROCUREMENT-2019-AIRFORCE_AMMUNITION-U_PROCUREMENT_JustificationBook_Air_Force_PB_2019.zzz_unzipped-U_PROCUREMENT_JustificationBook_Air_Force_PB_2019.xml","948340796190edae4b7d09a84a23e6c0f1e8d2da5a93e04cbdddc3e0a25eeec6","1-35c2e1f78dc26ab78a7b5aeb26d29bd1fb282da4878955c0e6f2ce23f562002e","0-b17c52a821f29e4d160ddf79ca5cac6d6f54d1003f7bf5efc7ab531c515931ec","root.record.ItemExhibitList.P5Item.CostElementCategoryList.Support.CostElementList.CostElement.ManufacturerList.Manufacturer.HistoryPlanningList.HistoryPlanning"
"2018-05","271","2019-BASE_PROCUREMENT-2019-AIRFORCE_AMMUNITION-U_PROCUREMENT_MasterJustificationBook_Air_Force_PB_2019.zzz_unzipped-U_PROCUREMENT_MasterJustificationBook_Air_Force_PB_2019.xml","5eb932eec80633e31db3e36e2444efa3425816690f6ea7ac7f2cdb928901e9a5","0-3ee889e930239853f938e0f95c6479ee5c30e2bc5b0c394f560d2c89c3956f4a","0-8b614e0a196675fe0b72ce8b862767165f2c20412984ddc33dc69ac20a7b445a","root.record.ItemExhibitList.P5Item.CostElementCategoryList.Support.CostElementList.CostElement.ManufacturerList.Manufacturer.HistoryPlanningList.HistoryPlanning"
"2018-06","2000","2019-BASE_PROCUREMENT-2019-AIRFORCE_AMMUNITION-U_PROCUREMENT_MasterJustificationBook_Air_Force_PB_2019.zzz_unzipped-U_PROCUREMENT_MasterJustificationBook_Air_Force_PB_2019.xml","5eb932eec80633e31db3e36e2444efa3425816690f6ea7ac7f2cdb928901e9a5","1-886b0d774c18f20a22b5ad161270098276ff6d072712317fc9a4f75fa2d0a4ed","0-8b614e0a196675fe0b72ce8b862767165f2c20412984ddc33dc69ac20a7b445a","root.record.ItemExhibitList.P5Item.CostElementCategoryList.Support.CostElementList.CostElement.ManufacturerList.Manufacturer.HistoryPlanningList.HistoryPlanning"
"2018-07","2000","2019-BASE_PROCUREMENT-2019-AIRFORCE_AMMUNITION-U_PROCUREMENT_MasterJustificationBook_Air_Force_PB_2019.zzz_unzipped-U_PROCUREMENT_MasterJustificationBook_Air_Force_PB_2019.xml","5eb932eec80633e31db3e36e2444efa3425816690f6ea7ac7f2cdb928901e9a5","2-7d69424ee54cd4ee89121748170a7a7e2d2d2d748a786ef5ba1a953010b4cd2b","0-8b614e0a196675fe0b72ce8b862767165f2c20412984ddc33dc69ac20a7b445a","root.record.ItemExhibitList.P5Item.CostElementCategoryList.Support.CostElementList.CostElement.ManufacturerList.Manufacturer.HistoryPlanningList.HistoryPlanning"
"2018-08","326","2019-BASE_PROCUREMENT-2019-AIRFORCE_AMMUNITION-U_PROCUREMENT_MasterJustificationBook_Air_Force_PB_2019.zzz_unzipped-U_PROCUREMENT_MasterJustificationBook_Air_Force_PB_2019.xml","5eb932eec80633e31db3e36e2444efa3425816690f6ea7ac7f2cdb928901e9a5","3-827f3db958814ae655b949667a660254154404bbeb1478044d22597fa3de7e2c","0-8b614e0a196675fe0b72ce8b862767165f2c20412984ddc33dc69ac20a7b445a","root.record.ItemExhibitList.P5Item.CostElementCategoryList.Support.CostElementList.CostElement.ManufacturerList.Manufacturer.HistoryPlanningList.HistoryPlanning"
"2019-04","686","2019-BASE_PROCUREMENT-2019-AIRFORCE_AMMUNITION-U_PROCUREMENT_MasterJustificationBook_Air_Force_PB_2019.zzz_unzipped-U_PROCUREMENT_MasterJustificationBook_Air_Force_PB_2019.xml","5eb932eec80633e31db3e36e2444efa3425816690f6ea7ac7f2cdb928901e9a5","0-6907d0ac13d11f4155882d178624341544fbc9d012d07231bad3ac924d08072d","1-1e02cefa787ac1bd87803656c8a8c06ecc85124c40fcbaea40f413295bf4e8c8","root.record.ItemExhibitList.P5Item.CostElementCategoryList.Support.CostElementList.CostElement.ManufacturerList.Manufacturer.HistoryPlanningList.HistoryPlanning"
"2016-11","2000","2019-BASE_PROCUREMENT-2019-AIRFORCE_AMMUNITION-U_PROCUREMENT_MasterJustificationBook_Air_Force_PB_2019.zzz_unzipped-U_PROCUREMENT_MasterJustificationBook_Air_Force_PB_2019.xml","5eb932eec80633e31db3e36e2444efa3425816690f6ea7ac7f2cdb928901e9a5","0-ed08ea9c31958e805b26107abb02debf643e48d3d48fca1f7f31523f55a3500e","0-c55b42c44467eb4b3f3140d17fc91ba4dab1ce440f8a68fa52421d37c771cb2f","root.record.ItemExhibitList.P5Item.CostElementCategoryList.Support.CostElementList.CostElement.ManufacturerList.Manufacturer.HistoryPlanningList.HistoryPlanning"
"2016-12","2000","2019-BASE_PROCUREMENT-2019-AIRFORCE_AMMUNITION-U_PROCUREMENT_MasterJustificationBook_Air_Force_PB_2019.zzz_unzipped-U_PROCUREMENT_MasterJustificationBook_Air_Force_PB_2019.xml","5eb932eec80633e31db3e36e2444efa3425816690f6ea7ac7f2cdb928901e9a5","1-6cd447fef3836d47b9b6844c953ba275fbdaa4e3bdbbcc667caa936edd5aefeb","0-c55b42c44467eb4b3f3140d17fc91ba4dab1ce440f8a68fa52421d37c771cb2f","root.record.ItemExhibitList.P5Item.CostElementCategoryList.Support.CostElementList.CostElement.ManufacturerList.Manufacturer.HistoryPlanningList.HistoryPlanning"
"2017-01","2000","2019-BASE_PROCUREMENT-2019-AIRFORCE_AMMUNITION-U_PROCUREMENT_MasterJustificationBook_Air_Force_PB_2019.zzz_unzipped-U_PROCUREMENT_MasterJustificationBook_Air_Force_PB_2019.xml","5eb932eec80633e31db3e36e2444efa3425816690f6ea7ac7f2cdb928901e9a5","2-a0b47e44c694f2a2a80a031ac951fe8be93d4cc89d768a3052ff35a67026e4c5","0-c55b42c44467eb4b3f3140d17fc91ba4dab1ce440f8a68fa52421d37c771cb2f","root.record.ItemExhibitList.P5Item.CostElementCategoryList.Support.CostElementList.CostElement.ManufacturerList.Manufacturer.HistoryPlanningList.HistoryPlanning"
"2017-02","2000","2019-BASE_PROCUREMENT-2019-AIRFORCE_AMMUNITION-U_PROCUREMENT_MasterJustificationBook_Air_Force_PB_2019.zzz_unzipped-U_PROCUREMENT_MasterJustificationBook_Air_Force_PB_2019.xml","5eb932eec80633e31db3e36e2444efa3425816690f6ea7ac7f2cdb928901e9a5","3-8cda9bc53bd05012f76d3860913d09518fab44904d7d6da4fdfead8186033c79","0-c55b42c44467eb4b3f3140d17fc91ba4dab1ce440f8a68fa52421d37c771cb2f","root.record.ItemExhibitList.P5Item.CostElementCategoryList.Support.CostElementList.CostElement.ManufacturerList.Manufacturer.HistoryPlanningList.HistoryPlanning"
"2017-03","2000","2019-BASE_PROCUREMENT-2019-AIRFORCE_AMMUNITION-U_PROCUREMENT_MasterJustificationBook_Air_Force_PB_2019.zzz_unzipped-U_PROCUREMENT_MasterJustificationBook_Air_Force_PB_2019.xml","5eb932eec80633e31db3e36e2444efa3425816690f6ea7ac7f2cdb928901e9a5","4-424327d8c3b780d21c141662c48b8a74ab18b7c57b512b4dd5b7fe3bcfd0cf66","0-c55b42c44467eb4b3f3140d17fc91ba4dab1ce440f8a68fa52421d37c771cb2f","root.record.ItemExhibitList.P5Item.CostElementCategoryList.Support.CostElementList.CostElement.ManufacturerList.Manufacturer.HistoryPlanningList.HistoryPlanning"
"2017-04","2000","2019-BASE_PROCUREMENT-2019-AIRFORCE_AMMUNITION-U_PROCUREMENT_MasterJustificationBook_Air_Force_PB_2019.zzz_unzipped-U_PROCUREMENT_MasterJustificationBook_Air_Force_PB_2019.xml","5eb932eec80633e31db3e36e2444efa3425816690f6ea7ac7f2cdb928901e9a5","5-a6777d97fa8ea01873c07b152a13e201e464926529db5e959930dd08a90cdb33","0-c55b42c44467eb4b3f3140d17fc91ba4dab1ce440f8a68fa52421d37c771cb2f","root.record.ItemExhibitList.P5Item.CostElementCategoryList.Support.CostElementList.CostElement.ManufacturerList.Manufacturer.HistoryPlanningList.HistoryPlanning"
"2017-05","2000","2019-BASE_PROCUREMENT-2019-AIRFORCE_AMMUNITION-U_PROCUREMENT_MasterJustificationBook_Air_Force_PB_2019.zzz_unzipped-U_PROCUREMENT_MasterJustificationBook_Air_Force_PB_2019.xml","5eb932eec80633e31db3e36e2444efa3425816690f6ea7ac7f2cdb928901e9a5","6-4ff1490dfc22e175a5d1069060c1bbc3698819b60e837b7ed61cb4f8c1d20402","0-c55b42c44467eb4b3f3140d17fc91ba4dab1ce440f8a68fa52421d37c771cb2f","root.record.ItemExhibitList.P5Item.CostElementCategoryList.Support.CostElementList.CostElement.ManufacturerList.Manufacturer.HistoryPlanningList.HistoryPlanning"
"2017-06","4000","2019-BASE_PROCUREMENT-2019-AIRFORCE_AMMUNITION-U_PROCUREMENT_MasterJustificationBook_Air_Force_PB_2019.zzz_unzipped-U_PROCUREMENT_MasterJustificationBook_Air_Force_PB_2019.xml","5eb932eec80633e31db3e36e2444efa3425816690f6ea7ac7f2cdb928901e9a5","7-edf9430b51da678c28e9d49763ea9df34953d561ea82cabb3ee01723e66ed975","0-c55b42c44467eb4b3f3140d17fc91ba4dab1ce440f8a68fa52421d37c771cb2f","root.record.ItemExhibitList.P5Item.CostElementCategoryList.Support.CostElementList.CostElement.ManufacturerList.Manufacturer.HistoryPlanningList.HistoryPlanning"
"2017-07","4000","2019-BASE_PROCUREMENT-2019-AIRFORCE_AMMUNITION-U_PROCUREMENT_MasterJustificationBook_Air_Force_PB_2019.zzz_unzipped-U_PROCUREMENT_MasterJustificationBook_Air_Force_PB_2019.xml","5eb932eec80633e31db3e36e2444efa3425816690f6ea7ac7f2cdb928901e9a5","8-58c8e066de763ab33c082d5322018d73e7fbee0fbed71c9c586c8a9da59ddffe","0-c55b42c44467eb4b3f3140d17fc91ba4dab1ce440f8a68fa52421d37c771cb2f","root.record.ItemExhibitList.P5Item.CostElementCategoryList.Support.CostElementList.CostElement.ManufacturerList.Manufacturer.HistoryPlanningList.HistoryPlanning"
"2017-08","4000","2019-BASE_PROCUREMENT-2019-AIRFORCE_AMMUNITION-U_PROCUREMENT_MasterJustificationBook_Air_Force_PB_2019.zzz_unzipped-U_PROCUREMENT_MasterJustificationBook_Air_Force_PB_2019.xml","5eb932eec80633e31db3e36e2444efa3425816690f6ea7ac7f2cdb928901e9a5","9-86ef97e726ffb9d13ed26068cd95ed2df8e53c47502537dffbaa38d49c97970c","0-c55b42c44467eb4b3f3140d17fc91ba4dab1ce440f8a68fa52421d37c771cb2f","root.record.ItemExhibitList.P5Item.CostElementCategoryList.Support.CostElementList.CostElement.ManufacturerList.Manufacturer.HistoryPlanningList.HistoryPlanning"
"2017-09","4000","2019-BASE_PROCUREMENT-2019-AIRFORCE_AMMUNITION-U_PROCUREMENT_MasterJustificationBook_Air_Force_PB_2019.zzz_unzipped-U_PROCUREMENT_MasterJustificationBook_Air_Force_PB_2019.xml","5eb932eec80633e31db3e36e2444efa3425816690f6ea7ac7f2cdb928901e9a5","10-aa62f54bceb0170193d8f731f1eee30b37268012533c32be03f9b9084a95e561","0-c55b42c44467eb4b3f3140d17fc91ba4dab1ce440f8a68fa52421d37c771cb2f","root.record.ItemExhibitList.P5Item.CostElementCategoryList.Support.CostElementList.CostElement.ManufacturerList.Manufacturer.HistoryPlanningList.HistoryPlanning"
"2017-10","4000","2019-BASE_PROCUREMENT-2019-AIRFORCE_AMMUNITION-U_PROCUREMENT_MasterJustificationBook_Air_Force_PB_2019.zzz_unzipped-U_PROCUREMENT_MasterJustificationBook_Air_Force_PB_2019.xml","5eb932eec80633e31db3e36e2444efa3425816690f6ea7ac7f2cdb928901e9a5","11-f298214de8cf9b41d034170e9ad2fc8af440b59472ef7157d0616f9b2d719dcc","0-c55b42c44467eb4b3f3140d17fc91ba4dab1ce440f8a68fa52421d37c771cb2f","root.record.ItemExhibitList.P5Item.CostElementCategoryList.Support.CostElementList.CostElement.ManufacturerList.Manufacturer.HistoryPlanningList.HistoryPlanning"
"2017-11","1020","2019-BASE_PROCUREMENT-2019-AIRFORCE_AMMUNITION-U_PROCUREMENT_MasterJustificationBook_Air_Force_PB_2019.zzz_unzipped-U_PROCUREMENT_MasterJustificationBook_Air_Force_PB_2019.xml","5eb932eec80633e31db3e36e2444efa3425816690f6ea7ac7f2cdb928901e9a5","12-bc2dba9f842533880d43290c8d57dd3b5644d25fd24f46c9bbd07907d89c37b0","0-c55b42c44467eb4b3f3140d17fc91ba4dab1ce440f8a68fa52421d37c771cb2f","root.record.ItemExhibitList.P5Item.CostElementCategoryList.Support.CostElementList.CostElement.ManufacturerList.Manufacturer.HistoryPlanningList.HistoryPlanning"
"2017-12","2000","2019-BASE_PROCUREMENT-2019-AIRFORCE_AMMUNITION-U_PROCUREMENT_MasterJustificationBook_Air_Force_PB_2019.zzz_unzipped-U_PROCUREMENT_MasterJustificationBook_Air_Force_PB_2019.xml","5eb932eec80633e31db3e36e2444efa3425816690f6ea7ac7f2cdb928901e9a5","0-835a2b0d7594e44a2c54dac3ba0c60c5beba642f737bc18da3b5079eed28fad1","0-a1154bee6050936a492741c54ffa384d5e551efff9eaf42fba8a82fdc8e2d3f9","root.record.ItemExhibitList.P5Item.CostElementCategoryList.Support.CostElementList.CostElement.ManufacturerList.Manufacturer.HistoryPlanningList.HistoryPlanning"
"2018-01","707","2019-BASE_PROCUREMENT-2019-AIRFORCE_AMMUNITION-U_PROCUREMENT_MasterJustificationBook_Air_Force_PB_2019.zzz_unzipped-U_PROCUREMENT_MasterJustificationBook_Air_Force_PB_2019.xml","5eb932eec80633e31db3e36e2444efa3425816690f6ea7ac7f2cdb928901e9a5","1-64b68a15375a560488bf182ea3c2a11d156a9c8381dfdb73c26d756c19731b45","0-a1154bee6050936a492741c54ffa384d5e551efff9eaf42fba8a82fdc8e2d3f9","root.record.ItemExhibitList.P5Item.CostElementCategoryList.Support.CostElementList.CostElement.ManufacturerList.Manufacturer.HistoryPlanningList.HistoryPlanning"
