Title_val,Costs_TotalCost_PriorYearNine_val,Costs_TotalCost_PriorYearFour_val,Costs_TotalCost_BudgetYearOne_val,Costs_TotalCost_PriorYearThree_val,Costs_TotalCost_PriorYearTwo_val,Costs_TotalCost_PriorYear_val,Costs_TotalCost_CurrentYear_val,Costs_TotalCost_PriorYearFive_val,Costs_TotalCost_PriorYearTen_val,Costs_TotalCost_PriorYearEight_val,Costs_TotalCost_PriorYearEleven_val,Costs_TotalCost_PriorYearSix_val,Costs_TotalCost_PriorYearTwelve_val,Costs_Quantity_PriorYearTwo_val,Costs_Quantity_PriorYear_val,Costs_Quantity_CurrentYear_val,Costs_Quantity_BudgetYearOne_val,Costs_Quantity_PriorYearThree_val,Costs_Quantity_PriorYearFour_val,@SOURCE_FILENAME,@RECORDID,@ROWID,@PARENTROWID,@PARENT
"Other HM&E","2.143","2.38","2.627","","","","","","","","","","","","","","","","","2018-BASE_PROCUREMENT-2018-NAVY_SHIPBUILDINGANDCOVERSION-U_PROCUREMENT_JustificationBook_Navy_PB_2018.zzz_unzipped-U_PROCUREMENT_JustificationBook_Navy_PB_2018.xml","3bd3375f8dec12f579ffef5deeffb5939924e6b15ffeeee65c067abecc5c9d65","0-6253c918a411ad50122f2a2f27903f9d3166c42e80aa4fea804ca6848586eaaf","9441-f8e01e63fd458c07476976aec50e1680ddc982483c078fad193d4edfeaca7748","root"
"HM&E Installation and testing","","","19.502","18.592","18.828","19.374","19.12","","","","","","","","","","","","","2018-BASE_PROCUREMENT-2018-NAVY_SHIPBUILDINGANDCOVERSION-U_PROCUREMENT_JustificationBook_Navy_PB_2018.zzz_unzipped-U_PROCUREMENT_JustificationBook_Navy_PB_2018.xml","e65faa6577a08f2ddf29b7d5454a13aa910b941ba87ebd505eb81f9f400deed2","0-0374b8e75f493cb528d04cb484b5c28590517606fab872d970d33409ca3a35db","9452-1e348d85f63c4bfe7233f988639d874a259ed5a8f42ffed9b3b1ebfecc66b9f1","root"
"T&E","","","9.508","9.06","9.18","9.446","9.322","","","","","","","","","","","","","2018-BASE_PROCUREMENT-2018-NAVY_SHIPBUILDINGANDCOVERSION-U_PROCUREMENT_JustificationBook_Navy_PB_2018.zzz_unzipped-U_PROCUREMENT_JustificationBook_Navy_PB_2018.xml","e65faa6577a08f2ddf29b7d5454a13aa910b941ba87ebd505eb81f9f400deed2","1-20fb94575fce887af1d5c3d400953871582ae368dfa31cdd9158da8348481c40","9452-1e348d85f63c4bfe7233f988639d874a259ed5a8f42ffed9b3b1ebfecc66b9f1","root"
"SUPSHIP responsible material","","","2.21","2.104","2.132","2.194","2.166","","","","","","","","","","","","","2018-BASE_PROCUREMENT-2018-NAVY_SHIPBUILDINGANDCOVERSION-U_PROCUREMENT_JustificationBook_Navy_PB_2018.zzz_unzipped-U_PROCUREMENT_JustificationBook_Navy_PB_2018.xml","e65faa6577a08f2ddf29b7d5454a13aa910b941ba87ebd505eb81f9f400deed2","2-3f2ea8ef51999c6d294a29a67d79dbdad34b368de5a944031a718b183cf29881","9452-1e348d85f63c4bfe7233f988639d874a259ed5a8f42ffed9b3b1ebfecc66b9f1","root"
"ENGINEERING, TEST & CERTIFICATIONS, MISC.","","","","","","58.835","","43.511","","","","","","","","","","","","2018-BASE_PROCUREMENT-2018-NAVY_SHIPBUILDINGANDCOVERSION-U_PROCUREMENT_JustificationBook_Navy_PB_2018.zzz_unzipped-U_PROCUREMENT_JustificationBook_Navy_PB_2018.xml","30f05fcd72a912823615127e43b2be8ca570156afc2855adfc6c02323fd91c7d","0-81f4ca9b6b735aaa3a718267612e5e9009f02f867227a1a38fb7fe77ae010bd4","9454-0a9ba165a1c191585e53a8adbc451f966006a48128787ba028a2ab0767594fe5","root"
"HM&E (NGVLA, Moriah Wind Measurement System (WMS), Aviation Integration)","","","","","","","","","68.492","12.432","","","","","","","","","","2018-BASE_PROCUREMENT-2018-NAVY_SHIPBUILDINGANDCOVERSION-U_PROCUREMENT_JustificationBook_Navy_PB_2018.zzz_unzipped-U_PROCUREMENT_JustificationBook_Navy_PB_2018.xml","63a199acf2aec9803478e689b99e17d5ba8e6ed8eb7dfb080491db0b111af06e","0-86abbd72061f115b9c3626217f8439cd8a745e39358b91f7088625f52eeaee31","9455-7f5ce97021f0474ce0df0f63d7df4473dd6594a6e8832b2e5711660d3d1f1f1a","root"
"MISSION SYSTEM ACTIVATION","","","","","","","","","18.781","9.39","","","","","","","","","","2018-BASE_PROCUREMENT-2018-NAVY_SHIPBUILDINGANDCOVERSION-U_PROCUREMENT_JustificationBook_Navy_PB_2018.zzz_unzipped-U_PROCUREMENT_JustificationBook_Navy_PB_2018.xml","63a199acf2aec9803478e689b99e17d5ba8e6ed8eb7dfb080491db0b111af06e","1-bc67a8cab5e33f632a311edd652a87a4f1cf35b78a282d246d1b4929023ba210","9455-7f5ce97021f0474ce0df0f63d7df4473dd6594a6e8832b2e5711660d3d1f1f1a","root"
"MISC. HM&E","","","44","","41.715","52.038","43.146","","","","","","","2","3","2","2","","","2018-BASE_PROCUREMENT-2018-NAVY_SHIPBUILDINGANDCOVERSION-U_PROCUREMENT_JustificationBook_Navy_PB_2018.zzz_unzipped-U_PROCUREMENT_JustificationBook_Navy_PB_2018.xml","341c09c4a37bc5105a93194374c2b71f3cdff23a738f04e5629acb1abd33932e","0-33602ddcdc70631b93035873eaa8140fc1bc916c51fa96eca4a778dc24fbd6cf","9456-253f06b5da3e45776807e870b30b770a981fe2058815216379550864bd6793d2","root"
"OTHER HM&E","","","0.749","","1.599","1.626","1.134","","","","","","","3","","","","","","2018-BASE_PROCUREMENT-2018-NAVY_SHIPBUILDINGANDCOVERSION-U_PROCUREMENT_JustificationBook_Navy_PB_2018.zzz_unzipped-U_PROCUREMENT_JustificationBook_Navy_PB_2018.xml","b548d3bebc5c45d3822f00bfd12bbaf3401faadb58f2ede71a62e2af4a876487","0-bb055c779e7c88f5e3a8d9ee2e232a446ab4bde41156d91840e43afc7cb4b493","9457-b7baf6e755a6175840367f6691029374c19f6eda82a410d8c4d1a2c20a4b595f","root"
"Miscellaneous HM&E","","","","","","12","","52.3","","","","","","","","","","","","2018-BASE_PROCUREMENT-2018-NAVY_SHIPBUILDINGANDCOVERSION-U_PROCUREMENT_JustificationBook_Navy_PB_2018.zzz_unzipped-U_PROCUREMENT_JustificationBook_Navy_PB_2018.xml","6c8db8380a911de3d70ef956f133867b9c0a3463851956b9d3521431df0e0e53","0-e92610a9e48f3f52d6491bee0e62011f82891b176bc6403820f0051525cd4e50","9458-97ed1a36ac6cb67fd39a1503bb6c97b5c0565c05fddfc97ede3be0a3aa022500","root"
"Other HM&E","2.143","2.38","2.627","","","","","","","","","","","","","","","","","2018-BASE_PROCUREMENT-2018-NAVY_SHIPBUILDINGANDCOVERSION-U_PROCUREMENT_MasterJustificationBook_Navy_PB_2018.zzz_unzipped-U_PROCUREMENT_MasterJustificationBook_Navy_PB_2018.xml","1d7fe1ff3cd4bd81f1f8eadcb8986287a46fef38ba78ae80f3d311ff6e2885f3","0-0c5fc5d63d70cf7aa54fa00fd5aa5178760134e7dc5735f81080e0a582987b49","9462-aa35935785146cdadd3a9cfe5162f56ec6fed8f599ddd297bd4d86b51d0a8428","root"
"HM&E Installation and testing","","","19.502","18.592","18.828","19.374","19.12","","","","","","","","","","","","","2018-BASE_PROCUREMENT-2018-NAVY_SHIPBUILDINGANDCOVERSION-U_PROCUREMENT_MasterJustificationBook_Navy_PB_2018.zzz_unzipped-U_PROCUREMENT_MasterJustificationBook_Navy_PB_2018.xml","b9b3c2143c11a13c8f2c4f97143714796c97d937a9c0d0bc447e53de4a529dc3","0-1df6ee7f8ca8c20cf19f702ae12305270bac8626dc543ed0aeb6186a636ae94b","9473-316168303d888c3eb6a6142ead8559723a00cbe5b1b76227d9708f8753476759","root"
"T&E","","","9.508","9.06","9.18","9.446","9.322","","","","","","","","","","","","","2018-BASE_PROCUREMENT-2018-NAVY_SHIPBUILDINGANDCOVERSION-U_PROCUREMENT_MasterJustificationBook_Navy_PB_2018.zzz_unzipped-U_PROCUREMENT_MasterJustificationBook_Navy_PB_2018.xml","b9b3c2143c11a13c8f2c4f97143714796c97d937a9c0d0bc447e53de4a529dc3","1-cff76c3f79f7742e208fb9a748d3441b4319b6915c480e61a4135fa36943b2b9","9473-316168303d888c3eb6a6142ead8559723a00cbe5b1b76227d9708f8753476759","root"
"SUPSHIP responsible material","","","2.21","2.104","2.132","2.194","2.166","","","","","","","","","","","","","2018-BASE_PROCUREMENT-2018-NAVY_SHIPBUILDINGANDCOVERSION-U_PROCUREMENT_MasterJustificationBook_Navy_PB_2018.zzz_unzipped-U_PROCUREMENT_MasterJustificationBook_Navy_PB_2018.xml","b9b3c2143c11a13c8f2c4f97143714796c97d937a9c0d0bc447e53de4a529dc3","2-119f2394a89060e9ae3a6e535106c6ec029d8e4d83368b604b0c50920c4bd008","9473-316168303d888c3eb6a6142ead8559723a00cbe5b1b76227d9708f8753476759","root"
"ENGINEERING, TEST & CERTIFICATIONS, MISC.","","","","","","58.835","","43.511","","","","","","","","","","","","2018-BASE_PROCUREMENT-2018-NAVY_SHIPBUILDINGANDCOVERSION-U_PROCUREMENT_MasterJustificationBook_Navy_PB_2018.zzz_unzipped-U_PROCUREMENT_MasterJustificationBook_Navy_PB_2018.xml","39e99632cac232ed4f791a16a1a3a350502b6d8437548761d869aa99726b1c18","0-f10e77c1c910766b4de1bfeb69ca5d9326e5e448efab47823d9684af60efe588","9475-055a9d40fc826ba45f41bb7f73c42cdf69d64de129d390d5fe3fac5ea91bbf3a","root"
"HM&E (NGVLA, Moriah Wind Measurement System (WMS), Aviation Integration)","","","","","","","","","68.492","12.432","","","","","","","","","","2018-BASE_PROCUREMENT-2018-NAVY_SHIPBUILDINGANDCOVERSION-U_PROCUREMENT_MasterJustificationBook_Navy_PB_2018.zzz_unzipped-U_PROCUREMENT_MasterJustificationBook_Navy_PB_2018.xml","cfcd2affcafe58149df6900b5bafde44d10bbb1934842da11d594bb3c352ff90","0-466dc9a1447f97244b0ce75666b9003155ee194014c688ce6d86d96738728688","9476-40986c31827bcad0522c0e1609bc2881d512b243462b911eab6919c780d64224","root"
"MISSION SYSTEM ACTIVATION","","","","","","","","","18.781","9.39","","","","","","","","","","2018-BASE_PROCUREMENT-2018-NAVY_SHIPBUILDINGANDCOVERSION-U_PROCUREMENT_MasterJustificationBook_Navy_PB_2018.zzz_unzipped-U_PROCUREMENT_MasterJustificationBook_Navy_PB_2018.xml","cfcd2affcafe58149df6900b5bafde44d10bbb1934842da11d594bb3c352ff90","1-283a280eef04d2dbcc49915bb0a310277cf6883e4044120b2db6d0b20c19f396","9476-40986c31827bcad0522c0e1609bc2881d512b243462b911eab6919c780d64224","root"
"MISC. HM&E","","","44","","41.715","52.038","43.146","","","","","","","2","3","2","2","","","2018-BASE_PROCUREMENT-2018-NAVY_SHIPBUILDINGANDCOVERSION-U_PROCUREMENT_MasterJustificationBook_Navy_PB_2018.zzz_unzipped-U_PROCUREMENT_MasterJustificationBook_Navy_PB_2018.xml","e27de6ec9cb638c66ac0b656bccfc8f782bb401590861916fc6bffb8352b5cd2","0-eb3f917f837e55b2a214d2335ef6388659fc0f131f9228d5bb1d011e9215b951","9477-669afc5c819137fac732c570aa45ed90f4259e011425cfedf0699463cd0eb202","root"
"OTHER HM&E","","","0.749","","1.599","1.626","1.134","","","","","","","3","","","","","","2018-BASE_PROCUREMENT-2018-NAVY_SHIPBUILDINGANDCOVERSION-U_PROCUREMENT_MasterJustificationBook_Navy_PB_2018.zzz_unzipped-U_PROCUREMENT_MasterJustificationBook_Navy_PB_2018.xml","119a8a234210e8d816f52b47d147d9422de1a8875a3a611fd7398a69bdc2b836","0-835ff261c372df4b7a18fcf252cba8848aa2d164925737ea761d71b12c402f44","9478-de13496b0a1ccce855bb5704d1ec6375b683fa6e313fb3296fb5f69441aa03f9","root"
"Miscellaneous HM&E","","","","","","12","","52.3","","","","","","","","","","","","2018-BASE_PROCUREMENT-2018-NAVY_SHIPBUILDINGANDCOVERSION-U_PROCUREMENT_MasterJustificationBook_Navy_PB_2018.zzz_unzipped-U_PROCUREMENT_MasterJustificationBook_Navy_PB_2018.xml","b6836e8f5cae238b72477d06bd8275a4b5f6643ffb0fbad18a73c25cb2c9b2b2","0-df352f46a3875ee29501b8d3bf870c85b207e4f389eb5ae99996898b52a9ee0b","9479-9c0ae7aca12c45d7ca59f97a04d456bda04129f16ab97ec3aa59d899ed347a0a","root"
"Other HM&E","","","","","","","2.627","2.38","","","","","","","","","","","","2019-BASE_PROCUREMENT-2019-NAVY_SHIPBUILDINGANDCOVERSION-U_PROCUREMENT_JustificationBook_Navy_PB_2019.zzz_unzipped-U_PROCUREMENT_JustificationBook_Navy_PB_2019.xml","036eab869a099e08a81545eee0f4f7834f7c77ef6dd1087ed8062c6d5b68d43d","0-8d73ba96d6843c532e0b9cfc52305db0d7fd296d9254750c0bf910bd722c95f0","11053-e6e612c9ffb2dabe88834d8b7173e66953ef9ff2d0aa03aa686f1f57e8a0dbd0","root"
"HM&E Installation and testing","","18.592","19.892","18.828","19.374","19.12","19.502","","","","","","","","","","","","","2019-BASE_PROCUREMENT-2019-NAVY_SHIPBUILDINGANDCOVERSION-U_PROCUREMENT_JustificationBook_Navy_PB_2019.zzz_unzipped-U_PROCUREMENT_JustificationBook_Navy_PB_2019.xml","26f7a9377367f4833fc97e7a760e9a2cc6323946d5bc9215f0843a3a55340edc","0-7c5f8f0c764cee1a9a9819694cae2566d7b3deb59cda42edc124522210fb3ad2","11064-6d93b8ac19b0b3e23cedaadce441094b9c55ee6352e02c39e552c9879abdfdf3","root"
"T&E","","9.06","14.084","9.18","9.446","9.322","9.508","","","","","","","","","","","","","2019-BASE_PROCUREMENT-2019-NAVY_SHIPBUILDINGANDCOVERSION-U_PROCUREMENT_JustificationBook_Navy_PB_2019.zzz_unzipped-U_PROCUREMENT_JustificationBook_Navy_PB_2019.xml","26f7a9377367f4833fc97e7a760e9a2cc6323946d5bc9215f0843a3a55340edc","1-a0fcc0622ace58fc1254a0477a6abd83a4381c6ecb0e06b0994eb96dd80f572e","11064-6d93b8ac19b0b3e23cedaadce441094b9c55ee6352e02c39e552c9879abdfdf3","root"
"SUPSHIP responsible material","","2.104","2.254","2.132","2.194","2.166","2.21","","","","","","","","","","","","","2019-BASE_PROCUREMENT-2019-NAVY_SHIPBUILDINGANDCOVERSION-U_PROCUREMENT_JustificationBook_Navy_PB_2019.zzz_unzipped-U_PROCUREMENT_JustificationBook_Navy_PB_2019.xml","26f7a9377367f4833fc97e7a760e9a2cc6323946d5bc9215f0843a3a55340edc","2-d07841856a3aba061eff8de7113e3c739a8c3249f3bdbc06754a4c68e900cf9b","11064-6d93b8ac19b0b3e23cedaadce441094b9c55ee6352e02c39e552c9879abdfdf3","root"
"ENGINEERING, TEST & CERTIFICATION","","","","","55.883","","","","","","","","","","","","","","","2019-BASE_PROCUREMENT-2019-NAVY_SHIPBUILDINGANDCOVERSION-U_PROCUREMENT_JustificationBook_Navy_PB_2019.zzz_unzipped-U_PROCUREMENT_JustificationBook_Navy_PB_2019.xml","3f04422267f18278d5d6f04f107d65e4403280e1024fb698d2f8e9e46d266e01","0-aee4c9dd0e62afdce523908d46240cf005450abc755e67cf0d69da0599f3f11e","11066-253b581f21e47879159bb1dc7fdd9814a3fee1efd69b1dbeb3de5f82baa0faed","root"
"MISCELLANEOUS GOVERNMENT FURNISHED EQUIPMENT (GFE)","","","","","17.037","","","","","","","","","","","","","","","2019-BASE_PROCUREMENT-2019-NAVY_SHIPBUILDINGANDCOVERSION-U_PROCUREMENT_JustificationBook_Navy_PB_2019.zzz_unzipped-U_PROCUREMENT_JustificationBook_Navy_PB_2019.xml","3f04422267f18278d5d6f04f107d65e4403280e1024fb698d2f8e9e46d266e01","1-d1d610d7943e61482edb97f3f0b3f72b880667c9db37317808c452a8da897bc3","11066-253b581f21e47879159bb1dc7fdd9814a3fee1efd69b1dbeb3de5f82baa0faed","root"
"HM&E (NGVLA, Moriah Wind Measurement System (WMS), Aviation Integration)","12.432","","","","","","","","","","68.492","","","","","","","","","2019-BASE_PROCUREMENT-2019-NAVY_SHIPBUILDINGANDCOVERSION-U_PROCUREMENT_JustificationBook_Navy_PB_2019.zzz_unzipped-U_PROCUREMENT_JustificationBook_Navy_PB_2019.xml","384bbcfb660b583b57aa41ac827b7a4f96349bc3d635569d38c5399e81cf111b","0-0612525bf92b40cae64f71c1b46fc7479f36a4808a7ff2150741f861cb3be58e","11067-a3c599c6f59d30a4644bc9d5603e5799b9014f0b99c754928f253b36fea4578c","root"
"MISSION SYSTEM ACTIVATION","16.39","","","","","","","","","","18.781","","","","","","","","","2019-BASE_PROCUREMENT-2019-NAVY_SHIPBUILDINGANDCOVERSION-U_PROCUREMENT_JustificationBook_Navy_PB_2019.zzz_unzipped-U_PROCUREMENT_JustificationBook_Navy_PB_2019.xml","384bbcfb660b583b57aa41ac827b7a4f96349bc3d635569d38c5399e81cf111b","1-e00ba652c373513d52926735a98a57962661fa129c79fd570310b08742aa9d3c","11067-a3c599c6f59d30a4644bc9d5603e5799b9014f0b99c754928f253b36fea4578c","root"
"INTERIM SPARES","","","","","","","","","","","44.8","","","","","","","","","2019-BASE_PROCUREMENT-2019-NAVY_SHIPBUILDINGANDCOVERSION-U_PROCUREMENT_JustificationBook_Navy_PB_2019.zzz_unzipped-U_PROCUREMENT_JustificationBook_Navy_PB_2019.xml","384bbcfb660b583b57aa41ac827b7a4f96349bc3d635569d38c5399e81cf111b","2-941f22caa119c8fa1225659de30d53cbf2d3c678c4a28f30bd451aea14303c99","11067-a3c599c6f59d30a4644bc9d5603e5799b9014f0b99c754928f253b36fea4578c","root"
"MISC. HM&E","","","55.123","41.715","52.038","43.368","44","","","","","","","3","2","2","3","2","","2019-BASE_PROCUREMENT-2019-NAVY_SHIPBUILDINGANDCOVERSION-U_PROCUREMENT_JustificationBook_Navy_PB_2019.zzz_unzipped-U_PROCUREMENT_JustificationBook_Navy_PB_2019.xml","a1a47c8635cef5e8f1226c963ba3faf740a9814b8e16b8e7235117ff98b853fd","0-445bbb674662b866324685aabbd22246a8ca2881261b4c3c89d5071b8848e4d4","11068-a55961bf03bc0d54d9d7472a0173a14b51707e8a122cab08b0c92fc9414b87e7","root"
"OTHER HM&E","","","0.762","1.599","1.626","1.656","1.153","","","","","","","","","","","3","","2019-BASE_PROCUREMENT-2019-NAVY_SHIPBUILDINGANDCOVERSION-U_PROCUREMENT_JustificationBook_Navy_PB_2019.zzz_unzipped-U_PROCUREMENT_JustificationBook_Navy_PB_2019.xml","5152a3e67c89abc2820925748b17a30f7c8ff664b180b65af516e145f35dcb0b","0-aab689666af22b1bd1b08ce77ebe74df1a96e9a1922526d5c4572c1e64975ab4","11069-7759f461adb7e9a69f27f7e1fa225c7349bda8be0289b811a55bcdd0ccd30040","root"
"Miscellaneous HM&E","","","","","12","11.551","","","","","","","","","","","","","","2019-BASE_PROCUREMENT-2019-NAVY_SHIPBUILDINGANDCOVERSION-U_PROCUREMENT_JustificationBook_Navy_PB_2019.zzz_unzipped-U_PROCUREMENT_JustificationBook_Navy_PB_2019.xml","169bc358bca4dfb8acf7b7efe08e701c479c593f5473f0f5b4ee6d1c0ad679db","0-269779f99c14f961eb1cdd9443b3d51cd83549d7f0916db0cf00fec6feae308c","11070-e6be90fd84369462662dcbb60223b2af942dae8da3af4958eee539c644c84eac","root"
"Other HM&E","","","","","","","2.627","2.38","","","","","","","","","","","","2019-BASE_PROCUREMENT-2019-NAVY_SHIPBUILDINGANDCOVERSION-U_PROCUREMENT_MasterJustificationBook_Navy_PB_2019.zzz_unzipped-U_PROCUREMENT_MasterJustificationBook_Navy_PB_2019.xml","a9fbe5c21ca9d712d778740a9c71a88aeca9364f2ca88ca90b8d87825b9fbafd","0-1877df8e747117c2b278be54a00e547d61047620c0d7b9c060e4d2ec02cf30a1","11074-255ea356930ce19ad3c2bb122e4c7abfc6d85c9cdc34ecc86284e0791e1d7e06","root"
"HM&E Installation and testing","","18.592","19.892","18.828","19.374","19.12","19.502","","","","","","","","","","","","","2019-BASE_PROCUREMENT-2019-NAVY_SHIPBUILDINGANDCOVERSION-U_PROCUREMENT_MasterJustificationBook_Navy_PB_2019.zzz_unzipped-U_PROCUREMENT_MasterJustificationBook_Navy_PB_2019.xml","cbe29039c7026c484c7be93d8dffc73f479957edddb0229a6b7ae1188f188bcd","0-f4a1fa1a44b4f78c2726fcb032eed9143a2630ad33ac4e921fea6b078faf3ef2","11085-2590a6f40211ea34fd4b8b97b5b414031ccb58d78f103f5348c3eb89d39ac90d","root"
"T&E","","9.06","14.084","9.18","9.446","9.322","9.508","","","","","","","","","","","","","2019-BASE_PROCUREMENT-2019-NAVY_SHIPBUILDINGANDCOVERSION-U_PROCUREMENT_MasterJustificationBook_Navy_PB_2019.zzz_unzipped-U_PROCUREMENT_MasterJustificationBook_Navy_PB_2019.xml","cbe29039c7026c484c7be93d8dffc73f479957edddb0229a6b7ae1188f188bcd","1-20e08ec1679e9e5bfd32b66fb548f889cb15d165427d1c5a130453c02836bce9","11085-2590a6f40211ea34fd4b8b97b5b414031ccb58d78f103f5348c3eb89d39ac90d","root"
"SUPSHIP responsible material","","2.104","2.254","2.132","2.194","2.166","2.21","","","","","","","","","","","","","2019-BASE_PROCUREMENT-2019-NAVY_SHIPBUILDINGANDCOVERSION-U_PROCUREMENT_MasterJustificationBook_Navy_PB_2019.zzz_unzipped-U_PROCUREMENT_MasterJustificationBook_Navy_PB_2019.xml","cbe29039c7026c484c7be93d8dffc73f479957edddb0229a6b7ae1188f188bcd","2-d9f018bb51d302d0b1d0d097ec0fd47b96125fa549fb78db5c9af467f50bb07a","11085-2590a6f40211ea34fd4b8b97b5b414031ccb58d78f103f5348c3eb89d39ac90d","root"
"ENGINEERING, TEST & CERTIFICATION","","","","","55.883","","","","","","","","","","","","","","","2019-BASE_PROCUREMENT-2019-NAVY_SHIPBUILDINGANDCOVERSION-U_PROCUREMENT_MasterJustificationBook_Navy_PB_2019.zzz_unzipped-U_PROCUREMENT_MasterJustificationBook_Navy_PB_2019.xml","8e712934068abd23958514556a25c137e290832dbeb92748a5baadb930834b13","0-b69a2c8f4c46e824ec7ba1a58565f7ea6ce350db0a3daaecb340cd3335473229","11087-7e4b4ea950873405cfd03c81a29721244ed6deaa1daccfa249faa5c0ab3b7096","root"
"MISCELLANEOUS GOVERNMENT FURNISHED EQUIPMENT (GFE)","","","","","17.037","","","","","","","","","","","","","","","2019-BASE_PROCUREMENT-2019-NAVY_SHIPBUILDINGANDCOVERSION-U_PROCUREMENT_MasterJustificationBook_Navy_PB_2019.zzz_unzipped-U_PROCUREMENT_MasterJustificationBook_Navy_PB_2019.xml","8e712934068abd23958514556a25c137e290832dbeb92748a5baadb930834b13","1-50713eb438d1302da3760cbf4e4a2f3d929dfd9c4b76395983ebd5e77cddb99d","11087-7e4b4ea950873405cfd03c81a29721244ed6deaa1daccfa249faa5c0ab3b7096","root"
"HM&E (NGVLA, Moriah Wind Measurement System (WMS), Aviation Integration)","12.432","","","","","","","","","","68.492","","","","","","","","","2019-BASE_PROCUREMENT-2019-NAVY_SHIPBUILDINGANDCOVERSION-U_PROCUREMENT_MasterJustificationBook_Navy_PB_2019.zzz_unzipped-U_PROCUREMENT_MasterJustificationBook_Navy_PB_2019.xml","eb65c52dd93ce16c20d00a7266f3d388040779562cbb7747c2c0d892437bc207","0-4426e79cb05b98f4fdf0607844c62564884f7656f482d8d320d66fe9353a39b4","11088-ab62bceca070b3d1e403173afd0dbad69a9b6826af8fada438839a9d7d4af07e","root"
"MISSION SYSTEM ACTIVATION","16.39","","","","","","","","","","18.781","","","","","","","","","2019-BASE_PROCUREMENT-2019-NAVY_SHIPBUILDINGANDCOVERSION-U_PROCUREMENT_MasterJustificationBook_Navy_PB_2019.zzz_unzipped-U_PROCUREMENT_MasterJustificationBook_Navy_PB_2019.xml","eb65c52dd93ce16c20d00a7266f3d388040779562cbb7747c2c0d892437bc207","1-77d2d120356d898e629596ee17eb27e7cfa7d004c1f76a5038d400bc6183f4cd","11088-ab62bceca070b3d1e403173afd0dbad69a9b6826af8fada438839a9d7d4af07e","root"
"INTERIM SPARES","","","","","","","","","","","44.8","","","","","","","","","2019-BASE_PROCUREMENT-2019-NAVY_SHIPBUILDINGANDCOVERSION-U_PROCUREMENT_MasterJustificationBook_Navy_PB_2019.zzz_unzipped-U_PROCUREMENT_MasterJustificationBook_Navy_PB_2019.xml","eb65c52dd93ce16c20d00a7266f3d388040779562cbb7747c2c0d892437bc207","2-17a337b58f11bd323886c628f064a1419587ec08b48ba3a00678636aeaf8c50f","11088-ab62bceca070b3d1e403173afd0dbad69a9b6826af8fada438839a9d7d4af07e","root"
"MISC. HM&E","","","55.123","41.715","52.038","43.368","44","","","","","","","3","2","2","3","2","","2019-BASE_PROCUREMENT-2019-NAVY_SHIPBUILDINGANDCOVERSION-U_PROCUREMENT_MasterJustificationBook_Navy_PB_2019.zzz_unzipped-U_PROCUREMENT_MasterJustificationBook_Navy_PB_2019.xml","7ccb09e5aa0dcd2ff656bb6257f40762290470295a3462fc198202ddc187b82f","0-cf81c494ba9b9fb02bf7f9a069f3e9093947618df4f4b29f6bd8ec361c07250a","11089-c476b172c7bb87519c54c6c3034d5ebfcc5037740ea60d34001e6d71818fa6c6","root"
"OTHER HM&E","","","0.762","1.599","1.626","1.656","1.153","","","","","","","","","","","3","","2019-BASE_PROCUREMENT-2019-NAVY_SHIPBUILDINGANDCOVERSION-U_PROCUREMENT_MasterJustificationBook_Navy_PB_2019.zzz_unzipped-U_PROCUREMENT_MasterJustificationBook_Navy_PB_2019.xml","8d346b790189bfc9a641dace4de6f22c2edf1c141b63425557194b004b65ee77","0-94894d13c8d03b6d56ddccdbdb26fcea937d8261e3818ee898b14aa46d00e9b4","11090-a4a434d297a4e5549951ff7a6292112564342f3a6a35c215b9862f83e6d6ca9b","root"
"Miscellaneous HM&E","","","","","12","11.551","","","","","","","","","","","","","","2019-BASE_PROCUREMENT-2019-NAVY_SHIPBUILDINGANDCOVERSION-U_PROCUREMENT_MasterJustificationBook_Navy_PB_2019.zzz_unzipped-U_PROCUREMENT_MasterJustificationBook_Navy_PB_2019.xml","14191acf83148e2c874d70c0ea032878d423d04892e841aeca18c4529a27d12b","0-1c0363eb5dbc12eb85a8cce9636698171ffc143be642219d8c35d351432d6bc4","11091-8effb4d38144ac68b02c958ade918b6b71f4fa4d1417bfb801459ac21571d1b1","root"
"Other HM&E","","","2.61","","","2.627","","","","","","1.979","","","","","","","","2020-BASE_PROCUREMENT-2020-NAVY_SHIPBUILDINGANDCOVERSION-U_PROCUREMENT_JustificationBook_Navy_PB_2020.zzz_unzipped-U_PROCUREMENT_JustificationBook_Navy_PB_2020.xml","32504ad2a7e688527244f05aaddd99f674ca8968fcba75209474740d4df46dfa","0-c62b49128bc0ecfee1727c58ba274c10e25e8ba62b12e271bb08fccfd3cc00d3","12613-759cf0067dd5dbf58336a8aad2650aae26589d1b7ea58df2658fed7dd49dd1e1","root"
"Miscellaneous HM&E","","","","12","16.845","","","","","","","","","","","","","","","2020-BASE_PROCUREMENT-2020-NAVY_SHIPBUILDINGANDCOVERSION-U_PROCUREMENT_JustificationBook_Navy_PB_2020.zzz_unzipped-U_PROCUREMENT_JustificationBook_Navy_PB_2020.xml","61c75f4854ca92250e7faa2931112113ac0649a293e0256c0de12704ee4d411a","0-a55eed88f7311d5bcad149a91f11cb2d29e32b316ad08d3ef85dcdaa231d11cd","12616-23da2bb13cfe5f50588e1fd6acd0446eca8e65dca6abf397a4b3af27cc4b2020","root"
"New Cost Element","","","","","","","","","","","","","","","","","","","","2020-BASE_PROCUREMENT-2020-NAVY_SHIPBUILDINGANDCOVERSION-U_PROCUREMENT_JustificationBook_Navy_PB_2020.zzz_unzipped-U_PROCUREMENT_JustificationBook_Navy_PB_2020.xml","8f11c0df58647bc1675fc6acea9a510c1316d5d8117f271e97d982d6e4a6e7e3","0-50df2feee9198be2bfcc7361f98d1fcbf2ccb4fc74564ac0231d7a9062100736","12622-a196f1ca38a9eaf67553b2238148f73d66371e616e6dd39bdb731e8f72dc5c4b","root"
"HM&E Installation and testing","","18.828","30.435","19.374","19.12","19.502","19.892","18.592","","","","","","","","","","","","2020-BASE_PROCUREMENT-2020-NAVY_SHIPBUILDINGANDCOVERSION-U_PROCUREMENT_JustificationBook_Navy_PB_2020.zzz_unzipped-U_PROCUREMENT_JustificationBook_Navy_PB_2020.xml","cc662e74a7de7213dcbbea2bd4856f29d0eced5cfd2f89546251c34f13f65079","0-79d67f89cc3c6d194085afc0fd6ea34f2c7318b7a12ca2c77a4cbf5ab56e101b","12624-ccf64be6348c1234054c6e25ecd6d0ff296de5e2f1a00098811d947138795e5b","root"
"T&E","","9.18","23.784","9.446","9.322","9.508","14.084","9.06","","","","","","","","","","","","2020-BASE_PROCUREMENT-2020-NAVY_SHIPBUILDINGANDCOVERSION-U_PROCUREMENT_JustificationBook_Navy_PB_2020.zzz_unzipped-U_PROCUREMENT_JustificationBook_Navy_PB_2020.xml","cc662e74a7de7213dcbbea2bd4856f29d0eced5cfd2f89546251c34f13f65079","1-82a3c5f2af84eb0abae6c9e8705a49dadd95ae500299ef763999e53d6cd01d61","12624-ccf64be6348c1234054c6e25ecd6d0ff296de5e2f1a00098811d947138795e5b","root"
"SUPSHIP responsible material","","2.132","3.45","2.194","2.166","2.21","2.254","2.104","","","","","","","","","","","","2020-BASE_PROCUREMENT-2020-NAVY_SHIPBUILDINGANDCOVERSION-U_PROCUREMENT_JustificationBook_Navy_PB_2020.zzz_unzipped-U_PROCUREMENT_JustificationBook_Navy_PB_2020.xml","cc662e74a7de7213dcbbea2bd4856f29d0eced5cfd2f89546251c34f13f65079","2-38cfce537aa1d6e6c606dc27b7f21a83db36030f3a1b750eefd93d8bf3c32654","12624-ccf64be6348c1234054c6e25ecd6d0ff296de5e2f1a00098811d947138795e5b","root"
"New Cost Element","","","","","","","","","","","","","","","","","","","","2020-BASE_PROCUREMENT-2020-NAVY_SHIPBUILDINGANDCOVERSION-U_PROCUREMENT_JustificationBook_Navy_PB_2020.zzz_unzipped-U_PROCUREMENT_JustificationBook_Navy_PB_2020.xml","cc662e74a7de7213dcbbea2bd4856f29d0eced5cfd2f89546251c34f13f65079","3-dd3d6e41393e00f8ef7b3d6f54e570f5b79298614259d2144749aeab3216e02c","12624-ccf64be6348c1234054c6e25ecd6d0ff296de5e2f1a00098811d947138795e5b","root"
"ENGINEERING, TEST & CERTIFICATION","","","69.081","60.57","","","","","","","","","","","","","","","","2020-BASE_PROCUREMENT-2020-NAVY_SHIPBUILDINGANDCOVERSION-U_PROCUREMENT_JustificationBook_Navy_PB_2020.zzz_unzipped-U_PROCUREMENT_JustificationBook_Navy_PB_2020.xml","79df57bc99fb77f6f94f2d8202847567fc765bce66445ff4e4e663760799e6e1","0-08492117efd449b7728b470e61e4037e30ac35920fbe69cee032e652c18b981b","12629-d88fb36ef45bb58110e4003edb420c951462acb43ecd2ef9c87c4db86fdf9c81","root"
"MISCELLANEOUS GOVERNMENT FURNISHED EQUIPMENT (GFE)","","","37.569","27.035","","","","","","","","","","","","","","","","2020-BASE_PROCUREMENT-2020-NAVY_SHIPBUILDINGANDCOVERSION-U_PROCUREMENT_JustificationBook_Navy_PB_2020.zzz_unzipped-U_PROCUREMENT_JustificationBook_Navy_PB_2020.xml","79df57bc99fb77f6f94f2d8202847567fc765bce66445ff4e4e663760799e6e1","1-8ea72158f8b1e39e12d177cc940b9a4b0501bab97f46f52c5ec73b8f2d2582b6","12629-d88fb36ef45bb58110e4003edb420c951462acb43ecd2ef9c87c4db86fdf9c81","root"
"HM&E (NGVLA, Moriah Wind Measurement System (WMS), Aviation Integration)","","","","","","","","","12.446","","","","68.492","","","","","","","2020-BASE_PROCUREMENT-2020-NAVY_SHIPBUILDINGANDCOVERSION-U_PROCUREMENT_JustificationBook_Navy_PB_2020.zzz_unzipped-U_PROCUREMENT_JustificationBook_Navy_PB_2020.xml","8644d6cf0ff072d3154c0109223402de2d9d8f52cc878b156fc73009c9601119","0-f8e8c8dfa5a71f9d1339fbdb14e9cec1d2548d810a46f53abf6e25d0a04fd16c","12630-f0c81ef7d390da44cc175476df2a8fc27581e6ec308eccd11c913d9f7cbd190b","root"
"MISSION SYSTEM ACTIVATION","","","","","","","","","16.39","","","","18.781","","","","","","","2020-BASE_PROCUREMENT-2020-NAVY_SHIPBUILDINGANDCOVERSION-U_PROCUREMENT_JustificationBook_Navy_PB_2020.zzz_unzipped-U_PROCUREMENT_JustificationBook_Navy_PB_2020.xml","8644d6cf0ff072d3154c0109223402de2d9d8f52cc878b156fc73009c9601119","1-80b12b34325dc98e1fbfcf2f6d9b80380253b1a149fc02e080e9b6d9adc4bcca","12630-f0c81ef7d390da44cc175476df2a8fc27581e6ec308eccd11c913d9f7cbd190b","root"
"INTERIM SPARES","","","","","","","","","7.5","","","","35.818","","","","","","","2020-BASE_PROCUREMENT-2020-NAVY_SHIPBUILDINGANDCOVERSION-U_PROCUREMENT_JustificationBook_Navy_PB_2020.zzz_unzipped-U_PROCUREMENT_JustificationBook_Navy_PB_2020.xml","8644d6cf0ff072d3154c0109223402de2d9d8f52cc878b156fc73009c9601119","2-41db3f26ee112809667212af270921f100c32c2db4c1206c80d194ee7f40dae6","12630-f0c81ef7d390da44cc175476df2a8fc27581e6ec308eccd11c913d9f7cbd190b","root"
"MISC. HM&E","","41.715","46.167","52.038","43.368","44.367","45.262","","","","","","","2","2","3","3","3","2","2020-BASE_PROCUREMENT-2020-NAVY_SHIPBUILDINGANDCOVERSION-U_PROCUREMENT_JustificationBook_Navy_PB_2020.zzz_unzipped-U_PROCUREMENT_JustificationBook_Navy_PB_2020.xml","f88449ebd51dedd31a2638fdba5e14252aa210ecf7ac5ea8d1c24b9a55389b12","0-a3b80139bd66d9819a7d25d0ca1894bb34ff6a55265983fe6c2d1e804b328461","12631-7a0a367430c8f82ff81c1e4cfbf69ac80ec8390865bb42aa40a854120c54c1e3","root"
"OTHER HM&E","","1.599","","1.626","1.656","1.696","1.76","","","","","","","","","","","","3","2020-BASE_PROCUREMENT-2020-NAVY_SHIPBUILDINGANDCOVERSION-U_PROCUREMENT_JustificationBook_Navy_PB_2020.zzz_unzipped-U_PROCUREMENT_JustificationBook_Navy_PB_2020.xml","3a50af76787ade8e6e39ac7fb379b076ab9a8df59659f988b8b17ea8a6e28f09","0-b9ba99c88eac3c85d1eface30842bb20f1e58d67cd2171049918f604ba9ebf6c","12632-07aa386a7668469bed55f5907362a2c8d9679ed58a5e43ec99baa43ed6db884e","root"
"Other HM&E","","","3.524","","","","","","","","","","","","","","1","","","2020-BASE_PROCUREMENT-2020-NAVY_SHIPBUILDINGANDCOVERSION-U_PROCUREMENT_JustificationBook_Navy_PB_2020.zzz_unzipped-U_PROCUREMENT_JustificationBook_Navy_PB_2020.xml","c28c27813a2cf7ded6b86fcbf9224130d193279ad60a95d269b6367bacde8fe9","0-b5aefb8864bbcd65440c6ee1fbd9e7ec07318bbe396e31bfc5c88cc4424aa4f0","12633-65187fbf49b85459b7256cad144ab487303bab5880b2f70f31a885b0bb77b669","root"
"Miscellaneous HM&E","","","","","","11.658","","","","","","","","","","","","","","2020-BASE_PROCUREMENT-2020-NAVY_SHIPBUILDINGANDCOVERSION-U_PROCUREMENT_JustificationBook_Navy_PB_2020.zzz_unzipped-U_PROCUREMENT_JustificationBook_Navy_PB_2020.xml","9c168386c667ef3d36f81563d2d4cc8667e0a613f9f857e619b298d98031ffd5","0-8d45d7a1c67ffa88d5c14383cef5b0b84e0d6565aa2ae9e674073b67f59c10b1","12634-e2041c2038ba0cac72195f203f44cb475a45f7f34fe3e2164d054108801051f2","root"
"Other HM&E","","","2.61","","","2.627","","","","","","1.979","","","","","","","","2020-BASE_PROCUREMENT-2020-NAVY_SHIPBUILDINGANDCOVERSION-U_PROCUREMENT_MasterJustificationBook_Navy_PB_2020.zzz_unzipped-U_PROCUREMENT_MasterJustificationBook_Navy_PB_2020.xml","d143fe01a081a0f255f6aad559f7bd427f9f1cc2ecd779a7e68acdbdf10f5453","0-069b7355207e5e041ce893cedf86d82c52de823a2da6aa9934e213a9e589c207","12637-4d86fb643ff4e5b97fc838eb48a1a9dbe9c118a7ea9565df25d5c0af2366c50d","root"
"Miscellaneous HM&E","","","","12","16.845","","","","","","","","","","","","","","","2020-BASE_PROCUREMENT-2020-NAVY_SHIPBUILDINGANDCOVERSION-U_PROCUREMENT_MasterJustificationBook_Navy_PB_2020.zzz_unzipped-U_PROCUREMENT_MasterJustificationBook_Navy_PB_2020.xml","e131c0f9c0cddd147c5f2a5af285d5a65223c9ab0a8e83cb610b0d4ae369c030","0-0d0d8eaf1257f96229ef7077a902237d6fda646e357043db621ee7bb84cecc26","12640-bcaefd146d11eaacdd4144ff0647713e4880e13110713b5a7dab1057d3fe1f6a","root"
"New Cost Element","","","","","","","","","","","","","","","","","","","","2020-BASE_PROCUREMENT-2020-NAVY_SHIPBUILDINGANDCOVERSION-U_PROCUREMENT_MasterJustificationBook_Navy_PB_2020.zzz_unzipped-U_PROCUREMENT_MasterJustificationBook_Navy_PB_2020.xml","efc1666e92b1a7c9db52d60f4823a39c9c186ed7bec6f7afc713b302b46b22fc","0-c65c6888a668ec8bbdd3584dfd852bc1884fb97cc63f370b1cf47d708a4fd2ca","12646-bf53ad9a5f271d1aeb76e08734899d232dbec8238465b6d4ee7638807ca545fa","root"
"HM&E Installation and testing","","18.828","30.435","19.374","19.12","19.502","19.892","18.592","","","","","","","","","","","","2020-BASE_PROCUREMENT-2020-NAVY_SHIPBUILDINGANDCOVERSION-U_PROCUREMENT_MasterJustificationBook_Navy_PB_2020.zzz_unzipped-U_PROCUREMENT_MasterJustificationBook_Navy_PB_2020.xml","6d2fd5af5b3d1649cd88586e00452843d436fea4cfb0f3c5af8f40c8bc8e1433","0-fefb1e2d6f5b1a23610343f590e4f197bf4e353600fc5305f6ecc4fbddbf9336","12648-57ba64b2ad16064fa762f7d8d98001bcbee066ac7ea39ece9ba7586169a7ea59","root"
"T&E","","9.18","23.784","9.446","9.322","9.508","14.084","9.06","","","","","","","","","","","","2020-BASE_PROCUREMENT-2020-NAVY_SHIPBUILDINGANDCOVERSION-U_PROCUREMENT_MasterJustificationBook_Navy_PB_2020.zzz_unzipped-U_PROCUREMENT_MasterJustificationBook_Navy_PB_2020.xml","6d2fd5af5b3d1649cd88586e00452843d436fea4cfb0f3c5af8f40c8bc8e1433","1-308f45ef2f600df1b8be60cd93c11bf9215743d455894598f367283f820fdd3f","12648-57ba64b2ad16064fa762f7d8d98001bcbee066ac7ea39ece9ba7586169a7ea59","root"
"SUPSHIP responsible material","","2.132","3.45","2.194","2.166","2.21","2.254","2.104","","","","","","","","","","","","2020-BASE_PROCUREMENT-2020-NAVY_SHIPBUILDINGANDCOVERSION-U_PROCUREMENT_MasterJustificationBook_Navy_PB_2020.zzz_unzipped-U_PROCUREMENT_MasterJustificationBook_Navy_PB_2020.xml","6d2fd5af5b3d1649cd88586e00452843d436fea4cfb0f3c5af8f40c8bc8e1433","2-6580147fb95682f963c34130bdf3538aba2b8502f90ae7e187329d7f1271eb06","12648-57ba64b2ad16064fa762f7d8d98001bcbee066ac7ea39ece9ba7586169a7ea59","root"
"New Cost Element","","","","","","","","","","","","","","","","","","","","2020-BASE_PROCUREMENT-2020-NAVY_SHIPBUILDINGANDCOVERSION-U_PROCUREMENT_MasterJustificationBook_Navy_PB_2020.zzz_unzipped-U_PROCUREMENT_MasterJustificationBook_Navy_PB_2020.xml","6d2fd5af5b3d1649cd88586e00452843d436fea4cfb0f3c5af8f40c8bc8e1433","3-2f00b3cc1820c8f38cb553fef7da6c45a8f919d5173840d211d4c330939f7ad8","12648-57ba64b2ad16064fa762f7d8d98001bcbee066ac7ea39ece9ba7586169a7ea59","root"
"ENGINEERING, TEST & CERTIFICATION","","","69.081","60.57","","","","","","","","","","","","","","","","2020-BASE_PROCUREMENT-2020-NAVY_SHIPBUILDINGANDCOVERSION-U_PROCUREMENT_MasterJustificationBook_Navy_PB_2020.zzz_unzipped-U_PROCUREMENT_MasterJustificationBook_Navy_PB_2020.xml","53454ed154816f70057095a6ea7a42707220b000004458bda908b6e9eea36312","0-4949ed719e980d407e33e2ba9b654d15cd8e599ce61e22ba7bcff4d6173f2e6d","12653-9826ff7cda02e3c7cfb5616a102edde9a9def4346b72305ec0aec1ddac058536","root"
"MISCELLANEOUS GOVERNMENT FURNISHED EQUIPMENT (GFE)","","","37.569","27.035","","","","","","","","","","","","","","","","2020-BASE_PROCUREMENT-2020-NAVY_SHIPBUILDINGANDCOVERSION-U_PROCUREMENT_MasterJustificationBook_Navy_PB_2020.zzz_unzipped-U_PROCUREMENT_MasterJustificationBook_Navy_PB_2020.xml","53454ed154816f70057095a6ea7a42707220b000004458bda908b6e9eea36312","1-4c67d3c38c505f2cfba086a0c975abc81c38bb47d82f14f8459c43aeadb8fb44","12653-9826ff7cda02e3c7cfb5616a102edde9a9def4346b72305ec0aec1ddac058536","root"
"HM&E (NGVLA, Moriah Wind Measurement System (WMS), Aviation Integration)","","","","","","","","","12.446","","","","68.492","","","","","","","2020-BASE_PROCUREMENT-2020-NAVY_SHIPBUILDINGANDCOVERSION-U_PROCUREMENT_MasterJustificationBook_Navy_PB_2020.zzz_unzipped-U_PROCUREMENT_MasterJustificationBook_Navy_PB_2020.xml","fa505ec92f383fcc1ed15c617e66a7a22b7d4afe96a0183b867c4406bbfec040","0-3d33dbc49f91f657be1132e8508e4e6a0fb83dea42fa969529c048a492755961","12654-5874592e33f8a698fc04e47cba3cbc3abf5f20f2d3554ba5dc89b9a2c515e8fc","root"
"MISSION SYSTEM ACTIVATION","","","","","","","","","16.39","","","","18.781","","","","","","","2020-BASE_PROCUREMENT-2020-NAVY_SHIPBUILDINGANDCOVERSION-U_PROCUREMENT_MasterJustificationBook_Navy_PB_2020.zzz_unzipped-U_PROCUREMENT_MasterJustificationBook_Navy_PB_2020.xml","fa505ec92f383fcc1ed15c617e66a7a22b7d4afe96a0183b867c4406bbfec040","1-8a3e9fd5c157474fba09cbd20da8c847d410f1cd12825c07e4f13bda45ee17b0","12654-5874592e33f8a698fc04e47cba3cbc3abf5f20f2d3554ba5dc89b9a2c515e8fc","root"
"INTERIM SPARES","","","","","","","","","7.5","","","","35.818","","","","","","","2020-BASE_PROCUREMENT-2020-NAVY_SHIPBUILDINGANDCOVERSION-U_PROCUREMENT_MasterJustificationBook_Navy_PB_2020.zzz_unzipped-U_PROCUREMENT_MasterJustificationBook_Navy_PB_2020.xml","fa505ec92f383fcc1ed15c617e66a7a22b7d4afe96a0183b867c4406bbfec040","2-b53c4e9ed21fa0d6b2b5eaa35b69d730ba77a681b5da5f8bd84c36065fed7c94","12654-5874592e33f8a698fc04e47cba3cbc3abf5f20f2d3554ba5dc89b9a2c515e8fc","root"
"MISC. HM&E","","41.715","46.167","52.038","43.368","44.367","45.262","","","","","","","2","2","3","3","3","2","2020-BASE_PROCUREMENT-2020-NAVY_SHIPBUILDINGANDCOVERSION-U_PROCUREMENT_MasterJustificationBook_Navy_PB_2020.zzz_unzipped-U_PROCUREMENT_MasterJustificationBook_Navy_PB_2020.xml","5f09bad83be8d9935dfb8fbbbac4473f946bb03e639a64a10be47789f49d0473","0-f729fa537af520c31bd101ae591f617c5837754545545643d2b78a32c3ea0e51","12655-e3329a006cfae39d428c25dba3e886ffc92bc3b316074a854666de8708ab621b","root"
"OTHER HM&E","","1.599","","1.626","1.656","1.696","1.76","","","","","","","","","","","","3","2020-BASE_PROCUREMENT-2020-NAVY_SHIPBUILDINGANDCOVERSION-U_PROCUREMENT_MasterJustificationBook_Navy_PB_2020.zzz_unzipped-U_PROCUREMENT_MasterJustificationBook_Navy_PB_2020.xml","aebdbec1d331d8cce6700e4da30a9b9bafcaa6b164c2778bde2d9687c6875bbf","0-7453a5bce03fce8d0756bf31b0d1e4a7e79143645ed33f679ac0e065a16d91cf","12656-3b1ea0e99cde271fa47386e4521e24961fd9a23ed571fd9ed585b06c3c87a11b","root"
"Other HM&E","","","3.524","","","","","","","","","","","","","","1","","","2020-BASE_PROCUREMENT-2020-NAVY_SHIPBUILDINGANDCOVERSION-U_PROCUREMENT_MasterJustificationBook_Navy_PB_2020.zzz_unzipped-U_PROCUREMENT_MasterJustificationBook_Navy_PB_2020.xml","e8fe4dd5e0be95240e0d086c5a917adf6e4464ec266a3ea1db82e27107e162d0","0-5f07f3435d3f2af5ff63cdb01cd828150685fa33984fe045bd9622001eaaafb1","12657-b9e29cbf15f241709b3d34335b99d2fe30b8df87909682906c9602c015464bec","root"
"Miscellaneous HM&E","","","","","","11.658","","","","","","","","","","","","","","2020-BASE_PROCUREMENT-2020-NAVY_SHIPBUILDINGANDCOVERSION-U_PROCUREMENT_MasterJustificationBook_Navy_PB_2020.zzz_unzipped-U_PROCUREMENT_MasterJustificationBook_Navy_PB_2020.xml","fede88ab6e4790d85bb219ffaa3eb2a124927ee5b9d8867aa75a8d6481dc6908","0-26f76fbded5de8c6f50af22190e344f8bbde5f93d843063c7822317d56bee074","12658-ce984d1cd9350f4eb80375d708df5e0a2505a33d541862229d6cf31ca702b1b8","root"
