Title_val,Costs_TotalCost_PriorYearNine_val,Costs_TotalCost_PriorYearFour_val,Costs_TotalCost_BudgetYearOne_val,Costs_TotalCost_PriorYearThree_val,Costs_TotalCost_PriorYearTwo_val,Costs_TotalCost_PriorYear_val,Costs_TotalCost_CurrentYear_val,Costs_TotalCost_PriorYearFive_val,Costs_TotalCost_PriorYearTen_val,Costs_TotalCost_PriorYearEight_val,Costs_TotalCost_PriorYearEleven_val,Costs_TotalCost_PriorYearSix_val,Costs_TotalCost_PriorYearTwelve_val,Costs_Quantity_PriorYearTwo_val,Costs_Quantity_PriorYear_val,Costs_Quantity_CurrentYear_val,Costs_Quantity_BudgetYearOne_val,Costs_Quantity_PriorYearThree_val,Costs_Quantity_PriorYearFour_val,@SOURCE_FILENAME,@RECORDID,@ROWID,@PARENTROWID,@PARENT
"Other HM&E","2.143","2.38","2.627","","","","","","","","","","","","","","","","","2018-BASE_PROCUREMENT-2018-NAVY_SHIPBUILDINGANDCOVERSION-U_PROCUREMENT_JustificationBook_Navy_PB_2018.zzz_unzipped-U_PROCUREMENT_JustificationBook_Navy_PB_2018.xml","3bd3375f8dec12f579ffef5deeffb5939924e6b15ffeeee65c067abecc5c9d65","0-2e4f659c6b44ad6b638607b67fa755dfecf1b29df74bf16c348271a6db3dd19d","9441-4386dbb7417815e429dc59d123f667a40e49ea12c9e533f350b0b6a610ec916c","root"
"HM&E Installation and testing","","","19.502","18.592","18.828","19.374","19.12","","","","","","","","","","","","","2018-BASE_PROCUREMENT-2018-NAVY_SHIPBUILDINGANDCOVERSION-U_PROCUREMENT_JustificationBook_Navy_PB_2018.zzz_unzipped-U_PROCUREMENT_JustificationBook_Navy_PB_2018.xml","e65faa6577a08f2ddf29b7d5454a13aa910b941ba87ebd505eb81f9f400deed2","0-6eaa6058d55c20049faf8fb61a433040ba7c437fcb761b9b9dfef4482c6c7d32","9452-87be605de25a1b7a132d8802eb2a2a1c98f5cf5eb12bb16ae6b40c0d68a30a3a","root"
"T&E","","","9.508","9.06","9.18","9.446","9.322","","","","","","","","","","","","","2018-BASE_PROCUREMENT-2018-NAVY_SHIPBUILDINGANDCOVERSION-U_PROCUREMENT_JustificationBook_Navy_PB_2018.zzz_unzipped-U_PROCUREMENT_JustificationBook_Navy_PB_2018.xml","e65faa6577a08f2ddf29b7d5454a13aa910b941ba87ebd505eb81f9f400deed2","1-df15cd96da3df94a2e7bf21785b3ba48e0fdee9f87bdb9e61b9f2129a98fe9c6","9452-87be605de25a1b7a132d8802eb2a2a1c98f5cf5eb12bb16ae6b40c0d68a30a3a","root"
"SUPSHIP responsible material","","","2.21","2.104","2.132","2.194","2.166","","","","","","","","","","","","","2018-BASE_PROCUREMENT-2018-NAVY_SHIPBUILDINGANDCOVERSION-U_PROCUREMENT_JustificationBook_Navy_PB_2018.zzz_unzipped-U_PROCUREMENT_JustificationBook_Navy_PB_2018.xml","e65faa6577a08f2ddf29b7d5454a13aa910b941ba87ebd505eb81f9f400deed2","2-510846ff98181059fb5ee780c446152ee471d6d430d245fcd0ddcd2fa9a3b63e","9452-87be605de25a1b7a132d8802eb2a2a1c98f5cf5eb12bb16ae6b40c0d68a30a3a","root"
"ENGINEERING, TEST & CERTIFICATIONS, MISC.","","","","","","58.835","","43.511","","","","","","","","","","","","2018-BASE_PROCUREMENT-2018-NAVY_SHIPBUILDINGANDCOVERSION-U_PROCUREMENT_JustificationBook_Navy_PB_2018.zzz_unzipped-U_PROCUREMENT_JustificationBook_Navy_PB_2018.xml","30f05fcd72a912823615127e43b2be8ca570156afc2855adfc6c02323fd91c7d","0-9b593e946150deae33d6f3a6b63b6f5e7c5f16f25a4cdbb330e8c5ede46a1582","9454-9cd56e9dd201ff033e28e055aa77e067cd5588b15ee2f8a55c4067a03c1f88c2","root"
"HM&E (NGVLA, Moriah Wind Measurement System (WMS), Aviation Integration)","","","","","","","","","68.492","12.432","","","","","","","","","","2018-BASE_PROCUREMENT-2018-NAVY_SHIPBUILDINGANDCOVERSION-U_PROCUREMENT_JustificationBook_Navy_PB_2018.zzz_unzipped-U_PROCUREMENT_JustificationBook_Navy_PB_2018.xml","63a199acf2aec9803478e689b99e17d5ba8e6ed8eb7dfb080491db0b111af06e","0-d6da919893c91f900bf051d3a30b0d2978e441dbf5df5a2bf210ff4df4b50b98","9455-f2d0503a0e1484a9e7f6bad0654f10e286475e05a192769df318bc4046ae05e6","root"
"MISSION SYSTEM ACTIVATION","","","","","","","","","18.781","9.39","","","","","","","","","","2018-BASE_PROCUREMENT-2018-NAVY_SHIPBUILDINGANDCOVERSION-U_PROCUREMENT_JustificationBook_Navy_PB_2018.zzz_unzipped-U_PROCUREMENT_JustificationBook_Navy_PB_2018.xml","63a199acf2aec9803478e689b99e17d5ba8e6ed8eb7dfb080491db0b111af06e","1-4ddd4bc3117862c77fb54fbdf396139f049894dbbaf6ff5a3ac5fbc792ceff8e","9455-f2d0503a0e1484a9e7f6bad0654f10e286475e05a192769df318bc4046ae05e6","root"
"MISC. HM&E","","","44","","41.715","52.038","43.146","","","","","","","2","3","2","2","","","2018-BASE_PROCUREMENT-2018-NAVY_SHIPBUILDINGANDCOVERSION-U_PROCUREMENT_JustificationBook_Navy_PB_2018.zzz_unzipped-U_PROCUREMENT_JustificationBook_Navy_PB_2018.xml","341c09c4a37bc5105a93194374c2b71f3cdff23a738f04e5629acb1abd33932e","0-8af2282315c2760e16711d48fad028a8c0cfcd5d93d785e184e86e840638f98e","9456-cd6e8b9f0da40e9512a847eb4f656c7047ea715e88ad81a44cf1a397bc8780f5","root"
"OTHER HM&E","","","0.749","","1.599","1.626","1.134","","","","","","","3","","","","","","2018-BASE_PROCUREMENT-2018-NAVY_SHIPBUILDINGANDCOVERSION-U_PROCUREMENT_JustificationBook_Navy_PB_2018.zzz_unzipped-U_PROCUREMENT_JustificationBook_Navy_PB_2018.xml","b548d3bebc5c45d3822f00bfd12bbaf3401faadb58f2ede71a62e2af4a876487","0-b6edf3dc1b65da0a923fdccd666cef74514b047fdbda73f92f962e653fafdc9d","9457-ff49ab182a8bf503ad09b654430a7f435382a24560a787b30e6535ca2491fb32","root"
"Miscellaneous HM&E","","","","","","12","","52.3","","","","","","","","","","","","2018-BASE_PROCUREMENT-2018-NAVY_SHIPBUILDINGANDCOVERSION-U_PROCUREMENT_JustificationBook_Navy_PB_2018.zzz_unzipped-U_PROCUREMENT_JustificationBook_Navy_PB_2018.xml","6c8db8380a911de3d70ef956f133867b9c0a3463851956b9d3521431df0e0e53","0-20a52985a4b5051ecf9e7191c2c54ec09111f418943939df4867f7deed71d13d","9458-dbbb1003d7dbcdafcbf60934f6e0db51433092632eeeb18d5774eae56a5b3498","root"
"Other HM&E","2.143","2.38","2.627","","","","","","","","","","","","","","","","","2018-BASE_PROCUREMENT-2018-NAVY_SHIPBUILDINGANDCOVERSION-U_PROCUREMENT_MasterJustificationBook_Navy_PB_2018.zzz_unzipped-U_PROCUREMENT_MasterJustificationBook_Navy_PB_2018.xml","1d7fe1ff3cd4bd81f1f8eadcb8986287a46fef38ba78ae80f3d311ff6e2885f3","0-65168d3309b74b6d6178fa52e3f4f3a387ac929bd41d34dd1f0f858014e17213","9462-853d782a52ae4e30053a45795014b7b8136a2deed544d4003a0c0492ce90d472","root"
"HM&E Installation and testing","","","19.502","18.592","18.828","19.374","19.12","","","","","","","","","","","","","2018-BASE_PROCUREMENT-2018-NAVY_SHIPBUILDINGANDCOVERSION-U_PROCUREMENT_MasterJustificationBook_Navy_PB_2018.zzz_unzipped-U_PROCUREMENT_MasterJustificationBook_Navy_PB_2018.xml","b9b3c2143c11a13c8f2c4f97143714796c97d937a9c0d0bc447e53de4a529dc3","0-2deb32b6133672c6529d7732abca28c48a7a26cda8549f7429610e452598360f","9473-5e261c347d837245584898223f4950afdae7e2b3b77ecb7e213e6d5172bf7b9f","root"
"T&E","","","9.508","9.06","9.18","9.446","9.322","","","","","","","","","","","","","2018-BASE_PROCUREMENT-2018-NAVY_SHIPBUILDINGANDCOVERSION-U_PROCUREMENT_MasterJustificationBook_Navy_PB_2018.zzz_unzipped-U_PROCUREMENT_MasterJustificationBook_Navy_PB_2018.xml","b9b3c2143c11a13c8f2c4f97143714796c97d937a9c0d0bc447e53de4a529dc3","1-6e0eda94652c2102a24e6faa6d54b9dc714276145659eb284ae9104dff0c8f9e","9473-5e261c347d837245584898223f4950afdae7e2b3b77ecb7e213e6d5172bf7b9f","root"
"SUPSHIP responsible material","","","2.21","2.104","2.132","2.194","2.166","","","","","","","","","","","","","2018-BASE_PROCUREMENT-2018-NAVY_SHIPBUILDINGANDCOVERSION-U_PROCUREMENT_MasterJustificationBook_Navy_PB_2018.zzz_unzipped-U_PROCUREMENT_MasterJustificationBook_Navy_PB_2018.xml","b9b3c2143c11a13c8f2c4f97143714796c97d937a9c0d0bc447e53de4a529dc3","2-fbe727922291be7ad3af794c9776c6d2e1181d7c29559e4914abd2df6702e480","9473-5e261c347d837245584898223f4950afdae7e2b3b77ecb7e213e6d5172bf7b9f","root"
"ENGINEERING, TEST & CERTIFICATIONS, MISC.","","","","","","58.835","","43.511","","","","","","","","","","","","2018-BASE_PROCUREMENT-2018-NAVY_SHIPBUILDINGANDCOVERSION-U_PROCUREMENT_MasterJustificationBook_Navy_PB_2018.zzz_unzipped-U_PROCUREMENT_MasterJustificationBook_Navy_PB_2018.xml","39e99632cac232ed4f791a16a1a3a350502b6d8437548761d869aa99726b1c18","0-ad1730ebf9da510c9d633bd114c4245d64b2b1f046ac02c772b78874da36cb55","9475-b6283505851a182b38f2f06dc04e463cadddba0a956d7e338a4575c0bd0b93fc","root"
"HM&E (NGVLA, Moriah Wind Measurement System (WMS), Aviation Integration)","","","","","","","","","68.492","12.432","","","","","","","","","","2018-BASE_PROCUREMENT-2018-NAVY_SHIPBUILDINGANDCOVERSION-U_PROCUREMENT_MasterJustificationBook_Navy_PB_2018.zzz_unzipped-U_PROCUREMENT_MasterJustificationBook_Navy_PB_2018.xml","cfcd2affcafe58149df6900b5bafde44d10bbb1934842da11d594bb3c352ff90","0-c532e1a8e9e6a3a2088b850d2dcc9f6ce7633cabf9c4d9aae73613312b9bc428","9476-cee8bc28de89fc458ffc935c5727b0bfebf865138b8e14c491713a43fb8bcef4","root"
"MISSION SYSTEM ACTIVATION","","","","","","","","","18.781","9.39","","","","","","","","","","2018-BASE_PROCUREMENT-2018-NAVY_SHIPBUILDINGANDCOVERSION-U_PROCUREMENT_MasterJustificationBook_Navy_PB_2018.zzz_unzipped-U_PROCUREMENT_MasterJustificationBook_Navy_PB_2018.xml","cfcd2affcafe58149df6900b5bafde44d10bbb1934842da11d594bb3c352ff90","1-dd365c436e15764db1a3986ecb9fe3e35dc37d4e6f9828e53c1ef7c53f7993d2","9476-cee8bc28de89fc458ffc935c5727b0bfebf865138b8e14c491713a43fb8bcef4","root"
"MISC. HM&E","","","44","","41.715","52.038","43.146","","","","","","","2","3","2","2","","","2018-BASE_PROCUREMENT-2018-NAVY_SHIPBUILDINGANDCOVERSION-U_PROCUREMENT_MasterJustificationBook_Navy_PB_2018.zzz_unzipped-U_PROCUREMENT_MasterJustificationBook_Navy_PB_2018.xml","e27de6ec9cb638c66ac0b656bccfc8f782bb401590861916fc6bffb8352b5cd2","0-7948d5016cf03319516426b7d6129f4721d99e37a904c5a39c2c3d9d5a0b7659","9477-82b8bcf87c6e34a92e50e1d5c10c035d5e973e1148e84c049b07294f8d85fa18","root"
"OTHER HM&E","","","0.749","","1.599","1.626","1.134","","","","","","","3","","","","","","2018-BASE_PROCUREMENT-2018-NAVY_SHIPBUILDINGANDCOVERSION-U_PROCUREMENT_MasterJustificationBook_Navy_PB_2018.zzz_unzipped-U_PROCUREMENT_MasterJustificationBook_Navy_PB_2018.xml","119a8a234210e8d816f52b47d147d9422de1a8875a3a611fd7398a69bdc2b836","0-a1336508f674fafab2ea57ae7e00530469e0f597b6684fec0dc74bd0329c6968","9478-e8873729bcd64cfbbc2ddd3c7c309b800378a49fe586162b8c89c59253f4b52b","root"
"Miscellaneous HM&E","","","","","","12","","52.3","","","","","","","","","","","","2018-BASE_PROCUREMENT-2018-NAVY_SHIPBUILDINGANDCOVERSION-U_PROCUREMENT_MasterJustificationBook_Navy_PB_2018.zzz_unzipped-U_PROCUREMENT_MasterJustificationBook_Navy_PB_2018.xml","b6836e8f5cae238b72477d06bd8275a4b5f6643ffb0fbad18a73c25cb2c9b2b2","0-239973b29df5f1132c6e2772cbb455116debef7f3c6fa8022d818d7eee99eb28","9479-39a1b1fa1e9c066122f07288cd31fe76f84b84fc46374ee535b36a2d8495e420","root"
"Other HM&E","","","","","","","2.627","2.38","","","","","","","","","","","","2019-BASE_PROCUREMENT-2019-NAVY_SHIPBUILDINGANDCOVERSION-U_PROCUREMENT_JustificationBook_Navy_PB_2019.zzz_unzipped-U_PROCUREMENT_JustificationBook_Navy_PB_2019.xml","036eab869a099e08a81545eee0f4f7834f7c77ef6dd1087ed8062c6d5b68d43d","0-b63a7119c27322fbde67920971012aba3639c7f256d9d705712138ba1a642acd","11053-4751e4f5814275fc07174f7ee9583345eb99c286ee5788b602e77d6b15d28efe","root"
"HM&E Installation and testing","","18.592","19.892","18.828","19.374","19.12","19.502","","","","","","","","","","","","","2019-BASE_PROCUREMENT-2019-NAVY_SHIPBUILDINGANDCOVERSION-U_PROCUREMENT_JustificationBook_Navy_PB_2019.zzz_unzipped-U_PROCUREMENT_JustificationBook_Navy_PB_2019.xml","26f7a9377367f4833fc97e7a760e9a2cc6323946d5bc9215f0843a3a55340edc","0-3a3f4ed2153b534caa6b7cd1ebd4bde5797a8e964823f007858b25fcc531986d","11064-1793a54fec79ed46195b4e10671aea063e26e59a60a580561e7847eb1726a40c","root"
"T&E","","9.06","14.084","9.18","9.446","9.322","9.508","","","","","","","","","","","","","2019-BASE_PROCUREMENT-2019-NAVY_SHIPBUILDINGANDCOVERSION-U_PROCUREMENT_JustificationBook_Navy_PB_2019.zzz_unzipped-U_PROCUREMENT_JustificationBook_Navy_PB_2019.xml","26f7a9377367f4833fc97e7a760e9a2cc6323946d5bc9215f0843a3a55340edc","1-aff1b06e4884947599482840a57b741854fd1cfa5a91945562e10fedb1b1e906","11064-1793a54fec79ed46195b4e10671aea063e26e59a60a580561e7847eb1726a40c","root"
"SUPSHIP responsible material","","2.104","2.254","2.132","2.194","2.166","2.21","","","","","","","","","","","","","2019-BASE_PROCUREMENT-2019-NAVY_SHIPBUILDINGANDCOVERSION-U_PROCUREMENT_JustificationBook_Navy_PB_2019.zzz_unzipped-U_PROCUREMENT_JustificationBook_Navy_PB_2019.xml","26f7a9377367f4833fc97e7a760e9a2cc6323946d5bc9215f0843a3a55340edc","2-779baa154f58df8a0218c45eaffb2c93046654d4a293d48b58178d07759bbb6d","11064-1793a54fec79ed46195b4e10671aea063e26e59a60a580561e7847eb1726a40c","root"
"ENGINEERING, TEST & CERTIFICATION","","","","","55.883","","","","","","","","","","","","","","","2019-BASE_PROCUREMENT-2019-NAVY_SHIPBUILDINGANDCOVERSION-U_PROCUREMENT_JustificationBook_Navy_PB_2019.zzz_unzipped-U_PROCUREMENT_JustificationBook_Navy_PB_2019.xml","3f04422267f18278d5d6f04f107d65e4403280e1024fb698d2f8e9e46d266e01","0-52167ba5d4ffd82cf9067750e6f0502593cb226766dfc2aa99d2a21222f8cb2d","11066-7837b9a6e310dc9042ac9d7d36de56154c8b55a74426688b32ae0c81789568fa","root"
"MISCELLANEOUS GOVERNMENT FURNISHED EQUIPMENT (GFE)","","","","","17.037","","","","","","","","","","","","","","","2019-BASE_PROCUREMENT-2019-NAVY_SHIPBUILDINGANDCOVERSION-U_PROCUREMENT_JustificationBook_Navy_PB_2019.zzz_unzipped-U_PROCUREMENT_JustificationBook_Navy_PB_2019.xml","3f04422267f18278d5d6f04f107d65e4403280e1024fb698d2f8e9e46d266e01","1-3f7de6be81dafe168ba57a7e43c6ebe68399cc932ab82f2f89627466ba3b5ce7","11066-7837b9a6e310dc9042ac9d7d36de56154c8b55a74426688b32ae0c81789568fa","root"
"HM&E (NGVLA, Moriah Wind Measurement System (WMS), Aviation Integration)","12.432","","","","","","","","","","68.492","","","","","","","","","2019-BASE_PROCUREMENT-2019-NAVY_SHIPBUILDINGANDCOVERSION-U_PROCUREMENT_JustificationBook_Navy_PB_2019.zzz_unzipped-U_PROCUREMENT_JustificationBook_Navy_PB_2019.xml","384bbcfb660b583b57aa41ac827b7a4f96349bc3d635569d38c5399e81cf111b","0-b89e854522a5390b433f0d6b3a576d1d4c83442e6c82ddf1c4a986c90fd57ad7","11067-c43d2d684cc54753fa8441f559551ed73fb80c7a87243fca61596d2b449caaa5","root"
"MISSION SYSTEM ACTIVATION","16.39","","","","","","","","","","18.781","","","","","","","","","2019-BASE_PROCUREMENT-2019-NAVY_SHIPBUILDINGANDCOVERSION-U_PROCUREMENT_JustificationBook_Navy_PB_2019.zzz_unzipped-U_PROCUREMENT_JustificationBook_Navy_PB_2019.xml","384bbcfb660b583b57aa41ac827b7a4f96349bc3d635569d38c5399e81cf111b","1-346cad4c2b100a794d95907e3eaee214e95ecde564c549c94407cf9e3a8ecbc6","11067-c43d2d684cc54753fa8441f559551ed73fb80c7a87243fca61596d2b449caaa5","root"
"INTERIM SPARES","","","","","","","","","","","44.8","","","","","","","","","2019-BASE_PROCUREMENT-2019-NAVY_SHIPBUILDINGANDCOVERSION-U_PROCUREMENT_JustificationBook_Navy_PB_2019.zzz_unzipped-U_PROCUREMENT_JustificationBook_Navy_PB_2019.xml","384bbcfb660b583b57aa41ac827b7a4f96349bc3d635569d38c5399e81cf111b","2-fdda2516a46e0c65ac65408b0740c10ee50dfa66705c3fc50d056bd1f7f4488f","11067-c43d2d684cc54753fa8441f559551ed73fb80c7a87243fca61596d2b449caaa5","root"
"MISC. HM&E","","","55.123","41.715","52.038","43.368","44","","","","","","","3","2","2","3","2","","2019-BASE_PROCUREMENT-2019-NAVY_SHIPBUILDINGANDCOVERSION-U_PROCUREMENT_JustificationBook_Navy_PB_2019.zzz_unzipped-U_PROCUREMENT_JustificationBook_Navy_PB_2019.xml","a1a47c8635cef5e8f1226c963ba3faf740a9814b8e16b8e7235117ff98b853fd","0-d4eb4eb675be98c68e530a3a76864d00b0c92f560c91c4fe22792bc829db8659","11068-b6a0c5db2ff80021f6dae902a5efe81d5f5944ded4e9435b5902fd11d6e94d48","root"
"OTHER HM&E","","","0.762","1.599","1.626","1.656","1.153","","","","","","","","","","","3","","2019-BASE_PROCUREMENT-2019-NAVY_SHIPBUILDINGANDCOVERSION-U_PROCUREMENT_JustificationBook_Navy_PB_2019.zzz_unzipped-U_PROCUREMENT_JustificationBook_Navy_PB_2019.xml","5152a3e67c89abc2820925748b17a30f7c8ff664b180b65af516e145f35dcb0b","0-5a71d249e4438b114b943f68d6cf6ddd3b578ed4b99968bf8685e297e24954ed","11069-e868d39929e77c441598ca6f0c2fb0f97b1c18c3d13efb7a60b65a5af3ff8237","root"
"Miscellaneous HM&E","","","","","12","11.551","","","","","","","","","","","","","","2019-BASE_PROCUREMENT-2019-NAVY_SHIPBUILDINGANDCOVERSION-U_PROCUREMENT_JustificationBook_Navy_PB_2019.zzz_unzipped-U_PROCUREMENT_JustificationBook_Navy_PB_2019.xml","169bc358bca4dfb8acf7b7efe08e701c479c593f5473f0f5b4ee6d1c0ad679db","0-b1fe30812f5dd28c7c7fd823f27d5fd5bf0676b666cb49ecc5cdc94212f7cf0b","11070-4bcdfe9038b5e558a7fd095715ef5621ac2aad965874dd0c01003a18d87da3a8","root"
"Other HM&E","","","","","","","2.627","2.38","","","","","","","","","","","","2019-BASE_PROCUREMENT-2019-NAVY_SHIPBUILDINGANDCOVERSION-U_PROCUREMENT_MasterJustificationBook_Navy_PB_2019.zzz_unzipped-U_PROCUREMENT_MasterJustificationBook_Navy_PB_2019.xml","a9fbe5c21ca9d712d778740a9c71a88aeca9364f2ca88ca90b8d87825b9fbafd","0-d14884241afe1032888768534aadf008af7682fdd2695c8292390014b90d0364","11074-63c5fc01b67ad3e30a4e8bbd9734941283dc367131c1c4bb15c2989ef4c2e79d","root"
"HM&E Installation and testing","","18.592","19.892","18.828","19.374","19.12","19.502","","","","","","","","","","","","","2019-BASE_PROCUREMENT-2019-NAVY_SHIPBUILDINGANDCOVERSION-U_PROCUREMENT_MasterJustificationBook_Navy_PB_2019.zzz_unzipped-U_PROCUREMENT_MasterJustificationBook_Navy_PB_2019.xml","cbe29039c7026c484c7be93d8dffc73f479957edddb0229a6b7ae1188f188bcd","0-054177fbd37e9304fdb07bdc775e5b02e712620a1ae806a5e612e6f74c68b269","11085-347655e861f33f8f925febcdb4ec87ae329ac739447cdf4ada63c85cf65560c1","root"
"T&E","","9.06","14.084","9.18","9.446","9.322","9.508","","","","","","","","","","","","","2019-BASE_PROCUREMENT-2019-NAVY_SHIPBUILDINGANDCOVERSION-U_PROCUREMENT_MasterJustificationBook_Navy_PB_2019.zzz_unzipped-U_PROCUREMENT_MasterJustificationBook_Navy_PB_2019.xml","cbe29039c7026c484c7be93d8dffc73f479957edddb0229a6b7ae1188f188bcd","1-9bc6335d476eba8f6d78bc79b65de815f4dfee33c123c78d11c67bda6c3cb1a3","11085-347655e861f33f8f925febcdb4ec87ae329ac739447cdf4ada63c85cf65560c1","root"
"SUPSHIP responsible material","","2.104","2.254","2.132","2.194","2.166","2.21","","","","","","","","","","","","","2019-BASE_PROCUREMENT-2019-NAVY_SHIPBUILDINGANDCOVERSION-U_PROCUREMENT_MasterJustificationBook_Navy_PB_2019.zzz_unzipped-U_PROCUREMENT_MasterJustificationBook_Navy_PB_2019.xml","cbe29039c7026c484c7be93d8dffc73f479957edddb0229a6b7ae1188f188bcd","2-c970a3aad2b63e4601798799e9aa3cae6eadcd3cf18475d078e1dacdec2edc03","11085-347655e861f33f8f925febcdb4ec87ae329ac739447cdf4ada63c85cf65560c1","root"
"ENGINEERING, TEST & CERTIFICATION","","","","","55.883","","","","","","","","","","","","","","","2019-BASE_PROCUREMENT-2019-NAVY_SHIPBUILDINGANDCOVERSION-U_PROCUREMENT_MasterJustificationBook_Navy_PB_2019.zzz_unzipped-U_PROCUREMENT_MasterJustificationBook_Navy_PB_2019.xml","8e712934068abd23958514556a25c137e290832dbeb92748a5baadb930834b13","0-f340712ccbe1cc3cc65f1d40b18266c15711e94d658d528c10ec88dc06669b5e","11087-31d6f45e0600c38bf0d76ac2805697542475f6fe3e2273295c22944095898902","root"
"MISCELLANEOUS GOVERNMENT FURNISHED EQUIPMENT (GFE)","","","","","17.037","","","","","","","","","","","","","","","2019-BASE_PROCUREMENT-2019-NAVY_SHIPBUILDINGANDCOVERSION-U_PROCUREMENT_MasterJustificationBook_Navy_PB_2019.zzz_unzipped-U_PROCUREMENT_MasterJustificationBook_Navy_PB_2019.xml","8e712934068abd23958514556a25c137e290832dbeb92748a5baadb930834b13","1-e5563a5b3b58fbcddf148d16687866923b56f110f5a94e0ab7f4fe9f6ca58893","11087-31d6f45e0600c38bf0d76ac2805697542475f6fe3e2273295c22944095898902","root"
"HM&E (NGVLA, Moriah Wind Measurement System (WMS), Aviation Integration)","12.432","","","","","","","","","","68.492","","","","","","","","","2019-BASE_PROCUREMENT-2019-NAVY_SHIPBUILDINGANDCOVERSION-U_PROCUREMENT_MasterJustificationBook_Navy_PB_2019.zzz_unzipped-U_PROCUREMENT_MasterJustificationBook_Navy_PB_2019.xml","eb65c52dd93ce16c20d00a7266f3d388040779562cbb7747c2c0d892437bc207","0-bc2995cb2dbe0d33da4c78b61910b210dca92bada1282c08c6e0c226bee2f183","11088-2b5f1ea043a79572563a3d7f6423ef77860772371ec664cd890e30763c951e96","root"
"MISSION SYSTEM ACTIVATION","16.39","","","","","","","","","","18.781","","","","","","","","","2019-BASE_PROCUREMENT-2019-NAVY_SHIPBUILDINGANDCOVERSION-U_PROCUREMENT_MasterJustificationBook_Navy_PB_2019.zzz_unzipped-U_PROCUREMENT_MasterJustificationBook_Navy_PB_2019.xml","eb65c52dd93ce16c20d00a7266f3d388040779562cbb7747c2c0d892437bc207","1-1bbc9f7c6365e5970bc40617697e733ce7d08ab90a241b66adbce45735a1ed78","11088-2b5f1ea043a79572563a3d7f6423ef77860772371ec664cd890e30763c951e96","root"
"INTERIM SPARES","","","","","","","","","","","44.8","","","","","","","","","2019-BASE_PROCUREMENT-2019-NAVY_SHIPBUILDINGANDCOVERSION-U_PROCUREMENT_MasterJustificationBook_Navy_PB_2019.zzz_unzipped-U_PROCUREMENT_MasterJustificationBook_Navy_PB_2019.xml","eb65c52dd93ce16c20d00a7266f3d388040779562cbb7747c2c0d892437bc207","2-b8ab48535b02d2cf62e1f09abb2d121869397e2e738c3c83da49587f35f79d67","11088-2b5f1ea043a79572563a3d7f6423ef77860772371ec664cd890e30763c951e96","root"
"MISC. HM&E","","","55.123","41.715","52.038","43.368","44","","","","","","","3","2","2","3","2","","2019-BASE_PROCUREMENT-2019-NAVY_SHIPBUILDINGANDCOVERSION-U_PROCUREMENT_MasterJustificationBook_Navy_PB_2019.zzz_unzipped-U_PROCUREMENT_MasterJustificationBook_Navy_PB_2019.xml","7ccb09e5aa0dcd2ff656bb6257f40762290470295a3462fc198202ddc187b82f","0-887d48fd5a04952a383ef1b73491fd6dc9e867ed6404e3487afe269aa7bd6642","11089-836c4e0790f9534dad39d37158de9f8beb4638a01c45c59cf317235b7ad29b11","root"
"OTHER HM&E","","","0.762","1.599","1.626","1.656","1.153","","","","","","","","","","","3","","2019-BASE_PROCUREMENT-2019-NAVY_SHIPBUILDINGANDCOVERSION-U_PROCUREMENT_MasterJustificationBook_Navy_PB_2019.zzz_unzipped-U_PROCUREMENT_MasterJustificationBook_Navy_PB_2019.xml","8d346b790189bfc9a641dace4de6f22c2edf1c141b63425557194b004b65ee77","0-8f5788168f13042d0cf360127792e301709a9a164b914e7aa0b3d2c79bb3e596","11090-258839ef2568b6a58a3801613211753dbe6daa5a5ac53c44e6d3c9a3aba15269","root"
"Miscellaneous HM&E","","","","","12","11.551","","","","","","","","","","","","","","2019-BASE_PROCUREMENT-2019-NAVY_SHIPBUILDINGANDCOVERSION-U_PROCUREMENT_MasterJustificationBook_Navy_PB_2019.zzz_unzipped-U_PROCUREMENT_MasterJustificationBook_Navy_PB_2019.xml","14191acf83148e2c874d70c0ea032878d423d04892e841aeca18c4529a27d12b","0-88ce0eacd1a2e30d3fbef6ca02ea43ffbe54dcd70773acb4c77e94b6d70f0bf5","11091-a0556705b98b14141dc7e86db4a709d8bdc0c77473be09beeddadc218bb00889","root"
"Other HM&E","","","2.61","","","2.627","","","","","","1.979","","","","","","","","2020-BASE_PROCUREMENT-2020-NAVY_SHIPBUILDINGANDCOVERSION-U_PROCUREMENT_JustificationBook_Navy_PB_2020.zzz_unzipped-U_PROCUREMENT_JustificationBook_Navy_PB_2020.xml","32504ad2a7e688527244f05aaddd99f674ca8968fcba75209474740d4df46dfa","0-dd4d01f3cb0dede3814b42932373fb44ba306bbb396767807edd63f91f9563ad","12613-85624c00d660248748a042a38f2fecf934cbf4958ff73f5fe7711eba88194ad7","root"
"Miscellaneous HM&E","","","","12","16.845","","","","","","","","","","","","","","","2020-BASE_PROCUREMENT-2020-NAVY_SHIPBUILDINGANDCOVERSION-U_PROCUREMENT_JustificationBook_Navy_PB_2020.zzz_unzipped-U_PROCUREMENT_JustificationBook_Navy_PB_2020.xml","61c75f4854ca92250e7faa2931112113ac0649a293e0256c0de12704ee4d411a","0-ba2f7e5b034fa90e8fdc2ed3b9643bf359ffab63e9fcac632cecb1561af7bc7e","12616-6956f98b87b2742a32bb04f67fdf09a66fed5cf3ccd9f032c58626bf6a20fc9d","root"
"New Cost Element","","","","","","","","","","","","","","","","","","","","2020-BASE_PROCUREMENT-2020-NAVY_SHIPBUILDINGANDCOVERSION-U_PROCUREMENT_JustificationBook_Navy_PB_2020.zzz_unzipped-U_PROCUREMENT_JustificationBook_Navy_PB_2020.xml","8f11c0df58647bc1675fc6acea9a510c1316d5d8117f271e97d982d6e4a6e7e3","0-d32fd6116a8bb0ad9a55494cad9c84f9109dd9c9f54967b2503baf81d23b999c","12622-ac9be92ea64004007eefb35434e8c582cd7317056f40caec4864ffaf915c321d","root"
"HM&E Installation and testing","","18.828","30.435","19.374","19.12","19.502","19.892","18.592","","","","","","","","","","","","2020-BASE_PROCUREMENT-2020-NAVY_SHIPBUILDINGANDCOVERSION-U_PROCUREMENT_JustificationBook_Navy_PB_2020.zzz_unzipped-U_PROCUREMENT_JustificationBook_Navy_PB_2020.xml","cc662e74a7de7213dcbbea2bd4856f29d0eced5cfd2f89546251c34f13f65079","0-3796d443b5869ff824ff69bc31cf80d0aa9acd80edf5f7a79853b18631125635","12624-2d04e3f2c0d5f421daa37db9675218473b7dc49e0f7be4970aa4b86c87745bac","root"
"T&E","","9.18","23.784","9.446","9.322","9.508","14.084","9.06","","","","","","","","","","","","2020-BASE_PROCUREMENT-2020-NAVY_SHIPBUILDINGANDCOVERSION-U_PROCUREMENT_JustificationBook_Navy_PB_2020.zzz_unzipped-U_PROCUREMENT_JustificationBook_Navy_PB_2020.xml","cc662e74a7de7213dcbbea2bd4856f29d0eced5cfd2f89546251c34f13f65079","1-1a8879f5b75a5db5c8a0dd44548cf1a607791276fdcaa84e4960266b2dfca69e","12624-2d04e3f2c0d5f421daa37db9675218473b7dc49e0f7be4970aa4b86c87745bac","root"
"SUPSHIP responsible material","","2.132","3.45","2.194","2.166","2.21","2.254","2.104","","","","","","","","","","","","2020-BASE_PROCUREMENT-2020-NAVY_SHIPBUILDINGANDCOVERSION-U_PROCUREMENT_JustificationBook_Navy_PB_2020.zzz_unzipped-U_PROCUREMENT_JustificationBook_Navy_PB_2020.xml","cc662e74a7de7213dcbbea2bd4856f29d0eced5cfd2f89546251c34f13f65079","2-a806eba62fd564f6031eebdbdd8d3dd6ed7861b9ed6eef119606e2fbd1a804c0","12624-2d04e3f2c0d5f421daa37db9675218473b7dc49e0f7be4970aa4b86c87745bac","root"
"New Cost Element","","","","","","","","","","","","","","","","","","","","2020-BASE_PROCUREMENT-2020-NAVY_SHIPBUILDINGANDCOVERSION-U_PROCUREMENT_JustificationBook_Navy_PB_2020.zzz_unzipped-U_PROCUREMENT_JustificationBook_Navy_PB_2020.xml","cc662e74a7de7213dcbbea2bd4856f29d0eced5cfd2f89546251c34f13f65079","3-2f58e77076131900f4df44e0b0d9d93481a73b58a3592ad64ad0df7cd7b00153","12624-2d04e3f2c0d5f421daa37db9675218473b7dc49e0f7be4970aa4b86c87745bac","root"
"ENGINEERING, TEST & CERTIFICATION","","","69.081","60.57","","","","","","","","","","","","","","","","2020-BASE_PROCUREMENT-2020-NAVY_SHIPBUILDINGANDCOVERSION-U_PROCUREMENT_JustificationBook_Navy_PB_2020.zzz_unzipped-U_PROCUREMENT_JustificationBook_Navy_PB_2020.xml","79df57bc99fb77f6f94f2d8202847567fc765bce66445ff4e4e663760799e6e1","0-575a6f3f99f9e04a9bbf5a2e2f0897015543f212f957039dc42e08aa6fad70a9","12629-3d8c5d1e76fb10712739a98d014b0e59b530c88a8a90ee96c988eb58527fd863","root"
"MISCELLANEOUS GOVERNMENT FURNISHED EQUIPMENT (GFE)","","","37.569","27.035","","","","","","","","","","","","","","","","2020-BASE_PROCUREMENT-2020-NAVY_SHIPBUILDINGANDCOVERSION-U_PROCUREMENT_JustificationBook_Navy_PB_2020.zzz_unzipped-U_PROCUREMENT_JustificationBook_Navy_PB_2020.xml","79df57bc99fb77f6f94f2d8202847567fc765bce66445ff4e4e663760799e6e1","1-f6c4dfe989662f6b502b174db68d542236acc7ca42f21f3f5462015b8eb49c47","12629-3d8c5d1e76fb10712739a98d014b0e59b530c88a8a90ee96c988eb58527fd863","root"
"HM&E (NGVLA, Moriah Wind Measurement System (WMS), Aviation Integration)","","","","","","","","","12.446","","","","68.492","","","","","","","2020-BASE_PROCUREMENT-2020-NAVY_SHIPBUILDINGANDCOVERSION-U_PROCUREMENT_JustificationBook_Navy_PB_2020.zzz_unzipped-U_PROCUREMENT_JustificationBook_Navy_PB_2020.xml","8644d6cf0ff072d3154c0109223402de2d9d8f52cc878b156fc73009c9601119","0-49bcf40960a62225ec9288d319f8a97d58e08b080f20cc588d7e49a81e9cd1ca","12630-85983e0fddb6c58a88d0115e70e66668466caa1debda4d223caa9d10d5d43fa0","root"
"MISSION SYSTEM ACTIVATION","","","","","","","","","16.39","","","","18.781","","","","","","","2020-BASE_PROCUREMENT-2020-NAVY_SHIPBUILDINGANDCOVERSION-U_PROCUREMENT_JustificationBook_Navy_PB_2020.zzz_unzipped-U_PROCUREMENT_JustificationBook_Navy_PB_2020.xml","8644d6cf0ff072d3154c0109223402de2d9d8f52cc878b156fc73009c9601119","1-ae90f235c64ec91774c452b67d56d5ee451ca39b3bbbf636382f29d4fb644e47","12630-85983e0fddb6c58a88d0115e70e66668466caa1debda4d223caa9d10d5d43fa0","root"
"INTERIM SPARES","","","","","","","","","7.5","","","","35.818","","","","","","","2020-BASE_PROCUREMENT-2020-NAVY_SHIPBUILDINGANDCOVERSION-U_PROCUREMENT_JustificationBook_Navy_PB_2020.zzz_unzipped-U_PROCUREMENT_JustificationBook_Navy_PB_2020.xml","8644d6cf0ff072d3154c0109223402de2d9d8f52cc878b156fc73009c9601119","2-8ab8c9c68eca2aebe9edd7ef26723900326a6b881c6194a853b22232fffce2ee","12630-85983e0fddb6c58a88d0115e70e66668466caa1debda4d223caa9d10d5d43fa0","root"
"MISC. HM&E","","41.715","46.167","52.038","43.368","44.367","45.262","","","","","","","2","2","3","3","3","2","2020-BASE_PROCUREMENT-2020-NAVY_SHIPBUILDINGANDCOVERSION-U_PROCUREMENT_JustificationBook_Navy_PB_2020.zzz_unzipped-U_PROCUREMENT_JustificationBook_Navy_PB_2020.xml","f88449ebd51dedd31a2638fdba5e14252aa210ecf7ac5ea8d1c24b9a55389b12","0-8b61d70cf082d0a7829c9313460ddc932d22f13850025cbf0ee55d825828ccbc","12631-80ef3dd9bc28556129da10b16e57ba772ef8c010d6125b6566b9f66702d5454d","root"
"OTHER HM&E","","1.599","","1.626","1.656","1.696","1.76","","","","","","","","","","","","3","2020-BASE_PROCUREMENT-2020-NAVY_SHIPBUILDINGANDCOVERSION-U_PROCUREMENT_JustificationBook_Navy_PB_2020.zzz_unzipped-U_PROCUREMENT_JustificationBook_Navy_PB_2020.xml","3a50af76787ade8e6e39ac7fb379b076ab9a8df59659f988b8b17ea8a6e28f09","0-c7765c47ec56c1fb9b4be436a027a72201bd85c0845ba5ca27d18c5a3d37d830","12632-a6d89756e42da3a1263550f7eceab5961bb939faaa8522cb32d5bff39891ca63","root"
"Other HM&E","","","3.524","","","","","","","","","","","","","","1","","","2020-BASE_PROCUREMENT-2020-NAVY_SHIPBUILDINGANDCOVERSION-U_PROCUREMENT_JustificationBook_Navy_PB_2020.zzz_unzipped-U_PROCUREMENT_JustificationBook_Navy_PB_2020.xml","c28c27813a2cf7ded6b86fcbf9224130d193279ad60a95d269b6367bacde8fe9","0-0d914de222b1da930a646847fa66b7f1943daa433a76acc9157f50809a5bc14d","12633-f6396dcffea2eee7defbd825fc92b460fdf406dc8a73a78d003cf6b69fc7128d","root"
"Miscellaneous HM&E","","","","","","11.658","","","","","","","","","","","","","","2020-BASE_PROCUREMENT-2020-NAVY_SHIPBUILDINGANDCOVERSION-U_PROCUREMENT_JustificationBook_Navy_PB_2020.zzz_unzipped-U_PROCUREMENT_JustificationBook_Navy_PB_2020.xml","9c168386c667ef3d36f81563d2d4cc8667e0a613f9f857e619b298d98031ffd5","0-30c33a2269354078446c498857e5f46b2690da81b6e5339ef73003b390784570","12634-63e4f732c4ea32fb07c2dfef9565cb532132eda28b681cb9db8303a0b1fcf281","root"
"Other HM&E","","","2.61","","","2.627","","","","","","1.979","","","","","","","","2020-BASE_PROCUREMENT-2020-NAVY_SHIPBUILDINGANDCOVERSION-U_PROCUREMENT_MasterJustificationBook_Navy_PB_2020.zzz_unzipped-U_PROCUREMENT_MasterJustificationBook_Navy_PB_2020.xml","d143fe01a081a0f255f6aad559f7bd427f9f1cc2ecd779a7e68acdbdf10f5453","0-4a386d141c3550237631b1512649acc45de44c24f458ad6e542127e40da552a5","12637-05f4d12841747c6fd36fe7e74d6e1e0e4f7d0db53eca42fc66ba30859ca4f0e0","root"
"Miscellaneous HM&E","","","","12","16.845","","","","","","","","","","","","","","","2020-BASE_PROCUREMENT-2020-NAVY_SHIPBUILDINGANDCOVERSION-U_PROCUREMENT_MasterJustificationBook_Navy_PB_2020.zzz_unzipped-U_PROCUREMENT_MasterJustificationBook_Navy_PB_2020.xml","e131c0f9c0cddd147c5f2a5af285d5a65223c9ab0a8e83cb610b0d4ae369c030","0-c9ed83dffdeab1b722b3885f7399ee19c4427f57ccf8d5c8b3635485b88245d3","12640-9609f00f5555b2955b30ca22ef1e3d7364e62d002ffe21ecde9ba9467ad758ff","root"
"New Cost Element","","","","","","","","","","","","","","","","","","","","2020-BASE_PROCUREMENT-2020-NAVY_SHIPBUILDINGANDCOVERSION-U_PROCUREMENT_MasterJustificationBook_Navy_PB_2020.zzz_unzipped-U_PROCUREMENT_MasterJustificationBook_Navy_PB_2020.xml","efc1666e92b1a7c9db52d60f4823a39c9c186ed7bec6f7afc713b302b46b22fc","0-76d7aa886fe2feeced556df63053b05ad3c01f272f85bf2fc81bd49c1720ee9f","12646-1f64b9fb33533eaf097b400a0b8e38c7d0d8bc1c0bd89ed36c0f594fd87d9a6f","root"
"HM&E Installation and testing","","18.828","30.435","19.374","19.12","19.502","19.892","18.592","","","","","","","","","","","","2020-BASE_PROCUREMENT-2020-NAVY_SHIPBUILDINGANDCOVERSION-U_PROCUREMENT_MasterJustificationBook_Navy_PB_2020.zzz_unzipped-U_PROCUREMENT_MasterJustificationBook_Navy_PB_2020.xml","6d2fd5af5b3d1649cd88586e00452843d436fea4cfb0f3c5af8f40c8bc8e1433","0-6a1220f0fb752531c3e51464de94cc5d49f49d8281be459e0dc626124df314a5","12648-ab5570dbc9911f234723555fe78353af8c1d1368c4cd569a91c38348bd8b6256","root"
"T&E","","9.18","23.784","9.446","9.322","9.508","14.084","9.06","","","","","","","","","","","","2020-BASE_PROCUREMENT-2020-NAVY_SHIPBUILDINGANDCOVERSION-U_PROCUREMENT_MasterJustificationBook_Navy_PB_2020.zzz_unzipped-U_PROCUREMENT_MasterJustificationBook_Navy_PB_2020.xml","6d2fd5af5b3d1649cd88586e00452843d436fea4cfb0f3c5af8f40c8bc8e1433","1-6c9c0fb76b29be99b5838333dcf12f92a99a3faaed4404ad5990d27299b365c2","12648-ab5570dbc9911f234723555fe78353af8c1d1368c4cd569a91c38348bd8b6256","root"
"SUPSHIP responsible material","","2.132","3.45","2.194","2.166","2.21","2.254","2.104","","","","","","","","","","","","2020-BASE_PROCUREMENT-2020-NAVY_SHIPBUILDINGANDCOVERSION-U_PROCUREMENT_MasterJustificationBook_Navy_PB_2020.zzz_unzipped-U_PROCUREMENT_MasterJustificationBook_Navy_PB_2020.xml","6d2fd5af5b3d1649cd88586e00452843d436fea4cfb0f3c5af8f40c8bc8e1433","2-31ab3fd55685ef325a92640404e9235782aca87d9b54e57744b8b0aa9175c098","12648-ab5570dbc9911f234723555fe78353af8c1d1368c4cd569a91c38348bd8b6256","root"
"New Cost Element","","","","","","","","","","","","","","","","","","","","2020-BASE_PROCUREMENT-2020-NAVY_SHIPBUILDINGANDCOVERSION-U_PROCUREMENT_MasterJustificationBook_Navy_PB_2020.zzz_unzipped-U_PROCUREMENT_MasterJustificationBook_Navy_PB_2020.xml","6d2fd5af5b3d1649cd88586e00452843d436fea4cfb0f3c5af8f40c8bc8e1433","3-273b8cbe05bbbd61a8bc7d01b020a4e564a1321b6ebafa41a22f2694e5056897","12648-ab5570dbc9911f234723555fe78353af8c1d1368c4cd569a91c38348bd8b6256","root"
"ENGINEERING, TEST & CERTIFICATION","","","69.081","60.57","","","","","","","","","","","","","","","","2020-BASE_PROCUREMENT-2020-NAVY_SHIPBUILDINGANDCOVERSION-U_PROCUREMENT_MasterJustificationBook_Navy_PB_2020.zzz_unzipped-U_PROCUREMENT_MasterJustificationBook_Navy_PB_2020.xml","53454ed154816f70057095a6ea7a42707220b000004458bda908b6e9eea36312","0-78a9a2f0039b90c2337eb84a6f1d8e7c09bac380b73a65f64cecc2dff70a49a0","12653-e4a0f85fb567b4e95344bba2c7218493fc865e936f3f0746c538f615cfd21db6","root"
"MISCELLANEOUS GOVERNMENT FURNISHED EQUIPMENT (GFE)","","","37.569","27.035","","","","","","","","","","","","","","","","2020-BASE_PROCUREMENT-2020-NAVY_SHIPBUILDINGANDCOVERSION-U_PROCUREMENT_MasterJustificationBook_Navy_PB_2020.zzz_unzipped-U_PROCUREMENT_MasterJustificationBook_Navy_PB_2020.xml","53454ed154816f70057095a6ea7a42707220b000004458bda908b6e9eea36312","1-1cb0861d7dfad364c9506c32aab44452b68d150d880f0e747fd69f023b37289b","12653-e4a0f85fb567b4e95344bba2c7218493fc865e936f3f0746c538f615cfd21db6","root"
"HM&E (NGVLA, Moriah Wind Measurement System (WMS), Aviation Integration)","","","","","","","","","12.446","","","","68.492","","","","","","","2020-BASE_PROCUREMENT-2020-NAVY_SHIPBUILDINGANDCOVERSION-U_PROCUREMENT_MasterJustificationBook_Navy_PB_2020.zzz_unzipped-U_PROCUREMENT_MasterJustificationBook_Navy_PB_2020.xml","fa505ec92f383fcc1ed15c617e66a7a22b7d4afe96a0183b867c4406bbfec040","0-12046e3a41fbc5e3b393564022e366a7d47bfe034ca9efcb6dfb9e0b71d952d3","12654-9b4df0b2d900954183ae91f4ae9c9a88307fa4cc5382942de5d328893a3ccdfd","root"
"MISSION SYSTEM ACTIVATION","","","","","","","","","16.39","","","","18.781","","","","","","","2020-BASE_PROCUREMENT-2020-NAVY_SHIPBUILDINGANDCOVERSION-U_PROCUREMENT_MasterJustificationBook_Navy_PB_2020.zzz_unzipped-U_PROCUREMENT_MasterJustificationBook_Navy_PB_2020.xml","fa505ec92f383fcc1ed15c617e66a7a22b7d4afe96a0183b867c4406bbfec040","1-8da545bc105cb5184af06bd4e5b377ff3cd691129dfc2979c16d1e9d673870c1","12654-9b4df0b2d900954183ae91f4ae9c9a88307fa4cc5382942de5d328893a3ccdfd","root"
"INTERIM SPARES","","","","","","","","","7.5","","","","35.818","","","","","","","2020-BASE_PROCUREMENT-2020-NAVY_SHIPBUILDINGANDCOVERSION-U_PROCUREMENT_MasterJustificationBook_Navy_PB_2020.zzz_unzipped-U_PROCUREMENT_MasterJustificationBook_Navy_PB_2020.xml","fa505ec92f383fcc1ed15c617e66a7a22b7d4afe96a0183b867c4406bbfec040","2-e618a8d99ea048665b427b68dfe4b751452036ec0ac2ac9c0a56b40e3760094d","12654-9b4df0b2d900954183ae91f4ae9c9a88307fa4cc5382942de5d328893a3ccdfd","root"
"MISC. HM&E","","41.715","46.167","52.038","43.368","44.367","45.262","","","","","","","2","2","3","3","3","2","2020-BASE_PROCUREMENT-2020-NAVY_SHIPBUILDINGANDCOVERSION-U_PROCUREMENT_MasterJustificationBook_Navy_PB_2020.zzz_unzipped-U_PROCUREMENT_MasterJustificationBook_Navy_PB_2020.xml","5f09bad83be8d9935dfb8fbbbac4473f946bb03e639a64a10be47789f49d0473","0-28a90fe0bba0e7ca36141a728a988a0099b0cdf27af66543fd268e2c831c509e","12655-747774cbdaaa137c5a2f95b6971a731121c129af5aabb154b9fc86281a391891","root"
"OTHER HM&E","","1.599","","1.626","1.656","1.696","1.76","","","","","","","","","","","","3","2020-BASE_PROCUREMENT-2020-NAVY_SHIPBUILDINGANDCOVERSION-U_PROCUREMENT_MasterJustificationBook_Navy_PB_2020.zzz_unzipped-U_PROCUREMENT_MasterJustificationBook_Navy_PB_2020.xml","aebdbec1d331d8cce6700e4da30a9b9bafcaa6b164c2778bde2d9687c6875bbf","0-ee8b7b705d3c15016a7bf170b8104f06f6637e4a57ef24ac7d8c614cdc16b8d7","12656-6f39636f3a34c8d00e813ef1c53ffb497ff364ebfceb0370c75c4ebeb51fed6a","root"
"Other HM&E","","","3.524","","","","","","","","","","","","","","1","","","2020-BASE_PROCUREMENT-2020-NAVY_SHIPBUILDINGANDCOVERSION-U_PROCUREMENT_MasterJustificationBook_Navy_PB_2020.zzz_unzipped-U_PROCUREMENT_MasterJustificationBook_Navy_PB_2020.xml","e8fe4dd5e0be95240e0d086c5a917adf6e4464ec266a3ea1db82e27107e162d0","0-78b242d99ed34ffd0adc6226443b7eb74324eb7560a6e99f5e4d4a71a1f97151","12657-9dba221a3ead02e98194d98c2e37d006e8d75418f51e6c5c703aa9370efe0bf2","root"
"Miscellaneous HM&E","","","","","","11.658","","","","","","","","","","","","","","2020-BASE_PROCUREMENT-2020-NAVY_SHIPBUILDINGANDCOVERSION-U_PROCUREMENT_MasterJustificationBook_Navy_PB_2020.zzz_unzipped-U_PROCUREMENT_MasterJustificationBook_Navy_PB_2020.xml","fede88ab6e4790d85bb219ffaa3eb2a124927ee5b9d8867aa75a8d6481dc6908","0-30c44b25d0be70130ab43b57d57e7108af6ef5783d5df9079065c88d33612baa","12658-ac94d5d19640ed290cff5ce909c4390d3ae5f08d633fc372fb7483874f3a3ee6","root"
