Title_val,Costs_TotalCost_PriorYearNine_val,Costs_TotalCost_PriorYearFour_val,Costs_TotalCost_BudgetYearOne_val,Costs_TotalCost_PriorYearThree_val,Costs_TotalCost_PriorYearTwo_val,Costs_TotalCost_PriorYear_val,Costs_TotalCost_CurrentYear_val,Costs_TotalCost_PriorYearFive_val,Costs_TotalCost_PriorYearTen_val,Costs_TotalCost_PriorYearEight_val,Costs_TotalCost_PriorYearEleven_val,Costs_TotalCost_PriorYearSix_val,Costs_TotalCost_PriorYearTwelve_val,Costs_Quantity_PriorYearTwo_val,Costs_Quantity_PriorYear_val,Costs_Quantity_CurrentYear_val,Costs_Quantity_BudgetYearOne_val,Costs_Quantity_PriorYearThree_val,Costs_Quantity_PriorYearFour_val,@SOURCE_FILENAME,@RECORDID,@ROWID,@PARENTROWID,@PARENT
"Other HM&E","2.143","2.38","2.627","","","","","","","","","","","","","","","","","2018-BASE_PROCUREMENT-2018-NAVY_SHIPBUILDINGANDCOVERSION-U_PROCUREMENT_JustificationBook_Navy_PB_2018.zzz_unzipped-U_PROCUREMENT_JustificationBook_Navy_PB_2018.xml","3bd3375f8dec12f579ffef5deeffb5939924e6b15ffeeee65c067abecc5c9d65","0-4c6ff7e4b2001933c2588b36ba70a3ebf22da319635ce81aabb959e49c2f78b9","9441-f66d8e0ba299d5c5a77373e09daddd7b19d54d6f219325bd00689f8fa419d01c","root"
"HM&E Installation and testing","","","19.502","18.592","18.828","19.374","19.12","","","","","","","","","","","","","2018-BASE_PROCUREMENT-2018-NAVY_SHIPBUILDINGANDCOVERSION-U_PROCUREMENT_JustificationBook_Navy_PB_2018.zzz_unzipped-U_PROCUREMENT_JustificationBook_Navy_PB_2018.xml","e65faa6577a08f2ddf29b7d5454a13aa910b941ba87ebd505eb81f9f400deed2","0-55996cd2b43cc6d29ab3f396ca1baba3a6f5c7d400c84bbae4628ffe2a7f48ef","9452-9715871007b3691b456eff1adfb2d4ac5002c5bbaaa206fa077084675e1a756d","root"
"T&E","","","9.508","9.06","9.18","9.446","9.322","","","","","","","","","","","","","2018-BASE_PROCUREMENT-2018-NAVY_SHIPBUILDINGANDCOVERSION-U_PROCUREMENT_JustificationBook_Navy_PB_2018.zzz_unzipped-U_PROCUREMENT_JustificationBook_Navy_PB_2018.xml","e65faa6577a08f2ddf29b7d5454a13aa910b941ba87ebd505eb81f9f400deed2","1-9451668516a19046f6b4765748333c6ceb5daa31e3ee718f744b0e50cde98be0","9452-9715871007b3691b456eff1adfb2d4ac5002c5bbaaa206fa077084675e1a756d","root"
"SUPSHIP responsible material","","","2.21","2.104","2.132","2.194","2.166","","","","","","","","","","","","","2018-BASE_PROCUREMENT-2018-NAVY_SHIPBUILDINGANDCOVERSION-U_PROCUREMENT_JustificationBook_Navy_PB_2018.zzz_unzipped-U_PROCUREMENT_JustificationBook_Navy_PB_2018.xml","e65faa6577a08f2ddf29b7d5454a13aa910b941ba87ebd505eb81f9f400deed2","2-161a6ff758fe050297c41553060f3386d73f710e5c7ff97e3a111b195ff9cee4","9452-9715871007b3691b456eff1adfb2d4ac5002c5bbaaa206fa077084675e1a756d","root"
"ENGINEERING, TEST & CERTIFICATIONS, MISC.","","","","","","58.835","","43.511","","","","","","","","","","","","2018-BASE_PROCUREMENT-2018-NAVY_SHIPBUILDINGANDCOVERSION-U_PROCUREMENT_JustificationBook_Navy_PB_2018.zzz_unzipped-U_PROCUREMENT_JustificationBook_Navy_PB_2018.xml","30f05fcd72a912823615127e43b2be8ca570156afc2855adfc6c02323fd91c7d","0-2b5b30d45bbf0a0cfbc7b8c8e2c90e8d6f9298ee854ee53d938232f2d8c59f52","9454-181989145bbed0efe10bd892f5b9210386b3700bf1939d934f36335df0a3fddf","root"
"HM&E (NGVLA, Moriah Wind Measurement System (WMS), Aviation Integration)","","","","","","","","","68.492","12.432","","","","","","","","","","2018-BASE_PROCUREMENT-2018-NAVY_SHIPBUILDINGANDCOVERSION-U_PROCUREMENT_JustificationBook_Navy_PB_2018.zzz_unzipped-U_PROCUREMENT_JustificationBook_Navy_PB_2018.xml","63a199acf2aec9803478e689b99e17d5ba8e6ed8eb7dfb080491db0b111af06e","0-5a6d9090f79ed91baeccc64926c89ce1106cf6d51c0d41f9e8cfcbe56e44612e","9455-00a71053a7497b690780ea96c8b2d74f9005928654e8326eeb7b397a1a090b8d","root"
"MISSION SYSTEM ACTIVATION","","","","","","","","","18.781","9.39","","","","","","","","","","2018-BASE_PROCUREMENT-2018-NAVY_SHIPBUILDINGANDCOVERSION-U_PROCUREMENT_JustificationBook_Navy_PB_2018.zzz_unzipped-U_PROCUREMENT_JustificationBook_Navy_PB_2018.xml","63a199acf2aec9803478e689b99e17d5ba8e6ed8eb7dfb080491db0b111af06e","1-c31e30280faf1b3c0d4ffd8c06ab2b9ffc54930cd5b7a49f838b1084d547499f","9455-00a71053a7497b690780ea96c8b2d74f9005928654e8326eeb7b397a1a090b8d","root"
"MISC. HM&E","","","44","","41.715","52.038","43.146","","","","","","","2","3","2","2","","","2018-BASE_PROCUREMENT-2018-NAVY_SHIPBUILDINGANDCOVERSION-U_PROCUREMENT_JustificationBook_Navy_PB_2018.zzz_unzipped-U_PROCUREMENT_JustificationBook_Navy_PB_2018.xml","341c09c4a37bc5105a93194374c2b71f3cdff23a738f04e5629acb1abd33932e","0-467411fe5dc73f445ca4decb25c5ac9d12afe27daba3840c84099bee30d87577","9456-aca9dc644a94f8910b244c1fa837d216dc424e1a505b0ce4c5d5630816be901f","root"
"OTHER HM&E","","","0.749","","1.599","1.626","1.134","","","","","","","3","","","","","","2018-BASE_PROCUREMENT-2018-NAVY_SHIPBUILDINGANDCOVERSION-U_PROCUREMENT_JustificationBook_Navy_PB_2018.zzz_unzipped-U_PROCUREMENT_JustificationBook_Navy_PB_2018.xml","b548d3bebc5c45d3822f00bfd12bbaf3401faadb58f2ede71a62e2af4a876487","0-670849da98822c35b1c8b9419c60b04788e45b791f521c58dc679bcd68f4ce16","9457-5ac3499a631926b41477162a27ffaccdfd79d92e1fb4ddd29c9f9dc1b4f73020","root"
"Miscellaneous HM&E","","","","","","12","","52.3","","","","","","","","","","","","2018-BASE_PROCUREMENT-2018-NAVY_SHIPBUILDINGANDCOVERSION-U_PROCUREMENT_JustificationBook_Navy_PB_2018.zzz_unzipped-U_PROCUREMENT_JustificationBook_Navy_PB_2018.xml","6c8db8380a911de3d70ef956f133867b9c0a3463851956b9d3521431df0e0e53","0-6742c84dc502f4fa7b0a2eb0aa4bdd474678338128d827b3bf6bfcaebbebfc4d","9458-ecd5e66eb1454cb7f7a13bbeefce5b084709dbbda52c2a7d6c186285f7a90476","root"
"Other HM&E","2.143","2.38","2.627","","","","","","","","","","","","","","","","","2018-BASE_PROCUREMENT-2018-NAVY_SHIPBUILDINGANDCOVERSION-U_PROCUREMENT_MasterJustificationBook_Navy_PB_2018.zzz_unzipped-U_PROCUREMENT_MasterJustificationBook_Navy_PB_2018.xml","1d7fe1ff3cd4bd81f1f8eadcb8986287a46fef38ba78ae80f3d311ff6e2885f3","0-3b0b0bb1128b85f507b8ee92f10891fcc3b707df07cada197f1b40ddfdef2eca","9462-5e740ea8f6c4e458fbe8f2d506322f7b2a79d1e7f81ab15aa2a4d93a26ae9aea","root"
"HM&E Installation and testing","","","19.502","18.592","18.828","19.374","19.12","","","","","","","","","","","","","2018-BASE_PROCUREMENT-2018-NAVY_SHIPBUILDINGANDCOVERSION-U_PROCUREMENT_MasterJustificationBook_Navy_PB_2018.zzz_unzipped-U_PROCUREMENT_MasterJustificationBook_Navy_PB_2018.xml","b9b3c2143c11a13c8f2c4f97143714796c97d937a9c0d0bc447e53de4a529dc3","0-d36f685d5e6025ad37d541579337d6de8b6b10ea99cf1bce6933b9c5a411eec6","9473-446ab1df8307bd6d296e43d2a430f2ec70b6be3b257d2ab07d6f00b6203a288c","root"
"T&E","","","9.508","9.06","9.18","9.446","9.322","","","","","","","","","","","","","2018-BASE_PROCUREMENT-2018-NAVY_SHIPBUILDINGANDCOVERSION-U_PROCUREMENT_MasterJustificationBook_Navy_PB_2018.zzz_unzipped-U_PROCUREMENT_MasterJustificationBook_Navy_PB_2018.xml","b9b3c2143c11a13c8f2c4f97143714796c97d937a9c0d0bc447e53de4a529dc3","1-19374c074fde4a6b260201acf38fcf97ba590b504affaaed58dcbcda41560762","9473-446ab1df8307bd6d296e43d2a430f2ec70b6be3b257d2ab07d6f00b6203a288c","root"
"SUPSHIP responsible material","","","2.21","2.104","2.132","2.194","2.166","","","","","","","","","","","","","2018-BASE_PROCUREMENT-2018-NAVY_SHIPBUILDINGANDCOVERSION-U_PROCUREMENT_MasterJustificationBook_Navy_PB_2018.zzz_unzipped-U_PROCUREMENT_MasterJustificationBook_Navy_PB_2018.xml","b9b3c2143c11a13c8f2c4f97143714796c97d937a9c0d0bc447e53de4a529dc3","2-0bad754d4824c47050fb3bfd48f0288451505daf728165a36ea29d483b6155a1","9473-446ab1df8307bd6d296e43d2a430f2ec70b6be3b257d2ab07d6f00b6203a288c","root"
"ENGINEERING, TEST & CERTIFICATIONS, MISC.","","","","","","58.835","","43.511","","","","","","","","","","","","2018-BASE_PROCUREMENT-2018-NAVY_SHIPBUILDINGANDCOVERSION-U_PROCUREMENT_MasterJustificationBook_Navy_PB_2018.zzz_unzipped-U_PROCUREMENT_MasterJustificationBook_Navy_PB_2018.xml","39e99632cac232ed4f791a16a1a3a350502b6d8437548761d869aa99726b1c18","0-d5b711e795a84f7238691944dc5884fc2431ed4f5568c4f85b1427b3a6a1d5cf","9475-4ddd234793396d57b7b4f3f99b96529a2db31fee3a00d471f254832ef356c057","root"
"HM&E (NGVLA, Moriah Wind Measurement System (WMS), Aviation Integration)","","","","","","","","","68.492","12.432","","","","","","","","","","2018-BASE_PROCUREMENT-2018-NAVY_SHIPBUILDINGANDCOVERSION-U_PROCUREMENT_MasterJustificationBook_Navy_PB_2018.zzz_unzipped-U_PROCUREMENT_MasterJustificationBook_Navy_PB_2018.xml","cfcd2affcafe58149df6900b5bafde44d10bbb1934842da11d594bb3c352ff90","0-5750d63ffc15e482e33353be29b943367374457db637309e91b052a2892eea37","9476-9cc0a75ec51ce33063224b770eae5f485a05ecf7fd1960be63b38860f0875e4d","root"
"MISSION SYSTEM ACTIVATION","","","","","","","","","18.781","9.39","","","","","","","","","","2018-BASE_PROCUREMENT-2018-NAVY_SHIPBUILDINGANDCOVERSION-U_PROCUREMENT_MasterJustificationBook_Navy_PB_2018.zzz_unzipped-U_PROCUREMENT_MasterJustificationBook_Navy_PB_2018.xml","cfcd2affcafe58149df6900b5bafde44d10bbb1934842da11d594bb3c352ff90","1-22b974d012b2c08b0c3c62046ea9d0428df1d0aacd3aecb83072d0264b1968e7","9476-9cc0a75ec51ce33063224b770eae5f485a05ecf7fd1960be63b38860f0875e4d","root"
"MISC. HM&E","","","44","","41.715","52.038","43.146","","","","","","","2","3","2","2","","","2018-BASE_PROCUREMENT-2018-NAVY_SHIPBUILDINGANDCOVERSION-U_PROCUREMENT_MasterJustificationBook_Navy_PB_2018.zzz_unzipped-U_PROCUREMENT_MasterJustificationBook_Navy_PB_2018.xml","e27de6ec9cb638c66ac0b656bccfc8f782bb401590861916fc6bffb8352b5cd2","0-207cde7da05ee71ae7ad2deca82c8095fcc0b008915c4e546438e84e0ea02ddc","9477-33313086f782ceaf1aba0ca18adb26c4b1e82380a1d1c7499d54e4ff2c1efd8f","root"
"OTHER HM&E","","","0.749","","1.599","1.626","1.134","","","","","","","3","","","","","","2018-BASE_PROCUREMENT-2018-NAVY_SHIPBUILDINGANDCOVERSION-U_PROCUREMENT_MasterJustificationBook_Navy_PB_2018.zzz_unzipped-U_PROCUREMENT_MasterJustificationBook_Navy_PB_2018.xml","119a8a234210e8d816f52b47d147d9422de1a8875a3a611fd7398a69bdc2b836","0-bd5aaae5d81787265596cf0fdbefed3082813a6533656782b3184c81b8360ea2","9478-f57608eab4bc8ab092b228a211f43d4f0c8863769d1120089d847d7e5c1553a7","root"
"Miscellaneous HM&E","","","","","","12","","52.3","","","","","","","","","","","","2018-BASE_PROCUREMENT-2018-NAVY_SHIPBUILDINGANDCOVERSION-U_PROCUREMENT_MasterJustificationBook_Navy_PB_2018.zzz_unzipped-U_PROCUREMENT_MasterJustificationBook_Navy_PB_2018.xml","b6836e8f5cae238b72477d06bd8275a4b5f6643ffb0fbad18a73c25cb2c9b2b2","0-c17abb5ab8d858b481c59ee55b8a74b2a4f383a87d188ed9ea8c22a6e3330076","9479-f724ff8ebb9d329aee6ef7faeb8cc29f8c89d11adcfbe6f721ffb48938a21905","root"
"Other HM&E","","","","","","","2.627","2.38","","","","","","","","","","","","2019-BASE_PROCUREMENT-2019-NAVY_SHIPBUILDINGANDCOVERSION-U_PROCUREMENT_JustificationBook_Navy_PB_2019.zzz_unzipped-U_PROCUREMENT_JustificationBook_Navy_PB_2019.xml","036eab869a099e08a81545eee0f4f7834f7c77ef6dd1087ed8062c6d5b68d43d","0-c17b762c285aea76d9eba7fd51d08cf41173617157b80ad89c01d0b625117b3a","11053-0c999c867a481c791454273ddda5e3ebafb0af72ed21d2a67dc3f87b65b77170","root"
"HM&E Installation and testing","","18.592","19.892","18.828","19.374","19.12","19.502","","","","","","","","","","","","","2019-BASE_PROCUREMENT-2019-NAVY_SHIPBUILDINGANDCOVERSION-U_PROCUREMENT_JustificationBook_Navy_PB_2019.zzz_unzipped-U_PROCUREMENT_JustificationBook_Navy_PB_2019.xml","26f7a9377367f4833fc97e7a760e9a2cc6323946d5bc9215f0843a3a55340edc","0-a595933ba7f46958c9d19d6dc275d8ed5ebabe1d50313d3f9340f4fff60f1e15","11064-316aacb3dddfcb5846eda70bd09a75b4ca843f9be89b5d499f778fb95be0c53a","root"
"T&E","","9.06","14.084","9.18","9.446","9.322","9.508","","","","","","","","","","","","","2019-BASE_PROCUREMENT-2019-NAVY_SHIPBUILDINGANDCOVERSION-U_PROCUREMENT_JustificationBook_Navy_PB_2019.zzz_unzipped-U_PROCUREMENT_JustificationBook_Navy_PB_2019.xml","26f7a9377367f4833fc97e7a760e9a2cc6323946d5bc9215f0843a3a55340edc","1-6eb1fb83a5cce4b85d6166803d6f9980bbc194c0a611db70d1df21247a58deda","11064-316aacb3dddfcb5846eda70bd09a75b4ca843f9be89b5d499f778fb95be0c53a","root"
"SUPSHIP responsible material","","2.104","2.254","2.132","2.194","2.166","2.21","","","","","","","","","","","","","2019-BASE_PROCUREMENT-2019-NAVY_SHIPBUILDINGANDCOVERSION-U_PROCUREMENT_JustificationBook_Navy_PB_2019.zzz_unzipped-U_PROCUREMENT_JustificationBook_Navy_PB_2019.xml","26f7a9377367f4833fc97e7a760e9a2cc6323946d5bc9215f0843a3a55340edc","2-fc205633a3277d9d77fd7d300977053c3aabd54b915f837be6e57a4ca3de3e33","11064-316aacb3dddfcb5846eda70bd09a75b4ca843f9be89b5d499f778fb95be0c53a","root"
"ENGINEERING, TEST & CERTIFICATION","","","","","55.883","","","","","","","","","","","","","","","2019-BASE_PROCUREMENT-2019-NAVY_SHIPBUILDINGANDCOVERSION-U_PROCUREMENT_JustificationBook_Navy_PB_2019.zzz_unzipped-U_PROCUREMENT_JustificationBook_Navy_PB_2019.xml","3f04422267f18278d5d6f04f107d65e4403280e1024fb698d2f8e9e46d266e01","0-b38b72f0228783e6e393c99ac847dc54a5df6a5f42292b7c908b080bb249d309","11066-bb41ea391c6e764654c74f6f0ca4996e4fb1605359e8500f90a2409e1fd54475","root"
"MISCELLANEOUS GOVERNMENT FURNISHED EQUIPMENT (GFE)","","","","","17.037","","","","","","","","","","","","","","","2019-BASE_PROCUREMENT-2019-NAVY_SHIPBUILDINGANDCOVERSION-U_PROCUREMENT_JustificationBook_Navy_PB_2019.zzz_unzipped-U_PROCUREMENT_JustificationBook_Navy_PB_2019.xml","3f04422267f18278d5d6f04f107d65e4403280e1024fb698d2f8e9e46d266e01","1-31ca6b357b2b7baaac76c543db3cdbe341dc684b9c38e124022978c96a7081de","11066-bb41ea391c6e764654c74f6f0ca4996e4fb1605359e8500f90a2409e1fd54475","root"
"HM&E (NGVLA, Moriah Wind Measurement System (WMS), Aviation Integration)","12.432","","","","","","","","","","68.492","","","","","","","","","2019-BASE_PROCUREMENT-2019-NAVY_SHIPBUILDINGANDCOVERSION-U_PROCUREMENT_JustificationBook_Navy_PB_2019.zzz_unzipped-U_PROCUREMENT_JustificationBook_Navy_PB_2019.xml","384bbcfb660b583b57aa41ac827b7a4f96349bc3d635569d38c5399e81cf111b","0-ed24dd4c43f4b05fbdaaeffb10668f0e1ee7e907aa49e2c326f752e404dc7f7b","11067-9e51d140fce522b6de030375fb2ffca46d7148f2ff83937f62600a9819412841","root"
"MISSION SYSTEM ACTIVATION","16.39","","","","","","","","","","18.781","","","","","","","","","2019-BASE_PROCUREMENT-2019-NAVY_SHIPBUILDINGANDCOVERSION-U_PROCUREMENT_JustificationBook_Navy_PB_2019.zzz_unzipped-U_PROCUREMENT_JustificationBook_Navy_PB_2019.xml","384bbcfb660b583b57aa41ac827b7a4f96349bc3d635569d38c5399e81cf111b","1-7aaff2de13b6425081cf5c1aceb3f8b0281d6c5d3cb751254fdc965fdcac5045","11067-9e51d140fce522b6de030375fb2ffca46d7148f2ff83937f62600a9819412841","root"
"INTERIM SPARES","","","","","","","","","","","44.8","","","","","","","","","2019-BASE_PROCUREMENT-2019-NAVY_SHIPBUILDINGANDCOVERSION-U_PROCUREMENT_JustificationBook_Navy_PB_2019.zzz_unzipped-U_PROCUREMENT_JustificationBook_Navy_PB_2019.xml","384bbcfb660b583b57aa41ac827b7a4f96349bc3d635569d38c5399e81cf111b","2-f2ccb9c60a935cc61acd9219345647b355135f3a3efceabed3785d068ba49f6c","11067-9e51d140fce522b6de030375fb2ffca46d7148f2ff83937f62600a9819412841","root"
"MISC. HM&E","","","55.123","41.715","52.038","43.368","44","","","","","","","3","2","2","3","2","","2019-BASE_PROCUREMENT-2019-NAVY_SHIPBUILDINGANDCOVERSION-U_PROCUREMENT_JustificationBook_Navy_PB_2019.zzz_unzipped-U_PROCUREMENT_JustificationBook_Navy_PB_2019.xml","a1a47c8635cef5e8f1226c963ba3faf740a9814b8e16b8e7235117ff98b853fd","0-993e16263d2e30a19cca1c5551493877db3aa84be9ffa324adbdb1fa2bef9d01","11068-262b05461ea03c701eeaf6c67f5fe5bef07ba0429410ebf04c591583b4d70fd5","root"
"OTHER HM&E","","","0.762","1.599","1.626","1.656","1.153","","","","","","","","","","","3","","2019-BASE_PROCUREMENT-2019-NAVY_SHIPBUILDINGANDCOVERSION-U_PROCUREMENT_JustificationBook_Navy_PB_2019.zzz_unzipped-U_PROCUREMENT_JustificationBook_Navy_PB_2019.xml","5152a3e67c89abc2820925748b17a30f7c8ff664b180b65af516e145f35dcb0b","0-3858012d935c22dcde85e5675389b416b6f9717e5c0ce84c613f0adb53208182","11069-2e8ed4e41316ea61379a6434846bebc0c24d696dfa94a28d43c0ab6cde3afaad","root"
"Miscellaneous HM&E","","","","","12","11.551","","","","","","","","","","","","","","2019-BASE_PROCUREMENT-2019-NAVY_SHIPBUILDINGANDCOVERSION-U_PROCUREMENT_JustificationBook_Navy_PB_2019.zzz_unzipped-U_PROCUREMENT_JustificationBook_Navy_PB_2019.xml","169bc358bca4dfb8acf7b7efe08e701c479c593f5473f0f5b4ee6d1c0ad679db","0-880257855cc45701a415960f15c1a60bf0f91207858fcdb4116e83a2270eb447","11070-aff3b57d1f86024e412bde68f6c6b0f2c3b8ce9aa492f3be4c9c8f4648085e06","root"
"Other HM&E","","","","","","","2.627","2.38","","","","","","","","","","","","2019-BASE_PROCUREMENT-2019-NAVY_SHIPBUILDINGANDCOVERSION-U_PROCUREMENT_MasterJustificationBook_Navy_PB_2019.zzz_unzipped-U_PROCUREMENT_MasterJustificationBook_Navy_PB_2019.xml","a9fbe5c21ca9d712d778740a9c71a88aeca9364f2ca88ca90b8d87825b9fbafd","0-4806bfe5d8f3472ec4897254225dd7ae60b3ebdd098f569f8a53f5025498ca76","11074-f09910203123b42f48a9c4bc407185aafcb940d84c9ce7d0ab693fdbe4507e91","root"
"HM&E Installation and testing","","18.592","19.892","18.828","19.374","19.12","19.502","","","","","","","","","","","","","2019-BASE_PROCUREMENT-2019-NAVY_SHIPBUILDINGANDCOVERSION-U_PROCUREMENT_MasterJustificationBook_Navy_PB_2019.zzz_unzipped-U_PROCUREMENT_MasterJustificationBook_Navy_PB_2019.xml","cbe29039c7026c484c7be93d8dffc73f479957edddb0229a6b7ae1188f188bcd","0-2635cba9be4da7b8fd52bdd4b7641ff6b915db208ae3b547bc546f5ba0be8c70","11085-c6494a25e7fdd6d980a749c50bf0a0103f2ed48a2c1f5c96b896396529bc39d7","root"
"T&E","","9.06","14.084","9.18","9.446","9.322","9.508","","","","","","","","","","","","","2019-BASE_PROCUREMENT-2019-NAVY_SHIPBUILDINGANDCOVERSION-U_PROCUREMENT_MasterJustificationBook_Navy_PB_2019.zzz_unzipped-U_PROCUREMENT_MasterJustificationBook_Navy_PB_2019.xml","cbe29039c7026c484c7be93d8dffc73f479957edddb0229a6b7ae1188f188bcd","1-3ffc51a5bdcfa0122217715c1cdbffa20d977a5ae01f1d2d52bee4b6dce27037","11085-c6494a25e7fdd6d980a749c50bf0a0103f2ed48a2c1f5c96b896396529bc39d7","root"
"SUPSHIP responsible material","","2.104","2.254","2.132","2.194","2.166","2.21","","","","","","","","","","","","","2019-BASE_PROCUREMENT-2019-NAVY_SHIPBUILDINGANDCOVERSION-U_PROCUREMENT_MasterJustificationBook_Navy_PB_2019.zzz_unzipped-U_PROCUREMENT_MasterJustificationBook_Navy_PB_2019.xml","cbe29039c7026c484c7be93d8dffc73f479957edddb0229a6b7ae1188f188bcd","2-44c26c6ab4ae284609b6807bc26aa0465d2de8165b1febf34413cb28bca197d7","11085-c6494a25e7fdd6d980a749c50bf0a0103f2ed48a2c1f5c96b896396529bc39d7","root"
"ENGINEERING, TEST & CERTIFICATION","","","","","55.883","","","","","","","","","","","","","","","2019-BASE_PROCUREMENT-2019-NAVY_SHIPBUILDINGANDCOVERSION-U_PROCUREMENT_MasterJustificationBook_Navy_PB_2019.zzz_unzipped-U_PROCUREMENT_MasterJustificationBook_Navy_PB_2019.xml","8e712934068abd23958514556a25c137e290832dbeb92748a5baadb930834b13","0-985027d243b6430b1118a9009f3ca8e44f4983d6093bdc31fd6a48adfa508aa5","11087-147c38bf19deefd1a5e1d7aebb723b097a36140d87922bc2ec82f3ba65c415e7","root"
"MISCELLANEOUS GOVERNMENT FURNISHED EQUIPMENT (GFE)","","","","","17.037","","","","","","","","","","","","","","","2019-BASE_PROCUREMENT-2019-NAVY_SHIPBUILDINGANDCOVERSION-U_PROCUREMENT_MasterJustificationBook_Navy_PB_2019.zzz_unzipped-U_PROCUREMENT_MasterJustificationBook_Navy_PB_2019.xml","8e712934068abd23958514556a25c137e290832dbeb92748a5baadb930834b13","1-9d55293259ad900175217807b555afe1f8a64130207b23c006f04082bf699e93","11087-147c38bf19deefd1a5e1d7aebb723b097a36140d87922bc2ec82f3ba65c415e7","root"
"HM&E (NGVLA, Moriah Wind Measurement System (WMS), Aviation Integration)","12.432","","","","","","","","","","68.492","","","","","","","","","2019-BASE_PROCUREMENT-2019-NAVY_SHIPBUILDINGANDCOVERSION-U_PROCUREMENT_MasterJustificationBook_Navy_PB_2019.zzz_unzipped-U_PROCUREMENT_MasterJustificationBook_Navy_PB_2019.xml","eb65c52dd93ce16c20d00a7266f3d388040779562cbb7747c2c0d892437bc207","0-4b6ba45cf3e31c988cafa40d89587061fca2e992616b885873712c776e31a4b6","11088-b95d8d878fda9e656a0e452e0eb313ca79960d7ffa1ebbfde5ebd4e93d1d2ace","root"
"MISSION SYSTEM ACTIVATION","16.39","","","","","","","","","","18.781","","","","","","","","","2019-BASE_PROCUREMENT-2019-NAVY_SHIPBUILDINGANDCOVERSION-U_PROCUREMENT_MasterJustificationBook_Navy_PB_2019.zzz_unzipped-U_PROCUREMENT_MasterJustificationBook_Navy_PB_2019.xml","eb65c52dd93ce16c20d00a7266f3d388040779562cbb7747c2c0d892437bc207","1-0cd6f647a516a514e6cf24518ccaa0f98839660c45bf3c89ad109aab9dcb59ad","11088-b95d8d878fda9e656a0e452e0eb313ca79960d7ffa1ebbfde5ebd4e93d1d2ace","root"
"INTERIM SPARES","","","","","","","","","","","44.8","","","","","","","","","2019-BASE_PROCUREMENT-2019-NAVY_SHIPBUILDINGANDCOVERSION-U_PROCUREMENT_MasterJustificationBook_Navy_PB_2019.zzz_unzipped-U_PROCUREMENT_MasterJustificationBook_Navy_PB_2019.xml","eb65c52dd93ce16c20d00a7266f3d388040779562cbb7747c2c0d892437bc207","2-fabb1b29981e0a14a06655e1d51e70eefcb4135a1f98b81f1329e18e9281b591","11088-b95d8d878fda9e656a0e452e0eb313ca79960d7ffa1ebbfde5ebd4e93d1d2ace","root"
"MISC. HM&E","","","55.123","41.715","52.038","43.368","44","","","","","","","3","2","2","3","2","","2019-BASE_PROCUREMENT-2019-NAVY_SHIPBUILDINGANDCOVERSION-U_PROCUREMENT_MasterJustificationBook_Navy_PB_2019.zzz_unzipped-U_PROCUREMENT_MasterJustificationBook_Navy_PB_2019.xml","7ccb09e5aa0dcd2ff656bb6257f40762290470295a3462fc198202ddc187b82f","0-4b3105f901768cd5af80a51e3dad7170c1d4145fb437dc69c18ba05bc74e6e91","11089-deb6365b6a2e717a23075ed75f9ab35213c130fa2278e8d1d57458f5ec73d58a","root"
"OTHER HM&E","","","0.762","1.599","1.626","1.656","1.153","","","","","","","","","","","3","","2019-BASE_PROCUREMENT-2019-NAVY_SHIPBUILDINGANDCOVERSION-U_PROCUREMENT_MasterJustificationBook_Navy_PB_2019.zzz_unzipped-U_PROCUREMENT_MasterJustificationBook_Navy_PB_2019.xml","8d346b790189bfc9a641dace4de6f22c2edf1c141b63425557194b004b65ee77","0-2647f9e314eddf5ea626cb4ee1842b308fc6f7aa094f1edb6f14c3b63c1d601d","11090-5ece1fd1bd26072f8264fbf1bbcd053f78fc1e781a5769ede64afeba94582848","root"
"Miscellaneous HM&E","","","","","12","11.551","","","","","","","","","","","","","","2019-BASE_PROCUREMENT-2019-NAVY_SHIPBUILDINGANDCOVERSION-U_PROCUREMENT_MasterJustificationBook_Navy_PB_2019.zzz_unzipped-U_PROCUREMENT_MasterJustificationBook_Navy_PB_2019.xml","14191acf83148e2c874d70c0ea032878d423d04892e841aeca18c4529a27d12b","0-2f2852a78877ad81f9072a8fc59783303f7f46d9d6a415d7eb72e375b78238fe","11091-fea2c80138ee85820eb55dbce5ab039115684e1132b544e04a1bbd0ee363323c","root"
"Other HM&E","","","2.61","","","2.627","","","","","","1.979","","","","","","","","2020-BASE_PROCUREMENT-2020-NAVY_SHIPBUILDINGANDCOVERSION-U_PROCUREMENT_JustificationBook_Navy_PB_2020.zzz_unzipped-U_PROCUREMENT_JustificationBook_Navy_PB_2020.xml","32504ad2a7e688527244f05aaddd99f674ca8968fcba75209474740d4df46dfa","0-3bf60efffda943a0e5c35ab1cfc749c1329f5faee81fb73b6817411d778757f8","12613-afffd3e516e93ffde09e465904cbe23d57a1c1cc33bfa01b23fea7d992f8de0d","root"
"Miscellaneous HM&E","","","","12","16.845","","","","","","","","","","","","","","","2020-BASE_PROCUREMENT-2020-NAVY_SHIPBUILDINGANDCOVERSION-U_PROCUREMENT_JustificationBook_Navy_PB_2020.zzz_unzipped-U_PROCUREMENT_JustificationBook_Navy_PB_2020.xml","61c75f4854ca92250e7faa2931112113ac0649a293e0256c0de12704ee4d411a","0-c18731f17fc8999182a09b465f65ed2f2e99ce5006e8f7fe418a90f276e59989","12616-1c961421801a6f8e829c3df93a5aa14dc590ed201676cd9ee2f4d014ee14fdf2","root"
"New Cost Element","","","","","","","","","","","","","","","","","","","","2020-BASE_PROCUREMENT-2020-NAVY_SHIPBUILDINGANDCOVERSION-U_PROCUREMENT_JustificationBook_Navy_PB_2020.zzz_unzipped-U_PROCUREMENT_JustificationBook_Navy_PB_2020.xml","8f11c0df58647bc1675fc6acea9a510c1316d5d8117f271e97d982d6e4a6e7e3","0-496af1294aebe3dccc006d6ca6f34dc675b499704c131c57e65db1b2905cddb5","12622-6681981f6b5e504f913d5314452f21d537d93994126e040803879a25e2b2a851","root"
"HM&E Installation and testing","","18.828","30.435","19.374","19.12","19.502","19.892","18.592","","","","","","","","","","","","2020-BASE_PROCUREMENT-2020-NAVY_SHIPBUILDINGANDCOVERSION-U_PROCUREMENT_JustificationBook_Navy_PB_2020.zzz_unzipped-U_PROCUREMENT_JustificationBook_Navy_PB_2020.xml","cc662e74a7de7213dcbbea2bd4856f29d0eced5cfd2f89546251c34f13f65079","0-3c306d5f49c5a16d99da0fde46555957f43f12de0821d499be33d3658cb7a2d9","12624-bdf00823ecca149ab9590ad336e7f91f62ac62355080dc0c8a98d4acaaa3208a","root"
"T&E","","9.18","23.784","9.446","9.322","9.508","14.084","9.06","","","","","","","","","","","","2020-BASE_PROCUREMENT-2020-NAVY_SHIPBUILDINGANDCOVERSION-U_PROCUREMENT_JustificationBook_Navy_PB_2020.zzz_unzipped-U_PROCUREMENT_JustificationBook_Navy_PB_2020.xml","cc662e74a7de7213dcbbea2bd4856f29d0eced5cfd2f89546251c34f13f65079","1-7ce046de2422d9a71a3beffb9923735d31b98f161b38cf1bff05a9650ccc7915","12624-bdf00823ecca149ab9590ad336e7f91f62ac62355080dc0c8a98d4acaaa3208a","root"
"SUPSHIP responsible material","","2.132","3.45","2.194","2.166","2.21","2.254","2.104","","","","","","","","","","","","2020-BASE_PROCUREMENT-2020-NAVY_SHIPBUILDINGANDCOVERSION-U_PROCUREMENT_JustificationBook_Navy_PB_2020.zzz_unzipped-U_PROCUREMENT_JustificationBook_Navy_PB_2020.xml","cc662e74a7de7213dcbbea2bd4856f29d0eced5cfd2f89546251c34f13f65079","2-e3d238c977e796cf401ba02acfdfeff18e5613bd5a045944dabbc44efabe8691","12624-bdf00823ecca149ab9590ad336e7f91f62ac62355080dc0c8a98d4acaaa3208a","root"
"New Cost Element","","","","","","","","","","","","","","","","","","","","2020-BASE_PROCUREMENT-2020-NAVY_SHIPBUILDINGANDCOVERSION-U_PROCUREMENT_JustificationBook_Navy_PB_2020.zzz_unzipped-U_PROCUREMENT_JustificationBook_Navy_PB_2020.xml","cc662e74a7de7213dcbbea2bd4856f29d0eced5cfd2f89546251c34f13f65079","3-d49508a9139e424abd9777eafed0234c3ac3b559f7fa16f13244b8ec1f22d2f5","12624-bdf00823ecca149ab9590ad336e7f91f62ac62355080dc0c8a98d4acaaa3208a","root"
"ENGINEERING, TEST & CERTIFICATION","","","69.081","60.57","","","","","","","","","","","","","","","","2020-BASE_PROCUREMENT-2020-NAVY_SHIPBUILDINGANDCOVERSION-U_PROCUREMENT_JustificationBook_Navy_PB_2020.zzz_unzipped-U_PROCUREMENT_JustificationBook_Navy_PB_2020.xml","79df57bc99fb77f6f94f2d8202847567fc765bce66445ff4e4e663760799e6e1","0-cf8f203c4aca7313bdcc91e17b9542abbae85f4fd8f2f0250cb2ec051721f2f7","12629-d437af89ac6f8c25d6ecfbc801e604d501d529c12bd1dc366b891543f0e95692","root"
"MISCELLANEOUS GOVERNMENT FURNISHED EQUIPMENT (GFE)","","","37.569","27.035","","","","","","","","","","","","","","","","2020-BASE_PROCUREMENT-2020-NAVY_SHIPBUILDINGANDCOVERSION-U_PROCUREMENT_JustificationBook_Navy_PB_2020.zzz_unzipped-U_PROCUREMENT_JustificationBook_Navy_PB_2020.xml","79df57bc99fb77f6f94f2d8202847567fc765bce66445ff4e4e663760799e6e1","1-a83c325ca3c6f2acd24abbb1f778f630047b89bcd6fc38ed65248631c5e38417","12629-d437af89ac6f8c25d6ecfbc801e604d501d529c12bd1dc366b891543f0e95692","root"
"HM&E (NGVLA, Moriah Wind Measurement System (WMS), Aviation Integration)","","","","","","","","","12.446","","","","68.492","","","","","","","2020-BASE_PROCUREMENT-2020-NAVY_SHIPBUILDINGANDCOVERSION-U_PROCUREMENT_JustificationBook_Navy_PB_2020.zzz_unzipped-U_PROCUREMENT_JustificationBook_Navy_PB_2020.xml","8644d6cf0ff072d3154c0109223402de2d9d8f52cc878b156fc73009c9601119","0-26017a7af55baeecd57cb3e9c9f9cb373478a4ed838a5d2d4232e1286fa5afa4","12630-9354439ebb2ec647296aa4fc5eb5e04aa7b2df5161cde450e2ba90c91a8ab6f8","root"
"MISSION SYSTEM ACTIVATION","","","","","","","","","16.39","","","","18.781","","","","","","","2020-BASE_PROCUREMENT-2020-NAVY_SHIPBUILDINGANDCOVERSION-U_PROCUREMENT_JustificationBook_Navy_PB_2020.zzz_unzipped-U_PROCUREMENT_JustificationBook_Navy_PB_2020.xml","8644d6cf0ff072d3154c0109223402de2d9d8f52cc878b156fc73009c9601119","1-02eff9e527dba19e501e71658db8fc917095a9987d3ecfe3ac289ed3b7711d4a","12630-9354439ebb2ec647296aa4fc5eb5e04aa7b2df5161cde450e2ba90c91a8ab6f8","root"
"INTERIM SPARES","","","","","","","","","7.5","","","","35.818","","","","","","","2020-BASE_PROCUREMENT-2020-NAVY_SHIPBUILDINGANDCOVERSION-U_PROCUREMENT_JustificationBook_Navy_PB_2020.zzz_unzipped-U_PROCUREMENT_JustificationBook_Navy_PB_2020.xml","8644d6cf0ff072d3154c0109223402de2d9d8f52cc878b156fc73009c9601119","2-22c77efdf77cc671843946a1485cf7fcb10ecf4d811f2abd9f8695fa294479ef","12630-9354439ebb2ec647296aa4fc5eb5e04aa7b2df5161cde450e2ba90c91a8ab6f8","root"
"MISC. HM&E","","41.715","46.167","52.038","43.368","44.367","45.262","","","","","","","2","2","3","3","3","2","2020-BASE_PROCUREMENT-2020-NAVY_SHIPBUILDINGANDCOVERSION-U_PROCUREMENT_JustificationBook_Navy_PB_2020.zzz_unzipped-U_PROCUREMENT_JustificationBook_Navy_PB_2020.xml","f88449ebd51dedd31a2638fdba5e14252aa210ecf7ac5ea8d1c24b9a55389b12","0-b4a21ee93ae98db6ffaabc39badd40b31fb9c896b9492b281ee356d940cee76f","12631-5325f347505873649a7634a337fc8f05321d991aad48a73f5db7a04583107a99","root"
"OTHER HM&E","","1.599","","1.626","1.656","1.696","1.76","","","","","","","","","","","","3","2020-BASE_PROCUREMENT-2020-NAVY_SHIPBUILDINGANDCOVERSION-U_PROCUREMENT_JustificationBook_Navy_PB_2020.zzz_unzipped-U_PROCUREMENT_JustificationBook_Navy_PB_2020.xml","3a50af76787ade8e6e39ac7fb379b076ab9a8df59659f988b8b17ea8a6e28f09","0-dc3c1d8e9f397aee013469924390fb605e6de2de3088d358dad7aa3ae07bcce1","12632-3b4b56a7dfdce55263027e35b8f5a4ff7c5473e9f260530c58ee863bf385c73e","root"
"Other HM&E","","","3.524","","","","","","","","","","","","","","1","","","2020-BASE_PROCUREMENT-2020-NAVY_SHIPBUILDINGANDCOVERSION-U_PROCUREMENT_JustificationBook_Navy_PB_2020.zzz_unzipped-U_PROCUREMENT_JustificationBook_Navy_PB_2020.xml","c28c27813a2cf7ded6b86fcbf9224130d193279ad60a95d269b6367bacde8fe9","0-d9079787b2c85e2cd88a92f531b6b19f94106ecbc133ed87aa2d6ecec23b4622","12633-dc4dccb7e8320aa27c1c6938b0ffc06eee23e792658ae5097060d131cdfb938c","root"
"Miscellaneous HM&E","","","","","","11.658","","","","","","","","","","","","","","2020-BASE_PROCUREMENT-2020-NAVY_SHIPBUILDINGANDCOVERSION-U_PROCUREMENT_JustificationBook_Navy_PB_2020.zzz_unzipped-U_PROCUREMENT_JustificationBook_Navy_PB_2020.xml","9c168386c667ef3d36f81563d2d4cc8667e0a613f9f857e619b298d98031ffd5","0-bfd6775a02aa8ab40f16cdd50b00e3864b5568bae3ef1c826c3a68dacf369d71","12634-55242a70b0c3c9d8922004f43514e0d950b6476e7aeb406d35b5dc9ab9a5a265","root"
"Other HM&E","","","2.61","","","2.627","","","","","","1.979","","","","","","","","2020-BASE_PROCUREMENT-2020-NAVY_SHIPBUILDINGANDCOVERSION-U_PROCUREMENT_MasterJustificationBook_Navy_PB_2020.zzz_unzipped-U_PROCUREMENT_MasterJustificationBook_Navy_PB_2020.xml","d143fe01a081a0f255f6aad559f7bd427f9f1cc2ecd779a7e68acdbdf10f5453","0-8b27f2f397fb6ae332249478a92af2559f8a897f40705a73fbdd33a1481fa73d","12637-89dfaeacdda9bdd78ce1b5722e5a6c259b7692a81e370234ba4a1e949ef434d2","root"
"Miscellaneous HM&E","","","","12","16.845","","","","","","","","","","","","","","","2020-BASE_PROCUREMENT-2020-NAVY_SHIPBUILDINGANDCOVERSION-U_PROCUREMENT_MasterJustificationBook_Navy_PB_2020.zzz_unzipped-U_PROCUREMENT_MasterJustificationBook_Navy_PB_2020.xml","e131c0f9c0cddd147c5f2a5af285d5a65223c9ab0a8e83cb610b0d4ae369c030","0-02bb21fc711fc25f9c1b71e9e2dfba81d1e551db2ce67b814bd9d459436cbc1b","12640-6e06b28db9df819259c00f2324753469d7aa919052ee9eeffda7ccf8bb25a906","root"
"New Cost Element","","","","","","","","","","","","","","","","","","","","2020-BASE_PROCUREMENT-2020-NAVY_SHIPBUILDINGANDCOVERSION-U_PROCUREMENT_MasterJustificationBook_Navy_PB_2020.zzz_unzipped-U_PROCUREMENT_MasterJustificationBook_Navy_PB_2020.xml","efc1666e92b1a7c9db52d60f4823a39c9c186ed7bec6f7afc713b302b46b22fc","0-1d87852fec586c098595a82d213d2b0bef8f614522237ab9913708be9a37fca8","12646-03850bb36828fdcc6ff3e0441b8905394384d80513355888088e856802d199d4","root"
"HM&E Installation and testing","","18.828","30.435","19.374","19.12","19.502","19.892","18.592","","","","","","","","","","","","2020-BASE_PROCUREMENT-2020-NAVY_SHIPBUILDINGANDCOVERSION-U_PROCUREMENT_MasterJustificationBook_Navy_PB_2020.zzz_unzipped-U_PROCUREMENT_MasterJustificationBook_Navy_PB_2020.xml","6d2fd5af5b3d1649cd88586e00452843d436fea4cfb0f3c5af8f40c8bc8e1433","0-68f07c8d82802609dc034586318ae4fceef730c048f7fc0deffe6f54d0e2a752","12648-1fc3c0d5ea929ac039ce0a6093501b1ee58111e6231a7b6607c5795d9977148d","root"
"T&E","","9.18","23.784","9.446","9.322","9.508","14.084","9.06","","","","","","","","","","","","2020-BASE_PROCUREMENT-2020-NAVY_SHIPBUILDINGANDCOVERSION-U_PROCUREMENT_MasterJustificationBook_Navy_PB_2020.zzz_unzipped-U_PROCUREMENT_MasterJustificationBook_Navy_PB_2020.xml","6d2fd5af5b3d1649cd88586e00452843d436fea4cfb0f3c5af8f40c8bc8e1433","1-35250ff5e2935e5e14d20efd5a87997070561749459e45b8ebbc6e2378e3acec","12648-1fc3c0d5ea929ac039ce0a6093501b1ee58111e6231a7b6607c5795d9977148d","root"
"SUPSHIP responsible material","","2.132","3.45","2.194","2.166","2.21","2.254","2.104","","","","","","","","","","","","2020-BASE_PROCUREMENT-2020-NAVY_SHIPBUILDINGANDCOVERSION-U_PROCUREMENT_MasterJustificationBook_Navy_PB_2020.zzz_unzipped-U_PROCUREMENT_MasterJustificationBook_Navy_PB_2020.xml","6d2fd5af5b3d1649cd88586e00452843d436fea4cfb0f3c5af8f40c8bc8e1433","2-d76cd6df30cbf6e8a31ce414cd8b59bdc6c4ff625d53339d0d9b3b9d904dadea","12648-1fc3c0d5ea929ac039ce0a6093501b1ee58111e6231a7b6607c5795d9977148d","root"
"New Cost Element","","","","","","","","","","","","","","","","","","","","2020-BASE_PROCUREMENT-2020-NAVY_SHIPBUILDINGANDCOVERSION-U_PROCUREMENT_MasterJustificationBook_Navy_PB_2020.zzz_unzipped-U_PROCUREMENT_MasterJustificationBook_Navy_PB_2020.xml","6d2fd5af5b3d1649cd88586e00452843d436fea4cfb0f3c5af8f40c8bc8e1433","3-924b4b89b680771318c758bde3907a164277c192d2b2a65493ea2a2ee6d286bd","12648-1fc3c0d5ea929ac039ce0a6093501b1ee58111e6231a7b6607c5795d9977148d","root"
"ENGINEERING, TEST & CERTIFICATION","","","69.081","60.57","","","","","","","","","","","","","","","","2020-BASE_PROCUREMENT-2020-NAVY_SHIPBUILDINGANDCOVERSION-U_PROCUREMENT_MasterJustificationBook_Navy_PB_2020.zzz_unzipped-U_PROCUREMENT_MasterJustificationBook_Navy_PB_2020.xml","53454ed154816f70057095a6ea7a42707220b000004458bda908b6e9eea36312","0-3f29777b6d7f67236e779ca474153fdfbb5883ef00d078ed97b73651039e1235","12653-c209b317233a74bbbce27f175cbaee75c8150d838709f9c517e40b0c8b6704cb","root"
"MISCELLANEOUS GOVERNMENT FURNISHED EQUIPMENT (GFE)","","","37.569","27.035","","","","","","","","","","","","","","","","2020-BASE_PROCUREMENT-2020-NAVY_SHIPBUILDINGANDCOVERSION-U_PROCUREMENT_MasterJustificationBook_Navy_PB_2020.zzz_unzipped-U_PROCUREMENT_MasterJustificationBook_Navy_PB_2020.xml","53454ed154816f70057095a6ea7a42707220b000004458bda908b6e9eea36312","1-ea649c4e47cc9c3225cc921960b2412ffdcfc30d3c3b050321c5743ff227be8b","12653-c209b317233a74bbbce27f175cbaee75c8150d838709f9c517e40b0c8b6704cb","root"
"HM&E (NGVLA, Moriah Wind Measurement System (WMS), Aviation Integration)","","","","","","","","","12.446","","","","68.492","","","","","","","2020-BASE_PROCUREMENT-2020-NAVY_SHIPBUILDINGANDCOVERSION-U_PROCUREMENT_MasterJustificationBook_Navy_PB_2020.zzz_unzipped-U_PROCUREMENT_MasterJustificationBook_Navy_PB_2020.xml","fa505ec92f383fcc1ed15c617e66a7a22b7d4afe96a0183b867c4406bbfec040","0-6bd20607a421c3a8823633089abc0806feaafd73cba5ca98292bdcfd6e5f86a2","12654-8190ae3fc97982f7b4a98c560cf84d0034b507516a96aa4a1b74cabc53f7ee0d","root"
"MISSION SYSTEM ACTIVATION","","","","","","","","","16.39","","","","18.781","","","","","","","2020-BASE_PROCUREMENT-2020-NAVY_SHIPBUILDINGANDCOVERSION-U_PROCUREMENT_MasterJustificationBook_Navy_PB_2020.zzz_unzipped-U_PROCUREMENT_MasterJustificationBook_Navy_PB_2020.xml","fa505ec92f383fcc1ed15c617e66a7a22b7d4afe96a0183b867c4406bbfec040","1-cdb604c4d998b9de08b6f2fa8f1ce63b213d8eb23ed533a5fc594e256742099d","12654-8190ae3fc97982f7b4a98c560cf84d0034b507516a96aa4a1b74cabc53f7ee0d","root"
"INTERIM SPARES","","","","","","","","","7.5","","","","35.818","","","","","","","2020-BASE_PROCUREMENT-2020-NAVY_SHIPBUILDINGANDCOVERSION-U_PROCUREMENT_MasterJustificationBook_Navy_PB_2020.zzz_unzipped-U_PROCUREMENT_MasterJustificationBook_Navy_PB_2020.xml","fa505ec92f383fcc1ed15c617e66a7a22b7d4afe96a0183b867c4406bbfec040","2-b6c64715940696eb23b9a843cc200c2e121ed82b4b44a9e842640dffc1c69719","12654-8190ae3fc97982f7b4a98c560cf84d0034b507516a96aa4a1b74cabc53f7ee0d","root"
"MISC. HM&E","","41.715","46.167","52.038","43.368","44.367","45.262","","","","","","","2","2","3","3","3","2","2020-BASE_PROCUREMENT-2020-NAVY_SHIPBUILDINGANDCOVERSION-U_PROCUREMENT_MasterJustificationBook_Navy_PB_2020.zzz_unzipped-U_PROCUREMENT_MasterJustificationBook_Navy_PB_2020.xml","5f09bad83be8d9935dfb8fbbbac4473f946bb03e639a64a10be47789f49d0473","0-1915f631dadc7fd7a00832c45d59bcc5987650632bafcf0133694bd3a8a5a402","12655-f6943fb432796521157e329dfda21d5c18d0038bb0cbad9333afc6f98c24eefd","root"
"OTHER HM&E","","1.599","","1.626","1.656","1.696","1.76","","","","","","","","","","","","3","2020-BASE_PROCUREMENT-2020-NAVY_SHIPBUILDINGANDCOVERSION-U_PROCUREMENT_MasterJustificationBook_Navy_PB_2020.zzz_unzipped-U_PROCUREMENT_MasterJustificationBook_Navy_PB_2020.xml","aebdbec1d331d8cce6700e4da30a9b9bafcaa6b164c2778bde2d9687c6875bbf","0-963a4127c2495e920d68bbb871503ef6d9bbbd9db2f578575912cd729d546534","12656-c6fdd7124bf68763bd7dc7b35b5c718de05736d95eafb75896daa0765d994dc1","root"
"Other HM&E","","","3.524","","","","","","","","","","","","","","1","","","2020-BASE_PROCUREMENT-2020-NAVY_SHIPBUILDINGANDCOVERSION-U_PROCUREMENT_MasterJustificationBook_Navy_PB_2020.zzz_unzipped-U_PROCUREMENT_MasterJustificationBook_Navy_PB_2020.xml","e8fe4dd5e0be95240e0d086c5a917adf6e4464ec266a3ea1db82e27107e162d0","0-f172a1a9c0829cd883249752e6d6c95c882b0c30539cfcbbffeb432ad515e539","12657-f886a9d5cbd4622272be0602a883d4d54724dca1c49104f245626d2711b5c1f0","root"
"Miscellaneous HM&E","","","","","","11.658","","","","","","","","","","","","","","2020-BASE_PROCUREMENT-2020-NAVY_SHIPBUILDINGANDCOVERSION-U_PROCUREMENT_MasterJustificationBook_Navy_PB_2020.zzz_unzipped-U_PROCUREMENT_MasterJustificationBook_Navy_PB_2020.xml","fede88ab6e4790d85bb219ffaa3eb2a124927ee5b9d8867aa75a8d6481dc6908","0-9998612aed0d2166b8d41e3d864f8563eab15f2a8ecfcad8c058f36fc31bea13","12658-d7942afba9c0ef23e98f05f01bf60507fe1b7f7be5ba66e31937faad06448b78","root"
