[
    {
        "BudgetActivityNumber_val": "4",
        "BudgetActivityTitle_val": "Spares and Repair Parts",
        "@SOURCE_FILENAME": "2013-BASE_PROCUREMENT-2013-AIRFORCE_MISSILE-JustificationBook_Air_Force_PB_2013.zzz_unzipped-JustificationBook_Air_Force_PB_2013.xml",
        "@RECORDID": "753f891e1e825dcd8618285785ad06960bc166d30adb2a0b6bd27ee1cd8dbfc1",
        "@ROWID": "0-4125681bf055a59aab2f0dd0e0ac29c1949de588a6c205f1f4641ecdb11e3c15",
        "@PARENTROWID": "323-c3be36b704aef43618cea6aa3699dbce21a44d98cb9e4ff58a69f0937d3d1396",
        "@PARENT": "root"
    },
    {
        "BudgetActivityNumber_val": "4",
        "BudgetActivityTitle_val": "Spares and Repair Parts",
        "@SOURCE_FILENAME": "2013-BASE_PROCUREMENT-2013-AIRFORCE_MISSILE-MasterJustificationBook_Air_Force_PB_2013.zzz_unzipped-MasterJustificationBook_Air_Force_PB_2013.xml",
        "@RECORDID": "e5e916380019ca5320fd8c7359e69680d69a091e65552434d9e404847cde73c4",
        "@ROWID": "0-3b1ecdc8f55983cf9f10546555b18dc90f275085ecda7215f535d32c6b074dea",
        "@PARENTROWID": "349-e251b972b703785dc7c8f4e1b02b8ede77866277c71a4c00dc9764d41689a840",
        "@PARENT": "root"
    },
    {
        "BudgetActivityNumber_val": "7",
        "BudgetActivityTitle_val": "Aircraft Support Equip & Facilities",
        "@SOURCE_FILENAME": "2013-BASE_PROCUREMENT-2013-NAVY_AIRCRAFT_BA6-JustificationBook_Navy_PB_2013.zzz_unzipped-JustificationBook_Navy_PB_2013.xml",
        "@RECORDID": "520677d0f0ea4d278318f8f168e57b167a2b1552a433c2f5edb833297d2df30d",
        "@ROWID": "0-4717d6acc873d32fde72f3fd899fed9094a6f3962263533bfd0befb1a7275f54",
        "@PARENTROWID": "1054-9b3a256e65bdc59f89cb8658211f4d2b7c8ddefc7f096594d09e876591cf7156",
        "@PARENT": "root"
    },
    {
        "BudgetActivityNumber_val": "7",
        "BudgetActivityTitle_val": "Aircraft Support Equip & Facilities",
        "@SOURCE_FILENAME": "2013-BASE_PROCUREMENT-2013-NAVY_AIRCRAFT_BA7-MasterJustificationBook_Navy_PB_2013.zzz_unzipped-MasterJustificationBook_Navy_PB_2013.xml",
        "@RECORDID": "f804314ebefed1e83330c70cf92c8aee6df21c5a074777c674c50e42f720e237",
        "@ROWID": "0-9af0a773724cb6ebca42e3cfbbd5d5db3d1d3d5325c6a61e4593f65dcd278b3e",
        "@PARENTROWID": "1142-1f5afab7b363aabfe66f61ff13377c5621a4ba28c55c5e70cfd5f2e9c3f9cab9",
        "@PARENT": "root"
    },
    {
        "BudgetActivityNumber_val": "2",
        "BudgetActivityTitle_val": "Other Missiles",
        "@SOURCE_FILENAME": "2013-BASE_PROCUREMENT-2013-NAVY_WEAPONS-JustificationBook_Navy_PB_2013.zzz_unzipped-JustificationBook_Navy_PB_2013.xml",
        "@RECORDID": "b185acc31d91e993cf168579bb66ec29864cb08a8c562afd49e0db01a02a837e",
        "@ROWID": "0-983642c0858fa36a884ffd272581062d2cdace3634c7627520dd39914e808121",
        "@PARENTROWID": "1175-6ed7818e21c50ef0ae601c0151f465523ac34ed8e7ba2bb7288d0884066caf9c",
        "@PARENT": "root"
    },
    {
        "BudgetActivityNumber_val": "3",
        "BudgetActivityTitle_val": "Torpedoes and Related Equipment",
        "@SOURCE_FILENAME": "2013-BASE_PROCUREMENT-2013-NAVY_WEAPONS-JustificationBook_Navy_PB_2013.zzz_unzipped-JustificationBook_Navy_PB_2013.xml",
        "@RECORDID": "b185acc31d91e993cf168579bb66ec29864cb08a8c562afd49e0db01a02a837e",
        "@ROWID": "1-4a071c30223fd8e78a68439458d9bead38a79a10b4bebdef6727e655f122b0f4",
        "@PARENTROWID": "1175-6ed7818e21c50ef0ae601c0151f465523ac34ed8e7ba2bb7288d0884066caf9c",
        "@PARENT": "root"
    },
    {
        "BudgetActivityNumber_val": "4",
        "BudgetActivityTitle_val": "Other Weapons",
        "@SOURCE_FILENAME": "2013-BASE_PROCUREMENT-2013-NAVY_WEAPONS-JustificationBook_Navy_PB_2013.zzz_unzipped-JustificationBook_Navy_PB_2013.xml",
        "@RECORDID": "b185acc31d91e993cf168579bb66ec29864cb08a8c562afd49e0db01a02a837e",
        "@ROWID": "2-6fc6556100c616146f05d7322a0c0473397d2d86a585aa7b5376df25a29c53b9",
        "@PARENTROWID": "1175-6ed7818e21c50ef0ae601c0151f465523ac34ed8e7ba2bb7288d0884066caf9c",
        "@PARENT": "root"
    },
    {
        "BudgetActivityNumber_val": "2",
        "BudgetActivityTitle_val": "Other Missiles",
        "@SOURCE_FILENAME": "2013-BASE_PROCUREMENT-2013-NAVY_WEAPONS-MasterJustificationBook_Navy_PB_2013.zzz_unzipped-MasterJustificationBook_Navy_PB_2013.xml",
        "@RECORDID": "c4c7c21652ce55cfe77b96abbc3a5d2906437138a6ebeda81e890717d6a9ba76",
        "@ROWID": "0-bf5bd81f2814039695e04b2011059cbcf620a4fc4812bd8dd302f5319b2a6dfd",
        "@PARENTROWID": "1208-5d0e0551417a3454f928e1d104e052f4ae74b4e321d54bcc8d062ab430a99891",
        "@PARENT": "root"
    },
    {
        "BudgetActivityNumber_val": "3",
        "BudgetActivityTitle_val": "Torpedoes and Related Equipment",
        "@SOURCE_FILENAME": "2013-BASE_PROCUREMENT-2013-NAVY_WEAPONS-MasterJustificationBook_Navy_PB_2013.zzz_unzipped-MasterJustificationBook_Navy_PB_2013.xml",
        "@RECORDID": "c4c7c21652ce55cfe77b96abbc3a5d2906437138a6ebeda81e890717d6a9ba76",
        "@ROWID": "1-4ffc9c528e7cb79a59c8f7932114c9c9301ea1ddb86371aee99410dd62ec63f2",
        "@PARENTROWID": "1208-5d0e0551417a3454f928e1d104e052f4ae74b4e321d54bcc8d062ab430a99891",
        "@PARENT": "root"
    },
    {
        "BudgetActivityNumber_val": "4",
        "BudgetActivityTitle_val": "Other Weapons",
        "@SOURCE_FILENAME": "2013-BASE_PROCUREMENT-2013-NAVY_WEAPONS-MasterJustificationBook_Navy_PB_2013.zzz_unzipped-MasterJustificationBook_Navy_PB_2013.xml",
        "@RECORDID": "c4c7c21652ce55cfe77b96abbc3a5d2906437138a6ebeda81e890717d6a9ba76",
        "@ROWID": "2-7e7ca91c7aee85ffe5a8896ea8350b05ac3917a9c1b7136f5db9ff77badb8be4",
        "@PARENTROWID": "1208-5d0e0551417a3454f928e1d104e052f4ae74b4e321d54bcc8d062ab430a99891",
        "@PARENT": "root"
    },
    {
        "BudgetActivityNumber_val": "1",
        "BudgetActivityTitle_val": "Ships Support Equipment",
        "@SOURCE_FILENAME": "2013-BASE_PROCUREMENT-2013-NAVY_OTHER_BA5_8-JustificationBook_Navy_PB_2013.zzz_unzipped-JustificationBook_Navy_PB_2013.xml",
        "@RECORDID": "791fd2ffd696578d689d1bdd5bb3301fcf494f053fcac716598243c966823774",
        "@ROWID": "0-1c31b7d71829ac5871a8131496622cf0502e9f2ac537860b48f1b4e352f48bd5",
        "@PARENTROWID": "1290-c826a798fd2175c9a5a113db6bd39e168b4496f47ea7b64f03765d7f84335bd1",
        "@PARENT": "root"
    },
    {
        "BudgetActivityNumber_val": "2",
        "BudgetActivityTitle_val": "Communications & Electronics Equip",
        "@SOURCE_FILENAME": "2013-BASE_PROCUREMENT-2013-NAVY_OTHER_BA5_8-JustificationBook_Navy_PB_2013.zzz_unzipped-JustificationBook_Navy_PB_2013.xml",
        "@RECORDID": "791fd2ffd696578d689d1bdd5bb3301fcf494f053fcac716598243c966823774",
        "@ROWID": "1-210ff3cf3944fcf072b8ca8c4c8918227314045c68d485de77f74436823842b1",
        "@PARENTROWID": "1290-c826a798fd2175c9a5a113db6bd39e168b4496f47ea7b64f03765d7f84335bd1",
        "@PARENT": "root"
    },
    {
        "BudgetActivityNumber_val": "3",
        "BudgetActivityTitle_val": "Aviation Support Equipment",
        "@SOURCE_FILENAME": "2013-BASE_PROCUREMENT-2013-NAVY_OTHER_BA5_8-JustificationBook_Navy_PB_2013.zzz_unzipped-JustificationBook_Navy_PB_2013.xml",
        "@RECORDID": "791fd2ffd696578d689d1bdd5bb3301fcf494f053fcac716598243c966823774",
        "@ROWID": "2-bbb8643802226d405bd4f3b260f2860f1b7c658996cd7188af0dfd99cebfec6d",
        "@PARENTROWID": "1290-c826a798fd2175c9a5a113db6bd39e168b4496f47ea7b64f03765d7f84335bd1",
        "@PARENT": "root"
    },
    {
        "BudgetActivityNumber_val": "4",
        "BudgetActivityTitle_val": "Ordnance Support Equipment",
        "@SOURCE_FILENAME": "2013-BASE_PROCUREMENT-2013-NAVY_OTHER_BA5_8-JustificationBook_Navy_PB_2013.zzz_unzipped-JustificationBook_Navy_PB_2013.xml",
        "@RECORDID": "791fd2ffd696578d689d1bdd5bb3301fcf494f053fcac716598243c966823774",
        "@ROWID": "3-97a7ebadddc3c212b9d1bbeaa67c43d640ae8795d471d7c88386ec9bf4cf707d",
        "@PARENTROWID": "1290-c826a798fd2175c9a5a113db6bd39e168b4496f47ea7b64f03765d7f84335bd1",
        "@PARENT": "root"
    },
    {
        "BudgetActivityNumber_val": "7",
        "BudgetActivityTitle_val": "Personnel & Command Support Equip",
        "@SOURCE_FILENAME": "2013-BASE_PROCUREMENT-2013-NAVY_OTHER_BA5_8-JustificationBook_Navy_PB_2013.zzz_unzipped-JustificationBook_Navy_PB_2013.xml",
        "@RECORDID": "791fd2ffd696578d689d1bdd5bb3301fcf494f053fcac716598243c966823774",
        "@ROWID": "4-889abc396fbed433a895f81b519b78b6ca197ded2b96ab4867a4d1b3f972c811",
        "@PARENTROWID": "1290-c826a798fd2175c9a5a113db6bd39e168b4496f47ea7b64f03765d7f84335bd1",
        "@PARENT": "root"
    },
    {
        "BudgetActivityNumber_val": "8",
        "BudgetActivityTitle_val": "Spares and Repair Parts",
        "@SOURCE_FILENAME": "2013-BASE_PROCUREMENT-2013-NAVY_OTHER_BA5_8-JustificationBook_Navy_PB_2013.zzz_unzipped-JustificationBook_Navy_PB_2013.xml",
        "@RECORDID": "791fd2ffd696578d689d1bdd5bb3301fcf494f053fcac716598243c966823774",
        "@ROWID": "5-841360a8f0571d8851c8ca37cf9c2b735ca0bc4d171ad36889b5297889830c35",
        "@PARENTROWID": "1290-c826a798fd2175c9a5a113db6bd39e168b4496f47ea7b64f03765d7f84335bd1",
        "@PARENT": "root"
    },
    {
        "BudgetActivityNumber_val": "1",
        "BudgetActivityTitle_val": "Ships Support Equipment",
        "@SOURCE_FILENAME": "2013-BASE_PROCUREMENT-2013-NAVY_OTHER_BA5_8-MasterJustificationBook_Navy_PB_2013.zzz_unzipped-MasterJustificationBook_Navy_PB_2013.xml",
        "@RECORDID": "12221bfd5ab9fc3a9f49aad169797fe38af50105869feb70607f7a6c50800e8c",
        "@ROWID": "0-e501a19774dacc57160100315a715c71d33efba53718ded383ed1685f2b88719",
        "@PARENTROWID": "1567-d30f3844fc9a60c5ff4b0706e82efedd213f82335d00d10635ddbda7c8f1f286",
        "@PARENT": "root"
    },
    {
        "BudgetActivityNumber_val": "2",
        "BudgetActivityTitle_val": "Communications & Electronics Equip",
        "@SOURCE_FILENAME": "2013-BASE_PROCUREMENT-2013-NAVY_OTHER_BA5_8-MasterJustificationBook_Navy_PB_2013.zzz_unzipped-MasterJustificationBook_Navy_PB_2013.xml",
        "@RECORDID": "12221bfd5ab9fc3a9f49aad169797fe38af50105869feb70607f7a6c50800e8c",
        "@ROWID": "1-ef67ced14b7b7362f52588643722b4fc192f8108f48c673532a87d9abfef78d1",
        "@PARENTROWID": "1567-d30f3844fc9a60c5ff4b0706e82efedd213f82335d00d10635ddbda7c8f1f286",
        "@PARENT": "root"
    },
    {
        "BudgetActivityNumber_val": "3",
        "BudgetActivityTitle_val": "Aviation Support Equipment",
        "@SOURCE_FILENAME": "2013-BASE_PROCUREMENT-2013-NAVY_OTHER_BA5_8-MasterJustificationBook_Navy_PB_2013.zzz_unzipped-MasterJustificationBook_Navy_PB_2013.xml",
        "@RECORDID": "12221bfd5ab9fc3a9f49aad169797fe38af50105869feb70607f7a6c50800e8c",
        "@ROWID": "2-3dc85e9df7d92022047148b94348c060d438f8c97a1caa37dce24309057fb033",
        "@PARENTROWID": "1567-d30f3844fc9a60c5ff4b0706e82efedd213f82335d00d10635ddbda7c8f1f286",
        "@PARENT": "root"
    },
    {
        "BudgetActivityNumber_val": "4",
        "BudgetActivityTitle_val": "Ordnance Support Equipment",
        "@SOURCE_FILENAME": "2013-BASE_PROCUREMENT-2013-NAVY_OTHER_BA5_8-MasterJustificationBook_Navy_PB_2013.zzz_unzipped-MasterJustificationBook_Navy_PB_2013.xml",
        "@RECORDID": "12221bfd5ab9fc3a9f49aad169797fe38af50105869feb70607f7a6c50800e8c",
        "@ROWID": "3-fcdf619e2d5a5d241f0e8432fd8093c14ca248b75d6810f20afe87b8d668da92",
        "@PARENTROWID": "1567-d30f3844fc9a60c5ff4b0706e82efedd213f82335d00d10635ddbda7c8f1f286",
        "@PARENT": "root"
    },
    {
        "BudgetActivityNumber_val": "7",
        "BudgetActivityTitle_val": "Personnel & Command Support Equip",
        "@SOURCE_FILENAME": "2013-BASE_PROCUREMENT-2013-NAVY_OTHER_BA5_8-MasterJustificationBook_Navy_PB_2013.zzz_unzipped-MasterJustificationBook_Navy_PB_2013.xml",
        "@RECORDID": "12221bfd5ab9fc3a9f49aad169797fe38af50105869feb70607f7a6c50800e8c",
        "@ROWID": "4-faa3e377aac46ef0dec3f58672d75c4e9588b6ea394556821ac4aa44babfc256",
        "@PARENTROWID": "1567-d30f3844fc9a60c5ff4b0706e82efedd213f82335d00d10635ddbda7c8f1f286",
        "@PARENT": "root"
    },
    {
        "BudgetActivityNumber_val": "8",
        "BudgetActivityTitle_val": "Spares and Repair Parts",
        "@SOURCE_FILENAME": "2013-BASE_PROCUREMENT-2013-NAVY_OTHER_BA5_8-MasterJustificationBook_Navy_PB_2013.zzz_unzipped-MasterJustificationBook_Navy_PB_2013.xml",
        "@RECORDID": "12221bfd5ab9fc3a9f49aad169797fe38af50105869feb70607f7a6c50800e8c",
        "@ROWID": "5-fe6d0eeab1e5cfe1f353dea5a24144b896838a7c71851d00d98fdaaab895e89f",
        "@PARENTROWID": "1567-d30f3844fc9a60c5ff4b0706e82efedd213f82335d00d10635ddbda7c8f1f286",
        "@PARENT": "root"
    },
    {
        "BudgetActivityNumber_val": "4",
        "BudgetActivityTitle_val": "Spares and Repair Parts",
        "@SOURCE_FILENAME": "2014-BASE_PROCUREMENT-2014-AIRFORCE_MISSILE-PROCUREMENT_JustificationBook_Air_Force_PB_2014.zzz_unzipped-PROCUREMENT_JustificationBook_Air_Force_PB_2014.xml",
        "@RECORDID": "eb76aa25aa2250f63038a2459490458fd839f2d0088630d9ea793bca093bea93",
        "@ROWID": "0-2eda7dec2805c308e53803a618a37d1f736fcb2ebc68e52cd4de256fb2f95f8d",
        "@PARENTROWID": "1979-18708f8f0986b89d034d33f9c5398691d14e4b0dac5549441a5462ce29579642",
        "@PARENT": "root"
    },
    {
        "BudgetActivityNumber_val": "4",
        "BudgetActivityTitle_val": "Spares and Repair Parts",
        "@SOURCE_FILENAME": "2014-BASE_PROCUREMENT-2014-AIRFORCE_MISSILE-PROCUREMENT_MasterJustificationBook_Air_Force_PB_2014.zzz_unzipped-PROCUREMENT_MasterJustificationBook_Air_Force_PB_2014.xml",
        "@RECORDID": "a707703519deee903435936fca6529a54a2ed01c6b8a2a8de629932260578d8d",
        "@ROWID": "0-1346bd4d332400c3f233d9a21ab2e55c4539627954b0a659accb0d5d2824f6af",
        "@PARENTROWID": "2003-c93bc109b2fb34acef3d84b8e9ec1d574536ee4f1b0dce67d012db55fcff1a62",
        "@PARENT": "root"
    },
    {
        "BudgetActivityNumber_val": "7",
        "BudgetActivityTitle_val": "Aircraft Support Equip & Facilities",
        "@SOURCE_FILENAME": "2014-BASE_PROCUREMENT-2014-NAVY_AIRCRAFT_BA6-PROCUREMENT_JustificationBook_Navy_PB_2014.zzz_unzipped-PROCUREMENT_JustificationBook_Navy_PB_2014.xml",
        "@RECORDID": "119c9734af56d6ba0b80aec2825068d0558b85748cd7394fbea861e072673be8",
        "@ROWID": "0-a213e8325eef8372e400b786215c7b296214b06284a59e7b6e19339e75b8887a",
        "@PARENTROWID": "2718-83645d1546edf61692640c2380c1bd4da0f3664d8cbd2d34efe6d9f09517b6bf",
        "@PARENT": "root"
    },
    {
        "BudgetActivityNumber_val": "7",
        "BudgetActivityTitle_val": "Aircraft Support Equip & Facilities",
        "@SOURCE_FILENAME": "2014-BASE_PROCUREMENT-2014-NAVY_AIRCRAFT_BA7-PROCUREMENT_MasterJustificationBook_Navy_PB_2014.zzz_unzipped-PROCUREMENT_MasterJustificationBook_Navy_PB_2014.xml",
        "@RECORDID": "d6275fbded77211f8971cfa00ed26479824966afeb235f7ba95706899671f50f",
        "@ROWID": "0-f702b1049c341ab728db0be979fea912c14206f7d3eb4803559ddc336aca50be",
        "@PARENTROWID": "2853-9c8d08a309ee731b4e07b131281209950baab2441981e776a182fa8497f7d0ac",
        "@PARENT": "root"
    },
    {
        "BudgetActivityNumber_val": "2",
        "BudgetActivityTitle_val": "Other Missiles",
        "@SOURCE_FILENAME": "2014-BASE_PROCUREMENT-2014-NAVY_WEAPONS-PROCUREMENT_JustificationBook_Navy_PB_2014.zzz_unzipped-PROCUREMENT_JustificationBook_Navy_PB_2014.xml",
        "@RECORDID": "8b49cb72f737b1829b7dce0859fdde66cf267344fe509f86676f3ddf3c64f080",
        "@ROWID": "0-b8e3bfbcb391fd7641254e216903ef4b5eb7dc2aebaa32beedca45c34442ea3a",
        "@PARENTROWID": "2885-824c195e985ce179e8302ed2e50c2a614827303a46839ea16a17f38ae1a99572",
        "@PARENT": "root"
    },
    {
        "BudgetActivityNumber_val": "3",
        "BudgetActivityTitle_val": "Torpedoes and Related Equipment",
        "@SOURCE_FILENAME": "2014-BASE_PROCUREMENT-2014-NAVY_WEAPONS-PROCUREMENT_JustificationBook_Navy_PB_2014.zzz_unzipped-PROCUREMENT_JustificationBook_Navy_PB_2014.xml",
        "@RECORDID": "8b49cb72f737b1829b7dce0859fdde66cf267344fe509f86676f3ddf3c64f080",
        "@ROWID": "1-380927fb6e7030b2975e22828f8918a1fd805105d161944cff94380b1d4d5e71",
        "@PARENTROWID": "2885-824c195e985ce179e8302ed2e50c2a614827303a46839ea16a17f38ae1a99572",
        "@PARENT": "root"
    },
    {
        "BudgetActivityNumber_val": "4",
        "BudgetActivityTitle_val": "Other Weapons",
        "@SOURCE_FILENAME": "2014-BASE_PROCUREMENT-2014-NAVY_WEAPONS-PROCUREMENT_JustificationBook_Navy_PB_2014.zzz_unzipped-PROCUREMENT_JustificationBook_Navy_PB_2014.xml",
        "@RECORDID": "8b49cb72f737b1829b7dce0859fdde66cf267344fe509f86676f3ddf3c64f080",
        "@ROWID": "2-ab19e63f0e6b40988c7f66b0b1ae7f352c2174860dfea1c341d09bdff7cedee2",
        "@PARENTROWID": "2885-824c195e985ce179e8302ed2e50c2a614827303a46839ea16a17f38ae1a99572",
        "@PARENT": "root"
    },
    {
        "BudgetActivityNumber_val": "2",
        "BudgetActivityTitle_val": "Other Missiles",
        "@SOURCE_FILENAME": "2014-BASE_PROCUREMENT-2014-NAVY_WEAPONS-PROCUREMENT_MasterJustificationBook_Navy_PB_2014.zzz_unzipped-PROCUREMENT_MasterJustificationBook_Navy_PB_2014.xml",
        "@RECORDID": "a2dd2801714331158255a6546921c54f558ce3dc1a89005c228be1ad7a1f810d",
        "@ROWID": "0-5d8f6cbff6ba201619f3e889357209e5b0cf96a56e51b4bdd1ed3da9f1c72e3d",
        "@PARENTROWID": "2917-f57bbae192d699a622ddda61c6c46c6eb88d542097b39169be7fa59a35f139e0",
        "@PARENT": "root"
    },
    {
        "BudgetActivityNumber_val": "3",
        "BudgetActivityTitle_val": "Torpedoes and Related Equipment",
        "@SOURCE_FILENAME": "2014-BASE_PROCUREMENT-2014-NAVY_WEAPONS-PROCUREMENT_MasterJustificationBook_Navy_PB_2014.zzz_unzipped-PROCUREMENT_MasterJustificationBook_Navy_PB_2014.xml",
        "@RECORDID": "a2dd2801714331158255a6546921c54f558ce3dc1a89005c228be1ad7a1f810d",
        "@ROWID": "1-cce8a1ada605e285876ebae83c70ad95843d673c86c6429e1421b97f79a97e6b",
        "@PARENTROWID": "2917-f57bbae192d699a622ddda61c6c46c6eb88d542097b39169be7fa59a35f139e0",
        "@PARENT": "root"
    },
    {
        "BudgetActivityNumber_val": "4",
        "BudgetActivityTitle_val": "Other Weapons",
        "@SOURCE_FILENAME": "2014-BASE_PROCUREMENT-2014-NAVY_WEAPONS-PROCUREMENT_MasterJustificationBook_Navy_PB_2014.zzz_unzipped-PROCUREMENT_MasterJustificationBook_Navy_PB_2014.xml",
        "@RECORDID": "a2dd2801714331158255a6546921c54f558ce3dc1a89005c228be1ad7a1f810d",
        "@ROWID": "2-82d3eac554b9af3e25056b80b5e0da600cd33f502c2eb363c6255da4892ceec6",
        "@PARENTROWID": "2917-f57bbae192d699a622ddda61c6c46c6eb88d542097b39169be7fa59a35f139e0",
        "@PARENT": "root"
    },
    {
        "BudgetActivityNumber_val": "1",
        "BudgetActivityTitle_val": "Ships Support Equipment",
        "@SOURCE_FILENAME": "2014-BASE_PROCUREMENT-2014-NAVY_OTHER_BA5_8-PROCUREMENT_JustificationBook_Navy_PB_2014.zzz_unzipped-PROCUREMENT_JustificationBook_Navy_PB_2014.xml",
        "@RECORDID": "75f0b72f7ef222960b0058e5ebefbd27325a1fed485cdb2572ff364690bcef97",
        "@ROWID": "0-538ac65e3685f6ccc29aa0da7826cdb68c308cf0ae263b603216e7804724ff90",
        "@PARENTROWID": "3129-83795d9e87deb9e619d45f08f76f14f27385bd5d49ccabeea2a80e3935e4d78e",
        "@PARENT": "root"
    },
    {
        "BudgetActivityNumber_val": "2",
        "BudgetActivityTitle_val": "Communications & Electronics Equip",
        "@SOURCE_FILENAME": "2014-BASE_PROCUREMENT-2014-NAVY_OTHER_BA5_8-PROCUREMENT_JustificationBook_Navy_PB_2014.zzz_unzipped-PROCUREMENT_JustificationBook_Navy_PB_2014.xml",
        "@RECORDID": "75f0b72f7ef222960b0058e5ebefbd27325a1fed485cdb2572ff364690bcef97",
        "@ROWID": "1-8b9cc9681447649b8cc2203d2c7cd54e0d568a43c0c837f682932f5e071f700e",
        "@PARENTROWID": "3129-83795d9e87deb9e619d45f08f76f14f27385bd5d49ccabeea2a80e3935e4d78e",
        "@PARENT": "root"
    },
    {
        "BudgetActivityNumber_val": "3",
        "BudgetActivityTitle_val": "Aviation Support Equipment",
        "@SOURCE_FILENAME": "2014-BASE_PROCUREMENT-2014-NAVY_OTHER_BA5_8-PROCUREMENT_JustificationBook_Navy_PB_2014.zzz_unzipped-PROCUREMENT_JustificationBook_Navy_PB_2014.xml",
        "@RECORDID": "75f0b72f7ef222960b0058e5ebefbd27325a1fed485cdb2572ff364690bcef97",
        "@ROWID": "2-9675d25f5f224f38876098bba1ff9ad07dfbe6066cffe42ade9607afc8fdc9ca",
        "@PARENTROWID": "3129-83795d9e87deb9e619d45f08f76f14f27385bd5d49ccabeea2a80e3935e4d78e",
        "@PARENT": "root"
    },
    {
        "BudgetActivityNumber_val": "4",
        "BudgetActivityTitle_val": "Ordnance Support Equipment",
        "@SOURCE_FILENAME": "2014-BASE_PROCUREMENT-2014-NAVY_OTHER_BA5_8-PROCUREMENT_JustificationBook_Navy_PB_2014.zzz_unzipped-PROCUREMENT_JustificationBook_Navy_PB_2014.xml",
        "@RECORDID": "75f0b72f7ef222960b0058e5ebefbd27325a1fed485cdb2572ff364690bcef97",
        "@ROWID": "3-fbc4dd3f9030d0bc792efb717601afe74ee5ef0394e3784cbd23bbdc419c4a35",
        "@PARENTROWID": "3129-83795d9e87deb9e619d45f08f76f14f27385bd5d49ccabeea2a80e3935e4d78e",
        "@PARENT": "root"
    },
    {
        "BudgetActivityNumber_val": "7",
        "BudgetActivityTitle_val": "Personnel & Command Support Equip",
        "@SOURCE_FILENAME": "2014-BASE_PROCUREMENT-2014-NAVY_OTHER_BA5_8-PROCUREMENT_JustificationBook_Navy_PB_2014.zzz_unzipped-PROCUREMENT_JustificationBook_Navy_PB_2014.xml",
        "@RECORDID": "75f0b72f7ef222960b0058e5ebefbd27325a1fed485cdb2572ff364690bcef97",
        "@ROWID": "4-30d3f1061368d3873fae6af040892a0bb0af843631ce2cddb6bc68de8b189d6d",
        "@PARENTROWID": "3129-83795d9e87deb9e619d45f08f76f14f27385bd5d49ccabeea2a80e3935e4d78e",
        "@PARENT": "root"
    },
    {
        "BudgetActivityNumber_val": "8",
        "BudgetActivityTitle_val": "Spares and Repair Parts",
        "@SOURCE_FILENAME": "2014-BASE_PROCUREMENT-2014-NAVY_OTHER_BA5_8-PROCUREMENT_JustificationBook_Navy_PB_2014.zzz_unzipped-PROCUREMENT_JustificationBook_Navy_PB_2014.xml",
        "@RECORDID": "75f0b72f7ef222960b0058e5ebefbd27325a1fed485cdb2572ff364690bcef97",
        "@ROWID": "5-a59bed8c682f91ceda0340a534cb7d41f5d83c7bfacb9c6715074764d086265b",
        "@PARENTROWID": "3129-83795d9e87deb9e619d45f08f76f14f27385bd5d49ccabeea2a80e3935e4d78e",
        "@PARENT": "root"
    },
    {
        "BudgetActivityNumber_val": "1",
        "BudgetActivityTitle_val": "Ships Support Equipment",
        "@SOURCE_FILENAME": "2014-BASE_PROCUREMENT-2014-NAVY_OTHER_BA5_8-PROCUREMENT_MasterJustificationBook_Navy_PB_2014.zzz_unzipped-PROCUREMENT_MasterJustificationBook_Navy_PB_2014.xml",
        "@RECORDID": "0378d913e876e4149cf9aa23bf3bba01a03888ac562fdcf3bdf064961b020c87",
        "@ROWID": "0-21ed53e42c8e95f6d591ba1952d73b2b43f09b805da2176d175af1af1a8be508",
        "@PARENTROWID": "3284-ea53b2d60c4e6aab5cf359fd371bac0aee1ab484561ad0531826cee7a2f90cc2",
        "@PARENT": "root"
    },
    {
        "BudgetActivityNumber_val": "2",
        "BudgetActivityTitle_val": "Communications & Electronics Equip",
        "@SOURCE_FILENAME": "2014-BASE_PROCUREMENT-2014-NAVY_OTHER_BA5_8-PROCUREMENT_MasterJustificationBook_Navy_PB_2014.zzz_unzipped-PROCUREMENT_MasterJustificationBook_Navy_PB_2014.xml",
        "@RECORDID": "0378d913e876e4149cf9aa23bf3bba01a03888ac562fdcf3bdf064961b020c87",
        "@ROWID": "1-e253e1cbaeabd68d6ce9e2756ba3454f4d8ee577b37bd32375d089c7d58ee251",
        "@PARENTROWID": "3284-ea53b2d60c4e6aab5cf359fd371bac0aee1ab484561ad0531826cee7a2f90cc2",
        "@PARENT": "root"
    },
    {
        "BudgetActivityNumber_val": "3",
        "BudgetActivityTitle_val": "Aviation Support Equipment",
        "@SOURCE_FILENAME": "2014-BASE_PROCUREMENT-2014-NAVY_OTHER_BA5_8-PROCUREMENT_MasterJustificationBook_Navy_PB_2014.zzz_unzipped-PROCUREMENT_MasterJustificationBook_Navy_PB_2014.xml",
        "@RECORDID": "0378d913e876e4149cf9aa23bf3bba01a03888ac562fdcf3bdf064961b020c87",
        "@ROWID": "2-e2cc788f7ed5099eebc078058122e382172b3013348e80e044abfa2445418790",
        "@PARENTROWID": "3284-ea53b2d60c4e6aab5cf359fd371bac0aee1ab484561ad0531826cee7a2f90cc2",
        "@PARENT": "root"
    },
    {
        "BudgetActivityNumber_val": "4",
        "BudgetActivityTitle_val": "Ordnance Support Equipment",
        "@SOURCE_FILENAME": "2014-BASE_PROCUREMENT-2014-NAVY_OTHER_BA5_8-PROCUREMENT_MasterJustificationBook_Navy_PB_2014.zzz_unzipped-PROCUREMENT_MasterJustificationBook_Navy_PB_2014.xml",
        "@RECORDID": "0378d913e876e4149cf9aa23bf3bba01a03888ac562fdcf3bdf064961b020c87",
        "@ROWID": "3-8e5f6c8d3d90e2bc48a96e4a000460cc1df741e78ac174825fff641d8462382e",
        "@PARENTROWID": "3284-ea53b2d60c4e6aab5cf359fd371bac0aee1ab484561ad0531826cee7a2f90cc2",
        "@PARENT": "root"
    },
    {
        "BudgetActivityNumber_val": "7",
        "BudgetActivityTitle_val": "Personnel & Command Support Equip",
        "@SOURCE_FILENAME": "2014-BASE_PROCUREMENT-2014-NAVY_OTHER_BA5_8-PROCUREMENT_MasterJustificationBook_Navy_PB_2014.zzz_unzipped-PROCUREMENT_MasterJustificationBook_Navy_PB_2014.xml",
        "@RECORDID": "0378d913e876e4149cf9aa23bf3bba01a03888ac562fdcf3bdf064961b020c87",
        "@ROWID": "4-300ffbfd3e8699a6841519e6a13d3a7ef28c5a271a4407931fabf8adfeb70a26",
        "@PARENTROWID": "3284-ea53b2d60c4e6aab5cf359fd371bac0aee1ab484561ad0531826cee7a2f90cc2",
        "@PARENT": "root"
    },
    {
        "BudgetActivityNumber_val": "8",
        "BudgetActivityTitle_val": "Spares and Repair Parts",
        "@SOURCE_FILENAME": "2014-BASE_PROCUREMENT-2014-NAVY_OTHER_BA5_8-PROCUREMENT_MasterJustificationBook_Navy_PB_2014.zzz_unzipped-PROCUREMENT_MasterJustificationBook_Navy_PB_2014.xml",
        "@RECORDID": "0378d913e876e4149cf9aa23bf3bba01a03888ac562fdcf3bdf064961b020c87",
        "@ROWID": "5-61271dfe3449e86fb008fefee092897f2a0cd96b8063762569b9c6ef5e5cc2b2",
        "@PARENTROWID": "3284-ea53b2d60c4e6aab5cf359fd371bac0aee1ab484561ad0531826cee7a2f90cc2",
        "@PARENT": "root"
    },
    {
        "BudgetActivityNumber_val": "4",
        "BudgetActivityTitle_val": "Spares and Repair Parts",
        "@SOURCE_FILENAME": "2015-BASE_PROCUREMENT-2015-AIRFORCE_MISSILE-PROCUREMENT_JustificationBook_Air_Force_PB_2015.zzz_unzipped-PROCUREMENT_JustificationBook_Air_Force_PB_2015.xml",
        "@RECORDID": "a55daf9ca8f93eeb4cc4385931880ac099c7ed6339ea7a8c4c5a57679670d46c",
        "@ROWID": "0-5338a8b58257b24b453b4ae87be20b91f2d02c7821eddbad1cc001ed08ce9304",
        "@PARENTROWID": "3597-97902b916fbd766382ca3608c43a44304d8414f4290ccac3e9ad48a8c3520b25",
        "@PARENT": "root"
    },
    {
        "BudgetActivityNumber_val": "4",
        "BudgetActivityTitle_val": "Spares and Repair Parts",
        "@SOURCE_FILENAME": "2015-BASE_PROCUREMENT-2015-AIRFORCE_MISSILE-PROCUREMENT_MasterJustificationBook_Air_Force_PB_2015.zzz_unzipped-PROCUREMENT_MasterJustificationBook_Air_Force_PB_2015.xml",
        "@RECORDID": "adbf863e5fc0d05bb6aa686df93f86b1ca4336ca1a653ae071d1d24f57875cad",
        "@ROWID": "0-777f710b28d93faf06130867ffeec6d056e0e494eb517a3d52352779f817895d",
        "@PARENTROWID": "3620-ba103f187a7bc3f7bdabc7773ad4ffee9c501eb24e7b232ef7e7f0dfe455c147",
        "@PARENT": "root"
    },
    {
        "BudgetActivityNumber_val": "4",
        "BudgetActivityTitle_val": "Spares and Repair Parts",
        "@SOURCE_FILENAME": "2016-BASE_PROCUREMENT-2016-AIRFORCE_MISSILE-PROCUREMENT_JustificationBook_Air_Force_PB_2016.zzz_unzipped-PROCUREMENT_JustificationBook_Air_Force_PB_2016.xml",
        "@RECORDID": "80ddc099aabb9d0169754ee8f45951a3c11ba5a7087e66f01fff83b72dd4e924",
        "@ROWID": "0-606487c9b7ba37f78f20ab5188f2c32cf3f133fd705f64cabb6b20a4acaa6f7f",
        "@PARENTROWID": "5278-99f5ccf7c4ce2c26d3ece7da1d7bf1a8742d600d0f5cc326f70d59e8d3273604",
        "@PARENT": "root"
    },
    {
        "BudgetActivityNumber_val": "4",
        "BudgetActivityTitle_val": "Spares and Repair Parts",
        "@SOURCE_FILENAME": "2016-BASE_PROCUREMENT-2016-AIRFORCE_MISSILE-PROCUREMENT_MasterJustificationBook_Air_Force_PB_2016.zzz_unzipped-PROCUREMENT_MasterJustificationBook_Air_Force_PB_2016.xml",
        "@RECORDID": "117ed04debf19a617ed07c6e78c2d4576483f9e327a8782474db489b7ca8875b",
        "@ROWID": "0-ab577f00b2763edfdac3319e0fad81b626d9e7a870b863cc64f2f13439875edb",
        "@PARENTROWID": "5302-0cef07f448a94c303426e5953e1fba81865bae23bcb4ee686787b17fc10cc5a5",
        "@PARENT": "root"
    },
    {
        "BudgetActivityNumber_val": "7",
        "BudgetActivityTitle_val": "Aircraft Support Equip & Facilities",
        "@SOURCE_FILENAME": "2016-BASE_PROCUREMENT-2016-NAVY_AIRCRAFT_BA6-PROCUREMENT_JustificationBook_Navy_PB_2016.zzz_unzipped-PROCUREMENT_JustificationBook_Navy_PB_2016.xml",
        "@RECORDID": "b40eae23784ed2b5692424a205eb181888bd3545eaa6eb463572005a97d5c4ea",
        "@ROWID": "0-10805165089dd05687bdb0d0e40c07339854ccceb8858f2ce096dc2c8790b3c3",
        "@PARENTROWID": "6040-ed005f148437ed0491391ef2fb860292faa7fdef3cc88aab1560b5a0666419c8",
        "@PARENT": "root"
    },
    {
        "BudgetActivityNumber_val": "7",
        "BudgetActivityTitle_val": "Aircraft Support Equip & Facilities",
        "@SOURCE_FILENAME": "2016-BASE_PROCUREMENT-2016-NAVY_AIRCRAFT_BA7-PROCUREMENT_MasterJustificationBook_Navy_PB_2016.zzz_unzipped-PROCUREMENT_MasterJustificationBook_Navy_PB_2016.xml",
        "@RECORDID": "841fbf40f595d8021dbc0a659b6cecf93db33119978e563d683d6ca0c564b97c",
        "@ROWID": "0-aaf8d386fe439354ee65e9d1b4d099ea07f285f0adc7491f601bf6082d95d14c",
        "@PARENTROWID": "6093-a358f5ae6f9073d2164b785b2c306cd198da31bc85191459df47847a964b7505",
        "@PARENT": "root"
    },
    {
        "BudgetActivityNumber_val": "2",
        "BudgetActivityTitle_val": "Other Missiles",
        "@SOURCE_FILENAME": "2016-BASE_PROCUREMENT-2016-NAVY_WEAPONS-PROCUREMENT_JustificationBook_Navy_PB_2016.zzz_unzipped-PROCUREMENT_JustificationBook_Navy_PB_2016.xml",
        "@RECORDID": "59b69cc80eb70b978f6e1651f834de1bfd37156faefa1fe8fe4ebb24bd5ade02",
        "@ROWID": "0-8e7df3ef593a850c22db97fbc6b442dcc5f31e811198d4d8ba60e1d3c95c525d",
        "@PARENTROWID": "6127-e819c8667dbaf6fd91cc5c10830379899c1bbd23a5fb665af740c30505870850",
        "@PARENT": "root"
    },
    {
        "BudgetActivityNumber_val": "3",
        "BudgetActivityTitle_val": "Torpedoes and Related Equipment",
        "@SOURCE_FILENAME": "2016-BASE_PROCUREMENT-2016-NAVY_WEAPONS-PROCUREMENT_JustificationBook_Navy_PB_2016.zzz_unzipped-PROCUREMENT_JustificationBook_Navy_PB_2016.xml",
        "@RECORDID": "59b69cc80eb70b978f6e1651f834de1bfd37156faefa1fe8fe4ebb24bd5ade02",
        "@ROWID": "1-0f2a76a194ae0055c6a2a0f47e86287a54fbcd04bfe0cb3e08721d89fc369df3",
        "@PARENTROWID": "6127-e819c8667dbaf6fd91cc5c10830379899c1bbd23a5fb665af740c30505870850",
        "@PARENT": "root"
    },
    {
        "BudgetActivityNumber_val": "4",
        "BudgetActivityTitle_val": "Other Weapons",
        "@SOURCE_FILENAME": "2016-BASE_PROCUREMENT-2016-NAVY_WEAPONS-PROCUREMENT_JustificationBook_Navy_PB_2016.zzz_unzipped-PROCUREMENT_JustificationBook_Navy_PB_2016.xml",
        "@RECORDID": "59b69cc80eb70b978f6e1651f834de1bfd37156faefa1fe8fe4ebb24bd5ade02",
        "@ROWID": "2-d0015e4c16034313456b20040fccc1c6cc364f5fa38e72ed4ace2b6eefa9812e",
        "@PARENTROWID": "6127-e819c8667dbaf6fd91cc5c10830379899c1bbd23a5fb665af740c30505870850",
        "@PARENT": "root"
    },
    {
        "BudgetActivityNumber_val": "2",
        "BudgetActivityTitle_val": "Other Missiles",
        "@SOURCE_FILENAME": "2016-BASE_PROCUREMENT-2016-NAVY_WEAPONS-PROCUREMENT_MasterJustificationBook_Navy_PB_2016.zzz_unzipped-PROCUREMENT_MasterJustificationBook_Navy_PB_2016.xml",
        "@RECORDID": "95fff6f5b583c84daccae6657b3159998cb9d891317749727c3e584db5a6a01f",
        "@ROWID": "0-f2a6d1ec1418c994877225a98b4d6c314a38d8c70e6e075c019123a2b5a393cd",
        "@PARENTROWID": "6161-5c8fb796cc653ee18baa7d6d0b6300ec8aab3d4a46d3d83bf3fd060da70b0322",
        "@PARENT": "root"
    },
    {
        "BudgetActivityNumber_val": "3",
        "BudgetActivityTitle_val": "Torpedoes and Related Equipment",
        "@SOURCE_FILENAME": "2016-BASE_PROCUREMENT-2016-NAVY_WEAPONS-PROCUREMENT_MasterJustificationBook_Navy_PB_2016.zzz_unzipped-PROCUREMENT_MasterJustificationBook_Navy_PB_2016.xml",
        "@RECORDID": "95fff6f5b583c84daccae6657b3159998cb9d891317749727c3e584db5a6a01f",
        "@ROWID": "1-f8645788486b0e7fa6d59a9c26ab199b4f995ed250ba85411f3d9af410cfe4ed",
        "@PARENTROWID": "6161-5c8fb796cc653ee18baa7d6d0b6300ec8aab3d4a46d3d83bf3fd060da70b0322",
        "@PARENT": "root"
    },
    {
        "BudgetActivityNumber_val": "4",
        "BudgetActivityTitle_val": "Other Weapons",
        "@SOURCE_FILENAME": "2016-BASE_PROCUREMENT-2016-NAVY_WEAPONS-PROCUREMENT_MasterJustificationBook_Navy_PB_2016.zzz_unzipped-PROCUREMENT_MasterJustificationBook_Navy_PB_2016.xml",
        "@RECORDID": "95fff6f5b583c84daccae6657b3159998cb9d891317749727c3e584db5a6a01f",
        "@ROWID": "2-cd256a485432cd16fc9720efc87feae513aa4e68cb16d7c3fe5c6dd3a87a794f",
        "@PARENTROWID": "6161-5c8fb796cc653ee18baa7d6d0b6300ec8aab3d4a46d3d83bf3fd060da70b0322",
        "@PARENT": "root"
    },
    {
        "BudgetActivityNumber_val": "1",
        "BudgetActivityTitle_val": "Ships Support Equipment",
        "@SOURCE_FILENAME": "2016-BASE_PROCUREMENT-2016-NAVY_OTHER_BA5-8-PROCUREMENT_JustificationBook_Navy_PB_2016.zzz_unzipped-PROCUREMENT_JustificationBook_Navy_PB_2016.xml",
        "@RECORDID": "7bde75768c75835d9437c988cf65b301c8038df71ba1a895b24b278e069de06b",
        "@ROWID": "0-be6605026b4450062b667bcde792f7c3af50f3de350da11e049202b8095d5da0",
        "@PARENTROWID": "6362-360a4cc84c9167a8ac2f81050b5b83f8caa540368fc00fafa9bad732f211501d",
        "@PARENT": "root"
    },
    {
        "BudgetActivityNumber_val": "2",
        "BudgetActivityTitle_val": "Communications & Electronics Equip",
        "@SOURCE_FILENAME": "2016-BASE_PROCUREMENT-2016-NAVY_OTHER_BA5-8-PROCUREMENT_JustificationBook_Navy_PB_2016.zzz_unzipped-PROCUREMENT_JustificationBook_Navy_PB_2016.xml",
        "@RECORDID": "7bde75768c75835d9437c988cf65b301c8038df71ba1a895b24b278e069de06b",
        "@ROWID": "1-5834df2a4246261e204c1759623339552ca624be8769358b7447bf32afa05769",
        "@PARENTROWID": "6362-360a4cc84c9167a8ac2f81050b5b83f8caa540368fc00fafa9bad732f211501d",
        "@PARENT": "root"
    },
    {
        "BudgetActivityNumber_val": "3",
        "BudgetActivityTitle_val": "Aviation Support Equipment",
        "@SOURCE_FILENAME": "2016-BASE_PROCUREMENT-2016-NAVY_OTHER_BA5-8-PROCUREMENT_JustificationBook_Navy_PB_2016.zzz_unzipped-PROCUREMENT_JustificationBook_Navy_PB_2016.xml",
        "@RECORDID": "7bde75768c75835d9437c988cf65b301c8038df71ba1a895b24b278e069de06b",
        "@ROWID": "2-2e83377f143f1fc1795c9ae7f10486e0bb3d14f022711475bf20264bfb535765",
        "@PARENTROWID": "6362-360a4cc84c9167a8ac2f81050b5b83f8caa540368fc00fafa9bad732f211501d",
        "@PARENT": "root"
    },
    {
        "BudgetActivityNumber_val": "4",
        "BudgetActivityTitle_val": "Ordnance Support Equipment",
        "@SOURCE_FILENAME": "2016-BASE_PROCUREMENT-2016-NAVY_OTHER_BA5-8-PROCUREMENT_JustificationBook_Navy_PB_2016.zzz_unzipped-PROCUREMENT_JustificationBook_Navy_PB_2016.xml",
        "@RECORDID": "7bde75768c75835d9437c988cf65b301c8038df71ba1a895b24b278e069de06b",
        "@ROWID": "3-7426de71c2b83adc9d13db5567bc2720741844ff815647cc97d810f7e8354791",
        "@PARENTROWID": "6362-360a4cc84c9167a8ac2f81050b5b83f8caa540368fc00fafa9bad732f211501d",
        "@PARENT": "root"
    },
    {
        "BudgetActivityNumber_val": "8",
        "BudgetActivityTitle_val": "Spares and Repair Parts",
        "@SOURCE_FILENAME": "2016-BASE_PROCUREMENT-2016-NAVY_OTHER_BA5-8-PROCUREMENT_JustificationBook_Navy_PB_2016.zzz_unzipped-PROCUREMENT_JustificationBook_Navy_PB_2016.xml",
        "@RECORDID": "7bde75768c75835d9437c988cf65b301c8038df71ba1a895b24b278e069de06b",
        "@ROWID": "4-59cdc645f46b94e40b5d73767f70aaaee21860a286922a6be5854ec20a769a1a",
        "@PARENTROWID": "6362-360a4cc84c9167a8ac2f81050b5b83f8caa540368fc00fafa9bad732f211501d",
        "@PARENT": "root"
    },
    {
        "BudgetActivityNumber_val": "1",
        "BudgetActivityTitle_val": "Ships Support Equipment",
        "@SOURCE_FILENAME": "2016-BASE_PROCUREMENT-2016-NAVY_OTHER_BA5-8-PROCUREMENT_MasterJustificationBook_Navy_PB_2016.zzz_unzipped-PROCUREMENT_MasterJustificationBook_Navy_PB_2016.xml",
        "@RECORDID": "844b28cd496474367de1b3faddbe529b7c8fd8550d9fc00fc159f7f46fa5937e",
        "@ROWID": "0-a0b46ad5f6cd72d200ab3fb4179a543390c7c06bd4aec95b8e0726e7c7050704",
        "@PARENTROWID": "6536-2d9994bd1c3802e0748d044f3c86ec8b9a317e22bd93876cc143db8192fa0d96",
        "@PARENT": "root"
    },
    {
        "BudgetActivityNumber_val": "2",
        "BudgetActivityTitle_val": "Communications & Electronics Equip",
        "@SOURCE_FILENAME": "2016-BASE_PROCUREMENT-2016-NAVY_OTHER_BA5-8-PROCUREMENT_MasterJustificationBook_Navy_PB_2016.zzz_unzipped-PROCUREMENT_MasterJustificationBook_Navy_PB_2016.xml",
        "@RECORDID": "844b28cd496474367de1b3faddbe529b7c8fd8550d9fc00fc159f7f46fa5937e",
        "@ROWID": "1-bf84cc0d35466aefc93f4453bd2993cf61fcf26a846d82fdf947afa1b46c7552",
        "@PARENTROWID": "6536-2d9994bd1c3802e0748d044f3c86ec8b9a317e22bd93876cc143db8192fa0d96",
        "@PARENT": "root"
    },
    {
        "BudgetActivityNumber_val": "3",
        "BudgetActivityTitle_val": "Aviation Support Equipment",
        "@SOURCE_FILENAME": "2016-BASE_PROCUREMENT-2016-NAVY_OTHER_BA5-8-PROCUREMENT_MasterJustificationBook_Navy_PB_2016.zzz_unzipped-PROCUREMENT_MasterJustificationBook_Navy_PB_2016.xml",
        "@RECORDID": "844b28cd496474367de1b3faddbe529b7c8fd8550d9fc00fc159f7f46fa5937e",
        "@ROWID": "2-d79674e115e99c2fd9eddcfa356517aaeb8870c9c89061a454e1d9de903e1968",
        "@PARENTROWID": "6536-2d9994bd1c3802e0748d044f3c86ec8b9a317e22bd93876cc143db8192fa0d96",
        "@PARENT": "root"
    },
    {
        "BudgetActivityNumber_val": "4",
        "BudgetActivityTitle_val": "Ordnance Support Equipment",
        "@SOURCE_FILENAME": "2016-BASE_PROCUREMENT-2016-NAVY_OTHER_BA5-8-PROCUREMENT_MasterJustificationBook_Navy_PB_2016.zzz_unzipped-PROCUREMENT_MasterJustificationBook_Navy_PB_2016.xml",
        "@RECORDID": "844b28cd496474367de1b3faddbe529b7c8fd8550d9fc00fc159f7f46fa5937e",
        "@ROWID": "3-a6ebe12636339bc6298200af4791a6c6e0446fd031c572aac8ce8968bec064f7",
        "@PARENTROWID": "6536-2d9994bd1c3802e0748d044f3c86ec8b9a317e22bd93876cc143db8192fa0d96",
        "@PARENT": "root"
    },
    {
        "BudgetActivityNumber_val": "8",
        "BudgetActivityTitle_val": "Spares and Repair Parts",
        "@SOURCE_FILENAME": "2016-BASE_PROCUREMENT-2016-NAVY_OTHER_BA5-8-PROCUREMENT_MasterJustificationBook_Navy_PB_2016.zzz_unzipped-PROCUREMENT_MasterJustificationBook_Navy_PB_2016.xml",
        "@RECORDID": "844b28cd496474367de1b3faddbe529b7c8fd8550d9fc00fc159f7f46fa5937e",
        "@ROWID": "4-8f738086775ca995100ad48a2b9f6f83c0484b39a643afc4e4e9dc29f9235d85",
        "@PARENTROWID": "6536-2d9994bd1c3802e0748d044f3c86ec8b9a317e22bd93876cc143db8192fa0d96",
        "@PARENT": "root"
    },
    {
        "BudgetActivityNumber_val": "4",
        "BudgetActivityTitle_val": "Spares and Repair Parts",
        "@SOURCE_FILENAME": "2017-BASE_PROCUREMENT-2017-AIRFORCE_MISSILE-U_PROCUREMENT_JustificationBook_Air_Force_PB_2017.zzz_unzipped-U_PROCUREMENT_JustificationBook_Air_Force_PB_2017.xml",
        "@RECORDID": "a6d64777e5b62a4130dcd8889ec44ec310bac87933d1ec558ee81e84728fae06",
        "@ROWID": "0-b8baa897d6ca463ce73a86313d471ac25c3a1a937d776a66eeb19d6a18786498",
        "@PARENTROWID": "6893-e2e90125f1674f291814b90da1ec56f29f51c107f1c68a14059c70d2b0e971a7",
        "@PARENT": "root"
    },
    {
        "BudgetActivityNumber_val": "4",
        "BudgetActivityTitle_val": "Spares and Repair Parts",
        "@SOURCE_FILENAME": "2017-BASE_PROCUREMENT-2017-AIRFORCE_MISSILE-U_PROCUREMENT_MasterJustificationBook_Air_Force_PB_2017.zzz_unzipped-U_PROCUREMENT_MasterJustificationBook_Air_Force_PB_2017.xml",
        "@RECORDID": "e19fba4fe460b23dda38633f447049ab5087c90b82af6fcbc629a2a2474061db",
        "@ROWID": "0-0fdb2cbf9c6458380bdb7ff8a04fd78604e99f2e44a55545727e09ab2e8c28ce",
        "@PARENTROWID": "6918-c6706d9b389369e6384dfe22e705111c448141453aefb19aa38661adc29e22d2",
        "@PARENT": "root"
    },
    {
        "BudgetActivityNumber_val": "7",
        "BudgetActivityTitle_val": "Aircraft Support Equip & Facilities",
        "@SOURCE_FILENAME": "2017-BASE_PROCUREMENT-2017-NAVY_AIRCRAFT_BA6-U_PROCUREMENT_JustificationBook_Navy_PB_2017.zzz_unzipped-U_PROCUREMENT_JustificationBook_Navy_PB_2017.xml",
        "@RECORDID": "afbdbd2a2747eb87223fd8e424087c54098b7ac9000f25a49dcc19ae1945e824",
        "@ROWID": "0-30c0947452735c222b57990e292428dfcf5d6118fd8a6e192c1c384864bd08b6",
        "@PARENTROWID": "7653-befc31aaed372817e273a4d7918fb530bc2e8bc174c558742343e0c5918a44a4",
        "@PARENT": "root"
    },
    {
        "BudgetActivityNumber_val": "7",
        "BudgetActivityTitle_val": "Aircraft Support Equip & Facilities",
        "@SOURCE_FILENAME": "2017-BASE_PROCUREMENT-2017-NAVY_AIRCRAFT_BA7-U_PROCUREMENT_MasterJustificationBook_Navy_PB_2017.zzz_unzipped-U_PROCUREMENT_MasterJustificationBook_Navy_PB_2017.xml",
        "@RECORDID": "4a1bd5adbc86be704b3da9e1d3f3b383b821782b292244744d33ccc5eb0674a1",
        "@ROWID": "0-6f28c9f763de54dff2697104cfd954bc3272354f729efcdf915145f8f4427774",
        "@PARENTROWID": "7723-7e0d75b528f3118e04042e4c9e1db808dafaf4c118c0e6a25883ba3f0ece5b90",
        "@PARENT": "root"
    },
    {
        "BudgetActivityNumber_val": "2",
        "BudgetActivityTitle_val": "Other Missiles",
        "@SOURCE_FILENAME": "2017-BASE_PROCUREMENT-2017-NAVY_WEAPONS-U_PROCUREMENT_JustificationBook_Navy_PB_2017.zzz_unzipped-U_PROCUREMENT_JustificationBook_Navy_PB_2017.xml",
        "@RECORDID": "fd15687b9041e46573412f07bda7bedcb1b6dffd0b400666c1ad06e5c260dc10",
        "@ROWID": "0-7d118dac14770141adb521f27ed46ef8854934047e990f8927439b8e4b768849",
        "@PARENTROWID": "7761-db8a50692e9bf3627b2a1cebce2c14b657429c5f24907c07bcbcaae9fdf0c5b7",
        "@PARENT": "root"
    },
    {
        "BudgetActivityNumber_val": "3",
        "BudgetActivityTitle_val": "Torpedoes and Related Equipment",
        "@SOURCE_FILENAME": "2017-BASE_PROCUREMENT-2017-NAVY_WEAPONS-U_PROCUREMENT_JustificationBook_Navy_PB_2017.zzz_unzipped-U_PROCUREMENT_JustificationBook_Navy_PB_2017.xml",
        "@RECORDID": "fd15687b9041e46573412f07bda7bedcb1b6dffd0b400666c1ad06e5c260dc10",
        "@ROWID": "1-a60df59328ad7f423c4d05b8372d208c883767e1d5d617e90195ee8529c5a055",
        "@PARENTROWID": "7761-db8a50692e9bf3627b2a1cebce2c14b657429c5f24907c07bcbcaae9fdf0c5b7",
        "@PARENT": "root"
    },
    {
        "BudgetActivityNumber_val": "4",
        "BudgetActivityTitle_val": "Other Weapons",
        "@SOURCE_FILENAME": "2017-BASE_PROCUREMENT-2017-NAVY_WEAPONS-U_PROCUREMENT_JustificationBook_Navy_PB_2017.zzz_unzipped-U_PROCUREMENT_JustificationBook_Navy_PB_2017.xml",
        "@RECORDID": "fd15687b9041e46573412f07bda7bedcb1b6dffd0b400666c1ad06e5c260dc10",
        "@ROWID": "2-9d972343f56b84531a3743f8321d71d8353414c820e6cbccc40df298277517cc",
        "@PARENTROWID": "7761-db8a50692e9bf3627b2a1cebce2c14b657429c5f24907c07bcbcaae9fdf0c5b7",
        "@PARENT": "root"
    },
    {
        "BudgetActivityNumber_val": "2",
        "BudgetActivityTitle_val": "Other Missiles",
        "@SOURCE_FILENAME": "2017-BASE_PROCUREMENT-2017-NAVY_WEAPONS-U_PROCUREMENT_MasterJustificationBook_Navy_PB_2017.zzz_unzipped-U_PROCUREMENT_MasterJustificationBook_Navy_PB_2017.xml",
        "@RECORDID": "9e4ae0a97fe82320309317b014df1631a8ed8bed64602ac513a1cd54f90f207a",
        "@ROWID": "0-2bd3e69829da6d42d60207789a7851a364e05fb7a403950a66f0bb2a370b0ff3",
        "@PARENTROWID": "7799-094b3e28d703bf0adcbe311c43b7c69aa6b020c59bbb126b2726564973085c66",
        "@PARENT": "root"
    },
    {
        "BudgetActivityNumber_val": "3",
        "BudgetActivityTitle_val": "Torpedoes and Related Equipment",
        "@SOURCE_FILENAME": "2017-BASE_PROCUREMENT-2017-NAVY_WEAPONS-U_PROCUREMENT_MasterJustificationBook_Navy_PB_2017.zzz_unzipped-U_PROCUREMENT_MasterJustificationBook_Navy_PB_2017.xml",
        "@RECORDID": "9e4ae0a97fe82320309317b014df1631a8ed8bed64602ac513a1cd54f90f207a",
        "@ROWID": "1-c0b6e916fbd2171ce09b44fffb24b4712b61186caa898655a3c064ac0d7eadb9",
        "@PARENTROWID": "7799-094b3e28d703bf0adcbe311c43b7c69aa6b020c59bbb126b2726564973085c66",
        "@PARENT": "root"
    },
    {
        "BudgetActivityNumber_val": "4",
        "BudgetActivityTitle_val": "Other Weapons",
        "@SOURCE_FILENAME": "2017-BASE_PROCUREMENT-2017-NAVY_WEAPONS-U_PROCUREMENT_MasterJustificationBook_Navy_PB_2017.zzz_unzipped-U_PROCUREMENT_MasterJustificationBook_Navy_PB_2017.xml",
        "@RECORDID": "9e4ae0a97fe82320309317b014df1631a8ed8bed64602ac513a1cd54f90f207a",
        "@ROWID": "2-5be2a22fa9a4ca325c3e4df5016a239f6b6b757cb70d1fa9756630e7c10cf6fb",
        "@PARENTROWID": "7799-094b3e28d703bf0adcbe311c43b7c69aa6b020c59bbb126b2726564973085c66",
        "@PARENT": "root"
    },
    {
        "BudgetActivityNumber_val": "1",
        "BudgetActivityTitle_val": "Ships Support Equipment",
        "@SOURCE_FILENAME": "2020-BASE_PROCUREMENT-2020-NAVY_OTHER_BA5-8-U_PROCUREMENT_JustificationBook_Navy_PB_2017.zzz_unzipped-U_PROCUREMENT_JustificationBook_Navy_PB_2017.xml",
        "@RECORDID": "e2b7e9dd5c717d4f99a9438c44088cb0501c0452ad08cda6dfd01e080849cc18",
        "@ROWID": "0-c77e997dbc027f8cc5f3174a02645671b2cb6dd08c45b7a63c6a52107c947327",
        "@PARENTROWID": "8002-df964e3f4201eaa5cc73b88099f4eeeb38bdce8bf750ddc8528b89d048dc06a6",
        "@PARENT": "root"
    },
    {
        "BudgetActivityNumber_val": "2",
        "BudgetActivityTitle_val": "Communications & Electronics Equip",
        "@SOURCE_FILENAME": "2020-BASE_PROCUREMENT-2020-NAVY_OTHER_BA5-8-U_PROCUREMENT_JustificationBook_Navy_PB_2017.zzz_unzipped-U_PROCUREMENT_JustificationBook_Navy_PB_2017.xml",
        "@RECORDID": "e2b7e9dd5c717d4f99a9438c44088cb0501c0452ad08cda6dfd01e080849cc18",
        "@ROWID": "1-6a3a9e4f56f73bab673ba477e79fb78718778694377cbee40358483d9acbb577",
        "@PARENTROWID": "8002-df964e3f4201eaa5cc73b88099f4eeeb38bdce8bf750ddc8528b89d048dc06a6",
        "@PARENT": "root"
    },
    {
        "BudgetActivityNumber_val": "3",
        "BudgetActivityTitle_val": "Aviation Support Equipment",
        "@SOURCE_FILENAME": "2020-BASE_PROCUREMENT-2020-NAVY_OTHER_BA5-8-U_PROCUREMENT_JustificationBook_Navy_PB_2017.zzz_unzipped-U_PROCUREMENT_JustificationBook_Navy_PB_2017.xml",
        "@RECORDID": "e2b7e9dd5c717d4f99a9438c44088cb0501c0452ad08cda6dfd01e080849cc18",
        "@ROWID": "2-f9dd405ed595ff5a9ffadfdcf05ada109a6ba049a0f5a381b4577078b5ea9777",
        "@PARENTROWID": "8002-df964e3f4201eaa5cc73b88099f4eeeb38bdce8bf750ddc8528b89d048dc06a6",
        "@PARENT": "root"
    },
    {
        "BudgetActivityNumber_val": "4",
        "BudgetActivityTitle_val": "Ordnance Support Equipment",
        "@SOURCE_FILENAME": "2020-BASE_PROCUREMENT-2020-NAVY_OTHER_BA5-8-U_PROCUREMENT_JustificationBook_Navy_PB_2017.zzz_unzipped-U_PROCUREMENT_JustificationBook_Navy_PB_2017.xml",
        "@RECORDID": "e2b7e9dd5c717d4f99a9438c44088cb0501c0452ad08cda6dfd01e080849cc18",
        "@ROWID": "3-8202e008dd65aceeefd81e0735c726b52a9632afd2794d7f3ef8edf00ca25a06",
        "@PARENTROWID": "8002-df964e3f4201eaa5cc73b88099f4eeeb38bdce8bf750ddc8528b89d048dc06a6",
        "@PARENT": "root"
    },
    {
        "BudgetActivityNumber_val": "8",
        "BudgetActivityTitle_val": "Spares and Repair Parts",
        "@SOURCE_FILENAME": "2020-BASE_PROCUREMENT-2020-NAVY_OTHER_BA5-8-U_PROCUREMENT_JustificationBook_Navy_PB_2017.zzz_unzipped-U_PROCUREMENT_JustificationBook_Navy_PB_2017.xml",
        "@RECORDID": "e2b7e9dd5c717d4f99a9438c44088cb0501c0452ad08cda6dfd01e080849cc18",
        "@ROWID": "4-306ecd1cd7ae2d3051a8c08afafce0d38b4c72a25ea07a569523153c091d7461",
        "@PARENTROWID": "8002-df964e3f4201eaa5cc73b88099f4eeeb38bdce8bf750ddc8528b89d048dc06a6",
        "@PARENT": "root"
    },
    {
        "BudgetActivityNumber_val": "1",
        "BudgetActivityTitle_val": "Ships Support Equipment",
        "@SOURCE_FILENAME": "2020-BASE_PROCUREMENT-2020-NAVY_OTHER_BA5-8-U_PROCUREMENT_MasterJustificationBook_Navy_PB_2017.zzz_unzipped-U_PROCUREMENT_MasterJustificationBook_Navy_PB_2017.xml",
        "@RECORDID": "269d22ff4e2dcfd866c813f9880ad48fc44d85b9d490737c99436d56708f3b1c",
        "@ROWID": "0-559975608b0a8f2bf406e4313c9f000069829c07eb409613ee7a5491bafd6919",
        "@PARENTROWID": "8150-aa7c4f3105d92a525f74397d53943977810e8cad1d8885efd39cca3d4056fbc9",
        "@PARENT": "root"
    },
    {
        "BudgetActivityNumber_val": "2",
        "BudgetActivityTitle_val": "Communications & Electronics Equip",
        "@SOURCE_FILENAME": "2020-BASE_PROCUREMENT-2020-NAVY_OTHER_BA5-8-U_PROCUREMENT_MasterJustificationBook_Navy_PB_2017.zzz_unzipped-U_PROCUREMENT_MasterJustificationBook_Navy_PB_2017.xml",
        "@RECORDID": "269d22ff4e2dcfd866c813f9880ad48fc44d85b9d490737c99436d56708f3b1c",
        "@ROWID": "1-1087759ae6a8da9357c39ab984b994b2b53bc7dfc0dc01aa519078fcf815dfdf",
        "@PARENTROWID": "8150-aa7c4f3105d92a525f74397d53943977810e8cad1d8885efd39cca3d4056fbc9",
        "@PARENT": "root"
    },
    {
        "BudgetActivityNumber_val": "3",
        "BudgetActivityTitle_val": "Aviation Support Equipment",
        "@SOURCE_FILENAME": "2020-BASE_PROCUREMENT-2020-NAVY_OTHER_BA5-8-U_PROCUREMENT_MasterJustificationBook_Navy_PB_2017.zzz_unzipped-U_PROCUREMENT_MasterJustificationBook_Navy_PB_2017.xml",
        "@RECORDID": "269d22ff4e2dcfd866c813f9880ad48fc44d85b9d490737c99436d56708f3b1c",
        "@ROWID": "2-d5badb83ba3752ad5a4f7d6f2c8c0eb7c8c6a06586ccbbd47c4b1398b367351b",
        "@PARENTROWID": "8150-aa7c4f3105d92a525f74397d53943977810e8cad1d8885efd39cca3d4056fbc9",
        "@PARENT": "root"
    },
    {
        "BudgetActivityNumber_val": "4",
        "BudgetActivityTitle_val": "Ordnance Support Equipment",
        "@SOURCE_FILENAME": "2020-BASE_PROCUREMENT-2020-NAVY_OTHER_BA5-8-U_PROCUREMENT_MasterJustificationBook_Navy_PB_2017.zzz_unzipped-U_PROCUREMENT_MasterJustificationBook_Navy_PB_2017.xml",
        "@RECORDID": "269d22ff4e2dcfd866c813f9880ad48fc44d85b9d490737c99436d56708f3b1c",
        "@ROWID": "3-f38770178a8f9731097301050f3b0141b86bdbaee8194fc8e651edf6b6702389",
        "@PARENTROWID": "8150-aa7c4f3105d92a525f74397d53943977810e8cad1d8885efd39cca3d4056fbc9",
        "@PARENT": "root"
    },
    {
        "BudgetActivityNumber_val": "8",
        "BudgetActivityTitle_val": "Spares and Repair Parts",
        "@SOURCE_FILENAME": "2020-BASE_PROCUREMENT-2020-NAVY_OTHER_BA5-8-U_PROCUREMENT_MasterJustificationBook_Navy_PB_2017.zzz_unzipped-U_PROCUREMENT_MasterJustificationBook_Navy_PB_2017.xml",
        "@RECORDID": "269d22ff4e2dcfd866c813f9880ad48fc44d85b9d490737c99436d56708f3b1c",
        "@ROWID": "4-d7565e2aff2cd54765af732f54869e2a74cfa36604d9e3b1abf91a22b65ae153",
        "@PARENTROWID": "8150-aa7c4f3105d92a525f74397d53943977810e8cad1d8885efd39cca3d4056fbc9",
        "@PARENT": "root"
    },
    {
        "BudgetActivityNumber_val": "4",
        "BudgetActivityTitle_val": "Spares and Repair Parts",
        "@SOURCE_FILENAME": "2018-BASE_PROCUREMENT-2018-AIRFORCE_MISSILE-U_PROCUREMENT_JustificationBook_Air_Force_PB_2018.zzz_unzipped-U_PROCUREMENT_JustificationBook_Air_Force_PB_2018.xml",
        "@RECORDID": "1bf8ad0e85e14f75a0205d07c62e763cf6746101e298576d8e29aa874478e8f3",
        "@ROWID": "0-407949d14ce8afa2766f4ed5cbfe505b81e38dae459504b953ff03f422fe07fc",
        "@PARENTROWID": "8464-72ba4bfc3f79ce18484a38645fa6b593d862b3e89294a2d200c85648aa6fd9d5",
        "@PARENT": "root"
    },
    {
        "BudgetActivityNumber_val": "4",
        "BudgetActivityTitle_val": "Spares and Repair Parts",
        "@SOURCE_FILENAME": "2018-BASE_PROCUREMENT-2018-AIRFORCE_MISSILE-U_PROCUREMENT_MasterJustificationBook_Air_Force_PB_2018.zzz_unzipped-U_PROCUREMENT_MasterJustificationBook_Air_Force_PB_2018.xml",
        "@RECORDID": "a35996a8dc82bf9e2eb348b17e5f2065590bf8485e344ce8a31a2fc103c01b35",
        "@ROWID": "0-0db68171576660b8be17ef71607f52973b829e420b3e4aad4375f544421c8884",
        "@PARENTROWID": "8480-fe456578066d0861d82d3d75e6b0da32911befc3135f566831c03ebb497f3d71",
        "@PARENT": "root"
    },
    {
        "BudgetActivityNumber_val": "7",
        "BudgetActivityTitle_val": "Aircraft Support Equip & Facilities",
        "@SOURCE_FILENAME": "2018-BASE_PROCUREMENT-2018-NAVY_AIRCRAFT_BA6-U_PROCUREMENT_JustificationBook_Navy_PB_2018.zzz_unzipped-U_PROCUREMENT_JustificationBook_Navy_PB_2018.xml",
        "@RECORDID": "b2d2573feda66e12617c651a66127a01769f005c24ac046e6416b761ed60e961",
        "@ROWID": "0-9a559cb766ae54e6e1aadee9d3badc6a147716b74cee7f8b6b3c20d157dded33",
        "@PARENTROWID": "9196-86f1d97661ede3ed0ccb9865aeb78e1730c1c06a467fd486ce75b94be4a5b6d0",
        "@PARENT": "root"
    },
    {
        "BudgetActivityNumber_val": "7",
        "BudgetActivityTitle_val": "Aircraft Support Equip & Facilities",
        "@SOURCE_FILENAME": "2018-BASE_PROCUREMENT-2018-NAVY_AIRCRAFT_BA67-U_PROCUREMENT_MasterJustificationBook_Navy_PB_2018.zzz_unzipped-U_PROCUREMENT_MasterJustificationBook_Navy_PB_2018.xml",
        "@RECORDID": "125d0ac289da7105e95f27479c407a36de9a3c01b1233198e205f34741e1d332",
        "@ROWID": "0-c730bab9a357d6fbeeb9bec3ab5d15c59db83f5bffc9b421fda806688b3a6f93",
        "@PARENTROWID": "9285-c679dc760186c091b9ef875a83d8e4d4936359234b721eabedd40d07e30ed18f",
        "@PARENT": "root"
    },
    {
        "BudgetActivityNumber_val": "2",
        "BudgetActivityTitle_val": "Other Missiles",
        "@SOURCE_FILENAME": "2018-BASE_PROCUREMENT-2018-NAVY_WEAPONS-U_PROCUREMENT_JustificationBook_Navy_PB_2018.zzz_unzipped-U_PROCUREMENT_JustificationBook_Navy_PB_2018.xml",
        "@RECORDID": "271763bf3521377f718e3940f65db9aec3d8d92ddc3a847902e51fe0454d26b5",
        "@ROWID": "0-ba1f37546d1d2c6b3670d2442a2a99ec948a25e79a7493d920afed0dc3f61ce2",
        "@PARENTROWID": "9327-bfb0a60edefabecd1854e601af0f1c4237439bfc7d780817f612c7e964567bbf",
        "@PARENT": "root"
    },
    {
        "BudgetActivityNumber_val": "3",
        "BudgetActivityTitle_val": "Torpedoes and Related Equipment",
        "@SOURCE_FILENAME": "2018-BASE_PROCUREMENT-2018-NAVY_WEAPONS-U_PROCUREMENT_JustificationBook_Navy_PB_2018.zzz_unzipped-U_PROCUREMENT_JustificationBook_Navy_PB_2018.xml",
        "@RECORDID": "271763bf3521377f718e3940f65db9aec3d8d92ddc3a847902e51fe0454d26b5",
        "@ROWID": "1-7039e716e4478710407c58c46b52a34967789d7af148f1d705a3d0928a70ed33",
        "@PARENTROWID": "9327-bfb0a60edefabecd1854e601af0f1c4237439bfc7d780817f612c7e964567bbf",
        "@PARENT": "root"
    },
    {
        "BudgetActivityNumber_val": "4",
        "BudgetActivityTitle_val": "Other Weapons",
        "@SOURCE_FILENAME": "2018-BASE_PROCUREMENT-2018-NAVY_WEAPONS-U_PROCUREMENT_JustificationBook_Navy_PB_2018.zzz_unzipped-U_PROCUREMENT_JustificationBook_Navy_PB_2018.xml",
        "@RECORDID": "271763bf3521377f718e3940f65db9aec3d8d92ddc3a847902e51fe0454d26b5",
        "@ROWID": "2-f222093686c2404e9692589d439cf842517a9f962fd20787944d55c4b059a852",
        "@PARENTROWID": "9327-bfb0a60edefabecd1854e601af0f1c4237439bfc7d780817f612c7e964567bbf",
        "@PARENT": "root"
    },
    {
        "BudgetActivityNumber_val": "2",
        "BudgetActivityTitle_val": "Other Missiles",
        "@SOURCE_FILENAME": "2018-BASE_PROCUREMENT-2018-NAVY_WEAPONS-U_PROCUREMENT_MasterJustificationBook_Navy_PB_2018.zzz_unzipped-U_PROCUREMENT_MasterJustificationBook_Navy_PB_2018.xml",
        "@RECORDID": "46a1593151ed3b4a013e58fcc9c7006915c8b31d3d559bfadc47e1b1ed5da3d6",
        "@ROWID": "0-449b585301446fe124602c3f67ce6fad5b11bdf6c7de928fd655968b0d058830",
        "@PARENTROWID": "9367-66434e45157599cc18ec1e0b392b95c1e809110becfeb0e03c28ab933ce4eda1",
        "@PARENT": "root"
    },
    {
        "BudgetActivityNumber_val": "3",
        "BudgetActivityTitle_val": "Torpedoes and Related Equipment",
        "@SOURCE_FILENAME": "2018-BASE_PROCUREMENT-2018-NAVY_WEAPONS-U_PROCUREMENT_MasterJustificationBook_Navy_PB_2018.zzz_unzipped-U_PROCUREMENT_MasterJustificationBook_Navy_PB_2018.xml",
        "@RECORDID": "46a1593151ed3b4a013e58fcc9c7006915c8b31d3d559bfadc47e1b1ed5da3d6",
        "@ROWID": "1-78db6c5aa0ae3ec047756b5137355a4fb170bb89dbf1d38bb73669950887e35c",
        "@PARENTROWID": "9367-66434e45157599cc18ec1e0b392b95c1e809110becfeb0e03c28ab933ce4eda1",
        "@PARENT": "root"
    },
    {
        "BudgetActivityNumber_val": "4",
        "BudgetActivityTitle_val": "Other Weapons",
        "@SOURCE_FILENAME": "2018-BASE_PROCUREMENT-2018-NAVY_WEAPONS-U_PROCUREMENT_MasterJustificationBook_Navy_PB_2018.zzz_unzipped-U_PROCUREMENT_MasterJustificationBook_Navy_PB_2018.xml",
        "@RECORDID": "46a1593151ed3b4a013e58fcc9c7006915c8b31d3d559bfadc47e1b1ed5da3d6",
        "@ROWID": "2-64d30ccfb2ad8b1e39e144147b1b3fe5e64d7397381d596fe848676f8352f438",
        "@PARENTROWID": "9367-66434e45157599cc18ec1e0b392b95c1e809110becfeb0e03c28ab933ce4eda1",
        "@PARENT": "root"
    },
    {
        "BudgetActivityNumber_val": "1",
        "BudgetActivityTitle_val": "Ships Support Equipment",
        "@SOURCE_FILENAME": "2018-BASE_PROCUREMENT-2018-NAVY_OTHER_BA5-8-U_PROCUREMENT_JustificationBook_Navy_PB_2018.zzz_unzipped-U_PROCUREMENT_JustificationBook_Navy_PB_2018.xml",
        "@RECORDID": "27ec801d96f1473adbbff9c4550abf0a33deafa4c861c13af161a51f14c66d1f",
        "@ROWID": "0-e0baa6f4948ef07c266bab24dd989aa99b25baf2b8b144194d942f738391b025",
        "@PARENTROWID": "9502-cd28385e4309212c440b9c142b556c0031cc04b69bac4de7399229ba29d75b1a",
        "@PARENT": "root"
    },
    {
        "BudgetActivityNumber_val": "2",
        "BudgetActivityTitle_val": "Communications & Electronics Equip",
        "@SOURCE_FILENAME": "2018-BASE_PROCUREMENT-2018-NAVY_OTHER_BA5-8-U_PROCUREMENT_JustificationBook_Navy_PB_2018.zzz_unzipped-U_PROCUREMENT_JustificationBook_Navy_PB_2018.xml",
        "@RECORDID": "27ec801d96f1473adbbff9c4550abf0a33deafa4c861c13af161a51f14c66d1f",
        "@ROWID": "1-800be3c3e932e517cd32eb3117e6d7ed64ab55b671ccf16adc1e63ce5a8140d5",
        "@PARENTROWID": "9502-cd28385e4309212c440b9c142b556c0031cc04b69bac4de7399229ba29d75b1a",
        "@PARENT": "root"
    },
    {
        "BudgetActivityNumber_val": "3",
        "BudgetActivityTitle_val": "Aviation Support Equipment",
        "@SOURCE_FILENAME": "2018-BASE_PROCUREMENT-2018-NAVY_OTHER_BA5-8-U_PROCUREMENT_JustificationBook_Navy_PB_2018.zzz_unzipped-U_PROCUREMENT_JustificationBook_Navy_PB_2018.xml",
        "@RECORDID": "27ec801d96f1473adbbff9c4550abf0a33deafa4c861c13af161a51f14c66d1f",
        "@ROWID": "2-91b8c3d514fed8a685c30cb7e6c61890f4854cb6381687471180a41f32982ced",
        "@PARENTROWID": "9502-cd28385e4309212c440b9c142b556c0031cc04b69bac4de7399229ba29d75b1a",
        "@PARENT": "root"
    },
    {
        "BudgetActivityNumber_val": "4",
        "BudgetActivityTitle_val": "Ordnance Support Equipment",
        "@SOURCE_FILENAME": "2018-BASE_PROCUREMENT-2018-NAVY_OTHER_BA5-8-U_PROCUREMENT_JustificationBook_Navy_PB_2018.zzz_unzipped-U_PROCUREMENT_JustificationBook_Navy_PB_2018.xml",
        "@RECORDID": "27ec801d96f1473adbbff9c4550abf0a33deafa4c861c13af161a51f14c66d1f",
        "@ROWID": "3-5126df3180f6a6d16fc7a16eeec0e977ea51a7d5a3c564cad999800c37be1c19",
        "@PARENTROWID": "9502-cd28385e4309212c440b9c142b556c0031cc04b69bac4de7399229ba29d75b1a",
        "@PARENT": "root"
    },
    {
        "BudgetActivityNumber_val": "8",
        "BudgetActivityTitle_val": "Spares and Repair Parts",
        "@SOURCE_FILENAME": "2018-BASE_PROCUREMENT-2018-NAVY_OTHER_BA5-8-U_PROCUREMENT_JustificationBook_Navy_PB_2018.zzz_unzipped-U_PROCUREMENT_JustificationBook_Navy_PB_2018.xml",
        "@RECORDID": "27ec801d96f1473adbbff9c4550abf0a33deafa4c861c13af161a51f14c66d1f",
        "@ROWID": "4-773b9606a8038c0d9223eb288177fb3a7f836ac450d109ad593cac048e05f159",
        "@PARENTROWID": "9502-cd28385e4309212c440b9c142b556c0031cc04b69bac4de7399229ba29d75b1a",
        "@PARENT": "root"
    },
    {
        "BudgetActivityNumber_val": "1",
        "BudgetActivityTitle_val": "Ships Support Equipment",
        "@SOURCE_FILENAME": "2018-BASE_PROCUREMENT-2018-NAVY_OTHER_BA5-8-U_PROCUREMENT_MasterJustificationBook_Navy_PB_2018.zzz_unzipped-U_PROCUREMENT_MasterJustificationBook_Navy_PB_2018.xml",
        "@RECORDID": "43624126dbd4055c26d102021e36fc5a20df2445f571fb50072a3973ef1aab1b",
        "@ROWID": "0-97830748ae1fbea6345cc3ff1c8dfdf85746f2a3364fab6e82c11204440208b2",
        "@PARENTROWID": "9772-33dd6a30a3973737122dc9e387d099184fa6f33c7a971ec82548a0bff511f0e1",
        "@PARENT": "root"
    },
    {
        "BudgetActivityNumber_val": "2",
        "BudgetActivityTitle_val": "Communications & Electronics Equip",
        "@SOURCE_FILENAME": "2018-BASE_PROCUREMENT-2018-NAVY_OTHER_BA5-8-U_PROCUREMENT_MasterJustificationBook_Navy_PB_2018.zzz_unzipped-U_PROCUREMENT_MasterJustificationBook_Navy_PB_2018.xml",
        "@RECORDID": "43624126dbd4055c26d102021e36fc5a20df2445f571fb50072a3973ef1aab1b",
        "@ROWID": "1-fe01b618637a38c948fbc9fa79ae967511ba11a7c0eb7a679202b8a8a959113f",
        "@PARENTROWID": "9772-33dd6a30a3973737122dc9e387d099184fa6f33c7a971ec82548a0bff511f0e1",
        "@PARENT": "root"
    },
    {
        "BudgetActivityNumber_val": "3",
        "BudgetActivityTitle_val": "Aviation Support Equipment",
        "@SOURCE_FILENAME": "2018-BASE_PROCUREMENT-2018-NAVY_OTHER_BA5-8-U_PROCUREMENT_MasterJustificationBook_Navy_PB_2018.zzz_unzipped-U_PROCUREMENT_MasterJustificationBook_Navy_PB_2018.xml",
        "@RECORDID": "43624126dbd4055c26d102021e36fc5a20df2445f571fb50072a3973ef1aab1b",
        "@ROWID": "2-9bc14078ef9c9c94867aba69926bae803f700e4629639c498c26e43fe6dc7d1e",
        "@PARENTROWID": "9772-33dd6a30a3973737122dc9e387d099184fa6f33c7a971ec82548a0bff511f0e1",
        "@PARENT": "root"
    },
    {
        "BudgetActivityNumber_val": "4",
        "BudgetActivityTitle_val": "Ordnance Support Equipment",
        "@SOURCE_FILENAME": "2018-BASE_PROCUREMENT-2018-NAVY_OTHER_BA5-8-U_PROCUREMENT_MasterJustificationBook_Navy_PB_2018.zzz_unzipped-U_PROCUREMENT_MasterJustificationBook_Navy_PB_2018.xml",
        "@RECORDID": "43624126dbd4055c26d102021e36fc5a20df2445f571fb50072a3973ef1aab1b",
        "@ROWID": "3-bb1cf2f1b2c5ba21c92289ddd6585262b63cfcde57b9bc3e363b34bf27775ba6",
        "@PARENTROWID": "9772-33dd6a30a3973737122dc9e387d099184fa6f33c7a971ec82548a0bff511f0e1",
        "@PARENT": "root"
    },
    {
        "BudgetActivityNumber_val": "8",
        "BudgetActivityTitle_val": "Spares and Repair Parts",
        "@SOURCE_FILENAME": "2018-BASE_PROCUREMENT-2018-NAVY_OTHER_BA5-8-U_PROCUREMENT_MasterJustificationBook_Navy_PB_2018.zzz_unzipped-U_PROCUREMENT_MasterJustificationBook_Navy_PB_2018.xml",
        "@RECORDID": "43624126dbd4055c26d102021e36fc5a20df2445f571fb50072a3973ef1aab1b",
        "@ROWID": "4-882328c7858aa76c6aeb349c68771f6cf0ebf4545075ab94281b02610a40ce23",
        "@PARENTROWID": "9772-33dd6a30a3973737122dc9e387d099184fa6f33c7a971ec82548a0bff511f0e1",
        "@PARENT": "root"
    },
    {
        "BudgetActivityNumber_val": "4",
        "BudgetActivityTitle_val": "Spares and Repair Parts",
        "@SOURCE_FILENAME": "2019-BASE_PROCUREMENT-2019-AIRFORCE_MISSILE-U_PROCUREMENT_JustificationBook_Air_Force_PB_2019.zzz_unzipped-U_PROCUREMENT_JustificationBook_Air_Force_PB_2019.xml",
        "@RECORDID": "6536b9acdf910f39a3920842a47f5ccb2a5bd7aae8b038288c78c5460090826e",
        "@ROWID": "0-1456d88c5f646d364dc151a437ca706e0e106bb970a897910e8ab1a83414ca91",
        "@PARENTROWID": "10097-9c980923288c2726c114ece53bbbdba669867b28837c973f6cc01079e3c1147d",
        "@PARENT": "root"
    },
    {
        "BudgetActivityNumber_val": "4",
        "BudgetActivityTitle_val": "Spares and Repair Parts",
        "@SOURCE_FILENAME": "2019-BASE_PROCUREMENT-2019-AIRFORCE_MISSILE-U_PROCUREMENT_MasterJustificationBook_Air_Force_PB_2019.zzz_unzipped-U_PROCUREMENT_MasterJustificationBook_Air_Force_PB_2019.xml",
        "@RECORDID": "e37d18328fcae31f8255c53a538c5d44c3cde6b21f89dd962297599e4f02dad5",
        "@ROWID": "0-72281b8053b65d88426ef7c53c3081fda0575deda76cda268df8109c18b9c688",
        "@PARENTROWID": "10113-b6f5f98f4051670e5fef3e44d8df7a515fb50db5f9e57964de68cb2cc6d7fca5",
        "@PARENT": "root"
    },
    {
        "BudgetActivityNumber_val": "7",
        "BudgetActivityTitle_val": "Aircraft Support Equip & Facilities",
        "@SOURCE_FILENAME": "2019-BASE_PROCUREMENT-2019-NAVY_AIRCRAFT_BA6-U_PROCUREMENT_JustificationBook_Navy_PB_2019.zzz_unzipped-U_PROCUREMENT_JustificationBook_Navy_PB_2019.xml",
        "@RECORDID": "01b52c0cca5d992d77126e2f788680cb5dc4b2baf6ff2f8dad619492603b702f",
        "@ROWID": "0-29779d6c879ecbcfa3377f64f7ff113bcd75b6970ac2a30a669ec1a7f50defb3",
        "@PARENTROWID": "10829-e99b51d4b992de3cf0cc7b8e80bf16000647a5b1707585e91e2e9cde554541d1",
        "@PARENT": "root"
    },
    {
        "BudgetActivityNumber_val": "7",
        "BudgetActivityTitle_val": "Aircraft Support Equip & Facilities",
        "@SOURCE_FILENAME": "2019-BASE_PROCUREMENT-2019-NAVY_AIRCRAFT_BA67-U_PROCUREMENT_MasterJustificationBook_Navy_PB_2019.zzz_unzipped-U_PROCUREMENT_MasterJustificationBook_Navy_PB_2019.xml",
        "@RECORDID": "8cd5a108e4501e79e1dd0c130685365d393e275837cfcdee187e66ba22870d66",
        "@ROWID": "0-914d2911c62e96f44872719f975b338460a693365d16fb01571d8e125aa60082",
        "@PARENTROWID": "10905-20be4a3d880ad61ab1fe21514c56d595bfef35890e27bf50137e873fca254d0f",
        "@PARENT": "root"
    },
    {
        "BudgetActivityNumber_val": "2",
        "BudgetActivityTitle_val": "Other Missiles",
        "@SOURCE_FILENAME": "2019-BASE_PROCUREMENT-2019-NAVY_WEAPONS-U_PROCUREMENT_JustificationBook_Navy_PB_2019.zzz_unzipped-U_PROCUREMENT_JustificationBook_Navy_PB_2019.xml",
        "@RECORDID": "3ad71abb0b3f4c34af8f9abad7159bb2e5cdd5ed1015a8a9829d942f29628686",
        "@ROWID": "0-29fae7584ab2f1c084f8b5f01d2c17f06d25f7622f8fc904eb05807e16752a86",
        "@PARENTROWID": "10947-a3a786002fd7ccfc72ef34eb296b5c6710e0aa9cc6d64a1a86efab0c008862d8",
        "@PARENT": "root"
    },
    {
        "BudgetActivityNumber_val": "3",
        "BudgetActivityTitle_val": "Torpedoes and Related Equipment",
        "@SOURCE_FILENAME": "2019-BASE_PROCUREMENT-2019-NAVY_WEAPONS-U_PROCUREMENT_JustificationBook_Navy_PB_2019.zzz_unzipped-U_PROCUREMENT_JustificationBook_Navy_PB_2019.xml",
        "@RECORDID": "3ad71abb0b3f4c34af8f9abad7159bb2e5cdd5ed1015a8a9829d942f29628686",
        "@ROWID": "1-61e6a5dd5d69509466b4b57a62a3d07008698296ded6ad1005e363f01c06a821",
        "@PARENTROWID": "10947-a3a786002fd7ccfc72ef34eb296b5c6710e0aa9cc6d64a1a86efab0c008862d8",
        "@PARENT": "root"
    },
    {
        "BudgetActivityNumber_val": "4",
        "BudgetActivityTitle_val": "Other Weapons",
        "@SOURCE_FILENAME": "2019-BASE_PROCUREMENT-2019-NAVY_WEAPONS-U_PROCUREMENT_JustificationBook_Navy_PB_2019.zzz_unzipped-U_PROCUREMENT_JustificationBook_Navy_PB_2019.xml",
        "@RECORDID": "3ad71abb0b3f4c34af8f9abad7159bb2e5cdd5ed1015a8a9829d942f29628686",
        "@ROWID": "2-804f58b01d1ac9f59097fd47152887fc7248b7ad748227f57e74e68160d39111",
        "@PARENTROWID": "10947-a3a786002fd7ccfc72ef34eb296b5c6710e0aa9cc6d64a1a86efab0c008862d8",
        "@PARENT": "root"
    },
    {
        "BudgetActivityNumber_val": "2",
        "BudgetActivityTitle_val": "Other Missiles",
        "@SOURCE_FILENAME": "2019-BASE_PROCUREMENT-2019-NAVY_WEAPONS-U_PROCUREMENT_MasterJustificationBook_Navy_PB_2019.zzz_unzipped-U_PROCUREMENT_MasterJustificationBook_Navy_PB_2019.xml",
        "@RECORDID": "1a3a3dd8456d6d3391214905cd3262bed0f9886e904c1835820dbef7d10d28ea",
        "@ROWID": "0-0a9db5304c8923542151eeb7f859d3e6a62d348bc0b586d7d2d47fce8d70bce1",
        "@PARENTROWID": "10988-6d2b4b270d321edd22fdf55ce9fa0003c973c033e466d1878ec60d6fdc7ae447",
        "@PARENT": "root"
    },
    {
        "BudgetActivityNumber_val": "3",
        "BudgetActivityTitle_val": "Torpedoes and Related Equipment",
        "@SOURCE_FILENAME": "2019-BASE_PROCUREMENT-2019-NAVY_WEAPONS-U_PROCUREMENT_MasterJustificationBook_Navy_PB_2019.zzz_unzipped-U_PROCUREMENT_MasterJustificationBook_Navy_PB_2019.xml",
        "@RECORDID": "1a3a3dd8456d6d3391214905cd3262bed0f9886e904c1835820dbef7d10d28ea",
        "@ROWID": "1-54c95c7f62fcd02efd7cae394d393e1705488bc579f7cd658619303e7fd32d1c",
        "@PARENTROWID": "10988-6d2b4b270d321edd22fdf55ce9fa0003c973c033e466d1878ec60d6fdc7ae447",
        "@PARENT": "root"
    },
    {
        "BudgetActivityNumber_val": "4",
        "BudgetActivityTitle_val": "Other Weapons",
        "@SOURCE_FILENAME": "2019-BASE_PROCUREMENT-2019-NAVY_WEAPONS-U_PROCUREMENT_MasterJustificationBook_Navy_PB_2019.zzz_unzipped-U_PROCUREMENT_MasterJustificationBook_Navy_PB_2019.xml",
        "@RECORDID": "1a3a3dd8456d6d3391214905cd3262bed0f9886e904c1835820dbef7d10d28ea",
        "@ROWID": "2-debf044feccc16f1c83a2f813510b6ea7545d492001c3d4904142647c4f3b117",
        "@PARENTROWID": "10988-6d2b4b270d321edd22fdf55ce9fa0003c973c033e466d1878ec60d6fdc7ae447",
        "@PARENT": "root"
    },
    {
        "BudgetActivityNumber_val": "1",
        "BudgetActivityTitle_val": "Ships Support Equipment",
        "@SOURCE_FILENAME": "2019-BASE_PROCUREMENT-2019-NAVY_OTHER_BA5-8-U_PROCUREMENT_JustificationBook_Navy_PB_2019.zzz_unzipped-U_PROCUREMENT_JustificationBook_Navy_PB_2019.xml",
        "@RECORDID": "837df01f08c4fe4258be4156615749e98921711107d3bf96607ec0edcb60ae18",
        "@ROWID": "0-0826cbf9e7d289958b3e386766074818c08b3ae109a444adbd6245813806d31e",
        "@PARENTROWID": "11110-614d222be26b66ec83e34eb9a1fc2c83aa3a2184a298e339e05b005b0fb1dc65",
        "@PARENT": "root"
    },
    {
        "BudgetActivityNumber_val": "2",
        "BudgetActivityTitle_val": "Communications & Electronics Equip",
        "@SOURCE_FILENAME": "2019-BASE_PROCUREMENT-2019-NAVY_OTHER_BA5-8-U_PROCUREMENT_JustificationBook_Navy_PB_2019.zzz_unzipped-U_PROCUREMENT_JustificationBook_Navy_PB_2019.xml",
        "@RECORDID": "837df01f08c4fe4258be4156615749e98921711107d3bf96607ec0edcb60ae18",
        "@ROWID": "1-2436258a933f23e51c272b0e5842264737a6f90fc680cf6807b61d0a111ad974",
        "@PARENTROWID": "11110-614d222be26b66ec83e34eb9a1fc2c83aa3a2184a298e339e05b005b0fb1dc65",
        "@PARENT": "root"
    },
    {
        "BudgetActivityNumber_val": "3",
        "BudgetActivityTitle_val": "Aviation Support Equipment",
        "@SOURCE_FILENAME": "2019-BASE_PROCUREMENT-2019-NAVY_OTHER_BA5-8-U_PROCUREMENT_JustificationBook_Navy_PB_2019.zzz_unzipped-U_PROCUREMENT_JustificationBook_Navy_PB_2019.xml",
        "@RECORDID": "837df01f08c4fe4258be4156615749e98921711107d3bf96607ec0edcb60ae18",
        "@ROWID": "2-901117503f49cecee8659cf51f90dd4c5e848272b750f7361ea603a30b2e1c80",
        "@PARENTROWID": "11110-614d222be26b66ec83e34eb9a1fc2c83aa3a2184a298e339e05b005b0fb1dc65",
        "@PARENT": "root"
    },
    {
        "BudgetActivityNumber_val": "4",
        "BudgetActivityTitle_val": "Ordnance Support Equipment",
        "@SOURCE_FILENAME": "2019-BASE_PROCUREMENT-2019-NAVY_OTHER_BA5-8-U_PROCUREMENT_JustificationBook_Navy_PB_2019.zzz_unzipped-U_PROCUREMENT_JustificationBook_Navy_PB_2019.xml",
        "@RECORDID": "837df01f08c4fe4258be4156615749e98921711107d3bf96607ec0edcb60ae18",
        "@ROWID": "3-125f58c09696a0198a5f7f8c5630d017890824a254843231cec4bef58fcd20b1",
        "@PARENTROWID": "11110-614d222be26b66ec83e34eb9a1fc2c83aa3a2184a298e339e05b005b0fb1dc65",
        "@PARENT": "root"
    },
    {
        "BudgetActivityNumber_val": "8",
        "BudgetActivityTitle_val": "Spares and Repair Parts",
        "@SOURCE_FILENAME": "2019-BASE_PROCUREMENT-2019-NAVY_OTHER_BA5-8-U_PROCUREMENT_JustificationBook_Navy_PB_2019.zzz_unzipped-U_PROCUREMENT_JustificationBook_Navy_PB_2019.xml",
        "@RECORDID": "837df01f08c4fe4258be4156615749e98921711107d3bf96607ec0edcb60ae18",
        "@ROWID": "4-c136731a5872a1f7c1d62c151f561151254d891b8775e20b2b5640ea147a3e9f",
        "@PARENTROWID": "11110-614d222be26b66ec83e34eb9a1fc2c83aa3a2184a298e339e05b005b0fb1dc65",
        "@PARENT": "root"
    },
    {
        "BudgetActivityNumber_val": "1",
        "BudgetActivityTitle_val": "Ships Support Equipment",
        "@SOURCE_FILENAME": "2019-BASE_PROCUREMENT-2019-NAVY_OTHER_BA5-8-U_PROCUREMENT_MasterJustificationBook_Navy_PB_2019.zzz_unzipped-U_PROCUREMENT_MasterJustificationBook_Navy_PB_2019.xml",
        "@RECORDID": "11798e27f76fcd3c411574ef537d1ec41fd65b00af776715cad9166c8a650a3d",
        "@ROWID": "0-3c92ca7341a0c53dfb270f53572697a152bc33e59600d10b66278db5499ad37b",
        "@PARENTROWID": "11340-214860e2c75f0bba1d6648245cbb8f42688e10bc79d319a7d13910fec57a1a11",
        "@PARENT": "root"
    },
    {
        "BudgetActivityNumber_val": "2",
        "BudgetActivityTitle_val": "Communications & Electronics Equip",
        "@SOURCE_FILENAME": "2019-BASE_PROCUREMENT-2019-NAVY_OTHER_BA5-8-U_PROCUREMENT_MasterJustificationBook_Navy_PB_2019.zzz_unzipped-U_PROCUREMENT_MasterJustificationBook_Navy_PB_2019.xml",
        "@RECORDID": "11798e27f76fcd3c411574ef537d1ec41fd65b00af776715cad9166c8a650a3d",
        "@ROWID": "1-e883171b138414c607d6b88883a4b798e9f5b914cb2d8c1e1f3d4f6a151dec24",
        "@PARENTROWID": "11340-214860e2c75f0bba1d6648245cbb8f42688e10bc79d319a7d13910fec57a1a11",
        "@PARENT": "root"
    },
    {
        "BudgetActivityNumber_val": "3",
        "BudgetActivityTitle_val": "Aviation Support Equipment",
        "@SOURCE_FILENAME": "2019-BASE_PROCUREMENT-2019-NAVY_OTHER_BA5-8-U_PROCUREMENT_MasterJustificationBook_Navy_PB_2019.zzz_unzipped-U_PROCUREMENT_MasterJustificationBook_Navy_PB_2019.xml",
        "@RECORDID": "11798e27f76fcd3c411574ef537d1ec41fd65b00af776715cad9166c8a650a3d",
        "@ROWID": "2-b369f5ca9f5f9f11bef4f22e1daeb0a821f3bab36fe774611bcd390da97e02d7",
        "@PARENTROWID": "11340-214860e2c75f0bba1d6648245cbb8f42688e10bc79d319a7d13910fec57a1a11",
        "@PARENT": "root"
    },
    {
        "BudgetActivityNumber_val": "4",
        "BudgetActivityTitle_val": "Ordnance Support Equipment",
        "@SOURCE_FILENAME": "2019-BASE_PROCUREMENT-2019-NAVY_OTHER_BA5-8-U_PROCUREMENT_MasterJustificationBook_Navy_PB_2019.zzz_unzipped-U_PROCUREMENT_MasterJustificationBook_Navy_PB_2019.xml",
        "@RECORDID": "11798e27f76fcd3c411574ef537d1ec41fd65b00af776715cad9166c8a650a3d",
        "@ROWID": "3-2d6e2592a499fb4e6128147dd73707c01093488700965c5cdbc79f456b6c5783",
        "@PARENTROWID": "11340-214860e2c75f0bba1d6648245cbb8f42688e10bc79d319a7d13910fec57a1a11",
        "@PARENT": "root"
    },
    {
        "BudgetActivityNumber_val": "8",
        "BudgetActivityTitle_val": "Spares and Repair Parts",
        "@SOURCE_FILENAME": "2019-BASE_PROCUREMENT-2019-NAVY_OTHER_BA5-8-U_PROCUREMENT_MasterJustificationBook_Navy_PB_2019.zzz_unzipped-U_PROCUREMENT_MasterJustificationBook_Navy_PB_2019.xml",
        "@RECORDID": "11798e27f76fcd3c411574ef537d1ec41fd65b00af776715cad9166c8a650a3d",
        "@ROWID": "4-a4dd9e915ed589f73e603fca17dd50a3088b25d656097cdba2ebaa2002ae834a",
        "@PARENTROWID": "11340-214860e2c75f0bba1d6648245cbb8f42688e10bc79d319a7d13910fec57a1a11",
        "@PARENT": "root"
    },
    {
        "BudgetActivityNumber_val": "4",
        "BudgetActivityTitle_val": "Spares and Repair Parts",
        "@SOURCE_FILENAME": "2020-BASE_PROCUREMENT-2020-AIRFORCE_MISSILE-U_PROCUREMENT_JustificationBook_Air_Force_PB_2020.zzz_unzipped-U_PROCUREMENT_JustificationBook_Air_Force_PB_2020.xml",
        "@RECORDID": "1f5725b0a45fcf8123be93bebfdd7ec83fd133e1534fa59696f16e8c69aa2aca",
        "@ROWID": "0-d4e02331c6d6112086a1beffbae5744cc3dfeeb08d8640eea345b19754aba855",
        "@PARENTROWID": "11653-5b67b21dfba4b65d0e29129cf6ff6d64f6ca0202c03788f6120e3b3763ce1ed4",
        "@PARENT": "root"
    },
    {
        "BudgetActivityNumber_val": "4",
        "BudgetActivityTitle_val": "Spares and Repair Parts",
        "@SOURCE_FILENAME": "2020-BASE_PROCUREMENT-2020-AIRFORCE_MISSILE-U_PROCUREMENT_MasterJustificationBook_Air_Force_PB_2020.zzz_unzipped-U_PROCUREMENT_MasterJustificationBook_Air_Force_PB_2020.xml",
        "@RECORDID": "b5dc524d51ea02572c673318bbe4712513407363eb046a219dfbdddc088e97f9",
        "@ROWID": "0-de6b49efa4a1d1127f97877dcaec7fb850c3088235417fb4ed17c6e2c74e86ce",
        "@PARENTROWID": "11671-4057845082277e5cefa278d0d6c5644fa906b9ab007b1d87187fa32cdfd748d2",
        "@PARENT": "root"
    },
    {
        "BudgetActivityNumber_val": "7",
        "BudgetActivityTitle_val": "Aircraft Support Equip & Facilities",
        "@SOURCE_FILENAME": "2020-BASE_PROCUREMENT-2020-NAVY_AIRCRAFT_BA6-7-U_PROCUREMENT_JustificationBook_Navy_PB_2020.zzz_unzipped-U_PROCUREMENT_JustificationBook_Navy_PB_2020.xml",
        "@RECORDID": "e2ed7ee629852188268b4df20bd4bdb0d47a1554023024219b6b8eba98744f3b",
        "@ROWID": "0-20405054546737e08637b94c2d29957e1388385246f96370310354c55155fbce",
        "@PARENTROWID": "12362-c9775249e9cc70c19a918862b2c39b3560f314770aeb112cb61ff454d8878ec6",
        "@PARENT": "root"
    },
    {
        "BudgetActivityNumber_val": "7",
        "BudgetActivityTitle_val": "Aircraft Support Equip & Facilities",
        "@SOURCE_FILENAME": "2020-BASE_PROCUREMENT-2020-NAVY_AIRCRAFT_BA6-7-U_PROCUREMENT_MasterJustificationBook_Navy_PB_2020.zzz_unzipped-U_PROCUREMENT_MasterJustificationBook_Navy_PB_2020.xml",
        "@RECORDID": "bf56329742f9ce0ee39245fac7e3def59aa32ac4cccb9158065119d480fc799c",
        "@ROWID": "0-b0472e6c10e4eba47bd8e045cdb5d28b06a0aeb7f7c7b36790371ae8aee5adb4",
        "@PARENTROWID": "12477-febbb6c4693148afbb33e97216008ffd7346be0997ef39fbb0cf912ee369f247",
        "@PARENT": "root"
    },
    {
        "BudgetActivityNumber_val": "2",
        "BudgetActivityTitle_val": "Other Missiles",
        "@SOURCE_FILENAME": "2020-BASE_PROCUREMENT-2020-NAVY_WEAPONS-U_PROCUREMENT_JustificationBook_Navy_PB_2020.zzz_unzipped-U_PROCUREMENT_JustificationBook_Navy_PB_2020.xml",
        "@RECORDID": "a7bc2a846148cd8391c2dd33ef9b4170f7be54bd1ecf6671fab9b134ef01924d",
        "@ROWID": "0-3ee95824f6fee197224a467e70eca44cab1e46a065eef81d05dee04961417eee",
        "@PARENTROWID": "12521-09ea3909e6793989f20e3fffdfe729149be2e049cce18ef569fc0653dc11ae37",
        "@PARENT": "root"
    },
    {
        "BudgetActivityNumber_val": "3",
        "BudgetActivityTitle_val": "Torpedoes and Related Equipment",
        "@SOURCE_FILENAME": "2020-BASE_PROCUREMENT-2020-NAVY_WEAPONS-U_PROCUREMENT_JustificationBook_Navy_PB_2020.zzz_unzipped-U_PROCUREMENT_JustificationBook_Navy_PB_2020.xml",
        "@RECORDID": "a7bc2a846148cd8391c2dd33ef9b4170f7be54bd1ecf6671fab9b134ef01924d",
        "@ROWID": "1-31b5501fef40aba22d1192856639224abf061b88edc97e1f5ddb8416706221ea",
        "@PARENTROWID": "12521-09ea3909e6793989f20e3fffdfe729149be2e049cce18ef569fc0653dc11ae37",
        "@PARENT": "root"
    },
    {
        "BudgetActivityNumber_val": "4",
        "BudgetActivityTitle_val": "Other Weapons",
        "@SOURCE_FILENAME": "2020-BASE_PROCUREMENT-2020-NAVY_WEAPONS-U_PROCUREMENT_JustificationBook_Navy_PB_2020.zzz_unzipped-U_PROCUREMENT_JustificationBook_Navy_PB_2020.xml",
        "@RECORDID": "a7bc2a846148cd8391c2dd33ef9b4170f7be54bd1ecf6671fab9b134ef01924d",
        "@ROWID": "2-95cd1e4cd8d47afb36744f138150d635b7d8e626457c14874b97f94178517848",
        "@PARENTROWID": "12521-09ea3909e6793989f20e3fffdfe729149be2e049cce18ef569fc0653dc11ae37",
        "@PARENT": "root"
    },
    {
        "BudgetActivityNumber_val": "2",
        "BudgetActivityTitle_val": "Other Missiles",
        "@SOURCE_FILENAME": "2020-BASE_PROCUREMENT-2020-NAVY_WEAPONS-U_PROCUREMENT_MasterJustificationBook_Navy_PB_2020.zzz_unzipped-U_PROCUREMENT_MasterJustificationBook_Navy_PB_2020.xml",
        "@RECORDID": "62f8eb117ddfb8b333c1db774d87e3fa65d14917fa88ef4eb19278592073b9e0",
        "@ROWID": "0-861dd4a181900a903a8b9ae575604659b9aef04725d8a9a965e2eaa6da8351e0",
        "@PARENTROWID": "12564-63d9619b5dc0c3aade61c7acf2d20db026586cd02cd49fa52682800a80043b5e",
        "@PARENT": "root"
    },
    {
        "BudgetActivityNumber_val": "3",
        "BudgetActivityTitle_val": "Torpedoes and Related Equipment",
        "@SOURCE_FILENAME": "2020-BASE_PROCUREMENT-2020-NAVY_WEAPONS-U_PROCUREMENT_MasterJustificationBook_Navy_PB_2020.zzz_unzipped-U_PROCUREMENT_MasterJustificationBook_Navy_PB_2020.xml",
        "@RECORDID": "62f8eb117ddfb8b333c1db774d87e3fa65d14917fa88ef4eb19278592073b9e0",
        "@ROWID": "1-a5e578514e8ff939cdf726386868ff20ccb0f97a8324e1c15c7e4a0772351bea",
        "@PARENTROWID": "12564-63d9619b5dc0c3aade61c7acf2d20db026586cd02cd49fa52682800a80043b5e",
        "@PARENT": "root"
    },
    {
        "BudgetActivityNumber_val": "4",
        "BudgetActivityTitle_val": "Other Weapons",
        "@SOURCE_FILENAME": "2020-BASE_PROCUREMENT-2020-NAVY_WEAPONS-U_PROCUREMENT_MasterJustificationBook_Navy_PB_2020.zzz_unzipped-U_PROCUREMENT_MasterJustificationBook_Navy_PB_2020.xml",
        "@RECORDID": "62f8eb117ddfb8b333c1db774d87e3fa65d14917fa88ef4eb19278592073b9e0",
        "@ROWID": "2-1b87c459508272b1780e699496d7b476632f2fcd7270e12ef6a8cb7a5dd4bcc4",
        "@PARENTROWID": "12564-63d9619b5dc0c3aade61c7acf2d20db026586cd02cd49fa52682800a80043b5e",
        "@PARENT": "root"
    },
    {
        "BudgetActivityNumber_val": "1",
        "BudgetActivityTitle_val": "Ships Support Equipment",
        "@SOURCE_FILENAME": "2020-BASE_PROCUREMENT-2020-NAVY_OTHER_BA4-U_PROCUREMENT_MasterJustificationBook_Navy_PB_2020.zzz_unzipped-U_PROCUREMENT_MasterJustificationBook_Navy_PB_2020.xml",
        "@RECORDID": "2f566b6225b87ac5cfb7178428d67dcd2c51935a2365c67be83561428d508ed4",
        "@ROWID": "0-0ba8b19c040d1a4c7638fd6fe54bb882c30c725e229be47384ef3ffb51c55fd5",
        "@PARENTROWID": "12888-e49a7fc53aefcb51fe37a7e9b45b82ba66f59c1c1f8cf14f7753233eadb124ed",
        "@PARENT": "root"
    },
    {
        "BudgetActivityNumber_val": "2",
        "BudgetActivityTitle_val": "Communications & Electronics Equip",
        "@SOURCE_FILENAME": "2020-BASE_PROCUREMENT-2020-NAVY_OTHER_BA4-U_PROCUREMENT_MasterJustificationBook_Navy_PB_2020.zzz_unzipped-U_PROCUREMENT_MasterJustificationBook_Navy_PB_2020.xml",
        "@RECORDID": "2f566b6225b87ac5cfb7178428d67dcd2c51935a2365c67be83561428d508ed4",
        "@ROWID": "1-cdd02a67964d3bf3f509bf5f3b18818b0c33b1c820a7673858c534dab01bb2bb",
        "@PARENTROWID": "12888-e49a7fc53aefcb51fe37a7e9b45b82ba66f59c1c1f8cf14f7753233eadb124ed",
        "@PARENT": "root"
    },
    {
        "BudgetActivityNumber_val": "3",
        "BudgetActivityTitle_val": "Aviation Support Equipment",
        "@SOURCE_FILENAME": "2020-BASE_PROCUREMENT-2020-NAVY_OTHER_BA4-U_PROCUREMENT_MasterJustificationBook_Navy_PB_2020.zzz_unzipped-U_PROCUREMENT_MasterJustificationBook_Navy_PB_2020.xml",
        "@RECORDID": "2f566b6225b87ac5cfb7178428d67dcd2c51935a2365c67be83561428d508ed4",
        "@ROWID": "2-2ba8458ea51a6b16ac1e966dfb79018f35287049745a982cf5a97b5424ab56d4",
        "@PARENTROWID": "12888-e49a7fc53aefcb51fe37a7e9b45b82ba66f59c1c1f8cf14f7753233eadb124ed",
        "@PARENT": "root"
    },
    {
        "BudgetActivityNumber_val": "4",
        "BudgetActivityTitle_val": "Ordnance Support Equipment",
        "@SOURCE_FILENAME": "2020-BASE_PROCUREMENT-2020-NAVY_OTHER_BA4-U_PROCUREMENT_MasterJustificationBook_Navy_PB_2020.zzz_unzipped-U_PROCUREMENT_MasterJustificationBook_Navy_PB_2020.xml",
        "@RECORDID": "2f566b6225b87ac5cfb7178428d67dcd2c51935a2365c67be83561428d508ed4",
        "@ROWID": "3-800a62bd90525e963e348ffd70e1470c2500cd207a6859df46ed44be5ed0f97c",
        "@PARENTROWID": "12888-e49a7fc53aefcb51fe37a7e9b45b82ba66f59c1c1f8cf14f7753233eadb124ed",
        "@PARENT": "root"
    },
    {
        "BudgetActivityNumber_val": "8",
        "BudgetActivityTitle_val": "Spares and Repair Parts",
        "@SOURCE_FILENAME": "2020-BASE_PROCUREMENT-2020-NAVY_OTHER_BA4-U_PROCUREMENT_MasterJustificationBook_Navy_PB_2020.zzz_unzipped-U_PROCUREMENT_MasterJustificationBook_Navy_PB_2020.xml",
        "@RECORDID": "2f566b6225b87ac5cfb7178428d67dcd2c51935a2365c67be83561428d508ed4",
        "@ROWID": "4-f5db9beb08ad693d1fcd79d902847a34b46fff18b85fd0f639a5a59dc0247839",
        "@PARENTROWID": "12888-e49a7fc53aefcb51fe37a7e9b45b82ba66f59c1c1f8cf14f7753233eadb124ed",
        "@PARENT": "root"
    }
]