Name_val,Name_@footnote,WhenRequiredInMonths_val,Cost_AllPriorYears_val,Cost_CurrentYear_val,Cost_Total_val,Cost_PriorYear_val,Cost_BudgetYearOne_val,Cost_BudgetYearTwo_val,Cost_BudgetYearThree_val,Cost_BudgetYearFour_val,Cost_BudgetYearFive_val,Cost_ToComplete_val,ManufacturerList_Manufacturer_Name_val,ManufacturerList_Manufacturer_Location_val,ManufacturerList_Manufacturer_InitialQuantity_ProductionLeadTimeAfterOct1InMonths_val,ManufacturerList_Manufacturer_InitialQuantity_TotalLeadTimeAfterOct1InMonths_val,ManufacturerList_Manufacturer_InitialQuantity_AdminLeadTimeBeforeOct1InMonths_val,ManufacturerList_Manufacturer_InitialQuantity_AdminLeadTimeAfterOct1InMonths_val,@SOURCE_FILENAME,@RECORDID,@ROWID,QuantityPerAssembly_val,QuantityForBudgetYearList_QuantityForBudgetYear_BudgetYear_val,QuantityForBudgetYearList_QuantityForBudgetYear_Cost_BudgetYearOne_val,QuantityForBudgetYearList_QuantityForBudgetYear_Cost_BudgetYearTwo_val,QuantityForBudgetYearList_QuantityForBudgetYear_Cost_Total_val,QuantityForBudgetYearList_QuantityForBudgetYear_Cost_BudgetYearThree_val,QuantityForBudgetYearList_QuantityForBudgetYear_Cost_BudgetYearFive_val,@PARENTROWID,@PARENT
"Equipment","","30","130","92","222","","","","","","","","Lockheed Martin","Marietta GA","0","0","","","2015-BASE_PROCUREMENT-2015-AIRFORCE_AIRCRAFT_VOL1-PROCUREMENT_JustificationBook_Air_Force_PB_2015.zzz_unzipped-PROCUREMENT_JustificationBook_Air_Force_PB_2015.xml","6ba238e5761c0b5cdb4005cd9d3b0ebd730c7a47c72ec72a3cb63b26a07450e3","0-cb359b720a37c9c579d946073bf17f3f104f8f9d023260e335f40a2625ca6741","","","","","","","","0-4c36fb85ea6acd900384ff4c0b7fd069538fbf3a916df7c855b1615285601567","root.record.ItemExhibitList.P5Item"
"Equipment","","12","","48","48","","","","","","","","Lockheed Martin","Marietta GA","0","0","","","2015-BASE_PROCUREMENT-2015-AIRFORCE_AIRCRAFT_VOL1-PROCUREMENT_JustificationBook_Air_Force_PB_2015.zzz_unzipped-PROCUREMENT_JustificationBook_Air_Force_PB_2015.xml","565aa015362bd445cc082985b6e24c13e2957f8c30a9dfbe4c0bd8a663cbe70f","0-5a194b00d0d9ef6cb1513cd74bdcd65233e95d04c7f94150a9304be6fb1b6f24","","","","","","","","0-27ac86a69003b692010da387a2f0877527a00542416504885992159086390ffc","root.record.ItemExhibitList.P5Item"
"Equipment","","12","0.000","84","84","","","","","","","","Lockheed Martin","Marietta GA","0","0","","","2015-BASE_PROCUREMENT-2015-AIRFORCE_AIRCRAFT_VOL1-PROCUREMENT_JustificationBook_Air_Force_PB_2015.zzz_unzipped-PROCUREMENT_JustificationBook_Air_Force_PB_2015.xml","17ab19c784929a028c69ad970f12cd0eee00de512acf9833a5336d1e8a33db11","0-9ea264046316cb13aacf0d15e2034440eb562fb548664b8a66f9d13b2527dad2","","","","","","","","0-5fba6c46da162a6dc0003d3709690f2c58d9c917e1d25ed63b1f95d6a5743add","root.record.ItemExhibitList.P5Item"
"AVIONICS","","0","37.969","0.000","37.969","0.000","0.000","0.000","0.000","0.000","0.000","0.000","","","","","","","2015-BASE_PROCUREMENT-2015-AIRFORCE_AIRCRAFT_VOL1-PROCUREMENT_JustificationBook_Air_Force_PB_2015.zzz_unzipped-PROCUREMENT_JustificationBook_Air_Force_PB_2015.xml","ba7a55b890941cc9f4565d78cfacfc7950f69af2644c25b93e58b8043154ba13","0-174f35674c072f59dddfd7fa01d8579ea4b5a9037644abb21ef662ac4e0e3b3a","","","","","","","","0-44b24461b3bd79788554d364af03caf390b9fa5bc43b2c522c2c3c965e93ca05","root.record.ItemExhibitList.P5Item"
"Equipment","","30","130","92","222","","","","","","","","Lockheed Martin","Marietta GA","0","0","","","2015-BASE_PROCUREMENT-2015-AIRFORCE_AIRCRAFT_VOL2-PROCUREMENT_MasterJustificationBook_Air_Force_PB_2015.zzz_unzipped-PROCUREMENT_MasterJustificationBook_Air_Force_PB_2015.xml","8e9b86220f90ce455a14b686aeeb045957500e61279471fc35c4187b1270e5ed","0-47999bb7f6525b7014c7b5f2dffd5c55bffa1cc77cde010e3258a72c99efbe34","","","","","","","","0-2ff1b2f3b21e296173578433b7882f10dea1b894d44b90d43a7366fd890fa868","root.record.ItemExhibitList.P5Item"
"Equipment","","12","","48","48","","","","","","","","Lockheed Martin","Marietta GA","0","0","","","2015-BASE_PROCUREMENT-2015-AIRFORCE_AIRCRAFT_VOL2-PROCUREMENT_MasterJustificationBook_Air_Force_PB_2015.zzz_unzipped-PROCUREMENT_MasterJustificationBook_Air_Force_PB_2015.xml","9d38bc75efdc1bb24fa15dd6fdcc79dd0ddabb23d16bb5fb0fb72b4ecbbd10cc","0-b16e2defe653f57b26e2b611feacfe0d9edcf4f40ad13d4a2927672d05dce6fa","","","","","","","","0-29c95424dcc00527021f5775b2eb1e8a37e3c614bfb50c2e1d256e7c98d83828","root.record.ItemExhibitList.P5Item"
"Equipment","","12","0.000","84","84","","","","","","","","Lockheed Martin","Marietta GA","0","0","","","2015-BASE_PROCUREMENT-2015-AIRFORCE_AIRCRAFT_VOL2-PROCUREMENT_MasterJustificationBook_Air_Force_PB_2015.zzz_unzipped-PROCUREMENT_MasterJustificationBook_Air_Force_PB_2015.xml","a97dfc5ffa5535857cd61c3c158de84a1441decc875ced08ad568ff95d020f85","0-3f1adde8e5497c1f0d3129e025e27e98a11e20fe2e6ddb469ae70f469759cdeb","","","","","","","","0-346c69fac1f0e0d3236910747c37653af98258de0c13d88a61acd1848aa94e65","root.record.ItemExhibitList.P5Item"
"AVIONICS","","0","37.969","0.000","37.969","0.000","0.000","0.000","0.000","0.000","0.000","0.000","","","","","","","2015-BASE_PROCUREMENT-2015-AIRFORCE_AIRCRAFT_VOL2-PROCUREMENT_MasterJustificationBook_Air_Force_PB_2015.zzz_unzipped-PROCUREMENT_MasterJustificationBook_Air_Force_PB_2015.xml","b1952ce40545e9f4efa9c33592b95ccb07e147da54dfcd401b9d7ac8ae77b263","0-88432c81a1ef1e9aa11808fcca237b8de95a963f0d2ee41c4949452333515d40","","","","","","","","0-e1c8f1c92c32e64ca7b0e97d90d50f6f1a2a8a8bfb5048b8d3ec86a7edad9c29","root.record.ItemExhibitList.P5Item"
"Equipment","","30","130","92","222","","","","","","","","Lockheed Martin","Marietta GA","0","0","","","2015-AMENDED_PROCUREMENT_AND_RDTE-2015-AIRFORCE_AMMO-PROCUREMENT_JustificationBook_Air_Force_PBAmended_2015.zzz_unzipped-PROCUREMENT_JustificationBook_Air_Force_PBAmended_2015.xml","d27cefc2bb72e82de7748f7a1d1ff2a8ff7ad30cf7027a91e47ee29dad986610","0-6894a0a88dd05ce1c012d6564351aaa09380ce0c53b6a308291f3634feaf14b7","","","","","","","","0-543a780bdd8d2ccdd22e84487954d05bc96bff8f1998680ad9ac55ec56e9f6db","root.record.ItemExhibitList.P5Item"
"Equipment","","30","130","92","222","","","","","","","","Lockheed Martin","Marietta GA","0","0","","","2015-AMENDED_PROCUREMENT_AND_RDTE-2015-AIRFORCE_AMMO-PROCUREMENT_MasterJustificationBook_Air_Force_PBAmended_2015.zzz_unzipped-PROCUREMENT_MasterJustificationBook_Air_Force_PBAmended_2015.xml","04277271467c34157fc353a716c1236673a9ef09c1f838c7ec2af5d1128b21cc","0-fbc18d68c62089042dafabc91d2d1413cce01ca7a1568a74ebf6ca1a870606ee","","","","","","","","0-8ccbf902dca2378aada06b5edce70754f1e79f5ef439cf73fed517d124b29688","root.record.ItemExhibitList.P5Item"
"EOQ/Long Lead (Prior Years)","","0","364.235","","","","","","","","","","","","","","","","2015-BASE_PROCUREMENT-2015-NAVY_AIRCRAFT_BA1-4-PROCUREMENT_JustificationBook_Navy_PB_2015.zzz_unzipped-PROCUREMENT_JustificationBook_Navy_PB_2015.xml","48f6b8699221f3e621f55ebba855cb1794dbaafbd743491e9c65abb9eeb0f231","0-551a37acd0f0f17032fe93aff09ed0374993f7d5e024b2b4b3a18da79a647a85","0","","","","","","","0-76dcb64ced08220f335abaaf2e59c05e09fccd5bbbdc0a4e0a855eb9e4caaf94","root.record.ItemExhibitList.P5Item"
"EOQ","","0","","20","","","","","","","","","","","","","","","2015-BASE_PROCUREMENT-2015-NAVY_AIRCRAFT_BA1-4-PROCUREMENT_JustificationBook_Navy_PB_2015.zzz_unzipped-PROCUREMENT_JustificationBook_Navy_PB_2015.xml","8a29ac5395f79b6dc1830d8a82d0129790da72d726192a8783850762f495d4dd","0-eac42e95913ad7387fa1efc4188c62aa9ae366a3cfdb98b6dd91e3a2a5c0286c","0","","","","","","","0-b996dfb862813778049a89912a541c8461b83f6145211d9fc4a6f643aa34f72f","root.record.ItemExhibitList.P5Item"
"Airframe For FY 2013 EOQ/Long Lead","","0","38.984","","","","","","","","","","","","","","","","2015-BASE_PROCUREMENT-2015-NAVY_AIRCRAFT_BA1-4-PROCUREMENT_JustificationBook_Navy_PB_2015.zzz_unzipped-PROCUREMENT_JustificationBook_Navy_PB_2015.xml","06680dc3836a209524618651e0446b6a8dc3c6f52cea62a6d53ecda252f45665","0-66f68483cebab4a4ac2b141ff29b14c67a578a19dfe4b0a43704f2ad2be68618","0","","","","","","","0-262a64a8141d8a3cc3a67cadda1822c33edeef622452d1cbd76d5bd01d0f9edc","root.record.ItemExhibitList.P5Item"
"Airframe For FY 2014 EOQ/Long Lead","","0","3.037","","","50.688","","","","","","","","","","","","","2015-BASE_PROCUREMENT-2015-NAVY_AIRCRAFT_BA1-4-PROCUREMENT_JustificationBook_Navy_PB_2015.zzz_unzipped-PROCUREMENT_JustificationBook_Navy_PB_2015.xml","06680dc3836a209524618651e0446b6a8dc3c6f52cea62a6d53ecda252f45665","1-1ddca8dc7041220cc9c9493087217c3fedb4d86de7e8b6fd09c1a921e4f7010d","0","","","","","","","0-262a64a8141d8a3cc3a67cadda1822c33edeef622452d1cbd76d5bd01d0f9edc","root.record.ItemExhibitList.P5Item"
"Airframe For FY 2015 EOQ/Long Lead","","0","1.961","80.734","","4.047","","","","","","","","","","","","","2015-BASE_PROCUREMENT-2015-NAVY_AIRCRAFT_BA1-4-PROCUREMENT_JustificationBook_Navy_PB_2015.zzz_unzipped-PROCUREMENT_JustificationBook_Navy_PB_2015.xml","06680dc3836a209524618651e0446b6a8dc3c6f52cea62a6d53ecda252f45665","2-3408b9bc573bfd3ad60ce6743631c41742fa573018af03d55db1a1cadecf87f3","0","","","","","","","0-262a64a8141d8a3cc3a67cadda1822c33edeef622452d1cbd76d5bd01d0f9edc","root.record.ItemExhibitList.P5Item"
"Airframe For FY 2016 EOQ/Long Lead","","0","2.338","3.692","","3.737","85.828","","","","","","","","","","","","2015-BASE_PROCUREMENT-2015-NAVY_AIRCRAFT_BA1-4-PROCUREMENT_JustificationBook_Navy_PB_2015.zzz_unzipped-PROCUREMENT_JustificationBook_Navy_PB_2015.xml","06680dc3836a209524618651e0446b6a8dc3c6f52cea62a6d53ecda252f45665","3-52a265265bfcf07ec8029fff6dd0d821690eb82001d3565459809d5a7df3cb0b","0","","","","","","","0-262a64a8141d8a3cc3a67cadda1822c33edeef622452d1cbd76d5bd01d0f9edc","root.record.ItemExhibitList.P5Item"
"CC/Avionics For FY 2013 EOQ/Long Lead","","0","59","","","","","","","","","","","","","","","","2015-BASE_PROCUREMENT-2015-NAVY_AIRCRAFT_BA1-4-PROCUREMENT_JustificationBook_Navy_PB_2015.zzz_unzipped-PROCUREMENT_JustificationBook_Navy_PB_2015.xml","06680dc3836a209524618651e0446b6a8dc3c6f52cea62a6d53ecda252f45665","4-7cc62e7f28b883d0d20bc5c2132f98925221c8b3c7974868cd62d791b2a47fb8","0","","","","","","","0-262a64a8141d8a3cc3a67cadda1822c33edeef622452d1cbd76d5bd01d0f9edc","root.record.ItemExhibitList.P5Item"
"CC/Avionics For FY 2014 EOQ/Long Lead","","0","55.586","","","25.249","","","","","","","","","","","","","2015-BASE_PROCUREMENT-2015-NAVY_AIRCRAFT_BA1-4-PROCUREMENT_JustificationBook_Navy_PB_2015.zzz_unzipped-PROCUREMENT_JustificationBook_Navy_PB_2015.xml","06680dc3836a209524618651e0446b6a8dc3c6f52cea62a6d53ecda252f45665","5-4fd4edb73cf7c5e8a2e3d55e40660ef9654c9e3d7f21e6aa24fb6b419aca1857","0","","","","","","","0-262a64a8141d8a3cc3a67cadda1822c33edeef622452d1cbd76d5bd01d0f9edc","root.record.ItemExhibitList.P5Item"
"CC/Avionics For FY 2015 EOQ/Long Lead","","0","4.5","30.89","","70.673","","","","","","","","","","","","","2015-BASE_PROCUREMENT-2015-NAVY_AIRCRAFT_BA1-4-PROCUREMENT_JustificationBook_Navy_PB_2015.zzz_unzipped-PROCUREMENT_JustificationBook_Navy_PB_2015.xml","06680dc3836a209524618651e0446b6a8dc3c6f52cea62a6d53ecda252f45665","6-1aa56e077e1af307ed12b446981a8f13c6c6e04eda3c6808b0cbe206b9c37f7a","0","","","","","","","0-262a64a8141d8a3cc3a67cadda1822c33edeef622452d1cbd76d5bd01d0f9edc","root.record.ItemExhibitList.P5Item"
"CC/Avionics For FY 2016 EOQ/Long Lead","","0","4.5","92.479","","2","20.858","","","","","","","","","","","","2015-BASE_PROCUREMENT-2015-NAVY_AIRCRAFT_BA1-4-PROCUREMENT_JustificationBook_Navy_PB_2015.zzz_unzipped-PROCUREMENT_JustificationBook_Navy_PB_2015.xml","06680dc3836a209524618651e0446b6a8dc3c6f52cea62a6d53ecda252f45665","7-0dcbaa2a1f1739eba1d55c6c46f94d27fbbdefae85e50aa1a834a131a9d24841","0","","","","","","","0-262a64a8141d8a3cc3a67cadda1822c33edeef622452d1cbd76d5bd01d0f9edc","root.record.ItemExhibitList.P5Item"
"For FY 2016 EOQ/Long Lead","","0","","","","","6.003","","","","","","","","","","","","2015-BASE_PROCUREMENT-2015-NAVY_AIRCRAFT_BA1-4-PROCUREMENT_JustificationBook_Navy_PB_2015.zzz_unzipped-PROCUREMENT_JustificationBook_Navy_PB_2015.xml","bc51cf9c7ef20a4a48f48ba81c9080474af6a035686ec3cd2b33ede6e16af224","0-3c19057adbbecdcfb4aa89ff994ba6b24c75022afaa1ef8e3e27b718e1adeefa","0","","","","","","","0-1bd1587966b48fe86566a51ac503ca8e7d42340571d3714a7fbefee892be5e3d","root.record.ItemExhibitList.P5Item"
"For FY 2017 EOQ/Long Lead","","0","","","","","5.203","","","","","","","","","","","","2015-BASE_PROCUREMENT-2015-NAVY_AIRCRAFT_BA1-4-PROCUREMENT_JustificationBook_Navy_PB_2015.zzz_unzipped-PROCUREMENT_JustificationBook_Navy_PB_2015.xml","bc51cf9c7ef20a4a48f48ba81c9080474af6a035686ec3cd2b33ede6e16af224","1-7f65ca1d97a45a2c4ed8e7fcb5c0ad3a0deac99c93f2d3f13a37e23dcfcf528d","0","","","","","","","0-1bd1587966b48fe86566a51ac503ca8e7d42340571d3714a7fbefee892be5e3d","root.record.ItemExhibitList.P5Item"
"For FY 2018 EOQ/Long Lead","","0","","","","","5.203","","","","","","","","","","","","2015-BASE_PROCUREMENT-2015-NAVY_AIRCRAFT_BA1-4-PROCUREMENT_JustificationBook_Navy_PB_2015.zzz_unzipped-PROCUREMENT_JustificationBook_Navy_PB_2015.xml","bc51cf9c7ef20a4a48f48ba81c9080474af6a035686ec3cd2b33ede6e16af224","2-e90214a6cf475005b1cbac7f9500832a2f4ff61eccfd256036e4379883ae61cd","0","","","","","","","0-1bd1587966b48fe86566a51ac503ca8e7d42340571d3714a7fbefee892be5e3d","root.record.ItemExhibitList.P5Item"
"For FY 2019 EOQ/Long Lead","","0","","","","","2.802","","","","","","","","","","","","2015-BASE_PROCUREMENT-2015-NAVY_AIRCRAFT_BA1-4-PROCUREMENT_JustificationBook_Navy_PB_2015.zzz_unzipped-PROCUREMENT_JustificationBook_Navy_PB_2015.xml","bc51cf9c7ef20a4a48f48ba81c9080474af6a035686ec3cd2b33ede6e16af224","3-cc8a6c9214daaf08a615ff84d4d103338be13a6fc27bd3dea0711157e1a6332b","0","","","","","","","0-1bd1587966b48fe86566a51ac503ca8e7d42340571d3714a7fbefee892be5e3d","root.record.ItemExhibitList.P5Item"
"EOQ/Long Lead (Prior Years)","","0","364.235","","","","","","","","","","","","","","","","2015-BASE_PROCUREMENT-2015-NAVY_AIRCRAFT_BA7-PROCUREMENT_MasterJustificationBook_Navy_PB_2015.zzz_unzipped-PROCUREMENT_MasterJustificationBook_Navy_PB_2015.xml","0ac4b5f78aaaccf3d3fdc58990ee0a291fcfec67f3de84643b6709e8c898a0ea","0-df6822dbdec130e8a0d395531ad661487a2c299b709921daf02854a864ee6715","0","","","","","","","0-f412519b374c7c96ec61dded2ab5195157dea8033826c117f9b02ab32f83fcaf","root.record.ItemExhibitList.P5Item"
"EOQ","","0","","20","","","","","","","","","","","","","","","2015-BASE_PROCUREMENT-2015-NAVY_AIRCRAFT_BA7-PROCUREMENT_MasterJustificationBook_Navy_PB_2015.zzz_unzipped-PROCUREMENT_MasterJustificationBook_Navy_PB_2015.xml","af02057f64346f857e82214e93a4300fb19bdef7f350300012d090f02a8b8f12","0-943f2b5bc22f5fe034ce1caa2be18f133445319752524985240a743ec2409f43","0","","","","","","","0-f205873770000a71f492275aff01040b9b7fe3fba07ec1b06528dd67fe29c8b3","root.record.ItemExhibitList.P5Item"
"Airframe For FY 2013 EOQ/Long Lead","","0","38.984","","","","","","","","","","","","","","","","2015-BASE_PROCUREMENT-2015-NAVY_AIRCRAFT_BA7-PROCUREMENT_MasterJustificationBook_Navy_PB_2015.zzz_unzipped-PROCUREMENT_MasterJustificationBook_Navy_PB_2015.xml","cea084fd8ee4e3bf6cb6c9380da29fdb1faafd7e10de563f640e535d1b29edec","0-a9c2ad763fe6b2fe60536674f453fd8c6b353eb815c8ff19e52c5b3f9795a111","0","","","","","","","0-c9dbbf132b817936a2b80ca6491614f5bd61d3520249800442ac0e596115338e","root.record.ItemExhibitList.P5Item"
"Airframe For FY 2014 EOQ/Long Lead","","0","3.037","","","50.688","","","","","","","","","","","","","2015-BASE_PROCUREMENT-2015-NAVY_AIRCRAFT_BA7-PROCUREMENT_MasterJustificationBook_Navy_PB_2015.zzz_unzipped-PROCUREMENT_MasterJustificationBook_Navy_PB_2015.xml","cea084fd8ee4e3bf6cb6c9380da29fdb1faafd7e10de563f640e535d1b29edec","1-50412a161eebba4a7046b1d68ee93954c34f13d359540cccdb488d1b4ec5531d","0","","","","","","","0-c9dbbf132b817936a2b80ca6491614f5bd61d3520249800442ac0e596115338e","root.record.ItemExhibitList.P5Item"
"Airframe For FY 2015 EOQ/Long Lead","","0","1.961","80.734","","4.047","","","","","","","","","","","","","2015-BASE_PROCUREMENT-2015-NAVY_AIRCRAFT_BA7-PROCUREMENT_MasterJustificationBook_Navy_PB_2015.zzz_unzipped-PROCUREMENT_MasterJustificationBook_Navy_PB_2015.xml","cea084fd8ee4e3bf6cb6c9380da29fdb1faafd7e10de563f640e535d1b29edec","2-393734d4bda8ae20459ba1a0370f76fb1e1232b5394caa67b5350774a3765cc6","0","","","","","","","0-c9dbbf132b817936a2b80ca6491614f5bd61d3520249800442ac0e596115338e","root.record.ItemExhibitList.P5Item"
"Airframe For FY 2016 EOQ/Long Lead","","0","2.338","3.692","","3.737","85.828","","","","","","","","","","","","2015-BASE_PROCUREMENT-2015-NAVY_AIRCRAFT_BA7-PROCUREMENT_MasterJustificationBook_Navy_PB_2015.zzz_unzipped-PROCUREMENT_MasterJustificationBook_Navy_PB_2015.xml","cea084fd8ee4e3bf6cb6c9380da29fdb1faafd7e10de563f640e535d1b29edec","3-ed1cdf22486fa4343ac52aec19d62a983e1e9ac42fed7f2bbc0c8db0bda3501b","0","","","","","","","0-c9dbbf132b817936a2b80ca6491614f5bd61d3520249800442ac0e596115338e","root.record.ItemExhibitList.P5Item"
"CC/Avionics For FY 2013 EOQ/Long Lead","","0","59","","","","","","","","","","","","","","","","2015-BASE_PROCUREMENT-2015-NAVY_AIRCRAFT_BA7-PROCUREMENT_MasterJustificationBook_Navy_PB_2015.zzz_unzipped-PROCUREMENT_MasterJustificationBook_Navy_PB_2015.xml","cea084fd8ee4e3bf6cb6c9380da29fdb1faafd7e10de563f640e535d1b29edec","4-9821654a93c5cdcdf9fd227a682895f9ebdcee5775ec24e4d27223515ba54cb6","0","","","","","","","0-c9dbbf132b817936a2b80ca6491614f5bd61d3520249800442ac0e596115338e","root.record.ItemExhibitList.P5Item"
"CC/Avionics For FY 2014 EOQ/Long Lead","","0","55.586","","","25.249","","","","","","","","","","","","","2015-BASE_PROCUREMENT-2015-NAVY_AIRCRAFT_BA7-PROCUREMENT_MasterJustificationBook_Navy_PB_2015.zzz_unzipped-PROCUREMENT_MasterJustificationBook_Navy_PB_2015.xml","cea084fd8ee4e3bf6cb6c9380da29fdb1faafd7e10de563f640e535d1b29edec","5-6529394f1937618d996bf478374124f2ceadb9c552d32552758399fc0cffd97f","0","","","","","","","0-c9dbbf132b817936a2b80ca6491614f5bd61d3520249800442ac0e596115338e","root.record.ItemExhibitList.P5Item"
"CC/Avionics For FY 2015 EOQ/Long Lead","","0","4.5","30.89","","70.673","","","","","","","","","","","","","2015-BASE_PROCUREMENT-2015-NAVY_AIRCRAFT_BA7-PROCUREMENT_MasterJustificationBook_Navy_PB_2015.zzz_unzipped-PROCUREMENT_MasterJustificationBook_Navy_PB_2015.xml","cea084fd8ee4e3bf6cb6c9380da29fdb1faafd7e10de563f640e535d1b29edec","6-586407548074686246a5f0f90aba6c7af26952f874747efe1d5b4adfba748345","0","","","","","","","0-c9dbbf132b817936a2b80ca6491614f5bd61d3520249800442ac0e596115338e","root.record.ItemExhibitList.P5Item"
"CC/Avionics For FY 2016 EOQ/Long Lead","","0","4.5","92.479","","2","20.858","","","","","","","","","","","","2015-BASE_PROCUREMENT-2015-NAVY_AIRCRAFT_BA7-PROCUREMENT_MasterJustificationBook_Navy_PB_2015.zzz_unzipped-PROCUREMENT_MasterJustificationBook_Navy_PB_2015.xml","cea084fd8ee4e3bf6cb6c9380da29fdb1faafd7e10de563f640e535d1b29edec","7-b4db583f41f144118f160c349044d8aaeca11b52b370ed897f20b5dcf6e40838","0","","","","","","","0-c9dbbf132b817936a2b80ca6491614f5bd61d3520249800442ac0e596115338e","root.record.ItemExhibitList.P5Item"
"For FY 2016 EOQ/Long Lead","","0","","","","","6.003","","","","","","","","","","","","2015-BASE_PROCUREMENT-2015-NAVY_AIRCRAFT_BA7-PROCUREMENT_MasterJustificationBook_Navy_PB_2015.zzz_unzipped-PROCUREMENT_MasterJustificationBook_Navy_PB_2015.xml","bf7ebbfab3226f50869a8760354004fa2c21381752edac9caf2f75dfda987fe9","0-faf3ff575e52e99e3d140593e0f7f184207d13ad952f96e23c09df1224eadb0d","0","","","","","","","0-ec93eff75fb05116cb15c8a9fe875f32b9a5264ee6156b8b11532d235a0c0cdd","root.record.ItemExhibitList.P5Item"
"For FY 2017 EOQ/Long Lead","","0","","","","","5.203","","","","","","","","","","","","2015-BASE_PROCUREMENT-2015-NAVY_AIRCRAFT_BA7-PROCUREMENT_MasterJustificationBook_Navy_PB_2015.zzz_unzipped-PROCUREMENT_MasterJustificationBook_Navy_PB_2015.xml","bf7ebbfab3226f50869a8760354004fa2c21381752edac9caf2f75dfda987fe9","1-9466891fdcb8c20514cdaa89298d123b8665117b5936d8077a114de3818156e2","0","","","","","","","0-ec93eff75fb05116cb15c8a9fe875f32b9a5264ee6156b8b11532d235a0c0cdd","root.record.ItemExhibitList.P5Item"
"For FY 2018 EOQ/Long Lead","","0","","","","","5.203","","","","","","","","","","","","2015-BASE_PROCUREMENT-2015-NAVY_AIRCRAFT_BA7-PROCUREMENT_MasterJustificationBook_Navy_PB_2015.zzz_unzipped-PROCUREMENT_MasterJustificationBook_Navy_PB_2015.xml","bf7ebbfab3226f50869a8760354004fa2c21381752edac9caf2f75dfda987fe9","2-2e31139d762cf9c80b762951422f529c362ce646e1365c0d1d99c8a8941eb457","0","","","","","","","0-ec93eff75fb05116cb15c8a9fe875f32b9a5264ee6156b8b11532d235a0c0cdd","root.record.ItemExhibitList.P5Item"
"For FY 2019 EOQ/Long Lead","","0","","","","","2.802","","","","","","","","","","","","2015-BASE_PROCUREMENT-2015-NAVY_AIRCRAFT_BA7-PROCUREMENT_MasterJustificationBook_Navy_PB_2015.zzz_unzipped-PROCUREMENT_MasterJustificationBook_Navy_PB_2015.xml","bf7ebbfab3226f50869a8760354004fa2c21381752edac9caf2f75dfda987fe9","3-b39d2fad5628c49601a4d79cc804109c783d0d5b642566916f69a679c5e8d297","0","","","","","","","0-ec93eff75fb05116cb15c8a9fe875f32b9a5264ee6156b8b11532d235a0c0cdd","root.record.ItemExhibitList.P5Item"
"Airframe: C-130J Airframe Equipment","","12","0","","92","92","","","","","","","","","","","","","2016-BASE_PROCUREMENT-2016-AIRFORCE_AIRCRAFT_VOL1-PROCUREMENT_JustificationBook_Air_Force_PB_2016.zzz_unzipped-PROCUREMENT_JustificationBook_Air_Force_PB_2016.xml","2a3f7563d0ca311b4f7fc69de771b398377fd3242ec19b62e816a6fb3042cf7f","0-66ed887db49177defb1a0730743695f83b2eb3dd525012d60f9fa33ad9b75a2e","","","","","","","","0-038cac43de693ed37d91a5966fcb1cd8b6f1d3bf5d94184f7985a8db651c9531","root.record.ItemExhibitList.P5Item"
"Airframe/Engines/Accessories: HC-130J Airframe Equipment","","12","0","","48","48","","","","","","","","","","","","","2016-BASE_PROCUREMENT-2016-AIRFORCE_AIRCRAFT_VOL1-PROCUREMENT_JustificationBook_Air_Force_PB_2016.zzz_unzipped-PROCUREMENT_JustificationBook_Air_Force_PB_2016.xml","9535a6b720b678b9fbd2222189c9490baa2e3868115637b4c43aca3f4a4572c5","0-66dbc3b2fbf99e6f86ce26f085e33aa072ccf742e92c258737fa406974852d6f","","","","","","","","0-54b22a9a1ec1fa06216bdfdab77657d2c656d6767d02d3c9deb62e6780c905d9","root.record.ItemExhibitList.P5Item"
"Airframe/Engines/Accessories: MC-130J Airframe Equipment","","12","","","84","84","","","","","","","","","","","","","2016-BASE_PROCUREMENT-2016-AIRFORCE_AIRCRAFT_VOL1-PROCUREMENT_JustificationBook_Air_Force_PB_2016.zzz_unzipped-PROCUREMENT_JustificationBook_Air_Force_PB_2016.xml","81dae8c956c8274f566e8fb91367c91324c122720a6e6a82f0ee4c46eb84be60","0-c4a638cb7caa8c5fdbb23dc4e6235854eaa8cad1f7776ea0755a66c11590a583","","","","","","","","0-5c3eb0852ac6a629a8330aff43a2d412680c4800d1fa0abad8195540e2a18f85","root.record.ItemExhibitList.P5Item"
"Airframe: C-130J Airframe Equipment","","12","0","","92","92","","","","","","","","","","","","","2016-BASE_PROCUREMENT-2016-AIRFORCE_AIRCRAFT_VOL2-PROCUREMENT_MasterJustificationBook_Air_Force_PB_2016.zzz_unzipped-PROCUREMENT_MasterJustificationBook_Air_Force_PB_2016.xml","06413109f09458e1d20d0d8c668a4bfde7b94137945d7743cd97c2331c8391ee","0-6fc638c5e8e20602ac7dc2903f22d6c20f3345b41f6a8afab9d7d23508b8fd60","","","","","","","","0-83d5c26d64df0a557b2b859e467c635f2152e8ce0ee3049bb77ec93207f5dbd0","root.record.ItemExhibitList.P5Item"
"Airframe/Engines/Accessories: HC-130J Airframe Equipment","","12","0","","48","48","","","","","","","","","","","","","2016-BASE_PROCUREMENT-2016-AIRFORCE_AIRCRAFT_VOL2-PROCUREMENT_MasterJustificationBook_Air_Force_PB_2016.zzz_unzipped-PROCUREMENT_MasterJustificationBook_Air_Force_PB_2016.xml","065dabc8f50bb8c11fd03386b9b77f91b86bd31b64e57f28cf3442d5cb994770","0-1b5875b11e5183944ef64147bdf5e789e98aefead8bdf0a1deb9f2df4eb9b2f1","","","","","","","","0-01f0ecdac9351388f68bfe836fd2644bfaa4748c2b4fec16329c765aba7e726c","root.record.ItemExhibitList.P5Item"
"Airframe/Engines/Accessories: MC-130J Airframe Equipment","","12","","","84","84","","","","","","","","","","","","","2016-BASE_PROCUREMENT-2016-AIRFORCE_AIRCRAFT_VOL2-PROCUREMENT_MasterJustificationBook_Air_Force_PB_2016.zzz_unzipped-PROCUREMENT_MasterJustificationBook_Air_Force_PB_2016.xml","6c8b943a6de5398b0f3fdd5e076ae0cc947b82b18fb0c8528c7c34e5c1ca33d3","0-f76b8a06c3eefa6400ec1314a8da4acc1b3db2bf8d87d64ff8862c7f88807ff7","","","","","","","","0-4b4d3e56241c3d08f005c557b3b0f341809189283bd83351431bb2be0ecce372","root.record.ItemExhibitList.P5Item"
"AEGIS MYP FY18","","0","","","71.896","","48.411","23.485","","","","","Raytheon","Tucson, AZ","24","24","0","0","2016-BASE_PROCUREMENT-2016-MDA-PROCUREMENT_JustificationBook_Missile_Defense_Agency_PB_2016.zzz_unzipped-PROCUREMENT_JustificationBook_Missile_Defense_Agency_PB_2016.xml","8fe681ed2a7b4397677aa6bf70676f250b32ded3546a6adb5424a1cf3206bbc3","0-6ae0297ecb26a82166793b5ee1f80656c0e46388f8fcf226a047dea16ee2c747","1","2018","48.411","23.485","71.896","","","0-cd1009cb2f5f14b8617a28203f05613a27554f8655d8c8a500b7ea7dafea0a14","root.record.ItemExhibitList.P5Item"
"AEGIS MYP FY19","","0","","","87.29","","38.307","28.231","20.752","","","","Raytheon","Tucson, AZ","24","24","0","0","2016-BASE_PROCUREMENT-2016-MDA-PROCUREMENT_JustificationBook_Missile_Defense_Agency_PB_2016.zzz_unzipped-PROCUREMENT_JustificationBook_Missile_Defense_Agency_PB_2016.xml","8fe681ed2a7b4397677aa6bf70676f250b32ded3546a6adb5424a1cf3206bbc3","1-9b6e2aba856ccd8ac1b4684c6be36e02d34f92592f9fad4ce72abc8ff13ab344","1","2019","38.307","28.231","87.29","20.752","","0-cd1009cb2f5f14b8617a28203f05613a27554f8655d8c8a500b7ea7dafea0a14","root.record.ItemExhibitList.P5Item"
"AEGIS MYP FY21","","0","","","77.445","","0","","","","77.445","","","","","","","","2016-BASE_PROCUREMENT-2016-MDA-PROCUREMENT_JustificationBook_Missile_Defense_Agency_PB_2016.zzz_unzipped-PROCUREMENT_JustificationBook_Missile_Defense_Agency_PB_2016.xml","8fe681ed2a7b4397677aa6bf70676f250b32ded3546a6adb5424a1cf3206bbc3","2-d53657cd11e82991581e6d8a4a36cae9e39540f42d62e6a50cfb69552873825c","1","2021","","","77.445","","77.445","0-cd1009cb2f5f14b8617a28203f05613a27554f8655d8c8a500b7ea7dafea0a14","root.record.ItemExhibitList.P5Item"
"AEGIS MYP FY22","","0","","","85.696","","0","","","","85.696","","","","","","","","2016-BASE_PROCUREMENT-2016-MDA-PROCUREMENT_JustificationBook_Missile_Defense_Agency_PB_2016.zzz_unzipped-PROCUREMENT_JustificationBook_Missile_Defense_Agency_PB_2016.xml","8fe681ed2a7b4397677aa6bf70676f250b32ded3546a6adb5424a1cf3206bbc3","3-60fffc16cd754dc9c030b6ccbe3b0c7a559fb742afae238863f56b26e07a1099","1","2022","","","85.696","","85.696","0-cd1009cb2f5f14b8617a28203f05613a27554f8655d8c8a500b7ea7dafea0a14","root.record.ItemExhibitList.P5Item"
"AEGIS MYP FY23","","0","","","35.097","","0","","","","35.097","","","","","","","","2016-BASE_PROCUREMENT-2016-MDA-PROCUREMENT_JustificationBook_Missile_Defense_Agency_PB_2016.zzz_unzipped-PROCUREMENT_JustificationBook_Missile_Defense_Agency_PB_2016.xml","8fe681ed2a7b4397677aa6bf70676f250b32ded3546a6adb5424a1cf3206bbc3","4-baced9e4467e3930c312e79220665091b7602dbf646eb8306d9d81988a9b2312","1","2023","","","35.097","","35.097","0-cd1009cb2f5f14b8617a28203f05613a27554f8655d8c8a500b7ea7dafea0a14","root.record.ItemExhibitList.P5Item"
"AEGIS MYP FY17","","0","","","61.047","","61.047","","","","","","Raytheon","Tucson, AZ","24","24","0","0","2016-BASE_PROCUREMENT-2016-MDA-PROCUREMENT_JustificationBook_Missile_Defense_Agency_PB_2016.zzz_unzipped-PROCUREMENT_JustificationBook_Missile_Defense_Agency_PB_2016.xml","8fe681ed2a7b4397677aa6bf70676f250b32ded3546a6adb5424a1cf3206bbc3","5-0616b558b914f15aae39456193ce7747b8e65d6d477b4ba85053eb7af19ed84c","1","2017","61.047","","61.047","","","0-cd1009cb2f5f14b8617a28203f05613a27554f8655d8c8a500b7ea7dafea0a14","root.record.ItemExhibitList.P5Item"
"AEGIS MYP FY18","","0","","","71.896","","48.411","23.485","","","","","Raytheon","Tucson, AZ","24","24","0","0","2016-BASE_PROCUREMENT-2016-MDA-PROCUREMENT_MasterJustificationBook_Missile_Defense_Agency_PB_2016.zzz_unzipped-PROCUREMENT_MasterJustificationBook_Missile_Defense_Agency_PB_2016.xml","b4f2202771c2bfc95fdafd93a11aada31a8b14c6b9c5880fd0d937560581322f","0-4917f54ae72d880ef8eb2c2034bc266559b534b4a309fb5eaa1f212d5666497d","1","2018","48.411","23.485","71.896","","","0-cd2b49778366eecfd247f6ba6f083eb1cd060ad2a62f79408587fa8edfb18010","root.record.ItemExhibitList.P5Item"
"AEGIS MYP FY19","","0","","","87.29","","38.307","28.231","20.752","","","","Raytheon","Tucson, AZ","24","24","0","0","2016-BASE_PROCUREMENT-2016-MDA-PROCUREMENT_MasterJustificationBook_Missile_Defense_Agency_PB_2016.zzz_unzipped-PROCUREMENT_MasterJustificationBook_Missile_Defense_Agency_PB_2016.xml","b4f2202771c2bfc95fdafd93a11aada31a8b14c6b9c5880fd0d937560581322f","1-6ede969cbe16eeae3064a891460c57806407119905f739bc337b828239a63803","1","2019","38.307","28.231","87.29","20.752","","0-cd2b49778366eecfd247f6ba6f083eb1cd060ad2a62f79408587fa8edfb18010","root.record.ItemExhibitList.P5Item"
"AEGIS MYP FY21","","0","","","77.445","","0","","","","77.445","","","","","","","","2016-BASE_PROCUREMENT-2016-MDA-PROCUREMENT_MasterJustificationBook_Missile_Defense_Agency_PB_2016.zzz_unzipped-PROCUREMENT_MasterJustificationBook_Missile_Defense_Agency_PB_2016.xml","b4f2202771c2bfc95fdafd93a11aada31a8b14c6b9c5880fd0d937560581322f","2-5ac184aa56f5a6d059ffd6a5c7f00ba5dac2cd33fc3ee9a88b0184995aa4ded8","1","2021","","","77.445","","77.445","0-cd2b49778366eecfd247f6ba6f083eb1cd060ad2a62f79408587fa8edfb18010","root.record.ItemExhibitList.P5Item"
"AEGIS MYP FY22","","0","","","85.696","","0","","","","85.696","","","","","","","","2016-BASE_PROCUREMENT-2016-MDA-PROCUREMENT_MasterJustificationBook_Missile_Defense_Agency_PB_2016.zzz_unzipped-PROCUREMENT_MasterJustificationBook_Missile_Defense_Agency_PB_2016.xml","b4f2202771c2bfc95fdafd93a11aada31a8b14c6b9c5880fd0d937560581322f","3-c4668bcd0c49354a09b247bb0924e6262c81fe289506e7cac009acd21d6b2ee3","1","2022","","","85.696","","85.696","0-cd2b49778366eecfd247f6ba6f083eb1cd060ad2a62f79408587fa8edfb18010","root.record.ItemExhibitList.P5Item"
"AEGIS MYP FY23","","0","","","35.097","","0","","","","35.097","","","","","","","","2016-BASE_PROCUREMENT-2016-MDA-PROCUREMENT_MasterJustificationBook_Missile_Defense_Agency_PB_2016.zzz_unzipped-PROCUREMENT_MasterJustificationBook_Missile_Defense_Agency_PB_2016.xml","b4f2202771c2bfc95fdafd93a11aada31a8b14c6b9c5880fd0d937560581322f","4-529864f8589d6cf821b7fc34b2141ad0324742a241714106a08446a81019f470","1","2023","","","35.097","","35.097","0-cd2b49778366eecfd247f6ba6f083eb1cd060ad2a62f79408587fa8edfb18010","root.record.ItemExhibitList.P5Item"
"AEGIS MYP FY17","","0","","","61.047","","61.047","","","","","","Raytheon","Tucson, AZ","24","24","0","0","2016-BASE_PROCUREMENT-2016-MDA-PROCUREMENT_MasterJustificationBook_Missile_Defense_Agency_PB_2016.zzz_unzipped-PROCUREMENT_MasterJustificationBook_Missile_Defense_Agency_PB_2016.xml","b4f2202771c2bfc95fdafd93a11aada31a8b14c6b9c5880fd0d937560581322f","5-ffe93f587e2321fddfa487861660a58615e181e4cb56f96c5905a015c31f86ea","1","2017","61.047","","61.047","","","0-cd2b49778366eecfd247f6ba6f083eb1cd060ad2a62f79408587fa8edfb18010","root.record.ItemExhibitList.P5Item"
"EOQ","","0","","","","20","","","","","","","","","","","","","2016-BASE_PROCUREMENT-2016-NAVY_AIRCRAFT_BA1-4-PROCUREMENT_JustificationBook_Navy_PB_2016.zzz_unzipped-PROCUREMENT_JustificationBook_Navy_PB_2016.xml","74393c7aeafacf61a1221f9ea624869c29db1b711f4c04d309bcaa81aa8cccad","0-cf53c94fdfaabbd95f196be25b99bef2ad75038113305e39f66222b59b4d40f7","0","","","","","","","0-94bd93fb61d7d0ff90d461e18cb56ac9330b94fdd71cccd27e86adb025d888da","root.record.ItemExhibitList.P5Item"
"Airframe For FY 2013 EOQ/Long Lead","","0","38.984","","","","","","","","","","","","","","","","2016-BASE_PROCUREMENT-2016-NAVY_AIRCRAFT_BA1-4-PROCUREMENT_JustificationBook_Navy_PB_2016.zzz_unzipped-PROCUREMENT_JustificationBook_Navy_PB_2016.xml","afefd55792744e93c1b9205df9cd5d381b13defa796d484ff20f8ff4ce98bc59","0-4232b7423a42180c207043059a1cb73e41d50a7540bbee2efa47d368238edf0d","0","","","","","","","0-4e8a6dd8a63557bc9059797f78a0efcaaa550f99882a50989c4c6388ce679b4a","root.record.ItemExhibitList.P5Item"
"Airframe For FY 2014 EOQ/Long Lead","","0","53.858","","","","","","","","","","","","","","","","2016-BASE_PROCUREMENT-2016-NAVY_AIRCRAFT_BA1-4-PROCUREMENT_JustificationBook_Navy_PB_2016.zzz_unzipped-PROCUREMENT_JustificationBook_Navy_PB_2016.xml","afefd55792744e93c1b9205df9cd5d381b13defa796d484ff20f8ff4ce98bc59","1-ce84c41dc8d4db8a8d7f0e6e7272f509d724e10ead9bc82cab520a7fdfa968e0","0","","","","","","","0-4e8a6dd8a63557bc9059797f78a0efcaaa550f99882a50989c4c6388ce679b4a","root.record.ItemExhibitList.P5Item"
"Airframe For FY 2015 EOQ/Long Lead","","0","6.008","","","80.734","","","","","","","","","","","","","2016-BASE_PROCUREMENT-2016-NAVY_AIRCRAFT_BA1-4-PROCUREMENT_JustificationBook_Navy_PB_2016.zzz_unzipped-PROCUREMENT_JustificationBook_Navy_PB_2016.xml","afefd55792744e93c1b9205df9cd5d381b13defa796d484ff20f8ff4ce98bc59","2-9aa474dd439e4c385a1d9540674e316dedeabf46b588284aee90b2487c3a738a","0","","","","","","","0-4e8a6dd8a63557bc9059797f78a0efcaaa550f99882a50989c4c6388ce679b4a","root.record.ItemExhibitList.P5Item"
"Airframe For FY 2016 EOQ/Long Lead","","0","6.075","85.828","","3.693","","","","","","","","","","","","","2016-BASE_PROCUREMENT-2016-NAVY_AIRCRAFT_BA1-4-PROCUREMENT_JustificationBook_Navy_PB_2016.zzz_unzipped-PROCUREMENT_JustificationBook_Navy_PB_2016.xml","afefd55792744e93c1b9205df9cd5d381b13defa796d484ff20f8ff4ce98bc59","3-cfdb4c556390a8b33427e12e2588aac26df99d48983daff4fc3ba50fffa531bd","0","","","","","","","0-4e8a6dd8a63557bc9059797f78a0efcaaa550f99882a50989c4c6388ce679b4a","root.record.ItemExhibitList.P5Item"
"CC/Avionics For FY 2013 EOQ/Long Lead","","0","59","","","","","","","","","","","","","","","","2016-BASE_PROCUREMENT-2016-NAVY_AIRCRAFT_BA1-4-PROCUREMENT_JustificationBook_Navy_PB_2016.zzz_unzipped-PROCUREMENT_JustificationBook_Navy_PB_2016.xml","afefd55792744e93c1b9205df9cd5d381b13defa796d484ff20f8ff4ce98bc59","4-831ec683329d3d1753751a06d609faad7eabc05ecb6c8171dc4605e6cafd4171","0","","","","","","","0-4e8a6dd8a63557bc9059797f78a0efcaaa550f99882a50989c4c6388ce679b4a","root.record.ItemExhibitList.P5Item"
"CC/Avionics For FY 2014 EOQ/Long Lead","","0","80.835","","","","","","","","","","","","","","","","2016-BASE_PROCUREMENT-2016-NAVY_AIRCRAFT_BA1-4-PROCUREMENT_JustificationBook_Navy_PB_2016.zzz_unzipped-PROCUREMENT_JustificationBook_Navy_PB_2016.xml","afefd55792744e93c1b9205df9cd5d381b13defa796d484ff20f8ff4ce98bc59","5-ad8744e4d1da6f210328a8f681bd8a797f859425315cff0af4427f849e0dde38","0","","","","","","","0-4e8a6dd8a63557bc9059797f78a0efcaaa550f99882a50989c4c6388ce679b4a","root.record.ItemExhibitList.P5Item"
"CC/Avionics For FY 2015 EOQ/Long Lead","","0","75.173","","","30.89","","","","","","","","","","","","","2016-BASE_PROCUREMENT-2016-NAVY_AIRCRAFT_BA1-4-PROCUREMENT_JustificationBook_Navy_PB_2016.zzz_unzipped-PROCUREMENT_JustificationBook_Navy_PB_2016.xml","afefd55792744e93c1b9205df9cd5d381b13defa796d484ff20f8ff4ce98bc59","6-8987258880840e26672b9f03a01aa4010b6c7b3130b052b32d8d1fd359230d92","0","","","","","","","0-4e8a6dd8a63557bc9059797f78a0efcaaa550f99882a50989c4c6388ce679b4a","root.record.ItemExhibitList.P5Item"
"CC/Avionics For FY 2016 EOQ/Long Lead","","0","6.5","20.858","","92.478","","","","","","","","","","","","","2016-BASE_PROCUREMENT-2016-NAVY_AIRCRAFT_BA1-4-PROCUREMENT_JustificationBook_Navy_PB_2016.zzz_unzipped-PROCUREMENT_JustificationBook_Navy_PB_2016.xml","afefd55792744e93c1b9205df9cd5d381b13defa796d484ff20f8ff4ce98bc59","7-c03ba94c8b9f8f287e8ee5e05861a3c8fb57c52540a1dc349029ddfe07a7f9a6","0","","","","","","","0-4e8a6dd8a63557bc9059797f78a0efcaaa550f99882a50989c4c6388ce679b4a","root.record.ItemExhibitList.P5Item"
"For FY 2016 EOQ/Long Lead","","0","","6.688","","","","","","","","","","","","","","","2016-BASE_PROCUREMENT-2016-NAVY_AIRCRAFT_BA1-4-PROCUREMENT_JustificationBook_Navy_PB_2016.zzz_unzipped-PROCUREMENT_JustificationBook_Navy_PB_2016.xml","04275f5297ca2dc751c219d4cc23d8452c8a0adfb94b511a38e3133d11bbe7a2","0-f59a1f4b889a96e5b712edc172ef8d9f28dda6258dbdcb228c1db4b399004d58","0","","","","","","","0-04bdca245e0f65dc3c65307f543357d7b6d895ab8989cfb0bba96f3ea1f3c786","root.record.ItemExhibitList.P5Item"
"For FY 2017 EOQ/Long Lead","","0","","5.203","","","6.993","","","","","","","","","","","","2016-BASE_PROCUREMENT-2016-NAVY_AIRCRAFT_BA1-4-PROCUREMENT_JustificationBook_Navy_PB_2016.zzz_unzipped-PROCUREMENT_JustificationBook_Navy_PB_2016.xml","04275f5297ca2dc751c219d4cc23d8452c8a0adfb94b511a38e3133d11bbe7a2","1-cb5bb4f5dfc33d09e93fff8e165d76e17e4c9541176644f6503e93ffb8f99ac2","0","","","","","","","0-04bdca245e0f65dc3c65307f543357d7b6d895ab8989cfb0bba96f3ea1f3c786","root.record.ItemExhibitList.P5Item"
"For FY 2018 EOQ/Long Lead","","0","","5.203","","","6.993","","","","","","","","","","","","2016-BASE_PROCUREMENT-2016-NAVY_AIRCRAFT_BA1-4-PROCUREMENT_JustificationBook_Navy_PB_2016.zzz_unzipped-PROCUREMENT_JustificationBook_Navy_PB_2016.xml","04275f5297ca2dc751c219d4cc23d8452c8a0adfb94b511a38e3133d11bbe7a2","2-592ea86cfa7c7d65ac0db8f600ddb0a7b6353457491ea82166bfe00a2b9ec48f","0","","","","","","","0-04bdca245e0f65dc3c65307f543357d7b6d895ab8989cfb0bba96f3ea1f3c786","root.record.ItemExhibitList.P5Item"
"For FY 2019 EOQ/Long Lead","","0","","2.802","","","4.079","","","","","","","","","","","","2016-BASE_PROCUREMENT-2016-NAVY_AIRCRAFT_BA1-4-PROCUREMENT_JustificationBook_Navy_PB_2016.zzz_unzipped-PROCUREMENT_JustificationBook_Navy_PB_2016.xml","04275f5297ca2dc751c219d4cc23d8452c8a0adfb94b511a38e3133d11bbe7a2","3-61166798a5abc2bed8e13f73035984f655765471369cbaf92a901c3ffaf332f0","0","","","","","","","0-04bdca245e0f65dc3c65307f543357d7b6d895ab8989cfb0bba96f3ea1f3c786","root.record.ItemExhibitList.P5Item"
"EOQ","","0","","","","20","","","","","","","","","","","","","2016-BASE_PROCUREMENT-2016-NAVY_AIRCRAFT_BA7-PROCUREMENT_MasterJustificationBook_Navy_PB_2016.zzz_unzipped-PROCUREMENT_MasterJustificationBook_Navy_PB_2016.xml","fdb5509255916dc762eb364f6b01aadf36a262d558a694a34c9c99e9cd8f4062","0-39670f8b1d014aa6ccc7fb75f9149a96f08c9acad874a941550c5d4c6cd39c1c","0","","","","","","","0-a27ba8862b734158364518210377943099a8322c151ea15f823295ba000eaea8","root.record.ItemExhibitList.P5Item"
"Airframe For FY 2013 EOQ/Long Lead","","0","38.984","","","","","","","","","","","","","","","","2016-BASE_PROCUREMENT-2016-NAVY_AIRCRAFT_BA7-PROCUREMENT_MasterJustificationBook_Navy_PB_2016.zzz_unzipped-PROCUREMENT_MasterJustificationBook_Navy_PB_2016.xml","23d6409d45c5bfafa665381970cd4fd7c8042cc7d528e9f65e77315457063d00","0-a8156a79caa9b3ef10758478c47eb351b5ea4f9dc9dd7741b22667745708bd95","0","","","","","","","0-d85f6f110dac935c5db0515e7c72730d3c7f428a6f1a0cc9fb2cc08bfe866c26","root.record.ItemExhibitList.P5Item"
"Airframe For FY 2014 EOQ/Long Lead","","0","53.858","","","","","","","","","","","","","","","","2016-BASE_PROCUREMENT-2016-NAVY_AIRCRAFT_BA7-PROCUREMENT_MasterJustificationBook_Navy_PB_2016.zzz_unzipped-PROCUREMENT_MasterJustificationBook_Navy_PB_2016.xml","23d6409d45c5bfafa665381970cd4fd7c8042cc7d528e9f65e77315457063d00","1-091a9f858f9a4dde8c5723f4579d165a9a4ddae5574f7d451cd041fb175168ad","0","","","","","","","0-d85f6f110dac935c5db0515e7c72730d3c7f428a6f1a0cc9fb2cc08bfe866c26","root.record.ItemExhibitList.P5Item"
"Airframe For FY 2015 EOQ/Long Lead","","0","6.008","","","80.734","","","","","","","","","","","","","2016-BASE_PROCUREMENT-2016-NAVY_AIRCRAFT_BA7-PROCUREMENT_MasterJustificationBook_Navy_PB_2016.zzz_unzipped-PROCUREMENT_MasterJustificationBook_Navy_PB_2016.xml","23d6409d45c5bfafa665381970cd4fd7c8042cc7d528e9f65e77315457063d00","2-9d47002588554b9f1736750f580cad0e433448f203c5b3b54179ce523ab8d476","0","","","","","","","0-d85f6f110dac935c5db0515e7c72730d3c7f428a6f1a0cc9fb2cc08bfe866c26","root.record.ItemExhibitList.P5Item"
"Airframe For FY 2016 EOQ/Long Lead","","0","6.075","85.828","","3.693","","","","","","","","","","","","","2016-BASE_PROCUREMENT-2016-NAVY_AIRCRAFT_BA7-PROCUREMENT_MasterJustificationBook_Navy_PB_2016.zzz_unzipped-PROCUREMENT_MasterJustificationBook_Navy_PB_2016.xml","23d6409d45c5bfafa665381970cd4fd7c8042cc7d528e9f65e77315457063d00","3-f44ba7b47deb4c055334f938121f36edddd2d6cd93fedd15347bb18e20210fb9","0","","","","","","","0-d85f6f110dac935c5db0515e7c72730d3c7f428a6f1a0cc9fb2cc08bfe866c26","root.record.ItemExhibitList.P5Item"
"CC/Avionics For FY 2013 EOQ/Long Lead","","0","59","","","","","","","","","","","","","","","","2016-BASE_PROCUREMENT-2016-NAVY_AIRCRAFT_BA7-PROCUREMENT_MasterJustificationBook_Navy_PB_2016.zzz_unzipped-PROCUREMENT_MasterJustificationBook_Navy_PB_2016.xml","23d6409d45c5bfafa665381970cd4fd7c8042cc7d528e9f65e77315457063d00","4-fa6ee079fd06b02bace958fc9db3c57fb61288ec891c427e2ae1c40d5194b1c8","0","","","","","","","0-d85f6f110dac935c5db0515e7c72730d3c7f428a6f1a0cc9fb2cc08bfe866c26","root.record.ItemExhibitList.P5Item"
"CC/Avionics For FY 2014 EOQ/Long Lead","","0","80.835","","","","","","","","","","","","","","","","2016-BASE_PROCUREMENT-2016-NAVY_AIRCRAFT_BA7-PROCUREMENT_MasterJustificationBook_Navy_PB_2016.zzz_unzipped-PROCUREMENT_MasterJustificationBook_Navy_PB_2016.xml","23d6409d45c5bfafa665381970cd4fd7c8042cc7d528e9f65e77315457063d00","5-22d756033eb1a0065aa15df14b8a672a11cef787a4f5e0bcaee8055db7d7593a","0","","","","","","","0-d85f6f110dac935c5db0515e7c72730d3c7f428a6f1a0cc9fb2cc08bfe866c26","root.record.ItemExhibitList.P5Item"
"CC/Avionics For FY 2015 EOQ/Long Lead","","0","75.173","","","30.89","","","","","","","","","","","","","2016-BASE_PROCUREMENT-2016-NAVY_AIRCRAFT_BA7-PROCUREMENT_MasterJustificationBook_Navy_PB_2016.zzz_unzipped-PROCUREMENT_MasterJustificationBook_Navy_PB_2016.xml","23d6409d45c5bfafa665381970cd4fd7c8042cc7d528e9f65e77315457063d00","6-83ca93b1c941bd7f7c5a5bf419aa30aff21969e57e2bed913cf009edcc299c90","0","","","","","","","0-d85f6f110dac935c5db0515e7c72730d3c7f428a6f1a0cc9fb2cc08bfe866c26","root.record.ItemExhibitList.P5Item"
"CC/Avionics For FY 2016 EOQ/Long Lead","","0","6.5","20.858","","92.478","","","","","","","","","","","","","2016-BASE_PROCUREMENT-2016-NAVY_AIRCRAFT_BA7-PROCUREMENT_MasterJustificationBook_Navy_PB_2016.zzz_unzipped-PROCUREMENT_MasterJustificationBook_Navy_PB_2016.xml","23d6409d45c5bfafa665381970cd4fd7c8042cc7d528e9f65e77315457063d00","7-06df51a75dcd077939f03ced7575e5a96ccc53bf581b65b02b4e800ea8d8901f","0","","","","","","","0-d85f6f110dac935c5db0515e7c72730d3c7f428a6f1a0cc9fb2cc08bfe866c26","root.record.ItemExhibitList.P5Item"
"For FY 2016 EOQ/Long Lead","","0","","6.688","","","","","","","","","","","","","","","2016-BASE_PROCUREMENT-2016-NAVY_AIRCRAFT_BA7-PROCUREMENT_MasterJustificationBook_Navy_PB_2016.zzz_unzipped-PROCUREMENT_MasterJustificationBook_Navy_PB_2016.xml","c72833c2f48caf061e1c969c75f712d188245bb6c5d3296aa6ff5745d4284309","0-9172a8ee271f8855ed65d87b3d42f3055afddba91a387d1cbfa199b5c7d1fe80","0","","","","","","","0-30f0444c8212bb8987632529cee5b2f93bf45d146299b0e41f2b9163937ed633","root.record.ItemExhibitList.P5Item"
"For FY 2017 EOQ/Long Lead","","0","","5.203","","","6.993","","","","","","","","","","","","2016-BASE_PROCUREMENT-2016-NAVY_AIRCRAFT_BA7-PROCUREMENT_MasterJustificationBook_Navy_PB_2016.zzz_unzipped-PROCUREMENT_MasterJustificationBook_Navy_PB_2016.xml","c72833c2f48caf061e1c969c75f712d188245bb6c5d3296aa6ff5745d4284309","1-8120dacd6f98bde9156dc3f8a5e7c4a49960b6a87930b7479fd00eabdf2640af","0","","","","","","","0-30f0444c8212bb8987632529cee5b2f93bf45d146299b0e41f2b9163937ed633","root.record.ItemExhibitList.P5Item"
"For FY 2018 EOQ/Long Lead","","0","","5.203","","","6.993","","","","","","","","","","","","2016-BASE_PROCUREMENT-2016-NAVY_AIRCRAFT_BA7-PROCUREMENT_MasterJustificationBook_Navy_PB_2016.zzz_unzipped-PROCUREMENT_MasterJustificationBook_Navy_PB_2016.xml","c72833c2f48caf061e1c969c75f712d188245bb6c5d3296aa6ff5745d4284309","2-b5ee63cdb7273b76df39d87207281ee60a2aaf982cf1040b6a728418e1e9feec","0","","","","","","","0-30f0444c8212bb8987632529cee5b2f93bf45d146299b0e41f2b9163937ed633","root.record.ItemExhibitList.P5Item"
"For FY 2019 EOQ/Long Lead","","0","","2.802","","","4.079","","","","","","","","","","","","2016-BASE_PROCUREMENT-2016-NAVY_AIRCRAFT_BA7-PROCUREMENT_MasterJustificationBook_Navy_PB_2016.zzz_unzipped-PROCUREMENT_MasterJustificationBook_Navy_PB_2016.xml","c72833c2f48caf061e1c969c75f712d188245bb6c5d3296aa6ff5745d4284309","3-8114b3b4467ed1b28451a44b5ab6d3e327dad5bc9cff65a52c233e7d92f07ac6","0","","","","","","","0-30f0444c8212bb8987632529cee5b2f93bf45d146299b0e41f2b9163937ed633","root.record.ItemExhibitList.P5Item"
"Airframe: EOQ","","12","92","0","92","0","0","","","","","","Lockheed Martin","Marietta GA","0","0","","","2017-BASE_PROCUREMENT-2017-AIRFORCE_AIRCRAFT_VOL1-U_PROCUREMENT_JustificationBook_Air_Force_PB_2017.zzz_unzipped-U_PROCUREMENT_JustificationBook_Air_Force_PB_2017.xml","317e5965462e9d7678fc4f02896e5cee9bbda817cad2e5ad9c2290b851dba197","0-677a9bd2796fccb456a7f05ec3a234673fe45266b380cfdd172f3d3dc1efb467","","","","","","","","0-5b70e3d9bb0965d9151a291dc20bf53820c19b20bff25c03323f705a9d5a89e8","root.record.ItemExhibitList.P5Item"
"Airframe/Engines/Accessories: HC-130J Airframe Equipment","","12","48","","48","","","","","","","","","","","","","","2017-BASE_PROCUREMENT-2017-AIRFORCE_AIRCRAFT_VOL1-U_PROCUREMENT_JustificationBook_Air_Force_PB_2017.zzz_unzipped-U_PROCUREMENT_JustificationBook_Air_Force_PB_2017.xml","04b39301635aa03a7b974c8a1151aafada20c596b5345242252608dac900590d","0-3b430e1628d38a2fa1df512d3c7467dec4f4ac95f8f94a063b7644d4fb14e87b","","","","","","","","0-292f5c40e9d57362ce436722247d0ac7ae7b23d28d735a8e504070f9d8031b0b","root.record.ItemExhibitList.P5Item"
"Airframe/Engines/Accessories: MC-130J Economic Order Quantity Items","","12","84","0","84","0","0","0","0","0","","","Lockheed Martin","Marietta GA","0","0","","","2017-BASE_PROCUREMENT-2017-AIRFORCE_AIRCRAFT_VOL1-U_PROCUREMENT_JustificationBook_Air_Force_PB_2017.zzz_unzipped-U_PROCUREMENT_JustificationBook_Air_Force_PB_2017.xml","dfceced65c92fa65682ab45ae434a30edc54231102355ccb2d0cccb8c70865c0","0-813b48c1c3a8c1a6441f6446af0673adf59798bce069bf1c61a8029148c19825","","","","","","","","0-47d997b6dcaab79dedc8b1a5f24b959c6e76ff059398be4010b1c6bcc0baaf27","root.record.ItemExhibitList.P5Item"
"Airframe: EOQ","","12","92","0","92","0","0","","","","","","Lockheed Martin","Marietta GA","0","0","","","2017-BASE_PROCUREMENT-2017-AIRFORCE_AIRCRAFT_VOL1-U_PROCUREMENT_MasterJustificationBook_Air_Force_PB_2017.zzz_unzipped-U_PROCUREMENT_MasterJustificationBook_Air_Force_PB_2017.xml","1e24abaeefbb873f569d9b38ff04ead3b13c188ded0a995438fc26ef309c4d70","0-9c89bbeb2d672264fe0c6c5a42dfd89e3e6ba45d310edba87ccda12d48c49f87","","","","","","","","0-b176d6db7709af69d45caf9696b8694fd9bc34ceb83f88080f31d37ca82868a3","root.record.ItemExhibitList.P5Item"
"Airframe/Engines/Accessories: HC-130J Airframe Equipment","","12","48","","48","","","","","","","","","","","","","","2017-BASE_PROCUREMENT-2017-AIRFORCE_AIRCRAFT_VOL1-U_PROCUREMENT_MasterJustificationBook_Air_Force_PB_2017.zzz_unzipped-U_PROCUREMENT_MasterJustificationBook_Air_Force_PB_2017.xml","aaa3897ab1e9054e10ccba0b0bb9ce360d96a0672f9728a2ddce5dfd5536a8e9","0-050b3104758a4fab32058876026e1ab9524ee3f98953fb84a11f8697941b27f7","","","","","","","","0-28c17ce80298987003dffad9bef2895292fe23aa5b1630024491ce80716776ce","root.record.ItemExhibitList.P5Item"
"Airframe/Engines/Accessories: MC-130J Economic Order Quantity Items","","12","84","0","84","0","0","0","0","0","","","Lockheed Martin","Marietta GA","0","0","","","2017-BASE_PROCUREMENT-2017-AIRFORCE_AIRCRAFT_VOL1-U_PROCUREMENT_MasterJustificationBook_Air_Force_PB_2017.zzz_unzipped-U_PROCUREMENT_MasterJustificationBook_Air_Force_PB_2017.xml","f8d8f61e907a74fdbcc61c2f963800089af997881e4e9977e7629b29e606e7f9","0-8b69873fcaf5a78783ff4ef20b9e2be16c3eabb5bec1e56f8112e96bd9586b51","","","","","","","","0-6f8cf76b22ad70e39a2fd54d5fb3f8231dd035976b7ce498878b1cbf992146e1","root.record.ItemExhibitList.P5Item"
"Airframe: EOQ","","12","92","0","92","0","0","","","","","","Lockheed Martin","Marietta GA","0","0","","","2017-BASE_PROCUREMENT-2017-AIRFORCE_AIRCRAFT_VOL2-U_PROCUREMENT_MasterJustificationBook_Air_Force_PB_2017.zzz_unzipped-U_PROCUREMENT_MasterJustificationBook_Air_Force_PB_2017.xml","e69e07728276534fdfa55b2844b939d33d50eb19a45e7ddc2b78cbe832e14bba","0-5bda2c5856aa8b88fda6c2587a47bc6c656100217daa23cb845f9ddafeb09c1a","","","","","","","","0-c64a54abf4c92ef057d19bba35cec4d2cccf7d00b43ad92a67b00f3765fa2091","root.record.ItemExhibitList.P5Item"
"Airframe/Engines/Accessories: HC-130J Airframe Equipment","","12","48","","48","","","","","","","","","","","","","","2017-BASE_PROCUREMENT-2017-AIRFORCE_AIRCRAFT_VOL2-U_PROCUREMENT_MasterJustificationBook_Air_Force_PB_2017.zzz_unzipped-U_PROCUREMENT_MasterJustificationBook_Air_Force_PB_2017.xml","04c0c41116e5f6904b16bf76340a6959e7f09069c196fcfad2d2be879207724f","0-2d18b10701441dfdf94c88bb322208be501dbac4b956d4a82de940c6789a979c","","","","","","","","0-550c3c939a56996e04d1a0764a53ca41176acf27dedf5993bd2ca18927549a67","root.record.ItemExhibitList.P5Item"
"Airframe/Engines/Accessories: MC-130J Economic Order Quantity Items","","12","84","0","84","0","0","0","0","0","","","Lockheed Martin","Marietta GA","0","0","","","2017-BASE_PROCUREMENT-2017-AIRFORCE_AIRCRAFT_VOL2-U_PROCUREMENT_MasterJustificationBook_Air_Force_PB_2017.zzz_unzipped-U_PROCUREMENT_MasterJustificationBook_Air_Force_PB_2017.xml","0dd91f4446d3575886727ff6a8249093ad91205b21e77ef7cfe082bffa942faf","0-6a9bb2dd16cc2f2a6ae431ee624f6514109de35d5398272730f61071f6a67b4e","","","","","","","","0-cbf7f7834746175bb18dced65ba469f97a4cd25aa4204ba2c0a526d3a78324a5","root.record.ItemExhibitList.P5Item"
"EOQ","","0","20","","","","","","","","","","","","","","","","2017-BASE_PROCUREMENT-2017-NAVY_AIRCRAFT_BA1-4-U_PROCUREMENT_JustificationBook_Navy_PB_2017.zzz_unzipped-U_PROCUREMENT_JustificationBook_Navy_PB_2017.xml","555bec654b4c1867124dcbd9314b42f5776b3b543281c6d487aa3d154f493c05","0-a1315b1cd71ce95a72f34752500236bf173397f73b0c033fc2dfd2cfa16aa280","0","","","","","","","0-6c4693b29abfde0e14d49dca2ebfc886c003452089860763edf9beeaa795baa1","root.record.ItemExhibitList.P5Item"
"Airframe For FY 2013 EOQ/Long Lead","","0","38.984","","","","","","","","","","","","","","","","2017-BASE_PROCUREMENT-2017-NAVY_AIRCRAFT_BA1-4-U_PROCUREMENT_JustificationBook_Navy_PB_2017.zzz_unzipped-U_PROCUREMENT_JustificationBook_Navy_PB_2017.xml","6a5e6f143345269ecf4f7575802b96635f13b6bb722b201fc463fb59d7cad159","0-2dde4cb8d05c048ce06873561881979b310a2a34f92f01e032c92f2897098958","0","","","","","","","0-81e671d12858d0f588efb1947369d84a0eccee1bbf5ff9c14e572a9432e0e05f","root.record.ItemExhibitList.P5Item"
"Airframe For FY 2014 EOQ/Long Lead","","0","53.858","","","","","","","","","","","","","","","","2017-BASE_PROCUREMENT-2017-NAVY_AIRCRAFT_BA1-4-U_PROCUREMENT_JustificationBook_Navy_PB_2017.zzz_unzipped-U_PROCUREMENT_JustificationBook_Navy_PB_2017.xml","6a5e6f143345269ecf4f7575802b96635f13b6bb722b201fc463fb59d7cad159","1-1be19aadcc59b59949ee06daf0039d60e7f5c09c6b481a99e59fbda975320304","0","","","","","","","0-81e671d12858d0f588efb1947369d84a0eccee1bbf5ff9c14e572a9432e0e05f","root.record.ItemExhibitList.P5Item"
"Airframe For FY 2015 EOQ/Long Lead","","0","86.742","","","","","","","","","","","","","","","","2017-BASE_PROCUREMENT-2017-NAVY_AIRCRAFT_BA1-4-U_PROCUREMENT_JustificationBook_Navy_PB_2017.zzz_unzipped-U_PROCUREMENT_JustificationBook_Navy_PB_2017.xml","6a5e6f143345269ecf4f7575802b96635f13b6bb722b201fc463fb59d7cad159","2-8487c026d1eae488ef46ece1af90be07d9f2b551d2957744ab2594b61aeac037","0","","","","","","","0-81e671d12858d0f588efb1947369d84a0eccee1bbf5ff9c14e572a9432e0e05f","root.record.ItemExhibitList.P5Item"
"Airframe For FY 2016 EOQ/Long Lead","","0","9.768","","","85.828","","","","","","","","","","","","","2017-BASE_PROCUREMENT-2017-NAVY_AIRCRAFT_BA1-4-U_PROCUREMENT_JustificationBook_Navy_PB_2017.zzz_unzipped-U_PROCUREMENT_JustificationBook_Navy_PB_2017.xml","6a5e6f143345269ecf4f7575802b96635f13b6bb722b201fc463fb59d7cad159","3-5b678fa311478010bdf819a3a6691885eb0ccd64c7828675c9157694510f4506","0","","","","","","","0-81e671d12858d0f588efb1947369d84a0eccee1bbf5ff9c14e572a9432e0e05f","root.record.ItemExhibitList.P5Item"
"CC/Avionics For FY 2013 EOQ/Long Lead","","0","59","","","","","","","","","","","","","","","","2017-BASE_PROCUREMENT-2017-NAVY_AIRCRAFT_BA1-4-U_PROCUREMENT_JustificationBook_Navy_PB_2017.zzz_unzipped-U_PROCUREMENT_JustificationBook_Navy_PB_2017.xml","6a5e6f143345269ecf4f7575802b96635f13b6bb722b201fc463fb59d7cad159","4-4d327a2768362a4e94b3b7f3b7340e2f90b3c156eab8fa67913805c5dcea52eb","0","","","","","","","0-81e671d12858d0f588efb1947369d84a0eccee1bbf5ff9c14e572a9432e0e05f","root.record.ItemExhibitList.P5Item"
"CC/Avionics For FY 2014 EOQ/Long Lead","","0","80.835","","","","","","","","","","","","","","","","2017-BASE_PROCUREMENT-2017-NAVY_AIRCRAFT_BA1-4-U_PROCUREMENT_JustificationBook_Navy_PB_2017.zzz_unzipped-U_PROCUREMENT_JustificationBook_Navy_PB_2017.xml","6a5e6f143345269ecf4f7575802b96635f13b6bb722b201fc463fb59d7cad159","5-8f5e36858b67a7e8922c9bfd4aadb66d533cea8b87b17fbcbcbb3e0d02537b63","0","","","","","","","0-81e671d12858d0f588efb1947369d84a0eccee1bbf5ff9c14e572a9432e0e05f","root.record.ItemExhibitList.P5Item"
"CC/Avionics For FY 2015 EOQ/Long Lead","","0","106.063","","","","","","","","","","","","","","","","2017-BASE_PROCUREMENT-2017-NAVY_AIRCRAFT_BA1-4-U_PROCUREMENT_JustificationBook_Navy_PB_2017.zzz_unzipped-U_PROCUREMENT_JustificationBook_Navy_PB_2017.xml","6a5e6f143345269ecf4f7575802b96635f13b6bb722b201fc463fb59d7cad159","6-57840baa67846c809ff4fa99945ddfb23d170bad6bfb74465b68266310834955","0","","","","","","","0-81e671d12858d0f588efb1947369d84a0eccee1bbf5ff9c14e572a9432e0e05f","root.record.ItemExhibitList.P5Item"
"CC/Avionics For FY 2016 EOQ/Long Lead","Cost Element for CC/Avionics For FY 2016 EOQ/Long Lead increase from the FY 2016 President's budget reflects funds reprogrammed into FY 2015 Advance Procurement to fully fund the Lockheed Martin MYP requirement for the FY 2016 production aircraft.","0","98.978","","","28.858","","","","","","","","","","","","","2017-BASE_PROCUREMENT-2017-NAVY_AIRCRAFT_BA1-4-U_PROCUREMENT_JustificationBook_Navy_PB_2017.zzz_unzipped-U_PROCUREMENT_JustificationBook_Navy_PB_2017.xml","6a5e6f143345269ecf4f7575802b96635f13b6bb722b201fc463fb59d7cad159","7-0ba65e38ab50acbe69e29224c757d8f38b5a85963f6079d7d057943c874cf122","0","","","","","","","0-81e671d12858d0f588efb1947369d84a0eccee1bbf5ff9c14e572a9432e0e05f","root.record.ItemExhibitList.P5Item"
"For FY 2016 EOQ/Long Lead","","0","","","","10.311","","","","","","","","","","","","","2017-BASE_PROCUREMENT-2017-NAVY_AIRCRAFT_BA1-4-U_PROCUREMENT_JustificationBook_Navy_PB_2017.zzz_unzipped-U_PROCUREMENT_JustificationBook_Navy_PB_2017.xml","219653411bc7eef6808f7abbfd8195ac1a7d7f4155d13571c4151c067463b2c5","0-791622f86fb9a822a1eec4637eb13bc70b30e385d4f927b352e7acd9f44e3c64","0","","","","","","","0-001ed51d721ee2c2ce4aae7f86119d984ccc9d240704e545ff4020be0e2bfe33","root.record.ItemExhibitList.P5Item"
"For FY 2017 EOQ/Long Lead","","0","","5.499","","2.234","","","","","","","","","","","","","2017-BASE_PROCUREMENT-2017-NAVY_AIRCRAFT_BA1-4-U_PROCUREMENT_JustificationBook_Navy_PB_2017.zzz_unzipped-U_PROCUREMENT_JustificationBook_Navy_PB_2017.xml","219653411bc7eef6808f7abbfd8195ac1a7d7f4155d13571c4151c067463b2c5","1-291af2017235281d3d1574a24a218f82e77af89579655f8be819e4fa9cdd085b","0","","","","","","","0-001ed51d721ee2c2ce4aae7f86119d984ccc9d240704e545ff4020be0e2bfe33","root.record.ItemExhibitList.P5Item"
"For FY 2018 EOQ/Long Lead","","0","","5.499","","2.234","","","","","","","","","","","","","2017-BASE_PROCUREMENT-2017-NAVY_AIRCRAFT_BA1-4-U_PROCUREMENT_JustificationBook_Navy_PB_2017.zzz_unzipped-U_PROCUREMENT_JustificationBook_Navy_PB_2017.xml","219653411bc7eef6808f7abbfd8195ac1a7d7f4155d13571c4151c067463b2c5","2-4de22672f75edc6d1cde265b2a19ea63227f27b0e5c4487599ff7f88e4110ee9","0","","","","","","","0-001ed51d721ee2c2ce4aae7f86119d984ccc9d240704e545ff4020be0e2bfe33","root.record.ItemExhibitList.P5Item"
"For FY 2019 EOQ/Long Lead","","0","","4.296","","1.718","","","","","","","","","","","","","2017-BASE_PROCUREMENT-2017-NAVY_AIRCRAFT_BA1-4-U_PROCUREMENT_JustificationBook_Navy_PB_2017.zzz_unzipped-U_PROCUREMENT_JustificationBook_Navy_PB_2017.xml","219653411bc7eef6808f7abbfd8195ac1a7d7f4155d13571c4151c067463b2c5","3-c1e1981aa6877440724e452aec4037fc11b8c666099af55e29b81b396e915062","0","","","","","","","0-001ed51d721ee2c2ce4aae7f86119d984ccc9d240704e545ff4020be0e2bfe33","root.record.ItemExhibitList.P5Item"
"EOQ","","0","20","","","","","","","","","","","","","","","","2017-BASE_PROCUREMENT-2017-NAVY_AIRCRAFT_BA7-U_PROCUREMENT_MasterJustificationBook_Navy_PB_2017.zzz_unzipped-U_PROCUREMENT_MasterJustificationBook_Navy_PB_2017.xml","de8d029582830ec73b6dfc61b503cb2f65019363b4494e029b6ed01a856247ba","0-6b4d681053fb676582419b5ad2f783a654a587eea4d66e9a2a57133030795ed4","0","","","","","","","0-f75d3efe57478d8e8b9603f68b60e581bf14e367c910f10598b92f5cc5d0b361","root.record.ItemExhibitList.P5Item"
"Airframe For FY 2013 EOQ/Long Lead","","0","38.984","","","","","","","","","","","","","","","","2017-BASE_PROCUREMENT-2017-NAVY_AIRCRAFT_BA7-U_PROCUREMENT_MasterJustificationBook_Navy_PB_2017.zzz_unzipped-U_PROCUREMENT_MasterJustificationBook_Navy_PB_2017.xml","9eb723de1a8916ea77f2b799682a39678e536b59c61f97964db92994f1fa1347","0-a2b9342675f71376fca5772113092545122304a50ea199f4d8aaec16578ef341","0","","","","","","","0-72c38820efd0ad943e2e609508d8257d37d56de42ada442ad15e394ce1b3f994","root.record.ItemExhibitList.P5Item"
"Airframe For FY 2014 EOQ/Long Lead","","0","53.858","","","","","","","","","","","","","","","","2017-BASE_PROCUREMENT-2017-NAVY_AIRCRAFT_BA7-U_PROCUREMENT_MasterJustificationBook_Navy_PB_2017.zzz_unzipped-U_PROCUREMENT_MasterJustificationBook_Navy_PB_2017.xml","9eb723de1a8916ea77f2b799682a39678e536b59c61f97964db92994f1fa1347","1-15fd54d808c354a8efa7c8d9caba442d3a5a5e76cfd3bf7806740b052b6586a3","0","","","","","","","0-72c38820efd0ad943e2e609508d8257d37d56de42ada442ad15e394ce1b3f994","root.record.ItemExhibitList.P5Item"
"Airframe For FY 2015 EOQ/Long Lead","","0","86.742","","","","","","","","","","","","","","","","2017-BASE_PROCUREMENT-2017-NAVY_AIRCRAFT_BA7-U_PROCUREMENT_MasterJustificationBook_Navy_PB_2017.zzz_unzipped-U_PROCUREMENT_MasterJustificationBook_Navy_PB_2017.xml","9eb723de1a8916ea77f2b799682a39678e536b59c61f97964db92994f1fa1347","2-b6a4f5ebf9b0362ff7ef0044a47ec131b87a30f003734ecc819aaf88c9bdcb75","0","","","","","","","0-72c38820efd0ad943e2e609508d8257d37d56de42ada442ad15e394ce1b3f994","root.record.ItemExhibitList.P5Item"
"Airframe For FY 2016 EOQ/Long Lead","","0","9.768","","","85.828","","","","","","","","","","","","","2017-BASE_PROCUREMENT-2017-NAVY_AIRCRAFT_BA7-U_PROCUREMENT_MasterJustificationBook_Navy_PB_2017.zzz_unzipped-U_PROCUREMENT_MasterJustificationBook_Navy_PB_2017.xml","9eb723de1a8916ea77f2b799682a39678e536b59c61f97964db92994f1fa1347","3-4ecdb0c5ba8394625fe7259fc32459192dcdc305ff48387bd35442daf93ba454","0","","","","","","","0-72c38820efd0ad943e2e609508d8257d37d56de42ada442ad15e394ce1b3f994","root.record.ItemExhibitList.P5Item"
"CC/Avionics For FY 2013 EOQ/Long Lead","","0","59","","","","","","","","","","","","","","","","2017-BASE_PROCUREMENT-2017-NAVY_AIRCRAFT_BA7-U_PROCUREMENT_MasterJustificationBook_Navy_PB_2017.zzz_unzipped-U_PROCUREMENT_MasterJustificationBook_Navy_PB_2017.xml","9eb723de1a8916ea77f2b799682a39678e536b59c61f97964db92994f1fa1347","4-e90b667c8bb915b57cc1ef0aaf5ab841aaf1fd09444e42aca7cdb54f26010f22","0","","","","","","","0-72c38820efd0ad943e2e609508d8257d37d56de42ada442ad15e394ce1b3f994","root.record.ItemExhibitList.P5Item"
"CC/Avionics For FY 2014 EOQ/Long Lead","","0","80.835","","","","","","","","","","","","","","","","2017-BASE_PROCUREMENT-2017-NAVY_AIRCRAFT_BA7-U_PROCUREMENT_MasterJustificationBook_Navy_PB_2017.zzz_unzipped-U_PROCUREMENT_MasterJustificationBook_Navy_PB_2017.xml","9eb723de1a8916ea77f2b799682a39678e536b59c61f97964db92994f1fa1347","5-0d394239f4bb80a72162eb4fc5e856fc654d01a3e5bb89457fe00165e1f6011e","0","","","","","","","0-72c38820efd0ad943e2e609508d8257d37d56de42ada442ad15e394ce1b3f994","root.record.ItemExhibitList.P5Item"
"CC/Avionics For FY 2015 EOQ/Long Lead","","0","106.063","","","","","","","","","","","","","","","","2017-BASE_PROCUREMENT-2017-NAVY_AIRCRAFT_BA7-U_PROCUREMENT_MasterJustificationBook_Navy_PB_2017.zzz_unzipped-U_PROCUREMENT_MasterJustificationBook_Navy_PB_2017.xml","9eb723de1a8916ea77f2b799682a39678e536b59c61f97964db92994f1fa1347","6-f254b8245e41eda3c58695f1c3ebcca59867e4c68dfaf12c7264f793d258e24a","0","","","","","","","0-72c38820efd0ad943e2e609508d8257d37d56de42ada442ad15e394ce1b3f994","root.record.ItemExhibitList.P5Item"
"CC/Avionics For FY 2016 EOQ/Long Lead","Cost Element for CC/Avionics For FY 2016 EOQ/Long Lead increase from the FY 2016 President's budget reflects funds reprogrammed into FY 2015 Advance Procurement to fully fund the Lockheed Martin MYP requirement for the FY 2016 production aircraft.","0","98.978","","","28.858","","","","","","","","","","","","","2017-BASE_PROCUREMENT-2017-NAVY_AIRCRAFT_BA7-U_PROCUREMENT_MasterJustificationBook_Navy_PB_2017.zzz_unzipped-U_PROCUREMENT_MasterJustificationBook_Navy_PB_2017.xml","9eb723de1a8916ea77f2b799682a39678e536b59c61f97964db92994f1fa1347","7-e1f64b557f87ab0c407eb1ec1b21684f19e5fb30e667d5776752952e78e260ec","0","","","","","","","0-72c38820efd0ad943e2e609508d8257d37d56de42ada442ad15e394ce1b3f994","root.record.ItemExhibitList.P5Item"
"For FY 2016 EOQ/Long Lead","","0","","","","10.311","","","","","","","","","","","","","2017-BASE_PROCUREMENT-2017-NAVY_AIRCRAFT_BA7-U_PROCUREMENT_MasterJustificationBook_Navy_PB_2017.zzz_unzipped-U_PROCUREMENT_MasterJustificationBook_Navy_PB_2017.xml","9e49cdeea02b8dbbb466257ef555285a30cb599dfd57513cc5dc37c5f404bfa3","0-95dc8d32e832256e5e1e88c700a390718ca40218bac883f8dc66469452ab39ef","0","","","","","","","0-b3bff5d6150dbe3db7b9a688f2ef7a15ef2c057e42a5941dd07827ae443044cb","root.record.ItemExhibitList.P5Item"
"For FY 2017 EOQ/Long Lead","","0","","5.499","","2.234","","","","","","","","","","","","","2017-BASE_PROCUREMENT-2017-NAVY_AIRCRAFT_BA7-U_PROCUREMENT_MasterJustificationBook_Navy_PB_2017.zzz_unzipped-U_PROCUREMENT_MasterJustificationBook_Navy_PB_2017.xml","9e49cdeea02b8dbbb466257ef555285a30cb599dfd57513cc5dc37c5f404bfa3","1-66aa24dd3598876d891089673971a4a24dac5459f6b88df0194eb8ef6ec4d697","0","","","","","","","0-b3bff5d6150dbe3db7b9a688f2ef7a15ef2c057e42a5941dd07827ae443044cb","root.record.ItemExhibitList.P5Item"
"For FY 2018 EOQ/Long Lead","","0","","5.499","","2.234","","","","","","","","","","","","","2017-BASE_PROCUREMENT-2017-NAVY_AIRCRAFT_BA7-U_PROCUREMENT_MasterJustificationBook_Navy_PB_2017.zzz_unzipped-U_PROCUREMENT_MasterJustificationBook_Navy_PB_2017.xml","9e49cdeea02b8dbbb466257ef555285a30cb599dfd57513cc5dc37c5f404bfa3","2-c32dc29d854f09e1e31b235732ce4395ce4dc5816d40d9826acab80ec4c2ba5c","0","","","","","","","0-b3bff5d6150dbe3db7b9a688f2ef7a15ef2c057e42a5941dd07827ae443044cb","root.record.ItemExhibitList.P5Item"
"For FY 2019 EOQ/Long Lead","","0","","4.296","","1.718","","","","","","","","","","","","","2017-BASE_PROCUREMENT-2017-NAVY_AIRCRAFT_BA7-U_PROCUREMENT_MasterJustificationBook_Navy_PB_2017.zzz_unzipped-U_PROCUREMENT_MasterJustificationBook_Navy_PB_2017.xml","9e49cdeea02b8dbbb466257ef555285a30cb599dfd57513cc5dc37c5f404bfa3","3-c56c708505114e9405a528d1a6ef9a76bf0bf7c83d8f3480b5d14d6a087d6814","0","","","","","","","0-b3bff5d6150dbe3db7b9a688f2ef7a15ef2c057e42a5941dd07827ae443044cb","root.record.ItemExhibitList.P5Item"
"Airframe: EOQ","","12","92","0","","0","0","","","","","","N//A","N/A","12","12","","","2018-BASE_PROCUREMENT-2018-AIRFORCE_AIRCRAFT_VOL1-U_PROCUREMENT_JustificationBook_Air_Force_PB_2018.zzz_unzipped-U_PROCUREMENT_JustificationBook_Air_Force_PB_2018.xml","3013d2c99ef7883e19c7b93224fdff50f8c7263434425601604d25632bc020a5","0-0ca4b7a3aa5b0fc1e99ce8aacffa9044e9ecfa5e635aaa6823c7f649752d0946","","","","","","","","0-387a7eefa99b33f583d3934c2458315b80053b08cfcbfa2be10429e657b4100c","root.record.ItemExhibitList.P5Item"
"Airframe/Engines/Accessories: HC-130J Airframe Equipment","","12","48","0","","0","0","","","","","","Lockheed Martin","Marietta GA","12","12","","","2018-BASE_PROCUREMENT-2018-AIRFORCE_AIRCRAFT_VOL1-U_PROCUREMENT_JustificationBook_Air_Force_PB_2018.zzz_unzipped-U_PROCUREMENT_JustificationBook_Air_Force_PB_2018.xml","1064caa6aad62d617f267eeab8b71ff24316efc723669cb41e40e5531ed97467","0-fbe38dce4f4e36a5563e39c631b8ad0cf1076e122450e16414589f6a1aadc67a","","","","","","","","0-ddf47c3b07d4408f2280e7a8a53aad6d19fd9c12d19dfe7e49167a91b406a402","root.record.ItemExhibitList.P5Item"
"Airframe/Engines/Accessories: MC-130J Economic Order Quantity Items","","12","84","0","","0","0","","","","","","Lockheed Martin","Marietta GA","0","0","","","2018-BASE_PROCUREMENT-2018-AIRFORCE_AIRCRAFT_VOL1-U_PROCUREMENT_JustificationBook_Air_Force_PB_2018.zzz_unzipped-U_PROCUREMENT_JustificationBook_Air_Force_PB_2018.xml","5282f14dc345aeb069c9862d0a8e6f568c12f7a22a00e4757ffea9e6ec73b23d","0-9c6c1019bd3f89acaf002fddf192bce2bbc4efbef9ba56aad48afc73e39ead44","","","","","","","","0-d532ef18871bbdddd0f89423ae32bfaa7d68172c56e704a7f05690d6dbc2d6d4","root.record.ItemExhibitList.P5Item"
"Airframe: EOQ","","12","92","0","","0","0","","","","","","N//A","N/A","12","12","","","2018-BASE_PROCUREMENT-2018-AIRFORCE_AIRCRAFT_VOL2-U_PROCUREMENT_MasterJustificationBook_Air_Force_PB_2018.zzz_unzipped-U_PROCUREMENT_MasterJustificationBook_Air_Force_PB_2018.xml","f11abe99c918ba00d36c7bd6b850c69903d0cf64dd50e793b748479423a9a87c","0-7889e01010f4e9c627f9ca8268fe4b43b729085d73e78ebe51e3e95e4dc31ff1","","","","","","","","0-021fb9ae635b5c682e66bc89e950816f30a425798406481f9da51b59897d3904","root.record.ItemExhibitList.P5Item"
"Airframe/Engines/Accessories: HC-130J Airframe Equipment","","12","48","0","","0","0","","","","","","Lockheed Martin","Marietta GA","12","12","","","2018-BASE_PROCUREMENT-2018-AIRFORCE_AIRCRAFT_VOL2-U_PROCUREMENT_MasterJustificationBook_Air_Force_PB_2018.zzz_unzipped-U_PROCUREMENT_MasterJustificationBook_Air_Force_PB_2018.xml","52d3e8eceb99048e70461d8badb057e5f9170779e5b578ac08b8b3a06143352f","0-110fc9f74c51658ef6b10c2698ba22723b6e99171134c371b95f33c24795270e","","","","","","","","0-0cac90b8d1b20e1eb69896b67ca39c0cd0b73c8ac32c25e10d1def022d0f9335","root.record.ItemExhibitList.P5Item"
"Airframe/Engines/Accessories: MC-130J Economic Order Quantity Items","","12","84","0","","0","0","","","","","","Lockheed Martin","Marietta GA","0","0","","","2018-BASE_PROCUREMENT-2018-AIRFORCE_AIRCRAFT_VOL2-U_PROCUREMENT_MasterJustificationBook_Air_Force_PB_2018.zzz_unzipped-U_PROCUREMENT_MasterJustificationBook_Air_Force_PB_2018.xml","3a9accd390ed2b4c0db815f8762265e56f4da2f42dfd3f6bf46e7026cfaa4062","0-2ea3f258222dd104e83f17a68f9836c308543d5db33c1ab732b11643b524f5df","","","","","","","","0-c1a3d28cec7ba8db73170191ec9d58efb3cea9a1da1427f49ab4df06475150e7","root.record.ItemExhibitList.P5Item"
"EOQ","","0","20","","","","","","","","","","","","","","","","2018-BASE_PROCUREMENT-2018-NAVY_AIRCRAFT_BA1-4-U_PROCUREMENT_JustificationBook_Navy_PB_2018.zzz_unzipped-U_PROCUREMENT_JustificationBook_Navy_PB_2018.xml","884853d3f623833755330fdfeb01cbd0fa45d96aca9a34b4c161d19194de04ae","0-336b449a174be4d167d2e003ba3a8da0781e350e53a171a5db4751d15e155f1d","0","","","","","","","0-c111c7517e4b37311926caadc18bd98aa68aacb3b8f0296af9aa2be534b2d313","root.record.ItemExhibitList.P5Item"
"For FY 2016 EOQ/Long Lead","","0","10.311","","","","","","","","","","","","","","","","2018-BASE_PROCUREMENT-2018-NAVY_AIRCRAFT_BA1-4-U_PROCUREMENT_JustificationBook_Navy_PB_2018.zzz_unzipped-U_PROCUREMENT_JustificationBook_Navy_PB_2018.xml","42a9bfaff7425bfd11014b778f977fe624f874fdc0f448de452703de3c2e6635","0-7618ec12746ff8ea6e15021da8490586382a84294459f5aca83a222279a8bb23","0","","","","","","","0-5243204e6ffb7e8fc45dd8aa996b54c55d5d65a42b59a910ff0fcbb5aba8656e","root.record.ItemExhibitList.P5Item"
"For FY 2017 EOQ/Long Lead","","0","2.234","","","5.499","","","","","","","","","","","","","2018-BASE_PROCUREMENT-2018-NAVY_AIRCRAFT_BA1-4-U_PROCUREMENT_JustificationBook_Navy_PB_2018.zzz_unzipped-U_PROCUREMENT_JustificationBook_Navy_PB_2018.xml","42a9bfaff7425bfd11014b778f977fe624f874fdc0f448de452703de3c2e6635","1-985f3359ddfa7e56ee642047ea91c92e325d4afe2bfbe2ecc0b970393131cd19","0","","","","","","","0-5243204e6ffb7e8fc45dd8aa996b54c55d5d65a42b59a910ff0fcbb5aba8656e","root.record.ItemExhibitList.P5Item"
"For FY 2018 EOQ/Long Lead","","0","2.234","","","5.499","","","","","","","","","","","","","2018-BASE_PROCUREMENT-2018-NAVY_AIRCRAFT_BA1-4-U_PROCUREMENT_JustificationBook_Navy_PB_2018.zzz_unzipped-U_PROCUREMENT_JustificationBook_Navy_PB_2018.xml","42a9bfaff7425bfd11014b778f977fe624f874fdc0f448de452703de3c2e6635","2-66b903eb236d6efd393d128573a2233ac7917a60e1b7241d5b33394648752f9f","0","","","","","","","0-5243204e6ffb7e8fc45dd8aa996b54c55d5d65a42b59a910ff0fcbb5aba8656e","root.record.ItemExhibitList.P5Item"
"For FY 2019 EOQ/Long Lead","","0","1.718","","","4.296","","","","","","","","","","","","","2018-BASE_PROCUREMENT-2018-NAVY_AIRCRAFT_BA1-4-U_PROCUREMENT_JustificationBook_Navy_PB_2018.zzz_unzipped-U_PROCUREMENT_JustificationBook_Navy_PB_2018.xml","42a9bfaff7425bfd11014b778f977fe624f874fdc0f448de452703de3c2e6635","3-6875fc841f9858c48af6981dd033b227941c8532c1ad2efa0029652aec4986d3","0","","","","","","","0-5243204e6ffb7e8fc45dd8aa996b54c55d5d65a42b59a910ff0fcbb5aba8656e","root.record.ItemExhibitList.P5Item"
"EOQ","","0","20","","","","","","","","","","","","","","","","2018-BASE_PROCUREMENT-2018-NAVY_AIRCRAFT_BA67-U_PROCUREMENT_MasterJustificationBook_Navy_PB_2018.zzz_unzipped-U_PROCUREMENT_MasterJustificationBook_Navy_PB_2018.xml","948f6040c68f10560d88ca67593f49078840d36a4407399d4922c6fc71ea8711","0-03dda4c511bc83540fbf2b3bd43110e3286378c280c5d853d0a1eec610a805b6","0","","","","","","","0-3f42dff1e8c0a4132489b99ba72c22d6c4e9af4db2ed663d2296da46b2b87664","root.record.ItemExhibitList.P5Item"
"For FY 2016 EOQ/Long Lead","","0","10.311","","","","","","","","","","","","","","","","2018-BASE_PROCUREMENT-2018-NAVY_AIRCRAFT_BA67-U_PROCUREMENT_MasterJustificationBook_Navy_PB_2018.zzz_unzipped-U_PROCUREMENT_MasterJustificationBook_Navy_PB_2018.xml","563e660848952195fe462412de0356b04bd931dcd9d28e0cfb748a4d7c404469","0-60ea160a75b4818492757a0da2fcdfd31f7c77bc07a07e13cf4a7cc86ae3edc9","0","","","","","","","0-9ce52c4c9946272b1ce12e7cb47e62dcdf93283287a735d9b8c6b794a3f9f380","root.record.ItemExhibitList.P5Item"
"For FY 2017 EOQ/Long Lead","","0","2.234","","","5.499","","","","","","","","","","","","","2018-BASE_PROCUREMENT-2018-NAVY_AIRCRAFT_BA67-U_PROCUREMENT_MasterJustificationBook_Navy_PB_2018.zzz_unzipped-U_PROCUREMENT_MasterJustificationBook_Navy_PB_2018.xml","563e660848952195fe462412de0356b04bd931dcd9d28e0cfb748a4d7c404469","1-7172c95f18272f645427d5b105a333ce3751389b2fff6619645f492b1b530ddb","0","","","","","","","0-9ce52c4c9946272b1ce12e7cb47e62dcdf93283287a735d9b8c6b794a3f9f380","root.record.ItemExhibitList.P5Item"
"For FY 2018 EOQ/Long Lead","","0","2.234","","","5.499","","","","","","","","","","","","","2018-BASE_PROCUREMENT-2018-NAVY_AIRCRAFT_BA67-U_PROCUREMENT_MasterJustificationBook_Navy_PB_2018.zzz_unzipped-U_PROCUREMENT_MasterJustificationBook_Navy_PB_2018.xml","563e660848952195fe462412de0356b04bd931dcd9d28e0cfb748a4d7c404469","2-8006d5821806dd8730d02891b1a66325c315b245fc95c0324c0c9cada91a61d5","0","","","","","","","0-9ce52c4c9946272b1ce12e7cb47e62dcdf93283287a735d9b8c6b794a3f9f380","root.record.ItemExhibitList.P5Item"
"For FY 2019 EOQ/Long Lead","","0","1.718","","","4.296","","","","","","","","","","","","","2018-BASE_PROCUREMENT-2018-NAVY_AIRCRAFT_BA67-U_PROCUREMENT_MasterJustificationBook_Navy_PB_2018.zzz_unzipped-U_PROCUREMENT_MasterJustificationBook_Navy_PB_2018.xml","563e660848952195fe462412de0356b04bd931dcd9d28e0cfb748a4d7c404469","3-3bfcf3a230848872d8076e2e9223fed4f82c67eb6a9a7b8fb8fbf3753c08f387","0","","","","","","","0-9ce52c4c9946272b1ce12e7cb47e62dcdf93283287a735d9b8c6b794a3f9f380","root.record.ItemExhibitList.P5Item"
"Airframe/Engines/Accessories: HC-130J Airframe Equipment","","12","0","0","","0","0","","","","","","Lockheed Martin","Marietta GA","0","0","","","2019-BASE_PROCUREMENT-2019-AIRFORCE_AIRCRAFT_VOL1-U_PROCUREMENT_JustificationBook_Air_Force_PB_2019.zzz_unzipped-U_PROCUREMENT_JustificationBook_Air_Force_PB_2019.xml","e0673cb2550f564aa6d42ffc7db17b338b0ea30ff6cefba724dc2156b2ca7f51","0-eca7f9b3762da678d4dcdc3fa0a9b87f86bd84170731fc3490854f6b262d882a","","","","","","","","0-818152910ada4d3f6daf81e6ece43e2a0f488a657f44e88df30479cc676ec458","root.record.ItemExhibitList.P5Item"
"Airframe/Engines/Accessories: MC-130J Economic Order Quantity Items","","12","84","0","","0","88","","","","","","Lockheed Martin","Marietta GA","12","12","","","2019-BASE_PROCUREMENT-2019-AIRFORCE_AIRCRAFT_VOL1-U_PROCUREMENT_JustificationBook_Air_Force_PB_2019.zzz_unzipped-U_PROCUREMENT_JustificationBook_Air_Force_PB_2019.xml","48d362fea8109f02805de255b38f14c8d3354fa434f24d725ad243831a52ca04","0-3b039085fe77358e51437a2ec3d8808891adfc1566af68ef2ff8ecc69544f349","","","","","","","","0-de30bf43b5002564c0ea21c71c0f54ee1b85a73772c431cb324a5afd79268103","root.record.ItemExhibitList.P5Item"
"Airframe/Engines/Accessories: HC-130J Airframe Equipment","","12","0","0","","0","0","","","","","","Lockheed Martin","Marietta GA","0","0","","","2019-BASE_PROCUREMENT-2019-AIRFORCE_AIRCRAFT_VOL2-U_PROCUREMENT_MasterJustificationBook_Air_Force_PB_2019.zzz_unzipped-U_PROCUREMENT_MasterJustificationBook_Air_Force_PB_2019.xml","4ea7dbeed17529286c356893bd67d91b274d260621fb5a5444bb33e07128c318","0-6676813085ad069c48a705c63293d4595e48798b3d059e50c22b24ba6d052357","","","","","","","","0-3eb284212379e0eb11e5637012d8a6d6514b9eaab9186c7a591b0c389566a14a","root.record.ItemExhibitList.P5Item"
"Airframe/Engines/Accessories: MC-130J Economic Order Quantity Items","","12","84","0","","0","88","","","","","","Lockheed Martin","Marietta GA","12","12","","","2019-BASE_PROCUREMENT-2019-AIRFORCE_AIRCRAFT_VOL2-U_PROCUREMENT_MasterJustificationBook_Air_Force_PB_2019.zzz_unzipped-U_PROCUREMENT_MasterJustificationBook_Air_Force_PB_2019.xml","25050f3609f71c4e582f0bda0141fc2b15087f0de79e5b8d4a91232f00b6bcb3","0-448f11bee615ec36750cbd40807b8195185f685b3fb3ba03b27a0e732579672c","","","","","","","","0-528535ec2858ab70091d2dff89bfd93d4ea8d09c1bc54e831349d5a2f8d9e1a8","root.record.ItemExhibitList.P5Item"
"For FY 2016 EOQ/Long Lead","","0","10.311","","","","","","","","","","","","","","","","2019-BASE_PROCUREMENT-2019-NAVY_AIRCRAFT_BA1-4-U_PROCUREMENT_JustificationBook_Navy_PB_2019.zzz_unzipped-U_PROCUREMENT_JustificationBook_Navy_PB_2019.xml","7c17b00b2a043b33a8b058ad62ddfe34d1b550615c7f7ab07f5b46ea75fdd501","0-cccf351d4ab7e14363c091c48e6b409980d88f63476a77f313da12965b8f51b4","0","","","","","","","0-73aa9dcf42bd08ba524ba45a8a56f5b45afc90924868d29fd5b8d7c243436869","root.record.ItemExhibitList.P5Item"
"For FY 2017 EOQ/Long Lead","","0","7.733","","","","","","","","","","","","","","","","2019-BASE_PROCUREMENT-2019-NAVY_AIRCRAFT_BA1-4-U_PROCUREMENT_JustificationBook_Navy_PB_2019.zzz_unzipped-U_PROCUREMENT_JustificationBook_Navy_PB_2019.xml","7c17b00b2a043b33a8b058ad62ddfe34d1b550615c7f7ab07f5b46ea75fdd501","1-5b9a26377e6ab12b133fca17947db6eb9940b5fb8b6c8b1318346d6730f65411","0","","","","","","","0-73aa9dcf42bd08ba524ba45a8a56f5b45afc90924868d29fd5b8d7c243436869","root.record.ItemExhibitList.P5Item"
"For FY 2018 EOQ/Long Lead","","0","7.733","","","","","","","","","","","","","","","","2019-BASE_PROCUREMENT-2019-NAVY_AIRCRAFT_BA1-4-U_PROCUREMENT_JustificationBook_Navy_PB_2019.zzz_unzipped-U_PROCUREMENT_JustificationBook_Navy_PB_2019.xml","7c17b00b2a043b33a8b058ad62ddfe34d1b550615c7f7ab07f5b46ea75fdd501","2-f2c1e0b62bb34bf04be074fc1a14368a54d6920b4d082ad3db5e98325600d283","0","","","","","","","0-73aa9dcf42bd08ba524ba45a8a56f5b45afc90924868d29fd5b8d7c243436869","root.record.ItemExhibitList.P5Item"
"For FY 2019 EOQ/Long Lead","","0","6.014","","","","","","","","","","","","","","","","2019-BASE_PROCUREMENT-2019-NAVY_AIRCRAFT_BA1-4-U_PROCUREMENT_JustificationBook_Navy_PB_2019.zzz_unzipped-U_PROCUREMENT_JustificationBook_Navy_PB_2019.xml","7c17b00b2a043b33a8b058ad62ddfe34d1b550615c7f7ab07f5b46ea75fdd501","3-efeb30a114e00a05658662a2bed723138e602c744ed344dcc94020d0aba51b5c","0","","","","","","","0-73aa9dcf42bd08ba524ba45a8a56f5b45afc90924868d29fd5b8d7c243436869","root.record.ItemExhibitList.P5Item"
"For FY 2016 EOQ/Long Lead","","0","10.311","","","","","","","","","","","","","","","","2019-BASE_PROCUREMENT-2019-NAVY_AIRCRAFT_BA67-U_PROCUREMENT_MasterJustificationBook_Navy_PB_2019.zzz_unzipped-U_PROCUREMENT_MasterJustificationBook_Navy_PB_2019.xml","8f52259071c6225a871cf57ae16fdf94cec986e091adb4cd8a148468102d37e3","0-6526c47e1310075cd4547208fcf254792e71860e28883a5696b3f4a38d5a7c15","0","","","","","","","0-ca5bf4156650bf78b9ec63df2c5e1db43cb302a02b7e5c3ede6c7e4693394c98","root.record.ItemExhibitList.P5Item"
"For FY 2017 EOQ/Long Lead","","0","7.733","","","","","","","","","","","","","","","","2019-BASE_PROCUREMENT-2019-NAVY_AIRCRAFT_BA67-U_PROCUREMENT_MasterJustificationBook_Navy_PB_2019.zzz_unzipped-U_PROCUREMENT_MasterJustificationBook_Navy_PB_2019.xml","8f52259071c6225a871cf57ae16fdf94cec986e091adb4cd8a148468102d37e3","1-e79af5718ceef1ceafbd34013c7cb48a31328c826431a1fd68fd7d10630f5ae7","0","","","","","","","0-ca5bf4156650bf78b9ec63df2c5e1db43cb302a02b7e5c3ede6c7e4693394c98","root.record.ItemExhibitList.P5Item"
"For FY 2018 EOQ/Long Lead","","0","7.733","","","","","","","","","","","","","","","","2019-BASE_PROCUREMENT-2019-NAVY_AIRCRAFT_BA67-U_PROCUREMENT_MasterJustificationBook_Navy_PB_2019.zzz_unzipped-U_PROCUREMENT_MasterJustificationBook_Navy_PB_2019.xml","8f52259071c6225a871cf57ae16fdf94cec986e091adb4cd8a148468102d37e3","2-16a5bc57f91ee8309d5d908566649b5b63225ac2c0b451bc7a67d00cf0bb34db","0","","","","","","","0-ca5bf4156650bf78b9ec63df2c5e1db43cb302a02b7e5c3ede6c7e4693394c98","root.record.ItemExhibitList.P5Item"
"For FY 2019 EOQ/Long Lead","","0","6.014","","","","","","","","","","","","","","","","2019-BASE_PROCUREMENT-2019-NAVY_AIRCRAFT_BA67-U_PROCUREMENT_MasterJustificationBook_Navy_PB_2019.zzz_unzipped-U_PROCUREMENT_MasterJustificationBook_Navy_PB_2019.xml","8f52259071c6225a871cf57ae16fdf94cec986e091adb4cd8a148468102d37e3","3-0bb76c816acb58d1a6f041ba53dc9e9ed4d59d2988bbe290131d65b4ae6cba5a","0","","","","","","","0-ca5bf4156650bf78b9ec63df2c5e1db43cb302a02b7e5c3ede6c7e4693394c98","root.record.ItemExhibitList.P5Item"
"Airframe/Engines/Accessories: MC-130J Economic Order Quantity Items","","12","","88","","","","","","","","","","","","","","","2020-BASE_PROCUREMENT-2020-AIRFORCE_AIRCRAFT_VOL1-U_PROCUREMENT_JustificationBook_Air_Force_PB_2020.zzz_unzipped-U_PROCUREMENT_JustificationBook_Air_Force_PB_2020.xml","3a9f3c7050929e925bf578049fe78dd3bcde399b66f1b65c09b7388bb0c772a3","0-774e782bf88268f7c00e98bf9e62fb7f8840805ba51fbc3f74f65f0a6671aeaf","","","","","","","","0-37119e84e221ee3ef40b216272f4ba61ee4d1bdd66e6a95675775a13e00877e5","root.record.ItemExhibitList.P5Item"
"Airframe/Engines/Accessories: MC-130J Economic Order Quantity Items","","12","","88","","","","","","","","","","","","","","","2020-BASE_PROCUREMENT-2020-AIRFORCE_AIRCRAFT_VOL2-U_PROCUREMENT_MasterJustificationBook_Air_Force_PB_2020.zzz_unzipped-U_PROCUREMENT_MasterJustificationBook_Air_Force_PB_2020.xml","fbeb7d92a6f93f3229425ab3e79909b0c2623c52de8fc6dc289624a0a85bf926","0-561d5c7edc5257b1e6c1ff9be8c9d9a4a0b939d81050331db3a9271c22b289b0","","","","","","","","0-c57a08aeb1d9512df2a3b4179af586ecd0db40ac4f881e1b4da36a30e7848db0","root.record.ItemExhibitList.P5Item"
"Aegis Advanced Procurement","","0","","","","","96.995","","","","","","","","","","","","2020-BASE_PROCUREMENT-2020-DEFENSE_MDA_VOL2-U_PROCUREMENT_JustificationBook_Missile_Defense_Agency_PB_2020.zzz_unzipped-U_PROCUREMENT_JustificationBook_Missile_Defense_Agency_PB_2020.xml","4312f1211b5468e3c9edc9895a2a0df252b271fe5fd3a59ae1e837c13f76ca57","0-e762fd7ee6a5bcaa722fe8cca12e260c6ed58db1174a9e204666f9456bf31a06","0","","","","","","","0-242fc4b6df108072e2aec4a9b09e222a6b19b6e9831f87e3aaec0317582bc13a","root.record.ItemExhibitList.P5Item"
"Aegis Advanced Procurement","","0","","","","","96.995","","","","","","","","","","","","2020-BASE_PROCUREMENT-2020-DEFENSE_MDA_VOL2-U_PROCUREMENT_MasterJustificationBook_Missile_Defense_Agency_PB_2020.zzz_unzipped-U_PROCUREMENT_MasterJustificationBook_Missile_Defense_Agency_PB_2020.xml","b483ba9211e1f8f6912c501556535a8507377297755238b0c1f65c453549737d","0-f783f4946ce71efb5ada5a4adeeae2afdfdeec3453a53fd915babcfb004c5f4a","0","","","","","","","0-7fb74b6da38791ae444355003d84fd43cb8549b2db3b310cf357144c719a22fd","root.record.ItemExhibitList.P5Item"
"For FY 2016 EOQ/Long Lead","","0","10.311","","","","","","","","","","","","","","","","2020-BASE_PROCUREMENT-2020-NAVY_AIRCRAFT_BA1-4-U_PROCUREMENT_JustificationBook_Navy_PB_2020.zzz_unzipped-U_PROCUREMENT_JustificationBook_Navy_PB_2020.xml","7f283f1c82e586b2143bd7f4ec4766cf38bff0ab2f782dd7c7ee4ab0fa053df2","0-cd88617b8e236624a4e9889b0fe234d0b98b0fdd6d65a184d66de26f76c36483","0","","","","","","","0-d3fa74cbcc823a11fc717b750fe740e833f8b5ef2ccebe9652fbc455d1462f1c","root.record.ItemExhibitList.P5Item"
"For FY 2017 EOQ/Long Lead","","0","7.733","","","","","","","","","","","","","","","","2020-BASE_PROCUREMENT-2020-NAVY_AIRCRAFT_BA1-4-U_PROCUREMENT_JustificationBook_Navy_PB_2020.zzz_unzipped-U_PROCUREMENT_JustificationBook_Navy_PB_2020.xml","7f283f1c82e586b2143bd7f4ec4766cf38bff0ab2f782dd7c7ee4ab0fa053df2","1-a4405493afb052ee43d799aad5da379d0e1be2e08b0252cf4f163d121e531406","0","","","","","","","0-d3fa74cbcc823a11fc717b750fe740e833f8b5ef2ccebe9652fbc455d1462f1c","root.record.ItemExhibitList.P5Item"
"For FY 2018 EOQ/Long Lead","","0","7.733","","","","","","","","","","","","","","","","2020-BASE_PROCUREMENT-2020-NAVY_AIRCRAFT_BA1-4-U_PROCUREMENT_JustificationBook_Navy_PB_2020.zzz_unzipped-U_PROCUREMENT_JustificationBook_Navy_PB_2020.xml","7f283f1c82e586b2143bd7f4ec4766cf38bff0ab2f782dd7c7ee4ab0fa053df2","2-34b07730b0256e9f7c9877a90624beaeaf113d06d6aef51416b3bc700350b9a4","0","","","","","","","0-d3fa74cbcc823a11fc717b750fe740e833f8b5ef2ccebe9652fbc455d1462f1c","root.record.ItemExhibitList.P5Item"
"For FY 2019 EOQ/Long Lead","","0","6.014","","","","","","","","","","","","","","","","2020-BASE_PROCUREMENT-2020-NAVY_AIRCRAFT_BA1-4-U_PROCUREMENT_JustificationBook_Navy_PB_2020.zzz_unzipped-U_PROCUREMENT_JustificationBook_Navy_PB_2020.xml","7f283f1c82e586b2143bd7f4ec4766cf38bff0ab2f782dd7c7ee4ab0fa053df2","3-b728683d6de5e2eea8bdc439df2c691d625c3f3427ab17708c54383055718097","0","","","","","","","0-d3fa74cbcc823a11fc717b750fe740e833f8b5ef2ccebe9652fbc455d1462f1c","root.record.ItemExhibitList.P5Item"
"For FY 2016 EOQ/Long Lead","","0","10.311","","","","","","","","","","","","","","","","2020-BASE_PROCUREMENT-2020-NAVY_AIRCRAFT_BA6-7-U_PROCUREMENT_MasterJustificationBook_Navy_PB_2020.zzz_unzipped-U_PROCUREMENT_MasterJustificationBook_Navy_PB_2020.xml","2a5747d7166b3d9c03a53409f84ae2a38cc0e5f64d865b9bcce817240891ef75","0-2fb23412ca94fd28f775f19ec76d0a40816aad2b09dc8e238784ebf0e44d891d","0","","","","","","","0-d365142b69093c6a9153f3f6771487df773bdf465f22c26a81e630c64e7ff3b4","root.record.ItemExhibitList.P5Item"
"For FY 2017 EOQ/Long Lead","","0","7.733","","","","","","","","","","","","","","","","2020-BASE_PROCUREMENT-2020-NAVY_AIRCRAFT_BA6-7-U_PROCUREMENT_MasterJustificationBook_Navy_PB_2020.zzz_unzipped-U_PROCUREMENT_MasterJustificationBook_Navy_PB_2020.xml","2a5747d7166b3d9c03a53409f84ae2a38cc0e5f64d865b9bcce817240891ef75","1-2156c9c6a2c34cff9b5bd614262622e7d0dd8894db4878fafe5a6d45ce13a5e1","0","","","","","","","0-d365142b69093c6a9153f3f6771487df773bdf465f22c26a81e630c64e7ff3b4","root.record.ItemExhibitList.P5Item"
"For FY 2018 EOQ/Long Lead","","0","7.733","","","","","","","","","","","","","","","","2020-BASE_PROCUREMENT-2020-NAVY_AIRCRAFT_BA6-7-U_PROCUREMENT_MasterJustificationBook_Navy_PB_2020.zzz_unzipped-U_PROCUREMENT_MasterJustificationBook_Navy_PB_2020.xml","2a5747d7166b3d9c03a53409f84ae2a38cc0e5f64d865b9bcce817240891ef75","2-244c28af547569bd58b53d485397358fb603253aa06b9f4d4459ac1f5f3a095f","0","","","","","","","0-d365142b69093c6a9153f3f6771487df773bdf465f22c26a81e630c64e7ff3b4","root.record.ItemExhibitList.P5Item"
"For FY 2019 EOQ/Long Lead","","0","6.014","","","","","","","","","","","","","","","","2020-BASE_PROCUREMENT-2020-NAVY_AIRCRAFT_BA6-7-U_PROCUREMENT_MasterJustificationBook_Navy_PB_2020.zzz_unzipped-U_PROCUREMENT_MasterJustificationBook_Navy_PB_2020.xml","2a5747d7166b3d9c03a53409f84ae2a38cc0e5f64d865b9bcce817240891ef75","3-a3b093cd1fa2237894b1742f9ceaf4eea77e986367d357c55644e753efe420f7","0","","","","","","","0-d365142b69093c6a9153f3f6771487df773bdf465f22c26a81e630c64e7ff3b4","root.record.ItemExhibitList.P5Item"
