Name_val,Name_@footnote,WhenRequiredInMonths_val,Cost_AllPriorYears_val,Cost_CurrentYear_val,Cost_Total_val,Cost_PriorYear_val,Cost_BudgetYearOne_val,Cost_BudgetYearTwo_val,Cost_BudgetYearThree_val,Cost_BudgetYearFour_val,Cost_BudgetYearFive_val,Cost_ToComplete_val,ManufacturerList_Manufacturer_Name_val,ManufacturerList_Manufacturer_Location_val,ManufacturerList_Manufacturer_InitialQuantity_ProductionLeadTimeAfterOct1InMonths_val,ManufacturerList_Manufacturer_InitialQuantity_TotalLeadTimeAfterOct1InMonths_val,ManufacturerList_Manufacturer_InitialQuantity_AdminLeadTimeBeforeOct1InMonths_val,ManufacturerList_Manufacturer_InitialQuantity_AdminLeadTimeAfterOct1InMonths_val,@SOURCE_FILENAME,@RECORDID,@ROWID,QuantityPerAssembly_val,QuantityForBudgetYearList_QuantityForBudgetYear_BudgetYear_val,QuantityForBudgetYearList_QuantityForBudgetYear_Cost_BudgetYearOne_val,QuantityForBudgetYearList_QuantityForBudgetYear_Cost_BudgetYearTwo_val,QuantityForBudgetYearList_QuantityForBudgetYear_Cost_Total_val,QuantityForBudgetYearList_QuantityForBudgetYear_Cost_BudgetYearThree_val,QuantityForBudgetYearList_QuantityForBudgetYear_Cost_BudgetYearFive_val,@PARENTROWID,@PARENT
"Equipment","","30","130","92","222","","","","","","","","Lockheed Martin","Marietta GA","0","0","","","2015-BASE_PROCUREMENT-2015-AIRFORCE_AIRCRAFT_VOL1-PROCUREMENT_JustificationBook_Air_Force_PB_2015.zzz_unzipped-PROCUREMENT_JustificationBook_Air_Force_PB_2015.xml","6ba238e5761c0b5cdb4005cd9d3b0ebd730c7a47c72ec72a3cb63b26a07450e3","0-be3b9e219d0054d64c11f99fe7dd120e5eedd6f2f67722c37b42859e0fda72e8","","","","","","","","0-d86b3fb1d816bb4c57faf5c6e9b6f95e7d924d69c853d71b1544cdc0686c9714","root.record.ItemExhibitList.P5Item"
"Equipment","","12","","48","48","","","","","","","","Lockheed Martin","Marietta GA","0","0","","","2015-BASE_PROCUREMENT-2015-AIRFORCE_AIRCRAFT_VOL1-PROCUREMENT_JustificationBook_Air_Force_PB_2015.zzz_unzipped-PROCUREMENT_JustificationBook_Air_Force_PB_2015.xml","565aa015362bd445cc082985b6e24c13e2957f8c30a9dfbe4c0bd8a663cbe70f","0-76c60f3b759a47d9322439525129306605c26b21ffb70ecb5190c727ff36335b","","","","","","","","0-d3a5b9474531edd6806f2cb2d7fb12b81bc8c6ef9b47a88b9774893945840248","root.record.ItemExhibitList.P5Item"
"Equipment","","12","0.000","84","84","","","","","","","","Lockheed Martin","Marietta GA","0","0","","","2015-BASE_PROCUREMENT-2015-AIRFORCE_AIRCRAFT_VOL1-PROCUREMENT_JustificationBook_Air_Force_PB_2015.zzz_unzipped-PROCUREMENT_JustificationBook_Air_Force_PB_2015.xml","17ab19c784929a028c69ad970f12cd0eee00de512acf9833a5336d1e8a33db11","0-d0fe2ce95bbc8409832f25515efff112a7171bdb9d7024b133adac022a3651bd","","","","","","","","0-74deb1f6f80518976a1cd687d941a194789871d78a932d2e55db6bf1ce4302aa","root.record.ItemExhibitList.P5Item"
"AVIONICS","","0","37.969","0.000","37.969","0.000","0.000","0.000","0.000","0.000","0.000","0.000","","","","","","","","2015-BASE_PROCUREMENT-2015-AIRFORCE_AIRCRAFT_VOL1-PROCUREMENT_JustificationBook_Air_Force_PB_2015.zzz_unzipped-PROCUREMENT_JustificationBook_Air_Force_PB_2015.xml","ba7a55b890941cc9f4565d78cfacfc7950f69af2644c25b93e58b8043154ba13","0-c11732d7764733e935980c52be1a8e57fbf4986f30ae1b4959556330747787c0","","","","","","","","0-96edb07b8db48c58e71da0aff694b4a560957395fec648e70d5b764a7b405afa","root.record.ItemExhibitList.P5Item"
"Equipment","","30","130","92","222","","","","","","","","Lockheed Martin","Marietta GA","0","0","","","2015-BASE_PROCUREMENT-2015-AIRFORCE_AIRCRAFT_VOL2-PROCUREMENT_MasterJustificationBook_Air_Force_PB_2015.zzz_unzipped-PROCUREMENT_MasterJustificationBook_Air_Force_PB_2015.xml","8e9b86220f90ce455a14b686aeeb045957500e61279471fc35c4187b1270e5ed","0-e1c6a87271c86b3376f55eff676cbcb2695a67aab843628eb27f5a470c68c95a","","","","","","","","0-4b3d31d8451e7bf43ccde06379da6750cc69c3c33cccf6b00ba7a1e13dba6ddc","root.record.ItemExhibitList.P5Item"
"Equipment","","12","","48","48","","","","","","","","Lockheed Martin","Marietta GA","0","0","","","2015-BASE_PROCUREMENT-2015-AIRFORCE_AIRCRAFT_VOL2-PROCUREMENT_MasterJustificationBook_Air_Force_PB_2015.zzz_unzipped-PROCUREMENT_MasterJustificationBook_Air_Force_PB_2015.xml","9d38bc75efdc1bb24fa15dd6fdcc79dd0ddabb23d16bb5fb0fb72b4ecbbd10cc","0-20f9bed2aef23f899aea796eb41ecfc465b3fe3141cadbe9ccb6a75c637d57fd","","","","","","","","0-4f58439110782e9c6f8d03a0f184deb6ab0789bb1e49ba5a2564dd35fdf6c358","root.record.ItemExhibitList.P5Item"
"Equipment","","12","0.000","84","84","","","","","","","","Lockheed Martin","Marietta GA","0","0","","","2015-BASE_PROCUREMENT-2015-AIRFORCE_AIRCRAFT_VOL2-PROCUREMENT_MasterJustificationBook_Air_Force_PB_2015.zzz_unzipped-PROCUREMENT_MasterJustificationBook_Air_Force_PB_2015.xml","a97dfc5ffa5535857cd61c3c158de84a1441decc875ced08ad568ff95d020f85","0-24f390bb495d7b627120b818606f3c9dca56071d57eae51a5f689aee321eba97","","","","","","","","0-de534b75bf9b0fb86a245bd7f40a31e40f3443edb90a6161f08d25b45a75d5ef","root.record.ItemExhibitList.P5Item"
"AVIONICS","","0","37.969","0.000","37.969","0.000","0.000","0.000","0.000","0.000","0.000","0.000","","","","","","","","2015-BASE_PROCUREMENT-2015-AIRFORCE_AIRCRAFT_VOL2-PROCUREMENT_MasterJustificationBook_Air_Force_PB_2015.zzz_unzipped-PROCUREMENT_MasterJustificationBook_Air_Force_PB_2015.xml","b1952ce40545e9f4efa9c33592b95ccb07e147da54dfcd401b9d7ac8ae77b263","0-f17e17d1455e5203f5d0320fe1604728d1d7c6a8911c8a7a3110f037d568f526","","","","","","","","0-cf8a2487ac99a6c6cad50633ae6f3bd28a470f4e6ebc8b11d6e66bab5cba65f3","root.record.ItemExhibitList.P5Item"
"Equipment","","30","130","92","222","","","","","","","","Lockheed Martin","Marietta GA","0","0","","","2015-AMENDED_PROCUREMENT_AND_RDTE-2015-AIRFORCE_AMMO-PROCUREMENT_JustificationBook_Air_Force_PBAmended_2015.zzz_unzipped-PROCUREMENT_JustificationBook_Air_Force_PBAmended_2015.xml","d27cefc2bb72e82de7748f7a1d1ff2a8ff7ad30cf7027a91e47ee29dad986610","0-34c8072c10e7fcfe88cd0069a7f8b8bcd9f12d33e881af947e2c8c0ca1c92106","","","","","","","","0-eda2fe9822312f91963dff8d935ee6d8ff8b5fde7815e220de1574e2b87cc859","root.record.ItemExhibitList.P5Item"
"Equipment","","30","130","92","222","","","","","","","","Lockheed Martin","Marietta GA","0","0","","","2015-AMENDED_PROCUREMENT_AND_RDTE-2015-AIRFORCE_AMMO-PROCUREMENT_MasterJustificationBook_Air_Force_PBAmended_2015.zzz_unzipped-PROCUREMENT_MasterJustificationBook_Air_Force_PBAmended_2015.xml","04277271467c34157fc353a716c1236673a9ef09c1f838c7ec2af5d1128b21cc","0-cf142bf0769b296d03759d6376eff30ff0b60b7d6c3b11d4d3c569ce40c9651e","","","","","","","","0-b5f1add874866ff2fde8a8c3c99f8387eada1f892630ec0c565afba7298ede39","root.record.ItemExhibitList.P5Item"
"EOQ/Long Lead (Prior Years)","","0","364.235","","","","","","","","","","","","","","","","","2015-BASE_PROCUREMENT-2015-NAVY_AIRCRAFT_BA1-4-PROCUREMENT_JustificationBook_Navy_PB_2015.zzz_unzipped-PROCUREMENT_JustificationBook_Navy_PB_2015.xml","48f6b8699221f3e621f55ebba855cb1794dbaafbd743491e9c65abb9eeb0f231","0-ae4b7740f87e1390da2039d9221d62bf177db556cbeed174209e84d390de185f","0","","","","","","","0-f4b16c5200ecbba8f50a63a37d6b4dbe841d4f411566c55e5e83cac0bc628d83","root.record.ItemExhibitList.P5Item"
"EOQ","","0","","20","","","","","","","","","","","","","","","","2015-BASE_PROCUREMENT-2015-NAVY_AIRCRAFT_BA1-4-PROCUREMENT_JustificationBook_Navy_PB_2015.zzz_unzipped-PROCUREMENT_JustificationBook_Navy_PB_2015.xml","8a29ac5395f79b6dc1830d8a82d0129790da72d726192a8783850762f495d4dd","0-e46483b3d914fe04178cf1ead047687e6db10932926288021c156b79d83f7852","0","","","","","","","0-ee47ead93234a842e64bcefa0b3ab0fc602471d777b4a3580ff6f0d795c33845","root.record.ItemExhibitList.P5Item"
"Airframe For FY 2013 EOQ/Long Lead","","0","38.984","","","","","","","","","","","","","","","","","2015-BASE_PROCUREMENT-2015-NAVY_AIRCRAFT_BA1-4-PROCUREMENT_JustificationBook_Navy_PB_2015.zzz_unzipped-PROCUREMENT_JustificationBook_Navy_PB_2015.xml","06680dc3836a209524618651e0446b6a8dc3c6f52cea62a6d53ecda252f45665","0-aae020273b2f089aae3cc755fb63c1b72584aa83a88c7281978d39a4ace96e2b","0","","","","","","","0-425b322f62c808c51c1bf74edf905cea19d952df1fdb4e9fc2406f7aed27d4d8","root.record.ItemExhibitList.P5Item"
"Airframe For FY 2014 EOQ/Long Lead","","0","3.037","","","50.688","","","","","","","","","","","","","","2015-BASE_PROCUREMENT-2015-NAVY_AIRCRAFT_BA1-4-PROCUREMENT_JustificationBook_Navy_PB_2015.zzz_unzipped-PROCUREMENT_JustificationBook_Navy_PB_2015.xml","06680dc3836a209524618651e0446b6a8dc3c6f52cea62a6d53ecda252f45665","1-b9fa911a964edcbe41a1e446f7f9a392b08f0222cc43500027619874a233e48c","0","","","","","","","0-425b322f62c808c51c1bf74edf905cea19d952df1fdb4e9fc2406f7aed27d4d8","root.record.ItemExhibitList.P5Item"
"Airframe For FY 2015 EOQ/Long Lead","","0","1.961","80.734","","4.047","","","","","","","","","","","","","","2015-BASE_PROCUREMENT-2015-NAVY_AIRCRAFT_BA1-4-PROCUREMENT_JustificationBook_Navy_PB_2015.zzz_unzipped-PROCUREMENT_JustificationBook_Navy_PB_2015.xml","06680dc3836a209524618651e0446b6a8dc3c6f52cea62a6d53ecda252f45665","2-ead5f240f35cd0931e77a8b74108e1ccbfeab205a47ed768a3ea2d81681c4104","0","","","","","","","0-425b322f62c808c51c1bf74edf905cea19d952df1fdb4e9fc2406f7aed27d4d8","root.record.ItemExhibitList.P5Item"
"Airframe For FY 2016 EOQ/Long Lead","","0","2.338","3.692","","3.737","85.828","","","","","","","","","","","","","2015-BASE_PROCUREMENT-2015-NAVY_AIRCRAFT_BA1-4-PROCUREMENT_JustificationBook_Navy_PB_2015.zzz_unzipped-PROCUREMENT_JustificationBook_Navy_PB_2015.xml","06680dc3836a209524618651e0446b6a8dc3c6f52cea62a6d53ecda252f45665","3-df221f610214697a28b007309497ba315e9b3478f37a813e66e8fe1db0cba93a","0","","","","","","","0-425b322f62c808c51c1bf74edf905cea19d952df1fdb4e9fc2406f7aed27d4d8","root.record.ItemExhibitList.P5Item"
"CC/Avionics For FY 2013 EOQ/Long Lead","","0","59","","","","","","","","","","","","","","","","","2015-BASE_PROCUREMENT-2015-NAVY_AIRCRAFT_BA1-4-PROCUREMENT_JustificationBook_Navy_PB_2015.zzz_unzipped-PROCUREMENT_JustificationBook_Navy_PB_2015.xml","06680dc3836a209524618651e0446b6a8dc3c6f52cea62a6d53ecda252f45665","4-e9cd6d6424f677078ee427ba93551e46bdd4b670e7b67394289c3dbdba7864cd","0","","","","","","","0-425b322f62c808c51c1bf74edf905cea19d952df1fdb4e9fc2406f7aed27d4d8","root.record.ItemExhibitList.P5Item"
"CC/Avionics For FY 2014 EOQ/Long Lead","","0","55.586","","","25.249","","","","","","","","","","","","","","2015-BASE_PROCUREMENT-2015-NAVY_AIRCRAFT_BA1-4-PROCUREMENT_JustificationBook_Navy_PB_2015.zzz_unzipped-PROCUREMENT_JustificationBook_Navy_PB_2015.xml","06680dc3836a209524618651e0446b6a8dc3c6f52cea62a6d53ecda252f45665","5-682184d359f9e35046387864c9fbd67cf9855fe77497cab0a73605b86ca1d002","0","","","","","","","0-425b322f62c808c51c1bf74edf905cea19d952df1fdb4e9fc2406f7aed27d4d8","root.record.ItemExhibitList.P5Item"
"CC/Avionics For FY 2015 EOQ/Long Lead","","0","4.5","30.89","","70.673","","","","","","","","","","","","","","2015-BASE_PROCUREMENT-2015-NAVY_AIRCRAFT_BA1-4-PROCUREMENT_JustificationBook_Navy_PB_2015.zzz_unzipped-PROCUREMENT_JustificationBook_Navy_PB_2015.xml","06680dc3836a209524618651e0446b6a8dc3c6f52cea62a6d53ecda252f45665","6-792d22e940d62549e51b8a6ef7fc3c2abcd0b732b3db87c93a4f573c78fcdfbf","0","","","","","","","0-425b322f62c808c51c1bf74edf905cea19d952df1fdb4e9fc2406f7aed27d4d8","root.record.ItemExhibitList.P5Item"
"CC/Avionics For FY 2016 EOQ/Long Lead","","0","4.5","92.479","","2","20.858","","","","","","","","","","","","","2015-BASE_PROCUREMENT-2015-NAVY_AIRCRAFT_BA1-4-PROCUREMENT_JustificationBook_Navy_PB_2015.zzz_unzipped-PROCUREMENT_JustificationBook_Navy_PB_2015.xml","06680dc3836a209524618651e0446b6a8dc3c6f52cea62a6d53ecda252f45665","7-a18c8ec9d8dd1cf5970b351e24ab923645cf35b49c472d1331ab1f9a588fb43c","0","","","","","","","0-425b322f62c808c51c1bf74edf905cea19d952df1fdb4e9fc2406f7aed27d4d8","root.record.ItemExhibitList.P5Item"
"For FY 2016 EOQ/Long Lead","","0","","","","","6.003","","","","","","","","","","","","","2015-BASE_PROCUREMENT-2015-NAVY_AIRCRAFT_BA1-4-PROCUREMENT_JustificationBook_Navy_PB_2015.zzz_unzipped-PROCUREMENT_JustificationBook_Navy_PB_2015.xml","bc51cf9c7ef20a4a48f48ba81c9080474af6a035686ec3cd2b33ede6e16af224","0-97147a0d95ff954fbe8487aa166bab44dedd2a7402b61a40c2b55759ef080dc6","0","","","","","","","0-07ff7d947b280051016c508abf95a89f82dffa3d77abc9cebaabefdc719c5cad","root.record.ItemExhibitList.P5Item"
"For FY 2017 EOQ/Long Lead","","0","","","","","5.203","","","","","","","","","","","","","2015-BASE_PROCUREMENT-2015-NAVY_AIRCRAFT_BA1-4-PROCUREMENT_JustificationBook_Navy_PB_2015.zzz_unzipped-PROCUREMENT_JustificationBook_Navy_PB_2015.xml","bc51cf9c7ef20a4a48f48ba81c9080474af6a035686ec3cd2b33ede6e16af224","1-a1ab73395dfba86c98ab9b851ff91da974449e02fd10a76e8047c31e8f649546","0","","","","","","","0-07ff7d947b280051016c508abf95a89f82dffa3d77abc9cebaabefdc719c5cad","root.record.ItemExhibitList.P5Item"
"For FY 2018 EOQ/Long Lead","","0","","","","","5.203","","","","","","","","","","","","","2015-BASE_PROCUREMENT-2015-NAVY_AIRCRAFT_BA1-4-PROCUREMENT_JustificationBook_Navy_PB_2015.zzz_unzipped-PROCUREMENT_JustificationBook_Navy_PB_2015.xml","bc51cf9c7ef20a4a48f48ba81c9080474af6a035686ec3cd2b33ede6e16af224","2-90b44603624a9304c005a5d6a03c9bc980645d13d588b46274c799b662b5b984","0","","","","","","","0-07ff7d947b280051016c508abf95a89f82dffa3d77abc9cebaabefdc719c5cad","root.record.ItemExhibitList.P5Item"
"For FY 2019 EOQ/Long Lead","","0","","","","","2.802","","","","","","","","","","","","","2015-BASE_PROCUREMENT-2015-NAVY_AIRCRAFT_BA1-4-PROCUREMENT_JustificationBook_Navy_PB_2015.zzz_unzipped-PROCUREMENT_JustificationBook_Navy_PB_2015.xml","bc51cf9c7ef20a4a48f48ba81c9080474af6a035686ec3cd2b33ede6e16af224","3-000c0c1117284c4fb29eb5ad374b7848ea0a4ebfcd00f165515a3716fce1b29b","0","","","","","","","0-07ff7d947b280051016c508abf95a89f82dffa3d77abc9cebaabefdc719c5cad","root.record.ItemExhibitList.P5Item"
"EOQ/Long Lead (Prior Years)","","0","364.235","","","","","","","","","","","","","","","","","2015-BASE_PROCUREMENT-2015-NAVY_AIRCRAFT_BA7-PROCUREMENT_MasterJustificationBook_Navy_PB_2015.zzz_unzipped-PROCUREMENT_MasterJustificationBook_Navy_PB_2015.xml","0ac4b5f78aaaccf3d3fdc58990ee0a291fcfec67f3de84643b6709e8c898a0ea","0-e693dfcbcbadb557f37512b0d3f6e9bdde366d7db71ea2ffa2feef0618e0c5c5","0","","","","","","","0-bb07162ee36380a46354d8f281ad8fc4fad24c82e48952a664cb26cff1ab5f13","root.record.ItemExhibitList.P5Item"
"EOQ","","0","","20","","","","","","","","","","","","","","","","2015-BASE_PROCUREMENT-2015-NAVY_AIRCRAFT_BA7-PROCUREMENT_MasterJustificationBook_Navy_PB_2015.zzz_unzipped-PROCUREMENT_MasterJustificationBook_Navy_PB_2015.xml","af02057f64346f857e82214e93a4300fb19bdef7f350300012d090f02a8b8f12","0-eb4402437275b165af5714bb83b3e71db449079d1c26d2fc47b147a328346a0a","0","","","","","","","0-df5fc7542964cded16ac35e4fcdfd7ee4b5b1b0e2d448bd5cdb34957a3e8eca8","root.record.ItemExhibitList.P5Item"
"Airframe For FY 2013 EOQ/Long Lead","","0","38.984","","","","","","","","","","","","","","","","","2015-BASE_PROCUREMENT-2015-NAVY_AIRCRAFT_BA7-PROCUREMENT_MasterJustificationBook_Navy_PB_2015.zzz_unzipped-PROCUREMENT_MasterJustificationBook_Navy_PB_2015.xml","cea084fd8ee4e3bf6cb6c9380da29fdb1faafd7e10de563f640e535d1b29edec","0-02b968c0691425a496b4a456c6ec21f648714e7436b5b43246121f2911d30b2b","0","","","","","","","0-c70a90c841a5936886716d43b4803f5074b3dcd27f03fc7e78d5454c1bb8baf3","root.record.ItemExhibitList.P5Item"
"Airframe For FY 2014 EOQ/Long Lead","","0","3.037","","","50.688","","","","","","","","","","","","","","2015-BASE_PROCUREMENT-2015-NAVY_AIRCRAFT_BA7-PROCUREMENT_MasterJustificationBook_Navy_PB_2015.zzz_unzipped-PROCUREMENT_MasterJustificationBook_Navy_PB_2015.xml","cea084fd8ee4e3bf6cb6c9380da29fdb1faafd7e10de563f640e535d1b29edec","1-e4473167a3e13452b071c79cb9f235cba0bbedbb32e75e3c7545516a5a3156da","0","","","","","","","0-c70a90c841a5936886716d43b4803f5074b3dcd27f03fc7e78d5454c1bb8baf3","root.record.ItemExhibitList.P5Item"
"Airframe For FY 2015 EOQ/Long Lead","","0","1.961","80.734","","4.047","","","","","","","","","","","","","","2015-BASE_PROCUREMENT-2015-NAVY_AIRCRAFT_BA7-PROCUREMENT_MasterJustificationBook_Navy_PB_2015.zzz_unzipped-PROCUREMENT_MasterJustificationBook_Navy_PB_2015.xml","cea084fd8ee4e3bf6cb6c9380da29fdb1faafd7e10de563f640e535d1b29edec","2-2b009f772bd1d16e5f844db7c8122d8ca6209ed513229fec97f24598211b96c1","0","","","","","","","0-c70a90c841a5936886716d43b4803f5074b3dcd27f03fc7e78d5454c1bb8baf3","root.record.ItemExhibitList.P5Item"
"Airframe For FY 2016 EOQ/Long Lead","","0","2.338","3.692","","3.737","85.828","","","","","","","","","","","","","2015-BASE_PROCUREMENT-2015-NAVY_AIRCRAFT_BA7-PROCUREMENT_MasterJustificationBook_Navy_PB_2015.zzz_unzipped-PROCUREMENT_MasterJustificationBook_Navy_PB_2015.xml","cea084fd8ee4e3bf6cb6c9380da29fdb1faafd7e10de563f640e535d1b29edec","3-4f2195b95f9f91fda72e5144c622baed22426785e50d3266f534ae867890ed54","0","","","","","","","0-c70a90c841a5936886716d43b4803f5074b3dcd27f03fc7e78d5454c1bb8baf3","root.record.ItemExhibitList.P5Item"
"CC/Avionics For FY 2013 EOQ/Long Lead","","0","59","","","","","","","","","","","","","","","","","2015-BASE_PROCUREMENT-2015-NAVY_AIRCRAFT_BA7-PROCUREMENT_MasterJustificationBook_Navy_PB_2015.zzz_unzipped-PROCUREMENT_MasterJustificationBook_Navy_PB_2015.xml","cea084fd8ee4e3bf6cb6c9380da29fdb1faafd7e10de563f640e535d1b29edec","4-c6a48e1a386e0ac41e9f8c71d20cf97da281d58aab006627d674fdded0947ea0","0","","","","","","","0-c70a90c841a5936886716d43b4803f5074b3dcd27f03fc7e78d5454c1bb8baf3","root.record.ItemExhibitList.P5Item"
"CC/Avionics For FY 2014 EOQ/Long Lead","","0","55.586","","","25.249","","","","","","","","","","","","","","2015-BASE_PROCUREMENT-2015-NAVY_AIRCRAFT_BA7-PROCUREMENT_MasterJustificationBook_Navy_PB_2015.zzz_unzipped-PROCUREMENT_MasterJustificationBook_Navy_PB_2015.xml","cea084fd8ee4e3bf6cb6c9380da29fdb1faafd7e10de563f640e535d1b29edec","5-4f3a8620283a6f910b027979dedae3b4f66c9e3cd9328141e6dcb4d68deaed0d","0","","","","","","","0-c70a90c841a5936886716d43b4803f5074b3dcd27f03fc7e78d5454c1bb8baf3","root.record.ItemExhibitList.P5Item"
"CC/Avionics For FY 2015 EOQ/Long Lead","","0","4.5","30.89","","70.673","","","","","","","","","","","","","","2015-BASE_PROCUREMENT-2015-NAVY_AIRCRAFT_BA7-PROCUREMENT_MasterJustificationBook_Navy_PB_2015.zzz_unzipped-PROCUREMENT_MasterJustificationBook_Navy_PB_2015.xml","cea084fd8ee4e3bf6cb6c9380da29fdb1faafd7e10de563f640e535d1b29edec","6-b6804927766b0e6d0ecd5756b4911c75d1e31b0ace5d1e01dafa4c9af6ee65cc","0","","","","","","","0-c70a90c841a5936886716d43b4803f5074b3dcd27f03fc7e78d5454c1bb8baf3","root.record.ItemExhibitList.P5Item"
"CC/Avionics For FY 2016 EOQ/Long Lead","","0","4.5","92.479","","2","20.858","","","","","","","","","","","","","2015-BASE_PROCUREMENT-2015-NAVY_AIRCRAFT_BA7-PROCUREMENT_MasterJustificationBook_Navy_PB_2015.zzz_unzipped-PROCUREMENT_MasterJustificationBook_Navy_PB_2015.xml","cea084fd8ee4e3bf6cb6c9380da29fdb1faafd7e10de563f640e535d1b29edec","7-eedbdbfb7067a3b1874d697b297566a5bf8949ded16cfe87cb62a9392cf05c54","0","","","","","","","0-c70a90c841a5936886716d43b4803f5074b3dcd27f03fc7e78d5454c1bb8baf3","root.record.ItemExhibitList.P5Item"
"For FY 2016 EOQ/Long Lead","","0","","","","","6.003","","","","","","","","","","","","","2015-BASE_PROCUREMENT-2015-NAVY_AIRCRAFT_BA7-PROCUREMENT_MasterJustificationBook_Navy_PB_2015.zzz_unzipped-PROCUREMENT_MasterJustificationBook_Navy_PB_2015.xml","bf7ebbfab3226f50869a8760354004fa2c21381752edac9caf2f75dfda987fe9","0-ac6d3acc0319b7de894a3fb86dab0adacd1f238f079ace5c762990816ec653a1","0","","","","","","","0-2f3e7accd3510d54f40446ad68a41d3a0aac351454e86db7950706ce1a5d6de5","root.record.ItemExhibitList.P5Item"
"For FY 2017 EOQ/Long Lead","","0","","","","","5.203","","","","","","","","","","","","","2015-BASE_PROCUREMENT-2015-NAVY_AIRCRAFT_BA7-PROCUREMENT_MasterJustificationBook_Navy_PB_2015.zzz_unzipped-PROCUREMENT_MasterJustificationBook_Navy_PB_2015.xml","bf7ebbfab3226f50869a8760354004fa2c21381752edac9caf2f75dfda987fe9","1-869a95573e89a3e60c959032053578fa0257187acc8d1de3d5e53470ab951b2e","0","","","","","","","0-2f3e7accd3510d54f40446ad68a41d3a0aac351454e86db7950706ce1a5d6de5","root.record.ItemExhibitList.P5Item"
"For FY 2018 EOQ/Long Lead","","0","","","","","5.203","","","","","","","","","","","","","2015-BASE_PROCUREMENT-2015-NAVY_AIRCRAFT_BA7-PROCUREMENT_MasterJustificationBook_Navy_PB_2015.zzz_unzipped-PROCUREMENT_MasterJustificationBook_Navy_PB_2015.xml","bf7ebbfab3226f50869a8760354004fa2c21381752edac9caf2f75dfda987fe9","2-8d476deaaec5f876050ca5d3cd53dc60c120288dfa63998d0f92ce33ac1121e1","0","","","","","","","0-2f3e7accd3510d54f40446ad68a41d3a0aac351454e86db7950706ce1a5d6de5","root.record.ItemExhibitList.P5Item"
"For FY 2019 EOQ/Long Lead","","0","","","","","2.802","","","","","","","","","","","","","2015-BASE_PROCUREMENT-2015-NAVY_AIRCRAFT_BA7-PROCUREMENT_MasterJustificationBook_Navy_PB_2015.zzz_unzipped-PROCUREMENT_MasterJustificationBook_Navy_PB_2015.xml","bf7ebbfab3226f50869a8760354004fa2c21381752edac9caf2f75dfda987fe9","3-ccea93d08f8ba2dd1686ff6929fed11a832c2b67b4df2151149b95359382acba","0","","","","","","","0-2f3e7accd3510d54f40446ad68a41d3a0aac351454e86db7950706ce1a5d6de5","root.record.ItemExhibitList.P5Item"
"Airframe: C-130J Airframe Equipment","","12","0","","92","92","","","","","","","","","","","","","","2016-BASE_PROCUREMENT-2016-AIRFORCE_AIRCRAFT_VOL1-PROCUREMENT_JustificationBook_Air_Force_PB_2016.zzz_unzipped-PROCUREMENT_JustificationBook_Air_Force_PB_2016.xml","2a3f7563d0ca311b4f7fc69de771b398377fd3242ec19b62e816a6fb3042cf7f","0-2ddfc81bd9843231f042cb8eb12075901ffe7b03573a9cfa344a8b22579d8595","","","","","","","","0-bc69586fc56df97d9776f931e74af62926d4bf0cc45b4298054f68e995e2d645","root.record.ItemExhibitList.P5Item"
"Airframe/Engines/Accessories: HC-130J Airframe Equipment","","12","0","","48","48","","","","","","","","","","","","","","2016-BASE_PROCUREMENT-2016-AIRFORCE_AIRCRAFT_VOL1-PROCUREMENT_JustificationBook_Air_Force_PB_2016.zzz_unzipped-PROCUREMENT_JustificationBook_Air_Force_PB_2016.xml","9535a6b720b678b9fbd2222189c9490baa2e3868115637b4c43aca3f4a4572c5","0-cb4208bf8c23ee3dba818593513865489cdace199d779e4fa2798474c52c9315","","","","","","","","0-c7fe9fb00e56bad1d4161cda81dbe49bce6d7a8e97a51af1a128cddff16cc9da","root.record.ItemExhibitList.P5Item"
"Airframe/Engines/Accessories: MC-130J Airframe Equipment","","12","","","84","84","","","","","","","","","","","","","","2016-BASE_PROCUREMENT-2016-AIRFORCE_AIRCRAFT_VOL1-PROCUREMENT_JustificationBook_Air_Force_PB_2016.zzz_unzipped-PROCUREMENT_JustificationBook_Air_Force_PB_2016.xml","81dae8c956c8274f566e8fb91367c91324c122720a6e6a82f0ee4c46eb84be60","0-f559e8947debdfd6c8d30deb7f6349281861494d4b96978ffa547fe57d8b5dae","","","","","","","","0-eb51b5b7ecdc12491d87f87f199ee19338fe2428ea39de38df95a6079621d9c7","root.record.ItemExhibitList.P5Item"
"Airframe: C-130J Airframe Equipment","","12","0","","92","92","","","","","","","","","","","","","","2016-BASE_PROCUREMENT-2016-AIRFORCE_AIRCRAFT_VOL2-PROCUREMENT_MasterJustificationBook_Air_Force_PB_2016.zzz_unzipped-PROCUREMENT_MasterJustificationBook_Air_Force_PB_2016.xml","06413109f09458e1d20d0d8c668a4bfde7b94137945d7743cd97c2331c8391ee","0-8db4be18edf574d0f85383a914ec4f09870c32d790f84f77997cc9bc03f61967","","","","","","","","0-0d027aff5c3853c850584b30b607e5613e3afac1ad8250406e36f90bd1e51037","root.record.ItemExhibitList.P5Item"
"Airframe/Engines/Accessories: HC-130J Airframe Equipment","","12","0","","48","48","","","","","","","","","","","","","","2016-BASE_PROCUREMENT-2016-AIRFORCE_AIRCRAFT_VOL2-PROCUREMENT_MasterJustificationBook_Air_Force_PB_2016.zzz_unzipped-PROCUREMENT_MasterJustificationBook_Air_Force_PB_2016.xml","065dabc8f50bb8c11fd03386b9b77f91b86bd31b64e57f28cf3442d5cb994770","0-546cf8edd3044de96f3292f8ced46432a118446fdf2b0feefc2e8c8795693f1c","","","","","","","","0-7e617eca2817bfaa50a1c24daaec0d3c98fc463c6e350df1e4996cd389469df8","root.record.ItemExhibitList.P5Item"
"Airframe/Engines/Accessories: MC-130J Airframe Equipment","","12","","","84","84","","","","","","","","","","","","","","2016-BASE_PROCUREMENT-2016-AIRFORCE_AIRCRAFT_VOL2-PROCUREMENT_MasterJustificationBook_Air_Force_PB_2016.zzz_unzipped-PROCUREMENT_MasterJustificationBook_Air_Force_PB_2016.xml","6c8b943a6de5398b0f3fdd5e076ae0cc947b82b18fb0c8528c7c34e5c1ca33d3","0-03d85b6facb8e44c4fdf97a5a7bd4e62b6c1a653a307324655d7e96d54b7892a","","","","","","","","0-fc5dba5d9c0174fa20f6fd653bb157e971d2ff8d97623b64a4d940d27c7b7306","root.record.ItemExhibitList.P5Item"
"AEGIS MYP FY18","","0","","","71.896","","48.411","23.485","","","","","Raytheon","Tucson, AZ","24","24","0","0","2016-BASE_PROCUREMENT-2016-MDA-PROCUREMENT_JustificationBook_Missile_Defense_Agency_PB_2016.zzz_unzipped-PROCUREMENT_JustificationBook_Missile_Defense_Agency_PB_2016.xml","8fe681ed2a7b4397677aa6bf70676f250b32ded3546a6adb5424a1cf3206bbc3","0-42389637d5bd431c5a92dd4355fce3053bcd7b8e326f3d168290bfa72be96e99","1","2018","48.411","23.485","71.896","","","0-82e9c1e2f0d51f4f5642620bbddeb544771771c1a2197675a418bdaa18324285","root.record.ItemExhibitList.P5Item"
"AEGIS MYP FY19","","0","","","87.29","","38.307","28.231","20.752","","","","Raytheon","Tucson, AZ","24","24","0","0","2016-BASE_PROCUREMENT-2016-MDA-PROCUREMENT_JustificationBook_Missile_Defense_Agency_PB_2016.zzz_unzipped-PROCUREMENT_JustificationBook_Missile_Defense_Agency_PB_2016.xml","8fe681ed2a7b4397677aa6bf70676f250b32ded3546a6adb5424a1cf3206bbc3","1-146848d6f1eab482a353f7f6e8a22242139a3547545dd511fc09caa4bb232b0c","1","2019","38.307","28.231","87.29","20.752","","0-82e9c1e2f0d51f4f5642620bbddeb544771771c1a2197675a418bdaa18324285","root.record.ItemExhibitList.P5Item"
"AEGIS MYP FY21","","0","","","77.445","","0","","","","77.445","","","","","","","","","2016-BASE_PROCUREMENT-2016-MDA-PROCUREMENT_JustificationBook_Missile_Defense_Agency_PB_2016.zzz_unzipped-PROCUREMENT_JustificationBook_Missile_Defense_Agency_PB_2016.xml","8fe681ed2a7b4397677aa6bf70676f250b32ded3546a6adb5424a1cf3206bbc3","2-610412338698e1f2c8f2cbe6fe4a376e57d6f5c604ca3274ed5362ac2f4f9eb2","1","2021","","","77.445","","77.445","0-82e9c1e2f0d51f4f5642620bbddeb544771771c1a2197675a418bdaa18324285","root.record.ItemExhibitList.P5Item"
"AEGIS MYP FY22","","0","","","85.696","","0","","","","85.696","","","","","","","","","2016-BASE_PROCUREMENT-2016-MDA-PROCUREMENT_JustificationBook_Missile_Defense_Agency_PB_2016.zzz_unzipped-PROCUREMENT_JustificationBook_Missile_Defense_Agency_PB_2016.xml","8fe681ed2a7b4397677aa6bf70676f250b32ded3546a6adb5424a1cf3206bbc3","3-3852a2ebc70a561547a4f651b85a0f9c4066483645cead7ce0c5816bbeffe8c6","1","2022","","","85.696","","85.696","0-82e9c1e2f0d51f4f5642620bbddeb544771771c1a2197675a418bdaa18324285","root.record.ItemExhibitList.P5Item"
"AEGIS MYP FY23","","0","","","35.097","","0","","","","35.097","","","","","","","","","2016-BASE_PROCUREMENT-2016-MDA-PROCUREMENT_JustificationBook_Missile_Defense_Agency_PB_2016.zzz_unzipped-PROCUREMENT_JustificationBook_Missile_Defense_Agency_PB_2016.xml","8fe681ed2a7b4397677aa6bf70676f250b32ded3546a6adb5424a1cf3206bbc3","4-2b1a08c6e8ead410fb92f1854c80c582405f186715349b96a0442790f3b4dec5","1","2023","","","35.097","","35.097","0-82e9c1e2f0d51f4f5642620bbddeb544771771c1a2197675a418bdaa18324285","root.record.ItemExhibitList.P5Item"
"AEGIS MYP FY17","","0","","","61.047","","61.047","","","","","","Raytheon","Tucson, AZ","24","24","0","0","2016-BASE_PROCUREMENT-2016-MDA-PROCUREMENT_JustificationBook_Missile_Defense_Agency_PB_2016.zzz_unzipped-PROCUREMENT_JustificationBook_Missile_Defense_Agency_PB_2016.xml","8fe681ed2a7b4397677aa6bf70676f250b32ded3546a6adb5424a1cf3206bbc3","5-80de173aae9599561080bbc3d62ce1cacb72a6fa5652732b0d0fcbfd83e4b45a","1","2017","61.047","","61.047","","","0-82e9c1e2f0d51f4f5642620bbddeb544771771c1a2197675a418bdaa18324285","root.record.ItemExhibitList.P5Item"
"AEGIS MYP FY18","","0","","","71.896","","48.411","23.485","","","","","Raytheon","Tucson, AZ","24","24","0","0","2016-BASE_PROCUREMENT-2016-MDA-PROCUREMENT_MasterJustificationBook_Missile_Defense_Agency_PB_2016.zzz_unzipped-PROCUREMENT_MasterJustificationBook_Missile_Defense_Agency_PB_2016.xml","b4f2202771c2bfc95fdafd93a11aada31a8b14c6b9c5880fd0d937560581322f","0-4786c0b7b01ddcf40acbdb8a4b44984e438bd5663034bb5088b054ee9cf752ac","1","2018","48.411","23.485","71.896","","","0-85cd6de90c22877963de301548fb73f0e4a39e0e876f31af29e3a166e4e000ba","root.record.ItemExhibitList.P5Item"
"AEGIS MYP FY19","","0","","","87.29","","38.307","28.231","20.752","","","","Raytheon","Tucson, AZ","24","24","0","0","2016-BASE_PROCUREMENT-2016-MDA-PROCUREMENT_MasterJustificationBook_Missile_Defense_Agency_PB_2016.zzz_unzipped-PROCUREMENT_MasterJustificationBook_Missile_Defense_Agency_PB_2016.xml","b4f2202771c2bfc95fdafd93a11aada31a8b14c6b9c5880fd0d937560581322f","1-a6f747f4d6e5a3d728d97dc49c48744a07bf5c7d8c07ba8f80a2e7bad487e17d","1","2019","38.307","28.231","87.29","20.752","","0-85cd6de90c22877963de301548fb73f0e4a39e0e876f31af29e3a166e4e000ba","root.record.ItemExhibitList.P5Item"
"AEGIS MYP FY21","","0","","","77.445","","0","","","","77.445","","","","","","","","","2016-BASE_PROCUREMENT-2016-MDA-PROCUREMENT_MasterJustificationBook_Missile_Defense_Agency_PB_2016.zzz_unzipped-PROCUREMENT_MasterJustificationBook_Missile_Defense_Agency_PB_2016.xml","b4f2202771c2bfc95fdafd93a11aada31a8b14c6b9c5880fd0d937560581322f","2-5be8481ef44b00dfa34445776802124d3852dba59f97a2bf25e116297b35d762","1","2021","","","77.445","","77.445","0-85cd6de90c22877963de301548fb73f0e4a39e0e876f31af29e3a166e4e000ba","root.record.ItemExhibitList.P5Item"
"AEGIS MYP FY22","","0","","","85.696","","0","","","","85.696","","","","","","","","","2016-BASE_PROCUREMENT-2016-MDA-PROCUREMENT_MasterJustificationBook_Missile_Defense_Agency_PB_2016.zzz_unzipped-PROCUREMENT_MasterJustificationBook_Missile_Defense_Agency_PB_2016.xml","b4f2202771c2bfc95fdafd93a11aada31a8b14c6b9c5880fd0d937560581322f","3-3ad98d1169c5ebac60be034a71cb83943a42b4284659f4af7165ea69f6716f5d","1","2022","","","85.696","","85.696","0-85cd6de90c22877963de301548fb73f0e4a39e0e876f31af29e3a166e4e000ba","root.record.ItemExhibitList.P5Item"
"AEGIS MYP FY23","","0","","","35.097","","0","","","","35.097","","","","","","","","","2016-BASE_PROCUREMENT-2016-MDA-PROCUREMENT_MasterJustificationBook_Missile_Defense_Agency_PB_2016.zzz_unzipped-PROCUREMENT_MasterJustificationBook_Missile_Defense_Agency_PB_2016.xml","b4f2202771c2bfc95fdafd93a11aada31a8b14c6b9c5880fd0d937560581322f","4-f310b00da6740db98aa7f742bca889986056a07afcba9570d7676cdf6af81293","1","2023","","","35.097","","35.097","0-85cd6de90c22877963de301548fb73f0e4a39e0e876f31af29e3a166e4e000ba","root.record.ItemExhibitList.P5Item"
"AEGIS MYP FY17","","0","","","61.047","","61.047","","","","","","Raytheon","Tucson, AZ","24","24","0","0","2016-BASE_PROCUREMENT-2016-MDA-PROCUREMENT_MasterJustificationBook_Missile_Defense_Agency_PB_2016.zzz_unzipped-PROCUREMENT_MasterJustificationBook_Missile_Defense_Agency_PB_2016.xml","b4f2202771c2bfc95fdafd93a11aada31a8b14c6b9c5880fd0d937560581322f","5-34e114ef5f00e9ea4e465493e819348cfbf81e58732e7721a548d04bbaa6364a","1","2017","61.047","","61.047","","","0-85cd6de90c22877963de301548fb73f0e4a39e0e876f31af29e3a166e4e000ba","root.record.ItemExhibitList.P5Item"
"EOQ","","0","","","","20","","","","","","","","","","","","","","2016-BASE_PROCUREMENT-2016-NAVY_AIRCRAFT_BA1-4-PROCUREMENT_JustificationBook_Navy_PB_2016.zzz_unzipped-PROCUREMENT_JustificationBook_Navy_PB_2016.xml","74393c7aeafacf61a1221f9ea624869c29db1b711f4c04d309bcaa81aa8cccad","0-cbb1edb2a15342b2e1bd5f9d71b34fe96a022f9691574c0248eb1a1743b74b59","0","","","","","","","0-1670675063f666b00d7a33e0012489dc7773bdbdc50016667f9fca548315be15","root.record.ItemExhibitList.P5Item"
"Airframe For FY 2013 EOQ/Long Lead","","0","38.984","","","","","","","","","","","","","","","","","2016-BASE_PROCUREMENT-2016-NAVY_AIRCRAFT_BA1-4-PROCUREMENT_JustificationBook_Navy_PB_2016.zzz_unzipped-PROCUREMENT_JustificationBook_Navy_PB_2016.xml","afefd55792744e93c1b9205df9cd5d381b13defa796d484ff20f8ff4ce98bc59","0-98f2f76835986a7cb0b423065ddd94dd0ae31252892c84d56b5346829fcfaea2","0","","","","","","","0-46c0dcd53b33134c267134b10866354b5c4c9f1e56860d6e6588dc084a17e68c","root.record.ItemExhibitList.P5Item"
"Airframe For FY 2014 EOQ/Long Lead","","0","53.858","","","","","","","","","","","","","","","","","2016-BASE_PROCUREMENT-2016-NAVY_AIRCRAFT_BA1-4-PROCUREMENT_JustificationBook_Navy_PB_2016.zzz_unzipped-PROCUREMENT_JustificationBook_Navy_PB_2016.xml","afefd55792744e93c1b9205df9cd5d381b13defa796d484ff20f8ff4ce98bc59","1-65df393b7b6e7acf68c4daae2093025cf11fa88e20a703b4251ba26ad597bb08","0","","","","","","","0-46c0dcd53b33134c267134b10866354b5c4c9f1e56860d6e6588dc084a17e68c","root.record.ItemExhibitList.P5Item"
"Airframe For FY 2015 EOQ/Long Lead","","0","6.008","","","80.734","","","","","","","","","","","","","","2016-BASE_PROCUREMENT-2016-NAVY_AIRCRAFT_BA1-4-PROCUREMENT_JustificationBook_Navy_PB_2016.zzz_unzipped-PROCUREMENT_JustificationBook_Navy_PB_2016.xml","afefd55792744e93c1b9205df9cd5d381b13defa796d484ff20f8ff4ce98bc59","2-23a27a18874982b964e15fa544b43caeda061d6c0d81273d3d2e24ee01fc89cd","0","","","","","","","0-46c0dcd53b33134c267134b10866354b5c4c9f1e56860d6e6588dc084a17e68c","root.record.ItemExhibitList.P5Item"
"Airframe For FY 2016 EOQ/Long Lead","","0","6.075","85.828","","3.693","","","","","","","","","","","","","","2016-BASE_PROCUREMENT-2016-NAVY_AIRCRAFT_BA1-4-PROCUREMENT_JustificationBook_Navy_PB_2016.zzz_unzipped-PROCUREMENT_JustificationBook_Navy_PB_2016.xml","afefd55792744e93c1b9205df9cd5d381b13defa796d484ff20f8ff4ce98bc59","3-e5e04e581c2a4761b33d0bf109e53d257fca244205d0ea99aadd78a3f4703017","0","","","","","","","0-46c0dcd53b33134c267134b10866354b5c4c9f1e56860d6e6588dc084a17e68c","root.record.ItemExhibitList.P5Item"
"CC/Avionics For FY 2013 EOQ/Long Lead","","0","59","","","","","","","","","","","","","","","","","2016-BASE_PROCUREMENT-2016-NAVY_AIRCRAFT_BA1-4-PROCUREMENT_JustificationBook_Navy_PB_2016.zzz_unzipped-PROCUREMENT_JustificationBook_Navy_PB_2016.xml","afefd55792744e93c1b9205df9cd5d381b13defa796d484ff20f8ff4ce98bc59","4-173b7ee44d6e1998706374f0d12731de896a87134ab4bbeeaaa8f055b46b6005","0","","","","","","","0-46c0dcd53b33134c267134b10866354b5c4c9f1e56860d6e6588dc084a17e68c","root.record.ItemExhibitList.P5Item"
"CC/Avionics For FY 2014 EOQ/Long Lead","","0","80.835","","","","","","","","","","","","","","","","","2016-BASE_PROCUREMENT-2016-NAVY_AIRCRAFT_BA1-4-PROCUREMENT_JustificationBook_Navy_PB_2016.zzz_unzipped-PROCUREMENT_JustificationBook_Navy_PB_2016.xml","afefd55792744e93c1b9205df9cd5d381b13defa796d484ff20f8ff4ce98bc59","5-4cb4887bbf9087500073f3df188121da5814261c3082f1f360bb45cf3cc9b76a","0","","","","","","","0-46c0dcd53b33134c267134b10866354b5c4c9f1e56860d6e6588dc084a17e68c","root.record.ItemExhibitList.P5Item"
"CC/Avionics For FY 2015 EOQ/Long Lead","","0","75.173","","","30.89","","","","","","","","","","","","","","2016-BASE_PROCUREMENT-2016-NAVY_AIRCRAFT_BA1-4-PROCUREMENT_JustificationBook_Navy_PB_2016.zzz_unzipped-PROCUREMENT_JustificationBook_Navy_PB_2016.xml","afefd55792744e93c1b9205df9cd5d381b13defa796d484ff20f8ff4ce98bc59","6-a2bd6704500c55a1009ff4361f3bc8c79535f41d68acecf20c68f62f5026cdf8","0","","","","","","","0-46c0dcd53b33134c267134b10866354b5c4c9f1e56860d6e6588dc084a17e68c","root.record.ItemExhibitList.P5Item"
"CC/Avionics For FY 2016 EOQ/Long Lead","","0","6.5","20.858","","92.478","","","","","","","","","","","","","","2016-BASE_PROCUREMENT-2016-NAVY_AIRCRAFT_BA1-4-PROCUREMENT_JustificationBook_Navy_PB_2016.zzz_unzipped-PROCUREMENT_JustificationBook_Navy_PB_2016.xml","afefd55792744e93c1b9205df9cd5d381b13defa796d484ff20f8ff4ce98bc59","7-3f40301065c91d4498a539050548a7bd3170c348831207445ecd863aab5fa8cf","0","","","","","","","0-46c0dcd53b33134c267134b10866354b5c4c9f1e56860d6e6588dc084a17e68c","root.record.ItemExhibitList.P5Item"
"For FY 2016 EOQ/Long Lead","","0","","6.688","","","","","","","","","","","","","","","","2016-BASE_PROCUREMENT-2016-NAVY_AIRCRAFT_BA1-4-PROCUREMENT_JustificationBook_Navy_PB_2016.zzz_unzipped-PROCUREMENT_JustificationBook_Navy_PB_2016.xml","04275f5297ca2dc751c219d4cc23d8452c8a0adfb94b511a38e3133d11bbe7a2","0-5d828280bb01b0297224fc582e2785b179e624a83790691b9f2e5324ae2ac3a5","0","","","","","","","0-fcb7b788c0991c8b123ec8a6ad4aedb10c4e3d5bbf8329274d987c11f01d52e7","root.record.ItemExhibitList.P5Item"
"For FY 2017 EOQ/Long Lead","","0","","5.203","","","6.993","","","","","","","","","","","","","2016-BASE_PROCUREMENT-2016-NAVY_AIRCRAFT_BA1-4-PROCUREMENT_JustificationBook_Navy_PB_2016.zzz_unzipped-PROCUREMENT_JustificationBook_Navy_PB_2016.xml","04275f5297ca2dc751c219d4cc23d8452c8a0adfb94b511a38e3133d11bbe7a2","1-e0afe15e7fa72770b98b94c588c025453734d96cf160ed96b8f0a8f4f7169058","0","","","","","","","0-fcb7b788c0991c8b123ec8a6ad4aedb10c4e3d5bbf8329274d987c11f01d52e7","root.record.ItemExhibitList.P5Item"
"For FY 2018 EOQ/Long Lead","","0","","5.203","","","6.993","","","","","","","","","","","","","2016-BASE_PROCUREMENT-2016-NAVY_AIRCRAFT_BA1-4-PROCUREMENT_JustificationBook_Navy_PB_2016.zzz_unzipped-PROCUREMENT_JustificationBook_Navy_PB_2016.xml","04275f5297ca2dc751c219d4cc23d8452c8a0adfb94b511a38e3133d11bbe7a2","2-2ac62b714d618dc71a9f4b4a87994d6f0b524d9f9e7ba2d483fc9b3addfdc590","0","","","","","","","0-fcb7b788c0991c8b123ec8a6ad4aedb10c4e3d5bbf8329274d987c11f01d52e7","root.record.ItemExhibitList.P5Item"
"For FY 2019 EOQ/Long Lead","","0","","2.802","","","4.079","","","","","","","","","","","","","2016-BASE_PROCUREMENT-2016-NAVY_AIRCRAFT_BA1-4-PROCUREMENT_JustificationBook_Navy_PB_2016.zzz_unzipped-PROCUREMENT_JustificationBook_Navy_PB_2016.xml","04275f5297ca2dc751c219d4cc23d8452c8a0adfb94b511a38e3133d11bbe7a2","3-68b3afde8b3ec2d565b5b70f50ab358fb15e76560d16a8db5c50c57bd15fc45b","0","","","","","","","0-fcb7b788c0991c8b123ec8a6ad4aedb10c4e3d5bbf8329274d987c11f01d52e7","root.record.ItemExhibitList.P5Item"
"EOQ","","0","","","","20","","","","","","","","","","","","","","2016-BASE_PROCUREMENT-2016-NAVY_AIRCRAFT_BA7-PROCUREMENT_MasterJustificationBook_Navy_PB_2016.zzz_unzipped-PROCUREMENT_MasterJustificationBook_Navy_PB_2016.xml","fdb5509255916dc762eb364f6b01aadf36a262d558a694a34c9c99e9cd8f4062","0-90fca148dfa6c76c6614ce8e2d91a31ba4e0bc3089dad2b0d64717eb60c7c76b","0","","","","","","","0-be08ffdf2778bfa3b7fb2422c0a91f316be693e4f79761585e73df02e05d5841","root.record.ItemExhibitList.P5Item"
"Airframe For FY 2013 EOQ/Long Lead","","0","38.984","","","","","","","","","","","","","","","","","2016-BASE_PROCUREMENT-2016-NAVY_AIRCRAFT_BA7-PROCUREMENT_MasterJustificationBook_Navy_PB_2016.zzz_unzipped-PROCUREMENT_MasterJustificationBook_Navy_PB_2016.xml","23d6409d45c5bfafa665381970cd4fd7c8042cc7d528e9f65e77315457063d00","0-b92cf4b565d8fb5d54453de15862313cd5ccb05af97d39af73d61f78f35dd2ef","0","","","","","","","0-072d5fd0e51c1aeacbf7986181e20224999c005b7b18e89d3d652dcc423a3803","root.record.ItemExhibitList.P5Item"
"Airframe For FY 2014 EOQ/Long Lead","","0","53.858","","","","","","","","","","","","","","","","","2016-BASE_PROCUREMENT-2016-NAVY_AIRCRAFT_BA7-PROCUREMENT_MasterJustificationBook_Navy_PB_2016.zzz_unzipped-PROCUREMENT_MasterJustificationBook_Navy_PB_2016.xml","23d6409d45c5bfafa665381970cd4fd7c8042cc7d528e9f65e77315457063d00","1-e92c675b5987c5873e2fe030895d7c921802ac36c565f8ec76d28261d594d0e4","0","","","","","","","0-072d5fd0e51c1aeacbf7986181e20224999c005b7b18e89d3d652dcc423a3803","root.record.ItemExhibitList.P5Item"
"Airframe For FY 2015 EOQ/Long Lead","","0","6.008","","","80.734","","","","","","","","","","","","","","2016-BASE_PROCUREMENT-2016-NAVY_AIRCRAFT_BA7-PROCUREMENT_MasterJustificationBook_Navy_PB_2016.zzz_unzipped-PROCUREMENT_MasterJustificationBook_Navy_PB_2016.xml","23d6409d45c5bfafa665381970cd4fd7c8042cc7d528e9f65e77315457063d00","2-988962b08224db130b4733a8d3d6d2531cf64df2854b497d89d99dad1119ae7e","0","","","","","","","0-072d5fd0e51c1aeacbf7986181e20224999c005b7b18e89d3d652dcc423a3803","root.record.ItemExhibitList.P5Item"
"Airframe For FY 2016 EOQ/Long Lead","","0","6.075","85.828","","3.693","","","","","","","","","","","","","","2016-BASE_PROCUREMENT-2016-NAVY_AIRCRAFT_BA7-PROCUREMENT_MasterJustificationBook_Navy_PB_2016.zzz_unzipped-PROCUREMENT_MasterJustificationBook_Navy_PB_2016.xml","23d6409d45c5bfafa665381970cd4fd7c8042cc7d528e9f65e77315457063d00","3-fe4b53472f8418e7b08f0d385690e554315bac40167d363955612ad214bf7a8a","0","","","","","","","0-072d5fd0e51c1aeacbf7986181e20224999c005b7b18e89d3d652dcc423a3803","root.record.ItemExhibitList.P5Item"
"CC/Avionics For FY 2013 EOQ/Long Lead","","0","59","","","","","","","","","","","","","","","","","2016-BASE_PROCUREMENT-2016-NAVY_AIRCRAFT_BA7-PROCUREMENT_MasterJustificationBook_Navy_PB_2016.zzz_unzipped-PROCUREMENT_MasterJustificationBook_Navy_PB_2016.xml","23d6409d45c5bfafa665381970cd4fd7c8042cc7d528e9f65e77315457063d00","4-ee5d358b91ddada75e988819602c8a8cf9aeaecbd0091e0fa8c249306674cfa7","0","","","","","","","0-072d5fd0e51c1aeacbf7986181e20224999c005b7b18e89d3d652dcc423a3803","root.record.ItemExhibitList.P5Item"
"CC/Avionics For FY 2014 EOQ/Long Lead","","0","80.835","","","","","","","","","","","","","","","","","2016-BASE_PROCUREMENT-2016-NAVY_AIRCRAFT_BA7-PROCUREMENT_MasterJustificationBook_Navy_PB_2016.zzz_unzipped-PROCUREMENT_MasterJustificationBook_Navy_PB_2016.xml","23d6409d45c5bfafa665381970cd4fd7c8042cc7d528e9f65e77315457063d00","5-08eff960be035d2f34552cd1e49a22020cb9625b998b165ca6ca90b7f57b2d51","0","","","","","","","0-072d5fd0e51c1aeacbf7986181e20224999c005b7b18e89d3d652dcc423a3803","root.record.ItemExhibitList.P5Item"
"CC/Avionics For FY 2015 EOQ/Long Lead","","0","75.173","","","30.89","","","","","","","","","","","","","","2016-BASE_PROCUREMENT-2016-NAVY_AIRCRAFT_BA7-PROCUREMENT_MasterJustificationBook_Navy_PB_2016.zzz_unzipped-PROCUREMENT_MasterJustificationBook_Navy_PB_2016.xml","23d6409d45c5bfafa665381970cd4fd7c8042cc7d528e9f65e77315457063d00","6-cb619365bbbadd415b3e250dcb7abb0e460be539b0e030053136d2437ce617d5","0","","","","","","","0-072d5fd0e51c1aeacbf7986181e20224999c005b7b18e89d3d652dcc423a3803","root.record.ItemExhibitList.P5Item"
"CC/Avionics For FY 2016 EOQ/Long Lead","","0","6.5","20.858","","92.478","","","","","","","","","","","","","","2016-BASE_PROCUREMENT-2016-NAVY_AIRCRAFT_BA7-PROCUREMENT_MasterJustificationBook_Navy_PB_2016.zzz_unzipped-PROCUREMENT_MasterJustificationBook_Navy_PB_2016.xml","23d6409d45c5bfafa665381970cd4fd7c8042cc7d528e9f65e77315457063d00","7-3ec94adb8d993d47f4dcc3ea2a6d5cd63ca41293ef5111e96492221df39a619c","0","","","","","","","0-072d5fd0e51c1aeacbf7986181e20224999c005b7b18e89d3d652dcc423a3803","root.record.ItemExhibitList.P5Item"
"For FY 2016 EOQ/Long Lead","","0","","6.688","","","","","","","","","","","","","","","","2016-BASE_PROCUREMENT-2016-NAVY_AIRCRAFT_BA7-PROCUREMENT_MasterJustificationBook_Navy_PB_2016.zzz_unzipped-PROCUREMENT_MasterJustificationBook_Navy_PB_2016.xml","c72833c2f48caf061e1c969c75f712d188245bb6c5d3296aa6ff5745d4284309","0-bc468955023e314b6b52fc4c4bb8774cc0b0fc625e9ed42cdb1ae169ee6a1673","0","","","","","","","0-286b9e3ffc4944f1559f4759cdd2d3d27d1c531b0e65aa052140fc152bde7c40","root.record.ItemExhibitList.P5Item"
"For FY 2017 EOQ/Long Lead","","0","","5.203","","","6.993","","","","","","","","","","","","","2016-BASE_PROCUREMENT-2016-NAVY_AIRCRAFT_BA7-PROCUREMENT_MasterJustificationBook_Navy_PB_2016.zzz_unzipped-PROCUREMENT_MasterJustificationBook_Navy_PB_2016.xml","c72833c2f48caf061e1c969c75f712d188245bb6c5d3296aa6ff5745d4284309","1-fa90668cac9e351e104801d2c67c68648858443a7bea1842ccf1815d0f929011","0","","","","","","","0-286b9e3ffc4944f1559f4759cdd2d3d27d1c531b0e65aa052140fc152bde7c40","root.record.ItemExhibitList.P5Item"
"For FY 2018 EOQ/Long Lead","","0","","5.203","","","6.993","","","","","","","","","","","","","2016-BASE_PROCUREMENT-2016-NAVY_AIRCRAFT_BA7-PROCUREMENT_MasterJustificationBook_Navy_PB_2016.zzz_unzipped-PROCUREMENT_MasterJustificationBook_Navy_PB_2016.xml","c72833c2f48caf061e1c969c75f712d188245bb6c5d3296aa6ff5745d4284309","2-d0c61ba52ac137559691e89bd9afd1886cbd2ee780c7bdec9612e072beb308dd","0","","","","","","","0-286b9e3ffc4944f1559f4759cdd2d3d27d1c531b0e65aa052140fc152bde7c40","root.record.ItemExhibitList.P5Item"
"For FY 2019 EOQ/Long Lead","","0","","2.802","","","4.079","","","","","","","","","","","","","2016-BASE_PROCUREMENT-2016-NAVY_AIRCRAFT_BA7-PROCUREMENT_MasterJustificationBook_Navy_PB_2016.zzz_unzipped-PROCUREMENT_MasterJustificationBook_Navy_PB_2016.xml","c72833c2f48caf061e1c969c75f712d188245bb6c5d3296aa6ff5745d4284309","3-5c3ed2f2033b5359b7c2d8e62902c31b728d58ee64486f6af782e5d32147cfd6","0","","","","","","","0-286b9e3ffc4944f1559f4759cdd2d3d27d1c531b0e65aa052140fc152bde7c40","root.record.ItemExhibitList.P5Item"
"Airframe: EOQ","","12","92","0","92","0","0","","","","","","Lockheed Martin","Marietta GA","0","0","","","2017-BASE_PROCUREMENT-2017-AIRFORCE_AIRCRAFT_VOL1-U_PROCUREMENT_JustificationBook_Air_Force_PB_2017.zzz_unzipped-U_PROCUREMENT_JustificationBook_Air_Force_PB_2017.xml","317e5965462e9d7678fc4f02896e5cee9bbda817cad2e5ad9c2290b851dba197","0-569b7de546fed8ad364ee400b42a8f937082f2eb8d1b237fe6b96db2f242bdf4","","","","","","","","0-db8c527e68a862bfbeb8e539e58286e3d6eaa611f960da853a0f49f291fdb4d4","root.record.ItemExhibitList.P5Item"
"Airframe/Engines/Accessories: HC-130J Airframe Equipment","","12","48","","48","","","","","","","","","","","","","","","2017-BASE_PROCUREMENT-2017-AIRFORCE_AIRCRAFT_VOL1-U_PROCUREMENT_JustificationBook_Air_Force_PB_2017.zzz_unzipped-U_PROCUREMENT_JustificationBook_Air_Force_PB_2017.xml","04b39301635aa03a7b974c8a1151aafada20c596b5345242252608dac900590d","0-1cfd251c0450b9b50ae66e90e4ae44699df3946b22dcc975287e43748f5a1339","","","","","","","","0-accb8bcae27862001bebe911e007a09009dd4bfc55d8b26553b8ea8eefdcc02d","root.record.ItemExhibitList.P5Item"
"Airframe/Engines/Accessories: MC-130J Economic Order Quantity Items","","12","84","0","84","0","0","0","0","0","","","Lockheed Martin","Marietta GA","0","0","","","2017-BASE_PROCUREMENT-2017-AIRFORCE_AIRCRAFT_VOL1-U_PROCUREMENT_JustificationBook_Air_Force_PB_2017.zzz_unzipped-U_PROCUREMENT_JustificationBook_Air_Force_PB_2017.xml","dfceced65c92fa65682ab45ae434a30edc54231102355ccb2d0cccb8c70865c0","0-073cc230e04708b84c24fa9775599e073bf5414f658ff61521742e0bc844183f","","","","","","","","0-b4e4bc6e2aa9ffb3fcf9b49c6b9eba04ae39bc7ecf8211addbeb2098e59afec0","root.record.ItemExhibitList.P5Item"
"Airframe: EOQ","","12","92","0","92","0","0","","","","","","Lockheed Martin","Marietta GA","0","0","","","2017-BASE_PROCUREMENT-2017-AIRFORCE_AIRCRAFT_VOL1-U_PROCUREMENT_MasterJustificationBook_Air_Force_PB_2017.zzz_unzipped-U_PROCUREMENT_MasterJustificationBook_Air_Force_PB_2017.xml","1e24abaeefbb873f569d9b38ff04ead3b13c188ded0a995438fc26ef309c4d70","0-eb7e6841d23dbc2da5aa196214758ae6db4418fc2ca494e32e86a34ae5ef9e4a","","","","","","","","0-646adcc68192da17c3c14c9eb14d1c5dbad03c88d6c138207b7c62e3372e4d34","root.record.ItemExhibitList.P5Item"
"Airframe/Engines/Accessories: HC-130J Airframe Equipment","","12","48","","48","","","","","","","","","","","","","","","2017-BASE_PROCUREMENT-2017-AIRFORCE_AIRCRAFT_VOL1-U_PROCUREMENT_MasterJustificationBook_Air_Force_PB_2017.zzz_unzipped-U_PROCUREMENT_MasterJustificationBook_Air_Force_PB_2017.xml","aaa3897ab1e9054e10ccba0b0bb9ce360d96a0672f9728a2ddce5dfd5536a8e9","0-8f8e1f75790b8608775d348b0b3709e105889387c57874ad99f5dc9255999322","","","","","","","","0-44ed7e5ba9d6bfbe6ba18d38b59a5f74126073a2e79945fab9c080b7a8867f96","root.record.ItemExhibitList.P5Item"
"Airframe/Engines/Accessories: MC-130J Economic Order Quantity Items","","12","84","0","84","0","0","0","0","0","","","Lockheed Martin","Marietta GA","0","0","","","2017-BASE_PROCUREMENT-2017-AIRFORCE_AIRCRAFT_VOL1-U_PROCUREMENT_MasterJustificationBook_Air_Force_PB_2017.zzz_unzipped-U_PROCUREMENT_MasterJustificationBook_Air_Force_PB_2017.xml","f8d8f61e907a74fdbcc61c2f963800089af997881e4e9977e7629b29e606e7f9","0-8a4f89a6e6c34b5f40ce440d7eb609747a16dc7af6b66f979ad81f190f52a597","","","","","","","","0-8a72b59725b9879ded2c8b3a36101fc65985083200613daeeef7d70b425e0dfd","root.record.ItemExhibitList.P5Item"
"Airframe: EOQ","","12","92","0","92","0","0","","","","","","Lockheed Martin","Marietta GA","0","0","","","2017-BASE_PROCUREMENT-2017-AIRFORCE_AIRCRAFT_VOL2-U_PROCUREMENT_MasterJustificationBook_Air_Force_PB_2017.zzz_unzipped-U_PROCUREMENT_MasterJustificationBook_Air_Force_PB_2017.xml","e69e07728276534fdfa55b2844b939d33d50eb19a45e7ddc2b78cbe832e14bba","0-062221797d67f8a7f20f5e8ce83bf9e85130f19f13dbff1ab7e74d56cba2b3a0","","","","","","","","0-74ced797f1fbfa1cb49bc02594ec4bd7899ee38e9ba131ba002c00d451fb42fe","root.record.ItemExhibitList.P5Item"
"Airframe/Engines/Accessories: HC-130J Airframe Equipment","","12","48","","48","","","","","","","","","","","","","","","2017-BASE_PROCUREMENT-2017-AIRFORCE_AIRCRAFT_VOL2-U_PROCUREMENT_MasterJustificationBook_Air_Force_PB_2017.zzz_unzipped-U_PROCUREMENT_MasterJustificationBook_Air_Force_PB_2017.xml","04c0c41116e5f6904b16bf76340a6959e7f09069c196fcfad2d2be879207724f","0-63dcd34f3eb37c021dc8b763717e37dade7dbc090c3d3fbc1fb297052d92cf7d","","","","","","","","0-b672eb3001cd61fe08aff661af31a6d3274d2031be110b187188fb85f5e2ac0c","root.record.ItemExhibitList.P5Item"
"Airframe/Engines/Accessories: MC-130J Economic Order Quantity Items","","12","84","0","84","0","0","0","0","0","","","Lockheed Martin","Marietta GA","0","0","","","2017-BASE_PROCUREMENT-2017-AIRFORCE_AIRCRAFT_VOL2-U_PROCUREMENT_MasterJustificationBook_Air_Force_PB_2017.zzz_unzipped-U_PROCUREMENT_MasterJustificationBook_Air_Force_PB_2017.xml","0dd91f4446d3575886727ff6a8249093ad91205b21e77ef7cfe082bffa942faf","0-e084207aa87a04b3f3f503b3b5fd5fe482321f2c3d73711ff31ea382f33c638a","","","","","","","","0-03e0ad0a7d14a252c8b298594924306cc8911153a20719f2eecd6adbab53fe2a","root.record.ItemExhibitList.P5Item"
"EOQ","","0","20","","","","","","","","","","","","","","","","","2017-BASE_PROCUREMENT-2017-NAVY_AIRCRAFT_BA1-4-U_PROCUREMENT_JustificationBook_Navy_PB_2017.zzz_unzipped-U_PROCUREMENT_JustificationBook_Navy_PB_2017.xml","555bec654b4c1867124dcbd9314b42f5776b3b543281c6d487aa3d154f493c05","0-171ea6586a004ecd4df46cb26db09ec831d3f66d69d09e4ccfc6b03636233c3f","0","","","","","","","0-58b200b26c8023b7c027e7a7d2869a25eed12dd3bc7eb1f13f2f6b6fdec428cc","root.record.ItemExhibitList.P5Item"
"Airframe For FY 2013 EOQ/Long Lead","","0","38.984","","","","","","","","","","","","","","","","","2017-BASE_PROCUREMENT-2017-NAVY_AIRCRAFT_BA1-4-U_PROCUREMENT_JustificationBook_Navy_PB_2017.zzz_unzipped-U_PROCUREMENT_JustificationBook_Navy_PB_2017.xml","6a5e6f143345269ecf4f7575802b96635f13b6bb722b201fc463fb59d7cad159","0-bb193609a82375dc3390e50a70c65d7ad3e1e3b773e2235f75376113f5f5e711","0","","","","","","","0-fdeb5f17a6d843e967b2a6067390062105dfae635c482940c410ba80ace61ed5","root.record.ItemExhibitList.P5Item"
"Airframe For FY 2014 EOQ/Long Lead","","0","53.858","","","","","","","","","","","","","","","","","2017-BASE_PROCUREMENT-2017-NAVY_AIRCRAFT_BA1-4-U_PROCUREMENT_JustificationBook_Navy_PB_2017.zzz_unzipped-U_PROCUREMENT_JustificationBook_Navy_PB_2017.xml","6a5e6f143345269ecf4f7575802b96635f13b6bb722b201fc463fb59d7cad159","1-982b70ed36486ec884b21526f7b460115ed16b851ac91f248041e8b7bdeda8fd","0","","","","","","","0-fdeb5f17a6d843e967b2a6067390062105dfae635c482940c410ba80ace61ed5","root.record.ItemExhibitList.P5Item"
"Airframe For FY 2015 EOQ/Long Lead","","0","86.742","","","","","","","","","","","","","","","","","2017-BASE_PROCUREMENT-2017-NAVY_AIRCRAFT_BA1-4-U_PROCUREMENT_JustificationBook_Navy_PB_2017.zzz_unzipped-U_PROCUREMENT_JustificationBook_Navy_PB_2017.xml","6a5e6f143345269ecf4f7575802b96635f13b6bb722b201fc463fb59d7cad159","2-e83d1b69e27bcd0ec1d4f63761299bf218a4024a5efeedf3a90b06fadfa393ed","0","","","","","","","0-fdeb5f17a6d843e967b2a6067390062105dfae635c482940c410ba80ace61ed5","root.record.ItemExhibitList.P5Item"
"Airframe For FY 2016 EOQ/Long Lead","","0","9.768","","","85.828","","","","","","","","","","","","","","2017-BASE_PROCUREMENT-2017-NAVY_AIRCRAFT_BA1-4-U_PROCUREMENT_JustificationBook_Navy_PB_2017.zzz_unzipped-U_PROCUREMENT_JustificationBook_Navy_PB_2017.xml","6a5e6f143345269ecf4f7575802b96635f13b6bb722b201fc463fb59d7cad159","3-93b114ebd3bb30bf1aee67f0a95eb034f311a44642dbf25c38561c2e2896f73f","0","","","","","","","0-fdeb5f17a6d843e967b2a6067390062105dfae635c482940c410ba80ace61ed5","root.record.ItemExhibitList.P5Item"
"CC/Avionics For FY 2013 EOQ/Long Lead","","0","59","","","","","","","","","","","","","","","","","2017-BASE_PROCUREMENT-2017-NAVY_AIRCRAFT_BA1-4-U_PROCUREMENT_JustificationBook_Navy_PB_2017.zzz_unzipped-U_PROCUREMENT_JustificationBook_Navy_PB_2017.xml","6a5e6f143345269ecf4f7575802b96635f13b6bb722b201fc463fb59d7cad159","4-a01c8e5080d2a15be027ec2a40040b6dcaac3652775fdde0b547361b37840a65","0","","","","","","","0-fdeb5f17a6d843e967b2a6067390062105dfae635c482940c410ba80ace61ed5","root.record.ItemExhibitList.P5Item"
"CC/Avionics For FY 2014 EOQ/Long Lead","","0","80.835","","","","","","","","","","","","","","","","","2017-BASE_PROCUREMENT-2017-NAVY_AIRCRAFT_BA1-4-U_PROCUREMENT_JustificationBook_Navy_PB_2017.zzz_unzipped-U_PROCUREMENT_JustificationBook_Navy_PB_2017.xml","6a5e6f143345269ecf4f7575802b96635f13b6bb722b201fc463fb59d7cad159","5-90e3fb6e0dc0b12c8328044fc0fdb30f77ee05ff31064304c4e2bce1f76463e6","0","","","","","","","0-fdeb5f17a6d843e967b2a6067390062105dfae635c482940c410ba80ace61ed5","root.record.ItemExhibitList.P5Item"
"CC/Avionics For FY 2015 EOQ/Long Lead","","0","106.063","","","","","","","","","","","","","","","","","2017-BASE_PROCUREMENT-2017-NAVY_AIRCRAFT_BA1-4-U_PROCUREMENT_JustificationBook_Navy_PB_2017.zzz_unzipped-U_PROCUREMENT_JustificationBook_Navy_PB_2017.xml","6a5e6f143345269ecf4f7575802b96635f13b6bb722b201fc463fb59d7cad159","6-e32c95fd5807a542b912874e6671fd562f171782c39861392b11219f508f2e05","0","","","","","","","0-fdeb5f17a6d843e967b2a6067390062105dfae635c482940c410ba80ace61ed5","root.record.ItemExhibitList.P5Item"
"CC/Avionics For FY 2016 EOQ/Long Lead","Cost Element for CC/Avionics For FY 2016 EOQ/Long Lead increase from the FY 2016 President's budget reflects funds reprogrammed into FY 2015 Advance Procurement to fully fund the Lockheed Martin MYP requirement for the FY 2016 production aircraft.","0","98.978","","","28.858","","","","","","","","","","","","","","2017-BASE_PROCUREMENT-2017-NAVY_AIRCRAFT_BA1-4-U_PROCUREMENT_JustificationBook_Navy_PB_2017.zzz_unzipped-U_PROCUREMENT_JustificationBook_Navy_PB_2017.xml","6a5e6f143345269ecf4f7575802b96635f13b6bb722b201fc463fb59d7cad159","7-69a373ddaaf02649890c3f680852c78065bac4a74654aba726d1b2025a90722d","0","","","","","","","0-fdeb5f17a6d843e967b2a6067390062105dfae635c482940c410ba80ace61ed5","root.record.ItemExhibitList.P5Item"
"For FY 2016 EOQ/Long Lead","","0","","","","10.311","","","","","","","","","","","","","","2017-BASE_PROCUREMENT-2017-NAVY_AIRCRAFT_BA1-4-U_PROCUREMENT_JustificationBook_Navy_PB_2017.zzz_unzipped-U_PROCUREMENT_JustificationBook_Navy_PB_2017.xml","219653411bc7eef6808f7abbfd8195ac1a7d7f4155d13571c4151c067463b2c5","0-4b6b5cbf051c22606f3293c296b680da56222d3a69cfe1f7b36f0bf1ef0a5452","0","","","","","","","0-90329ff3c894290ce5d298c0055d51de2d9f981c4676d7b66ea71770aff28690","root.record.ItemExhibitList.P5Item"
"For FY 2017 EOQ/Long Lead","","0","","5.499","","2.234","","","","","","","","","","","","","","2017-BASE_PROCUREMENT-2017-NAVY_AIRCRAFT_BA1-4-U_PROCUREMENT_JustificationBook_Navy_PB_2017.zzz_unzipped-U_PROCUREMENT_JustificationBook_Navy_PB_2017.xml","219653411bc7eef6808f7abbfd8195ac1a7d7f4155d13571c4151c067463b2c5","1-1df9b539f3154446c250c07f1165f38dede9f616e106ed7b9deb6d6f12780d7d","0","","","","","","","0-90329ff3c894290ce5d298c0055d51de2d9f981c4676d7b66ea71770aff28690","root.record.ItemExhibitList.P5Item"
"For FY 2018 EOQ/Long Lead","","0","","5.499","","2.234","","","","","","","","","","","","","","2017-BASE_PROCUREMENT-2017-NAVY_AIRCRAFT_BA1-4-U_PROCUREMENT_JustificationBook_Navy_PB_2017.zzz_unzipped-U_PROCUREMENT_JustificationBook_Navy_PB_2017.xml","219653411bc7eef6808f7abbfd8195ac1a7d7f4155d13571c4151c067463b2c5","2-8aabc6502f5572700f23056d610335b2b1c75b96ee96280c58f0c40843cdbd5c","0","","","","","","","0-90329ff3c894290ce5d298c0055d51de2d9f981c4676d7b66ea71770aff28690","root.record.ItemExhibitList.P5Item"
"For FY 2019 EOQ/Long Lead","","0","","4.296","","1.718","","","","","","","","","","","","","","2017-BASE_PROCUREMENT-2017-NAVY_AIRCRAFT_BA1-4-U_PROCUREMENT_JustificationBook_Navy_PB_2017.zzz_unzipped-U_PROCUREMENT_JustificationBook_Navy_PB_2017.xml","219653411bc7eef6808f7abbfd8195ac1a7d7f4155d13571c4151c067463b2c5","3-96d79fe47b6a898df660de355b6f4b49cd5b88ed1b4a533aa4b249d72952c666","0","","","","","","","0-90329ff3c894290ce5d298c0055d51de2d9f981c4676d7b66ea71770aff28690","root.record.ItemExhibitList.P5Item"
"EOQ","","0","20","","","","","","","","","","","","","","","","","2017-BASE_PROCUREMENT-2017-NAVY_AIRCRAFT_BA7-U_PROCUREMENT_MasterJustificationBook_Navy_PB_2017.zzz_unzipped-U_PROCUREMENT_MasterJustificationBook_Navy_PB_2017.xml","de8d029582830ec73b6dfc61b503cb2f65019363b4494e029b6ed01a856247ba","0-7cb706e88fd3a3f67c7f8f4a1d19cbb3f98c50739a0677fde6faf9190924ac8c","0","","","","","","","0-38eb7eb687c1c45013e5bbf8fcb62dbbceb24d6cdb476d556b28b9dbbe4311ec","root.record.ItemExhibitList.P5Item"
"Airframe For FY 2013 EOQ/Long Lead","","0","38.984","","","","","","","","","","","","","","","","","2017-BASE_PROCUREMENT-2017-NAVY_AIRCRAFT_BA7-U_PROCUREMENT_MasterJustificationBook_Navy_PB_2017.zzz_unzipped-U_PROCUREMENT_MasterJustificationBook_Navy_PB_2017.xml","9eb723de1a8916ea77f2b799682a39678e536b59c61f97964db92994f1fa1347","0-1253c6e43ce5e823a95e5683cefd765421b2943b61d13b3d94d4658f57114fe5","0","","","","","","","0-4350a142619bbea2ed913996a17c2064d9cb8f8c4393923e1351070d08c36317","root.record.ItemExhibitList.P5Item"
"Airframe For FY 2014 EOQ/Long Lead","","0","53.858","","","","","","","","","","","","","","","","","2017-BASE_PROCUREMENT-2017-NAVY_AIRCRAFT_BA7-U_PROCUREMENT_MasterJustificationBook_Navy_PB_2017.zzz_unzipped-U_PROCUREMENT_MasterJustificationBook_Navy_PB_2017.xml","9eb723de1a8916ea77f2b799682a39678e536b59c61f97964db92994f1fa1347","1-7801dcae6b42497561cec2336a36eddef22bed13c0631b984bcdaf9af96a896d","0","","","","","","","0-4350a142619bbea2ed913996a17c2064d9cb8f8c4393923e1351070d08c36317","root.record.ItemExhibitList.P5Item"
"Airframe For FY 2015 EOQ/Long Lead","","0","86.742","","","","","","","","","","","","","","","","","2017-BASE_PROCUREMENT-2017-NAVY_AIRCRAFT_BA7-U_PROCUREMENT_MasterJustificationBook_Navy_PB_2017.zzz_unzipped-U_PROCUREMENT_MasterJustificationBook_Navy_PB_2017.xml","9eb723de1a8916ea77f2b799682a39678e536b59c61f97964db92994f1fa1347","2-6f3cbde6180eb42541be9d418204c9d4826afa7a187b4886ca4319da3b495740","0","","","","","","","0-4350a142619bbea2ed913996a17c2064d9cb8f8c4393923e1351070d08c36317","root.record.ItemExhibitList.P5Item"
"Airframe For FY 2016 EOQ/Long Lead","","0","9.768","","","85.828","","","","","","","","","","","","","","2017-BASE_PROCUREMENT-2017-NAVY_AIRCRAFT_BA7-U_PROCUREMENT_MasterJustificationBook_Navy_PB_2017.zzz_unzipped-U_PROCUREMENT_MasterJustificationBook_Navy_PB_2017.xml","9eb723de1a8916ea77f2b799682a39678e536b59c61f97964db92994f1fa1347","3-cf4a85d80d75b6cc033ab19fd65b6e6b147b7c0086e285b4e8e86ff5f0736a1d","0","","","","","","","0-4350a142619bbea2ed913996a17c2064d9cb8f8c4393923e1351070d08c36317","root.record.ItemExhibitList.P5Item"
"CC/Avionics For FY 2013 EOQ/Long Lead","","0","59","","","","","","","","","","","","","","","","","2017-BASE_PROCUREMENT-2017-NAVY_AIRCRAFT_BA7-U_PROCUREMENT_MasterJustificationBook_Navy_PB_2017.zzz_unzipped-U_PROCUREMENT_MasterJustificationBook_Navy_PB_2017.xml","9eb723de1a8916ea77f2b799682a39678e536b59c61f97964db92994f1fa1347","4-f58ddb07a2d78f93253481c4a6004620385155887a166bb3260498bfeafbafc2","0","","","","","","","0-4350a142619bbea2ed913996a17c2064d9cb8f8c4393923e1351070d08c36317","root.record.ItemExhibitList.P5Item"
"CC/Avionics For FY 2014 EOQ/Long Lead","","0","80.835","","","","","","","","","","","","","","","","","2017-BASE_PROCUREMENT-2017-NAVY_AIRCRAFT_BA7-U_PROCUREMENT_MasterJustificationBook_Navy_PB_2017.zzz_unzipped-U_PROCUREMENT_MasterJustificationBook_Navy_PB_2017.xml","9eb723de1a8916ea77f2b799682a39678e536b59c61f97964db92994f1fa1347","5-aa9467f6729329dcfd7983e2a1782b95148e2e80b3c1e3d1869d6f932747edfb","0","","","","","","","0-4350a142619bbea2ed913996a17c2064d9cb8f8c4393923e1351070d08c36317","root.record.ItemExhibitList.P5Item"
"CC/Avionics For FY 2015 EOQ/Long Lead","","0","106.063","","","","","","","","","","","","","","","","","2017-BASE_PROCUREMENT-2017-NAVY_AIRCRAFT_BA7-U_PROCUREMENT_MasterJustificationBook_Navy_PB_2017.zzz_unzipped-U_PROCUREMENT_MasterJustificationBook_Navy_PB_2017.xml","9eb723de1a8916ea77f2b799682a39678e536b59c61f97964db92994f1fa1347","6-1dea73f1a504ed5553c5490c3c64a1fcfcf8c45cb3b9c31cfd2419971243ace5","0","","","","","","","0-4350a142619bbea2ed913996a17c2064d9cb8f8c4393923e1351070d08c36317","root.record.ItemExhibitList.P5Item"
"CC/Avionics For FY 2016 EOQ/Long Lead","Cost Element for CC/Avionics For FY 2016 EOQ/Long Lead increase from the FY 2016 President's budget reflects funds reprogrammed into FY 2015 Advance Procurement to fully fund the Lockheed Martin MYP requirement for the FY 2016 production aircraft.","0","98.978","","","28.858","","","","","","","","","","","","","","2017-BASE_PROCUREMENT-2017-NAVY_AIRCRAFT_BA7-U_PROCUREMENT_MasterJustificationBook_Navy_PB_2017.zzz_unzipped-U_PROCUREMENT_MasterJustificationBook_Navy_PB_2017.xml","9eb723de1a8916ea77f2b799682a39678e536b59c61f97964db92994f1fa1347","7-6bf3966f345bb49738ff03f49d882e26e3bd5c6eacaa5729ab543c560f7b17e6","0","","","","","","","0-4350a142619bbea2ed913996a17c2064d9cb8f8c4393923e1351070d08c36317","root.record.ItemExhibitList.P5Item"
"For FY 2016 EOQ/Long Lead","","0","","","","10.311","","","","","","","","","","","","","","2017-BASE_PROCUREMENT-2017-NAVY_AIRCRAFT_BA7-U_PROCUREMENT_MasterJustificationBook_Navy_PB_2017.zzz_unzipped-U_PROCUREMENT_MasterJustificationBook_Navy_PB_2017.xml","9e49cdeea02b8dbbb466257ef555285a30cb599dfd57513cc5dc37c5f404bfa3","0-85a5cff9eb613e86ac4aa12036e2dd8019b9ec8b46b6160248b698ce6bd15245","0","","","","","","","0-1c1a28a56492aae7463ccd816ce5c798db0f438e1389c40c223273b9e0f8191e","root.record.ItemExhibitList.P5Item"
"For FY 2017 EOQ/Long Lead","","0","","5.499","","2.234","","","","","","","","","","","","","","2017-BASE_PROCUREMENT-2017-NAVY_AIRCRAFT_BA7-U_PROCUREMENT_MasterJustificationBook_Navy_PB_2017.zzz_unzipped-U_PROCUREMENT_MasterJustificationBook_Navy_PB_2017.xml","9e49cdeea02b8dbbb466257ef555285a30cb599dfd57513cc5dc37c5f404bfa3","1-58aa624638d551eda7cb07b397507c97748549ad2edc5ff90a1c721a5f33e587","0","","","","","","","0-1c1a28a56492aae7463ccd816ce5c798db0f438e1389c40c223273b9e0f8191e","root.record.ItemExhibitList.P5Item"
"For FY 2018 EOQ/Long Lead","","0","","5.499","","2.234","","","","","","","","","","","","","","2017-BASE_PROCUREMENT-2017-NAVY_AIRCRAFT_BA7-U_PROCUREMENT_MasterJustificationBook_Navy_PB_2017.zzz_unzipped-U_PROCUREMENT_MasterJustificationBook_Navy_PB_2017.xml","9e49cdeea02b8dbbb466257ef555285a30cb599dfd57513cc5dc37c5f404bfa3","2-aa4b1376e8e7918f6a6a759f5da41338402d4edaa729e898b563bd772daa3cc9","0","","","","","","","0-1c1a28a56492aae7463ccd816ce5c798db0f438e1389c40c223273b9e0f8191e","root.record.ItemExhibitList.P5Item"
"For FY 2019 EOQ/Long Lead","","0","","4.296","","1.718","","","","","","","","","","","","","","2017-BASE_PROCUREMENT-2017-NAVY_AIRCRAFT_BA7-U_PROCUREMENT_MasterJustificationBook_Navy_PB_2017.zzz_unzipped-U_PROCUREMENT_MasterJustificationBook_Navy_PB_2017.xml","9e49cdeea02b8dbbb466257ef555285a30cb599dfd57513cc5dc37c5f404bfa3","3-4d564cc93c4a7dcf0a6437c8c4003229b54c2140f9f3901fdf08d2b7d453f03e","0","","","","","","","0-1c1a28a56492aae7463ccd816ce5c798db0f438e1389c40c223273b9e0f8191e","root.record.ItemExhibitList.P5Item"
"Airframe: EOQ","","12","92","0","","0","0","","","","","","N//A","N/A","12","12","","","2018-BASE_PROCUREMENT-2018-AIRFORCE_AIRCRAFT_VOL1-U_PROCUREMENT_JustificationBook_Air_Force_PB_2018.zzz_unzipped-U_PROCUREMENT_JustificationBook_Air_Force_PB_2018.xml","3013d2c99ef7883e19c7b93224fdff50f8c7263434425601604d25632bc020a5","0-c0bb44bd1d6e68eb5235d14fe2778492ca78669b53c45f76f2652d039963e4f0","","","","","","","","0-237cc3e049ead28d02d844089191d02a36b703bb395278bad0b1a38239643cb3","root.record.ItemExhibitList.P5Item"
"Airframe/Engines/Accessories: HC-130J Airframe Equipment","","12","48","0","","0","0","","","","","","Lockheed Martin","Marietta GA","12","12","","","2018-BASE_PROCUREMENT-2018-AIRFORCE_AIRCRAFT_VOL1-U_PROCUREMENT_JustificationBook_Air_Force_PB_2018.zzz_unzipped-U_PROCUREMENT_JustificationBook_Air_Force_PB_2018.xml","1064caa6aad62d617f267eeab8b71ff24316efc723669cb41e40e5531ed97467","0-3a79c9321870ea43c4fc89db59938b066ebb0c3f9ea81473d5bf53d90235ae3b","","","","","","","","0-b20860e00d1e09d15fb9c2d7428fe69c82aa76f4202086fa4885b91e47b1cf80","root.record.ItemExhibitList.P5Item"
"Airframe/Engines/Accessories: MC-130J Economic Order Quantity Items","","12","84","0","","0","0","","","","","","Lockheed Martin","Marietta GA","0","0","","","2018-BASE_PROCUREMENT-2018-AIRFORCE_AIRCRAFT_VOL1-U_PROCUREMENT_JustificationBook_Air_Force_PB_2018.zzz_unzipped-U_PROCUREMENT_JustificationBook_Air_Force_PB_2018.xml","5282f14dc345aeb069c9862d0a8e6f568c12f7a22a00e4757ffea9e6ec73b23d","0-b59c781ec50db657ac5d6020ee318c0862866fdf31da519e58698b6b8d7d6459","","","","","","","","0-ca02f1d34bae0f47ccabdeef46f71e47b292df9c9e0208ad841c23e28cbc6af2","root.record.ItemExhibitList.P5Item"
"Airframe: EOQ","","12","92","0","","0","0","","","","","","N//A","N/A","12","12","","","2018-BASE_PROCUREMENT-2018-AIRFORCE_AIRCRAFT_VOL2-U_PROCUREMENT_MasterJustificationBook_Air_Force_PB_2018.zzz_unzipped-U_PROCUREMENT_MasterJustificationBook_Air_Force_PB_2018.xml","f11abe99c918ba00d36c7bd6b850c69903d0cf64dd50e793b748479423a9a87c","0-8937ecb6b9de4e0394ed109ea1a77fb276e720df03c5c351eb2097f150f43626","","","","","","","","0-c5fdc3b2b34604a54a2d28368d084ff37e7b1de2fc25a5c720b3024c4a695ac5","root.record.ItemExhibitList.P5Item"
"Airframe/Engines/Accessories: HC-130J Airframe Equipment","","12","48","0","","0","0","","","","","","Lockheed Martin","Marietta GA","12","12","","","2018-BASE_PROCUREMENT-2018-AIRFORCE_AIRCRAFT_VOL2-U_PROCUREMENT_MasterJustificationBook_Air_Force_PB_2018.zzz_unzipped-U_PROCUREMENT_MasterJustificationBook_Air_Force_PB_2018.xml","52d3e8eceb99048e70461d8badb057e5f9170779e5b578ac08b8b3a06143352f","0-5195947b2452257711889066de5b23450298521ca69076ee7fffdc1de5cf38cf","","","","","","","","0-cd5541e26f38a48b254e07ec047d5e605148a6cb5c1c407cf538c98693ba2d23","root.record.ItemExhibitList.P5Item"
"Airframe/Engines/Accessories: MC-130J Economic Order Quantity Items","","12","84","0","","0","0","","","","","","Lockheed Martin","Marietta GA","0","0","","","2018-BASE_PROCUREMENT-2018-AIRFORCE_AIRCRAFT_VOL2-U_PROCUREMENT_MasterJustificationBook_Air_Force_PB_2018.zzz_unzipped-U_PROCUREMENT_MasterJustificationBook_Air_Force_PB_2018.xml","3a9accd390ed2b4c0db815f8762265e56f4da2f42dfd3f6bf46e7026cfaa4062","0-daa5268c4e6d975c1e27eee555c675338653618fc3bbd4fb9a33dcd6475a9b2d","","","","","","","","0-981124a59da7f5868db69e3fd77781bd50313b99215ee3da49a17690231387b6","root.record.ItemExhibitList.P5Item"
"EOQ","","0","20","","","","","","","","","","","","","","","","","2018-BASE_PROCUREMENT-2018-NAVY_AIRCRAFT_BA1-4-U_PROCUREMENT_JustificationBook_Navy_PB_2018.zzz_unzipped-U_PROCUREMENT_JustificationBook_Navy_PB_2018.xml","884853d3f623833755330fdfeb01cbd0fa45d96aca9a34b4c161d19194de04ae","0-d7efe75281f62b8c6222bc6a6f182358776041ae4f10854ca92f622ebf163ce7","0","","","","","","","0-fd60425100e51e0087b178d3eb27125216c202249f66076caa0c890e754e5634","root.record.ItemExhibitList.P5Item"
"For FY 2016 EOQ/Long Lead","","0","10.311","","","","","","","","","","","","","","","","","2018-BASE_PROCUREMENT-2018-NAVY_AIRCRAFT_BA1-4-U_PROCUREMENT_JustificationBook_Navy_PB_2018.zzz_unzipped-U_PROCUREMENT_JustificationBook_Navy_PB_2018.xml","42a9bfaff7425bfd11014b778f977fe624f874fdc0f448de452703de3c2e6635","0-82a1b548b137d6c47282d6e4601006378d36f72a982dfd1239b8b5fb823fae1a","0","","","","","","","0-88aa6bfa8a1cdc196bae7a2d32e9638fa1e71be745e8fa455e3891d069ec1a71","root.record.ItemExhibitList.P5Item"
"For FY 2017 EOQ/Long Lead","","0","2.234","","","5.499","","","","","","","","","","","","","","2018-BASE_PROCUREMENT-2018-NAVY_AIRCRAFT_BA1-4-U_PROCUREMENT_JustificationBook_Navy_PB_2018.zzz_unzipped-U_PROCUREMENT_JustificationBook_Navy_PB_2018.xml","42a9bfaff7425bfd11014b778f977fe624f874fdc0f448de452703de3c2e6635","1-4e9566bd61cd8867eba790de123de21c354bb51ed2afde146228fc4a01de0f02","0","","","","","","","0-88aa6bfa8a1cdc196bae7a2d32e9638fa1e71be745e8fa455e3891d069ec1a71","root.record.ItemExhibitList.P5Item"
"For FY 2018 EOQ/Long Lead","","0","2.234","","","5.499","","","","","","","","","","","","","","2018-BASE_PROCUREMENT-2018-NAVY_AIRCRAFT_BA1-4-U_PROCUREMENT_JustificationBook_Navy_PB_2018.zzz_unzipped-U_PROCUREMENT_JustificationBook_Navy_PB_2018.xml","42a9bfaff7425bfd11014b778f977fe624f874fdc0f448de452703de3c2e6635","2-7a7d7ee725721bfd9c3dd8a8d25ed23710f1ea7e61860b0f7cedfaf2494842ac","0","","","","","","","0-88aa6bfa8a1cdc196bae7a2d32e9638fa1e71be745e8fa455e3891d069ec1a71","root.record.ItemExhibitList.P5Item"
"For FY 2019 EOQ/Long Lead","","0","1.718","","","4.296","","","","","","","","","","","","","","2018-BASE_PROCUREMENT-2018-NAVY_AIRCRAFT_BA1-4-U_PROCUREMENT_JustificationBook_Navy_PB_2018.zzz_unzipped-U_PROCUREMENT_JustificationBook_Navy_PB_2018.xml","42a9bfaff7425bfd11014b778f977fe624f874fdc0f448de452703de3c2e6635","3-fa83ebd808981589571d6994476b96d6ca20d8f223faea1ed8448a88ba3ce15d","0","","","","","","","0-88aa6bfa8a1cdc196bae7a2d32e9638fa1e71be745e8fa455e3891d069ec1a71","root.record.ItemExhibitList.P5Item"
"EOQ","","0","20","","","","","","","","","","","","","","","","","2018-BASE_PROCUREMENT-2018-NAVY_AIRCRAFT_BA67-U_PROCUREMENT_MasterJustificationBook_Navy_PB_2018.zzz_unzipped-U_PROCUREMENT_MasterJustificationBook_Navy_PB_2018.xml","948f6040c68f10560d88ca67593f49078840d36a4407399d4922c6fc71ea8711","0-4ac286a4bbb471692cf728fcc819b1e76845a64e41dc3a5d48203170df1b665a","0","","","","","","","0-3bab21fbbefb94f7689783b6878ba888b693bee79e55f319013c0950ac419aa6","root.record.ItemExhibitList.P5Item"
"For FY 2016 EOQ/Long Lead","","0","10.311","","","","","","","","","","","","","","","","","2018-BASE_PROCUREMENT-2018-NAVY_AIRCRAFT_BA67-U_PROCUREMENT_MasterJustificationBook_Navy_PB_2018.zzz_unzipped-U_PROCUREMENT_MasterJustificationBook_Navy_PB_2018.xml","563e660848952195fe462412de0356b04bd931dcd9d28e0cfb748a4d7c404469","0-ab6a055c51387272aebd6bb54ca26c0671b4a172276119c9edd8a6a2db7b5c80","0","","","","","","","0-cae67f7037d831af0c8a3430430d2b94f1924d66f9fceb2ce36869157228084a","root.record.ItemExhibitList.P5Item"
"For FY 2017 EOQ/Long Lead","","0","2.234","","","5.499","","","","","","","","","","","","","","2018-BASE_PROCUREMENT-2018-NAVY_AIRCRAFT_BA67-U_PROCUREMENT_MasterJustificationBook_Navy_PB_2018.zzz_unzipped-U_PROCUREMENT_MasterJustificationBook_Navy_PB_2018.xml","563e660848952195fe462412de0356b04bd931dcd9d28e0cfb748a4d7c404469","1-fb01c27a79ca4019e4b629fbea3738e87625d4b51b3b831f21f5b93a9b7837c0","0","","","","","","","0-cae67f7037d831af0c8a3430430d2b94f1924d66f9fceb2ce36869157228084a","root.record.ItemExhibitList.P5Item"
"For FY 2018 EOQ/Long Lead","","0","2.234","","","5.499","","","","","","","","","","","","","","2018-BASE_PROCUREMENT-2018-NAVY_AIRCRAFT_BA67-U_PROCUREMENT_MasterJustificationBook_Navy_PB_2018.zzz_unzipped-U_PROCUREMENT_MasterJustificationBook_Navy_PB_2018.xml","563e660848952195fe462412de0356b04bd931dcd9d28e0cfb748a4d7c404469","2-594fde3f29a3bae89cfe8c8306a1ebae8d2aaf0080cb69205c09431d10cbf25e","0","","","","","","","0-cae67f7037d831af0c8a3430430d2b94f1924d66f9fceb2ce36869157228084a","root.record.ItemExhibitList.P5Item"
"For FY 2019 EOQ/Long Lead","","0","1.718","","","4.296","","","","","","","","","","","","","","2018-BASE_PROCUREMENT-2018-NAVY_AIRCRAFT_BA67-U_PROCUREMENT_MasterJustificationBook_Navy_PB_2018.zzz_unzipped-U_PROCUREMENT_MasterJustificationBook_Navy_PB_2018.xml","563e660848952195fe462412de0356b04bd931dcd9d28e0cfb748a4d7c404469","3-da1751b7bcf4a2af71dc9bc686a06a7935d6118d331c1f18eb9b4e452dbd9578","0","","","","","","","0-cae67f7037d831af0c8a3430430d2b94f1924d66f9fceb2ce36869157228084a","root.record.ItemExhibitList.P5Item"
"Airframe/Engines/Accessories: HC-130J Airframe Equipment","","12","0","0","","0","0","","","","","","Lockheed Martin","Marietta GA","0","0","","","2019-BASE_PROCUREMENT-2019-AIRFORCE_AIRCRAFT_VOL1-U_PROCUREMENT_JustificationBook_Air_Force_PB_2019.zzz_unzipped-U_PROCUREMENT_JustificationBook_Air_Force_PB_2019.xml","e0673cb2550f564aa6d42ffc7db17b338b0ea30ff6cefba724dc2156b2ca7f51","0-ebca539a14bd3aebb911e13a1b52dac597266db5917ec1d7199965e529a95a1a","","","","","","","","0-4957b15527903f58ac5bd100bf87589fa9d2bb5438b9574ee98911fe60bc6d8c","root.record.ItemExhibitList.P5Item"
"Airframe/Engines/Accessories: MC-130J Economic Order Quantity Items","","12","84","0","","0","88","","","","","","Lockheed Martin","Marietta GA","12","12","","","2019-BASE_PROCUREMENT-2019-AIRFORCE_AIRCRAFT_VOL1-U_PROCUREMENT_JustificationBook_Air_Force_PB_2019.zzz_unzipped-U_PROCUREMENT_JustificationBook_Air_Force_PB_2019.xml","48d362fea8109f02805de255b38f14c8d3354fa434f24d725ad243831a52ca04","0-d64b1e05643a4b413b31bd27e8cce2e52bd885fe322234875d2b7092a4d40c83","","","","","","","","0-01ae80aace93f4c28560856da917bc5fe4bad334bf9cf986d9088857f26bf602","root.record.ItemExhibitList.P5Item"
"Airframe/Engines/Accessories: HC-130J Airframe Equipment","","12","0","0","","0","0","","","","","","Lockheed Martin","Marietta GA","0","0","","","2019-BASE_PROCUREMENT-2019-AIRFORCE_AIRCRAFT_VOL2-U_PROCUREMENT_MasterJustificationBook_Air_Force_PB_2019.zzz_unzipped-U_PROCUREMENT_MasterJustificationBook_Air_Force_PB_2019.xml","4ea7dbeed17529286c356893bd67d91b274d260621fb5a5444bb33e07128c318","0-b85de994ad7432fb485ca999dbf5b29f3524b1725e3ad784eeeedc8817611a1d","","","","","","","","0-a226d81818efce17da5f8b2b5d0b881658f4b6639720f39a5be6d10943dccf05","root.record.ItemExhibitList.P5Item"
"Airframe/Engines/Accessories: MC-130J Economic Order Quantity Items","","12","84","0","","0","88","","","","","","Lockheed Martin","Marietta GA","12","12","","","2019-BASE_PROCUREMENT-2019-AIRFORCE_AIRCRAFT_VOL2-U_PROCUREMENT_MasterJustificationBook_Air_Force_PB_2019.zzz_unzipped-U_PROCUREMENT_MasterJustificationBook_Air_Force_PB_2019.xml","25050f3609f71c4e582f0bda0141fc2b15087f0de79e5b8d4a91232f00b6bcb3","0-00db864f5742a770c3bb0f2499435471ffcaee322599f0cbd273055576448b03","","","","","","","","0-eaafc920e5e87dd6927b7b349e9467a769598e8323d9dfc6109727cc4ab01ab1","root.record.ItemExhibitList.P5Item"
"For FY 2016 EOQ/Long Lead","","0","10.311","","","","","","","","","","","","","","","","","2019-BASE_PROCUREMENT-2019-NAVY_AIRCRAFT_BA1-4-U_PROCUREMENT_JustificationBook_Navy_PB_2019.zzz_unzipped-U_PROCUREMENT_JustificationBook_Navy_PB_2019.xml","7c17b00b2a043b33a8b058ad62ddfe34d1b550615c7f7ab07f5b46ea75fdd501","0-c0e039db66e895e24b9e65fb10e4f09d820b6ae487855c2d7be962b1ed4b49ce","0","","","","","","","0-282c5addea84fbe7a7dd910e351cbb9c053fad6fc29cf28017ab91bdf3bb9c05","root.record.ItemExhibitList.P5Item"
"For FY 2017 EOQ/Long Lead","","0","7.733","","","","","","","","","","","","","","","","","2019-BASE_PROCUREMENT-2019-NAVY_AIRCRAFT_BA1-4-U_PROCUREMENT_JustificationBook_Navy_PB_2019.zzz_unzipped-U_PROCUREMENT_JustificationBook_Navy_PB_2019.xml","7c17b00b2a043b33a8b058ad62ddfe34d1b550615c7f7ab07f5b46ea75fdd501","1-1f636d98525552562ae5e83f5c21782e098a2e81300dd9b5246e4120af5bc43b","0","","","","","","","0-282c5addea84fbe7a7dd910e351cbb9c053fad6fc29cf28017ab91bdf3bb9c05","root.record.ItemExhibitList.P5Item"
"For FY 2018 EOQ/Long Lead","","0","7.733","","","","","","","","","","","","","","","","","2019-BASE_PROCUREMENT-2019-NAVY_AIRCRAFT_BA1-4-U_PROCUREMENT_JustificationBook_Navy_PB_2019.zzz_unzipped-U_PROCUREMENT_JustificationBook_Navy_PB_2019.xml","7c17b00b2a043b33a8b058ad62ddfe34d1b550615c7f7ab07f5b46ea75fdd501","2-7ecc70e7ac330beb18c59e15ef3f34597eaf34e10804b545c869b24f74007c28","0","","","","","","","0-282c5addea84fbe7a7dd910e351cbb9c053fad6fc29cf28017ab91bdf3bb9c05","root.record.ItemExhibitList.P5Item"
"For FY 2019 EOQ/Long Lead","","0","6.014","","","","","","","","","","","","","","","","","2019-BASE_PROCUREMENT-2019-NAVY_AIRCRAFT_BA1-4-U_PROCUREMENT_JustificationBook_Navy_PB_2019.zzz_unzipped-U_PROCUREMENT_JustificationBook_Navy_PB_2019.xml","7c17b00b2a043b33a8b058ad62ddfe34d1b550615c7f7ab07f5b46ea75fdd501","3-aec3ec4013b9b54d665a6875f207f36a012ea259a7ae1bb19328fe76d12cf739","0","","","","","","","0-282c5addea84fbe7a7dd910e351cbb9c053fad6fc29cf28017ab91bdf3bb9c05","root.record.ItemExhibitList.P5Item"
"For FY 2016 EOQ/Long Lead","","0","10.311","","","","","","","","","","","","","","","","","2019-BASE_PROCUREMENT-2019-NAVY_AIRCRAFT_BA67-U_PROCUREMENT_MasterJustificationBook_Navy_PB_2019.zzz_unzipped-U_PROCUREMENT_MasterJustificationBook_Navy_PB_2019.xml","8f52259071c6225a871cf57ae16fdf94cec986e091adb4cd8a148468102d37e3","0-4757f01f68e0f76d39b07165563bbd8064bd1b75bc85d091c521fa8916352da1","0","","","","","","","0-92f1511d3bd6c932a67b098704366f25661cac407ce177d528bb4998bc6541a9","root.record.ItemExhibitList.P5Item"
"For FY 2017 EOQ/Long Lead","","0","7.733","","","","","","","","","","","","","","","","","2019-BASE_PROCUREMENT-2019-NAVY_AIRCRAFT_BA67-U_PROCUREMENT_MasterJustificationBook_Navy_PB_2019.zzz_unzipped-U_PROCUREMENT_MasterJustificationBook_Navy_PB_2019.xml","8f52259071c6225a871cf57ae16fdf94cec986e091adb4cd8a148468102d37e3","1-60dbb627ec6df83ac43b8d80daaffdf8a81497841f244d1b03275531ee8aeaa6","0","","","","","","","0-92f1511d3bd6c932a67b098704366f25661cac407ce177d528bb4998bc6541a9","root.record.ItemExhibitList.P5Item"
"For FY 2018 EOQ/Long Lead","","0","7.733","","","","","","","","","","","","","","","","","2019-BASE_PROCUREMENT-2019-NAVY_AIRCRAFT_BA67-U_PROCUREMENT_MasterJustificationBook_Navy_PB_2019.zzz_unzipped-U_PROCUREMENT_MasterJustificationBook_Navy_PB_2019.xml","8f52259071c6225a871cf57ae16fdf94cec986e091adb4cd8a148468102d37e3","2-e9f3b141212d087379061edd8a63586339c6200f3b050ff127f5dac302f68697","0","","","","","","","0-92f1511d3bd6c932a67b098704366f25661cac407ce177d528bb4998bc6541a9","root.record.ItemExhibitList.P5Item"
"For FY 2019 EOQ/Long Lead","","0","6.014","","","","","","","","","","","","","","","","","2019-BASE_PROCUREMENT-2019-NAVY_AIRCRAFT_BA67-U_PROCUREMENT_MasterJustificationBook_Navy_PB_2019.zzz_unzipped-U_PROCUREMENT_MasterJustificationBook_Navy_PB_2019.xml","8f52259071c6225a871cf57ae16fdf94cec986e091adb4cd8a148468102d37e3","3-0f6f75aaf21c101c2c5d003d467ebe296520b5d27ca724b470c0ee3467edaf50","0","","","","","","","0-92f1511d3bd6c932a67b098704366f25661cac407ce177d528bb4998bc6541a9","root.record.ItemExhibitList.P5Item"
"Airframe/Engines/Accessories: MC-130J Economic Order Quantity Items","","12","","88","","","","","","","","","","","","","","","","2020-BASE_PROCUREMENT-2020-AIRFORCE_AIRCRAFT_VOL1-U_PROCUREMENT_JustificationBook_Air_Force_PB_2020.zzz_unzipped-U_PROCUREMENT_JustificationBook_Air_Force_PB_2020.xml","3a9f3c7050929e925bf578049fe78dd3bcde399b66f1b65c09b7388bb0c772a3","0-cc2fb8cb6abe78785fb68543eebad8f403740203a7ac54a844c95ba60347fc46","","","","","","","","0-d2998d9263dae3833830663ceb0fdca39fd6b74d9242e1b1356ef8f35b5212c9","root.record.ItemExhibitList.P5Item"
"Airframe/Engines/Accessories: MC-130J Economic Order Quantity Items","","12","","88","","","","","","","","","","","","","","","","2020-BASE_PROCUREMENT-2020-AIRFORCE_AIRCRAFT_VOL2-U_PROCUREMENT_MasterJustificationBook_Air_Force_PB_2020.zzz_unzipped-U_PROCUREMENT_MasterJustificationBook_Air_Force_PB_2020.xml","fbeb7d92a6f93f3229425ab3e79909b0c2623c52de8fc6dc289624a0a85bf926","0-9610112ffacc4329db1edd2cd90e88c4f6b0806e2e7db0f1358a58606f9959c7","","","","","","","","0-cbb0ec1a73359d304a1ca0c7adf1350cb7050a0745058a3e8af27f5c7fa9d626","root.record.ItemExhibitList.P5Item"
"Aegis Advanced Procurement","","0","","","","","96.995","","","","","","","","","","","","","2020-BASE_PROCUREMENT-2020-DEFENSE_MDA_VOL2-U_PROCUREMENT_JustificationBook_Missile_Defense_Agency_PB_2020.zzz_unzipped-U_PROCUREMENT_JustificationBook_Missile_Defense_Agency_PB_2020.xml","4312f1211b5468e3c9edc9895a2a0df252b271fe5fd3a59ae1e837c13f76ca57","0-273d239ca08555bc621fed19a2d4a0f305b5fba8d7049029ebb4cee7a4d39a92","0","","","","","","","0-4d6d722517cbbf572aef3619a539fb121cbbe9dd70a03dd2541d5b0e9424656e","root.record.ItemExhibitList.P5Item"
"Aegis Advanced Procurement","","0","","","","","96.995","","","","","","","","","","","","","2020-BASE_PROCUREMENT-2020-DEFENSE_MDA_VOL2-U_PROCUREMENT_MasterJustificationBook_Missile_Defense_Agency_PB_2020.zzz_unzipped-U_PROCUREMENT_MasterJustificationBook_Missile_Defense_Agency_PB_2020.xml","b483ba9211e1f8f6912c501556535a8507377297755238b0c1f65c453549737d","0-76a97ad8b3e1b1113cf03046f4223fb0999d3873c0db90281799c7cf1e6e57e2","0","","","","","","","0-011f288ee538167b86420a771a5589c4d9cb2adb396dec2bb0036f6f5ee8ee8f","root.record.ItemExhibitList.P5Item"
"For FY 2016 EOQ/Long Lead","","0","10.311","","","","","","","","","","","","","","","","","2020-BASE_PROCUREMENT-2020-NAVY_AIRCRAFT_BA1-4-U_PROCUREMENT_JustificationBook_Navy_PB_2020.zzz_unzipped-U_PROCUREMENT_JustificationBook_Navy_PB_2020.xml","7f283f1c82e586b2143bd7f4ec4766cf38bff0ab2f782dd7c7ee4ab0fa053df2","0-a3073dbab14e3460b7d6767f5f7aaa90d010ff4392dd4c6aa7916ec15fe452e1","0","","","","","","","0-6a68707534a7ef5e64f9acffece063b780ba7e624fa7ca08f492ab87be8829fc","root.record.ItemExhibitList.P5Item"
"For FY 2017 EOQ/Long Lead","","0","7.733","","","","","","","","","","","","","","","","","2020-BASE_PROCUREMENT-2020-NAVY_AIRCRAFT_BA1-4-U_PROCUREMENT_JustificationBook_Navy_PB_2020.zzz_unzipped-U_PROCUREMENT_JustificationBook_Navy_PB_2020.xml","7f283f1c82e586b2143bd7f4ec4766cf38bff0ab2f782dd7c7ee4ab0fa053df2","1-6386a5c2dba43227633dce7ea886ac061dfea90feb7ddef36ff8134b7b7ad203","0","","","","","","","0-6a68707534a7ef5e64f9acffece063b780ba7e624fa7ca08f492ab87be8829fc","root.record.ItemExhibitList.P5Item"
"For FY 2018 EOQ/Long Lead","","0","7.733","","","","","","","","","","","","","","","","","2020-BASE_PROCUREMENT-2020-NAVY_AIRCRAFT_BA1-4-U_PROCUREMENT_JustificationBook_Navy_PB_2020.zzz_unzipped-U_PROCUREMENT_JustificationBook_Navy_PB_2020.xml","7f283f1c82e586b2143bd7f4ec4766cf38bff0ab2f782dd7c7ee4ab0fa053df2","2-322eecc6cb7cafa488b98eed805472110383d117280b008783b7a50927a0b349","0","","","","","","","0-6a68707534a7ef5e64f9acffece063b780ba7e624fa7ca08f492ab87be8829fc","root.record.ItemExhibitList.P5Item"
"For FY 2019 EOQ/Long Lead","","0","6.014","","","","","","","","","","","","","","","","","2020-BASE_PROCUREMENT-2020-NAVY_AIRCRAFT_BA1-4-U_PROCUREMENT_JustificationBook_Navy_PB_2020.zzz_unzipped-U_PROCUREMENT_JustificationBook_Navy_PB_2020.xml","7f283f1c82e586b2143bd7f4ec4766cf38bff0ab2f782dd7c7ee4ab0fa053df2","3-5e574ec573c34c1393ba5f2179ac7434fae8e8828bf7ed6e8b5c0acf39f7f779","0","","","","","","","0-6a68707534a7ef5e64f9acffece063b780ba7e624fa7ca08f492ab87be8829fc","root.record.ItemExhibitList.P5Item"
"For FY 2016 EOQ/Long Lead","","0","10.311","","","","","","","","","","","","","","","","","2020-BASE_PROCUREMENT-2020-NAVY_AIRCRAFT_BA6-7-U_PROCUREMENT_MasterJustificationBook_Navy_PB_2020.zzz_unzipped-U_PROCUREMENT_MasterJustificationBook_Navy_PB_2020.xml","2a5747d7166b3d9c03a53409f84ae2a38cc0e5f64d865b9bcce817240891ef75","0-b4088f8989bb04a9ae950feb0c6fdc24b07d7518a1762242305875c2cfe0151f","0","","","","","","","0-aa8d7923e38d70901cae6dafa61d33940d1b1edaf7de0dad1931dc6eaac6597b","root.record.ItemExhibitList.P5Item"
"For FY 2017 EOQ/Long Lead","","0","7.733","","","","","","","","","","","","","","","","","2020-BASE_PROCUREMENT-2020-NAVY_AIRCRAFT_BA6-7-U_PROCUREMENT_MasterJustificationBook_Navy_PB_2020.zzz_unzipped-U_PROCUREMENT_MasterJustificationBook_Navy_PB_2020.xml","2a5747d7166b3d9c03a53409f84ae2a38cc0e5f64d865b9bcce817240891ef75","1-2bfc2005751d613ec074751b58697d561e9944de6440acdc77c8bc2c03346f9d","0","","","","","","","0-aa8d7923e38d70901cae6dafa61d33940d1b1edaf7de0dad1931dc6eaac6597b","root.record.ItemExhibitList.P5Item"
"For FY 2018 EOQ/Long Lead","","0","7.733","","","","","","","","","","","","","","","","","2020-BASE_PROCUREMENT-2020-NAVY_AIRCRAFT_BA6-7-U_PROCUREMENT_MasterJustificationBook_Navy_PB_2020.zzz_unzipped-U_PROCUREMENT_MasterJustificationBook_Navy_PB_2020.xml","2a5747d7166b3d9c03a53409f84ae2a38cc0e5f64d865b9bcce817240891ef75","2-4fd94d65eb5cab561d9253886e34a8a655c0dce225615fc5f857600b73a7d8c8","0","","","","","","","0-aa8d7923e38d70901cae6dafa61d33940d1b1edaf7de0dad1931dc6eaac6597b","root.record.ItemExhibitList.P5Item"
"For FY 2019 EOQ/Long Lead","","0","6.014","","","","","","","","","","","","","","","","","2020-BASE_PROCUREMENT-2020-NAVY_AIRCRAFT_BA6-7-U_PROCUREMENT_MasterJustificationBook_Navy_PB_2020.zzz_unzipped-U_PROCUREMENT_MasterJustificationBook_Navy_PB_2020.xml","2a5747d7166b3d9c03a53409f84ae2a38cc0e5f64d865b9bcce817240891ef75","3-9ea908b8cd8d0857ee49dd1df12b476eeb7919c08247aac3f35aef2e9942a99e","0","","","","","","","0-aa8d7923e38d70901cae6dafa61d33940d1b1edaf7de0dad1931dc6eaac6597b","root.record.ItemExhibitList.P5Item"
