Name_val,Name_@footnote,WhenRequiredInMonths_val,Cost_AllPriorYears_val,Cost_CurrentYear_val,Cost_Total_val,Cost_PriorYear_val,Cost_BudgetYearOne_val,Cost_BudgetYearTwo_val,Cost_BudgetYearThree_val,Cost_BudgetYearFour_val,Cost_BudgetYearFive_val,Cost_ToComplete_val,ManufacturerList_Manufacturer_Name_val,ManufacturerList_Manufacturer_Location_val,ManufacturerList_Manufacturer_InitialQuantity_ProductionLeadTimeAfterOct1InMonths_val,ManufacturerList_Manufacturer_InitialQuantity_TotalLeadTimeAfterOct1InMonths_val,ManufacturerList_Manufacturer_InitialQuantity_AdminLeadTimeBeforeOct1InMonths_val,ManufacturerList_Manufacturer_InitialQuantity_AdminLeadTimeAfterOct1InMonths_val,@SOURCE_FILENAME,@RECORDID,@ROWID,QuantityPerAssembly_val,QuantityForBudgetYearList_QuantityForBudgetYear_BudgetYear_val,QuantityForBudgetYearList_QuantityForBudgetYear_Cost_BudgetYearOne_val,QuantityForBudgetYearList_QuantityForBudgetYear_Cost_BudgetYearTwo_val,QuantityForBudgetYearList_QuantityForBudgetYear_Cost_Total_val,QuantityForBudgetYearList_QuantityForBudgetYear_Cost_BudgetYearThree_val,QuantityForBudgetYearList_QuantityForBudgetYear_Cost_BudgetYearFive_val,@PARENTROWID,@PARENT
"Equipment","","30","130","92","222","","","","","","","","Lockheed Martin","Marietta GA","0","0","","","2015-BASE_PROCUREMENT-2015-AIRFORCE_AIRCRAFT_VOL1-PROCUREMENT_JustificationBook_Air_Force_PB_2015.zzz_unzipped-PROCUREMENT_JustificationBook_Air_Force_PB_2015.xml","6ba238e5761c0b5cdb4005cd9d3b0ebd730c7a47c72ec72a3cb63b26a07450e3","0-b3b13fe3f8f1f45c46872fcbe3c6db4cb235efbba955ea76db74e92e2354d082","","","","","","","","0-8c8dda82c11c4ef478ed3c571db47641e53b77515015a31c2bc005fa39669333","root.record.ItemExhibitList.P5Item"
"Equipment","","12","","48","48","","","","","","","","Lockheed Martin","Marietta GA","0","0","","","2015-BASE_PROCUREMENT-2015-AIRFORCE_AIRCRAFT_VOL1-PROCUREMENT_JustificationBook_Air_Force_PB_2015.zzz_unzipped-PROCUREMENT_JustificationBook_Air_Force_PB_2015.xml","565aa015362bd445cc082985b6e24c13e2957f8c30a9dfbe4c0bd8a663cbe70f","0-23b9222aaa1ebb3b5a39fc0aecd8a298a1ff9ae73382f8196d362b00f90a64ab","","","","","","","","0-9079f0bacd04ffb07f2573d5818bbd4643a80e52d7217af6dd929ae9fcf93297","root.record.ItemExhibitList.P5Item"
"Equipment","","12","0.000","84","84","","","","","","","","Lockheed Martin","Marietta GA","0","0","","","2015-BASE_PROCUREMENT-2015-AIRFORCE_AIRCRAFT_VOL1-PROCUREMENT_JustificationBook_Air_Force_PB_2015.zzz_unzipped-PROCUREMENT_JustificationBook_Air_Force_PB_2015.xml","17ab19c784929a028c69ad970f12cd0eee00de512acf9833a5336d1e8a33db11","0-27aa02d6e48bf91d3254cce919dfe6f075d0a68df38908ece2f8e388ff12f373","","","","","","","","0-f4c88c1f04db7be37910e3701267e5309c93b34dd88310150da31f4b5621a9d3","root.record.ItemExhibitList.P5Item"
"AVIONICS","","0","37.969","0.000","37.969","0.000","0.000","0.000","0.000","0.000","0.000","0.000","","","","","","","2015-BASE_PROCUREMENT-2015-AIRFORCE_AIRCRAFT_VOL1-PROCUREMENT_JustificationBook_Air_Force_PB_2015.zzz_unzipped-PROCUREMENT_JustificationBook_Air_Force_PB_2015.xml","ba7a55b890941cc9f4565d78cfacfc7950f69af2644c25b93e58b8043154ba13","0-c7c7ae4d4d3fe86a4e7b323463e65cca1f37fb75b9626f51983943f2bc1d4ab6","","","","","","","","0-7ae32f6945c5742d55c39f03badb841ab14aab7b8cc9c7eb012705ac1ce2319b","root.record.ItemExhibitList.P5Item"
"Equipment","","30","130","92","222","","","","","","","","Lockheed Martin","Marietta GA","0","0","","","2015-BASE_PROCUREMENT-2015-AIRFORCE_AIRCRAFT_VOL2-PROCUREMENT_MasterJustificationBook_Air_Force_PB_2015.zzz_unzipped-PROCUREMENT_MasterJustificationBook_Air_Force_PB_2015.xml","8e9b86220f90ce455a14b686aeeb045957500e61279471fc35c4187b1270e5ed","0-c0b1b0c69db3ac28f6f30493a76d3bccd1f7d35456aceb2e2b4acaa0437fa2fc","","","","","","","","0-4a5b4ae7920243a8b3ff7288d10d8291774d9f2b34bcf8d95284149f0785d437","root.record.ItemExhibitList.P5Item"
"Equipment","","12","","48","48","","","","","","","","Lockheed Martin","Marietta GA","0","0","","","2015-BASE_PROCUREMENT-2015-AIRFORCE_AIRCRAFT_VOL2-PROCUREMENT_MasterJustificationBook_Air_Force_PB_2015.zzz_unzipped-PROCUREMENT_MasterJustificationBook_Air_Force_PB_2015.xml","9d38bc75efdc1bb24fa15dd6fdcc79dd0ddabb23d16bb5fb0fb72b4ecbbd10cc","0-d1531d867c82844802af6d927c4100d228668a0987d4733ebee020982705c032","","","","","","","","0-d7bab4f4e652ce7d884ed94f8d2be2665fb3d6fb58d0ba76581a091630312a2c","root.record.ItemExhibitList.P5Item"
"Equipment","","12","0.000","84","84","","","","","","","","Lockheed Martin","Marietta GA","0","0","","","2015-BASE_PROCUREMENT-2015-AIRFORCE_AIRCRAFT_VOL2-PROCUREMENT_MasterJustificationBook_Air_Force_PB_2015.zzz_unzipped-PROCUREMENT_MasterJustificationBook_Air_Force_PB_2015.xml","a97dfc5ffa5535857cd61c3c158de84a1441decc875ced08ad568ff95d020f85","0-db4550935b0589f1f88158b1966b08608c400ce57baf1384d7d9feadb162635b","","","","","","","","0-149d2c2f77dc80e4559c58b3ed59d9ea5d6b54098ffb45862f39a7d6cbef9c6a","root.record.ItemExhibitList.P5Item"
"AVIONICS","","0","37.969","0.000","37.969","0.000","0.000","0.000","0.000","0.000","0.000","0.000","","","","","","","2015-BASE_PROCUREMENT-2015-AIRFORCE_AIRCRAFT_VOL2-PROCUREMENT_MasterJustificationBook_Air_Force_PB_2015.zzz_unzipped-PROCUREMENT_MasterJustificationBook_Air_Force_PB_2015.xml","b1952ce40545e9f4efa9c33592b95ccb07e147da54dfcd401b9d7ac8ae77b263","0-8d71405c694838ae4355407266a752e78bbe2c579471282e47ee533fc4fb0038","","","","","","","","0-9a4e838a8afda5aa1a81899b577fa42f57e99fd12f941eae52d5a6e65a3f36c5","root.record.ItemExhibitList.P5Item"
"Equipment","","30","130","92","222","","","","","","","","Lockheed Martin","Marietta GA","0","0","","","2015-AMENDED_PROCUREMENT_AND_RDTE-2015-AIRFORCE_AMMO-PROCUREMENT_JustificationBook_Air_Force_PBAmended_2015.zzz_unzipped-PROCUREMENT_JustificationBook_Air_Force_PBAmended_2015.xml","d27cefc2bb72e82de7748f7a1d1ff2a8ff7ad30cf7027a91e47ee29dad986610","0-cc1c9f02bca737cfb92da804f91580c9b18b97ff14ad901e6c7c7b24ff5f131e","","","","","","","","0-ba962233a155089c81e88449514e806eb7a437972247e6a342719b5e048feeed","root.record.ItemExhibitList.P5Item"
"Equipment","","30","130","92","222","","","","","","","","Lockheed Martin","Marietta GA","0","0","","","2015-AMENDED_PROCUREMENT_AND_RDTE-2015-AIRFORCE_AMMO-PROCUREMENT_MasterJustificationBook_Air_Force_PBAmended_2015.zzz_unzipped-PROCUREMENT_MasterJustificationBook_Air_Force_PBAmended_2015.xml","04277271467c34157fc353a716c1236673a9ef09c1f838c7ec2af5d1128b21cc","0-85540c3824fcc09c861bff2142d6b8acd33aa9b6323cb12e7d560e0061dec2d6","","","","","","","","0-7356058be8f9fa46bcfc74c16db44626c871c85d31adae08b8f2cf5fb4ef22c7","root.record.ItemExhibitList.P5Item"
"EOQ/Long Lead (Prior Years)","","0","364.235","","","","","","","","","","","","","","","","2015-BASE_PROCUREMENT-2015-NAVY_AIRCRAFT_BA1-4-PROCUREMENT_JustificationBook_Navy_PB_2015.zzz_unzipped-PROCUREMENT_JustificationBook_Navy_PB_2015.xml","48f6b8699221f3e621f55ebba855cb1794dbaafbd743491e9c65abb9eeb0f231","0-577dc16c2110e1ffe076e2a2070d21852b1a80f667bab234ebcc590ad9bf46b2","0","","","","","","","0-c3622d10886d82b563085a34b986e5962f00cbc8a6ae16593e81e6422b10c97e","root.record.ItemExhibitList.P5Item"
"EOQ","","0","","20","","","","","","","","","","","","","","","2015-BASE_PROCUREMENT-2015-NAVY_AIRCRAFT_BA1-4-PROCUREMENT_JustificationBook_Navy_PB_2015.zzz_unzipped-PROCUREMENT_JustificationBook_Navy_PB_2015.xml","8a29ac5395f79b6dc1830d8a82d0129790da72d726192a8783850762f495d4dd","0-865d0fdcba29dc42ba8055ec779b180c66d0089b52df7c98e1b0d6b3994130de","0","","","","","","","0-47178239dca54ee4f755013669fa9457870e8b7b70795bb14a851e542d3de216","root.record.ItemExhibitList.P5Item"
"Airframe For FY 2013 EOQ/Long Lead","","0","38.984","","","","","","","","","","","","","","","","2015-BASE_PROCUREMENT-2015-NAVY_AIRCRAFT_BA1-4-PROCUREMENT_JustificationBook_Navy_PB_2015.zzz_unzipped-PROCUREMENT_JustificationBook_Navy_PB_2015.xml","06680dc3836a209524618651e0446b6a8dc3c6f52cea62a6d53ecda252f45665","0-b96dcf743510fba3ce92ccef41064024be131c987045de1945b43b8b6e66e918","0","","","","","","","0-64a1835b3f2b812056085f2cb87a20d7cd8dd5085b3703cf520b396a30dad3bc","root.record.ItemExhibitList.P5Item"
"Airframe For FY 2014 EOQ/Long Lead","","0","3.037","","","50.688","","","","","","","","","","","","","2015-BASE_PROCUREMENT-2015-NAVY_AIRCRAFT_BA1-4-PROCUREMENT_JustificationBook_Navy_PB_2015.zzz_unzipped-PROCUREMENT_JustificationBook_Navy_PB_2015.xml","06680dc3836a209524618651e0446b6a8dc3c6f52cea62a6d53ecda252f45665","1-5c43ead5ce2cd27aca87d737d23be85dd60f7539ad8be38fa4f222b2a5a29f11","0","","","","","","","0-64a1835b3f2b812056085f2cb87a20d7cd8dd5085b3703cf520b396a30dad3bc","root.record.ItemExhibitList.P5Item"
"Airframe For FY 2015 EOQ/Long Lead","","0","1.961","80.734","","4.047","","","","","","","","","","","","","2015-BASE_PROCUREMENT-2015-NAVY_AIRCRAFT_BA1-4-PROCUREMENT_JustificationBook_Navy_PB_2015.zzz_unzipped-PROCUREMENT_JustificationBook_Navy_PB_2015.xml","06680dc3836a209524618651e0446b6a8dc3c6f52cea62a6d53ecda252f45665","2-bbe55d2244d539e48ad38ee87bc89c3c566be9c7e7d83759624e27576edc874a","0","","","","","","","0-64a1835b3f2b812056085f2cb87a20d7cd8dd5085b3703cf520b396a30dad3bc","root.record.ItemExhibitList.P5Item"
"Airframe For FY 2016 EOQ/Long Lead","","0","2.338","3.692","","3.737","85.828","","","","","","","","","","","","2015-BASE_PROCUREMENT-2015-NAVY_AIRCRAFT_BA1-4-PROCUREMENT_JustificationBook_Navy_PB_2015.zzz_unzipped-PROCUREMENT_JustificationBook_Navy_PB_2015.xml","06680dc3836a209524618651e0446b6a8dc3c6f52cea62a6d53ecda252f45665","3-27122fcc8dcf8830893b8ba11000b35b38695d6a36fd54d6c134bc1df735152a","0","","","","","","","0-64a1835b3f2b812056085f2cb87a20d7cd8dd5085b3703cf520b396a30dad3bc","root.record.ItemExhibitList.P5Item"
"CC/Avionics For FY 2013 EOQ/Long Lead","","0","59","","","","","","","","","","","","","","","","2015-BASE_PROCUREMENT-2015-NAVY_AIRCRAFT_BA1-4-PROCUREMENT_JustificationBook_Navy_PB_2015.zzz_unzipped-PROCUREMENT_JustificationBook_Navy_PB_2015.xml","06680dc3836a209524618651e0446b6a8dc3c6f52cea62a6d53ecda252f45665","4-021e3abddb6461009a872bfaa09fa4a82a045a87a722c0ee952d61660c8ad9f4","0","","","","","","","0-64a1835b3f2b812056085f2cb87a20d7cd8dd5085b3703cf520b396a30dad3bc","root.record.ItemExhibitList.P5Item"
"CC/Avionics For FY 2014 EOQ/Long Lead","","0","55.586","","","25.249","","","","","","","","","","","","","2015-BASE_PROCUREMENT-2015-NAVY_AIRCRAFT_BA1-4-PROCUREMENT_JustificationBook_Navy_PB_2015.zzz_unzipped-PROCUREMENT_JustificationBook_Navy_PB_2015.xml","06680dc3836a209524618651e0446b6a8dc3c6f52cea62a6d53ecda252f45665","5-e6c564ca42caf54ba5b04f4a5d6f81ab87c1a28c7b2a94b86d1fb31de920cc1f","0","","","","","","","0-64a1835b3f2b812056085f2cb87a20d7cd8dd5085b3703cf520b396a30dad3bc","root.record.ItemExhibitList.P5Item"
"CC/Avionics For FY 2015 EOQ/Long Lead","","0","4.5","30.89","","70.673","","","","","","","","","","","","","2015-BASE_PROCUREMENT-2015-NAVY_AIRCRAFT_BA1-4-PROCUREMENT_JustificationBook_Navy_PB_2015.zzz_unzipped-PROCUREMENT_JustificationBook_Navy_PB_2015.xml","06680dc3836a209524618651e0446b6a8dc3c6f52cea62a6d53ecda252f45665","6-8ba31a4ffae6a2d0b3bcf2577572662ec842843f54fd42e6d82c99dc9bd10db6","0","","","","","","","0-64a1835b3f2b812056085f2cb87a20d7cd8dd5085b3703cf520b396a30dad3bc","root.record.ItemExhibitList.P5Item"
"CC/Avionics For FY 2016 EOQ/Long Lead","","0","4.5","92.479","","2","20.858","","","","","","","","","","","","2015-BASE_PROCUREMENT-2015-NAVY_AIRCRAFT_BA1-4-PROCUREMENT_JustificationBook_Navy_PB_2015.zzz_unzipped-PROCUREMENT_JustificationBook_Navy_PB_2015.xml","06680dc3836a209524618651e0446b6a8dc3c6f52cea62a6d53ecda252f45665","7-d393823c659686c22077e6efaad0af0cacd34e3daa1bf8fdff38ab8575ffad88","0","","","","","","","0-64a1835b3f2b812056085f2cb87a20d7cd8dd5085b3703cf520b396a30dad3bc","root.record.ItemExhibitList.P5Item"
"For FY 2016 EOQ/Long Lead","","0","","","","","6.003","","","","","","","","","","","","2015-BASE_PROCUREMENT-2015-NAVY_AIRCRAFT_BA1-4-PROCUREMENT_JustificationBook_Navy_PB_2015.zzz_unzipped-PROCUREMENT_JustificationBook_Navy_PB_2015.xml","bc51cf9c7ef20a4a48f48ba81c9080474af6a035686ec3cd2b33ede6e16af224","0-fa7f5e4b5da3793294c0128fa4c5c614f202e9498df7139a089dfdf8530d45ea","0","","","","","","","0-374f26a12cc7c4f8e0eeb610de72bab69551db257985509a2f674e978c69c1b1","root.record.ItemExhibitList.P5Item"
"For FY 2017 EOQ/Long Lead","","0","","","","","5.203","","","","","","","","","","","","2015-BASE_PROCUREMENT-2015-NAVY_AIRCRAFT_BA1-4-PROCUREMENT_JustificationBook_Navy_PB_2015.zzz_unzipped-PROCUREMENT_JustificationBook_Navy_PB_2015.xml","bc51cf9c7ef20a4a48f48ba81c9080474af6a035686ec3cd2b33ede6e16af224","1-14f92fd5b8ac9aaf6c407a574d393a3ef76bee94c3ec00bee999102dad1f1361","0","","","","","","","0-374f26a12cc7c4f8e0eeb610de72bab69551db257985509a2f674e978c69c1b1","root.record.ItemExhibitList.P5Item"
"For FY 2018 EOQ/Long Lead","","0","","","","","5.203","","","","","","","","","","","","2015-BASE_PROCUREMENT-2015-NAVY_AIRCRAFT_BA1-4-PROCUREMENT_JustificationBook_Navy_PB_2015.zzz_unzipped-PROCUREMENT_JustificationBook_Navy_PB_2015.xml","bc51cf9c7ef20a4a48f48ba81c9080474af6a035686ec3cd2b33ede6e16af224","2-e55d1d04a8456f04bfd798c996bddbed890b58beb3888c0af7f497760b205a3f","0","","","","","","","0-374f26a12cc7c4f8e0eeb610de72bab69551db257985509a2f674e978c69c1b1","root.record.ItemExhibitList.P5Item"
"For FY 2019 EOQ/Long Lead","","0","","","","","2.802","","","","","","","","","","","","2015-BASE_PROCUREMENT-2015-NAVY_AIRCRAFT_BA1-4-PROCUREMENT_JustificationBook_Navy_PB_2015.zzz_unzipped-PROCUREMENT_JustificationBook_Navy_PB_2015.xml","bc51cf9c7ef20a4a48f48ba81c9080474af6a035686ec3cd2b33ede6e16af224","3-0c4f46f0228374c340d6a80a8fa2d950711740d97b21f48ae49aa2047577ced4","0","","","","","","","0-374f26a12cc7c4f8e0eeb610de72bab69551db257985509a2f674e978c69c1b1","root.record.ItemExhibitList.P5Item"
"EOQ/Long Lead (Prior Years)","","0","364.235","","","","","","","","","","","","","","","","2015-BASE_PROCUREMENT-2015-NAVY_AIRCRAFT_BA7-PROCUREMENT_MasterJustificationBook_Navy_PB_2015.zzz_unzipped-PROCUREMENT_MasterJustificationBook_Navy_PB_2015.xml","0ac4b5f78aaaccf3d3fdc58990ee0a291fcfec67f3de84643b6709e8c898a0ea","0-a153d10d8b8f9d274c4483b943c9b0132532c4fcf89756606219fda86e0e455e","0","","","","","","","0-433107e72ac65399c7e438476cafc7ffb874103f6864dfd6acd85dce3b0bf799","root.record.ItemExhibitList.P5Item"
"EOQ","","0","","20","","","","","","","","","","","","","","","2015-BASE_PROCUREMENT-2015-NAVY_AIRCRAFT_BA7-PROCUREMENT_MasterJustificationBook_Navy_PB_2015.zzz_unzipped-PROCUREMENT_MasterJustificationBook_Navy_PB_2015.xml","af02057f64346f857e82214e93a4300fb19bdef7f350300012d090f02a8b8f12","0-d12161eaebf9ba7303a8c574034d7a6a1692a4a23b517152a727c2745f1e61ab","0","","","","","","","0-8a75dd9e8633230bccc9eddb9196042c0ae03aedcc56e66b47469f16bb128842","root.record.ItemExhibitList.P5Item"
"Airframe For FY 2013 EOQ/Long Lead","","0","38.984","","","","","","","","","","","","","","","","2015-BASE_PROCUREMENT-2015-NAVY_AIRCRAFT_BA7-PROCUREMENT_MasterJustificationBook_Navy_PB_2015.zzz_unzipped-PROCUREMENT_MasterJustificationBook_Navy_PB_2015.xml","cea084fd8ee4e3bf6cb6c9380da29fdb1faafd7e10de563f640e535d1b29edec","0-7a1fbfb1417fbc3fb659da5f29582d7c276cb6ee4098b4e04b7199f2e66a0bbb","0","","","","","","","0-c0eb71f96e4bf1a7796ab1494c7d43ae940535af704ae404842826bfb67d137a","root.record.ItemExhibitList.P5Item"
"Airframe For FY 2014 EOQ/Long Lead","","0","3.037","","","50.688","","","","","","","","","","","","","2015-BASE_PROCUREMENT-2015-NAVY_AIRCRAFT_BA7-PROCUREMENT_MasterJustificationBook_Navy_PB_2015.zzz_unzipped-PROCUREMENT_MasterJustificationBook_Navy_PB_2015.xml","cea084fd8ee4e3bf6cb6c9380da29fdb1faafd7e10de563f640e535d1b29edec","1-d0d3941b9728518bacf92694ce7b2ae3e91f48cf21d501fc304ab78091a26bae","0","","","","","","","0-c0eb71f96e4bf1a7796ab1494c7d43ae940535af704ae404842826bfb67d137a","root.record.ItemExhibitList.P5Item"
"Airframe For FY 2015 EOQ/Long Lead","","0","1.961","80.734","","4.047","","","","","","","","","","","","","2015-BASE_PROCUREMENT-2015-NAVY_AIRCRAFT_BA7-PROCUREMENT_MasterJustificationBook_Navy_PB_2015.zzz_unzipped-PROCUREMENT_MasterJustificationBook_Navy_PB_2015.xml","cea084fd8ee4e3bf6cb6c9380da29fdb1faafd7e10de563f640e535d1b29edec","2-9a2e703819f777187c0677ebc0836a4bc2f77c2d2da3947b5dfd85ba6277a829","0","","","","","","","0-c0eb71f96e4bf1a7796ab1494c7d43ae940535af704ae404842826bfb67d137a","root.record.ItemExhibitList.P5Item"
"Airframe For FY 2016 EOQ/Long Lead","","0","2.338","3.692","","3.737","85.828","","","","","","","","","","","","2015-BASE_PROCUREMENT-2015-NAVY_AIRCRAFT_BA7-PROCUREMENT_MasterJustificationBook_Navy_PB_2015.zzz_unzipped-PROCUREMENT_MasterJustificationBook_Navy_PB_2015.xml","cea084fd8ee4e3bf6cb6c9380da29fdb1faafd7e10de563f640e535d1b29edec","3-562b9b141646bfd0a6d2bc9bba88c15bf15de7375623054ef72f89d1c59ddbf3","0","","","","","","","0-c0eb71f96e4bf1a7796ab1494c7d43ae940535af704ae404842826bfb67d137a","root.record.ItemExhibitList.P5Item"
"CC/Avionics For FY 2013 EOQ/Long Lead","","0","59","","","","","","","","","","","","","","","","2015-BASE_PROCUREMENT-2015-NAVY_AIRCRAFT_BA7-PROCUREMENT_MasterJustificationBook_Navy_PB_2015.zzz_unzipped-PROCUREMENT_MasterJustificationBook_Navy_PB_2015.xml","cea084fd8ee4e3bf6cb6c9380da29fdb1faafd7e10de563f640e535d1b29edec","4-0dea477fcdf97df20451dd7b5cda4939a695a79e9e08483eadc5f4c2a9c703b2","0","","","","","","","0-c0eb71f96e4bf1a7796ab1494c7d43ae940535af704ae404842826bfb67d137a","root.record.ItemExhibitList.P5Item"
"CC/Avionics For FY 2014 EOQ/Long Lead","","0","55.586","","","25.249","","","","","","","","","","","","","2015-BASE_PROCUREMENT-2015-NAVY_AIRCRAFT_BA7-PROCUREMENT_MasterJustificationBook_Navy_PB_2015.zzz_unzipped-PROCUREMENT_MasterJustificationBook_Navy_PB_2015.xml","cea084fd8ee4e3bf6cb6c9380da29fdb1faafd7e10de563f640e535d1b29edec","5-66282370c7687758398009bbf60423a57bc3e52180737362d6a17d16275b6d03","0","","","","","","","0-c0eb71f96e4bf1a7796ab1494c7d43ae940535af704ae404842826bfb67d137a","root.record.ItemExhibitList.P5Item"
"CC/Avionics For FY 2015 EOQ/Long Lead","","0","4.5","30.89","","70.673","","","","","","","","","","","","","2015-BASE_PROCUREMENT-2015-NAVY_AIRCRAFT_BA7-PROCUREMENT_MasterJustificationBook_Navy_PB_2015.zzz_unzipped-PROCUREMENT_MasterJustificationBook_Navy_PB_2015.xml","cea084fd8ee4e3bf6cb6c9380da29fdb1faafd7e10de563f640e535d1b29edec","6-b45dfe1f4289bb8b9768a1c92cfb086857d4a2cad1d69bd316bac459b80a5b80","0","","","","","","","0-c0eb71f96e4bf1a7796ab1494c7d43ae940535af704ae404842826bfb67d137a","root.record.ItemExhibitList.P5Item"
"CC/Avionics For FY 2016 EOQ/Long Lead","","0","4.5","92.479","","2","20.858","","","","","","","","","","","","2015-BASE_PROCUREMENT-2015-NAVY_AIRCRAFT_BA7-PROCUREMENT_MasterJustificationBook_Navy_PB_2015.zzz_unzipped-PROCUREMENT_MasterJustificationBook_Navy_PB_2015.xml","cea084fd8ee4e3bf6cb6c9380da29fdb1faafd7e10de563f640e535d1b29edec","7-d40b347ea9a83baba0cd2534ce213ff870b284d4b8d9b3edaacfd91b1dc05dc5","0","","","","","","","0-c0eb71f96e4bf1a7796ab1494c7d43ae940535af704ae404842826bfb67d137a","root.record.ItemExhibitList.P5Item"
"For FY 2016 EOQ/Long Lead","","0","","","","","6.003","","","","","","","","","","","","2015-BASE_PROCUREMENT-2015-NAVY_AIRCRAFT_BA7-PROCUREMENT_MasterJustificationBook_Navy_PB_2015.zzz_unzipped-PROCUREMENT_MasterJustificationBook_Navy_PB_2015.xml","bf7ebbfab3226f50869a8760354004fa2c21381752edac9caf2f75dfda987fe9","0-6f5b2e6b1f2edf363ad698579ebe07e79cdd90d7e7a8e178d8679d355bf604d6","0","","","","","","","0-2b9a0059a7169f75e71def4b77b2b2f0b54bf204782015db089006839fadfbd3","root.record.ItemExhibitList.P5Item"
"For FY 2017 EOQ/Long Lead","","0","","","","","5.203","","","","","","","","","","","","2015-BASE_PROCUREMENT-2015-NAVY_AIRCRAFT_BA7-PROCUREMENT_MasterJustificationBook_Navy_PB_2015.zzz_unzipped-PROCUREMENT_MasterJustificationBook_Navy_PB_2015.xml","bf7ebbfab3226f50869a8760354004fa2c21381752edac9caf2f75dfda987fe9","1-dc35500f05899683bc042b54a0d767e2e1107dddc6e5fab796269f3649fbc1a1","0","","","","","","","0-2b9a0059a7169f75e71def4b77b2b2f0b54bf204782015db089006839fadfbd3","root.record.ItemExhibitList.P5Item"
"For FY 2018 EOQ/Long Lead","","0","","","","","5.203","","","","","","","","","","","","2015-BASE_PROCUREMENT-2015-NAVY_AIRCRAFT_BA7-PROCUREMENT_MasterJustificationBook_Navy_PB_2015.zzz_unzipped-PROCUREMENT_MasterJustificationBook_Navy_PB_2015.xml","bf7ebbfab3226f50869a8760354004fa2c21381752edac9caf2f75dfda987fe9","2-a48b27fedf6fca4853f44c4a76cd66b7d4e3078698052dd381ecfe2bee32b42e","0","","","","","","","0-2b9a0059a7169f75e71def4b77b2b2f0b54bf204782015db089006839fadfbd3","root.record.ItemExhibitList.P5Item"
"For FY 2019 EOQ/Long Lead","","0","","","","","2.802","","","","","","","","","","","","2015-BASE_PROCUREMENT-2015-NAVY_AIRCRAFT_BA7-PROCUREMENT_MasterJustificationBook_Navy_PB_2015.zzz_unzipped-PROCUREMENT_MasterJustificationBook_Navy_PB_2015.xml","bf7ebbfab3226f50869a8760354004fa2c21381752edac9caf2f75dfda987fe9","3-2b389b36e44ab30369bbcbff621297649b72c15d8d07fb2b7c89ce9341558a80","0","","","","","","","0-2b9a0059a7169f75e71def4b77b2b2f0b54bf204782015db089006839fadfbd3","root.record.ItemExhibitList.P5Item"
"Airframe: C-130J Airframe Equipment","","12","0","","92","92","","","","","","","","","","","","","2016-BASE_PROCUREMENT-2016-AIRFORCE_AIRCRAFT_VOL1-PROCUREMENT_JustificationBook_Air_Force_PB_2016.zzz_unzipped-PROCUREMENT_JustificationBook_Air_Force_PB_2016.xml","2a3f7563d0ca311b4f7fc69de771b398377fd3242ec19b62e816a6fb3042cf7f","0-3b636b2243ef04e84d70b15e84525b990f12979845d1d91e207d33a6da3290f4","","","","","","","","0-6adaa895d6a04592ec9d3b25fc309c5a8d4fe1821d93d89a52a92cf6d40d6544","root.record.ItemExhibitList.P5Item"
"Airframe/Engines/Accessories: HC-130J Airframe Equipment","","12","0","","48","48","","","","","","","","","","","","","2016-BASE_PROCUREMENT-2016-AIRFORCE_AIRCRAFT_VOL1-PROCUREMENT_JustificationBook_Air_Force_PB_2016.zzz_unzipped-PROCUREMENT_JustificationBook_Air_Force_PB_2016.xml","9535a6b720b678b9fbd2222189c9490baa2e3868115637b4c43aca3f4a4572c5","0-151468cca18a6322495f25ad421471d0cde80ff1501f00b1294cf8275e256fb4","","","","","","","","0-9ccc9eb391297e6dde07e7d93e59d45f70bdee765827b61af2bb93bd20305ba4","root.record.ItemExhibitList.P5Item"
"Airframe/Engines/Accessories: MC-130J Airframe Equipment","","12","","","84","84","","","","","","","","","","","","","2016-BASE_PROCUREMENT-2016-AIRFORCE_AIRCRAFT_VOL1-PROCUREMENT_JustificationBook_Air_Force_PB_2016.zzz_unzipped-PROCUREMENT_JustificationBook_Air_Force_PB_2016.xml","81dae8c956c8274f566e8fb91367c91324c122720a6e6a82f0ee4c46eb84be60","0-a0c97538864f52f3fdba8b43ee61d990f3f88b81e88fbc30ae9e79b336a6ded5","","","","","","","","0-7088803211cbe1d69b9529714aa11114826734e8bb63e1d070c128c901828cbc","root.record.ItemExhibitList.P5Item"
"Airframe: C-130J Airframe Equipment","","12","0","","92","92","","","","","","","","","","","","","2016-BASE_PROCUREMENT-2016-AIRFORCE_AIRCRAFT_VOL2-PROCUREMENT_MasterJustificationBook_Air_Force_PB_2016.zzz_unzipped-PROCUREMENT_MasterJustificationBook_Air_Force_PB_2016.xml","06413109f09458e1d20d0d8c668a4bfde7b94137945d7743cd97c2331c8391ee","0-aa27242be2128d5828371ee6bc0d140fa15e45ae55516f206fa95a09e3bb65f9","","","","","","","","0-ae0690f3e3a407f1a5f176e74168647235e43ac2118002bc05de243fe00b8cbd","root.record.ItemExhibitList.P5Item"
"Airframe/Engines/Accessories: HC-130J Airframe Equipment","","12","0","","48","48","","","","","","","","","","","","","2016-BASE_PROCUREMENT-2016-AIRFORCE_AIRCRAFT_VOL2-PROCUREMENT_MasterJustificationBook_Air_Force_PB_2016.zzz_unzipped-PROCUREMENT_MasterJustificationBook_Air_Force_PB_2016.xml","065dabc8f50bb8c11fd03386b9b77f91b86bd31b64e57f28cf3442d5cb994770","0-e7adf39bf3e70db4cea92e2ad53c3b7adac1bbf9786e93274659305f703126ad","","","","","","","","0-44fa7af86656224ceb0ff1dc0daf33e810e3e668d9e90e25e6010b0dea51e787","root.record.ItemExhibitList.P5Item"
"Airframe/Engines/Accessories: MC-130J Airframe Equipment","","12","","","84","84","","","","","","","","","","","","","2016-BASE_PROCUREMENT-2016-AIRFORCE_AIRCRAFT_VOL2-PROCUREMENT_MasterJustificationBook_Air_Force_PB_2016.zzz_unzipped-PROCUREMENT_MasterJustificationBook_Air_Force_PB_2016.xml","6c8b943a6de5398b0f3fdd5e076ae0cc947b82b18fb0c8528c7c34e5c1ca33d3","0-0df6bf349c4b5180bbace95806386001a1ffe10006d1514e4f53bc072458925b","","","","","","","","0-33da85d0924e84544806b56bc7189a273642181af5d7d27f5d2180dd8c012668","root.record.ItemExhibitList.P5Item"
"AEGIS MYP FY18","","0","","","71.896","","48.411","23.485","","","","","Raytheon","Tucson, AZ","24","24","0","0","2016-BASE_PROCUREMENT-2016-MDA-PROCUREMENT_JustificationBook_Missile_Defense_Agency_PB_2016.zzz_unzipped-PROCUREMENT_JustificationBook_Missile_Defense_Agency_PB_2016.xml","8fe681ed2a7b4397677aa6bf70676f250b32ded3546a6adb5424a1cf3206bbc3","0-6a157a89df452c9c2893f8c0418d80a94ead912bd9ceafd68f97d456f5f768cf","1","2018","48.411","23.485","71.896","","","0-08221845dfc5e0e4aae4b43e2a85519187b8a6c6bd484e7af58a0689623a7653","root.record.ItemExhibitList.P5Item"
"AEGIS MYP FY19","","0","","","87.29","","38.307","28.231","20.752","","","","Raytheon","Tucson, AZ","24","24","0","0","2016-BASE_PROCUREMENT-2016-MDA-PROCUREMENT_JustificationBook_Missile_Defense_Agency_PB_2016.zzz_unzipped-PROCUREMENT_JustificationBook_Missile_Defense_Agency_PB_2016.xml","8fe681ed2a7b4397677aa6bf70676f250b32ded3546a6adb5424a1cf3206bbc3","1-d91591f625641d61fca91db20a53476554c092b872c3343a2dddc069350090a2","1","2019","38.307","28.231","87.29","20.752","","0-08221845dfc5e0e4aae4b43e2a85519187b8a6c6bd484e7af58a0689623a7653","root.record.ItemExhibitList.P5Item"
"AEGIS MYP FY21","","0","","","77.445","","0","","","","77.445","","","","","","","","2016-BASE_PROCUREMENT-2016-MDA-PROCUREMENT_JustificationBook_Missile_Defense_Agency_PB_2016.zzz_unzipped-PROCUREMENT_JustificationBook_Missile_Defense_Agency_PB_2016.xml","8fe681ed2a7b4397677aa6bf70676f250b32ded3546a6adb5424a1cf3206bbc3","2-b2d86ee6b2bfec858e520325e8a469b6cd0663dab83a63ed953d4d0bef984940","1","2021","","","77.445","","77.445","0-08221845dfc5e0e4aae4b43e2a85519187b8a6c6bd484e7af58a0689623a7653","root.record.ItemExhibitList.P5Item"
"AEGIS MYP FY22","","0","","","85.696","","0","","","","85.696","","","","","","","","2016-BASE_PROCUREMENT-2016-MDA-PROCUREMENT_JustificationBook_Missile_Defense_Agency_PB_2016.zzz_unzipped-PROCUREMENT_JustificationBook_Missile_Defense_Agency_PB_2016.xml","8fe681ed2a7b4397677aa6bf70676f250b32ded3546a6adb5424a1cf3206bbc3","3-4860a8e9a4dc848a6fe2e3925b37e2b66b79ec35f9c5d20cce5a73043296a744","1","2022","","","85.696","","85.696","0-08221845dfc5e0e4aae4b43e2a85519187b8a6c6bd484e7af58a0689623a7653","root.record.ItemExhibitList.P5Item"
"AEGIS MYP FY23","","0","","","35.097","","0","","","","35.097","","","","","","","","2016-BASE_PROCUREMENT-2016-MDA-PROCUREMENT_JustificationBook_Missile_Defense_Agency_PB_2016.zzz_unzipped-PROCUREMENT_JustificationBook_Missile_Defense_Agency_PB_2016.xml","8fe681ed2a7b4397677aa6bf70676f250b32ded3546a6adb5424a1cf3206bbc3","4-8fe8c2de4e650b5a182d6f4af6a83b97915f2c2a5b0fb048483fc70aaf6cce43","1","2023","","","35.097","","35.097","0-08221845dfc5e0e4aae4b43e2a85519187b8a6c6bd484e7af58a0689623a7653","root.record.ItemExhibitList.P5Item"
"AEGIS MYP FY17","","0","","","61.047","","61.047","","","","","","Raytheon","Tucson, AZ","24","24","0","0","2016-BASE_PROCUREMENT-2016-MDA-PROCUREMENT_JustificationBook_Missile_Defense_Agency_PB_2016.zzz_unzipped-PROCUREMENT_JustificationBook_Missile_Defense_Agency_PB_2016.xml","8fe681ed2a7b4397677aa6bf70676f250b32ded3546a6adb5424a1cf3206bbc3","5-81889436182606378a3aa6815e4e934826e7dfee4e2a138d78f89223d9cc35e7","1","2017","61.047","","61.047","","","0-08221845dfc5e0e4aae4b43e2a85519187b8a6c6bd484e7af58a0689623a7653","root.record.ItemExhibitList.P5Item"
"AEGIS MYP FY18","","0","","","71.896","","48.411","23.485","","","","","Raytheon","Tucson, AZ","24","24","0","0","2016-BASE_PROCUREMENT-2016-MDA-PROCUREMENT_MasterJustificationBook_Missile_Defense_Agency_PB_2016.zzz_unzipped-PROCUREMENT_MasterJustificationBook_Missile_Defense_Agency_PB_2016.xml","b4f2202771c2bfc95fdafd93a11aada31a8b14c6b9c5880fd0d937560581322f","0-5bde86014a770820296f608d09f7511dda8edd0cdc31a87391eec72fd0033f91","1","2018","48.411","23.485","71.896","","","0-32fd57a0a2f01b7120c87d35a122a8e7817bf9d765bd7db5cd23148111c9e3a0","root.record.ItemExhibitList.P5Item"
"AEGIS MYP FY19","","0","","","87.29","","38.307","28.231","20.752","","","","Raytheon","Tucson, AZ","24","24","0","0","2016-BASE_PROCUREMENT-2016-MDA-PROCUREMENT_MasterJustificationBook_Missile_Defense_Agency_PB_2016.zzz_unzipped-PROCUREMENT_MasterJustificationBook_Missile_Defense_Agency_PB_2016.xml","b4f2202771c2bfc95fdafd93a11aada31a8b14c6b9c5880fd0d937560581322f","1-7e9466a4fce62780ec5b7bf8ce03f8ebd511460a9271e3df04eb41503ace177a","1","2019","38.307","28.231","87.29","20.752","","0-32fd57a0a2f01b7120c87d35a122a8e7817bf9d765bd7db5cd23148111c9e3a0","root.record.ItemExhibitList.P5Item"
"AEGIS MYP FY21","","0","","","77.445","","0","","","","77.445","","","","","","","","2016-BASE_PROCUREMENT-2016-MDA-PROCUREMENT_MasterJustificationBook_Missile_Defense_Agency_PB_2016.zzz_unzipped-PROCUREMENT_MasterJustificationBook_Missile_Defense_Agency_PB_2016.xml","b4f2202771c2bfc95fdafd93a11aada31a8b14c6b9c5880fd0d937560581322f","2-b4ec236ed64c3616aa60b05ff5ce9c0c4e6e183b76ed7ac5b9ff09d124c4112b","1","2021","","","77.445","","77.445","0-32fd57a0a2f01b7120c87d35a122a8e7817bf9d765bd7db5cd23148111c9e3a0","root.record.ItemExhibitList.P5Item"
"AEGIS MYP FY22","","0","","","85.696","","0","","","","85.696","","","","","","","","2016-BASE_PROCUREMENT-2016-MDA-PROCUREMENT_MasterJustificationBook_Missile_Defense_Agency_PB_2016.zzz_unzipped-PROCUREMENT_MasterJustificationBook_Missile_Defense_Agency_PB_2016.xml","b4f2202771c2bfc95fdafd93a11aada31a8b14c6b9c5880fd0d937560581322f","3-032d84c065e0381659a68f2d1b6cb03fd21736cd6c9c1b283a18d70f8e01b065","1","2022","","","85.696","","85.696","0-32fd57a0a2f01b7120c87d35a122a8e7817bf9d765bd7db5cd23148111c9e3a0","root.record.ItemExhibitList.P5Item"
"AEGIS MYP FY23","","0","","","35.097","","0","","","","35.097","","","","","","","","2016-BASE_PROCUREMENT-2016-MDA-PROCUREMENT_MasterJustificationBook_Missile_Defense_Agency_PB_2016.zzz_unzipped-PROCUREMENT_MasterJustificationBook_Missile_Defense_Agency_PB_2016.xml","b4f2202771c2bfc95fdafd93a11aada31a8b14c6b9c5880fd0d937560581322f","4-896cffb97bcbee706eb636554e0b989475ee31a623ad6f0da96727ed96b25d0f","1","2023","","","35.097","","35.097","0-32fd57a0a2f01b7120c87d35a122a8e7817bf9d765bd7db5cd23148111c9e3a0","root.record.ItemExhibitList.P5Item"
"AEGIS MYP FY17","","0","","","61.047","","61.047","","","","","","Raytheon","Tucson, AZ","24","24","0","0","2016-BASE_PROCUREMENT-2016-MDA-PROCUREMENT_MasterJustificationBook_Missile_Defense_Agency_PB_2016.zzz_unzipped-PROCUREMENT_MasterJustificationBook_Missile_Defense_Agency_PB_2016.xml","b4f2202771c2bfc95fdafd93a11aada31a8b14c6b9c5880fd0d937560581322f","5-ba43339bea1e07a6e16221dcc2f1bd9e7602edeee4cd9d82a0af9b1be0b1be54","1","2017","61.047","","61.047","","","0-32fd57a0a2f01b7120c87d35a122a8e7817bf9d765bd7db5cd23148111c9e3a0","root.record.ItemExhibitList.P5Item"
"EOQ","","0","","","","20","","","","","","","","","","","","","2016-BASE_PROCUREMENT-2016-NAVY_AIRCRAFT_BA1-4-PROCUREMENT_JustificationBook_Navy_PB_2016.zzz_unzipped-PROCUREMENT_JustificationBook_Navy_PB_2016.xml","74393c7aeafacf61a1221f9ea624869c29db1b711f4c04d309bcaa81aa8cccad","0-3e60c7259ac419615b5e18e7fb3eee101bcabf241c316342c343bfde43d66ba9","0","","","","","","","0-9ef24e10c6aa88a5e40a45c97968c481f96a5f73a87a36efee9e029fd9f2ed88","root.record.ItemExhibitList.P5Item"
"Airframe For FY 2013 EOQ/Long Lead","","0","38.984","","","","","","","","","","","","","","","","2016-BASE_PROCUREMENT-2016-NAVY_AIRCRAFT_BA1-4-PROCUREMENT_JustificationBook_Navy_PB_2016.zzz_unzipped-PROCUREMENT_JustificationBook_Navy_PB_2016.xml","afefd55792744e93c1b9205df9cd5d381b13defa796d484ff20f8ff4ce98bc59","0-c23035fa9e0c6f41d526d67a1b7813418599028b879802ad36a682c10aef9439","0","","","","","","","0-fc5508d671f8c4604f8f5a85ee1e402e0b0df6372f620dd3ffa734f12ab13dd5","root.record.ItemExhibitList.P5Item"
"Airframe For FY 2014 EOQ/Long Lead","","0","53.858","","","","","","","","","","","","","","","","2016-BASE_PROCUREMENT-2016-NAVY_AIRCRAFT_BA1-4-PROCUREMENT_JustificationBook_Navy_PB_2016.zzz_unzipped-PROCUREMENT_JustificationBook_Navy_PB_2016.xml","afefd55792744e93c1b9205df9cd5d381b13defa796d484ff20f8ff4ce98bc59","1-a90a106d98d803403ad9ff2e65f4787e11a4c2e7d45f2f8538e93668c1dbfecd","0","","","","","","","0-fc5508d671f8c4604f8f5a85ee1e402e0b0df6372f620dd3ffa734f12ab13dd5","root.record.ItemExhibitList.P5Item"
"Airframe For FY 2015 EOQ/Long Lead","","0","6.008","","","80.734","","","","","","","","","","","","","2016-BASE_PROCUREMENT-2016-NAVY_AIRCRAFT_BA1-4-PROCUREMENT_JustificationBook_Navy_PB_2016.zzz_unzipped-PROCUREMENT_JustificationBook_Navy_PB_2016.xml","afefd55792744e93c1b9205df9cd5d381b13defa796d484ff20f8ff4ce98bc59","2-e7e75efb896165a812435fa45fcee60dc7b3fd631e84c5c0d9556936dd7d4c04","0","","","","","","","0-fc5508d671f8c4604f8f5a85ee1e402e0b0df6372f620dd3ffa734f12ab13dd5","root.record.ItemExhibitList.P5Item"
"Airframe For FY 2016 EOQ/Long Lead","","0","6.075","85.828","","3.693","","","","","","","","","","","","","2016-BASE_PROCUREMENT-2016-NAVY_AIRCRAFT_BA1-4-PROCUREMENT_JustificationBook_Navy_PB_2016.zzz_unzipped-PROCUREMENT_JustificationBook_Navy_PB_2016.xml","afefd55792744e93c1b9205df9cd5d381b13defa796d484ff20f8ff4ce98bc59","3-e598ab02ac2dd9a3697c1b3538038445f1f44c9d4070d10dd370161911abc8cf","0","","","","","","","0-fc5508d671f8c4604f8f5a85ee1e402e0b0df6372f620dd3ffa734f12ab13dd5","root.record.ItemExhibitList.P5Item"
"CC/Avionics For FY 2013 EOQ/Long Lead","","0","59","","","","","","","","","","","","","","","","2016-BASE_PROCUREMENT-2016-NAVY_AIRCRAFT_BA1-4-PROCUREMENT_JustificationBook_Navy_PB_2016.zzz_unzipped-PROCUREMENT_JustificationBook_Navy_PB_2016.xml","afefd55792744e93c1b9205df9cd5d381b13defa796d484ff20f8ff4ce98bc59","4-eb9e79fa3cefced596aa425f1446724695583ce4d9a95f1c5633c02a7b8328d6","0","","","","","","","0-fc5508d671f8c4604f8f5a85ee1e402e0b0df6372f620dd3ffa734f12ab13dd5","root.record.ItemExhibitList.P5Item"
"CC/Avionics For FY 2014 EOQ/Long Lead","","0","80.835","","","","","","","","","","","","","","","","2016-BASE_PROCUREMENT-2016-NAVY_AIRCRAFT_BA1-4-PROCUREMENT_JustificationBook_Navy_PB_2016.zzz_unzipped-PROCUREMENT_JustificationBook_Navy_PB_2016.xml","afefd55792744e93c1b9205df9cd5d381b13defa796d484ff20f8ff4ce98bc59","5-5e466484be513469548f09da3ed7151c18f7a9f3e546b3aea157e828cf17e8f3","0","","","","","","","0-fc5508d671f8c4604f8f5a85ee1e402e0b0df6372f620dd3ffa734f12ab13dd5","root.record.ItemExhibitList.P5Item"
"CC/Avionics For FY 2015 EOQ/Long Lead","","0","75.173","","","30.89","","","","","","","","","","","","","2016-BASE_PROCUREMENT-2016-NAVY_AIRCRAFT_BA1-4-PROCUREMENT_JustificationBook_Navy_PB_2016.zzz_unzipped-PROCUREMENT_JustificationBook_Navy_PB_2016.xml","afefd55792744e93c1b9205df9cd5d381b13defa796d484ff20f8ff4ce98bc59","6-dc7fe9589eef0fe50740a3d5fa799923583e72fbf90e65439f25a2e31864bba5","0","","","","","","","0-fc5508d671f8c4604f8f5a85ee1e402e0b0df6372f620dd3ffa734f12ab13dd5","root.record.ItemExhibitList.P5Item"
"CC/Avionics For FY 2016 EOQ/Long Lead","","0","6.5","20.858","","92.478","","","","","","","","","","","","","2016-BASE_PROCUREMENT-2016-NAVY_AIRCRAFT_BA1-4-PROCUREMENT_JustificationBook_Navy_PB_2016.zzz_unzipped-PROCUREMENT_JustificationBook_Navy_PB_2016.xml","afefd55792744e93c1b9205df9cd5d381b13defa796d484ff20f8ff4ce98bc59","7-ece296c82ec50ba15ae8a65d539c5aa2f0c480ac6b193c6d0a97ce2cc70d7301","0","","","","","","","0-fc5508d671f8c4604f8f5a85ee1e402e0b0df6372f620dd3ffa734f12ab13dd5","root.record.ItemExhibitList.P5Item"
"For FY 2016 EOQ/Long Lead","","0","","6.688","","","","","","","","","","","","","","","2016-BASE_PROCUREMENT-2016-NAVY_AIRCRAFT_BA1-4-PROCUREMENT_JustificationBook_Navy_PB_2016.zzz_unzipped-PROCUREMENT_JustificationBook_Navy_PB_2016.xml","04275f5297ca2dc751c219d4cc23d8452c8a0adfb94b511a38e3133d11bbe7a2","0-2bbf58afda33c42839b38e733d3c0837271fa3eb472ad07d55b5a82c5c954326","0","","","","","","","0-8e7490953c6c2fa4992611d021b55141222a4b69703a0dc346217a7c3c0cd728","root.record.ItemExhibitList.P5Item"
"For FY 2017 EOQ/Long Lead","","0","","5.203","","","6.993","","","","","","","","","","","","2016-BASE_PROCUREMENT-2016-NAVY_AIRCRAFT_BA1-4-PROCUREMENT_JustificationBook_Navy_PB_2016.zzz_unzipped-PROCUREMENT_JustificationBook_Navy_PB_2016.xml","04275f5297ca2dc751c219d4cc23d8452c8a0adfb94b511a38e3133d11bbe7a2","1-276fde323c19e8988cf49d95e170ecfa7df7caa628d9e1206593077775f4324f","0","","","","","","","0-8e7490953c6c2fa4992611d021b55141222a4b69703a0dc346217a7c3c0cd728","root.record.ItemExhibitList.P5Item"
"For FY 2018 EOQ/Long Lead","","0","","5.203","","","6.993","","","","","","","","","","","","2016-BASE_PROCUREMENT-2016-NAVY_AIRCRAFT_BA1-4-PROCUREMENT_JustificationBook_Navy_PB_2016.zzz_unzipped-PROCUREMENT_JustificationBook_Navy_PB_2016.xml","04275f5297ca2dc751c219d4cc23d8452c8a0adfb94b511a38e3133d11bbe7a2","2-d127d467aa81d704ef2e6331ac2cf09d41de9397d614ce1a8720d9961b6fd56b","0","","","","","","","0-8e7490953c6c2fa4992611d021b55141222a4b69703a0dc346217a7c3c0cd728","root.record.ItemExhibitList.P5Item"
"For FY 2019 EOQ/Long Lead","","0","","2.802","","","4.079","","","","","","","","","","","","2016-BASE_PROCUREMENT-2016-NAVY_AIRCRAFT_BA1-4-PROCUREMENT_JustificationBook_Navy_PB_2016.zzz_unzipped-PROCUREMENT_JustificationBook_Navy_PB_2016.xml","04275f5297ca2dc751c219d4cc23d8452c8a0adfb94b511a38e3133d11bbe7a2","3-5cde2fd2dd40104708456a184140665ade0ec7defe5d6b0162ea73219a695556","0","","","","","","","0-8e7490953c6c2fa4992611d021b55141222a4b69703a0dc346217a7c3c0cd728","root.record.ItemExhibitList.P5Item"
"EOQ","","0","","","","20","","","","","","","","","","","","","2016-BASE_PROCUREMENT-2016-NAVY_AIRCRAFT_BA7-PROCUREMENT_MasterJustificationBook_Navy_PB_2016.zzz_unzipped-PROCUREMENT_MasterJustificationBook_Navy_PB_2016.xml","fdb5509255916dc762eb364f6b01aadf36a262d558a694a34c9c99e9cd8f4062","0-d482ff8f9d4f3ee2698a69693b85169007fd362b33b8eebe875b8feb7ae82f96","0","","","","","","","0-672dfea222ac1ae060810a830f6969d1d90395e71910f8a93690cd125d63c904","root.record.ItemExhibitList.P5Item"
"Airframe For FY 2013 EOQ/Long Lead","","0","38.984","","","","","","","","","","","","","","","","2016-BASE_PROCUREMENT-2016-NAVY_AIRCRAFT_BA7-PROCUREMENT_MasterJustificationBook_Navy_PB_2016.zzz_unzipped-PROCUREMENT_MasterJustificationBook_Navy_PB_2016.xml","23d6409d45c5bfafa665381970cd4fd7c8042cc7d528e9f65e77315457063d00","0-12bec136e6e52ac79fa453bde0eb57975995bc003642ea8046942cc06a744b80","0","","","","","","","0-3bd83d384e1e1f4c89f226bd51c5bf68e8e67ec668530e4c2ad4cbcabc78545a","root.record.ItemExhibitList.P5Item"
"Airframe For FY 2014 EOQ/Long Lead","","0","53.858","","","","","","","","","","","","","","","","2016-BASE_PROCUREMENT-2016-NAVY_AIRCRAFT_BA7-PROCUREMENT_MasterJustificationBook_Navy_PB_2016.zzz_unzipped-PROCUREMENT_MasterJustificationBook_Navy_PB_2016.xml","23d6409d45c5bfafa665381970cd4fd7c8042cc7d528e9f65e77315457063d00","1-2998eecd33c04b60df34c3c863b95e97b47cbe875d99a52d65e10f6ce3a91f26","0","","","","","","","0-3bd83d384e1e1f4c89f226bd51c5bf68e8e67ec668530e4c2ad4cbcabc78545a","root.record.ItemExhibitList.P5Item"
"Airframe For FY 2015 EOQ/Long Lead","","0","6.008","","","80.734","","","","","","","","","","","","","2016-BASE_PROCUREMENT-2016-NAVY_AIRCRAFT_BA7-PROCUREMENT_MasterJustificationBook_Navy_PB_2016.zzz_unzipped-PROCUREMENT_MasterJustificationBook_Navy_PB_2016.xml","23d6409d45c5bfafa665381970cd4fd7c8042cc7d528e9f65e77315457063d00","2-b3b6b3b11467d2e73f5babe3aef83cc3549e240a384cfa01370ccd6a93c8fde4","0","","","","","","","0-3bd83d384e1e1f4c89f226bd51c5bf68e8e67ec668530e4c2ad4cbcabc78545a","root.record.ItemExhibitList.P5Item"
"Airframe For FY 2016 EOQ/Long Lead","","0","6.075","85.828","","3.693","","","","","","","","","","","","","2016-BASE_PROCUREMENT-2016-NAVY_AIRCRAFT_BA7-PROCUREMENT_MasterJustificationBook_Navy_PB_2016.zzz_unzipped-PROCUREMENT_MasterJustificationBook_Navy_PB_2016.xml","23d6409d45c5bfafa665381970cd4fd7c8042cc7d528e9f65e77315457063d00","3-0831f5b1a08b10295ccac4932b355f64d8d5e4b7c6145ab2fa2f3c38a096de49","0","","","","","","","0-3bd83d384e1e1f4c89f226bd51c5bf68e8e67ec668530e4c2ad4cbcabc78545a","root.record.ItemExhibitList.P5Item"
"CC/Avionics For FY 2013 EOQ/Long Lead","","0","59","","","","","","","","","","","","","","","","2016-BASE_PROCUREMENT-2016-NAVY_AIRCRAFT_BA7-PROCUREMENT_MasterJustificationBook_Navy_PB_2016.zzz_unzipped-PROCUREMENT_MasterJustificationBook_Navy_PB_2016.xml","23d6409d45c5bfafa665381970cd4fd7c8042cc7d528e9f65e77315457063d00","4-b36bff291e85af917f95c66e13bf5750c20f93b7d64a8f8d9ba4d0588490ed49","0","","","","","","","0-3bd83d384e1e1f4c89f226bd51c5bf68e8e67ec668530e4c2ad4cbcabc78545a","root.record.ItemExhibitList.P5Item"
"CC/Avionics For FY 2014 EOQ/Long Lead","","0","80.835","","","","","","","","","","","","","","","","2016-BASE_PROCUREMENT-2016-NAVY_AIRCRAFT_BA7-PROCUREMENT_MasterJustificationBook_Navy_PB_2016.zzz_unzipped-PROCUREMENT_MasterJustificationBook_Navy_PB_2016.xml","23d6409d45c5bfafa665381970cd4fd7c8042cc7d528e9f65e77315457063d00","5-fff57411f3640b6c59f595e887d47b283bd9e9bdf3d47c2aa18b1fa5615009d4","0","","","","","","","0-3bd83d384e1e1f4c89f226bd51c5bf68e8e67ec668530e4c2ad4cbcabc78545a","root.record.ItemExhibitList.P5Item"
"CC/Avionics For FY 2015 EOQ/Long Lead","","0","75.173","","","30.89","","","","","","","","","","","","","2016-BASE_PROCUREMENT-2016-NAVY_AIRCRAFT_BA7-PROCUREMENT_MasterJustificationBook_Navy_PB_2016.zzz_unzipped-PROCUREMENT_MasterJustificationBook_Navy_PB_2016.xml","23d6409d45c5bfafa665381970cd4fd7c8042cc7d528e9f65e77315457063d00","6-0a7ab23e58a7e6e28194a6bb50e3dc0d228f8a3b4a77185df03f2feea04596f0","0","","","","","","","0-3bd83d384e1e1f4c89f226bd51c5bf68e8e67ec668530e4c2ad4cbcabc78545a","root.record.ItemExhibitList.P5Item"
"CC/Avionics For FY 2016 EOQ/Long Lead","","0","6.5","20.858","","92.478","","","","","","","","","","","","","2016-BASE_PROCUREMENT-2016-NAVY_AIRCRAFT_BA7-PROCUREMENT_MasterJustificationBook_Navy_PB_2016.zzz_unzipped-PROCUREMENT_MasterJustificationBook_Navy_PB_2016.xml","23d6409d45c5bfafa665381970cd4fd7c8042cc7d528e9f65e77315457063d00","7-669dcd7b94c98eb4505349265e59bfa916b29e50747631fd0dccf114c1348563","0","","","","","","","0-3bd83d384e1e1f4c89f226bd51c5bf68e8e67ec668530e4c2ad4cbcabc78545a","root.record.ItemExhibitList.P5Item"
"For FY 2016 EOQ/Long Lead","","0","","6.688","","","","","","","","","","","","","","","2016-BASE_PROCUREMENT-2016-NAVY_AIRCRAFT_BA7-PROCUREMENT_MasterJustificationBook_Navy_PB_2016.zzz_unzipped-PROCUREMENT_MasterJustificationBook_Navy_PB_2016.xml","c72833c2f48caf061e1c969c75f712d188245bb6c5d3296aa6ff5745d4284309","0-6f2bb4a9c0390193e41702e7b996c7db28fdd6f3526d082214e264a8c97ff9e4","0","","","","","","","0-47e7469069a68425b6d5fc3e7ad3e52c3e6a4ecc83ab5b6e64ab4c864002903a","root.record.ItemExhibitList.P5Item"
"For FY 2017 EOQ/Long Lead","","0","","5.203","","","6.993","","","","","","","","","","","","2016-BASE_PROCUREMENT-2016-NAVY_AIRCRAFT_BA7-PROCUREMENT_MasterJustificationBook_Navy_PB_2016.zzz_unzipped-PROCUREMENT_MasterJustificationBook_Navy_PB_2016.xml","c72833c2f48caf061e1c969c75f712d188245bb6c5d3296aa6ff5745d4284309","1-dda0b27a2ed8646bd957d90c7519a7f1e790896884d8be1564ace5ec099a9c27","0","","","","","","","0-47e7469069a68425b6d5fc3e7ad3e52c3e6a4ecc83ab5b6e64ab4c864002903a","root.record.ItemExhibitList.P5Item"
"For FY 2018 EOQ/Long Lead","","0","","5.203","","","6.993","","","","","","","","","","","","2016-BASE_PROCUREMENT-2016-NAVY_AIRCRAFT_BA7-PROCUREMENT_MasterJustificationBook_Navy_PB_2016.zzz_unzipped-PROCUREMENT_MasterJustificationBook_Navy_PB_2016.xml","c72833c2f48caf061e1c969c75f712d188245bb6c5d3296aa6ff5745d4284309","2-194ed817cf77739277992299fcf5200887359a99eae64502f0b09e07adc1958e","0","","","","","","","0-47e7469069a68425b6d5fc3e7ad3e52c3e6a4ecc83ab5b6e64ab4c864002903a","root.record.ItemExhibitList.P5Item"
"For FY 2019 EOQ/Long Lead","","0","","2.802","","","4.079","","","","","","","","","","","","2016-BASE_PROCUREMENT-2016-NAVY_AIRCRAFT_BA7-PROCUREMENT_MasterJustificationBook_Navy_PB_2016.zzz_unzipped-PROCUREMENT_MasterJustificationBook_Navy_PB_2016.xml","c72833c2f48caf061e1c969c75f712d188245bb6c5d3296aa6ff5745d4284309","3-185417f37e5a444ab062aabc721307f0c23911c5ba1b4523034cea4f4e3dc279","0","","","","","","","0-47e7469069a68425b6d5fc3e7ad3e52c3e6a4ecc83ab5b6e64ab4c864002903a","root.record.ItemExhibitList.P5Item"
"Airframe: EOQ","","12","92","0","92","0","0","","","","","","Lockheed Martin","Marietta GA","0","0","","","2017-BASE_PROCUREMENT-2017-AIRFORCE_AIRCRAFT_VOL1-U_PROCUREMENT_JustificationBook_Air_Force_PB_2017.zzz_unzipped-U_PROCUREMENT_JustificationBook_Air_Force_PB_2017.xml","317e5965462e9d7678fc4f02896e5cee9bbda817cad2e5ad9c2290b851dba197","0-7022868f3bab20973f113a4e6d670ce27a7b740de5df05523e096f5a713b8702","","","","","","","","0-bf0f66f8e2de75c46153e2382c0157a5ed71714cc13b3f8afd8a10577364d8fd","root.record.ItemExhibitList.P5Item"
"Airframe/Engines/Accessories: HC-130J Airframe Equipment","","12","48","","48","","","","","","","","","","","","","","2017-BASE_PROCUREMENT-2017-AIRFORCE_AIRCRAFT_VOL1-U_PROCUREMENT_JustificationBook_Air_Force_PB_2017.zzz_unzipped-U_PROCUREMENT_JustificationBook_Air_Force_PB_2017.xml","04b39301635aa03a7b974c8a1151aafada20c596b5345242252608dac900590d","0-a961ee25839409eaf4bee80a80ff093d1b49532c040033af1eeb9fd544d7b066","","","","","","","","0-a8285488b50ee9146659e3b370ddcb32b707d1115cbbe2733298f91fa4cf896d","root.record.ItemExhibitList.P5Item"
"Airframe/Engines/Accessories: MC-130J Economic Order Quantity Items","","12","84","0","84","0","0","0","0","0","","","Lockheed Martin","Marietta GA","0","0","","","2017-BASE_PROCUREMENT-2017-AIRFORCE_AIRCRAFT_VOL1-U_PROCUREMENT_JustificationBook_Air_Force_PB_2017.zzz_unzipped-U_PROCUREMENT_JustificationBook_Air_Force_PB_2017.xml","dfceced65c92fa65682ab45ae434a30edc54231102355ccb2d0cccb8c70865c0","0-0b6d83826d3ffad0c6680589fd46b79b4fc159e4ee737ca9eafcf333a3706fcb","","","","","","","","0-172c2ed221e0c7c9268d260b02d619da1cd00636c1ad6ceabbfc92929ae1a5e5","root.record.ItemExhibitList.P5Item"
"Airframe: EOQ","","12","92","0","92","0","0","","","","","","Lockheed Martin","Marietta GA","0","0","","","2017-BASE_PROCUREMENT-2017-AIRFORCE_AIRCRAFT_VOL1-U_PROCUREMENT_MasterJustificationBook_Air_Force_PB_2017.zzz_unzipped-U_PROCUREMENT_MasterJustificationBook_Air_Force_PB_2017.xml","1e24abaeefbb873f569d9b38ff04ead3b13c188ded0a995438fc26ef309c4d70","0-c20b7dcb34e8a4370be6b4e205636c5d7af5b5977be64a48ab2abead34718891","","","","","","","","0-963c9c00074a393141823358d22707924c67fc48c47c319b987aef575428fcb0","root.record.ItemExhibitList.P5Item"
"Airframe/Engines/Accessories: HC-130J Airframe Equipment","","12","48","","48","","","","","","","","","","","","","","2017-BASE_PROCUREMENT-2017-AIRFORCE_AIRCRAFT_VOL1-U_PROCUREMENT_MasterJustificationBook_Air_Force_PB_2017.zzz_unzipped-U_PROCUREMENT_MasterJustificationBook_Air_Force_PB_2017.xml","aaa3897ab1e9054e10ccba0b0bb9ce360d96a0672f9728a2ddce5dfd5536a8e9","0-6310543ce756b0eb173b30cac1fa6c2e4f0d99f84cb7a42b94b772ef460869f1","","","","","","","","0-0049e44416257fa8cec27d4035d4bbd1146dfd799e6cb7b4062959b58d6f1f42","root.record.ItemExhibitList.P5Item"
"Airframe/Engines/Accessories: MC-130J Economic Order Quantity Items","","12","84","0","84","0","0","0","0","0","","","Lockheed Martin","Marietta GA","0","0","","","2017-BASE_PROCUREMENT-2017-AIRFORCE_AIRCRAFT_VOL1-U_PROCUREMENT_MasterJustificationBook_Air_Force_PB_2017.zzz_unzipped-U_PROCUREMENT_MasterJustificationBook_Air_Force_PB_2017.xml","f8d8f61e907a74fdbcc61c2f963800089af997881e4e9977e7629b29e606e7f9","0-3c6485239942ce34b9549929014cd9e4a3c59f4849a8f005ac7bdcecd4edca45","","","","","","","","0-ec1ac4c0e9f6b7831a8e4853ecc899a83deadfc70708a536fd48df24d0021e80","root.record.ItemExhibitList.P5Item"
"Airframe: EOQ","","12","92","0","92","0","0","","","","","","Lockheed Martin","Marietta GA","0","0","","","2017-BASE_PROCUREMENT-2017-AIRFORCE_AIRCRAFT_VOL2-U_PROCUREMENT_MasterJustificationBook_Air_Force_PB_2017.zzz_unzipped-U_PROCUREMENT_MasterJustificationBook_Air_Force_PB_2017.xml","e69e07728276534fdfa55b2844b939d33d50eb19a45e7ddc2b78cbe832e14bba","0-961f6946535b15ca8be1ac401d3a443585befad8340743d73f7bb2addff787a2","","","","","","","","0-fe7b7f92e1d4ab66c3532c1d69b93a4ccc4ed4b975ed99bd417b5278d6fd0353","root.record.ItemExhibitList.P5Item"
"Airframe/Engines/Accessories: HC-130J Airframe Equipment","","12","48","","48","","","","","","","","","","","","","","2017-BASE_PROCUREMENT-2017-AIRFORCE_AIRCRAFT_VOL2-U_PROCUREMENT_MasterJustificationBook_Air_Force_PB_2017.zzz_unzipped-U_PROCUREMENT_MasterJustificationBook_Air_Force_PB_2017.xml","04c0c41116e5f6904b16bf76340a6959e7f09069c196fcfad2d2be879207724f","0-4a77e3a85016ee4ee9c8e23b03d7a68c2705a937d6b30d26a0387b95963b5185","","","","","","","","0-9435c9294c54062b875cf2b71f022f0037e38fa6508a5a1d38ac4b8826177dc5","root.record.ItemExhibitList.P5Item"
"Airframe/Engines/Accessories: MC-130J Economic Order Quantity Items","","12","84","0","84","0","0","0","0","0","","","Lockheed Martin","Marietta GA","0","0","","","2017-BASE_PROCUREMENT-2017-AIRFORCE_AIRCRAFT_VOL2-U_PROCUREMENT_MasterJustificationBook_Air_Force_PB_2017.zzz_unzipped-U_PROCUREMENT_MasterJustificationBook_Air_Force_PB_2017.xml","0dd91f4446d3575886727ff6a8249093ad91205b21e77ef7cfe082bffa942faf","0-18ef1966e52e3e9219bd8855c9575e04cf9ff927f5a703265719c7d6c1b3fb02","","","","","","","","0-238f4f75619d045bd2fb9f82d8bf5f233308df41a22645f08fd5f400873855e4","root.record.ItemExhibitList.P5Item"
"EOQ","","0","20","","","","","","","","","","","","","","","","2017-BASE_PROCUREMENT-2017-NAVY_AIRCRAFT_BA1-4-U_PROCUREMENT_JustificationBook_Navy_PB_2017.zzz_unzipped-U_PROCUREMENT_JustificationBook_Navy_PB_2017.xml","555bec654b4c1867124dcbd9314b42f5776b3b543281c6d487aa3d154f493c05","0-8bbfb4285f46c6f208292ba8c49411b7224bceb2e7ae03f5a772e9b2f28cc3a3","0","","","","","","","0-16e1251639660d6c7e6a7ce4c3128cc090e8299d15350c3c395aa2ffa6be7e32","root.record.ItemExhibitList.P5Item"
"Airframe For FY 2013 EOQ/Long Lead","","0","38.984","","","","","","","","","","","","","","","","2017-BASE_PROCUREMENT-2017-NAVY_AIRCRAFT_BA1-4-U_PROCUREMENT_JustificationBook_Navy_PB_2017.zzz_unzipped-U_PROCUREMENT_JustificationBook_Navy_PB_2017.xml","6a5e6f143345269ecf4f7575802b96635f13b6bb722b201fc463fb59d7cad159","0-b620e7a202d1c425abd15b47622725fb8b588e1b0003f0ea7522514f704ee7d1","0","","","","","","","0-a079acf2446703fa5e9e315ee80df2b0c23a2401bc519abfd5f907e3fd4f63a6","root.record.ItemExhibitList.P5Item"
"Airframe For FY 2014 EOQ/Long Lead","","0","53.858","","","","","","","","","","","","","","","","2017-BASE_PROCUREMENT-2017-NAVY_AIRCRAFT_BA1-4-U_PROCUREMENT_JustificationBook_Navy_PB_2017.zzz_unzipped-U_PROCUREMENT_JustificationBook_Navy_PB_2017.xml","6a5e6f143345269ecf4f7575802b96635f13b6bb722b201fc463fb59d7cad159","1-f75d29bc963f8fc785d7066ee5679cb28677f50ff5819bcf04518a4b42c5b74b","0","","","","","","","0-a079acf2446703fa5e9e315ee80df2b0c23a2401bc519abfd5f907e3fd4f63a6","root.record.ItemExhibitList.P5Item"
"Airframe For FY 2015 EOQ/Long Lead","","0","86.742","","","","","","","","","","","","","","","","2017-BASE_PROCUREMENT-2017-NAVY_AIRCRAFT_BA1-4-U_PROCUREMENT_JustificationBook_Navy_PB_2017.zzz_unzipped-U_PROCUREMENT_JustificationBook_Navy_PB_2017.xml","6a5e6f143345269ecf4f7575802b96635f13b6bb722b201fc463fb59d7cad159","2-de39289547c9df7e72298c7932c4475690dec85ce51201c16bb015806894da9e","0","","","","","","","0-a079acf2446703fa5e9e315ee80df2b0c23a2401bc519abfd5f907e3fd4f63a6","root.record.ItemExhibitList.P5Item"
"Airframe For FY 2016 EOQ/Long Lead","","0","9.768","","","85.828","","","","","","","","","","","","","2017-BASE_PROCUREMENT-2017-NAVY_AIRCRAFT_BA1-4-U_PROCUREMENT_JustificationBook_Navy_PB_2017.zzz_unzipped-U_PROCUREMENT_JustificationBook_Navy_PB_2017.xml","6a5e6f143345269ecf4f7575802b96635f13b6bb722b201fc463fb59d7cad159","3-940349fe328b5190ab3af9df251425c9a17caff2b893f608dd6bdd6e935092b6","0","","","","","","","0-a079acf2446703fa5e9e315ee80df2b0c23a2401bc519abfd5f907e3fd4f63a6","root.record.ItemExhibitList.P5Item"
"CC/Avionics For FY 2013 EOQ/Long Lead","","0","59","","","","","","","","","","","","","","","","2017-BASE_PROCUREMENT-2017-NAVY_AIRCRAFT_BA1-4-U_PROCUREMENT_JustificationBook_Navy_PB_2017.zzz_unzipped-U_PROCUREMENT_JustificationBook_Navy_PB_2017.xml","6a5e6f143345269ecf4f7575802b96635f13b6bb722b201fc463fb59d7cad159","4-ec5f09999beb482c33b9047037bf77a6932f0637c0a3a9e7a85485837bb901a4","0","","","","","","","0-a079acf2446703fa5e9e315ee80df2b0c23a2401bc519abfd5f907e3fd4f63a6","root.record.ItemExhibitList.P5Item"
"CC/Avionics For FY 2014 EOQ/Long Lead","","0","80.835","","","","","","","","","","","","","","","","2017-BASE_PROCUREMENT-2017-NAVY_AIRCRAFT_BA1-4-U_PROCUREMENT_JustificationBook_Navy_PB_2017.zzz_unzipped-U_PROCUREMENT_JustificationBook_Navy_PB_2017.xml","6a5e6f143345269ecf4f7575802b96635f13b6bb722b201fc463fb59d7cad159","5-5cde691bce9826aa9de3645b339c61b8c9ee3f827bc04f98114224eb77bcd7ce","0","","","","","","","0-a079acf2446703fa5e9e315ee80df2b0c23a2401bc519abfd5f907e3fd4f63a6","root.record.ItemExhibitList.P5Item"
"CC/Avionics For FY 2015 EOQ/Long Lead","","0","106.063","","","","","","","","","","","","","","","","2017-BASE_PROCUREMENT-2017-NAVY_AIRCRAFT_BA1-4-U_PROCUREMENT_JustificationBook_Navy_PB_2017.zzz_unzipped-U_PROCUREMENT_JustificationBook_Navy_PB_2017.xml","6a5e6f143345269ecf4f7575802b96635f13b6bb722b201fc463fb59d7cad159","6-f594f9a7234177e90c8710555317007a09fecee75aff0702b12f1caaa7dd7e9e","0","","","","","","","0-a079acf2446703fa5e9e315ee80df2b0c23a2401bc519abfd5f907e3fd4f63a6","root.record.ItemExhibitList.P5Item"
"CC/Avionics For FY 2016 EOQ/Long Lead","Cost Element for CC/Avionics For FY 2016 EOQ/Long Lead increase from the FY 2016 President's budget reflects funds reprogrammed into FY 2015 Advance Procurement to fully fund the Lockheed Martin MYP requirement for the FY 2016 production aircraft.","0","98.978","","","28.858","","","","","","","","","","","","","2017-BASE_PROCUREMENT-2017-NAVY_AIRCRAFT_BA1-4-U_PROCUREMENT_JustificationBook_Navy_PB_2017.zzz_unzipped-U_PROCUREMENT_JustificationBook_Navy_PB_2017.xml","6a5e6f143345269ecf4f7575802b96635f13b6bb722b201fc463fb59d7cad159","7-9420c580a9f73ed3156ff41747cf23ad519d844d34269773344752e1da71e0e8","0","","","","","","","0-a079acf2446703fa5e9e315ee80df2b0c23a2401bc519abfd5f907e3fd4f63a6","root.record.ItemExhibitList.P5Item"
"For FY 2016 EOQ/Long Lead","","0","","","","10.311","","","","","","","","","","","","","2017-BASE_PROCUREMENT-2017-NAVY_AIRCRAFT_BA1-4-U_PROCUREMENT_JustificationBook_Navy_PB_2017.zzz_unzipped-U_PROCUREMENT_JustificationBook_Navy_PB_2017.xml","219653411bc7eef6808f7abbfd8195ac1a7d7f4155d13571c4151c067463b2c5","0-31b0c2f17f6adb1b1842393ce72ae644b4b7777e918be40e93108e4e6e1949b9","0","","","","","","","0-c299df87ead23d2c095410fd731fd5f29e0c71bae2c4488c4f6e26596ee014c1","root.record.ItemExhibitList.P5Item"
"For FY 2017 EOQ/Long Lead","","0","","5.499","","2.234","","","","","","","","","","","","","2017-BASE_PROCUREMENT-2017-NAVY_AIRCRAFT_BA1-4-U_PROCUREMENT_JustificationBook_Navy_PB_2017.zzz_unzipped-U_PROCUREMENT_JustificationBook_Navy_PB_2017.xml","219653411bc7eef6808f7abbfd8195ac1a7d7f4155d13571c4151c067463b2c5","1-e19666d075086523867b53d47608b05bf914c4fc93e4e9334552347b986fa819","0","","","","","","","0-c299df87ead23d2c095410fd731fd5f29e0c71bae2c4488c4f6e26596ee014c1","root.record.ItemExhibitList.P5Item"
"For FY 2018 EOQ/Long Lead","","0","","5.499","","2.234","","","","","","","","","","","","","2017-BASE_PROCUREMENT-2017-NAVY_AIRCRAFT_BA1-4-U_PROCUREMENT_JustificationBook_Navy_PB_2017.zzz_unzipped-U_PROCUREMENT_JustificationBook_Navy_PB_2017.xml","219653411bc7eef6808f7abbfd8195ac1a7d7f4155d13571c4151c067463b2c5","2-a4f13bae800bde1eb3b5a40786e3b0b726eae09af75a0845b51413e070af2343","0","","","","","","","0-c299df87ead23d2c095410fd731fd5f29e0c71bae2c4488c4f6e26596ee014c1","root.record.ItemExhibitList.P5Item"
"For FY 2019 EOQ/Long Lead","","0","","4.296","","1.718","","","","","","","","","","","","","2017-BASE_PROCUREMENT-2017-NAVY_AIRCRAFT_BA1-4-U_PROCUREMENT_JustificationBook_Navy_PB_2017.zzz_unzipped-U_PROCUREMENT_JustificationBook_Navy_PB_2017.xml","219653411bc7eef6808f7abbfd8195ac1a7d7f4155d13571c4151c067463b2c5","3-f45b2a4d7bb5b5d27880da8d3214c3196654260a26a6bd4c03f8320037a92707","0","","","","","","","0-c299df87ead23d2c095410fd731fd5f29e0c71bae2c4488c4f6e26596ee014c1","root.record.ItemExhibitList.P5Item"
"EOQ","","0","20","","","","","","","","","","","","","","","","2017-BASE_PROCUREMENT-2017-NAVY_AIRCRAFT_BA7-U_PROCUREMENT_MasterJustificationBook_Navy_PB_2017.zzz_unzipped-U_PROCUREMENT_MasterJustificationBook_Navy_PB_2017.xml","de8d029582830ec73b6dfc61b503cb2f65019363b4494e029b6ed01a856247ba","0-6d8417ed2c02385869d05aa99b5c79a4915f2c355d568e5df5f183c70064c37a","0","","","","","","","0-da13583babbce7b091b6c22bcb6cefee28cbbd7497fe047e5f4f957579472d2f","root.record.ItemExhibitList.P5Item"
"Airframe For FY 2013 EOQ/Long Lead","","0","38.984","","","","","","","","","","","","","","","","2017-BASE_PROCUREMENT-2017-NAVY_AIRCRAFT_BA7-U_PROCUREMENT_MasterJustificationBook_Navy_PB_2017.zzz_unzipped-U_PROCUREMENT_MasterJustificationBook_Navy_PB_2017.xml","9eb723de1a8916ea77f2b799682a39678e536b59c61f97964db92994f1fa1347","0-bdc9a0e1250205f423cf08aad6ea2c93f70c0b970019cc9aa5b1332826598e7b","0","","","","","","","0-ffdb60bfdb96f4b1b8413eb2e2cbcc79f5a85bf9b32178048635e68cd088cde1","root.record.ItemExhibitList.P5Item"
"Airframe For FY 2014 EOQ/Long Lead","","0","53.858","","","","","","","","","","","","","","","","2017-BASE_PROCUREMENT-2017-NAVY_AIRCRAFT_BA7-U_PROCUREMENT_MasterJustificationBook_Navy_PB_2017.zzz_unzipped-U_PROCUREMENT_MasterJustificationBook_Navy_PB_2017.xml","9eb723de1a8916ea77f2b799682a39678e536b59c61f97964db92994f1fa1347","1-41615c85f0e06b7b34ecb2a70ed99303b2ae2ea9eb0e37f9f3e056ac3fa88c95","0","","","","","","","0-ffdb60bfdb96f4b1b8413eb2e2cbcc79f5a85bf9b32178048635e68cd088cde1","root.record.ItemExhibitList.P5Item"
"Airframe For FY 2015 EOQ/Long Lead","","0","86.742","","","","","","","","","","","","","","","","2017-BASE_PROCUREMENT-2017-NAVY_AIRCRAFT_BA7-U_PROCUREMENT_MasterJustificationBook_Navy_PB_2017.zzz_unzipped-U_PROCUREMENT_MasterJustificationBook_Navy_PB_2017.xml","9eb723de1a8916ea77f2b799682a39678e536b59c61f97964db92994f1fa1347","2-848bdfcbfefa6033edd9f6f8bd7dc32883b84ad4365170ddcb7fe97ce5540afa","0","","","","","","","0-ffdb60bfdb96f4b1b8413eb2e2cbcc79f5a85bf9b32178048635e68cd088cde1","root.record.ItemExhibitList.P5Item"
"Airframe For FY 2016 EOQ/Long Lead","","0","9.768","","","85.828","","","","","","","","","","","","","2017-BASE_PROCUREMENT-2017-NAVY_AIRCRAFT_BA7-U_PROCUREMENT_MasterJustificationBook_Navy_PB_2017.zzz_unzipped-U_PROCUREMENT_MasterJustificationBook_Navy_PB_2017.xml","9eb723de1a8916ea77f2b799682a39678e536b59c61f97964db92994f1fa1347","3-53a4d414d3e8f498760531856ecaa4a43e791148a33ca66bc915dfac59ce359b","0","","","","","","","0-ffdb60bfdb96f4b1b8413eb2e2cbcc79f5a85bf9b32178048635e68cd088cde1","root.record.ItemExhibitList.P5Item"
"CC/Avionics For FY 2013 EOQ/Long Lead","","0","59","","","","","","","","","","","","","","","","2017-BASE_PROCUREMENT-2017-NAVY_AIRCRAFT_BA7-U_PROCUREMENT_MasterJustificationBook_Navy_PB_2017.zzz_unzipped-U_PROCUREMENT_MasterJustificationBook_Navy_PB_2017.xml","9eb723de1a8916ea77f2b799682a39678e536b59c61f97964db92994f1fa1347","4-514377f4dc8026d93310ff73131a401c196de35b922c391e6d99482bbefd3ebe","0","","","","","","","0-ffdb60bfdb96f4b1b8413eb2e2cbcc79f5a85bf9b32178048635e68cd088cde1","root.record.ItemExhibitList.P5Item"
"CC/Avionics For FY 2014 EOQ/Long Lead","","0","80.835","","","","","","","","","","","","","","","","2017-BASE_PROCUREMENT-2017-NAVY_AIRCRAFT_BA7-U_PROCUREMENT_MasterJustificationBook_Navy_PB_2017.zzz_unzipped-U_PROCUREMENT_MasterJustificationBook_Navy_PB_2017.xml","9eb723de1a8916ea77f2b799682a39678e536b59c61f97964db92994f1fa1347","5-a986a6b1a124e7324b733fdaf2520ff0aa990821d9236166303287db2082e340","0","","","","","","","0-ffdb60bfdb96f4b1b8413eb2e2cbcc79f5a85bf9b32178048635e68cd088cde1","root.record.ItemExhibitList.P5Item"
"CC/Avionics For FY 2015 EOQ/Long Lead","","0","106.063","","","","","","","","","","","","","","","","2017-BASE_PROCUREMENT-2017-NAVY_AIRCRAFT_BA7-U_PROCUREMENT_MasterJustificationBook_Navy_PB_2017.zzz_unzipped-U_PROCUREMENT_MasterJustificationBook_Navy_PB_2017.xml","9eb723de1a8916ea77f2b799682a39678e536b59c61f97964db92994f1fa1347","6-fc923c566ae63bec65b2cdbdd2283f444ac3ff113cd7454058da277ee42b4b40","0","","","","","","","0-ffdb60bfdb96f4b1b8413eb2e2cbcc79f5a85bf9b32178048635e68cd088cde1","root.record.ItemExhibitList.P5Item"
"CC/Avionics For FY 2016 EOQ/Long Lead","Cost Element for CC/Avionics For FY 2016 EOQ/Long Lead increase from the FY 2016 President's budget reflects funds reprogrammed into FY 2015 Advance Procurement to fully fund the Lockheed Martin MYP requirement for the FY 2016 production aircraft.","0","98.978","","","28.858","","","","","","","","","","","","","2017-BASE_PROCUREMENT-2017-NAVY_AIRCRAFT_BA7-U_PROCUREMENT_MasterJustificationBook_Navy_PB_2017.zzz_unzipped-U_PROCUREMENT_MasterJustificationBook_Navy_PB_2017.xml","9eb723de1a8916ea77f2b799682a39678e536b59c61f97964db92994f1fa1347","7-44e42deb7d3af0d263071b7a29e86f36b5e6eb4bf5cf1ec6f1e7c28caed50a0e","0","","","","","","","0-ffdb60bfdb96f4b1b8413eb2e2cbcc79f5a85bf9b32178048635e68cd088cde1","root.record.ItemExhibitList.P5Item"
"For FY 2016 EOQ/Long Lead","","0","","","","10.311","","","","","","","","","","","","","2017-BASE_PROCUREMENT-2017-NAVY_AIRCRAFT_BA7-U_PROCUREMENT_MasterJustificationBook_Navy_PB_2017.zzz_unzipped-U_PROCUREMENT_MasterJustificationBook_Navy_PB_2017.xml","9e49cdeea02b8dbbb466257ef555285a30cb599dfd57513cc5dc37c5f404bfa3","0-03d5aaf6fb502e2a71cb5508caf7f20ac0167e70d20f085f29ff9126c89f575c","0","","","","","","","0-867062bba07ff072ce8bfb51fd4e1fa584cf9a92bb31ae6164d857d03620c064","root.record.ItemExhibitList.P5Item"
"For FY 2017 EOQ/Long Lead","","0","","5.499","","2.234","","","","","","","","","","","","","2017-BASE_PROCUREMENT-2017-NAVY_AIRCRAFT_BA7-U_PROCUREMENT_MasterJustificationBook_Navy_PB_2017.zzz_unzipped-U_PROCUREMENT_MasterJustificationBook_Navy_PB_2017.xml","9e49cdeea02b8dbbb466257ef555285a30cb599dfd57513cc5dc37c5f404bfa3","1-c78b77c26fae71f8532f1dd2c03fb43663f7a5c54133f7d0098920b6023e5f09","0","","","","","","","0-867062bba07ff072ce8bfb51fd4e1fa584cf9a92bb31ae6164d857d03620c064","root.record.ItemExhibitList.P5Item"
"For FY 2018 EOQ/Long Lead","","0","","5.499","","2.234","","","","","","","","","","","","","2017-BASE_PROCUREMENT-2017-NAVY_AIRCRAFT_BA7-U_PROCUREMENT_MasterJustificationBook_Navy_PB_2017.zzz_unzipped-U_PROCUREMENT_MasterJustificationBook_Navy_PB_2017.xml","9e49cdeea02b8dbbb466257ef555285a30cb599dfd57513cc5dc37c5f404bfa3","2-113a9c016ee5b8cdc72f55191edddbd922523023b927bf9e8a42e6c9492dcb07","0","","","","","","","0-867062bba07ff072ce8bfb51fd4e1fa584cf9a92bb31ae6164d857d03620c064","root.record.ItemExhibitList.P5Item"
"For FY 2019 EOQ/Long Lead","","0","","4.296","","1.718","","","","","","","","","","","","","2017-BASE_PROCUREMENT-2017-NAVY_AIRCRAFT_BA7-U_PROCUREMENT_MasterJustificationBook_Navy_PB_2017.zzz_unzipped-U_PROCUREMENT_MasterJustificationBook_Navy_PB_2017.xml","9e49cdeea02b8dbbb466257ef555285a30cb599dfd57513cc5dc37c5f404bfa3","3-1f203ed6af80db1318dbde2e5e5f3cc76e2a38edb412bd2e1778811c63e65946","0","","","","","","","0-867062bba07ff072ce8bfb51fd4e1fa584cf9a92bb31ae6164d857d03620c064","root.record.ItemExhibitList.P5Item"
"Airframe: EOQ","","12","92","0","","0","0","","","","","","N//A","N/A","12","12","","","2018-BASE_PROCUREMENT-2018-AIRFORCE_AIRCRAFT_VOL1-U_PROCUREMENT_JustificationBook_Air_Force_PB_2018.zzz_unzipped-U_PROCUREMENT_JustificationBook_Air_Force_PB_2018.xml","3013d2c99ef7883e19c7b93224fdff50f8c7263434425601604d25632bc020a5","0-6903e014d0d325d37d2cb45a67a0403af9ba9947865985d7a1c4a2707b0c6567","","","","","","","","0-b72fbc9016d2bfa0e93d7d827285565346ee8e7efa58868739d857246ee463dc","root.record.ItemExhibitList.P5Item"
"Airframe/Engines/Accessories: HC-130J Airframe Equipment","","12","48","0","","0","0","","","","","","Lockheed Martin","Marietta GA","12","12","","","2018-BASE_PROCUREMENT-2018-AIRFORCE_AIRCRAFT_VOL1-U_PROCUREMENT_JustificationBook_Air_Force_PB_2018.zzz_unzipped-U_PROCUREMENT_JustificationBook_Air_Force_PB_2018.xml","1064caa6aad62d617f267eeab8b71ff24316efc723669cb41e40e5531ed97467","0-53d90bb9a6c9a29ebbbdabf9fbf4820167332322f5ae7270205e319e191b1868","","","","","","","","0-4948cef45c6eceb44b53c5930ca481e0af537f0cee599ea1aa62ed63fb5162ea","root.record.ItemExhibitList.P5Item"
"Airframe/Engines/Accessories: MC-130J Economic Order Quantity Items","","12","84","0","","0","0","","","","","","Lockheed Martin","Marietta GA","0","0","","","2018-BASE_PROCUREMENT-2018-AIRFORCE_AIRCRAFT_VOL1-U_PROCUREMENT_JustificationBook_Air_Force_PB_2018.zzz_unzipped-U_PROCUREMENT_JustificationBook_Air_Force_PB_2018.xml","5282f14dc345aeb069c9862d0a8e6f568c12f7a22a00e4757ffea9e6ec73b23d","0-b6586f868f2d3220d14e2b36824a3de46a63e289b9d4ebfb4c94acaebfb2d1e2","","","","","","","","0-24cb65dca9a682b36ff1ef77be7b4c30eddfcf74b2fd4a36faae3b7a9968c77a","root.record.ItemExhibitList.P5Item"
"Airframe: EOQ","","12","92","0","","0","0","","","","","","N//A","N/A","12","12","","","2018-BASE_PROCUREMENT-2018-AIRFORCE_AIRCRAFT_VOL2-U_PROCUREMENT_MasterJustificationBook_Air_Force_PB_2018.zzz_unzipped-U_PROCUREMENT_MasterJustificationBook_Air_Force_PB_2018.xml","f11abe99c918ba00d36c7bd6b850c69903d0cf64dd50e793b748479423a9a87c","0-d108ba61afc196a82688e426c423c8aafc8a3a2ad0ce1259cd867e2144768dae","","","","","","","","0-69e6fe8b43455742b4d184be79105d340865b2c7b0e2564e61513e5c5e7aabb1","root.record.ItemExhibitList.P5Item"
"Airframe/Engines/Accessories: HC-130J Airframe Equipment","","12","48","0","","0","0","","","","","","Lockheed Martin","Marietta GA","12","12","","","2018-BASE_PROCUREMENT-2018-AIRFORCE_AIRCRAFT_VOL2-U_PROCUREMENT_MasterJustificationBook_Air_Force_PB_2018.zzz_unzipped-U_PROCUREMENT_MasterJustificationBook_Air_Force_PB_2018.xml","52d3e8eceb99048e70461d8badb057e5f9170779e5b578ac08b8b3a06143352f","0-e0e8a50c88a7e9ac37107beed928834643669819161259b9973aa9f7f0dc0668","","","","","","","","0-65ac01ac121c077efe23f6202d9a10e5738c15e2b5688585dfbc041d440b8cc5","root.record.ItemExhibitList.P5Item"
"Airframe/Engines/Accessories: MC-130J Economic Order Quantity Items","","12","84","0","","0","0","","","","","","Lockheed Martin","Marietta GA","0","0","","","2018-BASE_PROCUREMENT-2018-AIRFORCE_AIRCRAFT_VOL2-U_PROCUREMENT_MasterJustificationBook_Air_Force_PB_2018.zzz_unzipped-U_PROCUREMENT_MasterJustificationBook_Air_Force_PB_2018.xml","3a9accd390ed2b4c0db815f8762265e56f4da2f42dfd3f6bf46e7026cfaa4062","0-05128cfd6563a55792b60fb4efd0a5d82a727a6fbbc157aaaaa9d6b52e74eecf","","","","","","","","0-5df550789bb7fbdd2f8ea4fd57a1b299ef7ce9372b85f9486e88b491a3345225","root.record.ItemExhibitList.P5Item"
"EOQ","","0","20","","","","","","","","","","","","","","","","2018-BASE_PROCUREMENT-2018-NAVY_AIRCRAFT_BA1-4-U_PROCUREMENT_JustificationBook_Navy_PB_2018.zzz_unzipped-U_PROCUREMENT_JustificationBook_Navy_PB_2018.xml","884853d3f623833755330fdfeb01cbd0fa45d96aca9a34b4c161d19194de04ae","0-d2b7950355691bff4448fd7dc0dd873844d881c205222ab7b1c769f1df8d6c9b","0","","","","","","","0-2d7811dc145f16f23b9e156cf9116639b1827eea417cec811ecc6bed660de3f8","root.record.ItemExhibitList.P5Item"
"For FY 2016 EOQ/Long Lead","","0","10.311","","","","","","","","","","","","","","","","2018-BASE_PROCUREMENT-2018-NAVY_AIRCRAFT_BA1-4-U_PROCUREMENT_JustificationBook_Navy_PB_2018.zzz_unzipped-U_PROCUREMENT_JustificationBook_Navy_PB_2018.xml","42a9bfaff7425bfd11014b778f977fe624f874fdc0f448de452703de3c2e6635","0-c1e99909a4db174ccbe2cf50d44205bd94e593627317d8fc6cbbbd3316bc568c","0","","","","","","","0-87bfa52afd9545d9bbf1031b3a5d5d0ee1fadaf72fe0a232221b4dd32b0fda45","root.record.ItemExhibitList.P5Item"
"For FY 2017 EOQ/Long Lead","","0","2.234","","","5.499","","","","","","","","","","","","","2018-BASE_PROCUREMENT-2018-NAVY_AIRCRAFT_BA1-4-U_PROCUREMENT_JustificationBook_Navy_PB_2018.zzz_unzipped-U_PROCUREMENT_JustificationBook_Navy_PB_2018.xml","42a9bfaff7425bfd11014b778f977fe624f874fdc0f448de452703de3c2e6635","1-c27ed4654141d93506f2fc5de92acd9671cf1ffaa25dfe1a3e1ee8cd64cab914","0","","","","","","","0-87bfa52afd9545d9bbf1031b3a5d5d0ee1fadaf72fe0a232221b4dd32b0fda45","root.record.ItemExhibitList.P5Item"
"For FY 2018 EOQ/Long Lead","","0","2.234","","","5.499","","","","","","","","","","","","","2018-BASE_PROCUREMENT-2018-NAVY_AIRCRAFT_BA1-4-U_PROCUREMENT_JustificationBook_Navy_PB_2018.zzz_unzipped-U_PROCUREMENT_JustificationBook_Navy_PB_2018.xml","42a9bfaff7425bfd11014b778f977fe624f874fdc0f448de452703de3c2e6635","2-451f24c1d6cda08bed4e75b25a086ef6919f2a3571c25491dca1848b6c7d2a15","0","","","","","","","0-87bfa52afd9545d9bbf1031b3a5d5d0ee1fadaf72fe0a232221b4dd32b0fda45","root.record.ItemExhibitList.P5Item"
"For FY 2019 EOQ/Long Lead","","0","1.718","","","4.296","","","","","","","","","","","","","2018-BASE_PROCUREMENT-2018-NAVY_AIRCRAFT_BA1-4-U_PROCUREMENT_JustificationBook_Navy_PB_2018.zzz_unzipped-U_PROCUREMENT_JustificationBook_Navy_PB_2018.xml","42a9bfaff7425bfd11014b778f977fe624f874fdc0f448de452703de3c2e6635","3-3ab4a78a5b6c49411c8c21e4a28097f1eed8e9af5370c11793ad429c00a129cf","0","","","","","","","0-87bfa52afd9545d9bbf1031b3a5d5d0ee1fadaf72fe0a232221b4dd32b0fda45","root.record.ItemExhibitList.P5Item"
"EOQ","","0","20","","","","","","","","","","","","","","","","2018-BASE_PROCUREMENT-2018-NAVY_AIRCRAFT_BA67-U_PROCUREMENT_MasterJustificationBook_Navy_PB_2018.zzz_unzipped-U_PROCUREMENT_MasterJustificationBook_Navy_PB_2018.xml","948f6040c68f10560d88ca67593f49078840d36a4407399d4922c6fc71ea8711","0-6445496cdee8acf1ddfbc15f218a5fe5906b3f1dfc43a429dffa782d9cc47097","0","","","","","","","0-b82618063ff19977a425c1207098b49ca02e71c8f7a11565393c1dcb06c8290d","root.record.ItemExhibitList.P5Item"
"For FY 2016 EOQ/Long Lead","","0","10.311","","","","","","","","","","","","","","","","2018-BASE_PROCUREMENT-2018-NAVY_AIRCRAFT_BA67-U_PROCUREMENT_MasterJustificationBook_Navy_PB_2018.zzz_unzipped-U_PROCUREMENT_MasterJustificationBook_Navy_PB_2018.xml","563e660848952195fe462412de0356b04bd931dcd9d28e0cfb748a4d7c404469","0-6e27bb4c19692c90b52aa0da038a5e817ae7d033653ae48cb7216ae16a52d0bf","0","","","","","","","0-dde4bd91f52265fdc42fa55ef448e65571974c349830f99c6577e4e3f01a735f","root.record.ItemExhibitList.P5Item"
"For FY 2017 EOQ/Long Lead","","0","2.234","","","5.499","","","","","","","","","","","","","2018-BASE_PROCUREMENT-2018-NAVY_AIRCRAFT_BA67-U_PROCUREMENT_MasterJustificationBook_Navy_PB_2018.zzz_unzipped-U_PROCUREMENT_MasterJustificationBook_Navy_PB_2018.xml","563e660848952195fe462412de0356b04bd931dcd9d28e0cfb748a4d7c404469","1-6a0f6bce34f7f70501e7aae304b3d083afcb94062270f80c74e1497c0245100d","0","","","","","","","0-dde4bd91f52265fdc42fa55ef448e65571974c349830f99c6577e4e3f01a735f","root.record.ItemExhibitList.P5Item"
"For FY 2018 EOQ/Long Lead","","0","2.234","","","5.499","","","","","","","","","","","","","2018-BASE_PROCUREMENT-2018-NAVY_AIRCRAFT_BA67-U_PROCUREMENT_MasterJustificationBook_Navy_PB_2018.zzz_unzipped-U_PROCUREMENT_MasterJustificationBook_Navy_PB_2018.xml","563e660848952195fe462412de0356b04bd931dcd9d28e0cfb748a4d7c404469","2-c769df6f84dd460523bf9d8ebbdab321ebbb3a7e2d4eae099ccfd1d7952dce18","0","","","","","","","0-dde4bd91f52265fdc42fa55ef448e65571974c349830f99c6577e4e3f01a735f","root.record.ItemExhibitList.P5Item"
"For FY 2019 EOQ/Long Lead","","0","1.718","","","4.296","","","","","","","","","","","","","2018-BASE_PROCUREMENT-2018-NAVY_AIRCRAFT_BA67-U_PROCUREMENT_MasterJustificationBook_Navy_PB_2018.zzz_unzipped-U_PROCUREMENT_MasterJustificationBook_Navy_PB_2018.xml","563e660848952195fe462412de0356b04bd931dcd9d28e0cfb748a4d7c404469","3-89dbcd0eaf53b3f16ee38677526cd7ff610e27c622be307b0a3896a58c054c8b","0","","","","","","","0-dde4bd91f52265fdc42fa55ef448e65571974c349830f99c6577e4e3f01a735f","root.record.ItemExhibitList.P5Item"
"Airframe/Engines/Accessories: HC-130J Airframe Equipment","","12","0","0","","0","0","","","","","","Lockheed Martin","Marietta GA","0","0","","","2019-BASE_PROCUREMENT-2019-AIRFORCE_AIRCRAFT_VOL1-U_PROCUREMENT_JustificationBook_Air_Force_PB_2019.zzz_unzipped-U_PROCUREMENT_JustificationBook_Air_Force_PB_2019.xml","e0673cb2550f564aa6d42ffc7db17b338b0ea30ff6cefba724dc2156b2ca7f51","0-939a0f84e62442d24e543e6d2771867bfcc8888597f9d34fe3e215035dcac778","","","","","","","","0-04a58cce1274ec77bd97f64163e7f10eee506bb8ff6ab4a964ee20458d45e4d5","root.record.ItemExhibitList.P5Item"
"Airframe/Engines/Accessories: MC-130J Economic Order Quantity Items","","12","84","0","","0","88","","","","","","Lockheed Martin","Marietta GA","12","12","","","2019-BASE_PROCUREMENT-2019-AIRFORCE_AIRCRAFT_VOL1-U_PROCUREMENT_JustificationBook_Air_Force_PB_2019.zzz_unzipped-U_PROCUREMENT_JustificationBook_Air_Force_PB_2019.xml","48d362fea8109f02805de255b38f14c8d3354fa434f24d725ad243831a52ca04","0-371834a3ed4791d29375d5dde42c1da74f9f10db60d40c94dcf0eb06b032f4c0","","","","","","","","0-cce7bbede1c95397f967f7fc35f689adfe871a58b440e4d7adc5080f7f27aee3","root.record.ItemExhibitList.P5Item"
"Airframe/Engines/Accessories: HC-130J Airframe Equipment","","12","0","0","","0","0","","","","","","Lockheed Martin","Marietta GA","0","0","","","2019-BASE_PROCUREMENT-2019-AIRFORCE_AIRCRAFT_VOL2-U_PROCUREMENT_MasterJustificationBook_Air_Force_PB_2019.zzz_unzipped-U_PROCUREMENT_MasterJustificationBook_Air_Force_PB_2019.xml","4ea7dbeed17529286c356893bd67d91b274d260621fb5a5444bb33e07128c318","0-374442c962f1f748f3bc54c19598b3ee5eb35fbc83c14dc939d0250deb63a6a9","","","","","","","","0-82ec93d0ede308d382ad1b162bca92fd9bbafc2d8cc67bd84fdddcaacba1d259","root.record.ItemExhibitList.P5Item"
"Airframe/Engines/Accessories: MC-130J Economic Order Quantity Items","","12","84","0","","0","88","","","","","","Lockheed Martin","Marietta GA","12","12","","","2019-BASE_PROCUREMENT-2019-AIRFORCE_AIRCRAFT_VOL2-U_PROCUREMENT_MasterJustificationBook_Air_Force_PB_2019.zzz_unzipped-U_PROCUREMENT_MasterJustificationBook_Air_Force_PB_2019.xml","25050f3609f71c4e582f0bda0141fc2b15087f0de79e5b8d4a91232f00b6bcb3","0-0f605c68460007427d6d9c6fcced0bfea04174afdc8090115ebcb99e2c600635","","","","","","","","0-35055c0c8b89b05fe09245292c97f5ffd9dd46e3df6790702a5930ee54da7db7","root.record.ItemExhibitList.P5Item"
"For FY 2016 EOQ/Long Lead","","0","10.311","","","","","","","","","","","","","","","","2019-BASE_PROCUREMENT-2019-NAVY_AIRCRAFT_BA1-4-U_PROCUREMENT_JustificationBook_Navy_PB_2019.zzz_unzipped-U_PROCUREMENT_JustificationBook_Navy_PB_2019.xml","7c17b00b2a043b33a8b058ad62ddfe34d1b550615c7f7ab07f5b46ea75fdd501","0-3b40bafc7a2835c7ab63df655b0044f7d00e17266b25f9951561d6ba4e16e9dc","0","","","","","","","0-02cc4004729f646d28681a2ae2fd32af1ea471abb43504dda65bd420460beec6","root.record.ItemExhibitList.P5Item"
"For FY 2017 EOQ/Long Lead","","0","7.733","","","","","","","","","","","","","","","","2019-BASE_PROCUREMENT-2019-NAVY_AIRCRAFT_BA1-4-U_PROCUREMENT_JustificationBook_Navy_PB_2019.zzz_unzipped-U_PROCUREMENT_JustificationBook_Navy_PB_2019.xml","7c17b00b2a043b33a8b058ad62ddfe34d1b550615c7f7ab07f5b46ea75fdd501","1-a270c70fdd3b69d28a85056ed6deeafc81a02a2ff95660f95bf074497b803838","0","","","","","","","0-02cc4004729f646d28681a2ae2fd32af1ea471abb43504dda65bd420460beec6","root.record.ItemExhibitList.P5Item"
"For FY 2018 EOQ/Long Lead","","0","7.733","","","","","","","","","","","","","","","","2019-BASE_PROCUREMENT-2019-NAVY_AIRCRAFT_BA1-4-U_PROCUREMENT_JustificationBook_Navy_PB_2019.zzz_unzipped-U_PROCUREMENT_JustificationBook_Navy_PB_2019.xml","7c17b00b2a043b33a8b058ad62ddfe34d1b550615c7f7ab07f5b46ea75fdd501","2-d9f2b9efbd340bbca3ea588720089f1dc75b5436a08ddeb1247367089507bc91","0","","","","","","","0-02cc4004729f646d28681a2ae2fd32af1ea471abb43504dda65bd420460beec6","root.record.ItemExhibitList.P5Item"
"For FY 2019 EOQ/Long Lead","","0","6.014","","","","","","","","","","","","","","","","2019-BASE_PROCUREMENT-2019-NAVY_AIRCRAFT_BA1-4-U_PROCUREMENT_JustificationBook_Navy_PB_2019.zzz_unzipped-U_PROCUREMENT_JustificationBook_Navy_PB_2019.xml","7c17b00b2a043b33a8b058ad62ddfe34d1b550615c7f7ab07f5b46ea75fdd501","3-ee63ca30089ca99a48179fb2b581a3328128a819a8310dbdb588a4fd4d926181","0","","","","","","","0-02cc4004729f646d28681a2ae2fd32af1ea471abb43504dda65bd420460beec6","root.record.ItemExhibitList.P5Item"
"For FY 2016 EOQ/Long Lead","","0","10.311","","","","","","","","","","","","","","","","2019-BASE_PROCUREMENT-2019-NAVY_AIRCRAFT_BA67-U_PROCUREMENT_MasterJustificationBook_Navy_PB_2019.zzz_unzipped-U_PROCUREMENT_MasterJustificationBook_Navy_PB_2019.xml","8f52259071c6225a871cf57ae16fdf94cec986e091adb4cd8a148468102d37e3","0-b370662b8d120a6e0949d3aabc0b60fba1be109a0569889164acf73ed2f050fc","0","","","","","","","0-91d939451024bbb609ea842eb998b167bdbe43b9688aaa9d592cb6bdd507373e","root.record.ItemExhibitList.P5Item"
"For FY 2017 EOQ/Long Lead","","0","7.733","","","","","","","","","","","","","","","","2019-BASE_PROCUREMENT-2019-NAVY_AIRCRAFT_BA67-U_PROCUREMENT_MasterJustificationBook_Navy_PB_2019.zzz_unzipped-U_PROCUREMENT_MasterJustificationBook_Navy_PB_2019.xml","8f52259071c6225a871cf57ae16fdf94cec986e091adb4cd8a148468102d37e3","1-f6cd1916abbbd56fa850e966b02907434157c491f7047e27930e1b548e6a52ac","0","","","","","","","0-91d939451024bbb609ea842eb998b167bdbe43b9688aaa9d592cb6bdd507373e","root.record.ItemExhibitList.P5Item"
"For FY 2018 EOQ/Long Lead","","0","7.733","","","","","","","","","","","","","","","","2019-BASE_PROCUREMENT-2019-NAVY_AIRCRAFT_BA67-U_PROCUREMENT_MasterJustificationBook_Navy_PB_2019.zzz_unzipped-U_PROCUREMENT_MasterJustificationBook_Navy_PB_2019.xml","8f52259071c6225a871cf57ae16fdf94cec986e091adb4cd8a148468102d37e3","2-6f360f209a1329c558645127dd636d70a7db3bb62fd41495686bb157d39f7239","0","","","","","","","0-91d939451024bbb609ea842eb998b167bdbe43b9688aaa9d592cb6bdd507373e","root.record.ItemExhibitList.P5Item"
"For FY 2019 EOQ/Long Lead","","0","6.014","","","","","","","","","","","","","","","","2019-BASE_PROCUREMENT-2019-NAVY_AIRCRAFT_BA67-U_PROCUREMENT_MasterJustificationBook_Navy_PB_2019.zzz_unzipped-U_PROCUREMENT_MasterJustificationBook_Navy_PB_2019.xml","8f52259071c6225a871cf57ae16fdf94cec986e091adb4cd8a148468102d37e3","3-5557734c3f29ed8154b1a05db1738f2fe74d16941ab8593202d631c1693e4827","0","","","","","","","0-91d939451024bbb609ea842eb998b167bdbe43b9688aaa9d592cb6bdd507373e","root.record.ItemExhibitList.P5Item"
"Airframe/Engines/Accessories: MC-130J Economic Order Quantity Items","","12","","88","","","","","","","","","","","","","","","2020-BASE_PROCUREMENT-2020-AIRFORCE_AIRCRAFT_VOL1-U_PROCUREMENT_JustificationBook_Air_Force_PB_2020.zzz_unzipped-U_PROCUREMENT_JustificationBook_Air_Force_PB_2020.xml","3a9f3c7050929e925bf578049fe78dd3bcde399b66f1b65c09b7388bb0c772a3","0-1d3aca65b630f68d585ec561f8740449d7a8afc1a47da12e258bce64179392e2","","","","","","","","0-efbbd1e378d341ca8c8837bbc5041fd425f2502b47186739d3e78c83e01ff98e","root.record.ItemExhibitList.P5Item"
"Airframe/Engines/Accessories: MC-130J Economic Order Quantity Items","","12","","88","","","","","","","","","","","","","","","2020-BASE_PROCUREMENT-2020-AIRFORCE_AIRCRAFT_VOL2-U_PROCUREMENT_MasterJustificationBook_Air_Force_PB_2020.zzz_unzipped-U_PROCUREMENT_MasterJustificationBook_Air_Force_PB_2020.xml","fbeb7d92a6f93f3229425ab3e79909b0c2623c52de8fc6dc289624a0a85bf926","0-b88ca57fcc79114781ac84640d1cf517e042bc99b2fa70c7127b23165f3ce3a9","","","","","","","","0-e317f7513786fbfd6454592250e41bea10f1cc9eaef8de677805402e2201c5e7","root.record.ItemExhibitList.P5Item"
"Aegis Advanced Procurement","","0","","","","","96.995","","","","","","","","","","","","2020-BASE_PROCUREMENT-2020-DEFENSE_MDA_VOL2-U_PROCUREMENT_JustificationBook_Missile_Defense_Agency_PB_2020.zzz_unzipped-U_PROCUREMENT_JustificationBook_Missile_Defense_Agency_PB_2020.xml","4312f1211b5468e3c9edc9895a2a0df252b271fe5fd3a59ae1e837c13f76ca57","0-9438665eea1085b93307bc5f788024268ffcfd2532b1880040194809bbcaf466","0","","","","","","","0-ed8bd2e22151f349f38c43a1d0a397c626eca1c55765312cce71494e8699b79c","root.record.ItemExhibitList.P5Item"
"Aegis Advanced Procurement","","0","","","","","96.995","","","","","","","","","","","","2020-BASE_PROCUREMENT-2020-DEFENSE_MDA_VOL2-U_PROCUREMENT_MasterJustificationBook_Missile_Defense_Agency_PB_2020.zzz_unzipped-U_PROCUREMENT_MasterJustificationBook_Missile_Defense_Agency_PB_2020.xml","b483ba9211e1f8f6912c501556535a8507377297755238b0c1f65c453549737d","0-f2de30fc740256eaa0fd6c097cf6f2932819554bfc482335c8a761f209c13385","0","","","","","","","0-56fb98f21cffbeb13a746c45de38a62c0e590e5e701d84893a2fbb0bfb9420c3","root.record.ItemExhibitList.P5Item"
"For FY 2016 EOQ/Long Lead","","0","10.311","","","","","","","","","","","","","","","","2020-BASE_PROCUREMENT-2020-NAVY_AIRCRAFT_BA1-4-U_PROCUREMENT_JustificationBook_Navy_PB_2020.zzz_unzipped-U_PROCUREMENT_JustificationBook_Navy_PB_2020.xml","7f283f1c82e586b2143bd7f4ec4766cf38bff0ab2f782dd7c7ee4ab0fa053df2","0-5dec16c39fcea7e37b5f3dd0c74fd538b2b6b317906b156f5668d9db2c76ea9c","0","","","","","","","0-d3dc3fd39cc8e08661b5caa5e2f5a19b07bf5cf75c8adbcb9f5219dfeda37899","root.record.ItemExhibitList.P5Item"
"For FY 2017 EOQ/Long Lead","","0","7.733","","","","","","","","","","","","","","","","2020-BASE_PROCUREMENT-2020-NAVY_AIRCRAFT_BA1-4-U_PROCUREMENT_JustificationBook_Navy_PB_2020.zzz_unzipped-U_PROCUREMENT_JustificationBook_Navy_PB_2020.xml","7f283f1c82e586b2143bd7f4ec4766cf38bff0ab2f782dd7c7ee4ab0fa053df2","1-3f0597812dc38652fb983310056a8a9b08dbafdd7f81654db1a2d4006abf3cc4","0","","","","","","","0-d3dc3fd39cc8e08661b5caa5e2f5a19b07bf5cf75c8adbcb9f5219dfeda37899","root.record.ItemExhibitList.P5Item"
"For FY 2018 EOQ/Long Lead","","0","7.733","","","","","","","","","","","","","","","","2020-BASE_PROCUREMENT-2020-NAVY_AIRCRAFT_BA1-4-U_PROCUREMENT_JustificationBook_Navy_PB_2020.zzz_unzipped-U_PROCUREMENT_JustificationBook_Navy_PB_2020.xml","7f283f1c82e586b2143bd7f4ec4766cf38bff0ab2f782dd7c7ee4ab0fa053df2","2-367cb128a531c45a7e5cb24d3792e839022bfc41072e599ddca59e74f599d780","0","","","","","","","0-d3dc3fd39cc8e08661b5caa5e2f5a19b07bf5cf75c8adbcb9f5219dfeda37899","root.record.ItemExhibitList.P5Item"
"For FY 2019 EOQ/Long Lead","","0","6.014","","","","","","","","","","","","","","","","2020-BASE_PROCUREMENT-2020-NAVY_AIRCRAFT_BA1-4-U_PROCUREMENT_JustificationBook_Navy_PB_2020.zzz_unzipped-U_PROCUREMENT_JustificationBook_Navy_PB_2020.xml","7f283f1c82e586b2143bd7f4ec4766cf38bff0ab2f782dd7c7ee4ab0fa053df2","3-49700b798ae4fc1d626219294481d1893ca9c934d42eca04d17265040a31cbbe","0","","","","","","","0-d3dc3fd39cc8e08661b5caa5e2f5a19b07bf5cf75c8adbcb9f5219dfeda37899","root.record.ItemExhibitList.P5Item"
"For FY 2016 EOQ/Long Lead","","0","10.311","","","","","","","","","","","","","","","","2020-BASE_PROCUREMENT-2020-NAVY_AIRCRAFT_BA6-7-U_PROCUREMENT_MasterJustificationBook_Navy_PB_2020.zzz_unzipped-U_PROCUREMENT_MasterJustificationBook_Navy_PB_2020.xml","2a5747d7166b3d9c03a53409f84ae2a38cc0e5f64d865b9bcce817240891ef75","0-0bb39b09a703c7aab420d7805b7f47f678a7b35958ef658fadaf95a1b5126694","0","","","","","","","0-1a435d21c4db4e4fa8a206bc18063f721155dc4b4b351ed5b8469d5f885a3d2b","root.record.ItemExhibitList.P5Item"
"For FY 2017 EOQ/Long Lead","","0","7.733","","","","","","","","","","","","","","","","2020-BASE_PROCUREMENT-2020-NAVY_AIRCRAFT_BA6-7-U_PROCUREMENT_MasterJustificationBook_Navy_PB_2020.zzz_unzipped-U_PROCUREMENT_MasterJustificationBook_Navy_PB_2020.xml","2a5747d7166b3d9c03a53409f84ae2a38cc0e5f64d865b9bcce817240891ef75","1-2c3930097fe6cbe99cb229ac1cbcd80fb72aa77b7598b491262a325d922c817d","0","","","","","","","0-1a435d21c4db4e4fa8a206bc18063f721155dc4b4b351ed5b8469d5f885a3d2b","root.record.ItemExhibitList.P5Item"
"For FY 2018 EOQ/Long Lead","","0","7.733","","","","","","","","","","","","","","","","2020-BASE_PROCUREMENT-2020-NAVY_AIRCRAFT_BA6-7-U_PROCUREMENT_MasterJustificationBook_Navy_PB_2020.zzz_unzipped-U_PROCUREMENT_MasterJustificationBook_Navy_PB_2020.xml","2a5747d7166b3d9c03a53409f84ae2a38cc0e5f64d865b9bcce817240891ef75","2-6fd77f1856cf92af296269a5dedc50819063defcb7a139e4497633dd96d14f89","0","","","","","","","0-1a435d21c4db4e4fa8a206bc18063f721155dc4b4b351ed5b8469d5f885a3d2b","root.record.ItemExhibitList.P5Item"
"For FY 2019 EOQ/Long Lead","","0","6.014","","","","","","","","","","","","","","","","2020-BASE_PROCUREMENT-2020-NAVY_AIRCRAFT_BA6-7-U_PROCUREMENT_MasterJustificationBook_Navy_PB_2020.zzz_unzipped-U_PROCUREMENT_MasterJustificationBook_Navy_PB_2020.xml","2a5747d7166b3d9c03a53409f84ae2a38cc0e5f64d865b9bcce817240891ef75","3-47db625186b8b8b774e71d774b8ddf7913fb1800cb59e2f668f63a61471bb075","0","","","","","","","0-1a435d21c4db4e4fa8a206bc18063f721155dc4b4b351ed5b8469d5f885a3d2b","root.record.ItemExhibitList.P5Item"
