[
    {
        "Name_val": "WGS B2FO Checkout & Launch\/Launch Readiness",
        "Cost_AllPriorYears_TotalCost_val": "0.000",
        "Cost_PriorYear_TotalCost_val": "0.000",
        "Cost_CurrentYear_TotalCost_val": "11.015",
        "Cost_BudgetYearOneBase_TotalCost_val": "13.478",
        "Cost_BudgetYearOne_TotalCost_val": "13.478",
        "Cost_BudgetYearTwo_TotalCost_val": "17.546",
        "Cost_BudgetYearThree_TotalCost_val": "27.453",
        "Cost_BudgetYearFour_TotalCost_val": "21.512",
        "Cost_BudgetYearFive_TotalCost_val": "11.955",
        "Cost_ToComplete_TotalCost_val": "5.847",
        "Cost_Total_TotalCost_val": "108.806",
        "@SOURCE_FILENAME": "2014-BASE_PROCUREMENT-2014-AIRFORCE_MISSILE-PROCUREMENT_JustificationBook_Air_Force_PB_2014.zzz_unzipped-PROCUREMENT_JustificationBook_Air_Force_PB_2014.xml",
        "@RECORDID": "6f7004931a2c572e5c1ca34b2a6a0b59973b39b72e8056443b59ec9d80c3d834",
        "@ROWID": "0-e3749f4f8a8812d11880cd0c84d1291abbdd849b2aaaebc26ef88b56a2a8a8f1",
        "@PARENTROWID": "0-265ff7815483913f93dc1e083e8678b08b87992489277c4fb9075fc4ed3e0656",
        "@PARENT": "root.record.ItemExhibitList.P5Item.CostElementCategoryList.Support.CostElementList.CostElement"
    },
    {
        "Name_val": "WGS B2FO Storage, Reactivation and Transport",
        "Cost_AllPriorYears_TotalCost_val": "0.000",
        "Cost_PriorYear_TotalCost_val": "0.000",
        "Cost_CurrentYear_TotalCost_val": "0.000",
        "Cost_BudgetYearOneBase_TotalCost_val": "0.000",
        "Cost_BudgetYearOne_TotalCost_val": "0.000",
        "Cost_BudgetYearTwo_TotalCost_val": "21.104",
        "Cost_BudgetYearThree_TotalCost_val": "21.844",
        "Cost_BudgetYearFour_TotalCost_val": "25",
        "Cost_BudgetYearFive_TotalCost_val": "25.37",
        "Cost_ToComplete_TotalCost_val": "0.000",
        "Cost_Total_TotalCost_val": "93.318",
        "@SOURCE_FILENAME": "2014-BASE_PROCUREMENT-2014-AIRFORCE_MISSILE-PROCUREMENT_JustificationBook_Air_Force_PB_2014.zzz_unzipped-PROCUREMENT_JustificationBook_Air_Force_PB_2014.xml",
        "@RECORDID": "6f7004931a2c572e5c1ca34b2a6a0b59973b39b72e8056443b59ec9d80c3d834",
        "@ROWID": "1-9d3192f60841103b24d96fa86fc48120c0c92b1e4f570ece44de836f34db9581",
        "@PARENTROWID": "0-265ff7815483913f93dc1e083e8678b08b87992489277c4fb9075fc4ed3e0656",
        "@PARENT": "root.record.ItemExhibitList.P5Item.CostElementCategoryList.Support.CostElementList.CostElement"
    },
    {
        "Name_val": "Command & Control System - Consolidated (CCS-C) WGS B2FO support",
        "Cost_AllPriorYears_TotalCost_val": "0.000",
        "Cost_PriorYear_TotalCost_val": "0.000",
        "Cost_CurrentYear_TotalCost_val": "0.000",
        "Cost_BudgetYearOneBase_TotalCost_val": "10.361",
        "Cost_BudgetYearOne_TotalCost_val": "10.361",
        "Cost_BudgetYearTwo_TotalCost_val": "11.134",
        "Cost_BudgetYearThree_TotalCost_val": "7.883",
        "Cost_BudgetYearFour_TotalCost_val": "10.136",
        "Cost_BudgetYearFive_TotalCost_val": "2.755",
        "Cost_ToComplete_TotalCost_val": "0.000",
        "Cost_Total_TotalCost_val": "42.269",
        "@SOURCE_FILENAME": "2014-BASE_PROCUREMENT-2014-AIRFORCE_MISSILE-PROCUREMENT_JustificationBook_Air_Force_PB_2014.zzz_unzipped-PROCUREMENT_JustificationBook_Air_Force_PB_2014.xml",
        "@RECORDID": "6f7004931a2c572e5c1ca34b2a6a0b59973b39b72e8056443b59ec9d80c3d834",
        "@ROWID": "2-6c9df3d1cca6e9b962735e3652cb629f2ac9da2eac03a986cb208d0b7364653a",
        "@PARENTROWID": "0-265ff7815483913f93dc1e083e8678b08b87992489277c4fb9075fc4ed3e0656",
        "@PARENT": "root.record.ItemExhibitList.P5Item.CostElementCategoryList.Support.CostElementList.CostElement"
    },
    {
        "Name_val": "WGS B2FO Checkout & Launch\/Launch Readiness",
        "Cost_AllPriorYears_TotalCost_val": "0.000",
        "Cost_PriorYear_TotalCost_val": "0.000",
        "Cost_CurrentYear_TotalCost_val": "11.015",
        "Cost_BudgetYearOneBase_TotalCost_val": "13.478",
        "Cost_BudgetYearOne_TotalCost_val": "13.478",
        "Cost_BudgetYearTwo_TotalCost_val": "17.546",
        "Cost_BudgetYearThree_TotalCost_val": "27.453",
        "Cost_BudgetYearFour_TotalCost_val": "21.512",
        "Cost_BudgetYearFive_TotalCost_val": "11.955",
        "Cost_ToComplete_TotalCost_val": "5.847",
        "Cost_Total_TotalCost_val": "108.806",
        "@SOURCE_FILENAME": "2014-BASE_PROCUREMENT-2014-AIRFORCE_MISSILE-PROCUREMENT_MasterJustificationBook_Air_Force_PB_2014.zzz_unzipped-PROCUREMENT_MasterJustificationBook_Air_Force_PB_2014.xml",
        "@RECORDID": "857f76317de3d25c3a255ca950be3c392ca814f92ecf378112cc41701d842fbc",
        "@ROWID": "0-7cf32a3194bb8944e9a22ec3acddd7709830e6b4d5e8da5048b6eb3e0f8d820e",
        "@PARENTROWID": "0-3f4a866c969889aa89815a91887dd4142389cf8c50612e1f91411d5c97a130e5",
        "@PARENT": "root.record.ItemExhibitList.P5Item.CostElementCategoryList.Support.CostElementList.CostElement"
    },
    {
        "Name_val": "WGS B2FO Storage, Reactivation and Transport",
        "Cost_AllPriorYears_TotalCost_val": "0.000",
        "Cost_PriorYear_TotalCost_val": "0.000",
        "Cost_CurrentYear_TotalCost_val": "0.000",
        "Cost_BudgetYearOneBase_TotalCost_val": "0.000",
        "Cost_BudgetYearOne_TotalCost_val": "0.000",
        "Cost_BudgetYearTwo_TotalCost_val": "21.104",
        "Cost_BudgetYearThree_TotalCost_val": "21.844",
        "Cost_BudgetYearFour_TotalCost_val": "25",
        "Cost_BudgetYearFive_TotalCost_val": "25.37",
        "Cost_ToComplete_TotalCost_val": "0.000",
        "Cost_Total_TotalCost_val": "93.318",
        "@SOURCE_FILENAME": "2014-BASE_PROCUREMENT-2014-AIRFORCE_MISSILE-PROCUREMENT_MasterJustificationBook_Air_Force_PB_2014.zzz_unzipped-PROCUREMENT_MasterJustificationBook_Air_Force_PB_2014.xml",
        "@RECORDID": "857f76317de3d25c3a255ca950be3c392ca814f92ecf378112cc41701d842fbc",
        "@ROWID": "1-d69cf6eda7289c4d7679fe1326a16ece5513e7c095e5eaf782b3a563b5d6cac3",
        "@PARENTROWID": "0-3f4a866c969889aa89815a91887dd4142389cf8c50612e1f91411d5c97a130e5",
        "@PARENT": "root.record.ItemExhibitList.P5Item.CostElementCategoryList.Support.CostElementList.CostElement"
    },
    {
        "Name_val": "Command & Control System - Consolidated (CCS-C) WGS B2FO support",
        "Cost_AllPriorYears_TotalCost_val": "0.000",
        "Cost_PriorYear_TotalCost_val": "0.000",
        "Cost_CurrentYear_TotalCost_val": "0.000",
        "Cost_BudgetYearOneBase_TotalCost_val": "10.361",
        "Cost_BudgetYearOne_TotalCost_val": "10.361",
        "Cost_BudgetYearTwo_TotalCost_val": "11.134",
        "Cost_BudgetYearThree_TotalCost_val": "7.883",
        "Cost_BudgetYearFour_TotalCost_val": "10.136",
        "Cost_BudgetYearFive_TotalCost_val": "2.755",
        "Cost_ToComplete_TotalCost_val": "0.000",
        "Cost_Total_TotalCost_val": "42.269",
        "@SOURCE_FILENAME": "2014-BASE_PROCUREMENT-2014-AIRFORCE_MISSILE-PROCUREMENT_MasterJustificationBook_Air_Force_PB_2014.zzz_unzipped-PROCUREMENT_MasterJustificationBook_Air_Force_PB_2014.xml",
        "@RECORDID": "857f76317de3d25c3a255ca950be3c392ca814f92ecf378112cc41701d842fbc",
        "@ROWID": "2-3b26e7961c4e9594fe6102a877f7829cc5077cbeceae14d6868955a638ca3d0f",
        "@PARENTROWID": "0-3f4a866c969889aa89815a91887dd4142389cf8c50612e1f91411d5c97a130e5",
        "@PARENT": "root.record.ItemExhibitList.P5Item.CostElementCategoryList.Support.CostElementList.CostElement"
    }
]