[
    {
        "Name_val": "WGS B2FO Checkout & Launch\/Launch Readiness",
        "Cost_AllPriorYears_TotalCost_val": "0.000",
        "Cost_PriorYear_TotalCost_val": "0.000",
        "Cost_CurrentYear_TotalCost_val": "11.015",
        "Cost_BudgetYearOneBase_TotalCost_val": "13.478",
        "Cost_BudgetYearOne_TotalCost_val": "13.478",
        "Cost_BudgetYearTwo_TotalCost_val": "17.546",
        "Cost_BudgetYearThree_TotalCost_val": "27.453",
        "Cost_BudgetYearFour_TotalCost_val": "21.512",
        "Cost_BudgetYearFive_TotalCost_val": "11.955",
        "Cost_ToComplete_TotalCost_val": "5.847",
        "Cost_Total_TotalCost_val": "108.806",
        "@SOURCE_FILENAME": "2014-BASE_PROCUREMENT-2014-AIRFORCE_MISSILE-PROCUREMENT_JustificationBook_Air_Force_PB_2014.zzz_unzipped-PROCUREMENT_JustificationBook_Air_Force_PB_2014.xml",
        "@RECORDID": "6f7004931a2c572e5c1ca34b2a6a0b59973b39b72e8056443b59ec9d80c3d834",
        "@ROWID": "0-9da2263a3d2a6276b36a8e4f8ac302acf8c97bceff2f749d3a19584084e84ed5",
        "@PARENTROWID": "0-54b37459e66e6cad56dba7d1c0dc7d66b086a3ca5a05065a3c47c91704467142",
        "@PARENT": "root.record.ItemExhibitList.P5Item.CostElementCategoryList.Support.CostElementList.CostElement"
    },
    {
        "Name_val": "WGS B2FO Storage, Reactivation and Transport",
        "Cost_AllPriorYears_TotalCost_val": "0.000",
        "Cost_PriorYear_TotalCost_val": "0.000",
        "Cost_CurrentYear_TotalCost_val": "0.000",
        "Cost_BudgetYearOneBase_TotalCost_val": "0.000",
        "Cost_BudgetYearOne_TotalCost_val": "0.000",
        "Cost_BudgetYearTwo_TotalCost_val": "21.104",
        "Cost_BudgetYearThree_TotalCost_val": "21.844",
        "Cost_BudgetYearFour_TotalCost_val": "25",
        "Cost_BudgetYearFive_TotalCost_val": "25.37",
        "Cost_ToComplete_TotalCost_val": "0.000",
        "Cost_Total_TotalCost_val": "93.318",
        "@SOURCE_FILENAME": "2014-BASE_PROCUREMENT-2014-AIRFORCE_MISSILE-PROCUREMENT_JustificationBook_Air_Force_PB_2014.zzz_unzipped-PROCUREMENT_JustificationBook_Air_Force_PB_2014.xml",
        "@RECORDID": "6f7004931a2c572e5c1ca34b2a6a0b59973b39b72e8056443b59ec9d80c3d834",
        "@ROWID": "1-b378204fcc598454ff6c161e1e22bed6d52277a9473290969b4fc61fc5f69125",
        "@PARENTROWID": "0-54b37459e66e6cad56dba7d1c0dc7d66b086a3ca5a05065a3c47c91704467142",
        "@PARENT": "root.record.ItemExhibitList.P5Item.CostElementCategoryList.Support.CostElementList.CostElement"
    },
    {
        "Name_val": "Command & Control System - Consolidated (CCS-C) WGS B2FO support",
        "Cost_AllPriorYears_TotalCost_val": "0.000",
        "Cost_PriorYear_TotalCost_val": "0.000",
        "Cost_CurrentYear_TotalCost_val": "0.000",
        "Cost_BudgetYearOneBase_TotalCost_val": "10.361",
        "Cost_BudgetYearOne_TotalCost_val": "10.361",
        "Cost_BudgetYearTwo_TotalCost_val": "11.134",
        "Cost_BudgetYearThree_TotalCost_val": "7.883",
        "Cost_BudgetYearFour_TotalCost_val": "10.136",
        "Cost_BudgetYearFive_TotalCost_val": "2.755",
        "Cost_ToComplete_TotalCost_val": "0.000",
        "Cost_Total_TotalCost_val": "42.269",
        "@SOURCE_FILENAME": "2014-BASE_PROCUREMENT-2014-AIRFORCE_MISSILE-PROCUREMENT_JustificationBook_Air_Force_PB_2014.zzz_unzipped-PROCUREMENT_JustificationBook_Air_Force_PB_2014.xml",
        "@RECORDID": "6f7004931a2c572e5c1ca34b2a6a0b59973b39b72e8056443b59ec9d80c3d834",
        "@ROWID": "2-e940f637d927bc52eb7a0d29dd82535c00b3ee32afbe7f2fe608a749589ca054",
        "@PARENTROWID": "0-54b37459e66e6cad56dba7d1c0dc7d66b086a3ca5a05065a3c47c91704467142",
        "@PARENT": "root.record.ItemExhibitList.P5Item.CostElementCategoryList.Support.CostElementList.CostElement"
    },
    {
        "Name_val": "WGS B2FO Checkout & Launch\/Launch Readiness",
        "Cost_AllPriorYears_TotalCost_val": "0.000",
        "Cost_PriorYear_TotalCost_val": "0.000",
        "Cost_CurrentYear_TotalCost_val": "11.015",
        "Cost_BudgetYearOneBase_TotalCost_val": "13.478",
        "Cost_BudgetYearOne_TotalCost_val": "13.478",
        "Cost_BudgetYearTwo_TotalCost_val": "17.546",
        "Cost_BudgetYearThree_TotalCost_val": "27.453",
        "Cost_BudgetYearFour_TotalCost_val": "21.512",
        "Cost_BudgetYearFive_TotalCost_val": "11.955",
        "Cost_ToComplete_TotalCost_val": "5.847",
        "Cost_Total_TotalCost_val": "108.806",
        "@SOURCE_FILENAME": "2014-BASE_PROCUREMENT-2014-AIRFORCE_MISSILE-PROCUREMENT_MasterJustificationBook_Air_Force_PB_2014.zzz_unzipped-PROCUREMENT_MasterJustificationBook_Air_Force_PB_2014.xml",
        "@RECORDID": "857f76317de3d25c3a255ca950be3c392ca814f92ecf378112cc41701d842fbc",
        "@ROWID": "0-3523d55ebd00fdd83850e7ac506abeac028c227f3c08c5efcd050844a1aaf119",
        "@PARENTROWID": "0-4d9742deb1d14a6f8359aab2478eaa980514c8ada2bf91075e802b94c746c22d",
        "@PARENT": "root.record.ItemExhibitList.P5Item.CostElementCategoryList.Support.CostElementList.CostElement"
    },
    {
        "Name_val": "WGS B2FO Storage, Reactivation and Transport",
        "Cost_AllPriorYears_TotalCost_val": "0.000",
        "Cost_PriorYear_TotalCost_val": "0.000",
        "Cost_CurrentYear_TotalCost_val": "0.000",
        "Cost_BudgetYearOneBase_TotalCost_val": "0.000",
        "Cost_BudgetYearOne_TotalCost_val": "0.000",
        "Cost_BudgetYearTwo_TotalCost_val": "21.104",
        "Cost_BudgetYearThree_TotalCost_val": "21.844",
        "Cost_BudgetYearFour_TotalCost_val": "25",
        "Cost_BudgetYearFive_TotalCost_val": "25.37",
        "Cost_ToComplete_TotalCost_val": "0.000",
        "Cost_Total_TotalCost_val": "93.318",
        "@SOURCE_FILENAME": "2014-BASE_PROCUREMENT-2014-AIRFORCE_MISSILE-PROCUREMENT_MasterJustificationBook_Air_Force_PB_2014.zzz_unzipped-PROCUREMENT_MasterJustificationBook_Air_Force_PB_2014.xml",
        "@RECORDID": "857f76317de3d25c3a255ca950be3c392ca814f92ecf378112cc41701d842fbc",
        "@ROWID": "1-31b7600491148089a72db81f9de1d68b3c5a3202d983a25f216fcb6fb22b14d0",
        "@PARENTROWID": "0-4d9742deb1d14a6f8359aab2478eaa980514c8ada2bf91075e802b94c746c22d",
        "@PARENT": "root.record.ItemExhibitList.P5Item.CostElementCategoryList.Support.CostElementList.CostElement"
    },
    {
        "Name_val": "Command & Control System - Consolidated (CCS-C) WGS B2FO support",
        "Cost_AllPriorYears_TotalCost_val": "0.000",
        "Cost_PriorYear_TotalCost_val": "0.000",
        "Cost_CurrentYear_TotalCost_val": "0.000",
        "Cost_BudgetYearOneBase_TotalCost_val": "10.361",
        "Cost_BudgetYearOne_TotalCost_val": "10.361",
        "Cost_BudgetYearTwo_TotalCost_val": "11.134",
        "Cost_BudgetYearThree_TotalCost_val": "7.883",
        "Cost_BudgetYearFour_TotalCost_val": "10.136",
        "Cost_BudgetYearFive_TotalCost_val": "2.755",
        "Cost_ToComplete_TotalCost_val": "0.000",
        "Cost_Total_TotalCost_val": "42.269",
        "@SOURCE_FILENAME": "2014-BASE_PROCUREMENT-2014-AIRFORCE_MISSILE-PROCUREMENT_MasterJustificationBook_Air_Force_PB_2014.zzz_unzipped-PROCUREMENT_MasterJustificationBook_Air_Force_PB_2014.xml",
        "@RECORDID": "857f76317de3d25c3a255ca950be3c392ca814f92ecf378112cc41701d842fbc",
        "@ROWID": "2-dd91957d1218f4bd6318f84bafef798dd41df360d923564ba9c65a34bbac81c5",
        "@PARENTROWID": "0-4d9742deb1d14a6f8359aab2478eaa980514c8ada2bf91075e802b94c746c22d",
        "@PARENT": "root.record.ItemExhibitList.P5Item.CostElementCategoryList.Support.CostElementList.CostElement"
    }
]