FiscalYear_val,PCOLocation_val,AwardDate_val,FirstDeliveryDate_val,Quantity_val,UnitCost_val,FundingVehicle_val,@SOURCE_FILENAME,@RECORDID,@ROWID,SpecsAvailableNow_val,RFPIssueDate_val,ContractMethod_val,ContractType_val,@PARENTROWID,@PARENT
"2013","See End Item P-5A","2012-12","2012-12","0","0","Various","2013-BASE_PROCUREMENT-2013-ARMY_AIRCRAFT-JustificationBook_Army_PB_2013.zzz_unzipped-JustificationBook_Army_PB_2013.xml","476bb125e872c0c70d28a29765f57e9cac786010a7a090c46cbccf23e3219f96","0-31065482546df02f4d29a4e2d94097f53557f27bf6aa3703909694ff3b8e6c75","","","","","0-7957ea97257c76838f644ec8ec00c6e0412b8818ad491472bfa7d66c741c3c3f","root.record.ItemExhibitList.P10AdvanceProcurementList.P10AdvanceProcurement.APCostElementCategoryList.Other.APCostElement"
"2013","See End Item P-5A","2012-12","2012-12","0","0","Various","2013-BASE_PROCUREMENT-2013-ARMY_AIRCRAFT-JustificationBook_Army_PB_2013.zzz_unzipped-JustificationBook_Army_PB_2013.xml","476bb125e872c0c70d28a29765f57e9cac786010a7a090c46cbccf23e3219f96","0-e15de5b03ab4218a69c1bfe290a119617cb52af5e07c8adb5cb0884f46292c5b","","","","","1-0c7e6745ae4bf8dda1bd132a1b0469dfcee044b513de663b57208c37fa638eaf","root.record.ItemExhibitList.P10AdvanceProcurementList.P10AdvanceProcurement.APCostElementCategoryList.Other.APCostElement"
"2013","See End Item P-5A","2012-12","2012-12","0","0","Various","2013-BASE_PROCUREMENT-2013-ARMY_AIRCRAFT-JustificationBook_Army_PB_2013.zzz_unzipped-JustificationBook_Army_PB_2013.xml","476bb125e872c0c70d28a29765f57e9cac786010a7a090c46cbccf23e3219f96","0-917e671554880901bf89294b38a6d60ff61e3d4dad40a97f4b074601837174a3","","","","","2-f757b47b04bc745a814c8899a135ad631c22c1b993a80a3b8805a14258bd0d8a","root.record.ItemExhibitList.P10AdvanceProcurementList.P10AdvanceProcurement.APCostElementCategoryList.Other.APCostElement"
"2013","See End Item P-5A","2012-12","2012-12","0","0","Various","2013-BASE_PROCUREMENT-2013-ARMY_AIRCRAFT-JustificationBook_Army_PB_2013.zzz_unzipped-JustificationBook_Army_PB_2013.xml","476bb125e872c0c70d28a29765f57e9cac786010a7a090c46cbccf23e3219f96","0-4aba9bf88195e4b28f98e64dd44033db7b8c7954232fb92b00edf1b8fefecbb1","","","","","3-da968746527baed5ec3ae96f5331c83ca309edc400cbdbef026ac3b8badb87d5","root.record.ItemExhibitList.P10AdvanceProcurementList.P10AdvanceProcurement.APCostElementCategoryList.Other.APCostElement"
"2013","See End Item P-5A","2012-12","2012-12","0","0","Various","2013-BASE_PROCUREMENT-2013-ARMY_AIRCRAFT-JustificationBook_Army_PB_2013.zzz_unzipped-JustificationBook_Army_PB_2013.xml","476bb125e872c0c70d28a29765f57e9cac786010a7a090c46cbccf23e3219f96","0-fb8ea4ab3f31da7bceba6f896c7e733163bb1a696c5c9132a3550d5b95ce9446","","","","","4-c8a125a9a6d1f0e680c232935d15c6b52efa984b9c2ee84abaca4d4ba84be75a","root.record.ItemExhibitList.P10AdvanceProcurementList.P10AdvanceProcurement.APCostElementCategoryList.Other.APCostElement"
"2013","See End Item P-5A","2012-12","2012-12","0","0","Various","2013-BASE_PROCUREMENT-2013-ARMY_AIRCRAFT-JustificationBook_Army_PB_2013.zzz_unzipped-JustificationBook_Army_PB_2013.xml","476bb125e872c0c70d28a29765f57e9cac786010a7a090c46cbccf23e3219f96","0-804bc586837fb3ef80904c189ee1e6c110a5d974b2eb6312f78fa911d3f5c05c","","","","","5-28e7355136d29d2a76a44037814112cd721179b8418490a97a0b70065a06e2ea","root.record.ItemExhibitList.P10AdvanceProcurementList.P10AdvanceProcurement.APCostElementCategoryList.Other.APCostElement"
"2013","See End Item P-5A","2012-12","2012-12","0","0","Various","2013-BASE_PROCUREMENT-2013-ARMY_AIRCRAFT-JustificationBook_Army_PB_2013.zzz_unzipped-JustificationBook_Army_PB_2013.xml","476bb125e872c0c70d28a29765f57e9cac786010a7a090c46cbccf23e3219f96","0-e090bc1de26be5243362f263bf05a7bfe68029dc94258c935be4ad481af2301e","","","","","6-8b33dc3bc9e03d1d32ad733f4f5102aa0c918dabaff73d48aaccff8d54701238","root.record.ItemExhibitList.P10AdvanceProcurementList.P10AdvanceProcurement.APCostElementCategoryList.Other.APCostElement"
"2013","See End Item P-5A","2012-12","2012-12","0","0","Various","2013-BASE_PROCUREMENT-2013-ARMY_AIRCRAFT-JustificationBook_Army_PB_2013.zzz_unzipped-JustificationBook_Army_PB_2013.xml","b4c6cf926d2b336db794238f2a4386bae34220d6a1901227d2ac2527ad9022b9","0-048748e8b9d337dd953bb532ea77ab08d32eda4164eb4d1fc0128852896de41e","","","","","0-2996d854d405c15e166af358388f86d816b3f72fc5eed28ccf9197365f8ca03a","root.record.ItemExhibitList.P10AdvanceProcurementList.P10AdvanceProcurement.APCostElementCategoryList.Other.APCostElement"
"2013","See End Item P-5A","2012-12","2012-12","0","0","Various","2013-BASE_PROCUREMENT-2013-ARMY_AIRCRAFT-JustificationBook_Army_PB_2013.zzz_unzipped-JustificationBook_Army_PB_2013.xml","b4c6cf926d2b336db794238f2a4386bae34220d6a1901227d2ac2527ad9022b9","0-671be80154ef99e4fccf8e0a901bc1a3b93baaee9fa308453a1b15f3abd221ea","","","","","1-f9da64f01588d486140f7e85c537ba8d5b7f7fcf4da430a4e12c1b7703015fb9","root.record.ItemExhibitList.P10AdvanceProcurementList.P10AdvanceProcurement.APCostElementCategoryList.Other.APCostElement"
"2013","See End Item P-5A","2012-12","2012-12","0","0","Various","2013-BASE_PROCUREMENT-2013-ARMY_AIRCRAFT-JustificationBook_Army_PB_2013.zzz_unzipped-JustificationBook_Army_PB_2013.xml","955003074ccebc6720a490ded3729c9bdca8cc7b01fd76b92fbcec69828c544e","0-0d221305be19aa18f37d818649eed013124d37b8712300963f56f405994bc845","","","","","0-c67b527a9b6b6856483cfb2d2fe85487162f70597e91cb8499714f02641a8d17","root.record.ItemExhibitList.P10AdvanceProcurementList.P10AdvanceProcurement.APCostElementCategoryList.Other.APCostElement"
"2013","See End Item P-5A","2012-12","2012-12","0","0","Various","2013-BASE_PROCUREMENT-2013-ARMY_AIRCRAFT-JustificationBook_Army_PB_2013.zzz_unzipped-JustificationBook_Army_PB_2013.xml","dfa13d6ba9123d0f64c1462a9ea1e0b6ae62d2813da1972863d56a7001b06112","0-a3b6ddc6f5f5c69ac2b4b689f5311883d981862c83f9b128d849a1ef1066fc13","","","","","0-045b162d254978c1662a793893beab3cad8feddc7bf02a653147d70a43d4996e","root.record.ItemExhibitList.P10AdvanceProcurementList.P10AdvanceProcurement.APCostElementCategoryList.Other.APCostElement"
"2013","See End Item P-5A","2012-12","2012-12","0","0","Various","2013-BASE_PROCUREMENT-2013-ARMY_MISSLE-JustificationBook_Army_PB_2013.zzz_unzipped-JustificationBook_Army_PB_2013.xml","44b5bf338c622cc883179b29baa0eba496cc1459abebf2456f3403445a6c39e1","0-e2f5ff233936b58cdf7ac239d34f91aea9a5ef33cf1d266fdf7b2d9d05980e72","","","","","0-703c4e365a505b7f6eacd3c67311751333e6ea5af824c35681ae5e2f7396ea58","root.record.ItemExhibitList.P10AdvanceProcurementList.P10AdvanceProcurement.APCostElementCategoryList.Other.APCostElement"
"2013","See End Item P-5A","2012-12","2012-12","0","0","Various","2013-BASE_PROCUREMENT-2013-ARMY_MISSLE-JustificationBook_Army_PB_2013.zzz_unzipped-JustificationBook_Army_PB_2013.xml","44b5bf338c622cc883179b29baa0eba496cc1459abebf2456f3403445a6c39e1","0-cda2d0539bd6a290a104a5b6bec8fac7c3b1f75e1cab5598e85f33a81a81ca52","","","","","1-c2c0734123f75648a64f590314f1455fd357f4c94cf6b5a053789ed4305a3318","root.record.ItemExhibitList.P10AdvanceProcurementList.P10AdvanceProcurement.APCostElementCategoryList.Other.APCostElement"
"2013","See End Item P-5A","2012-12","2012-12","0","0","Various","2013-BASE_PROCUREMENT-2013-ARMY_MISSLE-JustificationBook_Army_PB_2013.zzz_unzipped-JustificationBook_Army_PB_2013.xml","44b5bf338c622cc883179b29baa0eba496cc1459abebf2456f3403445a6c39e1","0-b05276fa649629e6d05d8de590b160ce9c4b93bb140921d2b7b250d16b266b31","","","","","2-cdaa9da44ddd1369b1d6ffb6e6d4aa6e3faa7713f31f2f402da8afc364f08634","root.record.ItemExhibitList.P10AdvanceProcurementList.P10AdvanceProcurement.APCostElementCategoryList.Other.APCostElement"
"2013","See End Item P-5A","2012-12","2012-12","0","0","Various","2013-BASE_PROCUREMENT-2013-ARMY_MISSLE-JustificationBook_Army_PB_2013.zzz_unzipped-JustificationBook_Army_PB_2013.xml","44b5bf338c622cc883179b29baa0eba496cc1459abebf2456f3403445a6c39e1","0-2622fd2107e6429057820ee8c4b919fdcad9f9f451c5efa1b4b8b2743180f0c6","","","","","3-99098e2556f2b392cb3f1288c9cbca4a589df60ef2ef3e1f0e9c8eee6c75dfee","root.record.ItemExhibitList.P10AdvanceProcurementList.P10AdvanceProcurement.APCostElementCategoryList.Other.APCostElement"
"2013","See End Item P-5A","2012-12","2012-12","0","0","Various","2013-BASE_PROCUREMENT-2013-ARMY_MISSLE-JustificationBook_Army_PB_2013.zzz_unzipped-JustificationBook_Army_PB_2013.xml","44b5bf338c622cc883179b29baa0eba496cc1459abebf2456f3403445a6c39e1","0-4b89e55c0049f7ad1e28dbe44e501bb2981f3b3707896e5e73c43a70e85e8a58","","","","","4-6b8e7ebc849acdafe5ca31f4d5449df983f21ad8072bb0a0fe52bb643bfac155","root.record.ItemExhibitList.P10AdvanceProcurementList.P10AdvanceProcurement.APCostElementCategoryList.Other.APCostElement"
"2013","See End Item P-5A","2012-12","2012-12","0","0","Various","2013-BASE_PROCUREMENT-2013-ARMY_MISSLE-JustificationBook_Army_PB_2013.zzz_unzipped-JustificationBook_Army_PB_2013.xml","44b5bf338c622cc883179b29baa0eba496cc1459abebf2456f3403445a6c39e1","0-a37c4dcc798316c5c8aa901b2881b59d734fb91942a25ebfbc83c564a77a26c9","","","","","5-8d8cf9d550fd029a0f13eeb3e842a1b2a5ab6cf1baff224a4c4a5f2873497ec2","root.record.ItemExhibitList.P10AdvanceProcurementList.P10AdvanceProcurement.APCostElementCategoryList.Other.APCostElement"
"2013","See End Item P-5A","2012-12","2012-12","0","0","Various","2013-BASE_PROCUREMENT-2013-ARMY_MISSLE-JustificationBook_Army_PB_2013.zzz_unzipped-JustificationBook_Army_PB_2013.xml","44b5bf338c622cc883179b29baa0eba496cc1459abebf2456f3403445a6c39e1","0-9f2997a388248184160f0a65a8c46256f68c1e90f2917d8b3252e7409bf1afc7","","","","","6-d4cf56d20130c71810298ba689448f6d4967d9caf96ac06f08ec2fffa7fdbee0","root.record.ItemExhibitList.P10AdvanceProcurementList.P10AdvanceProcurement.APCostElementCategoryList.Other.APCostElement"
"2013","See End Item P-5A","2012-12","2012-12","0","0","Various","2013-BASE_PROCUREMENT-2013-ARMY_MISSLE-JustificationBook_Army_PB_2013.zzz_unzipped-JustificationBook_Army_PB_2013.xml","44b5bf338c622cc883179b29baa0eba496cc1459abebf2456f3403445a6c39e1","0-605b4a430f0f8437a15cbdb511db9c8289f6abcc8e7845651fa8daa3c5a6b327","","","","","7-7bf0413d104eeed2e413463db9de7cc8be63989dac9e3c5078ef79eecefe54d8","root.record.ItemExhibitList.P10AdvanceProcurementList.P10AdvanceProcurement.APCostElementCategoryList.Other.APCostElement"
"2010","LAAFB, CA","2011-12","2016-01","2","40.000","","2014-BASE_PROCUREMENT-2014-AIRFORCE_MISSILE-PROCUREMENT_JustificationBook_Air_Force_PB_2014.zzz_unzipped-PROCUREMENT_JustificationBook_Air_Force_PB_2014.xml","28b13f43bf3c9204df28d14742096359999d135bd7377ce37d00969774dd7bc2","0-607373a1af16ab4b2043749acd7fd3c7b1afb372650beb720076ba00e33c9630","true","2007-07","C","CPAF","0-a172618bca888049b25339962317b7794916baa88ed1a4aec43fc15fb8bca01e","root.record.ItemExhibitList.P10AdvanceProcurementList.P10AdvanceProcurement.APCostElementCategoryList.Other.APCostElement"
"2012","LAAFB, CA","2013-04","2017-01","2","40.900","","2014-BASE_PROCUREMENT-2014-AIRFORCE_MISSILE-PROCUREMENT_JustificationBook_Air_Force_PB_2014.zzz_unzipped-PROCUREMENT_JustificationBook_Air_Force_PB_2014.xml","28b13f43bf3c9204df28d14742096359999d135bd7377ce37d00969774dd7bc2","1-2011f86ce5f5db3aee42bde51ed0bc5bbd98e680f97636ed94bef5b3370203ef","true","2012-08","SS","FPIF","0-a172618bca888049b25339962317b7794916baa88ed1a4aec43fc15fb8bca01e","root.record.ItemExhibitList.P10AdvanceProcurementList.P10AdvanceProcurement.APCostElementCategoryList.Other.APCostElement"
"2013","LAAFB, CA","2013-04","2017-12","2","41.308","","2014-BASE_PROCUREMENT-2014-AIRFORCE_MISSILE-PROCUREMENT_JustificationBook_Air_Force_PB_2014.zzz_unzipped-PROCUREMENT_JustificationBook_Air_Force_PB_2014.xml","28b13f43bf3c9204df28d14742096359999d135bd7377ce37d00969774dd7bc2","2-81173a5233fd857b6c9dbcd238613cb153f739f10f0cdf972ee04383cd9bc861","true","2012-08","SS","FPIF","0-a172618bca888049b25339962317b7794916baa88ed1a4aec43fc15fb8bca01e","root.record.ItemExhibitList.P10AdvanceProcurementList.P10AdvanceProcurement.APCostElementCategoryList.Other.APCostElement"
"2010","LAAFB, CA","2011-12","2016-01","2","40.000","","2014-BASE_PROCUREMENT-2014-AIRFORCE_MISSILE-PROCUREMENT_MasterJustificationBook_Air_Force_PB_2014.zzz_unzipped-PROCUREMENT_MasterJustificationBook_Air_Force_PB_2014.xml","31ec7c494a618c5a63595bbe52991efb65496a7f7586c39b1d78801b6a68b3e9","0-81be8b2cd66f9357cd2e12229a977c8f051b7837310b617a19f9f7e36c35a53e","true","2007-07","C","CPAF","0-4b049e3235bd447bf3579e87045911e09446addce0b3bc62bb9bf9660c2f145c","root.record.ItemExhibitList.P10AdvanceProcurementList.P10AdvanceProcurement.APCostElementCategoryList.Other.APCostElement"
"2012","LAAFB, CA","2013-04","2017-01","2","40.900","","2014-BASE_PROCUREMENT-2014-AIRFORCE_MISSILE-PROCUREMENT_MasterJustificationBook_Air_Force_PB_2014.zzz_unzipped-PROCUREMENT_MasterJustificationBook_Air_Force_PB_2014.xml","31ec7c494a618c5a63595bbe52991efb65496a7f7586c39b1d78801b6a68b3e9","1-c157e9311a095b8b9b83898e668cad7871a4b254cf8f8db8a94f349391085855","true","2012-08","SS","FPIF","0-4b049e3235bd447bf3579e87045911e09446addce0b3bc62bb9bf9660c2f145c","root.record.ItemExhibitList.P10AdvanceProcurementList.P10AdvanceProcurement.APCostElementCategoryList.Other.APCostElement"
"2013","LAAFB, CA","2013-04","2017-12","2","41.308","","2014-BASE_PROCUREMENT-2014-AIRFORCE_MISSILE-PROCUREMENT_MasterJustificationBook_Air_Force_PB_2014.zzz_unzipped-PROCUREMENT_MasterJustificationBook_Air_Force_PB_2014.xml","31ec7c494a618c5a63595bbe52991efb65496a7f7586c39b1d78801b6a68b3e9","2-d7c3c956642f7469794ae53d118531f6a20ac3423816a334bbda79c1c80f288d","true","2012-08","SS","FPIF","0-4b049e3235bd447bf3579e87045911e09446addce0b3bc62bb9bf9660c2f145c","root.record.ItemExhibitList.P10AdvanceProcurementList.P10AdvanceProcurement.APCostElementCategoryList.Other.APCostElement"
"2014","See End Item P-5A","2012-12","2014-06","0","0","Various","2014-BASE_PROCUREMENT-2014-ARMY_AIRCRAFT-PROCUREMENT_JustificationBook_Army_PB_2014.zzz_unzipped-PROCUREMENT_JustificationBook_Army_PB_2014.xml","7b0e042c590ce405a57c1295b031ef39e4d24d939a6d52403326836355b691c2","0-b127baabffa65a6524aad9bbb04d86235f788fa7cc77f61c3800bd05b1d5fc3f","","","","","0-1a2959f9711a16173a85f7bfe662b22738b002617c34a097716683bd6ae71289","root.record.ItemExhibitList.P10AdvanceProcurementList.P10AdvanceProcurement.APCostElementCategoryList.Other.APCostElement"
"2014","See End Item P-5A","2012-12","2013-06","0","0","Various","2014-BASE_PROCUREMENT-2014-ARMY_AIRCRAFT-PROCUREMENT_JustificationBook_Army_PB_2014.zzz_unzipped-PROCUREMENT_JustificationBook_Army_PB_2014.xml","7b0e042c590ce405a57c1295b031ef39e4d24d939a6d52403326836355b691c2","0-9cada9df7ca9784cd9c8dde29e0690c279c444bfdecdf1b7fa07623b5f5b62d4","","","","","1-627c489e9d1cb1532ceef42a02b50cb23a39a6209aa6e1ed299a4db69ceaa774","root.record.ItemExhibitList.P10AdvanceProcurementList.P10AdvanceProcurement.APCostElementCategoryList.Other.APCostElement"
"2014","See End Item P-5A","2012-12","2014-02","0","0","Various","2014-BASE_PROCUREMENT-2014-ARMY_AIRCRAFT-PROCUREMENT_JustificationBook_Army_PB_2014.zzz_unzipped-PROCUREMENT_JustificationBook_Army_PB_2014.xml","7b0e042c590ce405a57c1295b031ef39e4d24d939a6d52403326836355b691c2","0-08f3025e5559c02d3688fa95debe1709bd487fd44316f5948df1c371779e32c9","","","","","2-839249e736adbc7f3ceca6cc4839f1e0030f51652e93fe797ede015ebe1114ca","root.record.ItemExhibitList.P10AdvanceProcurementList.P10AdvanceProcurement.APCostElementCategoryList.Other.APCostElement"
"2014","See End Item P-5A","2012-12","2013-12","0","0","Various","2014-BASE_PROCUREMENT-2014-ARMY_AIRCRAFT-PROCUREMENT_JustificationBook_Army_PB_2014.zzz_unzipped-PROCUREMENT_JustificationBook_Army_PB_2014.xml","7b0e042c590ce405a57c1295b031ef39e4d24d939a6d52403326836355b691c2","0-0a32fc300ab86d82cf49f2169e09e624c98c8b71925b67080c2cca42fc57c914","","","","","3-c15859b8277cf113a9276c7034f52a68c9ec42cea005d8c831c4405ab3f94897","root.record.ItemExhibitList.P10AdvanceProcurementList.P10AdvanceProcurement.APCostElementCategoryList.Other.APCostElement"
"2014","See End Item P-5A","2012-12","2013-09","0","0","Various","2014-BASE_PROCUREMENT-2014-ARMY_AIRCRAFT-PROCUREMENT_JustificationBook_Army_PB_2014.zzz_unzipped-PROCUREMENT_JustificationBook_Army_PB_2014.xml","7b0e042c590ce405a57c1295b031ef39e4d24d939a6d52403326836355b691c2","0-c0a481b55da26c169c5db186b0b28001c9094252795f96d08e83c3213f51255e","","","","","4-4c9179f07ce982c960e1ac2b2e8927e08cfcf1e89cefdc7700ea6fe29a4b1622","root.record.ItemExhibitList.P10AdvanceProcurementList.P10AdvanceProcurement.APCostElementCategoryList.Other.APCostElement"
"2014","See End Item P-5A","2012-12","2014-02","0","0","Various","2014-BASE_PROCUREMENT-2014-ARMY_AIRCRAFT-PROCUREMENT_JustificationBook_Army_PB_2014.zzz_unzipped-PROCUREMENT_JustificationBook_Army_PB_2014.xml","7b0e042c590ce405a57c1295b031ef39e4d24d939a6d52403326836355b691c2","0-f57a0601d79c306418eef3afd07253151ae3a428b4d458049b293e75f6b8e8bd","","","","","5-6dd6255fcfe2bd73cc8432bfba1c40af30e77dd446ec056973a0b56de294ce17","root.record.ItemExhibitList.P10AdvanceProcurementList.P10AdvanceProcurement.APCostElementCategoryList.Other.APCostElement"
"2014","See End Item P-5A","2012-12","2013-12","0","0","Various","2014-BASE_PROCUREMENT-2014-ARMY_AIRCRAFT-PROCUREMENT_JustificationBook_Army_PB_2014.zzz_unzipped-PROCUREMENT_JustificationBook_Army_PB_2014.xml","7b0e042c590ce405a57c1295b031ef39e4d24d939a6d52403326836355b691c2","0-b86ae518411f555da02c0c22ee2dd6c89f3d07daae391250a7d9eeae37ae8a7a","","","","","6-e6df1025b08a7fdfbaac337bf4c8a218b585144e99484f0b269e4864f120ad2f","root.record.ItemExhibitList.P10AdvanceProcurementList.P10AdvanceProcurement.APCostElementCategoryList.Other.APCostElement"
"2014","See End Item P-5A","2012-12","2014-03","0","0","Various","2014-BASE_PROCUREMENT-2014-ARMY_AIRCRAFT-PROCUREMENT_JustificationBook_Army_PB_2014.zzz_unzipped-PROCUREMENT_JustificationBook_Army_PB_2014.xml","f2eca1f3b9094e951071cc5a2831f6cd0cab47104fb28c44bc25e46f6032dac6","0-471e4cae1ef17a567e26b5bdcc99e1e5a157936e0c16344f27a49ed85a187d13","","","","","0-6a221564737144ba029c27e8b207472c7fe687efead434bcbf9bbe07f4d934f3","root.record.ItemExhibitList.P10AdvanceProcurementList.P10AdvanceProcurement.APCostElementCategoryList.Other.APCostElement"
"2014","See End Item P-5A","2012-12","2014-01","0","0","Various","2014-BASE_PROCUREMENT-2014-ARMY_AIRCRAFT-PROCUREMENT_JustificationBook_Army_PB_2014.zzz_unzipped-PROCUREMENT_JustificationBook_Army_PB_2014.xml","f2eca1f3b9094e951071cc5a2831f6cd0cab47104fb28c44bc25e46f6032dac6","0-06323148aa0c1d295db01563cc09dc56d3f812b7eda67df5d3c89c3eb28af584","","","","","1-0c51374866f14af32e8ff28523ea4cdc622b3cfb28474892128aed580d5f3f81","root.record.ItemExhibitList.P10AdvanceProcurementList.P10AdvanceProcurement.APCostElementCategoryList.Other.APCostElement"
"2014","See End Item P-5A","2012-12","2013-12","0","0","Various","2014-BASE_PROCUREMENT-2014-ARMY_AIRCRAFT-PROCUREMENT_JustificationBook_Army_PB_2014.zzz_unzipped-PROCUREMENT_JustificationBook_Army_PB_2014.xml","505bb9c0650d62e47256e89a947fe0a2db8054ad7478ffb7dac2dff3cb5db36a","0-67b230dfb77e7c433e32a063ba4f3fd95f931e61f2ad1638ed86cd8121269ec3","","","","","0-47fbe974e217b8b493a6624abd7da5ecceb9102fe12e8e321c6384398180f16b","root.record.ItemExhibitList.P10AdvanceProcurementList.P10AdvanceProcurement.APCostElementCategoryList.Other.APCostElement"
"2014","See End Item P-5A","2012-12","2013-12","0","0","Various","2014-BASE_PROCUREMENT-2014-ARMY_AIRCRAFT-PROCUREMENT_JustificationBook_Army_PB_2014.zzz_unzipped-PROCUREMENT_JustificationBook_Army_PB_2014.xml","c2307d18e17285b5bec7291f832a2f0bc27b4ca3a55beda1acf55e21fa9af32f","0-63807d0a92303cf2a35e4e2b2fd8a1f0365c7b982f278f80c8a3044c8b64777f","","","","","0-fbe48c5ac39927aa0b63586c7b97400e22601275d22e183707e04774f2b0553f","root.record.ItemExhibitList.P10AdvanceProcurementList.P10AdvanceProcurement.APCostElementCategoryList.Other.APCostElement"
"2014","See End Item P-5A","2012-12","2014-07","0","0","Various","2014-BASE_PROCUREMENT-2014-ARMY_MISSLE-PROCUREMENT_JustificationBook_Army_PB_2014.zzz_unzipped-PROCUREMENT_JustificationBook_Army_PB_2014.xml","632923aba4f894b93ed59073a73341bca371b2e639597c1b17bf5525e8823170","0-35e8496bb9e9d5e3c77d341a2f32d3cb4c1dd17e459400b7cfaf449088e51a8e","","","","","0-532040a81a7ce7b1da5e9a023c9d218b3e78188d2d7fbb94c8b78bee59dde40e","root.record.ItemExhibitList.P10AdvanceProcurementList.P10AdvanceProcurement.APCostElementCategoryList.Other.APCostElement"
"2014","See End Item P-5A","2012-12","2014-02","0","0","Various","2014-BASE_PROCUREMENT-2014-ARMY_MISSLE-PROCUREMENT_JustificationBook_Army_PB_2014.zzz_unzipped-PROCUREMENT_JustificationBook_Army_PB_2014.xml","632923aba4f894b93ed59073a73341bca371b2e639597c1b17bf5525e8823170","0-b2b5c2ad596332dd1208b1c817586f4629aebd2a6b04915fdb78626952a30fad","","","","","1-fe25668f4b97490234a8d1b1193071d01560ab1ad57715ed8e205d5eb8040553","root.record.ItemExhibitList.P10AdvanceProcurementList.P10AdvanceProcurement.APCostElementCategoryList.Other.APCostElement"
"2014","See End Item P-5A","2012-12","2013-12","0","0","Various","2014-BASE_PROCUREMENT-2014-ARMY_MISSLE-PROCUREMENT_JustificationBook_Army_PB_2014.zzz_unzipped-PROCUREMENT_JustificationBook_Army_PB_2014.xml","632923aba4f894b93ed59073a73341bca371b2e639597c1b17bf5525e8823170","0-253d6d938a0cc101b85b6615f865c11b1aa19018666e492343c5a957b5f8fdcf","","","","","2-ce63844264a426e9d5af5ce0627139ef3bbe39b01d07f74c67cd404ac55459d4","root.record.ItemExhibitList.P10AdvanceProcurementList.P10AdvanceProcurement.APCostElementCategoryList.Other.APCostElement"
"2014","See End Item P-5A","2012-12","2014-06","0","0","Various","2014-BASE_PROCUREMENT-2014-ARMY_MISSLE-PROCUREMENT_JustificationBook_Army_PB_2014.zzz_unzipped-PROCUREMENT_JustificationBook_Army_PB_2014.xml","632923aba4f894b93ed59073a73341bca371b2e639597c1b17bf5525e8823170","0-4195577071a7f9e412cfa11e624e51412137d908fcb165dd9e2171550eafe095","","","","","3-89d8a9e087beeb2876915dff0a6505d9da3a51052bd37dc30f1df0ec361e0ca5","root.record.ItemExhibitList.P10AdvanceProcurementList.P10AdvanceProcurement.APCostElementCategoryList.Other.APCostElement"
"2014","See End Item P-5A","2012-12","2014-01","0","0","Various","2014-BASE_PROCUREMENT-2014-ARMY_MISSLE-PROCUREMENT_JustificationBook_Army_PB_2014.zzz_unzipped-PROCUREMENT_JustificationBook_Army_PB_2014.xml","632923aba4f894b93ed59073a73341bca371b2e639597c1b17bf5525e8823170","0-f0421a735bc42b5b1b5d9b566683b27c0c17f83e118a936e955daf1903e3d348","","","","","4-f9c185972c13a695af2d4efcca1870be50adb7a99f10b14e955d9d95239bf1de","root.record.ItemExhibitList.P10AdvanceProcurementList.P10AdvanceProcurement.APCostElementCategoryList.Other.APCostElement"
"2014","See End Item P-5A","2012-12","2013-10","0","0","Various","2014-BASE_PROCUREMENT-2014-ARMY_MISSLE-PROCUREMENT_JustificationBook_Army_PB_2014.zzz_unzipped-PROCUREMENT_JustificationBook_Army_PB_2014.xml","632923aba4f894b93ed59073a73341bca371b2e639597c1b17bf5525e8823170","0-2b4b89038bd9a3a0a7ba98b3d7e7ec211a8c50ce78af5e1ce2211f6020f29508","","","","","5-e57e8fe0b63d1638323b3617ff7e48aa31c547a2012bbfe440af0e5963b56a10","root.record.ItemExhibitList.P10AdvanceProcurementList.P10AdvanceProcurement.APCostElementCategoryList.Other.APCostElement"
"2014","See End Item P-5A","2012-12","2014-01","0","0","Various","2014-BASE_PROCUREMENT-2014-ARMY_MISSLE-PROCUREMENT_JustificationBook_Army_PB_2014.zzz_unzipped-PROCUREMENT_JustificationBook_Army_PB_2014.xml","632923aba4f894b93ed59073a73341bca371b2e639597c1b17bf5525e8823170","0-52b7c47d29870f0a55142854230fcad2c5037c08e9a66b02e13a918da6c9c385","","","","","6-4b05741f773a78c0cf8eaa99210e6024a2e3a114dc8b5d603ffe178118b91066","root.record.ItemExhibitList.P10AdvanceProcurementList.P10AdvanceProcurement.APCostElementCategoryList.Other.APCostElement"
"2014","See End Item P-5A","2012-12","2013-11","0","0","Various","2014-BASE_PROCUREMENT-2014-ARMY_MISSLE-PROCUREMENT_JustificationBook_Army_PB_2014.zzz_unzipped-PROCUREMENT_JustificationBook_Army_PB_2014.xml","632923aba4f894b93ed59073a73341bca371b2e639597c1b17bf5525e8823170","0-dd7c1b61b13c8f5dccffcce02d060f9dc2a6bd7ab5c1ac58cd6b8bcb6732a208","","","","","7-ae1d4311bc580e362c1d0c25db33b1c5dd2e13a3186bf45b54c1b6e1a0e83bee","root.record.ItemExhibitList.P10AdvanceProcurementList.P10AdvanceProcurement.APCostElementCategoryList.Other.APCostElement"
"2014","See End Item P-5A","2012-12","2013-12","0","0","Various","2014-AMENDED_PROCUREMENT_AND_RDTE-2014-ARMY-PROCUREMENT_JustificationBook_Army_PBAmended_2014_APA.zzz_unzipped-PROCUREMENT_JustificationBook_Army_PBAmended_2014.xml","53aa239ed160d6e353e7923c5e8a04d1e17b5ccc46ba915655778b07e93a9058","0-b46635128e0b25af19d423cc7c4d2f01c722fa4c1501c5a14dbbbf27ea964a91","","","","","0-e5ade5648f1be05800d42658aec3a428c20b8e74384b3bb7cecbac8d037c395a","root.record.ItemExhibitList.P10AdvanceProcurementList.P10AdvanceProcurement.APCostElementCategoryList.Other.APCostElement"
"2014","See End Item P-5A","2012-12","2014-03","0","0","Various","2014-AMENDED_PROCUREMENT_AND_RDTE-2014-ARMY-PROCUREMENT_JustificationBook_Army_PBAmended_2014_APA.zzz_unzipped-PROCUREMENT_JustificationBook_Army_PBAmended_2014.xml","31ce47de87c8301c9fbe28a62251bab8c03638c577fb670f2b5d6e8131865665","0-b36ef7ec863cca41b45f16ff4c02d6af8d8e7f0ae22a7c6b80909f2ec8724f86","","","","","0-7a4eb87993644739d8cff25bbc47fe06eeef7702124f65fcd138792976630549","root.record.ItemExhibitList.P10AdvanceProcurementList.P10AdvanceProcurement.APCostElementCategoryList.Other.APCostElement"
"2014","See End Item P-5A","2012-12","2014-01","0","0","Various","2014-AMENDED_PROCUREMENT_AND_RDTE-2014-ARMY-PROCUREMENT_JustificationBook_Army_PBAmended_2014_APA.zzz_unzipped-PROCUREMENT_JustificationBook_Army_PBAmended_2014.xml","31ce47de87c8301c9fbe28a62251bab8c03638c577fb670f2b5d6e8131865665","0-6ceed2ce0fa75cdf35f8362dcc164f233aa28e2f4613cfdc08354bab0822a07e","","","","","1-1d8dfbf1edbc94e4f69a15c4a47d271ae7dce84b7a434b01e67b55c24bc01a4a","root.record.ItemExhibitList.P10AdvanceProcurementList.P10AdvanceProcurement.APCostElementCategoryList.Other.APCostElement"
