FiscalYear_val,PCOLocation_val,AwardDate_val,FirstDeliveryDate_val,Quantity_val,UnitCost_val,FundingVehicle_val,@SOURCE_FILENAME,@RECORDID,@ROWID,SpecsAvailableNow_val,RFPIssueDate_val,ContractMethod_val,ContractType_val,@PARENTROWID,@PARENT
"2013","See End Item P-5A","2012-12","2012-12","0","0","Various","2013-BASE_PROCUREMENT-2013-ARMY_AIRCRAFT-JustificationBook_Army_PB_2013.zzz_unzipped-JustificationBook_Army_PB_2013.xml","476bb125e872c0c70d28a29765f57e9cac786010a7a090c46cbccf23e3219f96","0-85b78ceb46df75b5046daf7d1b7cea97b6fdec491d400fd633daeb499af324ad","","","","","0-12584264cd6e691601e4ee3536aa82663b849d89fd4d65e6b2d3983a847d781f","root.record.ItemExhibitList.P10AdvanceProcurementList.P10AdvanceProcurement.APCostElementCategoryList.Other.APCostElement"
"2013","See End Item P-5A","2012-12","2012-12","0","0","Various","2013-BASE_PROCUREMENT-2013-ARMY_AIRCRAFT-JustificationBook_Army_PB_2013.zzz_unzipped-JustificationBook_Army_PB_2013.xml","476bb125e872c0c70d28a29765f57e9cac786010a7a090c46cbccf23e3219f96","0-0e297cac8bb0bca0be127aa29101f419260acff1566b5309b1035c43844cfef5","","","","","1-bd8fe681f6758311e29f2384e3aa3dd1e0157ce31924cde1802ae24055d68481","root.record.ItemExhibitList.P10AdvanceProcurementList.P10AdvanceProcurement.APCostElementCategoryList.Other.APCostElement"
"2013","See End Item P-5A","2012-12","2012-12","0","0","Various","2013-BASE_PROCUREMENT-2013-ARMY_AIRCRAFT-JustificationBook_Army_PB_2013.zzz_unzipped-JustificationBook_Army_PB_2013.xml","476bb125e872c0c70d28a29765f57e9cac786010a7a090c46cbccf23e3219f96","0-b21e2d8e35f4838bd4fea38fb387016dd3f742e18856e93df1970281362087b0","","","","","2-b18f03871b7526547e0db2a226d6aac035782c51d0c40634eaf22bcb14647b5d","root.record.ItemExhibitList.P10AdvanceProcurementList.P10AdvanceProcurement.APCostElementCategoryList.Other.APCostElement"
"2013","See End Item P-5A","2012-12","2012-12","0","0","Various","2013-BASE_PROCUREMENT-2013-ARMY_AIRCRAFT-JustificationBook_Army_PB_2013.zzz_unzipped-JustificationBook_Army_PB_2013.xml","476bb125e872c0c70d28a29765f57e9cac786010a7a090c46cbccf23e3219f96","0-c5f512b9025ebf7c36dc795ba70173aabf30269f146c695a9ed5a0b9c8ccc529","","","","","3-c2f58dee9b897319a724a0d39b8da05640e0a6139298b848d816e8706c8a6aaa","root.record.ItemExhibitList.P10AdvanceProcurementList.P10AdvanceProcurement.APCostElementCategoryList.Other.APCostElement"
"2013","See End Item P-5A","2012-12","2012-12","0","0","Various","2013-BASE_PROCUREMENT-2013-ARMY_AIRCRAFT-JustificationBook_Army_PB_2013.zzz_unzipped-JustificationBook_Army_PB_2013.xml","476bb125e872c0c70d28a29765f57e9cac786010a7a090c46cbccf23e3219f96","0-c097f75e95572793698c7d02e17331d2aec9436fb07006e0b48fa1bfc17e80db","","","","","4-d99c9acf450e26235429326fb91053a50dd536831ad29c2e1e7b229f66455d6d","root.record.ItemExhibitList.P10AdvanceProcurementList.P10AdvanceProcurement.APCostElementCategoryList.Other.APCostElement"
"2013","See End Item P-5A","2012-12","2012-12","0","0","Various","2013-BASE_PROCUREMENT-2013-ARMY_AIRCRAFT-JustificationBook_Army_PB_2013.zzz_unzipped-JustificationBook_Army_PB_2013.xml","476bb125e872c0c70d28a29765f57e9cac786010a7a090c46cbccf23e3219f96","0-ce96175c68804a3455e332b519e2e850553c40f75f5ac0e1fd5e4f5db85feeba","","","","","5-1e6032d0da2839ac0a2f329b42db2dfb5824e9f83703b6d8611990a940e50aaa","root.record.ItemExhibitList.P10AdvanceProcurementList.P10AdvanceProcurement.APCostElementCategoryList.Other.APCostElement"
"2013","See End Item P-5A","2012-12","2012-12","0","0","Various","2013-BASE_PROCUREMENT-2013-ARMY_AIRCRAFT-JustificationBook_Army_PB_2013.zzz_unzipped-JustificationBook_Army_PB_2013.xml","476bb125e872c0c70d28a29765f57e9cac786010a7a090c46cbccf23e3219f96","0-0c385d27ec51e7c5f0a395e32866b3ad82f55c78dbb0ec2274bbf4a69b8f5713","","","","","6-3c3e0913464ec15d77a57ad3ea5e7466afaca49aae859358bb8c17659c1b9b08","root.record.ItemExhibitList.P10AdvanceProcurementList.P10AdvanceProcurement.APCostElementCategoryList.Other.APCostElement"
"2013","See End Item P-5A","2012-12","2012-12","0","0","Various","2013-BASE_PROCUREMENT-2013-ARMY_AIRCRAFT-JustificationBook_Army_PB_2013.zzz_unzipped-JustificationBook_Army_PB_2013.xml","b4c6cf926d2b336db794238f2a4386bae34220d6a1901227d2ac2527ad9022b9","0-7d605bdb83b7b12d548068535d6fd75b82781dac068f04353b3e5168010a3a5b","","","","","0-cfc69b387b9b47b4f2c717f82ec1e948067028ebe6b671f65ecb34a4d3644e82","root.record.ItemExhibitList.P10AdvanceProcurementList.P10AdvanceProcurement.APCostElementCategoryList.Other.APCostElement"
"2013","See End Item P-5A","2012-12","2012-12","0","0","Various","2013-BASE_PROCUREMENT-2013-ARMY_AIRCRAFT-JustificationBook_Army_PB_2013.zzz_unzipped-JustificationBook_Army_PB_2013.xml","b4c6cf926d2b336db794238f2a4386bae34220d6a1901227d2ac2527ad9022b9","0-67ff64f15b45f488d188680fb0966d59686e9266cb1f6750a405f7cee57a436d","","","","","1-37e89f7c171beb7f348c931fdaa7054c2394c9ece4c9c4486c347e4b80090e0a","root.record.ItemExhibitList.P10AdvanceProcurementList.P10AdvanceProcurement.APCostElementCategoryList.Other.APCostElement"
"2013","See End Item P-5A","2012-12","2012-12","0","0","Various","2013-BASE_PROCUREMENT-2013-ARMY_AIRCRAFT-JustificationBook_Army_PB_2013.zzz_unzipped-JustificationBook_Army_PB_2013.xml","955003074ccebc6720a490ded3729c9bdca8cc7b01fd76b92fbcec69828c544e","0-b0b7739f918ee6e043814995d603f5a2b90c7d73a81771c77871fe0801dbbd44","","","","","0-6ec595ecb0a3941166e06d0ef4139c14e1844c8f27f8031b912feaf1a5241f9e","root.record.ItemExhibitList.P10AdvanceProcurementList.P10AdvanceProcurement.APCostElementCategoryList.Other.APCostElement"
"2013","See End Item P-5A","2012-12","2012-12","0","0","Various","2013-BASE_PROCUREMENT-2013-ARMY_AIRCRAFT-JustificationBook_Army_PB_2013.zzz_unzipped-JustificationBook_Army_PB_2013.xml","dfa13d6ba9123d0f64c1462a9ea1e0b6ae62d2813da1972863d56a7001b06112","0-b7a5d11dd7ebc5cbd7a6840c6431479e703cfddfd177e9f3950a26f644c18405","","","","","0-eaa2a54c9f6ae04108152371fc94b2dbe05b6c2c842f611aa97589feb761eb8e","root.record.ItemExhibitList.P10AdvanceProcurementList.P10AdvanceProcurement.APCostElementCategoryList.Other.APCostElement"
"2013","See End Item P-5A","2012-12","2012-12","0","0","Various","2013-BASE_PROCUREMENT-2013-ARMY_MISSLE-JustificationBook_Army_PB_2013.zzz_unzipped-JustificationBook_Army_PB_2013.xml","44b5bf338c622cc883179b29baa0eba496cc1459abebf2456f3403445a6c39e1","0-dd5e2b0ae40c7895ec8fdfbf17c3519172a0b97aa0fecb012b607656e1e7f9a0","","","","","0-2db34ee8dd1fdd5dd8925a8892e1dfebb92072df27d0abc19d2121746d18dca6","root.record.ItemExhibitList.P10AdvanceProcurementList.P10AdvanceProcurement.APCostElementCategoryList.Other.APCostElement"
"2013","See End Item P-5A","2012-12","2012-12","0","0","Various","2013-BASE_PROCUREMENT-2013-ARMY_MISSLE-JustificationBook_Army_PB_2013.zzz_unzipped-JustificationBook_Army_PB_2013.xml","44b5bf338c622cc883179b29baa0eba496cc1459abebf2456f3403445a6c39e1","0-eb91726079b5c31a0f9847f88a69e95447707a37cead75ef6d0b3b5ffbc93e16","","","","","1-4eacd6755df495cf10d21ac30eae74fb1c94606415ce575a4db7ab58fa5e5aa8","root.record.ItemExhibitList.P10AdvanceProcurementList.P10AdvanceProcurement.APCostElementCategoryList.Other.APCostElement"
"2013","See End Item P-5A","2012-12","2012-12","0","0","Various","2013-BASE_PROCUREMENT-2013-ARMY_MISSLE-JustificationBook_Army_PB_2013.zzz_unzipped-JustificationBook_Army_PB_2013.xml","44b5bf338c622cc883179b29baa0eba496cc1459abebf2456f3403445a6c39e1","0-b92a89a4d351741717c99e391043058826a2bb669a2cd37a143b5ee0dd333c2f","","","","","2-33175eecffac0435491e50d093361e980f96caa75edc8aafe6c35f791f171cfc","root.record.ItemExhibitList.P10AdvanceProcurementList.P10AdvanceProcurement.APCostElementCategoryList.Other.APCostElement"
"2013","See End Item P-5A","2012-12","2012-12","0","0","Various","2013-BASE_PROCUREMENT-2013-ARMY_MISSLE-JustificationBook_Army_PB_2013.zzz_unzipped-JustificationBook_Army_PB_2013.xml","44b5bf338c622cc883179b29baa0eba496cc1459abebf2456f3403445a6c39e1","0-c4d17fc6ca16232995cf0ad796fb225163055e2889e9e8321d94b6ae399f1022","","","","","3-50a648ea96e88ff4b36bb011632d8290c896ff47dd807260ab3cd11a2e0bcd7d","root.record.ItemExhibitList.P10AdvanceProcurementList.P10AdvanceProcurement.APCostElementCategoryList.Other.APCostElement"
"2013","See End Item P-5A","2012-12","2012-12","0","0","Various","2013-BASE_PROCUREMENT-2013-ARMY_MISSLE-JustificationBook_Army_PB_2013.zzz_unzipped-JustificationBook_Army_PB_2013.xml","44b5bf338c622cc883179b29baa0eba496cc1459abebf2456f3403445a6c39e1","0-f745847839e4a4cd55b8cdca824d8320401e377394960d66e07f798d443233c8","","","","","4-693d0222632ec657a9c60c14de7b41afa7e5dc36f9936509c062fb78a2705de7","root.record.ItemExhibitList.P10AdvanceProcurementList.P10AdvanceProcurement.APCostElementCategoryList.Other.APCostElement"
"2013","See End Item P-5A","2012-12","2012-12","0","0","Various","2013-BASE_PROCUREMENT-2013-ARMY_MISSLE-JustificationBook_Army_PB_2013.zzz_unzipped-JustificationBook_Army_PB_2013.xml","44b5bf338c622cc883179b29baa0eba496cc1459abebf2456f3403445a6c39e1","0-d75f33ebe434a39ffec7db2399f5e26121982663758d63f3771bebe65202aba6","","","","","5-4d09c4ff91c507e1298a9bba4333fbda82f08ae05bce88d2950deca6a1c2879e","root.record.ItemExhibitList.P10AdvanceProcurementList.P10AdvanceProcurement.APCostElementCategoryList.Other.APCostElement"
"2013","See End Item P-5A","2012-12","2012-12","0","0","Various","2013-BASE_PROCUREMENT-2013-ARMY_MISSLE-JustificationBook_Army_PB_2013.zzz_unzipped-JustificationBook_Army_PB_2013.xml","44b5bf338c622cc883179b29baa0eba496cc1459abebf2456f3403445a6c39e1","0-dc0ee2d54f7ee77c42515317e3692cdd3196196109cfe23051179b91c8250f38","","","","","6-26671aab20037f64cbbdb22f0fab0647ece18d00c6a485bc20402d4fc38247c1","root.record.ItemExhibitList.P10AdvanceProcurementList.P10AdvanceProcurement.APCostElementCategoryList.Other.APCostElement"
"2013","See End Item P-5A","2012-12","2012-12","0","0","Various","2013-BASE_PROCUREMENT-2013-ARMY_MISSLE-JustificationBook_Army_PB_2013.zzz_unzipped-JustificationBook_Army_PB_2013.xml","44b5bf338c622cc883179b29baa0eba496cc1459abebf2456f3403445a6c39e1","0-392cd813304743b88a1056d72d3be62d7c5859c1d57f90e241a82416430c77d7","","","","","7-f0005a040bdc0de2aff4718b65db25d2944da8f8eb1a1bf1887da23769432ce1","root.record.ItemExhibitList.P10AdvanceProcurementList.P10AdvanceProcurement.APCostElementCategoryList.Other.APCostElement"
"2010","LAAFB, CA","2011-12","2016-01","2","40.000","","2014-BASE_PROCUREMENT-2014-AIRFORCE_MISSILE-PROCUREMENT_JustificationBook_Air_Force_PB_2014.zzz_unzipped-PROCUREMENT_JustificationBook_Air_Force_PB_2014.xml","28b13f43bf3c9204df28d14742096359999d135bd7377ce37d00969774dd7bc2","0-2537b09ab48f8fba234fed87e23701eeaf0bc941035dce63c9bea22e9ab9dca0","true","2007-07","C","CPAF","0-f317e7978caa72f1816bd46f4c2927154257fcb945eb1b9d909c1ad1a9210da4","root.record.ItemExhibitList.P10AdvanceProcurementList.P10AdvanceProcurement.APCostElementCategoryList.Other.APCostElement"
"2012","LAAFB, CA","2013-04","2017-01","2","40.900","","2014-BASE_PROCUREMENT-2014-AIRFORCE_MISSILE-PROCUREMENT_JustificationBook_Air_Force_PB_2014.zzz_unzipped-PROCUREMENT_JustificationBook_Air_Force_PB_2014.xml","28b13f43bf3c9204df28d14742096359999d135bd7377ce37d00969774dd7bc2","1-70609b25c14b6406f5379e87a9cbf3b5c5fe57e4f8e8861d3a3818d5ef739c24","true","2012-08","SS","FPIF","0-f317e7978caa72f1816bd46f4c2927154257fcb945eb1b9d909c1ad1a9210da4","root.record.ItemExhibitList.P10AdvanceProcurementList.P10AdvanceProcurement.APCostElementCategoryList.Other.APCostElement"
"2013","LAAFB, CA","2013-04","2017-12","2","41.308","","2014-BASE_PROCUREMENT-2014-AIRFORCE_MISSILE-PROCUREMENT_JustificationBook_Air_Force_PB_2014.zzz_unzipped-PROCUREMENT_JustificationBook_Air_Force_PB_2014.xml","28b13f43bf3c9204df28d14742096359999d135bd7377ce37d00969774dd7bc2","2-6d346c02678eef392520fdd3e04040ee325658aa2a317ba126534c0df1feb39d","true","2012-08","SS","FPIF","0-f317e7978caa72f1816bd46f4c2927154257fcb945eb1b9d909c1ad1a9210da4","root.record.ItemExhibitList.P10AdvanceProcurementList.P10AdvanceProcurement.APCostElementCategoryList.Other.APCostElement"
"2010","LAAFB, CA","2011-12","2016-01","2","40.000","","2014-BASE_PROCUREMENT-2014-AIRFORCE_MISSILE-PROCUREMENT_MasterJustificationBook_Air_Force_PB_2014.zzz_unzipped-PROCUREMENT_MasterJustificationBook_Air_Force_PB_2014.xml","31ec7c494a618c5a63595bbe52991efb65496a7f7586c39b1d78801b6a68b3e9","0-46a3bebb4038dbbc05f7a7596476130da40bea27809ebea649bb13faa8d20aca","true","2007-07","C","CPAF","0-55073f20bb9800a2768bd09a362ea31712c2b213e648625d9ef40d8abeba484b","root.record.ItemExhibitList.P10AdvanceProcurementList.P10AdvanceProcurement.APCostElementCategoryList.Other.APCostElement"
"2012","LAAFB, CA","2013-04","2017-01","2","40.900","","2014-BASE_PROCUREMENT-2014-AIRFORCE_MISSILE-PROCUREMENT_MasterJustificationBook_Air_Force_PB_2014.zzz_unzipped-PROCUREMENT_MasterJustificationBook_Air_Force_PB_2014.xml","31ec7c494a618c5a63595bbe52991efb65496a7f7586c39b1d78801b6a68b3e9","1-e646d4b83582a9454a3051313d2092a93f39b61dd17e23d83ce1e48476db061e","true","2012-08","SS","FPIF","0-55073f20bb9800a2768bd09a362ea31712c2b213e648625d9ef40d8abeba484b","root.record.ItemExhibitList.P10AdvanceProcurementList.P10AdvanceProcurement.APCostElementCategoryList.Other.APCostElement"
"2013","LAAFB, CA","2013-04","2017-12","2","41.308","","2014-BASE_PROCUREMENT-2014-AIRFORCE_MISSILE-PROCUREMENT_MasterJustificationBook_Air_Force_PB_2014.zzz_unzipped-PROCUREMENT_MasterJustificationBook_Air_Force_PB_2014.xml","31ec7c494a618c5a63595bbe52991efb65496a7f7586c39b1d78801b6a68b3e9","2-6df49065999c630028717b7e7fc4470d798aa0fa3a37a1363e459bcfcc6cafe5","true","2012-08","SS","FPIF","0-55073f20bb9800a2768bd09a362ea31712c2b213e648625d9ef40d8abeba484b","root.record.ItemExhibitList.P10AdvanceProcurementList.P10AdvanceProcurement.APCostElementCategoryList.Other.APCostElement"
"2014","See End Item P-5A","2012-12","2014-06","0","0","Various","2014-BASE_PROCUREMENT-2014-ARMY_AIRCRAFT-PROCUREMENT_JustificationBook_Army_PB_2014.zzz_unzipped-PROCUREMENT_JustificationBook_Army_PB_2014.xml","7b0e042c590ce405a57c1295b031ef39e4d24d939a6d52403326836355b691c2","0-30e416ed6d0d0079e80552cde16e1688eaf4dfc0dc8b928e09220ecd4c0cc238","","","","","0-ba3d963e7c10068f1b5f2634051a18d957df239bc4e587c59beb1eca341cc7b7","root.record.ItemExhibitList.P10AdvanceProcurementList.P10AdvanceProcurement.APCostElementCategoryList.Other.APCostElement"
"2014","See End Item P-5A","2012-12","2013-06","0","0","Various","2014-BASE_PROCUREMENT-2014-ARMY_AIRCRAFT-PROCUREMENT_JustificationBook_Army_PB_2014.zzz_unzipped-PROCUREMENT_JustificationBook_Army_PB_2014.xml","7b0e042c590ce405a57c1295b031ef39e4d24d939a6d52403326836355b691c2","0-facc1a5f6e3e9a9941d5852ad669a6dd8cd2fc741cf4db73b1aa1469ac55a040","","","","","1-ddf14cfffe622acb26ba5ccf07ff43b2f63d3fb5170aedbdf6c157289616015a","root.record.ItemExhibitList.P10AdvanceProcurementList.P10AdvanceProcurement.APCostElementCategoryList.Other.APCostElement"
"2014","See End Item P-5A","2012-12","2014-02","0","0","Various","2014-BASE_PROCUREMENT-2014-ARMY_AIRCRAFT-PROCUREMENT_JustificationBook_Army_PB_2014.zzz_unzipped-PROCUREMENT_JustificationBook_Army_PB_2014.xml","7b0e042c590ce405a57c1295b031ef39e4d24d939a6d52403326836355b691c2","0-28084812110a16e54635492a6bbfec8ca8eca0c437f6a3eaf554eb2749edd842","","","","","2-973bf6c749aea4fb185d102c87a9a305d16df86003f1461786e19e2736eb7688","root.record.ItemExhibitList.P10AdvanceProcurementList.P10AdvanceProcurement.APCostElementCategoryList.Other.APCostElement"
"2014","See End Item P-5A","2012-12","2013-12","0","0","Various","2014-BASE_PROCUREMENT-2014-ARMY_AIRCRAFT-PROCUREMENT_JustificationBook_Army_PB_2014.zzz_unzipped-PROCUREMENT_JustificationBook_Army_PB_2014.xml","7b0e042c590ce405a57c1295b031ef39e4d24d939a6d52403326836355b691c2","0-6eceed5340a553200319b35e3cfbc6a03c3141c1e8ea400313fdc83a550767a7","","","","","3-c74ff90e1f0fe899840590d5429b0f5d0c64ba8a8977ce00b5d4ab45bcaa8cd5","root.record.ItemExhibitList.P10AdvanceProcurementList.P10AdvanceProcurement.APCostElementCategoryList.Other.APCostElement"
"2014","See End Item P-5A","2012-12","2013-09","0","0","Various","2014-BASE_PROCUREMENT-2014-ARMY_AIRCRAFT-PROCUREMENT_JustificationBook_Army_PB_2014.zzz_unzipped-PROCUREMENT_JustificationBook_Army_PB_2014.xml","7b0e042c590ce405a57c1295b031ef39e4d24d939a6d52403326836355b691c2","0-833500788350f091f43a2a5edde85fef353e974b7326bb99502c03b17a5fd4d4","","","","","4-a79a8a9bf250357a75c04ccf73533dc3c52675370fd7b0a67ae279f7fc5043b5","root.record.ItemExhibitList.P10AdvanceProcurementList.P10AdvanceProcurement.APCostElementCategoryList.Other.APCostElement"
"2014","See End Item P-5A","2012-12","2014-02","0","0","Various","2014-BASE_PROCUREMENT-2014-ARMY_AIRCRAFT-PROCUREMENT_JustificationBook_Army_PB_2014.zzz_unzipped-PROCUREMENT_JustificationBook_Army_PB_2014.xml","7b0e042c590ce405a57c1295b031ef39e4d24d939a6d52403326836355b691c2","0-24c13233fc7e97852e322f0801c74dc855e72e3fdea0c367004d0f145188eebe","","","","","5-6fde6c4e65d2e3e4d816fa7a54edd82304031a098306562a3de9560fab0c49ac","root.record.ItemExhibitList.P10AdvanceProcurementList.P10AdvanceProcurement.APCostElementCategoryList.Other.APCostElement"
"2014","See End Item P-5A","2012-12","2013-12","0","0","Various","2014-BASE_PROCUREMENT-2014-ARMY_AIRCRAFT-PROCUREMENT_JustificationBook_Army_PB_2014.zzz_unzipped-PROCUREMENT_JustificationBook_Army_PB_2014.xml","7b0e042c590ce405a57c1295b031ef39e4d24d939a6d52403326836355b691c2","0-f6cf364bfd7f669688cdce5237e1e24b84510b37d3847c1659113e9d9801c2bf","","","","","6-51b6cd108ed646bbfec6d9461899f0c42a8afa5d20ce3ca0980861753ede52e2","root.record.ItemExhibitList.P10AdvanceProcurementList.P10AdvanceProcurement.APCostElementCategoryList.Other.APCostElement"
"2014","See End Item P-5A","2012-12","2014-03","0","0","Various","2014-BASE_PROCUREMENT-2014-ARMY_AIRCRAFT-PROCUREMENT_JustificationBook_Army_PB_2014.zzz_unzipped-PROCUREMENT_JustificationBook_Army_PB_2014.xml","f2eca1f3b9094e951071cc5a2831f6cd0cab47104fb28c44bc25e46f6032dac6","0-2d19bbb9bb37246143e165d85d2599da88b71deed97380a3c983adb7634a24c3","","","","","0-a59daecd0ad3916d1695390575077f4b5d701b0e91777e66204a0d461bd7e82f","root.record.ItemExhibitList.P10AdvanceProcurementList.P10AdvanceProcurement.APCostElementCategoryList.Other.APCostElement"
"2014","See End Item P-5A","2012-12","2014-01","0","0","Various","2014-BASE_PROCUREMENT-2014-ARMY_AIRCRAFT-PROCUREMENT_JustificationBook_Army_PB_2014.zzz_unzipped-PROCUREMENT_JustificationBook_Army_PB_2014.xml","f2eca1f3b9094e951071cc5a2831f6cd0cab47104fb28c44bc25e46f6032dac6","0-b31905223ec0f88a478a531755583f5da83c480d7bdff25a248606c7cf359328","","","","","1-61f42219e9f88e79388b30dab7ef26407ad0d4cf9fa5f899439f5e64a9c85a47","root.record.ItemExhibitList.P10AdvanceProcurementList.P10AdvanceProcurement.APCostElementCategoryList.Other.APCostElement"
"2014","See End Item P-5A","2012-12","2013-12","0","0","Various","2014-BASE_PROCUREMENT-2014-ARMY_AIRCRAFT-PROCUREMENT_JustificationBook_Army_PB_2014.zzz_unzipped-PROCUREMENT_JustificationBook_Army_PB_2014.xml","505bb9c0650d62e47256e89a947fe0a2db8054ad7478ffb7dac2dff3cb5db36a","0-f8307498db4b20a740326620f06de6852858193b2f2b2c914c6427ffe84a1f70","","","","","0-bff0547050a076a9c206c301392b1e109c954de04213ec39f1846b4045c11df7","root.record.ItemExhibitList.P10AdvanceProcurementList.P10AdvanceProcurement.APCostElementCategoryList.Other.APCostElement"
"2014","See End Item P-5A","2012-12","2013-12","0","0","Various","2014-BASE_PROCUREMENT-2014-ARMY_AIRCRAFT-PROCUREMENT_JustificationBook_Army_PB_2014.zzz_unzipped-PROCUREMENT_JustificationBook_Army_PB_2014.xml","c2307d18e17285b5bec7291f832a2f0bc27b4ca3a55beda1acf55e21fa9af32f","0-c896ff773f80addc233c6dad471464548988d0886c17ff0aeed5ec960b1838c5","","","","","0-52d0ee3dc536ed5a1977a535e80f4c890e33ffde8226748b032a057f09c17aba","root.record.ItemExhibitList.P10AdvanceProcurementList.P10AdvanceProcurement.APCostElementCategoryList.Other.APCostElement"
"2014","See End Item P-5A","2012-12","2014-07","0","0","Various","2014-BASE_PROCUREMENT-2014-ARMY_MISSLE-PROCUREMENT_JustificationBook_Army_PB_2014.zzz_unzipped-PROCUREMENT_JustificationBook_Army_PB_2014.xml","632923aba4f894b93ed59073a73341bca371b2e639597c1b17bf5525e8823170","0-af7085e66763d455e50bfcead16c664388a8a7fbd0c8279ef842564a85400522","","","","","0-2c410e54bc3311147ccf34e4a79598a0f79c8c8d4a5e41c8b37b61eb7b3a0265","root.record.ItemExhibitList.P10AdvanceProcurementList.P10AdvanceProcurement.APCostElementCategoryList.Other.APCostElement"
"2014","See End Item P-5A","2012-12","2014-02","0","0","Various","2014-BASE_PROCUREMENT-2014-ARMY_MISSLE-PROCUREMENT_JustificationBook_Army_PB_2014.zzz_unzipped-PROCUREMENT_JustificationBook_Army_PB_2014.xml","632923aba4f894b93ed59073a73341bca371b2e639597c1b17bf5525e8823170","0-110cc90d03253d67d4e70382eeb875b497db2dae83bd04fcbd6e2b413ce0f4ba","","","","","1-882a8d11f63f7d7b7058f51d4c6f41407eb0613f192306fe7676b1a174bec064","root.record.ItemExhibitList.P10AdvanceProcurementList.P10AdvanceProcurement.APCostElementCategoryList.Other.APCostElement"
"2014","See End Item P-5A","2012-12","2013-12","0","0","Various","2014-BASE_PROCUREMENT-2014-ARMY_MISSLE-PROCUREMENT_JustificationBook_Army_PB_2014.zzz_unzipped-PROCUREMENT_JustificationBook_Army_PB_2014.xml","632923aba4f894b93ed59073a73341bca371b2e639597c1b17bf5525e8823170","0-02f51483adf3cbd267586752c7181abe8c2d80ec61dfd24bd207c9f51e6141ec","","","","","2-b3c280d6980adc90f4bc7bcb2aefb4abcb3f1841d3f03110523ee758565b1420","root.record.ItemExhibitList.P10AdvanceProcurementList.P10AdvanceProcurement.APCostElementCategoryList.Other.APCostElement"
"2014","See End Item P-5A","2012-12","2014-06","0","0","Various","2014-BASE_PROCUREMENT-2014-ARMY_MISSLE-PROCUREMENT_JustificationBook_Army_PB_2014.zzz_unzipped-PROCUREMENT_JustificationBook_Army_PB_2014.xml","632923aba4f894b93ed59073a73341bca371b2e639597c1b17bf5525e8823170","0-360e12837fd231344a2a82e21b0dadd6caf68efb47aefaeca4d6eb4876ce5ddf","","","","","3-d7681c5c6fd648040e7ce513d1c0b22c9e6b01dfafbd9bddee73513daca0884a","root.record.ItemExhibitList.P10AdvanceProcurementList.P10AdvanceProcurement.APCostElementCategoryList.Other.APCostElement"
"2014","See End Item P-5A","2012-12","2014-01","0","0","Various","2014-BASE_PROCUREMENT-2014-ARMY_MISSLE-PROCUREMENT_JustificationBook_Army_PB_2014.zzz_unzipped-PROCUREMENT_JustificationBook_Army_PB_2014.xml","632923aba4f894b93ed59073a73341bca371b2e639597c1b17bf5525e8823170","0-7c0b6ebe89f11a2f996b863ce46cc7d887bb6debae2783629fb6e185d8bad3e1","","","","","4-27508c5f4b2016131dbc93d2caa482446b6c8f237508018bf8027e5a0b729579","root.record.ItemExhibitList.P10AdvanceProcurementList.P10AdvanceProcurement.APCostElementCategoryList.Other.APCostElement"
"2014","See End Item P-5A","2012-12","2013-10","0","0","Various","2014-BASE_PROCUREMENT-2014-ARMY_MISSLE-PROCUREMENT_JustificationBook_Army_PB_2014.zzz_unzipped-PROCUREMENT_JustificationBook_Army_PB_2014.xml","632923aba4f894b93ed59073a73341bca371b2e639597c1b17bf5525e8823170","0-9e9fbc964f4195350ef43ec4474d4027e828a03e1efca4f6a907a4cba6aa3cd1","","","","","5-6ee444c56a2f634831e78dfd184fb4904a4787ed679ed75746d58b31edac9fac","root.record.ItemExhibitList.P10AdvanceProcurementList.P10AdvanceProcurement.APCostElementCategoryList.Other.APCostElement"
"2014","See End Item P-5A","2012-12","2014-01","0","0","Various","2014-BASE_PROCUREMENT-2014-ARMY_MISSLE-PROCUREMENT_JustificationBook_Army_PB_2014.zzz_unzipped-PROCUREMENT_JustificationBook_Army_PB_2014.xml","632923aba4f894b93ed59073a73341bca371b2e639597c1b17bf5525e8823170","0-45abcb3d38c0b673182c52227ea067b70ba21fb17463155384f13b17a04a8736","","","","","6-e0a443e804123a88c08aa6141f56377538f09e92dae0371ac2e0b07572876895","root.record.ItemExhibitList.P10AdvanceProcurementList.P10AdvanceProcurement.APCostElementCategoryList.Other.APCostElement"
"2014","See End Item P-5A","2012-12","2013-11","0","0","Various","2014-BASE_PROCUREMENT-2014-ARMY_MISSLE-PROCUREMENT_JustificationBook_Army_PB_2014.zzz_unzipped-PROCUREMENT_JustificationBook_Army_PB_2014.xml","632923aba4f894b93ed59073a73341bca371b2e639597c1b17bf5525e8823170","0-67a7035f128f7986caf9b77dfd43dc573db8484674ca58bbb508deaca7a13f6a","","","","","7-dd656a7de973b722f0b18103de7beb30d2f3cc1493e38e2989e34713336a90d4","root.record.ItemExhibitList.P10AdvanceProcurementList.P10AdvanceProcurement.APCostElementCategoryList.Other.APCostElement"
"2014","See End Item P-5A","2012-12","2013-12","0","0","Various","2014-AMENDED_PROCUREMENT_AND_RDTE-2014-ARMY-PROCUREMENT_JustificationBook_Army_PBAmended_2014_APA.zzz_unzipped-PROCUREMENT_JustificationBook_Army_PBAmended_2014.xml","53aa239ed160d6e353e7923c5e8a04d1e17b5ccc46ba915655778b07e93a9058","0-1c54ddb54311850f1dc5ebc1633f916e04897354e4481a43d65f67cf0c535d90","","","","","0-709901d9db1657add1b2c29147c1b09c99f37f6d0a102246b4174b6547f0d4b6","root.record.ItemExhibitList.P10AdvanceProcurementList.P10AdvanceProcurement.APCostElementCategoryList.Other.APCostElement"
"2014","See End Item P-5A","2012-12","2014-03","0","0","Various","2014-AMENDED_PROCUREMENT_AND_RDTE-2014-ARMY-PROCUREMENT_JustificationBook_Army_PBAmended_2014_APA.zzz_unzipped-PROCUREMENT_JustificationBook_Army_PBAmended_2014.xml","31ce47de87c8301c9fbe28a62251bab8c03638c577fb670f2b5d6e8131865665","0-e2dd05f194625d5a496d948de94abec008b8006f7be1501fac990d4170bd2e66","","","","","0-c749ad0cc78aeabebabd011526350b5f6cce3c4982ff96d18e703f1125bdc5f8","root.record.ItemExhibitList.P10AdvanceProcurementList.P10AdvanceProcurement.APCostElementCategoryList.Other.APCostElement"
"2014","See End Item P-5A","2012-12","2014-01","0","0","Various","2014-AMENDED_PROCUREMENT_AND_RDTE-2014-ARMY-PROCUREMENT_JustificationBook_Army_PBAmended_2014_APA.zzz_unzipped-PROCUREMENT_JustificationBook_Army_PBAmended_2014.xml","31ce47de87c8301c9fbe28a62251bab8c03638c577fb670f2b5d6e8131865665","0-5011089b7f2a1e94be44df7166df764cb36b43df4ca2bf9f08e6744060f4f1c2","","","","","1-693f18e4db7e4fd175f1d2ed48c478c01cf34f47df5f3053703f3b31375b2613","root.record.ItemExhibitList.P10AdvanceProcurementList.P10AdvanceProcurement.APCostElementCategoryList.Other.APCostElement"
