Name_val,Location_val,Type_val,@SOURCE_FILENAME,@RECORDID,@ROWID,@PARENTROWID,@PARENT
"Iowa Army Ammunition Plant","Middletown, IA","GOCO","2013-BASE_PROCUREMENT-2013-ARMY_MISSLE-JustificationBook_Army_PB_2013.zzz_unzipped-JustificationBook_Army_PB_2013.xml","25e8b748d37f38ed418d843f8caefe98c808e0e98002ee6c6fac7a2e30b888b1","0-6d2f0efdbab8fbb9f43ed0760972a9b4d6f999b644fb18eb23d6bead8f895f47","551-3521e225801ec45b86b091020a1fc2991244bbe4e1421417a9b1fee85ba6e339","root"
"Redstone Tech Test Center; White Sands Test Center","Huntsville, AL; White Sands Missile Range, NM","GOGO","2013-BASE_PROCUREMENT-2013-ARMY_MISSLE-JustificationBook_Army_PB_2013.zzz_unzipped-JustificationBook_Army_PB_2013.xml","25e8b748d37f38ed418d843f8caefe98c808e0e98002ee6c6fac7a2e30b888b1","1-c9dfd097f2e1f5a8830d8171f48db6eaa41f3e99e6bcd0920e5eff3898a47e7d","551-3521e225801ec45b86b091020a1fc2991244bbe4e1421417a9b1fee85ba6e339","root"
"Production Base Support - Lima","TACOM","GOCO","2013-BASE_PROCUREMENT-2013-ARMY_WTCV-JustificationBook_Army_PB_2013.zzz_unzipped-JustificationBook_Army_PB_2013.xml","f0bd3f7e10f8d691ea61c5fe23bddf33e75efe0744a8f7a4df30d06842c742b5","0-e4ec8dafa63b2a3c23c1704cfc99768cbc5ab3e02699a5ae594b5e175c21b9c6","564-128bda84db43f969e754f3ba6829e5af7b9316b7b6ee50b557d13376728075f6","root"
"Production Base Support - Scranton","TACOM","COCO","2013-BASE_PROCUREMENT-2013-ARMY_WTCV-JustificationBook_Army_PB_2013.zzz_unzipped-JustificationBook_Army_PB_2013.xml","f0bd3f7e10f8d691ea61c5fe23bddf33e75efe0744a8f7a4df30d06842c742b5","1-a7e1a5762595f0da0b4a5062d930b91e900214b5dc6535e03de3193e96f43367","564-128bda84db43f969e754f3ba6829e5af7b9316b7b6ee50b557d13376728075f6","root"
"TACOM LCMC Production Base Spt Program","TACOM","","2013-BASE_PROCUREMENT-2013-ARMY_WTCV-JustificationBook_Army_PB_2013.zzz_unzipped-JustificationBook_Army_PB_2013.xml","f0bd3f7e10f8d691ea61c5fe23bddf33e75efe0744a8f7a4df30d06842c742b5","2-17f4dfd00cf798d369aafceffa06e9ef2aed7d7f99b6b1e122c913ef1e3e4a10","564-128bda84db43f969e754f3ba6829e5af7b9316b7b6ee50b557d13376728075f6","root"
"GDLS","Saco, ME","GOGO","2013-BASE_PROCUREMENT-2013-ARMY_WTCV-JustificationBook_Army_PB_2013.zzz_unzipped-JustificationBook_Army_PB_2013.xml","77d4e2d6e7447036c7b5b87910faa2aa19021fbd093ab9579c4e3c0d93642563","0-58a88d5c85587c6aea1faa2f9d4689ee05c2a0b56e86982fa5f2c8ce7fb0549c","592-7fdc5b613f4562ee7214c34b1909758eef78cd43706333b3333978ebcc097d4e","root"
"Rock Island Arsenal - JMTC","Rock Island, IL","GOGO","2013-BASE_PROCUREMENT-2013-ARMY_WTCV-JustificationBook_Army_PB_2013.zzz_unzipped-JustificationBook_Army_PB_2013.xml","77d4e2d6e7447036c7b5b87910faa2aa19021fbd093ab9579c4e3c0d93642563","1-577aa43e1512f856033ce8db601ee3e9c0db2812e24a8d32afcd1e7670b4f697","592-7fdc5b613f4562ee7214c34b1909758eef78cd43706333b3333978ebcc097d4e","root"
"Watervliet Arsenal","Watervliet, NY","COCO","2013-BASE_PROCUREMENT-2013-ARMY_WTCV-JustificationBook_Army_PB_2013.zzz_unzipped-JustificationBook_Army_PB_2013.xml","77d4e2d6e7447036c7b5b87910faa2aa19021fbd093ab9579c4e3c0d93642563","2-c8d1b230f54c83e632a1ef711c639d1686334a4f575fbc491823f2e08f96f68c","592-7fdc5b613f4562ee7214c34b1909758eef78cd43706333b3333978ebcc097d4e","root"
"ATEC Test Range Instrumentation","Yuma, AZ; Aberdeen, MD; White Sands, NM","GOGO","2013-BASE_PROCUREMENT-2013-ARMY_WTCV-JustificationBook_Army_PB_2013.zzz_unzipped-JustificationBook_Army_PB_2013.xml","77d4e2d6e7447036c7b5b87910faa2aa19021fbd093ab9579c4e3c0d93642563","3-184890df20c9a234aa2185929b49081ea752320be445107b91761b2cbe624a7f","592-7fdc5b613f4562ee7214c34b1909758eef78cd43706333b3333978ebcc097d4e","root"
"Holston Army Ammunition Plant","Kingsport, Tennessee","GOCO","2013-BASE_PROCUREMENT-2013-ARMY_AMMO-JustificationBook_Army_PB_2013.zzz_unzipped-JustificationBook_Army_PB_2013.xml","d86559710e8c90c1e40903820e6d04df5c8421478caaf1c5036a9d6ba74875f8","0-fb82648ec1f91f952685377393452a51daae9ca9f7d3c4b9f6b3f159a7e00a22","627-bc1ce2dd6912398291bcc0389a7796ab35a4f5859e1e928574d75dde417c878c","root"
"Iowa Army Ammunition Plant","Middletown, Iowa","GOCO","2013-BASE_PROCUREMENT-2013-ARMY_AMMO-JustificationBook_Army_PB_2013.zzz_unzipped-JustificationBook_Army_PB_2013.xml","d86559710e8c90c1e40903820e6d04df5c8421478caaf1c5036a9d6ba74875f8","1-6cca2b102b0fc990670d68e8f765c2deb8a3ffb11e0d7ca6422c6a44f33c1c3c","627-bc1ce2dd6912398291bcc0389a7796ab35a4f5859e1e928574d75dde417c878c","root"
"Lake City Army Ammunition Plant","Independence, Missouri","GOCO","2013-BASE_PROCUREMENT-2013-ARMY_AMMO-JustificationBook_Army_PB_2013.zzz_unzipped-JustificationBook_Army_PB_2013.xml","d86559710e8c90c1e40903820e6d04df5c8421478caaf1c5036a9d6ba74875f8","2-465adf036cb0219e91e255fd850dd713966a6d1387383ba609b60a26beea7505","627-bc1ce2dd6912398291bcc0389a7796ab35a4f5859e1e928574d75dde417c878c","root"
"Milan Army Ammunition Plant","Milan, Tennessee","GOCO","2013-BASE_PROCUREMENT-2013-ARMY_AMMO-JustificationBook_Army_PB_2013.zzz_unzipped-JustificationBook_Army_PB_2013.xml","d86559710e8c90c1e40903820e6d04df5c8421478caaf1c5036a9d6ba74875f8","3-97d56299be19975088057e6d964eb67af5343772f446775f0609c0f088c6519b","627-bc1ce2dd6912398291bcc0389a7796ab35a4f5859e1e928574d75dde417c878c","root"
"Radford Army Ammunition Plant","Radford, Virginia","GOCO","2013-BASE_PROCUREMENT-2013-ARMY_AMMO-JustificationBook_Army_PB_2013.zzz_unzipped-JustificationBook_Army_PB_2013.xml","d86559710e8c90c1e40903820e6d04df5c8421478caaf1c5036a9d6ba74875f8","4-c3a4cc973bf26dbd1652c0bbd235ebbd44322d63ac914560067db05528fe5a86","627-bc1ce2dd6912398291bcc0389a7796ab35a4f5859e1e928574d75dde417c878c","root"
"Scranton Army Ammunition Plant","Scranton, Pennsylvania","GOCO","2013-BASE_PROCUREMENT-2013-ARMY_AMMO-JustificationBook_Army_PB_2013.zzz_unzipped-JustificationBook_Army_PB_2013.xml","d86559710e8c90c1e40903820e6d04df5c8421478caaf1c5036a9d6ba74875f8","5-4d7200e0fdb367f71c71726e0b52971ffe11ab779477e585809cc45c6126acf0","627-bc1ce2dd6912398291bcc0389a7796ab35a4f5859e1e928574d75dde417c878c","root"
"Various Army Ammunition Plants","Multiple","GOCO","2013-BASE_PROCUREMENT-2013-ARMY_AMMO-JustificationBook_Army_PB_2013.zzz_unzipped-JustificationBook_Army_PB_2013.xml","d86559710e8c90c1e40903820e6d04df5c8421478caaf1c5036a9d6ba74875f8","6-61a9548a66a62fe5b1d160ef69cd401d6f15df9c8c156dfed50356238384e9ed","627-bc1ce2dd6912398291bcc0389a7796ab35a4f5859e1e928574d75dde417c878c","root"
"Yuma Proving Ground / Aberdeen Test Center","Yuma, Arizona / Aberdeen, Maryland","GOCO","2013-BASE_PROCUREMENT-2013-ARMY_AMMO-JustificationBook_Army_PB_2013.zzz_unzipped-JustificationBook_Army_PB_2013.xml","d86559710e8c90c1e40903820e6d04df5c8421478caaf1c5036a9d6ba74875f8","7-15541fa050a92af8940e552e7ffe4494d2c2804e7ab11943594272db8df7c6d5","627-bc1ce2dd6912398291bcc0389a7796ab35a4f5859e1e928574d75dde417c878c","root"
"Iowa Army Ammunition Plant","Middletown, IA","GOCO","2014-BASE_PROCUREMENT-2014-ARMY_MISSLE-PROCUREMENT_JustificationBook_Army_PB_2014.zzz_unzipped-PROCUREMENT_JustificationBook_Army_PB_2014.xml","22571fec5d9ba82ab8f3c2a31a2b924e78d401f24892005ac52d2984749f7e09","0-894113fcca445359d2430d95bc7045b7e22cff13f30329c750dc07b6c206d028","2228-b2c631b4def5181f0ddad3efb95fe7ae8fb49330c9054f4b95d2decb9596963d","root"
"Redstone Tech Test Center; White Sands Test Center","Huntsville, AL; White Sands Missile Range, NM","GOGO","2014-BASE_PROCUREMENT-2014-ARMY_MISSLE-PROCUREMENT_JustificationBook_Army_PB_2014.zzz_unzipped-PROCUREMENT_JustificationBook_Army_PB_2014.xml","22571fec5d9ba82ab8f3c2a31a2b924e78d401f24892005ac52d2984749f7e09","1-4217d3ec89c9394afbbb707d190827c2923183a3a175322f49d5492f9240f669","2228-b2c631b4def5181f0ddad3efb95fe7ae8fb49330c9054f4b95d2decb9596963d","root"
"Production Base Support - Lima","TACOM","GOCO","2014-BASE_PROCUREMENT-2014-ARMY_WTCV-PROCUREMENT_JustificationBook_Army_PB_2014.zzz_unzipped-PROCUREMENT_JustificationBook_Army_PB_2014.xml","2052bb7ca062844b30c14445c3b6f011cd16e26bd5a4e9e6cbf03aec46038a9b","0-5243bc9a3b4ae9cb1816cb32ca6b29576ae629bbf6c38d312dbda8b848ee6744","2242-0db03d317906e35af797b0cc71d215f465389d8de623db72cad5dccb71b0c0df","root"
"Production Base Support - Scranton","TACOM","COCO","2014-BASE_PROCUREMENT-2014-ARMY_WTCV-PROCUREMENT_JustificationBook_Army_PB_2014.zzz_unzipped-PROCUREMENT_JustificationBook_Army_PB_2014.xml","2052bb7ca062844b30c14445c3b6f011cd16e26bd5a4e9e6cbf03aec46038a9b","1-095ec64cadd4b498446de0bc2f8ef3ea1d43ffe11013ccfed68fbea2b189d6b3","2242-0db03d317906e35af797b0cc71d215f465389d8de623db72cad5dccb71b0c0df","root"
"TACOM LCMC Production Base Spt Program","TACOM","","2014-BASE_PROCUREMENT-2014-ARMY_WTCV-PROCUREMENT_JustificationBook_Army_PB_2014.zzz_unzipped-PROCUREMENT_JustificationBook_Army_PB_2014.xml","2052bb7ca062844b30c14445c3b6f011cd16e26bd5a4e9e6cbf03aec46038a9b","2-ebd149ce35113001f8c829f238c775dcc54b63a5ad7ede0a756d8d02afe02c00","2242-0db03d317906e35af797b0cc71d215f465389d8de623db72cad5dccb71b0c0df","root"
"GD-ATP/Watervliet/Rock Island PBS Provisioning of Industrial Facilities","Saco, ME","GOGO","2014-BASE_PROCUREMENT-2014-ARMY_WTCV-PROCUREMENT_JustificationBook_Army_PB_2014.zzz_unzipped-PROCUREMENT_JustificationBook_Army_PB_2014.xml","6bd4d70739297e36cb7d4d8f35300cbc0da9f764241398b1c9c046f0a81114d8","0-fa4ba856d515d8f91463b3224eb0cf52fe8483897a443bf3598864652d7cd0e2","2266-cd8281c59b59d3836974c803263a09f0ba20949854a28d94d80cb636902eec3a","root"
"Rock Island Arsenal - JMTC","Rock Island, IL","GOGO","2014-BASE_PROCUREMENT-2014-ARMY_WTCV-PROCUREMENT_JustificationBook_Army_PB_2014.zzz_unzipped-PROCUREMENT_JustificationBook_Army_PB_2014.xml","6bd4d70739297e36cb7d4d8f35300cbc0da9f764241398b1c9c046f0a81114d8","1-a452d1e19b070a1be45c4c43bc390e28374361da2801a896ff0031291c1ee832","2266-cd8281c59b59d3836974c803263a09f0ba20949854a28d94d80cb636902eec3a","root"
"Watervliet Arsenal","Watervliet, NY","COCO","2014-BASE_PROCUREMENT-2014-ARMY_WTCV-PROCUREMENT_JustificationBook_Army_PB_2014.zzz_unzipped-PROCUREMENT_JustificationBook_Army_PB_2014.xml","6bd4d70739297e36cb7d4d8f35300cbc0da9f764241398b1c9c046f0a81114d8","2-4f26ab9a89ea4b7d4e4f29a2918ae681d0c6a1b75eaae2e4559f8a66a34e237b","2266-cd8281c59b59d3836974c803263a09f0ba20949854a28d94d80cb636902eec3a","root"
"ATEC Test Range Instrumentation","Yuma, AZ; Aberdeen, MD; White Sands, NM","GOGO","2014-BASE_PROCUREMENT-2014-ARMY_WTCV-PROCUREMENT_JustificationBook_Army_PB_2014.zzz_unzipped-PROCUREMENT_JustificationBook_Army_PB_2014.xml","6bd4d70739297e36cb7d4d8f35300cbc0da9f764241398b1c9c046f0a81114d8","3-cca319ad80babe674ba70470bc6733f6d8086e9f61a6ecc39aca4807e97e92cd","2266-cd8281c59b59d3836974c803263a09f0ba20949854a28d94d80cb636902eec3a","root"
"Holston Army Ammunition Plant","Kingsport, Tennessee","GOCO","2014-BASE_PROCUREMENT-2014-ARMY_AMMO-PROCUREMENT_JustificationBook_Army_PB_2014.zzz_unzipped-PROCUREMENT_JustificationBook_Army_PB_2014.xml","e88f3661ea6cf14fda0467552ead014351215debdd83ba533521d2174718f5f2","0-f9b52bbcd0ec989e035d09a2819adaa502b94e0df2c6911fae5de67efabe0651","2301-2e362f3a29d29c2388a7e22944a5309649a9e5b798cc1c11ad55bd5eec4fab2e","root"
"Iowa Army Ammunition Plant","Middletown, Iowa","GOCO","2014-BASE_PROCUREMENT-2014-ARMY_AMMO-PROCUREMENT_JustificationBook_Army_PB_2014.zzz_unzipped-PROCUREMENT_JustificationBook_Army_PB_2014.xml","e88f3661ea6cf14fda0467552ead014351215debdd83ba533521d2174718f5f2","1-1849d852510ed6f981568f7044fb975d730d0eaf33e30d205bfdf69d7948cdc0","2301-2e362f3a29d29c2388a7e22944a5309649a9e5b798cc1c11ad55bd5eec4fab2e","root"
"Lake City Army Ammunition Plant","Independence, Missouri","GOCO","2014-BASE_PROCUREMENT-2014-ARMY_AMMO-PROCUREMENT_JustificationBook_Army_PB_2014.zzz_unzipped-PROCUREMENT_JustificationBook_Army_PB_2014.xml","e88f3661ea6cf14fda0467552ead014351215debdd83ba533521d2174718f5f2","2-a5ba82b21a653c8aaee01b46867fea12c364dd880cb4222cca28bd51f291f39b","2301-2e362f3a29d29c2388a7e22944a5309649a9e5b798cc1c11ad55bd5eec4fab2e","root"
"Milan Army Ammunition Plant","Milan, Tennessee","GOCO","2014-BASE_PROCUREMENT-2014-ARMY_AMMO-PROCUREMENT_JustificationBook_Army_PB_2014.zzz_unzipped-PROCUREMENT_JustificationBook_Army_PB_2014.xml","e88f3661ea6cf14fda0467552ead014351215debdd83ba533521d2174718f5f2","3-e89c2c7e89218754b431d6d0a4ddcda917ecb0359dcd3864f0cf9a930ff4cd80","2301-2e362f3a29d29c2388a7e22944a5309649a9e5b798cc1c11ad55bd5eec4fab2e","root"
"Radford Army Ammunition Plant","Radford, Virginia","GOCO","2014-BASE_PROCUREMENT-2014-ARMY_AMMO-PROCUREMENT_JustificationBook_Army_PB_2014.zzz_unzipped-PROCUREMENT_JustificationBook_Army_PB_2014.xml","e88f3661ea6cf14fda0467552ead014351215debdd83ba533521d2174718f5f2","4-992d7f959e3e912961f124b052f3f9fc0f738f784abef0f5c5a9aba9c0103529","2301-2e362f3a29d29c2388a7e22944a5309649a9e5b798cc1c11ad55bd5eec4fab2e","root"
"Scranton Army Ammunition Plant","Scranton, Pennsylvania","GOCO","2014-BASE_PROCUREMENT-2014-ARMY_AMMO-PROCUREMENT_JustificationBook_Army_PB_2014.zzz_unzipped-PROCUREMENT_JustificationBook_Army_PB_2014.xml","e88f3661ea6cf14fda0467552ead014351215debdd83ba533521d2174718f5f2","5-796e8ee8936218b589da159857a4368219ae1c5b65847c18c44af8b3c04040e4","2301-2e362f3a29d29c2388a7e22944a5309649a9e5b798cc1c11ad55bd5eec4fab2e","root"
"Various Army Ammunition Plants","Multiple","GOCO","2014-BASE_PROCUREMENT-2014-ARMY_AMMO-PROCUREMENT_JustificationBook_Army_PB_2014.zzz_unzipped-PROCUREMENT_JustificationBook_Army_PB_2014.xml","e88f3661ea6cf14fda0467552ead014351215debdd83ba533521d2174718f5f2","6-676620f1179a332527f5d8ea0dff383f2819d82da338bf453b6d6b9a1d7ddb23","2301-2e362f3a29d29c2388a7e22944a5309649a9e5b798cc1c11ad55bd5eec4fab2e","root"
"Yuma Proving Ground / Aberdeen Test Center","Yuma, Arizona / Aberdeen, Maryland","GOCO","2014-BASE_PROCUREMENT-2014-ARMY_AMMO-PROCUREMENT_JustificationBook_Army_PB_2014.zzz_unzipped-PROCUREMENT_JustificationBook_Army_PB_2014.xml","e88f3661ea6cf14fda0467552ead014351215debdd83ba533521d2174718f5f2","7-5cd4b66a7902283d76d8335d8d8b2170d9d6b2d9974bc50c9b6d1c3a625b0bf0","2301-2e362f3a29d29c2388a7e22944a5309649a9e5b798cc1c11ad55bd5eec4fab2e","root"
"Iowa Army Ammunition Plant","Middletown, IA","GOCO","2015-BASE_PROCUREMENT-2015-ARMY_MISSLE-PROCUREMENT_JustificationBook_Army_PB_2015.zzz_unzipped-PROCUREMENT_JustificationBook_Army_PB_2015.xml","1ce616cebd232fd2399463be858c2c7629ed2c1ff092641defc3185c397ef053","0-a867f648e2a065249795927c572e6019ec0790dcaad8b00ce4e04130c7ec8d70","3866-b0b254c39c2424b3e73c862c036260518453c3ec1721cbcd4eba32bbd8146720","root"
"Redstone Tech Test Center; White Sands Test Center","Huntsville, AL; White Sands Missile Range, NM","GOGO","2015-BASE_PROCUREMENT-2015-ARMY_MISSLE-PROCUREMENT_JustificationBook_Army_PB_2015.zzz_unzipped-PROCUREMENT_JustificationBook_Army_PB_2015.xml","1ce616cebd232fd2399463be858c2c7629ed2c1ff092641defc3185c397ef053","1-102ec07472531c43edec0d4af6c3787e53fe90df00e6ec1f1584053f770bbab7","3866-b0b254c39c2424b3e73c862c036260518453c3ec1721cbcd4eba32bbd8146720","root"
"Production Base Support - Lima","TACOM","GOCO","2015-BASE_PROCUREMENT-2015-ARMY_WTCV-PROCUREMENT_JustificationBook_Army_PB_2015.zzz_unzipped-PROCUREMENT_JustificationBook_Army_PB_2015.xml","3d4f4d92dbdc04b87379ee6112830051bb01b0139bba49aee717b216ec7372a1","0-87f254b2320117344ee091e4546ef25f74400499cf75ff5eafb9e0e3695c284b","3880-72be6077696f7e7a294326875397d35c19e1a1b4e407891a26f395d57eb1a2a6","root"
"Production Base Support - Scranton","TACOM","COCO","2015-BASE_PROCUREMENT-2015-ARMY_WTCV-PROCUREMENT_JustificationBook_Army_PB_2015.zzz_unzipped-PROCUREMENT_JustificationBook_Army_PB_2015.xml","3d4f4d92dbdc04b87379ee6112830051bb01b0139bba49aee717b216ec7372a1","1-62039dc06a82d7169c19bfa7e265dadb7a5598813d3da6832c89091b5c250fbe","3880-72be6077696f7e7a294326875397d35c19e1a1b4e407891a26f395d57eb1a2a6","root"
"TACOM LCMC Production Base Spt Program","TACOM","GOGO","2015-BASE_PROCUREMENT-2015-ARMY_WTCV-PROCUREMENT_JustificationBook_Army_PB_2015.zzz_unzipped-PROCUREMENT_JustificationBook_Army_PB_2015.xml","3d4f4d92dbdc04b87379ee6112830051bb01b0139bba49aee717b216ec7372a1","2-75d4c019e0dc6efd65223e4ac5d8e27b7b6ba58b9b1bd48c6c8dfd8b69b06f95","3880-72be6077696f7e7a294326875397d35c19e1a1b4e407891a26f395d57eb1a2a6","root"
"GD-ATP/Watervliet/Rock Island PBS Provisioning of Industrial Facilities","Saco, ME","GOGO","2015-BASE_PROCUREMENT-2015-ARMY_WTCV-PROCUREMENT_JustificationBook_Army_PB_2015.zzz_unzipped-PROCUREMENT_JustificationBook_Army_PB_2015.xml","a584fd6a0f683eab067c59c742ba7f9404fce4832bc6cc82fa2133d9f128704f","0-3f7c2306c05891eb016fc933a9613e6454d4cc20e7a9ebacbb768fbbf8fbe1cf","3903-5228abbab93ddaa928eb48b5ee2e55b7b90bcf8477f2f7f7aaec76d644ab50e2","root"
"Rock Island Arsenal - JMTC","Rock Island, IL","GOGO","2015-BASE_PROCUREMENT-2015-ARMY_WTCV-PROCUREMENT_JustificationBook_Army_PB_2015.zzz_unzipped-PROCUREMENT_JustificationBook_Army_PB_2015.xml","a584fd6a0f683eab067c59c742ba7f9404fce4832bc6cc82fa2133d9f128704f","1-cacd2e3782f76d9862ca8c9efbe811287484a047c3a45f358e1b57e6824a466e","3903-5228abbab93ddaa928eb48b5ee2e55b7b90bcf8477f2f7f7aaec76d644ab50e2","root"
"Watervliet Arsenal","Watervliet, NY","COCO","2015-BASE_PROCUREMENT-2015-ARMY_WTCV-PROCUREMENT_JustificationBook_Army_PB_2015.zzz_unzipped-PROCUREMENT_JustificationBook_Army_PB_2015.xml","a584fd6a0f683eab067c59c742ba7f9404fce4832bc6cc82fa2133d9f128704f","2-2428a8cf834d5aca6062b5c22bf30a0aed763ce9ec3a2ba81c6cfbefdbc37fe9","3903-5228abbab93ddaa928eb48b5ee2e55b7b90bcf8477f2f7f7aaec76d644ab50e2","root"
"ATEC Test Range Instrumentation","Yuma, AZ; Aberdeen, MD; White Sands, NM","GOGO","2015-BASE_PROCUREMENT-2015-ARMY_WTCV-PROCUREMENT_JustificationBook_Army_PB_2015.zzz_unzipped-PROCUREMENT_JustificationBook_Army_PB_2015.xml","a584fd6a0f683eab067c59c742ba7f9404fce4832bc6cc82fa2133d9f128704f","3-30e2b5ebf6941d21f7a0c57a55fda94a84663a876f4dbbc6b6bcff28d7186e6e","3903-5228abbab93ddaa928eb48b5ee2e55b7b90bcf8477f2f7f7aaec76d644ab50e2","root"
"Holston Army Ammunition Plant","Kingsport, Tennessee","GOCO","2015-BASE_PROCUREMENT-2015-ARMY_AMMO-PROCUREMENT_JustificationBook_Army_PB_2015.zzz_unzipped-PROCUREMENT_JustificationBook_Army_PB_2015.xml","c4d5510aae3be623d3815177cb4b77718e913b16082d5e476d238e93060d9756","0-47df3a858720bfe4618ebf94884e2348e28c6613a44fb14784df9f32e2d0a2cc","3938-ad35a3f03e8ea1da07a3e21b063980caa332e49e67c84f6bceb5e3f521d1095c","root"
"Iowa Army Ammunition Plant","Middletown, Iowa","GOCO","2015-BASE_PROCUREMENT-2015-ARMY_AMMO-PROCUREMENT_JustificationBook_Army_PB_2015.zzz_unzipped-PROCUREMENT_JustificationBook_Army_PB_2015.xml","c4d5510aae3be623d3815177cb4b77718e913b16082d5e476d238e93060d9756","1-c0d2acab263c4165a798ac6bf052d87e12ef512dfb91d278cb1a77d7d48cfa82","3938-ad35a3f03e8ea1da07a3e21b063980caa332e49e67c84f6bceb5e3f521d1095c","root"
"Lake City Army Ammunition Plant","Independence, Missouri","GOCO","2015-BASE_PROCUREMENT-2015-ARMY_AMMO-PROCUREMENT_JustificationBook_Army_PB_2015.zzz_unzipped-PROCUREMENT_JustificationBook_Army_PB_2015.xml","c4d5510aae3be623d3815177cb4b77718e913b16082d5e476d238e93060d9756","2-e82380dd4965a435bdd9065192fee11cce552fcbd2fc108fe900ab38423e9979","3938-ad35a3f03e8ea1da07a3e21b063980caa332e49e67c84f6bceb5e3f521d1095c","root"
"Milan Army Ammunition Plant","Milan, Tennessee","GOCO","2015-BASE_PROCUREMENT-2015-ARMY_AMMO-PROCUREMENT_JustificationBook_Army_PB_2015.zzz_unzipped-PROCUREMENT_JustificationBook_Army_PB_2015.xml","c4d5510aae3be623d3815177cb4b77718e913b16082d5e476d238e93060d9756","3-50cffc7e612bd8e74993eca5d2a89e712d592b0a931ab704ead14ad0fdf62ea3","3938-ad35a3f03e8ea1da07a3e21b063980caa332e49e67c84f6bceb5e3f521d1095c","root"
"Radford Army Ammunition Plant","Radford, Virginia","GOCO","2015-BASE_PROCUREMENT-2015-ARMY_AMMO-PROCUREMENT_JustificationBook_Army_PB_2015.zzz_unzipped-PROCUREMENT_JustificationBook_Army_PB_2015.xml","c4d5510aae3be623d3815177cb4b77718e913b16082d5e476d238e93060d9756","4-ec84780ffde71bf35402749621bb993f55bcede06b2223de624d00194f7f62f4","3938-ad35a3f03e8ea1da07a3e21b063980caa332e49e67c84f6bceb5e3f521d1095c","root"
"Scranton Army Ammunition Plant","Scranton, Pennsylvania","GOCO","2015-BASE_PROCUREMENT-2015-ARMY_AMMO-PROCUREMENT_JustificationBook_Army_PB_2015.zzz_unzipped-PROCUREMENT_JustificationBook_Army_PB_2015.xml","c4d5510aae3be623d3815177cb4b77718e913b16082d5e476d238e93060d9756","5-650999948b6d950ca4255ec3730385a3a66d7e604aba3bbab018470876ca5b61","3938-ad35a3f03e8ea1da07a3e21b063980caa332e49e67c84f6bceb5e3f521d1095c","root"
"Various Army Ammunition Plants","Multiple","GOCO","2015-BASE_PROCUREMENT-2015-ARMY_AMMO-PROCUREMENT_JustificationBook_Army_PB_2015.zzz_unzipped-PROCUREMENT_JustificationBook_Army_PB_2015.xml","c4d5510aae3be623d3815177cb4b77718e913b16082d5e476d238e93060d9756","6-e218f2b5538e91014401bbe4e58be21b73a78d93068af8c53e23e9c859535523","3938-ad35a3f03e8ea1da07a3e21b063980caa332e49e67c84f6bceb5e3f521d1095c","root"
"Yuma Proving Ground / Aberdeen Test Center","Yuma, Arizona / Aberdeen, Maryland","GOCO","2015-BASE_PROCUREMENT-2015-ARMY_AMMO-PROCUREMENT_JustificationBook_Army_PB_2015.zzz_unzipped-PROCUREMENT_JustificationBook_Army_PB_2015.xml","c4d5510aae3be623d3815177cb4b77718e913b16082d5e476d238e93060d9756","7-34de673355ea8a5e733aa54f0c3507a99f0e72bfdd5dbc4d3e695e3acdf203d1","3938-ad35a3f03e8ea1da07a3e21b063980caa332e49e67c84f6bceb5e3f521d1095c","root"
"Iowa AAP; Radford AAP","Middletown, IA; Radford, VA","GOCO","2016-BASE_PROCUREMENT-2016-ARMY_MISSLE-PROCUREMENT_JustificationBook_Army_PB_2016.zzz_unzipped-PROCUREMENT_JustificationBook_Army_PB_2016.xml","28a3135044403b01620d12c43b04f24037276882219eb30fa6690b8ec089ad75","0-7ccf56afca5fa40a04d140e31ccd18f632ba2dfdc1c33c6570441ae975c210eb","5528-5ffd807052b026c2c2ff4143c6f32448f4e93ec8ef8af82ed79aa61458472e95","root"
"Redstone Tech Test Center; White Sands Test Center","Huntsville, AL; White Sands Missile Range, NM","GOGO","2016-BASE_PROCUREMENT-2016-ARMY_MISSLE-PROCUREMENT_JustificationBook_Army_PB_2016.zzz_unzipped-PROCUREMENT_JustificationBook_Army_PB_2016.xml","28a3135044403b01620d12c43b04f24037276882219eb30fa6690b8ec089ad75","1-35b2e0a89acc36136e60e63e14b45997185d13e605add95fd615c7ff8fff1291","5528-5ffd807052b026c2c2ff4143c6f32448f4e93ec8ef8af82ed79aa61458472e95","root"
"Production Base Support - Lima","Lima, OH","GOCO","2016-BASE_PROCUREMENT-2016-ARMY_WTCV-PROCUREMENT_JustificationBook_Army_PB_2016.zzz_unzipped-PROCUREMENT_JustificationBook_Army_PB_2016.xml","efdaa413bc9b9d7b0d356815766b129a9ee35a6431900f7de46d31ccc17861b3","0-20e075ec3040ebbc15f8a5263559dc356b4369588f42074c8bb367e347b156bd","5542-b15d36a000a9bd1702b714da64b7c301707c709167b6b976a0a7e6ffe1eeeb6f","root"
"Production Base Support - Scranton","Scranton, PA","COCO","2016-BASE_PROCUREMENT-2016-ARMY_WTCV-PROCUREMENT_JustificationBook_Army_PB_2016.zzz_unzipped-PROCUREMENT_JustificationBook_Army_PB_2016.xml","efdaa413bc9b9d7b0d356815766b129a9ee35a6431900f7de46d31ccc17861b3","1-3937a9c976789c055f3f093683f81d87d2b0269684329f301b7133f51fb6f52a","5542-b15d36a000a9bd1702b714da64b7c301707c709167b6b976a0a7e6ffe1eeeb6f","root"
"TACOM LCMC Production Base Spt Program","TACOM","GOGO","2016-BASE_PROCUREMENT-2016-ARMY_WTCV-PROCUREMENT_JustificationBook_Army_PB_2016.zzz_unzipped-PROCUREMENT_JustificationBook_Army_PB_2016.xml","efdaa413bc9b9d7b0d356815766b129a9ee35a6431900f7de46d31ccc17861b3","2-7f0e99f1e879726ad84649005aee1a566d2875e61a72b4476b0af17cde4d1b92","5542-b15d36a000a9bd1702b714da64b7c301707c709167b6b976a0a7e6ffe1eeeb6f","root"
"GD-ATP/Watervliet/Rock Island PBS Provisioning of Industrial Facilities","Saco, ME","GOGO","2016-BASE_PROCUREMENT-2016-ARMY_WTCV-PROCUREMENT_JustificationBook_Army_PB_2016.zzz_unzipped-PROCUREMENT_JustificationBook_Army_PB_2016.xml","5d00c39c1e909eed2357826245a76a51310d03e9eaaa04439ab37437904c53fa","0-c9661a09cd7d9fa71d3e2f61ff58cd577751a1cf145c58b08ce5c955a3b08a7b","5564-314b136634459c9019628d9f269822351a93b559e5e9e79875bbf1693d541ea6","root"
"Rock Island Arsenal - JMTC","Rock Island, IL","GOGO","2016-BASE_PROCUREMENT-2016-ARMY_WTCV-PROCUREMENT_JustificationBook_Army_PB_2016.zzz_unzipped-PROCUREMENT_JustificationBook_Army_PB_2016.xml","5d00c39c1e909eed2357826245a76a51310d03e9eaaa04439ab37437904c53fa","1-636cf95b3291b989313009dfcb66f4d832a3578a937ff6213cf8ba08ec04001e","5564-314b136634459c9019628d9f269822351a93b559e5e9e79875bbf1693d541ea6","root"
"Watervliet Arsenal","Watervliet, NY","COCO","2016-BASE_PROCUREMENT-2016-ARMY_WTCV-PROCUREMENT_JustificationBook_Army_PB_2016.zzz_unzipped-PROCUREMENT_JustificationBook_Army_PB_2016.xml","5d00c39c1e909eed2357826245a76a51310d03e9eaaa04439ab37437904c53fa","2-06f01a26018ce951251b68a6fad54806dea7d08e8292e800c37cf7e93c1a438d","5564-314b136634459c9019628d9f269822351a93b559e5e9e79875bbf1693d541ea6","root"
"ATEC Test Range Instrumentation","Yuma, AZ; Aberdeen, MD; White Sands, NM","GOGO","2016-BASE_PROCUREMENT-2016-ARMY_WTCV-PROCUREMENT_JustificationBook_Army_PB_2016.zzz_unzipped-PROCUREMENT_JustificationBook_Army_PB_2016.xml","5d00c39c1e909eed2357826245a76a51310d03e9eaaa04439ab37437904c53fa","3-b6c70e29e113ddc60a9d69115cf10896f33ffb47e33da61a89655750db0aad32","5564-314b136634459c9019628d9f269822351a93b559e5e9e79875bbf1693d541ea6","root"
"Holston Army Ammunition Plant","Kingsport, Tennessee","GOCO","2016-BASE_PROCUREMENT-2016-ARMY_AMMO-PROCUREMENT_JustificationBook_Army_PB_2016.zzz_unzipped-PROCUREMENT_JustificationBook_Army_PB_2016.xml","b8c74bded3f7e8d5becd320d034e0321c86f39aa744ca436c07c8d4430a61422","0-8163fbe896f74e9169749ed535d8090f7e01c247eb775cc982a253056d49b42c","5594-7dea7c10f7b5dbe8f3b11e8faeb39690647766e514e27a0bae6dce5a6ff8fef7","root"
"Iowa Army Ammunition Plant","Middletown, Iowa","GOCO","2016-BASE_PROCUREMENT-2016-ARMY_AMMO-PROCUREMENT_JustificationBook_Army_PB_2016.zzz_unzipped-PROCUREMENT_JustificationBook_Army_PB_2016.xml","b8c74bded3f7e8d5becd320d034e0321c86f39aa744ca436c07c8d4430a61422","1-fc701eeda35f26e3e6ddcbddc26964ecaebe11afcfbcc1e8d585abd4645cbe27","5594-7dea7c10f7b5dbe8f3b11e8faeb39690647766e514e27a0bae6dce5a6ff8fef7","root"
"Lake City Army Ammunition Plant","Independence, Missouri","GOCO","2016-BASE_PROCUREMENT-2016-ARMY_AMMO-PROCUREMENT_JustificationBook_Army_PB_2016.zzz_unzipped-PROCUREMENT_JustificationBook_Army_PB_2016.xml","b8c74bded3f7e8d5becd320d034e0321c86f39aa744ca436c07c8d4430a61422","2-0cc04b16ca24fd286ef2e1e4632b0ba89ab36f687660b234e65c6ceb08020897","5594-7dea7c10f7b5dbe8f3b11e8faeb39690647766e514e27a0bae6dce5a6ff8fef7","root"
"Radford Army Ammunition Plant","Radford, Virginia","GOCO","2016-BASE_PROCUREMENT-2016-ARMY_AMMO-PROCUREMENT_JustificationBook_Army_PB_2016.zzz_unzipped-PROCUREMENT_JustificationBook_Army_PB_2016.xml","b8c74bded3f7e8d5becd320d034e0321c86f39aa744ca436c07c8d4430a61422","3-51f3f19cedbff528880e056b45493840fad265341fb2aadc5d1b91dd6f09aa53","5594-7dea7c10f7b5dbe8f3b11e8faeb39690647766e514e27a0bae6dce5a6ff8fef7","root"
"Scranton Army Ammunition Plant","Scranton, Pennsylvania","GOCO","2016-BASE_PROCUREMENT-2016-ARMY_AMMO-PROCUREMENT_JustificationBook_Army_PB_2016.zzz_unzipped-PROCUREMENT_JustificationBook_Army_PB_2016.xml","b8c74bded3f7e8d5becd320d034e0321c86f39aa744ca436c07c8d4430a61422","4-afe041d3aac7d3e3342a5b9c2a5442ad92ae5b15fb22070f801085c310f20a9e","5594-7dea7c10f7b5dbe8f3b11e8faeb39690647766e514e27a0bae6dce5a6ff8fef7","root"
"Various Army Ammunition Plants","Multiple","GOCO","2016-BASE_PROCUREMENT-2016-ARMY_AMMO-PROCUREMENT_JustificationBook_Army_PB_2016.zzz_unzipped-PROCUREMENT_JustificationBook_Army_PB_2016.xml","b8c74bded3f7e8d5becd320d034e0321c86f39aa744ca436c07c8d4430a61422","5-9de8f6c17ae072ede8e3fb54f1bdff5a5bf58fa3fd7504f95b414afded30e04c","5594-7dea7c10f7b5dbe8f3b11e8faeb39690647766e514e27a0bae6dce5a6ff8fef7","root"
"Yuma Proving Ground / Aberdeen Test Center","Yuma, Arizona / Aberdeen, Maryland","GOCO","2016-BASE_PROCUREMENT-2016-ARMY_AMMO-PROCUREMENT_JustificationBook_Army_PB_2016.zzz_unzipped-PROCUREMENT_JustificationBook_Army_PB_2016.xml","b8c74bded3f7e8d5becd320d034e0321c86f39aa744ca436c07c8d4430a61422","6-bd3aee152d790554837e95b040c3f70bc7714a4d11106706d8bfd8df39536bce","5594-7dea7c10f7b5dbe8f3b11e8faeb39690647766e514e27a0bae6dce5a6ff8fef7","root"
"Maintenance of Inactive Facilities","Various AAPs","GOCO","2018-BASE_PROCUREMENT-2018-ARMY_AMMO-U_PROCUREMENT_JustificationBook_Army_PB_2018.zzz_unzipped-U_PROCUREMENT_JustificationBook_Army_PB_2018.xml","ac8b476f8f4e2fea8c6f899f79cc74d889b720e44677133cab99482e7a2f8d2c","0-751c210e0cd7ac4bbc16699a78a89b751f8bb3223f67f9dc481cdd8a0afe7323","8773-d9ed003b3410222b76633644a46c14bd7bf16f0f237adc83661ee923d908b0c4","root"
"Holston Army Ammunition Plant","Kingsport, Tennessee","GOCO","2018-BASE_PROCUREMENT-2018-ARMY_AMMO-U_PROCUREMENT_JustificationBook_Army_PB_2018.zzz_unzipped-U_PROCUREMENT_JustificationBook_Army_PB_2018.xml","ac8b476f8f4e2fea8c6f899f79cc74d889b720e44677133cab99482e7a2f8d2c","1-44ff2cbcfb9e3d1f757f680022a18fb31591671863a311f2282aace2aad79fab","8773-d9ed003b3410222b76633644a46c14bd7bf16f0f237adc83661ee923d908b0c4","root"
"Layaway Of Industrial Facilities","Various AAPs","GOCO","2018-BASE_PROCUREMENT-2018-ARMY_AMMO-U_PROCUREMENT_JustificationBook_Army_PB_2018.zzz_unzipped-U_PROCUREMENT_JustificationBook_Army_PB_2018.xml","ac8b476f8f4e2fea8c6f899f79cc74d889b720e44677133cab99482e7a2f8d2c","2-9ea2e7c643c82edaa186b370daba3ebd20e6fe55d244160edde932ddf62e5afc","8773-d9ed003b3410222b76633644a46c14bd7bf16f0f237adc83661ee923d908b0c4","root"
"Iowa Army Ammunition Plant","Middletown, Iowa","GOCO","2018-BASE_PROCUREMENT-2018-ARMY_AMMO-U_PROCUREMENT_JustificationBook_Army_PB_2018.zzz_unzipped-U_PROCUREMENT_JustificationBook_Army_PB_2018.xml","ac8b476f8f4e2fea8c6f899f79cc74d889b720e44677133cab99482e7a2f8d2c","3-70fcfac7dcc9c2bdf46ccb714bbc4860b3b6a65cedafa6b91f761f7b25cf9faa","8773-d9ed003b3410222b76633644a46c14bd7bf16f0f237adc83661ee923d908b0c4","root"
"Lake City Army Ammunition Plant","Independence, Missouri","GOCO","2018-BASE_PROCUREMENT-2018-ARMY_AMMO-U_PROCUREMENT_JustificationBook_Army_PB_2018.zzz_unzipped-U_PROCUREMENT_JustificationBook_Army_PB_2018.xml","ac8b476f8f4e2fea8c6f899f79cc74d889b720e44677133cab99482e7a2f8d2c","4-aa7d3e77a6d88394c295cc3995e8bb800a805fd107816ea8f0fbbffc790bafef","8773-d9ed003b3410222b76633644a46c14bd7bf16f0f237adc83661ee923d908b0c4","root"
"Radford Army Ammunition Plant","Radford, Virginia","GOCO","2018-BASE_PROCUREMENT-2018-ARMY_AMMO-U_PROCUREMENT_JustificationBook_Army_PB_2018.zzz_unzipped-U_PROCUREMENT_JustificationBook_Army_PB_2018.xml","ac8b476f8f4e2fea8c6f899f79cc74d889b720e44677133cab99482e7a2f8d2c","5-9e21eec876608ff10b6eac799206098d30ca559fae99759d97b0f1d91ff24d48","8773-d9ed003b3410222b76633644a46c14bd7bf16f0f237adc83661ee923d908b0c4","root"
"Scranton Army Ammunition Plant","Scranton, Pennsylvania","GOCO","2018-BASE_PROCUREMENT-2018-ARMY_AMMO-U_PROCUREMENT_JustificationBook_Army_PB_2018.zzz_unzipped-U_PROCUREMENT_JustificationBook_Army_PB_2018.xml","ac8b476f8f4e2fea8c6f899f79cc74d889b720e44677133cab99482e7a2f8d2c","6-82e0963e2b1b8902ac452d3c5c4a9e31778bd5e30f347cae6b1168656dc8d833","8773-d9ed003b3410222b76633644a46c14bd7bf16f0f237adc83661ee923d908b0c4","root"
"Various Army Ammunition Plants","Multiple","GOCO","2018-BASE_PROCUREMENT-2018-ARMY_AMMO-U_PROCUREMENT_JustificationBook_Army_PB_2018.zzz_unzipped-U_PROCUREMENT_JustificationBook_Army_PB_2018.xml","ac8b476f8f4e2fea8c6f899f79cc74d889b720e44677133cab99482e7a2f8d2c","7-dbb0506c7a765494761164084f27a29b1ebb452154e0e181f5c2e05ff8151883","8773-d9ed003b3410222b76633644a46c14bd7bf16f0f237adc83661ee923d908b0c4","root"
"Yuma Proving Ground / Aberdeen Test Center","Yuma, Arizona / Aberdeen, Maryland","GOCO","2018-BASE_PROCUREMENT-2018-ARMY_AMMO-U_PROCUREMENT_JustificationBook_Army_PB_2018.zzz_unzipped-U_PROCUREMENT_JustificationBook_Army_PB_2018.xml","ac8b476f8f4e2fea8c6f899f79cc74d889b720e44677133cab99482e7a2f8d2c","8-57a85d3c8e2cde5daa7ca2a19bcd999f8b4a5137862a5c87f0064520a6c2ee8f","8773-d9ed003b3410222b76633644a46c14bd7bf16f0f237adc83661ee923d908b0c4","root"
"Holston Army Ammunition Plant","Kingsport, Tennessee","GOCO","2019-BASE_PROCUREMENT-2019-ARMY_AMMO-U_PROCUREMENT_JustificationBook_Army_PB_2019.zzz_unzipped-U_PROCUREMENT_JustificationBook_Army_PB_2019.xml","2d28c1a9b7eadd2631782dbf90ba9618a62852e63ad6651cf5a182412bbc174a","0-ff8143df18ae0b5d23d7287995d4a0542241717a9f9cb58160031efd63db1dc4","10411-1d287d9a842f8565aeb2b5e5175c8de39fca1ff548f61761b228ba1b25a5dd87","root"
"Iowa Army Ammunition Plant","Middletown, Iowa","GOCO","2019-BASE_PROCUREMENT-2019-ARMY_AMMO-U_PROCUREMENT_JustificationBook_Army_PB_2019.zzz_unzipped-U_PROCUREMENT_JustificationBook_Army_PB_2019.xml","2d28c1a9b7eadd2631782dbf90ba9618a62852e63ad6651cf5a182412bbc174a","1-5e45b118a775b5c9ea6e8ecf7e6d54e27b8483b88bdc947ac59e3cf008fcaabd","10411-1d287d9a842f8565aeb2b5e5175c8de39fca1ff548f61761b228ba1b25a5dd87","root"
"Lake City Army Ammunition Plant","Independence, Missouri","GOCO","2019-BASE_PROCUREMENT-2019-ARMY_AMMO-U_PROCUREMENT_JustificationBook_Army_PB_2019.zzz_unzipped-U_PROCUREMENT_JustificationBook_Army_PB_2019.xml","2d28c1a9b7eadd2631782dbf90ba9618a62852e63ad6651cf5a182412bbc174a","2-413b1836d0195c3f7a9d1cd7863c53d1b32f0b4938d449e5cc0552b3aebebb09","10411-1d287d9a842f8565aeb2b5e5175c8de39fca1ff548f61761b228ba1b25a5dd87","root"
"Radford Army Ammunition Plant","Radford, Virginia","GOCO","2019-BASE_PROCUREMENT-2019-ARMY_AMMO-U_PROCUREMENT_JustificationBook_Army_PB_2019.zzz_unzipped-U_PROCUREMENT_JustificationBook_Army_PB_2019.xml","2d28c1a9b7eadd2631782dbf90ba9618a62852e63ad6651cf5a182412bbc174a","3-7d7850dac999e3a347555b8714a800b252b1c12646e64308918f62dad658060d","10411-1d287d9a842f8565aeb2b5e5175c8de39fca1ff548f61761b228ba1b25a5dd87","root"
"Scranton Army Ammunition Plant","Scranton, Pennsylvania","GOCO","2019-BASE_PROCUREMENT-2019-ARMY_AMMO-U_PROCUREMENT_JustificationBook_Army_PB_2019.zzz_unzipped-U_PROCUREMENT_JustificationBook_Army_PB_2019.xml","2d28c1a9b7eadd2631782dbf90ba9618a62852e63ad6651cf5a182412bbc174a","4-4ad465abec53eb260ac2adca3fd47d1b75f4b23399b68b39332b6406b3174335","10411-1d287d9a842f8565aeb2b5e5175c8de39fca1ff548f61761b228ba1b25a5dd87","root"
"Various Army Ammunition Plants","Multiple","GOCO","2019-BASE_PROCUREMENT-2019-ARMY_AMMO-U_PROCUREMENT_JustificationBook_Army_PB_2019.zzz_unzipped-U_PROCUREMENT_JustificationBook_Army_PB_2019.xml","2d28c1a9b7eadd2631782dbf90ba9618a62852e63ad6651cf5a182412bbc174a","5-869579671fedca30266ce943db1c389fec2b46d41597e7deed84584a46f812b9","10411-1d287d9a842f8565aeb2b5e5175c8de39fca1ff548f61761b228ba1b25a5dd87","root"
"Yuma Proving Ground / Aberdeen Test Center","Yuma, Arizona / Aberdeen, Maryland","GOCO","2019-BASE_PROCUREMENT-2019-ARMY_AMMO-U_PROCUREMENT_JustificationBook_Army_PB_2019.zzz_unzipped-U_PROCUREMENT_JustificationBook_Army_PB_2019.xml","2d28c1a9b7eadd2631782dbf90ba9618a62852e63ad6651cf5a182412bbc174a","6-26e57f4e635006c095266bb77477babbb508fe8da2a30b25a46f3c26e9edb5d3","10411-1d287d9a842f8565aeb2b5e5175c8de39fca1ff548f61761b228ba1b25a5dd87","root"
"Maintenance of Inactive Facilities","Various AAPs","GOCO","2019-BASE_PROCUREMENT-2019-ARMY_AMMO-U_PROCUREMENT_JustificationBook_Army_PB_2019.zzz_unzipped-U_PROCUREMENT_JustificationBook_Army_PB_2019.xml","2d28c1a9b7eadd2631782dbf90ba9618a62852e63ad6651cf5a182412bbc174a","7-e151df578566bc0c8e1a44c2b3784b9a48074fbf0cb8532e1c4615d53fba48eb","10411-1d287d9a842f8565aeb2b5e5175c8de39fca1ff548f61761b228ba1b25a5dd87","root"
"Layaway Of Industrial Facilities","Various AAPs","GOCO","2019-BASE_PROCUREMENT-2019-ARMY_AMMO-U_PROCUREMENT_JustificationBook_Army_PB_2019.zzz_unzipped-U_PROCUREMENT_JustificationBook_Army_PB_2019.xml","2d28c1a9b7eadd2631782dbf90ba9618a62852e63ad6651cf5a182412bbc174a","8-a305daf4c7465e3a36c6773fefb59a2f9682451773b5d807f8fd9d34c2d1bf38","10411-1d287d9a842f8565aeb2b5e5175c8de39fca1ff548f61761b228ba1b25a5dd87","root"
"Maintenance of Inactive Facilities","Various AAPs","GOCO","2020-BASE_PROCUREMENT-2020-ARMY_AMMO-U_PROCUREMENT_JustificationBook_Army_PB_2020.zzz_unzipped-U_PROCUREMENT_JustificationBook_Army_PB_2020.xml","3ff5717c0071fdda534afc6a225eb17d1ca462eab0f167c6886a39c906a1ea0f","0-90b7c9d50774ff0cc259cf3ce366bee25dd09873e0fd9e0bc11f5136f59b0519","11979-090c8c032f55162a80d0d78ca3e00b8be2a0feaea02559c0de79fe6a9d8218ff","root"
"Holston Army Ammunition Plant","Kingsport, Tennessee","GOCO","2020-BASE_PROCUREMENT-2020-ARMY_AMMO-U_PROCUREMENT_JustificationBook_Army_PB_2020.zzz_unzipped-U_PROCUREMENT_JustificationBook_Army_PB_2020.xml","3ff5717c0071fdda534afc6a225eb17d1ca462eab0f167c6886a39c906a1ea0f","1-3afce3f1e0866f52cb1e8aa61a6d1e337a155864da3414a8c820756dcafe02d8","11979-090c8c032f55162a80d0d78ca3e00b8be2a0feaea02559c0de79fe6a9d8218ff","root"
"Iowa Army Ammunition Plant","Middletown, Iowa","GOCO","2020-BASE_PROCUREMENT-2020-ARMY_AMMO-U_PROCUREMENT_JustificationBook_Army_PB_2020.zzz_unzipped-U_PROCUREMENT_JustificationBook_Army_PB_2020.xml","3ff5717c0071fdda534afc6a225eb17d1ca462eab0f167c6886a39c906a1ea0f","2-dfad2865606c3713369ac02507e213397a5803382f94fbe34c3ae6848b7226f0","11979-090c8c032f55162a80d0d78ca3e00b8be2a0feaea02559c0de79fe6a9d8218ff","root"
"Lake City Army Ammunition Plant","Independence, Missouri","GOCO","2020-BASE_PROCUREMENT-2020-ARMY_AMMO-U_PROCUREMENT_JustificationBook_Army_PB_2020.zzz_unzipped-U_PROCUREMENT_JustificationBook_Army_PB_2020.xml","3ff5717c0071fdda534afc6a225eb17d1ca462eab0f167c6886a39c906a1ea0f","3-3e58aa20066755207bd4a3939a306ba18496db2f8063c57a03f134a318aa01e1","11979-090c8c032f55162a80d0d78ca3e00b8be2a0feaea02559c0de79fe6a9d8218ff","root"
"Radford Army Ammunition Plant","Radford, Virginia","GOCO","2020-BASE_PROCUREMENT-2020-ARMY_AMMO-U_PROCUREMENT_JustificationBook_Army_PB_2020.zzz_unzipped-U_PROCUREMENT_JustificationBook_Army_PB_2020.xml","3ff5717c0071fdda534afc6a225eb17d1ca462eab0f167c6886a39c906a1ea0f","4-325853d088c5bdd8a15e4f6b570a8ddddf5f26e8566e9a9b78e0f5c770ce699f","11979-090c8c032f55162a80d0d78ca3e00b8be2a0feaea02559c0de79fe6a9d8218ff","root"
"Scranton Army Ammunition Plant","Scranton, Pennsylvania","GOCO","2020-BASE_PROCUREMENT-2020-ARMY_AMMO-U_PROCUREMENT_JustificationBook_Army_PB_2020.zzz_unzipped-U_PROCUREMENT_JustificationBook_Army_PB_2020.xml","3ff5717c0071fdda534afc6a225eb17d1ca462eab0f167c6886a39c906a1ea0f","5-23d1acf3c4947ae0b808897e883b5f3e3a194142f8abc5b4b082588cd44e9a9a","11979-090c8c032f55162a80d0d78ca3e00b8be2a0feaea02559c0de79fe6a9d8218ff","root"
"Quad City Cartridge Case Facility","Rock Island Arsenal, IL","GOCO","2020-BASE_PROCUREMENT-2020-ARMY_AMMO-U_PROCUREMENT_JustificationBook_Army_PB_2020.zzz_unzipped-U_PROCUREMENT_JustificationBook_Army_PB_2020.xml","3ff5717c0071fdda534afc6a225eb17d1ca462eab0f167c6886a39c906a1ea0f","6-7be360fc2bb90b6ee65e3b9432f1aff7ecee738ee9774c297e4a0e43c73cd036","11979-090c8c032f55162a80d0d78ca3e00b8be2a0feaea02559c0de79fe6a9d8218ff","root"
"Various Army Ammunition Plants","Various Army Ammunition Plants","GOCO","2020-BASE_PROCUREMENT-2020-ARMY_AMMO-U_PROCUREMENT_JustificationBook_Army_PB_2020.zzz_unzipped-U_PROCUREMENT_JustificationBook_Army_PB_2020.xml","3ff5717c0071fdda534afc6a225eb17d1ca462eab0f167c6886a39c906a1ea0f","7-de0a461fb7bee0351a6c9c9386682eb0799e0f7055e6e4958ca63eb3bb63b606","11979-090c8c032f55162a80d0d78ca3e00b8be2a0feaea02559c0de79fe6a9d8218ff","root"
"Yuma Proving Ground / Aberdeen Test Center","Yuma, Arizona / Aberdeen, Maryland","GOCO","2020-BASE_PROCUREMENT-2020-ARMY_AMMO-U_PROCUREMENT_JustificationBook_Army_PB_2020.zzz_unzipped-U_PROCUREMENT_JustificationBook_Army_PB_2020.xml","3ff5717c0071fdda534afc6a225eb17d1ca462eab0f167c6886a39c906a1ea0f","8-81a7f60022becd3dfec6fb5f317616f8a47ef612c6fdf17a2922a7a8b66d8d5e","11979-090c8c032f55162a80d0d78ca3e00b8be2a0feaea02559c0de79fe6a9d8218ff","root"
"Layaway Of Industrial Facilities","Various AAPs","GOCO","2020-BASE_PROCUREMENT-2020-ARMY_AMMO-U_PROCUREMENT_JustificationBook_Army_PB_2020.zzz_unzipped-U_PROCUREMENT_JustificationBook_Army_PB_2020.xml","3ff5717c0071fdda534afc6a225eb17d1ca462eab0f167c6886a39c906a1ea0f","9-dbdc92b474bb67892e3e8f25c627ea88deb5f91d8c6cdd1165f20ab2424e041c","11979-090c8c032f55162a80d0d78ca3e00b8be2a0feaea02559c0de79fe6a9d8218ff","root"
