Name_val,Location_val,Type_val,@SOURCE_FILENAME,@RECORDID,@ROWID,@PARENTROWID,@PARENT
"Iowa Army Ammunition Plant","Middletown, IA","GOCO","2013-BASE_PROCUREMENT-2013-ARMY_MISSLE-JustificationBook_Army_PB_2013.zzz_unzipped-JustificationBook_Army_PB_2013.xml","25e8b748d37f38ed418d843f8caefe98c808e0e98002ee6c6fac7a2e30b888b1","0-d64b6c26b81770738f60346d0f346f8daf3f2237158130d59e74ed15067f025d","551-58e67bc2b67dfaed5a50636218669e1d330798980b01da31d84d61a670dca8b6","root"
"Redstone Tech Test Center; White Sands Test Center","Huntsville, AL; White Sands Missile Range, NM","GOGO","2013-BASE_PROCUREMENT-2013-ARMY_MISSLE-JustificationBook_Army_PB_2013.zzz_unzipped-JustificationBook_Army_PB_2013.xml","25e8b748d37f38ed418d843f8caefe98c808e0e98002ee6c6fac7a2e30b888b1","1-9ea200f4d08bb1556f312b0d287bdd619e4bf10564a24ff5faee18b37ef253b3","551-58e67bc2b67dfaed5a50636218669e1d330798980b01da31d84d61a670dca8b6","root"
"Production Base Support - Lima","TACOM","GOCO","2013-BASE_PROCUREMENT-2013-ARMY_WTCV-JustificationBook_Army_PB_2013.zzz_unzipped-JustificationBook_Army_PB_2013.xml","f0bd3f7e10f8d691ea61c5fe23bddf33e75efe0744a8f7a4df30d06842c742b5","0-f75e49a86712a7e26dbc7579a5cdec75d63ae1b080ce74d993fb4243ba38a465","564-04542706a8154e061d1fca5487b4660467420bdd331a077347fa137a643c5f5e","root"
"Production Base Support - Scranton","TACOM","COCO","2013-BASE_PROCUREMENT-2013-ARMY_WTCV-JustificationBook_Army_PB_2013.zzz_unzipped-JustificationBook_Army_PB_2013.xml","f0bd3f7e10f8d691ea61c5fe23bddf33e75efe0744a8f7a4df30d06842c742b5","1-ee03360a7203a6a2d28d504dc9e4f25368386c774bc46b2ef62097e9a9d26bf6","564-04542706a8154e061d1fca5487b4660467420bdd331a077347fa137a643c5f5e","root"
"TACOM LCMC Production Base Spt Program","TACOM","","2013-BASE_PROCUREMENT-2013-ARMY_WTCV-JustificationBook_Army_PB_2013.zzz_unzipped-JustificationBook_Army_PB_2013.xml","f0bd3f7e10f8d691ea61c5fe23bddf33e75efe0744a8f7a4df30d06842c742b5","2-2ea5de312e7f15e665be29e8936996adac0dedef93c5ad55cc2021e85abd0b1a","564-04542706a8154e061d1fca5487b4660467420bdd331a077347fa137a643c5f5e","root"
"GDLS","Saco, ME","GOGO","2013-BASE_PROCUREMENT-2013-ARMY_WTCV-JustificationBook_Army_PB_2013.zzz_unzipped-JustificationBook_Army_PB_2013.xml","77d4e2d6e7447036c7b5b87910faa2aa19021fbd093ab9579c4e3c0d93642563","0-d868721dfbf5150f1eec06a2cde762cf700b56fd7e5e26a0c3796ce9718a0828","592-6d63f1a853ded25de45d57469e2262d7d0ce8aa20bf938c1eb6749ca69a0153b","root"
"Rock Island Arsenal - JMTC","Rock Island, IL","GOGO","2013-BASE_PROCUREMENT-2013-ARMY_WTCV-JustificationBook_Army_PB_2013.zzz_unzipped-JustificationBook_Army_PB_2013.xml","77d4e2d6e7447036c7b5b87910faa2aa19021fbd093ab9579c4e3c0d93642563","1-559656d49a1d3f4e0e3260bd79f1e77fbb660211c0cc43c1c2817317029158f1","592-6d63f1a853ded25de45d57469e2262d7d0ce8aa20bf938c1eb6749ca69a0153b","root"
"Watervliet Arsenal","Watervliet, NY","COCO","2013-BASE_PROCUREMENT-2013-ARMY_WTCV-JustificationBook_Army_PB_2013.zzz_unzipped-JustificationBook_Army_PB_2013.xml","77d4e2d6e7447036c7b5b87910faa2aa19021fbd093ab9579c4e3c0d93642563","2-531e02c99efad4b1017de84a78703caa9143ffeacd6c18b69db9b7798d7f4ada","592-6d63f1a853ded25de45d57469e2262d7d0ce8aa20bf938c1eb6749ca69a0153b","root"
"ATEC Test Range Instrumentation","Yuma, AZ; Aberdeen, MD; White Sands, NM","GOGO","2013-BASE_PROCUREMENT-2013-ARMY_WTCV-JustificationBook_Army_PB_2013.zzz_unzipped-JustificationBook_Army_PB_2013.xml","77d4e2d6e7447036c7b5b87910faa2aa19021fbd093ab9579c4e3c0d93642563","3-1a407dd5c525e4becf1405a83bf0fd9fc9d51acd45b4a9b71b688285e80c07aa","592-6d63f1a853ded25de45d57469e2262d7d0ce8aa20bf938c1eb6749ca69a0153b","root"
"Holston Army Ammunition Plant","Kingsport, Tennessee","GOCO","2013-BASE_PROCUREMENT-2013-ARMY_AMMO-JustificationBook_Army_PB_2013.zzz_unzipped-JustificationBook_Army_PB_2013.xml","d86559710e8c90c1e40903820e6d04df5c8421478caaf1c5036a9d6ba74875f8","0-0b3f51f754859612afb87a0d2c223bb6e3297e01b1b84922b87e49d0c6f4e01d","627-907e0371801f4fc04f71ffe75b66b0b78e20e23a0464c9a8266bd12c79326d5e","root"
"Iowa Army Ammunition Plant","Middletown, Iowa","GOCO","2013-BASE_PROCUREMENT-2013-ARMY_AMMO-JustificationBook_Army_PB_2013.zzz_unzipped-JustificationBook_Army_PB_2013.xml","d86559710e8c90c1e40903820e6d04df5c8421478caaf1c5036a9d6ba74875f8","1-0d29becb6936e76121397dcd4a9a8c6ca5edf7604f6c956bf16aeee5a2c5d915","627-907e0371801f4fc04f71ffe75b66b0b78e20e23a0464c9a8266bd12c79326d5e","root"
"Lake City Army Ammunition Plant","Independence, Missouri","GOCO","2013-BASE_PROCUREMENT-2013-ARMY_AMMO-JustificationBook_Army_PB_2013.zzz_unzipped-JustificationBook_Army_PB_2013.xml","d86559710e8c90c1e40903820e6d04df5c8421478caaf1c5036a9d6ba74875f8","2-ae2fdc7fa6e5d11bf4e48b21a7bd107201e92d3c7c0b7115dcbbed51b1f9159e","627-907e0371801f4fc04f71ffe75b66b0b78e20e23a0464c9a8266bd12c79326d5e","root"
"Milan Army Ammunition Plant","Milan, Tennessee","GOCO","2013-BASE_PROCUREMENT-2013-ARMY_AMMO-JustificationBook_Army_PB_2013.zzz_unzipped-JustificationBook_Army_PB_2013.xml","d86559710e8c90c1e40903820e6d04df5c8421478caaf1c5036a9d6ba74875f8","3-0862ca95ddae2143a07143eaffcfbaf8b84d639c13e45820fa3653c8da06102c","627-907e0371801f4fc04f71ffe75b66b0b78e20e23a0464c9a8266bd12c79326d5e","root"
"Radford Army Ammunition Plant","Radford, Virginia","GOCO","2013-BASE_PROCUREMENT-2013-ARMY_AMMO-JustificationBook_Army_PB_2013.zzz_unzipped-JustificationBook_Army_PB_2013.xml","d86559710e8c90c1e40903820e6d04df5c8421478caaf1c5036a9d6ba74875f8","4-ec13557c940878ad00070a65df430ef8ad621a12778f1d16e3a265896823f093","627-907e0371801f4fc04f71ffe75b66b0b78e20e23a0464c9a8266bd12c79326d5e","root"
"Scranton Army Ammunition Plant","Scranton, Pennsylvania","GOCO","2013-BASE_PROCUREMENT-2013-ARMY_AMMO-JustificationBook_Army_PB_2013.zzz_unzipped-JustificationBook_Army_PB_2013.xml","d86559710e8c90c1e40903820e6d04df5c8421478caaf1c5036a9d6ba74875f8","5-01b1a56edcde85a43fc93a8ec887e34b99201df4c3985bd2768323d06154ff7e","627-907e0371801f4fc04f71ffe75b66b0b78e20e23a0464c9a8266bd12c79326d5e","root"
"Various Army Ammunition Plants","Multiple","GOCO","2013-BASE_PROCUREMENT-2013-ARMY_AMMO-JustificationBook_Army_PB_2013.zzz_unzipped-JustificationBook_Army_PB_2013.xml","d86559710e8c90c1e40903820e6d04df5c8421478caaf1c5036a9d6ba74875f8","6-9c3cb3534e383a5d836bf003148e183f14037164e10f324c80d7ae813395d56f","627-907e0371801f4fc04f71ffe75b66b0b78e20e23a0464c9a8266bd12c79326d5e","root"
"Yuma Proving Ground / Aberdeen Test Center","Yuma, Arizona / Aberdeen, Maryland","GOCO","2013-BASE_PROCUREMENT-2013-ARMY_AMMO-JustificationBook_Army_PB_2013.zzz_unzipped-JustificationBook_Army_PB_2013.xml","d86559710e8c90c1e40903820e6d04df5c8421478caaf1c5036a9d6ba74875f8","7-af7902cac12d90ab96e57e496c8b78d3af1e672536bbcd318f2a52a5c7df5762","627-907e0371801f4fc04f71ffe75b66b0b78e20e23a0464c9a8266bd12c79326d5e","root"
"Iowa Army Ammunition Plant","Middletown, IA","GOCO","2014-BASE_PROCUREMENT-2014-ARMY_MISSLE-PROCUREMENT_JustificationBook_Army_PB_2014.zzz_unzipped-PROCUREMENT_JustificationBook_Army_PB_2014.xml","22571fec5d9ba82ab8f3c2a31a2b924e78d401f24892005ac52d2984749f7e09","0-ae5a726880e36a55c854f5d1b575d8233ded1ff2adcf23ec007d9542db74f063","2228-ab7d8d0ffe9ed09d5a2c97ced36b5848299b9b2824903f8810cc2dffd6fb9bb2","root"
"Redstone Tech Test Center; White Sands Test Center","Huntsville, AL; White Sands Missile Range, NM","GOGO","2014-BASE_PROCUREMENT-2014-ARMY_MISSLE-PROCUREMENT_JustificationBook_Army_PB_2014.zzz_unzipped-PROCUREMENT_JustificationBook_Army_PB_2014.xml","22571fec5d9ba82ab8f3c2a31a2b924e78d401f24892005ac52d2984749f7e09","1-2dc5ea95b55afd27ca42bd52d2cd91bee0dde9c0cb0590d3e2f2755601be4e76","2228-ab7d8d0ffe9ed09d5a2c97ced36b5848299b9b2824903f8810cc2dffd6fb9bb2","root"
"Production Base Support - Lima","TACOM","GOCO","2014-BASE_PROCUREMENT-2014-ARMY_WTCV-PROCUREMENT_JustificationBook_Army_PB_2014.zzz_unzipped-PROCUREMENT_JustificationBook_Army_PB_2014.xml","2052bb7ca062844b30c14445c3b6f011cd16e26bd5a4e9e6cbf03aec46038a9b","0-519f4b31c8ea67ac435a00333d2ad0fe9f5b7e49b74d3e98a7447822cc012605","2242-423d3aa5561ef6b6a7d3ddeab289aaa04e350ef934ee8fabf855d7defecf9e5a","root"
"Production Base Support - Scranton","TACOM","COCO","2014-BASE_PROCUREMENT-2014-ARMY_WTCV-PROCUREMENT_JustificationBook_Army_PB_2014.zzz_unzipped-PROCUREMENT_JustificationBook_Army_PB_2014.xml","2052bb7ca062844b30c14445c3b6f011cd16e26bd5a4e9e6cbf03aec46038a9b","1-fce7dc19c54bc35ef6979e73f54c75be865d8e92ca0cfaff568a07952fe1e54f","2242-423d3aa5561ef6b6a7d3ddeab289aaa04e350ef934ee8fabf855d7defecf9e5a","root"
"TACOM LCMC Production Base Spt Program","TACOM","","2014-BASE_PROCUREMENT-2014-ARMY_WTCV-PROCUREMENT_JustificationBook_Army_PB_2014.zzz_unzipped-PROCUREMENT_JustificationBook_Army_PB_2014.xml","2052bb7ca062844b30c14445c3b6f011cd16e26bd5a4e9e6cbf03aec46038a9b","2-29a1b49d53e7a2ba8e22c71175d004e4ee0d93245044aa1c13f1e02915f7404f","2242-423d3aa5561ef6b6a7d3ddeab289aaa04e350ef934ee8fabf855d7defecf9e5a","root"
"GD-ATP/Watervliet/Rock Island PBS Provisioning of Industrial Facilities","Saco, ME","GOGO","2014-BASE_PROCUREMENT-2014-ARMY_WTCV-PROCUREMENT_JustificationBook_Army_PB_2014.zzz_unzipped-PROCUREMENT_JustificationBook_Army_PB_2014.xml","6bd4d70739297e36cb7d4d8f35300cbc0da9f764241398b1c9c046f0a81114d8","0-8f5baf4c1fd18538d64fab950c5d58775f8baf813ea2baa9edd65cebeb682cc6","2266-6f7b9c9b0e60e00a457ee012200478cfe61f04bcdacb80e777bb44459849524e","root"
"Rock Island Arsenal - JMTC","Rock Island, IL","GOGO","2014-BASE_PROCUREMENT-2014-ARMY_WTCV-PROCUREMENT_JustificationBook_Army_PB_2014.zzz_unzipped-PROCUREMENT_JustificationBook_Army_PB_2014.xml","6bd4d70739297e36cb7d4d8f35300cbc0da9f764241398b1c9c046f0a81114d8","1-acacc47d1c2e7eed348c9d0a7475e9a94a3f03657cbeec3acfe08d71522ded5d","2266-6f7b9c9b0e60e00a457ee012200478cfe61f04bcdacb80e777bb44459849524e","root"
"Watervliet Arsenal","Watervliet, NY","COCO","2014-BASE_PROCUREMENT-2014-ARMY_WTCV-PROCUREMENT_JustificationBook_Army_PB_2014.zzz_unzipped-PROCUREMENT_JustificationBook_Army_PB_2014.xml","6bd4d70739297e36cb7d4d8f35300cbc0da9f764241398b1c9c046f0a81114d8","2-467d95de2819ab7c05e6f3cf095abd1a18e1f38c76986a782ec511ea3dd7f981","2266-6f7b9c9b0e60e00a457ee012200478cfe61f04bcdacb80e777bb44459849524e","root"
"ATEC Test Range Instrumentation","Yuma, AZ; Aberdeen, MD; White Sands, NM","GOGO","2014-BASE_PROCUREMENT-2014-ARMY_WTCV-PROCUREMENT_JustificationBook_Army_PB_2014.zzz_unzipped-PROCUREMENT_JustificationBook_Army_PB_2014.xml","6bd4d70739297e36cb7d4d8f35300cbc0da9f764241398b1c9c046f0a81114d8","3-2d9a2c3a5a407afea3b18c228bb53d8fe08f5b9c77dc4b240fbf15dcca1ef4bd","2266-6f7b9c9b0e60e00a457ee012200478cfe61f04bcdacb80e777bb44459849524e","root"
"Holston Army Ammunition Plant","Kingsport, Tennessee","GOCO","2014-BASE_PROCUREMENT-2014-ARMY_AMMO-PROCUREMENT_JustificationBook_Army_PB_2014.zzz_unzipped-PROCUREMENT_JustificationBook_Army_PB_2014.xml","e88f3661ea6cf14fda0467552ead014351215debdd83ba533521d2174718f5f2","0-b053ba47a0d4ab07593a77d665ced3dce7c15b3a77bce0405399ee6ec843b8b9","2301-dac8d6a47dc84002ae293ca6d0f2a76ae5746c3159de1c6c92c6eeaa9a496fc1","root"
"Iowa Army Ammunition Plant","Middletown, Iowa","GOCO","2014-BASE_PROCUREMENT-2014-ARMY_AMMO-PROCUREMENT_JustificationBook_Army_PB_2014.zzz_unzipped-PROCUREMENT_JustificationBook_Army_PB_2014.xml","e88f3661ea6cf14fda0467552ead014351215debdd83ba533521d2174718f5f2","1-9f9499a3d29d47f26153ac77a55b7af2516a5117b0f3113aa60df1d2b4d69e2b","2301-dac8d6a47dc84002ae293ca6d0f2a76ae5746c3159de1c6c92c6eeaa9a496fc1","root"
"Lake City Army Ammunition Plant","Independence, Missouri","GOCO","2014-BASE_PROCUREMENT-2014-ARMY_AMMO-PROCUREMENT_JustificationBook_Army_PB_2014.zzz_unzipped-PROCUREMENT_JustificationBook_Army_PB_2014.xml","e88f3661ea6cf14fda0467552ead014351215debdd83ba533521d2174718f5f2","2-63de8ff577fc3270190e2b195df6b6a921a880f5d87a15773185207b656c1862","2301-dac8d6a47dc84002ae293ca6d0f2a76ae5746c3159de1c6c92c6eeaa9a496fc1","root"
"Milan Army Ammunition Plant","Milan, Tennessee","GOCO","2014-BASE_PROCUREMENT-2014-ARMY_AMMO-PROCUREMENT_JustificationBook_Army_PB_2014.zzz_unzipped-PROCUREMENT_JustificationBook_Army_PB_2014.xml","e88f3661ea6cf14fda0467552ead014351215debdd83ba533521d2174718f5f2","3-cf2d9447fcdd0c4d580818a63aa992bd0e18711f43e22bc3d10b43b3b0c00516","2301-dac8d6a47dc84002ae293ca6d0f2a76ae5746c3159de1c6c92c6eeaa9a496fc1","root"
"Radford Army Ammunition Plant","Radford, Virginia","GOCO","2014-BASE_PROCUREMENT-2014-ARMY_AMMO-PROCUREMENT_JustificationBook_Army_PB_2014.zzz_unzipped-PROCUREMENT_JustificationBook_Army_PB_2014.xml","e88f3661ea6cf14fda0467552ead014351215debdd83ba533521d2174718f5f2","4-92eda867db440f9a9a05983786c3f9959b43c62e51847cf00697b64a3e3c4868","2301-dac8d6a47dc84002ae293ca6d0f2a76ae5746c3159de1c6c92c6eeaa9a496fc1","root"
"Scranton Army Ammunition Plant","Scranton, Pennsylvania","GOCO","2014-BASE_PROCUREMENT-2014-ARMY_AMMO-PROCUREMENT_JustificationBook_Army_PB_2014.zzz_unzipped-PROCUREMENT_JustificationBook_Army_PB_2014.xml","e88f3661ea6cf14fda0467552ead014351215debdd83ba533521d2174718f5f2","5-1da1c219f62a45b5e2f86d52e8efc371687ee51e697c62d9deeabeba794dbbe3","2301-dac8d6a47dc84002ae293ca6d0f2a76ae5746c3159de1c6c92c6eeaa9a496fc1","root"
"Various Army Ammunition Plants","Multiple","GOCO","2014-BASE_PROCUREMENT-2014-ARMY_AMMO-PROCUREMENT_JustificationBook_Army_PB_2014.zzz_unzipped-PROCUREMENT_JustificationBook_Army_PB_2014.xml","e88f3661ea6cf14fda0467552ead014351215debdd83ba533521d2174718f5f2","6-6a860c9d3ff4629691af9b62e44013e0cc5e4bf0c9a5759c15bd352b8e7623da","2301-dac8d6a47dc84002ae293ca6d0f2a76ae5746c3159de1c6c92c6eeaa9a496fc1","root"
"Yuma Proving Ground / Aberdeen Test Center","Yuma, Arizona / Aberdeen, Maryland","GOCO","2014-BASE_PROCUREMENT-2014-ARMY_AMMO-PROCUREMENT_JustificationBook_Army_PB_2014.zzz_unzipped-PROCUREMENT_JustificationBook_Army_PB_2014.xml","e88f3661ea6cf14fda0467552ead014351215debdd83ba533521d2174718f5f2","7-275935663ef136107e4f622919d2e33081c6e06530bf944d6825074638860436","2301-dac8d6a47dc84002ae293ca6d0f2a76ae5746c3159de1c6c92c6eeaa9a496fc1","root"
"Iowa Army Ammunition Plant","Middletown, IA","GOCO","2015-BASE_PROCUREMENT-2015-ARMY_MISSLE-PROCUREMENT_JustificationBook_Army_PB_2015.zzz_unzipped-PROCUREMENT_JustificationBook_Army_PB_2015.xml","1ce616cebd232fd2399463be858c2c7629ed2c1ff092641defc3185c397ef053","0-8d09fde8b20c49f5dc496ff9d2fbb1b04910642e45a1ff8edb3caa86be865235","3866-d41e98025e66827edc5181aa75ca85465f935a4f90d49b5260c15a6e5653c0b5","root"
"Redstone Tech Test Center; White Sands Test Center","Huntsville, AL; White Sands Missile Range, NM","GOGO","2015-BASE_PROCUREMENT-2015-ARMY_MISSLE-PROCUREMENT_JustificationBook_Army_PB_2015.zzz_unzipped-PROCUREMENT_JustificationBook_Army_PB_2015.xml","1ce616cebd232fd2399463be858c2c7629ed2c1ff092641defc3185c397ef053","1-e8159f1be59e623f885fb25e232dcd592fc3b86b625322145a1c1ba4e6abf6af","3866-d41e98025e66827edc5181aa75ca85465f935a4f90d49b5260c15a6e5653c0b5","root"
"Production Base Support - Lima","TACOM","GOCO","2015-BASE_PROCUREMENT-2015-ARMY_WTCV-PROCUREMENT_JustificationBook_Army_PB_2015.zzz_unzipped-PROCUREMENT_JustificationBook_Army_PB_2015.xml","3d4f4d92dbdc04b87379ee6112830051bb01b0139bba49aee717b216ec7372a1","0-3ece392af194fd0ed80f456accd1352504133a620ac4d1ef74c56a1ec732bbd8","3880-7c2fc75fe40e1ed856219e364b692f736b8069c3a0bdaeee61570f0143781ed5","root"
"Production Base Support - Scranton","TACOM","COCO","2015-BASE_PROCUREMENT-2015-ARMY_WTCV-PROCUREMENT_JustificationBook_Army_PB_2015.zzz_unzipped-PROCUREMENT_JustificationBook_Army_PB_2015.xml","3d4f4d92dbdc04b87379ee6112830051bb01b0139bba49aee717b216ec7372a1","1-2b8ebf07e80b6afc3cf1dc7bd75677ef2b97477a0b76b01769665a03ba2f3a44","3880-7c2fc75fe40e1ed856219e364b692f736b8069c3a0bdaeee61570f0143781ed5","root"
"TACOM LCMC Production Base Spt Program","TACOM","GOGO","2015-BASE_PROCUREMENT-2015-ARMY_WTCV-PROCUREMENT_JustificationBook_Army_PB_2015.zzz_unzipped-PROCUREMENT_JustificationBook_Army_PB_2015.xml","3d4f4d92dbdc04b87379ee6112830051bb01b0139bba49aee717b216ec7372a1","2-f74202b6cfd0f08f8e1a4f4867dac658247ae2b35f71494e7d182bf058fe8ffd","3880-7c2fc75fe40e1ed856219e364b692f736b8069c3a0bdaeee61570f0143781ed5","root"
"GD-ATP/Watervliet/Rock Island PBS Provisioning of Industrial Facilities","Saco, ME","GOGO","2015-BASE_PROCUREMENT-2015-ARMY_WTCV-PROCUREMENT_JustificationBook_Army_PB_2015.zzz_unzipped-PROCUREMENT_JustificationBook_Army_PB_2015.xml","a584fd6a0f683eab067c59c742ba7f9404fce4832bc6cc82fa2133d9f128704f","0-d65fc9be50a51463d9bfa7c13ab828bd0711516fcdf3ed9853b6d5e5f32ba855","3903-afb8f4a9ee20e9e957570cfa09645f53fa0cacc09f804372250cbfcea1483168","root"
"Rock Island Arsenal - JMTC","Rock Island, IL","GOGO","2015-BASE_PROCUREMENT-2015-ARMY_WTCV-PROCUREMENT_JustificationBook_Army_PB_2015.zzz_unzipped-PROCUREMENT_JustificationBook_Army_PB_2015.xml","a584fd6a0f683eab067c59c742ba7f9404fce4832bc6cc82fa2133d9f128704f","1-7381477f818163c4fe8b69ffb4636e9bffefdba542bcc1c82b796ce38e19f8ae","3903-afb8f4a9ee20e9e957570cfa09645f53fa0cacc09f804372250cbfcea1483168","root"
"Watervliet Arsenal","Watervliet, NY","COCO","2015-BASE_PROCUREMENT-2015-ARMY_WTCV-PROCUREMENT_JustificationBook_Army_PB_2015.zzz_unzipped-PROCUREMENT_JustificationBook_Army_PB_2015.xml","a584fd6a0f683eab067c59c742ba7f9404fce4832bc6cc82fa2133d9f128704f","2-84c07e2451d7371bf477276920e3de6b183b6b398ff3464cf44a74f64c37fa6e","3903-afb8f4a9ee20e9e957570cfa09645f53fa0cacc09f804372250cbfcea1483168","root"
"ATEC Test Range Instrumentation","Yuma, AZ; Aberdeen, MD; White Sands, NM","GOGO","2015-BASE_PROCUREMENT-2015-ARMY_WTCV-PROCUREMENT_JustificationBook_Army_PB_2015.zzz_unzipped-PROCUREMENT_JustificationBook_Army_PB_2015.xml","a584fd6a0f683eab067c59c742ba7f9404fce4832bc6cc82fa2133d9f128704f","3-de9d106caee6f46b73263f8db5cb4e4872a9081700041faafc6ae88b12cf1c38","3903-afb8f4a9ee20e9e957570cfa09645f53fa0cacc09f804372250cbfcea1483168","root"
"Holston Army Ammunition Plant","Kingsport, Tennessee","GOCO","2015-BASE_PROCUREMENT-2015-ARMY_AMMO-PROCUREMENT_JustificationBook_Army_PB_2015.zzz_unzipped-PROCUREMENT_JustificationBook_Army_PB_2015.xml","c4d5510aae3be623d3815177cb4b77718e913b16082d5e476d238e93060d9756","0-30ce0067309d862a9f8e8bc0f73b35a41c6e24599c05b81db7b1d6edaa018296","3938-e685a11fca59762dbef862933f1886b867bed4326dd3db338bf79039022bad37","root"
"Iowa Army Ammunition Plant","Middletown, Iowa","GOCO","2015-BASE_PROCUREMENT-2015-ARMY_AMMO-PROCUREMENT_JustificationBook_Army_PB_2015.zzz_unzipped-PROCUREMENT_JustificationBook_Army_PB_2015.xml","c4d5510aae3be623d3815177cb4b77718e913b16082d5e476d238e93060d9756","1-5fc9caddc05fe48a14c725150039c95d848437911d6209d98037e791f57fc8a0","3938-e685a11fca59762dbef862933f1886b867bed4326dd3db338bf79039022bad37","root"
"Lake City Army Ammunition Plant","Independence, Missouri","GOCO","2015-BASE_PROCUREMENT-2015-ARMY_AMMO-PROCUREMENT_JustificationBook_Army_PB_2015.zzz_unzipped-PROCUREMENT_JustificationBook_Army_PB_2015.xml","c4d5510aae3be623d3815177cb4b77718e913b16082d5e476d238e93060d9756","2-44c91cee864dd9c7e75815752c889785e74641f0b5cc93f1affe3375b60bdf15","3938-e685a11fca59762dbef862933f1886b867bed4326dd3db338bf79039022bad37","root"
"Milan Army Ammunition Plant","Milan, Tennessee","GOCO","2015-BASE_PROCUREMENT-2015-ARMY_AMMO-PROCUREMENT_JustificationBook_Army_PB_2015.zzz_unzipped-PROCUREMENT_JustificationBook_Army_PB_2015.xml","c4d5510aae3be623d3815177cb4b77718e913b16082d5e476d238e93060d9756","3-f6786fcb6b42316a320be147176af4c83fb2f317d43fef6d21f3394e7ebc243c","3938-e685a11fca59762dbef862933f1886b867bed4326dd3db338bf79039022bad37","root"
"Radford Army Ammunition Plant","Radford, Virginia","GOCO","2015-BASE_PROCUREMENT-2015-ARMY_AMMO-PROCUREMENT_JustificationBook_Army_PB_2015.zzz_unzipped-PROCUREMENT_JustificationBook_Army_PB_2015.xml","c4d5510aae3be623d3815177cb4b77718e913b16082d5e476d238e93060d9756","4-fc5422c1c65bcbca4ddece4d56a465e360bb059ee0121f5932d1a6220a986fc0","3938-e685a11fca59762dbef862933f1886b867bed4326dd3db338bf79039022bad37","root"
"Scranton Army Ammunition Plant","Scranton, Pennsylvania","GOCO","2015-BASE_PROCUREMENT-2015-ARMY_AMMO-PROCUREMENT_JustificationBook_Army_PB_2015.zzz_unzipped-PROCUREMENT_JustificationBook_Army_PB_2015.xml","c4d5510aae3be623d3815177cb4b77718e913b16082d5e476d238e93060d9756","5-54dfb6a9ad2091eb4cc5abff25bb9fdb8ef562dfbbcb6cd6a16800152a432b15","3938-e685a11fca59762dbef862933f1886b867bed4326dd3db338bf79039022bad37","root"
"Various Army Ammunition Plants","Multiple","GOCO","2015-BASE_PROCUREMENT-2015-ARMY_AMMO-PROCUREMENT_JustificationBook_Army_PB_2015.zzz_unzipped-PROCUREMENT_JustificationBook_Army_PB_2015.xml","c4d5510aae3be623d3815177cb4b77718e913b16082d5e476d238e93060d9756","6-5613ced31aa29a36e138f47f953ee9acc0dd2e5eced12bdbfa35d32018447c72","3938-e685a11fca59762dbef862933f1886b867bed4326dd3db338bf79039022bad37","root"
"Yuma Proving Ground / Aberdeen Test Center","Yuma, Arizona / Aberdeen, Maryland","GOCO","2015-BASE_PROCUREMENT-2015-ARMY_AMMO-PROCUREMENT_JustificationBook_Army_PB_2015.zzz_unzipped-PROCUREMENT_JustificationBook_Army_PB_2015.xml","c4d5510aae3be623d3815177cb4b77718e913b16082d5e476d238e93060d9756","7-c3108a4fafd45d1c72119a9067e0e3e363317e826a8d1b512ce05cc713b47bc4","3938-e685a11fca59762dbef862933f1886b867bed4326dd3db338bf79039022bad37","root"
"Iowa AAP; Radford AAP","Middletown, IA; Radford, VA","GOCO","2016-BASE_PROCUREMENT-2016-ARMY_MISSLE-PROCUREMENT_JustificationBook_Army_PB_2016.zzz_unzipped-PROCUREMENT_JustificationBook_Army_PB_2016.xml","28a3135044403b01620d12c43b04f24037276882219eb30fa6690b8ec089ad75","0-cc3ccebc05a5bac58edaa1edb42ca4f0ce27df429d977b65791b8d205a509a8a","5528-d943ba06bd4ee849e4a0908b4dd2db3944958732ae96761421c1f8b32a6532fe","root"
"Redstone Tech Test Center; White Sands Test Center","Huntsville, AL; White Sands Missile Range, NM","GOGO","2016-BASE_PROCUREMENT-2016-ARMY_MISSLE-PROCUREMENT_JustificationBook_Army_PB_2016.zzz_unzipped-PROCUREMENT_JustificationBook_Army_PB_2016.xml","28a3135044403b01620d12c43b04f24037276882219eb30fa6690b8ec089ad75","1-14dbc4e2cec3bf88f908656dd362bb1093820da1d6fd28099b7d6e8f71722dc3","5528-d943ba06bd4ee849e4a0908b4dd2db3944958732ae96761421c1f8b32a6532fe","root"
"Production Base Support - Lima","Lima, OH","GOCO","2016-BASE_PROCUREMENT-2016-ARMY_WTCV-PROCUREMENT_JustificationBook_Army_PB_2016.zzz_unzipped-PROCUREMENT_JustificationBook_Army_PB_2016.xml","efdaa413bc9b9d7b0d356815766b129a9ee35a6431900f7de46d31ccc17861b3","0-f79d468ac6f3a9b118629387aab552518799c2ee1dd948e0c7a45b232bb4d4d6","5542-4d15ea15617fe85bbff2ff34bf517899d78af0846fcbccf53fac63aa75f86fed","root"
"Production Base Support - Scranton","Scranton, PA","COCO","2016-BASE_PROCUREMENT-2016-ARMY_WTCV-PROCUREMENT_JustificationBook_Army_PB_2016.zzz_unzipped-PROCUREMENT_JustificationBook_Army_PB_2016.xml","efdaa413bc9b9d7b0d356815766b129a9ee35a6431900f7de46d31ccc17861b3","1-2e0c24886c6b81fc8a778274f51f5914e57cdb7e38d3ed817982a1f9a2130ef8","5542-4d15ea15617fe85bbff2ff34bf517899d78af0846fcbccf53fac63aa75f86fed","root"
"TACOM LCMC Production Base Spt Program","TACOM","GOGO","2016-BASE_PROCUREMENT-2016-ARMY_WTCV-PROCUREMENT_JustificationBook_Army_PB_2016.zzz_unzipped-PROCUREMENT_JustificationBook_Army_PB_2016.xml","efdaa413bc9b9d7b0d356815766b129a9ee35a6431900f7de46d31ccc17861b3","2-7df82724bee39dd9cb6e0d9e2779fdc0a5453510d4beb72e86c97de48c39edf9","5542-4d15ea15617fe85bbff2ff34bf517899d78af0846fcbccf53fac63aa75f86fed","root"
"GD-ATP/Watervliet/Rock Island PBS Provisioning of Industrial Facilities","Saco, ME","GOGO","2016-BASE_PROCUREMENT-2016-ARMY_WTCV-PROCUREMENT_JustificationBook_Army_PB_2016.zzz_unzipped-PROCUREMENT_JustificationBook_Army_PB_2016.xml","5d00c39c1e909eed2357826245a76a51310d03e9eaaa04439ab37437904c53fa","0-4018301d7760cb8adeab615010259b26a3b8159bdb3a8fb3beeb2a208154bf8a","5564-cf18de58932e41656c7567d7785584f41434fb433524e2498151f99510071b7b","root"
"Rock Island Arsenal - JMTC","Rock Island, IL","GOGO","2016-BASE_PROCUREMENT-2016-ARMY_WTCV-PROCUREMENT_JustificationBook_Army_PB_2016.zzz_unzipped-PROCUREMENT_JustificationBook_Army_PB_2016.xml","5d00c39c1e909eed2357826245a76a51310d03e9eaaa04439ab37437904c53fa","1-5717e79762f9a0b492f2c5eb4d008c3750211ed45deb9fbc5ade51a4814c4dd6","5564-cf18de58932e41656c7567d7785584f41434fb433524e2498151f99510071b7b","root"
"Watervliet Arsenal","Watervliet, NY","COCO","2016-BASE_PROCUREMENT-2016-ARMY_WTCV-PROCUREMENT_JustificationBook_Army_PB_2016.zzz_unzipped-PROCUREMENT_JustificationBook_Army_PB_2016.xml","5d00c39c1e909eed2357826245a76a51310d03e9eaaa04439ab37437904c53fa","2-9fc80d5dfc493e840a0628edb36f06db71e24bf87438a43a93c43953b841c02b","5564-cf18de58932e41656c7567d7785584f41434fb433524e2498151f99510071b7b","root"
"ATEC Test Range Instrumentation","Yuma, AZ; Aberdeen, MD; White Sands, NM","GOGO","2016-BASE_PROCUREMENT-2016-ARMY_WTCV-PROCUREMENT_JustificationBook_Army_PB_2016.zzz_unzipped-PROCUREMENT_JustificationBook_Army_PB_2016.xml","5d00c39c1e909eed2357826245a76a51310d03e9eaaa04439ab37437904c53fa","3-1ffc3f3efbcb1f9801f0a3c1e3fa5d364ad2122350d6d170b52c69e3564485d5","5564-cf18de58932e41656c7567d7785584f41434fb433524e2498151f99510071b7b","root"
"Holston Army Ammunition Plant","Kingsport, Tennessee","GOCO","2016-BASE_PROCUREMENT-2016-ARMY_AMMO-PROCUREMENT_JustificationBook_Army_PB_2016.zzz_unzipped-PROCUREMENT_JustificationBook_Army_PB_2016.xml","b8c74bded3f7e8d5becd320d034e0321c86f39aa744ca436c07c8d4430a61422","0-a6a80ca90f0096d67f8b87ab04f499feafc2f05fe178fd8516d560e2fb73e121","5594-662cee9c71d5fc5fb4ff0b278398320423c050e56bf33ae9bdb65c80fcce6398","root"
"Iowa Army Ammunition Plant","Middletown, Iowa","GOCO","2016-BASE_PROCUREMENT-2016-ARMY_AMMO-PROCUREMENT_JustificationBook_Army_PB_2016.zzz_unzipped-PROCUREMENT_JustificationBook_Army_PB_2016.xml","b8c74bded3f7e8d5becd320d034e0321c86f39aa744ca436c07c8d4430a61422","1-e1c880f41bc8169699460d45f7c8bcb79e698f3d50a2cfa677ae20359796f327","5594-662cee9c71d5fc5fb4ff0b278398320423c050e56bf33ae9bdb65c80fcce6398","root"
"Lake City Army Ammunition Plant","Independence, Missouri","GOCO","2016-BASE_PROCUREMENT-2016-ARMY_AMMO-PROCUREMENT_JustificationBook_Army_PB_2016.zzz_unzipped-PROCUREMENT_JustificationBook_Army_PB_2016.xml","b8c74bded3f7e8d5becd320d034e0321c86f39aa744ca436c07c8d4430a61422","2-72df3330452c9f7f7af2f70b7b84e9426cb766c6ad67425bf162806e1f7f391b","5594-662cee9c71d5fc5fb4ff0b278398320423c050e56bf33ae9bdb65c80fcce6398","root"
"Radford Army Ammunition Plant","Radford, Virginia","GOCO","2016-BASE_PROCUREMENT-2016-ARMY_AMMO-PROCUREMENT_JustificationBook_Army_PB_2016.zzz_unzipped-PROCUREMENT_JustificationBook_Army_PB_2016.xml","b8c74bded3f7e8d5becd320d034e0321c86f39aa744ca436c07c8d4430a61422","3-4ca15a467ad171227554b9f55d470c357a65fb05ecbee362fe10ae9b179c692f","5594-662cee9c71d5fc5fb4ff0b278398320423c050e56bf33ae9bdb65c80fcce6398","root"
"Scranton Army Ammunition Plant","Scranton, Pennsylvania","GOCO","2016-BASE_PROCUREMENT-2016-ARMY_AMMO-PROCUREMENT_JustificationBook_Army_PB_2016.zzz_unzipped-PROCUREMENT_JustificationBook_Army_PB_2016.xml","b8c74bded3f7e8d5becd320d034e0321c86f39aa744ca436c07c8d4430a61422","4-4941372dc4783d94e66c77b07e1826282f7835e6144e5028aa6ac09e85bd08a3","5594-662cee9c71d5fc5fb4ff0b278398320423c050e56bf33ae9bdb65c80fcce6398","root"
"Various Army Ammunition Plants","Multiple","GOCO","2016-BASE_PROCUREMENT-2016-ARMY_AMMO-PROCUREMENT_JustificationBook_Army_PB_2016.zzz_unzipped-PROCUREMENT_JustificationBook_Army_PB_2016.xml","b8c74bded3f7e8d5becd320d034e0321c86f39aa744ca436c07c8d4430a61422","5-c6fd2e0c07a5876bf72073f3302bbe94c8c2650c9359ccf261665fa625f7902a","5594-662cee9c71d5fc5fb4ff0b278398320423c050e56bf33ae9bdb65c80fcce6398","root"
"Yuma Proving Ground / Aberdeen Test Center","Yuma, Arizona / Aberdeen, Maryland","GOCO","2016-BASE_PROCUREMENT-2016-ARMY_AMMO-PROCUREMENT_JustificationBook_Army_PB_2016.zzz_unzipped-PROCUREMENT_JustificationBook_Army_PB_2016.xml","b8c74bded3f7e8d5becd320d034e0321c86f39aa744ca436c07c8d4430a61422","6-645ccc2c4d0d6718f3ceecb173cb4b82b547bde443f52a7fd0d00bcdadfc141f","5594-662cee9c71d5fc5fb4ff0b278398320423c050e56bf33ae9bdb65c80fcce6398","root"
"Maintenance of Inactive Facilities","Various AAPs","GOCO","2018-BASE_PROCUREMENT-2018-ARMY_AMMO-U_PROCUREMENT_JustificationBook_Army_PB_2018.zzz_unzipped-U_PROCUREMENT_JustificationBook_Army_PB_2018.xml","ac8b476f8f4e2fea8c6f899f79cc74d889b720e44677133cab99482e7a2f8d2c","0-0c2f36c900a8f074ad990935271a94724f9b1d48a1ad1dd3b7aee6a5b3cc603e","8773-73be419047fa3b04d2f82e650d71151c69f1d15cf0e1ad49092f710cf8449874","root"
"Holston Army Ammunition Plant","Kingsport, Tennessee","GOCO","2018-BASE_PROCUREMENT-2018-ARMY_AMMO-U_PROCUREMENT_JustificationBook_Army_PB_2018.zzz_unzipped-U_PROCUREMENT_JustificationBook_Army_PB_2018.xml","ac8b476f8f4e2fea8c6f899f79cc74d889b720e44677133cab99482e7a2f8d2c","1-2828478133f4364d6887fd941933bf135cc5edd9b0ec9a6ed8c1f9babb4c54c9","8773-73be419047fa3b04d2f82e650d71151c69f1d15cf0e1ad49092f710cf8449874","root"
"Layaway Of Industrial Facilities","Various AAPs","GOCO","2018-BASE_PROCUREMENT-2018-ARMY_AMMO-U_PROCUREMENT_JustificationBook_Army_PB_2018.zzz_unzipped-U_PROCUREMENT_JustificationBook_Army_PB_2018.xml","ac8b476f8f4e2fea8c6f899f79cc74d889b720e44677133cab99482e7a2f8d2c","2-cab0fabeec820b455c8b270860c418624f589bc276e8943969c6ce96ad39360d","8773-73be419047fa3b04d2f82e650d71151c69f1d15cf0e1ad49092f710cf8449874","root"
"Iowa Army Ammunition Plant","Middletown, Iowa","GOCO","2018-BASE_PROCUREMENT-2018-ARMY_AMMO-U_PROCUREMENT_JustificationBook_Army_PB_2018.zzz_unzipped-U_PROCUREMENT_JustificationBook_Army_PB_2018.xml","ac8b476f8f4e2fea8c6f899f79cc74d889b720e44677133cab99482e7a2f8d2c","3-d269d75066832ee74ac0c955bdcfdc30374b20310eb04abda83c01a8252f9aa7","8773-73be419047fa3b04d2f82e650d71151c69f1d15cf0e1ad49092f710cf8449874","root"
"Lake City Army Ammunition Plant","Independence, Missouri","GOCO","2018-BASE_PROCUREMENT-2018-ARMY_AMMO-U_PROCUREMENT_JustificationBook_Army_PB_2018.zzz_unzipped-U_PROCUREMENT_JustificationBook_Army_PB_2018.xml","ac8b476f8f4e2fea8c6f899f79cc74d889b720e44677133cab99482e7a2f8d2c","4-7f89115f02435b20d8ccbb32fbf51e466fbdcc73b3e04e6de4ddf61c4e76615a","8773-73be419047fa3b04d2f82e650d71151c69f1d15cf0e1ad49092f710cf8449874","root"
"Radford Army Ammunition Plant","Radford, Virginia","GOCO","2018-BASE_PROCUREMENT-2018-ARMY_AMMO-U_PROCUREMENT_JustificationBook_Army_PB_2018.zzz_unzipped-U_PROCUREMENT_JustificationBook_Army_PB_2018.xml","ac8b476f8f4e2fea8c6f899f79cc74d889b720e44677133cab99482e7a2f8d2c","5-b490db00695716a4e99e81ca8195dd75d02bd482fd9cbc2edf58971827703dbd","8773-73be419047fa3b04d2f82e650d71151c69f1d15cf0e1ad49092f710cf8449874","root"
"Scranton Army Ammunition Plant","Scranton, Pennsylvania","GOCO","2018-BASE_PROCUREMENT-2018-ARMY_AMMO-U_PROCUREMENT_JustificationBook_Army_PB_2018.zzz_unzipped-U_PROCUREMENT_JustificationBook_Army_PB_2018.xml","ac8b476f8f4e2fea8c6f899f79cc74d889b720e44677133cab99482e7a2f8d2c","6-26e4d2c454fd300a1c22d3f33b43721c31ae55f8e5d452e76f2cb58e6cfa90a8","8773-73be419047fa3b04d2f82e650d71151c69f1d15cf0e1ad49092f710cf8449874","root"
"Various Army Ammunition Plants","Multiple","GOCO","2018-BASE_PROCUREMENT-2018-ARMY_AMMO-U_PROCUREMENT_JustificationBook_Army_PB_2018.zzz_unzipped-U_PROCUREMENT_JustificationBook_Army_PB_2018.xml","ac8b476f8f4e2fea8c6f899f79cc74d889b720e44677133cab99482e7a2f8d2c","7-0d89b734192ae536784e8968c089fa3967f3d88d9924b4a33b2b5b2c669ab9b0","8773-73be419047fa3b04d2f82e650d71151c69f1d15cf0e1ad49092f710cf8449874","root"
"Yuma Proving Ground / Aberdeen Test Center","Yuma, Arizona / Aberdeen, Maryland","GOCO","2018-BASE_PROCUREMENT-2018-ARMY_AMMO-U_PROCUREMENT_JustificationBook_Army_PB_2018.zzz_unzipped-U_PROCUREMENT_JustificationBook_Army_PB_2018.xml","ac8b476f8f4e2fea8c6f899f79cc74d889b720e44677133cab99482e7a2f8d2c","8-eb8a9ca57d4acf0aaa6bc840d2c009aaabad8938d0b3f301c2b02c046a08fb6b","8773-73be419047fa3b04d2f82e650d71151c69f1d15cf0e1ad49092f710cf8449874","root"
"Holston Army Ammunition Plant","Kingsport, Tennessee","GOCO","2019-BASE_PROCUREMENT-2019-ARMY_AMMO-U_PROCUREMENT_JustificationBook_Army_PB_2019.zzz_unzipped-U_PROCUREMENT_JustificationBook_Army_PB_2019.xml","2d28c1a9b7eadd2631782dbf90ba9618a62852e63ad6651cf5a182412bbc174a","0-44649158c240c7843751b7a0d1102017dcdb4bc3e94ee008a26ae73d665e0706","10411-13d301938e83bcd7a56393474be1d53d5692599fab107b52ef93991d6ca5c1be","root"
"Iowa Army Ammunition Plant","Middletown, Iowa","GOCO","2019-BASE_PROCUREMENT-2019-ARMY_AMMO-U_PROCUREMENT_JustificationBook_Army_PB_2019.zzz_unzipped-U_PROCUREMENT_JustificationBook_Army_PB_2019.xml","2d28c1a9b7eadd2631782dbf90ba9618a62852e63ad6651cf5a182412bbc174a","1-b7c8ac00ce711fe304a9e70988a35aeed3e0ae02e6cd541f5ce60f51bf772784","10411-13d301938e83bcd7a56393474be1d53d5692599fab107b52ef93991d6ca5c1be","root"
"Lake City Army Ammunition Plant","Independence, Missouri","GOCO","2019-BASE_PROCUREMENT-2019-ARMY_AMMO-U_PROCUREMENT_JustificationBook_Army_PB_2019.zzz_unzipped-U_PROCUREMENT_JustificationBook_Army_PB_2019.xml","2d28c1a9b7eadd2631782dbf90ba9618a62852e63ad6651cf5a182412bbc174a","2-9e9135e44ce6e71fe80cd9fd3ec9f70c885e3ea32047d87f9d5590cde4ca4a3e","10411-13d301938e83bcd7a56393474be1d53d5692599fab107b52ef93991d6ca5c1be","root"
"Radford Army Ammunition Plant","Radford, Virginia","GOCO","2019-BASE_PROCUREMENT-2019-ARMY_AMMO-U_PROCUREMENT_JustificationBook_Army_PB_2019.zzz_unzipped-U_PROCUREMENT_JustificationBook_Army_PB_2019.xml","2d28c1a9b7eadd2631782dbf90ba9618a62852e63ad6651cf5a182412bbc174a","3-070236a4d40af2b8643812b40e3fdb27b680cdbd6433c08a2e8ba08d4d65d428","10411-13d301938e83bcd7a56393474be1d53d5692599fab107b52ef93991d6ca5c1be","root"
"Scranton Army Ammunition Plant","Scranton, Pennsylvania","GOCO","2019-BASE_PROCUREMENT-2019-ARMY_AMMO-U_PROCUREMENT_JustificationBook_Army_PB_2019.zzz_unzipped-U_PROCUREMENT_JustificationBook_Army_PB_2019.xml","2d28c1a9b7eadd2631782dbf90ba9618a62852e63ad6651cf5a182412bbc174a","4-cb6426a45f1430b683ccb60fef577a6a6536e9b18412cbfe8513c332f986354e","10411-13d301938e83bcd7a56393474be1d53d5692599fab107b52ef93991d6ca5c1be","root"
"Various Army Ammunition Plants","Multiple","GOCO","2019-BASE_PROCUREMENT-2019-ARMY_AMMO-U_PROCUREMENT_JustificationBook_Army_PB_2019.zzz_unzipped-U_PROCUREMENT_JustificationBook_Army_PB_2019.xml","2d28c1a9b7eadd2631782dbf90ba9618a62852e63ad6651cf5a182412bbc174a","5-48431578a24bd2cd677216fd4c48c04fdb491df1a150436838a20b31e180cabe","10411-13d301938e83bcd7a56393474be1d53d5692599fab107b52ef93991d6ca5c1be","root"
"Yuma Proving Ground / Aberdeen Test Center","Yuma, Arizona / Aberdeen, Maryland","GOCO","2019-BASE_PROCUREMENT-2019-ARMY_AMMO-U_PROCUREMENT_JustificationBook_Army_PB_2019.zzz_unzipped-U_PROCUREMENT_JustificationBook_Army_PB_2019.xml","2d28c1a9b7eadd2631782dbf90ba9618a62852e63ad6651cf5a182412bbc174a","6-58433ab74ead6a1b9da1455b7fde427bc799d5ad2df087968e577973d9e7b35a","10411-13d301938e83bcd7a56393474be1d53d5692599fab107b52ef93991d6ca5c1be","root"
"Maintenance of Inactive Facilities","Various AAPs","GOCO","2019-BASE_PROCUREMENT-2019-ARMY_AMMO-U_PROCUREMENT_JustificationBook_Army_PB_2019.zzz_unzipped-U_PROCUREMENT_JustificationBook_Army_PB_2019.xml","2d28c1a9b7eadd2631782dbf90ba9618a62852e63ad6651cf5a182412bbc174a","7-ac2fbbf28912936d2b5be6f21d5b0495239f7355a710fc5e84999ba57e3dedaa","10411-13d301938e83bcd7a56393474be1d53d5692599fab107b52ef93991d6ca5c1be","root"
"Layaway Of Industrial Facilities","Various AAPs","GOCO","2019-BASE_PROCUREMENT-2019-ARMY_AMMO-U_PROCUREMENT_JustificationBook_Army_PB_2019.zzz_unzipped-U_PROCUREMENT_JustificationBook_Army_PB_2019.xml","2d28c1a9b7eadd2631782dbf90ba9618a62852e63ad6651cf5a182412bbc174a","8-96bcb0b159835d749c3c3fbe6859bf5f63eab1a492de9567d97a75d047149011","10411-13d301938e83bcd7a56393474be1d53d5692599fab107b52ef93991d6ca5c1be","root"
"Maintenance of Inactive Facilities","Various AAPs","GOCO","2020-BASE_PROCUREMENT-2020-ARMY_AMMO-U_PROCUREMENT_JustificationBook_Army_PB_2020.zzz_unzipped-U_PROCUREMENT_JustificationBook_Army_PB_2020.xml","3ff5717c0071fdda534afc6a225eb17d1ca462eab0f167c6886a39c906a1ea0f","0-4e2324c9a40c575ce1e3d7be1946285a0b5959398b35ed97c4209a8978ed3d96","11979-15678766580a2b7b5ed546c8e291ee9a7f6770cf728617b049ac6e76e4edba18","root"
"Holston Army Ammunition Plant","Kingsport, Tennessee","GOCO","2020-BASE_PROCUREMENT-2020-ARMY_AMMO-U_PROCUREMENT_JustificationBook_Army_PB_2020.zzz_unzipped-U_PROCUREMENT_JustificationBook_Army_PB_2020.xml","3ff5717c0071fdda534afc6a225eb17d1ca462eab0f167c6886a39c906a1ea0f","1-13424fd8dc857e41cd61026a7e4fe365c498cebc3ac62b412858a5ce4e804d19","11979-15678766580a2b7b5ed546c8e291ee9a7f6770cf728617b049ac6e76e4edba18","root"
"Iowa Army Ammunition Plant","Middletown, Iowa","GOCO","2020-BASE_PROCUREMENT-2020-ARMY_AMMO-U_PROCUREMENT_JustificationBook_Army_PB_2020.zzz_unzipped-U_PROCUREMENT_JustificationBook_Army_PB_2020.xml","3ff5717c0071fdda534afc6a225eb17d1ca462eab0f167c6886a39c906a1ea0f","2-6db3a5ab43e58748cd995da7b955465f1aae3f462361fc6f09734068698e6e94","11979-15678766580a2b7b5ed546c8e291ee9a7f6770cf728617b049ac6e76e4edba18","root"
"Lake City Army Ammunition Plant","Independence, Missouri","GOCO","2020-BASE_PROCUREMENT-2020-ARMY_AMMO-U_PROCUREMENT_JustificationBook_Army_PB_2020.zzz_unzipped-U_PROCUREMENT_JustificationBook_Army_PB_2020.xml","3ff5717c0071fdda534afc6a225eb17d1ca462eab0f167c6886a39c906a1ea0f","3-7c7019f772f18ed71b637c7ace381ead78a99a9cdcfcd7518987ac0b4ec3006e","11979-15678766580a2b7b5ed546c8e291ee9a7f6770cf728617b049ac6e76e4edba18","root"
"Radford Army Ammunition Plant","Radford, Virginia","GOCO","2020-BASE_PROCUREMENT-2020-ARMY_AMMO-U_PROCUREMENT_JustificationBook_Army_PB_2020.zzz_unzipped-U_PROCUREMENT_JustificationBook_Army_PB_2020.xml","3ff5717c0071fdda534afc6a225eb17d1ca462eab0f167c6886a39c906a1ea0f","4-6b7847b58a92af59505141d9b673edca3776c0499a7860a3b0de6f034c84e868","11979-15678766580a2b7b5ed546c8e291ee9a7f6770cf728617b049ac6e76e4edba18","root"
"Scranton Army Ammunition Plant","Scranton, Pennsylvania","GOCO","2020-BASE_PROCUREMENT-2020-ARMY_AMMO-U_PROCUREMENT_JustificationBook_Army_PB_2020.zzz_unzipped-U_PROCUREMENT_JustificationBook_Army_PB_2020.xml","3ff5717c0071fdda534afc6a225eb17d1ca462eab0f167c6886a39c906a1ea0f","5-77fa427d8b6797c5e0034e344992c8d450f41aef6a93b9fba21b824699c72777","11979-15678766580a2b7b5ed546c8e291ee9a7f6770cf728617b049ac6e76e4edba18","root"
"Quad City Cartridge Case Facility","Rock Island Arsenal, IL","GOCO","2020-BASE_PROCUREMENT-2020-ARMY_AMMO-U_PROCUREMENT_JustificationBook_Army_PB_2020.zzz_unzipped-U_PROCUREMENT_JustificationBook_Army_PB_2020.xml","3ff5717c0071fdda534afc6a225eb17d1ca462eab0f167c6886a39c906a1ea0f","6-b5a7ba78cbe3dd92879590f80b609cf044105d084e6da13d08756b420261f4be","11979-15678766580a2b7b5ed546c8e291ee9a7f6770cf728617b049ac6e76e4edba18","root"
"Various Army Ammunition Plants","Various Army Ammunition Plants","GOCO","2020-BASE_PROCUREMENT-2020-ARMY_AMMO-U_PROCUREMENT_JustificationBook_Army_PB_2020.zzz_unzipped-U_PROCUREMENT_JustificationBook_Army_PB_2020.xml","3ff5717c0071fdda534afc6a225eb17d1ca462eab0f167c6886a39c906a1ea0f","7-958f260a4450ae81acab1760ba5a48c3cf481032d891eef9314ac6a0abc3c646","11979-15678766580a2b7b5ed546c8e291ee9a7f6770cf728617b049ac6e76e4edba18","root"
"Yuma Proving Ground / Aberdeen Test Center","Yuma, Arizona / Aberdeen, Maryland","GOCO","2020-BASE_PROCUREMENT-2020-ARMY_AMMO-U_PROCUREMENT_JustificationBook_Army_PB_2020.zzz_unzipped-U_PROCUREMENT_JustificationBook_Army_PB_2020.xml","3ff5717c0071fdda534afc6a225eb17d1ca462eab0f167c6886a39c906a1ea0f","8-2045f00695503484c58adc7c564dfe60ac1010bfb2cba04b19315fa510604a25","11979-15678766580a2b7b5ed546c8e291ee9a7f6770cf728617b049ac6e76e4edba18","root"
"Layaway Of Industrial Facilities","Various AAPs","GOCO","2020-BASE_PROCUREMENT-2020-ARMY_AMMO-U_PROCUREMENT_JustificationBook_Army_PB_2020.zzz_unzipped-U_PROCUREMENT_JustificationBook_Army_PB_2020.xml","3ff5717c0071fdda534afc6a225eb17d1ca462eab0f167c6886a39c906a1ea0f","9-be9f22df0af1e6b32a8df8a1cb69a736cd9984b535a7e78baa29509f7c8876fb","11979-15678766580a2b7b5ed546c8e291ee9a7f6770cf728617b049ac6e76e4edba18","root"
