Name_val,Location_val,Type_val,@SOURCE_FILENAME,@RECORDID,@ROWID,@PARENTROWID,@PARENT
"Iowa Army Ammunition Plant","Middletown, IA","GOCO","2013-BASE_PROCUREMENT-2013-ARMY_MISSLE-JustificationBook_Army_PB_2013.zzz_unzipped-JustificationBook_Army_PB_2013.xml","25e8b748d37f38ed418d843f8caefe98c808e0e98002ee6c6fac7a2e30b888b1","0-57f13976623563488344600ae4e159778d0bfba5fba1e2cf1414e4950ea7873e","551-f8c75a8af0c6ae7b36934bad8268533121cce5cb299855ab9f76f5cd0fb86026","root"
"Redstone Tech Test Center; White Sands Test Center","Huntsville, AL; White Sands Missile Range, NM","GOGO","2013-BASE_PROCUREMENT-2013-ARMY_MISSLE-JustificationBook_Army_PB_2013.zzz_unzipped-JustificationBook_Army_PB_2013.xml","25e8b748d37f38ed418d843f8caefe98c808e0e98002ee6c6fac7a2e30b888b1","1-1163c54b6ac9a00513530e27e87bfc6125115593f40200afc33abd9698d1adc4","551-f8c75a8af0c6ae7b36934bad8268533121cce5cb299855ab9f76f5cd0fb86026","root"
"Production Base Support - Lima","TACOM","GOCO","2013-BASE_PROCUREMENT-2013-ARMY_WTCV-JustificationBook_Army_PB_2013.zzz_unzipped-JustificationBook_Army_PB_2013.xml","f0bd3f7e10f8d691ea61c5fe23bddf33e75efe0744a8f7a4df30d06842c742b5","0-89a1466053a2b865a59a155b1697d0c8b4974a58455a775697fe797d18da6a08","564-4f7fd1409c6ece35e7a504a39f7fd2f047512ef57d74a310f4db872b7891de91","root"
"Production Base Support - Scranton","TACOM","COCO","2013-BASE_PROCUREMENT-2013-ARMY_WTCV-JustificationBook_Army_PB_2013.zzz_unzipped-JustificationBook_Army_PB_2013.xml","f0bd3f7e10f8d691ea61c5fe23bddf33e75efe0744a8f7a4df30d06842c742b5","1-42fa761e68745298ede7e7a914fa5c88401b979ee141deaa3a69e188c908e3b9","564-4f7fd1409c6ece35e7a504a39f7fd2f047512ef57d74a310f4db872b7891de91","root"
"TACOM LCMC Production Base Spt Program","TACOM","","2013-BASE_PROCUREMENT-2013-ARMY_WTCV-JustificationBook_Army_PB_2013.zzz_unzipped-JustificationBook_Army_PB_2013.xml","f0bd3f7e10f8d691ea61c5fe23bddf33e75efe0744a8f7a4df30d06842c742b5","2-57d3b5cde1e6d1ef5c42fc37504ea1598093febfc44e195b9af68035d8b7f52f","564-4f7fd1409c6ece35e7a504a39f7fd2f047512ef57d74a310f4db872b7891de91","root"
"GDLS","Saco, ME","GOGO","2013-BASE_PROCUREMENT-2013-ARMY_WTCV-JustificationBook_Army_PB_2013.zzz_unzipped-JustificationBook_Army_PB_2013.xml","77d4e2d6e7447036c7b5b87910faa2aa19021fbd093ab9579c4e3c0d93642563","0-274cbf820ee54883bcb8182e97f6dd02ca40cf219a6b828ccb63a944f54516bc","592-a8b988d1890cb1db82abfa9043b339839d601cf3b7b7db80e3dc3f4376a97170","root"
"Rock Island Arsenal - JMTC","Rock Island, IL","GOGO","2013-BASE_PROCUREMENT-2013-ARMY_WTCV-JustificationBook_Army_PB_2013.zzz_unzipped-JustificationBook_Army_PB_2013.xml","77d4e2d6e7447036c7b5b87910faa2aa19021fbd093ab9579c4e3c0d93642563","1-ba3fe3e3e487a352f04d6401d273c2764b08b2ebadcdc30e3419893ff394905b","592-a8b988d1890cb1db82abfa9043b339839d601cf3b7b7db80e3dc3f4376a97170","root"
"Watervliet Arsenal","Watervliet, NY","COCO","2013-BASE_PROCUREMENT-2013-ARMY_WTCV-JustificationBook_Army_PB_2013.zzz_unzipped-JustificationBook_Army_PB_2013.xml","77d4e2d6e7447036c7b5b87910faa2aa19021fbd093ab9579c4e3c0d93642563","2-1a5e9fe8e61edc5d4873c805caac7fb6271f2becb6d9fbaebbbbaa639d48ee69","592-a8b988d1890cb1db82abfa9043b339839d601cf3b7b7db80e3dc3f4376a97170","root"
"ATEC Test Range Instrumentation","Yuma, AZ; Aberdeen, MD; White Sands, NM","GOGO","2013-BASE_PROCUREMENT-2013-ARMY_WTCV-JustificationBook_Army_PB_2013.zzz_unzipped-JustificationBook_Army_PB_2013.xml","77d4e2d6e7447036c7b5b87910faa2aa19021fbd093ab9579c4e3c0d93642563","3-ce46df9005b64fcb33020d86655f23321acd40145ce2eb9e3cf5addc766536be","592-a8b988d1890cb1db82abfa9043b339839d601cf3b7b7db80e3dc3f4376a97170","root"
"Holston Army Ammunition Plant","Kingsport, Tennessee","GOCO","2013-BASE_PROCUREMENT-2013-ARMY_AMMO-JustificationBook_Army_PB_2013.zzz_unzipped-JustificationBook_Army_PB_2013.xml","d86559710e8c90c1e40903820e6d04df5c8421478caaf1c5036a9d6ba74875f8","0-c8281ae89a81e7fc9021906f476e2e5ab1d1606c424b91b6faf16360969fe5ce","627-19582b10525b2e460cc4ecde32c60a2bb0e5cf0df27b8657c5880bf014b6f16b","root"
"Iowa Army Ammunition Plant","Middletown, Iowa","GOCO","2013-BASE_PROCUREMENT-2013-ARMY_AMMO-JustificationBook_Army_PB_2013.zzz_unzipped-JustificationBook_Army_PB_2013.xml","d86559710e8c90c1e40903820e6d04df5c8421478caaf1c5036a9d6ba74875f8","1-19eff528e91cae4a1e14346e58c941cdcd028629465376b584ff603b23176c8a","627-19582b10525b2e460cc4ecde32c60a2bb0e5cf0df27b8657c5880bf014b6f16b","root"
"Lake City Army Ammunition Plant","Independence, Missouri","GOCO","2013-BASE_PROCUREMENT-2013-ARMY_AMMO-JustificationBook_Army_PB_2013.zzz_unzipped-JustificationBook_Army_PB_2013.xml","d86559710e8c90c1e40903820e6d04df5c8421478caaf1c5036a9d6ba74875f8","2-81b9964ce396c60b48954063652aa1ef86fcb6991b4c6f2295c5853e11a09ed7","627-19582b10525b2e460cc4ecde32c60a2bb0e5cf0df27b8657c5880bf014b6f16b","root"
"Milan Army Ammunition Plant","Milan, Tennessee","GOCO","2013-BASE_PROCUREMENT-2013-ARMY_AMMO-JustificationBook_Army_PB_2013.zzz_unzipped-JustificationBook_Army_PB_2013.xml","d86559710e8c90c1e40903820e6d04df5c8421478caaf1c5036a9d6ba74875f8","3-f37f16769f750ae30a20e719516f385d2f8d314e56068c23a108911fc9976420","627-19582b10525b2e460cc4ecde32c60a2bb0e5cf0df27b8657c5880bf014b6f16b","root"
"Radford Army Ammunition Plant","Radford, Virginia","GOCO","2013-BASE_PROCUREMENT-2013-ARMY_AMMO-JustificationBook_Army_PB_2013.zzz_unzipped-JustificationBook_Army_PB_2013.xml","d86559710e8c90c1e40903820e6d04df5c8421478caaf1c5036a9d6ba74875f8","4-a819080a1cdf179152e3f632bb0588cc7f49553ba42373f52e9abb13559a3061","627-19582b10525b2e460cc4ecde32c60a2bb0e5cf0df27b8657c5880bf014b6f16b","root"
"Scranton Army Ammunition Plant","Scranton, Pennsylvania","GOCO","2013-BASE_PROCUREMENT-2013-ARMY_AMMO-JustificationBook_Army_PB_2013.zzz_unzipped-JustificationBook_Army_PB_2013.xml","d86559710e8c90c1e40903820e6d04df5c8421478caaf1c5036a9d6ba74875f8","5-6d90c34a1dc01c8f8f34a7e1e63073e1164ce5d3a87718cefd73a144064f6ad4","627-19582b10525b2e460cc4ecde32c60a2bb0e5cf0df27b8657c5880bf014b6f16b","root"
"Various Army Ammunition Plants","Multiple","GOCO","2013-BASE_PROCUREMENT-2013-ARMY_AMMO-JustificationBook_Army_PB_2013.zzz_unzipped-JustificationBook_Army_PB_2013.xml","d86559710e8c90c1e40903820e6d04df5c8421478caaf1c5036a9d6ba74875f8","6-a84b1e5781a859c312f59920f7033430af9cd46c8b6be119705064bf32fe29ef","627-19582b10525b2e460cc4ecde32c60a2bb0e5cf0df27b8657c5880bf014b6f16b","root"
"Yuma Proving Ground / Aberdeen Test Center","Yuma, Arizona / Aberdeen, Maryland","GOCO","2013-BASE_PROCUREMENT-2013-ARMY_AMMO-JustificationBook_Army_PB_2013.zzz_unzipped-JustificationBook_Army_PB_2013.xml","d86559710e8c90c1e40903820e6d04df5c8421478caaf1c5036a9d6ba74875f8","7-8543cac0bc707ea21ea9c14ebd1ab4833d93a073ed201396739e7411185f69f1","627-19582b10525b2e460cc4ecde32c60a2bb0e5cf0df27b8657c5880bf014b6f16b","root"
"Iowa Army Ammunition Plant","Middletown, IA","GOCO","2014-BASE_PROCUREMENT-2014-ARMY_MISSLE-PROCUREMENT_JustificationBook_Army_PB_2014.zzz_unzipped-PROCUREMENT_JustificationBook_Army_PB_2014.xml","22571fec5d9ba82ab8f3c2a31a2b924e78d401f24892005ac52d2984749f7e09","0-9f814279f56ab23c24eeb2d47cfce21d84c497cd3782039847bc398c21a42854","2228-0f895e175bb49da98802486616d0a130001aaaebf455e556c9c019dd8a4f6aab","root"
"Redstone Tech Test Center; White Sands Test Center","Huntsville, AL; White Sands Missile Range, NM","GOGO","2014-BASE_PROCUREMENT-2014-ARMY_MISSLE-PROCUREMENT_JustificationBook_Army_PB_2014.zzz_unzipped-PROCUREMENT_JustificationBook_Army_PB_2014.xml","22571fec5d9ba82ab8f3c2a31a2b924e78d401f24892005ac52d2984749f7e09","1-62f81cf6ef097eafb93e5fc16105c77fb53969be4154b1088d0a7e2daba1d7a3","2228-0f895e175bb49da98802486616d0a130001aaaebf455e556c9c019dd8a4f6aab","root"
"Production Base Support - Lima","TACOM","GOCO","2014-BASE_PROCUREMENT-2014-ARMY_WTCV-PROCUREMENT_JustificationBook_Army_PB_2014.zzz_unzipped-PROCUREMENT_JustificationBook_Army_PB_2014.xml","2052bb7ca062844b30c14445c3b6f011cd16e26bd5a4e9e6cbf03aec46038a9b","0-173aaed9fb38e6b3f06ff7a0acf11187636574dd0183d5707962d89b02cc078c","2242-9fec810068f18ae4caa1d4fd2561f37ff7f16824d7f398aa9d37e502c1bab0cf","root"
"Production Base Support - Scranton","TACOM","COCO","2014-BASE_PROCUREMENT-2014-ARMY_WTCV-PROCUREMENT_JustificationBook_Army_PB_2014.zzz_unzipped-PROCUREMENT_JustificationBook_Army_PB_2014.xml","2052bb7ca062844b30c14445c3b6f011cd16e26bd5a4e9e6cbf03aec46038a9b","1-f42f82ac576cd150c5c04f133df64e044351ea4c0da839c2c01218388f70d2aa","2242-9fec810068f18ae4caa1d4fd2561f37ff7f16824d7f398aa9d37e502c1bab0cf","root"
"TACOM LCMC Production Base Spt Program","TACOM","","2014-BASE_PROCUREMENT-2014-ARMY_WTCV-PROCUREMENT_JustificationBook_Army_PB_2014.zzz_unzipped-PROCUREMENT_JustificationBook_Army_PB_2014.xml","2052bb7ca062844b30c14445c3b6f011cd16e26bd5a4e9e6cbf03aec46038a9b","2-e95134bbe9f44ddb8c4a69e80af3b93b9759f256160c6282bc01aefe9a4bf150","2242-9fec810068f18ae4caa1d4fd2561f37ff7f16824d7f398aa9d37e502c1bab0cf","root"
"GD-ATP/Watervliet/Rock Island PBS Provisioning of Industrial Facilities","Saco, ME","GOGO","2014-BASE_PROCUREMENT-2014-ARMY_WTCV-PROCUREMENT_JustificationBook_Army_PB_2014.zzz_unzipped-PROCUREMENT_JustificationBook_Army_PB_2014.xml","6bd4d70739297e36cb7d4d8f35300cbc0da9f764241398b1c9c046f0a81114d8","0-6cb8916a48da8ff9c6270230cc1f33949bacee98c61d1d180157cbb1e8375899","2266-dc4d741a84d4d8d43a01063c909ab424ff2df238a5f8aa252b06b71f283bb4c8","root"
"Rock Island Arsenal - JMTC","Rock Island, IL","GOGO","2014-BASE_PROCUREMENT-2014-ARMY_WTCV-PROCUREMENT_JustificationBook_Army_PB_2014.zzz_unzipped-PROCUREMENT_JustificationBook_Army_PB_2014.xml","6bd4d70739297e36cb7d4d8f35300cbc0da9f764241398b1c9c046f0a81114d8","1-fca276748e9dbc3f634044efebfe332f49cfc99bcbd6dbb76ea02f9136bf6b42","2266-dc4d741a84d4d8d43a01063c909ab424ff2df238a5f8aa252b06b71f283bb4c8","root"
"Watervliet Arsenal","Watervliet, NY","COCO","2014-BASE_PROCUREMENT-2014-ARMY_WTCV-PROCUREMENT_JustificationBook_Army_PB_2014.zzz_unzipped-PROCUREMENT_JustificationBook_Army_PB_2014.xml","6bd4d70739297e36cb7d4d8f35300cbc0da9f764241398b1c9c046f0a81114d8","2-9bf15fb9ffb5632191c6959baad6d59843642bcd68d805eea3e8ad029e39879d","2266-dc4d741a84d4d8d43a01063c909ab424ff2df238a5f8aa252b06b71f283bb4c8","root"
"ATEC Test Range Instrumentation","Yuma, AZ; Aberdeen, MD; White Sands, NM","GOGO","2014-BASE_PROCUREMENT-2014-ARMY_WTCV-PROCUREMENT_JustificationBook_Army_PB_2014.zzz_unzipped-PROCUREMENT_JustificationBook_Army_PB_2014.xml","6bd4d70739297e36cb7d4d8f35300cbc0da9f764241398b1c9c046f0a81114d8","3-6d1c86010f02d85deb59fc6f22d547fd045c0364dc1194599c7551fed5cf52e9","2266-dc4d741a84d4d8d43a01063c909ab424ff2df238a5f8aa252b06b71f283bb4c8","root"
"Holston Army Ammunition Plant","Kingsport, Tennessee","GOCO","2014-BASE_PROCUREMENT-2014-ARMY_AMMO-PROCUREMENT_JustificationBook_Army_PB_2014.zzz_unzipped-PROCUREMENT_JustificationBook_Army_PB_2014.xml","e88f3661ea6cf14fda0467552ead014351215debdd83ba533521d2174718f5f2","0-6b0c9c376ba88fd8b1102d37b18f47797bb8b815119fffeb7d8531aae4b327d0","2301-bf66af3e3960eaad117b18b1067ca0ef5204b1de6566a7c4fb7b6161448b780b","root"
"Iowa Army Ammunition Plant","Middletown, Iowa","GOCO","2014-BASE_PROCUREMENT-2014-ARMY_AMMO-PROCUREMENT_JustificationBook_Army_PB_2014.zzz_unzipped-PROCUREMENT_JustificationBook_Army_PB_2014.xml","e88f3661ea6cf14fda0467552ead014351215debdd83ba533521d2174718f5f2","1-527af99237e1f38f8df7a24518802494bbd41b5a8a6878dc417623997823cdc8","2301-bf66af3e3960eaad117b18b1067ca0ef5204b1de6566a7c4fb7b6161448b780b","root"
"Lake City Army Ammunition Plant","Independence, Missouri","GOCO","2014-BASE_PROCUREMENT-2014-ARMY_AMMO-PROCUREMENT_JustificationBook_Army_PB_2014.zzz_unzipped-PROCUREMENT_JustificationBook_Army_PB_2014.xml","e88f3661ea6cf14fda0467552ead014351215debdd83ba533521d2174718f5f2","2-f01ae54641e7c7e2c2d24e51197caaf0a086adac40c7f304ed1c6af74d332257","2301-bf66af3e3960eaad117b18b1067ca0ef5204b1de6566a7c4fb7b6161448b780b","root"
"Milan Army Ammunition Plant","Milan, Tennessee","GOCO","2014-BASE_PROCUREMENT-2014-ARMY_AMMO-PROCUREMENT_JustificationBook_Army_PB_2014.zzz_unzipped-PROCUREMENT_JustificationBook_Army_PB_2014.xml","e88f3661ea6cf14fda0467552ead014351215debdd83ba533521d2174718f5f2","3-51082c9979627b937fcbaf0ba0b315303fabaa52aaf33b622e0d0bbdbc93f201","2301-bf66af3e3960eaad117b18b1067ca0ef5204b1de6566a7c4fb7b6161448b780b","root"
"Radford Army Ammunition Plant","Radford, Virginia","GOCO","2014-BASE_PROCUREMENT-2014-ARMY_AMMO-PROCUREMENT_JustificationBook_Army_PB_2014.zzz_unzipped-PROCUREMENT_JustificationBook_Army_PB_2014.xml","e88f3661ea6cf14fda0467552ead014351215debdd83ba533521d2174718f5f2","4-edee3a0f7f743c70ea012396a9ff017f2b26e07fb36d9a1c88b28ccd211f68a3","2301-bf66af3e3960eaad117b18b1067ca0ef5204b1de6566a7c4fb7b6161448b780b","root"
"Scranton Army Ammunition Plant","Scranton, Pennsylvania","GOCO","2014-BASE_PROCUREMENT-2014-ARMY_AMMO-PROCUREMENT_JustificationBook_Army_PB_2014.zzz_unzipped-PROCUREMENT_JustificationBook_Army_PB_2014.xml","e88f3661ea6cf14fda0467552ead014351215debdd83ba533521d2174718f5f2","5-40a299cfc32df4f78140e7f72b7e4ed93216061d8b22aaea00d0b3ce21a4a58c","2301-bf66af3e3960eaad117b18b1067ca0ef5204b1de6566a7c4fb7b6161448b780b","root"
"Various Army Ammunition Plants","Multiple","GOCO","2014-BASE_PROCUREMENT-2014-ARMY_AMMO-PROCUREMENT_JustificationBook_Army_PB_2014.zzz_unzipped-PROCUREMENT_JustificationBook_Army_PB_2014.xml","e88f3661ea6cf14fda0467552ead014351215debdd83ba533521d2174718f5f2","6-7d9edaa4b1ef70a9da4e341ded123069c5dbe7ed07343f3f2b815521e0fbed97","2301-bf66af3e3960eaad117b18b1067ca0ef5204b1de6566a7c4fb7b6161448b780b","root"
"Yuma Proving Ground / Aberdeen Test Center","Yuma, Arizona / Aberdeen, Maryland","GOCO","2014-BASE_PROCUREMENT-2014-ARMY_AMMO-PROCUREMENT_JustificationBook_Army_PB_2014.zzz_unzipped-PROCUREMENT_JustificationBook_Army_PB_2014.xml","e88f3661ea6cf14fda0467552ead014351215debdd83ba533521d2174718f5f2","7-6d190698e2f0ba21449191c4f0c07b1479c6e0184420a74df1ca756b2f4c115e","2301-bf66af3e3960eaad117b18b1067ca0ef5204b1de6566a7c4fb7b6161448b780b","root"
"Iowa Army Ammunition Plant","Middletown, IA","GOCO","2015-BASE_PROCUREMENT-2015-ARMY_MISSLE-PROCUREMENT_JustificationBook_Army_PB_2015.zzz_unzipped-PROCUREMENT_JustificationBook_Army_PB_2015.xml","1ce616cebd232fd2399463be858c2c7629ed2c1ff092641defc3185c397ef053","0-8f44ba69609e69d48f2245b81440cbc26280f6624cdc54a1efcd7434a0f020b5","3866-c0a7b2f25558f9cf9d58d38c948a3bb501d9e3a556dc725c084a65a35e3d727d","root"
"Redstone Tech Test Center; White Sands Test Center","Huntsville, AL; White Sands Missile Range, NM","GOGO","2015-BASE_PROCUREMENT-2015-ARMY_MISSLE-PROCUREMENT_JustificationBook_Army_PB_2015.zzz_unzipped-PROCUREMENT_JustificationBook_Army_PB_2015.xml","1ce616cebd232fd2399463be858c2c7629ed2c1ff092641defc3185c397ef053","1-8a404390b25c17966079beba87b59ddef367049e2e0d57f7b4b9bf10faf91835","3866-c0a7b2f25558f9cf9d58d38c948a3bb501d9e3a556dc725c084a65a35e3d727d","root"
"Production Base Support - Lima","TACOM","GOCO","2015-BASE_PROCUREMENT-2015-ARMY_WTCV-PROCUREMENT_JustificationBook_Army_PB_2015.zzz_unzipped-PROCUREMENT_JustificationBook_Army_PB_2015.xml","3d4f4d92dbdc04b87379ee6112830051bb01b0139bba49aee717b216ec7372a1","0-adc624ae55d24253a03a5fd4cef7acf9a83e297ee61fb5008111f1a5eea76f75","3880-9b25bc013d505f3bc0ce07f384900f712c97cfff6ea3631d34f09f6ec3cdae91","root"
"Production Base Support - Scranton","TACOM","COCO","2015-BASE_PROCUREMENT-2015-ARMY_WTCV-PROCUREMENT_JustificationBook_Army_PB_2015.zzz_unzipped-PROCUREMENT_JustificationBook_Army_PB_2015.xml","3d4f4d92dbdc04b87379ee6112830051bb01b0139bba49aee717b216ec7372a1","1-4ed0f2bfe7e5ce78097fe3110331f7705c54bc4f4b08e6acf958fe6ecc1749d2","3880-9b25bc013d505f3bc0ce07f384900f712c97cfff6ea3631d34f09f6ec3cdae91","root"
"TACOM LCMC Production Base Spt Program","TACOM","GOGO","2015-BASE_PROCUREMENT-2015-ARMY_WTCV-PROCUREMENT_JustificationBook_Army_PB_2015.zzz_unzipped-PROCUREMENT_JustificationBook_Army_PB_2015.xml","3d4f4d92dbdc04b87379ee6112830051bb01b0139bba49aee717b216ec7372a1","2-9481e2296d82717271d3213f8eebcf34ac21c52cc69bd2bf1bc0c9364771231d","3880-9b25bc013d505f3bc0ce07f384900f712c97cfff6ea3631d34f09f6ec3cdae91","root"
"GD-ATP/Watervliet/Rock Island PBS Provisioning of Industrial Facilities","Saco, ME","GOGO","2015-BASE_PROCUREMENT-2015-ARMY_WTCV-PROCUREMENT_JustificationBook_Army_PB_2015.zzz_unzipped-PROCUREMENT_JustificationBook_Army_PB_2015.xml","a584fd6a0f683eab067c59c742ba7f9404fce4832bc6cc82fa2133d9f128704f","0-308e0a48526820e4edd7196ad6a0985bd881fb62d459a7bb8a086fe0e91e59d3","3903-02ce2457bb586c4c10d5338603fb42dc98e0a37d9420b23cf4d4c7097f9c3d71","root"
"Rock Island Arsenal - JMTC","Rock Island, IL","GOGO","2015-BASE_PROCUREMENT-2015-ARMY_WTCV-PROCUREMENT_JustificationBook_Army_PB_2015.zzz_unzipped-PROCUREMENT_JustificationBook_Army_PB_2015.xml","a584fd6a0f683eab067c59c742ba7f9404fce4832bc6cc82fa2133d9f128704f","1-c81bee03e754f88d63be698d882ffece4b71e1c235600e8ad26b7f519db5701e","3903-02ce2457bb586c4c10d5338603fb42dc98e0a37d9420b23cf4d4c7097f9c3d71","root"
"Watervliet Arsenal","Watervliet, NY","COCO","2015-BASE_PROCUREMENT-2015-ARMY_WTCV-PROCUREMENT_JustificationBook_Army_PB_2015.zzz_unzipped-PROCUREMENT_JustificationBook_Army_PB_2015.xml","a584fd6a0f683eab067c59c742ba7f9404fce4832bc6cc82fa2133d9f128704f","2-73134ce3aba3c8f519b2226efae5da4714616cab95ddd37fd0c45cc2d9bbc4ff","3903-02ce2457bb586c4c10d5338603fb42dc98e0a37d9420b23cf4d4c7097f9c3d71","root"
"ATEC Test Range Instrumentation","Yuma, AZ; Aberdeen, MD; White Sands, NM","GOGO","2015-BASE_PROCUREMENT-2015-ARMY_WTCV-PROCUREMENT_JustificationBook_Army_PB_2015.zzz_unzipped-PROCUREMENT_JustificationBook_Army_PB_2015.xml","a584fd6a0f683eab067c59c742ba7f9404fce4832bc6cc82fa2133d9f128704f","3-4a75ca180d4fc22d09d9316ba5a4dd613216c04dac4065d03f4649de7873ff90","3903-02ce2457bb586c4c10d5338603fb42dc98e0a37d9420b23cf4d4c7097f9c3d71","root"
"Holston Army Ammunition Plant","Kingsport, Tennessee","GOCO","2015-BASE_PROCUREMENT-2015-ARMY_AMMO-PROCUREMENT_JustificationBook_Army_PB_2015.zzz_unzipped-PROCUREMENT_JustificationBook_Army_PB_2015.xml","c4d5510aae3be623d3815177cb4b77718e913b16082d5e476d238e93060d9756","0-41419c93881a1c07e71ae4d0923dea80fb46904838109c5133839a151ff9affc","3938-054663979e9f056ef2077f566e01cf6ce54cebe71684f85232126bba19c039ae","root"
"Iowa Army Ammunition Plant","Middletown, Iowa","GOCO","2015-BASE_PROCUREMENT-2015-ARMY_AMMO-PROCUREMENT_JustificationBook_Army_PB_2015.zzz_unzipped-PROCUREMENT_JustificationBook_Army_PB_2015.xml","c4d5510aae3be623d3815177cb4b77718e913b16082d5e476d238e93060d9756","1-2a945b2002d5cc7bae08e4890e981a927051fe8df0d475c5a75bd5b4c749d083","3938-054663979e9f056ef2077f566e01cf6ce54cebe71684f85232126bba19c039ae","root"
"Lake City Army Ammunition Plant","Independence, Missouri","GOCO","2015-BASE_PROCUREMENT-2015-ARMY_AMMO-PROCUREMENT_JustificationBook_Army_PB_2015.zzz_unzipped-PROCUREMENT_JustificationBook_Army_PB_2015.xml","c4d5510aae3be623d3815177cb4b77718e913b16082d5e476d238e93060d9756","2-0efad523ef22bc10d5fc653dd3f1d67fd60d9c0b7a82c7c68c7e1eda26613aa8","3938-054663979e9f056ef2077f566e01cf6ce54cebe71684f85232126bba19c039ae","root"
"Milan Army Ammunition Plant","Milan, Tennessee","GOCO","2015-BASE_PROCUREMENT-2015-ARMY_AMMO-PROCUREMENT_JustificationBook_Army_PB_2015.zzz_unzipped-PROCUREMENT_JustificationBook_Army_PB_2015.xml","c4d5510aae3be623d3815177cb4b77718e913b16082d5e476d238e93060d9756","3-109dca88351ec604f252525efa821df441557f9c95ecebdf1b60b75857237e91","3938-054663979e9f056ef2077f566e01cf6ce54cebe71684f85232126bba19c039ae","root"
"Radford Army Ammunition Plant","Radford, Virginia","GOCO","2015-BASE_PROCUREMENT-2015-ARMY_AMMO-PROCUREMENT_JustificationBook_Army_PB_2015.zzz_unzipped-PROCUREMENT_JustificationBook_Army_PB_2015.xml","c4d5510aae3be623d3815177cb4b77718e913b16082d5e476d238e93060d9756","4-e227a08d5563cfb706f86569ff91a79cbce630b5136c021006d0c6036127b634","3938-054663979e9f056ef2077f566e01cf6ce54cebe71684f85232126bba19c039ae","root"
"Scranton Army Ammunition Plant","Scranton, Pennsylvania","GOCO","2015-BASE_PROCUREMENT-2015-ARMY_AMMO-PROCUREMENT_JustificationBook_Army_PB_2015.zzz_unzipped-PROCUREMENT_JustificationBook_Army_PB_2015.xml","c4d5510aae3be623d3815177cb4b77718e913b16082d5e476d238e93060d9756","5-dea3160d49baaf43af907174fc4b0ddcae28478212d7b99d81baaae13fae170b","3938-054663979e9f056ef2077f566e01cf6ce54cebe71684f85232126bba19c039ae","root"
"Various Army Ammunition Plants","Multiple","GOCO","2015-BASE_PROCUREMENT-2015-ARMY_AMMO-PROCUREMENT_JustificationBook_Army_PB_2015.zzz_unzipped-PROCUREMENT_JustificationBook_Army_PB_2015.xml","c4d5510aae3be623d3815177cb4b77718e913b16082d5e476d238e93060d9756","6-6d8682c0fe6c40af985f1d33ff22a36ecfa4e6f225364847859752fa66d74658","3938-054663979e9f056ef2077f566e01cf6ce54cebe71684f85232126bba19c039ae","root"
"Yuma Proving Ground / Aberdeen Test Center","Yuma, Arizona / Aberdeen, Maryland","GOCO","2015-BASE_PROCUREMENT-2015-ARMY_AMMO-PROCUREMENT_JustificationBook_Army_PB_2015.zzz_unzipped-PROCUREMENT_JustificationBook_Army_PB_2015.xml","c4d5510aae3be623d3815177cb4b77718e913b16082d5e476d238e93060d9756","7-0ce4e40b44c56849ed6297159383804e6cee6f740b713f706ea5dd80b70753ae","3938-054663979e9f056ef2077f566e01cf6ce54cebe71684f85232126bba19c039ae","root"
"Iowa AAP; Radford AAP","Middletown, IA; Radford, VA","GOCO","2016-BASE_PROCUREMENT-2016-ARMY_MISSLE-PROCUREMENT_JustificationBook_Army_PB_2016.zzz_unzipped-PROCUREMENT_JustificationBook_Army_PB_2016.xml","28a3135044403b01620d12c43b04f24037276882219eb30fa6690b8ec089ad75","0-d5df66c4475e0c99bbbf79a893d101c0180d41f0b7144120d4c5aa0d81576a3f","5528-2dfb253f4005d06c3e5129a7fe27e954d66b37cc517c4490d0ae83aebd73889e","root"
"Redstone Tech Test Center; White Sands Test Center","Huntsville, AL; White Sands Missile Range, NM","GOGO","2016-BASE_PROCUREMENT-2016-ARMY_MISSLE-PROCUREMENT_JustificationBook_Army_PB_2016.zzz_unzipped-PROCUREMENT_JustificationBook_Army_PB_2016.xml","28a3135044403b01620d12c43b04f24037276882219eb30fa6690b8ec089ad75","1-352063a7d2946a71df6118a55f5a0a44c865f49b36448640a8d8e53c545944b6","5528-2dfb253f4005d06c3e5129a7fe27e954d66b37cc517c4490d0ae83aebd73889e","root"
"Production Base Support - Lima","Lima, OH","GOCO","2016-BASE_PROCUREMENT-2016-ARMY_WTCV-PROCUREMENT_JustificationBook_Army_PB_2016.zzz_unzipped-PROCUREMENT_JustificationBook_Army_PB_2016.xml","efdaa413bc9b9d7b0d356815766b129a9ee35a6431900f7de46d31ccc17861b3","0-0c0e6f63fad86f1c32a5a098d09d0e1a1e10b390a5ab6955de36145ad44ef202","5542-f4b341eec4d0582bffbc145696164a767c39332573c623afc5dc0e5e02c60e33","root"
"Production Base Support - Scranton","Scranton, PA","COCO","2016-BASE_PROCUREMENT-2016-ARMY_WTCV-PROCUREMENT_JustificationBook_Army_PB_2016.zzz_unzipped-PROCUREMENT_JustificationBook_Army_PB_2016.xml","efdaa413bc9b9d7b0d356815766b129a9ee35a6431900f7de46d31ccc17861b3","1-efc8942a489b448d8d6616f0a7dcac37c38d7e0f8fa4aed7eff70a53edd63a2e","5542-f4b341eec4d0582bffbc145696164a767c39332573c623afc5dc0e5e02c60e33","root"
"TACOM LCMC Production Base Spt Program","TACOM","GOGO","2016-BASE_PROCUREMENT-2016-ARMY_WTCV-PROCUREMENT_JustificationBook_Army_PB_2016.zzz_unzipped-PROCUREMENT_JustificationBook_Army_PB_2016.xml","efdaa413bc9b9d7b0d356815766b129a9ee35a6431900f7de46d31ccc17861b3","2-5dda2e3cc87f3572b93e43520deb81ffeea7d0635030bba4a8a4a95fd33cc110","5542-f4b341eec4d0582bffbc145696164a767c39332573c623afc5dc0e5e02c60e33","root"
"GD-ATP/Watervliet/Rock Island PBS Provisioning of Industrial Facilities","Saco, ME","GOGO","2016-BASE_PROCUREMENT-2016-ARMY_WTCV-PROCUREMENT_JustificationBook_Army_PB_2016.zzz_unzipped-PROCUREMENT_JustificationBook_Army_PB_2016.xml","5d00c39c1e909eed2357826245a76a51310d03e9eaaa04439ab37437904c53fa","0-1f04528cf7fd6f46ef35779a1dcaa4585f56419d1b1e537199cfa5207c136495","5564-181d72e4d61b14b71dec631362f92999810233a3a3552496e6703b6d32849580","root"
"Rock Island Arsenal - JMTC","Rock Island, IL","GOGO","2016-BASE_PROCUREMENT-2016-ARMY_WTCV-PROCUREMENT_JustificationBook_Army_PB_2016.zzz_unzipped-PROCUREMENT_JustificationBook_Army_PB_2016.xml","5d00c39c1e909eed2357826245a76a51310d03e9eaaa04439ab37437904c53fa","1-42f9af344f2517aa6c0a1e69093257d7d5a58180a75cb6c99f41ea3d3d20c6ee","5564-181d72e4d61b14b71dec631362f92999810233a3a3552496e6703b6d32849580","root"
"Watervliet Arsenal","Watervliet, NY","COCO","2016-BASE_PROCUREMENT-2016-ARMY_WTCV-PROCUREMENT_JustificationBook_Army_PB_2016.zzz_unzipped-PROCUREMENT_JustificationBook_Army_PB_2016.xml","5d00c39c1e909eed2357826245a76a51310d03e9eaaa04439ab37437904c53fa","2-59b212c19b4ef6202c1c02064bed5043c9902153bc94484ad8ce694c299ab902","5564-181d72e4d61b14b71dec631362f92999810233a3a3552496e6703b6d32849580","root"
"ATEC Test Range Instrumentation","Yuma, AZ; Aberdeen, MD; White Sands, NM","GOGO","2016-BASE_PROCUREMENT-2016-ARMY_WTCV-PROCUREMENT_JustificationBook_Army_PB_2016.zzz_unzipped-PROCUREMENT_JustificationBook_Army_PB_2016.xml","5d00c39c1e909eed2357826245a76a51310d03e9eaaa04439ab37437904c53fa","3-c492ef1e8daf667bffbf91903e8ad080feb848e24061d27e02c28c38b34e08e5","5564-181d72e4d61b14b71dec631362f92999810233a3a3552496e6703b6d32849580","root"
"Holston Army Ammunition Plant","Kingsport, Tennessee","GOCO","2016-BASE_PROCUREMENT-2016-ARMY_AMMO-PROCUREMENT_JustificationBook_Army_PB_2016.zzz_unzipped-PROCUREMENT_JustificationBook_Army_PB_2016.xml","b8c74bded3f7e8d5becd320d034e0321c86f39aa744ca436c07c8d4430a61422","0-c8e24567a7fd41ab4754812c6d6847d55911b0a838d9577242876c368a491f5c","5594-5fe57e77af44d38e496d78e9c8442a85eb825096d14f0e195a47d95b2993dfb1","root"
"Iowa Army Ammunition Plant","Middletown, Iowa","GOCO","2016-BASE_PROCUREMENT-2016-ARMY_AMMO-PROCUREMENT_JustificationBook_Army_PB_2016.zzz_unzipped-PROCUREMENT_JustificationBook_Army_PB_2016.xml","b8c74bded3f7e8d5becd320d034e0321c86f39aa744ca436c07c8d4430a61422","1-065173ac90d687af4d18670ff32f26a7b1a58d95fe07e12c51f9c289a76e3426","5594-5fe57e77af44d38e496d78e9c8442a85eb825096d14f0e195a47d95b2993dfb1","root"
"Lake City Army Ammunition Plant","Independence, Missouri","GOCO","2016-BASE_PROCUREMENT-2016-ARMY_AMMO-PROCUREMENT_JustificationBook_Army_PB_2016.zzz_unzipped-PROCUREMENT_JustificationBook_Army_PB_2016.xml","b8c74bded3f7e8d5becd320d034e0321c86f39aa744ca436c07c8d4430a61422","2-ece3bf4bd6d1600932b906ce3c1742d2978952149c0fcd5f955d2824e28132ce","5594-5fe57e77af44d38e496d78e9c8442a85eb825096d14f0e195a47d95b2993dfb1","root"
"Radford Army Ammunition Plant","Radford, Virginia","GOCO","2016-BASE_PROCUREMENT-2016-ARMY_AMMO-PROCUREMENT_JustificationBook_Army_PB_2016.zzz_unzipped-PROCUREMENT_JustificationBook_Army_PB_2016.xml","b8c74bded3f7e8d5becd320d034e0321c86f39aa744ca436c07c8d4430a61422","3-c475ad0c6fc982fa8f51658191be8f32664a47f95f57a36c8f77d97aa94b85ab","5594-5fe57e77af44d38e496d78e9c8442a85eb825096d14f0e195a47d95b2993dfb1","root"
"Scranton Army Ammunition Plant","Scranton, Pennsylvania","GOCO","2016-BASE_PROCUREMENT-2016-ARMY_AMMO-PROCUREMENT_JustificationBook_Army_PB_2016.zzz_unzipped-PROCUREMENT_JustificationBook_Army_PB_2016.xml","b8c74bded3f7e8d5becd320d034e0321c86f39aa744ca436c07c8d4430a61422","4-4c5faf95918748e7f7b4e9b7f11ffef138138426b182b93c00a42ccd8ddf1ebb","5594-5fe57e77af44d38e496d78e9c8442a85eb825096d14f0e195a47d95b2993dfb1","root"
"Various Army Ammunition Plants","Multiple","GOCO","2016-BASE_PROCUREMENT-2016-ARMY_AMMO-PROCUREMENT_JustificationBook_Army_PB_2016.zzz_unzipped-PROCUREMENT_JustificationBook_Army_PB_2016.xml","b8c74bded3f7e8d5becd320d034e0321c86f39aa744ca436c07c8d4430a61422","5-564574307726017dec34c6699ec52c65e6f39c28543af1ad850697d808d4657f","5594-5fe57e77af44d38e496d78e9c8442a85eb825096d14f0e195a47d95b2993dfb1","root"
"Yuma Proving Ground / Aberdeen Test Center","Yuma, Arizona / Aberdeen, Maryland","GOCO","2016-BASE_PROCUREMENT-2016-ARMY_AMMO-PROCUREMENT_JustificationBook_Army_PB_2016.zzz_unzipped-PROCUREMENT_JustificationBook_Army_PB_2016.xml","b8c74bded3f7e8d5becd320d034e0321c86f39aa744ca436c07c8d4430a61422","6-44822fd097c72cbd679008f1b5b5035d9c3380581f898681cff3408737a4aca0","5594-5fe57e77af44d38e496d78e9c8442a85eb825096d14f0e195a47d95b2993dfb1","root"
"Maintenance of Inactive Facilities","Various AAPs","GOCO","2018-BASE_PROCUREMENT-2018-ARMY_AMMO-U_PROCUREMENT_JustificationBook_Army_PB_2018.zzz_unzipped-U_PROCUREMENT_JustificationBook_Army_PB_2018.xml","ac8b476f8f4e2fea8c6f899f79cc74d889b720e44677133cab99482e7a2f8d2c","0-876d174e913f290dc14f81e9c43b285e58c81a9d2515309b98f1933d76df0799","8773-ea4ca2c4b89ae9c9bf9f877f5a987d72c53f3737558e0bc4399738c11e83cdeb","root"
"Holston Army Ammunition Plant","Kingsport, Tennessee","GOCO","2018-BASE_PROCUREMENT-2018-ARMY_AMMO-U_PROCUREMENT_JustificationBook_Army_PB_2018.zzz_unzipped-U_PROCUREMENT_JustificationBook_Army_PB_2018.xml","ac8b476f8f4e2fea8c6f899f79cc74d889b720e44677133cab99482e7a2f8d2c","1-405623786826645e2964dc9a59ab4314df769f30d614388ad5919e271c533831","8773-ea4ca2c4b89ae9c9bf9f877f5a987d72c53f3737558e0bc4399738c11e83cdeb","root"
"Layaway Of Industrial Facilities","Various AAPs","GOCO","2018-BASE_PROCUREMENT-2018-ARMY_AMMO-U_PROCUREMENT_JustificationBook_Army_PB_2018.zzz_unzipped-U_PROCUREMENT_JustificationBook_Army_PB_2018.xml","ac8b476f8f4e2fea8c6f899f79cc74d889b720e44677133cab99482e7a2f8d2c","2-cf79563ea8b4dbf6815bb11d4ca717086e6b4ee255e048bb6f3382c28096d91a","8773-ea4ca2c4b89ae9c9bf9f877f5a987d72c53f3737558e0bc4399738c11e83cdeb","root"
"Iowa Army Ammunition Plant","Middletown, Iowa","GOCO","2018-BASE_PROCUREMENT-2018-ARMY_AMMO-U_PROCUREMENT_JustificationBook_Army_PB_2018.zzz_unzipped-U_PROCUREMENT_JustificationBook_Army_PB_2018.xml","ac8b476f8f4e2fea8c6f899f79cc74d889b720e44677133cab99482e7a2f8d2c","3-d09eba4eefdb5cbdae530115c32e54f4045aaf2d1738044ccece811f2342cfd6","8773-ea4ca2c4b89ae9c9bf9f877f5a987d72c53f3737558e0bc4399738c11e83cdeb","root"
"Lake City Army Ammunition Plant","Independence, Missouri","GOCO","2018-BASE_PROCUREMENT-2018-ARMY_AMMO-U_PROCUREMENT_JustificationBook_Army_PB_2018.zzz_unzipped-U_PROCUREMENT_JustificationBook_Army_PB_2018.xml","ac8b476f8f4e2fea8c6f899f79cc74d889b720e44677133cab99482e7a2f8d2c","4-d14287df38f6e026f30a00b78b78e4cb241cb82e1b1fa69e113bf54dcdaaf5f8","8773-ea4ca2c4b89ae9c9bf9f877f5a987d72c53f3737558e0bc4399738c11e83cdeb","root"
"Radford Army Ammunition Plant","Radford, Virginia","GOCO","2018-BASE_PROCUREMENT-2018-ARMY_AMMO-U_PROCUREMENT_JustificationBook_Army_PB_2018.zzz_unzipped-U_PROCUREMENT_JustificationBook_Army_PB_2018.xml","ac8b476f8f4e2fea8c6f899f79cc74d889b720e44677133cab99482e7a2f8d2c","5-5d2ef3bea3ea9b9d3c921e639bc3df1a2fbe9cefab1970c7e8c9de0679775a8e","8773-ea4ca2c4b89ae9c9bf9f877f5a987d72c53f3737558e0bc4399738c11e83cdeb","root"
"Scranton Army Ammunition Plant","Scranton, Pennsylvania","GOCO","2018-BASE_PROCUREMENT-2018-ARMY_AMMO-U_PROCUREMENT_JustificationBook_Army_PB_2018.zzz_unzipped-U_PROCUREMENT_JustificationBook_Army_PB_2018.xml","ac8b476f8f4e2fea8c6f899f79cc74d889b720e44677133cab99482e7a2f8d2c","6-a5e10953018d45db95f8a88e57b1cad61b043545b7b6a7496153e17eebc5b8b1","8773-ea4ca2c4b89ae9c9bf9f877f5a987d72c53f3737558e0bc4399738c11e83cdeb","root"
"Various Army Ammunition Plants","Multiple","GOCO","2018-BASE_PROCUREMENT-2018-ARMY_AMMO-U_PROCUREMENT_JustificationBook_Army_PB_2018.zzz_unzipped-U_PROCUREMENT_JustificationBook_Army_PB_2018.xml","ac8b476f8f4e2fea8c6f899f79cc74d889b720e44677133cab99482e7a2f8d2c","7-e37ffc85083dd087f3bf9c551164aa4f3baf13b3b59d2cff51138b376cadf394","8773-ea4ca2c4b89ae9c9bf9f877f5a987d72c53f3737558e0bc4399738c11e83cdeb","root"
"Yuma Proving Ground / Aberdeen Test Center","Yuma, Arizona / Aberdeen, Maryland","GOCO","2018-BASE_PROCUREMENT-2018-ARMY_AMMO-U_PROCUREMENT_JustificationBook_Army_PB_2018.zzz_unzipped-U_PROCUREMENT_JustificationBook_Army_PB_2018.xml","ac8b476f8f4e2fea8c6f899f79cc74d889b720e44677133cab99482e7a2f8d2c","8-cee1684243cd8acbf102e4618552db87313687a93eb4e3ddbcd6ac2f77e24170","8773-ea4ca2c4b89ae9c9bf9f877f5a987d72c53f3737558e0bc4399738c11e83cdeb","root"
"Holston Army Ammunition Plant","Kingsport, Tennessee","GOCO","2019-BASE_PROCUREMENT-2019-ARMY_AMMO-U_PROCUREMENT_JustificationBook_Army_PB_2019.zzz_unzipped-U_PROCUREMENT_JustificationBook_Army_PB_2019.xml","2d28c1a9b7eadd2631782dbf90ba9618a62852e63ad6651cf5a182412bbc174a","0-60c83c84ac69287ae9a30bba36f5b5f2cbc5e3ece83ba026a257441a2bfdeaeb","10411-2a760f6026ffb627ef6c20569ef743a9a3b6470aa4e32f07921c69c9cd69d42e","root"
"Iowa Army Ammunition Plant","Middletown, Iowa","GOCO","2019-BASE_PROCUREMENT-2019-ARMY_AMMO-U_PROCUREMENT_JustificationBook_Army_PB_2019.zzz_unzipped-U_PROCUREMENT_JustificationBook_Army_PB_2019.xml","2d28c1a9b7eadd2631782dbf90ba9618a62852e63ad6651cf5a182412bbc174a","1-6840e82bdf0d4d8bc6312a351613d9e121b0cf243304fc99349cf2b9187049f9","10411-2a760f6026ffb627ef6c20569ef743a9a3b6470aa4e32f07921c69c9cd69d42e","root"
"Lake City Army Ammunition Plant","Independence, Missouri","GOCO","2019-BASE_PROCUREMENT-2019-ARMY_AMMO-U_PROCUREMENT_JustificationBook_Army_PB_2019.zzz_unzipped-U_PROCUREMENT_JustificationBook_Army_PB_2019.xml","2d28c1a9b7eadd2631782dbf90ba9618a62852e63ad6651cf5a182412bbc174a","2-1321c1322b8576a1a9e5f1f483d6193e56cd9751e228de6d57318651bc3de65b","10411-2a760f6026ffb627ef6c20569ef743a9a3b6470aa4e32f07921c69c9cd69d42e","root"
"Radford Army Ammunition Plant","Radford, Virginia","GOCO","2019-BASE_PROCUREMENT-2019-ARMY_AMMO-U_PROCUREMENT_JustificationBook_Army_PB_2019.zzz_unzipped-U_PROCUREMENT_JustificationBook_Army_PB_2019.xml","2d28c1a9b7eadd2631782dbf90ba9618a62852e63ad6651cf5a182412bbc174a","3-2015e10357b1c7e08ef3e9b81f070645a3b989719ece4e20f62432d7294b79b8","10411-2a760f6026ffb627ef6c20569ef743a9a3b6470aa4e32f07921c69c9cd69d42e","root"
"Scranton Army Ammunition Plant","Scranton, Pennsylvania","GOCO","2019-BASE_PROCUREMENT-2019-ARMY_AMMO-U_PROCUREMENT_JustificationBook_Army_PB_2019.zzz_unzipped-U_PROCUREMENT_JustificationBook_Army_PB_2019.xml","2d28c1a9b7eadd2631782dbf90ba9618a62852e63ad6651cf5a182412bbc174a","4-a62ba170fd18b54aabe73caf10ef52db0f24d1a833d90f5e88a144ea24bcfaf9","10411-2a760f6026ffb627ef6c20569ef743a9a3b6470aa4e32f07921c69c9cd69d42e","root"
"Various Army Ammunition Plants","Multiple","GOCO","2019-BASE_PROCUREMENT-2019-ARMY_AMMO-U_PROCUREMENT_JustificationBook_Army_PB_2019.zzz_unzipped-U_PROCUREMENT_JustificationBook_Army_PB_2019.xml","2d28c1a9b7eadd2631782dbf90ba9618a62852e63ad6651cf5a182412bbc174a","5-efcac6f6cd657881b69c0f83637ae371b0a53aaa788a9d1ec7a622568549edcc","10411-2a760f6026ffb627ef6c20569ef743a9a3b6470aa4e32f07921c69c9cd69d42e","root"
"Yuma Proving Ground / Aberdeen Test Center","Yuma, Arizona / Aberdeen, Maryland","GOCO","2019-BASE_PROCUREMENT-2019-ARMY_AMMO-U_PROCUREMENT_JustificationBook_Army_PB_2019.zzz_unzipped-U_PROCUREMENT_JustificationBook_Army_PB_2019.xml","2d28c1a9b7eadd2631782dbf90ba9618a62852e63ad6651cf5a182412bbc174a","6-f95f9699f901fb32c326e268ab07c2b4d883a6ecba1e07aa224e03c68fb8da25","10411-2a760f6026ffb627ef6c20569ef743a9a3b6470aa4e32f07921c69c9cd69d42e","root"
"Maintenance of Inactive Facilities","Various AAPs","GOCO","2019-BASE_PROCUREMENT-2019-ARMY_AMMO-U_PROCUREMENT_JustificationBook_Army_PB_2019.zzz_unzipped-U_PROCUREMENT_JustificationBook_Army_PB_2019.xml","2d28c1a9b7eadd2631782dbf90ba9618a62852e63ad6651cf5a182412bbc174a","7-92ff6f17c6482bab6288244687aeaa7fa4d163203a117139b5f5ca3d8e89baee","10411-2a760f6026ffb627ef6c20569ef743a9a3b6470aa4e32f07921c69c9cd69d42e","root"
"Layaway Of Industrial Facilities","Various AAPs","GOCO","2019-BASE_PROCUREMENT-2019-ARMY_AMMO-U_PROCUREMENT_JustificationBook_Army_PB_2019.zzz_unzipped-U_PROCUREMENT_JustificationBook_Army_PB_2019.xml","2d28c1a9b7eadd2631782dbf90ba9618a62852e63ad6651cf5a182412bbc174a","8-259b62942818348bc83564eb98d86ac0d617b282eff048e0472515304671d8f8","10411-2a760f6026ffb627ef6c20569ef743a9a3b6470aa4e32f07921c69c9cd69d42e","root"
"Maintenance of Inactive Facilities","Various AAPs","GOCO","2020-BASE_PROCUREMENT-2020-ARMY_AMMO-U_PROCUREMENT_JustificationBook_Army_PB_2020.zzz_unzipped-U_PROCUREMENT_JustificationBook_Army_PB_2020.xml","3ff5717c0071fdda534afc6a225eb17d1ca462eab0f167c6886a39c906a1ea0f","0-eb9bdf191841410e5b541710b73640730eeb64ae863f9ba6d2a072b3013e8d10","11979-fdc52e2430e7f3be697ac48664bf42c502e068d817f38a32fcc033c82b00f73c","root"
"Holston Army Ammunition Plant","Kingsport, Tennessee","GOCO","2020-BASE_PROCUREMENT-2020-ARMY_AMMO-U_PROCUREMENT_JustificationBook_Army_PB_2020.zzz_unzipped-U_PROCUREMENT_JustificationBook_Army_PB_2020.xml","3ff5717c0071fdda534afc6a225eb17d1ca462eab0f167c6886a39c906a1ea0f","1-3a877d26ec5c6b31baf2bb1063bba2fafaf6e0f04129236aabe037a9dd8ddbc0","11979-fdc52e2430e7f3be697ac48664bf42c502e068d817f38a32fcc033c82b00f73c","root"
"Iowa Army Ammunition Plant","Middletown, Iowa","GOCO","2020-BASE_PROCUREMENT-2020-ARMY_AMMO-U_PROCUREMENT_JustificationBook_Army_PB_2020.zzz_unzipped-U_PROCUREMENT_JustificationBook_Army_PB_2020.xml","3ff5717c0071fdda534afc6a225eb17d1ca462eab0f167c6886a39c906a1ea0f","2-6508aed92ff7e20643de74b6da3ae87264b42b4ed1ee7425897d49abcfb64272","11979-fdc52e2430e7f3be697ac48664bf42c502e068d817f38a32fcc033c82b00f73c","root"
"Lake City Army Ammunition Plant","Independence, Missouri","GOCO","2020-BASE_PROCUREMENT-2020-ARMY_AMMO-U_PROCUREMENT_JustificationBook_Army_PB_2020.zzz_unzipped-U_PROCUREMENT_JustificationBook_Army_PB_2020.xml","3ff5717c0071fdda534afc6a225eb17d1ca462eab0f167c6886a39c906a1ea0f","3-4b86a904d842a17bc9ee60d563001cba3774a891a6fb063f9e78af6d1d4bf71e","11979-fdc52e2430e7f3be697ac48664bf42c502e068d817f38a32fcc033c82b00f73c","root"
"Radford Army Ammunition Plant","Radford, Virginia","GOCO","2020-BASE_PROCUREMENT-2020-ARMY_AMMO-U_PROCUREMENT_JustificationBook_Army_PB_2020.zzz_unzipped-U_PROCUREMENT_JustificationBook_Army_PB_2020.xml","3ff5717c0071fdda534afc6a225eb17d1ca462eab0f167c6886a39c906a1ea0f","4-9a89a4923b59184450cd6299a1a71a9542f62d35d130ef0b2b79a69fa0389679","11979-fdc52e2430e7f3be697ac48664bf42c502e068d817f38a32fcc033c82b00f73c","root"
"Scranton Army Ammunition Plant","Scranton, Pennsylvania","GOCO","2020-BASE_PROCUREMENT-2020-ARMY_AMMO-U_PROCUREMENT_JustificationBook_Army_PB_2020.zzz_unzipped-U_PROCUREMENT_JustificationBook_Army_PB_2020.xml","3ff5717c0071fdda534afc6a225eb17d1ca462eab0f167c6886a39c906a1ea0f","5-120c37eb75791bb84818b95a7fd9687ba29fb82e3e821c7378baed96f9305f77","11979-fdc52e2430e7f3be697ac48664bf42c502e068d817f38a32fcc033c82b00f73c","root"
"Quad City Cartridge Case Facility","Rock Island Arsenal, IL","GOCO","2020-BASE_PROCUREMENT-2020-ARMY_AMMO-U_PROCUREMENT_JustificationBook_Army_PB_2020.zzz_unzipped-U_PROCUREMENT_JustificationBook_Army_PB_2020.xml","3ff5717c0071fdda534afc6a225eb17d1ca462eab0f167c6886a39c906a1ea0f","6-d894d4e84ba62b0d7d2887a84870c2cddb9d3930f2b74de08de6cd6505f4861f","11979-fdc52e2430e7f3be697ac48664bf42c502e068d817f38a32fcc033c82b00f73c","root"
"Various Army Ammunition Plants","Various Army Ammunition Plants","GOCO","2020-BASE_PROCUREMENT-2020-ARMY_AMMO-U_PROCUREMENT_JustificationBook_Army_PB_2020.zzz_unzipped-U_PROCUREMENT_JustificationBook_Army_PB_2020.xml","3ff5717c0071fdda534afc6a225eb17d1ca462eab0f167c6886a39c906a1ea0f","7-c175f5fec772280d20446b3a086bba2b4c3845c9a66008a8b60824db2b0e9ef6","11979-fdc52e2430e7f3be697ac48664bf42c502e068d817f38a32fcc033c82b00f73c","root"
"Yuma Proving Ground / Aberdeen Test Center","Yuma, Arizona / Aberdeen, Maryland","GOCO","2020-BASE_PROCUREMENT-2020-ARMY_AMMO-U_PROCUREMENT_JustificationBook_Army_PB_2020.zzz_unzipped-U_PROCUREMENT_JustificationBook_Army_PB_2020.xml","3ff5717c0071fdda534afc6a225eb17d1ca462eab0f167c6886a39c906a1ea0f","8-96794d62426ef9297b2c99ecd23ed0b9b35204540f807effdac0da962bc48da7","11979-fdc52e2430e7f3be697ac48664bf42c502e068d817f38a32fcc033c82b00f73c","root"
"Layaway Of Industrial Facilities","Various AAPs","GOCO","2020-BASE_PROCUREMENT-2020-ARMY_AMMO-U_PROCUREMENT_JustificationBook_Army_PB_2020.zzz_unzipped-U_PROCUREMENT_JustificationBook_Army_PB_2020.xml","3ff5717c0071fdda534afc6a225eb17d1ca462eab0f167c6886a39c906a1ea0f","9-dccc6c68b86454bd548d6bf321befa702a68819679ec7110cf2a56a923b87c84","11979-fdc52e2430e7f3be697ac48664bf42c502e068d817f38a32fcc033c82b00f73c","root"
