@isSignificant,Title_val,Costs_Quantity_PriorYearNine_val,Costs_Quantity_PriorYearTwo_val,Costs_Quantity_PriorYear_val,Costs_Quantity_CurrentYear_val,Costs_Quantity_BudgetYearOne_val,Costs_Quantity_PriorYearThree_val,Costs_Quantity_PriorYearFour_val,Costs_TotalCost_PriorYearNine_val,Costs_TotalCost_PriorYearFour_val,Costs_TotalCost_BudgetYearOne_val,Costs_TotalCost_PriorYearFive_val,Costs_TotalCost_PriorYear_val,Costs_TotalCost_PriorYearTen_val,Costs_TotalCost_PriorYearEight_val,Costs_TotalCost_PriorYearTwo_val,Costs_TotalCost_CurrentYear_val,Costs_TotalCost_PriorYearEleven_val,Costs_TotalCost_PriorYearThree_val,Costs_TotalCost_PriorYearSix_val,Costs_TotalCost_PriorYearTwelve_val,@SOURCE_FILENAME,@RECORDID,@ROWID,@PARENTROWID,@PARENT
"true","DUAL BAND RADAR (DBR) (SPY-3 AND VOLUME SEARCH RADAR (VSR))","1","","","","","","","486.469","10.948","","","","","","","","","","","","2018-BASE_PROCUREMENT-2018-NAVY_SHIPBUILDINGANDCOVERSION-U_PROCUREMENT_JustificationBook_Navy_PB_2018.zzz_unzipped-U_PROCUREMENT_JustificationBook_Navy_PB_2018.xml","3bd3375f8dec12f579ffef5deeffb5939924e6b15ffeeee65c067abecc5c9d65","0-5008f75a425f417748f6e3bcbbe626bafb6a54cb87c77a164852fcbfdea001aa","9441-f66d8e0ba299d5c5a77373e09daddd7b19d54d6f219325bd00689f8fa419d01c","root"
"","Other ORDNANCE","","","","","","","","4.24","3.49","3.797","","","","","","","","","","","2018-BASE_PROCUREMENT-2018-NAVY_SHIPBUILDINGANDCOVERSION-U_PROCUREMENT_JustificationBook_Navy_PB_2018.zzz_unzipped-U_PROCUREMENT_JustificationBook_Navy_PB_2018.xml","3bd3375f8dec12f579ffef5deeffb5939924e6b15ffeeee65c067abecc5c9d65","1-2f52080a0b38eb1755c0912a6af77e7c0616bbd80ea4a29be2aa4575dc415a85","9441-f66d8e0ba299d5c5a77373e09daddd7b19d54d6f219325bd00689f8fa419d01c","root"
"","TEST & CERTIFICATIONS, MISC","","","","","","","","","","","5.434","6.844","","","","","","","","","2018-BASE_PROCUREMENT-2018-NAVY_SHIPBUILDINGANDCOVERSION-U_PROCUREMENT_JustificationBook_Navy_PB_2018.zzz_unzipped-U_PROCUREMENT_JustificationBook_Navy_PB_2018.xml","30f05fcd72a912823615127e43b2be8ca570156afc2855adfc6c02323fd91c7d","0-7b3ad00e426a15ab46bf5f0e6d8f7a75c86373e1ed7a27ef3dec660df3a5a55f","9454-181989145bbed0efe10bd892f5b9210386b3700bf1939d934f36335df0a3fddf","root"
"","MISSION SYSTEM ACTIVATION","","","","","","","","","","","","","2.5","2.5","","","","","","","2018-BASE_PROCUREMENT-2018-NAVY_SHIPBUILDINGANDCOVERSION-U_PROCUREMENT_JustificationBook_Navy_PB_2018.zzz_unzipped-U_PROCUREMENT_JustificationBook_Navy_PB_2018.xml","63a199acf2aec9803478e689b99e17d5ba8e6ed8eb7dfb080491db0b111af06e","0-505862741906dee38891992ce0c09f50ec1930ed8d6eb78e1408d23dc1ce4e49","9455-00a71053a7497b690780ea96c8b2d74f9005928654e8326eeb7b397a1a090b8d","root"
"","MISC. ORDNANCE","","2","3","2","2","","","","","169.657","","202.713","","","174.103","166.363","","","","","2018-BASE_PROCUREMENT-2018-NAVY_SHIPBUILDINGANDCOVERSION-U_PROCUREMENT_JustificationBook_Navy_PB_2018.zzz_unzipped-U_PROCUREMENT_JustificationBook_Navy_PB_2018.xml","341c09c4a37bc5105a93194374c2b71f3cdff23a738f04e5629acb1abd33932e","0-469ecf64faad52d0c3be911c114a49eb28bf1f17209c23a342b24d115808244d","9456-aca9dc644a94f8910b244c1fa837d216dc424e1a505b0ce4c5d5630816be901f","root"
"","MISCELLANEOUS ORDNANCE","","","","","","","","","","","22.117","1","","","","","","","","","2018-BASE_PROCUREMENT-2018-NAVY_SHIPBUILDINGANDCOVERSION-U_PROCUREMENT_JustificationBook_Navy_PB_2018.zzz_unzipped-U_PROCUREMENT_JustificationBook_Navy_PB_2018.xml","6c8db8380a911de3d70ef956f133867b9c0a3463851956b9d3521431df0e0e53","0-8c43c7e24ee4aa10ebf931ce31a517125fbad86cc6963f3d48e0299e29e67bd1","9458-ecd5e66eb1454cb7f7a13bbeefce5b084709dbbda52c2a7d6c186285f7a90476","root"
"","Aviation Support","","","","","","","","","","","","","","","","7.745","","","","","2018-BASE_PROCUREMENT-2018-NAVY_SHIPBUILDINGANDCOVERSION-U_PROCUREMENT_JustificationBook_Navy_PB_2018.zzz_unzipped-U_PROCUREMENT_JustificationBook_Navy_PB_2018.xml","3e69140d5f269b4975bbc8a50003ffb903001debb67899638f4fcb5075083df8","0-c678a16211967af90f8d5473d6e5bcdf4c6a104f760faad1a8c6cdf97af15e99","9460-f18602b2a70326982ef32ce2148741c02be862f8be372aa721d93a1a917a2305","root"
"","Miscellaneous Ordnance","","","","","","","","","","","","","","","","2.8","","","","","2018-BASE_PROCUREMENT-2018-NAVY_SHIPBUILDINGANDCOVERSION-U_PROCUREMENT_JustificationBook_Navy_PB_2018.zzz_unzipped-U_PROCUREMENT_JustificationBook_Navy_PB_2018.xml","3e69140d5f269b4975bbc8a50003ffb903001debb67899638f4fcb5075083df8","1-46bc8870e20edcc44eeed83922303aeb25295fbd9ea4f7b1c9c273b46bee0f84","9460-f18602b2a70326982ef32ce2148741c02be862f8be372aa721d93a1a917a2305","root"
"","Total Ship Test Program","","","","","","","","","","","","","","","","10.447","","","","","2018-BASE_PROCUREMENT-2018-NAVY_SHIPBUILDINGANDCOVERSION-U_PROCUREMENT_JustificationBook_Navy_PB_2018.zzz_unzipped-U_PROCUREMENT_JustificationBook_Navy_PB_2018.xml","3e69140d5f269b4975bbc8a50003ffb903001debb67899638f4fcb5075083df8","2-732e8e3449f46e563a4eac7cf11dc50f85a1399ee7df8a84268e5f059816b64c","9460-f18602b2a70326982ef32ce2148741c02be862f8be372aa721d93a1a917a2305","root"
"true","DUAL BAND RADAR (DBR) (SPY-3 AND VOLUME SEARCH RADAR (VSR))","1","","","","","","","486.469","10.948","","","","","","","","","","","","2018-BASE_PROCUREMENT-2018-NAVY_SHIPBUILDINGANDCOVERSION-U_PROCUREMENT_MasterJustificationBook_Navy_PB_2018.zzz_unzipped-U_PROCUREMENT_MasterJustificationBook_Navy_PB_2018.xml","1d7fe1ff3cd4bd81f1f8eadcb8986287a46fef38ba78ae80f3d311ff6e2885f3","0-ccf2b2ed130408f63e8e5ee797206d15c3b2ac36e7f3fd578e0038cadaecf02b","9462-5e740ea8f6c4e458fbe8f2d506322f7b2a79d1e7f81ab15aa2a4d93a26ae9aea","root"
"","Other ORDNANCE","","","","","","","","4.24","3.49","3.797","","","","","","","","","","","2018-BASE_PROCUREMENT-2018-NAVY_SHIPBUILDINGANDCOVERSION-U_PROCUREMENT_MasterJustificationBook_Navy_PB_2018.zzz_unzipped-U_PROCUREMENT_MasterJustificationBook_Navy_PB_2018.xml","1d7fe1ff3cd4bd81f1f8eadcb8986287a46fef38ba78ae80f3d311ff6e2885f3","1-7096ae7affef3328ac90dea408ed4620f5982353d8e23adc79ef2942a6fc7b72","9462-5e740ea8f6c4e458fbe8f2d506322f7b2a79d1e7f81ab15aa2a4d93a26ae9aea","root"
"","TEST & CERTIFICATIONS, MISC","","","","","","","","","","","5.434","6.844","","","","","","","","","2018-BASE_PROCUREMENT-2018-NAVY_SHIPBUILDINGANDCOVERSION-U_PROCUREMENT_MasterJustificationBook_Navy_PB_2018.zzz_unzipped-U_PROCUREMENT_MasterJustificationBook_Navy_PB_2018.xml","39e99632cac232ed4f791a16a1a3a350502b6d8437548761d869aa99726b1c18","0-49c4d3590ebf0d018c4fbbba5744478424c5b0c23cceaf64733847dad6c39d7e","9475-4ddd234793396d57b7b4f3f99b96529a2db31fee3a00d471f254832ef356c057","root"
"","MISSION SYSTEM ACTIVATION","","","","","","","","","","","","","2.5","2.5","","","","","","","2018-BASE_PROCUREMENT-2018-NAVY_SHIPBUILDINGANDCOVERSION-U_PROCUREMENT_MasterJustificationBook_Navy_PB_2018.zzz_unzipped-U_PROCUREMENT_MasterJustificationBook_Navy_PB_2018.xml","cfcd2affcafe58149df6900b5bafde44d10bbb1934842da11d594bb3c352ff90","0-8412c0fda1cb2ab9a76ee25dd927273f6f599159922128b09e2f5f2faef73fd4","9476-9cc0a75ec51ce33063224b770eae5f485a05ecf7fd1960be63b38860f0875e4d","root"
"","MISC. ORDNANCE","","2","3","2","2","","","","","169.657","","202.713","","","174.103","166.363","","","","","2018-BASE_PROCUREMENT-2018-NAVY_SHIPBUILDINGANDCOVERSION-U_PROCUREMENT_MasterJustificationBook_Navy_PB_2018.zzz_unzipped-U_PROCUREMENT_MasterJustificationBook_Navy_PB_2018.xml","e27de6ec9cb638c66ac0b656bccfc8f782bb401590861916fc6bffb8352b5cd2","0-89947f91ac13af78415e79648f6478ca9c6d9e37332a574f46a95db8defb216a","9477-33313086f782ceaf1aba0ca18adb26c4b1e82380a1d1c7499d54e4ff2c1efd8f","root"
"","MISCELLANEOUS ORDNANCE","","","","","","","","","","","22.117","1","","","","","","","","","2018-BASE_PROCUREMENT-2018-NAVY_SHIPBUILDINGANDCOVERSION-U_PROCUREMENT_MasterJustificationBook_Navy_PB_2018.zzz_unzipped-U_PROCUREMENT_MasterJustificationBook_Navy_PB_2018.xml","b6836e8f5cae238b72477d06bd8275a4b5f6643ffb0fbad18a73c25cb2c9b2b2","0-45d2e82ad5ca8f95da4695c6e1590ee5ec1ed3f49abad49e7cef531e03b25009","9479-f724ff8ebb9d329aee6ef7faeb8cc29f8c89d11adcfbe6f721ffb48938a21905","root"
"","Aviation Support","","","","","","","","","","","","","","","","7.745","","","","","2018-BASE_PROCUREMENT-2018-NAVY_SHIPBUILDINGANDCOVERSION-U_PROCUREMENT_MasterJustificationBook_Navy_PB_2018.zzz_unzipped-U_PROCUREMENT_MasterJustificationBook_Navy_PB_2018.xml","2663be4897e8bd7730e68372a57af357002d914757b1cea5272a0fbf7ea89d42","0-b9c9fdb5b623196fb3328d2797a5359fed948ab4c6b1deb7d987d4257abe6c6d","9481-50f1c360f9783701868e3694689566c43e74b63c39f0c80b7451f027d21b38ab","root"
"","Miscellaneous Ordnance","","","","","","","","","","","","","","","","2.8","","","","","2018-BASE_PROCUREMENT-2018-NAVY_SHIPBUILDINGANDCOVERSION-U_PROCUREMENT_MasterJustificationBook_Navy_PB_2018.zzz_unzipped-U_PROCUREMENT_MasterJustificationBook_Navy_PB_2018.xml","2663be4897e8bd7730e68372a57af357002d914757b1cea5272a0fbf7ea89d42","1-aeb76436065bdc35d27d62085d8cec55fc504958aee2ff005d0aca82159c0896","9481-50f1c360f9783701868e3694689566c43e74b63c39f0c80b7451f027d21b38ab","root"
"","Total Ship Test Program","","","","","","","","","","","","","","","","10.447","","","","","2018-BASE_PROCUREMENT-2018-NAVY_SHIPBUILDINGANDCOVERSION-U_PROCUREMENT_MasterJustificationBook_Navy_PB_2018.zzz_unzipped-U_PROCUREMENT_MasterJustificationBook_Navy_PB_2018.xml","2663be4897e8bd7730e68372a57af357002d914757b1cea5272a0fbf7ea89d42","2-1f069bfe11b39b8d8527d39a1b9199877bd2441f4472a975afef4c280c54f960","9481-50f1c360f9783701868e3694689566c43e74b63c39f0c80b7451f027d21b38ab","root"
"true","DUAL BAND RADAR (DBR) (SPY-3 AND VOLUME SEARCH RADAR (VSR))","","","","","","","","","","","10.948","","","","","","","","","","2019-BASE_PROCUREMENT-2019-NAVY_SHIPBUILDINGANDCOVERSION-U_PROCUREMENT_JustificationBook_Navy_PB_2019.zzz_unzipped-U_PROCUREMENT_JustificationBook_Navy_PB_2019.xml","036eab869a099e08a81545eee0f4f7834f7c77ef6dd1087ed8062c6d5b68d43d","0-999fcd82511fa62332f93518232b4a5e7f5a41c1d08d6eaba5d64ebc48020e01","11053-0c999c867a481c791454273ddda5e3ebafb0af72ed21d2a67dc3f87b65b77170","root"
"","Other ORDNANCE","","","","","","","","","","","3.49","","","","","3.797","","","","","2019-BASE_PROCUREMENT-2019-NAVY_SHIPBUILDINGANDCOVERSION-U_PROCUREMENT_JustificationBook_Navy_PB_2019.zzz_unzipped-U_PROCUREMENT_JustificationBook_Navy_PB_2019.xml","036eab869a099e08a81545eee0f4f7834f7c77ef6dd1087ed8062c6d5b68d43d","1-4e6c49c6cdc53f8096ea0adfe2c5cb49194846518e5aef4c73585684d5984ee1","11053-0c999c867a481c791454273ddda5e3ebafb0af72ed21d2a67dc3f87b65b77170","root"
"","TEST & CERTIFICATIONS, MISC","","","","","","","","","","","","","","","8.212","","","","","","2019-BASE_PROCUREMENT-2019-NAVY_SHIPBUILDINGANDCOVERSION-U_PROCUREMENT_JustificationBook_Navy_PB_2019.zzz_unzipped-U_PROCUREMENT_JustificationBook_Navy_PB_2019.xml","3f04422267f18278d5d6f04f107d65e4403280e1024fb698d2f8e9e46d266e01","0-3fe58989d138969d1ad0fb48b14f4aea58e3f0aa361cff1f31d3da42c0a18b88","11066-bb41ea391c6e764654c74f6f0ca4996e4fb1605359e8500f90a2409e1fd54475","root"
"","MISSION SYSTEM ACTIVATION","","","","","","","","2.5","","","","","","","","","2.5","","","","2019-BASE_PROCUREMENT-2019-NAVY_SHIPBUILDINGANDCOVERSION-U_PROCUREMENT_JustificationBook_Navy_PB_2019.zzz_unzipped-U_PROCUREMENT_JustificationBook_Navy_PB_2019.xml","384bbcfb660b583b57aa41ac827b7a4f96349bc3d635569d38c5399e81cf111b","0-170f623fed2586ed9fa9a9781f52cf4f1d8643b2d42db14029aa9ec586dc27ea","11067-9e51d140fce522b6de030375fb2ffca46d7148f2ff83937f62600a9819412841","root"
"","MISC. ORDNANCE","","3","2","2","3","2","","","","214.139","","166.363","","","202.713","169.657","","174.103","","","2019-BASE_PROCUREMENT-2019-NAVY_SHIPBUILDINGANDCOVERSION-U_PROCUREMENT_JustificationBook_Navy_PB_2019.zzz_unzipped-U_PROCUREMENT_JustificationBook_Navy_PB_2019.xml","a1a47c8635cef5e8f1226c963ba3faf740a9814b8e16b8e7235117ff98b853fd","0-f89d30f8a2646d07d6ee7ff45edfd8a399b4a4fcb7f3cf182fe90799ef9b6401","11068-262b05461ea03c701eeaf6c67f5fe5bef07ba0429410ebf04c591583b4d70fd5","root"
"","MISCELLANEOUS ORDNANCE","","","","","","","","","","","","4.851","","","1","","","","","","2019-BASE_PROCUREMENT-2019-NAVY_SHIPBUILDINGANDCOVERSION-U_PROCUREMENT_JustificationBook_Navy_PB_2019.zzz_unzipped-U_PROCUREMENT_JustificationBook_Navy_PB_2019.xml","169bc358bca4dfb8acf7b7efe08e701c479c593f5473f0f5b4ee6d1c0ad679db","0-525a4aca8b56d089315ecb64fdfa6edf72f036c3bb3b59d37e20f892df134100","11070-aff3b57d1f86024e412bde68f6c6b0f2c3b8ce9aa492f3be4c9c8f4648085e06","root"
"","Aviation Support","","","","","","","","","","","","7.745","","","","","","","","","2019-BASE_PROCUREMENT-2019-NAVY_SHIPBUILDINGANDCOVERSION-U_PROCUREMENT_JustificationBook_Navy_PB_2019.zzz_unzipped-U_PROCUREMENT_JustificationBook_Navy_PB_2019.xml","a4d7133e03bdb92eeb03e048445944f1304841c5b4b94ac0cf2aed06ecdd0c8c","0-3c8fc6697cd424bc81cdcaea62b728d15470de558b61da3cb11cc15fdf4dd0ce","11072-52a9e8603f4166cb7f40e6e1005853c55ab3b7f35aaa8d722fc7caea50d48134","root"
"","Miscellaneous Ordnance","","","","","","","","","","","","2.8","","","","","","","","","2019-BASE_PROCUREMENT-2019-NAVY_SHIPBUILDINGANDCOVERSION-U_PROCUREMENT_JustificationBook_Navy_PB_2019.zzz_unzipped-U_PROCUREMENT_JustificationBook_Navy_PB_2019.xml","a4d7133e03bdb92eeb03e048445944f1304841c5b4b94ac0cf2aed06ecdd0c8c","1-2054ce4e821b5748c68db7e1b23ef0193cc75a2a2db5727eafcc5d7893832157","11072-52a9e8603f4166cb7f40e6e1005853c55ab3b7f35aaa8d722fc7caea50d48134","root"
"","Total Ship Test Program","","","","","","","","","","","","10.447","","","","","","","","","2019-BASE_PROCUREMENT-2019-NAVY_SHIPBUILDINGANDCOVERSION-U_PROCUREMENT_JustificationBook_Navy_PB_2019.zzz_unzipped-U_PROCUREMENT_JustificationBook_Navy_PB_2019.xml","a4d7133e03bdb92eeb03e048445944f1304841c5b4b94ac0cf2aed06ecdd0c8c","2-2fed2878e0844b3d89751cc92a488647df8d2c5c93a92dd71de0628bc7447588","11072-52a9e8603f4166cb7f40e6e1005853c55ab3b7f35aaa8d722fc7caea50d48134","root"
"true","DUAL BAND RADAR (DBR) (SPY-3 AND VOLUME SEARCH RADAR (VSR))","","","","","","","","","","","10.948","","","","","","","","","","2019-BASE_PROCUREMENT-2019-NAVY_SHIPBUILDINGANDCOVERSION-U_PROCUREMENT_MasterJustificationBook_Navy_PB_2019.zzz_unzipped-U_PROCUREMENT_MasterJustificationBook_Navy_PB_2019.xml","a9fbe5c21ca9d712d778740a9c71a88aeca9364f2ca88ca90b8d87825b9fbafd","0-220681bf11cd7235ba449c51b76000b318084cebf67c6ef6cd867a0cd8fc83d8","11074-f09910203123b42f48a9c4bc407185aafcb940d84c9ce7d0ab693fdbe4507e91","root"
"","Other ORDNANCE","","","","","","","","","","","3.49","","","","","3.797","","","","","2019-BASE_PROCUREMENT-2019-NAVY_SHIPBUILDINGANDCOVERSION-U_PROCUREMENT_MasterJustificationBook_Navy_PB_2019.zzz_unzipped-U_PROCUREMENT_MasterJustificationBook_Navy_PB_2019.xml","a9fbe5c21ca9d712d778740a9c71a88aeca9364f2ca88ca90b8d87825b9fbafd","1-de2e1c13586e546a737dccf6aa470194a233c3feb4cbae52c0d6457c281fbb40","11074-f09910203123b42f48a9c4bc407185aafcb940d84c9ce7d0ab693fdbe4507e91","root"
"","TEST & CERTIFICATIONS, MISC","","","","","","","","","","","","","","","8.212","","","","","","2019-BASE_PROCUREMENT-2019-NAVY_SHIPBUILDINGANDCOVERSION-U_PROCUREMENT_MasterJustificationBook_Navy_PB_2019.zzz_unzipped-U_PROCUREMENT_MasterJustificationBook_Navy_PB_2019.xml","8e712934068abd23958514556a25c137e290832dbeb92748a5baadb930834b13","0-6d3989aa2ed405aa682449f039a860138d59636d19a7819bda84ec2df2fac3b0","11087-147c38bf19deefd1a5e1d7aebb723b097a36140d87922bc2ec82f3ba65c415e7","root"
"","MISSION SYSTEM ACTIVATION","","","","","","","","2.5","","","","","","","","","2.5","","","","2019-BASE_PROCUREMENT-2019-NAVY_SHIPBUILDINGANDCOVERSION-U_PROCUREMENT_MasterJustificationBook_Navy_PB_2019.zzz_unzipped-U_PROCUREMENT_MasterJustificationBook_Navy_PB_2019.xml","eb65c52dd93ce16c20d00a7266f3d388040779562cbb7747c2c0d892437bc207","0-9f4c1774ad8e5af85d16b9780c33dc5d1f6a998d3b8e6e43a348ec0eee3071db","11088-b95d8d878fda9e656a0e452e0eb313ca79960d7ffa1ebbfde5ebd4e93d1d2ace","root"
"","MISC. ORDNANCE","","3","2","2","3","2","","","","214.139","","166.363","","","202.713","169.657","","174.103","","","2019-BASE_PROCUREMENT-2019-NAVY_SHIPBUILDINGANDCOVERSION-U_PROCUREMENT_MasterJustificationBook_Navy_PB_2019.zzz_unzipped-U_PROCUREMENT_MasterJustificationBook_Navy_PB_2019.xml","7ccb09e5aa0dcd2ff656bb6257f40762290470295a3462fc198202ddc187b82f","0-93ea733976e16f23b026a0c22a57c487f570643916dc5553079700382d41daa2","11089-deb6365b6a2e717a23075ed75f9ab35213c130fa2278e8d1d57458f5ec73d58a","root"
"","MISCELLANEOUS ORDNANCE","","","","","","","","","","","","4.851","","","1","","","","","","2019-BASE_PROCUREMENT-2019-NAVY_SHIPBUILDINGANDCOVERSION-U_PROCUREMENT_MasterJustificationBook_Navy_PB_2019.zzz_unzipped-U_PROCUREMENT_MasterJustificationBook_Navy_PB_2019.xml","14191acf83148e2c874d70c0ea032878d423d04892e841aeca18c4529a27d12b","0-90f5e727cfb5ecd299682872909ef6036b13fc0fb1c5309626b8c0ba9a1093dc","11091-fea2c80138ee85820eb55dbce5ab039115684e1132b544e04a1bbd0ee363323c","root"
"","Aviation Support","","","","","","","","","","","","7.745","","","","","","","","","2019-BASE_PROCUREMENT-2019-NAVY_SHIPBUILDINGANDCOVERSION-U_PROCUREMENT_MasterJustificationBook_Navy_PB_2019.zzz_unzipped-U_PROCUREMENT_MasterJustificationBook_Navy_PB_2019.xml","651aa59353d9c137c7c7ed7efa2f74bb1e3d8f4c6ed3eced3278e337253be7e6","0-36d9725b5aaa2f6d717ba39cc816f3d35d03233722ebd71691115491a6c20bc3","11093-3a7720f40aea8b99d8b8f25202ce604f2f685810c2b455f8ee37ecbda04a4a0c","root"
"","Miscellaneous Ordnance","","","","","","","","","","","","2.8","","","","","","","","","2019-BASE_PROCUREMENT-2019-NAVY_SHIPBUILDINGANDCOVERSION-U_PROCUREMENT_MasterJustificationBook_Navy_PB_2019.zzz_unzipped-U_PROCUREMENT_MasterJustificationBook_Navy_PB_2019.xml","651aa59353d9c137c7c7ed7efa2f74bb1e3d8f4c6ed3eced3278e337253be7e6","1-ccdf6febf9832c88852ff960b8a22e6dbfa77703cdca61143c8bab4b2f9c4d39","11093-3a7720f40aea8b99d8b8f25202ce604f2f685810c2b455f8ee37ecbda04a4a0c","root"
"","Total Ship Test Program","","","","","","","","","","","","10.447","","","","","","","","","2019-BASE_PROCUREMENT-2019-NAVY_SHIPBUILDINGANDCOVERSION-U_PROCUREMENT_MasterJustificationBook_Navy_PB_2019.zzz_unzipped-U_PROCUREMENT_MasterJustificationBook_Navy_PB_2019.xml","651aa59353d9c137c7c7ed7efa2f74bb1e3d8f4c6ed3eced3278e337253be7e6","2-3b239541ada0ff4656f03aafe01d01159654d86043c88c5450b6d88603e07aa1","11093-3a7720f40aea8b99d8b8f25202ce604f2f685810c2b455f8ee37ecbda04a4a0c","root"
"true","DUAL BAND RADAR (DBR) (SPY-3 AND VOLUME SEARCH RADAR (VSR))","","","","","","","","","","","","","","","","","","","10.948","","2020-BASE_PROCUREMENT-2020-NAVY_SHIPBUILDINGANDCOVERSION-U_PROCUREMENT_JustificationBook_Navy_PB_2020.zzz_unzipped-U_PROCUREMENT_JustificationBook_Navy_PB_2020.xml","32504ad2a7e688527244f05aaddd99f674ca8968fcba75209474740d4df46dfa","0-49b717a21bebc2eb8a410ba45488480aaf71c4ed0211475dcfe47272c7f95c23","12613-afffd3e516e93ffde09e465904cbe23d57a1c1cc33bfa01b23fea7d992f8de0d","root"
"","Other ORDNANCE","","","","","","","","","","2.726","","3.797","","","","","","","3.287","","2020-BASE_PROCUREMENT-2020-NAVY_SHIPBUILDINGANDCOVERSION-U_PROCUREMENT_JustificationBook_Navy_PB_2020.zzz_unzipped-U_PROCUREMENT_JustificationBook_Navy_PB_2020.xml","32504ad2a7e688527244f05aaddd99f674ca8968fcba75209474740d4df46dfa","1-7e6ac10a6ada9ed9a274c6220e04d43015dd09fb78c15f36b5a6e98204492099","12613-afffd3e516e93ffde09e465904cbe23d57a1c1cc33bfa01b23fea7d992f8de0d","root"
"","Aviation Support","","","","","","","","","","","","","","","7.745","","","","","","2020-BASE_PROCUREMENT-2020-NAVY_SHIPBUILDINGANDCOVERSION-U_PROCUREMENT_JustificationBook_Navy_PB_2020.zzz_unzipped-U_PROCUREMENT_JustificationBook_Navy_PB_2020.xml","a30fb163f04d29291638d311bbf03be8dc48823cfa05a2f328112ff44f545d50","0-58b9a4860be9e93ed8b8ed9a7b1b1d23dc3008216d0f75fceb5e51392e757e1b","12614-2f9a9515e58445f33859f902cbfcb01b317e7b265b1242f451608a880226e635","root"
"","Miscellaneous Ordnance","","","","","","","","","","","","","","","2.8","","","","","","2020-BASE_PROCUREMENT-2020-NAVY_SHIPBUILDINGANDCOVERSION-U_PROCUREMENT_JustificationBook_Navy_PB_2020.zzz_unzipped-U_PROCUREMENT_JustificationBook_Navy_PB_2020.xml","a30fb163f04d29291638d311bbf03be8dc48823cfa05a2f328112ff44f545d50","1-7eee76cec00656fbf1473cf2395e3fab74ad0a153c1558595ae0dd698d8b3500","12614-2f9a9515e58445f33859f902cbfcb01b317e7b265b1242f451608a880226e635","root"
"","Total Ship Test Program","","","","","","","","","","","","","","","10.447","","","","","","2020-BASE_PROCUREMENT-2020-NAVY_SHIPBUILDINGANDCOVERSION-U_PROCUREMENT_JustificationBook_Navy_PB_2020.zzz_unzipped-U_PROCUREMENT_JustificationBook_Navy_PB_2020.xml","a30fb163f04d29291638d311bbf03be8dc48823cfa05a2f328112ff44f545d50","2-42fa35e4cbaf09c74c566b8ff5d55ae101693012cb753c1ac1ca0f0871d6c3c0","12614-2f9a9515e58445f33859f902cbfcb01b317e7b265b1242f451608a880226e635","root"
"","MISCELLANEOUS ORDNANCE","","","","","","","","","","","","","","","19.736","","","6.358","","","2020-BASE_PROCUREMENT-2020-NAVY_SHIPBUILDINGANDCOVERSION-U_PROCUREMENT_JustificationBook_Navy_PB_2020.zzz_unzipped-U_PROCUREMENT_JustificationBook_Navy_PB_2020.xml","61c75f4854ca92250e7faa2931112113ac0649a293e0256c0de12704ee4d411a","0-c9e4322c620b7c9dababf9fe940c396dda826c9864769fe0a340dc5e94cfe91b","12616-1c961421801a6f8e829c3df93a5aa14dc590ed201676cd9ee2f4d014ee14fdf2","root"
"","TEST & CERTIFICATIONS, MISC","","","","","","","","","","3.796","","","","","","","","5.894","","","2020-BASE_PROCUREMENT-2020-NAVY_SHIPBUILDINGANDCOVERSION-U_PROCUREMENT_JustificationBook_Navy_PB_2020.zzz_unzipped-U_PROCUREMENT_JustificationBook_Navy_PB_2020.xml","79df57bc99fb77f6f94f2d8202847567fc765bce66445ff4e4e663760799e6e1","0-e3891592fe71eab8fa7fc0242a6dfab3d4a101e0e3362f4ab31e0449fcfcedc3","12629-d437af89ac6f8c25d6ecfbc801e604d501d529c12bd1dc366b891543f0e95692","root"
"","MISSION SYSTEM ACTIVATION","","","","","","","","","","","","","2.5","","","","","","","2.5","2020-BASE_PROCUREMENT-2020-NAVY_SHIPBUILDINGANDCOVERSION-U_PROCUREMENT_JustificationBook_Navy_PB_2020.zzz_unzipped-U_PROCUREMENT_JustificationBook_Navy_PB_2020.xml","8644d6cf0ff072d3154c0109223402de2d9d8f52cc878b156fc73009c9601119","0-a92b1f4763454fbbb1b44555ba77cc4a12b810da4024af6568524bbb8c6cf4f1","12630-9354439ebb2ec647296aa4fc5eb5e04aa7b2df5161cde450e2ba90c91a8ab6f8","root"
"","MISC. ORDNANCE","","2","2","3","3","3","2","","174.103","195.521","","159.122","","","166.363","198.721","","202.713","","","2020-BASE_PROCUREMENT-2020-NAVY_SHIPBUILDINGANDCOVERSION-U_PROCUREMENT_JustificationBook_Navy_PB_2020.zzz_unzipped-U_PROCUREMENT_JustificationBook_Navy_PB_2020.xml","f88449ebd51dedd31a2638fdba5e14252aa210ecf7ac5ea8d1c24b9a55389b12","0-f17e4bd19973c31e3323e5508ea91827d00e728d6b22b83bd6c2625767ca813d","12631-5325f347505873649a7634a337fc8f05321d991aad48a73f5db7a04583107a99","root"
"","Other Ordnance","","","","","1","","","","","0.55","","","","","","","","","","","2020-BASE_PROCUREMENT-2020-NAVY_SHIPBUILDINGANDCOVERSION-U_PROCUREMENT_JustificationBook_Navy_PB_2020.zzz_unzipped-U_PROCUREMENT_JustificationBook_Navy_PB_2020.xml","c28c27813a2cf7ded6b86fcbf9224130d193279ad60a95d269b6367bacde8fe9","0-0f45db9d9bb32359a865a29e889d905f5352ab55ad3f89fb5b90b9172c138425","12633-dc4dccb7e8320aa27c1c6938b0ffc06eee23e792658ae5097060d131cdfb938c","root"
"","MISCELLANEOUS ORDNANCE","","","","","","","","","","","","11.61","","","","","","","","","2020-BASE_PROCUREMENT-2020-NAVY_SHIPBUILDINGANDCOVERSION-U_PROCUREMENT_JustificationBook_Navy_PB_2020.zzz_unzipped-U_PROCUREMENT_JustificationBook_Navy_PB_2020.xml","9c168386c667ef3d36f81563d2d4cc8667e0a613f9f857e619b298d98031ffd5","0-55fc90f73a1e7167600ebdbd379b7faeea76231dc07660aa2eaf9866f9fd8020","12634-55242a70b0c3c9d8922004f43514e0d950b6476e7aeb406d35b5dc9ab9a5a265","root"
"true","DUAL BAND RADAR (DBR) (SPY-3 AND VOLUME SEARCH RADAR (VSR))","","","","","","","","","","","","","","","","","","","10.948","","2020-BASE_PROCUREMENT-2020-NAVY_SHIPBUILDINGANDCOVERSION-U_PROCUREMENT_MasterJustificationBook_Navy_PB_2020.zzz_unzipped-U_PROCUREMENT_MasterJustificationBook_Navy_PB_2020.xml","d143fe01a081a0f255f6aad559f7bd427f9f1cc2ecd779a7e68acdbdf10f5453","0-f93458153a18c6bd8c8e3a70b26df23855da4d75a265719a26cc4f681adda619","12637-89dfaeacdda9bdd78ce1b5722e5a6c259b7692a81e370234ba4a1e949ef434d2","root"
"","Other ORDNANCE","","","","","","","","","","2.726","","3.797","","","","","","","3.287","","2020-BASE_PROCUREMENT-2020-NAVY_SHIPBUILDINGANDCOVERSION-U_PROCUREMENT_MasterJustificationBook_Navy_PB_2020.zzz_unzipped-U_PROCUREMENT_MasterJustificationBook_Navy_PB_2020.xml","d143fe01a081a0f255f6aad559f7bd427f9f1cc2ecd779a7e68acdbdf10f5453","1-171adda13323475afee70d5ff945c7b0292eb22d2c6c6d7a71b8240c0bf103d5","12637-89dfaeacdda9bdd78ce1b5722e5a6c259b7692a81e370234ba4a1e949ef434d2","root"
"","Aviation Support","","","","","","","","","","","","","","","7.745","","","","","","2020-BASE_PROCUREMENT-2020-NAVY_SHIPBUILDINGANDCOVERSION-U_PROCUREMENT_MasterJustificationBook_Navy_PB_2020.zzz_unzipped-U_PROCUREMENT_MasterJustificationBook_Navy_PB_2020.xml","1bf2304bf6786187c63030b5e02bf99a3fe02fecfde1e3c616fb0ae51dbeb198","0-b0b9d564503e0691b7f0fb65ee83efb30cadfbcab12a3a25a4f8c05184d8268d","12638-091113f2430956f7ff1ab56846b288f5018f89c7f7bb9ff8d01d9ac31a566bcd","root"
"","Miscellaneous Ordnance","","","","","","","","","","","","","","","2.8","","","","","","2020-BASE_PROCUREMENT-2020-NAVY_SHIPBUILDINGANDCOVERSION-U_PROCUREMENT_MasterJustificationBook_Navy_PB_2020.zzz_unzipped-U_PROCUREMENT_MasterJustificationBook_Navy_PB_2020.xml","1bf2304bf6786187c63030b5e02bf99a3fe02fecfde1e3c616fb0ae51dbeb198","1-7f5342ad313ea396479143e11bda7e6de2b92b5e32eb860139a0088139e446c7","12638-091113f2430956f7ff1ab56846b288f5018f89c7f7bb9ff8d01d9ac31a566bcd","root"
"","Total Ship Test Program","","","","","","","","","","","","","","","10.447","","","","","","2020-BASE_PROCUREMENT-2020-NAVY_SHIPBUILDINGANDCOVERSION-U_PROCUREMENT_MasterJustificationBook_Navy_PB_2020.zzz_unzipped-U_PROCUREMENT_MasterJustificationBook_Navy_PB_2020.xml","1bf2304bf6786187c63030b5e02bf99a3fe02fecfde1e3c616fb0ae51dbeb198","2-6a6166a9a4ea59cbaa2c3903f7bff59f0a4a7c1071201ed4493263834116c0d9","12638-091113f2430956f7ff1ab56846b288f5018f89c7f7bb9ff8d01d9ac31a566bcd","root"
"","MISCELLANEOUS ORDNANCE","","","","","","","","","","","","","","","19.736","","","6.358","","","2020-BASE_PROCUREMENT-2020-NAVY_SHIPBUILDINGANDCOVERSION-U_PROCUREMENT_MasterJustificationBook_Navy_PB_2020.zzz_unzipped-U_PROCUREMENT_MasterJustificationBook_Navy_PB_2020.xml","e131c0f9c0cddd147c5f2a5af285d5a65223c9ab0a8e83cb610b0d4ae369c030","0-98a9d561cdfeabb2bef27b734d942293b023dc33b0ad516d179f58c6cdcd6d82","12640-6e06b28db9df819259c00f2324753469d7aa919052ee9eeffda7ccf8bb25a906","root"
"","TEST & CERTIFICATIONS, MISC","","","","","","","","","","3.796","","","","","","","","5.894","","","2020-BASE_PROCUREMENT-2020-NAVY_SHIPBUILDINGANDCOVERSION-U_PROCUREMENT_MasterJustificationBook_Navy_PB_2020.zzz_unzipped-U_PROCUREMENT_MasterJustificationBook_Navy_PB_2020.xml","53454ed154816f70057095a6ea7a42707220b000004458bda908b6e9eea36312","0-fe3076e94b94d4f4ff7bc19943475ce75a4733927f4bb1322c8eb1382631ac64","12653-c209b317233a74bbbce27f175cbaee75c8150d838709f9c517e40b0c8b6704cb","root"
"","MISSION SYSTEM ACTIVATION","","","","","","","","","","","","","2.5","","","","","","","2.5","2020-BASE_PROCUREMENT-2020-NAVY_SHIPBUILDINGANDCOVERSION-U_PROCUREMENT_MasterJustificationBook_Navy_PB_2020.zzz_unzipped-U_PROCUREMENT_MasterJustificationBook_Navy_PB_2020.xml","fa505ec92f383fcc1ed15c617e66a7a22b7d4afe96a0183b867c4406bbfec040","0-499b1cc5b9ac5c44c26fb9d7cf0f4bb0012b3ce7f136c18ca7496ca46a35b901","12654-8190ae3fc97982f7b4a98c560cf84d0034b507516a96aa4a1b74cabc53f7ee0d","root"
"","MISC. ORDNANCE","","2","2","3","3","3","2","","174.103","195.521","","159.122","","","166.363","198.721","","202.713","","","2020-BASE_PROCUREMENT-2020-NAVY_SHIPBUILDINGANDCOVERSION-U_PROCUREMENT_MasterJustificationBook_Navy_PB_2020.zzz_unzipped-U_PROCUREMENT_MasterJustificationBook_Navy_PB_2020.xml","5f09bad83be8d9935dfb8fbbbac4473f946bb03e639a64a10be47789f49d0473","0-f5a2051d7ae4ab7254500d1a9438ab792216daa8a8c838aa16d7f7b2df1065f7","12655-f6943fb432796521157e329dfda21d5c18d0038bb0cbad9333afc6f98c24eefd","root"
"","Other Ordnance","","","","","1","","","","","0.55","","","","","","","","","","","2020-BASE_PROCUREMENT-2020-NAVY_SHIPBUILDINGANDCOVERSION-U_PROCUREMENT_MasterJustificationBook_Navy_PB_2020.zzz_unzipped-U_PROCUREMENT_MasterJustificationBook_Navy_PB_2020.xml","e8fe4dd5e0be95240e0d086c5a917adf6e4464ec266a3ea1db82e27107e162d0","0-6b46ab0047fac35a329412d21a1e067de6d6a0b536b713f13914866255bb5f70","12657-f886a9d5cbd4622272be0602a883d4d54724dca1c49104f245626d2711b5c1f0","root"
"","MISCELLANEOUS ORDNANCE","","","","","","","","","","","","11.61","","","","","","","","","2020-BASE_PROCUREMENT-2020-NAVY_SHIPBUILDINGANDCOVERSION-U_PROCUREMENT_MasterJustificationBook_Navy_PB_2020.zzz_unzipped-U_PROCUREMENT_MasterJustificationBook_Navy_PB_2020.xml","fede88ab6e4790d85bb219ffaa3eb2a124927ee5b9d8867aa75a8d6481dc6908","0-6050bb63fca8d2c3542573eb4dbd2075fe1be377a6a39c3e67deb4d51fd68254","12658-d7942afba9c0ef23e98f05f01bf60507fe1b7f7be5ba66e31937faad06448b78","root"
