@isSignificant,Title_val,Costs_Quantity_PriorYearNine_val,Costs_Quantity_PriorYearTwo_val,Costs_Quantity_PriorYear_val,Costs_Quantity_CurrentYear_val,Costs_Quantity_BudgetYearOne_val,Costs_Quantity_PriorYearThree_val,Costs_Quantity_PriorYearFour_val,Costs_TotalCost_PriorYearNine_val,Costs_TotalCost_PriorYearFour_val,Costs_TotalCost_BudgetYearOne_val,Costs_TotalCost_PriorYearFive_val,Costs_TotalCost_PriorYear_val,Costs_TotalCost_PriorYearTen_val,Costs_TotalCost_PriorYearEight_val,Costs_TotalCost_PriorYearTwo_val,Costs_TotalCost_CurrentYear_val,Costs_TotalCost_PriorYearEleven_val,Costs_TotalCost_PriorYearThree_val,Costs_TotalCost_PriorYearSix_val,Costs_TotalCost_PriorYearTwelve_val,@SOURCE_FILENAME,@RECORDID,@ROWID,@PARENTROWID,@PARENT
"true","DUAL BAND RADAR (DBR) (SPY-3 AND VOLUME SEARCH RADAR (VSR))","1","","","","","","","486.469","10.948","","","","","","","","","","","","2018-BASE_PROCUREMENT-2018-NAVY_SHIPBUILDINGANDCOVERSION-U_PROCUREMENT_JustificationBook_Navy_PB_2018.zzz_unzipped-U_PROCUREMENT_JustificationBook_Navy_PB_2018.xml","3bd3375f8dec12f579ffef5deeffb5939924e6b15ffeeee65c067abecc5c9d65","0-4b28d9570a4c486c531bf656579c6dda13493d944d7698099a02e2ef50bcd597","9441-f8e01e63fd458c07476976aec50e1680ddc982483c078fad193d4edfeaca7748","root"
"","Other ORDNANCE","","","","","","","","4.24","3.49","3.797","","","","","","","","","","","2018-BASE_PROCUREMENT-2018-NAVY_SHIPBUILDINGANDCOVERSION-U_PROCUREMENT_JustificationBook_Navy_PB_2018.zzz_unzipped-U_PROCUREMENT_JustificationBook_Navy_PB_2018.xml","3bd3375f8dec12f579ffef5deeffb5939924e6b15ffeeee65c067abecc5c9d65","1-f5c4d15b1258955d3861742b439947632c212748b2fbd78d649f98d4274804ad","9441-f8e01e63fd458c07476976aec50e1680ddc982483c078fad193d4edfeaca7748","root"
"","TEST & CERTIFICATIONS, MISC","","","","","","","","","","","5.434","6.844","","","","","","","","","2018-BASE_PROCUREMENT-2018-NAVY_SHIPBUILDINGANDCOVERSION-U_PROCUREMENT_JustificationBook_Navy_PB_2018.zzz_unzipped-U_PROCUREMENT_JustificationBook_Navy_PB_2018.xml","30f05fcd72a912823615127e43b2be8ca570156afc2855adfc6c02323fd91c7d","0-ec69d117559dc33e462dfa58e4e50c5f076614c5cb5cba352e0aca69365b374c","9454-0a9ba165a1c191585e53a8adbc451f966006a48128787ba028a2ab0767594fe5","root"
"","MISSION SYSTEM ACTIVATION","","","","","","","","","","","","","2.5","2.5","","","","","","","2018-BASE_PROCUREMENT-2018-NAVY_SHIPBUILDINGANDCOVERSION-U_PROCUREMENT_JustificationBook_Navy_PB_2018.zzz_unzipped-U_PROCUREMENT_JustificationBook_Navy_PB_2018.xml","63a199acf2aec9803478e689b99e17d5ba8e6ed8eb7dfb080491db0b111af06e","0-4aae46112a640a5a096216e50e7e450e5c5682ee1e7b6b9d5b4c448f37138471","9455-7f5ce97021f0474ce0df0f63d7df4473dd6594a6e8832b2e5711660d3d1f1f1a","root"
"","MISC. ORDNANCE","","2","3","2","2","","","","","169.657","","202.713","","","174.103","166.363","","","","","2018-BASE_PROCUREMENT-2018-NAVY_SHIPBUILDINGANDCOVERSION-U_PROCUREMENT_JustificationBook_Navy_PB_2018.zzz_unzipped-U_PROCUREMENT_JustificationBook_Navy_PB_2018.xml","341c09c4a37bc5105a93194374c2b71f3cdff23a738f04e5629acb1abd33932e","0-ea54444666bbe2e7a4585b9ae86c34be3346b38af6acec2f178ed50958e6c8e2","9456-253f06b5da3e45776807e870b30b770a981fe2058815216379550864bd6793d2","root"
"","MISCELLANEOUS ORDNANCE","","","","","","","","","","","22.117","1","","","","","","","","","2018-BASE_PROCUREMENT-2018-NAVY_SHIPBUILDINGANDCOVERSION-U_PROCUREMENT_JustificationBook_Navy_PB_2018.zzz_unzipped-U_PROCUREMENT_JustificationBook_Navy_PB_2018.xml","6c8db8380a911de3d70ef956f133867b9c0a3463851956b9d3521431df0e0e53","0-e8ff50ddcbca8525244c43a570ff696a211fcd0e09029d607e9d3b723ff9a99d","9458-97ed1a36ac6cb67fd39a1503bb6c97b5c0565c05fddfc97ede3be0a3aa022500","root"
"","Aviation Support","","","","","","","","","","","","","","","","7.745","","","","","2018-BASE_PROCUREMENT-2018-NAVY_SHIPBUILDINGANDCOVERSION-U_PROCUREMENT_JustificationBook_Navy_PB_2018.zzz_unzipped-U_PROCUREMENT_JustificationBook_Navy_PB_2018.xml","3e69140d5f269b4975bbc8a50003ffb903001debb67899638f4fcb5075083df8","0-036008c20d34506835ec6b4f2ba1b9bbdc9b508016c953b2a357f1190f0c8800","9460-4747fd4a64740e9106ad00ccd57c3ece1e4b1297fbf0c3930803af3683d5b997","root"
"","Miscellaneous Ordnance","","","","","","","","","","","","","","","","2.8","","","","","2018-BASE_PROCUREMENT-2018-NAVY_SHIPBUILDINGANDCOVERSION-U_PROCUREMENT_JustificationBook_Navy_PB_2018.zzz_unzipped-U_PROCUREMENT_JustificationBook_Navy_PB_2018.xml","3e69140d5f269b4975bbc8a50003ffb903001debb67899638f4fcb5075083df8","1-2f428aabec5efb46b56b1980a9a29b3eec5b82d41209012241f33093733c23a7","9460-4747fd4a64740e9106ad00ccd57c3ece1e4b1297fbf0c3930803af3683d5b997","root"
"","Total Ship Test Program","","","","","","","","","","","","","","","","10.447","","","","","2018-BASE_PROCUREMENT-2018-NAVY_SHIPBUILDINGANDCOVERSION-U_PROCUREMENT_JustificationBook_Navy_PB_2018.zzz_unzipped-U_PROCUREMENT_JustificationBook_Navy_PB_2018.xml","3e69140d5f269b4975bbc8a50003ffb903001debb67899638f4fcb5075083df8","2-95fecf1f8308e0f7225a55fcdf60f3a861f5c1829d4a73eeeda06c53a7f7faf4","9460-4747fd4a64740e9106ad00ccd57c3ece1e4b1297fbf0c3930803af3683d5b997","root"
"true","DUAL BAND RADAR (DBR) (SPY-3 AND VOLUME SEARCH RADAR (VSR))","1","","","","","","","486.469","10.948","","","","","","","","","","","","2018-BASE_PROCUREMENT-2018-NAVY_SHIPBUILDINGANDCOVERSION-U_PROCUREMENT_MasterJustificationBook_Navy_PB_2018.zzz_unzipped-U_PROCUREMENT_MasterJustificationBook_Navy_PB_2018.xml","1d7fe1ff3cd4bd81f1f8eadcb8986287a46fef38ba78ae80f3d311ff6e2885f3","0-00b80d6f9d43737e7329bec368445033f328c1e88463eb3852e233505c1dd117","9462-aa35935785146cdadd3a9cfe5162f56ec6fed8f599ddd297bd4d86b51d0a8428","root"
"","Other ORDNANCE","","","","","","","","4.24","3.49","3.797","","","","","","","","","","","2018-BASE_PROCUREMENT-2018-NAVY_SHIPBUILDINGANDCOVERSION-U_PROCUREMENT_MasterJustificationBook_Navy_PB_2018.zzz_unzipped-U_PROCUREMENT_MasterJustificationBook_Navy_PB_2018.xml","1d7fe1ff3cd4bd81f1f8eadcb8986287a46fef38ba78ae80f3d311ff6e2885f3","1-3746e2e2656d2e7e49cc9a027cbb30332da0c11ad22e99ce22766de63fc03d1c","9462-aa35935785146cdadd3a9cfe5162f56ec6fed8f599ddd297bd4d86b51d0a8428","root"
"","TEST & CERTIFICATIONS, MISC","","","","","","","","","","","5.434","6.844","","","","","","","","","2018-BASE_PROCUREMENT-2018-NAVY_SHIPBUILDINGANDCOVERSION-U_PROCUREMENT_MasterJustificationBook_Navy_PB_2018.zzz_unzipped-U_PROCUREMENT_MasterJustificationBook_Navy_PB_2018.xml","39e99632cac232ed4f791a16a1a3a350502b6d8437548761d869aa99726b1c18","0-4c737eea90b59adf94a4ed7a6af09bca4d77e9e3d76e6fc44d84e8ea7c201c63","9475-055a9d40fc826ba45f41bb7f73c42cdf69d64de129d390d5fe3fac5ea91bbf3a","root"
"","MISSION SYSTEM ACTIVATION","","","","","","","","","","","","","2.5","2.5","","","","","","","2018-BASE_PROCUREMENT-2018-NAVY_SHIPBUILDINGANDCOVERSION-U_PROCUREMENT_MasterJustificationBook_Navy_PB_2018.zzz_unzipped-U_PROCUREMENT_MasterJustificationBook_Navy_PB_2018.xml","cfcd2affcafe58149df6900b5bafde44d10bbb1934842da11d594bb3c352ff90","0-e50c0971f22f79630ba1359cfe22d923a8300fc1b1dbd085e99b549e79827666","9476-40986c31827bcad0522c0e1609bc2881d512b243462b911eab6919c780d64224","root"
"","MISC. ORDNANCE","","2","3","2","2","","","","","169.657","","202.713","","","174.103","166.363","","","","","2018-BASE_PROCUREMENT-2018-NAVY_SHIPBUILDINGANDCOVERSION-U_PROCUREMENT_MasterJustificationBook_Navy_PB_2018.zzz_unzipped-U_PROCUREMENT_MasterJustificationBook_Navy_PB_2018.xml","e27de6ec9cb638c66ac0b656bccfc8f782bb401590861916fc6bffb8352b5cd2","0-f5a201510eae8bbf0d18a00418fb08e51d2aa962f92382c3987be01a682a4a90","9477-669afc5c819137fac732c570aa45ed90f4259e011425cfedf0699463cd0eb202","root"
"","MISCELLANEOUS ORDNANCE","","","","","","","","","","","22.117","1","","","","","","","","","2018-BASE_PROCUREMENT-2018-NAVY_SHIPBUILDINGANDCOVERSION-U_PROCUREMENT_MasterJustificationBook_Navy_PB_2018.zzz_unzipped-U_PROCUREMENT_MasterJustificationBook_Navy_PB_2018.xml","b6836e8f5cae238b72477d06bd8275a4b5f6643ffb0fbad18a73c25cb2c9b2b2","0-2dbb4eca28edb330d12e24799f120cd03890074aaaa8dc62fb014feecd84e1de","9479-9c0ae7aca12c45d7ca59f97a04d456bda04129f16ab97ec3aa59d899ed347a0a","root"
"","Aviation Support","","","","","","","","","","","","","","","","7.745","","","","","2018-BASE_PROCUREMENT-2018-NAVY_SHIPBUILDINGANDCOVERSION-U_PROCUREMENT_MasterJustificationBook_Navy_PB_2018.zzz_unzipped-U_PROCUREMENT_MasterJustificationBook_Navy_PB_2018.xml","2663be4897e8bd7730e68372a57af357002d914757b1cea5272a0fbf7ea89d42","0-f16470e3237c0d5f92ad4cd072b38374af809d616bd6b52bc09684e701e9f5ec","9481-bb57bd7a48d427300330cfa5f4cc88fbc2b622e07d1fce0a3babc13879f6bb81","root"
"","Miscellaneous Ordnance","","","","","","","","","","","","","","","","2.8","","","","","2018-BASE_PROCUREMENT-2018-NAVY_SHIPBUILDINGANDCOVERSION-U_PROCUREMENT_MasterJustificationBook_Navy_PB_2018.zzz_unzipped-U_PROCUREMENT_MasterJustificationBook_Navy_PB_2018.xml","2663be4897e8bd7730e68372a57af357002d914757b1cea5272a0fbf7ea89d42","1-ac3649ce1605cd524b7f24f97518338758811f3d1475b1a62b791050cd1ca5f4","9481-bb57bd7a48d427300330cfa5f4cc88fbc2b622e07d1fce0a3babc13879f6bb81","root"
"","Total Ship Test Program","","","","","","","","","","","","","","","","10.447","","","","","2018-BASE_PROCUREMENT-2018-NAVY_SHIPBUILDINGANDCOVERSION-U_PROCUREMENT_MasterJustificationBook_Navy_PB_2018.zzz_unzipped-U_PROCUREMENT_MasterJustificationBook_Navy_PB_2018.xml","2663be4897e8bd7730e68372a57af357002d914757b1cea5272a0fbf7ea89d42","2-974e1ab1cfb47a0f0fc0a1586d890d72d321b4b6308fc213d518b608076b8372","9481-bb57bd7a48d427300330cfa5f4cc88fbc2b622e07d1fce0a3babc13879f6bb81","root"
"true","DUAL BAND RADAR (DBR) (SPY-3 AND VOLUME SEARCH RADAR (VSR))","","","","","","","","","","","10.948","","","","","","","","","","2019-BASE_PROCUREMENT-2019-NAVY_SHIPBUILDINGANDCOVERSION-U_PROCUREMENT_JustificationBook_Navy_PB_2019.zzz_unzipped-U_PROCUREMENT_JustificationBook_Navy_PB_2019.xml","036eab869a099e08a81545eee0f4f7834f7c77ef6dd1087ed8062c6d5b68d43d","0-3208c76a7cc43fcafeb52212ff3107554ba2ca60ec8c43ddcc1f2840f6e45a80","11053-e6e612c9ffb2dabe88834d8b7173e66953ef9ff2d0aa03aa686f1f57e8a0dbd0","root"
"","Other ORDNANCE","","","","","","","","","","","3.49","","","","","3.797","","","","","2019-BASE_PROCUREMENT-2019-NAVY_SHIPBUILDINGANDCOVERSION-U_PROCUREMENT_JustificationBook_Navy_PB_2019.zzz_unzipped-U_PROCUREMENT_JustificationBook_Navy_PB_2019.xml","036eab869a099e08a81545eee0f4f7834f7c77ef6dd1087ed8062c6d5b68d43d","1-e16d0c70c52552c8e04905abc158d5cb66a1d075c4888b6de10de8c25ee1a8d1","11053-e6e612c9ffb2dabe88834d8b7173e66953ef9ff2d0aa03aa686f1f57e8a0dbd0","root"
"","TEST & CERTIFICATIONS, MISC","","","","","","","","","","","","","","","8.212","","","","","","2019-BASE_PROCUREMENT-2019-NAVY_SHIPBUILDINGANDCOVERSION-U_PROCUREMENT_JustificationBook_Navy_PB_2019.zzz_unzipped-U_PROCUREMENT_JustificationBook_Navy_PB_2019.xml","3f04422267f18278d5d6f04f107d65e4403280e1024fb698d2f8e9e46d266e01","0-45384ef5b2bec8b098451d8488151ec5eceb680eb714ded02b1722b6b5fa3839","11066-253b581f21e47879159bb1dc7fdd9814a3fee1efd69b1dbeb3de5f82baa0faed","root"
"","MISSION SYSTEM ACTIVATION","","","","","","","","2.5","","","","","","","","","2.5","","","","2019-BASE_PROCUREMENT-2019-NAVY_SHIPBUILDINGANDCOVERSION-U_PROCUREMENT_JustificationBook_Navy_PB_2019.zzz_unzipped-U_PROCUREMENT_JustificationBook_Navy_PB_2019.xml","384bbcfb660b583b57aa41ac827b7a4f96349bc3d635569d38c5399e81cf111b","0-d49992ec331dae7ef4d94bc5c25f3628c99484669e6558f5b5474e6c7273d916","11067-a3c599c6f59d30a4644bc9d5603e5799b9014f0b99c754928f253b36fea4578c","root"
"","MISC. ORDNANCE","","3","2","2","3","2","","","","214.139","","166.363","","","202.713","169.657","","174.103","","","2019-BASE_PROCUREMENT-2019-NAVY_SHIPBUILDINGANDCOVERSION-U_PROCUREMENT_JustificationBook_Navy_PB_2019.zzz_unzipped-U_PROCUREMENT_JustificationBook_Navy_PB_2019.xml","a1a47c8635cef5e8f1226c963ba3faf740a9814b8e16b8e7235117ff98b853fd","0-55b108063cc021908aafbad91b8dd31eee184f126dbe8abb806d04868d245f44","11068-a55961bf03bc0d54d9d7472a0173a14b51707e8a122cab08b0c92fc9414b87e7","root"
"","MISCELLANEOUS ORDNANCE","","","","","","","","","","","","4.851","","","1","","","","","","2019-BASE_PROCUREMENT-2019-NAVY_SHIPBUILDINGANDCOVERSION-U_PROCUREMENT_JustificationBook_Navy_PB_2019.zzz_unzipped-U_PROCUREMENT_JustificationBook_Navy_PB_2019.xml","169bc358bca4dfb8acf7b7efe08e701c479c593f5473f0f5b4ee6d1c0ad679db","0-c9a7bff38ec6745340f56e891151da62b9bcf7696cf0bc75bf2b246444ce721f","11070-e6be90fd84369462662dcbb60223b2af942dae8da3af4958eee539c644c84eac","root"
"","Aviation Support","","","","","","","","","","","","7.745","","","","","","","","","2019-BASE_PROCUREMENT-2019-NAVY_SHIPBUILDINGANDCOVERSION-U_PROCUREMENT_JustificationBook_Navy_PB_2019.zzz_unzipped-U_PROCUREMENT_JustificationBook_Navy_PB_2019.xml","a4d7133e03bdb92eeb03e048445944f1304841c5b4b94ac0cf2aed06ecdd0c8c","0-83fe2bfeb38adfdb13df7ed9f1d4105659152d8eaf5bebe110bc5a2329e745eb","11072-b1fe16a84af3dea84839d0b0f6010b8675a09f2b6a524a33e26717764f72402f","root"
"","Miscellaneous Ordnance","","","","","","","","","","","","2.8","","","","","","","","","2019-BASE_PROCUREMENT-2019-NAVY_SHIPBUILDINGANDCOVERSION-U_PROCUREMENT_JustificationBook_Navy_PB_2019.zzz_unzipped-U_PROCUREMENT_JustificationBook_Navy_PB_2019.xml","a4d7133e03bdb92eeb03e048445944f1304841c5b4b94ac0cf2aed06ecdd0c8c","1-c194f83dd50f6cb46f427a4f5fec55ba2f816f177dfbea17a4cd705e5c55bf28","11072-b1fe16a84af3dea84839d0b0f6010b8675a09f2b6a524a33e26717764f72402f","root"
"","Total Ship Test Program","","","","","","","","","","","","10.447","","","","","","","","","2019-BASE_PROCUREMENT-2019-NAVY_SHIPBUILDINGANDCOVERSION-U_PROCUREMENT_JustificationBook_Navy_PB_2019.zzz_unzipped-U_PROCUREMENT_JustificationBook_Navy_PB_2019.xml","a4d7133e03bdb92eeb03e048445944f1304841c5b4b94ac0cf2aed06ecdd0c8c","2-4bd370f16f745431aa13a57d284939ccd08f60c5dc32563cbd572741f7f889c7","11072-b1fe16a84af3dea84839d0b0f6010b8675a09f2b6a524a33e26717764f72402f","root"
"true","DUAL BAND RADAR (DBR) (SPY-3 AND VOLUME SEARCH RADAR (VSR))","","","","","","","","","","","10.948","","","","","","","","","","2019-BASE_PROCUREMENT-2019-NAVY_SHIPBUILDINGANDCOVERSION-U_PROCUREMENT_MasterJustificationBook_Navy_PB_2019.zzz_unzipped-U_PROCUREMENT_MasterJustificationBook_Navy_PB_2019.xml","a9fbe5c21ca9d712d778740a9c71a88aeca9364f2ca88ca90b8d87825b9fbafd","0-dacf2f9fd61192c8359cb91921fb8b0387e92ddaebbb14a7ef5b9dca3769aabb","11074-255ea356930ce19ad3c2bb122e4c7abfc6d85c9cdc34ecc86284e0791e1d7e06","root"
"","Other ORDNANCE","","","","","","","","","","","3.49","","","","","3.797","","","","","2019-BASE_PROCUREMENT-2019-NAVY_SHIPBUILDINGANDCOVERSION-U_PROCUREMENT_MasterJustificationBook_Navy_PB_2019.zzz_unzipped-U_PROCUREMENT_MasterJustificationBook_Navy_PB_2019.xml","a9fbe5c21ca9d712d778740a9c71a88aeca9364f2ca88ca90b8d87825b9fbafd","1-e03751554a634a99c7a20544d5550b05ee04e409e477efd06bc211487c072b6d","11074-255ea356930ce19ad3c2bb122e4c7abfc6d85c9cdc34ecc86284e0791e1d7e06","root"
"","TEST & CERTIFICATIONS, MISC","","","","","","","","","","","","","","","8.212","","","","","","2019-BASE_PROCUREMENT-2019-NAVY_SHIPBUILDINGANDCOVERSION-U_PROCUREMENT_MasterJustificationBook_Navy_PB_2019.zzz_unzipped-U_PROCUREMENT_MasterJustificationBook_Navy_PB_2019.xml","8e712934068abd23958514556a25c137e290832dbeb92748a5baadb930834b13","0-00ffc9d0a06e22c52745944bf63f4abd8a7e98aadeba12a30de4ddb2bc65c778","11087-7e4b4ea950873405cfd03c81a29721244ed6deaa1daccfa249faa5c0ab3b7096","root"
"","MISSION SYSTEM ACTIVATION","","","","","","","","2.5","","","","","","","","","2.5","","","","2019-BASE_PROCUREMENT-2019-NAVY_SHIPBUILDINGANDCOVERSION-U_PROCUREMENT_MasterJustificationBook_Navy_PB_2019.zzz_unzipped-U_PROCUREMENT_MasterJustificationBook_Navy_PB_2019.xml","eb65c52dd93ce16c20d00a7266f3d388040779562cbb7747c2c0d892437bc207","0-ddb841880f21331b5cc9bac0fbe09eceea0fc10cc33b1ccb625a3e7be27d6d43","11088-ab62bceca070b3d1e403173afd0dbad69a9b6826af8fada438839a9d7d4af07e","root"
"","MISC. ORDNANCE","","3","2","2","3","2","","","","214.139","","166.363","","","202.713","169.657","","174.103","","","2019-BASE_PROCUREMENT-2019-NAVY_SHIPBUILDINGANDCOVERSION-U_PROCUREMENT_MasterJustificationBook_Navy_PB_2019.zzz_unzipped-U_PROCUREMENT_MasterJustificationBook_Navy_PB_2019.xml","7ccb09e5aa0dcd2ff656bb6257f40762290470295a3462fc198202ddc187b82f","0-74a6e02b2b7d02fdd7bfabe891417613c3b99cd293b4042d1fad27a309e1f747","11089-c476b172c7bb87519c54c6c3034d5ebfcc5037740ea60d34001e6d71818fa6c6","root"
"","MISCELLANEOUS ORDNANCE","","","","","","","","","","","","4.851","","","1","","","","","","2019-BASE_PROCUREMENT-2019-NAVY_SHIPBUILDINGANDCOVERSION-U_PROCUREMENT_MasterJustificationBook_Navy_PB_2019.zzz_unzipped-U_PROCUREMENT_MasterJustificationBook_Navy_PB_2019.xml","14191acf83148e2c874d70c0ea032878d423d04892e841aeca18c4529a27d12b","0-5fd0f015b81470368e80969e6172e730cde3c4ec9d451c25130a475fef833b31","11091-8effb4d38144ac68b02c958ade918b6b71f4fa4d1417bfb801459ac21571d1b1","root"
"","Aviation Support","","","","","","","","","","","","7.745","","","","","","","","","2019-BASE_PROCUREMENT-2019-NAVY_SHIPBUILDINGANDCOVERSION-U_PROCUREMENT_MasterJustificationBook_Navy_PB_2019.zzz_unzipped-U_PROCUREMENT_MasterJustificationBook_Navy_PB_2019.xml","651aa59353d9c137c7c7ed7efa2f74bb1e3d8f4c6ed3eced3278e337253be7e6","0-9c4301506320a1857f3daa621a78cd48aee23c9f1251d3291a70b215ef48b7cd","11093-9a09d0fa285ac19232a6a415609a3b56ddc6d4707bb5f1a945e425d515f2be9b","root"
"","Miscellaneous Ordnance","","","","","","","","","","","","2.8","","","","","","","","","2019-BASE_PROCUREMENT-2019-NAVY_SHIPBUILDINGANDCOVERSION-U_PROCUREMENT_MasterJustificationBook_Navy_PB_2019.zzz_unzipped-U_PROCUREMENT_MasterJustificationBook_Navy_PB_2019.xml","651aa59353d9c137c7c7ed7efa2f74bb1e3d8f4c6ed3eced3278e337253be7e6","1-8b6887173be82b193e08ebc400ed6a853ca109b2138489dd44eec85c83a1bba2","11093-9a09d0fa285ac19232a6a415609a3b56ddc6d4707bb5f1a945e425d515f2be9b","root"
"","Total Ship Test Program","","","","","","","","","","","","10.447","","","","","","","","","2019-BASE_PROCUREMENT-2019-NAVY_SHIPBUILDINGANDCOVERSION-U_PROCUREMENT_MasterJustificationBook_Navy_PB_2019.zzz_unzipped-U_PROCUREMENT_MasterJustificationBook_Navy_PB_2019.xml","651aa59353d9c137c7c7ed7efa2f74bb1e3d8f4c6ed3eced3278e337253be7e6","2-7bb1328af047705f6ad1ae3b4df4f8797ff0ace38480875f9d7e34e73b1f13b6","11093-9a09d0fa285ac19232a6a415609a3b56ddc6d4707bb5f1a945e425d515f2be9b","root"
"true","DUAL BAND RADAR (DBR) (SPY-3 AND VOLUME SEARCH RADAR (VSR))","","","","","","","","","","","","","","","","","","","10.948","","2020-BASE_PROCUREMENT-2020-NAVY_SHIPBUILDINGANDCOVERSION-U_PROCUREMENT_JustificationBook_Navy_PB_2020.zzz_unzipped-U_PROCUREMENT_JustificationBook_Navy_PB_2020.xml","32504ad2a7e688527244f05aaddd99f674ca8968fcba75209474740d4df46dfa","0-7a99402c308ab9dd6bec9d1d9821b4041353bc27d15eee0ffcab7e616f4725c6","12613-759cf0067dd5dbf58336a8aad2650aae26589d1b7ea58df2658fed7dd49dd1e1","root"
"","Other ORDNANCE","","","","","","","","","","2.726","","3.797","","","","","","","3.287","","2020-BASE_PROCUREMENT-2020-NAVY_SHIPBUILDINGANDCOVERSION-U_PROCUREMENT_JustificationBook_Navy_PB_2020.zzz_unzipped-U_PROCUREMENT_JustificationBook_Navy_PB_2020.xml","32504ad2a7e688527244f05aaddd99f674ca8968fcba75209474740d4df46dfa","1-50baa9ca463d97278b3592500c38bdf92c6374cb960294b3ccbab052c3de1010","12613-759cf0067dd5dbf58336a8aad2650aae26589d1b7ea58df2658fed7dd49dd1e1","root"
"","Aviation Support","","","","","","","","","","","","","","","7.745","","","","","","2020-BASE_PROCUREMENT-2020-NAVY_SHIPBUILDINGANDCOVERSION-U_PROCUREMENT_JustificationBook_Navy_PB_2020.zzz_unzipped-U_PROCUREMENT_JustificationBook_Navy_PB_2020.xml","a30fb163f04d29291638d311bbf03be8dc48823cfa05a2f328112ff44f545d50","0-ef4292b417a7e1d3a1bf375b2298f92287cc3c522d672f38094d5fbfba330506","12614-6baeed442cf380b40d4fc304ec6b74f11b7b5d2e005ce93b44da215b468b07e7","root"
"","Miscellaneous Ordnance","","","","","","","","","","","","","","","2.8","","","","","","2020-BASE_PROCUREMENT-2020-NAVY_SHIPBUILDINGANDCOVERSION-U_PROCUREMENT_JustificationBook_Navy_PB_2020.zzz_unzipped-U_PROCUREMENT_JustificationBook_Navy_PB_2020.xml","a30fb163f04d29291638d311bbf03be8dc48823cfa05a2f328112ff44f545d50","1-384a967ab982e6dea113e7be1cc73806f82733f8c665f8950652906ccea6f53d","12614-6baeed442cf380b40d4fc304ec6b74f11b7b5d2e005ce93b44da215b468b07e7","root"
"","Total Ship Test Program","","","","","","","","","","","","","","","10.447","","","","","","2020-BASE_PROCUREMENT-2020-NAVY_SHIPBUILDINGANDCOVERSION-U_PROCUREMENT_JustificationBook_Navy_PB_2020.zzz_unzipped-U_PROCUREMENT_JustificationBook_Navy_PB_2020.xml","a30fb163f04d29291638d311bbf03be8dc48823cfa05a2f328112ff44f545d50","2-aceb3fb23a1225fcd642ed4eced13b1cae5a33cb979ddeb6320dcd6aceec21df","12614-6baeed442cf380b40d4fc304ec6b74f11b7b5d2e005ce93b44da215b468b07e7","root"
"","MISCELLANEOUS ORDNANCE","","","","","","","","","","","","","","","19.736","","","6.358","","","2020-BASE_PROCUREMENT-2020-NAVY_SHIPBUILDINGANDCOVERSION-U_PROCUREMENT_JustificationBook_Navy_PB_2020.zzz_unzipped-U_PROCUREMENT_JustificationBook_Navy_PB_2020.xml","61c75f4854ca92250e7faa2931112113ac0649a293e0256c0de12704ee4d411a","0-308941073ba80f2eac0fa7dbf09bb6174259494de8baca6ca055499731f55f1c","12616-23da2bb13cfe5f50588e1fd6acd0446eca8e65dca6abf397a4b3af27cc4b2020","root"
"","TEST & CERTIFICATIONS, MISC","","","","","","","","","","3.796","","","","","","","","5.894","","","2020-BASE_PROCUREMENT-2020-NAVY_SHIPBUILDINGANDCOVERSION-U_PROCUREMENT_JustificationBook_Navy_PB_2020.zzz_unzipped-U_PROCUREMENT_JustificationBook_Navy_PB_2020.xml","79df57bc99fb77f6f94f2d8202847567fc765bce66445ff4e4e663760799e6e1","0-81306f09d508f317df856a4e02f4278989cb857316bec1bc37c1e050dc7c514a","12629-d88fb36ef45bb58110e4003edb420c951462acb43ecd2ef9c87c4db86fdf9c81","root"
"","MISSION SYSTEM ACTIVATION","","","","","","","","","","","","","2.5","","","","","","","2.5","2020-BASE_PROCUREMENT-2020-NAVY_SHIPBUILDINGANDCOVERSION-U_PROCUREMENT_JustificationBook_Navy_PB_2020.zzz_unzipped-U_PROCUREMENT_JustificationBook_Navy_PB_2020.xml","8644d6cf0ff072d3154c0109223402de2d9d8f52cc878b156fc73009c9601119","0-187594020210483510bbd9ff80e6d4c8ded8a8790ffcedc438ff10955ebf5a9d","12630-f0c81ef7d390da44cc175476df2a8fc27581e6ec308eccd11c913d9f7cbd190b","root"
"","MISC. ORDNANCE","","2","2","3","3","3","2","","174.103","195.521","","159.122","","","166.363","198.721","","202.713","","","2020-BASE_PROCUREMENT-2020-NAVY_SHIPBUILDINGANDCOVERSION-U_PROCUREMENT_JustificationBook_Navy_PB_2020.zzz_unzipped-U_PROCUREMENT_JustificationBook_Navy_PB_2020.xml","f88449ebd51dedd31a2638fdba5e14252aa210ecf7ac5ea8d1c24b9a55389b12","0-cae5c32fe64f500473f384298cac42c0383547722bad195982ecbb101418b0a2","12631-7a0a367430c8f82ff81c1e4cfbf69ac80ec8390865bb42aa40a854120c54c1e3","root"
"","Other Ordnance","","","","","1","","","","","0.55","","","","","","","","","","","2020-BASE_PROCUREMENT-2020-NAVY_SHIPBUILDINGANDCOVERSION-U_PROCUREMENT_JustificationBook_Navy_PB_2020.zzz_unzipped-U_PROCUREMENT_JustificationBook_Navy_PB_2020.xml","c28c27813a2cf7ded6b86fcbf9224130d193279ad60a95d269b6367bacde8fe9","0-2871a89cc7cc938da8473fa6daaa0f82ea648944cd69854cb03ebfae0b2b43e5","12633-65187fbf49b85459b7256cad144ab487303bab5880b2f70f31a885b0bb77b669","root"
"","MISCELLANEOUS ORDNANCE","","","","","","","","","","","","11.61","","","","","","","","","2020-BASE_PROCUREMENT-2020-NAVY_SHIPBUILDINGANDCOVERSION-U_PROCUREMENT_JustificationBook_Navy_PB_2020.zzz_unzipped-U_PROCUREMENT_JustificationBook_Navy_PB_2020.xml","9c168386c667ef3d36f81563d2d4cc8667e0a613f9f857e619b298d98031ffd5","0-558d7dc67b87de0dc92251c886adf8b5da655377f8067a63032bdb42688a0854","12634-e2041c2038ba0cac72195f203f44cb475a45f7f34fe3e2164d054108801051f2","root"
"true","DUAL BAND RADAR (DBR) (SPY-3 AND VOLUME SEARCH RADAR (VSR))","","","","","","","","","","","","","","","","","","","10.948","","2020-BASE_PROCUREMENT-2020-NAVY_SHIPBUILDINGANDCOVERSION-U_PROCUREMENT_MasterJustificationBook_Navy_PB_2020.zzz_unzipped-U_PROCUREMENT_MasterJustificationBook_Navy_PB_2020.xml","d143fe01a081a0f255f6aad559f7bd427f9f1cc2ecd779a7e68acdbdf10f5453","0-867da8beca0f563d0d198b0441683299e94a85294b8db48d4a70a2a1cbc5f396","12637-4d86fb643ff4e5b97fc838eb48a1a9dbe9c118a7ea9565df25d5c0af2366c50d","root"
"","Other ORDNANCE","","","","","","","","","","2.726","","3.797","","","","","","","3.287","","2020-BASE_PROCUREMENT-2020-NAVY_SHIPBUILDINGANDCOVERSION-U_PROCUREMENT_MasterJustificationBook_Navy_PB_2020.zzz_unzipped-U_PROCUREMENT_MasterJustificationBook_Navy_PB_2020.xml","d143fe01a081a0f255f6aad559f7bd427f9f1cc2ecd779a7e68acdbdf10f5453","1-393e7a9714fa14dfbd2b0c253f06c896a82aae169fc8bd534a55254bbb7af571","12637-4d86fb643ff4e5b97fc838eb48a1a9dbe9c118a7ea9565df25d5c0af2366c50d","root"
"","Aviation Support","","","","","","","","","","","","","","","7.745","","","","","","2020-BASE_PROCUREMENT-2020-NAVY_SHIPBUILDINGANDCOVERSION-U_PROCUREMENT_MasterJustificationBook_Navy_PB_2020.zzz_unzipped-U_PROCUREMENT_MasterJustificationBook_Navy_PB_2020.xml","1bf2304bf6786187c63030b5e02bf99a3fe02fecfde1e3c616fb0ae51dbeb198","0-968f16107aaec89436e8f297db9c15b3539f12f2761a69e13bf73750976f886b","12638-08941db188b79f53038d8fc73cad4c953bfc5f3d588d20b6a5ddb6b1b81aa737","root"
"","Miscellaneous Ordnance","","","","","","","","","","","","","","","2.8","","","","","","2020-BASE_PROCUREMENT-2020-NAVY_SHIPBUILDINGANDCOVERSION-U_PROCUREMENT_MasterJustificationBook_Navy_PB_2020.zzz_unzipped-U_PROCUREMENT_MasterJustificationBook_Navy_PB_2020.xml","1bf2304bf6786187c63030b5e02bf99a3fe02fecfde1e3c616fb0ae51dbeb198","1-850e1f63bc33bd34b4e89ef3acf15c8c63e7148d4239a3cf77625af88bbd694e","12638-08941db188b79f53038d8fc73cad4c953bfc5f3d588d20b6a5ddb6b1b81aa737","root"
"","Total Ship Test Program","","","","","","","","","","","","","","","10.447","","","","","","2020-BASE_PROCUREMENT-2020-NAVY_SHIPBUILDINGANDCOVERSION-U_PROCUREMENT_MasterJustificationBook_Navy_PB_2020.zzz_unzipped-U_PROCUREMENT_MasterJustificationBook_Navy_PB_2020.xml","1bf2304bf6786187c63030b5e02bf99a3fe02fecfde1e3c616fb0ae51dbeb198","2-89f74695ac8e8c08b07b2b73eb6466a7fcdd31b97de13b323f8e027d728cfbc4","12638-08941db188b79f53038d8fc73cad4c953bfc5f3d588d20b6a5ddb6b1b81aa737","root"
"","MISCELLANEOUS ORDNANCE","","","","","","","","","","","","","","","19.736","","","6.358","","","2020-BASE_PROCUREMENT-2020-NAVY_SHIPBUILDINGANDCOVERSION-U_PROCUREMENT_MasterJustificationBook_Navy_PB_2020.zzz_unzipped-U_PROCUREMENT_MasterJustificationBook_Navy_PB_2020.xml","e131c0f9c0cddd147c5f2a5af285d5a65223c9ab0a8e83cb610b0d4ae369c030","0-414714bc15861fdfca559dc99c4a5af657acd70c728e58d2ee81033fefbe953b","12640-bcaefd146d11eaacdd4144ff0647713e4880e13110713b5a7dab1057d3fe1f6a","root"
"","TEST & CERTIFICATIONS, MISC","","","","","","","","","","3.796","","","","","","","","5.894","","","2020-BASE_PROCUREMENT-2020-NAVY_SHIPBUILDINGANDCOVERSION-U_PROCUREMENT_MasterJustificationBook_Navy_PB_2020.zzz_unzipped-U_PROCUREMENT_MasterJustificationBook_Navy_PB_2020.xml","53454ed154816f70057095a6ea7a42707220b000004458bda908b6e9eea36312","0-9372aae535a97ce9383420b00a8d666078f4db90ae213c7c1320827b5dd8f21d","12653-9826ff7cda02e3c7cfb5616a102edde9a9def4346b72305ec0aec1ddac058536","root"
"","MISSION SYSTEM ACTIVATION","","","","","","","","","","","","","2.5","","","","","","","2.5","2020-BASE_PROCUREMENT-2020-NAVY_SHIPBUILDINGANDCOVERSION-U_PROCUREMENT_MasterJustificationBook_Navy_PB_2020.zzz_unzipped-U_PROCUREMENT_MasterJustificationBook_Navy_PB_2020.xml","fa505ec92f383fcc1ed15c617e66a7a22b7d4afe96a0183b867c4406bbfec040","0-fe14b11cba6949f945173354fc779a4cd5229fb6ae19a225861fb6ce89269b3b","12654-5874592e33f8a698fc04e47cba3cbc3abf5f20f2d3554ba5dc89b9a2c515e8fc","root"
"","MISC. ORDNANCE","","2","2","3","3","3","2","","174.103","195.521","","159.122","","","166.363","198.721","","202.713","","","2020-BASE_PROCUREMENT-2020-NAVY_SHIPBUILDINGANDCOVERSION-U_PROCUREMENT_MasterJustificationBook_Navy_PB_2020.zzz_unzipped-U_PROCUREMENT_MasterJustificationBook_Navy_PB_2020.xml","5f09bad83be8d9935dfb8fbbbac4473f946bb03e639a64a10be47789f49d0473","0-2a7af235f56121fe3e003c424948aa0df0d3ad998ad5058cdf35ef69985cee64","12655-e3329a006cfae39d428c25dba3e886ffc92bc3b316074a854666de8708ab621b","root"
"","Other Ordnance","","","","","1","","","","","0.55","","","","","","","","","","","2020-BASE_PROCUREMENT-2020-NAVY_SHIPBUILDINGANDCOVERSION-U_PROCUREMENT_MasterJustificationBook_Navy_PB_2020.zzz_unzipped-U_PROCUREMENT_MasterJustificationBook_Navy_PB_2020.xml","e8fe4dd5e0be95240e0d086c5a917adf6e4464ec266a3ea1db82e27107e162d0","0-21c98e954ab754a540d972941bf77eabdd8a454dc4e7cf45db63c4a1b82e9868","12657-b9e29cbf15f241709b3d34335b99d2fe30b8df87909682906c9602c015464bec","root"
"","MISCELLANEOUS ORDNANCE","","","","","","","","","","","","11.61","","","","","","","","","2020-BASE_PROCUREMENT-2020-NAVY_SHIPBUILDINGANDCOVERSION-U_PROCUREMENT_MasterJustificationBook_Navy_PB_2020.zzz_unzipped-U_PROCUREMENT_MasterJustificationBook_Navy_PB_2020.xml","fede88ab6e4790d85bb219ffaa3eb2a124927ee5b9d8867aa75a8d6481dc6908","0-3c5a13e976ecb5ff566a376c873d20692c01b3b811144423d6a30c4b890e220d","12658-ce984d1cd9350f4eb80375d708df5e0a2505a33d541862229d6cf31ca702b1b8","root"
