@isSignificant,Title_val,Costs_Quantity_PriorYearNine_val,Costs_Quantity_PriorYearTwo_val,Costs_Quantity_PriorYear_val,Costs_Quantity_CurrentYear_val,Costs_Quantity_BudgetYearOne_val,Costs_Quantity_PriorYearThree_val,Costs_Quantity_PriorYearFour_val,Costs_TotalCost_PriorYearNine_val,Costs_TotalCost_PriorYearFour_val,Costs_TotalCost_BudgetYearOne_val,Costs_TotalCost_PriorYearFive_val,Costs_TotalCost_PriorYear_val,Costs_TotalCost_PriorYearTen_val,Costs_TotalCost_PriorYearEight_val,Costs_TotalCost_PriorYearTwo_val,Costs_TotalCost_CurrentYear_val,Costs_TotalCost_PriorYearEleven_val,Costs_TotalCost_PriorYearThree_val,Costs_TotalCost_PriorYearSix_val,Costs_TotalCost_PriorYearTwelve_val,@SOURCE_FILENAME,@RECORDID,@ROWID,@PARENTROWID,@PARENT
"true","DUAL BAND RADAR (DBR) (SPY-3 AND VOLUME SEARCH RADAR (VSR))","1","","","","","","","486.469","10.948","","","","","","","","","","","","2018-BASE_PROCUREMENT-2018-NAVY_SHIPBUILDINGANDCOVERSION-U_PROCUREMENT_JustificationBook_Navy_PB_2018.zzz_unzipped-U_PROCUREMENT_JustificationBook_Navy_PB_2018.xml","3bd3375f8dec12f579ffef5deeffb5939924e6b15ffeeee65c067abecc5c9d65","0-aebd7a35b46a4f663666b381a525a99de4e3cff2586501d8d49a8d90ee3f058f","9441-4386dbb7417815e429dc59d123f667a40e49ea12c9e533f350b0b6a610ec916c","root"
"","Other ORDNANCE","","","","","","","","4.24","3.49","3.797","","","","","","","","","","","2018-BASE_PROCUREMENT-2018-NAVY_SHIPBUILDINGANDCOVERSION-U_PROCUREMENT_JustificationBook_Navy_PB_2018.zzz_unzipped-U_PROCUREMENT_JustificationBook_Navy_PB_2018.xml","3bd3375f8dec12f579ffef5deeffb5939924e6b15ffeeee65c067abecc5c9d65","1-f6600f5fa88ae7695c970b4eb1ed805a1f497bde4d42d82a4a2d5f6c073654a2","9441-4386dbb7417815e429dc59d123f667a40e49ea12c9e533f350b0b6a610ec916c","root"
"","TEST & CERTIFICATIONS, MISC","","","","","","","","","","","5.434","6.844","","","","","","","","","2018-BASE_PROCUREMENT-2018-NAVY_SHIPBUILDINGANDCOVERSION-U_PROCUREMENT_JustificationBook_Navy_PB_2018.zzz_unzipped-U_PROCUREMENT_JustificationBook_Navy_PB_2018.xml","30f05fcd72a912823615127e43b2be8ca570156afc2855adfc6c02323fd91c7d","0-3035a3ab0edd538c20d04b77bc9028610e4e61c2dbbf6ce5ed99e5da8c33344a","9454-9cd56e9dd201ff033e28e055aa77e067cd5588b15ee2f8a55c4067a03c1f88c2","root"
"","MISSION SYSTEM ACTIVATION","","","","","","","","","","","","","2.5","2.5","","","","","","","2018-BASE_PROCUREMENT-2018-NAVY_SHIPBUILDINGANDCOVERSION-U_PROCUREMENT_JustificationBook_Navy_PB_2018.zzz_unzipped-U_PROCUREMENT_JustificationBook_Navy_PB_2018.xml","63a199acf2aec9803478e689b99e17d5ba8e6ed8eb7dfb080491db0b111af06e","0-add998d269c74e8789037d9fa2d205f3be60b98f3691ce2850962fa4810ab76e","9455-f2d0503a0e1484a9e7f6bad0654f10e286475e05a192769df318bc4046ae05e6","root"
"","MISC. ORDNANCE","","2","3","2","2","","","","","169.657","","202.713","","","174.103","166.363","","","","","2018-BASE_PROCUREMENT-2018-NAVY_SHIPBUILDINGANDCOVERSION-U_PROCUREMENT_JustificationBook_Navy_PB_2018.zzz_unzipped-U_PROCUREMENT_JustificationBook_Navy_PB_2018.xml","341c09c4a37bc5105a93194374c2b71f3cdff23a738f04e5629acb1abd33932e","0-b6af8cbf86fccc7d5bfa179aaf492052d7b5c44527ed1892226951d353dd9d47","9456-cd6e8b9f0da40e9512a847eb4f656c7047ea715e88ad81a44cf1a397bc8780f5","root"
"","MISCELLANEOUS ORDNANCE","","","","","","","","","","","22.117","1","","","","","","","","","2018-BASE_PROCUREMENT-2018-NAVY_SHIPBUILDINGANDCOVERSION-U_PROCUREMENT_JustificationBook_Navy_PB_2018.zzz_unzipped-U_PROCUREMENT_JustificationBook_Navy_PB_2018.xml","6c8db8380a911de3d70ef956f133867b9c0a3463851956b9d3521431df0e0e53","0-48aa30fda4858559d417fa96245ef43eaaa1e6ab96c3db875069904b9c0836f4","9458-dbbb1003d7dbcdafcbf60934f6e0db51433092632eeeb18d5774eae56a5b3498","root"
"","Aviation Support","","","","","","","","","","","","","","","","7.745","","","","","2018-BASE_PROCUREMENT-2018-NAVY_SHIPBUILDINGANDCOVERSION-U_PROCUREMENT_JustificationBook_Navy_PB_2018.zzz_unzipped-U_PROCUREMENT_JustificationBook_Navy_PB_2018.xml","3e69140d5f269b4975bbc8a50003ffb903001debb67899638f4fcb5075083df8","0-5126e0883588dd4d6dc905ee7fd13328d71c6131424c47e6c487c8bff90c509e","9460-3afa20b5aa445ba3e8b5229c99eff28c72d6d6c13536743517ed75e2addc680c","root"
"","Miscellaneous Ordnance","","","","","","","","","","","","","","","","2.8","","","","","2018-BASE_PROCUREMENT-2018-NAVY_SHIPBUILDINGANDCOVERSION-U_PROCUREMENT_JustificationBook_Navy_PB_2018.zzz_unzipped-U_PROCUREMENT_JustificationBook_Navy_PB_2018.xml","3e69140d5f269b4975bbc8a50003ffb903001debb67899638f4fcb5075083df8","1-fb67ec9c0503284ee3d5250128f19cbf9dcb518426bcd065537152ebb80c78ed","9460-3afa20b5aa445ba3e8b5229c99eff28c72d6d6c13536743517ed75e2addc680c","root"
"","Total Ship Test Program","","","","","","","","","","","","","","","","10.447","","","","","2018-BASE_PROCUREMENT-2018-NAVY_SHIPBUILDINGANDCOVERSION-U_PROCUREMENT_JustificationBook_Navy_PB_2018.zzz_unzipped-U_PROCUREMENT_JustificationBook_Navy_PB_2018.xml","3e69140d5f269b4975bbc8a50003ffb903001debb67899638f4fcb5075083df8","2-08494090b787f666f36aa306d630f14339f02450c8ee073cb6130803e38de46e","9460-3afa20b5aa445ba3e8b5229c99eff28c72d6d6c13536743517ed75e2addc680c","root"
"true","DUAL BAND RADAR (DBR) (SPY-3 AND VOLUME SEARCH RADAR (VSR))","1","","","","","","","486.469","10.948","","","","","","","","","","","","2018-BASE_PROCUREMENT-2018-NAVY_SHIPBUILDINGANDCOVERSION-U_PROCUREMENT_MasterJustificationBook_Navy_PB_2018.zzz_unzipped-U_PROCUREMENT_MasterJustificationBook_Navy_PB_2018.xml","1d7fe1ff3cd4bd81f1f8eadcb8986287a46fef38ba78ae80f3d311ff6e2885f3","0-de6810281560d720ce8aebf4ceafe04e1b2371016864a921ecabfdb3a7fc91a8","9462-853d782a52ae4e30053a45795014b7b8136a2deed544d4003a0c0492ce90d472","root"
"","Other ORDNANCE","","","","","","","","4.24","3.49","3.797","","","","","","","","","","","2018-BASE_PROCUREMENT-2018-NAVY_SHIPBUILDINGANDCOVERSION-U_PROCUREMENT_MasterJustificationBook_Navy_PB_2018.zzz_unzipped-U_PROCUREMENT_MasterJustificationBook_Navy_PB_2018.xml","1d7fe1ff3cd4bd81f1f8eadcb8986287a46fef38ba78ae80f3d311ff6e2885f3","1-fbd4124de03a98e38c793cb25773a9071533763150295352c4a8f109b19a6087","9462-853d782a52ae4e30053a45795014b7b8136a2deed544d4003a0c0492ce90d472","root"
"","TEST & CERTIFICATIONS, MISC","","","","","","","","","","","5.434","6.844","","","","","","","","","2018-BASE_PROCUREMENT-2018-NAVY_SHIPBUILDINGANDCOVERSION-U_PROCUREMENT_MasterJustificationBook_Navy_PB_2018.zzz_unzipped-U_PROCUREMENT_MasterJustificationBook_Navy_PB_2018.xml","39e99632cac232ed4f791a16a1a3a350502b6d8437548761d869aa99726b1c18","0-622f5431628266e15873cfcce98f1137a3e358c43e7626ed5faaa2f85b481889","9475-b6283505851a182b38f2f06dc04e463cadddba0a956d7e338a4575c0bd0b93fc","root"
"","MISSION SYSTEM ACTIVATION","","","","","","","","","","","","","2.5","2.5","","","","","","","2018-BASE_PROCUREMENT-2018-NAVY_SHIPBUILDINGANDCOVERSION-U_PROCUREMENT_MasterJustificationBook_Navy_PB_2018.zzz_unzipped-U_PROCUREMENT_MasterJustificationBook_Navy_PB_2018.xml","cfcd2affcafe58149df6900b5bafde44d10bbb1934842da11d594bb3c352ff90","0-2667d3123a0ff8e8d5faef4f70c9298121404478fbec9fe7e12893a44531c384","9476-cee8bc28de89fc458ffc935c5727b0bfebf865138b8e14c491713a43fb8bcef4","root"
"","MISC. ORDNANCE","","2","3","2","2","","","","","169.657","","202.713","","","174.103","166.363","","","","","2018-BASE_PROCUREMENT-2018-NAVY_SHIPBUILDINGANDCOVERSION-U_PROCUREMENT_MasterJustificationBook_Navy_PB_2018.zzz_unzipped-U_PROCUREMENT_MasterJustificationBook_Navy_PB_2018.xml","e27de6ec9cb638c66ac0b656bccfc8f782bb401590861916fc6bffb8352b5cd2","0-64a39a44ed697168e0aca6aca50c64c80d5e734054355d4578a9fc0ee27f30af","9477-82b8bcf87c6e34a92e50e1d5c10c035d5e973e1148e84c049b07294f8d85fa18","root"
"","MISCELLANEOUS ORDNANCE","","","","","","","","","","","22.117","1","","","","","","","","","2018-BASE_PROCUREMENT-2018-NAVY_SHIPBUILDINGANDCOVERSION-U_PROCUREMENT_MasterJustificationBook_Navy_PB_2018.zzz_unzipped-U_PROCUREMENT_MasterJustificationBook_Navy_PB_2018.xml","b6836e8f5cae238b72477d06bd8275a4b5f6643ffb0fbad18a73c25cb2c9b2b2","0-724c9e6411e774aa33ed93cd28ffeffc676f7b05d5f9070b7049b5ffc9584520","9479-39a1b1fa1e9c066122f07288cd31fe76f84b84fc46374ee535b36a2d8495e420","root"
"","Aviation Support","","","","","","","","","","","","","","","","7.745","","","","","2018-BASE_PROCUREMENT-2018-NAVY_SHIPBUILDINGANDCOVERSION-U_PROCUREMENT_MasterJustificationBook_Navy_PB_2018.zzz_unzipped-U_PROCUREMENT_MasterJustificationBook_Navy_PB_2018.xml","2663be4897e8bd7730e68372a57af357002d914757b1cea5272a0fbf7ea89d42","0-ef3a2415362f20f6713565444d6fa0f94fb5f863e3018b807e79302618c532b3","9481-202dcde983147da76f982ac70c8a392614cda0834ff69069b8bb546e537b102b","root"
"","Miscellaneous Ordnance","","","","","","","","","","","","","","","","2.8","","","","","2018-BASE_PROCUREMENT-2018-NAVY_SHIPBUILDINGANDCOVERSION-U_PROCUREMENT_MasterJustificationBook_Navy_PB_2018.zzz_unzipped-U_PROCUREMENT_MasterJustificationBook_Navy_PB_2018.xml","2663be4897e8bd7730e68372a57af357002d914757b1cea5272a0fbf7ea89d42","1-383ab54726a27c03f12681de7105639a9f3fafca8a015024d49d03aaba3a9569","9481-202dcde983147da76f982ac70c8a392614cda0834ff69069b8bb546e537b102b","root"
"","Total Ship Test Program","","","","","","","","","","","","","","","","10.447","","","","","2018-BASE_PROCUREMENT-2018-NAVY_SHIPBUILDINGANDCOVERSION-U_PROCUREMENT_MasterJustificationBook_Navy_PB_2018.zzz_unzipped-U_PROCUREMENT_MasterJustificationBook_Navy_PB_2018.xml","2663be4897e8bd7730e68372a57af357002d914757b1cea5272a0fbf7ea89d42","2-9d8d9eb49d95c060a70815d4e0238b878fce97227fb412f074d75260ea019655","9481-202dcde983147da76f982ac70c8a392614cda0834ff69069b8bb546e537b102b","root"
"true","DUAL BAND RADAR (DBR) (SPY-3 AND VOLUME SEARCH RADAR (VSR))","","","","","","","","","","","10.948","","","","","","","","","","2019-BASE_PROCUREMENT-2019-NAVY_SHIPBUILDINGANDCOVERSION-U_PROCUREMENT_JustificationBook_Navy_PB_2019.zzz_unzipped-U_PROCUREMENT_JustificationBook_Navy_PB_2019.xml","036eab869a099e08a81545eee0f4f7834f7c77ef6dd1087ed8062c6d5b68d43d","0-d489abea5bfb7741b31120c2c03837b8bde9529512e64b9e396b4f0842e7b234","11053-4751e4f5814275fc07174f7ee9583345eb99c286ee5788b602e77d6b15d28efe","root"
"","Other ORDNANCE","","","","","","","","","","","3.49","","","","","3.797","","","","","2019-BASE_PROCUREMENT-2019-NAVY_SHIPBUILDINGANDCOVERSION-U_PROCUREMENT_JustificationBook_Navy_PB_2019.zzz_unzipped-U_PROCUREMENT_JustificationBook_Navy_PB_2019.xml","036eab869a099e08a81545eee0f4f7834f7c77ef6dd1087ed8062c6d5b68d43d","1-9a0a4c6663ff60b5b7bce0fcec37887e4ae3c2a25ed1d28f7c00070e5930c71f","11053-4751e4f5814275fc07174f7ee9583345eb99c286ee5788b602e77d6b15d28efe","root"
"","TEST & CERTIFICATIONS, MISC","","","","","","","","","","","","","","","8.212","","","","","","2019-BASE_PROCUREMENT-2019-NAVY_SHIPBUILDINGANDCOVERSION-U_PROCUREMENT_JustificationBook_Navy_PB_2019.zzz_unzipped-U_PROCUREMENT_JustificationBook_Navy_PB_2019.xml","3f04422267f18278d5d6f04f107d65e4403280e1024fb698d2f8e9e46d266e01","0-31bede22d7835d27c3805ecda8e0a5ed10f34084687e1bbb29e8fb0b75c61a52","11066-7837b9a6e310dc9042ac9d7d36de56154c8b55a74426688b32ae0c81789568fa","root"
"","MISSION SYSTEM ACTIVATION","","","","","","","","2.5","","","","","","","","","2.5","","","","2019-BASE_PROCUREMENT-2019-NAVY_SHIPBUILDINGANDCOVERSION-U_PROCUREMENT_JustificationBook_Navy_PB_2019.zzz_unzipped-U_PROCUREMENT_JustificationBook_Navy_PB_2019.xml","384bbcfb660b583b57aa41ac827b7a4f96349bc3d635569d38c5399e81cf111b","0-880598ad9a6f7cef8a2f2200121d6e4e072feb6d817b1d4cf1068e372b4fdec8","11067-c43d2d684cc54753fa8441f559551ed73fb80c7a87243fca61596d2b449caaa5","root"
"","MISC. ORDNANCE","","3","2","2","3","2","","","","214.139","","166.363","","","202.713","169.657","","174.103","","","2019-BASE_PROCUREMENT-2019-NAVY_SHIPBUILDINGANDCOVERSION-U_PROCUREMENT_JustificationBook_Navy_PB_2019.zzz_unzipped-U_PROCUREMENT_JustificationBook_Navy_PB_2019.xml","a1a47c8635cef5e8f1226c963ba3faf740a9814b8e16b8e7235117ff98b853fd","0-8ca4ce38b02473f55c2761a2c799a43cda311af7c7a8734dae4fa90137d7d1a5","11068-b6a0c5db2ff80021f6dae902a5efe81d5f5944ded4e9435b5902fd11d6e94d48","root"
"","MISCELLANEOUS ORDNANCE","","","","","","","","","","","","4.851","","","1","","","","","","2019-BASE_PROCUREMENT-2019-NAVY_SHIPBUILDINGANDCOVERSION-U_PROCUREMENT_JustificationBook_Navy_PB_2019.zzz_unzipped-U_PROCUREMENT_JustificationBook_Navy_PB_2019.xml","169bc358bca4dfb8acf7b7efe08e701c479c593f5473f0f5b4ee6d1c0ad679db","0-d00e237a1126dc92b43dcf4ad90150642fb8e3d7e43b9fe9a7d8c1aa1bd805c3","11070-4bcdfe9038b5e558a7fd095715ef5621ac2aad965874dd0c01003a18d87da3a8","root"
"","Aviation Support","","","","","","","","","","","","7.745","","","","","","","","","2019-BASE_PROCUREMENT-2019-NAVY_SHIPBUILDINGANDCOVERSION-U_PROCUREMENT_JustificationBook_Navy_PB_2019.zzz_unzipped-U_PROCUREMENT_JustificationBook_Navy_PB_2019.xml","a4d7133e03bdb92eeb03e048445944f1304841c5b4b94ac0cf2aed06ecdd0c8c","0-848abe6b80f5416678b299a3f6b90e1f5f97d30da5b72a4fda68da205d096e46","11072-f68249d9ccc45d5c596840a385437f3726f06ed6ebcc0c84209b7474f78319e8","root"
"","Miscellaneous Ordnance","","","","","","","","","","","","2.8","","","","","","","","","2019-BASE_PROCUREMENT-2019-NAVY_SHIPBUILDINGANDCOVERSION-U_PROCUREMENT_JustificationBook_Navy_PB_2019.zzz_unzipped-U_PROCUREMENT_JustificationBook_Navy_PB_2019.xml","a4d7133e03bdb92eeb03e048445944f1304841c5b4b94ac0cf2aed06ecdd0c8c","1-a25e73299e48def0d9ee1a2ae29c4b0d43ff9a543f058d381b48238f1c70ae44","11072-f68249d9ccc45d5c596840a385437f3726f06ed6ebcc0c84209b7474f78319e8","root"
"","Total Ship Test Program","","","","","","","","","","","","10.447","","","","","","","","","2019-BASE_PROCUREMENT-2019-NAVY_SHIPBUILDINGANDCOVERSION-U_PROCUREMENT_JustificationBook_Navy_PB_2019.zzz_unzipped-U_PROCUREMENT_JustificationBook_Navy_PB_2019.xml","a4d7133e03bdb92eeb03e048445944f1304841c5b4b94ac0cf2aed06ecdd0c8c","2-05d4d1505efcb03d407cccc7759147828e0c5b082ad454f5f0464ce7df643f3b","11072-f68249d9ccc45d5c596840a385437f3726f06ed6ebcc0c84209b7474f78319e8","root"
"true","DUAL BAND RADAR (DBR) (SPY-3 AND VOLUME SEARCH RADAR (VSR))","","","","","","","","","","","10.948","","","","","","","","","","2019-BASE_PROCUREMENT-2019-NAVY_SHIPBUILDINGANDCOVERSION-U_PROCUREMENT_MasterJustificationBook_Navy_PB_2019.zzz_unzipped-U_PROCUREMENT_MasterJustificationBook_Navy_PB_2019.xml","a9fbe5c21ca9d712d778740a9c71a88aeca9364f2ca88ca90b8d87825b9fbafd","0-14672aba8114ca7b9bb8b9525df1916c2b648cfa1b01a28b51567ffb12453a8b","11074-63c5fc01b67ad3e30a4e8bbd9734941283dc367131c1c4bb15c2989ef4c2e79d","root"
"","Other ORDNANCE","","","","","","","","","","","3.49","","","","","3.797","","","","","2019-BASE_PROCUREMENT-2019-NAVY_SHIPBUILDINGANDCOVERSION-U_PROCUREMENT_MasterJustificationBook_Navy_PB_2019.zzz_unzipped-U_PROCUREMENT_MasterJustificationBook_Navy_PB_2019.xml","a9fbe5c21ca9d712d778740a9c71a88aeca9364f2ca88ca90b8d87825b9fbafd","1-78b43059ab98067e497786774a7939e50a91de66704d8b96f46c2b38ca13ffca","11074-63c5fc01b67ad3e30a4e8bbd9734941283dc367131c1c4bb15c2989ef4c2e79d","root"
"","TEST & CERTIFICATIONS, MISC","","","","","","","","","","","","","","","8.212","","","","","","2019-BASE_PROCUREMENT-2019-NAVY_SHIPBUILDINGANDCOVERSION-U_PROCUREMENT_MasterJustificationBook_Navy_PB_2019.zzz_unzipped-U_PROCUREMENT_MasterJustificationBook_Navy_PB_2019.xml","8e712934068abd23958514556a25c137e290832dbeb92748a5baadb930834b13","0-6b0aca946074f7506c971cc0f8867ac9cd96675b05fd98abe13b276fc1fb82b0","11087-31d6f45e0600c38bf0d76ac2805697542475f6fe3e2273295c22944095898902","root"
"","MISSION SYSTEM ACTIVATION","","","","","","","","2.5","","","","","","","","","2.5","","","","2019-BASE_PROCUREMENT-2019-NAVY_SHIPBUILDINGANDCOVERSION-U_PROCUREMENT_MasterJustificationBook_Navy_PB_2019.zzz_unzipped-U_PROCUREMENT_MasterJustificationBook_Navy_PB_2019.xml","eb65c52dd93ce16c20d00a7266f3d388040779562cbb7747c2c0d892437bc207","0-79a81d9c0b6643d954946c879435e0f1510b65265f80d822a7ce0d0b5f9e9573","11088-2b5f1ea043a79572563a3d7f6423ef77860772371ec664cd890e30763c951e96","root"
"","MISC. ORDNANCE","","3","2","2","3","2","","","","214.139","","166.363","","","202.713","169.657","","174.103","","","2019-BASE_PROCUREMENT-2019-NAVY_SHIPBUILDINGANDCOVERSION-U_PROCUREMENT_MasterJustificationBook_Navy_PB_2019.zzz_unzipped-U_PROCUREMENT_MasterJustificationBook_Navy_PB_2019.xml","7ccb09e5aa0dcd2ff656bb6257f40762290470295a3462fc198202ddc187b82f","0-1738e9e3ea0d5d0c830ed2ce0a41e5564aec8c374f424941f13a28d79ac816c4","11089-836c4e0790f9534dad39d37158de9f8beb4638a01c45c59cf317235b7ad29b11","root"
"","MISCELLANEOUS ORDNANCE","","","","","","","","","","","","4.851","","","1","","","","","","2019-BASE_PROCUREMENT-2019-NAVY_SHIPBUILDINGANDCOVERSION-U_PROCUREMENT_MasterJustificationBook_Navy_PB_2019.zzz_unzipped-U_PROCUREMENT_MasterJustificationBook_Navy_PB_2019.xml","14191acf83148e2c874d70c0ea032878d423d04892e841aeca18c4529a27d12b","0-15266d79f4a41e9c7bb7de86e42ffc64991654295aac273b789b9a1f200d0c82","11091-a0556705b98b14141dc7e86db4a709d8bdc0c77473be09beeddadc218bb00889","root"
"","Aviation Support","","","","","","","","","","","","7.745","","","","","","","","","2019-BASE_PROCUREMENT-2019-NAVY_SHIPBUILDINGANDCOVERSION-U_PROCUREMENT_MasterJustificationBook_Navy_PB_2019.zzz_unzipped-U_PROCUREMENT_MasterJustificationBook_Navy_PB_2019.xml","651aa59353d9c137c7c7ed7efa2f74bb1e3d8f4c6ed3eced3278e337253be7e6","0-2d24d4e48586dbf152dbec40fbf4a90ce323d9a52e689205ab56e097130da845","11093-431402ce658f3a94510db4baa268c639defff2b162fb59bbd119d13ab4567bbf","root"
"","Miscellaneous Ordnance","","","","","","","","","","","","2.8","","","","","","","","","2019-BASE_PROCUREMENT-2019-NAVY_SHIPBUILDINGANDCOVERSION-U_PROCUREMENT_MasterJustificationBook_Navy_PB_2019.zzz_unzipped-U_PROCUREMENT_MasterJustificationBook_Navy_PB_2019.xml","651aa59353d9c137c7c7ed7efa2f74bb1e3d8f4c6ed3eced3278e337253be7e6","1-215f0aeea74030668830c63b6e68dc53885305026cf5a36c13a4ded773cf87ef","11093-431402ce658f3a94510db4baa268c639defff2b162fb59bbd119d13ab4567bbf","root"
"","Total Ship Test Program","","","","","","","","","","","","10.447","","","","","","","","","2019-BASE_PROCUREMENT-2019-NAVY_SHIPBUILDINGANDCOVERSION-U_PROCUREMENT_MasterJustificationBook_Navy_PB_2019.zzz_unzipped-U_PROCUREMENT_MasterJustificationBook_Navy_PB_2019.xml","651aa59353d9c137c7c7ed7efa2f74bb1e3d8f4c6ed3eced3278e337253be7e6","2-6251db7f53bc8f4ee819b37ed0c68aa33b2ced20c1c90dfc4463701e7c3dc085","11093-431402ce658f3a94510db4baa268c639defff2b162fb59bbd119d13ab4567bbf","root"
"true","DUAL BAND RADAR (DBR) (SPY-3 AND VOLUME SEARCH RADAR (VSR))","","","","","","","","","","","","","","","","","","","10.948","","2020-BASE_PROCUREMENT-2020-NAVY_SHIPBUILDINGANDCOVERSION-U_PROCUREMENT_JustificationBook_Navy_PB_2020.zzz_unzipped-U_PROCUREMENT_JustificationBook_Navy_PB_2020.xml","32504ad2a7e688527244f05aaddd99f674ca8968fcba75209474740d4df46dfa","0-b3008c6432d45dddc480a80e0acec730a87842e50e1a4648cb653553ee00dd8c","12613-85624c00d660248748a042a38f2fecf934cbf4958ff73f5fe7711eba88194ad7","root"
"","Other ORDNANCE","","","","","","","","","","2.726","","3.797","","","","","","","3.287","","2020-BASE_PROCUREMENT-2020-NAVY_SHIPBUILDINGANDCOVERSION-U_PROCUREMENT_JustificationBook_Navy_PB_2020.zzz_unzipped-U_PROCUREMENT_JustificationBook_Navy_PB_2020.xml","32504ad2a7e688527244f05aaddd99f674ca8968fcba75209474740d4df46dfa","1-69ae258e0dd6941e8bd9ca27eb46256156aa8c24a5ae8890c72441485fa96b7f","12613-85624c00d660248748a042a38f2fecf934cbf4958ff73f5fe7711eba88194ad7","root"
"","Aviation Support","","","","","","","","","","","","","","","7.745","","","","","","2020-BASE_PROCUREMENT-2020-NAVY_SHIPBUILDINGANDCOVERSION-U_PROCUREMENT_JustificationBook_Navy_PB_2020.zzz_unzipped-U_PROCUREMENT_JustificationBook_Navy_PB_2020.xml","a30fb163f04d29291638d311bbf03be8dc48823cfa05a2f328112ff44f545d50","0-c98b99a6c5351eb9b82e99dd6eb520f389ebdc6fdffb42fdfe2b72193ed5b411","12614-a4d61d0802ee2207836eb8979a44ab9157470af84899c861a3e3ef34ba0ef4fe","root"
"","Miscellaneous Ordnance","","","","","","","","","","","","","","","2.8","","","","","","2020-BASE_PROCUREMENT-2020-NAVY_SHIPBUILDINGANDCOVERSION-U_PROCUREMENT_JustificationBook_Navy_PB_2020.zzz_unzipped-U_PROCUREMENT_JustificationBook_Navy_PB_2020.xml","a30fb163f04d29291638d311bbf03be8dc48823cfa05a2f328112ff44f545d50","1-8f0880aba7384af45f73cfe2696a339eb070c2c1a1e61577e1ad94c2f51f57b7","12614-a4d61d0802ee2207836eb8979a44ab9157470af84899c861a3e3ef34ba0ef4fe","root"
"","Total Ship Test Program","","","","","","","","","","","","","","","10.447","","","","","","2020-BASE_PROCUREMENT-2020-NAVY_SHIPBUILDINGANDCOVERSION-U_PROCUREMENT_JustificationBook_Navy_PB_2020.zzz_unzipped-U_PROCUREMENT_JustificationBook_Navy_PB_2020.xml","a30fb163f04d29291638d311bbf03be8dc48823cfa05a2f328112ff44f545d50","2-b7231912b1894ce465caaf52827431673b65735adee2de351e18261f6b5c7b8b","12614-a4d61d0802ee2207836eb8979a44ab9157470af84899c861a3e3ef34ba0ef4fe","root"
"","MISCELLANEOUS ORDNANCE","","","","","","","","","","","","","","","19.736","","","6.358","","","2020-BASE_PROCUREMENT-2020-NAVY_SHIPBUILDINGANDCOVERSION-U_PROCUREMENT_JustificationBook_Navy_PB_2020.zzz_unzipped-U_PROCUREMENT_JustificationBook_Navy_PB_2020.xml","61c75f4854ca92250e7faa2931112113ac0649a293e0256c0de12704ee4d411a","0-313d67ff8ea92dd5bd325aa063b58b381b2076c12e354e74d1377aba6a18c663","12616-6956f98b87b2742a32bb04f67fdf09a66fed5cf3ccd9f032c58626bf6a20fc9d","root"
"","TEST & CERTIFICATIONS, MISC","","","","","","","","","","3.796","","","","","","","","5.894","","","2020-BASE_PROCUREMENT-2020-NAVY_SHIPBUILDINGANDCOVERSION-U_PROCUREMENT_JustificationBook_Navy_PB_2020.zzz_unzipped-U_PROCUREMENT_JustificationBook_Navy_PB_2020.xml","79df57bc99fb77f6f94f2d8202847567fc765bce66445ff4e4e663760799e6e1","0-62dd38e5708ebe253bca9e584db27e2b2309616eca319400e7ae559085920982","12629-3d8c5d1e76fb10712739a98d014b0e59b530c88a8a90ee96c988eb58527fd863","root"
"","MISSION SYSTEM ACTIVATION","","","","","","","","","","","","","2.5","","","","","","","2.5","2020-BASE_PROCUREMENT-2020-NAVY_SHIPBUILDINGANDCOVERSION-U_PROCUREMENT_JustificationBook_Navy_PB_2020.zzz_unzipped-U_PROCUREMENT_JustificationBook_Navy_PB_2020.xml","8644d6cf0ff072d3154c0109223402de2d9d8f52cc878b156fc73009c9601119","0-10f3d7828a9d4caa225c916e2f1978420567a60e6da4b44dd52601d5c92be225","12630-85983e0fddb6c58a88d0115e70e66668466caa1debda4d223caa9d10d5d43fa0","root"
"","MISC. ORDNANCE","","2","2","3","3","3","2","","174.103","195.521","","159.122","","","166.363","198.721","","202.713","","","2020-BASE_PROCUREMENT-2020-NAVY_SHIPBUILDINGANDCOVERSION-U_PROCUREMENT_JustificationBook_Navy_PB_2020.zzz_unzipped-U_PROCUREMENT_JustificationBook_Navy_PB_2020.xml","f88449ebd51dedd31a2638fdba5e14252aa210ecf7ac5ea8d1c24b9a55389b12","0-942c8584276630f80d941342b315a3ad7e258ccd54436dc68126e2a4dcb6b653","12631-80ef3dd9bc28556129da10b16e57ba772ef8c010d6125b6566b9f66702d5454d","root"
"","Other Ordnance","","","","","1","","","","","0.55","","","","","","","","","","","2020-BASE_PROCUREMENT-2020-NAVY_SHIPBUILDINGANDCOVERSION-U_PROCUREMENT_JustificationBook_Navy_PB_2020.zzz_unzipped-U_PROCUREMENT_JustificationBook_Navy_PB_2020.xml","c28c27813a2cf7ded6b86fcbf9224130d193279ad60a95d269b6367bacde8fe9","0-114801cb21016a272b81273ebeeed8fa7ad1d44baa668e5a8f74ae282eba3028","12633-f6396dcffea2eee7defbd825fc92b460fdf406dc8a73a78d003cf6b69fc7128d","root"
"","MISCELLANEOUS ORDNANCE","","","","","","","","","","","","11.61","","","","","","","","","2020-BASE_PROCUREMENT-2020-NAVY_SHIPBUILDINGANDCOVERSION-U_PROCUREMENT_JustificationBook_Navy_PB_2020.zzz_unzipped-U_PROCUREMENT_JustificationBook_Navy_PB_2020.xml","9c168386c667ef3d36f81563d2d4cc8667e0a613f9f857e619b298d98031ffd5","0-6558dfe4058708d42f5ad4cd7809e0b70c32d1ddd83c4c8366e12c613aa21577","12634-63e4f732c4ea32fb07c2dfef9565cb532132eda28b681cb9db8303a0b1fcf281","root"
"true","DUAL BAND RADAR (DBR) (SPY-3 AND VOLUME SEARCH RADAR (VSR))","","","","","","","","","","","","","","","","","","","10.948","","2020-BASE_PROCUREMENT-2020-NAVY_SHIPBUILDINGANDCOVERSION-U_PROCUREMENT_MasterJustificationBook_Navy_PB_2020.zzz_unzipped-U_PROCUREMENT_MasterJustificationBook_Navy_PB_2020.xml","d143fe01a081a0f255f6aad559f7bd427f9f1cc2ecd779a7e68acdbdf10f5453","0-1a53a822e780db3f43a5163bac5e589d7d532df6463b4f717116e2e02eeadf91","12637-05f4d12841747c6fd36fe7e74d6e1e0e4f7d0db53eca42fc66ba30859ca4f0e0","root"
"","Other ORDNANCE","","","","","","","","","","2.726","","3.797","","","","","","","3.287","","2020-BASE_PROCUREMENT-2020-NAVY_SHIPBUILDINGANDCOVERSION-U_PROCUREMENT_MasterJustificationBook_Navy_PB_2020.zzz_unzipped-U_PROCUREMENT_MasterJustificationBook_Navy_PB_2020.xml","d143fe01a081a0f255f6aad559f7bd427f9f1cc2ecd779a7e68acdbdf10f5453","1-e358f572b27384c472bccc2faad4708deed6dabf120e0bc436569aaeca971988","12637-05f4d12841747c6fd36fe7e74d6e1e0e4f7d0db53eca42fc66ba30859ca4f0e0","root"
"","Aviation Support","","","","","","","","","","","","","","","7.745","","","","","","2020-BASE_PROCUREMENT-2020-NAVY_SHIPBUILDINGANDCOVERSION-U_PROCUREMENT_MasterJustificationBook_Navy_PB_2020.zzz_unzipped-U_PROCUREMENT_MasterJustificationBook_Navy_PB_2020.xml","1bf2304bf6786187c63030b5e02bf99a3fe02fecfde1e3c616fb0ae51dbeb198","0-970e004181c16292f703d3b928ffad5df5b9d3b1472ac2372716b213e08fae42","12638-8f53b6def2cccad69c278d1079dbcc21f09f0d5a69be2fcf5c70fe4b1222dc6f","root"
"","Miscellaneous Ordnance","","","","","","","","","","","","","","","2.8","","","","","","2020-BASE_PROCUREMENT-2020-NAVY_SHIPBUILDINGANDCOVERSION-U_PROCUREMENT_MasterJustificationBook_Navy_PB_2020.zzz_unzipped-U_PROCUREMENT_MasterJustificationBook_Navy_PB_2020.xml","1bf2304bf6786187c63030b5e02bf99a3fe02fecfde1e3c616fb0ae51dbeb198","1-844e979b0c1d5cf56413779cd6a1419bc49f372155e0694264d398d919568c13","12638-8f53b6def2cccad69c278d1079dbcc21f09f0d5a69be2fcf5c70fe4b1222dc6f","root"
"","Total Ship Test Program","","","","","","","","","","","","","","","10.447","","","","","","2020-BASE_PROCUREMENT-2020-NAVY_SHIPBUILDINGANDCOVERSION-U_PROCUREMENT_MasterJustificationBook_Navy_PB_2020.zzz_unzipped-U_PROCUREMENT_MasterJustificationBook_Navy_PB_2020.xml","1bf2304bf6786187c63030b5e02bf99a3fe02fecfde1e3c616fb0ae51dbeb198","2-994a29f44f62b589bbb20ea65ea32bf209d66f836a69ba4a3461e029f5398fa6","12638-8f53b6def2cccad69c278d1079dbcc21f09f0d5a69be2fcf5c70fe4b1222dc6f","root"
"","MISCELLANEOUS ORDNANCE","","","","","","","","","","","","","","","19.736","","","6.358","","","2020-BASE_PROCUREMENT-2020-NAVY_SHIPBUILDINGANDCOVERSION-U_PROCUREMENT_MasterJustificationBook_Navy_PB_2020.zzz_unzipped-U_PROCUREMENT_MasterJustificationBook_Navy_PB_2020.xml","e131c0f9c0cddd147c5f2a5af285d5a65223c9ab0a8e83cb610b0d4ae369c030","0-402604cbd2099aea40c1eb5e735bb39a40ff37c133bc6ddb8796a451698c1b4d","12640-9609f00f5555b2955b30ca22ef1e3d7364e62d002ffe21ecde9ba9467ad758ff","root"
"","TEST & CERTIFICATIONS, MISC","","","","","","","","","","3.796","","","","","","","","5.894","","","2020-BASE_PROCUREMENT-2020-NAVY_SHIPBUILDINGANDCOVERSION-U_PROCUREMENT_MasterJustificationBook_Navy_PB_2020.zzz_unzipped-U_PROCUREMENT_MasterJustificationBook_Navy_PB_2020.xml","53454ed154816f70057095a6ea7a42707220b000004458bda908b6e9eea36312","0-e7b43f9d6bc8788dec9681a97af8d28856f5d8b61a56ec24d1f325c7a5a203c6","12653-e4a0f85fb567b4e95344bba2c7218493fc865e936f3f0746c538f615cfd21db6","root"
"","MISSION SYSTEM ACTIVATION","","","","","","","","","","","","","2.5","","","","","","","2.5","2020-BASE_PROCUREMENT-2020-NAVY_SHIPBUILDINGANDCOVERSION-U_PROCUREMENT_MasterJustificationBook_Navy_PB_2020.zzz_unzipped-U_PROCUREMENT_MasterJustificationBook_Navy_PB_2020.xml","fa505ec92f383fcc1ed15c617e66a7a22b7d4afe96a0183b867c4406bbfec040","0-6a3612a10f14a6ea25acdb54cd06c5ffe6507d2158a0f64e8f1a997298cb8edc","12654-9b4df0b2d900954183ae91f4ae9c9a88307fa4cc5382942de5d328893a3ccdfd","root"
"","MISC. ORDNANCE","","2","2","3","3","3","2","","174.103","195.521","","159.122","","","166.363","198.721","","202.713","","","2020-BASE_PROCUREMENT-2020-NAVY_SHIPBUILDINGANDCOVERSION-U_PROCUREMENT_MasterJustificationBook_Navy_PB_2020.zzz_unzipped-U_PROCUREMENT_MasterJustificationBook_Navy_PB_2020.xml","5f09bad83be8d9935dfb8fbbbac4473f946bb03e639a64a10be47789f49d0473","0-55062d844f7a68fe9d8de1f6121282400c4ca81678bdf89979755a30cc0c34ae","12655-747774cbdaaa137c5a2f95b6971a731121c129af5aabb154b9fc86281a391891","root"
"","Other Ordnance","","","","","1","","","","","0.55","","","","","","","","","","","2020-BASE_PROCUREMENT-2020-NAVY_SHIPBUILDINGANDCOVERSION-U_PROCUREMENT_MasterJustificationBook_Navy_PB_2020.zzz_unzipped-U_PROCUREMENT_MasterJustificationBook_Navy_PB_2020.xml","e8fe4dd5e0be95240e0d086c5a917adf6e4464ec266a3ea1db82e27107e162d0","0-e4419f1a048feac0bf843b708d6bac581ed19511211260a08430d2d557b8f249","12657-9dba221a3ead02e98194d98c2e37d006e8d75418f51e6c5c703aa9370efe0bf2","root"
"","MISCELLANEOUS ORDNANCE","","","","","","","","","","","","11.61","","","","","","","","","2020-BASE_PROCUREMENT-2020-NAVY_SHIPBUILDINGANDCOVERSION-U_PROCUREMENT_MasterJustificationBook_Navy_PB_2020.zzz_unzipped-U_PROCUREMENT_MasterJustificationBook_Navy_PB_2020.xml","fede88ab6e4790d85bb219ffaa3eb2a124927ee5b9d8867aa75a8d6481dc6908","0-38e33b2954f17f6345890cd7807c8e486271f9b009ccdd62023a38b5e385192d","12658-ac94d5d19640ed290cff5ce909c4390d3ae5f08d633fc372fb7483874f3a3ee6","root"
