FiscalYear_val,PCOLocation_val,AwardDate_val,FirstDeliveryDate_val,Quantity_val,UnitCost_val,SpecsAvailableNow_val,RFPIssueDate_val,ContractMethod_val,ContractType_val,@SOURCE_FILENAME,@RECORDID,@ROWID,FundingVehicle_val,ItemNameSuffix_val,@PARENTROWID,@PARENT
"2012","77","2012-03","2013-08","19","2.651","true","2011-10","SS","FPIF","2014-BASE_PROCUREMENT-2014-AIRFORCE_AIRCRAFT_VOL1-PROCUREMENT_JustificationBook_Air_Force_PB_2014.zzz_unzipped-PROCUREMENT_JustificationBook_Air_Force_PB_2014.xml","9b61234d81d63166f24ad258b5e55dffeec409e2dd27bb2645028bc0cc61d668","0-a7ac43f86b07fc9dee6bfe3deb84402d60195193c0aa9fc51c8f5fb31aac1940","","","0-6b85cfb7d09bf7cf0eba81843fb8b06992909861d32bd0d364f980b19fc9a4e0","root.record.ItemExhibitList.P10AdvanceProcurementList.P10AdvanceProcurement.APCostElementCategoryList.EOQ.APCostElement"
"2013","77","2013-03","2014-05","19","3.397","true","2012-06","SS","FPIF","2014-BASE_PROCUREMENT-2014-AIRFORCE_AIRCRAFT_VOL1-PROCUREMENT_JustificationBook_Air_Force_PB_2014.zzz_unzipped-PROCUREMENT_JustificationBook_Air_Force_PB_2014.xml","9b61234d81d63166f24ad258b5e55dffeec409e2dd27bb2645028bc0cc61d668","1-549eca49a73ded77d2e8c28ff29947effd910f02968b4e7620038777d737554c","","","0-6b85cfb7d09bf7cf0eba81843fb8b06992909861d32bd0d364f980b19fc9a4e0","root.record.ItemExhibitList.P10AdvanceProcurementList.P10AdvanceProcurement.APCostElementCategoryList.EOQ.APCostElement"
"2014","77","2014-03","2015-05","30","2.668","true","2013-03","SS","FPIF","2014-BASE_PROCUREMENT-2014-AIRFORCE_AIRCRAFT_VOL1-PROCUREMENT_JustificationBook_Air_Force_PB_2014.zzz_unzipped-PROCUREMENT_JustificationBook_Air_Force_PB_2014.xml","9b61234d81d63166f24ad258b5e55dffeec409e2dd27bb2645028bc0cc61d668","2-5cb5004c7f8b99e6fab6b2af656fa93def8bd4cf5b98b38f48e0ea5993c8ac2a","","","0-6b85cfb7d09bf7cf0eba81843fb8b06992909861d32bd0d364f980b19fc9a4e0","root.record.ItemExhibitList.P10AdvanceProcurementList.P10AdvanceProcurement.APCostElementCategoryList.EOQ.APCostElement"
"2012","77","2012-03","2013-08","19","2.651","true","2011-10","SS","FPIF","2014-BASE_PROCUREMENT-2014-AIRFORCE_AIRCRAFT_VOL2-PROCUREMENT_MasterJustificationBook_Air_Force_PB_2014.zzz_unzipped-PROCUREMENT_MasterJustificationBook_Air_Force_PB_2014.xml","49e6ebb877c28b1a5a5ad3ec630e9669d0f205b4790c66bd50e69d037f2b0687","0-e3ca888b5592303c6f8827919bcd9a853ae14395d955b13d0796f5a878ede4fc","","","0-c5dcc4795c19739afa18fcc17967e477f0237843622015206fc638226b143865","root.record.ItemExhibitList.P10AdvanceProcurementList.P10AdvanceProcurement.APCostElementCategoryList.EOQ.APCostElement"
"2013","77","2013-03","2014-05","19","3.397","true","2012-06","SS","FPIF","2014-BASE_PROCUREMENT-2014-AIRFORCE_AIRCRAFT_VOL2-PROCUREMENT_MasterJustificationBook_Air_Force_PB_2014.zzz_unzipped-PROCUREMENT_MasterJustificationBook_Air_Force_PB_2014.xml","49e6ebb877c28b1a5a5ad3ec630e9669d0f205b4790c66bd50e69d037f2b0687","1-a1239e1bc18423e58879abfdc3efbecbc89682bde48cb9b75b1518d01e2f5b3f","","","0-c5dcc4795c19739afa18fcc17967e477f0237843622015206fc638226b143865","root.record.ItemExhibitList.P10AdvanceProcurementList.P10AdvanceProcurement.APCostElementCategoryList.EOQ.APCostElement"
"2014","77","2014-03","2015-05","30","2.668","true","2013-03","SS","FPIF","2014-BASE_PROCUREMENT-2014-AIRFORCE_AIRCRAFT_VOL2-PROCUREMENT_MasterJustificationBook_Air_Force_PB_2014.zzz_unzipped-PROCUREMENT_MasterJustificationBook_Air_Force_PB_2014.xml","49e6ebb877c28b1a5a5ad3ec630e9669d0f205b4790c66bd50e69d037f2b0687","2-7c83f054c3b39790a55006930fdeb804dcd7689e7560ffbabcb4f574102ea0c7","","","0-c5dcc4795c19739afa18fcc17967e477f0237843622015206fc638226b143865","root.record.ItemExhibitList.P10AdvanceProcurementList.P10AdvanceProcurement.APCostElementCategoryList.EOQ.APCostElement"
"2012","77","2012-03","2013-08","19","2.651","true","2011-10","SS","FPIF","2014-BASE_PROCUREMENT-2014-AIRFORCE_AIRCRAFT_VOL1-PROCUREMENT_MasterJustificationBook_Air_Force_PB_2014.zzz_unzipped-PROCUREMENT_MasterJustificationBook_Air_Force_PB_2014.xml","6ab9e29ac3b8aded689164aba8dab423bb75c52b5172bcd81d5d2ac7eeafb8ff","0-261a5453817b3b0fb934b181aefa788e81eb666439f50964a3a962b426638ce2","","","0-21f64734b6587617b4c69132d69c9d1c7cac304ef4d5f47e144ce5042b4c356a","root.record.ItemExhibitList.P10AdvanceProcurementList.P10AdvanceProcurement.APCostElementCategoryList.EOQ.APCostElement"
"2013","77","2013-03","2014-05","19","3.397","true","2012-06","SS","FPIF","2014-BASE_PROCUREMENT-2014-AIRFORCE_AIRCRAFT_VOL1-PROCUREMENT_MasterJustificationBook_Air_Force_PB_2014.zzz_unzipped-PROCUREMENT_MasterJustificationBook_Air_Force_PB_2014.xml","6ab9e29ac3b8aded689164aba8dab423bb75c52b5172bcd81d5d2ac7eeafb8ff","1-68fcfa8423b473b6b499ea6d0b988f9f0f2a320670ff6c5d0a75d83c0b4a693d","","","0-21f64734b6587617b4c69132d69c9d1c7cac304ef4d5f47e144ce5042b4c356a","root.record.ItemExhibitList.P10AdvanceProcurementList.P10AdvanceProcurement.APCostElementCategoryList.EOQ.APCostElement"
"2014","77","2014-03","2015-05","30","2.668","true","2013-03","SS","FPIF","2014-BASE_PROCUREMENT-2014-AIRFORCE_AIRCRAFT_VOL1-PROCUREMENT_MasterJustificationBook_Air_Force_PB_2014.zzz_unzipped-PROCUREMENT_MasterJustificationBook_Air_Force_PB_2014.xml","6ab9e29ac3b8aded689164aba8dab423bb75c52b5172bcd81d5d2ac7eeafb8ff","2-308025b0ce9e458c6be3719f19c3f6b9b198e722d9e61dc5a2ed2b60836e43f1","","","0-21f64734b6587617b4c69132d69c9d1c7cac304ef4d5f47e144ce5042b4c356a","root.record.ItemExhibitList.P10AdvanceProcurementList.P10AdvanceProcurement.APCostElementCategoryList.EOQ.APCostElement"
"2013","See End Item P5A","0001-01","0001-01","0","0","","0001-01","","","2014-BASE_PROCUREMENT-2014-NAVY_AIRCRAFT_BA1-4-PROCUREMENT_JustificationBook_Navy_PB_2014.zzz_unzipped-PROCUREMENT_JustificationBook_Navy_PB_2014.xml","59eb071a2b8c27825df619eb2437ee7c5c84f3ba541674a32571545b2cf94550","0-fda38631d9adf0452a2739209caf845b07995e89eeebd041824dd787f0e83923","TBD","I think i","0-92c40bd9794405e8d54706e268fe60fbad309cd860075659fa24f1450d526ec2","root.record.ItemExhibitList.P10AdvanceProcurementList.P10AdvanceProcurement.APCostElementCategoryList.EOQ.APCostElement"
"2013","See End Item P5A","0001-01","0001-01","0","0","","0001-01","","","2014-BASE_PROCUREMENT-2014-NAVY_AIRCRAFT_BA1-4-PROCUREMENT_JustificationBook_Navy_PB_2014.zzz_unzipped-PROCUREMENT_JustificationBook_Navy_PB_2014.xml","59eb071a2b8c27825df619eb2437ee7c5c84f3ba541674a32571545b2cf94550","0-6b6fed5e7624e6ced8c3fc3ff435018a798614f01bd1de131735cd7364b9c922","TBD","I think i","1-a0bddb8e0b1abe7ff5b0c339447269b4bbd3ade5fa45da6fb280825f0590e602","root.record.ItemExhibitList.P10AdvanceProcurementList.P10AdvanceProcurement.APCostElementCategoryList.EOQ.APCostElement"
"2013","See End Item P5A","0001-01","0001-01","0","0","","0001-01","","","2014-BASE_PROCUREMENT-2014-NAVY_AIRCRAFT_BA1-4-PROCUREMENT_JustificationBook_Navy_PB_2014.zzz_unzipped-PROCUREMENT_JustificationBook_Navy_PB_2014.xml","59eb071a2b8c27825df619eb2437ee7c5c84f3ba541674a32571545b2cf94550","0-81c6a7f60a549809000dad1b56123cf2616f45c86e51f0ea6c8260452c11aed2","TBD","I think i","2-07781902888f2b1cf0118435b3cf025a286600d5b4c85326a9444de09c79683f","root.record.ItemExhibitList.P10AdvanceProcurementList.P10AdvanceProcurement.APCostElementCategoryList.EOQ.APCostElement"
"2013","See End Item P5A","0001-01","0001-01","0","0","","0001-01","","","2014-BASE_PROCUREMENT-2014-NAVY_AIRCRAFT_BA1-4-PROCUREMENT_JustificationBook_Navy_PB_2014.zzz_unzipped-PROCUREMENT_JustificationBook_Navy_PB_2014.xml","59eb071a2b8c27825df619eb2437ee7c5c84f3ba541674a32571545b2cf94550","0-72f92cad24db82fd2f26125ecd429bf44713e962a8243389322e2bbd17d597a5","TBD","I think i","3-c93f68324f05ce04cfd74ac6d16b10c4a769a29fcd482b811b7147c332ae08f1","root.record.ItemExhibitList.P10AdvanceProcurementList.P10AdvanceProcurement.APCostElementCategoryList.EOQ.APCostElement"
"2013","See End Item P5A","0001-01","0001-01","0","0","","0001-01","","","2014-BASE_PROCUREMENT-2014-NAVY_AIRCRAFT_BA1-4-PROCUREMENT_JustificationBook_Navy_PB_2014.zzz_unzipped-PROCUREMENT_JustificationBook_Navy_PB_2014.xml","59eb071a2b8c27825df619eb2437ee7c5c84f3ba541674a32571545b2cf94550","0-d87020945ace5134d85b2f1de390fea14f2d47f186e5fce663bb445e1375b5c9","TBD","I think i","4-e94580271831dd9c03b93db45093d86cf16fa7ced42cc99f907fb15f643dd9e5","root.record.ItemExhibitList.P10AdvanceProcurementList.P10AdvanceProcurement.APCostElementCategoryList.EOQ.APCostElement"
"2013","See End Item P5A","2013-12","2013-12","0","0","","2013-12","","","2014-BASE_PROCUREMENT-2014-NAVY_AIRCRAFT_BA1-4-PROCUREMENT_JustificationBook_Navy_PB_2014.zzz_unzipped-PROCUREMENT_JustificationBook_Navy_PB_2014.xml","fca80c4a5bf23e192e9420dded4f49a1b46495e610d6495e88d6fe525d380853","0-70ef4af5d863cb7fe18580bf2f92d7fad597ce0ac79a2821182984e9df23878c","TBD","I think i","0-cdd01c1974fbf5e7687650d795afab247c299644297ebbbc46d86b0d94116e48","root.record.ItemExhibitList.P10AdvanceProcurementList.P10AdvanceProcurement.APCostElementCategoryList.EOQ.APCostElement"
"2013","See End Item P5A","2013-12","2013-12","0","0","","2013-12","","","2014-BASE_PROCUREMENT-2014-NAVY_AIRCRAFT_BA1-4-PROCUREMENT_JustificationBook_Navy_PB_2014.zzz_unzipped-PROCUREMENT_JustificationBook_Navy_PB_2014.xml","fca80c4a5bf23e192e9420dded4f49a1b46495e610d6495e88d6fe525d380853","0-9c376803d810d9d561807b9600e7cb8b3e18227454013d520c139e87a96b1322","TBD","I think i","1-c56ebc80193eff5c8e4915e6cd695f320f53d6aac7a28632d0ef5c0f265e39cf","root.record.ItemExhibitList.P10AdvanceProcurementList.P10AdvanceProcurement.APCostElementCategoryList.EOQ.APCostElement"
"2013","See End Item P5A","2013-12","2013-12","0","0","","2013-12","","","2014-BASE_PROCUREMENT-2014-NAVY_AIRCRAFT_BA1-4-PROCUREMENT_JustificationBook_Navy_PB_2014.zzz_unzipped-PROCUREMENT_JustificationBook_Navy_PB_2014.xml","fca80c4a5bf23e192e9420dded4f49a1b46495e610d6495e88d6fe525d380853","0-c2271fbca702d0119f9e6a2a2400f3ca756d06d6ddbb0e879255b5994fe6b45e","TBD","I think i","2-15637cd16b8734cfc986e1340fd78693987f39ccb312c16d961e40b51df05895","root.record.ItemExhibitList.P10AdvanceProcurementList.P10AdvanceProcurement.APCostElementCategoryList.EOQ.APCostElement"
"2013","See End Item P5A","2013-12","2013-12","0","0","","2013-12","","","2014-BASE_PROCUREMENT-2014-NAVY_AIRCRAFT_BA1-4-PROCUREMENT_JustificationBook_Navy_PB_2014.zzz_unzipped-PROCUREMENT_JustificationBook_Navy_PB_2014.xml","fca80c4a5bf23e192e9420dded4f49a1b46495e610d6495e88d6fe525d380853","0-2726624268eb7209d1ef7204a300e5c7a4fcef5d40a56c0de5271401a224e653","TBD","I think i","3-d749d456ad8463b37c1f682a895a9a056c2f41ace7b5efd61fb18aeb4fbfca7b","root.record.ItemExhibitList.P10AdvanceProcurementList.P10AdvanceProcurement.APCostElementCategoryList.EOQ.APCostElement"
"2013","See End Item P5A","2013-12","2013-12","0","0","","2013-12","","","2014-BASE_PROCUREMENT-2014-NAVY_AIRCRAFT_BA1-4-PROCUREMENT_JustificationBook_Navy_PB_2014.zzz_unzipped-PROCUREMENT_JustificationBook_Navy_PB_2014.xml","fca80c4a5bf23e192e9420dded4f49a1b46495e610d6495e88d6fe525d380853","0-b3a15a2c219b82f8eb44c46b18acb2f9ed1839e4dc4d96120cfea9f65d943537","TBD","I think i","4-be1318fa49d147fb78f61b8ab7e06c86f1f0b5f34b0a531ffa41e884659f8c85","root.record.ItemExhibitList.P10AdvanceProcurementList.P10AdvanceProcurement.APCostElementCategoryList.EOQ.APCostElement"
"2013","See End Item P5A","2013-12","2013-12","0","0","","2013-12","","","2014-BASE_PROCUREMENT-2014-NAVY_AIRCRAFT_BA1-4-PROCUREMENT_JustificationBook_Navy_PB_2014.zzz_unzipped-PROCUREMENT_JustificationBook_Navy_PB_2014.xml","fca80c4a5bf23e192e9420dded4f49a1b46495e610d6495e88d6fe525d380853","0-aa0806e99f4d128d3e0d551ade32334abcbfd48c99aec215b82d576426546713","TBD","I think i","5-7c60e70d6a44af89d140de17b900dbafeb7758c0befb5a2e3df443cfb2e0c097","root.record.ItemExhibitList.P10AdvanceProcurementList.P10AdvanceProcurement.APCostElementCategoryList.EOQ.APCostElement"
"2013","See End Item P5A","2013-12","2013-12","0","0","","2013-12","","","2014-BASE_PROCUREMENT-2014-NAVY_AIRCRAFT_BA1-4-PROCUREMENT_JustificationBook_Navy_PB_2014.zzz_unzipped-PROCUREMENT_JustificationBook_Navy_PB_2014.xml","fca80c4a5bf23e192e9420dded4f49a1b46495e610d6495e88d6fe525d380853","0-9c3444dba96589cf3161c3c9b758e3e63176dbe3f09423f23e616a0044379fb7","TBD","I think i","6-7ef34ab6aaa364e7f394f5b176e12fc01eb33b6ee5cdb7d88ea06c12ba9e3b32","root.record.ItemExhibitList.P10AdvanceProcurementList.P10AdvanceProcurement.APCostElementCategoryList.EOQ.APCostElement"
"2013","See End Item P5A","2013-12","2013-12","0","0","","2013-12","","","2014-BASE_PROCUREMENT-2014-NAVY_AIRCRAFT_BA1-4-PROCUREMENT_JustificationBook_Navy_PB_2014.zzz_unzipped-PROCUREMENT_JustificationBook_Navy_PB_2014.xml","fca80c4a5bf23e192e9420dded4f49a1b46495e610d6495e88d6fe525d380853","0-e2670fd2e1a932bfe62dba634c575e02d0c76c9d3ad3f935c210496ddd10a175","TBD","I think i","7-8abd975fef4f99bc7c34590fc49610a30347248a06eb850e04abf58f6ee8a0bf","root.record.ItemExhibitList.P10AdvanceProcurementList.P10AdvanceProcurement.APCostElementCategoryList.EOQ.APCostElement"
"2013","See End Item P5A","0001-01","0001-01","0","0","","0001-01","","","2014-BASE_PROCUREMENT-2014-NAVY_AIRCRAFT_BA1-4-PROCUREMENT_JustificationBook_Navy_PB_2014.zzz_unzipped-PROCUREMENT_JustificationBook_Navy_PB_2014.xml","9153159fe86babf2338e4b160b0225ad806515ca1ccc0dbf362bf9b5e04bfffb","0-6910695a33dec352ad09385eb6dedbd0a651c03b5039783bbcdfa26b9edc186d","TBD","I think i","0-38bbb8cd60109c742ca2cf8e11b1fc2b01380aecfe840a385eed3e374c40eb7b","root.record.ItemExhibitList.P10AdvanceProcurementList.P10AdvanceProcurement.APCostElementCategoryList.EOQ.APCostElement"
"2013","See End Item P5A","0001-01","0001-01","0","0","","0001-01","","","2014-BASE_PROCUREMENT-2014-NAVY_AIRCRAFT_BA1-4-PROCUREMENT_JustificationBook_Navy_PB_2014.zzz_unzipped-PROCUREMENT_JustificationBook_Navy_PB_2014.xml","9153159fe86babf2338e4b160b0225ad806515ca1ccc0dbf362bf9b5e04bfffb","0-75a22f81f967f8be06a816de5a061f4edf867b15e2f4f068e802498246ed5210","TBD","I think i","1-8d3075b09991793d94a32de131a93bd5db2921ed66695fcfb7deff12359b9f4e","root.record.ItemExhibitList.P10AdvanceProcurementList.P10AdvanceProcurement.APCostElementCategoryList.EOQ.APCostElement"
"2013","See End Item P5A","0001-01","0001-01","0","0","","0001-01","","","2014-BASE_PROCUREMENT-2014-NAVY_AIRCRAFT_BA1-4-PROCUREMENT_JustificationBook_Navy_PB_2014.zzz_unzipped-PROCUREMENT_JustificationBook_Navy_PB_2014.xml","9153159fe86babf2338e4b160b0225ad806515ca1ccc0dbf362bf9b5e04bfffb","0-60f22ffd63230ccc7d74bfd748ab68b7b825f90c0b8ca4023144416084eb4fed","TBD","I think i","2-b1a53a11ccb597f512cfcfd042e3e17a309130dbb24bb3a8fb217a8bded001f5","root.record.ItemExhibitList.P10AdvanceProcurementList.P10AdvanceProcurement.APCostElementCategoryList.EOQ.APCostElement"
"2013","See End Item P5A","0001-01","0001-01","0","0","","0001-01","","","2014-BASE_PROCUREMENT-2014-NAVY_AIRCRAFT_BA1-4-PROCUREMENT_JustificationBook_Navy_PB_2014.zzz_unzipped-PROCUREMENT_JustificationBook_Navy_PB_2014.xml","9153159fe86babf2338e4b160b0225ad806515ca1ccc0dbf362bf9b5e04bfffb","0-15136ccee694049ac2aed899e84cdd1f9fdbfda7ddd649e24ae45370a3b13b45","TBD","I think i","3-654bfc6f6eec70993a8461f4f4bd43db5ba3f626a0a83fbfd3e92f1bb75366eb","root.record.ItemExhibitList.P10AdvanceProcurementList.P10AdvanceProcurement.APCostElementCategoryList.EOQ.APCostElement"
"2013","See End Item P5A","0001-01","0001-01","0","0","","0001-01","","","2014-BASE_PROCUREMENT-2014-NAVY_AIRCRAFT_BA1-4-PROCUREMENT_JustificationBook_Navy_PB_2014.zzz_unzipped-PROCUREMENT_JustificationBook_Navy_PB_2014.xml","9153159fe86babf2338e4b160b0225ad806515ca1ccc0dbf362bf9b5e04bfffb","0-a2969ee502039f49c323baf4e421f594d768c6041a52d3222fccc04bd41d798d","TBD","I think i","4-36cae67c14de571f707eea42b72bacf74f87cd29bdb63aed154604a727304a56","root.record.ItemExhibitList.P10AdvanceProcurementList.P10AdvanceProcurement.APCostElementCategoryList.EOQ.APCostElement"
"2013","See End Item P5A","0001-01","0001-01","0","0","","0001-01","","","2014-BASE_PROCUREMENT-2014-NAVY_AIRCRAFT_BA1-4-PROCUREMENT_JustificationBook_Navy_PB_2014.zzz_unzipped-PROCUREMENT_JustificationBook_Navy_PB_2014.xml","2ca0b177ff5773179adc68e99a8aa14d5082a81544df1d5d478b6a1901815e1a","0-f8b0ac5f494f24cab21945ed4ae2b0e1e09d118b6829a6b73d658c2460179b48","TBD","I think i","0-5b497957b933e6b025b994f4ebe5811039e3357c8c501c00f311f67b7bc33140","root.record.ItemExhibitList.P10AdvanceProcurementList.P10AdvanceProcurement.APCostElementCategoryList.EOQ.APCostElement"
"2013","See End Item P5A","0001-01","0001-01","0","0","","0001-01","","","2014-BASE_PROCUREMENT-2014-NAVY_AIRCRAFT_BA1-4-PROCUREMENT_JustificationBook_Navy_PB_2014.zzz_unzipped-PROCUREMENT_JustificationBook_Navy_PB_2014.xml","64929e2f3b423b633d4163e755851b1fd905e7aae3c16591258a0272ed89fca7","0-b07dc6aea0e2fadc0de0ac74b79c1d3d7530a323d29a5d7a9cc0ec3471c5ab8f","TBD","I think i","0-aaf633094fbd6a07f0732d23522061b90aed5dcc9888154973e70f2b7bf16550","root.record.ItemExhibitList.P10AdvanceProcurementList.P10AdvanceProcurement.APCostElementCategoryList.EOQ.APCostElement"
"2013","See End Item P5A","0001-01","0001-01","0","0","","0001-01","","","2014-BASE_PROCUREMENT-2014-NAVY_AIRCRAFT_BA1-4-PROCUREMENT_JustificationBook_Navy_PB_2014.zzz_unzipped-PROCUREMENT_JustificationBook_Navy_PB_2014.xml","64929e2f3b423b633d4163e755851b1fd905e7aae3c16591258a0272ed89fca7","0-bc7ea6eb9bf32ec046df3e5fa9cd6226b6bc70e82ef5073b9cdbe18d4800ecc9","TBD","I think i","1-0f75759d45a99964f0ec9044ab6796246b28fdc067e993934f2557946b578005","root.record.ItemExhibitList.P10AdvanceProcurementList.P10AdvanceProcurement.APCostElementCategoryList.EOQ.APCostElement"
"2013","See End Item P5A","0001-01","0001-01","0","0","","0001-01","","","2014-BASE_PROCUREMENT-2014-NAVY_AIRCRAFT_BA1-4-PROCUREMENT_JustificationBook_Navy_PB_2014.zzz_unzipped-PROCUREMENT_JustificationBook_Navy_PB_2014.xml","64929e2f3b423b633d4163e755851b1fd905e7aae3c16591258a0272ed89fca7","0-b9fdaf90aef3fa52c24cd19a4a45ca517b6b16d06648b9b6e077b6056505a866","TBD","I think i","2-6696ad67aad1c4792a4ba04a725f2c0d615b3bd31aafe3c4e569e8b5c6a64c2d","root.record.ItemExhibitList.P10AdvanceProcurementList.P10AdvanceProcurement.APCostElementCategoryList.EOQ.APCostElement"
"2013","See End Item P5A","0001-01","0001-01","0","0","","0001-01","","","2014-BASE_PROCUREMENT-2014-NAVY_AIRCRAFT_BA1-4-PROCUREMENT_JustificationBook_Navy_PB_2014.zzz_unzipped-PROCUREMENT_JustificationBook_Navy_PB_2014.xml","64929e2f3b423b633d4163e755851b1fd905e7aae3c16591258a0272ed89fca7","0-62db22247fba981c92be755ce9113fdafcfe2391afd09119912bf4427cf54898","TBD","I think i","3-0cc754c64ed09ae4ebb3d0d3c3555fd722b5f7dcc564086f6ea5bf83736fc9ab","root.record.ItemExhibitList.P10AdvanceProcurementList.P10AdvanceProcurement.APCostElementCategoryList.EOQ.APCostElement"
"2013","See End Item P5A","0001-01","0001-01","0","0","","0001-01","","","2014-BASE_PROCUREMENT-2014-NAVY_AIRCRAFT_BA1-4-PROCUREMENT_JustificationBook_Navy_PB_2014.zzz_unzipped-PROCUREMENT_JustificationBook_Navy_PB_2014.xml","64929e2f3b423b633d4163e755851b1fd905e7aae3c16591258a0272ed89fca7","0-d0efc15eefefebba0518041dcd0103ec1d7547f2c060738428bed77fa73a0e8f","TBD","I think i","4-1244f0ec3b634730dd61bf617b892384882d9ba5174938d331d3b5b381cd0d20","root.record.ItemExhibitList.P10AdvanceProcurementList.P10AdvanceProcurement.APCostElementCategoryList.EOQ.APCostElement"
"2013","See End Item P5A","0001-01","0001-01","0","0","","0001-01","","","2014-BASE_PROCUREMENT-2014-NAVY_AIRCRAFT_BA1-4-PROCUREMENT_JustificationBook_Navy_PB_2014.zzz_unzipped-PROCUREMENT_JustificationBook_Navy_PB_2014.xml","049cb91018f89e9c503e94cc8bbd5cb09e1075dae1b2910caf7d2d2f90fe1cc2","0-c9e88d07092ab32ca00aece5d1a3fae712e23f0c3088089244d22e4da4a335d9","TBD","I think i","0-1df22c96821b355761ba3eaa1e906bb4ff733a5a9060748dc8cb0ac1a358ac92","root.record.ItemExhibitList.P10AdvanceProcurementList.P10AdvanceProcurement.APCostElementCategoryList.EOQ.APCostElement"
"2013","See End Item P5A","0001-01","0001-01","0","0","","0001-01","","","2014-BASE_PROCUREMENT-2014-NAVY_AIRCRAFT_BA7-PROCUREMENT_MasterJustificationBook_Navy_PB_2014.zzz_unzipped-PROCUREMENT_MasterJustificationBook_Navy_PB_2014.xml","fc4b633568d09aa78acf18bb3a1378b7461e8def6999ee372311daf44c967cce","0-d115f32b6426d8bab84d595ab8336ac18e99b2a7b89a95df20a60cf76ab41688","TBD","I think i","0-f8979605c1b6f3c69101edb03f35e236f265b0451345e5e1a0f39acc0c9b2938","root.record.ItemExhibitList.P10AdvanceProcurementList.P10AdvanceProcurement.APCostElementCategoryList.EOQ.APCostElement"
"2013","See End Item P5A","0001-01","0001-01","0","0","","0001-01","","","2014-BASE_PROCUREMENT-2014-NAVY_AIRCRAFT_BA7-PROCUREMENT_MasterJustificationBook_Navy_PB_2014.zzz_unzipped-PROCUREMENT_MasterJustificationBook_Navy_PB_2014.xml","fc4b633568d09aa78acf18bb3a1378b7461e8def6999ee372311daf44c967cce","0-de1386bac4dc142b24560e811238cf8927048f1457ed35b5d0c7cf735566fa64","TBD","I think i","1-775031e95f816330571e02468869baf8422f9956160eb911a2c49e1f6a82f9cb","root.record.ItemExhibitList.P10AdvanceProcurementList.P10AdvanceProcurement.APCostElementCategoryList.EOQ.APCostElement"
"2013","See End Item P5A","0001-01","0001-01","0","0","","0001-01","","","2014-BASE_PROCUREMENT-2014-NAVY_AIRCRAFT_BA7-PROCUREMENT_MasterJustificationBook_Navy_PB_2014.zzz_unzipped-PROCUREMENT_MasterJustificationBook_Navy_PB_2014.xml","fc4b633568d09aa78acf18bb3a1378b7461e8def6999ee372311daf44c967cce","0-8a85586cf28ac557422c0860902615c585154d19b9ed7da4146de1aa7b19b691","TBD","I think i","2-f85425fc0d2e254c1848d571c5a8aaab6c16658a62a7c23fe2bb92e1ec6112de","root.record.ItemExhibitList.P10AdvanceProcurementList.P10AdvanceProcurement.APCostElementCategoryList.EOQ.APCostElement"
"2013","See End Item P5A","0001-01","0001-01","0","0","","0001-01","","","2014-BASE_PROCUREMENT-2014-NAVY_AIRCRAFT_BA7-PROCUREMENT_MasterJustificationBook_Navy_PB_2014.zzz_unzipped-PROCUREMENT_MasterJustificationBook_Navy_PB_2014.xml","fc4b633568d09aa78acf18bb3a1378b7461e8def6999ee372311daf44c967cce","0-21584d747e0095f0fe5126a83721169eeb894e54e2036338fd977bf4d71882a2","TBD","I think i","3-ffb6761f6605053f4a53bd450c69377e260dcf4212000fc2c11213a3a9fe750a","root.record.ItemExhibitList.P10AdvanceProcurementList.P10AdvanceProcurement.APCostElementCategoryList.EOQ.APCostElement"
"2013","See End Item P5A","0001-01","0001-01","0","0","","0001-01","","","2014-BASE_PROCUREMENT-2014-NAVY_AIRCRAFT_BA7-PROCUREMENT_MasterJustificationBook_Navy_PB_2014.zzz_unzipped-PROCUREMENT_MasterJustificationBook_Navy_PB_2014.xml","fc4b633568d09aa78acf18bb3a1378b7461e8def6999ee372311daf44c967cce","0-6bf04390c6e718f451dd1b870f561db96ca307e9cf8972b322ca3f73f9361f4f","TBD","I think i","4-11377868e8f79642fadcfcfca8f2cf03892a99320b98519c4ec440c30f8cba20","root.record.ItemExhibitList.P10AdvanceProcurementList.P10AdvanceProcurement.APCostElementCategoryList.EOQ.APCostElement"
"2013","See End Item P5A","2013-12","2013-12","0","0","","2013-12","","","2014-BASE_PROCUREMENT-2014-NAVY_AIRCRAFT_BA7-PROCUREMENT_MasterJustificationBook_Navy_PB_2014.zzz_unzipped-PROCUREMENT_MasterJustificationBook_Navy_PB_2014.xml","1c90d81d3283c3e99adda35a80b069d543eb8eea9500f506f69fd1fd51fa4e10","0-a9e31bf6ecf527f316e65cc67a3c2067da52626869a119b63e71bd0c93f89bd5","TBD","I think i","0-2ab8d24c1df8d3df9128b7f3c15d0f7488e48fb4e76a0fa6001a1e428a25d678","root.record.ItemExhibitList.P10AdvanceProcurementList.P10AdvanceProcurement.APCostElementCategoryList.EOQ.APCostElement"
"2013","See End Item P5A","2013-12","2013-12","0","0","","2013-12","","","2014-BASE_PROCUREMENT-2014-NAVY_AIRCRAFT_BA7-PROCUREMENT_MasterJustificationBook_Navy_PB_2014.zzz_unzipped-PROCUREMENT_MasterJustificationBook_Navy_PB_2014.xml","1c90d81d3283c3e99adda35a80b069d543eb8eea9500f506f69fd1fd51fa4e10","0-9708139375af607da9f1b2be8658ed637e9d4a6145eeba488b81a4d5e7c749d2","TBD","I think i","1-17c33c5bd7668c6fd283de008b79536cb22980c8eb92da56c1815c33b89adf44","root.record.ItemExhibitList.P10AdvanceProcurementList.P10AdvanceProcurement.APCostElementCategoryList.EOQ.APCostElement"
"2013","See End Item P5A","2013-12","2013-12","0","0","","2013-12","","","2014-BASE_PROCUREMENT-2014-NAVY_AIRCRAFT_BA7-PROCUREMENT_MasterJustificationBook_Navy_PB_2014.zzz_unzipped-PROCUREMENT_MasterJustificationBook_Navy_PB_2014.xml","1c90d81d3283c3e99adda35a80b069d543eb8eea9500f506f69fd1fd51fa4e10","0-eb2c2a366cfa691d3f897c0f5cdc3695e2762a309358897fdead500582412f2b","TBD","I think i","2-0d821bcf945e9aeadef6796e108b77c02e4a673662eef6acd8028de087abd262","root.record.ItemExhibitList.P10AdvanceProcurementList.P10AdvanceProcurement.APCostElementCategoryList.EOQ.APCostElement"
"2013","See End Item P5A","2013-12","2013-12","0","0","","2013-12","","","2014-BASE_PROCUREMENT-2014-NAVY_AIRCRAFT_BA7-PROCUREMENT_MasterJustificationBook_Navy_PB_2014.zzz_unzipped-PROCUREMENT_MasterJustificationBook_Navy_PB_2014.xml","1c90d81d3283c3e99adda35a80b069d543eb8eea9500f506f69fd1fd51fa4e10","0-4fcbb9cfbc69db914baace2bd9045c7be0009b4cbf96d32577dbfbd0056e0a06","TBD","I think i","3-9ed0af141684ec5f7841303ac9178e50ab34f196c4417d93b0ffa3aa2f9825fe","root.record.ItemExhibitList.P10AdvanceProcurementList.P10AdvanceProcurement.APCostElementCategoryList.EOQ.APCostElement"
"2013","See End Item P5A","2013-12","2013-12","0","0","","2013-12","","","2014-BASE_PROCUREMENT-2014-NAVY_AIRCRAFT_BA7-PROCUREMENT_MasterJustificationBook_Navy_PB_2014.zzz_unzipped-PROCUREMENT_MasterJustificationBook_Navy_PB_2014.xml","1c90d81d3283c3e99adda35a80b069d543eb8eea9500f506f69fd1fd51fa4e10","0-fd1e635632ce356b8fc44f2c89d7928c2faa7f94956f3e410e0e0d5843d8f6f7","TBD","I think i","4-83dcf6ae0cbe9c070de7b94f505aaff096e38efd5af938995565d24092739838","root.record.ItemExhibitList.P10AdvanceProcurementList.P10AdvanceProcurement.APCostElementCategoryList.EOQ.APCostElement"
"2013","See End Item P5A","2013-12","2013-12","0","0","","2013-12","","","2014-BASE_PROCUREMENT-2014-NAVY_AIRCRAFT_BA7-PROCUREMENT_MasterJustificationBook_Navy_PB_2014.zzz_unzipped-PROCUREMENT_MasterJustificationBook_Navy_PB_2014.xml","1c90d81d3283c3e99adda35a80b069d543eb8eea9500f506f69fd1fd51fa4e10","0-9e0d35c340a2b822d098d0f745d42741fac7b1b9b1fb1482074befd72fd8dff4","TBD","I think i","5-a878aa7fe971f6f309725498ea92c70c9d7b806646946af78ab09e786522862d","root.record.ItemExhibitList.P10AdvanceProcurementList.P10AdvanceProcurement.APCostElementCategoryList.EOQ.APCostElement"
"2013","See End Item P5A","2013-12","2013-12","0","0","","2013-12","","","2014-BASE_PROCUREMENT-2014-NAVY_AIRCRAFT_BA7-PROCUREMENT_MasterJustificationBook_Navy_PB_2014.zzz_unzipped-PROCUREMENT_MasterJustificationBook_Navy_PB_2014.xml","1c90d81d3283c3e99adda35a80b069d543eb8eea9500f506f69fd1fd51fa4e10","0-b497d26cb2c083366efdc513d33432acbb9f2efd990dc323c0520427d54ce44a","TBD","I think i","6-12668426270679ac4d0cb3a36a44d53ceb038e703688b2dbccd6af001f579192","root.record.ItemExhibitList.P10AdvanceProcurementList.P10AdvanceProcurement.APCostElementCategoryList.EOQ.APCostElement"
"2013","See End Item P5A","2013-12","2013-12","0","0","","2013-12","","","2014-BASE_PROCUREMENT-2014-NAVY_AIRCRAFT_BA7-PROCUREMENT_MasterJustificationBook_Navy_PB_2014.zzz_unzipped-PROCUREMENT_MasterJustificationBook_Navy_PB_2014.xml","1c90d81d3283c3e99adda35a80b069d543eb8eea9500f506f69fd1fd51fa4e10","0-9168354148aa48dd610895866829bb6a5e8cb90b0da745a7f3b2fdab2cdfe5f4","TBD","I think i","7-315f34980e96f1b4d466f2e0b2e7a2c42f19f49b71930db8628575af5fba9f70","root.record.ItemExhibitList.P10AdvanceProcurementList.P10AdvanceProcurement.APCostElementCategoryList.EOQ.APCostElement"
"2013","See End Item P5A","0001-01","0001-01","0","0","","0001-01","","","2014-BASE_PROCUREMENT-2014-NAVY_AIRCRAFT_BA7-PROCUREMENT_MasterJustificationBook_Navy_PB_2014.zzz_unzipped-PROCUREMENT_MasterJustificationBook_Navy_PB_2014.xml","ea4fce3ec1135de06d7b597e5fd943b2e14d2b3f4efb262dcaf7727a24539c26","0-4aefdae4aa20cdac52c99af7a9eb4d83b84bd330223dabed3226252814035797","TBD","I think i","0-d7dd6e9f504021f2cfa6a09af5949aff4e5d334c62a2085db6335abe9df50507","root.record.ItemExhibitList.P10AdvanceProcurementList.P10AdvanceProcurement.APCostElementCategoryList.EOQ.APCostElement"
"2013","See End Item P5A","0001-01","0001-01","0","0","","0001-01","","","2014-BASE_PROCUREMENT-2014-NAVY_AIRCRAFT_BA7-PROCUREMENT_MasterJustificationBook_Navy_PB_2014.zzz_unzipped-PROCUREMENT_MasterJustificationBook_Navy_PB_2014.xml","ea4fce3ec1135de06d7b597e5fd943b2e14d2b3f4efb262dcaf7727a24539c26","0-cf5174faf1ff1b1ea8f7c8d4444659054652a848ddf90e0ee62c62cf05a1ccac","TBD","I think i","1-0acc220a9dbc460cae052e598c733abf4999e275b44ebe2cd4e6285d350cde3f","root.record.ItemExhibitList.P10AdvanceProcurementList.P10AdvanceProcurement.APCostElementCategoryList.EOQ.APCostElement"
"2013","See End Item P5A","0001-01","0001-01","0","0","","0001-01","","","2014-BASE_PROCUREMENT-2014-NAVY_AIRCRAFT_BA7-PROCUREMENT_MasterJustificationBook_Navy_PB_2014.zzz_unzipped-PROCUREMENT_MasterJustificationBook_Navy_PB_2014.xml","ea4fce3ec1135de06d7b597e5fd943b2e14d2b3f4efb262dcaf7727a24539c26","0-fae9b87a6a44f579351d675fcedb358b70d8d50f5bef0e3f4c5c715ff3773520","TBD","I think i","2-a7c43a7d5472420a52f077a1dd64d5ddae6e1fcbdfb46ecb17ef677f6848eb04","root.record.ItemExhibitList.P10AdvanceProcurementList.P10AdvanceProcurement.APCostElementCategoryList.EOQ.APCostElement"
"2013","See End Item P5A","0001-01","0001-01","0","0","","0001-01","","","2014-BASE_PROCUREMENT-2014-NAVY_AIRCRAFT_BA7-PROCUREMENT_MasterJustificationBook_Navy_PB_2014.zzz_unzipped-PROCUREMENT_MasterJustificationBook_Navy_PB_2014.xml","ea4fce3ec1135de06d7b597e5fd943b2e14d2b3f4efb262dcaf7727a24539c26","0-4f84f9774689a2afa2516244f5cb4fc51d113b9e13699b9548cf7d5cc8ee3463","TBD","I think i","3-488ebe5d1d85d2fbe0a1e0ecafa4fdb16f4bc9257474bb0a4f1b8e23093654f0","root.record.ItemExhibitList.P10AdvanceProcurementList.P10AdvanceProcurement.APCostElementCategoryList.EOQ.APCostElement"
"2013","See End Item P5A","0001-01","0001-01","0","0","","0001-01","","","2014-BASE_PROCUREMENT-2014-NAVY_AIRCRAFT_BA7-PROCUREMENT_MasterJustificationBook_Navy_PB_2014.zzz_unzipped-PROCUREMENT_MasterJustificationBook_Navy_PB_2014.xml","ea4fce3ec1135de06d7b597e5fd943b2e14d2b3f4efb262dcaf7727a24539c26","0-2490a8d41f8a96957b734a4351c82030fce255d04d9c058904485d7cddc1751d","TBD","I think i","4-4ca64ad22c842bf113dadf463a3f2f9218f2ecc7da15c4b08b04b709b00d93a0","root.record.ItemExhibitList.P10AdvanceProcurementList.P10AdvanceProcurement.APCostElementCategoryList.EOQ.APCostElement"
"2013","See End Item P5A","0001-01","0001-01","0","0","","0001-01","","","2014-BASE_PROCUREMENT-2014-NAVY_AIRCRAFT_BA7-PROCUREMENT_MasterJustificationBook_Navy_PB_2014.zzz_unzipped-PROCUREMENT_MasterJustificationBook_Navy_PB_2014.xml","331f4e2cab57d75c268cb0cc0f51f889b76ed2c8ba621bb4d61f3e552a2f48d3","0-37d2170067216af61cba58095ff60439c34800f5620d4b9303bda45f8e3700b9","TBD","I think i","0-102fa624f0f5350c1eb549111304d5eb3bbbca335ffaaa961d7a939a1f775240","root.record.ItemExhibitList.P10AdvanceProcurementList.P10AdvanceProcurement.APCostElementCategoryList.EOQ.APCostElement"
"2013","See End Item P5A","0001-01","0001-01","0","0","","0001-01","","","2014-BASE_PROCUREMENT-2014-NAVY_AIRCRAFT_BA7-PROCUREMENT_MasterJustificationBook_Navy_PB_2014.zzz_unzipped-PROCUREMENT_MasterJustificationBook_Navy_PB_2014.xml","1c9f6ffd331ce8f038579fa5c7414d00a50411913e693158c477bb2776944535","0-0d7c5452e76c9d19cf0e6dc6d55c7ec28ed69dbd7bb6429ba937bf15622a1614","TBD","I think i","0-24a18458b217c38d6b0ed6a120ea0038369941ca5bf19c0c19249091b1d25fe9","root.record.ItemExhibitList.P10AdvanceProcurementList.P10AdvanceProcurement.APCostElementCategoryList.EOQ.APCostElement"
"2013","See End Item P5A","0001-01","0001-01","0","0","","0001-01","","","2014-BASE_PROCUREMENT-2014-NAVY_AIRCRAFT_BA7-PROCUREMENT_MasterJustificationBook_Navy_PB_2014.zzz_unzipped-PROCUREMENT_MasterJustificationBook_Navy_PB_2014.xml","1c9f6ffd331ce8f038579fa5c7414d00a50411913e693158c477bb2776944535","0-ef58a6ce7faa65172ac2deafd61b3dd649222fb48f3fc4e1479cd62452b515bd","TBD","I think i","1-9408d83d093a6db8d5e48076817c98bf33468d0bb978eb94349449445686352f","root.record.ItemExhibitList.P10AdvanceProcurementList.P10AdvanceProcurement.APCostElementCategoryList.EOQ.APCostElement"
"2013","See End Item P5A","0001-01","0001-01","0","0","","0001-01","","","2014-BASE_PROCUREMENT-2014-NAVY_AIRCRAFT_BA7-PROCUREMENT_MasterJustificationBook_Navy_PB_2014.zzz_unzipped-PROCUREMENT_MasterJustificationBook_Navy_PB_2014.xml","1c9f6ffd331ce8f038579fa5c7414d00a50411913e693158c477bb2776944535","0-a6e3de1dc6de12066fe480b01121249ef1ee03c18245caf3f3575e18e8ee70e5","TBD","I think i","2-0428b2d6576c5ae2f36de04f0045cca829411f243d68193d9bf2e07c717cf373","root.record.ItemExhibitList.P10AdvanceProcurementList.P10AdvanceProcurement.APCostElementCategoryList.EOQ.APCostElement"
"2013","See End Item P5A","0001-01","0001-01","0","0","","0001-01","","","2014-BASE_PROCUREMENT-2014-NAVY_AIRCRAFT_BA7-PROCUREMENT_MasterJustificationBook_Navy_PB_2014.zzz_unzipped-PROCUREMENT_MasterJustificationBook_Navy_PB_2014.xml","1c9f6ffd331ce8f038579fa5c7414d00a50411913e693158c477bb2776944535","0-58a940d10292fcbcc41c4fec2fd60a615b3f16bda2a9d880851d01bddda4e9ac","TBD","I think i","3-537a131cd43f47b7c6428652e783b849c431a0ddcd00618dd95c0952b5c4d2b2","root.record.ItemExhibitList.P10AdvanceProcurementList.P10AdvanceProcurement.APCostElementCategoryList.EOQ.APCostElement"
"2013","See End Item P5A","0001-01","0001-01","0","0","","0001-01","","","2014-BASE_PROCUREMENT-2014-NAVY_AIRCRAFT_BA7-PROCUREMENT_MasterJustificationBook_Navy_PB_2014.zzz_unzipped-PROCUREMENT_MasterJustificationBook_Navy_PB_2014.xml","1c9f6ffd331ce8f038579fa5c7414d00a50411913e693158c477bb2776944535","0-0cc5fe918a7e5afa92b57a3597153fb6576c699f03ae3e5679e132ed3a41e602","TBD","I think i","4-d7c8c3ae45525612ebd481ed082a39cbcf4b87c951e6013eeb532b818f3b9ac0","root.record.ItemExhibitList.P10AdvanceProcurementList.P10AdvanceProcurement.APCostElementCategoryList.EOQ.APCostElement"
"2013","See End Item P5A","0001-01","0001-01","0","0","","0001-01","","","2014-BASE_PROCUREMENT-2014-NAVY_AIRCRAFT_BA7-PROCUREMENT_MasterJustificationBook_Navy_PB_2014.zzz_unzipped-PROCUREMENT_MasterJustificationBook_Navy_PB_2014.xml","97ef4cf3f410d224f56ae29ea98cdf2592e9fe9b3908e3df56bf826c63de8ad7","0-b722145ba36ad1e1340f2b273d5f8d2755b483832b7836542e7eaf29e56c4ca3","TBD","I think i","0-0b25c52794de8629760a5109014ef321fb17e2ad935b2db12c24ffc7c1f49a64","root.record.ItemExhibitList.P10AdvanceProcurementList.P10AdvanceProcurement.APCostElementCategoryList.EOQ.APCostElement"
