FiscalYear_val,PCOLocation_val,AwardDate_val,FirstDeliveryDate_val,Quantity_val,UnitCost_val,SpecsAvailableNow_val,RFPIssueDate_val,ContractMethod_val,ContractType_val,@SOURCE_FILENAME,@RECORDID,@ROWID,FundingVehicle_val,ItemNameSuffix_val,@PARENTROWID,@PARENT
"2012","77","2012-03","2013-08","19","2.651","true","2011-10","SS","FPIF","2014-BASE_PROCUREMENT-2014-AIRFORCE_AIRCRAFT_VOL1-PROCUREMENT_JustificationBook_Air_Force_PB_2014.zzz_unzipped-PROCUREMENT_JustificationBook_Air_Force_PB_2014.xml","9b61234d81d63166f24ad258b5e55dffeec409e2dd27bb2645028bc0cc61d668","0-3e3349ca0d989d71e41e4a7a8ce42026c5b94884e798f0e3d59c1b1cc411024e","","","0-9d7130afde56f976c1c8329117d8df1f4e3c1e06bd50e14dfab03612b4a58751","root.record.ItemExhibitList.P10AdvanceProcurementList.P10AdvanceProcurement.APCostElementCategoryList.EOQ.APCostElement"
"2013","77","2013-03","2014-05","19","3.397","true","2012-06","SS","FPIF","2014-BASE_PROCUREMENT-2014-AIRFORCE_AIRCRAFT_VOL1-PROCUREMENT_JustificationBook_Air_Force_PB_2014.zzz_unzipped-PROCUREMENT_JustificationBook_Air_Force_PB_2014.xml","9b61234d81d63166f24ad258b5e55dffeec409e2dd27bb2645028bc0cc61d668","1-72dcb5c7734a7c133573d4033f8ec14283dd01e1e488a96f57ef40397dc4b335","","","0-9d7130afde56f976c1c8329117d8df1f4e3c1e06bd50e14dfab03612b4a58751","root.record.ItemExhibitList.P10AdvanceProcurementList.P10AdvanceProcurement.APCostElementCategoryList.EOQ.APCostElement"
"2014","77","2014-03","2015-05","30","2.668","true","2013-03","SS","FPIF","2014-BASE_PROCUREMENT-2014-AIRFORCE_AIRCRAFT_VOL1-PROCUREMENT_JustificationBook_Air_Force_PB_2014.zzz_unzipped-PROCUREMENT_JustificationBook_Air_Force_PB_2014.xml","9b61234d81d63166f24ad258b5e55dffeec409e2dd27bb2645028bc0cc61d668","2-122245f1c9033ea608910e1750216ed036968c647cfdc37303f8fc8e5ee34457","","","0-9d7130afde56f976c1c8329117d8df1f4e3c1e06bd50e14dfab03612b4a58751","root.record.ItemExhibitList.P10AdvanceProcurementList.P10AdvanceProcurement.APCostElementCategoryList.EOQ.APCostElement"
"2012","77","2012-03","2013-08","19","2.651","true","2011-10","SS","FPIF","2014-BASE_PROCUREMENT-2014-AIRFORCE_AIRCRAFT_VOL2-PROCUREMENT_MasterJustificationBook_Air_Force_PB_2014.zzz_unzipped-PROCUREMENT_MasterJustificationBook_Air_Force_PB_2014.xml","49e6ebb877c28b1a5a5ad3ec630e9669d0f205b4790c66bd50e69d037f2b0687","0-d51953fcfabd778e2db063c3e0a8ac9d4e4c3b370a3b6c001cddfa560cef5419","","","0-6b10bb57dd0f1ae0947cb7df82468916e1f03b1559875fc35821338b03a7678d","root.record.ItemExhibitList.P10AdvanceProcurementList.P10AdvanceProcurement.APCostElementCategoryList.EOQ.APCostElement"
"2013","77","2013-03","2014-05","19","3.397","true","2012-06","SS","FPIF","2014-BASE_PROCUREMENT-2014-AIRFORCE_AIRCRAFT_VOL2-PROCUREMENT_MasterJustificationBook_Air_Force_PB_2014.zzz_unzipped-PROCUREMENT_MasterJustificationBook_Air_Force_PB_2014.xml","49e6ebb877c28b1a5a5ad3ec630e9669d0f205b4790c66bd50e69d037f2b0687","1-6c84f9d27100c0de67e93e1e7b7fc014b5cc107116f1cd8d57a5ac406854de0d","","","0-6b10bb57dd0f1ae0947cb7df82468916e1f03b1559875fc35821338b03a7678d","root.record.ItemExhibitList.P10AdvanceProcurementList.P10AdvanceProcurement.APCostElementCategoryList.EOQ.APCostElement"
"2014","77","2014-03","2015-05","30","2.668","true","2013-03","SS","FPIF","2014-BASE_PROCUREMENT-2014-AIRFORCE_AIRCRAFT_VOL2-PROCUREMENT_MasterJustificationBook_Air_Force_PB_2014.zzz_unzipped-PROCUREMENT_MasterJustificationBook_Air_Force_PB_2014.xml","49e6ebb877c28b1a5a5ad3ec630e9669d0f205b4790c66bd50e69d037f2b0687","2-fe60626e3042ae3ab009412d8ea9e5ef147487daef50168f47d7662f115d7d14","","","0-6b10bb57dd0f1ae0947cb7df82468916e1f03b1559875fc35821338b03a7678d","root.record.ItemExhibitList.P10AdvanceProcurementList.P10AdvanceProcurement.APCostElementCategoryList.EOQ.APCostElement"
"2012","77","2012-03","2013-08","19","2.651","true","2011-10","SS","FPIF","2014-BASE_PROCUREMENT-2014-AIRFORCE_AIRCRAFT_VOL1-PROCUREMENT_MasterJustificationBook_Air_Force_PB_2014.zzz_unzipped-PROCUREMENT_MasterJustificationBook_Air_Force_PB_2014.xml","6ab9e29ac3b8aded689164aba8dab423bb75c52b5172bcd81d5d2ac7eeafb8ff","0-09e05e7f87e910a7da49108ee91a0a564c046e764ecbc1f4b99675de82d6dea3","","","0-9d959aa037d378c021789f0ebd1700a018a898f7fa2a893ad8d29d70a892013e","root.record.ItemExhibitList.P10AdvanceProcurementList.P10AdvanceProcurement.APCostElementCategoryList.EOQ.APCostElement"
"2013","77","2013-03","2014-05","19","3.397","true","2012-06","SS","FPIF","2014-BASE_PROCUREMENT-2014-AIRFORCE_AIRCRAFT_VOL1-PROCUREMENT_MasterJustificationBook_Air_Force_PB_2014.zzz_unzipped-PROCUREMENT_MasterJustificationBook_Air_Force_PB_2014.xml","6ab9e29ac3b8aded689164aba8dab423bb75c52b5172bcd81d5d2ac7eeafb8ff","1-55bfba316cc2cae9369cec7ec12569108433053365e14d20dfe8a70a156fc6a6","","","0-9d959aa037d378c021789f0ebd1700a018a898f7fa2a893ad8d29d70a892013e","root.record.ItemExhibitList.P10AdvanceProcurementList.P10AdvanceProcurement.APCostElementCategoryList.EOQ.APCostElement"
"2014","77","2014-03","2015-05","30","2.668","true","2013-03","SS","FPIF","2014-BASE_PROCUREMENT-2014-AIRFORCE_AIRCRAFT_VOL1-PROCUREMENT_MasterJustificationBook_Air_Force_PB_2014.zzz_unzipped-PROCUREMENT_MasterJustificationBook_Air_Force_PB_2014.xml","6ab9e29ac3b8aded689164aba8dab423bb75c52b5172bcd81d5d2ac7eeafb8ff","2-c870a9ff5c0ac9b124f55720634a7cf72dfd69659c3bdd14e040fa6859290107","","","0-9d959aa037d378c021789f0ebd1700a018a898f7fa2a893ad8d29d70a892013e","root.record.ItemExhibitList.P10AdvanceProcurementList.P10AdvanceProcurement.APCostElementCategoryList.EOQ.APCostElement"
"2013","See End Item P5A","0001-01","0001-01","0","0","","0001-01","","","2014-BASE_PROCUREMENT-2014-NAVY_AIRCRAFT_BA1-4-PROCUREMENT_JustificationBook_Navy_PB_2014.zzz_unzipped-PROCUREMENT_JustificationBook_Navy_PB_2014.xml","59eb071a2b8c27825df619eb2437ee7c5c84f3ba541674a32571545b2cf94550","0-388e7de5ea15b802854cb873895e1d5511688b365763bd9dab5b157bd7607207","TBD","I think i","0-5bdeccc30a1e5d7220012dff156288e82ecd230fbe3586b4443272bee7a07050","root.record.ItemExhibitList.P10AdvanceProcurementList.P10AdvanceProcurement.APCostElementCategoryList.EOQ.APCostElement"
"2013","See End Item P5A","0001-01","0001-01","0","0","","0001-01","","","2014-BASE_PROCUREMENT-2014-NAVY_AIRCRAFT_BA1-4-PROCUREMENT_JustificationBook_Navy_PB_2014.zzz_unzipped-PROCUREMENT_JustificationBook_Navy_PB_2014.xml","59eb071a2b8c27825df619eb2437ee7c5c84f3ba541674a32571545b2cf94550","0-5c5ea253d7e0fc0daaf0b92cea85b1463c7a1b5dbaa648855ab91761895a0257","TBD","I think i","1-5f94fac08fa92162811ad15f12c4d81f2de8eda4973f5cfadcca0555457bffb3","root.record.ItemExhibitList.P10AdvanceProcurementList.P10AdvanceProcurement.APCostElementCategoryList.EOQ.APCostElement"
"2013","See End Item P5A","0001-01","0001-01","0","0","","0001-01","","","2014-BASE_PROCUREMENT-2014-NAVY_AIRCRAFT_BA1-4-PROCUREMENT_JustificationBook_Navy_PB_2014.zzz_unzipped-PROCUREMENT_JustificationBook_Navy_PB_2014.xml","59eb071a2b8c27825df619eb2437ee7c5c84f3ba541674a32571545b2cf94550","0-e9b94d39690ee406015635119e1be1650c63586d13d059ea033ead9aba5593c6","TBD","I think i","2-45f26643cd8b46cc42738c99bbb228d39f6511d816d63be86a9e7ed9b6bee63a","root.record.ItemExhibitList.P10AdvanceProcurementList.P10AdvanceProcurement.APCostElementCategoryList.EOQ.APCostElement"
"2013","See End Item P5A","0001-01","0001-01","0","0","","0001-01","","","2014-BASE_PROCUREMENT-2014-NAVY_AIRCRAFT_BA1-4-PROCUREMENT_JustificationBook_Navy_PB_2014.zzz_unzipped-PROCUREMENT_JustificationBook_Navy_PB_2014.xml","59eb071a2b8c27825df619eb2437ee7c5c84f3ba541674a32571545b2cf94550","0-a63f1740cd421bef8626149c45a341fbf8856ce777652973ce473634d8c9434b","TBD","I think i","3-481dd788997ccc92316b48a3bfad76a23b0c6898fd979a5c52305cba55ce55fa","root.record.ItemExhibitList.P10AdvanceProcurementList.P10AdvanceProcurement.APCostElementCategoryList.EOQ.APCostElement"
"2013","See End Item P5A","0001-01","0001-01","0","0","","0001-01","","","2014-BASE_PROCUREMENT-2014-NAVY_AIRCRAFT_BA1-4-PROCUREMENT_JustificationBook_Navy_PB_2014.zzz_unzipped-PROCUREMENT_JustificationBook_Navy_PB_2014.xml","59eb071a2b8c27825df619eb2437ee7c5c84f3ba541674a32571545b2cf94550","0-8c8dcd47f6402a9ebbec3dd28edd17416b3f80e6f8f76ab286d3aa95977e3188","TBD","I think i","4-21d4a55d098146ea02ddcc505208cbc4be34043d8aff9b7656bfef593e903d30","root.record.ItemExhibitList.P10AdvanceProcurementList.P10AdvanceProcurement.APCostElementCategoryList.EOQ.APCostElement"
"2013","See End Item P5A","2013-12","2013-12","0","0","","2013-12","","","2014-BASE_PROCUREMENT-2014-NAVY_AIRCRAFT_BA1-4-PROCUREMENT_JustificationBook_Navy_PB_2014.zzz_unzipped-PROCUREMENT_JustificationBook_Navy_PB_2014.xml","fca80c4a5bf23e192e9420dded4f49a1b46495e610d6495e88d6fe525d380853","0-dd8cfa9ae31ff3682b6c0185347147553d4e6b95aac4497612dda400c2afa0a3","TBD","I think i","0-9dc23c8b470db3308c218dddbffe77d7cdd38d69fd1688e85e28e469705e3ebf","root.record.ItemExhibitList.P10AdvanceProcurementList.P10AdvanceProcurement.APCostElementCategoryList.EOQ.APCostElement"
"2013","See End Item P5A","2013-12","2013-12","0","0","","2013-12","","","2014-BASE_PROCUREMENT-2014-NAVY_AIRCRAFT_BA1-4-PROCUREMENT_JustificationBook_Navy_PB_2014.zzz_unzipped-PROCUREMENT_JustificationBook_Navy_PB_2014.xml","fca80c4a5bf23e192e9420dded4f49a1b46495e610d6495e88d6fe525d380853","0-7a28b008672f7682753012807e9352e99942c94f3ecf219856ce525ab71d129d","TBD","I think i","1-bd37d66d99f4dd0ef024537b24885cc332f6683f3d64af3e023fe93f002a3dc4","root.record.ItemExhibitList.P10AdvanceProcurementList.P10AdvanceProcurement.APCostElementCategoryList.EOQ.APCostElement"
"2013","See End Item P5A","2013-12","2013-12","0","0","","2013-12","","","2014-BASE_PROCUREMENT-2014-NAVY_AIRCRAFT_BA1-4-PROCUREMENT_JustificationBook_Navy_PB_2014.zzz_unzipped-PROCUREMENT_JustificationBook_Navy_PB_2014.xml","fca80c4a5bf23e192e9420dded4f49a1b46495e610d6495e88d6fe525d380853","0-149e118847e8f45ba0c0f4051666abc5082556a77ba547e6b4d151f2699f28d9","TBD","I think i","2-ac052aa435482e284294853ea518fff1dcabace186bde683e2d4d8a855cd665a","root.record.ItemExhibitList.P10AdvanceProcurementList.P10AdvanceProcurement.APCostElementCategoryList.EOQ.APCostElement"
"2013","See End Item P5A","2013-12","2013-12","0","0","","2013-12","","","2014-BASE_PROCUREMENT-2014-NAVY_AIRCRAFT_BA1-4-PROCUREMENT_JustificationBook_Navy_PB_2014.zzz_unzipped-PROCUREMENT_JustificationBook_Navy_PB_2014.xml","fca80c4a5bf23e192e9420dded4f49a1b46495e610d6495e88d6fe525d380853","0-e2a2fe62a0ccd2ac1638ae0b826ecb0b697d82f114c0bfad404446a9a6ec6341","TBD","I think i","3-09061849ac8f550855ec56daaf9641ea98bffb92e9580108b9b3320c14bbedb7","root.record.ItemExhibitList.P10AdvanceProcurementList.P10AdvanceProcurement.APCostElementCategoryList.EOQ.APCostElement"
"2013","See End Item P5A","2013-12","2013-12","0","0","","2013-12","","","2014-BASE_PROCUREMENT-2014-NAVY_AIRCRAFT_BA1-4-PROCUREMENT_JustificationBook_Navy_PB_2014.zzz_unzipped-PROCUREMENT_JustificationBook_Navy_PB_2014.xml","fca80c4a5bf23e192e9420dded4f49a1b46495e610d6495e88d6fe525d380853","0-0a66bfa2f82e3347d482042122a23b3566a9e46700cee68f36ab26eb7c291439","TBD","I think i","4-0d3e3cca353cf393f62c8fc78ff14498e0543ce24981ae4a69694eed5cb8c001","root.record.ItemExhibitList.P10AdvanceProcurementList.P10AdvanceProcurement.APCostElementCategoryList.EOQ.APCostElement"
"2013","See End Item P5A","2013-12","2013-12","0","0","","2013-12","","","2014-BASE_PROCUREMENT-2014-NAVY_AIRCRAFT_BA1-4-PROCUREMENT_JustificationBook_Navy_PB_2014.zzz_unzipped-PROCUREMENT_JustificationBook_Navy_PB_2014.xml","fca80c4a5bf23e192e9420dded4f49a1b46495e610d6495e88d6fe525d380853","0-c3e207f71e6378903f9361846a22bfa4ee9b900c8e8ab8cb70393093aa1baf54","TBD","I think i","5-f7f41a5ade157c216b862f8642bf93de70e87197d09173869c29cb2741ab08e5","root.record.ItemExhibitList.P10AdvanceProcurementList.P10AdvanceProcurement.APCostElementCategoryList.EOQ.APCostElement"
"2013","See End Item P5A","2013-12","2013-12","0","0","","2013-12","","","2014-BASE_PROCUREMENT-2014-NAVY_AIRCRAFT_BA1-4-PROCUREMENT_JustificationBook_Navy_PB_2014.zzz_unzipped-PROCUREMENT_JustificationBook_Navy_PB_2014.xml","fca80c4a5bf23e192e9420dded4f49a1b46495e610d6495e88d6fe525d380853","0-f6bee311f6ca7289264570af0a920a5fab9c98b92a58e94949a86664bfbbea3e","TBD","I think i","6-2287d8dcdb7cbad5248df927d95676a2257a054dc646ccd751600d50d9a98f82","root.record.ItemExhibitList.P10AdvanceProcurementList.P10AdvanceProcurement.APCostElementCategoryList.EOQ.APCostElement"
"2013","See End Item P5A","2013-12","2013-12","0","0","","2013-12","","","2014-BASE_PROCUREMENT-2014-NAVY_AIRCRAFT_BA1-4-PROCUREMENT_JustificationBook_Navy_PB_2014.zzz_unzipped-PROCUREMENT_JustificationBook_Navy_PB_2014.xml","fca80c4a5bf23e192e9420dded4f49a1b46495e610d6495e88d6fe525d380853","0-d506e67660352a59c0b2f234be77cc9dded9e14e42e4d9b796c9cfaa79950f31","TBD","I think i","7-bc16b3985906b3337169cc52434123c9d3a7163f3ed23a49ab89a61cc555d2a5","root.record.ItemExhibitList.P10AdvanceProcurementList.P10AdvanceProcurement.APCostElementCategoryList.EOQ.APCostElement"
"2013","See End Item P5A","0001-01","0001-01","0","0","","0001-01","","","2014-BASE_PROCUREMENT-2014-NAVY_AIRCRAFT_BA1-4-PROCUREMENT_JustificationBook_Navy_PB_2014.zzz_unzipped-PROCUREMENT_JustificationBook_Navy_PB_2014.xml","9153159fe86babf2338e4b160b0225ad806515ca1ccc0dbf362bf9b5e04bfffb","0-e0bb4a99d06f00d27f2af3085645dc75ec1c4187422720a77336dc1584e59603","TBD","I think i","0-040a0bf63d55f70beb01cf37d0a5bc3fd06fbf82a55294d0d5ef7ac203553d5a","root.record.ItemExhibitList.P10AdvanceProcurementList.P10AdvanceProcurement.APCostElementCategoryList.EOQ.APCostElement"
"2013","See End Item P5A","0001-01","0001-01","0","0","","0001-01","","","2014-BASE_PROCUREMENT-2014-NAVY_AIRCRAFT_BA1-4-PROCUREMENT_JustificationBook_Navy_PB_2014.zzz_unzipped-PROCUREMENT_JustificationBook_Navy_PB_2014.xml","9153159fe86babf2338e4b160b0225ad806515ca1ccc0dbf362bf9b5e04bfffb","0-034e388c4fb5c6f8d02b3f0c3e633206faca77619d25ece4d7dab71aa9f62d5c","TBD","I think i","1-53ea63d242a7ef5168acb350c9a597011600717235fbd0919420f7586e06852c","root.record.ItemExhibitList.P10AdvanceProcurementList.P10AdvanceProcurement.APCostElementCategoryList.EOQ.APCostElement"
"2013","See End Item P5A","0001-01","0001-01","0","0","","0001-01","","","2014-BASE_PROCUREMENT-2014-NAVY_AIRCRAFT_BA1-4-PROCUREMENT_JustificationBook_Navy_PB_2014.zzz_unzipped-PROCUREMENT_JustificationBook_Navy_PB_2014.xml","9153159fe86babf2338e4b160b0225ad806515ca1ccc0dbf362bf9b5e04bfffb","0-160c275404e77635f97a1bdc49ef8cd4a2f9fad4278a478d6347b3afbc53eb87","TBD","I think i","2-f911840f470cf3d05cd706afed115cdce12a8078bd2ed85d8299b11cd2551605","root.record.ItemExhibitList.P10AdvanceProcurementList.P10AdvanceProcurement.APCostElementCategoryList.EOQ.APCostElement"
"2013","See End Item P5A","0001-01","0001-01","0","0","","0001-01","","","2014-BASE_PROCUREMENT-2014-NAVY_AIRCRAFT_BA1-4-PROCUREMENT_JustificationBook_Navy_PB_2014.zzz_unzipped-PROCUREMENT_JustificationBook_Navy_PB_2014.xml","9153159fe86babf2338e4b160b0225ad806515ca1ccc0dbf362bf9b5e04bfffb","0-2186f2ce341c5c758de35e17249553bb4f10881639adaef6512c216061e4803a","TBD","I think i","3-baec93efef2f7968d87b5d2e3fe995e00ccdf199a599e58a1afdb4ff1672f3b1","root.record.ItemExhibitList.P10AdvanceProcurementList.P10AdvanceProcurement.APCostElementCategoryList.EOQ.APCostElement"
"2013","See End Item P5A","0001-01","0001-01","0","0","","0001-01","","","2014-BASE_PROCUREMENT-2014-NAVY_AIRCRAFT_BA1-4-PROCUREMENT_JustificationBook_Navy_PB_2014.zzz_unzipped-PROCUREMENT_JustificationBook_Navy_PB_2014.xml","9153159fe86babf2338e4b160b0225ad806515ca1ccc0dbf362bf9b5e04bfffb","0-a5c56ead33538f94e073855b4f69d4a5bda6d71466822f961c489369dc2d2f25","TBD","I think i","4-40c3640f0fed484f94992c5521d5fa4c30748d482d31a02fd0af91b69ac02d90","root.record.ItemExhibitList.P10AdvanceProcurementList.P10AdvanceProcurement.APCostElementCategoryList.EOQ.APCostElement"
"2013","See End Item P5A","0001-01","0001-01","0","0","","0001-01","","","2014-BASE_PROCUREMENT-2014-NAVY_AIRCRAFT_BA1-4-PROCUREMENT_JustificationBook_Navy_PB_2014.zzz_unzipped-PROCUREMENT_JustificationBook_Navy_PB_2014.xml","2ca0b177ff5773179adc68e99a8aa14d5082a81544df1d5d478b6a1901815e1a","0-26572fe022241b59233db50d7285833b306b59bb618c57ac4f5349b725c1f341","TBD","I think i","0-ec83fa2ffbbba97e0650568c7c26cbe26b4727255a499a4ce3702fcf98b7104d","root.record.ItemExhibitList.P10AdvanceProcurementList.P10AdvanceProcurement.APCostElementCategoryList.EOQ.APCostElement"
"2013","See End Item P5A","0001-01","0001-01","0","0","","0001-01","","","2014-BASE_PROCUREMENT-2014-NAVY_AIRCRAFT_BA1-4-PROCUREMENT_JustificationBook_Navy_PB_2014.zzz_unzipped-PROCUREMENT_JustificationBook_Navy_PB_2014.xml","64929e2f3b423b633d4163e755851b1fd905e7aae3c16591258a0272ed89fca7","0-c482911f999e46e349c14eba656e336ddcbd23fd07280e333329c8935bfa84e8","TBD","I think i","0-6fe652cef080a61ba2eaf35c6f9894f2cb205eb63325c5b32410fe45c3cd8bd0","root.record.ItemExhibitList.P10AdvanceProcurementList.P10AdvanceProcurement.APCostElementCategoryList.EOQ.APCostElement"
"2013","See End Item P5A","0001-01","0001-01","0","0","","0001-01","","","2014-BASE_PROCUREMENT-2014-NAVY_AIRCRAFT_BA1-4-PROCUREMENT_JustificationBook_Navy_PB_2014.zzz_unzipped-PROCUREMENT_JustificationBook_Navy_PB_2014.xml","64929e2f3b423b633d4163e755851b1fd905e7aae3c16591258a0272ed89fca7","0-83cacf857630300f6acdabcf6e3049b24ce02feff62f202bfae30ef968d22aa8","TBD","I think i","1-199a71d7f352d1979c6335191593f63af152b70cb2ada5145d245a65b87c6255","root.record.ItemExhibitList.P10AdvanceProcurementList.P10AdvanceProcurement.APCostElementCategoryList.EOQ.APCostElement"
"2013","See End Item P5A","0001-01","0001-01","0","0","","0001-01","","","2014-BASE_PROCUREMENT-2014-NAVY_AIRCRAFT_BA1-4-PROCUREMENT_JustificationBook_Navy_PB_2014.zzz_unzipped-PROCUREMENT_JustificationBook_Navy_PB_2014.xml","64929e2f3b423b633d4163e755851b1fd905e7aae3c16591258a0272ed89fca7","0-206d64a3529d7846dd4fbbcc46d6e28ac2a283586e8ab7998082f378f65c7563","TBD","I think i","2-ab29df884fb421e0fba892f440069693d485f4326ba616f9e19183935a2bb363","root.record.ItemExhibitList.P10AdvanceProcurementList.P10AdvanceProcurement.APCostElementCategoryList.EOQ.APCostElement"
"2013","See End Item P5A","0001-01","0001-01","0","0","","0001-01","","","2014-BASE_PROCUREMENT-2014-NAVY_AIRCRAFT_BA1-4-PROCUREMENT_JustificationBook_Navy_PB_2014.zzz_unzipped-PROCUREMENT_JustificationBook_Navy_PB_2014.xml","64929e2f3b423b633d4163e755851b1fd905e7aae3c16591258a0272ed89fca7","0-cdfa6cfcebdf943c75e6106b6a756a988b6ec5cf0d44dce45fb46acdd8f4c4c4","TBD","I think i","3-d274ecf046d88845275ec74a03be172f7171d942816292ed98307691f113bc80","root.record.ItemExhibitList.P10AdvanceProcurementList.P10AdvanceProcurement.APCostElementCategoryList.EOQ.APCostElement"
"2013","See End Item P5A","0001-01","0001-01","0","0","","0001-01","","","2014-BASE_PROCUREMENT-2014-NAVY_AIRCRAFT_BA1-4-PROCUREMENT_JustificationBook_Navy_PB_2014.zzz_unzipped-PROCUREMENT_JustificationBook_Navy_PB_2014.xml","64929e2f3b423b633d4163e755851b1fd905e7aae3c16591258a0272ed89fca7","0-b1a60b5bc21fac8c2ae7f8f47e3d5045d3b3f2355ec9d8398322a0158c9cc1c1","TBD","I think i","4-208dd3970c5c1fa1e29f1ad2e34a7232829fbaf8ecda3a2af620ac069b0832e7","root.record.ItemExhibitList.P10AdvanceProcurementList.P10AdvanceProcurement.APCostElementCategoryList.EOQ.APCostElement"
"2013","See End Item P5A","0001-01","0001-01","0","0","","0001-01","","","2014-BASE_PROCUREMENT-2014-NAVY_AIRCRAFT_BA1-4-PROCUREMENT_JustificationBook_Navy_PB_2014.zzz_unzipped-PROCUREMENT_JustificationBook_Navy_PB_2014.xml","049cb91018f89e9c503e94cc8bbd5cb09e1075dae1b2910caf7d2d2f90fe1cc2","0-c97c4bd3a950b0d94f3e85da4294c2362903de685e0d3b3dd019c89cdfb816d0","TBD","I think i","0-ea6815267a6c44432adb34915386c63c55e83d4b395126d972841ccb42214ac7","root.record.ItemExhibitList.P10AdvanceProcurementList.P10AdvanceProcurement.APCostElementCategoryList.EOQ.APCostElement"
"2013","See End Item P5A","0001-01","0001-01","0","0","","0001-01","","","2014-BASE_PROCUREMENT-2014-NAVY_AIRCRAFT_BA7-PROCUREMENT_MasterJustificationBook_Navy_PB_2014.zzz_unzipped-PROCUREMENT_MasterJustificationBook_Navy_PB_2014.xml","fc4b633568d09aa78acf18bb3a1378b7461e8def6999ee372311daf44c967cce","0-8ba737a895ff6b61d6b4012346193ba01ac60571a39c53973a0dd4b5ba92cd22","TBD","I think i","0-02d169f0b10a354482de7cb3134aeef6d6f8e3ede04e7e8d7b7e09a9f858355f","root.record.ItemExhibitList.P10AdvanceProcurementList.P10AdvanceProcurement.APCostElementCategoryList.EOQ.APCostElement"
"2013","See End Item P5A","0001-01","0001-01","0","0","","0001-01","","","2014-BASE_PROCUREMENT-2014-NAVY_AIRCRAFT_BA7-PROCUREMENT_MasterJustificationBook_Navy_PB_2014.zzz_unzipped-PROCUREMENT_MasterJustificationBook_Navy_PB_2014.xml","fc4b633568d09aa78acf18bb3a1378b7461e8def6999ee372311daf44c967cce","0-a7778f06d03d1e256ee8041a7a86182f07d152f188ffe3adb33979a8a7582166","TBD","I think i","1-bc27bfb9bdfe150dc6a033a739999e9da43a6fb7b57cf5db4093b717c862777a","root.record.ItemExhibitList.P10AdvanceProcurementList.P10AdvanceProcurement.APCostElementCategoryList.EOQ.APCostElement"
"2013","See End Item P5A","0001-01","0001-01","0","0","","0001-01","","","2014-BASE_PROCUREMENT-2014-NAVY_AIRCRAFT_BA7-PROCUREMENT_MasterJustificationBook_Navy_PB_2014.zzz_unzipped-PROCUREMENT_MasterJustificationBook_Navy_PB_2014.xml","fc4b633568d09aa78acf18bb3a1378b7461e8def6999ee372311daf44c967cce","0-e92ce1cf270ed81804f47d5ec1f704b6c946fa0efa2c100a860478bc92b030ae","TBD","I think i","2-8d65e0ab369ef44112cf6bdec404c4c14c4f08cf82cf6cd146e620072c5bf93e","root.record.ItemExhibitList.P10AdvanceProcurementList.P10AdvanceProcurement.APCostElementCategoryList.EOQ.APCostElement"
"2013","See End Item P5A","0001-01","0001-01","0","0","","0001-01","","","2014-BASE_PROCUREMENT-2014-NAVY_AIRCRAFT_BA7-PROCUREMENT_MasterJustificationBook_Navy_PB_2014.zzz_unzipped-PROCUREMENT_MasterJustificationBook_Navy_PB_2014.xml","fc4b633568d09aa78acf18bb3a1378b7461e8def6999ee372311daf44c967cce","0-c6c1b937e4ac325a574e23a3f6279f49044b03f96fcc66774ed4f755478f3aa9","TBD","I think i","3-09585b34d3d3cfe142917c7410a1b9da66c9f8d86180ae71aff7ffbb39e57dcf","root.record.ItemExhibitList.P10AdvanceProcurementList.P10AdvanceProcurement.APCostElementCategoryList.EOQ.APCostElement"
"2013","See End Item P5A","0001-01","0001-01","0","0","","0001-01","","","2014-BASE_PROCUREMENT-2014-NAVY_AIRCRAFT_BA7-PROCUREMENT_MasterJustificationBook_Navy_PB_2014.zzz_unzipped-PROCUREMENT_MasterJustificationBook_Navy_PB_2014.xml","fc4b633568d09aa78acf18bb3a1378b7461e8def6999ee372311daf44c967cce","0-5c37c0f453823cd4c24bed65648082f72f8dfa6bb44db35afff619aa76cfc586","TBD","I think i","4-bff502223200c5c01b85b4d8fdc4a49f0b2a15403ccc82815961a085f6f50119","root.record.ItemExhibitList.P10AdvanceProcurementList.P10AdvanceProcurement.APCostElementCategoryList.EOQ.APCostElement"
"2013","See End Item P5A","2013-12","2013-12","0","0","","2013-12","","","2014-BASE_PROCUREMENT-2014-NAVY_AIRCRAFT_BA7-PROCUREMENT_MasterJustificationBook_Navy_PB_2014.zzz_unzipped-PROCUREMENT_MasterJustificationBook_Navy_PB_2014.xml","1c90d81d3283c3e99adda35a80b069d543eb8eea9500f506f69fd1fd51fa4e10","0-0108c4adb5e28206b6f0f18bf0d74a70a994ea5749507a7ece1f88a35dc14b68","TBD","I think i","0-1b067fd46208af80dcb56f8fcbee47439b3c3d00ae8b98719ae5f03d4a2b1c39","root.record.ItemExhibitList.P10AdvanceProcurementList.P10AdvanceProcurement.APCostElementCategoryList.EOQ.APCostElement"
"2013","See End Item P5A","2013-12","2013-12","0","0","","2013-12","","","2014-BASE_PROCUREMENT-2014-NAVY_AIRCRAFT_BA7-PROCUREMENT_MasterJustificationBook_Navy_PB_2014.zzz_unzipped-PROCUREMENT_MasterJustificationBook_Navy_PB_2014.xml","1c90d81d3283c3e99adda35a80b069d543eb8eea9500f506f69fd1fd51fa4e10","0-0627bacfd5aa00f05f0cf9de40ab7f55306d85208cb7c16ec75fd670799dc978","TBD","I think i","1-91a35aa272926b856cafeea858ccb6b8dd6712157f5fe887f0fd315d9ba78dba","root.record.ItemExhibitList.P10AdvanceProcurementList.P10AdvanceProcurement.APCostElementCategoryList.EOQ.APCostElement"
"2013","See End Item P5A","2013-12","2013-12","0","0","","2013-12","","","2014-BASE_PROCUREMENT-2014-NAVY_AIRCRAFT_BA7-PROCUREMENT_MasterJustificationBook_Navy_PB_2014.zzz_unzipped-PROCUREMENT_MasterJustificationBook_Navy_PB_2014.xml","1c90d81d3283c3e99adda35a80b069d543eb8eea9500f506f69fd1fd51fa4e10","0-70e45170b42fb19186b1f187f43d405f435321000c979dac46eccae0edec4a1f","TBD","I think i","2-af6ce21b03944fa38afd35e2ea37c8f7c80946efcc9ab2db17da2e012e029bbd","root.record.ItemExhibitList.P10AdvanceProcurementList.P10AdvanceProcurement.APCostElementCategoryList.EOQ.APCostElement"
"2013","See End Item P5A","2013-12","2013-12","0","0","","2013-12","","","2014-BASE_PROCUREMENT-2014-NAVY_AIRCRAFT_BA7-PROCUREMENT_MasterJustificationBook_Navy_PB_2014.zzz_unzipped-PROCUREMENT_MasterJustificationBook_Navy_PB_2014.xml","1c90d81d3283c3e99adda35a80b069d543eb8eea9500f506f69fd1fd51fa4e10","0-2797580b5b4c303f288dd78d570ea32609f992d8933678306ec822b226a32c31","TBD","I think i","3-1b52d8ac812fb165ded81730cc1fa5b579d34dc4693e868eb6a862f90bd38675","root.record.ItemExhibitList.P10AdvanceProcurementList.P10AdvanceProcurement.APCostElementCategoryList.EOQ.APCostElement"
"2013","See End Item P5A","2013-12","2013-12","0","0","","2013-12","","","2014-BASE_PROCUREMENT-2014-NAVY_AIRCRAFT_BA7-PROCUREMENT_MasterJustificationBook_Navy_PB_2014.zzz_unzipped-PROCUREMENT_MasterJustificationBook_Navy_PB_2014.xml","1c90d81d3283c3e99adda35a80b069d543eb8eea9500f506f69fd1fd51fa4e10","0-000a4e48d667d42c46e0a89287c2c0213e2188e03d882943b0be87df53fdbc20","TBD","I think i","4-4bd458f8cf53e2c030921d164d6a330c5ea8d2a851b3a1432592e0505a331e4a","root.record.ItemExhibitList.P10AdvanceProcurementList.P10AdvanceProcurement.APCostElementCategoryList.EOQ.APCostElement"
"2013","See End Item P5A","2013-12","2013-12","0","0","","2013-12","","","2014-BASE_PROCUREMENT-2014-NAVY_AIRCRAFT_BA7-PROCUREMENT_MasterJustificationBook_Navy_PB_2014.zzz_unzipped-PROCUREMENT_MasterJustificationBook_Navy_PB_2014.xml","1c90d81d3283c3e99adda35a80b069d543eb8eea9500f506f69fd1fd51fa4e10","0-aab2ce24b845edec29d1ef0e8da18e6792f21fe8b51dfc107a467a3de5696f12","TBD","I think i","5-0d52199ea89ea34c3eb973791864ced67955b430f476807b57b70b7ee032aff4","root.record.ItemExhibitList.P10AdvanceProcurementList.P10AdvanceProcurement.APCostElementCategoryList.EOQ.APCostElement"
"2013","See End Item P5A","2013-12","2013-12","0","0","","2013-12","","","2014-BASE_PROCUREMENT-2014-NAVY_AIRCRAFT_BA7-PROCUREMENT_MasterJustificationBook_Navy_PB_2014.zzz_unzipped-PROCUREMENT_MasterJustificationBook_Navy_PB_2014.xml","1c90d81d3283c3e99adda35a80b069d543eb8eea9500f506f69fd1fd51fa4e10","0-8cb3486a579b6a68a5a685bc43011311d95113c7815af173436faf35df9ace03","TBD","I think i","6-0beacf7cf3fbffa0eef515b28b0289a79ad3a51d6451b33d8816e7b904125543","root.record.ItemExhibitList.P10AdvanceProcurementList.P10AdvanceProcurement.APCostElementCategoryList.EOQ.APCostElement"
"2013","See End Item P5A","2013-12","2013-12","0","0","","2013-12","","","2014-BASE_PROCUREMENT-2014-NAVY_AIRCRAFT_BA7-PROCUREMENT_MasterJustificationBook_Navy_PB_2014.zzz_unzipped-PROCUREMENT_MasterJustificationBook_Navy_PB_2014.xml","1c90d81d3283c3e99adda35a80b069d543eb8eea9500f506f69fd1fd51fa4e10","0-9ae04d99c4dbb5aaa4d25f9a7f5104ce4419f34d08c84fc29d91267d895d12cc","TBD","I think i","7-7b3a7210a0419f24d014c44d562bfe02b00410651045bef2a7e47e7e05fccae5","root.record.ItemExhibitList.P10AdvanceProcurementList.P10AdvanceProcurement.APCostElementCategoryList.EOQ.APCostElement"
"2013","See End Item P5A","0001-01","0001-01","0","0","","0001-01","","","2014-BASE_PROCUREMENT-2014-NAVY_AIRCRAFT_BA7-PROCUREMENT_MasterJustificationBook_Navy_PB_2014.zzz_unzipped-PROCUREMENT_MasterJustificationBook_Navy_PB_2014.xml","ea4fce3ec1135de06d7b597e5fd943b2e14d2b3f4efb262dcaf7727a24539c26","0-ba54a71f053260a83656283a62b1e411306f570491739b8068a0386e112aa7c4","TBD","I think i","0-1306014d6b1dc5280d1e57f4403ecfd264102f84acbcd7cd1ac8e2d9e1e66766","root.record.ItemExhibitList.P10AdvanceProcurementList.P10AdvanceProcurement.APCostElementCategoryList.EOQ.APCostElement"
"2013","See End Item P5A","0001-01","0001-01","0","0","","0001-01","","","2014-BASE_PROCUREMENT-2014-NAVY_AIRCRAFT_BA7-PROCUREMENT_MasterJustificationBook_Navy_PB_2014.zzz_unzipped-PROCUREMENT_MasterJustificationBook_Navy_PB_2014.xml","ea4fce3ec1135de06d7b597e5fd943b2e14d2b3f4efb262dcaf7727a24539c26","0-da3b690a30d63d1056f16f2719b8b4d3d50ca0bda707a08380cedff30217111e","TBD","I think i","1-4028cf29c316a9bb50b5728e8c27c4fe3e1ad217a30b8a3bb2da435eb121d636","root.record.ItemExhibitList.P10AdvanceProcurementList.P10AdvanceProcurement.APCostElementCategoryList.EOQ.APCostElement"
"2013","See End Item P5A","0001-01","0001-01","0","0","","0001-01","","","2014-BASE_PROCUREMENT-2014-NAVY_AIRCRAFT_BA7-PROCUREMENT_MasterJustificationBook_Navy_PB_2014.zzz_unzipped-PROCUREMENT_MasterJustificationBook_Navy_PB_2014.xml","ea4fce3ec1135de06d7b597e5fd943b2e14d2b3f4efb262dcaf7727a24539c26","0-e85970a55fb5b3e21ace92a49d903340461ef9e7b779036d4f287173ffd9643d","TBD","I think i","2-5953c3c1df23699eb6da35d3999b96fc245ec9967a4252be0f34bf172c9403c9","root.record.ItemExhibitList.P10AdvanceProcurementList.P10AdvanceProcurement.APCostElementCategoryList.EOQ.APCostElement"
"2013","See End Item P5A","0001-01","0001-01","0","0","","0001-01","","","2014-BASE_PROCUREMENT-2014-NAVY_AIRCRAFT_BA7-PROCUREMENT_MasterJustificationBook_Navy_PB_2014.zzz_unzipped-PROCUREMENT_MasterJustificationBook_Navy_PB_2014.xml","ea4fce3ec1135de06d7b597e5fd943b2e14d2b3f4efb262dcaf7727a24539c26","0-b5e1d114f5c8f1739c2bff2f54899c2a15c00768f81357520fd963b67db4f416","TBD","I think i","3-c46a32a878ea606f37fed7cc99cb1128764de62e4a7bffd4f70f311e097f2049","root.record.ItemExhibitList.P10AdvanceProcurementList.P10AdvanceProcurement.APCostElementCategoryList.EOQ.APCostElement"
"2013","See End Item P5A","0001-01","0001-01","0","0","","0001-01","","","2014-BASE_PROCUREMENT-2014-NAVY_AIRCRAFT_BA7-PROCUREMENT_MasterJustificationBook_Navy_PB_2014.zzz_unzipped-PROCUREMENT_MasterJustificationBook_Navy_PB_2014.xml","ea4fce3ec1135de06d7b597e5fd943b2e14d2b3f4efb262dcaf7727a24539c26","0-64b3a9bd1801cd73934f55929965391cb5fe3f4384fabf4f021984a12109267e","TBD","I think i","4-2b7ad6a910fad04dcd5d8cf93414dd76e9cc656d1a63a82e676eddfbe652be87","root.record.ItemExhibitList.P10AdvanceProcurementList.P10AdvanceProcurement.APCostElementCategoryList.EOQ.APCostElement"
"2013","See End Item P5A","0001-01","0001-01","0","0","","0001-01","","","2014-BASE_PROCUREMENT-2014-NAVY_AIRCRAFT_BA7-PROCUREMENT_MasterJustificationBook_Navy_PB_2014.zzz_unzipped-PROCUREMENT_MasterJustificationBook_Navy_PB_2014.xml","331f4e2cab57d75c268cb0cc0f51f889b76ed2c8ba621bb4d61f3e552a2f48d3","0-d50bbf3a6ab081d588788d3b656c8d9536a5ccbd3d1e142b1c2f85e9c9dd3ae2","TBD","I think i","0-4124bde682e4e9212b4aa2b4e2c36d4dc27c5876ea945a0020e1446a130215fc","root.record.ItemExhibitList.P10AdvanceProcurementList.P10AdvanceProcurement.APCostElementCategoryList.EOQ.APCostElement"
"2013","See End Item P5A","0001-01","0001-01","0","0","","0001-01","","","2014-BASE_PROCUREMENT-2014-NAVY_AIRCRAFT_BA7-PROCUREMENT_MasterJustificationBook_Navy_PB_2014.zzz_unzipped-PROCUREMENT_MasterJustificationBook_Navy_PB_2014.xml","1c9f6ffd331ce8f038579fa5c7414d00a50411913e693158c477bb2776944535","0-09b5dea46a4e2e18ed56f2c67e7f9a463131bca45827f5b00bc827f35ed30e35","TBD","I think i","0-5b88e7dc1cc63b95e5a572c79f93cb1c8c238e008a0d0ef94cdd7ea9e2b446e0","root.record.ItemExhibitList.P10AdvanceProcurementList.P10AdvanceProcurement.APCostElementCategoryList.EOQ.APCostElement"
"2013","See End Item P5A","0001-01","0001-01","0","0","","0001-01","","","2014-BASE_PROCUREMENT-2014-NAVY_AIRCRAFT_BA7-PROCUREMENT_MasterJustificationBook_Navy_PB_2014.zzz_unzipped-PROCUREMENT_MasterJustificationBook_Navy_PB_2014.xml","1c9f6ffd331ce8f038579fa5c7414d00a50411913e693158c477bb2776944535","0-0ce58bda4abad5aed7dc6153a141cfed1db49ecec64c62845d938a5a8c9aa17f","TBD","I think i","1-84c3e9bd97c461e4eec39d9df88263a07150982f289899caf8893bf4735dd1e7","root.record.ItemExhibitList.P10AdvanceProcurementList.P10AdvanceProcurement.APCostElementCategoryList.EOQ.APCostElement"
"2013","See End Item P5A","0001-01","0001-01","0","0","","0001-01","","","2014-BASE_PROCUREMENT-2014-NAVY_AIRCRAFT_BA7-PROCUREMENT_MasterJustificationBook_Navy_PB_2014.zzz_unzipped-PROCUREMENT_MasterJustificationBook_Navy_PB_2014.xml","1c9f6ffd331ce8f038579fa5c7414d00a50411913e693158c477bb2776944535","0-174eb46267778f778f327c379d2c13ff8fc289b4276876c3908d277c8ad5f886","TBD","I think i","2-bef67580da185bb7693a2d7d37432f03719e56421db7d8acb0cde79f9e54a0a0","root.record.ItemExhibitList.P10AdvanceProcurementList.P10AdvanceProcurement.APCostElementCategoryList.EOQ.APCostElement"
"2013","See End Item P5A","0001-01","0001-01","0","0","","0001-01","","","2014-BASE_PROCUREMENT-2014-NAVY_AIRCRAFT_BA7-PROCUREMENT_MasterJustificationBook_Navy_PB_2014.zzz_unzipped-PROCUREMENT_MasterJustificationBook_Navy_PB_2014.xml","1c9f6ffd331ce8f038579fa5c7414d00a50411913e693158c477bb2776944535","0-12e6e59cc3d340f7e73f2dd5d05a1f501b6b3f40ccb37fd1da1004d5b0c8a284","TBD","I think i","3-472d86f7a2fea1e71e6d9d2567291f5e2cd028731ef0f79f44f1bede596b3a85","root.record.ItemExhibitList.P10AdvanceProcurementList.P10AdvanceProcurement.APCostElementCategoryList.EOQ.APCostElement"
"2013","See End Item P5A","0001-01","0001-01","0","0","","0001-01","","","2014-BASE_PROCUREMENT-2014-NAVY_AIRCRAFT_BA7-PROCUREMENT_MasterJustificationBook_Navy_PB_2014.zzz_unzipped-PROCUREMENT_MasterJustificationBook_Navy_PB_2014.xml","1c9f6ffd331ce8f038579fa5c7414d00a50411913e693158c477bb2776944535","0-b9e1954dc731d21823e4bf174b9696cddc15677d5db95992012911b2a12e3353","TBD","I think i","4-506355da20fd111ede4251b80a68f555836b34bd587d66f6818cbfb05dd21141","root.record.ItemExhibitList.P10AdvanceProcurementList.P10AdvanceProcurement.APCostElementCategoryList.EOQ.APCostElement"
"2013","See End Item P5A","0001-01","0001-01","0","0","","0001-01","","","2014-BASE_PROCUREMENT-2014-NAVY_AIRCRAFT_BA7-PROCUREMENT_MasterJustificationBook_Navy_PB_2014.zzz_unzipped-PROCUREMENT_MasterJustificationBook_Navy_PB_2014.xml","97ef4cf3f410d224f56ae29ea98cdf2592e9fe9b3908e3df56bf826c63de8ad7","0-b5a5577bf76b6d4c5466427e61dfb0edc8ff7426a8027a36c5a07cfcce17e130","TBD","I think i","0-3ef9d91aad4f142b7f702e0644fae6f19983db541d9ed03d8f46f8ce75cc4a53","root.record.ItemExhibitList.P10AdvanceProcurementList.P10AdvanceProcurement.APCostElementCategoryList.EOQ.APCostElement"
