Title_val,Costs_TotalCost_PriorYearTen_val,Costs_TotalCost_PriorYearEight_val,Costs_TotalCost_PriorYearTwo_val,Costs_TotalCost_PriorYear_val,Costs_TotalCost_CurrentYear_val,Costs_TotalCost_BudgetYearOne_val,Costs_TotalCost_PriorYearFive_val,Costs_TotalCost_PriorYearEleven_val,Costs_TotalCost_PriorYearNine_val,Costs_TotalCost_PriorYearThree_val,Costs_TotalCost_PriorYearTwelve_val,Costs_TotalCost_PriorYearFour_val,@SOURCE_FILENAME,@RECORDID,@ROWID,@PARENTROWID,@PARENT
"Technical Support Services","14.5","3.86","","","","","","","","","","","2018-BASE_PROCUREMENT-2018-NAVY_SHIPBUILDINGANDCOVERSION-U_PROCUREMENT_JustificationBook_Navy_PB_2018.zzz_unzipped-U_PROCUREMENT_JustificationBook_Navy_PB_2018.xml","63a199acf2aec9803478e689b99e17d5ba8e6ed8eb7dfb080491db0b111af06e","0-8d200aabf8bb1c4155de7ce02152262b26d0a7bc89bd0872a66b20202507cd24","0-0a3f32d0e2373013bf175ce7ad8a360ff9afc164d26a2c16c57bdb5663437e6f","root.record.ShipsExhibitList.P5ShipClass.CostElementCategories.Ordnance.CostElementAnalysis.P35ItemList.P35Item"
"Other / NRE","155.439","38.155","","","","","","","","","","","2018-BASE_PROCUREMENT-2018-NAVY_SHIPBUILDINGANDCOVERSION-U_PROCUREMENT_JustificationBook_Navy_PB_2018.zzz_unzipped-U_PROCUREMENT_JustificationBook_Navy_PB_2018.xml","63a199acf2aec9803478e689b99e17d5ba8e6ed8eb7dfb080491db0b111af06e","1-07ea6df94a9e4a123d76060f35098328323b805366a346d91d8f9bf7650765b0","0-0a3f32d0e2373013bf175ce7ad8a360ff9afc164d26a2c16c57bdb5663437e6f","root.record.ShipsExhibitList.P5ShipClass.CostElementCategories.Ordnance.CostElementAnalysis.P35ItemList.P35Item"
"Technical Support Services","7.177","3.381","","","","","","","","","","","2018-BASE_PROCUREMENT-2018-NAVY_SHIPBUILDINGANDCOVERSION-U_PROCUREMENT_JustificationBook_Navy_PB_2018.zzz_unzipped-U_PROCUREMENT_JustificationBook_Navy_PB_2018.xml","63a199acf2aec9803478e689b99e17d5ba8e6ed8eb7dfb080491db0b111af06e","0-792cb0648be0fbe1150e8deb072c1d76f243f77db076a3556f2f23059590be79","1-f5ef2a619cb4223a792cfee001509872af8f0a803f6a73d580d02c8d9befc997","root.record.ShipsExhibitList.P5ShipClass.CostElementCategories.Ordnance.CostElementAnalysis.P35ItemList.P35Item"
"Other / NRE","12.94","2.88","","","","","","","","","","","2018-BASE_PROCUREMENT-2018-NAVY_SHIPBUILDINGANDCOVERSION-U_PROCUREMENT_JustificationBook_Navy_PB_2018.zzz_unzipped-U_PROCUREMENT_JustificationBook_Navy_PB_2018.xml","63a199acf2aec9803478e689b99e17d5ba8e6ed8eb7dfb080491db0b111af06e","1-436a9e9c0037bb1280802a2f5ebfb29ab360aa5672a28e74bf960038d960f618","1-f5ef2a619cb4223a792cfee001509872af8f0a803f6a73d580d02c8d9befc997","root.record.ShipsExhibitList.P5ShipClass.CostElementCategories.Ordnance.CostElementAnalysis.P35ItemList.P35Item"
"Logistics Support","","","34.708","48.138","19.822","20.214","","","","","","","2018-BASE_PROCUREMENT-2018-NAVY_SHIPBUILDINGANDCOVERSION-U_PROCUREMENT_JustificationBook_Navy_PB_2018.zzz_unzipped-U_PROCUREMENT_JustificationBook_Navy_PB_2018.xml","341c09c4a37bc5105a93194374c2b71f3cdff23a738f04e5629acb1abd33932e","0-3cd7564372661e13354295c02a5fbfde8e8d8a24f5a023faee976865a79e4910","0-bf035cafcaf10fc5ae179941718527e8c1cff0e21d75ddd64973226e91517ddc","root.record.ShipsExhibitList.P5ShipClass.CostElementCategories.Ordnance.CostElementAnalysis.P35ItemList.P35Item"
"Combat System Integration","","","69.862","106.782","72.54","73.976","","","","","","","2018-BASE_PROCUREMENT-2018-NAVY_SHIPBUILDINGANDCOVERSION-U_PROCUREMENT_JustificationBook_Navy_PB_2018.zzz_unzipped-U_PROCUREMENT_JustificationBook_Navy_PB_2018.xml","341c09c4a37bc5105a93194374c2b71f3cdff23a738f04e5629acb1abd33932e","1-8a15c8b9824ae25ec761e3c0b52f7e5ef3032c0a54fcb2e550bf092483bd9626","0-bf035cafcaf10fc5ae179941718527e8c1cff0e21d75ddd64973226e91517ddc","root.record.ShipsExhibitList.P5ShipClass.CostElementCategories.Ordnance.CostElementAnalysis.P35ItemList.P35Item"
"Logistics","","","","6.288","9.552","9.738","","","","","","","2018-BASE_PROCUREMENT-2018-NAVY_SHIPBUILDINGANDCOVERSION-U_PROCUREMENT_JustificationBook_Navy_PB_2018.zzz_unzipped-U_PROCUREMENT_JustificationBook_Navy_PB_2018.xml","341c09c4a37bc5105a93194374c2b71f3cdff23a738f04e5629acb1abd33932e","0-aabbe79ce0c4eb71a89a7437152dca90bdb810f34e774c3ff6ad8b187d7ccc54","1-008ea26fc0efa98b53a55330ed207f0e7b2d5f0cc73ffc2beb395650834653c1","root.record.ShipsExhibitList.P5ShipClass.CostElementCategories.Ordnance.CostElementAnalysis.P35ItemList.P35Item"
"Software","","","0.143","0.145","0.099","0.078","","","","","","","2018-BASE_PROCUREMENT-2018-NAVY_SHIPBUILDINGANDCOVERSION-U_PROCUREMENT_JustificationBook_Navy_PB_2018.zzz_unzipped-U_PROCUREMENT_JustificationBook_Navy_PB_2018.xml","b548d3bebc5c45d3822f00bfd12bbaf3401faadb58f2ede71a62e2af4a876487","0-23131f17bd1ef349d591495aa47cb8a9aeb44db17518e0364d80e682729d3747","0-18963a2655b0df4082f96ec5e57d18da05e8253c69823ab4c6653c62305061f4","root.record.ShipsExhibitList.P5ShipClass.CostElementCategories.Ordnance.CostElementAnalysis.P35ItemList.P35Item"
"Test & Evaluation","","","0.863","0.878","0.605","0.455","","","","","","","2018-BASE_PROCUREMENT-2018-NAVY_SHIPBUILDINGANDCOVERSION-U_PROCUREMENT_JustificationBook_Navy_PB_2018.zzz_unzipped-U_PROCUREMENT_JustificationBook_Navy_PB_2018.xml","b548d3bebc5c45d3822f00bfd12bbaf3401faadb58f2ede71a62e2af4a876487","1-d0ffec390abc0048e46bb9b5c08545e62ab74bfeb62ca679aef250d0be58e238","0-18963a2655b0df4082f96ec5e57d18da05e8253c69823ab4c6653c62305061f4","root.record.ShipsExhibitList.P5ShipClass.CostElementCategories.Ordnance.CostElementAnalysis.P35ItemList.P35Item"
"Program Management","","","0.528","0.537","0.367","0.202","","","","","","","2018-BASE_PROCUREMENT-2018-NAVY_SHIPBUILDINGANDCOVERSION-U_PROCUREMENT_JustificationBook_Navy_PB_2018.zzz_unzipped-U_PROCUREMENT_JustificationBook_Navy_PB_2018.xml","b548d3bebc5c45d3822f00bfd12bbaf3401faadb58f2ede71a62e2af4a876487","2-273ab1270feebcadbc0e16616af925343840ab1d8c5da5d6801a34a7f89e2670","0-18963a2655b0df4082f96ec5e57d18da05e8253c69823ab4c6653c62305061f4","root.record.ShipsExhibitList.P5ShipClass.CostElementCategories.Ordnance.CostElementAnalysis.P35ItemList.P35Item"
"Documentation and Systems Engineering","","","","0.46","","","1.476","","","","","","2018-BASE_PROCUREMENT-2018-NAVY_SHIPBUILDINGANDCOVERSION-U_PROCUREMENT_JustificationBook_Navy_PB_2018.zzz_unzipped-U_PROCUREMENT_JustificationBook_Navy_PB_2018.xml","6c8db8380a911de3d70ef956f133867b9c0a3463851956b9d3521431df0e0e53","0-a20355f78d6696aa74442c5ab693d1cca951476e7e7e6622b0dddb9aa79b4e50","0-600461b737fc73bf08cb2724ecc32b8c90201196c0409ec2b3b233042bb8abb4","root.record.ShipsExhibitList.P5ShipClass.CostElementCategories.Ordnance.CostElementAnalysis.P35ItemList.P35Item"
"Documentation and Systems Engineering","","","","0.121","","","0.839","","","","","","2018-BASE_PROCUREMENT-2018-NAVY_SHIPBUILDINGANDCOVERSION-U_PROCUREMENT_JustificationBook_Navy_PB_2018.zzz_unzipped-U_PROCUREMENT_JustificationBook_Navy_PB_2018.xml","6c8db8380a911de3d70ef956f133867b9c0a3463851956b9d3521431df0e0e53","0-b75f0d1155f7c1291ebf8fd25d7cbc6ee40f6812ce5beefd4fff48d69f37df31","2-597dfc216a98e8bdb779e90fa6294c17a44b8f81b87fef925efb348d6ba6b184","root.record.ShipsExhibitList.P5ShipClass.CostElementCategories.Ordnance.CostElementAnalysis.P35ItemList.P35Item"
"Documentation and Systems Engineering","","","","0.049","","","0.261","","","","","","2018-BASE_PROCUREMENT-2018-NAVY_SHIPBUILDINGANDCOVERSION-U_PROCUREMENT_JustificationBook_Navy_PB_2018.zzz_unzipped-U_PROCUREMENT_JustificationBook_Navy_PB_2018.xml","6c8db8380a911de3d70ef956f133867b9c0a3463851956b9d3521431df0e0e53","0-198616acd39bddb6e754b379289f1c366a837319ea99b32d043f785a739d0ddb","3-bcc509189734c37204c52f167ad04f5b326f892caeb98e8a3fe2b354c314df92","root.record.ShipsExhibitList.P5ShipClass.CostElementCategories.Ordnance.CostElementAnalysis.P35ItemList.P35Item"
"Technical Support Services","14.5","3.86","","","","","","","","","","","2018-BASE_PROCUREMENT-2018-NAVY_SHIPBUILDINGANDCOVERSION-U_PROCUREMENT_MasterJustificationBook_Navy_PB_2018.zzz_unzipped-U_PROCUREMENT_MasterJustificationBook_Navy_PB_2018.xml","cfcd2affcafe58149df6900b5bafde44d10bbb1934842da11d594bb3c352ff90","0-aebda63dddd2e518ecca5ea4c21d8593d308090a9b4dad272f5e5a01cdee6e83","0-e443e18cefc17c2578af89420d77038eb12e6a343e1791bc301e64b4655c2fc2","root.record.ShipsExhibitList.P5ShipClass.CostElementCategories.Ordnance.CostElementAnalysis.P35ItemList.P35Item"
"Other / NRE","155.439","38.155","","","","","","","","","","","2018-BASE_PROCUREMENT-2018-NAVY_SHIPBUILDINGANDCOVERSION-U_PROCUREMENT_MasterJustificationBook_Navy_PB_2018.zzz_unzipped-U_PROCUREMENT_MasterJustificationBook_Navy_PB_2018.xml","cfcd2affcafe58149df6900b5bafde44d10bbb1934842da11d594bb3c352ff90","1-a71eee25316b8836b2857a95750fcbcec747d435672ee0ec1a3c4588cc4ac2a1","0-e443e18cefc17c2578af89420d77038eb12e6a343e1791bc301e64b4655c2fc2","root.record.ShipsExhibitList.P5ShipClass.CostElementCategories.Ordnance.CostElementAnalysis.P35ItemList.P35Item"
"Technical Support Services","7.177","3.381","","","","","","","","","","","2018-BASE_PROCUREMENT-2018-NAVY_SHIPBUILDINGANDCOVERSION-U_PROCUREMENT_MasterJustificationBook_Navy_PB_2018.zzz_unzipped-U_PROCUREMENT_MasterJustificationBook_Navy_PB_2018.xml","cfcd2affcafe58149df6900b5bafde44d10bbb1934842da11d594bb3c352ff90","0-c5f99e160e31a36917415e59a90ac9bd7c41e16b9e3970fc80ea2a0f840358bd","1-db8b4761e65fbcfa613625e4968b923b58e1a4995be62f4a8187915fb8a52a77","root.record.ShipsExhibitList.P5ShipClass.CostElementCategories.Ordnance.CostElementAnalysis.P35ItemList.P35Item"
"Other / NRE","12.94","2.88","","","","","","","","","","","2018-BASE_PROCUREMENT-2018-NAVY_SHIPBUILDINGANDCOVERSION-U_PROCUREMENT_MasterJustificationBook_Navy_PB_2018.zzz_unzipped-U_PROCUREMENT_MasterJustificationBook_Navy_PB_2018.xml","cfcd2affcafe58149df6900b5bafde44d10bbb1934842da11d594bb3c352ff90","1-770302c8fe1bfe38ff5448846cf81f7bc2eb1911452c2d1bbfd57881f29a82cb","1-db8b4761e65fbcfa613625e4968b923b58e1a4995be62f4a8187915fb8a52a77","root.record.ShipsExhibitList.P5ShipClass.CostElementCategories.Ordnance.CostElementAnalysis.P35ItemList.P35Item"
"Logistics Support","","","34.708","48.138","19.822","20.214","","","","","","","2018-BASE_PROCUREMENT-2018-NAVY_SHIPBUILDINGANDCOVERSION-U_PROCUREMENT_MasterJustificationBook_Navy_PB_2018.zzz_unzipped-U_PROCUREMENT_MasterJustificationBook_Navy_PB_2018.xml","e27de6ec9cb638c66ac0b656bccfc8f782bb401590861916fc6bffb8352b5cd2","0-c1d5225bfe0887f80c181c7b6c70638f24b1edd36eb188dafa7f14dfe9d26c18","0-96f2c1799b3106eff42f2be62eb9ea28d345eb380f704c0fdb8ff27d17290bbb","root.record.ShipsExhibitList.P5ShipClass.CostElementCategories.Ordnance.CostElementAnalysis.P35ItemList.P35Item"
"Combat System Integration","","","69.862","106.782","72.54","73.976","","","","","","","2018-BASE_PROCUREMENT-2018-NAVY_SHIPBUILDINGANDCOVERSION-U_PROCUREMENT_MasterJustificationBook_Navy_PB_2018.zzz_unzipped-U_PROCUREMENT_MasterJustificationBook_Navy_PB_2018.xml","e27de6ec9cb638c66ac0b656bccfc8f782bb401590861916fc6bffb8352b5cd2","1-fa0460890320fbadb01aab971d372076cff170947d928506d7be954e33c96d70","0-96f2c1799b3106eff42f2be62eb9ea28d345eb380f704c0fdb8ff27d17290bbb","root.record.ShipsExhibitList.P5ShipClass.CostElementCategories.Ordnance.CostElementAnalysis.P35ItemList.P35Item"
"Logistics","","","","6.288","9.552","9.738","","","","","","","2018-BASE_PROCUREMENT-2018-NAVY_SHIPBUILDINGANDCOVERSION-U_PROCUREMENT_MasterJustificationBook_Navy_PB_2018.zzz_unzipped-U_PROCUREMENT_MasterJustificationBook_Navy_PB_2018.xml","e27de6ec9cb638c66ac0b656bccfc8f782bb401590861916fc6bffb8352b5cd2","0-5767cc2d9df01911d44a8c59cd663736c72af34855a41f37e784c1cb1dfa0d69","1-d000746a8dcecc06f4b206089e37e77c3bf5f89c614883604e45ff709d0dcae4","root.record.ShipsExhibitList.P5ShipClass.CostElementCategories.Ordnance.CostElementAnalysis.P35ItemList.P35Item"
"Software","","","0.143","0.145","0.099","0.078","","","","","","","2018-BASE_PROCUREMENT-2018-NAVY_SHIPBUILDINGANDCOVERSION-U_PROCUREMENT_MasterJustificationBook_Navy_PB_2018.zzz_unzipped-U_PROCUREMENT_MasterJustificationBook_Navy_PB_2018.xml","119a8a234210e8d816f52b47d147d9422de1a8875a3a611fd7398a69bdc2b836","0-ef4eaf7c72feb3b7d2c4c24075a30ca0142331b2f3647604cccc2a6683e922df","0-86f3dd4a684ac2fe5476c254e05e53ba4eff35829f7b0c2abe48598f28e67e42","root.record.ShipsExhibitList.P5ShipClass.CostElementCategories.Ordnance.CostElementAnalysis.P35ItemList.P35Item"
"Test & Evaluation","","","0.863","0.878","0.605","0.455","","","","","","","2018-BASE_PROCUREMENT-2018-NAVY_SHIPBUILDINGANDCOVERSION-U_PROCUREMENT_MasterJustificationBook_Navy_PB_2018.zzz_unzipped-U_PROCUREMENT_MasterJustificationBook_Navy_PB_2018.xml","119a8a234210e8d816f52b47d147d9422de1a8875a3a611fd7398a69bdc2b836","1-4c40a6eea750171919f36e0bf0ef6bd1525ebb752833644ea0a74810bf354c8c","0-86f3dd4a684ac2fe5476c254e05e53ba4eff35829f7b0c2abe48598f28e67e42","root.record.ShipsExhibitList.P5ShipClass.CostElementCategories.Ordnance.CostElementAnalysis.P35ItemList.P35Item"
"Program Management","","","0.528","0.537","0.367","0.202","","","","","","","2018-BASE_PROCUREMENT-2018-NAVY_SHIPBUILDINGANDCOVERSION-U_PROCUREMENT_MasterJustificationBook_Navy_PB_2018.zzz_unzipped-U_PROCUREMENT_MasterJustificationBook_Navy_PB_2018.xml","119a8a234210e8d816f52b47d147d9422de1a8875a3a611fd7398a69bdc2b836","2-0235c5fcd9762b1038d44c854f1432c79bcbcb4b7ac2b0eb397798efa5b9e68c","0-86f3dd4a684ac2fe5476c254e05e53ba4eff35829f7b0c2abe48598f28e67e42","root.record.ShipsExhibitList.P5ShipClass.CostElementCategories.Ordnance.CostElementAnalysis.P35ItemList.P35Item"
"Documentation and Systems Engineering","","","","0.46","","","1.476","","","","","","2018-BASE_PROCUREMENT-2018-NAVY_SHIPBUILDINGANDCOVERSION-U_PROCUREMENT_MasterJustificationBook_Navy_PB_2018.zzz_unzipped-U_PROCUREMENT_MasterJustificationBook_Navy_PB_2018.xml","b6836e8f5cae238b72477d06bd8275a4b5f6643ffb0fbad18a73c25cb2c9b2b2","0-dd07e5382a3c231d2f07233ee5801d672b9480e4a0954493b146a798e1f99ef3","0-3df839e5ffa36b734a8c23c54d4faa54873c311638921b7bab5b19e717b1f44e","root.record.ShipsExhibitList.P5ShipClass.CostElementCategories.Ordnance.CostElementAnalysis.P35ItemList.P35Item"
"Documentation and Systems Engineering","","","","0.121","","","0.839","","","","","","2018-BASE_PROCUREMENT-2018-NAVY_SHIPBUILDINGANDCOVERSION-U_PROCUREMENT_MasterJustificationBook_Navy_PB_2018.zzz_unzipped-U_PROCUREMENT_MasterJustificationBook_Navy_PB_2018.xml","b6836e8f5cae238b72477d06bd8275a4b5f6643ffb0fbad18a73c25cb2c9b2b2","0-4722a4e7c136ae60acd90c26bbc60e7d3dea25de8ba8d809aa345e777ac338af","2-0a5c2218c7cce638aeba138c2796b336294643f7995223309be0bf7761b12512","root.record.ShipsExhibitList.P5ShipClass.CostElementCategories.Ordnance.CostElementAnalysis.P35ItemList.P35Item"
"Documentation and Systems Engineering","","","","0.049","","","0.261","","","","","","2018-BASE_PROCUREMENT-2018-NAVY_SHIPBUILDINGANDCOVERSION-U_PROCUREMENT_MasterJustificationBook_Navy_PB_2018.zzz_unzipped-U_PROCUREMENT_MasterJustificationBook_Navy_PB_2018.xml","b6836e8f5cae238b72477d06bd8275a4b5f6643ffb0fbad18a73c25cb2c9b2b2","0-e797bd5bd987f92641e3063ecc7e384c86a8ef4d9170685ac616e9e66cf1daf4","3-ec6a88b231147082a06a617c952df881eb157772e4fe1136f3e615f63d80f41e","root.record.ShipsExhibitList.P5ShipClass.CostElementCategories.Ordnance.CostElementAnalysis.P35ItemList.P35Item"
"Technical Support Services","","","","","","","","14.5","3.86","","","","2019-BASE_PROCUREMENT-2019-NAVY_SHIPBUILDINGANDCOVERSION-U_PROCUREMENT_JustificationBook_Navy_PB_2019.zzz_unzipped-U_PROCUREMENT_JustificationBook_Navy_PB_2019.xml","384bbcfb660b583b57aa41ac827b7a4f96349bc3d635569d38c5399e81cf111b","0-403e96a94cffdf2311a2cb82c623d6c73825f85851c77db6460d599a6045d52c","0-cb7d073b0b7ec942f4a50dbe70091a3337c73dce4492052fa853cce12fabadcc","root.record.ShipsExhibitList.P5ShipClass.CostElementCategories.Ordnance.CostElementAnalysis.P35ItemList.P35Item"
"Other / NRE","","","","","","","","155.439","38.155","","","","2019-BASE_PROCUREMENT-2019-NAVY_SHIPBUILDINGANDCOVERSION-U_PROCUREMENT_JustificationBook_Navy_PB_2019.zzz_unzipped-U_PROCUREMENT_JustificationBook_Navy_PB_2019.xml","384bbcfb660b583b57aa41ac827b7a4f96349bc3d635569d38c5399e81cf111b","1-49a6c752e5ccf310c510b1eb2e212c950832860b11bface2198255df039c33c0","0-cb7d073b0b7ec942f4a50dbe70091a3337c73dce4492052fa853cce12fabadcc","root.record.ShipsExhibitList.P5ShipClass.CostElementCategories.Ordnance.CostElementAnalysis.P35ItemList.P35Item"
"Technical Support Services","","","","","","","","7.177","3.381","","","","2019-BASE_PROCUREMENT-2019-NAVY_SHIPBUILDINGANDCOVERSION-U_PROCUREMENT_JustificationBook_Navy_PB_2019.zzz_unzipped-U_PROCUREMENT_JustificationBook_Navy_PB_2019.xml","384bbcfb660b583b57aa41ac827b7a4f96349bc3d635569d38c5399e81cf111b","0-d5adb3277707b885e168dc120cf345c104fa9de47f6f790c26b7b8acae375305","1-9f4ecaa4cf8321c4f1adf0b013754ea555520402014a66af0ccdf60686a620b7","root.record.ShipsExhibitList.P5ShipClass.CostElementCategories.Ordnance.CostElementAnalysis.P35ItemList.P35Item"
"Other / NRE","","","","","","","","12.94","2.88","","","","2019-BASE_PROCUREMENT-2019-NAVY_SHIPBUILDINGANDCOVERSION-U_PROCUREMENT_JustificationBook_Navy_PB_2019.zzz_unzipped-U_PROCUREMENT_JustificationBook_Navy_PB_2019.xml","384bbcfb660b583b57aa41ac827b7a4f96349bc3d635569d38c5399e81cf111b","1-ed155894864dce1611350cc945b06622f746a4d58cbe8eb70fbe07fe7b0d9d66","1-9f4ecaa4cf8321c4f1adf0b013754ea555520402014a66af0ccdf60686a620b7","root.record.ShipsExhibitList.P5ShipClass.CostElementCategories.Ordnance.CostElementAnalysis.P35ItemList.P35Item"
"Logistics Support","","","48.138","19.822","20.214","30.927","","","","34.708","","","2019-BASE_PROCUREMENT-2019-NAVY_SHIPBUILDINGANDCOVERSION-U_PROCUREMENT_JustificationBook_Navy_PB_2019.zzz_unzipped-U_PROCUREMENT_JustificationBook_Navy_PB_2019.xml","a1a47c8635cef5e8f1226c963ba3faf740a9814b8e16b8e7235117ff98b853fd","0-dfb56af5c129b1dcca730397f73509bd64583a3b11821a8fc7fb593129c1322f","0-2f2df6eb131c06ce6a2bc5254dd0d5e5b4329d1d78e2660497c333a98efd7955","root.record.ShipsExhibitList.P5ShipClass.CostElementCategories.Ordnance.CostElementAnalysis.P35ItemList.P35Item"
"Combat System Integration","","","106.782","72.54","73.976","113.183","","","","69.862","","","2019-BASE_PROCUREMENT-2019-NAVY_SHIPBUILDINGANDCOVERSION-U_PROCUREMENT_JustificationBook_Navy_PB_2019.zzz_unzipped-U_PROCUREMENT_JustificationBook_Navy_PB_2019.xml","a1a47c8635cef5e8f1226c963ba3faf740a9814b8e16b8e7235117ff98b853fd","1-2fb36e03eb9f433dfc9b16af1abead3754ce299670860dfb2ee9f91d83eb2a35","0-2f2df6eb131c06ce6a2bc5254dd0d5e5b4329d1d78e2660497c333a98efd7955","root.record.ShipsExhibitList.P5ShipClass.CostElementCategories.Ordnance.CostElementAnalysis.P35ItemList.P35Item"
"Logistics","","","6.288","9.552","9.738","14.899","","","","","","","2019-BASE_PROCUREMENT-2019-NAVY_SHIPBUILDINGANDCOVERSION-U_PROCUREMENT_JustificationBook_Navy_PB_2019.zzz_unzipped-U_PROCUREMENT_JustificationBook_Navy_PB_2019.xml","a1a47c8635cef5e8f1226c963ba3faf740a9814b8e16b8e7235117ff98b853fd","0-a607ad5b68565b34709b5e8700cfa0487039d249db19d89f0461dfdd1f61c4fa","1-9b9f2d1454db4e09d9778f7161341e5b3fc71b0eaffa716834e52f500ee214c1","root.record.ShipsExhibitList.P5ShipClass.CostElementCategories.Ordnance.CostElementAnalysis.P35ItemList.P35Item"
"Software","","","0.145","0.147","0.101","0.079","","","","0.143","","","2019-BASE_PROCUREMENT-2019-NAVY_SHIPBUILDINGANDCOVERSION-U_PROCUREMENT_JustificationBook_Navy_PB_2019.zzz_unzipped-U_PROCUREMENT_JustificationBook_Navy_PB_2019.xml","5152a3e67c89abc2820925748b17a30f7c8ff664b180b65af516e145f35dcb0b","0-9a1d9ba7ee7bf5b47ea838a3b861f88f3e87ba4aeca8bbbcb5d49efd42490523","0-a4ec302d64b5e1ec9312dfd65698df9f02a2f44c4b4e26d89ff58812107414c4","root.record.ShipsExhibitList.P5ShipClass.CostElementCategories.Ordnance.CostElementAnalysis.P35ItemList.P35Item"
"Test & Evaluation","","","0.878","0.895","0.615","0.463","","","","0.863","","","2019-BASE_PROCUREMENT-2019-NAVY_SHIPBUILDINGANDCOVERSION-U_PROCUREMENT_JustificationBook_Navy_PB_2019.zzz_unzipped-U_PROCUREMENT_JustificationBook_Navy_PB_2019.xml","5152a3e67c89abc2820925748b17a30f7c8ff664b180b65af516e145f35dcb0b","1-3bfa092eca85ce6835fe571dd0550d7dcd371657164f652915aa059d29b0d17f","0-a4ec302d64b5e1ec9312dfd65698df9f02a2f44c4b4e26d89ff58812107414c4","root.record.ShipsExhibitList.P5ShipClass.CostElementCategories.Ordnance.CostElementAnalysis.P35ItemList.P35Item"
"Program Management","","","0.537","0.543","0.373","0.205","","","","0.528","","","2019-BASE_PROCUREMENT-2019-NAVY_SHIPBUILDINGANDCOVERSION-U_PROCUREMENT_JustificationBook_Navy_PB_2019.zzz_unzipped-U_PROCUREMENT_JustificationBook_Navy_PB_2019.xml","5152a3e67c89abc2820925748b17a30f7c8ff664b180b65af516e145f35dcb0b","2-7b9fa11cc73c4aa77b136c0487a011ac13b0dae5784bfa71ca0fcddfddede140","0-a4ec302d64b5e1ec9312dfd65698df9f02a2f44c4b4e26d89ff58812107414c4","root.record.ShipsExhibitList.P5ShipClass.CostElementCategories.Ordnance.CostElementAnalysis.P35ItemList.P35Item"
"Documentation and Systems Engineering","","","1.083","0.434","","","","","","","","","2019-BASE_PROCUREMENT-2019-NAVY_SHIPBUILDINGANDCOVERSION-U_PROCUREMENT_JustificationBook_Navy_PB_2019.zzz_unzipped-U_PROCUREMENT_JustificationBook_Navy_PB_2019.xml","169bc358bca4dfb8acf7b7efe08e701c479c593f5473f0f5b4ee6d1c0ad679db","0-1455138044b871eadc10f1968afa803922f3d6f13353fc59a7fbc7a44ca4fbfd","0-1402f38c33b5733d1f51c086d0b4327de41f5142c7af203933a34f137a98d5ae","root.record.ShipsExhibitList.P5ShipClass.CostElementCategories.Ordnance.CostElementAnalysis.P35ItemList.P35Item"
"Documentation and Systems Engineering","","","0.121","","","","","","","","","","2019-BASE_PROCUREMENT-2019-NAVY_SHIPBUILDINGANDCOVERSION-U_PROCUREMENT_JustificationBook_Navy_PB_2019.zzz_unzipped-U_PROCUREMENT_JustificationBook_Navy_PB_2019.xml","169bc358bca4dfb8acf7b7efe08e701c479c593f5473f0f5b4ee6d1c0ad679db","0-114690b6e2f4352463a0443a68fbd193e3dacafb860eff096692d7e26c894236","2-79a3cad4fa6e493aaeaaae4bbe989f187415832fe72c3b111b05d6ca4d4585e2","root.record.ShipsExhibitList.P5ShipClass.CostElementCategories.Ordnance.CostElementAnalysis.P35ItemList.P35Item"
"Documentation and Systems Engineering","","","0.049","0.473","","","","","","","","","2019-BASE_PROCUREMENT-2019-NAVY_SHIPBUILDINGANDCOVERSION-U_PROCUREMENT_JustificationBook_Navy_PB_2019.zzz_unzipped-U_PROCUREMENT_JustificationBook_Navy_PB_2019.xml","169bc358bca4dfb8acf7b7efe08e701c479c593f5473f0f5b4ee6d1c0ad679db","0-905a546586684d3747cfda125823540227463d7be81492be416945a2b486f124","3-9ff4606bfc128e78015c0ecac9a7ee844b411068935a4170e84948e255d288ff","root.record.ShipsExhibitList.P5ShipClass.CostElementCategories.Ordnance.CostElementAnalysis.P35ItemList.P35Item"
"Technical Support Services","","","","","","","","14.5","3.86","","","","2019-BASE_PROCUREMENT-2019-NAVY_SHIPBUILDINGANDCOVERSION-U_PROCUREMENT_MasterJustificationBook_Navy_PB_2019.zzz_unzipped-U_PROCUREMENT_MasterJustificationBook_Navy_PB_2019.xml","eb65c52dd93ce16c20d00a7266f3d388040779562cbb7747c2c0d892437bc207","0-8d1b96a3a20f03735e6f0568a7b3138ce8947f881acd945e6e99ace331dfd35a","0-bfe15df425fc24849af8e060e4510ad7facdc14a41a64e0ed187f8c8558e4d4b","root.record.ShipsExhibitList.P5ShipClass.CostElementCategories.Ordnance.CostElementAnalysis.P35ItemList.P35Item"
"Other / NRE","","","","","","","","155.439","38.155","","","","2019-BASE_PROCUREMENT-2019-NAVY_SHIPBUILDINGANDCOVERSION-U_PROCUREMENT_MasterJustificationBook_Navy_PB_2019.zzz_unzipped-U_PROCUREMENT_MasterJustificationBook_Navy_PB_2019.xml","eb65c52dd93ce16c20d00a7266f3d388040779562cbb7747c2c0d892437bc207","1-d69ec66bcf03444162713258d268e9d00fbb4225a2ab6504f334374aa24e038e","0-bfe15df425fc24849af8e060e4510ad7facdc14a41a64e0ed187f8c8558e4d4b","root.record.ShipsExhibitList.P5ShipClass.CostElementCategories.Ordnance.CostElementAnalysis.P35ItemList.P35Item"
"Technical Support Services","","","","","","","","7.177","3.381","","","","2019-BASE_PROCUREMENT-2019-NAVY_SHIPBUILDINGANDCOVERSION-U_PROCUREMENT_MasterJustificationBook_Navy_PB_2019.zzz_unzipped-U_PROCUREMENT_MasterJustificationBook_Navy_PB_2019.xml","eb65c52dd93ce16c20d00a7266f3d388040779562cbb7747c2c0d892437bc207","0-56fba7b2b275793c06f519dc7bde213759a235d223d9a5a7b7ce37c1da4fb178","1-460f050cda54cfaf976f88c25a770807eec921de6afa72f068272cab3137b92f","root.record.ShipsExhibitList.P5ShipClass.CostElementCategories.Ordnance.CostElementAnalysis.P35ItemList.P35Item"
"Other / NRE","","","","","","","","12.94","2.88","","","","2019-BASE_PROCUREMENT-2019-NAVY_SHIPBUILDINGANDCOVERSION-U_PROCUREMENT_MasterJustificationBook_Navy_PB_2019.zzz_unzipped-U_PROCUREMENT_MasterJustificationBook_Navy_PB_2019.xml","eb65c52dd93ce16c20d00a7266f3d388040779562cbb7747c2c0d892437bc207","1-22512ddfef451010d5ecb6f0298968c15e5cf2e56ca6ab4dcb4609371dac0b9e","1-460f050cda54cfaf976f88c25a770807eec921de6afa72f068272cab3137b92f","root.record.ShipsExhibitList.P5ShipClass.CostElementCategories.Ordnance.CostElementAnalysis.P35ItemList.P35Item"
"Logistics Support","","","48.138","19.822","20.214","30.927","","","","34.708","","","2019-BASE_PROCUREMENT-2019-NAVY_SHIPBUILDINGANDCOVERSION-U_PROCUREMENT_MasterJustificationBook_Navy_PB_2019.zzz_unzipped-U_PROCUREMENT_MasterJustificationBook_Navy_PB_2019.xml","7ccb09e5aa0dcd2ff656bb6257f40762290470295a3462fc198202ddc187b82f","0-d099549d4330860038c2fee0bbcef1d0107740e5e129acb83f092e7a4187b961","0-012c025e212f6946e27e6d218fe4c236c3a573050bb261abb5122067f576386e","root.record.ShipsExhibitList.P5ShipClass.CostElementCategories.Ordnance.CostElementAnalysis.P35ItemList.P35Item"
"Combat System Integration","","","106.782","72.54","73.976","113.183","","","","69.862","","","2019-BASE_PROCUREMENT-2019-NAVY_SHIPBUILDINGANDCOVERSION-U_PROCUREMENT_MasterJustificationBook_Navy_PB_2019.zzz_unzipped-U_PROCUREMENT_MasterJustificationBook_Navy_PB_2019.xml","7ccb09e5aa0dcd2ff656bb6257f40762290470295a3462fc198202ddc187b82f","1-2d31e3ac1f55f93e2debdb1760ac318caac7251955ff8b4b8128d214e1154610","0-012c025e212f6946e27e6d218fe4c236c3a573050bb261abb5122067f576386e","root.record.ShipsExhibitList.P5ShipClass.CostElementCategories.Ordnance.CostElementAnalysis.P35ItemList.P35Item"
"Logistics","","","6.288","9.552","9.738","14.899","","","","","","","2019-BASE_PROCUREMENT-2019-NAVY_SHIPBUILDINGANDCOVERSION-U_PROCUREMENT_MasterJustificationBook_Navy_PB_2019.zzz_unzipped-U_PROCUREMENT_MasterJustificationBook_Navy_PB_2019.xml","7ccb09e5aa0dcd2ff656bb6257f40762290470295a3462fc198202ddc187b82f","0-e43a6304db9b5f631d68cc3ea6a243cd32c7ea51fd5822f763f0a9ba88d9d8b0","1-4da72ca585d899fcc858bfecdb0e61f9a5a1d98e1016a960c17a288bfb930e0d","root.record.ShipsExhibitList.P5ShipClass.CostElementCategories.Ordnance.CostElementAnalysis.P35ItemList.P35Item"
"Software","","","0.145","0.147","0.101","0.079","","","","0.143","","","2019-BASE_PROCUREMENT-2019-NAVY_SHIPBUILDINGANDCOVERSION-U_PROCUREMENT_MasterJustificationBook_Navy_PB_2019.zzz_unzipped-U_PROCUREMENT_MasterJustificationBook_Navy_PB_2019.xml","8d346b790189bfc9a641dace4de6f22c2edf1c141b63425557194b004b65ee77","0-5b1762fee1422a5ffdcda761209b2938b8fc95474355d80cf51542bb3e9ace80","0-becf98222167f44ac4daf870b18b48f1f605de8901cd5a85dbc55874712b23b9","root.record.ShipsExhibitList.P5ShipClass.CostElementCategories.Ordnance.CostElementAnalysis.P35ItemList.P35Item"
"Test & Evaluation","","","0.878","0.895","0.615","0.463","","","","0.863","","","2019-BASE_PROCUREMENT-2019-NAVY_SHIPBUILDINGANDCOVERSION-U_PROCUREMENT_MasterJustificationBook_Navy_PB_2019.zzz_unzipped-U_PROCUREMENT_MasterJustificationBook_Navy_PB_2019.xml","8d346b790189bfc9a641dace4de6f22c2edf1c141b63425557194b004b65ee77","1-00e04b2ed170256297f4f95b68b648de9ff823239430afa0c4a019bc9fbe87c4","0-becf98222167f44ac4daf870b18b48f1f605de8901cd5a85dbc55874712b23b9","root.record.ShipsExhibitList.P5ShipClass.CostElementCategories.Ordnance.CostElementAnalysis.P35ItemList.P35Item"
"Program Management","","","0.537","0.543","0.373","0.205","","","","0.528","","","2019-BASE_PROCUREMENT-2019-NAVY_SHIPBUILDINGANDCOVERSION-U_PROCUREMENT_MasterJustificationBook_Navy_PB_2019.zzz_unzipped-U_PROCUREMENT_MasterJustificationBook_Navy_PB_2019.xml","8d346b790189bfc9a641dace4de6f22c2edf1c141b63425557194b004b65ee77","2-2c832fcfa92551e5b5a11c18a009ece53ab8dca71b73ccba65113fbd181decc0","0-becf98222167f44ac4daf870b18b48f1f605de8901cd5a85dbc55874712b23b9","root.record.ShipsExhibitList.P5ShipClass.CostElementCategories.Ordnance.CostElementAnalysis.P35ItemList.P35Item"
"Documentation and Systems Engineering","","","1.083","0.434","","","","","","","","","2019-BASE_PROCUREMENT-2019-NAVY_SHIPBUILDINGANDCOVERSION-U_PROCUREMENT_MasterJustificationBook_Navy_PB_2019.zzz_unzipped-U_PROCUREMENT_MasterJustificationBook_Navy_PB_2019.xml","14191acf83148e2c874d70c0ea032878d423d04892e841aeca18c4529a27d12b","0-53f6e440a6cbe95c13da340de410e71fdd8985191cd436de3e9743ca839ccb0c","0-28848825dfac2897b686085a4ed2cef758f1afdff37cd6caff31eea7b12571c8","root.record.ShipsExhibitList.P5ShipClass.CostElementCategories.Ordnance.CostElementAnalysis.P35ItemList.P35Item"
"Documentation and Systems Engineering","","","0.121","","","","","","","","","","2019-BASE_PROCUREMENT-2019-NAVY_SHIPBUILDINGANDCOVERSION-U_PROCUREMENT_MasterJustificationBook_Navy_PB_2019.zzz_unzipped-U_PROCUREMENT_MasterJustificationBook_Navy_PB_2019.xml","14191acf83148e2c874d70c0ea032878d423d04892e841aeca18c4529a27d12b","0-4b5623ef20e630b56c3dad331916f3f30e241f79efc254041a1f6e206e0bccf9","2-aa15830d3b36fd8b6aee7bf816a0ff5bd4006b013d8f966c3a73ead5f99cc756","root.record.ShipsExhibitList.P5ShipClass.CostElementCategories.Ordnance.CostElementAnalysis.P35ItemList.P35Item"
"Documentation and Systems Engineering","","","0.049","0.473","","","","","","","","","2019-BASE_PROCUREMENT-2019-NAVY_SHIPBUILDINGANDCOVERSION-U_PROCUREMENT_MasterJustificationBook_Navy_PB_2019.zzz_unzipped-U_PROCUREMENT_MasterJustificationBook_Navy_PB_2019.xml","14191acf83148e2c874d70c0ea032878d423d04892e841aeca18c4529a27d12b","0-a5f0bf6a04284beb460a6bfc67a2b024b9466b90048114856623bd773314e79c","3-ecd279fb9e06de7d981ae45dd7acc24ece33f0e23f011efc2887277b4eddd249","root.record.ShipsExhibitList.P5ShipClass.CostElementCategories.Ordnance.CostElementAnalysis.P35ItemList.P35Item"
"Documentation and Systems Engineering","","","0.434","","","","","","","1.083","","","2020-BASE_PROCUREMENT-2020-NAVY_SHIPBUILDINGANDCOVERSION-U_PROCUREMENT_JustificationBook_Navy_PB_2020.zzz_unzipped-U_PROCUREMENT_JustificationBook_Navy_PB_2020.xml","61c75f4854ca92250e7faa2931112113ac0649a293e0256c0de12704ee4d411a","0-2ce3af8d051f777dabb23de408ba54eec57ae63653dc4f8dc7a0d066d4f404e1","0-b511fbce9195ee4f851c6584111b0709f90506990adea12fc5bdd2485b2be278","root.record.ShipsExhibitList.P5ShipClass.CostElementCategories.Ordnance.CostElementAnalysis.P35ItemList.P35Item"
"Documentation and Systems Engineering","","","","","","","","","","0.121","","","2020-BASE_PROCUREMENT-2020-NAVY_SHIPBUILDINGANDCOVERSION-U_PROCUREMENT_JustificationBook_Navy_PB_2020.zzz_unzipped-U_PROCUREMENT_JustificationBook_Navy_PB_2020.xml","61c75f4854ca92250e7faa2931112113ac0649a293e0256c0de12704ee4d411a","0-d4542e4cd012cad86fdd27804729addbad2d7cf3087fcb537bbffdc26afaf096","2-e3731780ca0eec0858822fd1dd2c9fcc3d38e2d0bf47aacdf2c344cb16f60039","root.record.ShipsExhibitList.P5ShipClass.CostElementCategories.Ordnance.CostElementAnalysis.P35ItemList.P35Item"
"Documentation and Systems Engineering","","","0.473","","","","","","","0.049","","","2020-BASE_PROCUREMENT-2020-NAVY_SHIPBUILDINGANDCOVERSION-U_PROCUREMENT_JustificationBook_Navy_PB_2020.zzz_unzipped-U_PROCUREMENT_JustificationBook_Navy_PB_2020.xml","61c75f4854ca92250e7faa2931112113ac0649a293e0256c0de12704ee4d411a","0-243dfa1c8014085ed4a86d5469742893b8f9b57a0d1687807380aee9d3fb007a","3-8b4db8432f2160335538e5ee13b91b85e3817d1543356b65e4554718a292418d","root.record.ShipsExhibitList.P5ShipClass.CostElementCategories.Ordnance.CostElementAnalysis.P35ItemList.P35Item"
"Documentation and Systems Engineering","","","1.402","","","","","","","","","","2020-BASE_PROCUREMENT-2020-NAVY_SHIPBUILDINGANDCOVERSION-U_PROCUREMENT_JustificationBook_Navy_PB_2020.zzz_unzipped-U_PROCUREMENT_JustificationBook_Navy_PB_2020.xml","61c75f4854ca92250e7faa2931112113ac0649a293e0256c0de12704ee4d411a","0-9a93c3ef4c4efde16984e90823033b58e52133942f6e3a91e9177b0de76f98b1","4-8f379c56fba7308d81a483f45f999a990d41d81be0af34971406524fa67536fd","root.record.ShipsExhibitList.P5ShipClass.CostElementCategories.Ordnance.CostElementAnalysis.P35ItemList.P35Item"
"Technical Support Services","3.86","","","","","","","","","","14.5","","2020-BASE_PROCUREMENT-2020-NAVY_SHIPBUILDINGANDCOVERSION-U_PROCUREMENT_JustificationBook_Navy_PB_2020.zzz_unzipped-U_PROCUREMENT_JustificationBook_Navy_PB_2020.xml","8644d6cf0ff072d3154c0109223402de2d9d8f52cc878b156fc73009c9601119","0-45ad40277d23a420e0e64448924203870057e2e731f988e2fd23104d561b31d0","0-ea1cdca953207ac400767d91a73ecbbf354950719b03d1582653c83c175dffb8","root.record.ShipsExhibitList.P5ShipClass.CostElementCategories.Ordnance.CostElementAnalysis.P35ItemList.P35Item"
"Other / NRE","37.989","","","","","","","","","","145.557","","2020-BASE_PROCUREMENT-2020-NAVY_SHIPBUILDINGANDCOVERSION-U_PROCUREMENT_JustificationBook_Navy_PB_2020.zzz_unzipped-U_PROCUREMENT_JustificationBook_Navy_PB_2020.xml","8644d6cf0ff072d3154c0109223402de2d9d8f52cc878b156fc73009c9601119","1-a1ac62666f4d87e685b6125aabf9b194d9e72b7093c97161d6162bb8f18ca4f6","0-ea1cdca953207ac400767d91a73ecbbf354950719b03d1582653c83c175dffb8","root.record.ShipsExhibitList.P5ShipClass.CostElementCategories.Ordnance.CostElementAnalysis.P35ItemList.P35Item"
"Technical Support Services","3.381","","","","","","","","","","7.177","","2020-BASE_PROCUREMENT-2020-NAVY_SHIPBUILDINGANDCOVERSION-U_PROCUREMENT_JustificationBook_Navy_PB_2020.zzz_unzipped-U_PROCUREMENT_JustificationBook_Navy_PB_2020.xml","8644d6cf0ff072d3154c0109223402de2d9d8f52cc878b156fc73009c9601119","0-348e5581210373d3aeb1871c0c376ec0c197fcabb9567c2e42c8f0ffc1e7f24c","1-a8114568d7271287792a60483fdc75052395aa8a7b154c2ec46fcaf1f2d60585","root.record.ShipsExhibitList.P5ShipClass.CostElementCategories.Ordnance.CostElementAnalysis.P35ItemList.P35Item"
"Other / NRE","2.88","","","","","","","","","","12.94","","2020-BASE_PROCUREMENT-2020-NAVY_SHIPBUILDINGANDCOVERSION-U_PROCUREMENT_JustificationBook_Navy_PB_2020.zzz_unzipped-U_PROCUREMENT_JustificationBook_Navy_PB_2020.xml","8644d6cf0ff072d3154c0109223402de2d9d8f52cc878b156fc73009c9601119","1-070223a00af4ada59c0667b7194d16b0402019ed05b8b864e593699b0f2b0826","1-a8114568d7271287792a60483fdc75052395aa8a7b154c2ec46fcaf1f2d60585","root.record.ShipsExhibitList.P5ShipClass.CostElementCategories.Ordnance.CostElementAnalysis.P35ItemList.P35Item"
"Logistics Support","","","19.822","20.214","30.927","31.546","","","","48.138","","34.708","2020-BASE_PROCUREMENT-2020-NAVY_SHIPBUILDINGANDCOVERSION-U_PROCUREMENT_JustificationBook_Navy_PB_2020.zzz_unzipped-U_PROCUREMENT_JustificationBook_Navy_PB_2020.xml","f88449ebd51dedd31a2638fdba5e14252aa210ecf7ac5ea8d1c24b9a55389b12","0-11b5e9a178f003e813559c1980755939af64bab1556d3f8c17acc4209741a2de","0-ee67a612e8dfe2edb1c191bf3d175787b0eef200a4418dfcefa3a740738853c4","root.record.ShipsExhibitList.P5ShipClass.CostElementCategories.Ordnance.CostElementAnalysis.P35ItemList.P35Item"
"Combat System Integration","","","72.54","73.976","113.183","115.447","","","","106.782","","69.862","2020-BASE_PROCUREMENT-2020-NAVY_SHIPBUILDINGANDCOVERSION-U_PROCUREMENT_JustificationBook_Navy_PB_2020.zzz_unzipped-U_PROCUREMENT_JustificationBook_Navy_PB_2020.xml","f88449ebd51dedd31a2638fdba5e14252aa210ecf7ac5ea8d1c24b9a55389b12","1-24b5133479882a79d7093a3971d7c3024652e3914983366de831b3f2f2457f4c","0-ee67a612e8dfe2edb1c191bf3d175787b0eef200a4418dfcefa3a740738853c4","root.record.ShipsExhibitList.P5ShipClass.CostElementCategories.Ordnance.CostElementAnalysis.P35ItemList.P35Item"
"Logistics","","","9.552","9.738","14.899","15.196","","","","6.288","","","2020-BASE_PROCUREMENT-2020-NAVY_SHIPBUILDINGANDCOVERSION-U_PROCUREMENT_JustificationBook_Navy_PB_2020.zzz_unzipped-U_PROCUREMENT_JustificationBook_Navy_PB_2020.xml","f88449ebd51dedd31a2638fdba5e14252aa210ecf7ac5ea8d1c24b9a55389b12","0-e4ab6feaaa377ac9c75c9fddcc1f517b8c26e466dfed9552ef719f8af5fa277e","1-3ad4ebde7cec5cbad22ea304f08fac87c9de21d89c77e378b6075c142f672bc7","root.record.ShipsExhibitList.P5ShipClass.CostElementCategories.Ordnance.CostElementAnalysis.P35ItemList.P35Item"
"Software","","","0.147","0.15","0.153","","","","","0.145","","0.143","2020-BASE_PROCUREMENT-2020-NAVY_SHIPBUILDINGANDCOVERSION-U_PROCUREMENT_JustificationBook_Navy_PB_2020.zzz_unzipped-U_PROCUREMENT_JustificationBook_Navy_PB_2020.xml","3a50af76787ade8e6e39ac7fb379b076ab9a8df59659f988b8b17ea8a6e28f09","0-2bec7cb7df1f644288ac1f2d02975d4a767ddbf04b70ef9e729ac302ea1cf9a6","0-844aefe3f80ca2cc3093351b0c1303face27565cf03fb814ab69065557d374d2","root.record.ShipsExhibitList.P5ShipClass.CostElementCategories.Ordnance.CostElementAnalysis.P35ItemList.P35Item"
"Test & Evaluation","","","0.895","0.91","0.925","","","","","0.878","","0.863","2020-BASE_PROCUREMENT-2020-NAVY_SHIPBUILDINGANDCOVERSION-U_PROCUREMENT_JustificationBook_Navy_PB_2020.zzz_unzipped-U_PROCUREMENT_JustificationBook_Navy_PB_2020.xml","3a50af76787ade8e6e39ac7fb379b076ab9a8df59659f988b8b17ea8a6e28f09","1-0369a668927bd744c5e2a03b7e71c95d832d1d56ee8ec19ebae1e97ae390919f","0-844aefe3f80ca2cc3093351b0c1303face27565cf03fb814ab69065557d374d2","root.record.ShipsExhibitList.P5ShipClass.CostElementCategories.Ordnance.CostElementAnalysis.P35ItemList.P35Item"
"Program Management","","","0.543","0.552","0.561","","","","","0.537","","0.528","2020-BASE_PROCUREMENT-2020-NAVY_SHIPBUILDINGANDCOVERSION-U_PROCUREMENT_JustificationBook_Navy_PB_2020.zzz_unzipped-U_PROCUREMENT_JustificationBook_Navy_PB_2020.xml","3a50af76787ade8e6e39ac7fb379b076ab9a8df59659f988b8b17ea8a6e28f09","2-80f407583a39eb05ccafd6e6387e6d1dfbbce20a18d301426f5cd0e876c1b8a3","0-844aefe3f80ca2cc3093351b0c1303face27565cf03fb814ab69065557d374d2","root.record.ShipsExhibitList.P5ShipClass.CostElementCategories.Ordnance.CostElementAnalysis.P35ItemList.P35Item"
"Documentation and Systems Engineering","","","","1.125","","","","","","","","","2020-BASE_PROCUREMENT-2020-NAVY_SHIPBUILDINGANDCOVERSION-U_PROCUREMENT_JustificationBook_Navy_PB_2020.zzz_unzipped-U_PROCUREMENT_JustificationBook_Navy_PB_2020.xml","9c168386c667ef3d36f81563d2d4cc8667e0a613f9f857e619b298d98031ffd5","0-89ba0be79e2a1757f17c63b7f451f16ef31825f68bd03fb51a5d21b84ab86c8b","0-035c3b23e962abea13730d495137ec669e8e1d6cacb05ce1ae6713852ed888b0","root.record.ShipsExhibitList.P5ShipClass.CostElementCategories.Ordnance.CostElementAnalysis.P35ItemList.P35Item"
"Documentation and Systems Engineering","","","","0.5","","","","","","","","","2020-BASE_PROCUREMENT-2020-NAVY_SHIPBUILDINGANDCOVERSION-U_PROCUREMENT_JustificationBook_Navy_PB_2020.zzz_unzipped-U_PROCUREMENT_JustificationBook_Navy_PB_2020.xml","9c168386c667ef3d36f81563d2d4cc8667e0a613f9f857e619b298d98031ffd5","0-228c19168cad90188140e930e983fe29ff8ca616a561c6867a42af610b2cd564","2-8240f5e64e7a18575c6dfd98c7c8d512aab4b5a212e16672cb69cb7bb5553fac","root.record.ShipsExhibitList.P5ShipClass.CostElementCategories.Ordnance.CostElementAnalysis.P35ItemList.P35Item"
"Documentation and Systems Engineering","","","","1.28","","","","","","","","","2020-BASE_PROCUREMENT-2020-NAVY_SHIPBUILDINGANDCOVERSION-U_PROCUREMENT_JustificationBook_Navy_PB_2020.zzz_unzipped-U_PROCUREMENT_JustificationBook_Navy_PB_2020.xml","9c168386c667ef3d36f81563d2d4cc8667e0a613f9f857e619b298d98031ffd5","0-af00441a32a2e834ca42e916bb0a4ecc2e5eb603b95bef850a6ad5c2212f4a18","3-506e135f2ae2170b16d9f3c922c886077153ac0ab5717651cfa818cef35144e7","root.record.ShipsExhibitList.P5ShipClass.CostElementCategories.Ordnance.CostElementAnalysis.P35ItemList.P35Item"
"Documentation and Systems Engineering","","","0.434","","","","","","","1.083","","","2020-BASE_PROCUREMENT-2020-NAVY_SHIPBUILDINGANDCOVERSION-U_PROCUREMENT_MasterJustificationBook_Navy_PB_2020.zzz_unzipped-U_PROCUREMENT_MasterJustificationBook_Navy_PB_2020.xml","e131c0f9c0cddd147c5f2a5af285d5a65223c9ab0a8e83cb610b0d4ae369c030","0-31cdf8603308d214989ae517d678e2c87225ff8466681999d14d290eb5192a28","0-fd430dfa8f5c56b50fe077c4c9989680ca8a34c550497108923669fed00e7fe1","root.record.ShipsExhibitList.P5ShipClass.CostElementCategories.Ordnance.CostElementAnalysis.P35ItemList.P35Item"
"Documentation and Systems Engineering","","","","","","","","","","0.121","","","2020-BASE_PROCUREMENT-2020-NAVY_SHIPBUILDINGANDCOVERSION-U_PROCUREMENT_MasterJustificationBook_Navy_PB_2020.zzz_unzipped-U_PROCUREMENT_MasterJustificationBook_Navy_PB_2020.xml","e131c0f9c0cddd147c5f2a5af285d5a65223c9ab0a8e83cb610b0d4ae369c030","0-4fb7481643364a11a28255a633023ac9a12a9c5e17a6ec7355936e60f6afb078","2-b71d131e92e36d18fdb20cc31371120183e80752cf74b113f437be93b8a3f6c8","root.record.ShipsExhibitList.P5ShipClass.CostElementCategories.Ordnance.CostElementAnalysis.P35ItemList.P35Item"
"Documentation and Systems Engineering","","","0.473","","","","","","","0.049","","","2020-BASE_PROCUREMENT-2020-NAVY_SHIPBUILDINGANDCOVERSION-U_PROCUREMENT_MasterJustificationBook_Navy_PB_2020.zzz_unzipped-U_PROCUREMENT_MasterJustificationBook_Navy_PB_2020.xml","e131c0f9c0cddd147c5f2a5af285d5a65223c9ab0a8e83cb610b0d4ae369c030","0-5c1fd70330ec8a928a9ad2017464b3964519ee6cca6a5a1f3fc75e87c7f75c08","3-c8bb812f400417b81dec32a6f10401bc8c3de29843036c603abe494f0e7ca2c1","root.record.ShipsExhibitList.P5ShipClass.CostElementCategories.Ordnance.CostElementAnalysis.P35ItemList.P35Item"
"Documentation and Systems Engineering","","","1.402","","","","","","","","","","2020-BASE_PROCUREMENT-2020-NAVY_SHIPBUILDINGANDCOVERSION-U_PROCUREMENT_MasterJustificationBook_Navy_PB_2020.zzz_unzipped-U_PROCUREMENT_MasterJustificationBook_Navy_PB_2020.xml","e131c0f9c0cddd147c5f2a5af285d5a65223c9ab0a8e83cb610b0d4ae369c030","0-6bdee012bffc1a12b384bce00f7fe017bbb6072603497c650a91e995074eee03","4-a24d752ab9b1dab554dd11e221fa3201eed7b58dd3460e1d34ba6d0bfdb6acec","root.record.ShipsExhibitList.P5ShipClass.CostElementCategories.Ordnance.CostElementAnalysis.P35ItemList.P35Item"
"Technical Support Services","3.86","","","","","","","","","","14.5","","2020-BASE_PROCUREMENT-2020-NAVY_SHIPBUILDINGANDCOVERSION-U_PROCUREMENT_MasterJustificationBook_Navy_PB_2020.zzz_unzipped-U_PROCUREMENT_MasterJustificationBook_Navy_PB_2020.xml","fa505ec92f383fcc1ed15c617e66a7a22b7d4afe96a0183b867c4406bbfec040","0-92033ead37b5feccd2e20c643fbcdccf3646669ee57909f87c19fd47f5a28e6b","0-1ba6e7b3452df6b759fb921b4f1fdf79bed3e232eeffd71ea4913afbe2ee591e","root.record.ShipsExhibitList.P5ShipClass.CostElementCategories.Ordnance.CostElementAnalysis.P35ItemList.P35Item"
"Other / NRE","37.989","","","","","","","","","","145.557","","2020-BASE_PROCUREMENT-2020-NAVY_SHIPBUILDINGANDCOVERSION-U_PROCUREMENT_MasterJustificationBook_Navy_PB_2020.zzz_unzipped-U_PROCUREMENT_MasterJustificationBook_Navy_PB_2020.xml","fa505ec92f383fcc1ed15c617e66a7a22b7d4afe96a0183b867c4406bbfec040","1-280ef6b15cdf8e16b352c4ce65c8be3d05f1f7997df55058cb54f0a23f9c27b7","0-1ba6e7b3452df6b759fb921b4f1fdf79bed3e232eeffd71ea4913afbe2ee591e","root.record.ShipsExhibitList.P5ShipClass.CostElementCategories.Ordnance.CostElementAnalysis.P35ItemList.P35Item"
"Technical Support Services","3.381","","","","","","","","","","7.177","","2020-BASE_PROCUREMENT-2020-NAVY_SHIPBUILDINGANDCOVERSION-U_PROCUREMENT_MasterJustificationBook_Navy_PB_2020.zzz_unzipped-U_PROCUREMENT_MasterJustificationBook_Navy_PB_2020.xml","fa505ec92f383fcc1ed15c617e66a7a22b7d4afe96a0183b867c4406bbfec040","0-77c091e0ec7c30707bb336167044c55fc29ce382f1dddcdf99b522c2becbbbdb","1-77e1432b4ed5b01e9c7cc19a65c897f3ad97ba530f6f60731e2108fdac859bd0","root.record.ShipsExhibitList.P5ShipClass.CostElementCategories.Ordnance.CostElementAnalysis.P35ItemList.P35Item"
"Other / NRE","2.88","","","","","","","","","","12.94","","2020-BASE_PROCUREMENT-2020-NAVY_SHIPBUILDINGANDCOVERSION-U_PROCUREMENT_MasterJustificationBook_Navy_PB_2020.zzz_unzipped-U_PROCUREMENT_MasterJustificationBook_Navy_PB_2020.xml","fa505ec92f383fcc1ed15c617e66a7a22b7d4afe96a0183b867c4406bbfec040","1-08fec7079069da21369080cab6d3dae5c39a5f822acfcdd106a970a699e493d9","1-77e1432b4ed5b01e9c7cc19a65c897f3ad97ba530f6f60731e2108fdac859bd0","root.record.ShipsExhibitList.P5ShipClass.CostElementCategories.Ordnance.CostElementAnalysis.P35ItemList.P35Item"
"Logistics Support","","","19.822","20.214","30.927","31.546","","","","48.138","","34.708","2020-BASE_PROCUREMENT-2020-NAVY_SHIPBUILDINGANDCOVERSION-U_PROCUREMENT_MasterJustificationBook_Navy_PB_2020.zzz_unzipped-U_PROCUREMENT_MasterJustificationBook_Navy_PB_2020.xml","5f09bad83be8d9935dfb8fbbbac4473f946bb03e639a64a10be47789f49d0473","0-9e752d7039c9101caa94bff565442e5de4990db70d079a963fbcbe05039c22fd","0-8bf07906c7f90d5143971f64b95a94bdd5163020c5d7fddfca848e3aa71b539a","root.record.ShipsExhibitList.P5ShipClass.CostElementCategories.Ordnance.CostElementAnalysis.P35ItemList.P35Item"
"Combat System Integration","","","72.54","73.976","113.183","115.447","","","","106.782","","69.862","2020-BASE_PROCUREMENT-2020-NAVY_SHIPBUILDINGANDCOVERSION-U_PROCUREMENT_MasterJustificationBook_Navy_PB_2020.zzz_unzipped-U_PROCUREMENT_MasterJustificationBook_Navy_PB_2020.xml","5f09bad83be8d9935dfb8fbbbac4473f946bb03e639a64a10be47789f49d0473","1-466df4300acdc8ff8a2edbc7752998d9f3f658a0a9b97cddd2e672969d031c4a","0-8bf07906c7f90d5143971f64b95a94bdd5163020c5d7fddfca848e3aa71b539a","root.record.ShipsExhibitList.P5ShipClass.CostElementCategories.Ordnance.CostElementAnalysis.P35ItemList.P35Item"
"Logistics","","","9.552","9.738","14.899","15.196","","","","6.288","","","2020-BASE_PROCUREMENT-2020-NAVY_SHIPBUILDINGANDCOVERSION-U_PROCUREMENT_MasterJustificationBook_Navy_PB_2020.zzz_unzipped-U_PROCUREMENT_MasterJustificationBook_Navy_PB_2020.xml","5f09bad83be8d9935dfb8fbbbac4473f946bb03e639a64a10be47789f49d0473","0-cec7d8bd842e48a0e0c73ef5fecb5c990faea4f6b5e1e01dc4d3bebc5e0562c5","1-81231759b53a26e3cbfadb0b2e2ad3fb3c86770e3bc6e05ab2744354b4aea11e","root.record.ShipsExhibitList.P5ShipClass.CostElementCategories.Ordnance.CostElementAnalysis.P35ItemList.P35Item"
"Software","","","0.147","0.15","0.153","","","","","0.145","","0.143","2020-BASE_PROCUREMENT-2020-NAVY_SHIPBUILDINGANDCOVERSION-U_PROCUREMENT_MasterJustificationBook_Navy_PB_2020.zzz_unzipped-U_PROCUREMENT_MasterJustificationBook_Navy_PB_2020.xml","aebdbec1d331d8cce6700e4da30a9b9bafcaa6b164c2778bde2d9687c6875bbf","0-8348543fcba773978785f6b0679ad0874a4d5308213cdd414573f24f43073839","0-bd0ef6b9caba2bb5142ff1f46f439316f04dfbd058eff719d93f0a8150a974d4","root.record.ShipsExhibitList.P5ShipClass.CostElementCategories.Ordnance.CostElementAnalysis.P35ItemList.P35Item"
"Test & Evaluation","","","0.895","0.91","0.925","","","","","0.878","","0.863","2020-BASE_PROCUREMENT-2020-NAVY_SHIPBUILDINGANDCOVERSION-U_PROCUREMENT_MasterJustificationBook_Navy_PB_2020.zzz_unzipped-U_PROCUREMENT_MasterJustificationBook_Navy_PB_2020.xml","aebdbec1d331d8cce6700e4da30a9b9bafcaa6b164c2778bde2d9687c6875bbf","1-2364c849604f41fa295c8d70cffe60fe2e38180ee5365b5fee75f5976fce32a6","0-bd0ef6b9caba2bb5142ff1f46f439316f04dfbd058eff719d93f0a8150a974d4","root.record.ShipsExhibitList.P5ShipClass.CostElementCategories.Ordnance.CostElementAnalysis.P35ItemList.P35Item"
"Program Management","","","0.543","0.552","0.561","","","","","0.537","","0.528","2020-BASE_PROCUREMENT-2020-NAVY_SHIPBUILDINGANDCOVERSION-U_PROCUREMENT_MasterJustificationBook_Navy_PB_2020.zzz_unzipped-U_PROCUREMENT_MasterJustificationBook_Navy_PB_2020.xml","aebdbec1d331d8cce6700e4da30a9b9bafcaa6b164c2778bde2d9687c6875bbf","2-f46332e357ca28ba43469179b5903d34aa43c9ef465bbca9afed7a63d07fd419","0-bd0ef6b9caba2bb5142ff1f46f439316f04dfbd058eff719d93f0a8150a974d4","root.record.ShipsExhibitList.P5ShipClass.CostElementCategories.Ordnance.CostElementAnalysis.P35ItemList.P35Item"
"Documentation and Systems Engineering","","","","1.125","","","","","","","","","2020-BASE_PROCUREMENT-2020-NAVY_SHIPBUILDINGANDCOVERSION-U_PROCUREMENT_MasterJustificationBook_Navy_PB_2020.zzz_unzipped-U_PROCUREMENT_MasterJustificationBook_Navy_PB_2020.xml","fede88ab6e4790d85bb219ffaa3eb2a124927ee5b9d8867aa75a8d6481dc6908","0-0d1e891a75f6447efdd9c8df7633e3ee5edf2ab369d17b02be70efe2c1b515ef","0-5ae82b0f37add60f0b61487c7bfcbf44214b977d3d7e725973472d80e0200f0e","root.record.ShipsExhibitList.P5ShipClass.CostElementCategories.Ordnance.CostElementAnalysis.P35ItemList.P35Item"
"Documentation and Systems Engineering","","","","0.5","","","","","","","","","2020-BASE_PROCUREMENT-2020-NAVY_SHIPBUILDINGANDCOVERSION-U_PROCUREMENT_MasterJustificationBook_Navy_PB_2020.zzz_unzipped-U_PROCUREMENT_MasterJustificationBook_Navy_PB_2020.xml","fede88ab6e4790d85bb219ffaa3eb2a124927ee5b9d8867aa75a8d6481dc6908","0-357e6538e40b1e190a46c6733bd96c71e295e28b905ba4b6fe6e569f65615d20","2-93db022c0b8eae96a562863866fb46ad355225c20fbba4a067dbdf0cc29bc99e","root.record.ShipsExhibitList.P5ShipClass.CostElementCategories.Ordnance.CostElementAnalysis.P35ItemList.P35Item"
"Documentation and Systems Engineering","","","","1.28","","","","","","","","","2020-BASE_PROCUREMENT-2020-NAVY_SHIPBUILDINGANDCOVERSION-U_PROCUREMENT_MasterJustificationBook_Navy_PB_2020.zzz_unzipped-U_PROCUREMENT_MasterJustificationBook_Navy_PB_2020.xml","fede88ab6e4790d85bb219ffaa3eb2a124927ee5b9d8867aa75a8d6481dc6908","0-d77dacc7e3f6b0fe4ed004e4cbf19caaad3e46efd3c14ec65373cae9e5a55e42","3-dcbe6bb4c707440d3f0ecc0469a388c8334c9ac1ba7621bc05d166b568d075e6","root.record.ShipsExhibitList.P5ShipClass.CostElementCategories.Ordnance.CostElementAnalysis.P35ItemList.P35Item"
