Title_val,Costs_TotalCost_PriorYearTen_val,Costs_TotalCost_PriorYearEight_val,Costs_TotalCost_PriorYearTwo_val,Costs_TotalCost_PriorYear_val,Costs_TotalCost_CurrentYear_val,Costs_TotalCost_BudgetYearOne_val,Costs_TotalCost_PriorYearFive_val,Costs_TotalCost_PriorYearEleven_val,Costs_TotalCost_PriorYearNine_val,Costs_TotalCost_PriorYearThree_val,Costs_TotalCost_PriorYearTwelve_val,Costs_TotalCost_PriorYearFour_val,@SOURCE_FILENAME,@RECORDID,@ROWID,@PARENTROWID,@PARENT
"Technical Support Services","14.5","3.86","","","","","","","","","","","2018-BASE_PROCUREMENT-2018-NAVY_SHIPBUILDINGANDCOVERSION-U_PROCUREMENT_JustificationBook_Navy_PB_2018.zzz_unzipped-U_PROCUREMENT_JustificationBook_Navy_PB_2018.xml","63a199acf2aec9803478e689b99e17d5ba8e6ed8eb7dfb080491db0b111af06e","0-3f36de3354cc50bbc136f2bec02e606ffc112f80fd2acb7e29e53b4bd4db54f4","0-dec6ffc082805878eddace1cdd6a37085956d965523c46625361fd694140d4f7","root.record.ShipsExhibitList.P5ShipClass.CostElementCategories.Ordnance.CostElementAnalysis.P35ItemList.P35Item"
"Other / NRE","155.439","38.155","","","","","","","","","","","2018-BASE_PROCUREMENT-2018-NAVY_SHIPBUILDINGANDCOVERSION-U_PROCUREMENT_JustificationBook_Navy_PB_2018.zzz_unzipped-U_PROCUREMENT_JustificationBook_Navy_PB_2018.xml","63a199acf2aec9803478e689b99e17d5ba8e6ed8eb7dfb080491db0b111af06e","1-5aa531c36ee9af6f1c60645753a329fe234c234acc6b3be20d455f3c554612fe","0-dec6ffc082805878eddace1cdd6a37085956d965523c46625361fd694140d4f7","root.record.ShipsExhibitList.P5ShipClass.CostElementCategories.Ordnance.CostElementAnalysis.P35ItemList.P35Item"
"Technical Support Services","7.177","3.381","","","","","","","","","","","2018-BASE_PROCUREMENT-2018-NAVY_SHIPBUILDINGANDCOVERSION-U_PROCUREMENT_JustificationBook_Navy_PB_2018.zzz_unzipped-U_PROCUREMENT_JustificationBook_Navy_PB_2018.xml","63a199acf2aec9803478e689b99e17d5ba8e6ed8eb7dfb080491db0b111af06e","0-9d916d7c2376a307cf1e03ce624baa7a856370ebd6acd814288b43e7c06af0f6","1-411c9fb37a4046d47558c3c4d1249e283df6ca30212349e8b8a22ee372af62b1","root.record.ShipsExhibitList.P5ShipClass.CostElementCategories.Ordnance.CostElementAnalysis.P35ItemList.P35Item"
"Other / NRE","12.94","2.88","","","","","","","","","","","2018-BASE_PROCUREMENT-2018-NAVY_SHIPBUILDINGANDCOVERSION-U_PROCUREMENT_JustificationBook_Navy_PB_2018.zzz_unzipped-U_PROCUREMENT_JustificationBook_Navy_PB_2018.xml","63a199acf2aec9803478e689b99e17d5ba8e6ed8eb7dfb080491db0b111af06e","1-a1bf41f31551e08d651498b393877eff001261ec6baf3bdb6e75840d64b78c9b","1-411c9fb37a4046d47558c3c4d1249e283df6ca30212349e8b8a22ee372af62b1","root.record.ShipsExhibitList.P5ShipClass.CostElementCategories.Ordnance.CostElementAnalysis.P35ItemList.P35Item"
"Logistics Support","","","34.708","48.138","19.822","20.214","","","","","","","2018-BASE_PROCUREMENT-2018-NAVY_SHIPBUILDINGANDCOVERSION-U_PROCUREMENT_JustificationBook_Navy_PB_2018.zzz_unzipped-U_PROCUREMENT_JustificationBook_Navy_PB_2018.xml","341c09c4a37bc5105a93194374c2b71f3cdff23a738f04e5629acb1abd33932e","0-34b33829736e9fe0b92669f4b13d1021dd08d57b1242cae4d0c41004d2b159a4","0-5c7c32ed30653028d9efec2ec90c7985f8260657fb7a4a981fe380ffdb089673","root.record.ShipsExhibitList.P5ShipClass.CostElementCategories.Ordnance.CostElementAnalysis.P35ItemList.P35Item"
"Combat System Integration","","","69.862","106.782","72.54","73.976","","","","","","","2018-BASE_PROCUREMENT-2018-NAVY_SHIPBUILDINGANDCOVERSION-U_PROCUREMENT_JustificationBook_Navy_PB_2018.zzz_unzipped-U_PROCUREMENT_JustificationBook_Navy_PB_2018.xml","341c09c4a37bc5105a93194374c2b71f3cdff23a738f04e5629acb1abd33932e","1-25bcd44e3ca27085ade3caf0c5bfa46c0e5950564897434e300ced76e2c12cc3","0-5c7c32ed30653028d9efec2ec90c7985f8260657fb7a4a981fe380ffdb089673","root.record.ShipsExhibitList.P5ShipClass.CostElementCategories.Ordnance.CostElementAnalysis.P35ItemList.P35Item"
"Logistics","","","","6.288","9.552","9.738","","","","","","","2018-BASE_PROCUREMENT-2018-NAVY_SHIPBUILDINGANDCOVERSION-U_PROCUREMENT_JustificationBook_Navy_PB_2018.zzz_unzipped-U_PROCUREMENT_JustificationBook_Navy_PB_2018.xml","341c09c4a37bc5105a93194374c2b71f3cdff23a738f04e5629acb1abd33932e","0-1816f168a87667c4d1199461e7bfe73e947f324c9ea07e919f4eaa22e1c0f449","1-4b22fa93728df49898f7d052ef0bc7d41fcebb90800e4b78043f197b43fc3bd5","root.record.ShipsExhibitList.P5ShipClass.CostElementCategories.Ordnance.CostElementAnalysis.P35ItemList.P35Item"
"Software","","","0.143","0.145","0.099","0.078","","","","","","","2018-BASE_PROCUREMENT-2018-NAVY_SHIPBUILDINGANDCOVERSION-U_PROCUREMENT_JustificationBook_Navy_PB_2018.zzz_unzipped-U_PROCUREMENT_JustificationBook_Navy_PB_2018.xml","b548d3bebc5c45d3822f00bfd12bbaf3401faadb58f2ede71a62e2af4a876487","0-f0f7de0d56f70c2e6d64371cda18aec31ffc51cd2b628f571dbfe3b69e66c36b","0-58f483b552279c2e37bb7483c2f2421aba15d6a79141c2899d512c86db2708b2","root.record.ShipsExhibitList.P5ShipClass.CostElementCategories.Ordnance.CostElementAnalysis.P35ItemList.P35Item"
"Test & Evaluation","","","0.863","0.878","0.605","0.455","","","","","","","2018-BASE_PROCUREMENT-2018-NAVY_SHIPBUILDINGANDCOVERSION-U_PROCUREMENT_JustificationBook_Navy_PB_2018.zzz_unzipped-U_PROCUREMENT_JustificationBook_Navy_PB_2018.xml","b548d3bebc5c45d3822f00bfd12bbaf3401faadb58f2ede71a62e2af4a876487","1-010ecee6e66887787bbe7eeb15ea9c965f447ff28c0ae5dd95d8ece0e7bce90e","0-58f483b552279c2e37bb7483c2f2421aba15d6a79141c2899d512c86db2708b2","root.record.ShipsExhibitList.P5ShipClass.CostElementCategories.Ordnance.CostElementAnalysis.P35ItemList.P35Item"
"Program Management","","","0.528","0.537","0.367","0.202","","","","","","","2018-BASE_PROCUREMENT-2018-NAVY_SHIPBUILDINGANDCOVERSION-U_PROCUREMENT_JustificationBook_Navy_PB_2018.zzz_unzipped-U_PROCUREMENT_JustificationBook_Navy_PB_2018.xml","b548d3bebc5c45d3822f00bfd12bbaf3401faadb58f2ede71a62e2af4a876487","2-791955e44bafb17d072437f668e442feed7d02f995fca8a1a8f4e1a4fbe03390","0-58f483b552279c2e37bb7483c2f2421aba15d6a79141c2899d512c86db2708b2","root.record.ShipsExhibitList.P5ShipClass.CostElementCategories.Ordnance.CostElementAnalysis.P35ItemList.P35Item"
"Documentation and Systems Engineering","","","","0.46","","","1.476","","","","","","2018-BASE_PROCUREMENT-2018-NAVY_SHIPBUILDINGANDCOVERSION-U_PROCUREMENT_JustificationBook_Navy_PB_2018.zzz_unzipped-U_PROCUREMENT_JustificationBook_Navy_PB_2018.xml","6c8db8380a911de3d70ef956f133867b9c0a3463851956b9d3521431df0e0e53","0-fe089c0caee1981db1919c1d34c82f720ccccf41e81d61f3c373d0239b215cff","0-85741c029da093b2253ee7e0151150d61c6dc3d320ce453061e008e0b29b7229","root.record.ShipsExhibitList.P5ShipClass.CostElementCategories.Ordnance.CostElementAnalysis.P35ItemList.P35Item"
"Documentation and Systems Engineering","","","","0.121","","","0.839","","","","","","2018-BASE_PROCUREMENT-2018-NAVY_SHIPBUILDINGANDCOVERSION-U_PROCUREMENT_JustificationBook_Navy_PB_2018.zzz_unzipped-U_PROCUREMENT_JustificationBook_Navy_PB_2018.xml","6c8db8380a911de3d70ef956f133867b9c0a3463851956b9d3521431df0e0e53","0-bac0e0522946ae0a881edc79c01907f77188fed94458ec1ead32ad531b98ab97","2-b7151648f9cc87a9af7e7d112213c5c66f83a3ac7e200ac58cff709aa94c3cb0","root.record.ShipsExhibitList.P5ShipClass.CostElementCategories.Ordnance.CostElementAnalysis.P35ItemList.P35Item"
"Documentation and Systems Engineering","","","","0.049","","","0.261","","","","","","2018-BASE_PROCUREMENT-2018-NAVY_SHIPBUILDINGANDCOVERSION-U_PROCUREMENT_JustificationBook_Navy_PB_2018.zzz_unzipped-U_PROCUREMENT_JustificationBook_Navy_PB_2018.xml","6c8db8380a911de3d70ef956f133867b9c0a3463851956b9d3521431df0e0e53","0-80b52d0f00d595aa8d031bfd7f535c61687ca2a7389b63ac22852ff49ccd469c","3-53d7cc91e0a7f3b8b7c2ec60372d1d501232df57e3a816908f0a544cb04e58e8","root.record.ShipsExhibitList.P5ShipClass.CostElementCategories.Ordnance.CostElementAnalysis.P35ItemList.P35Item"
"Technical Support Services","14.5","3.86","","","","","","","","","","","2018-BASE_PROCUREMENT-2018-NAVY_SHIPBUILDINGANDCOVERSION-U_PROCUREMENT_MasterJustificationBook_Navy_PB_2018.zzz_unzipped-U_PROCUREMENT_MasterJustificationBook_Navy_PB_2018.xml","cfcd2affcafe58149df6900b5bafde44d10bbb1934842da11d594bb3c352ff90","0-68387830f396ad5b370e29a383d5a74992963d97359f88a598df0c2bfd686872","0-93fda8ad3d887e9d0fb0d2ade792b2905be491dcdabce3fe06b2f58a22474b4f","root.record.ShipsExhibitList.P5ShipClass.CostElementCategories.Ordnance.CostElementAnalysis.P35ItemList.P35Item"
"Other / NRE","155.439","38.155","","","","","","","","","","","2018-BASE_PROCUREMENT-2018-NAVY_SHIPBUILDINGANDCOVERSION-U_PROCUREMENT_MasterJustificationBook_Navy_PB_2018.zzz_unzipped-U_PROCUREMENT_MasterJustificationBook_Navy_PB_2018.xml","cfcd2affcafe58149df6900b5bafde44d10bbb1934842da11d594bb3c352ff90","1-b52de414c07ce89b0957b45af9618e0c168602e5e4788c3cf838e3d079ddcc2e","0-93fda8ad3d887e9d0fb0d2ade792b2905be491dcdabce3fe06b2f58a22474b4f","root.record.ShipsExhibitList.P5ShipClass.CostElementCategories.Ordnance.CostElementAnalysis.P35ItemList.P35Item"
"Technical Support Services","7.177","3.381","","","","","","","","","","","2018-BASE_PROCUREMENT-2018-NAVY_SHIPBUILDINGANDCOVERSION-U_PROCUREMENT_MasterJustificationBook_Navy_PB_2018.zzz_unzipped-U_PROCUREMENT_MasterJustificationBook_Navy_PB_2018.xml","cfcd2affcafe58149df6900b5bafde44d10bbb1934842da11d594bb3c352ff90","0-4b1211d440c7c2eaef623e317355d96ba567a61b0f3738ef3c16d708e4b19575","1-9dc31d699de395e48b21b2388b8f672644a4a3060577ea314695422dd054ec43","root.record.ShipsExhibitList.P5ShipClass.CostElementCategories.Ordnance.CostElementAnalysis.P35ItemList.P35Item"
"Other / NRE","12.94","2.88","","","","","","","","","","","2018-BASE_PROCUREMENT-2018-NAVY_SHIPBUILDINGANDCOVERSION-U_PROCUREMENT_MasterJustificationBook_Navy_PB_2018.zzz_unzipped-U_PROCUREMENT_MasterJustificationBook_Navy_PB_2018.xml","cfcd2affcafe58149df6900b5bafde44d10bbb1934842da11d594bb3c352ff90","1-efbc2406697639f8c6781f01169126981c92c0f856f02b8773eee5f92eb719c1","1-9dc31d699de395e48b21b2388b8f672644a4a3060577ea314695422dd054ec43","root.record.ShipsExhibitList.P5ShipClass.CostElementCategories.Ordnance.CostElementAnalysis.P35ItemList.P35Item"
"Logistics Support","","","34.708","48.138","19.822","20.214","","","","","","","2018-BASE_PROCUREMENT-2018-NAVY_SHIPBUILDINGANDCOVERSION-U_PROCUREMENT_MasterJustificationBook_Navy_PB_2018.zzz_unzipped-U_PROCUREMENT_MasterJustificationBook_Navy_PB_2018.xml","e27de6ec9cb638c66ac0b656bccfc8f782bb401590861916fc6bffb8352b5cd2","0-7d3cebe343af20a78ac7a4cc391af14b86fec958373c3593d54354077e9fc8e9","0-07bfca081177973c843aa8e4595c106f722c2e39e04788e55ab7f11c8dd2d370","root.record.ShipsExhibitList.P5ShipClass.CostElementCategories.Ordnance.CostElementAnalysis.P35ItemList.P35Item"
"Combat System Integration","","","69.862","106.782","72.54","73.976","","","","","","","2018-BASE_PROCUREMENT-2018-NAVY_SHIPBUILDINGANDCOVERSION-U_PROCUREMENT_MasterJustificationBook_Navy_PB_2018.zzz_unzipped-U_PROCUREMENT_MasterJustificationBook_Navy_PB_2018.xml","e27de6ec9cb638c66ac0b656bccfc8f782bb401590861916fc6bffb8352b5cd2","1-e24f0887275c0abc583e951edb7d1b3615c654266db3cd3ffba5be05ea5a9b5b","0-07bfca081177973c843aa8e4595c106f722c2e39e04788e55ab7f11c8dd2d370","root.record.ShipsExhibitList.P5ShipClass.CostElementCategories.Ordnance.CostElementAnalysis.P35ItemList.P35Item"
"Logistics","","","","6.288","9.552","9.738","","","","","","","2018-BASE_PROCUREMENT-2018-NAVY_SHIPBUILDINGANDCOVERSION-U_PROCUREMENT_MasterJustificationBook_Navy_PB_2018.zzz_unzipped-U_PROCUREMENT_MasterJustificationBook_Navy_PB_2018.xml","e27de6ec9cb638c66ac0b656bccfc8f782bb401590861916fc6bffb8352b5cd2","0-a24f8554257b11717df9cead9b9a5b25d36c921d7abbce41c6f9d247a8df5567","1-dbea8fb20bcfe348aa6dcf4c235cd5637b6f35a79a4bb7b8d60ba68f2e9b7026","root.record.ShipsExhibitList.P5ShipClass.CostElementCategories.Ordnance.CostElementAnalysis.P35ItemList.P35Item"
"Software","","","0.143","0.145","0.099","0.078","","","","","","","2018-BASE_PROCUREMENT-2018-NAVY_SHIPBUILDINGANDCOVERSION-U_PROCUREMENT_MasterJustificationBook_Navy_PB_2018.zzz_unzipped-U_PROCUREMENT_MasterJustificationBook_Navy_PB_2018.xml","119a8a234210e8d816f52b47d147d9422de1a8875a3a611fd7398a69bdc2b836","0-db786efeab5a970e7bdf632b2f78d8ebfdfb19224195117bcd6a8732774dc7a7","0-65579a3fb12fffc755215a1881aa12252bbdb5278553ae85b922541d9653994c","root.record.ShipsExhibitList.P5ShipClass.CostElementCategories.Ordnance.CostElementAnalysis.P35ItemList.P35Item"
"Test & Evaluation","","","0.863","0.878","0.605","0.455","","","","","","","2018-BASE_PROCUREMENT-2018-NAVY_SHIPBUILDINGANDCOVERSION-U_PROCUREMENT_MasterJustificationBook_Navy_PB_2018.zzz_unzipped-U_PROCUREMENT_MasterJustificationBook_Navy_PB_2018.xml","119a8a234210e8d816f52b47d147d9422de1a8875a3a611fd7398a69bdc2b836","1-8a4c08a33c1130f13b02d7ee53f7b17c6a3e2059bc932e6b812d6072c3eea720","0-65579a3fb12fffc755215a1881aa12252bbdb5278553ae85b922541d9653994c","root.record.ShipsExhibitList.P5ShipClass.CostElementCategories.Ordnance.CostElementAnalysis.P35ItemList.P35Item"
"Program Management","","","0.528","0.537","0.367","0.202","","","","","","","2018-BASE_PROCUREMENT-2018-NAVY_SHIPBUILDINGANDCOVERSION-U_PROCUREMENT_MasterJustificationBook_Navy_PB_2018.zzz_unzipped-U_PROCUREMENT_MasterJustificationBook_Navy_PB_2018.xml","119a8a234210e8d816f52b47d147d9422de1a8875a3a611fd7398a69bdc2b836","2-ebc4dd7532d1197e0b5324ebc31aa93fab95dcbf8725632504696cf96c3de105","0-65579a3fb12fffc755215a1881aa12252bbdb5278553ae85b922541d9653994c","root.record.ShipsExhibitList.P5ShipClass.CostElementCategories.Ordnance.CostElementAnalysis.P35ItemList.P35Item"
"Documentation and Systems Engineering","","","","0.46","","","1.476","","","","","","2018-BASE_PROCUREMENT-2018-NAVY_SHIPBUILDINGANDCOVERSION-U_PROCUREMENT_MasterJustificationBook_Navy_PB_2018.zzz_unzipped-U_PROCUREMENT_MasterJustificationBook_Navy_PB_2018.xml","b6836e8f5cae238b72477d06bd8275a4b5f6643ffb0fbad18a73c25cb2c9b2b2","0-a7e2039600ff05509b254bfaf2cd93244fb679e6650c685d4c0458086c06c056","0-fa195e0300d1ef417a158eecec0661cfa02d455d4522147afa6fa67881a9b0b6","root.record.ShipsExhibitList.P5ShipClass.CostElementCategories.Ordnance.CostElementAnalysis.P35ItemList.P35Item"
"Documentation and Systems Engineering","","","","0.121","","","0.839","","","","","","2018-BASE_PROCUREMENT-2018-NAVY_SHIPBUILDINGANDCOVERSION-U_PROCUREMENT_MasterJustificationBook_Navy_PB_2018.zzz_unzipped-U_PROCUREMENT_MasterJustificationBook_Navy_PB_2018.xml","b6836e8f5cae238b72477d06bd8275a4b5f6643ffb0fbad18a73c25cb2c9b2b2","0-96ce5a67e69a111d20f18378475007e0f8ffa4a57189a298506c7ea2c038b4a8","2-7745e533a3be8351b413143a3462bc96d40fe2ff84bd367c564d24cb18b0ff05","root.record.ShipsExhibitList.P5ShipClass.CostElementCategories.Ordnance.CostElementAnalysis.P35ItemList.P35Item"
"Documentation and Systems Engineering","","","","0.049","","","0.261","","","","","","2018-BASE_PROCUREMENT-2018-NAVY_SHIPBUILDINGANDCOVERSION-U_PROCUREMENT_MasterJustificationBook_Navy_PB_2018.zzz_unzipped-U_PROCUREMENT_MasterJustificationBook_Navy_PB_2018.xml","b6836e8f5cae238b72477d06bd8275a4b5f6643ffb0fbad18a73c25cb2c9b2b2","0-3fe1c4e3d2a209d28a5cd7b34700db027c881f03aab3cf43c7b2f35d68258f15","3-f49302f6f91d671228544a5cecb6beff1f875bb4225743f3787786f722d1821d","root.record.ShipsExhibitList.P5ShipClass.CostElementCategories.Ordnance.CostElementAnalysis.P35ItemList.P35Item"
"Technical Support Services","","","","","","","","14.5","3.86","","","","2019-BASE_PROCUREMENT-2019-NAVY_SHIPBUILDINGANDCOVERSION-U_PROCUREMENT_JustificationBook_Navy_PB_2019.zzz_unzipped-U_PROCUREMENT_JustificationBook_Navy_PB_2019.xml","384bbcfb660b583b57aa41ac827b7a4f96349bc3d635569d38c5399e81cf111b","0-70feb23fce0b726f77c17de7312dca92bbf6cd801d8974b2560d670698779a4d","0-ccc51bddaa3532c6d19a2428e4c800e8dc4dbe119c67ffd2f8be258b938f38d6","root.record.ShipsExhibitList.P5ShipClass.CostElementCategories.Ordnance.CostElementAnalysis.P35ItemList.P35Item"
"Other / NRE","","","","","","","","155.439","38.155","","","","2019-BASE_PROCUREMENT-2019-NAVY_SHIPBUILDINGANDCOVERSION-U_PROCUREMENT_JustificationBook_Navy_PB_2019.zzz_unzipped-U_PROCUREMENT_JustificationBook_Navy_PB_2019.xml","384bbcfb660b583b57aa41ac827b7a4f96349bc3d635569d38c5399e81cf111b","1-b003c3b55d86ed7bd38fca5cae527e66e344e9b7178c2e58ed74b8315c730840","0-ccc51bddaa3532c6d19a2428e4c800e8dc4dbe119c67ffd2f8be258b938f38d6","root.record.ShipsExhibitList.P5ShipClass.CostElementCategories.Ordnance.CostElementAnalysis.P35ItemList.P35Item"
"Technical Support Services","","","","","","","","7.177","3.381","","","","2019-BASE_PROCUREMENT-2019-NAVY_SHIPBUILDINGANDCOVERSION-U_PROCUREMENT_JustificationBook_Navy_PB_2019.zzz_unzipped-U_PROCUREMENT_JustificationBook_Navy_PB_2019.xml","384bbcfb660b583b57aa41ac827b7a4f96349bc3d635569d38c5399e81cf111b","0-36e81b77e0072c51af0cefcfc6307f68680c9062a2f23758d79148e902f18c37","1-63dabd0fb0cec2fabf5fc868c0132adc6884afee601a4a5f3b49e49c9084b6db","root.record.ShipsExhibitList.P5ShipClass.CostElementCategories.Ordnance.CostElementAnalysis.P35ItemList.P35Item"
"Other / NRE","","","","","","","","12.94","2.88","","","","2019-BASE_PROCUREMENT-2019-NAVY_SHIPBUILDINGANDCOVERSION-U_PROCUREMENT_JustificationBook_Navy_PB_2019.zzz_unzipped-U_PROCUREMENT_JustificationBook_Navy_PB_2019.xml","384bbcfb660b583b57aa41ac827b7a4f96349bc3d635569d38c5399e81cf111b","1-f187bdce17a543723165e1fef8e1a54d8b9199a42fda36eab713c42ae18164f2","1-63dabd0fb0cec2fabf5fc868c0132adc6884afee601a4a5f3b49e49c9084b6db","root.record.ShipsExhibitList.P5ShipClass.CostElementCategories.Ordnance.CostElementAnalysis.P35ItemList.P35Item"
"Logistics Support","","","48.138","19.822","20.214","30.927","","","","34.708","","","2019-BASE_PROCUREMENT-2019-NAVY_SHIPBUILDINGANDCOVERSION-U_PROCUREMENT_JustificationBook_Navy_PB_2019.zzz_unzipped-U_PROCUREMENT_JustificationBook_Navy_PB_2019.xml","a1a47c8635cef5e8f1226c963ba3faf740a9814b8e16b8e7235117ff98b853fd","0-4691e972feaf4efc34930c5a23ac63d9e3950c3fc071a33b5c7cb66eaf2c2088","0-96ce4c0b8b34c9d62b67a2ac82ebb004e2511068ff0c9ce8953c28e6d18b48a7","root.record.ShipsExhibitList.P5ShipClass.CostElementCategories.Ordnance.CostElementAnalysis.P35ItemList.P35Item"
"Combat System Integration","","","106.782","72.54","73.976","113.183","","","","69.862","","","2019-BASE_PROCUREMENT-2019-NAVY_SHIPBUILDINGANDCOVERSION-U_PROCUREMENT_JustificationBook_Navy_PB_2019.zzz_unzipped-U_PROCUREMENT_JustificationBook_Navy_PB_2019.xml","a1a47c8635cef5e8f1226c963ba3faf740a9814b8e16b8e7235117ff98b853fd","1-9d7110323cd879e5894c8cdc068b531764f4427e93cff702d6580bc750a22737","0-96ce4c0b8b34c9d62b67a2ac82ebb004e2511068ff0c9ce8953c28e6d18b48a7","root.record.ShipsExhibitList.P5ShipClass.CostElementCategories.Ordnance.CostElementAnalysis.P35ItemList.P35Item"
"Logistics","","","6.288","9.552","9.738","14.899","","","","","","","2019-BASE_PROCUREMENT-2019-NAVY_SHIPBUILDINGANDCOVERSION-U_PROCUREMENT_JustificationBook_Navy_PB_2019.zzz_unzipped-U_PROCUREMENT_JustificationBook_Navy_PB_2019.xml","a1a47c8635cef5e8f1226c963ba3faf740a9814b8e16b8e7235117ff98b853fd","0-f3cb7864da618d3ffd00135e9af5f95f62cedb42d0f97f8583760be1373545d0","1-80a2d21d05ddf159421b5ef6ab8fc1b975302972d9cf6590af7663c48c0b71bf","root.record.ShipsExhibitList.P5ShipClass.CostElementCategories.Ordnance.CostElementAnalysis.P35ItemList.P35Item"
"Software","","","0.145","0.147","0.101","0.079","","","","0.143","","","2019-BASE_PROCUREMENT-2019-NAVY_SHIPBUILDINGANDCOVERSION-U_PROCUREMENT_JustificationBook_Navy_PB_2019.zzz_unzipped-U_PROCUREMENT_JustificationBook_Navy_PB_2019.xml","5152a3e67c89abc2820925748b17a30f7c8ff664b180b65af516e145f35dcb0b","0-635c68b682f1cbb9e7b8ae575e464d4e2f82522d5f9176194fd45a0c6e443bb7","0-667524547bed57cb8afe02cd34c8f679d805793a57bf37aa1ac11806812b519c","root.record.ShipsExhibitList.P5ShipClass.CostElementCategories.Ordnance.CostElementAnalysis.P35ItemList.P35Item"
"Test & Evaluation","","","0.878","0.895","0.615","0.463","","","","0.863","","","2019-BASE_PROCUREMENT-2019-NAVY_SHIPBUILDINGANDCOVERSION-U_PROCUREMENT_JustificationBook_Navy_PB_2019.zzz_unzipped-U_PROCUREMENT_JustificationBook_Navy_PB_2019.xml","5152a3e67c89abc2820925748b17a30f7c8ff664b180b65af516e145f35dcb0b","1-baa2c29122aa0dee821b246e3f4f98463c3f3deeb67f434cda2145b1717e6bf9","0-667524547bed57cb8afe02cd34c8f679d805793a57bf37aa1ac11806812b519c","root.record.ShipsExhibitList.P5ShipClass.CostElementCategories.Ordnance.CostElementAnalysis.P35ItemList.P35Item"
"Program Management","","","0.537","0.543","0.373","0.205","","","","0.528","","","2019-BASE_PROCUREMENT-2019-NAVY_SHIPBUILDINGANDCOVERSION-U_PROCUREMENT_JustificationBook_Navy_PB_2019.zzz_unzipped-U_PROCUREMENT_JustificationBook_Navy_PB_2019.xml","5152a3e67c89abc2820925748b17a30f7c8ff664b180b65af516e145f35dcb0b","2-1bd5d619d0f56f15b3b96fb31aaddba6d9432fb053cbcd372b34c1bf23fadf98","0-667524547bed57cb8afe02cd34c8f679d805793a57bf37aa1ac11806812b519c","root.record.ShipsExhibitList.P5ShipClass.CostElementCategories.Ordnance.CostElementAnalysis.P35ItemList.P35Item"
"Documentation and Systems Engineering","","","1.083","0.434","","","","","","","","","2019-BASE_PROCUREMENT-2019-NAVY_SHIPBUILDINGANDCOVERSION-U_PROCUREMENT_JustificationBook_Navy_PB_2019.zzz_unzipped-U_PROCUREMENT_JustificationBook_Navy_PB_2019.xml","169bc358bca4dfb8acf7b7efe08e701c479c593f5473f0f5b4ee6d1c0ad679db","0-8cf1a19349b781113f0036be26c025e05c1cef1b2eb4a920dc7e8ba90e697031","0-57a324578cba0f290ea7495df44c2c19b37d7c50d76150d065914ee152968113","root.record.ShipsExhibitList.P5ShipClass.CostElementCategories.Ordnance.CostElementAnalysis.P35ItemList.P35Item"
"Documentation and Systems Engineering","","","0.121","","","","","","","","","","2019-BASE_PROCUREMENT-2019-NAVY_SHIPBUILDINGANDCOVERSION-U_PROCUREMENT_JustificationBook_Navy_PB_2019.zzz_unzipped-U_PROCUREMENT_JustificationBook_Navy_PB_2019.xml","169bc358bca4dfb8acf7b7efe08e701c479c593f5473f0f5b4ee6d1c0ad679db","0-541008f56bbfc4f1558866fc980af56942a731b10c75b6454d4ecd9b877bae3e","2-4626d74655b935434b6ce7e3c34fc81b051f520f82d1807edbf83d37d896556e","root.record.ShipsExhibitList.P5ShipClass.CostElementCategories.Ordnance.CostElementAnalysis.P35ItemList.P35Item"
"Documentation and Systems Engineering","","","0.049","0.473","","","","","","","","","2019-BASE_PROCUREMENT-2019-NAVY_SHIPBUILDINGANDCOVERSION-U_PROCUREMENT_JustificationBook_Navy_PB_2019.zzz_unzipped-U_PROCUREMENT_JustificationBook_Navy_PB_2019.xml","169bc358bca4dfb8acf7b7efe08e701c479c593f5473f0f5b4ee6d1c0ad679db","0-60843bf08a6868e1cc2c67bb8c6a42344c4b7f7524d5a56e70bc65f50d9fca2e","3-9f1fe231e284335cab6880474c937fafb4e9586ff1cc17378dffb2e8b871870e","root.record.ShipsExhibitList.P5ShipClass.CostElementCategories.Ordnance.CostElementAnalysis.P35ItemList.P35Item"
"Technical Support Services","","","","","","","","14.5","3.86","","","","2019-BASE_PROCUREMENT-2019-NAVY_SHIPBUILDINGANDCOVERSION-U_PROCUREMENT_MasterJustificationBook_Navy_PB_2019.zzz_unzipped-U_PROCUREMENT_MasterJustificationBook_Navy_PB_2019.xml","eb65c52dd93ce16c20d00a7266f3d388040779562cbb7747c2c0d892437bc207","0-c341b756ce6818761f460ea3b92c3228ed49dec96d8947aaff75aa3987cc286b","0-12e68c27801e0e17e8b59b6b19c9c35fa4869726abaad0ae52ab4e03bd0e1e4c","root.record.ShipsExhibitList.P5ShipClass.CostElementCategories.Ordnance.CostElementAnalysis.P35ItemList.P35Item"
"Other / NRE","","","","","","","","155.439","38.155","","","","2019-BASE_PROCUREMENT-2019-NAVY_SHIPBUILDINGANDCOVERSION-U_PROCUREMENT_MasterJustificationBook_Navy_PB_2019.zzz_unzipped-U_PROCUREMENT_MasterJustificationBook_Navy_PB_2019.xml","eb65c52dd93ce16c20d00a7266f3d388040779562cbb7747c2c0d892437bc207","1-1f819087a0275d57e10fcf89a77c467baa685a06a5d646bca9495f20063c3881","0-12e68c27801e0e17e8b59b6b19c9c35fa4869726abaad0ae52ab4e03bd0e1e4c","root.record.ShipsExhibitList.P5ShipClass.CostElementCategories.Ordnance.CostElementAnalysis.P35ItemList.P35Item"
"Technical Support Services","","","","","","","","7.177","3.381","","","","2019-BASE_PROCUREMENT-2019-NAVY_SHIPBUILDINGANDCOVERSION-U_PROCUREMENT_MasterJustificationBook_Navy_PB_2019.zzz_unzipped-U_PROCUREMENT_MasterJustificationBook_Navy_PB_2019.xml","eb65c52dd93ce16c20d00a7266f3d388040779562cbb7747c2c0d892437bc207","0-32bfd62257c961e5395b4bb998efd9c455f2afcc70822667349bd0cfa3065c3f","1-f61b10599d57afd9cd40d66200550a22207d719b8f781e06fb11b0d20586e605","root.record.ShipsExhibitList.P5ShipClass.CostElementCategories.Ordnance.CostElementAnalysis.P35ItemList.P35Item"
"Other / NRE","","","","","","","","12.94","2.88","","","","2019-BASE_PROCUREMENT-2019-NAVY_SHIPBUILDINGANDCOVERSION-U_PROCUREMENT_MasterJustificationBook_Navy_PB_2019.zzz_unzipped-U_PROCUREMENT_MasterJustificationBook_Navy_PB_2019.xml","eb65c52dd93ce16c20d00a7266f3d388040779562cbb7747c2c0d892437bc207","1-c46eaa30ca9903d6a8a5cdf90257043024b55cd583aebf3efcd9423d5bbe61f7","1-f61b10599d57afd9cd40d66200550a22207d719b8f781e06fb11b0d20586e605","root.record.ShipsExhibitList.P5ShipClass.CostElementCategories.Ordnance.CostElementAnalysis.P35ItemList.P35Item"
"Logistics Support","","","48.138","19.822","20.214","30.927","","","","34.708","","","2019-BASE_PROCUREMENT-2019-NAVY_SHIPBUILDINGANDCOVERSION-U_PROCUREMENT_MasterJustificationBook_Navy_PB_2019.zzz_unzipped-U_PROCUREMENT_MasterJustificationBook_Navy_PB_2019.xml","7ccb09e5aa0dcd2ff656bb6257f40762290470295a3462fc198202ddc187b82f","0-a9625a4e7fae4990215df09a01449257c14081f0cb241013d7c0f17760005852","0-695f0ac6078772efea7f1be50d5a79fb777cc54c86bcdcc316f72da3b11f4955","root.record.ShipsExhibitList.P5ShipClass.CostElementCategories.Ordnance.CostElementAnalysis.P35ItemList.P35Item"
"Combat System Integration","","","106.782","72.54","73.976","113.183","","","","69.862","","","2019-BASE_PROCUREMENT-2019-NAVY_SHIPBUILDINGANDCOVERSION-U_PROCUREMENT_MasterJustificationBook_Navy_PB_2019.zzz_unzipped-U_PROCUREMENT_MasterJustificationBook_Navy_PB_2019.xml","7ccb09e5aa0dcd2ff656bb6257f40762290470295a3462fc198202ddc187b82f","1-ad4123e9346e92266ef158c0273766fcad59aee4bfc680161c2302ad70f3ce41","0-695f0ac6078772efea7f1be50d5a79fb777cc54c86bcdcc316f72da3b11f4955","root.record.ShipsExhibitList.P5ShipClass.CostElementCategories.Ordnance.CostElementAnalysis.P35ItemList.P35Item"
"Logistics","","","6.288","9.552","9.738","14.899","","","","","","","2019-BASE_PROCUREMENT-2019-NAVY_SHIPBUILDINGANDCOVERSION-U_PROCUREMENT_MasterJustificationBook_Navy_PB_2019.zzz_unzipped-U_PROCUREMENT_MasterJustificationBook_Navy_PB_2019.xml","7ccb09e5aa0dcd2ff656bb6257f40762290470295a3462fc198202ddc187b82f","0-1a0fa6794861787510f368aaecc423178eb81139190cace5e6417f2a1721e30a","1-ec72c2b18da05b90d6eaefd24b5ca5f917b0c2feb2891536fe0ed7c5cb7270a7","root.record.ShipsExhibitList.P5ShipClass.CostElementCategories.Ordnance.CostElementAnalysis.P35ItemList.P35Item"
"Software","","","0.145","0.147","0.101","0.079","","","","0.143","","","2019-BASE_PROCUREMENT-2019-NAVY_SHIPBUILDINGANDCOVERSION-U_PROCUREMENT_MasterJustificationBook_Navy_PB_2019.zzz_unzipped-U_PROCUREMENT_MasterJustificationBook_Navy_PB_2019.xml","8d346b790189bfc9a641dace4de6f22c2edf1c141b63425557194b004b65ee77","0-fe42b83b1b654f23af05d4b998aa54d2f2c83a79ec0bc936a652c1cf7261a142","0-e08d95a3aad068c063af1b00e5125c49e1cf3487e759617c553fb077d9d9ef76","root.record.ShipsExhibitList.P5ShipClass.CostElementCategories.Ordnance.CostElementAnalysis.P35ItemList.P35Item"
"Test & Evaluation","","","0.878","0.895","0.615","0.463","","","","0.863","","","2019-BASE_PROCUREMENT-2019-NAVY_SHIPBUILDINGANDCOVERSION-U_PROCUREMENT_MasterJustificationBook_Navy_PB_2019.zzz_unzipped-U_PROCUREMENT_MasterJustificationBook_Navy_PB_2019.xml","8d346b790189bfc9a641dace4de6f22c2edf1c141b63425557194b004b65ee77","1-e4e1419b6d5deb7da9bbacb79c36ec0c0524c85e57a938d304d285307f551832","0-e08d95a3aad068c063af1b00e5125c49e1cf3487e759617c553fb077d9d9ef76","root.record.ShipsExhibitList.P5ShipClass.CostElementCategories.Ordnance.CostElementAnalysis.P35ItemList.P35Item"
"Program Management","","","0.537","0.543","0.373","0.205","","","","0.528","","","2019-BASE_PROCUREMENT-2019-NAVY_SHIPBUILDINGANDCOVERSION-U_PROCUREMENT_MasterJustificationBook_Navy_PB_2019.zzz_unzipped-U_PROCUREMENT_MasterJustificationBook_Navy_PB_2019.xml","8d346b790189bfc9a641dace4de6f22c2edf1c141b63425557194b004b65ee77","2-cc8f9237005bc7b60367a8168a349183949aa96a81b629f07468de7df88c7b90","0-e08d95a3aad068c063af1b00e5125c49e1cf3487e759617c553fb077d9d9ef76","root.record.ShipsExhibitList.P5ShipClass.CostElementCategories.Ordnance.CostElementAnalysis.P35ItemList.P35Item"
"Documentation and Systems Engineering","","","1.083","0.434","","","","","","","","","2019-BASE_PROCUREMENT-2019-NAVY_SHIPBUILDINGANDCOVERSION-U_PROCUREMENT_MasterJustificationBook_Navy_PB_2019.zzz_unzipped-U_PROCUREMENT_MasterJustificationBook_Navy_PB_2019.xml","14191acf83148e2c874d70c0ea032878d423d04892e841aeca18c4529a27d12b","0-210dcfe0a9675db98647c5861e9ab8d5d79b38c0fe8797f033378b215d1dee7f","0-ac37eafcd21b18dfb810df5bdade210bcf75d0a3ecacfe3cc6c99ddef28ee1aa","root.record.ShipsExhibitList.P5ShipClass.CostElementCategories.Ordnance.CostElementAnalysis.P35ItemList.P35Item"
"Documentation and Systems Engineering","","","0.121","","","","","","","","","","2019-BASE_PROCUREMENT-2019-NAVY_SHIPBUILDINGANDCOVERSION-U_PROCUREMENT_MasterJustificationBook_Navy_PB_2019.zzz_unzipped-U_PROCUREMENT_MasterJustificationBook_Navy_PB_2019.xml","14191acf83148e2c874d70c0ea032878d423d04892e841aeca18c4529a27d12b","0-537ec0b0066a4d88cbe79380deae541d59cd1df94b4eedc6d87c309a839fb649","2-372ff08cc6420232945c6bef888a6aec0713b3794a5f844ca4ad61ef8259060c","root.record.ShipsExhibitList.P5ShipClass.CostElementCategories.Ordnance.CostElementAnalysis.P35ItemList.P35Item"
"Documentation and Systems Engineering","","","0.049","0.473","","","","","","","","","2019-BASE_PROCUREMENT-2019-NAVY_SHIPBUILDINGANDCOVERSION-U_PROCUREMENT_MasterJustificationBook_Navy_PB_2019.zzz_unzipped-U_PROCUREMENT_MasterJustificationBook_Navy_PB_2019.xml","14191acf83148e2c874d70c0ea032878d423d04892e841aeca18c4529a27d12b","0-edfaa23108d3cae42e67c86c85b0ecd89d6ef08e2479603d36cb33ba11ac2934","3-0870718cb8afde425f734352663d11927e6ae733551a099398d08d74521fbc1a","root.record.ShipsExhibitList.P5ShipClass.CostElementCategories.Ordnance.CostElementAnalysis.P35ItemList.P35Item"
"Documentation and Systems Engineering","","","0.434","","","","","","","1.083","","","2020-BASE_PROCUREMENT-2020-NAVY_SHIPBUILDINGANDCOVERSION-U_PROCUREMENT_JustificationBook_Navy_PB_2020.zzz_unzipped-U_PROCUREMENT_JustificationBook_Navy_PB_2020.xml","61c75f4854ca92250e7faa2931112113ac0649a293e0256c0de12704ee4d411a","0-a151baa889d84ea7d6a1aa0854c231cda420713ce778065952f7dd804796db85","0-5e427d5b40bf735d1f6633ea5298ec389314c205a384c329360836b4afc0d9c7","root.record.ShipsExhibitList.P5ShipClass.CostElementCategories.Ordnance.CostElementAnalysis.P35ItemList.P35Item"
"Documentation and Systems Engineering","","","","","","","","","","0.121","","","2020-BASE_PROCUREMENT-2020-NAVY_SHIPBUILDINGANDCOVERSION-U_PROCUREMENT_JustificationBook_Navy_PB_2020.zzz_unzipped-U_PROCUREMENT_JustificationBook_Navy_PB_2020.xml","61c75f4854ca92250e7faa2931112113ac0649a293e0256c0de12704ee4d411a","0-ab2d4401bd582ba388c7c405455be598eee27ff7bd802923183d335cf8ef8135","2-7c29492ee3c962455ad9e73c6f5de4fff3dcfa61021455ca14f792a39127f264","root.record.ShipsExhibitList.P5ShipClass.CostElementCategories.Ordnance.CostElementAnalysis.P35ItemList.P35Item"
"Documentation and Systems Engineering","","","0.473","","","","","","","0.049","","","2020-BASE_PROCUREMENT-2020-NAVY_SHIPBUILDINGANDCOVERSION-U_PROCUREMENT_JustificationBook_Navy_PB_2020.zzz_unzipped-U_PROCUREMENT_JustificationBook_Navy_PB_2020.xml","61c75f4854ca92250e7faa2931112113ac0649a293e0256c0de12704ee4d411a","0-f3a0cbcdef2cbb03712106b3e090d5fc6b43f56d246832114fde6a52bd0bd732","3-06de9913a246fdbc4ae81f1c7f59b77d0c54a8b1b1e25f1a391884a11e4b65c2","root.record.ShipsExhibitList.P5ShipClass.CostElementCategories.Ordnance.CostElementAnalysis.P35ItemList.P35Item"
"Documentation and Systems Engineering","","","1.402","","","","","","","","","","2020-BASE_PROCUREMENT-2020-NAVY_SHIPBUILDINGANDCOVERSION-U_PROCUREMENT_JustificationBook_Navy_PB_2020.zzz_unzipped-U_PROCUREMENT_JustificationBook_Navy_PB_2020.xml","61c75f4854ca92250e7faa2931112113ac0649a293e0256c0de12704ee4d411a","0-464bdac4569ec57fad54e478f114d87a1886a92931dc35ced5fc061042231994","4-ff0344416b3e32b833f6089734f8f8d4f43a14ec6e4d1b94510786e163210ddd","root.record.ShipsExhibitList.P5ShipClass.CostElementCategories.Ordnance.CostElementAnalysis.P35ItemList.P35Item"
"Technical Support Services","3.86","","","","","","","","","","14.5","","2020-BASE_PROCUREMENT-2020-NAVY_SHIPBUILDINGANDCOVERSION-U_PROCUREMENT_JustificationBook_Navy_PB_2020.zzz_unzipped-U_PROCUREMENT_JustificationBook_Navy_PB_2020.xml","8644d6cf0ff072d3154c0109223402de2d9d8f52cc878b156fc73009c9601119","0-c0ee371ed16554936a5031058c229f1ec4e696e53da38e08727659aef7c566b6","0-3754d320751e218dfc6852521bd4a1f8ec5bccc60772335e89e3aec23939fcef","root.record.ShipsExhibitList.P5ShipClass.CostElementCategories.Ordnance.CostElementAnalysis.P35ItemList.P35Item"
"Other / NRE","37.989","","","","","","","","","","145.557","","2020-BASE_PROCUREMENT-2020-NAVY_SHIPBUILDINGANDCOVERSION-U_PROCUREMENT_JustificationBook_Navy_PB_2020.zzz_unzipped-U_PROCUREMENT_JustificationBook_Navy_PB_2020.xml","8644d6cf0ff072d3154c0109223402de2d9d8f52cc878b156fc73009c9601119","1-8b57f00b039690646cec3a3a84b4b69529252ff9fdb497286f05b8a66bd7789a","0-3754d320751e218dfc6852521bd4a1f8ec5bccc60772335e89e3aec23939fcef","root.record.ShipsExhibitList.P5ShipClass.CostElementCategories.Ordnance.CostElementAnalysis.P35ItemList.P35Item"
"Technical Support Services","3.381","","","","","","","","","","7.177","","2020-BASE_PROCUREMENT-2020-NAVY_SHIPBUILDINGANDCOVERSION-U_PROCUREMENT_JustificationBook_Navy_PB_2020.zzz_unzipped-U_PROCUREMENT_JustificationBook_Navy_PB_2020.xml","8644d6cf0ff072d3154c0109223402de2d9d8f52cc878b156fc73009c9601119","0-3319330950825426ae164e433d08846dbff46d96c7b340a14c87dc5073b8d09a","1-eb593cc12b014e8b49c8e55e93f6203ffcd7e39a3c47adfa90352fbbe7d4da73","root.record.ShipsExhibitList.P5ShipClass.CostElementCategories.Ordnance.CostElementAnalysis.P35ItemList.P35Item"
"Other / NRE","2.88","","","","","","","","","","12.94","","2020-BASE_PROCUREMENT-2020-NAVY_SHIPBUILDINGANDCOVERSION-U_PROCUREMENT_JustificationBook_Navy_PB_2020.zzz_unzipped-U_PROCUREMENT_JustificationBook_Navy_PB_2020.xml","8644d6cf0ff072d3154c0109223402de2d9d8f52cc878b156fc73009c9601119","1-6be27344b2d7cc6c3101204e49741ac0e1a57278663946b4d38fe7b72bd6e15f","1-eb593cc12b014e8b49c8e55e93f6203ffcd7e39a3c47adfa90352fbbe7d4da73","root.record.ShipsExhibitList.P5ShipClass.CostElementCategories.Ordnance.CostElementAnalysis.P35ItemList.P35Item"
"Logistics Support","","","19.822","20.214","30.927","31.546","","","","48.138","","34.708","2020-BASE_PROCUREMENT-2020-NAVY_SHIPBUILDINGANDCOVERSION-U_PROCUREMENT_JustificationBook_Navy_PB_2020.zzz_unzipped-U_PROCUREMENT_JustificationBook_Navy_PB_2020.xml","f88449ebd51dedd31a2638fdba5e14252aa210ecf7ac5ea8d1c24b9a55389b12","0-a7861257eef7205ffff4dadaa95e4cfb5dbebb02a40c4e7bfdcd6efc6ac89283","0-90cd0001422b23d5c122f74018aac7fb09cfe1ce51a6afab7bdf3242e54e1214","root.record.ShipsExhibitList.P5ShipClass.CostElementCategories.Ordnance.CostElementAnalysis.P35ItemList.P35Item"
"Combat System Integration","","","72.54","73.976","113.183","115.447","","","","106.782","","69.862","2020-BASE_PROCUREMENT-2020-NAVY_SHIPBUILDINGANDCOVERSION-U_PROCUREMENT_JustificationBook_Navy_PB_2020.zzz_unzipped-U_PROCUREMENT_JustificationBook_Navy_PB_2020.xml","f88449ebd51dedd31a2638fdba5e14252aa210ecf7ac5ea8d1c24b9a55389b12","1-8f909b137420e1d52ab59b42f6dbfce3ac0672412adddd1f54215df3c3327dfc","0-90cd0001422b23d5c122f74018aac7fb09cfe1ce51a6afab7bdf3242e54e1214","root.record.ShipsExhibitList.P5ShipClass.CostElementCategories.Ordnance.CostElementAnalysis.P35ItemList.P35Item"
"Logistics","","","9.552","9.738","14.899","15.196","","","","6.288","","","2020-BASE_PROCUREMENT-2020-NAVY_SHIPBUILDINGANDCOVERSION-U_PROCUREMENT_JustificationBook_Navy_PB_2020.zzz_unzipped-U_PROCUREMENT_JustificationBook_Navy_PB_2020.xml","f88449ebd51dedd31a2638fdba5e14252aa210ecf7ac5ea8d1c24b9a55389b12","0-223f7147a6756c3635cbac5ff00d99e6c3e5ae0fd9b55e19f46d08a7a523ee78","1-959e8f78fea8655961bb404babe995e243f84a4b2d5bdc8111108b8e8271f837","root.record.ShipsExhibitList.P5ShipClass.CostElementCategories.Ordnance.CostElementAnalysis.P35ItemList.P35Item"
"Software","","","0.147","0.15","0.153","","","","","0.145","","0.143","2020-BASE_PROCUREMENT-2020-NAVY_SHIPBUILDINGANDCOVERSION-U_PROCUREMENT_JustificationBook_Navy_PB_2020.zzz_unzipped-U_PROCUREMENT_JustificationBook_Navy_PB_2020.xml","3a50af76787ade8e6e39ac7fb379b076ab9a8df59659f988b8b17ea8a6e28f09","0-dcfc3010d2960580a49e9840636882c8520e6675b3f02253b7c79398504da989","0-98467fc3c8bb0a0c7ef784e30929f9be77278c97dd935c033c0a8a8e49e8eb37","root.record.ShipsExhibitList.P5ShipClass.CostElementCategories.Ordnance.CostElementAnalysis.P35ItemList.P35Item"
"Test & Evaluation","","","0.895","0.91","0.925","","","","","0.878","","0.863","2020-BASE_PROCUREMENT-2020-NAVY_SHIPBUILDINGANDCOVERSION-U_PROCUREMENT_JustificationBook_Navy_PB_2020.zzz_unzipped-U_PROCUREMENT_JustificationBook_Navy_PB_2020.xml","3a50af76787ade8e6e39ac7fb379b076ab9a8df59659f988b8b17ea8a6e28f09","1-c96963bebacedae2bf2f95c400ca121d218ded7a553a1f63313bd3e2d67b10dc","0-98467fc3c8bb0a0c7ef784e30929f9be77278c97dd935c033c0a8a8e49e8eb37","root.record.ShipsExhibitList.P5ShipClass.CostElementCategories.Ordnance.CostElementAnalysis.P35ItemList.P35Item"
"Program Management","","","0.543","0.552","0.561","","","","","0.537","","0.528","2020-BASE_PROCUREMENT-2020-NAVY_SHIPBUILDINGANDCOVERSION-U_PROCUREMENT_JustificationBook_Navy_PB_2020.zzz_unzipped-U_PROCUREMENT_JustificationBook_Navy_PB_2020.xml","3a50af76787ade8e6e39ac7fb379b076ab9a8df59659f988b8b17ea8a6e28f09","2-7ccd7c234d6e806d9a14a6cb665eb49cd5bf7a0d7e23bb170afb7c08a67dbdd0","0-98467fc3c8bb0a0c7ef784e30929f9be77278c97dd935c033c0a8a8e49e8eb37","root.record.ShipsExhibitList.P5ShipClass.CostElementCategories.Ordnance.CostElementAnalysis.P35ItemList.P35Item"
"Documentation and Systems Engineering","","","","1.125","","","","","","","","","2020-BASE_PROCUREMENT-2020-NAVY_SHIPBUILDINGANDCOVERSION-U_PROCUREMENT_JustificationBook_Navy_PB_2020.zzz_unzipped-U_PROCUREMENT_JustificationBook_Navy_PB_2020.xml","9c168386c667ef3d36f81563d2d4cc8667e0a613f9f857e619b298d98031ffd5","0-33d883bff9eb0aaddbd8a8645964b5da7fc1dd0447fd944c5109ce0ea52ce639","0-170d50194226aef74fef843c75bc7048809dc12ce13c6c51b9debe812cf0ed34","root.record.ShipsExhibitList.P5ShipClass.CostElementCategories.Ordnance.CostElementAnalysis.P35ItemList.P35Item"
"Documentation and Systems Engineering","","","","0.5","","","","","","","","","2020-BASE_PROCUREMENT-2020-NAVY_SHIPBUILDINGANDCOVERSION-U_PROCUREMENT_JustificationBook_Navy_PB_2020.zzz_unzipped-U_PROCUREMENT_JustificationBook_Navy_PB_2020.xml","9c168386c667ef3d36f81563d2d4cc8667e0a613f9f857e619b298d98031ffd5","0-0a44a805c3cf38871b8f3b3d4ed3bdd0bffde449c6d64244e644f192cfcb8fcc","2-f80ea98bb059c51a9d8fbfa4b055a20bcc33ae7d140dcfe285ab9e4ab689a132","root.record.ShipsExhibitList.P5ShipClass.CostElementCategories.Ordnance.CostElementAnalysis.P35ItemList.P35Item"
"Documentation and Systems Engineering","","","","1.28","","","","","","","","","2020-BASE_PROCUREMENT-2020-NAVY_SHIPBUILDINGANDCOVERSION-U_PROCUREMENT_JustificationBook_Navy_PB_2020.zzz_unzipped-U_PROCUREMENT_JustificationBook_Navy_PB_2020.xml","9c168386c667ef3d36f81563d2d4cc8667e0a613f9f857e619b298d98031ffd5","0-bc69a992d328b788eb3ab77c434de78e7baafb6f4ada0d6956f9b726219e5675","3-6dabcd469b59a98de14e5fc4b418a7f769354ee07e98c2257739ad0e979b33d5","root.record.ShipsExhibitList.P5ShipClass.CostElementCategories.Ordnance.CostElementAnalysis.P35ItemList.P35Item"
"Documentation and Systems Engineering","","","0.434","","","","","","","1.083","","","2020-BASE_PROCUREMENT-2020-NAVY_SHIPBUILDINGANDCOVERSION-U_PROCUREMENT_MasterJustificationBook_Navy_PB_2020.zzz_unzipped-U_PROCUREMENT_MasterJustificationBook_Navy_PB_2020.xml","e131c0f9c0cddd147c5f2a5af285d5a65223c9ab0a8e83cb610b0d4ae369c030","0-2d7b53a0104fe5a50b70c4cba34b4d943d150fc922887c1b204bc6fbc7222c1b","0-b9a17190e282d65d044641aeb4d8067dc24b0e6279559cee0dfe22b1d702f81a","root.record.ShipsExhibitList.P5ShipClass.CostElementCategories.Ordnance.CostElementAnalysis.P35ItemList.P35Item"
"Documentation and Systems Engineering","","","","","","","","","","0.121","","","2020-BASE_PROCUREMENT-2020-NAVY_SHIPBUILDINGANDCOVERSION-U_PROCUREMENT_MasterJustificationBook_Navy_PB_2020.zzz_unzipped-U_PROCUREMENT_MasterJustificationBook_Navy_PB_2020.xml","e131c0f9c0cddd147c5f2a5af285d5a65223c9ab0a8e83cb610b0d4ae369c030","0-0c884aef00152f883880a07d0aa4a885f09ebd11f631dabd12a79c98263467ed","2-42efa1134096079a7a7bd065543573ee3d4beecebc73e94e94adcc79a126ff5a","root.record.ShipsExhibitList.P5ShipClass.CostElementCategories.Ordnance.CostElementAnalysis.P35ItemList.P35Item"
"Documentation and Systems Engineering","","","0.473","","","","","","","0.049","","","2020-BASE_PROCUREMENT-2020-NAVY_SHIPBUILDINGANDCOVERSION-U_PROCUREMENT_MasterJustificationBook_Navy_PB_2020.zzz_unzipped-U_PROCUREMENT_MasterJustificationBook_Navy_PB_2020.xml","e131c0f9c0cddd147c5f2a5af285d5a65223c9ab0a8e83cb610b0d4ae369c030","0-8a2f926802dd980a9e009c21d6a1858efe3b4b1796a86e95cc0cd4aa58a37134","3-96fd841dec8bd90115c78fe67facdfbad3a69aac4336cdeb4b3eda6ddb81cac4","root.record.ShipsExhibitList.P5ShipClass.CostElementCategories.Ordnance.CostElementAnalysis.P35ItemList.P35Item"
"Documentation and Systems Engineering","","","1.402","","","","","","","","","","2020-BASE_PROCUREMENT-2020-NAVY_SHIPBUILDINGANDCOVERSION-U_PROCUREMENT_MasterJustificationBook_Navy_PB_2020.zzz_unzipped-U_PROCUREMENT_MasterJustificationBook_Navy_PB_2020.xml","e131c0f9c0cddd147c5f2a5af285d5a65223c9ab0a8e83cb610b0d4ae369c030","0-259f61265805554e39b33742b9f82a2ad8f2c67b1e7d952c924bbd183820cad8","4-07376d89a239150cb8d297f84158c593eb7c6a92cbc23ca6577827b959dc68bc","root.record.ShipsExhibitList.P5ShipClass.CostElementCategories.Ordnance.CostElementAnalysis.P35ItemList.P35Item"
"Technical Support Services","3.86","","","","","","","","","","14.5","","2020-BASE_PROCUREMENT-2020-NAVY_SHIPBUILDINGANDCOVERSION-U_PROCUREMENT_MasterJustificationBook_Navy_PB_2020.zzz_unzipped-U_PROCUREMENT_MasterJustificationBook_Navy_PB_2020.xml","fa505ec92f383fcc1ed15c617e66a7a22b7d4afe96a0183b867c4406bbfec040","0-cb1be1bc50021c17ab520caff69972601d735ee34349823400e60485994bdd11","0-bce17b0ff2330d59845047b055eaf77825d1f8d7407c999419e957fcb16ada4e","root.record.ShipsExhibitList.P5ShipClass.CostElementCategories.Ordnance.CostElementAnalysis.P35ItemList.P35Item"
"Other / NRE","37.989","","","","","","","","","","145.557","","2020-BASE_PROCUREMENT-2020-NAVY_SHIPBUILDINGANDCOVERSION-U_PROCUREMENT_MasterJustificationBook_Navy_PB_2020.zzz_unzipped-U_PROCUREMENT_MasterJustificationBook_Navy_PB_2020.xml","fa505ec92f383fcc1ed15c617e66a7a22b7d4afe96a0183b867c4406bbfec040","1-bfae82aa7168743067a00962d909bdaac0b69c1701fe1096d65dd9ff63113080","0-bce17b0ff2330d59845047b055eaf77825d1f8d7407c999419e957fcb16ada4e","root.record.ShipsExhibitList.P5ShipClass.CostElementCategories.Ordnance.CostElementAnalysis.P35ItemList.P35Item"
"Technical Support Services","3.381","","","","","","","","","","7.177","","2020-BASE_PROCUREMENT-2020-NAVY_SHIPBUILDINGANDCOVERSION-U_PROCUREMENT_MasterJustificationBook_Navy_PB_2020.zzz_unzipped-U_PROCUREMENT_MasterJustificationBook_Navy_PB_2020.xml","fa505ec92f383fcc1ed15c617e66a7a22b7d4afe96a0183b867c4406bbfec040","0-f26284060f8bec18a101e3ef246c44d6c649dfc80715f30b7f0105a2e4f85e4d","1-2ae3ad5941c00f153b6fd1ddaad8ee242e0d6839d84b59c83971f767ef4421ab","root.record.ShipsExhibitList.P5ShipClass.CostElementCategories.Ordnance.CostElementAnalysis.P35ItemList.P35Item"
"Other / NRE","2.88","","","","","","","","","","12.94","","2020-BASE_PROCUREMENT-2020-NAVY_SHIPBUILDINGANDCOVERSION-U_PROCUREMENT_MasterJustificationBook_Navy_PB_2020.zzz_unzipped-U_PROCUREMENT_MasterJustificationBook_Navy_PB_2020.xml","fa505ec92f383fcc1ed15c617e66a7a22b7d4afe96a0183b867c4406bbfec040","1-82f36fce8cf3be284557e645fca0bc44ef8b17e705f6105d09088d0d9626e0f5","1-2ae3ad5941c00f153b6fd1ddaad8ee242e0d6839d84b59c83971f767ef4421ab","root.record.ShipsExhibitList.P5ShipClass.CostElementCategories.Ordnance.CostElementAnalysis.P35ItemList.P35Item"
"Logistics Support","","","19.822","20.214","30.927","31.546","","","","48.138","","34.708","2020-BASE_PROCUREMENT-2020-NAVY_SHIPBUILDINGANDCOVERSION-U_PROCUREMENT_MasterJustificationBook_Navy_PB_2020.zzz_unzipped-U_PROCUREMENT_MasterJustificationBook_Navy_PB_2020.xml","5f09bad83be8d9935dfb8fbbbac4473f946bb03e639a64a10be47789f49d0473","0-258d20ea9876a6aeb009c66bd3648e60ef3e52c4a87d76a6362a6e99d2fb1347","0-11b322569188a5fd8fde9ff79ec308d703c1d36a798edd7602a8c43c615e5f2d","root.record.ShipsExhibitList.P5ShipClass.CostElementCategories.Ordnance.CostElementAnalysis.P35ItemList.P35Item"
"Combat System Integration","","","72.54","73.976","113.183","115.447","","","","106.782","","69.862","2020-BASE_PROCUREMENT-2020-NAVY_SHIPBUILDINGANDCOVERSION-U_PROCUREMENT_MasterJustificationBook_Navy_PB_2020.zzz_unzipped-U_PROCUREMENT_MasterJustificationBook_Navy_PB_2020.xml","5f09bad83be8d9935dfb8fbbbac4473f946bb03e639a64a10be47789f49d0473","1-063f000e0bd46da87d78f9b064ef7d455083bf4e456a8ec2f16825ca54d9989e","0-11b322569188a5fd8fde9ff79ec308d703c1d36a798edd7602a8c43c615e5f2d","root.record.ShipsExhibitList.P5ShipClass.CostElementCategories.Ordnance.CostElementAnalysis.P35ItemList.P35Item"
"Logistics","","","9.552","9.738","14.899","15.196","","","","6.288","","","2020-BASE_PROCUREMENT-2020-NAVY_SHIPBUILDINGANDCOVERSION-U_PROCUREMENT_MasterJustificationBook_Navy_PB_2020.zzz_unzipped-U_PROCUREMENT_MasterJustificationBook_Navy_PB_2020.xml","5f09bad83be8d9935dfb8fbbbac4473f946bb03e639a64a10be47789f49d0473","0-98ac5236b1525abb6e086907ac43b563406c7b8eb276d3bac80aa6d0b827ffc1","1-a27af7d00a276e2d5f7c7ce51219bee3b8a2360e2674dc05646de4e9dad8ed4f","root.record.ShipsExhibitList.P5ShipClass.CostElementCategories.Ordnance.CostElementAnalysis.P35ItemList.P35Item"
"Software","","","0.147","0.15","0.153","","","","","0.145","","0.143","2020-BASE_PROCUREMENT-2020-NAVY_SHIPBUILDINGANDCOVERSION-U_PROCUREMENT_MasterJustificationBook_Navy_PB_2020.zzz_unzipped-U_PROCUREMENT_MasterJustificationBook_Navy_PB_2020.xml","aebdbec1d331d8cce6700e4da30a9b9bafcaa6b164c2778bde2d9687c6875bbf","0-0550f0d6d6d987ba7c572ed4d1b64b9c3a08f0a7bf138439981476f7f4451679","0-cca0f5b9ab8df5dd1d013722a0699e038299168f13f00f50ab1b47e37e47e168","root.record.ShipsExhibitList.P5ShipClass.CostElementCategories.Ordnance.CostElementAnalysis.P35ItemList.P35Item"
"Test & Evaluation","","","0.895","0.91","0.925","","","","","0.878","","0.863","2020-BASE_PROCUREMENT-2020-NAVY_SHIPBUILDINGANDCOVERSION-U_PROCUREMENT_MasterJustificationBook_Navy_PB_2020.zzz_unzipped-U_PROCUREMENT_MasterJustificationBook_Navy_PB_2020.xml","aebdbec1d331d8cce6700e4da30a9b9bafcaa6b164c2778bde2d9687c6875bbf","1-88aee99dcd93ad25a457a1031c24cef24779aa3f511c1f8a6ebbb69783887763","0-cca0f5b9ab8df5dd1d013722a0699e038299168f13f00f50ab1b47e37e47e168","root.record.ShipsExhibitList.P5ShipClass.CostElementCategories.Ordnance.CostElementAnalysis.P35ItemList.P35Item"
"Program Management","","","0.543","0.552","0.561","","","","","0.537","","0.528","2020-BASE_PROCUREMENT-2020-NAVY_SHIPBUILDINGANDCOVERSION-U_PROCUREMENT_MasterJustificationBook_Navy_PB_2020.zzz_unzipped-U_PROCUREMENT_MasterJustificationBook_Navy_PB_2020.xml","aebdbec1d331d8cce6700e4da30a9b9bafcaa6b164c2778bde2d9687c6875bbf","2-acdb3623f562f591867833f13fac5c5a203f2eea37c2b61f45d50e383865b48e","0-cca0f5b9ab8df5dd1d013722a0699e038299168f13f00f50ab1b47e37e47e168","root.record.ShipsExhibitList.P5ShipClass.CostElementCategories.Ordnance.CostElementAnalysis.P35ItemList.P35Item"
"Documentation and Systems Engineering","","","","1.125","","","","","","","","","2020-BASE_PROCUREMENT-2020-NAVY_SHIPBUILDINGANDCOVERSION-U_PROCUREMENT_MasterJustificationBook_Navy_PB_2020.zzz_unzipped-U_PROCUREMENT_MasterJustificationBook_Navy_PB_2020.xml","fede88ab6e4790d85bb219ffaa3eb2a124927ee5b9d8867aa75a8d6481dc6908","0-12ffd815bb5aeededa0d5ae8aa2e6ec308a7e165b33ace50ff4bfca209999cfe","0-964e136ff210f419d2b1c157af188397367a9dd5c4eff1f36aa73d51acf0811d","root.record.ShipsExhibitList.P5ShipClass.CostElementCategories.Ordnance.CostElementAnalysis.P35ItemList.P35Item"
"Documentation and Systems Engineering","","","","0.5","","","","","","","","","2020-BASE_PROCUREMENT-2020-NAVY_SHIPBUILDINGANDCOVERSION-U_PROCUREMENT_MasterJustificationBook_Navy_PB_2020.zzz_unzipped-U_PROCUREMENT_MasterJustificationBook_Navy_PB_2020.xml","fede88ab6e4790d85bb219ffaa3eb2a124927ee5b9d8867aa75a8d6481dc6908","0-547ce2947afb47fe066497506e2905fe6bef66849c9aeac6e5b789d8daa302f0","2-fcf0d0b815235ee6d4d1f3957fb4379a56b701fa999d5d79879f279fa193602f","root.record.ShipsExhibitList.P5ShipClass.CostElementCategories.Ordnance.CostElementAnalysis.P35ItemList.P35Item"
"Documentation and Systems Engineering","","","","1.28","","","","","","","","","2020-BASE_PROCUREMENT-2020-NAVY_SHIPBUILDINGANDCOVERSION-U_PROCUREMENT_MasterJustificationBook_Navy_PB_2020.zzz_unzipped-U_PROCUREMENT_MasterJustificationBook_Navy_PB_2020.xml","fede88ab6e4790d85bb219ffaa3eb2a124927ee5b9d8867aa75a8d6481dc6908","0-f2234510be1c3f2c53bf189b562e4324f9adf3779bd4844669c964bf1714c20b","3-8be74c3fdc129a452d4151dab80ac619fecb2bd1873ad503f4fa184af728d5bc","root.record.ShipsExhibitList.P5ShipClass.CostElementCategories.Ordnance.CostElementAnalysis.P35ItemList.P35Item"
