Title_val,Costs_TotalCost_PriorYearTen_val,Costs_TotalCost_PriorYearEight_val,Costs_TotalCost_PriorYearTwo_val,Costs_TotalCost_PriorYear_val,Costs_TotalCost_CurrentYear_val,Costs_TotalCost_BudgetYearOne_val,Costs_TotalCost_PriorYearFive_val,Costs_TotalCost_PriorYearEleven_val,Costs_TotalCost_PriorYearNine_val,Costs_TotalCost_PriorYearThree_val,Costs_TotalCost_PriorYearTwelve_val,Costs_TotalCost_PriorYearFour_val,@SOURCE_FILENAME,@RECORDID,@ROWID,@PARENTROWID,@PARENT
"Technical Support Services","14.5","3.86","","","","","","","","","","","2018-BASE_PROCUREMENT-2018-NAVY_SHIPBUILDINGANDCOVERSION-U_PROCUREMENT_JustificationBook_Navy_PB_2018.zzz_unzipped-U_PROCUREMENT_JustificationBook_Navy_PB_2018.xml","63a199acf2aec9803478e689b99e17d5ba8e6ed8eb7dfb080491db0b111af06e","0-992b617be28ff037b8235767ea97c885e9cd336ac1392fb715d23cb672712e76","0-30fbf184de9c985d050179ebd23a46c0e296a05e698c9c417ace745eb2385ddb","root.record.ShipsExhibitList.P5ShipClass.CostElementCategories.Ordnance.CostElementAnalysis.P35ItemList.P35Item"
"Other / NRE","155.439","38.155","","","","","","","","","","","2018-BASE_PROCUREMENT-2018-NAVY_SHIPBUILDINGANDCOVERSION-U_PROCUREMENT_JustificationBook_Navy_PB_2018.zzz_unzipped-U_PROCUREMENT_JustificationBook_Navy_PB_2018.xml","63a199acf2aec9803478e689b99e17d5ba8e6ed8eb7dfb080491db0b111af06e","1-d0b35a606242c35e5047b3ae3967d7104ecbb88c4cfc8ed3efeba28e1b670aba","0-30fbf184de9c985d050179ebd23a46c0e296a05e698c9c417ace745eb2385ddb","root.record.ShipsExhibitList.P5ShipClass.CostElementCategories.Ordnance.CostElementAnalysis.P35ItemList.P35Item"
"Technical Support Services","7.177","3.381","","","","","","","","","","","2018-BASE_PROCUREMENT-2018-NAVY_SHIPBUILDINGANDCOVERSION-U_PROCUREMENT_JustificationBook_Navy_PB_2018.zzz_unzipped-U_PROCUREMENT_JustificationBook_Navy_PB_2018.xml","63a199acf2aec9803478e689b99e17d5ba8e6ed8eb7dfb080491db0b111af06e","0-4010246a42779bc94e2986ec7f0910e2baaf57c65432062b0d990a9cf2910f4b","1-b6ff5c3f842b255a00cc7a21c4da53d90674c3ef94c7f5df2b4f019eea2254d5","root.record.ShipsExhibitList.P5ShipClass.CostElementCategories.Ordnance.CostElementAnalysis.P35ItemList.P35Item"
"Other / NRE","12.94","2.88","","","","","","","","","","","2018-BASE_PROCUREMENT-2018-NAVY_SHIPBUILDINGANDCOVERSION-U_PROCUREMENT_JustificationBook_Navy_PB_2018.zzz_unzipped-U_PROCUREMENT_JustificationBook_Navy_PB_2018.xml","63a199acf2aec9803478e689b99e17d5ba8e6ed8eb7dfb080491db0b111af06e","1-04a5323e56a833eff0d3e0698438b5af52ab4e443a5e8b837585cfcc7c511272","1-b6ff5c3f842b255a00cc7a21c4da53d90674c3ef94c7f5df2b4f019eea2254d5","root.record.ShipsExhibitList.P5ShipClass.CostElementCategories.Ordnance.CostElementAnalysis.P35ItemList.P35Item"
"Logistics Support","","","34.708","48.138","19.822","20.214","","","","","","","2018-BASE_PROCUREMENT-2018-NAVY_SHIPBUILDINGANDCOVERSION-U_PROCUREMENT_JustificationBook_Navy_PB_2018.zzz_unzipped-U_PROCUREMENT_JustificationBook_Navy_PB_2018.xml","341c09c4a37bc5105a93194374c2b71f3cdff23a738f04e5629acb1abd33932e","0-7e6e5c4ea693c4b5c62d1241f937ba51f2047e533216704a12dca62743cf7ccc","0-98afe247dd395b51d3957366384fcdcdfacfbf3cb66f1717265a7bd6c3f6f43c","root.record.ShipsExhibitList.P5ShipClass.CostElementCategories.Ordnance.CostElementAnalysis.P35ItemList.P35Item"
"Combat System Integration","","","69.862","106.782","72.54","73.976","","","","","","","2018-BASE_PROCUREMENT-2018-NAVY_SHIPBUILDINGANDCOVERSION-U_PROCUREMENT_JustificationBook_Navy_PB_2018.zzz_unzipped-U_PROCUREMENT_JustificationBook_Navy_PB_2018.xml","341c09c4a37bc5105a93194374c2b71f3cdff23a738f04e5629acb1abd33932e","1-e386feeaf9d5f899b25d641a57f237ad4678ba5b70375b1bce5c9c1054e53c4e","0-98afe247dd395b51d3957366384fcdcdfacfbf3cb66f1717265a7bd6c3f6f43c","root.record.ShipsExhibitList.P5ShipClass.CostElementCategories.Ordnance.CostElementAnalysis.P35ItemList.P35Item"
"Logistics","","","","6.288","9.552","9.738","","","","","","","2018-BASE_PROCUREMENT-2018-NAVY_SHIPBUILDINGANDCOVERSION-U_PROCUREMENT_JustificationBook_Navy_PB_2018.zzz_unzipped-U_PROCUREMENT_JustificationBook_Navy_PB_2018.xml","341c09c4a37bc5105a93194374c2b71f3cdff23a738f04e5629acb1abd33932e","0-d731cdd84e5da89d9da0cc90eb94aab3139962d8b806a0f578155931567429bc","1-991fe1dbbce762453967c018c3eb086be69fcc276d3fc27e63d349adc7918c83","root.record.ShipsExhibitList.P5ShipClass.CostElementCategories.Ordnance.CostElementAnalysis.P35ItemList.P35Item"
"Software","","","0.143","0.145","0.099","0.078","","","","","","","2018-BASE_PROCUREMENT-2018-NAVY_SHIPBUILDINGANDCOVERSION-U_PROCUREMENT_JustificationBook_Navy_PB_2018.zzz_unzipped-U_PROCUREMENT_JustificationBook_Navy_PB_2018.xml","b548d3bebc5c45d3822f00bfd12bbaf3401faadb58f2ede71a62e2af4a876487","0-ac28d2f2afbb5365cdddb0d1afce30d11f961d24542a76a844cf7e3d597aa204","0-cc31293bd7507a77dbd7d7ef81ded3b380cb7e471388c87395059c0aaf818bd7","root.record.ShipsExhibitList.P5ShipClass.CostElementCategories.Ordnance.CostElementAnalysis.P35ItemList.P35Item"
"Test & Evaluation","","","0.863","0.878","0.605","0.455","","","","","","","2018-BASE_PROCUREMENT-2018-NAVY_SHIPBUILDINGANDCOVERSION-U_PROCUREMENT_JustificationBook_Navy_PB_2018.zzz_unzipped-U_PROCUREMENT_JustificationBook_Navy_PB_2018.xml","b548d3bebc5c45d3822f00bfd12bbaf3401faadb58f2ede71a62e2af4a876487","1-99f6d3f627f07f05692fb8bac4fe96a25f88e35b2351dbe042aaca7f26ce7e8b","0-cc31293bd7507a77dbd7d7ef81ded3b380cb7e471388c87395059c0aaf818bd7","root.record.ShipsExhibitList.P5ShipClass.CostElementCategories.Ordnance.CostElementAnalysis.P35ItemList.P35Item"
"Program Management","","","0.528","0.537","0.367","0.202","","","","","","","2018-BASE_PROCUREMENT-2018-NAVY_SHIPBUILDINGANDCOVERSION-U_PROCUREMENT_JustificationBook_Navy_PB_2018.zzz_unzipped-U_PROCUREMENT_JustificationBook_Navy_PB_2018.xml","b548d3bebc5c45d3822f00bfd12bbaf3401faadb58f2ede71a62e2af4a876487","2-d66cdc55bd4665022b78ec083d13a3827bc361ed1ac0d94c4ddf877e7645504c","0-cc31293bd7507a77dbd7d7ef81ded3b380cb7e471388c87395059c0aaf818bd7","root.record.ShipsExhibitList.P5ShipClass.CostElementCategories.Ordnance.CostElementAnalysis.P35ItemList.P35Item"
"Documentation and Systems Engineering","","","","0.46","","","1.476","","","","","","2018-BASE_PROCUREMENT-2018-NAVY_SHIPBUILDINGANDCOVERSION-U_PROCUREMENT_JustificationBook_Navy_PB_2018.zzz_unzipped-U_PROCUREMENT_JustificationBook_Navy_PB_2018.xml","6c8db8380a911de3d70ef956f133867b9c0a3463851956b9d3521431df0e0e53","0-7a0291792b29baca2d17cfb8eeed167b771bc5efb2a22f96b381826efb451863","0-a51696102aeaa13ae3d811268f28a3c34537e09c066661130555619695c29f35","root.record.ShipsExhibitList.P5ShipClass.CostElementCategories.Ordnance.CostElementAnalysis.P35ItemList.P35Item"
"Documentation and Systems Engineering","","","","0.121","","","0.839","","","","","","2018-BASE_PROCUREMENT-2018-NAVY_SHIPBUILDINGANDCOVERSION-U_PROCUREMENT_JustificationBook_Navy_PB_2018.zzz_unzipped-U_PROCUREMENT_JustificationBook_Navy_PB_2018.xml","6c8db8380a911de3d70ef956f133867b9c0a3463851956b9d3521431df0e0e53","0-d4710e55e7e0ef289ea05f56c75cf86f2f290a6281635006934dc77c9f28fefa","2-9e56945f73d2fb71bffa4dfd2d96f921715607ceb6d5dbf7d11d5c0e7ca20bd4","root.record.ShipsExhibitList.P5ShipClass.CostElementCategories.Ordnance.CostElementAnalysis.P35ItemList.P35Item"
"Documentation and Systems Engineering","","","","0.049","","","0.261","","","","","","2018-BASE_PROCUREMENT-2018-NAVY_SHIPBUILDINGANDCOVERSION-U_PROCUREMENT_JustificationBook_Navy_PB_2018.zzz_unzipped-U_PROCUREMENT_JustificationBook_Navy_PB_2018.xml","6c8db8380a911de3d70ef956f133867b9c0a3463851956b9d3521431df0e0e53","0-5fa2d074ddfd6a2a847c64010f99c6230304c5f5f4d54bebc160e591d17c376d","3-3d15f92d89a0f0eb29456e528b13b43a0c710b6fada903feb8019b1ca4a523b8","root.record.ShipsExhibitList.P5ShipClass.CostElementCategories.Ordnance.CostElementAnalysis.P35ItemList.P35Item"
"Technical Support Services","14.5","3.86","","","","","","","","","","","2018-BASE_PROCUREMENT-2018-NAVY_SHIPBUILDINGANDCOVERSION-U_PROCUREMENT_MasterJustificationBook_Navy_PB_2018.zzz_unzipped-U_PROCUREMENT_MasterJustificationBook_Navy_PB_2018.xml","cfcd2affcafe58149df6900b5bafde44d10bbb1934842da11d594bb3c352ff90","0-6175bdb6de95d67938a505a51e2967f21bbd624d86b3af0fc1df3265713937fa","0-e9118bae236f1d89d58761f24650bfc7710284bf3e2774a035d5e095f692d536","root.record.ShipsExhibitList.P5ShipClass.CostElementCategories.Ordnance.CostElementAnalysis.P35ItemList.P35Item"
"Other / NRE","155.439","38.155","","","","","","","","","","","2018-BASE_PROCUREMENT-2018-NAVY_SHIPBUILDINGANDCOVERSION-U_PROCUREMENT_MasterJustificationBook_Navy_PB_2018.zzz_unzipped-U_PROCUREMENT_MasterJustificationBook_Navy_PB_2018.xml","cfcd2affcafe58149df6900b5bafde44d10bbb1934842da11d594bb3c352ff90","1-0b1e432f79ef22e8095009255fbc5a19730c2968ce9182c48e5afa872da9a79b","0-e9118bae236f1d89d58761f24650bfc7710284bf3e2774a035d5e095f692d536","root.record.ShipsExhibitList.P5ShipClass.CostElementCategories.Ordnance.CostElementAnalysis.P35ItemList.P35Item"
"Technical Support Services","7.177","3.381","","","","","","","","","","","2018-BASE_PROCUREMENT-2018-NAVY_SHIPBUILDINGANDCOVERSION-U_PROCUREMENT_MasterJustificationBook_Navy_PB_2018.zzz_unzipped-U_PROCUREMENT_MasterJustificationBook_Navy_PB_2018.xml","cfcd2affcafe58149df6900b5bafde44d10bbb1934842da11d594bb3c352ff90","0-471a8f900be104ba3ecce5c068624d03ecc97e69ebce79942e31026e197e02bf","1-7b6311f535a9343d9133e8fad7beb6be951357bcf5a7d407fe558c5a0c62c07a","root.record.ShipsExhibitList.P5ShipClass.CostElementCategories.Ordnance.CostElementAnalysis.P35ItemList.P35Item"
"Other / NRE","12.94","2.88","","","","","","","","","","","2018-BASE_PROCUREMENT-2018-NAVY_SHIPBUILDINGANDCOVERSION-U_PROCUREMENT_MasterJustificationBook_Navy_PB_2018.zzz_unzipped-U_PROCUREMENT_MasterJustificationBook_Navy_PB_2018.xml","cfcd2affcafe58149df6900b5bafde44d10bbb1934842da11d594bb3c352ff90","1-cb739bde8f83129e0ed01463e0b20301ccc077d6846fd204c670d65300e09770","1-7b6311f535a9343d9133e8fad7beb6be951357bcf5a7d407fe558c5a0c62c07a","root.record.ShipsExhibitList.P5ShipClass.CostElementCategories.Ordnance.CostElementAnalysis.P35ItemList.P35Item"
"Logistics Support","","","34.708","48.138","19.822","20.214","","","","","","","2018-BASE_PROCUREMENT-2018-NAVY_SHIPBUILDINGANDCOVERSION-U_PROCUREMENT_MasterJustificationBook_Navy_PB_2018.zzz_unzipped-U_PROCUREMENT_MasterJustificationBook_Navy_PB_2018.xml","e27de6ec9cb638c66ac0b656bccfc8f782bb401590861916fc6bffb8352b5cd2","0-59fb2f418014562106ad54934b8d4b94c5d149049c0d46dcd0ec26dc90b266cb","0-f352e9bd7117b070f8af13df12a38fab054aa23e7396d07272daa36aca83ab22","root.record.ShipsExhibitList.P5ShipClass.CostElementCategories.Ordnance.CostElementAnalysis.P35ItemList.P35Item"
"Combat System Integration","","","69.862","106.782","72.54","73.976","","","","","","","2018-BASE_PROCUREMENT-2018-NAVY_SHIPBUILDINGANDCOVERSION-U_PROCUREMENT_MasterJustificationBook_Navy_PB_2018.zzz_unzipped-U_PROCUREMENT_MasterJustificationBook_Navy_PB_2018.xml","e27de6ec9cb638c66ac0b656bccfc8f782bb401590861916fc6bffb8352b5cd2","1-87d94ac6a3a8c4bf24b78fd23329b39a9eea6df0d223d962bbeb2575766396c5","0-f352e9bd7117b070f8af13df12a38fab054aa23e7396d07272daa36aca83ab22","root.record.ShipsExhibitList.P5ShipClass.CostElementCategories.Ordnance.CostElementAnalysis.P35ItemList.P35Item"
"Logistics","","","","6.288","9.552","9.738","","","","","","","2018-BASE_PROCUREMENT-2018-NAVY_SHIPBUILDINGANDCOVERSION-U_PROCUREMENT_MasterJustificationBook_Navy_PB_2018.zzz_unzipped-U_PROCUREMENT_MasterJustificationBook_Navy_PB_2018.xml","e27de6ec9cb638c66ac0b656bccfc8f782bb401590861916fc6bffb8352b5cd2","0-5c7980a7471faef62207c4dcb37e8a0d13d6798047dcedc55adc9324d354b644","1-7d87dcda16ae0f02deb41727acc6f540acd0df8b96824e5ba66101981efa9167","root.record.ShipsExhibitList.P5ShipClass.CostElementCategories.Ordnance.CostElementAnalysis.P35ItemList.P35Item"
"Software","","","0.143","0.145","0.099","0.078","","","","","","","2018-BASE_PROCUREMENT-2018-NAVY_SHIPBUILDINGANDCOVERSION-U_PROCUREMENT_MasterJustificationBook_Navy_PB_2018.zzz_unzipped-U_PROCUREMENT_MasterJustificationBook_Navy_PB_2018.xml","119a8a234210e8d816f52b47d147d9422de1a8875a3a611fd7398a69bdc2b836","0-18a73449831495e05803a9520a170a2af9ed34cd2062cbfde1e0b40633549f5b","0-f647310935cfd0af3ab6bac07860bdac4d92869282deb548fdadc4f7ce679b12","root.record.ShipsExhibitList.P5ShipClass.CostElementCategories.Ordnance.CostElementAnalysis.P35ItemList.P35Item"
"Test & Evaluation","","","0.863","0.878","0.605","0.455","","","","","","","2018-BASE_PROCUREMENT-2018-NAVY_SHIPBUILDINGANDCOVERSION-U_PROCUREMENT_MasterJustificationBook_Navy_PB_2018.zzz_unzipped-U_PROCUREMENT_MasterJustificationBook_Navy_PB_2018.xml","119a8a234210e8d816f52b47d147d9422de1a8875a3a611fd7398a69bdc2b836","1-3173d35ab4d9eb8939ec057317c57b682d0cad642b9a57eab531e2cd5f77e633","0-f647310935cfd0af3ab6bac07860bdac4d92869282deb548fdadc4f7ce679b12","root.record.ShipsExhibitList.P5ShipClass.CostElementCategories.Ordnance.CostElementAnalysis.P35ItemList.P35Item"
"Program Management","","","0.528","0.537","0.367","0.202","","","","","","","2018-BASE_PROCUREMENT-2018-NAVY_SHIPBUILDINGANDCOVERSION-U_PROCUREMENT_MasterJustificationBook_Navy_PB_2018.zzz_unzipped-U_PROCUREMENT_MasterJustificationBook_Navy_PB_2018.xml","119a8a234210e8d816f52b47d147d9422de1a8875a3a611fd7398a69bdc2b836","2-3c7754af20dd8399ad3d37e19875372a27e28e85fe0eea1e739ef8fa8ba4a104","0-f647310935cfd0af3ab6bac07860bdac4d92869282deb548fdadc4f7ce679b12","root.record.ShipsExhibitList.P5ShipClass.CostElementCategories.Ordnance.CostElementAnalysis.P35ItemList.P35Item"
"Documentation and Systems Engineering","","","","0.46","","","1.476","","","","","","2018-BASE_PROCUREMENT-2018-NAVY_SHIPBUILDINGANDCOVERSION-U_PROCUREMENT_MasterJustificationBook_Navy_PB_2018.zzz_unzipped-U_PROCUREMENT_MasterJustificationBook_Navy_PB_2018.xml","b6836e8f5cae238b72477d06bd8275a4b5f6643ffb0fbad18a73c25cb2c9b2b2","0-664b811e72131a57802e3d8f21b41959afb086e5be8b2aa4503b925860af3d9a","0-01122d97db01964035b1b411726f5a7c9c2e5950e585f8ef4cbd32e1328be750","root.record.ShipsExhibitList.P5ShipClass.CostElementCategories.Ordnance.CostElementAnalysis.P35ItemList.P35Item"
"Documentation and Systems Engineering","","","","0.121","","","0.839","","","","","","2018-BASE_PROCUREMENT-2018-NAVY_SHIPBUILDINGANDCOVERSION-U_PROCUREMENT_MasterJustificationBook_Navy_PB_2018.zzz_unzipped-U_PROCUREMENT_MasterJustificationBook_Navy_PB_2018.xml","b6836e8f5cae238b72477d06bd8275a4b5f6643ffb0fbad18a73c25cb2c9b2b2","0-42011e0fc071d1752258adb1284ff2b049f7037df81e1a11790f14b9d2d38668","2-9214725092cf3c097f569b6dacc4edf3e0fee48e2dcbf19e635503dc3f213708","root.record.ShipsExhibitList.P5ShipClass.CostElementCategories.Ordnance.CostElementAnalysis.P35ItemList.P35Item"
"Documentation and Systems Engineering","","","","0.049","","","0.261","","","","","","2018-BASE_PROCUREMENT-2018-NAVY_SHIPBUILDINGANDCOVERSION-U_PROCUREMENT_MasterJustificationBook_Navy_PB_2018.zzz_unzipped-U_PROCUREMENT_MasterJustificationBook_Navy_PB_2018.xml","b6836e8f5cae238b72477d06bd8275a4b5f6643ffb0fbad18a73c25cb2c9b2b2","0-ffa01ca19d5b071ea5ba0e3ff6b9babf68898c368f92b30d275482c2e189bbde","3-da343437b41872107dfeac669d76685ec2ea4768af67bb5b1e49623fff53c69d","root.record.ShipsExhibitList.P5ShipClass.CostElementCategories.Ordnance.CostElementAnalysis.P35ItemList.P35Item"
"Technical Support Services","","","","","","","","14.5","3.86","","","","2019-BASE_PROCUREMENT-2019-NAVY_SHIPBUILDINGANDCOVERSION-U_PROCUREMENT_JustificationBook_Navy_PB_2019.zzz_unzipped-U_PROCUREMENT_JustificationBook_Navy_PB_2019.xml","384bbcfb660b583b57aa41ac827b7a4f96349bc3d635569d38c5399e81cf111b","0-756563b037ea5a5696107a67ed8421b7ed10ae63934e4deeab009501f3f6ea74","0-63720b1caa851aca611b9a1eeebea62f37ac5af0d95d7cd4386cfc0e9335db4e","root.record.ShipsExhibitList.P5ShipClass.CostElementCategories.Ordnance.CostElementAnalysis.P35ItemList.P35Item"
"Other / NRE","","","","","","","","155.439","38.155","","","","2019-BASE_PROCUREMENT-2019-NAVY_SHIPBUILDINGANDCOVERSION-U_PROCUREMENT_JustificationBook_Navy_PB_2019.zzz_unzipped-U_PROCUREMENT_JustificationBook_Navy_PB_2019.xml","384bbcfb660b583b57aa41ac827b7a4f96349bc3d635569d38c5399e81cf111b","1-740441284bccc4daf1814afd63346c4aad6e9f5c735c7c50fbc608ec5f353c7e","0-63720b1caa851aca611b9a1eeebea62f37ac5af0d95d7cd4386cfc0e9335db4e","root.record.ShipsExhibitList.P5ShipClass.CostElementCategories.Ordnance.CostElementAnalysis.P35ItemList.P35Item"
"Technical Support Services","","","","","","","","7.177","3.381","","","","2019-BASE_PROCUREMENT-2019-NAVY_SHIPBUILDINGANDCOVERSION-U_PROCUREMENT_JustificationBook_Navy_PB_2019.zzz_unzipped-U_PROCUREMENT_JustificationBook_Navy_PB_2019.xml","384bbcfb660b583b57aa41ac827b7a4f96349bc3d635569d38c5399e81cf111b","0-c05370051f2fa7642609531cfc90fe6056779bc87272eed07d275960671dfcfa","1-5faab27b0e2696908db8fa8471079a5782c88e127b772d277c9f9d94a1658b51","root.record.ShipsExhibitList.P5ShipClass.CostElementCategories.Ordnance.CostElementAnalysis.P35ItemList.P35Item"
"Other / NRE","","","","","","","","12.94","2.88","","","","2019-BASE_PROCUREMENT-2019-NAVY_SHIPBUILDINGANDCOVERSION-U_PROCUREMENT_JustificationBook_Navy_PB_2019.zzz_unzipped-U_PROCUREMENT_JustificationBook_Navy_PB_2019.xml","384bbcfb660b583b57aa41ac827b7a4f96349bc3d635569d38c5399e81cf111b","1-ad3634d26ef7958b33f6db5ee27d9f46db52a6c5c307bdaf107279454868c1ff","1-5faab27b0e2696908db8fa8471079a5782c88e127b772d277c9f9d94a1658b51","root.record.ShipsExhibitList.P5ShipClass.CostElementCategories.Ordnance.CostElementAnalysis.P35ItemList.P35Item"
"Logistics Support","","","48.138","19.822","20.214","30.927","","","","34.708","","","2019-BASE_PROCUREMENT-2019-NAVY_SHIPBUILDINGANDCOVERSION-U_PROCUREMENT_JustificationBook_Navy_PB_2019.zzz_unzipped-U_PROCUREMENT_JustificationBook_Navy_PB_2019.xml","a1a47c8635cef5e8f1226c963ba3faf740a9814b8e16b8e7235117ff98b853fd","0-f0142a4f41a30c9519bb0a9599c7ab85d17a7c4f85ba1e56993ddacf81f00336","0-4daf214b0d31ddba8c24366d830489a782b03ea3736d9452a1b1726357854405","root.record.ShipsExhibitList.P5ShipClass.CostElementCategories.Ordnance.CostElementAnalysis.P35ItemList.P35Item"
"Combat System Integration","","","106.782","72.54","73.976","113.183","","","","69.862","","","2019-BASE_PROCUREMENT-2019-NAVY_SHIPBUILDINGANDCOVERSION-U_PROCUREMENT_JustificationBook_Navy_PB_2019.zzz_unzipped-U_PROCUREMENT_JustificationBook_Navy_PB_2019.xml","a1a47c8635cef5e8f1226c963ba3faf740a9814b8e16b8e7235117ff98b853fd","1-250bc2270fd0bb66b53eedd5341e49b6e429e1c8aff38b797d4e4d4e62d44534","0-4daf214b0d31ddba8c24366d830489a782b03ea3736d9452a1b1726357854405","root.record.ShipsExhibitList.P5ShipClass.CostElementCategories.Ordnance.CostElementAnalysis.P35ItemList.P35Item"
"Logistics","","","6.288","9.552","9.738","14.899","","","","","","","2019-BASE_PROCUREMENT-2019-NAVY_SHIPBUILDINGANDCOVERSION-U_PROCUREMENT_JustificationBook_Navy_PB_2019.zzz_unzipped-U_PROCUREMENT_JustificationBook_Navy_PB_2019.xml","a1a47c8635cef5e8f1226c963ba3faf740a9814b8e16b8e7235117ff98b853fd","0-0b59dd24f507b3c1b0ff475e21ddd8635ed7f7b0276881105853bcb7b5cd6de8","1-0593b1c025054994e4352a3f5f1e40d50341989d2a56f676bde5b293df66e036","root.record.ShipsExhibitList.P5ShipClass.CostElementCategories.Ordnance.CostElementAnalysis.P35ItemList.P35Item"
"Software","","","0.145","0.147","0.101","0.079","","","","0.143","","","2019-BASE_PROCUREMENT-2019-NAVY_SHIPBUILDINGANDCOVERSION-U_PROCUREMENT_JustificationBook_Navy_PB_2019.zzz_unzipped-U_PROCUREMENT_JustificationBook_Navy_PB_2019.xml","5152a3e67c89abc2820925748b17a30f7c8ff664b180b65af516e145f35dcb0b","0-88fbb0c617020706881fb09519dd06c4c23630c0f80fdea6a8331fd37ffebb86","0-b9113ab7d25a5d5b8c8ab282ac06af49cc964afdc081246d8daebb521cf4c698","root.record.ShipsExhibitList.P5ShipClass.CostElementCategories.Ordnance.CostElementAnalysis.P35ItemList.P35Item"
"Test & Evaluation","","","0.878","0.895","0.615","0.463","","","","0.863","","","2019-BASE_PROCUREMENT-2019-NAVY_SHIPBUILDINGANDCOVERSION-U_PROCUREMENT_JustificationBook_Navy_PB_2019.zzz_unzipped-U_PROCUREMENT_JustificationBook_Navy_PB_2019.xml","5152a3e67c89abc2820925748b17a30f7c8ff664b180b65af516e145f35dcb0b","1-28b178edb1e28c141d3276c2977396163c0a11822909f18391b31347b1fa7f16","0-b9113ab7d25a5d5b8c8ab282ac06af49cc964afdc081246d8daebb521cf4c698","root.record.ShipsExhibitList.P5ShipClass.CostElementCategories.Ordnance.CostElementAnalysis.P35ItemList.P35Item"
"Program Management","","","0.537","0.543","0.373","0.205","","","","0.528","","","2019-BASE_PROCUREMENT-2019-NAVY_SHIPBUILDINGANDCOVERSION-U_PROCUREMENT_JustificationBook_Navy_PB_2019.zzz_unzipped-U_PROCUREMENT_JustificationBook_Navy_PB_2019.xml","5152a3e67c89abc2820925748b17a30f7c8ff664b180b65af516e145f35dcb0b","2-cb4b4b83bd707db97aa92e6fb4aa60f7200d4657cbf4d5ebbcb03a2f91bbc053","0-b9113ab7d25a5d5b8c8ab282ac06af49cc964afdc081246d8daebb521cf4c698","root.record.ShipsExhibitList.P5ShipClass.CostElementCategories.Ordnance.CostElementAnalysis.P35ItemList.P35Item"
"Documentation and Systems Engineering","","","1.083","0.434","","","","","","","","","2019-BASE_PROCUREMENT-2019-NAVY_SHIPBUILDINGANDCOVERSION-U_PROCUREMENT_JustificationBook_Navy_PB_2019.zzz_unzipped-U_PROCUREMENT_JustificationBook_Navy_PB_2019.xml","169bc358bca4dfb8acf7b7efe08e701c479c593f5473f0f5b4ee6d1c0ad679db","0-4dc5d455d37650272556b506d2a0df9d831f13336f6b59fa86b7f468a53742c7","0-22b760c303f6c080b94a926c8b6b12e11775d9b8f58a3432be97397bbb37a813","root.record.ShipsExhibitList.P5ShipClass.CostElementCategories.Ordnance.CostElementAnalysis.P35ItemList.P35Item"
"Documentation and Systems Engineering","","","0.121","","","","","","","","","","2019-BASE_PROCUREMENT-2019-NAVY_SHIPBUILDINGANDCOVERSION-U_PROCUREMENT_JustificationBook_Navy_PB_2019.zzz_unzipped-U_PROCUREMENT_JustificationBook_Navy_PB_2019.xml","169bc358bca4dfb8acf7b7efe08e701c479c593f5473f0f5b4ee6d1c0ad679db","0-a6112e8b4656476c600c7c3bfd0d8ea79159c0d2c10cae0ada93f0dc8e37dcc4","2-bff105e7f707cf7b37ecb92d401fa56baf5ac0ecee8c842ca3c42f592dd29da1","root.record.ShipsExhibitList.P5ShipClass.CostElementCategories.Ordnance.CostElementAnalysis.P35ItemList.P35Item"
"Documentation and Systems Engineering","","","0.049","0.473","","","","","","","","","2019-BASE_PROCUREMENT-2019-NAVY_SHIPBUILDINGANDCOVERSION-U_PROCUREMENT_JustificationBook_Navy_PB_2019.zzz_unzipped-U_PROCUREMENT_JustificationBook_Navy_PB_2019.xml","169bc358bca4dfb8acf7b7efe08e701c479c593f5473f0f5b4ee6d1c0ad679db","0-aa7900433b777b038e0eafc2cfed902142e6b0bb4895a78700b3bce13a9836af","3-dbe418c668258a3b238c9810aac33b92c307585c6f31dc0ce452dcd116717d39","root.record.ShipsExhibitList.P5ShipClass.CostElementCategories.Ordnance.CostElementAnalysis.P35ItemList.P35Item"
"Technical Support Services","","","","","","","","14.5","3.86","","","","2019-BASE_PROCUREMENT-2019-NAVY_SHIPBUILDINGANDCOVERSION-U_PROCUREMENT_MasterJustificationBook_Navy_PB_2019.zzz_unzipped-U_PROCUREMENT_MasterJustificationBook_Navy_PB_2019.xml","eb65c52dd93ce16c20d00a7266f3d388040779562cbb7747c2c0d892437bc207","0-8dd26996286813830a5dd55a97881cc69a753f8fedf47a46abdb61b3b1280c5d","0-a15640e48e84ae31ce9a6ca95fb02dc1bb928d694d552452387f88728bae1a3a","root.record.ShipsExhibitList.P5ShipClass.CostElementCategories.Ordnance.CostElementAnalysis.P35ItemList.P35Item"
"Other / NRE","","","","","","","","155.439","38.155","","","","2019-BASE_PROCUREMENT-2019-NAVY_SHIPBUILDINGANDCOVERSION-U_PROCUREMENT_MasterJustificationBook_Navy_PB_2019.zzz_unzipped-U_PROCUREMENT_MasterJustificationBook_Navy_PB_2019.xml","eb65c52dd93ce16c20d00a7266f3d388040779562cbb7747c2c0d892437bc207","1-c90fd67b1ccce5c35d5d27834f5e2ecc0bb4c0366a0fbec82a2eb83371751f6e","0-a15640e48e84ae31ce9a6ca95fb02dc1bb928d694d552452387f88728bae1a3a","root.record.ShipsExhibitList.P5ShipClass.CostElementCategories.Ordnance.CostElementAnalysis.P35ItemList.P35Item"
"Technical Support Services","","","","","","","","7.177","3.381","","","","2019-BASE_PROCUREMENT-2019-NAVY_SHIPBUILDINGANDCOVERSION-U_PROCUREMENT_MasterJustificationBook_Navy_PB_2019.zzz_unzipped-U_PROCUREMENT_MasterJustificationBook_Navy_PB_2019.xml","eb65c52dd93ce16c20d00a7266f3d388040779562cbb7747c2c0d892437bc207","0-c647f57cb9370d03efd10a3f752e14b7c13bb07cd10a671894d1494903a0dd64","1-eb227623a07079d7a330d3fec71feffb46826089f828698d4ecbd514dd2b9033","root.record.ShipsExhibitList.P5ShipClass.CostElementCategories.Ordnance.CostElementAnalysis.P35ItemList.P35Item"
"Other / NRE","","","","","","","","12.94","2.88","","","","2019-BASE_PROCUREMENT-2019-NAVY_SHIPBUILDINGANDCOVERSION-U_PROCUREMENT_MasterJustificationBook_Navy_PB_2019.zzz_unzipped-U_PROCUREMENT_MasterJustificationBook_Navy_PB_2019.xml","eb65c52dd93ce16c20d00a7266f3d388040779562cbb7747c2c0d892437bc207","1-28d3ee10ed5bbe8d5d252f88ec98dbe997159c2ae3549d03544fa00fab61d79c","1-eb227623a07079d7a330d3fec71feffb46826089f828698d4ecbd514dd2b9033","root.record.ShipsExhibitList.P5ShipClass.CostElementCategories.Ordnance.CostElementAnalysis.P35ItemList.P35Item"
"Logistics Support","","","48.138","19.822","20.214","30.927","","","","34.708","","","2019-BASE_PROCUREMENT-2019-NAVY_SHIPBUILDINGANDCOVERSION-U_PROCUREMENT_MasterJustificationBook_Navy_PB_2019.zzz_unzipped-U_PROCUREMENT_MasterJustificationBook_Navy_PB_2019.xml","7ccb09e5aa0dcd2ff656bb6257f40762290470295a3462fc198202ddc187b82f","0-6e24d7ac8e9034c2cdfa2e5c7eb52929d252a5b803892147950958b0e006f7bc","0-b7843842aedea7a7c1e3c7b4d3530a7a0f90b8d469089d012b7a894b5ee7297d","root.record.ShipsExhibitList.P5ShipClass.CostElementCategories.Ordnance.CostElementAnalysis.P35ItemList.P35Item"
"Combat System Integration","","","106.782","72.54","73.976","113.183","","","","69.862","","","2019-BASE_PROCUREMENT-2019-NAVY_SHIPBUILDINGANDCOVERSION-U_PROCUREMENT_MasterJustificationBook_Navy_PB_2019.zzz_unzipped-U_PROCUREMENT_MasterJustificationBook_Navy_PB_2019.xml","7ccb09e5aa0dcd2ff656bb6257f40762290470295a3462fc198202ddc187b82f","1-8735e7a7c889029a40acaa0faf437bfcd237f641aa0b32f1c536d8fc94355cff","0-b7843842aedea7a7c1e3c7b4d3530a7a0f90b8d469089d012b7a894b5ee7297d","root.record.ShipsExhibitList.P5ShipClass.CostElementCategories.Ordnance.CostElementAnalysis.P35ItemList.P35Item"
"Logistics","","","6.288","9.552","9.738","14.899","","","","","","","2019-BASE_PROCUREMENT-2019-NAVY_SHIPBUILDINGANDCOVERSION-U_PROCUREMENT_MasterJustificationBook_Navy_PB_2019.zzz_unzipped-U_PROCUREMENT_MasterJustificationBook_Navy_PB_2019.xml","7ccb09e5aa0dcd2ff656bb6257f40762290470295a3462fc198202ddc187b82f","0-534db0b6d5d583a885e4bd2f5e060ababed0dbc1de4d8f5731dd718ceb92f4f9","1-2be15f0c52865bf7b5fb37a8da7330d32d6250446855f416ca029139898a7a4c","root.record.ShipsExhibitList.P5ShipClass.CostElementCategories.Ordnance.CostElementAnalysis.P35ItemList.P35Item"
"Software","","","0.145","0.147","0.101","0.079","","","","0.143","","","2019-BASE_PROCUREMENT-2019-NAVY_SHIPBUILDINGANDCOVERSION-U_PROCUREMENT_MasterJustificationBook_Navy_PB_2019.zzz_unzipped-U_PROCUREMENT_MasterJustificationBook_Navy_PB_2019.xml","8d346b790189bfc9a641dace4de6f22c2edf1c141b63425557194b004b65ee77","0-2d95d7dcfc7bf8073c3372e56fe75b52b28286bfea3dd50536f467e19da561a7","0-1905baa3ff94f041fe691a5928bd916d2ee86740b019bdf8f8ef0cb7add21978","root.record.ShipsExhibitList.P5ShipClass.CostElementCategories.Ordnance.CostElementAnalysis.P35ItemList.P35Item"
"Test & Evaluation","","","0.878","0.895","0.615","0.463","","","","0.863","","","2019-BASE_PROCUREMENT-2019-NAVY_SHIPBUILDINGANDCOVERSION-U_PROCUREMENT_MasterJustificationBook_Navy_PB_2019.zzz_unzipped-U_PROCUREMENT_MasterJustificationBook_Navy_PB_2019.xml","8d346b790189bfc9a641dace4de6f22c2edf1c141b63425557194b004b65ee77","1-369f0fb4bbd00d6a9ecea2f61f4bc4d7996003b6fdcd5059fc15d5b320aba398","0-1905baa3ff94f041fe691a5928bd916d2ee86740b019bdf8f8ef0cb7add21978","root.record.ShipsExhibitList.P5ShipClass.CostElementCategories.Ordnance.CostElementAnalysis.P35ItemList.P35Item"
"Program Management","","","0.537","0.543","0.373","0.205","","","","0.528","","","2019-BASE_PROCUREMENT-2019-NAVY_SHIPBUILDINGANDCOVERSION-U_PROCUREMENT_MasterJustificationBook_Navy_PB_2019.zzz_unzipped-U_PROCUREMENT_MasterJustificationBook_Navy_PB_2019.xml","8d346b790189bfc9a641dace4de6f22c2edf1c141b63425557194b004b65ee77","2-90c7fab6e167303e6b9d7124bdedd458887b8c5eff5575e9dff7f289f63d1d62","0-1905baa3ff94f041fe691a5928bd916d2ee86740b019bdf8f8ef0cb7add21978","root.record.ShipsExhibitList.P5ShipClass.CostElementCategories.Ordnance.CostElementAnalysis.P35ItemList.P35Item"
"Documentation and Systems Engineering","","","1.083","0.434","","","","","","","","","2019-BASE_PROCUREMENT-2019-NAVY_SHIPBUILDINGANDCOVERSION-U_PROCUREMENT_MasterJustificationBook_Navy_PB_2019.zzz_unzipped-U_PROCUREMENT_MasterJustificationBook_Navy_PB_2019.xml","14191acf83148e2c874d70c0ea032878d423d04892e841aeca18c4529a27d12b","0-502872b2f7dd82d2c65a4299faf9383909840e70b4d72c4f71ccc40c1e8a305a","0-dac38ccb23c5bc803bb993c7d5b790cad3f5bc1aa4e04275674558d10190453f","root.record.ShipsExhibitList.P5ShipClass.CostElementCategories.Ordnance.CostElementAnalysis.P35ItemList.P35Item"
"Documentation and Systems Engineering","","","0.121","","","","","","","","","","2019-BASE_PROCUREMENT-2019-NAVY_SHIPBUILDINGANDCOVERSION-U_PROCUREMENT_MasterJustificationBook_Navy_PB_2019.zzz_unzipped-U_PROCUREMENT_MasterJustificationBook_Navy_PB_2019.xml","14191acf83148e2c874d70c0ea032878d423d04892e841aeca18c4529a27d12b","0-8b4bf7fe4b883d9963c8e60cee783765707551f37b2e49c42742a43edff7ce08","2-1c2ce2b898580ccf294288610ce766a731dd6e3bdd81cb1fed236050eb47a55d","root.record.ShipsExhibitList.P5ShipClass.CostElementCategories.Ordnance.CostElementAnalysis.P35ItemList.P35Item"
"Documentation and Systems Engineering","","","0.049","0.473","","","","","","","","","2019-BASE_PROCUREMENT-2019-NAVY_SHIPBUILDINGANDCOVERSION-U_PROCUREMENT_MasterJustificationBook_Navy_PB_2019.zzz_unzipped-U_PROCUREMENT_MasterJustificationBook_Navy_PB_2019.xml","14191acf83148e2c874d70c0ea032878d423d04892e841aeca18c4529a27d12b","0-28debfc9c338e3aa169fe52119093d389340a34ad0ef0570e748268090f00996","3-ebbdeae98cdb08cbaa8db36be69e23453159fc361e6ecb4d9de62b20afb632f9","root.record.ShipsExhibitList.P5ShipClass.CostElementCategories.Ordnance.CostElementAnalysis.P35ItemList.P35Item"
"Documentation and Systems Engineering","","","0.434","","","","","","","1.083","","","2020-BASE_PROCUREMENT-2020-NAVY_SHIPBUILDINGANDCOVERSION-U_PROCUREMENT_JustificationBook_Navy_PB_2020.zzz_unzipped-U_PROCUREMENT_JustificationBook_Navy_PB_2020.xml","61c75f4854ca92250e7faa2931112113ac0649a293e0256c0de12704ee4d411a","0-b9c604750030791b5395ef955e831290c107297be27e8c0ff0ff6378c18a1899","0-7ef1065d1602227b2e6e336b9e90e01dcfd4d77fdd84b196b8b9fbba20b2e537","root.record.ShipsExhibitList.P5ShipClass.CostElementCategories.Ordnance.CostElementAnalysis.P35ItemList.P35Item"
"Documentation and Systems Engineering","","","","","","","","","","0.121","","","2020-BASE_PROCUREMENT-2020-NAVY_SHIPBUILDINGANDCOVERSION-U_PROCUREMENT_JustificationBook_Navy_PB_2020.zzz_unzipped-U_PROCUREMENT_JustificationBook_Navy_PB_2020.xml","61c75f4854ca92250e7faa2931112113ac0649a293e0256c0de12704ee4d411a","0-74e6552b6608cd3593b825cc1bf9d715b47826166809980708e190c556a6b167","2-e8f635f49a94afed3a99aabffa6b735c8d7230ecd1098a454d95e760e2ecf82f","root.record.ShipsExhibitList.P5ShipClass.CostElementCategories.Ordnance.CostElementAnalysis.P35ItemList.P35Item"
"Documentation and Systems Engineering","","","0.473","","","","","","","0.049","","","2020-BASE_PROCUREMENT-2020-NAVY_SHIPBUILDINGANDCOVERSION-U_PROCUREMENT_JustificationBook_Navy_PB_2020.zzz_unzipped-U_PROCUREMENT_JustificationBook_Navy_PB_2020.xml","61c75f4854ca92250e7faa2931112113ac0649a293e0256c0de12704ee4d411a","0-0b2707d00296351e9bf2d11881612b9aa728b1d801c51191a7b136a23b5bb6af","3-2e2dde4a9e9529e33a8076fe9e98d253867b1fb8b47061c2a4de0d1ace1e2ed5","root.record.ShipsExhibitList.P5ShipClass.CostElementCategories.Ordnance.CostElementAnalysis.P35ItemList.P35Item"
"Documentation and Systems Engineering","","","1.402","","","","","","","","","","2020-BASE_PROCUREMENT-2020-NAVY_SHIPBUILDINGANDCOVERSION-U_PROCUREMENT_JustificationBook_Navy_PB_2020.zzz_unzipped-U_PROCUREMENT_JustificationBook_Navy_PB_2020.xml","61c75f4854ca92250e7faa2931112113ac0649a293e0256c0de12704ee4d411a","0-c977a719c0ffe46d8245abc2226cb4aa816b17280cdb6c4cc42aeee39e69fdce","4-ec822bf18ff2cefea8442e1dfff637908c7e8865802673cf5d0262b7bf86542e","root.record.ShipsExhibitList.P5ShipClass.CostElementCategories.Ordnance.CostElementAnalysis.P35ItemList.P35Item"
"Technical Support Services","3.86","","","","","","","","","","14.5","","2020-BASE_PROCUREMENT-2020-NAVY_SHIPBUILDINGANDCOVERSION-U_PROCUREMENT_JustificationBook_Navy_PB_2020.zzz_unzipped-U_PROCUREMENT_JustificationBook_Navy_PB_2020.xml","8644d6cf0ff072d3154c0109223402de2d9d8f52cc878b156fc73009c9601119","0-294ab832ed98d6c16a92aa71800a7c4bdeb85651ecf459eff2ef42dc9412c1de","0-95cce64eef4e2fc94f68055769e781f2e5b44e7bae920a305a4e4e0b4adbe9e2","root.record.ShipsExhibitList.P5ShipClass.CostElementCategories.Ordnance.CostElementAnalysis.P35ItemList.P35Item"
"Other / NRE","37.989","","","","","","","","","","145.557","","2020-BASE_PROCUREMENT-2020-NAVY_SHIPBUILDINGANDCOVERSION-U_PROCUREMENT_JustificationBook_Navy_PB_2020.zzz_unzipped-U_PROCUREMENT_JustificationBook_Navy_PB_2020.xml","8644d6cf0ff072d3154c0109223402de2d9d8f52cc878b156fc73009c9601119","1-d56301e153968b5ab3ba49036c0a7a1911f7d7628fa7f892a1b74325a20487e1","0-95cce64eef4e2fc94f68055769e781f2e5b44e7bae920a305a4e4e0b4adbe9e2","root.record.ShipsExhibitList.P5ShipClass.CostElementCategories.Ordnance.CostElementAnalysis.P35ItemList.P35Item"
"Technical Support Services","3.381","","","","","","","","","","7.177","","2020-BASE_PROCUREMENT-2020-NAVY_SHIPBUILDINGANDCOVERSION-U_PROCUREMENT_JustificationBook_Navy_PB_2020.zzz_unzipped-U_PROCUREMENT_JustificationBook_Navy_PB_2020.xml","8644d6cf0ff072d3154c0109223402de2d9d8f52cc878b156fc73009c9601119","0-c5db1df22a48f5039798858e78592b1228fdb65fc74367d57e2f196576a9a60c","1-6f72943e99e554853d1b06d8effafecfd5c16dbafb787609bfa82936e4fdf48a","root.record.ShipsExhibitList.P5ShipClass.CostElementCategories.Ordnance.CostElementAnalysis.P35ItemList.P35Item"
"Other / NRE","2.88","","","","","","","","","","12.94","","2020-BASE_PROCUREMENT-2020-NAVY_SHIPBUILDINGANDCOVERSION-U_PROCUREMENT_JustificationBook_Navy_PB_2020.zzz_unzipped-U_PROCUREMENT_JustificationBook_Navy_PB_2020.xml","8644d6cf0ff072d3154c0109223402de2d9d8f52cc878b156fc73009c9601119","1-d8123bbca6e50c8b19d42961ed09fcb790aa7885c3a0943aac6e12c3584adedf","1-6f72943e99e554853d1b06d8effafecfd5c16dbafb787609bfa82936e4fdf48a","root.record.ShipsExhibitList.P5ShipClass.CostElementCategories.Ordnance.CostElementAnalysis.P35ItemList.P35Item"
"Logistics Support","","","19.822","20.214","30.927","31.546","","","","48.138","","34.708","2020-BASE_PROCUREMENT-2020-NAVY_SHIPBUILDINGANDCOVERSION-U_PROCUREMENT_JustificationBook_Navy_PB_2020.zzz_unzipped-U_PROCUREMENT_JustificationBook_Navy_PB_2020.xml","f88449ebd51dedd31a2638fdba5e14252aa210ecf7ac5ea8d1c24b9a55389b12","0-86028a0eca9d0d9ff81372f4a52b389e1b9d9cebd0383edf8d458f1d5c6a6224","0-6d96dbc78a407538d72775b73eb4a84fb64c6231d497658277fbe07ddc8626e4","root.record.ShipsExhibitList.P5ShipClass.CostElementCategories.Ordnance.CostElementAnalysis.P35ItemList.P35Item"
"Combat System Integration","","","72.54","73.976","113.183","115.447","","","","106.782","","69.862","2020-BASE_PROCUREMENT-2020-NAVY_SHIPBUILDINGANDCOVERSION-U_PROCUREMENT_JustificationBook_Navy_PB_2020.zzz_unzipped-U_PROCUREMENT_JustificationBook_Navy_PB_2020.xml","f88449ebd51dedd31a2638fdba5e14252aa210ecf7ac5ea8d1c24b9a55389b12","1-d0454a36ec26cb3d45b338ae5eb352ceb9dbad4b37403433689cf0b5c866bb92","0-6d96dbc78a407538d72775b73eb4a84fb64c6231d497658277fbe07ddc8626e4","root.record.ShipsExhibitList.P5ShipClass.CostElementCategories.Ordnance.CostElementAnalysis.P35ItemList.P35Item"
"Logistics","","","9.552","9.738","14.899","15.196","","","","6.288","","","2020-BASE_PROCUREMENT-2020-NAVY_SHIPBUILDINGANDCOVERSION-U_PROCUREMENT_JustificationBook_Navy_PB_2020.zzz_unzipped-U_PROCUREMENT_JustificationBook_Navy_PB_2020.xml","f88449ebd51dedd31a2638fdba5e14252aa210ecf7ac5ea8d1c24b9a55389b12","0-d5ec025bc44b0f7b434916cebfa674fc0e638a6b82ae1878b8cbbb6ffba55eb7","1-bbac3633468837c1ae367cb04f1cd128858cb470d31d7c3de6696f7431b474d8","root.record.ShipsExhibitList.P5ShipClass.CostElementCategories.Ordnance.CostElementAnalysis.P35ItemList.P35Item"
"Software","","","0.147","0.15","0.153","","","","","0.145","","0.143","2020-BASE_PROCUREMENT-2020-NAVY_SHIPBUILDINGANDCOVERSION-U_PROCUREMENT_JustificationBook_Navy_PB_2020.zzz_unzipped-U_PROCUREMENT_JustificationBook_Navy_PB_2020.xml","3a50af76787ade8e6e39ac7fb379b076ab9a8df59659f988b8b17ea8a6e28f09","0-5b872d7a5d4e003fbe481fa5a1dbf4a3f3c3a2e4e3d5f44ee9b84c39ec262660","0-7ffab92b8448bb8428316b5569dac41e018068a539c0046080c8fa3e81d5040d","root.record.ShipsExhibitList.P5ShipClass.CostElementCategories.Ordnance.CostElementAnalysis.P35ItemList.P35Item"
"Test & Evaluation","","","0.895","0.91","0.925","","","","","0.878","","0.863","2020-BASE_PROCUREMENT-2020-NAVY_SHIPBUILDINGANDCOVERSION-U_PROCUREMENT_JustificationBook_Navy_PB_2020.zzz_unzipped-U_PROCUREMENT_JustificationBook_Navy_PB_2020.xml","3a50af76787ade8e6e39ac7fb379b076ab9a8df59659f988b8b17ea8a6e28f09","1-6c15ddeecde41e49d7272534ebe7507e07525e30dca948e4f1b93660d04eacad","0-7ffab92b8448bb8428316b5569dac41e018068a539c0046080c8fa3e81d5040d","root.record.ShipsExhibitList.P5ShipClass.CostElementCategories.Ordnance.CostElementAnalysis.P35ItemList.P35Item"
"Program Management","","","0.543","0.552","0.561","","","","","0.537","","0.528","2020-BASE_PROCUREMENT-2020-NAVY_SHIPBUILDINGANDCOVERSION-U_PROCUREMENT_JustificationBook_Navy_PB_2020.zzz_unzipped-U_PROCUREMENT_JustificationBook_Navy_PB_2020.xml","3a50af76787ade8e6e39ac7fb379b076ab9a8df59659f988b8b17ea8a6e28f09","2-f07bb5aca8e13d53c5794cd1a7a17e573935eabd2940f699fff783576d9fe832","0-7ffab92b8448bb8428316b5569dac41e018068a539c0046080c8fa3e81d5040d","root.record.ShipsExhibitList.P5ShipClass.CostElementCategories.Ordnance.CostElementAnalysis.P35ItemList.P35Item"
"Documentation and Systems Engineering","","","","1.125","","","","","","","","","2020-BASE_PROCUREMENT-2020-NAVY_SHIPBUILDINGANDCOVERSION-U_PROCUREMENT_JustificationBook_Navy_PB_2020.zzz_unzipped-U_PROCUREMENT_JustificationBook_Navy_PB_2020.xml","9c168386c667ef3d36f81563d2d4cc8667e0a613f9f857e619b298d98031ffd5","0-14e0af495e5a5f278c4c8eb4181f353aa5327b06de62b7b96ae8810d5e07f6b1","0-5031a8a759c6c379a3a705e353611d43fc25da605f9759446ccb92a8a00b7e74","root.record.ShipsExhibitList.P5ShipClass.CostElementCategories.Ordnance.CostElementAnalysis.P35ItemList.P35Item"
"Documentation and Systems Engineering","","","","0.5","","","","","","","","","2020-BASE_PROCUREMENT-2020-NAVY_SHIPBUILDINGANDCOVERSION-U_PROCUREMENT_JustificationBook_Navy_PB_2020.zzz_unzipped-U_PROCUREMENT_JustificationBook_Navy_PB_2020.xml","9c168386c667ef3d36f81563d2d4cc8667e0a613f9f857e619b298d98031ffd5","0-33db6573046388e3b7efbfab9d1fae44973c41ccfc99224386a924a40885e109","2-0348837e71486931adafbd6daf6f4b0caca709d17326b4038dc1d66a70dbe604","root.record.ShipsExhibitList.P5ShipClass.CostElementCategories.Ordnance.CostElementAnalysis.P35ItemList.P35Item"
"Documentation and Systems Engineering","","","","1.28","","","","","","","","","2020-BASE_PROCUREMENT-2020-NAVY_SHIPBUILDINGANDCOVERSION-U_PROCUREMENT_JustificationBook_Navy_PB_2020.zzz_unzipped-U_PROCUREMENT_JustificationBook_Navy_PB_2020.xml","9c168386c667ef3d36f81563d2d4cc8667e0a613f9f857e619b298d98031ffd5","0-4cbf6bc6a382cabc869165d19ba1e71087ad1b6a75270d3aec952bd7dcef4cdf","3-44e9d71abd49615126059b14ca2b1a639f5a5fb7fe861dacc1c17ae5cdd935c1","root.record.ShipsExhibitList.P5ShipClass.CostElementCategories.Ordnance.CostElementAnalysis.P35ItemList.P35Item"
"Documentation and Systems Engineering","","","0.434","","","","","","","1.083","","","2020-BASE_PROCUREMENT-2020-NAVY_SHIPBUILDINGANDCOVERSION-U_PROCUREMENT_MasterJustificationBook_Navy_PB_2020.zzz_unzipped-U_PROCUREMENT_MasterJustificationBook_Navy_PB_2020.xml","e131c0f9c0cddd147c5f2a5af285d5a65223c9ab0a8e83cb610b0d4ae369c030","0-9bc0997edd4e4c0a6d5ed56828404570f793c90c4cf92cf3cb255582691e05dc","0-0a128880f2543bdbe1a3e56a8f982d73544c34b62b3ec7196ce562325d1247d6","root.record.ShipsExhibitList.P5ShipClass.CostElementCategories.Ordnance.CostElementAnalysis.P35ItemList.P35Item"
"Documentation and Systems Engineering","","","","","","","","","","0.121","","","2020-BASE_PROCUREMENT-2020-NAVY_SHIPBUILDINGANDCOVERSION-U_PROCUREMENT_MasterJustificationBook_Navy_PB_2020.zzz_unzipped-U_PROCUREMENT_MasterJustificationBook_Navy_PB_2020.xml","e131c0f9c0cddd147c5f2a5af285d5a65223c9ab0a8e83cb610b0d4ae369c030","0-f05e7d4aa38bcdf93a1c79eaa666f981511b1cf034ae03a951da6b1deba0f709","2-b6d8fc85b810a599ea6be421735c1553f46fb86677161a85a0faf5ed37dcd6ae","root.record.ShipsExhibitList.P5ShipClass.CostElementCategories.Ordnance.CostElementAnalysis.P35ItemList.P35Item"
"Documentation and Systems Engineering","","","0.473","","","","","","","0.049","","","2020-BASE_PROCUREMENT-2020-NAVY_SHIPBUILDINGANDCOVERSION-U_PROCUREMENT_MasterJustificationBook_Navy_PB_2020.zzz_unzipped-U_PROCUREMENT_MasterJustificationBook_Navy_PB_2020.xml","e131c0f9c0cddd147c5f2a5af285d5a65223c9ab0a8e83cb610b0d4ae369c030","0-f86f295f5612596c895f91fb746ca94c1a75f92a71b6c80ec06ddceb220564d0","3-17c5f43344a96b3d6659c0499730a776b4d10402eb1d9652f1abedc6288a1046","root.record.ShipsExhibitList.P5ShipClass.CostElementCategories.Ordnance.CostElementAnalysis.P35ItemList.P35Item"
"Documentation and Systems Engineering","","","1.402","","","","","","","","","","2020-BASE_PROCUREMENT-2020-NAVY_SHIPBUILDINGANDCOVERSION-U_PROCUREMENT_MasterJustificationBook_Navy_PB_2020.zzz_unzipped-U_PROCUREMENT_MasterJustificationBook_Navy_PB_2020.xml","e131c0f9c0cddd147c5f2a5af285d5a65223c9ab0a8e83cb610b0d4ae369c030","0-777d028817be918b4db70ff9d0e7b961d5313a3e145c5a52845b91875cd92d43","4-b43f4d58826130f6fb932810a83a422452007d955355819ddb121327ce771f74","root.record.ShipsExhibitList.P5ShipClass.CostElementCategories.Ordnance.CostElementAnalysis.P35ItemList.P35Item"
"Technical Support Services","3.86","","","","","","","","","","14.5","","2020-BASE_PROCUREMENT-2020-NAVY_SHIPBUILDINGANDCOVERSION-U_PROCUREMENT_MasterJustificationBook_Navy_PB_2020.zzz_unzipped-U_PROCUREMENT_MasterJustificationBook_Navy_PB_2020.xml","fa505ec92f383fcc1ed15c617e66a7a22b7d4afe96a0183b867c4406bbfec040","0-1a28e49cf5b818df182ae0563253e78d59263c0e599f5bd9f54ae823dec7ca1a","0-2a3f0625cf268cbaa0fbab7a1aac892b01dbf0d9828dfdcb38c01cdeed5b1f15","root.record.ShipsExhibitList.P5ShipClass.CostElementCategories.Ordnance.CostElementAnalysis.P35ItemList.P35Item"
"Other / NRE","37.989","","","","","","","","","","145.557","","2020-BASE_PROCUREMENT-2020-NAVY_SHIPBUILDINGANDCOVERSION-U_PROCUREMENT_MasterJustificationBook_Navy_PB_2020.zzz_unzipped-U_PROCUREMENT_MasterJustificationBook_Navy_PB_2020.xml","fa505ec92f383fcc1ed15c617e66a7a22b7d4afe96a0183b867c4406bbfec040","1-06e7c55de0e0e385e87543da113f064247aee59f63f7f92ce015da610b4c3e7c","0-2a3f0625cf268cbaa0fbab7a1aac892b01dbf0d9828dfdcb38c01cdeed5b1f15","root.record.ShipsExhibitList.P5ShipClass.CostElementCategories.Ordnance.CostElementAnalysis.P35ItemList.P35Item"
"Technical Support Services","3.381","","","","","","","","","","7.177","","2020-BASE_PROCUREMENT-2020-NAVY_SHIPBUILDINGANDCOVERSION-U_PROCUREMENT_MasterJustificationBook_Navy_PB_2020.zzz_unzipped-U_PROCUREMENT_MasterJustificationBook_Navy_PB_2020.xml","fa505ec92f383fcc1ed15c617e66a7a22b7d4afe96a0183b867c4406bbfec040","0-406ebeb16f371e0d203ed7355db360cb46daef03c4fa66ff5bfe618b08fcb69e","1-5b8555ba0c7a8f6949d3faf0aafc317f51f97a885ccd4e588b29bf1b84c62f54","root.record.ShipsExhibitList.P5ShipClass.CostElementCategories.Ordnance.CostElementAnalysis.P35ItemList.P35Item"
"Other / NRE","2.88","","","","","","","","","","12.94","","2020-BASE_PROCUREMENT-2020-NAVY_SHIPBUILDINGANDCOVERSION-U_PROCUREMENT_MasterJustificationBook_Navy_PB_2020.zzz_unzipped-U_PROCUREMENT_MasterJustificationBook_Navy_PB_2020.xml","fa505ec92f383fcc1ed15c617e66a7a22b7d4afe96a0183b867c4406bbfec040","1-2ce9aa2d76e236dd1795a460546d82c98846b18c2dc1da7d18063b8759021c8a","1-5b8555ba0c7a8f6949d3faf0aafc317f51f97a885ccd4e588b29bf1b84c62f54","root.record.ShipsExhibitList.P5ShipClass.CostElementCategories.Ordnance.CostElementAnalysis.P35ItemList.P35Item"
"Logistics Support","","","19.822","20.214","30.927","31.546","","","","48.138","","34.708","2020-BASE_PROCUREMENT-2020-NAVY_SHIPBUILDINGANDCOVERSION-U_PROCUREMENT_MasterJustificationBook_Navy_PB_2020.zzz_unzipped-U_PROCUREMENT_MasterJustificationBook_Navy_PB_2020.xml","5f09bad83be8d9935dfb8fbbbac4473f946bb03e639a64a10be47789f49d0473","0-4f0182d252314a13010449a7dd8781089a5a44938ffeb6e044064cb0df35621d","0-c6434ff388aefa6655aa7747d28d6b1de4fc3ba0ca28c6fae1718308a4c0362f","root.record.ShipsExhibitList.P5ShipClass.CostElementCategories.Ordnance.CostElementAnalysis.P35ItemList.P35Item"
"Combat System Integration","","","72.54","73.976","113.183","115.447","","","","106.782","","69.862","2020-BASE_PROCUREMENT-2020-NAVY_SHIPBUILDINGANDCOVERSION-U_PROCUREMENT_MasterJustificationBook_Navy_PB_2020.zzz_unzipped-U_PROCUREMENT_MasterJustificationBook_Navy_PB_2020.xml","5f09bad83be8d9935dfb8fbbbac4473f946bb03e639a64a10be47789f49d0473","1-43d0cb160d131a98ac1752dc0ea4c858ccec081028963716c275b44b7687b3c6","0-c6434ff388aefa6655aa7747d28d6b1de4fc3ba0ca28c6fae1718308a4c0362f","root.record.ShipsExhibitList.P5ShipClass.CostElementCategories.Ordnance.CostElementAnalysis.P35ItemList.P35Item"
"Logistics","","","9.552","9.738","14.899","15.196","","","","6.288","","","2020-BASE_PROCUREMENT-2020-NAVY_SHIPBUILDINGANDCOVERSION-U_PROCUREMENT_MasterJustificationBook_Navy_PB_2020.zzz_unzipped-U_PROCUREMENT_MasterJustificationBook_Navy_PB_2020.xml","5f09bad83be8d9935dfb8fbbbac4473f946bb03e639a64a10be47789f49d0473","0-51b791f7129af588f199209c72c86e2556b0b9525eec9ba9e90e506c398209a7","1-808fa42ad00f3e800a6eb3ca81d76755fa46ae5876b936c8e454192ff6b5c2aa","root.record.ShipsExhibitList.P5ShipClass.CostElementCategories.Ordnance.CostElementAnalysis.P35ItemList.P35Item"
"Software","","","0.147","0.15","0.153","","","","","0.145","","0.143","2020-BASE_PROCUREMENT-2020-NAVY_SHIPBUILDINGANDCOVERSION-U_PROCUREMENT_MasterJustificationBook_Navy_PB_2020.zzz_unzipped-U_PROCUREMENT_MasterJustificationBook_Navy_PB_2020.xml","aebdbec1d331d8cce6700e4da30a9b9bafcaa6b164c2778bde2d9687c6875bbf","0-da0f666c17303165e11c1c1aca5dd9483996dd9d7d79a0f360a940fcc13a7994","0-adedea9fb86aa9a91fd5f96ee224e7474851dd65810f4875dd88ea071ac2424c","root.record.ShipsExhibitList.P5ShipClass.CostElementCategories.Ordnance.CostElementAnalysis.P35ItemList.P35Item"
"Test & Evaluation","","","0.895","0.91","0.925","","","","","0.878","","0.863","2020-BASE_PROCUREMENT-2020-NAVY_SHIPBUILDINGANDCOVERSION-U_PROCUREMENT_MasterJustificationBook_Navy_PB_2020.zzz_unzipped-U_PROCUREMENT_MasterJustificationBook_Navy_PB_2020.xml","aebdbec1d331d8cce6700e4da30a9b9bafcaa6b164c2778bde2d9687c6875bbf","1-c6bf6cce23ace27402e7a901715ff4574a3cc3c335b43da111e682122f16d5e9","0-adedea9fb86aa9a91fd5f96ee224e7474851dd65810f4875dd88ea071ac2424c","root.record.ShipsExhibitList.P5ShipClass.CostElementCategories.Ordnance.CostElementAnalysis.P35ItemList.P35Item"
"Program Management","","","0.543","0.552","0.561","","","","","0.537","","0.528","2020-BASE_PROCUREMENT-2020-NAVY_SHIPBUILDINGANDCOVERSION-U_PROCUREMENT_MasterJustificationBook_Navy_PB_2020.zzz_unzipped-U_PROCUREMENT_MasterJustificationBook_Navy_PB_2020.xml","aebdbec1d331d8cce6700e4da30a9b9bafcaa6b164c2778bde2d9687c6875bbf","2-c30988ad0eeeac85fe39e5baafd3cac64eea964df228ecf33f103fe810136e85","0-adedea9fb86aa9a91fd5f96ee224e7474851dd65810f4875dd88ea071ac2424c","root.record.ShipsExhibitList.P5ShipClass.CostElementCategories.Ordnance.CostElementAnalysis.P35ItemList.P35Item"
"Documentation and Systems Engineering","","","","1.125","","","","","","","","","2020-BASE_PROCUREMENT-2020-NAVY_SHIPBUILDINGANDCOVERSION-U_PROCUREMENT_MasterJustificationBook_Navy_PB_2020.zzz_unzipped-U_PROCUREMENT_MasterJustificationBook_Navy_PB_2020.xml","fede88ab6e4790d85bb219ffaa3eb2a124927ee5b9d8867aa75a8d6481dc6908","0-14c0c61d290d1091187645f2274b7d508e104b0dd892190bccd504beb3c68d1b","0-ada65223dfe38d9d7014cf22f66bab510a5c4c4d19b8e22cb3971ffafa1c12b1","root.record.ShipsExhibitList.P5ShipClass.CostElementCategories.Ordnance.CostElementAnalysis.P35ItemList.P35Item"
"Documentation and Systems Engineering","","","","0.5","","","","","","","","","2020-BASE_PROCUREMENT-2020-NAVY_SHIPBUILDINGANDCOVERSION-U_PROCUREMENT_MasterJustificationBook_Navy_PB_2020.zzz_unzipped-U_PROCUREMENT_MasterJustificationBook_Navy_PB_2020.xml","fede88ab6e4790d85bb219ffaa3eb2a124927ee5b9d8867aa75a8d6481dc6908","0-a56d97422b8e946860dab1342bdb36be07625b2c8a04bf2c4229268eae1e0e3c","2-c2c1227af2995d643dba1d9498506cd05e5f363a7b23f2b06eff933e633f8e5e","root.record.ShipsExhibitList.P5ShipClass.CostElementCategories.Ordnance.CostElementAnalysis.P35ItemList.P35Item"
"Documentation and Systems Engineering","","","","1.28","","","","","","","","","2020-BASE_PROCUREMENT-2020-NAVY_SHIPBUILDINGANDCOVERSION-U_PROCUREMENT_MasterJustificationBook_Navy_PB_2020.zzz_unzipped-U_PROCUREMENT_MasterJustificationBook_Navy_PB_2020.xml","fede88ab6e4790d85bb219ffaa3eb2a124927ee5b9d8867aa75a8d6481dc6908","0-f717918b0ef95b99944e39c300dc92cd1c78f77520a546c4eab8c23dcdba87a1","3-42ac27fa690c8e7fe9860ae500a5aa999464b018799433b7c4dcc5e225578766","root.record.ShipsExhibitList.P5ShipClass.CostElementCategories.Ordnance.CostElementAnalysis.P35ItemList.P35Item"
