Name_val,Cost_TotalCost_PriorYear_val,Cost_TotalCost_CurrentYear_val,Cost_TotalCost_BudgetYearOneBase_val,Cost_TotalCost_BudgetYearOne_val,Cost_TotalCost_BudgetYearTwo_val,Cost_TotalCost_BudgetYearThree_val,Cost_TotalCost_BudgetYearFour_val,Cost_TotalCost_BudgetYearFive_val,Cost_TotalCost_BudgetYearOneOCO_val,@SOURCE_FILENAME,@RECORDID,@ROWID,@PARENTROWID,@PARENT
"Air Force Active","46.2","","","","","","","","","2015-BASE_PROCUREMENT-2015-AIRFORCE_AIRCRAFT_VOL2-PROCUREMENT_JustificationBook_Air_Force_PB_2015.zzz_unzipped-PROCUREMENT_JustificationBook_Air_Force_PB_2015.xml","64acb54550a4560598d7d665ce51dd7ecd276be3097259da048227510b8c8d9d","0-f33d45ed741f90b145d144f3834ba7648f53bfb1f1c7f109ffe787930211bae6","0-7bb153a71ce9f90d3f02ad52312b8b28f0be3bcf262d25f6bec59d5ac433a05f","root.record.ItemExhibitList.P3AModificationItemGroup.ModificationItemList.ModificationItem"
"Air Force Active","6.275","2.006","6.415","6.415","6.575","7.715","7.862","8.009","","2015-BASE_PROCUREMENT-2015-AIRFORCE_AIRCRAFT_VOL2-PROCUREMENT_JustificationBook_Air_Force_PB_2015.zzz_unzipped-PROCUREMENT_JustificationBook_Air_Force_PB_2015.xml","64acb54550a4560598d7d665ce51dd7ecd276be3097259da048227510b8c8d9d","0-fd924247a22aea231277567c706eeec879a41dfe566eacdb67a51dfaf446cc67","0-0d111b938f1c48bc274b1540294ac3b80b5d2bfdc79aec63d83d8ef6d836905b","root.record.ItemExhibitList.P3AModificationItemGroup.ModificationItemList.ModificationItem"
"Air Force Active","","","1.764","1.764","","","","","","2015-BASE_PROCUREMENT-2015-AIRFORCE_AIRCRAFT_VOL2-PROCUREMENT_JustificationBook_Air_Force_PB_2015.zzz_unzipped-PROCUREMENT_JustificationBook_Air_Force_PB_2015.xml","b8767409fbe18f979daf324b822c3fc717f2bfd9a9a8e2c0e9528e4bdde4d803","0-3d64d27d4a7106ea12e29c36f6a046d5f8aba5cebd13a9c79f01cff3c43e2f04","0-eff148832d4faae7683ed0deeb55caa934b3f6dc246bdb60ac184c5ced05ba21","root.record.ItemExhibitList.P3AModificationItemGroup.ModificationItemList.ModificationItem"
"Air Force Active","328.153","","","","","","","","","2015-BASE_PROCUREMENT-2015-AIRFORCE_AIRCRAFT_VOL2-PROCUREMENT_JustificationBook_Air_Force_PB_2015.zzz_unzipped-PROCUREMENT_JustificationBook_Air_Force_PB_2015.xml","e049539817dd22b34918c2c0be8271bbbd79d6b6a486234ddff8e6be076c0e3d","0-7a5ead88161e4861f057f4d5b5ab3a6b9fe61534854846c4dee231bacf827bd8","0-969e3967ef4fdd271dc4468388ceb126b8cf92032601c81da32713de79774f79","root.record.ItemExhibitList.P3AModificationItemGroup.ModificationItemList.ModificationItem"
"Air Force Reserve","273.46","719.289","","","","","","","","2015-BASE_PROCUREMENT-2015-AIRFORCE_AIRCRAFT_VOL2-PROCUREMENT_JustificationBook_Air_Force_PB_2015.zzz_unzipped-PROCUREMENT_JustificationBook_Air_Force_PB_2015.xml","e049539817dd22b34918c2c0be8271bbbd79d6b6a486234ddff8e6be076c0e3d","1-d23ad61bf1d5a391be7e6ee685c2daa51c82ba1a1c8dd0f876194c6ffd262a10","0-969e3967ef4fdd271dc4468388ceb126b8cf92032601c81da32713de79774f79","root.record.ItemExhibitList.P3AModificationItemGroup.ModificationItemList.ModificationItem"
"Air Force Active","9.635","13.247","0.424","0.424","","","","","","2015-BASE_PROCUREMENT-2015-AIRFORCE_AIRCRAFT_VOL2-PROCUREMENT_JustificationBook_Air_Force_PB_2015.zzz_unzipped-PROCUREMENT_JustificationBook_Air_Force_PB_2015.xml","2c3a42ac96c574f3a05d311e38d1fd39e76b2eaa077eed338c2b56579168a566","0-fdf44527faa150b5a1010109170d3da7a4a4834c4d7f9c67382930df35cd560f","0-35ba62e395586fd2dcbe1338bb0e9e160622b09b943d37625aa7081a598519b1","root.record.ItemExhibitList.P3AModificationItemGroup.ModificationItemList.ModificationItem"
"Air National Guard","1.47","","5.515","5.515","","","","","","2015-BASE_PROCUREMENT-2015-AIRFORCE_AIRCRAFT_VOL2-PROCUREMENT_JustificationBook_Air_Force_PB_2015.zzz_unzipped-PROCUREMENT_JustificationBook_Air_Force_PB_2015.xml","2c3a42ac96c574f3a05d311e38d1fd39e76b2eaa077eed338c2b56579168a566","1-deec62fc90b4c9595c34d34c9ed618947d38fa1811b6e44bd59771ac6c325c4b","0-35ba62e395586fd2dcbe1338bb0e9e160622b09b943d37625aa7081a598519b1","root.record.ItemExhibitList.P3AModificationItemGroup.ModificationItemList.ModificationItem"
"Air Force Reserve","1.96","0.473","1.273","1.273","","","","","","2015-BASE_PROCUREMENT-2015-AIRFORCE_AIRCRAFT_VOL2-PROCUREMENT_JustificationBook_Air_Force_PB_2015.zzz_unzipped-PROCUREMENT_JustificationBook_Air_Force_PB_2015.xml","2c3a42ac96c574f3a05d311e38d1fd39e76b2eaa077eed338c2b56579168a566","2-f5d0487858e679b6062f7e736cbaa3c009573e7238d61bd830d6f9782eed22c6","0-35ba62e395586fd2dcbe1338bb0e9e160622b09b943d37625aa7081a598519b1","root.record.ItemExhibitList.P3AModificationItemGroup.ModificationItemList.ModificationItem"
"Air Force Active","13.378","","","","","","","","","2015-BASE_PROCUREMENT-2015-AIRFORCE_AIRCRAFT_VOL2-PROCUREMENT_JustificationBook_Air_Force_PB_2015.zzz_unzipped-PROCUREMENT_JustificationBook_Air_Force_PB_2015.xml","2c3a42ac96c574f3a05d311e38d1fd39e76b2eaa077eed338c2b56579168a566","0-edae53b5b6de04bb86c71cc0da2fc55c1900cca722ab4e886148c779476c6261","0-728a3873aa29ca7c6bfd3b82119b457d501844a409dd360b6f96d84888f93ce1","root.record.ItemExhibitList.P3AModificationItemGroup.ModificationItemList.ModificationItem"
"Air National Guard","2.539","","","","","","","","","2015-BASE_PROCUREMENT-2015-AIRFORCE_AIRCRAFT_VOL2-PROCUREMENT_JustificationBook_Air_Force_PB_2015.zzz_unzipped-PROCUREMENT_JustificationBook_Air_Force_PB_2015.xml","2c3a42ac96c574f3a05d311e38d1fd39e76b2eaa077eed338c2b56579168a566","1-a193c198735c081b72731d5864562bec62bb59d4889b6284d95fee7b0b186610","0-728a3873aa29ca7c6bfd3b82119b457d501844a409dd360b6f96d84888f93ce1","root.record.ItemExhibitList.P3AModificationItemGroup.ModificationItemList.ModificationItem"
"Air Force Reserve","12.694","","","","","","","","","2015-BASE_PROCUREMENT-2015-AIRFORCE_AIRCRAFT_VOL2-PROCUREMENT_JustificationBook_Air_Force_PB_2015.zzz_unzipped-PROCUREMENT_JustificationBook_Air_Force_PB_2015.xml","2c3a42ac96c574f3a05d311e38d1fd39e76b2eaa077eed338c2b56579168a566","2-b8c99c5b38d14fba8723eb9eb65cdb485ef5460f41d068423b08211aec62e74d","0-728a3873aa29ca7c6bfd3b82119b457d501844a409dd360b6f96d84888f93ce1","root.record.ItemExhibitList.P3AModificationItemGroup.ModificationItemList.ModificationItem"
"Air Force Active","5.849","17.836","14.05","14.05","14.61","15.05","2.818","","","2015-BASE_PROCUREMENT-2015-AIRFORCE_AIRCRAFT_VOL2-PROCUREMENT_JustificationBook_Air_Force_PB_2015.zzz_unzipped-PROCUREMENT_JustificationBook_Air_Force_PB_2015.xml","2c3a42ac96c574f3a05d311e38d1fd39e76b2eaa077eed338c2b56579168a566","0-3b401961aa80ac268c4b5d38963c0d0606126e2c4f9d69eccea228ee9eac552e","0-b3a1700444935e4ff55beb343d40a7accd94cc57cb72cff6aafce1f1aa869888","root.record.ItemExhibitList.P3AModificationItemGroup.ModificationItemList.ModificationItem"
"Air National Guard","","","","","","","12.212","","","2015-BASE_PROCUREMENT-2015-AIRFORCE_AIRCRAFT_VOL2-PROCUREMENT_JustificationBook_Air_Force_PB_2015.zzz_unzipped-PROCUREMENT_JustificationBook_Air_Force_PB_2015.xml","2c3a42ac96c574f3a05d311e38d1fd39e76b2eaa077eed338c2b56579168a566","1-b93cf16cbddc4ba88f37062059fb7273c7e66c28755d8c209e88ed037efacc56","0-b3a1700444935e4ff55beb343d40a7accd94cc57cb72cff6aafce1f1aa869888","root.record.ItemExhibitList.P3AModificationItemGroup.ModificationItemList.ModificationItem"
"Air Force Reserve","","","","","","","0.47","8.23","","2015-BASE_PROCUREMENT-2015-AIRFORCE_AIRCRAFT_VOL2-PROCUREMENT_JustificationBook_Air_Force_PB_2015.zzz_unzipped-PROCUREMENT_JustificationBook_Air_Force_PB_2015.xml","2c3a42ac96c574f3a05d311e38d1fd39e76b2eaa077eed338c2b56579168a566","2-7bb245e227a2e4c6f3b2a2efc53ce7415737b337e173827990715bf77dd28fdd","0-b3a1700444935e4ff55beb343d40a7accd94cc57cb72cff6aafce1f1aa869888","root.record.ItemExhibitList.P3AModificationItemGroup.ModificationItemList.ModificationItem"
"Air Force Active","","","1.31","1.31","10.97","11.299","","","","2015-BASE_PROCUREMENT-2015-AIRFORCE_AIRCRAFT_VOL2-PROCUREMENT_JustificationBook_Air_Force_PB_2015.zzz_unzipped-PROCUREMENT_JustificationBook_Air_Force_PB_2015.xml","2c3a42ac96c574f3a05d311e38d1fd39e76b2eaa077eed338c2b56579168a566","0-74faaee25337e368d0121f170fc647cdfd2ab69238e0fe98394a764a65eb2eba","0-f871caac368e5052275e7f12949979a4a12e5116e6daa6fc329c98cebbd36c0a","root.record.ItemExhibitList.P3AModificationItemGroup.ModificationItemList.ModificationItem"
"Air Force Active","","","","","0.719","8.322","","","","2015-BASE_PROCUREMENT-2015-AIRFORCE_AIRCRAFT_VOL2-PROCUREMENT_JustificationBook_Air_Force_PB_2015.zzz_unzipped-PROCUREMENT_JustificationBook_Air_Force_PB_2015.xml","2c3a42ac96c574f3a05d311e38d1fd39e76b2eaa077eed338c2b56579168a566","0-31a3ce2434d728858627f3afe4b8e3896a8e34eee5f97a777f00e09c44b9ad7c","1-0c5ca3296bed25d08759894507af6ce6946bf02b439874d9ac88d385565a24fe","root.record.ItemExhibitList.P3AModificationItemGroup.ModificationItemList.ModificationItem"
"Air Force Active","","5.745","6.605","6.605","9.664","9.304","21.532","27.813","","2015-BASE_PROCUREMENT-2015-AIRFORCE_AIRCRAFT_VOL2-PROCUREMENT_JustificationBook_Air_Force_PB_2015.zzz_unzipped-PROCUREMENT_JustificationBook_Air_Force_PB_2015.xml","2c3a42ac96c574f3a05d311e38d1fd39e76b2eaa077eed338c2b56579168a566","0-07868492d172cf653be889b98ce81fe4922a4eb5c012236ec44aee4019254ac6","0-b6a9971f8463fe8fc54bd027765cf8d616d736e868ea9adb5c8b955948f290f6","root.record.ItemExhibitList.P3AModificationItemGroup.ModificationItemList.ModificationItem"
"Air Force Active","4.226","3.824","4.553","4.553","3.302","3.302","","","","2015-BASE_PROCUREMENT-2015-AIRFORCE_AIRCRAFT_VOL2-PROCUREMENT_JustificationBook_Air_Force_PB_2015.zzz_unzipped-PROCUREMENT_JustificationBook_Air_Force_PB_2015.xml","2c3a42ac96c574f3a05d311e38d1fd39e76b2eaa077eed338c2b56579168a566","0-4996c0ee16f5b59cdd794b8b4540eee73096a421993de06ec4df1c3dd2384351","0-1bd5c266dadd51d0ec9432fa35b5dae8ab7cb5cb5c1a3a57f3dc6b78604648b0","root.record.ItemExhibitList.P3AModificationItemGroup.ModificationItemList.ModificationItem"
"Air Force Active","","2.624","2.004","2.004","","","","","","2015-BASE_PROCUREMENT-2015-AIRFORCE_AIRCRAFT_VOL2-PROCUREMENT_JustificationBook_Air_Force_PB_2015.zzz_unzipped-PROCUREMENT_JustificationBook_Air_Force_PB_2015.xml","c18079498214be7c8507bd7289056635ea6ba000e7bb766e68a998d56e53f49a","0-9c905da425d9a1e2c7b32e076e3c6bec507536a1f8b3ea6ba8aee176fffb5cfa","0-45a5653e2b736a52bf04734d4b82a7e489c9d4be36bbbeef2c95c8507bb35525","root.record.ItemExhibitList.P3AModificationItemGroup.ModificationItemList.ModificationItem"
"Air Force Reserve","","0.656","3.118","3.118","","","","","","2015-BASE_PROCUREMENT-2015-AIRFORCE_AIRCRAFT_VOL2-PROCUREMENT_JustificationBook_Air_Force_PB_2015.zzz_unzipped-PROCUREMENT_JustificationBook_Air_Force_PB_2015.xml","c18079498214be7c8507bd7289056635ea6ba000e7bb766e68a998d56e53f49a","1-326875749cd348afccac50a6b3adbd77187dc6740b24ef36c517d41aceed1e83","0-45a5653e2b736a52bf04734d4b82a7e489c9d4be36bbbeef2c95c8507bb35525","root.record.ItemExhibitList.P3AModificationItemGroup.ModificationItemList.ModificationItem"
"Air Force Active","","29.28","49.812","49.812","","","","","","2015-BASE_PROCUREMENT-2015-AIRFORCE_AIRCRAFT_VOL2-PROCUREMENT_JustificationBook_Air_Force_PB_2015.zzz_unzipped-PROCUREMENT_JustificationBook_Air_Force_PB_2015.xml","c18079498214be7c8507bd7289056635ea6ba000e7bb766e68a998d56e53f49a","0-99277b6c44e5bcf04ed8ee3ff293b434487452c9fea7a66d17c7ed850fca1ff3","0-d87d474f0ed448d8e2f31f8d20f9db639dd2b4b060fc538c6fbc5e83e8e5e3f5","root.record.ItemExhibitList.P3AModificationItemGroup.ModificationItemList.ModificationItem"
"Air Force Reserve","","7.32","10.674","10.674","","","","","","2015-BASE_PROCUREMENT-2015-AIRFORCE_AIRCRAFT_VOL2-PROCUREMENT_JustificationBook_Air_Force_PB_2015.zzz_unzipped-PROCUREMENT_JustificationBook_Air_Force_PB_2015.xml","c18079498214be7c8507bd7289056635ea6ba000e7bb766e68a998d56e53f49a","1-fd9c3d6f184d0113f90625212ca299cb69d01c4888b12be839fceb9b20d2b95e","0-d87d474f0ed448d8e2f31f8d20f9db639dd2b4b060fc538c6fbc5e83e8e5e3f5","root.record.ItemExhibitList.P3AModificationItemGroup.ModificationItemList.ModificationItem"
"Air Force Active","","","3.289","3.289","","","","","","2015-BASE_PROCUREMENT-2015-AIRFORCE_AIRCRAFT_VOL2-PROCUREMENT_JustificationBook_Air_Force_PB_2015.zzz_unzipped-PROCUREMENT_JustificationBook_Air_Force_PB_2015.xml","c18079498214be7c8507bd7289056635ea6ba000e7bb766e68a998d56e53f49a","0-a46822f58eb0feb78b1c42074129d245291833b279e69186096c399147ab0681","0-800e46f02b011ffe5ff36b2322dd09a6b70b336f88e9b41faa58b79c1232f079","root.record.ItemExhibitList.P3AModificationItemGroup.ModificationItemList.ModificationItem"
"Air Force Active","","8.038","3.91","3.91","","","","","","2015-BASE_PROCUREMENT-2015-AIRFORCE_AIRCRAFT_VOL2-PROCUREMENT_JustificationBook_Air_Force_PB_2015.zzz_unzipped-PROCUREMENT_JustificationBook_Air_Force_PB_2015.xml","c18079498214be7c8507bd7289056635ea6ba000e7bb766e68a998d56e53f49a","0-ab8a0d27464e2dc9d0042520ffb6e9d3f558f2a1ec94f0ce075482ccb1904a49","0-ca96b39dbc58900bd6db6200fcac2c05a2a093f53e565aeae7aa63efbb07d7cf","root.record.ItemExhibitList.P3AModificationItemGroup.ModificationItemList.ModificationItem"
"Air Force Reserve","","","3.34","3.34","","","","","","2015-BASE_PROCUREMENT-2015-AIRFORCE_AIRCRAFT_VOL2-PROCUREMENT_JustificationBook_Air_Force_PB_2015.zzz_unzipped-PROCUREMENT_JustificationBook_Air_Force_PB_2015.xml","c18079498214be7c8507bd7289056635ea6ba000e7bb766e68a998d56e53f49a","1-ab6b8c1daed0519633490619ff0193d4a0213441ea50fe633d0cd75a1434d5ec","0-ca96b39dbc58900bd6db6200fcac2c05a2a093f53e565aeae7aa63efbb07d7cf","root.record.ItemExhibitList.P3AModificationItemGroup.ModificationItemList.ModificationItem"
"Air National Guard","","3","2.875","2.875","","","","","","2015-BASE_PROCUREMENT-2015-AIRFORCE_AIRCRAFT_VOL2-PROCUREMENT_JustificationBook_Air_Force_PB_2015.zzz_unzipped-PROCUREMENT_JustificationBook_Air_Force_PB_2015.xml","c95b3cad136b9abd961b0302a1b9dcc36c9e32822973785202e66e43ffe473da","0-e2b4c7c1550eef4d1d6d507139f566c733a57ac6875597c8d7642932b6503413","0-6f02f7c20d2073b99560c4d75a3b108d42ba39530f5772d5d4bfdf9217478e01","root.record.ItemExhibitList.P3AModificationItemGroup.ModificationItemList.ModificationItem"
"Air Force Reserve","","1.375","2.125","2.125","","","","","","2015-BASE_PROCUREMENT-2015-AIRFORCE_AIRCRAFT_VOL2-PROCUREMENT_JustificationBook_Air_Force_PB_2015.zzz_unzipped-PROCUREMENT_JustificationBook_Air_Force_PB_2015.xml","c95b3cad136b9abd961b0302a1b9dcc36c9e32822973785202e66e43ffe473da","1-3e1da6bcf27aa00d9c83ea6765226d643d0285bfd684dede414a68fb6ff4eef1","0-6f02f7c20d2073b99560c4d75a3b108d42ba39530f5772d5d4bfdf9217478e01","root.record.ItemExhibitList.P3AModificationItemGroup.ModificationItemList.ModificationItem"
"Air Force Active","26.615","4.26","","","","","","","","2015-BASE_PROCUREMENT-2015-AIRFORCE_AIRCRAFT_VOL2-PROCUREMENT_JustificationBook_Air_Force_PB_2015.zzz_unzipped-PROCUREMENT_JustificationBook_Air_Force_PB_2015.xml","ad2cbcd52887cfdbd4c4e64af0f936c986b469e78be0a9fa924477b8ad18fb8f","0-0759b2d9a05f7ce2336e102fa74e09175c828774712e731d0b15f8ef1aec382f","1-c582aca5937a08337ae80a00644321c1e312ed64336c59c93a30bcf6d656307f","root.record.ItemExhibitList.P3AModificationItemGroup.ModificationItemList.ModificationItem"
"Air National Guard","7.604","","","","","","","","","2015-BASE_PROCUREMENT-2015-AIRFORCE_AIRCRAFT_VOL2-PROCUREMENT_JustificationBook_Air_Force_PB_2015.zzz_unzipped-PROCUREMENT_JustificationBook_Air_Force_PB_2015.xml","ad2cbcd52887cfdbd4c4e64af0f936c986b469e78be0a9fa924477b8ad18fb8f","1-6e6bff777315511b428640e576257ca1eddcf5df777369e57dab05a7bc1d02da","1-c582aca5937a08337ae80a00644321c1e312ed64336c59c93a30bcf6d656307f","root.record.ItemExhibitList.P3AModificationItemGroup.ModificationItemList.ModificationItem"
"Air Force Reserve","3.802","","","","","","","","","2015-BASE_PROCUREMENT-2015-AIRFORCE_AIRCRAFT_VOL2-PROCUREMENT_JustificationBook_Air_Force_PB_2015.zzz_unzipped-PROCUREMENT_JustificationBook_Air_Force_PB_2015.xml","ad2cbcd52887cfdbd4c4e64af0f936c986b469e78be0a9fa924477b8ad18fb8f","2-eabff204667ff38adb0a540619837cffa698ce14b820ef07065c3474515a5a5c","1-c582aca5937a08337ae80a00644321c1e312ed64336c59c93a30bcf6d656307f","root.record.ItemExhibitList.P3AModificationItemGroup.ModificationItemList.ModificationItem"
"Air Force Active","10.686","","","","","","","","","2015-BASE_PROCUREMENT-2015-AIRFORCE_AIRCRAFT_VOL2-PROCUREMENT_JustificationBook_Air_Force_PB_2015.zzz_unzipped-PROCUREMENT_JustificationBook_Air_Force_PB_2015.xml","ad2cbcd52887cfdbd4c4e64af0f936c986b469e78be0a9fa924477b8ad18fb8f","0-e02d52608c324a60ddcc7c001ad92cb583430412794e4d6ac52d0572809790ea","2-08d6a5d19af15097b3a3a71b900466cc536baa75d87de555b94b266b723cea15","root.record.ItemExhibitList.P3AModificationItemGroup.ModificationItemList.ModificationItem"
"Air Force Active","18.933","","","","","","","","","2015-BASE_PROCUREMENT-2015-AIRFORCE_AIRCRAFT_VOL2-PROCUREMENT_JustificationBook_Air_Force_PB_2015.zzz_unzipped-PROCUREMENT_JustificationBook_Air_Force_PB_2015.xml","f95a686895e7fa3d37923c2b920ccf43d5ee240504c1f66a1de53572ac91a145","0-a341ba048752a1a51199118d14128d691cc4dd1bc9cd6a0adb3a3da7561fc895","0-93eefcd2b17e56ad06b67cb944e90a9f836e7111d1b2df729839c58d01c3c5db","root.record.ItemExhibitList.P3AModificationItemGroup.ModificationItemList.ModificationItem"
"Air Force Active","5.713","","15.616","15.616","","","","","","2015-BASE_PROCUREMENT-2015-AIRFORCE_AIRCRAFT_VOL2-PROCUREMENT_JustificationBook_Air_Force_PB_2015.zzz_unzipped-PROCUREMENT_JustificationBook_Air_Force_PB_2015.xml","4f10c9d75af1ff7f39d3312af79b465fcb001e31cfa449ec049bea6f08f73af1","0-a5a1d2ab69539052e03ca980cddaaf992d6b2646674f28399706221304991870","0-e2a8e6c0ed52543dfdfbb7cab9dd47ce9e5e1a6082ab54d64413b0f731069032","root.record.ItemExhibitList.P3AModificationItemGroup.ModificationItemList.ModificationItem"
"Air National Guard","5.713","","16.484","16.484","","","","","","2015-BASE_PROCUREMENT-2015-AIRFORCE_AIRCRAFT_VOL2-PROCUREMENT_JustificationBook_Air_Force_PB_2015.zzz_unzipped-PROCUREMENT_JustificationBook_Air_Force_PB_2015.xml","4f10c9d75af1ff7f39d3312af79b465fcb001e31cfa449ec049bea6f08f73af1","1-db5ba78cb718b0dcff131ccf26e2d84a3c376f6634cf918e7b02762554db5cf6","0-e2a8e6c0ed52543dfdfbb7cab9dd47ce9e5e1a6082ab54d64413b0f731069032","root.record.ItemExhibitList.P3AModificationItemGroup.ModificationItemList.ModificationItem"
"Air Force Reserve","2.143","","6.941","6.941","","","","","","2015-BASE_PROCUREMENT-2015-AIRFORCE_AIRCRAFT_VOL2-PROCUREMENT_JustificationBook_Air_Force_PB_2015.zzz_unzipped-PROCUREMENT_JustificationBook_Air_Force_PB_2015.xml","4f10c9d75af1ff7f39d3312af79b465fcb001e31cfa449ec049bea6f08f73af1","2-2a87b6dc6eb4f68d6d2d5b50f631f383c633804f0fa419eacf609344c87d34b6","0-e2a8e6c0ed52543dfdfbb7cab9dd47ce9e5e1a6082ab54d64413b0f731069032","root.record.ItemExhibitList.P3AModificationItemGroup.ModificationItemList.ModificationItem"
"Air Force Active","53.616","","","","","","","","","2015-BASE_PROCUREMENT-2015-AIRFORCE_AIRCRAFT_VOL2-PROCUREMENT_JustificationBook_Air_Force_PB_2015.zzz_unzipped-PROCUREMENT_JustificationBook_Air_Force_PB_2015.xml","bbc8063372e02d2bc548b494988437c9d99675713059aabc6acf7bc346906c17","0-42458f6e4eadc4831f7779e3a838a36a1799c026e20c913de39e3d152ef6133a","0-380ae81b916ba2fa5278d48170c026f9c640d6a409fd799b244a20b8abf687f5","root.record.ItemExhibitList.P3AModificationItemGroup.ModificationItemList.ModificationItem"
"Air Force Active","58.646","125.745","191.871","191.871","","","","","","2015-BASE_PROCUREMENT-2015-AIRFORCE_AIRCRAFT_VOL2-PROCUREMENT_JustificationBook_Air_Force_PB_2015.zzz_unzipped-PROCUREMENT_JustificationBook_Air_Force_PB_2015.xml","37a9176d6819849bcd695141407bcbea7c3c0b02a6c4bbb6d05d22c664d601c4","0-3509fd4b1e9c0293d9a0650429328ba3b0dc61eacd7ef42ed6a9d8701c73db6d","0-d39a3a207f1e0cd5ac0f4217ceeb47d64ab8b23fa51d574bb8f0ab0fe5d0e63c","root.record.ItemExhibitList.P3AModificationItemGroup.ModificationItemList.ModificationItem"
"Air Force Active","3.783","78.489","15.394","15.394","","","","","","2015-BASE_PROCUREMENT-2015-AIRFORCE_AIRCRAFT_VOL2-PROCUREMENT_JustificationBook_Air_Force_PB_2015.zzz_unzipped-PROCUREMENT_JustificationBook_Air_Force_PB_2015.xml","37a9176d6819849bcd695141407bcbea7c3c0b02a6c4bbb6d05d22c664d601c4","0-614cb325a8fb9e801c506fde367ea61699130cd9952af88a3060dadbe10e8957","0-5eed1a0b73f9851459a007d0eb1a89d8729923dfff406f0a358f1cb90a60d150","root.record.ItemExhibitList.P3AModificationItemGroup.ModificationItemList.ModificationItem"
"Air National Guard","46.912","8.783","87.104","87.104","","","","","","2015-BASE_PROCUREMENT-2015-AIRFORCE_AIRCRAFT_VOL2-PROCUREMENT_JustificationBook_Air_Force_PB_2015.zzz_unzipped-PROCUREMENT_JustificationBook_Air_Force_PB_2015.xml","37a9176d6819849bcd695141407bcbea7c3c0b02a6c4bbb6d05d22c664d601c4","1-1b87fa71eaf1e40fa12337d65b11dcfb8b6660295b6d22ed4ce27a1caf797d90","0-5eed1a0b73f9851459a007d0eb1a89d8729923dfff406f0a358f1cb90a60d150","root.record.ItemExhibitList.P3AModificationItemGroup.ModificationItemList.ModificationItem"
"Air Force Active","2.793","8.605","","","","","","","","2015-BASE_PROCUREMENT-2015-AIRFORCE_AIRCRAFT_VOL2-PROCUREMENT_JustificationBook_Air_Force_PB_2015.zzz_unzipped-PROCUREMENT_JustificationBook_Air_Force_PB_2015.xml","37a9176d6819849bcd695141407bcbea7c3c0b02a6c4bbb6d05d22c664d601c4","0-836bffc8d1997fdbaa214c4cbb24b7ced60dc25df1f5c98cab90021f2b613f17","0-65cc8089df1261a5807d38c7234e1f8bbceb71baa0e22d4194a13406b9265908","root.record.ItemExhibitList.P3AModificationItemGroup.ModificationItemList.ModificationItem"
"Air Force Active","8.6","8.48","","","","","","","","2015-BASE_PROCUREMENT-2015-AIRFORCE_AIRCRAFT_VOL2-PROCUREMENT_JustificationBook_Air_Force_PB_2015.zzz_unzipped-PROCUREMENT_JustificationBook_Air_Force_PB_2015.xml","37a9176d6819849bcd695141407bcbea7c3c0b02a6c4bbb6d05d22c664d601c4","0-2b001a9328092e2ddef095ee56410873f05877c177e69c91b24c51c8e663558a","0-24efc9ad3512861f72c2bc4d76ccf89e67157fb460f6bc22e33c2301a9462240","root.record.ItemExhibitList.P3AModificationItemGroup.ModificationItemList.ModificationItem"
"Air National Guard","22.418","","","","","","","","","2015-BASE_PROCUREMENT-2015-AIRFORCE_AIRCRAFT_VOL2-PROCUREMENT_JustificationBook_Air_Force_PB_2015.zzz_unzipped-PROCUREMENT_JustificationBook_Air_Force_PB_2015.xml","a8005ce497b4d26a96a0a73b3a202cd9ad0d2cb8833efae151bef5451667fd9e","0-8d192736f95d555f149c2b526ff4851586afda124cb93bc232fc2225f66b7268","0-bac7f67ed1df27ddd4b8c2e6eca48a9a0bb9a4562f33cfb013d78dc7bf1589aa","root.record.ItemExhibitList.P3AModificationItemGroup.ModificationItemList.ModificationItem"
"Air Force Active","53.658","60.793","37.611","37.611","39.951","47.86","43.967","31.137","","2015-BASE_PROCUREMENT-2015-AIRFORCE_AIRCRAFT_VOL2-PROCUREMENT_JustificationBook_Air_Force_PB_2015.zzz_unzipped-PROCUREMENT_JustificationBook_Air_Force_PB_2015.xml","a8005ce497b4d26a96a0a73b3a202cd9ad0d2cb8833efae151bef5451667fd9e","0-05809d32eea084959ebd06f063f8fd15e7086b6928ab429f681b07c9bf25476d","0-5ab85c214d5b43d7cda5230789b2d499bfac42fb77df4ee4a3b9f925a858fc24","root.record.ItemExhibitList.P3AModificationItemGroup.ModificationItemList.ModificationItem"
"Air National Guard","8.812","6.836","6.637","6.637","5.671","3.12","2.025","2.166","","2015-BASE_PROCUREMENT-2015-AIRFORCE_AIRCRAFT_VOL2-PROCUREMENT_JustificationBook_Air_Force_PB_2015.zzz_unzipped-PROCUREMENT_JustificationBook_Air_Force_PB_2015.xml","a8005ce497b4d26a96a0a73b3a202cd9ad0d2cb8833efae151bef5451667fd9e","1-4792723e1b25719b123f5cf18bdc2fb91e217990c79e38cf15a5fe6d710f0867","0-5ab85c214d5b43d7cda5230789b2d499bfac42fb77df4ee4a3b9f925a858fc24","root.record.ItemExhibitList.P3AModificationItemGroup.ModificationItemList.ModificationItem"
"Air Force Active","7.427","18.666","12.155","12.155","11.73","24.923","27.288","22.692","","2015-BASE_PROCUREMENT-2015-AIRFORCE_AIRCRAFT_VOL2-PROCUREMENT_JustificationBook_Air_Force_PB_2015.zzz_unzipped-PROCUREMENT_JustificationBook_Air_Force_PB_2015.xml","a8005ce497b4d26a96a0a73b3a202cd9ad0d2cb8833efae151bef5451667fd9e","0-1f7ec22d57a8bb461fc69aadc2b0844b06455b4c7f2137000de8cf507b5a2f55","0-0cf20a7eba9f183b078f336663caf6977ee0b9ced4eea4b6e963f89a969d95c8","root.record.ItemExhibitList.P3AModificationItemGroup.ModificationItemList.ModificationItem"
"Air National Guard","0.807","3.067","1.321","1.321","1.274","2.014","2.421","2.465","","2015-BASE_PROCUREMENT-2015-AIRFORCE_AIRCRAFT_VOL2-PROCUREMENT_JustificationBook_Air_Force_PB_2015.zzz_unzipped-PROCUREMENT_JustificationBook_Air_Force_PB_2015.xml","a8005ce497b4d26a96a0a73b3a202cd9ad0d2cb8833efae151bef5451667fd9e","1-30c0041b6b31f46efb245dea18dabafbac022c8562907986b24772bdb3a092ff","0-0cf20a7eba9f183b078f336663caf6977ee0b9ced4eea4b6e963f89a969d95c8","root.record.ItemExhibitList.P3AModificationItemGroup.ModificationItemList.ModificationItem"
"Air Force Active","5.801","7.931","5.09","5.09","5.571","10.141","","","","2015-BASE_PROCUREMENT-2015-AIRFORCE_AIRCRAFT_VOL2-PROCUREMENT_JustificationBook_Air_Force_PB_2015.zzz_unzipped-PROCUREMENT_JustificationBook_Air_Force_PB_2015.xml","a8005ce497b4d26a96a0a73b3a202cd9ad0d2cb8833efae151bef5451667fd9e","0-9bef0ca98ba9797289bf6694c0ad58579912e3e366a0412e10f36c5cdd81e884","0-a64257e3b40ec3b318b12fe49e8d833b34bc2c19322581de7d5b68a93bb65aa7","root.record.ItemExhibitList.P3AModificationItemGroup.ModificationItemList.ModificationItem"
"Air National Guard","0.58","","","","","2.751","17.883","","","2015-BASE_PROCUREMENT-2015-AIRFORCE_AIRCRAFT_VOL2-PROCUREMENT_JustificationBook_Air_Force_PB_2015.zzz_unzipped-PROCUREMENT_JustificationBook_Air_Force_PB_2015.xml","a8005ce497b4d26a96a0a73b3a202cd9ad0d2cb8833efae151bef5451667fd9e","1-2aa0fae0246e0b36c8e1fe1557d7e932e4aa69eb1ecfcf2a414e3f5c9ad228c7","0-a64257e3b40ec3b318b12fe49e8d833b34bc2c19322581de7d5b68a93bb65aa7","root.record.ItemExhibitList.P3AModificationItemGroup.ModificationItemList.ModificationItem"
"Air Force Active","29.961","22.49","","","3.15","5.85","6.093","2.569","","2015-BASE_PROCUREMENT-2015-AIRFORCE_AIRCRAFT_VOL2-PROCUREMENT_JustificationBook_Air_Force_PB_2015.zzz_unzipped-PROCUREMENT_JustificationBook_Air_Force_PB_2015.xml","a8005ce497b4d26a96a0a73b3a202cd9ad0d2cb8833efae151bef5451667fd9e","0-7aa0ee02e400b9dcdd19019bc0971a5191bfcb462409897e375b13cda0620f4e","0-680dff0a26c0ab22f50373f33d9dae7a4177efd08239ffeab8675c149e10ec2a","root.record.ItemExhibitList.P3AModificationItemGroup.ModificationItemList.ModificationItem"
"Air Force Active","","","","","63.551","75.159","92.625","","","2015-BASE_PROCUREMENT-2015-AIRFORCE_AIRCRAFT_VOL2-PROCUREMENT_JustificationBook_Air_Force_PB_2015.zzz_unzipped-PROCUREMENT_JustificationBook_Air_Force_PB_2015.xml","0e0c5259a601c4aa4ff961a0ac121c4db369bfa13d87e153e3615741b3479e79","0-5d9213b228ff1d1de8190c75f5f82c8023c41e93fb170a8715a07a1a4f8b7472","0-e704baad56a8a12a32cc677945e0df878baba47d9e61edda16ef1cd33995453b","root.record.ItemExhibitList.P3AModificationItemGroup.ModificationItemList.ModificationItem"
"Air National Guard","","","","","","","35.11","","","2015-BASE_PROCUREMENT-2015-AIRFORCE_AIRCRAFT_VOL2-PROCUREMENT_JustificationBook_Air_Force_PB_2015.zzz_unzipped-PROCUREMENT_JustificationBook_Air_Force_PB_2015.xml","0e0c5259a601c4aa4ff961a0ac121c4db369bfa13d87e153e3615741b3479e79","1-0d50088b12845544234298ece3215510b9ad299c9f1799669c0308f49d946927","0-e704baad56a8a12a32cc677945e0df878baba47d9e61edda16ef1cd33995453b","root.record.ItemExhibitList.P3AModificationItemGroup.ModificationItemList.ModificationItem"
"Air Force Active","46.2","","","","","","","","","2015-BASE_PROCUREMENT-2015-AIRFORCE_AIRCRAFT_VOL2-PROCUREMENT_MasterJustificationBook_Air_Force_PB_2015.zzz_unzipped-PROCUREMENT_MasterJustificationBook_Air_Force_PB_2015.xml","ca9f1e9f848e67edf7e34b76ad9b05e59dfcbeb190b54cb2ec2a178aeaaa3bfa","0-f888553c845cb1cefac4758f78c7dedc0321cc4e6718043af2259d2c6a86637a","0-d30cdccf9f942d6d51bcb5820c9cfdc2f11b81f970fb60369eddfedddc9d7b64","root.record.ItemExhibitList.P3AModificationItemGroup.ModificationItemList.ModificationItem"
"Air Force Active","6.275","2.006","6.415","6.415","6.575","7.715","7.862","8.009","","2015-BASE_PROCUREMENT-2015-AIRFORCE_AIRCRAFT_VOL2-PROCUREMENT_MasterJustificationBook_Air_Force_PB_2015.zzz_unzipped-PROCUREMENT_MasterJustificationBook_Air_Force_PB_2015.xml","ca9f1e9f848e67edf7e34b76ad9b05e59dfcbeb190b54cb2ec2a178aeaaa3bfa","0-518107ba0161b60b7a26a4051a78460ab9abf20f2bf9779cb36e152c3b1133a8","0-2ba18a0f5fdf532c040096abbb14f12caeac0fa8fe3fde80f6a8bd1ad396a501","root.record.ItemExhibitList.P3AModificationItemGroup.ModificationItemList.ModificationItem"
"Air Force Active","","","1.764","1.764","","","","","","2015-BASE_PROCUREMENT-2015-AIRFORCE_AIRCRAFT_VOL2-PROCUREMENT_MasterJustificationBook_Air_Force_PB_2015.zzz_unzipped-PROCUREMENT_MasterJustificationBook_Air_Force_PB_2015.xml","25442f0fc741be383c8f1f024b4ed975774a4a3437a381bef47bf09fa44b0a02","0-286d0dc458f70d8ab8edac6a25373ff2374cb9aa80d2600c5d557b11368c02e5","0-126e354e4218c5f432151f02791ebaff712e9166989fec867e61a3d0667dba2d","root.record.ItemExhibitList.P3AModificationItemGroup.ModificationItemList.ModificationItem"
"Air Force Active","328.153","","","","","","","","","2015-BASE_PROCUREMENT-2015-AIRFORCE_AIRCRAFT_VOL2-PROCUREMENT_MasterJustificationBook_Air_Force_PB_2015.zzz_unzipped-PROCUREMENT_MasterJustificationBook_Air_Force_PB_2015.xml","aa1014d1730217cf58bd0eb1cf9155036af0caca57bd2ece54304d573c8411a2","0-2a8e463d4acb9fc94e9c20debd57af5c0fd735de6c2ebac93465d3e762f962d3","0-0ee530ee7193e68f8c105486515cc7b0f676a9f1caf141f93f2053d7bd43af3e","root.record.ItemExhibitList.P3AModificationItemGroup.ModificationItemList.ModificationItem"
"Air Force Reserve","273.46","719.289","","","","","","","","2015-BASE_PROCUREMENT-2015-AIRFORCE_AIRCRAFT_VOL2-PROCUREMENT_MasterJustificationBook_Air_Force_PB_2015.zzz_unzipped-PROCUREMENT_MasterJustificationBook_Air_Force_PB_2015.xml","aa1014d1730217cf58bd0eb1cf9155036af0caca57bd2ece54304d573c8411a2","1-1f2beb02edce556e72a181ba5b6fd6eb6956f615de0985d1327642d27257265e","0-0ee530ee7193e68f8c105486515cc7b0f676a9f1caf141f93f2053d7bd43af3e","root.record.ItemExhibitList.P3AModificationItemGroup.ModificationItemList.ModificationItem"
"Air Force Active","9.635","13.247","0.424","0.424","","","","","","2015-BASE_PROCUREMENT-2015-AIRFORCE_AIRCRAFT_VOL2-PROCUREMENT_MasterJustificationBook_Air_Force_PB_2015.zzz_unzipped-PROCUREMENT_MasterJustificationBook_Air_Force_PB_2015.xml","e0b4c68aca5bcb28bf2a8d6314af11bf878587e1d5636a46ade0d81891a819a1","0-5d78cf4b277f2ef2a64723f994848d8809ebba59408dd412d5e51713612e8e1d","0-2ce27f367b58176b22c1bf9df4d2a1ba9357b6b83179a7a440f1a98bd827dadb","root.record.ItemExhibitList.P3AModificationItemGroup.ModificationItemList.ModificationItem"
"Air National Guard","1.47","","5.515","5.515","","","","","","2015-BASE_PROCUREMENT-2015-AIRFORCE_AIRCRAFT_VOL2-PROCUREMENT_MasterJustificationBook_Air_Force_PB_2015.zzz_unzipped-PROCUREMENT_MasterJustificationBook_Air_Force_PB_2015.xml","e0b4c68aca5bcb28bf2a8d6314af11bf878587e1d5636a46ade0d81891a819a1","1-ce8b7fca780c2c1f76c8746f8d4875cc505c67ebfdd6ac625e9641a7640e6694","0-2ce27f367b58176b22c1bf9df4d2a1ba9357b6b83179a7a440f1a98bd827dadb","root.record.ItemExhibitList.P3AModificationItemGroup.ModificationItemList.ModificationItem"
"Air Force Reserve","1.96","0.473","1.273","1.273","","","","","","2015-BASE_PROCUREMENT-2015-AIRFORCE_AIRCRAFT_VOL2-PROCUREMENT_MasterJustificationBook_Air_Force_PB_2015.zzz_unzipped-PROCUREMENT_MasterJustificationBook_Air_Force_PB_2015.xml","e0b4c68aca5bcb28bf2a8d6314af11bf878587e1d5636a46ade0d81891a819a1","2-7e70e3f646402ec7483dff3ef086fff27d0efd92f98e481b8425b8047dc99f54","0-2ce27f367b58176b22c1bf9df4d2a1ba9357b6b83179a7a440f1a98bd827dadb","root.record.ItemExhibitList.P3AModificationItemGroup.ModificationItemList.ModificationItem"
"Air Force Active","13.378","","","","","","","","","2015-BASE_PROCUREMENT-2015-AIRFORCE_AIRCRAFT_VOL2-PROCUREMENT_MasterJustificationBook_Air_Force_PB_2015.zzz_unzipped-PROCUREMENT_MasterJustificationBook_Air_Force_PB_2015.xml","e0b4c68aca5bcb28bf2a8d6314af11bf878587e1d5636a46ade0d81891a819a1","0-1e2553f3d43a27d8414c06bba97ef11bda5208cf1f89492e66475d1cc1186928","0-2b47a0df0d0213c2b32422873fc95aceb01b29514d66fbf759aa4aec4ddfd21e","root.record.ItemExhibitList.P3AModificationItemGroup.ModificationItemList.ModificationItem"
"Air National Guard","2.539","","","","","","","","","2015-BASE_PROCUREMENT-2015-AIRFORCE_AIRCRAFT_VOL2-PROCUREMENT_MasterJustificationBook_Air_Force_PB_2015.zzz_unzipped-PROCUREMENT_MasterJustificationBook_Air_Force_PB_2015.xml","e0b4c68aca5bcb28bf2a8d6314af11bf878587e1d5636a46ade0d81891a819a1","1-0d1262c2b3b101de405300cba1f3b3988462892529584df66963a6288cbc4955","0-2b47a0df0d0213c2b32422873fc95aceb01b29514d66fbf759aa4aec4ddfd21e","root.record.ItemExhibitList.P3AModificationItemGroup.ModificationItemList.ModificationItem"
"Air Force Reserve","12.694","","","","","","","","","2015-BASE_PROCUREMENT-2015-AIRFORCE_AIRCRAFT_VOL2-PROCUREMENT_MasterJustificationBook_Air_Force_PB_2015.zzz_unzipped-PROCUREMENT_MasterJustificationBook_Air_Force_PB_2015.xml","e0b4c68aca5bcb28bf2a8d6314af11bf878587e1d5636a46ade0d81891a819a1","2-618043977f017dce378fb2acfe3e703c440bf7bcb783fe1275d89ab5151333ca","0-2b47a0df0d0213c2b32422873fc95aceb01b29514d66fbf759aa4aec4ddfd21e","root.record.ItemExhibitList.P3AModificationItemGroup.ModificationItemList.ModificationItem"
"Air Force Active","5.849","17.836","14.05","14.05","14.61","15.05","2.818","","","2015-BASE_PROCUREMENT-2015-AIRFORCE_AIRCRAFT_VOL2-PROCUREMENT_MasterJustificationBook_Air_Force_PB_2015.zzz_unzipped-PROCUREMENT_MasterJustificationBook_Air_Force_PB_2015.xml","e0b4c68aca5bcb28bf2a8d6314af11bf878587e1d5636a46ade0d81891a819a1","0-2e4a4192712ef4a5d8576cb45638116276ebb7495bd594f9d69e46585ff84872","0-397d91a1b79a453a79d26f15c34869c3b1b1bae2121597fc191bd5d310b7024e","root.record.ItemExhibitList.P3AModificationItemGroup.ModificationItemList.ModificationItem"
"Air National Guard","","","","","","","12.212","","","2015-BASE_PROCUREMENT-2015-AIRFORCE_AIRCRAFT_VOL2-PROCUREMENT_MasterJustificationBook_Air_Force_PB_2015.zzz_unzipped-PROCUREMENT_MasterJustificationBook_Air_Force_PB_2015.xml","e0b4c68aca5bcb28bf2a8d6314af11bf878587e1d5636a46ade0d81891a819a1","1-f6bb03ddd378dda8075396e44315fa132a8ea1feff5f1a57846d8e665e39b65f","0-397d91a1b79a453a79d26f15c34869c3b1b1bae2121597fc191bd5d310b7024e","root.record.ItemExhibitList.P3AModificationItemGroup.ModificationItemList.ModificationItem"
"Air Force Reserve","","","","","","","0.47","8.23","","2015-BASE_PROCUREMENT-2015-AIRFORCE_AIRCRAFT_VOL2-PROCUREMENT_MasterJustificationBook_Air_Force_PB_2015.zzz_unzipped-PROCUREMENT_MasterJustificationBook_Air_Force_PB_2015.xml","e0b4c68aca5bcb28bf2a8d6314af11bf878587e1d5636a46ade0d81891a819a1","2-773cdbed3c895befe1f1d9ce8448ee7d114a6f28f853b3937091ac3074aacaf8","0-397d91a1b79a453a79d26f15c34869c3b1b1bae2121597fc191bd5d310b7024e","root.record.ItemExhibitList.P3AModificationItemGroup.ModificationItemList.ModificationItem"
"Air Force Active","","","1.31","1.31","10.97","11.299","","","","2015-BASE_PROCUREMENT-2015-AIRFORCE_AIRCRAFT_VOL2-PROCUREMENT_MasterJustificationBook_Air_Force_PB_2015.zzz_unzipped-PROCUREMENT_MasterJustificationBook_Air_Force_PB_2015.xml","e0b4c68aca5bcb28bf2a8d6314af11bf878587e1d5636a46ade0d81891a819a1","0-a4a5d04c9740047d7aef40642c7d8db45f4171992dfe9811d26fae3603a62222","0-ab4a4feff0bf0ad1e86ebead0967c54efee46586c86bd01acc4ddc76d40ea814","root.record.ItemExhibitList.P3AModificationItemGroup.ModificationItemList.ModificationItem"
"Air Force Active","","","","","0.719","8.322","","","","2015-BASE_PROCUREMENT-2015-AIRFORCE_AIRCRAFT_VOL2-PROCUREMENT_MasterJustificationBook_Air_Force_PB_2015.zzz_unzipped-PROCUREMENT_MasterJustificationBook_Air_Force_PB_2015.xml","e0b4c68aca5bcb28bf2a8d6314af11bf878587e1d5636a46ade0d81891a819a1","0-a10fb30c204e31a7b802e9169899ee5ba824ba6bc653fffdbee4efd585bbd9c6","1-3f3c00e77bcab94e233a0d15391d4f633c64464d19992023971850b77de73410","root.record.ItemExhibitList.P3AModificationItemGroup.ModificationItemList.ModificationItem"
"Air Force Active","","5.745","6.605","6.605","9.664","9.304","21.532","27.813","","2015-BASE_PROCUREMENT-2015-AIRFORCE_AIRCRAFT_VOL2-PROCUREMENT_MasterJustificationBook_Air_Force_PB_2015.zzz_unzipped-PROCUREMENT_MasterJustificationBook_Air_Force_PB_2015.xml","e0b4c68aca5bcb28bf2a8d6314af11bf878587e1d5636a46ade0d81891a819a1","0-b1be032b7d2d4b31d690bd609d5141b609d0650c582489d30dd7c741430f69e2","0-30beab0902340ce3b24b6a00ce3a753301c6777976902fd6c33b2e53c8169e2e","root.record.ItemExhibitList.P3AModificationItemGroup.ModificationItemList.ModificationItem"
"Air Force Active","4.226","3.824","4.553","4.553","3.302","3.302","","","","2015-BASE_PROCUREMENT-2015-AIRFORCE_AIRCRAFT_VOL2-PROCUREMENT_MasterJustificationBook_Air_Force_PB_2015.zzz_unzipped-PROCUREMENT_MasterJustificationBook_Air_Force_PB_2015.xml","e0b4c68aca5bcb28bf2a8d6314af11bf878587e1d5636a46ade0d81891a819a1","0-73494399d4fa87ac109bf1bdb6425a73ace582297f0478f812f7fcb61997f124","0-74779d18fc4787279526cdb9a2ef8957195fba5e14a8b8e0fabc83428ecdbca8","root.record.ItemExhibitList.P3AModificationItemGroup.ModificationItemList.ModificationItem"
"Air Force Active","","2.624","2.004","2.004","","","","","","2015-BASE_PROCUREMENT-2015-AIRFORCE_AIRCRAFT_VOL2-PROCUREMENT_MasterJustificationBook_Air_Force_PB_2015.zzz_unzipped-PROCUREMENT_MasterJustificationBook_Air_Force_PB_2015.xml","0b3cc84504de3dcd8d9b0ee78b03c6179e180dce85fc9cbee3b0fc0b68f603c4","0-2f9be154c03347f08a458a28eccbabfdc225bdca24ca759c765da4e13e08e280","0-425ace5fa5ecf9646a997fe8ad977de10db4c5d41b5fae83d79c1dedbd674965","root.record.ItemExhibitList.P3AModificationItemGroup.ModificationItemList.ModificationItem"
"Air Force Reserve","","0.656","3.118","3.118","","","","","","2015-BASE_PROCUREMENT-2015-AIRFORCE_AIRCRAFT_VOL2-PROCUREMENT_MasterJustificationBook_Air_Force_PB_2015.zzz_unzipped-PROCUREMENT_MasterJustificationBook_Air_Force_PB_2015.xml","0b3cc84504de3dcd8d9b0ee78b03c6179e180dce85fc9cbee3b0fc0b68f603c4","1-8607c76aa59ffd8773fee142cf3937e9917c94f119969a2e6c762347ef74e2d2","0-425ace5fa5ecf9646a997fe8ad977de10db4c5d41b5fae83d79c1dedbd674965","root.record.ItemExhibitList.P3AModificationItemGroup.ModificationItemList.ModificationItem"
"Air Force Active","","29.28","49.812","49.812","","","","","","2015-BASE_PROCUREMENT-2015-AIRFORCE_AIRCRAFT_VOL2-PROCUREMENT_MasterJustificationBook_Air_Force_PB_2015.zzz_unzipped-PROCUREMENT_MasterJustificationBook_Air_Force_PB_2015.xml","0b3cc84504de3dcd8d9b0ee78b03c6179e180dce85fc9cbee3b0fc0b68f603c4","0-5a4805ee9432506fef32806a70a526ad2480c582fd617b3b3c546dfea1acffbf","0-bc40e351f1fbcd0fef6ee25a9e4ab12b29fb7e6a8fb83ede90a88f9fa0c6828a","root.record.ItemExhibitList.P3AModificationItemGroup.ModificationItemList.ModificationItem"
"Air Force Reserve","","7.32","10.674","10.674","","","","","","2015-BASE_PROCUREMENT-2015-AIRFORCE_AIRCRAFT_VOL2-PROCUREMENT_MasterJustificationBook_Air_Force_PB_2015.zzz_unzipped-PROCUREMENT_MasterJustificationBook_Air_Force_PB_2015.xml","0b3cc84504de3dcd8d9b0ee78b03c6179e180dce85fc9cbee3b0fc0b68f603c4","1-8fc9c6b19e1e99d33272fde56b75826d62a4a67b1313e952289c50a104763360","0-bc40e351f1fbcd0fef6ee25a9e4ab12b29fb7e6a8fb83ede90a88f9fa0c6828a","root.record.ItemExhibitList.P3AModificationItemGroup.ModificationItemList.ModificationItem"
"Air Force Active","","","3.289","3.289","","","","","","2015-BASE_PROCUREMENT-2015-AIRFORCE_AIRCRAFT_VOL2-PROCUREMENT_MasterJustificationBook_Air_Force_PB_2015.zzz_unzipped-PROCUREMENT_MasterJustificationBook_Air_Force_PB_2015.xml","0b3cc84504de3dcd8d9b0ee78b03c6179e180dce85fc9cbee3b0fc0b68f603c4","0-7b810bef70b54f5cb8686c941d898457deb7eb21b6d2dcfda7c4dc95bcfd4555","0-a1d70e0121929859bf2734e507dc0e64819e043e383296c516f32efb3d8989cb","root.record.ItemExhibitList.P3AModificationItemGroup.ModificationItemList.ModificationItem"
"Air Force Active","","8.038","3.91","3.91","","","","","","2015-BASE_PROCUREMENT-2015-AIRFORCE_AIRCRAFT_VOL2-PROCUREMENT_MasterJustificationBook_Air_Force_PB_2015.zzz_unzipped-PROCUREMENT_MasterJustificationBook_Air_Force_PB_2015.xml","0b3cc84504de3dcd8d9b0ee78b03c6179e180dce85fc9cbee3b0fc0b68f603c4","0-bb52289359fc0cc7a04a86b37d6732d62949850a6a9d247423c73de870e18acb","0-f5cdc61373ec1a9930a8ba85957e33a08af7b6f7cc8b817fcd71ade4c6aea2a8","root.record.ItemExhibitList.P3AModificationItemGroup.ModificationItemList.ModificationItem"
"Air Force Reserve","","","3.34","3.34","","","","","","2015-BASE_PROCUREMENT-2015-AIRFORCE_AIRCRAFT_VOL2-PROCUREMENT_MasterJustificationBook_Air_Force_PB_2015.zzz_unzipped-PROCUREMENT_MasterJustificationBook_Air_Force_PB_2015.xml","0b3cc84504de3dcd8d9b0ee78b03c6179e180dce85fc9cbee3b0fc0b68f603c4","1-36def13c60b03be044ae36f235df89ba4e3e2fd607af89dc2b16f029fb013667","0-f5cdc61373ec1a9930a8ba85957e33a08af7b6f7cc8b817fcd71ade4c6aea2a8","root.record.ItemExhibitList.P3AModificationItemGroup.ModificationItemList.ModificationItem"
"Air National Guard","","3","2.875","2.875","","","","","","2015-BASE_PROCUREMENT-2015-AIRFORCE_AIRCRAFT_VOL2-PROCUREMENT_MasterJustificationBook_Air_Force_PB_2015.zzz_unzipped-PROCUREMENT_MasterJustificationBook_Air_Force_PB_2015.xml","238e5085dc0888e77904efb55416822a25ede521b2dc0ac35009e46fc2ba274d","0-711dd446869994722e48400cc99d96128d5778959f5335134f2af9789352f2c8","0-6e8d7201a18b2cf0bc71ea815586b160cf26f93c361b85d98cabdd71cf3b8197","root.record.ItemExhibitList.P3AModificationItemGroup.ModificationItemList.ModificationItem"
"Air Force Reserve","","1.375","2.125","2.125","","","","","","2015-BASE_PROCUREMENT-2015-AIRFORCE_AIRCRAFT_VOL2-PROCUREMENT_MasterJustificationBook_Air_Force_PB_2015.zzz_unzipped-PROCUREMENT_MasterJustificationBook_Air_Force_PB_2015.xml","238e5085dc0888e77904efb55416822a25ede521b2dc0ac35009e46fc2ba274d","1-26aaf9b7c23343d1505ecca36f7b3347024a19ffa1e3dd10e4850bc3eb2f1351","0-6e8d7201a18b2cf0bc71ea815586b160cf26f93c361b85d98cabdd71cf3b8197","root.record.ItemExhibitList.P3AModificationItemGroup.ModificationItemList.ModificationItem"
"Air Force Active","26.615","4.26","","","","","","","","2015-BASE_PROCUREMENT-2015-AIRFORCE_AIRCRAFT_VOL2-PROCUREMENT_MasterJustificationBook_Air_Force_PB_2015.zzz_unzipped-PROCUREMENT_MasterJustificationBook_Air_Force_PB_2015.xml","915b03b5c79079cef74c1f5fed99ff94d2a961666ffa690a638fb838766b41c1","0-5f4a9e9f2647fc68111266c68ace75a2cb7e52125c5189a75d1d73ce025ef3a3","1-501daf005557648e838e57e079e0a6ff360bdcdace897d7479a70efa0fdab7f2","root.record.ItemExhibitList.P3AModificationItemGroup.ModificationItemList.ModificationItem"
"Air National Guard","7.604","","","","","","","","","2015-BASE_PROCUREMENT-2015-AIRFORCE_AIRCRAFT_VOL2-PROCUREMENT_MasterJustificationBook_Air_Force_PB_2015.zzz_unzipped-PROCUREMENT_MasterJustificationBook_Air_Force_PB_2015.xml","915b03b5c79079cef74c1f5fed99ff94d2a961666ffa690a638fb838766b41c1","1-dde96021436e2d4cbc7c882f45f6b2f26c2c32dc929ffefc0ffc8fb1fea259cf","1-501daf005557648e838e57e079e0a6ff360bdcdace897d7479a70efa0fdab7f2","root.record.ItemExhibitList.P3AModificationItemGroup.ModificationItemList.ModificationItem"
"Air Force Reserve","3.802","","","","","","","","","2015-BASE_PROCUREMENT-2015-AIRFORCE_AIRCRAFT_VOL2-PROCUREMENT_MasterJustificationBook_Air_Force_PB_2015.zzz_unzipped-PROCUREMENT_MasterJustificationBook_Air_Force_PB_2015.xml","915b03b5c79079cef74c1f5fed99ff94d2a961666ffa690a638fb838766b41c1","2-32ee7887026719079f27c3656bcf13184f041ec33fe68b7bc5f6279460e68601","1-501daf005557648e838e57e079e0a6ff360bdcdace897d7479a70efa0fdab7f2","root.record.ItemExhibitList.P3AModificationItemGroup.ModificationItemList.ModificationItem"
"Air Force Active","10.686","","","","","","","","","2015-BASE_PROCUREMENT-2015-AIRFORCE_AIRCRAFT_VOL2-PROCUREMENT_MasterJustificationBook_Air_Force_PB_2015.zzz_unzipped-PROCUREMENT_MasterJustificationBook_Air_Force_PB_2015.xml","915b03b5c79079cef74c1f5fed99ff94d2a961666ffa690a638fb838766b41c1","0-68d168faae7da70a153fb99330834cb9f406a209b494dc8db665e5b2466e0caa","2-e77862a78a3af3c47403cbcbd5c60830986164be01d62f6c0b7525b2f6a8f402","root.record.ItemExhibitList.P3AModificationItemGroup.ModificationItemList.ModificationItem"
"Air Force Active","18.933","","","","","","","","","2015-BASE_PROCUREMENT-2015-AIRFORCE_AIRCRAFT_VOL2-PROCUREMENT_MasterJustificationBook_Air_Force_PB_2015.zzz_unzipped-PROCUREMENT_MasterJustificationBook_Air_Force_PB_2015.xml","f589edbc06d76a4949c8665cea83963e382985d5b4eea11b3a6abcd51d15beb8","0-ec83cc256dad1e89ff7c84132190a7663a81bec63cf15a53bfa4e375cdb2dd85","0-de20f69ec9c48e232b2f56bc3cb618f78cb5a42a5bc88b065a533b0d5a45ea18","root.record.ItemExhibitList.P3AModificationItemGroup.ModificationItemList.ModificationItem"
"Air Force Active","5.713","","15.616","15.616","","","","","","2015-BASE_PROCUREMENT-2015-AIRFORCE_AIRCRAFT_VOL2-PROCUREMENT_MasterJustificationBook_Air_Force_PB_2015.zzz_unzipped-PROCUREMENT_MasterJustificationBook_Air_Force_PB_2015.xml","1d0ff418bd7c6cd4e0e89bd791631b1a3c0f2af4c9f1aa7bb064636a8d9f282b","0-7f941eca440005842abadb650bf7dc14c5d10b818cc0a370a079bc4e173e51f0","0-0340c9162db1833f6b91ae4bb791bcb6a8ba49b615dc5f363022555c25b21e3e","root.record.ItemExhibitList.P3AModificationItemGroup.ModificationItemList.ModificationItem"
"Air National Guard","5.713","","16.484","16.484","","","","","","2015-BASE_PROCUREMENT-2015-AIRFORCE_AIRCRAFT_VOL2-PROCUREMENT_MasterJustificationBook_Air_Force_PB_2015.zzz_unzipped-PROCUREMENT_MasterJustificationBook_Air_Force_PB_2015.xml","1d0ff418bd7c6cd4e0e89bd791631b1a3c0f2af4c9f1aa7bb064636a8d9f282b","1-2694cce82b6c060c8fdd4d9537bb79e88e3bffd52997aff3faf2f7b353bd443d","0-0340c9162db1833f6b91ae4bb791bcb6a8ba49b615dc5f363022555c25b21e3e","root.record.ItemExhibitList.P3AModificationItemGroup.ModificationItemList.ModificationItem"
"Air Force Reserve","2.143","","6.941","6.941","","","","","","2015-BASE_PROCUREMENT-2015-AIRFORCE_AIRCRAFT_VOL2-PROCUREMENT_MasterJustificationBook_Air_Force_PB_2015.zzz_unzipped-PROCUREMENT_MasterJustificationBook_Air_Force_PB_2015.xml","1d0ff418bd7c6cd4e0e89bd791631b1a3c0f2af4c9f1aa7bb064636a8d9f282b","2-d72cd6b2d3aedf1f2138fb629aa5e32f6ef565bbd16ac40b67f07695dfba9cb5","0-0340c9162db1833f6b91ae4bb791bcb6a8ba49b615dc5f363022555c25b21e3e","root.record.ItemExhibitList.P3AModificationItemGroup.ModificationItemList.ModificationItem"
"Air Force Active","53.616","","","","","","","","","2015-BASE_PROCUREMENT-2015-AIRFORCE_AIRCRAFT_VOL2-PROCUREMENT_MasterJustificationBook_Air_Force_PB_2015.zzz_unzipped-PROCUREMENT_MasterJustificationBook_Air_Force_PB_2015.xml","a48921b64d03b92f38e99229622434b0339f2788458c62c08f23ae8dd17a6497","0-3cc79aaea87f4537a76a2346226af3cdb48ad93ac205270f2337f420bebf0bdc","0-352c8b2976310a67e1ff3a368ceb2e8a992ffc1a538b6b00b5e20a1b19122c60","root.record.ItemExhibitList.P3AModificationItemGroup.ModificationItemList.ModificationItem"
"Air Force Active","58.646","125.745","191.871","191.871","","","","","","2015-BASE_PROCUREMENT-2015-AIRFORCE_AIRCRAFT_VOL2-PROCUREMENT_MasterJustificationBook_Air_Force_PB_2015.zzz_unzipped-PROCUREMENT_MasterJustificationBook_Air_Force_PB_2015.xml","855eae1cbb61b6501bc214ee71975773395e237741d724826b960bf4c434431a","0-fcb7db64accbebd089ceff1aca9bd428d6e10e93a2c9e906b3f061faedff06bb","0-b2b59d91ed41ff6c6a7545e9d9a61bc00f5877560dc6acab265ef359dc245c96","root.record.ItemExhibitList.P3AModificationItemGroup.ModificationItemList.ModificationItem"
"Air Force Active","3.783","78.489","15.394","15.394","","","","","","2015-BASE_PROCUREMENT-2015-AIRFORCE_AIRCRAFT_VOL2-PROCUREMENT_MasterJustificationBook_Air_Force_PB_2015.zzz_unzipped-PROCUREMENT_MasterJustificationBook_Air_Force_PB_2015.xml","855eae1cbb61b6501bc214ee71975773395e237741d724826b960bf4c434431a","0-0d43552661a7746582bd56c0b7755359ec990de30bf06f5b9df2ba04607b7d00","0-34abf22bfe09a6334ea5b99adad969d8092cfb66febc474ecf25e68a38de0b3b","root.record.ItemExhibitList.P3AModificationItemGroup.ModificationItemList.ModificationItem"
"Air National Guard","46.912","8.783","87.104","87.104","","","","","","2015-BASE_PROCUREMENT-2015-AIRFORCE_AIRCRAFT_VOL2-PROCUREMENT_MasterJustificationBook_Air_Force_PB_2015.zzz_unzipped-PROCUREMENT_MasterJustificationBook_Air_Force_PB_2015.xml","855eae1cbb61b6501bc214ee71975773395e237741d724826b960bf4c434431a","1-0b0802284a13e2cabd9d966037d2eaac9962f656d8c64ee45d88808400ff5fe7","0-34abf22bfe09a6334ea5b99adad969d8092cfb66febc474ecf25e68a38de0b3b","root.record.ItemExhibitList.P3AModificationItemGroup.ModificationItemList.ModificationItem"
"Air Force Active","2.793","8.605","","","","","","","","2015-BASE_PROCUREMENT-2015-AIRFORCE_AIRCRAFT_VOL2-PROCUREMENT_MasterJustificationBook_Air_Force_PB_2015.zzz_unzipped-PROCUREMENT_MasterJustificationBook_Air_Force_PB_2015.xml","855eae1cbb61b6501bc214ee71975773395e237741d724826b960bf4c434431a","0-fdabfe57dcaa7d31231a9dc6d575546a91390cf34cd67b341d7a4124b9b52d72","0-bf2903c9437161145eee7f7388ed74a2361074d2bf192a26c239d3ce0da626d4","root.record.ItemExhibitList.P3AModificationItemGroup.ModificationItemList.ModificationItem"
"Air Force Active","8.6","8.48","","","","","","","","2015-BASE_PROCUREMENT-2015-AIRFORCE_AIRCRAFT_VOL2-PROCUREMENT_MasterJustificationBook_Air_Force_PB_2015.zzz_unzipped-PROCUREMENT_MasterJustificationBook_Air_Force_PB_2015.xml","855eae1cbb61b6501bc214ee71975773395e237741d724826b960bf4c434431a","0-6ec262b9c648fb4675224d2e7d5e69c42169c94aa24a15aaaac689afb4b1f26d","0-7b2f3e84d69a3b4cd709af4029103e4fa839ded9cde51902cfd7c0f01f225b6d","root.record.ItemExhibitList.P3AModificationItemGroup.ModificationItemList.ModificationItem"
"Air National Guard","22.418","","","","","","","","","2015-BASE_PROCUREMENT-2015-AIRFORCE_AIRCRAFT_VOL2-PROCUREMENT_MasterJustificationBook_Air_Force_PB_2015.zzz_unzipped-PROCUREMENT_MasterJustificationBook_Air_Force_PB_2015.xml","e0999d2b89817dbe0cc954d07a44ef1ad1938f20a6bca9d4306e26527654e26d","0-556694fc84d75247fa3a80be0c53f5ae9a3b165f224d6c49d0e12cf75380cbcb","0-88492b8242e7f9bcc94ef95b67271490085c61fdbc9cbc843c4610a7882584f2","root.record.ItemExhibitList.P3AModificationItemGroup.ModificationItemList.ModificationItem"
"Air Force Active","53.658","60.793","37.611","37.611","39.951","47.86","43.967","31.137","","2015-BASE_PROCUREMENT-2015-AIRFORCE_AIRCRAFT_VOL2-PROCUREMENT_MasterJustificationBook_Air_Force_PB_2015.zzz_unzipped-PROCUREMENT_MasterJustificationBook_Air_Force_PB_2015.xml","e0999d2b89817dbe0cc954d07a44ef1ad1938f20a6bca9d4306e26527654e26d","0-1308443c9dfe4b2c5723460e5e350ec6c49dd86c8d956ca6504d8bb319c7cda4","0-e739c3e83fb75f50d5eae4cac5119344be49e35bac60bb4e95900a2e32eba13d","root.record.ItemExhibitList.P3AModificationItemGroup.ModificationItemList.ModificationItem"
"Air National Guard","8.812","6.836","6.637","6.637","5.671","3.12","2.025","2.166","","2015-BASE_PROCUREMENT-2015-AIRFORCE_AIRCRAFT_VOL2-PROCUREMENT_MasterJustificationBook_Air_Force_PB_2015.zzz_unzipped-PROCUREMENT_MasterJustificationBook_Air_Force_PB_2015.xml","e0999d2b89817dbe0cc954d07a44ef1ad1938f20a6bca9d4306e26527654e26d","1-c5abb333d55dc94e7a2521e2e2af448e6b0ba2838182d884205514615d52799d","0-e739c3e83fb75f50d5eae4cac5119344be49e35bac60bb4e95900a2e32eba13d","root.record.ItemExhibitList.P3AModificationItemGroup.ModificationItemList.ModificationItem"
"Air Force Active","7.427","18.666","12.155","12.155","11.73","24.923","27.288","22.692","","2015-BASE_PROCUREMENT-2015-AIRFORCE_AIRCRAFT_VOL2-PROCUREMENT_MasterJustificationBook_Air_Force_PB_2015.zzz_unzipped-PROCUREMENT_MasterJustificationBook_Air_Force_PB_2015.xml","e0999d2b89817dbe0cc954d07a44ef1ad1938f20a6bca9d4306e26527654e26d","0-d40edee86cdeb86d51a8c0aec84705d6ec8c3236940fd016aab880c394f9ebeb","0-852135f0dbd94c2748d72fdacd3509fed8003c55a99b470968e065c3e7c047b3","root.record.ItemExhibitList.P3AModificationItemGroup.ModificationItemList.ModificationItem"
"Air National Guard","0.807","3.067","1.321","1.321","1.274","2.014","2.421","2.465","","2015-BASE_PROCUREMENT-2015-AIRFORCE_AIRCRAFT_VOL2-PROCUREMENT_MasterJustificationBook_Air_Force_PB_2015.zzz_unzipped-PROCUREMENT_MasterJustificationBook_Air_Force_PB_2015.xml","e0999d2b89817dbe0cc954d07a44ef1ad1938f20a6bca9d4306e26527654e26d","1-71ad62260cca5e48f789a3541b543783ffca5c83e5773d3cb181d8bc2e635a0e","0-852135f0dbd94c2748d72fdacd3509fed8003c55a99b470968e065c3e7c047b3","root.record.ItemExhibitList.P3AModificationItemGroup.ModificationItemList.ModificationItem"
"Air Force Active","5.801","7.931","5.09","5.09","5.571","10.141","","","","2015-BASE_PROCUREMENT-2015-AIRFORCE_AIRCRAFT_VOL2-PROCUREMENT_MasterJustificationBook_Air_Force_PB_2015.zzz_unzipped-PROCUREMENT_MasterJustificationBook_Air_Force_PB_2015.xml","e0999d2b89817dbe0cc954d07a44ef1ad1938f20a6bca9d4306e26527654e26d","0-983c4beb44f89278a7f4d48b46c3557414415d7d275d383a210abb1f23b25524","0-fb91f50923aaf7c7ec3146fe11ed111184e5cc407e73a681591b21d93a3037b3","root.record.ItemExhibitList.P3AModificationItemGroup.ModificationItemList.ModificationItem"
"Air National Guard","0.58","","","","","2.751","17.883","","","2015-BASE_PROCUREMENT-2015-AIRFORCE_AIRCRAFT_VOL2-PROCUREMENT_MasterJustificationBook_Air_Force_PB_2015.zzz_unzipped-PROCUREMENT_MasterJustificationBook_Air_Force_PB_2015.xml","e0999d2b89817dbe0cc954d07a44ef1ad1938f20a6bca9d4306e26527654e26d","1-e3cd2a5d9a3246c3488834fc1d683b53bd300425108a1f33b42fdfdf8eb20b09","0-fb91f50923aaf7c7ec3146fe11ed111184e5cc407e73a681591b21d93a3037b3","root.record.ItemExhibitList.P3AModificationItemGroup.ModificationItemList.ModificationItem"
"Air Force Active","29.961","22.49","","","3.15","5.85","6.093","2.569","","2015-BASE_PROCUREMENT-2015-AIRFORCE_AIRCRAFT_VOL2-PROCUREMENT_MasterJustificationBook_Air_Force_PB_2015.zzz_unzipped-PROCUREMENT_MasterJustificationBook_Air_Force_PB_2015.xml","e0999d2b89817dbe0cc954d07a44ef1ad1938f20a6bca9d4306e26527654e26d","0-6ac678fca8eb912b63567be12c8638d61a3baf4307cd4dd2e655f0cab696fa5f","0-2440f8e34eadeb656c6c9573c6f504aed4fbb97f9c6eb99790851c5959e26256","root.record.ItemExhibitList.P3AModificationItemGroup.ModificationItemList.ModificationItem"
"Air Force Active","","","","","63.551","75.159","92.625","","","2015-BASE_PROCUREMENT-2015-AIRFORCE_AIRCRAFT_VOL2-PROCUREMENT_MasterJustificationBook_Air_Force_PB_2015.zzz_unzipped-PROCUREMENT_MasterJustificationBook_Air_Force_PB_2015.xml","a8a6e5bc3013496d237ccecb8631798e1f6fde8d6f32dd9210c3a80ded847d47","0-d5a06d58441200e4030e836f93c346f6101fd597cc0c7cb5fb815baf75aead61","0-4158cf3c34e553431192a30f471a985b4fc4e3f54738adb9dfce484a7c8ef85a","root.record.ItemExhibitList.P3AModificationItemGroup.ModificationItemList.ModificationItem"
"Air National Guard","","","","","","","35.11","","","2015-BASE_PROCUREMENT-2015-AIRFORCE_AIRCRAFT_VOL2-PROCUREMENT_MasterJustificationBook_Air_Force_PB_2015.zzz_unzipped-PROCUREMENT_MasterJustificationBook_Air_Force_PB_2015.xml","a8a6e5bc3013496d237ccecb8631798e1f6fde8d6f32dd9210c3a80ded847d47","1-4aa2eee6e161d64795cdc43f06f755415139640e2becbfadb2126e7b6ad56ec5","0-4158cf3c34e553431192a30f471a985b4fc4e3f54738adb9dfce484a7c8ef85a","root.record.ItemExhibitList.P3AModificationItemGroup.ModificationItemList.ModificationItem"
"Air Force Active","2.067","3.261","1.644","1.644","","","","","","2015-BASE_PROCUREMENT-2015-AIRFORCE_OTHER-PROCUREMENT_JustificationBook_Air_Force_PB_2015.zzz_unzipped-PROCUREMENT_JustificationBook_Air_Force_PB_2015.xml","468bc985f6e66df36e06ea9a96c28ec64edcebf0d6674e83420127564b1094c0","0-1bbf548544e91abd1261b46735c2c08d12e727664ef3b2dff1990645dcf29b6b","0-0e208cb0012637d63f30309e32c3dff199cd05faa24de609d7bae74eefb87b64","root.record.ItemExhibitList.P3AModificationItemGroup.ModificationItemList.ModificationItem"
"Air National Guard","","0.21","","","","","","","","2015-BASE_PROCUREMENT-2015-AIRFORCE_OTHER-PROCUREMENT_JustificationBook_Air_Force_PB_2015.zzz_unzipped-PROCUREMENT_JustificationBook_Air_Force_PB_2015.xml","468bc985f6e66df36e06ea9a96c28ec64edcebf0d6674e83420127564b1094c0","1-818c6e4fc6b672dd25ff025377acd89f45493d6e9a462c86320df82c5d9aa521","0-0e208cb0012637d63f30309e32c3dff199cd05faa24de609d7bae74eefb87b64","root.record.ItemExhibitList.P3AModificationItemGroup.ModificationItemList.ModificationItem"
"Air Force Reserve","","0.631","0.411","0.411","","","","","","2015-BASE_PROCUREMENT-2015-AIRFORCE_OTHER-PROCUREMENT_JustificationBook_Air_Force_PB_2015.zzz_unzipped-PROCUREMENT_JustificationBook_Air_Force_PB_2015.xml","468bc985f6e66df36e06ea9a96c28ec64edcebf0d6674e83420127564b1094c0","2-2d7df33e744383e9d19ee6fc6ec8ed0ef9f5461adb019cc376bb1e4bbbbe748c","0-0e208cb0012637d63f30309e32c3dff199cd05faa24de609d7bae74eefb87b64","root.record.ItemExhibitList.P3AModificationItemGroup.ModificationItemList.ModificationItem"
"Air Force Active","2.067","3.261","1.644","1.644","","","","","","2015-BASE_PROCUREMENT-2015-AIRFORCE_OTHER-PROCUREMENT_MasterJustificationBook_Air_Force_PB_2015.zzz_unzipped-PROCUREMENT_MasterJustificationBook_Air_Force_PB_2015.xml","38574a0eb107b9f7269a65b5cd9e3370a0cecba368536b676cf0c3e78bac69ac","0-bca7cc8571313d3a77183decec4061711a220eb9f28da2aec789763143c0f7b6","0-af566499337573179d5714bb2d29e1ac55bb17056efe1456ce267979f686c7ec","root.record.ItemExhibitList.P3AModificationItemGroup.ModificationItemList.ModificationItem"
"Air National Guard","","0.21","","","","","","","","2015-BASE_PROCUREMENT-2015-AIRFORCE_OTHER-PROCUREMENT_MasterJustificationBook_Air_Force_PB_2015.zzz_unzipped-PROCUREMENT_MasterJustificationBook_Air_Force_PB_2015.xml","38574a0eb107b9f7269a65b5cd9e3370a0cecba368536b676cf0c3e78bac69ac","1-b5bfb1a38eed405f695195814dc443652932b8cdf022677d6ba7a361c9f74cda","0-af566499337573179d5714bb2d29e1ac55bb17056efe1456ce267979f686c7ec","root.record.ItemExhibitList.P3AModificationItemGroup.ModificationItemList.ModificationItem"
"Air Force Reserve","","0.631","0.411","0.411","","","","","","2015-BASE_PROCUREMENT-2015-AIRFORCE_OTHER-PROCUREMENT_MasterJustificationBook_Air_Force_PB_2015.zzz_unzipped-PROCUREMENT_MasterJustificationBook_Air_Force_PB_2015.xml","38574a0eb107b9f7269a65b5cd9e3370a0cecba368536b676cf0c3e78bac69ac","2-791eb09c15ebb3d9b51a6650db6a2f354d79143924a843de36800c92df9b7d2f","0-af566499337573179d5714bb2d29e1ac55bb17056efe1456ce267979f686c7ec","root.record.ItemExhibitList.P3AModificationItemGroup.ModificationItemList.ModificationItem"
"Air National Guard","","3","2.875","2.875","","","","","","2015-AMENDED_PROCUREMENT_AND_RDTE-2015-AIRFORCE_AMMO-PROCUREMENT_JustificationBook_Air_Force_PBAmended_2015.zzz_unzipped-PROCUREMENT_JustificationBook_Air_Force_PBAmended_2015.xml","5d0eeab0e5f827704ba2a685913a7359c919753ae300be7e875ee61ae60888e4","0-dfced0c49e566623ea79d1a3239877a7cd13cf7fe28d18c09cdc30df51d38430","0-170ff6f5531f53120d2c9f73fd468abaa2b33258a05180dd85f59860e443991b","root.record.ItemExhibitList.P3AModificationItemGroup.ModificationItemList.ModificationItem"
"Air Force Reserve","","1.375","2.125","2.125","","","","","","2015-AMENDED_PROCUREMENT_AND_RDTE-2015-AIRFORCE_AMMO-PROCUREMENT_JustificationBook_Air_Force_PBAmended_2015.zzz_unzipped-PROCUREMENT_JustificationBook_Air_Force_PBAmended_2015.xml","5d0eeab0e5f827704ba2a685913a7359c919753ae300be7e875ee61ae60888e4","1-362857c99080583c5c3c52a1ac2a3b9ca9817e8b64332dcb811bd42cccf8c78c","0-170ff6f5531f53120d2c9f73fd468abaa2b33258a05180dd85f59860e443991b","root.record.ItemExhibitList.P3AModificationItemGroup.ModificationItemList.ModificationItem"
"Air Force Active","","","","25","","","","","25","2015-AMENDED_PROCUREMENT_AND_RDTE-2015-AIRFORCE_AMMO-PROCUREMENT_JustificationBook_Air_Force_PBAmended_2015.zzz_unzipped-PROCUREMENT_JustificationBook_Air_Force_PBAmended_2015.xml","5d0eeab0e5f827704ba2a685913a7359c919753ae300be7e875ee61ae60888e4","0-43b3f3f25f83a3618e4959bad65977c7470514ce946643846408707a0a622d8a","0-29adf8a98d2b9ce74a6c7231a8d200134465f5232ad74fe6c396a1b9cdbbc018","root.record.ItemExhibitList.P3AModificationItemGroup.ModificationItemList.ModificationItem"
"Air Force Active","","","","1.92","","","","","1.92","2015-AMENDED_PROCUREMENT_AND_RDTE-2015-AIRFORCE_AMMO-PROCUREMENT_JustificationBook_Air_Force_PBAmended_2015.zzz_unzipped-PROCUREMENT_JustificationBook_Air_Force_PBAmended_2015.xml","5d0eeab0e5f827704ba2a685913a7359c919753ae300be7e875ee61ae60888e4","0-d1a64335ece7ab3a3954bbb384d6aadc4bb4efc30e24e0e35f94328f845e9ac2","0-ffd0c727b6e7876ce3b60a37dd7722014d9c3e3adb676a7ecc2b9f70b6a957c3","root.record.ItemExhibitList.P3AModificationItemGroup.ModificationItemList.ModificationItem"
"Air Force Active","","","","20.2","","","","","20.2","2015-AMENDED_PROCUREMENT_AND_RDTE-2015-AIRFORCE_AMMO-PROCUREMENT_JustificationBook_Air_Force_PBAmended_2015.zzz_unzipped-PROCUREMENT_JustificationBook_Air_Force_PBAmended_2015.xml","5d0eeab0e5f827704ba2a685913a7359c919753ae300be7e875ee61ae60888e4","0-cf65bd506edc86f8c3891eb8f8f7e3074537e4ff70854b27baf7c34c67ccc9d2","0-76c584334ff30c06d1336733be624db949710b435bfe275f744b3e332453d1ec","root.record.ItemExhibitList.P3AModificationItemGroup.ModificationItemList.ModificationItem"
"Air Force Active","18.933","","","7.868","","","","","7.868","2015-AMENDED_PROCUREMENT_AND_RDTE-2015-AIRFORCE_AMMO-PROCUREMENT_JustificationBook_Air_Force_PBAmended_2015.zzz_unzipped-PROCUREMENT_JustificationBook_Air_Force_PBAmended_2015.xml","3cdf5370d6aa06ad598534cb0c149c4f22f6fb738ead93645d4b6f4becdfa971","0-ffd8bf362d273fd6825204539a3888b32d44620242c440f5b005d139f4dd50f9","0-fb82c2c7ef38ce65faf94a3d0c837d50275cf491f5ba9266cbdfcf2d0ee9292d","root.record.ItemExhibitList.P3AModificationItemGroup.ModificationItemList.ModificationItem"
"Air Force Active","","","","110","","","","","110","2015-AMENDED_PROCUREMENT_AND_RDTE-2015-AIRFORCE_AMMO-PROCUREMENT_JustificationBook_Air_Force_PBAmended_2015.zzz_unzipped-PROCUREMENT_JustificationBook_Air_Force_PBAmended_2015.xml","d177e659f53ffa5917a1e0770f0f77f8ddcc46ba3527c6a754a8a7acb25715b8","0-2dea906e737932b040a98ce5a9acf498101da369e1e0101ea2db4b2518a34b71","0-8abc08ae5fc73282029ef46845d80d31e9abe2c1f5ff6922d5ebb630ea13a212","root.record.ItemExhibitList.P3AModificationItemGroup.ModificationItemList.ModificationItem"
"Air National Guard","","3","2.875","2.875","","","","","","2015-AMENDED_PROCUREMENT_AND_RDTE-2015-AIRFORCE_AMMO-PROCUREMENT_MasterJustificationBook_Air_Force_PBAmended_2015.zzz_unzipped-PROCUREMENT_MasterJustificationBook_Air_Force_PBAmended_2015.xml","308f697704d8ddc7394defea12f143515a17c085f8cd1988f241494e4852d23c","0-8a242d330229694fede89ef392c48631ce64ed8d14857a7f011f50c5275bc4d0","0-d81ef930ca80a7926e0bbd707ada09a9648648e0bc5ec79226667ac499321bb0","root.record.ItemExhibitList.P3AModificationItemGroup.ModificationItemList.ModificationItem"
"Air Force Reserve","","1.375","2.125","2.125","","","","","","2015-AMENDED_PROCUREMENT_AND_RDTE-2015-AIRFORCE_AMMO-PROCUREMENT_MasterJustificationBook_Air_Force_PBAmended_2015.zzz_unzipped-PROCUREMENT_MasterJustificationBook_Air_Force_PBAmended_2015.xml","308f697704d8ddc7394defea12f143515a17c085f8cd1988f241494e4852d23c","1-ecf54d83e101d29736b07eea26cf2c5c24d14edbaf8e94d56af37c708cb978c3","0-d81ef930ca80a7926e0bbd707ada09a9648648e0bc5ec79226667ac499321bb0","root.record.ItemExhibitList.P3AModificationItemGroup.ModificationItemList.ModificationItem"
"Air Force Active","","","","25","","","","","25","2015-AMENDED_PROCUREMENT_AND_RDTE-2015-AIRFORCE_AMMO-PROCUREMENT_MasterJustificationBook_Air_Force_PBAmended_2015.zzz_unzipped-PROCUREMENT_MasterJustificationBook_Air_Force_PBAmended_2015.xml","308f697704d8ddc7394defea12f143515a17c085f8cd1988f241494e4852d23c","0-cd653c63e1d2a661ea59913dcb45b4470a76a6a9d3e09209721c97b994d0eb08","0-f2be8999dc4003c1fbbc5760cfd42b5bc5875f470bbd1d845711d12b85104996","root.record.ItemExhibitList.P3AModificationItemGroup.ModificationItemList.ModificationItem"
"Air Force Active","","","","1.92","","","","","1.92","2015-AMENDED_PROCUREMENT_AND_RDTE-2015-AIRFORCE_AMMO-PROCUREMENT_MasterJustificationBook_Air_Force_PBAmended_2015.zzz_unzipped-PROCUREMENT_MasterJustificationBook_Air_Force_PBAmended_2015.xml","308f697704d8ddc7394defea12f143515a17c085f8cd1988f241494e4852d23c","0-3a56c6591f4b5710e1d9c89649322e6990469cf15d3805de7bd6b673da03604a","0-fec951f2994891af362f7ed5b9cb5af162a890d3bd3f2d953d32e722bcc1b0bc","root.record.ItemExhibitList.P3AModificationItemGroup.ModificationItemList.ModificationItem"
"Air Force Active","","","","20.2","","","","","20.2","2015-AMENDED_PROCUREMENT_AND_RDTE-2015-AIRFORCE_AMMO-PROCUREMENT_MasterJustificationBook_Air_Force_PBAmended_2015.zzz_unzipped-PROCUREMENT_MasterJustificationBook_Air_Force_PBAmended_2015.xml","308f697704d8ddc7394defea12f143515a17c085f8cd1988f241494e4852d23c","0-4e42f5271d88a6c908ed6e204aaea032a384008a53ae34dcc1f51b5beac7d1b3","0-ae163c253563cb42bedd72126a4994e1d7b16069fcb2d27026d671bd512477b2","root.record.ItemExhibitList.P3AModificationItemGroup.ModificationItemList.ModificationItem"
"Air Force Active","18.933","","","7.868","","","","","7.868","2015-AMENDED_PROCUREMENT_AND_RDTE-2015-AIRFORCE_AMMO-PROCUREMENT_MasterJustificationBook_Air_Force_PBAmended_2015.zzz_unzipped-PROCUREMENT_MasterJustificationBook_Air_Force_PBAmended_2015.xml","3422ac66d0ea6fb81b14f56ab36db4a0f72d47732900596259b15b9bc0499223","0-9c258ff06505ef3899084ef25ec7f139a8447e4a7f49df4daed704c10b25ba66","0-e3a65110ddf3cdb41779c80c6c613a23726a4a74e9dc3950c40917c91199537f","root.record.ItemExhibitList.P3AModificationItemGroup.ModificationItemList.ModificationItem"
"Air Force Active","","","","110","","","","","110","2015-AMENDED_PROCUREMENT_AND_RDTE-2015-AIRFORCE_AMMO-PROCUREMENT_MasterJustificationBook_Air_Force_PBAmended_2015.zzz_unzipped-PROCUREMENT_MasterJustificationBook_Air_Force_PBAmended_2015.xml","56973cec9b82d701b103921c27e9e0dd4d4550d12f7eb4cfb52ccf09176053e5","0-f8a4500230013cc8d2da5166e6dd4f7c1a9f865e5ab95f5a2f024fcfb5fbc291","0-d6b822174b004cad4d4b5851a14d8773ec0fb230f2b6915ffb97f782b15972eb","root.record.ItemExhibitList.P3AModificationItemGroup.ModificationItemList.ModificationItem"
