Name_val,Cost_TotalCost_PriorYear_val,Cost_TotalCost_CurrentYear_val,Cost_TotalCost_BudgetYearOneBase_val,Cost_TotalCost_BudgetYearOne_val,Cost_TotalCost_BudgetYearTwo_val,Cost_TotalCost_BudgetYearThree_val,Cost_TotalCost_BudgetYearFour_val,Cost_TotalCost_BudgetYearFive_val,Cost_TotalCost_BudgetYearOneOCO_val,@SOURCE_FILENAME,@RECORDID,@ROWID,@PARENTROWID,@PARENT
"Air Force Active","46.2","","","","","","","","","2015-BASE_PROCUREMENT-2015-AIRFORCE_AIRCRAFT_VOL2-PROCUREMENT_JustificationBook_Air_Force_PB_2015.zzz_unzipped-PROCUREMENT_JustificationBook_Air_Force_PB_2015.xml","64acb54550a4560598d7d665ce51dd7ecd276be3097259da048227510b8c8d9d","0-9ee53ab6582d60048db1256be356e08f3ac0ad7ddbf3ff8a1ef18d5da28862da","0-92687e139271a43e5cfb62af8543784e9aacd521b370dd1f7c897c0c3186ff6a","root.record.ItemExhibitList.P3AModificationItemGroup.ModificationItemList.ModificationItem"
"Air Force Active","6.275","2.006","6.415","6.415","6.575","7.715","7.862","8.009","","2015-BASE_PROCUREMENT-2015-AIRFORCE_AIRCRAFT_VOL2-PROCUREMENT_JustificationBook_Air_Force_PB_2015.zzz_unzipped-PROCUREMENT_JustificationBook_Air_Force_PB_2015.xml","64acb54550a4560598d7d665ce51dd7ecd276be3097259da048227510b8c8d9d","0-4448900533e47903c2c101a24d088dd448d118679d1261129404acd2df99557c","0-412edcf1eb8b6dd46b88842def46afa6268b60c4ad34ed406287da3f68b9fbaa","root.record.ItemExhibitList.P3AModificationItemGroup.ModificationItemList.ModificationItem"
"Air Force Active","","","1.764","1.764","","","","","","2015-BASE_PROCUREMENT-2015-AIRFORCE_AIRCRAFT_VOL2-PROCUREMENT_JustificationBook_Air_Force_PB_2015.zzz_unzipped-PROCUREMENT_JustificationBook_Air_Force_PB_2015.xml","b8767409fbe18f979daf324b822c3fc717f2bfd9a9a8e2c0e9528e4bdde4d803","0-fe34ece5704a9820d5fa9c4f959e7b9c503087b1c57322acad19d24a0240965f","0-23491c050405b5ef50eebe1f41218446504c6e3b4943d0c9849ebc885270aab0","root.record.ItemExhibitList.P3AModificationItemGroup.ModificationItemList.ModificationItem"
"Air Force Active","328.153","","","","","","","","","2015-BASE_PROCUREMENT-2015-AIRFORCE_AIRCRAFT_VOL2-PROCUREMENT_JustificationBook_Air_Force_PB_2015.zzz_unzipped-PROCUREMENT_JustificationBook_Air_Force_PB_2015.xml","e049539817dd22b34918c2c0be8271bbbd79d6b6a486234ddff8e6be076c0e3d","0-30765fcc7fe3d3c45f73416f79650dc336e7faf323b9b390f59ef19d0552fca4","0-c51c4642232c5091f74596e0e160bc1bd471cfdb7bda43241401e094576472cf","root.record.ItemExhibitList.P3AModificationItemGroup.ModificationItemList.ModificationItem"
"Air Force Reserve","273.46","719.289","","","","","","","","2015-BASE_PROCUREMENT-2015-AIRFORCE_AIRCRAFT_VOL2-PROCUREMENT_JustificationBook_Air_Force_PB_2015.zzz_unzipped-PROCUREMENT_JustificationBook_Air_Force_PB_2015.xml","e049539817dd22b34918c2c0be8271bbbd79d6b6a486234ddff8e6be076c0e3d","1-767992e081c01c229b2dd7506e2a285318979bb57156a278ea0429a912366fc0","0-c51c4642232c5091f74596e0e160bc1bd471cfdb7bda43241401e094576472cf","root.record.ItemExhibitList.P3AModificationItemGroup.ModificationItemList.ModificationItem"
"Air Force Active","9.635","13.247","0.424","0.424","","","","","","2015-BASE_PROCUREMENT-2015-AIRFORCE_AIRCRAFT_VOL2-PROCUREMENT_JustificationBook_Air_Force_PB_2015.zzz_unzipped-PROCUREMENT_JustificationBook_Air_Force_PB_2015.xml","2c3a42ac96c574f3a05d311e38d1fd39e76b2eaa077eed338c2b56579168a566","0-865c093e331aaae0e0618153e968facaa3bc13ff14f32bb8c0e3408652c87366","0-4b3f0f1e0bc8ba2eb130955e2c2fb5884ff8bff6d28431bd8fb869b8a77b68c4","root.record.ItemExhibitList.P3AModificationItemGroup.ModificationItemList.ModificationItem"
"Air National Guard","1.47","","5.515","5.515","","","","","","2015-BASE_PROCUREMENT-2015-AIRFORCE_AIRCRAFT_VOL2-PROCUREMENT_JustificationBook_Air_Force_PB_2015.zzz_unzipped-PROCUREMENT_JustificationBook_Air_Force_PB_2015.xml","2c3a42ac96c574f3a05d311e38d1fd39e76b2eaa077eed338c2b56579168a566","1-f24870daa58012c7e0a3da2bccac9d942e1b80133b71e6a6cca32cc2cdfa4d3e","0-4b3f0f1e0bc8ba2eb130955e2c2fb5884ff8bff6d28431bd8fb869b8a77b68c4","root.record.ItemExhibitList.P3AModificationItemGroup.ModificationItemList.ModificationItem"
"Air Force Reserve","1.96","0.473","1.273","1.273","","","","","","2015-BASE_PROCUREMENT-2015-AIRFORCE_AIRCRAFT_VOL2-PROCUREMENT_JustificationBook_Air_Force_PB_2015.zzz_unzipped-PROCUREMENT_JustificationBook_Air_Force_PB_2015.xml","2c3a42ac96c574f3a05d311e38d1fd39e76b2eaa077eed338c2b56579168a566","2-9ced36ff1511ed35552083de4d0ef1854b7c4b353245d0ef3ce65b85fac80393","0-4b3f0f1e0bc8ba2eb130955e2c2fb5884ff8bff6d28431bd8fb869b8a77b68c4","root.record.ItemExhibitList.P3AModificationItemGroup.ModificationItemList.ModificationItem"
"Air Force Active","13.378","","","","","","","","","2015-BASE_PROCUREMENT-2015-AIRFORCE_AIRCRAFT_VOL2-PROCUREMENT_JustificationBook_Air_Force_PB_2015.zzz_unzipped-PROCUREMENT_JustificationBook_Air_Force_PB_2015.xml","2c3a42ac96c574f3a05d311e38d1fd39e76b2eaa077eed338c2b56579168a566","0-be7ac95b3e4887d7412af1924d3e20490590eb1492da2354ee0419011f8529eb","0-68158668a810f591c477c5af32e8f5ec9a47fdd592ed3d14ea956a104a360852","root.record.ItemExhibitList.P3AModificationItemGroup.ModificationItemList.ModificationItem"
"Air National Guard","2.539","","","","","","","","","2015-BASE_PROCUREMENT-2015-AIRFORCE_AIRCRAFT_VOL2-PROCUREMENT_JustificationBook_Air_Force_PB_2015.zzz_unzipped-PROCUREMENT_JustificationBook_Air_Force_PB_2015.xml","2c3a42ac96c574f3a05d311e38d1fd39e76b2eaa077eed338c2b56579168a566","1-748ff963699ed726c0b8fd751abb5a6806f8455d1349aa1bc45b88f1a3c57f3c","0-68158668a810f591c477c5af32e8f5ec9a47fdd592ed3d14ea956a104a360852","root.record.ItemExhibitList.P3AModificationItemGroup.ModificationItemList.ModificationItem"
"Air Force Reserve","12.694","","","","","","","","","2015-BASE_PROCUREMENT-2015-AIRFORCE_AIRCRAFT_VOL2-PROCUREMENT_JustificationBook_Air_Force_PB_2015.zzz_unzipped-PROCUREMENT_JustificationBook_Air_Force_PB_2015.xml","2c3a42ac96c574f3a05d311e38d1fd39e76b2eaa077eed338c2b56579168a566","2-9f85cc507bc012540915219f151b935957d66f80e94e3e029aa1841f189bae80","0-68158668a810f591c477c5af32e8f5ec9a47fdd592ed3d14ea956a104a360852","root.record.ItemExhibitList.P3AModificationItemGroup.ModificationItemList.ModificationItem"
"Air Force Active","5.849","17.836","14.05","14.05","14.61","15.05","2.818","","","2015-BASE_PROCUREMENT-2015-AIRFORCE_AIRCRAFT_VOL2-PROCUREMENT_JustificationBook_Air_Force_PB_2015.zzz_unzipped-PROCUREMENT_JustificationBook_Air_Force_PB_2015.xml","2c3a42ac96c574f3a05d311e38d1fd39e76b2eaa077eed338c2b56579168a566","0-135b4ea444de2634e2ebb4ca16958f2edb6d73adbad9903a1a05f90333dce0b1","0-b319b836f42af5a174404fc6652d5ad1c71f31dd658b63ef25bdef83321583c6","root.record.ItemExhibitList.P3AModificationItemGroup.ModificationItemList.ModificationItem"
"Air National Guard","","","","","","","12.212","","","2015-BASE_PROCUREMENT-2015-AIRFORCE_AIRCRAFT_VOL2-PROCUREMENT_JustificationBook_Air_Force_PB_2015.zzz_unzipped-PROCUREMENT_JustificationBook_Air_Force_PB_2015.xml","2c3a42ac96c574f3a05d311e38d1fd39e76b2eaa077eed338c2b56579168a566","1-6223ad5a31c17c3f10fa8b7477254875c098caab4f3f08025b3356d9f1458dc5","0-b319b836f42af5a174404fc6652d5ad1c71f31dd658b63ef25bdef83321583c6","root.record.ItemExhibitList.P3AModificationItemGroup.ModificationItemList.ModificationItem"
"Air Force Reserve","","","","","","","0.47","8.23","","2015-BASE_PROCUREMENT-2015-AIRFORCE_AIRCRAFT_VOL2-PROCUREMENT_JustificationBook_Air_Force_PB_2015.zzz_unzipped-PROCUREMENT_JustificationBook_Air_Force_PB_2015.xml","2c3a42ac96c574f3a05d311e38d1fd39e76b2eaa077eed338c2b56579168a566","2-43a46d22861819b231d2ade09ad473b3d03f5dce5f10dd7a149794d8e3add203","0-b319b836f42af5a174404fc6652d5ad1c71f31dd658b63ef25bdef83321583c6","root.record.ItemExhibitList.P3AModificationItemGroup.ModificationItemList.ModificationItem"
"Air Force Active","","","1.31","1.31","10.97","11.299","","","","2015-BASE_PROCUREMENT-2015-AIRFORCE_AIRCRAFT_VOL2-PROCUREMENT_JustificationBook_Air_Force_PB_2015.zzz_unzipped-PROCUREMENT_JustificationBook_Air_Force_PB_2015.xml","2c3a42ac96c574f3a05d311e38d1fd39e76b2eaa077eed338c2b56579168a566","0-8bd67331a67b955e7cfc765e76632fc8dfa22e71d3fe205844e53482c6256da9","0-ab4fc966890bf851ccbeb97dbc22b78dc9b3481f381d695fa39773ec92eeb884","root.record.ItemExhibitList.P3AModificationItemGroup.ModificationItemList.ModificationItem"
"Air Force Active","","","","","0.719","8.322","","","","2015-BASE_PROCUREMENT-2015-AIRFORCE_AIRCRAFT_VOL2-PROCUREMENT_JustificationBook_Air_Force_PB_2015.zzz_unzipped-PROCUREMENT_JustificationBook_Air_Force_PB_2015.xml","2c3a42ac96c574f3a05d311e38d1fd39e76b2eaa077eed338c2b56579168a566","0-76f7daac73a614ed9ad9d88edccfe024c04118ecb93da74c27d17582ab295f81","1-6cb6bbe7eebbf065541196d12d2fb6b3c541d5e2a6f0c7402e87481f9931e639","root.record.ItemExhibitList.P3AModificationItemGroup.ModificationItemList.ModificationItem"
"Air Force Active","","5.745","6.605","6.605","9.664","9.304","21.532","27.813","","2015-BASE_PROCUREMENT-2015-AIRFORCE_AIRCRAFT_VOL2-PROCUREMENT_JustificationBook_Air_Force_PB_2015.zzz_unzipped-PROCUREMENT_JustificationBook_Air_Force_PB_2015.xml","2c3a42ac96c574f3a05d311e38d1fd39e76b2eaa077eed338c2b56579168a566","0-7af39e95bb8a12af755545631a3a1f805d57bbc44db6ba005749234c5194d98f","0-613cad4ca386355c87a30d0484ad821724cecaf5205859595a6c0a3ca26a0a9d","root.record.ItemExhibitList.P3AModificationItemGroup.ModificationItemList.ModificationItem"
"Air Force Active","4.226","3.824","4.553","4.553","3.302","3.302","","","","2015-BASE_PROCUREMENT-2015-AIRFORCE_AIRCRAFT_VOL2-PROCUREMENT_JustificationBook_Air_Force_PB_2015.zzz_unzipped-PROCUREMENT_JustificationBook_Air_Force_PB_2015.xml","2c3a42ac96c574f3a05d311e38d1fd39e76b2eaa077eed338c2b56579168a566","0-c5b1b6409f5e2f12548a6710b72fb85ed0b8b446b705443f60be7df1b5a0f467","0-fdf3a89757a28f5c0d36e2fc7a195490631dbfe91e66054af65ec0f907c72e21","root.record.ItemExhibitList.P3AModificationItemGroup.ModificationItemList.ModificationItem"
"Air Force Active","","2.624","2.004","2.004","","","","","","2015-BASE_PROCUREMENT-2015-AIRFORCE_AIRCRAFT_VOL2-PROCUREMENT_JustificationBook_Air_Force_PB_2015.zzz_unzipped-PROCUREMENT_JustificationBook_Air_Force_PB_2015.xml","c18079498214be7c8507bd7289056635ea6ba000e7bb766e68a998d56e53f49a","0-14cc9effdb62fe421a4e12f9629d4f58d28bf4a73eb6cde94ef33fe75946918a","0-2bfe19281753420a5e7d4048004be9cd2bbd33b0249be07de6176c6713e136f8","root.record.ItemExhibitList.P3AModificationItemGroup.ModificationItemList.ModificationItem"
"Air Force Reserve","","0.656","3.118","3.118","","","","","","2015-BASE_PROCUREMENT-2015-AIRFORCE_AIRCRAFT_VOL2-PROCUREMENT_JustificationBook_Air_Force_PB_2015.zzz_unzipped-PROCUREMENT_JustificationBook_Air_Force_PB_2015.xml","c18079498214be7c8507bd7289056635ea6ba000e7bb766e68a998d56e53f49a","1-0850e9f316f3a89ef3964fcf7f9ee9a87134361b2fe1339904bbefd49ccddb08","0-2bfe19281753420a5e7d4048004be9cd2bbd33b0249be07de6176c6713e136f8","root.record.ItemExhibitList.P3AModificationItemGroup.ModificationItemList.ModificationItem"
"Air Force Active","","29.28","49.812","49.812","","","","","","2015-BASE_PROCUREMENT-2015-AIRFORCE_AIRCRAFT_VOL2-PROCUREMENT_JustificationBook_Air_Force_PB_2015.zzz_unzipped-PROCUREMENT_JustificationBook_Air_Force_PB_2015.xml","c18079498214be7c8507bd7289056635ea6ba000e7bb766e68a998d56e53f49a","0-98feb6bb5944d9d8655a1f7fcedee30f43745d2a6afd509ff1603f7562a961e1","0-2742d74846381c5be5275d21a817d28c7399f0f490e794eddedc42ef0a752f4d","root.record.ItemExhibitList.P3AModificationItemGroup.ModificationItemList.ModificationItem"
"Air Force Reserve","","7.32","10.674","10.674","","","","","","2015-BASE_PROCUREMENT-2015-AIRFORCE_AIRCRAFT_VOL2-PROCUREMENT_JustificationBook_Air_Force_PB_2015.zzz_unzipped-PROCUREMENT_JustificationBook_Air_Force_PB_2015.xml","c18079498214be7c8507bd7289056635ea6ba000e7bb766e68a998d56e53f49a","1-00e9d9557f318e773d5c6db3afad8d2fddd24778c2d0f132d635e1ef61b86cb9","0-2742d74846381c5be5275d21a817d28c7399f0f490e794eddedc42ef0a752f4d","root.record.ItemExhibitList.P3AModificationItemGroup.ModificationItemList.ModificationItem"
"Air Force Active","","","3.289","3.289","","","","","","2015-BASE_PROCUREMENT-2015-AIRFORCE_AIRCRAFT_VOL2-PROCUREMENT_JustificationBook_Air_Force_PB_2015.zzz_unzipped-PROCUREMENT_JustificationBook_Air_Force_PB_2015.xml","c18079498214be7c8507bd7289056635ea6ba000e7bb766e68a998d56e53f49a","0-339db32d14f32de6d359840e0aacc85ae5edd5e6464010041f88a29ee2b60a44","0-8de5fd520900c4d2ea0ba2991d069938e7ff5780479948239d281ecad5cf25ed","root.record.ItemExhibitList.P3AModificationItemGroup.ModificationItemList.ModificationItem"
"Air Force Active","","8.038","3.91","3.91","","","","","","2015-BASE_PROCUREMENT-2015-AIRFORCE_AIRCRAFT_VOL2-PROCUREMENT_JustificationBook_Air_Force_PB_2015.zzz_unzipped-PROCUREMENT_JustificationBook_Air_Force_PB_2015.xml","c18079498214be7c8507bd7289056635ea6ba000e7bb766e68a998d56e53f49a","0-95c95e7fadc1461a372d0b037c7495e686b2f80f7f4c97e9d535d8bb68fd17a2","0-fe1eaf8e3d92183eb673459cc284a1703a916753e9e03e4df90197dbcfd9a2a4","root.record.ItemExhibitList.P3AModificationItemGroup.ModificationItemList.ModificationItem"
"Air Force Reserve","","","3.34","3.34","","","","","","2015-BASE_PROCUREMENT-2015-AIRFORCE_AIRCRAFT_VOL2-PROCUREMENT_JustificationBook_Air_Force_PB_2015.zzz_unzipped-PROCUREMENT_JustificationBook_Air_Force_PB_2015.xml","c18079498214be7c8507bd7289056635ea6ba000e7bb766e68a998d56e53f49a","1-19fd0ef518e510d2c1c0f22e577d0d22de67f77b664a978c6a04264d6f92734d","0-fe1eaf8e3d92183eb673459cc284a1703a916753e9e03e4df90197dbcfd9a2a4","root.record.ItemExhibitList.P3AModificationItemGroup.ModificationItemList.ModificationItem"
"Air National Guard","","3","2.875","2.875","","","","","","2015-BASE_PROCUREMENT-2015-AIRFORCE_AIRCRAFT_VOL2-PROCUREMENT_JustificationBook_Air_Force_PB_2015.zzz_unzipped-PROCUREMENT_JustificationBook_Air_Force_PB_2015.xml","c95b3cad136b9abd961b0302a1b9dcc36c9e32822973785202e66e43ffe473da","0-c667cf1f0fe13b456f27d094de5046ac577b829ce989e5140dc7ef214e18725c","0-007ea475ea46384069c820ddca19bcdf49ac2711948055b1fd6ad2ae7c2c57e2","root.record.ItemExhibitList.P3AModificationItemGroup.ModificationItemList.ModificationItem"
"Air Force Reserve","","1.375","2.125","2.125","","","","","","2015-BASE_PROCUREMENT-2015-AIRFORCE_AIRCRAFT_VOL2-PROCUREMENT_JustificationBook_Air_Force_PB_2015.zzz_unzipped-PROCUREMENT_JustificationBook_Air_Force_PB_2015.xml","c95b3cad136b9abd961b0302a1b9dcc36c9e32822973785202e66e43ffe473da","1-2a64b4579ec02300bc6a330dfa4d0297d5d451970a4de6665803772f95882e19","0-007ea475ea46384069c820ddca19bcdf49ac2711948055b1fd6ad2ae7c2c57e2","root.record.ItemExhibitList.P3AModificationItemGroup.ModificationItemList.ModificationItem"
"Air Force Active","26.615","4.26","","","","","","","","2015-BASE_PROCUREMENT-2015-AIRFORCE_AIRCRAFT_VOL2-PROCUREMENT_JustificationBook_Air_Force_PB_2015.zzz_unzipped-PROCUREMENT_JustificationBook_Air_Force_PB_2015.xml","ad2cbcd52887cfdbd4c4e64af0f936c986b469e78be0a9fa924477b8ad18fb8f","0-2f5b9182c88af38aa14f16abb0fd3f454c8852d1b1d3c5d6b9c44070781ffc4e","1-22df8a987db1db1082eed93cd00ccba636e1d6f3c55aa61fb076ca93ef71dd8f","root.record.ItemExhibitList.P3AModificationItemGroup.ModificationItemList.ModificationItem"
"Air National Guard","7.604","","","","","","","","","2015-BASE_PROCUREMENT-2015-AIRFORCE_AIRCRAFT_VOL2-PROCUREMENT_JustificationBook_Air_Force_PB_2015.zzz_unzipped-PROCUREMENT_JustificationBook_Air_Force_PB_2015.xml","ad2cbcd52887cfdbd4c4e64af0f936c986b469e78be0a9fa924477b8ad18fb8f","1-534b2ce3de59ad150de29a6c0faf6d811929d6280ee92b0494f8dad6a4aab412","1-22df8a987db1db1082eed93cd00ccba636e1d6f3c55aa61fb076ca93ef71dd8f","root.record.ItemExhibitList.P3AModificationItemGroup.ModificationItemList.ModificationItem"
"Air Force Reserve","3.802","","","","","","","","","2015-BASE_PROCUREMENT-2015-AIRFORCE_AIRCRAFT_VOL2-PROCUREMENT_JustificationBook_Air_Force_PB_2015.zzz_unzipped-PROCUREMENT_JustificationBook_Air_Force_PB_2015.xml","ad2cbcd52887cfdbd4c4e64af0f936c986b469e78be0a9fa924477b8ad18fb8f","2-287ba45335ad06ae896ae87006c8d7f59d24e44fa278b079a2047fd46d1ae84a","1-22df8a987db1db1082eed93cd00ccba636e1d6f3c55aa61fb076ca93ef71dd8f","root.record.ItemExhibitList.P3AModificationItemGroup.ModificationItemList.ModificationItem"
"Air Force Active","10.686","","","","","","","","","2015-BASE_PROCUREMENT-2015-AIRFORCE_AIRCRAFT_VOL2-PROCUREMENT_JustificationBook_Air_Force_PB_2015.zzz_unzipped-PROCUREMENT_JustificationBook_Air_Force_PB_2015.xml","ad2cbcd52887cfdbd4c4e64af0f936c986b469e78be0a9fa924477b8ad18fb8f","0-12c209b98868996c9418ff29876efb3f054d5b865281964be481f8a878a1e625","2-4ebe020c9d2b145775b82ab4ad591d8dd7efa512eb2afbd28e5d5e0d313b0b40","root.record.ItemExhibitList.P3AModificationItemGroup.ModificationItemList.ModificationItem"
"Air Force Active","18.933","","","","","","","","","2015-BASE_PROCUREMENT-2015-AIRFORCE_AIRCRAFT_VOL2-PROCUREMENT_JustificationBook_Air_Force_PB_2015.zzz_unzipped-PROCUREMENT_JustificationBook_Air_Force_PB_2015.xml","f95a686895e7fa3d37923c2b920ccf43d5ee240504c1f66a1de53572ac91a145","0-de58ec5c5983455309ca0aa233755110cb776175fb1dd42e598ea415509691a0","0-9e110d16082b0bab6a515676ce313b7df5e5a115dc8b441b0295f9af67feef8f","root.record.ItemExhibitList.P3AModificationItemGroup.ModificationItemList.ModificationItem"
"Air Force Active","5.713","","15.616","15.616","","","","","","2015-BASE_PROCUREMENT-2015-AIRFORCE_AIRCRAFT_VOL2-PROCUREMENT_JustificationBook_Air_Force_PB_2015.zzz_unzipped-PROCUREMENT_JustificationBook_Air_Force_PB_2015.xml","4f10c9d75af1ff7f39d3312af79b465fcb001e31cfa449ec049bea6f08f73af1","0-85ae5f165e06235d78b9b19236022ada02c27d82135f8aa1e99815e01a208f2e","0-220e1dca94cb974fbe57996a7224de965e1130372f424d5188972f062c720157","root.record.ItemExhibitList.P3AModificationItemGroup.ModificationItemList.ModificationItem"
"Air National Guard","5.713","","16.484","16.484","","","","","","2015-BASE_PROCUREMENT-2015-AIRFORCE_AIRCRAFT_VOL2-PROCUREMENT_JustificationBook_Air_Force_PB_2015.zzz_unzipped-PROCUREMENT_JustificationBook_Air_Force_PB_2015.xml","4f10c9d75af1ff7f39d3312af79b465fcb001e31cfa449ec049bea6f08f73af1","1-fcbe8ee57b7a3fd75bb17e8ef9d568b9f823359a4aa453f7a6295e0e8343cab1","0-220e1dca94cb974fbe57996a7224de965e1130372f424d5188972f062c720157","root.record.ItemExhibitList.P3AModificationItemGroup.ModificationItemList.ModificationItem"
"Air Force Reserve","2.143","","6.941","6.941","","","","","","2015-BASE_PROCUREMENT-2015-AIRFORCE_AIRCRAFT_VOL2-PROCUREMENT_JustificationBook_Air_Force_PB_2015.zzz_unzipped-PROCUREMENT_JustificationBook_Air_Force_PB_2015.xml","4f10c9d75af1ff7f39d3312af79b465fcb001e31cfa449ec049bea6f08f73af1","2-7fc4e9fe550fe266b1bdf752cd9ff25c75296926942ef198f8a469a7c08b4471","0-220e1dca94cb974fbe57996a7224de965e1130372f424d5188972f062c720157","root.record.ItemExhibitList.P3AModificationItemGroup.ModificationItemList.ModificationItem"
"Air Force Active","53.616","","","","","","","","","2015-BASE_PROCUREMENT-2015-AIRFORCE_AIRCRAFT_VOL2-PROCUREMENT_JustificationBook_Air_Force_PB_2015.zzz_unzipped-PROCUREMENT_JustificationBook_Air_Force_PB_2015.xml","bbc8063372e02d2bc548b494988437c9d99675713059aabc6acf7bc346906c17","0-598660894c37cbd40124315decd14161ab83210c09a484eca9b7d907e6824915","0-f409284c3189b70b218d12503b20c137d5f5390942d89bb2189679c17130f5d3","root.record.ItemExhibitList.P3AModificationItemGroup.ModificationItemList.ModificationItem"
"Air Force Active","58.646","125.745","191.871","191.871","","","","","","2015-BASE_PROCUREMENT-2015-AIRFORCE_AIRCRAFT_VOL2-PROCUREMENT_JustificationBook_Air_Force_PB_2015.zzz_unzipped-PROCUREMENT_JustificationBook_Air_Force_PB_2015.xml","37a9176d6819849bcd695141407bcbea7c3c0b02a6c4bbb6d05d22c664d601c4","0-90c1ad8686f08ad25f0080d94cbce892d2eeb05c6445513d979a665b2c256bd0","0-974e3627454f5f4d99382fbf0ae9a6c34e65a0912c0ea044ec876e925748dda6","root.record.ItemExhibitList.P3AModificationItemGroup.ModificationItemList.ModificationItem"
"Air Force Active","3.783","78.489","15.394","15.394","","","","","","2015-BASE_PROCUREMENT-2015-AIRFORCE_AIRCRAFT_VOL2-PROCUREMENT_JustificationBook_Air_Force_PB_2015.zzz_unzipped-PROCUREMENT_JustificationBook_Air_Force_PB_2015.xml","37a9176d6819849bcd695141407bcbea7c3c0b02a6c4bbb6d05d22c664d601c4","0-22fd30d1f44e18cbaf31c8ca977837c17b81d78826e4f2a107364dacb2aec1f3","0-09e873e2827c5d93e6741f4dd200c2d312bf0a429fe9d8eb00b6a59e695ba85c","root.record.ItemExhibitList.P3AModificationItemGroup.ModificationItemList.ModificationItem"
"Air National Guard","46.912","8.783","87.104","87.104","","","","","","2015-BASE_PROCUREMENT-2015-AIRFORCE_AIRCRAFT_VOL2-PROCUREMENT_JustificationBook_Air_Force_PB_2015.zzz_unzipped-PROCUREMENT_JustificationBook_Air_Force_PB_2015.xml","37a9176d6819849bcd695141407bcbea7c3c0b02a6c4bbb6d05d22c664d601c4","1-4c00899b3c81c2cc67beda497514bb423b5017240eb00009e0f8f84a6d88ad4e","0-09e873e2827c5d93e6741f4dd200c2d312bf0a429fe9d8eb00b6a59e695ba85c","root.record.ItemExhibitList.P3AModificationItemGroup.ModificationItemList.ModificationItem"
"Air Force Active","2.793","8.605","","","","","","","","2015-BASE_PROCUREMENT-2015-AIRFORCE_AIRCRAFT_VOL2-PROCUREMENT_JustificationBook_Air_Force_PB_2015.zzz_unzipped-PROCUREMENT_JustificationBook_Air_Force_PB_2015.xml","37a9176d6819849bcd695141407bcbea7c3c0b02a6c4bbb6d05d22c664d601c4","0-2c1eacfb04a49c0b9baa21ce726e39a7f318e27cb12a1e1a58fca9725b59fcdb","0-29168d58b4b91a4d6c5033697a14af137666bc27acefd99bf292228917b8307f","root.record.ItemExhibitList.P3AModificationItemGroup.ModificationItemList.ModificationItem"
"Air Force Active","8.6","8.48","","","","","","","","2015-BASE_PROCUREMENT-2015-AIRFORCE_AIRCRAFT_VOL2-PROCUREMENT_JustificationBook_Air_Force_PB_2015.zzz_unzipped-PROCUREMENT_JustificationBook_Air_Force_PB_2015.xml","37a9176d6819849bcd695141407bcbea7c3c0b02a6c4bbb6d05d22c664d601c4","0-1d7c03ed053fc7f37e23a12246e006bc98d14e4b09ae7821de50e1813e13676f","0-55dd8877417bd74e9d069fad9350060d52cb342bea31b5265d859831162a68fa","root.record.ItemExhibitList.P3AModificationItemGroup.ModificationItemList.ModificationItem"
"Air National Guard","22.418","","","","","","","","","2015-BASE_PROCUREMENT-2015-AIRFORCE_AIRCRAFT_VOL2-PROCUREMENT_JustificationBook_Air_Force_PB_2015.zzz_unzipped-PROCUREMENT_JustificationBook_Air_Force_PB_2015.xml","a8005ce497b4d26a96a0a73b3a202cd9ad0d2cb8833efae151bef5451667fd9e","0-583855052ac792519f63cb6d961bd9ce9ce2d9603306ae9433110dcb4d18cae5","0-367bebe58de038863bacba917faa2a76689fe4a956696c185f270dc068499dc3","root.record.ItemExhibitList.P3AModificationItemGroup.ModificationItemList.ModificationItem"
"Air Force Active","53.658","60.793","37.611","37.611","39.951","47.86","43.967","31.137","","2015-BASE_PROCUREMENT-2015-AIRFORCE_AIRCRAFT_VOL2-PROCUREMENT_JustificationBook_Air_Force_PB_2015.zzz_unzipped-PROCUREMENT_JustificationBook_Air_Force_PB_2015.xml","a8005ce497b4d26a96a0a73b3a202cd9ad0d2cb8833efae151bef5451667fd9e","0-61130281a912c4cec5bdc762f71c08a7bb70bc6ef41ecc73298b1806219d203c","0-5e3b5f42d9df19f47d5c15aedf9f35111c8d66633801c5fe5425bad8f16afb92","root.record.ItemExhibitList.P3AModificationItemGroup.ModificationItemList.ModificationItem"
"Air National Guard","8.812","6.836","6.637","6.637","5.671","3.12","2.025","2.166","","2015-BASE_PROCUREMENT-2015-AIRFORCE_AIRCRAFT_VOL2-PROCUREMENT_JustificationBook_Air_Force_PB_2015.zzz_unzipped-PROCUREMENT_JustificationBook_Air_Force_PB_2015.xml","a8005ce497b4d26a96a0a73b3a202cd9ad0d2cb8833efae151bef5451667fd9e","1-82670cd786eac42b5d30e99939395d49ffa5e5c9d41bd653b60448f992355d74","0-5e3b5f42d9df19f47d5c15aedf9f35111c8d66633801c5fe5425bad8f16afb92","root.record.ItemExhibitList.P3AModificationItemGroup.ModificationItemList.ModificationItem"
"Air Force Active","7.427","18.666","12.155","12.155","11.73","24.923","27.288","22.692","","2015-BASE_PROCUREMENT-2015-AIRFORCE_AIRCRAFT_VOL2-PROCUREMENT_JustificationBook_Air_Force_PB_2015.zzz_unzipped-PROCUREMENT_JustificationBook_Air_Force_PB_2015.xml","a8005ce497b4d26a96a0a73b3a202cd9ad0d2cb8833efae151bef5451667fd9e","0-89a48cac7ae8d657da403b83ee91eaa083a798431f7708047c677d0479e59d9d","0-9d7ce71cc0942503bf5f1a945ff62096ea8fd8014fa3409c66416f562f6f0244","root.record.ItemExhibitList.P3AModificationItemGroup.ModificationItemList.ModificationItem"
"Air National Guard","0.807","3.067","1.321","1.321","1.274","2.014","2.421","2.465","","2015-BASE_PROCUREMENT-2015-AIRFORCE_AIRCRAFT_VOL2-PROCUREMENT_JustificationBook_Air_Force_PB_2015.zzz_unzipped-PROCUREMENT_JustificationBook_Air_Force_PB_2015.xml","a8005ce497b4d26a96a0a73b3a202cd9ad0d2cb8833efae151bef5451667fd9e","1-81d8b5a347e1484a66449ac1183d35f010cb4af448e7be0554b8a6e20e39e0e3","0-9d7ce71cc0942503bf5f1a945ff62096ea8fd8014fa3409c66416f562f6f0244","root.record.ItemExhibitList.P3AModificationItemGroup.ModificationItemList.ModificationItem"
"Air Force Active","5.801","7.931","5.09","5.09","5.571","10.141","","","","2015-BASE_PROCUREMENT-2015-AIRFORCE_AIRCRAFT_VOL2-PROCUREMENT_JustificationBook_Air_Force_PB_2015.zzz_unzipped-PROCUREMENT_JustificationBook_Air_Force_PB_2015.xml","a8005ce497b4d26a96a0a73b3a202cd9ad0d2cb8833efae151bef5451667fd9e","0-46e6fe179b5845a2dc5017a35a9c40d31a17bcd5306b0a4f9171e6b1878da2ab","0-ce92e5d49b14115ca51bb7531de34efec320c3bff79b3bbd09a156b565169f26","root.record.ItemExhibitList.P3AModificationItemGroup.ModificationItemList.ModificationItem"
"Air National Guard","0.58","","","","","2.751","17.883","","","2015-BASE_PROCUREMENT-2015-AIRFORCE_AIRCRAFT_VOL2-PROCUREMENT_JustificationBook_Air_Force_PB_2015.zzz_unzipped-PROCUREMENT_JustificationBook_Air_Force_PB_2015.xml","a8005ce497b4d26a96a0a73b3a202cd9ad0d2cb8833efae151bef5451667fd9e","1-e4ba7c3b8a506e6eab363745e8c4cd152b64af0b4b1cbf1f00ad1f787a18d198","0-ce92e5d49b14115ca51bb7531de34efec320c3bff79b3bbd09a156b565169f26","root.record.ItemExhibitList.P3AModificationItemGroup.ModificationItemList.ModificationItem"
"Air Force Active","29.961","22.49","","","3.15","5.85","6.093","2.569","","2015-BASE_PROCUREMENT-2015-AIRFORCE_AIRCRAFT_VOL2-PROCUREMENT_JustificationBook_Air_Force_PB_2015.zzz_unzipped-PROCUREMENT_JustificationBook_Air_Force_PB_2015.xml","a8005ce497b4d26a96a0a73b3a202cd9ad0d2cb8833efae151bef5451667fd9e","0-25eecc9e6815f88be732511e4819ebbb2b6ac5c0a5ae6a44c73c094f4d7c95bb","0-a25dde5946a026435c49b1344a03427d7e924580eb3b4c53ec437a72e2b8f6e4","root.record.ItemExhibitList.P3AModificationItemGroup.ModificationItemList.ModificationItem"
"Air Force Active","","","","","63.551","75.159","92.625","","","2015-BASE_PROCUREMENT-2015-AIRFORCE_AIRCRAFT_VOL2-PROCUREMENT_JustificationBook_Air_Force_PB_2015.zzz_unzipped-PROCUREMENT_JustificationBook_Air_Force_PB_2015.xml","0e0c5259a601c4aa4ff961a0ac121c4db369bfa13d87e153e3615741b3479e79","0-34c3534f108cc937e3c66aa1e38fd1ca70644690745fe28bac4ed6ea3df2de03","0-a306f1672c84d50b3d04d74aa76ca203cfab0233c7042842a46e1e4a51164314","root.record.ItemExhibitList.P3AModificationItemGroup.ModificationItemList.ModificationItem"
"Air National Guard","","","","","","","35.11","","","2015-BASE_PROCUREMENT-2015-AIRFORCE_AIRCRAFT_VOL2-PROCUREMENT_JustificationBook_Air_Force_PB_2015.zzz_unzipped-PROCUREMENT_JustificationBook_Air_Force_PB_2015.xml","0e0c5259a601c4aa4ff961a0ac121c4db369bfa13d87e153e3615741b3479e79","1-3c4ab936749a70a2d3df67cb86d1047e2a84885d50c131fbd1b8d0a0ad42fb6f","0-a306f1672c84d50b3d04d74aa76ca203cfab0233c7042842a46e1e4a51164314","root.record.ItemExhibitList.P3AModificationItemGroup.ModificationItemList.ModificationItem"
"Air Force Active","46.2","","","","","","","","","2015-BASE_PROCUREMENT-2015-AIRFORCE_AIRCRAFT_VOL2-PROCUREMENT_MasterJustificationBook_Air_Force_PB_2015.zzz_unzipped-PROCUREMENT_MasterJustificationBook_Air_Force_PB_2015.xml","ca9f1e9f848e67edf7e34b76ad9b05e59dfcbeb190b54cb2ec2a178aeaaa3bfa","0-0d79b9f0eea8ce1e9640b1e7760e06e3a5d52a3e8a3dd980c4dc62660147c774","0-62fad5adcd7b45508aab9a60b94bf0e21414829730b21369d9c52c456242d61b","root.record.ItemExhibitList.P3AModificationItemGroup.ModificationItemList.ModificationItem"
"Air Force Active","6.275","2.006","6.415","6.415","6.575","7.715","7.862","8.009","","2015-BASE_PROCUREMENT-2015-AIRFORCE_AIRCRAFT_VOL2-PROCUREMENT_MasterJustificationBook_Air_Force_PB_2015.zzz_unzipped-PROCUREMENT_MasterJustificationBook_Air_Force_PB_2015.xml","ca9f1e9f848e67edf7e34b76ad9b05e59dfcbeb190b54cb2ec2a178aeaaa3bfa","0-e994ad36b1475a29d395126fbe06acbff4dc6165af700ffd399aa416081b169b","0-406be7d846263027b275ac09fa5f71873b40b821cd0952237eaa8dd18f67a2fb","root.record.ItemExhibitList.P3AModificationItemGroup.ModificationItemList.ModificationItem"
"Air Force Active","","","1.764","1.764","","","","","","2015-BASE_PROCUREMENT-2015-AIRFORCE_AIRCRAFT_VOL2-PROCUREMENT_MasterJustificationBook_Air_Force_PB_2015.zzz_unzipped-PROCUREMENT_MasterJustificationBook_Air_Force_PB_2015.xml","25442f0fc741be383c8f1f024b4ed975774a4a3437a381bef47bf09fa44b0a02","0-c0cefb86b545581d6a950636cef7a118dd9b5ea7d219938ebbeef537cc95521e","0-145617b55d7b2f395ab62ee15af8fef1d72b2779db36d22cad171df2d56f2be3","root.record.ItemExhibitList.P3AModificationItemGroup.ModificationItemList.ModificationItem"
"Air Force Active","328.153","","","","","","","","","2015-BASE_PROCUREMENT-2015-AIRFORCE_AIRCRAFT_VOL2-PROCUREMENT_MasterJustificationBook_Air_Force_PB_2015.zzz_unzipped-PROCUREMENT_MasterJustificationBook_Air_Force_PB_2015.xml","aa1014d1730217cf58bd0eb1cf9155036af0caca57bd2ece54304d573c8411a2","0-8902b0b12488c0009fc5bb3234f2c357f8df8e6292d46a8c3b7b29b3282ec9de","0-92a70f15b533e2dd2b6872bb9e6dff2722faed78983d720561fbda3467aed51c","root.record.ItemExhibitList.P3AModificationItemGroup.ModificationItemList.ModificationItem"
"Air Force Reserve","273.46","719.289","","","","","","","","2015-BASE_PROCUREMENT-2015-AIRFORCE_AIRCRAFT_VOL2-PROCUREMENT_MasterJustificationBook_Air_Force_PB_2015.zzz_unzipped-PROCUREMENT_MasterJustificationBook_Air_Force_PB_2015.xml","aa1014d1730217cf58bd0eb1cf9155036af0caca57bd2ece54304d573c8411a2","1-3513b0600fc1e14c52ed4b4601c4c3f5ddc5cc70def87ce67757a99e04ab609e","0-92a70f15b533e2dd2b6872bb9e6dff2722faed78983d720561fbda3467aed51c","root.record.ItemExhibitList.P3AModificationItemGroup.ModificationItemList.ModificationItem"
"Air Force Active","9.635","13.247","0.424","0.424","","","","","","2015-BASE_PROCUREMENT-2015-AIRFORCE_AIRCRAFT_VOL2-PROCUREMENT_MasterJustificationBook_Air_Force_PB_2015.zzz_unzipped-PROCUREMENT_MasterJustificationBook_Air_Force_PB_2015.xml","e0b4c68aca5bcb28bf2a8d6314af11bf878587e1d5636a46ade0d81891a819a1","0-e9d38d1889a01e68e188a059216c2a9a7ceeef376f7fa9af5ae74898d1274674","0-fc83fd2b5d2714a148f5f85f705b036f811f1c847227177dec8ac60016a85136","root.record.ItemExhibitList.P3AModificationItemGroup.ModificationItemList.ModificationItem"
"Air National Guard","1.47","","5.515","5.515","","","","","","2015-BASE_PROCUREMENT-2015-AIRFORCE_AIRCRAFT_VOL2-PROCUREMENT_MasterJustificationBook_Air_Force_PB_2015.zzz_unzipped-PROCUREMENT_MasterJustificationBook_Air_Force_PB_2015.xml","e0b4c68aca5bcb28bf2a8d6314af11bf878587e1d5636a46ade0d81891a819a1","1-96555b1b460b662bb2c7e8997a2ef504ad163d6838542785441e77bc8b0fab4e","0-fc83fd2b5d2714a148f5f85f705b036f811f1c847227177dec8ac60016a85136","root.record.ItemExhibitList.P3AModificationItemGroup.ModificationItemList.ModificationItem"
"Air Force Reserve","1.96","0.473","1.273","1.273","","","","","","2015-BASE_PROCUREMENT-2015-AIRFORCE_AIRCRAFT_VOL2-PROCUREMENT_MasterJustificationBook_Air_Force_PB_2015.zzz_unzipped-PROCUREMENT_MasterJustificationBook_Air_Force_PB_2015.xml","e0b4c68aca5bcb28bf2a8d6314af11bf878587e1d5636a46ade0d81891a819a1","2-edfd6701a7c614c4ad514d5ea52acffc8f8ae87bdd2b94136af08841c4ee514e","0-fc83fd2b5d2714a148f5f85f705b036f811f1c847227177dec8ac60016a85136","root.record.ItemExhibitList.P3AModificationItemGroup.ModificationItemList.ModificationItem"
"Air Force Active","13.378","","","","","","","","","2015-BASE_PROCUREMENT-2015-AIRFORCE_AIRCRAFT_VOL2-PROCUREMENT_MasterJustificationBook_Air_Force_PB_2015.zzz_unzipped-PROCUREMENT_MasterJustificationBook_Air_Force_PB_2015.xml","e0b4c68aca5bcb28bf2a8d6314af11bf878587e1d5636a46ade0d81891a819a1","0-8bbf9a52307c206ebe84e906a58c990d3ac26f4aa5af56fd1c49d8fdcbee322f","0-b6b15e7c97989cc992e7ad4d825db0be619baf094b46c8557069f8f3efec6b17","root.record.ItemExhibitList.P3AModificationItemGroup.ModificationItemList.ModificationItem"
"Air National Guard","2.539","","","","","","","","","2015-BASE_PROCUREMENT-2015-AIRFORCE_AIRCRAFT_VOL2-PROCUREMENT_MasterJustificationBook_Air_Force_PB_2015.zzz_unzipped-PROCUREMENT_MasterJustificationBook_Air_Force_PB_2015.xml","e0b4c68aca5bcb28bf2a8d6314af11bf878587e1d5636a46ade0d81891a819a1","1-a5f27bc245d5b4d80eddb43d7bf11700052d66ca18c763e44e51ea4f41e5621d","0-b6b15e7c97989cc992e7ad4d825db0be619baf094b46c8557069f8f3efec6b17","root.record.ItemExhibitList.P3AModificationItemGroup.ModificationItemList.ModificationItem"
"Air Force Reserve","12.694","","","","","","","","","2015-BASE_PROCUREMENT-2015-AIRFORCE_AIRCRAFT_VOL2-PROCUREMENT_MasterJustificationBook_Air_Force_PB_2015.zzz_unzipped-PROCUREMENT_MasterJustificationBook_Air_Force_PB_2015.xml","e0b4c68aca5bcb28bf2a8d6314af11bf878587e1d5636a46ade0d81891a819a1","2-20d54607aca80c9e9c05a61f8e22504af72c7333f08c9d1abf0770cfec44d4f3","0-b6b15e7c97989cc992e7ad4d825db0be619baf094b46c8557069f8f3efec6b17","root.record.ItemExhibitList.P3AModificationItemGroup.ModificationItemList.ModificationItem"
"Air Force Active","5.849","17.836","14.05","14.05","14.61","15.05","2.818","","","2015-BASE_PROCUREMENT-2015-AIRFORCE_AIRCRAFT_VOL2-PROCUREMENT_MasterJustificationBook_Air_Force_PB_2015.zzz_unzipped-PROCUREMENT_MasterJustificationBook_Air_Force_PB_2015.xml","e0b4c68aca5bcb28bf2a8d6314af11bf878587e1d5636a46ade0d81891a819a1","0-c55fed852ed497ba0f64f42d14b5eb65b0e58bb7bb561e2031f422012455a705","0-dde5e2903b4711e86a7fec34d0c6f8dbbaefcf3823a5abba836e616b57f9d631","root.record.ItemExhibitList.P3AModificationItemGroup.ModificationItemList.ModificationItem"
"Air National Guard","","","","","","","12.212","","","2015-BASE_PROCUREMENT-2015-AIRFORCE_AIRCRAFT_VOL2-PROCUREMENT_MasterJustificationBook_Air_Force_PB_2015.zzz_unzipped-PROCUREMENT_MasterJustificationBook_Air_Force_PB_2015.xml","e0b4c68aca5bcb28bf2a8d6314af11bf878587e1d5636a46ade0d81891a819a1","1-aa41843e972ac7cf27d024df8549fbb2a88e0e1e9b1a239552e6dead97b24387","0-dde5e2903b4711e86a7fec34d0c6f8dbbaefcf3823a5abba836e616b57f9d631","root.record.ItemExhibitList.P3AModificationItemGroup.ModificationItemList.ModificationItem"
"Air Force Reserve","","","","","","","0.47","8.23","","2015-BASE_PROCUREMENT-2015-AIRFORCE_AIRCRAFT_VOL2-PROCUREMENT_MasterJustificationBook_Air_Force_PB_2015.zzz_unzipped-PROCUREMENT_MasterJustificationBook_Air_Force_PB_2015.xml","e0b4c68aca5bcb28bf2a8d6314af11bf878587e1d5636a46ade0d81891a819a1","2-66d1b632b409002f9358f19ff9e9b24aa800475f2faf0480b097e330d659b2c5","0-dde5e2903b4711e86a7fec34d0c6f8dbbaefcf3823a5abba836e616b57f9d631","root.record.ItemExhibitList.P3AModificationItemGroup.ModificationItemList.ModificationItem"
"Air Force Active","","","1.31","1.31","10.97","11.299","","","","2015-BASE_PROCUREMENT-2015-AIRFORCE_AIRCRAFT_VOL2-PROCUREMENT_MasterJustificationBook_Air_Force_PB_2015.zzz_unzipped-PROCUREMENT_MasterJustificationBook_Air_Force_PB_2015.xml","e0b4c68aca5bcb28bf2a8d6314af11bf878587e1d5636a46ade0d81891a819a1","0-e86c1d87833440a7d426d9687d6197048f5c2bee3dddbb0475e42192c4889a2d","0-bf1ab88aa79ffe8102a6cf9f0466a3b58adcd6e9d4d12a96810a043fb47db92c","root.record.ItemExhibitList.P3AModificationItemGroup.ModificationItemList.ModificationItem"
"Air Force Active","","","","","0.719","8.322","","","","2015-BASE_PROCUREMENT-2015-AIRFORCE_AIRCRAFT_VOL2-PROCUREMENT_MasterJustificationBook_Air_Force_PB_2015.zzz_unzipped-PROCUREMENT_MasterJustificationBook_Air_Force_PB_2015.xml","e0b4c68aca5bcb28bf2a8d6314af11bf878587e1d5636a46ade0d81891a819a1","0-51eee07c2c8715a6d119aae6136e366102cd335b12c5586c1e71f9c32f6476c1","1-d393f5625f2c8bb8a95d644862253d206c57682b3f844533da33dfb1aaa943a8","root.record.ItemExhibitList.P3AModificationItemGroup.ModificationItemList.ModificationItem"
"Air Force Active","","5.745","6.605","6.605","9.664","9.304","21.532","27.813","","2015-BASE_PROCUREMENT-2015-AIRFORCE_AIRCRAFT_VOL2-PROCUREMENT_MasterJustificationBook_Air_Force_PB_2015.zzz_unzipped-PROCUREMENT_MasterJustificationBook_Air_Force_PB_2015.xml","e0b4c68aca5bcb28bf2a8d6314af11bf878587e1d5636a46ade0d81891a819a1","0-58d603c786c29014ef5fc6ec5b211ca10fd7a9b3e55d7f66c8e33a00e8e29dd6","0-c1c7c695822d55fbde7e8690b45ec30aefa306cea2e790586ce9719b23fae9e7","root.record.ItemExhibitList.P3AModificationItemGroup.ModificationItemList.ModificationItem"
"Air Force Active","4.226","3.824","4.553","4.553","3.302","3.302","","","","2015-BASE_PROCUREMENT-2015-AIRFORCE_AIRCRAFT_VOL2-PROCUREMENT_MasterJustificationBook_Air_Force_PB_2015.zzz_unzipped-PROCUREMENT_MasterJustificationBook_Air_Force_PB_2015.xml","e0b4c68aca5bcb28bf2a8d6314af11bf878587e1d5636a46ade0d81891a819a1","0-48c2e8e76e9c523b586cce14ef01ba016cefa1dc2ed2fd4ec494f2355902f5a6","0-bc21d4248f8173576acddc32c5c8071e41ee1d04369f8a5f34e8920ae824c0f5","root.record.ItemExhibitList.P3AModificationItemGroup.ModificationItemList.ModificationItem"
"Air Force Active","","2.624","2.004","2.004","","","","","","2015-BASE_PROCUREMENT-2015-AIRFORCE_AIRCRAFT_VOL2-PROCUREMENT_MasterJustificationBook_Air_Force_PB_2015.zzz_unzipped-PROCUREMENT_MasterJustificationBook_Air_Force_PB_2015.xml","0b3cc84504de3dcd8d9b0ee78b03c6179e180dce85fc9cbee3b0fc0b68f603c4","0-ea6c5de9c32ef864aabe2d8ff3ff239ba62d44bcd6ee64cbd7b0bbfe701e5a09","0-3e1adc742caaa9ab3f9093a8513618a7bae31ee711a16ce0ad6e2f81c4441c40","root.record.ItemExhibitList.P3AModificationItemGroup.ModificationItemList.ModificationItem"
"Air Force Reserve","","0.656","3.118","3.118","","","","","","2015-BASE_PROCUREMENT-2015-AIRFORCE_AIRCRAFT_VOL2-PROCUREMENT_MasterJustificationBook_Air_Force_PB_2015.zzz_unzipped-PROCUREMENT_MasterJustificationBook_Air_Force_PB_2015.xml","0b3cc84504de3dcd8d9b0ee78b03c6179e180dce85fc9cbee3b0fc0b68f603c4","1-a34add614ca6a0a26608fc8181f7123608f14bc3d8ca047bd577ed1c194051bc","0-3e1adc742caaa9ab3f9093a8513618a7bae31ee711a16ce0ad6e2f81c4441c40","root.record.ItemExhibitList.P3AModificationItemGroup.ModificationItemList.ModificationItem"
"Air Force Active","","29.28","49.812","49.812","","","","","","2015-BASE_PROCUREMENT-2015-AIRFORCE_AIRCRAFT_VOL2-PROCUREMENT_MasterJustificationBook_Air_Force_PB_2015.zzz_unzipped-PROCUREMENT_MasterJustificationBook_Air_Force_PB_2015.xml","0b3cc84504de3dcd8d9b0ee78b03c6179e180dce85fc9cbee3b0fc0b68f603c4","0-b7ffc55ae5f38efd3342af705dfad70ef4a87fe4ca48c060e3e68bf7404dc91f","0-b41b40e2f9360813137bb4989f61596bad467c48c7aec1bc3a4bbcef9a786685","root.record.ItemExhibitList.P3AModificationItemGroup.ModificationItemList.ModificationItem"
"Air Force Reserve","","7.32","10.674","10.674","","","","","","2015-BASE_PROCUREMENT-2015-AIRFORCE_AIRCRAFT_VOL2-PROCUREMENT_MasterJustificationBook_Air_Force_PB_2015.zzz_unzipped-PROCUREMENT_MasterJustificationBook_Air_Force_PB_2015.xml","0b3cc84504de3dcd8d9b0ee78b03c6179e180dce85fc9cbee3b0fc0b68f603c4","1-fc2fad912c010b57d5cbceb1b63fcadea35847df99c599cfc582ab8368e2ed95","0-b41b40e2f9360813137bb4989f61596bad467c48c7aec1bc3a4bbcef9a786685","root.record.ItemExhibitList.P3AModificationItemGroup.ModificationItemList.ModificationItem"
"Air Force Active","","","3.289","3.289","","","","","","2015-BASE_PROCUREMENT-2015-AIRFORCE_AIRCRAFT_VOL2-PROCUREMENT_MasterJustificationBook_Air_Force_PB_2015.zzz_unzipped-PROCUREMENT_MasterJustificationBook_Air_Force_PB_2015.xml","0b3cc84504de3dcd8d9b0ee78b03c6179e180dce85fc9cbee3b0fc0b68f603c4","0-ae0d9f36573346eb6a06fab737a93f36200ce72648d1bf602e580caa3172f9c9","0-f5fcb9593c567ba784cdd87544dc9a0c4d4da433f4b81aec9f924b2cd0d838f1","root.record.ItemExhibitList.P3AModificationItemGroup.ModificationItemList.ModificationItem"
"Air Force Active","","8.038","3.91","3.91","","","","","","2015-BASE_PROCUREMENT-2015-AIRFORCE_AIRCRAFT_VOL2-PROCUREMENT_MasterJustificationBook_Air_Force_PB_2015.zzz_unzipped-PROCUREMENT_MasterJustificationBook_Air_Force_PB_2015.xml","0b3cc84504de3dcd8d9b0ee78b03c6179e180dce85fc9cbee3b0fc0b68f603c4","0-70311b451e99c34b31c25eabb347460fc5cce131ed31a556258807021da2866e","0-d23f12ec7496b5b55846493b1896f761a9bfe553bc223e2fa405d42cb3ffc934","root.record.ItemExhibitList.P3AModificationItemGroup.ModificationItemList.ModificationItem"
"Air Force Reserve","","","3.34","3.34","","","","","","2015-BASE_PROCUREMENT-2015-AIRFORCE_AIRCRAFT_VOL2-PROCUREMENT_MasterJustificationBook_Air_Force_PB_2015.zzz_unzipped-PROCUREMENT_MasterJustificationBook_Air_Force_PB_2015.xml","0b3cc84504de3dcd8d9b0ee78b03c6179e180dce85fc9cbee3b0fc0b68f603c4","1-aa401cdfb89f8a7b8b607dc3dc4f972c24273fbfa1ac63f7986f9dfe4155a391","0-d23f12ec7496b5b55846493b1896f761a9bfe553bc223e2fa405d42cb3ffc934","root.record.ItemExhibitList.P3AModificationItemGroup.ModificationItemList.ModificationItem"
"Air National Guard","","3","2.875","2.875","","","","","","2015-BASE_PROCUREMENT-2015-AIRFORCE_AIRCRAFT_VOL2-PROCUREMENT_MasterJustificationBook_Air_Force_PB_2015.zzz_unzipped-PROCUREMENT_MasterJustificationBook_Air_Force_PB_2015.xml","238e5085dc0888e77904efb55416822a25ede521b2dc0ac35009e46fc2ba274d","0-e54050ad4ec4bd781166d6e8a01d9b59972fcfccd7203bd9ae15e9ade88d459e","0-da39ef8996e17527cddee36fb130000a2a6914b200a23e3c14115c4a317aaeb4","root.record.ItemExhibitList.P3AModificationItemGroup.ModificationItemList.ModificationItem"
"Air Force Reserve","","1.375","2.125","2.125","","","","","","2015-BASE_PROCUREMENT-2015-AIRFORCE_AIRCRAFT_VOL2-PROCUREMENT_MasterJustificationBook_Air_Force_PB_2015.zzz_unzipped-PROCUREMENT_MasterJustificationBook_Air_Force_PB_2015.xml","238e5085dc0888e77904efb55416822a25ede521b2dc0ac35009e46fc2ba274d","1-f12ac6c440282f9343a7d43706a00535218f4b94fcc10813b1e5e30fc0db14bf","0-da39ef8996e17527cddee36fb130000a2a6914b200a23e3c14115c4a317aaeb4","root.record.ItemExhibitList.P3AModificationItemGroup.ModificationItemList.ModificationItem"
"Air Force Active","26.615","4.26","","","","","","","","2015-BASE_PROCUREMENT-2015-AIRFORCE_AIRCRAFT_VOL2-PROCUREMENT_MasterJustificationBook_Air_Force_PB_2015.zzz_unzipped-PROCUREMENT_MasterJustificationBook_Air_Force_PB_2015.xml","915b03b5c79079cef74c1f5fed99ff94d2a961666ffa690a638fb838766b41c1","0-0810cea91667057a3db772f4db622d6643ed9bc4ab8de8e7e0d263dae4cfd008","1-b13f95ced65e8f7761fd31b4c7bae47f654c8e520de544c09b2e7b19c5a0cc38","root.record.ItemExhibitList.P3AModificationItemGroup.ModificationItemList.ModificationItem"
"Air National Guard","7.604","","","","","","","","","2015-BASE_PROCUREMENT-2015-AIRFORCE_AIRCRAFT_VOL2-PROCUREMENT_MasterJustificationBook_Air_Force_PB_2015.zzz_unzipped-PROCUREMENT_MasterJustificationBook_Air_Force_PB_2015.xml","915b03b5c79079cef74c1f5fed99ff94d2a961666ffa690a638fb838766b41c1","1-0aa08e56279b83720138df9dd87fe524b74f7d5cd7b02542e04c8dd0c59b371d","1-b13f95ced65e8f7761fd31b4c7bae47f654c8e520de544c09b2e7b19c5a0cc38","root.record.ItemExhibitList.P3AModificationItemGroup.ModificationItemList.ModificationItem"
"Air Force Reserve","3.802","","","","","","","","","2015-BASE_PROCUREMENT-2015-AIRFORCE_AIRCRAFT_VOL2-PROCUREMENT_MasterJustificationBook_Air_Force_PB_2015.zzz_unzipped-PROCUREMENT_MasterJustificationBook_Air_Force_PB_2015.xml","915b03b5c79079cef74c1f5fed99ff94d2a961666ffa690a638fb838766b41c1","2-898fc0e689c39d567844f3616b88e27ea13a718cb76cbb84f63243f444ad8683","1-b13f95ced65e8f7761fd31b4c7bae47f654c8e520de544c09b2e7b19c5a0cc38","root.record.ItemExhibitList.P3AModificationItemGroup.ModificationItemList.ModificationItem"
"Air Force Active","10.686","","","","","","","","","2015-BASE_PROCUREMENT-2015-AIRFORCE_AIRCRAFT_VOL2-PROCUREMENT_MasterJustificationBook_Air_Force_PB_2015.zzz_unzipped-PROCUREMENT_MasterJustificationBook_Air_Force_PB_2015.xml","915b03b5c79079cef74c1f5fed99ff94d2a961666ffa690a638fb838766b41c1","0-d79c1135ed4845dfade5dfd05ba81facacee2bedc594b055ec024d84a8e53b99","2-aa6ecb44a01ac8768e9a2ef5d3d3c8d78d3b2ac673ffb8c888ed597634a1cdcd","root.record.ItemExhibitList.P3AModificationItemGroup.ModificationItemList.ModificationItem"
"Air Force Active","18.933","","","","","","","","","2015-BASE_PROCUREMENT-2015-AIRFORCE_AIRCRAFT_VOL2-PROCUREMENT_MasterJustificationBook_Air_Force_PB_2015.zzz_unzipped-PROCUREMENT_MasterJustificationBook_Air_Force_PB_2015.xml","f589edbc06d76a4949c8665cea83963e382985d5b4eea11b3a6abcd51d15beb8","0-278685d337f9b229dcf31ad1b20f14415949b98988d6b9bfac61f503ca2553f2","0-3b0c6ff8ddfbd8cae12c3f97988729ede34cc768a86679893d928fcae6b6aefa","root.record.ItemExhibitList.P3AModificationItemGroup.ModificationItemList.ModificationItem"
"Air Force Active","5.713","","15.616","15.616","","","","","","2015-BASE_PROCUREMENT-2015-AIRFORCE_AIRCRAFT_VOL2-PROCUREMENT_MasterJustificationBook_Air_Force_PB_2015.zzz_unzipped-PROCUREMENT_MasterJustificationBook_Air_Force_PB_2015.xml","1d0ff418bd7c6cd4e0e89bd791631b1a3c0f2af4c9f1aa7bb064636a8d9f282b","0-a4b20ddd827f4223c2d3c89b48ac3b4b7d26b263e7adb498f4aefd5aee957b59","0-e459587b8279b4aff5237996c6a67507838be9ce130659950e994f0d142deaa6","root.record.ItemExhibitList.P3AModificationItemGroup.ModificationItemList.ModificationItem"
"Air National Guard","5.713","","16.484","16.484","","","","","","2015-BASE_PROCUREMENT-2015-AIRFORCE_AIRCRAFT_VOL2-PROCUREMENT_MasterJustificationBook_Air_Force_PB_2015.zzz_unzipped-PROCUREMENT_MasterJustificationBook_Air_Force_PB_2015.xml","1d0ff418bd7c6cd4e0e89bd791631b1a3c0f2af4c9f1aa7bb064636a8d9f282b","1-a18ea42ba6b4dd7fd745fa968df5043191d4f2507150cdca269bd9a5608dd6d3","0-e459587b8279b4aff5237996c6a67507838be9ce130659950e994f0d142deaa6","root.record.ItemExhibitList.P3AModificationItemGroup.ModificationItemList.ModificationItem"
"Air Force Reserve","2.143","","6.941","6.941","","","","","","2015-BASE_PROCUREMENT-2015-AIRFORCE_AIRCRAFT_VOL2-PROCUREMENT_MasterJustificationBook_Air_Force_PB_2015.zzz_unzipped-PROCUREMENT_MasterJustificationBook_Air_Force_PB_2015.xml","1d0ff418bd7c6cd4e0e89bd791631b1a3c0f2af4c9f1aa7bb064636a8d9f282b","2-b3d3de347f1233c1dd867a2b6ef8d41250df6165e39749e085d5142a9a93e7e3","0-e459587b8279b4aff5237996c6a67507838be9ce130659950e994f0d142deaa6","root.record.ItemExhibitList.P3AModificationItemGroup.ModificationItemList.ModificationItem"
"Air Force Active","53.616","","","","","","","","","2015-BASE_PROCUREMENT-2015-AIRFORCE_AIRCRAFT_VOL2-PROCUREMENT_MasterJustificationBook_Air_Force_PB_2015.zzz_unzipped-PROCUREMENT_MasterJustificationBook_Air_Force_PB_2015.xml","a48921b64d03b92f38e99229622434b0339f2788458c62c08f23ae8dd17a6497","0-d88a73de27c098299d78f003c1e2b1069b98a000197da3263fd683a57907f168","0-413a25cebcd5ee74a4d555a25d1d67b260c9e50977cd17fd3c475c40f3df3e26","root.record.ItemExhibitList.P3AModificationItemGroup.ModificationItemList.ModificationItem"
"Air Force Active","58.646","125.745","191.871","191.871","","","","","","2015-BASE_PROCUREMENT-2015-AIRFORCE_AIRCRAFT_VOL2-PROCUREMENT_MasterJustificationBook_Air_Force_PB_2015.zzz_unzipped-PROCUREMENT_MasterJustificationBook_Air_Force_PB_2015.xml","855eae1cbb61b6501bc214ee71975773395e237741d724826b960bf4c434431a","0-dabe74ce9cf1bf17018d8b18b8353a21713a122d10e57de6eee932aae5f0c10a","0-f8f66f0837e3b3cab804be3cccb6d096b4d35387f9daa90edf14fa7c34f16f09","root.record.ItemExhibitList.P3AModificationItemGroup.ModificationItemList.ModificationItem"
"Air Force Active","3.783","78.489","15.394","15.394","","","","","","2015-BASE_PROCUREMENT-2015-AIRFORCE_AIRCRAFT_VOL2-PROCUREMENT_MasterJustificationBook_Air_Force_PB_2015.zzz_unzipped-PROCUREMENT_MasterJustificationBook_Air_Force_PB_2015.xml","855eae1cbb61b6501bc214ee71975773395e237741d724826b960bf4c434431a","0-9eae8f8238c8701a7549acfbfe4fc00a80903505c925decefea571994947f3ea","0-8aadcfc052cc779efc5748e066e312c68e33c60f596004d4542f07c90e6f8297","root.record.ItemExhibitList.P3AModificationItemGroup.ModificationItemList.ModificationItem"
"Air National Guard","46.912","8.783","87.104","87.104","","","","","","2015-BASE_PROCUREMENT-2015-AIRFORCE_AIRCRAFT_VOL2-PROCUREMENT_MasterJustificationBook_Air_Force_PB_2015.zzz_unzipped-PROCUREMENT_MasterJustificationBook_Air_Force_PB_2015.xml","855eae1cbb61b6501bc214ee71975773395e237741d724826b960bf4c434431a","1-ab34ca2835a8cd509efcd403dfc44d02fbe15909bfc863e962bd0ae41df60bdb","0-8aadcfc052cc779efc5748e066e312c68e33c60f596004d4542f07c90e6f8297","root.record.ItemExhibitList.P3AModificationItemGroup.ModificationItemList.ModificationItem"
"Air Force Active","2.793","8.605","","","","","","","","2015-BASE_PROCUREMENT-2015-AIRFORCE_AIRCRAFT_VOL2-PROCUREMENT_MasterJustificationBook_Air_Force_PB_2015.zzz_unzipped-PROCUREMENT_MasterJustificationBook_Air_Force_PB_2015.xml","855eae1cbb61b6501bc214ee71975773395e237741d724826b960bf4c434431a","0-6a587c537d0ae71e6c67cc6fc14ee3afe87147b9ef0f588a4b74c0b98b91f5fc","0-708bc7f59d8953d23df87a59a6fd01f4d1e26d295e0ff5bc2dd0b5faa62258f9","root.record.ItemExhibitList.P3AModificationItemGroup.ModificationItemList.ModificationItem"
"Air Force Active","8.6","8.48","","","","","","","","2015-BASE_PROCUREMENT-2015-AIRFORCE_AIRCRAFT_VOL2-PROCUREMENT_MasterJustificationBook_Air_Force_PB_2015.zzz_unzipped-PROCUREMENT_MasterJustificationBook_Air_Force_PB_2015.xml","855eae1cbb61b6501bc214ee71975773395e237741d724826b960bf4c434431a","0-381d9861ca78d5828ce3664ac7d530eb611e57c993139cea1ca870cdaa020eb7","0-3f50954c15d2d876a0e38ba00290a23f9d29a442b928e66648d49d1e4cc87699","root.record.ItemExhibitList.P3AModificationItemGroup.ModificationItemList.ModificationItem"
"Air National Guard","22.418","","","","","","","","","2015-BASE_PROCUREMENT-2015-AIRFORCE_AIRCRAFT_VOL2-PROCUREMENT_MasterJustificationBook_Air_Force_PB_2015.zzz_unzipped-PROCUREMENT_MasterJustificationBook_Air_Force_PB_2015.xml","e0999d2b89817dbe0cc954d07a44ef1ad1938f20a6bca9d4306e26527654e26d","0-b7585b1e2ad5d7ad79423b19223d0ccf91bcea48a0a4c332a22708c61e0f7f1c","0-e45af7070b5684f6d04b61011b6f53779dc2234a3ab4d7c9171e32d61f14b8e4","root.record.ItemExhibitList.P3AModificationItemGroup.ModificationItemList.ModificationItem"
"Air Force Active","53.658","60.793","37.611","37.611","39.951","47.86","43.967","31.137","","2015-BASE_PROCUREMENT-2015-AIRFORCE_AIRCRAFT_VOL2-PROCUREMENT_MasterJustificationBook_Air_Force_PB_2015.zzz_unzipped-PROCUREMENT_MasterJustificationBook_Air_Force_PB_2015.xml","e0999d2b89817dbe0cc954d07a44ef1ad1938f20a6bca9d4306e26527654e26d","0-9ad5c867815bfb320c887e4aae540d5b891a7e84cf553d6eaed756ac85743263","0-1fa26f8682300b04e72c9bd96adf73addadbcc54df86b300c9f10553706ca66b","root.record.ItemExhibitList.P3AModificationItemGroup.ModificationItemList.ModificationItem"
"Air National Guard","8.812","6.836","6.637","6.637","5.671","3.12","2.025","2.166","","2015-BASE_PROCUREMENT-2015-AIRFORCE_AIRCRAFT_VOL2-PROCUREMENT_MasterJustificationBook_Air_Force_PB_2015.zzz_unzipped-PROCUREMENT_MasterJustificationBook_Air_Force_PB_2015.xml","e0999d2b89817dbe0cc954d07a44ef1ad1938f20a6bca9d4306e26527654e26d","1-442add9811727cc06044e96fee1f19b8facd7bde77bb3603248332945277a70a","0-1fa26f8682300b04e72c9bd96adf73addadbcc54df86b300c9f10553706ca66b","root.record.ItemExhibitList.P3AModificationItemGroup.ModificationItemList.ModificationItem"
"Air Force Active","7.427","18.666","12.155","12.155","11.73","24.923","27.288","22.692","","2015-BASE_PROCUREMENT-2015-AIRFORCE_AIRCRAFT_VOL2-PROCUREMENT_MasterJustificationBook_Air_Force_PB_2015.zzz_unzipped-PROCUREMENT_MasterJustificationBook_Air_Force_PB_2015.xml","e0999d2b89817dbe0cc954d07a44ef1ad1938f20a6bca9d4306e26527654e26d","0-6a0d4c0a9f447168e69aec946e360cb044e131ee98c8bc47817886a9ad771cbe","0-002d338c8f5ff8b97b35c2d0f7e42a11a676c2b9d6316eb3ae200d700d3597c8","root.record.ItemExhibitList.P3AModificationItemGroup.ModificationItemList.ModificationItem"
"Air National Guard","0.807","3.067","1.321","1.321","1.274","2.014","2.421","2.465","","2015-BASE_PROCUREMENT-2015-AIRFORCE_AIRCRAFT_VOL2-PROCUREMENT_MasterJustificationBook_Air_Force_PB_2015.zzz_unzipped-PROCUREMENT_MasterJustificationBook_Air_Force_PB_2015.xml","e0999d2b89817dbe0cc954d07a44ef1ad1938f20a6bca9d4306e26527654e26d","1-94f6c0f30d186edf97d7a510afaa0d49a9ca71758193cb7022987a4c41e04eca","0-002d338c8f5ff8b97b35c2d0f7e42a11a676c2b9d6316eb3ae200d700d3597c8","root.record.ItemExhibitList.P3AModificationItemGroup.ModificationItemList.ModificationItem"
"Air Force Active","5.801","7.931","5.09","5.09","5.571","10.141","","","","2015-BASE_PROCUREMENT-2015-AIRFORCE_AIRCRAFT_VOL2-PROCUREMENT_MasterJustificationBook_Air_Force_PB_2015.zzz_unzipped-PROCUREMENT_MasterJustificationBook_Air_Force_PB_2015.xml","e0999d2b89817dbe0cc954d07a44ef1ad1938f20a6bca9d4306e26527654e26d","0-c6ca9aa69d7ba8b90a71576d753e0b2b2c86c7e150ffef29f5eda20d110a7317","0-515897d914a1283cc2ca4e2affe8318ab105798e9586e197481319e557e140d0","root.record.ItemExhibitList.P3AModificationItemGroup.ModificationItemList.ModificationItem"
"Air National Guard","0.58","","","","","2.751","17.883","","","2015-BASE_PROCUREMENT-2015-AIRFORCE_AIRCRAFT_VOL2-PROCUREMENT_MasterJustificationBook_Air_Force_PB_2015.zzz_unzipped-PROCUREMENT_MasterJustificationBook_Air_Force_PB_2015.xml","e0999d2b89817dbe0cc954d07a44ef1ad1938f20a6bca9d4306e26527654e26d","1-ed744d00c57996ecbe576ad92c1ffa661a2e197772e723d0588fcba8328bef62","0-515897d914a1283cc2ca4e2affe8318ab105798e9586e197481319e557e140d0","root.record.ItemExhibitList.P3AModificationItemGroup.ModificationItemList.ModificationItem"
"Air Force Active","29.961","22.49","","","3.15","5.85","6.093","2.569","","2015-BASE_PROCUREMENT-2015-AIRFORCE_AIRCRAFT_VOL2-PROCUREMENT_MasterJustificationBook_Air_Force_PB_2015.zzz_unzipped-PROCUREMENT_MasterJustificationBook_Air_Force_PB_2015.xml","e0999d2b89817dbe0cc954d07a44ef1ad1938f20a6bca9d4306e26527654e26d","0-25b1ab6614753657b6f95607acfac088bb3270189026471befc321488709aa11","0-b8c93e1fd64deca79135374f19f624d96b7129e263607000e5061663f04616bd","root.record.ItemExhibitList.P3AModificationItemGroup.ModificationItemList.ModificationItem"
"Air Force Active","","","","","63.551","75.159","92.625","","","2015-BASE_PROCUREMENT-2015-AIRFORCE_AIRCRAFT_VOL2-PROCUREMENT_MasterJustificationBook_Air_Force_PB_2015.zzz_unzipped-PROCUREMENT_MasterJustificationBook_Air_Force_PB_2015.xml","a8a6e5bc3013496d237ccecb8631798e1f6fde8d6f32dd9210c3a80ded847d47","0-034e9703ea10f7d33473c270afe2e6ec1440a68fc7b63e126d3dd1cfadd7df58","0-3459117c398a47816d7b7915ff41782ccdd021edcbb4f85bb693fe82c5f054ec","root.record.ItemExhibitList.P3AModificationItemGroup.ModificationItemList.ModificationItem"
"Air National Guard","","","","","","","35.11","","","2015-BASE_PROCUREMENT-2015-AIRFORCE_AIRCRAFT_VOL2-PROCUREMENT_MasterJustificationBook_Air_Force_PB_2015.zzz_unzipped-PROCUREMENT_MasterJustificationBook_Air_Force_PB_2015.xml","a8a6e5bc3013496d237ccecb8631798e1f6fde8d6f32dd9210c3a80ded847d47","1-9378f1e4832b4df1755381b72f374bc533e83b354fdb851dc12ca6f2369efe3c","0-3459117c398a47816d7b7915ff41782ccdd021edcbb4f85bb693fe82c5f054ec","root.record.ItemExhibitList.P3AModificationItemGroup.ModificationItemList.ModificationItem"
"Air Force Active","2.067","3.261","1.644","1.644","","","","","","2015-BASE_PROCUREMENT-2015-AIRFORCE_OTHER-PROCUREMENT_JustificationBook_Air_Force_PB_2015.zzz_unzipped-PROCUREMENT_JustificationBook_Air_Force_PB_2015.xml","468bc985f6e66df36e06ea9a96c28ec64edcebf0d6674e83420127564b1094c0","0-94de5e9dff58284cf6e3bdbbd2f6068245af0e6e6dfc6eea9271375c164adb41","0-233af8fbb7e0e1eda030b05c9781cf666a69b3be7d25258cdfb80689a71a2d8c","root.record.ItemExhibitList.P3AModificationItemGroup.ModificationItemList.ModificationItem"
"Air National Guard","","0.21","","","","","","","","2015-BASE_PROCUREMENT-2015-AIRFORCE_OTHER-PROCUREMENT_JustificationBook_Air_Force_PB_2015.zzz_unzipped-PROCUREMENT_JustificationBook_Air_Force_PB_2015.xml","468bc985f6e66df36e06ea9a96c28ec64edcebf0d6674e83420127564b1094c0","1-b49648df66d22519bd57b1311a7a1e54191c6d32e04a33d00c23f8176877065a","0-233af8fbb7e0e1eda030b05c9781cf666a69b3be7d25258cdfb80689a71a2d8c","root.record.ItemExhibitList.P3AModificationItemGroup.ModificationItemList.ModificationItem"
"Air Force Reserve","","0.631","0.411","0.411","","","","","","2015-BASE_PROCUREMENT-2015-AIRFORCE_OTHER-PROCUREMENT_JustificationBook_Air_Force_PB_2015.zzz_unzipped-PROCUREMENT_JustificationBook_Air_Force_PB_2015.xml","468bc985f6e66df36e06ea9a96c28ec64edcebf0d6674e83420127564b1094c0","2-ab6e9902306f9436ae49ab29ca75feea92f9ea00f6807d7bf64f0fb633d67977","0-233af8fbb7e0e1eda030b05c9781cf666a69b3be7d25258cdfb80689a71a2d8c","root.record.ItemExhibitList.P3AModificationItemGroup.ModificationItemList.ModificationItem"
"Air Force Active","2.067","3.261","1.644","1.644","","","","","","2015-BASE_PROCUREMENT-2015-AIRFORCE_OTHER-PROCUREMENT_MasterJustificationBook_Air_Force_PB_2015.zzz_unzipped-PROCUREMENT_MasterJustificationBook_Air_Force_PB_2015.xml","38574a0eb107b9f7269a65b5cd9e3370a0cecba368536b676cf0c3e78bac69ac","0-75d85fbe916b94b2079eeec44e2d1e21628656248e54d4408bee2ff3e5d81b82","0-3c7f4a6d398587a871d0001f79dd91b96cef5fced990536b6bbf6f6a25fbe17c","root.record.ItemExhibitList.P3AModificationItemGroup.ModificationItemList.ModificationItem"
"Air National Guard","","0.21","","","","","","","","2015-BASE_PROCUREMENT-2015-AIRFORCE_OTHER-PROCUREMENT_MasterJustificationBook_Air_Force_PB_2015.zzz_unzipped-PROCUREMENT_MasterJustificationBook_Air_Force_PB_2015.xml","38574a0eb107b9f7269a65b5cd9e3370a0cecba368536b676cf0c3e78bac69ac","1-904c3ce39d11a0980b3c97886f9a1ca7e76ddbd08a0d975fa86118d908914f80","0-3c7f4a6d398587a871d0001f79dd91b96cef5fced990536b6bbf6f6a25fbe17c","root.record.ItemExhibitList.P3AModificationItemGroup.ModificationItemList.ModificationItem"
"Air Force Reserve","","0.631","0.411","0.411","","","","","","2015-BASE_PROCUREMENT-2015-AIRFORCE_OTHER-PROCUREMENT_MasterJustificationBook_Air_Force_PB_2015.zzz_unzipped-PROCUREMENT_MasterJustificationBook_Air_Force_PB_2015.xml","38574a0eb107b9f7269a65b5cd9e3370a0cecba368536b676cf0c3e78bac69ac","2-97ecb62f059197803591153ef32e015b90bc5f5e8207624ea9c21128b94b5b46","0-3c7f4a6d398587a871d0001f79dd91b96cef5fced990536b6bbf6f6a25fbe17c","root.record.ItemExhibitList.P3AModificationItemGroup.ModificationItemList.ModificationItem"
"Air National Guard","","3","2.875","2.875","","","","","","2015-AMENDED_PROCUREMENT_AND_RDTE-2015-AIRFORCE_AMMO-PROCUREMENT_JustificationBook_Air_Force_PBAmended_2015.zzz_unzipped-PROCUREMENT_JustificationBook_Air_Force_PBAmended_2015.xml","5d0eeab0e5f827704ba2a685913a7359c919753ae300be7e875ee61ae60888e4","0-b07874b85d8153e8c222eceebcda849479f449f7886f90053197eec057ab3c5e","0-c80e3a9dff1d126b6e3af3143e82516ae48b26bc22601761b4edc9372bdff1c5","root.record.ItemExhibitList.P3AModificationItemGroup.ModificationItemList.ModificationItem"
"Air Force Reserve","","1.375","2.125","2.125","","","","","","2015-AMENDED_PROCUREMENT_AND_RDTE-2015-AIRFORCE_AMMO-PROCUREMENT_JustificationBook_Air_Force_PBAmended_2015.zzz_unzipped-PROCUREMENT_JustificationBook_Air_Force_PBAmended_2015.xml","5d0eeab0e5f827704ba2a685913a7359c919753ae300be7e875ee61ae60888e4","1-9e258614486d43d9d0d840bea8f9a10e397015ccf373d658aea70c5d863aec9c","0-c80e3a9dff1d126b6e3af3143e82516ae48b26bc22601761b4edc9372bdff1c5","root.record.ItemExhibitList.P3AModificationItemGroup.ModificationItemList.ModificationItem"
"Air Force Active","","","","25","","","","","25","2015-AMENDED_PROCUREMENT_AND_RDTE-2015-AIRFORCE_AMMO-PROCUREMENT_JustificationBook_Air_Force_PBAmended_2015.zzz_unzipped-PROCUREMENT_JustificationBook_Air_Force_PBAmended_2015.xml","5d0eeab0e5f827704ba2a685913a7359c919753ae300be7e875ee61ae60888e4","0-ce4574e20e8d9c65e7bc304dd2657e0f32244ce48076326b3da8984ec662261a","0-185ba0258080d57a4c546b0ef26bc575ddbec5865f59970382c48bffe06e5c73","root.record.ItemExhibitList.P3AModificationItemGroup.ModificationItemList.ModificationItem"
"Air Force Active","","","","1.92","","","","","1.92","2015-AMENDED_PROCUREMENT_AND_RDTE-2015-AIRFORCE_AMMO-PROCUREMENT_JustificationBook_Air_Force_PBAmended_2015.zzz_unzipped-PROCUREMENT_JustificationBook_Air_Force_PBAmended_2015.xml","5d0eeab0e5f827704ba2a685913a7359c919753ae300be7e875ee61ae60888e4","0-fb35eebaf4a3d277321122b8cd6dae94b0684dcc788cfd604a9494b3b6907042","0-37e16d178ac131728b35e75e1666fa27e5495cfba0d518c111cd2d1fc698c1ef","root.record.ItemExhibitList.P3AModificationItemGroup.ModificationItemList.ModificationItem"
"Air Force Active","","","","20.2","","","","","20.2","2015-AMENDED_PROCUREMENT_AND_RDTE-2015-AIRFORCE_AMMO-PROCUREMENT_JustificationBook_Air_Force_PBAmended_2015.zzz_unzipped-PROCUREMENT_JustificationBook_Air_Force_PBAmended_2015.xml","5d0eeab0e5f827704ba2a685913a7359c919753ae300be7e875ee61ae60888e4","0-587aa455d51cce246b2621363d416b8a46d6d1bacf61d8a48e0449cb74894d70","0-c4b247854fc39918ea6c67905518531dbea23893e3be80268730333fb1f689c8","root.record.ItemExhibitList.P3AModificationItemGroup.ModificationItemList.ModificationItem"
"Air Force Active","18.933","","","7.868","","","","","7.868","2015-AMENDED_PROCUREMENT_AND_RDTE-2015-AIRFORCE_AMMO-PROCUREMENT_JustificationBook_Air_Force_PBAmended_2015.zzz_unzipped-PROCUREMENT_JustificationBook_Air_Force_PBAmended_2015.xml","3cdf5370d6aa06ad598534cb0c149c4f22f6fb738ead93645d4b6f4becdfa971","0-0b55a39ce403d21ba645ad7733419dc6e76c4bff60a383012e58841ac8bc3e38","0-a227509e86045e5c95f2bd613e8a7a8de69aeeb480965183d098b995e46ce57b","root.record.ItemExhibitList.P3AModificationItemGroup.ModificationItemList.ModificationItem"
"Air Force Active","","","","110","","","","","110","2015-AMENDED_PROCUREMENT_AND_RDTE-2015-AIRFORCE_AMMO-PROCUREMENT_JustificationBook_Air_Force_PBAmended_2015.zzz_unzipped-PROCUREMENT_JustificationBook_Air_Force_PBAmended_2015.xml","d177e659f53ffa5917a1e0770f0f77f8ddcc46ba3527c6a754a8a7acb25715b8","0-b9bfe8e80a7cba60663eb289802eea6a2f995acd9eb3a142d63ed9971f62edf5","0-3b0e7f9291dd0854c947a75f62034c955c196ce4d60a677a950c73eabbe4b85f","root.record.ItemExhibitList.P3AModificationItemGroup.ModificationItemList.ModificationItem"
"Air National Guard","","3","2.875","2.875","","","","","","2015-AMENDED_PROCUREMENT_AND_RDTE-2015-AIRFORCE_AMMO-PROCUREMENT_MasterJustificationBook_Air_Force_PBAmended_2015.zzz_unzipped-PROCUREMENT_MasterJustificationBook_Air_Force_PBAmended_2015.xml","308f697704d8ddc7394defea12f143515a17c085f8cd1988f241494e4852d23c","0-5278bdaf2919756c0502c7bf3caecf107a0566924cde381f16b826d3e4f1ecd5","0-049fd2326a398c8017f5d959ec3f19fe1292e46bcd3409a83f20108f737b819f","root.record.ItemExhibitList.P3AModificationItemGroup.ModificationItemList.ModificationItem"
"Air Force Reserve","","1.375","2.125","2.125","","","","","","2015-AMENDED_PROCUREMENT_AND_RDTE-2015-AIRFORCE_AMMO-PROCUREMENT_MasterJustificationBook_Air_Force_PBAmended_2015.zzz_unzipped-PROCUREMENT_MasterJustificationBook_Air_Force_PBAmended_2015.xml","308f697704d8ddc7394defea12f143515a17c085f8cd1988f241494e4852d23c","1-0cadb5754ebdda82c694c48555913be1671598f21f46a1b71d92cad0732f7dc5","0-049fd2326a398c8017f5d959ec3f19fe1292e46bcd3409a83f20108f737b819f","root.record.ItemExhibitList.P3AModificationItemGroup.ModificationItemList.ModificationItem"
"Air Force Active","","","","25","","","","","25","2015-AMENDED_PROCUREMENT_AND_RDTE-2015-AIRFORCE_AMMO-PROCUREMENT_MasterJustificationBook_Air_Force_PBAmended_2015.zzz_unzipped-PROCUREMENT_MasterJustificationBook_Air_Force_PBAmended_2015.xml","308f697704d8ddc7394defea12f143515a17c085f8cd1988f241494e4852d23c","0-788cb9e15c746e2229d10476ea73ae418c53c4e5049f6a6471f194227e6721e2","0-cbc3e1fd94a5132bfb89c1280465724a12edb4c91e11ff81684f49aede689e53","root.record.ItemExhibitList.P3AModificationItemGroup.ModificationItemList.ModificationItem"
"Air Force Active","","","","1.92","","","","","1.92","2015-AMENDED_PROCUREMENT_AND_RDTE-2015-AIRFORCE_AMMO-PROCUREMENT_MasterJustificationBook_Air_Force_PBAmended_2015.zzz_unzipped-PROCUREMENT_MasterJustificationBook_Air_Force_PBAmended_2015.xml","308f697704d8ddc7394defea12f143515a17c085f8cd1988f241494e4852d23c","0-583f38e1388e510dc23fa6b9e2f6a639b34749d211759483762c47c6051ab03e","0-531c0b2fd5d8d597e143e1d9722d1e98e0f3d2b4c2229052bfd0a8e7f088ed2d","root.record.ItemExhibitList.P3AModificationItemGroup.ModificationItemList.ModificationItem"
"Air Force Active","","","","20.2","","","","","20.2","2015-AMENDED_PROCUREMENT_AND_RDTE-2015-AIRFORCE_AMMO-PROCUREMENT_MasterJustificationBook_Air_Force_PBAmended_2015.zzz_unzipped-PROCUREMENT_MasterJustificationBook_Air_Force_PBAmended_2015.xml","308f697704d8ddc7394defea12f143515a17c085f8cd1988f241494e4852d23c","0-3ebcfdcbf235f585db8dab47c1d00020a6f1b144d9324029918b57e55d716b5e","0-18e4db794c704fc4761bb615d00f976bcd7be817aecd0b87611c9e57d1d3bb7e","root.record.ItemExhibitList.P3AModificationItemGroup.ModificationItemList.ModificationItem"
"Air Force Active","18.933","","","7.868","","","","","7.868","2015-AMENDED_PROCUREMENT_AND_RDTE-2015-AIRFORCE_AMMO-PROCUREMENT_MasterJustificationBook_Air_Force_PBAmended_2015.zzz_unzipped-PROCUREMENT_MasterJustificationBook_Air_Force_PBAmended_2015.xml","3422ac66d0ea6fb81b14f56ab36db4a0f72d47732900596259b15b9bc0499223","0-91699bcc9966aba07ed209ec1e66eb224730e27b1af8485e62eb9b8ce1acc4f5","0-01f7160a583753d38bd49d9dbba6660666624dc3350e2e2ef51630783b84d57b","root.record.ItemExhibitList.P3AModificationItemGroup.ModificationItemList.ModificationItem"
"Air Force Active","","","","110","","","","","110","2015-AMENDED_PROCUREMENT_AND_RDTE-2015-AIRFORCE_AMMO-PROCUREMENT_MasterJustificationBook_Air_Force_PBAmended_2015.zzz_unzipped-PROCUREMENT_MasterJustificationBook_Air_Force_PBAmended_2015.xml","56973cec9b82d701b103921c27e9e0dd4d4550d12f7eb4cfb52ccf09176053e5","0-10d320bad763467e2f717b186c3547c0161a7feaaeb2ce5c1ae1a86154263359","0-f031f813c91c488071cc5e2d7af1f4f8538c5ee37ea00bb5636bf1c7e0ba369c","root.record.ItemExhibitList.P3AModificationItemGroup.ModificationItemList.ModificationItem"
