Name_val,Cost_TotalCost_PriorYear_val,Cost_TotalCost_CurrentYear_val,Cost_TotalCost_BudgetYearOneBase_val,Cost_TotalCost_BudgetYearOne_val,Cost_TotalCost_BudgetYearTwo_val,Cost_TotalCost_BudgetYearThree_val,Cost_TotalCost_BudgetYearFour_val,Cost_TotalCost_BudgetYearFive_val,Cost_TotalCost_BudgetYearOneOCO_val,@SOURCE_FILENAME,@RECORDID,@ROWID,@PARENTROWID,@PARENT
"Air Force Active","46.2","","","","","","","","","2015-BASE_PROCUREMENT-2015-AIRFORCE_AIRCRAFT_VOL2-PROCUREMENT_JustificationBook_Air_Force_PB_2015.zzz_unzipped-PROCUREMENT_JustificationBook_Air_Force_PB_2015.xml","64acb54550a4560598d7d665ce51dd7ecd276be3097259da048227510b8c8d9d","0-6f37bd2779f21ce1f7de427017c5ee73129864a077cfff217290c79a04448192","0-f1f5bc20470d821422238ede94abd2480ef13031b08af31a7dcf280f871c67f8","root.record.ItemExhibitList.P3AModificationItemGroup.ModificationItemList.ModificationItem"
"Air Force Active","6.275","2.006","6.415","6.415","6.575","7.715","7.862","8.009","","2015-BASE_PROCUREMENT-2015-AIRFORCE_AIRCRAFT_VOL2-PROCUREMENT_JustificationBook_Air_Force_PB_2015.zzz_unzipped-PROCUREMENT_JustificationBook_Air_Force_PB_2015.xml","64acb54550a4560598d7d665ce51dd7ecd276be3097259da048227510b8c8d9d","0-f63c1427d40e72c9e0999a74f1d45a51bfc5f3b4bd4675359bfef54358ed0320","0-902b7de52bb5aab49c6262cecf93351426bdc691fec2baa4443573d62c280226","root.record.ItemExhibitList.P3AModificationItemGroup.ModificationItemList.ModificationItem"
"Air Force Active","","","1.764","1.764","","","","","","2015-BASE_PROCUREMENT-2015-AIRFORCE_AIRCRAFT_VOL2-PROCUREMENT_JustificationBook_Air_Force_PB_2015.zzz_unzipped-PROCUREMENT_JustificationBook_Air_Force_PB_2015.xml","b8767409fbe18f979daf324b822c3fc717f2bfd9a9a8e2c0e9528e4bdde4d803","0-28954aa6e5f7ea2517d877dc099c846e7e244256180500f2cf84b5c08cb13992","0-40c782c0e4949acf5bbaa3379bf3be24435a8b9b6d15c1e96c12ed6f518a1f8e","root.record.ItemExhibitList.P3AModificationItemGroup.ModificationItemList.ModificationItem"
"Air Force Active","328.153","","","","","","","","","2015-BASE_PROCUREMENT-2015-AIRFORCE_AIRCRAFT_VOL2-PROCUREMENT_JustificationBook_Air_Force_PB_2015.zzz_unzipped-PROCUREMENT_JustificationBook_Air_Force_PB_2015.xml","e049539817dd22b34918c2c0be8271bbbd79d6b6a486234ddff8e6be076c0e3d","0-f7740337d12b7d043c80b76df53ac062df273a257038f003e3b14abd5cd9a227","0-c547c8cfc11dd2faecb94f3a118cefc019f74705b6d84341649eac65b365d35c","root.record.ItemExhibitList.P3AModificationItemGroup.ModificationItemList.ModificationItem"
"Air Force Reserve","273.46","719.289","","","","","","","","2015-BASE_PROCUREMENT-2015-AIRFORCE_AIRCRAFT_VOL2-PROCUREMENT_JustificationBook_Air_Force_PB_2015.zzz_unzipped-PROCUREMENT_JustificationBook_Air_Force_PB_2015.xml","e049539817dd22b34918c2c0be8271bbbd79d6b6a486234ddff8e6be076c0e3d","1-d20404798363badd789e076759e5e5bdd752a7cd0f7c82668e8fc10b0cbd43ca","0-c547c8cfc11dd2faecb94f3a118cefc019f74705b6d84341649eac65b365d35c","root.record.ItemExhibitList.P3AModificationItemGroup.ModificationItemList.ModificationItem"
"Air Force Active","9.635","13.247","0.424","0.424","","","","","","2015-BASE_PROCUREMENT-2015-AIRFORCE_AIRCRAFT_VOL2-PROCUREMENT_JustificationBook_Air_Force_PB_2015.zzz_unzipped-PROCUREMENT_JustificationBook_Air_Force_PB_2015.xml","2c3a42ac96c574f3a05d311e38d1fd39e76b2eaa077eed338c2b56579168a566","0-0ce28891108066fd6d4da76dffa7669233afab873e8e384c19dabe904a0339ca","0-35484164d2be2704c5eb5c96226bde86a6f23913da0ac9c1788b15aee79c382f","root.record.ItemExhibitList.P3AModificationItemGroup.ModificationItemList.ModificationItem"
"Air National Guard","1.47","","5.515","5.515","","","","","","2015-BASE_PROCUREMENT-2015-AIRFORCE_AIRCRAFT_VOL2-PROCUREMENT_JustificationBook_Air_Force_PB_2015.zzz_unzipped-PROCUREMENT_JustificationBook_Air_Force_PB_2015.xml","2c3a42ac96c574f3a05d311e38d1fd39e76b2eaa077eed338c2b56579168a566","1-feda0c72f8683cf6a9d82c73cc454b40f81795f5ed14345e724aa0c72a188548","0-35484164d2be2704c5eb5c96226bde86a6f23913da0ac9c1788b15aee79c382f","root.record.ItemExhibitList.P3AModificationItemGroup.ModificationItemList.ModificationItem"
"Air Force Reserve","1.96","0.473","1.273","1.273","","","","","","2015-BASE_PROCUREMENT-2015-AIRFORCE_AIRCRAFT_VOL2-PROCUREMENT_JustificationBook_Air_Force_PB_2015.zzz_unzipped-PROCUREMENT_JustificationBook_Air_Force_PB_2015.xml","2c3a42ac96c574f3a05d311e38d1fd39e76b2eaa077eed338c2b56579168a566","2-6a49045d1a304d7f40cca90fcd42efb4d478a7eb26805f15b5ab22be7c7538cc","0-35484164d2be2704c5eb5c96226bde86a6f23913da0ac9c1788b15aee79c382f","root.record.ItemExhibitList.P3AModificationItemGroup.ModificationItemList.ModificationItem"
"Air Force Active","13.378","","","","","","","","","2015-BASE_PROCUREMENT-2015-AIRFORCE_AIRCRAFT_VOL2-PROCUREMENT_JustificationBook_Air_Force_PB_2015.zzz_unzipped-PROCUREMENT_JustificationBook_Air_Force_PB_2015.xml","2c3a42ac96c574f3a05d311e38d1fd39e76b2eaa077eed338c2b56579168a566","0-176e14ed411d44e43f3ba861ded21d4adba12fb457c0af7f0033e2bab3de71a1","0-8b0e1f146d249432c6a7f44f4acec74ced155f0abbc779f7b5bbcab58525d682","root.record.ItemExhibitList.P3AModificationItemGroup.ModificationItemList.ModificationItem"
"Air National Guard","2.539","","","","","","","","","2015-BASE_PROCUREMENT-2015-AIRFORCE_AIRCRAFT_VOL2-PROCUREMENT_JustificationBook_Air_Force_PB_2015.zzz_unzipped-PROCUREMENT_JustificationBook_Air_Force_PB_2015.xml","2c3a42ac96c574f3a05d311e38d1fd39e76b2eaa077eed338c2b56579168a566","1-dae563a282967fa93303cc58ec00125903b316fe517a5511562d57136121b0a1","0-8b0e1f146d249432c6a7f44f4acec74ced155f0abbc779f7b5bbcab58525d682","root.record.ItemExhibitList.P3AModificationItemGroup.ModificationItemList.ModificationItem"
"Air Force Reserve","12.694","","","","","","","","","2015-BASE_PROCUREMENT-2015-AIRFORCE_AIRCRAFT_VOL2-PROCUREMENT_JustificationBook_Air_Force_PB_2015.zzz_unzipped-PROCUREMENT_JustificationBook_Air_Force_PB_2015.xml","2c3a42ac96c574f3a05d311e38d1fd39e76b2eaa077eed338c2b56579168a566","2-d7cd2ceb4e469827abd72a2695d6a80cb482d04c782b26ae4ad0381c6d014c36","0-8b0e1f146d249432c6a7f44f4acec74ced155f0abbc779f7b5bbcab58525d682","root.record.ItemExhibitList.P3AModificationItemGroup.ModificationItemList.ModificationItem"
"Air Force Active","5.849","17.836","14.05","14.05","14.61","15.05","2.818","","","2015-BASE_PROCUREMENT-2015-AIRFORCE_AIRCRAFT_VOL2-PROCUREMENT_JustificationBook_Air_Force_PB_2015.zzz_unzipped-PROCUREMENT_JustificationBook_Air_Force_PB_2015.xml","2c3a42ac96c574f3a05d311e38d1fd39e76b2eaa077eed338c2b56579168a566","0-6798ca27f0290b4641661a25c636333fa1f82096014d83c36e3c383fe990b72d","0-6264e45bc901b60bf0ad4d08ea4651026f7caadce3b839b118b5b38c6098b82a","root.record.ItemExhibitList.P3AModificationItemGroup.ModificationItemList.ModificationItem"
"Air National Guard","","","","","","","12.212","","","2015-BASE_PROCUREMENT-2015-AIRFORCE_AIRCRAFT_VOL2-PROCUREMENT_JustificationBook_Air_Force_PB_2015.zzz_unzipped-PROCUREMENT_JustificationBook_Air_Force_PB_2015.xml","2c3a42ac96c574f3a05d311e38d1fd39e76b2eaa077eed338c2b56579168a566","1-511a637532448eb8846162a6cc9625ef6144b84a8d58fcb63d39fe93cee4682e","0-6264e45bc901b60bf0ad4d08ea4651026f7caadce3b839b118b5b38c6098b82a","root.record.ItemExhibitList.P3AModificationItemGroup.ModificationItemList.ModificationItem"
"Air Force Reserve","","","","","","","0.47","8.23","","2015-BASE_PROCUREMENT-2015-AIRFORCE_AIRCRAFT_VOL2-PROCUREMENT_JustificationBook_Air_Force_PB_2015.zzz_unzipped-PROCUREMENT_JustificationBook_Air_Force_PB_2015.xml","2c3a42ac96c574f3a05d311e38d1fd39e76b2eaa077eed338c2b56579168a566","2-3d4d6d6ff9901ae0b63d99359a254204b95ed01797703895053dd798d8f86ffa","0-6264e45bc901b60bf0ad4d08ea4651026f7caadce3b839b118b5b38c6098b82a","root.record.ItemExhibitList.P3AModificationItemGroup.ModificationItemList.ModificationItem"
"Air Force Active","","","1.31","1.31","10.97","11.299","","","","2015-BASE_PROCUREMENT-2015-AIRFORCE_AIRCRAFT_VOL2-PROCUREMENT_JustificationBook_Air_Force_PB_2015.zzz_unzipped-PROCUREMENT_JustificationBook_Air_Force_PB_2015.xml","2c3a42ac96c574f3a05d311e38d1fd39e76b2eaa077eed338c2b56579168a566","0-d95bf944e38f135ee3122b3b7f7b6cbee699f32fa3590ac5fe69b96a2ced72ee","0-a85f7239b7a03af6404032a71edd8476c27df23bd3a3e6450b38747c62040c4f","root.record.ItemExhibitList.P3AModificationItemGroup.ModificationItemList.ModificationItem"
"Air Force Active","","","","","0.719","8.322","","","","2015-BASE_PROCUREMENT-2015-AIRFORCE_AIRCRAFT_VOL2-PROCUREMENT_JustificationBook_Air_Force_PB_2015.zzz_unzipped-PROCUREMENT_JustificationBook_Air_Force_PB_2015.xml","2c3a42ac96c574f3a05d311e38d1fd39e76b2eaa077eed338c2b56579168a566","0-af58822b76e235e0de89ef52119081020492094380289f15f2395b8faf91dd50","1-44dac647e8a837023d1e2d3dcb579865c65da5bcdc6ba25c11e8fd93374c3fdb","root.record.ItemExhibitList.P3AModificationItemGroup.ModificationItemList.ModificationItem"
"Air Force Active","","5.745","6.605","6.605","9.664","9.304","21.532","27.813","","2015-BASE_PROCUREMENT-2015-AIRFORCE_AIRCRAFT_VOL2-PROCUREMENT_JustificationBook_Air_Force_PB_2015.zzz_unzipped-PROCUREMENT_JustificationBook_Air_Force_PB_2015.xml","2c3a42ac96c574f3a05d311e38d1fd39e76b2eaa077eed338c2b56579168a566","0-1863cbcf868197365036178edce65790ce2f25e1e58864c1b6e585bc813b146d","0-3a781d03ca506627088152260e5353737040a77c4f1d3a150b8244ad3f746238","root.record.ItemExhibitList.P3AModificationItemGroup.ModificationItemList.ModificationItem"
"Air Force Active","4.226","3.824","4.553","4.553","3.302","3.302","","","","2015-BASE_PROCUREMENT-2015-AIRFORCE_AIRCRAFT_VOL2-PROCUREMENT_JustificationBook_Air_Force_PB_2015.zzz_unzipped-PROCUREMENT_JustificationBook_Air_Force_PB_2015.xml","2c3a42ac96c574f3a05d311e38d1fd39e76b2eaa077eed338c2b56579168a566","0-a43fb4deeb506fae3d4b94d48db0dada01ad7b36365759fb96ee18938934d346","0-a9f11ad29c00563b8bd986b202c41519a86361a0a44d047d31322f33e1e4d02f","root.record.ItemExhibitList.P3AModificationItemGroup.ModificationItemList.ModificationItem"
"Air Force Active","","2.624","2.004","2.004","","","","","","2015-BASE_PROCUREMENT-2015-AIRFORCE_AIRCRAFT_VOL2-PROCUREMENT_JustificationBook_Air_Force_PB_2015.zzz_unzipped-PROCUREMENT_JustificationBook_Air_Force_PB_2015.xml","c18079498214be7c8507bd7289056635ea6ba000e7bb766e68a998d56e53f49a","0-70a1f42caf881d5eab7a8a55542e104095d0abbd0ebd5b1dfed47a5d0ae5f394","0-b86b24861b7eea92cc89d57bde910db8587d21fd5aa78754e5c4cca4ab51bbea","root.record.ItemExhibitList.P3AModificationItemGroup.ModificationItemList.ModificationItem"
"Air Force Reserve","","0.656","3.118","3.118","","","","","","2015-BASE_PROCUREMENT-2015-AIRFORCE_AIRCRAFT_VOL2-PROCUREMENT_JustificationBook_Air_Force_PB_2015.zzz_unzipped-PROCUREMENT_JustificationBook_Air_Force_PB_2015.xml","c18079498214be7c8507bd7289056635ea6ba000e7bb766e68a998d56e53f49a","1-67579fbf3c637f3d19fdba2b23b0861f48e50c40acb066fe932215cdfa16dd64","0-b86b24861b7eea92cc89d57bde910db8587d21fd5aa78754e5c4cca4ab51bbea","root.record.ItemExhibitList.P3AModificationItemGroup.ModificationItemList.ModificationItem"
"Air Force Active","","29.28","49.812","49.812","","","","","","2015-BASE_PROCUREMENT-2015-AIRFORCE_AIRCRAFT_VOL2-PROCUREMENT_JustificationBook_Air_Force_PB_2015.zzz_unzipped-PROCUREMENT_JustificationBook_Air_Force_PB_2015.xml","c18079498214be7c8507bd7289056635ea6ba000e7bb766e68a998d56e53f49a","0-3c62f4ec58ff029ce0e512ca5e05b5be8ff07e24f27111f6aa96732ed10c2959","0-59e91dd73074976e792482fae598cb2c1409f33bfe1ef5c9650e0019399727b5","root.record.ItemExhibitList.P3AModificationItemGroup.ModificationItemList.ModificationItem"
"Air Force Reserve","","7.32","10.674","10.674","","","","","","2015-BASE_PROCUREMENT-2015-AIRFORCE_AIRCRAFT_VOL2-PROCUREMENT_JustificationBook_Air_Force_PB_2015.zzz_unzipped-PROCUREMENT_JustificationBook_Air_Force_PB_2015.xml","c18079498214be7c8507bd7289056635ea6ba000e7bb766e68a998d56e53f49a","1-1ec96c85ed197e9f05dd0e5209637570be078755191daecf43eac6682562393a","0-59e91dd73074976e792482fae598cb2c1409f33bfe1ef5c9650e0019399727b5","root.record.ItemExhibitList.P3AModificationItemGroup.ModificationItemList.ModificationItem"
"Air Force Active","","","3.289","3.289","","","","","","2015-BASE_PROCUREMENT-2015-AIRFORCE_AIRCRAFT_VOL2-PROCUREMENT_JustificationBook_Air_Force_PB_2015.zzz_unzipped-PROCUREMENT_JustificationBook_Air_Force_PB_2015.xml","c18079498214be7c8507bd7289056635ea6ba000e7bb766e68a998d56e53f49a","0-8ea7c43c82cbe65dbcf3f49b31b66f6b84083258af65f39fa498bb4efce413e4","0-9497097a153469bbfc1ab9161da3cadc007bfdb1ed0a0aca1c8b6a8387bed577","root.record.ItemExhibitList.P3AModificationItemGroup.ModificationItemList.ModificationItem"
"Air Force Active","","8.038","3.91","3.91","","","","","","2015-BASE_PROCUREMENT-2015-AIRFORCE_AIRCRAFT_VOL2-PROCUREMENT_JustificationBook_Air_Force_PB_2015.zzz_unzipped-PROCUREMENT_JustificationBook_Air_Force_PB_2015.xml","c18079498214be7c8507bd7289056635ea6ba000e7bb766e68a998d56e53f49a","0-e1d2d6efc2078907ae4fcace375e72e4c90666cad464593c265f20ad9c937153","0-28e6f6f1ab3ddd30cdf75547d2216277e9cad9951029b54ec83dff53cc659a02","root.record.ItemExhibitList.P3AModificationItemGroup.ModificationItemList.ModificationItem"
"Air Force Reserve","","","3.34","3.34","","","","","","2015-BASE_PROCUREMENT-2015-AIRFORCE_AIRCRAFT_VOL2-PROCUREMENT_JustificationBook_Air_Force_PB_2015.zzz_unzipped-PROCUREMENT_JustificationBook_Air_Force_PB_2015.xml","c18079498214be7c8507bd7289056635ea6ba000e7bb766e68a998d56e53f49a","1-0279b7a2a25c0393aaa11f6840d4da7a373ca0ff780a2e91fc45b904abddb610","0-28e6f6f1ab3ddd30cdf75547d2216277e9cad9951029b54ec83dff53cc659a02","root.record.ItemExhibitList.P3AModificationItemGroup.ModificationItemList.ModificationItem"
"Air National Guard","","3","2.875","2.875","","","","","","2015-BASE_PROCUREMENT-2015-AIRFORCE_AIRCRAFT_VOL2-PROCUREMENT_JustificationBook_Air_Force_PB_2015.zzz_unzipped-PROCUREMENT_JustificationBook_Air_Force_PB_2015.xml","c95b3cad136b9abd961b0302a1b9dcc36c9e32822973785202e66e43ffe473da","0-99ba9924a468929a9b9b9abbd0e3776b129549ade96d0f279afc7796d0d0e04d","0-c4a6ab8da42f62c1f81029dfca0f4cfe5115920a49f7dca03402e2b06671c952","root.record.ItemExhibitList.P3AModificationItemGroup.ModificationItemList.ModificationItem"
"Air Force Reserve","","1.375","2.125","2.125","","","","","","2015-BASE_PROCUREMENT-2015-AIRFORCE_AIRCRAFT_VOL2-PROCUREMENT_JustificationBook_Air_Force_PB_2015.zzz_unzipped-PROCUREMENT_JustificationBook_Air_Force_PB_2015.xml","c95b3cad136b9abd961b0302a1b9dcc36c9e32822973785202e66e43ffe473da","1-7e584f8170147fea8aa47fa7ad97bfa15d99bfe22065a7cde1b61130dcb102b7","0-c4a6ab8da42f62c1f81029dfca0f4cfe5115920a49f7dca03402e2b06671c952","root.record.ItemExhibitList.P3AModificationItemGroup.ModificationItemList.ModificationItem"
"Air Force Active","26.615","4.26","","","","","","","","2015-BASE_PROCUREMENT-2015-AIRFORCE_AIRCRAFT_VOL2-PROCUREMENT_JustificationBook_Air_Force_PB_2015.zzz_unzipped-PROCUREMENT_JustificationBook_Air_Force_PB_2015.xml","ad2cbcd52887cfdbd4c4e64af0f936c986b469e78be0a9fa924477b8ad18fb8f","0-290a9e8427a977a04db830ecf7743c18ad653fb72560e2cc81584df7b0476915","1-988717f5c8c212c62fa08b24c12be9362617562d42ee7c3c081ceaec163bfa0b","root.record.ItemExhibitList.P3AModificationItemGroup.ModificationItemList.ModificationItem"
"Air National Guard","7.604","","","","","","","","","2015-BASE_PROCUREMENT-2015-AIRFORCE_AIRCRAFT_VOL2-PROCUREMENT_JustificationBook_Air_Force_PB_2015.zzz_unzipped-PROCUREMENT_JustificationBook_Air_Force_PB_2015.xml","ad2cbcd52887cfdbd4c4e64af0f936c986b469e78be0a9fa924477b8ad18fb8f","1-7496a534c90586c4bd515c5ea49e6a598263c2ace940698e505dc98c20e0eb01","1-988717f5c8c212c62fa08b24c12be9362617562d42ee7c3c081ceaec163bfa0b","root.record.ItemExhibitList.P3AModificationItemGroup.ModificationItemList.ModificationItem"
"Air Force Reserve","3.802","","","","","","","","","2015-BASE_PROCUREMENT-2015-AIRFORCE_AIRCRAFT_VOL2-PROCUREMENT_JustificationBook_Air_Force_PB_2015.zzz_unzipped-PROCUREMENT_JustificationBook_Air_Force_PB_2015.xml","ad2cbcd52887cfdbd4c4e64af0f936c986b469e78be0a9fa924477b8ad18fb8f","2-6c41bbe5ea3d90ebcefcd303762bae3b96628a247dea6cb3ffb63afb06487ef5","1-988717f5c8c212c62fa08b24c12be9362617562d42ee7c3c081ceaec163bfa0b","root.record.ItemExhibitList.P3AModificationItemGroup.ModificationItemList.ModificationItem"
"Air Force Active","10.686","","","","","","","","","2015-BASE_PROCUREMENT-2015-AIRFORCE_AIRCRAFT_VOL2-PROCUREMENT_JustificationBook_Air_Force_PB_2015.zzz_unzipped-PROCUREMENT_JustificationBook_Air_Force_PB_2015.xml","ad2cbcd52887cfdbd4c4e64af0f936c986b469e78be0a9fa924477b8ad18fb8f","0-b7e0aa4b6ac9cf829fd494fa2a0cd5df4067b1031499bf6516a0984ae956b93f","2-a4cd5bf8f3b2d9167bffefcc5ee17a7346e466fa0501be1a768bf2efd3f2eac6","root.record.ItemExhibitList.P3AModificationItemGroup.ModificationItemList.ModificationItem"
"Air Force Active","18.933","","","","","","","","","2015-BASE_PROCUREMENT-2015-AIRFORCE_AIRCRAFT_VOL2-PROCUREMENT_JustificationBook_Air_Force_PB_2015.zzz_unzipped-PROCUREMENT_JustificationBook_Air_Force_PB_2015.xml","f95a686895e7fa3d37923c2b920ccf43d5ee240504c1f66a1de53572ac91a145","0-439d84545576284d509bffba4f9d476150a9d461bd555c577834be162718ed2b","0-66670dea102c565d5f7b9fea8a55ac369529f9542ab5f8b0cdae5f8290317307","root.record.ItemExhibitList.P3AModificationItemGroup.ModificationItemList.ModificationItem"
"Air Force Active","5.713","","15.616","15.616","","","","","","2015-BASE_PROCUREMENT-2015-AIRFORCE_AIRCRAFT_VOL2-PROCUREMENT_JustificationBook_Air_Force_PB_2015.zzz_unzipped-PROCUREMENT_JustificationBook_Air_Force_PB_2015.xml","4f10c9d75af1ff7f39d3312af79b465fcb001e31cfa449ec049bea6f08f73af1","0-e570a6d3b728a3e5ab8b7f4d0abe3ec7dd6b1aa5860c64ebdece3d11ef65d1cb","0-4c7530e0dd589320550680332662d4d3e762dcc48d340e0bed46d95a3ca9dd47","root.record.ItemExhibitList.P3AModificationItemGroup.ModificationItemList.ModificationItem"
"Air National Guard","5.713","","16.484","16.484","","","","","","2015-BASE_PROCUREMENT-2015-AIRFORCE_AIRCRAFT_VOL2-PROCUREMENT_JustificationBook_Air_Force_PB_2015.zzz_unzipped-PROCUREMENT_JustificationBook_Air_Force_PB_2015.xml","4f10c9d75af1ff7f39d3312af79b465fcb001e31cfa449ec049bea6f08f73af1","1-e038720a03f1af95f989a1dd2bafd64e747e0415a9cbd7ccaeaeb3864b3764cd","0-4c7530e0dd589320550680332662d4d3e762dcc48d340e0bed46d95a3ca9dd47","root.record.ItemExhibitList.P3AModificationItemGroup.ModificationItemList.ModificationItem"
"Air Force Reserve","2.143","","6.941","6.941","","","","","","2015-BASE_PROCUREMENT-2015-AIRFORCE_AIRCRAFT_VOL2-PROCUREMENT_JustificationBook_Air_Force_PB_2015.zzz_unzipped-PROCUREMENT_JustificationBook_Air_Force_PB_2015.xml","4f10c9d75af1ff7f39d3312af79b465fcb001e31cfa449ec049bea6f08f73af1","2-4c8de94b50d7b2843242b03630fca70bb54c03384e8c5ee3d8d51f0ade7ce268","0-4c7530e0dd589320550680332662d4d3e762dcc48d340e0bed46d95a3ca9dd47","root.record.ItemExhibitList.P3AModificationItemGroup.ModificationItemList.ModificationItem"
"Air Force Active","53.616","","","","","","","","","2015-BASE_PROCUREMENT-2015-AIRFORCE_AIRCRAFT_VOL2-PROCUREMENT_JustificationBook_Air_Force_PB_2015.zzz_unzipped-PROCUREMENT_JustificationBook_Air_Force_PB_2015.xml","bbc8063372e02d2bc548b494988437c9d99675713059aabc6acf7bc346906c17","0-5318368b3c8c7fca1e1c5344d515e95cae2b62c2c994d059a69a557e71447f3a","0-808839118ae76011e0c4fe0d9ff70c8ca0f0d45526fac0a1f46e6ef53c8cd4ac","root.record.ItemExhibitList.P3AModificationItemGroup.ModificationItemList.ModificationItem"
"Air Force Active","58.646","125.745","191.871","191.871","","","","","","2015-BASE_PROCUREMENT-2015-AIRFORCE_AIRCRAFT_VOL2-PROCUREMENT_JustificationBook_Air_Force_PB_2015.zzz_unzipped-PROCUREMENT_JustificationBook_Air_Force_PB_2015.xml","37a9176d6819849bcd695141407bcbea7c3c0b02a6c4bbb6d05d22c664d601c4","0-ebde9e0012754cebb3cea02d87bc79e655f364d22fb2bff0d5f802a68b5729bf","0-9621123eb4cb9cbb9f84acff2b1d7255a0a6a21d06702eaf2f54eda7e45fcbdc","root.record.ItemExhibitList.P3AModificationItemGroup.ModificationItemList.ModificationItem"
"Air Force Active","3.783","78.489","15.394","15.394","","","","","","2015-BASE_PROCUREMENT-2015-AIRFORCE_AIRCRAFT_VOL2-PROCUREMENT_JustificationBook_Air_Force_PB_2015.zzz_unzipped-PROCUREMENT_JustificationBook_Air_Force_PB_2015.xml","37a9176d6819849bcd695141407bcbea7c3c0b02a6c4bbb6d05d22c664d601c4","0-741a3d7292a3a6f4a3742caa8f12c7645b2722658496f01ef5adfec22a96c2dd","0-070b6daf9dbe9ca8b6faacd8c1adc9343fe39773d9c797c29f7cc0c6b87309ad","root.record.ItemExhibitList.P3AModificationItemGroup.ModificationItemList.ModificationItem"
"Air National Guard","46.912","8.783","87.104","87.104","","","","","","2015-BASE_PROCUREMENT-2015-AIRFORCE_AIRCRAFT_VOL2-PROCUREMENT_JustificationBook_Air_Force_PB_2015.zzz_unzipped-PROCUREMENT_JustificationBook_Air_Force_PB_2015.xml","37a9176d6819849bcd695141407bcbea7c3c0b02a6c4bbb6d05d22c664d601c4","1-9902cf96362902f86db6d4d6530ccc2bba76636aa0035c7cea04dbc3baace785","0-070b6daf9dbe9ca8b6faacd8c1adc9343fe39773d9c797c29f7cc0c6b87309ad","root.record.ItemExhibitList.P3AModificationItemGroup.ModificationItemList.ModificationItem"
"Air Force Active","2.793","8.605","","","","","","","","2015-BASE_PROCUREMENT-2015-AIRFORCE_AIRCRAFT_VOL2-PROCUREMENT_JustificationBook_Air_Force_PB_2015.zzz_unzipped-PROCUREMENT_JustificationBook_Air_Force_PB_2015.xml","37a9176d6819849bcd695141407bcbea7c3c0b02a6c4bbb6d05d22c664d601c4","0-ad255cc917e6c5095ffc372671f69cd69689da677df8cbc9b052ec5e98bc7287","0-507235d1135827c68e73079f03bc271bb3cda205756eb4e820f05a830aed372f","root.record.ItemExhibitList.P3AModificationItemGroup.ModificationItemList.ModificationItem"
"Air Force Active","8.6","8.48","","","","","","","","2015-BASE_PROCUREMENT-2015-AIRFORCE_AIRCRAFT_VOL2-PROCUREMENT_JustificationBook_Air_Force_PB_2015.zzz_unzipped-PROCUREMENT_JustificationBook_Air_Force_PB_2015.xml","37a9176d6819849bcd695141407bcbea7c3c0b02a6c4bbb6d05d22c664d601c4","0-56ed72c5372e7f2bc7496436cdfd939c267a2f35584ed8c7613590d019a69c1d","0-4a7cb28a7a3229e01753d62840b2d09a9f3db1aa96f8f0c899fc027718011d91","root.record.ItemExhibitList.P3AModificationItemGroup.ModificationItemList.ModificationItem"
"Air National Guard","22.418","","","","","","","","","2015-BASE_PROCUREMENT-2015-AIRFORCE_AIRCRAFT_VOL2-PROCUREMENT_JustificationBook_Air_Force_PB_2015.zzz_unzipped-PROCUREMENT_JustificationBook_Air_Force_PB_2015.xml","a8005ce497b4d26a96a0a73b3a202cd9ad0d2cb8833efae151bef5451667fd9e","0-3915a8b784ffb98f97e9d3886e16f323a8b234c3e4d78887f9fe1de1496c7c16","0-0babc1568b6e0c79486c33e0b7f6e10afead0eaf9e3fb6450572626dd76e002a","root.record.ItemExhibitList.P3AModificationItemGroup.ModificationItemList.ModificationItem"
"Air Force Active","53.658","60.793","37.611","37.611","39.951","47.86","43.967","31.137","","2015-BASE_PROCUREMENT-2015-AIRFORCE_AIRCRAFT_VOL2-PROCUREMENT_JustificationBook_Air_Force_PB_2015.zzz_unzipped-PROCUREMENT_JustificationBook_Air_Force_PB_2015.xml","a8005ce497b4d26a96a0a73b3a202cd9ad0d2cb8833efae151bef5451667fd9e","0-087a15ca5792e2e13a97d3431ae482e92ff155320ed04fc9820a77939ea05d9f","0-36bf31edf6f4d6a227e4672eea62c8a77b45ceb6e18d2ba11e4043f185d450db","root.record.ItemExhibitList.P3AModificationItemGroup.ModificationItemList.ModificationItem"
"Air National Guard","8.812","6.836","6.637","6.637","5.671","3.12","2.025","2.166","","2015-BASE_PROCUREMENT-2015-AIRFORCE_AIRCRAFT_VOL2-PROCUREMENT_JustificationBook_Air_Force_PB_2015.zzz_unzipped-PROCUREMENT_JustificationBook_Air_Force_PB_2015.xml","a8005ce497b4d26a96a0a73b3a202cd9ad0d2cb8833efae151bef5451667fd9e","1-1363999686a0249ac3f954f27ed1ff35bf37de1d8908e172777b0907530806c1","0-36bf31edf6f4d6a227e4672eea62c8a77b45ceb6e18d2ba11e4043f185d450db","root.record.ItemExhibitList.P3AModificationItemGroup.ModificationItemList.ModificationItem"
"Air Force Active","7.427","18.666","12.155","12.155","11.73","24.923","27.288","22.692","","2015-BASE_PROCUREMENT-2015-AIRFORCE_AIRCRAFT_VOL2-PROCUREMENT_JustificationBook_Air_Force_PB_2015.zzz_unzipped-PROCUREMENT_JustificationBook_Air_Force_PB_2015.xml","a8005ce497b4d26a96a0a73b3a202cd9ad0d2cb8833efae151bef5451667fd9e","0-9d367d64d128c1c7a93026656f7734d847094c0ad6448ff49d459ec3bb235b7a","0-a7ae0a0483b87e10f0f108fb5d4e909dd8fe29c2684f702d5078d06a5c41a545","root.record.ItemExhibitList.P3AModificationItemGroup.ModificationItemList.ModificationItem"
"Air National Guard","0.807","3.067","1.321","1.321","1.274","2.014","2.421","2.465","","2015-BASE_PROCUREMENT-2015-AIRFORCE_AIRCRAFT_VOL2-PROCUREMENT_JustificationBook_Air_Force_PB_2015.zzz_unzipped-PROCUREMENT_JustificationBook_Air_Force_PB_2015.xml","a8005ce497b4d26a96a0a73b3a202cd9ad0d2cb8833efae151bef5451667fd9e","1-66ef7774677ce37b05f0f1b78b2f046ba9784722d2cddb12d88ba3c2e0c6a311","0-a7ae0a0483b87e10f0f108fb5d4e909dd8fe29c2684f702d5078d06a5c41a545","root.record.ItemExhibitList.P3AModificationItemGroup.ModificationItemList.ModificationItem"
"Air Force Active","5.801","7.931","5.09","5.09","5.571","10.141","","","","2015-BASE_PROCUREMENT-2015-AIRFORCE_AIRCRAFT_VOL2-PROCUREMENT_JustificationBook_Air_Force_PB_2015.zzz_unzipped-PROCUREMENT_JustificationBook_Air_Force_PB_2015.xml","a8005ce497b4d26a96a0a73b3a202cd9ad0d2cb8833efae151bef5451667fd9e","0-75d664f0a68d47bded835f85da9b0f714fb46b804b9afe9cbbebec2e2147ec72","0-a6485b2b788ec2952293d8361cbfc315733f82faf31782d1de6ba8c43c20e352","root.record.ItemExhibitList.P3AModificationItemGroup.ModificationItemList.ModificationItem"
"Air National Guard","0.58","","","","","2.751","17.883","","","2015-BASE_PROCUREMENT-2015-AIRFORCE_AIRCRAFT_VOL2-PROCUREMENT_JustificationBook_Air_Force_PB_2015.zzz_unzipped-PROCUREMENT_JustificationBook_Air_Force_PB_2015.xml","a8005ce497b4d26a96a0a73b3a202cd9ad0d2cb8833efae151bef5451667fd9e","1-3fe6545d990db28d54c11554d770177ed0eedffb0b2452bc2874fa8e44b9c3ce","0-a6485b2b788ec2952293d8361cbfc315733f82faf31782d1de6ba8c43c20e352","root.record.ItemExhibitList.P3AModificationItemGroup.ModificationItemList.ModificationItem"
"Air Force Active","29.961","22.49","","","3.15","5.85","6.093","2.569","","2015-BASE_PROCUREMENT-2015-AIRFORCE_AIRCRAFT_VOL2-PROCUREMENT_JustificationBook_Air_Force_PB_2015.zzz_unzipped-PROCUREMENT_JustificationBook_Air_Force_PB_2015.xml","a8005ce497b4d26a96a0a73b3a202cd9ad0d2cb8833efae151bef5451667fd9e","0-75da320b4d05436c5bb257df45749f64a46e0a1ae489a9beda43a88464108850","0-007ee49aa76903d7c438549f4619817cd059a437d47cf1661b3665e42e127800","root.record.ItemExhibitList.P3AModificationItemGroup.ModificationItemList.ModificationItem"
"Air Force Active","","","","","63.551","75.159","92.625","","","2015-BASE_PROCUREMENT-2015-AIRFORCE_AIRCRAFT_VOL2-PROCUREMENT_JustificationBook_Air_Force_PB_2015.zzz_unzipped-PROCUREMENT_JustificationBook_Air_Force_PB_2015.xml","0e0c5259a601c4aa4ff961a0ac121c4db369bfa13d87e153e3615741b3479e79","0-3cc18cb1a985322497c8e25b46c11ebbbbd0aedfd0e06f1078e686a55c4e99d3","0-a2f4625f7afd098a165acfb8290b918aa83bb88eb19b07fb0c32ebb9709a8224","root.record.ItemExhibitList.P3AModificationItemGroup.ModificationItemList.ModificationItem"
"Air National Guard","","","","","","","35.11","","","2015-BASE_PROCUREMENT-2015-AIRFORCE_AIRCRAFT_VOL2-PROCUREMENT_JustificationBook_Air_Force_PB_2015.zzz_unzipped-PROCUREMENT_JustificationBook_Air_Force_PB_2015.xml","0e0c5259a601c4aa4ff961a0ac121c4db369bfa13d87e153e3615741b3479e79","1-b945bffd04f9dff390b883f710ab6499b306e3c66bf2b3a3eaa74e8bd1629e48","0-a2f4625f7afd098a165acfb8290b918aa83bb88eb19b07fb0c32ebb9709a8224","root.record.ItemExhibitList.P3AModificationItemGroup.ModificationItemList.ModificationItem"
"Air Force Active","46.2","","","","","","","","","2015-BASE_PROCUREMENT-2015-AIRFORCE_AIRCRAFT_VOL2-PROCUREMENT_MasterJustificationBook_Air_Force_PB_2015.zzz_unzipped-PROCUREMENT_MasterJustificationBook_Air_Force_PB_2015.xml","ca9f1e9f848e67edf7e34b76ad9b05e59dfcbeb190b54cb2ec2a178aeaaa3bfa","0-c68481d233bcf9241cb1a85e7431207fb995732af04d4c51b1de58fdbb0cbf32","0-526238d1f15cee39a9f7dc06630c3086bd068c5899d1a1bf91acab7467cb4e4f","root.record.ItemExhibitList.P3AModificationItemGroup.ModificationItemList.ModificationItem"
"Air Force Active","6.275","2.006","6.415","6.415","6.575","7.715","7.862","8.009","","2015-BASE_PROCUREMENT-2015-AIRFORCE_AIRCRAFT_VOL2-PROCUREMENT_MasterJustificationBook_Air_Force_PB_2015.zzz_unzipped-PROCUREMENT_MasterJustificationBook_Air_Force_PB_2015.xml","ca9f1e9f848e67edf7e34b76ad9b05e59dfcbeb190b54cb2ec2a178aeaaa3bfa","0-4c9b6547967de3e18554a95375047b6a8542da4afd89a62567086caf307d6997","0-82de90948743c69d92f89b575dfa2e76cadf2b8830643af28217dfedc55dbd42","root.record.ItemExhibitList.P3AModificationItemGroup.ModificationItemList.ModificationItem"
"Air Force Active","","","1.764","1.764","","","","","","2015-BASE_PROCUREMENT-2015-AIRFORCE_AIRCRAFT_VOL2-PROCUREMENT_MasterJustificationBook_Air_Force_PB_2015.zzz_unzipped-PROCUREMENT_MasterJustificationBook_Air_Force_PB_2015.xml","25442f0fc741be383c8f1f024b4ed975774a4a3437a381bef47bf09fa44b0a02","0-33ea62c17c439f2b10972c004da545899b6bdbbea130245e16d75cc5b95968ae","0-75669427e20509234019558968144680f858eb411f97a1104aace98b0d8e0708","root.record.ItemExhibitList.P3AModificationItemGroup.ModificationItemList.ModificationItem"
"Air Force Active","328.153","","","","","","","","","2015-BASE_PROCUREMENT-2015-AIRFORCE_AIRCRAFT_VOL2-PROCUREMENT_MasterJustificationBook_Air_Force_PB_2015.zzz_unzipped-PROCUREMENT_MasterJustificationBook_Air_Force_PB_2015.xml","aa1014d1730217cf58bd0eb1cf9155036af0caca57bd2ece54304d573c8411a2","0-55d4c9554fdc598c48ac51e6d7e4d679537a925648450d1446b758056d6192ff","0-f2dc36f044af11e151d5e9910953253c466372a6b4a7148867b3f377744832a4","root.record.ItemExhibitList.P3AModificationItemGroup.ModificationItemList.ModificationItem"
"Air Force Reserve","273.46","719.289","","","","","","","","2015-BASE_PROCUREMENT-2015-AIRFORCE_AIRCRAFT_VOL2-PROCUREMENT_MasterJustificationBook_Air_Force_PB_2015.zzz_unzipped-PROCUREMENT_MasterJustificationBook_Air_Force_PB_2015.xml","aa1014d1730217cf58bd0eb1cf9155036af0caca57bd2ece54304d573c8411a2","1-dd36c22f9ddaadff0d0411a1e5b3ed6d5750f849e03e52e1ff2d2ea17d2b93e8","0-f2dc36f044af11e151d5e9910953253c466372a6b4a7148867b3f377744832a4","root.record.ItemExhibitList.P3AModificationItemGroup.ModificationItemList.ModificationItem"
"Air Force Active","9.635","13.247","0.424","0.424","","","","","","2015-BASE_PROCUREMENT-2015-AIRFORCE_AIRCRAFT_VOL2-PROCUREMENT_MasterJustificationBook_Air_Force_PB_2015.zzz_unzipped-PROCUREMENT_MasterJustificationBook_Air_Force_PB_2015.xml","e0b4c68aca5bcb28bf2a8d6314af11bf878587e1d5636a46ade0d81891a819a1","0-1b7bce7e2b5060de104bb1096fe0db67c5dfb90c8eb82808fe5c44d7891cbb36","0-19bf14116ab4c3479cd47cc37fa226e9c8f97c20c9700a8525268e764465c79c","root.record.ItemExhibitList.P3AModificationItemGroup.ModificationItemList.ModificationItem"
"Air National Guard","1.47","","5.515","5.515","","","","","","2015-BASE_PROCUREMENT-2015-AIRFORCE_AIRCRAFT_VOL2-PROCUREMENT_MasterJustificationBook_Air_Force_PB_2015.zzz_unzipped-PROCUREMENT_MasterJustificationBook_Air_Force_PB_2015.xml","e0b4c68aca5bcb28bf2a8d6314af11bf878587e1d5636a46ade0d81891a819a1","1-a765a7521b9f3679b8eef2bc48c99a2fc983031bc2fa705a100a0beeebc2be11","0-19bf14116ab4c3479cd47cc37fa226e9c8f97c20c9700a8525268e764465c79c","root.record.ItemExhibitList.P3AModificationItemGroup.ModificationItemList.ModificationItem"
"Air Force Reserve","1.96","0.473","1.273","1.273","","","","","","2015-BASE_PROCUREMENT-2015-AIRFORCE_AIRCRAFT_VOL2-PROCUREMENT_MasterJustificationBook_Air_Force_PB_2015.zzz_unzipped-PROCUREMENT_MasterJustificationBook_Air_Force_PB_2015.xml","e0b4c68aca5bcb28bf2a8d6314af11bf878587e1d5636a46ade0d81891a819a1","2-5b5a333f2d72c750c908562218bd231d00e36db5dda21b1bb42fc7f3b93b5879","0-19bf14116ab4c3479cd47cc37fa226e9c8f97c20c9700a8525268e764465c79c","root.record.ItemExhibitList.P3AModificationItemGroup.ModificationItemList.ModificationItem"
"Air Force Active","13.378","","","","","","","","","2015-BASE_PROCUREMENT-2015-AIRFORCE_AIRCRAFT_VOL2-PROCUREMENT_MasterJustificationBook_Air_Force_PB_2015.zzz_unzipped-PROCUREMENT_MasterJustificationBook_Air_Force_PB_2015.xml","e0b4c68aca5bcb28bf2a8d6314af11bf878587e1d5636a46ade0d81891a819a1","0-1351b68425e317660f9cb9081bd84c693260e11947cf16283f363734842e0c33","0-273bcc9068877359e1d37358cc9e972d5a18e3349e3ebef0c3c8873274d48fba","root.record.ItemExhibitList.P3AModificationItemGroup.ModificationItemList.ModificationItem"
"Air National Guard","2.539","","","","","","","","","2015-BASE_PROCUREMENT-2015-AIRFORCE_AIRCRAFT_VOL2-PROCUREMENT_MasterJustificationBook_Air_Force_PB_2015.zzz_unzipped-PROCUREMENT_MasterJustificationBook_Air_Force_PB_2015.xml","e0b4c68aca5bcb28bf2a8d6314af11bf878587e1d5636a46ade0d81891a819a1","1-4f62bb732d14c0f79e39f74b9851204892a26ece1f13eb45cf5c8effbc2c2690","0-273bcc9068877359e1d37358cc9e972d5a18e3349e3ebef0c3c8873274d48fba","root.record.ItemExhibitList.P3AModificationItemGroup.ModificationItemList.ModificationItem"
"Air Force Reserve","12.694","","","","","","","","","2015-BASE_PROCUREMENT-2015-AIRFORCE_AIRCRAFT_VOL2-PROCUREMENT_MasterJustificationBook_Air_Force_PB_2015.zzz_unzipped-PROCUREMENT_MasterJustificationBook_Air_Force_PB_2015.xml","e0b4c68aca5bcb28bf2a8d6314af11bf878587e1d5636a46ade0d81891a819a1","2-0f80ab06aab5d39a638e37078520d2fb8eb35282417969a2a44cc8c8a4cd91c3","0-273bcc9068877359e1d37358cc9e972d5a18e3349e3ebef0c3c8873274d48fba","root.record.ItemExhibitList.P3AModificationItemGroup.ModificationItemList.ModificationItem"
"Air Force Active","5.849","17.836","14.05","14.05","14.61","15.05","2.818","","","2015-BASE_PROCUREMENT-2015-AIRFORCE_AIRCRAFT_VOL2-PROCUREMENT_MasterJustificationBook_Air_Force_PB_2015.zzz_unzipped-PROCUREMENT_MasterJustificationBook_Air_Force_PB_2015.xml","e0b4c68aca5bcb28bf2a8d6314af11bf878587e1d5636a46ade0d81891a819a1","0-a5d21ddb83f90a477d899d5fedf2850a18f24f0a64b839e3cca14fe58b0e33ce","0-50ccce4d7a2839acb128198212c0da8d9226a0ef85a469d879534af76651122d","root.record.ItemExhibitList.P3AModificationItemGroup.ModificationItemList.ModificationItem"
"Air National Guard","","","","","","","12.212","","","2015-BASE_PROCUREMENT-2015-AIRFORCE_AIRCRAFT_VOL2-PROCUREMENT_MasterJustificationBook_Air_Force_PB_2015.zzz_unzipped-PROCUREMENT_MasterJustificationBook_Air_Force_PB_2015.xml","e0b4c68aca5bcb28bf2a8d6314af11bf878587e1d5636a46ade0d81891a819a1","1-d2e0aae236d83d0cc7a9eab2c788a5e57b303e3be40bf72245df0cd34acd24d9","0-50ccce4d7a2839acb128198212c0da8d9226a0ef85a469d879534af76651122d","root.record.ItemExhibitList.P3AModificationItemGroup.ModificationItemList.ModificationItem"
"Air Force Reserve","","","","","","","0.47","8.23","","2015-BASE_PROCUREMENT-2015-AIRFORCE_AIRCRAFT_VOL2-PROCUREMENT_MasterJustificationBook_Air_Force_PB_2015.zzz_unzipped-PROCUREMENT_MasterJustificationBook_Air_Force_PB_2015.xml","e0b4c68aca5bcb28bf2a8d6314af11bf878587e1d5636a46ade0d81891a819a1","2-a5062d500b831fc085294b5c782818386dabb13317359aac03a92c3a716d8583","0-50ccce4d7a2839acb128198212c0da8d9226a0ef85a469d879534af76651122d","root.record.ItemExhibitList.P3AModificationItemGroup.ModificationItemList.ModificationItem"
"Air Force Active","","","1.31","1.31","10.97","11.299","","","","2015-BASE_PROCUREMENT-2015-AIRFORCE_AIRCRAFT_VOL2-PROCUREMENT_MasterJustificationBook_Air_Force_PB_2015.zzz_unzipped-PROCUREMENT_MasterJustificationBook_Air_Force_PB_2015.xml","e0b4c68aca5bcb28bf2a8d6314af11bf878587e1d5636a46ade0d81891a819a1","0-dfaad02beee4dc2ef34bab18ec4dd380656c073b15c5daa1ebc5a3cf1aac4343","0-88b35a011d747d432c246db86a8c6761dfd53f4a5e5f140bedb0889796d96bff","root.record.ItemExhibitList.P3AModificationItemGroup.ModificationItemList.ModificationItem"
"Air Force Active","","","","","0.719","8.322","","","","2015-BASE_PROCUREMENT-2015-AIRFORCE_AIRCRAFT_VOL2-PROCUREMENT_MasterJustificationBook_Air_Force_PB_2015.zzz_unzipped-PROCUREMENT_MasterJustificationBook_Air_Force_PB_2015.xml","e0b4c68aca5bcb28bf2a8d6314af11bf878587e1d5636a46ade0d81891a819a1","0-dcfa98b86d567a8fc220c65f952dc06fef5e1eaf536daf8efcd89a2739651b2d","1-50b2d49f4cad3cc058807a720bab0fb5a8916a8b29e2be65595cc0192b9745a2","root.record.ItemExhibitList.P3AModificationItemGroup.ModificationItemList.ModificationItem"
"Air Force Active","","5.745","6.605","6.605","9.664","9.304","21.532","27.813","","2015-BASE_PROCUREMENT-2015-AIRFORCE_AIRCRAFT_VOL2-PROCUREMENT_MasterJustificationBook_Air_Force_PB_2015.zzz_unzipped-PROCUREMENT_MasterJustificationBook_Air_Force_PB_2015.xml","e0b4c68aca5bcb28bf2a8d6314af11bf878587e1d5636a46ade0d81891a819a1","0-239ffb0208e4bd0066f63378a533f693fadfc1433c0be1a33d1fc11ca3ac9fc6","0-7f06d47215440819ce8671a1a7b6e4ab9e13e4e56ea7d2c77db1ab8efdde6425","root.record.ItemExhibitList.P3AModificationItemGroup.ModificationItemList.ModificationItem"
"Air Force Active","4.226","3.824","4.553","4.553","3.302","3.302","","","","2015-BASE_PROCUREMENT-2015-AIRFORCE_AIRCRAFT_VOL2-PROCUREMENT_MasterJustificationBook_Air_Force_PB_2015.zzz_unzipped-PROCUREMENT_MasterJustificationBook_Air_Force_PB_2015.xml","e0b4c68aca5bcb28bf2a8d6314af11bf878587e1d5636a46ade0d81891a819a1","0-a449498169a7be8581c92592a0a463a2d1bbffaaf1abe99fcf41d4780d021d5a","0-4a96ba6790399b478d5b46007614db6987e889d9d6d6c4d53f94c5c610926c94","root.record.ItemExhibitList.P3AModificationItemGroup.ModificationItemList.ModificationItem"
"Air Force Active","","2.624","2.004","2.004","","","","","","2015-BASE_PROCUREMENT-2015-AIRFORCE_AIRCRAFT_VOL2-PROCUREMENT_MasterJustificationBook_Air_Force_PB_2015.zzz_unzipped-PROCUREMENT_MasterJustificationBook_Air_Force_PB_2015.xml","0b3cc84504de3dcd8d9b0ee78b03c6179e180dce85fc9cbee3b0fc0b68f603c4","0-4909535140a98aa2f57b3729a218befae83bce8648a444bebdfd94184bc6e50f","0-9b9362030f32bfd2e39000e869bf627deb1230044439b6d569e1aa39174a11ef","root.record.ItemExhibitList.P3AModificationItemGroup.ModificationItemList.ModificationItem"
"Air Force Reserve","","0.656","3.118","3.118","","","","","","2015-BASE_PROCUREMENT-2015-AIRFORCE_AIRCRAFT_VOL2-PROCUREMENT_MasterJustificationBook_Air_Force_PB_2015.zzz_unzipped-PROCUREMENT_MasterJustificationBook_Air_Force_PB_2015.xml","0b3cc84504de3dcd8d9b0ee78b03c6179e180dce85fc9cbee3b0fc0b68f603c4","1-90b6458072505cf9415a026a26369be95df13ab477927d281db783de01f9a46f","0-9b9362030f32bfd2e39000e869bf627deb1230044439b6d569e1aa39174a11ef","root.record.ItemExhibitList.P3AModificationItemGroup.ModificationItemList.ModificationItem"
"Air Force Active","","29.28","49.812","49.812","","","","","","2015-BASE_PROCUREMENT-2015-AIRFORCE_AIRCRAFT_VOL2-PROCUREMENT_MasterJustificationBook_Air_Force_PB_2015.zzz_unzipped-PROCUREMENT_MasterJustificationBook_Air_Force_PB_2015.xml","0b3cc84504de3dcd8d9b0ee78b03c6179e180dce85fc9cbee3b0fc0b68f603c4","0-4218c5af6a95176c3cefbed1b4e6bed4db183eb77076ed48fb5798ce1e2d621f","0-11b967887ac8c030453a169e8bc3a034b2c6e6235733da06a1da2030098813de","root.record.ItemExhibitList.P3AModificationItemGroup.ModificationItemList.ModificationItem"
"Air Force Reserve","","7.32","10.674","10.674","","","","","","2015-BASE_PROCUREMENT-2015-AIRFORCE_AIRCRAFT_VOL2-PROCUREMENT_MasterJustificationBook_Air_Force_PB_2015.zzz_unzipped-PROCUREMENT_MasterJustificationBook_Air_Force_PB_2015.xml","0b3cc84504de3dcd8d9b0ee78b03c6179e180dce85fc9cbee3b0fc0b68f603c4","1-b8e9737ae5c2a353bfbdaf00ad0ae8bca9746f61ceac6a27912bb68a138c2291","0-11b967887ac8c030453a169e8bc3a034b2c6e6235733da06a1da2030098813de","root.record.ItemExhibitList.P3AModificationItemGroup.ModificationItemList.ModificationItem"
"Air Force Active","","","3.289","3.289","","","","","","2015-BASE_PROCUREMENT-2015-AIRFORCE_AIRCRAFT_VOL2-PROCUREMENT_MasterJustificationBook_Air_Force_PB_2015.zzz_unzipped-PROCUREMENT_MasterJustificationBook_Air_Force_PB_2015.xml","0b3cc84504de3dcd8d9b0ee78b03c6179e180dce85fc9cbee3b0fc0b68f603c4","0-00a415567769bc34991ce24cb64c075508f356df3f762273143e4850f400f528","0-a58273467b642a3f654cfc07c6fd03d62a1c6d8156481ef19163b1150dec11f7","root.record.ItemExhibitList.P3AModificationItemGroup.ModificationItemList.ModificationItem"
"Air Force Active","","8.038","3.91","3.91","","","","","","2015-BASE_PROCUREMENT-2015-AIRFORCE_AIRCRAFT_VOL2-PROCUREMENT_MasterJustificationBook_Air_Force_PB_2015.zzz_unzipped-PROCUREMENT_MasterJustificationBook_Air_Force_PB_2015.xml","0b3cc84504de3dcd8d9b0ee78b03c6179e180dce85fc9cbee3b0fc0b68f603c4","0-edc7064874399d6827f3ee83cc5dea2c2f5e0c8e42e336464544fbfb294c04dc","0-c4f484bf0a2f375fe0656f8ea67cf1f3aa150a17312635789a419a98d59646fb","root.record.ItemExhibitList.P3AModificationItemGroup.ModificationItemList.ModificationItem"
"Air Force Reserve","","","3.34","3.34","","","","","","2015-BASE_PROCUREMENT-2015-AIRFORCE_AIRCRAFT_VOL2-PROCUREMENT_MasterJustificationBook_Air_Force_PB_2015.zzz_unzipped-PROCUREMENT_MasterJustificationBook_Air_Force_PB_2015.xml","0b3cc84504de3dcd8d9b0ee78b03c6179e180dce85fc9cbee3b0fc0b68f603c4","1-c9be5847cc531c7280d04e819141ff537c5101bf2b22a83490c4f667f673f428","0-c4f484bf0a2f375fe0656f8ea67cf1f3aa150a17312635789a419a98d59646fb","root.record.ItemExhibitList.P3AModificationItemGroup.ModificationItemList.ModificationItem"
"Air National Guard","","3","2.875","2.875","","","","","","2015-BASE_PROCUREMENT-2015-AIRFORCE_AIRCRAFT_VOL2-PROCUREMENT_MasterJustificationBook_Air_Force_PB_2015.zzz_unzipped-PROCUREMENT_MasterJustificationBook_Air_Force_PB_2015.xml","238e5085dc0888e77904efb55416822a25ede521b2dc0ac35009e46fc2ba274d","0-2c87950394e12ca07ee4d0308e07e6838761e9370cb8cbd63f5f0b52f6a39dd6","0-bd69bbb47f46f56fe2f565d6e1790f4bb3d19dc3d61a8f4da9454ae422be2a67","root.record.ItemExhibitList.P3AModificationItemGroup.ModificationItemList.ModificationItem"
"Air Force Reserve","","1.375","2.125","2.125","","","","","","2015-BASE_PROCUREMENT-2015-AIRFORCE_AIRCRAFT_VOL2-PROCUREMENT_MasterJustificationBook_Air_Force_PB_2015.zzz_unzipped-PROCUREMENT_MasterJustificationBook_Air_Force_PB_2015.xml","238e5085dc0888e77904efb55416822a25ede521b2dc0ac35009e46fc2ba274d","1-eca36c6ca97908d791265ced4a8dae1c8310b4901222478923af854b6147bf3b","0-bd69bbb47f46f56fe2f565d6e1790f4bb3d19dc3d61a8f4da9454ae422be2a67","root.record.ItemExhibitList.P3AModificationItemGroup.ModificationItemList.ModificationItem"
"Air Force Active","26.615","4.26","","","","","","","","2015-BASE_PROCUREMENT-2015-AIRFORCE_AIRCRAFT_VOL2-PROCUREMENT_MasterJustificationBook_Air_Force_PB_2015.zzz_unzipped-PROCUREMENT_MasterJustificationBook_Air_Force_PB_2015.xml","915b03b5c79079cef74c1f5fed99ff94d2a961666ffa690a638fb838766b41c1","0-a65ace8a08b2ae3d30800fd638aed76af057c56d811a2344e54e3bc25b9a02e1","1-590ae9f9ba44f8e758ac861be51c391abbf8d04f6215bbc62be44723795213bb","root.record.ItemExhibitList.P3AModificationItemGroup.ModificationItemList.ModificationItem"
"Air National Guard","7.604","","","","","","","","","2015-BASE_PROCUREMENT-2015-AIRFORCE_AIRCRAFT_VOL2-PROCUREMENT_MasterJustificationBook_Air_Force_PB_2015.zzz_unzipped-PROCUREMENT_MasterJustificationBook_Air_Force_PB_2015.xml","915b03b5c79079cef74c1f5fed99ff94d2a961666ffa690a638fb838766b41c1","1-75d2861f2d8fead168237260a08a61ef67788a5be91a60ac11a69509fafe2a6c","1-590ae9f9ba44f8e758ac861be51c391abbf8d04f6215bbc62be44723795213bb","root.record.ItemExhibitList.P3AModificationItemGroup.ModificationItemList.ModificationItem"
"Air Force Reserve","3.802","","","","","","","","","2015-BASE_PROCUREMENT-2015-AIRFORCE_AIRCRAFT_VOL2-PROCUREMENT_MasterJustificationBook_Air_Force_PB_2015.zzz_unzipped-PROCUREMENT_MasterJustificationBook_Air_Force_PB_2015.xml","915b03b5c79079cef74c1f5fed99ff94d2a961666ffa690a638fb838766b41c1","2-eecb34fdc67163016fc6ea3cf0f57bcddb03dc6baa7499aef5c19a9e4e65d40f","1-590ae9f9ba44f8e758ac861be51c391abbf8d04f6215bbc62be44723795213bb","root.record.ItemExhibitList.P3AModificationItemGroup.ModificationItemList.ModificationItem"
"Air Force Active","10.686","","","","","","","","","2015-BASE_PROCUREMENT-2015-AIRFORCE_AIRCRAFT_VOL2-PROCUREMENT_MasterJustificationBook_Air_Force_PB_2015.zzz_unzipped-PROCUREMENT_MasterJustificationBook_Air_Force_PB_2015.xml","915b03b5c79079cef74c1f5fed99ff94d2a961666ffa690a638fb838766b41c1","0-c631b9e4987d28e1c7cf302e48995a6fb1eb323d56e7c3af6290ccaffba552d3","2-b3c92244623cfde2a3839f1458b5957c0ef802bb5fd3c26696b2e64bd01ac303","root.record.ItemExhibitList.P3AModificationItemGroup.ModificationItemList.ModificationItem"
"Air Force Active","18.933","","","","","","","","","2015-BASE_PROCUREMENT-2015-AIRFORCE_AIRCRAFT_VOL2-PROCUREMENT_MasterJustificationBook_Air_Force_PB_2015.zzz_unzipped-PROCUREMENT_MasterJustificationBook_Air_Force_PB_2015.xml","f589edbc06d76a4949c8665cea83963e382985d5b4eea11b3a6abcd51d15beb8","0-183e14b75434a6d2311c796f27e128a6dea136075656eaedc77062373bfa5f4d","0-3538537fa830ebb34d6c35cf363fd5d9f2e4ab27662907d48f9eab6de567d725","root.record.ItemExhibitList.P3AModificationItemGroup.ModificationItemList.ModificationItem"
"Air Force Active","5.713","","15.616","15.616","","","","","","2015-BASE_PROCUREMENT-2015-AIRFORCE_AIRCRAFT_VOL2-PROCUREMENT_MasterJustificationBook_Air_Force_PB_2015.zzz_unzipped-PROCUREMENT_MasterJustificationBook_Air_Force_PB_2015.xml","1d0ff418bd7c6cd4e0e89bd791631b1a3c0f2af4c9f1aa7bb064636a8d9f282b","0-64a6f496a5dbd1b6607ca847622a07372963b851b665e7f31d7b7ee63d4a714c","0-1906a0d9256b78e6782037837e56bf5c69ad46e811534fd50dcd053a24cad1e1","root.record.ItemExhibitList.P3AModificationItemGroup.ModificationItemList.ModificationItem"
"Air National Guard","5.713","","16.484","16.484","","","","","","2015-BASE_PROCUREMENT-2015-AIRFORCE_AIRCRAFT_VOL2-PROCUREMENT_MasterJustificationBook_Air_Force_PB_2015.zzz_unzipped-PROCUREMENT_MasterJustificationBook_Air_Force_PB_2015.xml","1d0ff418bd7c6cd4e0e89bd791631b1a3c0f2af4c9f1aa7bb064636a8d9f282b","1-1496134b5ba32f251ff541efad1463252a96e61ffc4de664eeebd54931888978","0-1906a0d9256b78e6782037837e56bf5c69ad46e811534fd50dcd053a24cad1e1","root.record.ItemExhibitList.P3AModificationItemGroup.ModificationItemList.ModificationItem"
"Air Force Reserve","2.143","","6.941","6.941","","","","","","2015-BASE_PROCUREMENT-2015-AIRFORCE_AIRCRAFT_VOL2-PROCUREMENT_MasterJustificationBook_Air_Force_PB_2015.zzz_unzipped-PROCUREMENT_MasterJustificationBook_Air_Force_PB_2015.xml","1d0ff418bd7c6cd4e0e89bd791631b1a3c0f2af4c9f1aa7bb064636a8d9f282b","2-5d701dc0b48b1d1afaf61a3750ee27fbe9c1dac08b56242c87884cdf153e691a","0-1906a0d9256b78e6782037837e56bf5c69ad46e811534fd50dcd053a24cad1e1","root.record.ItemExhibitList.P3AModificationItemGroup.ModificationItemList.ModificationItem"
"Air Force Active","53.616","","","","","","","","","2015-BASE_PROCUREMENT-2015-AIRFORCE_AIRCRAFT_VOL2-PROCUREMENT_MasterJustificationBook_Air_Force_PB_2015.zzz_unzipped-PROCUREMENT_MasterJustificationBook_Air_Force_PB_2015.xml","a48921b64d03b92f38e99229622434b0339f2788458c62c08f23ae8dd17a6497","0-6c8769d5a9edcf7c2d16fc22073e0f54e8dc12ac1678b64a2e65b3592602c1a4","0-7b61f2c0a1a207e4f7091d6ea91d18768f89f1e6ca9affd74df4cdcc4e6f703d","root.record.ItemExhibitList.P3AModificationItemGroup.ModificationItemList.ModificationItem"
"Air Force Active","58.646","125.745","191.871","191.871","","","","","","2015-BASE_PROCUREMENT-2015-AIRFORCE_AIRCRAFT_VOL2-PROCUREMENT_MasterJustificationBook_Air_Force_PB_2015.zzz_unzipped-PROCUREMENT_MasterJustificationBook_Air_Force_PB_2015.xml","855eae1cbb61b6501bc214ee71975773395e237741d724826b960bf4c434431a","0-6f87053e061288fc016c041075f549cd36bf6ada5a108688fe6d6262e9d5b77a","0-a1a52115742f94c9ec0e995f468d88c9dcc4dcf45a26ef455676bdb6ec770f7f","root.record.ItemExhibitList.P3AModificationItemGroup.ModificationItemList.ModificationItem"
"Air Force Active","3.783","78.489","15.394","15.394","","","","","","2015-BASE_PROCUREMENT-2015-AIRFORCE_AIRCRAFT_VOL2-PROCUREMENT_MasterJustificationBook_Air_Force_PB_2015.zzz_unzipped-PROCUREMENT_MasterJustificationBook_Air_Force_PB_2015.xml","855eae1cbb61b6501bc214ee71975773395e237741d724826b960bf4c434431a","0-51c2cd1787c6902ddd88e3dff5b02ccf251ee9d65147ed9ded3c8151c9ac47a4","0-186763ea66f3dcb4f871ccfa46b83c1f8636a9d6164f4da761e438495f205b47","root.record.ItemExhibitList.P3AModificationItemGroup.ModificationItemList.ModificationItem"
"Air National Guard","46.912","8.783","87.104","87.104","","","","","","2015-BASE_PROCUREMENT-2015-AIRFORCE_AIRCRAFT_VOL2-PROCUREMENT_MasterJustificationBook_Air_Force_PB_2015.zzz_unzipped-PROCUREMENT_MasterJustificationBook_Air_Force_PB_2015.xml","855eae1cbb61b6501bc214ee71975773395e237741d724826b960bf4c434431a","1-662d3290af1873f8ab2eec93210d3cdcec1e5427be742375ac0cd309a0342c08","0-186763ea66f3dcb4f871ccfa46b83c1f8636a9d6164f4da761e438495f205b47","root.record.ItemExhibitList.P3AModificationItemGroup.ModificationItemList.ModificationItem"
"Air Force Active","2.793","8.605","","","","","","","","2015-BASE_PROCUREMENT-2015-AIRFORCE_AIRCRAFT_VOL2-PROCUREMENT_MasterJustificationBook_Air_Force_PB_2015.zzz_unzipped-PROCUREMENT_MasterJustificationBook_Air_Force_PB_2015.xml","855eae1cbb61b6501bc214ee71975773395e237741d724826b960bf4c434431a","0-524340552e1675948db2968ae12fe27dd8d70e48dfab870e11dba3395bacd0d7","0-d4ae1f3a87a7f155d236ddb4a593b78e53c33791a3db18a36e6f19fae2f4113c","root.record.ItemExhibitList.P3AModificationItemGroup.ModificationItemList.ModificationItem"
"Air Force Active","8.6","8.48","","","","","","","","2015-BASE_PROCUREMENT-2015-AIRFORCE_AIRCRAFT_VOL2-PROCUREMENT_MasterJustificationBook_Air_Force_PB_2015.zzz_unzipped-PROCUREMENT_MasterJustificationBook_Air_Force_PB_2015.xml","855eae1cbb61b6501bc214ee71975773395e237741d724826b960bf4c434431a","0-26f0c78710c44739a0f83bd6f4b13acf28c995b6eb3e3333452f825d3c857806","0-45949e6b3f6323a5770abf379d76b5b05fae65b8045f6767167f8803a1e933e8","root.record.ItemExhibitList.P3AModificationItemGroup.ModificationItemList.ModificationItem"
"Air National Guard","22.418","","","","","","","","","2015-BASE_PROCUREMENT-2015-AIRFORCE_AIRCRAFT_VOL2-PROCUREMENT_MasterJustificationBook_Air_Force_PB_2015.zzz_unzipped-PROCUREMENT_MasterJustificationBook_Air_Force_PB_2015.xml","e0999d2b89817dbe0cc954d07a44ef1ad1938f20a6bca9d4306e26527654e26d","0-3b6adb5e7734be3e46cdf792fddf8c218f7a0edbe4725fc147fb71d47a9ef16f","0-b01de3f63ae64825731c836698d48aa8dbe90b9837dfaefade7af9342106da39","root.record.ItemExhibitList.P3AModificationItemGroup.ModificationItemList.ModificationItem"
"Air Force Active","53.658","60.793","37.611","37.611","39.951","47.86","43.967","31.137","","2015-BASE_PROCUREMENT-2015-AIRFORCE_AIRCRAFT_VOL2-PROCUREMENT_MasterJustificationBook_Air_Force_PB_2015.zzz_unzipped-PROCUREMENT_MasterJustificationBook_Air_Force_PB_2015.xml","e0999d2b89817dbe0cc954d07a44ef1ad1938f20a6bca9d4306e26527654e26d","0-87b1b1c1aa03199376d0b80eb5e65ae1cb49f08b650f2b36ed88ec6d54622f7b","0-42bba2d26bd4747e7035d7dfa99b69badf36316771ccd90f3b278dbdb3b34aac","root.record.ItemExhibitList.P3AModificationItemGroup.ModificationItemList.ModificationItem"
"Air National Guard","8.812","6.836","6.637","6.637","5.671","3.12","2.025","2.166","","2015-BASE_PROCUREMENT-2015-AIRFORCE_AIRCRAFT_VOL2-PROCUREMENT_MasterJustificationBook_Air_Force_PB_2015.zzz_unzipped-PROCUREMENT_MasterJustificationBook_Air_Force_PB_2015.xml","e0999d2b89817dbe0cc954d07a44ef1ad1938f20a6bca9d4306e26527654e26d","1-b6ecce4a66f830eadd1eb9ed742a310c634d03d5d1fc7fa470e5b42493e0aa6e","0-42bba2d26bd4747e7035d7dfa99b69badf36316771ccd90f3b278dbdb3b34aac","root.record.ItemExhibitList.P3AModificationItemGroup.ModificationItemList.ModificationItem"
"Air Force Active","7.427","18.666","12.155","12.155","11.73","24.923","27.288","22.692","","2015-BASE_PROCUREMENT-2015-AIRFORCE_AIRCRAFT_VOL2-PROCUREMENT_MasterJustificationBook_Air_Force_PB_2015.zzz_unzipped-PROCUREMENT_MasterJustificationBook_Air_Force_PB_2015.xml","e0999d2b89817dbe0cc954d07a44ef1ad1938f20a6bca9d4306e26527654e26d","0-ac551027bc6eae8a2bfcae03cbe967cd142ee4cf63c4f32afa700e9b6b16d238","0-faad38287158eed08fb7b880210ec806097770176da170f91501a0032873fdac","root.record.ItemExhibitList.P3AModificationItemGroup.ModificationItemList.ModificationItem"
"Air National Guard","0.807","3.067","1.321","1.321","1.274","2.014","2.421","2.465","","2015-BASE_PROCUREMENT-2015-AIRFORCE_AIRCRAFT_VOL2-PROCUREMENT_MasterJustificationBook_Air_Force_PB_2015.zzz_unzipped-PROCUREMENT_MasterJustificationBook_Air_Force_PB_2015.xml","e0999d2b89817dbe0cc954d07a44ef1ad1938f20a6bca9d4306e26527654e26d","1-9c64569985dced2c136ee1b2fa68f6af945d058cd88343873491ea5c0d544c8f","0-faad38287158eed08fb7b880210ec806097770176da170f91501a0032873fdac","root.record.ItemExhibitList.P3AModificationItemGroup.ModificationItemList.ModificationItem"
"Air Force Active","5.801","7.931","5.09","5.09","5.571","10.141","","","","2015-BASE_PROCUREMENT-2015-AIRFORCE_AIRCRAFT_VOL2-PROCUREMENT_MasterJustificationBook_Air_Force_PB_2015.zzz_unzipped-PROCUREMENT_MasterJustificationBook_Air_Force_PB_2015.xml","e0999d2b89817dbe0cc954d07a44ef1ad1938f20a6bca9d4306e26527654e26d","0-d150ae177614e16fb4332cea63affb051f455cec6189c8c2ae4bd4640d2d8a9b","0-576796c959e9e730ef1e62c30ea060b9e7624e76301959c03c6d9e088e0ffb24","root.record.ItemExhibitList.P3AModificationItemGroup.ModificationItemList.ModificationItem"
"Air National Guard","0.58","","","","","2.751","17.883","","","2015-BASE_PROCUREMENT-2015-AIRFORCE_AIRCRAFT_VOL2-PROCUREMENT_MasterJustificationBook_Air_Force_PB_2015.zzz_unzipped-PROCUREMENT_MasterJustificationBook_Air_Force_PB_2015.xml","e0999d2b89817dbe0cc954d07a44ef1ad1938f20a6bca9d4306e26527654e26d","1-9564f55f24606acaba5c7243513e6e19c95b56603e49a9233aa20d6cb7d7a413","0-576796c959e9e730ef1e62c30ea060b9e7624e76301959c03c6d9e088e0ffb24","root.record.ItemExhibitList.P3AModificationItemGroup.ModificationItemList.ModificationItem"
"Air Force Active","29.961","22.49","","","3.15","5.85","6.093","2.569","","2015-BASE_PROCUREMENT-2015-AIRFORCE_AIRCRAFT_VOL2-PROCUREMENT_MasterJustificationBook_Air_Force_PB_2015.zzz_unzipped-PROCUREMENT_MasterJustificationBook_Air_Force_PB_2015.xml","e0999d2b89817dbe0cc954d07a44ef1ad1938f20a6bca9d4306e26527654e26d","0-0db0c671facf0a258722e4b47fc9bab3fa068a72ab4f2b166b0698996259686f","0-35ebfddf7eb62870b280431a9158a608bc586f166fd7eda4133c1d0f71879ce4","root.record.ItemExhibitList.P3AModificationItemGroup.ModificationItemList.ModificationItem"
"Air Force Active","","","","","63.551","75.159","92.625","","","2015-BASE_PROCUREMENT-2015-AIRFORCE_AIRCRAFT_VOL2-PROCUREMENT_MasterJustificationBook_Air_Force_PB_2015.zzz_unzipped-PROCUREMENT_MasterJustificationBook_Air_Force_PB_2015.xml","a8a6e5bc3013496d237ccecb8631798e1f6fde8d6f32dd9210c3a80ded847d47","0-b52f103431324889f3c65f658271fc8a6ac465774de9153ac39180bf9b2ff6aa","0-d9ae7753eec5fe5fe00e26e4491ff429ab83ced04188aaf073137de6aa479577","root.record.ItemExhibitList.P3AModificationItemGroup.ModificationItemList.ModificationItem"
"Air National Guard","","","","","","","35.11","","","2015-BASE_PROCUREMENT-2015-AIRFORCE_AIRCRAFT_VOL2-PROCUREMENT_MasterJustificationBook_Air_Force_PB_2015.zzz_unzipped-PROCUREMENT_MasterJustificationBook_Air_Force_PB_2015.xml","a8a6e5bc3013496d237ccecb8631798e1f6fde8d6f32dd9210c3a80ded847d47","1-aedb531521019539d80c32270665409ba8b4528bf2262a261057451cc5aaa4c3","0-d9ae7753eec5fe5fe00e26e4491ff429ab83ced04188aaf073137de6aa479577","root.record.ItemExhibitList.P3AModificationItemGroup.ModificationItemList.ModificationItem"
"Air Force Active","2.067","3.261","1.644","1.644","","","","","","2015-BASE_PROCUREMENT-2015-AIRFORCE_OTHER-PROCUREMENT_JustificationBook_Air_Force_PB_2015.zzz_unzipped-PROCUREMENT_JustificationBook_Air_Force_PB_2015.xml","468bc985f6e66df36e06ea9a96c28ec64edcebf0d6674e83420127564b1094c0","0-7350613ed22421ec2ec5ee165232f306fb377da347c7ed51e7f4583402fda619","0-46f3b3c7de673e09d829263fff388b8d2d995b7cfd14b11bb7fcd376e695d26e","root.record.ItemExhibitList.P3AModificationItemGroup.ModificationItemList.ModificationItem"
"Air National Guard","","0.21","","","","","","","","2015-BASE_PROCUREMENT-2015-AIRFORCE_OTHER-PROCUREMENT_JustificationBook_Air_Force_PB_2015.zzz_unzipped-PROCUREMENT_JustificationBook_Air_Force_PB_2015.xml","468bc985f6e66df36e06ea9a96c28ec64edcebf0d6674e83420127564b1094c0","1-85f00777d001270d113dbb73750949b6dbf268a1e10330679b3752aac0f8c93b","0-46f3b3c7de673e09d829263fff388b8d2d995b7cfd14b11bb7fcd376e695d26e","root.record.ItemExhibitList.P3AModificationItemGroup.ModificationItemList.ModificationItem"
"Air Force Reserve","","0.631","0.411","0.411","","","","","","2015-BASE_PROCUREMENT-2015-AIRFORCE_OTHER-PROCUREMENT_JustificationBook_Air_Force_PB_2015.zzz_unzipped-PROCUREMENT_JustificationBook_Air_Force_PB_2015.xml","468bc985f6e66df36e06ea9a96c28ec64edcebf0d6674e83420127564b1094c0","2-5ee9fbbab73f23d6ffec9f1f096a46366adb9df6511e8e9bb8d7ea21eb95747a","0-46f3b3c7de673e09d829263fff388b8d2d995b7cfd14b11bb7fcd376e695d26e","root.record.ItemExhibitList.P3AModificationItemGroup.ModificationItemList.ModificationItem"
"Air Force Active","2.067","3.261","1.644","1.644","","","","","","2015-BASE_PROCUREMENT-2015-AIRFORCE_OTHER-PROCUREMENT_MasterJustificationBook_Air_Force_PB_2015.zzz_unzipped-PROCUREMENT_MasterJustificationBook_Air_Force_PB_2015.xml","38574a0eb107b9f7269a65b5cd9e3370a0cecba368536b676cf0c3e78bac69ac","0-f81fc31892481973df69dd4ab387729efdc6bc2ce1cdc1cd68b84e79686a5a5f","0-d560c7253510e660a39341609be90e634a85c65f7e3a7985bb09240a73ebda26","root.record.ItemExhibitList.P3AModificationItemGroup.ModificationItemList.ModificationItem"
"Air National Guard","","0.21","","","","","","","","2015-BASE_PROCUREMENT-2015-AIRFORCE_OTHER-PROCUREMENT_MasterJustificationBook_Air_Force_PB_2015.zzz_unzipped-PROCUREMENT_MasterJustificationBook_Air_Force_PB_2015.xml","38574a0eb107b9f7269a65b5cd9e3370a0cecba368536b676cf0c3e78bac69ac","1-a1472f4fd0df9c4eb5979c0c3fa16eccb31f22088c11e1473b432df98b082ed2","0-d560c7253510e660a39341609be90e634a85c65f7e3a7985bb09240a73ebda26","root.record.ItemExhibitList.P3AModificationItemGroup.ModificationItemList.ModificationItem"
"Air Force Reserve","","0.631","0.411","0.411","","","","","","2015-BASE_PROCUREMENT-2015-AIRFORCE_OTHER-PROCUREMENT_MasterJustificationBook_Air_Force_PB_2015.zzz_unzipped-PROCUREMENT_MasterJustificationBook_Air_Force_PB_2015.xml","38574a0eb107b9f7269a65b5cd9e3370a0cecba368536b676cf0c3e78bac69ac","2-98d5f0ca4660396c5517a6d32b12287345ac270faa7efde88efa07a7e2ce3b35","0-d560c7253510e660a39341609be90e634a85c65f7e3a7985bb09240a73ebda26","root.record.ItemExhibitList.P3AModificationItemGroup.ModificationItemList.ModificationItem"
"Air National Guard","","3","2.875","2.875","","","","","","2015-AMENDED_PROCUREMENT_AND_RDTE-2015-AIRFORCE_AMMO-PROCUREMENT_JustificationBook_Air_Force_PBAmended_2015.zzz_unzipped-PROCUREMENT_JustificationBook_Air_Force_PBAmended_2015.xml","5d0eeab0e5f827704ba2a685913a7359c919753ae300be7e875ee61ae60888e4","0-2c4b8f13a851aba7fe20bf679d3f5dc84c742ada1c14f28b8df767c2bf4fc42a","0-4f1b28f3f90fe9310957683fbd9ed273a9d02b262bf8a02268d161d75cb1d3df","root.record.ItemExhibitList.P3AModificationItemGroup.ModificationItemList.ModificationItem"
"Air Force Reserve","","1.375","2.125","2.125","","","","","","2015-AMENDED_PROCUREMENT_AND_RDTE-2015-AIRFORCE_AMMO-PROCUREMENT_JustificationBook_Air_Force_PBAmended_2015.zzz_unzipped-PROCUREMENT_JustificationBook_Air_Force_PBAmended_2015.xml","5d0eeab0e5f827704ba2a685913a7359c919753ae300be7e875ee61ae60888e4","1-66408af8d880567f5bfd3c258e32996b613437c83083f1bfbd8495efac5d3dde","0-4f1b28f3f90fe9310957683fbd9ed273a9d02b262bf8a02268d161d75cb1d3df","root.record.ItemExhibitList.P3AModificationItemGroup.ModificationItemList.ModificationItem"
"Air Force Active","","","","25","","","","","25","2015-AMENDED_PROCUREMENT_AND_RDTE-2015-AIRFORCE_AMMO-PROCUREMENT_JustificationBook_Air_Force_PBAmended_2015.zzz_unzipped-PROCUREMENT_JustificationBook_Air_Force_PBAmended_2015.xml","5d0eeab0e5f827704ba2a685913a7359c919753ae300be7e875ee61ae60888e4","0-ebb8f10569174afa888cbbc5a666b108e8233a0c2405a788303d75925336b439","0-77089c2f0fa4c5d2b013ffd54f1053ede24f593c878d244e3b022dd6cadddb5c","root.record.ItemExhibitList.P3AModificationItemGroup.ModificationItemList.ModificationItem"
"Air Force Active","","","","1.92","","","","","1.92","2015-AMENDED_PROCUREMENT_AND_RDTE-2015-AIRFORCE_AMMO-PROCUREMENT_JustificationBook_Air_Force_PBAmended_2015.zzz_unzipped-PROCUREMENT_JustificationBook_Air_Force_PBAmended_2015.xml","5d0eeab0e5f827704ba2a685913a7359c919753ae300be7e875ee61ae60888e4","0-b941fedfa8f0a5f2a8d38ca15d118e399aead81af5ebc3a67f3f149cc3c61ae1","0-a4c8299a9d88fc755ea4d13ec38861a3ff11327058210f6c0f0f3ac97506f87e","root.record.ItemExhibitList.P3AModificationItemGroup.ModificationItemList.ModificationItem"
"Air Force Active","","","","20.2","","","","","20.2","2015-AMENDED_PROCUREMENT_AND_RDTE-2015-AIRFORCE_AMMO-PROCUREMENT_JustificationBook_Air_Force_PBAmended_2015.zzz_unzipped-PROCUREMENT_JustificationBook_Air_Force_PBAmended_2015.xml","5d0eeab0e5f827704ba2a685913a7359c919753ae300be7e875ee61ae60888e4","0-7a322f3a694c51edc833705806a777032af3c47b8d34ba24ff2166e53dcc1957","0-2fd6e4f72f160197272a1d4ae8dafd348caf3881326bd1e0206d496b521e5c0d","root.record.ItemExhibitList.P3AModificationItemGroup.ModificationItemList.ModificationItem"
"Air Force Active","18.933","","","7.868","","","","","7.868","2015-AMENDED_PROCUREMENT_AND_RDTE-2015-AIRFORCE_AMMO-PROCUREMENT_JustificationBook_Air_Force_PBAmended_2015.zzz_unzipped-PROCUREMENT_JustificationBook_Air_Force_PBAmended_2015.xml","3cdf5370d6aa06ad598534cb0c149c4f22f6fb738ead93645d4b6f4becdfa971","0-69eb269222ed7eb9d6aee077812123ae7a69be428aa06e06ec0edf650a727e9e","0-b1c1a496218fc10a7d6732468862bafb508950afa4e5ead7880326e656d1c4f1","root.record.ItemExhibitList.P3AModificationItemGroup.ModificationItemList.ModificationItem"
"Air Force Active","","","","110","","","","","110","2015-AMENDED_PROCUREMENT_AND_RDTE-2015-AIRFORCE_AMMO-PROCUREMENT_JustificationBook_Air_Force_PBAmended_2015.zzz_unzipped-PROCUREMENT_JustificationBook_Air_Force_PBAmended_2015.xml","d177e659f53ffa5917a1e0770f0f77f8ddcc46ba3527c6a754a8a7acb25715b8","0-88d96ed20523372fac58a392b88dcfb73a1edd070f718570cbd3902221f01fab","0-933d5cfc949b24cedafac845888c3ee66401f73f9a0a9da250257c9b00a72a91","root.record.ItemExhibitList.P3AModificationItemGroup.ModificationItemList.ModificationItem"
"Air National Guard","","3","2.875","2.875","","","","","","2015-AMENDED_PROCUREMENT_AND_RDTE-2015-AIRFORCE_AMMO-PROCUREMENT_MasterJustificationBook_Air_Force_PBAmended_2015.zzz_unzipped-PROCUREMENT_MasterJustificationBook_Air_Force_PBAmended_2015.xml","308f697704d8ddc7394defea12f143515a17c085f8cd1988f241494e4852d23c","0-5ed40ac183351b3b9b3714fcf69a60031053d4eaeafe54a139a4f2a99f974a03","0-e0f4bf373b45a669cd4326ed1c77a3e7d3ef319d38ed1b6a6f07c740d990b082","root.record.ItemExhibitList.P3AModificationItemGroup.ModificationItemList.ModificationItem"
"Air Force Reserve","","1.375","2.125","2.125","","","","","","2015-AMENDED_PROCUREMENT_AND_RDTE-2015-AIRFORCE_AMMO-PROCUREMENT_MasterJustificationBook_Air_Force_PBAmended_2015.zzz_unzipped-PROCUREMENT_MasterJustificationBook_Air_Force_PBAmended_2015.xml","308f697704d8ddc7394defea12f143515a17c085f8cd1988f241494e4852d23c","1-53b37b77a68c4f02ad50aaad003500f213d433e36b31b88671ed92db55270129","0-e0f4bf373b45a669cd4326ed1c77a3e7d3ef319d38ed1b6a6f07c740d990b082","root.record.ItemExhibitList.P3AModificationItemGroup.ModificationItemList.ModificationItem"
"Air Force Active","","","","25","","","","","25","2015-AMENDED_PROCUREMENT_AND_RDTE-2015-AIRFORCE_AMMO-PROCUREMENT_MasterJustificationBook_Air_Force_PBAmended_2015.zzz_unzipped-PROCUREMENT_MasterJustificationBook_Air_Force_PBAmended_2015.xml","308f697704d8ddc7394defea12f143515a17c085f8cd1988f241494e4852d23c","0-a92e3b56cac69d159062320b91a91badebab5b27458ef51718420efc64056a60","0-7d408fcd60cc28064311a3409c1288af10cf5dc41c682e852fd0bd6c0ce5cb5a","root.record.ItemExhibitList.P3AModificationItemGroup.ModificationItemList.ModificationItem"
"Air Force Active","","","","1.92","","","","","1.92","2015-AMENDED_PROCUREMENT_AND_RDTE-2015-AIRFORCE_AMMO-PROCUREMENT_MasterJustificationBook_Air_Force_PBAmended_2015.zzz_unzipped-PROCUREMENT_MasterJustificationBook_Air_Force_PBAmended_2015.xml","308f697704d8ddc7394defea12f143515a17c085f8cd1988f241494e4852d23c","0-91334454acd5635ad04bd8718821bf0de6bf03ca60a391f55c06b5361b49424f","0-4ae95b35d0fb7f621d2d965aeccfece4ebeda80a36dad6ea9c92cdf57a6c458d","root.record.ItemExhibitList.P3AModificationItemGroup.ModificationItemList.ModificationItem"
"Air Force Active","","","","20.2","","","","","20.2","2015-AMENDED_PROCUREMENT_AND_RDTE-2015-AIRFORCE_AMMO-PROCUREMENT_MasterJustificationBook_Air_Force_PBAmended_2015.zzz_unzipped-PROCUREMENT_MasterJustificationBook_Air_Force_PBAmended_2015.xml","308f697704d8ddc7394defea12f143515a17c085f8cd1988f241494e4852d23c","0-88c8c681cdd3487d59b9a5fed92ebed2e04ebddceb597c4b056eb9e1f3a0ac9d","0-7524ec7bf203f91f41a90bb78c7b4f10d8da6b77fe86b1e0bcbc49170ee443b8","root.record.ItemExhibitList.P3AModificationItemGroup.ModificationItemList.ModificationItem"
"Air Force Active","18.933","","","7.868","","","","","7.868","2015-AMENDED_PROCUREMENT_AND_RDTE-2015-AIRFORCE_AMMO-PROCUREMENT_MasterJustificationBook_Air_Force_PBAmended_2015.zzz_unzipped-PROCUREMENT_MasterJustificationBook_Air_Force_PBAmended_2015.xml","3422ac66d0ea6fb81b14f56ab36db4a0f72d47732900596259b15b9bc0499223","0-003d5520f33b2c125a38d1f3c8d4ef10ebfaa32ab6f6365bc1d5e085466b8a39","0-10303efcb5a7d9c7af6c86919e258add9867b7aa8af28ce328c515d84a245a1e","root.record.ItemExhibitList.P3AModificationItemGroup.ModificationItemList.ModificationItem"
"Air Force Active","","","","110","","","","","110","2015-AMENDED_PROCUREMENT_AND_RDTE-2015-AIRFORCE_AMMO-PROCUREMENT_MasterJustificationBook_Air_Force_PBAmended_2015.zzz_unzipped-PROCUREMENT_MasterJustificationBook_Air_Force_PBAmended_2015.xml","56973cec9b82d701b103921c27e9e0dd4d4550d12f7eb4cfb52ccf09176053e5","0-30248cbff8f945143cfe22fce35ffd93fe069f42eb2d4a0087c0be8472a15edd","0-61e8602cecdf5abf41ee6f30656aef1148d35fd703c36f1bc96045a792c06922","root.record.ItemExhibitList.P3AModificationItemGroup.ModificationItemList.ModificationItem"
