FiscalYear_val,PCOLocation_val,AwardDate_val,FirstDeliveryDate_val,Quantity_val,UnitCost_val,SpecsAvailableNow_val,RFPIssueDate_val,ContractMethod_val,ContractType_val,@SOURCE_FILENAME,@RECORDID,@ROWID,RevisionsAvailableDate_val,FundingVehicle_val,@PARENTROWID,@PARENT
"2014","WPAFB, OH","2014-03","2017-01","23","4.000","true","2012-10","SS","FPIF","2015-BASE_PROCUREMENT-2015-AIRFORCE_AIRCRAFT_VOL1-PROCUREMENT_JustificationBook_Air_Force_PB_2015.zzz_unzipped-PROCUREMENT_JustificationBook_Air_Force_PB_2015.xml","6ba238e5761c0b5cdb4005cd9d3b0ebd730c7a47c72ec72a3cb63b26a07450e3","0-a199080a563e261baa2e6551eea631fb414d8a05ddf2335f092e42bd4af448ae","","","0-b3b13fe3f8f1f45c46872fcbe3c6db4cb235efbba955ea76db74e92e2354d082","root.record.ItemExhibitList.P5Item.P10AdvanceProcurement.APCostElementCategoryList.EOQ.APCostElement"
"2014","WPAFB, OH","2014-03","2017-02","12","4.000","true","2012-10","SS","FPIF","2015-BASE_PROCUREMENT-2015-AIRFORCE_AIRCRAFT_VOL1-PROCUREMENT_JustificationBook_Air_Force_PB_2015.zzz_unzipped-PROCUREMENT_JustificationBook_Air_Force_PB_2015.xml","565aa015362bd445cc082985b6e24c13e2957f8c30a9dfbe4c0bd8a663cbe70f","0-6c88fdd78ab5f82ad643d65a7343410a62e83ab3e77a970f568a427e7bc07cf6","","","0-23b9222aaa1ebb3b5a39fc0aecd8a298a1ff9ae73382f8196d362b00f90a64ab","root.record.ItemExhibitList.P5Item.P10AdvanceProcurement.APCostElementCategoryList.EOQ.APCostElement"
"2014","WPAFB, OH","2014-03","2016-12","21","4.000","true","2012-10","SS","FPIF","2015-BASE_PROCUREMENT-2015-AIRFORCE_AIRCRAFT_VOL1-PROCUREMENT_JustificationBook_Air_Force_PB_2015.zzz_unzipped-PROCUREMENT_JustificationBook_Air_Force_PB_2015.xml","17ab19c784929a028c69ad970f12cd0eee00de512acf9833a5336d1e8a33db11","0-49aa7dbb260770a12bef55065d62f8250c9b5f4d8307b6b5105f4f4d387268bf","","","0-27aa02d6e48bf91d3254cce919dfe6f075d0a68df38908ece2f8e388ff12f373","root.record.ItemExhibitList.P5Item.P10AdvanceProcurement.APCostElementCategoryList.EOQ.APCostElement"
"2014","WPAFB, OH","2014-03","2017-01","23","4.000","true","2012-10","SS","FPIF","2015-BASE_PROCUREMENT-2015-AIRFORCE_AIRCRAFT_VOL2-PROCUREMENT_MasterJustificationBook_Air_Force_PB_2015.zzz_unzipped-PROCUREMENT_MasterJustificationBook_Air_Force_PB_2015.xml","8e9b86220f90ce455a14b686aeeb045957500e61279471fc35c4187b1270e5ed","0-9ac601dcd44733e60dcb361d08ba0137da733e4c78fcc141a16728201789d849","","","0-c0b1b0c69db3ac28f6f30493a76d3bccd1f7d35456aceb2e2b4acaa0437fa2fc","root.record.ItemExhibitList.P5Item.P10AdvanceProcurement.APCostElementCategoryList.EOQ.APCostElement"
"2014","WPAFB, OH","2014-03","2017-02","12","4.000","true","2012-10","SS","FPIF","2015-BASE_PROCUREMENT-2015-AIRFORCE_AIRCRAFT_VOL2-PROCUREMENT_MasterJustificationBook_Air_Force_PB_2015.zzz_unzipped-PROCUREMENT_MasterJustificationBook_Air_Force_PB_2015.xml","9d38bc75efdc1bb24fa15dd6fdcc79dd0ddabb23d16bb5fb0fb72b4ecbbd10cc","0-693d0b434ad4a70cfcfc8e7fd41a81d0c194f95857a17006c8c7bd9c3b8cd0a6","","","0-d1531d867c82844802af6d927c4100d228668a0987d4733ebee020982705c032","root.record.ItemExhibitList.P5Item.P10AdvanceProcurement.APCostElementCategoryList.EOQ.APCostElement"
"2014","WPAFB, OH","2014-03","2016-12","21","4.000","true","2012-10","SS","FPIF","2015-BASE_PROCUREMENT-2015-AIRFORCE_AIRCRAFT_VOL2-PROCUREMENT_MasterJustificationBook_Air_Force_PB_2015.zzz_unzipped-PROCUREMENT_MasterJustificationBook_Air_Force_PB_2015.xml","a97dfc5ffa5535857cd61c3c158de84a1441decc875ced08ad568ff95d020f85","0-0fcc8a79b7c128e98f252eb1ce88f4a8a3cefaf09af1ecc7c87e70169679e855","","","0-db4550935b0589f1f88158b1966b08608c400ce57baf1384d7d9feadb162635b","root.record.ItemExhibitList.P5Item.P10AdvanceProcurement.APCostElementCategoryList.EOQ.APCostElement"
"2014","WPAFB, OH","2014-03","2017-01","23","4.000","true","2012-10","SS","FPIF","2015-AMENDED_PROCUREMENT_AND_RDTE-2015-AIRFORCE_AMMO-PROCUREMENT_JustificationBook_Air_Force_PBAmended_2015.zzz_unzipped-PROCUREMENT_JustificationBook_Air_Force_PBAmended_2015.xml","d27cefc2bb72e82de7748f7a1d1ff2a8ff7ad30cf7027a91e47ee29dad986610","0-d83b4309eebb76f22bfc52f79b8756464041c06929f65be208fa7e9180e426b3","","","0-cc1c9f02bca737cfb92da804f91580c9b18b97ff14ad901e6c7c7b24ff5f131e","root.record.ItemExhibitList.P5Item.P10AdvanceProcurement.APCostElementCategoryList.EOQ.APCostElement"
"2014","WPAFB, OH","2014-03","2017-01","23","4.000","true","2012-10","SS","FPIF","2015-AMENDED_PROCUREMENT_AND_RDTE-2015-AIRFORCE_AMMO-PROCUREMENT_MasterJustificationBook_Air_Force_PBAmended_2015.zzz_unzipped-PROCUREMENT_MasterJustificationBook_Air_Force_PBAmended_2015.xml","04277271467c34157fc353a716c1236673a9ef09c1f838c7ec2af5d1128b21cc","0-4b4ec90338f836ee2199851178cb770c892f7253f88ee3b01da854351200eb42","","","0-85540c3824fcc09c861bff2142d6b8acd33aa9b6323cb12e7d560e0061dec2d6","root.record.ItemExhibitList.P5Item.P10AdvanceProcurement.APCostElementCategoryList.EOQ.APCostElement"
"2016","Dahlgren, VA","2016-02","2018-02","1.000","48.411","true","2015-10","SS","FP","2016-BASE_PROCUREMENT-2016-MDA-PROCUREMENT_JustificationBook_Missile_Defense_Agency_PB_2016.zzz_unzipped-PROCUREMENT_JustificationBook_Missile_Defense_Agency_PB_2016.xml","8fe681ed2a7b4397677aa6bf70676f250b32ded3546a6adb5424a1cf3206bbc3","0-bba243d2b48c36b8bca5d9480f7d33a2673b8a39bddf71615b37c733015600ed","","","0-6a157a89df452c9c2893f8c0418d80a94ead912bd9ceafd68f97d456f5f768cf","root.record.ItemExhibitList.P5Item.P10AdvanceProcurement.APCostElementCategoryList.EOQ.APCostElement"
"2016","Dahlgren, VA","2016-02","2019-02","1.000","38.307","true","2015-10","SS","FP","2016-BASE_PROCUREMENT-2016-MDA-PROCUREMENT_JustificationBook_Missile_Defense_Agency_PB_2016.zzz_unzipped-PROCUREMENT_JustificationBook_Missile_Defense_Agency_PB_2016.xml","8fe681ed2a7b4397677aa6bf70676f250b32ded3546a6adb5424a1cf3206bbc3","0-0fb5d2ab253560975a4444e8f7880eecc5b47e41cb4e69c66468a6182071ac4f","","","1-d91591f625641d61fca91db20a53476554c092b872c3343a2dddc069350090a2","root.record.ItemExhibitList.P5Item.P10AdvanceProcurement.APCostElementCategoryList.EOQ.APCostElement"
"2016","Dahlgren, VA","2016-02","2018-02","1.000","61.047","true","2015-02","SS","FP","2016-BASE_PROCUREMENT-2016-MDA-PROCUREMENT_JustificationBook_Missile_Defense_Agency_PB_2016.zzz_unzipped-PROCUREMENT_JustificationBook_Missile_Defense_Agency_PB_2016.xml","8fe681ed2a7b4397677aa6bf70676f250b32ded3546a6adb5424a1cf3206bbc3","0-0944005600b8114f44138907d8908ccf8d422d77666b431967b9a3cfa0cf2a6e","","","5-81889436182606378a3aa6815e4e934826e7dfee4e2a138d78f89223d9cc35e7","root.record.ItemExhibitList.P5Item.P10AdvanceProcurement.APCostElementCategoryList.EOQ.APCostElement"
"2016","Dahlgren, VA","2016-02","2018-02","1.000","48.411","true","2015-10","SS","FP","2016-BASE_PROCUREMENT-2016-MDA-PROCUREMENT_MasterJustificationBook_Missile_Defense_Agency_PB_2016.zzz_unzipped-PROCUREMENT_MasterJustificationBook_Missile_Defense_Agency_PB_2016.xml","b4f2202771c2bfc95fdafd93a11aada31a8b14c6b9c5880fd0d937560581322f","0-7706209804e8333d008a195c1035bf27be01f23e5c51a9ed473dd0508b1aa90e","","","0-5bde86014a770820296f608d09f7511dda8edd0cdc31a87391eec72fd0033f91","root.record.ItemExhibitList.P5Item.P10AdvanceProcurement.APCostElementCategoryList.EOQ.APCostElement"
"2016","Dahlgren, VA","2016-02","2019-02","1.000","38.307","true","2015-10","SS","FP","2016-BASE_PROCUREMENT-2016-MDA-PROCUREMENT_MasterJustificationBook_Missile_Defense_Agency_PB_2016.zzz_unzipped-PROCUREMENT_MasterJustificationBook_Missile_Defense_Agency_PB_2016.xml","b4f2202771c2bfc95fdafd93a11aada31a8b14c6b9c5880fd0d937560581322f","0-849dffac2109504d6f49aeaf1af5b9e6ede57ac46a48e16c6296d67574f1814e","","","1-7e9466a4fce62780ec5b7bf8ce03f8ebd511460a9271e3df04eb41503ace177a","root.record.ItemExhibitList.P5Item.P10AdvanceProcurement.APCostElementCategoryList.EOQ.APCostElement"
"2016","Dahlgren, VA","2016-02","2018-02","1.000","61.047","true","2015-02","SS","FP","2016-BASE_PROCUREMENT-2016-MDA-PROCUREMENT_MasterJustificationBook_Missile_Defense_Agency_PB_2016.zzz_unzipped-PROCUREMENT_MasterJustificationBook_Missile_Defense_Agency_PB_2016.xml","b4f2202771c2bfc95fdafd93a11aada31a8b14c6b9c5880fd0d937560581322f","0-9291cd49c9a1419a21d4f3affd70ee0cd8e2db5684c19dd1b75ed08317ca24c4","","","5-ba43339bea1e07a6e16221dcc2f1bd9e7602edeee4cd9d82a0af9b1be0b1be54","root.record.ItemExhibitList.P5Item.P10AdvanceProcurement.APCostElementCategoryList.EOQ.APCostElement"
"2015","WPAFB, OH","2015-12","2016-12","14","0.000","true","2012-10","SS","FPIF","2017-BASE_PROCUREMENT-2017-AIRFORCE_AIRCRAFT_VOL1-U_PROCUREMENT_JustificationBook_Air_Force_PB_2017.zzz_unzipped-U_PROCUREMENT_JustificationBook_Air_Force_PB_2017.xml","317e5965462e9d7678fc4f02896e5cee9bbda817cad2e5ad9c2290b851dba197","0-4ba06c3a782508f53ef763588e82b36622fa91dff8f9b5acefc3659d9d961df3","","","0-7022868f3bab20973f113a4e6d670ce27a7b740de5df05523e096f5a713b8702","root.record.ItemExhibitList.P5Item.P10AdvanceProcurement.APCostElementCategoryList.EOQ.APCostElement"
"2016","WPAFB, OH","2016-03","2017-11","2","0.000","true","2012-10","SS","FPIF","2017-BASE_PROCUREMENT-2017-AIRFORCE_AIRCRAFT_VOL1-U_PROCUREMENT_JustificationBook_Air_Force_PB_2017.zzz_unzipped-U_PROCUREMENT_JustificationBook_Air_Force_PB_2017.xml","317e5965462e9d7678fc4f02896e5cee9bbda817cad2e5ad9c2290b851dba197","1-9a230d64cd708e41f70e95f1eb9a3f37e57fee027ed1d4282fc1e4d08a9e176c","","","0-7022868f3bab20973f113a4e6d670ce27a7b740de5df05523e096f5a713b8702","root.record.ItemExhibitList.P5Item.P10AdvanceProcurement.APCostElementCategoryList.EOQ.APCostElement"
"2017","WPAFB, OH","2016-12","2019-04","0","0.000","true","2012-10","SS","FPIF","2017-BASE_PROCUREMENT-2017-AIRFORCE_AIRCRAFT_VOL1-U_PROCUREMENT_JustificationBook_Air_Force_PB_2017.zzz_unzipped-U_PROCUREMENT_JustificationBook_Air_Force_PB_2017.xml","317e5965462e9d7678fc4f02896e5cee9bbda817cad2e5ad9c2290b851dba197","2-ee1e99a41cdd11d773a7c5a83d2017068de92f5bfbf242654a16d233e8d7eaf3","","","0-7022868f3bab20973f113a4e6d670ce27a7b740de5df05523e096f5a713b8702","root.record.ItemExhibitList.P5Item.P10AdvanceProcurement.APCostElementCategoryList.EOQ.APCostElement"
"2015","WPAFB, OH","2015-12","2016-12","8","0.000","true","2012-10","SS","FPIF","2017-BASE_PROCUREMENT-2017-AIRFORCE_AIRCRAFT_VOL1-U_PROCUREMENT_JustificationBook_Air_Force_PB_2017.zzz_unzipped-U_PROCUREMENT_JustificationBook_Air_Force_PB_2017.xml","dfceced65c92fa65682ab45ae434a30edc54231102355ccb2d0cccb8c70865c0","0-f21b35aba9ef828d50639dcd71ec196fdab2c7abb2b7fc7e89892829bd86915f","","","0-0b6d83826d3ffad0c6680589fd46b79b4fc159e4ee737ca9eafcf333a3706fcb","root.record.ItemExhibitList.P5Item.P10AdvanceProcurement.APCostElementCategoryList.EOQ.APCostElement"
"2016","WPAFB, OH","2016-03","2017-12","6","0.000","true","2012-10","SS","FPIF","2017-BASE_PROCUREMENT-2017-AIRFORCE_AIRCRAFT_VOL1-U_PROCUREMENT_JustificationBook_Air_Force_PB_2017.zzz_unzipped-U_PROCUREMENT_JustificationBook_Air_Force_PB_2017.xml","dfceced65c92fa65682ab45ae434a30edc54231102355ccb2d0cccb8c70865c0","1-a980daf429d4d190936b7b36304f8e8127fc753f2d5fe6b6f94e5eafcce1e275","","","0-0b6d83826d3ffad0c6680589fd46b79b4fc159e4ee737ca9eafcf333a3706fcb","root.record.ItemExhibitList.P5Item.P10AdvanceProcurement.APCostElementCategoryList.EOQ.APCostElement"
"2017","WPAFB, OH","2016-12","2019-01","0","0.000","true","2012-10","SS","FPIF","2017-BASE_PROCUREMENT-2017-AIRFORCE_AIRCRAFT_VOL1-U_PROCUREMENT_JustificationBook_Air_Force_PB_2017.zzz_unzipped-U_PROCUREMENT_JustificationBook_Air_Force_PB_2017.xml","dfceced65c92fa65682ab45ae434a30edc54231102355ccb2d0cccb8c70865c0","2-e8c1d517328309c82dff281999250a44945ac3bbd5af82c4d990f60206e02ed7","","","0-0b6d83826d3ffad0c6680589fd46b79b4fc159e4ee737ca9eafcf333a3706fcb","root.record.ItemExhibitList.P5Item.P10AdvanceProcurement.APCostElementCategoryList.EOQ.APCostElement"
"2015","WPAFB, OH","2015-12","2016-12","14","0.000","true","2012-10","SS","FPIF","2017-BASE_PROCUREMENT-2017-AIRFORCE_AIRCRAFT_VOL1-U_PROCUREMENT_MasterJustificationBook_Air_Force_PB_2017.zzz_unzipped-U_PROCUREMENT_MasterJustificationBook_Air_Force_PB_2017.xml","1e24abaeefbb873f569d9b38ff04ead3b13c188ded0a995438fc26ef309c4d70","0-c09351469fbbe0f837149b3f0072d5f2c21ec6990e61ca3629efbdae572c9a46","","","0-c20b7dcb34e8a4370be6b4e205636c5d7af5b5977be64a48ab2abead34718891","root.record.ItemExhibitList.P5Item.P10AdvanceProcurement.APCostElementCategoryList.EOQ.APCostElement"
"2016","WPAFB, OH","2016-03","2017-11","2","0.000","true","2012-10","SS","FPIF","2017-BASE_PROCUREMENT-2017-AIRFORCE_AIRCRAFT_VOL1-U_PROCUREMENT_MasterJustificationBook_Air_Force_PB_2017.zzz_unzipped-U_PROCUREMENT_MasterJustificationBook_Air_Force_PB_2017.xml","1e24abaeefbb873f569d9b38ff04ead3b13c188ded0a995438fc26ef309c4d70","1-0902b23ba18691104c8e9d58041eaef25820fa6f5e26637aca21a9fb874f84a3","","","0-c20b7dcb34e8a4370be6b4e205636c5d7af5b5977be64a48ab2abead34718891","root.record.ItemExhibitList.P5Item.P10AdvanceProcurement.APCostElementCategoryList.EOQ.APCostElement"
"2017","WPAFB, OH","2016-12","2019-04","0","0.000","true","2012-10","SS","FPIF","2017-BASE_PROCUREMENT-2017-AIRFORCE_AIRCRAFT_VOL1-U_PROCUREMENT_MasterJustificationBook_Air_Force_PB_2017.zzz_unzipped-U_PROCUREMENT_MasterJustificationBook_Air_Force_PB_2017.xml","1e24abaeefbb873f569d9b38ff04ead3b13c188ded0a995438fc26ef309c4d70","2-f0883ef4b1248727466497f2a2b4161bf1f865dfacbda171b7cea8b93430d7c8","","","0-c20b7dcb34e8a4370be6b4e205636c5d7af5b5977be64a48ab2abead34718891","root.record.ItemExhibitList.P5Item.P10AdvanceProcurement.APCostElementCategoryList.EOQ.APCostElement"
"2015","WPAFB, OH","2015-12","2016-12","8","0.000","true","2012-10","SS","FPIF","2017-BASE_PROCUREMENT-2017-AIRFORCE_AIRCRAFT_VOL1-U_PROCUREMENT_MasterJustificationBook_Air_Force_PB_2017.zzz_unzipped-U_PROCUREMENT_MasterJustificationBook_Air_Force_PB_2017.xml","f8d8f61e907a74fdbcc61c2f963800089af997881e4e9977e7629b29e606e7f9","0-a8aaa84ab419c7a17fe6f7445c57864efa4bb0b1632daddab6e09ffa262d19f8","","","0-3c6485239942ce34b9549929014cd9e4a3c59f4849a8f005ac7bdcecd4edca45","root.record.ItemExhibitList.P5Item.P10AdvanceProcurement.APCostElementCategoryList.EOQ.APCostElement"
"2016","WPAFB, OH","2016-03","2017-12","6","0.000","true","2012-10","SS","FPIF","2017-BASE_PROCUREMENT-2017-AIRFORCE_AIRCRAFT_VOL1-U_PROCUREMENT_MasterJustificationBook_Air_Force_PB_2017.zzz_unzipped-U_PROCUREMENT_MasterJustificationBook_Air_Force_PB_2017.xml","f8d8f61e907a74fdbcc61c2f963800089af997881e4e9977e7629b29e606e7f9","1-89cfe835d4fd999b67e1e90f38050015cbc27e306929a6ab24435202370a1616","","","0-3c6485239942ce34b9549929014cd9e4a3c59f4849a8f005ac7bdcecd4edca45","root.record.ItemExhibitList.P5Item.P10AdvanceProcurement.APCostElementCategoryList.EOQ.APCostElement"
"2017","WPAFB, OH","2016-12","2019-01","0","0.000","true","2012-10","SS","FPIF","2017-BASE_PROCUREMENT-2017-AIRFORCE_AIRCRAFT_VOL1-U_PROCUREMENT_MasterJustificationBook_Air_Force_PB_2017.zzz_unzipped-U_PROCUREMENT_MasterJustificationBook_Air_Force_PB_2017.xml","f8d8f61e907a74fdbcc61c2f963800089af997881e4e9977e7629b29e606e7f9","2-9526187b7a6f2afafee45f9c6b78c1af2a2bb87219ebf63f5e07f6d939c8a519","","","0-3c6485239942ce34b9549929014cd9e4a3c59f4849a8f005ac7bdcecd4edca45","root.record.ItemExhibitList.P5Item.P10AdvanceProcurement.APCostElementCategoryList.EOQ.APCostElement"
"2015","WPAFB, OH","2015-12","2016-12","14","0.000","true","2012-10","SS","FPIF","2017-BASE_PROCUREMENT-2017-AIRFORCE_AIRCRAFT_VOL2-U_PROCUREMENT_MasterJustificationBook_Air_Force_PB_2017.zzz_unzipped-U_PROCUREMENT_MasterJustificationBook_Air_Force_PB_2017.xml","e69e07728276534fdfa55b2844b939d33d50eb19a45e7ddc2b78cbe832e14bba","0-3c4338d2d05ed274ff2abc4402f03ece353ec6203a94af77eef15d658c3c7a90","","","0-961f6946535b15ca8be1ac401d3a443585befad8340743d73f7bb2addff787a2","root.record.ItemExhibitList.P5Item.P10AdvanceProcurement.APCostElementCategoryList.EOQ.APCostElement"
"2016","WPAFB, OH","2016-03","2017-11","2","0.000","true","2012-10","SS","FPIF","2017-BASE_PROCUREMENT-2017-AIRFORCE_AIRCRAFT_VOL2-U_PROCUREMENT_MasterJustificationBook_Air_Force_PB_2017.zzz_unzipped-U_PROCUREMENT_MasterJustificationBook_Air_Force_PB_2017.xml","e69e07728276534fdfa55b2844b939d33d50eb19a45e7ddc2b78cbe832e14bba","1-0353ca505c63af018671b80ae1d9ee7f969fb73915a0d96b4dbaaca952c9b50d","","","0-961f6946535b15ca8be1ac401d3a443585befad8340743d73f7bb2addff787a2","root.record.ItemExhibitList.P5Item.P10AdvanceProcurement.APCostElementCategoryList.EOQ.APCostElement"
"2017","WPAFB, OH","2016-12","2019-04","0","0.000","true","2012-10","SS","FPIF","2017-BASE_PROCUREMENT-2017-AIRFORCE_AIRCRAFT_VOL2-U_PROCUREMENT_MasterJustificationBook_Air_Force_PB_2017.zzz_unzipped-U_PROCUREMENT_MasterJustificationBook_Air_Force_PB_2017.xml","e69e07728276534fdfa55b2844b939d33d50eb19a45e7ddc2b78cbe832e14bba","2-f6676f8e3c2dd182d620500a87aaa971ec8d71f15152f2129c9cd5aa49cd9ffd","","","0-961f6946535b15ca8be1ac401d3a443585befad8340743d73f7bb2addff787a2","root.record.ItemExhibitList.P5Item.P10AdvanceProcurement.APCostElementCategoryList.EOQ.APCostElement"
"2015","WPAFB, OH","2015-12","2016-12","8","0.000","true","2012-10","SS","FPIF","2017-BASE_PROCUREMENT-2017-AIRFORCE_AIRCRAFT_VOL2-U_PROCUREMENT_MasterJustificationBook_Air_Force_PB_2017.zzz_unzipped-U_PROCUREMENT_MasterJustificationBook_Air_Force_PB_2017.xml","0dd91f4446d3575886727ff6a8249093ad91205b21e77ef7cfe082bffa942faf","0-74fa3083f3fd3b61ee6f4705e7178b2f0607d70259fd403549c68cd5ec0e9ccb","","","0-18ef1966e52e3e9219bd8855c9575e04cf9ff927f5a703265719c7d6c1b3fb02","root.record.ItemExhibitList.P5Item.P10AdvanceProcurement.APCostElementCategoryList.EOQ.APCostElement"
"2016","WPAFB, OH","2016-03","2017-12","6","0.000","true","2012-10","SS","FPIF","2017-BASE_PROCUREMENT-2017-AIRFORCE_AIRCRAFT_VOL2-U_PROCUREMENT_MasterJustificationBook_Air_Force_PB_2017.zzz_unzipped-U_PROCUREMENT_MasterJustificationBook_Air_Force_PB_2017.xml","0dd91f4446d3575886727ff6a8249093ad91205b21e77ef7cfe082bffa942faf","1-ff753a83a384a8a016082b6617f85a982f68cfde503fab627edfdc196bc5bc88","","","0-18ef1966e52e3e9219bd8855c9575e04cf9ff927f5a703265719c7d6c1b3fb02","root.record.ItemExhibitList.P5Item.P10AdvanceProcurement.APCostElementCategoryList.EOQ.APCostElement"
"2017","WPAFB, OH","2016-12","2019-01","0","0.000","true","2012-10","SS","FPIF","2017-BASE_PROCUREMENT-2017-AIRFORCE_AIRCRAFT_VOL2-U_PROCUREMENT_MasterJustificationBook_Air_Force_PB_2017.zzz_unzipped-U_PROCUREMENT_MasterJustificationBook_Air_Force_PB_2017.xml","0dd91f4446d3575886727ff6a8249093ad91205b21e77ef7cfe082bffa942faf","2-13f1e47aae3e7e496ea2acea72a0516b64dab891d1c441fcb02be7f5c29007b2","","","0-18ef1966e52e3e9219bd8855c9575e04cf9ff927f5a703265719c7d6c1b3fb02","root.record.ItemExhibitList.P5Item.P10AdvanceProcurement.APCostElementCategoryList.EOQ.APCostElement"
"2018","TBD","2018-01","2018-01","0","0.000","true","","","","2018-BASE_PROCUREMENT-2018-AIRFORCE_AIRCRAFT_VOL1-U_PROCUREMENT_JustificationBook_Air_Force_PB_2018.zzz_unzipped-U_PROCUREMENT_JustificationBook_Air_Force_PB_2018.xml","3013d2c99ef7883e19c7b93224fdff50f8c7263434425601604d25632bc020a5","0-e6f2a0937ee4beff0cc612b4adcda5ebc2575119cf1097a1834bc6e7b0201f38","2017-12","TBD","0-6903e014d0d325d37d2cb45a67a0403af9ba9947865985d7a1c4a2707b0c6567","root.record.ItemExhibitList.P5Item.P10AdvanceProcurement.APCostElementCategoryList.EOQ.APCostElement"
"2016","WPAFB, OH","2016-03","2018-10","3","0.000","true","2012-10","SS","FPIF","2018-BASE_PROCUREMENT-2018-AIRFORCE_AIRCRAFT_VOL1-U_PROCUREMENT_JustificationBook_Air_Force_PB_2018.zzz_unzipped-U_PROCUREMENT_JustificationBook_Air_Force_PB_2018.xml","1064caa6aad62d617f267eeab8b71ff24316efc723669cb41e40e5531ed97467","0-714c96432a1ddc37dbf38447bf2c048ddccb537236628e44f98346abe3abe6c5","","","0-53d90bb9a6c9a29ebbbdabf9fbf4820167332322f5ae7270205e319e191b1868","root.record.ItemExhibitList.P5Item.P10AdvanceProcurement.APCostElementCategoryList.EOQ.APCostElement"
"2017","WPAFB, OH","2016-12","2019-07","2","0.000","true","2012-10","SS","FPIF","2018-BASE_PROCUREMENT-2018-AIRFORCE_AIRCRAFT_VOL1-U_PROCUREMENT_JustificationBook_Air_Force_PB_2018.zzz_unzipped-U_PROCUREMENT_JustificationBook_Air_Force_PB_2018.xml","1064caa6aad62d617f267eeab8b71ff24316efc723669cb41e40e5531ed97467","1-8cd30afd27008bcb6b5457ee15db0a2cd685d463a139378e3d727a0087611ab0","","","0-53d90bb9a6c9a29ebbbdabf9fbf4820167332322f5ae7270205e319e191b1868","root.record.ItemExhibitList.P5Item.P10AdvanceProcurement.APCostElementCategoryList.EOQ.APCostElement"
"2018","WPAFB, OH","2017-12","2020-12","0","0.000","true","2016-03","SS","FPIF","2018-BASE_PROCUREMENT-2018-AIRFORCE_AIRCRAFT_VOL1-U_PROCUREMENT_JustificationBook_Air_Force_PB_2018.zzz_unzipped-U_PROCUREMENT_JustificationBook_Air_Force_PB_2018.xml","1064caa6aad62d617f267eeab8b71ff24316efc723669cb41e40e5531ed97467","2-c0fe26adc09f73c6cfaa85fe47eaf02a615a28ed1ee73e667e21876f53a0af92","","","0-53d90bb9a6c9a29ebbbdabf9fbf4820167332322f5ae7270205e319e191b1868","root.record.ItemExhibitList.P5Item.P10AdvanceProcurement.APCostElementCategoryList.EOQ.APCostElement"
"2016","WPAFB, OH","2016-03","2017-11","10","0.000","true","2012-10","SS","FPIF","2018-BASE_PROCUREMENT-2018-AIRFORCE_AIRCRAFT_VOL1-U_PROCUREMENT_JustificationBook_Air_Force_PB_2018.zzz_unzipped-U_PROCUREMENT_JustificationBook_Air_Force_PB_2018.xml","5282f14dc345aeb069c9862d0a8e6f568c12f7a22a00e4757ffea9e6ec73b23d","0-aa2dfc25061999bb9464259dc533a9b0a63bf792d1e444887ca415718170158e","","","0-b6586f868f2d3220d14e2b36824a3de46a63e289b9d4ebfb4c94acaebfb2d1e2","root.record.ItemExhibitList.P5Item.P10AdvanceProcurement.APCostElementCategoryList.EOQ.APCostElement"
"2017","WPAFB, OH","2016-12","2019-04","5","0.000","true","2012-10","SS","FPIF","2018-BASE_PROCUREMENT-2018-AIRFORCE_AIRCRAFT_VOL1-U_PROCUREMENT_JustificationBook_Air_Force_PB_2018.zzz_unzipped-U_PROCUREMENT_JustificationBook_Air_Force_PB_2018.xml","5282f14dc345aeb069c9862d0a8e6f568c12f7a22a00e4757ffea9e6ec73b23d","1-31dd92ac1bfabbdf30ade18b6e601d07fbb9ca3fbab2e4dbfdb630f68c8fbf6d","","","0-b6586f868f2d3220d14e2b36824a3de46a63e289b9d4ebfb4c94acaebfb2d1e2","root.record.ItemExhibitList.P5Item.P10AdvanceProcurement.APCostElementCategoryList.EOQ.APCostElement"
"2018","WPAFB, OH","2017-12","2019-09","0","0.000","true","2012-10","SS","FPIF","2018-BASE_PROCUREMENT-2018-AIRFORCE_AIRCRAFT_VOL1-U_PROCUREMENT_JustificationBook_Air_Force_PB_2018.zzz_unzipped-U_PROCUREMENT_JustificationBook_Air_Force_PB_2018.xml","5282f14dc345aeb069c9862d0a8e6f568c12f7a22a00e4757ffea9e6ec73b23d","2-6fadf02647012feac131862247f1f0a7b4531edba9bc8e02d3a7d0d2c62f3c09","","","0-b6586f868f2d3220d14e2b36824a3de46a63e289b9d4ebfb4c94acaebfb2d1e2","root.record.ItemExhibitList.P5Item.P10AdvanceProcurement.APCostElementCategoryList.EOQ.APCostElement"
"2018","TBD","2018-01","2018-01","0","0.000","true","","","","2018-BASE_PROCUREMENT-2018-AIRFORCE_AIRCRAFT_VOL2-U_PROCUREMENT_MasterJustificationBook_Air_Force_PB_2018.zzz_unzipped-U_PROCUREMENT_MasterJustificationBook_Air_Force_PB_2018.xml","f11abe99c918ba00d36c7bd6b850c69903d0cf64dd50e793b748479423a9a87c","0-30beab5e5e3ff73f983282322339f6fce2909d789a9c81f32d9ffadd908f0e13","2017-12","TBD","0-d108ba61afc196a82688e426c423c8aafc8a3a2ad0ce1259cd867e2144768dae","root.record.ItemExhibitList.P5Item.P10AdvanceProcurement.APCostElementCategoryList.EOQ.APCostElement"
"2016","WPAFB, OH","2016-03","2018-10","3","0.000","true","2012-10","SS","FPIF","2018-BASE_PROCUREMENT-2018-AIRFORCE_AIRCRAFT_VOL2-U_PROCUREMENT_MasterJustificationBook_Air_Force_PB_2018.zzz_unzipped-U_PROCUREMENT_MasterJustificationBook_Air_Force_PB_2018.xml","52d3e8eceb99048e70461d8badb057e5f9170779e5b578ac08b8b3a06143352f","0-d9da05f8b44418ea01c6c3ebfef9355bd61ce33b195544252f6e08aa8fb30ec4","","","0-e0e8a50c88a7e9ac37107beed928834643669819161259b9973aa9f7f0dc0668","root.record.ItemExhibitList.P5Item.P10AdvanceProcurement.APCostElementCategoryList.EOQ.APCostElement"
"2017","WPAFB, OH","2016-12","2019-07","2","0.000","true","2012-10","SS","FPIF","2018-BASE_PROCUREMENT-2018-AIRFORCE_AIRCRAFT_VOL2-U_PROCUREMENT_MasterJustificationBook_Air_Force_PB_2018.zzz_unzipped-U_PROCUREMENT_MasterJustificationBook_Air_Force_PB_2018.xml","52d3e8eceb99048e70461d8badb057e5f9170779e5b578ac08b8b3a06143352f","1-a7116cc6570e5c56de71a5d626e50c043ff05b20aa373aa6da46908ee75eb061","","","0-e0e8a50c88a7e9ac37107beed928834643669819161259b9973aa9f7f0dc0668","root.record.ItemExhibitList.P5Item.P10AdvanceProcurement.APCostElementCategoryList.EOQ.APCostElement"
"2018","WPAFB, OH","2017-12","2020-12","0","0.000","true","2016-03","SS","FPIF","2018-BASE_PROCUREMENT-2018-AIRFORCE_AIRCRAFT_VOL2-U_PROCUREMENT_MasterJustificationBook_Air_Force_PB_2018.zzz_unzipped-U_PROCUREMENT_MasterJustificationBook_Air_Force_PB_2018.xml","52d3e8eceb99048e70461d8badb057e5f9170779e5b578ac08b8b3a06143352f","2-9f38865e7a992da41e627ff08cef70cc99d4728d4f8d46cf7d366d84a0009305","","","0-e0e8a50c88a7e9ac37107beed928834643669819161259b9973aa9f7f0dc0668","root.record.ItemExhibitList.P5Item.P10AdvanceProcurement.APCostElementCategoryList.EOQ.APCostElement"
"2016","WPAFB, OH","2016-03","2017-11","10","0.000","true","2012-10","SS","FPIF","2018-BASE_PROCUREMENT-2018-AIRFORCE_AIRCRAFT_VOL2-U_PROCUREMENT_MasterJustificationBook_Air_Force_PB_2018.zzz_unzipped-U_PROCUREMENT_MasterJustificationBook_Air_Force_PB_2018.xml","3a9accd390ed2b4c0db815f8762265e56f4da2f42dfd3f6bf46e7026cfaa4062","0-6b6805b9d820b06f68afea12b618803c256749420666b45875e3052697eee6eb","","","0-05128cfd6563a55792b60fb4efd0a5d82a727a6fbbc157aaaaa9d6b52e74eecf","root.record.ItemExhibitList.P5Item.P10AdvanceProcurement.APCostElementCategoryList.EOQ.APCostElement"
"2017","WPAFB, OH","2016-12","2019-04","5","0.000","true","2012-10","SS","FPIF","2018-BASE_PROCUREMENT-2018-AIRFORCE_AIRCRAFT_VOL2-U_PROCUREMENT_MasterJustificationBook_Air_Force_PB_2018.zzz_unzipped-U_PROCUREMENT_MasterJustificationBook_Air_Force_PB_2018.xml","3a9accd390ed2b4c0db815f8762265e56f4da2f42dfd3f6bf46e7026cfaa4062","1-07cd7917bddef510b2fb63890f789ad767f4dc535f00f6a929a1d34b0ffcbc5e","","","0-05128cfd6563a55792b60fb4efd0a5d82a727a6fbbc157aaaaa9d6b52e74eecf","root.record.ItemExhibitList.P5Item.P10AdvanceProcurement.APCostElementCategoryList.EOQ.APCostElement"
"2018","WPAFB, OH","2017-12","2019-09","0","0.000","true","2012-10","SS","FPIF","2018-BASE_PROCUREMENT-2018-AIRFORCE_AIRCRAFT_VOL2-U_PROCUREMENT_MasterJustificationBook_Air_Force_PB_2018.zzz_unzipped-U_PROCUREMENT_MasterJustificationBook_Air_Force_PB_2018.xml","3a9accd390ed2b4c0db815f8762265e56f4da2f42dfd3f6bf46e7026cfaa4062","2-862f54e547d91aa0ccb8f90b7737e1d3b790cf44abd0e64065a4bfa5bb8c1035","","","0-05128cfd6563a55792b60fb4efd0a5d82a727a6fbbc157aaaaa9d6b52e74eecf","root.record.ItemExhibitList.P5Item.P10AdvanceProcurement.APCostElementCategoryList.EOQ.APCostElement"
"2017","WPAFB, OH","2016-12","2019-08","2","0.000","true","2012-10","SS","FPIF","2019-BASE_PROCUREMENT-2019-AIRFORCE_AIRCRAFT_VOL1-U_PROCUREMENT_JustificationBook_Air_Force_PB_2019.zzz_unzipped-U_PROCUREMENT_JustificationBook_Air_Force_PB_2019.xml","e0673cb2550f564aa6d42ffc7db17b338b0ea30ff6cefba724dc2156b2ca7f51","0-7abe7236b342017f933322ce40f48321870b55b8c9332d6ee1730fd19764f314","","","0-939a0f84e62442d24e543e6d2771867bfcc8888597f9d34fe3e215035dcac778","root.record.ItemExhibitList.P5Item.P10AdvanceProcurement.APCostElementCategoryList.EOQ.APCostElement"
"2018","WPAFB, OH","2018-08","2021-04","1","0.000","true","2016-03","SS","FPIF","2019-BASE_PROCUREMENT-2019-AIRFORCE_AIRCRAFT_VOL1-U_PROCUREMENT_JustificationBook_Air_Force_PB_2019.zzz_unzipped-U_PROCUREMENT_JustificationBook_Air_Force_PB_2019.xml","e0673cb2550f564aa6d42ffc7db17b338b0ea30ff6cefba724dc2156b2ca7f51","1-14ce5a8c78828507b5707ae1617d941393e9c60547e29e5d64fc8b9d0e904bfa","","","0-939a0f84e62442d24e543e6d2771867bfcc8888597f9d34fe3e215035dcac778","root.record.ItemExhibitList.P5Item.P10AdvanceProcurement.APCostElementCategoryList.EOQ.APCostElement"
"2019","WPAFB, OH","2019-09","2022-03","0","0.000","true","2018-03","SS","FPIF","2019-BASE_PROCUREMENT-2019-AIRFORCE_AIRCRAFT_VOL1-U_PROCUREMENT_JustificationBook_Air_Force_PB_2019.zzz_unzipped-U_PROCUREMENT_JustificationBook_Air_Force_PB_2019.xml","e0673cb2550f564aa6d42ffc7db17b338b0ea30ff6cefba724dc2156b2ca7f51","2-95ee245fa5105eeb3cdba75429e61f07dc3fc88089a6acd9bf2dca3f62ee412a","","","0-939a0f84e62442d24e543e6d2771867bfcc8888597f9d34fe3e215035dcac778","root.record.ItemExhibitList.P5Item.P10AdvanceProcurement.APCostElementCategoryList.EOQ.APCostElement"
"2017","WPAFB, OH","2016-12","2019-04","5","0.000","true","2012-10","SS","FPIF","2019-BASE_PROCUREMENT-2019-AIRFORCE_AIRCRAFT_VOL1-U_PROCUREMENT_JustificationBook_Air_Force_PB_2019.zzz_unzipped-U_PROCUREMENT_JustificationBook_Air_Force_PB_2019.xml","48d362fea8109f02805de255b38f14c8d3354fa434f24d725ad243831a52ca04","0-c7bf935af4ecb8a23dfc03fb4f37f423a19f88994d1ddc5561ac3c30cdedd09c","","","0-371834a3ed4791d29375d5dde42c1da74f9f10db60d40c94dcf0eb06b032f4c0","root.record.ItemExhibitList.P5Item.P10AdvanceProcurement.APCostElementCategoryList.EOQ.APCostElement"
"2018","WPAFB, OH","2017-12","2019-10","6","0.000","true","2012-10","SS","FPIF","2019-BASE_PROCUREMENT-2019-AIRFORCE_AIRCRAFT_VOL1-U_PROCUREMENT_JustificationBook_Air_Force_PB_2019.zzz_unzipped-U_PROCUREMENT_JustificationBook_Air_Force_PB_2019.xml","48d362fea8109f02805de255b38f14c8d3354fa434f24d725ad243831a52ca04","1-588bd396b4ddcdfe3f193ee5bba5aec3ad167784c83e57c7247756ac8b385e4c","","","0-371834a3ed4791d29375d5dde42c1da74f9f10db60d40c94dcf0eb06b032f4c0","root.record.ItemExhibitList.P5Item.P10AdvanceProcurement.APCostElementCategoryList.EOQ.APCostElement"
"2019","WPAFB, OH","2018-12","2021-10","22","4.000","true","2018-03","SS","FPIF","2019-BASE_PROCUREMENT-2019-AIRFORCE_AIRCRAFT_VOL1-U_PROCUREMENT_JustificationBook_Air_Force_PB_2019.zzz_unzipped-U_PROCUREMENT_JustificationBook_Air_Force_PB_2019.xml","48d362fea8109f02805de255b38f14c8d3354fa434f24d725ad243831a52ca04","2-dffc709e0ec3ce387651adfb6476dfd97688579493d82999d665c0b2efbb44e1","","","0-371834a3ed4791d29375d5dde42c1da74f9f10db60d40c94dcf0eb06b032f4c0","root.record.ItemExhibitList.P5Item.P10AdvanceProcurement.APCostElementCategoryList.EOQ.APCostElement"
"2017","WPAFB, OH","2016-12","2019-08","2","0.000","true","2012-10","SS","FPIF","2019-BASE_PROCUREMENT-2019-AIRFORCE_AIRCRAFT_VOL2-U_PROCUREMENT_MasterJustificationBook_Air_Force_PB_2019.zzz_unzipped-U_PROCUREMENT_MasterJustificationBook_Air_Force_PB_2019.xml","4ea7dbeed17529286c356893bd67d91b274d260621fb5a5444bb33e07128c318","0-dba1649c5f9172ab863b50e53e3fd0d35d43c86a5aaa8343bc1b306709244a6e","","","0-374442c962f1f748f3bc54c19598b3ee5eb35fbc83c14dc939d0250deb63a6a9","root.record.ItemExhibitList.P5Item.P10AdvanceProcurement.APCostElementCategoryList.EOQ.APCostElement"
"2018","WPAFB, OH","2018-08","2021-04","1","0.000","true","2016-03","SS","FPIF","2019-BASE_PROCUREMENT-2019-AIRFORCE_AIRCRAFT_VOL2-U_PROCUREMENT_MasterJustificationBook_Air_Force_PB_2019.zzz_unzipped-U_PROCUREMENT_MasterJustificationBook_Air_Force_PB_2019.xml","4ea7dbeed17529286c356893bd67d91b274d260621fb5a5444bb33e07128c318","1-e9f2fea76010734fb4e18b884aa5b096a96da01b791c7aca264bd908129f9d9c","","","0-374442c962f1f748f3bc54c19598b3ee5eb35fbc83c14dc939d0250deb63a6a9","root.record.ItemExhibitList.P5Item.P10AdvanceProcurement.APCostElementCategoryList.EOQ.APCostElement"
"2019","WPAFB, OH","2019-09","2022-03","0","0.000","true","2018-03","SS","FPIF","2019-BASE_PROCUREMENT-2019-AIRFORCE_AIRCRAFT_VOL2-U_PROCUREMENT_MasterJustificationBook_Air_Force_PB_2019.zzz_unzipped-U_PROCUREMENT_MasterJustificationBook_Air_Force_PB_2019.xml","4ea7dbeed17529286c356893bd67d91b274d260621fb5a5444bb33e07128c318","2-a0b437e7a707f87838a87e1ad76041c47032da83affc6b1a1ede576754d3e950","","","0-374442c962f1f748f3bc54c19598b3ee5eb35fbc83c14dc939d0250deb63a6a9","root.record.ItemExhibitList.P5Item.P10AdvanceProcurement.APCostElementCategoryList.EOQ.APCostElement"
"2017","WPAFB, OH","2016-12","2019-04","5","0.000","true","2012-10","SS","FPIF","2019-BASE_PROCUREMENT-2019-AIRFORCE_AIRCRAFT_VOL2-U_PROCUREMENT_MasterJustificationBook_Air_Force_PB_2019.zzz_unzipped-U_PROCUREMENT_MasterJustificationBook_Air_Force_PB_2019.xml","25050f3609f71c4e582f0bda0141fc2b15087f0de79e5b8d4a91232f00b6bcb3","0-57fc3b788c8b5d2ee6f1db00d97f5e83e0b571e9e473ba64c5eaa5fcd4f8db32","","","0-0f605c68460007427d6d9c6fcced0bfea04174afdc8090115ebcb99e2c600635","root.record.ItemExhibitList.P5Item.P10AdvanceProcurement.APCostElementCategoryList.EOQ.APCostElement"
"2018","WPAFB, OH","2017-12","2019-10","6","0.000","true","2012-10","SS","FPIF","2019-BASE_PROCUREMENT-2019-AIRFORCE_AIRCRAFT_VOL2-U_PROCUREMENT_MasterJustificationBook_Air_Force_PB_2019.zzz_unzipped-U_PROCUREMENT_MasterJustificationBook_Air_Force_PB_2019.xml","25050f3609f71c4e582f0bda0141fc2b15087f0de79e5b8d4a91232f00b6bcb3","1-8398dd76568b6b9d5244a47bf6e8c84ce54d41836402863ff5ef829e02ae522b","","","0-0f605c68460007427d6d9c6fcced0bfea04174afdc8090115ebcb99e2c600635","root.record.ItemExhibitList.P5Item.P10AdvanceProcurement.APCostElementCategoryList.EOQ.APCostElement"
"2019","WPAFB, OH","2018-12","2021-10","22","4.000","true","2018-03","SS","FPIF","2019-BASE_PROCUREMENT-2019-AIRFORCE_AIRCRAFT_VOL2-U_PROCUREMENT_MasterJustificationBook_Air_Force_PB_2019.zzz_unzipped-U_PROCUREMENT_MasterJustificationBook_Air_Force_PB_2019.xml","25050f3609f71c4e582f0bda0141fc2b15087f0de79e5b8d4a91232f00b6bcb3","2-e65a339012fcbe2fb7bd60908614813433dcb648e6ad5175951382f09eee6bf2","","","0-0f605c68460007427d6d9c6fcced0bfea04174afdc8090115ebcb99e2c600635","root.record.ItemExhibitList.P5Item.P10AdvanceProcurement.APCostElementCategoryList.EOQ.APCostElement"
