FiscalYear_val,PCOLocation_val,AwardDate_val,FirstDeliveryDate_val,Quantity_val,UnitCost_val,SpecsAvailableNow_val,RFPIssueDate_val,ContractMethod_val,ContractType_val,@SOURCE_FILENAME,@RECORDID,@ROWID,RevisionsAvailableDate_val,FundingVehicle_val,@PARENTROWID,@PARENT
"2014","WPAFB, OH","2014-03","2017-01","23","4.000","true","2012-10","SS","FPIF","2015-BASE_PROCUREMENT-2015-AIRFORCE_AIRCRAFT_VOL1-PROCUREMENT_JustificationBook_Air_Force_PB_2015.zzz_unzipped-PROCUREMENT_JustificationBook_Air_Force_PB_2015.xml","6ba238e5761c0b5cdb4005cd9d3b0ebd730c7a47c72ec72a3cb63b26a07450e3","0-6e243e9ecf38e2a8db549b3e133cb7bc5d5da16b3e6e12fd594cb500de796f0f","","","0-be3b9e219d0054d64c11f99fe7dd120e5eedd6f2f67722c37b42859e0fda72e8","root.record.ItemExhibitList.P5Item.P10AdvanceProcurement.APCostElementCategoryList.EOQ.APCostElement"
"2014","WPAFB, OH","2014-03","2017-02","12","4.000","true","2012-10","SS","FPIF","2015-BASE_PROCUREMENT-2015-AIRFORCE_AIRCRAFT_VOL1-PROCUREMENT_JustificationBook_Air_Force_PB_2015.zzz_unzipped-PROCUREMENT_JustificationBook_Air_Force_PB_2015.xml","565aa015362bd445cc082985b6e24c13e2957f8c30a9dfbe4c0bd8a663cbe70f","0-9a48c0c103743f53cb29eb3dec606a9bb99999af7b53feb25ff5ddc50b36dd37","","","0-76c60f3b759a47d9322439525129306605c26b21ffb70ecb5190c727ff36335b","root.record.ItemExhibitList.P5Item.P10AdvanceProcurement.APCostElementCategoryList.EOQ.APCostElement"
"2014","WPAFB, OH","2014-03","2016-12","21","4.000","true","2012-10","SS","FPIF","2015-BASE_PROCUREMENT-2015-AIRFORCE_AIRCRAFT_VOL1-PROCUREMENT_JustificationBook_Air_Force_PB_2015.zzz_unzipped-PROCUREMENT_JustificationBook_Air_Force_PB_2015.xml","17ab19c784929a028c69ad970f12cd0eee00de512acf9833a5336d1e8a33db11","0-9e600fc2cc7b16551f05c4363132472075d85c939718ebe0eb703245c253173d","","","0-d0fe2ce95bbc8409832f25515efff112a7171bdb9d7024b133adac022a3651bd","root.record.ItemExhibitList.P5Item.P10AdvanceProcurement.APCostElementCategoryList.EOQ.APCostElement"
"2014","WPAFB, OH","2014-03","2017-01","23","4.000","true","2012-10","SS","FPIF","2015-BASE_PROCUREMENT-2015-AIRFORCE_AIRCRAFT_VOL2-PROCUREMENT_MasterJustificationBook_Air_Force_PB_2015.zzz_unzipped-PROCUREMENT_MasterJustificationBook_Air_Force_PB_2015.xml","8e9b86220f90ce455a14b686aeeb045957500e61279471fc35c4187b1270e5ed","0-273a20cd5a0abd302386aa3fb0460ae6c407fdd2e8e912def2b04235c9d7bdea","","","0-e1c6a87271c86b3376f55eff676cbcb2695a67aab843628eb27f5a470c68c95a","root.record.ItemExhibitList.P5Item.P10AdvanceProcurement.APCostElementCategoryList.EOQ.APCostElement"
"2014","WPAFB, OH","2014-03","2017-02","12","4.000","true","2012-10","SS","FPIF","2015-BASE_PROCUREMENT-2015-AIRFORCE_AIRCRAFT_VOL2-PROCUREMENT_MasterJustificationBook_Air_Force_PB_2015.zzz_unzipped-PROCUREMENT_MasterJustificationBook_Air_Force_PB_2015.xml","9d38bc75efdc1bb24fa15dd6fdcc79dd0ddabb23d16bb5fb0fb72b4ecbbd10cc","0-4f132978e51499ef9850d623014a4326eefdd3fe6d3c2d14da952dfed7bf7ea4","","","0-20f9bed2aef23f899aea796eb41ecfc465b3fe3141cadbe9ccb6a75c637d57fd","root.record.ItemExhibitList.P5Item.P10AdvanceProcurement.APCostElementCategoryList.EOQ.APCostElement"
"2014","WPAFB, OH","2014-03","2016-12","21","4.000","true","2012-10","SS","FPIF","2015-BASE_PROCUREMENT-2015-AIRFORCE_AIRCRAFT_VOL2-PROCUREMENT_MasterJustificationBook_Air_Force_PB_2015.zzz_unzipped-PROCUREMENT_MasterJustificationBook_Air_Force_PB_2015.xml","a97dfc5ffa5535857cd61c3c158de84a1441decc875ced08ad568ff95d020f85","0-d239fb13dcd16357670dab8f9b5d62ce01b9207431ba7bcb95da3ea845dbb899","","","0-24f390bb495d7b627120b818606f3c9dca56071d57eae51a5f689aee321eba97","root.record.ItemExhibitList.P5Item.P10AdvanceProcurement.APCostElementCategoryList.EOQ.APCostElement"
"2014","WPAFB, OH","2014-03","2017-01","23","4.000","true","2012-10","SS","FPIF","2015-AMENDED_PROCUREMENT_AND_RDTE-2015-AIRFORCE_AMMO-PROCUREMENT_JustificationBook_Air_Force_PBAmended_2015.zzz_unzipped-PROCUREMENT_JustificationBook_Air_Force_PBAmended_2015.xml","d27cefc2bb72e82de7748f7a1d1ff2a8ff7ad30cf7027a91e47ee29dad986610","0-1ce084b6aff3be37d31ba4823d123eaeb9f7326b5dbb38c5bb987ec46652eff4","","","0-34c8072c10e7fcfe88cd0069a7f8b8bcd9f12d33e881af947e2c8c0ca1c92106","root.record.ItemExhibitList.P5Item.P10AdvanceProcurement.APCostElementCategoryList.EOQ.APCostElement"
"2014","WPAFB, OH","2014-03","2017-01","23","4.000","true","2012-10","SS","FPIF","2015-AMENDED_PROCUREMENT_AND_RDTE-2015-AIRFORCE_AMMO-PROCUREMENT_MasterJustificationBook_Air_Force_PBAmended_2015.zzz_unzipped-PROCUREMENT_MasterJustificationBook_Air_Force_PBAmended_2015.xml","04277271467c34157fc353a716c1236673a9ef09c1f838c7ec2af5d1128b21cc","0-2cc33689698f6d593b87ddf79260a0038775b379c9e35dd52ac8cefde62cd70b","","","0-cf142bf0769b296d03759d6376eff30ff0b60b7d6c3b11d4d3c569ce40c9651e","root.record.ItemExhibitList.P5Item.P10AdvanceProcurement.APCostElementCategoryList.EOQ.APCostElement"
"2016","Dahlgren, VA","2016-02","2018-02","1.000","48.411","true","2015-10","SS","FP","2016-BASE_PROCUREMENT-2016-MDA-PROCUREMENT_JustificationBook_Missile_Defense_Agency_PB_2016.zzz_unzipped-PROCUREMENT_JustificationBook_Missile_Defense_Agency_PB_2016.xml","8fe681ed2a7b4397677aa6bf70676f250b32ded3546a6adb5424a1cf3206bbc3","0-251137ac2025015d38b2ed37d334ab96de9f2981c4cfe09d791808ff57701ab2","","","0-42389637d5bd431c5a92dd4355fce3053bcd7b8e326f3d168290bfa72be96e99","root.record.ItemExhibitList.P5Item.P10AdvanceProcurement.APCostElementCategoryList.EOQ.APCostElement"
"2016","Dahlgren, VA","2016-02","2019-02","1.000","38.307","true","2015-10","SS","FP","2016-BASE_PROCUREMENT-2016-MDA-PROCUREMENT_JustificationBook_Missile_Defense_Agency_PB_2016.zzz_unzipped-PROCUREMENT_JustificationBook_Missile_Defense_Agency_PB_2016.xml","8fe681ed2a7b4397677aa6bf70676f250b32ded3546a6adb5424a1cf3206bbc3","0-bd830c77fdc86716461dafb9ef924752e8c0f705ea16edf22094457891fa8d8b","","","1-146848d6f1eab482a353f7f6e8a22242139a3547545dd511fc09caa4bb232b0c","root.record.ItemExhibitList.P5Item.P10AdvanceProcurement.APCostElementCategoryList.EOQ.APCostElement"
"2016","Dahlgren, VA","2016-02","2018-02","1.000","61.047","true","2015-02","SS","FP","2016-BASE_PROCUREMENT-2016-MDA-PROCUREMENT_JustificationBook_Missile_Defense_Agency_PB_2016.zzz_unzipped-PROCUREMENT_JustificationBook_Missile_Defense_Agency_PB_2016.xml","8fe681ed2a7b4397677aa6bf70676f250b32ded3546a6adb5424a1cf3206bbc3","0-15cf1c81c3c3500e88fc77483a589b21cf89d3782831ce15312992d9f267a59b","","","5-80de173aae9599561080bbc3d62ce1cacb72a6fa5652732b0d0fcbfd83e4b45a","root.record.ItemExhibitList.P5Item.P10AdvanceProcurement.APCostElementCategoryList.EOQ.APCostElement"
"2016","Dahlgren, VA","2016-02","2018-02","1.000","48.411","true","2015-10","SS","FP","2016-BASE_PROCUREMENT-2016-MDA-PROCUREMENT_MasterJustificationBook_Missile_Defense_Agency_PB_2016.zzz_unzipped-PROCUREMENT_MasterJustificationBook_Missile_Defense_Agency_PB_2016.xml","b4f2202771c2bfc95fdafd93a11aada31a8b14c6b9c5880fd0d937560581322f","0-6d7165abc9d6366a4530d4e5c7789945e0ff60504d321b4a142c12ce4ab1aa7b","","","0-4786c0b7b01ddcf40acbdb8a4b44984e438bd5663034bb5088b054ee9cf752ac","root.record.ItemExhibitList.P5Item.P10AdvanceProcurement.APCostElementCategoryList.EOQ.APCostElement"
"2016","Dahlgren, VA","2016-02","2019-02","1.000","38.307","true","2015-10","SS","FP","2016-BASE_PROCUREMENT-2016-MDA-PROCUREMENT_MasterJustificationBook_Missile_Defense_Agency_PB_2016.zzz_unzipped-PROCUREMENT_MasterJustificationBook_Missile_Defense_Agency_PB_2016.xml","b4f2202771c2bfc95fdafd93a11aada31a8b14c6b9c5880fd0d937560581322f","0-d10d946b49534bcd6b547948907c3b3213b83b4040ac4c6708ab3bfe153a50a5","","","1-a6f747f4d6e5a3d728d97dc49c48744a07bf5c7d8c07ba8f80a2e7bad487e17d","root.record.ItemExhibitList.P5Item.P10AdvanceProcurement.APCostElementCategoryList.EOQ.APCostElement"
"2016","Dahlgren, VA","2016-02","2018-02","1.000","61.047","true","2015-02","SS","FP","2016-BASE_PROCUREMENT-2016-MDA-PROCUREMENT_MasterJustificationBook_Missile_Defense_Agency_PB_2016.zzz_unzipped-PROCUREMENT_MasterJustificationBook_Missile_Defense_Agency_PB_2016.xml","b4f2202771c2bfc95fdafd93a11aada31a8b14c6b9c5880fd0d937560581322f","0-775ed73da52b7ef7555cfff09ec65210d25139fdfbb4c85959b4b61f6410e562","","","5-34e114ef5f00e9ea4e465493e819348cfbf81e58732e7721a548d04bbaa6364a","root.record.ItemExhibitList.P5Item.P10AdvanceProcurement.APCostElementCategoryList.EOQ.APCostElement"
"2015","WPAFB, OH","2015-12","2016-12","14","0.000","true","2012-10","SS","FPIF","2017-BASE_PROCUREMENT-2017-AIRFORCE_AIRCRAFT_VOL1-U_PROCUREMENT_JustificationBook_Air_Force_PB_2017.zzz_unzipped-U_PROCUREMENT_JustificationBook_Air_Force_PB_2017.xml","317e5965462e9d7678fc4f02896e5cee9bbda817cad2e5ad9c2290b851dba197","0-a255a7f4c88da5d46c9c6180f5cd2bfe7b505fa71817223fcd87248a8f823da2","","","0-569b7de546fed8ad364ee400b42a8f937082f2eb8d1b237fe6b96db2f242bdf4","root.record.ItemExhibitList.P5Item.P10AdvanceProcurement.APCostElementCategoryList.EOQ.APCostElement"
"2016","WPAFB, OH","2016-03","2017-11","2","0.000","true","2012-10","SS","FPIF","2017-BASE_PROCUREMENT-2017-AIRFORCE_AIRCRAFT_VOL1-U_PROCUREMENT_JustificationBook_Air_Force_PB_2017.zzz_unzipped-U_PROCUREMENT_JustificationBook_Air_Force_PB_2017.xml","317e5965462e9d7678fc4f02896e5cee9bbda817cad2e5ad9c2290b851dba197","1-cb585d53ecb407e3b74d5b1483fc94e14cff8f06692345de99c3b22cc2aa350a","","","0-569b7de546fed8ad364ee400b42a8f937082f2eb8d1b237fe6b96db2f242bdf4","root.record.ItemExhibitList.P5Item.P10AdvanceProcurement.APCostElementCategoryList.EOQ.APCostElement"
"2017","WPAFB, OH","2016-12","2019-04","0","0.000","true","2012-10","SS","FPIF","2017-BASE_PROCUREMENT-2017-AIRFORCE_AIRCRAFT_VOL1-U_PROCUREMENT_JustificationBook_Air_Force_PB_2017.zzz_unzipped-U_PROCUREMENT_JustificationBook_Air_Force_PB_2017.xml","317e5965462e9d7678fc4f02896e5cee9bbda817cad2e5ad9c2290b851dba197","2-5f6f3e2aa6f6b2a0547918a04870622740835f12a398dd6d290b1e5a68badec8","","","0-569b7de546fed8ad364ee400b42a8f937082f2eb8d1b237fe6b96db2f242bdf4","root.record.ItemExhibitList.P5Item.P10AdvanceProcurement.APCostElementCategoryList.EOQ.APCostElement"
"2015","WPAFB, OH","2015-12","2016-12","8","0.000","true","2012-10","SS","FPIF","2017-BASE_PROCUREMENT-2017-AIRFORCE_AIRCRAFT_VOL1-U_PROCUREMENT_JustificationBook_Air_Force_PB_2017.zzz_unzipped-U_PROCUREMENT_JustificationBook_Air_Force_PB_2017.xml","dfceced65c92fa65682ab45ae434a30edc54231102355ccb2d0cccb8c70865c0","0-b68d0126f0f3eb29edef779882cd71125cfb76f6e55ac1f36365eadac06ac480","","","0-073cc230e04708b84c24fa9775599e073bf5414f658ff61521742e0bc844183f","root.record.ItemExhibitList.P5Item.P10AdvanceProcurement.APCostElementCategoryList.EOQ.APCostElement"
"2016","WPAFB, OH","2016-03","2017-12","6","0.000","true","2012-10","SS","FPIF","2017-BASE_PROCUREMENT-2017-AIRFORCE_AIRCRAFT_VOL1-U_PROCUREMENT_JustificationBook_Air_Force_PB_2017.zzz_unzipped-U_PROCUREMENT_JustificationBook_Air_Force_PB_2017.xml","dfceced65c92fa65682ab45ae434a30edc54231102355ccb2d0cccb8c70865c0","1-76422ab95d3d428f4c24d050a5dd540aa454449a85dd3aa0a8d8160535156c1f","","","0-073cc230e04708b84c24fa9775599e073bf5414f658ff61521742e0bc844183f","root.record.ItemExhibitList.P5Item.P10AdvanceProcurement.APCostElementCategoryList.EOQ.APCostElement"
"2017","WPAFB, OH","2016-12","2019-01","0","0.000","true","2012-10","SS","FPIF","2017-BASE_PROCUREMENT-2017-AIRFORCE_AIRCRAFT_VOL1-U_PROCUREMENT_JustificationBook_Air_Force_PB_2017.zzz_unzipped-U_PROCUREMENT_JustificationBook_Air_Force_PB_2017.xml","dfceced65c92fa65682ab45ae434a30edc54231102355ccb2d0cccb8c70865c0","2-31ade4a34794722323ef03e7d7776738471e91509b4c2ef73e69cac6a3ef31cd","","","0-073cc230e04708b84c24fa9775599e073bf5414f658ff61521742e0bc844183f","root.record.ItemExhibitList.P5Item.P10AdvanceProcurement.APCostElementCategoryList.EOQ.APCostElement"
"2015","WPAFB, OH","2015-12","2016-12","14","0.000","true","2012-10","SS","FPIF","2017-BASE_PROCUREMENT-2017-AIRFORCE_AIRCRAFT_VOL1-U_PROCUREMENT_MasterJustificationBook_Air_Force_PB_2017.zzz_unzipped-U_PROCUREMENT_MasterJustificationBook_Air_Force_PB_2017.xml","1e24abaeefbb873f569d9b38ff04ead3b13c188ded0a995438fc26ef309c4d70","0-4038b28a1bb4d2974d190ef07e616a46db959748f129d5db3e07caf8db69fa35","","","0-eb7e6841d23dbc2da5aa196214758ae6db4418fc2ca494e32e86a34ae5ef9e4a","root.record.ItemExhibitList.P5Item.P10AdvanceProcurement.APCostElementCategoryList.EOQ.APCostElement"
"2016","WPAFB, OH","2016-03","2017-11","2","0.000","true","2012-10","SS","FPIF","2017-BASE_PROCUREMENT-2017-AIRFORCE_AIRCRAFT_VOL1-U_PROCUREMENT_MasterJustificationBook_Air_Force_PB_2017.zzz_unzipped-U_PROCUREMENT_MasterJustificationBook_Air_Force_PB_2017.xml","1e24abaeefbb873f569d9b38ff04ead3b13c188ded0a995438fc26ef309c4d70","1-38f928811f2c68280f3a2847f3ae961a8282013184d0bea3be51846a25392261","","","0-eb7e6841d23dbc2da5aa196214758ae6db4418fc2ca494e32e86a34ae5ef9e4a","root.record.ItemExhibitList.P5Item.P10AdvanceProcurement.APCostElementCategoryList.EOQ.APCostElement"
"2017","WPAFB, OH","2016-12","2019-04","0","0.000","true","2012-10","SS","FPIF","2017-BASE_PROCUREMENT-2017-AIRFORCE_AIRCRAFT_VOL1-U_PROCUREMENT_MasterJustificationBook_Air_Force_PB_2017.zzz_unzipped-U_PROCUREMENT_MasterJustificationBook_Air_Force_PB_2017.xml","1e24abaeefbb873f569d9b38ff04ead3b13c188ded0a995438fc26ef309c4d70","2-bcbae499b12d6b785a7c86d3fd50a326109d3a76ec669042f7f06966d7206612","","","0-eb7e6841d23dbc2da5aa196214758ae6db4418fc2ca494e32e86a34ae5ef9e4a","root.record.ItemExhibitList.P5Item.P10AdvanceProcurement.APCostElementCategoryList.EOQ.APCostElement"
"2015","WPAFB, OH","2015-12","2016-12","8","0.000","true","2012-10","SS","FPIF","2017-BASE_PROCUREMENT-2017-AIRFORCE_AIRCRAFT_VOL1-U_PROCUREMENT_MasterJustificationBook_Air_Force_PB_2017.zzz_unzipped-U_PROCUREMENT_MasterJustificationBook_Air_Force_PB_2017.xml","f8d8f61e907a74fdbcc61c2f963800089af997881e4e9977e7629b29e606e7f9","0-d366b9e5bb9d91515f4b01ca3919e603e7a6046971ddb023bcea3108a143e832","","","0-8a4f89a6e6c34b5f40ce440d7eb609747a16dc7af6b66f979ad81f190f52a597","root.record.ItemExhibitList.P5Item.P10AdvanceProcurement.APCostElementCategoryList.EOQ.APCostElement"
"2016","WPAFB, OH","2016-03","2017-12","6","0.000","true","2012-10","SS","FPIF","2017-BASE_PROCUREMENT-2017-AIRFORCE_AIRCRAFT_VOL1-U_PROCUREMENT_MasterJustificationBook_Air_Force_PB_2017.zzz_unzipped-U_PROCUREMENT_MasterJustificationBook_Air_Force_PB_2017.xml","f8d8f61e907a74fdbcc61c2f963800089af997881e4e9977e7629b29e606e7f9","1-109a2f261e86082ce75133502607dd8e77f2fde87a7966d1546b464278396cde","","","0-8a4f89a6e6c34b5f40ce440d7eb609747a16dc7af6b66f979ad81f190f52a597","root.record.ItemExhibitList.P5Item.P10AdvanceProcurement.APCostElementCategoryList.EOQ.APCostElement"
"2017","WPAFB, OH","2016-12","2019-01","0","0.000","true","2012-10","SS","FPIF","2017-BASE_PROCUREMENT-2017-AIRFORCE_AIRCRAFT_VOL1-U_PROCUREMENT_MasterJustificationBook_Air_Force_PB_2017.zzz_unzipped-U_PROCUREMENT_MasterJustificationBook_Air_Force_PB_2017.xml","f8d8f61e907a74fdbcc61c2f963800089af997881e4e9977e7629b29e606e7f9","2-1ea9e67bbfe1d9fb2a53589d40a59ef1886fee9a26707d34dfcd719a2e541da5","","","0-8a4f89a6e6c34b5f40ce440d7eb609747a16dc7af6b66f979ad81f190f52a597","root.record.ItemExhibitList.P5Item.P10AdvanceProcurement.APCostElementCategoryList.EOQ.APCostElement"
"2015","WPAFB, OH","2015-12","2016-12","14","0.000","true","2012-10","SS","FPIF","2017-BASE_PROCUREMENT-2017-AIRFORCE_AIRCRAFT_VOL2-U_PROCUREMENT_MasterJustificationBook_Air_Force_PB_2017.zzz_unzipped-U_PROCUREMENT_MasterJustificationBook_Air_Force_PB_2017.xml","e69e07728276534fdfa55b2844b939d33d50eb19a45e7ddc2b78cbe832e14bba","0-f494aecc29e6945fb2f75d5cffc9675bf0d7e91648b35d404eb4bef541236946","","","0-062221797d67f8a7f20f5e8ce83bf9e85130f19f13dbff1ab7e74d56cba2b3a0","root.record.ItemExhibitList.P5Item.P10AdvanceProcurement.APCostElementCategoryList.EOQ.APCostElement"
"2016","WPAFB, OH","2016-03","2017-11","2","0.000","true","2012-10","SS","FPIF","2017-BASE_PROCUREMENT-2017-AIRFORCE_AIRCRAFT_VOL2-U_PROCUREMENT_MasterJustificationBook_Air_Force_PB_2017.zzz_unzipped-U_PROCUREMENT_MasterJustificationBook_Air_Force_PB_2017.xml","e69e07728276534fdfa55b2844b939d33d50eb19a45e7ddc2b78cbe832e14bba","1-6baa064d8853b4678fd6e869ad484fc90accf18af01242b2b4b49436d7565ae7","","","0-062221797d67f8a7f20f5e8ce83bf9e85130f19f13dbff1ab7e74d56cba2b3a0","root.record.ItemExhibitList.P5Item.P10AdvanceProcurement.APCostElementCategoryList.EOQ.APCostElement"
"2017","WPAFB, OH","2016-12","2019-04","0","0.000","true","2012-10","SS","FPIF","2017-BASE_PROCUREMENT-2017-AIRFORCE_AIRCRAFT_VOL2-U_PROCUREMENT_MasterJustificationBook_Air_Force_PB_2017.zzz_unzipped-U_PROCUREMENT_MasterJustificationBook_Air_Force_PB_2017.xml","e69e07728276534fdfa55b2844b939d33d50eb19a45e7ddc2b78cbe832e14bba","2-4c943a36fea16d1e07937de61db3af21327349a80129a5f3873262c10f8a4fb5","","","0-062221797d67f8a7f20f5e8ce83bf9e85130f19f13dbff1ab7e74d56cba2b3a0","root.record.ItemExhibitList.P5Item.P10AdvanceProcurement.APCostElementCategoryList.EOQ.APCostElement"
"2015","WPAFB, OH","2015-12","2016-12","8","0.000","true","2012-10","SS","FPIF","2017-BASE_PROCUREMENT-2017-AIRFORCE_AIRCRAFT_VOL2-U_PROCUREMENT_MasterJustificationBook_Air_Force_PB_2017.zzz_unzipped-U_PROCUREMENT_MasterJustificationBook_Air_Force_PB_2017.xml","0dd91f4446d3575886727ff6a8249093ad91205b21e77ef7cfe082bffa942faf","0-7f492d42de6f04ddf49f5ebed45513443316444d73dc042dcf00abc9aacf9d8c","","","0-e084207aa87a04b3f3f503b3b5fd5fe482321f2c3d73711ff31ea382f33c638a","root.record.ItemExhibitList.P5Item.P10AdvanceProcurement.APCostElementCategoryList.EOQ.APCostElement"
"2016","WPAFB, OH","2016-03","2017-12","6","0.000","true","2012-10","SS","FPIF","2017-BASE_PROCUREMENT-2017-AIRFORCE_AIRCRAFT_VOL2-U_PROCUREMENT_MasterJustificationBook_Air_Force_PB_2017.zzz_unzipped-U_PROCUREMENT_MasterJustificationBook_Air_Force_PB_2017.xml","0dd91f4446d3575886727ff6a8249093ad91205b21e77ef7cfe082bffa942faf","1-f70daeb2195143546d8e85d6211cde5165e8995f110971450c257e7c61025087","","","0-e084207aa87a04b3f3f503b3b5fd5fe482321f2c3d73711ff31ea382f33c638a","root.record.ItemExhibitList.P5Item.P10AdvanceProcurement.APCostElementCategoryList.EOQ.APCostElement"
"2017","WPAFB, OH","2016-12","2019-01","0","0.000","true","2012-10","SS","FPIF","2017-BASE_PROCUREMENT-2017-AIRFORCE_AIRCRAFT_VOL2-U_PROCUREMENT_MasterJustificationBook_Air_Force_PB_2017.zzz_unzipped-U_PROCUREMENT_MasterJustificationBook_Air_Force_PB_2017.xml","0dd91f4446d3575886727ff6a8249093ad91205b21e77ef7cfe082bffa942faf","2-aa2c69c4c6ea0100e50fe247e12c36aad5640eff66234c2ed127c2574855048e","","","0-e084207aa87a04b3f3f503b3b5fd5fe482321f2c3d73711ff31ea382f33c638a","root.record.ItemExhibitList.P5Item.P10AdvanceProcurement.APCostElementCategoryList.EOQ.APCostElement"
"2018","TBD","2018-01","2018-01","0","0.000","true","","","","2018-BASE_PROCUREMENT-2018-AIRFORCE_AIRCRAFT_VOL1-U_PROCUREMENT_JustificationBook_Air_Force_PB_2018.zzz_unzipped-U_PROCUREMENT_JustificationBook_Air_Force_PB_2018.xml","3013d2c99ef7883e19c7b93224fdff50f8c7263434425601604d25632bc020a5","0-6661bca3b506f49f6f25b5d2b9033e790c643207e3854b3bc4db06cfdc843030","2017-12","TBD","0-c0bb44bd1d6e68eb5235d14fe2778492ca78669b53c45f76f2652d039963e4f0","root.record.ItemExhibitList.P5Item.P10AdvanceProcurement.APCostElementCategoryList.EOQ.APCostElement"
"2016","WPAFB, OH","2016-03","2018-10","3","0.000","true","2012-10","SS","FPIF","2018-BASE_PROCUREMENT-2018-AIRFORCE_AIRCRAFT_VOL1-U_PROCUREMENT_JustificationBook_Air_Force_PB_2018.zzz_unzipped-U_PROCUREMENT_JustificationBook_Air_Force_PB_2018.xml","1064caa6aad62d617f267eeab8b71ff24316efc723669cb41e40e5531ed97467","0-bd5ae0d3a7e6e7e565a7e60eaad5aa4bc6dde16abe5278451e42d1169e8f8b38","","","0-3a79c9321870ea43c4fc89db59938b066ebb0c3f9ea81473d5bf53d90235ae3b","root.record.ItemExhibitList.P5Item.P10AdvanceProcurement.APCostElementCategoryList.EOQ.APCostElement"
"2017","WPAFB, OH","2016-12","2019-07","2","0.000","true","2012-10","SS","FPIF","2018-BASE_PROCUREMENT-2018-AIRFORCE_AIRCRAFT_VOL1-U_PROCUREMENT_JustificationBook_Air_Force_PB_2018.zzz_unzipped-U_PROCUREMENT_JustificationBook_Air_Force_PB_2018.xml","1064caa6aad62d617f267eeab8b71ff24316efc723669cb41e40e5531ed97467","1-1320a925af302765b10725ca577c6f52f6b98443d5bffc9df7e9ca7fd7cc6986","","","0-3a79c9321870ea43c4fc89db59938b066ebb0c3f9ea81473d5bf53d90235ae3b","root.record.ItemExhibitList.P5Item.P10AdvanceProcurement.APCostElementCategoryList.EOQ.APCostElement"
"2018","WPAFB, OH","2017-12","2020-12","0","0.000","true","2016-03","SS","FPIF","2018-BASE_PROCUREMENT-2018-AIRFORCE_AIRCRAFT_VOL1-U_PROCUREMENT_JustificationBook_Air_Force_PB_2018.zzz_unzipped-U_PROCUREMENT_JustificationBook_Air_Force_PB_2018.xml","1064caa6aad62d617f267eeab8b71ff24316efc723669cb41e40e5531ed97467","2-8282f35684c09d0d4cf3080a2884f6d48c10b0f8d7337fcbbbc243e5befe8112","","","0-3a79c9321870ea43c4fc89db59938b066ebb0c3f9ea81473d5bf53d90235ae3b","root.record.ItemExhibitList.P5Item.P10AdvanceProcurement.APCostElementCategoryList.EOQ.APCostElement"
"2016","WPAFB, OH","2016-03","2017-11","10","0.000","true","2012-10","SS","FPIF","2018-BASE_PROCUREMENT-2018-AIRFORCE_AIRCRAFT_VOL1-U_PROCUREMENT_JustificationBook_Air_Force_PB_2018.zzz_unzipped-U_PROCUREMENT_JustificationBook_Air_Force_PB_2018.xml","5282f14dc345aeb069c9862d0a8e6f568c12f7a22a00e4757ffea9e6ec73b23d","0-5af6ed6297df7b7f0272a2cc8e0f79f2c5f5691945adf53c1b87ab1b3c4b297f","","","0-b59c781ec50db657ac5d6020ee318c0862866fdf31da519e58698b6b8d7d6459","root.record.ItemExhibitList.P5Item.P10AdvanceProcurement.APCostElementCategoryList.EOQ.APCostElement"
"2017","WPAFB, OH","2016-12","2019-04","5","0.000","true","2012-10","SS","FPIF","2018-BASE_PROCUREMENT-2018-AIRFORCE_AIRCRAFT_VOL1-U_PROCUREMENT_JustificationBook_Air_Force_PB_2018.zzz_unzipped-U_PROCUREMENT_JustificationBook_Air_Force_PB_2018.xml","5282f14dc345aeb069c9862d0a8e6f568c12f7a22a00e4757ffea9e6ec73b23d","1-d7bef589f30da04420174a9c7264b8873329f6310c421541481c7102ec13dbbc","","","0-b59c781ec50db657ac5d6020ee318c0862866fdf31da519e58698b6b8d7d6459","root.record.ItemExhibitList.P5Item.P10AdvanceProcurement.APCostElementCategoryList.EOQ.APCostElement"
"2018","WPAFB, OH","2017-12","2019-09","0","0.000","true","2012-10","SS","FPIF","2018-BASE_PROCUREMENT-2018-AIRFORCE_AIRCRAFT_VOL1-U_PROCUREMENT_JustificationBook_Air_Force_PB_2018.zzz_unzipped-U_PROCUREMENT_JustificationBook_Air_Force_PB_2018.xml","5282f14dc345aeb069c9862d0a8e6f568c12f7a22a00e4757ffea9e6ec73b23d","2-91da1b0721240aa19fa383dbc21ef439d5ea46871e1ebff1a4b7fbd9c1a689ad","","","0-b59c781ec50db657ac5d6020ee318c0862866fdf31da519e58698b6b8d7d6459","root.record.ItemExhibitList.P5Item.P10AdvanceProcurement.APCostElementCategoryList.EOQ.APCostElement"
"2018","TBD","2018-01","2018-01","0","0.000","true","","","","2018-BASE_PROCUREMENT-2018-AIRFORCE_AIRCRAFT_VOL2-U_PROCUREMENT_MasterJustificationBook_Air_Force_PB_2018.zzz_unzipped-U_PROCUREMENT_MasterJustificationBook_Air_Force_PB_2018.xml","f11abe99c918ba00d36c7bd6b850c69903d0cf64dd50e793b748479423a9a87c","0-964ba90dbf1793e2eadbdf49198572f69d6e5b1311d4faf141215c3cae65745e","2017-12","TBD","0-8937ecb6b9de4e0394ed109ea1a77fb276e720df03c5c351eb2097f150f43626","root.record.ItemExhibitList.P5Item.P10AdvanceProcurement.APCostElementCategoryList.EOQ.APCostElement"
"2016","WPAFB, OH","2016-03","2018-10","3","0.000","true","2012-10","SS","FPIF","2018-BASE_PROCUREMENT-2018-AIRFORCE_AIRCRAFT_VOL2-U_PROCUREMENT_MasterJustificationBook_Air_Force_PB_2018.zzz_unzipped-U_PROCUREMENT_MasterJustificationBook_Air_Force_PB_2018.xml","52d3e8eceb99048e70461d8badb057e5f9170779e5b578ac08b8b3a06143352f","0-777f5994ac524f6267efceb00a56c4ca37348cdaa3736652e89207c9bfa61670","","","0-5195947b2452257711889066de5b23450298521ca69076ee7fffdc1de5cf38cf","root.record.ItemExhibitList.P5Item.P10AdvanceProcurement.APCostElementCategoryList.EOQ.APCostElement"
"2017","WPAFB, OH","2016-12","2019-07","2","0.000","true","2012-10","SS","FPIF","2018-BASE_PROCUREMENT-2018-AIRFORCE_AIRCRAFT_VOL2-U_PROCUREMENT_MasterJustificationBook_Air_Force_PB_2018.zzz_unzipped-U_PROCUREMENT_MasterJustificationBook_Air_Force_PB_2018.xml","52d3e8eceb99048e70461d8badb057e5f9170779e5b578ac08b8b3a06143352f","1-3bc646ad7d36c451655ae2b2b409fb4f7f483dc4d65a021646820e1304ad7868","","","0-5195947b2452257711889066de5b23450298521ca69076ee7fffdc1de5cf38cf","root.record.ItemExhibitList.P5Item.P10AdvanceProcurement.APCostElementCategoryList.EOQ.APCostElement"
"2018","WPAFB, OH","2017-12","2020-12","0","0.000","true","2016-03","SS","FPIF","2018-BASE_PROCUREMENT-2018-AIRFORCE_AIRCRAFT_VOL2-U_PROCUREMENT_MasterJustificationBook_Air_Force_PB_2018.zzz_unzipped-U_PROCUREMENT_MasterJustificationBook_Air_Force_PB_2018.xml","52d3e8eceb99048e70461d8badb057e5f9170779e5b578ac08b8b3a06143352f","2-fbb6c4c56674ac402fdb5002df92217072fa56beb25f1293c7d752f83ce117f1","","","0-5195947b2452257711889066de5b23450298521ca69076ee7fffdc1de5cf38cf","root.record.ItemExhibitList.P5Item.P10AdvanceProcurement.APCostElementCategoryList.EOQ.APCostElement"
"2016","WPAFB, OH","2016-03","2017-11","10","0.000","true","2012-10","SS","FPIF","2018-BASE_PROCUREMENT-2018-AIRFORCE_AIRCRAFT_VOL2-U_PROCUREMENT_MasterJustificationBook_Air_Force_PB_2018.zzz_unzipped-U_PROCUREMENT_MasterJustificationBook_Air_Force_PB_2018.xml","3a9accd390ed2b4c0db815f8762265e56f4da2f42dfd3f6bf46e7026cfaa4062","0-7e285dfe2f96680dfbbdd2cbc5a68f1b1d0736685fe195fe4c32f42425ab7c48","","","0-daa5268c4e6d975c1e27eee555c675338653618fc3bbd4fb9a33dcd6475a9b2d","root.record.ItemExhibitList.P5Item.P10AdvanceProcurement.APCostElementCategoryList.EOQ.APCostElement"
"2017","WPAFB, OH","2016-12","2019-04","5","0.000","true","2012-10","SS","FPIF","2018-BASE_PROCUREMENT-2018-AIRFORCE_AIRCRAFT_VOL2-U_PROCUREMENT_MasterJustificationBook_Air_Force_PB_2018.zzz_unzipped-U_PROCUREMENT_MasterJustificationBook_Air_Force_PB_2018.xml","3a9accd390ed2b4c0db815f8762265e56f4da2f42dfd3f6bf46e7026cfaa4062","1-f79e8dbe88a22fb8fefd7e5c304473454eb3df4ceff63d8d1e09be432f839e95","","","0-daa5268c4e6d975c1e27eee555c675338653618fc3bbd4fb9a33dcd6475a9b2d","root.record.ItemExhibitList.P5Item.P10AdvanceProcurement.APCostElementCategoryList.EOQ.APCostElement"
"2018","WPAFB, OH","2017-12","2019-09","0","0.000","true","2012-10","SS","FPIF","2018-BASE_PROCUREMENT-2018-AIRFORCE_AIRCRAFT_VOL2-U_PROCUREMENT_MasterJustificationBook_Air_Force_PB_2018.zzz_unzipped-U_PROCUREMENT_MasterJustificationBook_Air_Force_PB_2018.xml","3a9accd390ed2b4c0db815f8762265e56f4da2f42dfd3f6bf46e7026cfaa4062","2-e84a6ff1b0fdc2ceb4538e7a5c5bd1206b0dbe0777ad11354b0d63bcce0dff89","","","0-daa5268c4e6d975c1e27eee555c675338653618fc3bbd4fb9a33dcd6475a9b2d","root.record.ItemExhibitList.P5Item.P10AdvanceProcurement.APCostElementCategoryList.EOQ.APCostElement"
"2017","WPAFB, OH","2016-12","2019-08","2","0.000","true","2012-10","SS","FPIF","2019-BASE_PROCUREMENT-2019-AIRFORCE_AIRCRAFT_VOL1-U_PROCUREMENT_JustificationBook_Air_Force_PB_2019.zzz_unzipped-U_PROCUREMENT_JustificationBook_Air_Force_PB_2019.xml","e0673cb2550f564aa6d42ffc7db17b338b0ea30ff6cefba724dc2156b2ca7f51","0-08e25360449134fa97f76741c06c1075230c6d611f0d77fb899da4aa19f4b1b9","","","0-ebca539a14bd3aebb911e13a1b52dac597266db5917ec1d7199965e529a95a1a","root.record.ItemExhibitList.P5Item.P10AdvanceProcurement.APCostElementCategoryList.EOQ.APCostElement"
"2018","WPAFB, OH","2018-08","2021-04","1","0.000","true","2016-03","SS","FPIF","2019-BASE_PROCUREMENT-2019-AIRFORCE_AIRCRAFT_VOL1-U_PROCUREMENT_JustificationBook_Air_Force_PB_2019.zzz_unzipped-U_PROCUREMENT_JustificationBook_Air_Force_PB_2019.xml","e0673cb2550f564aa6d42ffc7db17b338b0ea30ff6cefba724dc2156b2ca7f51","1-aa993f6fd156e0506502e48060615cc33b3795a37be5b7b00e48bfda3fc09bf9","","","0-ebca539a14bd3aebb911e13a1b52dac597266db5917ec1d7199965e529a95a1a","root.record.ItemExhibitList.P5Item.P10AdvanceProcurement.APCostElementCategoryList.EOQ.APCostElement"
"2019","WPAFB, OH","2019-09","2022-03","0","0.000","true","2018-03","SS","FPIF","2019-BASE_PROCUREMENT-2019-AIRFORCE_AIRCRAFT_VOL1-U_PROCUREMENT_JustificationBook_Air_Force_PB_2019.zzz_unzipped-U_PROCUREMENT_JustificationBook_Air_Force_PB_2019.xml","e0673cb2550f564aa6d42ffc7db17b338b0ea30ff6cefba724dc2156b2ca7f51","2-71f264ed99d5f70feb5f5dfbcbebeb92435a0c506f8fc785570268e8860575bc","","","0-ebca539a14bd3aebb911e13a1b52dac597266db5917ec1d7199965e529a95a1a","root.record.ItemExhibitList.P5Item.P10AdvanceProcurement.APCostElementCategoryList.EOQ.APCostElement"
"2017","WPAFB, OH","2016-12","2019-04","5","0.000","true","2012-10","SS","FPIF","2019-BASE_PROCUREMENT-2019-AIRFORCE_AIRCRAFT_VOL1-U_PROCUREMENT_JustificationBook_Air_Force_PB_2019.zzz_unzipped-U_PROCUREMENT_JustificationBook_Air_Force_PB_2019.xml","48d362fea8109f02805de255b38f14c8d3354fa434f24d725ad243831a52ca04","0-260a369f972ca05f6f6d0d4c13aa1a63877a8d6ec261f46005607608f502327c","","","0-d64b1e05643a4b413b31bd27e8cce2e52bd885fe322234875d2b7092a4d40c83","root.record.ItemExhibitList.P5Item.P10AdvanceProcurement.APCostElementCategoryList.EOQ.APCostElement"
"2018","WPAFB, OH","2017-12","2019-10","6","0.000","true","2012-10","SS","FPIF","2019-BASE_PROCUREMENT-2019-AIRFORCE_AIRCRAFT_VOL1-U_PROCUREMENT_JustificationBook_Air_Force_PB_2019.zzz_unzipped-U_PROCUREMENT_JustificationBook_Air_Force_PB_2019.xml","48d362fea8109f02805de255b38f14c8d3354fa434f24d725ad243831a52ca04","1-e00a82f2ebca699d2cb5d40cd61cc83d551633f34ab6776b67a72fb93ebe663c","","","0-d64b1e05643a4b413b31bd27e8cce2e52bd885fe322234875d2b7092a4d40c83","root.record.ItemExhibitList.P5Item.P10AdvanceProcurement.APCostElementCategoryList.EOQ.APCostElement"
"2019","WPAFB, OH","2018-12","2021-10","22","4.000","true","2018-03","SS","FPIF","2019-BASE_PROCUREMENT-2019-AIRFORCE_AIRCRAFT_VOL1-U_PROCUREMENT_JustificationBook_Air_Force_PB_2019.zzz_unzipped-U_PROCUREMENT_JustificationBook_Air_Force_PB_2019.xml","48d362fea8109f02805de255b38f14c8d3354fa434f24d725ad243831a52ca04","2-63ad180c03c5e8b8dcc5e4defbf95fe5abe1ad16413399fc5d975c93fac33c6f","","","0-d64b1e05643a4b413b31bd27e8cce2e52bd885fe322234875d2b7092a4d40c83","root.record.ItemExhibitList.P5Item.P10AdvanceProcurement.APCostElementCategoryList.EOQ.APCostElement"
"2017","WPAFB, OH","2016-12","2019-08","2","0.000","true","2012-10","SS","FPIF","2019-BASE_PROCUREMENT-2019-AIRFORCE_AIRCRAFT_VOL2-U_PROCUREMENT_MasterJustificationBook_Air_Force_PB_2019.zzz_unzipped-U_PROCUREMENT_MasterJustificationBook_Air_Force_PB_2019.xml","4ea7dbeed17529286c356893bd67d91b274d260621fb5a5444bb33e07128c318","0-e4f209fcaa8894088bc0a18c5eb56d7d18f60ff89e9c2f8660365d16e845ddc0","","","0-b85de994ad7432fb485ca999dbf5b29f3524b1725e3ad784eeeedc8817611a1d","root.record.ItemExhibitList.P5Item.P10AdvanceProcurement.APCostElementCategoryList.EOQ.APCostElement"
"2018","WPAFB, OH","2018-08","2021-04","1","0.000","true","2016-03","SS","FPIF","2019-BASE_PROCUREMENT-2019-AIRFORCE_AIRCRAFT_VOL2-U_PROCUREMENT_MasterJustificationBook_Air_Force_PB_2019.zzz_unzipped-U_PROCUREMENT_MasterJustificationBook_Air_Force_PB_2019.xml","4ea7dbeed17529286c356893bd67d91b274d260621fb5a5444bb33e07128c318","1-b543c61427ae45425f45fc34d4b45d7d311f4235e3174093a292c0e25ce6263b","","","0-b85de994ad7432fb485ca999dbf5b29f3524b1725e3ad784eeeedc8817611a1d","root.record.ItemExhibitList.P5Item.P10AdvanceProcurement.APCostElementCategoryList.EOQ.APCostElement"
"2019","WPAFB, OH","2019-09","2022-03","0","0.000","true","2018-03","SS","FPIF","2019-BASE_PROCUREMENT-2019-AIRFORCE_AIRCRAFT_VOL2-U_PROCUREMENT_MasterJustificationBook_Air_Force_PB_2019.zzz_unzipped-U_PROCUREMENT_MasterJustificationBook_Air_Force_PB_2019.xml","4ea7dbeed17529286c356893bd67d91b274d260621fb5a5444bb33e07128c318","2-58659e760e68f0dca31432ddfee159e7b035a2399e62b52bd840db635bf127d5","","","0-b85de994ad7432fb485ca999dbf5b29f3524b1725e3ad784eeeedc8817611a1d","root.record.ItemExhibitList.P5Item.P10AdvanceProcurement.APCostElementCategoryList.EOQ.APCostElement"
"2017","WPAFB, OH","2016-12","2019-04","5","0.000","true","2012-10","SS","FPIF","2019-BASE_PROCUREMENT-2019-AIRFORCE_AIRCRAFT_VOL2-U_PROCUREMENT_MasterJustificationBook_Air_Force_PB_2019.zzz_unzipped-U_PROCUREMENT_MasterJustificationBook_Air_Force_PB_2019.xml","25050f3609f71c4e582f0bda0141fc2b15087f0de79e5b8d4a91232f00b6bcb3","0-ae5989d43778b6f1aa8e5acb73f31d409b22b00e59a5312949a3e3827252f61a","","","0-00db864f5742a770c3bb0f2499435471ffcaee322599f0cbd273055576448b03","root.record.ItemExhibitList.P5Item.P10AdvanceProcurement.APCostElementCategoryList.EOQ.APCostElement"
"2018","WPAFB, OH","2017-12","2019-10","6","0.000","true","2012-10","SS","FPIF","2019-BASE_PROCUREMENT-2019-AIRFORCE_AIRCRAFT_VOL2-U_PROCUREMENT_MasterJustificationBook_Air_Force_PB_2019.zzz_unzipped-U_PROCUREMENT_MasterJustificationBook_Air_Force_PB_2019.xml","25050f3609f71c4e582f0bda0141fc2b15087f0de79e5b8d4a91232f00b6bcb3","1-bc1b3f5567d0dae2a3d7399b3b1c6a48d3e3b0bfb80f50047886e4780f45fed9","","","0-00db864f5742a770c3bb0f2499435471ffcaee322599f0cbd273055576448b03","root.record.ItemExhibitList.P5Item.P10AdvanceProcurement.APCostElementCategoryList.EOQ.APCostElement"
"2019","WPAFB, OH","2018-12","2021-10","22","4.000","true","2018-03","SS","FPIF","2019-BASE_PROCUREMENT-2019-AIRFORCE_AIRCRAFT_VOL2-U_PROCUREMENT_MasterJustificationBook_Air_Force_PB_2019.zzz_unzipped-U_PROCUREMENT_MasterJustificationBook_Air_Force_PB_2019.xml","25050f3609f71c4e582f0bda0141fc2b15087f0de79e5b8d4a91232f00b6bcb3","2-f828719309234f96bc908a785c8eaeb5209c694d6e014fd1528a0af4fb135b1f","","","0-00db864f5742a770c3bb0f2499435471ffcaee322599f0cbd273055576448b03","root.record.ItemExhibitList.P5Item.P10AdvanceProcurement.APCostElementCategoryList.EOQ.APCostElement"
