Name_val,Cost_Quantity_BudgetYearThree_val,Cost_Quantity_BudgetYearFour_val,Cost_Quantity_BudgetYearTwo_val,Cost_TotalCost_BudgetYearThree_val,Cost_TotalCost_BudgetYearFour_val,Cost_TotalCost_BudgetYearTwo_val,@SOURCE_FILENAME,@RECORDID,@ROWID,@PARENTROWID,@PARENT
"Air Force Active","33","","","5.25","","","2015-BASE_PROCUREMENT-2015-AIRFORCE_AIRCRAFT_VOL2-PROCUREMENT_JustificationBook_Air_Force_PB_2015.zzz_unzipped-PROCUREMENT_JustificationBook_Air_Force_PB_2015.xml","2c3a42ac96c574f3a05d311e38d1fd39e76b2eaa077eed338c2b56579168a566","0-a69f8b5b52ece2bdfbf9f4dd5d3c7ec4ecc6f4c54e086641266a916a0c39edb7","0-1c136f8b4edf49664b9350ec2cb2bb8d9c6863df503c718df02355738a5b129c","root.record.ItemExhibitList.P3AModificationItemGroup.ModificationItemList.ModificationItem.Installation.ImplementationMethodList.ImplementationMethod"
"Air Force Active","52","","","1.37","","","2015-BASE_PROCUREMENT-2015-AIRFORCE_AIRCRAFT_VOL2-PROCUREMENT_JustificationBook_Air_Force_PB_2015.zzz_unzipped-PROCUREMENT_JustificationBook_Air_Force_PB_2015.xml","2c3a42ac96c574f3a05d311e38d1fd39e76b2eaa077eed338c2b56579168a566","0-7f3586ec17f0b5e59ea5d7a607fa6888bce9324b00c78a1e90c3acddc1490a18","0-c69b6624e4345a814effb816e8505b53298b0b75b77552461ad440651882de01","root.record.ItemExhibitList.P3AModificationItemGroup.ModificationItemList.ModificationItem.Installation.ImplementationMethodList.ImplementationMethod"
"Air Force Active","54","","","0.000","","","2015-BASE_PROCUREMENT-2015-AIRFORCE_AIRCRAFT_VOL2-PROCUREMENT_JustificationBook_Air_Force_PB_2015.zzz_unzipped-PROCUREMENT_JustificationBook_Air_Force_PB_2015.xml","2c3a42ac96c574f3a05d311e38d1fd39e76b2eaa077eed338c2b56579168a566","0-bb5826b9de35c0cf2aaa37c7e8273e432a3fec485fad6af05cfe9b8d30729272","0-8e9193f67129822f395ea41cc247b7418b94e26ed88c9651728ae92a1bb647e6","root.record.ItemExhibitList.P3AModificationItemGroup.ModificationItemList.ModificationItem.Installation.ImplementationMethodList.ImplementationMethod"
"Air Force Active","","4","","","13.65","","2015-BASE_PROCUREMENT-2015-AIRFORCE_AIRCRAFT_VOL2-PROCUREMENT_JustificationBook_Air_Force_PB_2015.zzz_unzipped-PROCUREMENT_JustificationBook_Air_Force_PB_2015.xml","2c3a42ac96c574f3a05d311e38d1fd39e76b2eaa077eed338c2b56579168a566","0-3ebebf637e2ba802a3cae35535f898b028be9fd3d8c53ffdb6643cfb1a6dd7e0","0-37404011141377ac372b8789d18aff27351b08f28e4bf019a4d0ded40099f9fa","root.record.ItemExhibitList.P3AModificationItemGroup.ModificationItemList.ModificationItem.Installation.ImplementationMethodList.ImplementationMethod"
"Air Force Active","83","","","1.092","","","2015-BASE_PROCUREMENT-2015-AIRFORCE_AIRCRAFT_VOL2-PROCUREMENT_JustificationBook_Air_Force_PB_2015.zzz_unzipped-PROCUREMENT_JustificationBook_Air_Force_PB_2015.xml","2c3a42ac96c574f3a05d311e38d1fd39e76b2eaa077eed338c2b56579168a566","0-1650bd614425e1e1e8c29d9d626ba55ebeccb7052e9b4354aac995f300c7fe3e","0-a1f878de121930277334e878cb7ca42cb9efbc98096b0106b9472833727fc5c9","root.record.ItemExhibitList.P3AModificationItemGroup.ModificationItemList.ModificationItem.Installation.ImplementationMethodList.ImplementationMethod"
"Air Force Active","","","190","","","7.778","2015-BASE_PROCUREMENT-2015-AIRFORCE_AIRCRAFT_VOL2-PROCUREMENT_JustificationBook_Air_Force_PB_2015.zzz_unzipped-PROCUREMENT_JustificationBook_Air_Force_PB_2015.xml","a8005ce497b4d26a96a0a73b3a202cd9ad0d2cb8833efae151bef5451667fd9e","0-8edb4589fd34f91cce969b38ca2033d024012527e4a3480cfede911ab62e7b24","0-e001c6577caf85498f74dc3a3a530cac7ef4eae6df9c9d310adc006212eb8fe1","root.record.ItemExhibitList.P3AModificationItemGroup.ModificationItemList.ModificationItem.Installation.ImplementationMethodList.ImplementationMethod"
"Air Force Active","","","758","","","35.705","2015-BASE_PROCUREMENT-2015-AIRFORCE_AIRCRAFT_VOL2-PROCUREMENT_JustificationBook_Air_Force_PB_2015.zzz_unzipped-PROCUREMENT_JustificationBook_Air_Force_PB_2015.xml","a8005ce497b4d26a96a0a73b3a202cd9ad0d2cb8833efae151bef5451667fd9e","0-d27bda0f02cf6d57d44535d99e2424953e41cd29688b7fb823491c700c3ed8dc","1-8946205e80fbd6dfb7966948588fe7807e1cfd7a3d35f597449e66b5f0707368","root.record.ItemExhibitList.P3AModificationItemGroup.ModificationItemList.ModificationItem.Installation.ImplementationMethodList.ImplementationMethod"
"Air National Guard","","","86","","","6.863","2015-BASE_PROCUREMENT-2015-AIRFORCE_AIRCRAFT_VOL2-PROCUREMENT_JustificationBook_Air_Force_PB_2015.zzz_unzipped-PROCUREMENT_JustificationBook_Air_Force_PB_2015.xml","a8005ce497b4d26a96a0a73b3a202cd9ad0d2cb8833efae151bef5451667fd9e","1-c66cda0854394e517b0b082326c485d742cf05cdea02ec29b47695844ea397d1","1-8946205e80fbd6dfb7966948588fe7807e1cfd7a3d35f597449e66b5f0707368","root.record.ItemExhibitList.P3AModificationItemGroup.ModificationItemList.ModificationItem.Installation.ImplementationMethodList.ImplementationMethod"
"Air Force Active","213","","","0.335","","","2015-BASE_PROCUREMENT-2015-AIRFORCE_AIRCRAFT_VOL2-PROCUREMENT_JustificationBook_Air_Force_PB_2015.zzz_unzipped-PROCUREMENT_JustificationBook_Air_Force_PB_2015.xml","a8005ce497b4d26a96a0a73b3a202cd9ad0d2cb8833efae151bef5451667fd9e","0-2f996a10a34608ac884c4d9d984bc51c601c367291e2b9e891020ed338169451","0-e9e8e1be547c9945b926fe554f085be9b141cf2ff1d4bd6c0412d665471ef9df","root.record.ItemExhibitList.P3AModificationItemGroup.ModificationItemList.ModificationItem.Installation.ImplementationMethodList.ImplementationMethod"
"Air Force Active","851","","","7.462","","","2015-BASE_PROCUREMENT-2015-AIRFORCE_AIRCRAFT_VOL2-PROCUREMENT_JustificationBook_Air_Force_PB_2015.zzz_unzipped-PROCUREMENT_JustificationBook_Air_Force_PB_2015.xml","a8005ce497b4d26a96a0a73b3a202cd9ad0d2cb8833efae151bef5451667fd9e","0-88b048ef0c6af02b4730e17592e8bc2b489d99ec41ac2dbb19285abf4e8c272c","1-3ad8614db51a6313c7172c479eaf8e4d52850cfe00a17a4f43000ccab04ec939","root.record.ItemExhibitList.P3AModificationItemGroup.ModificationItemList.ModificationItem.Installation.ImplementationMethodList.ImplementationMethod"
"Air National Guard","116","","","0.866","","","2015-BASE_PROCUREMENT-2015-AIRFORCE_AIRCRAFT_VOL2-PROCUREMENT_JustificationBook_Air_Force_PB_2015.zzz_unzipped-PROCUREMENT_JustificationBook_Air_Force_PB_2015.xml","a8005ce497b4d26a96a0a73b3a202cd9ad0d2cb8833efae151bef5451667fd9e","1-748a9e0c16bf4cc97c2ad29a6a147d240e7917cefed31edb7652a07230a5057c","1-3ad8614db51a6313c7172c479eaf8e4d52850cfe00a17a4f43000ccab04ec939","root.record.ItemExhibitList.P3AModificationItemGroup.ModificationItemList.ModificationItem.Installation.ImplementationMethodList.ImplementationMethod"
"Air Force Active","21","","","33.469","","","2015-BASE_PROCUREMENT-2015-AIRFORCE_AIRCRAFT_VOL2-PROCUREMENT_JustificationBook_Air_Force_PB_2015.zzz_unzipped-PROCUREMENT_JustificationBook_Air_Force_PB_2015.xml","a8005ce497b4d26a96a0a73b3a202cd9ad0d2cb8833efae151bef5451667fd9e","0-b8f34afed03e2bdf4cfab575b46f65594d8ce3716f9fa6d0a1e7c830cb7d18e2","0-fb9d6a56ad6b7c82aaf99726f76659128a8f05d60f1a774a4f0b703c36af81c4","root.record.ItemExhibitList.P3AModificationItemGroup.ModificationItemList.ModificationItem.Installation.ImplementationMethodList.ImplementationMethod"
"Air Force Active","","","10","","","0.35","2015-BASE_PROCUREMENT-2015-AIRFORCE_AIRCRAFT_VOL2-PROCUREMENT_JustificationBook_Air_Force_PB_2015.zzz_unzipped-PROCUREMENT_JustificationBook_Air_Force_PB_2015.xml","a8005ce497b4d26a96a0a73b3a202cd9ad0d2cb8833efae151bef5451667fd9e","0-b5333bab6eba71c1b97bf7abcb543b5b9b4431802ff8b36eb84f3f8326f063bd","0-63b610fff62afe45eef6452ceb1c945dbe911dcdaacc613a6e3b45b2b8186f48","root.record.ItemExhibitList.P3AModificationItemGroup.ModificationItemList.ModificationItem.Installation.ImplementationMethodList.ImplementationMethod"
"Air Force Active","","35","","","9.5","","2015-BASE_PROCUREMENT-2015-AIRFORCE_AIRCRAFT_VOL2-PROCUREMENT_JustificationBook_Air_Force_PB_2015.zzz_unzipped-PROCUREMENT_JustificationBook_Air_Force_PB_2015.xml","0e0c5259a601c4aa4ff961a0ac121c4db369bfa13d87e153e3615741b3479e79","0-17e6ee4c0fee38b2518f7f4e88b25d7f895f006458f3d26b2432cc906cf519e1","0-5d7b536d876db61b2bb63326ad246ce252d8c01aea9f1f3d5a59963f5aad2e6c","root.record.ItemExhibitList.P3AModificationItemGroup.ModificationItemList.ModificationItem.Installation.ImplementationMethodList.ImplementationMethod"
"Air Force Active","33","","","5.25","","","2015-BASE_PROCUREMENT-2015-AIRFORCE_AIRCRAFT_VOL2-PROCUREMENT_MasterJustificationBook_Air_Force_PB_2015.zzz_unzipped-PROCUREMENT_MasterJustificationBook_Air_Force_PB_2015.xml","e0b4c68aca5bcb28bf2a8d6314af11bf878587e1d5636a46ade0d81891a819a1","0-9bb3330272dfbf22b97f9a081bcd9c74e79694b63ab711f4470590ee06cac2ff","0-95ff6d000ba37a5debf46ab360a139b252fa9247af2d849f705acb46bef7ab4c","root.record.ItemExhibitList.P3AModificationItemGroup.ModificationItemList.ModificationItem.Installation.ImplementationMethodList.ImplementationMethod"
"Air Force Active","52","","","1.37","","","2015-BASE_PROCUREMENT-2015-AIRFORCE_AIRCRAFT_VOL2-PROCUREMENT_MasterJustificationBook_Air_Force_PB_2015.zzz_unzipped-PROCUREMENT_MasterJustificationBook_Air_Force_PB_2015.xml","e0b4c68aca5bcb28bf2a8d6314af11bf878587e1d5636a46ade0d81891a819a1","0-afaa46de61a482a5eaaaa3a77fc5132cc93924c9c3a33a7888c8e6fa9a650d79","0-185b3f02d74d341af212bca24a25072c767a6ee987762b0fad056f4954819ad6","root.record.ItemExhibitList.P3AModificationItemGroup.ModificationItemList.ModificationItem.Installation.ImplementationMethodList.ImplementationMethod"
"Air Force Active","54","","","0.000","","","2015-BASE_PROCUREMENT-2015-AIRFORCE_AIRCRAFT_VOL2-PROCUREMENT_MasterJustificationBook_Air_Force_PB_2015.zzz_unzipped-PROCUREMENT_MasterJustificationBook_Air_Force_PB_2015.xml","e0b4c68aca5bcb28bf2a8d6314af11bf878587e1d5636a46ade0d81891a819a1","0-66b2fc3a30279b3f86e7a0534fc118432b0fbb21f95ef7a08255c2b66de0ab19","0-3d6b367c98a08c5aa961d7dd8f410ed237e252f2828bcc48445cd867149e5052","root.record.ItemExhibitList.P3AModificationItemGroup.ModificationItemList.ModificationItem.Installation.ImplementationMethodList.ImplementationMethod"
"Air Force Active","","4","","","13.65","","2015-BASE_PROCUREMENT-2015-AIRFORCE_AIRCRAFT_VOL2-PROCUREMENT_MasterJustificationBook_Air_Force_PB_2015.zzz_unzipped-PROCUREMENT_MasterJustificationBook_Air_Force_PB_2015.xml","e0b4c68aca5bcb28bf2a8d6314af11bf878587e1d5636a46ade0d81891a819a1","0-11a0ced625348662b1f694ce73acb4824d5586785204a60f479d9d355fe1a781","0-9e85bfc034902b13671d8ecabcd71b4254dcef2cd9fc655c35f5615fca89f42b","root.record.ItemExhibitList.P3AModificationItemGroup.ModificationItemList.ModificationItem.Installation.ImplementationMethodList.ImplementationMethod"
"Air Force Active","83","","","1.092","","","2015-BASE_PROCUREMENT-2015-AIRFORCE_AIRCRAFT_VOL2-PROCUREMENT_MasterJustificationBook_Air_Force_PB_2015.zzz_unzipped-PROCUREMENT_MasterJustificationBook_Air_Force_PB_2015.xml","e0b4c68aca5bcb28bf2a8d6314af11bf878587e1d5636a46ade0d81891a819a1","0-c0e8b6bbd87d3100ab1a955c072a6e0b358c9c8b2c1d2fd8230b1ee99c80f3e2","0-19c82a7e5bac22941ca9092bd44b196a457235ccefa2b0b4d3d8f2d75eec7e4b","root.record.ItemExhibitList.P3AModificationItemGroup.ModificationItemList.ModificationItem.Installation.ImplementationMethodList.ImplementationMethod"
"Air Force Active","","","190","","","7.778","2015-BASE_PROCUREMENT-2015-AIRFORCE_AIRCRAFT_VOL2-PROCUREMENT_MasterJustificationBook_Air_Force_PB_2015.zzz_unzipped-PROCUREMENT_MasterJustificationBook_Air_Force_PB_2015.xml","e0999d2b89817dbe0cc954d07a44ef1ad1938f20a6bca9d4306e26527654e26d","0-f2890128d11d4804e9edfaff0c37b127536ca8b6f75b5034b69e2b5456e3ed81","0-9b50b012948f55935a8bcb6d8b2462edabeea388ec8b1e1bda6b712bda112a67","root.record.ItemExhibitList.P3AModificationItemGroup.ModificationItemList.ModificationItem.Installation.ImplementationMethodList.ImplementationMethod"
"Air Force Active","","","758","","","35.705","2015-BASE_PROCUREMENT-2015-AIRFORCE_AIRCRAFT_VOL2-PROCUREMENT_MasterJustificationBook_Air_Force_PB_2015.zzz_unzipped-PROCUREMENT_MasterJustificationBook_Air_Force_PB_2015.xml","e0999d2b89817dbe0cc954d07a44ef1ad1938f20a6bca9d4306e26527654e26d","0-1f8b0857dbed402c09be11202321af6c11a32d2b7d06e23a172884dca616fe70","1-ba5a781dd725ef3b499cd84c07fbe044bc0dc77f14bad73ba6ae5562184dd111","root.record.ItemExhibitList.P3AModificationItemGroup.ModificationItemList.ModificationItem.Installation.ImplementationMethodList.ImplementationMethod"
"Air National Guard","","","86","","","6.863","2015-BASE_PROCUREMENT-2015-AIRFORCE_AIRCRAFT_VOL2-PROCUREMENT_MasterJustificationBook_Air_Force_PB_2015.zzz_unzipped-PROCUREMENT_MasterJustificationBook_Air_Force_PB_2015.xml","e0999d2b89817dbe0cc954d07a44ef1ad1938f20a6bca9d4306e26527654e26d","1-fa848d7f343d684a482576c9af8d27532996bfda01fe9ce6f5c0d844b25a5b2b","1-ba5a781dd725ef3b499cd84c07fbe044bc0dc77f14bad73ba6ae5562184dd111","root.record.ItemExhibitList.P3AModificationItemGroup.ModificationItemList.ModificationItem.Installation.ImplementationMethodList.ImplementationMethod"
"Air Force Active","213","","","0.335","","","2015-BASE_PROCUREMENT-2015-AIRFORCE_AIRCRAFT_VOL2-PROCUREMENT_MasterJustificationBook_Air_Force_PB_2015.zzz_unzipped-PROCUREMENT_MasterJustificationBook_Air_Force_PB_2015.xml","e0999d2b89817dbe0cc954d07a44ef1ad1938f20a6bca9d4306e26527654e26d","0-3e7ed8e263eda79c2c7f32e2c361da9d668263ac080dc1e87f72e707267a14d2","0-6bf3aac48d487eeb1b369fa7d3cf92875c72645dd26a107628ce7ecb3a12b814","root.record.ItemExhibitList.P3AModificationItemGroup.ModificationItemList.ModificationItem.Installation.ImplementationMethodList.ImplementationMethod"
"Air Force Active","851","","","7.462","","","2015-BASE_PROCUREMENT-2015-AIRFORCE_AIRCRAFT_VOL2-PROCUREMENT_MasterJustificationBook_Air_Force_PB_2015.zzz_unzipped-PROCUREMENT_MasterJustificationBook_Air_Force_PB_2015.xml","e0999d2b89817dbe0cc954d07a44ef1ad1938f20a6bca9d4306e26527654e26d","0-d91da067daa49e29ce69e9ac2d7a659a2c116e6f6c26fbcf0f8d9e475353654a","1-68e6c4e3316d66082b07907326f16ac2dc242be677e4ef1f74051359d4d07fee","root.record.ItemExhibitList.P3AModificationItemGroup.ModificationItemList.ModificationItem.Installation.ImplementationMethodList.ImplementationMethod"
"Air National Guard","116","","","0.866","","","2015-BASE_PROCUREMENT-2015-AIRFORCE_AIRCRAFT_VOL2-PROCUREMENT_MasterJustificationBook_Air_Force_PB_2015.zzz_unzipped-PROCUREMENT_MasterJustificationBook_Air_Force_PB_2015.xml","e0999d2b89817dbe0cc954d07a44ef1ad1938f20a6bca9d4306e26527654e26d","1-8f59ea44de035c5c733d4bc274b1286c4484d17259d75c83d03937eeab6078e1","1-68e6c4e3316d66082b07907326f16ac2dc242be677e4ef1f74051359d4d07fee","root.record.ItemExhibitList.P3AModificationItemGroup.ModificationItemList.ModificationItem.Installation.ImplementationMethodList.ImplementationMethod"
"Air Force Active","21","","","33.469","","","2015-BASE_PROCUREMENT-2015-AIRFORCE_AIRCRAFT_VOL2-PROCUREMENT_MasterJustificationBook_Air_Force_PB_2015.zzz_unzipped-PROCUREMENT_MasterJustificationBook_Air_Force_PB_2015.xml","e0999d2b89817dbe0cc954d07a44ef1ad1938f20a6bca9d4306e26527654e26d","0-931d65a08bbd08377dea3e1eed92e3c0a39a8886f8540e216e1ccae43a21534d","0-c7d751639336ca01f70a4ec200716aa4580ab3250a14053a4ac7cf898b30a5f7","root.record.ItemExhibitList.P3AModificationItemGroup.ModificationItemList.ModificationItem.Installation.ImplementationMethodList.ImplementationMethod"
"Air Force Active","","","10","","","0.35","2015-BASE_PROCUREMENT-2015-AIRFORCE_AIRCRAFT_VOL2-PROCUREMENT_MasterJustificationBook_Air_Force_PB_2015.zzz_unzipped-PROCUREMENT_MasterJustificationBook_Air_Force_PB_2015.xml","e0999d2b89817dbe0cc954d07a44ef1ad1938f20a6bca9d4306e26527654e26d","0-0148ac3335a76aff5b9654415d56623db6dc7fc7402175d0e74f23b20208d403","0-5d1f8d30a38052ba474f24e187232e34b7b9f481d963ae57bfc485c1d0c61a70","root.record.ItemExhibitList.P3AModificationItemGroup.ModificationItemList.ModificationItem.Installation.ImplementationMethodList.ImplementationMethod"
"Air Force Active","","35","","","9.5","","2015-BASE_PROCUREMENT-2015-AIRFORCE_AIRCRAFT_VOL2-PROCUREMENT_MasterJustificationBook_Air_Force_PB_2015.zzz_unzipped-PROCUREMENT_MasterJustificationBook_Air_Force_PB_2015.xml","a8a6e5bc3013496d237ccecb8631798e1f6fde8d6f32dd9210c3a80ded847d47","0-9595e9df96b3455439ce1f89c1093512d9d38ad016fc412b7e73472af47a1f8f","0-f558cdffae66310f03d3ecad4189c6da8ab2e9537843c2f1a3dcc755a6917fe4","root.record.ItemExhibitList.P3AModificationItemGroup.ModificationItemList.ModificationItem.Installation.ImplementationMethodList.ImplementationMethod"
