Month_val,Amount_val,@SOURCE_FILENAME,@RECORDID,@ROWID,@PARENTROWID,@PARENT
"2016-05","2","2016-BASE_PROCUREMENT-2016-DEFENSE_CBDP-PROCUREMENT_JustificationBook_Chemical_and_Biological_Defense_Program_PB_2016.zzz_unzipped-PROCUREMENT_JustificationBook_Chemical_and_Biological_Defense_Program_PB_2016.xml","119ac9aeb453952ba75c4d783cf739d32e350f26e8876cd89a7dfce91c96401e","0-15e3075dd648fc0bc8c8de21e56d40a5a0e38b7f74b4bff53f959b4815dc279d","0-16fa8d140c63158e0567e95750c3c3a28a5f94a5325a33bf7b6b9215748cbec1","root.record.ItemExhibitList.P5Item.CostElementCategoryList.Hardware.NonRecurring.CostElementList.CostElement.ManufacturerList.Manufacturer.HistoryPlanningList.HistoryPlanning"
"2016-02","6","2016-BASE_PROCUREMENT-2016-DEFENSE_CBDP-PROCUREMENT_JustificationBook_Chemical_and_Biological_Defense_Program_PB_2016.zzz_unzipped-PROCUREMENT_JustificationBook_Chemical_and_Biological_Defense_Program_PB_2016.xml","119ac9aeb453952ba75c4d783cf739d32e350f26e8876cd89a7dfce91c96401e","0-12f8d1d04a793f50697b1b112ac074a3c9600d6bbe968a65a8cb9f8e1fd541cd","0-a2a09ddf951e3dafb331886cf6b7b9247798199cd3f396704b28d160366b6767","root.record.ItemExhibitList.P5Item.CostElementCategoryList.Hardware.NonRecurring.CostElementList.CostElement.ManufacturerList.Manufacturer.HistoryPlanningList.HistoryPlanning"
"2014-12","70","2016-BASE_PROCUREMENT-2016-DEFENSE_CBDP-PROCUREMENT_JustificationBook_Chemical_and_Biological_Defense_Program_PB_2016.zzz_unzipped-PROCUREMENT_JustificationBook_Chemical_and_Biological_Defense_Program_PB_2016.xml","d83d4a4c2a2605a0a775a1c10f77dcd9ca71a27db9109b94cf148a2f5b825622","0-3559a6ab62664758d0132193dbf70b1ef0380ff08929b87df9ebdece0bf01ad9","0-679610a1ec59a7747536a05689bafbe499280286e9ac9cc04375928a2e5df490","root.record.ItemExhibitList.P5Item.CostElementCategoryList.Hardware.NonRecurring.CostElementList.CostElement.ManufacturerList.Manufacturer.HistoryPlanningList.HistoryPlanning"
"2015-01","70","2016-BASE_PROCUREMENT-2016-DEFENSE_CBDP-PROCUREMENT_JustificationBook_Chemical_and_Biological_Defense_Program_PB_2016.zzz_unzipped-PROCUREMENT_JustificationBook_Chemical_and_Biological_Defense_Program_PB_2016.xml","d83d4a4c2a2605a0a775a1c10f77dcd9ca71a27db9109b94cf148a2f5b825622","1-68642135950de3345024876ecc7a1093a68d4aaa458f2e8fb106fa2680046ea9","0-679610a1ec59a7747536a05689bafbe499280286e9ac9cc04375928a2e5df490","root.record.ItemExhibitList.P5Item.CostElementCategoryList.Hardware.NonRecurring.CostElementList.CostElement.ManufacturerList.Manufacturer.HistoryPlanningList.HistoryPlanning"
"2016-05","2","2016-BASE_PROCUREMENT-2016-DEFENSE_VOL1_ALL-PROCUREMENT_MasterJustificationBook_Defense-Wide_PB_2016.zzz_unzipped-PROCUREMENT_MasterJustificationBook_Defense-Wide_PB_2016.xml","8ca4bd5ee78697fb7d7f23b16f023113eefd69521a4513cf75df6314e2da36e8","0-73dac602ea3fb067f918858d7187faf509378c6c0ee46986ed5445e884431de1","0-04ed229f4dda984d4e19b3d0f290740ef502c49465bb1a73b6a92805a87b236a","root.record.ItemExhibitList.P5Item.CostElementCategoryList.Hardware.NonRecurring.CostElementList.CostElement.ManufacturerList.Manufacturer.HistoryPlanningList.HistoryPlanning"
"2016-02","6","2016-BASE_PROCUREMENT-2016-DEFENSE_VOL1_ALL-PROCUREMENT_MasterJustificationBook_Defense-Wide_PB_2016.zzz_unzipped-PROCUREMENT_MasterJustificationBook_Defense-Wide_PB_2016.xml","8ca4bd5ee78697fb7d7f23b16f023113eefd69521a4513cf75df6314e2da36e8","0-3f62d446159deb240b109ef3f8d9a0582ca1a9c72dfb3b362fe70f056de340dd","0-08ccae4001fac913b878d7fbab206f4f61e126ca85de0d0b107c49c4fc8792eb","root.record.ItemExhibitList.P5Item.CostElementCategoryList.Hardware.NonRecurring.CostElementList.CostElement.ManufacturerList.Manufacturer.HistoryPlanningList.HistoryPlanning"
"2014-12","70","2016-BASE_PROCUREMENT-2016-DEFENSE_VOL1_ALL-PROCUREMENT_MasterJustificationBook_Defense-Wide_PB_2016.zzz_unzipped-PROCUREMENT_MasterJustificationBook_Defense-Wide_PB_2016.xml","8f7371c0fcdd3fcfc9c5d96b42e996f58b907f32bdf08384d4640e85e9bfeb34","0-45b41374a3df2b4e776b248886a8234aef72fd2ccb950979f94993b0f62920ea","0-7746d1ed78ee42072ce83bf6cc1623be242f76e0cbfacf4265bd779f047de220","root.record.ItemExhibitList.P5Item.CostElementCategoryList.Hardware.NonRecurring.CostElementList.CostElement.ManufacturerList.Manufacturer.HistoryPlanningList.HistoryPlanning"
"2015-01","70","2016-BASE_PROCUREMENT-2016-DEFENSE_VOL1_ALL-PROCUREMENT_MasterJustificationBook_Defense-Wide_PB_2016.zzz_unzipped-PROCUREMENT_MasterJustificationBook_Defense-Wide_PB_2016.xml","8f7371c0fcdd3fcfc9c5d96b42e996f58b907f32bdf08384d4640e85e9bfeb34","1-d1e002e757692c9236dc139904161d6adf3de31a8ad1b78dda4d4e5548df7a1d","0-7746d1ed78ee42072ce83bf6cc1623be242f76e0cbfacf4265bd779f047de220","root.record.ItemExhibitList.P5Item.CostElementCategoryList.Hardware.NonRecurring.CostElementList.CostElement.ManufacturerList.Manufacturer.HistoryPlanningList.HistoryPlanning"
"2016-01","70","2017-BASE_PROCUREMENT-2017-DEFENSE_CBDP-U_PROCUREMENT_JustificationBook_Chemical_and_Biological_Defense_Program_PB_2017.zzz_unzipped-U_PROCUREMENT_JustificationBook_Chemical_and_Biological_Defense_Program_PB_2017.xml","f4d80b3d0ec9ba6ba7c7ff3e5c7f21e1a694588b648cbd0864ae77b1cc1894b3","0-26dfcafdf003db88faeda514e4e91e3676239100345c8f8808a3f8b2c6d587d4","0-c99462f42606bd0eec20a2bd9486807e283e6a8955122115b484e3ce619f4648","root.record.ItemExhibitList.P5Item.CostElementCategoryList.Hardware.NonRecurring.CostElementList.CostElement.ManufacturerList.Manufacturer.HistoryPlanningList.HistoryPlanning"
"2016-02","70","2017-BASE_PROCUREMENT-2017-DEFENSE_CBDP-U_PROCUREMENT_JustificationBook_Chemical_and_Biological_Defense_Program_PB_2017.zzz_unzipped-U_PROCUREMENT_JustificationBook_Chemical_and_Biological_Defense_Program_PB_2017.xml","f4d80b3d0ec9ba6ba7c7ff3e5c7f21e1a694588b648cbd0864ae77b1cc1894b3","1-c8b5d962f64ebb84a0ecee663b81f483e3868e5efabd531b803913dad9524af1","0-c99462f42606bd0eec20a2bd9486807e283e6a8955122115b484e3ce619f4648","root.record.ItemExhibitList.P5Item.CostElementCategoryList.Hardware.NonRecurring.CostElementList.CostElement.ManufacturerList.Manufacturer.HistoryPlanningList.HistoryPlanning"
"2016-01","70","2017-BASE_PROCUREMENT-2017-DEFENSE_VOL1_ALL-U_PROCUREMENT_MasterJustificationBook_Defense-Wide_PB_2017.zzz_unzipped-U_PROCUREMENT_MasterJustificationBook_Defense-Wide_PB_2017.xml","d308f95350d49179c88adcd2ce8fac41317a825d8d794e785058fbd0fe568e07","0-6e4c34da98bc274c0ce5eb6ffbcb8ae190414db3370ba3bcffb59724fd7305f3","0-0438c89520eaaa4f687cbc2f6a16f5e8954024eb5d75f493468317d46b1040e5","root.record.ItemExhibitList.P5Item.CostElementCategoryList.Hardware.NonRecurring.CostElementList.CostElement.ManufacturerList.Manufacturer.HistoryPlanningList.HistoryPlanning"
"2016-02","70","2017-BASE_PROCUREMENT-2017-DEFENSE_VOL1_ALL-U_PROCUREMENT_MasterJustificationBook_Defense-Wide_PB_2017.zzz_unzipped-U_PROCUREMENT_MasterJustificationBook_Defense-Wide_PB_2017.xml","d308f95350d49179c88adcd2ce8fac41317a825d8d794e785058fbd0fe568e07","1-2658d050d06f8e71bb621d631d5c4bf4ad875881b9122d79860161c98a6b8471","0-0438c89520eaaa4f687cbc2f6a16f5e8954024eb5d75f493468317d46b1040e5","root.record.ItemExhibitList.P5Item.CostElementCategoryList.Hardware.NonRecurring.CostElementList.CostElement.ManufacturerList.Manufacturer.HistoryPlanningList.HistoryPlanning"
"2016-01","70","2017-BASE_PROCUREMENT-2017-DEFENSE_CBDP-U_PROCUREMENT_MasterJustificationBook_Chemical_and_Biological_Defense_Program_PB_2017.zzz_unzipped-U_PROCUREMENT_MasterJustificationBook_Chemical_and_Biological_Defense_Program_PB_2017.xml","d977fd8b6efd538276c790b02e3c3cee080fc0cff92fa7f25f69032143ad5870","0-4119554a3132f28853a64693202ecb3920f4f95669d47a0ee965ee90e2c4d822","0-75a73443db047891cfc6f78057515d19137963d9bee8e7ab17553deee7244f62","root.record.ItemExhibitList.P5Item.CostElementCategoryList.Hardware.NonRecurring.CostElementList.CostElement.ManufacturerList.Manufacturer.HistoryPlanningList.HistoryPlanning"
"2016-02","70","2017-BASE_PROCUREMENT-2017-DEFENSE_CBDP-U_PROCUREMENT_MasterJustificationBook_Chemical_and_Biological_Defense_Program_PB_2017.zzz_unzipped-U_PROCUREMENT_MasterJustificationBook_Chemical_and_Biological_Defense_Program_PB_2017.xml","d977fd8b6efd538276c790b02e3c3cee080fc0cff92fa7f25f69032143ad5870","1-ee947f3b9280560ac45757c161be89fbfacaf38c825ec0d3dc62f9f8f8ed6c16","0-75a73443db047891cfc6f78057515d19137963d9bee8e7ab17553deee7244f62","root.record.ItemExhibitList.P5Item.CostElementCategoryList.Hardware.NonRecurring.CostElementList.CostElement.ManufacturerList.Manufacturer.HistoryPlanningList.HistoryPlanning"
