FiscalYear_val,FiscalYear_@footnote,PCOLocation_val,AwardDate_val,FirstDeliveryDate_val,Quantity_val,UnitCost_val,SpecsAvailableNow_val,RFPIssueDate_val,ContractMethod_val,ContractType_val,@SOURCE_FILENAME,@RECORDID,@ROWID,@PARENTROWID,@PARENT
"2010","","NAVAIR","2010-05","2012-12","22","2.777","true","2009-01","SS","FPIF","2015-BASE_PROCUREMENT-2015-AIRFORCE_AIRCRAFT_VOL1-PROCUREMENT_JustificationBook_Air_Force_PB_2015.zzz_unzipped-PROCUREMENT_JustificationBook_Air_Force_PB_2015.xml","72e89ccc766fe3f87d2e7ce15feb0d55fcd0fa99a93b32c43e51b37db5c84475","0-4b5515cde8094183a92737f9dfce82ae57ca339e8ceef4d7e031dfc7c861d5d7","0-35ff765daf438bb1a3475461911270bc5768d4680fb362bac826a68f5bf8c676","root.record.ItemExhibitList.P5Item.P10AdvanceProcurement.APCostElementCategoryList.GFE.APCostElement"
"2011","","NAVAIR","2012-01","2013-11","18","3.060","true","2010-06","SS","FPIF","2015-BASE_PROCUREMENT-2015-AIRFORCE_AIRCRAFT_VOL1-PROCUREMENT_JustificationBook_Air_Force_PB_2015.zzz_unzipped-PROCUREMENT_JustificationBook_Air_Force_PB_2015.xml","72e89ccc766fe3f87d2e7ce15feb0d55fcd0fa99a93b32c43e51b37db5c84475","1-cc132a145ffc9c946ff23bd287c200680d6522eaeeae7805781500878b5a2fa5","0-35ff765daf438bb1a3475461911270bc5768d4680fb362bac826a68f5bf8c676","root.record.ItemExhibitList.P5Item.P10AdvanceProcurement.APCostElementCategoryList.GFE.APCostElement"
"2012","","NAVAIR","2012-09","2014-07","19","2.651","true","2012-06","SS","FPIF","2015-BASE_PROCUREMENT-2015-AIRFORCE_AIRCRAFT_VOL1-PROCUREMENT_JustificationBook_Air_Force_PB_2015.zzz_unzipped-PROCUREMENT_JustificationBook_Air_Force_PB_2015.xml","72e89ccc766fe3f87d2e7ce15feb0d55fcd0fa99a93b32c43e51b37db5c84475","2-2c099ca2e91ff586c30d5552d86ecbf73ed2a087ec25a90fd33f4b98129ce0ac","0-35ff765daf438bb1a3475461911270bc5768d4680fb362bac826a68f5bf8c676","root.record.ItemExhibitList.P5Item.P10AdvanceProcurement.APCostElementCategoryList.GFE.APCostElement"
"2013","","NAVAIR","2013-08","2015-05","19","3.396","true","2013-03","SS","FPIF","2015-BASE_PROCUREMENT-2015-AIRFORCE_AIRCRAFT_VOL1-PROCUREMENT_JustificationBook_Air_Force_PB_2015.zzz_unzipped-PROCUREMENT_JustificationBook_Air_Force_PB_2015.xml","72e89ccc766fe3f87d2e7ce15feb0d55fcd0fa99a93b32c43e51b37db5c84475","3-72ccf5017cf33570b97a13f3e9f7f0c05925fad070af4caf6fe942a93e0588dd","0-35ff765daf438bb1a3475461911270bc5768d4680fb362bac826a68f5bf8c676","root.record.ItemExhibitList.P5Item.P10AdvanceProcurement.APCostElementCategoryList.GFE.APCostElement"
"2014","","NAVAIR","2014-03","2016-05","26","3.811","true","2014-03","SS","FPIF","2015-BASE_PROCUREMENT-2015-AIRFORCE_AIRCRAFT_VOL1-PROCUREMENT_JustificationBook_Air_Force_PB_2015.zzz_unzipped-PROCUREMENT_JustificationBook_Air_Force_PB_2015.xml","72e89ccc766fe3f87d2e7ce15feb0d55fcd0fa99a93b32c43e51b37db5c84475","4-10887254bb023e97d8ab968a19aaf080e740eefb530ae392c457cb5f6161d8d0","0-35ff765daf438bb1a3475461911270bc5768d4680fb362bac826a68f5bf8c676","root.record.ItemExhibitList.P5Item.P10AdvanceProcurement.APCostElementCategoryList.GFE.APCostElement"
"2015","","NAVAIR","2015-03","2017-01","44","1.459","true","2015-03","SS","FPIF","2015-BASE_PROCUREMENT-2015-AIRFORCE_AIRCRAFT_VOL1-PROCUREMENT_JustificationBook_Air_Force_PB_2015.zzz_unzipped-PROCUREMENT_JustificationBook_Air_Force_PB_2015.xml","72e89ccc766fe3f87d2e7ce15feb0d55fcd0fa99a93b32c43e51b37db5c84475","5-8147b2a2263ccf34fa5b9d057225db7a34d4b776bcfb30f085b60b731a77eea5","0-35ff765daf438bb1a3475461911270bc5768d4680fb362bac826a68f5bf8c676","root.record.ItemExhibitList.P5Item.P10AdvanceProcurement.APCostElementCategoryList.GFE.APCostElement"
"2013","Reference footnote (1)","WPAFB, OH","2013-06","2016-01","6","2.000","true","2012-10","SS","Various","2015-BASE_PROCUREMENT-2015-AIRFORCE_AIRCRAFT_VOL1-PROCUREMENT_JustificationBook_Air_Force_PB_2015.zzz_unzipped-PROCUREMENT_JustificationBook_Air_Force_PB_2015.xml","6ba238e5761c0b5cdb4005cd9d3b0ebd730c7a47c72ec72a3cb63b26a07450e3","0-a9e6e88206489c84365b6458952cac40b5096d24c7549cf347b6bafe22b056bb","0-e58004c239279c0d3c89045c39ca5e57e1739bd4d63f2ac2ff8966dae301a9e3","root.record.ItemExhibitList.P5Item.P10AdvanceProcurement.APCostElementCategoryList.GFE.APCostElement"
"2014","","WPAFB, OH","2014-03","2017-01","7","2.000","true","2012-10","SS","Various","2015-BASE_PROCUREMENT-2015-AIRFORCE_AIRCRAFT_VOL1-PROCUREMENT_JustificationBook_Air_Force_PB_2015.zzz_unzipped-PROCUREMENT_JustificationBook_Air_Force_PB_2015.xml","6ba238e5761c0b5cdb4005cd9d3b0ebd730c7a47c72ec72a3cb63b26a07450e3","1-c6367c9858e37b3a4b630565c4cda7460b8c453aecb6baa865144fc2fca2426d","0-e58004c239279c0d3c89045c39ca5e57e1739bd4d63f2ac2ff8966dae301a9e3","root.record.ItemExhibitList.P5Item.P10AdvanceProcurement.APCostElementCategoryList.GFE.APCostElement"
"2015","","WPAFB, OH","2015-03","2017-08","14","2.000","true","2012-10","SS","Various","2015-BASE_PROCUREMENT-2015-AIRFORCE_AIRCRAFT_VOL1-PROCUREMENT_JustificationBook_Air_Force_PB_2015.zzz_unzipped-PROCUREMENT_JustificationBook_Air_Force_PB_2015.xml","6ba238e5761c0b5cdb4005cd9d3b0ebd730c7a47c72ec72a3cb63b26a07450e3","2-a081141e1bac98b292d7b3aea45f7b4223d7fbe0c303ce5098128e81ac124f89","0-e58004c239279c0d3c89045c39ca5e57e1739bd4d63f2ac2ff8966dae301a9e3","root.record.ItemExhibitList.P5Item.P10AdvanceProcurement.APCostElementCategoryList.GFE.APCostElement"
"2016","","WPAFB, OH","2016-03","2018-12","2","2.000","true","2012-10","SS","Various","2015-BASE_PROCUREMENT-2015-AIRFORCE_AIRCRAFT_VOL1-PROCUREMENT_JustificationBook_Air_Force_PB_2015.zzz_unzipped-PROCUREMENT_JustificationBook_Air_Force_PB_2015.xml","6ba238e5761c0b5cdb4005cd9d3b0ebd730c7a47c72ec72a3cb63b26a07450e3","3-1096282f0ff1773238d88f9556d7c4b29364248850d8f184185f97fc596266cb","0-e58004c239279c0d3c89045c39ca5e57e1739bd4d63f2ac2ff8966dae301a9e3","root.record.ItemExhibitList.P5Item.P10AdvanceProcurement.APCostElementCategoryList.GFE.APCostElement"
"2014","","WPAFB, OH","2014-03","2017-02","4","2.000","true","2012-10","SS","FFP","2015-BASE_PROCUREMENT-2015-AIRFORCE_AIRCRAFT_VOL1-PROCUREMENT_JustificationBook_Air_Force_PB_2015.zzz_unzipped-PROCUREMENT_JustificationBook_Air_Force_PB_2015.xml","565aa015362bd445cc082985b6e24c13e2957f8c30a9dfbe4c0bd8a663cbe70f","0-3c8646be911dd180149edab7e4f622ea16ba079a6b17a690cc8f755539f3d2aa","0-0a6cbe510478be072236f7b4c5886adb08cd842276e94555906a9ac27a5390d2","root.record.ItemExhibitList.P5Item.P10AdvanceProcurement.APCostElementCategoryList.GFE.APCostElement"
"2015","","WPAFB, OH","2015-03","2018-04","5","2.000","true","2012-10","SS","FFP","2015-BASE_PROCUREMENT-2015-AIRFORCE_AIRCRAFT_VOL1-PROCUREMENT_JustificationBook_Air_Force_PB_2015.zzz_unzipped-PROCUREMENT_JustificationBook_Air_Force_PB_2015.xml","565aa015362bd445cc082985b6e24c13e2957f8c30a9dfbe4c0bd8a663cbe70f","1-1bdc026953934ebc5857444f87afce6d8f9b9db740feeb12c522aef6068001d3","0-0a6cbe510478be072236f7b4c5886adb08cd842276e94555906a9ac27a5390d2","root.record.ItemExhibitList.P5Item.P10AdvanceProcurement.APCostElementCategoryList.GFE.APCostElement"
"2016","","WPAFB, OH","2016-03","2019-04","3","2.000","true","2012-10","SS","FFP","2015-BASE_PROCUREMENT-2015-AIRFORCE_AIRCRAFT_VOL1-PROCUREMENT_JustificationBook_Air_Force_PB_2015.zzz_unzipped-PROCUREMENT_JustificationBook_Air_Force_PB_2015.xml","565aa015362bd445cc082985b6e24c13e2957f8c30a9dfbe4c0bd8a663cbe70f","2-616c9e6a40c7e4a5b62801cc94e8ee52aa3596a9395e36c6d47fe68b47e00b17","0-0a6cbe510478be072236f7b4c5886adb08cd842276e94555906a9ac27a5390d2","root.record.ItemExhibitList.P5Item.P10AdvanceProcurement.APCostElementCategoryList.GFE.APCostElement"
"2018","","WPAFB, OH","2018-03","2020-05","1","2.000","true","2017-10","SS","FFP","2015-BASE_PROCUREMENT-2015-AIRFORCE_AIRCRAFT_VOL1-PROCUREMENT_JustificationBook_Air_Force_PB_2015.zzz_unzipped-PROCUREMENT_JustificationBook_Air_Force_PB_2015.xml","565aa015362bd445cc082985b6e24c13e2957f8c30a9dfbe4c0bd8a663cbe70f","3-8a51e3ac5e75a5ea85d98e839e4ef84a1f4f5d76f4cd73c0b9db05dbbd2307c1","0-0a6cbe510478be072236f7b4c5886adb08cd842276e94555906a9ac27a5390d2","root.record.ItemExhibitList.P5Item.P10AdvanceProcurement.APCostElementCategoryList.GFE.APCostElement"
"2014","","WPAFB, OH","2014-03","2016-12","2","2.000","true","2012-10","SS","FFP","2015-BASE_PROCUREMENT-2015-AIRFORCE_AIRCRAFT_VOL1-PROCUREMENT_JustificationBook_Air_Force_PB_2015.zzz_unzipped-PROCUREMENT_JustificationBook_Air_Force_PB_2015.xml","17ab19c784929a028c69ad970f12cd0eee00de512acf9833a5336d1e8a33db11","0-8f15da601dd0ed7cbf6d29e4c4006199562c22bccb2aca57bf85e41d8a91d2aa","0-3c754ce3b79945787f51e8062089ed4f3a050a7cd37b8c6ff5c70e5587aa0f6e","root.record.ItemExhibitList.P5Item.P10AdvanceProcurement.APCostElementCategoryList.GFE.APCostElement"
"2015","","WPAFB, OH","2015-03","2017-11","8","2.000","true","2012-10","SS","FFP","2015-BASE_PROCUREMENT-2015-AIRFORCE_AIRCRAFT_VOL1-PROCUREMENT_JustificationBook_Air_Force_PB_2015.zzz_unzipped-PROCUREMENT_JustificationBook_Air_Force_PB_2015.xml","17ab19c784929a028c69ad970f12cd0eee00de512acf9833a5336d1e8a33db11","1-ed6ef3bdd4433d626ae907ec8ab65e19369610dedeff08dfadd2c537736f1a49","0-3c754ce3b79945787f51e8062089ed4f3a050a7cd37b8c6ff5c70e5587aa0f6e","root.record.ItemExhibitList.P5Item.P10AdvanceProcurement.APCostElementCategoryList.GFE.APCostElement"
"2016","","WPAFB, OH","2016-03","2019-03","9","2.000","true","2012-10","SS","FFP","2015-BASE_PROCUREMENT-2015-AIRFORCE_AIRCRAFT_VOL1-PROCUREMENT_JustificationBook_Air_Force_PB_2015.zzz_unzipped-PROCUREMENT_JustificationBook_Air_Force_PB_2015.xml","17ab19c784929a028c69ad970f12cd0eee00de512acf9833a5336d1e8a33db11","2-494953b56b75e67c019f6bfbb520479dde36703744e63ca5b946828c375fea79","0-3c754ce3b79945787f51e8062089ed4f3a050a7cd37b8c6ff5c70e5587aa0f6e","root.record.ItemExhibitList.P5Item.P10AdvanceProcurement.APCostElementCategoryList.GFE.APCostElement"
"2017","","WPAFB, OH","2017-03","2019-12","5","2.000","true","2012-10","SS","FFP","2015-BASE_PROCUREMENT-2015-AIRFORCE_AIRCRAFT_VOL1-PROCUREMENT_JustificationBook_Air_Force_PB_2015.zzz_unzipped-PROCUREMENT_JustificationBook_Air_Force_PB_2015.xml","17ab19c784929a028c69ad970f12cd0eee00de512acf9833a5336d1e8a33db11","3-7d72e07c33ca346764b28939e13484111281990c5228cf154aadb793573de041","0-3c754ce3b79945787f51e8062089ed4f3a050a7cd37b8c6ff5c70e5587aa0f6e","root.record.ItemExhibitList.P5Item.P10AdvanceProcurement.APCostElementCategoryList.GFE.APCostElement"
"2010","","NAVAIR","2010-05","2012-12","22","2.777","true","2009-01","SS","FPIF","2015-BASE_PROCUREMENT-2015-AIRFORCE_AIRCRAFT_VOL2-PROCUREMENT_MasterJustificationBook_Air_Force_PB_2015.zzz_unzipped-PROCUREMENT_MasterJustificationBook_Air_Force_PB_2015.xml","a90a3faa8661f0958a0901808890d67093da1edc0728f26e9236e37ed3b54059","0-87c9ccfa60009226f2066eb111908e81f91eee511dad76fe124d61e82abc14f5","0-7449385e05dd7374b8f31ff9f9afd4d13af40cf00cb6dc5e60436520f7d6e7cf","root.record.ItemExhibitList.P5Item.P10AdvanceProcurement.APCostElementCategoryList.GFE.APCostElement"
"2011","","NAVAIR","2012-01","2013-11","18","3.060","true","2010-06","SS","FPIF","2015-BASE_PROCUREMENT-2015-AIRFORCE_AIRCRAFT_VOL2-PROCUREMENT_MasterJustificationBook_Air_Force_PB_2015.zzz_unzipped-PROCUREMENT_MasterJustificationBook_Air_Force_PB_2015.xml","a90a3faa8661f0958a0901808890d67093da1edc0728f26e9236e37ed3b54059","1-7c1cfe69a79eb472938d598509277cb81d8069c89d8960c559cf85378b17f714","0-7449385e05dd7374b8f31ff9f9afd4d13af40cf00cb6dc5e60436520f7d6e7cf","root.record.ItemExhibitList.P5Item.P10AdvanceProcurement.APCostElementCategoryList.GFE.APCostElement"
"2012","","NAVAIR","2012-09","2014-07","19","2.651","true","2012-06","SS","FPIF","2015-BASE_PROCUREMENT-2015-AIRFORCE_AIRCRAFT_VOL2-PROCUREMENT_MasterJustificationBook_Air_Force_PB_2015.zzz_unzipped-PROCUREMENT_MasterJustificationBook_Air_Force_PB_2015.xml","a90a3faa8661f0958a0901808890d67093da1edc0728f26e9236e37ed3b54059","2-bcb4b5bee18ef3a5f78272343b14aca88b0f83fd51e307127a41cff353b886b4","0-7449385e05dd7374b8f31ff9f9afd4d13af40cf00cb6dc5e60436520f7d6e7cf","root.record.ItemExhibitList.P5Item.P10AdvanceProcurement.APCostElementCategoryList.GFE.APCostElement"
"2013","","NAVAIR","2013-08","2015-05","19","3.396","true","2013-03","SS","FPIF","2015-BASE_PROCUREMENT-2015-AIRFORCE_AIRCRAFT_VOL2-PROCUREMENT_MasterJustificationBook_Air_Force_PB_2015.zzz_unzipped-PROCUREMENT_MasterJustificationBook_Air_Force_PB_2015.xml","a90a3faa8661f0958a0901808890d67093da1edc0728f26e9236e37ed3b54059","3-d9646c8b3c3d450a79beff9920cdf8aae99a2ed5fe78bcaecab97ee25c2a9b29","0-7449385e05dd7374b8f31ff9f9afd4d13af40cf00cb6dc5e60436520f7d6e7cf","root.record.ItemExhibitList.P5Item.P10AdvanceProcurement.APCostElementCategoryList.GFE.APCostElement"
"2014","","NAVAIR","2014-03","2016-05","26","3.811","true","2014-03","SS","FPIF","2015-BASE_PROCUREMENT-2015-AIRFORCE_AIRCRAFT_VOL2-PROCUREMENT_MasterJustificationBook_Air_Force_PB_2015.zzz_unzipped-PROCUREMENT_MasterJustificationBook_Air_Force_PB_2015.xml","a90a3faa8661f0958a0901808890d67093da1edc0728f26e9236e37ed3b54059","4-d014ce06833c2ecd4fa1f469b6b2095d72faf878838c27f518a776b9424f0aff","0-7449385e05dd7374b8f31ff9f9afd4d13af40cf00cb6dc5e60436520f7d6e7cf","root.record.ItemExhibitList.P5Item.P10AdvanceProcurement.APCostElementCategoryList.GFE.APCostElement"
"2015","","NAVAIR","2015-03","2017-01","44","1.459","true","2015-03","SS","FPIF","2015-BASE_PROCUREMENT-2015-AIRFORCE_AIRCRAFT_VOL2-PROCUREMENT_MasterJustificationBook_Air_Force_PB_2015.zzz_unzipped-PROCUREMENT_MasterJustificationBook_Air_Force_PB_2015.xml","a90a3faa8661f0958a0901808890d67093da1edc0728f26e9236e37ed3b54059","5-7c32838a4cdc3c44b027624a10da89b4be58ef51a48228e3edfa7793570115a6","0-7449385e05dd7374b8f31ff9f9afd4d13af40cf00cb6dc5e60436520f7d6e7cf","root.record.ItemExhibitList.P5Item.P10AdvanceProcurement.APCostElementCategoryList.GFE.APCostElement"
"2013","Reference footnote (1)","WPAFB, OH","2013-06","2016-01","6","2.000","true","2012-10","SS","Various","2015-BASE_PROCUREMENT-2015-AIRFORCE_AIRCRAFT_VOL2-PROCUREMENT_MasterJustificationBook_Air_Force_PB_2015.zzz_unzipped-PROCUREMENT_MasterJustificationBook_Air_Force_PB_2015.xml","8e9b86220f90ce455a14b686aeeb045957500e61279471fc35c4187b1270e5ed","0-e02dea778949d43504eb1c261a9a63fe0ba370af7a11f883e3c77023cc44abf0","0-707f4832d2c9db878413e1f199bcb88d9b51ea48c8d5fd6862ac42a3b61c0a3c","root.record.ItemExhibitList.P5Item.P10AdvanceProcurement.APCostElementCategoryList.GFE.APCostElement"
"2014","","WPAFB, OH","2014-03","2017-01","7","2.000","true","2012-10","SS","Various","2015-BASE_PROCUREMENT-2015-AIRFORCE_AIRCRAFT_VOL2-PROCUREMENT_MasterJustificationBook_Air_Force_PB_2015.zzz_unzipped-PROCUREMENT_MasterJustificationBook_Air_Force_PB_2015.xml","8e9b86220f90ce455a14b686aeeb045957500e61279471fc35c4187b1270e5ed","1-f53053ee6891a90cacf206bad0a697fecd63cfa911ef8461c18bb81942d78b1f","0-707f4832d2c9db878413e1f199bcb88d9b51ea48c8d5fd6862ac42a3b61c0a3c","root.record.ItemExhibitList.P5Item.P10AdvanceProcurement.APCostElementCategoryList.GFE.APCostElement"
"2015","","WPAFB, OH","2015-03","2017-08","14","2.000","true","2012-10","SS","Various","2015-BASE_PROCUREMENT-2015-AIRFORCE_AIRCRAFT_VOL2-PROCUREMENT_MasterJustificationBook_Air_Force_PB_2015.zzz_unzipped-PROCUREMENT_MasterJustificationBook_Air_Force_PB_2015.xml","8e9b86220f90ce455a14b686aeeb045957500e61279471fc35c4187b1270e5ed","2-fbe1c9f9f16848d3842dd105e1064df06b04a086517dace3292259c0ec3bd08f","0-707f4832d2c9db878413e1f199bcb88d9b51ea48c8d5fd6862ac42a3b61c0a3c","root.record.ItemExhibitList.P5Item.P10AdvanceProcurement.APCostElementCategoryList.GFE.APCostElement"
"2016","","WPAFB, OH","2016-03","2018-12","2","2.000","true","2012-10","SS","Various","2015-BASE_PROCUREMENT-2015-AIRFORCE_AIRCRAFT_VOL2-PROCUREMENT_MasterJustificationBook_Air_Force_PB_2015.zzz_unzipped-PROCUREMENT_MasterJustificationBook_Air_Force_PB_2015.xml","8e9b86220f90ce455a14b686aeeb045957500e61279471fc35c4187b1270e5ed","3-b2e1ed0f81808b6a13f23dd6ab0930c20bb97297d888c93fa134d4d9fc64a808","0-707f4832d2c9db878413e1f199bcb88d9b51ea48c8d5fd6862ac42a3b61c0a3c","root.record.ItemExhibitList.P5Item.P10AdvanceProcurement.APCostElementCategoryList.GFE.APCostElement"
"2014","","WPAFB, OH","2014-03","2017-02","4","2.000","true","2012-10","SS","FFP","2015-BASE_PROCUREMENT-2015-AIRFORCE_AIRCRAFT_VOL2-PROCUREMENT_MasterJustificationBook_Air_Force_PB_2015.zzz_unzipped-PROCUREMENT_MasterJustificationBook_Air_Force_PB_2015.xml","9d38bc75efdc1bb24fa15dd6fdcc79dd0ddabb23d16bb5fb0fb72b4ecbbd10cc","0-f862fe25cdcc7391a72ffd00954cadf43c2e22fe54002391aaa19020e4eae794","0-c7253adfec896e4171166a4e89db8cdacc12bbca88e203fd8458bf2001856e90","root.record.ItemExhibitList.P5Item.P10AdvanceProcurement.APCostElementCategoryList.GFE.APCostElement"
"2015","","WPAFB, OH","2015-03","2018-04","5","2.000","true","2012-10","SS","FFP","2015-BASE_PROCUREMENT-2015-AIRFORCE_AIRCRAFT_VOL2-PROCUREMENT_MasterJustificationBook_Air_Force_PB_2015.zzz_unzipped-PROCUREMENT_MasterJustificationBook_Air_Force_PB_2015.xml","9d38bc75efdc1bb24fa15dd6fdcc79dd0ddabb23d16bb5fb0fb72b4ecbbd10cc","1-755379a77a8561c6bf59ae82f453edd85d5617b9c57b972bd458bfe1209d7043","0-c7253adfec896e4171166a4e89db8cdacc12bbca88e203fd8458bf2001856e90","root.record.ItemExhibitList.P5Item.P10AdvanceProcurement.APCostElementCategoryList.GFE.APCostElement"
"2016","","WPAFB, OH","2016-03","2019-04","3","2.000","true","2012-10","SS","FFP","2015-BASE_PROCUREMENT-2015-AIRFORCE_AIRCRAFT_VOL2-PROCUREMENT_MasterJustificationBook_Air_Force_PB_2015.zzz_unzipped-PROCUREMENT_MasterJustificationBook_Air_Force_PB_2015.xml","9d38bc75efdc1bb24fa15dd6fdcc79dd0ddabb23d16bb5fb0fb72b4ecbbd10cc","2-9254e62c3b1866149e5fd3c5ea463e42a582aa1e87d3c5183e57a5aaf9fd3012","0-c7253adfec896e4171166a4e89db8cdacc12bbca88e203fd8458bf2001856e90","root.record.ItemExhibitList.P5Item.P10AdvanceProcurement.APCostElementCategoryList.GFE.APCostElement"
"2018","","WPAFB, OH","2018-03","2020-05","1","2.000","true","2017-10","SS","FFP","2015-BASE_PROCUREMENT-2015-AIRFORCE_AIRCRAFT_VOL2-PROCUREMENT_MasterJustificationBook_Air_Force_PB_2015.zzz_unzipped-PROCUREMENT_MasterJustificationBook_Air_Force_PB_2015.xml","9d38bc75efdc1bb24fa15dd6fdcc79dd0ddabb23d16bb5fb0fb72b4ecbbd10cc","3-695e9e7a2b14113306ddf308b8071b3f2bcd74dd5530652d4b956c6c94624dee","0-c7253adfec896e4171166a4e89db8cdacc12bbca88e203fd8458bf2001856e90","root.record.ItemExhibitList.P5Item.P10AdvanceProcurement.APCostElementCategoryList.GFE.APCostElement"
"2014","","WPAFB, OH","2014-03","2016-12","2","2.000","true","2012-10","SS","FFP","2015-BASE_PROCUREMENT-2015-AIRFORCE_AIRCRAFT_VOL2-PROCUREMENT_MasterJustificationBook_Air_Force_PB_2015.zzz_unzipped-PROCUREMENT_MasterJustificationBook_Air_Force_PB_2015.xml","a97dfc5ffa5535857cd61c3c158de84a1441decc875ced08ad568ff95d020f85","0-fb49a75652e99859d1c9f98b1ec271475965d2d67f59249d87df5017c220116c","0-1eb89412ebb2ad94329824b59402dd2817482b8a5920ce6fb056924642f2983e","root.record.ItemExhibitList.P5Item.P10AdvanceProcurement.APCostElementCategoryList.GFE.APCostElement"
"2015","","WPAFB, OH","2015-03","2017-11","8","2.000","true","2012-10","SS","FFP","2015-BASE_PROCUREMENT-2015-AIRFORCE_AIRCRAFT_VOL2-PROCUREMENT_MasterJustificationBook_Air_Force_PB_2015.zzz_unzipped-PROCUREMENT_MasterJustificationBook_Air_Force_PB_2015.xml","a97dfc5ffa5535857cd61c3c158de84a1441decc875ced08ad568ff95d020f85","1-59b4a975698616e9f4f06999af58d5e38036a879ae65af21989e97636837fff5","0-1eb89412ebb2ad94329824b59402dd2817482b8a5920ce6fb056924642f2983e","root.record.ItemExhibitList.P5Item.P10AdvanceProcurement.APCostElementCategoryList.GFE.APCostElement"
"2016","","WPAFB, OH","2016-03","2019-03","9","2.000","true","2012-10","SS","FFP","2015-BASE_PROCUREMENT-2015-AIRFORCE_AIRCRAFT_VOL2-PROCUREMENT_MasterJustificationBook_Air_Force_PB_2015.zzz_unzipped-PROCUREMENT_MasterJustificationBook_Air_Force_PB_2015.xml","a97dfc5ffa5535857cd61c3c158de84a1441decc875ced08ad568ff95d020f85","2-f78f58c7907eda9b803c9abde2197db3ebf7771806f9f653f35bcb86360e4b4d","0-1eb89412ebb2ad94329824b59402dd2817482b8a5920ce6fb056924642f2983e","root.record.ItemExhibitList.P5Item.P10AdvanceProcurement.APCostElementCategoryList.GFE.APCostElement"
"2017","","WPAFB, OH","2017-03","2019-12","5","2.000","true","2012-10","SS","FFP","2015-BASE_PROCUREMENT-2015-AIRFORCE_AIRCRAFT_VOL2-PROCUREMENT_MasterJustificationBook_Air_Force_PB_2015.zzz_unzipped-PROCUREMENT_MasterJustificationBook_Air_Force_PB_2015.xml","a97dfc5ffa5535857cd61c3c158de84a1441decc875ced08ad568ff95d020f85","3-b2bef4f36704f1565799dc9ec386f2d21efe00309f6fabb2ea70e87f4fd77afe","0-1eb89412ebb2ad94329824b59402dd2817482b8a5920ce6fb056924642f2983e","root.record.ItemExhibitList.P5Item.P10AdvanceProcurement.APCostElementCategoryList.GFE.APCostElement"
"2013","Reference footnote (1)","WPAFB, OH","2013-06","2016-01","6","2.000","true","2012-10","SS","Various","2015-AMENDED_PROCUREMENT_AND_RDTE-2015-AIRFORCE_AMMO-PROCUREMENT_JustificationBook_Air_Force_PBAmended_2015.zzz_unzipped-PROCUREMENT_JustificationBook_Air_Force_PBAmended_2015.xml","d27cefc2bb72e82de7748f7a1d1ff2a8ff7ad30cf7027a91e47ee29dad986610","0-78c409a1c00f3700e32d703da0fa4608d82fa9aa142aed2b2ea7fc13bdae5dcd","0-49d001d2baa2fbde7b909e49c6a28cf5e02cfe1d45f53fd836a6a5fe002a7d30","root.record.ItemExhibitList.P5Item.P10AdvanceProcurement.APCostElementCategoryList.GFE.APCostElement"
"2014","","WPAFB, OH","2014-03","2017-01","7","2.000","true","2012-10","SS","Various","2015-AMENDED_PROCUREMENT_AND_RDTE-2015-AIRFORCE_AMMO-PROCUREMENT_JustificationBook_Air_Force_PBAmended_2015.zzz_unzipped-PROCUREMENT_JustificationBook_Air_Force_PBAmended_2015.xml","d27cefc2bb72e82de7748f7a1d1ff2a8ff7ad30cf7027a91e47ee29dad986610","1-0adabfee265f8619e797f09061f4ba8b5fd200e9b499224ef2039e8e91d815e7","0-49d001d2baa2fbde7b909e49c6a28cf5e02cfe1d45f53fd836a6a5fe002a7d30","root.record.ItemExhibitList.P5Item.P10AdvanceProcurement.APCostElementCategoryList.GFE.APCostElement"
"2015","","WPAFB, OH","2015-03","2017-08","14","2.000","true","2012-10","SS","Various","2015-AMENDED_PROCUREMENT_AND_RDTE-2015-AIRFORCE_AMMO-PROCUREMENT_JustificationBook_Air_Force_PBAmended_2015.zzz_unzipped-PROCUREMENT_JustificationBook_Air_Force_PBAmended_2015.xml","d27cefc2bb72e82de7748f7a1d1ff2a8ff7ad30cf7027a91e47ee29dad986610","2-eac092005b0c4cf313adcee64f35107279c81b2bee224dc8b270d054a8f3aa09","0-49d001d2baa2fbde7b909e49c6a28cf5e02cfe1d45f53fd836a6a5fe002a7d30","root.record.ItemExhibitList.P5Item.P10AdvanceProcurement.APCostElementCategoryList.GFE.APCostElement"
"2016","","WPAFB, OH","2016-03","2018-12","2","2.000","true","2012-10","SS","Various","2015-AMENDED_PROCUREMENT_AND_RDTE-2015-AIRFORCE_AMMO-PROCUREMENT_JustificationBook_Air_Force_PBAmended_2015.zzz_unzipped-PROCUREMENT_JustificationBook_Air_Force_PBAmended_2015.xml","d27cefc2bb72e82de7748f7a1d1ff2a8ff7ad30cf7027a91e47ee29dad986610","3-8fe666146b61a88f094ae1b2224aac21eb1943e39c0f9612c89adbc5fa3adb0f","0-49d001d2baa2fbde7b909e49c6a28cf5e02cfe1d45f53fd836a6a5fe002a7d30","root.record.ItemExhibitList.P5Item.P10AdvanceProcurement.APCostElementCategoryList.GFE.APCostElement"
"2013","Reference footnote (1)","WPAFB, OH","2013-06","2016-01","6","2.000","true","2012-10","SS","Various","2015-AMENDED_PROCUREMENT_AND_RDTE-2015-AIRFORCE_AMMO-PROCUREMENT_MasterJustificationBook_Air_Force_PBAmended_2015.zzz_unzipped-PROCUREMENT_MasterJustificationBook_Air_Force_PBAmended_2015.xml","04277271467c34157fc353a716c1236673a9ef09c1f838c7ec2af5d1128b21cc","0-5ed98086519d347896fec1cc568cedf059c45bdb5d800a1b27aacd932c963a3d","0-29eef5674d6b35a069ded142fe1a20c2a509d5cbccddaf5660d7640014009643","root.record.ItemExhibitList.P5Item.P10AdvanceProcurement.APCostElementCategoryList.GFE.APCostElement"
"2014","","WPAFB, OH","2014-03","2017-01","7","2.000","true","2012-10","SS","Various","2015-AMENDED_PROCUREMENT_AND_RDTE-2015-AIRFORCE_AMMO-PROCUREMENT_MasterJustificationBook_Air_Force_PBAmended_2015.zzz_unzipped-PROCUREMENT_MasterJustificationBook_Air_Force_PBAmended_2015.xml","04277271467c34157fc353a716c1236673a9ef09c1f838c7ec2af5d1128b21cc","1-88580e1d8c224d85775245c100ea2182821f08adba0b6995914d6a9035d32dae","0-29eef5674d6b35a069ded142fe1a20c2a509d5cbccddaf5660d7640014009643","root.record.ItemExhibitList.P5Item.P10AdvanceProcurement.APCostElementCategoryList.GFE.APCostElement"
"2015","","WPAFB, OH","2015-03","2017-08","14","2.000","true","2012-10","SS","Various","2015-AMENDED_PROCUREMENT_AND_RDTE-2015-AIRFORCE_AMMO-PROCUREMENT_MasterJustificationBook_Air_Force_PBAmended_2015.zzz_unzipped-PROCUREMENT_MasterJustificationBook_Air_Force_PBAmended_2015.xml","04277271467c34157fc353a716c1236673a9ef09c1f838c7ec2af5d1128b21cc","2-2ddebe98e488af4dbd6e3f68ff898d6c0705a3b293dae59b9ca085332f752309","0-29eef5674d6b35a069ded142fe1a20c2a509d5cbccddaf5660d7640014009643","root.record.ItemExhibitList.P5Item.P10AdvanceProcurement.APCostElementCategoryList.GFE.APCostElement"
"2016","","WPAFB, OH","2016-03","2018-12","2","2.000","true","2012-10","SS","Various","2015-AMENDED_PROCUREMENT_AND_RDTE-2015-AIRFORCE_AMMO-PROCUREMENT_MasterJustificationBook_Air_Force_PBAmended_2015.zzz_unzipped-PROCUREMENT_MasterJustificationBook_Air_Force_PBAmended_2015.xml","04277271467c34157fc353a716c1236673a9ef09c1f838c7ec2af5d1128b21cc","3-edba44eb6a3f5fb222806c6efc3bb3174bc518af52dd8a2d3495d0da3048efef","0-29eef5674d6b35a069ded142fe1a20c2a509d5cbccddaf5660d7640014009643","root.record.ItemExhibitList.P5Item.P10AdvanceProcurement.APCostElementCategoryList.GFE.APCostElement"
"2016","","NAVAIR","2016-03","2017-05","48","2.109","true","2015-03","SS","FPIF","2016-BASE_PROCUREMENT-2016-AIRFORCE_AIRCRAFT_VOL1-PROCUREMENT_JustificationBook_Air_Force_PB_2016.zzz_unzipped-PROCUREMENT_JustificationBook_Air_Force_PB_2016.xml","f44d2c667314c228d741f2c842043a3825974c3652ac39e3bfd27328ff6d2fa2","0-9e1bc8730a10444260e3b8ad1769ba1e1eccff0ab73d17e3bd86acc877b3ca5c","0-1f60960df0f343dcf8dc7befd0673482eaeceae83ee094b6e764ed51e5b68012","root.record.ItemExhibitList.P5Item.P10AdvanceProcurement.APCostElementCategoryList.GFE.APCostElement"
"2016","","N/A","2015-12","2016-12","5","2.000","true","","SS","FFP","2016-BASE_PROCUREMENT-2016-AIRFORCE_AIRCRAFT_VOL1-PROCUREMENT_JustificationBook_Air_Force_PB_2016.zzz_unzipped-PROCUREMENT_JustificationBook_Air_Force_PB_2016.xml","2a3f7563d0ca311b4f7fc69de771b398377fd3242ec19b62e816a6fb3042cf7f","0-18a4552551ee7407c7ad0394c1cb5b04a04685a091570bd937242483d2992266","0-8686ac72278026e4993aab5d88e6643c49df80a219b2eb1784b357e0f48a75d1","root.record.ItemExhibitList.P5Item.P10AdvanceProcurement.APCostElementCategoryList.GFE.APCostElement"
"2016","","NAVAIR","2016-03","2017-05","48","2.109","true","2015-03","SS","FPIF","2016-BASE_PROCUREMENT-2016-AIRFORCE_AIRCRAFT_VOL2-PROCUREMENT_MasterJustificationBook_Air_Force_PB_2016.zzz_unzipped-PROCUREMENT_MasterJustificationBook_Air_Force_PB_2016.xml","0485cf02b8635a606917d60c2337e492c40ded75ff14634776a8126fa7df23d7","0-eba6ac53701a3d0275394f8db17c7abf2c7be91f6ae08351cbaae4ccc8ddc278","0-f2e195c326f2aef2c04e2161eb9ce368b6c4aaa1aecef8c8e5e6c522e0521318","root.record.ItemExhibitList.P5Item.P10AdvanceProcurement.APCostElementCategoryList.GFE.APCostElement"
"2016","","N/A","2015-12","2016-12","5","2.000","true","","SS","FFP","2016-BASE_PROCUREMENT-2016-AIRFORCE_AIRCRAFT_VOL2-PROCUREMENT_MasterJustificationBook_Air_Force_PB_2016.zzz_unzipped-PROCUREMENT_MasterJustificationBook_Air_Force_PB_2016.xml","06413109f09458e1d20d0d8c668a4bfde7b94137945d7743cd97c2331c8391ee","0-49ecb7419eb2d5b9f7a3acfbf87873e80ce3aec63cf47849244e6dbbf61fe440","0-65229d19ae75673a97614299e66bb595bb1b1d04eef8b706d9282217b1d52387","root.record.ItemExhibitList.P5Item.P10AdvanceProcurement.APCostElementCategoryList.GFE.APCostElement"
"2015","","NAVAIR","2016-03","2016-05","47","1.961","true","2014-03","SS","FPIF","2017-BASE_PROCUREMENT-2017-AIRFORCE_AIRCRAFT_VOL1-U_PROCUREMENT_JustificationBook_Air_Force_PB_2017.zzz_unzipped-U_PROCUREMENT_JustificationBook_Air_Force_PB_2017.xml","ee296b91c541d56100cb2ac046f671d1a95422b7bfedefe8ed6f428e04be3c20","0-ebfa8974b7a8eb083585de5345286ee94b88a69c6217bfb0ddf9908847187e07","0-49600c9691bd2afe07674fc03a7c85ceacac9e6554a76619479c50785375f2c9","root.record.ItemExhibitList.P5Item.P10AdvanceProcurement.APCostElementCategoryList.GFE.APCostElement"
"2016","","NAVAIR","2016-03","2017-05","43","2.355","true","2015-03","SS","FPIF","2017-BASE_PROCUREMENT-2017-AIRFORCE_AIRCRAFT_VOL1-U_PROCUREMENT_JustificationBook_Air_Force_PB_2017.zzz_unzipped-U_PROCUREMENT_JustificationBook_Air_Force_PB_2017.xml","ee296b91c541d56100cb2ac046f671d1a95422b7bfedefe8ed6f428e04be3c20","1-245ae65737f8c908885ada7527fc0e019bd910ad9258121cfb199c99064b7c30","0-49600c9691bd2afe07674fc03a7c85ceacac9e6554a76619479c50785375f2c9","root.record.ItemExhibitList.P5Item.P10AdvanceProcurement.APCostElementCategoryList.GFE.APCostElement"
"2017","","NAVAIR","2017-03","2018-05","43","2.070","true","2016-03","SS","FPIF","2017-BASE_PROCUREMENT-2017-AIRFORCE_AIRCRAFT_VOL1-U_PROCUREMENT_JustificationBook_Air_Force_PB_2017.zzz_unzipped-U_PROCUREMENT_JustificationBook_Air_Force_PB_2017.xml","ee296b91c541d56100cb2ac046f671d1a95422b7bfedefe8ed6f428e04be3c20","2-e57eaa03624f4be2ffb4b7691f461b18a1aa4e70462e757a767795dff6a95ae3","0-49600c9691bd2afe07674fc03a7c85ceacac9e6554a76619479c50785375f2c9","root.record.ItemExhibitList.P5Item.P10AdvanceProcurement.APCostElementCategoryList.GFE.APCostElement"
"2015","","NAVAIR","2016-03","2016-05","47","1.961","true","2014-03","SS","FPIF","2017-BASE_PROCUREMENT-2017-AIRFORCE_AIRCRAFT_VOL1-U_PROCUREMENT_MasterJustificationBook_Air_Force_PB_2017.zzz_unzipped-U_PROCUREMENT_MasterJustificationBook_Air_Force_PB_2017.xml","54ceb5c06156f9c55e6b849926ac030a11c42ee97375688e8ebb955b86c8ae13","0-47c009879767d9ad677137ebfd8077a4b7a88bd4df3e89cefc4899e0144dd917","0-ebdd56e2e515d7616f24c3341800c4c42cbe35750790727b91d7de40037affca","root.record.ItemExhibitList.P5Item.P10AdvanceProcurement.APCostElementCategoryList.GFE.APCostElement"
"2016","","NAVAIR","2016-03","2017-05","43","2.355","true","2015-03","SS","FPIF","2017-BASE_PROCUREMENT-2017-AIRFORCE_AIRCRAFT_VOL1-U_PROCUREMENT_MasterJustificationBook_Air_Force_PB_2017.zzz_unzipped-U_PROCUREMENT_MasterJustificationBook_Air_Force_PB_2017.xml","54ceb5c06156f9c55e6b849926ac030a11c42ee97375688e8ebb955b86c8ae13","1-cc469b56a3259fd2f63c7e7791099a57c4f949dcfe7f79d55edb861aceebbfe7","0-ebdd56e2e515d7616f24c3341800c4c42cbe35750790727b91d7de40037affca","root.record.ItemExhibitList.P5Item.P10AdvanceProcurement.APCostElementCategoryList.GFE.APCostElement"
"2017","","NAVAIR","2017-03","2018-05","43","2.070","true","2016-03","SS","FPIF","2017-BASE_PROCUREMENT-2017-AIRFORCE_AIRCRAFT_VOL1-U_PROCUREMENT_MasterJustificationBook_Air_Force_PB_2017.zzz_unzipped-U_PROCUREMENT_MasterJustificationBook_Air_Force_PB_2017.xml","54ceb5c06156f9c55e6b849926ac030a11c42ee97375688e8ebb955b86c8ae13","2-cdbd1ad3646d6178fde4a6b0849bd5ea0b2327237ad914e3b65c229d6e0a9152","0-ebdd56e2e515d7616f24c3341800c4c42cbe35750790727b91d7de40037affca","root.record.ItemExhibitList.P5Item.P10AdvanceProcurement.APCostElementCategoryList.GFE.APCostElement"
"2015","","NAVAIR","2016-03","2016-05","47","1.961","true","2014-03","SS","FPIF","2017-BASE_PROCUREMENT-2017-AIRFORCE_AIRCRAFT_VOL2-U_PROCUREMENT_MasterJustificationBook_Air_Force_PB_2017.zzz_unzipped-U_PROCUREMENT_MasterJustificationBook_Air_Force_PB_2017.xml","078d421d81190ecf8a486faab49d2e8ea4d456b0d51f6459cc6c7199455602cd","0-2ba435cae0ae12f68faaf2a11a619ea06a43093df1c2f81b28d694c226675755","0-ba3a7622acb4bb161f709d4629ad94ab611b2e69d4a437a0583daea1b3d1f5c3","root.record.ItemExhibitList.P5Item.P10AdvanceProcurement.APCostElementCategoryList.GFE.APCostElement"
"2016","","NAVAIR","2016-03","2017-05","43","2.355","true","2015-03","SS","FPIF","2017-BASE_PROCUREMENT-2017-AIRFORCE_AIRCRAFT_VOL2-U_PROCUREMENT_MasterJustificationBook_Air_Force_PB_2017.zzz_unzipped-U_PROCUREMENT_MasterJustificationBook_Air_Force_PB_2017.xml","078d421d81190ecf8a486faab49d2e8ea4d456b0d51f6459cc6c7199455602cd","1-34305f27af6a5c2c32b30a245bee5b0bcac747e34c1e564f88111a28a4742612","0-ba3a7622acb4bb161f709d4629ad94ab611b2e69d4a437a0583daea1b3d1f5c3","root.record.ItemExhibitList.P5Item.P10AdvanceProcurement.APCostElementCategoryList.GFE.APCostElement"
"2017","","NAVAIR","2017-03","2018-05","43","2.070","true","2016-03","SS","FPIF","2017-BASE_PROCUREMENT-2017-AIRFORCE_AIRCRAFT_VOL2-U_PROCUREMENT_MasterJustificationBook_Air_Force_PB_2017.zzz_unzipped-U_PROCUREMENT_MasterJustificationBook_Air_Force_PB_2017.xml","078d421d81190ecf8a486faab49d2e8ea4d456b0d51f6459cc6c7199455602cd","2-b4f64e8b9b7e52061b883157837f3d562f35beba94ffddf6dc783af956dc82ed","0-ba3a7622acb4bb161f709d4629ad94ab611b2e69d4a437a0583daea1b3d1f5c3","root.record.ItemExhibitList.P5Item.P10AdvanceProcurement.APCostElementCategoryList.GFE.APCostElement"
"2016","","NAVAIR","2016-07","2017-05","48","2.110","true","2015-03","SS","FPIF","2018-BASE_PROCUREMENT-2018-AIRFORCE_AIRCRAFT_VOL1-U_PROCUREMENT_JustificationBook_Air_Force_PB_2018.zzz_unzipped-U_PROCUREMENT_JustificationBook_Air_Force_PB_2018.xml","a30f2c236c5384ee16ac505377b81d18639f300a5bc38116f7a4b25eef710752","0-e0a328b48dc77783a72b02c5f4fc38ffbaec9a211dab1eb500a5ab655526a7ea","0-fb9d87d662bb3a676ccfb362521a4d390899fc49a2e1b071ef8add11f11ea435","root.record.ItemExhibitList.P5Item.P10AdvanceProcurement.APCostElementCategoryList.GFE.APCostElement"
"2017","","NAVAIR","2017-05","2018-05","46","1.935","true","2016-03","SS","FPIF","2018-BASE_PROCUREMENT-2018-AIRFORCE_AIRCRAFT_VOL1-U_PROCUREMENT_JustificationBook_Air_Force_PB_2018.zzz_unzipped-U_PROCUREMENT_JustificationBook_Air_Force_PB_2018.xml","a30f2c236c5384ee16ac505377b81d18639f300a5bc38116f7a4b25eef710752","1-483924dbb639b44d3f40a2b701d9cbf2363ffbecb63a8a6686d20ebaace459e8","0-fb9d87d662bb3a676ccfb362521a4d390899fc49a2e1b071ef8add11f11ea435","root.record.ItemExhibitList.P5Item.P10AdvanceProcurement.APCostElementCategoryList.GFE.APCostElement"
"2018","","NAVAIR","2018-03","2019-05","48","1.272","true","2017-03","SS","FPIF","2018-BASE_PROCUREMENT-2018-AIRFORCE_AIRCRAFT_VOL1-U_PROCUREMENT_JustificationBook_Air_Force_PB_2018.zzz_unzipped-U_PROCUREMENT_JustificationBook_Air_Force_PB_2018.xml","a30f2c236c5384ee16ac505377b81d18639f300a5bc38116f7a4b25eef710752","2-6cc7f1c5a3e38ca24b04d3c30266a2ec72dccaa17c2b59ed10bdc55f96913d2e","0-fb9d87d662bb3a676ccfb362521a4d390899fc49a2e1b071ef8add11f11ea435","root.record.ItemExhibitList.P5Item.P10AdvanceProcurement.APCostElementCategoryList.GFE.APCostElement"
"2016","","NAVAIR","2016-07","2017-05","0","0.000","true","2015-03","SS","FPIF","2018-BASE_PROCUREMENT-2018-AIRFORCE_AIRCRAFT_VOL1-U_PROCUREMENT_JustificationBook_Air_Force_PB_2018.zzz_unzipped-U_PROCUREMENT_JustificationBook_Air_Force_PB_2018.xml","a30f2c236c5384ee16ac505377b81d18639f300a5bc38116f7a4b25eef710752","0-4721147748a7f7c30c7b2e4252fad3fb45d16f25ca307c9dba3589fed3d83ae5","1-ce9f3354d05b8165d07055b365980270d33beea48722072f24c6a6745cd8211a","root.record.ItemExhibitList.P5Item.P10AdvanceProcurement.APCostElementCategoryList.GFE.APCostElement"
"2017","","NAVAIR","2017-05","2018-05","0","0.000","true","2016-03","SS","FPIF","2018-BASE_PROCUREMENT-2018-AIRFORCE_AIRCRAFT_VOL1-U_PROCUREMENT_JustificationBook_Air_Force_PB_2018.zzz_unzipped-U_PROCUREMENT_JustificationBook_Air_Force_PB_2018.xml","a30f2c236c5384ee16ac505377b81d18639f300a5bc38116f7a4b25eef710752","1-b7d9163b48b330ca5df0eb7c98ee9f9ba4a3e2f54b9d48543874239b1171c6af","1-ce9f3354d05b8165d07055b365980270d33beea48722072f24c6a6745cd8211a","root.record.ItemExhibitList.P5Item.P10AdvanceProcurement.APCostElementCategoryList.GFE.APCostElement"
"2018","","NAVAIR","2018-03","2019-05","48","0.502","true","2017-03","SS","FPIF","2018-BASE_PROCUREMENT-2018-AIRFORCE_AIRCRAFT_VOL1-U_PROCUREMENT_JustificationBook_Air_Force_PB_2018.zzz_unzipped-U_PROCUREMENT_JustificationBook_Air_Force_PB_2018.xml","a30f2c236c5384ee16ac505377b81d18639f300a5bc38116f7a4b25eef710752","2-45ec70625e838a327080868728bdee3f6efccb3c5399895b3a0699523d4cb0ef","1-ce9f3354d05b8165d07055b365980270d33beea48722072f24c6a6745cd8211a","root.record.ItemExhibitList.P5Item.P10AdvanceProcurement.APCostElementCategoryList.GFE.APCostElement"
"2016","","NAVAIR","2016-07","2017-05","0","0.000","true","2015-03","SS","FPIF","2018-BASE_PROCUREMENT-2018-AIRFORCE_AIRCRAFT_VOL1-U_PROCUREMENT_JustificationBook_Air_Force_PB_2018.zzz_unzipped-U_PROCUREMENT_JustificationBook_Air_Force_PB_2018.xml","a30f2c236c5384ee16ac505377b81d18639f300a5bc38116f7a4b25eef710752","0-e071dd4953eb26d821dd772f8639a12f7f5c1a0d7f45d302b0c93e01e4ecf923","2-8b244cd3d11882ef287062b69a2312f6f5f30004a73f312c4d644b91fafaeee7","root.record.ItemExhibitList.P5Item.P10AdvanceProcurement.APCostElementCategoryList.GFE.APCostElement"
"2017","","NAVAIR","2017-05","2018-05","0","0.000","true","2016-03","SS","FPIF","2018-BASE_PROCUREMENT-2018-AIRFORCE_AIRCRAFT_VOL1-U_PROCUREMENT_JustificationBook_Air_Force_PB_2018.zzz_unzipped-U_PROCUREMENT_JustificationBook_Air_Force_PB_2018.xml","a30f2c236c5384ee16ac505377b81d18639f300a5bc38116f7a4b25eef710752","1-6dcd45dc44159a54ed3bd9ad35b71fc626f135393d51f5163e948c784a7d029a","2-8b244cd3d11882ef287062b69a2312f6f5f30004a73f312c4d644b91fafaeee7","root.record.ItemExhibitList.P5Item.P10AdvanceProcurement.APCostElementCategoryList.GFE.APCostElement"
"2018","","NAVAIR","2018-03","2019-05","48","0.502","true","2017-03","SS","FPIF","2018-BASE_PROCUREMENT-2018-AIRFORCE_AIRCRAFT_VOL1-U_PROCUREMENT_JustificationBook_Air_Force_PB_2018.zzz_unzipped-U_PROCUREMENT_JustificationBook_Air_Force_PB_2018.xml","a30f2c236c5384ee16ac505377b81d18639f300a5bc38116f7a4b25eef710752","2-e9cfd18dddfabdd86c6c8965a0b734f91f43a8e2d7a529b1de8fb15bb3b0534d","2-8b244cd3d11882ef287062b69a2312f6f5f30004a73f312c4d644b91fafaeee7","root.record.ItemExhibitList.P5Item.P10AdvanceProcurement.APCostElementCategoryList.GFE.APCostElement"
"2016","","NAVAIR","2016-07","2017-05","0","0.000","true","2015-03","SS","FPIF","2018-BASE_PROCUREMENT-2018-AIRFORCE_AIRCRAFT_VOL1-U_PROCUREMENT_JustificationBook_Air_Force_PB_2018.zzz_unzipped-U_PROCUREMENT_JustificationBook_Air_Force_PB_2018.xml","a30f2c236c5384ee16ac505377b81d18639f300a5bc38116f7a4b25eef710752","0-4ceb17b283331ebba901ab8280c180ec852fd4485de1847b4ec91674d0acdb9e","3-aea5b901c1c6174f348a51987e560a8eb57912825f941b2d345118e3abf198ea","root.record.ItemExhibitList.P5Item.P10AdvanceProcurement.APCostElementCategoryList.GFE.APCostElement"
"2017","","NAVAIR","2017-05","2018-05","0","0.000","true","2016-03","SS","FPIF","2018-BASE_PROCUREMENT-2018-AIRFORCE_AIRCRAFT_VOL1-U_PROCUREMENT_JustificationBook_Air_Force_PB_2018.zzz_unzipped-U_PROCUREMENT_JustificationBook_Air_Force_PB_2018.xml","a30f2c236c5384ee16ac505377b81d18639f300a5bc38116f7a4b25eef710752","1-09523802cd303ab3d8318d19fca040d0b921afbab1c782d982cc0134e5334ab5","3-aea5b901c1c6174f348a51987e560a8eb57912825f941b2d345118e3abf198ea","root.record.ItemExhibitList.P5Item.P10AdvanceProcurement.APCostElementCategoryList.GFE.APCostElement"
"2018","","NAVAIR","2018-03","2019-05","0","0.000","true","2017-03","SS","FPIF","2018-BASE_PROCUREMENT-2018-AIRFORCE_AIRCRAFT_VOL1-U_PROCUREMENT_JustificationBook_Air_Force_PB_2018.zzz_unzipped-U_PROCUREMENT_JustificationBook_Air_Force_PB_2018.xml","a30f2c236c5384ee16ac505377b81d18639f300a5bc38116f7a4b25eef710752","2-aec1965c133d1094eb4bd74e6a5e41c3dbcff013e052926adc71ade316100765","3-aea5b901c1c6174f348a51987e560a8eb57912825f941b2d345118e3abf198ea","root.record.ItemExhibitList.P5Item.P10AdvanceProcurement.APCostElementCategoryList.GFE.APCostElement"
"2016","","NAVAIR","2016-07","2017-05","0","0.000","true","2015-03","SS","FPIF","2018-BASE_PROCUREMENT-2018-AIRFORCE_AIRCRAFT_VOL1-U_PROCUREMENT_JustificationBook_Air_Force_PB_2018.zzz_unzipped-U_PROCUREMENT_JustificationBook_Air_Force_PB_2018.xml","a30f2c236c5384ee16ac505377b81d18639f300a5bc38116f7a4b25eef710752","0-92f057d3a9f525fc8f16456147862b1c75652e9192d24811b94d654d288e9c95","4-58b77584f5b1f39cad8d11c229ce97632a6c45a8f732e53acd897456e8469e2e","root.record.ItemExhibitList.P5Item.P10AdvanceProcurement.APCostElementCategoryList.GFE.APCostElement"
"2017","","NAVAIR","2017-05","2018-05","0","0.000","true","2016-03","SS","FPIF","2018-BASE_PROCUREMENT-2018-AIRFORCE_AIRCRAFT_VOL1-U_PROCUREMENT_JustificationBook_Air_Force_PB_2018.zzz_unzipped-U_PROCUREMENT_JustificationBook_Air_Force_PB_2018.xml","a30f2c236c5384ee16ac505377b81d18639f300a5bc38116f7a4b25eef710752","1-f6cd3cf72fd07949b3b80fefcca097b85ebecf251c69e1c92898d6fd0b1f7269","4-58b77584f5b1f39cad8d11c229ce97632a6c45a8f732e53acd897456e8469e2e","root.record.ItemExhibitList.P5Item.P10AdvanceProcurement.APCostElementCategoryList.GFE.APCostElement"
"2018","","NAVAIR","2018-03","2019-05","0","0.000","true","2017-03","SS","FPIF","2018-BASE_PROCUREMENT-2018-AIRFORCE_AIRCRAFT_VOL1-U_PROCUREMENT_JustificationBook_Air_Force_PB_2018.zzz_unzipped-U_PROCUREMENT_JustificationBook_Air_Force_PB_2018.xml","a30f2c236c5384ee16ac505377b81d18639f300a5bc38116f7a4b25eef710752","2-bc043fe6db249686591d4232b978c33be3533d740303c16ed4715d821785a1ab","4-58b77584f5b1f39cad8d11c229ce97632a6c45a8f732e53acd897456e8469e2e","root.record.ItemExhibitList.P5Item.P10AdvanceProcurement.APCostElementCategoryList.GFE.APCostElement"
"2016","","NAVAIR","2016-07","2017-05","0","0.000","true","2015-03","SS","FPIF","2018-BASE_PROCUREMENT-2018-AIRFORCE_AIRCRAFT_VOL1-U_PROCUREMENT_JustificationBook_Air_Force_PB_2018.zzz_unzipped-U_PROCUREMENT_JustificationBook_Air_Force_PB_2018.xml","a30f2c236c5384ee16ac505377b81d18639f300a5bc38116f7a4b25eef710752","0-c60cdc23d1b93485f53515974cb8d2021667e8261342169299fe984c701d4e48","5-ef384214ceede3d3a4a626106ee86208dbc69918381c64430e8cbae2273ef4e4","root.record.ItemExhibitList.P5Item.P10AdvanceProcurement.APCostElementCategoryList.GFE.APCostElement"
"2017","","NAVAIR","2017-05","2018-05","0","0.000","true","2016-03","SS","FPIF","2018-BASE_PROCUREMENT-2018-AIRFORCE_AIRCRAFT_VOL1-U_PROCUREMENT_JustificationBook_Air_Force_PB_2018.zzz_unzipped-U_PROCUREMENT_JustificationBook_Air_Force_PB_2018.xml","a30f2c236c5384ee16ac505377b81d18639f300a5bc38116f7a4b25eef710752","1-13ecc1632b6f6f5cc193a9a5b7faeefec327621a846f87bc9587d948acf60cc3","5-ef384214ceede3d3a4a626106ee86208dbc69918381c64430e8cbae2273ef4e4","root.record.ItemExhibitList.P5Item.P10AdvanceProcurement.APCostElementCategoryList.GFE.APCostElement"
"2018","","NAVAIR","2018-03","2019-05","0","0.000","true","2017-03","SS","FPIF","2018-BASE_PROCUREMENT-2018-AIRFORCE_AIRCRAFT_VOL1-U_PROCUREMENT_JustificationBook_Air_Force_PB_2018.zzz_unzipped-U_PROCUREMENT_JustificationBook_Air_Force_PB_2018.xml","a30f2c236c5384ee16ac505377b81d18639f300a5bc38116f7a4b25eef710752","2-1f3c8eaa043023fd6765977a5c55439669ac11844207fa8feec9f6a7839ad7e7","5-ef384214ceede3d3a4a626106ee86208dbc69918381c64430e8cbae2273ef4e4","root.record.ItemExhibitList.P5Item.P10AdvanceProcurement.APCostElementCategoryList.GFE.APCostElement"
"2016","","NAVAIR","2016-07","2017-05","0","0.000","true","2015-03","SS","FPIF","2018-BASE_PROCUREMENT-2018-AIRFORCE_AIRCRAFT_VOL1-U_PROCUREMENT_JustificationBook_Air_Force_PB_2018.zzz_unzipped-U_PROCUREMENT_JustificationBook_Air_Force_PB_2018.xml","a30f2c236c5384ee16ac505377b81d18639f300a5bc38116f7a4b25eef710752","0-c494ca4b1e6232803a18243f66957a67da5a08d7d7b1753416e9b49fe8d9b73a","6-45cf7d2c2cae784b8a8afee6cbebfd4fbb12b898111542c32cd506cbb758084b","root.record.ItemExhibitList.P5Item.P10AdvanceProcurement.APCostElementCategoryList.GFE.APCostElement"
"2017","","NAVAIR","2017-05","2018-05","0","0.000","true","2016-03","SS","FPIF","2018-BASE_PROCUREMENT-2018-AIRFORCE_AIRCRAFT_VOL1-U_PROCUREMENT_JustificationBook_Air_Force_PB_2018.zzz_unzipped-U_PROCUREMENT_JustificationBook_Air_Force_PB_2018.xml","a30f2c236c5384ee16ac505377b81d18639f300a5bc38116f7a4b25eef710752","1-cbd46b53f571275228a3be2dca53dc3f300d0d80811fd3950db38c4af081d37c","6-45cf7d2c2cae784b8a8afee6cbebfd4fbb12b898111542c32cd506cbb758084b","root.record.ItemExhibitList.P5Item.P10AdvanceProcurement.APCostElementCategoryList.GFE.APCostElement"
"2018","","NAVAIR","2018-03","2019-05","0","0.000","true","2017-03","SS","FPIF","2018-BASE_PROCUREMENT-2018-AIRFORCE_AIRCRAFT_VOL1-U_PROCUREMENT_JustificationBook_Air_Force_PB_2018.zzz_unzipped-U_PROCUREMENT_JustificationBook_Air_Force_PB_2018.xml","a30f2c236c5384ee16ac505377b81d18639f300a5bc38116f7a4b25eef710752","2-0c5221d634f81cb0e355666f00b902731fab286e8375443f11921d4ab7fc219c","6-45cf7d2c2cae784b8a8afee6cbebfd4fbb12b898111542c32cd506cbb758084b","root.record.ItemExhibitList.P5Item.P10AdvanceProcurement.APCostElementCategoryList.GFE.APCostElement"
"2016","","NAVAIR","2016-07","2017-05","48","2.110","true","2015-03","SS","FPIF","2018-BASE_PROCUREMENT-2018-AIRFORCE_AIRCRAFT_VOL2-U_PROCUREMENT_MasterJustificationBook_Air_Force_PB_2018.zzz_unzipped-U_PROCUREMENT_MasterJustificationBook_Air_Force_PB_2018.xml","ec7c8fc0c391f9422d637e8cf6c3d4a59f3faa8a33fbbc2a34a2ae7115414e56","0-dd8bce8d762b5322ce8cfe6e198969858053711d5a4f86b02fd9601cbe3559bc","0-320de25cf34fb2c53da4411b3ee1f6c5d9ec5ce0f7b8f2be7bfcf9931477eac4","root.record.ItemExhibitList.P5Item.P10AdvanceProcurement.APCostElementCategoryList.GFE.APCostElement"
"2017","","NAVAIR","2017-05","2018-05","46","1.935","true","2016-03","SS","FPIF","2018-BASE_PROCUREMENT-2018-AIRFORCE_AIRCRAFT_VOL2-U_PROCUREMENT_MasterJustificationBook_Air_Force_PB_2018.zzz_unzipped-U_PROCUREMENT_MasterJustificationBook_Air_Force_PB_2018.xml","ec7c8fc0c391f9422d637e8cf6c3d4a59f3faa8a33fbbc2a34a2ae7115414e56","1-48fc861e86f0ad9b37186a7bd67500be03a3174729db717656751b74096d2e78","0-320de25cf34fb2c53da4411b3ee1f6c5d9ec5ce0f7b8f2be7bfcf9931477eac4","root.record.ItemExhibitList.P5Item.P10AdvanceProcurement.APCostElementCategoryList.GFE.APCostElement"
"2018","","NAVAIR","2018-03","2019-05","48","1.272","true","2017-03","SS","FPIF","2018-BASE_PROCUREMENT-2018-AIRFORCE_AIRCRAFT_VOL2-U_PROCUREMENT_MasterJustificationBook_Air_Force_PB_2018.zzz_unzipped-U_PROCUREMENT_MasterJustificationBook_Air_Force_PB_2018.xml","ec7c8fc0c391f9422d637e8cf6c3d4a59f3faa8a33fbbc2a34a2ae7115414e56","2-177999f71529b6ca3268e51c770ff528936021252db538303fd7041577e22adf","0-320de25cf34fb2c53da4411b3ee1f6c5d9ec5ce0f7b8f2be7bfcf9931477eac4","root.record.ItemExhibitList.P5Item.P10AdvanceProcurement.APCostElementCategoryList.GFE.APCostElement"
"2016","","NAVAIR","2016-07","2017-05","0","0.000","true","2015-03","SS","FPIF","2018-BASE_PROCUREMENT-2018-AIRFORCE_AIRCRAFT_VOL2-U_PROCUREMENT_MasterJustificationBook_Air_Force_PB_2018.zzz_unzipped-U_PROCUREMENT_MasterJustificationBook_Air_Force_PB_2018.xml","ec7c8fc0c391f9422d637e8cf6c3d4a59f3faa8a33fbbc2a34a2ae7115414e56","0-6089ea211f16affa86e46882de00e408b6467a4008993a0321847ee8773c7edd","1-ea4b36e199f6e7e283f2e920911dd23d20b7d038998afe059fa02623e7387ecd","root.record.ItemExhibitList.P5Item.P10AdvanceProcurement.APCostElementCategoryList.GFE.APCostElement"
"2017","","NAVAIR","2017-05","2018-05","0","0.000","true","2016-03","SS","FPIF","2018-BASE_PROCUREMENT-2018-AIRFORCE_AIRCRAFT_VOL2-U_PROCUREMENT_MasterJustificationBook_Air_Force_PB_2018.zzz_unzipped-U_PROCUREMENT_MasterJustificationBook_Air_Force_PB_2018.xml","ec7c8fc0c391f9422d637e8cf6c3d4a59f3faa8a33fbbc2a34a2ae7115414e56","1-b01c14debc13d2364be09b6b6a7c309fb80611182c770d2b2dbea2506c07fe0c","1-ea4b36e199f6e7e283f2e920911dd23d20b7d038998afe059fa02623e7387ecd","root.record.ItemExhibitList.P5Item.P10AdvanceProcurement.APCostElementCategoryList.GFE.APCostElement"
"2018","","NAVAIR","2018-03","2019-05","48","0.502","true","2017-03","SS","FPIF","2018-BASE_PROCUREMENT-2018-AIRFORCE_AIRCRAFT_VOL2-U_PROCUREMENT_MasterJustificationBook_Air_Force_PB_2018.zzz_unzipped-U_PROCUREMENT_MasterJustificationBook_Air_Force_PB_2018.xml","ec7c8fc0c391f9422d637e8cf6c3d4a59f3faa8a33fbbc2a34a2ae7115414e56","2-264d512552679941d7cdaee2053d483e5dac47cdec77fd853a21c8754187150f","1-ea4b36e199f6e7e283f2e920911dd23d20b7d038998afe059fa02623e7387ecd","root.record.ItemExhibitList.P5Item.P10AdvanceProcurement.APCostElementCategoryList.GFE.APCostElement"
"2016","","NAVAIR","2016-07","2017-05","0","0.000","true","2015-03","SS","FPIF","2018-BASE_PROCUREMENT-2018-AIRFORCE_AIRCRAFT_VOL2-U_PROCUREMENT_MasterJustificationBook_Air_Force_PB_2018.zzz_unzipped-U_PROCUREMENT_MasterJustificationBook_Air_Force_PB_2018.xml","ec7c8fc0c391f9422d637e8cf6c3d4a59f3faa8a33fbbc2a34a2ae7115414e56","0-0524c38ac596a5c733636697e8d1a580bd489e47452eb02e553320571c111f71","2-6a03dd66e26c18d8b69e3d37c4c55c3233c3f37ae2cab5806c42bdf26fee566c","root.record.ItemExhibitList.P5Item.P10AdvanceProcurement.APCostElementCategoryList.GFE.APCostElement"
"2017","","NAVAIR","2017-05","2018-05","0","0.000","true","2016-03","SS","FPIF","2018-BASE_PROCUREMENT-2018-AIRFORCE_AIRCRAFT_VOL2-U_PROCUREMENT_MasterJustificationBook_Air_Force_PB_2018.zzz_unzipped-U_PROCUREMENT_MasterJustificationBook_Air_Force_PB_2018.xml","ec7c8fc0c391f9422d637e8cf6c3d4a59f3faa8a33fbbc2a34a2ae7115414e56","1-d8d22c4d1115ea88bb42cf3ef8c04f5f198290e38c998d65f269b92373ddf95d","2-6a03dd66e26c18d8b69e3d37c4c55c3233c3f37ae2cab5806c42bdf26fee566c","root.record.ItemExhibitList.P5Item.P10AdvanceProcurement.APCostElementCategoryList.GFE.APCostElement"
"2018","","NAVAIR","2018-03","2019-05","48","0.502","true","2017-03","SS","FPIF","2018-BASE_PROCUREMENT-2018-AIRFORCE_AIRCRAFT_VOL2-U_PROCUREMENT_MasterJustificationBook_Air_Force_PB_2018.zzz_unzipped-U_PROCUREMENT_MasterJustificationBook_Air_Force_PB_2018.xml","ec7c8fc0c391f9422d637e8cf6c3d4a59f3faa8a33fbbc2a34a2ae7115414e56","2-cf716c685a21c64cad9a03d308d37cca1545f9c98f8b2a9645733783df18c227","2-6a03dd66e26c18d8b69e3d37c4c55c3233c3f37ae2cab5806c42bdf26fee566c","root.record.ItemExhibitList.P5Item.P10AdvanceProcurement.APCostElementCategoryList.GFE.APCostElement"
"2016","","NAVAIR","2016-07","2017-05","0","0.000","true","2015-03","SS","FPIF","2018-BASE_PROCUREMENT-2018-AIRFORCE_AIRCRAFT_VOL2-U_PROCUREMENT_MasterJustificationBook_Air_Force_PB_2018.zzz_unzipped-U_PROCUREMENT_MasterJustificationBook_Air_Force_PB_2018.xml","ec7c8fc0c391f9422d637e8cf6c3d4a59f3faa8a33fbbc2a34a2ae7115414e56","0-c01cc8a00333ded98448a47d871558090a2afc16b2587bf8745d8772dc2b9f30","3-65a010e32091956fff3a51115fda14196bacc3bb0d7e69fd607e317b5a2a04da","root.record.ItemExhibitList.P5Item.P10AdvanceProcurement.APCostElementCategoryList.GFE.APCostElement"
"2017","","NAVAIR","2017-05","2018-05","0","0.000","true","2016-03","SS","FPIF","2018-BASE_PROCUREMENT-2018-AIRFORCE_AIRCRAFT_VOL2-U_PROCUREMENT_MasterJustificationBook_Air_Force_PB_2018.zzz_unzipped-U_PROCUREMENT_MasterJustificationBook_Air_Force_PB_2018.xml","ec7c8fc0c391f9422d637e8cf6c3d4a59f3faa8a33fbbc2a34a2ae7115414e56","1-99da57f170d36d64efc37b4856743331817c36368dbef76e7944ac9a8e03caec","3-65a010e32091956fff3a51115fda14196bacc3bb0d7e69fd607e317b5a2a04da","root.record.ItemExhibitList.P5Item.P10AdvanceProcurement.APCostElementCategoryList.GFE.APCostElement"
"2018","","NAVAIR","2018-03","2019-05","0","0.000","true","2017-03","SS","FPIF","2018-BASE_PROCUREMENT-2018-AIRFORCE_AIRCRAFT_VOL2-U_PROCUREMENT_MasterJustificationBook_Air_Force_PB_2018.zzz_unzipped-U_PROCUREMENT_MasterJustificationBook_Air_Force_PB_2018.xml","ec7c8fc0c391f9422d637e8cf6c3d4a59f3faa8a33fbbc2a34a2ae7115414e56","2-d663ee7b51a40539de30d1fdb008881b68b9ebe136899280b9760420dfe3a15b","3-65a010e32091956fff3a51115fda14196bacc3bb0d7e69fd607e317b5a2a04da","root.record.ItemExhibitList.P5Item.P10AdvanceProcurement.APCostElementCategoryList.GFE.APCostElement"
"2016","","NAVAIR","2016-07","2017-05","0","0.000","true","2015-03","SS","FPIF","2018-BASE_PROCUREMENT-2018-AIRFORCE_AIRCRAFT_VOL2-U_PROCUREMENT_MasterJustificationBook_Air_Force_PB_2018.zzz_unzipped-U_PROCUREMENT_MasterJustificationBook_Air_Force_PB_2018.xml","ec7c8fc0c391f9422d637e8cf6c3d4a59f3faa8a33fbbc2a34a2ae7115414e56","0-b131a98b66552fdb8e7586dbb43b2f2caa377165ba4cef2d94a129cc1aeaed9f","4-b10e0b58ac4a0908d185e6a4380b6335a7cbe2701cc3e1741c6bc7473ecca868","root.record.ItemExhibitList.P5Item.P10AdvanceProcurement.APCostElementCategoryList.GFE.APCostElement"
"2017","","NAVAIR","2017-05","2018-05","0","0.000","true","2016-03","SS","FPIF","2018-BASE_PROCUREMENT-2018-AIRFORCE_AIRCRAFT_VOL2-U_PROCUREMENT_MasterJustificationBook_Air_Force_PB_2018.zzz_unzipped-U_PROCUREMENT_MasterJustificationBook_Air_Force_PB_2018.xml","ec7c8fc0c391f9422d637e8cf6c3d4a59f3faa8a33fbbc2a34a2ae7115414e56","1-eca699488a97c47e9ecd66a2630aa58bf4887c1ea2fe7b3620c46d1c9b17980f","4-b10e0b58ac4a0908d185e6a4380b6335a7cbe2701cc3e1741c6bc7473ecca868","root.record.ItemExhibitList.P5Item.P10AdvanceProcurement.APCostElementCategoryList.GFE.APCostElement"
"2018","","NAVAIR","2018-03","2019-05","0","0.000","true","2017-03","SS","FPIF","2018-BASE_PROCUREMENT-2018-AIRFORCE_AIRCRAFT_VOL2-U_PROCUREMENT_MasterJustificationBook_Air_Force_PB_2018.zzz_unzipped-U_PROCUREMENT_MasterJustificationBook_Air_Force_PB_2018.xml","ec7c8fc0c391f9422d637e8cf6c3d4a59f3faa8a33fbbc2a34a2ae7115414e56","2-aa03ef8e3577c3b59eb41151f037fce759056400620d5a12295349565029135b","4-b10e0b58ac4a0908d185e6a4380b6335a7cbe2701cc3e1741c6bc7473ecca868","root.record.ItemExhibitList.P5Item.P10AdvanceProcurement.APCostElementCategoryList.GFE.APCostElement"
"2016","","NAVAIR","2016-07","2017-05","0","0.000","true","2015-03","SS","FPIF","2018-BASE_PROCUREMENT-2018-AIRFORCE_AIRCRAFT_VOL2-U_PROCUREMENT_MasterJustificationBook_Air_Force_PB_2018.zzz_unzipped-U_PROCUREMENT_MasterJustificationBook_Air_Force_PB_2018.xml","ec7c8fc0c391f9422d637e8cf6c3d4a59f3faa8a33fbbc2a34a2ae7115414e56","0-673d244c5d83c25e5e2b5ee045ae071bcb26a2aae16cd36c68e6c5eaef4182ee","5-4b85832b10ca2c5f2950c06289abe50fa8e884c5fa5ed92e55ab985a2bad7a9c","root.record.ItemExhibitList.P5Item.P10AdvanceProcurement.APCostElementCategoryList.GFE.APCostElement"
"2017","","NAVAIR","2017-05","2018-05","0","0.000","true","2016-03","SS","FPIF","2018-BASE_PROCUREMENT-2018-AIRFORCE_AIRCRAFT_VOL2-U_PROCUREMENT_MasterJustificationBook_Air_Force_PB_2018.zzz_unzipped-U_PROCUREMENT_MasterJustificationBook_Air_Force_PB_2018.xml","ec7c8fc0c391f9422d637e8cf6c3d4a59f3faa8a33fbbc2a34a2ae7115414e56","1-1f107eae08b7b8c73afa1c421b124ac13214c1d74945dc353d6fef685c651e2f","5-4b85832b10ca2c5f2950c06289abe50fa8e884c5fa5ed92e55ab985a2bad7a9c","root.record.ItemExhibitList.P5Item.P10AdvanceProcurement.APCostElementCategoryList.GFE.APCostElement"
"2018","","NAVAIR","2018-03","2019-05","0","0.000","true","2017-03","SS","FPIF","2018-BASE_PROCUREMENT-2018-AIRFORCE_AIRCRAFT_VOL2-U_PROCUREMENT_MasterJustificationBook_Air_Force_PB_2018.zzz_unzipped-U_PROCUREMENT_MasterJustificationBook_Air_Force_PB_2018.xml","ec7c8fc0c391f9422d637e8cf6c3d4a59f3faa8a33fbbc2a34a2ae7115414e56","2-56e185acf1b2d11eceb65f1d1a285846130699b304e3d9e1ad45623e384f4eeb","5-4b85832b10ca2c5f2950c06289abe50fa8e884c5fa5ed92e55ab985a2bad7a9c","root.record.ItemExhibitList.P5Item.P10AdvanceProcurement.APCostElementCategoryList.GFE.APCostElement"
"2016","","NAVAIR","2016-07","2017-05","0","0.000","true","2015-03","SS","FPIF","2018-BASE_PROCUREMENT-2018-AIRFORCE_AIRCRAFT_VOL2-U_PROCUREMENT_MasterJustificationBook_Air_Force_PB_2018.zzz_unzipped-U_PROCUREMENT_MasterJustificationBook_Air_Force_PB_2018.xml","ec7c8fc0c391f9422d637e8cf6c3d4a59f3faa8a33fbbc2a34a2ae7115414e56","0-f0569572d9807834fc4f5c150820316fba2b8ab6ef9af302df6cc9db564a0497","6-9f5c5935545a50619e329ccd840073c40343a238fa21888e5c5e19a3f5f450aa","root.record.ItemExhibitList.P5Item.P10AdvanceProcurement.APCostElementCategoryList.GFE.APCostElement"
"2017","","NAVAIR","2017-05","2018-05","0","0.000","true","2016-03","SS","FPIF","2018-BASE_PROCUREMENT-2018-AIRFORCE_AIRCRAFT_VOL2-U_PROCUREMENT_MasterJustificationBook_Air_Force_PB_2018.zzz_unzipped-U_PROCUREMENT_MasterJustificationBook_Air_Force_PB_2018.xml","ec7c8fc0c391f9422d637e8cf6c3d4a59f3faa8a33fbbc2a34a2ae7115414e56","1-00b9bf2717265f5645d226fdc776c638a5105532965b0b40748c803264d087af","6-9f5c5935545a50619e329ccd840073c40343a238fa21888e5c5e19a3f5f450aa","root.record.ItemExhibitList.P5Item.P10AdvanceProcurement.APCostElementCategoryList.GFE.APCostElement"
"2018","","NAVAIR","2018-03","2019-05","0","0.000","true","2017-03","SS","FPIF","2018-BASE_PROCUREMENT-2018-AIRFORCE_AIRCRAFT_VOL2-U_PROCUREMENT_MasterJustificationBook_Air_Force_PB_2018.zzz_unzipped-U_PROCUREMENT_MasterJustificationBook_Air_Force_PB_2018.xml","ec7c8fc0c391f9422d637e8cf6c3d4a59f3faa8a33fbbc2a34a2ae7115414e56","2-2325987d7efa5634c382050afbea6375b67bc0b744cdea8cfc27c9a145584e51","6-9f5c5935545a50619e329ccd840073c40343a238fa21888e5c5e19a3f5f450aa","root.record.ItemExhibitList.P5Item.P10AdvanceProcurement.APCostElementCategoryList.GFE.APCostElement"
"2017","","NAVAIR","2018-02","2018-05","46","1.935","true","2016-03","SS","FPIF","2019-BASE_PROCUREMENT-2019-AIRFORCE_AIRCRAFT_VOL1-U_PROCUREMENT_JustificationBook_Air_Force_PB_2019.zzz_unzipped-U_PROCUREMENT_JustificationBook_Air_Force_PB_2019.xml","1fdbf569c608ae7a271625dc5ff3eaab7c35ea12b5100be5b6db75ab533692b6","0-e5728ff617585ea2d07849d7eab842e9219c817103c233b3e6eb615b6cb2a661","0-280d9aa292ad3ff9fb69cc585778355de4cff5957015b843cb6b4ff71f9d6339","root.record.ItemExhibitList.P5Item.P10AdvanceProcurement.APCostElementCategoryList.GFE.APCostElement"
"2019","","NAVAIR","2019-05","2020-05","48","1.438","true","2018-03","SS","FPIF","2019-BASE_PROCUREMENT-2019-AIRFORCE_AIRCRAFT_VOL1-U_PROCUREMENT_JustificationBook_Air_Force_PB_2019.zzz_unzipped-U_PROCUREMENT_JustificationBook_Air_Force_PB_2019.xml","1fdbf569c608ae7a271625dc5ff3eaab7c35ea12b5100be5b6db75ab533692b6","1-6e53bb6814f2586ca7a053d802ac41251da395586ae5df02371cf7b555ced800","0-280d9aa292ad3ff9fb69cc585778355de4cff5957015b843cb6b4ff71f9d6339","root.record.ItemExhibitList.P5Item.P10AdvanceProcurement.APCostElementCategoryList.GFE.APCostElement"
"2017","","NAVAIR","2018-02","2018-05","46","1.935","true","2016-03","SS","FPIF","2019-BASE_PROCUREMENT-2019-AIRFORCE_AIRCRAFT_VOL2-U_PROCUREMENT_MasterJustificationBook_Air_Force_PB_2019.zzz_unzipped-U_PROCUREMENT_MasterJustificationBook_Air_Force_PB_2019.xml","a6302168237242179e7ebb7f4e7e0c6ef197c9aa214ebf4208a31df54f491c95","0-4161a42e83bf0e17eb521190174a2849e4ee354adc3f1a4af488bd662f73626a","0-c56f176f880239ad80a65d9bcc8cc1e4e00fe1e6330e9ec20a697f2218c88d8c","root.record.ItemExhibitList.P5Item.P10AdvanceProcurement.APCostElementCategoryList.GFE.APCostElement"
"2019","","NAVAIR","2019-05","2020-05","48","1.438","true","2018-03","SS","FPIF","2019-BASE_PROCUREMENT-2019-AIRFORCE_AIRCRAFT_VOL2-U_PROCUREMENT_MasterJustificationBook_Air_Force_PB_2019.zzz_unzipped-U_PROCUREMENT_MasterJustificationBook_Air_Force_PB_2019.xml","a6302168237242179e7ebb7f4e7e0c6ef197c9aa214ebf4208a31df54f491c95","1-2cbf89e05cc7099f31dc99e46ff9f3f44af857e0d08704b1358b1898f1624990","0-c56f176f880239ad80a65d9bcc8cc1e4e00fe1e6330e9ec20a697f2218c88d8c","root.record.ItemExhibitList.P5Item.P10AdvanceProcurement.APCostElementCategoryList.GFE.APCostElement"
"2020","","NAVAIR","2020-05","2021-05","48","1.399","true","2019-03","SS","FPIF","2020-BASE_PROCUREMENT-2020-AIRFORCE_AIRCRAFT_VOL1-U_PROCUREMENT_JustificationBook_Air_Force_PB_2020.zzz_unzipped-U_PROCUREMENT_JustificationBook_Air_Force_PB_2020.xml","7617dbcc15ca36437e9b9096aaa833b46488c1a0960e4fce9963bdc0327c2cd5","0-ed214cf85ac78f6dfaa7675568cd125201bff539c6b208084990e05f2d072d2e","0-8425d3979f586d66586b6f48bead6d9d67eeff4231dee1ad5f1cbd4ece9e71fc","root.record.ItemExhibitList.P5Item.P10AdvanceProcurement.APCostElementCategoryList.GFE.APCostElement"
"2020","","NAVAIR","2020-05","2021-05","48","1.399","true","2019-03","SS","FPIF","2020-BASE_PROCUREMENT-2020-AIRFORCE_AIRCRAFT_VOL2-U_PROCUREMENT_MasterJustificationBook_Air_Force_PB_2020.zzz_unzipped-U_PROCUREMENT_MasterJustificationBook_Air_Force_PB_2020.xml","7887936a705e5042434ac2d5eee4d04e3202bfe64d739d33f5053abd069b5037","0-b697dbe838ba1908f8b612364b4e6280f5cf36fa70cb6f0a63929169cc7e8bb7","0-bd9bac4184cea4575eae11a3ca871afb182bdbd474577b6dec7dea17ae05a32a","root.record.ItemExhibitList.P5Item.P10AdvanceProcurement.APCostElementCategoryList.GFE.APCostElement"
