FiscalYear_val,FiscalYear_@footnote,PCOLocation_val,AwardDate_val,FirstDeliveryDate_val,Quantity_val,UnitCost_val,SpecsAvailableNow_val,RFPIssueDate_val,ContractMethod_val,ContractType_val,@SOURCE_FILENAME,@RECORDID,@ROWID,@PARENTROWID,@PARENT
"2010","","NAVAIR","2010-05","2012-12","22","2.777","true","2009-01","SS","FPIF","2015-BASE_PROCUREMENT-2015-AIRFORCE_AIRCRAFT_VOL1-PROCUREMENT_JustificationBook_Air_Force_PB_2015.zzz_unzipped-PROCUREMENT_JustificationBook_Air_Force_PB_2015.xml","72e89ccc766fe3f87d2e7ce15feb0d55fcd0fa99a93b32c43e51b37db5c84475","0-04d791b8e81ae58f6fd2dd9f73ea3945abe296c8f3adfc877e6cef6e0fc5949d","0-a4f79cd42edf50a2781e1c51e0f5d726b6fd740e8aa7a9ce00fdc5e97d830baa","root.record.ItemExhibitList.P5Item.P10AdvanceProcurement.APCostElementCategoryList.GFE.APCostElement"
"2011","","NAVAIR","2012-01","2013-11","18","3.060","true","2010-06","SS","FPIF","2015-BASE_PROCUREMENT-2015-AIRFORCE_AIRCRAFT_VOL1-PROCUREMENT_JustificationBook_Air_Force_PB_2015.zzz_unzipped-PROCUREMENT_JustificationBook_Air_Force_PB_2015.xml","72e89ccc766fe3f87d2e7ce15feb0d55fcd0fa99a93b32c43e51b37db5c84475","1-70526459bf9c50a005a661bd423da3e7aff857149dc576cf5ff406099ea1c90d","0-a4f79cd42edf50a2781e1c51e0f5d726b6fd740e8aa7a9ce00fdc5e97d830baa","root.record.ItemExhibitList.P5Item.P10AdvanceProcurement.APCostElementCategoryList.GFE.APCostElement"
"2012","","NAVAIR","2012-09","2014-07","19","2.651","true","2012-06","SS","FPIF","2015-BASE_PROCUREMENT-2015-AIRFORCE_AIRCRAFT_VOL1-PROCUREMENT_JustificationBook_Air_Force_PB_2015.zzz_unzipped-PROCUREMENT_JustificationBook_Air_Force_PB_2015.xml","72e89ccc766fe3f87d2e7ce15feb0d55fcd0fa99a93b32c43e51b37db5c84475","2-15d26861562b62fd7ebdd99fd57c46bf8cf2313745f69fb4a7973b273027b352","0-a4f79cd42edf50a2781e1c51e0f5d726b6fd740e8aa7a9ce00fdc5e97d830baa","root.record.ItemExhibitList.P5Item.P10AdvanceProcurement.APCostElementCategoryList.GFE.APCostElement"
"2013","","NAVAIR","2013-08","2015-05","19","3.396","true","2013-03","SS","FPIF","2015-BASE_PROCUREMENT-2015-AIRFORCE_AIRCRAFT_VOL1-PROCUREMENT_JustificationBook_Air_Force_PB_2015.zzz_unzipped-PROCUREMENT_JustificationBook_Air_Force_PB_2015.xml","72e89ccc766fe3f87d2e7ce15feb0d55fcd0fa99a93b32c43e51b37db5c84475","3-10f2c36d607ff29c20e6689e065f50bee0ce5201155d306864b152ed426d1258","0-a4f79cd42edf50a2781e1c51e0f5d726b6fd740e8aa7a9ce00fdc5e97d830baa","root.record.ItemExhibitList.P5Item.P10AdvanceProcurement.APCostElementCategoryList.GFE.APCostElement"
"2014","","NAVAIR","2014-03","2016-05","26","3.811","true","2014-03","SS","FPIF","2015-BASE_PROCUREMENT-2015-AIRFORCE_AIRCRAFT_VOL1-PROCUREMENT_JustificationBook_Air_Force_PB_2015.zzz_unzipped-PROCUREMENT_JustificationBook_Air_Force_PB_2015.xml","72e89ccc766fe3f87d2e7ce15feb0d55fcd0fa99a93b32c43e51b37db5c84475","4-50284ffe68fb3e7880e3acb5212e4c5696fddadd4e8dad8fdaaf49f4dc8f2bfe","0-a4f79cd42edf50a2781e1c51e0f5d726b6fd740e8aa7a9ce00fdc5e97d830baa","root.record.ItemExhibitList.P5Item.P10AdvanceProcurement.APCostElementCategoryList.GFE.APCostElement"
"2015","","NAVAIR","2015-03","2017-01","44","1.459","true","2015-03","SS","FPIF","2015-BASE_PROCUREMENT-2015-AIRFORCE_AIRCRAFT_VOL1-PROCUREMENT_JustificationBook_Air_Force_PB_2015.zzz_unzipped-PROCUREMENT_JustificationBook_Air_Force_PB_2015.xml","72e89ccc766fe3f87d2e7ce15feb0d55fcd0fa99a93b32c43e51b37db5c84475","5-f3c07f8fe83e87575cd755e2f2a04e3de7c9bd462f08f15dc97bdaa8a74f83d8","0-a4f79cd42edf50a2781e1c51e0f5d726b6fd740e8aa7a9ce00fdc5e97d830baa","root.record.ItemExhibitList.P5Item.P10AdvanceProcurement.APCostElementCategoryList.GFE.APCostElement"
"2013","Reference footnote (1)","WPAFB, OH","2013-06","2016-01","6","2.000","true","2012-10","SS","Various","2015-BASE_PROCUREMENT-2015-AIRFORCE_AIRCRAFT_VOL1-PROCUREMENT_JustificationBook_Air_Force_PB_2015.zzz_unzipped-PROCUREMENT_JustificationBook_Air_Force_PB_2015.xml","6ba238e5761c0b5cdb4005cd9d3b0ebd730c7a47c72ec72a3cb63b26a07450e3","0-2fec0295b85be0d125986f3df18aa0880f67bdc4262dbcf22c86e7be94fcec93","0-aa08fb384bc8998ca8587e754ffe58f56fbec6d1dd55ed7249bd24bff5200887","root.record.ItemExhibitList.P5Item.P10AdvanceProcurement.APCostElementCategoryList.GFE.APCostElement"
"2014","","WPAFB, OH","2014-03","2017-01","7","2.000","true","2012-10","SS","Various","2015-BASE_PROCUREMENT-2015-AIRFORCE_AIRCRAFT_VOL1-PROCUREMENT_JustificationBook_Air_Force_PB_2015.zzz_unzipped-PROCUREMENT_JustificationBook_Air_Force_PB_2015.xml","6ba238e5761c0b5cdb4005cd9d3b0ebd730c7a47c72ec72a3cb63b26a07450e3","1-13519440d0cf1129dd4355560a4abc526a0cae6a64773f7a3a8c8e27bf82181e","0-aa08fb384bc8998ca8587e754ffe58f56fbec6d1dd55ed7249bd24bff5200887","root.record.ItemExhibitList.P5Item.P10AdvanceProcurement.APCostElementCategoryList.GFE.APCostElement"
"2015","","WPAFB, OH","2015-03","2017-08","14","2.000","true","2012-10","SS","Various","2015-BASE_PROCUREMENT-2015-AIRFORCE_AIRCRAFT_VOL1-PROCUREMENT_JustificationBook_Air_Force_PB_2015.zzz_unzipped-PROCUREMENT_JustificationBook_Air_Force_PB_2015.xml","6ba238e5761c0b5cdb4005cd9d3b0ebd730c7a47c72ec72a3cb63b26a07450e3","2-b264a2473ab072fd99078fcd14ee48b1012fc91268dcb8995638c14e4bad6062","0-aa08fb384bc8998ca8587e754ffe58f56fbec6d1dd55ed7249bd24bff5200887","root.record.ItemExhibitList.P5Item.P10AdvanceProcurement.APCostElementCategoryList.GFE.APCostElement"
"2016","","WPAFB, OH","2016-03","2018-12","2","2.000","true","2012-10","SS","Various","2015-BASE_PROCUREMENT-2015-AIRFORCE_AIRCRAFT_VOL1-PROCUREMENT_JustificationBook_Air_Force_PB_2015.zzz_unzipped-PROCUREMENT_JustificationBook_Air_Force_PB_2015.xml","6ba238e5761c0b5cdb4005cd9d3b0ebd730c7a47c72ec72a3cb63b26a07450e3","3-421f71b58f4bc644e4d0f36bc76bfef692c3a5293e49d49efdffcc4a35d673ec","0-aa08fb384bc8998ca8587e754ffe58f56fbec6d1dd55ed7249bd24bff5200887","root.record.ItemExhibitList.P5Item.P10AdvanceProcurement.APCostElementCategoryList.GFE.APCostElement"
"2014","","WPAFB, OH","2014-03","2017-02","4","2.000","true","2012-10","SS","FFP","2015-BASE_PROCUREMENT-2015-AIRFORCE_AIRCRAFT_VOL1-PROCUREMENT_JustificationBook_Air_Force_PB_2015.zzz_unzipped-PROCUREMENT_JustificationBook_Air_Force_PB_2015.xml","565aa015362bd445cc082985b6e24c13e2957f8c30a9dfbe4c0bd8a663cbe70f","0-417fca651ff973ffefd05ed782bbd3aeb38b806cee7b1ec37ace587d37d16af7","0-8997196ebe16f3860550f578dbe841570ae6400898833233160992403ec61627","root.record.ItemExhibitList.P5Item.P10AdvanceProcurement.APCostElementCategoryList.GFE.APCostElement"
"2015","","WPAFB, OH","2015-03","2018-04","5","2.000","true","2012-10","SS","FFP","2015-BASE_PROCUREMENT-2015-AIRFORCE_AIRCRAFT_VOL1-PROCUREMENT_JustificationBook_Air_Force_PB_2015.zzz_unzipped-PROCUREMENT_JustificationBook_Air_Force_PB_2015.xml","565aa015362bd445cc082985b6e24c13e2957f8c30a9dfbe4c0bd8a663cbe70f","1-69ff91383c127bcf0ccbc459235f7df011b832aa3860114b2570988dc70779bd","0-8997196ebe16f3860550f578dbe841570ae6400898833233160992403ec61627","root.record.ItemExhibitList.P5Item.P10AdvanceProcurement.APCostElementCategoryList.GFE.APCostElement"
"2016","","WPAFB, OH","2016-03","2019-04","3","2.000","true","2012-10","SS","FFP","2015-BASE_PROCUREMENT-2015-AIRFORCE_AIRCRAFT_VOL1-PROCUREMENT_JustificationBook_Air_Force_PB_2015.zzz_unzipped-PROCUREMENT_JustificationBook_Air_Force_PB_2015.xml","565aa015362bd445cc082985b6e24c13e2957f8c30a9dfbe4c0bd8a663cbe70f","2-ffa0c4d31fa0a65cb85ff8f8d2f90c9903856b7fb8cdbb90846377a70237233c","0-8997196ebe16f3860550f578dbe841570ae6400898833233160992403ec61627","root.record.ItemExhibitList.P5Item.P10AdvanceProcurement.APCostElementCategoryList.GFE.APCostElement"
"2018","","WPAFB, OH","2018-03","2020-05","1","2.000","true","2017-10","SS","FFP","2015-BASE_PROCUREMENT-2015-AIRFORCE_AIRCRAFT_VOL1-PROCUREMENT_JustificationBook_Air_Force_PB_2015.zzz_unzipped-PROCUREMENT_JustificationBook_Air_Force_PB_2015.xml","565aa015362bd445cc082985b6e24c13e2957f8c30a9dfbe4c0bd8a663cbe70f","3-d27a3c2d93e53733b9555a3e788e9fc9fd25d10861f645afefeb92b33079cd53","0-8997196ebe16f3860550f578dbe841570ae6400898833233160992403ec61627","root.record.ItemExhibitList.P5Item.P10AdvanceProcurement.APCostElementCategoryList.GFE.APCostElement"
"2014","","WPAFB, OH","2014-03","2016-12","2","2.000","true","2012-10","SS","FFP","2015-BASE_PROCUREMENT-2015-AIRFORCE_AIRCRAFT_VOL1-PROCUREMENT_JustificationBook_Air_Force_PB_2015.zzz_unzipped-PROCUREMENT_JustificationBook_Air_Force_PB_2015.xml","17ab19c784929a028c69ad970f12cd0eee00de512acf9833a5336d1e8a33db11","0-9fd4565a7ce5e3ca4ad8eb96c988036244f5ceb7f4c5c05bd2ee8c6733e77b3d","0-8e36c50e46dc74182847caab0cce9b30b78e60127e1cd4e49f4bf21ce05febf1","root.record.ItemExhibitList.P5Item.P10AdvanceProcurement.APCostElementCategoryList.GFE.APCostElement"
"2015","","WPAFB, OH","2015-03","2017-11","8","2.000","true","2012-10","SS","FFP","2015-BASE_PROCUREMENT-2015-AIRFORCE_AIRCRAFT_VOL1-PROCUREMENT_JustificationBook_Air_Force_PB_2015.zzz_unzipped-PROCUREMENT_JustificationBook_Air_Force_PB_2015.xml","17ab19c784929a028c69ad970f12cd0eee00de512acf9833a5336d1e8a33db11","1-de40c6d09c9a75d4fa19cb6ca8c6ce7bc25097ce00cf2325f6f3f35c36d4737b","0-8e36c50e46dc74182847caab0cce9b30b78e60127e1cd4e49f4bf21ce05febf1","root.record.ItemExhibitList.P5Item.P10AdvanceProcurement.APCostElementCategoryList.GFE.APCostElement"
"2016","","WPAFB, OH","2016-03","2019-03","9","2.000","true","2012-10","SS","FFP","2015-BASE_PROCUREMENT-2015-AIRFORCE_AIRCRAFT_VOL1-PROCUREMENT_JustificationBook_Air_Force_PB_2015.zzz_unzipped-PROCUREMENT_JustificationBook_Air_Force_PB_2015.xml","17ab19c784929a028c69ad970f12cd0eee00de512acf9833a5336d1e8a33db11","2-c5ca2908adf32ced0d9d88aed8d9b8fdc07531019d7cdf9afaf09cbc6281568a","0-8e36c50e46dc74182847caab0cce9b30b78e60127e1cd4e49f4bf21ce05febf1","root.record.ItemExhibitList.P5Item.P10AdvanceProcurement.APCostElementCategoryList.GFE.APCostElement"
"2017","","WPAFB, OH","2017-03","2019-12","5","2.000","true","2012-10","SS","FFP","2015-BASE_PROCUREMENT-2015-AIRFORCE_AIRCRAFT_VOL1-PROCUREMENT_JustificationBook_Air_Force_PB_2015.zzz_unzipped-PROCUREMENT_JustificationBook_Air_Force_PB_2015.xml","17ab19c784929a028c69ad970f12cd0eee00de512acf9833a5336d1e8a33db11","3-751c05b0a8bc4838807346b777ac7f6aef172b732c1f5962dc47ee3f5b4c7d93","0-8e36c50e46dc74182847caab0cce9b30b78e60127e1cd4e49f4bf21ce05febf1","root.record.ItemExhibitList.P5Item.P10AdvanceProcurement.APCostElementCategoryList.GFE.APCostElement"
"2010","","NAVAIR","2010-05","2012-12","22","2.777","true","2009-01","SS","FPIF","2015-BASE_PROCUREMENT-2015-AIRFORCE_AIRCRAFT_VOL2-PROCUREMENT_MasterJustificationBook_Air_Force_PB_2015.zzz_unzipped-PROCUREMENT_MasterJustificationBook_Air_Force_PB_2015.xml","a90a3faa8661f0958a0901808890d67093da1edc0728f26e9236e37ed3b54059","0-35e8fefc0330bbfe11c0648698a0f9bf05a97071bfcffb390b4a9f258daf31e2","0-5899e6acab9ddc3a30e7cf2896d280171eaad32f6fb83ff9eeeb3842fa758283","root.record.ItemExhibitList.P5Item.P10AdvanceProcurement.APCostElementCategoryList.GFE.APCostElement"
"2011","","NAVAIR","2012-01","2013-11","18","3.060","true","2010-06","SS","FPIF","2015-BASE_PROCUREMENT-2015-AIRFORCE_AIRCRAFT_VOL2-PROCUREMENT_MasterJustificationBook_Air_Force_PB_2015.zzz_unzipped-PROCUREMENT_MasterJustificationBook_Air_Force_PB_2015.xml","a90a3faa8661f0958a0901808890d67093da1edc0728f26e9236e37ed3b54059","1-0ff5291208805a5716075be56b8bcc092c4a7b0cc4e30c190157bbe26b914e63","0-5899e6acab9ddc3a30e7cf2896d280171eaad32f6fb83ff9eeeb3842fa758283","root.record.ItemExhibitList.P5Item.P10AdvanceProcurement.APCostElementCategoryList.GFE.APCostElement"
"2012","","NAVAIR","2012-09","2014-07","19","2.651","true","2012-06","SS","FPIF","2015-BASE_PROCUREMENT-2015-AIRFORCE_AIRCRAFT_VOL2-PROCUREMENT_MasterJustificationBook_Air_Force_PB_2015.zzz_unzipped-PROCUREMENT_MasterJustificationBook_Air_Force_PB_2015.xml","a90a3faa8661f0958a0901808890d67093da1edc0728f26e9236e37ed3b54059","2-54b5cdd389f5b8301daee7bd25e02446f7fdd407d467c9cba8e70e30d5bd7254","0-5899e6acab9ddc3a30e7cf2896d280171eaad32f6fb83ff9eeeb3842fa758283","root.record.ItemExhibitList.P5Item.P10AdvanceProcurement.APCostElementCategoryList.GFE.APCostElement"
"2013","","NAVAIR","2013-08","2015-05","19","3.396","true","2013-03","SS","FPIF","2015-BASE_PROCUREMENT-2015-AIRFORCE_AIRCRAFT_VOL2-PROCUREMENT_MasterJustificationBook_Air_Force_PB_2015.zzz_unzipped-PROCUREMENT_MasterJustificationBook_Air_Force_PB_2015.xml","a90a3faa8661f0958a0901808890d67093da1edc0728f26e9236e37ed3b54059","3-46e442feb37fd9889985135f2a0b56fdfe0c352f0891fd9a6e66943c519d245e","0-5899e6acab9ddc3a30e7cf2896d280171eaad32f6fb83ff9eeeb3842fa758283","root.record.ItemExhibitList.P5Item.P10AdvanceProcurement.APCostElementCategoryList.GFE.APCostElement"
"2014","","NAVAIR","2014-03","2016-05","26","3.811","true","2014-03","SS","FPIF","2015-BASE_PROCUREMENT-2015-AIRFORCE_AIRCRAFT_VOL2-PROCUREMENT_MasterJustificationBook_Air_Force_PB_2015.zzz_unzipped-PROCUREMENT_MasterJustificationBook_Air_Force_PB_2015.xml","a90a3faa8661f0958a0901808890d67093da1edc0728f26e9236e37ed3b54059","4-c7c8c7b17f05ec134668bbc011c7db0aa5d702a00d9483831b5f2fac8bec8c61","0-5899e6acab9ddc3a30e7cf2896d280171eaad32f6fb83ff9eeeb3842fa758283","root.record.ItemExhibitList.P5Item.P10AdvanceProcurement.APCostElementCategoryList.GFE.APCostElement"
"2015","","NAVAIR","2015-03","2017-01","44","1.459","true","2015-03","SS","FPIF","2015-BASE_PROCUREMENT-2015-AIRFORCE_AIRCRAFT_VOL2-PROCUREMENT_MasterJustificationBook_Air_Force_PB_2015.zzz_unzipped-PROCUREMENT_MasterJustificationBook_Air_Force_PB_2015.xml","a90a3faa8661f0958a0901808890d67093da1edc0728f26e9236e37ed3b54059","5-0460c6cf15c6f024041e7a920d140cf750d8c5b2dcefbf92197878e079494bb3","0-5899e6acab9ddc3a30e7cf2896d280171eaad32f6fb83ff9eeeb3842fa758283","root.record.ItemExhibitList.P5Item.P10AdvanceProcurement.APCostElementCategoryList.GFE.APCostElement"
"2013","Reference footnote (1)","WPAFB, OH","2013-06","2016-01","6","2.000","true","2012-10","SS","Various","2015-BASE_PROCUREMENT-2015-AIRFORCE_AIRCRAFT_VOL2-PROCUREMENT_MasterJustificationBook_Air_Force_PB_2015.zzz_unzipped-PROCUREMENT_MasterJustificationBook_Air_Force_PB_2015.xml","8e9b86220f90ce455a14b686aeeb045957500e61279471fc35c4187b1270e5ed","0-b6ed4a0f3547e88becd92474e376161c79327174b2f7f82d50ed3ac70dbd449e","0-b9b582890bc5d834dc2b2b3283f8fb7e1922a3bbb088268cda8f11eab2f86e6e","root.record.ItemExhibitList.P5Item.P10AdvanceProcurement.APCostElementCategoryList.GFE.APCostElement"
"2014","","WPAFB, OH","2014-03","2017-01","7","2.000","true","2012-10","SS","Various","2015-BASE_PROCUREMENT-2015-AIRFORCE_AIRCRAFT_VOL2-PROCUREMENT_MasterJustificationBook_Air_Force_PB_2015.zzz_unzipped-PROCUREMENT_MasterJustificationBook_Air_Force_PB_2015.xml","8e9b86220f90ce455a14b686aeeb045957500e61279471fc35c4187b1270e5ed","1-989528ca428da9998a84dbf06dbd56a1acb43d2009ef6384255a6093ed61e336","0-b9b582890bc5d834dc2b2b3283f8fb7e1922a3bbb088268cda8f11eab2f86e6e","root.record.ItemExhibitList.P5Item.P10AdvanceProcurement.APCostElementCategoryList.GFE.APCostElement"
"2015","","WPAFB, OH","2015-03","2017-08","14","2.000","true","2012-10","SS","Various","2015-BASE_PROCUREMENT-2015-AIRFORCE_AIRCRAFT_VOL2-PROCUREMENT_MasterJustificationBook_Air_Force_PB_2015.zzz_unzipped-PROCUREMENT_MasterJustificationBook_Air_Force_PB_2015.xml","8e9b86220f90ce455a14b686aeeb045957500e61279471fc35c4187b1270e5ed","2-f220bdcb7098e5cbcbd7979ad93957bbbc174b6ae85d637c4316e4a2a28e5e5c","0-b9b582890bc5d834dc2b2b3283f8fb7e1922a3bbb088268cda8f11eab2f86e6e","root.record.ItemExhibitList.P5Item.P10AdvanceProcurement.APCostElementCategoryList.GFE.APCostElement"
"2016","","WPAFB, OH","2016-03","2018-12","2","2.000","true","2012-10","SS","Various","2015-BASE_PROCUREMENT-2015-AIRFORCE_AIRCRAFT_VOL2-PROCUREMENT_MasterJustificationBook_Air_Force_PB_2015.zzz_unzipped-PROCUREMENT_MasterJustificationBook_Air_Force_PB_2015.xml","8e9b86220f90ce455a14b686aeeb045957500e61279471fc35c4187b1270e5ed","3-446b4d098ff7c1b32e79dd4e6583cbf0d3c22c00dbb9f97b70190e153356d016","0-b9b582890bc5d834dc2b2b3283f8fb7e1922a3bbb088268cda8f11eab2f86e6e","root.record.ItemExhibitList.P5Item.P10AdvanceProcurement.APCostElementCategoryList.GFE.APCostElement"
"2014","","WPAFB, OH","2014-03","2017-02","4","2.000","true","2012-10","SS","FFP","2015-BASE_PROCUREMENT-2015-AIRFORCE_AIRCRAFT_VOL2-PROCUREMENT_MasterJustificationBook_Air_Force_PB_2015.zzz_unzipped-PROCUREMENT_MasterJustificationBook_Air_Force_PB_2015.xml","9d38bc75efdc1bb24fa15dd6fdcc79dd0ddabb23d16bb5fb0fb72b4ecbbd10cc","0-33a9e122354c3118f80d2cdf52d8fb2de57dd924d67b6521107c7eba0a23dc42","0-592345dde26f5e16841bb3f70f5abe167b97c85a452923015a4dcaa2fd94e7d0","root.record.ItemExhibitList.P5Item.P10AdvanceProcurement.APCostElementCategoryList.GFE.APCostElement"
"2015","","WPAFB, OH","2015-03","2018-04","5","2.000","true","2012-10","SS","FFP","2015-BASE_PROCUREMENT-2015-AIRFORCE_AIRCRAFT_VOL2-PROCUREMENT_MasterJustificationBook_Air_Force_PB_2015.zzz_unzipped-PROCUREMENT_MasterJustificationBook_Air_Force_PB_2015.xml","9d38bc75efdc1bb24fa15dd6fdcc79dd0ddabb23d16bb5fb0fb72b4ecbbd10cc","1-790fc9c79249de36d6a212c5b4879ad5f4c796d4c2b34177365727e20be062b1","0-592345dde26f5e16841bb3f70f5abe167b97c85a452923015a4dcaa2fd94e7d0","root.record.ItemExhibitList.P5Item.P10AdvanceProcurement.APCostElementCategoryList.GFE.APCostElement"
"2016","","WPAFB, OH","2016-03","2019-04","3","2.000","true","2012-10","SS","FFP","2015-BASE_PROCUREMENT-2015-AIRFORCE_AIRCRAFT_VOL2-PROCUREMENT_MasterJustificationBook_Air_Force_PB_2015.zzz_unzipped-PROCUREMENT_MasterJustificationBook_Air_Force_PB_2015.xml","9d38bc75efdc1bb24fa15dd6fdcc79dd0ddabb23d16bb5fb0fb72b4ecbbd10cc","2-c7c4cde6a93ced76ce0bdce04c80c9835511d3a80a7051ab4fc31a0211d3e875","0-592345dde26f5e16841bb3f70f5abe167b97c85a452923015a4dcaa2fd94e7d0","root.record.ItemExhibitList.P5Item.P10AdvanceProcurement.APCostElementCategoryList.GFE.APCostElement"
"2018","","WPAFB, OH","2018-03","2020-05","1","2.000","true","2017-10","SS","FFP","2015-BASE_PROCUREMENT-2015-AIRFORCE_AIRCRAFT_VOL2-PROCUREMENT_MasterJustificationBook_Air_Force_PB_2015.zzz_unzipped-PROCUREMENT_MasterJustificationBook_Air_Force_PB_2015.xml","9d38bc75efdc1bb24fa15dd6fdcc79dd0ddabb23d16bb5fb0fb72b4ecbbd10cc","3-b2d8a64829a9ed4e1317706ac084af1d5375006ec76d7df077dbcc0e2d84754a","0-592345dde26f5e16841bb3f70f5abe167b97c85a452923015a4dcaa2fd94e7d0","root.record.ItemExhibitList.P5Item.P10AdvanceProcurement.APCostElementCategoryList.GFE.APCostElement"
"2014","","WPAFB, OH","2014-03","2016-12","2","2.000","true","2012-10","SS","FFP","2015-BASE_PROCUREMENT-2015-AIRFORCE_AIRCRAFT_VOL2-PROCUREMENT_MasterJustificationBook_Air_Force_PB_2015.zzz_unzipped-PROCUREMENT_MasterJustificationBook_Air_Force_PB_2015.xml","a97dfc5ffa5535857cd61c3c158de84a1441decc875ced08ad568ff95d020f85","0-dabe2f797eef41ad2473bc1fe7d368875be5f47882e7d330eb577fc0b0a5c1a9","0-ae3ca9e39044165fe984fb6f757ac82629afd3c72c07410e8fc4de2db3bdcc90","root.record.ItemExhibitList.P5Item.P10AdvanceProcurement.APCostElementCategoryList.GFE.APCostElement"
"2015","","WPAFB, OH","2015-03","2017-11","8","2.000","true","2012-10","SS","FFP","2015-BASE_PROCUREMENT-2015-AIRFORCE_AIRCRAFT_VOL2-PROCUREMENT_MasterJustificationBook_Air_Force_PB_2015.zzz_unzipped-PROCUREMENT_MasterJustificationBook_Air_Force_PB_2015.xml","a97dfc5ffa5535857cd61c3c158de84a1441decc875ced08ad568ff95d020f85","1-c69d368a910183410cf2a2435f8c6d89097edc1c7391e582f58d40d86bdd9aae","0-ae3ca9e39044165fe984fb6f757ac82629afd3c72c07410e8fc4de2db3bdcc90","root.record.ItemExhibitList.P5Item.P10AdvanceProcurement.APCostElementCategoryList.GFE.APCostElement"
"2016","","WPAFB, OH","2016-03","2019-03","9","2.000","true","2012-10","SS","FFP","2015-BASE_PROCUREMENT-2015-AIRFORCE_AIRCRAFT_VOL2-PROCUREMENT_MasterJustificationBook_Air_Force_PB_2015.zzz_unzipped-PROCUREMENT_MasterJustificationBook_Air_Force_PB_2015.xml","a97dfc5ffa5535857cd61c3c158de84a1441decc875ced08ad568ff95d020f85","2-fa89edfe07e12e387527a513d4984a07ff69131a544e37b7a8bfd8e86d848ddc","0-ae3ca9e39044165fe984fb6f757ac82629afd3c72c07410e8fc4de2db3bdcc90","root.record.ItemExhibitList.P5Item.P10AdvanceProcurement.APCostElementCategoryList.GFE.APCostElement"
"2017","","WPAFB, OH","2017-03","2019-12","5","2.000","true","2012-10","SS","FFP","2015-BASE_PROCUREMENT-2015-AIRFORCE_AIRCRAFT_VOL2-PROCUREMENT_MasterJustificationBook_Air_Force_PB_2015.zzz_unzipped-PROCUREMENT_MasterJustificationBook_Air_Force_PB_2015.xml","a97dfc5ffa5535857cd61c3c158de84a1441decc875ced08ad568ff95d020f85","3-6a057925342d676380e833589b5f5f6c4e635232e4fe76693bf2a8f42239bfa9","0-ae3ca9e39044165fe984fb6f757ac82629afd3c72c07410e8fc4de2db3bdcc90","root.record.ItemExhibitList.P5Item.P10AdvanceProcurement.APCostElementCategoryList.GFE.APCostElement"
"2013","Reference footnote (1)","WPAFB, OH","2013-06","2016-01","6","2.000","true","2012-10","SS","Various","2015-AMENDED_PROCUREMENT_AND_RDTE-2015-AIRFORCE_AMMO-PROCUREMENT_JustificationBook_Air_Force_PBAmended_2015.zzz_unzipped-PROCUREMENT_JustificationBook_Air_Force_PBAmended_2015.xml","d27cefc2bb72e82de7748f7a1d1ff2a8ff7ad30cf7027a91e47ee29dad986610","0-969cb9e5c661a8533c1c441b1db1b37d73d354db6dea05c91c0dd61c28f0b786","0-3c1e3a7bbb13a5879c90f25caccb5d1625d63cc915b17b75a4e16cb585071cd9","root.record.ItemExhibitList.P5Item.P10AdvanceProcurement.APCostElementCategoryList.GFE.APCostElement"
"2014","","WPAFB, OH","2014-03","2017-01","7","2.000","true","2012-10","SS","Various","2015-AMENDED_PROCUREMENT_AND_RDTE-2015-AIRFORCE_AMMO-PROCUREMENT_JustificationBook_Air_Force_PBAmended_2015.zzz_unzipped-PROCUREMENT_JustificationBook_Air_Force_PBAmended_2015.xml","d27cefc2bb72e82de7748f7a1d1ff2a8ff7ad30cf7027a91e47ee29dad986610","1-774d8c91267ae214e0329d3f9fc89a5c06c02203e51bd754ea3519e9ae8d4c71","0-3c1e3a7bbb13a5879c90f25caccb5d1625d63cc915b17b75a4e16cb585071cd9","root.record.ItemExhibitList.P5Item.P10AdvanceProcurement.APCostElementCategoryList.GFE.APCostElement"
"2015","","WPAFB, OH","2015-03","2017-08","14","2.000","true","2012-10","SS","Various","2015-AMENDED_PROCUREMENT_AND_RDTE-2015-AIRFORCE_AMMO-PROCUREMENT_JustificationBook_Air_Force_PBAmended_2015.zzz_unzipped-PROCUREMENT_JustificationBook_Air_Force_PBAmended_2015.xml","d27cefc2bb72e82de7748f7a1d1ff2a8ff7ad30cf7027a91e47ee29dad986610","2-0d9f79b5360aa031e7944f8b1991e52d992fba7a476cacf769b8ac128f4f9004","0-3c1e3a7bbb13a5879c90f25caccb5d1625d63cc915b17b75a4e16cb585071cd9","root.record.ItemExhibitList.P5Item.P10AdvanceProcurement.APCostElementCategoryList.GFE.APCostElement"
"2016","","WPAFB, OH","2016-03","2018-12","2","2.000","true","2012-10","SS","Various","2015-AMENDED_PROCUREMENT_AND_RDTE-2015-AIRFORCE_AMMO-PROCUREMENT_JustificationBook_Air_Force_PBAmended_2015.zzz_unzipped-PROCUREMENT_JustificationBook_Air_Force_PBAmended_2015.xml","d27cefc2bb72e82de7748f7a1d1ff2a8ff7ad30cf7027a91e47ee29dad986610","3-990445caf9d78f88b29e31ca2dcfbadbbb5022f301ece35b7352ea8603550c49","0-3c1e3a7bbb13a5879c90f25caccb5d1625d63cc915b17b75a4e16cb585071cd9","root.record.ItemExhibitList.P5Item.P10AdvanceProcurement.APCostElementCategoryList.GFE.APCostElement"
"2013","Reference footnote (1)","WPAFB, OH","2013-06","2016-01","6","2.000","true","2012-10","SS","Various","2015-AMENDED_PROCUREMENT_AND_RDTE-2015-AIRFORCE_AMMO-PROCUREMENT_MasterJustificationBook_Air_Force_PBAmended_2015.zzz_unzipped-PROCUREMENT_MasterJustificationBook_Air_Force_PBAmended_2015.xml","04277271467c34157fc353a716c1236673a9ef09c1f838c7ec2af5d1128b21cc","0-1473b421cd10ec4d5632415a35c911ffe0ef4fe7b932b1bd434b7b103ce2fe5a","0-8325a74debbdd6876e83fa9391234d5408a55e24a347bbc5c9e5f03ebc94a024","root.record.ItemExhibitList.P5Item.P10AdvanceProcurement.APCostElementCategoryList.GFE.APCostElement"
"2014","","WPAFB, OH","2014-03","2017-01","7","2.000","true","2012-10","SS","Various","2015-AMENDED_PROCUREMENT_AND_RDTE-2015-AIRFORCE_AMMO-PROCUREMENT_MasterJustificationBook_Air_Force_PBAmended_2015.zzz_unzipped-PROCUREMENT_MasterJustificationBook_Air_Force_PBAmended_2015.xml","04277271467c34157fc353a716c1236673a9ef09c1f838c7ec2af5d1128b21cc","1-1bcaddc3849f42380bad80f6dd8b5cf740d84123d87eb26816dd150120a9c97b","0-8325a74debbdd6876e83fa9391234d5408a55e24a347bbc5c9e5f03ebc94a024","root.record.ItemExhibitList.P5Item.P10AdvanceProcurement.APCostElementCategoryList.GFE.APCostElement"
"2015","","WPAFB, OH","2015-03","2017-08","14","2.000","true","2012-10","SS","Various","2015-AMENDED_PROCUREMENT_AND_RDTE-2015-AIRFORCE_AMMO-PROCUREMENT_MasterJustificationBook_Air_Force_PBAmended_2015.zzz_unzipped-PROCUREMENT_MasterJustificationBook_Air_Force_PBAmended_2015.xml","04277271467c34157fc353a716c1236673a9ef09c1f838c7ec2af5d1128b21cc","2-ccae64fe7bda3261e0d46a64cea2e4b544f9d0aa897dc76d64e3bcc71cd65e09","0-8325a74debbdd6876e83fa9391234d5408a55e24a347bbc5c9e5f03ebc94a024","root.record.ItemExhibitList.P5Item.P10AdvanceProcurement.APCostElementCategoryList.GFE.APCostElement"
"2016","","WPAFB, OH","2016-03","2018-12","2","2.000","true","2012-10","SS","Various","2015-AMENDED_PROCUREMENT_AND_RDTE-2015-AIRFORCE_AMMO-PROCUREMENT_MasterJustificationBook_Air_Force_PBAmended_2015.zzz_unzipped-PROCUREMENT_MasterJustificationBook_Air_Force_PBAmended_2015.xml","04277271467c34157fc353a716c1236673a9ef09c1f838c7ec2af5d1128b21cc","3-4862db9dd574c1f7bde689cdef4d17b38e553fc6863cdf9332415d81d743617c","0-8325a74debbdd6876e83fa9391234d5408a55e24a347bbc5c9e5f03ebc94a024","root.record.ItemExhibitList.P5Item.P10AdvanceProcurement.APCostElementCategoryList.GFE.APCostElement"
"2016","","NAVAIR","2016-03","2017-05","48","2.109","true","2015-03","SS","FPIF","2016-BASE_PROCUREMENT-2016-AIRFORCE_AIRCRAFT_VOL1-PROCUREMENT_JustificationBook_Air_Force_PB_2016.zzz_unzipped-PROCUREMENT_JustificationBook_Air_Force_PB_2016.xml","f44d2c667314c228d741f2c842043a3825974c3652ac39e3bfd27328ff6d2fa2","0-e2ab7df9653a67e3d2a685900301de846ac79e475b414a471c92f2fa387fd9d4","0-6584378cb76241367f71312a0d2b6f0c3406fff38ce13b28543fcd6d41f2db76","root.record.ItemExhibitList.P5Item.P10AdvanceProcurement.APCostElementCategoryList.GFE.APCostElement"
"2016","","N/A","2015-12","2016-12","5","2.000","true","","SS","FFP","2016-BASE_PROCUREMENT-2016-AIRFORCE_AIRCRAFT_VOL1-PROCUREMENT_JustificationBook_Air_Force_PB_2016.zzz_unzipped-PROCUREMENT_JustificationBook_Air_Force_PB_2016.xml","2a3f7563d0ca311b4f7fc69de771b398377fd3242ec19b62e816a6fb3042cf7f","0-7dcfa18c9532fef6fcd60ae3715a8322646725af66ea47287a88be49dfa6421b","0-b04fa000d6cf0990ae08890af5e98f08d34e9f0ec61db3f77670001d98d1720c","root.record.ItemExhibitList.P5Item.P10AdvanceProcurement.APCostElementCategoryList.GFE.APCostElement"
"2016","","NAVAIR","2016-03","2017-05","48","2.109","true","2015-03","SS","FPIF","2016-BASE_PROCUREMENT-2016-AIRFORCE_AIRCRAFT_VOL2-PROCUREMENT_MasterJustificationBook_Air_Force_PB_2016.zzz_unzipped-PROCUREMENT_MasterJustificationBook_Air_Force_PB_2016.xml","0485cf02b8635a606917d60c2337e492c40ded75ff14634776a8126fa7df23d7","0-31b4fa3f9ef51e7e37bad242553b8c6241e55c781dd16bea9cdcfedd4d5c1024","0-be1b68c00e2e375120a0b9173f7888d9b672ab2777492081c9db221121376547","root.record.ItemExhibitList.P5Item.P10AdvanceProcurement.APCostElementCategoryList.GFE.APCostElement"
"2016","","N/A","2015-12","2016-12","5","2.000","true","","SS","FFP","2016-BASE_PROCUREMENT-2016-AIRFORCE_AIRCRAFT_VOL2-PROCUREMENT_MasterJustificationBook_Air_Force_PB_2016.zzz_unzipped-PROCUREMENT_MasterJustificationBook_Air_Force_PB_2016.xml","06413109f09458e1d20d0d8c668a4bfde7b94137945d7743cd97c2331c8391ee","0-6ce9d92bd7c02bab7b92df0b6c68ac857b87f0826024b1763cdd46a656c25c91","0-803f7765077a3a14331916acfde89e670428e7ceda9257260e727b0fe12ef9ff","root.record.ItemExhibitList.P5Item.P10AdvanceProcurement.APCostElementCategoryList.GFE.APCostElement"
"2015","","NAVAIR","2016-03","2016-05","47","1.961","true","2014-03","SS","FPIF","2017-BASE_PROCUREMENT-2017-AIRFORCE_AIRCRAFT_VOL1-U_PROCUREMENT_JustificationBook_Air_Force_PB_2017.zzz_unzipped-U_PROCUREMENT_JustificationBook_Air_Force_PB_2017.xml","ee296b91c541d56100cb2ac046f671d1a95422b7bfedefe8ed6f428e04be3c20","0-fbb01a0830e0854fe572df05c04a332d72cd019d45d0a6c3455762fe44087658","0-fbddb46ce69a74a7abb73269e597c881b1bf6bdffdbbc10aab753317298f6474","root.record.ItemExhibitList.P5Item.P10AdvanceProcurement.APCostElementCategoryList.GFE.APCostElement"
"2016","","NAVAIR","2016-03","2017-05","43","2.355","true","2015-03","SS","FPIF","2017-BASE_PROCUREMENT-2017-AIRFORCE_AIRCRAFT_VOL1-U_PROCUREMENT_JustificationBook_Air_Force_PB_2017.zzz_unzipped-U_PROCUREMENT_JustificationBook_Air_Force_PB_2017.xml","ee296b91c541d56100cb2ac046f671d1a95422b7bfedefe8ed6f428e04be3c20","1-58285ef0a02b138be0ebf0c2ef622680d5e094627ec3c7a05fc36f4fe92d1d77","0-fbddb46ce69a74a7abb73269e597c881b1bf6bdffdbbc10aab753317298f6474","root.record.ItemExhibitList.P5Item.P10AdvanceProcurement.APCostElementCategoryList.GFE.APCostElement"
"2017","","NAVAIR","2017-03","2018-05","43","2.070","true","2016-03","SS","FPIF","2017-BASE_PROCUREMENT-2017-AIRFORCE_AIRCRAFT_VOL1-U_PROCUREMENT_JustificationBook_Air_Force_PB_2017.zzz_unzipped-U_PROCUREMENT_JustificationBook_Air_Force_PB_2017.xml","ee296b91c541d56100cb2ac046f671d1a95422b7bfedefe8ed6f428e04be3c20","2-0b2ca402793df7ad4b5d5f1dfcabf62a4980edce1f49005c0e5c8544a770f085","0-fbddb46ce69a74a7abb73269e597c881b1bf6bdffdbbc10aab753317298f6474","root.record.ItemExhibitList.P5Item.P10AdvanceProcurement.APCostElementCategoryList.GFE.APCostElement"
"2015","","NAVAIR","2016-03","2016-05","47","1.961","true","2014-03","SS","FPIF","2017-BASE_PROCUREMENT-2017-AIRFORCE_AIRCRAFT_VOL1-U_PROCUREMENT_MasterJustificationBook_Air_Force_PB_2017.zzz_unzipped-U_PROCUREMENT_MasterJustificationBook_Air_Force_PB_2017.xml","54ceb5c06156f9c55e6b849926ac030a11c42ee97375688e8ebb955b86c8ae13","0-8fecdd46897eb461067adbb396c50e1e3821f781cf4eb9907656d810793f7bc9","0-09203fc49145da4934b08702feb4aecd44535e244693651d877667a34ffd5b40","root.record.ItemExhibitList.P5Item.P10AdvanceProcurement.APCostElementCategoryList.GFE.APCostElement"
"2016","","NAVAIR","2016-03","2017-05","43","2.355","true","2015-03","SS","FPIF","2017-BASE_PROCUREMENT-2017-AIRFORCE_AIRCRAFT_VOL1-U_PROCUREMENT_MasterJustificationBook_Air_Force_PB_2017.zzz_unzipped-U_PROCUREMENT_MasterJustificationBook_Air_Force_PB_2017.xml","54ceb5c06156f9c55e6b849926ac030a11c42ee97375688e8ebb955b86c8ae13","1-6b4c29c9249619ec1732df9c02086fb239ecab61ca68bbd8014d4ae6dcdaafd2","0-09203fc49145da4934b08702feb4aecd44535e244693651d877667a34ffd5b40","root.record.ItemExhibitList.P5Item.P10AdvanceProcurement.APCostElementCategoryList.GFE.APCostElement"
"2017","","NAVAIR","2017-03","2018-05","43","2.070","true","2016-03","SS","FPIF","2017-BASE_PROCUREMENT-2017-AIRFORCE_AIRCRAFT_VOL1-U_PROCUREMENT_MasterJustificationBook_Air_Force_PB_2017.zzz_unzipped-U_PROCUREMENT_MasterJustificationBook_Air_Force_PB_2017.xml","54ceb5c06156f9c55e6b849926ac030a11c42ee97375688e8ebb955b86c8ae13","2-1e4d30c1dae85c8b7130fbfea3c66b15e503645e7260a1fc87f8acd54fc4f300","0-09203fc49145da4934b08702feb4aecd44535e244693651d877667a34ffd5b40","root.record.ItemExhibitList.P5Item.P10AdvanceProcurement.APCostElementCategoryList.GFE.APCostElement"
"2015","","NAVAIR","2016-03","2016-05","47","1.961","true","2014-03","SS","FPIF","2017-BASE_PROCUREMENT-2017-AIRFORCE_AIRCRAFT_VOL2-U_PROCUREMENT_MasterJustificationBook_Air_Force_PB_2017.zzz_unzipped-U_PROCUREMENT_MasterJustificationBook_Air_Force_PB_2017.xml","078d421d81190ecf8a486faab49d2e8ea4d456b0d51f6459cc6c7199455602cd","0-da6588689b988606504b56666fe8cdb7222301e2d1e5521baac0b5417d0d3ba7","0-9e7450ae955562d04a3d9837d34090e997dbea0d47eb677bae5cd63c8bf96447","root.record.ItemExhibitList.P5Item.P10AdvanceProcurement.APCostElementCategoryList.GFE.APCostElement"
"2016","","NAVAIR","2016-03","2017-05","43","2.355","true","2015-03","SS","FPIF","2017-BASE_PROCUREMENT-2017-AIRFORCE_AIRCRAFT_VOL2-U_PROCUREMENT_MasterJustificationBook_Air_Force_PB_2017.zzz_unzipped-U_PROCUREMENT_MasterJustificationBook_Air_Force_PB_2017.xml","078d421d81190ecf8a486faab49d2e8ea4d456b0d51f6459cc6c7199455602cd","1-be203932b79a9c18c99c07513bca9b6b370f41fa97ae5ef42699b5f841da8e49","0-9e7450ae955562d04a3d9837d34090e997dbea0d47eb677bae5cd63c8bf96447","root.record.ItemExhibitList.P5Item.P10AdvanceProcurement.APCostElementCategoryList.GFE.APCostElement"
"2017","","NAVAIR","2017-03","2018-05","43","2.070","true","2016-03","SS","FPIF","2017-BASE_PROCUREMENT-2017-AIRFORCE_AIRCRAFT_VOL2-U_PROCUREMENT_MasterJustificationBook_Air_Force_PB_2017.zzz_unzipped-U_PROCUREMENT_MasterJustificationBook_Air_Force_PB_2017.xml","078d421d81190ecf8a486faab49d2e8ea4d456b0d51f6459cc6c7199455602cd","2-912f342f3631f2377789bebaee8e1167f0e286121631ac560c52406d767b2e73","0-9e7450ae955562d04a3d9837d34090e997dbea0d47eb677bae5cd63c8bf96447","root.record.ItemExhibitList.P5Item.P10AdvanceProcurement.APCostElementCategoryList.GFE.APCostElement"
"2016","","NAVAIR","2016-07","2017-05","48","2.110","true","2015-03","SS","FPIF","2018-BASE_PROCUREMENT-2018-AIRFORCE_AIRCRAFT_VOL1-U_PROCUREMENT_JustificationBook_Air_Force_PB_2018.zzz_unzipped-U_PROCUREMENT_JustificationBook_Air_Force_PB_2018.xml","a30f2c236c5384ee16ac505377b81d18639f300a5bc38116f7a4b25eef710752","0-62badaf32fa2a933353ca7cd758eebf693c154c28df2b64c8734d13065815ddc","0-8869ec35eccfbcff316628ad18f8c10baa2cb6b33e7c9d347c09622595064bae","root.record.ItemExhibitList.P5Item.P10AdvanceProcurement.APCostElementCategoryList.GFE.APCostElement"
"2017","","NAVAIR","2017-05","2018-05","46","1.935","true","2016-03","SS","FPIF","2018-BASE_PROCUREMENT-2018-AIRFORCE_AIRCRAFT_VOL1-U_PROCUREMENT_JustificationBook_Air_Force_PB_2018.zzz_unzipped-U_PROCUREMENT_JustificationBook_Air_Force_PB_2018.xml","a30f2c236c5384ee16ac505377b81d18639f300a5bc38116f7a4b25eef710752","1-7ea027d8437648276ea3f78602081e31e762ed93f2838b4f250be5bfdfef0d0e","0-8869ec35eccfbcff316628ad18f8c10baa2cb6b33e7c9d347c09622595064bae","root.record.ItemExhibitList.P5Item.P10AdvanceProcurement.APCostElementCategoryList.GFE.APCostElement"
"2018","","NAVAIR","2018-03","2019-05","48","1.272","true","2017-03","SS","FPIF","2018-BASE_PROCUREMENT-2018-AIRFORCE_AIRCRAFT_VOL1-U_PROCUREMENT_JustificationBook_Air_Force_PB_2018.zzz_unzipped-U_PROCUREMENT_JustificationBook_Air_Force_PB_2018.xml","a30f2c236c5384ee16ac505377b81d18639f300a5bc38116f7a4b25eef710752","2-7c3ec94e5152ec692b8542eee3352cff2ff26fac4e5dd7804e7ee9b01905fa44","0-8869ec35eccfbcff316628ad18f8c10baa2cb6b33e7c9d347c09622595064bae","root.record.ItemExhibitList.P5Item.P10AdvanceProcurement.APCostElementCategoryList.GFE.APCostElement"
"2016","","NAVAIR","2016-07","2017-05","0","0.000","true","2015-03","SS","FPIF","2018-BASE_PROCUREMENT-2018-AIRFORCE_AIRCRAFT_VOL1-U_PROCUREMENT_JustificationBook_Air_Force_PB_2018.zzz_unzipped-U_PROCUREMENT_JustificationBook_Air_Force_PB_2018.xml","a30f2c236c5384ee16ac505377b81d18639f300a5bc38116f7a4b25eef710752","0-32725caada760f24dcedfe99167a32583ba541dcb1c69154a629546de479877a","1-83a8ec973b8c490993a8eb4bff6bc94caad698320322205602bc6e43c668e551","root.record.ItemExhibitList.P5Item.P10AdvanceProcurement.APCostElementCategoryList.GFE.APCostElement"
"2017","","NAVAIR","2017-05","2018-05","0","0.000","true","2016-03","SS","FPIF","2018-BASE_PROCUREMENT-2018-AIRFORCE_AIRCRAFT_VOL1-U_PROCUREMENT_JustificationBook_Air_Force_PB_2018.zzz_unzipped-U_PROCUREMENT_JustificationBook_Air_Force_PB_2018.xml","a30f2c236c5384ee16ac505377b81d18639f300a5bc38116f7a4b25eef710752","1-07ced5c1d0cc68f3b3ab4a7a6c5808f81507e12438d748ece8769d46510e6886","1-83a8ec973b8c490993a8eb4bff6bc94caad698320322205602bc6e43c668e551","root.record.ItemExhibitList.P5Item.P10AdvanceProcurement.APCostElementCategoryList.GFE.APCostElement"
"2018","","NAVAIR","2018-03","2019-05","48","0.502","true","2017-03","SS","FPIF","2018-BASE_PROCUREMENT-2018-AIRFORCE_AIRCRAFT_VOL1-U_PROCUREMENT_JustificationBook_Air_Force_PB_2018.zzz_unzipped-U_PROCUREMENT_JustificationBook_Air_Force_PB_2018.xml","a30f2c236c5384ee16ac505377b81d18639f300a5bc38116f7a4b25eef710752","2-324e207c2e865d1ed6e4de3b5bfc294b446f4d8439b330fd6e2ca3dba97e2021","1-83a8ec973b8c490993a8eb4bff6bc94caad698320322205602bc6e43c668e551","root.record.ItemExhibitList.P5Item.P10AdvanceProcurement.APCostElementCategoryList.GFE.APCostElement"
"2016","","NAVAIR","2016-07","2017-05","0","0.000","true","2015-03","SS","FPIF","2018-BASE_PROCUREMENT-2018-AIRFORCE_AIRCRAFT_VOL1-U_PROCUREMENT_JustificationBook_Air_Force_PB_2018.zzz_unzipped-U_PROCUREMENT_JustificationBook_Air_Force_PB_2018.xml","a30f2c236c5384ee16ac505377b81d18639f300a5bc38116f7a4b25eef710752","0-78fd55af6c42ddd87820e66adae119051da3cee3d2edfc0042a7cd0f2d9135ce","2-9b5752c6b34a4ff61f7e96564cf1f1cd8b1bba8fc8c67a1481728cfa9a719816","root.record.ItemExhibitList.P5Item.P10AdvanceProcurement.APCostElementCategoryList.GFE.APCostElement"
"2017","","NAVAIR","2017-05","2018-05","0","0.000","true","2016-03","SS","FPIF","2018-BASE_PROCUREMENT-2018-AIRFORCE_AIRCRAFT_VOL1-U_PROCUREMENT_JustificationBook_Air_Force_PB_2018.zzz_unzipped-U_PROCUREMENT_JustificationBook_Air_Force_PB_2018.xml","a30f2c236c5384ee16ac505377b81d18639f300a5bc38116f7a4b25eef710752","1-69b83134da011cc0ae731d370f55cf25f014b5e0607883cb07896e86808db421","2-9b5752c6b34a4ff61f7e96564cf1f1cd8b1bba8fc8c67a1481728cfa9a719816","root.record.ItemExhibitList.P5Item.P10AdvanceProcurement.APCostElementCategoryList.GFE.APCostElement"
"2018","","NAVAIR","2018-03","2019-05","48","0.502","true","2017-03","SS","FPIF","2018-BASE_PROCUREMENT-2018-AIRFORCE_AIRCRAFT_VOL1-U_PROCUREMENT_JustificationBook_Air_Force_PB_2018.zzz_unzipped-U_PROCUREMENT_JustificationBook_Air_Force_PB_2018.xml","a30f2c236c5384ee16ac505377b81d18639f300a5bc38116f7a4b25eef710752","2-7f3619f97acfcaa921e92cba495c6c71ccbbcded7285cd7c3bf5deb1157aacf7","2-9b5752c6b34a4ff61f7e96564cf1f1cd8b1bba8fc8c67a1481728cfa9a719816","root.record.ItemExhibitList.P5Item.P10AdvanceProcurement.APCostElementCategoryList.GFE.APCostElement"
"2016","","NAVAIR","2016-07","2017-05","0","0.000","true","2015-03","SS","FPIF","2018-BASE_PROCUREMENT-2018-AIRFORCE_AIRCRAFT_VOL1-U_PROCUREMENT_JustificationBook_Air_Force_PB_2018.zzz_unzipped-U_PROCUREMENT_JustificationBook_Air_Force_PB_2018.xml","a30f2c236c5384ee16ac505377b81d18639f300a5bc38116f7a4b25eef710752","0-bf422183fd0345be54b9b03b81a255c79fe5f2c63c1cb35b1fc04f88c82885ad","3-3e218d6c4a73e070f8a2c288f384cb551d5034cc49871bfc3ea3330f19ec4508","root.record.ItemExhibitList.P5Item.P10AdvanceProcurement.APCostElementCategoryList.GFE.APCostElement"
"2017","","NAVAIR","2017-05","2018-05","0","0.000","true","2016-03","SS","FPIF","2018-BASE_PROCUREMENT-2018-AIRFORCE_AIRCRAFT_VOL1-U_PROCUREMENT_JustificationBook_Air_Force_PB_2018.zzz_unzipped-U_PROCUREMENT_JustificationBook_Air_Force_PB_2018.xml","a30f2c236c5384ee16ac505377b81d18639f300a5bc38116f7a4b25eef710752","1-0cf505a9e9b712a146196a3d05be112b261cdfcc557c0ddbc07f222cf11f355f","3-3e218d6c4a73e070f8a2c288f384cb551d5034cc49871bfc3ea3330f19ec4508","root.record.ItemExhibitList.P5Item.P10AdvanceProcurement.APCostElementCategoryList.GFE.APCostElement"
"2018","","NAVAIR","2018-03","2019-05","0","0.000","true","2017-03","SS","FPIF","2018-BASE_PROCUREMENT-2018-AIRFORCE_AIRCRAFT_VOL1-U_PROCUREMENT_JustificationBook_Air_Force_PB_2018.zzz_unzipped-U_PROCUREMENT_JustificationBook_Air_Force_PB_2018.xml","a30f2c236c5384ee16ac505377b81d18639f300a5bc38116f7a4b25eef710752","2-5b4e8d7b4c2ee6a319e1479c004477609ceb13f40d674d01c7490844dd12c606","3-3e218d6c4a73e070f8a2c288f384cb551d5034cc49871bfc3ea3330f19ec4508","root.record.ItemExhibitList.P5Item.P10AdvanceProcurement.APCostElementCategoryList.GFE.APCostElement"
"2016","","NAVAIR","2016-07","2017-05","0","0.000","true","2015-03","SS","FPIF","2018-BASE_PROCUREMENT-2018-AIRFORCE_AIRCRAFT_VOL1-U_PROCUREMENT_JustificationBook_Air_Force_PB_2018.zzz_unzipped-U_PROCUREMENT_JustificationBook_Air_Force_PB_2018.xml","a30f2c236c5384ee16ac505377b81d18639f300a5bc38116f7a4b25eef710752","0-3435125536cc8979836845064f1ae366dbc53657db5d27e394e43d3c2a08900d","4-99cc9611cd8183afe36769a7fa51c421b5a085aceb4dc54c53e866d7aae63b19","root.record.ItemExhibitList.P5Item.P10AdvanceProcurement.APCostElementCategoryList.GFE.APCostElement"
"2017","","NAVAIR","2017-05","2018-05","0","0.000","true","2016-03","SS","FPIF","2018-BASE_PROCUREMENT-2018-AIRFORCE_AIRCRAFT_VOL1-U_PROCUREMENT_JustificationBook_Air_Force_PB_2018.zzz_unzipped-U_PROCUREMENT_JustificationBook_Air_Force_PB_2018.xml","a30f2c236c5384ee16ac505377b81d18639f300a5bc38116f7a4b25eef710752","1-1eb871a21eb32f0e04dd71bed28498427c5f589c5d4feeaba9105fc507517ce3","4-99cc9611cd8183afe36769a7fa51c421b5a085aceb4dc54c53e866d7aae63b19","root.record.ItemExhibitList.P5Item.P10AdvanceProcurement.APCostElementCategoryList.GFE.APCostElement"
"2018","","NAVAIR","2018-03","2019-05","0","0.000","true","2017-03","SS","FPIF","2018-BASE_PROCUREMENT-2018-AIRFORCE_AIRCRAFT_VOL1-U_PROCUREMENT_JustificationBook_Air_Force_PB_2018.zzz_unzipped-U_PROCUREMENT_JustificationBook_Air_Force_PB_2018.xml","a30f2c236c5384ee16ac505377b81d18639f300a5bc38116f7a4b25eef710752","2-2d3c507a5f9c3692a7113448203c4518a788e797f5d80aa91b0bb5f30154e1b5","4-99cc9611cd8183afe36769a7fa51c421b5a085aceb4dc54c53e866d7aae63b19","root.record.ItemExhibitList.P5Item.P10AdvanceProcurement.APCostElementCategoryList.GFE.APCostElement"
"2016","","NAVAIR","2016-07","2017-05","0","0.000","true","2015-03","SS","FPIF","2018-BASE_PROCUREMENT-2018-AIRFORCE_AIRCRAFT_VOL1-U_PROCUREMENT_JustificationBook_Air_Force_PB_2018.zzz_unzipped-U_PROCUREMENT_JustificationBook_Air_Force_PB_2018.xml","a30f2c236c5384ee16ac505377b81d18639f300a5bc38116f7a4b25eef710752","0-b7369073acb7d94a9afcbf03fa26af38abcc17a4ca377ae6f0f013eee97c59ab","5-80a923bfdae742e5aa4570f90094fc3f5d8fbd7fc416b2018689bd497be1eb1a","root.record.ItemExhibitList.P5Item.P10AdvanceProcurement.APCostElementCategoryList.GFE.APCostElement"
"2017","","NAVAIR","2017-05","2018-05","0","0.000","true","2016-03","SS","FPIF","2018-BASE_PROCUREMENT-2018-AIRFORCE_AIRCRAFT_VOL1-U_PROCUREMENT_JustificationBook_Air_Force_PB_2018.zzz_unzipped-U_PROCUREMENT_JustificationBook_Air_Force_PB_2018.xml","a30f2c236c5384ee16ac505377b81d18639f300a5bc38116f7a4b25eef710752","1-583cfb1262f09666bb5e33c0b0d3efc5630caf6b7a28c413ee5d35c9e2531312","5-80a923bfdae742e5aa4570f90094fc3f5d8fbd7fc416b2018689bd497be1eb1a","root.record.ItemExhibitList.P5Item.P10AdvanceProcurement.APCostElementCategoryList.GFE.APCostElement"
"2018","","NAVAIR","2018-03","2019-05","0","0.000","true","2017-03","SS","FPIF","2018-BASE_PROCUREMENT-2018-AIRFORCE_AIRCRAFT_VOL1-U_PROCUREMENT_JustificationBook_Air_Force_PB_2018.zzz_unzipped-U_PROCUREMENT_JustificationBook_Air_Force_PB_2018.xml","a30f2c236c5384ee16ac505377b81d18639f300a5bc38116f7a4b25eef710752","2-76c764a1dc17a742f50ef3208e2a8734450199c0bc39f31472d5441f1b479058","5-80a923bfdae742e5aa4570f90094fc3f5d8fbd7fc416b2018689bd497be1eb1a","root.record.ItemExhibitList.P5Item.P10AdvanceProcurement.APCostElementCategoryList.GFE.APCostElement"
"2016","","NAVAIR","2016-07","2017-05","0","0.000","true","2015-03","SS","FPIF","2018-BASE_PROCUREMENT-2018-AIRFORCE_AIRCRAFT_VOL1-U_PROCUREMENT_JustificationBook_Air_Force_PB_2018.zzz_unzipped-U_PROCUREMENT_JustificationBook_Air_Force_PB_2018.xml","a30f2c236c5384ee16ac505377b81d18639f300a5bc38116f7a4b25eef710752","0-99df2376e46787a688a3098a2d528375a938aae0b6965aeac3ac039d1ef5f551","6-b181ebd2748c99be5aa4b73762db8a5a4c41054d03dd36a8f3e71390b532b20e","root.record.ItemExhibitList.P5Item.P10AdvanceProcurement.APCostElementCategoryList.GFE.APCostElement"
"2017","","NAVAIR","2017-05","2018-05","0","0.000","true","2016-03","SS","FPIF","2018-BASE_PROCUREMENT-2018-AIRFORCE_AIRCRAFT_VOL1-U_PROCUREMENT_JustificationBook_Air_Force_PB_2018.zzz_unzipped-U_PROCUREMENT_JustificationBook_Air_Force_PB_2018.xml","a30f2c236c5384ee16ac505377b81d18639f300a5bc38116f7a4b25eef710752","1-f7232471995b2ea6d2fd5eb284fe0191e0f2308d571665b1d598bbf1e524455d","6-b181ebd2748c99be5aa4b73762db8a5a4c41054d03dd36a8f3e71390b532b20e","root.record.ItemExhibitList.P5Item.P10AdvanceProcurement.APCostElementCategoryList.GFE.APCostElement"
"2018","","NAVAIR","2018-03","2019-05","0","0.000","true","2017-03","SS","FPIF","2018-BASE_PROCUREMENT-2018-AIRFORCE_AIRCRAFT_VOL1-U_PROCUREMENT_JustificationBook_Air_Force_PB_2018.zzz_unzipped-U_PROCUREMENT_JustificationBook_Air_Force_PB_2018.xml","a30f2c236c5384ee16ac505377b81d18639f300a5bc38116f7a4b25eef710752","2-8691e89fdcb4d5d5ccd9d1369a376c3b886170548a5a38f50555453374aad293","6-b181ebd2748c99be5aa4b73762db8a5a4c41054d03dd36a8f3e71390b532b20e","root.record.ItemExhibitList.P5Item.P10AdvanceProcurement.APCostElementCategoryList.GFE.APCostElement"
"2016","","NAVAIR","2016-07","2017-05","48","2.110","true","2015-03","SS","FPIF","2018-BASE_PROCUREMENT-2018-AIRFORCE_AIRCRAFT_VOL2-U_PROCUREMENT_MasterJustificationBook_Air_Force_PB_2018.zzz_unzipped-U_PROCUREMENT_MasterJustificationBook_Air_Force_PB_2018.xml","ec7c8fc0c391f9422d637e8cf6c3d4a59f3faa8a33fbbc2a34a2ae7115414e56","0-49af7c36ff0550cb4158869240030ec294426992b918d2172369295e45a667b4","0-3662aa99e31070afe0336aa518e12a24317d21e350ad503af46a133307108eea","root.record.ItemExhibitList.P5Item.P10AdvanceProcurement.APCostElementCategoryList.GFE.APCostElement"
"2017","","NAVAIR","2017-05","2018-05","46","1.935","true","2016-03","SS","FPIF","2018-BASE_PROCUREMENT-2018-AIRFORCE_AIRCRAFT_VOL2-U_PROCUREMENT_MasterJustificationBook_Air_Force_PB_2018.zzz_unzipped-U_PROCUREMENT_MasterJustificationBook_Air_Force_PB_2018.xml","ec7c8fc0c391f9422d637e8cf6c3d4a59f3faa8a33fbbc2a34a2ae7115414e56","1-159744e31c4c42fc153b9773fde3fbbd2c71250ed7c15ea49a6c0ceb2d090d03","0-3662aa99e31070afe0336aa518e12a24317d21e350ad503af46a133307108eea","root.record.ItemExhibitList.P5Item.P10AdvanceProcurement.APCostElementCategoryList.GFE.APCostElement"
"2018","","NAVAIR","2018-03","2019-05","48","1.272","true","2017-03","SS","FPIF","2018-BASE_PROCUREMENT-2018-AIRFORCE_AIRCRAFT_VOL2-U_PROCUREMENT_MasterJustificationBook_Air_Force_PB_2018.zzz_unzipped-U_PROCUREMENT_MasterJustificationBook_Air_Force_PB_2018.xml","ec7c8fc0c391f9422d637e8cf6c3d4a59f3faa8a33fbbc2a34a2ae7115414e56","2-267ce93aaa3ced4207265ff097159054dd33f3bc616287b249f4456ab6aecf57","0-3662aa99e31070afe0336aa518e12a24317d21e350ad503af46a133307108eea","root.record.ItemExhibitList.P5Item.P10AdvanceProcurement.APCostElementCategoryList.GFE.APCostElement"
"2016","","NAVAIR","2016-07","2017-05","0","0.000","true","2015-03","SS","FPIF","2018-BASE_PROCUREMENT-2018-AIRFORCE_AIRCRAFT_VOL2-U_PROCUREMENT_MasterJustificationBook_Air_Force_PB_2018.zzz_unzipped-U_PROCUREMENT_MasterJustificationBook_Air_Force_PB_2018.xml","ec7c8fc0c391f9422d637e8cf6c3d4a59f3faa8a33fbbc2a34a2ae7115414e56","0-f4866803afe691cf930c40c898fa9ac34f3aeaa0350eb0d4906760422f7d77e0","1-38c324451f955b46b9614e41e613e58cc9550438a59c122f8993cfabfbc62252","root.record.ItemExhibitList.P5Item.P10AdvanceProcurement.APCostElementCategoryList.GFE.APCostElement"
"2017","","NAVAIR","2017-05","2018-05","0","0.000","true","2016-03","SS","FPIF","2018-BASE_PROCUREMENT-2018-AIRFORCE_AIRCRAFT_VOL2-U_PROCUREMENT_MasterJustificationBook_Air_Force_PB_2018.zzz_unzipped-U_PROCUREMENT_MasterJustificationBook_Air_Force_PB_2018.xml","ec7c8fc0c391f9422d637e8cf6c3d4a59f3faa8a33fbbc2a34a2ae7115414e56","1-4a78d083d4faa7eec9f4c50b7570d6a64d590b059f65fe6ddc23b33908b3a1de","1-38c324451f955b46b9614e41e613e58cc9550438a59c122f8993cfabfbc62252","root.record.ItemExhibitList.P5Item.P10AdvanceProcurement.APCostElementCategoryList.GFE.APCostElement"
"2018","","NAVAIR","2018-03","2019-05","48","0.502","true","2017-03","SS","FPIF","2018-BASE_PROCUREMENT-2018-AIRFORCE_AIRCRAFT_VOL2-U_PROCUREMENT_MasterJustificationBook_Air_Force_PB_2018.zzz_unzipped-U_PROCUREMENT_MasterJustificationBook_Air_Force_PB_2018.xml","ec7c8fc0c391f9422d637e8cf6c3d4a59f3faa8a33fbbc2a34a2ae7115414e56","2-3c901aa927bce5140e31b16954773ac4078a9597205ee035caff665eba4c2925","1-38c324451f955b46b9614e41e613e58cc9550438a59c122f8993cfabfbc62252","root.record.ItemExhibitList.P5Item.P10AdvanceProcurement.APCostElementCategoryList.GFE.APCostElement"
"2016","","NAVAIR","2016-07","2017-05","0","0.000","true","2015-03","SS","FPIF","2018-BASE_PROCUREMENT-2018-AIRFORCE_AIRCRAFT_VOL2-U_PROCUREMENT_MasterJustificationBook_Air_Force_PB_2018.zzz_unzipped-U_PROCUREMENT_MasterJustificationBook_Air_Force_PB_2018.xml","ec7c8fc0c391f9422d637e8cf6c3d4a59f3faa8a33fbbc2a34a2ae7115414e56","0-afe2425134816e8077a807af4e0b50892a4abeb3fc1067714e089b1e5f98d7ce","2-fd036311b6003c9cb0d1904cce260de70611d76c2911bedf33e61dd42c4ae1fd","root.record.ItemExhibitList.P5Item.P10AdvanceProcurement.APCostElementCategoryList.GFE.APCostElement"
"2017","","NAVAIR","2017-05","2018-05","0","0.000","true","2016-03","SS","FPIF","2018-BASE_PROCUREMENT-2018-AIRFORCE_AIRCRAFT_VOL2-U_PROCUREMENT_MasterJustificationBook_Air_Force_PB_2018.zzz_unzipped-U_PROCUREMENT_MasterJustificationBook_Air_Force_PB_2018.xml","ec7c8fc0c391f9422d637e8cf6c3d4a59f3faa8a33fbbc2a34a2ae7115414e56","1-2bbe42471defea6dc588d212038717e870f47c6dda5a6ff6638df65cfe7efdf2","2-fd036311b6003c9cb0d1904cce260de70611d76c2911bedf33e61dd42c4ae1fd","root.record.ItemExhibitList.P5Item.P10AdvanceProcurement.APCostElementCategoryList.GFE.APCostElement"
"2018","","NAVAIR","2018-03","2019-05","48","0.502","true","2017-03","SS","FPIF","2018-BASE_PROCUREMENT-2018-AIRFORCE_AIRCRAFT_VOL2-U_PROCUREMENT_MasterJustificationBook_Air_Force_PB_2018.zzz_unzipped-U_PROCUREMENT_MasterJustificationBook_Air_Force_PB_2018.xml","ec7c8fc0c391f9422d637e8cf6c3d4a59f3faa8a33fbbc2a34a2ae7115414e56","2-859b01dd2f46a2c50a004fc931426cdb2ffe1683042405fcb04bf4b8a88cca53","2-fd036311b6003c9cb0d1904cce260de70611d76c2911bedf33e61dd42c4ae1fd","root.record.ItemExhibitList.P5Item.P10AdvanceProcurement.APCostElementCategoryList.GFE.APCostElement"
"2016","","NAVAIR","2016-07","2017-05","0","0.000","true","2015-03","SS","FPIF","2018-BASE_PROCUREMENT-2018-AIRFORCE_AIRCRAFT_VOL2-U_PROCUREMENT_MasterJustificationBook_Air_Force_PB_2018.zzz_unzipped-U_PROCUREMENT_MasterJustificationBook_Air_Force_PB_2018.xml","ec7c8fc0c391f9422d637e8cf6c3d4a59f3faa8a33fbbc2a34a2ae7115414e56","0-c2408c2d9bba702946a52ad26cb7a7bebf70f2f39d7deec9188543084f3c0889","3-c4b8b1cda54cd8b683ad74ebcb9f903cdb1152e9731d377798d4f67b0a427914","root.record.ItemExhibitList.P5Item.P10AdvanceProcurement.APCostElementCategoryList.GFE.APCostElement"
"2017","","NAVAIR","2017-05","2018-05","0","0.000","true","2016-03","SS","FPIF","2018-BASE_PROCUREMENT-2018-AIRFORCE_AIRCRAFT_VOL2-U_PROCUREMENT_MasterJustificationBook_Air_Force_PB_2018.zzz_unzipped-U_PROCUREMENT_MasterJustificationBook_Air_Force_PB_2018.xml","ec7c8fc0c391f9422d637e8cf6c3d4a59f3faa8a33fbbc2a34a2ae7115414e56","1-56a48ecc5c52b9948ea6e228a9ff882306439ed9810ce1c70091899150717803","3-c4b8b1cda54cd8b683ad74ebcb9f903cdb1152e9731d377798d4f67b0a427914","root.record.ItemExhibitList.P5Item.P10AdvanceProcurement.APCostElementCategoryList.GFE.APCostElement"
"2018","","NAVAIR","2018-03","2019-05","0","0.000","true","2017-03","SS","FPIF","2018-BASE_PROCUREMENT-2018-AIRFORCE_AIRCRAFT_VOL2-U_PROCUREMENT_MasterJustificationBook_Air_Force_PB_2018.zzz_unzipped-U_PROCUREMENT_MasterJustificationBook_Air_Force_PB_2018.xml","ec7c8fc0c391f9422d637e8cf6c3d4a59f3faa8a33fbbc2a34a2ae7115414e56","2-fe7503457ee893805b2d5118d178320de0cbb2afb4b87e0df145ae808676e6c2","3-c4b8b1cda54cd8b683ad74ebcb9f903cdb1152e9731d377798d4f67b0a427914","root.record.ItemExhibitList.P5Item.P10AdvanceProcurement.APCostElementCategoryList.GFE.APCostElement"
"2016","","NAVAIR","2016-07","2017-05","0","0.000","true","2015-03","SS","FPIF","2018-BASE_PROCUREMENT-2018-AIRFORCE_AIRCRAFT_VOL2-U_PROCUREMENT_MasterJustificationBook_Air_Force_PB_2018.zzz_unzipped-U_PROCUREMENT_MasterJustificationBook_Air_Force_PB_2018.xml","ec7c8fc0c391f9422d637e8cf6c3d4a59f3faa8a33fbbc2a34a2ae7115414e56","0-c15f0d553705f32085f550763434e10f33f85e3ce05cfd50642b7f048fcbdf1a","4-70108af9e5a06b6f7cd3e3308da78a02e2a475b1121a27abaa95ae6d80ab75d5","root.record.ItemExhibitList.P5Item.P10AdvanceProcurement.APCostElementCategoryList.GFE.APCostElement"
"2017","","NAVAIR","2017-05","2018-05","0","0.000","true","2016-03","SS","FPIF","2018-BASE_PROCUREMENT-2018-AIRFORCE_AIRCRAFT_VOL2-U_PROCUREMENT_MasterJustificationBook_Air_Force_PB_2018.zzz_unzipped-U_PROCUREMENT_MasterJustificationBook_Air_Force_PB_2018.xml","ec7c8fc0c391f9422d637e8cf6c3d4a59f3faa8a33fbbc2a34a2ae7115414e56","1-fc4c13a380037a8fd3ca8ce3090ab635644ed1dcf8c1299024a2aba7b54a508a","4-70108af9e5a06b6f7cd3e3308da78a02e2a475b1121a27abaa95ae6d80ab75d5","root.record.ItemExhibitList.P5Item.P10AdvanceProcurement.APCostElementCategoryList.GFE.APCostElement"
"2018","","NAVAIR","2018-03","2019-05","0","0.000","true","2017-03","SS","FPIF","2018-BASE_PROCUREMENT-2018-AIRFORCE_AIRCRAFT_VOL2-U_PROCUREMENT_MasterJustificationBook_Air_Force_PB_2018.zzz_unzipped-U_PROCUREMENT_MasterJustificationBook_Air_Force_PB_2018.xml","ec7c8fc0c391f9422d637e8cf6c3d4a59f3faa8a33fbbc2a34a2ae7115414e56","2-a141b17b36c7ff748552cfbd3669a7af23c48bda8668bec1e2317178b210ab3f","4-70108af9e5a06b6f7cd3e3308da78a02e2a475b1121a27abaa95ae6d80ab75d5","root.record.ItemExhibitList.P5Item.P10AdvanceProcurement.APCostElementCategoryList.GFE.APCostElement"
"2016","","NAVAIR","2016-07","2017-05","0","0.000","true","2015-03","SS","FPIF","2018-BASE_PROCUREMENT-2018-AIRFORCE_AIRCRAFT_VOL2-U_PROCUREMENT_MasterJustificationBook_Air_Force_PB_2018.zzz_unzipped-U_PROCUREMENT_MasterJustificationBook_Air_Force_PB_2018.xml","ec7c8fc0c391f9422d637e8cf6c3d4a59f3faa8a33fbbc2a34a2ae7115414e56","0-3019e1f4c751c67216412d10a63d5740c4da1f9c8156cf2f22f8b20cea122b57","5-56c16218b90aee8477799467a8e91124a25d4d14313527371d88121c03310fbd","root.record.ItemExhibitList.P5Item.P10AdvanceProcurement.APCostElementCategoryList.GFE.APCostElement"
"2017","","NAVAIR","2017-05","2018-05","0","0.000","true","2016-03","SS","FPIF","2018-BASE_PROCUREMENT-2018-AIRFORCE_AIRCRAFT_VOL2-U_PROCUREMENT_MasterJustificationBook_Air_Force_PB_2018.zzz_unzipped-U_PROCUREMENT_MasterJustificationBook_Air_Force_PB_2018.xml","ec7c8fc0c391f9422d637e8cf6c3d4a59f3faa8a33fbbc2a34a2ae7115414e56","1-66ff436c25268d4dc73dbe3bee08f9b03e26b2ce76736659d59885d466cc76cc","5-56c16218b90aee8477799467a8e91124a25d4d14313527371d88121c03310fbd","root.record.ItemExhibitList.P5Item.P10AdvanceProcurement.APCostElementCategoryList.GFE.APCostElement"
"2018","","NAVAIR","2018-03","2019-05","0","0.000","true","2017-03","SS","FPIF","2018-BASE_PROCUREMENT-2018-AIRFORCE_AIRCRAFT_VOL2-U_PROCUREMENT_MasterJustificationBook_Air_Force_PB_2018.zzz_unzipped-U_PROCUREMENT_MasterJustificationBook_Air_Force_PB_2018.xml","ec7c8fc0c391f9422d637e8cf6c3d4a59f3faa8a33fbbc2a34a2ae7115414e56","2-2d8b9c4bd468ee36358959afc907d894eb6fad7d58b2ae47340c8b19a2fcab9b","5-56c16218b90aee8477799467a8e91124a25d4d14313527371d88121c03310fbd","root.record.ItemExhibitList.P5Item.P10AdvanceProcurement.APCostElementCategoryList.GFE.APCostElement"
"2016","","NAVAIR","2016-07","2017-05","0","0.000","true","2015-03","SS","FPIF","2018-BASE_PROCUREMENT-2018-AIRFORCE_AIRCRAFT_VOL2-U_PROCUREMENT_MasterJustificationBook_Air_Force_PB_2018.zzz_unzipped-U_PROCUREMENT_MasterJustificationBook_Air_Force_PB_2018.xml","ec7c8fc0c391f9422d637e8cf6c3d4a59f3faa8a33fbbc2a34a2ae7115414e56","0-a4a4e7a4985d6f46f2ba70c50d690dfbe026154eef469a8759c7f68d7302e2e1","6-b2da5eef35ccb08f0ab43e7f356ec1105dfa43dc002e54649e4858e5b282268c","root.record.ItemExhibitList.P5Item.P10AdvanceProcurement.APCostElementCategoryList.GFE.APCostElement"
"2017","","NAVAIR","2017-05","2018-05","0","0.000","true","2016-03","SS","FPIF","2018-BASE_PROCUREMENT-2018-AIRFORCE_AIRCRAFT_VOL2-U_PROCUREMENT_MasterJustificationBook_Air_Force_PB_2018.zzz_unzipped-U_PROCUREMENT_MasterJustificationBook_Air_Force_PB_2018.xml","ec7c8fc0c391f9422d637e8cf6c3d4a59f3faa8a33fbbc2a34a2ae7115414e56","1-f27ca706791962e45db289184e5149170d6893acc2c90eef3b35e27c2623dc8a","6-b2da5eef35ccb08f0ab43e7f356ec1105dfa43dc002e54649e4858e5b282268c","root.record.ItemExhibitList.P5Item.P10AdvanceProcurement.APCostElementCategoryList.GFE.APCostElement"
"2018","","NAVAIR","2018-03","2019-05","0","0.000","true","2017-03","SS","FPIF","2018-BASE_PROCUREMENT-2018-AIRFORCE_AIRCRAFT_VOL2-U_PROCUREMENT_MasterJustificationBook_Air_Force_PB_2018.zzz_unzipped-U_PROCUREMENT_MasterJustificationBook_Air_Force_PB_2018.xml","ec7c8fc0c391f9422d637e8cf6c3d4a59f3faa8a33fbbc2a34a2ae7115414e56","2-e1fa9f4687fb9885821500a484a4d9dba69579b608f986ff900e15be023a011b","6-b2da5eef35ccb08f0ab43e7f356ec1105dfa43dc002e54649e4858e5b282268c","root.record.ItemExhibitList.P5Item.P10AdvanceProcurement.APCostElementCategoryList.GFE.APCostElement"
"2017","","NAVAIR","2018-02","2018-05","46","1.935","true","2016-03","SS","FPIF","2019-BASE_PROCUREMENT-2019-AIRFORCE_AIRCRAFT_VOL1-U_PROCUREMENT_JustificationBook_Air_Force_PB_2019.zzz_unzipped-U_PROCUREMENT_JustificationBook_Air_Force_PB_2019.xml","1fdbf569c608ae7a271625dc5ff3eaab7c35ea12b5100be5b6db75ab533692b6","0-9fff1eb2e0fabe26e33e2ac030ec25dba8e3fa54f004cdb66a2c7e320a86fa95","0-1a81220b1467deeafc33ef2ce006f4f7ddbf03b8623cf853ccb67294b4f6c938","root.record.ItemExhibitList.P5Item.P10AdvanceProcurement.APCostElementCategoryList.GFE.APCostElement"
"2019","","NAVAIR","2019-05","2020-05","48","1.438","true","2018-03","SS","FPIF","2019-BASE_PROCUREMENT-2019-AIRFORCE_AIRCRAFT_VOL1-U_PROCUREMENT_JustificationBook_Air_Force_PB_2019.zzz_unzipped-U_PROCUREMENT_JustificationBook_Air_Force_PB_2019.xml","1fdbf569c608ae7a271625dc5ff3eaab7c35ea12b5100be5b6db75ab533692b6","1-902febb3e772789cd2f642bed6a45b77692a677af3c4f4dfbe163c7dd0c6cf59","0-1a81220b1467deeafc33ef2ce006f4f7ddbf03b8623cf853ccb67294b4f6c938","root.record.ItemExhibitList.P5Item.P10AdvanceProcurement.APCostElementCategoryList.GFE.APCostElement"
"2017","","NAVAIR","2018-02","2018-05","46","1.935","true","2016-03","SS","FPIF","2019-BASE_PROCUREMENT-2019-AIRFORCE_AIRCRAFT_VOL2-U_PROCUREMENT_MasterJustificationBook_Air_Force_PB_2019.zzz_unzipped-U_PROCUREMENT_MasterJustificationBook_Air_Force_PB_2019.xml","a6302168237242179e7ebb7f4e7e0c6ef197c9aa214ebf4208a31df54f491c95","0-b6102fb9931214aa3f87ef20617f9c2b0d0ae077d25049c2be8397bc446b91c1","0-c83c7152e23872048960f58b80c6be7264238b5b6a052c8120aa16f55f4c9d8c","root.record.ItemExhibitList.P5Item.P10AdvanceProcurement.APCostElementCategoryList.GFE.APCostElement"
"2019","","NAVAIR","2019-05","2020-05","48","1.438","true","2018-03","SS","FPIF","2019-BASE_PROCUREMENT-2019-AIRFORCE_AIRCRAFT_VOL2-U_PROCUREMENT_MasterJustificationBook_Air_Force_PB_2019.zzz_unzipped-U_PROCUREMENT_MasterJustificationBook_Air_Force_PB_2019.xml","a6302168237242179e7ebb7f4e7e0c6ef197c9aa214ebf4208a31df54f491c95","1-a4e57c5c8954c89662325b12d3b5772f09292cefa9348ced5b4e6cafeeaaa8eb","0-c83c7152e23872048960f58b80c6be7264238b5b6a052c8120aa16f55f4c9d8c","root.record.ItemExhibitList.P5Item.P10AdvanceProcurement.APCostElementCategoryList.GFE.APCostElement"
"2020","","NAVAIR","2020-05","2021-05","48","1.399","true","2019-03","SS","FPIF","2020-BASE_PROCUREMENT-2020-AIRFORCE_AIRCRAFT_VOL1-U_PROCUREMENT_JustificationBook_Air_Force_PB_2020.zzz_unzipped-U_PROCUREMENT_JustificationBook_Air_Force_PB_2020.xml","7617dbcc15ca36437e9b9096aaa833b46488c1a0960e4fce9963bdc0327c2cd5","0-dcf7cd216569f294659d2a9c1396d6629f02dcf7c4963c961d1eb4b2d83ddaa5","0-ce5cd34016d176c2c16a88e03d01dbd7b33496b8541e5be8dd7118501d430dfc","root.record.ItemExhibitList.P5Item.P10AdvanceProcurement.APCostElementCategoryList.GFE.APCostElement"
"2020","","NAVAIR","2020-05","2021-05","48","1.399","true","2019-03","SS","FPIF","2020-BASE_PROCUREMENT-2020-AIRFORCE_AIRCRAFT_VOL2-U_PROCUREMENT_MasterJustificationBook_Air_Force_PB_2020.zzz_unzipped-U_PROCUREMENT_MasterJustificationBook_Air_Force_PB_2020.xml","7887936a705e5042434ac2d5eee4d04e3202bfe64d739d33f5053abd069b5037","0-c883f2a066f1a4a3e7117c098d8fc238e9aa830de1eb1beda50865b85d2ba45c","0-fb3c69656662403b60ac92cb13c17a46b8817dec64699d6937770763c2388793","root.record.ItemExhibitList.P5Item.P10AdvanceProcurement.APCostElementCategoryList.GFE.APCostElement"
