FiscalYear_val,FiscalYear_@footnote,PCOLocation_val,AwardDate_val,FirstDeliveryDate_val,Quantity_val,UnitCost_val,SpecsAvailableNow_val,RFPIssueDate_val,ContractMethod_val,ContractType_val,@SOURCE_FILENAME,@RECORDID,@ROWID,@PARENTROWID,@PARENT
"2010","","NAVAIR","2010-05","2012-12","22","2.777","true","2009-01","SS","FPIF","2015-BASE_PROCUREMENT-2015-AIRFORCE_AIRCRAFT_VOL1-PROCUREMENT_JustificationBook_Air_Force_PB_2015.zzz_unzipped-PROCUREMENT_JustificationBook_Air_Force_PB_2015.xml","72e89ccc766fe3f87d2e7ce15feb0d55fcd0fa99a93b32c43e51b37db5c84475","0-d31b49ae78a5498b85ea92a430c1b7df464b805328e4c269a12ef45448863ec5","0-9969325fb8d243fc68f6b9e4692159e1e602539e20b70c0959b3e29bec85fcdb","root.record.ItemExhibitList.P5Item.P10AdvanceProcurement.APCostElementCategoryList.GFE.APCostElement"
"2011","","NAVAIR","2012-01","2013-11","18","3.060","true","2010-06","SS","FPIF","2015-BASE_PROCUREMENT-2015-AIRFORCE_AIRCRAFT_VOL1-PROCUREMENT_JustificationBook_Air_Force_PB_2015.zzz_unzipped-PROCUREMENT_JustificationBook_Air_Force_PB_2015.xml","72e89ccc766fe3f87d2e7ce15feb0d55fcd0fa99a93b32c43e51b37db5c84475","1-390dbc240e85803b49d70059df8736b4a3ad943c4fb0a4ffa996e51ac6ff6510","0-9969325fb8d243fc68f6b9e4692159e1e602539e20b70c0959b3e29bec85fcdb","root.record.ItemExhibitList.P5Item.P10AdvanceProcurement.APCostElementCategoryList.GFE.APCostElement"
"2012","","NAVAIR","2012-09","2014-07","19","2.651","true","2012-06","SS","FPIF","2015-BASE_PROCUREMENT-2015-AIRFORCE_AIRCRAFT_VOL1-PROCUREMENT_JustificationBook_Air_Force_PB_2015.zzz_unzipped-PROCUREMENT_JustificationBook_Air_Force_PB_2015.xml","72e89ccc766fe3f87d2e7ce15feb0d55fcd0fa99a93b32c43e51b37db5c84475","2-6ee06353808ff54eb792a59240037f3235d4bb0cbff5c49fefe5ac1762fb2731","0-9969325fb8d243fc68f6b9e4692159e1e602539e20b70c0959b3e29bec85fcdb","root.record.ItemExhibitList.P5Item.P10AdvanceProcurement.APCostElementCategoryList.GFE.APCostElement"
"2013","","NAVAIR","2013-08","2015-05","19","3.396","true","2013-03","SS","FPIF","2015-BASE_PROCUREMENT-2015-AIRFORCE_AIRCRAFT_VOL1-PROCUREMENT_JustificationBook_Air_Force_PB_2015.zzz_unzipped-PROCUREMENT_JustificationBook_Air_Force_PB_2015.xml","72e89ccc766fe3f87d2e7ce15feb0d55fcd0fa99a93b32c43e51b37db5c84475","3-fdae401e6f1dd31e12c1da4802d0642a312a20e4c192f766dbae98380f111bd7","0-9969325fb8d243fc68f6b9e4692159e1e602539e20b70c0959b3e29bec85fcdb","root.record.ItemExhibitList.P5Item.P10AdvanceProcurement.APCostElementCategoryList.GFE.APCostElement"
"2014","","NAVAIR","2014-03","2016-05","26","3.811","true","2014-03","SS","FPIF","2015-BASE_PROCUREMENT-2015-AIRFORCE_AIRCRAFT_VOL1-PROCUREMENT_JustificationBook_Air_Force_PB_2015.zzz_unzipped-PROCUREMENT_JustificationBook_Air_Force_PB_2015.xml","72e89ccc766fe3f87d2e7ce15feb0d55fcd0fa99a93b32c43e51b37db5c84475","4-b4e9c00294190c0497412e26a41861ca7ee86683cec2913206f173d0a94c23c1","0-9969325fb8d243fc68f6b9e4692159e1e602539e20b70c0959b3e29bec85fcdb","root.record.ItemExhibitList.P5Item.P10AdvanceProcurement.APCostElementCategoryList.GFE.APCostElement"
"2015","","NAVAIR","2015-03","2017-01","44","1.459","true","2015-03","SS","FPIF","2015-BASE_PROCUREMENT-2015-AIRFORCE_AIRCRAFT_VOL1-PROCUREMENT_JustificationBook_Air_Force_PB_2015.zzz_unzipped-PROCUREMENT_JustificationBook_Air_Force_PB_2015.xml","72e89ccc766fe3f87d2e7ce15feb0d55fcd0fa99a93b32c43e51b37db5c84475","5-fe80af3483505c6ec0ca431bff86f03208631c4ccd31c32ee1bd673c6af9f99a","0-9969325fb8d243fc68f6b9e4692159e1e602539e20b70c0959b3e29bec85fcdb","root.record.ItemExhibitList.P5Item.P10AdvanceProcurement.APCostElementCategoryList.GFE.APCostElement"
"2013","Reference footnote (1)","WPAFB, OH","2013-06","2016-01","6","2.000","true","2012-10","SS","Various","2015-BASE_PROCUREMENT-2015-AIRFORCE_AIRCRAFT_VOL1-PROCUREMENT_JustificationBook_Air_Force_PB_2015.zzz_unzipped-PROCUREMENT_JustificationBook_Air_Force_PB_2015.xml","6ba238e5761c0b5cdb4005cd9d3b0ebd730c7a47c72ec72a3cb63b26a07450e3","0-02aa375fefecf475d6ebdacd782cd63a8c19bdaa7745d2acbe6ceea9300d6147","0-ffbc67b36132d705169e86adcadc47e83f29e1fbd32955a1fa86e91764b15671","root.record.ItemExhibitList.P5Item.P10AdvanceProcurement.APCostElementCategoryList.GFE.APCostElement"
"2014","","WPAFB, OH","2014-03","2017-01","7","2.000","true","2012-10","SS","Various","2015-BASE_PROCUREMENT-2015-AIRFORCE_AIRCRAFT_VOL1-PROCUREMENT_JustificationBook_Air_Force_PB_2015.zzz_unzipped-PROCUREMENT_JustificationBook_Air_Force_PB_2015.xml","6ba238e5761c0b5cdb4005cd9d3b0ebd730c7a47c72ec72a3cb63b26a07450e3","1-428d6640589e7bab94632346002108bda3459326eadf759e993827d3c5180f7e","0-ffbc67b36132d705169e86adcadc47e83f29e1fbd32955a1fa86e91764b15671","root.record.ItemExhibitList.P5Item.P10AdvanceProcurement.APCostElementCategoryList.GFE.APCostElement"
"2015","","WPAFB, OH","2015-03","2017-08","14","2.000","true","2012-10","SS","Various","2015-BASE_PROCUREMENT-2015-AIRFORCE_AIRCRAFT_VOL1-PROCUREMENT_JustificationBook_Air_Force_PB_2015.zzz_unzipped-PROCUREMENT_JustificationBook_Air_Force_PB_2015.xml","6ba238e5761c0b5cdb4005cd9d3b0ebd730c7a47c72ec72a3cb63b26a07450e3","2-b074b26ca5c5f4287b656c3ac63747420d361e3adbcf4f16ffcc736eff5dbdbf","0-ffbc67b36132d705169e86adcadc47e83f29e1fbd32955a1fa86e91764b15671","root.record.ItemExhibitList.P5Item.P10AdvanceProcurement.APCostElementCategoryList.GFE.APCostElement"
"2016","","WPAFB, OH","2016-03","2018-12","2","2.000","true","2012-10","SS","Various","2015-BASE_PROCUREMENT-2015-AIRFORCE_AIRCRAFT_VOL1-PROCUREMENT_JustificationBook_Air_Force_PB_2015.zzz_unzipped-PROCUREMENT_JustificationBook_Air_Force_PB_2015.xml","6ba238e5761c0b5cdb4005cd9d3b0ebd730c7a47c72ec72a3cb63b26a07450e3","3-10b46e007bcc8ceebd49232c753a97ab08e24f2d7ba81e51ad2f9d9403f9c15a","0-ffbc67b36132d705169e86adcadc47e83f29e1fbd32955a1fa86e91764b15671","root.record.ItemExhibitList.P5Item.P10AdvanceProcurement.APCostElementCategoryList.GFE.APCostElement"
"2014","","WPAFB, OH","2014-03","2017-02","4","2.000","true","2012-10","SS","FFP","2015-BASE_PROCUREMENT-2015-AIRFORCE_AIRCRAFT_VOL1-PROCUREMENT_JustificationBook_Air_Force_PB_2015.zzz_unzipped-PROCUREMENT_JustificationBook_Air_Force_PB_2015.xml","565aa015362bd445cc082985b6e24c13e2957f8c30a9dfbe4c0bd8a663cbe70f","0-3dd7bfbe3f2762d40e7d564ab99a6c8f8d037caeec1b0b5325bb8a6aed7c7edf","0-d7a59ae29c29313f883d4f6184dd690ff8fe926c0f63737ae7be434c3a93f8a0","root.record.ItemExhibitList.P5Item.P10AdvanceProcurement.APCostElementCategoryList.GFE.APCostElement"
"2015","","WPAFB, OH","2015-03","2018-04","5","2.000","true","2012-10","SS","FFP","2015-BASE_PROCUREMENT-2015-AIRFORCE_AIRCRAFT_VOL1-PROCUREMENT_JustificationBook_Air_Force_PB_2015.zzz_unzipped-PROCUREMENT_JustificationBook_Air_Force_PB_2015.xml","565aa015362bd445cc082985b6e24c13e2957f8c30a9dfbe4c0bd8a663cbe70f","1-2fd445076ee732fa208f202b4e5486c095a397d8fa39c678800d12da2dd5c25a","0-d7a59ae29c29313f883d4f6184dd690ff8fe926c0f63737ae7be434c3a93f8a0","root.record.ItemExhibitList.P5Item.P10AdvanceProcurement.APCostElementCategoryList.GFE.APCostElement"
"2016","","WPAFB, OH","2016-03","2019-04","3","2.000","true","2012-10","SS","FFP","2015-BASE_PROCUREMENT-2015-AIRFORCE_AIRCRAFT_VOL1-PROCUREMENT_JustificationBook_Air_Force_PB_2015.zzz_unzipped-PROCUREMENT_JustificationBook_Air_Force_PB_2015.xml","565aa015362bd445cc082985b6e24c13e2957f8c30a9dfbe4c0bd8a663cbe70f","2-92be57bbf36ddd616f7edfd6439d2190958cff335a225daa3577e00222ee4c29","0-d7a59ae29c29313f883d4f6184dd690ff8fe926c0f63737ae7be434c3a93f8a0","root.record.ItemExhibitList.P5Item.P10AdvanceProcurement.APCostElementCategoryList.GFE.APCostElement"
"2018","","WPAFB, OH","2018-03","2020-05","1","2.000","true","2017-10","SS","FFP","2015-BASE_PROCUREMENT-2015-AIRFORCE_AIRCRAFT_VOL1-PROCUREMENT_JustificationBook_Air_Force_PB_2015.zzz_unzipped-PROCUREMENT_JustificationBook_Air_Force_PB_2015.xml","565aa015362bd445cc082985b6e24c13e2957f8c30a9dfbe4c0bd8a663cbe70f","3-6a54bf07d807d9d2e288abd950d60c0c079ce850dc2fef09306d6b83d3b6f1d3","0-d7a59ae29c29313f883d4f6184dd690ff8fe926c0f63737ae7be434c3a93f8a0","root.record.ItemExhibitList.P5Item.P10AdvanceProcurement.APCostElementCategoryList.GFE.APCostElement"
"2014","","WPAFB, OH","2014-03","2016-12","2","2.000","true","2012-10","SS","FFP","2015-BASE_PROCUREMENT-2015-AIRFORCE_AIRCRAFT_VOL1-PROCUREMENT_JustificationBook_Air_Force_PB_2015.zzz_unzipped-PROCUREMENT_JustificationBook_Air_Force_PB_2015.xml","17ab19c784929a028c69ad970f12cd0eee00de512acf9833a5336d1e8a33db11","0-af026ab3341b2f95e90562223acd18cf3d607aafead04d762739bcdb596b72bf","0-132837c9b5bec8425496decacf755c0297487690b8afd49d0852b4e9c5a076f5","root.record.ItemExhibitList.P5Item.P10AdvanceProcurement.APCostElementCategoryList.GFE.APCostElement"
"2015","","WPAFB, OH","2015-03","2017-11","8","2.000","true","2012-10","SS","FFP","2015-BASE_PROCUREMENT-2015-AIRFORCE_AIRCRAFT_VOL1-PROCUREMENT_JustificationBook_Air_Force_PB_2015.zzz_unzipped-PROCUREMENT_JustificationBook_Air_Force_PB_2015.xml","17ab19c784929a028c69ad970f12cd0eee00de512acf9833a5336d1e8a33db11","1-cd1e4ce81d2364305928c60c35c15cdcb92cb24ccfd47ab3c925cbca3afef76d","0-132837c9b5bec8425496decacf755c0297487690b8afd49d0852b4e9c5a076f5","root.record.ItemExhibitList.P5Item.P10AdvanceProcurement.APCostElementCategoryList.GFE.APCostElement"
"2016","","WPAFB, OH","2016-03","2019-03","9","2.000","true","2012-10","SS","FFP","2015-BASE_PROCUREMENT-2015-AIRFORCE_AIRCRAFT_VOL1-PROCUREMENT_JustificationBook_Air_Force_PB_2015.zzz_unzipped-PROCUREMENT_JustificationBook_Air_Force_PB_2015.xml","17ab19c784929a028c69ad970f12cd0eee00de512acf9833a5336d1e8a33db11","2-8a558c6edd7bab87f442442930bfb6a994befbda8b94723c7eb2e77fa9c93a4b","0-132837c9b5bec8425496decacf755c0297487690b8afd49d0852b4e9c5a076f5","root.record.ItemExhibitList.P5Item.P10AdvanceProcurement.APCostElementCategoryList.GFE.APCostElement"
"2017","","WPAFB, OH","2017-03","2019-12","5","2.000","true","2012-10","SS","FFP","2015-BASE_PROCUREMENT-2015-AIRFORCE_AIRCRAFT_VOL1-PROCUREMENT_JustificationBook_Air_Force_PB_2015.zzz_unzipped-PROCUREMENT_JustificationBook_Air_Force_PB_2015.xml","17ab19c784929a028c69ad970f12cd0eee00de512acf9833a5336d1e8a33db11","3-12751eadbaf8a87f320f8df35f8dd0b815be36199c82dff3a682c7962c6e2095","0-132837c9b5bec8425496decacf755c0297487690b8afd49d0852b4e9c5a076f5","root.record.ItemExhibitList.P5Item.P10AdvanceProcurement.APCostElementCategoryList.GFE.APCostElement"
"2010","","NAVAIR","2010-05","2012-12","22","2.777","true","2009-01","SS","FPIF","2015-BASE_PROCUREMENT-2015-AIRFORCE_AIRCRAFT_VOL2-PROCUREMENT_MasterJustificationBook_Air_Force_PB_2015.zzz_unzipped-PROCUREMENT_MasterJustificationBook_Air_Force_PB_2015.xml","a90a3faa8661f0958a0901808890d67093da1edc0728f26e9236e37ed3b54059","0-60fa597d6c4e44189620b57fc22167459388bef8b9b696ce5b81445697fa781c","0-6393f52b7215ef578233aebdbdee5f6fb3e3a237022106f069c9a731423444e6","root.record.ItemExhibitList.P5Item.P10AdvanceProcurement.APCostElementCategoryList.GFE.APCostElement"
"2011","","NAVAIR","2012-01","2013-11","18","3.060","true","2010-06","SS","FPIF","2015-BASE_PROCUREMENT-2015-AIRFORCE_AIRCRAFT_VOL2-PROCUREMENT_MasterJustificationBook_Air_Force_PB_2015.zzz_unzipped-PROCUREMENT_MasterJustificationBook_Air_Force_PB_2015.xml","a90a3faa8661f0958a0901808890d67093da1edc0728f26e9236e37ed3b54059","1-f6c3cfc61b64710b311075609beaa885d5caf292df35150ef5df79d3ca5fd34e","0-6393f52b7215ef578233aebdbdee5f6fb3e3a237022106f069c9a731423444e6","root.record.ItemExhibitList.P5Item.P10AdvanceProcurement.APCostElementCategoryList.GFE.APCostElement"
"2012","","NAVAIR","2012-09","2014-07","19","2.651","true","2012-06","SS","FPIF","2015-BASE_PROCUREMENT-2015-AIRFORCE_AIRCRAFT_VOL2-PROCUREMENT_MasterJustificationBook_Air_Force_PB_2015.zzz_unzipped-PROCUREMENT_MasterJustificationBook_Air_Force_PB_2015.xml","a90a3faa8661f0958a0901808890d67093da1edc0728f26e9236e37ed3b54059","2-6b7e0e92675b2a661f259bc0b8dc6b80c03e82b8dd4cf1dd668e7bf41591392d","0-6393f52b7215ef578233aebdbdee5f6fb3e3a237022106f069c9a731423444e6","root.record.ItemExhibitList.P5Item.P10AdvanceProcurement.APCostElementCategoryList.GFE.APCostElement"
"2013","","NAVAIR","2013-08","2015-05","19","3.396","true","2013-03","SS","FPIF","2015-BASE_PROCUREMENT-2015-AIRFORCE_AIRCRAFT_VOL2-PROCUREMENT_MasterJustificationBook_Air_Force_PB_2015.zzz_unzipped-PROCUREMENT_MasterJustificationBook_Air_Force_PB_2015.xml","a90a3faa8661f0958a0901808890d67093da1edc0728f26e9236e37ed3b54059","3-dc18f27938951589bce9827517199006b3c3b3228fd8044f9f8117544632a809","0-6393f52b7215ef578233aebdbdee5f6fb3e3a237022106f069c9a731423444e6","root.record.ItemExhibitList.P5Item.P10AdvanceProcurement.APCostElementCategoryList.GFE.APCostElement"
"2014","","NAVAIR","2014-03","2016-05","26","3.811","true","2014-03","SS","FPIF","2015-BASE_PROCUREMENT-2015-AIRFORCE_AIRCRAFT_VOL2-PROCUREMENT_MasterJustificationBook_Air_Force_PB_2015.zzz_unzipped-PROCUREMENT_MasterJustificationBook_Air_Force_PB_2015.xml","a90a3faa8661f0958a0901808890d67093da1edc0728f26e9236e37ed3b54059","4-75e261e87013a27046dee9e2bdb42d6519f6a3768a4083d1302d9bc1b59ebeb8","0-6393f52b7215ef578233aebdbdee5f6fb3e3a237022106f069c9a731423444e6","root.record.ItemExhibitList.P5Item.P10AdvanceProcurement.APCostElementCategoryList.GFE.APCostElement"
"2015","","NAVAIR","2015-03","2017-01","44","1.459","true","2015-03","SS","FPIF","2015-BASE_PROCUREMENT-2015-AIRFORCE_AIRCRAFT_VOL2-PROCUREMENT_MasterJustificationBook_Air_Force_PB_2015.zzz_unzipped-PROCUREMENT_MasterJustificationBook_Air_Force_PB_2015.xml","a90a3faa8661f0958a0901808890d67093da1edc0728f26e9236e37ed3b54059","5-cf53888d5356bb2b81a8ceedbe5d7df8a5c871a6f8039a4c2768abbbfa4b6be2","0-6393f52b7215ef578233aebdbdee5f6fb3e3a237022106f069c9a731423444e6","root.record.ItemExhibitList.P5Item.P10AdvanceProcurement.APCostElementCategoryList.GFE.APCostElement"
"2013","Reference footnote (1)","WPAFB, OH","2013-06","2016-01","6","2.000","true","2012-10","SS","Various","2015-BASE_PROCUREMENT-2015-AIRFORCE_AIRCRAFT_VOL2-PROCUREMENT_MasterJustificationBook_Air_Force_PB_2015.zzz_unzipped-PROCUREMENT_MasterJustificationBook_Air_Force_PB_2015.xml","8e9b86220f90ce455a14b686aeeb045957500e61279471fc35c4187b1270e5ed","0-aa5897a3185bb26899950dd7329dae4754443552100c6dcca7d06454f5556f3d","0-74bd204cd89fbd0ced37c3862bcfab4ae6441613f9cada6eedbb523a05dda7a9","root.record.ItemExhibitList.P5Item.P10AdvanceProcurement.APCostElementCategoryList.GFE.APCostElement"
"2014","","WPAFB, OH","2014-03","2017-01","7","2.000","true","2012-10","SS","Various","2015-BASE_PROCUREMENT-2015-AIRFORCE_AIRCRAFT_VOL2-PROCUREMENT_MasterJustificationBook_Air_Force_PB_2015.zzz_unzipped-PROCUREMENT_MasterJustificationBook_Air_Force_PB_2015.xml","8e9b86220f90ce455a14b686aeeb045957500e61279471fc35c4187b1270e5ed","1-269c9823c84a4c42c7319af7881fd43c7094c55db0f3e503ee92c7f640ea3cf4","0-74bd204cd89fbd0ced37c3862bcfab4ae6441613f9cada6eedbb523a05dda7a9","root.record.ItemExhibitList.P5Item.P10AdvanceProcurement.APCostElementCategoryList.GFE.APCostElement"
"2015","","WPAFB, OH","2015-03","2017-08","14","2.000","true","2012-10","SS","Various","2015-BASE_PROCUREMENT-2015-AIRFORCE_AIRCRAFT_VOL2-PROCUREMENT_MasterJustificationBook_Air_Force_PB_2015.zzz_unzipped-PROCUREMENT_MasterJustificationBook_Air_Force_PB_2015.xml","8e9b86220f90ce455a14b686aeeb045957500e61279471fc35c4187b1270e5ed","2-3b137ee248a90bf2eed7900999e05eaa9147dfd0348b7f69c4451c2a0ce03358","0-74bd204cd89fbd0ced37c3862bcfab4ae6441613f9cada6eedbb523a05dda7a9","root.record.ItemExhibitList.P5Item.P10AdvanceProcurement.APCostElementCategoryList.GFE.APCostElement"
"2016","","WPAFB, OH","2016-03","2018-12","2","2.000","true","2012-10","SS","Various","2015-BASE_PROCUREMENT-2015-AIRFORCE_AIRCRAFT_VOL2-PROCUREMENT_MasterJustificationBook_Air_Force_PB_2015.zzz_unzipped-PROCUREMENT_MasterJustificationBook_Air_Force_PB_2015.xml","8e9b86220f90ce455a14b686aeeb045957500e61279471fc35c4187b1270e5ed","3-dda3c5a7945e13fd03d48ac5c2768c21d14fc5551c0346240378cd3e03ae952f","0-74bd204cd89fbd0ced37c3862bcfab4ae6441613f9cada6eedbb523a05dda7a9","root.record.ItemExhibitList.P5Item.P10AdvanceProcurement.APCostElementCategoryList.GFE.APCostElement"
"2014","","WPAFB, OH","2014-03","2017-02","4","2.000","true","2012-10","SS","FFP","2015-BASE_PROCUREMENT-2015-AIRFORCE_AIRCRAFT_VOL2-PROCUREMENT_MasterJustificationBook_Air_Force_PB_2015.zzz_unzipped-PROCUREMENT_MasterJustificationBook_Air_Force_PB_2015.xml","9d38bc75efdc1bb24fa15dd6fdcc79dd0ddabb23d16bb5fb0fb72b4ecbbd10cc","0-ae863ce619e03268b50ee4b95419bd9383d0147a439f98c3c82e5a6b542aa32b","0-38bf3ae175f540dc218d138ab01334b116d71e79f8f1384a7ba757c1abd86613","root.record.ItemExhibitList.P5Item.P10AdvanceProcurement.APCostElementCategoryList.GFE.APCostElement"
"2015","","WPAFB, OH","2015-03","2018-04","5","2.000","true","2012-10","SS","FFP","2015-BASE_PROCUREMENT-2015-AIRFORCE_AIRCRAFT_VOL2-PROCUREMENT_MasterJustificationBook_Air_Force_PB_2015.zzz_unzipped-PROCUREMENT_MasterJustificationBook_Air_Force_PB_2015.xml","9d38bc75efdc1bb24fa15dd6fdcc79dd0ddabb23d16bb5fb0fb72b4ecbbd10cc","1-7b2b5ee6abe20fb12d603936b163ae69c33f1cd3b0c7ce7ed3703776690f03f1","0-38bf3ae175f540dc218d138ab01334b116d71e79f8f1384a7ba757c1abd86613","root.record.ItemExhibitList.P5Item.P10AdvanceProcurement.APCostElementCategoryList.GFE.APCostElement"
"2016","","WPAFB, OH","2016-03","2019-04","3","2.000","true","2012-10","SS","FFP","2015-BASE_PROCUREMENT-2015-AIRFORCE_AIRCRAFT_VOL2-PROCUREMENT_MasterJustificationBook_Air_Force_PB_2015.zzz_unzipped-PROCUREMENT_MasterJustificationBook_Air_Force_PB_2015.xml","9d38bc75efdc1bb24fa15dd6fdcc79dd0ddabb23d16bb5fb0fb72b4ecbbd10cc","2-8f423948c4f1917a8b191af8d3364a751081b140eb387c1d37178a330b337c07","0-38bf3ae175f540dc218d138ab01334b116d71e79f8f1384a7ba757c1abd86613","root.record.ItemExhibitList.P5Item.P10AdvanceProcurement.APCostElementCategoryList.GFE.APCostElement"
"2018","","WPAFB, OH","2018-03","2020-05","1","2.000","true","2017-10","SS","FFP","2015-BASE_PROCUREMENT-2015-AIRFORCE_AIRCRAFT_VOL2-PROCUREMENT_MasterJustificationBook_Air_Force_PB_2015.zzz_unzipped-PROCUREMENT_MasterJustificationBook_Air_Force_PB_2015.xml","9d38bc75efdc1bb24fa15dd6fdcc79dd0ddabb23d16bb5fb0fb72b4ecbbd10cc","3-e8d759f3653d0c1abd9154b1be67381ffa1cc89a20f87fcf066791806a66b8e8","0-38bf3ae175f540dc218d138ab01334b116d71e79f8f1384a7ba757c1abd86613","root.record.ItemExhibitList.P5Item.P10AdvanceProcurement.APCostElementCategoryList.GFE.APCostElement"
"2014","","WPAFB, OH","2014-03","2016-12","2","2.000","true","2012-10","SS","FFP","2015-BASE_PROCUREMENT-2015-AIRFORCE_AIRCRAFT_VOL2-PROCUREMENT_MasterJustificationBook_Air_Force_PB_2015.zzz_unzipped-PROCUREMENT_MasterJustificationBook_Air_Force_PB_2015.xml","a97dfc5ffa5535857cd61c3c158de84a1441decc875ced08ad568ff95d020f85","0-399a6804a0a60885bee1010273868b3df204ee6890e05fe8715095b936d1fb7d","0-b9df1fedce67c16ad8d871d4cd48ae21c32962135efb15fb31c979cf7b40e64f","root.record.ItemExhibitList.P5Item.P10AdvanceProcurement.APCostElementCategoryList.GFE.APCostElement"
"2015","","WPAFB, OH","2015-03","2017-11","8","2.000","true","2012-10","SS","FFP","2015-BASE_PROCUREMENT-2015-AIRFORCE_AIRCRAFT_VOL2-PROCUREMENT_MasterJustificationBook_Air_Force_PB_2015.zzz_unzipped-PROCUREMENT_MasterJustificationBook_Air_Force_PB_2015.xml","a97dfc5ffa5535857cd61c3c158de84a1441decc875ced08ad568ff95d020f85","1-ec4531af6cb46104b083044c35d968a86e109c77fbf923eefe6da6cdb5f91b0a","0-b9df1fedce67c16ad8d871d4cd48ae21c32962135efb15fb31c979cf7b40e64f","root.record.ItemExhibitList.P5Item.P10AdvanceProcurement.APCostElementCategoryList.GFE.APCostElement"
"2016","","WPAFB, OH","2016-03","2019-03","9","2.000","true","2012-10","SS","FFP","2015-BASE_PROCUREMENT-2015-AIRFORCE_AIRCRAFT_VOL2-PROCUREMENT_MasterJustificationBook_Air_Force_PB_2015.zzz_unzipped-PROCUREMENT_MasterJustificationBook_Air_Force_PB_2015.xml","a97dfc5ffa5535857cd61c3c158de84a1441decc875ced08ad568ff95d020f85","2-6b5a6f4cc971fd62d44201b43595045d9c9e5d7f0be62239bea561c3f8d35fdd","0-b9df1fedce67c16ad8d871d4cd48ae21c32962135efb15fb31c979cf7b40e64f","root.record.ItemExhibitList.P5Item.P10AdvanceProcurement.APCostElementCategoryList.GFE.APCostElement"
"2017","","WPAFB, OH","2017-03","2019-12","5","2.000","true","2012-10","SS","FFP","2015-BASE_PROCUREMENT-2015-AIRFORCE_AIRCRAFT_VOL2-PROCUREMENT_MasterJustificationBook_Air_Force_PB_2015.zzz_unzipped-PROCUREMENT_MasterJustificationBook_Air_Force_PB_2015.xml","a97dfc5ffa5535857cd61c3c158de84a1441decc875ced08ad568ff95d020f85","3-548821fb7f50e671d30511cffa71e88871110f4fa627d5a0d5da2bf62574d074","0-b9df1fedce67c16ad8d871d4cd48ae21c32962135efb15fb31c979cf7b40e64f","root.record.ItemExhibitList.P5Item.P10AdvanceProcurement.APCostElementCategoryList.GFE.APCostElement"
"2013","Reference footnote (1)","WPAFB, OH","2013-06","2016-01","6","2.000","true","2012-10","SS","Various","2015-AMENDED_PROCUREMENT_AND_RDTE-2015-AIRFORCE_AMMO-PROCUREMENT_JustificationBook_Air_Force_PBAmended_2015.zzz_unzipped-PROCUREMENT_JustificationBook_Air_Force_PBAmended_2015.xml","d27cefc2bb72e82de7748f7a1d1ff2a8ff7ad30cf7027a91e47ee29dad986610","0-6b873b392b435ce320f928ed83a89ea607498e367374366f39803693589472a5","0-f3cf3ed03ee6473bb572a9b5722337ac634d9c7874818da219ec6bd137057fb7","root.record.ItemExhibitList.P5Item.P10AdvanceProcurement.APCostElementCategoryList.GFE.APCostElement"
"2014","","WPAFB, OH","2014-03","2017-01","7","2.000","true","2012-10","SS","Various","2015-AMENDED_PROCUREMENT_AND_RDTE-2015-AIRFORCE_AMMO-PROCUREMENT_JustificationBook_Air_Force_PBAmended_2015.zzz_unzipped-PROCUREMENT_JustificationBook_Air_Force_PBAmended_2015.xml","d27cefc2bb72e82de7748f7a1d1ff2a8ff7ad30cf7027a91e47ee29dad986610","1-3b4074000d7f9946a626456bcfe912b830b9df1706db77c210408622d977e3ec","0-f3cf3ed03ee6473bb572a9b5722337ac634d9c7874818da219ec6bd137057fb7","root.record.ItemExhibitList.P5Item.P10AdvanceProcurement.APCostElementCategoryList.GFE.APCostElement"
"2015","","WPAFB, OH","2015-03","2017-08","14","2.000","true","2012-10","SS","Various","2015-AMENDED_PROCUREMENT_AND_RDTE-2015-AIRFORCE_AMMO-PROCUREMENT_JustificationBook_Air_Force_PBAmended_2015.zzz_unzipped-PROCUREMENT_JustificationBook_Air_Force_PBAmended_2015.xml","d27cefc2bb72e82de7748f7a1d1ff2a8ff7ad30cf7027a91e47ee29dad986610","2-1037facb11b651dcc77410ab4e8a2836cc62547073383862ab34f91e17979c93","0-f3cf3ed03ee6473bb572a9b5722337ac634d9c7874818da219ec6bd137057fb7","root.record.ItemExhibitList.P5Item.P10AdvanceProcurement.APCostElementCategoryList.GFE.APCostElement"
"2016","","WPAFB, OH","2016-03","2018-12","2","2.000","true","2012-10","SS","Various","2015-AMENDED_PROCUREMENT_AND_RDTE-2015-AIRFORCE_AMMO-PROCUREMENT_JustificationBook_Air_Force_PBAmended_2015.zzz_unzipped-PROCUREMENT_JustificationBook_Air_Force_PBAmended_2015.xml","d27cefc2bb72e82de7748f7a1d1ff2a8ff7ad30cf7027a91e47ee29dad986610","3-66c958457dbc4e64830e2a793ab2abb6919ee6cca5970fc9f7657b9cffd9d599","0-f3cf3ed03ee6473bb572a9b5722337ac634d9c7874818da219ec6bd137057fb7","root.record.ItemExhibitList.P5Item.P10AdvanceProcurement.APCostElementCategoryList.GFE.APCostElement"
"2013","Reference footnote (1)","WPAFB, OH","2013-06","2016-01","6","2.000","true","2012-10","SS","Various","2015-AMENDED_PROCUREMENT_AND_RDTE-2015-AIRFORCE_AMMO-PROCUREMENT_MasterJustificationBook_Air_Force_PBAmended_2015.zzz_unzipped-PROCUREMENT_MasterJustificationBook_Air_Force_PBAmended_2015.xml","04277271467c34157fc353a716c1236673a9ef09c1f838c7ec2af5d1128b21cc","0-f3164bd6f766396550607e4c20acd434e7657b9d118afe3ddf47aa3b480f6cc6","0-0e2e0ebf16baf81d0e146b3a96e72ae9432267ee06b4feddcf2f3c7aa29585de","root.record.ItemExhibitList.P5Item.P10AdvanceProcurement.APCostElementCategoryList.GFE.APCostElement"
"2014","","WPAFB, OH","2014-03","2017-01","7","2.000","true","2012-10","SS","Various","2015-AMENDED_PROCUREMENT_AND_RDTE-2015-AIRFORCE_AMMO-PROCUREMENT_MasterJustificationBook_Air_Force_PBAmended_2015.zzz_unzipped-PROCUREMENT_MasterJustificationBook_Air_Force_PBAmended_2015.xml","04277271467c34157fc353a716c1236673a9ef09c1f838c7ec2af5d1128b21cc","1-28cee3dc2f81df018dafafdd525636bd3955ec9941b69b9662312efc2b168201","0-0e2e0ebf16baf81d0e146b3a96e72ae9432267ee06b4feddcf2f3c7aa29585de","root.record.ItemExhibitList.P5Item.P10AdvanceProcurement.APCostElementCategoryList.GFE.APCostElement"
"2015","","WPAFB, OH","2015-03","2017-08","14","2.000","true","2012-10","SS","Various","2015-AMENDED_PROCUREMENT_AND_RDTE-2015-AIRFORCE_AMMO-PROCUREMENT_MasterJustificationBook_Air_Force_PBAmended_2015.zzz_unzipped-PROCUREMENT_MasterJustificationBook_Air_Force_PBAmended_2015.xml","04277271467c34157fc353a716c1236673a9ef09c1f838c7ec2af5d1128b21cc","2-eda6e9aca06e7d0ae23816c15a5be69665b779cb101efec346bcb2ee74d86a49","0-0e2e0ebf16baf81d0e146b3a96e72ae9432267ee06b4feddcf2f3c7aa29585de","root.record.ItemExhibitList.P5Item.P10AdvanceProcurement.APCostElementCategoryList.GFE.APCostElement"
"2016","","WPAFB, OH","2016-03","2018-12","2","2.000","true","2012-10","SS","Various","2015-AMENDED_PROCUREMENT_AND_RDTE-2015-AIRFORCE_AMMO-PROCUREMENT_MasterJustificationBook_Air_Force_PBAmended_2015.zzz_unzipped-PROCUREMENT_MasterJustificationBook_Air_Force_PBAmended_2015.xml","04277271467c34157fc353a716c1236673a9ef09c1f838c7ec2af5d1128b21cc","3-19ae8e638d0de24d25700d61c9426b27db36fd147a116c35950f0e40cfd2a200","0-0e2e0ebf16baf81d0e146b3a96e72ae9432267ee06b4feddcf2f3c7aa29585de","root.record.ItemExhibitList.P5Item.P10AdvanceProcurement.APCostElementCategoryList.GFE.APCostElement"
"2016","","NAVAIR","2016-03","2017-05","48","2.109","true","2015-03","SS","FPIF","2016-BASE_PROCUREMENT-2016-AIRFORCE_AIRCRAFT_VOL1-PROCUREMENT_JustificationBook_Air_Force_PB_2016.zzz_unzipped-PROCUREMENT_JustificationBook_Air_Force_PB_2016.xml","f44d2c667314c228d741f2c842043a3825974c3652ac39e3bfd27328ff6d2fa2","0-6a923450a9af47fd9a660bdcf0d6ab3c0e6fff0a6f58e74b2f58629280ce542c","0-bfbc588163dc03fe2ae5b56be0ba2ff04e796c5589de73079071f6d8987cbd69","root.record.ItemExhibitList.P5Item.P10AdvanceProcurement.APCostElementCategoryList.GFE.APCostElement"
"2016","","N/A","2015-12","2016-12","5","2.000","true","","SS","FFP","2016-BASE_PROCUREMENT-2016-AIRFORCE_AIRCRAFT_VOL1-PROCUREMENT_JustificationBook_Air_Force_PB_2016.zzz_unzipped-PROCUREMENT_JustificationBook_Air_Force_PB_2016.xml","2a3f7563d0ca311b4f7fc69de771b398377fd3242ec19b62e816a6fb3042cf7f","0-c90e2aca653537060750790f35684ac9416c9016e9b33ce4bf20b7e517758e2a","0-b2d70eed7c2cdb34f7c50b37bf086693f6e76c1960518dc11194a35b4307af6e","root.record.ItemExhibitList.P5Item.P10AdvanceProcurement.APCostElementCategoryList.GFE.APCostElement"
"2016","","NAVAIR","2016-03","2017-05","48","2.109","true","2015-03","SS","FPIF","2016-BASE_PROCUREMENT-2016-AIRFORCE_AIRCRAFT_VOL2-PROCUREMENT_MasterJustificationBook_Air_Force_PB_2016.zzz_unzipped-PROCUREMENT_MasterJustificationBook_Air_Force_PB_2016.xml","0485cf02b8635a606917d60c2337e492c40ded75ff14634776a8126fa7df23d7","0-d0a7539906e12e0d4a0b1c32580fc31e2747a04805556de4bb75b90762b542e5","0-ba31ef411652ce9c25093b48757cc46027e21219501eb0685b0b5afe466cf060","root.record.ItemExhibitList.P5Item.P10AdvanceProcurement.APCostElementCategoryList.GFE.APCostElement"
"2016","","N/A","2015-12","2016-12","5","2.000","true","","SS","FFP","2016-BASE_PROCUREMENT-2016-AIRFORCE_AIRCRAFT_VOL2-PROCUREMENT_MasterJustificationBook_Air_Force_PB_2016.zzz_unzipped-PROCUREMENT_MasterJustificationBook_Air_Force_PB_2016.xml","06413109f09458e1d20d0d8c668a4bfde7b94137945d7743cd97c2331c8391ee","0-c0f8c609146020abf65c961c5c322331782fa85c390d16d2e0f66d73898d39e2","0-dd74d3d0522f141987b441b13ff0134763b9283eb08bb50f5e4831f52333b006","root.record.ItemExhibitList.P5Item.P10AdvanceProcurement.APCostElementCategoryList.GFE.APCostElement"
"2015","","NAVAIR","2016-03","2016-05","47","1.961","true","2014-03","SS","FPIF","2017-BASE_PROCUREMENT-2017-AIRFORCE_AIRCRAFT_VOL1-U_PROCUREMENT_JustificationBook_Air_Force_PB_2017.zzz_unzipped-U_PROCUREMENT_JustificationBook_Air_Force_PB_2017.xml","ee296b91c541d56100cb2ac046f671d1a95422b7bfedefe8ed6f428e04be3c20","0-4d033123f52527acf5a77c0682d45aadbed310ada123f61bb6324ea71bd42eb2","0-ceb8be2a5ca3f15d444b844cfc5e7afb34024699379160aacc85ba70e70ec131","root.record.ItemExhibitList.P5Item.P10AdvanceProcurement.APCostElementCategoryList.GFE.APCostElement"
"2016","","NAVAIR","2016-03","2017-05","43","2.355","true","2015-03","SS","FPIF","2017-BASE_PROCUREMENT-2017-AIRFORCE_AIRCRAFT_VOL1-U_PROCUREMENT_JustificationBook_Air_Force_PB_2017.zzz_unzipped-U_PROCUREMENT_JustificationBook_Air_Force_PB_2017.xml","ee296b91c541d56100cb2ac046f671d1a95422b7bfedefe8ed6f428e04be3c20","1-47844ef0860ed71154c7d1e49dac2044ae6bc424fe2c1db44b02303de81caf55","0-ceb8be2a5ca3f15d444b844cfc5e7afb34024699379160aacc85ba70e70ec131","root.record.ItemExhibitList.P5Item.P10AdvanceProcurement.APCostElementCategoryList.GFE.APCostElement"
"2017","","NAVAIR","2017-03","2018-05","43","2.070","true","2016-03","SS","FPIF","2017-BASE_PROCUREMENT-2017-AIRFORCE_AIRCRAFT_VOL1-U_PROCUREMENT_JustificationBook_Air_Force_PB_2017.zzz_unzipped-U_PROCUREMENT_JustificationBook_Air_Force_PB_2017.xml","ee296b91c541d56100cb2ac046f671d1a95422b7bfedefe8ed6f428e04be3c20","2-2b3ab7991d512619e7e5eb4498203d01ce055716fa7e03213c40cd6f6486a987","0-ceb8be2a5ca3f15d444b844cfc5e7afb34024699379160aacc85ba70e70ec131","root.record.ItemExhibitList.P5Item.P10AdvanceProcurement.APCostElementCategoryList.GFE.APCostElement"
"2015","","NAVAIR","2016-03","2016-05","47","1.961","true","2014-03","SS","FPIF","2017-BASE_PROCUREMENT-2017-AIRFORCE_AIRCRAFT_VOL1-U_PROCUREMENT_MasterJustificationBook_Air_Force_PB_2017.zzz_unzipped-U_PROCUREMENT_MasterJustificationBook_Air_Force_PB_2017.xml","54ceb5c06156f9c55e6b849926ac030a11c42ee97375688e8ebb955b86c8ae13","0-b3a8ce9b5f48c4c0b34a91a0dea04df92d677871cf4020f5b789664674e2d210","0-c5e43a11351b1e1811f3301f9176cd70503e560fce38770af3378a3e775c626b","root.record.ItemExhibitList.P5Item.P10AdvanceProcurement.APCostElementCategoryList.GFE.APCostElement"
"2016","","NAVAIR","2016-03","2017-05","43","2.355","true","2015-03","SS","FPIF","2017-BASE_PROCUREMENT-2017-AIRFORCE_AIRCRAFT_VOL1-U_PROCUREMENT_MasterJustificationBook_Air_Force_PB_2017.zzz_unzipped-U_PROCUREMENT_MasterJustificationBook_Air_Force_PB_2017.xml","54ceb5c06156f9c55e6b849926ac030a11c42ee97375688e8ebb955b86c8ae13","1-1454b7da23d9e2123d246c9a689d0c8c9d94f1296dd3087be6da280b0e48833e","0-c5e43a11351b1e1811f3301f9176cd70503e560fce38770af3378a3e775c626b","root.record.ItemExhibitList.P5Item.P10AdvanceProcurement.APCostElementCategoryList.GFE.APCostElement"
"2017","","NAVAIR","2017-03","2018-05","43","2.070","true","2016-03","SS","FPIF","2017-BASE_PROCUREMENT-2017-AIRFORCE_AIRCRAFT_VOL1-U_PROCUREMENT_MasterJustificationBook_Air_Force_PB_2017.zzz_unzipped-U_PROCUREMENT_MasterJustificationBook_Air_Force_PB_2017.xml","54ceb5c06156f9c55e6b849926ac030a11c42ee97375688e8ebb955b86c8ae13","2-746dd25519a83d4abc3d5d9c031c4882110e3ba1b27293c03af62d1dd7eedb92","0-c5e43a11351b1e1811f3301f9176cd70503e560fce38770af3378a3e775c626b","root.record.ItemExhibitList.P5Item.P10AdvanceProcurement.APCostElementCategoryList.GFE.APCostElement"
"2015","","NAVAIR","2016-03","2016-05","47","1.961","true","2014-03","SS","FPIF","2017-BASE_PROCUREMENT-2017-AIRFORCE_AIRCRAFT_VOL2-U_PROCUREMENT_MasterJustificationBook_Air_Force_PB_2017.zzz_unzipped-U_PROCUREMENT_MasterJustificationBook_Air_Force_PB_2017.xml","078d421d81190ecf8a486faab49d2e8ea4d456b0d51f6459cc6c7199455602cd","0-b67b03c2d766b334766f5e33562996153ff9dba782be1013677b61129c65e341","0-4d603485b5ce6d22a609bbd913d0ed5870a6957cb8bd08a329d38efed80ec0d5","root.record.ItemExhibitList.P5Item.P10AdvanceProcurement.APCostElementCategoryList.GFE.APCostElement"
"2016","","NAVAIR","2016-03","2017-05","43","2.355","true","2015-03","SS","FPIF","2017-BASE_PROCUREMENT-2017-AIRFORCE_AIRCRAFT_VOL2-U_PROCUREMENT_MasterJustificationBook_Air_Force_PB_2017.zzz_unzipped-U_PROCUREMENT_MasterJustificationBook_Air_Force_PB_2017.xml","078d421d81190ecf8a486faab49d2e8ea4d456b0d51f6459cc6c7199455602cd","1-e24ed363d3e92485aa6f5f58da72408cdfa38439699641a942ccab5e0dd6c07f","0-4d603485b5ce6d22a609bbd913d0ed5870a6957cb8bd08a329d38efed80ec0d5","root.record.ItemExhibitList.P5Item.P10AdvanceProcurement.APCostElementCategoryList.GFE.APCostElement"
"2017","","NAVAIR","2017-03","2018-05","43","2.070","true","2016-03","SS","FPIF","2017-BASE_PROCUREMENT-2017-AIRFORCE_AIRCRAFT_VOL2-U_PROCUREMENT_MasterJustificationBook_Air_Force_PB_2017.zzz_unzipped-U_PROCUREMENT_MasterJustificationBook_Air_Force_PB_2017.xml","078d421d81190ecf8a486faab49d2e8ea4d456b0d51f6459cc6c7199455602cd","2-9c199ea816eef04b9995ea456717be8481be5bc4f037842a7dd25e09625604a0","0-4d603485b5ce6d22a609bbd913d0ed5870a6957cb8bd08a329d38efed80ec0d5","root.record.ItemExhibitList.P5Item.P10AdvanceProcurement.APCostElementCategoryList.GFE.APCostElement"
"2016","","NAVAIR","2016-07","2017-05","48","2.110","true","2015-03","SS","FPIF","2018-BASE_PROCUREMENT-2018-AIRFORCE_AIRCRAFT_VOL1-U_PROCUREMENT_JustificationBook_Air_Force_PB_2018.zzz_unzipped-U_PROCUREMENT_JustificationBook_Air_Force_PB_2018.xml","a30f2c236c5384ee16ac505377b81d18639f300a5bc38116f7a4b25eef710752","0-b01e3bd220be758822bc60e274bda6e1b204e39aa886b694adede3baa4cdea8e","0-07c2e0dde4adaf76985c296d7d7aae541d7af1215603571595816f302dc209d9","root.record.ItemExhibitList.P5Item.P10AdvanceProcurement.APCostElementCategoryList.GFE.APCostElement"
"2017","","NAVAIR","2017-05","2018-05","46","1.935","true","2016-03","SS","FPIF","2018-BASE_PROCUREMENT-2018-AIRFORCE_AIRCRAFT_VOL1-U_PROCUREMENT_JustificationBook_Air_Force_PB_2018.zzz_unzipped-U_PROCUREMENT_JustificationBook_Air_Force_PB_2018.xml","a30f2c236c5384ee16ac505377b81d18639f300a5bc38116f7a4b25eef710752","1-4f94ab257d1c8332c56c7a19307fd979105a969979bdc382344e5119982ca6f3","0-07c2e0dde4adaf76985c296d7d7aae541d7af1215603571595816f302dc209d9","root.record.ItemExhibitList.P5Item.P10AdvanceProcurement.APCostElementCategoryList.GFE.APCostElement"
"2018","","NAVAIR","2018-03","2019-05","48","1.272","true","2017-03","SS","FPIF","2018-BASE_PROCUREMENT-2018-AIRFORCE_AIRCRAFT_VOL1-U_PROCUREMENT_JustificationBook_Air_Force_PB_2018.zzz_unzipped-U_PROCUREMENT_JustificationBook_Air_Force_PB_2018.xml","a30f2c236c5384ee16ac505377b81d18639f300a5bc38116f7a4b25eef710752","2-98f53f5bd9f4c43dc2c1bf30ebfaa0e4552c6d7e3917ab7cbcacf52fecf86d5e","0-07c2e0dde4adaf76985c296d7d7aae541d7af1215603571595816f302dc209d9","root.record.ItemExhibitList.P5Item.P10AdvanceProcurement.APCostElementCategoryList.GFE.APCostElement"
"2016","","NAVAIR","2016-07","2017-05","0","0.000","true","2015-03","SS","FPIF","2018-BASE_PROCUREMENT-2018-AIRFORCE_AIRCRAFT_VOL1-U_PROCUREMENT_JustificationBook_Air_Force_PB_2018.zzz_unzipped-U_PROCUREMENT_JustificationBook_Air_Force_PB_2018.xml","a30f2c236c5384ee16ac505377b81d18639f300a5bc38116f7a4b25eef710752","0-ed92c04c17bbd78d3f885c8745d3a06eb35de39fede91d19f18304aa3ebd9c0d","1-224297a4b3c2a0f2245e6cc47a262f6cbceb04d0f90a7eaf57990edca6aa43b2","root.record.ItemExhibitList.P5Item.P10AdvanceProcurement.APCostElementCategoryList.GFE.APCostElement"
"2017","","NAVAIR","2017-05","2018-05","0","0.000","true","2016-03","SS","FPIF","2018-BASE_PROCUREMENT-2018-AIRFORCE_AIRCRAFT_VOL1-U_PROCUREMENT_JustificationBook_Air_Force_PB_2018.zzz_unzipped-U_PROCUREMENT_JustificationBook_Air_Force_PB_2018.xml","a30f2c236c5384ee16ac505377b81d18639f300a5bc38116f7a4b25eef710752","1-af0d14cf6c71cf6b2f682524d25ddd4638cfe7d60f414fe952919d665a339644","1-224297a4b3c2a0f2245e6cc47a262f6cbceb04d0f90a7eaf57990edca6aa43b2","root.record.ItemExhibitList.P5Item.P10AdvanceProcurement.APCostElementCategoryList.GFE.APCostElement"
"2018","","NAVAIR","2018-03","2019-05","48","0.502","true","2017-03","SS","FPIF","2018-BASE_PROCUREMENT-2018-AIRFORCE_AIRCRAFT_VOL1-U_PROCUREMENT_JustificationBook_Air_Force_PB_2018.zzz_unzipped-U_PROCUREMENT_JustificationBook_Air_Force_PB_2018.xml","a30f2c236c5384ee16ac505377b81d18639f300a5bc38116f7a4b25eef710752","2-0bfafd433ea54c0846cfc7badff7edee7342a0744af3085b4834c8394624ec61","1-224297a4b3c2a0f2245e6cc47a262f6cbceb04d0f90a7eaf57990edca6aa43b2","root.record.ItemExhibitList.P5Item.P10AdvanceProcurement.APCostElementCategoryList.GFE.APCostElement"
"2016","","NAVAIR","2016-07","2017-05","0","0.000","true","2015-03","SS","FPIF","2018-BASE_PROCUREMENT-2018-AIRFORCE_AIRCRAFT_VOL1-U_PROCUREMENT_JustificationBook_Air_Force_PB_2018.zzz_unzipped-U_PROCUREMENT_JustificationBook_Air_Force_PB_2018.xml","a30f2c236c5384ee16ac505377b81d18639f300a5bc38116f7a4b25eef710752","0-87d0f34177da0665c8791459afac941762962b1b281f48eac39ebffbae14e16e","2-a0dd34998c2c27d950dc69e7c48ce37c593dc0890b92f0f55826a1bfda9b22a1","root.record.ItemExhibitList.P5Item.P10AdvanceProcurement.APCostElementCategoryList.GFE.APCostElement"
"2017","","NAVAIR","2017-05","2018-05","0","0.000","true","2016-03","SS","FPIF","2018-BASE_PROCUREMENT-2018-AIRFORCE_AIRCRAFT_VOL1-U_PROCUREMENT_JustificationBook_Air_Force_PB_2018.zzz_unzipped-U_PROCUREMENT_JustificationBook_Air_Force_PB_2018.xml","a30f2c236c5384ee16ac505377b81d18639f300a5bc38116f7a4b25eef710752","1-107938bd26858f3fe4732aa55994b36b6adefce61ba70d2246a6f25259c5e4a1","2-a0dd34998c2c27d950dc69e7c48ce37c593dc0890b92f0f55826a1bfda9b22a1","root.record.ItemExhibitList.P5Item.P10AdvanceProcurement.APCostElementCategoryList.GFE.APCostElement"
"2018","","NAVAIR","2018-03","2019-05","48","0.502","true","2017-03","SS","FPIF","2018-BASE_PROCUREMENT-2018-AIRFORCE_AIRCRAFT_VOL1-U_PROCUREMENT_JustificationBook_Air_Force_PB_2018.zzz_unzipped-U_PROCUREMENT_JustificationBook_Air_Force_PB_2018.xml","a30f2c236c5384ee16ac505377b81d18639f300a5bc38116f7a4b25eef710752","2-dacdce53513d3a58fb577595429cb5f8916fec8364b284844215aed3624e9717","2-a0dd34998c2c27d950dc69e7c48ce37c593dc0890b92f0f55826a1bfda9b22a1","root.record.ItemExhibitList.P5Item.P10AdvanceProcurement.APCostElementCategoryList.GFE.APCostElement"
"2016","","NAVAIR","2016-07","2017-05","0","0.000","true","2015-03","SS","FPIF","2018-BASE_PROCUREMENT-2018-AIRFORCE_AIRCRAFT_VOL1-U_PROCUREMENT_JustificationBook_Air_Force_PB_2018.zzz_unzipped-U_PROCUREMENT_JustificationBook_Air_Force_PB_2018.xml","a30f2c236c5384ee16ac505377b81d18639f300a5bc38116f7a4b25eef710752","0-5444be76e2b394079047f1409a6fea6fd5a6d188a24ae8d451b7b89a95c20b4e","3-8dcb0e254a435d8c6957e79bd4b38004e282e180cb48eff51158c16e413e35c6","root.record.ItemExhibitList.P5Item.P10AdvanceProcurement.APCostElementCategoryList.GFE.APCostElement"
"2017","","NAVAIR","2017-05","2018-05","0","0.000","true","2016-03","SS","FPIF","2018-BASE_PROCUREMENT-2018-AIRFORCE_AIRCRAFT_VOL1-U_PROCUREMENT_JustificationBook_Air_Force_PB_2018.zzz_unzipped-U_PROCUREMENT_JustificationBook_Air_Force_PB_2018.xml","a30f2c236c5384ee16ac505377b81d18639f300a5bc38116f7a4b25eef710752","1-5ba63fd049a82d7d0b7fb7e70cd4dfdc9fe3e5d8130f565401c7b01ab96d1075","3-8dcb0e254a435d8c6957e79bd4b38004e282e180cb48eff51158c16e413e35c6","root.record.ItemExhibitList.P5Item.P10AdvanceProcurement.APCostElementCategoryList.GFE.APCostElement"
"2018","","NAVAIR","2018-03","2019-05","0","0.000","true","2017-03","SS","FPIF","2018-BASE_PROCUREMENT-2018-AIRFORCE_AIRCRAFT_VOL1-U_PROCUREMENT_JustificationBook_Air_Force_PB_2018.zzz_unzipped-U_PROCUREMENT_JustificationBook_Air_Force_PB_2018.xml","a30f2c236c5384ee16ac505377b81d18639f300a5bc38116f7a4b25eef710752","2-1e4d9440a7e650d67c96b85b3b1e476dc9c79f5b7e176493e1aaf1fa83a3f95f","3-8dcb0e254a435d8c6957e79bd4b38004e282e180cb48eff51158c16e413e35c6","root.record.ItemExhibitList.P5Item.P10AdvanceProcurement.APCostElementCategoryList.GFE.APCostElement"
"2016","","NAVAIR","2016-07","2017-05","0","0.000","true","2015-03","SS","FPIF","2018-BASE_PROCUREMENT-2018-AIRFORCE_AIRCRAFT_VOL1-U_PROCUREMENT_JustificationBook_Air_Force_PB_2018.zzz_unzipped-U_PROCUREMENT_JustificationBook_Air_Force_PB_2018.xml","a30f2c236c5384ee16ac505377b81d18639f300a5bc38116f7a4b25eef710752","0-c3b717cd21086a6199af625a435b8b5304dadf6dc10a6cb8b70dc8de097b6c8b","4-d370cb876659e481185e4a94cc5897dcb128533d9b04ed3979657a1a3325eae1","root.record.ItemExhibitList.P5Item.P10AdvanceProcurement.APCostElementCategoryList.GFE.APCostElement"
"2017","","NAVAIR","2017-05","2018-05","0","0.000","true","2016-03","SS","FPIF","2018-BASE_PROCUREMENT-2018-AIRFORCE_AIRCRAFT_VOL1-U_PROCUREMENT_JustificationBook_Air_Force_PB_2018.zzz_unzipped-U_PROCUREMENT_JustificationBook_Air_Force_PB_2018.xml","a30f2c236c5384ee16ac505377b81d18639f300a5bc38116f7a4b25eef710752","1-57fe06084dabccbd6b89c34f97d8f7ded4678fa24ee26fbb49f26af66a8a73e7","4-d370cb876659e481185e4a94cc5897dcb128533d9b04ed3979657a1a3325eae1","root.record.ItemExhibitList.P5Item.P10AdvanceProcurement.APCostElementCategoryList.GFE.APCostElement"
"2018","","NAVAIR","2018-03","2019-05","0","0.000","true","2017-03","SS","FPIF","2018-BASE_PROCUREMENT-2018-AIRFORCE_AIRCRAFT_VOL1-U_PROCUREMENT_JustificationBook_Air_Force_PB_2018.zzz_unzipped-U_PROCUREMENT_JustificationBook_Air_Force_PB_2018.xml","a30f2c236c5384ee16ac505377b81d18639f300a5bc38116f7a4b25eef710752","2-1739001c7a9c59eb7c24f2fd52f08b8bafb6cc2ddea1171491e76ea90a94d029","4-d370cb876659e481185e4a94cc5897dcb128533d9b04ed3979657a1a3325eae1","root.record.ItemExhibitList.P5Item.P10AdvanceProcurement.APCostElementCategoryList.GFE.APCostElement"
"2016","","NAVAIR","2016-07","2017-05","0","0.000","true","2015-03","SS","FPIF","2018-BASE_PROCUREMENT-2018-AIRFORCE_AIRCRAFT_VOL1-U_PROCUREMENT_JustificationBook_Air_Force_PB_2018.zzz_unzipped-U_PROCUREMENT_JustificationBook_Air_Force_PB_2018.xml","a30f2c236c5384ee16ac505377b81d18639f300a5bc38116f7a4b25eef710752","0-2df20fcb2a6f5976cf2af141680df60c0bff840c599a5e5ba37eb798f8b11bde","5-a28bb4c744c4df18472f70743f837680b330aa713e6e1ca461f3364f660ce595","root.record.ItemExhibitList.P5Item.P10AdvanceProcurement.APCostElementCategoryList.GFE.APCostElement"
"2017","","NAVAIR","2017-05","2018-05","0","0.000","true","2016-03","SS","FPIF","2018-BASE_PROCUREMENT-2018-AIRFORCE_AIRCRAFT_VOL1-U_PROCUREMENT_JustificationBook_Air_Force_PB_2018.zzz_unzipped-U_PROCUREMENT_JustificationBook_Air_Force_PB_2018.xml","a30f2c236c5384ee16ac505377b81d18639f300a5bc38116f7a4b25eef710752","1-f53d31540c73496b9e32a61ef8e3eed31ae38c06e332cbf51f699f6b1df41f48","5-a28bb4c744c4df18472f70743f837680b330aa713e6e1ca461f3364f660ce595","root.record.ItemExhibitList.P5Item.P10AdvanceProcurement.APCostElementCategoryList.GFE.APCostElement"
"2018","","NAVAIR","2018-03","2019-05","0","0.000","true","2017-03","SS","FPIF","2018-BASE_PROCUREMENT-2018-AIRFORCE_AIRCRAFT_VOL1-U_PROCUREMENT_JustificationBook_Air_Force_PB_2018.zzz_unzipped-U_PROCUREMENT_JustificationBook_Air_Force_PB_2018.xml","a30f2c236c5384ee16ac505377b81d18639f300a5bc38116f7a4b25eef710752","2-3589c7ccab767ed914fadc7ccad96518ff872004191d5817ef0e9afd2028e1d7","5-a28bb4c744c4df18472f70743f837680b330aa713e6e1ca461f3364f660ce595","root.record.ItemExhibitList.P5Item.P10AdvanceProcurement.APCostElementCategoryList.GFE.APCostElement"
"2016","","NAVAIR","2016-07","2017-05","0","0.000","true","2015-03","SS","FPIF","2018-BASE_PROCUREMENT-2018-AIRFORCE_AIRCRAFT_VOL1-U_PROCUREMENT_JustificationBook_Air_Force_PB_2018.zzz_unzipped-U_PROCUREMENT_JustificationBook_Air_Force_PB_2018.xml","a30f2c236c5384ee16ac505377b81d18639f300a5bc38116f7a4b25eef710752","0-c76c5e12da22cff4d098723cc02a0e19e9e238837ed74d3ad18bf77fd9495eb1","6-d0b2e15df9d5653ae8096de661b1c8d7de1ed49ad4d0f005e83f395e44552df0","root.record.ItemExhibitList.P5Item.P10AdvanceProcurement.APCostElementCategoryList.GFE.APCostElement"
"2017","","NAVAIR","2017-05","2018-05","0","0.000","true","2016-03","SS","FPIF","2018-BASE_PROCUREMENT-2018-AIRFORCE_AIRCRAFT_VOL1-U_PROCUREMENT_JustificationBook_Air_Force_PB_2018.zzz_unzipped-U_PROCUREMENT_JustificationBook_Air_Force_PB_2018.xml","a30f2c236c5384ee16ac505377b81d18639f300a5bc38116f7a4b25eef710752","1-a399f85946e67d5d8bf322c7b9fbd926d296b6541f0c63dc542b3ec08f3bd531","6-d0b2e15df9d5653ae8096de661b1c8d7de1ed49ad4d0f005e83f395e44552df0","root.record.ItemExhibitList.P5Item.P10AdvanceProcurement.APCostElementCategoryList.GFE.APCostElement"
"2018","","NAVAIR","2018-03","2019-05","0","0.000","true","2017-03","SS","FPIF","2018-BASE_PROCUREMENT-2018-AIRFORCE_AIRCRAFT_VOL1-U_PROCUREMENT_JustificationBook_Air_Force_PB_2018.zzz_unzipped-U_PROCUREMENT_JustificationBook_Air_Force_PB_2018.xml","a30f2c236c5384ee16ac505377b81d18639f300a5bc38116f7a4b25eef710752","2-a2527cd1395980875bf33e4f9e13110e74f11dbceb00a19edfd2d88dcaa6c524","6-d0b2e15df9d5653ae8096de661b1c8d7de1ed49ad4d0f005e83f395e44552df0","root.record.ItemExhibitList.P5Item.P10AdvanceProcurement.APCostElementCategoryList.GFE.APCostElement"
"2016","","NAVAIR","2016-07","2017-05","48","2.110","true","2015-03","SS","FPIF","2018-BASE_PROCUREMENT-2018-AIRFORCE_AIRCRAFT_VOL2-U_PROCUREMENT_MasterJustificationBook_Air_Force_PB_2018.zzz_unzipped-U_PROCUREMENT_MasterJustificationBook_Air_Force_PB_2018.xml","ec7c8fc0c391f9422d637e8cf6c3d4a59f3faa8a33fbbc2a34a2ae7115414e56","0-ec4bd05f92523253f23b7c1909ee68da9d0a7c2e53a43cb0df90a2b1633bf5cd","0-48b3b791db509476ad65dbd173d9987d9c477200929f0329b4e0ceb2bbff9251","root.record.ItemExhibitList.P5Item.P10AdvanceProcurement.APCostElementCategoryList.GFE.APCostElement"
"2017","","NAVAIR","2017-05","2018-05","46","1.935","true","2016-03","SS","FPIF","2018-BASE_PROCUREMENT-2018-AIRFORCE_AIRCRAFT_VOL2-U_PROCUREMENT_MasterJustificationBook_Air_Force_PB_2018.zzz_unzipped-U_PROCUREMENT_MasterJustificationBook_Air_Force_PB_2018.xml","ec7c8fc0c391f9422d637e8cf6c3d4a59f3faa8a33fbbc2a34a2ae7115414e56","1-66c9e99278d639f6cf201b0c1258da57f63ee08ec2b8dc3defc2ea2efed1c872","0-48b3b791db509476ad65dbd173d9987d9c477200929f0329b4e0ceb2bbff9251","root.record.ItemExhibitList.P5Item.P10AdvanceProcurement.APCostElementCategoryList.GFE.APCostElement"
"2018","","NAVAIR","2018-03","2019-05","48","1.272","true","2017-03","SS","FPIF","2018-BASE_PROCUREMENT-2018-AIRFORCE_AIRCRAFT_VOL2-U_PROCUREMENT_MasterJustificationBook_Air_Force_PB_2018.zzz_unzipped-U_PROCUREMENT_MasterJustificationBook_Air_Force_PB_2018.xml","ec7c8fc0c391f9422d637e8cf6c3d4a59f3faa8a33fbbc2a34a2ae7115414e56","2-537f232f4ff17cff66f6b831e664bad32ebe8644ccd64c7d7caf9c0d8924cfc3","0-48b3b791db509476ad65dbd173d9987d9c477200929f0329b4e0ceb2bbff9251","root.record.ItemExhibitList.P5Item.P10AdvanceProcurement.APCostElementCategoryList.GFE.APCostElement"
"2016","","NAVAIR","2016-07","2017-05","0","0.000","true","2015-03","SS","FPIF","2018-BASE_PROCUREMENT-2018-AIRFORCE_AIRCRAFT_VOL2-U_PROCUREMENT_MasterJustificationBook_Air_Force_PB_2018.zzz_unzipped-U_PROCUREMENT_MasterJustificationBook_Air_Force_PB_2018.xml","ec7c8fc0c391f9422d637e8cf6c3d4a59f3faa8a33fbbc2a34a2ae7115414e56","0-f4864945f904d9f367b76324d0cfc798934119fd40dfc5f3a719246bfc758b61","1-c9572c8e1b32ba44a0f442e94555ebd63aed6f88ebbb7a2f2da0208f5894636a","root.record.ItemExhibitList.P5Item.P10AdvanceProcurement.APCostElementCategoryList.GFE.APCostElement"
"2017","","NAVAIR","2017-05","2018-05","0","0.000","true","2016-03","SS","FPIF","2018-BASE_PROCUREMENT-2018-AIRFORCE_AIRCRAFT_VOL2-U_PROCUREMENT_MasterJustificationBook_Air_Force_PB_2018.zzz_unzipped-U_PROCUREMENT_MasterJustificationBook_Air_Force_PB_2018.xml","ec7c8fc0c391f9422d637e8cf6c3d4a59f3faa8a33fbbc2a34a2ae7115414e56","1-e6cc9ab6a89086357e8de2e703f8be1bfa17e2304ec5aaa1d6568f88e410cbc3","1-c9572c8e1b32ba44a0f442e94555ebd63aed6f88ebbb7a2f2da0208f5894636a","root.record.ItemExhibitList.P5Item.P10AdvanceProcurement.APCostElementCategoryList.GFE.APCostElement"
"2018","","NAVAIR","2018-03","2019-05","48","0.502","true","2017-03","SS","FPIF","2018-BASE_PROCUREMENT-2018-AIRFORCE_AIRCRAFT_VOL2-U_PROCUREMENT_MasterJustificationBook_Air_Force_PB_2018.zzz_unzipped-U_PROCUREMENT_MasterJustificationBook_Air_Force_PB_2018.xml","ec7c8fc0c391f9422d637e8cf6c3d4a59f3faa8a33fbbc2a34a2ae7115414e56","2-1a7c3d5471c7b85ca08dd7995daa52b67c7bde9c6a02a31450220cc192b8f7e2","1-c9572c8e1b32ba44a0f442e94555ebd63aed6f88ebbb7a2f2da0208f5894636a","root.record.ItemExhibitList.P5Item.P10AdvanceProcurement.APCostElementCategoryList.GFE.APCostElement"
"2016","","NAVAIR","2016-07","2017-05","0","0.000","true","2015-03","SS","FPIF","2018-BASE_PROCUREMENT-2018-AIRFORCE_AIRCRAFT_VOL2-U_PROCUREMENT_MasterJustificationBook_Air_Force_PB_2018.zzz_unzipped-U_PROCUREMENT_MasterJustificationBook_Air_Force_PB_2018.xml","ec7c8fc0c391f9422d637e8cf6c3d4a59f3faa8a33fbbc2a34a2ae7115414e56","0-29d7f104ce3f963be2cb191a79be3c5d4595c9f195c51d266868dfce27ec59ac","2-ae91d7e0f031e041e13ae64b2b99de9bd0d9e34962d16f9b9526316b4974a964","root.record.ItemExhibitList.P5Item.P10AdvanceProcurement.APCostElementCategoryList.GFE.APCostElement"
"2017","","NAVAIR","2017-05","2018-05","0","0.000","true","2016-03","SS","FPIF","2018-BASE_PROCUREMENT-2018-AIRFORCE_AIRCRAFT_VOL2-U_PROCUREMENT_MasterJustificationBook_Air_Force_PB_2018.zzz_unzipped-U_PROCUREMENT_MasterJustificationBook_Air_Force_PB_2018.xml","ec7c8fc0c391f9422d637e8cf6c3d4a59f3faa8a33fbbc2a34a2ae7115414e56","1-42dcbc6ad98397b75a6bf1dd9f01a6df02fd12891352e9974cf5a6afc58f6d25","2-ae91d7e0f031e041e13ae64b2b99de9bd0d9e34962d16f9b9526316b4974a964","root.record.ItemExhibitList.P5Item.P10AdvanceProcurement.APCostElementCategoryList.GFE.APCostElement"
"2018","","NAVAIR","2018-03","2019-05","48","0.502","true","2017-03","SS","FPIF","2018-BASE_PROCUREMENT-2018-AIRFORCE_AIRCRAFT_VOL2-U_PROCUREMENT_MasterJustificationBook_Air_Force_PB_2018.zzz_unzipped-U_PROCUREMENT_MasterJustificationBook_Air_Force_PB_2018.xml","ec7c8fc0c391f9422d637e8cf6c3d4a59f3faa8a33fbbc2a34a2ae7115414e56","2-f1750c72e5bd0b7b1259c22c79496c580bb296b79ee289cb23cb6171d7a585ee","2-ae91d7e0f031e041e13ae64b2b99de9bd0d9e34962d16f9b9526316b4974a964","root.record.ItemExhibitList.P5Item.P10AdvanceProcurement.APCostElementCategoryList.GFE.APCostElement"
"2016","","NAVAIR","2016-07","2017-05","0","0.000","true","2015-03","SS","FPIF","2018-BASE_PROCUREMENT-2018-AIRFORCE_AIRCRAFT_VOL2-U_PROCUREMENT_MasterJustificationBook_Air_Force_PB_2018.zzz_unzipped-U_PROCUREMENT_MasterJustificationBook_Air_Force_PB_2018.xml","ec7c8fc0c391f9422d637e8cf6c3d4a59f3faa8a33fbbc2a34a2ae7115414e56","0-47571d5fdf4a66a557b9155c26b73b3060ce2ee2078b2e8cdc9dec05fe4cfa43","3-3715caea3d38ec6003e902b68dd4ed6fd823c44685d84978781623d2f437996d","root.record.ItemExhibitList.P5Item.P10AdvanceProcurement.APCostElementCategoryList.GFE.APCostElement"
"2017","","NAVAIR","2017-05","2018-05","0","0.000","true","2016-03","SS","FPIF","2018-BASE_PROCUREMENT-2018-AIRFORCE_AIRCRAFT_VOL2-U_PROCUREMENT_MasterJustificationBook_Air_Force_PB_2018.zzz_unzipped-U_PROCUREMENT_MasterJustificationBook_Air_Force_PB_2018.xml","ec7c8fc0c391f9422d637e8cf6c3d4a59f3faa8a33fbbc2a34a2ae7115414e56","1-706252c0acbd41edd86bc18a9dcc3fb9da848901f0881900b6fcb141a3430434","3-3715caea3d38ec6003e902b68dd4ed6fd823c44685d84978781623d2f437996d","root.record.ItemExhibitList.P5Item.P10AdvanceProcurement.APCostElementCategoryList.GFE.APCostElement"
"2018","","NAVAIR","2018-03","2019-05","0","0.000","true","2017-03","SS","FPIF","2018-BASE_PROCUREMENT-2018-AIRFORCE_AIRCRAFT_VOL2-U_PROCUREMENT_MasterJustificationBook_Air_Force_PB_2018.zzz_unzipped-U_PROCUREMENT_MasterJustificationBook_Air_Force_PB_2018.xml","ec7c8fc0c391f9422d637e8cf6c3d4a59f3faa8a33fbbc2a34a2ae7115414e56","2-207247635b8fc874355892f408cbf93b8020a2f0ca7b7dec7a53c6eb6fff7d96","3-3715caea3d38ec6003e902b68dd4ed6fd823c44685d84978781623d2f437996d","root.record.ItemExhibitList.P5Item.P10AdvanceProcurement.APCostElementCategoryList.GFE.APCostElement"
"2016","","NAVAIR","2016-07","2017-05","0","0.000","true","2015-03","SS","FPIF","2018-BASE_PROCUREMENT-2018-AIRFORCE_AIRCRAFT_VOL2-U_PROCUREMENT_MasterJustificationBook_Air_Force_PB_2018.zzz_unzipped-U_PROCUREMENT_MasterJustificationBook_Air_Force_PB_2018.xml","ec7c8fc0c391f9422d637e8cf6c3d4a59f3faa8a33fbbc2a34a2ae7115414e56","0-b360fb2a8094f8b8280c69fd60a01e9fb2205a82edf034e72a453bbddbcd1a26","4-37120fcc1966231834d2690ddb6e637a330d0d63aa3e99da1e4836d6ac9bef4e","root.record.ItemExhibitList.P5Item.P10AdvanceProcurement.APCostElementCategoryList.GFE.APCostElement"
"2017","","NAVAIR","2017-05","2018-05","0","0.000","true","2016-03","SS","FPIF","2018-BASE_PROCUREMENT-2018-AIRFORCE_AIRCRAFT_VOL2-U_PROCUREMENT_MasterJustificationBook_Air_Force_PB_2018.zzz_unzipped-U_PROCUREMENT_MasterJustificationBook_Air_Force_PB_2018.xml","ec7c8fc0c391f9422d637e8cf6c3d4a59f3faa8a33fbbc2a34a2ae7115414e56","1-a37c96b8684424e2d2079d641bb42063145a62703f1c43d0c8649b1a4860b76d","4-37120fcc1966231834d2690ddb6e637a330d0d63aa3e99da1e4836d6ac9bef4e","root.record.ItemExhibitList.P5Item.P10AdvanceProcurement.APCostElementCategoryList.GFE.APCostElement"
"2018","","NAVAIR","2018-03","2019-05","0","0.000","true","2017-03","SS","FPIF","2018-BASE_PROCUREMENT-2018-AIRFORCE_AIRCRAFT_VOL2-U_PROCUREMENT_MasterJustificationBook_Air_Force_PB_2018.zzz_unzipped-U_PROCUREMENT_MasterJustificationBook_Air_Force_PB_2018.xml","ec7c8fc0c391f9422d637e8cf6c3d4a59f3faa8a33fbbc2a34a2ae7115414e56","2-98ae553bdee8e8b83c78a2970d0f1bf049f2defd2ebb44d7f05a22ba1b38275b","4-37120fcc1966231834d2690ddb6e637a330d0d63aa3e99da1e4836d6ac9bef4e","root.record.ItemExhibitList.P5Item.P10AdvanceProcurement.APCostElementCategoryList.GFE.APCostElement"
"2016","","NAVAIR","2016-07","2017-05","0","0.000","true","2015-03","SS","FPIF","2018-BASE_PROCUREMENT-2018-AIRFORCE_AIRCRAFT_VOL2-U_PROCUREMENT_MasterJustificationBook_Air_Force_PB_2018.zzz_unzipped-U_PROCUREMENT_MasterJustificationBook_Air_Force_PB_2018.xml","ec7c8fc0c391f9422d637e8cf6c3d4a59f3faa8a33fbbc2a34a2ae7115414e56","0-79ca2ac9fa480355106407d268eae6360f81b1f68920aa828679183bb15cb691","5-1fa4eb9ed2974db3c6ba511f3e52c8419aed09e08bc8e538d2388248c4433768","root.record.ItemExhibitList.P5Item.P10AdvanceProcurement.APCostElementCategoryList.GFE.APCostElement"
"2017","","NAVAIR","2017-05","2018-05","0","0.000","true","2016-03","SS","FPIF","2018-BASE_PROCUREMENT-2018-AIRFORCE_AIRCRAFT_VOL2-U_PROCUREMENT_MasterJustificationBook_Air_Force_PB_2018.zzz_unzipped-U_PROCUREMENT_MasterJustificationBook_Air_Force_PB_2018.xml","ec7c8fc0c391f9422d637e8cf6c3d4a59f3faa8a33fbbc2a34a2ae7115414e56","1-c99804f01408b87a916dcc3191ca4f2fe0c82fea43df4f328a3cdb479ba1d283","5-1fa4eb9ed2974db3c6ba511f3e52c8419aed09e08bc8e538d2388248c4433768","root.record.ItemExhibitList.P5Item.P10AdvanceProcurement.APCostElementCategoryList.GFE.APCostElement"
"2018","","NAVAIR","2018-03","2019-05","0","0.000","true","2017-03","SS","FPIF","2018-BASE_PROCUREMENT-2018-AIRFORCE_AIRCRAFT_VOL2-U_PROCUREMENT_MasterJustificationBook_Air_Force_PB_2018.zzz_unzipped-U_PROCUREMENT_MasterJustificationBook_Air_Force_PB_2018.xml","ec7c8fc0c391f9422d637e8cf6c3d4a59f3faa8a33fbbc2a34a2ae7115414e56","2-4dca34b6c41ca2b64497a1aa3d5e224d7822da6b5965e7ceaba988e9faa3860c","5-1fa4eb9ed2974db3c6ba511f3e52c8419aed09e08bc8e538d2388248c4433768","root.record.ItemExhibitList.P5Item.P10AdvanceProcurement.APCostElementCategoryList.GFE.APCostElement"
"2016","","NAVAIR","2016-07","2017-05","0","0.000","true","2015-03","SS","FPIF","2018-BASE_PROCUREMENT-2018-AIRFORCE_AIRCRAFT_VOL2-U_PROCUREMENT_MasterJustificationBook_Air_Force_PB_2018.zzz_unzipped-U_PROCUREMENT_MasterJustificationBook_Air_Force_PB_2018.xml","ec7c8fc0c391f9422d637e8cf6c3d4a59f3faa8a33fbbc2a34a2ae7115414e56","0-9ca104ed5ba4feef0abe8f471e182879f7458805e663a4df2ae858ce6755d618","6-65e5a4a74a6b48397d6fa7e6717650997c60dc68acca81e4141b5b0c3260a837","root.record.ItemExhibitList.P5Item.P10AdvanceProcurement.APCostElementCategoryList.GFE.APCostElement"
"2017","","NAVAIR","2017-05","2018-05","0","0.000","true","2016-03","SS","FPIF","2018-BASE_PROCUREMENT-2018-AIRFORCE_AIRCRAFT_VOL2-U_PROCUREMENT_MasterJustificationBook_Air_Force_PB_2018.zzz_unzipped-U_PROCUREMENT_MasterJustificationBook_Air_Force_PB_2018.xml","ec7c8fc0c391f9422d637e8cf6c3d4a59f3faa8a33fbbc2a34a2ae7115414e56","1-9e81e628a1c88444133d51defcd49956be3dc05ff4649b319e99e885e60d827e","6-65e5a4a74a6b48397d6fa7e6717650997c60dc68acca81e4141b5b0c3260a837","root.record.ItemExhibitList.P5Item.P10AdvanceProcurement.APCostElementCategoryList.GFE.APCostElement"
"2018","","NAVAIR","2018-03","2019-05","0","0.000","true","2017-03","SS","FPIF","2018-BASE_PROCUREMENT-2018-AIRFORCE_AIRCRAFT_VOL2-U_PROCUREMENT_MasterJustificationBook_Air_Force_PB_2018.zzz_unzipped-U_PROCUREMENT_MasterJustificationBook_Air_Force_PB_2018.xml","ec7c8fc0c391f9422d637e8cf6c3d4a59f3faa8a33fbbc2a34a2ae7115414e56","2-bb75910b825f48cba9b5e72d15af2c3356b8193d931d8ebcb0062f5f0317d0d9","6-65e5a4a74a6b48397d6fa7e6717650997c60dc68acca81e4141b5b0c3260a837","root.record.ItemExhibitList.P5Item.P10AdvanceProcurement.APCostElementCategoryList.GFE.APCostElement"
"2017","","NAVAIR","2018-02","2018-05","46","1.935","true","2016-03","SS","FPIF","2019-BASE_PROCUREMENT-2019-AIRFORCE_AIRCRAFT_VOL1-U_PROCUREMENT_JustificationBook_Air_Force_PB_2019.zzz_unzipped-U_PROCUREMENT_JustificationBook_Air_Force_PB_2019.xml","1fdbf569c608ae7a271625dc5ff3eaab7c35ea12b5100be5b6db75ab533692b6","0-c9f8b8f5279f5da45efd891f1b672a3249161fe48bec664262f1203a3d9abee1","0-132dc765d1accceb18583ea5270bce1b3636029491b2d66eb56f168c3eb6a2fd","root.record.ItemExhibitList.P5Item.P10AdvanceProcurement.APCostElementCategoryList.GFE.APCostElement"
"2019","","NAVAIR","2019-05","2020-05","48","1.438","true","2018-03","SS","FPIF","2019-BASE_PROCUREMENT-2019-AIRFORCE_AIRCRAFT_VOL1-U_PROCUREMENT_JustificationBook_Air_Force_PB_2019.zzz_unzipped-U_PROCUREMENT_JustificationBook_Air_Force_PB_2019.xml","1fdbf569c608ae7a271625dc5ff3eaab7c35ea12b5100be5b6db75ab533692b6","1-d023cb80c701c73a7288f1f6557d2130c7eca433816e04a36685618a8455b90b","0-132dc765d1accceb18583ea5270bce1b3636029491b2d66eb56f168c3eb6a2fd","root.record.ItemExhibitList.P5Item.P10AdvanceProcurement.APCostElementCategoryList.GFE.APCostElement"
"2017","","NAVAIR","2018-02","2018-05","46","1.935","true","2016-03","SS","FPIF","2019-BASE_PROCUREMENT-2019-AIRFORCE_AIRCRAFT_VOL2-U_PROCUREMENT_MasterJustificationBook_Air_Force_PB_2019.zzz_unzipped-U_PROCUREMENT_MasterJustificationBook_Air_Force_PB_2019.xml","a6302168237242179e7ebb7f4e7e0c6ef197c9aa214ebf4208a31df54f491c95","0-3887259375cd8121b5974936f10d13d16be33c352a1e089bb3c2031fbadc49a1","0-59311b9560cb953a4e8e9c4c159c18b22e2605fe13bf96f413059e1e62180cf4","root.record.ItemExhibitList.P5Item.P10AdvanceProcurement.APCostElementCategoryList.GFE.APCostElement"
"2019","","NAVAIR","2019-05","2020-05","48","1.438","true","2018-03","SS","FPIF","2019-BASE_PROCUREMENT-2019-AIRFORCE_AIRCRAFT_VOL2-U_PROCUREMENT_MasterJustificationBook_Air_Force_PB_2019.zzz_unzipped-U_PROCUREMENT_MasterJustificationBook_Air_Force_PB_2019.xml","a6302168237242179e7ebb7f4e7e0c6ef197c9aa214ebf4208a31df54f491c95","1-bd7a5c45aabc72e4a2a2a168ba80f9517ab49da98e824b70d27d0f594dfac846","0-59311b9560cb953a4e8e9c4c159c18b22e2605fe13bf96f413059e1e62180cf4","root.record.ItemExhibitList.P5Item.P10AdvanceProcurement.APCostElementCategoryList.GFE.APCostElement"
"2020","","NAVAIR","2020-05","2021-05","48","1.399","true","2019-03","SS","FPIF","2020-BASE_PROCUREMENT-2020-AIRFORCE_AIRCRAFT_VOL1-U_PROCUREMENT_JustificationBook_Air_Force_PB_2020.zzz_unzipped-U_PROCUREMENT_JustificationBook_Air_Force_PB_2020.xml","7617dbcc15ca36437e9b9096aaa833b46488c1a0960e4fce9963bdc0327c2cd5","0-f139bcf12e14c9f8d2f6f77be8f80225af33079118cbe12d2e94b637ba2d0afb","0-fa7373c812996611e6869a89584a6a023bbe7596a3e5286385da434ec8ac505b","root.record.ItemExhibitList.P5Item.P10AdvanceProcurement.APCostElementCategoryList.GFE.APCostElement"
"2020","","NAVAIR","2020-05","2021-05","48","1.399","true","2019-03","SS","FPIF","2020-BASE_PROCUREMENT-2020-AIRFORCE_AIRCRAFT_VOL2-U_PROCUREMENT_MasterJustificationBook_Air_Force_PB_2020.zzz_unzipped-U_PROCUREMENT_MasterJustificationBook_Air_Force_PB_2020.xml","7887936a705e5042434ac2d5eee4d04e3202bfe64d739d33f5053abd069b5037","0-823f31e53548a6f8e7b19de28a260ed3c5b19023f65cec322bfb2650a917002a","0-8d1cae7c81c16b54b6676a0199a645f670584eef3a8cf489248d1d1424372843","root.record.ItemExhibitList.P5Item.P10AdvanceProcurement.APCostElementCategoryList.GFE.APCostElement"
