Name_val,Cost_Quantity_BudgetYearFive_val,Cost_Quantity_BudgetYearFour_val,Cost_TotalCost_BudgetYearFive_val,Cost_TotalCost_BudgetYearFour_val,@SOURCE_FILENAME,@RECORDID,@ROWID,@PARENTROWID,@PARENT
"Air Force Active","6","","1.105","","2015-BASE_PROCUREMENT-2015-AIRFORCE_AIRCRAFT_VOL2-PROCUREMENT_JustificationBook_Air_Force_PB_2015.zzz_unzipped-PROCUREMENT_JustificationBook_Air_Force_PB_2015.xml","2c3a42ac96c574f3a05d311e38d1fd39e76b2eaa077eed338c2b56579168a566","0-d59abffd3a04a0c138764017c181ae4ef6532579cedb782be3fa69ac233747e8","0-dfc351b63dbea2a1d18ac1858ecee19942f5105b92312d5dafe85966af84778e","root.record.ItemExhibitList.P3AModificationItemGroup.ModificationItemList.ModificationItem.Installation.ImplementationMethodList.ImplementationMethod"
"Air National Guard","26","","4.79","","2015-BASE_PROCUREMENT-2015-AIRFORCE_AIRCRAFT_VOL2-PROCUREMENT_JustificationBook_Air_Force_PB_2015.zzz_unzipped-PROCUREMENT_JustificationBook_Air_Force_PB_2015.xml","2c3a42ac96c574f3a05d311e38d1fd39e76b2eaa077eed338c2b56579168a566","1-75159d879badec24f2892c6833ee5d0c4241a6ac74905c086d243872c57adba9","0-dfc351b63dbea2a1d18ac1858ecee19942f5105b92312d5dafe85966af84778e","root.record.ItemExhibitList.P3AModificationItemGroup.ModificationItemList.ModificationItem.Installation.ImplementationMethodList.ImplementationMethod"
"Air Force Reserve","1","","0.184","","2015-BASE_PROCUREMENT-2015-AIRFORCE_AIRCRAFT_VOL2-PROCUREMENT_JustificationBook_Air_Force_PB_2015.zzz_unzipped-PROCUREMENT_JustificationBook_Air_Force_PB_2015.xml","2c3a42ac96c574f3a05d311e38d1fd39e76b2eaa077eed338c2b56579168a566","2-87fac7666c01c84f6b8b5e9b015efcd0acbbefa1fae5c284e1894329c50bfa0e","0-dfc351b63dbea2a1d18ac1858ecee19942f5105b92312d5dafe85966af84778e","root.record.ItemExhibitList.P3AModificationItemGroup.ModificationItemList.ModificationItem.Installation.ImplementationMethodList.ImplementationMethod"
"Air Force Active","13","","0.000","","2015-BASE_PROCUREMENT-2015-AIRFORCE_AIRCRAFT_VOL2-PROCUREMENT_JustificationBook_Air_Force_PB_2015.zzz_unzipped-PROCUREMENT_JustificationBook_Air_Force_PB_2015.xml","2c3a42ac96c574f3a05d311e38d1fd39e76b2eaa077eed338c2b56579168a566","0-81cbc0f737c2dde1fa3540ea1f2e75c36409cd02ce7d553c166e9570a37eff87","0-bb2f6ced04a7d6c473e71ca25d2536dcc2354ef145630b06622770ab7050af2a","root.record.ItemExhibitList.P3AModificationItemGroup.ModificationItemList.ModificationItem.Installation.ImplementationMethodList.ImplementationMethod"
"Air Force Active","","189","","7.778","2015-BASE_PROCUREMENT-2015-AIRFORCE_AIRCRAFT_VOL2-PROCUREMENT_JustificationBook_Air_Force_PB_2015.zzz_unzipped-PROCUREMENT_JustificationBook_Air_Force_PB_2015.xml","a8005ce497b4d26a96a0a73b3a202cd9ad0d2cb8833efae151bef5451667fd9e","0-0eeb22f854286e43304ba2bb511ecdd172fe0e5a4bac986483e2d3101c39c7b2","0-816c168800f2fdd0f3d86a4d5bf8d6de089958590ac1c4c7c3b24cd5b87d1d45","root.record.ItemExhibitList.P3AModificationItemGroup.ModificationItemList.ModificationItem.Installation.ImplementationMethodList.ImplementationMethod"
"Air Force Active","","757","","29.85","2015-BASE_PROCUREMENT-2015-AIRFORCE_AIRCRAFT_VOL2-PROCUREMENT_JustificationBook_Air_Force_PB_2015.zzz_unzipped-PROCUREMENT_JustificationBook_Air_Force_PB_2015.xml","a8005ce497b4d26a96a0a73b3a202cd9ad0d2cb8833efae151bef5451667fd9e","0-4e0b2d1ebe083c919f09befdd5c8cec88955954566e0828db60eb78a1a301d05","1-36c37572f6bc3a8825fbd52bd060f4c1c3da0ee774ba3077b1cd1c1a7d6cb584","root.record.ItemExhibitList.P3AModificationItemGroup.ModificationItemList.ModificationItem.Installation.ImplementationMethodList.ImplementationMethod"
"Air National Guard","","14","","6.863","2015-BASE_PROCUREMENT-2015-AIRFORCE_AIRCRAFT_VOL2-PROCUREMENT_JustificationBook_Air_Force_PB_2015.zzz_unzipped-PROCUREMENT_JustificationBook_Air_Force_PB_2015.xml","a8005ce497b4d26a96a0a73b3a202cd9ad0d2cb8833efae151bef5451667fd9e","1-5876b18144eecfe96f310c75e374e78a61b39c8f95519c6b9a15ee2a68cde588","1-36c37572f6bc3a8825fbd52bd060f4c1c3da0ee774ba3077b1cd1c1a7d6cb584","root.record.ItemExhibitList.P3AModificationItemGroup.ModificationItemList.ModificationItem.Installation.ImplementationMethodList.ImplementationMethod"
"Air Force Active","196","","0.027","","2015-BASE_PROCUREMENT-2015-AIRFORCE_AIRCRAFT_VOL2-PROCUREMENT_JustificationBook_Air_Force_PB_2015.zzz_unzipped-PROCUREMENT_JustificationBook_Air_Force_PB_2015.xml","a8005ce497b4d26a96a0a73b3a202cd9ad0d2cb8833efae151bef5451667fd9e","0-8a634fd9fcf134aa9770597a56ad9293fe33165336f8fb32de9ab6977311834a","0-74e0246fc750c6eee6724eaf4f3caac8d2aae342acc89f297c8ad49b4d7175b9","root.record.ItemExhibitList.P3AModificationItemGroup.ModificationItemList.ModificationItem.Installation.ImplementationMethodList.ImplementationMethod"
"Air Force Active","782","","5.109","","2015-BASE_PROCUREMENT-2015-AIRFORCE_AIRCRAFT_VOL2-PROCUREMENT_JustificationBook_Air_Force_PB_2015.zzz_unzipped-PROCUREMENT_JustificationBook_Air_Force_PB_2015.xml","a8005ce497b4d26a96a0a73b3a202cd9ad0d2cb8833efae151bef5451667fd9e","0-c9f2349cc30a1f848135b85b22af891b8dd805dd9913e377be833a281c69304e","1-edd9cca754443821e399b06d86d96c3537d6a0ca1f422dd73568ba96948720eb","root.record.ItemExhibitList.P3AModificationItemGroup.ModificationItemList.ModificationItem.Installation.ImplementationMethodList.ImplementationMethod"
"Air National Guard","106","","0.015","","2015-BASE_PROCUREMENT-2015-AIRFORCE_AIRCRAFT_VOL2-PROCUREMENT_JustificationBook_Air_Force_PB_2015.zzz_unzipped-PROCUREMENT_JustificationBook_Air_Force_PB_2015.xml","a8005ce497b4d26a96a0a73b3a202cd9ad0d2cb8833efae151bef5451667fd9e","1-8fe441b433945045bdc76e879eb5c560149535679dae98d3dba8a393217710ef","1-edd9cca754443821e399b06d86d96c3537d6a0ca1f422dd73568ba96948720eb","root.record.ItemExhibitList.P3AModificationItemGroup.ModificationItemList.ModificationItem.Installation.ImplementationMethodList.ImplementationMethod"
"Air National Guard","13","","6.339","","2015-BASE_PROCUREMENT-2015-AIRFORCE_AIRCRAFT_VOL2-PROCUREMENT_JustificationBook_Air_Force_PB_2015.zzz_unzipped-PROCUREMENT_JustificationBook_Air_Force_PB_2015.xml","a8005ce497b4d26a96a0a73b3a202cd9ad0d2cb8833efae151bef5451667fd9e","0-16aaa02f4549967224453d686c084e09414b8e2856cf69e498d37ec47444580b","0-948a3971041d7a4b8dbd3b76c0da209aa786bc60d9d3d57e4ad1c7fb3660b0e1","root.record.ItemExhibitList.P3AModificationItemGroup.ModificationItemList.ModificationItem.Installation.ImplementationMethodList.ImplementationMethod"
"Air Force Active","","10","","0.677","2015-BASE_PROCUREMENT-2015-AIRFORCE_AIRCRAFT_VOL2-PROCUREMENT_JustificationBook_Air_Force_PB_2015.zzz_unzipped-PROCUREMENT_JustificationBook_Air_Force_PB_2015.xml","a8005ce497b4d26a96a0a73b3a202cd9ad0d2cb8833efae151bef5451667fd9e","0-1bd7f7c3a6ee15af79ab341327b91628c16a04206c457035d6de999e46e4457d","0-66801fe411f22d9665e3e7bd84df272d1e20afcf9849aa324bb688dcb3c2862b","root.record.ItemExhibitList.P3AModificationItemGroup.ModificationItemList.ModificationItem.Installation.ImplementationMethodList.ImplementationMethod"
"Air Force Active","6","","1.105","","2015-BASE_PROCUREMENT-2015-AIRFORCE_AIRCRAFT_VOL2-PROCUREMENT_MasterJustificationBook_Air_Force_PB_2015.zzz_unzipped-PROCUREMENT_MasterJustificationBook_Air_Force_PB_2015.xml","e0b4c68aca5bcb28bf2a8d6314af11bf878587e1d5636a46ade0d81891a819a1","0-2fbf14eea7e422432b3842154360111a5efb10cf6cbd91f89d142f6a985f4550","0-45f341e58b3e6aeddcd9c0492f136b0013b0884e382554166b40c749f629d2fe","root.record.ItemExhibitList.P3AModificationItemGroup.ModificationItemList.ModificationItem.Installation.ImplementationMethodList.ImplementationMethod"
"Air National Guard","26","","4.79","","2015-BASE_PROCUREMENT-2015-AIRFORCE_AIRCRAFT_VOL2-PROCUREMENT_MasterJustificationBook_Air_Force_PB_2015.zzz_unzipped-PROCUREMENT_MasterJustificationBook_Air_Force_PB_2015.xml","e0b4c68aca5bcb28bf2a8d6314af11bf878587e1d5636a46ade0d81891a819a1","1-31474859996d7dc9adb2e4e41bc1b8c3b08befb4e104eedb848e7c033657b58b","0-45f341e58b3e6aeddcd9c0492f136b0013b0884e382554166b40c749f629d2fe","root.record.ItemExhibitList.P3AModificationItemGroup.ModificationItemList.ModificationItem.Installation.ImplementationMethodList.ImplementationMethod"
"Air Force Reserve","1","","0.184","","2015-BASE_PROCUREMENT-2015-AIRFORCE_AIRCRAFT_VOL2-PROCUREMENT_MasterJustificationBook_Air_Force_PB_2015.zzz_unzipped-PROCUREMENT_MasterJustificationBook_Air_Force_PB_2015.xml","e0b4c68aca5bcb28bf2a8d6314af11bf878587e1d5636a46ade0d81891a819a1","2-57a4c66d5e8e8a4171a54fb6d840d3b52a47664e9450c8745ee6c1d84b338bb2","0-45f341e58b3e6aeddcd9c0492f136b0013b0884e382554166b40c749f629d2fe","root.record.ItemExhibitList.P3AModificationItemGroup.ModificationItemList.ModificationItem.Installation.ImplementationMethodList.ImplementationMethod"
"Air Force Active","13","","0.000","","2015-BASE_PROCUREMENT-2015-AIRFORCE_AIRCRAFT_VOL2-PROCUREMENT_MasterJustificationBook_Air_Force_PB_2015.zzz_unzipped-PROCUREMENT_MasterJustificationBook_Air_Force_PB_2015.xml","e0b4c68aca5bcb28bf2a8d6314af11bf878587e1d5636a46ade0d81891a819a1","0-e9b3b881718d6980030c50a4616fecb68ddc5c71dbddeafdf4ab6532743cc4f4","0-0b7947da3f956ba3b588b05d672744aa78a61ea17add501eb31c2e0822c13d32","root.record.ItemExhibitList.P3AModificationItemGroup.ModificationItemList.ModificationItem.Installation.ImplementationMethodList.ImplementationMethod"
"Air Force Active","","189","","7.778","2015-BASE_PROCUREMENT-2015-AIRFORCE_AIRCRAFT_VOL2-PROCUREMENT_MasterJustificationBook_Air_Force_PB_2015.zzz_unzipped-PROCUREMENT_MasterJustificationBook_Air_Force_PB_2015.xml","e0999d2b89817dbe0cc954d07a44ef1ad1938f20a6bca9d4306e26527654e26d","0-bb104568564016d19987d1776a72018fe34fc3fa4367ed2301fca6437f815fa8","0-05b96a825da6317b34884600755dc24063de2a2af7b9b0cd6c1d0bcdc4c437f3","root.record.ItemExhibitList.P3AModificationItemGroup.ModificationItemList.ModificationItem.Installation.ImplementationMethodList.ImplementationMethod"
"Air Force Active","","757","","29.85","2015-BASE_PROCUREMENT-2015-AIRFORCE_AIRCRAFT_VOL2-PROCUREMENT_MasterJustificationBook_Air_Force_PB_2015.zzz_unzipped-PROCUREMENT_MasterJustificationBook_Air_Force_PB_2015.xml","e0999d2b89817dbe0cc954d07a44ef1ad1938f20a6bca9d4306e26527654e26d","0-22091f7844982a0f5868d0541f367a4d1b781b762af4b68717f348cc32c93e8d","1-cf152cb8766e5490e39495c05c4f0dfdb855997c0c3048058737905170171b80","root.record.ItemExhibitList.P3AModificationItemGroup.ModificationItemList.ModificationItem.Installation.ImplementationMethodList.ImplementationMethod"
"Air National Guard","","14","","6.863","2015-BASE_PROCUREMENT-2015-AIRFORCE_AIRCRAFT_VOL2-PROCUREMENT_MasterJustificationBook_Air_Force_PB_2015.zzz_unzipped-PROCUREMENT_MasterJustificationBook_Air_Force_PB_2015.xml","e0999d2b89817dbe0cc954d07a44ef1ad1938f20a6bca9d4306e26527654e26d","1-27a7af88d48f47a8f93384f8bce628f7d28d05fa0ad60263ae62203a6914822a","1-cf152cb8766e5490e39495c05c4f0dfdb855997c0c3048058737905170171b80","root.record.ItemExhibitList.P3AModificationItemGroup.ModificationItemList.ModificationItem.Installation.ImplementationMethodList.ImplementationMethod"
"Air Force Active","196","","0.027","","2015-BASE_PROCUREMENT-2015-AIRFORCE_AIRCRAFT_VOL2-PROCUREMENT_MasterJustificationBook_Air_Force_PB_2015.zzz_unzipped-PROCUREMENT_MasterJustificationBook_Air_Force_PB_2015.xml","e0999d2b89817dbe0cc954d07a44ef1ad1938f20a6bca9d4306e26527654e26d","0-c34944119d3c51c6058487f5b16dbe085b863783bd8accd56bb47b5f49434c40","0-c494f1444ea5a6c8bd215274dfc8620361fba0af0132fc2109f8d62d65567ee0","root.record.ItemExhibitList.P3AModificationItemGroup.ModificationItemList.ModificationItem.Installation.ImplementationMethodList.ImplementationMethod"
"Air Force Active","782","","5.109","","2015-BASE_PROCUREMENT-2015-AIRFORCE_AIRCRAFT_VOL2-PROCUREMENT_MasterJustificationBook_Air_Force_PB_2015.zzz_unzipped-PROCUREMENT_MasterJustificationBook_Air_Force_PB_2015.xml","e0999d2b89817dbe0cc954d07a44ef1ad1938f20a6bca9d4306e26527654e26d","0-5005e614b3f9cd1336cacd8ce784a96dd8d88c099b906cd60001bf53f59e92d6","1-d04ee8d22f31e44499b84586869479398e42f85d8e5028db00fca067c6553689","root.record.ItemExhibitList.P3AModificationItemGroup.ModificationItemList.ModificationItem.Installation.ImplementationMethodList.ImplementationMethod"
"Air National Guard","106","","0.015","","2015-BASE_PROCUREMENT-2015-AIRFORCE_AIRCRAFT_VOL2-PROCUREMENT_MasterJustificationBook_Air_Force_PB_2015.zzz_unzipped-PROCUREMENT_MasterJustificationBook_Air_Force_PB_2015.xml","e0999d2b89817dbe0cc954d07a44ef1ad1938f20a6bca9d4306e26527654e26d","1-9002793f150860536e3f4bd0d24347687a30ac05c52ee928d46c85fb5eefcec0","1-d04ee8d22f31e44499b84586869479398e42f85d8e5028db00fca067c6553689","root.record.ItemExhibitList.P3AModificationItemGroup.ModificationItemList.ModificationItem.Installation.ImplementationMethodList.ImplementationMethod"
"Air National Guard","13","","6.339","","2015-BASE_PROCUREMENT-2015-AIRFORCE_AIRCRAFT_VOL2-PROCUREMENT_MasterJustificationBook_Air_Force_PB_2015.zzz_unzipped-PROCUREMENT_MasterJustificationBook_Air_Force_PB_2015.xml","e0999d2b89817dbe0cc954d07a44ef1ad1938f20a6bca9d4306e26527654e26d","0-97702d1a75fb566ee777cd6511a85a7dcd60f03cea10227e83508c5606ea5ac0","0-3dc6916aed8a21eb700cdb004c4598191942e0dd9c58b51e88ef8a6be08633b2","root.record.ItemExhibitList.P3AModificationItemGroup.ModificationItemList.ModificationItem.Installation.ImplementationMethodList.ImplementationMethod"
"Air Force Active","","10","","0.677","2015-BASE_PROCUREMENT-2015-AIRFORCE_AIRCRAFT_VOL2-PROCUREMENT_MasterJustificationBook_Air_Force_PB_2015.zzz_unzipped-PROCUREMENT_MasterJustificationBook_Air_Force_PB_2015.xml","e0999d2b89817dbe0cc954d07a44ef1ad1938f20a6bca9d4306e26527654e26d","0-00e996ef33de1c234a382ad9bd1c4b61f8b329db7c0d9b505c776ba4b494b35f","0-69456b47e7dd93a386210c56c911e45516826ef4650ab5a6797352767d228f0f","root.record.ItemExhibitList.P3AModificationItemGroup.ModificationItemList.ModificationItem.Installation.ImplementationMethodList.ImplementationMethod"
