Name_val,WhenRequiredInMonths_val,QuantityPerAssembly_val,Cost_AllPriorYears_val,Cost_PriorYear_val,Cost_CurrentYear_val,Cost_BudgetYearOne_val,Cost_BudgetYearTwo_val,Cost_Continuing_val,Cost_BudgetYearThree_val,Cost_BudgetYearFour_val,Cost_BudgetYearFive_val,ManufacturerList_Manufacturer_Name_val,ManufacturerList_Manufacturer_Location_val,ManufacturerList_Manufacturer_HistoryPlanningList_HistoryPlanning_FiscalYear_val,ManufacturerList_Manufacturer_HistoryPlanningList_HistoryPlanning_AwardDate_val,ManufacturerList_Manufacturer_HistoryPlanningList_HistoryPlanning_Quantity_val,ManufacturerList_Manufacturer_HistoryPlanningList_HistoryPlanning_UnitCost_val,ManufacturerList_Manufacturer_HistoryPlanningList_HistoryPlanning_FundingVehicle_val,ManufacturerList_Manufacturer_InitialQuantity_ProductionLeadTimeAfterOct1InMonths_val,ManufacturerList_Manufacturer_InitialQuantity_TotalLeadTimeAfterOct1InMonths_val,@SOURCE_FILENAME,@RECORDID,@ROWID,SCNProductionLeadtime_val,@PARENTROWID,@PARENT
"Avionics","16","1","118.984","36.15","40.944","39.722","3.483","true","","","","See End Item P-5A/NA","See End Item P-5A","2016","2016-02","27.003","1471.000","Various","","","2016-BASE_PROCUREMENT-2016-ARMY_AIRCRAFT-PROCUREMENT_JustificationBook_Army_PB_2016.zzz_unzipped-PROCUREMENT_JustificationBook_Army_PB_2016.xml","10d699f2ac7085cae590cf4b5474fbb6b8513376435568c699b86a2aa51b46f5","0-d2134ea9cada203b1f0f191f12b7a9bdd5ce578b16c7f085f95d13f61430176e","","0-bf5fe200bf217763b7064e25a912908301f3ce67bb412b7683d97c86797061ed","root.record.ItemExhibitList.P3AModificationItemGroup"
"Airframe","14","1","195.881","54.226","61.417","59.622","5.224","true","","","","See End Item P-5A/NA","See End Item P-5A","2016","2016-02","27.003","2208.000","Various","","","2016-BASE_PROCUREMENT-2016-ARMY_AIRCRAFT-PROCUREMENT_JustificationBook_Army_PB_2016.zzz_unzipped-PROCUREMENT_JustificationBook_Army_PB_2016.xml","10d699f2ac7085cae590cf4b5474fbb6b8513376435568c699b86a2aa51b46f5","1-e7c3988b33ef364d9dec3281d02cbe4ac661478e73b11974f0eb3ec0253fa097","","0-bf5fe200bf217763b7064e25a912908301f3ce67bb412b7683d97c86797061ed","root.record.ItemExhibitList.P3AModificationItemGroup"
"Avionics","16","1","158.82","40.944","39.722","3.483","7.128","true","9.694","17.41","15.167","See End Item P-5A/NA","See End Item P-5A","2017","2017-01","3","1161.000","Various","15","15","2017-BASE_PROCUREMENT-2017-ARMY_AIRCRAFT-U_PROCUREMENT_JustificationBook_Army_PB_2017.zzz_unzipped-U_PROCUREMENT_JustificationBook_Army_PB_2017.xml","9539d98bc52f4ea201745818be8c994ae3c1bee9191ab3724cd527793f079994","0-f9de4376cda07966b0dc192bb1031e162f896f13f773db79308381f31f5d7e81","15","0-1f9045e71ea4bf471b1fd4daf90581505b837bfd8019810bd50337db2ad5d89e","root.record.ItemExhibitList.P3AModificationItemGroup"
"Airframe","14","1","246.421","61.417","59.622","5.224","10.692","true","14.541","26.122","22.625","See End Item P-5A/NA","See End Item P-5A","2017","2017-01","5","1045.000","Various","13","13","2017-BASE_PROCUREMENT-2017-ARMY_AIRCRAFT-U_PROCUREMENT_JustificationBook_Army_PB_2017.zzz_unzipped-U_PROCUREMENT_JustificationBook_Army_PB_2017.xml","9539d98bc52f4ea201745818be8c994ae3c1bee9191ab3724cd527793f079994","1-d6124e08fb7421e495c17f91688a70f63e635c024ff20befa10ba179c4f67b0a","13","0-1f9045e71ea4bf471b1fd4daf90581505b837bfd8019810bd50337db2ad5d89e","root.record.ItemExhibitList.P3AModificationItemGroup"
"Avionics","16","1","187.005","39.722","3.483","7.128","","","","","","","","","","","","","","","2018-BASE_PROCUREMENT-2018-ARMY_AIRCRAFT-U_PROCUREMENT_JustificationBook_Army_PB_2018.zzz_unzipped-U_PROCUREMENT_JustificationBook_Army_PB_2018.xml","48035b327d2afee18f65131e5b2f09ae40c7d32cfa787a82cce94b987921c1d9","0-84e086fa2fc643dcfb0f1740ba4ead704bc12076e0ff40e15f20089052e85a0f","15","0-9560fedc47f6b647e3ca15473fcfe518d920e1220323597c85524558ec58346d","root.record.ItemExhibitList.P3AModificationItemGroup"
"Airframe","14","1","320.597","59.622","5.224","10.692","","","","","","","","","","","","","","","2018-BASE_PROCUREMENT-2018-ARMY_AIRCRAFT-U_PROCUREMENT_JustificationBook_Army_PB_2018.zzz_unzipped-U_PROCUREMENT_JustificationBook_Army_PB_2018.xml","48035b327d2afee18f65131e5b2f09ae40c7d32cfa787a82cce94b987921c1d9","1-e4d13eb4c1f5f24341c7237bfd6d45b4f503c0b03dc5666e7afb27bfa2504a15","13","0-9560fedc47f6b647e3ca15473fcfe518d920e1220323597c85524558ec58346d","root.record.ItemExhibitList.P3AModificationItemGroup"
"Avionics","16","1","266.464","3.483","7.128","9.694","18.557","true","18.833","26.075","33.45","","","","","","","","","","2019-BASE_PROCUREMENT-2019-ARMY_AIRCRAFT-U_PROCUREMENT_JustificationBook_Army_PB_2019.zzz_unzipped-U_PROCUREMENT_JustificationBook_Army_PB_2019.xml","13c1701a746a107cd2e5fb67b5cff970365e9634f5815f17e3dc5693824dda4c","0-4d30724174fbbe3971c9ccbfad6b05db8ca6fafe2db68d3e658c6ca5a2cc67bd","15","0-f672caf076872c926c5b3b35a7552a2fa13b829534d4ca6362f8c0038e32e329","root.record.ItemExhibitList.P3AModificationItemGroup"
"Airframe","14","1","340.482","5.224","10.692","14.541","27.835","true","28.25","39.112","50.175","","","","","","","","","","2019-BASE_PROCUREMENT-2019-ARMY_AIRCRAFT-U_PROCUREMENT_JustificationBook_Army_PB_2019.zzz_unzipped-U_PROCUREMENT_JustificationBook_Army_PB_2019.xml","13c1701a746a107cd2e5fb67b5cff970365e9634f5815f17e3dc5693824dda4c","1-0bc1d2e7e9ad376b95ccaa91d570df14ecd27be4026ae992de0c65783c9acdde","13","0-f672caf076872c926c5b3b35a7552a2fa13b829534d4ca6362f8c0038e32e329","root.record.ItemExhibitList.P3AModificationItemGroup"
