Name_val,WhenRequiredInMonths_val,QuantityPerAssembly_val,Cost_AllPriorYears_val,Cost_PriorYear_val,Cost_CurrentYear_val,Cost_BudgetYearOne_val,Cost_BudgetYearTwo_val,Cost_Continuing_val,Cost_BudgetYearThree_val,Cost_BudgetYearFour_val,Cost_BudgetYearFive_val,ManufacturerList_Manufacturer_Name_val,ManufacturerList_Manufacturer_Location_val,ManufacturerList_Manufacturer_HistoryPlanningList_HistoryPlanning_FiscalYear_val,ManufacturerList_Manufacturer_HistoryPlanningList_HistoryPlanning_AwardDate_val,ManufacturerList_Manufacturer_HistoryPlanningList_HistoryPlanning_Quantity_val,ManufacturerList_Manufacturer_HistoryPlanningList_HistoryPlanning_UnitCost_val,ManufacturerList_Manufacturer_HistoryPlanningList_HistoryPlanning_FundingVehicle_val,ManufacturerList_Manufacturer_InitialQuantity_ProductionLeadTimeAfterOct1InMonths_val,ManufacturerList_Manufacturer_InitialQuantity_TotalLeadTimeAfterOct1InMonths_val,@SOURCE_FILENAME,@RECORDID,@ROWID,SCNProductionLeadtime_val,@PARENTROWID,@PARENT
"Avionics","16","1","118.984","36.15","40.944","39.722","3.483","true","","","","See End Item P-5A/NA","See End Item P-5A","2016","2016-02","27.003","1471.000","Various","","","2016-BASE_PROCUREMENT-2016-ARMY_AIRCRAFT-PROCUREMENT_JustificationBook_Army_PB_2016.zzz_unzipped-PROCUREMENT_JustificationBook_Army_PB_2016.xml","10d699f2ac7085cae590cf4b5474fbb6b8513376435568c699b86a2aa51b46f5","0-3a4508b715ef7a7b8dd41bb9b1e684c95b3adf0849ea8fc44241356ff0d81d0f","","0-64ecbf50ae74d6771173c7dd3280989e16ab23db58296d04e16519ead4292d26","root.record.ItemExhibitList.P3AModificationItemGroup"
"Airframe","14","1","195.881","54.226","61.417","59.622","5.224","true","","","","See End Item P-5A/NA","See End Item P-5A","2016","2016-02","27.003","2208.000","Various","","","2016-BASE_PROCUREMENT-2016-ARMY_AIRCRAFT-PROCUREMENT_JustificationBook_Army_PB_2016.zzz_unzipped-PROCUREMENT_JustificationBook_Army_PB_2016.xml","10d699f2ac7085cae590cf4b5474fbb6b8513376435568c699b86a2aa51b46f5","1-67d40d79ba1e74f3b62c6b8c0079572c58ae30c470b8c3145f2ea0ab56d4f33e","","0-64ecbf50ae74d6771173c7dd3280989e16ab23db58296d04e16519ead4292d26","root.record.ItemExhibitList.P3AModificationItemGroup"
"Avionics","16","1","158.82","40.944","39.722","3.483","7.128","true","9.694","17.41","15.167","See End Item P-5A/NA","See End Item P-5A","2017","2017-01","3","1161.000","Various","15","15","2017-BASE_PROCUREMENT-2017-ARMY_AIRCRAFT-U_PROCUREMENT_JustificationBook_Army_PB_2017.zzz_unzipped-U_PROCUREMENT_JustificationBook_Army_PB_2017.xml","9539d98bc52f4ea201745818be8c994ae3c1bee9191ab3724cd527793f079994","0-2cdb271e122de90dc0f89d37d97fd3ac279cc48b5fea8e68d267097521f411dc","15","0-b04f83d43d60b48ae8095eefcba674313f050dc97d0ca9df3d7e594071a0daf2","root.record.ItemExhibitList.P3AModificationItemGroup"
"Airframe","14","1","246.421","61.417","59.622","5.224","10.692","true","14.541","26.122","22.625","See End Item P-5A/NA","See End Item P-5A","2017","2017-01","5","1045.000","Various","13","13","2017-BASE_PROCUREMENT-2017-ARMY_AIRCRAFT-U_PROCUREMENT_JustificationBook_Army_PB_2017.zzz_unzipped-U_PROCUREMENT_JustificationBook_Army_PB_2017.xml","9539d98bc52f4ea201745818be8c994ae3c1bee9191ab3724cd527793f079994","1-baac2ee5e8ae21045ca6b6a7fd2b1b679e64593594ba645317e67fe785e13abc","13","0-b04f83d43d60b48ae8095eefcba674313f050dc97d0ca9df3d7e594071a0daf2","root.record.ItemExhibitList.P3AModificationItemGroup"
"Avionics","16","1","187.005","39.722","3.483","7.128","","","","","","","","","","","","","","","2018-BASE_PROCUREMENT-2018-ARMY_AIRCRAFT-U_PROCUREMENT_JustificationBook_Army_PB_2018.zzz_unzipped-U_PROCUREMENT_JustificationBook_Army_PB_2018.xml","48035b327d2afee18f65131e5b2f09ae40c7d32cfa787a82cce94b987921c1d9","0-b73570914dfabd1709b873ef8e886bba83ec6423885fad605119bd607a6124a7","15","0-f60484b959edbd5e28648aedb4dfcfa7f11b4220f6bc874ab420ba85bc4e3ab3","root.record.ItemExhibitList.P3AModificationItemGroup"
"Airframe","14","1","320.597","59.622","5.224","10.692","","","","","","","","","","","","","","","2018-BASE_PROCUREMENT-2018-ARMY_AIRCRAFT-U_PROCUREMENT_JustificationBook_Army_PB_2018.zzz_unzipped-U_PROCUREMENT_JustificationBook_Army_PB_2018.xml","48035b327d2afee18f65131e5b2f09ae40c7d32cfa787a82cce94b987921c1d9","1-ba1aa9ec7d0b17bc02e043af3daa42991cb5526a13ba4cfcb96943c51570eda0","13","0-f60484b959edbd5e28648aedb4dfcfa7f11b4220f6bc874ab420ba85bc4e3ab3","root.record.ItemExhibitList.P3AModificationItemGroup"
"Avionics","16","1","266.464","3.483","7.128","9.694","18.557","true","18.833","26.075","33.45","","","","","","","","","","2019-BASE_PROCUREMENT-2019-ARMY_AIRCRAFT-U_PROCUREMENT_JustificationBook_Army_PB_2019.zzz_unzipped-U_PROCUREMENT_JustificationBook_Army_PB_2019.xml","13c1701a746a107cd2e5fb67b5cff970365e9634f5815f17e3dc5693824dda4c","0-1ccedc1aca4e88e04bb8b7bdbe641c6f5c40a06b4960c3f992da30ec2a4abb77","15","0-acd2c50e70118ba324dfe0c79b84e7a331e80954459ca46687c28f33281b7192","root.record.ItemExhibitList.P3AModificationItemGroup"
"Airframe","14","1","340.482","5.224","10.692","14.541","27.835","true","28.25","39.112","50.175","","","","","","","","","","2019-BASE_PROCUREMENT-2019-ARMY_AIRCRAFT-U_PROCUREMENT_JustificationBook_Army_PB_2019.zzz_unzipped-U_PROCUREMENT_JustificationBook_Army_PB_2019.xml","13c1701a746a107cd2e5fb67b5cff970365e9634f5815f17e3dc5693824dda4c","1-8f5ba34f2fca8c513ed548544d510f021546fd2373dc65f7654559edd36f0875","13","0-acd2c50e70118ba324dfe0c79b84e7a331e80954459ca46687c28f33281b7192","root.record.ItemExhibitList.P3AModificationItemGroup"
