Name_val,WhenRequiredInMonths_val,QuantityPerAssembly_val,Cost_AllPriorYears_val,Cost_PriorYear_val,Cost_CurrentYear_val,Cost_BudgetYearOne_val,Cost_BudgetYearTwo_val,Cost_Continuing_val,Cost_BudgetYearThree_val,Cost_BudgetYearFour_val,Cost_BudgetYearFive_val,ManufacturerList_Manufacturer_Name_val,ManufacturerList_Manufacturer_Location_val,ManufacturerList_Manufacturer_HistoryPlanningList_HistoryPlanning_FiscalYear_val,ManufacturerList_Manufacturer_HistoryPlanningList_HistoryPlanning_AwardDate_val,ManufacturerList_Manufacturer_HistoryPlanningList_HistoryPlanning_Quantity_val,ManufacturerList_Manufacturer_HistoryPlanningList_HistoryPlanning_UnitCost_val,ManufacturerList_Manufacturer_HistoryPlanningList_HistoryPlanning_FundingVehicle_val,ManufacturerList_Manufacturer_InitialQuantity_ProductionLeadTimeAfterOct1InMonths_val,ManufacturerList_Manufacturer_InitialQuantity_TotalLeadTimeAfterOct1InMonths_val,@SOURCE_FILENAME,@RECORDID,@ROWID,SCNProductionLeadtime_val,@PARENTROWID,@PARENT
"Avionics","16","1","118.984","36.15","40.944","39.722","3.483","true","","","","See End Item P-5A/NA","See End Item P-5A","2016","2016-02","27.003","1471.000","Various","","","2016-BASE_PROCUREMENT-2016-ARMY_AIRCRAFT-PROCUREMENT_JustificationBook_Army_PB_2016.zzz_unzipped-PROCUREMENT_JustificationBook_Army_PB_2016.xml","10d699f2ac7085cae590cf4b5474fbb6b8513376435568c699b86a2aa51b46f5","0-695879fa1bea618affa624c8a953a0e0695eaba5f0304cd33f7d0a38ede23498","","0-d0b7be6009dc9207523b7a0a091e937b994fe25c8922fbe2282be4a8d6c7d2da","root.record.ItemExhibitList.P3AModificationItemGroup"
"Airframe","14","1","195.881","54.226","61.417","59.622","5.224","true","","","","See End Item P-5A/NA","See End Item P-5A","2016","2016-02","27.003","2208.000","Various","","","2016-BASE_PROCUREMENT-2016-ARMY_AIRCRAFT-PROCUREMENT_JustificationBook_Army_PB_2016.zzz_unzipped-PROCUREMENT_JustificationBook_Army_PB_2016.xml","10d699f2ac7085cae590cf4b5474fbb6b8513376435568c699b86a2aa51b46f5","1-f992d2b737d0ab960a206b4a58445e6266c348dd216c8e5f25a02429cbba2fdc","","0-d0b7be6009dc9207523b7a0a091e937b994fe25c8922fbe2282be4a8d6c7d2da","root.record.ItemExhibitList.P3AModificationItemGroup"
"Avionics","16","1","158.82","40.944","39.722","3.483","7.128","true","9.694","17.41","15.167","See End Item P-5A/NA","See End Item P-5A","2017","2017-01","3","1161.000","Various","15","15","2017-BASE_PROCUREMENT-2017-ARMY_AIRCRAFT-U_PROCUREMENT_JustificationBook_Army_PB_2017.zzz_unzipped-U_PROCUREMENT_JustificationBook_Army_PB_2017.xml","9539d98bc52f4ea201745818be8c994ae3c1bee9191ab3724cd527793f079994","0-f64cca2956a74bbe97e49d7af95ff57bfdf810c0c61266a02efc5f39bd97cb12","15","0-83d953f7e0f140816f1f0643fb2437e3d0815be731e892b9bb0b1d6f3b5186db","root.record.ItemExhibitList.P3AModificationItemGroup"
"Airframe","14","1","246.421","61.417","59.622","5.224","10.692","true","14.541","26.122","22.625","See End Item P-5A/NA","See End Item P-5A","2017","2017-01","5","1045.000","Various","13","13","2017-BASE_PROCUREMENT-2017-ARMY_AIRCRAFT-U_PROCUREMENT_JustificationBook_Army_PB_2017.zzz_unzipped-U_PROCUREMENT_JustificationBook_Army_PB_2017.xml","9539d98bc52f4ea201745818be8c994ae3c1bee9191ab3724cd527793f079994","1-f89d1945f92729bbcb5986a25c1a56f26fb5dc6c02c021775fb6465cc6260228","13","0-83d953f7e0f140816f1f0643fb2437e3d0815be731e892b9bb0b1d6f3b5186db","root.record.ItemExhibitList.P3AModificationItemGroup"
"Avionics","16","1","187.005","39.722","3.483","7.128","","","","","","","","","","","","","","","2018-BASE_PROCUREMENT-2018-ARMY_AIRCRAFT-U_PROCUREMENT_JustificationBook_Army_PB_2018.zzz_unzipped-U_PROCUREMENT_JustificationBook_Army_PB_2018.xml","48035b327d2afee18f65131e5b2f09ae40c7d32cfa787a82cce94b987921c1d9","0-1e1aa6e836a21d179d1c97e0c454269b5eec954b53413475285e0dfb84006ef9","15","0-bf433ded176fdbe4e83a1bccd0a8087d2bb6b95ac65a6f7309c4f9e04001d89d","root.record.ItemExhibitList.P3AModificationItemGroup"
"Airframe","14","1","320.597","59.622","5.224","10.692","","","","","","","","","","","","","","","2018-BASE_PROCUREMENT-2018-ARMY_AIRCRAFT-U_PROCUREMENT_JustificationBook_Army_PB_2018.zzz_unzipped-U_PROCUREMENT_JustificationBook_Army_PB_2018.xml","48035b327d2afee18f65131e5b2f09ae40c7d32cfa787a82cce94b987921c1d9","1-12e208a69d3c9716556dec0e01fa363f3d12cd0b98f99a3a629c54255d5302a0","13","0-bf433ded176fdbe4e83a1bccd0a8087d2bb6b95ac65a6f7309c4f9e04001d89d","root.record.ItemExhibitList.P3AModificationItemGroup"
"Avionics","16","1","266.464","3.483","7.128","9.694","18.557","true","18.833","26.075","33.45","","","","","","","","","","2019-BASE_PROCUREMENT-2019-ARMY_AIRCRAFT-U_PROCUREMENT_JustificationBook_Army_PB_2019.zzz_unzipped-U_PROCUREMENT_JustificationBook_Army_PB_2019.xml","13c1701a746a107cd2e5fb67b5cff970365e9634f5815f17e3dc5693824dda4c","0-0d7a952f377baae05c0ce82d4458bad1fde68c9dd8be7e7393ffca10b3232bd0","15","0-9eb2135a0d01c895a4f56ba4d342daf1670d22b139d13c10f7a4927022850a51","root.record.ItemExhibitList.P3AModificationItemGroup"
"Airframe","14","1","340.482","5.224","10.692","14.541","27.835","true","28.25","39.112","50.175","","","","","","","","","","2019-BASE_PROCUREMENT-2019-ARMY_AIRCRAFT-U_PROCUREMENT_JustificationBook_Army_PB_2019.zzz_unzipped-U_PROCUREMENT_JustificationBook_Army_PB_2019.xml","13c1701a746a107cd2e5fb67b5cff970365e9634f5815f17e3dc5693824dda4c","1-b52bc867d2f866423d7ee77c7a1f9b2663bda6c2d3eb62f6a256cf854dcd39e9","13","0-9eb2135a0d01c895a4f56ba4d342daf1670d22b139d13c10f7a4927022850a51","root.record.ItemExhibitList.P3AModificationItemGroup"
