Month_val,Amount_val,@SOURCE_FILENAME,@RECORDID,@ROWID,@PARENTROWID,@PARENT
"2012-06","1","2015-BASE_PROCUREMENT-2015-AIRFORCE_AIRCRAFT_VOL1-PROCUREMENT_JustificationBook_Air_Force_PB_2015.zzz_unzipped-PROCUREMENT_JustificationBook_Air_Force_PB_2015.xml","ec976f28f64d06b6cdd6198f93851889e1b9beb1edb572669f3c69e02093017a","0-bf53d3469700213b6fc215c3c54ffc0aa40d8f2e5720c66adbad4b04afc0c954","0-e14faea05e0972150819ea7247bde8e3a7c40565eacff802789ddf7f32ff420c","root.record.ItemExhibitList.P5Item.CostElementCategoryList.Vehicles.Recurring.CostElementList.CostElement.ManufacturerList.Manufacturer.HistoryPlanningList.HistoryPlanning"
"2012-11","1","2015-BASE_PROCUREMENT-2015-AIRFORCE_AIRCRAFT_VOL1-PROCUREMENT_JustificationBook_Air_Force_PB_2015.zzz_unzipped-PROCUREMENT_JustificationBook_Air_Force_PB_2015.xml","ec976f28f64d06b6cdd6198f93851889e1b9beb1edb572669f3c69e02093017a","1-b6fe8ba4889cde8cb0c52e5ef97056e1a49339ae9f7d8add1628e95d116ef459","0-e14faea05e0972150819ea7247bde8e3a7c40565eacff802789ddf7f32ff420c","root.record.ItemExhibitList.P5Item.CostElementCategoryList.Vehicles.Recurring.CostElementList.CostElement.ManufacturerList.Manufacturer.HistoryPlanningList.HistoryPlanning"
"2013-11","1","2015-BASE_PROCUREMENT-2015-AIRFORCE_AIRCRAFT_VOL1-PROCUREMENT_JustificationBook_Air_Force_PB_2015.zzz_unzipped-PROCUREMENT_JustificationBook_Air_Force_PB_2015.xml","ec976f28f64d06b6cdd6198f93851889e1b9beb1edb572669f3c69e02093017a","0-28f50daae50e2a9d1fcb09e7d8514dc4600da4054fc07d5f91a504f0455f9cd2","1-74eee8d486701228def7653248cac6a441c2dfb9e7fdc0c6b43bf6cbb500839b","root.record.ItemExhibitList.P5Item.CostElementCategoryList.Vehicles.Recurring.CostElementList.CostElement.ManufacturerList.Manufacturer.HistoryPlanningList.HistoryPlanning"
"2014-07","1","2015-BASE_PROCUREMENT-2015-AIRFORCE_AIRCRAFT_VOL1-PROCUREMENT_JustificationBook_Air_Force_PB_2015.zzz_unzipped-PROCUREMENT_JustificationBook_Air_Force_PB_2015.xml","ec976f28f64d06b6cdd6198f93851889e1b9beb1edb572669f3c69e02093017a","1-df38b1213d2d041d9a7433638208070bab80dbce392bc0c0d16dc875fb308e11","1-74eee8d486701228def7653248cac6a441c2dfb9e7fdc0c6b43bf6cbb500839b","root.record.ItemExhibitList.P5Item.CostElementCategoryList.Vehicles.Recurring.CostElementList.CostElement.ManufacturerList.Manufacturer.HistoryPlanningList.HistoryPlanning"
"2017-01","1","2015-BASE_PROCUREMENT-2015-AIRFORCE_AIRCRAFT_VOL1-PROCUREMENT_JustificationBook_Air_Force_PB_2015.zzz_unzipped-PROCUREMENT_JustificationBook_Air_Force_PB_2015.xml","ec976f28f64d06b6cdd6198f93851889e1b9beb1edb572669f3c69e02093017a","0-8c162b300b47ded5f9e2b2fdea3a9729f68697132dbe2e40f44027d46bdb8087","2-84df992eec26e92eb75464656df76aeca5bb33c8291fb8714c99cdcdbcaa839d","root.record.ItemExhibitList.P5Item.CostElementCategoryList.Vehicles.Recurring.CostElementList.CostElement.ManufacturerList.Manufacturer.HistoryPlanningList.HistoryPlanning"
"2017-04","1","2015-BASE_PROCUREMENT-2015-AIRFORCE_AIRCRAFT_VOL1-PROCUREMENT_JustificationBook_Air_Force_PB_2015.zzz_unzipped-PROCUREMENT_JustificationBook_Air_Force_PB_2015.xml","ec976f28f64d06b6cdd6198f93851889e1b9beb1edb572669f3c69e02093017a","1-72de7aebc1df7d81f49958283512c23d353ec06f6f6cb3c546e94d8063f1fcb9","2-84df992eec26e92eb75464656df76aeca5bb33c8291fb8714c99cdcdbcaa839d","root.record.ItemExhibitList.P5Item.CostElementCategoryList.Vehicles.Recurring.CostElementList.CostElement.ManufacturerList.Manufacturer.HistoryPlanningList.HistoryPlanning"
"2017-06","1","2015-BASE_PROCUREMENT-2015-AIRFORCE_AIRCRAFT_VOL1-PROCUREMENT_JustificationBook_Air_Force_PB_2015.zzz_unzipped-PROCUREMENT_JustificationBook_Air_Force_PB_2015.xml","ec976f28f64d06b6cdd6198f93851889e1b9beb1edb572669f3c69e02093017a","2-7b6e33934c5d3c743c84d9170ee1616b86916693fe2166e7c2c48952fb810595","2-84df992eec26e92eb75464656df76aeca5bb33c8291fb8714c99cdcdbcaa839d","root.record.ItemExhibitList.P5Item.CostElementCategoryList.Vehicles.Recurring.CostElementList.CostElement.ManufacturerList.Manufacturer.HistoryPlanningList.HistoryPlanning"
"2013-02","1","2015-BASE_PROCUREMENT-2015-AIRFORCE_AIRCRAFT_VOL1-PROCUREMENT_JustificationBook_Air_Force_PB_2015.zzz_unzipped-PROCUREMENT_JustificationBook_Air_Force_PB_2015.xml","ec976f28f64d06b6cdd6198f93851889e1b9beb1edb572669f3c69e02093017a","0-40372707b4760075b2dd92f26f4d9d0a297aa05cddda8d8c81b914fe02254272","0-6a007369a8bc14b58598d041555bcb4113da96965d33d7d32c63d156c5261fd5","root.record.ItemExhibitList.P5Item.CostElementCategoryList.Vehicles.Recurring.CostElementList.CostElement.ManufacturerList.Manufacturer.HistoryPlanningList.HistoryPlanning"
"2013-08","1","2015-BASE_PROCUREMENT-2015-AIRFORCE_AIRCRAFT_VOL1-PROCUREMENT_JustificationBook_Air_Force_PB_2015.zzz_unzipped-PROCUREMENT_JustificationBook_Air_Force_PB_2015.xml","ec976f28f64d06b6cdd6198f93851889e1b9beb1edb572669f3c69e02093017a","1-fc31c46a37ff45d55cefc5ddf4432b23548237cc5ee5d6a6586b110dafb51de7","0-6a007369a8bc14b58598d041555bcb4113da96965d33d7d32c63d156c5261fd5","root.record.ItemExhibitList.P5Item.CostElementCategoryList.Vehicles.Recurring.CostElementList.CostElement.ManufacturerList.Manufacturer.HistoryPlanningList.HistoryPlanning"
"2014-04","1","2015-BASE_PROCUREMENT-2015-AIRFORCE_AIRCRAFT_VOL1-PROCUREMENT_JustificationBook_Air_Force_PB_2015.zzz_unzipped-PROCUREMENT_JustificationBook_Air_Force_PB_2015.xml","ec976f28f64d06b6cdd6198f93851889e1b9beb1edb572669f3c69e02093017a","0-cf9d4f17bd9f86d26b642c875287f2961cf51642809f7828b69b20002506bc14","1-6cc34f7783a2114ac7a9916d16c02a4ac5958f0daa22d63440ad447e50215f2f","root.record.ItemExhibitList.P5Item.CostElementCategoryList.Vehicles.Recurring.CostElementList.CostElement.ManufacturerList.Manufacturer.HistoryPlanningList.HistoryPlanning"
"2014-08","1","2015-BASE_PROCUREMENT-2015-AIRFORCE_AIRCRAFT_VOL1-PROCUREMENT_JustificationBook_Air_Force_PB_2015.zzz_unzipped-PROCUREMENT_JustificationBook_Air_Force_PB_2015.xml","ec976f28f64d06b6cdd6198f93851889e1b9beb1edb572669f3c69e02093017a","1-4c6d984cb39e8cead8112b62abd32d1dd7e1c197be8f859bc6b4abf69565da56","1-6cc34f7783a2114ac7a9916d16c02a4ac5958f0daa22d63440ad447e50215f2f","root.record.ItemExhibitList.P5Item.CostElementCategoryList.Vehicles.Recurring.CostElementList.CostElement.ManufacturerList.Manufacturer.HistoryPlanningList.HistoryPlanning"
"2012-06","1","2015-BASE_PROCUREMENT-2015-AIRFORCE_AIRCRAFT_VOL2-PROCUREMENT_MasterJustificationBook_Air_Force_PB_2015.zzz_unzipped-PROCUREMENT_MasterJustificationBook_Air_Force_PB_2015.xml","16648ff2f063095212525067f95f94d1ab1e5d0f22d30259c24225f3f227ab5f","0-f7230bf5e1ade092d4926672c70391b90078aaf5127ef82b0a892c0bcee7b13a","0-52cae452dec2f140d8010a58bae7b9130a7f331501919664b6b1ee89de3aad33","root.record.ItemExhibitList.P5Item.CostElementCategoryList.Vehicles.Recurring.CostElementList.CostElement.ManufacturerList.Manufacturer.HistoryPlanningList.HistoryPlanning"
"2012-11","1","2015-BASE_PROCUREMENT-2015-AIRFORCE_AIRCRAFT_VOL2-PROCUREMENT_MasterJustificationBook_Air_Force_PB_2015.zzz_unzipped-PROCUREMENT_MasterJustificationBook_Air_Force_PB_2015.xml","16648ff2f063095212525067f95f94d1ab1e5d0f22d30259c24225f3f227ab5f","1-30c93625e6cbf2459959d92633779495938175b3fb880cbbc7781074b0d26848","0-52cae452dec2f140d8010a58bae7b9130a7f331501919664b6b1ee89de3aad33","root.record.ItemExhibitList.P5Item.CostElementCategoryList.Vehicles.Recurring.CostElementList.CostElement.ManufacturerList.Manufacturer.HistoryPlanningList.HistoryPlanning"
"2013-11","1","2015-BASE_PROCUREMENT-2015-AIRFORCE_AIRCRAFT_VOL2-PROCUREMENT_MasterJustificationBook_Air_Force_PB_2015.zzz_unzipped-PROCUREMENT_MasterJustificationBook_Air_Force_PB_2015.xml","16648ff2f063095212525067f95f94d1ab1e5d0f22d30259c24225f3f227ab5f","0-4e60d87d7606882e2136f83896bd926f697fe22fecf84ecde03583c0e7ecd13e","1-1b9c2b4d92b47fbaeab89ac25f599bf3289243962163589b31b3be16d5221bcc","root.record.ItemExhibitList.P5Item.CostElementCategoryList.Vehicles.Recurring.CostElementList.CostElement.ManufacturerList.Manufacturer.HistoryPlanningList.HistoryPlanning"
"2014-07","1","2015-BASE_PROCUREMENT-2015-AIRFORCE_AIRCRAFT_VOL2-PROCUREMENT_MasterJustificationBook_Air_Force_PB_2015.zzz_unzipped-PROCUREMENT_MasterJustificationBook_Air_Force_PB_2015.xml","16648ff2f063095212525067f95f94d1ab1e5d0f22d30259c24225f3f227ab5f","1-09adbc456796d1623903a423e5cf35b66443572d9224aa3d2c0a23220ab0d3a6","1-1b9c2b4d92b47fbaeab89ac25f599bf3289243962163589b31b3be16d5221bcc","root.record.ItemExhibitList.P5Item.CostElementCategoryList.Vehicles.Recurring.CostElementList.CostElement.ManufacturerList.Manufacturer.HistoryPlanningList.HistoryPlanning"
"2017-01","1","2015-BASE_PROCUREMENT-2015-AIRFORCE_AIRCRAFT_VOL2-PROCUREMENT_MasterJustificationBook_Air_Force_PB_2015.zzz_unzipped-PROCUREMENT_MasterJustificationBook_Air_Force_PB_2015.xml","16648ff2f063095212525067f95f94d1ab1e5d0f22d30259c24225f3f227ab5f","0-0b7c2ef7ea7308327a6a0f8c177e1e5bd2bccb0b0ee791459d7f5dabb3731eff","2-bd225b494ca98e43e3b12d04caa8ad8b54a555fb214f7965a31440843bbc4ea0","root.record.ItemExhibitList.P5Item.CostElementCategoryList.Vehicles.Recurring.CostElementList.CostElement.ManufacturerList.Manufacturer.HistoryPlanningList.HistoryPlanning"
"2017-04","1","2015-BASE_PROCUREMENT-2015-AIRFORCE_AIRCRAFT_VOL2-PROCUREMENT_MasterJustificationBook_Air_Force_PB_2015.zzz_unzipped-PROCUREMENT_MasterJustificationBook_Air_Force_PB_2015.xml","16648ff2f063095212525067f95f94d1ab1e5d0f22d30259c24225f3f227ab5f","1-bf6a2abd0c489839221040ff9eb3b226eb680e1b1fbc9717347a38ab3533a2a0","2-bd225b494ca98e43e3b12d04caa8ad8b54a555fb214f7965a31440843bbc4ea0","root.record.ItemExhibitList.P5Item.CostElementCategoryList.Vehicles.Recurring.CostElementList.CostElement.ManufacturerList.Manufacturer.HistoryPlanningList.HistoryPlanning"
"2017-06","1","2015-BASE_PROCUREMENT-2015-AIRFORCE_AIRCRAFT_VOL2-PROCUREMENT_MasterJustificationBook_Air_Force_PB_2015.zzz_unzipped-PROCUREMENT_MasterJustificationBook_Air_Force_PB_2015.xml","16648ff2f063095212525067f95f94d1ab1e5d0f22d30259c24225f3f227ab5f","2-6ce76ab1b0993af99607e6951335cc01a9ff51c827ae6bf4ad016d16ba998030","2-bd225b494ca98e43e3b12d04caa8ad8b54a555fb214f7965a31440843bbc4ea0","root.record.ItemExhibitList.P5Item.CostElementCategoryList.Vehicles.Recurring.CostElementList.CostElement.ManufacturerList.Manufacturer.HistoryPlanningList.HistoryPlanning"
"2013-02","1","2015-BASE_PROCUREMENT-2015-AIRFORCE_AIRCRAFT_VOL2-PROCUREMENT_MasterJustificationBook_Air_Force_PB_2015.zzz_unzipped-PROCUREMENT_MasterJustificationBook_Air_Force_PB_2015.xml","16648ff2f063095212525067f95f94d1ab1e5d0f22d30259c24225f3f227ab5f","0-810993d3c844b62423bf0f562189e36bcde24bdf7ce14462006851c6a06f1da4","0-c5fb09868d7c0e58c2cf834835427ed8d4a6108f8f77e80e1f8cba034c17f7eb","root.record.ItemExhibitList.P5Item.CostElementCategoryList.Vehicles.Recurring.CostElementList.CostElement.ManufacturerList.Manufacturer.HistoryPlanningList.HistoryPlanning"
"2013-08","1","2015-BASE_PROCUREMENT-2015-AIRFORCE_AIRCRAFT_VOL2-PROCUREMENT_MasterJustificationBook_Air_Force_PB_2015.zzz_unzipped-PROCUREMENT_MasterJustificationBook_Air_Force_PB_2015.xml","16648ff2f063095212525067f95f94d1ab1e5d0f22d30259c24225f3f227ab5f","1-78b1620faf17fd841df908031d9850bf5294447d9ee2b30b6506c5d6a03621a2","0-c5fb09868d7c0e58c2cf834835427ed8d4a6108f8f77e80e1f8cba034c17f7eb","root.record.ItemExhibitList.P5Item.CostElementCategoryList.Vehicles.Recurring.CostElementList.CostElement.ManufacturerList.Manufacturer.HistoryPlanningList.HistoryPlanning"
"2014-04","1","2015-BASE_PROCUREMENT-2015-AIRFORCE_AIRCRAFT_VOL2-PROCUREMENT_MasterJustificationBook_Air_Force_PB_2015.zzz_unzipped-PROCUREMENT_MasterJustificationBook_Air_Force_PB_2015.xml","16648ff2f063095212525067f95f94d1ab1e5d0f22d30259c24225f3f227ab5f","0-f0b6193bcadede33a442b58de13a822edecfddbb6ae4aaf4499db6054b52e2f1","1-9461569163a76225fb126abacd580f0bb988b72cef9b00fb5f89507a19ba067b","root.record.ItemExhibitList.P5Item.CostElementCategoryList.Vehicles.Recurring.CostElementList.CostElement.ManufacturerList.Manufacturer.HistoryPlanningList.HistoryPlanning"
"2014-08","1","2015-BASE_PROCUREMENT-2015-AIRFORCE_AIRCRAFT_VOL2-PROCUREMENT_MasterJustificationBook_Air_Force_PB_2015.zzz_unzipped-PROCUREMENT_MasterJustificationBook_Air_Force_PB_2015.xml","16648ff2f063095212525067f95f94d1ab1e5d0f22d30259c24225f3f227ab5f","1-ea0ab3690757ae0ff73868232ddbd304fa9729bb6b80343c8b60b38b0031d242","1-9461569163a76225fb126abacd580f0bb988b72cef9b00fb5f89507a19ba067b","root.record.ItemExhibitList.P5Item.CostElementCategoryList.Vehicles.Recurring.CostElementList.CostElement.ManufacturerList.Manufacturer.HistoryPlanningList.HistoryPlanning"
"2017-04","1","2016-BASE_PROCUREMENT-2016-AIRFORCE_AIRCRAFT_VOL1-PROCUREMENT_JustificationBook_Air_Force_PB_2016.zzz_unzipped-PROCUREMENT_JustificationBook_Air_Force_PB_2016.xml","6feb0208aa26d6550229bdf370d3886d34e07818e615e22e029c46fb827c9409","0-8039e568f1cfb4968735b64be3b9b3dd897b62b665143432be7049f8a3be1756","0-81185c8eb220ec81a253eecf9dda9e77261843e9e2f5f7b9b739741b901b5edf","root.record.ItemExhibitList.P5Item.CostElementCategoryList.Vehicles.Recurring.CostElementList.CostElement.ManufacturerList.Manufacturer.HistoryPlanningList.HistoryPlanning"
"2018-04","1","2016-BASE_PROCUREMENT-2016-AIRFORCE_AIRCRAFT_VOL1-PROCUREMENT_JustificationBook_Air_Force_PB_2016.zzz_unzipped-PROCUREMENT_JustificationBook_Air_Force_PB_2016.xml","6feb0208aa26d6550229bdf370d3886d34e07818e615e22e029c46fb827c9409","0-979de5061fa1e6534ff7e533a50ff1dab683aba047e284213f9b4d635ebc452a","1-76d5805e690a307674f43438f0b43ab1c28a103ec332b7e316385bd96efb0655","root.record.ItemExhibitList.P5Item.CostElementCategoryList.Vehicles.Recurring.CostElementList.CostElement.ManufacturerList.Manufacturer.HistoryPlanningList.HistoryPlanning"
"2017-01","1","2016-BASE_PROCUREMENT-2016-AIRFORCE_AIRCRAFT_VOL1-PROCUREMENT_JustificationBook_Air_Force_PB_2016.zzz_unzipped-PROCUREMENT_JustificationBook_Air_Force_PB_2016.xml","6feb0208aa26d6550229bdf370d3886d34e07818e615e22e029c46fb827c9409","0-a422d6e32793a2d8d24f0b06a7f5a3c885e6f50319a2d046f0b2516605d166d8","0-791576900fede93ece2dde8efd08b3ebfc298e8e0cdc2a789a530eadb7677188","root.record.ItemExhibitList.P5Item.CostElementCategoryList.Vehicles.Recurring.CostElementList.CostElement.ManufacturerList.Manufacturer.HistoryPlanningList.HistoryPlanning"
"2017-04","1","2016-BASE_PROCUREMENT-2016-AIRFORCE_AIRCRAFT_VOL1-PROCUREMENT_JustificationBook_Air_Force_PB_2016.zzz_unzipped-PROCUREMENT_JustificationBook_Air_Force_PB_2016.xml","6feb0208aa26d6550229bdf370d3886d34e07818e615e22e029c46fb827c9409","1-8252d823a255700792be317dd58664333ee051f7079187b25181ce1241aede7a","0-791576900fede93ece2dde8efd08b3ebfc298e8e0cdc2a789a530eadb7677188","root.record.ItemExhibitList.P5Item.CostElementCategoryList.Vehicles.Recurring.CostElementList.CostElement.ManufacturerList.Manufacturer.HistoryPlanningList.HistoryPlanning"
"2017-06","1","2016-BASE_PROCUREMENT-2016-AIRFORCE_AIRCRAFT_VOL1-PROCUREMENT_JustificationBook_Air_Force_PB_2016.zzz_unzipped-PROCUREMENT_JustificationBook_Air_Force_PB_2016.xml","6feb0208aa26d6550229bdf370d3886d34e07818e615e22e029c46fb827c9409","2-079dd166cc4625320d319988bf550d8d90e2e78685285dc02fa16d4a11a24595","0-791576900fede93ece2dde8efd08b3ebfc298e8e0cdc2a789a530eadb7677188","root.record.ItemExhibitList.P5Item.CostElementCategoryList.Vehicles.Recurring.CostElementList.CostElement.ManufacturerList.Manufacturer.HistoryPlanningList.HistoryPlanning"
"2017-04","1","2016-BASE_PROCUREMENT-2016-AIRFORCE_AIRCRAFT_VOL2-PROCUREMENT_MasterJustificationBook_Air_Force_PB_2016.zzz_unzipped-PROCUREMENT_MasterJustificationBook_Air_Force_PB_2016.xml","0bd719ef621e4942ddcec6c35d76388658f5b2fe25e160e294e9186a3aa77111","0-e76ecf41820bc29ce23cc651e73dbbda8a97401353e183fbf0677736ee490639","0-bbf2008d5fa3e84355efcbc12a3f52a867fcf7fde9e2c84c8748f0f61e93faaf","root.record.ItemExhibitList.P5Item.CostElementCategoryList.Vehicles.Recurring.CostElementList.CostElement.ManufacturerList.Manufacturer.HistoryPlanningList.HistoryPlanning"
"2018-04","1","2016-BASE_PROCUREMENT-2016-AIRFORCE_AIRCRAFT_VOL2-PROCUREMENT_MasterJustificationBook_Air_Force_PB_2016.zzz_unzipped-PROCUREMENT_MasterJustificationBook_Air_Force_PB_2016.xml","0bd719ef621e4942ddcec6c35d76388658f5b2fe25e160e294e9186a3aa77111","0-feba76b646fd2d608ab9fcd63a206f522cd7fbf5929941ae6dabbd0508f6d4f3","1-cfe64c0c98a77908c145fa2a5aa5ebb4c6a489a8e7de96b907fc6c631eb39c4b","root.record.ItemExhibitList.P5Item.CostElementCategoryList.Vehicles.Recurring.CostElementList.CostElement.ManufacturerList.Manufacturer.HistoryPlanningList.HistoryPlanning"
"2017-01","1","2016-BASE_PROCUREMENT-2016-AIRFORCE_AIRCRAFT_VOL2-PROCUREMENT_MasterJustificationBook_Air_Force_PB_2016.zzz_unzipped-PROCUREMENT_MasterJustificationBook_Air_Force_PB_2016.xml","0bd719ef621e4942ddcec6c35d76388658f5b2fe25e160e294e9186a3aa77111","0-2779937c376fd3f5e16ccb8ff63c1f563e63d8abbf6084e77f76dcaa0c1a4ec4","0-891dee7c812f3ef3843019d17890031fb8d1d7912b935f6c989bd056d2068f6f","root.record.ItemExhibitList.P5Item.CostElementCategoryList.Vehicles.Recurring.CostElementList.CostElement.ManufacturerList.Manufacturer.HistoryPlanningList.HistoryPlanning"
"2017-04","1","2016-BASE_PROCUREMENT-2016-AIRFORCE_AIRCRAFT_VOL2-PROCUREMENT_MasterJustificationBook_Air_Force_PB_2016.zzz_unzipped-PROCUREMENT_MasterJustificationBook_Air_Force_PB_2016.xml","0bd719ef621e4942ddcec6c35d76388658f5b2fe25e160e294e9186a3aa77111","1-4fc904d25fbc1fe4bbb0f8e745a14cbbfe42124fad86e2eeee7f77ad552a7c78","0-891dee7c812f3ef3843019d17890031fb8d1d7912b935f6c989bd056d2068f6f","root.record.ItemExhibitList.P5Item.CostElementCategoryList.Vehicles.Recurring.CostElementList.CostElement.ManufacturerList.Manufacturer.HistoryPlanningList.HistoryPlanning"
"2017-06","1","2016-BASE_PROCUREMENT-2016-AIRFORCE_AIRCRAFT_VOL2-PROCUREMENT_MasterJustificationBook_Air_Force_PB_2016.zzz_unzipped-PROCUREMENT_MasterJustificationBook_Air_Force_PB_2016.xml","0bd719ef621e4942ddcec6c35d76388658f5b2fe25e160e294e9186a3aa77111","2-8bdcbb3e327ce243d60210d2759ff2276f1b105d55c143345a68e1f0ee74bc8a","0-891dee7c812f3ef3843019d17890031fb8d1d7912b935f6c989bd056d2068f6f","root.record.ItemExhibitList.P5Item.CostElementCategoryList.Vehicles.Recurring.CostElementList.CostElement.ManufacturerList.Manufacturer.HistoryPlanningList.HistoryPlanning"
"2017-04","1","2017-BASE_PROCUREMENT-2017-AIRFORCE_AIRCRAFT_VOL1-U_PROCUREMENT_JustificationBook_Air_Force_PB_2017.zzz_unzipped-U_PROCUREMENT_JustificationBook_Air_Force_PB_2017.xml","81dc98969cc058d3b6f1ff5aa54a0e25b6c25eea9f72e3b6dfd8300acd9e0625","0-96aad1ac8078d4fbd0738ff06e498da018c3112d277876d629443852fb768b69","0-73c634fbedf34cfe883158d30c2a379c7ffc94c4b326fc99d5d51d6bdaf23d33","root.record.ItemExhibitList.P5Item.CostElementCategoryList.Vehicles.Recurring.CostElementList.CostElement.ManufacturerList.Manufacturer.HistoryPlanningList.HistoryPlanning"
"2017-01","1","2017-BASE_PROCUREMENT-2017-AIRFORCE_AIRCRAFT_VOL1-U_PROCUREMENT_JustificationBook_Air_Force_PB_2017.zzz_unzipped-U_PROCUREMENT_JustificationBook_Air_Force_PB_2017.xml","81dc98969cc058d3b6f1ff5aa54a0e25b6c25eea9f72e3b6dfd8300acd9e0625","0-00da37c2047af7a73252e73a7333621273dede8a6e6132b45e52d701bb557bb2","0-43253bce8fad90f8d458a35a6c351003de8b47b703bd6233b8ba9324f50d53d9","root.record.ItemExhibitList.P5Item.CostElementCategoryList.Vehicles.Recurring.CostElementList.CostElement.ManufacturerList.Manufacturer.HistoryPlanningList.HistoryPlanning"
"2017-04","1","2017-BASE_PROCUREMENT-2017-AIRFORCE_AIRCRAFT_VOL1-U_PROCUREMENT_JustificationBook_Air_Force_PB_2017.zzz_unzipped-U_PROCUREMENT_JustificationBook_Air_Force_PB_2017.xml","81dc98969cc058d3b6f1ff5aa54a0e25b6c25eea9f72e3b6dfd8300acd9e0625","1-4bb1834e877f54e79a5e40150df30c7d7266e56432e4ad67cc14e9295114d4b7","0-43253bce8fad90f8d458a35a6c351003de8b47b703bd6233b8ba9324f50d53d9","root.record.ItemExhibitList.P5Item.CostElementCategoryList.Vehicles.Recurring.CostElementList.CostElement.ManufacturerList.Manufacturer.HistoryPlanningList.HistoryPlanning"
"2017-06","1","2017-BASE_PROCUREMENT-2017-AIRFORCE_AIRCRAFT_VOL1-U_PROCUREMENT_JustificationBook_Air_Force_PB_2017.zzz_unzipped-U_PROCUREMENT_JustificationBook_Air_Force_PB_2017.xml","81dc98969cc058d3b6f1ff5aa54a0e25b6c25eea9f72e3b6dfd8300acd9e0625","2-37e5681eb85021d89d8e91c3569c1936d03d96805d003b38a30853806ec01137","0-43253bce8fad90f8d458a35a6c351003de8b47b703bd6233b8ba9324f50d53d9","root.record.ItemExhibitList.P5Item.CostElementCategoryList.Vehicles.Recurring.CostElementList.CostElement.ManufacturerList.Manufacturer.HistoryPlanningList.HistoryPlanning"
"2017-04","1","2017-BASE_PROCUREMENT-2017-AIRFORCE_AIRCRAFT_VOL1-U_PROCUREMENT_MasterJustificationBook_Air_Force_PB_2017.zzz_unzipped-U_PROCUREMENT_MasterJustificationBook_Air_Force_PB_2017.xml","669eef17e400acbfbeb5c5d1ae58cdd3f6dc4a1cc89036c8af26096e7fe8e9ba","0-f4746677d77c137b490a0f7780b9b0b20a6e8e6eed5cc3387b00b2ddd7a9f7f1","0-00070b652f9c4de35105a7667f6ce7c811071a708e704a8baf7ec7ab0cda12cd","root.record.ItemExhibitList.P5Item.CostElementCategoryList.Vehicles.Recurring.CostElementList.CostElement.ManufacturerList.Manufacturer.HistoryPlanningList.HistoryPlanning"
"2017-01","1","2017-BASE_PROCUREMENT-2017-AIRFORCE_AIRCRAFT_VOL1-U_PROCUREMENT_MasterJustificationBook_Air_Force_PB_2017.zzz_unzipped-U_PROCUREMENT_MasterJustificationBook_Air_Force_PB_2017.xml","669eef17e400acbfbeb5c5d1ae58cdd3f6dc4a1cc89036c8af26096e7fe8e9ba","0-a3a172dfe42c2a5eff52b339f46515a2fbd9cc266a10eaf65a69313229788edf","0-c0e65aee49d91758593cc33086306a60dd4e567e232db66f47a741a1498bd5ad","root.record.ItemExhibitList.P5Item.CostElementCategoryList.Vehicles.Recurring.CostElementList.CostElement.ManufacturerList.Manufacturer.HistoryPlanningList.HistoryPlanning"
"2017-04","1","2017-BASE_PROCUREMENT-2017-AIRFORCE_AIRCRAFT_VOL1-U_PROCUREMENT_MasterJustificationBook_Air_Force_PB_2017.zzz_unzipped-U_PROCUREMENT_MasterJustificationBook_Air_Force_PB_2017.xml","669eef17e400acbfbeb5c5d1ae58cdd3f6dc4a1cc89036c8af26096e7fe8e9ba","1-62fffb30fce7551b4689722d985fefaa0bc492009a1df69f4f5eb91c0977acc6","0-c0e65aee49d91758593cc33086306a60dd4e567e232db66f47a741a1498bd5ad","root.record.ItemExhibitList.P5Item.CostElementCategoryList.Vehicles.Recurring.CostElementList.CostElement.ManufacturerList.Manufacturer.HistoryPlanningList.HistoryPlanning"
"2017-06","1","2017-BASE_PROCUREMENT-2017-AIRFORCE_AIRCRAFT_VOL1-U_PROCUREMENT_MasterJustificationBook_Air_Force_PB_2017.zzz_unzipped-U_PROCUREMENT_MasterJustificationBook_Air_Force_PB_2017.xml","669eef17e400acbfbeb5c5d1ae58cdd3f6dc4a1cc89036c8af26096e7fe8e9ba","2-cddd679c78193619edf8d6fd89fa18f08fb7816346ddfb78033f7157c334551d","0-c0e65aee49d91758593cc33086306a60dd4e567e232db66f47a741a1498bd5ad","root.record.ItemExhibitList.P5Item.CostElementCategoryList.Vehicles.Recurring.CostElementList.CostElement.ManufacturerList.Manufacturer.HistoryPlanningList.HistoryPlanning"
"2017-04","1","2017-BASE_PROCUREMENT-2017-AIRFORCE_AIRCRAFT_VOL2-U_PROCUREMENT_MasterJustificationBook_Air_Force_PB_2017.zzz_unzipped-U_PROCUREMENT_MasterJustificationBook_Air_Force_PB_2017.xml","9605ed7828ffd68e4eba9c314ca91e834dff51a5ab9e44c5de1713497796ec59","0-6000337c33659ef2137503c0dca1e9e2c2073c2cc9150cd5612a3c656a1fb72f","0-d0c3085ea6aa957492a191418d4294c694a2361e2a90c2199f230c0dabf03a92","root.record.ItemExhibitList.P5Item.CostElementCategoryList.Vehicles.Recurring.CostElementList.CostElement.ManufacturerList.Manufacturer.HistoryPlanningList.HistoryPlanning"
"2017-01","1","2017-BASE_PROCUREMENT-2017-AIRFORCE_AIRCRAFT_VOL2-U_PROCUREMENT_MasterJustificationBook_Air_Force_PB_2017.zzz_unzipped-U_PROCUREMENT_MasterJustificationBook_Air_Force_PB_2017.xml","9605ed7828ffd68e4eba9c314ca91e834dff51a5ab9e44c5de1713497796ec59","0-fdb1334f5261f9f1ce2e07394eca31cb8e65449262d9a241b70d86635f70a5cf","0-61c06642de5c5c1c65f99a0ec881d1cce491c43d4445881640c4f3ffab18deea","root.record.ItemExhibitList.P5Item.CostElementCategoryList.Vehicles.Recurring.CostElementList.CostElement.ManufacturerList.Manufacturer.HistoryPlanningList.HistoryPlanning"
"2017-04","1","2017-BASE_PROCUREMENT-2017-AIRFORCE_AIRCRAFT_VOL2-U_PROCUREMENT_MasterJustificationBook_Air_Force_PB_2017.zzz_unzipped-U_PROCUREMENT_MasterJustificationBook_Air_Force_PB_2017.xml","9605ed7828ffd68e4eba9c314ca91e834dff51a5ab9e44c5de1713497796ec59","1-3e8ff435f463149511fe6070d35a5742818881ea7e13f31a7283405144dce799","0-61c06642de5c5c1c65f99a0ec881d1cce491c43d4445881640c4f3ffab18deea","root.record.ItemExhibitList.P5Item.CostElementCategoryList.Vehicles.Recurring.CostElementList.CostElement.ManufacturerList.Manufacturer.HistoryPlanningList.HistoryPlanning"
"2017-06","1","2017-BASE_PROCUREMENT-2017-AIRFORCE_AIRCRAFT_VOL2-U_PROCUREMENT_MasterJustificationBook_Air_Force_PB_2017.zzz_unzipped-U_PROCUREMENT_MasterJustificationBook_Air_Force_PB_2017.xml","9605ed7828ffd68e4eba9c314ca91e834dff51a5ab9e44c5de1713497796ec59","2-68421f40eadcecc36e5ab59a6e9891eef39a9117c6d05a7740bca82d1e594516","0-61c06642de5c5c1c65f99a0ec881d1cce491c43d4445881640c4f3ffab18deea","root.record.ItemExhibitList.P5Item.CostElementCategoryList.Vehicles.Recurring.CostElementList.CostElement.ManufacturerList.Manufacturer.HistoryPlanningList.HistoryPlanning"
"2022-12","1","2019-BASE_PROCUREMENT-2019-AIRFORCE_AIRCRAFT_VOL1-U_PROCUREMENT_JustificationBook_Air_Force_PB_2019.zzz_unzipped-U_PROCUREMENT_JustificationBook_Air_Force_PB_2019.xml","a591dcdfcf7a402c2264871052dd9286c3cb51812bc0b67f14b07c1cd8109fd7","0-db4bcd7d030a8ef82f67491c3e7cff098447dfcbac1efebc0b5ab32276ae0d68","0-4c3d366942a3ccf919404b1a95e5e0a891654cd0d26f16d99ee8bbf2e63ae43c","root.record.ItemExhibitList.P5Item.CostElementCategoryList.Vehicles.Recurring.CostElementList.CostElement.ManufacturerList.Manufacturer.HistoryPlanningList.HistoryPlanning"
"2023-02","1","2019-BASE_PROCUREMENT-2019-AIRFORCE_AIRCRAFT_VOL1-U_PROCUREMENT_JustificationBook_Air_Force_PB_2019.zzz_unzipped-U_PROCUREMENT_JustificationBook_Air_Force_PB_2019.xml","a591dcdfcf7a402c2264871052dd9286c3cb51812bc0b67f14b07c1cd8109fd7","0-da5a32bd5033733a3e4a744d695f7e9ba701bd2685dfe8843182d65bb716a26d","1-9f1fe2bf9cc708d89f2d77dc8bb7cf62983ab16aecff7b5f0f61491873e81e49","root.record.ItemExhibitList.P5Item.CostElementCategoryList.Vehicles.Recurring.CostElementList.CostElement.ManufacturerList.Manufacturer.HistoryPlanningList.HistoryPlanning"
"2017-11","1","2019-BASE_PROCUREMENT-2019-AIRFORCE_AIRCRAFT_VOL1-U_PROCUREMENT_JustificationBook_Air_Force_PB_2019.zzz_unzipped-U_PROCUREMENT_JustificationBook_Air_Force_PB_2019.xml","a7bee76edab57bb6622e96039d6c914aab1dbb0736a4caefd4111b976889fd0e","0-038f34eb72ff5106309712e4741974b94d59e8b86f053ec9b2f24eebdefc387e","0-c9875f85e4d7494030c5fd96f80b01947a839cb49450433cfd22abde396d0a37","root.record.ItemExhibitList.P5Item.CostElementCategoryList.Vehicles.Recurring.CostElementList.CostElement.ManufacturerList.Manufacturer.HistoryPlanningList.HistoryPlanning"
"2018-07","1","2019-BASE_PROCUREMENT-2019-AIRFORCE_AIRCRAFT_VOL1-U_PROCUREMENT_JustificationBook_Air_Force_PB_2019.zzz_unzipped-U_PROCUREMENT_JustificationBook_Air_Force_PB_2019.xml","a7bee76edab57bb6622e96039d6c914aab1dbb0736a4caefd4111b976889fd0e","1-379c4302e19b1fd5af316999b73408e8e9828afcba5dcb3db79cd06d7c11422d","0-c9875f85e4d7494030c5fd96f80b01947a839cb49450433cfd22abde396d0a37","root.record.ItemExhibitList.P5Item.CostElementCategoryList.Vehicles.Recurring.CostElementList.CostElement.ManufacturerList.Manufacturer.HistoryPlanningList.HistoryPlanning"
"2018-08","1","2019-BASE_PROCUREMENT-2019-AIRFORCE_AIRCRAFT_VOL1-U_PROCUREMENT_JustificationBook_Air_Force_PB_2019.zzz_unzipped-U_PROCUREMENT_JustificationBook_Air_Force_PB_2019.xml","a7bee76edab57bb6622e96039d6c914aab1dbb0736a4caefd4111b976889fd0e","2-4e0799109c3ef2fff87f2f881eb649748c0dc5b8a5ebb8a69b3ef8d2ad66f3ca","0-c9875f85e4d7494030c5fd96f80b01947a839cb49450433cfd22abde396d0a37","root.record.ItemExhibitList.P5Item.CostElementCategoryList.Vehicles.Recurring.CostElementList.CostElement.ManufacturerList.Manufacturer.HistoryPlanningList.HistoryPlanning"
"2022-12","1","2019-BASE_PROCUREMENT-2019-AIRFORCE_AIRCRAFT_VOL2-U_PROCUREMENT_MasterJustificationBook_Air_Force_PB_2019.zzz_unzipped-U_PROCUREMENT_MasterJustificationBook_Air_Force_PB_2019.xml","05f36df23affdc21dfc3cefcdfa407fdb3e501809d6c1d183092bc441677ebd0","0-608654e652c0a32bc4726e304703956537f731c44c3a6c4f3dde411558be3f8f","0-04bb36eff617ee71e20e602add20f27d20111276e67a7b3d9623622ec6ec5f14","root.record.ItemExhibitList.P5Item.CostElementCategoryList.Vehicles.Recurring.CostElementList.CostElement.ManufacturerList.Manufacturer.HistoryPlanningList.HistoryPlanning"
"2023-02","1","2019-BASE_PROCUREMENT-2019-AIRFORCE_AIRCRAFT_VOL2-U_PROCUREMENT_MasterJustificationBook_Air_Force_PB_2019.zzz_unzipped-U_PROCUREMENT_MasterJustificationBook_Air_Force_PB_2019.xml","05f36df23affdc21dfc3cefcdfa407fdb3e501809d6c1d183092bc441677ebd0","0-0aa9ebf23b44c7ce4fca0594f2ec5dc78373974ba04036189cb909f843491f28","1-cf4b88f2d1cb7a38dd304560c66e3b08bd532d34c2d8ae0efe8559e70fc513d9","root.record.ItemExhibitList.P5Item.CostElementCategoryList.Vehicles.Recurring.CostElementList.CostElement.ManufacturerList.Manufacturer.HistoryPlanningList.HistoryPlanning"
"2017-11","1","2019-BASE_PROCUREMENT-2019-AIRFORCE_AIRCRAFT_VOL2-U_PROCUREMENT_MasterJustificationBook_Air_Force_PB_2019.zzz_unzipped-U_PROCUREMENT_MasterJustificationBook_Air_Force_PB_2019.xml","abc4db74ab1f4ce6330e7152230a4802f710f076f9c17d8863ed18455613b877","0-a34a2bc9b6a0e64a145a567a8947b92d86636fbfba5549b7261f6aeaf3b0b80a","0-06a1be12467286bbb31c59aa4e5b97f0539cc905399abdfdb8501aa4780e2859","root.record.ItemExhibitList.P5Item.CostElementCategoryList.Vehicles.Recurring.CostElementList.CostElement.ManufacturerList.Manufacturer.HistoryPlanningList.HistoryPlanning"
"2018-07","1","2019-BASE_PROCUREMENT-2019-AIRFORCE_AIRCRAFT_VOL2-U_PROCUREMENT_MasterJustificationBook_Air_Force_PB_2019.zzz_unzipped-U_PROCUREMENT_MasterJustificationBook_Air_Force_PB_2019.xml","abc4db74ab1f4ce6330e7152230a4802f710f076f9c17d8863ed18455613b877","1-04a108012de8d4b349fef1d8174bf1f1bd05529066970d705c0c59c490c196d5","0-06a1be12467286bbb31c59aa4e5b97f0539cc905399abdfdb8501aa4780e2859","root.record.ItemExhibitList.P5Item.CostElementCategoryList.Vehicles.Recurring.CostElementList.CostElement.ManufacturerList.Manufacturer.HistoryPlanningList.HistoryPlanning"
"2018-08","1","2019-BASE_PROCUREMENT-2019-AIRFORCE_AIRCRAFT_VOL2-U_PROCUREMENT_MasterJustificationBook_Air_Force_PB_2019.zzz_unzipped-U_PROCUREMENT_MasterJustificationBook_Air_Force_PB_2019.xml","abc4db74ab1f4ce6330e7152230a4802f710f076f9c17d8863ed18455613b877","2-001ec927a7850f357bba55d8d0b663c7f5afd2f29f2eb02274c2ca6fb74532cf","0-06a1be12467286bbb31c59aa4e5b97f0539cc905399abdfdb8501aa4780e2859","root.record.ItemExhibitList.P5Item.CostElementCategoryList.Vehicles.Recurring.CostElementList.CostElement.ManufacturerList.Manufacturer.HistoryPlanningList.HistoryPlanning"
"2023-03","1","2020-BASE_PROCUREMENT-2020-AIRFORCE_AIRCRAFT_VOL1-U_PROCUREMENT_JustificationBook_Air_Force_PB_2020.zzz_unzipped-U_PROCUREMENT_JustificationBook_Air_Force_PB_2020.xml","005ddeaa4ed6e661bbe977c64adc29c5146cef98ddfdfcf229a669eb9aae562d","0-085b4d388704d6dd90ea25a56912df041ea5d866bf557d863d654a1386346eb8","0-a3a51cc8a7e8aaa4b48b61bedc582b6a2d048de9e6a6015cbd7fd5cfec292c53","root.record.ItemExhibitList.P5Item.CostElementCategoryList.Vehicles.Recurring.CostElementList.CostElement.ManufacturerList.Manufacturer.HistoryPlanningList.HistoryPlanning"
"2023-03","1","2020-BASE_PROCUREMENT-2020-AIRFORCE_AIRCRAFT_VOL1-U_PROCUREMENT_JustificationBook_Air_Force_PB_2020.zzz_unzipped-U_PROCUREMENT_JustificationBook_Air_Force_PB_2020.xml","005ddeaa4ed6e661bbe977c64adc29c5146cef98ddfdfcf229a669eb9aae562d","0-279faf860e2be5f03b6987a4909ee54acaee4a73aaf251a162f9163bee349eb8","1-95117f42478f24cb1fbb9268b8de3ba4239a1093609fdf33168be0fb911d91c5","root.record.ItemExhibitList.P5Item.CostElementCategoryList.Vehicles.Recurring.CostElementList.CostElement.ManufacturerList.Manufacturer.HistoryPlanningList.HistoryPlanning"
"2023-03","2","2020-BASE_PROCUREMENT-2020-AIRFORCE_AIRCRAFT_VOL1-U_PROCUREMENT_JustificationBook_Air_Force_PB_2020.zzz_unzipped-U_PROCUREMENT_JustificationBook_Air_Force_PB_2020.xml","005ddeaa4ed6e661bbe977c64adc29c5146cef98ddfdfcf229a669eb9aae562d","0-41f663d67a52dd7400ef0179968626395dcaab29dcbe2f77b5b31f5087c4e953","2-2e87edb7c183a1274b29f74ad26de0e16003bd4329327e82010bc72f826b40a6","root.record.ItemExhibitList.P5Item.CostElementCategoryList.Vehicles.Recurring.CostElementList.CostElement.ManufacturerList.Manufacturer.HistoryPlanningList.HistoryPlanning"
"2023-03","1","2020-BASE_PROCUREMENT-2020-AIRFORCE_AIRCRAFT_VOL1-U_PROCUREMENT_JustificationBook_Air_Force_PB_2020.zzz_unzipped-U_PROCUREMENT_JustificationBook_Air_Force_PB_2020.xml","005ddeaa4ed6e661bbe977c64adc29c5146cef98ddfdfcf229a669eb9aae562d","0-c2f12c591ebc36ece393ac5eade44290f032704bff46ff77908bfa1f35fe3526","3-8c0e02545ebb1b395e4351698fabb59962f4c7df4848e4fae4063d14b239b619","root.record.ItemExhibitList.P5Item.CostElementCategoryList.Vehicles.Recurring.CostElementList.CostElement.ManufacturerList.Manufacturer.HistoryPlanningList.HistoryPlanning"
"2023-03","1","2020-BASE_PROCUREMENT-2020-AIRFORCE_AIRCRAFT_VOL2-U_PROCUREMENT_MasterJustificationBook_Air_Force_PB_2020.zzz_unzipped-U_PROCUREMENT_MasterJustificationBook_Air_Force_PB_2020.xml","16d64327fa3f84aa8c929a4167374d7517b6cb0663b68f01ecb3d9f18a3b3e9b","0-47519e3b8f9cfd3f1d15d9a2260ff835033f71ab87c1f15d1510efd897a5cf78","0-2e91bb4230695a93c77702e89da0fb80441aee72260a4551e7842f9eb5c04755","root.record.ItemExhibitList.P5Item.CostElementCategoryList.Vehicles.Recurring.CostElementList.CostElement.ManufacturerList.Manufacturer.HistoryPlanningList.HistoryPlanning"
"2023-03","1","2020-BASE_PROCUREMENT-2020-AIRFORCE_AIRCRAFT_VOL2-U_PROCUREMENT_MasterJustificationBook_Air_Force_PB_2020.zzz_unzipped-U_PROCUREMENT_MasterJustificationBook_Air_Force_PB_2020.xml","16d64327fa3f84aa8c929a4167374d7517b6cb0663b68f01ecb3d9f18a3b3e9b","0-7bae320eacfada7bee62352c5bab89f574550406ceb0c424e1cd96e9f400ec3d","1-0f70788d7ae553761c0cb9c0b7326d8f41289fbe33ae7e22d393beecf2e5ec7a","root.record.ItemExhibitList.P5Item.CostElementCategoryList.Vehicles.Recurring.CostElementList.CostElement.ManufacturerList.Manufacturer.HistoryPlanningList.HistoryPlanning"
"2023-03","2","2020-BASE_PROCUREMENT-2020-AIRFORCE_AIRCRAFT_VOL2-U_PROCUREMENT_MasterJustificationBook_Air_Force_PB_2020.zzz_unzipped-U_PROCUREMENT_MasterJustificationBook_Air_Force_PB_2020.xml","16d64327fa3f84aa8c929a4167374d7517b6cb0663b68f01ecb3d9f18a3b3e9b","0-43704bed0ed3004ac99d9149e0692f826266cd979afa7300c9249d6cc26bf276","2-8c01b7b9fed8de581b4659e50bdf9a84501b0095a9c1dfc29690a212f87ef3b2","root.record.ItemExhibitList.P5Item.CostElementCategoryList.Vehicles.Recurring.CostElementList.CostElement.ManufacturerList.Manufacturer.HistoryPlanningList.HistoryPlanning"
"2023-03","1","2020-BASE_PROCUREMENT-2020-AIRFORCE_AIRCRAFT_VOL2-U_PROCUREMENT_MasterJustificationBook_Air_Force_PB_2020.zzz_unzipped-U_PROCUREMENT_MasterJustificationBook_Air_Force_PB_2020.xml","16d64327fa3f84aa8c929a4167374d7517b6cb0663b68f01ecb3d9f18a3b3e9b","0-3b03d0dc86fec6984fa0e7f72c15cb15e9964f68127a46980d590e29b96e85ca","3-e1d1efb8302770b65cda6d2f4f819cde700ff3f009661a74e2243ac88cf3f04c","root.record.ItemExhibitList.P5Item.CostElementCategoryList.Vehicles.Recurring.CostElementList.CostElement.ManufacturerList.Manufacturer.HistoryPlanningList.HistoryPlanning"
