Month_val,Amount_val,@SOURCE_FILENAME,@RECORDID,@ROWID,@PARENTROWID,@PARENT
"2012-06","1","2015-BASE_PROCUREMENT-2015-AIRFORCE_AIRCRAFT_VOL1-PROCUREMENT_JustificationBook_Air_Force_PB_2015.zzz_unzipped-PROCUREMENT_JustificationBook_Air_Force_PB_2015.xml","ec976f28f64d06b6cdd6198f93851889e1b9beb1edb572669f3c69e02093017a","0-e8cff99cb1003868eec5d352d85a8efcc97f0d438e6c32ceaf7be6cc1c74baba","0-c764040fcf3e31937a06401c40c2c53368db3f7ae26af2c44b8146be0a8bd769","root.record.ItemExhibitList.P5Item.CostElementCategoryList.Vehicles.Recurring.CostElementList.CostElement.ManufacturerList.Manufacturer.HistoryPlanningList.HistoryPlanning"
"2012-11","1","2015-BASE_PROCUREMENT-2015-AIRFORCE_AIRCRAFT_VOL1-PROCUREMENT_JustificationBook_Air_Force_PB_2015.zzz_unzipped-PROCUREMENT_JustificationBook_Air_Force_PB_2015.xml","ec976f28f64d06b6cdd6198f93851889e1b9beb1edb572669f3c69e02093017a","1-514597bd1aa7121e85c88fa5caa14ff1db1783463bc0cec8eebbbdb16f5732b2","0-c764040fcf3e31937a06401c40c2c53368db3f7ae26af2c44b8146be0a8bd769","root.record.ItemExhibitList.P5Item.CostElementCategoryList.Vehicles.Recurring.CostElementList.CostElement.ManufacturerList.Manufacturer.HistoryPlanningList.HistoryPlanning"
"2013-11","1","2015-BASE_PROCUREMENT-2015-AIRFORCE_AIRCRAFT_VOL1-PROCUREMENT_JustificationBook_Air_Force_PB_2015.zzz_unzipped-PROCUREMENT_JustificationBook_Air_Force_PB_2015.xml","ec976f28f64d06b6cdd6198f93851889e1b9beb1edb572669f3c69e02093017a","0-70e71682437d5747adba7a5ae0467364778640cea2612d4b65d981784fbe05ad","1-ad2c461ff034a26ff25b6379bb4ebdd11dc646f72fa61b4af264595fb1c36708","root.record.ItemExhibitList.P5Item.CostElementCategoryList.Vehicles.Recurring.CostElementList.CostElement.ManufacturerList.Manufacturer.HistoryPlanningList.HistoryPlanning"
"2014-07","1","2015-BASE_PROCUREMENT-2015-AIRFORCE_AIRCRAFT_VOL1-PROCUREMENT_JustificationBook_Air_Force_PB_2015.zzz_unzipped-PROCUREMENT_JustificationBook_Air_Force_PB_2015.xml","ec976f28f64d06b6cdd6198f93851889e1b9beb1edb572669f3c69e02093017a","1-4b800144a821ff0c43e045d9ae4a166332a6330f1108c2433f63d32624d64155","1-ad2c461ff034a26ff25b6379bb4ebdd11dc646f72fa61b4af264595fb1c36708","root.record.ItemExhibitList.P5Item.CostElementCategoryList.Vehicles.Recurring.CostElementList.CostElement.ManufacturerList.Manufacturer.HistoryPlanningList.HistoryPlanning"
"2017-01","1","2015-BASE_PROCUREMENT-2015-AIRFORCE_AIRCRAFT_VOL1-PROCUREMENT_JustificationBook_Air_Force_PB_2015.zzz_unzipped-PROCUREMENT_JustificationBook_Air_Force_PB_2015.xml","ec976f28f64d06b6cdd6198f93851889e1b9beb1edb572669f3c69e02093017a","0-16b7d18e5e79e78d6b450f9ae1d049cecdcd35a97fef250ddda410745d557e08","2-221a882537ebc9e2d4f2574986f792aec22696f49620d25e558b0df7d3ed24d0","root.record.ItemExhibitList.P5Item.CostElementCategoryList.Vehicles.Recurring.CostElementList.CostElement.ManufacturerList.Manufacturer.HistoryPlanningList.HistoryPlanning"
"2017-04","1","2015-BASE_PROCUREMENT-2015-AIRFORCE_AIRCRAFT_VOL1-PROCUREMENT_JustificationBook_Air_Force_PB_2015.zzz_unzipped-PROCUREMENT_JustificationBook_Air_Force_PB_2015.xml","ec976f28f64d06b6cdd6198f93851889e1b9beb1edb572669f3c69e02093017a","1-c3d7f37ac4c1e3577e944beaf15f0fb6397676a1e369ffa20a9efbd0790a2918","2-221a882537ebc9e2d4f2574986f792aec22696f49620d25e558b0df7d3ed24d0","root.record.ItemExhibitList.P5Item.CostElementCategoryList.Vehicles.Recurring.CostElementList.CostElement.ManufacturerList.Manufacturer.HistoryPlanningList.HistoryPlanning"
"2017-06","1","2015-BASE_PROCUREMENT-2015-AIRFORCE_AIRCRAFT_VOL1-PROCUREMENT_JustificationBook_Air_Force_PB_2015.zzz_unzipped-PROCUREMENT_JustificationBook_Air_Force_PB_2015.xml","ec976f28f64d06b6cdd6198f93851889e1b9beb1edb572669f3c69e02093017a","2-ae4f3eaa265661fedd863dc3744573f0cfc07bb0cd67861c11c9f06a791665d3","2-221a882537ebc9e2d4f2574986f792aec22696f49620d25e558b0df7d3ed24d0","root.record.ItemExhibitList.P5Item.CostElementCategoryList.Vehicles.Recurring.CostElementList.CostElement.ManufacturerList.Manufacturer.HistoryPlanningList.HistoryPlanning"
"2013-02","1","2015-BASE_PROCUREMENT-2015-AIRFORCE_AIRCRAFT_VOL1-PROCUREMENT_JustificationBook_Air_Force_PB_2015.zzz_unzipped-PROCUREMENT_JustificationBook_Air_Force_PB_2015.xml","ec976f28f64d06b6cdd6198f93851889e1b9beb1edb572669f3c69e02093017a","0-917f161193c8544b52ce6dc4ff711e59387715ded63870a221cc2405cd48ae95","0-b40a926e88de9e167028d4f14ea4e55514899b9a4f0f4b8247f7693e1fa2b4f7","root.record.ItemExhibitList.P5Item.CostElementCategoryList.Vehicles.Recurring.CostElementList.CostElement.ManufacturerList.Manufacturer.HistoryPlanningList.HistoryPlanning"
"2013-08","1","2015-BASE_PROCUREMENT-2015-AIRFORCE_AIRCRAFT_VOL1-PROCUREMENT_JustificationBook_Air_Force_PB_2015.zzz_unzipped-PROCUREMENT_JustificationBook_Air_Force_PB_2015.xml","ec976f28f64d06b6cdd6198f93851889e1b9beb1edb572669f3c69e02093017a","1-04b91b2d544b4b56754261b6ccff1440eeff4b44b67b9ee6ba3e601ba1508320","0-b40a926e88de9e167028d4f14ea4e55514899b9a4f0f4b8247f7693e1fa2b4f7","root.record.ItemExhibitList.P5Item.CostElementCategoryList.Vehicles.Recurring.CostElementList.CostElement.ManufacturerList.Manufacturer.HistoryPlanningList.HistoryPlanning"
"2014-04","1","2015-BASE_PROCUREMENT-2015-AIRFORCE_AIRCRAFT_VOL1-PROCUREMENT_JustificationBook_Air_Force_PB_2015.zzz_unzipped-PROCUREMENT_JustificationBook_Air_Force_PB_2015.xml","ec976f28f64d06b6cdd6198f93851889e1b9beb1edb572669f3c69e02093017a","0-005085464e2c9598064b6e4c1910d2364d1ce24b22f310c496e20fbf0bbfbaab","1-b403547f0c517301d9ba35e5459d895e1c0b367fe7c3eebe809ff44db8e49214","root.record.ItemExhibitList.P5Item.CostElementCategoryList.Vehicles.Recurring.CostElementList.CostElement.ManufacturerList.Manufacturer.HistoryPlanningList.HistoryPlanning"
"2014-08","1","2015-BASE_PROCUREMENT-2015-AIRFORCE_AIRCRAFT_VOL1-PROCUREMENT_JustificationBook_Air_Force_PB_2015.zzz_unzipped-PROCUREMENT_JustificationBook_Air_Force_PB_2015.xml","ec976f28f64d06b6cdd6198f93851889e1b9beb1edb572669f3c69e02093017a","1-2fe823bf11cdfa7dc829d7d5b2f3deba72ed04837b785778ce900c4e0fda94ac","1-b403547f0c517301d9ba35e5459d895e1c0b367fe7c3eebe809ff44db8e49214","root.record.ItemExhibitList.P5Item.CostElementCategoryList.Vehicles.Recurring.CostElementList.CostElement.ManufacturerList.Manufacturer.HistoryPlanningList.HistoryPlanning"
"2012-06","1","2015-BASE_PROCUREMENT-2015-AIRFORCE_AIRCRAFT_VOL2-PROCUREMENT_MasterJustificationBook_Air_Force_PB_2015.zzz_unzipped-PROCUREMENT_MasterJustificationBook_Air_Force_PB_2015.xml","16648ff2f063095212525067f95f94d1ab1e5d0f22d30259c24225f3f227ab5f","0-6ff8b67b553a495b5a1086be5fb1144b499a674408dc53b80ca5eda067a58c0f","0-9e2530cba362f6468cd504cca93eae4308e1d2f7e6977f93274d602f3efff2ad","root.record.ItemExhibitList.P5Item.CostElementCategoryList.Vehicles.Recurring.CostElementList.CostElement.ManufacturerList.Manufacturer.HistoryPlanningList.HistoryPlanning"
"2012-11","1","2015-BASE_PROCUREMENT-2015-AIRFORCE_AIRCRAFT_VOL2-PROCUREMENT_MasterJustificationBook_Air_Force_PB_2015.zzz_unzipped-PROCUREMENT_MasterJustificationBook_Air_Force_PB_2015.xml","16648ff2f063095212525067f95f94d1ab1e5d0f22d30259c24225f3f227ab5f","1-32cb36b5cb57bacc7773474f6e7031c5aa38d44fcf2ccabe4f5c39990a46a2eb","0-9e2530cba362f6468cd504cca93eae4308e1d2f7e6977f93274d602f3efff2ad","root.record.ItemExhibitList.P5Item.CostElementCategoryList.Vehicles.Recurring.CostElementList.CostElement.ManufacturerList.Manufacturer.HistoryPlanningList.HistoryPlanning"
"2013-11","1","2015-BASE_PROCUREMENT-2015-AIRFORCE_AIRCRAFT_VOL2-PROCUREMENT_MasterJustificationBook_Air_Force_PB_2015.zzz_unzipped-PROCUREMENT_MasterJustificationBook_Air_Force_PB_2015.xml","16648ff2f063095212525067f95f94d1ab1e5d0f22d30259c24225f3f227ab5f","0-2492818187c5ebc2669b7bff43d0fbda2fe236017d0365a8e5207c9112988839","1-1c6b7576b906b25764b6ffef3494354183fcc21cad060f2980b3f329dd50333a","root.record.ItemExhibitList.P5Item.CostElementCategoryList.Vehicles.Recurring.CostElementList.CostElement.ManufacturerList.Manufacturer.HistoryPlanningList.HistoryPlanning"
"2014-07","1","2015-BASE_PROCUREMENT-2015-AIRFORCE_AIRCRAFT_VOL2-PROCUREMENT_MasterJustificationBook_Air_Force_PB_2015.zzz_unzipped-PROCUREMENT_MasterJustificationBook_Air_Force_PB_2015.xml","16648ff2f063095212525067f95f94d1ab1e5d0f22d30259c24225f3f227ab5f","1-98da019060c9517bea7ab2bc3a712c760d73f92c1d354e581fc99058a0344c30","1-1c6b7576b906b25764b6ffef3494354183fcc21cad060f2980b3f329dd50333a","root.record.ItemExhibitList.P5Item.CostElementCategoryList.Vehicles.Recurring.CostElementList.CostElement.ManufacturerList.Manufacturer.HistoryPlanningList.HistoryPlanning"
"2017-01","1","2015-BASE_PROCUREMENT-2015-AIRFORCE_AIRCRAFT_VOL2-PROCUREMENT_MasterJustificationBook_Air_Force_PB_2015.zzz_unzipped-PROCUREMENT_MasterJustificationBook_Air_Force_PB_2015.xml","16648ff2f063095212525067f95f94d1ab1e5d0f22d30259c24225f3f227ab5f","0-6cf744dc243373d2f8a64177f29da3de540a7b800f72d15b4623d55d0de81116","2-60c9b6d79c20b467e52143337c40ec7f3841c8411224d85b9e1f80b44d5e51e9","root.record.ItemExhibitList.P5Item.CostElementCategoryList.Vehicles.Recurring.CostElementList.CostElement.ManufacturerList.Manufacturer.HistoryPlanningList.HistoryPlanning"
"2017-04","1","2015-BASE_PROCUREMENT-2015-AIRFORCE_AIRCRAFT_VOL2-PROCUREMENT_MasterJustificationBook_Air_Force_PB_2015.zzz_unzipped-PROCUREMENT_MasterJustificationBook_Air_Force_PB_2015.xml","16648ff2f063095212525067f95f94d1ab1e5d0f22d30259c24225f3f227ab5f","1-379ef0ca1da344788ae9506ff019dd6baa7314bc160388c628f3af87f74fa1a8","2-60c9b6d79c20b467e52143337c40ec7f3841c8411224d85b9e1f80b44d5e51e9","root.record.ItemExhibitList.P5Item.CostElementCategoryList.Vehicles.Recurring.CostElementList.CostElement.ManufacturerList.Manufacturer.HistoryPlanningList.HistoryPlanning"
"2017-06","1","2015-BASE_PROCUREMENT-2015-AIRFORCE_AIRCRAFT_VOL2-PROCUREMENT_MasterJustificationBook_Air_Force_PB_2015.zzz_unzipped-PROCUREMENT_MasterJustificationBook_Air_Force_PB_2015.xml","16648ff2f063095212525067f95f94d1ab1e5d0f22d30259c24225f3f227ab5f","2-97bb2dc7d7d3ab76a0a49c2e641baf389beea64964adfb2dab350c0d3b9c557a","2-60c9b6d79c20b467e52143337c40ec7f3841c8411224d85b9e1f80b44d5e51e9","root.record.ItemExhibitList.P5Item.CostElementCategoryList.Vehicles.Recurring.CostElementList.CostElement.ManufacturerList.Manufacturer.HistoryPlanningList.HistoryPlanning"
"2013-02","1","2015-BASE_PROCUREMENT-2015-AIRFORCE_AIRCRAFT_VOL2-PROCUREMENT_MasterJustificationBook_Air_Force_PB_2015.zzz_unzipped-PROCUREMENT_MasterJustificationBook_Air_Force_PB_2015.xml","16648ff2f063095212525067f95f94d1ab1e5d0f22d30259c24225f3f227ab5f","0-716ba81a598a0074f6dde19d39ac01858a8bf83ec41c24da326cd832e44dd6bf","0-a7d03f2f073025f72b472e9552cb7bf15a9a3cf06544f4a19f7317e9f19a7ad8","root.record.ItemExhibitList.P5Item.CostElementCategoryList.Vehicles.Recurring.CostElementList.CostElement.ManufacturerList.Manufacturer.HistoryPlanningList.HistoryPlanning"
"2013-08","1","2015-BASE_PROCUREMENT-2015-AIRFORCE_AIRCRAFT_VOL2-PROCUREMENT_MasterJustificationBook_Air_Force_PB_2015.zzz_unzipped-PROCUREMENT_MasterJustificationBook_Air_Force_PB_2015.xml","16648ff2f063095212525067f95f94d1ab1e5d0f22d30259c24225f3f227ab5f","1-188af952c0422492b43b1fd552e945d05f606fa6f6861fbbc8cf4266261ca7d6","0-a7d03f2f073025f72b472e9552cb7bf15a9a3cf06544f4a19f7317e9f19a7ad8","root.record.ItemExhibitList.P5Item.CostElementCategoryList.Vehicles.Recurring.CostElementList.CostElement.ManufacturerList.Manufacturer.HistoryPlanningList.HistoryPlanning"
"2014-04","1","2015-BASE_PROCUREMENT-2015-AIRFORCE_AIRCRAFT_VOL2-PROCUREMENT_MasterJustificationBook_Air_Force_PB_2015.zzz_unzipped-PROCUREMENT_MasterJustificationBook_Air_Force_PB_2015.xml","16648ff2f063095212525067f95f94d1ab1e5d0f22d30259c24225f3f227ab5f","0-fc87624b7606f9c9a9c66e0de71124437a1a655bc331eefe2cd22d0a510363c9","1-8710143a63c81de785c3dd4a1699f537db8ed356a22c97dd3fcb5d5a68344828","root.record.ItemExhibitList.P5Item.CostElementCategoryList.Vehicles.Recurring.CostElementList.CostElement.ManufacturerList.Manufacturer.HistoryPlanningList.HistoryPlanning"
"2014-08","1","2015-BASE_PROCUREMENT-2015-AIRFORCE_AIRCRAFT_VOL2-PROCUREMENT_MasterJustificationBook_Air_Force_PB_2015.zzz_unzipped-PROCUREMENT_MasterJustificationBook_Air_Force_PB_2015.xml","16648ff2f063095212525067f95f94d1ab1e5d0f22d30259c24225f3f227ab5f","1-e2d61229e894b0048effd553e8d9f3caf9e7e2009236e544ab7dc41be2bce571","1-8710143a63c81de785c3dd4a1699f537db8ed356a22c97dd3fcb5d5a68344828","root.record.ItemExhibitList.P5Item.CostElementCategoryList.Vehicles.Recurring.CostElementList.CostElement.ManufacturerList.Manufacturer.HistoryPlanningList.HistoryPlanning"
"2017-04","1","2016-BASE_PROCUREMENT-2016-AIRFORCE_AIRCRAFT_VOL1-PROCUREMENT_JustificationBook_Air_Force_PB_2016.zzz_unzipped-PROCUREMENT_JustificationBook_Air_Force_PB_2016.xml","6feb0208aa26d6550229bdf370d3886d34e07818e615e22e029c46fb827c9409","0-fc78ddb67b6f27ee0948fa908fb310e61422bb99e67a0a1bf59603eb64d7e0bf","0-fb7cfc652c5b3c16846ba860b8959d1e691394b92edc0a2cba6b68d431ccabc4","root.record.ItemExhibitList.P5Item.CostElementCategoryList.Vehicles.Recurring.CostElementList.CostElement.ManufacturerList.Manufacturer.HistoryPlanningList.HistoryPlanning"
"2018-04","1","2016-BASE_PROCUREMENT-2016-AIRFORCE_AIRCRAFT_VOL1-PROCUREMENT_JustificationBook_Air_Force_PB_2016.zzz_unzipped-PROCUREMENT_JustificationBook_Air_Force_PB_2016.xml","6feb0208aa26d6550229bdf370d3886d34e07818e615e22e029c46fb827c9409","0-13ec343efd424f60d402ee2a45c15bf745057974bcd0ec52976d82dddce4ed17","1-49fa7addb239b1c3d538bfbf23260d35866fd1bba16a5267ee9d5db46208040c","root.record.ItemExhibitList.P5Item.CostElementCategoryList.Vehicles.Recurring.CostElementList.CostElement.ManufacturerList.Manufacturer.HistoryPlanningList.HistoryPlanning"
"2017-01","1","2016-BASE_PROCUREMENT-2016-AIRFORCE_AIRCRAFT_VOL1-PROCUREMENT_JustificationBook_Air_Force_PB_2016.zzz_unzipped-PROCUREMENT_JustificationBook_Air_Force_PB_2016.xml","6feb0208aa26d6550229bdf370d3886d34e07818e615e22e029c46fb827c9409","0-c564856997811a995e8e2e643cc2c58ee292fece8b902a7f7cf1e459af08dfb5","0-99ef66aac4c24dc827db4a6cd6e64bf4a52b3302156b5ed16cd60526a350f0ff","root.record.ItemExhibitList.P5Item.CostElementCategoryList.Vehicles.Recurring.CostElementList.CostElement.ManufacturerList.Manufacturer.HistoryPlanningList.HistoryPlanning"
"2017-04","1","2016-BASE_PROCUREMENT-2016-AIRFORCE_AIRCRAFT_VOL1-PROCUREMENT_JustificationBook_Air_Force_PB_2016.zzz_unzipped-PROCUREMENT_JustificationBook_Air_Force_PB_2016.xml","6feb0208aa26d6550229bdf370d3886d34e07818e615e22e029c46fb827c9409","1-88601f5e57dc31a685c86a539db23a51622f3fcb8d36597f3facfbd801ebc432","0-99ef66aac4c24dc827db4a6cd6e64bf4a52b3302156b5ed16cd60526a350f0ff","root.record.ItemExhibitList.P5Item.CostElementCategoryList.Vehicles.Recurring.CostElementList.CostElement.ManufacturerList.Manufacturer.HistoryPlanningList.HistoryPlanning"
"2017-06","1","2016-BASE_PROCUREMENT-2016-AIRFORCE_AIRCRAFT_VOL1-PROCUREMENT_JustificationBook_Air_Force_PB_2016.zzz_unzipped-PROCUREMENT_JustificationBook_Air_Force_PB_2016.xml","6feb0208aa26d6550229bdf370d3886d34e07818e615e22e029c46fb827c9409","2-6737b243c906d3e5dd665384adab4fdd18c88a43f679aff82b0badeb8111dc5c","0-99ef66aac4c24dc827db4a6cd6e64bf4a52b3302156b5ed16cd60526a350f0ff","root.record.ItemExhibitList.P5Item.CostElementCategoryList.Vehicles.Recurring.CostElementList.CostElement.ManufacturerList.Manufacturer.HistoryPlanningList.HistoryPlanning"
"2017-04","1","2016-BASE_PROCUREMENT-2016-AIRFORCE_AIRCRAFT_VOL2-PROCUREMENT_MasterJustificationBook_Air_Force_PB_2016.zzz_unzipped-PROCUREMENT_MasterJustificationBook_Air_Force_PB_2016.xml","0bd719ef621e4942ddcec6c35d76388658f5b2fe25e160e294e9186a3aa77111","0-95823c7e5073d9b65b6c23c60f830bab98533789ef0eb831a0e466b3ebe575ad","0-b8da522c3cbc8f0c62b4621bea9196087b89ff6b351d2dff824deaaea8e8b0d9","root.record.ItemExhibitList.P5Item.CostElementCategoryList.Vehicles.Recurring.CostElementList.CostElement.ManufacturerList.Manufacturer.HistoryPlanningList.HistoryPlanning"
"2018-04","1","2016-BASE_PROCUREMENT-2016-AIRFORCE_AIRCRAFT_VOL2-PROCUREMENT_MasterJustificationBook_Air_Force_PB_2016.zzz_unzipped-PROCUREMENT_MasterJustificationBook_Air_Force_PB_2016.xml","0bd719ef621e4942ddcec6c35d76388658f5b2fe25e160e294e9186a3aa77111","0-c9600fb6184735a609ac6b739f90498b9c91b679702e0747397af28b1a54908a","1-0df7d74e3cd5526fc5d615cc95691e00e6c92c146cc25babe18f7aeb63ad339e","root.record.ItemExhibitList.P5Item.CostElementCategoryList.Vehicles.Recurring.CostElementList.CostElement.ManufacturerList.Manufacturer.HistoryPlanningList.HistoryPlanning"
"2017-01","1","2016-BASE_PROCUREMENT-2016-AIRFORCE_AIRCRAFT_VOL2-PROCUREMENT_MasterJustificationBook_Air_Force_PB_2016.zzz_unzipped-PROCUREMENT_MasterJustificationBook_Air_Force_PB_2016.xml","0bd719ef621e4942ddcec6c35d76388658f5b2fe25e160e294e9186a3aa77111","0-414fd7f761ece56f842043404cb2c6f778990febde1430c985affe233a6efb15","0-d601fed877bb09f9cea7795c854b692eeb83d1689ac7fda550ff8e92a8305c68","root.record.ItemExhibitList.P5Item.CostElementCategoryList.Vehicles.Recurring.CostElementList.CostElement.ManufacturerList.Manufacturer.HistoryPlanningList.HistoryPlanning"
"2017-04","1","2016-BASE_PROCUREMENT-2016-AIRFORCE_AIRCRAFT_VOL2-PROCUREMENT_MasterJustificationBook_Air_Force_PB_2016.zzz_unzipped-PROCUREMENT_MasterJustificationBook_Air_Force_PB_2016.xml","0bd719ef621e4942ddcec6c35d76388658f5b2fe25e160e294e9186a3aa77111","1-05d5d852c031949a4dbc08ad6c2c5be79a56a85f61478be82338bb45eeadb15e","0-d601fed877bb09f9cea7795c854b692eeb83d1689ac7fda550ff8e92a8305c68","root.record.ItemExhibitList.P5Item.CostElementCategoryList.Vehicles.Recurring.CostElementList.CostElement.ManufacturerList.Manufacturer.HistoryPlanningList.HistoryPlanning"
"2017-06","1","2016-BASE_PROCUREMENT-2016-AIRFORCE_AIRCRAFT_VOL2-PROCUREMENT_MasterJustificationBook_Air_Force_PB_2016.zzz_unzipped-PROCUREMENT_MasterJustificationBook_Air_Force_PB_2016.xml","0bd719ef621e4942ddcec6c35d76388658f5b2fe25e160e294e9186a3aa77111","2-5f37ca1c2668e86fead768d8fe0502615ee6ec15eb66ace8a333e73524a73448","0-d601fed877bb09f9cea7795c854b692eeb83d1689ac7fda550ff8e92a8305c68","root.record.ItemExhibitList.P5Item.CostElementCategoryList.Vehicles.Recurring.CostElementList.CostElement.ManufacturerList.Manufacturer.HistoryPlanningList.HistoryPlanning"
"2017-04","1","2017-BASE_PROCUREMENT-2017-AIRFORCE_AIRCRAFT_VOL1-U_PROCUREMENT_JustificationBook_Air_Force_PB_2017.zzz_unzipped-U_PROCUREMENT_JustificationBook_Air_Force_PB_2017.xml","81dc98969cc058d3b6f1ff5aa54a0e25b6c25eea9f72e3b6dfd8300acd9e0625","0-1d818070d5f0fbc9a61c54a44dcf94628dacebec383bcd34df4355a052e2129a","0-1bbc74a37640ce6a87b7e8d8f0322f5a5d833481253d6039b87a35b03105fb9d","root.record.ItemExhibitList.P5Item.CostElementCategoryList.Vehicles.Recurring.CostElementList.CostElement.ManufacturerList.Manufacturer.HistoryPlanningList.HistoryPlanning"
"2017-01","1","2017-BASE_PROCUREMENT-2017-AIRFORCE_AIRCRAFT_VOL1-U_PROCUREMENT_JustificationBook_Air_Force_PB_2017.zzz_unzipped-U_PROCUREMENT_JustificationBook_Air_Force_PB_2017.xml","81dc98969cc058d3b6f1ff5aa54a0e25b6c25eea9f72e3b6dfd8300acd9e0625","0-a649529a261a16d00369e359f86c8a729236ed7bb11bf8985690f3b1e9b85e8b","0-bbc70fb598fef1e076381c10c6d12fda4bbc3e44873c40963b1d6c07c16ed371","root.record.ItemExhibitList.P5Item.CostElementCategoryList.Vehicles.Recurring.CostElementList.CostElement.ManufacturerList.Manufacturer.HistoryPlanningList.HistoryPlanning"
"2017-04","1","2017-BASE_PROCUREMENT-2017-AIRFORCE_AIRCRAFT_VOL1-U_PROCUREMENT_JustificationBook_Air_Force_PB_2017.zzz_unzipped-U_PROCUREMENT_JustificationBook_Air_Force_PB_2017.xml","81dc98969cc058d3b6f1ff5aa54a0e25b6c25eea9f72e3b6dfd8300acd9e0625","1-504ca80807d9d0f438d867bc67d012e6d31b81d6e66206f2438383e2b9bf8337","0-bbc70fb598fef1e076381c10c6d12fda4bbc3e44873c40963b1d6c07c16ed371","root.record.ItemExhibitList.P5Item.CostElementCategoryList.Vehicles.Recurring.CostElementList.CostElement.ManufacturerList.Manufacturer.HistoryPlanningList.HistoryPlanning"
"2017-06","1","2017-BASE_PROCUREMENT-2017-AIRFORCE_AIRCRAFT_VOL1-U_PROCUREMENT_JustificationBook_Air_Force_PB_2017.zzz_unzipped-U_PROCUREMENT_JustificationBook_Air_Force_PB_2017.xml","81dc98969cc058d3b6f1ff5aa54a0e25b6c25eea9f72e3b6dfd8300acd9e0625","2-66224a7bf0423316e99d0e5684c061d3c9ae74ebf49a4ed81ce8ad133611f430","0-bbc70fb598fef1e076381c10c6d12fda4bbc3e44873c40963b1d6c07c16ed371","root.record.ItemExhibitList.P5Item.CostElementCategoryList.Vehicles.Recurring.CostElementList.CostElement.ManufacturerList.Manufacturer.HistoryPlanningList.HistoryPlanning"
"2017-04","1","2017-BASE_PROCUREMENT-2017-AIRFORCE_AIRCRAFT_VOL1-U_PROCUREMENT_MasterJustificationBook_Air_Force_PB_2017.zzz_unzipped-U_PROCUREMENT_MasterJustificationBook_Air_Force_PB_2017.xml","669eef17e400acbfbeb5c5d1ae58cdd3f6dc4a1cc89036c8af26096e7fe8e9ba","0-fd24598e8f617f6237ad026852370d97dd41f8885450c7d58af582353d0b4848","0-f371b9e1ad658cb0b19447aab0c746a9377a8efcc028892d63cc16aab189425c","root.record.ItemExhibitList.P5Item.CostElementCategoryList.Vehicles.Recurring.CostElementList.CostElement.ManufacturerList.Manufacturer.HistoryPlanningList.HistoryPlanning"
"2017-01","1","2017-BASE_PROCUREMENT-2017-AIRFORCE_AIRCRAFT_VOL1-U_PROCUREMENT_MasterJustificationBook_Air_Force_PB_2017.zzz_unzipped-U_PROCUREMENT_MasterJustificationBook_Air_Force_PB_2017.xml","669eef17e400acbfbeb5c5d1ae58cdd3f6dc4a1cc89036c8af26096e7fe8e9ba","0-12f3c452df5bb4a3e61473b54fdb489fc306e856c702b81b0d75d6dcb50bdb77","0-24e4a5ae22e1d274f5c41f6dc0f87def56a1584bd042379c146512ad0cf1a2a7","root.record.ItemExhibitList.P5Item.CostElementCategoryList.Vehicles.Recurring.CostElementList.CostElement.ManufacturerList.Manufacturer.HistoryPlanningList.HistoryPlanning"
"2017-04","1","2017-BASE_PROCUREMENT-2017-AIRFORCE_AIRCRAFT_VOL1-U_PROCUREMENT_MasterJustificationBook_Air_Force_PB_2017.zzz_unzipped-U_PROCUREMENT_MasterJustificationBook_Air_Force_PB_2017.xml","669eef17e400acbfbeb5c5d1ae58cdd3f6dc4a1cc89036c8af26096e7fe8e9ba","1-8393b2a6393af40458454685c48ee64a0e71c5780c0896d5558a3c52499db3ad","0-24e4a5ae22e1d274f5c41f6dc0f87def56a1584bd042379c146512ad0cf1a2a7","root.record.ItemExhibitList.P5Item.CostElementCategoryList.Vehicles.Recurring.CostElementList.CostElement.ManufacturerList.Manufacturer.HistoryPlanningList.HistoryPlanning"
"2017-06","1","2017-BASE_PROCUREMENT-2017-AIRFORCE_AIRCRAFT_VOL1-U_PROCUREMENT_MasterJustificationBook_Air_Force_PB_2017.zzz_unzipped-U_PROCUREMENT_MasterJustificationBook_Air_Force_PB_2017.xml","669eef17e400acbfbeb5c5d1ae58cdd3f6dc4a1cc89036c8af26096e7fe8e9ba","2-16068b1e58a3b92c4c0f10e0d661cb2e20ad774aea4c81181e329d1a3d9895ae","0-24e4a5ae22e1d274f5c41f6dc0f87def56a1584bd042379c146512ad0cf1a2a7","root.record.ItemExhibitList.P5Item.CostElementCategoryList.Vehicles.Recurring.CostElementList.CostElement.ManufacturerList.Manufacturer.HistoryPlanningList.HistoryPlanning"
"2017-04","1","2017-BASE_PROCUREMENT-2017-AIRFORCE_AIRCRAFT_VOL2-U_PROCUREMENT_MasterJustificationBook_Air_Force_PB_2017.zzz_unzipped-U_PROCUREMENT_MasterJustificationBook_Air_Force_PB_2017.xml","9605ed7828ffd68e4eba9c314ca91e834dff51a5ab9e44c5de1713497796ec59","0-3001a2ba80c42972175820f63d9b0cf3d01e876b4e0e8908cd2e409e686ad49c","0-ff2d4b74cb66736d9f9ea6e439a820d6c88141bccf342912c7e8287822a47d9f","root.record.ItemExhibitList.P5Item.CostElementCategoryList.Vehicles.Recurring.CostElementList.CostElement.ManufacturerList.Manufacturer.HistoryPlanningList.HistoryPlanning"
"2017-01","1","2017-BASE_PROCUREMENT-2017-AIRFORCE_AIRCRAFT_VOL2-U_PROCUREMENT_MasterJustificationBook_Air_Force_PB_2017.zzz_unzipped-U_PROCUREMENT_MasterJustificationBook_Air_Force_PB_2017.xml","9605ed7828ffd68e4eba9c314ca91e834dff51a5ab9e44c5de1713497796ec59","0-625eccd81c136d7c66ed7abd41f730510279dc07183f06c0a0af8e477d686664","0-e8242dfbe2f0c3e1b2ed1ebbb1d59bfd130de622d57593a7105fcc96d173c8f1","root.record.ItemExhibitList.P5Item.CostElementCategoryList.Vehicles.Recurring.CostElementList.CostElement.ManufacturerList.Manufacturer.HistoryPlanningList.HistoryPlanning"
"2017-04","1","2017-BASE_PROCUREMENT-2017-AIRFORCE_AIRCRAFT_VOL2-U_PROCUREMENT_MasterJustificationBook_Air_Force_PB_2017.zzz_unzipped-U_PROCUREMENT_MasterJustificationBook_Air_Force_PB_2017.xml","9605ed7828ffd68e4eba9c314ca91e834dff51a5ab9e44c5de1713497796ec59","1-3c1b5e806afe16b6bea754e06e4755192ea276e3a88fc5a980c9b45364980609","0-e8242dfbe2f0c3e1b2ed1ebbb1d59bfd130de622d57593a7105fcc96d173c8f1","root.record.ItemExhibitList.P5Item.CostElementCategoryList.Vehicles.Recurring.CostElementList.CostElement.ManufacturerList.Manufacturer.HistoryPlanningList.HistoryPlanning"
"2017-06","1","2017-BASE_PROCUREMENT-2017-AIRFORCE_AIRCRAFT_VOL2-U_PROCUREMENT_MasterJustificationBook_Air_Force_PB_2017.zzz_unzipped-U_PROCUREMENT_MasterJustificationBook_Air_Force_PB_2017.xml","9605ed7828ffd68e4eba9c314ca91e834dff51a5ab9e44c5de1713497796ec59","2-c259d69cdf92ef343cdbd471c73ac158697cb3d34e96dd65cae5e5ff21179726","0-e8242dfbe2f0c3e1b2ed1ebbb1d59bfd130de622d57593a7105fcc96d173c8f1","root.record.ItemExhibitList.P5Item.CostElementCategoryList.Vehicles.Recurring.CostElementList.CostElement.ManufacturerList.Manufacturer.HistoryPlanningList.HistoryPlanning"
"2022-12","1","2019-BASE_PROCUREMENT-2019-AIRFORCE_AIRCRAFT_VOL1-U_PROCUREMENT_JustificationBook_Air_Force_PB_2019.zzz_unzipped-U_PROCUREMENT_JustificationBook_Air_Force_PB_2019.xml","a591dcdfcf7a402c2264871052dd9286c3cb51812bc0b67f14b07c1cd8109fd7","0-2af1c5677663a31a13f0226579d71a35dd73825b4775362f0ee4b2f47b36e62f","0-834f0ebdb0d1fa7ba2f763d0d06cd27079e6e21e5d704d20c77645e6e274d240","root.record.ItemExhibitList.P5Item.CostElementCategoryList.Vehicles.Recurring.CostElementList.CostElement.ManufacturerList.Manufacturer.HistoryPlanningList.HistoryPlanning"
"2023-02","1","2019-BASE_PROCUREMENT-2019-AIRFORCE_AIRCRAFT_VOL1-U_PROCUREMENT_JustificationBook_Air_Force_PB_2019.zzz_unzipped-U_PROCUREMENT_JustificationBook_Air_Force_PB_2019.xml","a591dcdfcf7a402c2264871052dd9286c3cb51812bc0b67f14b07c1cd8109fd7","0-6df2bcdf1847feddc3ac23412c42b9586cd578d2aeace8f6ad7e6829359ea4e8","1-c2d1ab428fee8c2ba08269faba78eea216f6ee92fd7c987063c6260b145ef5c7","root.record.ItemExhibitList.P5Item.CostElementCategoryList.Vehicles.Recurring.CostElementList.CostElement.ManufacturerList.Manufacturer.HistoryPlanningList.HistoryPlanning"
"2017-11","1","2019-BASE_PROCUREMENT-2019-AIRFORCE_AIRCRAFT_VOL1-U_PROCUREMENT_JustificationBook_Air_Force_PB_2019.zzz_unzipped-U_PROCUREMENT_JustificationBook_Air_Force_PB_2019.xml","a7bee76edab57bb6622e96039d6c914aab1dbb0736a4caefd4111b976889fd0e","0-44a931f27d08e8f001c31f0f7fa6cd52c8a7579a053b1ef7aba3874e788146b1","0-8795c8a565e330bbfa56177968616639092a8efcc8f5becb66249344a03864ad","root.record.ItemExhibitList.P5Item.CostElementCategoryList.Vehicles.Recurring.CostElementList.CostElement.ManufacturerList.Manufacturer.HistoryPlanningList.HistoryPlanning"
"2018-07","1","2019-BASE_PROCUREMENT-2019-AIRFORCE_AIRCRAFT_VOL1-U_PROCUREMENT_JustificationBook_Air_Force_PB_2019.zzz_unzipped-U_PROCUREMENT_JustificationBook_Air_Force_PB_2019.xml","a7bee76edab57bb6622e96039d6c914aab1dbb0736a4caefd4111b976889fd0e","1-fe5cb6c3f3705554a0bebf8f3d5f68e58e210577955bfd8f3a3c442be2f1a841","0-8795c8a565e330bbfa56177968616639092a8efcc8f5becb66249344a03864ad","root.record.ItemExhibitList.P5Item.CostElementCategoryList.Vehicles.Recurring.CostElementList.CostElement.ManufacturerList.Manufacturer.HistoryPlanningList.HistoryPlanning"
"2018-08","1","2019-BASE_PROCUREMENT-2019-AIRFORCE_AIRCRAFT_VOL1-U_PROCUREMENT_JustificationBook_Air_Force_PB_2019.zzz_unzipped-U_PROCUREMENT_JustificationBook_Air_Force_PB_2019.xml","a7bee76edab57bb6622e96039d6c914aab1dbb0736a4caefd4111b976889fd0e","2-4b375c4f707c9f001c0eb9b23c4e1828d698cd2203ce1c5b4a419875bccebc6d","0-8795c8a565e330bbfa56177968616639092a8efcc8f5becb66249344a03864ad","root.record.ItemExhibitList.P5Item.CostElementCategoryList.Vehicles.Recurring.CostElementList.CostElement.ManufacturerList.Manufacturer.HistoryPlanningList.HistoryPlanning"
"2022-12","1","2019-BASE_PROCUREMENT-2019-AIRFORCE_AIRCRAFT_VOL2-U_PROCUREMENT_MasterJustificationBook_Air_Force_PB_2019.zzz_unzipped-U_PROCUREMENT_MasterJustificationBook_Air_Force_PB_2019.xml","05f36df23affdc21dfc3cefcdfa407fdb3e501809d6c1d183092bc441677ebd0","0-aed9f28eaf2d5411d879469b8448d6cc50ec2b7dfd69c9d856debdd9788c64b3","0-b2d859fa444ee7800e8118c7bbbe324361aa8f0896bf1b7088baf131e923499b","root.record.ItemExhibitList.P5Item.CostElementCategoryList.Vehicles.Recurring.CostElementList.CostElement.ManufacturerList.Manufacturer.HistoryPlanningList.HistoryPlanning"
"2023-02","1","2019-BASE_PROCUREMENT-2019-AIRFORCE_AIRCRAFT_VOL2-U_PROCUREMENT_MasterJustificationBook_Air_Force_PB_2019.zzz_unzipped-U_PROCUREMENT_MasterJustificationBook_Air_Force_PB_2019.xml","05f36df23affdc21dfc3cefcdfa407fdb3e501809d6c1d183092bc441677ebd0","0-c18705103c69e723b9217ab8842f72ed901cebfac2db68964ac4b24430b16d52","1-401ab50201fcd2a165d0c7c9dc28256b46a32ac3915b6fe765b942714e45b627","root.record.ItemExhibitList.P5Item.CostElementCategoryList.Vehicles.Recurring.CostElementList.CostElement.ManufacturerList.Manufacturer.HistoryPlanningList.HistoryPlanning"
"2017-11","1","2019-BASE_PROCUREMENT-2019-AIRFORCE_AIRCRAFT_VOL2-U_PROCUREMENT_MasterJustificationBook_Air_Force_PB_2019.zzz_unzipped-U_PROCUREMENT_MasterJustificationBook_Air_Force_PB_2019.xml","abc4db74ab1f4ce6330e7152230a4802f710f076f9c17d8863ed18455613b877","0-bb4d05d5dc8cb8cf422d56bbda4c89e150f7ef15dfe36d66ecb06a53398645cc","0-7a6c8e4183efa8ca7913b70a622764263dafcd38664975201c68b493544881c7","root.record.ItemExhibitList.P5Item.CostElementCategoryList.Vehicles.Recurring.CostElementList.CostElement.ManufacturerList.Manufacturer.HistoryPlanningList.HistoryPlanning"
"2018-07","1","2019-BASE_PROCUREMENT-2019-AIRFORCE_AIRCRAFT_VOL2-U_PROCUREMENT_MasterJustificationBook_Air_Force_PB_2019.zzz_unzipped-U_PROCUREMENT_MasterJustificationBook_Air_Force_PB_2019.xml","abc4db74ab1f4ce6330e7152230a4802f710f076f9c17d8863ed18455613b877","1-60023481fcc31c1c6f81fcc83f04378ad2d5065095ee92670b40d9b955805726","0-7a6c8e4183efa8ca7913b70a622764263dafcd38664975201c68b493544881c7","root.record.ItemExhibitList.P5Item.CostElementCategoryList.Vehicles.Recurring.CostElementList.CostElement.ManufacturerList.Manufacturer.HistoryPlanningList.HistoryPlanning"
"2018-08","1","2019-BASE_PROCUREMENT-2019-AIRFORCE_AIRCRAFT_VOL2-U_PROCUREMENT_MasterJustificationBook_Air_Force_PB_2019.zzz_unzipped-U_PROCUREMENT_MasterJustificationBook_Air_Force_PB_2019.xml","abc4db74ab1f4ce6330e7152230a4802f710f076f9c17d8863ed18455613b877","2-294a61c60897a873d69ab9a2092a02b90f1774dca2e8d07a3cc9a4e61f983673","0-7a6c8e4183efa8ca7913b70a622764263dafcd38664975201c68b493544881c7","root.record.ItemExhibitList.P5Item.CostElementCategoryList.Vehicles.Recurring.CostElementList.CostElement.ManufacturerList.Manufacturer.HistoryPlanningList.HistoryPlanning"
"2023-03","1","2020-BASE_PROCUREMENT-2020-AIRFORCE_AIRCRAFT_VOL1-U_PROCUREMENT_JustificationBook_Air_Force_PB_2020.zzz_unzipped-U_PROCUREMENT_JustificationBook_Air_Force_PB_2020.xml","005ddeaa4ed6e661bbe977c64adc29c5146cef98ddfdfcf229a669eb9aae562d","0-48d6750e914e155a631d7f8cde3673bd670507f0baf7069b4b29f3f62aa2b21e","0-1e64dfb12f39c2306dc54cdf333cb9c2b13c77c62aca64762c834a9824d97e96","root.record.ItemExhibitList.P5Item.CostElementCategoryList.Vehicles.Recurring.CostElementList.CostElement.ManufacturerList.Manufacturer.HistoryPlanningList.HistoryPlanning"
"2023-03","1","2020-BASE_PROCUREMENT-2020-AIRFORCE_AIRCRAFT_VOL1-U_PROCUREMENT_JustificationBook_Air_Force_PB_2020.zzz_unzipped-U_PROCUREMENT_JustificationBook_Air_Force_PB_2020.xml","005ddeaa4ed6e661bbe977c64adc29c5146cef98ddfdfcf229a669eb9aae562d","0-66f60355ad61dbfd0e52c676df731b84e05be412d58bdfff19c18d7df1866d4d","1-2a087d23eed0693af552a868dcaee58d8af08c6e47bca39f1ea8daf935757f4e","root.record.ItemExhibitList.P5Item.CostElementCategoryList.Vehicles.Recurring.CostElementList.CostElement.ManufacturerList.Manufacturer.HistoryPlanningList.HistoryPlanning"
"2023-03","2","2020-BASE_PROCUREMENT-2020-AIRFORCE_AIRCRAFT_VOL1-U_PROCUREMENT_JustificationBook_Air_Force_PB_2020.zzz_unzipped-U_PROCUREMENT_JustificationBook_Air_Force_PB_2020.xml","005ddeaa4ed6e661bbe977c64adc29c5146cef98ddfdfcf229a669eb9aae562d","0-10cc2bb7d49aad9dab6d77845a6a044bbdbb203b9f5d7d0ed7b98cbe4c0cc04d","2-3bd6033e8faa25a012b959e12e4f68afd875b8c46522caf520177a8c4594ed0e","root.record.ItemExhibitList.P5Item.CostElementCategoryList.Vehicles.Recurring.CostElementList.CostElement.ManufacturerList.Manufacturer.HistoryPlanningList.HistoryPlanning"
"2023-03","1","2020-BASE_PROCUREMENT-2020-AIRFORCE_AIRCRAFT_VOL1-U_PROCUREMENT_JustificationBook_Air_Force_PB_2020.zzz_unzipped-U_PROCUREMENT_JustificationBook_Air_Force_PB_2020.xml","005ddeaa4ed6e661bbe977c64adc29c5146cef98ddfdfcf229a669eb9aae562d","0-caa8deea5eee0cebe9d203bbdc57b99f4c04cc3e8739bc6f030d4317f20e19a4","3-35beac201ca612777cd99a12515e6bc46b59cf46771df10356dba9db8f9be656","root.record.ItemExhibitList.P5Item.CostElementCategoryList.Vehicles.Recurring.CostElementList.CostElement.ManufacturerList.Manufacturer.HistoryPlanningList.HistoryPlanning"
"2023-03","1","2020-BASE_PROCUREMENT-2020-AIRFORCE_AIRCRAFT_VOL2-U_PROCUREMENT_MasterJustificationBook_Air_Force_PB_2020.zzz_unzipped-U_PROCUREMENT_MasterJustificationBook_Air_Force_PB_2020.xml","16d64327fa3f84aa8c929a4167374d7517b6cb0663b68f01ecb3d9f18a3b3e9b","0-26112e13d7996fa241530261f52cc7817d16f2cab0575bb1a4f95b38187c1b64","0-b3e2d11f6eb7a12acf2b2127a5d8458cf0c9c0231db2243a9009189f743024cc","root.record.ItemExhibitList.P5Item.CostElementCategoryList.Vehicles.Recurring.CostElementList.CostElement.ManufacturerList.Manufacturer.HistoryPlanningList.HistoryPlanning"
"2023-03","1","2020-BASE_PROCUREMENT-2020-AIRFORCE_AIRCRAFT_VOL2-U_PROCUREMENT_MasterJustificationBook_Air_Force_PB_2020.zzz_unzipped-U_PROCUREMENT_MasterJustificationBook_Air_Force_PB_2020.xml","16d64327fa3f84aa8c929a4167374d7517b6cb0663b68f01ecb3d9f18a3b3e9b","0-2f0c4fe360030ef1adddf49ad296886373059035e4e09db1f7c184ee31d08cfc","1-eecfb99a092bf4d1509631ef6a0c4327dae6a565247800bc17ab4e0692501ca7","root.record.ItemExhibitList.P5Item.CostElementCategoryList.Vehicles.Recurring.CostElementList.CostElement.ManufacturerList.Manufacturer.HistoryPlanningList.HistoryPlanning"
"2023-03","2","2020-BASE_PROCUREMENT-2020-AIRFORCE_AIRCRAFT_VOL2-U_PROCUREMENT_MasterJustificationBook_Air_Force_PB_2020.zzz_unzipped-U_PROCUREMENT_MasterJustificationBook_Air_Force_PB_2020.xml","16d64327fa3f84aa8c929a4167374d7517b6cb0663b68f01ecb3d9f18a3b3e9b","0-421199de58751482708569787362ba30feadb0aae2a1bcbb087cd6714693a28a","2-bc7f1442ccf40cd653eec285d66736770c66b5727dea77c353917cc4464652e0","root.record.ItemExhibitList.P5Item.CostElementCategoryList.Vehicles.Recurring.CostElementList.CostElement.ManufacturerList.Manufacturer.HistoryPlanningList.HistoryPlanning"
"2023-03","1","2020-BASE_PROCUREMENT-2020-AIRFORCE_AIRCRAFT_VOL2-U_PROCUREMENT_MasterJustificationBook_Air_Force_PB_2020.zzz_unzipped-U_PROCUREMENT_MasterJustificationBook_Air_Force_PB_2020.xml","16d64327fa3f84aa8c929a4167374d7517b6cb0663b68f01ecb3d9f18a3b3e9b","0-e434c34c596ea2e93c6e81b4b323759f64ae296af272c2caa37275ecf062a106","3-7ffe836fc982c14ad93a58bcee8d88adb60d08004fe9aae25acc3a0cfff1a4b5","root.record.ItemExhibitList.P5Item.CostElementCategoryList.Vehicles.Recurring.CostElementList.CostElement.ManufacturerList.Manufacturer.HistoryPlanningList.HistoryPlanning"
