Name_val,Cost_BudgetYearFive_Quantity_val,Cost_BudgetYearFive_TotalCost_val,@SOURCE_FILENAME,@RECORDID,@ROWID,@PARENTROWID,@PARENT
"Air Force Active","1","26.404","2013-BASE_PROCUREMENT-2013-AIRFORCE_AIRCRAFT_VOL2-JustificationBook_Air_Force_PB_2013.zzz_unzipped-JustificationBook_Air_Force_PB_2013.xml","f9967fa42b57731954068ef520219961b9e7c3b2bb4bc4a87f98c5625c6ba5a0","0-1745bed32082cf6c4873b232fd7a55017cdafff727404891fe5d9253af0641ab","0-fb62a5db9296232c707cefa8db64822933f6596c833de1eec5c536bfc98c306c","root.record.ItemExhibitList.P3AModificationItemGroup.ModificationItemList.ModificationItem.Installation.ImplementationMethodList.ImplementationMethod"
"Air Force Active","1","0.000","2013-BASE_PROCUREMENT-2013-AIRFORCE_AIRCRAFT_VOL2-JustificationBook_Air_Force_PB_2013.zzz_unzipped-JustificationBook_Air_Force_PB_2013.xml","cba0cd297e6be791ef2bcfeb4e56f5ff9e6fbc950d55bc245b5871e2429867bd","0-d7d0439e1265846f7f25a98032033f2124da728c5fdaecb28a55bf4f53f77ec3","0-c7e19ba65a8e4bf025847e1574132633696e4c78a14b5a2df8229a71acc49e49","root.record.ItemExhibitList.P3AModificationItemGroup.ModificationItemList.ModificationItem.Installation.ImplementationMethodList.ImplementationMethod"
"Air National Guard","3","10.305","2013-BASE_PROCUREMENT-2013-AIRFORCE_AIRCRAFT_VOL2-JustificationBook_Air_Force_PB_2013.zzz_unzipped-JustificationBook_Air_Force_PB_2013.xml","beedc27ca541947adf319bb5b1b581dfd5214e64502e92cc1fff70badf58b344","0-7f7f21d27f89db7c8c67086fc8da30f973cd853442778ebe8dd1a3fdae467b51","0-64bb581f67f173dc4325ec5ef78dd685130ebb7582a40014c19977beed015858","root.record.ItemExhibitList.P3AModificationItemGroup.ModificationItemList.ModificationItem.Installation.ImplementationMethodList.ImplementationMethod"
"Air Force Active","5","0.25","2013-BASE_PROCUREMENT-2013-AIRFORCE_AIRCRAFT_VOL2-JustificationBook_Air_Force_PB_2013.zzz_unzipped-JustificationBook_Air_Force_PB_2013.xml","1b69f888ea8ce167d58a275c92aa54a5c14d3e3ce7280432298742ab6fb44e8e","0-1076ca91460cf94f8634295434d112356583fe808a8121b918a7fbbf6d334db9","0-8e9085172317e5fb16c6ce14b355f83a8a5c5a6fca7cc06458672e64162697ba","root.record.ItemExhibitList.P3AModificationItemGroup.ModificationItemList.ModificationItem.Installation.ImplementationMethodList.ImplementationMethod"
"Air Force Active","9","0.965","2013-BASE_PROCUREMENT-2013-AIRFORCE_AIRCRAFT_VOL2-JustificationBook_Air_Force_PB_2013.zzz_unzipped-JustificationBook_Air_Force_PB_2013.xml","55ff224b0c16f6229c62c5aefbbcc36d0cbf265d66b4c8a46704c153db79c343","0-a28e6ed35d0a1f135a4fe92c8c3aebd9443326a403fb7a1899e43a2d75baf688","0-d201a760600f1fab4050b6825b1673be5bf5117c286b51da535392bfef135880","root.record.ItemExhibitList.P3AModificationItemGroup.ModificationItemList.ModificationItem.Installation.ImplementationMethodList.ImplementationMethod"
"Air Force Active","158","45.735","2013-BASE_PROCUREMENT-2013-AIRFORCE_AIRCRAFT_VOL2-JustificationBook_Air_Force_PB_2013.zzz_unzipped-JustificationBook_Air_Force_PB_2013.xml","f02bdd307b114cdc02da1348e494f5a3f116e4b5a1696f4a09ee391da3a8210e","0-9b51266671e3e43a1cfecbf9eb4a4cc4d9d870ef683276334af7a5126f811b06","0-a5d6fec2490ef2e9b306150461cb00b210d6e88323316599cdf61762f26db85b","root.record.ItemExhibitList.P3AModificationItemGroup.ModificationItemList.ModificationItem.Installation.ImplementationMethodList.ImplementationMethod"
"Air National Guard","20","5.789","2013-BASE_PROCUREMENT-2013-AIRFORCE_AIRCRAFT_VOL2-JustificationBook_Air_Force_PB_2013.zzz_unzipped-JustificationBook_Air_Force_PB_2013.xml","f02bdd307b114cdc02da1348e494f5a3f116e4b5a1696f4a09ee391da3a8210e","1-ea550ff2b55835c4a36a98b82577396fddc0675af42ef0892971d61c8e1ee74a","0-a5d6fec2490ef2e9b306150461cb00b210d6e88323316599cdf61762f26db85b","root.record.ItemExhibitList.P3AModificationItemGroup.ModificationItemList.ModificationItem.Installation.ImplementationMethodList.ImplementationMethod"
"Air Force Active","14","2.15","2013-BASE_PROCUREMENT-2013-AIRFORCE_AIRCRAFT_VOL2-JustificationBook_Air_Force_PB_2013.zzz_unzipped-JustificationBook_Air_Force_PB_2013.xml","f02bdd307b114cdc02da1348e494f5a3f116e4b5a1696f4a09ee391da3a8210e","0-c5962809a0005f4f937cbb9d8a0b923ac77febae5077de286b2869a121a5d995","0-0d1a1e67ce05ea6ca813cce511cc36ca1314b3d149898587fed1389a7ac8e5a5","root.record.ItemExhibitList.P3AModificationItemGroup.ModificationItemList.ModificationItem.Installation.ImplementationMethodList.ImplementationMethod"
"Air Force Active","1","26.404","2013-BASE_PROCUREMENT-2013-AIRFORCE_AIRCRAFT_VOL2-MasterJustificationBook_Air_Force_PB_2013.zzz_unzipped-MasterJustificationBook_Air_Force_PB_2013.xml","8ecd181f0be17491705fbab80b4dd0105939c12cd6f64d3cc41b3cbd45586462","0-3065ca0b61d0df4be7185863f36b5451e8661847d99c20a636f6e41804159e21","0-e7890779b75949e82faf9a9bd7fad4bf2c66b0d08d369992b90a49431e46cb0d","root.record.ItemExhibitList.P3AModificationItemGroup.ModificationItemList.ModificationItem.Installation.ImplementationMethodList.ImplementationMethod"
"Air Force Active","1","0.000","2013-BASE_PROCUREMENT-2013-AIRFORCE_AIRCRAFT_VOL2-MasterJustificationBook_Air_Force_PB_2013.zzz_unzipped-MasterJustificationBook_Air_Force_PB_2013.xml","5901a4c8b0d4adfbe277a0b6d649d7a40850cdab63961f7b77d26372c000f59f","0-1524f580c252a6dcb44a6d66edd176a8450b53be6e3a9109e116e89d6f8b184d","0-b85f7c8cf9022e07f85be90f133c322e2a9e2196f0ca4c9063f44dc321c78343","root.record.ItemExhibitList.P3AModificationItemGroup.ModificationItemList.ModificationItem.Installation.ImplementationMethodList.ImplementationMethod"
"Air National Guard","3","10.305","2013-BASE_PROCUREMENT-2013-AIRFORCE_AIRCRAFT_VOL2-MasterJustificationBook_Air_Force_PB_2013.zzz_unzipped-MasterJustificationBook_Air_Force_PB_2013.xml","ba6bc6cfde583a371e665ca4731f5d9edb93b18be168e4f8e2272bb29bc7cdd1","0-32c142358ea44f702f43f85ebc855e542c5a9021d87113300f2a40ac4cc4e481","0-1481a79b7b4aa256b29974b7ead0d5af74da7dd28a793359e47e9ae6dad95bc2","root.record.ItemExhibitList.P3AModificationItemGroup.ModificationItemList.ModificationItem.Installation.ImplementationMethodList.ImplementationMethod"
"Air Force Active","5","0.25","2013-BASE_PROCUREMENT-2013-AIRFORCE_AIRCRAFT_VOL2-MasterJustificationBook_Air_Force_PB_2013.zzz_unzipped-MasterJustificationBook_Air_Force_PB_2013.xml","bbe19e056d5a56d1e0a0f0b447d77ce7749b74494abc97d27d6eac183f790f36","0-2429ff51f56699e5d08dc812c220cdfe20c0be58be017412a97c10ecf7d2d510","0-9e63f7fb510dee785d140ff1525089869d926eb729b634db3dc5094d72bb605b","root.record.ItemExhibitList.P3AModificationItemGroup.ModificationItemList.ModificationItem.Installation.ImplementationMethodList.ImplementationMethod"
"Air Force Active","9","0.965","2013-BASE_PROCUREMENT-2013-AIRFORCE_AIRCRAFT_VOL2-MasterJustificationBook_Air_Force_PB_2013.zzz_unzipped-MasterJustificationBook_Air_Force_PB_2013.xml","a6da5a639dd2fc8173209157d8bdf492c2fadf5aedcfcdcedbb9d18303bd52c9","0-de0233bde40972e55bebda7f587bf8ac3fdfbfc090806b1067fb27c90fbe0878","0-5045893cd98595a0dd3118d9c219bce1636f56dddade76c71eab851c2bdc73d2","root.record.ItemExhibitList.P3AModificationItemGroup.ModificationItemList.ModificationItem.Installation.ImplementationMethodList.ImplementationMethod"
"Air Force Active","158","45.735","2013-BASE_PROCUREMENT-2013-AIRFORCE_AIRCRAFT_VOL2-MasterJustificationBook_Air_Force_PB_2013.zzz_unzipped-MasterJustificationBook_Air_Force_PB_2013.xml","112eb3735d4ce129abd075705a90e1b9579e7e82287a041d0434475ae6e5e0ca","0-00d19f1b452f9781f784e11807981898cee2d8af2b895795b067987a48ca68ed","0-18dabdfdfb0163b65a41e5fa1b5b181ba9172c358a553e5ad7ae15c5633a8d5b","root.record.ItemExhibitList.P3AModificationItemGroup.ModificationItemList.ModificationItem.Installation.ImplementationMethodList.ImplementationMethod"
"Air National Guard","20","5.789","2013-BASE_PROCUREMENT-2013-AIRFORCE_AIRCRAFT_VOL2-MasterJustificationBook_Air_Force_PB_2013.zzz_unzipped-MasterJustificationBook_Air_Force_PB_2013.xml","112eb3735d4ce129abd075705a90e1b9579e7e82287a041d0434475ae6e5e0ca","1-48c60b4b8cdfb8b4063d598b1028cb736a3b5d3621c89d0ce9e05174937dc935","0-18dabdfdfb0163b65a41e5fa1b5b181ba9172c358a553e5ad7ae15c5633a8d5b","root.record.ItemExhibitList.P3AModificationItemGroup.ModificationItemList.ModificationItem.Installation.ImplementationMethodList.ImplementationMethod"
"Air Force Active","14","2.15","2013-BASE_PROCUREMENT-2013-AIRFORCE_AIRCRAFT_VOL2-MasterJustificationBook_Air_Force_PB_2013.zzz_unzipped-MasterJustificationBook_Air_Force_PB_2013.xml","112eb3735d4ce129abd075705a90e1b9579e7e82287a041d0434475ae6e5e0ca","0-83c720ceac315a78501f5d34ae8b30da45e1e5455b65bfc2ce671041a8ee7f37","0-bc7082369986d33e1b05ab2240611711f304ab0be8a404eed06e662c5daaa59c","root.record.ItemExhibitList.P3AModificationItemGroup.ModificationItemList.ModificationItem.Installation.ImplementationMethodList.ImplementationMethod"
"Air Force Active","1","26.404","2013-BASE_PROCUREMENT-2013-AIRFORCE_AIRCRAFT_VOL1-MasterJustificationBook_Air_Force_PB_2013.zzz_unzipped-MasterJustificationBook_Air_Force_PB_2013.xml","d68416fc1b1b90c06e907f94433df44293689384eb694ca2f76e44623844abb4","0-c6c54a428b0d40a2fbe749049adb0ceedcf3bdc1c04884b2b76d52d9a3c58133","0-51efa053ab16c75e3f34c8bfabdf285132b892bd62a02099ea73b88f1aeb922f","root.record.ItemExhibitList.P3AModificationItemGroup.ModificationItemList.ModificationItem.Installation.ImplementationMethodList.ImplementationMethod"
"Air Force Active","1","0.000","2013-BASE_PROCUREMENT-2013-AIRFORCE_AIRCRAFT_VOL1-MasterJustificationBook_Air_Force_PB_2013.zzz_unzipped-MasterJustificationBook_Air_Force_PB_2013.xml","440b45d6fcd8324d3e96333d5b6bc55eec4bb9a2c719b5a938bb13b68d77e8f2","0-b8a81e89d0078b7cc6c839f4e2c4a21b904aca414550373699cbae66fa4ce007","0-8ff284b039e15c9f9c7b3420eede13691f734fb681b1a89c8a78125c4627adf2","root.record.ItemExhibitList.P3AModificationItemGroup.ModificationItemList.ModificationItem.Installation.ImplementationMethodList.ImplementationMethod"
"Air National Guard","3","10.305","2013-BASE_PROCUREMENT-2013-AIRFORCE_AIRCRAFT_VOL1-MasterJustificationBook_Air_Force_PB_2013.zzz_unzipped-MasterJustificationBook_Air_Force_PB_2013.xml","f5bf96cfeb8a51f263b270a38de465b90b8814a746f9a492d3511d30c4da9565","0-14195944f2c900d08afed41ff11bb67adb1f8359141b8c1555166fd5f7a0f6fe","0-9243e2dbb5dec601dc5ad376e0c30a2f02272504995d411b386e8da8295132c5","root.record.ItemExhibitList.P3AModificationItemGroup.ModificationItemList.ModificationItem.Installation.ImplementationMethodList.ImplementationMethod"
"Air Force Active","5","0.25","2013-BASE_PROCUREMENT-2013-AIRFORCE_AIRCRAFT_VOL1-MasterJustificationBook_Air_Force_PB_2013.zzz_unzipped-MasterJustificationBook_Air_Force_PB_2013.xml","4824fc05d19394cc85737ba30a7f7988ae1cb991f493650a3bd4c97410126e2a","0-d9a0b307b5b869a37b47497470a0f9ce529c3b757afb98d82d916ef3dff150a0","0-519aac09f45cea117963f130208b8232345da5552d49cf1d47a4f8964f39b450","root.record.ItemExhibitList.P3AModificationItemGroup.ModificationItemList.ModificationItem.Installation.ImplementationMethodList.ImplementationMethod"
"Air Force Active","9","0.965","2013-BASE_PROCUREMENT-2013-AIRFORCE_AIRCRAFT_VOL1-MasterJustificationBook_Air_Force_PB_2013.zzz_unzipped-MasterJustificationBook_Air_Force_PB_2013.xml","645944f97916cf96b4f5164162b90064cc7498f636c6a81e29631f7434d839d6","0-b22466a0269d4bcf82a645b588c206f32af66e56a8e220c5ca3197f1277aa42a","0-f99cec83f53e8760ea82429e8704e042dcb1a4334d2f0a450136b766998ae89c","root.record.ItemExhibitList.P3AModificationItemGroup.ModificationItemList.ModificationItem.Installation.ImplementationMethodList.ImplementationMethod"
"Air Force Active","158","45.735","2013-BASE_PROCUREMENT-2013-AIRFORCE_AIRCRAFT_VOL1-MasterJustificationBook_Air_Force_PB_2013.zzz_unzipped-MasterJustificationBook_Air_Force_PB_2013.xml","88ecf7b4108f5008c743b1f4b59161bedeb688ad0bc869dc12bac8af9b1ecb31","0-e20e559a0b791e119f5bfb77254d526cc661f0e239e892810c4a43f2da4241b2","0-1c5f1c3989343f4ca66e3c1b731267f4738fb0784cb4fb91e8b5a5110a2751a6","root.record.ItemExhibitList.P3AModificationItemGroup.ModificationItemList.ModificationItem.Installation.ImplementationMethodList.ImplementationMethod"
"Air National Guard","20","5.789","2013-BASE_PROCUREMENT-2013-AIRFORCE_AIRCRAFT_VOL1-MasterJustificationBook_Air_Force_PB_2013.zzz_unzipped-MasterJustificationBook_Air_Force_PB_2013.xml","88ecf7b4108f5008c743b1f4b59161bedeb688ad0bc869dc12bac8af9b1ecb31","1-c6a03a3324de14e31e83bb69599cd4b8f606f6a0fbf00ec28b1c799ee9c48855","0-1c5f1c3989343f4ca66e3c1b731267f4738fb0784cb4fb91e8b5a5110a2751a6","root.record.ItemExhibitList.P3AModificationItemGroup.ModificationItemList.ModificationItem.Installation.ImplementationMethodList.ImplementationMethod"
"Air Force Active","14","2.15","2013-BASE_PROCUREMENT-2013-AIRFORCE_AIRCRAFT_VOL1-MasterJustificationBook_Air_Force_PB_2013.zzz_unzipped-MasterJustificationBook_Air_Force_PB_2013.xml","88ecf7b4108f5008c743b1f4b59161bedeb688ad0bc869dc12bac8af9b1ecb31","0-c9948dcdf0532a25870dde6dfafc92685f9bc37b2c0382089f29c579d5908bb1","0-d0653a15a2f401a8b5528f4072383f3c8d56e992341f570d70e70f4c5d243bae","root.record.ItemExhibitList.P3AModificationItemGroup.ModificationItemList.ModificationItem.Installation.ImplementationMethodList.ImplementationMethod"
"Air Force Active","1","0.075","2013-BASE_PROCUREMENT-2013-AIRFORCE_OTHER-JustificationBook_Air_Force_PB_2013.zzz_unzipped-JustificationBook_Air_Force_PB_2013.xml","ca4a21a6df897b8aea1925161ee0fd863476b50df1ca5a541e8d6f45ea12f962","0-c6ce9083f352ea5ee36e562fefd98775b7ebaf4b3ad7d33a86a25502435c9ba0","0-136b96406bacbbceedeffc0e6a949b90d09d0b77aed2503a9cd0793ad5dac7bd","root.record.ItemExhibitList.P3AModificationItemGroup.ModificationItemList.ModificationItem.Installation.ImplementationMethodList.ImplementationMethod"
"Air Force Active","1","0.2","2013-BASE_PROCUREMENT-2013-AIRFORCE_OTHER-JustificationBook_Air_Force_PB_2013.zzz_unzipped-JustificationBook_Air_Force_PB_2013.xml","d92e9313cbd8cc005423f86d21bd5824ffdc33ba0eedf34c43fb31c7cb4b7fb2","0-96f1fa48ca7f829c25926cc9bb96012f61fee0b5cece88622d000303365fd7d0","0-c4ae22f28d485edce789b3d4b1dec98036b38c57fc66a0c11bd65976b0170d2a","root.record.ItemExhibitList.P3AModificationItemGroup.ModificationItemList.ModificationItem.Installation.ImplementationMethodList.ImplementationMethod"
"Air Force Active","1","0.075","2013-BASE_PROCUREMENT-2013-AIRFORCE_OTHER-MasterJustificationBook_Air_Force_PB_2013.zzz_unzipped-MasterJustificationBook_Air_Force_PB_2013.xml","88b46961904815d0d0364584a26fb1b66eaa42ea170fe6f8d779c0476071f4cf","0-5fb5d14b7ae0fd6b65e3389806e199554f0a8f386a5cdb4a3ec17447e5ccd651","0-5b67cd9f7103bded767f67b27d9429002e9bf57c51dfad69ffdf32cb8975a77e","root.record.ItemExhibitList.P3AModificationItemGroup.ModificationItemList.ModificationItem.Installation.ImplementationMethodList.ImplementationMethod"
"Air Force Active","1","0.2","2013-BASE_PROCUREMENT-2013-AIRFORCE_OTHER-MasterJustificationBook_Air_Force_PB_2013.zzz_unzipped-MasterJustificationBook_Air_Force_PB_2013.xml","7a27bbe4229cf595fb46d3bfb1d4a54a599e6c5a47461df2d59feb821780cd04","0-e14fbb96c2c43952916df54cf5138d4a93acc1f1d2c4aec79af4c1fd00e19088","0-4d4e2d6feead6bcb392c0b1f016a98f8a339e1f2f4393c7a8188e11564b811b7","root.record.ItemExhibitList.P3AModificationItemGroup.ModificationItemList.ModificationItem.Installation.ImplementationMethodList.ImplementationMethod"
"Air Force Active","0","0.000","2014-BASE_PROCUREMENT-2014-AIRFORCE_AIRCRAFT_VOL2-PROCUREMENT_JustificationBook_Air_Force_PB_2014.zzz_unzipped-PROCUREMENT_JustificationBook_Air_Force_PB_2014.xml","ef4de724616dbe350c2d8cdbad81862d16464e02ca15409491c910e75a43c4a7","0-76baac7acd0b8fed29df5151c0eac930d39e15dc741f5aadcb23981c2e3e68b8","0-b340172544ae20d0a250cea89413c11362e77db475001600914611c051e49c3b","root.record.ItemExhibitList.P3AModificationItemGroup.ModificationItemList.ModificationItem.Installation.ImplementationMethodList.ImplementationMethod"
"Air Force Active","0","0.000","2014-BASE_PROCUREMENT-2014-AIRFORCE_AIRCRAFT_VOL2-PROCUREMENT_JustificationBook_Air_Force_PB_2014.zzz_unzipped-PROCUREMENT_JustificationBook_Air_Force_PB_2014.xml","6e816b280add2c6e3187c3bccce8af48caea4e5a4a368db70425872ae7cc52fe","0-eb7680eda6d1b8cc8c72965fd0a90edbb897a030b68c4e9738c524cce7ee1ef0","0-520be070a53717a06ae3260a6bf10a7224bc5ef57be8da01fc49c06ead7ede65","root.record.ItemExhibitList.P3AModificationItemGroup.ModificationItemList.ModificationItem.Installation.ImplementationMethodList.ImplementationMethod"
"Air National Guard","48","1.229","2014-BASE_PROCUREMENT-2014-AIRFORCE_AIRCRAFT_VOL2-PROCUREMENT_JustificationBook_Air_Force_PB_2014.zzz_unzipped-PROCUREMENT_JustificationBook_Air_Force_PB_2014.xml","8d4d83cc23dd2a0a56b5f91803df15fd1e4e30278d868b9d2ba94e70a834086c","0-37bb4d3a8f46a84f1d266fd6ffc07b213207f752e6fa19042745fb13e7bc68ca","0-8c1aa845350de203dba00bfc9cc9628e8f4d15ea5c08e5366157e1cccca0cf2a","root.record.ItemExhibitList.P3AModificationItemGroup.ModificationItemList.ModificationItem.Installation.ImplementationMethodList.ImplementationMethod"
"Air Force Reserve","20","0.512","2014-BASE_PROCUREMENT-2014-AIRFORCE_AIRCRAFT_VOL2-PROCUREMENT_JustificationBook_Air_Force_PB_2014.zzz_unzipped-PROCUREMENT_JustificationBook_Air_Force_PB_2014.xml","8d4d83cc23dd2a0a56b5f91803df15fd1e4e30278d868b9d2ba94e70a834086c","1-1d27e650d48ee0d8147f92034a36e166c46a0539ef4d66702f4d81ddf2ca43b3","0-8c1aa845350de203dba00bfc9cc9628e8f4d15ea5c08e5366157e1cccca0cf2a","root.record.ItemExhibitList.P3AModificationItemGroup.ModificationItemList.ModificationItem.Installation.ImplementationMethodList.ImplementationMethod"
"Air Force Active","1","1.072","2014-BASE_PROCUREMENT-2014-AIRFORCE_AIRCRAFT_VOL2-PROCUREMENT_JustificationBook_Air_Force_PB_2014.zzz_unzipped-PROCUREMENT_JustificationBook_Air_Force_PB_2014.xml","410a397b66e859f8c3242c34d26b9ae62c6f8f87c219cd47b018398244f3be5e","0-384dab1f721e0fb9b5b9845baf38a29be2a1e79a55b47d15379cd358fe0c4703","0-0d83f1ca17e7a5a82a3c006076e8f5e92c2fe2fdd2525e0c896ee49dbabe2087","root.record.ItemExhibitList.P3AModificationItemGroup.ModificationItemList.ModificationItem.Installation.ImplementationMethodList.ImplementationMethod"
"Air Force Active","2","8.896","2014-BASE_PROCUREMENT-2014-AIRFORCE_AIRCRAFT_VOL2-PROCUREMENT_JustificationBook_Air_Force_PB_2014.zzz_unzipped-PROCUREMENT_JustificationBook_Air_Force_PB_2014.xml","6e8433923b29c97885d1fa7c604c8a7d21001c849e27ca06bdc9423153a35683","0-8f59307c17bec65242a3c6cc7e7f55f60c7244624e03612c046db9cf259cec09","0-91508f33215dd1d5b1385fc1db9cfa981dc1022c6aa65887e703143d7744db49","root.record.ItemExhibitList.P3AModificationItemGroup.ModificationItemList.ModificationItem.Installation.ImplementationMethodList.ImplementationMethod"
"Air Force Active","3","1.527","2014-BASE_PROCUREMENT-2014-AIRFORCE_AIRCRAFT_VOL2-PROCUREMENT_JustificationBook_Air_Force_PB_2014.zzz_unzipped-PROCUREMENT_JustificationBook_Air_Force_PB_2014.xml","408c492aad2565e84f421b56bf4cdbe4a07281d66b4d11001af37b8fea281e12","0-b01f720e17b153bf34730b453223415e8af3fe3e922e56d523353a068d00b90f","0-55ddb689429648a3ed76af4247a1e172b96b557e9c9f55a5efdd261e6ecb4ba0","root.record.ItemExhibitList.P3AModificationItemGroup.ModificationItemList.ModificationItem.Installation.ImplementationMethodList.ImplementationMethod"
"Air Force Active","806","17.578","2014-BASE_PROCUREMENT-2014-AIRFORCE_AIRCRAFT_VOL2-PROCUREMENT_JustificationBook_Air_Force_PB_2014.zzz_unzipped-PROCUREMENT_JustificationBook_Air_Force_PB_2014.xml","b12d5a01b7ace282920ee4cd1a8a505840616fd0564da6061bde25ce369cffe3","0-a4325f0dadb48c61a6fe0cf2d34d414ce60560be8e64bb00189f82ed85133b91","0-d0f25afec5e1855a8cf70d747a42695e4d3190807222a32f1dad734c846f43c4","root.record.ItemExhibitList.P3AModificationItemGroup.ModificationItemList.ModificationItem.Installation.ImplementationMethodList.ImplementationMethod"
"Air National Guard","154","3.234","2014-BASE_PROCUREMENT-2014-AIRFORCE_AIRCRAFT_VOL2-PROCUREMENT_JustificationBook_Air_Force_PB_2014.zzz_unzipped-PROCUREMENT_JustificationBook_Air_Force_PB_2014.xml","b12d5a01b7ace282920ee4cd1a8a505840616fd0564da6061bde25ce369cffe3","1-722cb32a67240b31cf4b48805acf92e0fd1cd952c9cc2d813afdd9e9027f247b","0-d0f25afec5e1855a8cf70d747a42695e4d3190807222a32f1dad734c846f43c4","root.record.ItemExhibitList.P3AModificationItemGroup.ModificationItemList.ModificationItem.Installation.ImplementationMethodList.ImplementationMethod"
"Air Force Active","10","0.25","2014-BASE_PROCUREMENT-2014-AIRFORCE_AIRCRAFT_VOL2-PROCUREMENT_JustificationBook_Air_Force_PB_2014.zzz_unzipped-PROCUREMENT_JustificationBook_Air_Force_PB_2014.xml","b12d5a01b7ace282920ee4cd1a8a505840616fd0564da6061bde25ce369cffe3","0-4fdb64c78f86f68bf9ce221a5719e76935137a5bc4b9a14bb9fe6f310c6326b7","0-6be633264b77b278935413c78188c94ac98804bd797feda4e496644894d1f74c","root.record.ItemExhibitList.P3AModificationItemGroup.ModificationItemList.ModificationItem.Installation.ImplementationMethodList.ImplementationMethod"
"Air Force Active","18","3.6","2014-BASE_PROCUREMENT-2014-AIRFORCE_AIRCRAFT_VOL1-PROCUREMENT_JustificationBook_Air_Force_PB_2014.zzz_unzipped-PROCUREMENT_JustificationBook_Air_Force_PB_2014.xml","c8f31e33d85c2ae7b9ea6f5b7434c9ce9975a166d18248001748d2083cabb5e1","0-efcd89eaff18e861f0abd5e894766580e88d9ef642d4be9b997fa2eb29f7046e","0-b8a6794928963a5044b5d0fb654c9b09057a102a0a252d2a36855cd03946e5d7","root.record.ItemExhibitList.P3AModificationItemGroup.ModificationItemList.ModificationItem.Installation.ImplementationMethodList.ImplementationMethod"
"Air Force Active","18","3.6","2014-BASE_PROCUREMENT-2014-AIRFORCE_AIRCRAFT_VOL2-PROCUREMENT_MasterJustificationBook_Air_Force_PB_2014.zzz_unzipped-PROCUREMENT_MasterJustificationBook_Air_Force_PB_2014.xml","2e21f726367d918b2eb5cbfcf3589ef44017d35b4ba706d8541e8cb65c1c9e9b","0-0a194c6775f0432690f597e26ed393b4d0f005805553e74c0112a35a29625655","0-51992df569ef696cb16d8a860d839a420bb9a8ec3f5c17c02ccb6730f1b8eb84","root.record.ItemExhibitList.P3AModificationItemGroup.ModificationItemList.ModificationItem.Installation.ImplementationMethodList.ImplementationMethod"
"Air Force Active","18","3.6","2014-BASE_PROCUREMENT-2014-AIRFORCE_AIRCRAFT_VOL1-PROCUREMENT_MasterJustificationBook_Air_Force_PB_2014.zzz_unzipped-PROCUREMENT_MasterJustificationBook_Air_Force_PB_2014.xml","3d1eb3c5666747a9d92f661ece888887cc86048cbc0f8f078ea392b035733c0d","0-c89bea9ce4586c667527f395ba6dbfa415fcfb015aa89b80f7f0b53b7e4ad462","0-6d54bf6185c631cf644df0b35e59e16a98bb8eda6a4ade81c99faf22796dce19","root.record.ItemExhibitList.P3AModificationItemGroup.ModificationItemList.ModificationItem.Installation.ImplementationMethodList.ImplementationMethod"
"Air Force Active","0","0.000","2014-BASE_PROCUREMENT-2014-AIRFORCE_AIRCRAFT_VOL2-PROCUREMENT_MasterJustificationBook_Air_Force_PB_2014.zzz_unzipped-PROCUREMENT_MasterJustificationBook_Air_Force_PB_2014.xml","7b89c00e8cf81cd9836555448995658ef5597146bf66ed04432566c529454884","0-9b365f1844b12feca8b34f34ca735729becea8554099a8c4fe1a1bdd9ce4f319","0-ade0e963472bad44da0fb111ebb12683d36fb11a2ee0230e2d66061f76d25bd8","root.record.ItemExhibitList.P3AModificationItemGroup.ModificationItemList.ModificationItem.Installation.ImplementationMethodList.ImplementationMethod"
"Air Force Active","0","0.000","2014-BASE_PROCUREMENT-2014-AIRFORCE_AIRCRAFT_VOL2-PROCUREMENT_MasterJustificationBook_Air_Force_PB_2014.zzz_unzipped-PROCUREMENT_MasterJustificationBook_Air_Force_PB_2014.xml","2f52dfa3f8bead847744714ccb33095b834dd66a79765aa2444b1c9adcfa263f","0-d622087e0a9674a73c7642a5159c1cc03bb56371cd9a2b4d2269cf98037d28ad","0-aa06861c9c0d0f55e4216379faf78027753889fe075bcb018596829a534dc974","root.record.ItemExhibitList.P3AModificationItemGroup.ModificationItemList.ModificationItem.Installation.ImplementationMethodList.ImplementationMethod"
"Air National Guard","48","1.229","2014-BASE_PROCUREMENT-2014-AIRFORCE_AIRCRAFT_VOL2-PROCUREMENT_MasterJustificationBook_Air_Force_PB_2014.zzz_unzipped-PROCUREMENT_MasterJustificationBook_Air_Force_PB_2014.xml","0adb94f2acf9d99f5b4bc6417a1d27c0f1d40fe934ae0b6dec35f050909dd167","0-bab2e2c784b00d4765823e02d3136743e60330e99814147b00d60217956e5804","0-05f9a2ccb48fee979474fb697258f1c57a3b38f77926414a9fa14182037cfe57","root.record.ItemExhibitList.P3AModificationItemGroup.ModificationItemList.ModificationItem.Installation.ImplementationMethodList.ImplementationMethod"
"Air Force Reserve","20","0.512","2014-BASE_PROCUREMENT-2014-AIRFORCE_AIRCRAFT_VOL2-PROCUREMENT_MasterJustificationBook_Air_Force_PB_2014.zzz_unzipped-PROCUREMENT_MasterJustificationBook_Air_Force_PB_2014.xml","0adb94f2acf9d99f5b4bc6417a1d27c0f1d40fe934ae0b6dec35f050909dd167","1-5c3ea83301c844677eb2c3abc1cad91107fd5832de459c8f5fb5a7d60c32ed48","0-05f9a2ccb48fee979474fb697258f1c57a3b38f77926414a9fa14182037cfe57","root.record.ItemExhibitList.P3AModificationItemGroup.ModificationItemList.ModificationItem.Installation.ImplementationMethodList.ImplementationMethod"
"Air Force Active","1","1.072","2014-BASE_PROCUREMENT-2014-AIRFORCE_AIRCRAFT_VOL2-PROCUREMENT_MasterJustificationBook_Air_Force_PB_2014.zzz_unzipped-PROCUREMENT_MasterJustificationBook_Air_Force_PB_2014.xml","947688debe5fea3470839e0e7b2dfec98356dc7d59684509e1d8e1fb34b5c4e5","0-ddaa21466cbaba995361276ce99162a57338bfb6e5f4a984f518ae6eddb7e4c8","0-21acd8179aa1dead83db67c7c6acaff74d14515f311c3213cd01ec75830767dc","root.record.ItemExhibitList.P3AModificationItemGroup.ModificationItemList.ModificationItem.Installation.ImplementationMethodList.ImplementationMethod"
"Air Force Active","2","8.896","2014-BASE_PROCUREMENT-2014-AIRFORCE_AIRCRAFT_VOL2-PROCUREMENT_MasterJustificationBook_Air_Force_PB_2014.zzz_unzipped-PROCUREMENT_MasterJustificationBook_Air_Force_PB_2014.xml","e4514f33c3955093dc8dcfcf215074965bd9f65e2e3e830bd92a95b52466e991","0-d190b98a60cc50d02aeeeeeae16614f1d67ce524f61dda20845e0998329066a5","0-809b6bbfa793d911153ea80183bbf2a8ee59103a12c922e323763bd62cf93f4b","root.record.ItemExhibitList.P3AModificationItemGroup.ModificationItemList.ModificationItem.Installation.ImplementationMethodList.ImplementationMethod"
"Air Force Active","3","1.527","2014-BASE_PROCUREMENT-2014-AIRFORCE_AIRCRAFT_VOL2-PROCUREMENT_MasterJustificationBook_Air_Force_PB_2014.zzz_unzipped-PROCUREMENT_MasterJustificationBook_Air_Force_PB_2014.xml","65e84959940af26965fd5b90afefd3615615d5cbf1273438e4bf87e70e20d450","0-c133a62fe733c9a76c39faf19d4c9b3bbe03e8ddab3b249f8f407eb69cfc2ae9","0-58bd573a3c5c166b6009b5e780f735cb76f84a94d138e4baf094ed5bb1cd805c","root.record.ItemExhibitList.P3AModificationItemGroup.ModificationItemList.ModificationItem.Installation.ImplementationMethodList.ImplementationMethod"
"Air Force Active","806","17.578","2014-BASE_PROCUREMENT-2014-AIRFORCE_AIRCRAFT_VOL2-PROCUREMENT_MasterJustificationBook_Air_Force_PB_2014.zzz_unzipped-PROCUREMENT_MasterJustificationBook_Air_Force_PB_2014.xml","e4c9e6ae72afb01de0f40987a03667cb84bdb9d1ffe0ec1213853fb2f1f72aa2","0-a730ee5d14ea5578829dabc96934cbfbf2e9c599978350fc7c0692a3c5df2893","0-2e2446b7514817b291def2b240d25824bdfb5a51fb4723f7f76fad1815869d56","root.record.ItemExhibitList.P3AModificationItemGroup.ModificationItemList.ModificationItem.Installation.ImplementationMethodList.ImplementationMethod"
"Air National Guard","154","3.234","2014-BASE_PROCUREMENT-2014-AIRFORCE_AIRCRAFT_VOL2-PROCUREMENT_MasterJustificationBook_Air_Force_PB_2014.zzz_unzipped-PROCUREMENT_MasterJustificationBook_Air_Force_PB_2014.xml","e4c9e6ae72afb01de0f40987a03667cb84bdb9d1ffe0ec1213853fb2f1f72aa2","1-6b7dcfaf1e728a5d087f717fafcd195fb668436a670958c1ee787f7047723486","0-2e2446b7514817b291def2b240d25824bdfb5a51fb4723f7f76fad1815869d56","root.record.ItemExhibitList.P3AModificationItemGroup.ModificationItemList.ModificationItem.Installation.ImplementationMethodList.ImplementationMethod"
"Air Force Active","10","0.25","2014-BASE_PROCUREMENT-2014-AIRFORCE_AIRCRAFT_VOL2-PROCUREMENT_MasterJustificationBook_Air_Force_PB_2014.zzz_unzipped-PROCUREMENT_MasterJustificationBook_Air_Force_PB_2014.xml","e4c9e6ae72afb01de0f40987a03667cb84bdb9d1ffe0ec1213853fb2f1f72aa2","0-e1b8b305259c7726c08c00c13cbfa353a530b8c5da78de014512a9ce6e0b9524","0-6943a79292c3550dfd2b79548d9067032ee7bbd9d7df32693d5e37955a3ccba2","root.record.ItemExhibitList.P3AModificationItemGroup.ModificationItemList.ModificationItem.Installation.ImplementationMethodList.ImplementationMethod"
"Air Force Active","0","0.000","2014-BASE_PROCUREMENT-2014-AIRFORCE_AIRCRAFT_VOL1-PROCUREMENT_MasterJustificationBook_Air_Force_PB_2014.zzz_unzipped-PROCUREMENT_MasterJustificationBook_Air_Force_PB_2014.xml","a42a3fdd1dd7ea22d485a46359f88be1b656f9a720ad019ae1e266127dd102c4","0-c5cb45e707392f2db9bc802235a5dddb0c609a33b73fc608b98b904a16e5af4a","0-748c32d2db85708b9619ed883841831c95d27b4d88db1ad17f0c3b5c4c8fed5a","root.record.ItemExhibitList.P3AModificationItemGroup.ModificationItemList.ModificationItem.Installation.ImplementationMethodList.ImplementationMethod"
"Air Force Active","0","0.000","2014-BASE_PROCUREMENT-2014-AIRFORCE_AIRCRAFT_VOL1-PROCUREMENT_MasterJustificationBook_Air_Force_PB_2014.zzz_unzipped-PROCUREMENT_MasterJustificationBook_Air_Force_PB_2014.xml","9d664e3d454672bc0353ffea221b34f7814f313dfb2e5e7c2a4053707f4c6b2a","0-c2bc046249f087b80391ec7817367d71925c71a9d4967f6c827600bccb042497","0-053b091146a5159b97fc4496f12170520fa5e351b6aaec15bafa6a6d6024222c","root.record.ItemExhibitList.P3AModificationItemGroup.ModificationItemList.ModificationItem.Installation.ImplementationMethodList.ImplementationMethod"
"Air National Guard","48","1.229","2014-BASE_PROCUREMENT-2014-AIRFORCE_AIRCRAFT_VOL1-PROCUREMENT_MasterJustificationBook_Air_Force_PB_2014.zzz_unzipped-PROCUREMENT_MasterJustificationBook_Air_Force_PB_2014.xml","b258f3af81e00e06e01d594fe0ad3952ecee5f4934a7d59a02173ec581326bf6","0-78f7eb99b1f389cb57138d7aab5b6b98b6e678f8a09a4d38f2c49ff2d1fb3f57","0-5bc784f048a8353944417f5a9d4abf0687e8f7b5d1d34e30366dc4d1cdcf866c","root.record.ItemExhibitList.P3AModificationItemGroup.ModificationItemList.ModificationItem.Installation.ImplementationMethodList.ImplementationMethod"
"Air Force Reserve","20","0.512","2014-BASE_PROCUREMENT-2014-AIRFORCE_AIRCRAFT_VOL1-PROCUREMENT_MasterJustificationBook_Air_Force_PB_2014.zzz_unzipped-PROCUREMENT_MasterJustificationBook_Air_Force_PB_2014.xml","b258f3af81e00e06e01d594fe0ad3952ecee5f4934a7d59a02173ec581326bf6","1-d94e630f03cf9c54db8c9127b15c5bdcbaa1dc4f38c53588416832485d4fc26c","0-5bc784f048a8353944417f5a9d4abf0687e8f7b5d1d34e30366dc4d1cdcf866c","root.record.ItemExhibitList.P3AModificationItemGroup.ModificationItemList.ModificationItem.Installation.ImplementationMethodList.ImplementationMethod"
"Air Force Active","1","1.072","2014-BASE_PROCUREMENT-2014-AIRFORCE_AIRCRAFT_VOL1-PROCUREMENT_MasterJustificationBook_Air_Force_PB_2014.zzz_unzipped-PROCUREMENT_MasterJustificationBook_Air_Force_PB_2014.xml","b7b7160afe3f9f605b0728b8bbba9a57b1548d4d19cb21bc24c6fcdcb8bd3f12","0-3f845b0ccaa6c7f2def6355f9e5a2ef0f8faf9dfbf447a564684dc6f16336633","0-cd341a48863b1bd263ffc3aaf2b98198b8e967c266ee09375356968f0b94700f","root.record.ItemExhibitList.P3AModificationItemGroup.ModificationItemList.ModificationItem.Installation.ImplementationMethodList.ImplementationMethod"
"Air Force Active","2","8.896","2014-BASE_PROCUREMENT-2014-AIRFORCE_AIRCRAFT_VOL1-PROCUREMENT_MasterJustificationBook_Air_Force_PB_2014.zzz_unzipped-PROCUREMENT_MasterJustificationBook_Air_Force_PB_2014.xml","ea429714b0f0f95031178afd8eaa3fa79fedb4f85200d5db526c01311ed9c868","0-7b34cb1474e427af922bdc34169bc9c3355ed5a717ee8d5085d7f1b88b913cd3","0-5e8f5a87dff1b3dbba71fbca91ab93469f2aff0d5444d397963962d9e26f289f","root.record.ItemExhibitList.P3AModificationItemGroup.ModificationItemList.ModificationItem.Installation.ImplementationMethodList.ImplementationMethod"
"Air Force Active","3","1.527","2014-BASE_PROCUREMENT-2014-AIRFORCE_AIRCRAFT_VOL1-PROCUREMENT_MasterJustificationBook_Air_Force_PB_2014.zzz_unzipped-PROCUREMENT_MasterJustificationBook_Air_Force_PB_2014.xml","10116f6b4f0fdbcb81d8df5cf94134ab7a85832a26474a9bfadc26ffc8526f94","0-4307663addd070861cf94368265c7f744113d12adf3077ecc2a7c87ef34d2f4a","0-17e0214a2c7f2982347819430c586e119208c12f3ab72aa5d6e5ff39a08f85c8","root.record.ItemExhibitList.P3AModificationItemGroup.ModificationItemList.ModificationItem.Installation.ImplementationMethodList.ImplementationMethod"
"Air Force Active","806","17.578","2014-BASE_PROCUREMENT-2014-AIRFORCE_AIRCRAFT_VOL1-PROCUREMENT_MasterJustificationBook_Air_Force_PB_2014.zzz_unzipped-PROCUREMENT_MasterJustificationBook_Air_Force_PB_2014.xml","fadb07c6826a0adfa8a8c503c403c634bd867ece364476e306cb767b4d2a0f2b","0-37699fd133edea92a446e72a3ac5e1e138242cef8110d18236862fe17927ab18","0-15ef801257460651237c8fb3068597cdacd969b72394c88e2011a36392afd6d9","root.record.ItemExhibitList.P3AModificationItemGroup.ModificationItemList.ModificationItem.Installation.ImplementationMethodList.ImplementationMethod"
"Air National Guard","154","3.234","2014-BASE_PROCUREMENT-2014-AIRFORCE_AIRCRAFT_VOL1-PROCUREMENT_MasterJustificationBook_Air_Force_PB_2014.zzz_unzipped-PROCUREMENT_MasterJustificationBook_Air_Force_PB_2014.xml","fadb07c6826a0adfa8a8c503c403c634bd867ece364476e306cb767b4d2a0f2b","1-b3db551b93ba65bc134bb70739b0384cf9d02a8ddea053e7578ececb3feeb122","0-15ef801257460651237c8fb3068597cdacd969b72394c88e2011a36392afd6d9","root.record.ItemExhibitList.P3AModificationItemGroup.ModificationItemList.ModificationItem.Installation.ImplementationMethodList.ImplementationMethod"
"Air Force Active","10","0.25","2014-BASE_PROCUREMENT-2014-AIRFORCE_AIRCRAFT_VOL1-PROCUREMENT_MasterJustificationBook_Air_Force_PB_2014.zzz_unzipped-PROCUREMENT_MasterJustificationBook_Air_Force_PB_2014.xml","fadb07c6826a0adfa8a8c503c403c634bd867ece364476e306cb767b4d2a0f2b","0-d904d8cb31a8b8a4220a46113faa2119705893748da28ef5c0a5c5c816867409","0-18972a7078e84d64e58607026c657d4c87d3fc5c279c5fb0564ef3a11b1a8ad4","root.record.ItemExhibitList.P3AModificationItemGroup.ModificationItemList.ModificationItem.Installation.ImplementationMethodList.ImplementationMethod"
"Air Force Active","1","0.5","2014-BASE_PROCUREMENT-2014-AIRFORCE_OTHER-PROCUREMENT_JustificationBook_Air_Force_PB_2014.zzz_unzipped-PROCUREMENT_JustificationBook_Air_Force_PB_2014.xml","6de08e14d3bd91a0fde6b9ba5734e5e549d6d6591a3e8c05a9f7b3ed3981ccdf","0-242b28bbf44c6cc21cfae0520a4686de9dc41a714de4d64d1c724be400832c76","0-4c66d0cbb8e4586bf30646cbf86b812cdb3d51da2b1b652056b2049b31984d14","root.record.ItemExhibitList.P3AModificationItemGroup.ModificationItemList.ModificationItem.Installation.ImplementationMethodList.ImplementationMethod"
"Air Force Active","1","0.5","2014-BASE_PROCUREMENT-2014-AIRFORCE_OTHER-PROCUREMENT_MasterJustificationBook_Air_Force_PB_2014.zzz_unzipped-PROCUREMENT_MasterJustificationBook_Air_Force_PB_2014.xml","1a768d092b331508335fa6c3e0d7eed4ce692eef185cf5361889ebe4ec495a4f","0-2c8958bfee77fa7bc180c7a5608d700d232555ca6412dea54a1e90d36b7cbacd","0-ff4c3d35a24a261b93e73a09ab8180c5edd6d6d91e27718c7439c446ac65c0d3","root.record.ItemExhibitList.P3AModificationItemGroup.ModificationItemList.ModificationItem.Installation.ImplementationMethodList.ImplementationMethod"
"Air Force Active","1","1.072","2014-AMENDED_PROCUREMENT_AND_RDTE-2014-AIRFORCE_AIRCRAFT-PROCUREMENT_JustificationBook_Air_Force_PBAmended_2014.zzz_unzipped-PROCUREMENT_JustificationBook_Air_Force_PBAmended_2014.xml","3d6fb4b31dee4b7948ca54ec0386001e4e57eff244e293544f95725b59f446e7","0-84ca553dea298ef7f667d42c80927441154e27f4848ed2911dd048659b943d45","0-de7450400afdd3da4fbd1ef9b84beb9d625f9fc8fd8833c0144697dc51dcac2c","root.record.ItemExhibitList.P3AModificationItemGroup.ModificationItemList.ModificationItem.Installation.ImplementationMethodList.ImplementationMethod"
"Air Force Active","0","0.000","2014-AMENDED_PROCUREMENT_AND_RDTE-2014-AIRFORCE_AIRCRAFT-PROCUREMENT_JustificationBook_Air_Force_PBAmended_2014.zzz_unzipped-PROCUREMENT_JustificationBook_Air_Force_PBAmended_2014.xml","d8e277922191d8a206e1393053ba024d93630f46b59bbdb1d002192804264fd8","0-b950f641a703444bd328d064d394d96114b98918a86e8a6afec11d9efad9d025","0-bb2c27104dd857701b36d1ceb0953611ac0867bdf0ca1132fc97a2c9e7493289","root.record.ItemExhibitList.P3AModificationItemGroup.ModificationItemList.ModificationItem.Installation.ImplementationMethodList.ImplementationMethod"
"Air National Guard","48","1.229","2014-AMENDED_PROCUREMENT_AND_RDTE-2014-AIRFORCE_AIRCRAFT-PROCUREMENT_JustificationBook_Air_Force_PBAmended_2014.zzz_unzipped-PROCUREMENT_JustificationBook_Air_Force_PBAmended_2014.xml","109f06a7bb06ab125125785c20926e64de46320f87f97e2e21a9b2aed50175ce","0-cac65a2973781271f74c6dff86e625f7536856e6fb4fdf612099d134c90a1a78","0-776835c663fc408c61f13333c05cca2429aab6920f24bfddc5cb6adc96ef34b7","root.record.ItemExhibitList.P3AModificationItemGroup.ModificationItemList.ModificationItem.Installation.ImplementationMethodList.ImplementationMethod"
"Air Force Reserve","20","0.512","2014-AMENDED_PROCUREMENT_AND_RDTE-2014-AIRFORCE_AIRCRAFT-PROCUREMENT_JustificationBook_Air_Force_PBAmended_2014.zzz_unzipped-PROCUREMENT_JustificationBook_Air_Force_PBAmended_2014.xml","109f06a7bb06ab125125785c20926e64de46320f87f97e2e21a9b2aed50175ce","1-c10a507bb624e655814fe39603f09c106e6a1cd9ccf5fff606593837290215d7","0-776835c663fc408c61f13333c05cca2429aab6920f24bfddc5cb6adc96ef34b7","root.record.ItemExhibitList.P3AModificationItemGroup.ModificationItemList.ModificationItem.Installation.ImplementationMethodList.ImplementationMethod"
"Air Force Active","18","3.6","2014-AMENDED_PROCUREMENT_AND_RDTE-2014-AIRFORCE_AIRCRAFT-PROCUREMENT_JustificationBook_Air_Force_PBAmended_2014.zzz_unzipped-PROCUREMENT_JustificationBook_Air_Force_PBAmended_2014.xml","b6e41eb5f50a99ad2d2cf145f03972cc93ae4b3fe7b2ff927841db0b40223081","0-c796d1307fd859c2b65a04d060a2e53c952951606d553c68b46cc46d39ace780","0-c8529b98b9cfecfdcc6f5273a095837bcaa18442fc64819143b37cf56c90edf6","root.record.ItemExhibitList.P3AModificationItemGroup.ModificationItemList.ModificationItem.Installation.ImplementationMethodList.ImplementationMethod"
"Air Force Active","1","1.072","2014-AMENDED_PROCUREMENT_AND_RDTE-2014-AIRFORCE_AIRCRAFT-PROCUREMENT_MasterJustificationBook_Air_Force_PBAmended_2014.zzz_unzipped-PROCUREMENT_MasterJustificationBook_Air_Force_PBAmended_2014.xml","5f5d2ae7965267dce85985544711ec147fb5ff1450e604453a370878f94ba52c","0-17fb8f1a86dffc1d9fe813e1f52491ce03bddd5cb0ebe44e2af0643957dfa88d","0-4402667b1a2393c3d693358e093371ecca09eb9f8ee83ad1372100b6f57e303c","root.record.ItemExhibitList.P3AModificationItemGroup.ModificationItemList.ModificationItem.Installation.ImplementationMethodList.ImplementationMethod"
"Air Force Active","0","0.000","2014-AMENDED_PROCUREMENT_AND_RDTE-2014-AIRFORCE_AIRCRAFT-PROCUREMENT_MasterJustificationBook_Air_Force_PBAmended_2014.zzz_unzipped-PROCUREMENT_MasterJustificationBook_Air_Force_PBAmended_2014.xml","f84db5e4ac54cbea603ef1226fb014d063bcc00cd675841753029c382eaeb30e","0-e0a4ef886c54ddee06526bbc75e31fa9bb449d17ef0a4fcfb8b08f184654f2dd","0-982df7a3908124a86045ee3871b7be250ec4c79380c2ab852923c4532547c06f","root.record.ItemExhibitList.P3AModificationItemGroup.ModificationItemList.ModificationItem.Installation.ImplementationMethodList.ImplementationMethod"
"Air National Guard","48","1.229","2014-AMENDED_PROCUREMENT_AND_RDTE-2014-AIRFORCE_AIRCRAFT-PROCUREMENT_MasterJustificationBook_Air_Force_PBAmended_2014.zzz_unzipped-PROCUREMENT_MasterJustificationBook_Air_Force_PBAmended_2014.xml","8e2220efe1667a92813cab4603f35c3261cc7dfe2788f5a8709b6fcc71bdf8bd","0-3f7cf5bf61a30667452427a9ce97eba2f331435ad468fe624ab6f2d2ab3ba51c","0-d1d9464a19176feaa473c5e86f69932e36ca8179d352b6719fbc0132173e93d0","root.record.ItemExhibitList.P3AModificationItemGroup.ModificationItemList.ModificationItem.Installation.ImplementationMethodList.ImplementationMethod"
"Air Force Reserve","20","0.512","2014-AMENDED_PROCUREMENT_AND_RDTE-2014-AIRFORCE_AIRCRAFT-PROCUREMENT_MasterJustificationBook_Air_Force_PBAmended_2014.zzz_unzipped-PROCUREMENT_MasterJustificationBook_Air_Force_PBAmended_2014.xml","8e2220efe1667a92813cab4603f35c3261cc7dfe2788f5a8709b6fcc71bdf8bd","1-f5fd3363401e213065a60a670e9d02c39b1a2e595ec6ee4435e62370ccce555c","0-d1d9464a19176feaa473c5e86f69932e36ca8179d352b6719fbc0132173e93d0","root.record.ItemExhibitList.P3AModificationItemGroup.ModificationItemList.ModificationItem.Installation.ImplementationMethodList.ImplementationMethod"
"Air Force Active","18","3.6","2014-AMENDED_PROCUREMENT_AND_RDTE-2014-AIRFORCE_AIRCRAFT-PROCUREMENT_MasterJustificationBook_Air_Force_PBAmended_2014.zzz_unzipped-PROCUREMENT_MasterJustificationBook_Air_Force_PBAmended_2014.xml","0486b2170542097e859ccb1eab43467b227915013d48baa497a0dfcec1db5c50","0-958203ac6f0c6556d6498cb0ac85ded4261cfcf429195c50b7b041e7c1a83714","0-2241a77467bc93762459f30e2da3ec2a09eab071a0beafecd4b183027e3b6238","root.record.ItemExhibitList.P3AModificationItemGroup.ModificationItemList.ModificationItem.Installation.ImplementationMethodList.ImplementationMethod"
