Name_val,Cost_BudgetYearFive_Quantity_val,Cost_BudgetYearFive_TotalCost_val,@SOURCE_FILENAME,@RECORDID,@ROWID,@PARENTROWID,@PARENT
"Air Force Active","1","26.404","2013-BASE_PROCUREMENT-2013-AIRFORCE_AIRCRAFT_VOL2-JustificationBook_Air_Force_PB_2013.zzz_unzipped-JustificationBook_Air_Force_PB_2013.xml","f9967fa42b57731954068ef520219961b9e7c3b2bb4bc4a87f98c5625c6ba5a0","0-77328e0621f35a777ca45952a87a2d92cb7b2340564122e9a8b96362ef44bbaf","0-07bc7b8a6592d4cb0d18ab12ea88b781c23762b9c40728ed3f3195edc6b61e81","root.record.ItemExhibitList.P3AModificationItemGroup.ModificationItemList.ModificationItem.Installation.ImplementationMethodList.ImplementationMethod"
"Air Force Active","1","0.000","2013-BASE_PROCUREMENT-2013-AIRFORCE_AIRCRAFT_VOL2-JustificationBook_Air_Force_PB_2013.zzz_unzipped-JustificationBook_Air_Force_PB_2013.xml","cba0cd297e6be791ef2bcfeb4e56f5ff9e6fbc950d55bc245b5871e2429867bd","0-11740b4bf71a4c0407db66a503ae45f176b9fbe26e7dcce66ee4613d109bf818","0-de3ef303cda7637388d08ecb648860b95ec9b4e10454750a55160b6a0392f848","root.record.ItemExhibitList.P3AModificationItemGroup.ModificationItemList.ModificationItem.Installation.ImplementationMethodList.ImplementationMethod"
"Air National Guard","3","10.305","2013-BASE_PROCUREMENT-2013-AIRFORCE_AIRCRAFT_VOL2-JustificationBook_Air_Force_PB_2013.zzz_unzipped-JustificationBook_Air_Force_PB_2013.xml","beedc27ca541947adf319bb5b1b581dfd5214e64502e92cc1fff70badf58b344","0-a36043bfc171eb958f500297c7c4936ac0d3cf4889e234f32a7e120cb5555d70","0-8dbbecbe584643a5ccfd53dfdafdfca74fcafc0c39c9c68bb911524dbf5078af","root.record.ItemExhibitList.P3AModificationItemGroup.ModificationItemList.ModificationItem.Installation.ImplementationMethodList.ImplementationMethod"
"Air Force Active","5","0.25","2013-BASE_PROCUREMENT-2013-AIRFORCE_AIRCRAFT_VOL2-JustificationBook_Air_Force_PB_2013.zzz_unzipped-JustificationBook_Air_Force_PB_2013.xml","1b69f888ea8ce167d58a275c92aa54a5c14d3e3ce7280432298742ab6fb44e8e","0-5a19f344fec317aedbff1559be520d91315bd6755e8ce52a74c4ae41c4e5ca02","0-d1baa7a193974d418cd1f754e7313de845fa496756b820159c2bf622c4b574fc","root.record.ItemExhibitList.P3AModificationItemGroup.ModificationItemList.ModificationItem.Installation.ImplementationMethodList.ImplementationMethod"
"Air Force Active","9","0.965","2013-BASE_PROCUREMENT-2013-AIRFORCE_AIRCRAFT_VOL2-JustificationBook_Air_Force_PB_2013.zzz_unzipped-JustificationBook_Air_Force_PB_2013.xml","55ff224b0c16f6229c62c5aefbbcc36d0cbf265d66b4c8a46704c153db79c343","0-bb9d98b3ca3b4c686051d14e21a12b7c11a3119612f8ae681ddde040ff015a13","0-15a6081558d561bba2c41e64858cdea360bd35adb613fddd986566d2acae0010","root.record.ItemExhibitList.P3AModificationItemGroup.ModificationItemList.ModificationItem.Installation.ImplementationMethodList.ImplementationMethod"
"Air Force Active","158","45.735","2013-BASE_PROCUREMENT-2013-AIRFORCE_AIRCRAFT_VOL2-JustificationBook_Air_Force_PB_2013.zzz_unzipped-JustificationBook_Air_Force_PB_2013.xml","f02bdd307b114cdc02da1348e494f5a3f116e4b5a1696f4a09ee391da3a8210e","0-f7e1e7339eb1b73d9e6ffe3fb31057ac59acd921951736384c1344e02feecf3e","0-16036f6cdefae805b0d1921424f6a3a828b23980d7db1bcfac59a8a6b96b6ff7","root.record.ItemExhibitList.P3AModificationItemGroup.ModificationItemList.ModificationItem.Installation.ImplementationMethodList.ImplementationMethod"
"Air National Guard","20","5.789","2013-BASE_PROCUREMENT-2013-AIRFORCE_AIRCRAFT_VOL2-JustificationBook_Air_Force_PB_2013.zzz_unzipped-JustificationBook_Air_Force_PB_2013.xml","f02bdd307b114cdc02da1348e494f5a3f116e4b5a1696f4a09ee391da3a8210e","1-6298b1b1bd20b86b36c1ae6e8e6142cdd34d6856c3f8a66aff794c5161d9c06a","0-16036f6cdefae805b0d1921424f6a3a828b23980d7db1bcfac59a8a6b96b6ff7","root.record.ItemExhibitList.P3AModificationItemGroup.ModificationItemList.ModificationItem.Installation.ImplementationMethodList.ImplementationMethod"
"Air Force Active","14","2.15","2013-BASE_PROCUREMENT-2013-AIRFORCE_AIRCRAFT_VOL2-JustificationBook_Air_Force_PB_2013.zzz_unzipped-JustificationBook_Air_Force_PB_2013.xml","f02bdd307b114cdc02da1348e494f5a3f116e4b5a1696f4a09ee391da3a8210e","0-55e9996549ff3e6fcb7fd32400856801254d6fe96ba5a6129cb2a9590ff26bc6","0-319c040e4642439cb276595f4b0669ad6f5f23eba08cb84fdda69eb95e9d9f63","root.record.ItemExhibitList.P3AModificationItemGroup.ModificationItemList.ModificationItem.Installation.ImplementationMethodList.ImplementationMethod"
"Air Force Active","1","26.404","2013-BASE_PROCUREMENT-2013-AIRFORCE_AIRCRAFT_VOL2-MasterJustificationBook_Air_Force_PB_2013.zzz_unzipped-MasterJustificationBook_Air_Force_PB_2013.xml","8ecd181f0be17491705fbab80b4dd0105939c12cd6f64d3cc41b3cbd45586462","0-6fd5fecb070bc5477950fe8c5f11c7be61088bba6251d21c1c8d949bc0aed019","0-61d596344341d5c6151998f8def438045ea64dd6d5df82233ac1030fc0f8a66c","root.record.ItemExhibitList.P3AModificationItemGroup.ModificationItemList.ModificationItem.Installation.ImplementationMethodList.ImplementationMethod"
"Air Force Active","1","0.000","2013-BASE_PROCUREMENT-2013-AIRFORCE_AIRCRAFT_VOL2-MasterJustificationBook_Air_Force_PB_2013.zzz_unzipped-MasterJustificationBook_Air_Force_PB_2013.xml","5901a4c8b0d4adfbe277a0b6d649d7a40850cdab63961f7b77d26372c000f59f","0-a5a73eb7a4b32ffba17de8d406c205c01b075d6067bab2750cd12c18dd6e9b85","0-b47bcae1f612ee943c4bb572047ed6ab90e98379eeadb492c9a8a231ff38f9f4","root.record.ItemExhibitList.P3AModificationItemGroup.ModificationItemList.ModificationItem.Installation.ImplementationMethodList.ImplementationMethod"
"Air National Guard","3","10.305","2013-BASE_PROCUREMENT-2013-AIRFORCE_AIRCRAFT_VOL2-MasterJustificationBook_Air_Force_PB_2013.zzz_unzipped-MasterJustificationBook_Air_Force_PB_2013.xml","ba6bc6cfde583a371e665ca4731f5d9edb93b18be168e4f8e2272bb29bc7cdd1","0-545f3cf73828fd1efa229b2192fd34aaa97f64eb8d9a5e7e795af35e4d8fdaeb","0-54d08856a63cd5fe6420a0ff4e3b1754d39c27791f14cad076b3430b4cea4848","root.record.ItemExhibitList.P3AModificationItemGroup.ModificationItemList.ModificationItem.Installation.ImplementationMethodList.ImplementationMethod"
"Air Force Active","5","0.25","2013-BASE_PROCUREMENT-2013-AIRFORCE_AIRCRAFT_VOL2-MasterJustificationBook_Air_Force_PB_2013.zzz_unzipped-MasterJustificationBook_Air_Force_PB_2013.xml","bbe19e056d5a56d1e0a0f0b447d77ce7749b74494abc97d27d6eac183f790f36","0-52523a5f0a3999d0bb1dc14edfe6aa07ab400fd64d408ebe2e121f16a191a889","0-8ddbacfc355c286a46d46f2e28092d257729a401e5644d49821ca792ac3198e7","root.record.ItemExhibitList.P3AModificationItemGroup.ModificationItemList.ModificationItem.Installation.ImplementationMethodList.ImplementationMethod"
"Air Force Active","9","0.965","2013-BASE_PROCUREMENT-2013-AIRFORCE_AIRCRAFT_VOL2-MasterJustificationBook_Air_Force_PB_2013.zzz_unzipped-MasterJustificationBook_Air_Force_PB_2013.xml","a6da5a639dd2fc8173209157d8bdf492c2fadf5aedcfcdcedbb9d18303bd52c9","0-7d0df76df27508487bf1c95361b1cf0c55e5d653d6d6ac6e5ca925df3f044dec","0-9dc87c4fbc47d508eccc463b88af90bc6c240f57b73cb9834717cb255b34647c","root.record.ItemExhibitList.P3AModificationItemGroup.ModificationItemList.ModificationItem.Installation.ImplementationMethodList.ImplementationMethod"
"Air Force Active","158","45.735","2013-BASE_PROCUREMENT-2013-AIRFORCE_AIRCRAFT_VOL2-MasterJustificationBook_Air_Force_PB_2013.zzz_unzipped-MasterJustificationBook_Air_Force_PB_2013.xml","112eb3735d4ce129abd075705a90e1b9579e7e82287a041d0434475ae6e5e0ca","0-dea2337540b65f6cb365a6bf757fb8d331cdd480cf1a957e8262f62572d8ae96","0-fee146a44b84b3d04f6f713729430478c89a41290170fee9230db39771b7a60c","root.record.ItemExhibitList.P3AModificationItemGroup.ModificationItemList.ModificationItem.Installation.ImplementationMethodList.ImplementationMethod"
"Air National Guard","20","5.789","2013-BASE_PROCUREMENT-2013-AIRFORCE_AIRCRAFT_VOL2-MasterJustificationBook_Air_Force_PB_2013.zzz_unzipped-MasterJustificationBook_Air_Force_PB_2013.xml","112eb3735d4ce129abd075705a90e1b9579e7e82287a041d0434475ae6e5e0ca","1-a3319a5c06e409ce6c62f219bcb67c6bcfb30b30a8b26ab7c9cac1cf2ccb91c0","0-fee146a44b84b3d04f6f713729430478c89a41290170fee9230db39771b7a60c","root.record.ItemExhibitList.P3AModificationItemGroup.ModificationItemList.ModificationItem.Installation.ImplementationMethodList.ImplementationMethod"
"Air Force Active","14","2.15","2013-BASE_PROCUREMENT-2013-AIRFORCE_AIRCRAFT_VOL2-MasterJustificationBook_Air_Force_PB_2013.zzz_unzipped-MasterJustificationBook_Air_Force_PB_2013.xml","112eb3735d4ce129abd075705a90e1b9579e7e82287a041d0434475ae6e5e0ca","0-b55bd81c745181407a515b46dd6910d6bab9bcc85a64674194f18ef2db07ede5","0-e67f15ae090d69da04683dcc6417cf55231ebf5502b1d4859cdee1cb8f3261e5","root.record.ItemExhibitList.P3AModificationItemGroup.ModificationItemList.ModificationItem.Installation.ImplementationMethodList.ImplementationMethod"
"Air Force Active","1","26.404","2013-BASE_PROCUREMENT-2013-AIRFORCE_AIRCRAFT_VOL1-MasterJustificationBook_Air_Force_PB_2013.zzz_unzipped-MasterJustificationBook_Air_Force_PB_2013.xml","d68416fc1b1b90c06e907f94433df44293689384eb694ca2f76e44623844abb4","0-0fb30df8350ce4b29113eeee48e83bb6cab21b8bb7404f79e9ca6a0538f290c7","0-271c864231bfffdbad28331093cd68e295c157f0c3f2343fc8babd849edf530b","root.record.ItemExhibitList.P3AModificationItemGroup.ModificationItemList.ModificationItem.Installation.ImplementationMethodList.ImplementationMethod"
"Air Force Active","1","0.000","2013-BASE_PROCUREMENT-2013-AIRFORCE_AIRCRAFT_VOL1-MasterJustificationBook_Air_Force_PB_2013.zzz_unzipped-MasterJustificationBook_Air_Force_PB_2013.xml","440b45d6fcd8324d3e96333d5b6bc55eec4bb9a2c719b5a938bb13b68d77e8f2","0-fb52684852632b8257d5d9d7be717c379caf039095c27fac006771664124cf13","0-9495dcf86edda122e47e00d5f25c6ca697c40b96e01acee97de4450d107b13be","root.record.ItemExhibitList.P3AModificationItemGroup.ModificationItemList.ModificationItem.Installation.ImplementationMethodList.ImplementationMethod"
"Air National Guard","3","10.305","2013-BASE_PROCUREMENT-2013-AIRFORCE_AIRCRAFT_VOL1-MasterJustificationBook_Air_Force_PB_2013.zzz_unzipped-MasterJustificationBook_Air_Force_PB_2013.xml","f5bf96cfeb8a51f263b270a38de465b90b8814a746f9a492d3511d30c4da9565","0-725bd4a205a28fb53343c91af7f507fb6f9440a3660e1ba0ecd9ae4e5d542e2f","0-ab13ab8adc59490b39392691c77dab70a3bb69b2f6a5ea0fdd8d5e727bb658fa","root.record.ItemExhibitList.P3AModificationItemGroup.ModificationItemList.ModificationItem.Installation.ImplementationMethodList.ImplementationMethod"
"Air Force Active","5","0.25","2013-BASE_PROCUREMENT-2013-AIRFORCE_AIRCRAFT_VOL1-MasterJustificationBook_Air_Force_PB_2013.zzz_unzipped-MasterJustificationBook_Air_Force_PB_2013.xml","4824fc05d19394cc85737ba30a7f7988ae1cb991f493650a3bd4c97410126e2a","0-4c7c0dc47a94a2a8546280f16cbc836e1514f7596077f837736e2cd0f94c298f","0-f31ed3045424db8a90e5f4f1a38585d3a2c2f6bf8ac3dea1b285bbdbf6b9e63c","root.record.ItemExhibitList.P3AModificationItemGroup.ModificationItemList.ModificationItem.Installation.ImplementationMethodList.ImplementationMethod"
"Air Force Active","9","0.965","2013-BASE_PROCUREMENT-2013-AIRFORCE_AIRCRAFT_VOL1-MasterJustificationBook_Air_Force_PB_2013.zzz_unzipped-MasterJustificationBook_Air_Force_PB_2013.xml","645944f97916cf96b4f5164162b90064cc7498f636c6a81e29631f7434d839d6","0-6ca227bc1d73507784ac33d37ee399d03301e037cb4efea91cd12ddb6f53b604","0-9b80c77d04bd64ade75eae87bb3f9ebbb4bd55f19b8b9cb52313a470374c04da","root.record.ItemExhibitList.P3AModificationItemGroup.ModificationItemList.ModificationItem.Installation.ImplementationMethodList.ImplementationMethod"
"Air Force Active","158","45.735","2013-BASE_PROCUREMENT-2013-AIRFORCE_AIRCRAFT_VOL1-MasterJustificationBook_Air_Force_PB_2013.zzz_unzipped-MasterJustificationBook_Air_Force_PB_2013.xml","88ecf7b4108f5008c743b1f4b59161bedeb688ad0bc869dc12bac8af9b1ecb31","0-d22a371f1c31b757e9400727af145c2cb096c9bef92f7dfa9160d6304746b260","0-0b4b24c38e2beece0427d817304f77a763cac8e0b5a307e00109699c62804a0f","root.record.ItemExhibitList.P3AModificationItemGroup.ModificationItemList.ModificationItem.Installation.ImplementationMethodList.ImplementationMethod"
"Air National Guard","20","5.789","2013-BASE_PROCUREMENT-2013-AIRFORCE_AIRCRAFT_VOL1-MasterJustificationBook_Air_Force_PB_2013.zzz_unzipped-MasterJustificationBook_Air_Force_PB_2013.xml","88ecf7b4108f5008c743b1f4b59161bedeb688ad0bc869dc12bac8af9b1ecb31","1-e916934d19f09d1e809e73256edc9e84c301a7037cb5a072092605e224437b0b","0-0b4b24c38e2beece0427d817304f77a763cac8e0b5a307e00109699c62804a0f","root.record.ItemExhibitList.P3AModificationItemGroup.ModificationItemList.ModificationItem.Installation.ImplementationMethodList.ImplementationMethod"
"Air Force Active","14","2.15","2013-BASE_PROCUREMENT-2013-AIRFORCE_AIRCRAFT_VOL1-MasterJustificationBook_Air_Force_PB_2013.zzz_unzipped-MasterJustificationBook_Air_Force_PB_2013.xml","88ecf7b4108f5008c743b1f4b59161bedeb688ad0bc869dc12bac8af9b1ecb31","0-cf845b3a14fcb5bb5f8a44bd3b06fb2e3291c791eabf87a6ee1cf043e868b7a0","0-0b3eed7f7daa92a5410f16134f1f21bc7d59fc577874b98550fb962872448f9b","root.record.ItemExhibitList.P3AModificationItemGroup.ModificationItemList.ModificationItem.Installation.ImplementationMethodList.ImplementationMethod"
"Air Force Active","1","0.075","2013-BASE_PROCUREMENT-2013-AIRFORCE_OTHER-JustificationBook_Air_Force_PB_2013.zzz_unzipped-JustificationBook_Air_Force_PB_2013.xml","ca4a21a6df897b8aea1925161ee0fd863476b50df1ca5a541e8d6f45ea12f962","0-305906884392f4e794e7767626c3befb3da6225522fde9b99e175c54a72e4146","0-198324c4d3cb842974a0a8771dd53213236f276ef3d498f948ce47b9f32795a2","root.record.ItemExhibitList.P3AModificationItemGroup.ModificationItemList.ModificationItem.Installation.ImplementationMethodList.ImplementationMethod"
"Air Force Active","1","0.2","2013-BASE_PROCUREMENT-2013-AIRFORCE_OTHER-JustificationBook_Air_Force_PB_2013.zzz_unzipped-JustificationBook_Air_Force_PB_2013.xml","d92e9313cbd8cc005423f86d21bd5824ffdc33ba0eedf34c43fb31c7cb4b7fb2","0-84376c00a9df0a0a55f741cd7d4292569d0cf9355f3726afe52ab2cb6818799a","0-244129ddc7264ff4fa03368ad5a064e12ae118bea0ab8c214d6935460b934e35","root.record.ItemExhibitList.P3AModificationItemGroup.ModificationItemList.ModificationItem.Installation.ImplementationMethodList.ImplementationMethod"
"Air Force Active","1","0.075","2013-BASE_PROCUREMENT-2013-AIRFORCE_OTHER-MasterJustificationBook_Air_Force_PB_2013.zzz_unzipped-MasterJustificationBook_Air_Force_PB_2013.xml","88b46961904815d0d0364584a26fb1b66eaa42ea170fe6f8d779c0476071f4cf","0-6b3c55f83daf9d086cc96d6ff58fbea620fa6a89aaddb102a6051dc6dc59471a","0-20d04f6395a437ff876b536964d966c3aa98f974b83b90f7120c61ef13bf9c19","root.record.ItemExhibitList.P3AModificationItemGroup.ModificationItemList.ModificationItem.Installation.ImplementationMethodList.ImplementationMethod"
"Air Force Active","1","0.2","2013-BASE_PROCUREMENT-2013-AIRFORCE_OTHER-MasterJustificationBook_Air_Force_PB_2013.zzz_unzipped-MasterJustificationBook_Air_Force_PB_2013.xml","7a27bbe4229cf595fb46d3bfb1d4a54a599e6c5a47461df2d59feb821780cd04","0-5ad492337a16d17357bc8c6e31e6ffbb5527b5d046fe3d0cafa1574086371082","0-c927cbbda2d4bdbc0cf617c0f2467344e0078d6f85e2d71ab0d385c0c328b080","root.record.ItemExhibitList.P3AModificationItemGroup.ModificationItemList.ModificationItem.Installation.ImplementationMethodList.ImplementationMethod"
"Air Force Active","0","0.000","2014-BASE_PROCUREMENT-2014-AIRFORCE_AIRCRAFT_VOL2-PROCUREMENT_JustificationBook_Air_Force_PB_2014.zzz_unzipped-PROCUREMENT_JustificationBook_Air_Force_PB_2014.xml","ef4de724616dbe350c2d8cdbad81862d16464e02ca15409491c910e75a43c4a7","0-aac8ca080497c4ce5244e08921db84a1204a9658c032530103cd187e723c65e1","0-6e0e3185288302327e56f18a1c9dbc6c8b90145f621f0c383d42efd4ad277fe8","root.record.ItemExhibitList.P3AModificationItemGroup.ModificationItemList.ModificationItem.Installation.ImplementationMethodList.ImplementationMethod"
"Air Force Active","0","0.000","2014-BASE_PROCUREMENT-2014-AIRFORCE_AIRCRAFT_VOL2-PROCUREMENT_JustificationBook_Air_Force_PB_2014.zzz_unzipped-PROCUREMENT_JustificationBook_Air_Force_PB_2014.xml","6e816b280add2c6e3187c3bccce8af48caea4e5a4a368db70425872ae7cc52fe","0-8b59019ac446f6b5349fd1a6dafae071d2425e34362b4b8bd42dd1e1f4ca41b6","0-5cb1f78127c3af32b714e48a976cc65e96705fc5a7a50dcb710c385dc2c68746","root.record.ItemExhibitList.P3AModificationItemGroup.ModificationItemList.ModificationItem.Installation.ImplementationMethodList.ImplementationMethod"
"Air National Guard","48","1.229","2014-BASE_PROCUREMENT-2014-AIRFORCE_AIRCRAFT_VOL2-PROCUREMENT_JustificationBook_Air_Force_PB_2014.zzz_unzipped-PROCUREMENT_JustificationBook_Air_Force_PB_2014.xml","8d4d83cc23dd2a0a56b5f91803df15fd1e4e30278d868b9d2ba94e70a834086c","0-ee55c6291a80bfc4133cd1057bf0894d6b73cbdd773d0cc1b54134c8cf845062","0-f6dae8d0964cdc64a0a8dff95a78e8f1cdfcdc4c0a989c4fd3539845037ab076","root.record.ItemExhibitList.P3AModificationItemGroup.ModificationItemList.ModificationItem.Installation.ImplementationMethodList.ImplementationMethod"
"Air Force Reserve","20","0.512","2014-BASE_PROCUREMENT-2014-AIRFORCE_AIRCRAFT_VOL2-PROCUREMENT_JustificationBook_Air_Force_PB_2014.zzz_unzipped-PROCUREMENT_JustificationBook_Air_Force_PB_2014.xml","8d4d83cc23dd2a0a56b5f91803df15fd1e4e30278d868b9d2ba94e70a834086c","1-b479253794d50f417297498f4164ed019c6eb64152fef4783c2c63f897759f7a","0-f6dae8d0964cdc64a0a8dff95a78e8f1cdfcdc4c0a989c4fd3539845037ab076","root.record.ItemExhibitList.P3AModificationItemGroup.ModificationItemList.ModificationItem.Installation.ImplementationMethodList.ImplementationMethod"
"Air Force Active","1","1.072","2014-BASE_PROCUREMENT-2014-AIRFORCE_AIRCRAFT_VOL2-PROCUREMENT_JustificationBook_Air_Force_PB_2014.zzz_unzipped-PROCUREMENT_JustificationBook_Air_Force_PB_2014.xml","410a397b66e859f8c3242c34d26b9ae62c6f8f87c219cd47b018398244f3be5e","0-a3057a3ea8006fde0992be1207d4d6af962e3747329335e74b9acd1f5fad8d75","0-67c119b81e17bb65b29da25c9a8aa80fd3561bb1ed16fd1305d28074c0f1fb49","root.record.ItemExhibitList.P3AModificationItemGroup.ModificationItemList.ModificationItem.Installation.ImplementationMethodList.ImplementationMethod"
"Air Force Active","2","8.896","2014-BASE_PROCUREMENT-2014-AIRFORCE_AIRCRAFT_VOL2-PROCUREMENT_JustificationBook_Air_Force_PB_2014.zzz_unzipped-PROCUREMENT_JustificationBook_Air_Force_PB_2014.xml","6e8433923b29c97885d1fa7c604c8a7d21001c849e27ca06bdc9423153a35683","0-4fef2561d0525b97b5843a865bd3a5e1904f44c9f90259a7cd72badef944d4b3","0-1690a4bbf06832944bf0de3cb0dd2f1deeda804e99e7cee7f34176759bb55f0a","root.record.ItemExhibitList.P3AModificationItemGroup.ModificationItemList.ModificationItem.Installation.ImplementationMethodList.ImplementationMethod"
"Air Force Active","3","1.527","2014-BASE_PROCUREMENT-2014-AIRFORCE_AIRCRAFT_VOL2-PROCUREMENT_JustificationBook_Air_Force_PB_2014.zzz_unzipped-PROCUREMENT_JustificationBook_Air_Force_PB_2014.xml","408c492aad2565e84f421b56bf4cdbe4a07281d66b4d11001af37b8fea281e12","0-7fed6c665d4ad2c095444f000245bbe0d42e848d5a46635ed34cd09b088f7157","0-a57e2fb13745975e6fbfad958ac8ac990efeced6d84286368c7c5dfbba1fd21a","root.record.ItemExhibitList.P3AModificationItemGroup.ModificationItemList.ModificationItem.Installation.ImplementationMethodList.ImplementationMethod"
"Air Force Active","806","17.578","2014-BASE_PROCUREMENT-2014-AIRFORCE_AIRCRAFT_VOL2-PROCUREMENT_JustificationBook_Air_Force_PB_2014.zzz_unzipped-PROCUREMENT_JustificationBook_Air_Force_PB_2014.xml","b12d5a01b7ace282920ee4cd1a8a505840616fd0564da6061bde25ce369cffe3","0-7633df9adbb9804498b5d9153493ecd3e32526e160791e48eee6d98d44f8e871","0-354829d0776d9a66a11244e3a74dafe378b779206013b6cdc8293a7f8316f9bb","root.record.ItemExhibitList.P3AModificationItemGroup.ModificationItemList.ModificationItem.Installation.ImplementationMethodList.ImplementationMethod"
"Air National Guard","154","3.234","2014-BASE_PROCUREMENT-2014-AIRFORCE_AIRCRAFT_VOL2-PROCUREMENT_JustificationBook_Air_Force_PB_2014.zzz_unzipped-PROCUREMENT_JustificationBook_Air_Force_PB_2014.xml","b12d5a01b7ace282920ee4cd1a8a505840616fd0564da6061bde25ce369cffe3","1-9d17705a6025f261f0a17548abd5206157206ff2554f9230a94a65a952b481fe","0-354829d0776d9a66a11244e3a74dafe378b779206013b6cdc8293a7f8316f9bb","root.record.ItemExhibitList.P3AModificationItemGroup.ModificationItemList.ModificationItem.Installation.ImplementationMethodList.ImplementationMethod"
"Air Force Active","10","0.25","2014-BASE_PROCUREMENT-2014-AIRFORCE_AIRCRAFT_VOL2-PROCUREMENT_JustificationBook_Air_Force_PB_2014.zzz_unzipped-PROCUREMENT_JustificationBook_Air_Force_PB_2014.xml","b12d5a01b7ace282920ee4cd1a8a505840616fd0564da6061bde25ce369cffe3","0-f28632a001b9ca19dec9709af6c6cd81193eaaefd43804b38147e476ed6dc764","0-00515dd67eb4fc1f11b137612708b710426266b3afb08083804295bb957e7250","root.record.ItemExhibitList.P3AModificationItemGroup.ModificationItemList.ModificationItem.Installation.ImplementationMethodList.ImplementationMethod"
"Air Force Active","18","3.6","2014-BASE_PROCUREMENT-2014-AIRFORCE_AIRCRAFT_VOL1-PROCUREMENT_JustificationBook_Air_Force_PB_2014.zzz_unzipped-PROCUREMENT_JustificationBook_Air_Force_PB_2014.xml","c8f31e33d85c2ae7b9ea6f5b7434c9ce9975a166d18248001748d2083cabb5e1","0-eb9afec81752dc3d34667416a0c9621ef017cd20ae945051cb735319a1d7147e","0-27781f8e2a519f9d88a050554a3dc4f1ba0d64efaa3c7fc9e22d345da790c0b5","root.record.ItemExhibitList.P3AModificationItemGroup.ModificationItemList.ModificationItem.Installation.ImplementationMethodList.ImplementationMethod"
"Air Force Active","18","3.6","2014-BASE_PROCUREMENT-2014-AIRFORCE_AIRCRAFT_VOL2-PROCUREMENT_MasterJustificationBook_Air_Force_PB_2014.zzz_unzipped-PROCUREMENT_MasterJustificationBook_Air_Force_PB_2014.xml","2e21f726367d918b2eb5cbfcf3589ef44017d35b4ba706d8541e8cb65c1c9e9b","0-a93f531aca525b0ac5cfcfcb67d84bf386dcf15c10ba54b0cca85fd25e0d7672","0-82718448ae15175b57709af02a1cda3b523bcb2b70e1f3e9b0582660d7e91d1e","root.record.ItemExhibitList.P3AModificationItemGroup.ModificationItemList.ModificationItem.Installation.ImplementationMethodList.ImplementationMethod"
"Air Force Active","18","3.6","2014-BASE_PROCUREMENT-2014-AIRFORCE_AIRCRAFT_VOL1-PROCUREMENT_MasterJustificationBook_Air_Force_PB_2014.zzz_unzipped-PROCUREMENT_MasterJustificationBook_Air_Force_PB_2014.xml","3d1eb3c5666747a9d92f661ece888887cc86048cbc0f8f078ea392b035733c0d","0-4162743142e4ced5b3e9aa417f89968498e6dbef5549da4a92b3e673d2e51892","0-169ff49ec3077e48c37dcde8123393b849cf3ca52ec70d56f9291f282bbb6dd6","root.record.ItemExhibitList.P3AModificationItemGroup.ModificationItemList.ModificationItem.Installation.ImplementationMethodList.ImplementationMethod"
"Air Force Active","0","0.000","2014-BASE_PROCUREMENT-2014-AIRFORCE_AIRCRAFT_VOL2-PROCUREMENT_MasterJustificationBook_Air_Force_PB_2014.zzz_unzipped-PROCUREMENT_MasterJustificationBook_Air_Force_PB_2014.xml","7b89c00e8cf81cd9836555448995658ef5597146bf66ed04432566c529454884","0-acc9fabe01e512996f1318286852eb83f0e618e8b2de5f6a108cb25b3012baed","0-1e8ef47b6d595bac41188045e95d128b396cf55a5878c7f569b9f754b3f241c9","root.record.ItemExhibitList.P3AModificationItemGroup.ModificationItemList.ModificationItem.Installation.ImplementationMethodList.ImplementationMethod"
"Air Force Active","0","0.000","2014-BASE_PROCUREMENT-2014-AIRFORCE_AIRCRAFT_VOL2-PROCUREMENT_MasterJustificationBook_Air_Force_PB_2014.zzz_unzipped-PROCUREMENT_MasterJustificationBook_Air_Force_PB_2014.xml","2f52dfa3f8bead847744714ccb33095b834dd66a79765aa2444b1c9adcfa263f","0-bf71720e3085cbbf7e66c0bc19e0973cf79b5b681b693cad0e1392078d28c6e2","0-55d0d2b6f3d81379e2f3a36f2449edb4552aec53c768a5d59a919bc5340ec7e4","root.record.ItemExhibitList.P3AModificationItemGroup.ModificationItemList.ModificationItem.Installation.ImplementationMethodList.ImplementationMethod"
"Air National Guard","48","1.229","2014-BASE_PROCUREMENT-2014-AIRFORCE_AIRCRAFT_VOL2-PROCUREMENT_MasterJustificationBook_Air_Force_PB_2014.zzz_unzipped-PROCUREMENT_MasterJustificationBook_Air_Force_PB_2014.xml","0adb94f2acf9d99f5b4bc6417a1d27c0f1d40fe934ae0b6dec35f050909dd167","0-10cd93edf0c0a516114350889a153b6114ae44d33debb0ead52eb36e6818d4d0","0-ae87167cfa26cf1c53391479a8f293893b713987e5643dfa8d04c50d151749f2","root.record.ItemExhibitList.P3AModificationItemGroup.ModificationItemList.ModificationItem.Installation.ImplementationMethodList.ImplementationMethod"
"Air Force Reserve","20","0.512","2014-BASE_PROCUREMENT-2014-AIRFORCE_AIRCRAFT_VOL2-PROCUREMENT_MasterJustificationBook_Air_Force_PB_2014.zzz_unzipped-PROCUREMENT_MasterJustificationBook_Air_Force_PB_2014.xml","0adb94f2acf9d99f5b4bc6417a1d27c0f1d40fe934ae0b6dec35f050909dd167","1-2555268a1938285c315778e98f3f33594c3c15d3606dc6435f095a1f6cff755c","0-ae87167cfa26cf1c53391479a8f293893b713987e5643dfa8d04c50d151749f2","root.record.ItemExhibitList.P3AModificationItemGroup.ModificationItemList.ModificationItem.Installation.ImplementationMethodList.ImplementationMethod"
"Air Force Active","1","1.072","2014-BASE_PROCUREMENT-2014-AIRFORCE_AIRCRAFT_VOL2-PROCUREMENT_MasterJustificationBook_Air_Force_PB_2014.zzz_unzipped-PROCUREMENT_MasterJustificationBook_Air_Force_PB_2014.xml","947688debe5fea3470839e0e7b2dfec98356dc7d59684509e1d8e1fb34b5c4e5","0-78ce64aeb210e5464f9f669efc176ec2543ae2ef56f0e229461737202c70f57a","0-f850b296407dc23468a6cc0de33b13e637c6fe7225b62636f2ec8d798e4d0625","root.record.ItemExhibitList.P3AModificationItemGroup.ModificationItemList.ModificationItem.Installation.ImplementationMethodList.ImplementationMethod"
"Air Force Active","2","8.896","2014-BASE_PROCUREMENT-2014-AIRFORCE_AIRCRAFT_VOL2-PROCUREMENT_MasterJustificationBook_Air_Force_PB_2014.zzz_unzipped-PROCUREMENT_MasterJustificationBook_Air_Force_PB_2014.xml","e4514f33c3955093dc8dcfcf215074965bd9f65e2e3e830bd92a95b52466e991","0-f8b974cc1ab66403c0c62011048437ad496cba6284bf973ddd26d59b81c9c999","0-d0d1156cfb9567cc7e461340e0b5ff167d3ce0178c9be9d2c70585ce1d9761ac","root.record.ItemExhibitList.P3AModificationItemGroup.ModificationItemList.ModificationItem.Installation.ImplementationMethodList.ImplementationMethod"
"Air Force Active","3","1.527","2014-BASE_PROCUREMENT-2014-AIRFORCE_AIRCRAFT_VOL2-PROCUREMENT_MasterJustificationBook_Air_Force_PB_2014.zzz_unzipped-PROCUREMENT_MasterJustificationBook_Air_Force_PB_2014.xml","65e84959940af26965fd5b90afefd3615615d5cbf1273438e4bf87e70e20d450","0-c520d22dcf487c5a7f55a8bf997131ae906cfd1e5e423ee49528a5e7d34b44f7","0-841b2279cf3e962090400adc106c7d2a98ca464e8760ddceb410e2464cd1f833","root.record.ItemExhibitList.P3AModificationItemGroup.ModificationItemList.ModificationItem.Installation.ImplementationMethodList.ImplementationMethod"
"Air Force Active","806","17.578","2014-BASE_PROCUREMENT-2014-AIRFORCE_AIRCRAFT_VOL2-PROCUREMENT_MasterJustificationBook_Air_Force_PB_2014.zzz_unzipped-PROCUREMENT_MasterJustificationBook_Air_Force_PB_2014.xml","e4c9e6ae72afb01de0f40987a03667cb84bdb9d1ffe0ec1213853fb2f1f72aa2","0-e870c1284376cc28175d23dfd577748f3172f726f994a95d0577760f83778193","0-b9a4e93ee502b7f9cf1b4cce2ccda793e5d71047e57ff8f43c6a64f72ac174a8","root.record.ItemExhibitList.P3AModificationItemGroup.ModificationItemList.ModificationItem.Installation.ImplementationMethodList.ImplementationMethod"
"Air National Guard","154","3.234","2014-BASE_PROCUREMENT-2014-AIRFORCE_AIRCRAFT_VOL2-PROCUREMENT_MasterJustificationBook_Air_Force_PB_2014.zzz_unzipped-PROCUREMENT_MasterJustificationBook_Air_Force_PB_2014.xml","e4c9e6ae72afb01de0f40987a03667cb84bdb9d1ffe0ec1213853fb2f1f72aa2","1-35cab1c31830cd80bbb6fd7e05423c533ac950bc648e30337e18ade64da6bcdb","0-b9a4e93ee502b7f9cf1b4cce2ccda793e5d71047e57ff8f43c6a64f72ac174a8","root.record.ItemExhibitList.P3AModificationItemGroup.ModificationItemList.ModificationItem.Installation.ImplementationMethodList.ImplementationMethod"
"Air Force Active","10","0.25","2014-BASE_PROCUREMENT-2014-AIRFORCE_AIRCRAFT_VOL2-PROCUREMENT_MasterJustificationBook_Air_Force_PB_2014.zzz_unzipped-PROCUREMENT_MasterJustificationBook_Air_Force_PB_2014.xml","e4c9e6ae72afb01de0f40987a03667cb84bdb9d1ffe0ec1213853fb2f1f72aa2","0-104748ed33d4594fe956bddb29a450b36caab0264cb10aaab3e9a3b2a61c48fb","0-e68972d900d17ff7e1de71b878d1e4518e9b380e8fbc1503bfbbb95f4efc000c","root.record.ItemExhibitList.P3AModificationItemGroup.ModificationItemList.ModificationItem.Installation.ImplementationMethodList.ImplementationMethod"
"Air Force Active","0","0.000","2014-BASE_PROCUREMENT-2014-AIRFORCE_AIRCRAFT_VOL1-PROCUREMENT_MasterJustificationBook_Air_Force_PB_2014.zzz_unzipped-PROCUREMENT_MasterJustificationBook_Air_Force_PB_2014.xml","a42a3fdd1dd7ea22d485a46359f88be1b656f9a720ad019ae1e266127dd102c4","0-15449db1cd8c71cf3c8d15d2adbff0ec16a340b6f35f3592d46bfdc55072b72d","0-8be2b997e2f4c084af9a3b10503cccf8d80c112fc0f820f581e87d59c7405276","root.record.ItemExhibitList.P3AModificationItemGroup.ModificationItemList.ModificationItem.Installation.ImplementationMethodList.ImplementationMethod"
"Air Force Active","0","0.000","2014-BASE_PROCUREMENT-2014-AIRFORCE_AIRCRAFT_VOL1-PROCUREMENT_MasterJustificationBook_Air_Force_PB_2014.zzz_unzipped-PROCUREMENT_MasterJustificationBook_Air_Force_PB_2014.xml","9d664e3d454672bc0353ffea221b34f7814f313dfb2e5e7c2a4053707f4c6b2a","0-d71f10ce6300914fc81542876471600084a6c2838023b0b97b5f574bbf28acb0","0-76bee3a9ed0c3bfd9893590985103bb1b8d1fd7f0a8098c560377371a1039f4b","root.record.ItemExhibitList.P3AModificationItemGroup.ModificationItemList.ModificationItem.Installation.ImplementationMethodList.ImplementationMethod"
"Air National Guard","48","1.229","2014-BASE_PROCUREMENT-2014-AIRFORCE_AIRCRAFT_VOL1-PROCUREMENT_MasterJustificationBook_Air_Force_PB_2014.zzz_unzipped-PROCUREMENT_MasterJustificationBook_Air_Force_PB_2014.xml","b258f3af81e00e06e01d594fe0ad3952ecee5f4934a7d59a02173ec581326bf6","0-f9ae49753aba3b45d82d20e70079a9b8d23b25a6fe85897c283a7a53cf434355","0-8285b738e6c01290e8e0dd7adeedb8a22c326014494b0192b316cb1c6755d57e","root.record.ItemExhibitList.P3AModificationItemGroup.ModificationItemList.ModificationItem.Installation.ImplementationMethodList.ImplementationMethod"
"Air Force Reserve","20","0.512","2014-BASE_PROCUREMENT-2014-AIRFORCE_AIRCRAFT_VOL1-PROCUREMENT_MasterJustificationBook_Air_Force_PB_2014.zzz_unzipped-PROCUREMENT_MasterJustificationBook_Air_Force_PB_2014.xml","b258f3af81e00e06e01d594fe0ad3952ecee5f4934a7d59a02173ec581326bf6","1-c87d586592ccd397e712022d25c82aac47ad02166ea89bff380d1a451b7226d3","0-8285b738e6c01290e8e0dd7adeedb8a22c326014494b0192b316cb1c6755d57e","root.record.ItemExhibitList.P3AModificationItemGroup.ModificationItemList.ModificationItem.Installation.ImplementationMethodList.ImplementationMethod"
"Air Force Active","1","1.072","2014-BASE_PROCUREMENT-2014-AIRFORCE_AIRCRAFT_VOL1-PROCUREMENT_MasterJustificationBook_Air_Force_PB_2014.zzz_unzipped-PROCUREMENT_MasterJustificationBook_Air_Force_PB_2014.xml","b7b7160afe3f9f605b0728b8bbba9a57b1548d4d19cb21bc24c6fcdcb8bd3f12","0-982d2d4fc77f96ae97f843c26e95bd4d707af4916f83cc83f4e50532dbd855ee","0-844dab7c0e4fd758f2eabcc4bf029d9f0c70fd0c720f82c2f2d9a5ad104dce91","root.record.ItemExhibitList.P3AModificationItemGroup.ModificationItemList.ModificationItem.Installation.ImplementationMethodList.ImplementationMethod"
"Air Force Active","2","8.896","2014-BASE_PROCUREMENT-2014-AIRFORCE_AIRCRAFT_VOL1-PROCUREMENT_MasterJustificationBook_Air_Force_PB_2014.zzz_unzipped-PROCUREMENT_MasterJustificationBook_Air_Force_PB_2014.xml","ea429714b0f0f95031178afd8eaa3fa79fedb4f85200d5db526c01311ed9c868","0-e4519959bbfbcd348634a6549e7a67ddbca01249a00a483bacd52827513fc8d7","0-0fba724dbbe8cf8fba053726277035641d50920d3b1992d545712d80354516f0","root.record.ItemExhibitList.P3AModificationItemGroup.ModificationItemList.ModificationItem.Installation.ImplementationMethodList.ImplementationMethod"
"Air Force Active","3","1.527","2014-BASE_PROCUREMENT-2014-AIRFORCE_AIRCRAFT_VOL1-PROCUREMENT_MasterJustificationBook_Air_Force_PB_2014.zzz_unzipped-PROCUREMENT_MasterJustificationBook_Air_Force_PB_2014.xml","10116f6b4f0fdbcb81d8df5cf94134ab7a85832a26474a9bfadc26ffc8526f94","0-33615439a88809d8735cf01caefbb3a8a7b940d4d60c4f4e1daee48660279daa","0-d5023c098e611b01ff489b13dd253018eec72a33c55bded3ff17641896d4e839","root.record.ItemExhibitList.P3AModificationItemGroup.ModificationItemList.ModificationItem.Installation.ImplementationMethodList.ImplementationMethod"
"Air Force Active","806","17.578","2014-BASE_PROCUREMENT-2014-AIRFORCE_AIRCRAFT_VOL1-PROCUREMENT_MasterJustificationBook_Air_Force_PB_2014.zzz_unzipped-PROCUREMENT_MasterJustificationBook_Air_Force_PB_2014.xml","fadb07c6826a0adfa8a8c503c403c634bd867ece364476e306cb767b4d2a0f2b","0-37e1b25757203793248d4e623d0e490cfd254a592b58a4b2b88e448e20b86f60","0-c44a8bf0a7fa71db8205f93c3c46ef22e3acd8975b8a1dbde78e0f284a54654d","root.record.ItemExhibitList.P3AModificationItemGroup.ModificationItemList.ModificationItem.Installation.ImplementationMethodList.ImplementationMethod"
"Air National Guard","154","3.234","2014-BASE_PROCUREMENT-2014-AIRFORCE_AIRCRAFT_VOL1-PROCUREMENT_MasterJustificationBook_Air_Force_PB_2014.zzz_unzipped-PROCUREMENT_MasterJustificationBook_Air_Force_PB_2014.xml","fadb07c6826a0adfa8a8c503c403c634bd867ece364476e306cb767b4d2a0f2b","1-8c7911579bb96e18e8f93400a845bda996b1f66f4c07aa1d63bea238d47fda37","0-c44a8bf0a7fa71db8205f93c3c46ef22e3acd8975b8a1dbde78e0f284a54654d","root.record.ItemExhibitList.P3AModificationItemGroup.ModificationItemList.ModificationItem.Installation.ImplementationMethodList.ImplementationMethod"
"Air Force Active","10","0.25","2014-BASE_PROCUREMENT-2014-AIRFORCE_AIRCRAFT_VOL1-PROCUREMENT_MasterJustificationBook_Air_Force_PB_2014.zzz_unzipped-PROCUREMENT_MasterJustificationBook_Air_Force_PB_2014.xml","fadb07c6826a0adfa8a8c503c403c634bd867ece364476e306cb767b4d2a0f2b","0-152465ad0cf81a91a7e5adc5b03c72194206a82c3bc112e05bf339b1cf6ab4ea","0-f88333b861244008ee62f925bfcc7d2124e2b375b46c991a926a3604d6343aae","root.record.ItemExhibitList.P3AModificationItemGroup.ModificationItemList.ModificationItem.Installation.ImplementationMethodList.ImplementationMethod"
"Air Force Active","1","0.5","2014-BASE_PROCUREMENT-2014-AIRFORCE_OTHER-PROCUREMENT_JustificationBook_Air_Force_PB_2014.zzz_unzipped-PROCUREMENT_JustificationBook_Air_Force_PB_2014.xml","6de08e14d3bd91a0fde6b9ba5734e5e549d6d6591a3e8c05a9f7b3ed3981ccdf","0-3fc8245e4162abe70379facaa3bf447b7e28ae31abcf36c1c4ce7257b3c8a1ed","0-88f732b5e6549a337484a09d439850f30a8a459d51ef57c7fb627b34e9f14eff","root.record.ItemExhibitList.P3AModificationItemGroup.ModificationItemList.ModificationItem.Installation.ImplementationMethodList.ImplementationMethod"
"Air Force Active","1","0.5","2014-BASE_PROCUREMENT-2014-AIRFORCE_OTHER-PROCUREMENT_MasterJustificationBook_Air_Force_PB_2014.zzz_unzipped-PROCUREMENT_MasterJustificationBook_Air_Force_PB_2014.xml","1a768d092b331508335fa6c3e0d7eed4ce692eef185cf5361889ebe4ec495a4f","0-fa053ac5afeab400daa49b03f5a7dbcaeddb95a63d572d5c07920c71f9515333","0-54cf8f286c36216da3420dbcd5aed1e6cc7ea55db95e7e271c0ca2241e6f9799","root.record.ItemExhibitList.P3AModificationItemGroup.ModificationItemList.ModificationItem.Installation.ImplementationMethodList.ImplementationMethod"
"Air Force Active","1","1.072","2014-AMENDED_PROCUREMENT_AND_RDTE-2014-AIRFORCE_AIRCRAFT-PROCUREMENT_JustificationBook_Air_Force_PBAmended_2014.zzz_unzipped-PROCUREMENT_JustificationBook_Air_Force_PBAmended_2014.xml","3d6fb4b31dee4b7948ca54ec0386001e4e57eff244e293544f95725b59f446e7","0-c52982e66f1892682376d539d576a25e4e764384c60e93455c55df92dc841d5a","0-c51d03ba345735222733434546d5b183887fb751ca73f219e67688136d37a23a","root.record.ItemExhibitList.P3AModificationItemGroup.ModificationItemList.ModificationItem.Installation.ImplementationMethodList.ImplementationMethod"
"Air Force Active","0","0.000","2014-AMENDED_PROCUREMENT_AND_RDTE-2014-AIRFORCE_AIRCRAFT-PROCUREMENT_JustificationBook_Air_Force_PBAmended_2014.zzz_unzipped-PROCUREMENT_JustificationBook_Air_Force_PBAmended_2014.xml","d8e277922191d8a206e1393053ba024d93630f46b59bbdb1d002192804264fd8","0-47c88e76dd7e0ba395807045799bea55d36988d14f47aa46daee0ed9b5390c06","0-f5110eae42035bbe4b5df020d01b5edadf0ddfa213edeb4817396dbfcbbc723d","root.record.ItemExhibitList.P3AModificationItemGroup.ModificationItemList.ModificationItem.Installation.ImplementationMethodList.ImplementationMethod"
"Air National Guard","48","1.229","2014-AMENDED_PROCUREMENT_AND_RDTE-2014-AIRFORCE_AIRCRAFT-PROCUREMENT_JustificationBook_Air_Force_PBAmended_2014.zzz_unzipped-PROCUREMENT_JustificationBook_Air_Force_PBAmended_2014.xml","109f06a7bb06ab125125785c20926e64de46320f87f97e2e21a9b2aed50175ce","0-c5476d334cd553c73ae7b12a4f0b3acacce7ac591bbe9b556bfc7a0aab20c289","0-d44264fc41f8e40079566469d7d0d652dbdc2108d0db6ba3071b67b6cbe2cc65","root.record.ItemExhibitList.P3AModificationItemGroup.ModificationItemList.ModificationItem.Installation.ImplementationMethodList.ImplementationMethod"
"Air Force Reserve","20","0.512","2014-AMENDED_PROCUREMENT_AND_RDTE-2014-AIRFORCE_AIRCRAFT-PROCUREMENT_JustificationBook_Air_Force_PBAmended_2014.zzz_unzipped-PROCUREMENT_JustificationBook_Air_Force_PBAmended_2014.xml","109f06a7bb06ab125125785c20926e64de46320f87f97e2e21a9b2aed50175ce","1-072795bf364cc48b91218df1bc2a73cb6ea8cd2e83b70fa34a77749fef4b17d0","0-d44264fc41f8e40079566469d7d0d652dbdc2108d0db6ba3071b67b6cbe2cc65","root.record.ItemExhibitList.P3AModificationItemGroup.ModificationItemList.ModificationItem.Installation.ImplementationMethodList.ImplementationMethod"
"Air Force Active","18","3.6","2014-AMENDED_PROCUREMENT_AND_RDTE-2014-AIRFORCE_AIRCRAFT-PROCUREMENT_JustificationBook_Air_Force_PBAmended_2014.zzz_unzipped-PROCUREMENT_JustificationBook_Air_Force_PBAmended_2014.xml","b6e41eb5f50a99ad2d2cf145f03972cc93ae4b3fe7b2ff927841db0b40223081","0-b1d5e04c1b2831a892c93fe0be73769bfe4d5eb2f58603a66c07802391f8c8c3","0-c2502af8f4bd749b58628c9f10064c2f874648e91a6b06abb087ff75f6ea0860","root.record.ItemExhibitList.P3AModificationItemGroup.ModificationItemList.ModificationItem.Installation.ImplementationMethodList.ImplementationMethod"
"Air Force Active","1","1.072","2014-AMENDED_PROCUREMENT_AND_RDTE-2014-AIRFORCE_AIRCRAFT-PROCUREMENT_MasterJustificationBook_Air_Force_PBAmended_2014.zzz_unzipped-PROCUREMENT_MasterJustificationBook_Air_Force_PBAmended_2014.xml","5f5d2ae7965267dce85985544711ec147fb5ff1450e604453a370878f94ba52c","0-6747005453a5d52eeb8d013564c57cd7f0abd601a84de7497d85e1a9f79186dd","0-65f8481d21e201cca58a600ddc514eeb4ddb230fd3daf162accd93db284da359","root.record.ItemExhibitList.P3AModificationItemGroup.ModificationItemList.ModificationItem.Installation.ImplementationMethodList.ImplementationMethod"
"Air Force Active","0","0.000","2014-AMENDED_PROCUREMENT_AND_RDTE-2014-AIRFORCE_AIRCRAFT-PROCUREMENT_MasterJustificationBook_Air_Force_PBAmended_2014.zzz_unzipped-PROCUREMENT_MasterJustificationBook_Air_Force_PBAmended_2014.xml","f84db5e4ac54cbea603ef1226fb014d063bcc00cd675841753029c382eaeb30e","0-b4d8c590c21d96a8c6c4f11ef1292c4ff284c17853801ca5f4a2962dd8a6b167","0-cbfd91e3d51de089ce2d10baa92b3aa317d3a8a3c0c6153264ade640ea2dc097","root.record.ItemExhibitList.P3AModificationItemGroup.ModificationItemList.ModificationItem.Installation.ImplementationMethodList.ImplementationMethod"
"Air National Guard","48","1.229","2014-AMENDED_PROCUREMENT_AND_RDTE-2014-AIRFORCE_AIRCRAFT-PROCUREMENT_MasterJustificationBook_Air_Force_PBAmended_2014.zzz_unzipped-PROCUREMENT_MasterJustificationBook_Air_Force_PBAmended_2014.xml","8e2220efe1667a92813cab4603f35c3261cc7dfe2788f5a8709b6fcc71bdf8bd","0-73740e05183668ddaca796dc81e33f286ab3a3db4002b79120a5a49c16ed4bd3","0-f410a310c593e470941a0eb8246f2a511131be00f11cc65afa29b4e061388e1c","root.record.ItemExhibitList.P3AModificationItemGroup.ModificationItemList.ModificationItem.Installation.ImplementationMethodList.ImplementationMethod"
"Air Force Reserve","20","0.512","2014-AMENDED_PROCUREMENT_AND_RDTE-2014-AIRFORCE_AIRCRAFT-PROCUREMENT_MasterJustificationBook_Air_Force_PBAmended_2014.zzz_unzipped-PROCUREMENT_MasterJustificationBook_Air_Force_PBAmended_2014.xml","8e2220efe1667a92813cab4603f35c3261cc7dfe2788f5a8709b6fcc71bdf8bd","1-a1defec9624ffc46a270582b0a9111139b8882d51dfbf5a34465619f7dd61a34","0-f410a310c593e470941a0eb8246f2a511131be00f11cc65afa29b4e061388e1c","root.record.ItemExhibitList.P3AModificationItemGroup.ModificationItemList.ModificationItem.Installation.ImplementationMethodList.ImplementationMethod"
"Air Force Active","18","3.6","2014-AMENDED_PROCUREMENT_AND_RDTE-2014-AIRFORCE_AIRCRAFT-PROCUREMENT_MasterJustificationBook_Air_Force_PBAmended_2014.zzz_unzipped-PROCUREMENT_MasterJustificationBook_Air_Force_PBAmended_2014.xml","0486b2170542097e859ccb1eab43467b227915013d48baa497a0dfcec1db5c50","0-d1eb4bfcbb2f112d57675bb20d676dc84399d542a21e634747dbe375bb9537f0","0-21dbb9a10b3025a17bba89cd7120f0d07a9f408a2c129b651fb4c3335f8a0684","root.record.ItemExhibitList.P3AModificationItemGroup.ModificationItemList.ModificationItem.Installation.ImplementationMethodList.ImplementationMethod"
