[
    {
        "Cost_PriorYear_TotalCost_val": "0.534",
        "Cost_CurrentYear_TotalCost_val": "0.555",
        "Cost_BudgetYearOneBase_TotalCost_val": "0.577",
        "Cost_BudgetYearOne_TotalCost_val": "0.577",
        "Cost_AllPriorYears_TotalCost_val": "",
        "Number_val": "U7667",
        "Title_val": "Layaway of Industrial Facilities (LIF)",
        "@SOURCE_FILENAME": "2013-BASE_PROCUREMENT-2013-ARMY_WTCV-JustificationBook_Army_PB_2013.zzz_unzipped-JustificationBook_Army_PB_2013.xml",
        "@RECORDID": "77d4e2d6e7447036c7b5b87910faa2aa19021fbd093ab9579c4e3c0d93642563",
        "@ROWID": "0-d8b8987b6d8198d76cd0c010a0eb89c35d5109aa74d8408daebe646fb58ad7bc",
        "ProductionLinesLayaway_Name_val": "",
        "ProductionLinesLayaway_Location_val": "",
        "LayawayCost_val": "",
        "Description_val": "",
        "ProductionEnd_val": "",
        "@PARENTROWID": "0-0e208af0c61642afbd71c61237187ff1853f29793aaddcd8978c4db54687180b",
        "@PARENT": "root.record.FacilityList.LayawayFacility"
    },
    {
        "Cost_PriorYear_TotalCost_val": "0.239",
        "Cost_CurrentYear_TotalCost_val": "0.807",
        "Cost_BudgetYearOneBase_TotalCost_val": "0.699",
        "Cost_BudgetYearOne_TotalCost_val": "0.699",
        "Cost_AllPriorYears_TotalCost_val": "",
        "Number_val": "5XX8000",
        "Title_val": "Layaway of Industrial Facilities, Minor Efforts Less Than $0.100 Million",
        "@SOURCE_FILENAME": "2013-BASE_PROCUREMENT-2013-ARMY_AMMO-JustificationBook_Army_PB_2013.zzz_unzipped-JustificationBook_Army_PB_2013.xml",
        "@RECORDID": "d86559710e8c90c1e40903820e6d04df5c8421478caaf1c5036a9d6ba74875f8",
        "@ROWID": "0-380547a676a3dbebce7f80f291659f2789f5b5282ea8ad66a6ea72d1f7e7081e",
        "ProductionLinesLayaway_Name_val": "Various",
        "ProductionLinesLayaway_Location_val": "",
        "LayawayCost_val": "699",
        "Description_val": "FY 2013 Base procurement dollars in the amount of $0.699 million support various minor efforts at active and inactive facilities that preserve and store industrial facilities for reserve capacity.",
        "ProductionEnd_val": "",
        "@PARENTROWID": "0-d8111c38434aff0f350b279bd6df8ca0bb8fa44b616d616614fc2feef1ba8f22",
        "@PARENT": "root.record.FacilityList.LayawayFacility"
    },
    {
        "Cost_PriorYear_TotalCost_val": "1.687",
        "Cost_CurrentYear_TotalCost_val": "",
        "Cost_BudgetYearOneBase_TotalCost_val": "",
        "Cost_BudgetYearOne_TotalCost_val": "",
        "Cost_AllPriorYears_TotalCost_val": "",
        "Number_val": "5118040",
        "Title_val": "Demolition of Bridge Over River, Magazine Area",
        "@SOURCE_FILENAME": "2013-BASE_PROCUREMENT-2013-ARMY_AMMO-JustificationBook_Army_PB_2013.zzz_unzipped-JustificationBook_Army_PB_2013.xml",
        "@RECORDID": "d86559710e8c90c1e40903820e6d04df5c8421478caaf1c5036a9d6ba74875f8",
        "@ROWID": "0-160c4deed65582221735a462b9287ff2cca9724f8f558c192faed6779c06ef0a",
        "ProductionLinesLayaway_Name_val": "",
        "ProductionLinesLayaway_Location_val": "",
        "LayawayCost_val": "1687",
        "Description_val": "Procurement dollars in the amount of $1.687 million support the demolition of an abandoned bridge which spans the Holston River. In the 1970s, due to unsafe conditions, this bridge was abandoned and a new bridge was built. Since that time, the abandoned bridge has continued to deteriorate. Along with unsafe conditions, if the bridge would fall into the Holston River, it would present environmental issues.",
        "ProductionEnd_val": "",
        "@PARENTROWID": "1-ac512c6ef280070af2f0b7a92f569ff1f8877225b58f399a704e2e8bab39a28b",
        "@PARENT": "root.record.FacilityList.LayawayFacility"
    },
    {
        "Cost_PriorYear_TotalCost_val": "5.142",
        "Cost_CurrentYear_TotalCost_val": "3.858",
        "Cost_BudgetYearOneBase_TotalCost_val": "",
        "Cost_BudgetYearOne_TotalCost_val": "",
        "Cost_AllPriorYears_TotalCost_val": "",
        "Number_val": "5XX8100",
        "Title_val": "Decontamination and Disposal of Excess Buildings\/Equipment",
        "@SOURCE_FILENAME": "2013-BASE_PROCUREMENT-2013-ARMY_AMMO-JustificationBook_Army_PB_2013.zzz_unzipped-JustificationBook_Army_PB_2013.xml",
        "@RECORDID": "d86559710e8c90c1e40903820e6d04df5c8421478caaf1c5036a9d6ba74875f8",
        "@ROWID": "1-6b73d7815ae6cde28816a685a8ae1a3e0431b963bc27157e5d42773d3bea39e0",
        "ProductionLinesLayaway_Name_val": "Buildings: K-10, 254, M-10, N-10, N-10A, 255, O-9, 411, I-1, J-1, M-1, C-1, H-2, I-2",
        "ProductionLinesLayaway_Location_val": "",
        "LayawayCost_val": "3858",
        "Description_val": "Procurement dollars in the amount of $3.858 million support this effort to continue the decontamination and disposal of excess buildings that have become a safety and environmental concern.  The buildings contained in this phase are:  K-10, 254, M-10, N-10, N-10A, 255, O-9, 411, I-1, J-1, M-1, C-1, H-2, I-2, as well as abandoned steam lines, fences, supports, piping, electrical lines, etc in Area B.",
        "ProductionEnd_val": "",
        "@PARENTROWID": "1-ac512c6ef280070af2f0b7a92f569ff1f8877225b58f399a704e2e8bab39a28b",
        "@PARENT": "root.record.FacilityList.LayawayFacility"
    },
    {
        "Cost_PriorYear_TotalCost_val": "",
        "Cost_CurrentYear_TotalCost_val": "",
        "Cost_BudgetYearOneBase_TotalCost_val": "2.863",
        "Cost_BudgetYearOne_TotalCost_val": "2.863",
        "Cost_AllPriorYears_TotalCost_val": "",
        "Number_val": "5138051",
        "Title_val": "Facility Disposal\/Demolition",
        "@SOURCE_FILENAME": "2013-BASE_PROCUREMENT-2013-ARMY_AMMO-JustificationBook_Army_PB_2013.zzz_unzipped-JustificationBook_Army_PB_2013.xml",
        "@RECORDID": "d86559710e8c90c1e40903820e6d04df5c8421478caaf1c5036a9d6ba74875f8",
        "@ROWID": "0-637579ec1ea455bdc9858147eac0a69a5ee823a0686effd4dda470bd24259a74",
        "ProductionLinesLayaway_Name_val": "",
        "ProductionLinesLayaway_Location_val": "",
        "LayawayCost_val": "2863",
        "Description_val": "FY 2013 Base procurement dollars in the amount of $2.863 million support efforts to decontaminate, remove asbestos and demolish facilities plantwide due to unsafe conditions and environmental risks.",
        "ProductionEnd_val": "",
        "@PARENTROWID": "2-569eb1d2663ed343977e21b00a792d7efdad837b42bc8dbd59363bc9e956648c",
        "@PARENT": "root.record.FacilityList.LayawayFacility"
    },
    {
        "Cost_PriorYear_TotalCost_val": "",
        "Cost_CurrentYear_TotalCost_val": "1.044",
        "Cost_BudgetYearOneBase_TotalCost_val": "1.061",
        "Cost_BudgetYearOne_TotalCost_val": "1.061",
        "Cost_AllPriorYears_TotalCost_val": "",
        "Number_val": "5XX8049",
        "Title_val": "Decontamination and Disposal of Excess Production Equipment",
        "@SOURCE_FILENAME": "2013-BASE_PROCUREMENT-2013-ARMY_AMMO-JustificationBook_Army_PB_2013.zzz_unzipped-JustificationBook_Army_PB_2013.xml",
        "@RECORDID": "d86559710e8c90c1e40903820e6d04df5c8421478caaf1c5036a9d6ba74875f8",
        "@ROWID": "1-3659290dfa78495745c4eea9505a51cedab765803703e3070867b4b24617bc04",
        "ProductionLinesLayaway_Name_val": "",
        "ProductionLinesLayaway_Location_val": "",
        "LayawayCost_val": "1061",
        "Description_val": "FY 2013 Base procurement dollars in the amount of $1.061 million support decontamination and disposal of excess equipment no longer required for production at Iowa Army Ammunition Plant.",
        "ProductionEnd_val": "",
        "@PARENTROWID": "2-569eb1d2663ed343977e21b00a792d7efdad837b42bc8dbd59363bc9e956648c",
        "@PARENT": "root.record.FacilityList.LayawayFacility"
    },
    {
        "Cost_PriorYear_TotalCost_val": "0.492",
        "Cost_CurrentYear_TotalCost_val": "",
        "Cost_BudgetYearOneBase_TotalCost_val": "",
        "Cost_BudgetYearOne_TotalCost_val": "",
        "Cost_AllPriorYears_TotalCost_val": "",
        "Number_val": "5118046",
        "Title_val": "Removal of Roof and Siding on Building 32-310",
        "@SOURCE_FILENAME": "2013-BASE_PROCUREMENT-2013-ARMY_AMMO-JustificationBook_Army_PB_2013.zzz_unzipped-JustificationBook_Army_PB_2013.xml",
        "@RECORDID": "d86559710e8c90c1e40903820e6d04df5c8421478caaf1c5036a9d6ba74875f8",
        "@ROWID": "0-9f4a571febef44ada44ec7c07e9023d1db5b95a7bedb701af0e0f43b758c2ad9",
        "ProductionLinesLayaway_Name_val": "Building 32-310",
        "ProductionLinesLayaway_Location_val": "",
        "LayawayCost_val": "492",
        "Description_val": "Procurement dollars in the amount of $0.543 million support the removal, disposal, and replacement of the asbestos roof and walls of Building 32-310 in preparation of storing equipment in the building.",
        "ProductionEnd_val": "",
        "@PARENTROWID": "3-f9eb23021bcd1dcb71598a01cc9c560ae77b020c18a4db86e5d7bec9730a8584",
        "@PARENT": "root.record.FacilityList.LayawayFacility"
    },
    {
        "Cost_PriorYear_TotalCost_val": "",
        "Cost_CurrentYear_TotalCost_val": "1.632",
        "Cost_BudgetYearOneBase_TotalCost_val": "",
        "Cost_BudgetYearOne_TotalCost_val": "",
        "Cost_AllPriorYears_TotalCost_val": "",
        "Number_val": "5128053",
        "Title_val": "Layaway of Steel Cartridge Case Equipment",
        "@SOURCE_FILENAME": "2013-BASE_PROCUREMENT-2013-ARMY_AMMO-JustificationBook_Army_PB_2013.zzz_unzipped-JustificationBook_Army_PB_2013.xml",
        "@RECORDID": "d86559710e8c90c1e40903820e6d04df5c8421478caaf1c5036a9d6ba74875f8",
        "@ROWID": "0-d3e152874b222189d25442988dfa7a3f982a9a8f030e3564e1e4a1b50e6cc848",
        "ProductionLinesLayaway_Name_val": "105mm M148A1B1, 155mm AGC, 5",
        "ProductionLinesLayaway_Location_val": "",
        "LayawayCost_val": "1632",
        "Description_val": "Procurement dollars in the amount of $1.632 million support effort to layaway the deep drawn steel cartridge case equipment at the Quad City Cartridge Case Facility.",
        "ProductionEnd_val": "",
        "@PARENTROWID": "4-b9b1a3231a088def1f7ee04c1a13f3e3832dfd7f4f28b672bb75ebc2d0eaf4e0",
        "@PARENT": "root.record.FacilityList.LayawayFacility"
    },
    {
        "Cost_PriorYear_TotalCost_val": "",
        "Cost_CurrentYear_TotalCost_val": "2.11",
        "Cost_BudgetYearOneBase_TotalCost_val": "0.582",
        "Cost_BudgetYearOne_TotalCost_val": "0.582",
        "Cost_AllPriorYears_TotalCost_val": "",
        "Number_val": "5XX8440",
        "Title_val": "Decontamination and Disposal of Facilities\/Excess Production Equipment",
        "@SOURCE_FILENAME": "2013-BASE_PROCUREMENT-2013-ARMY_AMMO-JustificationBook_Army_PB_2013.zzz_unzipped-JustificationBook_Army_PB_2013.xml",
        "@RECORDID": "d86559710e8c90c1e40903820e6d04df5c8421478caaf1c5036a9d6ba74875f8",
        "@ROWID": "0-625a8fbdc9a67d92acb5fa555937064485202efebca952b69316614f16ee4124",
        "ProductionLinesLayaway_Name_val": "",
        "ProductionLinesLayaway_Location_val": "",
        "LayawayCost_val": "582",
        "Description_val": "FY 2013 Base procurement dollars in the amount of $0.582 million support this effort to decontaminate and dispose of excess production equipment and facilities at Radford Army Ammunition Plant.",
        "ProductionEnd_val": "",
        "@PARENTROWID": "5-1ac787c18b45538f7d72e7dcfc78d9d121ddecbbfec21794f5465c456ddab5a8",
        "@PARENT": "root.record.FacilityList.LayawayFacility"
    },
    {
        "Cost_PriorYear_TotalCost_val": "",
        "Cost_CurrentYear_TotalCost_val": "",
        "Cost_BudgetYearOneBase_TotalCost_val": "4.425",
        "Cost_BudgetYearOne_TotalCost_val": "4.425",
        "Cost_AllPriorYears_TotalCost_val": "",
        "Number_val": "5138047",
        "Title_val": "Remove Nitrocellulose (NC) Hill Tanks",
        "@SOURCE_FILENAME": "2013-BASE_PROCUREMENT-2013-ARMY_AMMO-JustificationBook_Army_PB_2013.zzz_unzipped-JustificationBook_Army_PB_2013.xml",
        "@RECORDID": "d86559710e8c90c1e40903820e6d04df5c8421478caaf1c5036a9d6ba74875f8",
        "@ROWID": "1-a9b28d69a960ccef2140c92ec74c13845e1e5b0128f9102bf427d882173672f9",
        "ProductionLinesLayaway_Name_val": "",
        "ProductionLinesLayaway_Location_val": "",
        "LayawayCost_val": "4425",
        "Description_val": "FY 2013 Base procurement dollars in the amount of $4.425 million support efforts to remove waste NC from recovered water tanks, decontaminate, demolish, remove and dispose of the tanks, foundation pad and associated piping.  These efforts will significantly reduce environmental and safety issues associated with large quantities of legacy NC.",
        "ProductionEnd_val": "",
        "@PARENTROWID": "5-1ac787c18b45538f7d72e7dcfc78d9d121ddecbbfec21794f5465c456ddab5a8",
        "@PARENT": "root.record.FacilityList.LayawayFacility"
    },
    {
        "Cost_PriorYear_TotalCost_val": "0.555",
        "Cost_CurrentYear_TotalCost_val": "0.577",
        "Cost_BudgetYearOneBase_TotalCost_val": "0.602",
        "Cost_BudgetYearOne_TotalCost_val": "0.602",
        "Cost_AllPriorYears_TotalCost_val": "417.984",
        "Number_val": "U7667",
        "Title_val": "Layaway of Industrial Facilities (LIF)",
        "@SOURCE_FILENAME": "2014-BASE_PROCUREMENT-2014-ARMY_WTCV-PROCUREMENT_JustificationBook_Army_PB_2014.zzz_unzipped-PROCUREMENT_JustificationBook_Army_PB_2014.xml",
        "@RECORDID": "6bd4d70739297e36cb7d4d8f35300cbc0da9f764241398b1c9c046f0a81114d8",
        "@ROWID": "0-713a0b024935118aa426eda481321a1be2081b56882a2cde2ea413d84e5a4008",
        "ProductionLinesLayaway_Name_val": "",
        "ProductionLinesLayaway_Location_val": "",
        "LayawayCost_val": "",
        "Description_val": "",
        "ProductionEnd_val": "",
        "@PARENTROWID": "0-f7e0dc97f185b7a516bbf824578e52174b86e37752d9991d8834fd717992f494",
        "@PARENT": "root.record.FacilityList.LayawayFacility"
    },
    {
        "Cost_PriorYear_TotalCost_val": "1.135",
        "Cost_CurrentYear_TotalCost_val": "0.699",
        "Cost_BudgetYearOneBase_TotalCost_val": "0.781",
        "Cost_BudgetYearOne_TotalCost_val": "0.781",
        "Cost_AllPriorYears_TotalCost_val": "",
        "Number_val": "5XX8000",
        "Title_val": "Layaway of Industrial Facilities, Minor Efforts Less Than $0.100 Million",
        "@SOURCE_FILENAME": "2014-BASE_PROCUREMENT-2014-ARMY_AMMO-PROCUREMENT_JustificationBook_Army_PB_2014.zzz_unzipped-PROCUREMENT_JustificationBook_Army_PB_2014.xml",
        "@RECORDID": "e88f3661ea6cf14fda0467552ead014351215debdd83ba533521d2174718f5f2",
        "@ROWID": "0-b943a79adeba11037681e525fc1babec7daaa5fd3cea01022e6125f6c0802653",
        "ProductionLinesLayaway_Name_val": "Various",
        "ProductionLinesLayaway_Location_val": "",
        "LayawayCost_val": "781",
        "Description_val": "FY 2014 Base procurement dollars in the amount of $0.781 million support various minor efforts at active and inactive facilities that preserve and store industrial facilities for reserve capacity.",
        "ProductionEnd_val": "",
        "@PARENTROWID": "0-e2a84b655f6b1c3ef13dcd34d5a4325c9a409eef40bd727acce97fe98e79eb69",
        "@PARENT": "root.record.FacilityList.LayawayFacility"
    },
    {
        "Cost_PriorYear_TotalCost_val": "4.251",
        "Cost_CurrentYear_TotalCost_val": "",
        "Cost_BudgetYearOneBase_TotalCost_val": "",
        "Cost_BudgetYearOne_TotalCost_val": "",
        "Cost_AllPriorYears_TotalCost_val": "",
        "Number_val": "5XX8100",
        "Title_val": "Decontamination and Disposal of Excess Buildings\/Equipment",
        "@SOURCE_FILENAME": "2014-BASE_PROCUREMENT-2014-ARMY_AMMO-PROCUREMENT_JustificationBook_Army_PB_2014.zzz_unzipped-PROCUREMENT_JustificationBook_Army_PB_2014.xml",
        "@RECORDID": "e88f3661ea6cf14fda0467552ead014351215debdd83ba533521d2174718f5f2",
        "@ROWID": "0-ea2fb162509e7eae923cdd07499f2abab684b51d446d93c5d1bb15b49e538824",
        "ProductionLinesLayaway_Name_val": "Buildings: K-10, 254, M-10, N-10, N-10A, 255, O-9, 411, I-1, J-1, M-1, C-1, H-2, I-2",
        "ProductionLinesLayaway_Location_val": "",
        "LayawayCost_val": "4251",
        "Description_val": "Procurement dollars in the amount of $4.251 million support this effort to continue the decontamination and disposal of excess buildings that have become a safety and environmental concern.  The buildings contained in this phase are: K-10, 254, M-10, N-10, N-10A, 255, O-9, 411, I-1, J-1, M-1, C-1, H-2, I-2, as well as abandoned steam lines, fences, supports, piping, electrical lines, etc. in Area B.",
        "ProductionEnd_val": "",
        "@PARENTROWID": "1-95d439d7ebb78f3292033fd06e5afa5e8833ce7febfbae45f0edd1811c4c40df",
        "@PARENT": "root.record.FacilityList.LayawayFacility"
    },
    {
        "Cost_PriorYear_TotalCost_val": "0.851",
        "Cost_CurrentYear_TotalCost_val": "1.061",
        "Cost_BudgetYearOneBase_TotalCost_val": "1.079",
        "Cost_BudgetYearOne_TotalCost_val": "1.079",
        "Cost_AllPriorYears_TotalCost_val": "",
        "Number_val": "5XX8049",
        "Title_val": "Decontamination and Disposal of Excess Production Equipment",
        "@SOURCE_FILENAME": "2014-BASE_PROCUREMENT-2014-ARMY_AMMO-PROCUREMENT_JustificationBook_Army_PB_2014.zzz_unzipped-PROCUREMENT_JustificationBook_Army_PB_2014.xml",
        "@RECORDID": "e88f3661ea6cf14fda0467552ead014351215debdd83ba533521d2174718f5f2",
        "@ROWID": "0-576863297069aacce7a2a397852103627593be9511a2680bf551925107026aef",
        "ProductionLinesLayaway_Name_val": "Various",
        "ProductionLinesLayaway_Location_val": "",
        "LayawayCost_val": "1079",
        "Description_val": "FY 2014 Base procurement dollars in the amount of $1.079 million support decontamination and disposal of excess equipment no longer required for production at Iowa Army Ammunition Plant.",
        "ProductionEnd_val": "",
        "@PARENTROWID": "2-80bacdc649a42ea7d96b79435d8b8d76772ae47831b3341fe32e3b5ea33cfb62",
        "@PARENT": "root.record.FacilityList.LayawayFacility"
    },
    {
        "Cost_PriorYear_TotalCost_val": "",
        "Cost_CurrentYear_TotalCost_val": "2.863",
        "Cost_BudgetYearOneBase_TotalCost_val": "3.639",
        "Cost_BudgetYearOne_TotalCost_val": "3.639",
        "Cost_AllPriorYears_TotalCost_val": "",
        "Number_val": "5138051",
        "Title_val": "Facility Disposal\/Demolition",
        "@SOURCE_FILENAME": "2014-BASE_PROCUREMENT-2014-ARMY_AMMO-PROCUREMENT_JustificationBook_Army_PB_2014.zzz_unzipped-PROCUREMENT_JustificationBook_Army_PB_2014.xml",
        "@RECORDID": "e88f3661ea6cf14fda0467552ead014351215debdd83ba533521d2174718f5f2",
        "@ROWID": "1-20e03eea9f6b0e4a96c519eade3fd0e92d5831b42ba2f85177c5f9809685d428",
        "ProductionLinesLayaway_Name_val": "Various",
        "ProductionLinesLayaway_Location_val": "",
        "LayawayCost_val": "3639",
        "Description_val": "FY 2014 Base procurement dollars in the amount of $3.639 million support efforts to decontaminate, remove asbestos, and demolish facilities plant wide, due to unsafe conditions and environmental risks at Iowa Army Ammunition Plant.",
        "ProductionEnd_val": "",
        "@PARENTROWID": "2-80bacdc649a42ea7d96b79435d8b8d76772ae47831b3341fe32e3b5ea33cfb62",
        "@PARENT": "root.record.FacilityList.LayawayFacility"
    },
    {
        "Cost_PriorYear_TotalCost_val": "",
        "Cost_CurrentYear_TotalCost_val": "",
        "Cost_BudgetYearOneBase_TotalCost_val": "0.511",
        "Cost_BudgetYearOne_TotalCost_val": "0.511",
        "Cost_AllPriorYears_TotalCost_val": "",
        "Number_val": "5148052",
        "Title_val": "Facility Disposal\/Demolition",
        "@SOURCE_FILENAME": "2014-BASE_PROCUREMENT-2014-ARMY_AMMO-PROCUREMENT_JustificationBook_Army_PB_2014.zzz_unzipped-PROCUREMENT_JustificationBook_Army_PB_2014.xml",
        "@RECORDID": "e88f3661ea6cf14fda0467552ead014351215debdd83ba533521d2174718f5f2",
        "@ROWID": "0-694e5bb5ae38a21c21833f481f8b56c7d2b00661853dab80ae7f806bfbbd878c",
        "ProductionLinesLayaway_Name_val": "Various",
        "ProductionLinesLayaway_Location_val": "",
        "LayawayCost_val": "511",
        "Description_val": "FY 2014 Base procurement dollars in the amount of $0.511 million support efforts to decontaminate, remove asbestos, and demolish facilities plant wide, due to unsafe conditions and environmental risks at Milan Army Ammunition Plant.",
        "ProductionEnd_val": "",
        "@PARENTROWID": "3-dc77dfce280e7f031b2d8128ad787a34f65901001d12cbb69929f7012d4b4c82",
        "@PARENT": "root.record.FacilityList.LayawayFacility"
    },
    {
        "Cost_PriorYear_TotalCost_val": "",
        "Cost_CurrentYear_TotalCost_val": "",
        "Cost_BudgetYearOneBase_TotalCost_val": "1.531",
        "Cost_BudgetYearOne_TotalCost_val": "1.531",
        "Cost_AllPriorYears_TotalCost_val": "",
        "Number_val": "5148055",
        "Title_val": "Remove\/Dispose of Hexachlorethane (HC)\/Zinc Chloride Mix Equipment, Building 34-640",
        "@SOURCE_FILENAME": "2014-BASE_PROCUREMENT-2014-ARMY_AMMO-PROCUREMENT_JustificationBook_Army_PB_2014.zzz_unzipped-PROCUREMENT_JustificationBook_Army_PB_2014.xml",
        "@RECORDID": "e88f3661ea6cf14fda0467552ead014351215debdd83ba533521d2174718f5f2",
        "@ROWID": "0-33a27c5f6f55a0962c778e547813d5ac17a7908a8d454ca8076cc9866b90a42a",
        "ProductionLinesLayaway_Name_val": "Large Mix Load, Assemble and Pack (LAP), HC smoke munitions.",
        "ProductionLinesLayaway_Location_val": "Building 34-640",
        "LayawayCost_val": "1531",
        "Description_val": "FY 2014 Base procurement dollars in the amount of $1.531 million support this effort to remove, decontaminate, and dispose of HC \/ Zinc Chloride mix equipment in building 34-640 at Pine Bluff Arsenal.  HC has been determined to be a toxic carcinogen and will no longer support program objective memorandum (POM) buys.  All equipment must be flashed to level 5X prior to disposal.",
        "ProductionEnd_val": "",
        "@PARENTROWID": "4-2f22d4912020a324530d484ea1b0b50488d60276a228fd73a43c25d5c8973fd1",
        "@PARENT": "root.record.FacilityList.LayawayFacility"
    },
    {
        "Cost_PriorYear_TotalCost_val": "1.512",
        "Cost_CurrentYear_TotalCost_val": "",
        "Cost_BudgetYearOneBase_TotalCost_val": "",
        "Cost_BudgetYearOne_TotalCost_val": "",
        "Cost_AllPriorYears_TotalCost_val": "",
        "Number_val": "5128053",
        "Title_val": "Layaway of Steel Cartridge Case Equipment",
        "@SOURCE_FILENAME": "2014-BASE_PROCUREMENT-2014-ARMY_AMMO-PROCUREMENT_JustificationBook_Army_PB_2014.zzz_unzipped-PROCUREMENT_JustificationBook_Army_PB_2014.xml",
        "@RECORDID": "e88f3661ea6cf14fda0467552ead014351215debdd83ba533521d2174718f5f2",
        "@ROWID": "0-c011210181adb09e2e98ac5f2bfaeea9bc1e8ac7e6c4518670a75e5ce5dd83e4",
        "ProductionLinesLayaway_Name_val": "105mm M148A1B1, 155mm Advanced Gun System (AGS), 5\" 54 MK9",
        "ProductionLinesLayaway_Location_val": "",
        "LayawayCost_val": "1512",
        "Description_val": "Procurement dollars in the amount of $1.512 million support this effort to layaway the deep drawn steel cartridge case equipment at the Quad City Cartridge Case Facility.  This includes environmental decontamination and disposal of the chemicals used in the plater and heat treat equipment.",
        "ProductionEnd_val": "",
        "@PARENTROWID": "5-cb648e90145da52947a6752a11de1ffc4045e29c5388075f4db499f8ddefb7df",
        "@PARENT": "root.record.FacilityList.LayawayFacility"
    },
    {
        "Cost_PriorYear_TotalCost_val": "",
        "Cost_CurrentYear_TotalCost_val": "0.582",
        "Cost_BudgetYearOneBase_TotalCost_val": "2.265",
        "Cost_BudgetYearOne_TotalCost_val": "2.265",
        "Cost_AllPriorYears_TotalCost_val": "",
        "Number_val": "5XX8440",
        "Title_val": "Decontamination and Disposal of Facilities\/Excess Production Equipment",
        "@SOURCE_FILENAME": "2014-BASE_PROCUREMENT-2014-ARMY_AMMO-PROCUREMENT_JustificationBook_Army_PB_2014.zzz_unzipped-PROCUREMENT_JustificationBook_Army_PB_2014.xml",
        "@RECORDID": "e88f3661ea6cf14fda0467552ead014351215debdd83ba533521d2174718f5f2",
        "@ROWID": "0-4f463e96522b4bc645184403c729a2a94de03ce4a016552b8a3318311e67fb51",
        "ProductionLinesLayaway_Name_val": "Various",
        "ProductionLinesLayaway_Location_val": "",
        "LayawayCost_val": "2265",
        "Description_val": "FY 2014 Base procurement dollars in the amount of $2.265 million support this continued effort to decontaminate and dispose of excess production equipment and facilities at Radford Army Ammunition Plant.",
        "ProductionEnd_val": "",
        "@PARENTROWID": "6-b605a7397c7baed5939aaffb321b78cce8107389487d8577882716b0ecba655a",
        "@PARENT": "root.record.FacilityList.LayawayFacility"
    },
    {
        "Cost_PriorYear_TotalCost_val": "",
        "Cost_CurrentYear_TotalCost_val": "4.425",
        "Cost_BudgetYearOneBase_TotalCost_val": "",
        "Cost_BudgetYearOne_TotalCost_val": "",
        "Cost_AllPriorYears_TotalCost_val": "",
        "Number_val": "5138047",
        "Title_val": "Remove Nitrocellulose (NC) Hill Tanks",
        "@SOURCE_FILENAME": "2014-BASE_PROCUREMENT-2014-ARMY_AMMO-PROCUREMENT_JustificationBook_Army_PB_2014.zzz_unzipped-PROCUREMENT_JustificationBook_Army_PB_2014.xml",
        "@RECORDID": "e88f3661ea6cf14fda0467552ead014351215debdd83ba533521d2174718f5f2",
        "@ROWID": "1-ae94b7aac1a380e312310c1c55f73421e3a96d04db4c8710ed61d4318ace0755",
        "ProductionLinesLayaway_Name_val": "Nitrocellulose",
        "ProductionLinesLayaway_Location_val": "Recovered Water Tank #417",
        "LayawayCost_val": "4425",
        "Description_val": "FY 2013 Base procurement dollars in the amount of $4.425 million support efforts to remove waste NC from recovered water tanks, decontaminate, demolish, remove and dispose of the tanks, foundation pad and associated piping at Radford Army Ammunition Plant.  These efforts will significantly reduce environmental and safety issues associated with large quantities of legacy NC.",
        "ProductionEnd_val": "",
        "@PARENTROWID": "6-b605a7397c7baed5939aaffb321b78cce8107389487d8577882716b0ecba655a",
        "@PARENT": "root.record.FacilityList.LayawayFacility"
    },
    {
        "Cost_PriorYear_TotalCost_val": "1.72",
        "Cost_CurrentYear_TotalCost_val": "",
        "Cost_BudgetYearOneBase_TotalCost_val": "",
        "Cost_BudgetYearOne_TotalCost_val": "",
        "Cost_AllPriorYears_TotalCost_val": "",
        "Number_val": "5128054",
        "Title_val": "Demolish Old Nitric Acid Concentrator\/Sulfuric Acid Concentrator (NAC\/SAC) Facilities and Firehouse",
        "@SOURCE_FILENAME": "2014-BASE_PROCUREMENT-2014-ARMY_AMMO-PROCUREMENT_JustificationBook_Army_PB_2014.zzz_unzipped-PROCUREMENT_JustificationBook_Army_PB_2014.xml",
        "@RECORDID": "e88f3661ea6cf14fda0467552ead014351215debdd83ba533521d2174718f5f2",
        "@ROWID": "2-9afe3eb54ae60dd0c1abc5fd49979b9f364ec79c31a3ab39237ec06776556425",
        "ProductionLinesLayaway_Name_val": "Nitrocellulose, Single Base Propellant",
        "ProductionLinesLayaway_Location_val": "",
        "LayawayCost_val": "1720",
        "Description_val": "Procurement dollars in the amount of $1.720 million support this effort to demolish the old NAC\/SAC buildings and firehouse at Radford Army Ammunition Plant.  These facilities no longer support production and have been replaced with centrally located operations.  Demolition of these buildings will open strategic space for future modernization.",
        "ProductionEnd_val": "",
        "@PARENTROWID": "6-b605a7397c7baed5939aaffb321b78cce8107389487d8577882716b0ecba655a",
        "@PARENT": "root.record.FacilityList.LayawayFacility"
    },
    {
        "Cost_PriorYear_TotalCost_val": "0.576",
        "Cost_CurrentYear_TotalCost_val": "0.602",
        "Cost_BudgetYearOneBase_TotalCost_val": "0.619",
        "Cost_BudgetYearOne_TotalCost_val": "0.619",
        "Cost_AllPriorYears_TotalCost_val": "418.539",
        "Number_val": "U7667",
        "Title_val": "Layaway of Industrial Facilities (LIF)",
        "@SOURCE_FILENAME": "2015-BASE_PROCUREMENT-2015-ARMY_WTCV-PROCUREMENT_JustificationBook_Army_PB_2015.zzz_unzipped-PROCUREMENT_JustificationBook_Army_PB_2015.xml",
        "@RECORDID": "a584fd6a0f683eab067c59c742ba7f9404fce4832bc6cc82fa2133d9f128704f",
        "@ROWID": "0-cb96bae974b54e787d6c54994aa72da626749054465c9a330a3041ad63faf9e4",
        "ProductionLinesLayaway_Name_val": "",
        "ProductionLinesLayaway_Location_val": "",
        "LayawayCost_val": "",
        "Description_val": "",
        "ProductionEnd_val": "",
        "@PARENTROWID": "0-ed6a7802f24ef4afdf4a1c1bb3b19661b97c5c48eaf52c9fe17649d0aba4e156",
        "@PARENT": "root.record.FacilityList.LayawayFacility"
    },
    {
        "Cost_PriorYear_TotalCost_val": "0.473",
        "Cost_CurrentYear_TotalCost_val": "1.641",
        "Cost_BudgetYearOneBase_TotalCost_val": "0.459",
        "Cost_BudgetYearOne_TotalCost_val": "0.459",
        "Cost_AllPriorYears_TotalCost_val": "",
        "Number_val": "5XX8000",
        "Title_val": "Layaway of Industrial Facilities, Minor Efforts Less Than $0.100 Million",
        "@SOURCE_FILENAME": "2015-BASE_PROCUREMENT-2015-ARMY_AMMO-PROCUREMENT_JustificationBook_Army_PB_2015.zzz_unzipped-PROCUREMENT_JustificationBook_Army_PB_2015.xml",
        "@RECORDID": "c4d5510aae3be623d3815177cb4b77718e913b16082d5e476d238e93060d9756",
        "@ROWID": "0-0b1f21a775883eb22ed7e05c8194a7b93b3b3c1a1d7d478d8e0530df95d6b189",
        "ProductionLinesLayaway_Name_val": "Various",
        "ProductionLinesLayaway_Location_val": "",
        "LayawayCost_val": "459",
        "Description_val": "FY 2015 Base procurement dollars in the amount of $0.459 million support various minor efforts at active and inactive facilities that preserve and store industrial facilities for reserve capacity.",
        "ProductionEnd_val": "",
        "@PARENTROWID": "0-6b0b8f692ed214da329be1ac435b991ba3dbf52d090b9a7876fe77728c3600b7",
        "@PARENT": "root.record.FacilityList.LayawayFacility"
    },
    {
        "Cost_PriorYear_TotalCost_val": "1.291",
        "Cost_CurrentYear_TotalCost_val": "1.079",
        "Cost_BudgetYearOneBase_TotalCost_val": "",
        "Cost_BudgetYearOne_TotalCost_val": "",
        "Cost_AllPriorYears_TotalCost_val": "",
        "Number_val": "5XX8049",
        "Title_val": "Decontamination and Disposal of Excess Production Equipment",
        "@SOURCE_FILENAME": "2015-BASE_PROCUREMENT-2015-ARMY_AMMO-PROCUREMENT_JustificationBook_Army_PB_2015.zzz_unzipped-PROCUREMENT_JustificationBook_Army_PB_2015.xml",
        "@RECORDID": "c4d5510aae3be623d3815177cb4b77718e913b16082d5e476d238e93060d9756",
        "@ROWID": "0-d9f1e82cae779f75fc04d003485c9a82178cbdf4e226bc547054a5305dc4cd4d",
        "ProductionLinesLayaway_Name_val": "Various",
        "ProductionLinesLayaway_Location_val": "",
        "LayawayCost_val": "1079",
        "Description_val": "Procurement dollars in the amount of $1.079 million support decontamination and disposal of excess equipment no longer required for production at Iowa Army Ammunition Plant.",
        "ProductionEnd_val": "",
        "@PARENTROWID": "1-e94b65a46436f14607776855bb3a1e36c74137dc0446493f13594765683ef1e6",
        "@PARENT": "root.record.FacilityList.LayawayFacility"
    },
    {
        "Cost_PriorYear_TotalCost_val": "3.761",
        "Cost_CurrentYear_TotalCost_val": "2.779",
        "Cost_BudgetYearOneBase_TotalCost_val": "2.077",
        "Cost_BudgetYearOne_TotalCost_val": "2.077",
        "Cost_AllPriorYears_TotalCost_val": "",
        "Number_val": "5XX8051",
        "Title_val": "Facility Disposal\/Demolition",
        "@SOURCE_FILENAME": "2015-BASE_PROCUREMENT-2015-ARMY_AMMO-PROCUREMENT_JustificationBook_Army_PB_2015.zzz_unzipped-PROCUREMENT_JustificationBook_Army_PB_2015.xml",
        "@RECORDID": "c4d5510aae3be623d3815177cb4b77718e913b16082d5e476d238e93060d9756",
        "@ROWID": "1-6b514c238e9ec02891f981114b0f5b8f1f41529e98761ddf3a267930a938a216",
        "ProductionLinesLayaway_Name_val": "Various",
        "ProductionLinesLayaway_Location_val": "",
        "LayawayCost_val": "2077",
        "Description_val": "FY 2015 Base procurement dollars in the amount of $2.077 million support efforts to decontaminate, remove asbestos and demolish facilities plant wide due to unsafe conditions and environmental risks at Iowa Army Ammunition Plant.",
        "ProductionEnd_val": "",
        "@PARENTROWID": "1-e94b65a46436f14607776855bb3a1e36c74137dc0446493f13594765683ef1e6",
        "@PARENT": "root.record.FacilityList.LayawayFacility"
    },
    {
        "Cost_PriorYear_TotalCost_val": "",
        "Cost_CurrentYear_TotalCost_val": "",
        "Cost_BudgetYearOneBase_TotalCost_val": "0.169",
        "Cost_BudgetYearOne_TotalCost_val": "0.169",
        "Cost_AllPriorYears_TotalCost_val": "",
        "Number_val": "5158911",
        "Title_val": "Layaway of 120mm Projectile Load, Assemble, and Pack (LAP)",
        "@SOURCE_FILENAME": "2015-BASE_PROCUREMENT-2015-ARMY_AMMO-PROCUREMENT_JustificationBook_Army_PB_2015.zzz_unzipped-PROCUREMENT_JustificationBook_Army_PB_2015.xml",
        "@RECORDID": "c4d5510aae3be623d3815177cb4b77718e913b16082d5e476d238e93060d9756",
        "@ROWID": "2-7ee322b62bd8b4acd7c447bd2ca8ed89570f2cf618a7e350bc85d0c3cb52727b",
        "ProductionLinesLayaway_Name_val": "120mm LAP",
        "ProductionLinesLayaway_Location_val": "Lines 1 and 2",
        "LayawayCost_val": "169",
        "Description_val": "FY 2015 Base procurement dollars in the amount of $0.169 million support efforts to layaway production presses, miscellaneous assembly equipment, fixtures, and gauging equipment that support the 120mm M830A1 tank round.  This includes equipment located on Lines 1 and 2.",
        "ProductionEnd_val": "",
        "@PARENTROWID": "1-e94b65a46436f14607776855bb3a1e36c74137dc0446493f13594765683ef1e6",
        "@PARENT": "root.record.FacilityList.LayawayFacility"
    },
    {
        "Cost_PriorYear_TotalCost_val": "",
        "Cost_CurrentYear_TotalCost_val": "",
        "Cost_BudgetYearOneBase_TotalCost_val": "3.659",
        "Cost_BudgetYearOne_TotalCost_val": "3.659",
        "Cost_AllPriorYears_TotalCost_val": "",
        "Number_val": "5158056",
        "Title_val": "Demolition of Excess Buildings",
        "@SOURCE_FILENAME": "2015-BASE_PROCUREMENT-2015-ARMY_AMMO-PROCUREMENT_JustificationBook_Army_PB_2015.zzz_unzipped-PROCUREMENT_JustificationBook_Army_PB_2015.xml",
        "@RECORDID": "c4d5510aae3be623d3815177cb4b77718e913b16082d5e476d238e93060d9756",
        "@ROWID": "0-ff9e84e8688ac9efff25cfa151a8138fa8698921cb8aebb89dd9978ef1ef3361",
        "ProductionLinesLayaway_Name_val": "Various",
        "ProductionLinesLayaway_Location_val": "",
        "LayawayCost_val": "3659",
        "Description_val": "FY 2015 Base procurement dollars in the amount of $3.659 million support effort to demolish facilities plant wide due to unsafe conditions and environmental risks at Lake City Army Ammunition Plant.",
        "ProductionEnd_val": "",
        "@PARENTROWID": "2-6daacf4be57f7a3aefdb4ed73be6385d69e9f7b3254100779337b710938f4f99",
        "@PARENT": "root.record.FacilityList.LayawayFacility"
    },
    {
        "Cost_PriorYear_TotalCost_val": "",
        "Cost_CurrentYear_TotalCost_val": "0.511",
        "Cost_BudgetYearOneBase_TotalCost_val": "",
        "Cost_BudgetYearOne_TotalCost_val": "",
        "Cost_AllPriorYears_TotalCost_val": "",
        "Number_val": "5148052",
        "Title_val": "Facility Disposal\/Demolition",
        "@SOURCE_FILENAME": "2015-BASE_PROCUREMENT-2015-ARMY_AMMO-PROCUREMENT_JustificationBook_Army_PB_2015.zzz_unzipped-PROCUREMENT_JustificationBook_Army_PB_2015.xml",
        "@RECORDID": "c4d5510aae3be623d3815177cb4b77718e913b16082d5e476d238e93060d9756",
        "@ROWID": "0-205de3fcd02d3c67b83db87a0f8810cfd2036d6cd71e2db032ee8663d3b7efac",
        "ProductionLinesLayaway_Name_val": "Various",
        "ProductionLinesLayaway_Location_val": "",
        "LayawayCost_val": "511",
        "Description_val": "Procurement dollars in the amount of $0.511 million support efforts to decontaminate, remove asbestos, and demolish facilities plant wide, due to unsafe conditions and environmental risks at Milan Army Ammunition Plant.",
        "ProductionEnd_val": "",
        "@PARENTROWID": "3-2665cecf25e7bda8fc4e7f4ae2c87a5ca99b0bd1ad7de8f0fccfdd01bea067c9",
        "@PARENT": "root.record.FacilityList.LayawayFacility"
    },
    {
        "Cost_PriorYear_TotalCost_val": "",
        "Cost_CurrentYear_TotalCost_val": "",
        "Cost_BudgetYearOneBase_TotalCost_val": "0.312",
        "Cost_BudgetYearOne_TotalCost_val": "0.312",
        "Cost_AllPriorYears_TotalCost_val": "",
        "Number_val": "5158058",
        "Title_val": "Transition Line H to Modified Caretaker",
        "@SOURCE_FILENAME": "2015-BASE_PROCUREMENT-2015-ARMY_AMMO-PROCUREMENT_JustificationBook_Army_PB_2015.zzz_unzipped-PROCUREMENT_JustificationBook_Army_PB_2015.xml",
        "@RECORDID": "c4d5510aae3be623d3815177cb4b77718e913b16082d5e476d238e93060d9756",
        "@ROWID": "1-3da375bb24e71778e518d2c75d6e8147669021b528af4761a6eceecba674aeb0",
        "ProductionLinesLayaway_Name_val": "60mm and 81mm Mortars",
        "ProductionLinesLayaway_Location_val": "Line H",
        "LayawayCost_val": "312",
        "Description_val": "FY 2015 Base procurement dollars in the amount of $0.312 million support efforts to transition Line H at Milan Army Ammunition Plant to modified caretaker.  Efforts will decontaminate and dispose of all excess production equipment and will decontaminate (level 3X condition) and transfer equipment proposed for retention to a layaway storage facility.",
        "ProductionEnd_val": "",
        "@PARENTROWID": "3-2665cecf25e7bda8fc4e7f4ae2c87a5ca99b0bd1ad7de8f0fccfdd01bea067c9",
        "@PARENT": "root.record.FacilityList.LayawayFacility"
    },
    {
        "Cost_PriorYear_TotalCost_val": "",
        "Cost_CurrentYear_TotalCost_val": "",
        "Cost_BudgetYearOneBase_TotalCost_val": "0.312",
        "Cost_BudgetYearOne_TotalCost_val": "0.312",
        "Cost_AllPriorYears_TotalCost_val": "",
        "Number_val": "5158059",
        "Title_val": "Transition Line O to Modified Caretaker",
        "@SOURCE_FILENAME": "2015-BASE_PROCUREMENT-2015-ARMY_AMMO-PROCUREMENT_JustificationBook_Army_PB_2015.zzz_unzipped-PROCUREMENT_JustificationBook_Army_PB_2015.xml",
        "@RECORDID": "c4d5510aae3be623d3815177cb4b77718e913b16082d5e476d238e93060d9756",
        "@ROWID": "2-6889e909b5f5fff34ebe87a2f1628b6319a9a4fb5e79ce6ae7bb150646ee7ac0",
        "ProductionLinesLayaway_Name_val": "Various Ammunition Components",
        "ProductionLinesLayaway_Location_val": "Line O",
        "LayawayCost_val": "312",
        "Description_val": "FY 2015 Base procurement dollars in the amount of $0.312 million support transition of Line O at Milan Army Ammunition Plant to modified caretaker.  Effort will decontaminate and dispose of all excess production equipment and will decontaminate (level 3X condition) and transfer equipment proposed for retention to a layaway storage facility.  In December 2011, production and demilitarization of various ammunition components was shut down at Line O.  Production of these items has been transferred to Iowa Army Ammunition Plant.",
        "ProductionEnd_val": "",
        "@PARENTROWID": "3-2665cecf25e7bda8fc4e7f4ae2c87a5ca99b0bd1ad7de8f0fccfdd01bea067c9",
        "@PARENT": "root.record.FacilityList.LayawayFacility"
    },
    {
        "Cost_PriorYear_TotalCost_val": "",
        "Cost_CurrentYear_TotalCost_val": "1.531",
        "Cost_BudgetYearOneBase_TotalCost_val": "",
        "Cost_BudgetYearOne_TotalCost_val": "",
        "Cost_AllPriorYears_TotalCost_val": "",
        "Number_val": "5148055",
        "Title_val": "Remove\/Dispose of Hexachlorethane (HC)\/Zinc Chloride Mix Equipment, Building 34-640",
        "@SOURCE_FILENAME": "2015-BASE_PROCUREMENT-2015-ARMY_AMMO-PROCUREMENT_JustificationBook_Army_PB_2015.zzz_unzipped-PROCUREMENT_JustificationBook_Army_PB_2015.xml",
        "@RECORDID": "c4d5510aae3be623d3815177cb4b77718e913b16082d5e476d238e93060d9756",
        "@ROWID": "0-2a0dcb0b91d95cd051d2669ad28dde8f20be8e0af568fe3203260cb9f0463886",
        "ProductionLinesLayaway_Name_val": "Large Mix Load, Assemble and Pack (LAP), HC smoke munitions.",
        "ProductionLinesLayaway_Location_val": "Building 34-640",
        "LayawayCost_val": "1531",
        "Description_val": "Procurement dollars in the amount of $1.531 million support efforts to remove, decontaminate and dispose of HC \/ Zinc Chloride mix equipment in building 34-640 at Pine Bluff Arsenal.  HC has been determined to be a toxic carcinogen and will no longer support program objective memorandum (POM) buys.  All equipment must be flashed to level 5X prior to disposal.",
        "ProductionEnd_val": "",
        "@PARENTROWID": "4-e70a8350314d0d55da79b120904437b8279626f50d7ccc3dda61a7fbc7e806c9",
        "@PARENT": "root.record.FacilityList.LayawayFacility"
    },
    {
        "Cost_PriorYear_TotalCost_val": "",
        "Cost_CurrentYear_TotalCost_val": "2.265",
        "Cost_BudgetYearOneBase_TotalCost_val": "",
        "Cost_BudgetYearOne_TotalCost_val": "",
        "Cost_AllPriorYears_TotalCost_val": "",
        "Number_val": "5XX8440",
        "Title_val": "Decontamination and Disposal of Facilities\/Excess Production Equipment",
        "@SOURCE_FILENAME": "2015-BASE_PROCUREMENT-2015-ARMY_AMMO-PROCUREMENT_JustificationBook_Army_PB_2015.zzz_unzipped-PROCUREMENT_JustificationBook_Army_PB_2015.xml",
        "@RECORDID": "c4d5510aae3be623d3815177cb4b77718e913b16082d5e476d238e93060d9756",
        "@ROWID": "0-a30fd2ac9f5fad32c079f453afaa380d40a3b1c4a55a329f15c4eb1c2b5d650a",
        "ProductionLinesLayaway_Name_val": "Various",
        "ProductionLinesLayaway_Location_val": "",
        "LayawayCost_val": "2265",
        "Description_val": "Procurement dollars in the amount of $2.265 million support this continued effort to decontaminate and dispose of excess production equipment and facilities at Radford Army Ammunition Plant.",
        "ProductionEnd_val": "",
        "@PARENTROWID": "5-7acb1a65ed50fe505ac1111c166ef3845fb8541880e98a8d17c2516dd579604c",
        "@PARENT": "root.record.FacilityList.LayawayFacility"
    },
    {
        "Cost_PriorYear_TotalCost_val": "0.096",
        "Cost_CurrentYear_TotalCost_val": "",
        "Cost_BudgetYearOneBase_TotalCost_val": "",
        "Cost_BudgetYearOne_TotalCost_val": "",
        "Cost_AllPriorYears_TotalCost_val": "",
        "Number_val": "5138057",
        "Title_val": "Layaway of Equipment",
        "@SOURCE_FILENAME": "2015-BASE_PROCUREMENT-2015-ARMY_AMMO-PROCUREMENT_JustificationBook_Army_PB_2015.zzz_unzipped-PROCUREMENT_JustificationBook_Army_PB_2015.xml",
        "@RECORDID": "c4d5510aae3be623d3815177cb4b77718e913b16082d5e476d238e93060d9756",
        "@ROWID": "0-749f950acd4c58da058561e2a9538f8f36a7036ca67804b69d3d23b32ffb9c37",
        "ProductionLinesLayaway_Name_val": "120mm Mortar, 5",
        "ProductionLinesLayaway_Location_val": "",
        "LayawayCost_val": "96",
        "Description_val": "Procurement dollars in the amount of $0.096 million support the layaway of equipment associated with large caliber metal parts capability to allow Scranton Army Ammunition Plant timely reactivation of the capability in the future.",
        "ProductionEnd_val": "",
        "@PARENTROWID": "6-0168acfe23558c896e3024db9ee351646cc8dc005cd09267024bd41b81bb2b45",
        "@PARENT": "root.record.FacilityList.LayawayFacility"
    },
    {
        "Cost_PriorYear_TotalCost_val": "0.602",
        "Cost_CurrentYear_TotalCost_val": "0.619",
        "Cost_BudgetYearOneBase_TotalCost_val": "0.629",
        "Cost_BudgetYearOne_TotalCost_val": "0.629",
        "Cost_AllPriorYears_TotalCost_val": "419.115",
        "Number_val": "U7667",
        "Title_val": "Layaway of Industrial Facilities (LIF)",
        "@SOURCE_FILENAME": "2016-BASE_PROCUREMENT-2016-ARMY_WTCV-PROCUREMENT_JustificationBook_Army_PB_2016.zzz_unzipped-PROCUREMENT_JustificationBook_Army_PB_2016.xml",
        "@RECORDID": "5d00c39c1e909eed2357826245a76a51310d03e9eaaa04439ab37437904c53fa",
        "@ROWID": "0-2b489283d372b3e5d6ef4355a268a42f8d51c80c5271583bdbf1fd470efc93f1",
        "ProductionLinesLayaway_Name_val": "",
        "ProductionLinesLayaway_Location_val": "",
        "LayawayCost_val": "",
        "Description_val": "",
        "ProductionEnd_val": "",
        "@PARENTROWID": "0-38980f01a22c4f0ae756997f6a282125ca034dbce5d4f7ba1faddcd9570fac24",
        "@PARENT": "root.record.FacilityList.LayawayFacility"
    },
    {
        "Cost_PriorYear_TotalCost_val": "0.018",
        "Cost_CurrentYear_TotalCost_val": "0.028",
        "Cost_BudgetYearOneBase_TotalCost_val": "0.297",
        "Cost_BudgetYearOne_TotalCost_val": "0.297",
        "Cost_AllPriorYears_TotalCost_val": "",
        "Number_val": "5XX8000",
        "Title_val": "Layaway of Industrial Facilities, Minor Efforts Less Than $0.100 Million",
        "@SOURCE_FILENAME": "2016-BASE_PROCUREMENT-2016-ARMY_AMMO-PROCUREMENT_JustificationBook_Army_PB_2016.zzz_unzipped-PROCUREMENT_JustificationBook_Army_PB_2016.xml",
        "@RECORDID": "b8c74bded3f7e8d5becd320d034e0321c86f39aa744ca436c07c8d4430a61422",
        "@ROWID": "0-4a2e06d1df963fcb5f7de17a90b91f6719ec70fae7cda1021136eb2810367930",
        "ProductionLinesLayaway_Name_val": "Various",
        "ProductionLinesLayaway_Location_val": "",
        "LayawayCost_val": "297",
        "Description_val": "FY 2016 Base procurement dollars in the amount of $0.297 million support various minor efforts at active and inactive facilities that preserve and store industrial facilities for reserve capacity.",
        "ProductionEnd_val": "",
        "@PARENTROWID": "0-95dd95ac53e7b2a9803e9d40f81f43fdd91a6eee51e0a1a314e35d4ebcffe6fa",
        "@PARENT": "root.record.FacilityList.LayawayFacility"
    },
    {
        "Cost_PriorYear_TotalCost_val": "",
        "Cost_CurrentYear_TotalCost_val": "",
        "Cost_BudgetYearOneBase_TotalCost_val": "3",
        "Cost_BudgetYearOne_TotalCost_val": "3",
        "Cost_AllPriorYears_TotalCost_val": "",
        "Number_val": "5168060",
        "Title_val": "Stabilization of HSAAP Area A, Phase 1",
        "@SOURCE_FILENAME": "2016-BASE_PROCUREMENT-2016-ARMY_AMMO-PROCUREMENT_JustificationBook_Army_PB_2016.zzz_unzipped-PROCUREMENT_JustificationBook_Army_PB_2016.xml",
        "@RECORDID": "b8c74bded3f7e8d5becd320d034e0321c86f39aa744ca436c07c8d4430a61422",
        "@ROWID": "0-9d4aab156ecde61427476c6f462f5cde17bb542fa30cf9d03743c1744b2ef67b",
        "ProductionLinesLayaway_Name_val": "Buildings: 2-A, 6-A, 7-A, TF-27 & various utilities to include 33-A, 36-A, 39-A,29-A,11-A & 12-A",
        "ProductionLinesLayaway_Location_val": "",
        "LayawayCost_val": "3000",
        "Description_val": "FY 2016 Base Procurement dollars in the amount of $3.000 million support the stabilization and layaway of Area A at Holston Army Ammunition Plant.  Product operations in Area A are forecasted for termination in 2015.  This effort will perform the necessary requirements to place Area A buildings and tank farms into a stabilized and layaway condition.",
        "ProductionEnd_val": "",
        "@PARENTROWID": "1-2d1cc19c1467bcd2ca6bba4ad1765c067a648644e2c171fd7d1820c6a9847d5b",
        "@PARENT": "root.record.FacilityList.LayawayFacility"
    },
    {
        "Cost_PriorYear_TotalCost_val": "",
        "Cost_CurrentYear_TotalCost_val": "",
        "Cost_BudgetYearOneBase_TotalCost_val": "1.889",
        "Cost_BudgetYearOne_TotalCost_val": "1.889",
        "Cost_AllPriorYears_TotalCost_val": "",
        "Number_val": "5168067",
        "Title_val": "Layaway of Magnesium Nitrate Facility",
        "@SOURCE_FILENAME": "2016-BASE_PROCUREMENT-2016-ARMY_AMMO-PROCUREMENT_JustificationBook_Army_PB_2016.zzz_unzipped-PROCUREMENT_JustificationBook_Army_PB_2016.xml",
        "@RECORDID": "b8c74bded3f7e8d5becd320d034e0321c86f39aa744ca436c07c8d4430a61422",
        "@ROWID": "1-749231dd9448eb72e8f2a2608d41d02c820074cd041576b7dff08dac6f188172",
        "ProductionLinesLayaway_Name_val": "Magnesium Nitrate Unit #5",
        "ProductionLinesLayaway_Location_val": "",
        "LayawayCost_val": "1889",
        "Description_val": "FY 2016 Base Procurement dollars in the amount of $1.889 million support layaway of the Magnesium Nitrate Facility at Holston Army Ammunition Plant (AAP).  The facility was removed from layaway status in 2012 to support production of strong nitric acid (SNA) at Holston AAP.  In May 2012, the primary supplier of SNA experienced an accidental explosion resulting in a two year delay in production.  This layaway effort will assure preservation for future reactivation.",
        "ProductionEnd_val": "2015-09",
        "@PARENTROWID": "1-2d1cc19c1467bcd2ca6bba4ad1765c067a648644e2c171fd7d1820c6a9847d5b",
        "@PARENT": "root.record.FacilityList.LayawayFacility"
    },
    {
        "Cost_PriorYear_TotalCost_val": "",
        "Cost_CurrentYear_TotalCost_val": "",
        "Cost_BudgetYearOneBase_TotalCost_val": "1.1",
        "Cost_BudgetYearOne_TotalCost_val": "1.1",
        "Cost_AllPriorYears_TotalCost_val": "",
        "Number_val": "5XX8049",
        "Title_val": "Decontamination and Disposal of Excess Production Equipment",
        "@SOURCE_FILENAME": "2016-BASE_PROCUREMENT-2016-ARMY_AMMO-PROCUREMENT_JustificationBook_Army_PB_2016.zzz_unzipped-PROCUREMENT_JustificationBook_Army_PB_2016.xml",
        "@RECORDID": "b8c74bded3f7e8d5becd320d034e0321c86f39aa744ca436c07c8d4430a61422",
        "@ROWID": "0-1ba2c781b7b1a912a4e75ce8534f36e261b542134fd961b243617b080ce0b1c6",
        "ProductionLinesLayaway_Name_val": "Various",
        "ProductionLinesLayaway_Location_val": "",
        "LayawayCost_val": "1100",
        "Description_val": "FY 2016 Base procurement dollars in the amount of $1.100 million support decontamination and disposal of excess equipment no longer required for production at Iowa Army Ammunition Plant (AAP).  Decontamination and disposal of inactive equipment enables Iowa AAP to re-use existing storage facilities for future production.",
        "ProductionEnd_val": "",
        "@PARENTROWID": "2-cfb57fb4ed50cef1d679e9e9e3159ae08bfba1769e7a1a819116a9a314e26af5",
        "@PARENT": "root.record.FacilityList.LayawayFacility"
    },
    {
        "Cost_PriorYear_TotalCost_val": "",
        "Cost_CurrentYear_TotalCost_val": "2.077",
        "Cost_BudgetYearOneBase_TotalCost_val": "",
        "Cost_BudgetYearOne_TotalCost_val": "",
        "Cost_AllPriorYears_TotalCost_val": "",
        "Number_val": "5XX8051",
        "Title_val": "Facility Disposal\/Demolition",
        "@SOURCE_FILENAME": "2016-BASE_PROCUREMENT-2016-ARMY_AMMO-PROCUREMENT_JustificationBook_Army_PB_2016.zzz_unzipped-PROCUREMENT_JustificationBook_Army_PB_2016.xml",
        "@RECORDID": "b8c74bded3f7e8d5becd320d034e0321c86f39aa744ca436c07c8d4430a61422",
        "@ROWID": "1-ff3d0b531cd700d94d83faaa4444e12083782f4fa36ad23da55c4a5f52caf425",
        "ProductionLinesLayaway_Name_val": "Various",
        "ProductionLinesLayaway_Location_val": "",
        "LayawayCost_val": "2077",
        "Description_val": "Procurement dollars in the amount of $2.077 million support efforts to decontaminate, remove asbestos and demolish facilities plant wide due to unsafe conditions and environmental risks at Iowa Army Ammunition Plant.",
        "ProductionEnd_val": "",
        "@PARENTROWID": "2-cfb57fb4ed50cef1d679e9e9e3159ae08bfba1769e7a1a819116a9a314e26af5",
        "@PARENT": "root.record.FacilityList.LayawayFacility"
    },
    {
        "Cost_PriorYear_TotalCost_val": "",
        "Cost_CurrentYear_TotalCost_val": "3.659",
        "Cost_BudgetYearOneBase_TotalCost_val": "",
        "Cost_BudgetYearOne_TotalCost_val": "",
        "Cost_AllPriorYears_TotalCost_val": "",
        "Number_val": "5158056",
        "Title_val": "Demolition of Excess Buildings",
        "@SOURCE_FILENAME": "2016-BASE_PROCUREMENT-2016-ARMY_AMMO-PROCUREMENT_JustificationBook_Army_PB_2016.zzz_unzipped-PROCUREMENT_JustificationBook_Army_PB_2016.xml",
        "@RECORDID": "b8c74bded3f7e8d5becd320d034e0321c86f39aa744ca436c07c8d4430a61422",
        "@ROWID": "0-3c09a422433e3509a52e4f6f2ca24fdf38ee51a6f4935d0143776e19fe914bf8",
        "ProductionLinesLayaway_Name_val": "Various",
        "ProductionLinesLayaway_Location_val": "",
        "LayawayCost_val": "3659",
        "Description_val": "Procurement dollars in the amount of $3.659 million support effort to demolish facilities plant wide due to unsafe conditions and environmental risks at Lake City Army Ammunition Plant.",
        "ProductionEnd_val": "",
        "@PARENTROWID": "3-2198ae4f6b6cd0492dd09b67cde4389649057009f4cc84c9d1fe32dca6f8bbbb",
        "@PARENT": "root.record.FacilityList.LayawayFacility"
    },
    {
        "Cost_PriorYear_TotalCost_val": "",
        "Cost_CurrentYear_TotalCost_val": "0.312",
        "Cost_BudgetYearOneBase_TotalCost_val": "",
        "Cost_BudgetYearOne_TotalCost_val": "",
        "Cost_AllPriorYears_TotalCost_val": "",
        "Number_val": "5158058",
        "Title_val": "Transition Line H to Modified Caretaker",
        "@SOURCE_FILENAME": "2016-BASE_PROCUREMENT-2016-ARMY_AMMO-PROCUREMENT_JustificationBook_Army_PB_2016.zzz_unzipped-PROCUREMENT_JustificationBook_Army_PB_2016.xml",
        "@RECORDID": "b8c74bded3f7e8d5becd320d034e0321c86f39aa744ca436c07c8d4430a61422",
        "@ROWID": "0-581e9d7edcf84de3e43ad66c218598b5b78301e2423c8d6fe5eba2c34f5fd075",
        "ProductionLinesLayaway_Name_val": "60mm and 81mm Mortars",
        "ProductionLinesLayaway_Location_val": "Line H",
        "LayawayCost_val": "312",
        "Description_val": "Procurement dollars in the amount of $0.312 million support efforts to transition Line H at Milan Army Ammunition Plant (AAP) to modified caretaker.  Efforts will decontaminate to level 5X condition and dispose of all excess production equipment.  Efforts will also retain selected equipment and transfer the items to a layaway storage facility at Milan AAP to preserve for future production capacity.  In December 2011, production of ignition cartridges and propelling charges for 60mm and 81mm mortars was shut down at Line H.  Production of these items has been transferred to Iowa Army Ammunition Plant.",
        "ProductionEnd_val": "",
        "@PARENTROWID": "4-1f2237d180745f5b19c33e2f1f047331a7809bafe3bfd97cc6285fe4960ae33b",
        "@PARENT": "root.record.FacilityList.LayawayFacility"
    },
    {
        "Cost_PriorYear_TotalCost_val": "",
        "Cost_CurrentYear_TotalCost_val": "0.312",
        "Cost_BudgetYearOneBase_TotalCost_val": "",
        "Cost_BudgetYearOne_TotalCost_val": "",
        "Cost_AllPriorYears_TotalCost_val": "",
        "Number_val": "5158059",
        "Title_val": "Transition Line O to Modified Caretaker",
        "@SOURCE_FILENAME": "2016-BASE_PROCUREMENT-2016-ARMY_AMMO-PROCUREMENT_JustificationBook_Army_PB_2016.zzz_unzipped-PROCUREMENT_JustificationBook_Army_PB_2016.xml",
        "@RECORDID": "b8c74bded3f7e8d5becd320d034e0321c86f39aa744ca436c07c8d4430a61422",
        "@ROWID": "1-2670c7c5d13647824882c8f551fcc3a6be174e31789ea3ce7789d0d45d5c0af1",
        "ProductionLinesLayaway_Name_val": "Various Ammunition Components",
        "ProductionLinesLayaway_Location_val": "Line O",
        "LayawayCost_val": "312",
        "Description_val": "Procurement dollars in the amount of $0.312 million support transition of Line O at Milan Army Ammunition Plant to modified caretaker.  Effort will decontaminate and dispose of all excess production equipment.  Efforts will also retain selected production equipment and transfer the items to a layaway storage facility at Milan AAP to preserve for future production capacity.  In December 2011, production and demilitarization of various ammunition components was shut down at Line O.  Production of these items has been transferred to Iowa Army Ammunition Plant.",
        "ProductionEnd_val": "",
        "@PARENTROWID": "4-1f2237d180745f5b19c33e2f1f047331a7809bafe3bfd97cc6285fe4960ae33b",
        "@PARENT": "root.record.FacilityList.LayawayFacility"
    },
    {
        "Cost_PriorYear_TotalCost_val": "0.138",
        "Cost_CurrentYear_TotalCost_val": "",
        "Cost_BudgetYearOneBase_TotalCost_val": "",
        "Cost_BudgetYearOne_TotalCost_val": "",
        "Cost_AllPriorYears_TotalCost_val": "",
        "Number_val": "5148052",
        "Title_val": "Facility Disposal\/Demolition",
        "@SOURCE_FILENAME": "2016-BASE_PROCUREMENT-2016-ARMY_AMMO-PROCUREMENT_JustificationBook_Army_PB_2016.zzz_unzipped-PROCUREMENT_JustificationBook_Army_PB_2016.xml",
        "@RECORDID": "b8c74bded3f7e8d5becd320d034e0321c86f39aa744ca436c07c8d4430a61422",
        "@ROWID": "2-3a1887413241a1aed1ac9bd50cf23d00d497e9283a53155df25225dd23715a3d",
        "ProductionLinesLayaway_Name_val": "",
        "ProductionLinesLayaway_Location_val": "",
        "LayawayCost_val": "138",
        "Description_val": "Procurement dollars in the amount of $0.138 million support efforts to decontaminate, remove asbestos, and demolish building J-139, due to unsafe conditions and environmental risks, at Milan Army Ammunition Plant.",
        "ProductionEnd_val": "",
        "@PARENTROWID": "4-1f2237d180745f5b19c33e2f1f047331a7809bafe3bfd97cc6285fe4960ae33b",
        "@PARENT": "root.record.FacilityList.LayawayFacility"
    },
    {
        "Cost_PriorYear_TotalCost_val": "",
        "Cost_CurrentYear_TotalCost_val": "",
        "Cost_BudgetYearOneBase_TotalCost_val": "0.173",
        "Cost_BudgetYearOne_TotalCost_val": "0.173",
        "Cost_AllPriorYears_TotalCost_val": "",
        "Number_val": "5168061",
        "Title_val": "Layaway Area ZZ (Test Area)",
        "@SOURCE_FILENAME": "2016-BASE_PROCUREMENT-2016-ARMY_AMMO-PROCUREMENT_JustificationBook_Army_PB_2016.zzz_unzipped-PROCUREMENT_JustificationBook_Army_PB_2016.xml",
        "@RECORDID": "b8c74bded3f7e8d5becd320d034e0321c86f39aa744ca436c07c8d4430a61422",
        "@ROWID": "3-96bc59a99474f7c4185cdef9cabad1a5717d0a92650d0a37cf6fd9ab6427306a",
        "ProductionLinesLayaway_Name_val": "",
        "ProductionLinesLayaway_Location_val": "",
        "LayawayCost_val": "173",
        "Description_val": "FY 2016 Base procurement dollars in the amount of $0.173 million support layaway of Area ZZ buildings and equipment at Milan Army Ammunition Plant.  Effort is required to maintain production readiness for 40MM grenade test fire.",
        "ProductionEnd_val": "",
        "@PARENTROWID": "4-1f2237d180745f5b19c33e2f1f047331a7809bafe3bfd97cc6285fe4960ae33b",
        "@PARENT": "root.record.FacilityList.LayawayFacility"
    },
    {
        "Cost_PriorYear_TotalCost_val": "",
        "Cost_CurrentYear_TotalCost_val": "",
        "Cost_BudgetYearOneBase_TotalCost_val": "0.445",
        "Cost_BudgetYearOne_TotalCost_val": "0.445",
        "Cost_AllPriorYears_TotalCost_val": "",
        "Number_val": "5168063",
        "Title_val": "Layaway Line A",
        "@SOURCE_FILENAME": "2016-BASE_PROCUREMENT-2016-ARMY_AMMO-PROCUREMENT_JustificationBook_Army_PB_2016.zzz_unzipped-PROCUREMENT_JustificationBook_Army_PB_2016.xml",
        "@RECORDID": "b8c74bded3f7e8d5becd320d034e0321c86f39aa744ca436c07c8d4430a61422",
        "@ROWID": "4-a5ad8cdcae316059e0ce04b2af33044f2d28ac7a152afefe4a18cb119fe6e5bc",
        "ProductionLinesLayaway_Name_val": "",
        "ProductionLinesLayaway_Location_val": "",
        "LayawayCost_val": "445",
        "Description_val": "FY 2016 Base procurement dollars in the amount of $0.445 million support layaway of Line A buildings and equipment at Milan Army Ammunition Plant.  Effort will maintain production readiness for 40mm grenade pressing and 155mm Improved Conventional Munitions (ICM) artillery shell and Multiple Launch Rocket System (MLRS) download operations.",
        "ProductionEnd_val": "",
        "@PARENTROWID": "4-1f2237d180745f5b19c33e2f1f047331a7809bafe3bfd97cc6285fe4960ae33b",
        "@PARENT": "root.record.FacilityList.LayawayFacility"
    },
    {
        "Cost_PriorYear_TotalCost_val": "1.395",
        "Cost_CurrentYear_TotalCost_val": "",
        "Cost_BudgetYearOneBase_TotalCost_val": "",
        "Cost_BudgetYearOne_TotalCost_val": "",
        "Cost_AllPriorYears_TotalCost_val": "",
        "Number_val": "5148055",
        "Title_val": "Remove\/Dispose of Hexachlorethane (HC)\/Zinc Chloride Mix Equipment, Building 34-640",
        "@SOURCE_FILENAME": "2016-BASE_PROCUREMENT-2016-ARMY_AMMO-PROCUREMENT_JustificationBook_Army_PB_2016.zzz_unzipped-PROCUREMENT_JustificationBook_Army_PB_2016.xml",
        "@RECORDID": "b8c74bded3f7e8d5becd320d034e0321c86f39aa744ca436c07c8d4430a61422",
        "@ROWID": "0-b6b74ff6ca9c8d1aab0e53f5806ccfbe48129da177080b46795024bcdd516ead",
        "ProductionLinesLayaway_Name_val": "Large Mix Load, Assemble and Pack (LAP), HC smoke munitions.",
        "ProductionLinesLayaway_Location_val": "Building 34-640",
        "LayawayCost_val": "1395",
        "Description_val": "Procurement dollars in the amount of $1.395 million support efforts to remove, decontaminate and dispose of HC \/ Zinc Chloride mix equipment in building 34-640 at Pine Bluff Arsenal.  HC has been determined to be a toxic carcinogen and will no longer support program objective memorandum (POM) buys.  All equipment must be flashed to level 5X prior to disposal.",
        "ProductionEnd_val": "",
        "@PARENTROWID": "5-fadd3091eba671dbc8aaa986e24e8c3cbc93f7d79930187d31edb20bdfc6ed08",
        "@PARENT": "root.record.FacilityList.LayawayFacility"
    },
    {
        "Cost_PriorYear_TotalCost_val": "",
        "Cost_CurrentYear_TotalCost_val": "",
        "Cost_BudgetYearOneBase_TotalCost_val": "1.788",
        "Cost_BudgetYearOne_TotalCost_val": "1.788",
        "Cost_AllPriorYears_TotalCost_val": "",
        "Number_val": "5168035",
        "Title_val": "Demolition of Inactive White Phosphorous Production Tanks, Ph 2",
        "@SOURCE_FILENAME": "2016-BASE_PROCUREMENT-2016-ARMY_AMMO-PROCUREMENT_JustificationBook_Army_PB_2016.zzz_unzipped-PROCUREMENT_JustificationBook_Army_PB_2016.xml",
        "@RECORDID": "b8c74bded3f7e8d5becd320d034e0321c86f39aa744ca436c07c8d4430a61422",
        "@ROWID": "1-0ab7d5ba4f2693a112c2ae985bed9b75f2cf047f0f73b9cb29de56182782a514",
        "ProductionLinesLayaway_Name_val": "Various",
        "ProductionLinesLayaway_Location_val": "",
        "LayawayCost_val": "1788",
        "Description_val": "FY 2016 Base procurement dollars in the amount of $1.788 million support decontamination and demolition of obsolete White Phosphorous production tanks and support equipment at Pine Bluff Arsenal.  These efforts will eliminate safety and environmental risks.",
        "ProductionEnd_val": "",
        "@PARENTROWID": "5-fadd3091eba671dbc8aaa986e24e8c3cbc93f7d79930187d31edb20bdfc6ed08",
        "@PARENT": "root.record.FacilityList.LayawayFacility"
    },
    {
        "Cost_PriorYear_TotalCost_val": "",
        "Cost_CurrentYear_TotalCost_val": "",
        "Cost_BudgetYearOneBase_TotalCost_val": "0.419",
        "Cost_BudgetYearOne_TotalCost_val": "0.419",
        "Cost_AllPriorYears_TotalCost_val": "",
        "Number_val": "5168045",
        "Title_val": "Removal\/Disposal of Inactive White Phosphorous Equipment",
        "@SOURCE_FILENAME": "2016-BASE_PROCUREMENT-2016-ARMY_AMMO-PROCUREMENT_JustificationBook_Army_PB_2016.zzz_unzipped-PROCUREMENT_JustificationBook_Army_PB_2016.xml",
        "@RECORDID": "b8c74bded3f7e8d5becd320d034e0321c86f39aa744ca436c07c8d4430a61422",
        "@ROWID": "2-7beb22893c8f0dc7ae79e30e633bf98ab3161a76b8929634b9bb7a40e8d6ec5b",
        "ProductionLinesLayaway_Name_val": "Tank #3 (34-170), Tank A (34-130), Test Ovens (34-110) & Containment area (34-196)",
        "ProductionLinesLayaway_Location_val": "",
        "LayawayCost_val": "419",
        "Description_val": "FY 2016 Base Procurement dollars in the amount of $0.419 million support removal and disposal of inactive White Phosphorous equipment at Pine Bluff Arsenal.  The obsolete White Phosphorous support equipment will be decontaminated, dismantled and disposed.  This project will eliminate safety, environmental and a human health hazards.",
        "ProductionEnd_val": "",
        "@PARENTROWID": "5-fadd3091eba671dbc8aaa986e24e8c3cbc93f7d79930187d31edb20bdfc6ed08",
        "@PARENT": "root.record.FacilityList.LayawayFacility"
    },
    {
        "Cost_PriorYear_TotalCost_val": "6.681",
        "Cost_CurrentYear_TotalCost_val": "",
        "Cost_BudgetYearOneBase_TotalCost_val": "",
        "Cost_BudgetYearOne_TotalCost_val": "",
        "Cost_AllPriorYears_TotalCost_val": "",
        "Number_val": "51X8053",
        "Title_val": "Layaway of Steel Cartridge Case Equipment",
        "@SOURCE_FILENAME": "2016-BASE_PROCUREMENT-2016-ARMY_AMMO-PROCUREMENT_JustificationBook_Army_PB_2016.zzz_unzipped-PROCUREMENT_JustificationBook_Army_PB_2016.xml",
        "@RECORDID": "b8c74bded3f7e8d5becd320d034e0321c86f39aa744ca436c07c8d4430a61422",
        "@ROWID": "0-e56cabcd265bc72f4db24dfba0b0d03bc097dfa801d0c2c5062326e395ddfeec",
        "ProductionLinesLayaway_Name_val": "105mm M148A1B1, 155mm Advanced Gun System (AGS), 5",
        "ProductionLinesLayaway_Location_val": "",
        "LayawayCost_val": "6681",
        "Description_val": "Procurement dollars in the amount of $6.681 million support this effort to layaway the deep drawn cartridge case equipment at the Quad City Cartridge Case Facility.  Effort includes purchase of intellectual property, tooling, gages, and common processes, and in-house project support costs.",
        "ProductionEnd_val": "",
        "@PARENTROWID": "6-dfb0df2474b145ad9c4e8df4e0f3e5be413a8ad02e7bb7a876d041ab2b344e23",
        "@PARENT": "root.record.FacilityList.LayawayFacility"
    },
    {
        "Cost_PriorYear_TotalCost_val": "6.589",
        "Cost_CurrentYear_TotalCost_val": "",
        "Cost_BudgetYearOneBase_TotalCost_val": "0.73",
        "Cost_BudgetYearOne_TotalCost_val": "0.73",
        "Cost_AllPriorYears_TotalCost_val": "",
        "Number_val": "5XX8440",
        "Title_val": "Decontamination and Disposal of Facilities\/Excess Production Equipment",
        "@SOURCE_FILENAME": "2016-BASE_PROCUREMENT-2016-ARMY_AMMO-PROCUREMENT_JustificationBook_Army_PB_2016.zzz_unzipped-PROCUREMENT_JustificationBook_Army_PB_2016.xml",
        "@RECORDID": "b8c74bded3f7e8d5becd320d034e0321c86f39aa744ca436c07c8d4430a61422",
        "@ROWID": "0-21dc00384341f043e79e388c740936ece9140aa0a8e0708ed2d28e7dc0dbdb62",
        "ProductionLinesLayaway_Name_val": "Various",
        "ProductionLinesLayaway_Location_val": "",
        "LayawayCost_val": "7319",
        "Description_val": "FY 2016 Base procurement dollars in the amount of $0.730 million support this continued effort to decontaminate and dispose of excess production equipment and facilities at Radford Army Ammunition Plant.",
        "ProductionEnd_val": "",
        "@PARENTROWID": "7-e632f3965e568b15e11103a97ee659b47aaa285836bf57f0ce881fcac4e48ccd",
        "@PARENT": "root.record.FacilityList.LayawayFacility"
    },
    {
        "Cost_PriorYear_TotalCost_val": "1.193",
        "Cost_CurrentYear_TotalCost_val": "",
        "Cost_BudgetYearOneBase_TotalCost_val": "",
        "Cost_BudgetYearOne_TotalCost_val": "",
        "Cost_AllPriorYears_TotalCost_val": "",
        "Number_val": "5XX8047",
        "Title_val": "Remove Nitrocellulose (NC) Hill Tanks",
        "@SOURCE_FILENAME": "2016-BASE_PROCUREMENT-2016-ARMY_AMMO-PROCUREMENT_JustificationBook_Army_PB_2016.zzz_unzipped-PROCUREMENT_JustificationBook_Army_PB_2016.xml",
        "@RECORDID": "b8c74bded3f7e8d5becd320d034e0321c86f39aa744ca436c07c8d4430a61422",
        "@ROWID": "1-9714b0fe0728afcc81f4125dd50f52d3ae0db45d5b4eec9941ee6c2c3cbd5b48",
        "ProductionLinesLayaway_Name_val": "",
        "ProductionLinesLayaway_Location_val": "",
        "LayawayCost_val": "1193",
        "Description_val": "Procurement dollars in the amount of $1.193 million support efforts to remove and dispose waste NC from recovered water tanks at Radford Army Ammunition Plant. These efforts will significantly reduce environmental and safety issues associated with large quantities of legacy NC.",
        "ProductionEnd_val": "",
        "@PARENTROWID": "7-e632f3965e568b15e11103a97ee659b47aaa285836bf57f0ce881fcac4e48ccd",
        "@PARENT": "root.record.FacilityList.LayawayFacility"
    },
    {
        "Cost_PriorYear_TotalCost_val": "1.292",
        "Cost_CurrentYear_TotalCost_val": "",
        "Cost_BudgetYearOneBase_TotalCost_val": "",
        "Cost_BudgetYearOne_TotalCost_val": "",
        "Cost_AllPriorYears_TotalCost_val": "",
        "Number_val": "5143721",
        "Title_val": "Removal of Verson Press System",
        "@SOURCE_FILENAME": "2016-BASE_PROCUREMENT-2016-ARMY_AMMO-PROCUREMENT_JustificationBook_Army_PB_2016.zzz_unzipped-PROCUREMENT_JustificationBook_Army_PB_2016.xml",
        "@RECORDID": "b8c74bded3f7e8d5becd320d034e0321c86f39aa744ca436c07c8d4430a61422",
        "@ROWID": "0-a726f433901b778ff8c6f80ee4d800a676b78465f743b3f7a1efb7efb497b0b3",
        "ProductionLinesLayaway_Name_val": "",
        "ProductionLinesLayaway_Location_val": "",
        "LayawayCost_val": "1292",
        "Description_val": "Procurement dollars in the amount of $1.292 million support the removal of the Verson Press System at Scranton Army Ammunition Plant.  The press system is comprised of a 1500 ton hydraulic preform press, a 1500 ton hydraulic extrusion press, and a 1250 ton hydraulic draw press.  The system has been in layaway status for twenty five years.  The press system has deteriorated and is no longer economically feasible to repair and retain.",
        "ProductionEnd_val": "",
        "@PARENTROWID": "8-510568085ca74ba1208532bf905a794e4653b2e58171214dad02bdaaba159ecc",
        "@PARENT": "root.record.FacilityList.LayawayFacility"
    },
    {
        "Cost_PriorYear_TotalCost_val": "",
        "Cost_CurrentYear_TotalCost_val": "0.6",
        "Cost_BudgetYearOneBase_TotalCost_val": "",
        "Cost_BudgetYearOne_TotalCost_val": "",
        "Cost_AllPriorYears_TotalCost_val": "",
        "Number_val": "5158068",
        "Title_val": "Layaway of 120mm Mortar Line",
        "@SOURCE_FILENAME": "2016-BASE_PROCUREMENT-2016-ARMY_AMMO-PROCUREMENT_JustificationBook_Army_PB_2016.zzz_unzipped-PROCUREMENT_JustificationBook_Army_PB_2016.xml",
        "@RECORDID": "b8c74bded3f7e8d5becd320d034e0321c86f39aa744ca436c07c8d4430a61422",
        "@ROWID": "1-16215eecaeff0559699c229c6bd6d3e34df3f1e3444d980ea2fa2b7806a4026f",
        "ProductionLinesLayaway_Name_val": "Layaway of 120mm Mortar Line",
        "ProductionLinesLayaway_Location_val": "",
        "LayawayCost_val": "600",
        "Description_val": "Procurement dollars in the amount of $0.600 million support layaway of the 120mm Mortar production line at Scranton Army Ammunition Plant.  This project will ensure the 120mm Mortar production line is maintained in a",
        "ProductionEnd_val": "",
        "@PARENTROWID": "8-510568085ca74ba1208532bf905a794e4653b2e58171214dad02bdaaba159ecc",
        "@PARENT": "root.record.FacilityList.LayawayFacility"
    },
    {
        "Cost_PriorYear_TotalCost_val": "",
        "Cost_CurrentYear_TotalCost_val": "",
        "Cost_BudgetYearOneBase_TotalCost_val": "0.623",
        "Cost_BudgetYearOne_TotalCost_val": "0.623",
        "Cost_AllPriorYears_TotalCost_val": "",
        "Number_val": "5168072",
        "Title_val": "Removal of the John Deer Furnace",
        "@SOURCE_FILENAME": "2016-BASE_PROCUREMENT-2016-ARMY_AMMO-PROCUREMENT_JustificationBook_Army_PB_2016.zzz_unzipped-PROCUREMENT_JustificationBook_Army_PB_2016.xml",
        "@RECORDID": "b8c74bded3f7e8d5becd320d034e0321c86f39aa744ca436c07c8d4430a61422",
        "@ROWID": "2-8fd3fec11e1d0442f7656615ea2bd36dd32080446893f8bdd9bab025e9e195c5",
        "ProductionLinesLayaway_Name_val": "",
        "ProductionLinesLayaway_Location_val": "",
        "LayawayCost_val": "623",
        "Description_val": "FY 2016 Base procurement dollars in the amount $0.623 million support removal of the John Deere Furnace at Scranton Army Ammunition Plant.  The furnace has been inactive for over twenty years and is no longer required for plant operations.  This project will remove and scrap the John Deer Furnace to create additional capacity for future production modernization enhancements.",
        "ProductionEnd_val": "",
        "@PARENTROWID": "8-510568085ca74ba1208532bf905a794e4653b2e58171214dad02bdaaba159ecc",
        "@PARENT": "root.record.FacilityList.LayawayFacility"
    }
]