[
    {
        "Name_val": "Air Force Reserve",
        "Cost_Quantity_BudgetYearOneBase_val": "11",
        "Cost_Quantity_BudgetYearOne_val": "11",
        "Cost_Quantity_BudgetYearTwo_val": "",
        "Cost_Quantity_CurrentYear_val": "",
        "Cost_TotalCost_BudgetYearOneBase_val": "254.23",
        "Cost_TotalCost_BudgetYearOne_val": "254.23",
        "Cost_TotalCost_BudgetYearTwo_val": "",
        "Cost_TotalCost_CurrentYear_val": "",
        "@SOURCE_FILENAME": "2015-BASE_PROCUREMENT-2015-AIRFORCE_AIRCRAFT_VOL2-PROCUREMENT_JustificationBook_Air_Force_PB_2015.zzz_unzipped-PROCUREMENT_JustificationBook_Air_Force_PB_2015.xml",
        "@RECORDID": "e049539817dd22b34918c2c0be8271bbbd79d6b6a486234ddff8e6be076c0e3d",
        "@ROWID": "0-05c266951b79e2cb2416d89a86ab0ebab844f74c8e1d76466a6f76475bc446b7",
        "@PARENTROWID": "0-1c07cc8dddefd34d99035c4053c4cce2f5b5c39a2c53f5bdc75ee0c0705c4261",
        "@PARENT": "root.record.ItemExhibitList.P3AModificationItemGroup.ModificationItemList.ModificationItem.Installation.ImplementationMethodList.ImplementationMethod"
    },
    {
        "Name_val": "Air Force Active",
        "Cost_Quantity_BudgetYearOneBase_val": "",
        "Cost_Quantity_BudgetYearOne_val": "",
        "Cost_Quantity_BudgetYearTwo_val": "28",
        "Cost_Quantity_CurrentYear_val": "",
        "Cost_TotalCost_BudgetYearOneBase_val": "",
        "Cost_TotalCost_BudgetYearOne_val": "",
        "Cost_TotalCost_BudgetYearTwo_val": "5.787",
        "Cost_TotalCost_CurrentYear_val": "",
        "@SOURCE_FILENAME": "2015-BASE_PROCUREMENT-2015-AIRFORCE_AIRCRAFT_VOL2-PROCUREMENT_JustificationBook_Air_Force_PB_2015.zzz_unzipped-PROCUREMENT_JustificationBook_Air_Force_PB_2015.xml",
        "@RECORDID": "2c3a42ac96c574f3a05d311e38d1fd39e76b2eaa077eed338c2b56579168a566",
        "@ROWID": "0-1946e3f26e4aba3c09b2745ddca1c3b47718109fd20494cacc69cf0abcbf8323",
        "@PARENTROWID": "0-cd9e56fa7519c6d1d9abad7bc4a2ace98069231ef04fbbaca11aa57c52e37f1f",
        "@PARENT": "root.record.ItemExhibitList.P3AModificationItemGroup.ModificationItemList.ModificationItem.Installation.ImplementationMethodList.ImplementationMethod"
    },
    {
        "Name_val": "Air Force Reserve",
        "Cost_Quantity_BudgetYearOneBase_val": "",
        "Cost_Quantity_BudgetYearOne_val": "",
        "Cost_Quantity_BudgetYearTwo_val": "1",
        "Cost_Quantity_CurrentYear_val": "",
        "Cost_TotalCost_BudgetYearOneBase_val": "",
        "Cost_TotalCost_BudgetYearOne_val": "",
        "Cost_TotalCost_BudgetYearTwo_val": "0.207",
        "Cost_TotalCost_CurrentYear_val": "",
        "@SOURCE_FILENAME": "2015-BASE_PROCUREMENT-2015-AIRFORCE_AIRCRAFT_VOL2-PROCUREMENT_JustificationBook_Air_Force_PB_2015.zzz_unzipped-PROCUREMENT_JustificationBook_Air_Force_PB_2015.xml",
        "@RECORDID": "2c3a42ac96c574f3a05d311e38d1fd39e76b2eaa077eed338c2b56579168a566",
        "@ROWID": "1-ec9e53ecbf46b738a91bedee922a70f980a9c77bb20fefc7306d98a9cfa323e2",
        "@PARENTROWID": "0-cd9e56fa7519c6d1d9abad7bc4a2ace98069231ef04fbbaca11aa57c52e37f1f",
        "@PARENT": "root.record.ItemExhibitList.P3AModificationItemGroup.ModificationItemList.ModificationItem.Installation.ImplementationMethodList.ImplementationMethod"
    },
    {
        "Name_val": "Air Force Active",
        "Cost_Quantity_BudgetYearOneBase_val": "33",
        "Cost_Quantity_BudgetYearOne_val": "33",
        "Cost_Quantity_BudgetYearTwo_val": "",
        "Cost_Quantity_CurrentYear_val": "",
        "Cost_TotalCost_BudgetYearOneBase_val": "2.95",
        "Cost_TotalCost_BudgetYearOne_val": "2.95",
        "Cost_TotalCost_BudgetYearTwo_val": "",
        "Cost_TotalCost_CurrentYear_val": "",
        "@SOURCE_FILENAME": "2015-BASE_PROCUREMENT-2015-AIRFORCE_AIRCRAFT_VOL2-PROCUREMENT_JustificationBook_Air_Force_PB_2015.zzz_unzipped-PROCUREMENT_JustificationBook_Air_Force_PB_2015.xml",
        "@RECORDID": "2c3a42ac96c574f3a05d311e38d1fd39e76b2eaa077eed338c2b56579168a566",
        "@ROWID": "0-fa95c677441cebc3a40c1325c90b6359c6b5d8aabd71d0f6be9055f92220cab4",
        "@PARENTROWID": "0-26705708335f0890c041e2526a73483b5ba149826332fa30964ef5f441ffd283",
        "@PARENT": "root.record.ItemExhibitList.P3AModificationItemGroup.ModificationItemList.ModificationItem.Installation.ImplementationMethodList.ImplementationMethod"
    },
    {
        "Name_val": "Air Force Active",
        "Cost_Quantity_BudgetYearOneBase_val": "",
        "Cost_Quantity_BudgetYearOne_val": "",
        "Cost_Quantity_BudgetYearTwo_val": "2",
        "Cost_Quantity_CurrentYear_val": "",
        "Cost_TotalCost_BudgetYearOneBase_val": "",
        "Cost_TotalCost_BudgetYearOne_val": "",
        "Cost_TotalCost_BudgetYearTwo_val": "5.53",
        "Cost_TotalCost_CurrentYear_val": "",
        "@SOURCE_FILENAME": "2015-BASE_PROCUREMENT-2015-AIRFORCE_AIRCRAFT_VOL2-PROCUREMENT_JustificationBook_Air_Force_PB_2015.zzz_unzipped-PROCUREMENT_JustificationBook_Air_Force_PB_2015.xml",
        "@RECORDID": "2c3a42ac96c574f3a05d311e38d1fd39e76b2eaa077eed338c2b56579168a566",
        "@ROWID": "0-aa9183555c599822ff6e9cbb72ffba35748256b4ec8ae906561d9535eff9da01",
        "@PARENTROWID": "0-bd589b88e092b44b7f03e3e479f104ade8177e537d44767319e69b29127f894c",
        "@PARENT": "root.record.ItemExhibitList.P3AModificationItemGroup.ModificationItemList.ModificationItem.Installation.ImplementationMethodList.ImplementationMethod"
    },
    {
        "Name_val": "Air Force Active",
        "Cost_Quantity_BudgetYearOneBase_val": "160",
        "Cost_Quantity_BudgetYearOne_val": "160",
        "Cost_Quantity_BudgetYearTwo_val": "",
        "Cost_Quantity_CurrentYear_val": "",
        "Cost_TotalCost_BudgetYearOneBase_val": "1.588",
        "Cost_TotalCost_BudgetYearOne_val": "1.588",
        "Cost_TotalCost_BudgetYearTwo_val": "",
        "Cost_TotalCost_CurrentYear_val": "",
        "@SOURCE_FILENAME": "2015-BASE_PROCUREMENT-2015-AIRFORCE_AIRCRAFT_VOL2-PROCUREMENT_JustificationBook_Air_Force_PB_2015.zzz_unzipped-PROCUREMENT_JustificationBook_Air_Force_PB_2015.xml",
        "@RECORDID": "2c3a42ac96c574f3a05d311e38d1fd39e76b2eaa077eed338c2b56579168a566",
        "@ROWID": "0-720ba96a966fe85db07dccfa6ee7dd8f43430a787b04c61dea310feaf0930a97",
        "@PARENTROWID": "0-cc2dbce79507545aeda394d7f0107328743fdfc8810a8588354d74456f2c3129",
        "@PARENT": "root.record.ItemExhibitList.P3AModificationItemGroup.ModificationItemList.ModificationItem.Installation.ImplementationMethodList.ImplementationMethod"
    },
    {
        "Name_val": "Air Force Active",
        "Cost_Quantity_BudgetYearOneBase_val": "12",
        "Cost_Quantity_BudgetYearOne_val": "12",
        "Cost_Quantity_BudgetYearTwo_val": "",
        "Cost_Quantity_CurrentYear_val": "",
        "Cost_TotalCost_BudgetYearOneBase_val": "0.32",
        "Cost_TotalCost_BudgetYearOne_val": "0.32",
        "Cost_TotalCost_BudgetYearTwo_val": "",
        "Cost_TotalCost_CurrentYear_val": "",
        "@SOURCE_FILENAME": "2015-BASE_PROCUREMENT-2015-AIRFORCE_AIRCRAFT_VOL2-PROCUREMENT_JustificationBook_Air_Force_PB_2015.zzz_unzipped-PROCUREMENT_JustificationBook_Air_Force_PB_2015.xml",
        "@RECORDID": "c18079498214be7c8507bd7289056635ea6ba000e7bb766e68a998d56e53f49a",
        "@ROWID": "0-6311114890b32924053012fe0f70c18fb89f7d17b8413cc3b2c67b994674f5c5",
        "@PARENTROWID": "0-83c187e098b40bab624e404df4e1bf349a4df5a2d3d9be23d6c7ed0ebb88a02b",
        "@PARENT": "root.record.ItemExhibitList.P3AModificationItemGroup.ModificationItemList.ModificationItem.Installation.ImplementationMethodList.ImplementationMethod"
    },
    {
        "Name_val": "Air Force Reserve",
        "Cost_Quantity_BudgetYearOneBase_val": "3",
        "Cost_Quantity_BudgetYearOne_val": "3",
        "Cost_Quantity_BudgetYearTwo_val": "",
        "Cost_Quantity_CurrentYear_val": "",
        "Cost_TotalCost_BudgetYearOneBase_val": "0.08",
        "Cost_TotalCost_BudgetYearOne_val": "0.08",
        "Cost_TotalCost_BudgetYearTwo_val": "",
        "Cost_TotalCost_CurrentYear_val": "",
        "@SOURCE_FILENAME": "2015-BASE_PROCUREMENT-2015-AIRFORCE_AIRCRAFT_VOL2-PROCUREMENT_JustificationBook_Air_Force_PB_2015.zzz_unzipped-PROCUREMENT_JustificationBook_Air_Force_PB_2015.xml",
        "@RECORDID": "c18079498214be7c8507bd7289056635ea6ba000e7bb766e68a998d56e53f49a",
        "@ROWID": "1-60b57cb1699e46dad987f21e833c0a03d7c2d2f0f387adda25558118a5513bc1",
        "@PARENTROWID": "0-83c187e098b40bab624e404df4e1bf349a4df5a2d3d9be23d6c7ed0ebb88a02b",
        "@PARENT": "root.record.ItemExhibitList.P3AModificationItemGroup.ModificationItemList.ModificationItem.Installation.ImplementationMethodList.ImplementationMethod"
    },
    {
        "Name_val": "Air Force Active",
        "Cost_Quantity_BudgetYearOneBase_val": "3",
        "Cost_Quantity_BudgetYearOne_val": "3",
        "Cost_Quantity_BudgetYearTwo_val": "",
        "Cost_Quantity_CurrentYear_val": "",
        "Cost_TotalCost_BudgetYearOneBase_val": "4.932",
        "Cost_TotalCost_BudgetYearOne_val": "4.932",
        "Cost_TotalCost_BudgetYearTwo_val": "",
        "Cost_TotalCost_CurrentYear_val": "",
        "@SOURCE_FILENAME": "2015-BASE_PROCUREMENT-2015-AIRFORCE_AIRCRAFT_VOL2-PROCUREMENT_JustificationBook_Air_Force_PB_2015.zzz_unzipped-PROCUREMENT_JustificationBook_Air_Force_PB_2015.xml",
        "@RECORDID": "c18079498214be7c8507bd7289056635ea6ba000e7bb766e68a998d56e53f49a",
        "@ROWID": "0-dec7c65eb0d385e0c1d1730da09d458c13c74041c4e776f53f425b1021832dee",
        "@PARENTROWID": "0-3ef71c4c708b5af2cdc283038611c8037278889165844df2f1798ce36d25753e",
        "@PARENT": "root.record.ItemExhibitList.P3AModificationItemGroup.ModificationItemList.ModificationItem.Installation.ImplementationMethodList.ImplementationMethod"
    },
    {
        "Name_val": "Air Force Reserve",
        "Cost_Quantity_BudgetYearOneBase_val": "1",
        "Cost_Quantity_BudgetYearOne_val": "1",
        "Cost_Quantity_BudgetYearTwo_val": "",
        "Cost_Quantity_CurrentYear_val": "",
        "Cost_TotalCost_BudgetYearOneBase_val": "1.644",
        "Cost_TotalCost_BudgetYearOne_val": "1.644",
        "Cost_TotalCost_BudgetYearTwo_val": "",
        "Cost_TotalCost_CurrentYear_val": "",
        "@SOURCE_FILENAME": "2015-BASE_PROCUREMENT-2015-AIRFORCE_AIRCRAFT_VOL2-PROCUREMENT_JustificationBook_Air_Force_PB_2015.zzz_unzipped-PROCUREMENT_JustificationBook_Air_Force_PB_2015.xml",
        "@RECORDID": "c18079498214be7c8507bd7289056635ea6ba000e7bb766e68a998d56e53f49a",
        "@ROWID": "1-49a31145d1d955e6bb9a15274bc6b402ed0ba4e481a6b3f3832fee6c14f0e112",
        "@PARENTROWID": "0-3ef71c4c708b5af2cdc283038611c8037278889165844df2f1798ce36d25753e",
        "@PARENT": "root.record.ItemExhibitList.P3AModificationItemGroup.ModificationItemList.ModificationItem.Installation.ImplementationMethodList.ImplementationMethod"
    },
    {
        "Name_val": "Air Force Active",
        "Cost_Quantity_BudgetYearOneBase_val": "12",
        "Cost_Quantity_BudgetYearOne_val": "12",
        "Cost_Quantity_BudgetYearTwo_val": "",
        "Cost_Quantity_CurrentYear_val": "",
        "Cost_TotalCost_BudgetYearOneBase_val": "2.351",
        "Cost_TotalCost_BudgetYearOne_val": "2.351",
        "Cost_TotalCost_BudgetYearTwo_val": "",
        "Cost_TotalCost_CurrentYear_val": "",
        "@SOURCE_FILENAME": "2015-BASE_PROCUREMENT-2015-AIRFORCE_AIRCRAFT_VOL2-PROCUREMENT_JustificationBook_Air_Force_PB_2015.zzz_unzipped-PROCUREMENT_JustificationBook_Air_Force_PB_2015.xml",
        "@RECORDID": "c18079498214be7c8507bd7289056635ea6ba000e7bb766e68a998d56e53f49a",
        "@ROWID": "0-670fcf8be3d001d76e9c2a2c59c19a20b0296f1ad17b2fed42c966463062793d",
        "@PARENTROWID": "0-1745ddb8a98f0f4c5a8ad9e77bc042f401e6f79c4630982591d79bc7c906b243",
        "@PARENT": "root.record.ItemExhibitList.P3AModificationItemGroup.ModificationItemList.ModificationItem.Installation.ImplementationMethodList.ImplementationMethod"
    },
    {
        "Name_val": "Air Force Active",
        "Cost_Quantity_BudgetYearOneBase_val": "",
        "Cost_Quantity_BudgetYearOne_val": "",
        "Cost_Quantity_BudgetYearTwo_val": "",
        "Cost_Quantity_CurrentYear_val": "0",
        "Cost_TotalCost_BudgetYearOneBase_val": "",
        "Cost_TotalCost_BudgetYearOne_val": "",
        "Cost_TotalCost_BudgetYearTwo_val": "",
        "Cost_TotalCost_CurrentYear_val": "0.913",
        "@SOURCE_FILENAME": "2015-BASE_PROCUREMENT-2015-AIRFORCE_AIRCRAFT_VOL2-PROCUREMENT_JustificationBook_Air_Force_PB_2015.zzz_unzipped-PROCUREMENT_JustificationBook_Air_Force_PB_2015.xml",
        "@RECORDID": "ad2cbcd52887cfdbd4c4e64af0f936c986b469e78be0a9fa924477b8ad18fb8f",
        "@ROWID": "0-7f3aed674240f8e4cad20b1fd325f114e15c16155ebf2be5b804eaeaf64ba573",
        "@PARENTROWID": "0-7017454d78546b119bfbac2d0c5c84684440b4bba1eda724af7f9edf0c0047b4",
        "@PARENT": "root.record.ItemExhibitList.P3AModificationItemGroup.ModificationItemList.ModificationItem.Installation.ImplementationMethodList.ImplementationMethod"
    },
    {
        "Name_val": "Air Force Active",
        "Cost_Quantity_BudgetYearOneBase_val": "35",
        "Cost_Quantity_BudgetYearOne_val": "35",
        "Cost_Quantity_BudgetYearTwo_val": "",
        "Cost_Quantity_CurrentYear_val": "",
        "Cost_TotalCost_BudgetYearOneBase_val": "1.855",
        "Cost_TotalCost_BudgetYearOne_val": "1.855",
        "Cost_TotalCost_BudgetYearTwo_val": "",
        "Cost_TotalCost_CurrentYear_val": "",
        "@SOURCE_FILENAME": "2015-BASE_PROCUREMENT-2015-AIRFORCE_AIRCRAFT_VOL2-PROCUREMENT_JustificationBook_Air_Force_PB_2015.zzz_unzipped-PROCUREMENT_JustificationBook_Air_Force_PB_2015.xml",
        "@RECORDID": "37a9176d6819849bcd695141407bcbea7c3c0b02a6c4bbb6d05d22c664d601c4",
        "@ROWID": "0-293aacd560bfa90d51f2653abdf8947dafb15f6fa095cac21139371dcf3856f1",
        "@PARENTROWID": "0-4f1233d4fa124bc9d0b8d2d4528dcae9943562dae5e5d5f80d155893e00bb871",
        "@PARENT": "root.record.ItemExhibitList.P3AModificationItemGroup.ModificationItemList.ModificationItem.Installation.ImplementationMethodList.ImplementationMethod"
    },
    {
        "Name_val": "Air Force Active",
        "Cost_Quantity_BudgetYearOneBase_val": "44",
        "Cost_Quantity_BudgetYearOne_val": "44",
        "Cost_Quantity_BudgetYearTwo_val": "",
        "Cost_Quantity_CurrentYear_val": "",
        "Cost_TotalCost_BudgetYearOneBase_val": "2.279",
        "Cost_TotalCost_BudgetYearOne_val": "2.279",
        "Cost_TotalCost_BudgetYearTwo_val": "",
        "Cost_TotalCost_CurrentYear_val": "",
        "@SOURCE_FILENAME": "2015-BASE_PROCUREMENT-2015-AIRFORCE_AIRCRAFT_VOL2-PROCUREMENT_JustificationBook_Air_Force_PB_2015.zzz_unzipped-PROCUREMENT_JustificationBook_Air_Force_PB_2015.xml",
        "@RECORDID": "37a9176d6819849bcd695141407bcbea7c3c0b02a6c4bbb6d05d22c664d601c4",
        "@ROWID": "0-dbaeb196a86c9c6d02ff55eb6663846de324c97f6b6db1d4d739109b9980ddcf",
        "@PARENTROWID": "0-90fbe995a40f6d9419338d9ca160e5bb615d51b5ade5858a996d01b7ee11a901",
        "@PARENT": "root.record.ItemExhibitList.P3AModificationItemGroup.ModificationItemList.ModificationItem.Installation.ImplementationMethodList.ImplementationMethod"
    },
    {
        "Name_val": "Air Force Active",
        "Cost_Quantity_BudgetYearOneBase_val": "",
        "Cost_Quantity_BudgetYearOne_val": "",
        "Cost_Quantity_BudgetYearTwo_val": "",
        "Cost_Quantity_CurrentYear_val": "1733",
        "Cost_TotalCost_BudgetYearOneBase_val": "",
        "Cost_TotalCost_BudgetYearOne_val": "",
        "Cost_TotalCost_BudgetYearTwo_val": "",
        "Cost_TotalCost_CurrentYear_val": "44.927",
        "@SOURCE_FILENAME": "2015-BASE_PROCUREMENT-2015-AIRFORCE_AIRCRAFT_VOL2-PROCUREMENT_JustificationBook_Air_Force_PB_2015.zzz_unzipped-PROCUREMENT_JustificationBook_Air_Force_PB_2015.xml",
        "@RECORDID": "a8005ce497b4d26a96a0a73b3a202cd9ad0d2cb8833efae151bef5451667fd9e",
        "@ROWID": "0-4cdb00e866e6511c821121d3f3d0cc70fc260bfc31a295717df8848864cd8c2b",
        "@PARENTROWID": "1-b48a62ed40813f6201c54c47302a8f0ac7525837f4aeb25a2b567f33f4207065",
        "@PARENT": "root.record.ItemExhibitList.P3AModificationItemGroup.ModificationItemList.ModificationItem.Installation.ImplementationMethodList.ImplementationMethod"
    },
    {
        "Name_val": "Air National Guard",
        "Cost_Quantity_BudgetYearOneBase_val": "",
        "Cost_Quantity_BudgetYearOne_val": "",
        "Cost_Quantity_BudgetYearTwo_val": "",
        "Cost_Quantity_CurrentYear_val": "324",
        "Cost_TotalCost_BudgetYearOneBase_val": "",
        "Cost_TotalCost_BudgetYearOne_val": "",
        "Cost_TotalCost_BudgetYearTwo_val": "",
        "Cost_TotalCost_CurrentYear_val": "10.335",
        "@SOURCE_FILENAME": "2015-BASE_PROCUREMENT-2015-AIRFORCE_AIRCRAFT_VOL2-PROCUREMENT_JustificationBook_Air_Force_PB_2015.zzz_unzipped-PROCUREMENT_JustificationBook_Air_Force_PB_2015.xml",
        "@RECORDID": "a8005ce497b4d26a96a0a73b3a202cd9ad0d2cb8833efae151bef5451667fd9e",
        "@ROWID": "1-518d643ae0bc8e57a46d99c34d17881a21892e297d0f7613479622aef51b7120",
        "@PARENTROWID": "1-b48a62ed40813f6201c54c47302a8f0ac7525837f4aeb25a2b567f33f4207065",
        "@PARENT": "root.record.ItemExhibitList.P3AModificationItemGroup.ModificationItemList.ModificationItem.Installation.ImplementationMethodList.ImplementationMethod"
    },
    {
        "Name_val": "Air Force Active",
        "Cost_Quantity_BudgetYearOneBase_val": "234",
        "Cost_Quantity_BudgetYearOne_val": "234",
        "Cost_Quantity_BudgetYearTwo_val": "",
        "Cost_Quantity_CurrentYear_val": "",
        "Cost_TotalCost_BudgetYearOneBase_val": "0.571",
        "Cost_TotalCost_BudgetYearOne_val": "0.571",
        "Cost_TotalCost_BudgetYearTwo_val": "",
        "Cost_TotalCost_CurrentYear_val": "",
        "@SOURCE_FILENAME": "2015-BASE_PROCUREMENT-2015-AIRFORCE_AIRCRAFT_VOL2-PROCUREMENT_JustificationBook_Air_Force_PB_2015.zzz_unzipped-PROCUREMENT_JustificationBook_Air_Force_PB_2015.xml",
        "@RECORDID": "a8005ce497b4d26a96a0a73b3a202cd9ad0d2cb8833efae151bef5451667fd9e",
        "@ROWID": "0-10b15d7d83bae66d1e42b87e07ef6171e857fc9bbea9d78d76aa57dc4bd6f480",
        "@PARENTROWID": "0-6d007b3b722b822f2593030b07e4b2f9d46c1a07f89fe9e171da614bcd655038",
        "@PARENT": "root.record.ItemExhibitList.P3AModificationItemGroup.ModificationItemList.ModificationItem.Installation.ImplementationMethodList.ImplementationMethod"
    },
    {
        "Name_val": "Air Force Active",
        "Cost_Quantity_BudgetYearOneBase_val": "938",
        "Cost_Quantity_BudgetYearOne_val": "938",
        "Cost_Quantity_BudgetYearTwo_val": "",
        "Cost_Quantity_CurrentYear_val": "",
        "Cost_TotalCost_BudgetYearOneBase_val": "2.282",
        "Cost_TotalCost_BudgetYearOne_val": "2.282",
        "Cost_TotalCost_BudgetYearTwo_val": "",
        "Cost_TotalCost_CurrentYear_val": "",
        "@SOURCE_FILENAME": "2015-BASE_PROCUREMENT-2015-AIRFORCE_AIRCRAFT_VOL2-PROCUREMENT_JustificationBook_Air_Force_PB_2015.zzz_unzipped-PROCUREMENT_JustificationBook_Air_Force_PB_2015.xml",
        "@RECORDID": "a8005ce497b4d26a96a0a73b3a202cd9ad0d2cb8833efae151bef5451667fd9e",
        "@ROWID": "0-c1dad4cc5f725acc2e1d812ad97a7b6fdcebf23c4572762f3c9c425e61fef123",
        "@PARENTROWID": "1-fc7d7e0ba3082c0233030e9ebdec56bae51873d61d77cab0c9c7dd9ec904e856",
        "@PARENT": "root.record.ItemExhibitList.P3AModificationItemGroup.ModificationItemList.ModificationItem.Installation.ImplementationMethodList.ImplementationMethod"
    },
    {
        "Name_val": "Air National Guard",
        "Cost_Quantity_BudgetYearOneBase_val": "104",
        "Cost_Quantity_BudgetYearOne_val": "104",
        "Cost_Quantity_BudgetYearTwo_val": "",
        "Cost_Quantity_CurrentYear_val": "",
        "Cost_TotalCost_BudgetYearOneBase_val": "0.31",
        "Cost_TotalCost_BudgetYearOne_val": "0.31",
        "Cost_TotalCost_BudgetYearTwo_val": "",
        "Cost_TotalCost_CurrentYear_val": "",
        "@SOURCE_FILENAME": "2015-BASE_PROCUREMENT-2015-AIRFORCE_AIRCRAFT_VOL2-PROCUREMENT_JustificationBook_Air_Force_PB_2015.zzz_unzipped-PROCUREMENT_JustificationBook_Air_Force_PB_2015.xml",
        "@RECORDID": "a8005ce497b4d26a96a0a73b3a202cd9ad0d2cb8833efae151bef5451667fd9e",
        "@ROWID": "1-7840fce31356c0e521aedf84faa4d8255f01351ee6f22556cfbdc1c73966fcf9",
        "@PARENTROWID": "1-fc7d7e0ba3082c0233030e9ebdec56bae51873d61d77cab0c9c7dd9ec904e856",
        "@PARENT": "root.record.ItemExhibitList.P3AModificationItemGroup.ModificationItemList.ModificationItem.Installation.ImplementationMethodList.ImplementationMethod"
    },
    {
        "Name_val": "Air Force Active",
        "Cost_Quantity_BudgetYearOneBase_val": "10",
        "Cost_Quantity_BudgetYearOne_val": "10",
        "Cost_Quantity_BudgetYearTwo_val": "",
        "Cost_Quantity_CurrentYear_val": "",
        "Cost_TotalCost_BudgetYearOneBase_val": "12.013",
        "Cost_TotalCost_BudgetYearOne_val": "12.013",
        "Cost_TotalCost_BudgetYearTwo_val": "",
        "Cost_TotalCost_CurrentYear_val": "",
        "@SOURCE_FILENAME": "2015-BASE_PROCUREMENT-2015-AIRFORCE_AIRCRAFT_VOL2-PROCUREMENT_JustificationBook_Air_Force_PB_2015.zzz_unzipped-PROCUREMENT_JustificationBook_Air_Force_PB_2015.xml",
        "@RECORDID": "a8005ce497b4d26a96a0a73b3a202cd9ad0d2cb8833efae151bef5451667fd9e",
        "@ROWID": "0-ad0dcc5d6ce678845ce81b530977703105fce87c1d1aba59c17d4058f9b0a230",
        "@PARENTROWID": "0-145ffa3d61b001824f8e9db75a0916096465965e28d037e18b5df78415ca76f4",
        "@PARENT": "root.record.ItemExhibitList.P3AModificationItemGroup.ModificationItemList.ModificationItem.Installation.ImplementationMethodList.ImplementationMethod"
    },
    {
        "Name_val": "Air Force Active",
        "Cost_Quantity_BudgetYearOneBase_val": "8",
        "Cost_Quantity_BudgetYearOne_val": "8",
        "Cost_Quantity_BudgetYearTwo_val": "",
        "Cost_Quantity_CurrentYear_val": "10",
        "Cost_TotalCost_BudgetYearOneBase_val": "6.925",
        "Cost_TotalCost_BudgetYearOne_val": "6.925",
        "Cost_TotalCost_BudgetYearTwo_val": "",
        "Cost_TotalCost_CurrentYear_val": "0.35",
        "@SOURCE_FILENAME": "2015-BASE_PROCUREMENT-2015-AIRFORCE_AIRCRAFT_VOL2-PROCUREMENT_JustificationBook_Air_Force_PB_2015.zzz_unzipped-PROCUREMENT_JustificationBook_Air_Force_PB_2015.xml",
        "@RECORDID": "a8005ce497b4d26a96a0a73b3a202cd9ad0d2cb8833efae151bef5451667fd9e",
        "@ROWID": "0-7bf70e45227906060a27583fe79e98617ded9c9ccd8c9f6a8e1bacdaec15033e",
        "@PARENTROWID": "0-b3b134ed2e8c4cfb2e4f4f858c675ff3fac2d1206b519df81a6754962067f1be",
        "@PARENT": "root.record.ItemExhibitList.P3AModificationItemGroup.ModificationItemList.ModificationItem.Installation.ImplementationMethodList.ImplementationMethod"
    },
    {
        "Name_val": "Air Force Reserve",
        "Cost_Quantity_BudgetYearOneBase_val": "11",
        "Cost_Quantity_BudgetYearOne_val": "11",
        "Cost_Quantity_BudgetYearTwo_val": "",
        "Cost_Quantity_CurrentYear_val": "",
        "Cost_TotalCost_BudgetYearOneBase_val": "254.23",
        "Cost_TotalCost_BudgetYearOne_val": "254.23",
        "Cost_TotalCost_BudgetYearTwo_val": "",
        "Cost_TotalCost_CurrentYear_val": "",
        "@SOURCE_FILENAME": "2015-BASE_PROCUREMENT-2015-AIRFORCE_AIRCRAFT_VOL2-PROCUREMENT_MasterJustificationBook_Air_Force_PB_2015.zzz_unzipped-PROCUREMENT_MasterJustificationBook_Air_Force_PB_2015.xml",
        "@RECORDID": "aa1014d1730217cf58bd0eb1cf9155036af0caca57bd2ece54304d573c8411a2",
        "@ROWID": "0-b50f4050bb875ff35191ca91c56d65a4de3572acb4e1dbcc0d459335abf85b6b",
        "@PARENTROWID": "0-7f2cec1dd963eb674201d7b135ccc19b7836921dcb77d42d011e5430eb2e0054",
        "@PARENT": "root.record.ItemExhibitList.P3AModificationItemGroup.ModificationItemList.ModificationItem.Installation.ImplementationMethodList.ImplementationMethod"
    },
    {
        "Name_val": "Air Force Active",
        "Cost_Quantity_BudgetYearOneBase_val": "",
        "Cost_Quantity_BudgetYearOne_val": "",
        "Cost_Quantity_BudgetYearTwo_val": "28",
        "Cost_Quantity_CurrentYear_val": "",
        "Cost_TotalCost_BudgetYearOneBase_val": "",
        "Cost_TotalCost_BudgetYearOne_val": "",
        "Cost_TotalCost_BudgetYearTwo_val": "5.787",
        "Cost_TotalCost_CurrentYear_val": "",
        "@SOURCE_FILENAME": "2015-BASE_PROCUREMENT-2015-AIRFORCE_AIRCRAFT_VOL2-PROCUREMENT_MasterJustificationBook_Air_Force_PB_2015.zzz_unzipped-PROCUREMENT_MasterJustificationBook_Air_Force_PB_2015.xml",
        "@RECORDID": "e0b4c68aca5bcb28bf2a8d6314af11bf878587e1d5636a46ade0d81891a819a1",
        "@ROWID": "0-6b074cc42dec959233bc0842684a5ecb829f6689dd8769dbc407dfb335434352",
        "@PARENTROWID": "0-7a8858218bbd1116a52076f270aa43fdb2abf21308451c37eb93a0c503a3abae",
        "@PARENT": "root.record.ItemExhibitList.P3AModificationItemGroup.ModificationItemList.ModificationItem.Installation.ImplementationMethodList.ImplementationMethod"
    },
    {
        "Name_val": "Air Force Reserve",
        "Cost_Quantity_BudgetYearOneBase_val": "",
        "Cost_Quantity_BudgetYearOne_val": "",
        "Cost_Quantity_BudgetYearTwo_val": "1",
        "Cost_Quantity_CurrentYear_val": "",
        "Cost_TotalCost_BudgetYearOneBase_val": "",
        "Cost_TotalCost_BudgetYearOne_val": "",
        "Cost_TotalCost_BudgetYearTwo_val": "0.207",
        "Cost_TotalCost_CurrentYear_val": "",
        "@SOURCE_FILENAME": "2015-BASE_PROCUREMENT-2015-AIRFORCE_AIRCRAFT_VOL2-PROCUREMENT_MasterJustificationBook_Air_Force_PB_2015.zzz_unzipped-PROCUREMENT_MasterJustificationBook_Air_Force_PB_2015.xml",
        "@RECORDID": "e0b4c68aca5bcb28bf2a8d6314af11bf878587e1d5636a46ade0d81891a819a1",
        "@ROWID": "1-dfe3341f5fb6d86e8d7a301c0c32b983a6bd2717d9e2e15c0a8a01197b323eef",
        "@PARENTROWID": "0-7a8858218bbd1116a52076f270aa43fdb2abf21308451c37eb93a0c503a3abae",
        "@PARENT": "root.record.ItemExhibitList.P3AModificationItemGroup.ModificationItemList.ModificationItem.Installation.ImplementationMethodList.ImplementationMethod"
    },
    {
        "Name_val": "Air Force Active",
        "Cost_Quantity_BudgetYearOneBase_val": "33",
        "Cost_Quantity_BudgetYearOne_val": "33",
        "Cost_Quantity_BudgetYearTwo_val": "",
        "Cost_Quantity_CurrentYear_val": "",
        "Cost_TotalCost_BudgetYearOneBase_val": "2.95",
        "Cost_TotalCost_BudgetYearOne_val": "2.95",
        "Cost_TotalCost_BudgetYearTwo_val": "",
        "Cost_TotalCost_CurrentYear_val": "",
        "@SOURCE_FILENAME": "2015-BASE_PROCUREMENT-2015-AIRFORCE_AIRCRAFT_VOL2-PROCUREMENT_MasterJustificationBook_Air_Force_PB_2015.zzz_unzipped-PROCUREMENT_MasterJustificationBook_Air_Force_PB_2015.xml",
        "@RECORDID": "e0b4c68aca5bcb28bf2a8d6314af11bf878587e1d5636a46ade0d81891a819a1",
        "@ROWID": "0-3e9a519ca53ec61a69523851c5de5bc4cee99c6d6834cefa0ac3ec28d4f7978f",
        "@PARENTROWID": "0-56af74ea680a9f0b696773d54fef8a7a1ecd3a26edf6c61beaf53e78c68d86b2",
        "@PARENT": "root.record.ItemExhibitList.P3AModificationItemGroup.ModificationItemList.ModificationItem.Installation.ImplementationMethodList.ImplementationMethod"
    },
    {
        "Name_val": "Air Force Active",
        "Cost_Quantity_BudgetYearOneBase_val": "",
        "Cost_Quantity_BudgetYearOne_val": "",
        "Cost_Quantity_BudgetYearTwo_val": "2",
        "Cost_Quantity_CurrentYear_val": "",
        "Cost_TotalCost_BudgetYearOneBase_val": "",
        "Cost_TotalCost_BudgetYearOne_val": "",
        "Cost_TotalCost_BudgetYearTwo_val": "5.53",
        "Cost_TotalCost_CurrentYear_val": "",
        "@SOURCE_FILENAME": "2015-BASE_PROCUREMENT-2015-AIRFORCE_AIRCRAFT_VOL2-PROCUREMENT_MasterJustificationBook_Air_Force_PB_2015.zzz_unzipped-PROCUREMENT_MasterJustificationBook_Air_Force_PB_2015.xml",
        "@RECORDID": "e0b4c68aca5bcb28bf2a8d6314af11bf878587e1d5636a46ade0d81891a819a1",
        "@ROWID": "0-d8b5d73e1fd676aee1b45926386a3c80d07302e73add4205c0c87166d0165d66",
        "@PARENTROWID": "0-f33d92d5a516d4e0bf82ba640c6b514660c10a8de897911db004e8cd3e22fd89",
        "@PARENT": "root.record.ItemExhibitList.P3AModificationItemGroup.ModificationItemList.ModificationItem.Installation.ImplementationMethodList.ImplementationMethod"
    },
    {
        "Name_val": "Air Force Active",
        "Cost_Quantity_BudgetYearOneBase_val": "160",
        "Cost_Quantity_BudgetYearOne_val": "160",
        "Cost_Quantity_BudgetYearTwo_val": "",
        "Cost_Quantity_CurrentYear_val": "",
        "Cost_TotalCost_BudgetYearOneBase_val": "1.588",
        "Cost_TotalCost_BudgetYearOne_val": "1.588",
        "Cost_TotalCost_BudgetYearTwo_val": "",
        "Cost_TotalCost_CurrentYear_val": "",
        "@SOURCE_FILENAME": "2015-BASE_PROCUREMENT-2015-AIRFORCE_AIRCRAFT_VOL2-PROCUREMENT_MasterJustificationBook_Air_Force_PB_2015.zzz_unzipped-PROCUREMENT_MasterJustificationBook_Air_Force_PB_2015.xml",
        "@RECORDID": "e0b4c68aca5bcb28bf2a8d6314af11bf878587e1d5636a46ade0d81891a819a1",
        "@ROWID": "0-c8069a4958fc892e0ac0fc0e4811ffec594a2434f759bcdbcf5ba6136c9d5c7b",
        "@PARENTROWID": "0-2887d725004327e39c0e586f374c7ba9c7f440c481056200b1577271413b6d61",
        "@PARENT": "root.record.ItemExhibitList.P3AModificationItemGroup.ModificationItemList.ModificationItem.Installation.ImplementationMethodList.ImplementationMethod"
    },
    {
        "Name_val": "Air Force Active",
        "Cost_Quantity_BudgetYearOneBase_val": "12",
        "Cost_Quantity_BudgetYearOne_val": "12",
        "Cost_Quantity_BudgetYearTwo_val": "",
        "Cost_Quantity_CurrentYear_val": "",
        "Cost_TotalCost_BudgetYearOneBase_val": "0.32",
        "Cost_TotalCost_BudgetYearOne_val": "0.32",
        "Cost_TotalCost_BudgetYearTwo_val": "",
        "Cost_TotalCost_CurrentYear_val": "",
        "@SOURCE_FILENAME": "2015-BASE_PROCUREMENT-2015-AIRFORCE_AIRCRAFT_VOL2-PROCUREMENT_MasterJustificationBook_Air_Force_PB_2015.zzz_unzipped-PROCUREMENT_MasterJustificationBook_Air_Force_PB_2015.xml",
        "@RECORDID": "0b3cc84504de3dcd8d9b0ee78b03c6179e180dce85fc9cbee3b0fc0b68f603c4",
        "@ROWID": "0-0c2a23fe1d08c3166a29c7516c23cf0bc297bb8499f00f378f083124030208c9",
        "@PARENTROWID": "0-5ab8ee0b10a48b66848994faf5a621b790f3273e08419c85e327163ac7a45c98",
        "@PARENT": "root.record.ItemExhibitList.P3AModificationItemGroup.ModificationItemList.ModificationItem.Installation.ImplementationMethodList.ImplementationMethod"
    },
    {
        "Name_val": "Air Force Reserve",
        "Cost_Quantity_BudgetYearOneBase_val": "3",
        "Cost_Quantity_BudgetYearOne_val": "3",
        "Cost_Quantity_BudgetYearTwo_val": "",
        "Cost_Quantity_CurrentYear_val": "",
        "Cost_TotalCost_BudgetYearOneBase_val": "0.08",
        "Cost_TotalCost_BudgetYearOne_val": "0.08",
        "Cost_TotalCost_BudgetYearTwo_val": "",
        "Cost_TotalCost_CurrentYear_val": "",
        "@SOURCE_FILENAME": "2015-BASE_PROCUREMENT-2015-AIRFORCE_AIRCRAFT_VOL2-PROCUREMENT_MasterJustificationBook_Air_Force_PB_2015.zzz_unzipped-PROCUREMENT_MasterJustificationBook_Air_Force_PB_2015.xml",
        "@RECORDID": "0b3cc84504de3dcd8d9b0ee78b03c6179e180dce85fc9cbee3b0fc0b68f603c4",
        "@ROWID": "1-be9788a5a6007689a6c92ce6d1e68c1631265f1863bcd5c0064b2f3bc98fd23b",
        "@PARENTROWID": "0-5ab8ee0b10a48b66848994faf5a621b790f3273e08419c85e327163ac7a45c98",
        "@PARENT": "root.record.ItemExhibitList.P3AModificationItemGroup.ModificationItemList.ModificationItem.Installation.ImplementationMethodList.ImplementationMethod"
    },
    {
        "Name_val": "Air Force Active",
        "Cost_Quantity_BudgetYearOneBase_val": "3",
        "Cost_Quantity_BudgetYearOne_val": "3",
        "Cost_Quantity_BudgetYearTwo_val": "",
        "Cost_Quantity_CurrentYear_val": "",
        "Cost_TotalCost_BudgetYearOneBase_val": "4.932",
        "Cost_TotalCost_BudgetYearOne_val": "4.932",
        "Cost_TotalCost_BudgetYearTwo_val": "",
        "Cost_TotalCost_CurrentYear_val": "",
        "@SOURCE_FILENAME": "2015-BASE_PROCUREMENT-2015-AIRFORCE_AIRCRAFT_VOL2-PROCUREMENT_MasterJustificationBook_Air_Force_PB_2015.zzz_unzipped-PROCUREMENT_MasterJustificationBook_Air_Force_PB_2015.xml",
        "@RECORDID": "0b3cc84504de3dcd8d9b0ee78b03c6179e180dce85fc9cbee3b0fc0b68f603c4",
        "@ROWID": "0-8e334ae8c8a37e34b03c54cc6bc79df7019f597105f88fb2e534df16994c1166",
        "@PARENTROWID": "0-a207702bce1702a3792b87576abd705af03facac8d31bb62080e25f7e1aee06c",
        "@PARENT": "root.record.ItemExhibitList.P3AModificationItemGroup.ModificationItemList.ModificationItem.Installation.ImplementationMethodList.ImplementationMethod"
    },
    {
        "Name_val": "Air Force Reserve",
        "Cost_Quantity_BudgetYearOneBase_val": "1",
        "Cost_Quantity_BudgetYearOne_val": "1",
        "Cost_Quantity_BudgetYearTwo_val": "",
        "Cost_Quantity_CurrentYear_val": "",
        "Cost_TotalCost_BudgetYearOneBase_val": "1.644",
        "Cost_TotalCost_BudgetYearOne_val": "1.644",
        "Cost_TotalCost_BudgetYearTwo_val": "",
        "Cost_TotalCost_CurrentYear_val": "",
        "@SOURCE_FILENAME": "2015-BASE_PROCUREMENT-2015-AIRFORCE_AIRCRAFT_VOL2-PROCUREMENT_MasterJustificationBook_Air_Force_PB_2015.zzz_unzipped-PROCUREMENT_MasterJustificationBook_Air_Force_PB_2015.xml",
        "@RECORDID": "0b3cc84504de3dcd8d9b0ee78b03c6179e180dce85fc9cbee3b0fc0b68f603c4",
        "@ROWID": "1-c2a9461c7c9a6a800b302fa8e29d48d6d2a584e6e07a19a90483dac54a7d30f1",
        "@PARENTROWID": "0-a207702bce1702a3792b87576abd705af03facac8d31bb62080e25f7e1aee06c",
        "@PARENT": "root.record.ItemExhibitList.P3AModificationItemGroup.ModificationItemList.ModificationItem.Installation.ImplementationMethodList.ImplementationMethod"
    },
    {
        "Name_val": "Air Force Active",
        "Cost_Quantity_BudgetYearOneBase_val": "12",
        "Cost_Quantity_BudgetYearOne_val": "12",
        "Cost_Quantity_BudgetYearTwo_val": "",
        "Cost_Quantity_CurrentYear_val": "",
        "Cost_TotalCost_BudgetYearOneBase_val": "2.351",
        "Cost_TotalCost_BudgetYearOne_val": "2.351",
        "Cost_TotalCost_BudgetYearTwo_val": "",
        "Cost_TotalCost_CurrentYear_val": "",
        "@SOURCE_FILENAME": "2015-BASE_PROCUREMENT-2015-AIRFORCE_AIRCRAFT_VOL2-PROCUREMENT_MasterJustificationBook_Air_Force_PB_2015.zzz_unzipped-PROCUREMENT_MasterJustificationBook_Air_Force_PB_2015.xml",
        "@RECORDID": "0b3cc84504de3dcd8d9b0ee78b03c6179e180dce85fc9cbee3b0fc0b68f603c4",
        "@ROWID": "0-d54f6cfd9c4bba071e12a51d4ab23ab40f23e7ad6aa704604fb5031beebad866",
        "@PARENTROWID": "0-891cfad1545a976d9131bdf3bda8fc1ccbaf0182464a5afc87e7d2e94ecc075e",
        "@PARENT": "root.record.ItemExhibitList.P3AModificationItemGroup.ModificationItemList.ModificationItem.Installation.ImplementationMethodList.ImplementationMethod"
    },
    {
        "Name_val": "Air Force Active",
        "Cost_Quantity_BudgetYearOneBase_val": "",
        "Cost_Quantity_BudgetYearOne_val": "",
        "Cost_Quantity_BudgetYearTwo_val": "",
        "Cost_Quantity_CurrentYear_val": "0",
        "Cost_TotalCost_BudgetYearOneBase_val": "",
        "Cost_TotalCost_BudgetYearOne_val": "",
        "Cost_TotalCost_BudgetYearTwo_val": "",
        "Cost_TotalCost_CurrentYear_val": "0.913",
        "@SOURCE_FILENAME": "2015-BASE_PROCUREMENT-2015-AIRFORCE_AIRCRAFT_VOL2-PROCUREMENT_MasterJustificationBook_Air_Force_PB_2015.zzz_unzipped-PROCUREMENT_MasterJustificationBook_Air_Force_PB_2015.xml",
        "@RECORDID": "915b03b5c79079cef74c1f5fed99ff94d2a961666ffa690a638fb838766b41c1",
        "@ROWID": "0-62e4d5aff3909b7a517800ae0a2d2ee28bdd5c69c48d581d576b86b8efebcd40",
        "@PARENTROWID": "0-ef1d57e8be771198d4a07f8b9d12641bdc24a1e399e016d54291f1d9fd4031c7",
        "@PARENT": "root.record.ItemExhibitList.P3AModificationItemGroup.ModificationItemList.ModificationItem.Installation.ImplementationMethodList.ImplementationMethod"
    },
    {
        "Name_val": "Air Force Active",
        "Cost_Quantity_BudgetYearOneBase_val": "35",
        "Cost_Quantity_BudgetYearOne_val": "35",
        "Cost_Quantity_BudgetYearTwo_val": "",
        "Cost_Quantity_CurrentYear_val": "",
        "Cost_TotalCost_BudgetYearOneBase_val": "1.855",
        "Cost_TotalCost_BudgetYearOne_val": "1.855",
        "Cost_TotalCost_BudgetYearTwo_val": "",
        "Cost_TotalCost_CurrentYear_val": "",
        "@SOURCE_FILENAME": "2015-BASE_PROCUREMENT-2015-AIRFORCE_AIRCRAFT_VOL2-PROCUREMENT_MasterJustificationBook_Air_Force_PB_2015.zzz_unzipped-PROCUREMENT_MasterJustificationBook_Air_Force_PB_2015.xml",
        "@RECORDID": "855eae1cbb61b6501bc214ee71975773395e237741d724826b960bf4c434431a",
        "@ROWID": "0-1692f848db246f4fa497d619006287f6971bf91820a76aac28232a7049191721",
        "@PARENTROWID": "0-441bd0a0615d35a584e7152e3c7506fdde8e2de8156fa3590149775d6bff63b4",
        "@PARENT": "root.record.ItemExhibitList.P3AModificationItemGroup.ModificationItemList.ModificationItem.Installation.ImplementationMethodList.ImplementationMethod"
    },
    {
        "Name_val": "Air Force Active",
        "Cost_Quantity_BudgetYearOneBase_val": "44",
        "Cost_Quantity_BudgetYearOne_val": "44",
        "Cost_Quantity_BudgetYearTwo_val": "",
        "Cost_Quantity_CurrentYear_val": "",
        "Cost_TotalCost_BudgetYearOneBase_val": "2.279",
        "Cost_TotalCost_BudgetYearOne_val": "2.279",
        "Cost_TotalCost_BudgetYearTwo_val": "",
        "Cost_TotalCost_CurrentYear_val": "",
        "@SOURCE_FILENAME": "2015-BASE_PROCUREMENT-2015-AIRFORCE_AIRCRAFT_VOL2-PROCUREMENT_MasterJustificationBook_Air_Force_PB_2015.zzz_unzipped-PROCUREMENT_MasterJustificationBook_Air_Force_PB_2015.xml",
        "@RECORDID": "855eae1cbb61b6501bc214ee71975773395e237741d724826b960bf4c434431a",
        "@ROWID": "0-77691642291eb2c145a127165b7f42b693134101c712723aae01c289807d3a7b",
        "@PARENTROWID": "0-912ed34d28c80062396daad45d77be9a7bcc2c554bb1e75177ab9a5aa0fc19ae",
        "@PARENT": "root.record.ItemExhibitList.P3AModificationItemGroup.ModificationItemList.ModificationItem.Installation.ImplementationMethodList.ImplementationMethod"
    },
    {
        "Name_val": "Air Force Active",
        "Cost_Quantity_BudgetYearOneBase_val": "",
        "Cost_Quantity_BudgetYearOne_val": "",
        "Cost_Quantity_BudgetYearTwo_val": "",
        "Cost_Quantity_CurrentYear_val": "1733",
        "Cost_TotalCost_BudgetYearOneBase_val": "",
        "Cost_TotalCost_BudgetYearOne_val": "",
        "Cost_TotalCost_BudgetYearTwo_val": "",
        "Cost_TotalCost_CurrentYear_val": "44.927",
        "@SOURCE_FILENAME": "2015-BASE_PROCUREMENT-2015-AIRFORCE_AIRCRAFT_VOL2-PROCUREMENT_MasterJustificationBook_Air_Force_PB_2015.zzz_unzipped-PROCUREMENT_MasterJustificationBook_Air_Force_PB_2015.xml",
        "@RECORDID": "e0999d2b89817dbe0cc954d07a44ef1ad1938f20a6bca9d4306e26527654e26d",
        "@ROWID": "0-ed9e12d1e756b83b4e74c74e32127017ac2caf294d76b80496457dce7283e908",
        "@PARENTROWID": "1-90f677bad55310d6e45d57442ac2d55ee31d51f8b0783a0b0c9b418e364e2f9e",
        "@PARENT": "root.record.ItemExhibitList.P3AModificationItemGroup.ModificationItemList.ModificationItem.Installation.ImplementationMethodList.ImplementationMethod"
    },
    {
        "Name_val": "Air National Guard",
        "Cost_Quantity_BudgetYearOneBase_val": "",
        "Cost_Quantity_BudgetYearOne_val": "",
        "Cost_Quantity_BudgetYearTwo_val": "",
        "Cost_Quantity_CurrentYear_val": "324",
        "Cost_TotalCost_BudgetYearOneBase_val": "",
        "Cost_TotalCost_BudgetYearOne_val": "",
        "Cost_TotalCost_BudgetYearTwo_val": "",
        "Cost_TotalCost_CurrentYear_val": "10.335",
        "@SOURCE_FILENAME": "2015-BASE_PROCUREMENT-2015-AIRFORCE_AIRCRAFT_VOL2-PROCUREMENT_MasterJustificationBook_Air_Force_PB_2015.zzz_unzipped-PROCUREMENT_MasterJustificationBook_Air_Force_PB_2015.xml",
        "@RECORDID": "e0999d2b89817dbe0cc954d07a44ef1ad1938f20a6bca9d4306e26527654e26d",
        "@ROWID": "1-3f2341f7fb6f4640ebf9ea11ccf7e3ce2101885e341eceb2d87519bae28dbaca",
        "@PARENTROWID": "1-90f677bad55310d6e45d57442ac2d55ee31d51f8b0783a0b0c9b418e364e2f9e",
        "@PARENT": "root.record.ItemExhibitList.P3AModificationItemGroup.ModificationItemList.ModificationItem.Installation.ImplementationMethodList.ImplementationMethod"
    },
    {
        "Name_val": "Air Force Active",
        "Cost_Quantity_BudgetYearOneBase_val": "234",
        "Cost_Quantity_BudgetYearOne_val": "234",
        "Cost_Quantity_BudgetYearTwo_val": "",
        "Cost_Quantity_CurrentYear_val": "",
        "Cost_TotalCost_BudgetYearOneBase_val": "0.571",
        "Cost_TotalCost_BudgetYearOne_val": "0.571",
        "Cost_TotalCost_BudgetYearTwo_val": "",
        "Cost_TotalCost_CurrentYear_val": "",
        "@SOURCE_FILENAME": "2015-BASE_PROCUREMENT-2015-AIRFORCE_AIRCRAFT_VOL2-PROCUREMENT_MasterJustificationBook_Air_Force_PB_2015.zzz_unzipped-PROCUREMENT_MasterJustificationBook_Air_Force_PB_2015.xml",
        "@RECORDID": "e0999d2b89817dbe0cc954d07a44ef1ad1938f20a6bca9d4306e26527654e26d",
        "@ROWID": "0-ab2efe334498316e6d39cfcc05773acdf60d1e1d97062f1af523bebab87031bc",
        "@PARENTROWID": "0-14bf970612c94de5d7154117902aec6afb06e781c3d362dba074eaedd12c146a",
        "@PARENT": "root.record.ItemExhibitList.P3AModificationItemGroup.ModificationItemList.ModificationItem.Installation.ImplementationMethodList.ImplementationMethod"
    },
    {
        "Name_val": "Air Force Active",
        "Cost_Quantity_BudgetYearOneBase_val": "938",
        "Cost_Quantity_BudgetYearOne_val": "938",
        "Cost_Quantity_BudgetYearTwo_val": "",
        "Cost_Quantity_CurrentYear_val": "",
        "Cost_TotalCost_BudgetYearOneBase_val": "2.282",
        "Cost_TotalCost_BudgetYearOne_val": "2.282",
        "Cost_TotalCost_BudgetYearTwo_val": "",
        "Cost_TotalCost_CurrentYear_val": "",
        "@SOURCE_FILENAME": "2015-BASE_PROCUREMENT-2015-AIRFORCE_AIRCRAFT_VOL2-PROCUREMENT_MasterJustificationBook_Air_Force_PB_2015.zzz_unzipped-PROCUREMENT_MasterJustificationBook_Air_Force_PB_2015.xml",
        "@RECORDID": "e0999d2b89817dbe0cc954d07a44ef1ad1938f20a6bca9d4306e26527654e26d",
        "@ROWID": "0-2a2ea46a265507ba468b94f795d9a12fee50b0f3f49bb1523b023f1a32020a0d",
        "@PARENTROWID": "1-027c4ad0a4322f0de010417e98cdad200bf1abbdf73bb1cfb39cfc9ffd5c9091",
        "@PARENT": "root.record.ItemExhibitList.P3AModificationItemGroup.ModificationItemList.ModificationItem.Installation.ImplementationMethodList.ImplementationMethod"
    },
    {
        "Name_val": "Air National Guard",
        "Cost_Quantity_BudgetYearOneBase_val": "104",
        "Cost_Quantity_BudgetYearOne_val": "104",
        "Cost_Quantity_BudgetYearTwo_val": "",
        "Cost_Quantity_CurrentYear_val": "",
        "Cost_TotalCost_BudgetYearOneBase_val": "0.31",
        "Cost_TotalCost_BudgetYearOne_val": "0.31",
        "Cost_TotalCost_BudgetYearTwo_val": "",
        "Cost_TotalCost_CurrentYear_val": "",
        "@SOURCE_FILENAME": "2015-BASE_PROCUREMENT-2015-AIRFORCE_AIRCRAFT_VOL2-PROCUREMENT_MasterJustificationBook_Air_Force_PB_2015.zzz_unzipped-PROCUREMENT_MasterJustificationBook_Air_Force_PB_2015.xml",
        "@RECORDID": "e0999d2b89817dbe0cc954d07a44ef1ad1938f20a6bca9d4306e26527654e26d",
        "@ROWID": "1-0cbd69b37e325cbe5e2cf97404d8103a345afab719bc49487441a379f8848091",
        "@PARENTROWID": "1-027c4ad0a4322f0de010417e98cdad200bf1abbdf73bb1cfb39cfc9ffd5c9091",
        "@PARENT": "root.record.ItemExhibitList.P3AModificationItemGroup.ModificationItemList.ModificationItem.Installation.ImplementationMethodList.ImplementationMethod"
    },
    {
        "Name_val": "Air Force Active",
        "Cost_Quantity_BudgetYearOneBase_val": "10",
        "Cost_Quantity_BudgetYearOne_val": "10",
        "Cost_Quantity_BudgetYearTwo_val": "",
        "Cost_Quantity_CurrentYear_val": "",
        "Cost_TotalCost_BudgetYearOneBase_val": "12.013",
        "Cost_TotalCost_BudgetYearOne_val": "12.013",
        "Cost_TotalCost_BudgetYearTwo_val": "",
        "Cost_TotalCost_CurrentYear_val": "",
        "@SOURCE_FILENAME": "2015-BASE_PROCUREMENT-2015-AIRFORCE_AIRCRAFT_VOL2-PROCUREMENT_MasterJustificationBook_Air_Force_PB_2015.zzz_unzipped-PROCUREMENT_MasterJustificationBook_Air_Force_PB_2015.xml",
        "@RECORDID": "e0999d2b89817dbe0cc954d07a44ef1ad1938f20a6bca9d4306e26527654e26d",
        "@ROWID": "0-efd1635b53bd651b60870f703fbd2dfa2872d4562a690dc6a3b8acc965327fed",
        "@PARENTROWID": "0-3e324f62736daf78b51e26432685acfc7446f80e281db1bd21694fa00124915c",
        "@PARENT": "root.record.ItemExhibitList.P3AModificationItemGroup.ModificationItemList.ModificationItem.Installation.ImplementationMethodList.ImplementationMethod"
    },
    {
        "Name_val": "Air Force Active",
        "Cost_Quantity_BudgetYearOneBase_val": "8",
        "Cost_Quantity_BudgetYearOne_val": "8",
        "Cost_Quantity_BudgetYearTwo_val": "",
        "Cost_Quantity_CurrentYear_val": "10",
        "Cost_TotalCost_BudgetYearOneBase_val": "6.925",
        "Cost_TotalCost_BudgetYearOne_val": "6.925",
        "Cost_TotalCost_BudgetYearTwo_val": "",
        "Cost_TotalCost_CurrentYear_val": "0.35",
        "@SOURCE_FILENAME": "2015-BASE_PROCUREMENT-2015-AIRFORCE_AIRCRAFT_VOL2-PROCUREMENT_MasterJustificationBook_Air_Force_PB_2015.zzz_unzipped-PROCUREMENT_MasterJustificationBook_Air_Force_PB_2015.xml",
        "@RECORDID": "e0999d2b89817dbe0cc954d07a44ef1ad1938f20a6bca9d4306e26527654e26d",
        "@ROWID": "0-af706edcaad818412f0a4389789f984e14f5251fb12eecb38c15b2671c430237",
        "@PARENTROWID": "0-8f4ec299c7ea273eca4014b3c92d97193f2222381c3c56691f473d7fd8013bef",
        "@PARENT": "root.record.ItemExhibitList.P3AModificationItemGroup.ModificationItemList.ModificationItem.Installation.ImplementationMethodList.ImplementationMethod"
    },
    {
        "Name_val": "Air Force Active",
        "Cost_Quantity_BudgetYearOneBase_val": "",
        "Cost_Quantity_BudgetYearOne_val": "",
        "Cost_Quantity_BudgetYearTwo_val": "",
        "Cost_Quantity_CurrentYear_val": "31",
        "Cost_TotalCost_BudgetYearOneBase_val": "",
        "Cost_TotalCost_BudgetYearOne_val": "",
        "Cost_TotalCost_BudgetYearTwo_val": "",
        "Cost_TotalCost_CurrentYear_val": "1.922",
        "@SOURCE_FILENAME": "2015-BASE_PROCUREMENT-2015-AIRFORCE_OTHER-PROCUREMENT_JustificationBook_Air_Force_PB_2015.zzz_unzipped-PROCUREMENT_JustificationBook_Air_Force_PB_2015.xml",
        "@RECORDID": "468bc985f6e66df36e06ea9a96c28ec64edcebf0d6674e83420127564b1094c0",
        "@ROWID": "0-c78d5d5b64009635c89c61c2360ffc94593622118b2c629c25424a076903070a",
        "@PARENTROWID": "0-ba8fa432cd4c16a1734f8a502c91bb4cdb90738daa2de1d4fa6d7df26a5ba108",
        "@PARENT": "root.record.ItemExhibitList.P3AModificationItemGroup.ModificationItemList.ModificationItem.Installation.ImplementationMethodList.ImplementationMethod"
    },
    {
        "Name_val": "Air National Guard",
        "Cost_Quantity_BudgetYearOneBase_val": "",
        "Cost_Quantity_BudgetYearOne_val": "",
        "Cost_Quantity_BudgetYearTwo_val": "",
        "Cost_Quantity_CurrentYear_val": "2",
        "Cost_TotalCost_BudgetYearOneBase_val": "",
        "Cost_TotalCost_BudgetYearOne_val": "",
        "Cost_TotalCost_BudgetYearTwo_val": "",
        "Cost_TotalCost_CurrentYear_val": "0.124",
        "@SOURCE_FILENAME": "2015-BASE_PROCUREMENT-2015-AIRFORCE_OTHER-PROCUREMENT_JustificationBook_Air_Force_PB_2015.zzz_unzipped-PROCUREMENT_JustificationBook_Air_Force_PB_2015.xml",
        "@RECORDID": "468bc985f6e66df36e06ea9a96c28ec64edcebf0d6674e83420127564b1094c0",
        "@ROWID": "1-e33b6b7a1e8053fc7c3dd83abe637fe7a33dd229e72f9a9ccca22f5f6d4cc226",
        "@PARENTROWID": "0-ba8fa432cd4c16a1734f8a502c91bb4cdb90738daa2de1d4fa6d7df26a5ba108",
        "@PARENT": "root.record.ItemExhibitList.P3AModificationItemGroup.ModificationItemList.ModificationItem.Installation.ImplementationMethodList.ImplementationMethod"
    },
    {
        "Name_val": "Air Force Reserve",
        "Cost_Quantity_BudgetYearOneBase_val": "",
        "Cost_Quantity_BudgetYearOne_val": "",
        "Cost_Quantity_BudgetYearTwo_val": "",
        "Cost_Quantity_CurrentYear_val": "6",
        "Cost_TotalCost_BudgetYearOneBase_val": "",
        "Cost_TotalCost_BudgetYearOne_val": "",
        "Cost_TotalCost_BudgetYearTwo_val": "",
        "Cost_TotalCost_CurrentYear_val": "0.372",
        "@SOURCE_FILENAME": "2015-BASE_PROCUREMENT-2015-AIRFORCE_OTHER-PROCUREMENT_JustificationBook_Air_Force_PB_2015.zzz_unzipped-PROCUREMENT_JustificationBook_Air_Force_PB_2015.xml",
        "@RECORDID": "468bc985f6e66df36e06ea9a96c28ec64edcebf0d6674e83420127564b1094c0",
        "@ROWID": "2-bfeee0b913633ccf9b3a8b259be33ae0dc0d2bc197943305b824b86a2cf6283a",
        "@PARENTROWID": "0-ba8fa432cd4c16a1734f8a502c91bb4cdb90738daa2de1d4fa6d7df26a5ba108",
        "@PARENT": "root.record.ItemExhibitList.P3AModificationItemGroup.ModificationItemList.ModificationItem.Installation.ImplementationMethodList.ImplementationMethod"
    },
    {
        "Name_val": "Air Force Active",
        "Cost_Quantity_BudgetYearOneBase_val": "",
        "Cost_Quantity_BudgetYearOne_val": "",
        "Cost_Quantity_BudgetYearTwo_val": "",
        "Cost_Quantity_CurrentYear_val": "31",
        "Cost_TotalCost_BudgetYearOneBase_val": "",
        "Cost_TotalCost_BudgetYearOne_val": "",
        "Cost_TotalCost_BudgetYearTwo_val": "",
        "Cost_TotalCost_CurrentYear_val": "1.922",
        "@SOURCE_FILENAME": "2015-BASE_PROCUREMENT-2015-AIRFORCE_OTHER-PROCUREMENT_MasterJustificationBook_Air_Force_PB_2015.zzz_unzipped-PROCUREMENT_MasterJustificationBook_Air_Force_PB_2015.xml",
        "@RECORDID": "38574a0eb107b9f7269a65b5cd9e3370a0cecba368536b676cf0c3e78bac69ac",
        "@ROWID": "0-5994d23c6255dca19b6e38b88767117121a1f3dd91bc1741b1440779327f93b5",
        "@PARENTROWID": "0-0e456de4a2be1db679296ca4dfddbefbbe9d0096970a2e15ed02e630dd1742df",
        "@PARENT": "root.record.ItemExhibitList.P3AModificationItemGroup.ModificationItemList.ModificationItem.Installation.ImplementationMethodList.ImplementationMethod"
    },
    {
        "Name_val": "Air National Guard",
        "Cost_Quantity_BudgetYearOneBase_val": "",
        "Cost_Quantity_BudgetYearOne_val": "",
        "Cost_Quantity_BudgetYearTwo_val": "",
        "Cost_Quantity_CurrentYear_val": "2",
        "Cost_TotalCost_BudgetYearOneBase_val": "",
        "Cost_TotalCost_BudgetYearOne_val": "",
        "Cost_TotalCost_BudgetYearTwo_val": "",
        "Cost_TotalCost_CurrentYear_val": "0.124",
        "@SOURCE_FILENAME": "2015-BASE_PROCUREMENT-2015-AIRFORCE_OTHER-PROCUREMENT_MasterJustificationBook_Air_Force_PB_2015.zzz_unzipped-PROCUREMENT_MasterJustificationBook_Air_Force_PB_2015.xml",
        "@RECORDID": "38574a0eb107b9f7269a65b5cd9e3370a0cecba368536b676cf0c3e78bac69ac",
        "@ROWID": "1-6537e303f09f954239584ba651e4f729892442ff9ddde5c7005d300126b8fc2c",
        "@PARENTROWID": "0-0e456de4a2be1db679296ca4dfddbefbbe9d0096970a2e15ed02e630dd1742df",
        "@PARENT": "root.record.ItemExhibitList.P3AModificationItemGroup.ModificationItemList.ModificationItem.Installation.ImplementationMethodList.ImplementationMethod"
    },
    {
        "Name_val": "Air Force Reserve",
        "Cost_Quantity_BudgetYearOneBase_val": "",
        "Cost_Quantity_BudgetYearOne_val": "",
        "Cost_Quantity_BudgetYearTwo_val": "",
        "Cost_Quantity_CurrentYear_val": "6",
        "Cost_TotalCost_BudgetYearOneBase_val": "",
        "Cost_TotalCost_BudgetYearOne_val": "",
        "Cost_TotalCost_BudgetYearTwo_val": "",
        "Cost_TotalCost_CurrentYear_val": "0.372",
        "@SOURCE_FILENAME": "2015-BASE_PROCUREMENT-2015-AIRFORCE_OTHER-PROCUREMENT_MasterJustificationBook_Air_Force_PB_2015.zzz_unzipped-PROCUREMENT_MasterJustificationBook_Air_Force_PB_2015.xml",
        "@RECORDID": "38574a0eb107b9f7269a65b5cd9e3370a0cecba368536b676cf0c3e78bac69ac",
        "@ROWID": "2-157eb041f7edd365354a787fe442569fff3f0b0566cdf8ae1f8cdb9caa8ff9cf",
        "@PARENTROWID": "0-0e456de4a2be1db679296ca4dfddbefbbe9d0096970a2e15ed02e630dd1742df",
        "@PARENT": "root.record.ItemExhibitList.P3AModificationItemGroup.ModificationItemList.ModificationItem.Installation.ImplementationMethodList.ImplementationMethod"
    }
]