[
    {
        "Name_val": "Air Force Reserve",
        "Cost_Quantity_BudgetYearOneBase_val": "11",
        "Cost_Quantity_BudgetYearOne_val": "11",
        "Cost_Quantity_BudgetYearTwo_val": "",
        "Cost_Quantity_CurrentYear_val": "",
        "Cost_TotalCost_BudgetYearOneBase_val": "254.23",
        "Cost_TotalCost_BudgetYearOne_val": "254.23",
        "Cost_TotalCost_BudgetYearTwo_val": "",
        "Cost_TotalCost_CurrentYear_val": "",
        "@SOURCE_FILENAME": "2015-BASE_PROCUREMENT-2015-AIRFORCE_AIRCRAFT_VOL2-PROCUREMENT_JustificationBook_Air_Force_PB_2015.zzz_unzipped-PROCUREMENT_JustificationBook_Air_Force_PB_2015.xml",
        "@RECORDID": "e049539817dd22b34918c2c0be8271bbbd79d6b6a486234ddff8e6be076c0e3d",
        "@ROWID": "0-a1da03411eb8a1d824ce4cd5a5b20a1ecf5a9ed07c038023a4c731a7c3ba8221",
        "@PARENTROWID": "0-35ddd54b494941bc31fcc7d9d355c533660ce3297f42e8516359a1294ddc496f",
        "@PARENT": "root.record.ItemExhibitList.P3AModificationItemGroup.ModificationItemList.ModificationItem.Installation.ImplementationMethodList.ImplementationMethod"
    },
    {
        "Name_val": "Air Force Active",
        "Cost_Quantity_BudgetYearOneBase_val": "",
        "Cost_Quantity_BudgetYearOne_val": "",
        "Cost_Quantity_BudgetYearTwo_val": "28",
        "Cost_Quantity_CurrentYear_val": "",
        "Cost_TotalCost_BudgetYearOneBase_val": "",
        "Cost_TotalCost_BudgetYearOne_val": "",
        "Cost_TotalCost_BudgetYearTwo_val": "5.787",
        "Cost_TotalCost_CurrentYear_val": "",
        "@SOURCE_FILENAME": "2015-BASE_PROCUREMENT-2015-AIRFORCE_AIRCRAFT_VOL2-PROCUREMENT_JustificationBook_Air_Force_PB_2015.zzz_unzipped-PROCUREMENT_JustificationBook_Air_Force_PB_2015.xml",
        "@RECORDID": "2c3a42ac96c574f3a05d311e38d1fd39e76b2eaa077eed338c2b56579168a566",
        "@ROWID": "0-93b2e220650a16bc3c0354a1401d375d6ca84178f829b2cd243619a87b7527b7",
        "@PARENTROWID": "0-ed48b1ca9dbaaa69474ba25179957acd7a1029b7c1f5794616a61e3b7129223f",
        "@PARENT": "root.record.ItemExhibitList.P3AModificationItemGroup.ModificationItemList.ModificationItem.Installation.ImplementationMethodList.ImplementationMethod"
    },
    {
        "Name_val": "Air Force Reserve",
        "Cost_Quantity_BudgetYearOneBase_val": "",
        "Cost_Quantity_BudgetYearOne_val": "",
        "Cost_Quantity_BudgetYearTwo_val": "1",
        "Cost_Quantity_CurrentYear_val": "",
        "Cost_TotalCost_BudgetYearOneBase_val": "",
        "Cost_TotalCost_BudgetYearOne_val": "",
        "Cost_TotalCost_BudgetYearTwo_val": "0.207",
        "Cost_TotalCost_CurrentYear_val": "",
        "@SOURCE_FILENAME": "2015-BASE_PROCUREMENT-2015-AIRFORCE_AIRCRAFT_VOL2-PROCUREMENT_JustificationBook_Air_Force_PB_2015.zzz_unzipped-PROCUREMENT_JustificationBook_Air_Force_PB_2015.xml",
        "@RECORDID": "2c3a42ac96c574f3a05d311e38d1fd39e76b2eaa077eed338c2b56579168a566",
        "@ROWID": "1-3978733d9e105e8f069c4111fc5167c2eb147e257a5d07cc09e320914aefb059",
        "@PARENTROWID": "0-ed48b1ca9dbaaa69474ba25179957acd7a1029b7c1f5794616a61e3b7129223f",
        "@PARENT": "root.record.ItemExhibitList.P3AModificationItemGroup.ModificationItemList.ModificationItem.Installation.ImplementationMethodList.ImplementationMethod"
    },
    {
        "Name_val": "Air Force Active",
        "Cost_Quantity_BudgetYearOneBase_val": "33",
        "Cost_Quantity_BudgetYearOne_val": "33",
        "Cost_Quantity_BudgetYearTwo_val": "",
        "Cost_Quantity_CurrentYear_val": "",
        "Cost_TotalCost_BudgetYearOneBase_val": "2.95",
        "Cost_TotalCost_BudgetYearOne_val": "2.95",
        "Cost_TotalCost_BudgetYearTwo_val": "",
        "Cost_TotalCost_CurrentYear_val": "",
        "@SOURCE_FILENAME": "2015-BASE_PROCUREMENT-2015-AIRFORCE_AIRCRAFT_VOL2-PROCUREMENT_JustificationBook_Air_Force_PB_2015.zzz_unzipped-PROCUREMENT_JustificationBook_Air_Force_PB_2015.xml",
        "@RECORDID": "2c3a42ac96c574f3a05d311e38d1fd39e76b2eaa077eed338c2b56579168a566",
        "@ROWID": "0-059328194c7f9d27c99a1771c3ab90e3c2ab7d84a52367887c3081e89a7167bd",
        "@PARENTROWID": "0-1c136f8b4edf49664b9350ec2cb2bb8d9c6863df503c718df02355738a5b129c",
        "@PARENT": "root.record.ItemExhibitList.P3AModificationItemGroup.ModificationItemList.ModificationItem.Installation.ImplementationMethodList.ImplementationMethod"
    },
    {
        "Name_val": "Air Force Active",
        "Cost_Quantity_BudgetYearOneBase_val": "",
        "Cost_Quantity_BudgetYearOne_val": "",
        "Cost_Quantity_BudgetYearTwo_val": "2",
        "Cost_Quantity_CurrentYear_val": "",
        "Cost_TotalCost_BudgetYearOneBase_val": "",
        "Cost_TotalCost_BudgetYearOne_val": "",
        "Cost_TotalCost_BudgetYearTwo_val": "5.53",
        "Cost_TotalCost_CurrentYear_val": "",
        "@SOURCE_FILENAME": "2015-BASE_PROCUREMENT-2015-AIRFORCE_AIRCRAFT_VOL2-PROCUREMENT_JustificationBook_Air_Force_PB_2015.zzz_unzipped-PROCUREMENT_JustificationBook_Air_Force_PB_2015.xml",
        "@RECORDID": "2c3a42ac96c574f3a05d311e38d1fd39e76b2eaa077eed338c2b56579168a566",
        "@ROWID": "0-2c1aa38a76565bbebff5953800a6fc95bb87d0e1c42f2c5aeda8bcb6b7382447",
        "@PARENTROWID": "0-37404011141377ac372b8789d18aff27351b08f28e4bf019a4d0ded40099f9fa",
        "@PARENT": "root.record.ItemExhibitList.P3AModificationItemGroup.ModificationItemList.ModificationItem.Installation.ImplementationMethodList.ImplementationMethod"
    },
    {
        "Name_val": "Air Force Active",
        "Cost_Quantity_BudgetYearOneBase_val": "160",
        "Cost_Quantity_BudgetYearOne_val": "160",
        "Cost_Quantity_BudgetYearTwo_val": "",
        "Cost_Quantity_CurrentYear_val": "",
        "Cost_TotalCost_BudgetYearOneBase_val": "1.588",
        "Cost_TotalCost_BudgetYearOne_val": "1.588",
        "Cost_TotalCost_BudgetYearTwo_val": "",
        "Cost_TotalCost_CurrentYear_val": "",
        "@SOURCE_FILENAME": "2015-BASE_PROCUREMENT-2015-AIRFORCE_AIRCRAFT_VOL2-PROCUREMENT_JustificationBook_Air_Force_PB_2015.zzz_unzipped-PROCUREMENT_JustificationBook_Air_Force_PB_2015.xml",
        "@RECORDID": "2c3a42ac96c574f3a05d311e38d1fd39e76b2eaa077eed338c2b56579168a566",
        "@ROWID": "0-cae2cf29b77bda6d3aeb43ea03deaea650850f73c1f0d6b605030aa37ce2c1c8",
        "@PARENTROWID": "0-a1f878de121930277334e878cb7ca42cb9efbc98096b0106b9472833727fc5c9",
        "@PARENT": "root.record.ItemExhibitList.P3AModificationItemGroup.ModificationItemList.ModificationItem.Installation.ImplementationMethodList.ImplementationMethod"
    },
    {
        "Name_val": "Air Force Active",
        "Cost_Quantity_BudgetYearOneBase_val": "12",
        "Cost_Quantity_BudgetYearOne_val": "12",
        "Cost_Quantity_BudgetYearTwo_val": "",
        "Cost_Quantity_CurrentYear_val": "",
        "Cost_TotalCost_BudgetYearOneBase_val": "0.32",
        "Cost_TotalCost_BudgetYearOne_val": "0.32",
        "Cost_TotalCost_BudgetYearTwo_val": "",
        "Cost_TotalCost_CurrentYear_val": "",
        "@SOURCE_FILENAME": "2015-BASE_PROCUREMENT-2015-AIRFORCE_AIRCRAFT_VOL2-PROCUREMENT_JustificationBook_Air_Force_PB_2015.zzz_unzipped-PROCUREMENT_JustificationBook_Air_Force_PB_2015.xml",
        "@RECORDID": "c18079498214be7c8507bd7289056635ea6ba000e7bb766e68a998d56e53f49a",
        "@ROWID": "0-0669147288deb3738509b53d1a666e69d11e610676a3e95deae110dad01cbc84",
        "@PARENTROWID": "0-2f34f84f64f0786730eb91f7801e304d3df5d3795b36e11f45ae537435c79351",
        "@PARENT": "root.record.ItemExhibitList.P3AModificationItemGroup.ModificationItemList.ModificationItem.Installation.ImplementationMethodList.ImplementationMethod"
    },
    {
        "Name_val": "Air Force Reserve",
        "Cost_Quantity_BudgetYearOneBase_val": "3",
        "Cost_Quantity_BudgetYearOne_val": "3",
        "Cost_Quantity_BudgetYearTwo_val": "",
        "Cost_Quantity_CurrentYear_val": "",
        "Cost_TotalCost_BudgetYearOneBase_val": "0.08",
        "Cost_TotalCost_BudgetYearOne_val": "0.08",
        "Cost_TotalCost_BudgetYearTwo_val": "",
        "Cost_TotalCost_CurrentYear_val": "",
        "@SOURCE_FILENAME": "2015-BASE_PROCUREMENT-2015-AIRFORCE_AIRCRAFT_VOL2-PROCUREMENT_JustificationBook_Air_Force_PB_2015.zzz_unzipped-PROCUREMENT_JustificationBook_Air_Force_PB_2015.xml",
        "@RECORDID": "c18079498214be7c8507bd7289056635ea6ba000e7bb766e68a998d56e53f49a",
        "@ROWID": "1-062fc2c0ef852646ef394915f75821ffae40d9c1217d5f8789159cce47ccd4b0",
        "@PARENTROWID": "0-2f34f84f64f0786730eb91f7801e304d3df5d3795b36e11f45ae537435c79351",
        "@PARENT": "root.record.ItemExhibitList.P3AModificationItemGroup.ModificationItemList.ModificationItem.Installation.ImplementationMethodList.ImplementationMethod"
    },
    {
        "Name_val": "Air Force Active",
        "Cost_Quantity_BudgetYearOneBase_val": "3",
        "Cost_Quantity_BudgetYearOne_val": "3",
        "Cost_Quantity_BudgetYearTwo_val": "",
        "Cost_Quantity_CurrentYear_val": "",
        "Cost_TotalCost_BudgetYearOneBase_val": "4.932",
        "Cost_TotalCost_BudgetYearOne_val": "4.932",
        "Cost_TotalCost_BudgetYearTwo_val": "",
        "Cost_TotalCost_CurrentYear_val": "",
        "@SOURCE_FILENAME": "2015-BASE_PROCUREMENT-2015-AIRFORCE_AIRCRAFT_VOL2-PROCUREMENT_JustificationBook_Air_Force_PB_2015.zzz_unzipped-PROCUREMENT_JustificationBook_Air_Force_PB_2015.xml",
        "@RECORDID": "c18079498214be7c8507bd7289056635ea6ba000e7bb766e68a998d56e53f49a",
        "@ROWID": "0-bd9dbcc59e888c5c99af071025f6d4e459330b9a3db83c4376c280651d5d8b31",
        "@PARENTROWID": "0-7503fa8de96f8d80e92675ffc85f9112f7428cc96d4502faa8fbd42fde44bf4a",
        "@PARENT": "root.record.ItemExhibitList.P3AModificationItemGroup.ModificationItemList.ModificationItem.Installation.ImplementationMethodList.ImplementationMethod"
    },
    {
        "Name_val": "Air Force Reserve",
        "Cost_Quantity_BudgetYearOneBase_val": "1",
        "Cost_Quantity_BudgetYearOne_val": "1",
        "Cost_Quantity_BudgetYearTwo_val": "",
        "Cost_Quantity_CurrentYear_val": "",
        "Cost_TotalCost_BudgetYearOneBase_val": "1.644",
        "Cost_TotalCost_BudgetYearOne_val": "1.644",
        "Cost_TotalCost_BudgetYearTwo_val": "",
        "Cost_TotalCost_CurrentYear_val": "",
        "@SOURCE_FILENAME": "2015-BASE_PROCUREMENT-2015-AIRFORCE_AIRCRAFT_VOL2-PROCUREMENT_JustificationBook_Air_Force_PB_2015.zzz_unzipped-PROCUREMENT_JustificationBook_Air_Force_PB_2015.xml",
        "@RECORDID": "c18079498214be7c8507bd7289056635ea6ba000e7bb766e68a998d56e53f49a",
        "@ROWID": "1-cdab3b33728e7a76863264747da4a52fa52f88fe03c3e4d575c52bdfd057f5cb",
        "@PARENTROWID": "0-7503fa8de96f8d80e92675ffc85f9112f7428cc96d4502faa8fbd42fde44bf4a",
        "@PARENT": "root.record.ItemExhibitList.P3AModificationItemGroup.ModificationItemList.ModificationItem.Installation.ImplementationMethodList.ImplementationMethod"
    },
    {
        "Name_val": "Air Force Active",
        "Cost_Quantity_BudgetYearOneBase_val": "12",
        "Cost_Quantity_BudgetYearOne_val": "12",
        "Cost_Quantity_BudgetYearTwo_val": "",
        "Cost_Quantity_CurrentYear_val": "",
        "Cost_TotalCost_BudgetYearOneBase_val": "2.351",
        "Cost_TotalCost_BudgetYearOne_val": "2.351",
        "Cost_TotalCost_BudgetYearTwo_val": "",
        "Cost_TotalCost_CurrentYear_val": "",
        "@SOURCE_FILENAME": "2015-BASE_PROCUREMENT-2015-AIRFORCE_AIRCRAFT_VOL2-PROCUREMENT_JustificationBook_Air_Force_PB_2015.zzz_unzipped-PROCUREMENT_JustificationBook_Air_Force_PB_2015.xml",
        "@RECORDID": "c18079498214be7c8507bd7289056635ea6ba000e7bb766e68a998d56e53f49a",
        "@ROWID": "0-93087f7a3a44a17c6b45867d6aaa3412b560fdc57f40857f68f05b0216a5a0b4",
        "@PARENTROWID": "0-6cf5eda4bf36fa3a3e72ff68a20a907b605afedc7082d7d4088fd2ce12ae7b15",
        "@PARENT": "root.record.ItemExhibitList.P3AModificationItemGroup.ModificationItemList.ModificationItem.Installation.ImplementationMethodList.ImplementationMethod"
    },
    {
        "Name_val": "Air Force Active",
        "Cost_Quantity_BudgetYearOneBase_val": "",
        "Cost_Quantity_BudgetYearOne_val": "",
        "Cost_Quantity_BudgetYearTwo_val": "",
        "Cost_Quantity_CurrentYear_val": "0",
        "Cost_TotalCost_BudgetYearOneBase_val": "",
        "Cost_TotalCost_BudgetYearOne_val": "",
        "Cost_TotalCost_BudgetYearTwo_val": "",
        "Cost_TotalCost_CurrentYear_val": "0.913",
        "@SOURCE_FILENAME": "2015-BASE_PROCUREMENT-2015-AIRFORCE_AIRCRAFT_VOL2-PROCUREMENT_JustificationBook_Air_Force_PB_2015.zzz_unzipped-PROCUREMENT_JustificationBook_Air_Force_PB_2015.xml",
        "@RECORDID": "ad2cbcd52887cfdbd4c4e64af0f936c986b469e78be0a9fa924477b8ad18fb8f",
        "@ROWID": "0-fbf8b875355c21e40fdd52fe06376fccffdb3fbab514a823cfb7945bbca545ec",
        "@PARENTROWID": "0-5b85ca24043434f26b412494f8ca18ef1ced3432b9a975c73d9a987753f1f1a7",
        "@PARENT": "root.record.ItemExhibitList.P3AModificationItemGroup.ModificationItemList.ModificationItem.Installation.ImplementationMethodList.ImplementationMethod"
    },
    {
        "Name_val": "Air Force Active",
        "Cost_Quantity_BudgetYearOneBase_val": "35",
        "Cost_Quantity_BudgetYearOne_val": "35",
        "Cost_Quantity_BudgetYearTwo_val": "",
        "Cost_Quantity_CurrentYear_val": "",
        "Cost_TotalCost_BudgetYearOneBase_val": "1.855",
        "Cost_TotalCost_BudgetYearOne_val": "1.855",
        "Cost_TotalCost_BudgetYearTwo_val": "",
        "Cost_TotalCost_CurrentYear_val": "",
        "@SOURCE_FILENAME": "2015-BASE_PROCUREMENT-2015-AIRFORCE_AIRCRAFT_VOL2-PROCUREMENT_JustificationBook_Air_Force_PB_2015.zzz_unzipped-PROCUREMENT_JustificationBook_Air_Force_PB_2015.xml",
        "@RECORDID": "37a9176d6819849bcd695141407bcbea7c3c0b02a6c4bbb6d05d22c664d601c4",
        "@ROWID": "0-7a60b2afc6796b9977dc02176cf26bbe6fc9567a079694674c3e631aa083a418",
        "@PARENTROWID": "0-3f7935fe1a1e81db91114075fefda0456ac43125d10a9afbe5baf0e645fbe72e",
        "@PARENT": "root.record.ItemExhibitList.P3AModificationItemGroup.ModificationItemList.ModificationItem.Installation.ImplementationMethodList.ImplementationMethod"
    },
    {
        "Name_val": "Air Force Active",
        "Cost_Quantity_BudgetYearOneBase_val": "44",
        "Cost_Quantity_BudgetYearOne_val": "44",
        "Cost_Quantity_BudgetYearTwo_val": "",
        "Cost_Quantity_CurrentYear_val": "",
        "Cost_TotalCost_BudgetYearOneBase_val": "2.279",
        "Cost_TotalCost_BudgetYearOne_val": "2.279",
        "Cost_TotalCost_BudgetYearTwo_val": "",
        "Cost_TotalCost_CurrentYear_val": "",
        "@SOURCE_FILENAME": "2015-BASE_PROCUREMENT-2015-AIRFORCE_AIRCRAFT_VOL2-PROCUREMENT_JustificationBook_Air_Force_PB_2015.zzz_unzipped-PROCUREMENT_JustificationBook_Air_Force_PB_2015.xml",
        "@RECORDID": "37a9176d6819849bcd695141407bcbea7c3c0b02a6c4bbb6d05d22c664d601c4",
        "@ROWID": "0-6eee19c542f8df4c86571534250c9e1b3824fd778444c6320d703e0ecb08ef4c",
        "@PARENTROWID": "0-7f01bfb63857b8fc164dfe66bf135b1ef8fd72b7da12b638b066d64b9d782354",
        "@PARENT": "root.record.ItemExhibitList.P3AModificationItemGroup.ModificationItemList.ModificationItem.Installation.ImplementationMethodList.ImplementationMethod"
    },
    {
        "Name_val": "Air Force Active",
        "Cost_Quantity_BudgetYearOneBase_val": "",
        "Cost_Quantity_BudgetYearOne_val": "",
        "Cost_Quantity_BudgetYearTwo_val": "",
        "Cost_Quantity_CurrentYear_val": "1733",
        "Cost_TotalCost_BudgetYearOneBase_val": "",
        "Cost_TotalCost_BudgetYearOne_val": "",
        "Cost_TotalCost_BudgetYearTwo_val": "",
        "Cost_TotalCost_CurrentYear_val": "44.927",
        "@SOURCE_FILENAME": "2015-BASE_PROCUREMENT-2015-AIRFORCE_AIRCRAFT_VOL2-PROCUREMENT_JustificationBook_Air_Force_PB_2015.zzz_unzipped-PROCUREMENT_JustificationBook_Air_Force_PB_2015.xml",
        "@RECORDID": "a8005ce497b4d26a96a0a73b3a202cd9ad0d2cb8833efae151bef5451667fd9e",
        "@ROWID": "0-a27cf8ac619c4f3bf1a4b0892edc0e6c1e5856fe57d18d499da4fbaa60cdd34d",
        "@PARENTROWID": "1-8946205e80fbd6dfb7966948588fe7807e1cfd7a3d35f597449e66b5f0707368",
        "@PARENT": "root.record.ItemExhibitList.P3AModificationItemGroup.ModificationItemList.ModificationItem.Installation.ImplementationMethodList.ImplementationMethod"
    },
    {
        "Name_val": "Air National Guard",
        "Cost_Quantity_BudgetYearOneBase_val": "",
        "Cost_Quantity_BudgetYearOne_val": "",
        "Cost_Quantity_BudgetYearTwo_val": "",
        "Cost_Quantity_CurrentYear_val": "324",
        "Cost_TotalCost_BudgetYearOneBase_val": "",
        "Cost_TotalCost_BudgetYearOne_val": "",
        "Cost_TotalCost_BudgetYearTwo_val": "",
        "Cost_TotalCost_CurrentYear_val": "10.335",
        "@SOURCE_FILENAME": "2015-BASE_PROCUREMENT-2015-AIRFORCE_AIRCRAFT_VOL2-PROCUREMENT_JustificationBook_Air_Force_PB_2015.zzz_unzipped-PROCUREMENT_JustificationBook_Air_Force_PB_2015.xml",
        "@RECORDID": "a8005ce497b4d26a96a0a73b3a202cd9ad0d2cb8833efae151bef5451667fd9e",
        "@ROWID": "1-f3abf36591b8456225d721d3f8e4ca8d243beab9b1c2a91ef9aedb86c91c4699",
        "@PARENTROWID": "1-8946205e80fbd6dfb7966948588fe7807e1cfd7a3d35f597449e66b5f0707368",
        "@PARENT": "root.record.ItemExhibitList.P3AModificationItemGroup.ModificationItemList.ModificationItem.Installation.ImplementationMethodList.ImplementationMethod"
    },
    {
        "Name_val": "Air Force Active",
        "Cost_Quantity_BudgetYearOneBase_val": "234",
        "Cost_Quantity_BudgetYearOne_val": "234",
        "Cost_Quantity_BudgetYearTwo_val": "",
        "Cost_Quantity_CurrentYear_val": "",
        "Cost_TotalCost_BudgetYearOneBase_val": "0.571",
        "Cost_TotalCost_BudgetYearOne_val": "0.571",
        "Cost_TotalCost_BudgetYearTwo_val": "",
        "Cost_TotalCost_CurrentYear_val": "",
        "@SOURCE_FILENAME": "2015-BASE_PROCUREMENT-2015-AIRFORCE_AIRCRAFT_VOL2-PROCUREMENT_JustificationBook_Air_Force_PB_2015.zzz_unzipped-PROCUREMENT_JustificationBook_Air_Force_PB_2015.xml",
        "@RECORDID": "a8005ce497b4d26a96a0a73b3a202cd9ad0d2cb8833efae151bef5451667fd9e",
        "@ROWID": "0-b461b7d88472b9baeac015ea765c6e603d8769695646536f388952737f763da3",
        "@PARENTROWID": "0-e9e8e1be547c9945b926fe554f085be9b141cf2ff1d4bd6c0412d665471ef9df",
        "@PARENT": "root.record.ItemExhibitList.P3AModificationItemGroup.ModificationItemList.ModificationItem.Installation.ImplementationMethodList.ImplementationMethod"
    },
    {
        "Name_val": "Air Force Active",
        "Cost_Quantity_BudgetYearOneBase_val": "938",
        "Cost_Quantity_BudgetYearOne_val": "938",
        "Cost_Quantity_BudgetYearTwo_val": "",
        "Cost_Quantity_CurrentYear_val": "",
        "Cost_TotalCost_BudgetYearOneBase_val": "2.282",
        "Cost_TotalCost_BudgetYearOne_val": "2.282",
        "Cost_TotalCost_BudgetYearTwo_val": "",
        "Cost_TotalCost_CurrentYear_val": "",
        "@SOURCE_FILENAME": "2015-BASE_PROCUREMENT-2015-AIRFORCE_AIRCRAFT_VOL2-PROCUREMENT_JustificationBook_Air_Force_PB_2015.zzz_unzipped-PROCUREMENT_JustificationBook_Air_Force_PB_2015.xml",
        "@RECORDID": "a8005ce497b4d26a96a0a73b3a202cd9ad0d2cb8833efae151bef5451667fd9e",
        "@ROWID": "0-54838870694232ab78c6deb52cf219c78241427dd6008c2ec14d11e678dfc1e0",
        "@PARENTROWID": "1-3ad8614db51a6313c7172c479eaf8e4d52850cfe00a17a4f43000ccab04ec939",
        "@PARENT": "root.record.ItemExhibitList.P3AModificationItemGroup.ModificationItemList.ModificationItem.Installation.ImplementationMethodList.ImplementationMethod"
    },
    {
        "Name_val": "Air National Guard",
        "Cost_Quantity_BudgetYearOneBase_val": "104",
        "Cost_Quantity_BudgetYearOne_val": "104",
        "Cost_Quantity_BudgetYearTwo_val": "",
        "Cost_Quantity_CurrentYear_val": "",
        "Cost_TotalCost_BudgetYearOneBase_val": "0.31",
        "Cost_TotalCost_BudgetYearOne_val": "0.31",
        "Cost_TotalCost_BudgetYearTwo_val": "",
        "Cost_TotalCost_CurrentYear_val": "",
        "@SOURCE_FILENAME": "2015-BASE_PROCUREMENT-2015-AIRFORCE_AIRCRAFT_VOL2-PROCUREMENT_JustificationBook_Air_Force_PB_2015.zzz_unzipped-PROCUREMENT_JustificationBook_Air_Force_PB_2015.xml",
        "@RECORDID": "a8005ce497b4d26a96a0a73b3a202cd9ad0d2cb8833efae151bef5451667fd9e",
        "@ROWID": "1-d238acd2c8679c438055cf502117f5f166665bdd2979eda0c990458be0a79dbb",
        "@PARENTROWID": "1-3ad8614db51a6313c7172c479eaf8e4d52850cfe00a17a4f43000ccab04ec939",
        "@PARENT": "root.record.ItemExhibitList.P3AModificationItemGroup.ModificationItemList.ModificationItem.Installation.ImplementationMethodList.ImplementationMethod"
    },
    {
        "Name_val": "Air Force Active",
        "Cost_Quantity_BudgetYearOneBase_val": "10",
        "Cost_Quantity_BudgetYearOne_val": "10",
        "Cost_Quantity_BudgetYearTwo_val": "",
        "Cost_Quantity_CurrentYear_val": "",
        "Cost_TotalCost_BudgetYearOneBase_val": "12.013",
        "Cost_TotalCost_BudgetYearOne_val": "12.013",
        "Cost_TotalCost_BudgetYearTwo_val": "",
        "Cost_TotalCost_CurrentYear_val": "",
        "@SOURCE_FILENAME": "2015-BASE_PROCUREMENT-2015-AIRFORCE_AIRCRAFT_VOL2-PROCUREMENT_JustificationBook_Air_Force_PB_2015.zzz_unzipped-PROCUREMENT_JustificationBook_Air_Force_PB_2015.xml",
        "@RECORDID": "a8005ce497b4d26a96a0a73b3a202cd9ad0d2cb8833efae151bef5451667fd9e",
        "@ROWID": "0-84ba881fbe5522ee6f9f6c744fafac47f54a32151814703c6e77f44e404adc8c",
        "@PARENTROWID": "0-fb9d6a56ad6b7c82aaf99726f76659128a8f05d60f1a774a4f0b703c36af81c4",
        "@PARENT": "root.record.ItemExhibitList.P3AModificationItemGroup.ModificationItemList.ModificationItem.Installation.ImplementationMethodList.ImplementationMethod"
    },
    {
        "Name_val": "Air Force Active",
        "Cost_Quantity_BudgetYearOneBase_val": "8",
        "Cost_Quantity_BudgetYearOne_val": "8",
        "Cost_Quantity_BudgetYearTwo_val": "",
        "Cost_Quantity_CurrentYear_val": "10",
        "Cost_TotalCost_BudgetYearOneBase_val": "6.925",
        "Cost_TotalCost_BudgetYearOne_val": "6.925",
        "Cost_TotalCost_BudgetYearTwo_val": "",
        "Cost_TotalCost_CurrentYear_val": "0.35",
        "@SOURCE_FILENAME": "2015-BASE_PROCUREMENT-2015-AIRFORCE_AIRCRAFT_VOL2-PROCUREMENT_JustificationBook_Air_Force_PB_2015.zzz_unzipped-PROCUREMENT_JustificationBook_Air_Force_PB_2015.xml",
        "@RECORDID": "a8005ce497b4d26a96a0a73b3a202cd9ad0d2cb8833efae151bef5451667fd9e",
        "@ROWID": "0-57678981865fe9597ab10cef15520ea4ea4adcccfa8fd0b3feef36578d48708f",
        "@PARENTROWID": "0-63b610fff62afe45eef6452ceb1c945dbe911dcdaacc613a6e3b45b2b8186f48",
        "@PARENT": "root.record.ItemExhibitList.P3AModificationItemGroup.ModificationItemList.ModificationItem.Installation.ImplementationMethodList.ImplementationMethod"
    },
    {
        "Name_val": "Air Force Reserve",
        "Cost_Quantity_BudgetYearOneBase_val": "11",
        "Cost_Quantity_BudgetYearOne_val": "11",
        "Cost_Quantity_BudgetYearTwo_val": "",
        "Cost_Quantity_CurrentYear_val": "",
        "Cost_TotalCost_BudgetYearOneBase_val": "254.23",
        "Cost_TotalCost_BudgetYearOne_val": "254.23",
        "Cost_TotalCost_BudgetYearTwo_val": "",
        "Cost_TotalCost_CurrentYear_val": "",
        "@SOURCE_FILENAME": "2015-BASE_PROCUREMENT-2015-AIRFORCE_AIRCRAFT_VOL2-PROCUREMENT_MasterJustificationBook_Air_Force_PB_2015.zzz_unzipped-PROCUREMENT_MasterJustificationBook_Air_Force_PB_2015.xml",
        "@RECORDID": "aa1014d1730217cf58bd0eb1cf9155036af0caca57bd2ece54304d573c8411a2",
        "@ROWID": "0-c814bccb06bb4b7086a36ea5aa346c9fc9e146e43bbf64ef57f1154eb2eb1fdb",
        "@PARENTROWID": "0-0cfbfdc78ef565913780c74971269b05d9ed0d35b755dec26a6e7b09f49a629c",
        "@PARENT": "root.record.ItemExhibitList.P3AModificationItemGroup.ModificationItemList.ModificationItem.Installation.ImplementationMethodList.ImplementationMethod"
    },
    {
        "Name_val": "Air Force Active",
        "Cost_Quantity_BudgetYearOneBase_val": "",
        "Cost_Quantity_BudgetYearOne_val": "",
        "Cost_Quantity_BudgetYearTwo_val": "28",
        "Cost_Quantity_CurrentYear_val": "",
        "Cost_TotalCost_BudgetYearOneBase_val": "",
        "Cost_TotalCost_BudgetYearOne_val": "",
        "Cost_TotalCost_BudgetYearTwo_val": "5.787",
        "Cost_TotalCost_CurrentYear_val": "",
        "@SOURCE_FILENAME": "2015-BASE_PROCUREMENT-2015-AIRFORCE_AIRCRAFT_VOL2-PROCUREMENT_MasterJustificationBook_Air_Force_PB_2015.zzz_unzipped-PROCUREMENT_MasterJustificationBook_Air_Force_PB_2015.xml",
        "@RECORDID": "e0b4c68aca5bcb28bf2a8d6314af11bf878587e1d5636a46ade0d81891a819a1",
        "@ROWID": "0-b4438b8c08c4071767af00375ca4e6f2df73ed945c27cce485d2fc23635e2e55",
        "@PARENTROWID": "0-775ed7313cb0c37969e236a63a22489afbe83a23f1641aa077e3dc3a604d2563",
        "@PARENT": "root.record.ItemExhibitList.P3AModificationItemGroup.ModificationItemList.ModificationItem.Installation.ImplementationMethodList.ImplementationMethod"
    },
    {
        "Name_val": "Air Force Reserve",
        "Cost_Quantity_BudgetYearOneBase_val": "",
        "Cost_Quantity_BudgetYearOne_val": "",
        "Cost_Quantity_BudgetYearTwo_val": "1",
        "Cost_Quantity_CurrentYear_val": "",
        "Cost_TotalCost_BudgetYearOneBase_val": "",
        "Cost_TotalCost_BudgetYearOne_val": "",
        "Cost_TotalCost_BudgetYearTwo_val": "0.207",
        "Cost_TotalCost_CurrentYear_val": "",
        "@SOURCE_FILENAME": "2015-BASE_PROCUREMENT-2015-AIRFORCE_AIRCRAFT_VOL2-PROCUREMENT_MasterJustificationBook_Air_Force_PB_2015.zzz_unzipped-PROCUREMENT_MasterJustificationBook_Air_Force_PB_2015.xml",
        "@RECORDID": "e0b4c68aca5bcb28bf2a8d6314af11bf878587e1d5636a46ade0d81891a819a1",
        "@ROWID": "1-4863a05915b3b13d0aab3899256dd20ba92d35387200df3877388d6e9b8818f6",
        "@PARENTROWID": "0-775ed7313cb0c37969e236a63a22489afbe83a23f1641aa077e3dc3a604d2563",
        "@PARENT": "root.record.ItemExhibitList.P3AModificationItemGroup.ModificationItemList.ModificationItem.Installation.ImplementationMethodList.ImplementationMethod"
    },
    {
        "Name_val": "Air Force Active",
        "Cost_Quantity_BudgetYearOneBase_val": "33",
        "Cost_Quantity_BudgetYearOne_val": "33",
        "Cost_Quantity_BudgetYearTwo_val": "",
        "Cost_Quantity_CurrentYear_val": "",
        "Cost_TotalCost_BudgetYearOneBase_val": "2.95",
        "Cost_TotalCost_BudgetYearOne_val": "2.95",
        "Cost_TotalCost_BudgetYearTwo_val": "",
        "Cost_TotalCost_CurrentYear_val": "",
        "@SOURCE_FILENAME": "2015-BASE_PROCUREMENT-2015-AIRFORCE_AIRCRAFT_VOL2-PROCUREMENT_MasterJustificationBook_Air_Force_PB_2015.zzz_unzipped-PROCUREMENT_MasterJustificationBook_Air_Force_PB_2015.xml",
        "@RECORDID": "e0b4c68aca5bcb28bf2a8d6314af11bf878587e1d5636a46ade0d81891a819a1",
        "@ROWID": "0-96db556e7f921d600bc061ab416edac1cedbba5206b3c493bf55d1d4e801ab4a",
        "@PARENTROWID": "0-95ff6d000ba37a5debf46ab360a139b252fa9247af2d849f705acb46bef7ab4c",
        "@PARENT": "root.record.ItemExhibitList.P3AModificationItemGroup.ModificationItemList.ModificationItem.Installation.ImplementationMethodList.ImplementationMethod"
    },
    {
        "Name_val": "Air Force Active",
        "Cost_Quantity_BudgetYearOneBase_val": "",
        "Cost_Quantity_BudgetYearOne_val": "",
        "Cost_Quantity_BudgetYearTwo_val": "2",
        "Cost_Quantity_CurrentYear_val": "",
        "Cost_TotalCost_BudgetYearOneBase_val": "",
        "Cost_TotalCost_BudgetYearOne_val": "",
        "Cost_TotalCost_BudgetYearTwo_val": "5.53",
        "Cost_TotalCost_CurrentYear_val": "",
        "@SOURCE_FILENAME": "2015-BASE_PROCUREMENT-2015-AIRFORCE_AIRCRAFT_VOL2-PROCUREMENT_MasterJustificationBook_Air_Force_PB_2015.zzz_unzipped-PROCUREMENT_MasterJustificationBook_Air_Force_PB_2015.xml",
        "@RECORDID": "e0b4c68aca5bcb28bf2a8d6314af11bf878587e1d5636a46ade0d81891a819a1",
        "@ROWID": "0-baa36a73b464b5f98a70cc46bc26f02e729f102cbb41fa465e84fe39e5584459",
        "@PARENTROWID": "0-9e85bfc034902b13671d8ecabcd71b4254dcef2cd9fc655c35f5615fca89f42b",
        "@PARENT": "root.record.ItemExhibitList.P3AModificationItemGroup.ModificationItemList.ModificationItem.Installation.ImplementationMethodList.ImplementationMethod"
    },
    {
        "Name_val": "Air Force Active",
        "Cost_Quantity_BudgetYearOneBase_val": "160",
        "Cost_Quantity_BudgetYearOne_val": "160",
        "Cost_Quantity_BudgetYearTwo_val": "",
        "Cost_Quantity_CurrentYear_val": "",
        "Cost_TotalCost_BudgetYearOneBase_val": "1.588",
        "Cost_TotalCost_BudgetYearOne_val": "1.588",
        "Cost_TotalCost_BudgetYearTwo_val": "",
        "Cost_TotalCost_CurrentYear_val": "",
        "@SOURCE_FILENAME": "2015-BASE_PROCUREMENT-2015-AIRFORCE_AIRCRAFT_VOL2-PROCUREMENT_MasterJustificationBook_Air_Force_PB_2015.zzz_unzipped-PROCUREMENT_MasterJustificationBook_Air_Force_PB_2015.xml",
        "@RECORDID": "e0b4c68aca5bcb28bf2a8d6314af11bf878587e1d5636a46ade0d81891a819a1",
        "@ROWID": "0-ace9dddb421b60730934e770c80006625a38d9294f544e857cb085cb193320cc",
        "@PARENTROWID": "0-19c82a7e5bac22941ca9092bd44b196a457235ccefa2b0b4d3d8f2d75eec7e4b",
        "@PARENT": "root.record.ItemExhibitList.P3AModificationItemGroup.ModificationItemList.ModificationItem.Installation.ImplementationMethodList.ImplementationMethod"
    },
    {
        "Name_val": "Air Force Active",
        "Cost_Quantity_BudgetYearOneBase_val": "12",
        "Cost_Quantity_BudgetYearOne_val": "12",
        "Cost_Quantity_BudgetYearTwo_val": "",
        "Cost_Quantity_CurrentYear_val": "",
        "Cost_TotalCost_BudgetYearOneBase_val": "0.32",
        "Cost_TotalCost_BudgetYearOne_val": "0.32",
        "Cost_TotalCost_BudgetYearTwo_val": "",
        "Cost_TotalCost_CurrentYear_val": "",
        "@SOURCE_FILENAME": "2015-BASE_PROCUREMENT-2015-AIRFORCE_AIRCRAFT_VOL2-PROCUREMENT_MasterJustificationBook_Air_Force_PB_2015.zzz_unzipped-PROCUREMENT_MasterJustificationBook_Air_Force_PB_2015.xml",
        "@RECORDID": "0b3cc84504de3dcd8d9b0ee78b03c6179e180dce85fc9cbee3b0fc0b68f603c4",
        "@ROWID": "0-10f1d4a77b1a573f8763bf0153de8ade8dc2c601459766df58987b300f19afdd",
        "@PARENTROWID": "0-eebd87b8c19d5357c07b202aaefa14b264efb59ef815d6352742d57a3084c5d1",
        "@PARENT": "root.record.ItemExhibitList.P3AModificationItemGroup.ModificationItemList.ModificationItem.Installation.ImplementationMethodList.ImplementationMethod"
    },
    {
        "Name_val": "Air Force Reserve",
        "Cost_Quantity_BudgetYearOneBase_val": "3",
        "Cost_Quantity_BudgetYearOne_val": "3",
        "Cost_Quantity_BudgetYearTwo_val": "",
        "Cost_Quantity_CurrentYear_val": "",
        "Cost_TotalCost_BudgetYearOneBase_val": "0.08",
        "Cost_TotalCost_BudgetYearOne_val": "0.08",
        "Cost_TotalCost_BudgetYearTwo_val": "",
        "Cost_TotalCost_CurrentYear_val": "",
        "@SOURCE_FILENAME": "2015-BASE_PROCUREMENT-2015-AIRFORCE_AIRCRAFT_VOL2-PROCUREMENT_MasterJustificationBook_Air_Force_PB_2015.zzz_unzipped-PROCUREMENT_MasterJustificationBook_Air_Force_PB_2015.xml",
        "@RECORDID": "0b3cc84504de3dcd8d9b0ee78b03c6179e180dce85fc9cbee3b0fc0b68f603c4",
        "@ROWID": "1-fec1b3361a1d40c2a28a10f23e51c5d1d611bd02feaaf006fb8333a469366fd7",
        "@PARENTROWID": "0-eebd87b8c19d5357c07b202aaefa14b264efb59ef815d6352742d57a3084c5d1",
        "@PARENT": "root.record.ItemExhibitList.P3AModificationItemGroup.ModificationItemList.ModificationItem.Installation.ImplementationMethodList.ImplementationMethod"
    },
    {
        "Name_val": "Air Force Active",
        "Cost_Quantity_BudgetYearOneBase_val": "3",
        "Cost_Quantity_BudgetYearOne_val": "3",
        "Cost_Quantity_BudgetYearTwo_val": "",
        "Cost_Quantity_CurrentYear_val": "",
        "Cost_TotalCost_BudgetYearOneBase_val": "4.932",
        "Cost_TotalCost_BudgetYearOne_val": "4.932",
        "Cost_TotalCost_BudgetYearTwo_val": "",
        "Cost_TotalCost_CurrentYear_val": "",
        "@SOURCE_FILENAME": "2015-BASE_PROCUREMENT-2015-AIRFORCE_AIRCRAFT_VOL2-PROCUREMENT_MasterJustificationBook_Air_Force_PB_2015.zzz_unzipped-PROCUREMENT_MasterJustificationBook_Air_Force_PB_2015.xml",
        "@RECORDID": "0b3cc84504de3dcd8d9b0ee78b03c6179e180dce85fc9cbee3b0fc0b68f603c4",
        "@ROWID": "0-71c65a63506875256a7ee7176c343d16caada8e385ac0fa28966acb29d9dfb47",
        "@PARENTROWID": "0-dbe57f53456a8e285923a0294caecb20cb80b45b25200dd35634a4f5ef1fc6df",
        "@PARENT": "root.record.ItemExhibitList.P3AModificationItemGroup.ModificationItemList.ModificationItem.Installation.ImplementationMethodList.ImplementationMethod"
    },
    {
        "Name_val": "Air Force Reserve",
        "Cost_Quantity_BudgetYearOneBase_val": "1",
        "Cost_Quantity_BudgetYearOne_val": "1",
        "Cost_Quantity_BudgetYearTwo_val": "",
        "Cost_Quantity_CurrentYear_val": "",
        "Cost_TotalCost_BudgetYearOneBase_val": "1.644",
        "Cost_TotalCost_BudgetYearOne_val": "1.644",
        "Cost_TotalCost_BudgetYearTwo_val": "",
        "Cost_TotalCost_CurrentYear_val": "",
        "@SOURCE_FILENAME": "2015-BASE_PROCUREMENT-2015-AIRFORCE_AIRCRAFT_VOL2-PROCUREMENT_MasterJustificationBook_Air_Force_PB_2015.zzz_unzipped-PROCUREMENT_MasterJustificationBook_Air_Force_PB_2015.xml",
        "@RECORDID": "0b3cc84504de3dcd8d9b0ee78b03c6179e180dce85fc9cbee3b0fc0b68f603c4",
        "@ROWID": "1-946776477a97f54ddaa86b9012efe6ea2239b864203a96572d8939ccb275687f",
        "@PARENTROWID": "0-dbe57f53456a8e285923a0294caecb20cb80b45b25200dd35634a4f5ef1fc6df",
        "@PARENT": "root.record.ItemExhibitList.P3AModificationItemGroup.ModificationItemList.ModificationItem.Installation.ImplementationMethodList.ImplementationMethod"
    },
    {
        "Name_val": "Air Force Active",
        "Cost_Quantity_BudgetYearOneBase_val": "12",
        "Cost_Quantity_BudgetYearOne_val": "12",
        "Cost_Quantity_BudgetYearTwo_val": "",
        "Cost_Quantity_CurrentYear_val": "",
        "Cost_TotalCost_BudgetYearOneBase_val": "2.351",
        "Cost_TotalCost_BudgetYearOne_val": "2.351",
        "Cost_TotalCost_BudgetYearTwo_val": "",
        "Cost_TotalCost_CurrentYear_val": "",
        "@SOURCE_FILENAME": "2015-BASE_PROCUREMENT-2015-AIRFORCE_AIRCRAFT_VOL2-PROCUREMENT_MasterJustificationBook_Air_Force_PB_2015.zzz_unzipped-PROCUREMENT_MasterJustificationBook_Air_Force_PB_2015.xml",
        "@RECORDID": "0b3cc84504de3dcd8d9b0ee78b03c6179e180dce85fc9cbee3b0fc0b68f603c4",
        "@ROWID": "0-a63f6c6a96969ef11a922306543e27c06c0559e2cf46884935204a77b55a9b14",
        "@PARENTROWID": "0-7c0e1abba9b349d3d777951c116f610415391a61aee5e36a7cac7787564e3ba0",
        "@PARENT": "root.record.ItemExhibitList.P3AModificationItemGroup.ModificationItemList.ModificationItem.Installation.ImplementationMethodList.ImplementationMethod"
    },
    {
        "Name_val": "Air Force Active",
        "Cost_Quantity_BudgetYearOneBase_val": "",
        "Cost_Quantity_BudgetYearOne_val": "",
        "Cost_Quantity_BudgetYearTwo_val": "",
        "Cost_Quantity_CurrentYear_val": "0",
        "Cost_TotalCost_BudgetYearOneBase_val": "",
        "Cost_TotalCost_BudgetYearOne_val": "",
        "Cost_TotalCost_BudgetYearTwo_val": "",
        "Cost_TotalCost_CurrentYear_val": "0.913",
        "@SOURCE_FILENAME": "2015-BASE_PROCUREMENT-2015-AIRFORCE_AIRCRAFT_VOL2-PROCUREMENT_MasterJustificationBook_Air_Force_PB_2015.zzz_unzipped-PROCUREMENT_MasterJustificationBook_Air_Force_PB_2015.xml",
        "@RECORDID": "915b03b5c79079cef74c1f5fed99ff94d2a961666ffa690a638fb838766b41c1",
        "@ROWID": "0-32e92f6a37b8ef69602330a2e62d1e54ed3aa9275868730e5a914f4aba6c9934",
        "@PARENTROWID": "0-86e33d25fb492f40bebd2810681b481a1ceb6ae87ca728d981baa45066c049bc",
        "@PARENT": "root.record.ItemExhibitList.P3AModificationItemGroup.ModificationItemList.ModificationItem.Installation.ImplementationMethodList.ImplementationMethod"
    },
    {
        "Name_val": "Air Force Active",
        "Cost_Quantity_BudgetYearOneBase_val": "35",
        "Cost_Quantity_BudgetYearOne_val": "35",
        "Cost_Quantity_BudgetYearTwo_val": "",
        "Cost_Quantity_CurrentYear_val": "",
        "Cost_TotalCost_BudgetYearOneBase_val": "1.855",
        "Cost_TotalCost_BudgetYearOne_val": "1.855",
        "Cost_TotalCost_BudgetYearTwo_val": "",
        "Cost_TotalCost_CurrentYear_val": "",
        "@SOURCE_FILENAME": "2015-BASE_PROCUREMENT-2015-AIRFORCE_AIRCRAFT_VOL2-PROCUREMENT_MasterJustificationBook_Air_Force_PB_2015.zzz_unzipped-PROCUREMENT_MasterJustificationBook_Air_Force_PB_2015.xml",
        "@RECORDID": "855eae1cbb61b6501bc214ee71975773395e237741d724826b960bf4c434431a",
        "@ROWID": "0-f11ec414b1a3c810b40669e112204c7acccf57a57d8d13b76253e450d46ff92b",
        "@PARENTROWID": "0-093c6709582261b4313cee340f28ece624cd1d3cdfe372a128f29cb4a71dd321",
        "@PARENT": "root.record.ItemExhibitList.P3AModificationItemGroup.ModificationItemList.ModificationItem.Installation.ImplementationMethodList.ImplementationMethod"
    },
    {
        "Name_val": "Air Force Active",
        "Cost_Quantity_BudgetYearOneBase_val": "44",
        "Cost_Quantity_BudgetYearOne_val": "44",
        "Cost_Quantity_BudgetYearTwo_val": "",
        "Cost_Quantity_CurrentYear_val": "",
        "Cost_TotalCost_BudgetYearOneBase_val": "2.279",
        "Cost_TotalCost_BudgetYearOne_val": "2.279",
        "Cost_TotalCost_BudgetYearTwo_val": "",
        "Cost_TotalCost_CurrentYear_val": "",
        "@SOURCE_FILENAME": "2015-BASE_PROCUREMENT-2015-AIRFORCE_AIRCRAFT_VOL2-PROCUREMENT_MasterJustificationBook_Air_Force_PB_2015.zzz_unzipped-PROCUREMENT_MasterJustificationBook_Air_Force_PB_2015.xml",
        "@RECORDID": "855eae1cbb61b6501bc214ee71975773395e237741d724826b960bf4c434431a",
        "@ROWID": "0-6c7490f693b42fe89965f9453404c03760b41d20b21956903cd61066c6413b35",
        "@PARENTROWID": "0-e689d29bfcbe019879fd87c71f3e0f9e0da097dc46a06bce986d84015a70218b",
        "@PARENT": "root.record.ItemExhibitList.P3AModificationItemGroup.ModificationItemList.ModificationItem.Installation.ImplementationMethodList.ImplementationMethod"
    },
    {
        "Name_val": "Air Force Active",
        "Cost_Quantity_BudgetYearOneBase_val": "",
        "Cost_Quantity_BudgetYearOne_val": "",
        "Cost_Quantity_BudgetYearTwo_val": "",
        "Cost_Quantity_CurrentYear_val": "1733",
        "Cost_TotalCost_BudgetYearOneBase_val": "",
        "Cost_TotalCost_BudgetYearOne_val": "",
        "Cost_TotalCost_BudgetYearTwo_val": "",
        "Cost_TotalCost_CurrentYear_val": "44.927",
        "@SOURCE_FILENAME": "2015-BASE_PROCUREMENT-2015-AIRFORCE_AIRCRAFT_VOL2-PROCUREMENT_MasterJustificationBook_Air_Force_PB_2015.zzz_unzipped-PROCUREMENT_MasterJustificationBook_Air_Force_PB_2015.xml",
        "@RECORDID": "e0999d2b89817dbe0cc954d07a44ef1ad1938f20a6bca9d4306e26527654e26d",
        "@ROWID": "0-6f7f5a4ff9b00b66accb01f765ffd4b77a0851c2d252cd82b30503c4832aea3f",
        "@PARENTROWID": "1-ba5a781dd725ef3b499cd84c07fbe044bc0dc77f14bad73ba6ae5562184dd111",
        "@PARENT": "root.record.ItemExhibitList.P3AModificationItemGroup.ModificationItemList.ModificationItem.Installation.ImplementationMethodList.ImplementationMethod"
    },
    {
        "Name_val": "Air National Guard",
        "Cost_Quantity_BudgetYearOneBase_val": "",
        "Cost_Quantity_BudgetYearOne_val": "",
        "Cost_Quantity_BudgetYearTwo_val": "",
        "Cost_Quantity_CurrentYear_val": "324",
        "Cost_TotalCost_BudgetYearOneBase_val": "",
        "Cost_TotalCost_BudgetYearOne_val": "",
        "Cost_TotalCost_BudgetYearTwo_val": "",
        "Cost_TotalCost_CurrentYear_val": "10.335",
        "@SOURCE_FILENAME": "2015-BASE_PROCUREMENT-2015-AIRFORCE_AIRCRAFT_VOL2-PROCUREMENT_MasterJustificationBook_Air_Force_PB_2015.zzz_unzipped-PROCUREMENT_MasterJustificationBook_Air_Force_PB_2015.xml",
        "@RECORDID": "e0999d2b89817dbe0cc954d07a44ef1ad1938f20a6bca9d4306e26527654e26d",
        "@ROWID": "1-bbd947333773d00a331c764a18a6748393f2a5771aa311413da0accdfaf6665a",
        "@PARENTROWID": "1-ba5a781dd725ef3b499cd84c07fbe044bc0dc77f14bad73ba6ae5562184dd111",
        "@PARENT": "root.record.ItemExhibitList.P3AModificationItemGroup.ModificationItemList.ModificationItem.Installation.ImplementationMethodList.ImplementationMethod"
    },
    {
        "Name_val": "Air Force Active",
        "Cost_Quantity_BudgetYearOneBase_val": "234",
        "Cost_Quantity_BudgetYearOne_val": "234",
        "Cost_Quantity_BudgetYearTwo_val": "",
        "Cost_Quantity_CurrentYear_val": "",
        "Cost_TotalCost_BudgetYearOneBase_val": "0.571",
        "Cost_TotalCost_BudgetYearOne_val": "0.571",
        "Cost_TotalCost_BudgetYearTwo_val": "",
        "Cost_TotalCost_CurrentYear_val": "",
        "@SOURCE_FILENAME": "2015-BASE_PROCUREMENT-2015-AIRFORCE_AIRCRAFT_VOL2-PROCUREMENT_MasterJustificationBook_Air_Force_PB_2015.zzz_unzipped-PROCUREMENT_MasterJustificationBook_Air_Force_PB_2015.xml",
        "@RECORDID": "e0999d2b89817dbe0cc954d07a44ef1ad1938f20a6bca9d4306e26527654e26d",
        "@ROWID": "0-d22030f71a6f1e3fda4ded3cf25ab4beb5f2e3aab7956fd723793242bc4d049d",
        "@PARENTROWID": "0-6bf3aac48d487eeb1b369fa7d3cf92875c72645dd26a107628ce7ecb3a12b814",
        "@PARENT": "root.record.ItemExhibitList.P3AModificationItemGroup.ModificationItemList.ModificationItem.Installation.ImplementationMethodList.ImplementationMethod"
    },
    {
        "Name_val": "Air Force Active",
        "Cost_Quantity_BudgetYearOneBase_val": "938",
        "Cost_Quantity_BudgetYearOne_val": "938",
        "Cost_Quantity_BudgetYearTwo_val": "",
        "Cost_Quantity_CurrentYear_val": "",
        "Cost_TotalCost_BudgetYearOneBase_val": "2.282",
        "Cost_TotalCost_BudgetYearOne_val": "2.282",
        "Cost_TotalCost_BudgetYearTwo_val": "",
        "Cost_TotalCost_CurrentYear_val": "",
        "@SOURCE_FILENAME": "2015-BASE_PROCUREMENT-2015-AIRFORCE_AIRCRAFT_VOL2-PROCUREMENT_MasterJustificationBook_Air_Force_PB_2015.zzz_unzipped-PROCUREMENT_MasterJustificationBook_Air_Force_PB_2015.xml",
        "@RECORDID": "e0999d2b89817dbe0cc954d07a44ef1ad1938f20a6bca9d4306e26527654e26d",
        "@ROWID": "0-2fdd954b244dc76b33bd6cc85186df7f114b0fabd0ed8f07edabad8d35269e18",
        "@PARENTROWID": "1-68e6c4e3316d66082b07907326f16ac2dc242be677e4ef1f74051359d4d07fee",
        "@PARENT": "root.record.ItemExhibitList.P3AModificationItemGroup.ModificationItemList.ModificationItem.Installation.ImplementationMethodList.ImplementationMethod"
    },
    {
        "Name_val": "Air National Guard",
        "Cost_Quantity_BudgetYearOneBase_val": "104",
        "Cost_Quantity_BudgetYearOne_val": "104",
        "Cost_Quantity_BudgetYearTwo_val": "",
        "Cost_Quantity_CurrentYear_val": "",
        "Cost_TotalCost_BudgetYearOneBase_val": "0.31",
        "Cost_TotalCost_BudgetYearOne_val": "0.31",
        "Cost_TotalCost_BudgetYearTwo_val": "",
        "Cost_TotalCost_CurrentYear_val": "",
        "@SOURCE_FILENAME": "2015-BASE_PROCUREMENT-2015-AIRFORCE_AIRCRAFT_VOL2-PROCUREMENT_MasterJustificationBook_Air_Force_PB_2015.zzz_unzipped-PROCUREMENT_MasterJustificationBook_Air_Force_PB_2015.xml",
        "@RECORDID": "e0999d2b89817dbe0cc954d07a44ef1ad1938f20a6bca9d4306e26527654e26d",
        "@ROWID": "1-78c5aec3946d80aa8fa264167ee072e025c4eec8da8f2a925fb3decb99030173",
        "@PARENTROWID": "1-68e6c4e3316d66082b07907326f16ac2dc242be677e4ef1f74051359d4d07fee",
        "@PARENT": "root.record.ItemExhibitList.P3AModificationItemGroup.ModificationItemList.ModificationItem.Installation.ImplementationMethodList.ImplementationMethod"
    },
    {
        "Name_val": "Air Force Active",
        "Cost_Quantity_BudgetYearOneBase_val": "10",
        "Cost_Quantity_BudgetYearOne_val": "10",
        "Cost_Quantity_BudgetYearTwo_val": "",
        "Cost_Quantity_CurrentYear_val": "",
        "Cost_TotalCost_BudgetYearOneBase_val": "12.013",
        "Cost_TotalCost_BudgetYearOne_val": "12.013",
        "Cost_TotalCost_BudgetYearTwo_val": "",
        "Cost_TotalCost_CurrentYear_val": "",
        "@SOURCE_FILENAME": "2015-BASE_PROCUREMENT-2015-AIRFORCE_AIRCRAFT_VOL2-PROCUREMENT_MasterJustificationBook_Air_Force_PB_2015.zzz_unzipped-PROCUREMENT_MasterJustificationBook_Air_Force_PB_2015.xml",
        "@RECORDID": "e0999d2b89817dbe0cc954d07a44ef1ad1938f20a6bca9d4306e26527654e26d",
        "@ROWID": "0-7245b82c9fb47910934f7444a72d70fa7dfe8ef07ae695058c13a2e72ba4366f",
        "@PARENTROWID": "0-c7d751639336ca01f70a4ec200716aa4580ab3250a14053a4ac7cf898b30a5f7",
        "@PARENT": "root.record.ItemExhibitList.P3AModificationItemGroup.ModificationItemList.ModificationItem.Installation.ImplementationMethodList.ImplementationMethod"
    },
    {
        "Name_val": "Air Force Active",
        "Cost_Quantity_BudgetYearOneBase_val": "8",
        "Cost_Quantity_BudgetYearOne_val": "8",
        "Cost_Quantity_BudgetYearTwo_val": "",
        "Cost_Quantity_CurrentYear_val": "10",
        "Cost_TotalCost_BudgetYearOneBase_val": "6.925",
        "Cost_TotalCost_BudgetYearOne_val": "6.925",
        "Cost_TotalCost_BudgetYearTwo_val": "",
        "Cost_TotalCost_CurrentYear_val": "0.35",
        "@SOURCE_FILENAME": "2015-BASE_PROCUREMENT-2015-AIRFORCE_AIRCRAFT_VOL2-PROCUREMENT_MasterJustificationBook_Air_Force_PB_2015.zzz_unzipped-PROCUREMENT_MasterJustificationBook_Air_Force_PB_2015.xml",
        "@RECORDID": "e0999d2b89817dbe0cc954d07a44ef1ad1938f20a6bca9d4306e26527654e26d",
        "@ROWID": "0-c0ef797aee4ac2e75e504736be0f423ca7a3112097436baee3fe71f5db8f938e",
        "@PARENTROWID": "0-5d1f8d30a38052ba474f24e187232e34b7b9f481d963ae57bfc485c1d0c61a70",
        "@PARENT": "root.record.ItemExhibitList.P3AModificationItemGroup.ModificationItemList.ModificationItem.Installation.ImplementationMethodList.ImplementationMethod"
    },
    {
        "Name_val": "Air Force Active",
        "Cost_Quantity_BudgetYearOneBase_val": "",
        "Cost_Quantity_BudgetYearOne_val": "",
        "Cost_Quantity_BudgetYearTwo_val": "",
        "Cost_Quantity_CurrentYear_val": "31",
        "Cost_TotalCost_BudgetYearOneBase_val": "",
        "Cost_TotalCost_BudgetYearOne_val": "",
        "Cost_TotalCost_BudgetYearTwo_val": "",
        "Cost_TotalCost_CurrentYear_val": "1.922",
        "@SOURCE_FILENAME": "2015-BASE_PROCUREMENT-2015-AIRFORCE_OTHER-PROCUREMENT_JustificationBook_Air_Force_PB_2015.zzz_unzipped-PROCUREMENT_JustificationBook_Air_Force_PB_2015.xml",
        "@RECORDID": "468bc985f6e66df36e06ea9a96c28ec64edcebf0d6674e83420127564b1094c0",
        "@ROWID": "0-8b0e80f6f79eefa94e10b18c996edd09ff34f4ee79458289a80fd1222557d3de",
        "@PARENTROWID": "0-965abe7e19177d93a88e1e8def8033a0431376da74ac71893465823563e8b971",
        "@PARENT": "root.record.ItemExhibitList.P3AModificationItemGroup.ModificationItemList.ModificationItem.Installation.ImplementationMethodList.ImplementationMethod"
    },
    {
        "Name_val": "Air National Guard",
        "Cost_Quantity_BudgetYearOneBase_val": "",
        "Cost_Quantity_BudgetYearOne_val": "",
        "Cost_Quantity_BudgetYearTwo_val": "",
        "Cost_Quantity_CurrentYear_val": "2",
        "Cost_TotalCost_BudgetYearOneBase_val": "",
        "Cost_TotalCost_BudgetYearOne_val": "",
        "Cost_TotalCost_BudgetYearTwo_val": "",
        "Cost_TotalCost_CurrentYear_val": "0.124",
        "@SOURCE_FILENAME": "2015-BASE_PROCUREMENT-2015-AIRFORCE_OTHER-PROCUREMENT_JustificationBook_Air_Force_PB_2015.zzz_unzipped-PROCUREMENT_JustificationBook_Air_Force_PB_2015.xml",
        "@RECORDID": "468bc985f6e66df36e06ea9a96c28ec64edcebf0d6674e83420127564b1094c0",
        "@ROWID": "1-1c9b131cab07941c014b90bd040765b64253bb8211fe22b4219ca2ebad50d399",
        "@PARENTROWID": "0-965abe7e19177d93a88e1e8def8033a0431376da74ac71893465823563e8b971",
        "@PARENT": "root.record.ItemExhibitList.P3AModificationItemGroup.ModificationItemList.ModificationItem.Installation.ImplementationMethodList.ImplementationMethod"
    },
    {
        "Name_val": "Air Force Reserve",
        "Cost_Quantity_BudgetYearOneBase_val": "",
        "Cost_Quantity_BudgetYearOne_val": "",
        "Cost_Quantity_BudgetYearTwo_val": "",
        "Cost_Quantity_CurrentYear_val": "6",
        "Cost_TotalCost_BudgetYearOneBase_val": "",
        "Cost_TotalCost_BudgetYearOne_val": "",
        "Cost_TotalCost_BudgetYearTwo_val": "",
        "Cost_TotalCost_CurrentYear_val": "0.372",
        "@SOURCE_FILENAME": "2015-BASE_PROCUREMENT-2015-AIRFORCE_OTHER-PROCUREMENT_JustificationBook_Air_Force_PB_2015.zzz_unzipped-PROCUREMENT_JustificationBook_Air_Force_PB_2015.xml",
        "@RECORDID": "468bc985f6e66df36e06ea9a96c28ec64edcebf0d6674e83420127564b1094c0",
        "@ROWID": "2-293ed272729235e0b1a8d1c7a987242435d041d57631d69f504778de792c2d0e",
        "@PARENTROWID": "0-965abe7e19177d93a88e1e8def8033a0431376da74ac71893465823563e8b971",
        "@PARENT": "root.record.ItemExhibitList.P3AModificationItemGroup.ModificationItemList.ModificationItem.Installation.ImplementationMethodList.ImplementationMethod"
    },
    {
        "Name_val": "Air Force Active",
        "Cost_Quantity_BudgetYearOneBase_val": "",
        "Cost_Quantity_BudgetYearOne_val": "",
        "Cost_Quantity_BudgetYearTwo_val": "",
        "Cost_Quantity_CurrentYear_val": "31",
        "Cost_TotalCost_BudgetYearOneBase_val": "",
        "Cost_TotalCost_BudgetYearOne_val": "",
        "Cost_TotalCost_BudgetYearTwo_val": "",
        "Cost_TotalCost_CurrentYear_val": "1.922",
        "@SOURCE_FILENAME": "2015-BASE_PROCUREMENT-2015-AIRFORCE_OTHER-PROCUREMENT_MasterJustificationBook_Air_Force_PB_2015.zzz_unzipped-PROCUREMENT_MasterJustificationBook_Air_Force_PB_2015.xml",
        "@RECORDID": "38574a0eb107b9f7269a65b5cd9e3370a0cecba368536b676cf0c3e78bac69ac",
        "@ROWID": "0-b009dd8a55f445161804c4ffab458d0342528f8463a2070e93584dd8ffe00ea0",
        "@PARENTROWID": "0-fe612527d42cedc8d418a264f8b5287e0d20fd64ff7cf56a7036c4a075bbc8dd",
        "@PARENT": "root.record.ItemExhibitList.P3AModificationItemGroup.ModificationItemList.ModificationItem.Installation.ImplementationMethodList.ImplementationMethod"
    },
    {
        "Name_val": "Air National Guard",
        "Cost_Quantity_BudgetYearOneBase_val": "",
        "Cost_Quantity_BudgetYearOne_val": "",
        "Cost_Quantity_BudgetYearTwo_val": "",
        "Cost_Quantity_CurrentYear_val": "2",
        "Cost_TotalCost_BudgetYearOneBase_val": "",
        "Cost_TotalCost_BudgetYearOne_val": "",
        "Cost_TotalCost_BudgetYearTwo_val": "",
        "Cost_TotalCost_CurrentYear_val": "0.124",
        "@SOURCE_FILENAME": "2015-BASE_PROCUREMENT-2015-AIRFORCE_OTHER-PROCUREMENT_MasterJustificationBook_Air_Force_PB_2015.zzz_unzipped-PROCUREMENT_MasterJustificationBook_Air_Force_PB_2015.xml",
        "@RECORDID": "38574a0eb107b9f7269a65b5cd9e3370a0cecba368536b676cf0c3e78bac69ac",
        "@ROWID": "1-457a9f5694d566b787d98cb87883f53fd838e12fb38773d975fb3b9042f78e61",
        "@PARENTROWID": "0-fe612527d42cedc8d418a264f8b5287e0d20fd64ff7cf56a7036c4a075bbc8dd",
        "@PARENT": "root.record.ItemExhibitList.P3AModificationItemGroup.ModificationItemList.ModificationItem.Installation.ImplementationMethodList.ImplementationMethod"
    },
    {
        "Name_val": "Air Force Reserve",
        "Cost_Quantity_BudgetYearOneBase_val": "",
        "Cost_Quantity_BudgetYearOne_val": "",
        "Cost_Quantity_BudgetYearTwo_val": "",
        "Cost_Quantity_CurrentYear_val": "6",
        "Cost_TotalCost_BudgetYearOneBase_val": "",
        "Cost_TotalCost_BudgetYearOne_val": "",
        "Cost_TotalCost_BudgetYearTwo_val": "",
        "Cost_TotalCost_CurrentYear_val": "0.372",
        "@SOURCE_FILENAME": "2015-BASE_PROCUREMENT-2015-AIRFORCE_OTHER-PROCUREMENT_MasterJustificationBook_Air_Force_PB_2015.zzz_unzipped-PROCUREMENT_MasterJustificationBook_Air_Force_PB_2015.xml",
        "@RECORDID": "38574a0eb107b9f7269a65b5cd9e3370a0cecba368536b676cf0c3e78bac69ac",
        "@ROWID": "2-4086f6251ea94b310088b7915b6a65feee09a83ceb41d84f01aaea412be345cc",
        "@PARENTROWID": "0-fe612527d42cedc8d418a264f8b5287e0d20fd64ff7cf56a7036c4a075bbc8dd",
        "@PARENT": "root.record.ItemExhibitList.P3AModificationItemGroup.ModificationItemList.ModificationItem.Installation.ImplementationMethodList.ImplementationMethod"
    }
]