FiscalYear_val,PCOLocation_val,AwardDate_val,FirstDeliveryDate_val,Quantity_val,UnitCost_val,SpecsAvailableNow_val,RFPIssueDate_val,ContractMethod_val,ContractType_val,@SOURCE_FILENAME,@RECORDID,@ROWID,FundingVehicle_val,RevisionsAvailableDate_val,@PARENTROWID,@PARENT
"2010","LAAFB, CA","2011-12","2016-01","2","47.995","true","2007-07","C","CPAF","2015-BASE_PROCUREMENT-2015-AIRFORCE_MISSILE-PROCUREMENT_JustificationBook_Air_Force_PB_2015.zzz_unzipped-PROCUREMENT_JustificationBook_Air_Force_PB_2015.xml","27d3e87bb2fc7e3e342a740b15883c038cc1395873b8ef70810bbcfee7a54946","0-7507f0ded4a454f11284bd4d734fa36f1fb9eea15ce6625c1cca098219ce10f2","","","0-a6f2b15746a600bdb55853b4eb0434ca02daa121326a97d972e700061231af9a","root.record.ItemExhibitList.P5Item.P10AdvanceProcurement.APCostElementCategoryList.Other.APCostElement"
"2012","LAAFB, CA","2013-04","2017-01","2","40.732","true","2012-08","SS","FPIF","2015-BASE_PROCUREMENT-2015-AIRFORCE_MISSILE-PROCUREMENT_JustificationBook_Air_Force_PB_2015.zzz_unzipped-PROCUREMENT_JustificationBook_Air_Force_PB_2015.xml","27d3e87bb2fc7e3e342a740b15883c038cc1395873b8ef70810bbcfee7a54946","1-f4640e4d40d0020ab580928ef62af57e251d1e6d409f13d4e4a669a305fa493e","","","0-a6f2b15746a600bdb55853b4eb0434ca02daa121326a97d972e700061231af9a","root.record.ItemExhibitList.P5Item.P10AdvanceProcurement.APCostElementCategoryList.Other.APCostElement"
"2013","LAAFB, CA","2013-04","2017-12","2","41.254","true","2012-08","SS","FPIF","2015-BASE_PROCUREMENT-2015-AIRFORCE_MISSILE-PROCUREMENT_JustificationBook_Air_Force_PB_2015.zzz_unzipped-PROCUREMENT_JustificationBook_Air_Force_PB_2015.xml","27d3e87bb2fc7e3e342a740b15883c038cc1395873b8ef70810bbcfee7a54946","2-ae20501391c65874ec6a3063b11e96e788bdb881a14876100601b2c42e69b2c1","","","0-a6f2b15746a600bdb55853b4eb0434ca02daa121326a97d972e700061231af9a","root.record.ItemExhibitList.P5Item.P10AdvanceProcurement.APCostElementCategoryList.Other.APCostElement"
"2014","LAAFB, CA","2014-04","2018-08","1","52.167","true","2007-07","C","CPAF","2015-BASE_PROCUREMENT-2015-AIRFORCE_MISSILE-PROCUREMENT_JustificationBook_Air_Force_PB_2015.zzz_unzipped-PROCUREMENT_JustificationBook_Air_Force_PB_2015.xml","27d3e87bb2fc7e3e342a740b15883c038cc1395873b8ef70810bbcfee7a54946","0-c3871f88d92170eaccbbda7bb0fd5806907173d787e6cf3a9784ecea4d35c8dd","","","0-9aa833edd1e21f350c2b4b4ee06aa74b5065b57aa64aa50188347d68739a5d32","root.record.ItemExhibitList.P5Item.P10AdvanceProcurement.APCostElementCategoryList.Other.APCostElement"
"2015","LAAFB, CA","2015-04","2018-12","1","57.000","true","2007-07","C","CPAF","2015-BASE_PROCUREMENT-2015-AIRFORCE_MISSILE-PROCUREMENT_JustificationBook_Air_Force_PB_2015.zzz_unzipped-PROCUREMENT_JustificationBook_Air_Force_PB_2015.xml","27d3e87bb2fc7e3e342a740b15883c038cc1395873b8ef70810bbcfee7a54946","1-cf5de702496fc516389e9992ac4d9e254b29a63c09d4ac3a2d53a69b18f86270","","","0-9aa833edd1e21f350c2b4b4ee06aa74b5065b57aa64aa50188347d68739a5d32","root.record.ItemExhibitList.P5Item.P10AdvanceProcurement.APCostElementCategoryList.Other.APCostElement"
"2010","LAAFB, CA","2011-12","2016-01","2","47.995","true","2007-07","C","CPAF","2015-BASE_PROCUREMENT-2015-AIRFORCE_MISSILE-PROCUREMENT_MasterJustificationBook_Air_Force_PB_2015.zzz_unzipped-PROCUREMENT_MasterJustificationBook_Air_Force_PB_2015.xml","33b3b0ad5835d13cc15e7e273b3a3b0e797b8b7474e6a63df610479ef30e8683","0-6cf8fd69bff8a22f91dd126124d31173cbddbc1696484bf34d0786064a521cd0","","","0-ba25413ff2fca028825620760c472b918c5c51cb702a821fcf949b9f1150507d","root.record.ItemExhibitList.P5Item.P10AdvanceProcurement.APCostElementCategoryList.Other.APCostElement"
"2012","LAAFB, CA","2013-04","2017-01","2","40.732","true","2012-08","SS","FPIF","2015-BASE_PROCUREMENT-2015-AIRFORCE_MISSILE-PROCUREMENT_MasterJustificationBook_Air_Force_PB_2015.zzz_unzipped-PROCUREMENT_MasterJustificationBook_Air_Force_PB_2015.xml","33b3b0ad5835d13cc15e7e273b3a3b0e797b8b7474e6a63df610479ef30e8683","1-154dea36c16485026393ce38848631fc72bbf59e27f829e5218bdfc517f83c06","","","0-ba25413ff2fca028825620760c472b918c5c51cb702a821fcf949b9f1150507d","root.record.ItemExhibitList.P5Item.P10AdvanceProcurement.APCostElementCategoryList.Other.APCostElement"
"2013","LAAFB, CA","2013-04","2017-12","2","41.254","true","2012-08","SS","FPIF","2015-BASE_PROCUREMENT-2015-AIRFORCE_MISSILE-PROCUREMENT_MasterJustificationBook_Air_Force_PB_2015.zzz_unzipped-PROCUREMENT_MasterJustificationBook_Air_Force_PB_2015.xml","33b3b0ad5835d13cc15e7e273b3a3b0e797b8b7474e6a63df610479ef30e8683","2-8c79517ba7be142719d35f28d93cbbea44c4811029f3ac4899a059b226594c9d","","","0-ba25413ff2fca028825620760c472b918c5c51cb702a821fcf949b9f1150507d","root.record.ItemExhibitList.P5Item.P10AdvanceProcurement.APCostElementCategoryList.Other.APCostElement"
"2014","LAAFB, CA","2014-04","2018-08","1","52.167","true","2007-07","C","CPAF","2015-BASE_PROCUREMENT-2015-AIRFORCE_MISSILE-PROCUREMENT_MasterJustificationBook_Air_Force_PB_2015.zzz_unzipped-PROCUREMENT_MasterJustificationBook_Air_Force_PB_2015.xml","33b3b0ad5835d13cc15e7e273b3a3b0e797b8b7474e6a63df610479ef30e8683","0-4c6f28504df583f5b79a2b5d03e00e4bf47b5181a0ea4999db9bf95d7ccad172","","","0-3a3e2f5b1cbb3e46102a77ca809bd04929dc5cfbdcd26fcc6a1f3f2f3d3694dc","root.record.ItemExhibitList.P5Item.P10AdvanceProcurement.APCostElementCategoryList.Other.APCostElement"
"2015","LAAFB, CA","2015-04","2018-12","1","57.000","true","2007-07","C","CPAF","2015-BASE_PROCUREMENT-2015-AIRFORCE_MISSILE-PROCUREMENT_MasterJustificationBook_Air_Force_PB_2015.zzz_unzipped-PROCUREMENT_MasterJustificationBook_Air_Force_PB_2015.xml","33b3b0ad5835d13cc15e7e273b3a3b0e797b8b7474e6a63df610479ef30e8683","1-64eb635d73b76e26e851e57e89f8ff3398c3e59c347caa6a5d90fcc605160533","","","0-3a3e2f5b1cbb3e46102a77ca809bd04929dc5cfbdcd26fcc6a1f3f2f3d3694dc","root.record.ItemExhibitList.P5Item.P10AdvanceProcurement.APCostElementCategoryList.Other.APCostElement"
"2013","See End Item P-5A","2014-01","2015-01","108000","1.002","","","","","2015-BASE_PROCUREMENT-2015-ARMY_AIRCRAFT-PROCUREMENT_JustificationBook_Army_PB_2015.zzz_unzipped-PROCUREMENT_JustificationBook_Army_PB_2015.xml","62f6ef9a043a9fec682788a7de44311e99dedee29bd5c341afa6fde24eb5828a","0-5fd2c518ac43c9a96334076ef80780379ac3c4e1a1959bb0d151c221957c4857","Various","","0-6be3e97dae1852d3aa24e3a6b2d6b326f19f73fb81612f71b5d119732b9bd43f","root.record.ItemExhibitList.P5Item.P10AdvanceProcurement.APCostElementCategoryList.Other.APCostElement"
"2014","See End Item P-5A","2015-01","2016-01","151000","1.002","","","","","2015-BASE_PROCUREMENT-2015-ARMY_AIRCRAFT-PROCUREMENT_JustificationBook_Army_PB_2015.zzz_unzipped-PROCUREMENT_JustificationBook_Army_PB_2015.xml","62f6ef9a043a9fec682788a7de44311e99dedee29bd5c341afa6fde24eb5828a","1-0317afe8694fed65ab2c30bf122f6ed6c2191f2e73db499ef7700e2e4a650a79","Various","","0-6be3e97dae1852d3aa24e3a6b2d6b326f19f73fb81612f71b5d119732b9bd43f","root.record.ItemExhibitList.P5Item.P10AdvanceProcurement.APCostElementCategoryList.Other.APCostElement"
"2015","See End Item P-5A","2016-01","2016-01","157000","1.002","","","","","2015-BASE_PROCUREMENT-2015-ARMY_AIRCRAFT-PROCUREMENT_JustificationBook_Army_PB_2015.zzz_unzipped-PROCUREMENT_JustificationBook_Army_PB_2015.xml","62f6ef9a043a9fec682788a7de44311e99dedee29bd5c341afa6fde24eb5828a","2-8c896d1c33d56190e25794ec4eea01752d62de01bc474d2e4429230e5ec3124f","Various","","0-6be3e97dae1852d3aa24e3a6b2d6b326f19f73fb81612f71b5d119732b9bd43f","root.record.ItemExhibitList.P5Item.P10AdvanceProcurement.APCostElementCategoryList.Other.APCostElement"
"2013","See End Item P-5A","2014-01","2015-01","146121.000","0","","","","","2015-BASE_PROCUREMENT-2015-ARMY_AIRCRAFT-PROCUREMENT_JustificationBook_Army_PB_2015.zzz_unzipped-PROCUREMENT_JustificationBook_Army_PB_2015.xml","2bdce7c18153efee420e7677d1e5f3e6ba384304fd1aecc685db4f2c5604c74c","0-847adbcce5d991044e926b065423f9d863ff61cf0e7a71e5815a344a2478c07f","Various","","0-612f94b0f60725e2a8f9ccc44cb62cede8255f2c06068cdc6eecbb693b0aca8b","root.record.ItemExhibitList.P5Item.P10AdvanceProcurement.APCostElementCategoryList.Other.APCostElement"
"2013","See End Item P-5A","2014-01","2015-07","39000","0.909","","","","","2015-BASE_PROCUREMENT-2015-ARMY_AIRCRAFT-PROCUREMENT_JustificationBook_Army_PB_2015.zzz_unzipped-PROCUREMENT_JustificationBook_Army_PB_2015.xml","fd4b9a1a29f6b7830f84536375508fd7a710871d0b914e998de479d348ca9efb","0-7348b5cbdf2ffd43550114e2e544531d2043c7128bb8babb1c88cb1639f70817","Various","","0-489c30eb8a453e2a4947a63abc2bc78a02598cffaa5b97c47f6fe47c8ee28519","root.record.ItemExhibitList.P5Item.P10AdvanceProcurement.APCostElementCategoryList.Other.APCostElement"
"2014","See End Item P-5A","2014-02","2015-08","65000","0.909","","","","","2015-BASE_PROCUREMENT-2015-ARMY_AIRCRAFT-PROCUREMENT_JustificationBook_Army_PB_2015.zzz_unzipped-PROCUREMENT_JustificationBook_Army_PB_2015.xml","fd4b9a1a29f6b7830f84536375508fd7a710871d0b914e998de479d348ca9efb","1-bb7e723df31e4c013e0d5f376c3b99cb1692cc971e6ea12ad7d135e5f8561210","Various","","0-489c30eb8a453e2a4947a63abc2bc78a02598cffaa5b97c47f6fe47c8ee28519","root.record.ItemExhibitList.P5Item.P10AdvanceProcurement.APCostElementCategoryList.Other.APCostElement"
"2015","See End Item P-5A","2015-01","2015-01","47000","0.909","","","","","2015-BASE_PROCUREMENT-2015-ARMY_AIRCRAFT-PROCUREMENT_JustificationBook_Army_PB_2015.zzz_unzipped-PROCUREMENT_JustificationBook_Army_PB_2015.xml","fd4b9a1a29f6b7830f84536375508fd7a710871d0b914e998de479d348ca9efb","2-5c7eeee301d3355353f11f48439f30ed98658b325139275116c500ad8767c2fe","Various","","0-489c30eb8a453e2a4947a63abc2bc78a02598cffaa5b97c47f6fe47c8ee28519","root.record.ItemExhibitList.P5Item.P10AdvanceProcurement.APCostElementCategoryList.Other.APCostElement"
"2013","See End Item P-5A","2014-01","2014-07","39000","0.098","","","","","2015-BASE_PROCUREMENT-2015-ARMY_AIRCRAFT-PROCUREMENT_JustificationBook_Army_PB_2015.zzz_unzipped-PROCUREMENT_JustificationBook_Army_PB_2015.xml","fd4b9a1a29f6b7830f84536375508fd7a710871d0b914e998de479d348ca9efb","0-572d7a92a5c48378fb5dac7e588544802f32dd85e9fe9b364ea6ebdd69ace141","Various","","1-ba0db1d16e6decae30a2e8a323ffede9be030b3eeabd85b2b893bfa07a35ecc3","root.record.ItemExhibitList.P5Item.P10AdvanceProcurement.APCostElementCategoryList.Other.APCostElement"
"2014","See End Item P-5A","2014-02","2014-08","65000","0.098","","","","","2015-BASE_PROCUREMENT-2015-ARMY_AIRCRAFT-PROCUREMENT_JustificationBook_Army_PB_2015.zzz_unzipped-PROCUREMENT_JustificationBook_Army_PB_2015.xml","fd4b9a1a29f6b7830f84536375508fd7a710871d0b914e998de479d348ca9efb","1-d65483d708d48abe34cad5bcfd0a17e4c73179217fee993511237fe74618c36b","Various","","1-ba0db1d16e6decae30a2e8a323ffede9be030b3eeabd85b2b893bfa07a35ecc3","root.record.ItemExhibitList.P5Item.P10AdvanceProcurement.APCostElementCategoryList.Other.APCostElement"
"2015","See End Item P-5A","2015-01","2015-01","47000","0.098","","","","","2015-BASE_PROCUREMENT-2015-ARMY_AIRCRAFT-PROCUREMENT_JustificationBook_Army_PB_2015.zzz_unzipped-PROCUREMENT_JustificationBook_Army_PB_2015.xml","fd4b9a1a29f6b7830f84536375508fd7a710871d0b914e998de479d348ca9efb","2-50f7fa18d140ad17ed01dd7f1cbab002c31ac10471547bd39a265a74c167dc07","Various","","1-ba0db1d16e6decae30a2e8a323ffede9be030b3eeabd85b2b893bfa07a35ecc3","root.record.ItemExhibitList.P5Item.P10AdvanceProcurement.APCostElementCategoryList.Other.APCostElement"
"2013","See End Item P-5A","2014-01","2015-03","78000","0.744","","","","","2015-BASE_PROCUREMENT-2015-ARMY_AIRCRAFT-PROCUREMENT_JustificationBook_Army_PB_2015.zzz_unzipped-PROCUREMENT_JustificationBook_Army_PB_2015.xml","fd4b9a1a29f6b7830f84536375508fd7a710871d0b914e998de479d348ca9efb","0-d524847f8fd9a86dd7b4b089fca0a0ca0df1cf29ed5a288cf0f6b369b67f0d3a","Various","","2-da471cc003ced21d2902647a17b7c875ac48bf3bd141165ecbaeec38e577b53a","root.record.ItemExhibitList.P5Item.P10AdvanceProcurement.APCostElementCategoryList.Other.APCostElement"
"2014","See End Item P-5A","2014-02","2015-04","130000","0.744","","","","","2015-BASE_PROCUREMENT-2015-ARMY_AIRCRAFT-PROCUREMENT_JustificationBook_Army_PB_2015.zzz_unzipped-PROCUREMENT_JustificationBook_Army_PB_2015.xml","fd4b9a1a29f6b7830f84536375508fd7a710871d0b914e998de479d348ca9efb","1-7f9ce66ccbcd57c84701c738c218b16ef0d50c340e6aede8273696c62e88a5b1","Various","","2-da471cc003ced21d2902647a17b7c875ac48bf3bd141165ecbaeec38e577b53a","root.record.ItemExhibitList.P5Item.P10AdvanceProcurement.APCostElementCategoryList.Other.APCostElement"
"2015","See End Item P-5A","2015-01","2015-01","94000","0.744","","","","","2015-BASE_PROCUREMENT-2015-ARMY_AIRCRAFT-PROCUREMENT_JustificationBook_Army_PB_2015.zzz_unzipped-PROCUREMENT_JustificationBook_Army_PB_2015.xml","fd4b9a1a29f6b7830f84536375508fd7a710871d0b914e998de479d348ca9efb","2-acdf2231872ea175331d1ddade71829ac2876ee7212b2c10319dcef42b40a071","Various","","2-da471cc003ced21d2902647a17b7c875ac48bf3bd141165ecbaeec38e577b53a","root.record.ItemExhibitList.P5Item.P10AdvanceProcurement.APCostElementCategoryList.Other.APCostElement"
"2013","See End Item P-5A","2014-01","2015-01","78000","0.121","","","","","2015-BASE_PROCUREMENT-2015-ARMY_AIRCRAFT-PROCUREMENT_JustificationBook_Army_PB_2015.zzz_unzipped-PROCUREMENT_JustificationBook_Army_PB_2015.xml","fd4b9a1a29f6b7830f84536375508fd7a710871d0b914e998de479d348ca9efb","0-52689fb5a84ffe157f3cae2c0bbab40dfcfd005f2b44832d513f68b6da576e92","Various","","3-03165eb75d80f20e622ed60556e8b31783aa3c9c09d776e45154bd6fbd12ed7b","root.record.ItemExhibitList.P5Item.P10AdvanceProcurement.APCostElementCategoryList.Other.APCostElement"
"2014","See End Item P-5A","2014-02","2015-02","130000","0.121","","","","","2015-BASE_PROCUREMENT-2015-ARMY_AIRCRAFT-PROCUREMENT_JustificationBook_Army_PB_2015.zzz_unzipped-PROCUREMENT_JustificationBook_Army_PB_2015.xml","fd4b9a1a29f6b7830f84536375508fd7a710871d0b914e998de479d348ca9efb","1-7d2ddb27a07a39729de8c45b187875466e9390190d4cd9c46658e559c78f6495","Various","","3-03165eb75d80f20e622ed60556e8b31783aa3c9c09d776e45154bd6fbd12ed7b","root.record.ItemExhibitList.P5Item.P10AdvanceProcurement.APCostElementCategoryList.Other.APCostElement"
"2015","See End Item P-5A","2015-01","2015-01","94000","0.121","","","","","2015-BASE_PROCUREMENT-2015-ARMY_AIRCRAFT-PROCUREMENT_JustificationBook_Army_PB_2015.zzz_unzipped-PROCUREMENT_JustificationBook_Army_PB_2015.xml","fd4b9a1a29f6b7830f84536375508fd7a710871d0b914e998de479d348ca9efb","2-0aec02729b97c416a24fe0da8d5c7611a937f2ee6a139d2e1f50d027b251999a","Various","","3-03165eb75d80f20e622ed60556e8b31783aa3c9c09d776e45154bd6fbd12ed7b","root.record.ItemExhibitList.P5Item.P10AdvanceProcurement.APCostElementCategoryList.Other.APCostElement"
"2013","See End Item P-5A","2014-01","2014-10","39000","0.073","","","","","2015-BASE_PROCUREMENT-2015-ARMY_AIRCRAFT-PROCUREMENT_JustificationBook_Army_PB_2015.zzz_unzipped-PROCUREMENT_JustificationBook_Army_PB_2015.xml","fd4b9a1a29f6b7830f84536375508fd7a710871d0b914e998de479d348ca9efb","0-4bf41f55d8f6d80aa0f52129e9d289f4e26cbd1c357efea951c954c0638d3044","Various","","4-c6a43732933b51adc99bce33196564a3e17b5bc83429c295bd6101fc48823358","root.record.ItemExhibitList.P5Item.P10AdvanceProcurement.APCostElementCategoryList.Other.APCostElement"
"2014","See End Item P-5A","2014-02","2014-11","65000","0.073","","","","","2015-BASE_PROCUREMENT-2015-ARMY_AIRCRAFT-PROCUREMENT_JustificationBook_Army_PB_2015.zzz_unzipped-PROCUREMENT_JustificationBook_Army_PB_2015.xml","fd4b9a1a29f6b7830f84536375508fd7a710871d0b914e998de479d348ca9efb","1-f727f65cb2286b7309359a0ff0ab1549b89f74d53db2002c1bc3d2269dc0d972","Various","","4-c6a43732933b51adc99bce33196564a3e17b5bc83429c295bd6101fc48823358","root.record.ItemExhibitList.P5Item.P10AdvanceProcurement.APCostElementCategoryList.Other.APCostElement"
"2015","See End Item P-5A","2015-01","2015-01","47000","0.073","","","","","2015-BASE_PROCUREMENT-2015-ARMY_AIRCRAFT-PROCUREMENT_JustificationBook_Army_PB_2015.zzz_unzipped-PROCUREMENT_JustificationBook_Army_PB_2015.xml","fd4b9a1a29f6b7830f84536375508fd7a710871d0b914e998de479d348ca9efb","2-96358ff1d024e57ec2eb8f2e3a017c815e6813c3c06a7ee539bffde8822eb90d","Various","","4-c6a43732933b51adc99bce33196564a3e17b5bc83429c295bd6101fc48823358","root.record.ItemExhibitList.P5Item.P10AdvanceProcurement.APCostElementCategoryList.Other.APCostElement"
"2013","See End Item P-5A","2013-01","2014-08","7698.000","1","","","","","2015-BASE_PROCUREMENT-2015-ARMY_MISSLE-PROCUREMENT_JustificationBook_Army_PB_2015.zzz_unzipped-PROCUREMENT_JustificationBook_Army_PB_2015.xml","722a40da3be7b01ec420e03ad622a1883abd6d254e969c30e850f4d31ce0dc24","0-624499292bdf7eed37ac3632a5b635f53067cd1e6bf564816dc0014793d72238","Various","","0-32ae5e4f82e163134eb5d1176273b332313553c34c4ae72625e8673d91c6d270","root.record.ItemExhibitList.P5Item.P10AdvanceProcurement.APCostElementCategoryList.Other.APCostElement"
"2014","See End Item P-5A","2014-01","2015-08","6999.000","1","","","","","2015-BASE_PROCUREMENT-2015-ARMY_MISSLE-PROCUREMENT_JustificationBook_Army_PB_2015.zzz_unzipped-PROCUREMENT_JustificationBook_Army_PB_2015.xml","722a40da3be7b01ec420e03ad622a1883abd6d254e969c30e850f4d31ce0dc24","1-091ce82e149b52a4349de176ff26a4b1ecd904be502cd21738d2698f2e44e3b9","Various","","0-32ae5e4f82e163134eb5d1176273b332313553c34c4ae72625e8673d91c6d270","root.record.ItemExhibitList.P5Item.P10AdvanceProcurement.APCostElementCategoryList.Other.APCostElement"
"2015","See End Item P-5A","2015-01","2015-01","7018.000","1","","","","","2015-BASE_PROCUREMENT-2015-ARMY_MISSLE-PROCUREMENT_JustificationBook_Army_PB_2015.zzz_unzipped-PROCUREMENT_JustificationBook_Army_PB_2015.xml","722a40da3be7b01ec420e03ad622a1883abd6d254e969c30e850f4d31ce0dc24","2-df801fc8a27d02505b74071653e1c42b8a7274f53697059d062b32dde9485979","Various","","0-32ae5e4f82e163134eb5d1176273b332313553c34c4ae72625e8673d91c6d270","root.record.ItemExhibitList.P5Item.P10AdvanceProcurement.APCostElementCategoryList.Other.APCostElement"
"2013","See End Item P-5A","2013-01","2014-03","1537.000","1","","","","","2015-BASE_PROCUREMENT-2015-ARMY_MISSLE-PROCUREMENT_JustificationBook_Army_PB_2015.zzz_unzipped-PROCUREMENT_JustificationBook_Army_PB_2015.xml","722a40da3be7b01ec420e03ad622a1883abd6d254e969c30e850f4d31ce0dc24","0-bbbf793f67c9144e60591bb51d917857a3a07dc5a8ea7168ae4f9854561ba79c","Various","","1-5e5b9e7ce5803821d45934c886fb254bfe2c006aec632198b1f70afd26f270ef","root.record.ItemExhibitList.P5Item.P10AdvanceProcurement.APCostElementCategoryList.Other.APCostElement"
"2014","See End Item P-5A","2014-01","2015-03","905.000","1","","","","","2015-BASE_PROCUREMENT-2015-ARMY_MISSLE-PROCUREMENT_JustificationBook_Army_PB_2015.zzz_unzipped-PROCUREMENT_JustificationBook_Army_PB_2015.xml","722a40da3be7b01ec420e03ad622a1883abd6d254e969c30e850f4d31ce0dc24","1-aea17f0e5521b9d7793bad93cdd5f3fc8120c143b64a16254cc7916c2f2deaf6","Various","","1-5e5b9e7ce5803821d45934c886fb254bfe2c006aec632198b1f70afd26f270ef","root.record.ItemExhibitList.P5Item.P10AdvanceProcurement.APCostElementCategoryList.Other.APCostElement"
"2015","See End Item P-5A","2015-01","2015-01","905.000","1","","","","","2015-BASE_PROCUREMENT-2015-ARMY_MISSLE-PROCUREMENT_JustificationBook_Army_PB_2015.zzz_unzipped-PROCUREMENT_JustificationBook_Army_PB_2015.xml","722a40da3be7b01ec420e03ad622a1883abd6d254e969c30e850f4d31ce0dc24","2-a599e0c07d9435ebc4af5ca007a35dbd8933661be258db3883998a110584dbe9","Various","","1-5e5b9e7ce5803821d45934c886fb254bfe2c006aec632198b1f70afd26f270ef","root.record.ItemExhibitList.P5Item.P10AdvanceProcurement.APCostElementCategoryList.Other.APCostElement"
"2013","See End Item P-5A","2013-01","2014-01","289.000","1","","","","","2015-BASE_PROCUREMENT-2015-ARMY_MISSLE-PROCUREMENT_JustificationBook_Army_PB_2015.zzz_unzipped-PROCUREMENT_JustificationBook_Army_PB_2015.xml","722a40da3be7b01ec420e03ad622a1883abd6d254e969c30e850f4d31ce0dc24","0-5d1232773a2714ceb82e18e5d0d45373127cacac68369f540b2604f2140782b1","Various","","2-ef1fb81ad8f93029736a09db915a8dfdfecad0cabeace699d614585ba7006ccf","root.record.ItemExhibitList.P5Item.P10AdvanceProcurement.APCostElementCategoryList.Other.APCostElement"
"2014","See End Item P-5A","2014-01","2015-01","170.00","1","","","","","2015-BASE_PROCUREMENT-2015-ARMY_MISSLE-PROCUREMENT_JustificationBook_Army_PB_2015.zzz_unzipped-PROCUREMENT_JustificationBook_Army_PB_2015.xml","722a40da3be7b01ec420e03ad622a1883abd6d254e969c30e850f4d31ce0dc24","1-9cafa5c47f89fbc975dc6364d91d438aa294bc98272e045b7009ff4f0f453e89","Various","","2-ef1fb81ad8f93029736a09db915a8dfdfecad0cabeace699d614585ba7006ccf","root.record.ItemExhibitList.P5Item.P10AdvanceProcurement.APCostElementCategoryList.Other.APCostElement"
"2015","See End Item P-5A","2015-01","2015-01","170.00","1","","","","","2015-BASE_PROCUREMENT-2015-ARMY_MISSLE-PROCUREMENT_JustificationBook_Army_PB_2015.zzz_unzipped-PROCUREMENT_JustificationBook_Army_PB_2015.xml","722a40da3be7b01ec420e03ad622a1883abd6d254e969c30e850f4d31ce0dc24","2-3b1e6a953eebf2720fe79833f1637bc66a194f37df5b83043c39d407a0eaacd5","Various","","2-ef1fb81ad8f93029736a09db915a8dfdfecad0cabeace699d614585ba7006ccf","root.record.ItemExhibitList.P5Item.P10AdvanceProcurement.APCostElementCategoryList.Other.APCostElement"
"2013","See End Item P-5A","2013-01","2014-07","4705.000","1","","","","","2015-BASE_PROCUREMENT-2015-ARMY_MISSLE-PROCUREMENT_JustificationBook_Army_PB_2015.zzz_unzipped-PROCUREMENT_JustificationBook_Army_PB_2015.xml","722a40da3be7b01ec420e03ad622a1883abd6d254e969c30e850f4d31ce0dc24","0-0e54a2ac3eae1b3b2713f8d0735e27a28dbf2e324888eeec2d82617d49df9523","Various","","3-e8721f008764a3b26dff4af99ca790b6b4c20f67a664ebca287194885e1d8359","root.record.ItemExhibitList.P5Item.P10AdvanceProcurement.APCostElementCategoryList.Other.APCostElement"
"2014","See End Item P-5A","2014-01","2015-07","8533.000","1","","","","","2015-BASE_PROCUREMENT-2015-ARMY_MISSLE-PROCUREMENT_JustificationBook_Army_PB_2015.zzz_unzipped-PROCUREMENT_JustificationBook_Army_PB_2015.xml","722a40da3be7b01ec420e03ad622a1883abd6d254e969c30e850f4d31ce0dc24","1-1d5a46919e682e9befcc6917c9da88666f2f249dbabee86bc8fb584f931332bb","Various","","3-e8721f008764a3b26dff4af99ca790b6b4c20f67a664ebca287194885e1d8359","root.record.ItemExhibitList.P5Item.P10AdvanceProcurement.APCostElementCategoryList.Other.APCostElement"
"2015","See End Item P-5A","2015-01","2015-01","8533.000","1","","","","","2015-BASE_PROCUREMENT-2015-ARMY_MISSLE-PROCUREMENT_JustificationBook_Army_PB_2015.zzz_unzipped-PROCUREMENT_JustificationBook_Army_PB_2015.xml","722a40da3be7b01ec420e03ad622a1883abd6d254e969c30e850f4d31ce0dc24","2-1874f4b88ebbc60ea78a7dac76916d65c7ead1495d97a5dbab107d4f09bc7b5f","Various","","3-e8721f008764a3b26dff4af99ca790b6b4c20f67a664ebca287194885e1d8359","root.record.ItemExhibitList.P5Item.P10AdvanceProcurement.APCostElementCategoryList.Other.APCostElement"
"2013","See End Item P-5A","2013-01","2014-02","2628.000","1","","","","","2015-BASE_PROCUREMENT-2015-ARMY_MISSLE-PROCUREMENT_JustificationBook_Army_PB_2015.zzz_unzipped-PROCUREMENT_JustificationBook_Army_PB_2015.xml","722a40da3be7b01ec420e03ad622a1883abd6d254e969c30e850f4d31ce0dc24","0-59d1068f4539521193a19031b302c1b8daf15feb353c869e4ba94960eb065419","Various","","4-7c05a47a4f14787047eeb0d35cc1b1f4ac3656906bed79c34b97fd42e9bb04b1","root.record.ItemExhibitList.P5Item.P10AdvanceProcurement.APCostElementCategoryList.Other.APCostElement"
"2014","See End Item P-5A","2014-01","2015-02","1548.000","1","","","","","2015-BASE_PROCUREMENT-2015-ARMY_MISSLE-PROCUREMENT_JustificationBook_Army_PB_2015.zzz_unzipped-PROCUREMENT_JustificationBook_Army_PB_2015.xml","722a40da3be7b01ec420e03ad622a1883abd6d254e969c30e850f4d31ce0dc24","1-e781a013a09cbb66b55a1911591539b909a3595991fba6630d0b92fbda1575c0","Various","","4-7c05a47a4f14787047eeb0d35cc1b1f4ac3656906bed79c34b97fd42e9bb04b1","root.record.ItemExhibitList.P5Item.P10AdvanceProcurement.APCostElementCategoryList.Other.APCostElement"
"2015","See End Item P-5A","2015-01","2015-01","1548.000","1","","","","","2015-BASE_PROCUREMENT-2015-ARMY_MISSLE-PROCUREMENT_JustificationBook_Army_PB_2015.zzz_unzipped-PROCUREMENT_JustificationBook_Army_PB_2015.xml","722a40da3be7b01ec420e03ad622a1883abd6d254e969c30e850f4d31ce0dc24","2-309a1b47faa4ee7c47569b06af40793300d75832665b91ed4b7ffc708776f4bb","Various","","4-7c05a47a4f14787047eeb0d35cc1b1f4ac3656906bed79c34b97fd42e9bb04b1","root.record.ItemExhibitList.P5Item.P10AdvanceProcurement.APCostElementCategoryList.Other.APCostElement"
"2013","See End Item P-5A","2013-01","2013-11","597.000","1","","","","","2015-BASE_PROCUREMENT-2015-ARMY_MISSLE-PROCUREMENT_JustificationBook_Army_PB_2015.zzz_unzipped-PROCUREMENT_JustificationBook_Army_PB_2015.xml","722a40da3be7b01ec420e03ad622a1883abd6d254e969c30e850f4d31ce0dc24","0-7d6ed7e6e6c83c6bff745ce43c11a97c8a97da06f58d8a17bc40954985b23845","Various","","5-2ef21ca1f870ca3232beb684c0b3688fc7b77fe7ce9a7dca56b7a2a448752699","root.record.ItemExhibitList.P5Item.P10AdvanceProcurement.APCostElementCategoryList.Other.APCostElement"
"2014","See End Item P-5A","2014-01","2014-11","351.000","1","","","","","2015-BASE_PROCUREMENT-2015-ARMY_MISSLE-PROCUREMENT_JustificationBook_Army_PB_2015.zzz_unzipped-PROCUREMENT_JustificationBook_Army_PB_2015.xml","722a40da3be7b01ec420e03ad622a1883abd6d254e969c30e850f4d31ce0dc24","1-cbfb5c30b5788550c92886420ad76e1b193bc94d2e8499714d6ee754d93885fa","Various","","5-2ef21ca1f870ca3232beb684c0b3688fc7b77fe7ce9a7dca56b7a2a448752699","root.record.ItemExhibitList.P5Item.P10AdvanceProcurement.APCostElementCategoryList.Other.APCostElement"
"2015","See End Item P-5A","2015-01","2015-01","351.000","1","","","","","2015-BASE_PROCUREMENT-2015-ARMY_MISSLE-PROCUREMENT_JustificationBook_Army_PB_2015.zzz_unzipped-PROCUREMENT_JustificationBook_Army_PB_2015.xml","722a40da3be7b01ec420e03ad622a1883abd6d254e969c30e850f4d31ce0dc24","2-cf05c89335e9a9c34e8e1e032b7af025407858fafe284c1537d323efd465792f","Various","","5-2ef21ca1f870ca3232beb684c0b3688fc7b77fe7ce9a7dca56b7a2a448752699","root.record.ItemExhibitList.P5Item.P10AdvanceProcurement.APCostElementCategoryList.Other.APCostElement"
"2013","See End Item P-5A","2013-01","2014-02","1555.000","1","","","","","2015-BASE_PROCUREMENT-2015-ARMY_MISSLE-PROCUREMENT_JustificationBook_Army_PB_2015.zzz_unzipped-PROCUREMENT_JustificationBook_Army_PB_2015.xml","722a40da3be7b01ec420e03ad622a1883abd6d254e969c30e850f4d31ce0dc24","0-3eafb8a2f4279a07c1d2a95a2680ca4efbadc26cdb6b1010e9e241b7e9ebdfd2","Various","","6-3d74df8f5fbecc34b9dac69a02e3f9d6df8f511cb3dab45300e0097356d868d1","root.record.ItemExhibitList.P5Item.P10AdvanceProcurement.APCostElementCategoryList.Other.APCostElement"
"2014","See End Item P-5A","2014-01","2015-02","916.000","1","","","","","2015-BASE_PROCUREMENT-2015-ARMY_MISSLE-PROCUREMENT_JustificationBook_Army_PB_2015.zzz_unzipped-PROCUREMENT_JustificationBook_Army_PB_2015.xml","722a40da3be7b01ec420e03ad622a1883abd6d254e969c30e850f4d31ce0dc24","1-2ae0fdecd10e6444fbe5df930afcf8407e41367cc20e0d9580aac1712e27494f","Various","","6-3d74df8f5fbecc34b9dac69a02e3f9d6df8f511cb3dab45300e0097356d868d1","root.record.ItemExhibitList.P5Item.P10AdvanceProcurement.APCostElementCategoryList.Other.APCostElement"
"2015","See End Item P-5A","2015-01","2015-01","916.000","1","","","","","2015-BASE_PROCUREMENT-2015-ARMY_MISSLE-PROCUREMENT_JustificationBook_Army_PB_2015.zzz_unzipped-PROCUREMENT_JustificationBook_Army_PB_2015.xml","722a40da3be7b01ec420e03ad622a1883abd6d254e969c30e850f4d31ce0dc24","2-e96b7fe648ef0f6ac0a37a19fc5938b39571a631ba52a5f171b6e7830ccde760","Various","","6-3d74df8f5fbecc34b9dac69a02e3f9d6df8f511cb3dab45300e0097356d868d1","root.record.ItemExhibitList.P5Item.P10AdvanceProcurement.APCostElementCategoryList.Other.APCostElement"
"2013","See End Item P-5A","2013-01","2013-12","922.000","1","","","","","2015-BASE_PROCUREMENT-2015-ARMY_MISSLE-PROCUREMENT_JustificationBook_Army_PB_2015.zzz_unzipped-PROCUREMENT_JustificationBook_Army_PB_2015.xml","722a40da3be7b01ec420e03ad622a1883abd6d254e969c30e850f4d31ce0dc24","0-45b5c8eea70675e27bd1cbeca853b3c07b4d8fbdfd74de47eb76bc29c7160515","Various","","7-5be4fd0bd94a7f61a5f8802933b5e1a873c4f3a9017bebe36f100a9b7f2c1c77","root.record.ItemExhibitList.P5Item.P10AdvanceProcurement.APCostElementCategoryList.Other.APCostElement"
"2014","See End Item P-5A","2014-01","2014-12","543.000","1","","","","","2015-BASE_PROCUREMENT-2015-ARMY_MISSLE-PROCUREMENT_JustificationBook_Army_PB_2015.zzz_unzipped-PROCUREMENT_JustificationBook_Army_PB_2015.xml","722a40da3be7b01ec420e03ad622a1883abd6d254e969c30e850f4d31ce0dc24","1-fa50ed0fd3f90a7308e5947c448ec02d213e196813effc30d6c5da01a19e8cd6","Various","","7-5be4fd0bd94a7f61a5f8802933b5e1a873c4f3a9017bebe36f100a9b7f2c1c77","root.record.ItemExhibitList.P5Item.P10AdvanceProcurement.APCostElementCategoryList.Other.APCostElement"
"2015","See End Item P-5A","2015-01","2015-01","543.000","1","","","","","2015-BASE_PROCUREMENT-2015-ARMY_MISSLE-PROCUREMENT_JustificationBook_Army_PB_2015.zzz_unzipped-PROCUREMENT_JustificationBook_Army_PB_2015.xml","722a40da3be7b01ec420e03ad622a1883abd6d254e969c30e850f4d31ce0dc24","2-dc795cf4a681b106135767ee0e497509135f164b02a2ed682bdc30ada4f47141","Various","","7-5be4fd0bd94a7f61a5f8802933b5e1a873c4f3a9017bebe36f100a9b7f2c1c77","root.record.ItemExhibitList.P5Item.P10AdvanceProcurement.APCostElementCategoryList.Other.APCostElement"
"2015","TBD","2015-02","2017-07","48.000","0.429","false","2014-02","SS","FP","2015-BASE_PROCUREMENT-2015-DEFENSE_MDA-PROCUREMENT_JustificationBook_Missile_Defense_Agency_PB_2015.zzz_unzipped-PROCUREMENT_JustificationBook_Missile_Defense_Agency_PB_2015.xml","871ed13dc6bbadf09a6840de2eb4536eb285b3b925625ab4f8982bbcee7d0b0c","0-fd563e7d9e2bcf459030befe35bf57b3fb3c8238faab7808301be36aefae2b3a","","","0-db9ae2514073c2cc634ed46e18afb53ca477da3707b82c0226f98efe122d91cd","root.record.ItemExhibitList.P5Item.P10AdvanceProcurement.APCostElementCategoryList.Other.APCostElement"
"2015","TBD","2015-02","2017-04","48.000","0.289","false","2014-02","SS","FP","2015-BASE_PROCUREMENT-2015-DEFENSE_MDA-PROCUREMENT_JustificationBook_Missile_Defense_Agency_PB_2015.zzz_unzipped-PROCUREMENT_JustificationBook_Missile_Defense_Agency_PB_2015.xml","871ed13dc6bbadf09a6840de2eb4536eb285b3b925625ab4f8982bbcee7d0b0c","0-7d453b31f2dfa964ae2c16eb6fb45b6b219752fc864dc301b4ff3e2230f0c9a5","","","1-9332379cff45c4da9026a55cee5eb8f9e26699c3a3be493360141ae074e68e3b","root.record.ItemExhibitList.P5Item.P10AdvanceProcurement.APCostElementCategoryList.Other.APCostElement"
"2015","TBD","2015-02","2018-01","48.000","0.376","false","2014-02","SS","FP","2015-BASE_PROCUREMENT-2015-DEFENSE_MDA-PROCUREMENT_JustificationBook_Missile_Defense_Agency_PB_2015.zzz_unzipped-PROCUREMENT_JustificationBook_Missile_Defense_Agency_PB_2015.xml","871ed13dc6bbadf09a6840de2eb4536eb285b3b925625ab4f8982bbcee7d0b0c","0-85cb9e588e1c5765043dac797bc7f049a8c6396335c19fc3b3df8f89edfcab81","","","2-2861cf6a0adaf133dd117b97f7fe2a5cc2948f72c4817b63f541797336502aff","root.record.ItemExhibitList.P5Item.P10AdvanceProcurement.APCostElementCategoryList.Other.APCostElement"
"2015","TBD","2015-02","2017-04","48.000","0.341","false","2014-02","SS","FP","2015-BASE_PROCUREMENT-2015-DEFENSE_MDA-PROCUREMENT_JustificationBook_Missile_Defense_Agency_PB_2015.zzz_unzipped-PROCUREMENT_JustificationBook_Missile_Defense_Agency_PB_2015.xml","871ed13dc6bbadf09a6840de2eb4536eb285b3b925625ab4f8982bbcee7d0b0c","0-c6eb840a34e54150528f304fb45378f1d8edbec6b4fe946f8537910cc2a90e94","","","3-0ec5a880a0c9c6966e2d62d4365acf12dbcd514e5d2746aaebf5b164ba6d2c63","root.record.ItemExhibitList.P5Item.P10AdvanceProcurement.APCostElementCategoryList.Other.APCostElement"
"2015","TBD","2015-02","2017-07","48.000","0.429","false","2014-02","SS","FP","2015-BASE_PROCUREMENT-2015-DEFENSE_MDA-PROCUREMENT_MasterJustificationBook_Missile_Defense_Agency_PB_2015.zzz_unzipped-PROCUREMENT_MasterJustificationBook_Missile_Defense_Agency_PB_2015.xml","a2c1fa7460f99b0686c1d03620554a078d5dbe057abc9a54c1f45d51b951755c","0-69b0ff601d13d41421d4bd3f14c5e17f5cccb545d5313af93f0aaa90aaa53c96","","","0-59a75104ce48531cb583a8f3cf106a6ac0737c12b07496fed2afd127813c8c32","root.record.ItemExhibitList.P5Item.P10AdvanceProcurement.APCostElementCategoryList.Other.APCostElement"
"2015","TBD","2015-02","2017-04","48.000","0.289","false","2014-02","SS","FP","2015-BASE_PROCUREMENT-2015-DEFENSE_MDA-PROCUREMENT_MasterJustificationBook_Missile_Defense_Agency_PB_2015.zzz_unzipped-PROCUREMENT_MasterJustificationBook_Missile_Defense_Agency_PB_2015.xml","a2c1fa7460f99b0686c1d03620554a078d5dbe057abc9a54c1f45d51b951755c","0-85bece5c51fcb5dca461045a10207d7e3ee5c405f4b577873eb922527e4cfba4","","","1-0e574a9d2eab577fb6d0ced896f833181fc4f1a66999ca6b4c099590ec7912f9","root.record.ItemExhibitList.P5Item.P10AdvanceProcurement.APCostElementCategoryList.Other.APCostElement"
"2015","TBD","2015-02","2018-01","48.000","0.376","false","2014-02","SS","FP","2015-BASE_PROCUREMENT-2015-DEFENSE_MDA-PROCUREMENT_MasterJustificationBook_Missile_Defense_Agency_PB_2015.zzz_unzipped-PROCUREMENT_MasterJustificationBook_Missile_Defense_Agency_PB_2015.xml","a2c1fa7460f99b0686c1d03620554a078d5dbe057abc9a54c1f45d51b951755c","0-d10d5090e6943011ec4e301b35be3c102ee59ace8d91056fbbe642a3a48488ad","","","2-b57bf8a1001401f4903d878c6d4c95464e826042bc7a3b90aa4be37719c38fd7","root.record.ItemExhibitList.P5Item.P10AdvanceProcurement.APCostElementCategoryList.Other.APCostElement"
"2015","TBD","2015-02","2017-04","48.000","0.341","false","2014-02","SS","FP","2015-BASE_PROCUREMENT-2015-DEFENSE_MDA-PROCUREMENT_MasterJustificationBook_Missile_Defense_Agency_PB_2015.zzz_unzipped-PROCUREMENT_MasterJustificationBook_Missile_Defense_Agency_PB_2015.xml","a2c1fa7460f99b0686c1d03620554a078d5dbe057abc9a54c1f45d51b951755c","0-624885406af12fd6885b8b8270e59713adb1fa33568da2302f6009c203e667ec","","","3-dbe56f951b94776af111ba1b810097e28dafff91d0f841df766ab8c6ea9bf781","root.record.ItemExhibitList.P5Item.P10AdvanceProcurement.APCostElementCategoryList.Other.APCostElement"
"2014","See End Item P-5A","2015-01","2016-01","35","3280.156","","","","","2016-BASE_PROCUREMENT-2016-ARMY_AIRCRAFT-PROCUREMENT_JustificationBook_Army_PB_2016.zzz_unzipped-PROCUREMENT_JustificationBook_Army_PB_2016.xml","9344ac11b4fa76a618675d937f3fe42ebc84b65beaa2732695b13bb0e1911270","0-1419f5ad880742a8142fdcdc9b13739615f7c8d707111fd7da612f5487524d1c","Various","","0-ab02ff522d7fe3151760339e2673ec4ad262be9449c399d41e07677698629113","root.record.ItemExhibitList.P5Item.P10AdvanceProcurement.APCostElementCategoryList.Other.APCostElement"
"2015","See End Item P-5A","2016-01","2017-01","35","3280.156","","","","","2016-BASE_PROCUREMENT-2016-ARMY_AIRCRAFT-PROCUREMENT_JustificationBook_Army_PB_2016.zzz_unzipped-PROCUREMENT_JustificationBook_Army_PB_2016.xml","9344ac11b4fa76a618675d937f3fe42ebc84b65beaa2732695b13bb0e1911270","1-c2325923c49ef0443c633933bfcd3dd4e363b369b720f31feb19c2c5494a7332","Various","","0-ab02ff522d7fe3151760339e2673ec4ad262be9449c399d41e07677698629113","root.record.ItemExhibitList.P5Item.P10AdvanceProcurement.APCostElementCategoryList.Other.APCostElement"
"2016","See End Item P-5A","2017-01","2017-01","64","3280.156","","","","","2016-BASE_PROCUREMENT-2016-ARMY_AIRCRAFT-PROCUREMENT_JustificationBook_Army_PB_2016.zzz_unzipped-PROCUREMENT_JustificationBook_Army_PB_2016.xml","9344ac11b4fa76a618675d937f3fe42ebc84b65beaa2732695b13bb0e1911270","2-a9c5d47aca9adbb176d958041d9dcdf9351d951283e3352a02113508fc635e71","Various","","0-ab02ff522d7fe3151760339e2673ec4ad262be9449c399d41e07677698629113","root.record.ItemExhibitList.P5Item.P10AdvanceProcurement.APCostElementCategoryList.Other.APCostElement"
"2014","See End Item P-5A","2014-02","2015-08","70","708.72","","","","","2016-BASE_PROCUREMENT-2016-ARMY_AIRCRAFT-PROCUREMENT_JustificationBook_Army_PB_2016.zzz_unzipped-PROCUREMENT_JustificationBook_Army_PB_2016.xml","35561decf1186cab62534ac5ef5e8832877d90792e1d60872f5196bad9dd6cca","0-f29a9b6fdd32f46f8423f6782469ab96a76562245e974263b3f1d9d64eda99d3","Various","","0-8e296d11045bff2a52e2af86a679939f4b678a74228ab013a3bd46f382e1295f","root.record.ItemExhibitList.P5Item.P10AdvanceProcurement.APCostElementCategoryList.Other.APCostElement"
"2015","See End Item P-5A","2015-01","2016-07","70","708.72","","","","","2016-BASE_PROCUREMENT-2016-ARMY_AIRCRAFT-PROCUREMENT_JustificationBook_Army_PB_2016.zzz_unzipped-PROCUREMENT_JustificationBook_Army_PB_2016.xml","35561decf1186cab62534ac5ef5e8832877d90792e1d60872f5196bad9dd6cca","1-070d6acc829c61ba4e49dea0e830260d9d55ee3a38da41a70608cd8a037410b3","Various","","0-8e296d11045bff2a52e2af86a679939f4b678a74228ab013a3bd46f382e1295f","root.record.ItemExhibitList.P5Item.P10AdvanceProcurement.APCostElementCategoryList.Other.APCostElement"
"2016","See End Item P-5A","2016-01","2016-01","82","708.72","","","","","2016-BASE_PROCUREMENT-2016-ARMY_AIRCRAFT-PROCUREMENT_JustificationBook_Army_PB_2016.zzz_unzipped-PROCUREMENT_JustificationBook_Army_PB_2016.xml","35561decf1186cab62534ac5ef5e8832877d90792e1d60872f5196bad9dd6cca","2-ff0f00b1be9f43ad03d6d04127c4c99481b9725aa07ccbde12950696dcb4a605","Various","","0-8e296d11045bff2a52e2af86a679939f4b678a74228ab013a3bd46f382e1295f","root.record.ItemExhibitList.P5Item.P10AdvanceProcurement.APCostElementCategoryList.Other.APCostElement"
"2014","See End Item P-5A","2014-02","2014-08","70","42.902","","","","","2016-BASE_PROCUREMENT-2016-ARMY_AIRCRAFT-PROCUREMENT_JustificationBook_Army_PB_2016.zzz_unzipped-PROCUREMENT_JustificationBook_Army_PB_2016.xml","35561decf1186cab62534ac5ef5e8832877d90792e1d60872f5196bad9dd6cca","0-a702682e8ce71ad8bcc4e15c14fedb64672ab7d256f751d04b91880c379fe3cf","Various","","1-317f3e59f3690174196da174ec7197b771bfe78958c80a20f4641cf4e5c93740","root.record.ItemExhibitList.P5Item.P10AdvanceProcurement.APCostElementCategoryList.Other.APCostElement"
"2015","See End Item P-5A","2015-01","2015-07","70","42.902","","","","","2016-BASE_PROCUREMENT-2016-ARMY_AIRCRAFT-PROCUREMENT_JustificationBook_Army_PB_2016.zzz_unzipped-PROCUREMENT_JustificationBook_Army_PB_2016.xml","35561decf1186cab62534ac5ef5e8832877d90792e1d60872f5196bad9dd6cca","1-20ef2d5e354190e43f34ed56cb213ab0619187de92e5c6313b89d6c218309e2b","Various","","1-317f3e59f3690174196da174ec7197b771bfe78958c80a20f4641cf4e5c93740","root.record.ItemExhibitList.P5Item.P10AdvanceProcurement.APCostElementCategoryList.Other.APCostElement"
"2016","See End Item P-5A","2016-01","2016-01","82","42.902","","","","","2016-BASE_PROCUREMENT-2016-ARMY_AIRCRAFT-PROCUREMENT_JustificationBook_Army_PB_2016.zzz_unzipped-PROCUREMENT_JustificationBook_Army_PB_2016.xml","35561decf1186cab62534ac5ef5e8832877d90792e1d60872f5196bad9dd6cca","2-000e12dc0bccf176420b22b73556e6c8aa716c58d90d56a1116f3f58d81c92ff","Various","","1-317f3e59f3690174196da174ec7197b771bfe78958c80a20f4641cf4e5c93740","root.record.ItemExhibitList.P5Item.P10AdvanceProcurement.APCostElementCategoryList.Other.APCostElement"
"2014","See End Item P-5A","2014-02","2015-04","140","329.695","","","","","2016-BASE_PROCUREMENT-2016-ARMY_AIRCRAFT-PROCUREMENT_JustificationBook_Army_PB_2016.zzz_unzipped-PROCUREMENT_JustificationBook_Army_PB_2016.xml","35561decf1186cab62534ac5ef5e8832877d90792e1d60872f5196bad9dd6cca","0-801fffcdd4ae73cb26da7974bf30ddcb0520cffb3d3a2f8267a5916da42fb1fd","Various","","2-8af20a9fbb5105b0c1b8272231de8699f1eb05102cc83cd77e5be00f0ce9def6","root.record.ItemExhibitList.P5Item.P10AdvanceProcurement.APCostElementCategoryList.Other.APCostElement"
"2015","See End Item P-5A","2015-01","2016-03","140","329.695","","","","","2016-BASE_PROCUREMENT-2016-ARMY_AIRCRAFT-PROCUREMENT_JustificationBook_Army_PB_2016.zzz_unzipped-PROCUREMENT_JustificationBook_Army_PB_2016.xml","35561decf1186cab62534ac5ef5e8832877d90792e1d60872f5196bad9dd6cca","1-9a23a64ce55439ba373798eea82b206e01c894f05c575e7c02efbf1ecc239edf","Various","","2-8af20a9fbb5105b0c1b8272231de8699f1eb05102cc83cd77e5be00f0ce9def6","root.record.ItemExhibitList.P5Item.P10AdvanceProcurement.APCostElementCategoryList.Other.APCostElement"
"2016","See End Item P-5A","2016-01","2016-01","164","329.695","","","","","2016-BASE_PROCUREMENT-2016-ARMY_AIRCRAFT-PROCUREMENT_JustificationBook_Army_PB_2016.zzz_unzipped-PROCUREMENT_JustificationBook_Army_PB_2016.xml","35561decf1186cab62534ac5ef5e8832877d90792e1d60872f5196bad9dd6cca","2-ea825b20689cf000764a93e4d8d2b6382a611b9a06572ab9422592b5dd3901f0","Various","","2-8af20a9fbb5105b0c1b8272231de8699f1eb05102cc83cd77e5be00f0ce9def6","root.record.ItemExhibitList.P5Item.P10AdvanceProcurement.APCostElementCategoryList.Other.APCostElement"
"2014","See End Item P-5A","2014-02","2015-02","140","53.256","","","","","2016-BASE_PROCUREMENT-2016-ARMY_AIRCRAFT-PROCUREMENT_JustificationBook_Army_PB_2016.zzz_unzipped-PROCUREMENT_JustificationBook_Army_PB_2016.xml","35561decf1186cab62534ac5ef5e8832877d90792e1d60872f5196bad9dd6cca","0-c39dd61ba2f76566f2eaa036afaa6e189dce6c9581ebcd43149f66468ba6ab71","Various","","3-dd34ecbadb48dd08063116f05b567a1bbe76317b7ca78acf85267f00dcaa78c2","root.record.ItemExhibitList.P5Item.P10AdvanceProcurement.APCostElementCategoryList.Other.APCostElement"
"2015","See End Item P-5A","2015-01","2016-01","140","53.256","","","","","2016-BASE_PROCUREMENT-2016-ARMY_AIRCRAFT-PROCUREMENT_JustificationBook_Army_PB_2016.zzz_unzipped-PROCUREMENT_JustificationBook_Army_PB_2016.xml","35561decf1186cab62534ac5ef5e8832877d90792e1d60872f5196bad9dd6cca","1-b4ff523dd8e49f7232d1bef536903668078d2115d1be2765cecba57d97d91d50","Various","","3-dd34ecbadb48dd08063116f05b567a1bbe76317b7ca78acf85267f00dcaa78c2","root.record.ItemExhibitList.P5Item.P10AdvanceProcurement.APCostElementCategoryList.Other.APCostElement"
"2016","See End Item P-5A","2016-01","2016-01","164","53.256","","","","","2016-BASE_PROCUREMENT-2016-ARMY_AIRCRAFT-PROCUREMENT_JustificationBook_Army_PB_2016.zzz_unzipped-PROCUREMENT_JustificationBook_Army_PB_2016.xml","35561decf1186cab62534ac5ef5e8832877d90792e1d60872f5196bad9dd6cca","2-65bda5c0b431ba81c5ea1b50e7bafe62ab05e4cd77c5b85574fb674e4036ee81","Various","","3-dd34ecbadb48dd08063116f05b567a1bbe76317b7ca78acf85267f00dcaa78c2","root.record.ItemExhibitList.P5Item.P10AdvanceProcurement.APCostElementCategoryList.Other.APCostElement"
"2014","See End Item P-5A","2014-02","2014-11","70","32.22","","","","","2016-BASE_PROCUREMENT-2016-ARMY_AIRCRAFT-PROCUREMENT_JustificationBook_Army_PB_2016.zzz_unzipped-PROCUREMENT_JustificationBook_Army_PB_2016.xml","35561decf1186cab62534ac5ef5e8832877d90792e1d60872f5196bad9dd6cca","0-d4e5fc983ea4df12debda04d855e1f7ea6b5caff1feee5306133b0aa618c40d2","Various","","4-564502a9452767d40e9961b4fa9056941bd4d9de6743d52d867cb1ebea9b67e6","root.record.ItemExhibitList.P5Item.P10AdvanceProcurement.APCostElementCategoryList.Other.APCostElement"
"2015","See End Item P-5A","2015-01","2015-10","70","32.22","","","","","2016-BASE_PROCUREMENT-2016-ARMY_AIRCRAFT-PROCUREMENT_JustificationBook_Army_PB_2016.zzz_unzipped-PROCUREMENT_JustificationBook_Army_PB_2016.xml","35561decf1186cab62534ac5ef5e8832877d90792e1d60872f5196bad9dd6cca","1-183de04ae32f06b625694c47598966930c575ea065f8ae3fe4a57e4f75e122ed","Various","","4-564502a9452767d40e9961b4fa9056941bd4d9de6743d52d867cb1ebea9b67e6","root.record.ItemExhibitList.P5Item.P10AdvanceProcurement.APCostElementCategoryList.Other.APCostElement"
"2016","See End Item P-5A","2016-01","2016-01","82","32.22","","","","","2016-BASE_PROCUREMENT-2016-ARMY_AIRCRAFT-PROCUREMENT_JustificationBook_Army_PB_2016.zzz_unzipped-PROCUREMENT_JustificationBook_Army_PB_2016.xml","35561decf1186cab62534ac5ef5e8832877d90792e1d60872f5196bad9dd6cca","2-802690b0d855408a29910703ecccd37a872806d4fd7d6a26908237a8d047b117","Various","","4-564502a9452767d40e9961b4fa9056941bd4d9de6743d52d867cb1ebea9b67e6","root.record.ItemExhibitList.P5Item.P10AdvanceProcurement.APCostElementCategoryList.Other.APCostElement"
"2014","See End Item P-5A","2015-01","2016-03","0","0","","","","","2016-BASE_PROCUREMENT-2016-ARMY_AIRCRAFT-PROCUREMENT_JustificationBook_Army_PB_2016.zzz_unzipped-PROCUREMENT_JustificationBook_Army_PB_2016.xml","35561decf1186cab62534ac5ef5e8832877d90792e1d60872f5196bad9dd6cca","0-3571964be45840852f72bc23f7c4408c7c2befed8f5c029a4bb6d153d48c2fbf","Various","","5-e7a8c71743ebc9b5d2eb5b671fa82a5869380502c07a8fd1896cdcf98f04d955","root.record.ItemExhibitList.P5Item.P10AdvanceProcurement.APCostElementCategoryList.Other.APCostElement"
"2014","See End Item P-5A","2015-01","2016-01","0","0","","","","","2016-BASE_PROCUREMENT-2016-ARMY_AIRCRAFT-PROCUREMENT_JustificationBook_Army_PB_2016.zzz_unzipped-PROCUREMENT_JustificationBook_Army_PB_2016.xml","35561decf1186cab62534ac5ef5e8832877d90792e1d60872f5196bad9dd6cca","0-5d90eb0a691fb6fd82803c3909caf9d9878b4888ddbd422d81bdc5599556a17c","Various","","6-434557850cbe272e1a0317bbcee56cfa50415113f4c7f64157739dce916a033c","root.record.ItemExhibitList.P5Item.P10AdvanceProcurement.APCostElementCategoryList.Other.APCostElement"
"2014","See End Item P-5A","2014-01","2015-08","6.999","0","","","","","2016-BASE_PROCUREMENT-2016-ARMY_MISSLE-PROCUREMENT_JustificationBook_Army_PB_2016.zzz_unzipped-PROCUREMENT_JustificationBook_Army_PB_2016.xml","a165d0be6144e6f49e80b5586363567ae0ec4790d0f3b569f3260420117a3760","0-f45054fd2952b044c5d1464874fc50bd3edf53f13990b87e99469c705e0c10ea","Various","","0-f9d4db8ce234bf75ed6b8160939cbf3edfcfbd333cb51dadf0584ecc0f3a8f0b","root.record.ItemExhibitList.P5Item.P10AdvanceProcurement.APCostElementCategoryList.Other.APCostElement"
"2015","See End Item P-5A","2015-01","2016-08","7.018","0","","","","","2016-BASE_PROCUREMENT-2016-ARMY_MISSLE-PROCUREMENT_JustificationBook_Army_PB_2016.zzz_unzipped-PROCUREMENT_JustificationBook_Army_PB_2016.xml","a165d0be6144e6f49e80b5586363567ae0ec4790d0f3b569f3260420117a3760","1-3a98b1ac896e512e9b85b4af961422b0b48afcf371a6a43c947eb7f1e7f02e1f","Various","","0-f9d4db8ce234bf75ed6b8160939cbf3edfcfbd333cb51dadf0584ecc0f3a8f0b","root.record.ItemExhibitList.P5Item.P10AdvanceProcurement.APCostElementCategoryList.Other.APCostElement"
"2014","See End Item P-5A","2014-01","2015-03","0.905","0","","","","","2016-BASE_PROCUREMENT-2016-ARMY_MISSLE-PROCUREMENT_JustificationBook_Army_PB_2016.zzz_unzipped-PROCUREMENT_JustificationBook_Army_PB_2016.xml","a165d0be6144e6f49e80b5586363567ae0ec4790d0f3b569f3260420117a3760","0-9dfb6186d92bc727fc2c24fd5a183e922a071e14aff853bccb6139f0836ce453","Various","","1-5bb1a060278d7a9ecb2097120f166f3423809f7af8789de31ac74db0f8eec89b","root.record.ItemExhibitList.P5Item.P10AdvanceProcurement.APCostElementCategoryList.Other.APCostElement"
"2015","See End Item P-5A","2015-01","2016-03","0.905","0","","","","","2016-BASE_PROCUREMENT-2016-ARMY_MISSLE-PROCUREMENT_JustificationBook_Army_PB_2016.zzz_unzipped-PROCUREMENT_JustificationBook_Army_PB_2016.xml","a165d0be6144e6f49e80b5586363567ae0ec4790d0f3b569f3260420117a3760","1-8bcb743622d08215c5162e2e9b879f4ba4561b6bcfa26b35b6030277c7298239","Various","","1-5bb1a060278d7a9ecb2097120f166f3423809f7af8789de31ac74db0f8eec89b","root.record.ItemExhibitList.P5Item.P10AdvanceProcurement.APCostElementCategoryList.Other.APCostElement"
"2014","See End Item P-5A","2014-01","2015-01","0.17","0","","","","","2016-BASE_PROCUREMENT-2016-ARMY_MISSLE-PROCUREMENT_JustificationBook_Army_PB_2016.zzz_unzipped-PROCUREMENT_JustificationBook_Army_PB_2016.xml","a165d0be6144e6f49e80b5586363567ae0ec4790d0f3b569f3260420117a3760","0-4cc9d23bda6330db20cd9334c44e6ebdcf8664095dbe864b0c5287f1ba3ba97e","Various","","2-42c4924b8de58460716a083ceb650f4e96b03d87a7ac2a7f4250e3c8f6bd5cf9","root.record.ItemExhibitList.P5Item.P10AdvanceProcurement.APCostElementCategoryList.Other.APCostElement"
"2015","See End Item P-5A","2015-01","2016-01","0.17","0","","","","","2016-BASE_PROCUREMENT-2016-ARMY_MISSLE-PROCUREMENT_JustificationBook_Army_PB_2016.zzz_unzipped-PROCUREMENT_JustificationBook_Army_PB_2016.xml","a165d0be6144e6f49e80b5586363567ae0ec4790d0f3b569f3260420117a3760","1-fae13878f20cdaf6373d660424fbe99fb89020d20ffcc41497dce41e3e662fa1","Various","","2-42c4924b8de58460716a083ceb650f4e96b03d87a7ac2a7f4250e3c8f6bd5cf9","root.record.ItemExhibitList.P5Item.P10AdvanceProcurement.APCostElementCategoryList.Other.APCostElement"
"2014","See End Item P-5A","2014-01","2015-07","8.533","0","","","","","2016-BASE_PROCUREMENT-2016-ARMY_MISSLE-PROCUREMENT_JustificationBook_Army_PB_2016.zzz_unzipped-PROCUREMENT_JustificationBook_Army_PB_2016.xml","a165d0be6144e6f49e80b5586363567ae0ec4790d0f3b569f3260420117a3760","0-98d561d703c56de58b8ea5498a66fb65a9cb6101c4fdabb3d0182ac428f3ebc6","Various","","3-b9f0de18ef8eb4edb1ccfecda7168aa8ae0c74bab1bb6f09d994786f2afc623c","root.record.ItemExhibitList.P5Item.P10AdvanceProcurement.APCostElementCategoryList.Other.APCostElement"
"2015","See End Item P-5A","2015-01","2016-07","8.533","0","","","","","2016-BASE_PROCUREMENT-2016-ARMY_MISSLE-PROCUREMENT_JustificationBook_Army_PB_2016.zzz_unzipped-PROCUREMENT_JustificationBook_Army_PB_2016.xml","a165d0be6144e6f49e80b5586363567ae0ec4790d0f3b569f3260420117a3760","1-7aa859d582c535f94baf64bb0c35c126715ccaa07dda411fde473889810bbc32","Various","","3-b9f0de18ef8eb4edb1ccfecda7168aa8ae0c74bab1bb6f09d994786f2afc623c","root.record.ItemExhibitList.P5Item.P10AdvanceProcurement.APCostElementCategoryList.Other.APCostElement"
"2014","See End Item P-5A","2014-01","2015-02","1.548","0","","","","","2016-BASE_PROCUREMENT-2016-ARMY_MISSLE-PROCUREMENT_JustificationBook_Army_PB_2016.zzz_unzipped-PROCUREMENT_JustificationBook_Army_PB_2016.xml","a165d0be6144e6f49e80b5586363567ae0ec4790d0f3b569f3260420117a3760","0-8ec79dd47fb83e62fdd71ebaa32bcd8feab5f6a00e8eca9739916a01085adb58","Various","","4-fd9408b93c8793fbd1d8f1a8b6275acdf2ad1bc918f0c38a005fc25baa740d7c","root.record.ItemExhibitList.P5Item.P10AdvanceProcurement.APCostElementCategoryList.Other.APCostElement"
"2015","See End Item P-5A","2015-01","2016-02","1.548","0","","","","","2016-BASE_PROCUREMENT-2016-ARMY_MISSLE-PROCUREMENT_JustificationBook_Army_PB_2016.zzz_unzipped-PROCUREMENT_JustificationBook_Army_PB_2016.xml","a165d0be6144e6f49e80b5586363567ae0ec4790d0f3b569f3260420117a3760","1-06416e9b87ad587300eb2da2403a09811a3aa745f0be1807f3e4edb54e2a7fd5","Various","","4-fd9408b93c8793fbd1d8f1a8b6275acdf2ad1bc918f0c38a005fc25baa740d7c","root.record.ItemExhibitList.P5Item.P10AdvanceProcurement.APCostElementCategoryList.Other.APCostElement"
"2014","See End Item P-5A","2014-01","2015-01","0.351","0","","","","","2016-BASE_PROCUREMENT-2016-ARMY_MISSLE-PROCUREMENT_JustificationBook_Army_PB_2016.zzz_unzipped-PROCUREMENT_JustificationBook_Army_PB_2016.xml","a165d0be6144e6f49e80b5586363567ae0ec4790d0f3b569f3260420117a3760","0-d53468b01b650f9739c268d78f8553b12e03720fe1c587551a7a1ef9fadaca96","Various","","5-c9085eb2853e051ab5fd73b9ae6e1d39370c5c18557fefac656a8742344719d4","root.record.ItemExhibitList.P5Item.P10AdvanceProcurement.APCostElementCategoryList.Other.APCostElement"
"2015","See End Item P-5A","2015-01","2016-01","0.351","0","","","","","2016-BASE_PROCUREMENT-2016-ARMY_MISSLE-PROCUREMENT_JustificationBook_Army_PB_2016.zzz_unzipped-PROCUREMENT_JustificationBook_Army_PB_2016.xml","a165d0be6144e6f49e80b5586363567ae0ec4790d0f3b569f3260420117a3760","1-3d253502ca9853bf9bef0a06f33ba3bfcfada2ed634d4633d04dc2eae0573c41","Various","","5-c9085eb2853e051ab5fd73b9ae6e1d39370c5c18557fefac656a8742344719d4","root.record.ItemExhibitList.P5Item.P10AdvanceProcurement.APCostElementCategoryList.Other.APCostElement"
"2014","See End Item P-5A","2014-01","2015-02","0.916","0","","","","","2016-BASE_PROCUREMENT-2016-ARMY_MISSLE-PROCUREMENT_JustificationBook_Army_PB_2016.zzz_unzipped-PROCUREMENT_JustificationBook_Army_PB_2016.xml","a165d0be6144e6f49e80b5586363567ae0ec4790d0f3b569f3260420117a3760","0-27d2e2eddd0808b352e8496ffc33ca888b1ce4de4b6bf1f9940322086f19397a","Various","","6-e47143abbc7a9a66562f259fd521a8fde767726aeb02787245bf1678ee0d1712","root.record.ItemExhibitList.P5Item.P10AdvanceProcurement.APCostElementCategoryList.Other.APCostElement"
"2015","See End Item P-5A","2015-01","2016-02","0.916","0","","","","","2016-BASE_PROCUREMENT-2016-ARMY_MISSLE-PROCUREMENT_JustificationBook_Army_PB_2016.zzz_unzipped-PROCUREMENT_JustificationBook_Army_PB_2016.xml","a165d0be6144e6f49e80b5586363567ae0ec4790d0f3b569f3260420117a3760","1-92aea1d0425ad3835c9ecf664da707792832d7a7ea446ba8987884d41e6bd2fe","Various","","6-e47143abbc7a9a66562f259fd521a8fde767726aeb02787245bf1678ee0d1712","root.record.ItemExhibitList.P5Item.P10AdvanceProcurement.APCostElementCategoryList.Other.APCostElement"
"2014","See End Item P-5A","2014-01","2015-01","0.543","0","","","","","2016-BASE_PROCUREMENT-2016-ARMY_MISSLE-PROCUREMENT_JustificationBook_Army_PB_2016.zzz_unzipped-PROCUREMENT_JustificationBook_Army_PB_2016.xml","a165d0be6144e6f49e80b5586363567ae0ec4790d0f3b569f3260420117a3760","0-dbf516981b3eb98e646e24897b166718c87b383dfd3f60631777b3b5ef005945","Various","","7-f34d026cbd4864528d99f15cd93b19d22242b4d98f1312ce99f539f0e219a037","root.record.ItemExhibitList.P5Item.P10AdvanceProcurement.APCostElementCategoryList.Other.APCostElement"
"2015","See End Item P-5A","2015-01","2016-01","0.543","0","","","","","2016-BASE_PROCUREMENT-2016-ARMY_MISSLE-PROCUREMENT_JustificationBook_Army_PB_2016.zzz_unzipped-PROCUREMENT_JustificationBook_Army_PB_2016.xml","a165d0be6144e6f49e80b5586363567ae0ec4790d0f3b569f3260420117a3760","1-a32b80f9e6ad1b7fb183993ecb2522f261d53de8811dd4969247fb449664e73c","Various","","7-f34d026cbd4864528d99f15cd93b19d22242b4d98f1312ce99f539f0e219a037","root.record.ItemExhibitList.P5Item.P10AdvanceProcurement.APCostElementCategoryList.Other.APCostElement"
"2015","See End Item P-5A","2015-12","2016-01","24","4487.884","","","","","2017-BASE_PROCUREMENT-2017-ARMY_AIRCRAFT-U_PROCUREMENT_JustificationBook_Army_PB_2017.zzz_unzipped-U_PROCUREMENT_JustificationBook_Army_PB_2017.xml","1f70a6b78589233ad91d21a4ae69bce2801aaf1036db7b0daab5a6799826990c","0-576e85d3f410187b76321923eb7efc91995b0b2f5eb43a3d25d0497379a222b8","Various","","0-a59eabd039a0c20533f2f7d4981c8232b7756f917e6f87ee2ab302c78af50668","root.record.ItemExhibitList.P5Item.P10AdvanceProcurement.APCostElementCategoryList.Other.APCostElement"
"2016","See End Item P-5A","2016-12","2017-01","32","4487.884","","","","","2017-BASE_PROCUREMENT-2017-ARMY_AIRCRAFT-U_PROCUREMENT_JustificationBook_Army_PB_2017.zzz_unzipped-U_PROCUREMENT_JustificationBook_Army_PB_2017.xml","1f70a6b78589233ad91d21a4ae69bce2801aaf1036db7b0daab5a6799826990c","1-4d0bd52af5412caf8038eeb047f7891f6dda53da32aa108e7966a2a5c661cf6f","Various","","0-a59eabd039a0c20533f2f7d4981c8232b7756f917e6f87ee2ab302c78af50668","root.record.ItemExhibitList.P5Item.P10AdvanceProcurement.APCostElementCategoryList.Other.APCostElement"
"2017","See End Item P-5A","2017-12","2018-05","26","4487.884","","","","","2017-BASE_PROCUREMENT-2017-ARMY_AIRCRAFT-U_PROCUREMENT_JustificationBook_Army_PB_2017.zzz_unzipped-U_PROCUREMENT_JustificationBook_Army_PB_2017.xml","1f70a6b78589233ad91d21a4ae69bce2801aaf1036db7b0daab5a6799826990c","2-9425f6008438d043b889d9427cb3f4d004269b9722c27dfa80fccd987492c5aa","Various","","0-a59eabd039a0c20533f2f7d4981c8232b7756f917e6f87ee2ab302c78af50668","root.record.ItemExhibitList.P5Item.P10AdvanceProcurement.APCostElementCategoryList.Other.APCostElement"
"2015","See End Item P-5A","2015-12","2016-01","24","2633.654","","","","","2017-BASE_PROCUREMENT-2017-ARMY_AIRCRAFT-U_PROCUREMENT_JustificationBook_Army_PB_2017.zzz_unzipped-U_PROCUREMENT_JustificationBook_Army_PB_2017.xml","1f70a6b78589233ad91d21a4ae69bce2801aaf1036db7b0daab5a6799826990c","0-931814e2c843dc7ad4f72c37ea003f2f16333ae15030915fbf1d479adee6791e","Various","","1-e2f1e7a154042e315a58307f47aec85dfc301423b468631b9b67620a85c1ba0f","root.record.ItemExhibitList.P5Item.P10AdvanceProcurement.APCostElementCategoryList.Other.APCostElement"
"2016","See End Item P-5A","2016-12","2017-01","32","2633.654","","","","","2017-BASE_PROCUREMENT-2017-ARMY_AIRCRAFT-U_PROCUREMENT_JustificationBook_Army_PB_2017.zzz_unzipped-U_PROCUREMENT_JustificationBook_Army_PB_2017.xml","1f70a6b78589233ad91d21a4ae69bce2801aaf1036db7b0daab5a6799826990c","1-fe78f32278df8727682a5cc825f42bbfef40e0b6a876dfab91bd5aeabe747f7b","Various","","1-e2f1e7a154042e315a58307f47aec85dfc301423b468631b9b67620a85c1ba0f","root.record.ItemExhibitList.P5Item.P10AdvanceProcurement.APCostElementCategoryList.Other.APCostElement"
"2017","See End Item P-5A","2017-12","2018-05","26","2633.654","","","","","2017-BASE_PROCUREMENT-2017-ARMY_AIRCRAFT-U_PROCUREMENT_JustificationBook_Army_PB_2017.zzz_unzipped-U_PROCUREMENT_JustificationBook_Army_PB_2017.xml","1f70a6b78589233ad91d21a4ae69bce2801aaf1036db7b0daab5a6799826990c","2-0cc5070b2642af0e7c7f044790a5195e6e772b1a45b3b4c5df43d06640dcd937","Various","","1-e2f1e7a154042e315a58307f47aec85dfc301423b468631b9b67620a85c1ba0f","root.record.ItemExhibitList.P5Item.P10AdvanceProcurement.APCostElementCategoryList.Other.APCostElement"
"2015","See End Item P-5A","2014-12","2015-06","70","3138.200","","","","","2017-BASE_PROCUREMENT-2017-ARMY_AIRCRAFT-U_PROCUREMENT_JustificationBook_Army_PB_2017.zzz_unzipped-U_PROCUREMENT_JustificationBook_Army_PB_2017.xml","2bd4c0a1589e46892f050588acb05b9acd9f0eba50d9b990b2593abe3dddb364","0-d607707613ca84ce325f02428cf57bcd788ae9deec3a8656994992c3ac88557a","Various","","0-e77f9bfda28c19993a5624a8f99ede2bbb9abced969194e3c80f722a76a958f6","root.record.ItemExhibitList.P5Item.P10AdvanceProcurement.APCostElementCategoryList.Other.APCostElement"
"2016","See End Item P-5A","2015-01","2016-07","82","3138.200","","","","","2017-BASE_PROCUREMENT-2017-ARMY_AIRCRAFT-U_PROCUREMENT_JustificationBook_Army_PB_2017.zzz_unzipped-U_PROCUREMENT_JustificationBook_Army_PB_2017.xml","2bd4c0a1589e46892f050588acb05b9acd9f0eba50d9b990b2593abe3dddb364","1-561781dcb8787ce474f507cacefcf790f2f6e6097ff93399895692e4ae2a319c","Various","","0-e77f9bfda28c19993a5624a8f99ede2bbb9abced969194e3c80f722a76a958f6","root.record.ItemExhibitList.P5Item.P10AdvanceProcurement.APCostElementCategoryList.Other.APCostElement"
"2017","See End Item P-5A","2016-12","2017-06","36","3138.200","","","","","2017-BASE_PROCUREMENT-2017-ARMY_AIRCRAFT-U_PROCUREMENT_JustificationBook_Army_PB_2017.zzz_unzipped-U_PROCUREMENT_JustificationBook_Army_PB_2017.xml","2bd4c0a1589e46892f050588acb05b9acd9f0eba50d9b990b2593abe3dddb364","2-e0c7eed78d5852dd09665c2987be539b4033496d750466f460188d6888629084","Various","","0-e77f9bfda28c19993a5624a8f99ede2bbb9abced969194e3c80f722a76a958f6","root.record.ItemExhibitList.P5Item.P10AdvanceProcurement.APCostElementCategoryList.Other.APCostElement"
"2015","See End Item P-5A","2014-12","2015-06","70","87.000","","","","","2017-BASE_PROCUREMENT-2017-ARMY_AIRCRAFT-U_PROCUREMENT_JustificationBook_Army_PB_2017.zzz_unzipped-U_PROCUREMENT_JustificationBook_Army_PB_2017.xml","2bd4c0a1589e46892f050588acb05b9acd9f0eba50d9b990b2593abe3dddb364","0-d9a9154167efe1ec86ba74d9cb64b676625cff64b62a434009e1617d70e8e329","Various","","1-33ba49d5f3ace80c7ed5b015d87521cd4d21f4ceb75ede8f2a6ac1d9209ed19c","root.record.ItemExhibitList.P5Item.P10AdvanceProcurement.APCostElementCategoryList.Other.APCostElement"
"2016","See End Item P-5A","2015-01","2016-07","82","87.000","","","","","2017-BASE_PROCUREMENT-2017-ARMY_AIRCRAFT-U_PROCUREMENT_JustificationBook_Army_PB_2017.zzz_unzipped-U_PROCUREMENT_JustificationBook_Army_PB_2017.xml","2bd4c0a1589e46892f050588acb05b9acd9f0eba50d9b990b2593abe3dddb364","1-5998695881ed8ff318bf75e80444ddbf1c3dbf3c8591e2b0c6a9e78ab6d6fdd3","Various","","1-33ba49d5f3ace80c7ed5b015d87521cd4d21f4ceb75ede8f2a6ac1d9209ed19c","root.record.ItemExhibitList.P5Item.P10AdvanceProcurement.APCostElementCategoryList.Other.APCostElement"
"2017","See End Item P-5A","2016-12","2017-06","36","87.000","","","","","2017-BASE_PROCUREMENT-2017-ARMY_AIRCRAFT-U_PROCUREMENT_JustificationBook_Army_PB_2017.zzz_unzipped-U_PROCUREMENT_JustificationBook_Army_PB_2017.xml","2bd4c0a1589e46892f050588acb05b9acd9f0eba50d9b990b2593abe3dddb364","2-9fb589c971b6efb511329b8fb56be0d70ac7349a16e8ff2a1e3b17b0e9f9b366","Various","","1-33ba49d5f3ace80c7ed5b015d87521cd4d21f4ceb75ede8f2a6ac1d9209ed19c","root.record.ItemExhibitList.P5Item.P10AdvanceProcurement.APCostElementCategoryList.Other.APCostElement"
"2015","See End Item P-5A","2014-12","2015-06","140","666.000","","","","","2017-BASE_PROCUREMENT-2017-ARMY_AIRCRAFT-U_PROCUREMENT_JustificationBook_Army_PB_2017.zzz_unzipped-U_PROCUREMENT_JustificationBook_Army_PB_2017.xml","2bd4c0a1589e46892f050588acb05b9acd9f0eba50d9b990b2593abe3dddb364","0-11f6c5bc2cb53ede12d25aa9b0089abd373e2b48b4b912403b9db66325c97364","Various","","2-9a64d9b999c0d8e76835addd92993510694785e9ea5ab3c5114447cb95052099","root.record.ItemExhibitList.P5Item.P10AdvanceProcurement.APCostElementCategoryList.Other.APCostElement"
"2016","See End Item P-5A","2015-01","2016-07","164","666.000","","","","","2017-BASE_PROCUREMENT-2017-ARMY_AIRCRAFT-U_PROCUREMENT_JustificationBook_Army_PB_2017.zzz_unzipped-U_PROCUREMENT_JustificationBook_Army_PB_2017.xml","2bd4c0a1589e46892f050588acb05b9acd9f0eba50d9b990b2593abe3dddb364","1-48608594b516418c67282b96341a1edb875b25b79efb74f1c8abc590146baae3","Various","","2-9a64d9b999c0d8e76835addd92993510694785e9ea5ab3c5114447cb95052099","root.record.ItemExhibitList.P5Item.P10AdvanceProcurement.APCostElementCategoryList.Other.APCostElement"
"2017","See End Item P-5A","2016-12","2017-06","72","666.000","","","","","2017-BASE_PROCUREMENT-2017-ARMY_AIRCRAFT-U_PROCUREMENT_JustificationBook_Army_PB_2017.zzz_unzipped-U_PROCUREMENT_JustificationBook_Army_PB_2017.xml","2bd4c0a1589e46892f050588acb05b9acd9f0eba50d9b990b2593abe3dddb364","2-ca7371bee28a6d3ea42fcfa99354d1f8162d61827b2c19e566868a5862f99cd8","Various","","2-9a64d9b999c0d8e76835addd92993510694785e9ea5ab3c5114447cb95052099","root.record.ItemExhibitList.P5Item.P10AdvanceProcurement.APCostElementCategoryList.Other.APCostElement"
"2015","See End Item P-5A","2014-12","2015-06","140","107.000","","","","","2017-BASE_PROCUREMENT-2017-ARMY_AIRCRAFT-U_PROCUREMENT_JustificationBook_Army_PB_2017.zzz_unzipped-U_PROCUREMENT_JustificationBook_Army_PB_2017.xml","2bd4c0a1589e46892f050588acb05b9acd9f0eba50d9b990b2593abe3dddb364","0-2886c1381f8e49dfffe24a9afa06c0345993c1dee967f1d437cbcc339ad9a883","Various","","3-84b0f7b327416bf25151fba2349beebc19ca0930b77dbf692ac9a0984515de4b","root.record.ItemExhibitList.P5Item.P10AdvanceProcurement.APCostElementCategoryList.Other.APCostElement"
"2016","See End Item P-5A","2015-01","2016-07","164","107.000","","","","","2017-BASE_PROCUREMENT-2017-ARMY_AIRCRAFT-U_PROCUREMENT_JustificationBook_Army_PB_2017.zzz_unzipped-U_PROCUREMENT_JustificationBook_Army_PB_2017.xml","2bd4c0a1589e46892f050588acb05b9acd9f0eba50d9b990b2593abe3dddb364","1-61a226ccc8e0ed4f3b09eb6e37fab118c9d8b1d32dc527fd516d19183cb0cf05","Various","","3-84b0f7b327416bf25151fba2349beebc19ca0930b77dbf692ac9a0984515de4b","root.record.ItemExhibitList.P5Item.P10AdvanceProcurement.APCostElementCategoryList.Other.APCostElement"
"2017","See End Item P-5A","2016-12","2017-06","72","107.000","","","","","2017-BASE_PROCUREMENT-2017-ARMY_AIRCRAFT-U_PROCUREMENT_JustificationBook_Army_PB_2017.zzz_unzipped-U_PROCUREMENT_JustificationBook_Army_PB_2017.xml","2bd4c0a1589e46892f050588acb05b9acd9f0eba50d9b990b2593abe3dddb364","2-d26df5d0e5660b8422c35186d9351cd92e8ba2dbdc342d04914f702a4a7dd91e","Various","","3-84b0f7b327416bf25151fba2349beebc19ca0930b77dbf692ac9a0984515de4b","root.record.ItemExhibitList.P5Item.P10AdvanceProcurement.APCostElementCategoryList.Other.APCostElement"
"2015","See End Item P-5A","2014-12","2015-06","70","65.000","","","","","2017-BASE_PROCUREMENT-2017-ARMY_AIRCRAFT-U_PROCUREMENT_JustificationBook_Army_PB_2017.zzz_unzipped-U_PROCUREMENT_JustificationBook_Army_PB_2017.xml","2bd4c0a1589e46892f050588acb05b9acd9f0eba50d9b990b2593abe3dddb364","0-ceae2a2cf9e7b0df904498fd4e6992f576d7f578ef36e64fbe26156a299b9f34","Various","","4-328e5a56c683314c5285b8286d4510fcac090ac998df7678a29aea8b4318e4e9","root.record.ItemExhibitList.P5Item.P10AdvanceProcurement.APCostElementCategoryList.Other.APCostElement"
"2016","See End Item P-5A","2015-01","2016-07","82","65.000","","","","","2017-BASE_PROCUREMENT-2017-ARMY_AIRCRAFT-U_PROCUREMENT_JustificationBook_Army_PB_2017.zzz_unzipped-U_PROCUREMENT_JustificationBook_Army_PB_2017.xml","2bd4c0a1589e46892f050588acb05b9acd9f0eba50d9b990b2593abe3dddb364","1-4205ad5838911c7fc81b1d406fc6e8e88e4e607926927793360b9f5b1753bc78","Various","","4-328e5a56c683314c5285b8286d4510fcac090ac998df7678a29aea8b4318e4e9","root.record.ItemExhibitList.P5Item.P10AdvanceProcurement.APCostElementCategoryList.Other.APCostElement"
"2017","See End Item P-5A","2016-12","2017-06","36","65.000","","","","","2017-BASE_PROCUREMENT-2017-ARMY_AIRCRAFT-U_PROCUREMENT_JustificationBook_Army_PB_2017.zzz_unzipped-U_PROCUREMENT_JustificationBook_Army_PB_2017.xml","2bd4c0a1589e46892f050588acb05b9acd9f0eba50d9b990b2593abe3dddb364","2-a5e33c91660d2bd75586677cd65f41acaa17ebebe04a563db56be7dbbe334738","Various","","4-328e5a56c683314c5285b8286d4510fcac090ac998df7678a29aea8b4318e4e9","root.record.ItemExhibitList.P5Item.P10AdvanceProcurement.APCostElementCategoryList.Other.APCostElement"
"2015","See End Item P-5A","2014-12","2015-06","0","0.000","","","","","2017-BASE_PROCUREMENT-2017-ARMY_AIRCRAFT-U_PROCUREMENT_JustificationBook_Army_PB_2017.zzz_unzipped-U_PROCUREMENT_JustificationBook_Army_PB_2017.xml","2bd4c0a1589e46892f050588acb05b9acd9f0eba50d9b990b2593abe3dddb364","0-f2e785856f07dd15833750f01e4070ffa3fa3d8536569c1dd52f93115f45cae6","Various","","5-832c72137a2b7e28007bc0e545abe7701c06c09816d8101f07313a973cedf742","root.record.ItemExhibitList.P5Item.P10AdvanceProcurement.APCostElementCategoryList.Other.APCostElement"
"2015","See End Item P-5A","2014-12","2015-06","0","0.000","","","","","2017-BASE_PROCUREMENT-2017-ARMY_AIRCRAFT-U_PROCUREMENT_JustificationBook_Army_PB_2017.zzz_unzipped-U_PROCUREMENT_JustificationBook_Army_PB_2017.xml","2bd4c0a1589e46892f050588acb05b9acd9f0eba50d9b990b2593abe3dddb364","0-70c9116b83dc4bf879a6f6fca5c2d04a906aacb030fe4b7ae049834a50c674bb","Various","","6-156523a820cfeada5648931aa215d7220952cba5336caf45af2ac70b4156407b","root.record.ItemExhibitList.P5Item.P10AdvanceProcurement.APCostElementCategoryList.Other.APCostElement"
"2015","See End Item P-5A","2015-12","2017-01","0","93.000","","","","","2017-BASE_PROCUREMENT-2017-ARMY_MISSLE-U_PROCUREMENT_JustificationBook_Army_PB_2017.zzz_unzipped-U_PROCUREMENT_JustificationBook_Army_PB_2017.xml","abc7ddfa27f1d2d1fc08f8d9bc3ce8fba2a52b95a3784cecbaf8994aa4ab9ac3","0-802ea27e5655e3c11ec18f98965ec39627bcb376def7eef2f1972dd73dc51ec1","Various","","0-581945914dc7f2d4c23cd94b85e438d34b43b34f7be7e817bc00db2361a0d365","root.record.ItemExhibitList.P5Item.P10AdvanceProcurement.APCostElementCategoryList.Other.APCostElement"
"2017","See End Item P-5A","2017-02","2019-09","7","93.000","","","","","2017-BASE_PROCUREMENT-2017-ARMY_MISSLE-U_PROCUREMENT_JustificationBook_Army_PB_2017.zzz_unzipped-U_PROCUREMENT_JustificationBook_Army_PB_2017.xml","abc7ddfa27f1d2d1fc08f8d9bc3ce8fba2a52b95a3784cecbaf8994aa4ab9ac3","1-130dfff860d90b134a5625bbffb2ab797c3c686417f32e95ed72e29088e14015","Various","","0-581945914dc7f2d4c23cd94b85e438d34b43b34f7be7e817bc00db2361a0d365","root.record.ItemExhibitList.P5Item.P10AdvanceProcurement.APCostElementCategoryList.Other.APCostElement"
"2015","See End Item P-5A","2015-12","2016-12","0","87.000","","","","","2017-BASE_PROCUREMENT-2017-ARMY_MISSLE-U_PROCUREMENT_JustificationBook_Army_PB_2017.zzz_unzipped-U_PROCUREMENT_JustificationBook_Army_PB_2017.xml","abc7ddfa27f1d2d1fc08f8d9bc3ce8fba2a52b95a3784cecbaf8994aa4ab9ac3","0-a62afa445a5a9cf42d9226169e09a03fadbe95ac017209fccaf771d9cec63951","Various","","1-ff5f35783d53770204b81d73da5335cc761d1d23f71909ac8335909e7392d9e0","root.record.ItemExhibitList.P5Item.P10AdvanceProcurement.APCostElementCategoryList.Other.APCostElement"
"2017","See End Item P-5A","2017-02","2019-09","9","87.000","","","","","2017-BASE_PROCUREMENT-2017-ARMY_MISSLE-U_PROCUREMENT_JustificationBook_Army_PB_2017.zzz_unzipped-U_PROCUREMENT_JustificationBook_Army_PB_2017.xml","abc7ddfa27f1d2d1fc08f8d9bc3ce8fba2a52b95a3784cecbaf8994aa4ab9ac3","1-803f8a7f4217dbeb57e30e35ef2d54e9138106dcf8807f5c3d3347adb16e6c10","Various","","1-ff5f35783d53770204b81d73da5335cc761d1d23f71909ac8335909e7392d9e0","root.record.ItemExhibitList.P5Item.P10AdvanceProcurement.APCostElementCategoryList.Other.APCostElement"
"2015","See End Item P-5A","2015-12","2016-12","0","79.000","","","","","2017-BASE_PROCUREMENT-2017-ARMY_MISSLE-U_PROCUREMENT_JustificationBook_Army_PB_2017.zzz_unzipped-U_PROCUREMENT_JustificationBook_Army_PB_2017.xml","abc7ddfa27f1d2d1fc08f8d9bc3ce8fba2a52b95a3784cecbaf8994aa4ab9ac3","0-4e0008985ce96b4eb6f68e25a86d502077a7e6d6ba8be0709348d958d8b0cc25","Various","","2-aa96e50cbc42fe9c89e76fe99f46619bcc730f0234d4e44c42aefe20c211ac68","root.record.ItemExhibitList.P5Item.P10AdvanceProcurement.APCostElementCategoryList.Other.APCostElement"
"2017","See End Item P-5A","2017-02","2019-09","135","79.000","","","","","2017-BASE_PROCUREMENT-2017-ARMY_MISSLE-U_PROCUREMENT_JustificationBook_Army_PB_2017.zzz_unzipped-U_PROCUREMENT_JustificationBook_Army_PB_2017.xml","abc7ddfa27f1d2d1fc08f8d9bc3ce8fba2a52b95a3784cecbaf8994aa4ab9ac3","1-ec0814cf24a8d24f2eb839d7457408122e276e0d05e9216573bc67c6d06215db","Various","","2-aa96e50cbc42fe9c89e76fe99f46619bcc730f0234d4e44c42aefe20c211ac68","root.record.ItemExhibitList.P5Item.P10AdvanceProcurement.APCostElementCategoryList.Other.APCostElement"
"2015","See End Item P-5A","2015-12","2016-12","0","20.000","","","","","2017-BASE_PROCUREMENT-2017-ARMY_MISSLE-U_PROCUREMENT_JustificationBook_Army_PB_2017.zzz_unzipped-U_PROCUREMENT_JustificationBook_Army_PB_2017.xml","abc7ddfa27f1d2d1fc08f8d9bc3ce8fba2a52b95a3784cecbaf8994aa4ab9ac3","0-6020bb81b0e72d7914869d6c6688f7a6191eeb8159756c7f5113ee4c49404ab4","Various","","3-2ca800e7a9b907783abf2c511e512ca0eae5671407668ecf06347ab13ee0058f","root.record.ItemExhibitList.P5Item.P10AdvanceProcurement.APCostElementCategoryList.Other.APCostElement"
"2017","See End Item P-5A","2017-02","2019-09","135","20.000","","","","","2017-BASE_PROCUREMENT-2017-ARMY_MISSLE-U_PROCUREMENT_JustificationBook_Army_PB_2017.zzz_unzipped-U_PROCUREMENT_JustificationBook_Army_PB_2017.xml","abc7ddfa27f1d2d1fc08f8d9bc3ce8fba2a52b95a3784cecbaf8994aa4ab9ac3","1-a8cafa5f06e89d680df68c0d35f5f8c1db4c4631588e7ecbb5dee6ad97f9110c","Various","","3-2ca800e7a9b907783abf2c511e512ca0eae5671407668ecf06347ab13ee0058f","root.record.ItemExhibitList.P5Item.P10AdvanceProcurement.APCostElementCategoryList.Other.APCostElement"
"2015","See End Item P-5A","2015-12","2016-12","0","50.000","","","","","2017-BASE_PROCUREMENT-2017-ARMY_MISSLE-U_PROCUREMENT_JustificationBook_Army_PB_2017.zzz_unzipped-U_PROCUREMENT_JustificationBook_Army_PB_2017.xml","abc7ddfa27f1d2d1fc08f8d9bc3ce8fba2a52b95a3784cecbaf8994aa4ab9ac3","0-fc03ed4e694b3796d0f8c7149a8817f06164fed5378a891671a099b23b280762","Various","","4-a5475ad2b4cebaf2631dcd6959ad02bd52b4220b15f395a1ec116338c44c8899","root.record.ItemExhibitList.P5Item.P10AdvanceProcurement.APCostElementCategoryList.Other.APCostElement"
"2017","See End Item P-5A","2017-02","2019-09","9","50.000","","","","","2017-BASE_PROCUREMENT-2017-ARMY_MISSLE-U_PROCUREMENT_JustificationBook_Army_PB_2017.zzz_unzipped-U_PROCUREMENT_JustificationBook_Army_PB_2017.xml","abc7ddfa27f1d2d1fc08f8d9bc3ce8fba2a52b95a3784cecbaf8994aa4ab9ac3","1-05e6b36fc9f32996df4a98de59420dce7d10177770c3ea052eb2c041e74cdbc1","Various","","4-a5475ad2b4cebaf2631dcd6959ad02bd52b4220b15f395a1ec116338c44c8899","root.record.ItemExhibitList.P5Item.P10AdvanceProcurement.APCostElementCategoryList.Other.APCostElement"
"2015","See End Item P-5A","2015-12","2016-12","0","50.000","","","","","2017-BASE_PROCUREMENT-2017-ARMY_MISSLE-U_PROCUREMENT_JustificationBook_Army_PB_2017.zzz_unzipped-U_PROCUREMENT_JustificationBook_Army_PB_2017.xml","abc7ddfa27f1d2d1fc08f8d9bc3ce8fba2a52b95a3784cecbaf8994aa4ab9ac3","0-c4a8fd0c38ac8f2d60de59fc1c36f0fd8b34f6d9feb30dab4c03ac805e3c2bf1","Various","","5-83f4fe49f460b1e2f9f2fc1241d48097b47ba53afc8105f00898acae66a69ea3","root.record.ItemExhibitList.P5Item.P10AdvanceProcurement.APCostElementCategoryList.Other.APCostElement"
"2017","See End Item P-5A","2017-02","2019-09","9","50.000","","","","","2017-BASE_PROCUREMENT-2017-ARMY_MISSLE-U_PROCUREMENT_JustificationBook_Army_PB_2017.zzz_unzipped-U_PROCUREMENT_JustificationBook_Army_PB_2017.xml","abc7ddfa27f1d2d1fc08f8d9bc3ce8fba2a52b95a3784cecbaf8994aa4ab9ac3","1-c9da78d7658255f8c4fa39e0adba9439197a72a100ee2dcfeb210a8f913f2037","Various","","5-83f4fe49f460b1e2f9f2fc1241d48097b47ba53afc8105f00898acae66a69ea3","root.record.ItemExhibitList.P5Item.P10AdvanceProcurement.APCostElementCategoryList.Other.APCostElement"
"2015","See End Item P-5A","2015-12","2016-12","0","301.667","","","","","2017-BASE_PROCUREMENT-2017-ARMY_MISSLE-U_PROCUREMENT_JustificationBook_Army_PB_2017.zzz_unzipped-U_PROCUREMENT_JustificationBook_Army_PB_2017.xml","abc7ddfa27f1d2d1fc08f8d9bc3ce8fba2a52b95a3784cecbaf8994aa4ab9ac3","0-37c727813de84b9a3e726efc903fb2b3107336f6eaba48a6fc81d691ac966a37","Various","","6-ca65f2ef64147f06fe4a86831fcd8cfdf324d0cdfb8f5843423a6f11248cf369","root.record.ItemExhibitList.P5Item.P10AdvanceProcurement.APCostElementCategoryList.Other.APCostElement"
"2017","See End Item P-5A","2017-02","2019-09","12","301.667","","","","","2017-BASE_PROCUREMENT-2017-ARMY_MISSLE-U_PROCUREMENT_JustificationBook_Army_PB_2017.zzz_unzipped-U_PROCUREMENT_JustificationBook_Army_PB_2017.xml","abc7ddfa27f1d2d1fc08f8d9bc3ce8fba2a52b95a3784cecbaf8994aa4ab9ac3","1-421fab2639addee5aea94c1ff5cb8fb0fca1ee45c45de97c31950cc78cfd1af6","Various","","6-ca65f2ef64147f06fe4a86831fcd8cfdf324d0cdfb8f5843423a6f11248cf369","root.record.ItemExhibitList.P5Item.P10AdvanceProcurement.APCostElementCategoryList.Other.APCostElement"
"2016","See End Item P-5A","2016-04","2017-06","324","77.000","","","","","2017-BASE_PROCUREMENT-2017-ARMY_MISSLE-U_PROCUREMENT_JustificationBook_Army_PB_2017.zzz_unzipped-U_PROCUREMENT_JustificationBook_Army_PB_2017.xml","8e5e79c284bc6a2fded409e3c871f1ba2ee794aa21282c392687ee8481df7ce2","0-6a8d2a5625bc623742e7e9888af58c7725e252384939995f3437c71f199834ba","Various","","0-79d8d836f4e0094e40f1b24756d67e83a6f71b2116ebff0065f29a23b20dc059","root.record.ItemExhibitList.P5Item.P10AdvanceProcurement.APCostElementCategoryList.Other.APCostElement"
"2016","See End Item P-5A","2016-04","2017-10","324","9.000","","","","","2017-BASE_PROCUREMENT-2017-ARMY_MISSLE-U_PROCUREMENT_JustificationBook_Army_PB_2017.zzz_unzipped-U_PROCUREMENT_JustificationBook_Army_PB_2017.xml","8e5e79c284bc6a2fded409e3c871f1ba2ee794aa21282c392687ee8481df7ce2","0-a61e3ac263cdbd98c2643659339a600f0d0228bc65703b2cd8a11a248989cc5e","Various","","1-6573be004d6f47447d1527df3d7351920a7a1e9106c635f159f395052afb1608","root.record.ItemExhibitList.P5Item.P10AdvanceProcurement.APCostElementCategoryList.Other.APCostElement"
"2017","See End Item P-5A","2017-04","2018-07","496","56.653","","","","","2017-BASE_PROCUREMENT-2017-ARMY_MISSLE-U_PROCUREMENT_JustificationBook_Army_PB_2017.zzz_unzipped-U_PROCUREMENT_JustificationBook_Army_PB_2017.xml","8e5e79c284bc6a2fded409e3c871f1ba2ee794aa21282c392687ee8481df7ce2","0-1289e03526965e365aff95f6fc691c797b4f72f872383f9b9478f0d3719a76b4","Various","","2-a7df1f4aa1577040219c13a0886840afcafcb19ea9be2348def23e41455e178c","root.record.ItemExhibitList.P5Item.P10AdvanceProcurement.APCostElementCategoryList.Other.APCostElement"
"2017","See End Item P-5A","2017-04","2018-07","496","18.145","","","","","2017-BASE_PROCUREMENT-2017-ARMY_MISSLE-U_PROCUREMENT_JustificationBook_Army_PB_2017.zzz_unzipped-U_PROCUREMENT_JustificationBook_Army_PB_2017.xml","8e5e79c284bc6a2fded409e3c871f1ba2ee794aa21282c392687ee8481df7ce2","0-f0520835bc58f61a6477ed82b7cb6fe563a68fc3f9217e344936fdce7acf3ffc","Various","","3-86d49e676324905342028095ab14f9efd6f5fb339b27845c487c3ba16ff64d71","root.record.ItemExhibitList.P5Item.P10AdvanceProcurement.APCostElementCategoryList.Other.APCostElement"
"2015","See End Item P-5A","2014-12","2016-07","1","1.529","","","","","2017-BASE_PROCUREMENT-2017-ARMY_MISSLE-U_PROCUREMENT_JustificationBook_Army_PB_2017.zzz_unzipped-U_PROCUREMENT_JustificationBook_Army_PB_2017.xml","b3c74fde820ba871359db2d9522d14158bcc7cc300d55daa3c70268eb1ca04a0","0-1c27eba1895a68154b65db00147a75a4da7a87197ad83971d118d41cc03afdc1","Various","","0-f8b9879684afcfd28ef2dd45cc361630937a77b5a47b6481d374443fceba73ed","root.record.ItemExhibitList.P5Item.P10AdvanceProcurement.APCostElementCategoryList.Other.APCostElement"
"2017","See End Item P-5A","2017-05","2018-12","588","1.529","","","","","2017-BASE_PROCUREMENT-2017-ARMY_MISSLE-U_PROCUREMENT_JustificationBook_Army_PB_2017.zzz_unzipped-U_PROCUREMENT_JustificationBook_Army_PB_2017.xml","b3c74fde820ba871359db2d9522d14158bcc7cc300d55daa3c70268eb1ca04a0","1-7217cbef98e2d6bece9b2ab1cdc321b8fd620ba103a6a21df659ded4a389603f","Various","","0-f8b9879684afcfd28ef2dd45cc361630937a77b5a47b6481d374443fceba73ed","root.record.ItemExhibitList.P5Item.P10AdvanceProcurement.APCostElementCategoryList.Other.APCostElement"
"2015","See End Item P-5A","2014-12","2016-07","0","0.284","","","","","2017-BASE_PROCUREMENT-2017-ARMY_MISSLE-U_PROCUREMENT_JustificationBook_Army_PB_2017.zzz_unzipped-U_PROCUREMENT_JustificationBook_Army_PB_2017.xml","b3c74fde820ba871359db2d9522d14158bcc7cc300d55daa3c70268eb1ca04a0","0-976ad690134d8c5b01150f233c02aa9a584af35cfc993ec7d12e9f2123102da4","Various","","1-0e7e9162871a2039bd30b337ae1d9ca2bb576705b81a86c08d6815fc94c9d116","root.record.ItemExhibitList.P5Item.P10AdvanceProcurement.APCostElementCategoryList.Other.APCostElement"
"2017","See End Item P-5A","2017-05","2018-12","595","0.284","","","","","2017-BASE_PROCUREMENT-2017-ARMY_MISSLE-U_PROCUREMENT_JustificationBook_Army_PB_2017.zzz_unzipped-U_PROCUREMENT_JustificationBook_Army_PB_2017.xml","b3c74fde820ba871359db2d9522d14158bcc7cc300d55daa3c70268eb1ca04a0","1-f9ec72e8f545f2316bbb430957d384bbe7948997d44b5b762f45861f9a541ebc","Various","","1-0e7e9162871a2039bd30b337ae1d9ca2bb576705b81a86c08d6815fc94c9d116","root.record.ItemExhibitList.P5Item.P10AdvanceProcurement.APCostElementCategoryList.Other.APCostElement"
"2015","See End Item P-5A","2014-12","2016-07","7","11.882","","","","","2017-BASE_PROCUREMENT-2017-ARMY_MISSLE-U_PROCUREMENT_JustificationBook_Army_PB_2017.zzz_unzipped-U_PROCUREMENT_JustificationBook_Army_PB_2017.xml","b3c74fde820ba871359db2d9522d14158bcc7cc300d55daa3c70268eb1ca04a0","0-0e4558fc48c416e8fff59bbd52ee713ac3fad474d0dc8dccc15161c1b04ac9c5","Various","","2-7d476e1020d8b588c35094e2d69f0b997083510d1ce83351fda9b95658c82d6d","root.record.ItemExhibitList.P5Item.P10AdvanceProcurement.APCostElementCategoryList.Other.APCostElement"
"2017","See End Item P-5A","2017-05","2018-12","595","11.882","","","","","2017-BASE_PROCUREMENT-2017-ARMY_MISSLE-U_PROCUREMENT_JustificationBook_Army_PB_2017.zzz_unzipped-U_PROCUREMENT_JustificationBook_Army_PB_2017.xml","b3c74fde820ba871359db2d9522d14158bcc7cc300d55daa3c70268eb1ca04a0","1-c0a31f3479d8f1ef2936b7d3ad8c09783f5414a7d2be0698a51d1ad623cbeea0","Various","","2-7d476e1020d8b588c35094e2d69f0b997083510d1ce83351fda9b95658c82d6d","root.record.ItemExhibitList.P5Item.P10AdvanceProcurement.APCostElementCategoryList.Other.APCostElement"
"2015","See End Item P-5A","2014-12","2016-07","2","2.583","","","","","2017-BASE_PROCUREMENT-2017-ARMY_MISSLE-U_PROCUREMENT_JustificationBook_Army_PB_2017.zzz_unzipped-U_PROCUREMENT_JustificationBook_Army_PB_2017.xml","b3c74fde820ba871359db2d9522d14158bcc7cc300d55daa3c70268eb1ca04a0","0-c2a9ba2859bce968c377816970ac6cdce7453ce196d3b65d0d3b4d5aa7bbb918","Various","","3-e2ad9e019c68416c358c00c9f47a77dd4e3c03ae93d6b088550e5ff69a63771c","root.record.ItemExhibitList.P5Item.P10AdvanceProcurement.APCostElementCategoryList.Other.APCostElement"
"2017","See End Item P-5A","2017-05","2018-12","595","2.583","","","","","2017-BASE_PROCUREMENT-2017-ARMY_MISSLE-U_PROCUREMENT_JustificationBook_Army_PB_2017.zzz_unzipped-U_PROCUREMENT_JustificationBook_Army_PB_2017.xml","b3c74fde820ba871359db2d9522d14158bcc7cc300d55daa3c70268eb1ca04a0","1-d446e70683f71afb34cbbc434a35f4221d87c1ae139a51a083218ed229ebcda5","Various","","3-e2ad9e019c68416c358c00c9f47a77dd4e3c03ae93d6b088550e5ff69a63771c","root.record.ItemExhibitList.P5Item.P10AdvanceProcurement.APCostElementCategoryList.Other.APCostElement"
"2015","See End Item P-5A","2014-12","2016-07","0","0.594","","","","","2017-BASE_PROCUREMENT-2017-ARMY_MISSLE-U_PROCUREMENT_JustificationBook_Army_PB_2017.zzz_unzipped-U_PROCUREMENT_JustificationBook_Army_PB_2017.xml","b3c74fde820ba871359db2d9522d14158bcc7cc300d55daa3c70268eb1ca04a0","0-b81b18d0df7aa57b12d6d07a25014d1b0a6e35244a1701e6d97f0d3e719d44c5","Various","","4-1a0360c91372636a03a7af11224fcd933bc61db2e9af389e853de829895c60a4","root.record.ItemExhibitList.P5Item.P10AdvanceProcurement.APCostElementCategoryList.Other.APCostElement"
"2017","See End Item P-5A","2017-05","2018-12","588","0.594","","","","","2017-BASE_PROCUREMENT-2017-ARMY_MISSLE-U_PROCUREMENT_JustificationBook_Army_PB_2017.zzz_unzipped-U_PROCUREMENT_JustificationBook_Army_PB_2017.xml","b3c74fde820ba871359db2d9522d14158bcc7cc300d55daa3c70268eb1ca04a0","1-3891139f221d4a1560207e56cb01a4b81c31992d54284a35b97bf432f659fff5","Various","","4-1a0360c91372636a03a7af11224fcd933bc61db2e9af389e853de829895c60a4","root.record.ItemExhibitList.P5Item.P10AdvanceProcurement.APCostElementCategoryList.Other.APCostElement"
"2015","See End Item P-5A","2014-12","2016-07","9","14.244","","","","","2017-BASE_PROCUREMENT-2017-ARMY_MISSLE-U_PROCUREMENT_JustificationBook_Army_PB_2017.zzz_unzipped-U_PROCUREMENT_JustificationBook_Army_PB_2017.xml","b3c74fde820ba871359db2d9522d14158bcc7cc300d55daa3c70268eb1ca04a0","0-1d34e28af133a4c52289d2bd4e761b0dac01b5cf8236565e1d7f92a5a31cc331","Various","","5-f5bb032f8b0291c2c11227815a2fa881f60b5075efd3706d3642f4853f999613","root.record.ItemExhibitList.P5Item.P10AdvanceProcurement.APCostElementCategoryList.Other.APCostElement"
"2017","See End Item P-5A","2017-05","2018-12","595","14.244","","","","","2017-BASE_PROCUREMENT-2017-ARMY_MISSLE-U_PROCUREMENT_JustificationBook_Army_PB_2017.zzz_unzipped-U_PROCUREMENT_JustificationBook_Army_PB_2017.xml","b3c74fde820ba871359db2d9522d14158bcc7cc300d55daa3c70268eb1ca04a0","1-087da19f4b87b324e2790a760e44602872b2362b4194a4b8fbad6b211640f6c8","Various","","5-f5bb032f8b0291c2c11227815a2fa881f60b5075efd3706d3642f4853f999613","root.record.ItemExhibitList.P5Item.P10AdvanceProcurement.APCostElementCategoryList.Other.APCostElement"
"2015","See End Item P-5A","2014-12","2016-07","1","1.529","","","","","2017-BASE_PROCUREMENT-2017-ARMY_MISSLE-U_PROCUREMENT_JustificationBook_Army_PB_2017.zzz_unzipped-U_PROCUREMENT_JustificationBook_Army_PB_2017.xml","b3c74fde820ba871359db2d9522d14158bcc7cc300d55daa3c70268eb1ca04a0","0-0fff4bf296bc7232e99fd17b03427f4c30d14bc7a69e1dad4eb91d910277098a","Various","","6-99f4956b64ce3b81ee89e4e1ec8acc4ec7577f4757680a34a748d198c49f92a7","root.record.ItemExhibitList.P5Item.P10AdvanceProcurement.APCostElementCategoryList.Other.APCostElement"
"2017","See End Item P-5A","2017-05","2018-12","595","1.529","","","","","2017-BASE_PROCUREMENT-2017-ARMY_MISSLE-U_PROCUREMENT_JustificationBook_Army_PB_2017.zzz_unzipped-U_PROCUREMENT_JustificationBook_Army_PB_2017.xml","b3c74fde820ba871359db2d9522d14158bcc7cc300d55daa3c70268eb1ca04a0","1-f07aca2c10086a2f717dc7bc6447804c4bbdc47d9b70be9485e38956efec4d4d","Various","","6-99f4956b64ce3b81ee89e4e1ec8acc4ec7577f4757680a34a748d198c49f92a7","root.record.ItemExhibitList.P5Item.P10AdvanceProcurement.APCostElementCategoryList.Other.APCostElement"
"2015","See End Item P-5A","2014-12","2016-07","1","0.908","","","","","2017-BASE_PROCUREMENT-2017-ARMY_MISSLE-U_PROCUREMENT_JustificationBook_Army_PB_2017.zzz_unzipped-U_PROCUREMENT_JustificationBook_Army_PB_2017.xml","b3c74fde820ba871359db2d9522d14158bcc7cc300d55daa3c70268eb1ca04a0","0-36e7917aa9ed0aee570f88b02496e208cae29a4cd686e1bf530f1040cfe9e38f","Various","","7-4ebbe7f44eac6c77eb922bbd8e91d77468f13534c67f16f8149204317148df55","root.record.ItemExhibitList.P5Item.P10AdvanceProcurement.APCostElementCategoryList.Other.APCostElement"
"2017","See End Item P-5A","2017-05","2018-12","595","0.908","","","","","2017-BASE_PROCUREMENT-2017-ARMY_MISSLE-U_PROCUREMENT_JustificationBook_Army_PB_2017.zzz_unzipped-U_PROCUREMENT_JustificationBook_Army_PB_2017.xml","b3c74fde820ba871359db2d9522d14158bcc7cc300d55daa3c70268eb1ca04a0","1-31331d480aef070f2e1d670a2695ed1721250cf2b8e576cd60a92cfba0e0ff08","Various","","7-4ebbe7f44eac6c77eb922bbd8e91d77468f13534c67f16f8149204317148df55","root.record.ItemExhibitList.P5Item.P10AdvanceProcurement.APCostElementCategoryList.Other.APCostElement"
"2018","LAAFB, CA","2018-08","2025-04","1","132.420","true","","","","2018-BASE_PROCUREMENT-2018-AIRFORCE_SPACE-U_PROCUREMENT_JustificationBook_Air_Force_PB_2018.zzz_unzipped-U_PROCUREMENT_JustificationBook_Air_Force_PB_2018.xml","349c370ac6bc97a5ad160143ded991d0d22dea7de2bf966fd5e97c39409da319","0-b10c8ff266b43da345fd6ffa4f7ebb0303d0894a4a4523ce7cefc352b29d4a0e","TBD","2017-04","0-6f989e772c8b5f08200f1881d22017555f9994807b945a3944259fe9406d21b8","root.record.ItemExhibitList.P5Item.P10AdvanceProcurement.APCostElementCategoryList.Other.APCostElement"
"2018","LAAFB, CA","2018-08","2025-04","1","132.420","true","","","","2018-BASE_PROCUREMENT-2018-AIRFORCE_SPACE-U_PROCUREMENT_MasterJustificationBook_Air_Force_PB_2018.zzz_unzipped-U_PROCUREMENT_MasterJustificationBook_Air_Force_PB_2018.xml","5a6e56aaee2cd93fc0c6924a649668af9970661371ccd8532aa15662b3047718","0-404417976aaacba3918bf1ae3faca73900be63e69a70b2c2b14c28898fcd9c1c","TBD","2017-04","0-0e2d921d0720eb41a4ed1196650033b793f1e63ed01ff3312ecb6e537d424c0f","root.record.ItemExhibitList.P5Item.P10AdvanceProcurement.APCostElementCategoryList.Other.APCostElement"
