FiscalYear_val,PCOLocation_val,AwardDate_val,FirstDeliveryDate_val,Quantity_val,UnitCost_val,SpecsAvailableNow_val,RFPIssueDate_val,ContractMethod_val,ContractType_val,@SOURCE_FILENAME,@RECORDID,@ROWID,FundingVehicle_val,RevisionsAvailableDate_val,@PARENTROWID,@PARENT
"2010","LAAFB, CA","2011-12","2016-01","2","47.995","true","2007-07","C","CPAF","2015-BASE_PROCUREMENT-2015-AIRFORCE_MISSILE-PROCUREMENT_JustificationBook_Air_Force_PB_2015.zzz_unzipped-PROCUREMENT_JustificationBook_Air_Force_PB_2015.xml","27d3e87bb2fc7e3e342a740b15883c038cc1395873b8ef70810bbcfee7a54946","0-a3cfe16d1258513a6049391a0e72ce533dd025cb41785acf9e7186cc2c5dc648","","","0-0e772b2d2123b41bc4bc0881d50aa7346388af639cf1fbd272c7ec978afe08ac","root.record.ItemExhibitList.P5Item.P10AdvanceProcurement.APCostElementCategoryList.Other.APCostElement"
"2012","LAAFB, CA","2013-04","2017-01","2","40.732","true","2012-08","SS","FPIF","2015-BASE_PROCUREMENT-2015-AIRFORCE_MISSILE-PROCUREMENT_JustificationBook_Air_Force_PB_2015.zzz_unzipped-PROCUREMENT_JustificationBook_Air_Force_PB_2015.xml","27d3e87bb2fc7e3e342a740b15883c038cc1395873b8ef70810bbcfee7a54946","1-9909d49ed7507e08cbd68fca31495a06c71dce2bb3c074079bb8a12c92b510ab","","","0-0e772b2d2123b41bc4bc0881d50aa7346388af639cf1fbd272c7ec978afe08ac","root.record.ItemExhibitList.P5Item.P10AdvanceProcurement.APCostElementCategoryList.Other.APCostElement"
"2013","LAAFB, CA","2013-04","2017-12","2","41.254","true","2012-08","SS","FPIF","2015-BASE_PROCUREMENT-2015-AIRFORCE_MISSILE-PROCUREMENT_JustificationBook_Air_Force_PB_2015.zzz_unzipped-PROCUREMENT_JustificationBook_Air_Force_PB_2015.xml","27d3e87bb2fc7e3e342a740b15883c038cc1395873b8ef70810bbcfee7a54946","2-2a4605186dc3d5af6212698d2c730e628f91250933d4fdbcf3482feffa205652","","","0-0e772b2d2123b41bc4bc0881d50aa7346388af639cf1fbd272c7ec978afe08ac","root.record.ItemExhibitList.P5Item.P10AdvanceProcurement.APCostElementCategoryList.Other.APCostElement"
"2014","LAAFB, CA","2014-04","2018-08","1","52.167","true","2007-07","C","CPAF","2015-BASE_PROCUREMENT-2015-AIRFORCE_MISSILE-PROCUREMENT_JustificationBook_Air_Force_PB_2015.zzz_unzipped-PROCUREMENT_JustificationBook_Air_Force_PB_2015.xml","27d3e87bb2fc7e3e342a740b15883c038cc1395873b8ef70810bbcfee7a54946","0-b8c186b8e5a9bfc58ef4cddc46cb7868c1597a89d64ed1e1e512e5bb72fa6a29","","","0-bf23a782de3b5508f155ecceddd3aa53206cb3bb50e0d4a7dfa654fe0f898164","root.record.ItemExhibitList.P5Item.P10AdvanceProcurement.APCostElementCategoryList.Other.APCostElement"
"2015","LAAFB, CA","2015-04","2018-12","1","57.000","true","2007-07","C","CPAF","2015-BASE_PROCUREMENT-2015-AIRFORCE_MISSILE-PROCUREMENT_JustificationBook_Air_Force_PB_2015.zzz_unzipped-PROCUREMENT_JustificationBook_Air_Force_PB_2015.xml","27d3e87bb2fc7e3e342a740b15883c038cc1395873b8ef70810bbcfee7a54946","1-a793dbdb9b42c38f6f8101d1d3ab22e80149283073958135f3c5c362c1a449ae","","","0-bf23a782de3b5508f155ecceddd3aa53206cb3bb50e0d4a7dfa654fe0f898164","root.record.ItemExhibitList.P5Item.P10AdvanceProcurement.APCostElementCategoryList.Other.APCostElement"
"2010","LAAFB, CA","2011-12","2016-01","2","47.995","true","2007-07","C","CPAF","2015-BASE_PROCUREMENT-2015-AIRFORCE_MISSILE-PROCUREMENT_MasterJustificationBook_Air_Force_PB_2015.zzz_unzipped-PROCUREMENT_MasterJustificationBook_Air_Force_PB_2015.xml","33b3b0ad5835d13cc15e7e273b3a3b0e797b8b7474e6a63df610479ef30e8683","0-9b1713dbade5b821fcf87ebc656bf047aa1d8eab1f3159ceb82a5548905db2e0","","","0-b3cfdb1222f18a6af2da4588b1bde9af083fb130fb4d24b9fd86d2f9da86542c","root.record.ItemExhibitList.P5Item.P10AdvanceProcurement.APCostElementCategoryList.Other.APCostElement"
"2012","LAAFB, CA","2013-04","2017-01","2","40.732","true","2012-08","SS","FPIF","2015-BASE_PROCUREMENT-2015-AIRFORCE_MISSILE-PROCUREMENT_MasterJustificationBook_Air_Force_PB_2015.zzz_unzipped-PROCUREMENT_MasterJustificationBook_Air_Force_PB_2015.xml","33b3b0ad5835d13cc15e7e273b3a3b0e797b8b7474e6a63df610479ef30e8683","1-4f892d939252f53741d84cc87d64690d953b572e85d7d222dce80d7c72aa4e7b","","","0-b3cfdb1222f18a6af2da4588b1bde9af083fb130fb4d24b9fd86d2f9da86542c","root.record.ItemExhibitList.P5Item.P10AdvanceProcurement.APCostElementCategoryList.Other.APCostElement"
"2013","LAAFB, CA","2013-04","2017-12","2","41.254","true","2012-08","SS","FPIF","2015-BASE_PROCUREMENT-2015-AIRFORCE_MISSILE-PROCUREMENT_MasterJustificationBook_Air_Force_PB_2015.zzz_unzipped-PROCUREMENT_MasterJustificationBook_Air_Force_PB_2015.xml","33b3b0ad5835d13cc15e7e273b3a3b0e797b8b7474e6a63df610479ef30e8683","2-4c7d20fa61ecf7b8c2cc5647178784914d3a6687bbcdf1a4afd918f945c9fc9a","","","0-b3cfdb1222f18a6af2da4588b1bde9af083fb130fb4d24b9fd86d2f9da86542c","root.record.ItemExhibitList.P5Item.P10AdvanceProcurement.APCostElementCategoryList.Other.APCostElement"
"2014","LAAFB, CA","2014-04","2018-08","1","52.167","true","2007-07","C","CPAF","2015-BASE_PROCUREMENT-2015-AIRFORCE_MISSILE-PROCUREMENT_MasterJustificationBook_Air_Force_PB_2015.zzz_unzipped-PROCUREMENT_MasterJustificationBook_Air_Force_PB_2015.xml","33b3b0ad5835d13cc15e7e273b3a3b0e797b8b7474e6a63df610479ef30e8683","0-baf2eef4678d414ef38bb8b4961ab99f16ae4a0dec8b227dab2b282ad06c0206","","","0-07a703890650d983faa1c90c14e5f26b7de17d5a894cd2226f6f82af5f33c4e6","root.record.ItemExhibitList.P5Item.P10AdvanceProcurement.APCostElementCategoryList.Other.APCostElement"
"2015","LAAFB, CA","2015-04","2018-12","1","57.000","true","2007-07","C","CPAF","2015-BASE_PROCUREMENT-2015-AIRFORCE_MISSILE-PROCUREMENT_MasterJustificationBook_Air_Force_PB_2015.zzz_unzipped-PROCUREMENT_MasterJustificationBook_Air_Force_PB_2015.xml","33b3b0ad5835d13cc15e7e273b3a3b0e797b8b7474e6a63df610479ef30e8683","1-b1fe5d297fc733e3b68e617afae8ed763898d7d9d64924df17d374204329a02e","","","0-07a703890650d983faa1c90c14e5f26b7de17d5a894cd2226f6f82af5f33c4e6","root.record.ItemExhibitList.P5Item.P10AdvanceProcurement.APCostElementCategoryList.Other.APCostElement"
"2013","See End Item P-5A","2014-01","2015-01","108000","1.002","","","","","2015-BASE_PROCUREMENT-2015-ARMY_AIRCRAFT-PROCUREMENT_JustificationBook_Army_PB_2015.zzz_unzipped-PROCUREMENT_JustificationBook_Army_PB_2015.xml","62f6ef9a043a9fec682788a7de44311e99dedee29bd5c341afa6fde24eb5828a","0-05413a1b06d4272856d125880eb6da52750181fc05444184850d076942135e93","Various","","0-64e405c106b2f449bef3f1844ac011f816c7e51240dcd9fa3557d379b48bb785","root.record.ItemExhibitList.P5Item.P10AdvanceProcurement.APCostElementCategoryList.Other.APCostElement"
"2014","See End Item P-5A","2015-01","2016-01","151000","1.002","","","","","2015-BASE_PROCUREMENT-2015-ARMY_AIRCRAFT-PROCUREMENT_JustificationBook_Army_PB_2015.zzz_unzipped-PROCUREMENT_JustificationBook_Army_PB_2015.xml","62f6ef9a043a9fec682788a7de44311e99dedee29bd5c341afa6fde24eb5828a","1-5972f35697ea30c436e2cdf88bee62f05961da55831c0951572d2710ceae9554","Various","","0-64e405c106b2f449bef3f1844ac011f816c7e51240dcd9fa3557d379b48bb785","root.record.ItemExhibitList.P5Item.P10AdvanceProcurement.APCostElementCategoryList.Other.APCostElement"
"2015","See End Item P-5A","2016-01","2016-01","157000","1.002","","","","","2015-BASE_PROCUREMENT-2015-ARMY_AIRCRAFT-PROCUREMENT_JustificationBook_Army_PB_2015.zzz_unzipped-PROCUREMENT_JustificationBook_Army_PB_2015.xml","62f6ef9a043a9fec682788a7de44311e99dedee29bd5c341afa6fde24eb5828a","2-f2d3073e1dce92486aff185ed46221baacd78a55b3142f9adf7589a4a2bf386e","Various","","0-64e405c106b2f449bef3f1844ac011f816c7e51240dcd9fa3557d379b48bb785","root.record.ItemExhibitList.P5Item.P10AdvanceProcurement.APCostElementCategoryList.Other.APCostElement"
"2013","See End Item P-5A","2014-01","2015-01","146121.000","0","","","","","2015-BASE_PROCUREMENT-2015-ARMY_AIRCRAFT-PROCUREMENT_JustificationBook_Army_PB_2015.zzz_unzipped-PROCUREMENT_JustificationBook_Army_PB_2015.xml","2bdce7c18153efee420e7677d1e5f3e6ba384304fd1aecc685db4f2c5604c74c","0-7e64a47ba5c035597243c29dfd2cbd8b86e4898b54087a968898ae50d068bd92","Various","","0-b8e615d49c8c5791ee7acc04914ece8147c7d441c58942b20f57a1c3f9ab1286","root.record.ItemExhibitList.P5Item.P10AdvanceProcurement.APCostElementCategoryList.Other.APCostElement"
"2013","See End Item P-5A","2014-01","2015-07","39000","0.909","","","","","2015-BASE_PROCUREMENT-2015-ARMY_AIRCRAFT-PROCUREMENT_JustificationBook_Army_PB_2015.zzz_unzipped-PROCUREMENT_JustificationBook_Army_PB_2015.xml","fd4b9a1a29f6b7830f84536375508fd7a710871d0b914e998de479d348ca9efb","0-584c85e419db8a40d0c94ef24ef017cfe07b304f87e57019df33fc4c03315f48","Various","","0-f73c2f9506a81e841f3bbfde7b09c46807e954dcc1dcd3e458c67fa29ae922a3","root.record.ItemExhibitList.P5Item.P10AdvanceProcurement.APCostElementCategoryList.Other.APCostElement"
"2014","See End Item P-5A","2014-02","2015-08","65000","0.909","","","","","2015-BASE_PROCUREMENT-2015-ARMY_AIRCRAFT-PROCUREMENT_JustificationBook_Army_PB_2015.zzz_unzipped-PROCUREMENT_JustificationBook_Army_PB_2015.xml","fd4b9a1a29f6b7830f84536375508fd7a710871d0b914e998de479d348ca9efb","1-2d0d4f088fa67996d0adc97555148d0aadfcbfa3eeed5ebcb92b9bbcacd67d7e","Various","","0-f73c2f9506a81e841f3bbfde7b09c46807e954dcc1dcd3e458c67fa29ae922a3","root.record.ItemExhibitList.P5Item.P10AdvanceProcurement.APCostElementCategoryList.Other.APCostElement"
"2015","See End Item P-5A","2015-01","2015-01","47000","0.909","","","","","2015-BASE_PROCUREMENT-2015-ARMY_AIRCRAFT-PROCUREMENT_JustificationBook_Army_PB_2015.zzz_unzipped-PROCUREMENT_JustificationBook_Army_PB_2015.xml","fd4b9a1a29f6b7830f84536375508fd7a710871d0b914e998de479d348ca9efb","2-62a0db37040015c729f3301d0e8a55d08c9a066c71bad0fd48e9d3114005c1d9","Various","","0-f73c2f9506a81e841f3bbfde7b09c46807e954dcc1dcd3e458c67fa29ae922a3","root.record.ItemExhibitList.P5Item.P10AdvanceProcurement.APCostElementCategoryList.Other.APCostElement"
"2013","See End Item P-5A","2014-01","2014-07","39000","0.098","","","","","2015-BASE_PROCUREMENT-2015-ARMY_AIRCRAFT-PROCUREMENT_JustificationBook_Army_PB_2015.zzz_unzipped-PROCUREMENT_JustificationBook_Army_PB_2015.xml","fd4b9a1a29f6b7830f84536375508fd7a710871d0b914e998de479d348ca9efb","0-835b7848f65132353bf0fe387d3a5ff2a0a56df55fca6b2b95612a1a6c0b5d25","Various","","1-a28d994eab69c41aee1029f5bf811a5cd43865796bacb9918ad5f82a5a0b7288","root.record.ItemExhibitList.P5Item.P10AdvanceProcurement.APCostElementCategoryList.Other.APCostElement"
"2014","See End Item P-5A","2014-02","2014-08","65000","0.098","","","","","2015-BASE_PROCUREMENT-2015-ARMY_AIRCRAFT-PROCUREMENT_JustificationBook_Army_PB_2015.zzz_unzipped-PROCUREMENT_JustificationBook_Army_PB_2015.xml","fd4b9a1a29f6b7830f84536375508fd7a710871d0b914e998de479d348ca9efb","1-0aa78c810423179f828f3773034514d1180bc7e01528f3f40581972a5109e5ee","Various","","1-a28d994eab69c41aee1029f5bf811a5cd43865796bacb9918ad5f82a5a0b7288","root.record.ItemExhibitList.P5Item.P10AdvanceProcurement.APCostElementCategoryList.Other.APCostElement"
"2015","See End Item P-5A","2015-01","2015-01","47000","0.098","","","","","2015-BASE_PROCUREMENT-2015-ARMY_AIRCRAFT-PROCUREMENT_JustificationBook_Army_PB_2015.zzz_unzipped-PROCUREMENT_JustificationBook_Army_PB_2015.xml","fd4b9a1a29f6b7830f84536375508fd7a710871d0b914e998de479d348ca9efb","2-e8c4e8791ee6560da2b25d9d903c8f3e6d3b7811043bed464f13f15dcbd2c723","Various","","1-a28d994eab69c41aee1029f5bf811a5cd43865796bacb9918ad5f82a5a0b7288","root.record.ItemExhibitList.P5Item.P10AdvanceProcurement.APCostElementCategoryList.Other.APCostElement"
"2013","See End Item P-5A","2014-01","2015-03","78000","0.744","","","","","2015-BASE_PROCUREMENT-2015-ARMY_AIRCRAFT-PROCUREMENT_JustificationBook_Army_PB_2015.zzz_unzipped-PROCUREMENT_JustificationBook_Army_PB_2015.xml","fd4b9a1a29f6b7830f84536375508fd7a710871d0b914e998de479d348ca9efb","0-fd178e341f8429b0909c52981bd43e68b046c67512f3e5230481731520dc0ef1","Various","","2-9bbc5c1a75f002c774345481129dc584bdb79b3dcd6fb8edd46f7dd885023888","root.record.ItemExhibitList.P5Item.P10AdvanceProcurement.APCostElementCategoryList.Other.APCostElement"
"2014","See End Item P-5A","2014-02","2015-04","130000","0.744","","","","","2015-BASE_PROCUREMENT-2015-ARMY_AIRCRAFT-PROCUREMENT_JustificationBook_Army_PB_2015.zzz_unzipped-PROCUREMENT_JustificationBook_Army_PB_2015.xml","fd4b9a1a29f6b7830f84536375508fd7a710871d0b914e998de479d348ca9efb","1-8521cfc15faf596c6657db6aa6cd313437abd584c96f9c3d8ac4860aa264ed6f","Various","","2-9bbc5c1a75f002c774345481129dc584bdb79b3dcd6fb8edd46f7dd885023888","root.record.ItemExhibitList.P5Item.P10AdvanceProcurement.APCostElementCategoryList.Other.APCostElement"
"2015","See End Item P-5A","2015-01","2015-01","94000","0.744","","","","","2015-BASE_PROCUREMENT-2015-ARMY_AIRCRAFT-PROCUREMENT_JustificationBook_Army_PB_2015.zzz_unzipped-PROCUREMENT_JustificationBook_Army_PB_2015.xml","fd4b9a1a29f6b7830f84536375508fd7a710871d0b914e998de479d348ca9efb","2-c158f36f42d770485cca8d4f1c5755e5a4a5a97e69a78ac1a7777d3ffbc7bbe6","Various","","2-9bbc5c1a75f002c774345481129dc584bdb79b3dcd6fb8edd46f7dd885023888","root.record.ItemExhibitList.P5Item.P10AdvanceProcurement.APCostElementCategoryList.Other.APCostElement"
"2013","See End Item P-5A","2014-01","2015-01","78000","0.121","","","","","2015-BASE_PROCUREMENT-2015-ARMY_AIRCRAFT-PROCUREMENT_JustificationBook_Army_PB_2015.zzz_unzipped-PROCUREMENT_JustificationBook_Army_PB_2015.xml","fd4b9a1a29f6b7830f84536375508fd7a710871d0b914e998de479d348ca9efb","0-bd90a0c5d7924bbdb901d0e9a0e58eb3d4fae64f5f1e196748197d4484b472ac","Various","","3-5b9240c473d380d7634d285a88c1a69758febcb6a70cc51e37adf6073c2fa01f","root.record.ItemExhibitList.P5Item.P10AdvanceProcurement.APCostElementCategoryList.Other.APCostElement"
"2014","See End Item P-5A","2014-02","2015-02","130000","0.121","","","","","2015-BASE_PROCUREMENT-2015-ARMY_AIRCRAFT-PROCUREMENT_JustificationBook_Army_PB_2015.zzz_unzipped-PROCUREMENT_JustificationBook_Army_PB_2015.xml","fd4b9a1a29f6b7830f84536375508fd7a710871d0b914e998de479d348ca9efb","1-ad813995764f3fdd40d46eec29a0543e00bdb976a87e904e90064749228320fa","Various","","3-5b9240c473d380d7634d285a88c1a69758febcb6a70cc51e37adf6073c2fa01f","root.record.ItemExhibitList.P5Item.P10AdvanceProcurement.APCostElementCategoryList.Other.APCostElement"
"2015","See End Item P-5A","2015-01","2015-01","94000","0.121","","","","","2015-BASE_PROCUREMENT-2015-ARMY_AIRCRAFT-PROCUREMENT_JustificationBook_Army_PB_2015.zzz_unzipped-PROCUREMENT_JustificationBook_Army_PB_2015.xml","fd4b9a1a29f6b7830f84536375508fd7a710871d0b914e998de479d348ca9efb","2-0368bc8bfb377febeb53be6a54a2383c4f8193efa6eac1c81c798f262bbdedef","Various","","3-5b9240c473d380d7634d285a88c1a69758febcb6a70cc51e37adf6073c2fa01f","root.record.ItemExhibitList.P5Item.P10AdvanceProcurement.APCostElementCategoryList.Other.APCostElement"
"2013","See End Item P-5A","2014-01","2014-10","39000","0.073","","","","","2015-BASE_PROCUREMENT-2015-ARMY_AIRCRAFT-PROCUREMENT_JustificationBook_Army_PB_2015.zzz_unzipped-PROCUREMENT_JustificationBook_Army_PB_2015.xml","fd4b9a1a29f6b7830f84536375508fd7a710871d0b914e998de479d348ca9efb","0-df859496434e7d9195de1699abe83e917c0bdc38e24ce6a2f5c00902f16217f6","Various","","4-0e6a172ae0abe6e5f71a14da677436312c27e423b34f306b18e52f2b3a16cfb5","root.record.ItemExhibitList.P5Item.P10AdvanceProcurement.APCostElementCategoryList.Other.APCostElement"
"2014","See End Item P-5A","2014-02","2014-11","65000","0.073","","","","","2015-BASE_PROCUREMENT-2015-ARMY_AIRCRAFT-PROCUREMENT_JustificationBook_Army_PB_2015.zzz_unzipped-PROCUREMENT_JustificationBook_Army_PB_2015.xml","fd4b9a1a29f6b7830f84536375508fd7a710871d0b914e998de479d348ca9efb","1-50915f783c72672cb7833ae10571614e4cffb13bb2fad4462ecadcff01d96e90","Various","","4-0e6a172ae0abe6e5f71a14da677436312c27e423b34f306b18e52f2b3a16cfb5","root.record.ItemExhibitList.P5Item.P10AdvanceProcurement.APCostElementCategoryList.Other.APCostElement"
"2015","See End Item P-5A","2015-01","2015-01","47000","0.073","","","","","2015-BASE_PROCUREMENT-2015-ARMY_AIRCRAFT-PROCUREMENT_JustificationBook_Army_PB_2015.zzz_unzipped-PROCUREMENT_JustificationBook_Army_PB_2015.xml","fd4b9a1a29f6b7830f84536375508fd7a710871d0b914e998de479d348ca9efb","2-1ac3bcb08686abb08bd6dd55e95eadafe530a9e8f0c633c83d591ca3b1628a85","Various","","4-0e6a172ae0abe6e5f71a14da677436312c27e423b34f306b18e52f2b3a16cfb5","root.record.ItemExhibitList.P5Item.P10AdvanceProcurement.APCostElementCategoryList.Other.APCostElement"
"2013","See End Item P-5A","2013-01","2014-08","7698.000","1","","","","","2015-BASE_PROCUREMENT-2015-ARMY_MISSLE-PROCUREMENT_JustificationBook_Army_PB_2015.zzz_unzipped-PROCUREMENT_JustificationBook_Army_PB_2015.xml","722a40da3be7b01ec420e03ad622a1883abd6d254e969c30e850f4d31ce0dc24","0-922ac8351f37b97a1157fd18e963398062e08aff45e8c6c79034d124253cdc85","Various","","0-94dc8ea134b222364073c9d07020f854f99126765c898f0b703b40b124ea9cd7","root.record.ItemExhibitList.P5Item.P10AdvanceProcurement.APCostElementCategoryList.Other.APCostElement"
"2014","See End Item P-5A","2014-01","2015-08","6999.000","1","","","","","2015-BASE_PROCUREMENT-2015-ARMY_MISSLE-PROCUREMENT_JustificationBook_Army_PB_2015.zzz_unzipped-PROCUREMENT_JustificationBook_Army_PB_2015.xml","722a40da3be7b01ec420e03ad622a1883abd6d254e969c30e850f4d31ce0dc24","1-dc6f8e6012abc309f28659ba7b431b677dc0b2a023d046c62f969d0290ad34bd","Various","","0-94dc8ea134b222364073c9d07020f854f99126765c898f0b703b40b124ea9cd7","root.record.ItemExhibitList.P5Item.P10AdvanceProcurement.APCostElementCategoryList.Other.APCostElement"
"2015","See End Item P-5A","2015-01","2015-01","7018.000","1","","","","","2015-BASE_PROCUREMENT-2015-ARMY_MISSLE-PROCUREMENT_JustificationBook_Army_PB_2015.zzz_unzipped-PROCUREMENT_JustificationBook_Army_PB_2015.xml","722a40da3be7b01ec420e03ad622a1883abd6d254e969c30e850f4d31ce0dc24","2-efce9bb242efc80ce9b28340d4dbb2b38b925b788fea7951460e8d6e817ff214","Various","","0-94dc8ea134b222364073c9d07020f854f99126765c898f0b703b40b124ea9cd7","root.record.ItemExhibitList.P5Item.P10AdvanceProcurement.APCostElementCategoryList.Other.APCostElement"
"2013","See End Item P-5A","2013-01","2014-03","1537.000","1","","","","","2015-BASE_PROCUREMENT-2015-ARMY_MISSLE-PROCUREMENT_JustificationBook_Army_PB_2015.zzz_unzipped-PROCUREMENT_JustificationBook_Army_PB_2015.xml","722a40da3be7b01ec420e03ad622a1883abd6d254e969c30e850f4d31ce0dc24","0-46951b788d1136bae728032a9a0361f926aa3ab9cb14df2c70c2eb4177039a80","Various","","1-e40055b769374c5f8373b9d3aa7636a2f45655e90062b3b7e1cd42edb6a1af20","root.record.ItemExhibitList.P5Item.P10AdvanceProcurement.APCostElementCategoryList.Other.APCostElement"
"2014","See End Item P-5A","2014-01","2015-03","905.000","1","","","","","2015-BASE_PROCUREMENT-2015-ARMY_MISSLE-PROCUREMENT_JustificationBook_Army_PB_2015.zzz_unzipped-PROCUREMENT_JustificationBook_Army_PB_2015.xml","722a40da3be7b01ec420e03ad622a1883abd6d254e969c30e850f4d31ce0dc24","1-0a27d1b5cba56f4b54b36e8828cb242b48895acc65540a3d4928c14e190d439a","Various","","1-e40055b769374c5f8373b9d3aa7636a2f45655e90062b3b7e1cd42edb6a1af20","root.record.ItemExhibitList.P5Item.P10AdvanceProcurement.APCostElementCategoryList.Other.APCostElement"
"2015","See End Item P-5A","2015-01","2015-01","905.000","1","","","","","2015-BASE_PROCUREMENT-2015-ARMY_MISSLE-PROCUREMENT_JustificationBook_Army_PB_2015.zzz_unzipped-PROCUREMENT_JustificationBook_Army_PB_2015.xml","722a40da3be7b01ec420e03ad622a1883abd6d254e969c30e850f4d31ce0dc24","2-564df97f331594020c5aeb63f95ba74dc20765765473b80447f04b73002bfcb7","Various","","1-e40055b769374c5f8373b9d3aa7636a2f45655e90062b3b7e1cd42edb6a1af20","root.record.ItemExhibitList.P5Item.P10AdvanceProcurement.APCostElementCategoryList.Other.APCostElement"
"2013","See End Item P-5A","2013-01","2014-01","289.000","1","","","","","2015-BASE_PROCUREMENT-2015-ARMY_MISSLE-PROCUREMENT_JustificationBook_Army_PB_2015.zzz_unzipped-PROCUREMENT_JustificationBook_Army_PB_2015.xml","722a40da3be7b01ec420e03ad622a1883abd6d254e969c30e850f4d31ce0dc24","0-5389c4e4dd4ca9708d6929fee913daea58c189a23f80c9669780aeb09e363502","Various","","2-efc0c25c1c685413a2e9f8f5c8851598e6ae6a18a07d33433732c835662d44c5","root.record.ItemExhibitList.P5Item.P10AdvanceProcurement.APCostElementCategoryList.Other.APCostElement"
"2014","See End Item P-5A","2014-01","2015-01","170.00","1","","","","","2015-BASE_PROCUREMENT-2015-ARMY_MISSLE-PROCUREMENT_JustificationBook_Army_PB_2015.zzz_unzipped-PROCUREMENT_JustificationBook_Army_PB_2015.xml","722a40da3be7b01ec420e03ad622a1883abd6d254e969c30e850f4d31ce0dc24","1-00f55dc6fec318189910e8c3c4ea8adfc3e3058ea59ab4fc5c1ab4bb58b4360a","Various","","2-efc0c25c1c685413a2e9f8f5c8851598e6ae6a18a07d33433732c835662d44c5","root.record.ItemExhibitList.P5Item.P10AdvanceProcurement.APCostElementCategoryList.Other.APCostElement"
"2015","See End Item P-5A","2015-01","2015-01","170.00","1","","","","","2015-BASE_PROCUREMENT-2015-ARMY_MISSLE-PROCUREMENT_JustificationBook_Army_PB_2015.zzz_unzipped-PROCUREMENT_JustificationBook_Army_PB_2015.xml","722a40da3be7b01ec420e03ad622a1883abd6d254e969c30e850f4d31ce0dc24","2-a0752f84c5da0938e2917a82c13edece583fe18f0f81749b9036128e2414a3ff","Various","","2-efc0c25c1c685413a2e9f8f5c8851598e6ae6a18a07d33433732c835662d44c5","root.record.ItemExhibitList.P5Item.P10AdvanceProcurement.APCostElementCategoryList.Other.APCostElement"
"2013","See End Item P-5A","2013-01","2014-07","4705.000","1","","","","","2015-BASE_PROCUREMENT-2015-ARMY_MISSLE-PROCUREMENT_JustificationBook_Army_PB_2015.zzz_unzipped-PROCUREMENT_JustificationBook_Army_PB_2015.xml","722a40da3be7b01ec420e03ad622a1883abd6d254e969c30e850f4d31ce0dc24","0-21cf3eda95f61635ce976e9cb42377ea65091bb4002fe8c5465c435ac4de01e8","Various","","3-ca8d024613bd267e64b496f09ad0f4d72de7d8dce5a36b2be7e007e3b5a9171c","root.record.ItemExhibitList.P5Item.P10AdvanceProcurement.APCostElementCategoryList.Other.APCostElement"
"2014","See End Item P-5A","2014-01","2015-07","8533.000","1","","","","","2015-BASE_PROCUREMENT-2015-ARMY_MISSLE-PROCUREMENT_JustificationBook_Army_PB_2015.zzz_unzipped-PROCUREMENT_JustificationBook_Army_PB_2015.xml","722a40da3be7b01ec420e03ad622a1883abd6d254e969c30e850f4d31ce0dc24","1-7d916bcc7e703260f0dd7cbbe06f21c3e6a2af0c923a9847b04150304308bbac","Various","","3-ca8d024613bd267e64b496f09ad0f4d72de7d8dce5a36b2be7e007e3b5a9171c","root.record.ItemExhibitList.P5Item.P10AdvanceProcurement.APCostElementCategoryList.Other.APCostElement"
"2015","See End Item P-5A","2015-01","2015-01","8533.000","1","","","","","2015-BASE_PROCUREMENT-2015-ARMY_MISSLE-PROCUREMENT_JustificationBook_Army_PB_2015.zzz_unzipped-PROCUREMENT_JustificationBook_Army_PB_2015.xml","722a40da3be7b01ec420e03ad622a1883abd6d254e969c30e850f4d31ce0dc24","2-dab4a01a495a02fdaae0418755878f59f952b4e1ef1ba9b095a397b60f822ee8","Various","","3-ca8d024613bd267e64b496f09ad0f4d72de7d8dce5a36b2be7e007e3b5a9171c","root.record.ItemExhibitList.P5Item.P10AdvanceProcurement.APCostElementCategoryList.Other.APCostElement"
"2013","See End Item P-5A","2013-01","2014-02","2628.000","1","","","","","2015-BASE_PROCUREMENT-2015-ARMY_MISSLE-PROCUREMENT_JustificationBook_Army_PB_2015.zzz_unzipped-PROCUREMENT_JustificationBook_Army_PB_2015.xml","722a40da3be7b01ec420e03ad622a1883abd6d254e969c30e850f4d31ce0dc24","0-c9c17059f8f3ebf5e9e3c8ca3d46a3c3a79c408c51120a5bc2ca043c81b7408e","Various","","4-ee8321fb373a00fcebc71be8fdd760649e883ba6428c02ec1e197b56635e53c2","root.record.ItemExhibitList.P5Item.P10AdvanceProcurement.APCostElementCategoryList.Other.APCostElement"
"2014","See End Item P-5A","2014-01","2015-02","1548.000","1","","","","","2015-BASE_PROCUREMENT-2015-ARMY_MISSLE-PROCUREMENT_JustificationBook_Army_PB_2015.zzz_unzipped-PROCUREMENT_JustificationBook_Army_PB_2015.xml","722a40da3be7b01ec420e03ad622a1883abd6d254e969c30e850f4d31ce0dc24","1-0c188483674d8f21b7fbfad74370c4d6d3aed9aacdb69ea9c033b6c975dad851","Various","","4-ee8321fb373a00fcebc71be8fdd760649e883ba6428c02ec1e197b56635e53c2","root.record.ItemExhibitList.P5Item.P10AdvanceProcurement.APCostElementCategoryList.Other.APCostElement"
"2015","See End Item P-5A","2015-01","2015-01","1548.000","1","","","","","2015-BASE_PROCUREMENT-2015-ARMY_MISSLE-PROCUREMENT_JustificationBook_Army_PB_2015.zzz_unzipped-PROCUREMENT_JustificationBook_Army_PB_2015.xml","722a40da3be7b01ec420e03ad622a1883abd6d254e969c30e850f4d31ce0dc24","2-2e9a6e13bff0c0835a4ec95f39d84f2efc66a05858467294e59f284f7beea577","Various","","4-ee8321fb373a00fcebc71be8fdd760649e883ba6428c02ec1e197b56635e53c2","root.record.ItemExhibitList.P5Item.P10AdvanceProcurement.APCostElementCategoryList.Other.APCostElement"
"2013","See End Item P-5A","2013-01","2013-11","597.000","1","","","","","2015-BASE_PROCUREMENT-2015-ARMY_MISSLE-PROCUREMENT_JustificationBook_Army_PB_2015.zzz_unzipped-PROCUREMENT_JustificationBook_Army_PB_2015.xml","722a40da3be7b01ec420e03ad622a1883abd6d254e969c30e850f4d31ce0dc24","0-7605e6210e2948a7ee655b3da10aac92637c8e63ef483c8265e525654c9dc487","Various","","5-61eab0758b9992f1e828e52bea76aa3643f7d465e5711eb409d0581c3625abd0","root.record.ItemExhibitList.P5Item.P10AdvanceProcurement.APCostElementCategoryList.Other.APCostElement"
"2014","See End Item P-5A","2014-01","2014-11","351.000","1","","","","","2015-BASE_PROCUREMENT-2015-ARMY_MISSLE-PROCUREMENT_JustificationBook_Army_PB_2015.zzz_unzipped-PROCUREMENT_JustificationBook_Army_PB_2015.xml","722a40da3be7b01ec420e03ad622a1883abd6d254e969c30e850f4d31ce0dc24","1-980bf2c3c5e3f0d2bdcdaaa7685c280f008c241f10b8638aae9315b9eb1b4f9a","Various","","5-61eab0758b9992f1e828e52bea76aa3643f7d465e5711eb409d0581c3625abd0","root.record.ItemExhibitList.P5Item.P10AdvanceProcurement.APCostElementCategoryList.Other.APCostElement"
"2015","See End Item P-5A","2015-01","2015-01","351.000","1","","","","","2015-BASE_PROCUREMENT-2015-ARMY_MISSLE-PROCUREMENT_JustificationBook_Army_PB_2015.zzz_unzipped-PROCUREMENT_JustificationBook_Army_PB_2015.xml","722a40da3be7b01ec420e03ad622a1883abd6d254e969c30e850f4d31ce0dc24","2-f0493c69f191f3038e2fae8cceff436aba3f39dc886adae0b924f87aca589c88","Various","","5-61eab0758b9992f1e828e52bea76aa3643f7d465e5711eb409d0581c3625abd0","root.record.ItemExhibitList.P5Item.P10AdvanceProcurement.APCostElementCategoryList.Other.APCostElement"
"2013","See End Item P-5A","2013-01","2014-02","1555.000","1","","","","","2015-BASE_PROCUREMENT-2015-ARMY_MISSLE-PROCUREMENT_JustificationBook_Army_PB_2015.zzz_unzipped-PROCUREMENT_JustificationBook_Army_PB_2015.xml","722a40da3be7b01ec420e03ad622a1883abd6d254e969c30e850f4d31ce0dc24","0-8125fdfe0e6e1f22e1ff6a225158b04ca62fed41dc26b361d4fb5c90315a266e","Various","","6-17b16b280ced6401601a318ec78633b91abef33fea1a23d2761ec5b7fd49d636","root.record.ItemExhibitList.P5Item.P10AdvanceProcurement.APCostElementCategoryList.Other.APCostElement"
"2014","See End Item P-5A","2014-01","2015-02","916.000","1","","","","","2015-BASE_PROCUREMENT-2015-ARMY_MISSLE-PROCUREMENT_JustificationBook_Army_PB_2015.zzz_unzipped-PROCUREMENT_JustificationBook_Army_PB_2015.xml","722a40da3be7b01ec420e03ad622a1883abd6d254e969c30e850f4d31ce0dc24","1-cdeb32e9cf352514e5f2a4c82e51a29496ab4b9427e07cd7346e7c66458c8876","Various","","6-17b16b280ced6401601a318ec78633b91abef33fea1a23d2761ec5b7fd49d636","root.record.ItemExhibitList.P5Item.P10AdvanceProcurement.APCostElementCategoryList.Other.APCostElement"
"2015","See End Item P-5A","2015-01","2015-01","916.000","1","","","","","2015-BASE_PROCUREMENT-2015-ARMY_MISSLE-PROCUREMENT_JustificationBook_Army_PB_2015.zzz_unzipped-PROCUREMENT_JustificationBook_Army_PB_2015.xml","722a40da3be7b01ec420e03ad622a1883abd6d254e969c30e850f4d31ce0dc24","2-8296ea6538cbc4e884b612467619a7ff6b445c4ec4977188e7f1152b86e0bf80","Various","","6-17b16b280ced6401601a318ec78633b91abef33fea1a23d2761ec5b7fd49d636","root.record.ItemExhibitList.P5Item.P10AdvanceProcurement.APCostElementCategoryList.Other.APCostElement"
"2013","See End Item P-5A","2013-01","2013-12","922.000","1","","","","","2015-BASE_PROCUREMENT-2015-ARMY_MISSLE-PROCUREMENT_JustificationBook_Army_PB_2015.zzz_unzipped-PROCUREMENT_JustificationBook_Army_PB_2015.xml","722a40da3be7b01ec420e03ad622a1883abd6d254e969c30e850f4d31ce0dc24","0-0a9a0626852824d482bbffdb8e6a81ed2d44f6b056ef2ee6e687df638df1a643","Various","","7-531b84f072d0b4a7897eaa99ac5aadace2e206fcd83c06296398656589cb6201","root.record.ItemExhibitList.P5Item.P10AdvanceProcurement.APCostElementCategoryList.Other.APCostElement"
"2014","See End Item P-5A","2014-01","2014-12","543.000","1","","","","","2015-BASE_PROCUREMENT-2015-ARMY_MISSLE-PROCUREMENT_JustificationBook_Army_PB_2015.zzz_unzipped-PROCUREMENT_JustificationBook_Army_PB_2015.xml","722a40da3be7b01ec420e03ad622a1883abd6d254e969c30e850f4d31ce0dc24","1-fc79ee452c152f17b5444c3877088fc765ea5865066a676161a5d38bc79c8a65","Various","","7-531b84f072d0b4a7897eaa99ac5aadace2e206fcd83c06296398656589cb6201","root.record.ItemExhibitList.P5Item.P10AdvanceProcurement.APCostElementCategoryList.Other.APCostElement"
"2015","See End Item P-5A","2015-01","2015-01","543.000","1","","","","","2015-BASE_PROCUREMENT-2015-ARMY_MISSLE-PROCUREMENT_JustificationBook_Army_PB_2015.zzz_unzipped-PROCUREMENT_JustificationBook_Army_PB_2015.xml","722a40da3be7b01ec420e03ad622a1883abd6d254e969c30e850f4d31ce0dc24","2-ee9bfbab5fef3a57b11117971895c3b3d0ef467712148915ef3ecffc008f3221","Various","","7-531b84f072d0b4a7897eaa99ac5aadace2e206fcd83c06296398656589cb6201","root.record.ItemExhibitList.P5Item.P10AdvanceProcurement.APCostElementCategoryList.Other.APCostElement"
"2015","TBD","2015-02","2017-07","48.000","0.429","false","2014-02","SS","FP","2015-BASE_PROCUREMENT-2015-DEFENSE_MDA-PROCUREMENT_JustificationBook_Missile_Defense_Agency_PB_2015.zzz_unzipped-PROCUREMENT_JustificationBook_Missile_Defense_Agency_PB_2015.xml","871ed13dc6bbadf09a6840de2eb4536eb285b3b925625ab4f8982bbcee7d0b0c","0-4ea7fbe04e378f2b4c2e04ba04a3fb8286e9ebcb06444bd65a17aae6baa10e1f","","","0-3f692720301c1cc761a36d825a120464b3aa097c8c9a9de52665dc7b64c87da9","root.record.ItemExhibitList.P5Item.P10AdvanceProcurement.APCostElementCategoryList.Other.APCostElement"
"2015","TBD","2015-02","2017-04","48.000","0.289","false","2014-02","SS","FP","2015-BASE_PROCUREMENT-2015-DEFENSE_MDA-PROCUREMENT_JustificationBook_Missile_Defense_Agency_PB_2015.zzz_unzipped-PROCUREMENT_JustificationBook_Missile_Defense_Agency_PB_2015.xml","871ed13dc6bbadf09a6840de2eb4536eb285b3b925625ab4f8982bbcee7d0b0c","0-5d29b9f67aa797988de86e07eba4b0f011669a92bdaa6a6ab3d0ccb29eceed49","","","1-9f44c6537fb37011d14362f6945db80f2ac7519b7b3ea20a3a2fe57aa6166531","root.record.ItemExhibitList.P5Item.P10AdvanceProcurement.APCostElementCategoryList.Other.APCostElement"
"2015","TBD","2015-02","2018-01","48.000","0.376","false","2014-02","SS","FP","2015-BASE_PROCUREMENT-2015-DEFENSE_MDA-PROCUREMENT_JustificationBook_Missile_Defense_Agency_PB_2015.zzz_unzipped-PROCUREMENT_JustificationBook_Missile_Defense_Agency_PB_2015.xml","871ed13dc6bbadf09a6840de2eb4536eb285b3b925625ab4f8982bbcee7d0b0c","0-6b3d4cf2649356879beb2dd83221b576e38d3353a92f2253f35c26f368e751af","","","2-688ad1905ac5e1816ac442fa441ae823da252dd4663560551eb7b16c2b4de9b0","root.record.ItemExhibitList.P5Item.P10AdvanceProcurement.APCostElementCategoryList.Other.APCostElement"
"2015","TBD","2015-02","2017-04","48.000","0.341","false","2014-02","SS","FP","2015-BASE_PROCUREMENT-2015-DEFENSE_MDA-PROCUREMENT_JustificationBook_Missile_Defense_Agency_PB_2015.zzz_unzipped-PROCUREMENT_JustificationBook_Missile_Defense_Agency_PB_2015.xml","871ed13dc6bbadf09a6840de2eb4536eb285b3b925625ab4f8982bbcee7d0b0c","0-62c897a568a7e10f19878bdb14e81eca4087784b95facdb98a78753c5d68e64a","","","3-e654667b40f8a602c52aef9a096d4deda9ebcf1fb800964094d4035122d7ae7c","root.record.ItemExhibitList.P5Item.P10AdvanceProcurement.APCostElementCategoryList.Other.APCostElement"
"2015","TBD","2015-02","2017-07","48.000","0.429","false","2014-02","SS","FP","2015-BASE_PROCUREMENT-2015-DEFENSE_MDA-PROCUREMENT_MasterJustificationBook_Missile_Defense_Agency_PB_2015.zzz_unzipped-PROCUREMENT_MasterJustificationBook_Missile_Defense_Agency_PB_2015.xml","a2c1fa7460f99b0686c1d03620554a078d5dbe057abc9a54c1f45d51b951755c","0-10daa62c474dcd87580e26dfa612e411f5f77b859413859971b8c8384396a1fd","","","0-34b702ba410187168f536557065b67532b53179db9574d2285e43341937cde66","root.record.ItemExhibitList.P5Item.P10AdvanceProcurement.APCostElementCategoryList.Other.APCostElement"
"2015","TBD","2015-02","2017-04","48.000","0.289","false","2014-02","SS","FP","2015-BASE_PROCUREMENT-2015-DEFENSE_MDA-PROCUREMENT_MasterJustificationBook_Missile_Defense_Agency_PB_2015.zzz_unzipped-PROCUREMENT_MasterJustificationBook_Missile_Defense_Agency_PB_2015.xml","a2c1fa7460f99b0686c1d03620554a078d5dbe057abc9a54c1f45d51b951755c","0-788ca8213b822e77470faa71566d74cd44c72360f634a941bbce65eb15e143c2","","","1-4fa4c2f62eae45e7d8733478bb6a847919f8cd0ce43980f7828bf42d5a92887e","root.record.ItemExhibitList.P5Item.P10AdvanceProcurement.APCostElementCategoryList.Other.APCostElement"
"2015","TBD","2015-02","2018-01","48.000","0.376","false","2014-02","SS","FP","2015-BASE_PROCUREMENT-2015-DEFENSE_MDA-PROCUREMENT_MasterJustificationBook_Missile_Defense_Agency_PB_2015.zzz_unzipped-PROCUREMENT_MasterJustificationBook_Missile_Defense_Agency_PB_2015.xml","a2c1fa7460f99b0686c1d03620554a078d5dbe057abc9a54c1f45d51b951755c","0-bffe7bc104d1ba6a5f763a6066db7f463ff96b842c0fad2336793fde059e5d17","","","2-9cdea10683bd2e49819962c7fa3b2d27462f8d5bd5e1b9432ea426441d3fa4ed","root.record.ItemExhibitList.P5Item.P10AdvanceProcurement.APCostElementCategoryList.Other.APCostElement"
"2015","TBD","2015-02","2017-04","48.000","0.341","false","2014-02","SS","FP","2015-BASE_PROCUREMENT-2015-DEFENSE_MDA-PROCUREMENT_MasterJustificationBook_Missile_Defense_Agency_PB_2015.zzz_unzipped-PROCUREMENT_MasterJustificationBook_Missile_Defense_Agency_PB_2015.xml","a2c1fa7460f99b0686c1d03620554a078d5dbe057abc9a54c1f45d51b951755c","0-8f362bad776cd3a869430f137cdf0446706e11924740a47ececc698cfe81a925","","","3-1ff8c68de3c4af438f12b2a82fbce3822812c1a4e318b86356c74371019ca85b","root.record.ItemExhibitList.P5Item.P10AdvanceProcurement.APCostElementCategoryList.Other.APCostElement"
"2014","See End Item P-5A","2015-01","2016-01","35","3280.156","","","","","2016-BASE_PROCUREMENT-2016-ARMY_AIRCRAFT-PROCUREMENT_JustificationBook_Army_PB_2016.zzz_unzipped-PROCUREMENT_JustificationBook_Army_PB_2016.xml","9344ac11b4fa76a618675d937f3fe42ebc84b65beaa2732695b13bb0e1911270","0-ff9e4fc949735da23ad2573e5422dec00450aea341b977f0e84928ee2d7a4cdb","Various","","0-c5fba2007d1d816610420e38ee2f324124ad3228f544e2488037c00e6814d9b1","root.record.ItemExhibitList.P5Item.P10AdvanceProcurement.APCostElementCategoryList.Other.APCostElement"
"2015","See End Item P-5A","2016-01","2017-01","35","3280.156","","","","","2016-BASE_PROCUREMENT-2016-ARMY_AIRCRAFT-PROCUREMENT_JustificationBook_Army_PB_2016.zzz_unzipped-PROCUREMENT_JustificationBook_Army_PB_2016.xml","9344ac11b4fa76a618675d937f3fe42ebc84b65beaa2732695b13bb0e1911270","1-889a13dcde6f62f9b29acbd666b4483458b7b71ea0ab88de38c9509305e4195d","Various","","0-c5fba2007d1d816610420e38ee2f324124ad3228f544e2488037c00e6814d9b1","root.record.ItemExhibitList.P5Item.P10AdvanceProcurement.APCostElementCategoryList.Other.APCostElement"
"2016","See End Item P-5A","2017-01","2017-01","64","3280.156","","","","","2016-BASE_PROCUREMENT-2016-ARMY_AIRCRAFT-PROCUREMENT_JustificationBook_Army_PB_2016.zzz_unzipped-PROCUREMENT_JustificationBook_Army_PB_2016.xml","9344ac11b4fa76a618675d937f3fe42ebc84b65beaa2732695b13bb0e1911270","2-7a871e00e3e6ffe3670cc4248177f6efac637d88c890d4798e44dd9a379b656d","Various","","0-c5fba2007d1d816610420e38ee2f324124ad3228f544e2488037c00e6814d9b1","root.record.ItemExhibitList.P5Item.P10AdvanceProcurement.APCostElementCategoryList.Other.APCostElement"
"2014","See End Item P-5A","2014-02","2015-08","70","708.72","","","","","2016-BASE_PROCUREMENT-2016-ARMY_AIRCRAFT-PROCUREMENT_JustificationBook_Army_PB_2016.zzz_unzipped-PROCUREMENT_JustificationBook_Army_PB_2016.xml","35561decf1186cab62534ac5ef5e8832877d90792e1d60872f5196bad9dd6cca","0-5d213ffb3764ae71d2e89430dc17416baddbf088a47de10748744329f06e968c","Various","","0-076da17533d687d9b0e4acb4a2ac362937ce85315985c1d0c35e6eddae60c6ad","root.record.ItemExhibitList.P5Item.P10AdvanceProcurement.APCostElementCategoryList.Other.APCostElement"
"2015","See End Item P-5A","2015-01","2016-07","70","708.72","","","","","2016-BASE_PROCUREMENT-2016-ARMY_AIRCRAFT-PROCUREMENT_JustificationBook_Army_PB_2016.zzz_unzipped-PROCUREMENT_JustificationBook_Army_PB_2016.xml","35561decf1186cab62534ac5ef5e8832877d90792e1d60872f5196bad9dd6cca","1-27886f691221520c3b0d166a7f3206dae8072b94a9549a445fde8746b015a822","Various","","0-076da17533d687d9b0e4acb4a2ac362937ce85315985c1d0c35e6eddae60c6ad","root.record.ItemExhibitList.P5Item.P10AdvanceProcurement.APCostElementCategoryList.Other.APCostElement"
"2016","See End Item P-5A","2016-01","2016-01","82","708.72","","","","","2016-BASE_PROCUREMENT-2016-ARMY_AIRCRAFT-PROCUREMENT_JustificationBook_Army_PB_2016.zzz_unzipped-PROCUREMENT_JustificationBook_Army_PB_2016.xml","35561decf1186cab62534ac5ef5e8832877d90792e1d60872f5196bad9dd6cca","2-573c6851dc476b0e9dd87f71cb3c50424997613c6dd140b266d66d5be20f8cfc","Various","","0-076da17533d687d9b0e4acb4a2ac362937ce85315985c1d0c35e6eddae60c6ad","root.record.ItemExhibitList.P5Item.P10AdvanceProcurement.APCostElementCategoryList.Other.APCostElement"
"2014","See End Item P-5A","2014-02","2014-08","70","42.902","","","","","2016-BASE_PROCUREMENT-2016-ARMY_AIRCRAFT-PROCUREMENT_JustificationBook_Army_PB_2016.zzz_unzipped-PROCUREMENT_JustificationBook_Army_PB_2016.xml","35561decf1186cab62534ac5ef5e8832877d90792e1d60872f5196bad9dd6cca","0-97e53c4ffe6e10efba6b2928961e77eaba37be39b9811d8d60d7f3509be0baaf","Various","","1-abf13b704c6795961e36c8f24b6facbb141b9f93ed6b132933014878d7d64a46","root.record.ItemExhibitList.P5Item.P10AdvanceProcurement.APCostElementCategoryList.Other.APCostElement"
"2015","See End Item P-5A","2015-01","2015-07","70","42.902","","","","","2016-BASE_PROCUREMENT-2016-ARMY_AIRCRAFT-PROCUREMENT_JustificationBook_Army_PB_2016.zzz_unzipped-PROCUREMENT_JustificationBook_Army_PB_2016.xml","35561decf1186cab62534ac5ef5e8832877d90792e1d60872f5196bad9dd6cca","1-a3d803922f9ee79c9c4195e72b5f94b3320bf47a2aa13d328e7f9b4c900ca8c0","Various","","1-abf13b704c6795961e36c8f24b6facbb141b9f93ed6b132933014878d7d64a46","root.record.ItemExhibitList.P5Item.P10AdvanceProcurement.APCostElementCategoryList.Other.APCostElement"
"2016","See End Item P-5A","2016-01","2016-01","82","42.902","","","","","2016-BASE_PROCUREMENT-2016-ARMY_AIRCRAFT-PROCUREMENT_JustificationBook_Army_PB_2016.zzz_unzipped-PROCUREMENT_JustificationBook_Army_PB_2016.xml","35561decf1186cab62534ac5ef5e8832877d90792e1d60872f5196bad9dd6cca","2-546fce6d81f9401184370b6028e78d077c56217e4d4e1f8727007bc861ecb018","Various","","1-abf13b704c6795961e36c8f24b6facbb141b9f93ed6b132933014878d7d64a46","root.record.ItemExhibitList.P5Item.P10AdvanceProcurement.APCostElementCategoryList.Other.APCostElement"
"2014","See End Item P-5A","2014-02","2015-04","140","329.695","","","","","2016-BASE_PROCUREMENT-2016-ARMY_AIRCRAFT-PROCUREMENT_JustificationBook_Army_PB_2016.zzz_unzipped-PROCUREMENT_JustificationBook_Army_PB_2016.xml","35561decf1186cab62534ac5ef5e8832877d90792e1d60872f5196bad9dd6cca","0-2c0c117dae2c6e04e37b5eccbff841bd3c2ebc8130ae490823d2ad9d1aab30d9","Various","","2-27cc53487b0fc2f047d0c2c89d95ca12ffd18ca16746cf71f3831001da9dfe9b","root.record.ItemExhibitList.P5Item.P10AdvanceProcurement.APCostElementCategoryList.Other.APCostElement"
"2015","See End Item P-5A","2015-01","2016-03","140","329.695","","","","","2016-BASE_PROCUREMENT-2016-ARMY_AIRCRAFT-PROCUREMENT_JustificationBook_Army_PB_2016.zzz_unzipped-PROCUREMENT_JustificationBook_Army_PB_2016.xml","35561decf1186cab62534ac5ef5e8832877d90792e1d60872f5196bad9dd6cca","1-ab5ec23040ea94d797ee00482bf1422b2b21dcfe0c8de24f4bead5fef9648931","Various","","2-27cc53487b0fc2f047d0c2c89d95ca12ffd18ca16746cf71f3831001da9dfe9b","root.record.ItemExhibitList.P5Item.P10AdvanceProcurement.APCostElementCategoryList.Other.APCostElement"
"2016","See End Item P-5A","2016-01","2016-01","164","329.695","","","","","2016-BASE_PROCUREMENT-2016-ARMY_AIRCRAFT-PROCUREMENT_JustificationBook_Army_PB_2016.zzz_unzipped-PROCUREMENT_JustificationBook_Army_PB_2016.xml","35561decf1186cab62534ac5ef5e8832877d90792e1d60872f5196bad9dd6cca","2-02d4ff3ec89d33d67b058f04212dfa174b4eb9f0cd653dc546cce20118a392fa","Various","","2-27cc53487b0fc2f047d0c2c89d95ca12ffd18ca16746cf71f3831001da9dfe9b","root.record.ItemExhibitList.P5Item.P10AdvanceProcurement.APCostElementCategoryList.Other.APCostElement"
"2014","See End Item P-5A","2014-02","2015-02","140","53.256","","","","","2016-BASE_PROCUREMENT-2016-ARMY_AIRCRAFT-PROCUREMENT_JustificationBook_Army_PB_2016.zzz_unzipped-PROCUREMENT_JustificationBook_Army_PB_2016.xml","35561decf1186cab62534ac5ef5e8832877d90792e1d60872f5196bad9dd6cca","0-a3e88f51433d5fe0552e36ebf95c468b8442cdb801aa37213042272501407c6e","Various","","3-ce0cf4cdce627d6eb1da273eb1bb2b171362b1ac0bf16db8838e373b92639bff","root.record.ItemExhibitList.P5Item.P10AdvanceProcurement.APCostElementCategoryList.Other.APCostElement"
"2015","See End Item P-5A","2015-01","2016-01","140","53.256","","","","","2016-BASE_PROCUREMENT-2016-ARMY_AIRCRAFT-PROCUREMENT_JustificationBook_Army_PB_2016.zzz_unzipped-PROCUREMENT_JustificationBook_Army_PB_2016.xml","35561decf1186cab62534ac5ef5e8832877d90792e1d60872f5196bad9dd6cca","1-553fa9276cfc80873b78367e33cb2b31613c5d467073b44e26177cd5c9caa60c","Various","","3-ce0cf4cdce627d6eb1da273eb1bb2b171362b1ac0bf16db8838e373b92639bff","root.record.ItemExhibitList.P5Item.P10AdvanceProcurement.APCostElementCategoryList.Other.APCostElement"
"2016","See End Item P-5A","2016-01","2016-01","164","53.256","","","","","2016-BASE_PROCUREMENT-2016-ARMY_AIRCRAFT-PROCUREMENT_JustificationBook_Army_PB_2016.zzz_unzipped-PROCUREMENT_JustificationBook_Army_PB_2016.xml","35561decf1186cab62534ac5ef5e8832877d90792e1d60872f5196bad9dd6cca","2-8653c9f279ce23220915522b678ac394031b4ba3253065cd31a739dfa15897b2","Various","","3-ce0cf4cdce627d6eb1da273eb1bb2b171362b1ac0bf16db8838e373b92639bff","root.record.ItemExhibitList.P5Item.P10AdvanceProcurement.APCostElementCategoryList.Other.APCostElement"
"2014","See End Item P-5A","2014-02","2014-11","70","32.22","","","","","2016-BASE_PROCUREMENT-2016-ARMY_AIRCRAFT-PROCUREMENT_JustificationBook_Army_PB_2016.zzz_unzipped-PROCUREMENT_JustificationBook_Army_PB_2016.xml","35561decf1186cab62534ac5ef5e8832877d90792e1d60872f5196bad9dd6cca","0-5bc7dd92a4bd57f1724999d178930c27999ee9d577a8806180e10c08d2133d33","Various","","4-fcab4c90d09dbcebb4a2073ba91ca743092727207f2227d1bd0bb04f5c88bc4c","root.record.ItemExhibitList.P5Item.P10AdvanceProcurement.APCostElementCategoryList.Other.APCostElement"
"2015","See End Item P-5A","2015-01","2015-10","70","32.22","","","","","2016-BASE_PROCUREMENT-2016-ARMY_AIRCRAFT-PROCUREMENT_JustificationBook_Army_PB_2016.zzz_unzipped-PROCUREMENT_JustificationBook_Army_PB_2016.xml","35561decf1186cab62534ac5ef5e8832877d90792e1d60872f5196bad9dd6cca","1-9b4a94ae817ee4a0e999b5e219a3b25b39ceead6bff3795e7c539a30976b6f9b","Various","","4-fcab4c90d09dbcebb4a2073ba91ca743092727207f2227d1bd0bb04f5c88bc4c","root.record.ItemExhibitList.P5Item.P10AdvanceProcurement.APCostElementCategoryList.Other.APCostElement"
"2016","See End Item P-5A","2016-01","2016-01","82","32.22","","","","","2016-BASE_PROCUREMENT-2016-ARMY_AIRCRAFT-PROCUREMENT_JustificationBook_Army_PB_2016.zzz_unzipped-PROCUREMENT_JustificationBook_Army_PB_2016.xml","35561decf1186cab62534ac5ef5e8832877d90792e1d60872f5196bad9dd6cca","2-8f6473b9bbe48517bc8721726c617f8c44cf252942c556e05df26ca9a48842dd","Various","","4-fcab4c90d09dbcebb4a2073ba91ca743092727207f2227d1bd0bb04f5c88bc4c","root.record.ItemExhibitList.P5Item.P10AdvanceProcurement.APCostElementCategoryList.Other.APCostElement"
"2014","See End Item P-5A","2015-01","2016-03","0","0","","","","","2016-BASE_PROCUREMENT-2016-ARMY_AIRCRAFT-PROCUREMENT_JustificationBook_Army_PB_2016.zzz_unzipped-PROCUREMENT_JustificationBook_Army_PB_2016.xml","35561decf1186cab62534ac5ef5e8832877d90792e1d60872f5196bad9dd6cca","0-fa25310e53fd28331043d2e5a055169d49b893411461caffd6c648e481adb96a","Various","","5-48b51bd8992362c8d29c87e265a24136b52d953511f61cc2663a120bb4f02cb6","root.record.ItemExhibitList.P5Item.P10AdvanceProcurement.APCostElementCategoryList.Other.APCostElement"
"2014","See End Item P-5A","2015-01","2016-01","0","0","","","","","2016-BASE_PROCUREMENT-2016-ARMY_AIRCRAFT-PROCUREMENT_JustificationBook_Army_PB_2016.zzz_unzipped-PROCUREMENT_JustificationBook_Army_PB_2016.xml","35561decf1186cab62534ac5ef5e8832877d90792e1d60872f5196bad9dd6cca","0-eed184ee3bd286e0c3298ddf0ff48fe1c00b1e08c204bd2375df7639b0ed04de","Various","","6-515615cd1946bfebf28ef1b531e7b17453c60ae0d4361b91364761bd6725f3a6","root.record.ItemExhibitList.P5Item.P10AdvanceProcurement.APCostElementCategoryList.Other.APCostElement"
"2014","See End Item P-5A","2014-01","2015-08","6.999","0","","","","","2016-BASE_PROCUREMENT-2016-ARMY_MISSLE-PROCUREMENT_JustificationBook_Army_PB_2016.zzz_unzipped-PROCUREMENT_JustificationBook_Army_PB_2016.xml","a165d0be6144e6f49e80b5586363567ae0ec4790d0f3b569f3260420117a3760","0-8fa2a3864d1166731ca206b9f9c21df093fa28774a9bd9ef3b5a87204196eb07","Various","","0-43fb31ac8fcc1851f3bae33b31052ed85768e4fbc246cb96bf9a2d8831a4acd5","root.record.ItemExhibitList.P5Item.P10AdvanceProcurement.APCostElementCategoryList.Other.APCostElement"
"2015","See End Item P-5A","2015-01","2016-08","7.018","0","","","","","2016-BASE_PROCUREMENT-2016-ARMY_MISSLE-PROCUREMENT_JustificationBook_Army_PB_2016.zzz_unzipped-PROCUREMENT_JustificationBook_Army_PB_2016.xml","a165d0be6144e6f49e80b5586363567ae0ec4790d0f3b569f3260420117a3760","1-f30d1fd687f1ceb5692c57ec7a1075c4a993a0c96046d35213aacbce82c57321","Various","","0-43fb31ac8fcc1851f3bae33b31052ed85768e4fbc246cb96bf9a2d8831a4acd5","root.record.ItemExhibitList.P5Item.P10AdvanceProcurement.APCostElementCategoryList.Other.APCostElement"
"2014","See End Item P-5A","2014-01","2015-03","0.905","0","","","","","2016-BASE_PROCUREMENT-2016-ARMY_MISSLE-PROCUREMENT_JustificationBook_Army_PB_2016.zzz_unzipped-PROCUREMENT_JustificationBook_Army_PB_2016.xml","a165d0be6144e6f49e80b5586363567ae0ec4790d0f3b569f3260420117a3760","0-a2d3cc95fe13bd2dfc1e385478e35b423ae94a4132efbcb7093c35465f3fbd49","Various","","1-7138a45f7692c8afdd2a5b0dafb99937fbbfde67b09200ce0b6cadb542086a05","root.record.ItemExhibitList.P5Item.P10AdvanceProcurement.APCostElementCategoryList.Other.APCostElement"
"2015","See End Item P-5A","2015-01","2016-03","0.905","0","","","","","2016-BASE_PROCUREMENT-2016-ARMY_MISSLE-PROCUREMENT_JustificationBook_Army_PB_2016.zzz_unzipped-PROCUREMENT_JustificationBook_Army_PB_2016.xml","a165d0be6144e6f49e80b5586363567ae0ec4790d0f3b569f3260420117a3760","1-632328003645cdab7347cc7d0272465087259b1917e2618cc6ae04cd9e333afe","Various","","1-7138a45f7692c8afdd2a5b0dafb99937fbbfde67b09200ce0b6cadb542086a05","root.record.ItemExhibitList.P5Item.P10AdvanceProcurement.APCostElementCategoryList.Other.APCostElement"
"2014","See End Item P-5A","2014-01","2015-01","0.17","0","","","","","2016-BASE_PROCUREMENT-2016-ARMY_MISSLE-PROCUREMENT_JustificationBook_Army_PB_2016.zzz_unzipped-PROCUREMENT_JustificationBook_Army_PB_2016.xml","a165d0be6144e6f49e80b5586363567ae0ec4790d0f3b569f3260420117a3760","0-080a32d2783f059941716b340050ccc96100240b7c33d24b7bb18f8f0c733912","Various","","2-4d047f36a4a7a2fbf5acdb89e80aa54d8133374fb485ca1938043e95feb5c238","root.record.ItemExhibitList.P5Item.P10AdvanceProcurement.APCostElementCategoryList.Other.APCostElement"
"2015","See End Item P-5A","2015-01","2016-01","0.17","0","","","","","2016-BASE_PROCUREMENT-2016-ARMY_MISSLE-PROCUREMENT_JustificationBook_Army_PB_2016.zzz_unzipped-PROCUREMENT_JustificationBook_Army_PB_2016.xml","a165d0be6144e6f49e80b5586363567ae0ec4790d0f3b569f3260420117a3760","1-3d734790fcfcc74ac9cf835d58f8589e9f39789411ffc2eda1d67b5b66b5d2c6","Various","","2-4d047f36a4a7a2fbf5acdb89e80aa54d8133374fb485ca1938043e95feb5c238","root.record.ItemExhibitList.P5Item.P10AdvanceProcurement.APCostElementCategoryList.Other.APCostElement"
"2014","See End Item P-5A","2014-01","2015-07","8.533","0","","","","","2016-BASE_PROCUREMENT-2016-ARMY_MISSLE-PROCUREMENT_JustificationBook_Army_PB_2016.zzz_unzipped-PROCUREMENT_JustificationBook_Army_PB_2016.xml","a165d0be6144e6f49e80b5586363567ae0ec4790d0f3b569f3260420117a3760","0-f16c723dd4a36cde087f6366880287bcd00d7e50416d5922c599a009d0b2d970","Various","","3-99d27d5c9814737fcf8b72a1cbdef65d963c376d6a607c24f1feb03c71ad1ee8","root.record.ItemExhibitList.P5Item.P10AdvanceProcurement.APCostElementCategoryList.Other.APCostElement"
"2015","See End Item P-5A","2015-01","2016-07","8.533","0","","","","","2016-BASE_PROCUREMENT-2016-ARMY_MISSLE-PROCUREMENT_JustificationBook_Army_PB_2016.zzz_unzipped-PROCUREMENT_JustificationBook_Army_PB_2016.xml","a165d0be6144e6f49e80b5586363567ae0ec4790d0f3b569f3260420117a3760","1-8164e8446b9c8cfbd94c35ba39a0ba5504e720a3bb4ac0974c04f04c85023a2d","Various","","3-99d27d5c9814737fcf8b72a1cbdef65d963c376d6a607c24f1feb03c71ad1ee8","root.record.ItemExhibitList.P5Item.P10AdvanceProcurement.APCostElementCategoryList.Other.APCostElement"
"2014","See End Item P-5A","2014-01","2015-02","1.548","0","","","","","2016-BASE_PROCUREMENT-2016-ARMY_MISSLE-PROCUREMENT_JustificationBook_Army_PB_2016.zzz_unzipped-PROCUREMENT_JustificationBook_Army_PB_2016.xml","a165d0be6144e6f49e80b5586363567ae0ec4790d0f3b569f3260420117a3760","0-a9b85962dd02940068d7243acf846fdae2e704fd2041bb494c2ce09decbffda8","Various","","4-a586f9c14c98b2a0e8bdd3d7e09f920fd8ac3f3d0725d2b63e052e00c49d6b9f","root.record.ItemExhibitList.P5Item.P10AdvanceProcurement.APCostElementCategoryList.Other.APCostElement"
"2015","See End Item P-5A","2015-01","2016-02","1.548","0","","","","","2016-BASE_PROCUREMENT-2016-ARMY_MISSLE-PROCUREMENT_JustificationBook_Army_PB_2016.zzz_unzipped-PROCUREMENT_JustificationBook_Army_PB_2016.xml","a165d0be6144e6f49e80b5586363567ae0ec4790d0f3b569f3260420117a3760","1-43f5ff5d156f4bd7d0367d522fd1f3bf5c4a8fbbe6589ab7f0d5e9ad1a8ff9a1","Various","","4-a586f9c14c98b2a0e8bdd3d7e09f920fd8ac3f3d0725d2b63e052e00c49d6b9f","root.record.ItemExhibitList.P5Item.P10AdvanceProcurement.APCostElementCategoryList.Other.APCostElement"
"2014","See End Item P-5A","2014-01","2015-01","0.351","0","","","","","2016-BASE_PROCUREMENT-2016-ARMY_MISSLE-PROCUREMENT_JustificationBook_Army_PB_2016.zzz_unzipped-PROCUREMENT_JustificationBook_Army_PB_2016.xml","a165d0be6144e6f49e80b5586363567ae0ec4790d0f3b569f3260420117a3760","0-9ab61feacd9683fe60aa9d99b8e5711f725e49592f94294e1a0ad9ba458c225a","Various","","5-6f6ecfdf66fbde8538fd0aa6f20f70ba3eac6755686a3efab90db6e22c7306df","root.record.ItemExhibitList.P5Item.P10AdvanceProcurement.APCostElementCategoryList.Other.APCostElement"
"2015","See End Item P-5A","2015-01","2016-01","0.351","0","","","","","2016-BASE_PROCUREMENT-2016-ARMY_MISSLE-PROCUREMENT_JustificationBook_Army_PB_2016.zzz_unzipped-PROCUREMENT_JustificationBook_Army_PB_2016.xml","a165d0be6144e6f49e80b5586363567ae0ec4790d0f3b569f3260420117a3760","1-3275f025134811d9913b8ea7e7f79c09b06184fbae6c1e700308a30885bb102f","Various","","5-6f6ecfdf66fbde8538fd0aa6f20f70ba3eac6755686a3efab90db6e22c7306df","root.record.ItemExhibitList.P5Item.P10AdvanceProcurement.APCostElementCategoryList.Other.APCostElement"
"2014","See End Item P-5A","2014-01","2015-02","0.916","0","","","","","2016-BASE_PROCUREMENT-2016-ARMY_MISSLE-PROCUREMENT_JustificationBook_Army_PB_2016.zzz_unzipped-PROCUREMENT_JustificationBook_Army_PB_2016.xml","a165d0be6144e6f49e80b5586363567ae0ec4790d0f3b569f3260420117a3760","0-edde253fe5fba2b5abebb55392ead14b1d6edd46b5ef15c6592183f08b7738bc","Various","","6-9fe496288e54b7c859f085182b7d61b2954760bfe56c831853d755f55745237f","root.record.ItemExhibitList.P5Item.P10AdvanceProcurement.APCostElementCategoryList.Other.APCostElement"
"2015","See End Item P-5A","2015-01","2016-02","0.916","0","","","","","2016-BASE_PROCUREMENT-2016-ARMY_MISSLE-PROCUREMENT_JustificationBook_Army_PB_2016.zzz_unzipped-PROCUREMENT_JustificationBook_Army_PB_2016.xml","a165d0be6144e6f49e80b5586363567ae0ec4790d0f3b569f3260420117a3760","1-f75705d89291a602459550107cd671bb4f15449d9fc501a28c21a9dc0066da43","Various","","6-9fe496288e54b7c859f085182b7d61b2954760bfe56c831853d755f55745237f","root.record.ItemExhibitList.P5Item.P10AdvanceProcurement.APCostElementCategoryList.Other.APCostElement"
"2014","See End Item P-5A","2014-01","2015-01","0.543","0","","","","","2016-BASE_PROCUREMENT-2016-ARMY_MISSLE-PROCUREMENT_JustificationBook_Army_PB_2016.zzz_unzipped-PROCUREMENT_JustificationBook_Army_PB_2016.xml","a165d0be6144e6f49e80b5586363567ae0ec4790d0f3b569f3260420117a3760","0-f7d83d7af1e7c728995ab041fb97bdbef9a79d2d3e43141d079dee2caeb8e7c9","Various","","7-76b13af072d9e52c8f29313a88eec085f97c9b41183bc212babf7f1015d31b15","root.record.ItemExhibitList.P5Item.P10AdvanceProcurement.APCostElementCategoryList.Other.APCostElement"
"2015","See End Item P-5A","2015-01","2016-01","0.543","0","","","","","2016-BASE_PROCUREMENT-2016-ARMY_MISSLE-PROCUREMENT_JustificationBook_Army_PB_2016.zzz_unzipped-PROCUREMENT_JustificationBook_Army_PB_2016.xml","a165d0be6144e6f49e80b5586363567ae0ec4790d0f3b569f3260420117a3760","1-00171e4b8a7065cc235d4c8191f0bffd45e81e22804a1470550931945a973c3c","Various","","7-76b13af072d9e52c8f29313a88eec085f97c9b41183bc212babf7f1015d31b15","root.record.ItemExhibitList.P5Item.P10AdvanceProcurement.APCostElementCategoryList.Other.APCostElement"
"2015","See End Item P-5A","2015-12","2016-01","24","4487.884","","","","","2017-BASE_PROCUREMENT-2017-ARMY_AIRCRAFT-U_PROCUREMENT_JustificationBook_Army_PB_2017.zzz_unzipped-U_PROCUREMENT_JustificationBook_Army_PB_2017.xml","1f70a6b78589233ad91d21a4ae69bce2801aaf1036db7b0daab5a6799826990c","0-bd489a07ed6e5c9907d5cf7a6ff6ee652c4de7ef3be015c3c9d4956b43f5231f","Various","","0-b7b81d3f1ec1277d9ad0c8c71471947d244e53ef769b2c84423a6acfb0abbd7c","root.record.ItemExhibitList.P5Item.P10AdvanceProcurement.APCostElementCategoryList.Other.APCostElement"
"2016","See End Item P-5A","2016-12","2017-01","32","4487.884","","","","","2017-BASE_PROCUREMENT-2017-ARMY_AIRCRAFT-U_PROCUREMENT_JustificationBook_Army_PB_2017.zzz_unzipped-U_PROCUREMENT_JustificationBook_Army_PB_2017.xml","1f70a6b78589233ad91d21a4ae69bce2801aaf1036db7b0daab5a6799826990c","1-23c36cb14e48b515a02b2975871409cbf6650fbdedf0fcd3d41d939d1755f392","Various","","0-b7b81d3f1ec1277d9ad0c8c71471947d244e53ef769b2c84423a6acfb0abbd7c","root.record.ItemExhibitList.P5Item.P10AdvanceProcurement.APCostElementCategoryList.Other.APCostElement"
"2017","See End Item P-5A","2017-12","2018-05","26","4487.884","","","","","2017-BASE_PROCUREMENT-2017-ARMY_AIRCRAFT-U_PROCUREMENT_JustificationBook_Army_PB_2017.zzz_unzipped-U_PROCUREMENT_JustificationBook_Army_PB_2017.xml","1f70a6b78589233ad91d21a4ae69bce2801aaf1036db7b0daab5a6799826990c","2-b93b9fb55f005867b10d103ec55d8cf02b37c259316451687ae26d31775f0cdd","Various","","0-b7b81d3f1ec1277d9ad0c8c71471947d244e53ef769b2c84423a6acfb0abbd7c","root.record.ItemExhibitList.P5Item.P10AdvanceProcurement.APCostElementCategoryList.Other.APCostElement"
"2015","See End Item P-5A","2015-12","2016-01","24","2633.654","","","","","2017-BASE_PROCUREMENT-2017-ARMY_AIRCRAFT-U_PROCUREMENT_JustificationBook_Army_PB_2017.zzz_unzipped-U_PROCUREMENT_JustificationBook_Army_PB_2017.xml","1f70a6b78589233ad91d21a4ae69bce2801aaf1036db7b0daab5a6799826990c","0-d59f6584639e678133a5611107eb55e5dca7f44dd8fb7aae7fcd9fcb307ae29b","Various","","1-36b7bc6703736323135e73436b253a49daed32f45e5ae6a982111154099366a4","root.record.ItemExhibitList.P5Item.P10AdvanceProcurement.APCostElementCategoryList.Other.APCostElement"
"2016","See End Item P-5A","2016-12","2017-01","32","2633.654","","","","","2017-BASE_PROCUREMENT-2017-ARMY_AIRCRAFT-U_PROCUREMENT_JustificationBook_Army_PB_2017.zzz_unzipped-U_PROCUREMENT_JustificationBook_Army_PB_2017.xml","1f70a6b78589233ad91d21a4ae69bce2801aaf1036db7b0daab5a6799826990c","1-503ac82a4c48831748ccaaa19645713f4f447ee4e2119fb144d570e89d4744f4","Various","","1-36b7bc6703736323135e73436b253a49daed32f45e5ae6a982111154099366a4","root.record.ItemExhibitList.P5Item.P10AdvanceProcurement.APCostElementCategoryList.Other.APCostElement"
"2017","See End Item P-5A","2017-12","2018-05","26","2633.654","","","","","2017-BASE_PROCUREMENT-2017-ARMY_AIRCRAFT-U_PROCUREMENT_JustificationBook_Army_PB_2017.zzz_unzipped-U_PROCUREMENT_JustificationBook_Army_PB_2017.xml","1f70a6b78589233ad91d21a4ae69bce2801aaf1036db7b0daab5a6799826990c","2-a9c9176797d5e9b70ad18df7712ad23ffca2144314679287011ee8facdce994a","Various","","1-36b7bc6703736323135e73436b253a49daed32f45e5ae6a982111154099366a4","root.record.ItemExhibitList.P5Item.P10AdvanceProcurement.APCostElementCategoryList.Other.APCostElement"
"2015","See End Item P-5A","2014-12","2015-06","70","3138.200","","","","","2017-BASE_PROCUREMENT-2017-ARMY_AIRCRAFT-U_PROCUREMENT_JustificationBook_Army_PB_2017.zzz_unzipped-U_PROCUREMENT_JustificationBook_Army_PB_2017.xml","2bd4c0a1589e46892f050588acb05b9acd9f0eba50d9b990b2593abe3dddb364","0-b479914bbb7f78123430062034e12a0f5d828ec54796beb57b4f7a652bc0c666","Various","","0-904d8e47a8e10d9923e4ac0aadbb7aa38ce895562e22e317dc30a0dc2133b036","root.record.ItemExhibitList.P5Item.P10AdvanceProcurement.APCostElementCategoryList.Other.APCostElement"
"2016","See End Item P-5A","2015-01","2016-07","82","3138.200","","","","","2017-BASE_PROCUREMENT-2017-ARMY_AIRCRAFT-U_PROCUREMENT_JustificationBook_Army_PB_2017.zzz_unzipped-U_PROCUREMENT_JustificationBook_Army_PB_2017.xml","2bd4c0a1589e46892f050588acb05b9acd9f0eba50d9b990b2593abe3dddb364","1-e486ef75fd39db629be7c3a7e49ffe8546727540081a69ec34c243bfb40643b5","Various","","0-904d8e47a8e10d9923e4ac0aadbb7aa38ce895562e22e317dc30a0dc2133b036","root.record.ItemExhibitList.P5Item.P10AdvanceProcurement.APCostElementCategoryList.Other.APCostElement"
"2017","See End Item P-5A","2016-12","2017-06","36","3138.200","","","","","2017-BASE_PROCUREMENT-2017-ARMY_AIRCRAFT-U_PROCUREMENT_JustificationBook_Army_PB_2017.zzz_unzipped-U_PROCUREMENT_JustificationBook_Army_PB_2017.xml","2bd4c0a1589e46892f050588acb05b9acd9f0eba50d9b990b2593abe3dddb364","2-67e42932cec15312a84a026cc3c1d086da68b0d743f040cc525268e7c864a0b0","Various","","0-904d8e47a8e10d9923e4ac0aadbb7aa38ce895562e22e317dc30a0dc2133b036","root.record.ItemExhibitList.P5Item.P10AdvanceProcurement.APCostElementCategoryList.Other.APCostElement"
"2015","See End Item P-5A","2014-12","2015-06","70","87.000","","","","","2017-BASE_PROCUREMENT-2017-ARMY_AIRCRAFT-U_PROCUREMENT_JustificationBook_Army_PB_2017.zzz_unzipped-U_PROCUREMENT_JustificationBook_Army_PB_2017.xml","2bd4c0a1589e46892f050588acb05b9acd9f0eba50d9b990b2593abe3dddb364","0-a5a079da6c49fd95f126096225a74c492fa2c6373198d7c3b67ddfb94ff560f8","Various","","1-4f7ac66c0574f095c9b908823ff0811f5ef9157342d7558705b7710e43de23a4","root.record.ItemExhibitList.P5Item.P10AdvanceProcurement.APCostElementCategoryList.Other.APCostElement"
"2016","See End Item P-5A","2015-01","2016-07","82","87.000","","","","","2017-BASE_PROCUREMENT-2017-ARMY_AIRCRAFT-U_PROCUREMENT_JustificationBook_Army_PB_2017.zzz_unzipped-U_PROCUREMENT_JustificationBook_Army_PB_2017.xml","2bd4c0a1589e46892f050588acb05b9acd9f0eba50d9b990b2593abe3dddb364","1-d31e960244a1f0c1c9064416400c9de638842cedb1af6beafadadb1cfd983cef","Various","","1-4f7ac66c0574f095c9b908823ff0811f5ef9157342d7558705b7710e43de23a4","root.record.ItemExhibitList.P5Item.P10AdvanceProcurement.APCostElementCategoryList.Other.APCostElement"
"2017","See End Item P-5A","2016-12","2017-06","36","87.000","","","","","2017-BASE_PROCUREMENT-2017-ARMY_AIRCRAFT-U_PROCUREMENT_JustificationBook_Army_PB_2017.zzz_unzipped-U_PROCUREMENT_JustificationBook_Army_PB_2017.xml","2bd4c0a1589e46892f050588acb05b9acd9f0eba50d9b990b2593abe3dddb364","2-f3490ce0eec7df682af2a4e10c2e819b4ea18ffd382faedefbb82cdebbb76f8c","Various","","1-4f7ac66c0574f095c9b908823ff0811f5ef9157342d7558705b7710e43de23a4","root.record.ItemExhibitList.P5Item.P10AdvanceProcurement.APCostElementCategoryList.Other.APCostElement"
"2015","See End Item P-5A","2014-12","2015-06","140","666.000","","","","","2017-BASE_PROCUREMENT-2017-ARMY_AIRCRAFT-U_PROCUREMENT_JustificationBook_Army_PB_2017.zzz_unzipped-U_PROCUREMENT_JustificationBook_Army_PB_2017.xml","2bd4c0a1589e46892f050588acb05b9acd9f0eba50d9b990b2593abe3dddb364","0-596d90b5ea3fbec61654fb001220761749d23d77ec90c3a6b68863862d4e4687","Various","","2-aa82b480fd168ab310d7d52f752b0e7ce2d6e90f92e564a4f40cf6f7dbd52782","root.record.ItemExhibitList.P5Item.P10AdvanceProcurement.APCostElementCategoryList.Other.APCostElement"
"2016","See End Item P-5A","2015-01","2016-07","164","666.000","","","","","2017-BASE_PROCUREMENT-2017-ARMY_AIRCRAFT-U_PROCUREMENT_JustificationBook_Army_PB_2017.zzz_unzipped-U_PROCUREMENT_JustificationBook_Army_PB_2017.xml","2bd4c0a1589e46892f050588acb05b9acd9f0eba50d9b990b2593abe3dddb364","1-8a206ce23390c9c55816aa28a8fad2f69de7f3898d203dcce43f746b33934c21","Various","","2-aa82b480fd168ab310d7d52f752b0e7ce2d6e90f92e564a4f40cf6f7dbd52782","root.record.ItemExhibitList.P5Item.P10AdvanceProcurement.APCostElementCategoryList.Other.APCostElement"
"2017","See End Item P-5A","2016-12","2017-06","72","666.000","","","","","2017-BASE_PROCUREMENT-2017-ARMY_AIRCRAFT-U_PROCUREMENT_JustificationBook_Army_PB_2017.zzz_unzipped-U_PROCUREMENT_JustificationBook_Army_PB_2017.xml","2bd4c0a1589e46892f050588acb05b9acd9f0eba50d9b990b2593abe3dddb364","2-54d6fd44283c92bb68ae7407b1c7a2f7fd857a3fbd454a0311e26cd4ff247508","Various","","2-aa82b480fd168ab310d7d52f752b0e7ce2d6e90f92e564a4f40cf6f7dbd52782","root.record.ItemExhibitList.P5Item.P10AdvanceProcurement.APCostElementCategoryList.Other.APCostElement"
"2015","See End Item P-5A","2014-12","2015-06","140","107.000","","","","","2017-BASE_PROCUREMENT-2017-ARMY_AIRCRAFT-U_PROCUREMENT_JustificationBook_Army_PB_2017.zzz_unzipped-U_PROCUREMENT_JustificationBook_Army_PB_2017.xml","2bd4c0a1589e46892f050588acb05b9acd9f0eba50d9b990b2593abe3dddb364","0-a5f0ef49383e3c2514f4f767c765ceeebf5d2976f3439de3f1cadafcacb629cf","Various","","3-4738762a4212de0741fae09db570d21210d286f2af1152c37466d830e18b0fee","root.record.ItemExhibitList.P5Item.P10AdvanceProcurement.APCostElementCategoryList.Other.APCostElement"
"2016","See End Item P-5A","2015-01","2016-07","164","107.000","","","","","2017-BASE_PROCUREMENT-2017-ARMY_AIRCRAFT-U_PROCUREMENT_JustificationBook_Army_PB_2017.zzz_unzipped-U_PROCUREMENT_JustificationBook_Army_PB_2017.xml","2bd4c0a1589e46892f050588acb05b9acd9f0eba50d9b990b2593abe3dddb364","1-5f948b8ecb92fadca57e883e58f9e5a68f29481167ec81201e070a654fa5024a","Various","","3-4738762a4212de0741fae09db570d21210d286f2af1152c37466d830e18b0fee","root.record.ItemExhibitList.P5Item.P10AdvanceProcurement.APCostElementCategoryList.Other.APCostElement"
"2017","See End Item P-5A","2016-12","2017-06","72","107.000","","","","","2017-BASE_PROCUREMENT-2017-ARMY_AIRCRAFT-U_PROCUREMENT_JustificationBook_Army_PB_2017.zzz_unzipped-U_PROCUREMENT_JustificationBook_Army_PB_2017.xml","2bd4c0a1589e46892f050588acb05b9acd9f0eba50d9b990b2593abe3dddb364","2-67377944ea40d7f85adff87a3e36f5c1a06e7cbe5eb4fac4ff917c5cff57fe34","Various","","3-4738762a4212de0741fae09db570d21210d286f2af1152c37466d830e18b0fee","root.record.ItemExhibitList.P5Item.P10AdvanceProcurement.APCostElementCategoryList.Other.APCostElement"
"2015","See End Item P-5A","2014-12","2015-06","70","65.000","","","","","2017-BASE_PROCUREMENT-2017-ARMY_AIRCRAFT-U_PROCUREMENT_JustificationBook_Army_PB_2017.zzz_unzipped-U_PROCUREMENT_JustificationBook_Army_PB_2017.xml","2bd4c0a1589e46892f050588acb05b9acd9f0eba50d9b990b2593abe3dddb364","0-21194a2010ca7ef217ec17a0df7063219055f27b011fc75518614579c7eb2634","Various","","4-a42d3e7d6b630b84bb42b7ef9657fbae4fe6568879e1b0a6a327645b6ac4bf90","root.record.ItemExhibitList.P5Item.P10AdvanceProcurement.APCostElementCategoryList.Other.APCostElement"
"2016","See End Item P-5A","2015-01","2016-07","82","65.000","","","","","2017-BASE_PROCUREMENT-2017-ARMY_AIRCRAFT-U_PROCUREMENT_JustificationBook_Army_PB_2017.zzz_unzipped-U_PROCUREMENT_JustificationBook_Army_PB_2017.xml","2bd4c0a1589e46892f050588acb05b9acd9f0eba50d9b990b2593abe3dddb364","1-0ee7fff09cfa93184cbd32e4cbdcc0232cfcb43730d4f9d66deae4588c265f02","Various","","4-a42d3e7d6b630b84bb42b7ef9657fbae4fe6568879e1b0a6a327645b6ac4bf90","root.record.ItemExhibitList.P5Item.P10AdvanceProcurement.APCostElementCategoryList.Other.APCostElement"
"2017","See End Item P-5A","2016-12","2017-06","36","65.000","","","","","2017-BASE_PROCUREMENT-2017-ARMY_AIRCRAFT-U_PROCUREMENT_JustificationBook_Army_PB_2017.zzz_unzipped-U_PROCUREMENT_JustificationBook_Army_PB_2017.xml","2bd4c0a1589e46892f050588acb05b9acd9f0eba50d9b990b2593abe3dddb364","2-cfc22df28b911d0c25ed1152fa066382c1311769fbea717e2ac8591e9bb121ca","Various","","4-a42d3e7d6b630b84bb42b7ef9657fbae4fe6568879e1b0a6a327645b6ac4bf90","root.record.ItemExhibitList.P5Item.P10AdvanceProcurement.APCostElementCategoryList.Other.APCostElement"
"2015","See End Item P-5A","2014-12","2015-06","0","0.000","","","","","2017-BASE_PROCUREMENT-2017-ARMY_AIRCRAFT-U_PROCUREMENT_JustificationBook_Army_PB_2017.zzz_unzipped-U_PROCUREMENT_JustificationBook_Army_PB_2017.xml","2bd4c0a1589e46892f050588acb05b9acd9f0eba50d9b990b2593abe3dddb364","0-112330c7ba49c09d5a31cf9b7a3ceffb0ca791e144468f802d779c2562204ba4","Various","","5-142f37443bef6a0aababbb0aee583214c17dca5ce60c7a0c9c88b414a534c364","root.record.ItemExhibitList.P5Item.P10AdvanceProcurement.APCostElementCategoryList.Other.APCostElement"
"2015","See End Item P-5A","2014-12","2015-06","0","0.000","","","","","2017-BASE_PROCUREMENT-2017-ARMY_AIRCRAFT-U_PROCUREMENT_JustificationBook_Army_PB_2017.zzz_unzipped-U_PROCUREMENT_JustificationBook_Army_PB_2017.xml","2bd4c0a1589e46892f050588acb05b9acd9f0eba50d9b990b2593abe3dddb364","0-2aabc0ee52b199fb392c468a1e67a36fd51b54bbf9e33bc1ec215b1ef8f49c7d","Various","","6-6671aed24c79213e8168f3df2a0154fd5d5f779d2fffb964a0a37952c6b13799","root.record.ItemExhibitList.P5Item.P10AdvanceProcurement.APCostElementCategoryList.Other.APCostElement"
"2015","See End Item P-5A","2015-12","2017-01","0","93.000","","","","","2017-BASE_PROCUREMENT-2017-ARMY_MISSLE-U_PROCUREMENT_JustificationBook_Army_PB_2017.zzz_unzipped-U_PROCUREMENT_JustificationBook_Army_PB_2017.xml","abc7ddfa27f1d2d1fc08f8d9bc3ce8fba2a52b95a3784cecbaf8994aa4ab9ac3","0-60397a2743e9868273feb8aa82bb2a9238fbdfae9465c21519ba401768d69f9d","Various","","0-383dab35a608714db8ff4dcb3d3a910100ef8342c409c2c870c6df77437d6215","root.record.ItemExhibitList.P5Item.P10AdvanceProcurement.APCostElementCategoryList.Other.APCostElement"
"2017","See End Item P-5A","2017-02","2019-09","7","93.000","","","","","2017-BASE_PROCUREMENT-2017-ARMY_MISSLE-U_PROCUREMENT_JustificationBook_Army_PB_2017.zzz_unzipped-U_PROCUREMENT_JustificationBook_Army_PB_2017.xml","abc7ddfa27f1d2d1fc08f8d9bc3ce8fba2a52b95a3784cecbaf8994aa4ab9ac3","1-40bb7d5516f39c64b7febfc3c5e465715b66a5450b2332118296e6306284e1ad","Various","","0-383dab35a608714db8ff4dcb3d3a910100ef8342c409c2c870c6df77437d6215","root.record.ItemExhibitList.P5Item.P10AdvanceProcurement.APCostElementCategoryList.Other.APCostElement"
"2015","See End Item P-5A","2015-12","2016-12","0","87.000","","","","","2017-BASE_PROCUREMENT-2017-ARMY_MISSLE-U_PROCUREMENT_JustificationBook_Army_PB_2017.zzz_unzipped-U_PROCUREMENT_JustificationBook_Army_PB_2017.xml","abc7ddfa27f1d2d1fc08f8d9bc3ce8fba2a52b95a3784cecbaf8994aa4ab9ac3","0-3ada690d3c7782951ad301bdf3ddbe7df009afdcc64e15cf28b08308fb9322fa","Various","","1-5fc91d13762a156c92cfc6985b1a428278208016f261973ab06ee82c571ecd49","root.record.ItemExhibitList.P5Item.P10AdvanceProcurement.APCostElementCategoryList.Other.APCostElement"
"2017","See End Item P-5A","2017-02","2019-09","9","87.000","","","","","2017-BASE_PROCUREMENT-2017-ARMY_MISSLE-U_PROCUREMENT_JustificationBook_Army_PB_2017.zzz_unzipped-U_PROCUREMENT_JustificationBook_Army_PB_2017.xml","abc7ddfa27f1d2d1fc08f8d9bc3ce8fba2a52b95a3784cecbaf8994aa4ab9ac3","1-dd61b51f86c0eb9b5676936171aa1cea6881a9b7c71555faed259f3a2d9edbaa","Various","","1-5fc91d13762a156c92cfc6985b1a428278208016f261973ab06ee82c571ecd49","root.record.ItemExhibitList.P5Item.P10AdvanceProcurement.APCostElementCategoryList.Other.APCostElement"
"2015","See End Item P-5A","2015-12","2016-12","0","79.000","","","","","2017-BASE_PROCUREMENT-2017-ARMY_MISSLE-U_PROCUREMENT_JustificationBook_Army_PB_2017.zzz_unzipped-U_PROCUREMENT_JustificationBook_Army_PB_2017.xml","abc7ddfa27f1d2d1fc08f8d9bc3ce8fba2a52b95a3784cecbaf8994aa4ab9ac3","0-dc8bef7996d3fcdef0513739e029e1c97428ae83b71831b708fe06c068d3b5ba","Various","","2-6e756c107f85a875ad780d323fc9543960924e7786f7b07b6db4f56416ce2ac4","root.record.ItemExhibitList.P5Item.P10AdvanceProcurement.APCostElementCategoryList.Other.APCostElement"
"2017","See End Item P-5A","2017-02","2019-09","135","79.000","","","","","2017-BASE_PROCUREMENT-2017-ARMY_MISSLE-U_PROCUREMENT_JustificationBook_Army_PB_2017.zzz_unzipped-U_PROCUREMENT_JustificationBook_Army_PB_2017.xml","abc7ddfa27f1d2d1fc08f8d9bc3ce8fba2a52b95a3784cecbaf8994aa4ab9ac3","1-53e00a501413ff3105e5fa68953428725e55d5c1d3bf6f9cde03cc45a008f063","Various","","2-6e756c107f85a875ad780d323fc9543960924e7786f7b07b6db4f56416ce2ac4","root.record.ItemExhibitList.P5Item.P10AdvanceProcurement.APCostElementCategoryList.Other.APCostElement"
"2015","See End Item P-5A","2015-12","2016-12","0","20.000","","","","","2017-BASE_PROCUREMENT-2017-ARMY_MISSLE-U_PROCUREMENT_JustificationBook_Army_PB_2017.zzz_unzipped-U_PROCUREMENT_JustificationBook_Army_PB_2017.xml","abc7ddfa27f1d2d1fc08f8d9bc3ce8fba2a52b95a3784cecbaf8994aa4ab9ac3","0-2b73af53f55bc96a07d8a418647e34d82ef7da950f29dea500094638021f5a27","Various","","3-ba0beca71a824765e42e89f10d956dfa312fca3c2c1eebbc7da3b48b9a780700","root.record.ItemExhibitList.P5Item.P10AdvanceProcurement.APCostElementCategoryList.Other.APCostElement"
"2017","See End Item P-5A","2017-02","2019-09","135","20.000","","","","","2017-BASE_PROCUREMENT-2017-ARMY_MISSLE-U_PROCUREMENT_JustificationBook_Army_PB_2017.zzz_unzipped-U_PROCUREMENT_JustificationBook_Army_PB_2017.xml","abc7ddfa27f1d2d1fc08f8d9bc3ce8fba2a52b95a3784cecbaf8994aa4ab9ac3","1-2a17875aed90f8a69e0e30b2d3fa5926c2092fac7efe6ea4d2e1da34bb7212ea","Various","","3-ba0beca71a824765e42e89f10d956dfa312fca3c2c1eebbc7da3b48b9a780700","root.record.ItemExhibitList.P5Item.P10AdvanceProcurement.APCostElementCategoryList.Other.APCostElement"
"2015","See End Item P-5A","2015-12","2016-12","0","50.000","","","","","2017-BASE_PROCUREMENT-2017-ARMY_MISSLE-U_PROCUREMENT_JustificationBook_Army_PB_2017.zzz_unzipped-U_PROCUREMENT_JustificationBook_Army_PB_2017.xml","abc7ddfa27f1d2d1fc08f8d9bc3ce8fba2a52b95a3784cecbaf8994aa4ab9ac3","0-76c3e7d53782d5c6c793791bc737941b8527d5a4e97d55046397be539b1c3953","Various","","4-de8153bc6700dd59e9837ee218df0642469706c2886bbd7d37b14e6598c04d5b","root.record.ItemExhibitList.P5Item.P10AdvanceProcurement.APCostElementCategoryList.Other.APCostElement"
"2017","See End Item P-5A","2017-02","2019-09","9","50.000","","","","","2017-BASE_PROCUREMENT-2017-ARMY_MISSLE-U_PROCUREMENT_JustificationBook_Army_PB_2017.zzz_unzipped-U_PROCUREMENT_JustificationBook_Army_PB_2017.xml","abc7ddfa27f1d2d1fc08f8d9bc3ce8fba2a52b95a3784cecbaf8994aa4ab9ac3","1-24950a656bd267e5e29f3c8896d47c65ea1f5054c25b21fb20ecf7ebca276ea3","Various","","4-de8153bc6700dd59e9837ee218df0642469706c2886bbd7d37b14e6598c04d5b","root.record.ItemExhibitList.P5Item.P10AdvanceProcurement.APCostElementCategoryList.Other.APCostElement"
"2015","See End Item P-5A","2015-12","2016-12","0","50.000","","","","","2017-BASE_PROCUREMENT-2017-ARMY_MISSLE-U_PROCUREMENT_JustificationBook_Army_PB_2017.zzz_unzipped-U_PROCUREMENT_JustificationBook_Army_PB_2017.xml","abc7ddfa27f1d2d1fc08f8d9bc3ce8fba2a52b95a3784cecbaf8994aa4ab9ac3","0-6799c12481b7c22ae3e2a4fcb16e895bbb492385d1db0e459d359c7b76f029b1","Various","","5-095888ee1f16f5b97410adb97d1d5793dc4ee4239a8f31712b55d3a4d35acda3","root.record.ItemExhibitList.P5Item.P10AdvanceProcurement.APCostElementCategoryList.Other.APCostElement"
"2017","See End Item P-5A","2017-02","2019-09","9","50.000","","","","","2017-BASE_PROCUREMENT-2017-ARMY_MISSLE-U_PROCUREMENT_JustificationBook_Army_PB_2017.zzz_unzipped-U_PROCUREMENT_JustificationBook_Army_PB_2017.xml","abc7ddfa27f1d2d1fc08f8d9bc3ce8fba2a52b95a3784cecbaf8994aa4ab9ac3","1-c10aad8145c5bc4ba42955d942b48f218b1b2cac0e0b3443fba7ade25e4abd3a","Various","","5-095888ee1f16f5b97410adb97d1d5793dc4ee4239a8f31712b55d3a4d35acda3","root.record.ItemExhibitList.P5Item.P10AdvanceProcurement.APCostElementCategoryList.Other.APCostElement"
"2015","See End Item P-5A","2015-12","2016-12","0","301.667","","","","","2017-BASE_PROCUREMENT-2017-ARMY_MISSLE-U_PROCUREMENT_JustificationBook_Army_PB_2017.zzz_unzipped-U_PROCUREMENT_JustificationBook_Army_PB_2017.xml","abc7ddfa27f1d2d1fc08f8d9bc3ce8fba2a52b95a3784cecbaf8994aa4ab9ac3","0-fdc68f81b665ccf2b9e90452043c9ef43f571b3dcce64c64fffbb10862f03d6f","Various","","6-f4987e9c51382fe8cfeb86533c49e6fbd785aa50d3c68fd0a63b951ed13d3401","root.record.ItemExhibitList.P5Item.P10AdvanceProcurement.APCostElementCategoryList.Other.APCostElement"
"2017","See End Item P-5A","2017-02","2019-09","12","301.667","","","","","2017-BASE_PROCUREMENT-2017-ARMY_MISSLE-U_PROCUREMENT_JustificationBook_Army_PB_2017.zzz_unzipped-U_PROCUREMENT_JustificationBook_Army_PB_2017.xml","abc7ddfa27f1d2d1fc08f8d9bc3ce8fba2a52b95a3784cecbaf8994aa4ab9ac3","1-f8fbd92e5b5fce6a44a0429114332a5d165172c5cc611379c9822793f0ffd7f1","Various","","6-f4987e9c51382fe8cfeb86533c49e6fbd785aa50d3c68fd0a63b951ed13d3401","root.record.ItemExhibitList.P5Item.P10AdvanceProcurement.APCostElementCategoryList.Other.APCostElement"
"2016","See End Item P-5A","2016-04","2017-06","324","77.000","","","","","2017-BASE_PROCUREMENT-2017-ARMY_MISSLE-U_PROCUREMENT_JustificationBook_Army_PB_2017.zzz_unzipped-U_PROCUREMENT_JustificationBook_Army_PB_2017.xml","8e5e79c284bc6a2fded409e3c871f1ba2ee794aa21282c392687ee8481df7ce2","0-d23b71ec52c83811664fd535910c692a38b9d9bc27db200804682c04e3da6ef6","Various","","0-fa3c5c97f8b5380ffe2900c34d1fc45c0e9c824a4cb7f0ca48013d2a27ec9da7","root.record.ItemExhibitList.P5Item.P10AdvanceProcurement.APCostElementCategoryList.Other.APCostElement"
"2016","See End Item P-5A","2016-04","2017-10","324","9.000","","","","","2017-BASE_PROCUREMENT-2017-ARMY_MISSLE-U_PROCUREMENT_JustificationBook_Army_PB_2017.zzz_unzipped-U_PROCUREMENT_JustificationBook_Army_PB_2017.xml","8e5e79c284bc6a2fded409e3c871f1ba2ee794aa21282c392687ee8481df7ce2","0-b76f746d678803d1a436f8575f4b98f17de5c970937e20341e2688a00b04b927","Various","","1-0abbfc679ef45a96781ad5f345fac077870df28446954482e919cc6f02472a1e","root.record.ItemExhibitList.P5Item.P10AdvanceProcurement.APCostElementCategoryList.Other.APCostElement"
"2017","See End Item P-5A","2017-04","2018-07","496","56.653","","","","","2017-BASE_PROCUREMENT-2017-ARMY_MISSLE-U_PROCUREMENT_JustificationBook_Army_PB_2017.zzz_unzipped-U_PROCUREMENT_JustificationBook_Army_PB_2017.xml","8e5e79c284bc6a2fded409e3c871f1ba2ee794aa21282c392687ee8481df7ce2","0-4170e5e2133e7bf8c57d89f7af2d54fce7d4d75620ae3577bb2aa0f1fa71b4a1","Various","","2-95e3df5717906c5d49d2f068223cafefa05621b93a318298de0623839eb0b972","root.record.ItemExhibitList.P5Item.P10AdvanceProcurement.APCostElementCategoryList.Other.APCostElement"
"2017","See End Item P-5A","2017-04","2018-07","496","18.145","","","","","2017-BASE_PROCUREMENT-2017-ARMY_MISSLE-U_PROCUREMENT_JustificationBook_Army_PB_2017.zzz_unzipped-U_PROCUREMENT_JustificationBook_Army_PB_2017.xml","8e5e79c284bc6a2fded409e3c871f1ba2ee794aa21282c392687ee8481df7ce2","0-b9695d9c6ebbfc2944bcff8ca3e9ff5da848ab7ed45b9f90573ba1aa5422d529","Various","","3-f68f9895c19d775e67d6224e151c5395d2e1fb6aa0cf783ea99a5bd1bf8d610f","root.record.ItemExhibitList.P5Item.P10AdvanceProcurement.APCostElementCategoryList.Other.APCostElement"
"2015","See End Item P-5A","2014-12","2016-07","1","1.529","","","","","2017-BASE_PROCUREMENT-2017-ARMY_MISSLE-U_PROCUREMENT_JustificationBook_Army_PB_2017.zzz_unzipped-U_PROCUREMENT_JustificationBook_Army_PB_2017.xml","b3c74fde820ba871359db2d9522d14158bcc7cc300d55daa3c70268eb1ca04a0","0-207b9730ea6797605c7a059d728fafb483190fdd08a219ea4251c49e2f8f2195","Various","","0-6bdd074048c2b64d80d0316906d71d23d3dffb0af91e299f91f6eb982c9e6bce","root.record.ItemExhibitList.P5Item.P10AdvanceProcurement.APCostElementCategoryList.Other.APCostElement"
"2017","See End Item P-5A","2017-05","2018-12","588","1.529","","","","","2017-BASE_PROCUREMENT-2017-ARMY_MISSLE-U_PROCUREMENT_JustificationBook_Army_PB_2017.zzz_unzipped-U_PROCUREMENT_JustificationBook_Army_PB_2017.xml","b3c74fde820ba871359db2d9522d14158bcc7cc300d55daa3c70268eb1ca04a0","1-f55e47c37f84a7ad77944489ed540bca8b7c059eb9f44d34808b1eeb16d4edd3","Various","","0-6bdd074048c2b64d80d0316906d71d23d3dffb0af91e299f91f6eb982c9e6bce","root.record.ItemExhibitList.P5Item.P10AdvanceProcurement.APCostElementCategoryList.Other.APCostElement"
"2015","See End Item P-5A","2014-12","2016-07","0","0.284","","","","","2017-BASE_PROCUREMENT-2017-ARMY_MISSLE-U_PROCUREMENT_JustificationBook_Army_PB_2017.zzz_unzipped-U_PROCUREMENT_JustificationBook_Army_PB_2017.xml","b3c74fde820ba871359db2d9522d14158bcc7cc300d55daa3c70268eb1ca04a0","0-db27f549762a405245e20a73d85a0ea017dc427140d53b97bbc0c7a6208ef9e2","Various","","1-57fcab4da6fdf3e997441d901aec93e2b8b2774a3ed019292849828ecc3748b2","root.record.ItemExhibitList.P5Item.P10AdvanceProcurement.APCostElementCategoryList.Other.APCostElement"
"2017","See End Item P-5A","2017-05","2018-12","595","0.284","","","","","2017-BASE_PROCUREMENT-2017-ARMY_MISSLE-U_PROCUREMENT_JustificationBook_Army_PB_2017.zzz_unzipped-U_PROCUREMENT_JustificationBook_Army_PB_2017.xml","b3c74fde820ba871359db2d9522d14158bcc7cc300d55daa3c70268eb1ca04a0","1-2fc200012a4c79ceae21bb25f605423c35680f56b36176351e3553131ec05cbc","Various","","1-57fcab4da6fdf3e997441d901aec93e2b8b2774a3ed019292849828ecc3748b2","root.record.ItemExhibitList.P5Item.P10AdvanceProcurement.APCostElementCategoryList.Other.APCostElement"
"2015","See End Item P-5A","2014-12","2016-07","7","11.882","","","","","2017-BASE_PROCUREMENT-2017-ARMY_MISSLE-U_PROCUREMENT_JustificationBook_Army_PB_2017.zzz_unzipped-U_PROCUREMENT_JustificationBook_Army_PB_2017.xml","b3c74fde820ba871359db2d9522d14158bcc7cc300d55daa3c70268eb1ca04a0","0-fe645cd1701617cf888009d794aaa335eb82151f3665b6f07ee429019d41bc26","Various","","2-1c7e12380911c7598030ebdd1209df2619912e2f1ac41caa8a3240daa988afdd","root.record.ItemExhibitList.P5Item.P10AdvanceProcurement.APCostElementCategoryList.Other.APCostElement"
"2017","See End Item P-5A","2017-05","2018-12","595","11.882","","","","","2017-BASE_PROCUREMENT-2017-ARMY_MISSLE-U_PROCUREMENT_JustificationBook_Army_PB_2017.zzz_unzipped-U_PROCUREMENT_JustificationBook_Army_PB_2017.xml","b3c74fde820ba871359db2d9522d14158bcc7cc300d55daa3c70268eb1ca04a0","1-73e13dae1436a7031d655655d753a3d5a03466fe2dad3e6d9abdde6ae1fc5b95","Various","","2-1c7e12380911c7598030ebdd1209df2619912e2f1ac41caa8a3240daa988afdd","root.record.ItemExhibitList.P5Item.P10AdvanceProcurement.APCostElementCategoryList.Other.APCostElement"
"2015","See End Item P-5A","2014-12","2016-07","2","2.583","","","","","2017-BASE_PROCUREMENT-2017-ARMY_MISSLE-U_PROCUREMENT_JustificationBook_Army_PB_2017.zzz_unzipped-U_PROCUREMENT_JustificationBook_Army_PB_2017.xml","b3c74fde820ba871359db2d9522d14158bcc7cc300d55daa3c70268eb1ca04a0","0-5d394e019ae1a80f2b2010273fbf4fb5048dcac713d050ddc5a0c5d40c7aa3fd","Various","","3-46bb17ed285478755c6d431aff34215b8b9a2e34764b5cfa651bfd91181b1b13","root.record.ItemExhibitList.P5Item.P10AdvanceProcurement.APCostElementCategoryList.Other.APCostElement"
"2017","See End Item P-5A","2017-05","2018-12","595","2.583","","","","","2017-BASE_PROCUREMENT-2017-ARMY_MISSLE-U_PROCUREMENT_JustificationBook_Army_PB_2017.zzz_unzipped-U_PROCUREMENT_JustificationBook_Army_PB_2017.xml","b3c74fde820ba871359db2d9522d14158bcc7cc300d55daa3c70268eb1ca04a0","1-4cb9df293c1d9c02b9c7dca97ed0e1a9770b167e77d5413d6d19440c21ed4381","Various","","3-46bb17ed285478755c6d431aff34215b8b9a2e34764b5cfa651bfd91181b1b13","root.record.ItemExhibitList.P5Item.P10AdvanceProcurement.APCostElementCategoryList.Other.APCostElement"
"2015","See End Item P-5A","2014-12","2016-07","0","0.594","","","","","2017-BASE_PROCUREMENT-2017-ARMY_MISSLE-U_PROCUREMENT_JustificationBook_Army_PB_2017.zzz_unzipped-U_PROCUREMENT_JustificationBook_Army_PB_2017.xml","b3c74fde820ba871359db2d9522d14158bcc7cc300d55daa3c70268eb1ca04a0","0-736460c35b955112f5350b861fede142b020f5b01f77682fa1bdd4b3476eb0d6","Various","","4-1226656c30d25e16739373ecb71568dd282f3931cee4b4022c978683285d308e","root.record.ItemExhibitList.P5Item.P10AdvanceProcurement.APCostElementCategoryList.Other.APCostElement"
"2017","See End Item P-5A","2017-05","2018-12","588","0.594","","","","","2017-BASE_PROCUREMENT-2017-ARMY_MISSLE-U_PROCUREMENT_JustificationBook_Army_PB_2017.zzz_unzipped-U_PROCUREMENT_JustificationBook_Army_PB_2017.xml","b3c74fde820ba871359db2d9522d14158bcc7cc300d55daa3c70268eb1ca04a0","1-392e250cea5f458563b51656e9a5eb8c571760d54aca2eea01b65f9d1bd844d3","Various","","4-1226656c30d25e16739373ecb71568dd282f3931cee4b4022c978683285d308e","root.record.ItemExhibitList.P5Item.P10AdvanceProcurement.APCostElementCategoryList.Other.APCostElement"
"2015","See End Item P-5A","2014-12","2016-07","9","14.244","","","","","2017-BASE_PROCUREMENT-2017-ARMY_MISSLE-U_PROCUREMENT_JustificationBook_Army_PB_2017.zzz_unzipped-U_PROCUREMENT_JustificationBook_Army_PB_2017.xml","b3c74fde820ba871359db2d9522d14158bcc7cc300d55daa3c70268eb1ca04a0","0-ac4f17f6e0e2affd6c752cf72142c10072a61d80ee2a551d94250ee38258f242","Various","","5-cd5a26c68424f36fc32db06a57e14cfb887ecfa424924d7d75709c1b5cb51432","root.record.ItemExhibitList.P5Item.P10AdvanceProcurement.APCostElementCategoryList.Other.APCostElement"
"2017","See End Item P-5A","2017-05","2018-12","595","14.244","","","","","2017-BASE_PROCUREMENT-2017-ARMY_MISSLE-U_PROCUREMENT_JustificationBook_Army_PB_2017.zzz_unzipped-U_PROCUREMENT_JustificationBook_Army_PB_2017.xml","b3c74fde820ba871359db2d9522d14158bcc7cc300d55daa3c70268eb1ca04a0","1-c7f8ec58aaa1eb26013e88744344781598be592973cdc3001fcbda1972ec5cc2","Various","","5-cd5a26c68424f36fc32db06a57e14cfb887ecfa424924d7d75709c1b5cb51432","root.record.ItemExhibitList.P5Item.P10AdvanceProcurement.APCostElementCategoryList.Other.APCostElement"
"2015","See End Item P-5A","2014-12","2016-07","1","1.529","","","","","2017-BASE_PROCUREMENT-2017-ARMY_MISSLE-U_PROCUREMENT_JustificationBook_Army_PB_2017.zzz_unzipped-U_PROCUREMENT_JustificationBook_Army_PB_2017.xml","b3c74fde820ba871359db2d9522d14158bcc7cc300d55daa3c70268eb1ca04a0","0-cc4eee3fa6132318769cbac8c75f6ce19b81f219adb27f4053578b0e9cdf0796","Various","","6-714e858a1fb3cd74cb731ee8926e887a40b0276b921bdf37a62b2b3d24600ad8","root.record.ItemExhibitList.P5Item.P10AdvanceProcurement.APCostElementCategoryList.Other.APCostElement"
"2017","See End Item P-5A","2017-05","2018-12","595","1.529","","","","","2017-BASE_PROCUREMENT-2017-ARMY_MISSLE-U_PROCUREMENT_JustificationBook_Army_PB_2017.zzz_unzipped-U_PROCUREMENT_JustificationBook_Army_PB_2017.xml","b3c74fde820ba871359db2d9522d14158bcc7cc300d55daa3c70268eb1ca04a0","1-fe3b9f879321683b80fb09d094bcd3f11cad0d638543a6831b3e0a771d4b7693","Various","","6-714e858a1fb3cd74cb731ee8926e887a40b0276b921bdf37a62b2b3d24600ad8","root.record.ItemExhibitList.P5Item.P10AdvanceProcurement.APCostElementCategoryList.Other.APCostElement"
"2015","See End Item P-5A","2014-12","2016-07","1","0.908","","","","","2017-BASE_PROCUREMENT-2017-ARMY_MISSLE-U_PROCUREMENT_JustificationBook_Army_PB_2017.zzz_unzipped-U_PROCUREMENT_JustificationBook_Army_PB_2017.xml","b3c74fde820ba871359db2d9522d14158bcc7cc300d55daa3c70268eb1ca04a0","0-7e21601f6aa741194472e58e370655210436eaf9d5b587d76e911a3b513e45f4","Various","","7-33521ed713cb7b80c90c9b36df195fc0692a2afda9591d94509f573f8f9f92ba","root.record.ItemExhibitList.P5Item.P10AdvanceProcurement.APCostElementCategoryList.Other.APCostElement"
"2017","See End Item P-5A","2017-05","2018-12","595","0.908","","","","","2017-BASE_PROCUREMENT-2017-ARMY_MISSLE-U_PROCUREMENT_JustificationBook_Army_PB_2017.zzz_unzipped-U_PROCUREMENT_JustificationBook_Army_PB_2017.xml","b3c74fde820ba871359db2d9522d14158bcc7cc300d55daa3c70268eb1ca04a0","1-d237b6e89b43938d1f8cc20be331edcf2660609bf596995d9eeeabf419976dbd","Various","","7-33521ed713cb7b80c90c9b36df195fc0692a2afda9591d94509f573f8f9f92ba","root.record.ItemExhibitList.P5Item.P10AdvanceProcurement.APCostElementCategoryList.Other.APCostElement"
"2018","LAAFB, CA","2018-08","2025-04","1","132.420","true","","","","2018-BASE_PROCUREMENT-2018-AIRFORCE_SPACE-U_PROCUREMENT_JustificationBook_Air_Force_PB_2018.zzz_unzipped-U_PROCUREMENT_JustificationBook_Air_Force_PB_2018.xml","349c370ac6bc97a5ad160143ded991d0d22dea7de2bf966fd5e97c39409da319","0-7a3ef59c0f3132469ed95f134be4a26b75403153c9a1c48c03e06e8989d0b6be","TBD","2017-04","0-529dbaaf36d26fa55ae226735501fa176820adc936ecfa8885fb29f204276b16","root.record.ItemExhibitList.P5Item.P10AdvanceProcurement.APCostElementCategoryList.Other.APCostElement"
"2018","LAAFB, CA","2018-08","2025-04","1","132.420","true","","","","2018-BASE_PROCUREMENT-2018-AIRFORCE_SPACE-U_PROCUREMENT_MasterJustificationBook_Air_Force_PB_2018.zzz_unzipped-U_PROCUREMENT_MasterJustificationBook_Air_Force_PB_2018.xml","5a6e56aaee2cd93fc0c6924a649668af9970661371ccd8532aa15662b3047718","0-637715fbeb2a3abb8e0db89289963dac25584634ab8d841eab65f5353a8f5a1c","TBD","2017-04","0-cd922a8db8cfdc4aa68a8a4a1db3592654ce10148a7830e4528a420c7ef57765","root.record.ItemExhibitList.P5Item.P10AdvanceProcurement.APCostElementCategoryList.Other.APCostElement"
