FiscalYear_val,PCOLocation_val,AwardDate_val,FirstDeliveryDate_val,Quantity_val,UnitCost_val,SpecsAvailableNow_val,RFPIssueDate_val,ContractMethod_val,ContractType_val,@SOURCE_FILENAME,@RECORDID,@ROWID,FundingVehicle_val,RevisionsAvailableDate_val,@PARENTROWID,@PARENT
"2010","LAAFB, CA","2011-12","2016-01","2","47.995","true","2007-07","C","CPAF","2015-BASE_PROCUREMENT-2015-AIRFORCE_MISSILE-PROCUREMENT_JustificationBook_Air_Force_PB_2015.zzz_unzipped-PROCUREMENT_JustificationBook_Air_Force_PB_2015.xml","27d3e87bb2fc7e3e342a740b15883c038cc1395873b8ef70810bbcfee7a54946","0-e8da1f81e8311e26911b9227297441740b4bb375f874038245b27ec972c45db5","","","0-3a73d584d4b91755bf627d433a5e8e5373e207ae0849abfa9e119af57602a16c","root.record.ItemExhibitList.P5Item.P10AdvanceProcurement.APCostElementCategoryList.Other.APCostElement"
"2012","LAAFB, CA","2013-04","2017-01","2","40.732","true","2012-08","SS","FPIF","2015-BASE_PROCUREMENT-2015-AIRFORCE_MISSILE-PROCUREMENT_JustificationBook_Air_Force_PB_2015.zzz_unzipped-PROCUREMENT_JustificationBook_Air_Force_PB_2015.xml","27d3e87bb2fc7e3e342a740b15883c038cc1395873b8ef70810bbcfee7a54946","1-fc079f953dcb60c23541433d832328f465c7591851989643720751a7f7e266cd","","","0-3a73d584d4b91755bf627d433a5e8e5373e207ae0849abfa9e119af57602a16c","root.record.ItemExhibitList.P5Item.P10AdvanceProcurement.APCostElementCategoryList.Other.APCostElement"
"2013","LAAFB, CA","2013-04","2017-12","2","41.254","true","2012-08","SS","FPIF","2015-BASE_PROCUREMENT-2015-AIRFORCE_MISSILE-PROCUREMENT_JustificationBook_Air_Force_PB_2015.zzz_unzipped-PROCUREMENT_JustificationBook_Air_Force_PB_2015.xml","27d3e87bb2fc7e3e342a740b15883c038cc1395873b8ef70810bbcfee7a54946","2-a8f817821c0c3a7360ee78f9e9743ccee5daa45572b4bd6548f1df508bfb6d1e","","","0-3a73d584d4b91755bf627d433a5e8e5373e207ae0849abfa9e119af57602a16c","root.record.ItemExhibitList.P5Item.P10AdvanceProcurement.APCostElementCategoryList.Other.APCostElement"
"2014","LAAFB, CA","2014-04","2018-08","1","52.167","true","2007-07","C","CPAF","2015-BASE_PROCUREMENT-2015-AIRFORCE_MISSILE-PROCUREMENT_JustificationBook_Air_Force_PB_2015.zzz_unzipped-PROCUREMENT_JustificationBook_Air_Force_PB_2015.xml","27d3e87bb2fc7e3e342a740b15883c038cc1395873b8ef70810bbcfee7a54946","0-10a7e2eb8b1231dfc6b0067e4793c50487cac7600ac1aed442d7cb6554b3b1bf","","","0-0c68e9e615610bce2a7a79e2c4c08cf14325f2467f8303e377ef5d0556fa1f81","root.record.ItemExhibitList.P5Item.P10AdvanceProcurement.APCostElementCategoryList.Other.APCostElement"
"2015","LAAFB, CA","2015-04","2018-12","1","57.000","true","2007-07","C","CPAF","2015-BASE_PROCUREMENT-2015-AIRFORCE_MISSILE-PROCUREMENT_JustificationBook_Air_Force_PB_2015.zzz_unzipped-PROCUREMENT_JustificationBook_Air_Force_PB_2015.xml","27d3e87bb2fc7e3e342a740b15883c038cc1395873b8ef70810bbcfee7a54946","1-9964286bcf6747fac86d0a63c274e62739ca85aa31e5656df2caa4997e6c6393","","","0-0c68e9e615610bce2a7a79e2c4c08cf14325f2467f8303e377ef5d0556fa1f81","root.record.ItemExhibitList.P5Item.P10AdvanceProcurement.APCostElementCategoryList.Other.APCostElement"
"2010","LAAFB, CA","2011-12","2016-01","2","47.995","true","2007-07","C","CPAF","2015-BASE_PROCUREMENT-2015-AIRFORCE_MISSILE-PROCUREMENT_MasterJustificationBook_Air_Force_PB_2015.zzz_unzipped-PROCUREMENT_MasterJustificationBook_Air_Force_PB_2015.xml","33b3b0ad5835d13cc15e7e273b3a3b0e797b8b7474e6a63df610479ef30e8683","0-0363cdaa5acaa425841d7078b03cde11d03d5e0361142e136443b9fd47c69699","","","0-aa00de8f4811402b9e0f7521f49c203250782cc6616e6a59c2e7d036d02ce68e","root.record.ItemExhibitList.P5Item.P10AdvanceProcurement.APCostElementCategoryList.Other.APCostElement"
"2012","LAAFB, CA","2013-04","2017-01","2","40.732","true","2012-08","SS","FPIF","2015-BASE_PROCUREMENT-2015-AIRFORCE_MISSILE-PROCUREMENT_MasterJustificationBook_Air_Force_PB_2015.zzz_unzipped-PROCUREMENT_MasterJustificationBook_Air_Force_PB_2015.xml","33b3b0ad5835d13cc15e7e273b3a3b0e797b8b7474e6a63df610479ef30e8683","1-fcacd7679a2ee9b28a3227dc42c6f47dd853856ee9b510519f31a962e3729c1b","","","0-aa00de8f4811402b9e0f7521f49c203250782cc6616e6a59c2e7d036d02ce68e","root.record.ItemExhibitList.P5Item.P10AdvanceProcurement.APCostElementCategoryList.Other.APCostElement"
"2013","LAAFB, CA","2013-04","2017-12","2","41.254","true","2012-08","SS","FPIF","2015-BASE_PROCUREMENT-2015-AIRFORCE_MISSILE-PROCUREMENT_MasterJustificationBook_Air_Force_PB_2015.zzz_unzipped-PROCUREMENT_MasterJustificationBook_Air_Force_PB_2015.xml","33b3b0ad5835d13cc15e7e273b3a3b0e797b8b7474e6a63df610479ef30e8683","2-1cb0e236829748fb95ab9c8ee19508c61a3d06ad36b87a2deb1939aa3be64fd1","","","0-aa00de8f4811402b9e0f7521f49c203250782cc6616e6a59c2e7d036d02ce68e","root.record.ItemExhibitList.P5Item.P10AdvanceProcurement.APCostElementCategoryList.Other.APCostElement"
"2014","LAAFB, CA","2014-04","2018-08","1","52.167","true","2007-07","C","CPAF","2015-BASE_PROCUREMENT-2015-AIRFORCE_MISSILE-PROCUREMENT_MasterJustificationBook_Air_Force_PB_2015.zzz_unzipped-PROCUREMENT_MasterJustificationBook_Air_Force_PB_2015.xml","33b3b0ad5835d13cc15e7e273b3a3b0e797b8b7474e6a63df610479ef30e8683","0-7268ef41898a8ce367ed5a198d36fd884e439ecb752e4c1199164e7251dd50f8","","","0-2c73485e3ed642a80ee9998ac7a08bd4e6eeed99eafe2bdbb91e1e14166eccbe","root.record.ItemExhibitList.P5Item.P10AdvanceProcurement.APCostElementCategoryList.Other.APCostElement"
"2015","LAAFB, CA","2015-04","2018-12","1","57.000","true","2007-07","C","CPAF","2015-BASE_PROCUREMENT-2015-AIRFORCE_MISSILE-PROCUREMENT_MasterJustificationBook_Air_Force_PB_2015.zzz_unzipped-PROCUREMENT_MasterJustificationBook_Air_Force_PB_2015.xml","33b3b0ad5835d13cc15e7e273b3a3b0e797b8b7474e6a63df610479ef30e8683","1-0b1765ce07dc24909db5dcd3ceee55a7a72c0e6c5d8caa9f59f8c045e3f90fe2","","","0-2c73485e3ed642a80ee9998ac7a08bd4e6eeed99eafe2bdbb91e1e14166eccbe","root.record.ItemExhibitList.P5Item.P10AdvanceProcurement.APCostElementCategoryList.Other.APCostElement"
"2013","See End Item P-5A","2014-01","2015-01","108000","1.002","","","","","2015-BASE_PROCUREMENT-2015-ARMY_AIRCRAFT-PROCUREMENT_JustificationBook_Army_PB_2015.zzz_unzipped-PROCUREMENT_JustificationBook_Army_PB_2015.xml","62f6ef9a043a9fec682788a7de44311e99dedee29bd5c341afa6fde24eb5828a","0-120da0ab4761ec0d9a09c3389cbc945ef2b27e1646407dcaa96d52817e1000b1","Various","","0-f5a067427a59f97189d9b3c5e21dc4995a5cbe00e3926283d6c348ae6a83d324","root.record.ItemExhibitList.P5Item.P10AdvanceProcurement.APCostElementCategoryList.Other.APCostElement"
"2014","See End Item P-5A","2015-01","2016-01","151000","1.002","","","","","2015-BASE_PROCUREMENT-2015-ARMY_AIRCRAFT-PROCUREMENT_JustificationBook_Army_PB_2015.zzz_unzipped-PROCUREMENT_JustificationBook_Army_PB_2015.xml","62f6ef9a043a9fec682788a7de44311e99dedee29bd5c341afa6fde24eb5828a","1-889df3b5bec25182d47cb451796a16d9486f85cde0dabf419de00f7acfd76ce4","Various","","0-f5a067427a59f97189d9b3c5e21dc4995a5cbe00e3926283d6c348ae6a83d324","root.record.ItemExhibitList.P5Item.P10AdvanceProcurement.APCostElementCategoryList.Other.APCostElement"
"2015","See End Item P-5A","2016-01","2016-01","157000","1.002","","","","","2015-BASE_PROCUREMENT-2015-ARMY_AIRCRAFT-PROCUREMENT_JustificationBook_Army_PB_2015.zzz_unzipped-PROCUREMENT_JustificationBook_Army_PB_2015.xml","62f6ef9a043a9fec682788a7de44311e99dedee29bd5c341afa6fde24eb5828a","2-3616e8503289739fa55eeab153244edd1abe01d2ab7753ee64d4ef108a65d069","Various","","0-f5a067427a59f97189d9b3c5e21dc4995a5cbe00e3926283d6c348ae6a83d324","root.record.ItemExhibitList.P5Item.P10AdvanceProcurement.APCostElementCategoryList.Other.APCostElement"
"2013","See End Item P-5A","2014-01","2015-01","146121.000","0","","","","","2015-BASE_PROCUREMENT-2015-ARMY_AIRCRAFT-PROCUREMENT_JustificationBook_Army_PB_2015.zzz_unzipped-PROCUREMENT_JustificationBook_Army_PB_2015.xml","2bdce7c18153efee420e7677d1e5f3e6ba384304fd1aecc685db4f2c5604c74c","0-b6e1464a3fab423461a7b8c5041306f12d4d21481ff63834351c3b2e6e6ac1fa","Various","","0-8f35cd15ed3096bc97d8158ecea952090ca66d9b1f3d2c5ffeb9ad1ef3c55441","root.record.ItemExhibitList.P5Item.P10AdvanceProcurement.APCostElementCategoryList.Other.APCostElement"
"2013","See End Item P-5A","2014-01","2015-07","39000","0.909","","","","","2015-BASE_PROCUREMENT-2015-ARMY_AIRCRAFT-PROCUREMENT_JustificationBook_Army_PB_2015.zzz_unzipped-PROCUREMENT_JustificationBook_Army_PB_2015.xml","fd4b9a1a29f6b7830f84536375508fd7a710871d0b914e998de479d348ca9efb","0-afb03d74177ec24174edefa59371ed3b900ef4edcde11f3156b5db546e769c42","Various","","0-2ffdd8e6c0c2098197d0a49f8302703493ada5ac51d67d956d5d676bf1c2937c","root.record.ItemExhibitList.P5Item.P10AdvanceProcurement.APCostElementCategoryList.Other.APCostElement"
"2014","See End Item P-5A","2014-02","2015-08","65000","0.909","","","","","2015-BASE_PROCUREMENT-2015-ARMY_AIRCRAFT-PROCUREMENT_JustificationBook_Army_PB_2015.zzz_unzipped-PROCUREMENT_JustificationBook_Army_PB_2015.xml","fd4b9a1a29f6b7830f84536375508fd7a710871d0b914e998de479d348ca9efb","1-9d3fe50f153bed84b18d18c63cb8a4891995ed4177b41185ff8d9cd5b92fdf29","Various","","0-2ffdd8e6c0c2098197d0a49f8302703493ada5ac51d67d956d5d676bf1c2937c","root.record.ItemExhibitList.P5Item.P10AdvanceProcurement.APCostElementCategoryList.Other.APCostElement"
"2015","See End Item P-5A","2015-01","2015-01","47000","0.909","","","","","2015-BASE_PROCUREMENT-2015-ARMY_AIRCRAFT-PROCUREMENT_JustificationBook_Army_PB_2015.zzz_unzipped-PROCUREMENT_JustificationBook_Army_PB_2015.xml","fd4b9a1a29f6b7830f84536375508fd7a710871d0b914e998de479d348ca9efb","2-32a0aa3689eba93487c2184df40c4484c7b6fd7f029ac0e7ef00822ef02d9a0a","Various","","0-2ffdd8e6c0c2098197d0a49f8302703493ada5ac51d67d956d5d676bf1c2937c","root.record.ItemExhibitList.P5Item.P10AdvanceProcurement.APCostElementCategoryList.Other.APCostElement"
"2013","See End Item P-5A","2014-01","2014-07","39000","0.098","","","","","2015-BASE_PROCUREMENT-2015-ARMY_AIRCRAFT-PROCUREMENT_JustificationBook_Army_PB_2015.zzz_unzipped-PROCUREMENT_JustificationBook_Army_PB_2015.xml","fd4b9a1a29f6b7830f84536375508fd7a710871d0b914e998de479d348ca9efb","0-a40ae5cde79c102556f41c68c9b9d1b592076e5e0ecb98a1663b93cb0134149d","Various","","1-b1293792af4d07a7893c8e03540ee3acdd3af27b81f4f82bad613dfbc7c80c44","root.record.ItemExhibitList.P5Item.P10AdvanceProcurement.APCostElementCategoryList.Other.APCostElement"
"2014","See End Item P-5A","2014-02","2014-08","65000","0.098","","","","","2015-BASE_PROCUREMENT-2015-ARMY_AIRCRAFT-PROCUREMENT_JustificationBook_Army_PB_2015.zzz_unzipped-PROCUREMENT_JustificationBook_Army_PB_2015.xml","fd4b9a1a29f6b7830f84536375508fd7a710871d0b914e998de479d348ca9efb","1-e6dc24f0ba1b742f3bc6fed3716a915308739b250595f29e44d425e4689e605e","Various","","1-b1293792af4d07a7893c8e03540ee3acdd3af27b81f4f82bad613dfbc7c80c44","root.record.ItemExhibitList.P5Item.P10AdvanceProcurement.APCostElementCategoryList.Other.APCostElement"
"2015","See End Item P-5A","2015-01","2015-01","47000","0.098","","","","","2015-BASE_PROCUREMENT-2015-ARMY_AIRCRAFT-PROCUREMENT_JustificationBook_Army_PB_2015.zzz_unzipped-PROCUREMENT_JustificationBook_Army_PB_2015.xml","fd4b9a1a29f6b7830f84536375508fd7a710871d0b914e998de479d348ca9efb","2-5d9c18b99e120f334e9b26574c55d9a00c1cdb13e317dd57f68b510c5b916c60","Various","","1-b1293792af4d07a7893c8e03540ee3acdd3af27b81f4f82bad613dfbc7c80c44","root.record.ItemExhibitList.P5Item.P10AdvanceProcurement.APCostElementCategoryList.Other.APCostElement"
"2013","See End Item P-5A","2014-01","2015-03","78000","0.744","","","","","2015-BASE_PROCUREMENT-2015-ARMY_AIRCRAFT-PROCUREMENT_JustificationBook_Army_PB_2015.zzz_unzipped-PROCUREMENT_JustificationBook_Army_PB_2015.xml","fd4b9a1a29f6b7830f84536375508fd7a710871d0b914e998de479d348ca9efb","0-30af3a8ed3453b0bfc2bf6599233f6c6a6ae1567e0ad2c056de7dfdbc662738a","Various","","2-e0fe9fee9796ccbcdf7a63a03ddfdc39b204c89b436b44bcb0680f8e2e4fcb0a","root.record.ItemExhibitList.P5Item.P10AdvanceProcurement.APCostElementCategoryList.Other.APCostElement"
"2014","See End Item P-5A","2014-02","2015-04","130000","0.744","","","","","2015-BASE_PROCUREMENT-2015-ARMY_AIRCRAFT-PROCUREMENT_JustificationBook_Army_PB_2015.zzz_unzipped-PROCUREMENT_JustificationBook_Army_PB_2015.xml","fd4b9a1a29f6b7830f84536375508fd7a710871d0b914e998de479d348ca9efb","1-cc296c9b0a1854cd25a54c94d3c1eb12b056c8fcd7e5de6a82c1bb2e32d08bc0","Various","","2-e0fe9fee9796ccbcdf7a63a03ddfdc39b204c89b436b44bcb0680f8e2e4fcb0a","root.record.ItemExhibitList.P5Item.P10AdvanceProcurement.APCostElementCategoryList.Other.APCostElement"
"2015","See End Item P-5A","2015-01","2015-01","94000","0.744","","","","","2015-BASE_PROCUREMENT-2015-ARMY_AIRCRAFT-PROCUREMENT_JustificationBook_Army_PB_2015.zzz_unzipped-PROCUREMENT_JustificationBook_Army_PB_2015.xml","fd4b9a1a29f6b7830f84536375508fd7a710871d0b914e998de479d348ca9efb","2-be3985e791197b19d8f7ce653d860ab12a778d5c89c01845774e44ca974dcafa","Various","","2-e0fe9fee9796ccbcdf7a63a03ddfdc39b204c89b436b44bcb0680f8e2e4fcb0a","root.record.ItemExhibitList.P5Item.P10AdvanceProcurement.APCostElementCategoryList.Other.APCostElement"
"2013","See End Item P-5A","2014-01","2015-01","78000","0.121","","","","","2015-BASE_PROCUREMENT-2015-ARMY_AIRCRAFT-PROCUREMENT_JustificationBook_Army_PB_2015.zzz_unzipped-PROCUREMENT_JustificationBook_Army_PB_2015.xml","fd4b9a1a29f6b7830f84536375508fd7a710871d0b914e998de479d348ca9efb","0-327b70f1095ae87f88fb94027002aef02bd94a4feb69fcb2e2da5b398d44b703","Various","","3-e8b2ba63272f6a9a7db8374aa28b46c603165300e06025afeb2673553fa3ae57","root.record.ItemExhibitList.P5Item.P10AdvanceProcurement.APCostElementCategoryList.Other.APCostElement"
"2014","See End Item P-5A","2014-02","2015-02","130000","0.121","","","","","2015-BASE_PROCUREMENT-2015-ARMY_AIRCRAFT-PROCUREMENT_JustificationBook_Army_PB_2015.zzz_unzipped-PROCUREMENT_JustificationBook_Army_PB_2015.xml","fd4b9a1a29f6b7830f84536375508fd7a710871d0b914e998de479d348ca9efb","1-18f3a3fd9cd0cecdef48bc1b91e7c8553bec0c6a73714f87db2e846f07a46552","Various","","3-e8b2ba63272f6a9a7db8374aa28b46c603165300e06025afeb2673553fa3ae57","root.record.ItemExhibitList.P5Item.P10AdvanceProcurement.APCostElementCategoryList.Other.APCostElement"
"2015","See End Item P-5A","2015-01","2015-01","94000","0.121","","","","","2015-BASE_PROCUREMENT-2015-ARMY_AIRCRAFT-PROCUREMENT_JustificationBook_Army_PB_2015.zzz_unzipped-PROCUREMENT_JustificationBook_Army_PB_2015.xml","fd4b9a1a29f6b7830f84536375508fd7a710871d0b914e998de479d348ca9efb","2-aef9cb07923e3803c4f8cc2388cc1c4a983b4f05275fa42023c1243f01671677","Various","","3-e8b2ba63272f6a9a7db8374aa28b46c603165300e06025afeb2673553fa3ae57","root.record.ItemExhibitList.P5Item.P10AdvanceProcurement.APCostElementCategoryList.Other.APCostElement"
"2013","See End Item P-5A","2014-01","2014-10","39000","0.073","","","","","2015-BASE_PROCUREMENT-2015-ARMY_AIRCRAFT-PROCUREMENT_JustificationBook_Army_PB_2015.zzz_unzipped-PROCUREMENT_JustificationBook_Army_PB_2015.xml","fd4b9a1a29f6b7830f84536375508fd7a710871d0b914e998de479d348ca9efb","0-080246bd93404c7f8fa6b02126596d7be0c272f0e3dbc32384c95a5b71228809","Various","","4-b460661aaaf39cc8e8b394295a64ae2280a57ef0836b7196a97c99ad49d3ebaa","root.record.ItemExhibitList.P5Item.P10AdvanceProcurement.APCostElementCategoryList.Other.APCostElement"
"2014","See End Item P-5A","2014-02","2014-11","65000","0.073","","","","","2015-BASE_PROCUREMENT-2015-ARMY_AIRCRAFT-PROCUREMENT_JustificationBook_Army_PB_2015.zzz_unzipped-PROCUREMENT_JustificationBook_Army_PB_2015.xml","fd4b9a1a29f6b7830f84536375508fd7a710871d0b914e998de479d348ca9efb","1-72af9b08b5068e88305d8cba3f37b40ad709254203272383552a2323bc16689d","Various","","4-b460661aaaf39cc8e8b394295a64ae2280a57ef0836b7196a97c99ad49d3ebaa","root.record.ItemExhibitList.P5Item.P10AdvanceProcurement.APCostElementCategoryList.Other.APCostElement"
"2015","See End Item P-5A","2015-01","2015-01","47000","0.073","","","","","2015-BASE_PROCUREMENT-2015-ARMY_AIRCRAFT-PROCUREMENT_JustificationBook_Army_PB_2015.zzz_unzipped-PROCUREMENT_JustificationBook_Army_PB_2015.xml","fd4b9a1a29f6b7830f84536375508fd7a710871d0b914e998de479d348ca9efb","2-65a37a7899151f65a8a838718ea0419cb6d5c06319c24bbaa56fc42e33d66df5","Various","","4-b460661aaaf39cc8e8b394295a64ae2280a57ef0836b7196a97c99ad49d3ebaa","root.record.ItemExhibitList.P5Item.P10AdvanceProcurement.APCostElementCategoryList.Other.APCostElement"
"2013","See End Item P-5A","2013-01","2014-08","7698.000","1","","","","","2015-BASE_PROCUREMENT-2015-ARMY_MISSLE-PROCUREMENT_JustificationBook_Army_PB_2015.zzz_unzipped-PROCUREMENT_JustificationBook_Army_PB_2015.xml","722a40da3be7b01ec420e03ad622a1883abd6d254e969c30e850f4d31ce0dc24","0-da6292c1b796236c6fd8662fc5f9444b05f7a2eb5abaa60484b52b10f1abd373","Various","","0-70b0a49964d219a5060dfe833d2109d8c6e295631dae3ecebf94ccea5ae4a3ef","root.record.ItemExhibitList.P5Item.P10AdvanceProcurement.APCostElementCategoryList.Other.APCostElement"
"2014","See End Item P-5A","2014-01","2015-08","6999.000","1","","","","","2015-BASE_PROCUREMENT-2015-ARMY_MISSLE-PROCUREMENT_JustificationBook_Army_PB_2015.zzz_unzipped-PROCUREMENT_JustificationBook_Army_PB_2015.xml","722a40da3be7b01ec420e03ad622a1883abd6d254e969c30e850f4d31ce0dc24","1-69f272847f8398393b92ff4bf302f975b22eed33c8c61781a88cbd1c9b3e39fe","Various","","0-70b0a49964d219a5060dfe833d2109d8c6e295631dae3ecebf94ccea5ae4a3ef","root.record.ItemExhibitList.P5Item.P10AdvanceProcurement.APCostElementCategoryList.Other.APCostElement"
"2015","See End Item P-5A","2015-01","2015-01","7018.000","1","","","","","2015-BASE_PROCUREMENT-2015-ARMY_MISSLE-PROCUREMENT_JustificationBook_Army_PB_2015.zzz_unzipped-PROCUREMENT_JustificationBook_Army_PB_2015.xml","722a40da3be7b01ec420e03ad622a1883abd6d254e969c30e850f4d31ce0dc24","2-4c33dc9c845aca98c243fc576ee280e919d9bfd8e911b0438d0e752ba91dbaa0","Various","","0-70b0a49964d219a5060dfe833d2109d8c6e295631dae3ecebf94ccea5ae4a3ef","root.record.ItemExhibitList.P5Item.P10AdvanceProcurement.APCostElementCategoryList.Other.APCostElement"
"2013","See End Item P-5A","2013-01","2014-03","1537.000","1","","","","","2015-BASE_PROCUREMENT-2015-ARMY_MISSLE-PROCUREMENT_JustificationBook_Army_PB_2015.zzz_unzipped-PROCUREMENT_JustificationBook_Army_PB_2015.xml","722a40da3be7b01ec420e03ad622a1883abd6d254e969c30e850f4d31ce0dc24","0-2791c5ae9f2ae1622e7d5ac1453a68b26dc4ba490dffa90526de83bdc5396934","Various","","1-85ae8ebc07a275f82d24b05b0a1c3d1c525ec0249c4a1d27c35ea7c5f76caac4","root.record.ItemExhibitList.P5Item.P10AdvanceProcurement.APCostElementCategoryList.Other.APCostElement"
"2014","See End Item P-5A","2014-01","2015-03","905.000","1","","","","","2015-BASE_PROCUREMENT-2015-ARMY_MISSLE-PROCUREMENT_JustificationBook_Army_PB_2015.zzz_unzipped-PROCUREMENT_JustificationBook_Army_PB_2015.xml","722a40da3be7b01ec420e03ad622a1883abd6d254e969c30e850f4d31ce0dc24","1-ba15353a2e67c6fd9711b6dcaab13d0bb32ccd404e3be48fb450fa6340d902aa","Various","","1-85ae8ebc07a275f82d24b05b0a1c3d1c525ec0249c4a1d27c35ea7c5f76caac4","root.record.ItemExhibitList.P5Item.P10AdvanceProcurement.APCostElementCategoryList.Other.APCostElement"
"2015","See End Item P-5A","2015-01","2015-01","905.000","1","","","","","2015-BASE_PROCUREMENT-2015-ARMY_MISSLE-PROCUREMENT_JustificationBook_Army_PB_2015.zzz_unzipped-PROCUREMENT_JustificationBook_Army_PB_2015.xml","722a40da3be7b01ec420e03ad622a1883abd6d254e969c30e850f4d31ce0dc24","2-9d379e6d697bca2ae0a18cd75922b87f43b091199473c37b24ad740a4298bbd0","Various","","1-85ae8ebc07a275f82d24b05b0a1c3d1c525ec0249c4a1d27c35ea7c5f76caac4","root.record.ItemExhibitList.P5Item.P10AdvanceProcurement.APCostElementCategoryList.Other.APCostElement"
"2013","See End Item P-5A","2013-01","2014-01","289.000","1","","","","","2015-BASE_PROCUREMENT-2015-ARMY_MISSLE-PROCUREMENT_JustificationBook_Army_PB_2015.zzz_unzipped-PROCUREMENT_JustificationBook_Army_PB_2015.xml","722a40da3be7b01ec420e03ad622a1883abd6d254e969c30e850f4d31ce0dc24","0-3603f7df23d8f800570d8a2707672a53b5fccbd1d59217e84104f7d9fdb3a087","Various","","2-b549b5055417f723623987343929869cd7b26e0d370223e3fe126839d7f4d100","root.record.ItemExhibitList.P5Item.P10AdvanceProcurement.APCostElementCategoryList.Other.APCostElement"
"2014","See End Item P-5A","2014-01","2015-01","170.00","1","","","","","2015-BASE_PROCUREMENT-2015-ARMY_MISSLE-PROCUREMENT_JustificationBook_Army_PB_2015.zzz_unzipped-PROCUREMENT_JustificationBook_Army_PB_2015.xml","722a40da3be7b01ec420e03ad622a1883abd6d254e969c30e850f4d31ce0dc24","1-fa6291e572d937dbe9473911070884bd8ba6b4e433fe2129475ef5e5eb32a869","Various","","2-b549b5055417f723623987343929869cd7b26e0d370223e3fe126839d7f4d100","root.record.ItemExhibitList.P5Item.P10AdvanceProcurement.APCostElementCategoryList.Other.APCostElement"
"2015","See End Item P-5A","2015-01","2015-01","170.00","1","","","","","2015-BASE_PROCUREMENT-2015-ARMY_MISSLE-PROCUREMENT_JustificationBook_Army_PB_2015.zzz_unzipped-PROCUREMENT_JustificationBook_Army_PB_2015.xml","722a40da3be7b01ec420e03ad622a1883abd6d254e969c30e850f4d31ce0dc24","2-d1c2394cd9a358c5835c22bf2af7ffd5445e31ed278a4b622c9be4fb724a6ff4","Various","","2-b549b5055417f723623987343929869cd7b26e0d370223e3fe126839d7f4d100","root.record.ItemExhibitList.P5Item.P10AdvanceProcurement.APCostElementCategoryList.Other.APCostElement"
"2013","See End Item P-5A","2013-01","2014-07","4705.000","1","","","","","2015-BASE_PROCUREMENT-2015-ARMY_MISSLE-PROCUREMENT_JustificationBook_Army_PB_2015.zzz_unzipped-PROCUREMENT_JustificationBook_Army_PB_2015.xml","722a40da3be7b01ec420e03ad622a1883abd6d254e969c30e850f4d31ce0dc24","0-ca350b2317ea9fe2b8b7fc0fb3e49e3975bd1a3c2b9e1b4eb722bcf5bf3dab9c","Various","","3-23fcb6d2a9dbac884072ef071b560ad9b0e345502eab9b12446829b6006ae08a","root.record.ItemExhibitList.P5Item.P10AdvanceProcurement.APCostElementCategoryList.Other.APCostElement"
"2014","See End Item P-5A","2014-01","2015-07","8533.000","1","","","","","2015-BASE_PROCUREMENT-2015-ARMY_MISSLE-PROCUREMENT_JustificationBook_Army_PB_2015.zzz_unzipped-PROCUREMENT_JustificationBook_Army_PB_2015.xml","722a40da3be7b01ec420e03ad622a1883abd6d254e969c30e850f4d31ce0dc24","1-8413be5af70fd6cbe5065ec6fa93c51cb4001184efe688880bc692bc8d8b3457","Various","","3-23fcb6d2a9dbac884072ef071b560ad9b0e345502eab9b12446829b6006ae08a","root.record.ItemExhibitList.P5Item.P10AdvanceProcurement.APCostElementCategoryList.Other.APCostElement"
"2015","See End Item P-5A","2015-01","2015-01","8533.000","1","","","","","2015-BASE_PROCUREMENT-2015-ARMY_MISSLE-PROCUREMENT_JustificationBook_Army_PB_2015.zzz_unzipped-PROCUREMENT_JustificationBook_Army_PB_2015.xml","722a40da3be7b01ec420e03ad622a1883abd6d254e969c30e850f4d31ce0dc24","2-033f2f1e5d2ef657af3b5197d442faa898da2b880e3b3a80f12463e776b4f583","Various","","3-23fcb6d2a9dbac884072ef071b560ad9b0e345502eab9b12446829b6006ae08a","root.record.ItemExhibitList.P5Item.P10AdvanceProcurement.APCostElementCategoryList.Other.APCostElement"
"2013","See End Item P-5A","2013-01","2014-02","2628.000","1","","","","","2015-BASE_PROCUREMENT-2015-ARMY_MISSLE-PROCUREMENT_JustificationBook_Army_PB_2015.zzz_unzipped-PROCUREMENT_JustificationBook_Army_PB_2015.xml","722a40da3be7b01ec420e03ad622a1883abd6d254e969c30e850f4d31ce0dc24","0-bad1d879c5e2b07e85430a79461376a461d1de4d7686cc8d2e67553b29136e8e","Various","","4-c9e3459086b9ec2f86eb3f9c5bd8897d4b87c515228dfe00d1aba3f31af498a3","root.record.ItemExhibitList.P5Item.P10AdvanceProcurement.APCostElementCategoryList.Other.APCostElement"
"2014","See End Item P-5A","2014-01","2015-02","1548.000","1","","","","","2015-BASE_PROCUREMENT-2015-ARMY_MISSLE-PROCUREMENT_JustificationBook_Army_PB_2015.zzz_unzipped-PROCUREMENT_JustificationBook_Army_PB_2015.xml","722a40da3be7b01ec420e03ad622a1883abd6d254e969c30e850f4d31ce0dc24","1-fd4d7bbfa57b328c5f7d7aa0f10a888d43f21c1c2542718a2f09a9b32a4b85d1","Various","","4-c9e3459086b9ec2f86eb3f9c5bd8897d4b87c515228dfe00d1aba3f31af498a3","root.record.ItemExhibitList.P5Item.P10AdvanceProcurement.APCostElementCategoryList.Other.APCostElement"
"2015","See End Item P-5A","2015-01","2015-01","1548.000","1","","","","","2015-BASE_PROCUREMENT-2015-ARMY_MISSLE-PROCUREMENT_JustificationBook_Army_PB_2015.zzz_unzipped-PROCUREMENT_JustificationBook_Army_PB_2015.xml","722a40da3be7b01ec420e03ad622a1883abd6d254e969c30e850f4d31ce0dc24","2-1129f364fd05bf6af45e2e8b314d8098bb2677650a6be34b6a42c97a848da364","Various","","4-c9e3459086b9ec2f86eb3f9c5bd8897d4b87c515228dfe00d1aba3f31af498a3","root.record.ItemExhibitList.P5Item.P10AdvanceProcurement.APCostElementCategoryList.Other.APCostElement"
"2013","See End Item P-5A","2013-01","2013-11","597.000","1","","","","","2015-BASE_PROCUREMENT-2015-ARMY_MISSLE-PROCUREMENT_JustificationBook_Army_PB_2015.zzz_unzipped-PROCUREMENT_JustificationBook_Army_PB_2015.xml","722a40da3be7b01ec420e03ad622a1883abd6d254e969c30e850f4d31ce0dc24","0-e9db374dc79597febd82574be592942820de8b06a42df070fa8b8147c3c1f736","Various","","5-90da145e767e002be2eb84aef97d5dc42e4350a6b7dd31f5e872fdd0736f6f3b","root.record.ItemExhibitList.P5Item.P10AdvanceProcurement.APCostElementCategoryList.Other.APCostElement"
"2014","See End Item P-5A","2014-01","2014-11","351.000","1","","","","","2015-BASE_PROCUREMENT-2015-ARMY_MISSLE-PROCUREMENT_JustificationBook_Army_PB_2015.zzz_unzipped-PROCUREMENT_JustificationBook_Army_PB_2015.xml","722a40da3be7b01ec420e03ad622a1883abd6d254e969c30e850f4d31ce0dc24","1-a69ad03790aeb9f73fb2e7149e0950fa8e30221984d101f42dacba154b0763da","Various","","5-90da145e767e002be2eb84aef97d5dc42e4350a6b7dd31f5e872fdd0736f6f3b","root.record.ItemExhibitList.P5Item.P10AdvanceProcurement.APCostElementCategoryList.Other.APCostElement"
"2015","See End Item P-5A","2015-01","2015-01","351.000","1","","","","","2015-BASE_PROCUREMENT-2015-ARMY_MISSLE-PROCUREMENT_JustificationBook_Army_PB_2015.zzz_unzipped-PROCUREMENT_JustificationBook_Army_PB_2015.xml","722a40da3be7b01ec420e03ad622a1883abd6d254e969c30e850f4d31ce0dc24","2-699f1a2f0d648e6c2ddb3ceabed1a70d3c273015473fdc3b49a69174da15dcad","Various","","5-90da145e767e002be2eb84aef97d5dc42e4350a6b7dd31f5e872fdd0736f6f3b","root.record.ItemExhibitList.P5Item.P10AdvanceProcurement.APCostElementCategoryList.Other.APCostElement"
"2013","See End Item P-5A","2013-01","2014-02","1555.000","1","","","","","2015-BASE_PROCUREMENT-2015-ARMY_MISSLE-PROCUREMENT_JustificationBook_Army_PB_2015.zzz_unzipped-PROCUREMENT_JustificationBook_Army_PB_2015.xml","722a40da3be7b01ec420e03ad622a1883abd6d254e969c30e850f4d31ce0dc24","0-eab69845ad55d6167cfac5f3d8723b3509c3cd407f008410952ea65bf0d42e6e","Various","","6-9cb63197ea5e2f44882f05d25741f1ed93f5f3c996b97fce42cbf61bc97d6447","root.record.ItemExhibitList.P5Item.P10AdvanceProcurement.APCostElementCategoryList.Other.APCostElement"
"2014","See End Item P-5A","2014-01","2015-02","916.000","1","","","","","2015-BASE_PROCUREMENT-2015-ARMY_MISSLE-PROCUREMENT_JustificationBook_Army_PB_2015.zzz_unzipped-PROCUREMENT_JustificationBook_Army_PB_2015.xml","722a40da3be7b01ec420e03ad622a1883abd6d254e969c30e850f4d31ce0dc24","1-4f32480f9419cdd19d47c4082430656d97d37f98aa612ceaf1aeac9ed45680cc","Various","","6-9cb63197ea5e2f44882f05d25741f1ed93f5f3c996b97fce42cbf61bc97d6447","root.record.ItemExhibitList.P5Item.P10AdvanceProcurement.APCostElementCategoryList.Other.APCostElement"
"2015","See End Item P-5A","2015-01","2015-01","916.000","1","","","","","2015-BASE_PROCUREMENT-2015-ARMY_MISSLE-PROCUREMENT_JustificationBook_Army_PB_2015.zzz_unzipped-PROCUREMENT_JustificationBook_Army_PB_2015.xml","722a40da3be7b01ec420e03ad622a1883abd6d254e969c30e850f4d31ce0dc24","2-f78ab812112dfc6a916902ec1e41c4c74d20bfcf617665bd494346c827a8ee0e","Various","","6-9cb63197ea5e2f44882f05d25741f1ed93f5f3c996b97fce42cbf61bc97d6447","root.record.ItemExhibitList.P5Item.P10AdvanceProcurement.APCostElementCategoryList.Other.APCostElement"
"2013","See End Item P-5A","2013-01","2013-12","922.000","1","","","","","2015-BASE_PROCUREMENT-2015-ARMY_MISSLE-PROCUREMENT_JustificationBook_Army_PB_2015.zzz_unzipped-PROCUREMENT_JustificationBook_Army_PB_2015.xml","722a40da3be7b01ec420e03ad622a1883abd6d254e969c30e850f4d31ce0dc24","0-23a161e288330a1f27a0cda9dcd36a6c92f0453ae35919d8223609ab2e4929b5","Various","","7-37c494ea6c22a92b8c66798d7b8fd60324cf50445eeafd940b1f4767fb662156","root.record.ItemExhibitList.P5Item.P10AdvanceProcurement.APCostElementCategoryList.Other.APCostElement"
"2014","See End Item P-5A","2014-01","2014-12","543.000","1","","","","","2015-BASE_PROCUREMENT-2015-ARMY_MISSLE-PROCUREMENT_JustificationBook_Army_PB_2015.zzz_unzipped-PROCUREMENT_JustificationBook_Army_PB_2015.xml","722a40da3be7b01ec420e03ad622a1883abd6d254e969c30e850f4d31ce0dc24","1-526b3e2e081ca1d5f6144d95c74ce361b32dc73b2dd2e2d2d162c027846eb206","Various","","7-37c494ea6c22a92b8c66798d7b8fd60324cf50445eeafd940b1f4767fb662156","root.record.ItemExhibitList.P5Item.P10AdvanceProcurement.APCostElementCategoryList.Other.APCostElement"
"2015","See End Item P-5A","2015-01","2015-01","543.000","1","","","","","2015-BASE_PROCUREMENT-2015-ARMY_MISSLE-PROCUREMENT_JustificationBook_Army_PB_2015.zzz_unzipped-PROCUREMENT_JustificationBook_Army_PB_2015.xml","722a40da3be7b01ec420e03ad622a1883abd6d254e969c30e850f4d31ce0dc24","2-40af01ef259949e33b2ae49dae6f4f102f4a39fcbbbd18a75e615ba502b38884","Various","","7-37c494ea6c22a92b8c66798d7b8fd60324cf50445eeafd940b1f4767fb662156","root.record.ItemExhibitList.P5Item.P10AdvanceProcurement.APCostElementCategoryList.Other.APCostElement"
"2015","TBD","2015-02","2017-07","48.000","0.429","false","2014-02","SS","FP","2015-BASE_PROCUREMENT-2015-DEFENSE_MDA-PROCUREMENT_JustificationBook_Missile_Defense_Agency_PB_2015.zzz_unzipped-PROCUREMENT_JustificationBook_Missile_Defense_Agency_PB_2015.xml","871ed13dc6bbadf09a6840de2eb4536eb285b3b925625ab4f8982bbcee7d0b0c","0-d3c92b731f89c3210b0b1a69857af3bf51b9abcd15580cc5e5b97f64668530d0","","","0-3c2e41b35b8ab0367f5ce1b21078fb80b829cbf2c2ba80a79c2d1b38289d57aa","root.record.ItemExhibitList.P5Item.P10AdvanceProcurement.APCostElementCategoryList.Other.APCostElement"
"2015","TBD","2015-02","2017-04","48.000","0.289","false","2014-02","SS","FP","2015-BASE_PROCUREMENT-2015-DEFENSE_MDA-PROCUREMENT_JustificationBook_Missile_Defense_Agency_PB_2015.zzz_unzipped-PROCUREMENT_JustificationBook_Missile_Defense_Agency_PB_2015.xml","871ed13dc6bbadf09a6840de2eb4536eb285b3b925625ab4f8982bbcee7d0b0c","0-19c9b234a5be21b81b87a7b436da3d183cf772b2f7b5c6a4f92c4a2b464a6249","","","1-d4c3bd99645717bc64b1165642f5cebc74863e02cca39a35efd5d751ea56f0a8","root.record.ItemExhibitList.P5Item.P10AdvanceProcurement.APCostElementCategoryList.Other.APCostElement"
"2015","TBD","2015-02","2018-01","48.000","0.376","false","2014-02","SS","FP","2015-BASE_PROCUREMENT-2015-DEFENSE_MDA-PROCUREMENT_JustificationBook_Missile_Defense_Agency_PB_2015.zzz_unzipped-PROCUREMENT_JustificationBook_Missile_Defense_Agency_PB_2015.xml","871ed13dc6bbadf09a6840de2eb4536eb285b3b925625ab4f8982bbcee7d0b0c","0-d25fffe1f3106ea08dd0ac460afc2f21a7f593153060a128b828ccc2b2717b57","","","2-69b7ebf9776075709a00d8816a7acb053c0e4bf823382f587ddff729fbe0230f","root.record.ItemExhibitList.P5Item.P10AdvanceProcurement.APCostElementCategoryList.Other.APCostElement"
"2015","TBD","2015-02","2017-04","48.000","0.341","false","2014-02","SS","FP","2015-BASE_PROCUREMENT-2015-DEFENSE_MDA-PROCUREMENT_JustificationBook_Missile_Defense_Agency_PB_2015.zzz_unzipped-PROCUREMENT_JustificationBook_Missile_Defense_Agency_PB_2015.xml","871ed13dc6bbadf09a6840de2eb4536eb285b3b925625ab4f8982bbcee7d0b0c","0-81d3f2d8c5701d934d4bad0be68c721247aa650f0301f4efcb4794883021b90e","","","3-0752c34ccd8a6dda8c7d56e4051e335ee40c3a2e1ce6f9e708e731b646ae555a","root.record.ItemExhibitList.P5Item.P10AdvanceProcurement.APCostElementCategoryList.Other.APCostElement"
"2015","TBD","2015-02","2017-07","48.000","0.429","false","2014-02","SS","FP","2015-BASE_PROCUREMENT-2015-DEFENSE_MDA-PROCUREMENT_MasterJustificationBook_Missile_Defense_Agency_PB_2015.zzz_unzipped-PROCUREMENT_MasterJustificationBook_Missile_Defense_Agency_PB_2015.xml","a2c1fa7460f99b0686c1d03620554a078d5dbe057abc9a54c1f45d51b951755c","0-34b5bcff8b454cbb6c61f6c2fef8fb7c7f5798431e0e38e1e16eeddffd25f361","","","0-1e015f85581d08e11c4b691f48de45d6379baaf4d9853082abf8f3ebbc0fc3ab","root.record.ItemExhibitList.P5Item.P10AdvanceProcurement.APCostElementCategoryList.Other.APCostElement"
"2015","TBD","2015-02","2017-04","48.000","0.289","false","2014-02","SS","FP","2015-BASE_PROCUREMENT-2015-DEFENSE_MDA-PROCUREMENT_MasterJustificationBook_Missile_Defense_Agency_PB_2015.zzz_unzipped-PROCUREMENT_MasterJustificationBook_Missile_Defense_Agency_PB_2015.xml","a2c1fa7460f99b0686c1d03620554a078d5dbe057abc9a54c1f45d51b951755c","0-bcb799dc44a7858c176a1e9e46f446e25b49c7320159bc4ec4dfe4bf5d320a78","","","1-ebbe8983b131c2c91df8401e0bf318743cdb7e45b277ba0324572c32856d4538","root.record.ItemExhibitList.P5Item.P10AdvanceProcurement.APCostElementCategoryList.Other.APCostElement"
"2015","TBD","2015-02","2018-01","48.000","0.376","false","2014-02","SS","FP","2015-BASE_PROCUREMENT-2015-DEFENSE_MDA-PROCUREMENT_MasterJustificationBook_Missile_Defense_Agency_PB_2015.zzz_unzipped-PROCUREMENT_MasterJustificationBook_Missile_Defense_Agency_PB_2015.xml","a2c1fa7460f99b0686c1d03620554a078d5dbe057abc9a54c1f45d51b951755c","0-c352c220dd823673729927ed0fb3f2a596ac751a788d4e87cc684c2f999ed093","","","2-af475ad3cf90fa53c561d0ae083094e8107537554ef1156958627f991eb8af89","root.record.ItemExhibitList.P5Item.P10AdvanceProcurement.APCostElementCategoryList.Other.APCostElement"
"2015","TBD","2015-02","2017-04","48.000","0.341","false","2014-02","SS","FP","2015-BASE_PROCUREMENT-2015-DEFENSE_MDA-PROCUREMENT_MasterJustificationBook_Missile_Defense_Agency_PB_2015.zzz_unzipped-PROCUREMENT_MasterJustificationBook_Missile_Defense_Agency_PB_2015.xml","a2c1fa7460f99b0686c1d03620554a078d5dbe057abc9a54c1f45d51b951755c","0-fe5010f6371e750093dd219d5efcce244eed29a612ae33ab4e2cf90b3f5a696b","","","3-8c8b816bc1f4d1700f6b849198ddeac553f39c4dca5965f735a37ee90230210a","root.record.ItemExhibitList.P5Item.P10AdvanceProcurement.APCostElementCategoryList.Other.APCostElement"
"2014","See End Item P-5A","2015-01","2016-01","35","3280.156","","","","","2016-BASE_PROCUREMENT-2016-ARMY_AIRCRAFT-PROCUREMENT_JustificationBook_Army_PB_2016.zzz_unzipped-PROCUREMENT_JustificationBook_Army_PB_2016.xml","9344ac11b4fa76a618675d937f3fe42ebc84b65beaa2732695b13bb0e1911270","0-7497e855bfdc517f8cba8d07fccd911828d6900daa5edb39c475398282177ec3","Various","","0-59bd0e22582e04fed669bbc20fa1e991d8506cf1c04ae902e818ccd243a76db9","root.record.ItemExhibitList.P5Item.P10AdvanceProcurement.APCostElementCategoryList.Other.APCostElement"
"2015","See End Item P-5A","2016-01","2017-01","35","3280.156","","","","","2016-BASE_PROCUREMENT-2016-ARMY_AIRCRAFT-PROCUREMENT_JustificationBook_Army_PB_2016.zzz_unzipped-PROCUREMENT_JustificationBook_Army_PB_2016.xml","9344ac11b4fa76a618675d937f3fe42ebc84b65beaa2732695b13bb0e1911270","1-e106724a54beea9f6dfcb3b1781c9d2536a60a8b6cf84c8bad6d884f17438ff8","Various","","0-59bd0e22582e04fed669bbc20fa1e991d8506cf1c04ae902e818ccd243a76db9","root.record.ItemExhibitList.P5Item.P10AdvanceProcurement.APCostElementCategoryList.Other.APCostElement"
"2016","See End Item P-5A","2017-01","2017-01","64","3280.156","","","","","2016-BASE_PROCUREMENT-2016-ARMY_AIRCRAFT-PROCUREMENT_JustificationBook_Army_PB_2016.zzz_unzipped-PROCUREMENT_JustificationBook_Army_PB_2016.xml","9344ac11b4fa76a618675d937f3fe42ebc84b65beaa2732695b13bb0e1911270","2-bbf5465bbd103014ea77e39476c5dfd09c66d2c2d40c050feb6b9121526f83cf","Various","","0-59bd0e22582e04fed669bbc20fa1e991d8506cf1c04ae902e818ccd243a76db9","root.record.ItemExhibitList.P5Item.P10AdvanceProcurement.APCostElementCategoryList.Other.APCostElement"
"2014","See End Item P-5A","2014-02","2015-08","70","708.72","","","","","2016-BASE_PROCUREMENT-2016-ARMY_AIRCRAFT-PROCUREMENT_JustificationBook_Army_PB_2016.zzz_unzipped-PROCUREMENT_JustificationBook_Army_PB_2016.xml","35561decf1186cab62534ac5ef5e8832877d90792e1d60872f5196bad9dd6cca","0-c69d4a079b84fe0f530b2a452c06b80f3cc3745c7da600329aabe19108880ae3","Various","","0-dbd554056c0246267a8c96be860ebc58f47837ee4e2906251d2c9517c7525932","root.record.ItemExhibitList.P5Item.P10AdvanceProcurement.APCostElementCategoryList.Other.APCostElement"
"2015","See End Item P-5A","2015-01","2016-07","70","708.72","","","","","2016-BASE_PROCUREMENT-2016-ARMY_AIRCRAFT-PROCUREMENT_JustificationBook_Army_PB_2016.zzz_unzipped-PROCUREMENT_JustificationBook_Army_PB_2016.xml","35561decf1186cab62534ac5ef5e8832877d90792e1d60872f5196bad9dd6cca","1-0a4325f7ba1fb8ce91cd512b1378607bfa295476c71068f75a37473deb2ab9dd","Various","","0-dbd554056c0246267a8c96be860ebc58f47837ee4e2906251d2c9517c7525932","root.record.ItemExhibitList.P5Item.P10AdvanceProcurement.APCostElementCategoryList.Other.APCostElement"
"2016","See End Item P-5A","2016-01","2016-01","82","708.72","","","","","2016-BASE_PROCUREMENT-2016-ARMY_AIRCRAFT-PROCUREMENT_JustificationBook_Army_PB_2016.zzz_unzipped-PROCUREMENT_JustificationBook_Army_PB_2016.xml","35561decf1186cab62534ac5ef5e8832877d90792e1d60872f5196bad9dd6cca","2-0c0282e356cc0ef3a36e15557774e8947a7258c8eb100766709f0b87a080c90c","Various","","0-dbd554056c0246267a8c96be860ebc58f47837ee4e2906251d2c9517c7525932","root.record.ItemExhibitList.P5Item.P10AdvanceProcurement.APCostElementCategoryList.Other.APCostElement"
"2014","See End Item P-5A","2014-02","2014-08","70","42.902","","","","","2016-BASE_PROCUREMENT-2016-ARMY_AIRCRAFT-PROCUREMENT_JustificationBook_Army_PB_2016.zzz_unzipped-PROCUREMENT_JustificationBook_Army_PB_2016.xml","35561decf1186cab62534ac5ef5e8832877d90792e1d60872f5196bad9dd6cca","0-55d34693b5155f6db8d8c8fd2f6c9db611fb909b53da17770c07b720353f23a1","Various","","1-ff32b887beec372ff4dffbd0eaca8afa7370f20003ee0f6085fbc88876dc4142","root.record.ItemExhibitList.P5Item.P10AdvanceProcurement.APCostElementCategoryList.Other.APCostElement"
"2015","See End Item P-5A","2015-01","2015-07","70","42.902","","","","","2016-BASE_PROCUREMENT-2016-ARMY_AIRCRAFT-PROCUREMENT_JustificationBook_Army_PB_2016.zzz_unzipped-PROCUREMENT_JustificationBook_Army_PB_2016.xml","35561decf1186cab62534ac5ef5e8832877d90792e1d60872f5196bad9dd6cca","1-5858f0c9c886de04d6dea0678b831af30ee31f990022d5e2e36ac764aaf148e6","Various","","1-ff32b887beec372ff4dffbd0eaca8afa7370f20003ee0f6085fbc88876dc4142","root.record.ItemExhibitList.P5Item.P10AdvanceProcurement.APCostElementCategoryList.Other.APCostElement"
"2016","See End Item P-5A","2016-01","2016-01","82","42.902","","","","","2016-BASE_PROCUREMENT-2016-ARMY_AIRCRAFT-PROCUREMENT_JustificationBook_Army_PB_2016.zzz_unzipped-PROCUREMENT_JustificationBook_Army_PB_2016.xml","35561decf1186cab62534ac5ef5e8832877d90792e1d60872f5196bad9dd6cca","2-ee739f0fc00f6bde86ac83aa8e497033277ba6a0ea0b9aa17f858f17b2ce708e","Various","","1-ff32b887beec372ff4dffbd0eaca8afa7370f20003ee0f6085fbc88876dc4142","root.record.ItemExhibitList.P5Item.P10AdvanceProcurement.APCostElementCategoryList.Other.APCostElement"
"2014","See End Item P-5A","2014-02","2015-04","140","329.695","","","","","2016-BASE_PROCUREMENT-2016-ARMY_AIRCRAFT-PROCUREMENT_JustificationBook_Army_PB_2016.zzz_unzipped-PROCUREMENT_JustificationBook_Army_PB_2016.xml","35561decf1186cab62534ac5ef5e8832877d90792e1d60872f5196bad9dd6cca","0-7b12239f4be17e7d95e04db4394eac1d516d73fa40e9e1f33f457b1ec1796493","Various","","2-0e029cdec14e4d32436412a5ad7637c50685343f031cc3e743dac5ddd8818b63","root.record.ItemExhibitList.P5Item.P10AdvanceProcurement.APCostElementCategoryList.Other.APCostElement"
"2015","See End Item P-5A","2015-01","2016-03","140","329.695","","","","","2016-BASE_PROCUREMENT-2016-ARMY_AIRCRAFT-PROCUREMENT_JustificationBook_Army_PB_2016.zzz_unzipped-PROCUREMENT_JustificationBook_Army_PB_2016.xml","35561decf1186cab62534ac5ef5e8832877d90792e1d60872f5196bad9dd6cca","1-49940a9b430befed58cd462b312b234da30adc4eeff0693b656640ec4bac7974","Various","","2-0e029cdec14e4d32436412a5ad7637c50685343f031cc3e743dac5ddd8818b63","root.record.ItemExhibitList.P5Item.P10AdvanceProcurement.APCostElementCategoryList.Other.APCostElement"
"2016","See End Item P-5A","2016-01","2016-01","164","329.695","","","","","2016-BASE_PROCUREMENT-2016-ARMY_AIRCRAFT-PROCUREMENT_JustificationBook_Army_PB_2016.zzz_unzipped-PROCUREMENT_JustificationBook_Army_PB_2016.xml","35561decf1186cab62534ac5ef5e8832877d90792e1d60872f5196bad9dd6cca","2-d3b4d9dd21152b1e3b964a3fed7750ea34179d05e938e010a57dd2302aee7306","Various","","2-0e029cdec14e4d32436412a5ad7637c50685343f031cc3e743dac5ddd8818b63","root.record.ItemExhibitList.P5Item.P10AdvanceProcurement.APCostElementCategoryList.Other.APCostElement"
"2014","See End Item P-5A","2014-02","2015-02","140","53.256","","","","","2016-BASE_PROCUREMENT-2016-ARMY_AIRCRAFT-PROCUREMENT_JustificationBook_Army_PB_2016.zzz_unzipped-PROCUREMENT_JustificationBook_Army_PB_2016.xml","35561decf1186cab62534ac5ef5e8832877d90792e1d60872f5196bad9dd6cca","0-8470d284b2935236348eef691518d0939e31e17e2da5c19d26c86fb6487201aa","Various","","3-29fe011fed7b5b656d67a7255d26d7597282c704b4c5972165f8f2fd09823964","root.record.ItemExhibitList.P5Item.P10AdvanceProcurement.APCostElementCategoryList.Other.APCostElement"
"2015","See End Item P-5A","2015-01","2016-01","140","53.256","","","","","2016-BASE_PROCUREMENT-2016-ARMY_AIRCRAFT-PROCUREMENT_JustificationBook_Army_PB_2016.zzz_unzipped-PROCUREMENT_JustificationBook_Army_PB_2016.xml","35561decf1186cab62534ac5ef5e8832877d90792e1d60872f5196bad9dd6cca","1-e35c50342724bb89b694a19e02aeb3a603249845683e8861baadf9d03d59d533","Various","","3-29fe011fed7b5b656d67a7255d26d7597282c704b4c5972165f8f2fd09823964","root.record.ItemExhibitList.P5Item.P10AdvanceProcurement.APCostElementCategoryList.Other.APCostElement"
"2016","See End Item P-5A","2016-01","2016-01","164","53.256","","","","","2016-BASE_PROCUREMENT-2016-ARMY_AIRCRAFT-PROCUREMENT_JustificationBook_Army_PB_2016.zzz_unzipped-PROCUREMENT_JustificationBook_Army_PB_2016.xml","35561decf1186cab62534ac5ef5e8832877d90792e1d60872f5196bad9dd6cca","2-8fe6022697e09bcedf71fe6f7cf935c5f9f46e0f068b5e39376bcdd1bd626a29","Various","","3-29fe011fed7b5b656d67a7255d26d7597282c704b4c5972165f8f2fd09823964","root.record.ItemExhibitList.P5Item.P10AdvanceProcurement.APCostElementCategoryList.Other.APCostElement"
"2014","See End Item P-5A","2014-02","2014-11","70","32.22","","","","","2016-BASE_PROCUREMENT-2016-ARMY_AIRCRAFT-PROCUREMENT_JustificationBook_Army_PB_2016.zzz_unzipped-PROCUREMENT_JustificationBook_Army_PB_2016.xml","35561decf1186cab62534ac5ef5e8832877d90792e1d60872f5196bad9dd6cca","0-aaa0183b29d1c24b97e4c2831b92d0fdf6a81913238fb3674e85ae92ef007831","Various","","4-deb391224bae04c4dbcee2da12ec9929e91ce9f8f36c8f34939d36cd1611b40b","root.record.ItemExhibitList.P5Item.P10AdvanceProcurement.APCostElementCategoryList.Other.APCostElement"
"2015","See End Item P-5A","2015-01","2015-10","70","32.22","","","","","2016-BASE_PROCUREMENT-2016-ARMY_AIRCRAFT-PROCUREMENT_JustificationBook_Army_PB_2016.zzz_unzipped-PROCUREMENT_JustificationBook_Army_PB_2016.xml","35561decf1186cab62534ac5ef5e8832877d90792e1d60872f5196bad9dd6cca","1-c33e66851a0f8615c6e950bbc6ea0e299338a39c996f9fa6e730672092f5eff7","Various","","4-deb391224bae04c4dbcee2da12ec9929e91ce9f8f36c8f34939d36cd1611b40b","root.record.ItemExhibitList.P5Item.P10AdvanceProcurement.APCostElementCategoryList.Other.APCostElement"
"2016","See End Item P-5A","2016-01","2016-01","82","32.22","","","","","2016-BASE_PROCUREMENT-2016-ARMY_AIRCRAFT-PROCUREMENT_JustificationBook_Army_PB_2016.zzz_unzipped-PROCUREMENT_JustificationBook_Army_PB_2016.xml","35561decf1186cab62534ac5ef5e8832877d90792e1d60872f5196bad9dd6cca","2-2bf642297a2c93c4fe5e5af0d270a1e7e5521d46ff2f52492ca5e469442f0b70","Various","","4-deb391224bae04c4dbcee2da12ec9929e91ce9f8f36c8f34939d36cd1611b40b","root.record.ItemExhibitList.P5Item.P10AdvanceProcurement.APCostElementCategoryList.Other.APCostElement"
"2014","See End Item P-5A","2015-01","2016-03","0","0","","","","","2016-BASE_PROCUREMENT-2016-ARMY_AIRCRAFT-PROCUREMENT_JustificationBook_Army_PB_2016.zzz_unzipped-PROCUREMENT_JustificationBook_Army_PB_2016.xml","35561decf1186cab62534ac5ef5e8832877d90792e1d60872f5196bad9dd6cca","0-17e49b429093a70df03d3c9e8d38b7cec51ab1b8f7243bb01ed14928ea9226c3","Various","","5-4261ea5bc7cead3d1b39c88a46fb7650a36a92e5f09e162ff0f0e62992fad8fa","root.record.ItemExhibitList.P5Item.P10AdvanceProcurement.APCostElementCategoryList.Other.APCostElement"
"2014","See End Item P-5A","2015-01","2016-01","0","0","","","","","2016-BASE_PROCUREMENT-2016-ARMY_AIRCRAFT-PROCUREMENT_JustificationBook_Army_PB_2016.zzz_unzipped-PROCUREMENT_JustificationBook_Army_PB_2016.xml","35561decf1186cab62534ac5ef5e8832877d90792e1d60872f5196bad9dd6cca","0-f52724332f7463534d73ef0653b5ba2eb4b6a7f04078a5ccdb6fb9b2aa65a23d","Various","","6-6b8dc986a74969a1c82610098136feab1e26669e52fe94e2bf6ef218dd99cde6","root.record.ItemExhibitList.P5Item.P10AdvanceProcurement.APCostElementCategoryList.Other.APCostElement"
"2014","See End Item P-5A","2014-01","2015-08","6.999","0","","","","","2016-BASE_PROCUREMENT-2016-ARMY_MISSLE-PROCUREMENT_JustificationBook_Army_PB_2016.zzz_unzipped-PROCUREMENT_JustificationBook_Army_PB_2016.xml","a165d0be6144e6f49e80b5586363567ae0ec4790d0f3b569f3260420117a3760","0-1d72a309d3faabfa7eec3e11f09a9717fca588edf55bdd62c30acf495762b8f1","Various","","0-9848bbcf38853dee86f45844dcace785b27e3b8b468f1c162748f14884202b4c","root.record.ItemExhibitList.P5Item.P10AdvanceProcurement.APCostElementCategoryList.Other.APCostElement"
"2015","See End Item P-5A","2015-01","2016-08","7.018","0","","","","","2016-BASE_PROCUREMENT-2016-ARMY_MISSLE-PROCUREMENT_JustificationBook_Army_PB_2016.zzz_unzipped-PROCUREMENT_JustificationBook_Army_PB_2016.xml","a165d0be6144e6f49e80b5586363567ae0ec4790d0f3b569f3260420117a3760","1-d4cc18cd7252274ba78629dc50cb2c56e546f7a86a1aa5e547b11de3429a7e7b","Various","","0-9848bbcf38853dee86f45844dcace785b27e3b8b468f1c162748f14884202b4c","root.record.ItemExhibitList.P5Item.P10AdvanceProcurement.APCostElementCategoryList.Other.APCostElement"
"2014","See End Item P-5A","2014-01","2015-03","0.905","0","","","","","2016-BASE_PROCUREMENT-2016-ARMY_MISSLE-PROCUREMENT_JustificationBook_Army_PB_2016.zzz_unzipped-PROCUREMENT_JustificationBook_Army_PB_2016.xml","a165d0be6144e6f49e80b5586363567ae0ec4790d0f3b569f3260420117a3760","0-7df7212fdf7e94026e3bde7012259a8976afaabcc849690f3ad4434bc2ccbc9e","Various","","1-ef52d026ee10a0411cd65391a30928909b4e0e4fbe8473bb652903ef5ea439c5","root.record.ItemExhibitList.P5Item.P10AdvanceProcurement.APCostElementCategoryList.Other.APCostElement"
"2015","See End Item P-5A","2015-01","2016-03","0.905","0","","","","","2016-BASE_PROCUREMENT-2016-ARMY_MISSLE-PROCUREMENT_JustificationBook_Army_PB_2016.zzz_unzipped-PROCUREMENT_JustificationBook_Army_PB_2016.xml","a165d0be6144e6f49e80b5586363567ae0ec4790d0f3b569f3260420117a3760","1-99f823271b6fddf450711fb251de8a4d9bf69983fb35fcadbca82aff298501b8","Various","","1-ef52d026ee10a0411cd65391a30928909b4e0e4fbe8473bb652903ef5ea439c5","root.record.ItemExhibitList.P5Item.P10AdvanceProcurement.APCostElementCategoryList.Other.APCostElement"
"2014","See End Item P-5A","2014-01","2015-01","0.17","0","","","","","2016-BASE_PROCUREMENT-2016-ARMY_MISSLE-PROCUREMENT_JustificationBook_Army_PB_2016.zzz_unzipped-PROCUREMENT_JustificationBook_Army_PB_2016.xml","a165d0be6144e6f49e80b5586363567ae0ec4790d0f3b569f3260420117a3760","0-245fbbf5938a1120d6f16bad99a252f4726c5e3f66f674ece391aae5260f9c0f","Various","","2-e3451edd3b7015d8e9efb31705c81ded293ffb60ec6dbda5eb32ddcff23dc653","root.record.ItemExhibitList.P5Item.P10AdvanceProcurement.APCostElementCategoryList.Other.APCostElement"
"2015","See End Item P-5A","2015-01","2016-01","0.17","0","","","","","2016-BASE_PROCUREMENT-2016-ARMY_MISSLE-PROCUREMENT_JustificationBook_Army_PB_2016.zzz_unzipped-PROCUREMENT_JustificationBook_Army_PB_2016.xml","a165d0be6144e6f49e80b5586363567ae0ec4790d0f3b569f3260420117a3760","1-fbf3834298b4b21c2af633647df03612a14ea713bd4f82362fd224f02ab88456","Various","","2-e3451edd3b7015d8e9efb31705c81ded293ffb60ec6dbda5eb32ddcff23dc653","root.record.ItemExhibitList.P5Item.P10AdvanceProcurement.APCostElementCategoryList.Other.APCostElement"
"2014","See End Item P-5A","2014-01","2015-07","8.533","0","","","","","2016-BASE_PROCUREMENT-2016-ARMY_MISSLE-PROCUREMENT_JustificationBook_Army_PB_2016.zzz_unzipped-PROCUREMENT_JustificationBook_Army_PB_2016.xml","a165d0be6144e6f49e80b5586363567ae0ec4790d0f3b569f3260420117a3760","0-f33614ea266e439cd97f8b97c7449558b978b280534f76f3df9971726faa6469","Various","","3-0f9b2f42fe6e934779d1c0e6a9c257af79463963942bf8ceab6c85d0ffee39ce","root.record.ItemExhibitList.P5Item.P10AdvanceProcurement.APCostElementCategoryList.Other.APCostElement"
"2015","See End Item P-5A","2015-01","2016-07","8.533","0","","","","","2016-BASE_PROCUREMENT-2016-ARMY_MISSLE-PROCUREMENT_JustificationBook_Army_PB_2016.zzz_unzipped-PROCUREMENT_JustificationBook_Army_PB_2016.xml","a165d0be6144e6f49e80b5586363567ae0ec4790d0f3b569f3260420117a3760","1-c1082816026b926c2ab43bb43b15bffe0a914a04a657fc57a4ec214f8b54ce18","Various","","3-0f9b2f42fe6e934779d1c0e6a9c257af79463963942bf8ceab6c85d0ffee39ce","root.record.ItemExhibitList.P5Item.P10AdvanceProcurement.APCostElementCategoryList.Other.APCostElement"
"2014","See End Item P-5A","2014-01","2015-02","1.548","0","","","","","2016-BASE_PROCUREMENT-2016-ARMY_MISSLE-PROCUREMENT_JustificationBook_Army_PB_2016.zzz_unzipped-PROCUREMENT_JustificationBook_Army_PB_2016.xml","a165d0be6144e6f49e80b5586363567ae0ec4790d0f3b569f3260420117a3760","0-5fe4e4cc95dd4baa8cdbdd1599173d0af582f80d2512e73463f7e0823cd47069","Various","","4-b4b4f65dc334a8016462b7172d17b80c7bb9e7ea0cad75170bc32ba59f2d31d2","root.record.ItemExhibitList.P5Item.P10AdvanceProcurement.APCostElementCategoryList.Other.APCostElement"
"2015","See End Item P-5A","2015-01","2016-02","1.548","0","","","","","2016-BASE_PROCUREMENT-2016-ARMY_MISSLE-PROCUREMENT_JustificationBook_Army_PB_2016.zzz_unzipped-PROCUREMENT_JustificationBook_Army_PB_2016.xml","a165d0be6144e6f49e80b5586363567ae0ec4790d0f3b569f3260420117a3760","1-2423723fbb7ba762a5c308bbcb94c2ea946742599f84135579ce31625620fc32","Various","","4-b4b4f65dc334a8016462b7172d17b80c7bb9e7ea0cad75170bc32ba59f2d31d2","root.record.ItemExhibitList.P5Item.P10AdvanceProcurement.APCostElementCategoryList.Other.APCostElement"
"2014","See End Item P-5A","2014-01","2015-01","0.351","0","","","","","2016-BASE_PROCUREMENT-2016-ARMY_MISSLE-PROCUREMENT_JustificationBook_Army_PB_2016.zzz_unzipped-PROCUREMENT_JustificationBook_Army_PB_2016.xml","a165d0be6144e6f49e80b5586363567ae0ec4790d0f3b569f3260420117a3760","0-fa8d2a23cb9c67d54c8ec34b08308eaeb4d93cf985921e3833b7a86024e853a6","Various","","5-ae763a03efc5ec000d21db87a5a6467486170622fa58a017373dc3b818c584a0","root.record.ItemExhibitList.P5Item.P10AdvanceProcurement.APCostElementCategoryList.Other.APCostElement"
"2015","See End Item P-5A","2015-01","2016-01","0.351","0","","","","","2016-BASE_PROCUREMENT-2016-ARMY_MISSLE-PROCUREMENT_JustificationBook_Army_PB_2016.zzz_unzipped-PROCUREMENT_JustificationBook_Army_PB_2016.xml","a165d0be6144e6f49e80b5586363567ae0ec4790d0f3b569f3260420117a3760","1-25389f132f592cbf2527d369402fb737d6ed40b12832057eace2657539ca48db","Various","","5-ae763a03efc5ec000d21db87a5a6467486170622fa58a017373dc3b818c584a0","root.record.ItemExhibitList.P5Item.P10AdvanceProcurement.APCostElementCategoryList.Other.APCostElement"
"2014","See End Item P-5A","2014-01","2015-02","0.916","0","","","","","2016-BASE_PROCUREMENT-2016-ARMY_MISSLE-PROCUREMENT_JustificationBook_Army_PB_2016.zzz_unzipped-PROCUREMENT_JustificationBook_Army_PB_2016.xml","a165d0be6144e6f49e80b5586363567ae0ec4790d0f3b569f3260420117a3760","0-aa8159978897b3e23e3b5c3052b7aaad4fb7ce2345c1d2cb1ab068f79c0860b3","Various","","6-db4c9fb85e9a2b1bdfdf54ab2a7bc0885e3c4053a7b48a7de575788666c6e240","root.record.ItemExhibitList.P5Item.P10AdvanceProcurement.APCostElementCategoryList.Other.APCostElement"
"2015","See End Item P-5A","2015-01","2016-02","0.916","0","","","","","2016-BASE_PROCUREMENT-2016-ARMY_MISSLE-PROCUREMENT_JustificationBook_Army_PB_2016.zzz_unzipped-PROCUREMENT_JustificationBook_Army_PB_2016.xml","a165d0be6144e6f49e80b5586363567ae0ec4790d0f3b569f3260420117a3760","1-4007417ef8d406bf32002894e1579f34ce838c40b1d2d9ea44edc7aa7d0f2b42","Various","","6-db4c9fb85e9a2b1bdfdf54ab2a7bc0885e3c4053a7b48a7de575788666c6e240","root.record.ItemExhibitList.P5Item.P10AdvanceProcurement.APCostElementCategoryList.Other.APCostElement"
"2014","See End Item P-5A","2014-01","2015-01","0.543","0","","","","","2016-BASE_PROCUREMENT-2016-ARMY_MISSLE-PROCUREMENT_JustificationBook_Army_PB_2016.zzz_unzipped-PROCUREMENT_JustificationBook_Army_PB_2016.xml","a165d0be6144e6f49e80b5586363567ae0ec4790d0f3b569f3260420117a3760","0-64ffa4448fa0d57a8d96df82caba9f0140076f5fb78c37a055fed80abfd3d2e6","Various","","7-b48aa48541e9f71a19ff40cfa68a7978e8198165330139004a10ee61964b2a07","root.record.ItemExhibitList.P5Item.P10AdvanceProcurement.APCostElementCategoryList.Other.APCostElement"
"2015","See End Item P-5A","2015-01","2016-01","0.543","0","","","","","2016-BASE_PROCUREMENT-2016-ARMY_MISSLE-PROCUREMENT_JustificationBook_Army_PB_2016.zzz_unzipped-PROCUREMENT_JustificationBook_Army_PB_2016.xml","a165d0be6144e6f49e80b5586363567ae0ec4790d0f3b569f3260420117a3760","1-0f2a0c3781593e1c297291cc81738d78fc2564176a6508d1e90b3c585aa428af","Various","","7-b48aa48541e9f71a19ff40cfa68a7978e8198165330139004a10ee61964b2a07","root.record.ItemExhibitList.P5Item.P10AdvanceProcurement.APCostElementCategoryList.Other.APCostElement"
"2015","See End Item P-5A","2015-12","2016-01","24","4487.884","","","","","2017-BASE_PROCUREMENT-2017-ARMY_AIRCRAFT-U_PROCUREMENT_JustificationBook_Army_PB_2017.zzz_unzipped-U_PROCUREMENT_JustificationBook_Army_PB_2017.xml","1f70a6b78589233ad91d21a4ae69bce2801aaf1036db7b0daab5a6799826990c","0-3c77f0661d125e7be8ffec0fabdc1e450c824d291b1ebef3dab815858b98dd8a","Various","","0-9110016f08e4e30c266936fd94f44ff14ab30d7f4827383082334b7ffa41f48b","root.record.ItemExhibitList.P5Item.P10AdvanceProcurement.APCostElementCategoryList.Other.APCostElement"
"2016","See End Item P-5A","2016-12","2017-01","32","4487.884","","","","","2017-BASE_PROCUREMENT-2017-ARMY_AIRCRAFT-U_PROCUREMENT_JustificationBook_Army_PB_2017.zzz_unzipped-U_PROCUREMENT_JustificationBook_Army_PB_2017.xml","1f70a6b78589233ad91d21a4ae69bce2801aaf1036db7b0daab5a6799826990c","1-54a2ae449f2884cbef2a8da751a6283825670bade4c0904d0a0efdcb9e378942","Various","","0-9110016f08e4e30c266936fd94f44ff14ab30d7f4827383082334b7ffa41f48b","root.record.ItemExhibitList.P5Item.P10AdvanceProcurement.APCostElementCategoryList.Other.APCostElement"
"2017","See End Item P-5A","2017-12","2018-05","26","4487.884","","","","","2017-BASE_PROCUREMENT-2017-ARMY_AIRCRAFT-U_PROCUREMENT_JustificationBook_Army_PB_2017.zzz_unzipped-U_PROCUREMENT_JustificationBook_Army_PB_2017.xml","1f70a6b78589233ad91d21a4ae69bce2801aaf1036db7b0daab5a6799826990c","2-489b780c1ff81e822cd6ad0a9d80d0c4e959543a2dcd866f11f31ed0b6fcaf1b","Various","","0-9110016f08e4e30c266936fd94f44ff14ab30d7f4827383082334b7ffa41f48b","root.record.ItemExhibitList.P5Item.P10AdvanceProcurement.APCostElementCategoryList.Other.APCostElement"
"2015","See End Item P-5A","2015-12","2016-01","24","2633.654","","","","","2017-BASE_PROCUREMENT-2017-ARMY_AIRCRAFT-U_PROCUREMENT_JustificationBook_Army_PB_2017.zzz_unzipped-U_PROCUREMENT_JustificationBook_Army_PB_2017.xml","1f70a6b78589233ad91d21a4ae69bce2801aaf1036db7b0daab5a6799826990c","0-4c25fc7bea760c40a5080093b9bf1f3d2a43f9243f8685874b2f430b3611b02e","Various","","1-b8074afba9f17fe687fbcbe32f26b7ad546ad66fa6b18dd4a0bb2983506647a1","root.record.ItemExhibitList.P5Item.P10AdvanceProcurement.APCostElementCategoryList.Other.APCostElement"
"2016","See End Item P-5A","2016-12","2017-01","32","2633.654","","","","","2017-BASE_PROCUREMENT-2017-ARMY_AIRCRAFT-U_PROCUREMENT_JustificationBook_Army_PB_2017.zzz_unzipped-U_PROCUREMENT_JustificationBook_Army_PB_2017.xml","1f70a6b78589233ad91d21a4ae69bce2801aaf1036db7b0daab5a6799826990c","1-af7748b7d8f0bef88ea47f362a1813b9adb0d6a2ac7a818b64c27765449feba4","Various","","1-b8074afba9f17fe687fbcbe32f26b7ad546ad66fa6b18dd4a0bb2983506647a1","root.record.ItemExhibitList.P5Item.P10AdvanceProcurement.APCostElementCategoryList.Other.APCostElement"
"2017","See End Item P-5A","2017-12","2018-05","26","2633.654","","","","","2017-BASE_PROCUREMENT-2017-ARMY_AIRCRAFT-U_PROCUREMENT_JustificationBook_Army_PB_2017.zzz_unzipped-U_PROCUREMENT_JustificationBook_Army_PB_2017.xml","1f70a6b78589233ad91d21a4ae69bce2801aaf1036db7b0daab5a6799826990c","2-fb37769a7bbed750ed09cfc30f6fca110156333d4703a750426fa523b4717ce3","Various","","1-b8074afba9f17fe687fbcbe32f26b7ad546ad66fa6b18dd4a0bb2983506647a1","root.record.ItemExhibitList.P5Item.P10AdvanceProcurement.APCostElementCategoryList.Other.APCostElement"
"2015","See End Item P-5A","2014-12","2015-06","70","3138.200","","","","","2017-BASE_PROCUREMENT-2017-ARMY_AIRCRAFT-U_PROCUREMENT_JustificationBook_Army_PB_2017.zzz_unzipped-U_PROCUREMENT_JustificationBook_Army_PB_2017.xml","2bd4c0a1589e46892f050588acb05b9acd9f0eba50d9b990b2593abe3dddb364","0-2bb40a67ad37fb44180a4597bf50d2d4653f5843b0c16fd8bc4fa68c6be7a86a","Various","","0-23fb827302da399f6fd82dc5c0c197b5fd06a29ade09ded6fe481eea0169adf3","root.record.ItemExhibitList.P5Item.P10AdvanceProcurement.APCostElementCategoryList.Other.APCostElement"
"2016","See End Item P-5A","2015-01","2016-07","82","3138.200","","","","","2017-BASE_PROCUREMENT-2017-ARMY_AIRCRAFT-U_PROCUREMENT_JustificationBook_Army_PB_2017.zzz_unzipped-U_PROCUREMENT_JustificationBook_Army_PB_2017.xml","2bd4c0a1589e46892f050588acb05b9acd9f0eba50d9b990b2593abe3dddb364","1-56e513c52f8782796197306cb1966c96f08423852b62d81350a72787d863d5e7","Various","","0-23fb827302da399f6fd82dc5c0c197b5fd06a29ade09ded6fe481eea0169adf3","root.record.ItemExhibitList.P5Item.P10AdvanceProcurement.APCostElementCategoryList.Other.APCostElement"
"2017","See End Item P-5A","2016-12","2017-06","36","3138.200","","","","","2017-BASE_PROCUREMENT-2017-ARMY_AIRCRAFT-U_PROCUREMENT_JustificationBook_Army_PB_2017.zzz_unzipped-U_PROCUREMENT_JustificationBook_Army_PB_2017.xml","2bd4c0a1589e46892f050588acb05b9acd9f0eba50d9b990b2593abe3dddb364","2-a0824eef6187a08ec97c4635d2957a8bbdb3ba621cadb009d346ea402193d7f3","Various","","0-23fb827302da399f6fd82dc5c0c197b5fd06a29ade09ded6fe481eea0169adf3","root.record.ItemExhibitList.P5Item.P10AdvanceProcurement.APCostElementCategoryList.Other.APCostElement"
"2015","See End Item P-5A","2014-12","2015-06","70","87.000","","","","","2017-BASE_PROCUREMENT-2017-ARMY_AIRCRAFT-U_PROCUREMENT_JustificationBook_Army_PB_2017.zzz_unzipped-U_PROCUREMENT_JustificationBook_Army_PB_2017.xml","2bd4c0a1589e46892f050588acb05b9acd9f0eba50d9b990b2593abe3dddb364","0-b4fc9e4e5bacc897ad5e4bbfb8e7f3888d627c6caeb84ed54bd32d8d0f888bbd","Various","","1-5a2853ac2e3e4093c16376f7e7af932e34e4fd61769c35d01b5bbc5dfac9e505","root.record.ItemExhibitList.P5Item.P10AdvanceProcurement.APCostElementCategoryList.Other.APCostElement"
"2016","See End Item P-5A","2015-01","2016-07","82","87.000","","","","","2017-BASE_PROCUREMENT-2017-ARMY_AIRCRAFT-U_PROCUREMENT_JustificationBook_Army_PB_2017.zzz_unzipped-U_PROCUREMENT_JustificationBook_Army_PB_2017.xml","2bd4c0a1589e46892f050588acb05b9acd9f0eba50d9b990b2593abe3dddb364","1-4b0c10f74d462ca2a927ecd94a7991efd2af521166c0e695a8c1c98e6f1754ee","Various","","1-5a2853ac2e3e4093c16376f7e7af932e34e4fd61769c35d01b5bbc5dfac9e505","root.record.ItemExhibitList.P5Item.P10AdvanceProcurement.APCostElementCategoryList.Other.APCostElement"
"2017","See End Item P-5A","2016-12","2017-06","36","87.000","","","","","2017-BASE_PROCUREMENT-2017-ARMY_AIRCRAFT-U_PROCUREMENT_JustificationBook_Army_PB_2017.zzz_unzipped-U_PROCUREMENT_JustificationBook_Army_PB_2017.xml","2bd4c0a1589e46892f050588acb05b9acd9f0eba50d9b990b2593abe3dddb364","2-7dbf71e5bb607bc09a5ab3be76483f5219a0b84793359d4231ac365ea2030fb4","Various","","1-5a2853ac2e3e4093c16376f7e7af932e34e4fd61769c35d01b5bbc5dfac9e505","root.record.ItemExhibitList.P5Item.P10AdvanceProcurement.APCostElementCategoryList.Other.APCostElement"
"2015","See End Item P-5A","2014-12","2015-06","140","666.000","","","","","2017-BASE_PROCUREMENT-2017-ARMY_AIRCRAFT-U_PROCUREMENT_JustificationBook_Army_PB_2017.zzz_unzipped-U_PROCUREMENT_JustificationBook_Army_PB_2017.xml","2bd4c0a1589e46892f050588acb05b9acd9f0eba50d9b990b2593abe3dddb364","0-6a20aa5dba89ef6c051f42e8d16570d6a6d22dbf0279442243cb1aa080b41299","Various","","2-ecccd4d081ce292d7dc51f730fab4eda71439fdbcbdb462e10bbf1e2c6ba45a8","root.record.ItemExhibitList.P5Item.P10AdvanceProcurement.APCostElementCategoryList.Other.APCostElement"
"2016","See End Item P-5A","2015-01","2016-07","164","666.000","","","","","2017-BASE_PROCUREMENT-2017-ARMY_AIRCRAFT-U_PROCUREMENT_JustificationBook_Army_PB_2017.zzz_unzipped-U_PROCUREMENT_JustificationBook_Army_PB_2017.xml","2bd4c0a1589e46892f050588acb05b9acd9f0eba50d9b990b2593abe3dddb364","1-516951da328ed9f8e84a0c70e2cb0a9289658e00172b946d712e15185a18c7ad","Various","","2-ecccd4d081ce292d7dc51f730fab4eda71439fdbcbdb462e10bbf1e2c6ba45a8","root.record.ItemExhibitList.P5Item.P10AdvanceProcurement.APCostElementCategoryList.Other.APCostElement"
"2017","See End Item P-5A","2016-12","2017-06","72","666.000","","","","","2017-BASE_PROCUREMENT-2017-ARMY_AIRCRAFT-U_PROCUREMENT_JustificationBook_Army_PB_2017.zzz_unzipped-U_PROCUREMENT_JustificationBook_Army_PB_2017.xml","2bd4c0a1589e46892f050588acb05b9acd9f0eba50d9b990b2593abe3dddb364","2-3f4f141c5cd17eea343b05530a25c351088d27b73c020587d2dda107b520adb9","Various","","2-ecccd4d081ce292d7dc51f730fab4eda71439fdbcbdb462e10bbf1e2c6ba45a8","root.record.ItemExhibitList.P5Item.P10AdvanceProcurement.APCostElementCategoryList.Other.APCostElement"
"2015","See End Item P-5A","2014-12","2015-06","140","107.000","","","","","2017-BASE_PROCUREMENT-2017-ARMY_AIRCRAFT-U_PROCUREMENT_JustificationBook_Army_PB_2017.zzz_unzipped-U_PROCUREMENT_JustificationBook_Army_PB_2017.xml","2bd4c0a1589e46892f050588acb05b9acd9f0eba50d9b990b2593abe3dddb364","0-9438dd0146a9350ca790936eae0d01082f532a5dee3ed9bf0b4ebbd91e6a7164","Various","","3-5d8102282b7564dcfee3b0946299d0ab995f0ee36734ca9e2eacafb904326f86","root.record.ItemExhibitList.P5Item.P10AdvanceProcurement.APCostElementCategoryList.Other.APCostElement"
"2016","See End Item P-5A","2015-01","2016-07","164","107.000","","","","","2017-BASE_PROCUREMENT-2017-ARMY_AIRCRAFT-U_PROCUREMENT_JustificationBook_Army_PB_2017.zzz_unzipped-U_PROCUREMENT_JustificationBook_Army_PB_2017.xml","2bd4c0a1589e46892f050588acb05b9acd9f0eba50d9b990b2593abe3dddb364","1-cd1d49383978df323270f71fdff30608ca7ab833dabcf93221320a8f251c003a","Various","","3-5d8102282b7564dcfee3b0946299d0ab995f0ee36734ca9e2eacafb904326f86","root.record.ItemExhibitList.P5Item.P10AdvanceProcurement.APCostElementCategoryList.Other.APCostElement"
"2017","See End Item P-5A","2016-12","2017-06","72","107.000","","","","","2017-BASE_PROCUREMENT-2017-ARMY_AIRCRAFT-U_PROCUREMENT_JustificationBook_Army_PB_2017.zzz_unzipped-U_PROCUREMENT_JustificationBook_Army_PB_2017.xml","2bd4c0a1589e46892f050588acb05b9acd9f0eba50d9b990b2593abe3dddb364","2-2dcf957218518f85ae4ab8a98afd2914e148a779bba6d5a5ad542739de071929","Various","","3-5d8102282b7564dcfee3b0946299d0ab995f0ee36734ca9e2eacafb904326f86","root.record.ItemExhibitList.P5Item.P10AdvanceProcurement.APCostElementCategoryList.Other.APCostElement"
"2015","See End Item P-5A","2014-12","2015-06","70","65.000","","","","","2017-BASE_PROCUREMENT-2017-ARMY_AIRCRAFT-U_PROCUREMENT_JustificationBook_Army_PB_2017.zzz_unzipped-U_PROCUREMENT_JustificationBook_Army_PB_2017.xml","2bd4c0a1589e46892f050588acb05b9acd9f0eba50d9b990b2593abe3dddb364","0-b5118bd010d54aa2ee09adc3a4d91e5eb2739ff5e790c5d3a03e228eb8146f9e","Various","","4-94d22103e9f854bd99d8a4c26f94c23570c1ccf081de24501b612435690dcb58","root.record.ItemExhibitList.P5Item.P10AdvanceProcurement.APCostElementCategoryList.Other.APCostElement"
"2016","See End Item P-5A","2015-01","2016-07","82","65.000","","","","","2017-BASE_PROCUREMENT-2017-ARMY_AIRCRAFT-U_PROCUREMENT_JustificationBook_Army_PB_2017.zzz_unzipped-U_PROCUREMENT_JustificationBook_Army_PB_2017.xml","2bd4c0a1589e46892f050588acb05b9acd9f0eba50d9b990b2593abe3dddb364","1-f7b01e7b40cdf6e90df15217ab79f24f4055a576670420e89dab8b97eefa2da8","Various","","4-94d22103e9f854bd99d8a4c26f94c23570c1ccf081de24501b612435690dcb58","root.record.ItemExhibitList.P5Item.P10AdvanceProcurement.APCostElementCategoryList.Other.APCostElement"
"2017","See End Item P-5A","2016-12","2017-06","36","65.000","","","","","2017-BASE_PROCUREMENT-2017-ARMY_AIRCRAFT-U_PROCUREMENT_JustificationBook_Army_PB_2017.zzz_unzipped-U_PROCUREMENT_JustificationBook_Army_PB_2017.xml","2bd4c0a1589e46892f050588acb05b9acd9f0eba50d9b990b2593abe3dddb364","2-fe10d0f368b1fb3f096d01952fa7599fb0e976d1ced700346056cd5803681b1f","Various","","4-94d22103e9f854bd99d8a4c26f94c23570c1ccf081de24501b612435690dcb58","root.record.ItemExhibitList.P5Item.P10AdvanceProcurement.APCostElementCategoryList.Other.APCostElement"
"2015","See End Item P-5A","2014-12","2015-06","0","0.000","","","","","2017-BASE_PROCUREMENT-2017-ARMY_AIRCRAFT-U_PROCUREMENT_JustificationBook_Army_PB_2017.zzz_unzipped-U_PROCUREMENT_JustificationBook_Army_PB_2017.xml","2bd4c0a1589e46892f050588acb05b9acd9f0eba50d9b990b2593abe3dddb364","0-1660ef0ab4c0ad7bb2e9e21583fd0c816f6bce4fb8e9778ae8422e7b6468c7f2","Various","","5-3f910fe0b71aa126e0a4cf41f453bc2ab57dce721e155f202af64f217bbe795a","root.record.ItemExhibitList.P5Item.P10AdvanceProcurement.APCostElementCategoryList.Other.APCostElement"
"2015","See End Item P-5A","2014-12","2015-06","0","0.000","","","","","2017-BASE_PROCUREMENT-2017-ARMY_AIRCRAFT-U_PROCUREMENT_JustificationBook_Army_PB_2017.zzz_unzipped-U_PROCUREMENT_JustificationBook_Army_PB_2017.xml","2bd4c0a1589e46892f050588acb05b9acd9f0eba50d9b990b2593abe3dddb364","0-71637ab9ac19e98540619044bd5e11f5a5918211d9037ef2defd8cac4cf9bf8a","Various","","6-997c55668680440372f4087b3d051a36af8e186f1e3a77bb9ecadec63db9b0a7","root.record.ItemExhibitList.P5Item.P10AdvanceProcurement.APCostElementCategoryList.Other.APCostElement"
"2015","See End Item P-5A","2015-12","2017-01","0","93.000","","","","","2017-BASE_PROCUREMENT-2017-ARMY_MISSLE-U_PROCUREMENT_JustificationBook_Army_PB_2017.zzz_unzipped-U_PROCUREMENT_JustificationBook_Army_PB_2017.xml","abc7ddfa27f1d2d1fc08f8d9bc3ce8fba2a52b95a3784cecbaf8994aa4ab9ac3","0-1d0802a51405940c56094fb4600674cb814767ffd9e42cd776dc4f1b9801feb7","Various","","0-1094f48338fd32e09ff9f760cadab3c4023f9b4ac1fe9b7e4005c8404fdbee3c","root.record.ItemExhibitList.P5Item.P10AdvanceProcurement.APCostElementCategoryList.Other.APCostElement"
"2017","See End Item P-5A","2017-02","2019-09","7","93.000","","","","","2017-BASE_PROCUREMENT-2017-ARMY_MISSLE-U_PROCUREMENT_JustificationBook_Army_PB_2017.zzz_unzipped-U_PROCUREMENT_JustificationBook_Army_PB_2017.xml","abc7ddfa27f1d2d1fc08f8d9bc3ce8fba2a52b95a3784cecbaf8994aa4ab9ac3","1-c7c79a258fb84cd49fd69fd0b38bd87e79e2bd5c5b5ac3fe5e984bcdbcbf5967","Various","","0-1094f48338fd32e09ff9f760cadab3c4023f9b4ac1fe9b7e4005c8404fdbee3c","root.record.ItemExhibitList.P5Item.P10AdvanceProcurement.APCostElementCategoryList.Other.APCostElement"
"2015","See End Item P-5A","2015-12","2016-12","0","87.000","","","","","2017-BASE_PROCUREMENT-2017-ARMY_MISSLE-U_PROCUREMENT_JustificationBook_Army_PB_2017.zzz_unzipped-U_PROCUREMENT_JustificationBook_Army_PB_2017.xml","abc7ddfa27f1d2d1fc08f8d9bc3ce8fba2a52b95a3784cecbaf8994aa4ab9ac3","0-ebc4d11bbbeab20878d1ef3027daf521a35fff723219df2d87d5b1e8c0357552","Various","","1-b58a931590c9127fc91ededc9f9c349770882570eea8a5588069a169539cf090","root.record.ItemExhibitList.P5Item.P10AdvanceProcurement.APCostElementCategoryList.Other.APCostElement"
"2017","See End Item P-5A","2017-02","2019-09","9","87.000","","","","","2017-BASE_PROCUREMENT-2017-ARMY_MISSLE-U_PROCUREMENT_JustificationBook_Army_PB_2017.zzz_unzipped-U_PROCUREMENT_JustificationBook_Army_PB_2017.xml","abc7ddfa27f1d2d1fc08f8d9bc3ce8fba2a52b95a3784cecbaf8994aa4ab9ac3","1-e5bb730f9f100512a3644342bff7484fb79cd3fe8fa0b8d75b9474c50c1e2891","Various","","1-b58a931590c9127fc91ededc9f9c349770882570eea8a5588069a169539cf090","root.record.ItemExhibitList.P5Item.P10AdvanceProcurement.APCostElementCategoryList.Other.APCostElement"
"2015","See End Item P-5A","2015-12","2016-12","0","79.000","","","","","2017-BASE_PROCUREMENT-2017-ARMY_MISSLE-U_PROCUREMENT_JustificationBook_Army_PB_2017.zzz_unzipped-U_PROCUREMENT_JustificationBook_Army_PB_2017.xml","abc7ddfa27f1d2d1fc08f8d9bc3ce8fba2a52b95a3784cecbaf8994aa4ab9ac3","0-185362fbe2a0b492d28c1b8a9187ccf6fc25ba5628334ef0df8233219c6b9909","Various","","2-12f9135644ff32d08dd8073b10559d8fe45d24c79e5ac32e33c8866d23be0600","root.record.ItemExhibitList.P5Item.P10AdvanceProcurement.APCostElementCategoryList.Other.APCostElement"
"2017","See End Item P-5A","2017-02","2019-09","135","79.000","","","","","2017-BASE_PROCUREMENT-2017-ARMY_MISSLE-U_PROCUREMENT_JustificationBook_Army_PB_2017.zzz_unzipped-U_PROCUREMENT_JustificationBook_Army_PB_2017.xml","abc7ddfa27f1d2d1fc08f8d9bc3ce8fba2a52b95a3784cecbaf8994aa4ab9ac3","1-d83439bc94d071c0bc359d1eb05272ff6d2acd87f50b1d41e80bcded4a4e4728","Various","","2-12f9135644ff32d08dd8073b10559d8fe45d24c79e5ac32e33c8866d23be0600","root.record.ItemExhibitList.P5Item.P10AdvanceProcurement.APCostElementCategoryList.Other.APCostElement"
"2015","See End Item P-5A","2015-12","2016-12","0","20.000","","","","","2017-BASE_PROCUREMENT-2017-ARMY_MISSLE-U_PROCUREMENT_JustificationBook_Army_PB_2017.zzz_unzipped-U_PROCUREMENT_JustificationBook_Army_PB_2017.xml","abc7ddfa27f1d2d1fc08f8d9bc3ce8fba2a52b95a3784cecbaf8994aa4ab9ac3","0-cb374f2928e0b89320f9398f02ba8576b60bfd919d3fb9e9a374ea3637115218","Various","","3-470d9f2f0ae9fd370d96077cb85412a7c901ef0a2916ff3a147a3c0a3a269aa5","root.record.ItemExhibitList.P5Item.P10AdvanceProcurement.APCostElementCategoryList.Other.APCostElement"
"2017","See End Item P-5A","2017-02","2019-09","135","20.000","","","","","2017-BASE_PROCUREMENT-2017-ARMY_MISSLE-U_PROCUREMENT_JustificationBook_Army_PB_2017.zzz_unzipped-U_PROCUREMENT_JustificationBook_Army_PB_2017.xml","abc7ddfa27f1d2d1fc08f8d9bc3ce8fba2a52b95a3784cecbaf8994aa4ab9ac3","1-586717760506a666a9375f150219044a3dc2881796c3434b66ff9133658e7f26","Various","","3-470d9f2f0ae9fd370d96077cb85412a7c901ef0a2916ff3a147a3c0a3a269aa5","root.record.ItemExhibitList.P5Item.P10AdvanceProcurement.APCostElementCategoryList.Other.APCostElement"
"2015","See End Item P-5A","2015-12","2016-12","0","50.000","","","","","2017-BASE_PROCUREMENT-2017-ARMY_MISSLE-U_PROCUREMENT_JustificationBook_Army_PB_2017.zzz_unzipped-U_PROCUREMENT_JustificationBook_Army_PB_2017.xml","abc7ddfa27f1d2d1fc08f8d9bc3ce8fba2a52b95a3784cecbaf8994aa4ab9ac3","0-5139524bc695b2075e6ba3e2cf15a4a8f6d632b0996267b9c929b7027bd4602c","Various","","4-f791ae396e597d735cbc17e76badee17b76e26d2bceed448ffc9a004030dec25","root.record.ItemExhibitList.P5Item.P10AdvanceProcurement.APCostElementCategoryList.Other.APCostElement"
"2017","See End Item P-5A","2017-02","2019-09","9","50.000","","","","","2017-BASE_PROCUREMENT-2017-ARMY_MISSLE-U_PROCUREMENT_JustificationBook_Army_PB_2017.zzz_unzipped-U_PROCUREMENT_JustificationBook_Army_PB_2017.xml","abc7ddfa27f1d2d1fc08f8d9bc3ce8fba2a52b95a3784cecbaf8994aa4ab9ac3","1-86b87b48cd6d32f601ee33c51123c642519305ffaa3cfaea9d631411a632d615","Various","","4-f791ae396e597d735cbc17e76badee17b76e26d2bceed448ffc9a004030dec25","root.record.ItemExhibitList.P5Item.P10AdvanceProcurement.APCostElementCategoryList.Other.APCostElement"
"2015","See End Item P-5A","2015-12","2016-12","0","50.000","","","","","2017-BASE_PROCUREMENT-2017-ARMY_MISSLE-U_PROCUREMENT_JustificationBook_Army_PB_2017.zzz_unzipped-U_PROCUREMENT_JustificationBook_Army_PB_2017.xml","abc7ddfa27f1d2d1fc08f8d9bc3ce8fba2a52b95a3784cecbaf8994aa4ab9ac3","0-f97a978711d40921357c736ca3d87e4e10818d4aa289a6e73a1c463aed3d0685","Various","","5-0054092fa5a2cb42d89013560883d47af68c76cf66d3d4156a828fcad5e65f7e","root.record.ItemExhibitList.P5Item.P10AdvanceProcurement.APCostElementCategoryList.Other.APCostElement"
"2017","See End Item P-5A","2017-02","2019-09","9","50.000","","","","","2017-BASE_PROCUREMENT-2017-ARMY_MISSLE-U_PROCUREMENT_JustificationBook_Army_PB_2017.zzz_unzipped-U_PROCUREMENT_JustificationBook_Army_PB_2017.xml","abc7ddfa27f1d2d1fc08f8d9bc3ce8fba2a52b95a3784cecbaf8994aa4ab9ac3","1-1de81cb24144e152bd03e3a5264b8bbd29bc695943759f93d87a84b3367cfad8","Various","","5-0054092fa5a2cb42d89013560883d47af68c76cf66d3d4156a828fcad5e65f7e","root.record.ItemExhibitList.P5Item.P10AdvanceProcurement.APCostElementCategoryList.Other.APCostElement"
"2015","See End Item P-5A","2015-12","2016-12","0","301.667","","","","","2017-BASE_PROCUREMENT-2017-ARMY_MISSLE-U_PROCUREMENT_JustificationBook_Army_PB_2017.zzz_unzipped-U_PROCUREMENT_JustificationBook_Army_PB_2017.xml","abc7ddfa27f1d2d1fc08f8d9bc3ce8fba2a52b95a3784cecbaf8994aa4ab9ac3","0-eea86441c7161f73c654ef589c2d5d3beef660c8863772a6e6f01e60d6f8d1a5","Various","","6-b0fd2fd977d0e9e0747f47ac63255b9f1375f752ec72b4dfc0af9652c3b26c16","root.record.ItemExhibitList.P5Item.P10AdvanceProcurement.APCostElementCategoryList.Other.APCostElement"
"2017","See End Item P-5A","2017-02","2019-09","12","301.667","","","","","2017-BASE_PROCUREMENT-2017-ARMY_MISSLE-U_PROCUREMENT_JustificationBook_Army_PB_2017.zzz_unzipped-U_PROCUREMENT_JustificationBook_Army_PB_2017.xml","abc7ddfa27f1d2d1fc08f8d9bc3ce8fba2a52b95a3784cecbaf8994aa4ab9ac3","1-26487c216996dac8398c7a115a45fbeb0d72b3b5de1de4f41abb8780ff908c8c","Various","","6-b0fd2fd977d0e9e0747f47ac63255b9f1375f752ec72b4dfc0af9652c3b26c16","root.record.ItemExhibitList.P5Item.P10AdvanceProcurement.APCostElementCategoryList.Other.APCostElement"
"2016","See End Item P-5A","2016-04","2017-06","324","77.000","","","","","2017-BASE_PROCUREMENT-2017-ARMY_MISSLE-U_PROCUREMENT_JustificationBook_Army_PB_2017.zzz_unzipped-U_PROCUREMENT_JustificationBook_Army_PB_2017.xml","8e5e79c284bc6a2fded409e3c871f1ba2ee794aa21282c392687ee8481df7ce2","0-d1c920f89f4d92cdfeb43d330fbd4bac72afa70bfdc86086c358b1e9d18a9c5e","Various","","0-f924d777c6b732114d59e20c99960a178d367957124641e68b6881bdedaad11b","root.record.ItemExhibitList.P5Item.P10AdvanceProcurement.APCostElementCategoryList.Other.APCostElement"
"2016","See End Item P-5A","2016-04","2017-10","324","9.000","","","","","2017-BASE_PROCUREMENT-2017-ARMY_MISSLE-U_PROCUREMENT_JustificationBook_Army_PB_2017.zzz_unzipped-U_PROCUREMENT_JustificationBook_Army_PB_2017.xml","8e5e79c284bc6a2fded409e3c871f1ba2ee794aa21282c392687ee8481df7ce2","0-b4b69b9c45da2db7f1eb78491233607459a0065f6ab8ae6fa5c9600c71a36d03","Various","","1-27ce8863a107e0ff3cfca46af746ee8b0afc1ed7d0c316a002ef2a29db046019","root.record.ItemExhibitList.P5Item.P10AdvanceProcurement.APCostElementCategoryList.Other.APCostElement"
"2017","See End Item P-5A","2017-04","2018-07","496","56.653","","","","","2017-BASE_PROCUREMENT-2017-ARMY_MISSLE-U_PROCUREMENT_JustificationBook_Army_PB_2017.zzz_unzipped-U_PROCUREMENT_JustificationBook_Army_PB_2017.xml","8e5e79c284bc6a2fded409e3c871f1ba2ee794aa21282c392687ee8481df7ce2","0-c3186019491118364bcaf0d8a1e2acc6d73457ca43b204742882abfaacc5f1c1","Various","","2-bf0c77d20ff76e006e43731d6b65bf125cd66f56038169e6edee122ac6a7c76d","root.record.ItemExhibitList.P5Item.P10AdvanceProcurement.APCostElementCategoryList.Other.APCostElement"
"2017","See End Item P-5A","2017-04","2018-07","496","18.145","","","","","2017-BASE_PROCUREMENT-2017-ARMY_MISSLE-U_PROCUREMENT_JustificationBook_Army_PB_2017.zzz_unzipped-U_PROCUREMENT_JustificationBook_Army_PB_2017.xml","8e5e79c284bc6a2fded409e3c871f1ba2ee794aa21282c392687ee8481df7ce2","0-b36e396498731a2133dcf2aa79a0265b2e5540151cba7dae09ce3fce052ec992","Various","","3-24f89449a8f115c35648589a29bcc4aed1dc8f3745e3e4b904f21c1409a6588e","root.record.ItemExhibitList.P5Item.P10AdvanceProcurement.APCostElementCategoryList.Other.APCostElement"
"2015","See End Item P-5A","2014-12","2016-07","1","1.529","","","","","2017-BASE_PROCUREMENT-2017-ARMY_MISSLE-U_PROCUREMENT_JustificationBook_Army_PB_2017.zzz_unzipped-U_PROCUREMENT_JustificationBook_Army_PB_2017.xml","b3c74fde820ba871359db2d9522d14158bcc7cc300d55daa3c70268eb1ca04a0","0-b61a784f5bfb0d69856bf74dbae172cd3321c327c82682dd84946fdf251f2406","Various","","0-3d2e8626cf75d9e26b4824d0f6ee43a94234e19976c322c7e8281c5f2dc4e460","root.record.ItemExhibitList.P5Item.P10AdvanceProcurement.APCostElementCategoryList.Other.APCostElement"
"2017","See End Item P-5A","2017-05","2018-12","588","1.529","","","","","2017-BASE_PROCUREMENT-2017-ARMY_MISSLE-U_PROCUREMENT_JustificationBook_Army_PB_2017.zzz_unzipped-U_PROCUREMENT_JustificationBook_Army_PB_2017.xml","b3c74fde820ba871359db2d9522d14158bcc7cc300d55daa3c70268eb1ca04a0","1-b606507bb965c92da3d2bfee8c985041e0ff4476600b34fd82a1d2bece7bb67d","Various","","0-3d2e8626cf75d9e26b4824d0f6ee43a94234e19976c322c7e8281c5f2dc4e460","root.record.ItemExhibitList.P5Item.P10AdvanceProcurement.APCostElementCategoryList.Other.APCostElement"
"2015","See End Item P-5A","2014-12","2016-07","0","0.284","","","","","2017-BASE_PROCUREMENT-2017-ARMY_MISSLE-U_PROCUREMENT_JustificationBook_Army_PB_2017.zzz_unzipped-U_PROCUREMENT_JustificationBook_Army_PB_2017.xml","b3c74fde820ba871359db2d9522d14158bcc7cc300d55daa3c70268eb1ca04a0","0-1c616f009493a7631101cb3700531c59f301fa16343997a1bc9fe31b9fed4f9a","Various","","1-57614287287a58f69e05f2096f6a778d8af711224d1e3b875e605c0288111e8e","root.record.ItemExhibitList.P5Item.P10AdvanceProcurement.APCostElementCategoryList.Other.APCostElement"
"2017","See End Item P-5A","2017-05","2018-12","595","0.284","","","","","2017-BASE_PROCUREMENT-2017-ARMY_MISSLE-U_PROCUREMENT_JustificationBook_Army_PB_2017.zzz_unzipped-U_PROCUREMENT_JustificationBook_Army_PB_2017.xml","b3c74fde820ba871359db2d9522d14158bcc7cc300d55daa3c70268eb1ca04a0","1-88d8333d3b3ec0179632107acd31a2f5b074fe52f43ee5ad08ccb48ed394e6b2","Various","","1-57614287287a58f69e05f2096f6a778d8af711224d1e3b875e605c0288111e8e","root.record.ItemExhibitList.P5Item.P10AdvanceProcurement.APCostElementCategoryList.Other.APCostElement"
"2015","See End Item P-5A","2014-12","2016-07","7","11.882","","","","","2017-BASE_PROCUREMENT-2017-ARMY_MISSLE-U_PROCUREMENT_JustificationBook_Army_PB_2017.zzz_unzipped-U_PROCUREMENT_JustificationBook_Army_PB_2017.xml","b3c74fde820ba871359db2d9522d14158bcc7cc300d55daa3c70268eb1ca04a0","0-9c8c3f547be97b66eaca093d5ddfbd321dd0e3e4f7e9b7006632be395281c990","Various","","2-2615275ba1a7ec3c689767ed116025758f7121a86f1a94f0a16ef6c70ed21fa2","root.record.ItemExhibitList.P5Item.P10AdvanceProcurement.APCostElementCategoryList.Other.APCostElement"
"2017","See End Item P-5A","2017-05","2018-12","595","11.882","","","","","2017-BASE_PROCUREMENT-2017-ARMY_MISSLE-U_PROCUREMENT_JustificationBook_Army_PB_2017.zzz_unzipped-U_PROCUREMENT_JustificationBook_Army_PB_2017.xml","b3c74fde820ba871359db2d9522d14158bcc7cc300d55daa3c70268eb1ca04a0","1-005180d547792d7acb1f02b41fb35388837c7416f8b8079ff00d67014b6dc806","Various","","2-2615275ba1a7ec3c689767ed116025758f7121a86f1a94f0a16ef6c70ed21fa2","root.record.ItemExhibitList.P5Item.P10AdvanceProcurement.APCostElementCategoryList.Other.APCostElement"
"2015","See End Item P-5A","2014-12","2016-07","2","2.583","","","","","2017-BASE_PROCUREMENT-2017-ARMY_MISSLE-U_PROCUREMENT_JustificationBook_Army_PB_2017.zzz_unzipped-U_PROCUREMENT_JustificationBook_Army_PB_2017.xml","b3c74fde820ba871359db2d9522d14158bcc7cc300d55daa3c70268eb1ca04a0","0-45e75d160623f6d86c670187eb320938a56c40aaa9eefc02fba11b68fb9eee7f","Various","","3-54e2afce082234187410f222a775a310220437d8976692ad94862c1f2a8b251e","root.record.ItemExhibitList.P5Item.P10AdvanceProcurement.APCostElementCategoryList.Other.APCostElement"
"2017","See End Item P-5A","2017-05","2018-12","595","2.583","","","","","2017-BASE_PROCUREMENT-2017-ARMY_MISSLE-U_PROCUREMENT_JustificationBook_Army_PB_2017.zzz_unzipped-U_PROCUREMENT_JustificationBook_Army_PB_2017.xml","b3c74fde820ba871359db2d9522d14158bcc7cc300d55daa3c70268eb1ca04a0","1-4d1c7034853a9d78d7b2e309518a2a4a61d0d7624891974b8490e231663c38bb","Various","","3-54e2afce082234187410f222a775a310220437d8976692ad94862c1f2a8b251e","root.record.ItemExhibitList.P5Item.P10AdvanceProcurement.APCostElementCategoryList.Other.APCostElement"
"2015","See End Item P-5A","2014-12","2016-07","0","0.594","","","","","2017-BASE_PROCUREMENT-2017-ARMY_MISSLE-U_PROCUREMENT_JustificationBook_Army_PB_2017.zzz_unzipped-U_PROCUREMENT_JustificationBook_Army_PB_2017.xml","b3c74fde820ba871359db2d9522d14158bcc7cc300d55daa3c70268eb1ca04a0","0-08494d91a482203ec637532a997b4d151f6cbdc7c6e582172d7552b3d67c0fef","Various","","4-4a7f5301c3aca2d78a9bce523f04dc01e6c29432d2c8851967e3cc877e6df84e","root.record.ItemExhibitList.P5Item.P10AdvanceProcurement.APCostElementCategoryList.Other.APCostElement"
"2017","See End Item P-5A","2017-05","2018-12","588","0.594","","","","","2017-BASE_PROCUREMENT-2017-ARMY_MISSLE-U_PROCUREMENT_JustificationBook_Army_PB_2017.zzz_unzipped-U_PROCUREMENT_JustificationBook_Army_PB_2017.xml","b3c74fde820ba871359db2d9522d14158bcc7cc300d55daa3c70268eb1ca04a0","1-9038cb2a404a4735b295ae4549265152b6be083852b44dcf06839d76969b4e45","Various","","4-4a7f5301c3aca2d78a9bce523f04dc01e6c29432d2c8851967e3cc877e6df84e","root.record.ItemExhibitList.P5Item.P10AdvanceProcurement.APCostElementCategoryList.Other.APCostElement"
"2015","See End Item P-5A","2014-12","2016-07","9","14.244","","","","","2017-BASE_PROCUREMENT-2017-ARMY_MISSLE-U_PROCUREMENT_JustificationBook_Army_PB_2017.zzz_unzipped-U_PROCUREMENT_JustificationBook_Army_PB_2017.xml","b3c74fde820ba871359db2d9522d14158bcc7cc300d55daa3c70268eb1ca04a0","0-9d3f03fbbaac801bfb91a3577ee817022e646d96132b415b77f89d1dfe52cc01","Various","","5-7190518b247be2af1825a5b22bb7df5b38aa2f3ec399111f138161cd80281b9b","root.record.ItemExhibitList.P5Item.P10AdvanceProcurement.APCostElementCategoryList.Other.APCostElement"
"2017","See End Item P-5A","2017-05","2018-12","595","14.244","","","","","2017-BASE_PROCUREMENT-2017-ARMY_MISSLE-U_PROCUREMENT_JustificationBook_Army_PB_2017.zzz_unzipped-U_PROCUREMENT_JustificationBook_Army_PB_2017.xml","b3c74fde820ba871359db2d9522d14158bcc7cc300d55daa3c70268eb1ca04a0","1-5bef9c64b4f9dab4a1881ad55d13930cce568475c7c4e880475c47e5ba6f2b2b","Various","","5-7190518b247be2af1825a5b22bb7df5b38aa2f3ec399111f138161cd80281b9b","root.record.ItemExhibitList.P5Item.P10AdvanceProcurement.APCostElementCategoryList.Other.APCostElement"
"2015","See End Item P-5A","2014-12","2016-07","1","1.529","","","","","2017-BASE_PROCUREMENT-2017-ARMY_MISSLE-U_PROCUREMENT_JustificationBook_Army_PB_2017.zzz_unzipped-U_PROCUREMENT_JustificationBook_Army_PB_2017.xml","b3c74fde820ba871359db2d9522d14158bcc7cc300d55daa3c70268eb1ca04a0","0-acc0669ff5361b5f2db8700db9f48d4ab0975a04e8a43e511516e83bc5bb4af2","Various","","6-cddbba03c3c5d7a201859ea3abf79b2e4ff4011cb2c08b9848747fef646fb5f1","root.record.ItemExhibitList.P5Item.P10AdvanceProcurement.APCostElementCategoryList.Other.APCostElement"
"2017","See End Item P-5A","2017-05","2018-12","595","1.529","","","","","2017-BASE_PROCUREMENT-2017-ARMY_MISSLE-U_PROCUREMENT_JustificationBook_Army_PB_2017.zzz_unzipped-U_PROCUREMENT_JustificationBook_Army_PB_2017.xml","b3c74fde820ba871359db2d9522d14158bcc7cc300d55daa3c70268eb1ca04a0","1-dd281c987a43c51795905b11ed719d7836fdd4459922504d8162bd649b74e58d","Various","","6-cddbba03c3c5d7a201859ea3abf79b2e4ff4011cb2c08b9848747fef646fb5f1","root.record.ItemExhibitList.P5Item.P10AdvanceProcurement.APCostElementCategoryList.Other.APCostElement"
"2015","See End Item P-5A","2014-12","2016-07","1","0.908","","","","","2017-BASE_PROCUREMENT-2017-ARMY_MISSLE-U_PROCUREMENT_JustificationBook_Army_PB_2017.zzz_unzipped-U_PROCUREMENT_JustificationBook_Army_PB_2017.xml","b3c74fde820ba871359db2d9522d14158bcc7cc300d55daa3c70268eb1ca04a0","0-6f399e9d7d35808433cb86e66d586740f7192e24e9c6f5de496603fa172204fa","Various","","7-4897534b9bf1200e84e889fb0f73815ad32f3e2b649044d1c8116ae2184ea318","root.record.ItemExhibitList.P5Item.P10AdvanceProcurement.APCostElementCategoryList.Other.APCostElement"
"2017","See End Item P-5A","2017-05","2018-12","595","0.908","","","","","2017-BASE_PROCUREMENT-2017-ARMY_MISSLE-U_PROCUREMENT_JustificationBook_Army_PB_2017.zzz_unzipped-U_PROCUREMENT_JustificationBook_Army_PB_2017.xml","b3c74fde820ba871359db2d9522d14158bcc7cc300d55daa3c70268eb1ca04a0","1-5ded795702b158947de2a8e77bf754b7ef7b1afdea86c93122cb1c1e05588122","Various","","7-4897534b9bf1200e84e889fb0f73815ad32f3e2b649044d1c8116ae2184ea318","root.record.ItemExhibitList.P5Item.P10AdvanceProcurement.APCostElementCategoryList.Other.APCostElement"
"2018","LAAFB, CA","2018-08","2025-04","1","132.420","true","","","","2018-BASE_PROCUREMENT-2018-AIRFORCE_SPACE-U_PROCUREMENT_JustificationBook_Air_Force_PB_2018.zzz_unzipped-U_PROCUREMENT_JustificationBook_Air_Force_PB_2018.xml","349c370ac6bc97a5ad160143ded991d0d22dea7de2bf966fd5e97c39409da319","0-16bdf245f4f48381e4566d46f4133db5d31474077396f6d1853f25b59343e6a2","TBD","2017-04","0-b87767fbb51b6b5ea45b493e2fae4a37a61df9378bfa0ea7f54112525058523d","root.record.ItemExhibitList.P5Item.P10AdvanceProcurement.APCostElementCategoryList.Other.APCostElement"
"2018","LAAFB, CA","2018-08","2025-04","1","132.420","true","","","","2018-BASE_PROCUREMENT-2018-AIRFORCE_SPACE-U_PROCUREMENT_MasterJustificationBook_Air_Force_PB_2018.zzz_unzipped-U_PROCUREMENT_MasterJustificationBook_Air_Force_PB_2018.xml","5a6e56aaee2cd93fc0c6924a649668af9970661371ccd8532aa15662b3047718","0-c2d39aedbff6fa5d2bbd407c13110e60aac368c53fbcfaf1c5363b9f8bbfd029","TBD","2017-04","0-eb1befb67db897d132cd86473f6e27721a14626c96b04565db20d0a6a32b64de","root.record.ItemExhibitList.P5Item.P10AdvanceProcurement.APCostElementCategoryList.Other.APCostElement"
