[
    {
        "Name_val": "Air Force Active",
        "Cost_Quantity_BudgetYearOneBase_val": "7",
        "Cost_Quantity_BudgetYearOne_val": "7",
        "Cost_Quantity_BudgetYearThree_val": "",
        "Cost_Quantity_BudgetYearTwo_val": "",
        "Cost_Quantity_BudgetYearFour_val": "",
        "Cost_TotalCost_BudgetYearOneBase_val": "4.401",
        "Cost_TotalCost_BudgetYearOne_val": "4.401",
        "Cost_TotalCost_BudgetYearThree_val": "",
        "Cost_TotalCost_BudgetYearTwo_val": "",
        "Cost_TotalCost_BudgetYearFour_val": "",
        "@SOURCE_FILENAME": "2015-BASE_PROCUREMENT-2015-AIRFORCE_AIRCRAFT_VOL2-PROCUREMENT_JustificationBook_Air_Force_PB_2015.zzz_unzipped-PROCUREMENT_JustificationBook_Air_Force_PB_2015.xml",
        "@RECORDID": "b8767409fbe18f979daf324b822c3fc717f2bfd9a9a8e2c0e9528e4bdde4d803",
        "@ROWID": "0-984ae99ab839543beb36176fe3dbd3ecc117388b0f0fd37c892acd73dd4ec989",
        "@PARENTROWID": "0-3a454420978d70f2f3ba7df38be2cc567aa9042e2109d3964de8ece31af966ad",
        "@PARENT": "root.record.ItemExhibitList.P3AModificationItemGroup.ModificationItemList.ModificationItem.Installation.ImplementationMethodList.ImplementationMethod"
    },
    {
        "Name_val": "Air Force Active",
        "Cost_Quantity_BudgetYearOneBase_val": "",
        "Cost_Quantity_BudgetYearOne_val": "",
        "Cost_Quantity_BudgetYearThree_val": "1",
        "Cost_Quantity_BudgetYearTwo_val": "",
        "Cost_Quantity_BudgetYearFour_val": "",
        "Cost_TotalCost_BudgetYearOneBase_val": "",
        "Cost_TotalCost_BudgetYearOne_val": "",
        "Cost_TotalCost_BudgetYearThree_val": "0.213",
        "Cost_TotalCost_BudgetYearTwo_val": "",
        "Cost_TotalCost_BudgetYearFour_val": "",
        "@SOURCE_FILENAME": "2015-BASE_PROCUREMENT-2015-AIRFORCE_AIRCRAFT_VOL2-PROCUREMENT_JustificationBook_Air_Force_PB_2015.zzz_unzipped-PROCUREMENT_JustificationBook_Air_Force_PB_2015.xml",
        "@RECORDID": "2c3a42ac96c574f3a05d311e38d1fd39e76b2eaa077eed338c2b56579168a566",
        "@ROWID": "0-82e54e974a3f3552329775f38fda55bfa5040069f1a576589a9e8abb459b799b",
        "@PARENTROWID": "0-ed48b1ca9dbaaa69474ba25179957acd7a1029b7c1f5794616a61e3b7129223f",
        "@PARENT": "root.record.ItemExhibitList.P3AModificationItemGroup.ModificationItemList.ModificationItem.Installation.ImplementationMethodList.ImplementationMethod"
    },
    {
        "Name_val": "Air National Guard",
        "Cost_Quantity_BudgetYearOneBase_val": "",
        "Cost_Quantity_BudgetYearOne_val": "",
        "Cost_Quantity_BudgetYearThree_val": "13",
        "Cost_Quantity_BudgetYearTwo_val": "",
        "Cost_Quantity_BudgetYearFour_val": "",
        "Cost_TotalCost_BudgetYearOneBase_val": "",
        "Cost_TotalCost_BudgetYearOne_val": "",
        "Cost_TotalCost_BudgetYearThree_val": "2.767",
        "Cost_TotalCost_BudgetYearTwo_val": "",
        "Cost_TotalCost_BudgetYearFour_val": "",
        "@SOURCE_FILENAME": "2015-BASE_PROCUREMENT-2015-AIRFORCE_AIRCRAFT_VOL2-PROCUREMENT_JustificationBook_Air_Force_PB_2015.zzz_unzipped-PROCUREMENT_JustificationBook_Air_Force_PB_2015.xml",
        "@RECORDID": "2c3a42ac96c574f3a05d311e38d1fd39e76b2eaa077eed338c2b56579168a566",
        "@ROWID": "1-de14f934295641dc1a1157ed2cb859b4d7ad41216bb86b678094e9ea39d6cd26",
        "@PARENTROWID": "0-ed48b1ca9dbaaa69474ba25179957acd7a1029b7c1f5794616a61e3b7129223f",
        "@PARENT": "root.record.ItemExhibitList.P3AModificationItemGroup.ModificationItemList.ModificationItem.Installation.ImplementationMethodList.ImplementationMethod"
    },
    {
        "Name_val": "Air Force Reserve",
        "Cost_Quantity_BudgetYearOneBase_val": "",
        "Cost_Quantity_BudgetYearOne_val": "",
        "Cost_Quantity_BudgetYearThree_val": "3",
        "Cost_Quantity_BudgetYearTwo_val": "",
        "Cost_Quantity_BudgetYearFour_val": "",
        "Cost_TotalCost_BudgetYearOneBase_val": "",
        "Cost_TotalCost_BudgetYearOne_val": "",
        "Cost_TotalCost_BudgetYearThree_val": "0.638",
        "Cost_TotalCost_BudgetYearTwo_val": "",
        "Cost_TotalCost_BudgetYearFour_val": "",
        "@SOURCE_FILENAME": "2015-BASE_PROCUREMENT-2015-AIRFORCE_AIRCRAFT_VOL2-PROCUREMENT_JustificationBook_Air_Force_PB_2015.zzz_unzipped-PROCUREMENT_JustificationBook_Air_Force_PB_2015.xml",
        "@RECORDID": "2c3a42ac96c574f3a05d311e38d1fd39e76b2eaa077eed338c2b56579168a566",
        "@ROWID": "2-4934092b111a3439deb028ca8b354c4b046622e1ef08ddee5e3e34b6cd92b66f",
        "@PARENTROWID": "0-ed48b1ca9dbaaa69474ba25179957acd7a1029b7c1f5794616a61e3b7129223f",
        "@PARENT": "root.record.ItemExhibitList.P3AModificationItemGroup.ModificationItemList.ModificationItem.Installation.ImplementationMethodList.ImplementationMethod"
    },
    {
        "Name_val": "Air Force Active",
        "Cost_Quantity_BudgetYearOneBase_val": "",
        "Cost_Quantity_BudgetYearOne_val": "",
        "Cost_Quantity_BudgetYearThree_val": "",
        "Cost_Quantity_BudgetYearTwo_val": "33",
        "Cost_Quantity_BudgetYearFour_val": "",
        "Cost_TotalCost_BudgetYearOneBase_val": "",
        "Cost_TotalCost_BudgetYearOne_val": "",
        "Cost_TotalCost_BudgetYearThree_val": "",
        "Cost_TotalCost_BudgetYearTwo_val": "3.04",
        "Cost_TotalCost_BudgetYearFour_val": "",
        "@SOURCE_FILENAME": "2015-BASE_PROCUREMENT-2015-AIRFORCE_AIRCRAFT_VOL2-PROCUREMENT_JustificationBook_Air_Force_PB_2015.zzz_unzipped-PROCUREMENT_JustificationBook_Air_Force_PB_2015.xml",
        "@RECORDID": "2c3a42ac96c574f3a05d311e38d1fd39e76b2eaa077eed338c2b56579168a566",
        "@ROWID": "0-737819e76aef528cad8f10878c4e43b70d96b5720e0b316ba1fadd180a2f032e",
        "@PARENTROWID": "0-1c136f8b4edf49664b9350ec2cb2bb8d9c6863df503c718df02355738a5b129c",
        "@PARENT": "root.record.ItemExhibitList.P3AModificationItemGroup.ModificationItemList.ModificationItem.Installation.ImplementationMethodList.ImplementationMethod"
    },
    {
        "Name_val": "Air Force Active",
        "Cost_Quantity_BudgetYearOneBase_val": "",
        "Cost_Quantity_BudgetYearOne_val": "",
        "Cost_Quantity_BudgetYearThree_val": "",
        "Cost_Quantity_BudgetYearTwo_val": "2",
        "Cost_Quantity_BudgetYearFour_val": "",
        "Cost_TotalCost_BudgetYearOneBase_val": "",
        "Cost_TotalCost_BudgetYearOne_val": "",
        "Cost_TotalCost_BudgetYearThree_val": "",
        "Cost_TotalCost_BudgetYearTwo_val": "3.47",
        "Cost_TotalCost_BudgetYearFour_val": "",
        "@SOURCE_FILENAME": "2015-BASE_PROCUREMENT-2015-AIRFORCE_AIRCRAFT_VOL2-PROCUREMENT_JustificationBook_Air_Force_PB_2015.zzz_unzipped-PROCUREMENT_JustificationBook_Air_Force_PB_2015.xml",
        "@RECORDID": "2c3a42ac96c574f3a05d311e38d1fd39e76b2eaa077eed338c2b56579168a566",
        "@ROWID": "0-5a0a8236774a483978e8dd86df6ce990d7b85b011a23de8404e5d229daac4fa8",
        "@PARENTROWID": "0-c69b6624e4345a814effb816e8505b53298b0b75b77552461ad440651882de01",
        "@PARENT": "root.record.ItemExhibitList.P3AModificationItemGroup.ModificationItemList.ModificationItem.Installation.ImplementationMethodList.ImplementationMethod"
    },
    {
        "Name_val": "Air Force Active",
        "Cost_Quantity_BudgetYearOneBase_val": "",
        "Cost_Quantity_BudgetYearOne_val": "",
        "Cost_Quantity_BudgetYearThree_val": "3",
        "Cost_Quantity_BudgetYearTwo_val": "",
        "Cost_Quantity_BudgetYearFour_val": "",
        "Cost_TotalCost_BudgetYearOneBase_val": "",
        "Cost_TotalCost_BudgetYearOne_val": "",
        "Cost_TotalCost_BudgetYearThree_val": "10.003",
        "Cost_TotalCost_BudgetYearTwo_val": "",
        "Cost_TotalCost_BudgetYearFour_val": "",
        "@SOURCE_FILENAME": "2015-BASE_PROCUREMENT-2015-AIRFORCE_AIRCRAFT_VOL2-PROCUREMENT_JustificationBook_Air_Force_PB_2015.zzz_unzipped-PROCUREMENT_JustificationBook_Air_Force_PB_2015.xml",
        "@RECORDID": "2c3a42ac96c574f3a05d311e38d1fd39e76b2eaa077eed338c2b56579168a566",
        "@ROWID": "0-537af30dc48a863dcbfdc24e66e55bc3b889616c5aaebda9c73d31b8e90e769f",
        "@PARENTROWID": "0-37404011141377ac372b8789d18aff27351b08f28e4bf019a4d0ded40099f9fa",
        "@PARENT": "root.record.ItemExhibitList.P3AModificationItemGroup.ModificationItemList.ModificationItem.Installation.ImplementationMethodList.ImplementationMethod"
    },
    {
        "Name_val": "Air Force Active",
        "Cost_Quantity_BudgetYearOneBase_val": "",
        "Cost_Quantity_BudgetYearOne_val": "",
        "Cost_Quantity_BudgetYearThree_val": "",
        "Cost_Quantity_BudgetYearTwo_val": "54",
        "Cost_Quantity_BudgetYearFour_val": "",
        "Cost_TotalCost_BudgetYearOneBase_val": "",
        "Cost_TotalCost_BudgetYearOne_val": "",
        "Cost_TotalCost_BudgetYearThree_val": "",
        "Cost_TotalCost_BudgetYearTwo_val": "0.801",
        "Cost_TotalCost_BudgetYearFour_val": "",
        "@SOURCE_FILENAME": "2015-BASE_PROCUREMENT-2015-AIRFORCE_AIRCRAFT_VOL2-PROCUREMENT_JustificationBook_Air_Force_PB_2015.zzz_unzipped-PROCUREMENT_JustificationBook_Air_Force_PB_2015.xml",
        "@RECORDID": "2c3a42ac96c574f3a05d311e38d1fd39e76b2eaa077eed338c2b56579168a566",
        "@ROWID": "0-683ae9e6fa84e2585a5ee459603c79ae7ec6eaf9189eaad3e83cbbc18b8b8204",
        "@PARENTROWID": "0-a1f878de121930277334e878cb7ca42cb9efbc98096b0106b9472833727fc5c9",
        "@PARENT": "root.record.ItemExhibitList.P3AModificationItemGroup.ModificationItemList.ModificationItem.Installation.ImplementationMethodList.ImplementationMethod"
    },
    {
        "Name_val": "Air Force Active",
        "Cost_Quantity_BudgetYearOneBase_val": "6",
        "Cost_Quantity_BudgetYearOne_val": "6",
        "Cost_Quantity_BudgetYearThree_val": "",
        "Cost_Quantity_BudgetYearTwo_val": "",
        "Cost_Quantity_BudgetYearFour_val": "",
        "Cost_TotalCost_BudgetYearOneBase_val": "1.961",
        "Cost_TotalCost_BudgetYearOne_val": "1.961",
        "Cost_TotalCost_BudgetYearThree_val": "",
        "Cost_TotalCost_BudgetYearTwo_val": "",
        "Cost_TotalCost_BudgetYearFour_val": "",
        "@SOURCE_FILENAME": "2015-BASE_PROCUREMENT-2015-AIRFORCE_AIRCRAFT_VOL2-PROCUREMENT_JustificationBook_Air_Force_PB_2015.zzz_unzipped-PROCUREMENT_JustificationBook_Air_Force_PB_2015.xml",
        "@RECORDID": "c18079498214be7c8507bd7289056635ea6ba000e7bb766e68a998d56e53f49a",
        "@ROWID": "0-9a4d07373c2102fb609c85841d44f4e2ba32b7e157449cc5aa6549aa957bfa55",
        "@PARENTROWID": "0-28491df678ee84bb5d78bd0e8f8e0472e4b9154d843f5c39c7a9faa67ec7db4e",
        "@PARENT": "root.record.ItemExhibitList.P3AModificationItemGroup.ModificationItemList.ModificationItem.Installation.ImplementationMethodList.ImplementationMethod"
    },
    {
        "Name_val": "Air Force Active",
        "Cost_Quantity_BudgetYearOneBase_val": "248",
        "Cost_Quantity_BudgetYearOne_val": "248",
        "Cost_Quantity_BudgetYearThree_val": "",
        "Cost_Quantity_BudgetYearTwo_val": "",
        "Cost_Quantity_BudgetYearFour_val": "",
        "Cost_TotalCost_BudgetYearOneBase_val": "16.145",
        "Cost_TotalCost_BudgetYearOne_val": "16.145",
        "Cost_TotalCost_BudgetYearThree_val": "",
        "Cost_TotalCost_BudgetYearTwo_val": "",
        "Cost_TotalCost_BudgetYearFour_val": "",
        "@SOURCE_FILENAME": "2015-BASE_PROCUREMENT-2015-AIRFORCE_AIRCRAFT_VOL2-PROCUREMENT_JustificationBook_Air_Force_PB_2015.zzz_unzipped-PROCUREMENT_JustificationBook_Air_Force_PB_2015.xml",
        "@RECORDID": "a8005ce497b4d26a96a0a73b3a202cd9ad0d2cb8833efae151bef5451667fd9e",
        "@ROWID": "0-710b3340713285ea1ff649397be54e192e495ae53dd450a7d85c0ddf4a3c3047",
        "@PARENTROWID": "0-e001c6577caf85498f74dc3a3a530cac7ef4eae6df9c9d310adc006212eb8fe1",
        "@PARENT": "root.record.ItemExhibitList.P3AModificationItemGroup.ModificationItemList.ModificationItem.Installation.ImplementationMethodList.ImplementationMethod"
    },
    {
        "Name_val": "Air Force Active",
        "Cost_Quantity_BudgetYearOneBase_val": "993",
        "Cost_Quantity_BudgetYearOne_val": "993",
        "Cost_Quantity_BudgetYearThree_val": "",
        "Cost_Quantity_BudgetYearTwo_val": "",
        "Cost_Quantity_BudgetYearFour_val": "",
        "Cost_TotalCost_BudgetYearOneBase_val": "34.608",
        "Cost_TotalCost_BudgetYearOne_val": "34.608",
        "Cost_TotalCost_BudgetYearThree_val": "",
        "Cost_TotalCost_BudgetYearTwo_val": "",
        "Cost_TotalCost_BudgetYearFour_val": "",
        "@SOURCE_FILENAME": "2015-BASE_PROCUREMENT-2015-AIRFORCE_AIRCRAFT_VOL2-PROCUREMENT_JustificationBook_Air_Force_PB_2015.zzz_unzipped-PROCUREMENT_JustificationBook_Air_Force_PB_2015.xml",
        "@RECORDID": "a8005ce497b4d26a96a0a73b3a202cd9ad0d2cb8833efae151bef5451667fd9e",
        "@ROWID": "0-b2949361cf2385e8ceb75fed9bf74d50dd484653d520effb9aac4dc79bb81607",
        "@PARENTROWID": "1-8946205e80fbd6dfb7966948588fe7807e1cfd7a3d35f597449e66b5f0707368",
        "@PARENT": "root.record.ItemExhibitList.P3AModificationItemGroup.ModificationItemList.ModificationItem.Installation.ImplementationMethodList.ImplementationMethod"
    },
    {
        "Name_val": "Air National Guard",
        "Cost_Quantity_BudgetYearOneBase_val": "197",
        "Cost_Quantity_BudgetYearOne_val": "197",
        "Cost_Quantity_BudgetYearThree_val": "",
        "Cost_Quantity_BudgetYearTwo_val": "",
        "Cost_Quantity_BudgetYearFour_val": "",
        "Cost_TotalCost_BudgetYearOneBase_val": "5.028",
        "Cost_TotalCost_BudgetYearOne_val": "5.028",
        "Cost_TotalCost_BudgetYearThree_val": "",
        "Cost_TotalCost_BudgetYearTwo_val": "",
        "Cost_TotalCost_BudgetYearFour_val": "",
        "@SOURCE_FILENAME": "2015-BASE_PROCUREMENT-2015-AIRFORCE_AIRCRAFT_VOL2-PROCUREMENT_JustificationBook_Air_Force_PB_2015.zzz_unzipped-PROCUREMENT_JustificationBook_Air_Force_PB_2015.xml",
        "@RECORDID": "a8005ce497b4d26a96a0a73b3a202cd9ad0d2cb8833efae151bef5451667fd9e",
        "@ROWID": "1-45bb645381140202a71231f69b9723bf268cb3ff31a47b1d16b87ed2abf3c35c",
        "@PARENTROWID": "1-8946205e80fbd6dfb7966948588fe7807e1cfd7a3d35f597449e66b5f0707368",
        "@PARENT": "root.record.ItemExhibitList.P3AModificationItemGroup.ModificationItemList.ModificationItem.Installation.ImplementationMethodList.ImplementationMethod"
    },
    {
        "Name_val": "Air Force Active",
        "Cost_Quantity_BudgetYearOneBase_val": "",
        "Cost_Quantity_BudgetYearOne_val": "",
        "Cost_Quantity_BudgetYearThree_val": "",
        "Cost_Quantity_BudgetYearTwo_val": "275",
        "Cost_Quantity_BudgetYearFour_val": "",
        "Cost_TotalCost_BudgetYearOneBase_val": "",
        "Cost_TotalCost_BudgetYearOne_val": "",
        "Cost_TotalCost_BudgetYearThree_val": "",
        "Cost_TotalCost_BudgetYearTwo_val": "0.318",
        "Cost_TotalCost_BudgetYearFour_val": "",
        "@SOURCE_FILENAME": "2015-BASE_PROCUREMENT-2015-AIRFORCE_AIRCRAFT_VOL2-PROCUREMENT_JustificationBook_Air_Force_PB_2015.zzz_unzipped-PROCUREMENT_JustificationBook_Air_Force_PB_2015.xml",
        "@RECORDID": "a8005ce497b4d26a96a0a73b3a202cd9ad0d2cb8833efae151bef5451667fd9e",
        "@ROWID": "0-51ae1709999f00236090ccfaccaac66f70509787fb855e8fada62e6e0c35dc05",
        "@PARENTROWID": "0-e9e8e1be547c9945b926fe554f085be9b141cf2ff1d4bd6c0412d665471ef9df",
        "@PARENT": "root.record.ItemExhibitList.P3AModificationItemGroup.ModificationItemList.ModificationItem.Installation.ImplementationMethodList.ImplementationMethod"
    },
    {
        "Name_val": "Air Force Active",
        "Cost_Quantity_BudgetYearOneBase_val": "",
        "Cost_Quantity_BudgetYearOne_val": "",
        "Cost_Quantity_BudgetYearThree_val": "",
        "Cost_Quantity_BudgetYearTwo_val": "1100",
        "Cost_Quantity_BudgetYearFour_val": "",
        "Cost_TotalCost_BudgetYearOneBase_val": "",
        "Cost_TotalCost_BudgetYearOne_val": "",
        "Cost_TotalCost_BudgetYearThree_val": "",
        "Cost_TotalCost_BudgetYearTwo_val": "1.27",
        "Cost_TotalCost_BudgetYearFour_val": "",
        "@SOURCE_FILENAME": "2015-BASE_PROCUREMENT-2015-AIRFORCE_AIRCRAFT_VOL2-PROCUREMENT_JustificationBook_Air_Force_PB_2015.zzz_unzipped-PROCUREMENT_JustificationBook_Air_Force_PB_2015.xml",
        "@RECORDID": "a8005ce497b4d26a96a0a73b3a202cd9ad0d2cb8833efae151bef5451667fd9e",
        "@ROWID": "0-f83727ec23bcf38392d49da6efe0ed82c085ceae9e00f75ff5be53e0d7629d83",
        "@PARENTROWID": "1-3ad8614db51a6313c7172c479eaf8e4d52850cfe00a17a4f43000ccab04ec939",
        "@PARENT": "root.record.ItemExhibitList.P3AModificationItemGroup.ModificationItemList.ModificationItem.Installation.ImplementationMethodList.ImplementationMethod"
    },
    {
        "Name_val": "Air National Guard",
        "Cost_Quantity_BudgetYearOneBase_val": "",
        "Cost_Quantity_BudgetYearOne_val": "",
        "Cost_Quantity_BudgetYearThree_val": "",
        "Cost_Quantity_BudgetYearTwo_val": "149",
        "Cost_Quantity_BudgetYearFour_val": "",
        "Cost_TotalCost_BudgetYearOneBase_val": "",
        "Cost_TotalCost_BudgetYearOne_val": "",
        "Cost_TotalCost_BudgetYearThree_val": "",
        "Cost_TotalCost_BudgetYearTwo_val": "0.173",
        "Cost_TotalCost_BudgetYearFour_val": "",
        "@SOURCE_FILENAME": "2015-BASE_PROCUREMENT-2015-AIRFORCE_AIRCRAFT_VOL2-PROCUREMENT_JustificationBook_Air_Force_PB_2015.zzz_unzipped-PROCUREMENT_JustificationBook_Air_Force_PB_2015.xml",
        "@RECORDID": "a8005ce497b4d26a96a0a73b3a202cd9ad0d2cb8833efae151bef5451667fd9e",
        "@ROWID": "1-758d75540500e190b18791fa9f904819e1abe1d71a05603327d248890b96ebb9",
        "@PARENTROWID": "1-3ad8614db51a6313c7172c479eaf8e4d52850cfe00a17a4f43000ccab04ec939",
        "@PARENT": "root.record.ItemExhibitList.P3AModificationItemGroup.ModificationItemList.ModificationItem.Installation.ImplementationMethodList.ImplementationMethod"
    },
    {
        "Name_val": "Air Force Active",
        "Cost_Quantity_BudgetYearOneBase_val": "",
        "Cost_Quantity_BudgetYearOne_val": "",
        "Cost_Quantity_BudgetYearThree_val": "",
        "Cost_Quantity_BudgetYearTwo_val": "21",
        "Cost_Quantity_BudgetYearFour_val": "",
        "Cost_TotalCost_BudgetYearOneBase_val": "",
        "Cost_TotalCost_BudgetYearOne_val": "",
        "Cost_TotalCost_BudgetYearThree_val": "",
        "Cost_TotalCost_BudgetYearTwo_val": "27.369",
        "Cost_TotalCost_BudgetYearFour_val": "",
        "@SOURCE_FILENAME": "2015-BASE_PROCUREMENT-2015-AIRFORCE_AIRCRAFT_VOL2-PROCUREMENT_JustificationBook_Air_Force_PB_2015.zzz_unzipped-PROCUREMENT_JustificationBook_Air_Force_PB_2015.xml",
        "@RECORDID": "a8005ce497b4d26a96a0a73b3a202cd9ad0d2cb8833efae151bef5451667fd9e",
        "@ROWID": "0-52211b120cb2d651f313d0c48fcbdd7457ab21a89aac41d7ecd90669dda8f985",
        "@PARENTROWID": "0-fb9d6a56ad6b7c82aaf99726f76659128a8f05d60f1a774a4f0b703c36af81c4",
        "@PARENT": "root.record.ItemExhibitList.P3AModificationItemGroup.ModificationItemList.ModificationItem.Installation.ImplementationMethodList.ImplementationMethod"
    },
    {
        "Name_val": "Air Force Active",
        "Cost_Quantity_BudgetYearOneBase_val": "7",
        "Cost_Quantity_BudgetYearOne_val": "7",
        "Cost_Quantity_BudgetYearThree_val": "",
        "Cost_Quantity_BudgetYearTwo_val": "",
        "Cost_Quantity_BudgetYearFour_val": "",
        "Cost_TotalCost_BudgetYearOneBase_val": "4.401",
        "Cost_TotalCost_BudgetYearOne_val": "4.401",
        "Cost_TotalCost_BudgetYearThree_val": "",
        "Cost_TotalCost_BudgetYearTwo_val": "",
        "Cost_TotalCost_BudgetYearFour_val": "",
        "@SOURCE_FILENAME": "2015-BASE_PROCUREMENT-2015-AIRFORCE_AIRCRAFT_VOL2-PROCUREMENT_MasterJustificationBook_Air_Force_PB_2015.zzz_unzipped-PROCUREMENT_MasterJustificationBook_Air_Force_PB_2015.xml",
        "@RECORDID": "25442f0fc741be383c8f1f024b4ed975774a4a3437a381bef47bf09fa44b0a02",
        "@ROWID": "0-4670adc07da07c296bc4e9534e8a161bd33f7ac33ec58ed0452e78920cff1810",
        "@PARENTROWID": "0-5b162a81dbdce55b268ca1010b394a135ed4b97247768766eb3c2ce7611d8802",
        "@PARENT": "root.record.ItemExhibitList.P3AModificationItemGroup.ModificationItemList.ModificationItem.Installation.ImplementationMethodList.ImplementationMethod"
    },
    {
        "Name_val": "Air Force Active",
        "Cost_Quantity_BudgetYearOneBase_val": "",
        "Cost_Quantity_BudgetYearOne_val": "",
        "Cost_Quantity_BudgetYearThree_val": "1",
        "Cost_Quantity_BudgetYearTwo_val": "",
        "Cost_Quantity_BudgetYearFour_val": "",
        "Cost_TotalCost_BudgetYearOneBase_val": "",
        "Cost_TotalCost_BudgetYearOne_val": "",
        "Cost_TotalCost_BudgetYearThree_val": "0.213",
        "Cost_TotalCost_BudgetYearTwo_val": "",
        "Cost_TotalCost_BudgetYearFour_val": "",
        "@SOURCE_FILENAME": "2015-BASE_PROCUREMENT-2015-AIRFORCE_AIRCRAFT_VOL2-PROCUREMENT_MasterJustificationBook_Air_Force_PB_2015.zzz_unzipped-PROCUREMENT_MasterJustificationBook_Air_Force_PB_2015.xml",
        "@RECORDID": "e0b4c68aca5bcb28bf2a8d6314af11bf878587e1d5636a46ade0d81891a819a1",
        "@ROWID": "0-4d3bc6f5dae378e91825b09a868136500dfc82f918a75fd9012fe433a74a36ab",
        "@PARENTROWID": "0-775ed7313cb0c37969e236a63a22489afbe83a23f1641aa077e3dc3a604d2563",
        "@PARENT": "root.record.ItemExhibitList.P3AModificationItemGroup.ModificationItemList.ModificationItem.Installation.ImplementationMethodList.ImplementationMethod"
    },
    {
        "Name_val": "Air National Guard",
        "Cost_Quantity_BudgetYearOneBase_val": "",
        "Cost_Quantity_BudgetYearOne_val": "",
        "Cost_Quantity_BudgetYearThree_val": "13",
        "Cost_Quantity_BudgetYearTwo_val": "",
        "Cost_Quantity_BudgetYearFour_val": "",
        "Cost_TotalCost_BudgetYearOneBase_val": "",
        "Cost_TotalCost_BudgetYearOne_val": "",
        "Cost_TotalCost_BudgetYearThree_val": "2.767",
        "Cost_TotalCost_BudgetYearTwo_val": "",
        "Cost_TotalCost_BudgetYearFour_val": "",
        "@SOURCE_FILENAME": "2015-BASE_PROCUREMENT-2015-AIRFORCE_AIRCRAFT_VOL2-PROCUREMENT_MasterJustificationBook_Air_Force_PB_2015.zzz_unzipped-PROCUREMENT_MasterJustificationBook_Air_Force_PB_2015.xml",
        "@RECORDID": "e0b4c68aca5bcb28bf2a8d6314af11bf878587e1d5636a46ade0d81891a819a1",
        "@ROWID": "1-a5da29dc12dcd23090552afb2b3fb6261cc6170e88e3e94ed874a8d9f3f870a1",
        "@PARENTROWID": "0-775ed7313cb0c37969e236a63a22489afbe83a23f1641aa077e3dc3a604d2563",
        "@PARENT": "root.record.ItemExhibitList.P3AModificationItemGroup.ModificationItemList.ModificationItem.Installation.ImplementationMethodList.ImplementationMethod"
    },
    {
        "Name_val": "Air Force Reserve",
        "Cost_Quantity_BudgetYearOneBase_val": "",
        "Cost_Quantity_BudgetYearOne_val": "",
        "Cost_Quantity_BudgetYearThree_val": "3",
        "Cost_Quantity_BudgetYearTwo_val": "",
        "Cost_Quantity_BudgetYearFour_val": "",
        "Cost_TotalCost_BudgetYearOneBase_val": "",
        "Cost_TotalCost_BudgetYearOne_val": "",
        "Cost_TotalCost_BudgetYearThree_val": "0.638",
        "Cost_TotalCost_BudgetYearTwo_val": "",
        "Cost_TotalCost_BudgetYearFour_val": "",
        "@SOURCE_FILENAME": "2015-BASE_PROCUREMENT-2015-AIRFORCE_AIRCRAFT_VOL2-PROCUREMENT_MasterJustificationBook_Air_Force_PB_2015.zzz_unzipped-PROCUREMENT_MasterJustificationBook_Air_Force_PB_2015.xml",
        "@RECORDID": "e0b4c68aca5bcb28bf2a8d6314af11bf878587e1d5636a46ade0d81891a819a1",
        "@ROWID": "2-feabc10942473bfa63c9cf38ebfb53db16fb9596861e6437aa946a99db3e09a2",
        "@PARENTROWID": "0-775ed7313cb0c37969e236a63a22489afbe83a23f1641aa077e3dc3a604d2563",
        "@PARENT": "root.record.ItemExhibitList.P3AModificationItemGroup.ModificationItemList.ModificationItem.Installation.ImplementationMethodList.ImplementationMethod"
    },
    {
        "Name_val": "Air Force Active",
        "Cost_Quantity_BudgetYearOneBase_val": "",
        "Cost_Quantity_BudgetYearOne_val": "",
        "Cost_Quantity_BudgetYearThree_val": "",
        "Cost_Quantity_BudgetYearTwo_val": "33",
        "Cost_Quantity_BudgetYearFour_val": "",
        "Cost_TotalCost_BudgetYearOneBase_val": "",
        "Cost_TotalCost_BudgetYearOne_val": "",
        "Cost_TotalCost_BudgetYearThree_val": "",
        "Cost_TotalCost_BudgetYearTwo_val": "3.04",
        "Cost_TotalCost_BudgetYearFour_val": "",
        "@SOURCE_FILENAME": "2015-BASE_PROCUREMENT-2015-AIRFORCE_AIRCRAFT_VOL2-PROCUREMENT_MasterJustificationBook_Air_Force_PB_2015.zzz_unzipped-PROCUREMENT_MasterJustificationBook_Air_Force_PB_2015.xml",
        "@RECORDID": "e0b4c68aca5bcb28bf2a8d6314af11bf878587e1d5636a46ade0d81891a819a1",
        "@ROWID": "0-bdfd941834e8a0f8f02795c5ca5a7fe5729d7d577ac1288bd985a2bd2c037233",
        "@PARENTROWID": "0-95ff6d000ba37a5debf46ab360a139b252fa9247af2d849f705acb46bef7ab4c",
        "@PARENT": "root.record.ItemExhibitList.P3AModificationItemGroup.ModificationItemList.ModificationItem.Installation.ImplementationMethodList.ImplementationMethod"
    },
    {
        "Name_val": "Air Force Active",
        "Cost_Quantity_BudgetYearOneBase_val": "",
        "Cost_Quantity_BudgetYearOne_val": "",
        "Cost_Quantity_BudgetYearThree_val": "",
        "Cost_Quantity_BudgetYearTwo_val": "2",
        "Cost_Quantity_BudgetYearFour_val": "",
        "Cost_TotalCost_BudgetYearOneBase_val": "",
        "Cost_TotalCost_BudgetYearOne_val": "",
        "Cost_TotalCost_BudgetYearThree_val": "",
        "Cost_TotalCost_BudgetYearTwo_val": "3.47",
        "Cost_TotalCost_BudgetYearFour_val": "",
        "@SOURCE_FILENAME": "2015-BASE_PROCUREMENT-2015-AIRFORCE_AIRCRAFT_VOL2-PROCUREMENT_MasterJustificationBook_Air_Force_PB_2015.zzz_unzipped-PROCUREMENT_MasterJustificationBook_Air_Force_PB_2015.xml",
        "@RECORDID": "e0b4c68aca5bcb28bf2a8d6314af11bf878587e1d5636a46ade0d81891a819a1",
        "@ROWID": "0-0c89d0abff5ffe7801735836886a867e5f29e28490089c9b0d6141f654963e1c",
        "@PARENTROWID": "0-185b3f02d74d341af212bca24a25072c767a6ee987762b0fad056f4954819ad6",
        "@PARENT": "root.record.ItemExhibitList.P3AModificationItemGroup.ModificationItemList.ModificationItem.Installation.ImplementationMethodList.ImplementationMethod"
    },
    {
        "Name_val": "Air Force Active",
        "Cost_Quantity_BudgetYearOneBase_val": "",
        "Cost_Quantity_BudgetYearOne_val": "",
        "Cost_Quantity_BudgetYearThree_val": "3",
        "Cost_Quantity_BudgetYearTwo_val": "",
        "Cost_Quantity_BudgetYearFour_val": "",
        "Cost_TotalCost_BudgetYearOneBase_val": "",
        "Cost_TotalCost_BudgetYearOne_val": "",
        "Cost_TotalCost_BudgetYearThree_val": "10.003",
        "Cost_TotalCost_BudgetYearTwo_val": "",
        "Cost_TotalCost_BudgetYearFour_val": "",
        "@SOURCE_FILENAME": "2015-BASE_PROCUREMENT-2015-AIRFORCE_AIRCRAFT_VOL2-PROCUREMENT_MasterJustificationBook_Air_Force_PB_2015.zzz_unzipped-PROCUREMENT_MasterJustificationBook_Air_Force_PB_2015.xml",
        "@RECORDID": "e0b4c68aca5bcb28bf2a8d6314af11bf878587e1d5636a46ade0d81891a819a1",
        "@ROWID": "0-a6e968f9257160dc8a7d3c4040879ca673522ba3253042f79d88dd79f71d413d",
        "@PARENTROWID": "0-9e85bfc034902b13671d8ecabcd71b4254dcef2cd9fc655c35f5615fca89f42b",
        "@PARENT": "root.record.ItemExhibitList.P3AModificationItemGroup.ModificationItemList.ModificationItem.Installation.ImplementationMethodList.ImplementationMethod"
    },
    {
        "Name_val": "Air Force Active",
        "Cost_Quantity_BudgetYearOneBase_val": "",
        "Cost_Quantity_BudgetYearOne_val": "",
        "Cost_Quantity_BudgetYearThree_val": "",
        "Cost_Quantity_BudgetYearTwo_val": "54",
        "Cost_Quantity_BudgetYearFour_val": "",
        "Cost_TotalCost_BudgetYearOneBase_val": "",
        "Cost_TotalCost_BudgetYearOne_val": "",
        "Cost_TotalCost_BudgetYearThree_val": "",
        "Cost_TotalCost_BudgetYearTwo_val": "0.801",
        "Cost_TotalCost_BudgetYearFour_val": "",
        "@SOURCE_FILENAME": "2015-BASE_PROCUREMENT-2015-AIRFORCE_AIRCRAFT_VOL2-PROCUREMENT_MasterJustificationBook_Air_Force_PB_2015.zzz_unzipped-PROCUREMENT_MasterJustificationBook_Air_Force_PB_2015.xml",
        "@RECORDID": "e0b4c68aca5bcb28bf2a8d6314af11bf878587e1d5636a46ade0d81891a819a1",
        "@ROWID": "0-f6bfc221310c807466e88e42df8e52a4175bad113be4c02dbfa4e100a0716d29",
        "@PARENTROWID": "0-19c82a7e5bac22941ca9092bd44b196a457235ccefa2b0b4d3d8f2d75eec7e4b",
        "@PARENT": "root.record.ItemExhibitList.P3AModificationItemGroup.ModificationItemList.ModificationItem.Installation.ImplementationMethodList.ImplementationMethod"
    },
    {
        "Name_val": "Air Force Active",
        "Cost_Quantity_BudgetYearOneBase_val": "6",
        "Cost_Quantity_BudgetYearOne_val": "6",
        "Cost_Quantity_BudgetYearThree_val": "",
        "Cost_Quantity_BudgetYearTwo_val": "",
        "Cost_Quantity_BudgetYearFour_val": "",
        "Cost_TotalCost_BudgetYearOneBase_val": "1.961",
        "Cost_TotalCost_BudgetYearOne_val": "1.961",
        "Cost_TotalCost_BudgetYearThree_val": "",
        "Cost_TotalCost_BudgetYearTwo_val": "",
        "Cost_TotalCost_BudgetYearFour_val": "",
        "@SOURCE_FILENAME": "2015-BASE_PROCUREMENT-2015-AIRFORCE_AIRCRAFT_VOL2-PROCUREMENT_MasterJustificationBook_Air_Force_PB_2015.zzz_unzipped-PROCUREMENT_MasterJustificationBook_Air_Force_PB_2015.xml",
        "@RECORDID": "0b3cc84504de3dcd8d9b0ee78b03c6179e180dce85fc9cbee3b0fc0b68f603c4",
        "@ROWID": "0-ca1df99edd1bb82fd33a6f86b30416e3d33e6e05a179cabbd829af24bcd987e7",
        "@PARENTROWID": "0-988f00778e3ef682c3cdc7aee071c668275a1439db43a7ddf1d4369a11cebaaa",
        "@PARENT": "root.record.ItemExhibitList.P3AModificationItemGroup.ModificationItemList.ModificationItem.Installation.ImplementationMethodList.ImplementationMethod"
    },
    {
        "Name_val": "Air Force Active",
        "Cost_Quantity_BudgetYearOneBase_val": "248",
        "Cost_Quantity_BudgetYearOne_val": "248",
        "Cost_Quantity_BudgetYearThree_val": "",
        "Cost_Quantity_BudgetYearTwo_val": "",
        "Cost_Quantity_BudgetYearFour_val": "",
        "Cost_TotalCost_BudgetYearOneBase_val": "16.145",
        "Cost_TotalCost_BudgetYearOne_val": "16.145",
        "Cost_TotalCost_BudgetYearThree_val": "",
        "Cost_TotalCost_BudgetYearTwo_val": "",
        "Cost_TotalCost_BudgetYearFour_val": "",
        "@SOURCE_FILENAME": "2015-BASE_PROCUREMENT-2015-AIRFORCE_AIRCRAFT_VOL2-PROCUREMENT_MasterJustificationBook_Air_Force_PB_2015.zzz_unzipped-PROCUREMENT_MasterJustificationBook_Air_Force_PB_2015.xml",
        "@RECORDID": "e0999d2b89817dbe0cc954d07a44ef1ad1938f20a6bca9d4306e26527654e26d",
        "@ROWID": "0-133503bce1c245dfd22f6e1c35727e8c9e3cf9d8f6367c2bc2fc3d95788217b1",
        "@PARENTROWID": "0-9b50b012948f55935a8bcb6d8b2462edabeea388ec8b1e1bda6b712bda112a67",
        "@PARENT": "root.record.ItemExhibitList.P3AModificationItemGroup.ModificationItemList.ModificationItem.Installation.ImplementationMethodList.ImplementationMethod"
    },
    {
        "Name_val": "Air Force Active",
        "Cost_Quantity_BudgetYearOneBase_val": "993",
        "Cost_Quantity_BudgetYearOne_val": "993",
        "Cost_Quantity_BudgetYearThree_val": "",
        "Cost_Quantity_BudgetYearTwo_val": "",
        "Cost_Quantity_BudgetYearFour_val": "",
        "Cost_TotalCost_BudgetYearOneBase_val": "34.608",
        "Cost_TotalCost_BudgetYearOne_val": "34.608",
        "Cost_TotalCost_BudgetYearThree_val": "",
        "Cost_TotalCost_BudgetYearTwo_val": "",
        "Cost_TotalCost_BudgetYearFour_val": "",
        "@SOURCE_FILENAME": "2015-BASE_PROCUREMENT-2015-AIRFORCE_AIRCRAFT_VOL2-PROCUREMENT_MasterJustificationBook_Air_Force_PB_2015.zzz_unzipped-PROCUREMENT_MasterJustificationBook_Air_Force_PB_2015.xml",
        "@RECORDID": "e0999d2b89817dbe0cc954d07a44ef1ad1938f20a6bca9d4306e26527654e26d",
        "@ROWID": "0-62bb7f35a6f69e274426cd3b16ea9160c39adbb5cd48117e569271a0dd5b6c74",
        "@PARENTROWID": "1-ba5a781dd725ef3b499cd84c07fbe044bc0dc77f14bad73ba6ae5562184dd111",
        "@PARENT": "root.record.ItemExhibitList.P3AModificationItemGroup.ModificationItemList.ModificationItem.Installation.ImplementationMethodList.ImplementationMethod"
    },
    {
        "Name_val": "Air National Guard",
        "Cost_Quantity_BudgetYearOneBase_val": "197",
        "Cost_Quantity_BudgetYearOne_val": "197",
        "Cost_Quantity_BudgetYearThree_val": "",
        "Cost_Quantity_BudgetYearTwo_val": "",
        "Cost_Quantity_BudgetYearFour_val": "",
        "Cost_TotalCost_BudgetYearOneBase_val": "5.028",
        "Cost_TotalCost_BudgetYearOne_val": "5.028",
        "Cost_TotalCost_BudgetYearThree_val": "",
        "Cost_TotalCost_BudgetYearTwo_val": "",
        "Cost_TotalCost_BudgetYearFour_val": "",
        "@SOURCE_FILENAME": "2015-BASE_PROCUREMENT-2015-AIRFORCE_AIRCRAFT_VOL2-PROCUREMENT_MasterJustificationBook_Air_Force_PB_2015.zzz_unzipped-PROCUREMENT_MasterJustificationBook_Air_Force_PB_2015.xml",
        "@RECORDID": "e0999d2b89817dbe0cc954d07a44ef1ad1938f20a6bca9d4306e26527654e26d",
        "@ROWID": "1-e3d1b0d0e49366ed9f1263f06a1aeed500dd808cecc84816b1408203f3d643ca",
        "@PARENTROWID": "1-ba5a781dd725ef3b499cd84c07fbe044bc0dc77f14bad73ba6ae5562184dd111",
        "@PARENT": "root.record.ItemExhibitList.P3AModificationItemGroup.ModificationItemList.ModificationItem.Installation.ImplementationMethodList.ImplementationMethod"
    },
    {
        "Name_val": "Air Force Active",
        "Cost_Quantity_BudgetYearOneBase_val": "",
        "Cost_Quantity_BudgetYearOne_val": "",
        "Cost_Quantity_BudgetYearThree_val": "",
        "Cost_Quantity_BudgetYearTwo_val": "275",
        "Cost_Quantity_BudgetYearFour_val": "",
        "Cost_TotalCost_BudgetYearOneBase_val": "",
        "Cost_TotalCost_BudgetYearOne_val": "",
        "Cost_TotalCost_BudgetYearThree_val": "",
        "Cost_TotalCost_BudgetYearTwo_val": "0.318",
        "Cost_TotalCost_BudgetYearFour_val": "",
        "@SOURCE_FILENAME": "2015-BASE_PROCUREMENT-2015-AIRFORCE_AIRCRAFT_VOL2-PROCUREMENT_MasterJustificationBook_Air_Force_PB_2015.zzz_unzipped-PROCUREMENT_MasterJustificationBook_Air_Force_PB_2015.xml",
        "@RECORDID": "e0999d2b89817dbe0cc954d07a44ef1ad1938f20a6bca9d4306e26527654e26d",
        "@ROWID": "0-5350b325225eb3fc4f255e10fa1f6e316533ab9639efdadb2c7df4165fb6bc4d",
        "@PARENTROWID": "0-6bf3aac48d487eeb1b369fa7d3cf92875c72645dd26a107628ce7ecb3a12b814",
        "@PARENT": "root.record.ItemExhibitList.P3AModificationItemGroup.ModificationItemList.ModificationItem.Installation.ImplementationMethodList.ImplementationMethod"
    },
    {
        "Name_val": "Air Force Active",
        "Cost_Quantity_BudgetYearOneBase_val": "",
        "Cost_Quantity_BudgetYearOne_val": "",
        "Cost_Quantity_BudgetYearThree_val": "",
        "Cost_Quantity_BudgetYearTwo_val": "1100",
        "Cost_Quantity_BudgetYearFour_val": "",
        "Cost_TotalCost_BudgetYearOneBase_val": "",
        "Cost_TotalCost_BudgetYearOne_val": "",
        "Cost_TotalCost_BudgetYearThree_val": "",
        "Cost_TotalCost_BudgetYearTwo_val": "1.27",
        "Cost_TotalCost_BudgetYearFour_val": "",
        "@SOURCE_FILENAME": "2015-BASE_PROCUREMENT-2015-AIRFORCE_AIRCRAFT_VOL2-PROCUREMENT_MasterJustificationBook_Air_Force_PB_2015.zzz_unzipped-PROCUREMENT_MasterJustificationBook_Air_Force_PB_2015.xml",
        "@RECORDID": "e0999d2b89817dbe0cc954d07a44ef1ad1938f20a6bca9d4306e26527654e26d",
        "@ROWID": "0-3feefcb2194750ec6fc5dfb238c120c4e7a2c56eb6874c269989c792cda7d4a4",
        "@PARENTROWID": "1-68e6c4e3316d66082b07907326f16ac2dc242be677e4ef1f74051359d4d07fee",
        "@PARENT": "root.record.ItemExhibitList.P3AModificationItemGroup.ModificationItemList.ModificationItem.Installation.ImplementationMethodList.ImplementationMethod"
    },
    {
        "Name_val": "Air National Guard",
        "Cost_Quantity_BudgetYearOneBase_val": "",
        "Cost_Quantity_BudgetYearOne_val": "",
        "Cost_Quantity_BudgetYearThree_val": "",
        "Cost_Quantity_BudgetYearTwo_val": "149",
        "Cost_Quantity_BudgetYearFour_val": "",
        "Cost_TotalCost_BudgetYearOneBase_val": "",
        "Cost_TotalCost_BudgetYearOne_val": "",
        "Cost_TotalCost_BudgetYearThree_val": "",
        "Cost_TotalCost_BudgetYearTwo_val": "0.173",
        "Cost_TotalCost_BudgetYearFour_val": "",
        "@SOURCE_FILENAME": "2015-BASE_PROCUREMENT-2015-AIRFORCE_AIRCRAFT_VOL2-PROCUREMENT_MasterJustificationBook_Air_Force_PB_2015.zzz_unzipped-PROCUREMENT_MasterJustificationBook_Air_Force_PB_2015.xml",
        "@RECORDID": "e0999d2b89817dbe0cc954d07a44ef1ad1938f20a6bca9d4306e26527654e26d",
        "@ROWID": "1-40400c7e6cd1931b606b303f6306dae1b2989c1f10ff7722b11278237be58b0d",
        "@PARENTROWID": "1-68e6c4e3316d66082b07907326f16ac2dc242be677e4ef1f74051359d4d07fee",
        "@PARENT": "root.record.ItemExhibitList.P3AModificationItemGroup.ModificationItemList.ModificationItem.Installation.ImplementationMethodList.ImplementationMethod"
    },
    {
        "Name_val": "Air Force Active",
        "Cost_Quantity_BudgetYearOneBase_val": "",
        "Cost_Quantity_BudgetYearOne_val": "",
        "Cost_Quantity_BudgetYearThree_val": "",
        "Cost_Quantity_BudgetYearTwo_val": "21",
        "Cost_Quantity_BudgetYearFour_val": "",
        "Cost_TotalCost_BudgetYearOneBase_val": "",
        "Cost_TotalCost_BudgetYearOne_val": "",
        "Cost_TotalCost_BudgetYearThree_val": "",
        "Cost_TotalCost_BudgetYearTwo_val": "27.369",
        "Cost_TotalCost_BudgetYearFour_val": "",
        "@SOURCE_FILENAME": "2015-BASE_PROCUREMENT-2015-AIRFORCE_AIRCRAFT_VOL2-PROCUREMENT_MasterJustificationBook_Air_Force_PB_2015.zzz_unzipped-PROCUREMENT_MasterJustificationBook_Air_Force_PB_2015.xml",
        "@RECORDID": "e0999d2b89817dbe0cc954d07a44ef1ad1938f20a6bca9d4306e26527654e26d",
        "@ROWID": "0-4871c866c37c8006d21c706712ba48094d6c45d504cbb871e43452878b742279",
        "@PARENTROWID": "0-c7d751639336ca01f70a4ec200716aa4580ab3250a14053a4ac7cf898b30a5f7",
        "@PARENT": "root.record.ItemExhibitList.P3AModificationItemGroup.ModificationItemList.ModificationItem.Installation.ImplementationMethodList.ImplementationMethod"
    },
    {
        "Name_val": "Air Force Active",
        "Cost_Quantity_BudgetYearOneBase_val": "12",
        "Cost_Quantity_BudgetYearOne_val": "12",
        "Cost_Quantity_BudgetYearThree_val": "",
        "Cost_Quantity_BudgetYearTwo_val": "",
        "Cost_Quantity_BudgetYearFour_val": "",
        "Cost_TotalCost_BudgetYearOneBase_val": "0.756",
        "Cost_TotalCost_BudgetYearOne_val": "0.756",
        "Cost_TotalCost_BudgetYearThree_val": "",
        "Cost_TotalCost_BudgetYearTwo_val": "",
        "Cost_TotalCost_BudgetYearFour_val": "",
        "@SOURCE_FILENAME": "2015-BASE_PROCUREMENT-2015-AIRFORCE_OTHER-PROCUREMENT_JustificationBook_Air_Force_PB_2015.zzz_unzipped-PROCUREMENT_JustificationBook_Air_Force_PB_2015.xml",
        "@RECORDID": "468bc985f6e66df36e06ea9a96c28ec64edcebf0d6674e83420127564b1094c0",
        "@ROWID": "0-09e3ed6b4280494119882e3d8987ccd5921d1087a9911a9844e3aaa761ae3a1c",
        "@PARENTROWID": "0-965abe7e19177d93a88e1e8def8033a0431376da74ac71893465823563e8b971",
        "@PARENT": "root.record.ItemExhibitList.P3AModificationItemGroup.ModificationItemList.ModificationItem.Installation.ImplementationMethodList.ImplementationMethod"
    },
    {
        "Name_val": "Air Force Reserve",
        "Cost_Quantity_BudgetYearOneBase_val": "3",
        "Cost_Quantity_BudgetYearOne_val": "3",
        "Cost_Quantity_BudgetYearThree_val": "",
        "Cost_Quantity_BudgetYearTwo_val": "",
        "Cost_Quantity_BudgetYearFour_val": "",
        "Cost_TotalCost_BudgetYearOneBase_val": "0.189",
        "Cost_TotalCost_BudgetYearOne_val": "0.189",
        "Cost_TotalCost_BudgetYearThree_val": "",
        "Cost_TotalCost_BudgetYearTwo_val": "",
        "Cost_TotalCost_BudgetYearFour_val": "",
        "@SOURCE_FILENAME": "2015-BASE_PROCUREMENT-2015-AIRFORCE_OTHER-PROCUREMENT_JustificationBook_Air_Force_PB_2015.zzz_unzipped-PROCUREMENT_JustificationBook_Air_Force_PB_2015.xml",
        "@RECORDID": "468bc985f6e66df36e06ea9a96c28ec64edcebf0d6674e83420127564b1094c0",
        "@ROWID": "1-00907671e3e45f791e525b038797aefdb7e43bb3640906f161cb75f2a9678582",
        "@PARENTROWID": "0-965abe7e19177d93a88e1e8def8033a0431376da74ac71893465823563e8b971",
        "@PARENT": "root.record.ItemExhibitList.P3AModificationItemGroup.ModificationItemList.ModificationItem.Installation.ImplementationMethodList.ImplementationMethod"
    },
    {
        "Name_val": "Air Force Active",
        "Cost_Quantity_BudgetYearOneBase_val": "12",
        "Cost_Quantity_BudgetYearOne_val": "12",
        "Cost_Quantity_BudgetYearThree_val": "",
        "Cost_Quantity_BudgetYearTwo_val": "",
        "Cost_Quantity_BudgetYearFour_val": "",
        "Cost_TotalCost_BudgetYearOneBase_val": "0.756",
        "Cost_TotalCost_BudgetYearOne_val": "0.756",
        "Cost_TotalCost_BudgetYearThree_val": "",
        "Cost_TotalCost_BudgetYearTwo_val": "",
        "Cost_TotalCost_BudgetYearFour_val": "",
        "@SOURCE_FILENAME": "2015-BASE_PROCUREMENT-2015-AIRFORCE_OTHER-PROCUREMENT_MasterJustificationBook_Air_Force_PB_2015.zzz_unzipped-PROCUREMENT_MasterJustificationBook_Air_Force_PB_2015.xml",
        "@RECORDID": "38574a0eb107b9f7269a65b5cd9e3370a0cecba368536b676cf0c3e78bac69ac",
        "@ROWID": "0-7819a7d86792e4d97c249b4253e562cdfe18a7bf5636758f308d525448add4ec",
        "@PARENTROWID": "0-fe612527d42cedc8d418a264f8b5287e0d20fd64ff7cf56a7036c4a075bbc8dd",
        "@PARENT": "root.record.ItemExhibitList.P3AModificationItemGroup.ModificationItemList.ModificationItem.Installation.ImplementationMethodList.ImplementationMethod"
    },
    {
        "Name_val": "Air Force Reserve",
        "Cost_Quantity_BudgetYearOneBase_val": "3",
        "Cost_Quantity_BudgetYearOne_val": "3",
        "Cost_Quantity_BudgetYearThree_val": "",
        "Cost_Quantity_BudgetYearTwo_val": "",
        "Cost_Quantity_BudgetYearFour_val": "",
        "Cost_TotalCost_BudgetYearOneBase_val": "0.189",
        "Cost_TotalCost_BudgetYearOne_val": "0.189",
        "Cost_TotalCost_BudgetYearThree_val": "",
        "Cost_TotalCost_BudgetYearTwo_val": "",
        "Cost_TotalCost_BudgetYearFour_val": "",
        "@SOURCE_FILENAME": "2015-BASE_PROCUREMENT-2015-AIRFORCE_OTHER-PROCUREMENT_MasterJustificationBook_Air_Force_PB_2015.zzz_unzipped-PROCUREMENT_MasterJustificationBook_Air_Force_PB_2015.xml",
        "@RECORDID": "38574a0eb107b9f7269a65b5cd9e3370a0cecba368536b676cf0c3e78bac69ac",
        "@ROWID": "1-adfa11fbbbd454b868ff3063dfad3ed941768c325528f272fe76d7dec675ccdd",
        "@PARENTROWID": "0-fe612527d42cedc8d418a264f8b5287e0d20fd64ff7cf56a7036c4a075bbc8dd",
        "@PARENT": "root.record.ItemExhibitList.P3AModificationItemGroup.ModificationItemList.ModificationItem.Installation.ImplementationMethodList.ImplementationMethod"
    },
    {
        "Name_val": "Air Force Active",
        "Cost_Quantity_BudgetYearOneBase_val": "",
        "Cost_Quantity_BudgetYearOne_val": "",
        "Cost_Quantity_BudgetYearThree_val": "",
        "Cost_Quantity_BudgetYearTwo_val": "",
        "Cost_Quantity_BudgetYearFour_val": "2",
        "Cost_TotalCost_BudgetYearOneBase_val": "",
        "Cost_TotalCost_BudgetYearOne_val": "",
        "Cost_TotalCost_BudgetYearThree_val": "",
        "Cost_TotalCost_BudgetYearTwo_val": "",
        "Cost_TotalCost_BudgetYearFour_val": "0.000",
        "@SOURCE_FILENAME": "2015-AMENDED_PROCUREMENT_AND_RDTE-2015-AIRFORCE_AMMO-PROCUREMENT_JustificationBook_Air_Force_PBAmended_2015.zzz_unzipped-PROCUREMENT_JustificationBook_Air_Force_PBAmended_2015.xml",
        "@RECORDID": "3cdf5370d6aa06ad598534cb0c149c4f22f6fb738ead93645d4b6f4becdfa971",
        "@ROWID": "0-a2fe7045a993a87ea0225e5ca78210968b27aaea0181cf87fbf1231f1cf7b132",
        "@PARENTROWID": "0-5297eef6b2c6cc18ac41856849a8b73f0b74f6f148bcf308ce603009cf0a072b",
        "@PARENT": "root.record.ItemExhibitList.P3AModificationItemGroup.ModificationItemList.ModificationItem.Installation.ImplementationMethodList.ImplementationMethod"
    },
    {
        "Name_val": "Air Force Active",
        "Cost_Quantity_BudgetYearOneBase_val": "",
        "Cost_Quantity_BudgetYearOne_val": "",
        "Cost_Quantity_BudgetYearThree_val": "",
        "Cost_Quantity_BudgetYearTwo_val": "",
        "Cost_Quantity_BudgetYearFour_val": "2",
        "Cost_TotalCost_BudgetYearOneBase_val": "",
        "Cost_TotalCost_BudgetYearOne_val": "",
        "Cost_TotalCost_BudgetYearThree_val": "",
        "Cost_TotalCost_BudgetYearTwo_val": "",
        "Cost_TotalCost_BudgetYearFour_val": "0.000",
        "@SOURCE_FILENAME": "2015-AMENDED_PROCUREMENT_AND_RDTE-2015-AIRFORCE_AMMO-PROCUREMENT_MasterJustificationBook_Air_Force_PBAmended_2015.zzz_unzipped-PROCUREMENT_MasterJustificationBook_Air_Force_PBAmended_2015.xml",
        "@RECORDID": "3422ac66d0ea6fb81b14f56ab36db4a0f72d47732900596259b15b9bc0499223",
        "@ROWID": "0-55948be7f5677ab3adfce7b8414bcf7a7f94bd8295181076b6a6719b0479035e",
        "@PARENTROWID": "0-88d83817873e7b5ed765232ddac43d0944ceed498bb27229fb65c3c7c1e4361e",
        "@PARENT": "root.record.ItemExhibitList.P3AModificationItemGroup.ModificationItemList.ModificationItem.Installation.ImplementationMethodList.ImplementationMethod"
    }
]