Name_val,Location_val,MinimumSustainingRate_val,MaximumProductionRate_val,Rate185_val,InitialQuantity_AdminLeadTimeBeforeOct1InMonths_val,InitialQuantity_AdminLeadTimeAfterOct1InMonths_val,InitialQuantity_ProductionLeadTimeAfterOct1InMonths_val,InitialQuantity_TotalLeadTimeAfterOct1InMonths_val,ReorderQuantity_AdminLeadTimeBeforeOct1InMonths_val,ReorderQuantity_AdminLeadTimeAfterOct1InMonths_val,ReorderQuantity_ProductionLeadTimeAfterOct1InMonths_val,ReorderQuantity_TotalLeadTimeAfterOct1InMonths_val,@SOURCE_FILENAME,@RECORDID,@ROWID,@PARENTROWID,@PARENT
"United Launch Alliance (ULA)","CO","4","10","10","1","0","0","0","1","1","25","26","2013-BASE_PROCUREMENT-2013-AIRFORCE_MISSILE-JustificationBook_Air_Force_PB_2013.zzz_unzipped-JustificationBook_Air_Force_PB_2013.xml","8b85eb0d0f9d135685fb9ddd37378f4e4b83141bb343dc95a96c33fa3bcdf18d","0-238302f359c572b24f9987a68b099796df85dbec20ebeaf552b19408d22662fb","0-b313f2cf1a6f0a3e9e9ce7abd43c3ecb95a0552410c950c5eb0b53f3984d5bf5","root.record.ItemExhibitList.P5Item.CostElementCategoryList.Launch.Recurring.CostElementList.CostElement"
"United Launch Alliance (ULA)","CO","4","10","10","1","0","0","0","1","1","25","26","2013-BASE_PROCUREMENT-2013-AIRFORCE_MISSILE-MasterJustificationBook_Air_Force_PB_2013.zzz_unzipped-MasterJustificationBook_Air_Force_PB_2013.xml","d10fbc086dd24d31f215c1abc02d7f81f52a1aa0dd3e06f1f6d0611fde3447ec","0-cbf175c186a1b13434457c652fe95c1173f1ad1c664af3c492b208d7ff9c7017","0-f6a55a0a6352bf5bdcbd90e2b30f007f7a94ee5021a224e924f3cb6d41483841","root.record.ItemExhibitList.P5Item.CostElementCategoryList.Launch.Recurring.CostElementList.CostElement"
"United Launch Alliance (ULA)","CO","4.00","10.00","10.00","1","0","0","0","1","1","25","26","2014-BASE_PROCUREMENT-2014-AIRFORCE_MISSILE-PROCUREMENT_JustificationBook_Air_Force_PB_2014.zzz_unzipped-PROCUREMENT_JustificationBook_Air_Force_PB_2014.xml","68ea63f1b14499493039407eb06bfa2f6b465ded3e4359e8517cedd6dfa14364","0-2f4a8f9eb32e8550bc71140a47176b0e577297d7f2db56becbba023643972842","0-900dd930d4e32beb809308428d734ed27c64c12683f7dcd165ed46412ae01cbd","root.record.ItemExhibitList.P5Item.CostElementCategoryList.Launch.Recurring.CostElementList.CostElement"
"United Launch Alliance (ULA)/SpaceX","CO/CA","0.00","0.00","0.00","0","0","0","0","0","0","0","0","2014-BASE_PROCUREMENT-2014-AIRFORCE_MISSILE-PROCUREMENT_JustificationBook_Air_Force_PB_2014.zzz_unzipped-PROCUREMENT_JustificationBook_Air_Force_PB_2014.xml","68ea63f1b14499493039407eb06bfa2f6b465ded3e4359e8517cedd6dfa14364","1-ce28d8df266f9a49c305f475edc08c9e42596de1a27ef795e54e8b7ab09b0319","0-900dd930d4e32beb809308428d734ed27c64c12683f7dcd165ed46412ae01cbd","root.record.ItemExhibitList.P5Item.CostElementCategoryList.Launch.Recurring.CostElementList.CostElement"
"United Launch Alliance (ULA)/New Entrant","CO/TBD","4.00","10.00","10.00","1","0","0","0","1","1","25","26","2014-BASE_PROCUREMENT-2014-AIRFORCE_MISSILE-PROCUREMENT_JustificationBook_Air_Force_PB_2014.zzz_unzipped-PROCUREMENT_JustificationBook_Air_Force_PB_2014.xml","68ea63f1b14499493039407eb06bfa2f6b465ded3e4359e8517cedd6dfa14364","2-e1ae431e18e10105b4e8f15ffb042222246fff8d49273fb7c6ecbb3fe7ad2774","0-900dd930d4e32beb809308428d734ed27c64c12683f7dcd165ed46412ae01cbd","root.record.ItemExhibitList.P5Item.CostElementCategoryList.Launch.Recurring.CostElementList.CostElement"
"TBD","TBD","4.00","10.00","10.00","1","0","0","0","1","1","25","26","2014-BASE_PROCUREMENT-2014-AIRFORCE_MISSILE-PROCUREMENT_JustificationBook_Air_Force_PB_2014.zzz_unzipped-PROCUREMENT_JustificationBook_Air_Force_PB_2014.xml","68ea63f1b14499493039407eb06bfa2f6b465ded3e4359e8517cedd6dfa14364","3-269fa0d918e9f75507378947714ac51ae3fb0f57b53a5536c6d00bf0319ae21d","0-900dd930d4e32beb809308428d734ed27c64c12683f7dcd165ed46412ae01cbd","root.record.ItemExhibitList.P5Item.CostElementCategoryList.Launch.Recurring.CostElementList.CostElement"
"United Launch Alliance (ULA)","CO","4.00","10.00","10.00","1","0","0","0","1","1","25","26","2014-BASE_PROCUREMENT-2014-AIRFORCE_MISSILE-PROCUREMENT_MasterJustificationBook_Air_Force_PB_2014.zzz_unzipped-PROCUREMENT_MasterJustificationBook_Air_Force_PB_2014.xml","e628ef6da8da11143b41e85d0575946b1eab2d1b8e7c19d89d4f124b7c2b2e32","0-b6dabdeddd1b7d14312d7a360aa8b74330f960352c8d2b91836b1840187c1130","0-43ee8ba4f24b0f853d18764fce31ee4528a245c72dc258bf3f2c4904d4b80f9a","root.record.ItemExhibitList.P5Item.CostElementCategoryList.Launch.Recurring.CostElementList.CostElement"
"United Launch Alliance (ULA)/SpaceX","CO/CA","0.00","0.00","0.00","0","0","0","0","0","0","0","0","2014-BASE_PROCUREMENT-2014-AIRFORCE_MISSILE-PROCUREMENT_MasterJustificationBook_Air_Force_PB_2014.zzz_unzipped-PROCUREMENT_MasterJustificationBook_Air_Force_PB_2014.xml","e628ef6da8da11143b41e85d0575946b1eab2d1b8e7c19d89d4f124b7c2b2e32","1-f7b9ab0f6ea100fd0555ddaba34e797ea41f5a03dcc42f01b654952c5a15fb11","0-43ee8ba4f24b0f853d18764fce31ee4528a245c72dc258bf3f2c4904d4b80f9a","root.record.ItemExhibitList.P5Item.CostElementCategoryList.Launch.Recurring.CostElementList.CostElement"
"United Launch Alliance (ULA)/New Entrant","CO/TBD","4.00","10.00","10.00","1","0","0","0","1","1","25","26","2014-BASE_PROCUREMENT-2014-AIRFORCE_MISSILE-PROCUREMENT_MasterJustificationBook_Air_Force_PB_2014.zzz_unzipped-PROCUREMENT_MasterJustificationBook_Air_Force_PB_2014.xml","e628ef6da8da11143b41e85d0575946b1eab2d1b8e7c19d89d4f124b7c2b2e32","2-d3c9db496d603f86d790a92b3e3614cfaf3a922415b5204a49c3da4849a9d5a1","0-43ee8ba4f24b0f853d18764fce31ee4528a245c72dc258bf3f2c4904d4b80f9a","root.record.ItemExhibitList.P5Item.CostElementCategoryList.Launch.Recurring.CostElementList.CostElement"
"TBD","TBD","4.00","10.00","10.00","1","0","0","0","1","1","25","26","2014-BASE_PROCUREMENT-2014-AIRFORCE_MISSILE-PROCUREMENT_MasterJustificationBook_Air_Force_PB_2014.zzz_unzipped-PROCUREMENT_MasterJustificationBook_Air_Force_PB_2014.xml","e628ef6da8da11143b41e85d0575946b1eab2d1b8e7c19d89d4f124b7c2b2e32","3-cd8562230ad1e7d58b19ec9f08ac4997615025194cc797b1768705d807891ed4","0-43ee8ba4f24b0f853d18764fce31ee4528a245c72dc258bf3f2c4904d4b80f9a","root.record.ItemExhibitList.P5Item.CostElementCategoryList.Launch.Recurring.CostElementList.CostElement"
"United Launch Alliance (ULA)","CO","1.00","10.00","10.00","0","0","0","0","0","1","25","26","2015-BASE_PROCUREMENT-2015-AIRFORCE_MISSILE-PROCUREMENT_JustificationBook_Air_Force_PB_2015.zzz_unzipped-PROCUREMENT_JustificationBook_Air_Force_PB_2015.xml","04ba31003147d065bb7b0469d96856c0e467991933cc18cbefa9e3616265b178","0-9b3f590754e1ec034a1e67445bf56e4ff27578436a50b1dc1937093978f8a4a9","0-5f4978d2977f147d829f2f8fb7605fdb0000b52c6249e07149aa90dcbc4618c9","root.record.ItemExhibitList.P5Item.CostElementCategoryList.Launch.Recurring.CostElementList.CostElement"
"United Launch Alliance (ULA)/SpaceX","CO/CA","1.00","10.00","8.00","0","0","0","0","1","4","25","29","2015-BASE_PROCUREMENT-2015-AIRFORCE_MISSILE-PROCUREMENT_JustificationBook_Air_Force_PB_2015.zzz_unzipped-PROCUREMENT_JustificationBook_Air_Force_PB_2015.xml","04ba31003147d065bb7b0469d96856c0e467991933cc18cbefa9e3616265b178","1-f8175d7d38654367d49d9a2cea5520637385bbcd6c9be90709d6d68157855f5c","0-5f4978d2977f147d829f2f8fb7605fdb0000b52c6249e07149aa90dcbc4618c9","root.record.ItemExhibitList.P5Item.CostElementCategoryList.Launch.Recurring.CostElementList.CostElement"
"United Launch Alliance (ULA)/New Entrant","CO/TBD","0.00","10.00","8.00","0","1","25","26","0","0","0","0","2015-BASE_PROCUREMENT-2015-AIRFORCE_MISSILE-PROCUREMENT_JustificationBook_Air_Force_PB_2015.zzz_unzipped-PROCUREMENT_JustificationBook_Air_Force_PB_2015.xml","04ba31003147d065bb7b0469d96856c0e467991933cc18cbefa9e3616265b178","2-55c9ae87b9577674bb387e875a2bff1b7fb8cfcc9f86ae670e3b5b3e81bc0c0b","0-5f4978d2977f147d829f2f8fb7605fdb0000b52c6249e07149aa90dcbc4618c9","root.record.ItemExhibitList.P5Item.CostElementCategoryList.Launch.Recurring.CostElementList.CostElement"
"TBD","TBD","1.00","10.00","8.00","0","1","25","26","1","0","0","0","2015-BASE_PROCUREMENT-2015-AIRFORCE_MISSILE-PROCUREMENT_JustificationBook_Air_Force_PB_2015.zzz_unzipped-PROCUREMENT_JustificationBook_Air_Force_PB_2015.xml","04ba31003147d065bb7b0469d96856c0e467991933cc18cbefa9e3616265b178","3-6b562fb4f421eed187fd345cda4237af511c31c87f388d8701b82b542114dda0","0-5f4978d2977f147d829f2f8fb7605fdb0000b52c6249e07149aa90dcbc4618c9","root.record.ItemExhibitList.P5Item.CostElementCategoryList.Launch.Recurring.CostElementList.CostElement"
"United Launch Alliance (ULA)","CO","1.00","10.00","10.00","0","0","0","0","0","1","25","26","2015-BASE_PROCUREMENT-2015-AIRFORCE_MISSILE-PROCUREMENT_MasterJustificationBook_Air_Force_PB_2015.zzz_unzipped-PROCUREMENT_MasterJustificationBook_Air_Force_PB_2015.xml","3abf8b64467cbed6c01c156005d72134c5ac025da35c8ec98beeec4ffadf8568","0-98fb45bfa535277f450768a1740921b6258ee064c092fa3c1dd2a331d917022c","0-d20780a6631fbc08fe5c1a576e27925e4381de71f5c63f36ef69aa0df7a40c20","root.record.ItemExhibitList.P5Item.CostElementCategoryList.Launch.Recurring.CostElementList.CostElement"
"United Launch Alliance (ULA)/SpaceX","CO/CA","1.00","10.00","8.00","0","0","0","0","1","4","25","29","2015-BASE_PROCUREMENT-2015-AIRFORCE_MISSILE-PROCUREMENT_MasterJustificationBook_Air_Force_PB_2015.zzz_unzipped-PROCUREMENT_MasterJustificationBook_Air_Force_PB_2015.xml","3abf8b64467cbed6c01c156005d72134c5ac025da35c8ec98beeec4ffadf8568","1-9b50fdb3076394181e6a6c55b8d5096913f075f36a15d13010a5adc5f6bba21f","0-d20780a6631fbc08fe5c1a576e27925e4381de71f5c63f36ef69aa0df7a40c20","root.record.ItemExhibitList.P5Item.CostElementCategoryList.Launch.Recurring.CostElementList.CostElement"
"United Launch Alliance (ULA)/New Entrant","CO/TBD","0.00","10.00","8.00","0","1","25","26","0","0","0","0","2015-BASE_PROCUREMENT-2015-AIRFORCE_MISSILE-PROCUREMENT_MasterJustificationBook_Air_Force_PB_2015.zzz_unzipped-PROCUREMENT_MasterJustificationBook_Air_Force_PB_2015.xml","3abf8b64467cbed6c01c156005d72134c5ac025da35c8ec98beeec4ffadf8568","2-a9c16fcbe14366de40357c8aee4ae650c7981cba15dfa712a4ae05efd939f1cc","0-d20780a6631fbc08fe5c1a576e27925e4381de71f5c63f36ef69aa0df7a40c20","root.record.ItemExhibitList.P5Item.CostElementCategoryList.Launch.Recurring.CostElementList.CostElement"
"TBD","TBD","1.00","10.00","8.00","0","1","25","26","1","0","0","0","2015-BASE_PROCUREMENT-2015-AIRFORCE_MISSILE-PROCUREMENT_MasterJustificationBook_Air_Force_PB_2015.zzz_unzipped-PROCUREMENT_MasterJustificationBook_Air_Force_PB_2015.xml","3abf8b64467cbed6c01c156005d72134c5ac025da35c8ec98beeec4ffadf8568","3-020e57219ade468ccdfdb712159c4398de2c4a41972bb7cb6496997e794434f3","0-d20780a6631fbc08fe5c1a576e27925e4381de71f5c63f36ef69aa0df7a40c20","root.record.ItemExhibitList.P5Item.CostElementCategoryList.Launch.Recurring.CostElementList.CostElement"
"United Launch Alliance (ULA)","CO","0.00","0.00","0.00","0","0","0","0","0","0","0","0","2016-BASE_PROCUREMENT-2016-AIRFORCE_MISSILE-PROCUREMENT_JustificationBook_Air_Force_PB_2016.zzz_unzipped-PROCUREMENT_JustificationBook_Air_Force_PB_2016.xml","6c9aa995b91ad030ee6d32b356405a3b1f11b8001606a08d20590bebadee431a","0-79e1b4cc94b67e9159de2eee5cb585ff8fb6c73df09694cd3ed9baa6e99a0faa","0-181f508f73a800d4f1797fa9937150e088859b76492b029059263fbb4e29f5bd","root.record.ItemExhibitList.P5Item.CostElementCategoryList.Launch.Recurring.CostElementList.CostElement"
"United Launch Alliance/ Space X","CO/CA","0.00","0.00","0.00","0","0","0","0","0","0","0","0","2016-BASE_PROCUREMENT-2016-AIRFORCE_MISSILE-PROCUREMENT_JustificationBook_Air_Force_PB_2016.zzz_unzipped-PROCUREMENT_JustificationBook_Air_Force_PB_2016.xml","cf8925d65bd63fdedf24ce17755069f37593cef7cbbe4aeacd94a8f5b6fd690f","0-f3aa0678a4bf1ba5fdf03c93ee2fd90eeaf42468685a38d8754cf36bfb5a9fe2","0-26dd448859c3f52f167590574cd2d95364206729325e98d478676e87ca473963","root.record.ItemExhibitList.P5Item.CostElementCategoryList.Launch.Recurring.CostElementList.CostElement"
"United Launch Alliance","CO","0.00","0.00","0.00","0","0","0","0","0","0","0","0","2016-BASE_PROCUREMENT-2016-AIRFORCE_MISSILE-PROCUREMENT_JustificationBook_Air_Force_PB_2016.zzz_unzipped-PROCUREMENT_JustificationBook_Air_Force_PB_2016.xml","cf8925d65bd63fdedf24ce17755069f37593cef7cbbe4aeacd94a8f5b6fd690f","1-78cf613dc21a79c7c8e8abbd2bb8277de35c1cf0025a07ed12d3438bff2b0cfa","0-26dd448859c3f52f167590574cd2d95364206729325e98d478676e87ca473963","root.record.ItemExhibitList.P5Item.CostElementCategoryList.Launch.Recurring.CostElementList.CostElement"
"United Launch Alliance (ULA)/Various","CO/Various","0.00","0.00","0.00","0","0","0","0","0","0","0","0","2016-BASE_PROCUREMENT-2016-AIRFORCE_MISSILE-PROCUREMENT_JustificationBook_Air_Force_PB_2016.zzz_unzipped-PROCUREMENT_JustificationBook_Air_Force_PB_2016.xml","cf8925d65bd63fdedf24ce17755069f37593cef7cbbe4aeacd94a8f5b6fd690f","2-999bd597e73cc85ff5bc2fd9c028939ddaaa6fe06666565290da5f2d308d7b45","0-26dd448859c3f52f167590574cd2d95364206729325e98d478676e87ca473963","root.record.ItemExhibitList.P5Item.CostElementCategoryList.Launch.Recurring.CostElementList.CostElement"
"United Launch Alliance (ULA)/New Entrant","CO/Various","1.00","10.00","8.00","0","0","0","0","1","4","24","28","2016-BASE_PROCUREMENT-2016-AIRFORCE_MISSILE-PROCUREMENT_JustificationBook_Air_Force_PB_2016.zzz_unzipped-PROCUREMENT_JustificationBook_Air_Force_PB_2016.xml","cf8925d65bd63fdedf24ce17755069f37593cef7cbbe4aeacd94a8f5b6fd690f","3-71e1bec6efbae8f1f90f1b1cdadb41fa8b353ecc30202674ab5d09ba3234bfa2","0-26dd448859c3f52f167590574cd2d95364206729325e98d478676e87ca473963","root.record.ItemExhibitList.P5Item.CostElementCategoryList.Launch.Recurring.CostElementList.CostElement"
"United Launch Alliance (ULA)","CO","0.00","0.00","0.00","0","0","0","0","0","0","0","0","2016-BASE_PROCUREMENT-2016-AIRFORCE_MISSILE-PROCUREMENT_MasterJustificationBook_Air_Force_PB_2016.zzz_unzipped-PROCUREMENT_MasterJustificationBook_Air_Force_PB_2016.xml","276c920b26f02c0ce9ac31d54a0860fa7e35984db3fb4afee67af15af6561e99","0-8b321633d2d7061b702070571a5ec46a6b1ad5cfd6bfcbfe4b6fcbbdc3206a0c","0-3738fe308fc4e7a3e958355a8e7c8acc2e607e668efd5ce9927a3bbb1a26c2b6","root.record.ItemExhibitList.P5Item.CostElementCategoryList.Launch.Recurring.CostElementList.CostElement"
"United Launch Alliance/ Space X","CO/CA","0.00","0.00","0.00","0","0","0","0","0","0","0","0","2016-BASE_PROCUREMENT-2016-AIRFORCE_MISSILE-PROCUREMENT_MasterJustificationBook_Air_Force_PB_2016.zzz_unzipped-PROCUREMENT_MasterJustificationBook_Air_Force_PB_2016.xml","939818d19b159c135335fe081effefc55291969edf99d66feedb0e0d81b54846","0-636e4ee3e0118957321fda815c808ce34bf5a113f50a061e68997ba70ffb05e9","0-bcbb1222673c6a0806620950d4baa8663c2558107dfec3f139060ee04f0b7dbe","root.record.ItemExhibitList.P5Item.CostElementCategoryList.Launch.Recurring.CostElementList.CostElement"
"United Launch Alliance","CO","0.00","0.00","0.00","0","0","0","0","0","0","0","0","2016-BASE_PROCUREMENT-2016-AIRFORCE_MISSILE-PROCUREMENT_MasterJustificationBook_Air_Force_PB_2016.zzz_unzipped-PROCUREMENT_MasterJustificationBook_Air_Force_PB_2016.xml","939818d19b159c135335fe081effefc55291969edf99d66feedb0e0d81b54846","1-5ab69b19073eef4e68076b55cbb7c05d0c9cde189c7c5e2d1144ed251fb60f81","0-bcbb1222673c6a0806620950d4baa8663c2558107dfec3f139060ee04f0b7dbe","root.record.ItemExhibitList.P5Item.CostElementCategoryList.Launch.Recurring.CostElementList.CostElement"
"United Launch Alliance (ULA)/Various","CO/Various","0.00","0.00","0.00","0","0","0","0","0","0","0","0","2016-BASE_PROCUREMENT-2016-AIRFORCE_MISSILE-PROCUREMENT_MasterJustificationBook_Air_Force_PB_2016.zzz_unzipped-PROCUREMENT_MasterJustificationBook_Air_Force_PB_2016.xml","939818d19b159c135335fe081effefc55291969edf99d66feedb0e0d81b54846","2-08109d465180e913ac17cb3a67ffa5d3ab67b2884cfeadc9446732e55817dc72","0-bcbb1222673c6a0806620950d4baa8663c2558107dfec3f139060ee04f0b7dbe","root.record.ItemExhibitList.P5Item.CostElementCategoryList.Launch.Recurring.CostElementList.CostElement"
"United Launch Alliance (ULA)/New Entrant","CO/Various","1.00","10.00","8.00","0","0","0","0","1","4","24","28","2016-BASE_PROCUREMENT-2016-AIRFORCE_MISSILE-PROCUREMENT_MasterJustificationBook_Air_Force_PB_2016.zzz_unzipped-PROCUREMENT_MasterJustificationBook_Air_Force_PB_2016.xml","939818d19b159c135335fe081effefc55291969edf99d66feedb0e0d81b54846","3-20a898756db6f18526bdcd5ee9215848e640c1caef83d2fdb01e1414805a2bb7","0-bcbb1222673c6a0806620950d4baa8663c2558107dfec3f139060ee04f0b7dbe","root.record.ItemExhibitList.P5Item.CostElementCategoryList.Launch.Recurring.CostElementList.CostElement"
"(ULA/Various","CO/TBD","0.00","0.00","0.00","0","0","0","0","0","0","0","0","2016-BASE_PROCUREMENT-2016-AIRFORCE_SPACE-PROCUREMENT_JustificationBook_Air_Force_PB_2016.zzz_unzipped-PROCUREMENT_JustificationBook_Air_Force_PB_2016.xml","d1f0521c73ebc9037816c74e70ee33273b5fd9f2e08f916f050ecbe177d86071","0-7b330db9894cb4d615b506a1e6a14723f5db00bf70d230c6d61b775b4f657452","0-3e74aa184e74f79802f74be49170bca2e43c4c82100fcf7f7917bb4b90df39f0","root.record.ItemExhibitList.P5Item.CostElementCategoryList.Launch.Recurring.CostElementList.CostElement"
"United Launch Alliance (ULA)/Various","CO/TBD","0.00","0.00","0.00","0","0","0","0","0","0","0","0","2016-BASE_PROCUREMENT-2016-AIRFORCE_SPACE-PROCUREMENT_JustificationBook_Air_Force_PB_2016.zzz_unzipped-PROCUREMENT_JustificationBook_Air_Force_PB_2016.xml","d1f0521c73ebc9037816c74e70ee33273b5fd9f2e08f916f050ecbe177d86071","1-cc13d9ff48a425da705d55593feda6d89e63b80f98e8914d8f3105b6f967de2a","0-3e74aa184e74f79802f74be49170bca2e43c4c82100fcf7f7917bb4b90df39f0","root.record.ItemExhibitList.P5Item.CostElementCategoryList.Launch.Recurring.CostElementList.CostElement"
"TBD","CO/TBD","0.00","0.00","0.00","0","0","0","0","0","0","0","0","2016-BASE_PROCUREMENT-2016-AIRFORCE_SPACE-PROCUREMENT_JustificationBook_Air_Force_PB_2016.zzz_unzipped-PROCUREMENT_JustificationBook_Air_Force_PB_2016.xml","d1f0521c73ebc9037816c74e70ee33273b5fd9f2e08f916f050ecbe177d86071","2-2c4b70c22f7459fb7c615934463abb4ad01422a7ca321d11d42f29abe697023a","0-3e74aa184e74f79802f74be49170bca2e43c4c82100fcf7f7917bb4b90df39f0","root.record.ItemExhibitList.P5Item.CostElementCategoryList.Launch.Recurring.CostElementList.CostElement"
"United Launch Alliance (ULA)/New Entrant","CO/Various","1.00","10.00","8.00","0","0","0","0","1","3","24","27","2016-BASE_PROCUREMENT-2016-AIRFORCE_SPACE-PROCUREMENT_JustificationBook_Air_Force_PB_2016.zzz_unzipped-PROCUREMENT_JustificationBook_Air_Force_PB_2016.xml","7a2d660364617df9c4864dac6ccd860e0aa8b3a898565771e1e333f1544053e7","0-ee5cc33cc65c1f78dfaa997ee8b254667a321edb912d7f03084d24c299f1287f","0-0e378068e38c1cb64040a613cb9912e69633ddd9a3cbd4ca4b594acde5ee3e4d","root.record.ItemExhibitList.P5Item.CostElementCategoryList.Launch.Recurring.CostElementList.CostElement"
"United Launch Alliance/New Entrant","CO/Various","0.00","0.00","0.00","0","0","0","0","0","0","0","0","2016-BASE_PROCUREMENT-2016-AIRFORCE_SPACE-PROCUREMENT_JustificationBook_Air_Force_PB_2016.zzz_unzipped-PROCUREMENT_JustificationBook_Air_Force_PB_2016.xml","7a2d660364617df9c4864dac6ccd860e0aa8b3a898565771e1e333f1544053e7","1-0f59583f4b3618e01405d0f5cf5db3279d0d88a9bc5a1bf4e7db8746172f2227","0-0e378068e38c1cb64040a613cb9912e69633ddd9a3cbd4ca4b594acde5ee3e4d","root.record.ItemExhibitList.P5Item.CostElementCategoryList.Launch.Recurring.CostElementList.CostElement"
"TBD","TBD","0.00","0.00","0.00","0","0","0","0","0","0","0","0","2016-BASE_PROCUREMENT-2016-AIRFORCE_SPACE-PROCUREMENT_JustificationBook_Air_Force_PB_2016.zzz_unzipped-PROCUREMENT_JustificationBook_Air_Force_PB_2016.xml","7a2d660364617df9c4864dac6ccd860e0aa8b3a898565771e1e333f1544053e7","2-233056e040fef8ff02da4c2c9b71644e52cfa0477d9ce5f8f5548a15a117ec34","0-0e378068e38c1cb64040a613cb9912e69633ddd9a3cbd4ca4b594acde5ee3e4d","root.record.ItemExhibitList.P5Item.CostElementCategoryList.Launch.Recurring.CostElementList.CostElement"
"(ULA/Various","CO/TBD","0.00","0.00","0.00","0","0","0","0","0","0","0","0","2016-BASE_PROCUREMENT-2016-AIRFORCE_SPACE-PROCUREMENT_MasterJustificationBook_Air_Force_PB_2016.zzz_unzipped-PROCUREMENT_MasterJustificationBook_Air_Force_PB_2016.xml","a5822c6433aedb78daa4985dc310373c7cdabcb6db4d8f36492c10d0e4fd1487","0-28bb331736545261109c3a4c7136e9b00c9961ee76f63d93552f6b1f23e282ee","0-c410259e033c921f2353685ff0497dcef5eb24c9ce430c2165bbafccd65afcae","root.record.ItemExhibitList.P5Item.CostElementCategoryList.Launch.Recurring.CostElementList.CostElement"
"United Launch Alliance (ULA)/Various","CO/TBD","0.00","0.00","0.00","0","0","0","0","0","0","0","0","2016-BASE_PROCUREMENT-2016-AIRFORCE_SPACE-PROCUREMENT_MasterJustificationBook_Air_Force_PB_2016.zzz_unzipped-PROCUREMENT_MasterJustificationBook_Air_Force_PB_2016.xml","a5822c6433aedb78daa4985dc310373c7cdabcb6db4d8f36492c10d0e4fd1487","1-8497576607112eb919724b561f3132c8ddc8dcaafae7b1dd05ecfb827492d882","0-c410259e033c921f2353685ff0497dcef5eb24c9ce430c2165bbafccd65afcae","root.record.ItemExhibitList.P5Item.CostElementCategoryList.Launch.Recurring.CostElementList.CostElement"
"TBD","CO/TBD","0.00","0.00","0.00","0","0","0","0","0","0","0","0","2016-BASE_PROCUREMENT-2016-AIRFORCE_SPACE-PROCUREMENT_MasterJustificationBook_Air_Force_PB_2016.zzz_unzipped-PROCUREMENT_MasterJustificationBook_Air_Force_PB_2016.xml","a5822c6433aedb78daa4985dc310373c7cdabcb6db4d8f36492c10d0e4fd1487","2-fa9fa128ed61226b4a2c45533281f8f36b3d2385c544305df3f95c38fcca4d4a","0-c410259e033c921f2353685ff0497dcef5eb24c9ce430c2165bbafccd65afcae","root.record.ItemExhibitList.P5Item.CostElementCategoryList.Launch.Recurring.CostElementList.CostElement"
"United Launch Alliance (ULA)/New Entrant","CO/Various","1.00","10.00","8.00","0","0","0","0","1","3","24","27","2016-BASE_PROCUREMENT-2016-AIRFORCE_SPACE-PROCUREMENT_MasterJustificationBook_Air_Force_PB_2016.zzz_unzipped-PROCUREMENT_MasterJustificationBook_Air_Force_PB_2016.xml","e74c5625e1731a9bfe9f4efe680292d976b26eee481f576bfc724d2c763e55fb","0-d8c8d5227c2acd40bcf29f18a4366167c3cb1ddeac21b9a73542bc1baf3a39c2","0-7ba45c71e8e3240ad0b0bf52eaaf11041cec474b400558131e5993b438259619","root.record.ItemExhibitList.P5Item.CostElementCategoryList.Launch.Recurring.CostElementList.CostElement"
"United Launch Alliance/New Entrant","CO/Various","0.00","0.00","0.00","0","0","0","0","0","0","0","0","2016-BASE_PROCUREMENT-2016-AIRFORCE_SPACE-PROCUREMENT_MasterJustificationBook_Air_Force_PB_2016.zzz_unzipped-PROCUREMENT_MasterJustificationBook_Air_Force_PB_2016.xml","e74c5625e1731a9bfe9f4efe680292d976b26eee481f576bfc724d2c763e55fb","1-214ff7886ea85ee65535ee36d5c6a48a2b3cb86aa73211eed1558db376bb0d28","0-7ba45c71e8e3240ad0b0bf52eaaf11041cec474b400558131e5993b438259619","root.record.ItemExhibitList.P5Item.CostElementCategoryList.Launch.Recurring.CostElementList.CostElement"
"TBD","TBD","0.00","0.00","0.00","0","0","0","0","0","0","0","0","2016-BASE_PROCUREMENT-2016-AIRFORCE_SPACE-PROCUREMENT_MasterJustificationBook_Air_Force_PB_2016.zzz_unzipped-PROCUREMENT_MasterJustificationBook_Air_Force_PB_2016.xml","e74c5625e1731a9bfe9f4efe680292d976b26eee481f576bfc724d2c763e55fb","2-64224bfcfb13df8b8ae3d49f49e558814406b33b450edfa4462f4716d35110ab","0-7ba45c71e8e3240ad0b0bf52eaaf11041cec474b400558131e5993b438259619","root.record.ItemExhibitList.P5Item.CostElementCategoryList.Launch.Recurring.CostElementList.CostElement"
"United Launch Alliance (ULA)","CO","0.00","0.00","0.00","0","0","0","0","0","0","0","0","2017-BASE_PROCUREMENT-2017-AIRFORCE_MISSILE-U_PROCUREMENT_JustificationBook_Air_Force_PB_2017.zzz_unzipped-U_PROCUREMENT_JustificationBook_Air_Force_PB_2017.xml","ce33d887958287eb22f25db5c4372a5be3d549dd643325817beec223ffddc64c","0-a5c6e3caa4f50288a7984bb265a62a9ec418e8eb905e4486c20c425bb04e4d7e","0-4ed99bf6323c2de435c22fa1f381034fef7cc23d225c36926772e5daeab96da8","root.record.ItemExhibitList.P5Item.CostElementCategoryList.Launch.Recurring.CostElementList.CostElement"
"United Launch Alliance/ Space X","CO/CA","0.00","0.00","0.00","0","0","0","0","0","0","0","0","2017-BASE_PROCUREMENT-2017-AIRFORCE_MISSILE-U_PROCUREMENT_JustificationBook_Air_Force_PB_2017.zzz_unzipped-U_PROCUREMENT_JustificationBook_Air_Force_PB_2017.xml","1eb519244af6b52f585c68b446dd7d32bfe9132b3a808e75d418f71c32a68e95","0-45e1063bb0f304f1df16b0d4c85efb6a8de4b29aab3abf33e8165f56db088a86","0-f83fa8e41b24bd8bf6a7a364f66a50ddebac5d55d8037cfdebdfbe0a10998a18","root.record.ItemExhibitList.P5Item.CostElementCategoryList.Launch.Recurring.CostElementList.CostElement"
"United Launch Alliance","CO","0.00","0.00","0.00","0","0","0","0","0","0","0","0","2017-BASE_PROCUREMENT-2017-AIRFORCE_MISSILE-U_PROCUREMENT_JustificationBook_Air_Force_PB_2017.zzz_unzipped-U_PROCUREMENT_JustificationBook_Air_Force_PB_2017.xml","1eb519244af6b52f585c68b446dd7d32bfe9132b3a808e75d418f71c32a68e95","1-080176cd325ca0049108f7fc2a435c6b1d00fdc73b01e769ac9cb31ed84896c6","0-f83fa8e41b24bd8bf6a7a364f66a50ddebac5d55d8037cfdebdfbe0a10998a18","root.record.ItemExhibitList.P5Item.CostElementCategoryList.Launch.Recurring.CostElementList.CostElement"
"United Launch Alliance (ULA)/Various","CO/Various","0.00","0.00","0.00","0","0","0","0","0","0","0","0","2017-BASE_PROCUREMENT-2017-AIRFORCE_MISSILE-U_PROCUREMENT_JustificationBook_Air_Force_PB_2017.zzz_unzipped-U_PROCUREMENT_JustificationBook_Air_Force_PB_2017.xml","1eb519244af6b52f585c68b446dd7d32bfe9132b3a808e75d418f71c32a68e95","2-7698dfbf827ccd8ec437aa63997ec85b5a8ccadabbeced43917e2d3cc6694ca3","0-f83fa8e41b24bd8bf6a7a364f66a50ddebac5d55d8037cfdebdfbe0a10998a18","root.record.ItemExhibitList.P5Item.CostElementCategoryList.Launch.Recurring.CostElementList.CostElement"
"United Launch Alliance (ULA)/CO/ Space X/CA","CO/Various","3.00","10.00","10.00","0","0","0","0","0","4","24","28","2017-BASE_PROCUREMENT-2017-AIRFORCE_MISSILE-U_PROCUREMENT_JustificationBook_Air_Force_PB_2017.zzz_unzipped-U_PROCUREMENT_JustificationBook_Air_Force_PB_2017.xml","1eb519244af6b52f585c68b446dd7d32bfe9132b3a808e75d418f71c32a68e95","3-2918367d7c58f4ce5122f02104282a70faca7d5f9a4203bb5ed6d8e7f4e0c959","0-f83fa8e41b24bd8bf6a7a364f66a50ddebac5d55d8037cfdebdfbe0a10998a18","root.record.ItemExhibitList.P5Item.CostElementCategoryList.Launch.Recurring.CostElementList.CostElement"
"United Launch Alliance (ULA)","CO","0.00","0.00","0.00","0","0","0","0","0","0","0","0","2017-BASE_PROCUREMENT-2017-AIRFORCE_MISSILE-U_PROCUREMENT_MasterJustificationBook_Air_Force_PB_2017.zzz_unzipped-U_PROCUREMENT_MasterJustificationBook_Air_Force_PB_2017.xml","c3a033a02dd266f763c2138e8649e17878d13f50115d4fe57dd90be56509c75e","0-556cdacdcf0ccef85a1b887e5fb97107435837281c42fdfa507461aaaee89d9a","0-353cdb6e3bc19a52d7c2daccd19b10ee366bb9656ff06d943b6d53b9fdef14d1","root.record.ItemExhibitList.P5Item.CostElementCategoryList.Launch.Recurring.CostElementList.CostElement"
"United Launch Alliance/ Space X","CO/CA","0.00","0.00","0.00","0","0","0","0","0","0","0","0","2017-BASE_PROCUREMENT-2017-AIRFORCE_MISSILE-U_PROCUREMENT_MasterJustificationBook_Air_Force_PB_2017.zzz_unzipped-U_PROCUREMENT_MasterJustificationBook_Air_Force_PB_2017.xml","0aaff7f9fbc97457e9ac7628aca63d803f4f49d5d154173563fad4699056f5e8","0-28a025806b5721002a01776bd8b0596f1013de6b6a6a804a8b096fc4bd1ed940","0-12f7762b709290412326701d172e0ebb7e903d9e99be642ded41bea72359364b","root.record.ItemExhibitList.P5Item.CostElementCategoryList.Launch.Recurring.CostElementList.CostElement"
"United Launch Alliance","CO","0.00","0.00","0.00","0","0","0","0","0","0","0","0","2017-BASE_PROCUREMENT-2017-AIRFORCE_MISSILE-U_PROCUREMENT_MasterJustificationBook_Air_Force_PB_2017.zzz_unzipped-U_PROCUREMENT_MasterJustificationBook_Air_Force_PB_2017.xml","0aaff7f9fbc97457e9ac7628aca63d803f4f49d5d154173563fad4699056f5e8","1-148e6e5bcd0566d2040a8d9dd7bfca0a99ea11947b54d6b4f68264f3e5298f25","0-12f7762b709290412326701d172e0ebb7e903d9e99be642ded41bea72359364b","root.record.ItemExhibitList.P5Item.CostElementCategoryList.Launch.Recurring.CostElementList.CostElement"
"United Launch Alliance (ULA)/Various","CO/Various","0.00","0.00","0.00","0","0","0","0","0","0","0","0","2017-BASE_PROCUREMENT-2017-AIRFORCE_MISSILE-U_PROCUREMENT_MasterJustificationBook_Air_Force_PB_2017.zzz_unzipped-U_PROCUREMENT_MasterJustificationBook_Air_Force_PB_2017.xml","0aaff7f9fbc97457e9ac7628aca63d803f4f49d5d154173563fad4699056f5e8","2-687f296c9bf494a1a809f7e6b38c7537c9621917533f6d7b805a0e9046aeb1b8","0-12f7762b709290412326701d172e0ebb7e903d9e99be642ded41bea72359364b","root.record.ItemExhibitList.P5Item.CostElementCategoryList.Launch.Recurring.CostElementList.CostElement"
"United Launch Alliance (ULA)/CO/ Space X/CA","CO/Various","3.00","10.00","10.00","0","0","0","0","0","4","24","28","2017-BASE_PROCUREMENT-2017-AIRFORCE_MISSILE-U_PROCUREMENT_MasterJustificationBook_Air_Force_PB_2017.zzz_unzipped-U_PROCUREMENT_MasterJustificationBook_Air_Force_PB_2017.xml","0aaff7f9fbc97457e9ac7628aca63d803f4f49d5d154173563fad4699056f5e8","3-de2175f955fcb564e0b4cefffd72cea845f0e424245b98a968b7b693bab8a405","0-12f7762b709290412326701d172e0ebb7e903d9e99be642ded41bea72359364b","root.record.ItemExhibitList.P5Item.CostElementCategoryList.Launch.Recurring.CostElementList.CostElement"
"United Launch Alliance (ULA)/Space X","CO/CA","0.00","0.00","0.00","0","0","0","0","0","0","0","0","2017-BASE_PROCUREMENT-2017-AIRFORCE_SPACE-U_PROCUREMENT_JustificationBook_Air_Force_PB_2017.zzz_unzipped-U_PROCUREMENT_JustificationBook_Air_Force_PB_2017.xml","eba9fe6c064fe1d265f9658104dc72ec79802ee6864d5cf1b5db6e8c06a27c92","0-f881ad45c797d0e8fe174f71e5be41d083f43826dc1a2de3c40cba0661ca4d88","0-c9719bef59a50c9b5449af3445c424afa5f801f09c48595595b1f11e0fcee70d","root.record.ItemExhibitList.P5Item.CostElementCategoryList.Launch.Recurring.CostElementList.CostElement"
"United Launch Alliance (ULA)/Various","CO/TBD","0.00","0.00","0.00","0","0","0","0","0","0","0","0","2017-BASE_PROCUREMENT-2017-AIRFORCE_SPACE-U_PROCUREMENT_JustificationBook_Air_Force_PB_2017.zzz_unzipped-U_PROCUREMENT_JustificationBook_Air_Force_PB_2017.xml","eba9fe6c064fe1d265f9658104dc72ec79802ee6864d5cf1b5db6e8c06a27c92","1-9820ff59be733fa6a067dae83caa92206398f8f0ae3df88f614a6530ddf48e42","0-c9719bef59a50c9b5449af3445c424afa5f801f09c48595595b1f11e0fcee70d","root.record.ItemExhibitList.P5Item.CostElementCategoryList.Launch.Recurring.CostElementList.CostElement"
"TBD","CO/TBD","0.00","0.00","0.00","0","0","0","0","0","0","0","0","2017-BASE_PROCUREMENT-2017-AIRFORCE_SPACE-U_PROCUREMENT_JustificationBook_Air_Force_PB_2017.zzz_unzipped-U_PROCUREMENT_JustificationBook_Air_Force_PB_2017.xml","eba9fe6c064fe1d265f9658104dc72ec79802ee6864d5cf1b5db6e8c06a27c92","2-dcaff89c9b2420fcc38f5e674aacc010369158c52b0c14046f70bd33189b2589","0-c9719bef59a50c9b5449af3445c424afa5f801f09c48595595b1f11e0fcee70d","root.record.ItemExhibitList.P5Item.CostElementCategoryList.Launch.Recurring.CostElementList.CostElement"
"United Launch Alliance (ULA)/Space X","CO/CA","3.00","10.00","10.00","0","0","0","0","0","3","24","27","2017-BASE_PROCUREMENT-2017-AIRFORCE_SPACE-U_PROCUREMENT_JustificationBook_Air_Force_PB_2017.zzz_unzipped-U_PROCUREMENT_JustificationBook_Air_Force_PB_2017.xml","ec93ed095b5ca4b931dec7bb1f726d801cfd1dfdbf02f5e7c1bf686ce7e68176","0-581d097f5615e60d09d960f149bd0dcd6e5658acd7ba4eea9b58db48006c2996","0-31e33f71eda5c695d72424eb55231e3806bc73be9f6c1bd0609b012bbecb1d31","root.record.ItemExhibitList.P5Item.CostElementCategoryList.Launch.Recurring.CostElementList.CostElement"
"TBD","TBD","0.00","0.00","0.00","0","0","0","0","0","0","0","0","2017-BASE_PROCUREMENT-2017-AIRFORCE_SPACE-U_PROCUREMENT_JustificationBook_Air_Force_PB_2017.zzz_unzipped-U_PROCUREMENT_JustificationBook_Air_Force_PB_2017.xml","ec93ed095b5ca4b931dec7bb1f726d801cfd1dfdbf02f5e7c1bf686ce7e68176","1-197783e6bcf0e3748635f5064b91c4f89414f8e4f18d0eafcb220eda82f74661","0-31e33f71eda5c695d72424eb55231e3806bc73be9f6c1bd0609b012bbecb1d31","root.record.ItemExhibitList.P5Item.CostElementCategoryList.Launch.Recurring.CostElementList.CostElement"
"United Launch Alliance (ULA)/Space X","CO/CA","0.00","0.00","0.00","0","0","0","0","0","0","0","0","2017-BASE_PROCUREMENT-2017-AIRFORCE_SPACE-U_PROCUREMENT_MasterJustificationBook_Air_Force_PB_2017.zzz_unzipped-U_PROCUREMENT_MasterJustificationBook_Air_Force_PB_2017.xml","93da043eef78975dad30e261ee4c5f8ab6799eb4953cc377d1c9f77ce349529c","0-fdd7ffce9136e487fb8ed4d23a02457538e25f499f32159a9e400782fd4f0186","0-91147ace2ac5971dfd448241ab7f20ba0a8712399af6d0e3cdbf2d2a1b8e9115","root.record.ItemExhibitList.P5Item.CostElementCategoryList.Launch.Recurring.CostElementList.CostElement"
"United Launch Alliance (ULA)/Various","CO/TBD","0.00","0.00","0.00","0","0","0","0","0","0","0","0","2017-BASE_PROCUREMENT-2017-AIRFORCE_SPACE-U_PROCUREMENT_MasterJustificationBook_Air_Force_PB_2017.zzz_unzipped-U_PROCUREMENT_MasterJustificationBook_Air_Force_PB_2017.xml","93da043eef78975dad30e261ee4c5f8ab6799eb4953cc377d1c9f77ce349529c","1-84609e6729c37c1dd45cba7752369e865f65f97286e8e4ed6234ebccb168e105","0-91147ace2ac5971dfd448241ab7f20ba0a8712399af6d0e3cdbf2d2a1b8e9115","root.record.ItemExhibitList.P5Item.CostElementCategoryList.Launch.Recurring.CostElementList.CostElement"
"TBD","CO/TBD","0.00","0.00","0.00","0","0","0","0","0","0","0","0","2017-BASE_PROCUREMENT-2017-AIRFORCE_SPACE-U_PROCUREMENT_MasterJustificationBook_Air_Force_PB_2017.zzz_unzipped-U_PROCUREMENT_MasterJustificationBook_Air_Force_PB_2017.xml","93da043eef78975dad30e261ee4c5f8ab6799eb4953cc377d1c9f77ce349529c","2-18affb6c50b36f7b1b15b37de4ea055912f206c51347c3876f29e3be1f9a9da4","0-91147ace2ac5971dfd448241ab7f20ba0a8712399af6d0e3cdbf2d2a1b8e9115","root.record.ItemExhibitList.P5Item.CostElementCategoryList.Launch.Recurring.CostElementList.CostElement"
"United Launch Alliance (ULA)/Space X","CO/CA","3.00","10.00","10.00","0","0","0","0","0","3","24","27","2017-BASE_PROCUREMENT-2017-AIRFORCE_SPACE-U_PROCUREMENT_MasterJustificationBook_Air_Force_PB_2017.zzz_unzipped-U_PROCUREMENT_MasterJustificationBook_Air_Force_PB_2017.xml","96cd91b6f0a12ac29a5457b42901859397ea8cd74200ed2ed8fc9c97846f481d","0-55180360c928596d3478b09e2be9311fb07b7c18ef444926fd40e99c1c165827","0-c01c235797f9edff32a91f3951f214296d8774f90155ca302692877abc3cf773","root.record.ItemExhibitList.P5Item.CostElementCategoryList.Launch.Recurring.CostElementList.CostElement"
"TBD","TBD","0.00","0.00","0.00","0","0","0","0","0","0","0","0","2017-BASE_PROCUREMENT-2017-AIRFORCE_SPACE-U_PROCUREMENT_MasterJustificationBook_Air_Force_PB_2017.zzz_unzipped-U_PROCUREMENT_MasterJustificationBook_Air_Force_PB_2017.xml","96cd91b6f0a12ac29a5457b42901859397ea8cd74200ed2ed8fc9c97846f481d","1-5d86e0f5d4301e981571a58b0997d860529ebb6cbd5b4e4e21ff5208e3c3b124","0-c01c235797f9edff32a91f3951f214296d8774f90155ca302692877abc3cf773","root.record.ItemExhibitList.P5Item.CostElementCategoryList.Launch.Recurring.CostElementList.CostElement"
"United Launch Alliance (ULA)","Co","0.00","0.00","0.00","0","0","0","0","0","0","0","0","2018-BASE_PROCUREMENT-2018-AIRFORCE_SPACE-U_PROCUREMENT_JustificationBook_Air_Force_PB_2018.zzz_unzipped-U_PROCUREMENT_JustificationBook_Air_Force_PB_2018.xml","a504d38fb691940edf6ae31773acb20020b93bb4b14f2e126f1dbfb1833d2c40","0-39a7737a9ffefdcdb98aacb84beac35477a01a2baab61259fc8186e2a3b340d6","0-855b47ea4aad0c7c1fba61e72cd5c6e8d5862dc3e7bb062f57a1dd0038678c80","root.record.ItemExhibitList.P5Item.CostElementCategoryList.Launch.Recurring.CostElementList.CostElement"
"United Launch Alliance (ULA)/Space X","CO/CA","0.00","0.00","0.00","0","0","0","0","0","0","0","0","2018-BASE_PROCUREMENT-2018-AIRFORCE_SPACE-U_PROCUREMENT_JustificationBook_Air_Force_PB_2018.zzz_unzipped-U_PROCUREMENT_JustificationBook_Air_Force_PB_2018.xml","325d3c3180a12017ffe453649a0a4a785aea7e048f4c973d82c0e34139fd5940","0-45aec8449b0ced13036afc2ad31dfec09ab625277f45aca8ee6c16b553711ff1","0-4e87a56d44222619d5b7abfe034a536fae13606e0134a84a15e0283394a50f1b","root.record.ItemExhibitList.P5Item.CostElementCategoryList.Launch.Recurring.CostElementList.CostElement"
"United Launch Alliance (ULA)/SpaceX","CO/CA","3.00","10.00","8.00","0","0","0","0","6","3","24","27","2018-BASE_PROCUREMENT-2018-AIRFORCE_SPACE-U_PROCUREMENT_JustificationBook_Air_Force_PB_2018.zzz_unzipped-U_PROCUREMENT_JustificationBook_Air_Force_PB_2018.xml","325d3c3180a12017ffe453649a0a4a785aea7e048f4c973d82c0e34139fd5940","1-84b81c5a8c585fc8d89ded0b16a532adf5f2ff32e6da047c44ed2d406a4bbbf4","0-4e87a56d44222619d5b7abfe034a536fae13606e0134a84a15e0283394a50f1b","root.record.ItemExhibitList.P5Item.CostElementCategoryList.Launch.Recurring.CostElementList.CostElement"
"United Launch Alliance (ULA)","Co","0.00","0.00","0.00","0","0","0","0","0","0","0","0","2018-BASE_PROCUREMENT-2018-AIRFORCE_SPACE-U_PROCUREMENT_MasterJustificationBook_Air_Force_PB_2018.zzz_unzipped-U_PROCUREMENT_MasterJustificationBook_Air_Force_PB_2018.xml","c130b3a1f104b5de3401c5acdd5cb51029b1ae1eaf597bbfa82e5b55fd991423","0-bc2bdcc86f1b28f15108b364c0cc6de56a08736cb313b8c3e69e66e239e11d02","0-dac3b3da9dd20fe2ae92de7eefd2eeac586a67512355ebb08e8b3d81824832fe","root.record.ItemExhibitList.P5Item.CostElementCategoryList.Launch.Recurring.CostElementList.CostElement"
"United Launch Alliance (ULA)/Space X","CO/CA","0.00","0.00","0.00","0","0","0","0","0","0","0","0","2018-BASE_PROCUREMENT-2018-AIRFORCE_SPACE-U_PROCUREMENT_MasterJustificationBook_Air_Force_PB_2018.zzz_unzipped-U_PROCUREMENT_MasterJustificationBook_Air_Force_PB_2018.xml","ea40833ccabefde03e8b1c2e9d9f55f14d7d4e54a7c37cd2d2b1f7b53af14e9d","0-5f43ce9a9b0c2b670d4129d20ae2a284dd8680090eed7b260b42edb84a56d7f0","0-f89f6e4ba6253c9d5a2c60e0aa7a9407d8c1522865672e28603075dc6da31ec6","root.record.ItemExhibitList.P5Item.CostElementCategoryList.Launch.Recurring.CostElementList.CostElement"
"United Launch Alliance (ULA)/SpaceX","CO/CA","3.00","10.00","8.00","0","0","0","0","6","3","24","27","2018-BASE_PROCUREMENT-2018-AIRFORCE_SPACE-U_PROCUREMENT_MasterJustificationBook_Air_Force_PB_2018.zzz_unzipped-U_PROCUREMENT_MasterJustificationBook_Air_Force_PB_2018.xml","ea40833ccabefde03e8b1c2e9d9f55f14d7d4e54a7c37cd2d2b1f7b53af14e9d","1-ee7ac0235400cd5c81d6d5d8d944e5eb24c53e1f7f325b037df82cc740ae6e14","0-f89f6e4ba6253c9d5a2c60e0aa7a9407d8c1522865672e28603075dc6da31ec6","root.record.ItemExhibitList.P5Item.CostElementCategoryList.Launch.Recurring.CostElementList.CostElement"
"United Launch Alliance (ULA)/CO","CO","0.00","0.00","0.00","0","0","0","0","0","0","0","0","2019-BASE_PROCUREMENT-2019-AIRFORCE_SPACE-U_PROCUREMENT_JustificationBook_Air_Force_PB_2019.zzz_unzipped-U_PROCUREMENT_JustificationBook_Air_Force_PB_2019.xml","db46b2261433bc4722a6ce262878edc82af01260e83ad0e4141f1696ee1ab4a1","0-e46759ed4ff48a16ea09300eb1c0a988beb21cb179d13a5e3a1c9aec206b3946","0-bf9412d95d8c3810bf47662f76982323f1afafd4e633f92c9ea774b169480cd1","root.record.ItemExhibitList.P5Item.CostElementCategoryList.Launch.Recurring.CostElementList.CostElement"
"United Launch Alliance(ULA)/SpaceX / Co/CA","Co/CA","0.00","0.00","0.00","0","0","0","0","0","0","0","0","2019-BASE_PROCUREMENT-2019-AIRFORCE_SPACE-U_PROCUREMENT_JustificationBook_Air_Force_PB_2019.zzz_unzipped-U_PROCUREMENT_JustificationBook_Air_Force_PB_2019.xml","db46b2261433bc4722a6ce262878edc82af01260e83ad0e4141f1696ee1ab4a1","0-dbb17aec040bc34e5a518bda7b4edf40aac256bb06492011652e3fc7dbdbf652","1-0a31145ffd1d99e260d0d9ff41bae90eccfdb39b6765190324d53191cf0271b9","root.record.ItemExhibitList.P5Item.CostElementCategoryList.Launch.Recurring.CostElementList.CostElement"
"United Launch Alliance(ULA)/SpaceX","Co/CA","0.00","0.00","0.00","0","0","0","0","0","0","0","0","2019-BASE_PROCUREMENT-2019-AIRFORCE_SPACE-U_PROCUREMENT_JustificationBook_Air_Force_PB_2019.zzz_unzipped-U_PROCUREMENT_JustificationBook_Air_Force_PB_2019.xml","db46b2261433bc4722a6ce262878edc82af01260e83ad0e4141f1696ee1ab4a1","1-be28ad0b2673e90ad3f83a2647a4f157d28ebd9297f1b9e904f0f8afff165cf8","1-0a31145ffd1d99e260d0d9ff41bae90eccfdb39b6765190324d53191cf0271b9","root.record.ItemExhibitList.P5Item.CostElementCategoryList.Launch.Recurring.CostElementList.CostElement"
"United Launch Alliance (ULA)/SpaceX","CO/CA","0.00","0.00","0.00","0","0","0","0","0","0","0","0","2019-BASE_PROCUREMENT-2019-AIRFORCE_SPACE-U_PROCUREMENT_JustificationBook_Air_Force_PB_2019.zzz_unzipped-U_PROCUREMENT_JustificationBook_Air_Force_PB_2019.xml","437d2c67a4cc5d16854929d21729fd5d4c78483d0ac1527148024d46b499a23b","0-e1010d3f8f3a20dca2043915a14860c101c9e458ef6fc1dcaf7a42d6b2f543da","0-0a134eb177ab388ca9fec2422d72c3163daf67d68b40e0cca9675a64e1b97c62","root.record.ItemExhibitList.P5Item.CostElementCategoryList.Launch.Recurring.CostElementList.CostElement"
"TBD","TBD","3.00","10.00","8.00","0","0","0","0","0","4","24","28","2019-BASE_PROCUREMENT-2019-AIRFORCE_SPACE-U_PROCUREMENT_JustificationBook_Air_Force_PB_2019.zzz_unzipped-U_PROCUREMENT_JustificationBook_Air_Force_PB_2019.xml","437d2c67a4cc5d16854929d21729fd5d4c78483d0ac1527148024d46b499a23b","1-94b2d24368530eba4fba737d60a2a3b9040dd7f14491f47fb17fcbdeb71808c9","0-0a134eb177ab388ca9fec2422d72c3163daf67d68b40e0cca9675a64e1b97c62","root.record.ItemExhibitList.P5Item.CostElementCategoryList.Launch.Recurring.CostElementList.CostElement"
"United Launch Alliance (ULA)/CO","CO","0.00","0.00","0.00","0","0","0","0","0","0","0","0","2019-BASE_PROCUREMENT-2019-AIRFORCE_SPACE-U_PROCUREMENT_MasterJustificationBook_Air_Force_PB_2019.zzz_unzipped-U_PROCUREMENT_MasterJustificationBook_Air_Force_PB_2019.xml","337d686eec0c89a868c57fc4633a6590d3dee3fd609e2c1827e49a935f958691","0-d177dbe265440184032b44c73ec0ee1ff002c93bfff57ade63646dc46cdb4a75","0-20e26ef67b5c429833a712076e21a848117ee081fc1dbc00def83777daa6db91","root.record.ItemExhibitList.P5Item.CostElementCategoryList.Launch.Recurring.CostElementList.CostElement"
"United Launch Alliance(ULA)/SpaceX / Co/CA","Co/CA","0.00","0.00","0.00","0","0","0","0","0","0","0","0","2019-BASE_PROCUREMENT-2019-AIRFORCE_SPACE-U_PROCUREMENT_MasterJustificationBook_Air_Force_PB_2019.zzz_unzipped-U_PROCUREMENT_MasterJustificationBook_Air_Force_PB_2019.xml","337d686eec0c89a868c57fc4633a6590d3dee3fd609e2c1827e49a935f958691","0-d0f9dbe5314264c316df64bbd0139bef064309cfc9e4be1924b2459f3d412cb4","1-8266e6dbf5fe186a2603dea86e39c46563ba34ca020e862e174fe9d65ad3bd0e","root.record.ItemExhibitList.P5Item.CostElementCategoryList.Launch.Recurring.CostElementList.CostElement"
"United Launch Alliance(ULA)/SpaceX","Co/CA","0.00","0.00","0.00","0","0","0","0","0","0","0","0","2019-BASE_PROCUREMENT-2019-AIRFORCE_SPACE-U_PROCUREMENT_MasterJustificationBook_Air_Force_PB_2019.zzz_unzipped-U_PROCUREMENT_MasterJustificationBook_Air_Force_PB_2019.xml","337d686eec0c89a868c57fc4633a6590d3dee3fd609e2c1827e49a935f958691","1-ca523276aa18eb8cd4ae286bd708faec0b76905077529b1f268c46276b619a98","1-8266e6dbf5fe186a2603dea86e39c46563ba34ca020e862e174fe9d65ad3bd0e","root.record.ItemExhibitList.P5Item.CostElementCategoryList.Launch.Recurring.CostElementList.CostElement"
"United Launch Alliance (ULA)/SpaceX","CO/CA","0.00","0.00","0.00","0","0","0","0","0","0","0","0","2019-BASE_PROCUREMENT-2019-AIRFORCE_SPACE-U_PROCUREMENT_MasterJustificationBook_Air_Force_PB_2019.zzz_unzipped-U_PROCUREMENT_MasterJustificationBook_Air_Force_PB_2019.xml","5c7e320ef862152863a5c39cc1a485c2c4e8fa5279f08c8454a72905bff07d97","0-c8f96d5cb578ac1a0acde2d3f3db132592b8b1697f2dce0abc47b177ee547be3","0-9f34b4f98d2772b8107757caba5018ec27d461b3007303ecc58d0dc5196b75b7","root.record.ItemExhibitList.P5Item.CostElementCategoryList.Launch.Recurring.CostElementList.CostElement"
"TBD","TBD","3.00","10.00","8.00","0","0","0","0","0","4","24","28","2019-BASE_PROCUREMENT-2019-AIRFORCE_SPACE-U_PROCUREMENT_MasterJustificationBook_Air_Force_PB_2019.zzz_unzipped-U_PROCUREMENT_MasterJustificationBook_Air_Force_PB_2019.xml","5c7e320ef862152863a5c39cc1a485c2c4e8fa5279f08c8454a72905bff07d97","1-6a872a5b0e5d8106799b8a47d7684a22167b0376b73b9e6cc22d636ad02ac15e","0-9f34b4f98d2772b8107757caba5018ec27d461b3007303ecc58d0dc5196b75b7","root.record.ItemExhibitList.P5Item.CostElementCategoryList.Launch.Recurring.CostElementList.CostElement"
"United Launch Alliance (ULA)/CO","CO","0.00","0.00","0.00","0","0","0","0","0","0","0","0","2020-BASE_PROCUREMENT-2020-AIRFORCE_SPACE-U_PROCUREMENT_JustificationBook_Air_Force_PB_2020.zzz_unzipped-U_PROCUREMENT_JustificationBook_Air_Force_PB_2020.xml","3822a3fb2bbb0a070ee96b3e88efa10587113b9cf1b464ee906cd8c3b320b82e","0-903e4618b9c3b5c225558fde63fe52324ae70a9a1bd21bceea7a48b80f96af40","0-249e873c897e47f39addaf9603a5ea4ced1bcaeeb4e0856d4b74f9368e36c74a","root.record.ItemExhibitList.P5Item.CostElementCategoryList.Launch.Recurring.CostElementList.CostElement"
"United Launch Alliance (ULA)/SpaceX","CO/CA","0.00","0.00","0.00","0","0","0","0","0","0","0","0","2020-BASE_PROCUREMENT-2020-AIRFORCE_SPACE-U_PROCUREMENT_JustificationBook_Air_Force_PB_2020.zzz_unzipped-U_PROCUREMENT_JustificationBook_Air_Force_PB_2020.xml","08c4d8d5e59a351bd4ee55fd7ea05b6cb60e8cbc8db146c1f3d795741592e31b","0-a136f187f839fdb4d292552d813d4d1eb8c2a4ed0954940c2e8870f5259733e2","0-4e4877cb855fea4b5d65e4526891f5004b375102325f72e0cb2870f4b8478baf","root.record.ItemExhibitList.P5Item.CostElementCategoryList.Launch.Recurring.CostElementList.CostElement"
"TBD","TBD","2.00","6.00","6.00","1","3","24","27","0","0","0","0","2020-BASE_PROCUREMENT-2020-AIRFORCE_SPACE-U_PROCUREMENT_JustificationBook_Air_Force_PB_2020.zzz_unzipped-U_PROCUREMENT_JustificationBook_Air_Force_PB_2020.xml","08c4d8d5e59a351bd4ee55fd7ea05b6cb60e8cbc8db146c1f3d795741592e31b","1-eeb4a2b14fb81e60a1f47711524ba93af3f2f47f44bdaf07c2981dcfc2560436","0-4e4877cb855fea4b5d65e4526891f5004b375102325f72e0cb2870f4b8478baf","root.record.ItemExhibitList.P5Item.CostElementCategoryList.Launch.Recurring.CostElementList.CostElement"
"TBD","TBD","0.00","0.00","0.00","0","0","0","0","0","0","0","0","2020-BASE_PROCUREMENT-2020-AIRFORCE_SPACE-U_PROCUREMENT_JustificationBook_Air_Force_PB_2020.zzz_unzipped-U_PROCUREMENT_JustificationBook_Air_Force_PB_2020.xml","08c4d8d5e59a351bd4ee55fd7ea05b6cb60e8cbc8db146c1f3d795741592e31b","0-3cc0b6e41c0b1e767a830aa69a794d82f503866c9f7df1724f06ad375b1d0752","3-31350d6704c4dbca7beea58e73c6340e768aca66760618608cfac9e17a8cd7cc","root.record.ItemExhibitList.P5Item.CostElementCategoryList.Launch.Recurring.CostElementList.CostElement"
"United Launch Alliance (ULA)/CO","CO","0.00","0.00","0.00","0","0","0","0","0","0","0","0","2020-BASE_PROCUREMENT-2020-AIRFORCE_SPACE-U_PROCUREMENT_MasterJustificationBook_Air_Force_PB_2020.zzz_unzipped-U_PROCUREMENT_MasterJustificationBook_Air_Force_PB_2020.xml","4d46fb63f2137e78641651d53b34b56f6b00c6b8ad9cb366b14a09cbd13be531","0-8a8afc139c8816743894b118b7a1b641ff348cca893ff9aea0ae8688b93daedb","0-e278128ee3e9c9040b96793b952280f3927bbd3792ca72a870a49abe170bf717","root.record.ItemExhibitList.P5Item.CostElementCategoryList.Launch.Recurring.CostElementList.CostElement"
"United Launch Alliance (ULA)/SpaceX","CO/CA","0.00","0.00","0.00","0","0","0","0","0","0","0","0","2020-BASE_PROCUREMENT-2020-AIRFORCE_SPACE-U_PROCUREMENT_MasterJustificationBook_Air_Force_PB_2020.zzz_unzipped-U_PROCUREMENT_MasterJustificationBook_Air_Force_PB_2020.xml","c9b645ca3693dc4386f5024067a158db34ff6924a8e540b310f1bbc768a98941","0-5e131c0f8c085484ed6685552d6127e6d663c5f181a9b0645365239aeead0af1","0-e5739f4efe8afecba8e83c7d47041631cab9ec9db7875b56b03b0b549353802c","root.record.ItemExhibitList.P5Item.CostElementCategoryList.Launch.Recurring.CostElementList.CostElement"
"TBD","TBD","2.00","6.00","6.00","1","3","24","27","0","0","0","0","2020-BASE_PROCUREMENT-2020-AIRFORCE_SPACE-U_PROCUREMENT_MasterJustificationBook_Air_Force_PB_2020.zzz_unzipped-U_PROCUREMENT_MasterJustificationBook_Air_Force_PB_2020.xml","c9b645ca3693dc4386f5024067a158db34ff6924a8e540b310f1bbc768a98941","1-99d74706f98abc134ea36ee62585183053108c8a875af3e8ce1829000f709cb0","0-e5739f4efe8afecba8e83c7d47041631cab9ec9db7875b56b03b0b549353802c","root.record.ItemExhibitList.P5Item.CostElementCategoryList.Launch.Recurring.CostElementList.CostElement"
"TBD","TBD","0.00","0.00","0.00","0","0","0","0","0","0","0","0","2020-BASE_PROCUREMENT-2020-AIRFORCE_SPACE-U_PROCUREMENT_MasterJustificationBook_Air_Force_PB_2020.zzz_unzipped-U_PROCUREMENT_MasterJustificationBook_Air_Force_PB_2020.xml","c9b645ca3693dc4386f5024067a158db34ff6924a8e540b310f1bbc768a98941","0-6c31719d0f3690e94083ff1a9190ffac0de8ccbf4660e0d0a01061702899c049","3-5bff13cbb15d6070e7411eda25fc1b5a2e1d3f1e834def789f257acc083aa13d","root.record.ItemExhibitList.P5Item.CostElementCategoryList.Launch.Recurring.CostElementList.CostElement"
