Name_val,Location_val,MinimumSustainingRate_val,MaximumProductionRate_val,Rate185_val,InitialQuantity_AdminLeadTimeBeforeOct1InMonths_val,InitialQuantity_AdminLeadTimeAfterOct1InMonths_val,InitialQuantity_ProductionLeadTimeAfterOct1InMonths_val,InitialQuantity_TotalLeadTimeAfterOct1InMonths_val,ReorderQuantity_AdminLeadTimeBeforeOct1InMonths_val,ReorderQuantity_AdminLeadTimeAfterOct1InMonths_val,ReorderQuantity_ProductionLeadTimeAfterOct1InMonths_val,ReorderQuantity_TotalLeadTimeAfterOct1InMonths_val,@SOURCE_FILENAME,@RECORDID,@ROWID,@PARENTROWID,@PARENT
"United Launch Alliance (ULA)","CO","4","10","10","1","0","0","0","1","1","25","26","2013-BASE_PROCUREMENT-2013-AIRFORCE_MISSILE-JustificationBook_Air_Force_PB_2013.zzz_unzipped-JustificationBook_Air_Force_PB_2013.xml","8b85eb0d0f9d135685fb9ddd37378f4e4b83141bb343dc95a96c33fa3bcdf18d","0-85fc945eb1c76f30c04cdebcbeabb639d70f49e4ee220fe2550c1a27c82adb0c","0-6eb93bc03f6720cbf76a9979a6cd79e7f45decbd4d8981a9fdfeaea94bc6ff9f","root.record.ItemExhibitList.P5Item.CostElementCategoryList.Launch.Recurring.CostElementList.CostElement"
"United Launch Alliance (ULA)","CO","4","10","10","1","0","0","0","1","1","25","26","2013-BASE_PROCUREMENT-2013-AIRFORCE_MISSILE-MasterJustificationBook_Air_Force_PB_2013.zzz_unzipped-MasterJustificationBook_Air_Force_PB_2013.xml","d10fbc086dd24d31f215c1abc02d7f81f52a1aa0dd3e06f1f6d0611fde3447ec","0-9b0ed381e1dbe204c4f8b6608e465624cf3bcf84d7bd097bc2cf415a00937e22","0-9d8b7c9c6e102c352353ca4b7b8603d718e53472d96205277e8e6596673879c0","root.record.ItemExhibitList.P5Item.CostElementCategoryList.Launch.Recurring.CostElementList.CostElement"
"United Launch Alliance (ULA)","CO","4.00","10.00","10.00","1","0","0","0","1","1","25","26","2014-BASE_PROCUREMENT-2014-AIRFORCE_MISSILE-PROCUREMENT_JustificationBook_Air_Force_PB_2014.zzz_unzipped-PROCUREMENT_JustificationBook_Air_Force_PB_2014.xml","68ea63f1b14499493039407eb06bfa2f6b465ded3e4359e8517cedd6dfa14364","0-dedcb62ecd3bd1cec7d972dc6ab96c02af2d5cda8dd4344b9310054f3a0494d0","0-f5a74d5cc59ba51a5adbed8b3e5c43f607f2f3fea861102aaaf9a15016830c8d","root.record.ItemExhibitList.P5Item.CostElementCategoryList.Launch.Recurring.CostElementList.CostElement"
"United Launch Alliance (ULA)/SpaceX","CO/CA","0.00","0.00","0.00","0","0","0","0","0","0","0","0","2014-BASE_PROCUREMENT-2014-AIRFORCE_MISSILE-PROCUREMENT_JustificationBook_Air_Force_PB_2014.zzz_unzipped-PROCUREMENT_JustificationBook_Air_Force_PB_2014.xml","68ea63f1b14499493039407eb06bfa2f6b465ded3e4359e8517cedd6dfa14364","1-c9ce057b3cad8bc4c4e061afb843f8b33fc7e5c2810d14a072c9abc2a85f6d06","0-f5a74d5cc59ba51a5adbed8b3e5c43f607f2f3fea861102aaaf9a15016830c8d","root.record.ItemExhibitList.P5Item.CostElementCategoryList.Launch.Recurring.CostElementList.CostElement"
"United Launch Alliance (ULA)/New Entrant","CO/TBD","4.00","10.00","10.00","1","0","0","0","1","1","25","26","2014-BASE_PROCUREMENT-2014-AIRFORCE_MISSILE-PROCUREMENT_JustificationBook_Air_Force_PB_2014.zzz_unzipped-PROCUREMENT_JustificationBook_Air_Force_PB_2014.xml","68ea63f1b14499493039407eb06bfa2f6b465ded3e4359e8517cedd6dfa14364","2-9b997c5e2bfc1ff7cedeaa8fed37b8310f69c9275ccd98ee5641db25fbece389","0-f5a74d5cc59ba51a5adbed8b3e5c43f607f2f3fea861102aaaf9a15016830c8d","root.record.ItemExhibitList.P5Item.CostElementCategoryList.Launch.Recurring.CostElementList.CostElement"
"TBD","TBD","4.00","10.00","10.00","1","0","0","0","1","1","25","26","2014-BASE_PROCUREMENT-2014-AIRFORCE_MISSILE-PROCUREMENT_JustificationBook_Air_Force_PB_2014.zzz_unzipped-PROCUREMENT_JustificationBook_Air_Force_PB_2014.xml","68ea63f1b14499493039407eb06bfa2f6b465ded3e4359e8517cedd6dfa14364","3-e240c085e6a8a2265c250ec45577f1b07d5aca000bf754cab98cd9217a8dc40e","0-f5a74d5cc59ba51a5adbed8b3e5c43f607f2f3fea861102aaaf9a15016830c8d","root.record.ItemExhibitList.P5Item.CostElementCategoryList.Launch.Recurring.CostElementList.CostElement"
"United Launch Alliance (ULA)","CO","4.00","10.00","10.00","1","0","0","0","1","1","25","26","2014-BASE_PROCUREMENT-2014-AIRFORCE_MISSILE-PROCUREMENT_MasterJustificationBook_Air_Force_PB_2014.zzz_unzipped-PROCUREMENT_MasterJustificationBook_Air_Force_PB_2014.xml","e628ef6da8da11143b41e85d0575946b1eab2d1b8e7c19d89d4f124b7c2b2e32","0-ba716e5a9476e3988e7eee2385c5eeeedd2d62e9d0b55aa1a0668281bfd89412","0-7fa8795b1fc0282a90b126a5d69f1e23fbda3d838611f7e369ae5ee265fbe393","root.record.ItemExhibitList.P5Item.CostElementCategoryList.Launch.Recurring.CostElementList.CostElement"
"United Launch Alliance (ULA)/SpaceX","CO/CA","0.00","0.00","0.00","0","0","0","0","0","0","0","0","2014-BASE_PROCUREMENT-2014-AIRFORCE_MISSILE-PROCUREMENT_MasterJustificationBook_Air_Force_PB_2014.zzz_unzipped-PROCUREMENT_MasterJustificationBook_Air_Force_PB_2014.xml","e628ef6da8da11143b41e85d0575946b1eab2d1b8e7c19d89d4f124b7c2b2e32","1-7681914528779003ed11561df55319a1bfc4b88e9fcbf1cbe02b3383b7a0f816","0-7fa8795b1fc0282a90b126a5d69f1e23fbda3d838611f7e369ae5ee265fbe393","root.record.ItemExhibitList.P5Item.CostElementCategoryList.Launch.Recurring.CostElementList.CostElement"
"United Launch Alliance (ULA)/New Entrant","CO/TBD","4.00","10.00","10.00","1","0","0","0","1","1","25","26","2014-BASE_PROCUREMENT-2014-AIRFORCE_MISSILE-PROCUREMENT_MasterJustificationBook_Air_Force_PB_2014.zzz_unzipped-PROCUREMENT_MasterJustificationBook_Air_Force_PB_2014.xml","e628ef6da8da11143b41e85d0575946b1eab2d1b8e7c19d89d4f124b7c2b2e32","2-84df6f4a0640b0dc2138d12d333855cccb8d4309210dc095c53a7fbc0b96ba79","0-7fa8795b1fc0282a90b126a5d69f1e23fbda3d838611f7e369ae5ee265fbe393","root.record.ItemExhibitList.P5Item.CostElementCategoryList.Launch.Recurring.CostElementList.CostElement"
"TBD","TBD","4.00","10.00","10.00","1","0","0","0","1","1","25","26","2014-BASE_PROCUREMENT-2014-AIRFORCE_MISSILE-PROCUREMENT_MasterJustificationBook_Air_Force_PB_2014.zzz_unzipped-PROCUREMENT_MasterJustificationBook_Air_Force_PB_2014.xml","e628ef6da8da11143b41e85d0575946b1eab2d1b8e7c19d89d4f124b7c2b2e32","3-bdb2e54c7efcb7e8891dccfcdf35151a59a7cb4425a82fd3ea6abc81694e8651","0-7fa8795b1fc0282a90b126a5d69f1e23fbda3d838611f7e369ae5ee265fbe393","root.record.ItemExhibitList.P5Item.CostElementCategoryList.Launch.Recurring.CostElementList.CostElement"
"United Launch Alliance (ULA)","CO","1.00","10.00","10.00","0","0","0","0","0","1","25","26","2015-BASE_PROCUREMENT-2015-AIRFORCE_MISSILE-PROCUREMENT_JustificationBook_Air_Force_PB_2015.zzz_unzipped-PROCUREMENT_JustificationBook_Air_Force_PB_2015.xml","04ba31003147d065bb7b0469d96856c0e467991933cc18cbefa9e3616265b178","0-e7741c73a204ad59610c10eea4a8ad36d19942d0d4e52390baa009ae1847068b","0-d51b58797f64c460e89b6165097f295f213fe8cf9244a4a4578704ae43bbaa72","root.record.ItemExhibitList.P5Item.CostElementCategoryList.Launch.Recurring.CostElementList.CostElement"
"United Launch Alliance (ULA)/SpaceX","CO/CA","1.00","10.00","8.00","0","0","0","0","1","4","25","29","2015-BASE_PROCUREMENT-2015-AIRFORCE_MISSILE-PROCUREMENT_JustificationBook_Air_Force_PB_2015.zzz_unzipped-PROCUREMENT_JustificationBook_Air_Force_PB_2015.xml","04ba31003147d065bb7b0469d96856c0e467991933cc18cbefa9e3616265b178","1-a143872949a7b7f28326673e3fab3e41bb63d8f4668b342badd64070d7a9a718","0-d51b58797f64c460e89b6165097f295f213fe8cf9244a4a4578704ae43bbaa72","root.record.ItemExhibitList.P5Item.CostElementCategoryList.Launch.Recurring.CostElementList.CostElement"
"United Launch Alliance (ULA)/New Entrant","CO/TBD","0.00","10.00","8.00","0","1","25","26","0","0","0","0","2015-BASE_PROCUREMENT-2015-AIRFORCE_MISSILE-PROCUREMENT_JustificationBook_Air_Force_PB_2015.zzz_unzipped-PROCUREMENT_JustificationBook_Air_Force_PB_2015.xml","04ba31003147d065bb7b0469d96856c0e467991933cc18cbefa9e3616265b178","2-3c53fe89706a792bf8e18e8f385ee80568180584f7b6ab6ed4ab6d5974409aee","0-d51b58797f64c460e89b6165097f295f213fe8cf9244a4a4578704ae43bbaa72","root.record.ItemExhibitList.P5Item.CostElementCategoryList.Launch.Recurring.CostElementList.CostElement"
"TBD","TBD","1.00","10.00","8.00","0","1","25","26","1","0","0","0","2015-BASE_PROCUREMENT-2015-AIRFORCE_MISSILE-PROCUREMENT_JustificationBook_Air_Force_PB_2015.zzz_unzipped-PROCUREMENT_JustificationBook_Air_Force_PB_2015.xml","04ba31003147d065bb7b0469d96856c0e467991933cc18cbefa9e3616265b178","3-d8b79b66d930e2e9d69318b1456de29cc1fe696b9aeb69cd0fd8c2cb61163074","0-d51b58797f64c460e89b6165097f295f213fe8cf9244a4a4578704ae43bbaa72","root.record.ItemExhibitList.P5Item.CostElementCategoryList.Launch.Recurring.CostElementList.CostElement"
"United Launch Alliance (ULA)","CO","1.00","10.00","10.00","0","0","0","0","0","1","25","26","2015-BASE_PROCUREMENT-2015-AIRFORCE_MISSILE-PROCUREMENT_MasterJustificationBook_Air_Force_PB_2015.zzz_unzipped-PROCUREMENT_MasterJustificationBook_Air_Force_PB_2015.xml","3abf8b64467cbed6c01c156005d72134c5ac025da35c8ec98beeec4ffadf8568","0-cc0f918fc5530131f07119184d8f2a611f34449d9b40a6300ef96abcd9ccc4d3","0-cfd08b7af70438922abfd42e9ebe2982484c32efb7c705af3cdb1bc6c4e8ab07","root.record.ItemExhibitList.P5Item.CostElementCategoryList.Launch.Recurring.CostElementList.CostElement"
"United Launch Alliance (ULA)/SpaceX","CO/CA","1.00","10.00","8.00","0","0","0","0","1","4","25","29","2015-BASE_PROCUREMENT-2015-AIRFORCE_MISSILE-PROCUREMENT_MasterJustificationBook_Air_Force_PB_2015.zzz_unzipped-PROCUREMENT_MasterJustificationBook_Air_Force_PB_2015.xml","3abf8b64467cbed6c01c156005d72134c5ac025da35c8ec98beeec4ffadf8568","1-20f8e3f0e78077742078f0df8f45553e869fa2dae7ec374484c9aba727e7f4b8","0-cfd08b7af70438922abfd42e9ebe2982484c32efb7c705af3cdb1bc6c4e8ab07","root.record.ItemExhibitList.P5Item.CostElementCategoryList.Launch.Recurring.CostElementList.CostElement"
"United Launch Alliance (ULA)/New Entrant","CO/TBD","0.00","10.00","8.00","0","1","25","26","0","0","0","0","2015-BASE_PROCUREMENT-2015-AIRFORCE_MISSILE-PROCUREMENT_MasterJustificationBook_Air_Force_PB_2015.zzz_unzipped-PROCUREMENT_MasterJustificationBook_Air_Force_PB_2015.xml","3abf8b64467cbed6c01c156005d72134c5ac025da35c8ec98beeec4ffadf8568","2-fb2683f11f96eae22c4fcdc8b8740a95309430b266931d5de613f44f79926bb4","0-cfd08b7af70438922abfd42e9ebe2982484c32efb7c705af3cdb1bc6c4e8ab07","root.record.ItemExhibitList.P5Item.CostElementCategoryList.Launch.Recurring.CostElementList.CostElement"
"TBD","TBD","1.00","10.00","8.00","0","1","25","26","1","0","0","0","2015-BASE_PROCUREMENT-2015-AIRFORCE_MISSILE-PROCUREMENT_MasterJustificationBook_Air_Force_PB_2015.zzz_unzipped-PROCUREMENT_MasterJustificationBook_Air_Force_PB_2015.xml","3abf8b64467cbed6c01c156005d72134c5ac025da35c8ec98beeec4ffadf8568","3-559e69b480808d8ff44226f00723c752dfd2e1bcc8e4b48c401eccad0a38fd31","0-cfd08b7af70438922abfd42e9ebe2982484c32efb7c705af3cdb1bc6c4e8ab07","root.record.ItemExhibitList.P5Item.CostElementCategoryList.Launch.Recurring.CostElementList.CostElement"
"United Launch Alliance (ULA)","CO","0.00","0.00","0.00","0","0","0","0","0","0","0","0","2016-BASE_PROCUREMENT-2016-AIRFORCE_MISSILE-PROCUREMENT_JustificationBook_Air_Force_PB_2016.zzz_unzipped-PROCUREMENT_JustificationBook_Air_Force_PB_2016.xml","6c9aa995b91ad030ee6d32b356405a3b1f11b8001606a08d20590bebadee431a","0-24990e5dc4ae73855c59afc38754a386add68b0bef2ea2ffac22d288b2a850d7","0-7b5d13a48114382a2021aa55a68f2585b22a1e68d2d9b38bb15c4f5339adc0f1","root.record.ItemExhibitList.P5Item.CostElementCategoryList.Launch.Recurring.CostElementList.CostElement"
"United Launch Alliance/ Space X","CO/CA","0.00","0.00","0.00","0","0","0","0","0","0","0","0","2016-BASE_PROCUREMENT-2016-AIRFORCE_MISSILE-PROCUREMENT_JustificationBook_Air_Force_PB_2016.zzz_unzipped-PROCUREMENT_JustificationBook_Air_Force_PB_2016.xml","cf8925d65bd63fdedf24ce17755069f37593cef7cbbe4aeacd94a8f5b6fd690f","0-305640bee38caf0096e723ff6a2521a2900431bcfd9e3a44eb1f136c1706b673","0-8c6b60553991fd3e3f41be680277ad5c4f7bdd1acf49f86966670673f65fd5a2","root.record.ItemExhibitList.P5Item.CostElementCategoryList.Launch.Recurring.CostElementList.CostElement"
"United Launch Alliance","CO","0.00","0.00","0.00","0","0","0","0","0","0","0","0","2016-BASE_PROCUREMENT-2016-AIRFORCE_MISSILE-PROCUREMENT_JustificationBook_Air_Force_PB_2016.zzz_unzipped-PROCUREMENT_JustificationBook_Air_Force_PB_2016.xml","cf8925d65bd63fdedf24ce17755069f37593cef7cbbe4aeacd94a8f5b6fd690f","1-a1f0836216cc1162e9f02e01b5225e44dd906625b155de73c624f6aaf9cdc2b8","0-8c6b60553991fd3e3f41be680277ad5c4f7bdd1acf49f86966670673f65fd5a2","root.record.ItemExhibitList.P5Item.CostElementCategoryList.Launch.Recurring.CostElementList.CostElement"
"United Launch Alliance (ULA)/Various","CO/Various","0.00","0.00","0.00","0","0","0","0","0","0","0","0","2016-BASE_PROCUREMENT-2016-AIRFORCE_MISSILE-PROCUREMENT_JustificationBook_Air_Force_PB_2016.zzz_unzipped-PROCUREMENT_JustificationBook_Air_Force_PB_2016.xml","cf8925d65bd63fdedf24ce17755069f37593cef7cbbe4aeacd94a8f5b6fd690f","2-f0e6bc19bd359c52895555b15512f41e8a525dbac67309352413394a63eeb9f1","0-8c6b60553991fd3e3f41be680277ad5c4f7bdd1acf49f86966670673f65fd5a2","root.record.ItemExhibitList.P5Item.CostElementCategoryList.Launch.Recurring.CostElementList.CostElement"
"United Launch Alliance (ULA)/New Entrant","CO/Various","1.00","10.00","8.00","0","0","0","0","1","4","24","28","2016-BASE_PROCUREMENT-2016-AIRFORCE_MISSILE-PROCUREMENT_JustificationBook_Air_Force_PB_2016.zzz_unzipped-PROCUREMENT_JustificationBook_Air_Force_PB_2016.xml","cf8925d65bd63fdedf24ce17755069f37593cef7cbbe4aeacd94a8f5b6fd690f","3-0d10af99c4823472966284953d8e08678772f0ca2f3b8ff70dc67116793859f9","0-8c6b60553991fd3e3f41be680277ad5c4f7bdd1acf49f86966670673f65fd5a2","root.record.ItemExhibitList.P5Item.CostElementCategoryList.Launch.Recurring.CostElementList.CostElement"
"United Launch Alliance (ULA)","CO","0.00","0.00","0.00","0","0","0","0","0","0","0","0","2016-BASE_PROCUREMENT-2016-AIRFORCE_MISSILE-PROCUREMENT_MasterJustificationBook_Air_Force_PB_2016.zzz_unzipped-PROCUREMENT_MasterJustificationBook_Air_Force_PB_2016.xml","276c920b26f02c0ce9ac31d54a0860fa7e35984db3fb4afee67af15af6561e99","0-89bebc2f584d8e717dec73917065e39892662242a4c31a157ec3cc5eb5ebb568","0-8bcd8fa5f5531f969322fd2af9f42abb10507a8a77a5a60e8b7c80c26e197a81","root.record.ItemExhibitList.P5Item.CostElementCategoryList.Launch.Recurring.CostElementList.CostElement"
"United Launch Alliance/ Space X","CO/CA","0.00","0.00","0.00","0","0","0","0","0","0","0","0","2016-BASE_PROCUREMENT-2016-AIRFORCE_MISSILE-PROCUREMENT_MasterJustificationBook_Air_Force_PB_2016.zzz_unzipped-PROCUREMENT_MasterJustificationBook_Air_Force_PB_2016.xml","939818d19b159c135335fe081effefc55291969edf99d66feedb0e0d81b54846","0-1f8362df03b4fd883da32a0c9c0067a5904ffbfd59f205dc2c722fe8e656a828","0-0f0ab337949f8251496f1af35ad57a2baf0b876a7922120a2a5fbc7365ab5810","root.record.ItemExhibitList.P5Item.CostElementCategoryList.Launch.Recurring.CostElementList.CostElement"
"United Launch Alliance","CO","0.00","0.00","0.00","0","0","0","0","0","0","0","0","2016-BASE_PROCUREMENT-2016-AIRFORCE_MISSILE-PROCUREMENT_MasterJustificationBook_Air_Force_PB_2016.zzz_unzipped-PROCUREMENT_MasterJustificationBook_Air_Force_PB_2016.xml","939818d19b159c135335fe081effefc55291969edf99d66feedb0e0d81b54846","1-6ea728953d18ce8f0db3462d0cfcdc5f7aac10c514576c33bb7ecd820df93ecc","0-0f0ab337949f8251496f1af35ad57a2baf0b876a7922120a2a5fbc7365ab5810","root.record.ItemExhibitList.P5Item.CostElementCategoryList.Launch.Recurring.CostElementList.CostElement"
"United Launch Alliance (ULA)/Various","CO/Various","0.00","0.00","0.00","0","0","0","0","0","0","0","0","2016-BASE_PROCUREMENT-2016-AIRFORCE_MISSILE-PROCUREMENT_MasterJustificationBook_Air_Force_PB_2016.zzz_unzipped-PROCUREMENT_MasterJustificationBook_Air_Force_PB_2016.xml","939818d19b159c135335fe081effefc55291969edf99d66feedb0e0d81b54846","2-c85bfd09b70e4728be30dcae85db3f971c8a57c97ea9aa87520c470a9f10650b","0-0f0ab337949f8251496f1af35ad57a2baf0b876a7922120a2a5fbc7365ab5810","root.record.ItemExhibitList.P5Item.CostElementCategoryList.Launch.Recurring.CostElementList.CostElement"
"United Launch Alliance (ULA)/New Entrant","CO/Various","1.00","10.00","8.00","0","0","0","0","1","4","24","28","2016-BASE_PROCUREMENT-2016-AIRFORCE_MISSILE-PROCUREMENT_MasterJustificationBook_Air_Force_PB_2016.zzz_unzipped-PROCUREMENT_MasterJustificationBook_Air_Force_PB_2016.xml","939818d19b159c135335fe081effefc55291969edf99d66feedb0e0d81b54846","3-50f95ac0ddd42d51feca161d9eff3cd2a2848361b8944c2173400ce2f0672193","0-0f0ab337949f8251496f1af35ad57a2baf0b876a7922120a2a5fbc7365ab5810","root.record.ItemExhibitList.P5Item.CostElementCategoryList.Launch.Recurring.CostElementList.CostElement"
"(ULA/Various","CO/TBD","0.00","0.00","0.00","0","0","0","0","0","0","0","0","2016-BASE_PROCUREMENT-2016-AIRFORCE_SPACE-PROCUREMENT_JustificationBook_Air_Force_PB_2016.zzz_unzipped-PROCUREMENT_JustificationBook_Air_Force_PB_2016.xml","d1f0521c73ebc9037816c74e70ee33273b5fd9f2e08f916f050ecbe177d86071","0-286afe70053d75b27959cc188cfb70f9fbe7e9619a96605238af51aee49afc25","0-d31341157d595cb16a0935c0cdf9c2d1ec554b52360e5c603987814c1e08740d","root.record.ItemExhibitList.P5Item.CostElementCategoryList.Launch.Recurring.CostElementList.CostElement"
"United Launch Alliance (ULA)/Various","CO/TBD","0.00","0.00","0.00","0","0","0","0","0","0","0","0","2016-BASE_PROCUREMENT-2016-AIRFORCE_SPACE-PROCUREMENT_JustificationBook_Air_Force_PB_2016.zzz_unzipped-PROCUREMENT_JustificationBook_Air_Force_PB_2016.xml","d1f0521c73ebc9037816c74e70ee33273b5fd9f2e08f916f050ecbe177d86071","1-6b40297c4043f1068f7b3112194a64c72c446be3a45fbae1f521afe395c976a6","0-d31341157d595cb16a0935c0cdf9c2d1ec554b52360e5c603987814c1e08740d","root.record.ItemExhibitList.P5Item.CostElementCategoryList.Launch.Recurring.CostElementList.CostElement"
"TBD","CO/TBD","0.00","0.00","0.00","0","0","0","0","0","0","0","0","2016-BASE_PROCUREMENT-2016-AIRFORCE_SPACE-PROCUREMENT_JustificationBook_Air_Force_PB_2016.zzz_unzipped-PROCUREMENT_JustificationBook_Air_Force_PB_2016.xml","d1f0521c73ebc9037816c74e70ee33273b5fd9f2e08f916f050ecbe177d86071","2-b56bc7880fdacb2107d50d41c31dce8e84746575143b64d3d9e928f3a6c218e9","0-d31341157d595cb16a0935c0cdf9c2d1ec554b52360e5c603987814c1e08740d","root.record.ItemExhibitList.P5Item.CostElementCategoryList.Launch.Recurring.CostElementList.CostElement"
"United Launch Alliance (ULA)/New Entrant","CO/Various","1.00","10.00","8.00","0","0","0","0","1","3","24","27","2016-BASE_PROCUREMENT-2016-AIRFORCE_SPACE-PROCUREMENT_JustificationBook_Air_Force_PB_2016.zzz_unzipped-PROCUREMENT_JustificationBook_Air_Force_PB_2016.xml","7a2d660364617df9c4864dac6ccd860e0aa8b3a898565771e1e333f1544053e7","0-17c2c2195cdc5cca09a39d0d2c5bc2ca121ca0ac0cae6400c94f2931ddccb3d0","0-c183e8152d46f372efba426bf84f2864721d346a1c7e493e5552d355b9313bed","root.record.ItemExhibitList.P5Item.CostElementCategoryList.Launch.Recurring.CostElementList.CostElement"
"United Launch Alliance/New Entrant","CO/Various","0.00","0.00","0.00","0","0","0","0","0","0","0","0","2016-BASE_PROCUREMENT-2016-AIRFORCE_SPACE-PROCUREMENT_JustificationBook_Air_Force_PB_2016.zzz_unzipped-PROCUREMENT_JustificationBook_Air_Force_PB_2016.xml","7a2d660364617df9c4864dac6ccd860e0aa8b3a898565771e1e333f1544053e7","1-afef81362f23e1d62b0a5cf9888c4d1f83f86558a34d7d62100bc38c0a473943","0-c183e8152d46f372efba426bf84f2864721d346a1c7e493e5552d355b9313bed","root.record.ItemExhibitList.P5Item.CostElementCategoryList.Launch.Recurring.CostElementList.CostElement"
"TBD","TBD","0.00","0.00","0.00","0","0","0","0","0","0","0","0","2016-BASE_PROCUREMENT-2016-AIRFORCE_SPACE-PROCUREMENT_JustificationBook_Air_Force_PB_2016.zzz_unzipped-PROCUREMENT_JustificationBook_Air_Force_PB_2016.xml","7a2d660364617df9c4864dac6ccd860e0aa8b3a898565771e1e333f1544053e7","2-7431f9d79b9cdb71ad3258479c47c35c4617349d6acb3149b9399da0b335fdcc","0-c183e8152d46f372efba426bf84f2864721d346a1c7e493e5552d355b9313bed","root.record.ItemExhibitList.P5Item.CostElementCategoryList.Launch.Recurring.CostElementList.CostElement"
"(ULA/Various","CO/TBD","0.00","0.00","0.00","0","0","0","0","0","0","0","0","2016-BASE_PROCUREMENT-2016-AIRFORCE_SPACE-PROCUREMENT_MasterJustificationBook_Air_Force_PB_2016.zzz_unzipped-PROCUREMENT_MasterJustificationBook_Air_Force_PB_2016.xml","a5822c6433aedb78daa4985dc310373c7cdabcb6db4d8f36492c10d0e4fd1487","0-f8ac0c5ea4800dceb8a027e2770a65d18ae5ba7eb106d311c25bc15c9b4a0b48","0-3c654733af35c33e43e7946fbc7044cdbfe453211afba5cccfb47515590233c0","root.record.ItemExhibitList.P5Item.CostElementCategoryList.Launch.Recurring.CostElementList.CostElement"
"United Launch Alliance (ULA)/Various","CO/TBD","0.00","0.00","0.00","0","0","0","0","0","0","0","0","2016-BASE_PROCUREMENT-2016-AIRFORCE_SPACE-PROCUREMENT_MasterJustificationBook_Air_Force_PB_2016.zzz_unzipped-PROCUREMENT_MasterJustificationBook_Air_Force_PB_2016.xml","a5822c6433aedb78daa4985dc310373c7cdabcb6db4d8f36492c10d0e4fd1487","1-61b82932f79c1c93aeacde11e0816c9f06463a78aa6a5c2341ac2a5b64a00cc6","0-3c654733af35c33e43e7946fbc7044cdbfe453211afba5cccfb47515590233c0","root.record.ItemExhibitList.P5Item.CostElementCategoryList.Launch.Recurring.CostElementList.CostElement"
"TBD","CO/TBD","0.00","0.00","0.00","0","0","0","0","0","0","0","0","2016-BASE_PROCUREMENT-2016-AIRFORCE_SPACE-PROCUREMENT_MasterJustificationBook_Air_Force_PB_2016.zzz_unzipped-PROCUREMENT_MasterJustificationBook_Air_Force_PB_2016.xml","a5822c6433aedb78daa4985dc310373c7cdabcb6db4d8f36492c10d0e4fd1487","2-63621daaf7cce7d8794128007ebc603c28855bc63142c162357939f6c2ab4348","0-3c654733af35c33e43e7946fbc7044cdbfe453211afba5cccfb47515590233c0","root.record.ItemExhibitList.P5Item.CostElementCategoryList.Launch.Recurring.CostElementList.CostElement"
"United Launch Alliance (ULA)/New Entrant","CO/Various","1.00","10.00","8.00","0","0","0","0","1","3","24","27","2016-BASE_PROCUREMENT-2016-AIRFORCE_SPACE-PROCUREMENT_MasterJustificationBook_Air_Force_PB_2016.zzz_unzipped-PROCUREMENT_MasterJustificationBook_Air_Force_PB_2016.xml","e74c5625e1731a9bfe9f4efe680292d976b26eee481f576bfc724d2c763e55fb","0-59fb0977cdc4ae93a7e1ba232601fac1f3b1fd8fdcdffe36ef9750441f9396b3","0-694730123567eaddc6dbf20a8d459610a2d3d648f5734773bef4d3d298c7df37","root.record.ItemExhibitList.P5Item.CostElementCategoryList.Launch.Recurring.CostElementList.CostElement"
"United Launch Alliance/New Entrant","CO/Various","0.00","0.00","0.00","0","0","0","0","0","0","0","0","2016-BASE_PROCUREMENT-2016-AIRFORCE_SPACE-PROCUREMENT_MasterJustificationBook_Air_Force_PB_2016.zzz_unzipped-PROCUREMENT_MasterJustificationBook_Air_Force_PB_2016.xml","e74c5625e1731a9bfe9f4efe680292d976b26eee481f576bfc724d2c763e55fb","1-e42fb1429324bf1b79162487719162c318ac47c7c79f1572dff382099805ebf5","0-694730123567eaddc6dbf20a8d459610a2d3d648f5734773bef4d3d298c7df37","root.record.ItemExhibitList.P5Item.CostElementCategoryList.Launch.Recurring.CostElementList.CostElement"
"TBD","TBD","0.00","0.00","0.00","0","0","0","0","0","0","0","0","2016-BASE_PROCUREMENT-2016-AIRFORCE_SPACE-PROCUREMENT_MasterJustificationBook_Air_Force_PB_2016.zzz_unzipped-PROCUREMENT_MasterJustificationBook_Air_Force_PB_2016.xml","e74c5625e1731a9bfe9f4efe680292d976b26eee481f576bfc724d2c763e55fb","2-4ac1ebe297c1f8b0015a3bbc54d28629686599b4662f976ce09b131de038f075","0-694730123567eaddc6dbf20a8d459610a2d3d648f5734773bef4d3d298c7df37","root.record.ItemExhibitList.P5Item.CostElementCategoryList.Launch.Recurring.CostElementList.CostElement"
"United Launch Alliance (ULA)","CO","0.00","0.00","0.00","0","0","0","0","0","0","0","0","2017-BASE_PROCUREMENT-2017-AIRFORCE_MISSILE-U_PROCUREMENT_JustificationBook_Air_Force_PB_2017.zzz_unzipped-U_PROCUREMENT_JustificationBook_Air_Force_PB_2017.xml","ce33d887958287eb22f25db5c4372a5be3d549dd643325817beec223ffddc64c","0-092aa376b18cb02b9e8ecff7412ff7445559503c11de83f0ce6afc1ddf4b56d5","0-9c1ffc1fa12041b8f17d6282ea9c0f8f12886c81af50b243303bcbf8001517c4","root.record.ItemExhibitList.P5Item.CostElementCategoryList.Launch.Recurring.CostElementList.CostElement"
"United Launch Alliance/ Space X","CO/CA","0.00","0.00","0.00","0","0","0","0","0","0","0","0","2017-BASE_PROCUREMENT-2017-AIRFORCE_MISSILE-U_PROCUREMENT_JustificationBook_Air_Force_PB_2017.zzz_unzipped-U_PROCUREMENT_JustificationBook_Air_Force_PB_2017.xml","1eb519244af6b52f585c68b446dd7d32bfe9132b3a808e75d418f71c32a68e95","0-574c4924ca3582618b41d0a48f0a5944616aefd249f603483cb581f769a1a756","0-db259c5ee83ba3a2b0e965a3f797c64e72076b08938ea5bcd240b3a5651e3914","root.record.ItemExhibitList.P5Item.CostElementCategoryList.Launch.Recurring.CostElementList.CostElement"
"United Launch Alliance","CO","0.00","0.00","0.00","0","0","0","0","0","0","0","0","2017-BASE_PROCUREMENT-2017-AIRFORCE_MISSILE-U_PROCUREMENT_JustificationBook_Air_Force_PB_2017.zzz_unzipped-U_PROCUREMENT_JustificationBook_Air_Force_PB_2017.xml","1eb519244af6b52f585c68b446dd7d32bfe9132b3a808e75d418f71c32a68e95","1-b8586c6406b3df49e26317b3f20945381bc31209cd90afc739828bff368dc0d1","0-db259c5ee83ba3a2b0e965a3f797c64e72076b08938ea5bcd240b3a5651e3914","root.record.ItemExhibitList.P5Item.CostElementCategoryList.Launch.Recurring.CostElementList.CostElement"
"United Launch Alliance (ULA)/Various","CO/Various","0.00","0.00","0.00","0","0","0","0","0","0","0","0","2017-BASE_PROCUREMENT-2017-AIRFORCE_MISSILE-U_PROCUREMENT_JustificationBook_Air_Force_PB_2017.zzz_unzipped-U_PROCUREMENT_JustificationBook_Air_Force_PB_2017.xml","1eb519244af6b52f585c68b446dd7d32bfe9132b3a808e75d418f71c32a68e95","2-9842eafe41fd48b6b9407f95a848a8091623399449c2d333a47a90c9ce2a77c8","0-db259c5ee83ba3a2b0e965a3f797c64e72076b08938ea5bcd240b3a5651e3914","root.record.ItemExhibitList.P5Item.CostElementCategoryList.Launch.Recurring.CostElementList.CostElement"
"United Launch Alliance (ULA)/CO/ Space X/CA","CO/Various","3.00","10.00","10.00","0","0","0","0","0","4","24","28","2017-BASE_PROCUREMENT-2017-AIRFORCE_MISSILE-U_PROCUREMENT_JustificationBook_Air_Force_PB_2017.zzz_unzipped-U_PROCUREMENT_JustificationBook_Air_Force_PB_2017.xml","1eb519244af6b52f585c68b446dd7d32bfe9132b3a808e75d418f71c32a68e95","3-9809219713b5f87726215a7f9b61455de528ac79131a69484f2360212ade7d7e","0-db259c5ee83ba3a2b0e965a3f797c64e72076b08938ea5bcd240b3a5651e3914","root.record.ItemExhibitList.P5Item.CostElementCategoryList.Launch.Recurring.CostElementList.CostElement"
"United Launch Alliance (ULA)","CO","0.00","0.00","0.00","0","0","0","0","0","0","0","0","2017-BASE_PROCUREMENT-2017-AIRFORCE_MISSILE-U_PROCUREMENT_MasterJustificationBook_Air_Force_PB_2017.zzz_unzipped-U_PROCUREMENT_MasterJustificationBook_Air_Force_PB_2017.xml","c3a033a02dd266f763c2138e8649e17878d13f50115d4fe57dd90be56509c75e","0-c1a60f59705cfbee041b7096b2bc7f136eccec9e493bcc6b32e20d9713340111","0-607183fd660e6b993cfc2f5daf8f1b5ccb3b48ad757424ab9007a2c7eb37a764","root.record.ItemExhibitList.P5Item.CostElementCategoryList.Launch.Recurring.CostElementList.CostElement"
"United Launch Alliance/ Space X","CO/CA","0.00","0.00","0.00","0","0","0","0","0","0","0","0","2017-BASE_PROCUREMENT-2017-AIRFORCE_MISSILE-U_PROCUREMENT_MasterJustificationBook_Air_Force_PB_2017.zzz_unzipped-U_PROCUREMENT_MasterJustificationBook_Air_Force_PB_2017.xml","0aaff7f9fbc97457e9ac7628aca63d803f4f49d5d154173563fad4699056f5e8","0-517bd3ed62831ef4b7ccf63c5e15b99873262c5e0f704641a287bec7bf77faa0","0-bca4cbae8c53451fadb8e7b46e29a4746ae6b1ec44f421d4a515febd29366b3a","root.record.ItemExhibitList.P5Item.CostElementCategoryList.Launch.Recurring.CostElementList.CostElement"
"United Launch Alliance","CO","0.00","0.00","0.00","0","0","0","0","0","0","0","0","2017-BASE_PROCUREMENT-2017-AIRFORCE_MISSILE-U_PROCUREMENT_MasterJustificationBook_Air_Force_PB_2017.zzz_unzipped-U_PROCUREMENT_MasterJustificationBook_Air_Force_PB_2017.xml","0aaff7f9fbc97457e9ac7628aca63d803f4f49d5d154173563fad4699056f5e8","1-e23c990839f05c1046c00de793ece1b08c5c7eeb359e0947805e1b1da5de7c5d","0-bca4cbae8c53451fadb8e7b46e29a4746ae6b1ec44f421d4a515febd29366b3a","root.record.ItemExhibitList.P5Item.CostElementCategoryList.Launch.Recurring.CostElementList.CostElement"
"United Launch Alliance (ULA)/Various","CO/Various","0.00","0.00","0.00","0","0","0","0","0","0","0","0","2017-BASE_PROCUREMENT-2017-AIRFORCE_MISSILE-U_PROCUREMENT_MasterJustificationBook_Air_Force_PB_2017.zzz_unzipped-U_PROCUREMENT_MasterJustificationBook_Air_Force_PB_2017.xml","0aaff7f9fbc97457e9ac7628aca63d803f4f49d5d154173563fad4699056f5e8","2-cf998cfc52408ce55debf9211f5949a684d70f9d8c6f54be0a027caf84663dd0","0-bca4cbae8c53451fadb8e7b46e29a4746ae6b1ec44f421d4a515febd29366b3a","root.record.ItemExhibitList.P5Item.CostElementCategoryList.Launch.Recurring.CostElementList.CostElement"
"United Launch Alliance (ULA)/CO/ Space X/CA","CO/Various","3.00","10.00","10.00","0","0","0","0","0","4","24","28","2017-BASE_PROCUREMENT-2017-AIRFORCE_MISSILE-U_PROCUREMENT_MasterJustificationBook_Air_Force_PB_2017.zzz_unzipped-U_PROCUREMENT_MasterJustificationBook_Air_Force_PB_2017.xml","0aaff7f9fbc97457e9ac7628aca63d803f4f49d5d154173563fad4699056f5e8","3-5e1b49aed7b6409826607f9fbf3ccef168259e7c607bc387d71b54d447cfd9cb","0-bca4cbae8c53451fadb8e7b46e29a4746ae6b1ec44f421d4a515febd29366b3a","root.record.ItemExhibitList.P5Item.CostElementCategoryList.Launch.Recurring.CostElementList.CostElement"
"United Launch Alliance (ULA)/Space X","CO/CA","0.00","0.00","0.00","0","0","0","0","0","0","0","0","2017-BASE_PROCUREMENT-2017-AIRFORCE_SPACE-U_PROCUREMENT_JustificationBook_Air_Force_PB_2017.zzz_unzipped-U_PROCUREMENT_JustificationBook_Air_Force_PB_2017.xml","eba9fe6c064fe1d265f9658104dc72ec79802ee6864d5cf1b5db6e8c06a27c92","0-99ec86bd3628f2072148f752644585f1342b4de1ef18698832e19e2d2c21939a","0-4d4a479d46e7404a105a0ad8f105d185f32e67d17f0a7e5f6f2499a01e81d1d0","root.record.ItemExhibitList.P5Item.CostElementCategoryList.Launch.Recurring.CostElementList.CostElement"
"United Launch Alliance (ULA)/Various","CO/TBD","0.00","0.00","0.00","0","0","0","0","0","0","0","0","2017-BASE_PROCUREMENT-2017-AIRFORCE_SPACE-U_PROCUREMENT_JustificationBook_Air_Force_PB_2017.zzz_unzipped-U_PROCUREMENT_JustificationBook_Air_Force_PB_2017.xml","eba9fe6c064fe1d265f9658104dc72ec79802ee6864d5cf1b5db6e8c06a27c92","1-43b6662212b3ac250b610d59655d45e93eb7f2146ebc0d58b08480d8995dbc11","0-4d4a479d46e7404a105a0ad8f105d185f32e67d17f0a7e5f6f2499a01e81d1d0","root.record.ItemExhibitList.P5Item.CostElementCategoryList.Launch.Recurring.CostElementList.CostElement"
"TBD","CO/TBD","0.00","0.00","0.00","0","0","0","0","0","0","0","0","2017-BASE_PROCUREMENT-2017-AIRFORCE_SPACE-U_PROCUREMENT_JustificationBook_Air_Force_PB_2017.zzz_unzipped-U_PROCUREMENT_JustificationBook_Air_Force_PB_2017.xml","eba9fe6c064fe1d265f9658104dc72ec79802ee6864d5cf1b5db6e8c06a27c92","2-dc4c1f201efb0c7483b8488fa4a3bcc471fe40ec2c1d7618311afa4de1d00973","0-4d4a479d46e7404a105a0ad8f105d185f32e67d17f0a7e5f6f2499a01e81d1d0","root.record.ItemExhibitList.P5Item.CostElementCategoryList.Launch.Recurring.CostElementList.CostElement"
"United Launch Alliance (ULA)/Space X","CO/CA","3.00","10.00","10.00","0","0","0","0","0","3","24","27","2017-BASE_PROCUREMENT-2017-AIRFORCE_SPACE-U_PROCUREMENT_JustificationBook_Air_Force_PB_2017.zzz_unzipped-U_PROCUREMENT_JustificationBook_Air_Force_PB_2017.xml","ec93ed095b5ca4b931dec7bb1f726d801cfd1dfdbf02f5e7c1bf686ce7e68176","0-0233067a39ce20e621a39c81994e8970d64c14e27d8c2d33c44a0682155cf77d","0-2c4ac1193597898ccd922813e8662cbad32f9c471dbcaf572743a2d95a5248f5","root.record.ItemExhibitList.P5Item.CostElementCategoryList.Launch.Recurring.CostElementList.CostElement"
"TBD","TBD","0.00","0.00","0.00","0","0","0","0","0","0","0","0","2017-BASE_PROCUREMENT-2017-AIRFORCE_SPACE-U_PROCUREMENT_JustificationBook_Air_Force_PB_2017.zzz_unzipped-U_PROCUREMENT_JustificationBook_Air_Force_PB_2017.xml","ec93ed095b5ca4b931dec7bb1f726d801cfd1dfdbf02f5e7c1bf686ce7e68176","1-60b45625ecad0c73c8f360b9f11e141978c9cb3f05d319bd84ad9e7e4b0b18a2","0-2c4ac1193597898ccd922813e8662cbad32f9c471dbcaf572743a2d95a5248f5","root.record.ItemExhibitList.P5Item.CostElementCategoryList.Launch.Recurring.CostElementList.CostElement"
"United Launch Alliance (ULA)/Space X","CO/CA","0.00","0.00","0.00","0","0","0","0","0","0","0","0","2017-BASE_PROCUREMENT-2017-AIRFORCE_SPACE-U_PROCUREMENT_MasterJustificationBook_Air_Force_PB_2017.zzz_unzipped-U_PROCUREMENT_MasterJustificationBook_Air_Force_PB_2017.xml","93da043eef78975dad30e261ee4c5f8ab6799eb4953cc377d1c9f77ce349529c","0-4c6b9033d835e43cd2156314a12fd28c48d8c8dcaf4b2dfeec253eb0b0cc946a","0-0336d9b53cb2c6ac0743da5d69da637dc6f73acc156d042b44ae564b8a4b45eb","root.record.ItemExhibitList.P5Item.CostElementCategoryList.Launch.Recurring.CostElementList.CostElement"
"United Launch Alliance (ULA)/Various","CO/TBD","0.00","0.00","0.00","0","0","0","0","0","0","0","0","2017-BASE_PROCUREMENT-2017-AIRFORCE_SPACE-U_PROCUREMENT_MasterJustificationBook_Air_Force_PB_2017.zzz_unzipped-U_PROCUREMENT_MasterJustificationBook_Air_Force_PB_2017.xml","93da043eef78975dad30e261ee4c5f8ab6799eb4953cc377d1c9f77ce349529c","1-af40089d4f2929db9bddebc3f8a05a59b04ba3a237938cb6f1cab4d44eae1db2","0-0336d9b53cb2c6ac0743da5d69da637dc6f73acc156d042b44ae564b8a4b45eb","root.record.ItemExhibitList.P5Item.CostElementCategoryList.Launch.Recurring.CostElementList.CostElement"
"TBD","CO/TBD","0.00","0.00","0.00","0","0","0","0","0","0","0","0","2017-BASE_PROCUREMENT-2017-AIRFORCE_SPACE-U_PROCUREMENT_MasterJustificationBook_Air_Force_PB_2017.zzz_unzipped-U_PROCUREMENT_MasterJustificationBook_Air_Force_PB_2017.xml","93da043eef78975dad30e261ee4c5f8ab6799eb4953cc377d1c9f77ce349529c","2-d3c4e47598dcf1c5881550c60c2c2fdb8a3439d67982bc53f3dbef8251828539","0-0336d9b53cb2c6ac0743da5d69da637dc6f73acc156d042b44ae564b8a4b45eb","root.record.ItemExhibitList.P5Item.CostElementCategoryList.Launch.Recurring.CostElementList.CostElement"
"United Launch Alliance (ULA)/Space X","CO/CA","3.00","10.00","10.00","0","0","0","0","0","3","24","27","2017-BASE_PROCUREMENT-2017-AIRFORCE_SPACE-U_PROCUREMENT_MasterJustificationBook_Air_Force_PB_2017.zzz_unzipped-U_PROCUREMENT_MasterJustificationBook_Air_Force_PB_2017.xml","96cd91b6f0a12ac29a5457b42901859397ea8cd74200ed2ed8fc9c97846f481d","0-c3663e6559adcfe80356b7a38a5faeaf9dec64392ccb6ca11085968f0724c5e0","0-f882247b758a0c9956386645fce168e7adfdb4551d0c74d1b99589767c27cf29","root.record.ItemExhibitList.P5Item.CostElementCategoryList.Launch.Recurring.CostElementList.CostElement"
"TBD","TBD","0.00","0.00","0.00","0","0","0","0","0","0","0","0","2017-BASE_PROCUREMENT-2017-AIRFORCE_SPACE-U_PROCUREMENT_MasterJustificationBook_Air_Force_PB_2017.zzz_unzipped-U_PROCUREMENT_MasterJustificationBook_Air_Force_PB_2017.xml","96cd91b6f0a12ac29a5457b42901859397ea8cd74200ed2ed8fc9c97846f481d","1-a837c1d3656896a97cff5db458a79491249040e4a29583abff7484d17cf812a8","0-f882247b758a0c9956386645fce168e7adfdb4551d0c74d1b99589767c27cf29","root.record.ItemExhibitList.P5Item.CostElementCategoryList.Launch.Recurring.CostElementList.CostElement"
"United Launch Alliance (ULA)","Co","0.00","0.00","0.00","0","0","0","0","0","0","0","0","2018-BASE_PROCUREMENT-2018-AIRFORCE_SPACE-U_PROCUREMENT_JustificationBook_Air_Force_PB_2018.zzz_unzipped-U_PROCUREMENT_JustificationBook_Air_Force_PB_2018.xml","a504d38fb691940edf6ae31773acb20020b93bb4b14f2e126f1dbfb1833d2c40","0-2ad2083333caa2ab3b4093e3ff98691486ecf945ef9bde0f2ed400ccdb46bb33","0-2bbea2936c007d8064864138b40fa2920ec9a2dee19cc209f2f452ce65c0e540","root.record.ItemExhibitList.P5Item.CostElementCategoryList.Launch.Recurring.CostElementList.CostElement"
"United Launch Alliance (ULA)/Space X","CO/CA","0.00","0.00","0.00","0","0","0","0","0","0","0","0","2018-BASE_PROCUREMENT-2018-AIRFORCE_SPACE-U_PROCUREMENT_JustificationBook_Air_Force_PB_2018.zzz_unzipped-U_PROCUREMENT_JustificationBook_Air_Force_PB_2018.xml","325d3c3180a12017ffe453649a0a4a785aea7e048f4c973d82c0e34139fd5940","0-c266bc4cf184483c8b52a7f29009b815cc8b2ef8296ba42cd4dc59d4ae7584eb","0-e9717913753d6776ba3fcee2401c44f3d097c7cb2d9311f946cc871050e90034","root.record.ItemExhibitList.P5Item.CostElementCategoryList.Launch.Recurring.CostElementList.CostElement"
"United Launch Alliance (ULA)/SpaceX","CO/CA","3.00","10.00","8.00","0","0","0","0","6","3","24","27","2018-BASE_PROCUREMENT-2018-AIRFORCE_SPACE-U_PROCUREMENT_JustificationBook_Air_Force_PB_2018.zzz_unzipped-U_PROCUREMENT_JustificationBook_Air_Force_PB_2018.xml","325d3c3180a12017ffe453649a0a4a785aea7e048f4c973d82c0e34139fd5940","1-ea818e27ac3a367eb3bce1c91701012c04700bd4d71dbf95182b0516bdf53343","0-e9717913753d6776ba3fcee2401c44f3d097c7cb2d9311f946cc871050e90034","root.record.ItemExhibitList.P5Item.CostElementCategoryList.Launch.Recurring.CostElementList.CostElement"
"United Launch Alliance (ULA)","Co","0.00","0.00","0.00","0","0","0","0","0","0","0","0","2018-BASE_PROCUREMENT-2018-AIRFORCE_SPACE-U_PROCUREMENT_MasterJustificationBook_Air_Force_PB_2018.zzz_unzipped-U_PROCUREMENT_MasterJustificationBook_Air_Force_PB_2018.xml","c130b3a1f104b5de3401c5acdd5cb51029b1ae1eaf597bbfa82e5b55fd991423","0-56ccbc405b6ada57b65cf24972f84b448a39618af0caf368b81328547405c752","0-3dca7ea59187f013d83ba2cc4a6c4128e8a50b1c1946e1edd662c227a232e404","root.record.ItemExhibitList.P5Item.CostElementCategoryList.Launch.Recurring.CostElementList.CostElement"
"United Launch Alliance (ULA)/Space X","CO/CA","0.00","0.00","0.00","0","0","0","0","0","0","0","0","2018-BASE_PROCUREMENT-2018-AIRFORCE_SPACE-U_PROCUREMENT_MasterJustificationBook_Air_Force_PB_2018.zzz_unzipped-U_PROCUREMENT_MasterJustificationBook_Air_Force_PB_2018.xml","ea40833ccabefde03e8b1c2e9d9f55f14d7d4e54a7c37cd2d2b1f7b53af14e9d","0-0e5822d947741ae8888feda7f705b9c0cce0eac4403af6e53fa6870b6c2cd63a","0-a38b9f81dd74e97fe5473b618caf166a8c5577da03a4c4a3d939a5a191b86b57","root.record.ItemExhibitList.P5Item.CostElementCategoryList.Launch.Recurring.CostElementList.CostElement"
"United Launch Alliance (ULA)/SpaceX","CO/CA","3.00","10.00","8.00","0","0","0","0","6","3","24","27","2018-BASE_PROCUREMENT-2018-AIRFORCE_SPACE-U_PROCUREMENT_MasterJustificationBook_Air_Force_PB_2018.zzz_unzipped-U_PROCUREMENT_MasterJustificationBook_Air_Force_PB_2018.xml","ea40833ccabefde03e8b1c2e9d9f55f14d7d4e54a7c37cd2d2b1f7b53af14e9d","1-a4955b8d7a765e470cf46eee1dba08220c544db4a4aec7092a3821f49f1893c2","0-a38b9f81dd74e97fe5473b618caf166a8c5577da03a4c4a3d939a5a191b86b57","root.record.ItemExhibitList.P5Item.CostElementCategoryList.Launch.Recurring.CostElementList.CostElement"
"United Launch Alliance (ULA)/CO","CO","0.00","0.00","0.00","0","0","0","0","0","0","0","0","2019-BASE_PROCUREMENT-2019-AIRFORCE_SPACE-U_PROCUREMENT_JustificationBook_Air_Force_PB_2019.zzz_unzipped-U_PROCUREMENT_JustificationBook_Air_Force_PB_2019.xml","db46b2261433bc4722a6ce262878edc82af01260e83ad0e4141f1696ee1ab4a1","0-b458a3aba7bc8a1e676d555e042a60302f56fccf8ba7ffaf608234f163d2b2fe","0-c7977b250af3a489883a5d507d338d524a23fdb8645721a7d3f2f3ead9ce5fec","root.record.ItemExhibitList.P5Item.CostElementCategoryList.Launch.Recurring.CostElementList.CostElement"
"United Launch Alliance(ULA)/SpaceX / Co/CA","Co/CA","0.00","0.00","0.00","0","0","0","0","0","0","0","0","2019-BASE_PROCUREMENT-2019-AIRFORCE_SPACE-U_PROCUREMENT_JustificationBook_Air_Force_PB_2019.zzz_unzipped-U_PROCUREMENT_JustificationBook_Air_Force_PB_2019.xml","db46b2261433bc4722a6ce262878edc82af01260e83ad0e4141f1696ee1ab4a1","0-d942f88b0748116ca0b8f5040950e521e0d570480981820741184ae0b7bb5bee","1-ab2fba2f1773011dd261f20947735b352bb1749588d260fbb921094c0f72c90a","root.record.ItemExhibitList.P5Item.CostElementCategoryList.Launch.Recurring.CostElementList.CostElement"
"United Launch Alliance(ULA)/SpaceX","Co/CA","0.00","0.00","0.00","0","0","0","0","0","0","0","0","2019-BASE_PROCUREMENT-2019-AIRFORCE_SPACE-U_PROCUREMENT_JustificationBook_Air_Force_PB_2019.zzz_unzipped-U_PROCUREMENT_JustificationBook_Air_Force_PB_2019.xml","db46b2261433bc4722a6ce262878edc82af01260e83ad0e4141f1696ee1ab4a1","1-8ee8b9f2c2265c0061638f205d6131fc93b19833e0b75dd21856b14f980da53a","1-ab2fba2f1773011dd261f20947735b352bb1749588d260fbb921094c0f72c90a","root.record.ItemExhibitList.P5Item.CostElementCategoryList.Launch.Recurring.CostElementList.CostElement"
"United Launch Alliance (ULA)/SpaceX","CO/CA","0.00","0.00","0.00","0","0","0","0","0","0","0","0","2019-BASE_PROCUREMENT-2019-AIRFORCE_SPACE-U_PROCUREMENT_JustificationBook_Air_Force_PB_2019.zzz_unzipped-U_PROCUREMENT_JustificationBook_Air_Force_PB_2019.xml","437d2c67a4cc5d16854929d21729fd5d4c78483d0ac1527148024d46b499a23b","0-11999792d7d205dd2c50a46c1ece2e5ae4c4505d3e02dec485a30652c7ccf899","0-ca485c9c93bf236a827600e6606d336d0956da2398aacbc5c0d1166d827f9ee1","root.record.ItemExhibitList.P5Item.CostElementCategoryList.Launch.Recurring.CostElementList.CostElement"
"TBD","TBD","3.00","10.00","8.00","0","0","0","0","0","4","24","28","2019-BASE_PROCUREMENT-2019-AIRFORCE_SPACE-U_PROCUREMENT_JustificationBook_Air_Force_PB_2019.zzz_unzipped-U_PROCUREMENT_JustificationBook_Air_Force_PB_2019.xml","437d2c67a4cc5d16854929d21729fd5d4c78483d0ac1527148024d46b499a23b","1-373ffefe199fe5658cd2fdfcc446083dad541151a357be1d722830b609614673","0-ca485c9c93bf236a827600e6606d336d0956da2398aacbc5c0d1166d827f9ee1","root.record.ItemExhibitList.P5Item.CostElementCategoryList.Launch.Recurring.CostElementList.CostElement"
"United Launch Alliance (ULA)/CO","CO","0.00","0.00","0.00","0","0","0","0","0","0","0","0","2019-BASE_PROCUREMENT-2019-AIRFORCE_SPACE-U_PROCUREMENT_MasterJustificationBook_Air_Force_PB_2019.zzz_unzipped-U_PROCUREMENT_MasterJustificationBook_Air_Force_PB_2019.xml","337d686eec0c89a868c57fc4633a6590d3dee3fd609e2c1827e49a935f958691","0-63fa49fd39b11ee049b0fa88be8a3939103ccbb228df2e8712eade77216dccc7","0-b927b24ca0c82da48a956a1f11048d4d6e55290057216de573fe633fc5881e8d","root.record.ItemExhibitList.P5Item.CostElementCategoryList.Launch.Recurring.CostElementList.CostElement"
"United Launch Alliance(ULA)/SpaceX / Co/CA","Co/CA","0.00","0.00","0.00","0","0","0","0","0","0","0","0","2019-BASE_PROCUREMENT-2019-AIRFORCE_SPACE-U_PROCUREMENT_MasterJustificationBook_Air_Force_PB_2019.zzz_unzipped-U_PROCUREMENT_MasterJustificationBook_Air_Force_PB_2019.xml","337d686eec0c89a868c57fc4633a6590d3dee3fd609e2c1827e49a935f958691","0-53b327884a2e3c7ab0b70869c04b9f8f64d40825e4ccceb87aacfaf77dbdda19","1-676007942380c7a7cd9924fe9cc6d5ea3a98ad040f83e0c6226eca468dc4c667","root.record.ItemExhibitList.P5Item.CostElementCategoryList.Launch.Recurring.CostElementList.CostElement"
"United Launch Alliance(ULA)/SpaceX","Co/CA","0.00","0.00","0.00","0","0","0","0","0","0","0","0","2019-BASE_PROCUREMENT-2019-AIRFORCE_SPACE-U_PROCUREMENT_MasterJustificationBook_Air_Force_PB_2019.zzz_unzipped-U_PROCUREMENT_MasterJustificationBook_Air_Force_PB_2019.xml","337d686eec0c89a868c57fc4633a6590d3dee3fd609e2c1827e49a935f958691","1-e37feb3479aa7a7211251994bf74f2e58edc5ad32bc18dbe83760a5d5b6e3cab","1-676007942380c7a7cd9924fe9cc6d5ea3a98ad040f83e0c6226eca468dc4c667","root.record.ItemExhibitList.P5Item.CostElementCategoryList.Launch.Recurring.CostElementList.CostElement"
"United Launch Alliance (ULA)/SpaceX","CO/CA","0.00","0.00","0.00","0","0","0","0","0","0","0","0","2019-BASE_PROCUREMENT-2019-AIRFORCE_SPACE-U_PROCUREMENT_MasterJustificationBook_Air_Force_PB_2019.zzz_unzipped-U_PROCUREMENT_MasterJustificationBook_Air_Force_PB_2019.xml","5c7e320ef862152863a5c39cc1a485c2c4e8fa5279f08c8454a72905bff07d97","0-97052c297139ce89e4d294f2af0e8ca134153fea1d0a764f8f2a0076db893453","0-88474e274a9c42dab2cc2e3c54e1fcdaa29ccf82afcf468054df987aeed584c5","root.record.ItemExhibitList.P5Item.CostElementCategoryList.Launch.Recurring.CostElementList.CostElement"
"TBD","TBD","3.00","10.00","8.00","0","0","0","0","0","4","24","28","2019-BASE_PROCUREMENT-2019-AIRFORCE_SPACE-U_PROCUREMENT_MasterJustificationBook_Air_Force_PB_2019.zzz_unzipped-U_PROCUREMENT_MasterJustificationBook_Air_Force_PB_2019.xml","5c7e320ef862152863a5c39cc1a485c2c4e8fa5279f08c8454a72905bff07d97","1-d260eefc0ad57dab274a1ba43a831234b6ced179cdc748d556593a8b69041f55","0-88474e274a9c42dab2cc2e3c54e1fcdaa29ccf82afcf468054df987aeed584c5","root.record.ItemExhibitList.P5Item.CostElementCategoryList.Launch.Recurring.CostElementList.CostElement"
"United Launch Alliance (ULA)/CO","CO","0.00","0.00","0.00","0","0","0","0","0","0","0","0","2020-BASE_PROCUREMENT-2020-AIRFORCE_SPACE-U_PROCUREMENT_JustificationBook_Air_Force_PB_2020.zzz_unzipped-U_PROCUREMENT_JustificationBook_Air_Force_PB_2020.xml","3822a3fb2bbb0a070ee96b3e88efa10587113b9cf1b464ee906cd8c3b320b82e","0-a4cabad6ad9a553d1b4866638bc6d3e5f27f694c6404e77fd6f26017c5dece70","0-36697339a4c0918c2bc9b203cfbe16aac504576cf54a965f706c95bb9e2feff7","root.record.ItemExhibitList.P5Item.CostElementCategoryList.Launch.Recurring.CostElementList.CostElement"
"United Launch Alliance (ULA)/SpaceX","CO/CA","0.00","0.00","0.00","0","0","0","0","0","0","0","0","2020-BASE_PROCUREMENT-2020-AIRFORCE_SPACE-U_PROCUREMENT_JustificationBook_Air_Force_PB_2020.zzz_unzipped-U_PROCUREMENT_JustificationBook_Air_Force_PB_2020.xml","08c4d8d5e59a351bd4ee55fd7ea05b6cb60e8cbc8db146c1f3d795741592e31b","0-136ccbd701aa678ffebb8293c3484ecb293ea9f6538daef55378d7880e10bd6e","0-c822dc06f796fb52d1097a67d2c1a995183058ceb7e4a11502502415920d5bae","root.record.ItemExhibitList.P5Item.CostElementCategoryList.Launch.Recurring.CostElementList.CostElement"
"TBD","TBD","2.00","6.00","6.00","1","3","24","27","0","0","0","0","2020-BASE_PROCUREMENT-2020-AIRFORCE_SPACE-U_PROCUREMENT_JustificationBook_Air_Force_PB_2020.zzz_unzipped-U_PROCUREMENT_JustificationBook_Air_Force_PB_2020.xml","08c4d8d5e59a351bd4ee55fd7ea05b6cb60e8cbc8db146c1f3d795741592e31b","1-8d9b8ab265f44fa6e63f8b0126251173eb1a6929f4ead1b1607ec54b95b4601e","0-c822dc06f796fb52d1097a67d2c1a995183058ceb7e4a11502502415920d5bae","root.record.ItemExhibitList.P5Item.CostElementCategoryList.Launch.Recurring.CostElementList.CostElement"
"TBD","TBD","0.00","0.00","0.00","0","0","0","0","0","0","0","0","2020-BASE_PROCUREMENT-2020-AIRFORCE_SPACE-U_PROCUREMENT_JustificationBook_Air_Force_PB_2020.zzz_unzipped-U_PROCUREMENT_JustificationBook_Air_Force_PB_2020.xml","08c4d8d5e59a351bd4ee55fd7ea05b6cb60e8cbc8db146c1f3d795741592e31b","0-96044c13d78ebeb9be414e8f241ce2b288d39ee63e748ac66cd6c41d5e286e65","3-6132f6ccd98ae6e1fa120daf3071a1354a49d1954b2a9359e7dc215187d4e1e3","root.record.ItemExhibitList.P5Item.CostElementCategoryList.Launch.Recurring.CostElementList.CostElement"
"United Launch Alliance (ULA)/CO","CO","0.00","0.00","0.00","0","0","0","0","0","0","0","0","2020-BASE_PROCUREMENT-2020-AIRFORCE_SPACE-U_PROCUREMENT_MasterJustificationBook_Air_Force_PB_2020.zzz_unzipped-U_PROCUREMENT_MasterJustificationBook_Air_Force_PB_2020.xml","4d46fb63f2137e78641651d53b34b56f6b00c6b8ad9cb366b14a09cbd13be531","0-b71ee44c9cc53d00ac0d02cf59cde7bdcf2b0d969f209301273aa860cb4caaea","0-a1c1013ece128a619cff7587238b5dda084b7be85a8bd45ccbd758beb4973352","root.record.ItemExhibitList.P5Item.CostElementCategoryList.Launch.Recurring.CostElementList.CostElement"
"United Launch Alliance (ULA)/SpaceX","CO/CA","0.00","0.00","0.00","0","0","0","0","0","0","0","0","2020-BASE_PROCUREMENT-2020-AIRFORCE_SPACE-U_PROCUREMENT_MasterJustificationBook_Air_Force_PB_2020.zzz_unzipped-U_PROCUREMENT_MasterJustificationBook_Air_Force_PB_2020.xml","c9b645ca3693dc4386f5024067a158db34ff6924a8e540b310f1bbc768a98941","0-af4223e00cdf808437f64fc861df10692184639f17b36944c4fd9150a76a840a","0-6a47e9ae195936c8b5c2f45fe91088f70e6f98c28b3fef1b9cce4aff9e9fa26f","root.record.ItemExhibitList.P5Item.CostElementCategoryList.Launch.Recurring.CostElementList.CostElement"
"TBD","TBD","2.00","6.00","6.00","1","3","24","27","0","0","0","0","2020-BASE_PROCUREMENT-2020-AIRFORCE_SPACE-U_PROCUREMENT_MasterJustificationBook_Air_Force_PB_2020.zzz_unzipped-U_PROCUREMENT_MasterJustificationBook_Air_Force_PB_2020.xml","c9b645ca3693dc4386f5024067a158db34ff6924a8e540b310f1bbc768a98941","1-ce3ad0c89f2812391d9d1a112e9e61b435eb85fcafacd57e3c4aaea73b012caf","0-6a47e9ae195936c8b5c2f45fe91088f70e6f98c28b3fef1b9cce4aff9e9fa26f","root.record.ItemExhibitList.P5Item.CostElementCategoryList.Launch.Recurring.CostElementList.CostElement"
"TBD","TBD","0.00","0.00","0.00","0","0","0","0","0","0","0","0","2020-BASE_PROCUREMENT-2020-AIRFORCE_SPACE-U_PROCUREMENT_MasterJustificationBook_Air_Force_PB_2020.zzz_unzipped-U_PROCUREMENT_MasterJustificationBook_Air_Force_PB_2020.xml","c9b645ca3693dc4386f5024067a158db34ff6924a8e540b310f1bbc768a98941","0-5aba86674edc3be4d32abfe0bc4012f127d1f4ea2cbf3d68a0a4570e47992f9d","3-e9beee8f896321ae4591c8cc06a99958023bfb648aec1cc306d2d00958c36abf","root.record.ItemExhibitList.P5Item.CostElementCategoryList.Launch.Recurring.CostElementList.CostElement"
