Name_val,Location_val,MinimumSustainingRate_val,MaximumProductionRate_val,Rate185_val,InitialQuantity_AdminLeadTimeBeforeOct1InMonths_val,InitialQuantity_AdminLeadTimeAfterOct1InMonths_val,InitialQuantity_ProductionLeadTimeAfterOct1InMonths_val,InitialQuantity_TotalLeadTimeAfterOct1InMonths_val,ReorderQuantity_AdminLeadTimeBeforeOct1InMonths_val,ReorderQuantity_AdminLeadTimeAfterOct1InMonths_val,ReorderQuantity_ProductionLeadTimeAfterOct1InMonths_val,ReorderQuantity_TotalLeadTimeAfterOct1InMonths_val,@SOURCE_FILENAME,@RECORDID,@ROWID,@PARENTROWID,@PARENT
"United Launch Alliance (ULA)","CO","4","10","10","1","0","0","0","1","1","25","26","2013-BASE_PROCUREMENT-2013-AIRFORCE_MISSILE-JustificationBook_Air_Force_PB_2013.zzz_unzipped-JustificationBook_Air_Force_PB_2013.xml","8b85eb0d0f9d135685fb9ddd37378f4e4b83141bb343dc95a96c33fa3bcdf18d","0-b833cadba2fb5b47d6e400b4144eb9ac0ab4f5c8bc84bbe757c6acb0ead083ce","0-02e644c5880af402afc3b04a5fe84349e526af1aa467ef2cf973902af7b986c8","root.record.ItemExhibitList.P5Item.CostElementCategoryList.Launch.Recurring.CostElementList.CostElement"
"United Launch Alliance (ULA)","CO","4","10","10","1","0","0","0","1","1","25","26","2013-BASE_PROCUREMENT-2013-AIRFORCE_MISSILE-MasterJustificationBook_Air_Force_PB_2013.zzz_unzipped-MasterJustificationBook_Air_Force_PB_2013.xml","d10fbc086dd24d31f215c1abc02d7f81f52a1aa0dd3e06f1f6d0611fde3447ec","0-04d4a135569a61242a1096f5761be7607672390ced2d38807d77e6435eb6e89e","0-34a98836fe5e7edccd94983c5dc2a672d6cdd14d827203a65f723e90810cbd01","root.record.ItemExhibitList.P5Item.CostElementCategoryList.Launch.Recurring.CostElementList.CostElement"
"United Launch Alliance (ULA)","CO","4.00","10.00","10.00","1","0","0","0","1","1","25","26","2014-BASE_PROCUREMENT-2014-AIRFORCE_MISSILE-PROCUREMENT_JustificationBook_Air_Force_PB_2014.zzz_unzipped-PROCUREMENT_JustificationBook_Air_Force_PB_2014.xml","68ea63f1b14499493039407eb06bfa2f6b465ded3e4359e8517cedd6dfa14364","0-fabab47555bb421acfdaff3ddfddc22b8b00b0721943ad6767a8177b9a1046d1","0-e8e181cdc11bfd61fc10e816fe3c09d8106a32702135c791cd3520b1f4728097","root.record.ItemExhibitList.P5Item.CostElementCategoryList.Launch.Recurring.CostElementList.CostElement"
"United Launch Alliance (ULA)/SpaceX","CO/CA","0.00","0.00","0.00","0","0","0","0","0","0","0","0","2014-BASE_PROCUREMENT-2014-AIRFORCE_MISSILE-PROCUREMENT_JustificationBook_Air_Force_PB_2014.zzz_unzipped-PROCUREMENT_JustificationBook_Air_Force_PB_2014.xml","68ea63f1b14499493039407eb06bfa2f6b465ded3e4359e8517cedd6dfa14364","1-13e605dad0f4c01acea64b4c10ce6682a28f74143cca82cd1cc1f1bf1ab6e741","0-e8e181cdc11bfd61fc10e816fe3c09d8106a32702135c791cd3520b1f4728097","root.record.ItemExhibitList.P5Item.CostElementCategoryList.Launch.Recurring.CostElementList.CostElement"
"United Launch Alliance (ULA)/New Entrant","CO/TBD","4.00","10.00","10.00","1","0","0","0","1","1","25","26","2014-BASE_PROCUREMENT-2014-AIRFORCE_MISSILE-PROCUREMENT_JustificationBook_Air_Force_PB_2014.zzz_unzipped-PROCUREMENT_JustificationBook_Air_Force_PB_2014.xml","68ea63f1b14499493039407eb06bfa2f6b465ded3e4359e8517cedd6dfa14364","2-83f383b8c0c437413c607492faaca05f9d05e4690e256418155a36bcd28cea56","0-e8e181cdc11bfd61fc10e816fe3c09d8106a32702135c791cd3520b1f4728097","root.record.ItemExhibitList.P5Item.CostElementCategoryList.Launch.Recurring.CostElementList.CostElement"
"TBD","TBD","4.00","10.00","10.00","1","0","0","0","1","1","25","26","2014-BASE_PROCUREMENT-2014-AIRFORCE_MISSILE-PROCUREMENT_JustificationBook_Air_Force_PB_2014.zzz_unzipped-PROCUREMENT_JustificationBook_Air_Force_PB_2014.xml","68ea63f1b14499493039407eb06bfa2f6b465ded3e4359e8517cedd6dfa14364","3-4b58e3437aa586a1ecc3ca092a5cb8aa88c275ce3671e56e1fa2a566f697213f","0-e8e181cdc11bfd61fc10e816fe3c09d8106a32702135c791cd3520b1f4728097","root.record.ItemExhibitList.P5Item.CostElementCategoryList.Launch.Recurring.CostElementList.CostElement"
"United Launch Alliance (ULA)","CO","4.00","10.00","10.00","1","0","0","0","1","1","25","26","2014-BASE_PROCUREMENT-2014-AIRFORCE_MISSILE-PROCUREMENT_MasterJustificationBook_Air_Force_PB_2014.zzz_unzipped-PROCUREMENT_MasterJustificationBook_Air_Force_PB_2014.xml","e628ef6da8da11143b41e85d0575946b1eab2d1b8e7c19d89d4f124b7c2b2e32","0-d352f7306bc68d3cafd95832b3c3138896f5fdc94cf2a99b079c47e61f27971e","0-aa68b9b7dcb99a036e221beacb5794c2a5af8a0b9c91c0f79b9e1f64601bf97a","root.record.ItemExhibitList.P5Item.CostElementCategoryList.Launch.Recurring.CostElementList.CostElement"
"United Launch Alliance (ULA)/SpaceX","CO/CA","0.00","0.00","0.00","0","0","0","0","0","0","0","0","2014-BASE_PROCUREMENT-2014-AIRFORCE_MISSILE-PROCUREMENT_MasterJustificationBook_Air_Force_PB_2014.zzz_unzipped-PROCUREMENT_MasterJustificationBook_Air_Force_PB_2014.xml","e628ef6da8da11143b41e85d0575946b1eab2d1b8e7c19d89d4f124b7c2b2e32","1-698eba3350bc3a960d9d495ed1804c509940cdd063712148f661e3561b19b0b0","0-aa68b9b7dcb99a036e221beacb5794c2a5af8a0b9c91c0f79b9e1f64601bf97a","root.record.ItemExhibitList.P5Item.CostElementCategoryList.Launch.Recurring.CostElementList.CostElement"
"United Launch Alliance (ULA)/New Entrant","CO/TBD","4.00","10.00","10.00","1","0","0","0","1","1","25","26","2014-BASE_PROCUREMENT-2014-AIRFORCE_MISSILE-PROCUREMENT_MasterJustificationBook_Air_Force_PB_2014.zzz_unzipped-PROCUREMENT_MasterJustificationBook_Air_Force_PB_2014.xml","e628ef6da8da11143b41e85d0575946b1eab2d1b8e7c19d89d4f124b7c2b2e32","2-081aceaf3d0dc49e50d426b52adb124ac3c71b1f40e3d787de795b5a0d3a8e0c","0-aa68b9b7dcb99a036e221beacb5794c2a5af8a0b9c91c0f79b9e1f64601bf97a","root.record.ItemExhibitList.P5Item.CostElementCategoryList.Launch.Recurring.CostElementList.CostElement"
"TBD","TBD","4.00","10.00","10.00","1","0","0","0","1","1","25","26","2014-BASE_PROCUREMENT-2014-AIRFORCE_MISSILE-PROCUREMENT_MasterJustificationBook_Air_Force_PB_2014.zzz_unzipped-PROCUREMENT_MasterJustificationBook_Air_Force_PB_2014.xml","e628ef6da8da11143b41e85d0575946b1eab2d1b8e7c19d89d4f124b7c2b2e32","3-a0827e32bb19ccd2cadef5f4e1eba36959cd13361a5cec810ecdc94765268791","0-aa68b9b7dcb99a036e221beacb5794c2a5af8a0b9c91c0f79b9e1f64601bf97a","root.record.ItemExhibitList.P5Item.CostElementCategoryList.Launch.Recurring.CostElementList.CostElement"
"United Launch Alliance (ULA)","CO","1.00","10.00","10.00","0","0","0","0","0","1","25","26","2015-BASE_PROCUREMENT-2015-AIRFORCE_MISSILE-PROCUREMENT_JustificationBook_Air_Force_PB_2015.zzz_unzipped-PROCUREMENT_JustificationBook_Air_Force_PB_2015.xml","04ba31003147d065bb7b0469d96856c0e467991933cc18cbefa9e3616265b178","0-708c06f04ce1b2afd6129e20de638b07c6d637911bd3752e4152d088ce1f82bb","0-3c223fee9e5e34873c17f325797b443e9cba21cece0e8127f29157753352c57a","root.record.ItemExhibitList.P5Item.CostElementCategoryList.Launch.Recurring.CostElementList.CostElement"
"United Launch Alliance (ULA)/SpaceX","CO/CA","1.00","10.00","8.00","0","0","0","0","1","4","25","29","2015-BASE_PROCUREMENT-2015-AIRFORCE_MISSILE-PROCUREMENT_JustificationBook_Air_Force_PB_2015.zzz_unzipped-PROCUREMENT_JustificationBook_Air_Force_PB_2015.xml","04ba31003147d065bb7b0469d96856c0e467991933cc18cbefa9e3616265b178","1-4ab147626a22c0d3527d8c0edf9701d565a41f715e411a1af7a82e68fe42e0e1","0-3c223fee9e5e34873c17f325797b443e9cba21cece0e8127f29157753352c57a","root.record.ItemExhibitList.P5Item.CostElementCategoryList.Launch.Recurring.CostElementList.CostElement"
"United Launch Alliance (ULA)/New Entrant","CO/TBD","0.00","10.00","8.00","0","1","25","26","0","0","0","0","2015-BASE_PROCUREMENT-2015-AIRFORCE_MISSILE-PROCUREMENT_JustificationBook_Air_Force_PB_2015.zzz_unzipped-PROCUREMENT_JustificationBook_Air_Force_PB_2015.xml","04ba31003147d065bb7b0469d96856c0e467991933cc18cbefa9e3616265b178","2-8cbce5550d19b4ef406f121e243255cf09425f8d8305344c2fb0649a01ec9879","0-3c223fee9e5e34873c17f325797b443e9cba21cece0e8127f29157753352c57a","root.record.ItemExhibitList.P5Item.CostElementCategoryList.Launch.Recurring.CostElementList.CostElement"
"TBD","TBD","1.00","10.00","8.00","0","1","25","26","1","0","0","0","2015-BASE_PROCUREMENT-2015-AIRFORCE_MISSILE-PROCUREMENT_JustificationBook_Air_Force_PB_2015.zzz_unzipped-PROCUREMENT_JustificationBook_Air_Force_PB_2015.xml","04ba31003147d065bb7b0469d96856c0e467991933cc18cbefa9e3616265b178","3-d025c0651af4d945cc548591a2c5819c4435344e2fdcb359a6ec1e68fec7e5a5","0-3c223fee9e5e34873c17f325797b443e9cba21cece0e8127f29157753352c57a","root.record.ItemExhibitList.P5Item.CostElementCategoryList.Launch.Recurring.CostElementList.CostElement"
"United Launch Alliance (ULA)","CO","1.00","10.00","10.00","0","0","0","0","0","1","25","26","2015-BASE_PROCUREMENT-2015-AIRFORCE_MISSILE-PROCUREMENT_MasterJustificationBook_Air_Force_PB_2015.zzz_unzipped-PROCUREMENT_MasterJustificationBook_Air_Force_PB_2015.xml","3abf8b64467cbed6c01c156005d72134c5ac025da35c8ec98beeec4ffadf8568","0-f121705697afd81b195bc6985f022cb6ee1e44f31b7d6d8e8ae30f51a84e3317","0-91341d2d5c0a24fd92b1adde1b85ad32f7088ce9156656f72f586f98bb20d3d6","root.record.ItemExhibitList.P5Item.CostElementCategoryList.Launch.Recurring.CostElementList.CostElement"
"United Launch Alliance (ULA)/SpaceX","CO/CA","1.00","10.00","8.00","0","0","0","0","1","4","25","29","2015-BASE_PROCUREMENT-2015-AIRFORCE_MISSILE-PROCUREMENT_MasterJustificationBook_Air_Force_PB_2015.zzz_unzipped-PROCUREMENT_MasterJustificationBook_Air_Force_PB_2015.xml","3abf8b64467cbed6c01c156005d72134c5ac025da35c8ec98beeec4ffadf8568","1-4195d381241a6cc1c3afe5b51f75eabbf1c8a1c79a05b776c7b6f117d7bd6539","0-91341d2d5c0a24fd92b1adde1b85ad32f7088ce9156656f72f586f98bb20d3d6","root.record.ItemExhibitList.P5Item.CostElementCategoryList.Launch.Recurring.CostElementList.CostElement"
"United Launch Alliance (ULA)/New Entrant","CO/TBD","0.00","10.00","8.00","0","1","25","26","0","0","0","0","2015-BASE_PROCUREMENT-2015-AIRFORCE_MISSILE-PROCUREMENT_MasterJustificationBook_Air_Force_PB_2015.zzz_unzipped-PROCUREMENT_MasterJustificationBook_Air_Force_PB_2015.xml","3abf8b64467cbed6c01c156005d72134c5ac025da35c8ec98beeec4ffadf8568","2-1564ab19113ab89d8d722065c1c5b18a414acceaae54539195d9ddc5b1e6a847","0-91341d2d5c0a24fd92b1adde1b85ad32f7088ce9156656f72f586f98bb20d3d6","root.record.ItemExhibitList.P5Item.CostElementCategoryList.Launch.Recurring.CostElementList.CostElement"
"TBD","TBD","1.00","10.00","8.00","0","1","25","26","1","0","0","0","2015-BASE_PROCUREMENT-2015-AIRFORCE_MISSILE-PROCUREMENT_MasterJustificationBook_Air_Force_PB_2015.zzz_unzipped-PROCUREMENT_MasterJustificationBook_Air_Force_PB_2015.xml","3abf8b64467cbed6c01c156005d72134c5ac025da35c8ec98beeec4ffadf8568","3-96e8b4718e740f619f053ac04ba48ddb2b05ac42913d6bb9c5c6632a7d4bf0f9","0-91341d2d5c0a24fd92b1adde1b85ad32f7088ce9156656f72f586f98bb20d3d6","root.record.ItemExhibitList.P5Item.CostElementCategoryList.Launch.Recurring.CostElementList.CostElement"
"United Launch Alliance (ULA)","CO","0.00","0.00","0.00","0","0","0","0","0","0","0","0","2016-BASE_PROCUREMENT-2016-AIRFORCE_MISSILE-PROCUREMENT_JustificationBook_Air_Force_PB_2016.zzz_unzipped-PROCUREMENT_JustificationBook_Air_Force_PB_2016.xml","6c9aa995b91ad030ee6d32b356405a3b1f11b8001606a08d20590bebadee431a","0-fcf84e4aa09757a4b4a995c9464fd6e19387bbbb566346d6771f2088e3423f2a","0-607a8a7f309f165567df620bf500bce8298c8bf775894f4a9ae04a76fcd63c8a","root.record.ItemExhibitList.P5Item.CostElementCategoryList.Launch.Recurring.CostElementList.CostElement"
"United Launch Alliance/ Space X","CO/CA","0.00","0.00","0.00","0","0","0","0","0","0","0","0","2016-BASE_PROCUREMENT-2016-AIRFORCE_MISSILE-PROCUREMENT_JustificationBook_Air_Force_PB_2016.zzz_unzipped-PROCUREMENT_JustificationBook_Air_Force_PB_2016.xml","cf8925d65bd63fdedf24ce17755069f37593cef7cbbe4aeacd94a8f5b6fd690f","0-a95e43f32d9bc39c7568de07079b8f86928c4522cbad9479c50eee7db7e25e58","0-ab7e201c4eff373bf12cb2c2a427cf141dcbc26dfac109af98ab13b840f30e9e","root.record.ItemExhibitList.P5Item.CostElementCategoryList.Launch.Recurring.CostElementList.CostElement"
"United Launch Alliance","CO","0.00","0.00","0.00","0","0","0","0","0","0","0","0","2016-BASE_PROCUREMENT-2016-AIRFORCE_MISSILE-PROCUREMENT_JustificationBook_Air_Force_PB_2016.zzz_unzipped-PROCUREMENT_JustificationBook_Air_Force_PB_2016.xml","cf8925d65bd63fdedf24ce17755069f37593cef7cbbe4aeacd94a8f5b6fd690f","1-b2fe5198f3b36b3c218d3f5a68cd0d781bea6d102828179a1f02baa6f2f2182a","0-ab7e201c4eff373bf12cb2c2a427cf141dcbc26dfac109af98ab13b840f30e9e","root.record.ItemExhibitList.P5Item.CostElementCategoryList.Launch.Recurring.CostElementList.CostElement"
"United Launch Alliance (ULA)/Various","CO/Various","0.00","0.00","0.00","0","0","0","0","0","0","0","0","2016-BASE_PROCUREMENT-2016-AIRFORCE_MISSILE-PROCUREMENT_JustificationBook_Air_Force_PB_2016.zzz_unzipped-PROCUREMENT_JustificationBook_Air_Force_PB_2016.xml","cf8925d65bd63fdedf24ce17755069f37593cef7cbbe4aeacd94a8f5b6fd690f","2-3ad1858ea576b95c5ef1eb8fc345eff518c71eba2475947d057961a1022af886","0-ab7e201c4eff373bf12cb2c2a427cf141dcbc26dfac109af98ab13b840f30e9e","root.record.ItemExhibitList.P5Item.CostElementCategoryList.Launch.Recurring.CostElementList.CostElement"
"United Launch Alliance (ULA)/New Entrant","CO/Various","1.00","10.00","8.00","0","0","0","0","1","4","24","28","2016-BASE_PROCUREMENT-2016-AIRFORCE_MISSILE-PROCUREMENT_JustificationBook_Air_Force_PB_2016.zzz_unzipped-PROCUREMENT_JustificationBook_Air_Force_PB_2016.xml","cf8925d65bd63fdedf24ce17755069f37593cef7cbbe4aeacd94a8f5b6fd690f","3-6e3b485e6e394fc9e6dd64707711ca6d52cb2855a66fdaddeb7e0c7df31e90d9","0-ab7e201c4eff373bf12cb2c2a427cf141dcbc26dfac109af98ab13b840f30e9e","root.record.ItemExhibitList.P5Item.CostElementCategoryList.Launch.Recurring.CostElementList.CostElement"
"United Launch Alliance (ULA)","CO","0.00","0.00","0.00","0","0","0","0","0","0","0","0","2016-BASE_PROCUREMENT-2016-AIRFORCE_MISSILE-PROCUREMENT_MasterJustificationBook_Air_Force_PB_2016.zzz_unzipped-PROCUREMENT_MasterJustificationBook_Air_Force_PB_2016.xml","276c920b26f02c0ce9ac31d54a0860fa7e35984db3fb4afee67af15af6561e99","0-42e054a199769658af09b2818b71a6450efe2d14b00c03c7bf885b450a90b06e","0-0784a3268aa5da0767217c1c74d6f88c3f4eef251a005e29612f6685f7edc516","root.record.ItemExhibitList.P5Item.CostElementCategoryList.Launch.Recurring.CostElementList.CostElement"
"United Launch Alliance/ Space X","CO/CA","0.00","0.00","0.00","0","0","0","0","0","0","0","0","2016-BASE_PROCUREMENT-2016-AIRFORCE_MISSILE-PROCUREMENT_MasterJustificationBook_Air_Force_PB_2016.zzz_unzipped-PROCUREMENT_MasterJustificationBook_Air_Force_PB_2016.xml","939818d19b159c135335fe081effefc55291969edf99d66feedb0e0d81b54846","0-47bf49a2e887dee0325195ce956e311996a3d56ac32c4041989bd20f02110dad","0-3d3a822999aa736372d0fabcb81f80b4b45f676f0fa9b27ee1575b4507464c21","root.record.ItemExhibitList.P5Item.CostElementCategoryList.Launch.Recurring.CostElementList.CostElement"
"United Launch Alliance","CO","0.00","0.00","0.00","0","0","0","0","0","0","0","0","2016-BASE_PROCUREMENT-2016-AIRFORCE_MISSILE-PROCUREMENT_MasterJustificationBook_Air_Force_PB_2016.zzz_unzipped-PROCUREMENT_MasterJustificationBook_Air_Force_PB_2016.xml","939818d19b159c135335fe081effefc55291969edf99d66feedb0e0d81b54846","1-7b04acafad673a4525a85e80d130c88181c1adc95d97be71d041c35bb4951e45","0-3d3a822999aa736372d0fabcb81f80b4b45f676f0fa9b27ee1575b4507464c21","root.record.ItemExhibitList.P5Item.CostElementCategoryList.Launch.Recurring.CostElementList.CostElement"
"United Launch Alliance (ULA)/Various","CO/Various","0.00","0.00","0.00","0","0","0","0","0","0","0","0","2016-BASE_PROCUREMENT-2016-AIRFORCE_MISSILE-PROCUREMENT_MasterJustificationBook_Air_Force_PB_2016.zzz_unzipped-PROCUREMENT_MasterJustificationBook_Air_Force_PB_2016.xml","939818d19b159c135335fe081effefc55291969edf99d66feedb0e0d81b54846","2-40b4a3ba9e547380817e85f917c6a1968a343785155b349f64ff0d6f4ad261a5","0-3d3a822999aa736372d0fabcb81f80b4b45f676f0fa9b27ee1575b4507464c21","root.record.ItemExhibitList.P5Item.CostElementCategoryList.Launch.Recurring.CostElementList.CostElement"
"United Launch Alliance (ULA)/New Entrant","CO/Various","1.00","10.00","8.00","0","0","0","0","1","4","24","28","2016-BASE_PROCUREMENT-2016-AIRFORCE_MISSILE-PROCUREMENT_MasterJustificationBook_Air_Force_PB_2016.zzz_unzipped-PROCUREMENT_MasterJustificationBook_Air_Force_PB_2016.xml","939818d19b159c135335fe081effefc55291969edf99d66feedb0e0d81b54846","3-bfeeab0613044dc8d038fed55ba7dcb985ab72c03e9addd5f08e2b316b1d38c2","0-3d3a822999aa736372d0fabcb81f80b4b45f676f0fa9b27ee1575b4507464c21","root.record.ItemExhibitList.P5Item.CostElementCategoryList.Launch.Recurring.CostElementList.CostElement"
"(ULA/Various","CO/TBD","0.00","0.00","0.00","0","0","0","0","0","0","0","0","2016-BASE_PROCUREMENT-2016-AIRFORCE_SPACE-PROCUREMENT_JustificationBook_Air_Force_PB_2016.zzz_unzipped-PROCUREMENT_JustificationBook_Air_Force_PB_2016.xml","d1f0521c73ebc9037816c74e70ee33273b5fd9f2e08f916f050ecbe177d86071","0-cf032f54473952a5f27aec208bb6cc5263a0e23223bfc5d97898aff68ac8e8c8","0-371c26862337ec4a665039cab750596712283dc8e166c5637a2c12cd38a044ac","root.record.ItemExhibitList.P5Item.CostElementCategoryList.Launch.Recurring.CostElementList.CostElement"
"United Launch Alliance (ULA)/Various","CO/TBD","0.00","0.00","0.00","0","0","0","0","0","0","0","0","2016-BASE_PROCUREMENT-2016-AIRFORCE_SPACE-PROCUREMENT_JustificationBook_Air_Force_PB_2016.zzz_unzipped-PROCUREMENT_JustificationBook_Air_Force_PB_2016.xml","d1f0521c73ebc9037816c74e70ee33273b5fd9f2e08f916f050ecbe177d86071","1-d3a62992bab0b28d1a92aaf997e2d99f257ba0c8a5de74edb480a23471f48c0a","0-371c26862337ec4a665039cab750596712283dc8e166c5637a2c12cd38a044ac","root.record.ItemExhibitList.P5Item.CostElementCategoryList.Launch.Recurring.CostElementList.CostElement"
"TBD","CO/TBD","0.00","0.00","0.00","0","0","0","0","0","0","0","0","2016-BASE_PROCUREMENT-2016-AIRFORCE_SPACE-PROCUREMENT_JustificationBook_Air_Force_PB_2016.zzz_unzipped-PROCUREMENT_JustificationBook_Air_Force_PB_2016.xml","d1f0521c73ebc9037816c74e70ee33273b5fd9f2e08f916f050ecbe177d86071","2-72a7ac49a093a887e6366b9a5f4680942c566d8cdf54eb9d58864f4d83425e33","0-371c26862337ec4a665039cab750596712283dc8e166c5637a2c12cd38a044ac","root.record.ItemExhibitList.P5Item.CostElementCategoryList.Launch.Recurring.CostElementList.CostElement"
"United Launch Alliance (ULA)/New Entrant","CO/Various","1.00","10.00","8.00","0","0","0","0","1","3","24","27","2016-BASE_PROCUREMENT-2016-AIRFORCE_SPACE-PROCUREMENT_JustificationBook_Air_Force_PB_2016.zzz_unzipped-PROCUREMENT_JustificationBook_Air_Force_PB_2016.xml","7a2d660364617df9c4864dac6ccd860e0aa8b3a898565771e1e333f1544053e7","0-07a991fc8baaeb136266e30c4ae3b6b7c8287620461130a63b8dcafd57412f32","0-d30b9c3b09470bfa91307f925ba6996971f50566b02fb0e38b7475b7fc6f3bd3","root.record.ItemExhibitList.P5Item.CostElementCategoryList.Launch.Recurring.CostElementList.CostElement"
"United Launch Alliance/New Entrant","CO/Various","0.00","0.00","0.00","0","0","0","0","0","0","0","0","2016-BASE_PROCUREMENT-2016-AIRFORCE_SPACE-PROCUREMENT_JustificationBook_Air_Force_PB_2016.zzz_unzipped-PROCUREMENT_JustificationBook_Air_Force_PB_2016.xml","7a2d660364617df9c4864dac6ccd860e0aa8b3a898565771e1e333f1544053e7","1-4c6be8d9f4636d1f4c0337e5df359bd2100d4f83168c14f1b9c8b594099bdda4","0-d30b9c3b09470bfa91307f925ba6996971f50566b02fb0e38b7475b7fc6f3bd3","root.record.ItemExhibitList.P5Item.CostElementCategoryList.Launch.Recurring.CostElementList.CostElement"
"TBD","TBD","0.00","0.00","0.00","0","0","0","0","0","0","0","0","2016-BASE_PROCUREMENT-2016-AIRFORCE_SPACE-PROCUREMENT_JustificationBook_Air_Force_PB_2016.zzz_unzipped-PROCUREMENT_JustificationBook_Air_Force_PB_2016.xml","7a2d660364617df9c4864dac6ccd860e0aa8b3a898565771e1e333f1544053e7","2-17ffb512ea546aaf0895bcab9e3eb2b8687594b805a831f5a2026fe5677e9a94","0-d30b9c3b09470bfa91307f925ba6996971f50566b02fb0e38b7475b7fc6f3bd3","root.record.ItemExhibitList.P5Item.CostElementCategoryList.Launch.Recurring.CostElementList.CostElement"
"(ULA/Various","CO/TBD","0.00","0.00","0.00","0","0","0","0","0","0","0","0","2016-BASE_PROCUREMENT-2016-AIRFORCE_SPACE-PROCUREMENT_MasterJustificationBook_Air_Force_PB_2016.zzz_unzipped-PROCUREMENT_MasterJustificationBook_Air_Force_PB_2016.xml","a5822c6433aedb78daa4985dc310373c7cdabcb6db4d8f36492c10d0e4fd1487","0-2a0799d4f45620e52cbdc462adfef630726ae30c9467835dd688d9dbc0311173","0-7edb5f60c0171e2191c798f03c56e060a0b3697e55d1d959f0c5cffcb4062198","root.record.ItemExhibitList.P5Item.CostElementCategoryList.Launch.Recurring.CostElementList.CostElement"
"United Launch Alliance (ULA)/Various","CO/TBD","0.00","0.00","0.00","0","0","0","0","0","0","0","0","2016-BASE_PROCUREMENT-2016-AIRFORCE_SPACE-PROCUREMENT_MasterJustificationBook_Air_Force_PB_2016.zzz_unzipped-PROCUREMENT_MasterJustificationBook_Air_Force_PB_2016.xml","a5822c6433aedb78daa4985dc310373c7cdabcb6db4d8f36492c10d0e4fd1487","1-72ee124e28f343148e41997d95a831167e58ca5cffb31c0603c6e9dc8b8b652a","0-7edb5f60c0171e2191c798f03c56e060a0b3697e55d1d959f0c5cffcb4062198","root.record.ItemExhibitList.P5Item.CostElementCategoryList.Launch.Recurring.CostElementList.CostElement"
"TBD","CO/TBD","0.00","0.00","0.00","0","0","0","0","0","0","0","0","2016-BASE_PROCUREMENT-2016-AIRFORCE_SPACE-PROCUREMENT_MasterJustificationBook_Air_Force_PB_2016.zzz_unzipped-PROCUREMENT_MasterJustificationBook_Air_Force_PB_2016.xml","a5822c6433aedb78daa4985dc310373c7cdabcb6db4d8f36492c10d0e4fd1487","2-cca524608008ca97a4f58e544be5abff64c51a3012c50c7dfadaadfad5b93d84","0-7edb5f60c0171e2191c798f03c56e060a0b3697e55d1d959f0c5cffcb4062198","root.record.ItemExhibitList.P5Item.CostElementCategoryList.Launch.Recurring.CostElementList.CostElement"
"United Launch Alliance (ULA)/New Entrant","CO/Various","1.00","10.00","8.00","0","0","0","0","1","3","24","27","2016-BASE_PROCUREMENT-2016-AIRFORCE_SPACE-PROCUREMENT_MasterJustificationBook_Air_Force_PB_2016.zzz_unzipped-PROCUREMENT_MasterJustificationBook_Air_Force_PB_2016.xml","e74c5625e1731a9bfe9f4efe680292d976b26eee481f576bfc724d2c763e55fb","0-9b8d0e5dafcf0d88542ef1838f2bf961ef28584880e3ec88a8ca39ca101b5646","0-43ad3b54d95755a699a8a96b9b36e2132abb1735dc2002072e3d0a9376c4f4fa","root.record.ItemExhibitList.P5Item.CostElementCategoryList.Launch.Recurring.CostElementList.CostElement"
"United Launch Alliance/New Entrant","CO/Various","0.00","0.00","0.00","0","0","0","0","0","0","0","0","2016-BASE_PROCUREMENT-2016-AIRFORCE_SPACE-PROCUREMENT_MasterJustificationBook_Air_Force_PB_2016.zzz_unzipped-PROCUREMENT_MasterJustificationBook_Air_Force_PB_2016.xml","e74c5625e1731a9bfe9f4efe680292d976b26eee481f576bfc724d2c763e55fb","1-6e277ef4b9a62a9ff5643e012000f8d0845d006607ddce1a1d2da8ef2b7c3790","0-43ad3b54d95755a699a8a96b9b36e2132abb1735dc2002072e3d0a9376c4f4fa","root.record.ItemExhibitList.P5Item.CostElementCategoryList.Launch.Recurring.CostElementList.CostElement"
"TBD","TBD","0.00","0.00","0.00","0","0","0","0","0","0","0","0","2016-BASE_PROCUREMENT-2016-AIRFORCE_SPACE-PROCUREMENT_MasterJustificationBook_Air_Force_PB_2016.zzz_unzipped-PROCUREMENT_MasterJustificationBook_Air_Force_PB_2016.xml","e74c5625e1731a9bfe9f4efe680292d976b26eee481f576bfc724d2c763e55fb","2-0726cd86eec51fcf5ba0816ad4d3f951c27beb88a5d60ce0983748925fc93f5e","0-43ad3b54d95755a699a8a96b9b36e2132abb1735dc2002072e3d0a9376c4f4fa","root.record.ItemExhibitList.P5Item.CostElementCategoryList.Launch.Recurring.CostElementList.CostElement"
"United Launch Alliance (ULA)","CO","0.00","0.00","0.00","0","0","0","0","0","0","0","0","2017-BASE_PROCUREMENT-2017-AIRFORCE_MISSILE-U_PROCUREMENT_JustificationBook_Air_Force_PB_2017.zzz_unzipped-U_PROCUREMENT_JustificationBook_Air_Force_PB_2017.xml","ce33d887958287eb22f25db5c4372a5be3d549dd643325817beec223ffddc64c","0-2de0481e179334bacf9195a94ae037034efe2cbf0c469f99ba3e97a0bd194262","0-4f63dfe3ead4008e10df320043711ba7b08a1663c05e83f1e05dd609d5639553","root.record.ItemExhibitList.P5Item.CostElementCategoryList.Launch.Recurring.CostElementList.CostElement"
"United Launch Alliance/ Space X","CO/CA","0.00","0.00","0.00","0","0","0","0","0","0","0","0","2017-BASE_PROCUREMENT-2017-AIRFORCE_MISSILE-U_PROCUREMENT_JustificationBook_Air_Force_PB_2017.zzz_unzipped-U_PROCUREMENT_JustificationBook_Air_Force_PB_2017.xml","1eb519244af6b52f585c68b446dd7d32bfe9132b3a808e75d418f71c32a68e95","0-1d5a72e03ffce291963870371755990f8fe3e768be05fba2d87cd69d46559886","0-0cd6bbbf5d15329c93342dfd2f1d049d8b6258580b738fb4fe84cb632e27c5ca","root.record.ItemExhibitList.P5Item.CostElementCategoryList.Launch.Recurring.CostElementList.CostElement"
"United Launch Alliance","CO","0.00","0.00","0.00","0","0","0","0","0","0","0","0","2017-BASE_PROCUREMENT-2017-AIRFORCE_MISSILE-U_PROCUREMENT_JustificationBook_Air_Force_PB_2017.zzz_unzipped-U_PROCUREMENT_JustificationBook_Air_Force_PB_2017.xml","1eb519244af6b52f585c68b446dd7d32bfe9132b3a808e75d418f71c32a68e95","1-2487057c2644330994b9dd5602d4a734fd497a9590722c0b142a3c16d77392ff","0-0cd6bbbf5d15329c93342dfd2f1d049d8b6258580b738fb4fe84cb632e27c5ca","root.record.ItemExhibitList.P5Item.CostElementCategoryList.Launch.Recurring.CostElementList.CostElement"
"United Launch Alliance (ULA)/Various","CO/Various","0.00","0.00","0.00","0","0","0","0","0","0","0","0","2017-BASE_PROCUREMENT-2017-AIRFORCE_MISSILE-U_PROCUREMENT_JustificationBook_Air_Force_PB_2017.zzz_unzipped-U_PROCUREMENT_JustificationBook_Air_Force_PB_2017.xml","1eb519244af6b52f585c68b446dd7d32bfe9132b3a808e75d418f71c32a68e95","2-98dbc4ba463fa54b8f5a525bb8b36964e2b7d1b690d1659df0b94aeb6d9d13fc","0-0cd6bbbf5d15329c93342dfd2f1d049d8b6258580b738fb4fe84cb632e27c5ca","root.record.ItemExhibitList.P5Item.CostElementCategoryList.Launch.Recurring.CostElementList.CostElement"
"United Launch Alliance (ULA)/CO/ Space X/CA","CO/Various","3.00","10.00","10.00","0","0","0","0","0","4","24","28","2017-BASE_PROCUREMENT-2017-AIRFORCE_MISSILE-U_PROCUREMENT_JustificationBook_Air_Force_PB_2017.zzz_unzipped-U_PROCUREMENT_JustificationBook_Air_Force_PB_2017.xml","1eb519244af6b52f585c68b446dd7d32bfe9132b3a808e75d418f71c32a68e95","3-b95a95486e02ebb566ee610a31dc42d505a8442a18fa15b5c386460e2d285234","0-0cd6bbbf5d15329c93342dfd2f1d049d8b6258580b738fb4fe84cb632e27c5ca","root.record.ItemExhibitList.P5Item.CostElementCategoryList.Launch.Recurring.CostElementList.CostElement"
"United Launch Alliance (ULA)","CO","0.00","0.00","0.00","0","0","0","0","0","0","0","0","2017-BASE_PROCUREMENT-2017-AIRFORCE_MISSILE-U_PROCUREMENT_MasterJustificationBook_Air_Force_PB_2017.zzz_unzipped-U_PROCUREMENT_MasterJustificationBook_Air_Force_PB_2017.xml","c3a033a02dd266f763c2138e8649e17878d13f50115d4fe57dd90be56509c75e","0-b9057d26630506d37e6c0b7bb15c15211a13eb38b70f4806d22a07c373cc06a6","0-14b9610173aca546cd30dfc4809a8438a25132056d9f0b6ee0c2f4810348d380","root.record.ItemExhibitList.P5Item.CostElementCategoryList.Launch.Recurring.CostElementList.CostElement"
"United Launch Alliance/ Space X","CO/CA","0.00","0.00","0.00","0","0","0","0","0","0","0","0","2017-BASE_PROCUREMENT-2017-AIRFORCE_MISSILE-U_PROCUREMENT_MasterJustificationBook_Air_Force_PB_2017.zzz_unzipped-U_PROCUREMENT_MasterJustificationBook_Air_Force_PB_2017.xml","0aaff7f9fbc97457e9ac7628aca63d803f4f49d5d154173563fad4699056f5e8","0-ad1af7e62445bf20279d2d9648dace57df60ff34f2019aa06cdc73d91d5dc04d","0-c6fc49f3ed5d7f12cfac23b30c499e2d7cc1ada50afa2bdfbb8a328f64855b10","root.record.ItemExhibitList.P5Item.CostElementCategoryList.Launch.Recurring.CostElementList.CostElement"
"United Launch Alliance","CO","0.00","0.00","0.00","0","0","0","0","0","0","0","0","2017-BASE_PROCUREMENT-2017-AIRFORCE_MISSILE-U_PROCUREMENT_MasterJustificationBook_Air_Force_PB_2017.zzz_unzipped-U_PROCUREMENT_MasterJustificationBook_Air_Force_PB_2017.xml","0aaff7f9fbc97457e9ac7628aca63d803f4f49d5d154173563fad4699056f5e8","1-cc83bff336c3c37ffb50b0a328b79d78e110b8623e9e7cdaa81ddb976cabef27","0-c6fc49f3ed5d7f12cfac23b30c499e2d7cc1ada50afa2bdfbb8a328f64855b10","root.record.ItemExhibitList.P5Item.CostElementCategoryList.Launch.Recurring.CostElementList.CostElement"
"United Launch Alliance (ULA)/Various","CO/Various","0.00","0.00","0.00","0","0","0","0","0","0","0","0","2017-BASE_PROCUREMENT-2017-AIRFORCE_MISSILE-U_PROCUREMENT_MasterJustificationBook_Air_Force_PB_2017.zzz_unzipped-U_PROCUREMENT_MasterJustificationBook_Air_Force_PB_2017.xml","0aaff7f9fbc97457e9ac7628aca63d803f4f49d5d154173563fad4699056f5e8","2-d863149b85330b288e8f6a7602e6135d93ee991b9a68d9d581ac901c99519d4b","0-c6fc49f3ed5d7f12cfac23b30c499e2d7cc1ada50afa2bdfbb8a328f64855b10","root.record.ItemExhibitList.P5Item.CostElementCategoryList.Launch.Recurring.CostElementList.CostElement"
"United Launch Alliance (ULA)/CO/ Space X/CA","CO/Various","3.00","10.00","10.00","0","0","0","0","0","4","24","28","2017-BASE_PROCUREMENT-2017-AIRFORCE_MISSILE-U_PROCUREMENT_MasterJustificationBook_Air_Force_PB_2017.zzz_unzipped-U_PROCUREMENT_MasterJustificationBook_Air_Force_PB_2017.xml","0aaff7f9fbc97457e9ac7628aca63d803f4f49d5d154173563fad4699056f5e8","3-99e9e3fb4f44d8ef4dec5c2d78d42caf951de242d888d965f29ad9c73d2aad13","0-c6fc49f3ed5d7f12cfac23b30c499e2d7cc1ada50afa2bdfbb8a328f64855b10","root.record.ItemExhibitList.P5Item.CostElementCategoryList.Launch.Recurring.CostElementList.CostElement"
"United Launch Alliance (ULA)/Space X","CO/CA","0.00","0.00","0.00","0","0","0","0","0","0","0","0","2017-BASE_PROCUREMENT-2017-AIRFORCE_SPACE-U_PROCUREMENT_JustificationBook_Air_Force_PB_2017.zzz_unzipped-U_PROCUREMENT_JustificationBook_Air_Force_PB_2017.xml","eba9fe6c064fe1d265f9658104dc72ec79802ee6864d5cf1b5db6e8c06a27c92","0-eae16065cb9599da5e345fc4efec5938bbdf2d1dc73393d56aab56973fd63639","0-60151503b7f901251a9ff06086ad25c026f809bb2cdcc6e8c6b28d1bec548d6c","root.record.ItemExhibitList.P5Item.CostElementCategoryList.Launch.Recurring.CostElementList.CostElement"
"United Launch Alliance (ULA)/Various","CO/TBD","0.00","0.00","0.00","0","0","0","0","0","0","0","0","2017-BASE_PROCUREMENT-2017-AIRFORCE_SPACE-U_PROCUREMENT_JustificationBook_Air_Force_PB_2017.zzz_unzipped-U_PROCUREMENT_JustificationBook_Air_Force_PB_2017.xml","eba9fe6c064fe1d265f9658104dc72ec79802ee6864d5cf1b5db6e8c06a27c92","1-fd0a8b8ea38a73742a2d8adb383135046514dd254b68d9ef8de718677420cbe2","0-60151503b7f901251a9ff06086ad25c026f809bb2cdcc6e8c6b28d1bec548d6c","root.record.ItemExhibitList.P5Item.CostElementCategoryList.Launch.Recurring.CostElementList.CostElement"
"TBD","CO/TBD","0.00","0.00","0.00","0","0","0","0","0","0","0","0","2017-BASE_PROCUREMENT-2017-AIRFORCE_SPACE-U_PROCUREMENT_JustificationBook_Air_Force_PB_2017.zzz_unzipped-U_PROCUREMENT_JustificationBook_Air_Force_PB_2017.xml","eba9fe6c064fe1d265f9658104dc72ec79802ee6864d5cf1b5db6e8c06a27c92","2-1fde43d5e1240c8af6e05b3b6d18293e6fc35ad881e056d574f53d8b469c26de","0-60151503b7f901251a9ff06086ad25c026f809bb2cdcc6e8c6b28d1bec548d6c","root.record.ItemExhibitList.P5Item.CostElementCategoryList.Launch.Recurring.CostElementList.CostElement"
"United Launch Alliance (ULA)/Space X","CO/CA","3.00","10.00","10.00","0","0","0","0","0","3","24","27","2017-BASE_PROCUREMENT-2017-AIRFORCE_SPACE-U_PROCUREMENT_JustificationBook_Air_Force_PB_2017.zzz_unzipped-U_PROCUREMENT_JustificationBook_Air_Force_PB_2017.xml","ec93ed095b5ca4b931dec7bb1f726d801cfd1dfdbf02f5e7c1bf686ce7e68176","0-dbb027c620c7937dd5e6089dcbc7b59a9b56ec42037cc6947beb71d32cde0b87","0-712647c64b30a2f9502c2e2e50564691467c13505c35603d5ad183c1548caa9b","root.record.ItemExhibitList.P5Item.CostElementCategoryList.Launch.Recurring.CostElementList.CostElement"
"TBD","TBD","0.00","0.00","0.00","0","0","0","0","0","0","0","0","2017-BASE_PROCUREMENT-2017-AIRFORCE_SPACE-U_PROCUREMENT_JustificationBook_Air_Force_PB_2017.zzz_unzipped-U_PROCUREMENT_JustificationBook_Air_Force_PB_2017.xml","ec93ed095b5ca4b931dec7bb1f726d801cfd1dfdbf02f5e7c1bf686ce7e68176","1-90479b53f1984b26e969bafddc95b28a14f6ac7811c088290337a80047b46850","0-712647c64b30a2f9502c2e2e50564691467c13505c35603d5ad183c1548caa9b","root.record.ItemExhibitList.P5Item.CostElementCategoryList.Launch.Recurring.CostElementList.CostElement"
"United Launch Alliance (ULA)/Space X","CO/CA","0.00","0.00","0.00","0","0","0","0","0","0","0","0","2017-BASE_PROCUREMENT-2017-AIRFORCE_SPACE-U_PROCUREMENT_MasterJustificationBook_Air_Force_PB_2017.zzz_unzipped-U_PROCUREMENT_MasterJustificationBook_Air_Force_PB_2017.xml","93da043eef78975dad30e261ee4c5f8ab6799eb4953cc377d1c9f77ce349529c","0-5aa8d7f52ef54cbd94cea0d6d5ce58372de88b00d1d0cfd9c7648131f10284eb","0-3a6462d554dff0bc1e28e380f59d4d7b771bc07a310f2b34352304e8610f04e5","root.record.ItemExhibitList.P5Item.CostElementCategoryList.Launch.Recurring.CostElementList.CostElement"
"United Launch Alliance (ULA)/Various","CO/TBD","0.00","0.00","0.00","0","0","0","0","0","0","0","0","2017-BASE_PROCUREMENT-2017-AIRFORCE_SPACE-U_PROCUREMENT_MasterJustificationBook_Air_Force_PB_2017.zzz_unzipped-U_PROCUREMENT_MasterJustificationBook_Air_Force_PB_2017.xml","93da043eef78975dad30e261ee4c5f8ab6799eb4953cc377d1c9f77ce349529c","1-3c5f891dcd32515d2b363fa6950f35713ce9aacb026bf1d3affb78f0fab768d3","0-3a6462d554dff0bc1e28e380f59d4d7b771bc07a310f2b34352304e8610f04e5","root.record.ItemExhibitList.P5Item.CostElementCategoryList.Launch.Recurring.CostElementList.CostElement"
"TBD","CO/TBD","0.00","0.00","0.00","0","0","0","0","0","0","0","0","2017-BASE_PROCUREMENT-2017-AIRFORCE_SPACE-U_PROCUREMENT_MasterJustificationBook_Air_Force_PB_2017.zzz_unzipped-U_PROCUREMENT_MasterJustificationBook_Air_Force_PB_2017.xml","93da043eef78975dad30e261ee4c5f8ab6799eb4953cc377d1c9f77ce349529c","2-56bfd3f89fbfccd6afb879655fdec8b0c3f986bb76b6e99e13a6f27bb305f3fc","0-3a6462d554dff0bc1e28e380f59d4d7b771bc07a310f2b34352304e8610f04e5","root.record.ItemExhibitList.P5Item.CostElementCategoryList.Launch.Recurring.CostElementList.CostElement"
"United Launch Alliance (ULA)/Space X","CO/CA","3.00","10.00","10.00","0","0","0","0","0","3","24","27","2017-BASE_PROCUREMENT-2017-AIRFORCE_SPACE-U_PROCUREMENT_MasterJustificationBook_Air_Force_PB_2017.zzz_unzipped-U_PROCUREMENT_MasterJustificationBook_Air_Force_PB_2017.xml","96cd91b6f0a12ac29a5457b42901859397ea8cd74200ed2ed8fc9c97846f481d","0-7f66a4c9c110c3c4e99e2bd951fbdb1d787c5e2bd2a93ed37f0274bb5136f327","0-0075ad35a6a772e4e60d883f9824e31430463ee82d1815eefdb5759a99a9270c","root.record.ItemExhibitList.P5Item.CostElementCategoryList.Launch.Recurring.CostElementList.CostElement"
"TBD","TBD","0.00","0.00","0.00","0","0","0","0","0","0","0","0","2017-BASE_PROCUREMENT-2017-AIRFORCE_SPACE-U_PROCUREMENT_MasterJustificationBook_Air_Force_PB_2017.zzz_unzipped-U_PROCUREMENT_MasterJustificationBook_Air_Force_PB_2017.xml","96cd91b6f0a12ac29a5457b42901859397ea8cd74200ed2ed8fc9c97846f481d","1-4a4c6499b86d9c89c8e6ce754beed541ebecf4e44346cfb538fb5dee5a37e346","0-0075ad35a6a772e4e60d883f9824e31430463ee82d1815eefdb5759a99a9270c","root.record.ItemExhibitList.P5Item.CostElementCategoryList.Launch.Recurring.CostElementList.CostElement"
"United Launch Alliance (ULA)","Co","0.00","0.00","0.00","0","0","0","0","0","0","0","0","2018-BASE_PROCUREMENT-2018-AIRFORCE_SPACE-U_PROCUREMENT_JustificationBook_Air_Force_PB_2018.zzz_unzipped-U_PROCUREMENT_JustificationBook_Air_Force_PB_2018.xml","a504d38fb691940edf6ae31773acb20020b93bb4b14f2e126f1dbfb1833d2c40","0-b1fb082f107241a842d6e432399c4eada1665a226081dcdfff3d4154351e0680","0-933e4da916fa11ec51de3c07eac74c9bbf2c311e7d65123930d55d3da3422920","root.record.ItemExhibitList.P5Item.CostElementCategoryList.Launch.Recurring.CostElementList.CostElement"
"United Launch Alliance (ULA)/Space X","CO/CA","0.00","0.00","0.00","0","0","0","0","0","0","0","0","2018-BASE_PROCUREMENT-2018-AIRFORCE_SPACE-U_PROCUREMENT_JustificationBook_Air_Force_PB_2018.zzz_unzipped-U_PROCUREMENT_JustificationBook_Air_Force_PB_2018.xml","325d3c3180a12017ffe453649a0a4a785aea7e048f4c973d82c0e34139fd5940","0-afae085694d53f0736e1ba7551c2c74ba381c4757d0def2a890afc06576deb57","0-aeed267a22546694ace62b813c7ce5b1ec2c05be8a164538a48db666ef1f120f","root.record.ItemExhibitList.P5Item.CostElementCategoryList.Launch.Recurring.CostElementList.CostElement"
"United Launch Alliance (ULA)/SpaceX","CO/CA","3.00","10.00","8.00","0","0","0","0","6","3","24","27","2018-BASE_PROCUREMENT-2018-AIRFORCE_SPACE-U_PROCUREMENT_JustificationBook_Air_Force_PB_2018.zzz_unzipped-U_PROCUREMENT_JustificationBook_Air_Force_PB_2018.xml","325d3c3180a12017ffe453649a0a4a785aea7e048f4c973d82c0e34139fd5940","1-e2af709e01f45aa154fe5e98c039a49d5ef02096ab5e625240f1769bfa813f97","0-aeed267a22546694ace62b813c7ce5b1ec2c05be8a164538a48db666ef1f120f","root.record.ItemExhibitList.P5Item.CostElementCategoryList.Launch.Recurring.CostElementList.CostElement"
"United Launch Alliance (ULA)","Co","0.00","0.00","0.00","0","0","0","0","0","0","0","0","2018-BASE_PROCUREMENT-2018-AIRFORCE_SPACE-U_PROCUREMENT_MasterJustificationBook_Air_Force_PB_2018.zzz_unzipped-U_PROCUREMENT_MasterJustificationBook_Air_Force_PB_2018.xml","c130b3a1f104b5de3401c5acdd5cb51029b1ae1eaf597bbfa82e5b55fd991423","0-86ef81410acfc13a6269b51753b50bee1d378d9f1582bbb8fd93d0ee88410e9c","0-0fe31bd7afbcb4c4a5f39840bb69f96ae9804293573c19304d9dcc751022218a","root.record.ItemExhibitList.P5Item.CostElementCategoryList.Launch.Recurring.CostElementList.CostElement"
"United Launch Alliance (ULA)/Space X","CO/CA","0.00","0.00","0.00","0","0","0","0","0","0","0","0","2018-BASE_PROCUREMENT-2018-AIRFORCE_SPACE-U_PROCUREMENT_MasterJustificationBook_Air_Force_PB_2018.zzz_unzipped-U_PROCUREMENT_MasterJustificationBook_Air_Force_PB_2018.xml","ea40833ccabefde03e8b1c2e9d9f55f14d7d4e54a7c37cd2d2b1f7b53af14e9d","0-d21b3bc90383de290bb2bd73e6dc1f0ad58536d4fcd67653075b68bcb9f16d83","0-a9b2dd6c8957462908443dc312a4c7f38ad02b264827e21989521f07a33cb5bc","root.record.ItemExhibitList.P5Item.CostElementCategoryList.Launch.Recurring.CostElementList.CostElement"
"United Launch Alliance (ULA)/SpaceX","CO/CA","3.00","10.00","8.00","0","0","0","0","6","3","24","27","2018-BASE_PROCUREMENT-2018-AIRFORCE_SPACE-U_PROCUREMENT_MasterJustificationBook_Air_Force_PB_2018.zzz_unzipped-U_PROCUREMENT_MasterJustificationBook_Air_Force_PB_2018.xml","ea40833ccabefde03e8b1c2e9d9f55f14d7d4e54a7c37cd2d2b1f7b53af14e9d","1-c587d0d13fd05733d49073488ed2b1cf1be19f5b190d106d6fe1a1b96372567e","0-a9b2dd6c8957462908443dc312a4c7f38ad02b264827e21989521f07a33cb5bc","root.record.ItemExhibitList.P5Item.CostElementCategoryList.Launch.Recurring.CostElementList.CostElement"
"United Launch Alliance (ULA)/CO","CO","0.00","0.00","0.00","0","0","0","0","0","0","0","0","2019-BASE_PROCUREMENT-2019-AIRFORCE_SPACE-U_PROCUREMENT_JustificationBook_Air_Force_PB_2019.zzz_unzipped-U_PROCUREMENT_JustificationBook_Air_Force_PB_2019.xml","db46b2261433bc4722a6ce262878edc82af01260e83ad0e4141f1696ee1ab4a1","0-9ae7f7fd4979148b2ebb4378c9fc4633ec5bf3a4e7186478f55d4edaf078e6c0","0-1b64e38d03bb0cb63da8d5446ab771e1fb34ae1d51ca6db991e67d34b0ed62f8","root.record.ItemExhibitList.P5Item.CostElementCategoryList.Launch.Recurring.CostElementList.CostElement"
"United Launch Alliance(ULA)/SpaceX / Co/CA","Co/CA","0.00","0.00","0.00","0","0","0","0","0","0","0","0","2019-BASE_PROCUREMENT-2019-AIRFORCE_SPACE-U_PROCUREMENT_JustificationBook_Air_Force_PB_2019.zzz_unzipped-U_PROCUREMENT_JustificationBook_Air_Force_PB_2019.xml","db46b2261433bc4722a6ce262878edc82af01260e83ad0e4141f1696ee1ab4a1","0-6c3021cb868370a7b4607af7427c31abf6e3e05f47651063b189078ec50970da","1-7759723ed5ea2005f0a0ade041a157c1ebb944b9a1b3321ad766b60a9a7530db","root.record.ItemExhibitList.P5Item.CostElementCategoryList.Launch.Recurring.CostElementList.CostElement"
"United Launch Alliance(ULA)/SpaceX","Co/CA","0.00","0.00","0.00","0","0","0","0","0","0","0","0","2019-BASE_PROCUREMENT-2019-AIRFORCE_SPACE-U_PROCUREMENT_JustificationBook_Air_Force_PB_2019.zzz_unzipped-U_PROCUREMENT_JustificationBook_Air_Force_PB_2019.xml","db46b2261433bc4722a6ce262878edc82af01260e83ad0e4141f1696ee1ab4a1","1-2d9cab12973aa26bddf524a1f4fc5c9acf38c5ce8696bf74e573a39c582d2f4d","1-7759723ed5ea2005f0a0ade041a157c1ebb944b9a1b3321ad766b60a9a7530db","root.record.ItemExhibitList.P5Item.CostElementCategoryList.Launch.Recurring.CostElementList.CostElement"
"United Launch Alliance (ULA)/SpaceX","CO/CA","0.00","0.00","0.00","0","0","0","0","0","0","0","0","2019-BASE_PROCUREMENT-2019-AIRFORCE_SPACE-U_PROCUREMENT_JustificationBook_Air_Force_PB_2019.zzz_unzipped-U_PROCUREMENT_JustificationBook_Air_Force_PB_2019.xml","437d2c67a4cc5d16854929d21729fd5d4c78483d0ac1527148024d46b499a23b","0-394f170cf7cec862da6ad96a012d50e65104cbc55d7e5761ca6e4996ddaef1bb","0-9ce0c571046e23e879a9fa6e7c81b0b152108a43fbc513c508984b9ccd200eee","root.record.ItemExhibitList.P5Item.CostElementCategoryList.Launch.Recurring.CostElementList.CostElement"
"TBD","TBD","3.00","10.00","8.00","0","0","0","0","0","4","24","28","2019-BASE_PROCUREMENT-2019-AIRFORCE_SPACE-U_PROCUREMENT_JustificationBook_Air_Force_PB_2019.zzz_unzipped-U_PROCUREMENT_JustificationBook_Air_Force_PB_2019.xml","437d2c67a4cc5d16854929d21729fd5d4c78483d0ac1527148024d46b499a23b","1-55d29e906dd334bb7975dd64b1d894889a05bbf454631a93b8242e347c36a196","0-9ce0c571046e23e879a9fa6e7c81b0b152108a43fbc513c508984b9ccd200eee","root.record.ItemExhibitList.P5Item.CostElementCategoryList.Launch.Recurring.CostElementList.CostElement"
"United Launch Alliance (ULA)/CO","CO","0.00","0.00","0.00","0","0","0","0","0","0","0","0","2019-BASE_PROCUREMENT-2019-AIRFORCE_SPACE-U_PROCUREMENT_MasterJustificationBook_Air_Force_PB_2019.zzz_unzipped-U_PROCUREMENT_MasterJustificationBook_Air_Force_PB_2019.xml","337d686eec0c89a868c57fc4633a6590d3dee3fd609e2c1827e49a935f958691","0-c2d183ab61329c9be852f1adb59d4891e84aa836953b95424fe238cd87c556e4","0-12f13eeb12416fb1c688a18c9b2d311a702c2f94c9e7f6613d8961115f9d6c62","root.record.ItemExhibitList.P5Item.CostElementCategoryList.Launch.Recurring.CostElementList.CostElement"
"United Launch Alliance(ULA)/SpaceX / Co/CA","Co/CA","0.00","0.00","0.00","0","0","0","0","0","0","0","0","2019-BASE_PROCUREMENT-2019-AIRFORCE_SPACE-U_PROCUREMENT_MasterJustificationBook_Air_Force_PB_2019.zzz_unzipped-U_PROCUREMENT_MasterJustificationBook_Air_Force_PB_2019.xml","337d686eec0c89a868c57fc4633a6590d3dee3fd609e2c1827e49a935f958691","0-23ec22af4912229b07bacf0fac50078186394a2347d62b474e7050d8d4d64356","1-abf30e9f1edb583d5be8ff2228b2ca5d9c2e118601583da6d010809d9a3c3849","root.record.ItemExhibitList.P5Item.CostElementCategoryList.Launch.Recurring.CostElementList.CostElement"
"United Launch Alliance(ULA)/SpaceX","Co/CA","0.00","0.00","0.00","0","0","0","0","0","0","0","0","2019-BASE_PROCUREMENT-2019-AIRFORCE_SPACE-U_PROCUREMENT_MasterJustificationBook_Air_Force_PB_2019.zzz_unzipped-U_PROCUREMENT_MasterJustificationBook_Air_Force_PB_2019.xml","337d686eec0c89a868c57fc4633a6590d3dee3fd609e2c1827e49a935f958691","1-94b5d8f9934dca50d5c8a4e1dcb12481a73e7906d19970d06d4dc7c1142ed9ac","1-abf30e9f1edb583d5be8ff2228b2ca5d9c2e118601583da6d010809d9a3c3849","root.record.ItemExhibitList.P5Item.CostElementCategoryList.Launch.Recurring.CostElementList.CostElement"
"United Launch Alliance (ULA)/SpaceX","CO/CA","0.00","0.00","0.00","0","0","0","0","0","0","0","0","2019-BASE_PROCUREMENT-2019-AIRFORCE_SPACE-U_PROCUREMENT_MasterJustificationBook_Air_Force_PB_2019.zzz_unzipped-U_PROCUREMENT_MasterJustificationBook_Air_Force_PB_2019.xml","5c7e320ef862152863a5c39cc1a485c2c4e8fa5279f08c8454a72905bff07d97","0-27264bf9025545832c203ed8d7d82059ed007ed664666182e3a48a06e541fa70","0-8fee58cb5691cb56f0dfe645361b15fc89cf2b3ea9b6526f04023dfd1ad8ad9d","root.record.ItemExhibitList.P5Item.CostElementCategoryList.Launch.Recurring.CostElementList.CostElement"
"TBD","TBD","3.00","10.00","8.00","0","0","0","0","0","4","24","28","2019-BASE_PROCUREMENT-2019-AIRFORCE_SPACE-U_PROCUREMENT_MasterJustificationBook_Air_Force_PB_2019.zzz_unzipped-U_PROCUREMENT_MasterJustificationBook_Air_Force_PB_2019.xml","5c7e320ef862152863a5c39cc1a485c2c4e8fa5279f08c8454a72905bff07d97","1-3fbc39a7bbd183ea218ef0746255f939e414bda475b263fd8d5f63fd7f037e9a","0-8fee58cb5691cb56f0dfe645361b15fc89cf2b3ea9b6526f04023dfd1ad8ad9d","root.record.ItemExhibitList.P5Item.CostElementCategoryList.Launch.Recurring.CostElementList.CostElement"
"United Launch Alliance (ULA)/CO","CO","0.00","0.00","0.00","0","0","0","0","0","0","0","0","2020-BASE_PROCUREMENT-2020-AIRFORCE_SPACE-U_PROCUREMENT_JustificationBook_Air_Force_PB_2020.zzz_unzipped-U_PROCUREMENT_JustificationBook_Air_Force_PB_2020.xml","3822a3fb2bbb0a070ee96b3e88efa10587113b9cf1b464ee906cd8c3b320b82e","0-14ed5be22ed1afdce67388668bf770fc1c83b2e5d5e04f0be5ba7beb0732b186","0-8d52cf01c8512eaa393e81cdf5bcf88928dfadd614bb8fbfa3e492e22fdf782a","root.record.ItemExhibitList.P5Item.CostElementCategoryList.Launch.Recurring.CostElementList.CostElement"
"United Launch Alliance (ULA)/SpaceX","CO/CA","0.00","0.00","0.00","0","0","0","0","0","0","0","0","2020-BASE_PROCUREMENT-2020-AIRFORCE_SPACE-U_PROCUREMENT_JustificationBook_Air_Force_PB_2020.zzz_unzipped-U_PROCUREMENT_JustificationBook_Air_Force_PB_2020.xml","08c4d8d5e59a351bd4ee55fd7ea05b6cb60e8cbc8db146c1f3d795741592e31b","0-bd5e6a892f698bbe3471ca02f531aa9afa5bb136a7069d3d15a4f579a5bcbecb","0-70a0d204a3af5dfcde9f6db0902691de0cd3015b8dcec7d68a34162dcd21410e","root.record.ItemExhibitList.P5Item.CostElementCategoryList.Launch.Recurring.CostElementList.CostElement"
"TBD","TBD","2.00","6.00","6.00","1","3","24","27","0","0","0","0","2020-BASE_PROCUREMENT-2020-AIRFORCE_SPACE-U_PROCUREMENT_JustificationBook_Air_Force_PB_2020.zzz_unzipped-U_PROCUREMENT_JustificationBook_Air_Force_PB_2020.xml","08c4d8d5e59a351bd4ee55fd7ea05b6cb60e8cbc8db146c1f3d795741592e31b","1-348ba9356dc50c220db04eb3d7264e2faba8ff6303d2d85fd6dc3da580f24532","0-70a0d204a3af5dfcde9f6db0902691de0cd3015b8dcec7d68a34162dcd21410e","root.record.ItemExhibitList.P5Item.CostElementCategoryList.Launch.Recurring.CostElementList.CostElement"
"TBD","TBD","0.00","0.00","0.00","0","0","0","0","0","0","0","0","2020-BASE_PROCUREMENT-2020-AIRFORCE_SPACE-U_PROCUREMENT_JustificationBook_Air_Force_PB_2020.zzz_unzipped-U_PROCUREMENT_JustificationBook_Air_Force_PB_2020.xml","08c4d8d5e59a351bd4ee55fd7ea05b6cb60e8cbc8db146c1f3d795741592e31b","0-d8c5a1a634e407542ceb7eb04945a29b427b5d3b9217ec61b11d99f1b992de61","3-e53b62ad201001a1bbb2922cf3b00e8d6b4d1ab2dc1ca2d402a7b534c988e5c2","root.record.ItemExhibitList.P5Item.CostElementCategoryList.Launch.Recurring.CostElementList.CostElement"
"United Launch Alliance (ULA)/CO","CO","0.00","0.00","0.00","0","0","0","0","0","0","0","0","2020-BASE_PROCUREMENT-2020-AIRFORCE_SPACE-U_PROCUREMENT_MasterJustificationBook_Air_Force_PB_2020.zzz_unzipped-U_PROCUREMENT_MasterJustificationBook_Air_Force_PB_2020.xml","4d46fb63f2137e78641651d53b34b56f6b00c6b8ad9cb366b14a09cbd13be531","0-b78ba1397f8c1b6cb9a2518c0c778132268bef493891a3682cde090d11f45325","0-cd61c7a35ee86676c4aa842d9eb150b1ebbd9776fc5067e478f3bf20c49a7d64","root.record.ItemExhibitList.P5Item.CostElementCategoryList.Launch.Recurring.CostElementList.CostElement"
"United Launch Alliance (ULA)/SpaceX","CO/CA","0.00","0.00","0.00","0","0","0","0","0","0","0","0","2020-BASE_PROCUREMENT-2020-AIRFORCE_SPACE-U_PROCUREMENT_MasterJustificationBook_Air_Force_PB_2020.zzz_unzipped-U_PROCUREMENT_MasterJustificationBook_Air_Force_PB_2020.xml","c9b645ca3693dc4386f5024067a158db34ff6924a8e540b310f1bbc768a98941","0-c56c391758eb9ef40c139a03534beb09c10cc76966e982083bcc6428c3b0802d","0-920f1a516633a66ff218cf1ecc0455ec6b342d9f9d272eb19e86de8ac8450d8b","root.record.ItemExhibitList.P5Item.CostElementCategoryList.Launch.Recurring.CostElementList.CostElement"
"TBD","TBD","2.00","6.00","6.00","1","3","24","27","0","0","0","0","2020-BASE_PROCUREMENT-2020-AIRFORCE_SPACE-U_PROCUREMENT_MasterJustificationBook_Air_Force_PB_2020.zzz_unzipped-U_PROCUREMENT_MasterJustificationBook_Air_Force_PB_2020.xml","c9b645ca3693dc4386f5024067a158db34ff6924a8e540b310f1bbc768a98941","1-5e983ab1bee91c1a14ae0290f53e0dc104c11364ea68557473429be330641c08","0-920f1a516633a66ff218cf1ecc0455ec6b342d9f9d272eb19e86de8ac8450d8b","root.record.ItemExhibitList.P5Item.CostElementCategoryList.Launch.Recurring.CostElementList.CostElement"
"TBD","TBD","0.00","0.00","0.00","0","0","0","0","0","0","0","0","2020-BASE_PROCUREMENT-2020-AIRFORCE_SPACE-U_PROCUREMENT_MasterJustificationBook_Air_Force_PB_2020.zzz_unzipped-U_PROCUREMENT_MasterJustificationBook_Air_Force_PB_2020.xml","c9b645ca3693dc4386f5024067a158db34ff6924a8e540b310f1bbc768a98941","0-d8ca3bc41f0f1198c50358b619ca0ccc71e2b83ae8025f1ac0acdf8af4430e27","3-eb4a545d31a80ddb788f90131a6a1b8e478f68dbe3b8252f199b655c61ac73cc","root.record.ItemExhibitList.P5Item.CostElementCategoryList.Launch.Recurring.CostElementList.CostElement"
