Month_val,Amount_val,@SOURCE_FILENAME,@RECORDID,@ROWID,@PARENTROWID,@PARENT
"2018-12","1","2020-BASE_PROCUREMENT-2020-ARMY_OTHER_2-U_PROCUREMENT_JustificationBook_Army_PB_2020.zzz_unzipped-U_PROCUREMENT_JustificationBook_Army_PB_2020.xml","a0fe3160a923bdac56366cddc13e2f069799883fdc41c28d1dcac426880e73af","0-482fdf139f7d517dfd2aff5200a4e4adb2793f6cfc9a97c4cb1df181886747e6","0-2acb7cb1366364f183e34a19f4935bb3fcb36912756e53aa46ee675772d9632b","root.record.ItemExhibitList.P5Item.CostElementCategoryList.Hardware.NonRecurring.CostElementList.CostElement.ManufacturerList.Manufacturer.HistoryPlanningList.HistoryPlanning"
"2019-01","1","2020-BASE_PROCUREMENT-2020-ARMY_OTHER_2-U_PROCUREMENT_JustificationBook_Army_PB_2020.zzz_unzipped-U_PROCUREMENT_JustificationBook_Army_PB_2020.xml","a0fe3160a923bdac56366cddc13e2f069799883fdc41c28d1dcac426880e73af","1-2911ef9f33b0d731b2863bdc55433803f2144da0f1af916ef41271442721f910","0-2acb7cb1366364f183e34a19f4935bb3fcb36912756e53aa46ee675772d9632b","root.record.ItemExhibitList.P5Item.CostElementCategoryList.Hardware.NonRecurring.CostElementList.CostElement.ManufacturerList.Manufacturer.HistoryPlanningList.HistoryPlanning"
"2019-02","1","2020-BASE_PROCUREMENT-2020-ARMY_OTHER_2-U_PROCUREMENT_JustificationBook_Army_PB_2020.zzz_unzipped-U_PROCUREMENT_JustificationBook_Army_PB_2020.xml","a0fe3160a923bdac56366cddc13e2f069799883fdc41c28d1dcac426880e73af","2-9594918a89ffd2bcb6bd12262f36d677037dbc7de8c51a20dca204ff06bdd77c","0-2acb7cb1366364f183e34a19f4935bb3fcb36912756e53aa46ee675772d9632b","root.record.ItemExhibitList.P5Item.CostElementCategoryList.Hardware.NonRecurring.CostElementList.CostElement.ManufacturerList.Manufacturer.HistoryPlanningList.HistoryPlanning"
"2018-02","2","2020-BASE_PROCUREMENT-2020-ARMY_OTHER_2-U_PROCUREMENT_JustificationBook_Army_PB_2020.zzz_unzipped-U_PROCUREMENT_JustificationBook_Army_PB_2020.xml","a0fe3160a923bdac56366cddc13e2f069799883fdc41c28d1dcac426880e73af","0-2b746746aa9a330aa46b78080773087a86240a7ada14c24fa6def7026a0dc56b","1-ef52e87a6331012ff66c25f47b57bcef5de1c0e8c7f53a2bc77490e9584811b9","root.record.ItemExhibitList.P5Item.CostElementCategoryList.Hardware.NonRecurring.CostElementList.CostElement.ManufacturerList.Manufacturer.HistoryPlanningList.HistoryPlanning"
"2018-04","2","2020-BASE_PROCUREMENT-2020-ARMY_OTHER_2-U_PROCUREMENT_JustificationBook_Army_PB_2020.zzz_unzipped-U_PROCUREMENT_JustificationBook_Army_PB_2020.xml","a0fe3160a923bdac56366cddc13e2f069799883fdc41c28d1dcac426880e73af","1-48dc0de5653d9e448efa04de41fdb3597d06de1dea7ba514893bd42679bb635f","1-ef52e87a6331012ff66c25f47b57bcef5de1c0e8c7f53a2bc77490e9584811b9","root.record.ItemExhibitList.P5Item.CostElementCategoryList.Hardware.NonRecurring.CostElementList.CostElement.ManufacturerList.Manufacturer.HistoryPlanningList.HistoryPlanning"
"2018-06","2","2020-BASE_PROCUREMENT-2020-ARMY_OTHER_2-U_PROCUREMENT_JustificationBook_Army_PB_2020.zzz_unzipped-U_PROCUREMENT_JustificationBook_Army_PB_2020.xml","a0fe3160a923bdac56366cddc13e2f069799883fdc41c28d1dcac426880e73af","2-e92d4c007099f207ca5e56b360e2152e8577aecee460ab821d31af8350082642","1-ef52e87a6331012ff66c25f47b57bcef5de1c0e8c7f53a2bc77490e9584811b9","root.record.ItemExhibitList.P5Item.CostElementCategoryList.Hardware.NonRecurring.CostElementList.CostElement.ManufacturerList.Manufacturer.HistoryPlanningList.HistoryPlanning"
"2018-08","2","2020-BASE_PROCUREMENT-2020-ARMY_OTHER_2-U_PROCUREMENT_JustificationBook_Army_PB_2020.zzz_unzipped-U_PROCUREMENT_JustificationBook_Army_PB_2020.xml","a0fe3160a923bdac56366cddc13e2f069799883fdc41c28d1dcac426880e73af","3-c075e279023f28f46f0d77b9cc27167384eb6c28a89140d443d6e610e5f57d92","1-ef52e87a6331012ff66c25f47b57bcef5de1c0e8c7f53a2bc77490e9584811b9","root.record.ItemExhibitList.P5Item.CostElementCategoryList.Hardware.NonRecurring.CostElementList.CostElement.ManufacturerList.Manufacturer.HistoryPlanningList.HistoryPlanning"
"2020-02","1","2020-BASE_PROCUREMENT-2020-ARMY_OTHER_2-U_PROCUREMENT_JustificationBook_Army_PB_2020.zzz_unzipped-U_PROCUREMENT_JustificationBook_Army_PB_2020.xml","a0fe3160a923bdac56366cddc13e2f069799883fdc41c28d1dcac426880e73af","0-93ab39bb0eb00aad0b001dbfa223892b7597e419d36e5f69e43a64e8f2cbee7e","2-0bc51ef8f4d92bb684095d183db7085fcf42b02a87cbbe3be997016e15bb87e2","root.record.ItemExhibitList.P5Item.CostElementCategoryList.Hardware.NonRecurring.CostElementList.CostElement.ManufacturerList.Manufacturer.HistoryPlanningList.HistoryPlanning"
"2021-02","2","2020-BASE_PROCUREMENT-2020-ARMY_OTHER_2-U_PROCUREMENT_JustificationBook_Army_PB_2020.zzz_unzipped-U_PROCUREMENT_JustificationBook_Army_PB_2020.xml","a0fe3160a923bdac56366cddc13e2f069799883fdc41c28d1dcac426880e73af","0-91fccb5d7ab71ef4e13bb1b614e290b906749019a91bba4e5251f53ea32e6caa","3-209e06f282ff447e7bb515489b160173bd91beeb16ee46fa4da4a077e195430a","root.record.ItemExhibitList.P5Item.CostElementCategoryList.Hardware.NonRecurring.CostElementList.CostElement.ManufacturerList.Manufacturer.HistoryPlanningList.HistoryPlanning"
"2021-03","4","2020-BASE_PROCUREMENT-2020-ARMY_OTHER_2-U_PROCUREMENT_JustificationBook_Army_PB_2020.zzz_unzipped-U_PROCUREMENT_JustificationBook_Army_PB_2020.xml","a0fe3160a923bdac56366cddc13e2f069799883fdc41c28d1dcac426880e73af","1-b03da2f6ed5374a95f8963ff12b3292877839a9f02728122d8994c0179149995","3-209e06f282ff447e7bb515489b160173bd91beeb16ee46fa4da4a077e195430a","root.record.ItemExhibitList.P5Item.CostElementCategoryList.Hardware.NonRecurring.CostElementList.CostElement.ManufacturerList.Manufacturer.HistoryPlanningList.HistoryPlanning"
"2021-04","5","2020-BASE_PROCUREMENT-2020-ARMY_OTHER_2-U_PROCUREMENT_JustificationBook_Army_PB_2020.zzz_unzipped-U_PROCUREMENT_JustificationBook_Army_PB_2020.xml","a0fe3160a923bdac56366cddc13e2f069799883fdc41c28d1dcac426880e73af","2-229f116818422df03b4b0656eb7e65b0a229cbda7a1872054c5fa8873dff2aa9","3-209e06f282ff447e7bb515489b160173bd91beeb16ee46fa4da4a077e195430a","root.record.ItemExhibitList.P5Item.CostElementCategoryList.Hardware.NonRecurring.CostElementList.CostElement.ManufacturerList.Manufacturer.HistoryPlanningList.HistoryPlanning"
"2021-05","5","2020-BASE_PROCUREMENT-2020-ARMY_OTHER_2-U_PROCUREMENT_JustificationBook_Army_PB_2020.zzz_unzipped-U_PROCUREMENT_JustificationBook_Army_PB_2020.xml","a0fe3160a923bdac56366cddc13e2f069799883fdc41c28d1dcac426880e73af","3-8d6e1e32cc016ecc1d9e7fcaf6e71df4f980306b52354191cc3bf6b965f8cecc","3-209e06f282ff447e7bb515489b160173bd91beeb16ee46fa4da4a077e195430a","root.record.ItemExhibitList.P5Item.CostElementCategoryList.Hardware.NonRecurring.CostElementList.CostElement.ManufacturerList.Manufacturer.HistoryPlanningList.HistoryPlanning"
"2021-06","5","2020-BASE_PROCUREMENT-2020-ARMY_OTHER_2-U_PROCUREMENT_JustificationBook_Army_PB_2020.zzz_unzipped-U_PROCUREMENT_JustificationBook_Army_PB_2020.xml","a0fe3160a923bdac56366cddc13e2f069799883fdc41c28d1dcac426880e73af","4-3529d9a3b88c5215d4aeb0bd91f424ad82d7afa8949c84d93b749bc4d2403823","3-209e06f282ff447e7bb515489b160173bd91beeb16ee46fa4da4a077e195430a","root.record.ItemExhibitList.P5Item.CostElementCategoryList.Hardware.NonRecurring.CostElementList.CostElement.ManufacturerList.Manufacturer.HistoryPlanningList.HistoryPlanning"
"2021-07","5","2020-BASE_PROCUREMENT-2020-ARMY_OTHER_2-U_PROCUREMENT_JustificationBook_Army_PB_2020.zzz_unzipped-U_PROCUREMENT_JustificationBook_Army_PB_2020.xml","a0fe3160a923bdac56366cddc13e2f069799883fdc41c28d1dcac426880e73af","5-033517993e0bfbc61a7874348fbf8f14dcc4d41c46ad996dce490cd37639e2e3","3-209e06f282ff447e7bb515489b160173bd91beeb16ee46fa4da4a077e195430a","root.record.ItemExhibitList.P5Item.CostElementCategoryList.Hardware.NonRecurring.CostElementList.CostElement.ManufacturerList.Manufacturer.HistoryPlanningList.HistoryPlanning"
"2021-08","2","2020-BASE_PROCUREMENT-2020-ARMY_OTHER_2-U_PROCUREMENT_JustificationBook_Army_PB_2020.zzz_unzipped-U_PROCUREMENT_JustificationBook_Army_PB_2020.xml","a0fe3160a923bdac56366cddc13e2f069799883fdc41c28d1dcac426880e73af","6-b629df6ef98d41c86f698b3b204ea3d21593e1d9224a1d5fd922d22ca5c57dee","3-209e06f282ff447e7bb515489b160173bd91beeb16ee46fa4da4a077e195430a","root.record.ItemExhibitList.P5Item.CostElementCategoryList.Hardware.NonRecurring.CostElementList.CostElement.ManufacturerList.Manufacturer.HistoryPlanningList.HistoryPlanning"
"2020-08","15","2020-BASE_PROCUREMENT-2020-ARMY_OTHER_3-4-U_PROCUREMENT_JustificationBook_Army_PB_2020.zzz_unzipped-U_PROCUREMENT_JustificationBook_Army_PB_2020.xml","614bbccf622ad4d1a6e058f8782e575d8ecd8319854edfbf4dae743f1d6121e0","0-1178cd21e00cdd9ecd74dffced5c4b40f54ec70b876664c1f982a2e8b6c65d94","0-cf1ba6d64c92c6eafb18f492ee9dec002741e319bfc0a8c2d0e357a79f2ca0dc","root.record.ItemExhibitList.P5Item.CostElementCategoryList.Hardware.NonRecurring.CostElementList.CostElement.ManufacturerList.Manufacturer.HistoryPlanningList.HistoryPlanning"
"2020-09","15","2020-BASE_PROCUREMENT-2020-ARMY_OTHER_3-4-U_PROCUREMENT_JustificationBook_Army_PB_2020.zzz_unzipped-U_PROCUREMENT_JustificationBook_Army_PB_2020.xml","614bbccf622ad4d1a6e058f8782e575d8ecd8319854edfbf4dae743f1d6121e0","1-40e654e33a93c3cfbfb35df6470593252a6e160e587b0e8b3900fae56e45aa9d","0-cf1ba6d64c92c6eafb18f492ee9dec002741e319bfc0a8c2d0e357a79f2ca0dc","root.record.ItemExhibitList.P5Item.CostElementCategoryList.Hardware.NonRecurring.CostElementList.CostElement.ManufacturerList.Manufacturer.HistoryPlanningList.HistoryPlanning"
"2020-10","15","2020-BASE_PROCUREMENT-2020-ARMY_OTHER_3-4-U_PROCUREMENT_JustificationBook_Army_PB_2020.zzz_unzipped-U_PROCUREMENT_JustificationBook_Army_PB_2020.xml","614bbccf622ad4d1a6e058f8782e575d8ecd8319854edfbf4dae743f1d6121e0","2-ff1dc96ba4609fc255bc35a3a7d3a08cd31c8f99affaa295b1880b7dcf6f758a","0-cf1ba6d64c92c6eafb18f492ee9dec002741e319bfc0a8c2d0e357a79f2ca0dc","root.record.ItemExhibitList.P5Item.CostElementCategoryList.Hardware.NonRecurring.CostElementList.CostElement.ManufacturerList.Manufacturer.HistoryPlanningList.HistoryPlanning"
"2020-11","15","2020-BASE_PROCUREMENT-2020-ARMY_OTHER_3-4-U_PROCUREMENT_JustificationBook_Army_PB_2020.zzz_unzipped-U_PROCUREMENT_JustificationBook_Army_PB_2020.xml","614bbccf622ad4d1a6e058f8782e575d8ecd8319854edfbf4dae743f1d6121e0","3-c27ce325ec654307760c955d4cd540bbf65748804b1f688853a4972127079554","0-cf1ba6d64c92c6eafb18f492ee9dec002741e319bfc0a8c2d0e357a79f2ca0dc","root.record.ItemExhibitList.P5Item.CostElementCategoryList.Hardware.NonRecurring.CostElementList.CostElement.ManufacturerList.Manufacturer.HistoryPlanningList.HistoryPlanning"
"2020-12","2","2020-BASE_PROCUREMENT-2020-ARMY_OTHER_3-4-U_PROCUREMENT_JustificationBook_Army_PB_2020.zzz_unzipped-U_PROCUREMENT_JustificationBook_Army_PB_2020.xml","614bbccf622ad4d1a6e058f8782e575d8ecd8319854edfbf4dae743f1d6121e0","4-6b0fe33e911ff41892c880dca5a1a8e49d2aa2becaf2a74a7ab8601556b9257a","0-cf1ba6d64c92c6eafb18f492ee9dec002741e319bfc0a8c2d0e357a79f2ca0dc","root.record.ItemExhibitList.P5Item.CostElementCategoryList.Hardware.NonRecurring.CostElementList.CostElement.ManufacturerList.Manufacturer.HistoryPlanningList.HistoryPlanning"
