[
    {
        "Month_val": "2014-03",
        "Amount_val": "1",
        "@SOURCE_FILENAME": "2013-BASE_PROCUREMENT-2013-AIRFORCE_AIRCRAFT_VOL1-JustificationBook_Air_Force_PB_2013.zzz_unzipped-JustificationBook_Air_Force_PB_2013.xml",
        "@RECORDID": "b8fa5f8711ad2e5472ab82f8ae7a634c0ce171a77ff119a3b27bbb1b6f64f8eb",
        "@ROWID": "0-9d146a069339f86eacb86e5bd70642a7495e0866213e11d4ec6106aa00663621",
        "@PARENTROWID": "0-e4af783cc3d63c135e2fc17ab718d5c52cb4746ba239675d245d4693092aa433",
        "@PARENT": "root.record.ItemExhibitList.P5Item.CostElementCategoryList.Vehicles.Recurring.CostElementList.CostElement.ManufacturerList.Manufacturer.HistoryPlanningList.HistoryPlanning"
    },
    {
        "Month_val": "2014-07",
        "Amount_val": "1",
        "@SOURCE_FILENAME": "2013-BASE_PROCUREMENT-2013-AIRFORCE_AIRCRAFT_VOL1-JustificationBook_Air_Force_PB_2013.zzz_unzipped-JustificationBook_Air_Force_PB_2013.xml",
        "@RECORDID": "b8fa5f8711ad2e5472ab82f8ae7a634c0ce171a77ff119a3b27bbb1b6f64f8eb",
        "@ROWID": "1-32d4699e7597324f7de8245e65c866460e5718faf855bcd33dfc7e54c6838521",
        "@PARENTROWID": "0-e4af783cc3d63c135e2fc17ab718d5c52cb4746ba239675d245d4693092aa433",
        "@PARENT": "root.record.ItemExhibitList.P5Item.CostElementCategoryList.Vehicles.Recurring.CostElementList.CostElement.ManufacturerList.Manufacturer.HistoryPlanningList.HistoryPlanning"
    },
    {
        "Month_val": "2014-12",
        "Amount_val": "1",
        "@SOURCE_FILENAME": "2013-BASE_PROCUREMENT-2013-AIRFORCE_AIRCRAFT_VOL1-JustificationBook_Air_Force_PB_2013.zzz_unzipped-JustificationBook_Air_Force_PB_2013.xml",
        "@RECORDID": "b8fa5f8711ad2e5472ab82f8ae7a634c0ce171a77ff119a3b27bbb1b6f64f8eb",
        "@ROWID": "0-194e57310e27bd86239f04ac9e758bbcc00c6da5cd52c55d8679f648147de2b9",
        "@PARENTROWID": "1-c6407cf1a15905a8adfc75f012e3b196024383f3a1187ed554524d844b73bc18",
        "@PARENT": "root.record.ItemExhibitList.P5Item.CostElementCategoryList.Vehicles.Recurring.CostElementList.CostElement.ManufacturerList.Manufacturer.HistoryPlanningList.HistoryPlanning"
    },
    {
        "Month_val": "2015-01",
        "Amount_val": "1",
        "@SOURCE_FILENAME": "2013-BASE_PROCUREMENT-2013-AIRFORCE_AIRCRAFT_VOL1-JustificationBook_Air_Force_PB_2013.zzz_unzipped-JustificationBook_Air_Force_PB_2013.xml",
        "@RECORDID": "b8fa5f8711ad2e5472ab82f8ae7a634c0ce171a77ff119a3b27bbb1b6f64f8eb",
        "@ROWID": "1-19c53f1aee5d44454d40e0ee56fdddefa9bb6f7430bd88024aa8ddf558fe6be6",
        "@PARENTROWID": "1-c6407cf1a15905a8adfc75f012e3b196024383f3a1187ed554524d844b73bc18",
        "@PARENT": "root.record.ItemExhibitList.P5Item.CostElementCategoryList.Vehicles.Recurring.CostElementList.CostElement.ManufacturerList.Manufacturer.HistoryPlanningList.HistoryPlanning"
    },
    {
        "Month_val": "2015-03",
        "Amount_val": "1",
        "@SOURCE_FILENAME": "2013-BASE_PROCUREMENT-2013-AIRFORCE_AIRCRAFT_VOL1-JustificationBook_Air_Force_PB_2013.zzz_unzipped-JustificationBook_Air_Force_PB_2013.xml",
        "@RECORDID": "b8fa5f8711ad2e5472ab82f8ae7a634c0ce171a77ff119a3b27bbb1b6f64f8eb",
        "@ROWID": "2-19386a283723f865deb42ce6b6384f2f57159655239284fed77468d02aecb147",
        "@PARENTROWID": "1-c6407cf1a15905a8adfc75f012e3b196024383f3a1187ed554524d844b73bc18",
        "@PARENT": "root.record.ItemExhibitList.P5Item.CostElementCategoryList.Vehicles.Recurring.CostElementList.CostElement.ManufacturerList.Manufacturer.HistoryPlanningList.HistoryPlanning"
    },
    {
        "Month_val": "2014-04",
        "Amount_val": "1",
        "@SOURCE_FILENAME": "2013-BASE_PROCUREMENT-2013-AIRFORCE_AIRCRAFT_VOL1-JustificationBook_Air_Force_PB_2013.zzz_unzipped-JustificationBook_Air_Force_PB_2013.xml",
        "@RECORDID": "b8fa5f8711ad2e5472ab82f8ae7a634c0ce171a77ff119a3b27bbb1b6f64f8eb",
        "@ROWID": "0-7eb02fbc75325c30b3de04fd0b9afabb6f3cbe5f98f4af4adf9dd077d2920c54",
        "@PARENTROWID": "0-fcb8e27994ecb4046cf478564bd3be1100a58eaf0982a950acedeeed635195ff",
        "@PARENT": "root.record.ItemExhibitList.P5Item.CostElementCategoryList.Vehicles.Recurring.CostElementList.CostElement.ManufacturerList.Manufacturer.HistoryPlanningList.HistoryPlanning"
    },
    {
        "Month_val": "2014-08",
        "Amount_val": "1",
        "@SOURCE_FILENAME": "2013-BASE_PROCUREMENT-2013-AIRFORCE_AIRCRAFT_VOL1-JustificationBook_Air_Force_PB_2013.zzz_unzipped-JustificationBook_Air_Force_PB_2013.xml",
        "@RECORDID": "b8fa5f8711ad2e5472ab82f8ae7a634c0ce171a77ff119a3b27bbb1b6f64f8eb",
        "@ROWID": "1-09dd8ed73097bf64119d5e3cf6781c9e88d05fd8c3a02b74cffc61d6956e7b5c",
        "@PARENTROWID": "0-fcb8e27994ecb4046cf478564bd3be1100a58eaf0982a950acedeeed635195ff",
        "@PARENT": "root.record.ItemExhibitList.P5Item.CostElementCategoryList.Vehicles.Recurring.CostElementList.CostElement.ManufacturerList.Manufacturer.HistoryPlanningList.HistoryPlanning"
    },
    {
        "Month_val": "2011-05",
        "Amount_val": "1",
        "@SOURCE_FILENAME": "2013-BASE_PROCUREMENT-2013-AIRFORCE_AIRCRAFT_VOL1-JustificationBook_Air_Force_PB_2013.zzz_unzipped-JustificationBook_Air_Force_PB_2013.xml",
        "@RECORDID": "b8fa5f8711ad2e5472ab82f8ae7a634c0ce171a77ff119a3b27bbb1b6f64f8eb",
        "@ROWID": "0-5281c4395951e0b7765683e8c7693159b368853dc457ff932b46353f30319a88",
        "@PARENTROWID": "0-a21ba02fc77b83daec079bc6c9c0a8d84093d2e4a65ffd9b75a88473a3bfb2ef",
        "@PARENT": "root.record.ItemExhibitList.P5Item.CostElementCategoryList.Vehicles.Recurring.CostElementList.CostElement.ManufacturerList.Manufacturer.HistoryPlanningList.HistoryPlanning"
    },
    {
        "Month_val": "2011-11",
        "Amount_val": "1",
        "@SOURCE_FILENAME": "2013-BASE_PROCUREMENT-2013-AIRFORCE_AIRCRAFT_VOL1-JustificationBook_Air_Force_PB_2013.zzz_unzipped-JustificationBook_Air_Force_PB_2013.xml",
        "@RECORDID": "b8fa5f8711ad2e5472ab82f8ae7a634c0ce171a77ff119a3b27bbb1b6f64f8eb",
        "@ROWID": "1-e644a92f41c87d47227cbf02bfb13d87af9c7d78e2112b61482df70cafc48826",
        "@PARENTROWID": "0-a21ba02fc77b83daec079bc6c9c0a8d84093d2e4a65ffd9b75a88473a3bfb2ef",
        "@PARENT": "root.record.ItemExhibitList.P5Item.CostElementCategoryList.Vehicles.Recurring.CostElementList.CostElement.ManufacturerList.Manufacturer.HistoryPlanningList.HistoryPlanning"
    },
    {
        "Month_val": "2014-03",
        "Amount_val": "1",
        "@SOURCE_FILENAME": "2013-BASE_PROCUREMENT-2013-AIRFORCE_AIRCRAFT_VOL2-MasterJustificationBook_Air_Force_PB_2013.zzz_unzipped-MasterJustificationBook_Air_Force_PB_2013.xml",
        "@RECORDID": "1f4f127078b801cf69bd1d343ce10449d87168a46400edc6f8142cdafd8b4153",
        "@ROWID": "0-701e72c9f07b0f96f96a9fa770c3f8d81197600c1f3594506dd07e9730b31cc3",
        "@PARENTROWID": "0-4bb19bce7c7c8d6d6f0e065a333b71111743139fb81736b46cad93660e774716",
        "@PARENT": "root.record.ItemExhibitList.P5Item.CostElementCategoryList.Vehicles.Recurring.CostElementList.CostElement.ManufacturerList.Manufacturer.HistoryPlanningList.HistoryPlanning"
    },
    {
        "Month_val": "2014-07",
        "Amount_val": "1",
        "@SOURCE_FILENAME": "2013-BASE_PROCUREMENT-2013-AIRFORCE_AIRCRAFT_VOL2-MasterJustificationBook_Air_Force_PB_2013.zzz_unzipped-MasterJustificationBook_Air_Force_PB_2013.xml",
        "@RECORDID": "1f4f127078b801cf69bd1d343ce10449d87168a46400edc6f8142cdafd8b4153",
        "@ROWID": "1-cf2c9a8919a66299f7f3a7251ef43ec052237feb642461b2616824acb0d65a0d",
        "@PARENTROWID": "0-4bb19bce7c7c8d6d6f0e065a333b71111743139fb81736b46cad93660e774716",
        "@PARENT": "root.record.ItemExhibitList.P5Item.CostElementCategoryList.Vehicles.Recurring.CostElementList.CostElement.ManufacturerList.Manufacturer.HistoryPlanningList.HistoryPlanning"
    },
    {
        "Month_val": "2014-12",
        "Amount_val": "1",
        "@SOURCE_FILENAME": "2013-BASE_PROCUREMENT-2013-AIRFORCE_AIRCRAFT_VOL2-MasterJustificationBook_Air_Force_PB_2013.zzz_unzipped-MasterJustificationBook_Air_Force_PB_2013.xml",
        "@RECORDID": "1f4f127078b801cf69bd1d343ce10449d87168a46400edc6f8142cdafd8b4153",
        "@ROWID": "0-bb95b13d0f69339815806cf043361d54626ebed0288f0c951fc61df837001b1b",
        "@PARENTROWID": "1-916f134f020d4197fd886de14aa3553149913178b2208db8959844fb0bed3318",
        "@PARENT": "root.record.ItemExhibitList.P5Item.CostElementCategoryList.Vehicles.Recurring.CostElementList.CostElement.ManufacturerList.Manufacturer.HistoryPlanningList.HistoryPlanning"
    },
    {
        "Month_val": "2015-01",
        "Amount_val": "1",
        "@SOURCE_FILENAME": "2013-BASE_PROCUREMENT-2013-AIRFORCE_AIRCRAFT_VOL2-MasterJustificationBook_Air_Force_PB_2013.zzz_unzipped-MasterJustificationBook_Air_Force_PB_2013.xml",
        "@RECORDID": "1f4f127078b801cf69bd1d343ce10449d87168a46400edc6f8142cdafd8b4153",
        "@ROWID": "1-0107f3a00ffe13405ea247a8397f8ade6524a2b680a7a365dabd759a0fa25344",
        "@PARENTROWID": "1-916f134f020d4197fd886de14aa3553149913178b2208db8959844fb0bed3318",
        "@PARENT": "root.record.ItemExhibitList.P5Item.CostElementCategoryList.Vehicles.Recurring.CostElementList.CostElement.ManufacturerList.Manufacturer.HistoryPlanningList.HistoryPlanning"
    },
    {
        "Month_val": "2015-03",
        "Amount_val": "1",
        "@SOURCE_FILENAME": "2013-BASE_PROCUREMENT-2013-AIRFORCE_AIRCRAFT_VOL2-MasterJustificationBook_Air_Force_PB_2013.zzz_unzipped-MasterJustificationBook_Air_Force_PB_2013.xml",
        "@RECORDID": "1f4f127078b801cf69bd1d343ce10449d87168a46400edc6f8142cdafd8b4153",
        "@ROWID": "2-fd8b2adfa35f70ed4cc321e0a540defd8a94e65d56a65da02dca03bdd6bfcc4f",
        "@PARENTROWID": "1-916f134f020d4197fd886de14aa3553149913178b2208db8959844fb0bed3318",
        "@PARENT": "root.record.ItemExhibitList.P5Item.CostElementCategoryList.Vehicles.Recurring.CostElementList.CostElement.ManufacturerList.Manufacturer.HistoryPlanningList.HistoryPlanning"
    },
    {
        "Month_val": "2014-04",
        "Amount_val": "1",
        "@SOURCE_FILENAME": "2013-BASE_PROCUREMENT-2013-AIRFORCE_AIRCRAFT_VOL2-MasterJustificationBook_Air_Force_PB_2013.zzz_unzipped-MasterJustificationBook_Air_Force_PB_2013.xml",
        "@RECORDID": "1f4f127078b801cf69bd1d343ce10449d87168a46400edc6f8142cdafd8b4153",
        "@ROWID": "0-8ecbd91165631ee9305ebd171de78f303b63b06db4b0520d5eb8ae44542ec6d6",
        "@PARENTROWID": "0-c10f2a53a776ed1b9d82091b8addec650dfaf4e800d209bcb08c4b83b3fb0c77",
        "@PARENT": "root.record.ItemExhibitList.P5Item.CostElementCategoryList.Vehicles.Recurring.CostElementList.CostElement.ManufacturerList.Manufacturer.HistoryPlanningList.HistoryPlanning"
    },
    {
        "Month_val": "2014-08",
        "Amount_val": "1",
        "@SOURCE_FILENAME": "2013-BASE_PROCUREMENT-2013-AIRFORCE_AIRCRAFT_VOL2-MasterJustificationBook_Air_Force_PB_2013.zzz_unzipped-MasterJustificationBook_Air_Force_PB_2013.xml",
        "@RECORDID": "1f4f127078b801cf69bd1d343ce10449d87168a46400edc6f8142cdafd8b4153",
        "@ROWID": "1-d3d5f4a1c3c6f5ad8a16ad2e17bd56e9c20e3cce7ceaa2181c39dd0737fd4956",
        "@PARENTROWID": "0-c10f2a53a776ed1b9d82091b8addec650dfaf4e800d209bcb08c4b83b3fb0c77",
        "@PARENT": "root.record.ItemExhibitList.P5Item.CostElementCategoryList.Vehicles.Recurring.CostElementList.CostElement.ManufacturerList.Manufacturer.HistoryPlanningList.HistoryPlanning"
    },
    {
        "Month_val": "2011-05",
        "Amount_val": "1",
        "@SOURCE_FILENAME": "2013-BASE_PROCUREMENT-2013-AIRFORCE_AIRCRAFT_VOL2-MasterJustificationBook_Air_Force_PB_2013.zzz_unzipped-MasterJustificationBook_Air_Force_PB_2013.xml",
        "@RECORDID": "1f4f127078b801cf69bd1d343ce10449d87168a46400edc6f8142cdafd8b4153",
        "@ROWID": "0-178c8222a4991da6ab043219645c78e9f7e1a7749eb25cdeebcd3db26fd655e8",
        "@PARENTROWID": "0-efc13f93cbeaa3cebb8957c9a673987ea3f62e8dcd3e5c49e2414b1a392b988e",
        "@PARENT": "root.record.ItemExhibitList.P5Item.CostElementCategoryList.Vehicles.Recurring.CostElementList.CostElement.ManufacturerList.Manufacturer.HistoryPlanningList.HistoryPlanning"
    },
    {
        "Month_val": "2011-11",
        "Amount_val": "1",
        "@SOURCE_FILENAME": "2013-BASE_PROCUREMENT-2013-AIRFORCE_AIRCRAFT_VOL2-MasterJustificationBook_Air_Force_PB_2013.zzz_unzipped-MasterJustificationBook_Air_Force_PB_2013.xml",
        "@RECORDID": "1f4f127078b801cf69bd1d343ce10449d87168a46400edc6f8142cdafd8b4153",
        "@ROWID": "1-d14ab9294917facd60b46b20b35a337e6f6376f1386db86ee5c5fa3f92e54cb7",
        "@PARENTROWID": "0-efc13f93cbeaa3cebb8957c9a673987ea3f62e8dcd3e5c49e2414b1a392b988e",
        "@PARENT": "root.record.ItemExhibitList.P5Item.CostElementCategoryList.Vehicles.Recurring.CostElementList.CostElement.ManufacturerList.Manufacturer.HistoryPlanningList.HistoryPlanning"
    },
    {
        "Month_val": "2014-03",
        "Amount_val": "1",
        "@SOURCE_FILENAME": "2013-BASE_PROCUREMENT-2013-AIRFORCE_AIRCRAFT_VOL1-MasterJustificationBook_Air_Force_PB_2013.zzz_unzipped-MasterJustificationBook_Air_Force_PB_2013.xml",
        "@RECORDID": "a7c6bab01f0a3102b466c221b8193722f8b6637d9b29cc98c18c29fc94b0ad9b",
        "@ROWID": "0-d0fddb48e4ac3148505d5aea07ca69a8bfb745d14653b0df4d4ac4a2470d9747",
        "@PARENTROWID": "0-69713e636ec05317351268525b9eac3ca07be9d7b1ff0b6a741f86bc683d4418",
        "@PARENT": "root.record.ItemExhibitList.P5Item.CostElementCategoryList.Vehicles.Recurring.CostElementList.CostElement.ManufacturerList.Manufacturer.HistoryPlanningList.HistoryPlanning"
    },
    {
        "Month_val": "2014-07",
        "Amount_val": "1",
        "@SOURCE_FILENAME": "2013-BASE_PROCUREMENT-2013-AIRFORCE_AIRCRAFT_VOL1-MasterJustificationBook_Air_Force_PB_2013.zzz_unzipped-MasterJustificationBook_Air_Force_PB_2013.xml",
        "@RECORDID": "a7c6bab01f0a3102b466c221b8193722f8b6637d9b29cc98c18c29fc94b0ad9b",
        "@ROWID": "1-a4141aebc45e41c5ca71751de6ff21abd2e0d320bf5607bf9d64c4fae2207772",
        "@PARENTROWID": "0-69713e636ec05317351268525b9eac3ca07be9d7b1ff0b6a741f86bc683d4418",
        "@PARENT": "root.record.ItemExhibitList.P5Item.CostElementCategoryList.Vehicles.Recurring.CostElementList.CostElement.ManufacturerList.Manufacturer.HistoryPlanningList.HistoryPlanning"
    },
    {
        "Month_val": "2014-12",
        "Amount_val": "1",
        "@SOURCE_FILENAME": "2013-BASE_PROCUREMENT-2013-AIRFORCE_AIRCRAFT_VOL1-MasterJustificationBook_Air_Force_PB_2013.zzz_unzipped-MasterJustificationBook_Air_Force_PB_2013.xml",
        "@RECORDID": "a7c6bab01f0a3102b466c221b8193722f8b6637d9b29cc98c18c29fc94b0ad9b",
        "@ROWID": "0-ad073cce1b50d350604518b70e4267a97b820e9b9500ed06dc1048d3a5af915d",
        "@PARENTROWID": "1-22c752649a36297b184da1bfe565b37b05b9fd9811f786284d054318fa0f7fc4",
        "@PARENT": "root.record.ItemExhibitList.P5Item.CostElementCategoryList.Vehicles.Recurring.CostElementList.CostElement.ManufacturerList.Manufacturer.HistoryPlanningList.HistoryPlanning"
    },
    {
        "Month_val": "2015-01",
        "Amount_val": "1",
        "@SOURCE_FILENAME": "2013-BASE_PROCUREMENT-2013-AIRFORCE_AIRCRAFT_VOL1-MasterJustificationBook_Air_Force_PB_2013.zzz_unzipped-MasterJustificationBook_Air_Force_PB_2013.xml",
        "@RECORDID": "a7c6bab01f0a3102b466c221b8193722f8b6637d9b29cc98c18c29fc94b0ad9b",
        "@ROWID": "1-a973e5af12190adf173bbf3fc4bd74ea6d3a96b1f7866767615fd801bfe9ae44",
        "@PARENTROWID": "1-22c752649a36297b184da1bfe565b37b05b9fd9811f786284d054318fa0f7fc4",
        "@PARENT": "root.record.ItemExhibitList.P5Item.CostElementCategoryList.Vehicles.Recurring.CostElementList.CostElement.ManufacturerList.Manufacturer.HistoryPlanningList.HistoryPlanning"
    },
    {
        "Month_val": "2015-03",
        "Amount_val": "1",
        "@SOURCE_FILENAME": "2013-BASE_PROCUREMENT-2013-AIRFORCE_AIRCRAFT_VOL1-MasterJustificationBook_Air_Force_PB_2013.zzz_unzipped-MasterJustificationBook_Air_Force_PB_2013.xml",
        "@RECORDID": "a7c6bab01f0a3102b466c221b8193722f8b6637d9b29cc98c18c29fc94b0ad9b",
        "@ROWID": "2-632557017b3049206b5b786ae3ad2bf7b5849f6fe45ec306dc05dc3a5a93b2ae",
        "@PARENTROWID": "1-22c752649a36297b184da1bfe565b37b05b9fd9811f786284d054318fa0f7fc4",
        "@PARENT": "root.record.ItemExhibitList.P5Item.CostElementCategoryList.Vehicles.Recurring.CostElementList.CostElement.ManufacturerList.Manufacturer.HistoryPlanningList.HistoryPlanning"
    },
    {
        "Month_val": "2014-04",
        "Amount_val": "1",
        "@SOURCE_FILENAME": "2013-BASE_PROCUREMENT-2013-AIRFORCE_AIRCRAFT_VOL1-MasterJustificationBook_Air_Force_PB_2013.zzz_unzipped-MasterJustificationBook_Air_Force_PB_2013.xml",
        "@RECORDID": "a7c6bab01f0a3102b466c221b8193722f8b6637d9b29cc98c18c29fc94b0ad9b",
        "@ROWID": "0-97aed64c79b863e9ff61190bdc3fa8384407714f21427b03a4df400911e5d484",
        "@PARENTROWID": "0-fae8885ce93bb1fd2642a31d7808b56b17242aff368b9a132446939b7b8f9f3d",
        "@PARENT": "root.record.ItemExhibitList.P5Item.CostElementCategoryList.Vehicles.Recurring.CostElementList.CostElement.ManufacturerList.Manufacturer.HistoryPlanningList.HistoryPlanning"
    },
    {
        "Month_val": "2014-08",
        "Amount_val": "1",
        "@SOURCE_FILENAME": "2013-BASE_PROCUREMENT-2013-AIRFORCE_AIRCRAFT_VOL1-MasterJustificationBook_Air_Force_PB_2013.zzz_unzipped-MasterJustificationBook_Air_Force_PB_2013.xml",
        "@RECORDID": "a7c6bab01f0a3102b466c221b8193722f8b6637d9b29cc98c18c29fc94b0ad9b",
        "@ROWID": "1-d225a792502edaa8dbdfcc2b36d27ea58c9068c09ea3be68b030ccb0179cb3b0",
        "@PARENTROWID": "0-fae8885ce93bb1fd2642a31d7808b56b17242aff368b9a132446939b7b8f9f3d",
        "@PARENT": "root.record.ItemExhibitList.P5Item.CostElementCategoryList.Vehicles.Recurring.CostElementList.CostElement.ManufacturerList.Manufacturer.HistoryPlanningList.HistoryPlanning"
    },
    {
        "Month_val": "2011-05",
        "Amount_val": "1",
        "@SOURCE_FILENAME": "2013-BASE_PROCUREMENT-2013-AIRFORCE_AIRCRAFT_VOL1-MasterJustificationBook_Air_Force_PB_2013.zzz_unzipped-MasterJustificationBook_Air_Force_PB_2013.xml",
        "@RECORDID": "a7c6bab01f0a3102b466c221b8193722f8b6637d9b29cc98c18c29fc94b0ad9b",
        "@ROWID": "0-f2df48e07755870df4a9d4fc38f84d0de75d0669e9c59535b9d0acc23c2a8ac1",
        "@PARENTROWID": "0-6f789dbda3665010d6aa516be67580f351d0fa558132dfb1c288e3385a284e5b",
        "@PARENT": "root.record.ItemExhibitList.P5Item.CostElementCategoryList.Vehicles.Recurring.CostElementList.CostElement.ManufacturerList.Manufacturer.HistoryPlanningList.HistoryPlanning"
    },
    {
        "Month_val": "2011-11",
        "Amount_val": "1",
        "@SOURCE_FILENAME": "2013-BASE_PROCUREMENT-2013-AIRFORCE_AIRCRAFT_VOL1-MasterJustificationBook_Air_Force_PB_2013.zzz_unzipped-MasterJustificationBook_Air_Force_PB_2013.xml",
        "@RECORDID": "a7c6bab01f0a3102b466c221b8193722f8b6637d9b29cc98c18c29fc94b0ad9b",
        "@ROWID": "1-82cd1bf76134640236e8cf12e2301774ebdeecb323d7cb9f5c0e0cc8082d848b",
        "@PARENTROWID": "0-6f789dbda3665010d6aa516be67580f351d0fa558132dfb1c288e3385a284e5b",
        "@PARENT": "root.record.ItemExhibitList.P5Item.CostElementCategoryList.Vehicles.Recurring.CostElementList.CostElement.ManufacturerList.Manufacturer.HistoryPlanningList.HistoryPlanning"
    },
    {
        "Month_val": "2012-06",
        "Amount_val": "1",
        "@SOURCE_FILENAME": "2014-BASE_PROCUREMENT-2014-AIRFORCE_AIRCRAFT_VOL1-PROCUREMENT_JustificationBook_Air_Force_PB_2014.zzz_unzipped-PROCUREMENT_JustificationBook_Air_Force_PB_2014.xml",
        "@RECORDID": "6344ffaffcd0dcf02df1b26345df842a688214ceb4388fac2c0f9d260faa4e49",
        "@ROWID": "0-340f6aea4ee82da030680d0ada073f6acdce3f33b2206c46eba04ecd339f5d25",
        "@PARENTROWID": "0-a5dba1301bdc61d23fe571ac81ada5c0ae5d6c7995b929e9953bb9a906f18bc1",
        "@PARENT": "root.record.ItemExhibitList.P5Item.CostElementCategoryList.Vehicles.Recurring.CostElementList.CostElement.ManufacturerList.Manufacturer.HistoryPlanningList.HistoryPlanning"
    },
    {
        "Month_val": "2012-11",
        "Amount_val": "1",
        "@SOURCE_FILENAME": "2014-BASE_PROCUREMENT-2014-AIRFORCE_AIRCRAFT_VOL1-PROCUREMENT_JustificationBook_Air_Force_PB_2014.zzz_unzipped-PROCUREMENT_JustificationBook_Air_Force_PB_2014.xml",
        "@RECORDID": "6344ffaffcd0dcf02df1b26345df842a688214ceb4388fac2c0f9d260faa4e49",
        "@ROWID": "1-ce83edac17806864b282ae0415d465ad348a9cca146dde9427347185ccb56062",
        "@PARENTROWID": "0-a5dba1301bdc61d23fe571ac81ada5c0ae5d6c7995b929e9953bb9a906f18bc1",
        "@PARENT": "root.record.ItemExhibitList.P5Item.CostElementCategoryList.Vehicles.Recurring.CostElementList.CostElement.ManufacturerList.Manufacturer.HistoryPlanningList.HistoryPlanning"
    },
    {
        "Month_val": "2014-03",
        "Amount_val": "1",
        "@SOURCE_FILENAME": "2014-BASE_PROCUREMENT-2014-AIRFORCE_AIRCRAFT_VOL1-PROCUREMENT_JustificationBook_Air_Force_PB_2014.zzz_unzipped-PROCUREMENT_JustificationBook_Air_Force_PB_2014.xml",
        "@RECORDID": "6344ffaffcd0dcf02df1b26345df842a688214ceb4388fac2c0f9d260faa4e49",
        "@ROWID": "0-f3a877b48c0595359340ccb8a08e6d4e19aa8d64018fb99a75260cd52b8b3ffb",
        "@PARENTROWID": "1-d9983eba1a8cf3d5bfe2f3512d8d609bdf3adbeb34070d05b3074479564ab495",
        "@PARENT": "root.record.ItemExhibitList.P5Item.CostElementCategoryList.Vehicles.Recurring.CostElementList.CostElement.ManufacturerList.Manufacturer.HistoryPlanningList.HistoryPlanning"
    },
    {
        "Month_val": "2014-07",
        "Amount_val": "1",
        "@SOURCE_FILENAME": "2014-BASE_PROCUREMENT-2014-AIRFORCE_AIRCRAFT_VOL1-PROCUREMENT_JustificationBook_Air_Force_PB_2014.zzz_unzipped-PROCUREMENT_JustificationBook_Air_Force_PB_2014.xml",
        "@RECORDID": "6344ffaffcd0dcf02df1b26345df842a688214ceb4388fac2c0f9d260faa4e49",
        "@ROWID": "1-2a86a835de522465fe297b27e6e959459d1fbf0b774c975c73c09cd9fff4356e",
        "@PARENTROWID": "1-d9983eba1a8cf3d5bfe2f3512d8d609bdf3adbeb34070d05b3074479564ab495",
        "@PARENT": "root.record.ItemExhibitList.P5Item.CostElementCategoryList.Vehicles.Recurring.CostElementList.CostElement.ManufacturerList.Manufacturer.HistoryPlanningList.HistoryPlanning"
    },
    {
        "Month_val": "2013-03",
        "Amount_val": "1",
        "@SOURCE_FILENAME": "2014-BASE_PROCUREMENT-2014-AIRFORCE_AIRCRAFT_VOL1-PROCUREMENT_JustificationBook_Air_Force_PB_2014.zzz_unzipped-PROCUREMENT_JustificationBook_Air_Force_PB_2014.xml",
        "@RECORDID": "6344ffaffcd0dcf02df1b26345df842a688214ceb4388fac2c0f9d260faa4e49",
        "@ROWID": "0-c9a528742c010e2f56dae5a4a5b37064e1bfa467fadcb938c2c90d70de1efa5e",
        "@PARENTROWID": "0-1b89576f61956157407864bb62f41304b17940477ff0a60db82abf1b1a93c904",
        "@PARENT": "root.record.ItemExhibitList.P5Item.CostElementCategoryList.Vehicles.Recurring.CostElementList.CostElement.ManufacturerList.Manufacturer.HistoryPlanningList.HistoryPlanning"
    },
    {
        "Month_val": "2013-06",
        "Amount_val": "1",
        "@SOURCE_FILENAME": "2014-BASE_PROCUREMENT-2014-AIRFORCE_AIRCRAFT_VOL1-PROCUREMENT_JustificationBook_Air_Force_PB_2014.zzz_unzipped-PROCUREMENT_JustificationBook_Air_Force_PB_2014.xml",
        "@RECORDID": "6344ffaffcd0dcf02df1b26345df842a688214ceb4388fac2c0f9d260faa4e49",
        "@ROWID": "1-75353a20390c02766b11662abfcf8d6d105a3a6f5ca21340606491eca8b0accf",
        "@PARENTROWID": "0-1b89576f61956157407864bb62f41304b17940477ff0a60db82abf1b1a93c904",
        "@PARENT": "root.record.ItemExhibitList.P5Item.CostElementCategoryList.Vehicles.Recurring.CostElementList.CostElement.ManufacturerList.Manufacturer.HistoryPlanningList.HistoryPlanning"
    },
    {
        "Month_val": "2014-04",
        "Amount_val": "1",
        "@SOURCE_FILENAME": "2014-BASE_PROCUREMENT-2014-AIRFORCE_AIRCRAFT_VOL1-PROCUREMENT_JustificationBook_Air_Force_PB_2014.zzz_unzipped-PROCUREMENT_JustificationBook_Air_Force_PB_2014.xml",
        "@RECORDID": "6344ffaffcd0dcf02df1b26345df842a688214ceb4388fac2c0f9d260faa4e49",
        "@ROWID": "0-713cd128409327700a7b3355d211ceb2fda98655f92eed815e0ce148eadb3afb",
        "@PARENTROWID": "1-f4bbbd0d0ff042fa5c2d667f746223a010d687ac515a181330979e83716c3529",
        "@PARENT": "root.record.ItemExhibitList.P5Item.CostElementCategoryList.Vehicles.Recurring.CostElementList.CostElement.ManufacturerList.Manufacturer.HistoryPlanningList.HistoryPlanning"
    },
    {
        "Month_val": "2014-08",
        "Amount_val": "1",
        "@SOURCE_FILENAME": "2014-BASE_PROCUREMENT-2014-AIRFORCE_AIRCRAFT_VOL1-PROCUREMENT_JustificationBook_Air_Force_PB_2014.zzz_unzipped-PROCUREMENT_JustificationBook_Air_Force_PB_2014.xml",
        "@RECORDID": "6344ffaffcd0dcf02df1b26345df842a688214ceb4388fac2c0f9d260faa4e49",
        "@ROWID": "1-4f5b56f4547ccc3996746491531fadac346895d9baa449b3ec000796874d5a40",
        "@PARENTROWID": "1-f4bbbd0d0ff042fa5c2d667f746223a010d687ac515a181330979e83716c3529",
        "@PARENT": "root.record.ItemExhibitList.P5Item.CostElementCategoryList.Vehicles.Recurring.CostElementList.CostElement.ManufacturerList.Manufacturer.HistoryPlanningList.HistoryPlanning"
    },
    {
        "Month_val": "2011-05",
        "Amount_val": "1",
        "@SOURCE_FILENAME": "2014-BASE_PROCUREMENT-2014-AIRFORCE_AIRCRAFT_VOL1-PROCUREMENT_JustificationBook_Air_Force_PB_2014.zzz_unzipped-PROCUREMENT_JustificationBook_Air_Force_PB_2014.xml",
        "@RECORDID": "6344ffaffcd0dcf02df1b26345df842a688214ceb4388fac2c0f9d260faa4e49",
        "@ROWID": "0-e96fba4ac1789b3470d4b37eb107aafe741cffa13db8c39be14bbca1da96c50c",
        "@PARENTROWID": "0-951a814f092f48a6c91fc55842f96c198dacaba0b852aae576021a1ab5f0164c",
        "@PARENT": "root.record.ItemExhibitList.P5Item.CostElementCategoryList.Vehicles.Recurring.CostElementList.CostElement.ManufacturerList.Manufacturer.HistoryPlanningList.HistoryPlanning"
    },
    {
        "Month_val": "2011-11",
        "Amount_val": "1",
        "@SOURCE_FILENAME": "2014-BASE_PROCUREMENT-2014-AIRFORCE_AIRCRAFT_VOL1-PROCUREMENT_JustificationBook_Air_Force_PB_2014.zzz_unzipped-PROCUREMENT_JustificationBook_Air_Force_PB_2014.xml",
        "@RECORDID": "6344ffaffcd0dcf02df1b26345df842a688214ceb4388fac2c0f9d260faa4e49",
        "@ROWID": "1-c9f93921edd4dfb69ae770dd85838be87be697f16816591fd7c92bac06c28f78",
        "@PARENTROWID": "0-951a814f092f48a6c91fc55842f96c198dacaba0b852aae576021a1ab5f0164c",
        "@PARENT": "root.record.ItemExhibitList.P5Item.CostElementCategoryList.Vehicles.Recurring.CostElementList.CostElement.ManufacturerList.Manufacturer.HistoryPlanningList.HistoryPlanning"
    },
    {
        "Month_val": "2012-06",
        "Amount_val": "1",
        "@SOURCE_FILENAME": "2014-BASE_PROCUREMENT-2014-AIRFORCE_AIRCRAFT_VOL2-PROCUREMENT_MasterJustificationBook_Air_Force_PB_2014.zzz_unzipped-PROCUREMENT_MasterJustificationBook_Air_Force_PB_2014.xml",
        "@RECORDID": "4b41aab551dd5963369d5d6c772fbe316cd8c2c012a1e3a665053b2726d13344",
        "@ROWID": "0-b6c1f5965f930cb5b02b5ec816a951aaa6c58ea507fb066270bab123bf1647eb",
        "@PARENTROWID": "0-48d955f297582a3691d33ae0e12d4262fc7a5e90a07ff2f7b93d773568c09706",
        "@PARENT": "root.record.ItemExhibitList.P5Item.CostElementCategoryList.Vehicles.Recurring.CostElementList.CostElement.ManufacturerList.Manufacturer.HistoryPlanningList.HistoryPlanning"
    },
    {
        "Month_val": "2012-11",
        "Amount_val": "1",
        "@SOURCE_FILENAME": "2014-BASE_PROCUREMENT-2014-AIRFORCE_AIRCRAFT_VOL2-PROCUREMENT_MasterJustificationBook_Air_Force_PB_2014.zzz_unzipped-PROCUREMENT_MasterJustificationBook_Air_Force_PB_2014.xml",
        "@RECORDID": "4b41aab551dd5963369d5d6c772fbe316cd8c2c012a1e3a665053b2726d13344",
        "@ROWID": "1-af1815823a7be7a9855f0808abe2c187f86fb03a0d8706f51c453f9cebac4ea4",
        "@PARENTROWID": "0-48d955f297582a3691d33ae0e12d4262fc7a5e90a07ff2f7b93d773568c09706",
        "@PARENT": "root.record.ItemExhibitList.P5Item.CostElementCategoryList.Vehicles.Recurring.CostElementList.CostElement.ManufacturerList.Manufacturer.HistoryPlanningList.HistoryPlanning"
    },
    {
        "Month_val": "2014-03",
        "Amount_val": "1",
        "@SOURCE_FILENAME": "2014-BASE_PROCUREMENT-2014-AIRFORCE_AIRCRAFT_VOL2-PROCUREMENT_MasterJustificationBook_Air_Force_PB_2014.zzz_unzipped-PROCUREMENT_MasterJustificationBook_Air_Force_PB_2014.xml",
        "@RECORDID": "4b41aab551dd5963369d5d6c772fbe316cd8c2c012a1e3a665053b2726d13344",
        "@ROWID": "0-20bdc6124c29e246e346779cfd6e955a2c1ac10ae110f5c9d5cf62b23fb4a2c0",
        "@PARENTROWID": "1-0c3b6a51cae9aa8d8803616dc5384ec7224d9e6a8f9a9f37309d1f900d8db07f",
        "@PARENT": "root.record.ItemExhibitList.P5Item.CostElementCategoryList.Vehicles.Recurring.CostElementList.CostElement.ManufacturerList.Manufacturer.HistoryPlanningList.HistoryPlanning"
    },
    {
        "Month_val": "2014-07",
        "Amount_val": "1",
        "@SOURCE_FILENAME": "2014-BASE_PROCUREMENT-2014-AIRFORCE_AIRCRAFT_VOL2-PROCUREMENT_MasterJustificationBook_Air_Force_PB_2014.zzz_unzipped-PROCUREMENT_MasterJustificationBook_Air_Force_PB_2014.xml",
        "@RECORDID": "4b41aab551dd5963369d5d6c772fbe316cd8c2c012a1e3a665053b2726d13344",
        "@ROWID": "1-f007238d84d3f6616171f55948c0a124d2ad3aa2e9758ae921c0c7917fa3ef06",
        "@PARENTROWID": "1-0c3b6a51cae9aa8d8803616dc5384ec7224d9e6a8f9a9f37309d1f900d8db07f",
        "@PARENT": "root.record.ItemExhibitList.P5Item.CostElementCategoryList.Vehicles.Recurring.CostElementList.CostElement.ManufacturerList.Manufacturer.HistoryPlanningList.HistoryPlanning"
    },
    {
        "Month_val": "2013-03",
        "Amount_val": "1",
        "@SOURCE_FILENAME": "2014-BASE_PROCUREMENT-2014-AIRFORCE_AIRCRAFT_VOL2-PROCUREMENT_MasterJustificationBook_Air_Force_PB_2014.zzz_unzipped-PROCUREMENT_MasterJustificationBook_Air_Force_PB_2014.xml",
        "@RECORDID": "4b41aab551dd5963369d5d6c772fbe316cd8c2c012a1e3a665053b2726d13344",
        "@ROWID": "0-e13ccf911e30e4fde003761ee15c0a837592a23321f6679f7fa03a5d8217c48b",
        "@PARENTROWID": "0-7d5e954f5be95c4e02541cd6b934ed79bd0bb7e88464c1a2a5d23ea1f8e158ed",
        "@PARENT": "root.record.ItemExhibitList.P5Item.CostElementCategoryList.Vehicles.Recurring.CostElementList.CostElement.ManufacturerList.Manufacturer.HistoryPlanningList.HistoryPlanning"
    },
    {
        "Month_val": "2013-06",
        "Amount_val": "1",
        "@SOURCE_FILENAME": "2014-BASE_PROCUREMENT-2014-AIRFORCE_AIRCRAFT_VOL2-PROCUREMENT_MasterJustificationBook_Air_Force_PB_2014.zzz_unzipped-PROCUREMENT_MasterJustificationBook_Air_Force_PB_2014.xml",
        "@RECORDID": "4b41aab551dd5963369d5d6c772fbe316cd8c2c012a1e3a665053b2726d13344",
        "@ROWID": "1-2238913e12625d93f1116704f2a76e969b8c5f479eeb98318f5c23575d7706ec",
        "@PARENTROWID": "0-7d5e954f5be95c4e02541cd6b934ed79bd0bb7e88464c1a2a5d23ea1f8e158ed",
        "@PARENT": "root.record.ItemExhibitList.P5Item.CostElementCategoryList.Vehicles.Recurring.CostElementList.CostElement.ManufacturerList.Manufacturer.HistoryPlanningList.HistoryPlanning"
    },
    {
        "Month_val": "2014-04",
        "Amount_val": "1",
        "@SOURCE_FILENAME": "2014-BASE_PROCUREMENT-2014-AIRFORCE_AIRCRAFT_VOL2-PROCUREMENT_MasterJustificationBook_Air_Force_PB_2014.zzz_unzipped-PROCUREMENT_MasterJustificationBook_Air_Force_PB_2014.xml",
        "@RECORDID": "4b41aab551dd5963369d5d6c772fbe316cd8c2c012a1e3a665053b2726d13344",
        "@ROWID": "0-a50aca78c4bb6f879dab8ee7c3d1d15e40e72f5d8f2ecc2bdc32c7665231c6d3",
        "@PARENTROWID": "1-b0e12900387d3df93bee0027c50ef018249a3ddaf466dc1b29b1e9238037dc14",
        "@PARENT": "root.record.ItemExhibitList.P5Item.CostElementCategoryList.Vehicles.Recurring.CostElementList.CostElement.ManufacturerList.Manufacturer.HistoryPlanningList.HistoryPlanning"
    },
    {
        "Month_val": "2014-08",
        "Amount_val": "1",
        "@SOURCE_FILENAME": "2014-BASE_PROCUREMENT-2014-AIRFORCE_AIRCRAFT_VOL2-PROCUREMENT_MasterJustificationBook_Air_Force_PB_2014.zzz_unzipped-PROCUREMENT_MasterJustificationBook_Air_Force_PB_2014.xml",
        "@RECORDID": "4b41aab551dd5963369d5d6c772fbe316cd8c2c012a1e3a665053b2726d13344",
        "@ROWID": "1-5fe52d2ceab5e6d650dcbcf2eea3d83d355fb1894a29f65f90e652887f491669",
        "@PARENTROWID": "1-b0e12900387d3df93bee0027c50ef018249a3ddaf466dc1b29b1e9238037dc14",
        "@PARENT": "root.record.ItemExhibitList.P5Item.CostElementCategoryList.Vehicles.Recurring.CostElementList.CostElement.ManufacturerList.Manufacturer.HistoryPlanningList.HistoryPlanning"
    },
    {
        "Month_val": "2011-05",
        "Amount_val": "1",
        "@SOURCE_FILENAME": "2014-BASE_PROCUREMENT-2014-AIRFORCE_AIRCRAFT_VOL2-PROCUREMENT_MasterJustificationBook_Air_Force_PB_2014.zzz_unzipped-PROCUREMENT_MasterJustificationBook_Air_Force_PB_2014.xml",
        "@RECORDID": "4b41aab551dd5963369d5d6c772fbe316cd8c2c012a1e3a665053b2726d13344",
        "@ROWID": "0-8d47c9533f578ca79331ce9bb712c621b362818d2390b0e27e109958cea8a0e1",
        "@PARENTROWID": "0-7b4e12b8017acc5a70dde5065d12d131f370e6be99f0b6ab45fce2ebbd568ad0",
        "@PARENT": "root.record.ItemExhibitList.P5Item.CostElementCategoryList.Vehicles.Recurring.CostElementList.CostElement.ManufacturerList.Manufacturer.HistoryPlanningList.HistoryPlanning"
    },
    {
        "Month_val": "2011-11",
        "Amount_val": "1",
        "@SOURCE_FILENAME": "2014-BASE_PROCUREMENT-2014-AIRFORCE_AIRCRAFT_VOL2-PROCUREMENT_MasterJustificationBook_Air_Force_PB_2014.zzz_unzipped-PROCUREMENT_MasterJustificationBook_Air_Force_PB_2014.xml",
        "@RECORDID": "4b41aab551dd5963369d5d6c772fbe316cd8c2c012a1e3a665053b2726d13344",
        "@ROWID": "1-88147c9477c34a2e5d9dbc5f34c29f2ed6202348e0913b114b553fd130dd1f45",
        "@PARENTROWID": "0-7b4e12b8017acc5a70dde5065d12d131f370e6be99f0b6ab45fce2ebbd568ad0",
        "@PARENT": "root.record.ItemExhibitList.P5Item.CostElementCategoryList.Vehicles.Recurring.CostElementList.CostElement.ManufacturerList.Manufacturer.HistoryPlanningList.HistoryPlanning"
    },
    {
        "Month_val": "2012-06",
        "Amount_val": "1",
        "@SOURCE_FILENAME": "2014-BASE_PROCUREMENT-2014-AIRFORCE_AIRCRAFT_VOL1-PROCUREMENT_MasterJustificationBook_Air_Force_PB_2014.zzz_unzipped-PROCUREMENT_MasterJustificationBook_Air_Force_PB_2014.xml",
        "@RECORDID": "c7c6d00203955f967ca1e12a0c654fc7454b59fa0b67d85d18a4e4ca82ed730f",
        "@ROWID": "0-2855c41120b8c0c85e7df7bb8d33f3e7918c3ed1dd64a44f3f23913cc6f4cbcf",
        "@PARENTROWID": "0-af29c363b40899b6c582549fd7b701cff7c90b9167a6cd5d55ac3104379df774",
        "@PARENT": "root.record.ItemExhibitList.P5Item.CostElementCategoryList.Vehicles.Recurring.CostElementList.CostElement.ManufacturerList.Manufacturer.HistoryPlanningList.HistoryPlanning"
    },
    {
        "Month_val": "2012-11",
        "Amount_val": "1",
        "@SOURCE_FILENAME": "2014-BASE_PROCUREMENT-2014-AIRFORCE_AIRCRAFT_VOL1-PROCUREMENT_MasterJustificationBook_Air_Force_PB_2014.zzz_unzipped-PROCUREMENT_MasterJustificationBook_Air_Force_PB_2014.xml",
        "@RECORDID": "c7c6d00203955f967ca1e12a0c654fc7454b59fa0b67d85d18a4e4ca82ed730f",
        "@ROWID": "1-5c7bc6b134500b0f6d88dcf9cf49006f0fe7a63939ef11b7e9bf727e86324c8b",
        "@PARENTROWID": "0-af29c363b40899b6c582549fd7b701cff7c90b9167a6cd5d55ac3104379df774",
        "@PARENT": "root.record.ItemExhibitList.P5Item.CostElementCategoryList.Vehicles.Recurring.CostElementList.CostElement.ManufacturerList.Manufacturer.HistoryPlanningList.HistoryPlanning"
    },
    {
        "Month_val": "2014-03",
        "Amount_val": "1",
        "@SOURCE_FILENAME": "2014-BASE_PROCUREMENT-2014-AIRFORCE_AIRCRAFT_VOL1-PROCUREMENT_MasterJustificationBook_Air_Force_PB_2014.zzz_unzipped-PROCUREMENT_MasterJustificationBook_Air_Force_PB_2014.xml",
        "@RECORDID": "c7c6d00203955f967ca1e12a0c654fc7454b59fa0b67d85d18a4e4ca82ed730f",
        "@ROWID": "0-ae3b8555d6dcdfd8596bab000641df5fc6148fc052ab851dd0373808caf3d914",
        "@PARENTROWID": "1-73ef0b903152d57bbefd6aa83a2c76fa350ea95e3d65f1db39dff269b4b2a9da",
        "@PARENT": "root.record.ItemExhibitList.P5Item.CostElementCategoryList.Vehicles.Recurring.CostElementList.CostElement.ManufacturerList.Manufacturer.HistoryPlanningList.HistoryPlanning"
    },
    {
        "Month_val": "2014-07",
        "Amount_val": "1",
        "@SOURCE_FILENAME": "2014-BASE_PROCUREMENT-2014-AIRFORCE_AIRCRAFT_VOL1-PROCUREMENT_MasterJustificationBook_Air_Force_PB_2014.zzz_unzipped-PROCUREMENT_MasterJustificationBook_Air_Force_PB_2014.xml",
        "@RECORDID": "c7c6d00203955f967ca1e12a0c654fc7454b59fa0b67d85d18a4e4ca82ed730f",
        "@ROWID": "1-5653a6d0ea2c1d80b751d19e0aae72697793b8dbdb5587286ac13ddae0a1e25d",
        "@PARENTROWID": "1-73ef0b903152d57bbefd6aa83a2c76fa350ea95e3d65f1db39dff269b4b2a9da",
        "@PARENT": "root.record.ItemExhibitList.P5Item.CostElementCategoryList.Vehicles.Recurring.CostElementList.CostElement.ManufacturerList.Manufacturer.HistoryPlanningList.HistoryPlanning"
    },
    {
        "Month_val": "2013-03",
        "Amount_val": "1",
        "@SOURCE_FILENAME": "2014-BASE_PROCUREMENT-2014-AIRFORCE_AIRCRAFT_VOL1-PROCUREMENT_MasterJustificationBook_Air_Force_PB_2014.zzz_unzipped-PROCUREMENT_MasterJustificationBook_Air_Force_PB_2014.xml",
        "@RECORDID": "c7c6d00203955f967ca1e12a0c654fc7454b59fa0b67d85d18a4e4ca82ed730f",
        "@ROWID": "0-f2d4372da2f7c826a235973d549aebcb94ed8035691d30a233ed6255f8c5ceab",
        "@PARENTROWID": "0-8952ec4b828c73ff8317b5c1db14a3e7cfebe5a33bea8cba39d9aacda37c6109",
        "@PARENT": "root.record.ItemExhibitList.P5Item.CostElementCategoryList.Vehicles.Recurring.CostElementList.CostElement.ManufacturerList.Manufacturer.HistoryPlanningList.HistoryPlanning"
    },
    {
        "Month_val": "2013-06",
        "Amount_val": "1",
        "@SOURCE_FILENAME": "2014-BASE_PROCUREMENT-2014-AIRFORCE_AIRCRAFT_VOL1-PROCUREMENT_MasterJustificationBook_Air_Force_PB_2014.zzz_unzipped-PROCUREMENT_MasterJustificationBook_Air_Force_PB_2014.xml",
        "@RECORDID": "c7c6d00203955f967ca1e12a0c654fc7454b59fa0b67d85d18a4e4ca82ed730f",
        "@ROWID": "1-2d083f0f887b0b57afa45b320e002b333218e7ad3a86c814af62451c61036f52",
        "@PARENTROWID": "0-8952ec4b828c73ff8317b5c1db14a3e7cfebe5a33bea8cba39d9aacda37c6109",
        "@PARENT": "root.record.ItemExhibitList.P5Item.CostElementCategoryList.Vehicles.Recurring.CostElementList.CostElement.ManufacturerList.Manufacturer.HistoryPlanningList.HistoryPlanning"
    },
    {
        "Month_val": "2014-04",
        "Amount_val": "1",
        "@SOURCE_FILENAME": "2014-BASE_PROCUREMENT-2014-AIRFORCE_AIRCRAFT_VOL1-PROCUREMENT_MasterJustificationBook_Air_Force_PB_2014.zzz_unzipped-PROCUREMENT_MasterJustificationBook_Air_Force_PB_2014.xml",
        "@RECORDID": "c7c6d00203955f967ca1e12a0c654fc7454b59fa0b67d85d18a4e4ca82ed730f",
        "@ROWID": "0-9a4d33df223f1480ef64eb606054d56d5fbaa8754293db644ee83e971f948cc8",
        "@PARENTROWID": "1-f3e5ef9622fbfb8f249e869424785e0687e5d6fb508cbceb4e79c67ef203e700",
        "@PARENT": "root.record.ItemExhibitList.P5Item.CostElementCategoryList.Vehicles.Recurring.CostElementList.CostElement.ManufacturerList.Manufacturer.HistoryPlanningList.HistoryPlanning"
    },
    {
        "Month_val": "2014-08",
        "Amount_val": "1",
        "@SOURCE_FILENAME": "2014-BASE_PROCUREMENT-2014-AIRFORCE_AIRCRAFT_VOL1-PROCUREMENT_MasterJustificationBook_Air_Force_PB_2014.zzz_unzipped-PROCUREMENT_MasterJustificationBook_Air_Force_PB_2014.xml",
        "@RECORDID": "c7c6d00203955f967ca1e12a0c654fc7454b59fa0b67d85d18a4e4ca82ed730f",
        "@ROWID": "1-61e6ad873b2a08706c103f86179f7a6e60a8c303b6e9a4de6b1f1b949b027386",
        "@PARENTROWID": "1-f3e5ef9622fbfb8f249e869424785e0687e5d6fb508cbceb4e79c67ef203e700",
        "@PARENT": "root.record.ItemExhibitList.P5Item.CostElementCategoryList.Vehicles.Recurring.CostElementList.CostElement.ManufacturerList.Manufacturer.HistoryPlanningList.HistoryPlanning"
    },
    {
        "Month_val": "2011-05",
        "Amount_val": "1",
        "@SOURCE_FILENAME": "2014-BASE_PROCUREMENT-2014-AIRFORCE_AIRCRAFT_VOL1-PROCUREMENT_MasterJustificationBook_Air_Force_PB_2014.zzz_unzipped-PROCUREMENT_MasterJustificationBook_Air_Force_PB_2014.xml",
        "@RECORDID": "c7c6d00203955f967ca1e12a0c654fc7454b59fa0b67d85d18a4e4ca82ed730f",
        "@ROWID": "0-082d993602459034bc4fbfaa042c9d8b436b391baf2eb833b43f55d59e848b98",
        "@PARENTROWID": "0-95a12fdb166210b0185723af1abc95f5c054203ec13874f526d8a783ed877dba",
        "@PARENT": "root.record.ItemExhibitList.P5Item.CostElementCategoryList.Vehicles.Recurring.CostElementList.CostElement.ManufacturerList.Manufacturer.HistoryPlanningList.HistoryPlanning"
    },
    {
        "Month_val": "2011-11",
        "Amount_val": "1",
        "@SOURCE_FILENAME": "2014-BASE_PROCUREMENT-2014-AIRFORCE_AIRCRAFT_VOL1-PROCUREMENT_MasterJustificationBook_Air_Force_PB_2014.zzz_unzipped-PROCUREMENT_MasterJustificationBook_Air_Force_PB_2014.xml",
        "@RECORDID": "c7c6d00203955f967ca1e12a0c654fc7454b59fa0b67d85d18a4e4ca82ed730f",
        "@ROWID": "1-8ff535ffbb15a89c7d4b1673b1558de2c21cd7a581c571474fe3c7678a487f99",
        "@PARENTROWID": "0-95a12fdb166210b0185723af1abc95f5c054203ec13874f526d8a783ed877dba",
        "@PARENT": "root.record.ItemExhibitList.P5Item.CostElementCategoryList.Vehicles.Recurring.CostElementList.CostElement.ManufacturerList.Manufacturer.HistoryPlanningList.HistoryPlanning"
    },
    {
        "Month_val": "2012-06",
        "Amount_val": "1",
        "@SOURCE_FILENAME": "2015-BASE_PROCUREMENT-2015-AIRFORCE_AIRCRAFT_VOL1-PROCUREMENT_JustificationBook_Air_Force_PB_2015.zzz_unzipped-PROCUREMENT_JustificationBook_Air_Force_PB_2015.xml",
        "@RECORDID": "ec976f28f64d06b6cdd6198f93851889e1b9beb1edb572669f3c69e02093017a",
        "@ROWID": "0-507be9fe4ea85f612cc05a2487eb722179e25b62511eca36276d640e504b857e",
        "@PARENTROWID": "0-c764040fcf3e31937a06401c40c2c53368db3f7ae26af2c44b8146be0a8bd769",
        "@PARENT": "root.record.ItemExhibitList.P5Item.CostElementCategoryList.Vehicles.Recurring.CostElementList.CostElement.ManufacturerList.Manufacturer.HistoryPlanningList.HistoryPlanning"
    },
    {
        "Month_val": "2012-11",
        "Amount_val": "1",
        "@SOURCE_FILENAME": "2015-BASE_PROCUREMENT-2015-AIRFORCE_AIRCRAFT_VOL1-PROCUREMENT_JustificationBook_Air_Force_PB_2015.zzz_unzipped-PROCUREMENT_JustificationBook_Air_Force_PB_2015.xml",
        "@RECORDID": "ec976f28f64d06b6cdd6198f93851889e1b9beb1edb572669f3c69e02093017a",
        "@ROWID": "1-03c9a963a5316a74a6a221b776ac20aa16951fdc17f7445bb87cbd4e4ee003e8",
        "@PARENTROWID": "0-c764040fcf3e31937a06401c40c2c53368db3f7ae26af2c44b8146be0a8bd769",
        "@PARENT": "root.record.ItemExhibitList.P5Item.CostElementCategoryList.Vehicles.Recurring.CostElementList.CostElement.ManufacturerList.Manufacturer.HistoryPlanningList.HistoryPlanning"
    },
    {
        "Month_val": "2013-11",
        "Amount_val": "1",
        "@SOURCE_FILENAME": "2015-BASE_PROCUREMENT-2015-AIRFORCE_AIRCRAFT_VOL1-PROCUREMENT_JustificationBook_Air_Force_PB_2015.zzz_unzipped-PROCUREMENT_JustificationBook_Air_Force_PB_2015.xml",
        "@RECORDID": "ec976f28f64d06b6cdd6198f93851889e1b9beb1edb572669f3c69e02093017a",
        "@ROWID": "0-a4ddd4312d44d6167fcbc06fc0be900efd5f65f4cec83f4d72175c09cc02adad",
        "@PARENTROWID": "1-ad2c461ff034a26ff25b6379bb4ebdd11dc646f72fa61b4af264595fb1c36708",
        "@PARENT": "root.record.ItemExhibitList.P5Item.CostElementCategoryList.Vehicles.Recurring.CostElementList.CostElement.ManufacturerList.Manufacturer.HistoryPlanningList.HistoryPlanning"
    },
    {
        "Month_val": "2014-07",
        "Amount_val": "1",
        "@SOURCE_FILENAME": "2015-BASE_PROCUREMENT-2015-AIRFORCE_AIRCRAFT_VOL1-PROCUREMENT_JustificationBook_Air_Force_PB_2015.zzz_unzipped-PROCUREMENT_JustificationBook_Air_Force_PB_2015.xml",
        "@RECORDID": "ec976f28f64d06b6cdd6198f93851889e1b9beb1edb572669f3c69e02093017a",
        "@ROWID": "1-7d8a834d4a4aea8ace17e7eb4c2c3c6b5e49c3f6fa2c5744471ba0f5f895f585",
        "@PARENTROWID": "1-ad2c461ff034a26ff25b6379bb4ebdd11dc646f72fa61b4af264595fb1c36708",
        "@PARENT": "root.record.ItemExhibitList.P5Item.CostElementCategoryList.Vehicles.Recurring.CostElementList.CostElement.ManufacturerList.Manufacturer.HistoryPlanningList.HistoryPlanning"
    },
    {
        "Month_val": "2017-01",
        "Amount_val": "1",
        "@SOURCE_FILENAME": "2015-BASE_PROCUREMENT-2015-AIRFORCE_AIRCRAFT_VOL1-PROCUREMENT_JustificationBook_Air_Force_PB_2015.zzz_unzipped-PROCUREMENT_JustificationBook_Air_Force_PB_2015.xml",
        "@RECORDID": "ec976f28f64d06b6cdd6198f93851889e1b9beb1edb572669f3c69e02093017a",
        "@ROWID": "0-01f33fa9a1790c6cc03b7b454e8493df10add667000b0d1e339dcd6627b23df0",
        "@PARENTROWID": "2-221a882537ebc9e2d4f2574986f792aec22696f49620d25e558b0df7d3ed24d0",
        "@PARENT": "root.record.ItemExhibitList.P5Item.CostElementCategoryList.Vehicles.Recurring.CostElementList.CostElement.ManufacturerList.Manufacturer.HistoryPlanningList.HistoryPlanning"
    },
    {
        "Month_val": "2017-04",
        "Amount_val": "1",
        "@SOURCE_FILENAME": "2015-BASE_PROCUREMENT-2015-AIRFORCE_AIRCRAFT_VOL1-PROCUREMENT_JustificationBook_Air_Force_PB_2015.zzz_unzipped-PROCUREMENT_JustificationBook_Air_Force_PB_2015.xml",
        "@RECORDID": "ec976f28f64d06b6cdd6198f93851889e1b9beb1edb572669f3c69e02093017a",
        "@ROWID": "1-3c89c08e28743e556e7d34f0c0da41f0a994ef50c79750d528f4bedacd17ccc1",
        "@PARENTROWID": "2-221a882537ebc9e2d4f2574986f792aec22696f49620d25e558b0df7d3ed24d0",
        "@PARENT": "root.record.ItemExhibitList.P5Item.CostElementCategoryList.Vehicles.Recurring.CostElementList.CostElement.ManufacturerList.Manufacturer.HistoryPlanningList.HistoryPlanning"
    },
    {
        "Month_val": "2017-06",
        "Amount_val": "1",
        "@SOURCE_FILENAME": "2015-BASE_PROCUREMENT-2015-AIRFORCE_AIRCRAFT_VOL1-PROCUREMENT_JustificationBook_Air_Force_PB_2015.zzz_unzipped-PROCUREMENT_JustificationBook_Air_Force_PB_2015.xml",
        "@RECORDID": "ec976f28f64d06b6cdd6198f93851889e1b9beb1edb572669f3c69e02093017a",
        "@ROWID": "2-e531b03dab761ab93380667349d21a26e67d2cf2ba2557f814b1b5f15716b6a6",
        "@PARENTROWID": "2-221a882537ebc9e2d4f2574986f792aec22696f49620d25e558b0df7d3ed24d0",
        "@PARENT": "root.record.ItemExhibitList.P5Item.CostElementCategoryList.Vehicles.Recurring.CostElementList.CostElement.ManufacturerList.Manufacturer.HistoryPlanningList.HistoryPlanning"
    },
    {
        "Month_val": "2013-02",
        "Amount_val": "1",
        "@SOURCE_FILENAME": "2015-BASE_PROCUREMENT-2015-AIRFORCE_AIRCRAFT_VOL1-PROCUREMENT_JustificationBook_Air_Force_PB_2015.zzz_unzipped-PROCUREMENT_JustificationBook_Air_Force_PB_2015.xml",
        "@RECORDID": "ec976f28f64d06b6cdd6198f93851889e1b9beb1edb572669f3c69e02093017a",
        "@ROWID": "0-481d588381f3621a6c60d6c0f6970f941271795a6a7d74014518e68afd025383",
        "@PARENTROWID": "0-b40a926e88de9e167028d4f14ea4e55514899b9a4f0f4b8247f7693e1fa2b4f7",
        "@PARENT": "root.record.ItemExhibitList.P5Item.CostElementCategoryList.Vehicles.Recurring.CostElementList.CostElement.ManufacturerList.Manufacturer.HistoryPlanningList.HistoryPlanning"
    },
    {
        "Month_val": "2013-08",
        "Amount_val": "1",
        "@SOURCE_FILENAME": "2015-BASE_PROCUREMENT-2015-AIRFORCE_AIRCRAFT_VOL1-PROCUREMENT_JustificationBook_Air_Force_PB_2015.zzz_unzipped-PROCUREMENT_JustificationBook_Air_Force_PB_2015.xml",
        "@RECORDID": "ec976f28f64d06b6cdd6198f93851889e1b9beb1edb572669f3c69e02093017a",
        "@ROWID": "1-bd453afd82e9f08bea507487109a1634dd6da931a753aee44a0ce3c79c6d5c8e",
        "@PARENTROWID": "0-b40a926e88de9e167028d4f14ea4e55514899b9a4f0f4b8247f7693e1fa2b4f7",
        "@PARENT": "root.record.ItemExhibitList.P5Item.CostElementCategoryList.Vehicles.Recurring.CostElementList.CostElement.ManufacturerList.Manufacturer.HistoryPlanningList.HistoryPlanning"
    },
    {
        "Month_val": "2014-04",
        "Amount_val": "1",
        "@SOURCE_FILENAME": "2015-BASE_PROCUREMENT-2015-AIRFORCE_AIRCRAFT_VOL1-PROCUREMENT_JustificationBook_Air_Force_PB_2015.zzz_unzipped-PROCUREMENT_JustificationBook_Air_Force_PB_2015.xml",
        "@RECORDID": "ec976f28f64d06b6cdd6198f93851889e1b9beb1edb572669f3c69e02093017a",
        "@ROWID": "0-c58ae3975c43d295eb3a02ec285d79206b7ef3379fc9d94b0bc592e45f7580a7",
        "@PARENTROWID": "1-b403547f0c517301d9ba35e5459d895e1c0b367fe7c3eebe809ff44db8e49214",
        "@PARENT": "root.record.ItemExhibitList.P5Item.CostElementCategoryList.Vehicles.Recurring.CostElementList.CostElement.ManufacturerList.Manufacturer.HistoryPlanningList.HistoryPlanning"
    },
    {
        "Month_val": "2014-08",
        "Amount_val": "1",
        "@SOURCE_FILENAME": "2015-BASE_PROCUREMENT-2015-AIRFORCE_AIRCRAFT_VOL1-PROCUREMENT_JustificationBook_Air_Force_PB_2015.zzz_unzipped-PROCUREMENT_JustificationBook_Air_Force_PB_2015.xml",
        "@RECORDID": "ec976f28f64d06b6cdd6198f93851889e1b9beb1edb572669f3c69e02093017a",
        "@ROWID": "1-4430e62285a79c045fad368ce87304e2485ec5b52968675ba99cda59fae0f5de",
        "@PARENTROWID": "1-b403547f0c517301d9ba35e5459d895e1c0b367fe7c3eebe809ff44db8e49214",
        "@PARENT": "root.record.ItemExhibitList.P5Item.CostElementCategoryList.Vehicles.Recurring.CostElementList.CostElement.ManufacturerList.Manufacturer.HistoryPlanningList.HistoryPlanning"
    },
    {
        "Month_val": "2012-06",
        "Amount_val": "1",
        "@SOURCE_FILENAME": "2015-BASE_PROCUREMENT-2015-AIRFORCE_AIRCRAFT_VOL2-PROCUREMENT_MasterJustificationBook_Air_Force_PB_2015.zzz_unzipped-PROCUREMENT_MasterJustificationBook_Air_Force_PB_2015.xml",
        "@RECORDID": "16648ff2f063095212525067f95f94d1ab1e5d0f22d30259c24225f3f227ab5f",
        "@ROWID": "0-12196a6c157db46d0bbccf7ecfa65b62200059849fab26ffae0493fb1f3a2f9b",
        "@PARENTROWID": "0-9e2530cba362f6468cd504cca93eae4308e1d2f7e6977f93274d602f3efff2ad",
        "@PARENT": "root.record.ItemExhibitList.P5Item.CostElementCategoryList.Vehicles.Recurring.CostElementList.CostElement.ManufacturerList.Manufacturer.HistoryPlanningList.HistoryPlanning"
    },
    {
        "Month_val": "2012-11",
        "Amount_val": "1",
        "@SOURCE_FILENAME": "2015-BASE_PROCUREMENT-2015-AIRFORCE_AIRCRAFT_VOL2-PROCUREMENT_MasterJustificationBook_Air_Force_PB_2015.zzz_unzipped-PROCUREMENT_MasterJustificationBook_Air_Force_PB_2015.xml",
        "@RECORDID": "16648ff2f063095212525067f95f94d1ab1e5d0f22d30259c24225f3f227ab5f",
        "@ROWID": "1-c73d4e8a6e733c52744994e19cee36ed3c43f2e7e44430ec360775635ca1752c",
        "@PARENTROWID": "0-9e2530cba362f6468cd504cca93eae4308e1d2f7e6977f93274d602f3efff2ad",
        "@PARENT": "root.record.ItemExhibitList.P5Item.CostElementCategoryList.Vehicles.Recurring.CostElementList.CostElement.ManufacturerList.Manufacturer.HistoryPlanningList.HistoryPlanning"
    },
    {
        "Month_val": "2013-11",
        "Amount_val": "1",
        "@SOURCE_FILENAME": "2015-BASE_PROCUREMENT-2015-AIRFORCE_AIRCRAFT_VOL2-PROCUREMENT_MasterJustificationBook_Air_Force_PB_2015.zzz_unzipped-PROCUREMENT_MasterJustificationBook_Air_Force_PB_2015.xml",
        "@RECORDID": "16648ff2f063095212525067f95f94d1ab1e5d0f22d30259c24225f3f227ab5f",
        "@ROWID": "0-d6d069d99ad75933a976d738539cec8c48d8d3b94463a3f64d235b37197e5ac5",
        "@PARENTROWID": "1-1c6b7576b906b25764b6ffef3494354183fcc21cad060f2980b3f329dd50333a",
        "@PARENT": "root.record.ItemExhibitList.P5Item.CostElementCategoryList.Vehicles.Recurring.CostElementList.CostElement.ManufacturerList.Manufacturer.HistoryPlanningList.HistoryPlanning"
    },
    {
        "Month_val": "2014-07",
        "Amount_val": "1",
        "@SOURCE_FILENAME": "2015-BASE_PROCUREMENT-2015-AIRFORCE_AIRCRAFT_VOL2-PROCUREMENT_MasterJustificationBook_Air_Force_PB_2015.zzz_unzipped-PROCUREMENT_MasterJustificationBook_Air_Force_PB_2015.xml",
        "@RECORDID": "16648ff2f063095212525067f95f94d1ab1e5d0f22d30259c24225f3f227ab5f",
        "@ROWID": "1-027e7a3198368a4947890e4e3acdc9ca1a149f82523986b7ccbb79fef90728a5",
        "@PARENTROWID": "1-1c6b7576b906b25764b6ffef3494354183fcc21cad060f2980b3f329dd50333a",
        "@PARENT": "root.record.ItemExhibitList.P5Item.CostElementCategoryList.Vehicles.Recurring.CostElementList.CostElement.ManufacturerList.Manufacturer.HistoryPlanningList.HistoryPlanning"
    },
    {
        "Month_val": "2017-01",
        "Amount_val": "1",
        "@SOURCE_FILENAME": "2015-BASE_PROCUREMENT-2015-AIRFORCE_AIRCRAFT_VOL2-PROCUREMENT_MasterJustificationBook_Air_Force_PB_2015.zzz_unzipped-PROCUREMENT_MasterJustificationBook_Air_Force_PB_2015.xml",
        "@RECORDID": "16648ff2f063095212525067f95f94d1ab1e5d0f22d30259c24225f3f227ab5f",
        "@ROWID": "0-8870817e7dc6782de9547fcd6bbdf50e732370cb229bc3585b2bbd188489a222",
        "@PARENTROWID": "2-60c9b6d79c20b467e52143337c40ec7f3841c8411224d85b9e1f80b44d5e51e9",
        "@PARENT": "root.record.ItemExhibitList.P5Item.CostElementCategoryList.Vehicles.Recurring.CostElementList.CostElement.ManufacturerList.Manufacturer.HistoryPlanningList.HistoryPlanning"
    },
    {
        "Month_val": "2017-04",
        "Amount_val": "1",
        "@SOURCE_FILENAME": "2015-BASE_PROCUREMENT-2015-AIRFORCE_AIRCRAFT_VOL2-PROCUREMENT_MasterJustificationBook_Air_Force_PB_2015.zzz_unzipped-PROCUREMENT_MasterJustificationBook_Air_Force_PB_2015.xml",
        "@RECORDID": "16648ff2f063095212525067f95f94d1ab1e5d0f22d30259c24225f3f227ab5f",
        "@ROWID": "1-423cefdc5d3db116afab4f4497b3e6cac452ee5d3e90426810bd82fc1155b74c",
        "@PARENTROWID": "2-60c9b6d79c20b467e52143337c40ec7f3841c8411224d85b9e1f80b44d5e51e9",
        "@PARENT": "root.record.ItemExhibitList.P5Item.CostElementCategoryList.Vehicles.Recurring.CostElementList.CostElement.ManufacturerList.Manufacturer.HistoryPlanningList.HistoryPlanning"
    },
    {
        "Month_val": "2017-06",
        "Amount_val": "1",
        "@SOURCE_FILENAME": "2015-BASE_PROCUREMENT-2015-AIRFORCE_AIRCRAFT_VOL2-PROCUREMENT_MasterJustificationBook_Air_Force_PB_2015.zzz_unzipped-PROCUREMENT_MasterJustificationBook_Air_Force_PB_2015.xml",
        "@RECORDID": "16648ff2f063095212525067f95f94d1ab1e5d0f22d30259c24225f3f227ab5f",
        "@ROWID": "2-a84b2aa3463baf6407764d55ce2ef6bbb8edf9dd6d88b03a29a46739a1ea1e42",
        "@PARENTROWID": "2-60c9b6d79c20b467e52143337c40ec7f3841c8411224d85b9e1f80b44d5e51e9",
        "@PARENT": "root.record.ItemExhibitList.P5Item.CostElementCategoryList.Vehicles.Recurring.CostElementList.CostElement.ManufacturerList.Manufacturer.HistoryPlanningList.HistoryPlanning"
    },
    {
        "Month_val": "2013-02",
        "Amount_val": "1",
        "@SOURCE_FILENAME": "2015-BASE_PROCUREMENT-2015-AIRFORCE_AIRCRAFT_VOL2-PROCUREMENT_MasterJustificationBook_Air_Force_PB_2015.zzz_unzipped-PROCUREMENT_MasterJustificationBook_Air_Force_PB_2015.xml",
        "@RECORDID": "16648ff2f063095212525067f95f94d1ab1e5d0f22d30259c24225f3f227ab5f",
        "@ROWID": "0-6784a3dd387a35085c3a30cc91d81922cf575b3a6e5ae031b589c984a5270915",
        "@PARENTROWID": "0-a7d03f2f073025f72b472e9552cb7bf15a9a3cf06544f4a19f7317e9f19a7ad8",
        "@PARENT": "root.record.ItemExhibitList.P5Item.CostElementCategoryList.Vehicles.Recurring.CostElementList.CostElement.ManufacturerList.Manufacturer.HistoryPlanningList.HistoryPlanning"
    },
    {
        "Month_val": "2013-08",
        "Amount_val": "1",
        "@SOURCE_FILENAME": "2015-BASE_PROCUREMENT-2015-AIRFORCE_AIRCRAFT_VOL2-PROCUREMENT_MasterJustificationBook_Air_Force_PB_2015.zzz_unzipped-PROCUREMENT_MasterJustificationBook_Air_Force_PB_2015.xml",
        "@RECORDID": "16648ff2f063095212525067f95f94d1ab1e5d0f22d30259c24225f3f227ab5f",
        "@ROWID": "1-4c139df4bc08e8e84d28f1af390ab2d3a4f5d81804159f9bc778de663fa1660b",
        "@PARENTROWID": "0-a7d03f2f073025f72b472e9552cb7bf15a9a3cf06544f4a19f7317e9f19a7ad8",
        "@PARENT": "root.record.ItemExhibitList.P5Item.CostElementCategoryList.Vehicles.Recurring.CostElementList.CostElement.ManufacturerList.Manufacturer.HistoryPlanningList.HistoryPlanning"
    },
    {
        "Month_val": "2014-04",
        "Amount_val": "1",
        "@SOURCE_FILENAME": "2015-BASE_PROCUREMENT-2015-AIRFORCE_AIRCRAFT_VOL2-PROCUREMENT_MasterJustificationBook_Air_Force_PB_2015.zzz_unzipped-PROCUREMENT_MasterJustificationBook_Air_Force_PB_2015.xml",
        "@RECORDID": "16648ff2f063095212525067f95f94d1ab1e5d0f22d30259c24225f3f227ab5f",
        "@ROWID": "0-0ae645c8312096be513522330be0d544c19573e09a8c4c95c8b2dcd129b0279d",
        "@PARENTROWID": "1-8710143a63c81de785c3dd4a1699f537db8ed356a22c97dd3fcb5d5a68344828",
        "@PARENT": "root.record.ItemExhibitList.P5Item.CostElementCategoryList.Vehicles.Recurring.CostElementList.CostElement.ManufacturerList.Manufacturer.HistoryPlanningList.HistoryPlanning"
    },
    {
        "Month_val": "2014-08",
        "Amount_val": "1",
        "@SOURCE_FILENAME": "2015-BASE_PROCUREMENT-2015-AIRFORCE_AIRCRAFT_VOL2-PROCUREMENT_MasterJustificationBook_Air_Force_PB_2015.zzz_unzipped-PROCUREMENT_MasterJustificationBook_Air_Force_PB_2015.xml",
        "@RECORDID": "16648ff2f063095212525067f95f94d1ab1e5d0f22d30259c24225f3f227ab5f",
        "@ROWID": "1-155638e04c98b11083bb16a8f6cd6e8396bec6ba67f4a6c2ab42d2283008237a",
        "@PARENTROWID": "1-8710143a63c81de785c3dd4a1699f537db8ed356a22c97dd3fcb5d5a68344828",
        "@PARENT": "root.record.ItemExhibitList.P5Item.CostElementCategoryList.Vehicles.Recurring.CostElementList.CostElement.ManufacturerList.Manufacturer.HistoryPlanningList.HistoryPlanning"
    },
    {
        "Month_val": "2017-04",
        "Amount_val": "1",
        "@SOURCE_FILENAME": "2016-BASE_PROCUREMENT-2016-AIRFORCE_AIRCRAFT_VOL1-PROCUREMENT_JustificationBook_Air_Force_PB_2016.zzz_unzipped-PROCUREMENT_JustificationBook_Air_Force_PB_2016.xml",
        "@RECORDID": "6feb0208aa26d6550229bdf370d3886d34e07818e615e22e029c46fb827c9409",
        "@ROWID": "0-de29cbcf5e02b5a96862010c96cd7f4f47da4203102985068750620a5243ac18",
        "@PARENTROWID": "0-fb7cfc652c5b3c16846ba860b8959d1e691394b92edc0a2cba6b68d431ccabc4",
        "@PARENT": "root.record.ItemExhibitList.P5Item.CostElementCategoryList.Vehicles.Recurring.CostElementList.CostElement.ManufacturerList.Manufacturer.HistoryPlanningList.HistoryPlanning"
    },
    {
        "Month_val": "2018-04",
        "Amount_val": "1",
        "@SOURCE_FILENAME": "2016-BASE_PROCUREMENT-2016-AIRFORCE_AIRCRAFT_VOL1-PROCUREMENT_JustificationBook_Air_Force_PB_2016.zzz_unzipped-PROCUREMENT_JustificationBook_Air_Force_PB_2016.xml",
        "@RECORDID": "6feb0208aa26d6550229bdf370d3886d34e07818e615e22e029c46fb827c9409",
        "@ROWID": "0-2ad33c0505c4574404f57cae76a8697a1d2f3f8ebfb7e76a80bcb9532a17d9a1",
        "@PARENTROWID": "1-49fa7addb239b1c3d538bfbf23260d35866fd1bba16a5267ee9d5db46208040c",
        "@PARENT": "root.record.ItemExhibitList.P5Item.CostElementCategoryList.Vehicles.Recurring.CostElementList.CostElement.ManufacturerList.Manufacturer.HistoryPlanningList.HistoryPlanning"
    },
    {
        "Month_val": "2017-01",
        "Amount_val": "1",
        "@SOURCE_FILENAME": "2016-BASE_PROCUREMENT-2016-AIRFORCE_AIRCRAFT_VOL1-PROCUREMENT_JustificationBook_Air_Force_PB_2016.zzz_unzipped-PROCUREMENT_JustificationBook_Air_Force_PB_2016.xml",
        "@RECORDID": "6feb0208aa26d6550229bdf370d3886d34e07818e615e22e029c46fb827c9409",
        "@ROWID": "0-a757e8d22623daa2cdf3c2ff4dc3b4fcd88ce5ef56c10243cf7383cc6ec3d440",
        "@PARENTROWID": "0-99ef66aac4c24dc827db4a6cd6e64bf4a52b3302156b5ed16cd60526a350f0ff",
        "@PARENT": "root.record.ItemExhibitList.P5Item.CostElementCategoryList.Vehicles.Recurring.CostElementList.CostElement.ManufacturerList.Manufacturer.HistoryPlanningList.HistoryPlanning"
    },
    {
        "Month_val": "2017-04",
        "Amount_val": "1",
        "@SOURCE_FILENAME": "2016-BASE_PROCUREMENT-2016-AIRFORCE_AIRCRAFT_VOL1-PROCUREMENT_JustificationBook_Air_Force_PB_2016.zzz_unzipped-PROCUREMENT_JustificationBook_Air_Force_PB_2016.xml",
        "@RECORDID": "6feb0208aa26d6550229bdf370d3886d34e07818e615e22e029c46fb827c9409",
        "@ROWID": "1-87ed26341ef6c5d2765e4e0d8578ee667c32d868e68ac9eb35459b1a4db2a041",
        "@PARENTROWID": "0-99ef66aac4c24dc827db4a6cd6e64bf4a52b3302156b5ed16cd60526a350f0ff",
        "@PARENT": "root.record.ItemExhibitList.P5Item.CostElementCategoryList.Vehicles.Recurring.CostElementList.CostElement.ManufacturerList.Manufacturer.HistoryPlanningList.HistoryPlanning"
    },
    {
        "Month_val": "2017-06",
        "Amount_val": "1",
        "@SOURCE_FILENAME": "2016-BASE_PROCUREMENT-2016-AIRFORCE_AIRCRAFT_VOL1-PROCUREMENT_JustificationBook_Air_Force_PB_2016.zzz_unzipped-PROCUREMENT_JustificationBook_Air_Force_PB_2016.xml",
        "@RECORDID": "6feb0208aa26d6550229bdf370d3886d34e07818e615e22e029c46fb827c9409",
        "@ROWID": "2-f50b8cae4764727b0d1735d448ed5e2526f58d63d93a6f818ceed86de696396b",
        "@PARENTROWID": "0-99ef66aac4c24dc827db4a6cd6e64bf4a52b3302156b5ed16cd60526a350f0ff",
        "@PARENT": "root.record.ItemExhibitList.P5Item.CostElementCategoryList.Vehicles.Recurring.CostElementList.CostElement.ManufacturerList.Manufacturer.HistoryPlanningList.HistoryPlanning"
    },
    {
        "Month_val": "2017-04",
        "Amount_val": "1",
        "@SOURCE_FILENAME": "2016-BASE_PROCUREMENT-2016-AIRFORCE_AIRCRAFT_VOL2-PROCUREMENT_MasterJustificationBook_Air_Force_PB_2016.zzz_unzipped-PROCUREMENT_MasterJustificationBook_Air_Force_PB_2016.xml",
        "@RECORDID": "0bd719ef621e4942ddcec6c35d76388658f5b2fe25e160e294e9186a3aa77111",
        "@ROWID": "0-c551253c81dbf208b1e6271b003fca6db6ce063d85ad2593b296a2814da56222",
        "@PARENTROWID": "0-b8da522c3cbc8f0c62b4621bea9196087b89ff6b351d2dff824deaaea8e8b0d9",
        "@PARENT": "root.record.ItemExhibitList.P5Item.CostElementCategoryList.Vehicles.Recurring.CostElementList.CostElement.ManufacturerList.Manufacturer.HistoryPlanningList.HistoryPlanning"
    },
    {
        "Month_val": "2018-04",
        "Amount_val": "1",
        "@SOURCE_FILENAME": "2016-BASE_PROCUREMENT-2016-AIRFORCE_AIRCRAFT_VOL2-PROCUREMENT_MasterJustificationBook_Air_Force_PB_2016.zzz_unzipped-PROCUREMENT_MasterJustificationBook_Air_Force_PB_2016.xml",
        "@RECORDID": "0bd719ef621e4942ddcec6c35d76388658f5b2fe25e160e294e9186a3aa77111",
        "@ROWID": "0-aa78ffc5f09ac52ea3d28e629709b09f0f0e8f7b59c31ad751a9a4186de52835",
        "@PARENTROWID": "1-0df7d74e3cd5526fc5d615cc95691e00e6c92c146cc25babe18f7aeb63ad339e",
        "@PARENT": "root.record.ItemExhibitList.P5Item.CostElementCategoryList.Vehicles.Recurring.CostElementList.CostElement.ManufacturerList.Manufacturer.HistoryPlanningList.HistoryPlanning"
    },
    {
        "Month_val": "2017-01",
        "Amount_val": "1",
        "@SOURCE_FILENAME": "2016-BASE_PROCUREMENT-2016-AIRFORCE_AIRCRAFT_VOL2-PROCUREMENT_MasterJustificationBook_Air_Force_PB_2016.zzz_unzipped-PROCUREMENT_MasterJustificationBook_Air_Force_PB_2016.xml",
        "@RECORDID": "0bd719ef621e4942ddcec6c35d76388658f5b2fe25e160e294e9186a3aa77111",
        "@ROWID": "0-86702d71b6f48648fafc597325db8bc010cd87d6ca8d5ed32c9f1682bfaae7d5",
        "@PARENTROWID": "0-d601fed877bb09f9cea7795c854b692eeb83d1689ac7fda550ff8e92a8305c68",
        "@PARENT": "root.record.ItemExhibitList.P5Item.CostElementCategoryList.Vehicles.Recurring.CostElementList.CostElement.ManufacturerList.Manufacturer.HistoryPlanningList.HistoryPlanning"
    },
    {
        "Month_val": "2017-04",
        "Amount_val": "1",
        "@SOURCE_FILENAME": "2016-BASE_PROCUREMENT-2016-AIRFORCE_AIRCRAFT_VOL2-PROCUREMENT_MasterJustificationBook_Air_Force_PB_2016.zzz_unzipped-PROCUREMENT_MasterJustificationBook_Air_Force_PB_2016.xml",
        "@RECORDID": "0bd719ef621e4942ddcec6c35d76388658f5b2fe25e160e294e9186a3aa77111",
        "@ROWID": "1-7859f3c18b41da7c88306fc2c1493555351d9c019233b3334bd93b8db2a6aa5f",
        "@PARENTROWID": "0-d601fed877bb09f9cea7795c854b692eeb83d1689ac7fda550ff8e92a8305c68",
        "@PARENT": "root.record.ItemExhibitList.P5Item.CostElementCategoryList.Vehicles.Recurring.CostElementList.CostElement.ManufacturerList.Manufacturer.HistoryPlanningList.HistoryPlanning"
    },
    {
        "Month_val": "2017-06",
        "Amount_val": "1",
        "@SOURCE_FILENAME": "2016-BASE_PROCUREMENT-2016-AIRFORCE_AIRCRAFT_VOL2-PROCUREMENT_MasterJustificationBook_Air_Force_PB_2016.zzz_unzipped-PROCUREMENT_MasterJustificationBook_Air_Force_PB_2016.xml",
        "@RECORDID": "0bd719ef621e4942ddcec6c35d76388658f5b2fe25e160e294e9186a3aa77111",
        "@ROWID": "2-6a1dd7da305427e88d1eb3bae8e3aea61454492ae6edb4e4831c17d7344da8fe",
        "@PARENTROWID": "0-d601fed877bb09f9cea7795c854b692eeb83d1689ac7fda550ff8e92a8305c68",
        "@PARENT": "root.record.ItemExhibitList.P5Item.CostElementCategoryList.Vehicles.Recurring.CostElementList.CostElement.ManufacturerList.Manufacturer.HistoryPlanningList.HistoryPlanning"
    },
    {
        "Month_val": "2017-04",
        "Amount_val": "1",
        "@SOURCE_FILENAME": "2017-BASE_PROCUREMENT-2017-AIRFORCE_AIRCRAFT_VOL1-U_PROCUREMENT_JustificationBook_Air_Force_PB_2017.zzz_unzipped-U_PROCUREMENT_JustificationBook_Air_Force_PB_2017.xml",
        "@RECORDID": "81dc98969cc058d3b6f1ff5aa54a0e25b6c25eea9f72e3b6dfd8300acd9e0625",
        "@ROWID": "0-23af3d30cd183311243dd7bb277420ad955908c2fc23498ef095b405b9a220a4",
        "@PARENTROWID": "0-1bbc74a37640ce6a87b7e8d8f0322f5a5d833481253d6039b87a35b03105fb9d",
        "@PARENT": "root.record.ItemExhibitList.P5Item.CostElementCategoryList.Vehicles.Recurring.CostElementList.CostElement.ManufacturerList.Manufacturer.HistoryPlanningList.HistoryPlanning"
    },
    {
        "Month_val": "2017-01",
        "Amount_val": "1",
        "@SOURCE_FILENAME": "2017-BASE_PROCUREMENT-2017-AIRFORCE_AIRCRAFT_VOL1-U_PROCUREMENT_JustificationBook_Air_Force_PB_2017.zzz_unzipped-U_PROCUREMENT_JustificationBook_Air_Force_PB_2017.xml",
        "@RECORDID": "81dc98969cc058d3b6f1ff5aa54a0e25b6c25eea9f72e3b6dfd8300acd9e0625",
        "@ROWID": "0-29015fdbee622a8352ccef50822e5620d8b5eb75b99212da060230ee43f3ecc0",
        "@PARENTROWID": "0-bbc70fb598fef1e076381c10c6d12fda4bbc3e44873c40963b1d6c07c16ed371",
        "@PARENT": "root.record.ItemExhibitList.P5Item.CostElementCategoryList.Vehicles.Recurring.CostElementList.CostElement.ManufacturerList.Manufacturer.HistoryPlanningList.HistoryPlanning"
    },
    {
        "Month_val": "2017-04",
        "Amount_val": "1",
        "@SOURCE_FILENAME": "2017-BASE_PROCUREMENT-2017-AIRFORCE_AIRCRAFT_VOL1-U_PROCUREMENT_JustificationBook_Air_Force_PB_2017.zzz_unzipped-U_PROCUREMENT_JustificationBook_Air_Force_PB_2017.xml",
        "@RECORDID": "81dc98969cc058d3b6f1ff5aa54a0e25b6c25eea9f72e3b6dfd8300acd9e0625",
        "@ROWID": "1-ec659ffef2c353893b50c63bb1625ac7b657585b91742c48b2c672448bd9e120",
        "@PARENTROWID": "0-bbc70fb598fef1e076381c10c6d12fda4bbc3e44873c40963b1d6c07c16ed371",
        "@PARENT": "root.record.ItemExhibitList.P5Item.CostElementCategoryList.Vehicles.Recurring.CostElementList.CostElement.ManufacturerList.Manufacturer.HistoryPlanningList.HistoryPlanning"
    },
    {
        "Month_val": "2017-06",
        "Amount_val": "1",
        "@SOURCE_FILENAME": "2017-BASE_PROCUREMENT-2017-AIRFORCE_AIRCRAFT_VOL1-U_PROCUREMENT_JustificationBook_Air_Force_PB_2017.zzz_unzipped-U_PROCUREMENT_JustificationBook_Air_Force_PB_2017.xml",
        "@RECORDID": "81dc98969cc058d3b6f1ff5aa54a0e25b6c25eea9f72e3b6dfd8300acd9e0625",
        "@ROWID": "2-e87ee52d1459a0080086dc37d3bcf380233d27e0ec37bbbddc7d18e685e3cb8c",
        "@PARENTROWID": "0-bbc70fb598fef1e076381c10c6d12fda4bbc3e44873c40963b1d6c07c16ed371",
        "@PARENT": "root.record.ItemExhibitList.P5Item.CostElementCategoryList.Vehicles.Recurring.CostElementList.CostElement.ManufacturerList.Manufacturer.HistoryPlanningList.HistoryPlanning"
    },
    {
        "Month_val": "2017-04",
        "Amount_val": "1",
        "@SOURCE_FILENAME": "2017-BASE_PROCUREMENT-2017-AIRFORCE_AIRCRAFT_VOL1-U_PROCUREMENT_MasterJustificationBook_Air_Force_PB_2017.zzz_unzipped-U_PROCUREMENT_MasterJustificationBook_Air_Force_PB_2017.xml",
        "@RECORDID": "669eef17e400acbfbeb5c5d1ae58cdd3f6dc4a1cc89036c8af26096e7fe8e9ba",
        "@ROWID": "0-0ba53804606ef535e6be5ba02cc398e906edb7f1ff99afbebc144bd5270149bf",
        "@PARENTROWID": "0-f371b9e1ad658cb0b19447aab0c746a9377a8efcc028892d63cc16aab189425c",
        "@PARENT": "root.record.ItemExhibitList.P5Item.CostElementCategoryList.Vehicles.Recurring.CostElementList.CostElement.ManufacturerList.Manufacturer.HistoryPlanningList.HistoryPlanning"
    },
    {
        "Month_val": "2017-01",
        "Amount_val": "1",
        "@SOURCE_FILENAME": "2017-BASE_PROCUREMENT-2017-AIRFORCE_AIRCRAFT_VOL1-U_PROCUREMENT_MasterJustificationBook_Air_Force_PB_2017.zzz_unzipped-U_PROCUREMENT_MasterJustificationBook_Air_Force_PB_2017.xml",
        "@RECORDID": "669eef17e400acbfbeb5c5d1ae58cdd3f6dc4a1cc89036c8af26096e7fe8e9ba",
        "@ROWID": "0-2b2c557f0442a82f08c1766ee8ed46c7b08901000330bfebd3a0edee671528e1",
        "@PARENTROWID": "0-24e4a5ae22e1d274f5c41f6dc0f87def56a1584bd042379c146512ad0cf1a2a7",
        "@PARENT": "root.record.ItemExhibitList.P5Item.CostElementCategoryList.Vehicles.Recurring.CostElementList.CostElement.ManufacturerList.Manufacturer.HistoryPlanningList.HistoryPlanning"
    },
    {
        "Month_val": "2017-04",
        "Amount_val": "1",
        "@SOURCE_FILENAME": "2017-BASE_PROCUREMENT-2017-AIRFORCE_AIRCRAFT_VOL1-U_PROCUREMENT_MasterJustificationBook_Air_Force_PB_2017.zzz_unzipped-U_PROCUREMENT_MasterJustificationBook_Air_Force_PB_2017.xml",
        "@RECORDID": "669eef17e400acbfbeb5c5d1ae58cdd3f6dc4a1cc89036c8af26096e7fe8e9ba",
        "@ROWID": "1-2749a0486fc812b7ccbd04d0c44d79f11209ef1613f287f2330de1f0465192c1",
        "@PARENTROWID": "0-24e4a5ae22e1d274f5c41f6dc0f87def56a1584bd042379c146512ad0cf1a2a7",
        "@PARENT": "root.record.ItemExhibitList.P5Item.CostElementCategoryList.Vehicles.Recurring.CostElementList.CostElement.ManufacturerList.Manufacturer.HistoryPlanningList.HistoryPlanning"
    },
    {
        "Month_val": "2017-06",
        "Amount_val": "1",
        "@SOURCE_FILENAME": "2017-BASE_PROCUREMENT-2017-AIRFORCE_AIRCRAFT_VOL1-U_PROCUREMENT_MasterJustificationBook_Air_Force_PB_2017.zzz_unzipped-U_PROCUREMENT_MasterJustificationBook_Air_Force_PB_2017.xml",
        "@RECORDID": "669eef17e400acbfbeb5c5d1ae58cdd3f6dc4a1cc89036c8af26096e7fe8e9ba",
        "@ROWID": "2-2237d3870874eaa0b64207867df8c1297a772cbb6687687e97477d67fcd74f30",
        "@PARENTROWID": "0-24e4a5ae22e1d274f5c41f6dc0f87def56a1584bd042379c146512ad0cf1a2a7",
        "@PARENT": "root.record.ItemExhibitList.P5Item.CostElementCategoryList.Vehicles.Recurring.CostElementList.CostElement.ManufacturerList.Manufacturer.HistoryPlanningList.HistoryPlanning"
    },
    {
        "Month_val": "2017-04",
        "Amount_val": "1",
        "@SOURCE_FILENAME": "2017-BASE_PROCUREMENT-2017-AIRFORCE_AIRCRAFT_VOL2-U_PROCUREMENT_MasterJustificationBook_Air_Force_PB_2017.zzz_unzipped-U_PROCUREMENT_MasterJustificationBook_Air_Force_PB_2017.xml",
        "@RECORDID": "9605ed7828ffd68e4eba9c314ca91e834dff51a5ab9e44c5de1713497796ec59",
        "@ROWID": "0-88206f0edb65b982aa6178ae7807d0b512aa1b47f476d70108fa3f6c8b2bcd46",
        "@PARENTROWID": "0-ff2d4b74cb66736d9f9ea6e439a820d6c88141bccf342912c7e8287822a47d9f",
        "@PARENT": "root.record.ItemExhibitList.P5Item.CostElementCategoryList.Vehicles.Recurring.CostElementList.CostElement.ManufacturerList.Manufacturer.HistoryPlanningList.HistoryPlanning"
    },
    {
        "Month_val": "2017-01",
        "Amount_val": "1",
        "@SOURCE_FILENAME": "2017-BASE_PROCUREMENT-2017-AIRFORCE_AIRCRAFT_VOL2-U_PROCUREMENT_MasterJustificationBook_Air_Force_PB_2017.zzz_unzipped-U_PROCUREMENT_MasterJustificationBook_Air_Force_PB_2017.xml",
        "@RECORDID": "9605ed7828ffd68e4eba9c314ca91e834dff51a5ab9e44c5de1713497796ec59",
        "@ROWID": "0-0c578555c7b128aeeb4f0a2bd0edcc08f53661c50e7c711a0d49059e1ca45ab6",
        "@PARENTROWID": "0-e8242dfbe2f0c3e1b2ed1ebbb1d59bfd130de622d57593a7105fcc96d173c8f1",
        "@PARENT": "root.record.ItemExhibitList.P5Item.CostElementCategoryList.Vehicles.Recurring.CostElementList.CostElement.ManufacturerList.Manufacturer.HistoryPlanningList.HistoryPlanning"
    },
    {
        "Month_val": "2017-04",
        "Amount_val": "1",
        "@SOURCE_FILENAME": "2017-BASE_PROCUREMENT-2017-AIRFORCE_AIRCRAFT_VOL2-U_PROCUREMENT_MasterJustificationBook_Air_Force_PB_2017.zzz_unzipped-U_PROCUREMENT_MasterJustificationBook_Air_Force_PB_2017.xml",
        "@RECORDID": "9605ed7828ffd68e4eba9c314ca91e834dff51a5ab9e44c5de1713497796ec59",
        "@ROWID": "1-b9c94e5ffba727385040c94759d3107dd36f16e1b159faeaaebed28a1e190c9f",
        "@PARENTROWID": "0-e8242dfbe2f0c3e1b2ed1ebbb1d59bfd130de622d57593a7105fcc96d173c8f1",
        "@PARENT": "root.record.ItemExhibitList.P5Item.CostElementCategoryList.Vehicles.Recurring.CostElementList.CostElement.ManufacturerList.Manufacturer.HistoryPlanningList.HistoryPlanning"
    },
    {
        "Month_val": "2017-06",
        "Amount_val": "1",
        "@SOURCE_FILENAME": "2017-BASE_PROCUREMENT-2017-AIRFORCE_AIRCRAFT_VOL2-U_PROCUREMENT_MasterJustificationBook_Air_Force_PB_2017.zzz_unzipped-U_PROCUREMENT_MasterJustificationBook_Air_Force_PB_2017.xml",
        "@RECORDID": "9605ed7828ffd68e4eba9c314ca91e834dff51a5ab9e44c5de1713497796ec59",
        "@ROWID": "2-90adffbc55d05661c11ba69498f1ac3918e37abc114440660163758708528f93",
        "@PARENTROWID": "0-e8242dfbe2f0c3e1b2ed1ebbb1d59bfd130de622d57593a7105fcc96d173c8f1",
        "@PARENT": "root.record.ItemExhibitList.P5Item.CostElementCategoryList.Vehicles.Recurring.CostElementList.CostElement.ManufacturerList.Manufacturer.HistoryPlanningList.HistoryPlanning"
    },
    {
        "Month_val": "2022-12",
        "Amount_val": "1",
        "@SOURCE_FILENAME": "2019-BASE_PROCUREMENT-2019-AIRFORCE_AIRCRAFT_VOL1-U_PROCUREMENT_JustificationBook_Air_Force_PB_2019.zzz_unzipped-U_PROCUREMENT_JustificationBook_Air_Force_PB_2019.xml",
        "@RECORDID": "a591dcdfcf7a402c2264871052dd9286c3cb51812bc0b67f14b07c1cd8109fd7",
        "@ROWID": "0-ea548c334e84d2200e6dc1e45603baa7810c16380068cc5d8119682c86e6c256",
        "@PARENTROWID": "0-834f0ebdb0d1fa7ba2f763d0d06cd27079e6e21e5d704d20c77645e6e274d240",
        "@PARENT": "root.record.ItemExhibitList.P5Item.CostElementCategoryList.Vehicles.Recurring.CostElementList.CostElement.ManufacturerList.Manufacturer.HistoryPlanningList.HistoryPlanning"
    },
    {
        "Month_val": "2023-02",
        "Amount_val": "1",
        "@SOURCE_FILENAME": "2019-BASE_PROCUREMENT-2019-AIRFORCE_AIRCRAFT_VOL1-U_PROCUREMENT_JustificationBook_Air_Force_PB_2019.zzz_unzipped-U_PROCUREMENT_JustificationBook_Air_Force_PB_2019.xml",
        "@RECORDID": "a591dcdfcf7a402c2264871052dd9286c3cb51812bc0b67f14b07c1cd8109fd7",
        "@ROWID": "0-c9629c7d6842291fecacea56f063078d8d3035880808b1323119294cb8c4d598",
        "@PARENTROWID": "1-c2d1ab428fee8c2ba08269faba78eea216f6ee92fd7c987063c6260b145ef5c7",
        "@PARENT": "root.record.ItemExhibitList.P5Item.CostElementCategoryList.Vehicles.Recurring.CostElementList.CostElement.ManufacturerList.Manufacturer.HistoryPlanningList.HistoryPlanning"
    },
    {
        "Month_val": "2017-11",
        "Amount_val": "1",
        "@SOURCE_FILENAME": "2019-BASE_PROCUREMENT-2019-AIRFORCE_AIRCRAFT_VOL1-U_PROCUREMENT_JustificationBook_Air_Force_PB_2019.zzz_unzipped-U_PROCUREMENT_JustificationBook_Air_Force_PB_2019.xml",
        "@RECORDID": "a7bee76edab57bb6622e96039d6c914aab1dbb0736a4caefd4111b976889fd0e",
        "@ROWID": "0-33204d052e927a9df0374c4745cefbee1bb0f42c0648f03a0261e8aa09301ebc",
        "@PARENTROWID": "0-8795c8a565e330bbfa56177968616639092a8efcc8f5becb66249344a03864ad",
        "@PARENT": "root.record.ItemExhibitList.P5Item.CostElementCategoryList.Vehicles.Recurring.CostElementList.CostElement.ManufacturerList.Manufacturer.HistoryPlanningList.HistoryPlanning"
    },
    {
        "Month_val": "2018-07",
        "Amount_val": "1",
        "@SOURCE_FILENAME": "2019-BASE_PROCUREMENT-2019-AIRFORCE_AIRCRAFT_VOL1-U_PROCUREMENT_JustificationBook_Air_Force_PB_2019.zzz_unzipped-U_PROCUREMENT_JustificationBook_Air_Force_PB_2019.xml",
        "@RECORDID": "a7bee76edab57bb6622e96039d6c914aab1dbb0736a4caefd4111b976889fd0e",
        "@ROWID": "1-02d507e12be3450db278cd84195966b72d7884244965507cb627db24804d16c0",
        "@PARENTROWID": "0-8795c8a565e330bbfa56177968616639092a8efcc8f5becb66249344a03864ad",
        "@PARENT": "root.record.ItemExhibitList.P5Item.CostElementCategoryList.Vehicles.Recurring.CostElementList.CostElement.ManufacturerList.Manufacturer.HistoryPlanningList.HistoryPlanning"
    },
    {
        "Month_val": "2018-08",
        "Amount_val": "1",
        "@SOURCE_FILENAME": "2019-BASE_PROCUREMENT-2019-AIRFORCE_AIRCRAFT_VOL1-U_PROCUREMENT_JustificationBook_Air_Force_PB_2019.zzz_unzipped-U_PROCUREMENT_JustificationBook_Air_Force_PB_2019.xml",
        "@RECORDID": "a7bee76edab57bb6622e96039d6c914aab1dbb0736a4caefd4111b976889fd0e",
        "@ROWID": "2-7314f02bbd28e221e9a0c16ab54f24c65b02311268b733d413bee7888e0aeebb",
        "@PARENTROWID": "0-8795c8a565e330bbfa56177968616639092a8efcc8f5becb66249344a03864ad",
        "@PARENT": "root.record.ItemExhibitList.P5Item.CostElementCategoryList.Vehicles.Recurring.CostElementList.CostElement.ManufacturerList.Manufacturer.HistoryPlanningList.HistoryPlanning"
    },
    {
        "Month_val": "2022-12",
        "Amount_val": "1",
        "@SOURCE_FILENAME": "2019-BASE_PROCUREMENT-2019-AIRFORCE_AIRCRAFT_VOL2-U_PROCUREMENT_MasterJustificationBook_Air_Force_PB_2019.zzz_unzipped-U_PROCUREMENT_MasterJustificationBook_Air_Force_PB_2019.xml",
        "@RECORDID": "05f36df23affdc21dfc3cefcdfa407fdb3e501809d6c1d183092bc441677ebd0",
        "@ROWID": "0-2c260eacf1bfc12f52a23aa94a3a4136326e8638710e05107f9f2f28f1067236",
        "@PARENTROWID": "0-b2d859fa444ee7800e8118c7bbbe324361aa8f0896bf1b7088baf131e923499b",
        "@PARENT": "root.record.ItemExhibitList.P5Item.CostElementCategoryList.Vehicles.Recurring.CostElementList.CostElement.ManufacturerList.Manufacturer.HistoryPlanningList.HistoryPlanning"
    },
    {
        "Month_val": "2023-02",
        "Amount_val": "1",
        "@SOURCE_FILENAME": "2019-BASE_PROCUREMENT-2019-AIRFORCE_AIRCRAFT_VOL2-U_PROCUREMENT_MasterJustificationBook_Air_Force_PB_2019.zzz_unzipped-U_PROCUREMENT_MasterJustificationBook_Air_Force_PB_2019.xml",
        "@RECORDID": "05f36df23affdc21dfc3cefcdfa407fdb3e501809d6c1d183092bc441677ebd0",
        "@ROWID": "0-80181ec1066fe7c9cc18a4a9859848b2bfa78d1623b974ee530d72d152f3c3a3",
        "@PARENTROWID": "1-401ab50201fcd2a165d0c7c9dc28256b46a32ac3915b6fe765b942714e45b627",
        "@PARENT": "root.record.ItemExhibitList.P5Item.CostElementCategoryList.Vehicles.Recurring.CostElementList.CostElement.ManufacturerList.Manufacturer.HistoryPlanningList.HistoryPlanning"
    },
    {
        "Month_val": "2017-11",
        "Amount_val": "1",
        "@SOURCE_FILENAME": "2019-BASE_PROCUREMENT-2019-AIRFORCE_AIRCRAFT_VOL2-U_PROCUREMENT_MasterJustificationBook_Air_Force_PB_2019.zzz_unzipped-U_PROCUREMENT_MasterJustificationBook_Air_Force_PB_2019.xml",
        "@RECORDID": "abc4db74ab1f4ce6330e7152230a4802f710f076f9c17d8863ed18455613b877",
        "@ROWID": "0-067218f5895078ff4804961d8406265201ef925f8292576aeddf8e1e4b71b483",
        "@PARENTROWID": "0-7a6c8e4183efa8ca7913b70a622764263dafcd38664975201c68b493544881c7",
        "@PARENT": "root.record.ItemExhibitList.P5Item.CostElementCategoryList.Vehicles.Recurring.CostElementList.CostElement.ManufacturerList.Manufacturer.HistoryPlanningList.HistoryPlanning"
    },
    {
        "Month_val": "2018-07",
        "Amount_val": "1",
        "@SOURCE_FILENAME": "2019-BASE_PROCUREMENT-2019-AIRFORCE_AIRCRAFT_VOL2-U_PROCUREMENT_MasterJustificationBook_Air_Force_PB_2019.zzz_unzipped-U_PROCUREMENT_MasterJustificationBook_Air_Force_PB_2019.xml",
        "@RECORDID": "abc4db74ab1f4ce6330e7152230a4802f710f076f9c17d8863ed18455613b877",
        "@ROWID": "1-70a95f2ec716d97e3cbb640ba77023dceaa404b0390d12dffd903fda402cd21c",
        "@PARENTROWID": "0-7a6c8e4183efa8ca7913b70a622764263dafcd38664975201c68b493544881c7",
        "@PARENT": "root.record.ItemExhibitList.P5Item.CostElementCategoryList.Vehicles.Recurring.CostElementList.CostElement.ManufacturerList.Manufacturer.HistoryPlanningList.HistoryPlanning"
    },
    {
        "Month_val": "2018-08",
        "Amount_val": "1",
        "@SOURCE_FILENAME": "2019-BASE_PROCUREMENT-2019-AIRFORCE_AIRCRAFT_VOL2-U_PROCUREMENT_MasterJustificationBook_Air_Force_PB_2019.zzz_unzipped-U_PROCUREMENT_MasterJustificationBook_Air_Force_PB_2019.xml",
        "@RECORDID": "abc4db74ab1f4ce6330e7152230a4802f710f076f9c17d8863ed18455613b877",
        "@ROWID": "2-2dfc00525b18cd1c23d5e1d4bfca8f8dd08f6031c73588c30f7fff7e1c5df075",
        "@PARENTROWID": "0-7a6c8e4183efa8ca7913b70a622764263dafcd38664975201c68b493544881c7",
        "@PARENT": "root.record.ItemExhibitList.P5Item.CostElementCategoryList.Vehicles.Recurring.CostElementList.CostElement.ManufacturerList.Manufacturer.HistoryPlanningList.HistoryPlanning"
    },
    {
        "Month_val": "2023-03",
        "Amount_val": "1",
        "@SOURCE_FILENAME": "2020-BASE_PROCUREMENT-2020-AIRFORCE_AIRCRAFT_VOL1-U_PROCUREMENT_JustificationBook_Air_Force_PB_2020.zzz_unzipped-U_PROCUREMENT_JustificationBook_Air_Force_PB_2020.xml",
        "@RECORDID": "005ddeaa4ed6e661bbe977c64adc29c5146cef98ddfdfcf229a669eb9aae562d",
        "@ROWID": "0-9b29c5ac02b5748a3bad1e82fb494be6fa72e91704bdc671ffef65e4ecfafe62",
        "@PARENTROWID": "0-1e64dfb12f39c2306dc54cdf333cb9c2b13c77c62aca64762c834a9824d97e96",
        "@PARENT": "root.record.ItemExhibitList.P5Item.CostElementCategoryList.Vehicles.Recurring.CostElementList.CostElement.ManufacturerList.Manufacturer.HistoryPlanningList.HistoryPlanning"
    },
    {
        "Month_val": "2023-03",
        "Amount_val": "1",
        "@SOURCE_FILENAME": "2020-BASE_PROCUREMENT-2020-AIRFORCE_AIRCRAFT_VOL1-U_PROCUREMENT_JustificationBook_Air_Force_PB_2020.zzz_unzipped-U_PROCUREMENT_JustificationBook_Air_Force_PB_2020.xml",
        "@RECORDID": "005ddeaa4ed6e661bbe977c64adc29c5146cef98ddfdfcf229a669eb9aae562d",
        "@ROWID": "0-cfa8ad1a6e85d1dbba695d4ac8e00e8412528bfb51d8c7cfbdc2aa3b59b9cc1d",
        "@PARENTROWID": "1-2a087d23eed0693af552a868dcaee58d8af08c6e47bca39f1ea8daf935757f4e",
        "@PARENT": "root.record.ItemExhibitList.P5Item.CostElementCategoryList.Vehicles.Recurring.CostElementList.CostElement.ManufacturerList.Manufacturer.HistoryPlanningList.HistoryPlanning"
    },
    {
        "Month_val": "2023-03",
        "Amount_val": "2",
        "@SOURCE_FILENAME": "2020-BASE_PROCUREMENT-2020-AIRFORCE_AIRCRAFT_VOL1-U_PROCUREMENT_JustificationBook_Air_Force_PB_2020.zzz_unzipped-U_PROCUREMENT_JustificationBook_Air_Force_PB_2020.xml",
        "@RECORDID": "005ddeaa4ed6e661bbe977c64adc29c5146cef98ddfdfcf229a669eb9aae562d",
        "@ROWID": "0-185ea11e3b479c31e2a9a8e74e6e09766136aa0834a747cf400b973d58543e69",
        "@PARENTROWID": "2-3bd6033e8faa25a012b959e12e4f68afd875b8c46522caf520177a8c4594ed0e",
        "@PARENT": "root.record.ItemExhibitList.P5Item.CostElementCategoryList.Vehicles.Recurring.CostElementList.CostElement.ManufacturerList.Manufacturer.HistoryPlanningList.HistoryPlanning"
    },
    {
        "Month_val": "2023-03",
        "Amount_val": "1",
        "@SOURCE_FILENAME": "2020-BASE_PROCUREMENT-2020-AIRFORCE_AIRCRAFT_VOL1-U_PROCUREMENT_JustificationBook_Air_Force_PB_2020.zzz_unzipped-U_PROCUREMENT_JustificationBook_Air_Force_PB_2020.xml",
        "@RECORDID": "005ddeaa4ed6e661bbe977c64adc29c5146cef98ddfdfcf229a669eb9aae562d",
        "@ROWID": "0-f4c67e32cc53ee56945bdbc712c803624a2886084b70bc2de1981be2e47f8d3d",
        "@PARENTROWID": "3-35beac201ca612777cd99a12515e6bc46b59cf46771df10356dba9db8f9be656",
        "@PARENT": "root.record.ItemExhibitList.P5Item.CostElementCategoryList.Vehicles.Recurring.CostElementList.CostElement.ManufacturerList.Manufacturer.HistoryPlanningList.HistoryPlanning"
    },
    {
        "Month_val": "2023-03",
        "Amount_val": "1",
        "@SOURCE_FILENAME": "2020-BASE_PROCUREMENT-2020-AIRFORCE_AIRCRAFT_VOL2-U_PROCUREMENT_MasterJustificationBook_Air_Force_PB_2020.zzz_unzipped-U_PROCUREMENT_MasterJustificationBook_Air_Force_PB_2020.xml",
        "@RECORDID": "16d64327fa3f84aa8c929a4167374d7517b6cb0663b68f01ecb3d9f18a3b3e9b",
        "@ROWID": "0-710df7da5e576bcbdfdad28f72e51a38857c1a4fde94fa336e5a89468e6e2199",
        "@PARENTROWID": "0-b3e2d11f6eb7a12acf2b2127a5d8458cf0c9c0231db2243a9009189f743024cc",
        "@PARENT": "root.record.ItemExhibitList.P5Item.CostElementCategoryList.Vehicles.Recurring.CostElementList.CostElement.ManufacturerList.Manufacturer.HistoryPlanningList.HistoryPlanning"
    },
    {
        "Month_val": "2023-03",
        "Amount_val": "1",
        "@SOURCE_FILENAME": "2020-BASE_PROCUREMENT-2020-AIRFORCE_AIRCRAFT_VOL2-U_PROCUREMENT_MasterJustificationBook_Air_Force_PB_2020.zzz_unzipped-U_PROCUREMENT_MasterJustificationBook_Air_Force_PB_2020.xml",
        "@RECORDID": "16d64327fa3f84aa8c929a4167374d7517b6cb0663b68f01ecb3d9f18a3b3e9b",
        "@ROWID": "0-a12b2748b840f9366a3c856467783263d37a2901e8667d7aca58e55353763a52",
        "@PARENTROWID": "1-eecfb99a092bf4d1509631ef6a0c4327dae6a565247800bc17ab4e0692501ca7",
        "@PARENT": "root.record.ItemExhibitList.P5Item.CostElementCategoryList.Vehicles.Recurring.CostElementList.CostElement.ManufacturerList.Manufacturer.HistoryPlanningList.HistoryPlanning"
    },
    {
        "Month_val": "2023-03",
        "Amount_val": "2",
        "@SOURCE_FILENAME": "2020-BASE_PROCUREMENT-2020-AIRFORCE_AIRCRAFT_VOL2-U_PROCUREMENT_MasterJustificationBook_Air_Force_PB_2020.zzz_unzipped-U_PROCUREMENT_MasterJustificationBook_Air_Force_PB_2020.xml",
        "@RECORDID": "16d64327fa3f84aa8c929a4167374d7517b6cb0663b68f01ecb3d9f18a3b3e9b",
        "@ROWID": "0-8fd4da36e4374716940ad873ee568afcc26720079bbae1abb85643435e3ced97",
        "@PARENTROWID": "2-bc7f1442ccf40cd653eec285d66736770c66b5727dea77c353917cc4464652e0",
        "@PARENT": "root.record.ItemExhibitList.P5Item.CostElementCategoryList.Vehicles.Recurring.CostElementList.CostElement.ManufacturerList.Manufacturer.HistoryPlanningList.HistoryPlanning"
    },
    {
        "Month_val": "2023-03",
        "Amount_val": "1",
        "@SOURCE_FILENAME": "2020-BASE_PROCUREMENT-2020-AIRFORCE_AIRCRAFT_VOL2-U_PROCUREMENT_MasterJustificationBook_Air_Force_PB_2020.zzz_unzipped-U_PROCUREMENT_MasterJustificationBook_Air_Force_PB_2020.xml",
        "@RECORDID": "16d64327fa3f84aa8c929a4167374d7517b6cb0663b68f01ecb3d9f18a3b3e9b",
        "@ROWID": "0-fd7ac591c11de8d1bf76a234578ffd334d273b3c84f4e6f1adbd72343599f842",
        "@PARENTROWID": "3-7ffe836fc982c14ad93a58bcee8d88adb60d08004fe9aae25acc3a0cfff1a4b5",
        "@PARENT": "root.record.ItemExhibitList.P5Item.CostElementCategoryList.Vehicles.Recurring.CostElementList.CostElement.ManufacturerList.Manufacturer.HistoryPlanningList.HistoryPlanning"
    }
]