Month_val,Amount_val,@SOURCE_FILENAME,@RECORDID,@ROWID,@PARENTROWID,@PARENT
"2016-05","2","2016-BASE_PROCUREMENT-2016-DEFENSE_CBDP-PROCUREMENT_JustificationBook_Chemical_and_Biological_Defense_Program_PB_2016.zzz_unzipped-PROCUREMENT_JustificationBook_Chemical_and_Biological_Defense_Program_PB_2016.xml","119ac9aeb453952ba75c4d783cf739d32e350f26e8876cd89a7dfce91c96401e","0-588d619739d1a52e7ace63248266d758493b929daa3fe9bc60157713428a5634","0-bac3787fdee72db1091d3aa687b0a4c70313e8e8f2fc348ae6f9ddc3105e4d37","root.record.ItemExhibitList.P5Item.CostElementCategoryList.Hardware.NonRecurring.CostElementList.CostElement.ManufacturerList.Manufacturer.HistoryPlanningList.HistoryPlanning"
"2016-02","6","2016-BASE_PROCUREMENT-2016-DEFENSE_CBDP-PROCUREMENT_JustificationBook_Chemical_and_Biological_Defense_Program_PB_2016.zzz_unzipped-PROCUREMENT_JustificationBook_Chemical_and_Biological_Defense_Program_PB_2016.xml","119ac9aeb453952ba75c4d783cf739d32e350f26e8876cd89a7dfce91c96401e","0-4ea2b0a880a3ecff88849b771e0f791d64a84cb3e8e794c139da9e19b2689201","0-8436b88df7547f9f848c29e1acf78586cd3178d799d295b6f2dec5991b6544d7","root.record.ItemExhibitList.P5Item.CostElementCategoryList.Hardware.NonRecurring.CostElementList.CostElement.ManufacturerList.Manufacturer.HistoryPlanningList.HistoryPlanning"
"2014-12","70","2016-BASE_PROCUREMENT-2016-DEFENSE_CBDP-PROCUREMENT_JustificationBook_Chemical_and_Biological_Defense_Program_PB_2016.zzz_unzipped-PROCUREMENT_JustificationBook_Chemical_and_Biological_Defense_Program_PB_2016.xml","d83d4a4c2a2605a0a775a1c10f77dcd9ca71a27db9109b94cf148a2f5b825622","0-d6f0480dd2d37d3e5652ea6aa47be69b2f9c89c782a2c95fbd994725d609510a","0-9766e7224619e1f7719ab6ed65547045905724524cd12c2d1676b12dbce039ab","root.record.ItemExhibitList.P5Item.CostElementCategoryList.Hardware.NonRecurring.CostElementList.CostElement.ManufacturerList.Manufacturer.HistoryPlanningList.HistoryPlanning"
"2015-01","70","2016-BASE_PROCUREMENT-2016-DEFENSE_CBDP-PROCUREMENT_JustificationBook_Chemical_and_Biological_Defense_Program_PB_2016.zzz_unzipped-PROCUREMENT_JustificationBook_Chemical_and_Biological_Defense_Program_PB_2016.xml","d83d4a4c2a2605a0a775a1c10f77dcd9ca71a27db9109b94cf148a2f5b825622","1-79d032372c90cfeb1f8b22350c58655e7cac876e54f9fce0f4fa465050fc2362","0-9766e7224619e1f7719ab6ed65547045905724524cd12c2d1676b12dbce039ab","root.record.ItemExhibitList.P5Item.CostElementCategoryList.Hardware.NonRecurring.CostElementList.CostElement.ManufacturerList.Manufacturer.HistoryPlanningList.HistoryPlanning"
"2016-05","2","2016-BASE_PROCUREMENT-2016-DEFENSE_VOL1_ALL-PROCUREMENT_MasterJustificationBook_Defense-Wide_PB_2016.zzz_unzipped-PROCUREMENT_MasterJustificationBook_Defense-Wide_PB_2016.xml","8ca4bd5ee78697fb7d7f23b16f023113eefd69521a4513cf75df6314e2da36e8","0-797a9a2589e4d9cfe2f523cdfd58f117feeac5662c69dc32b381b46add91304b","0-9bb2fe39ac8d79d8e349ae6fd816b998760c7320ea929e3ea1ce231ef74843b2","root.record.ItemExhibitList.P5Item.CostElementCategoryList.Hardware.NonRecurring.CostElementList.CostElement.ManufacturerList.Manufacturer.HistoryPlanningList.HistoryPlanning"
"2016-02","6","2016-BASE_PROCUREMENT-2016-DEFENSE_VOL1_ALL-PROCUREMENT_MasterJustificationBook_Defense-Wide_PB_2016.zzz_unzipped-PROCUREMENT_MasterJustificationBook_Defense-Wide_PB_2016.xml","8ca4bd5ee78697fb7d7f23b16f023113eefd69521a4513cf75df6314e2da36e8","0-3f19f87f008178f367b1921e9df6506e93e1acfc9b2d91e52ae38ebe06aa4dd7","0-4b87c8dbfa01e99ea89ef8b3d5d54056082a7a3d364a10cc98f9cb3c7b035089","root.record.ItemExhibitList.P5Item.CostElementCategoryList.Hardware.NonRecurring.CostElementList.CostElement.ManufacturerList.Manufacturer.HistoryPlanningList.HistoryPlanning"
"2014-12","70","2016-BASE_PROCUREMENT-2016-DEFENSE_VOL1_ALL-PROCUREMENT_MasterJustificationBook_Defense-Wide_PB_2016.zzz_unzipped-PROCUREMENT_MasterJustificationBook_Defense-Wide_PB_2016.xml","8f7371c0fcdd3fcfc9c5d96b42e996f58b907f32bdf08384d4640e85e9bfeb34","0-7bc3c71e242afbe4a203e97bb26a64365c6a9b8bf59d29a5897b67f81194d0dc","0-ee9788168c10114341c8497fce411f86e4bdec190710c68e15a04fd58f67524f","root.record.ItemExhibitList.P5Item.CostElementCategoryList.Hardware.NonRecurring.CostElementList.CostElement.ManufacturerList.Manufacturer.HistoryPlanningList.HistoryPlanning"
"2015-01","70","2016-BASE_PROCUREMENT-2016-DEFENSE_VOL1_ALL-PROCUREMENT_MasterJustificationBook_Defense-Wide_PB_2016.zzz_unzipped-PROCUREMENT_MasterJustificationBook_Defense-Wide_PB_2016.xml","8f7371c0fcdd3fcfc9c5d96b42e996f58b907f32bdf08384d4640e85e9bfeb34","1-89616e87aaffb1229bc51ae7590948fc43394920c342de497b92e69d533f84f1","0-ee9788168c10114341c8497fce411f86e4bdec190710c68e15a04fd58f67524f","root.record.ItemExhibitList.P5Item.CostElementCategoryList.Hardware.NonRecurring.CostElementList.CostElement.ManufacturerList.Manufacturer.HistoryPlanningList.HistoryPlanning"
"2016-01","70","2017-BASE_PROCUREMENT-2017-DEFENSE_CBDP-U_PROCUREMENT_JustificationBook_Chemical_and_Biological_Defense_Program_PB_2017.zzz_unzipped-U_PROCUREMENT_JustificationBook_Chemical_and_Biological_Defense_Program_PB_2017.xml","f4d80b3d0ec9ba6ba7c7ff3e5c7f21e1a694588b648cbd0864ae77b1cc1894b3","0-379227fe8c485ed027b6f5a7360825bd3d0d236a3f64608626058ad92e3a5844","0-f95c60e5d6cbd43fbc545d0c91a867e1dd0d0c71168a47978775f72214d55643","root.record.ItemExhibitList.P5Item.CostElementCategoryList.Hardware.NonRecurring.CostElementList.CostElement.ManufacturerList.Manufacturer.HistoryPlanningList.HistoryPlanning"
"2016-02","70","2017-BASE_PROCUREMENT-2017-DEFENSE_CBDP-U_PROCUREMENT_JustificationBook_Chemical_and_Biological_Defense_Program_PB_2017.zzz_unzipped-U_PROCUREMENT_JustificationBook_Chemical_and_Biological_Defense_Program_PB_2017.xml","f4d80b3d0ec9ba6ba7c7ff3e5c7f21e1a694588b648cbd0864ae77b1cc1894b3","1-58d716f1356c1825fae8fbdecd58d7ea118806c1588eecd398d4780dd73aca3d","0-f95c60e5d6cbd43fbc545d0c91a867e1dd0d0c71168a47978775f72214d55643","root.record.ItemExhibitList.P5Item.CostElementCategoryList.Hardware.NonRecurring.CostElementList.CostElement.ManufacturerList.Manufacturer.HistoryPlanningList.HistoryPlanning"
"2016-01","70","2017-BASE_PROCUREMENT-2017-DEFENSE_VOL1_ALL-U_PROCUREMENT_MasterJustificationBook_Defense-Wide_PB_2017.zzz_unzipped-U_PROCUREMENT_MasterJustificationBook_Defense-Wide_PB_2017.xml","d308f95350d49179c88adcd2ce8fac41317a825d8d794e785058fbd0fe568e07","0-64bb4a1598183fba26ca56654aae28c68b00ad3f5c7478d7cfabf2ef4947f3e4","0-55f02a1610f3d92402662ac00743b5549e22a39e0d46f07fc3eecc8765ffe948","root.record.ItemExhibitList.P5Item.CostElementCategoryList.Hardware.NonRecurring.CostElementList.CostElement.ManufacturerList.Manufacturer.HistoryPlanningList.HistoryPlanning"
"2016-02","70","2017-BASE_PROCUREMENT-2017-DEFENSE_VOL1_ALL-U_PROCUREMENT_MasterJustificationBook_Defense-Wide_PB_2017.zzz_unzipped-U_PROCUREMENT_MasterJustificationBook_Defense-Wide_PB_2017.xml","d308f95350d49179c88adcd2ce8fac41317a825d8d794e785058fbd0fe568e07","1-a522c5f718fbd752c92c8c451541acc3ad7b69993880feb4ab80c3b55a1fbe50","0-55f02a1610f3d92402662ac00743b5549e22a39e0d46f07fc3eecc8765ffe948","root.record.ItemExhibitList.P5Item.CostElementCategoryList.Hardware.NonRecurring.CostElementList.CostElement.ManufacturerList.Manufacturer.HistoryPlanningList.HistoryPlanning"
"2016-01","70","2017-BASE_PROCUREMENT-2017-DEFENSE_CBDP-U_PROCUREMENT_MasterJustificationBook_Chemical_and_Biological_Defense_Program_PB_2017.zzz_unzipped-U_PROCUREMENT_MasterJustificationBook_Chemical_and_Biological_Defense_Program_PB_2017.xml","d977fd8b6efd538276c790b02e3c3cee080fc0cff92fa7f25f69032143ad5870","0-799ff29a6b42ae707bf2e5b1eb810f5f7f514cfcabded120986b7f82afd48ff8","0-743c21c485711e37a0a1d81950d244b0b75d35b4f3fa6b5097ae4074db94cbf8","root.record.ItemExhibitList.P5Item.CostElementCategoryList.Hardware.NonRecurring.CostElementList.CostElement.ManufacturerList.Manufacturer.HistoryPlanningList.HistoryPlanning"
"2016-02","70","2017-BASE_PROCUREMENT-2017-DEFENSE_CBDP-U_PROCUREMENT_MasterJustificationBook_Chemical_and_Biological_Defense_Program_PB_2017.zzz_unzipped-U_PROCUREMENT_MasterJustificationBook_Chemical_and_Biological_Defense_Program_PB_2017.xml","d977fd8b6efd538276c790b02e3c3cee080fc0cff92fa7f25f69032143ad5870","1-cd8330b5016db33bf134eabe00a8933b07fa9cd4b4593efd149ad792175f6368","0-743c21c485711e37a0a1d81950d244b0b75d35b4f3fa6b5097ae4074db94cbf8","root.record.ItemExhibitList.P5Item.CostElementCategoryList.Hardware.NonRecurring.CostElementList.CostElement.ManufacturerList.Manufacturer.HistoryPlanningList.HistoryPlanning"
