Month_val,Amount_val,@SOURCE_FILENAME,@RECORDID,@ROWID,@PARENTROWID,@PARENT
"2016-05","2","2016-BASE_PROCUREMENT-2016-DEFENSE_CBDP-PROCUREMENT_JustificationBook_Chemical_and_Biological_Defense_Program_PB_2016.zzz_unzipped-PROCUREMENT_JustificationBook_Chemical_and_Biological_Defense_Program_PB_2016.xml","119ac9aeb453952ba75c4d783cf739d32e350f26e8876cd89a7dfce91c96401e","0-494c267df15dd0c80772ea0e0bd6ed211a922750d68c78d5ecdad73b13dfc0dc","0-622dcc7402a11238e7f6a4aa39949554f6bef6d7c1980caacd7f229df27b7d8e","root.record.ItemExhibitList.P5Item.CostElementCategoryList.Hardware.NonRecurring.CostElementList.CostElement.ManufacturerList.Manufacturer.HistoryPlanningList.HistoryPlanning"
"2016-02","6","2016-BASE_PROCUREMENT-2016-DEFENSE_CBDP-PROCUREMENT_JustificationBook_Chemical_and_Biological_Defense_Program_PB_2016.zzz_unzipped-PROCUREMENT_JustificationBook_Chemical_and_Biological_Defense_Program_PB_2016.xml","119ac9aeb453952ba75c4d783cf739d32e350f26e8876cd89a7dfce91c96401e","0-65e489304506bf966d7f3ed5431ed704f7278c9acae6849964839922dd5fdec5","0-c11dbc25f2582ee0765aa3683553ef931c2469a2b8eff506700fff89cd624e50","root.record.ItemExhibitList.P5Item.CostElementCategoryList.Hardware.NonRecurring.CostElementList.CostElement.ManufacturerList.Manufacturer.HistoryPlanningList.HistoryPlanning"
"2014-12","70","2016-BASE_PROCUREMENT-2016-DEFENSE_CBDP-PROCUREMENT_JustificationBook_Chemical_and_Biological_Defense_Program_PB_2016.zzz_unzipped-PROCUREMENT_JustificationBook_Chemical_and_Biological_Defense_Program_PB_2016.xml","d83d4a4c2a2605a0a775a1c10f77dcd9ca71a27db9109b94cf148a2f5b825622","0-0f1421b8aa9af603e70a0a777214434f0d492d966c7161256029eccb3a5ad8e2","0-00050bd6b59c5e82c237670be99ad73c69c41ca2b8f9b71eedca91fab28ee448","root.record.ItemExhibitList.P5Item.CostElementCategoryList.Hardware.NonRecurring.CostElementList.CostElement.ManufacturerList.Manufacturer.HistoryPlanningList.HistoryPlanning"
"2015-01","70","2016-BASE_PROCUREMENT-2016-DEFENSE_CBDP-PROCUREMENT_JustificationBook_Chemical_and_Biological_Defense_Program_PB_2016.zzz_unzipped-PROCUREMENT_JustificationBook_Chemical_and_Biological_Defense_Program_PB_2016.xml","d83d4a4c2a2605a0a775a1c10f77dcd9ca71a27db9109b94cf148a2f5b825622","1-65d88329d3ac0224583cd5187bc5d92f25019a304be213619da97d6bd6659b42","0-00050bd6b59c5e82c237670be99ad73c69c41ca2b8f9b71eedca91fab28ee448","root.record.ItemExhibitList.P5Item.CostElementCategoryList.Hardware.NonRecurring.CostElementList.CostElement.ManufacturerList.Manufacturer.HistoryPlanningList.HistoryPlanning"
"2016-05","2","2016-BASE_PROCUREMENT-2016-DEFENSE_VOL1_ALL-PROCUREMENT_MasterJustificationBook_Defense-Wide_PB_2016.zzz_unzipped-PROCUREMENT_MasterJustificationBook_Defense-Wide_PB_2016.xml","8ca4bd5ee78697fb7d7f23b16f023113eefd69521a4513cf75df6314e2da36e8","0-7d5ef7c3364071a8e520ae878ee2f4b31a4ef5e4ed7a6f05b7e376961ef46ece","0-59782eba4e758118710677b9dad33381e6e7bbae3cada4616d34f49ae02ffb7f","root.record.ItemExhibitList.P5Item.CostElementCategoryList.Hardware.NonRecurring.CostElementList.CostElement.ManufacturerList.Manufacturer.HistoryPlanningList.HistoryPlanning"
"2016-02","6","2016-BASE_PROCUREMENT-2016-DEFENSE_VOL1_ALL-PROCUREMENT_MasterJustificationBook_Defense-Wide_PB_2016.zzz_unzipped-PROCUREMENT_MasterJustificationBook_Defense-Wide_PB_2016.xml","8ca4bd5ee78697fb7d7f23b16f023113eefd69521a4513cf75df6314e2da36e8","0-db6c13a1d3aafc1cce76ed2788a2bfb961a8497b1ff6736613ab5804273eb330","0-8b6cb66c7be3f4720cb7ad220b340908a3c742bcb14550bceefd1c0e1e686352","root.record.ItemExhibitList.P5Item.CostElementCategoryList.Hardware.NonRecurring.CostElementList.CostElement.ManufacturerList.Manufacturer.HistoryPlanningList.HistoryPlanning"
"2014-12","70","2016-BASE_PROCUREMENT-2016-DEFENSE_VOL1_ALL-PROCUREMENT_MasterJustificationBook_Defense-Wide_PB_2016.zzz_unzipped-PROCUREMENT_MasterJustificationBook_Defense-Wide_PB_2016.xml","8f7371c0fcdd3fcfc9c5d96b42e996f58b907f32bdf08384d4640e85e9bfeb34","0-2e4ffd5921eef5ccf395481e77327e4e9516ffa01e618912e5193598600dbd44","0-1d9b004a2b32453ef22594778d6afb4f255d8f45c8553e223f0a9a69a29f2d1f","root.record.ItemExhibitList.P5Item.CostElementCategoryList.Hardware.NonRecurring.CostElementList.CostElement.ManufacturerList.Manufacturer.HistoryPlanningList.HistoryPlanning"
"2015-01","70","2016-BASE_PROCUREMENT-2016-DEFENSE_VOL1_ALL-PROCUREMENT_MasterJustificationBook_Defense-Wide_PB_2016.zzz_unzipped-PROCUREMENT_MasterJustificationBook_Defense-Wide_PB_2016.xml","8f7371c0fcdd3fcfc9c5d96b42e996f58b907f32bdf08384d4640e85e9bfeb34","1-f98e53d98f4964c98895aa3bb941d6f61bc2716d063705cda3ed0bc8d1e34096","0-1d9b004a2b32453ef22594778d6afb4f255d8f45c8553e223f0a9a69a29f2d1f","root.record.ItemExhibitList.P5Item.CostElementCategoryList.Hardware.NonRecurring.CostElementList.CostElement.ManufacturerList.Manufacturer.HistoryPlanningList.HistoryPlanning"
"2016-01","70","2017-BASE_PROCUREMENT-2017-DEFENSE_CBDP-U_PROCUREMENT_JustificationBook_Chemical_and_Biological_Defense_Program_PB_2017.zzz_unzipped-U_PROCUREMENT_JustificationBook_Chemical_and_Biological_Defense_Program_PB_2017.xml","f4d80b3d0ec9ba6ba7c7ff3e5c7f21e1a694588b648cbd0864ae77b1cc1894b3","0-ea28d27d1123be12b7ea1c914681840f35ed61cdb72919102513490b2aa6d821","0-b6d6477139baeee3d2d5adaa7ee5151c553f430bbf9f4916a517a6d368732e1e","root.record.ItemExhibitList.P5Item.CostElementCategoryList.Hardware.NonRecurring.CostElementList.CostElement.ManufacturerList.Manufacturer.HistoryPlanningList.HistoryPlanning"
"2016-02","70","2017-BASE_PROCUREMENT-2017-DEFENSE_CBDP-U_PROCUREMENT_JustificationBook_Chemical_and_Biological_Defense_Program_PB_2017.zzz_unzipped-U_PROCUREMENT_JustificationBook_Chemical_and_Biological_Defense_Program_PB_2017.xml","f4d80b3d0ec9ba6ba7c7ff3e5c7f21e1a694588b648cbd0864ae77b1cc1894b3","1-355e78e9ee84f0f45ee4371088eabc220a85ee8cf72632c54bb5463cf24aabaf","0-b6d6477139baeee3d2d5adaa7ee5151c553f430bbf9f4916a517a6d368732e1e","root.record.ItemExhibitList.P5Item.CostElementCategoryList.Hardware.NonRecurring.CostElementList.CostElement.ManufacturerList.Manufacturer.HistoryPlanningList.HistoryPlanning"
"2016-01","70","2017-BASE_PROCUREMENT-2017-DEFENSE_VOL1_ALL-U_PROCUREMENT_MasterJustificationBook_Defense-Wide_PB_2017.zzz_unzipped-U_PROCUREMENT_MasterJustificationBook_Defense-Wide_PB_2017.xml","d308f95350d49179c88adcd2ce8fac41317a825d8d794e785058fbd0fe568e07","0-a86bc5c1b960bc8fb5175e1d3a8a41021db39b8760a07fd30c299711321ab3d0","0-0577016d0b6fdab7d1fd3d4e54cd69b10a7ab47b743c4d08a92e12bcc28cbd6a","root.record.ItemExhibitList.P5Item.CostElementCategoryList.Hardware.NonRecurring.CostElementList.CostElement.ManufacturerList.Manufacturer.HistoryPlanningList.HistoryPlanning"
"2016-02","70","2017-BASE_PROCUREMENT-2017-DEFENSE_VOL1_ALL-U_PROCUREMENT_MasterJustificationBook_Defense-Wide_PB_2017.zzz_unzipped-U_PROCUREMENT_MasterJustificationBook_Defense-Wide_PB_2017.xml","d308f95350d49179c88adcd2ce8fac41317a825d8d794e785058fbd0fe568e07","1-d3764bb1ef00b53d54a1e584c5d59b2da1c005811fd410a5bad203684b06d3c8","0-0577016d0b6fdab7d1fd3d4e54cd69b10a7ab47b743c4d08a92e12bcc28cbd6a","root.record.ItemExhibitList.P5Item.CostElementCategoryList.Hardware.NonRecurring.CostElementList.CostElement.ManufacturerList.Manufacturer.HistoryPlanningList.HistoryPlanning"
"2016-01","70","2017-BASE_PROCUREMENT-2017-DEFENSE_CBDP-U_PROCUREMENT_MasterJustificationBook_Chemical_and_Biological_Defense_Program_PB_2017.zzz_unzipped-U_PROCUREMENT_MasterJustificationBook_Chemical_and_Biological_Defense_Program_PB_2017.xml","d977fd8b6efd538276c790b02e3c3cee080fc0cff92fa7f25f69032143ad5870","0-11e7a49f8145d42e449d425be9440ecbc82a3b0c3eb96679e89941f879f10c65","0-896586234a63230e2e2ef962fff9e7d609c1ee7696e598a38b125225983889bf","root.record.ItemExhibitList.P5Item.CostElementCategoryList.Hardware.NonRecurring.CostElementList.CostElement.ManufacturerList.Manufacturer.HistoryPlanningList.HistoryPlanning"
"2016-02","70","2017-BASE_PROCUREMENT-2017-DEFENSE_CBDP-U_PROCUREMENT_MasterJustificationBook_Chemical_and_Biological_Defense_Program_PB_2017.zzz_unzipped-U_PROCUREMENT_MasterJustificationBook_Chemical_and_Biological_Defense_Program_PB_2017.xml","d977fd8b6efd538276c790b02e3c3cee080fc0cff92fa7f25f69032143ad5870","1-97a9104670fb7d762581506bee45de4f159a779c4b08704515270e6a1d457721","0-896586234a63230e2e2ef962fff9e7d609c1ee7696e598a38b125225983889bf","root.record.ItemExhibitList.P5Item.CostElementCategoryList.Hardware.NonRecurring.CostElementList.CostElement.ManufacturerList.Manufacturer.HistoryPlanningList.HistoryPlanning"
