Name_val,WhenRequiredInMonths_val,Cost_AllPriorYears_TotalCost_val,Cost_PriorYear_TotalCost_val,Cost_CurrentYear_TotalCost_val,Cost_BudgetYearOne_TotalCost_val,Cost_BudgetYearOne_Quantity_val,Cost_BudgetYearTwo_TotalCost_val,Cost_BudgetYearThree_TotalCost_val,Cost_BudgetYearFour_TotalCost_val,Cost_BudgetYearFive_TotalCost_val,Cost_ToComplete_TotalCost_val,Cost_Total_TotalCost_val,@SOURCE_FILENAME,@RECORDID,@ROWID,QuantityPerAssembly_val,ManufacturerList_P10Manufacturer_Name_val,ManufacturerList_P10Manufacturer_Location_val,ManufacturerList_P10Manufacturer_InitialQuantity_TotalLeadTimeAfterOct1InMonths_val,ManufacturerList_P10Manufacturer_InitialQuantity_AdminLeadTimeBeforeOct1InMonths_val,ManufacturerList_P10Manufacturer_InitialQuantity_AdminLeadTimeAfterOct1InMonths_val,ManufacturerList_P10Manufacturer_InitialQuantity_ProductionLeadTimeAfterOct1InMonths_val,ManufacturerList_P10Manufacturer_ReorderQuantity_TotalLeadTimeAfterOct1InMonths_val,ManufacturerList_P10Manufacturer_ReorderQuantity_AdminLeadTimeBeforeOct1InMonths_val,ManufacturerList_P10Manufacturer_ReorderQuantity_AdminLeadTimeAfterOct1InMonths_val,ManufacturerList_P10Manufacturer_ReorderQuantity_ProductionLeadTimeAfterOct1InMonths_val,ManufacturerList_P10Manufacturer_HistoryPlanningList_HistoryPlanning,ManufacturerList_P10Manufacturer_MinimumSustainingRate_val,ManufacturerList_P10Manufacturer_MaximumProductionRate_val,ManufacturerList_P10Manufacturer_Rate185_val,@PARENTROWID,@PARENT
"Equipment","0","325.712","166.9","0.000","0.000","","0.000","0.000","0.000","0.000","0.000","492.612","2013-BASE_PROCUREMENT-2013-AIRFORCE_AIRCRAFT_VOL2-JustificationBook_Air_Force_PB_2013.zzz_unzipped-JustificationBook_Air_Force_PB_2013.xml","b24c7aff3ab5e685e7eec0d915ed664ffaed6ba6c8e283c169437d7b1a104916","0-01d44dc0c03e284e5563b45fffa489ffcfac8f955f120f4e2329577ba5a6f7ec","","","","","","","","","","","","","","","","2-136571c8a7b24382bd9747c66163bcd42598025e682b3c079b14736b4943b675","root"
"Equipment","0","0.000","0.000","112.2","175.8","","0.000","0.000","0.000","0.000","0.000","288","2013-BASE_PROCUREMENT-2013-AIRFORCE_AIRCRAFT_VOL2-JustificationBook_Air_Force_PB_2013.zzz_unzipped-JustificationBook_Air_Force_PB_2013.xml","1157ccc38c61e4da024be49a9bce083327cd634b1da5b9660eb567cdca1ce542","0-feab282f4087887c55ee76173ac67b1f35ee48e5f9feeb4be5dd9dc72841704e","","","","","","","","","","","","","","","","4-974e8a6d3a03308628209abeb156ae353e5596e8816f797fa46fddbe742406b5","root"
"F-35 Airframe Equipment","0","591.465","200.5","178.602","228.852","","302.667","410.814","397.666","450.84","15207.486","17968.892","2013-BASE_PROCUREMENT-2013-AIRFORCE_AIRCRAFT_VOL1-JustificationBook_Air_Force_PB_2013.zzz_unzipped-JustificationBook_Air_Force_PB_2013.xml","dff12d9c9c56d1f1f59d6607af44ce23b8ed427d17b04c39d5703919f4248df7","0-678e708affd0b8ac3111400a1b53875a76791d9bf6fde4eabc53783b24b5a457","","","","","","","","","","","","","","","","49-f431c42a074b7e61831a1efedad102bc45564ee9e0b0470aa55eede08a784c47","root"
"AVIONICS","12","104.035","13.621","20","15","","0","0","0","0","0","152.656","2013-BASE_PROCUREMENT-2013-AIRFORCE_AIRCRAFT_VOL1-JustificationBook_Air_Force_PB_2013.zzz_unzipped-JustificationBook_Air_Force_PB_2013.xml","05376c175814f9b1bb89efc528da9cdaa60ea9f85e3ebccd583936337bde3172","0-34c584cf396988f77b86cf669b953d926d4e77e3f401d4481e86aa410defc154","","","","","","","","","","","","","","","","56-dddb4a7391d324c76db4d26fbf091ad87e2aabb7be8f167dfe12c211a27096aa","root"
"Advance Procurement","12","0.000","9.877","20","0","","0","0","0","0","0","29.877","2013-BASE_PROCUREMENT-2013-AIRFORCE_AIRCRAFT_VOL1-JustificationBook_Air_Force_PB_2013.zzz_unzipped-JustificationBook_Air_Force_PB_2013.xml","6f46100e0914b740e6af0fdcafb0603efd028e91f737331f95929625245496e3","0-cce05634afadf859ce2b293ee8be4e6cf73aca82f7fe52336d602e1b3d373b14","","","","","","","","","","","","","","","","68-499ea755f3364229bf7e233ea45df66ab51d2b9cb5a98556de0bd7b1cd5765ba","root"
"Advance Procurement","12","532.9","9.779","50","0","","0","0","0","0","0","592.679","2013-BASE_PROCUREMENT-2013-AIRFORCE_AIRCRAFT_VOL1-JustificationBook_Air_Force_PB_2013.zzz_unzipped-JustificationBook_Air_Force_PB_2013.xml","5de403107085bf74fb9fd40854df952a9081ddccb6363319c405b20f72d8dc83","0-d55327998349264eb2813c32908a705b49edd6406e15d02caae82ac620cdefd1","","","","","","","","","","","","","","","","93-77fa47fdb08a5a230e25c63f148867527cc7c0333fc9e47f19a69d52576ba05e","root"
"Advance Procurement","12","0.000","9.945","10","0","","0","0","0","0","0","19.945","2013-BASE_PROCUREMENT-2013-AIRFORCE_AIRCRAFT_VOL1-JustificationBook_Air_Force_PB_2013.zzz_unzipped-JustificationBook_Air_Force_PB_2013.xml","54081a1ca9b544000555d1a3c5f7b712480ea0ae1b433130a32a606d947fa2d5","0-b89040d361d14682ef652fe70ecc8d3cb4aef0611c09ba6ff3fa5527c5676430","","","","","","","","","","","","","","","","95-5745bb35c22e3d37fa0f720619ced5bba1ca68011373afdf551ed5f0623426d0","root"
"Advance Procurement","12","0.000","59.669","40","0","","0","0","0","0","0","99.669","2013-BASE_PROCUREMENT-2013-AIRFORCE_AIRCRAFT_VOL1-JustificationBook_Air_Force_PB_2013.zzz_unzipped-JustificationBook_Air_Force_PB_2013.xml","9aae9bdbea6241c3bcbb93639a39102d7a429607e4045acf83d9dd62d30fac3b","0-2a310e05d52f986a9599bde1def22947f6fd8f76eca5a99d8342847e9582f3ef","","","","","","","","","","","","","","","","97-c425c9f9c23dbefb4037e6a910696282f706074a462906813a966d338525142a","root"
"F-35 Airframe Equipment","0","591.465","200.5","178.602","228.852","","302.667","410.814","397.666","450.84","15207.486","17968.892","2013-BASE_PROCUREMENT-2013-AIRFORCE_AIRCRAFT_VOL2-MasterJustificationBook_Air_Force_PB_2013.zzz_unzipped-MasterJustificationBook_Air_Force_PB_2013.xml","cb5ffa2b00d81ff49048aa9fb66ff99640bed0266e3e03ecb1f23b38bf1313ae","0-8cdbf1564cfdeaa78420d562f7d5df5e60c2dbc113ad06af0bd3b2483bb18e97","","","","","","","","","","","","","","","","99-a7e4b7f97e141ba77aff0469171cf0ab7d793a640bb70f325be8763d4a6d968d","root"
"AVIONICS","12","104.035","13.621","20","15","","0","0","0","0","0","152.656","2013-BASE_PROCUREMENT-2013-AIRFORCE_AIRCRAFT_VOL2-MasterJustificationBook_Air_Force_PB_2013.zzz_unzipped-MasterJustificationBook_Air_Force_PB_2013.xml","83cdbed30cd2435e0ef690d322b3aa3d3dbd661f403d986c68db08c44173db9c","0-02c8186f03eeeb4cd0b4b6b4344bf3896fae402b8fd1487e660e963a9980467f","","","","","","","","","","","","","","","","106-d9af3454fcbfc409ee75979141d83e1c86611e2efe278f7fb918b47ca34fa88c","root"
"Advance Procurement","12","0.000","9.877","20","0","","0","0","0","0","0","29.877","2013-BASE_PROCUREMENT-2013-AIRFORCE_AIRCRAFT_VOL2-MasterJustificationBook_Air_Force_PB_2013.zzz_unzipped-MasterJustificationBook_Air_Force_PB_2013.xml","08039501614fe4ebb3075d4eaaa4544e4cd5f4779332e0d6f68e5d2c67c31740","0-b053e65c8cae7fd51f99e508385f41a91d38c773b6ae8626f3d01b2555b2b81d","","","","","","","","","","","","","","","","118-e88302768e9090f1553f54159c25376126925e82e1846c7b65fd6c0671f51e8b","root"
"Advance Procurement","12","532.9","9.779","50","0","","0","0","0","0","0","592.679","2013-BASE_PROCUREMENT-2013-AIRFORCE_AIRCRAFT_VOL2-MasterJustificationBook_Air_Force_PB_2013.zzz_unzipped-MasterJustificationBook_Air_Force_PB_2013.xml","9a2ba94a217d82096f332eb52ba7ddeaf76b99a2e5a89a7ed11986588d44548b","0-076efad1d479f8241742a93bd1015c884512d22edfe3f82fb751973fdd27f68e","","","","","","","","","","","","","","","","141-66982b0bd48aa6e5640de88e157ebcfc990f0b99ff9e9d5ce9de7c238959c74e","root"
"Advance Procurement","12","0.000","9.945","10","0","","0","0","0","0","0","19.945","2013-BASE_PROCUREMENT-2013-AIRFORCE_AIRCRAFT_VOL2-MasterJustificationBook_Air_Force_PB_2013.zzz_unzipped-MasterJustificationBook_Air_Force_PB_2013.xml","f09bafff549193219c88c3676f1df3dd1bcf20a9bf8aa51ae4f966d8eeede5a5","0-006b8e919b5186c2ffa081fc0f5d6a9cdaaded51b4834026c5cd56dcd1634580","","","","","","","","","","","","","","","","143-6360bb786e1766f51dd6d3db3dbeac6952f94e57352fc0b70a6976cc89f7caf0","root"
"Advance Procurement","12","0.000","59.669","40","0","","0","0","0","0","0","99.669","2013-BASE_PROCUREMENT-2013-AIRFORCE_AIRCRAFT_VOL2-MasterJustificationBook_Air_Force_PB_2013.zzz_unzipped-MasterJustificationBook_Air_Force_PB_2013.xml","3703a2520eebe02497a52784dd2305595e26196e840791c9432c08f9a4defe86","0-ebe22e0a6c43361d1b4569d59091fab914c3699ad0a43bb7a9d05e6573f3a3fa","","","","","","","","","","","","","","","","145-847af28d9f7ba67f40a1527873d3297d19f0a14131d612992bcd71aaf559a3e3","root"
"F-35 Airframe Equipment","0","591.465","200.5","178.602","228.852","","302.667","410.814","397.666","450.84","15207.486","17968.892","2013-BASE_PROCUREMENT-2013-AIRFORCE_AIRCRAFT_VOL1-MasterJustificationBook_Air_Force_PB_2013.zzz_unzipped-MasterJustificationBook_Air_Force_PB_2013.xml","8ca272206c6b30f61972a00065d737d41c09597a3caeca5dca6f8e9b4d2b639e","0-f993d6ff4e2db3f236faf4de3e303e8eafa8e51dfc0f291ce4b582fb12f9e1be","","","","","","","","","","","","","","","","147-6512333b56f46bb8efbd967bf8a975a163a2cb2e8626c0692d783bb84af2a30b","root"
"AVIONICS","12","104.035","13.621","20","15","","0","0","0","0","0","152.656","2013-BASE_PROCUREMENT-2013-AIRFORCE_AIRCRAFT_VOL1-MasterJustificationBook_Air_Force_PB_2013.zzz_unzipped-MasterJustificationBook_Air_Force_PB_2013.xml","a81a42ae1db722058f6d5962d3234e2397b7cb620f8cd202f2f913551d1c3f6e","0-e06fab770c87744f28fad519c335423786c00444b1bb18024af095d9b3b2ed4c","","","","","","","","","","","","","","","","154-a56a3ae6b5232604dd5ba6cd33b40504bc0702873ce999cc6e4c0045d499d5d9","root"
"Advance Procurement","12","0.000","9.877","20","0","","0","0","0","0","0","29.877","2013-BASE_PROCUREMENT-2013-AIRFORCE_AIRCRAFT_VOL1-MasterJustificationBook_Air_Force_PB_2013.zzz_unzipped-MasterJustificationBook_Air_Force_PB_2013.xml","6d88a6cf121ef28b4c783038e8175f58e8cde097688e70e8838a8071a7b2922a","0-c50599ef34041d2ed9e36448e2f16a2c7a69d0975fce22b40283cb33bf2987bf","","","","","","","","","","","","","","","","166-31e87fdd7519257c5654b84b79f9687a7f7ebd7f2fa27599d7d44c709dbd6a45","root"
"Advance Procurement","12","532.9","9.779","50","0","","0","0","0","0","0","592.679","2013-BASE_PROCUREMENT-2013-AIRFORCE_AIRCRAFT_VOL1-MasterJustificationBook_Air_Force_PB_2013.zzz_unzipped-MasterJustificationBook_Air_Force_PB_2013.xml","6d2a5a5d589018a44e3cbf52cb1c912bfc2ae7ebfa3167c185f32baeccefdb83","0-a57035df6f129930a2001681879c6dde6f8497ac408814780c0bef4095efecb2","","","","","","","","","","","","","","","","191-f8e9d4a1fc98f2c9500d7a504743f4f7ba3b76d18350325351c819fec587be13","root"
"Advance Procurement","12","0.000","9.945","10","0","","0","0","0","0","0","19.945","2013-BASE_PROCUREMENT-2013-AIRFORCE_AIRCRAFT_VOL1-MasterJustificationBook_Air_Force_PB_2013.zzz_unzipped-MasterJustificationBook_Air_Force_PB_2013.xml","b6b93c42a9a55a42869eb42b091eb84dcc0e905c9cc372f94c868612d9144738","0-1a174f45fe455d18ed307d112b1601c91056912e856df9ecd46ea34ae706975e","","","","","","","","","","","","","","","","193-90f9ea12902a30f66bebc87a10495058262ab64879341e967eeb59cf4e2889f3","root"
"Advance Procurement","12","0.000","59.669","40","0","","0","0","0","0","0","99.669","2013-BASE_PROCUREMENT-2013-AIRFORCE_AIRCRAFT_VOL1-MasterJustificationBook_Air_Force_PB_2013.zzz_unzipped-MasterJustificationBook_Air_Force_PB_2013.xml","af37cf083328b3ed9159e2e090d1e7a7bdbaa767003a2a633f938ceef3892c06","0-2c8a20ea0bf6f15c0e8ca8a95d32a76d84c022067969a7a46cf2f95efc17bf0c","","","","","","","","","","","","","","","","195-7a5be7b3d38ad16a4cb652724df9a70777b6e8ef8ef5532a6597c566207722a0","root"
"Equipment","0","325.712","166.9","0.000","0.000","","0.000","0.000","0.000","0.000","0.000","492.612","2013-BASE_PROCUREMENT-2013-AIRFORCE_AIRCRAFT_VOL2-MasterJustificationBook_Air_Force_PB_2013.zzz_unzipped-MasterJustificationBook_Air_Force_PB_2013.xml","8047e046d54537d05d7c5b8bb718f313e4ecd7067db8aa67ec45d00cc41c131f","0-94ddf2cddbdbc730a7d73009885ba7e87e8ec714fc5930104617af08a3141ef7","","","","","","","","","","","","","","","","198-113752d31809fe414a38a843a6a8b856be9ccae24902bd53bdd1ad01f8353ccf","root"
"Equipment","0","0.000","0.000","112.2","175.8","","0.000","0.000","0.000","0.000","0.000","288","2013-BASE_PROCUREMENT-2013-AIRFORCE_AIRCRAFT_VOL2-MasterJustificationBook_Air_Force_PB_2013.zzz_unzipped-MasterJustificationBook_Air_Force_PB_2013.xml","c5ca9a51fed888b0789d8c29575b740c033e66ec191ebd4620e83fcfed7ea340","0-e871482a28084270ef01a6e4a152dbffa16cfa7cb8815fb8b9b03b088da421b3","","","","","","","","","","","","","","","","200-8682eb6169131cba49a0f3beffe2246ebe18fe1f02e9474e76e49240b127f54b","root"
"Equipment","0","325.712","166.9","0.000","0.000","","0.000","0.000","0.000","0.000","0.000","492.612","2013-BASE_PROCUREMENT-2013-AIRFORCE_AIRCRAFT_VOL1-MasterJustificationBook_Air_Force_PB_2013.zzz_unzipped-MasterJustificationBook_Air_Force_PB_2013.xml","57381bfbbf28cd8806cb652a1ebf7c2332107590d116fd3629c858c1fd49e85f","0-14f7a849c2138f8bb98cd87541131aabd78673edc919330d0eb7f444980c295c","","","","","","","","","","","","","","","","246-2b54ab1da158ee09033753c106b44cd55e9e82d668be723e53fd215c7145b04a","root"
"Equipment","0","0.000","0.000","112.2","175.8","","0.000","0.000","0.000","0.000","0.000","288","2013-BASE_PROCUREMENT-2013-AIRFORCE_AIRCRAFT_VOL1-MasterJustificationBook_Air_Force_PB_2013.zzz_unzipped-MasterJustificationBook_Air_Force_PB_2013.xml","ee931ec9033e0497a2f8d6f3720d1b91ca62615f3d9870f0f4d919caa53bf3e7","0-7408af8abfc25d3ad986ce22b4532a860d17fa26aa5181c49a8586a68b5b324c","","","","","","","","","","","","","","","","248-cf65fdc415ed91f7ba967d773f268fe2d26c5d28799afb514e4abc8e55116280","root"
"Airframe T.L.","0","144.64","20.563","21.933","0","12","","","","","","","2013-BASE_PROCUREMENT-2013-NAVY_AIRCRAFT_BA1-4-JustificationBook_Navy_PB_2013.zzz_unzipped-JustificationBook_Navy_PB_2013.xml","117c169a68235fff5682580ef1182034c5b0c336d258b4d2bc16ac17e2d2a653","0-190178f31d8a3b6b8c9226892e84d763bcc53ff328c52f234f39a321665c0633","1","","","","","","","","","","","","","","","1056-7003f2b3edec68f4fae8efae78b9cba7106521330fa21a2a2acc66c4f31a527a","root"
"UH-1Y Cabin Materials","0","24.2","23.872","23.813","27.864","0","","","","","","","2013-BASE_PROCUREMENT-2013-NAVY_AIRCRAFT_BA1-4-JustificationBook_Navy_PB_2013.zzz_unzipped-JustificationBook_Navy_PB_2013.xml","831d15ae17bc6d104aca15fe5c80ea3f2120968dcc138d4a1f2a89be2c3476d7","0-659b4b77a84552f3ea91b4c7e30ec9bc114b8eafdd84bbf8c92db0fb17a23864","0","","","","","","","","","","","","","","","1058-f19759e1de441044bc1528deed99552efa2b4c3bab190f3a760ec03eac83b55b","root"
"AH-1Z Cabin Materials","0","15.1","21.543","20.411","26.471","0","","","","","","","2013-BASE_PROCUREMENT-2013-NAVY_AIRCRAFT_BA1-4-JustificationBook_Navy_PB_2013.zzz_unzipped-JustificationBook_Navy_PB_2013.xml","831d15ae17bc6d104aca15fe5c80ea3f2120968dcc138d4a1f2a89be2c3476d7","1-5ebced47f9c6342907820cf3b900e237a0914143148ea0566c6046425d986a6b","0","","","","","","","","","","","","","","","1058-f19759e1de441044bc1528deed99552efa2b4c3bab190f3a760ec03eac83b55b","root"
"Dynamic Component Parts","8","3.6","4.076","3.969","4.876","0","","","","","","","2013-BASE_PROCUREMENT-2013-NAVY_AIRCRAFT_BA1-4-JustificationBook_Navy_PB_2013.zzz_unzipped-JustificationBook_Navy_PB_2013.xml","831d15ae17bc6d104aca15fe5c80ea3f2120968dcc138d4a1f2a89be2c3476d7","2-b3b22f9f85897f999d93e0886a78308c0964b17e88b3b876aa48fb6757cea724","0","","","","","","","","","","","","","","","1058-f19759e1de441044bc1528deed99552efa2b4c3bab190f3a760ec03eac83b55b","root"
"Other (forgings, bearings, shafts, castings, bolts, pins, etc.)","13","7.494","8.734","8.557","10.447","0","","","","","","","2013-BASE_PROCUREMENT-2013-NAVY_AIRCRAFT_BA1-4-JustificationBook_Navy_PB_2013.zzz_unzipped-JustificationBook_Navy_PB_2013.xml","831d15ae17bc6d104aca15fe5c80ea3f2120968dcc138d4a1f2a89be2c3476d7","3-cfa1251707da5ffcad37c9d6c8af383ce4bf08be0a7d07f11efaf362dd87b4e0","0","","","","","","","","","","","","","","","1058-f19759e1de441044bc1528deed99552efa2b4c3bab190f3a760ec03eac83b55b","root"
"CFE - Airframe T.L.","0","317.444","","","0","0","","","","","","","2013-BASE_PROCUREMENT-2013-NAVY_AIRCRAFT_BA1-4-JustificationBook_Navy_PB_2013.zzz_unzipped-JustificationBook_Navy_PB_2013.xml","1a7189ca3ac3735d5b4780456bb4c8dddad618396ddbf80b22c606ea18981840","0-f50d9e18f540fff4129d2513e628e719caf7376e6d548d157d4bd9d859ffab5c","1","See End Item P5A","See End Item P5A","19","","","","19","","","","","","","1060-d509cd1c8392212270e369d9360c611dc376326bf96ce1a717790b79430a9c52","root"
"Airframe for FY12 EOQ/Long Lead","0","","23.607","","0","0","","","","","","","2013-BASE_PROCUREMENT-2013-NAVY_AIRCRAFT_BA1-4-JustificationBook_Navy_PB_2013.zzz_unzipped-JustificationBook_Navy_PB_2013.xml","1a7189ca3ac3735d5b4780456bb4c8dddad618396ddbf80b22c606ea18981840","1-19d2553f2d10ed3dce19ac49e8a1c4195e8d2829ac3309ef34d6898691a24537","1","See End Item P5A","See End Item P5A","19","","","","19","","","","","","","1060-d509cd1c8392212270e369d9360c611dc376326bf96ce1a717790b79430a9c52","root"
"Airframe for FY13 EOQ/Long Lead","0","","","24.053","0","0","","","","","","","2013-BASE_PROCUREMENT-2013-NAVY_AIRCRAFT_BA1-4-JustificationBook_Navy_PB_2013.zzz_unzipped-JustificationBook_Navy_PB_2013.xml","1a7189ca3ac3735d5b4780456bb4c8dddad618396ddbf80b22c606ea18981840","2-afd957cd40b62367a2efefb55e9625ffde92c25e56648e3f201d5d700cb16d29","1","See End Item P5A","See End Item P5A","19","","","","19","","","","","","","1060-d509cd1c8392212270e369d9360c611dc376326bf96ce1a717790b79430a9c52","root"
"Airframe for FY14 EOQ/Long Lead","0","","","2.207","24.505","0","","","","","","","2013-BASE_PROCUREMENT-2013-NAVY_AIRCRAFT_BA1-4-JustificationBook_Navy_PB_2013.zzz_unzipped-JustificationBook_Navy_PB_2013.xml","1a7189ca3ac3735d5b4780456bb4c8dddad618396ddbf80b22c606ea18981840","3-5f72c26e3b99d757e5f4210960a000b353c466263172e776d8cdc58bbef5ff02","1","See End Item P5A","See End Item P5A","19","","","","19","","","","","","","1060-d509cd1c8392212270e369d9360c611dc376326bf96ce1a717790b79430a9c52","root"
"Airframe for FY15 EOQ/Long Lead","0","","","0.981","0.865","0","","","","","","","2013-BASE_PROCUREMENT-2013-NAVY_AIRCRAFT_BA1-4-JustificationBook_Navy_PB_2013.zzz_unzipped-JustificationBook_Navy_PB_2013.xml","1a7189ca3ac3735d5b4780456bb4c8dddad618396ddbf80b22c606ea18981840","4-44bbe6951057d512f936f4408418c525ba8e739eac505327683ce63eb6ef6ee0","1","See End Item P5A","See End Item P5A","19","","","","19","","","","","","","1060-d509cd1c8392212270e369d9360c611dc376326bf96ce1a717790b79430a9c52","root"
"CFE - Airframe T.L.","0","310.064","66.262","","0","0","","","","","","","2013-BASE_PROCUREMENT-2013-NAVY_AIRCRAFT_BA1-4-JustificationBook_Navy_PB_2013.zzz_unzipped-JustificationBook_Navy_PB_2013.xml","b9d48f24ecf1fb0dc0353ad3f9cd91e926e2f3fda1f537c2caa93bb44b898f3b","0-a435713cac104a48fc9dea161c8f0b86e8e8f8175ca46ebb55049aa7ff77f5bd","1","","","","","","","","","","","","","","","1062-50da622a20c035d68f324dccc5309f7f229345a51a7b376fafa920c45d26f3ea","root"
"CC/Avionics - T.L./Other","0","475.753","59.408","","0","0","","","","","","","2013-BASE_PROCUREMENT-2013-NAVY_AIRCRAFT_BA1-4-JustificationBook_Navy_PB_2013.zzz_unzipped-JustificationBook_Navy_PB_2013.xml","b9d48f24ecf1fb0dc0353ad3f9cd91e926e2f3fda1f537c2caa93bb44b898f3b","1-fd5a8568bfc5b0b5ed16bcde51e9823f2c2974b3fc5f75f4054d6766b97556e7","1","","","","","","","","","","","","","","","1062-50da622a20c035d68f324dccc5309f7f229345a51a7b376fafa920c45d26f3ea","root"
"CFE - Airframe T.L.","0","267.06","166.809","244.894","325.679","13","","","","","","","2013-BASE_PROCUREMENT-2013-NAVY_AIRCRAFT_BA1-4-JustificationBook_Navy_PB_2013.zzz_unzipped-JustificationBook_Navy_PB_2013.xml","62ca14cc634acb0c901935df39de84860d1f64314c02973b24f410208b3cf78e","0-976b737540db82e6f4594b430bf2ee46b6f56c6acd7c58243d8f5d5e24de3caf","0","See End Item P5A","See End Item P5A","35","","","","35","","","","","","","1064-78f12270aa4d6a6a6973bd8e42587f76d53e833c6d6efd25901c3bc3fa24fa5a","root"
"CFE - Airframe T.L.","0","362.596","117.941","157.942","123.179","0","","","","","","","2013-BASE_PROCUREMENT-2013-NAVY_AIRCRAFT_BA1-4-JustificationBook_Navy_PB_2013.zzz_unzipped-JustificationBook_Navy_PB_2013.xml","c58f3e1b9e38e357fc3c36cb6204a5182b2e132e43a0c2e90cc87c9d07cd04f0","0-96ab96e81ca32a2dd15d52e7c5900aa1970ea45589de1dbbf2532053b6171bb6","1","See End Item P5A","See End Item P5A","42","","","","42","","","","","","","1066-4a19934060709717700d717571c3ce34c31db894926c41da837c68e6dcc42cdd","root"
"For FY 2015 Long Lead","0","","","","0","0","","","","","","","2013-BASE_PROCUREMENT-2013-NAVY_AIRCRAFT_BA1-4-JustificationBook_Navy_PB_2013.zzz_unzipped-JustificationBook_Navy_PB_2013.xml","c58f3e1b9e38e357fc3c36cb6204a5182b2e132e43a0c2e90cc87c9d07cd04f0","1-3bc7ff4b4d47c7622f9c1ba109baf5e3b1d15ecc14114f51569bd2c7280ae69b","1","","","","","","","","","","","","","","","1066-4a19934060709717700d717571c3ce34c31db894926c41da837c68e6dcc42cdd","root"
"For FY 2016 Long Lead","0","","","","0","0","","","","","","","2013-BASE_PROCUREMENT-2013-NAVY_AIRCRAFT_BA1-4-JustificationBook_Navy_PB_2013.zzz_unzipped-JustificationBook_Navy_PB_2013.xml","c58f3e1b9e38e357fc3c36cb6204a5182b2e132e43a0c2e90cc87c9d07cd04f0","2-cc1c7657da0cbbf5151e6bbd43cc9402a1d45929b6c93ba0da9f5cfeac71251f","1","","","","","","","","","","","","","","","1066-4a19934060709717700d717571c3ce34c31db894926c41da837c68e6dcc42cdd","root"
"For FY 2017 Long Lead","0","","","","0","0","","","","","","","2013-BASE_PROCUREMENT-2013-NAVY_AIRCRAFT_BA1-4-JustificationBook_Navy_PB_2013.zzz_unzipped-JustificationBook_Navy_PB_2013.xml","c58f3e1b9e38e357fc3c36cb6204a5182b2e132e43a0c2e90cc87c9d07cd04f0","3-ea228ae8cb0420e384a34411ac0a46442bb61465990af223b0b07a6293f6923c","1","","","","","","","","","","","","","","","1066-4a19934060709717700d717571c3ce34c31db894926c41da837c68e6dcc42cdd","root"
"For FY 2018 Long Lead","0","","","","0","0","","","","","","","2013-BASE_PROCUREMENT-2013-NAVY_AIRCRAFT_BA1-4-JustificationBook_Navy_PB_2013.zzz_unzipped-JustificationBook_Navy_PB_2013.xml","c58f3e1b9e38e357fc3c36cb6204a5182b2e132e43a0c2e90cc87c9d07cd04f0","4-af61971fb8abdec2def1690b01da27fcc0213494c7ecd4e66a6e2d17bce2264d","1","","","","","","","","","","","","","","","1066-4a19934060709717700d717571c3ce34c31db894926c41da837c68e6dcc42cdd","root"
"CFE - Airframe T.L.","0","211.565","","0","20","0","","","","","","","2013-BASE_PROCUREMENT-2013-NAVY_AIRCRAFT_BA1-4-JustificationBook_Navy_PB_2013.zzz_unzipped-JustificationBook_Navy_PB_2013.xml","d2754e07aff7a1b263a31dad19b45c69e96d75bcc74c3f11578b13908f285a79","0-f268d9e024ea8aa18a2d9a83855c2065eba9dd5224f391e80f4d4fb6918172e6","0","See End Item P5A","See End Item P5A","36","","","","36","","","","","","","1071-ef6c85e41ef313a689b9dbb183bace51cde05b31ec52485e1349458e5cb74a10","root"
"CFE - Airframe T.L.","0","","","","51.124","3","","","","","","","2013-BASE_PROCUREMENT-2013-NAVY_AIRCRAFT_BA1-4-JustificationBook_Navy_PB_2013.zzz_unzipped-JustificationBook_Navy_PB_2013.xml","35ba065fc15348b04ce24529e69be9f99c6cbf65b10c2c0aa5e1f211a03d3de7","0-0cc29a50fd0059a96cbb4a2201ea18f56dbb2cac2169ff15461d1190db0fb936","0","See End Item P5A","See End Item P5A","22","","","","22","","","","","","","1072-7bc1dfe14ca28a6bfcf7df1b97ffa6897a64e665e5d95b45fca05df5fa4891ef","root"
"Airframe T.L.","0","870.7","0.903","49","23.6","26","","","","","","","2013-BASE_PROCUREMENT-2013-NAVY_AIRCRAFT_BA1-4-JustificationBook_Navy_PB_2013.zzz_unzipped-JustificationBook_Navy_PB_2013.xml","726c637195c83e4c0a7ae20346d13ed0b7692dc152694d77e984d871c4d21a8a","0-393688fbc890a3593c2f2cfe39aaafa6e2ee900c1a20edf36d77f2b310157b2c","1","","","","","","","","","","","","","","","1075-7b3e4f911434dd1d7a058a33e1ca3077034cb6c9f3500e95d695128aea3e8c09","root"
"CFE- Airframe T. L.","0","528.379","163.242","85.071","50.84","4","","","","","","","2013-BASE_PROCUREMENT-2013-NAVY_AIRCRAFT_BA1-4-JustificationBook_Navy_PB_2013.zzz_unzipped-JustificationBook_Navy_PB_2013.xml","1b6e4b702b24277efec88c4dfcfbc287d38c3d115d2ccf877dd9d7935349683e","0-38134aac049eda627903d2f2a068c470be879d0969b854251c074038c1805f84","0","See End Item P5A","See End Item P5A","36","","","","36","","","","","","","1077-c90a706891d91764b7d0e65075f6e0c65b397f137940cfd36ce9ef73c3ad3aa3","root"
"CFE-Airframe T.L.","0","221.354","222.053","91.439","82.835","6","","","","","","","2013-BASE_PROCUREMENT-2013-NAVY_AIRCRAFT_BA1-4-JustificationBook_Navy_PB_2013.zzz_unzipped-JustificationBook_Navy_PB_2013.xml","e15cc253127a516a7fca2e9705906e3c1522561f68e61267472a1ae406c2db8f","0-9b6f9eecb09178a25824c32c3065080b0c5f61bb8189922c1654b0895f4fcf8c","0","See End Item P5A","See End Item P5A","36","","","","36","","","","","","","1079-abbad037c4434e88c78b4027cda68fc9ff907cd1d595490dbebbc63e2f9e4827","root"
"CFE - AirFrame  TL","0","825.581","","","0","0","","","","","","","2013-BASE_PROCUREMENT-2013-NAVY_AIRCRAFT_BA1-4-JustificationBook_Navy_PB_2013.zzz_unzipped-JustificationBook_Navy_PB_2013.xml","88900f9fefa8c2efa538b7df0981031e5954f9d461c6376f83fc0b897746a2a5","0-0aa53ddb293c0389004513df05ebeda5e56dbdee935133a9d107ee87d20324fa","18","See End Item P5A","See End Item P5A","24","","","","24","","","","","","","1081-731e7e2f93ea82133d8f829355a90079b7b0b43e747302ec032ff65aefb1be5a","root"
"Airframe T.L.","0","144.64","20.563","21.933","0","12","","","","","","","2013-BASE_PROCUREMENT-2013-NAVY_AIRCRAFT_BA7-MasterJustificationBook_Navy_PB_2013.zzz_unzipped-MasterJustificationBook_Navy_PB_2013.xml","fc4ad63a37f11443d049b6c774a2c3a61b497f69db08ea5c5de15e3106a0de6f","0-b28b928e18dd61f44dc4b0c3ff020c09b20920f3094c7200159aee820b4ac5fd","1","","","","","","","","","","","","","","","1083-107ae5e9b4d2d8758676e2d0ade18742f7a2a4c99d17fd8eb94ad89341413eb5","root"
"UH-1Y Cabin Materials","0","24.2","23.872","23.813","27.864","0","","","","","","","2013-BASE_PROCUREMENT-2013-NAVY_AIRCRAFT_BA7-MasterJustificationBook_Navy_PB_2013.zzz_unzipped-MasterJustificationBook_Navy_PB_2013.xml","b45801296a3524f507a18fb8bb9e6f0e3f8222e13c23ef914a357860ad0ef060","0-6ad5e30df20bb8ad0b0d0e993b9ce87562d9ab70f485da8f38a36f5bbbbc22f1","0","","","","","","","","","","","","","","","1085-bdb414edbe75d906dd10c78085f86dd6f17a29198c885d9911b15d90d45273dd","root"
"AH-1Z Cabin Materials","0","15.1","21.543","20.411","26.471","0","","","","","","","2013-BASE_PROCUREMENT-2013-NAVY_AIRCRAFT_BA7-MasterJustificationBook_Navy_PB_2013.zzz_unzipped-MasterJustificationBook_Navy_PB_2013.xml","b45801296a3524f507a18fb8bb9e6f0e3f8222e13c23ef914a357860ad0ef060","1-84e5838f4e5f1706b28e9fab9bec10e8eacbaa60b8ea58b358b558804c74ad2b","0","","","","","","","","","","","","","","","1085-bdb414edbe75d906dd10c78085f86dd6f17a29198c885d9911b15d90d45273dd","root"
"Dynamic Component Parts","8","3.6","4.076","3.969","4.876","0","","","","","","","2013-BASE_PROCUREMENT-2013-NAVY_AIRCRAFT_BA7-MasterJustificationBook_Navy_PB_2013.zzz_unzipped-MasterJustificationBook_Navy_PB_2013.xml","b45801296a3524f507a18fb8bb9e6f0e3f8222e13c23ef914a357860ad0ef060","2-1bf57157f4ed51078b5a55cf36cf81dce623015489013d89481974464ce711de","0","","","","","","","","","","","","","","","1085-bdb414edbe75d906dd10c78085f86dd6f17a29198c885d9911b15d90d45273dd","root"
"Other (forgings, bearings, shafts, castings, bolts, pins, etc.)","13","7.494","8.734","8.557","10.447","0","","","","","","","2013-BASE_PROCUREMENT-2013-NAVY_AIRCRAFT_BA7-MasterJustificationBook_Navy_PB_2013.zzz_unzipped-MasterJustificationBook_Navy_PB_2013.xml","b45801296a3524f507a18fb8bb9e6f0e3f8222e13c23ef914a357860ad0ef060","3-6a1aef0b00db170c318fc33f128037cd0a3c517373efcb3f5524085c789baa14","0","","","","","","","","","","","","","","","1085-bdb414edbe75d906dd10c78085f86dd6f17a29198c885d9911b15d90d45273dd","root"
"CFE - Airframe T.L.","0","317.444","","","0","0","","","","","","","2013-BASE_PROCUREMENT-2013-NAVY_AIRCRAFT_BA7-MasterJustificationBook_Navy_PB_2013.zzz_unzipped-MasterJustificationBook_Navy_PB_2013.xml","52b39e0ba477b629fab29d59fdc36d8c3d0ab657f636c88f6789b1fdfc38a7cd","0-eb23e8d7ee7b351f4cf52abe36705d186d70ac62be06bca9ea4e91cab675124d","1","See End Item P5A","See End Item P5A","19","","","","19","","","","","","","1087-3592674c7644bf7e754771518d8628cdda94dfc0f2f4e23010e52590505283b7","root"
"Airframe for FY12 EOQ/Long Lead","0","","23.607","","0","0","","","","","","","2013-BASE_PROCUREMENT-2013-NAVY_AIRCRAFT_BA7-MasterJustificationBook_Navy_PB_2013.zzz_unzipped-MasterJustificationBook_Navy_PB_2013.xml","52b39e0ba477b629fab29d59fdc36d8c3d0ab657f636c88f6789b1fdfc38a7cd","1-d204b870bc79f034127f4a77ac650d074122682895f22190d00f39b76ee08c23","1","See End Item P5A","See End Item P5A","19","","","","19","","","","","","","1087-3592674c7644bf7e754771518d8628cdda94dfc0f2f4e23010e52590505283b7","root"
"Airframe for FY13 EOQ/Long Lead","0","","","24.053","0","0","","","","","","","2013-BASE_PROCUREMENT-2013-NAVY_AIRCRAFT_BA7-MasterJustificationBook_Navy_PB_2013.zzz_unzipped-MasterJustificationBook_Navy_PB_2013.xml","52b39e0ba477b629fab29d59fdc36d8c3d0ab657f636c88f6789b1fdfc38a7cd","2-9a89c97b38616e029c1d3ca820f9c163a50e8225a5bdfa2f475547ae0d88e1e2","1","See End Item P5A","See End Item P5A","19","","","","19","","","","","","","1087-3592674c7644bf7e754771518d8628cdda94dfc0f2f4e23010e52590505283b7","root"
"Airframe for FY14 EOQ/Long Lead","0","","","2.207","24.505","0","","","","","","","2013-BASE_PROCUREMENT-2013-NAVY_AIRCRAFT_BA7-MasterJustificationBook_Navy_PB_2013.zzz_unzipped-MasterJustificationBook_Navy_PB_2013.xml","52b39e0ba477b629fab29d59fdc36d8c3d0ab657f636c88f6789b1fdfc38a7cd","3-73f0167482c88061a396b518fe1e6e943c6c6346c3fc2a72c580abc29bafe976","1","See End Item P5A","See End Item P5A","19","","","","19","","","","","","","1087-3592674c7644bf7e754771518d8628cdda94dfc0f2f4e23010e52590505283b7","root"
"Airframe for FY15 EOQ/Long Lead","0","","","0.981","0.865","0","","","","","","","2013-BASE_PROCUREMENT-2013-NAVY_AIRCRAFT_BA7-MasterJustificationBook_Navy_PB_2013.zzz_unzipped-MasterJustificationBook_Navy_PB_2013.xml","52b39e0ba477b629fab29d59fdc36d8c3d0ab657f636c88f6789b1fdfc38a7cd","4-dacd80ee0fadd25d6271f0b06f6866671cfe09de1bb77eff8002af2dcba874b6","1","See End Item P5A","See End Item P5A","19","","","","19","","","","","","","1087-3592674c7644bf7e754771518d8628cdda94dfc0f2f4e23010e52590505283b7","root"
"CFE - Airframe T.L.","0","310.064","66.262","","0","0","","","","","","","2013-BASE_PROCUREMENT-2013-NAVY_AIRCRAFT_BA7-MasterJustificationBook_Navy_PB_2013.zzz_unzipped-MasterJustificationBook_Navy_PB_2013.xml","6b43da5773fdddd6745e6a9177c3b5322c6d5d599a05e656a65c474843726605","0-984f5555038a3af57de45b90571f30fe1aa2b26426e8cc23641b54d3151baa47","1","","","","","","","","","","","","","","","1089-44e9bed9180726beabec0584ecc33d6349ce159d8b2c020d09d38524fa90772f","root"
"CC/Avionics - T.L./Other","0","475.753","59.408","","0","0","","","","","","","2013-BASE_PROCUREMENT-2013-NAVY_AIRCRAFT_BA7-MasterJustificationBook_Navy_PB_2013.zzz_unzipped-MasterJustificationBook_Navy_PB_2013.xml","6b43da5773fdddd6745e6a9177c3b5322c6d5d599a05e656a65c474843726605","1-300f9d95cc10549db62d0f082c63c1f162b79d667935ec36c5f779cf8f2e16e1","1","","","","","","","","","","","","","","","1089-44e9bed9180726beabec0584ecc33d6349ce159d8b2c020d09d38524fa90772f","root"
"CFE - Airframe T.L.","0","267.06","166.809","244.894","325.679","13","","","","","","","2013-BASE_PROCUREMENT-2013-NAVY_AIRCRAFT_BA7-MasterJustificationBook_Navy_PB_2013.zzz_unzipped-MasterJustificationBook_Navy_PB_2013.xml","a239252c2db994d3d59f63231ca3c22a219233e70e30c14c66a0ba0cdfbe6d4f","0-5e7da9bea5b2c792a64129b5cfadbaecce67b398293624d13315db68fbbfe89e","0","See End Item P5A","See End Item P5A","35","","","","35","","","","","","","1091-465e0b7e26caf6fb797a42951870acf93e33094a6fdae1edd9c941ef1f4b34da","root"
"CFE - Airframe T.L.","0","362.596","117.941","157.942","123.179","0","","","","","","","2013-BASE_PROCUREMENT-2013-NAVY_AIRCRAFT_BA7-MasterJustificationBook_Navy_PB_2013.zzz_unzipped-MasterJustificationBook_Navy_PB_2013.xml","f574b404c7e4bb0b9eaa9bd06310ba954fd8383396e28c51365d22c8228792d8","0-016e82ace194ad8d6bce4281fdaa9fecb39515a345301fe9a03793255f716822","1","See End Item P5A","See End Item P5A","42","","","","42","","","","","","","1093-7c3265099d8bedac711cb513a290e5e6f0c75dc3fd7e4cace4fb8c48df5708ac","root"
"For FY 2015 Long Lead","0","","","","0","0","","","","","","","2013-BASE_PROCUREMENT-2013-NAVY_AIRCRAFT_BA7-MasterJustificationBook_Navy_PB_2013.zzz_unzipped-MasterJustificationBook_Navy_PB_2013.xml","f574b404c7e4bb0b9eaa9bd06310ba954fd8383396e28c51365d22c8228792d8","1-8b228920dad67d5b4ba9fb9279ecfa5060669af370b9da88a4479aface1a728b","1","","","","","","","","","","","","","","","1093-7c3265099d8bedac711cb513a290e5e6f0c75dc3fd7e4cace4fb8c48df5708ac","root"
"For FY 2016 Long Lead","0","","","","0","0","","","","","","","2013-BASE_PROCUREMENT-2013-NAVY_AIRCRAFT_BA7-MasterJustificationBook_Navy_PB_2013.zzz_unzipped-MasterJustificationBook_Navy_PB_2013.xml","f574b404c7e4bb0b9eaa9bd06310ba954fd8383396e28c51365d22c8228792d8","2-82d9a388784d39d2f7c95c6a878d27a4d19bc6c5725cbcd3d323d771fa05d7f9","1","","","","","","","","","","","","","","","1093-7c3265099d8bedac711cb513a290e5e6f0c75dc3fd7e4cace4fb8c48df5708ac","root"
"For FY 2017 Long Lead","0","","","","0","0","","","","","","","2013-BASE_PROCUREMENT-2013-NAVY_AIRCRAFT_BA7-MasterJustificationBook_Navy_PB_2013.zzz_unzipped-MasterJustificationBook_Navy_PB_2013.xml","f574b404c7e4bb0b9eaa9bd06310ba954fd8383396e28c51365d22c8228792d8","3-18d00061ac683b53be9ead390f4645da183ea4b01006e12efb7078cae9680716","1","","","","","","","","","","","","","","","1093-7c3265099d8bedac711cb513a290e5e6f0c75dc3fd7e4cace4fb8c48df5708ac","root"
"For FY 2018 Long Lead","0","","","","0","0","","","","","","","2013-BASE_PROCUREMENT-2013-NAVY_AIRCRAFT_BA7-MasterJustificationBook_Navy_PB_2013.zzz_unzipped-MasterJustificationBook_Navy_PB_2013.xml","f574b404c7e4bb0b9eaa9bd06310ba954fd8383396e28c51365d22c8228792d8","4-24a1953608195177d7bc5784865b7dac442faf136e8c2a5db3ff88b500bc7e21","1","","","","","","","","","","","","","","","1093-7c3265099d8bedac711cb513a290e5e6f0c75dc3fd7e4cace4fb8c48df5708ac","root"
"CFE - Airframe T.L.","0","211.565","","0","20","0","","","","","","","2013-BASE_PROCUREMENT-2013-NAVY_AIRCRAFT_BA7-MasterJustificationBook_Navy_PB_2013.zzz_unzipped-MasterJustificationBook_Navy_PB_2013.xml","19b818fa742a194bd563aa5faa6e5e005c270142ae3622837df452b09ef21fd9","0-c488d2641527fde37d9bf17943fad4f3b7f9380865bda863d93fe5e1aa618c19","0","See End Item P5A","See End Item P5A","36","","","","36","","","","","","","1098-408144823323a0f82ae0eea469b6b2c0b10ccb34411a87016fbd758b8faf5b03","root"
"CFE - Airframe T.L.","0","","","","51.124","3","","","","","","","2013-BASE_PROCUREMENT-2013-NAVY_AIRCRAFT_BA7-MasterJustificationBook_Navy_PB_2013.zzz_unzipped-MasterJustificationBook_Navy_PB_2013.xml","a2cf9a9f7e41de0e4e8e70c616aab683dbff4c199053caf8b648f74fa8d86680","0-be4c10dc3bdd50c67f9f73e2573f9e40366ae5ee3fea0b93d0de3c7b3736ae76","0","See End Item P5A","See End Item P5A","22","","","","22","","","","","","","1099-b97e4dcae37a2030d82cf7311cdcebe1fbc1cfca4d901ff3e3ca83c643aa75da","root"
"Airframe T.L.","0","870.7","0.903","49","23.6","26","","","","","","","2013-BASE_PROCUREMENT-2013-NAVY_AIRCRAFT_BA7-MasterJustificationBook_Navy_PB_2013.zzz_unzipped-MasterJustificationBook_Navy_PB_2013.xml","e21141c5bdc26da71ac5ea984451900c0d04cdb459ada4454fef17e3e0d037e3","0-d2d926c747f622928ae41e2e012d9bdf02d80eb777af52f78fa3ec2a4d4b9efd","1","","","","","","","","","","","","","","","1102-5ed52523bff867ae12138adbfdb6e32ac701454573c3cece639266a6234aa833","root"
"CFE- Airframe T. L.","0","528.379","163.242","85.071","50.84","4","","","","","","","2013-BASE_PROCUREMENT-2013-NAVY_AIRCRAFT_BA7-MasterJustificationBook_Navy_PB_2013.zzz_unzipped-MasterJustificationBook_Navy_PB_2013.xml","6be8c1ba8081b3684a551a7ebb51417b1707dd863e3e39ea0bab2286adf1d1a8","0-d8fbec70cfb12c1ecc3e4064f1fac49bfb326f283524fe2a6a53126ce9e34ff9","0","See End Item P5A","See End Item P5A","36","","","","36","","","","","","","1104-e85fca0e2a93c0fa76af90fa20545e0aa1ae5c4c8b66b9d52ae09975fa2baf5c","root"
"CFE-Airframe T.L.","0","221.354","222.053","91.439","82.835","6","","","","","","","2013-BASE_PROCUREMENT-2013-NAVY_AIRCRAFT_BA7-MasterJustificationBook_Navy_PB_2013.zzz_unzipped-MasterJustificationBook_Navy_PB_2013.xml","57b7e75a2b5cb2d490ce2912a42672afdb440d0c4fc34c245fb92baa86ce8db1","0-790d9a3223208cfd698f2c06ba3e7674d26eee56e70e2c08208f9fb4119bc3e9","0","See End Item P5A","See End Item P5A","36","","","","36","","","","","","","1106-5b8deab3d878741028e7b9dcd28e9822d3086a861d99d44d00e37075cd3a1a03","root"
"CFE - AirFrame  TL","0","825.581","","","0","0","","","","","","","2013-BASE_PROCUREMENT-2013-NAVY_AIRCRAFT_BA7-MasterJustificationBook_Navy_PB_2013.zzz_unzipped-MasterJustificationBook_Navy_PB_2013.xml","7597bbdd4d25ec92c5844fecacfdaaaa10c12e15befbde6f7b81db23360e002e","0-710b2f742282ca12703d94e63589869908915d3b3407404ccf2973fbb5564d7a","18","See End Item P5A","See End Item P5A","24","","","","24","","","","","","","1108-f6ac504d795fbd7cebd982eaf256c8e04b61d6c5559a3300fbe1f9fb43b4778a","root"
"Equipment","0","0.000","112.2","175.8","0.000","","0.000","0.000","0.000","0","0.000","288","2014-BASE_PROCUREMENT-2014-AIRFORCE_AIRCRAFT_VOL2-PROCUREMENT_JustificationBook_Air_Force_PB_2014.zzz_unzipped-PROCUREMENT_JustificationBook_Air_Force_PB_2014.xml","3ba6d0699113e4ef65d7f6ec694660fbec2ac47e37f1b3dac3a0dc212d137479","0-112137b77447e6493282bd39f5c188a6f0bd91914a1b1a0efb2b2adb3e5f78c5","","","","","","","","","","","","","","","","1666-4ca0b12e3d3ff4ea96161313069db9800d81b388020ad27449c51ed5f2f8a8aa","root"
"F-35 Airframe Equipment","0","782.752","178.602","228.852","283.751","","376.58","397.666","450.84","458.955","14514.124","17672.122","2014-BASE_PROCUREMENT-2014-AIRFORCE_AIRCRAFT_VOL1-PROCUREMENT_JustificationBook_Air_Force_PB_2014.zzz_unzipped-PROCUREMENT_JustificationBook_Air_Force_PB_2014.xml","9b61234d81d63166f24ad258b5e55dffeec409e2dd27bb2645028bc0cc61d668","0-cce0616c433f9548e50baa7fa8509d0807e27181d69f035d9872bb85c25fa7e1","","Lockheed Martin","Fort Worth, TX","","","","","","","","","","","","1712-89276e1165caf35803cf3e3a0cb9a0d221a149a4a7ecccdb92139d1f07f7782e","root"
"AVIONICS","12","117.656","20","15","0","","0","0","0","0","0","152.656","2014-BASE_PROCUREMENT-2014-AIRFORCE_AIRCRAFT_VOL1-PROCUREMENT_JustificationBook_Air_Force_PB_2014.zzz_unzipped-PROCUREMENT_JustificationBook_Air_Force_PB_2014.xml","2646edf56b0a2f35eb384cabca2534ac2cc070221cde934447c037bbc8c8d2fd","0-32a67bbcfcdd3468e0261a38269e510088902c0510b3c5b89f9483731d222e4b","","BELL BOEING","RIDLEY PARK, PA, FT WORTH, TX AND AMARILLO, TX","0","0","0","0","0","0","0","0","0.00","0.00","0.00","1718-9000f801411fa9c4720b7b3aced15b64a7697d6d779e1c7b141c1bec7799e280","root"
"Advance Procurement","12","9.877","20","0","0","","0","0","0","0","0","29.877","2014-BASE_PROCUREMENT-2014-AIRFORCE_AIRCRAFT_VOL1-PROCUREMENT_JustificationBook_Air_Force_PB_2014.zzz_unzipped-PROCUREMENT_JustificationBook_Air_Force_PB_2014.xml","bd8d3703cfac5e9e892e26e724cf56264b9f965383fa3d44cc73d8d7aff20159","0-527bb2b9264c6ea34ca8256bddab5c0db2724e8a9a294c7e06585fad72d58171","","Lockheed Martin","Marietta GA","","","","","","","","","","","","1726-abb1ec3c9056b3f33e4f082b588345ead41c703fd12d8918c45de0700d6a1423","root"
"Global Hawk Block 30","1","659.898","71.5","0","0","","0","0","0","0","0","731.398","2014-BASE_PROCUREMENT-2014-AIRFORCE_AIRCRAFT_VOL1-PROCUREMENT_JustificationBook_Air_Force_PB_2014.zzz_unzipped-PROCUREMENT_JustificationBook_Air_Force_PB_2014.xml","7d6024d0805daa28a288cfe9e56a9395294a4bb690e51891da9ecc5630b114e6","0-4f21935da8287143fc3350db2d29d40bcad1b106fa80d71ffa597092d6d3d371","","Northrop Grumman","Rancho Bernardo, CA","","","","","","","","","","","","1728-2c4aba95498bd3a8578c0db89406073a205fc6dfa29db125328291a111d2ad83","root"
"Advance Procurement","12","542.679","50","0","70","","140","20","0","0","0","822.679","2014-BASE_PROCUREMENT-2014-AIRFORCE_AIRCRAFT_VOL1-PROCUREMENT_JustificationBook_Air_Force_PB_2014.zzz_unzipped-PROCUREMENT_JustificationBook_Air_Force_PB_2014.xml","87fe378a0d0a4ac2bd7f5599a847577c8b84352d788084ef2c6af33bc809e3d3","0-5b8eef94a217686084c1bc7e3c9261ef5085ee5effd1f4a703bf63b4fbaf4eb0","","Lockheed Martin","Marietta GA","","","","","","","","","","","","1753-434fb9352040a89f21e1a38e18d394e47c7ac0e39db3b05a53a43527f9a673a8","root"
"Advance Procurement","12","9.945","10","0","40","","50","30","0","0","0","139.945","2014-BASE_PROCUREMENT-2014-AIRFORCE_AIRCRAFT_VOL1-PROCUREMENT_JustificationBook_Air_Force_PB_2014.zzz_unzipped-PROCUREMENT_JustificationBook_Air_Force_PB_2014.xml","dbfe8de14b0d32c628ed01d3914e078284fa20402d5b14399264b391cbf7da9d","0-c3859ec3257be3896793836d08e2dd554d3ed9107c3a1bb742adb55408739e12","","","","","","","","","","","","","","","","1755-28b0b020cf1f1c43d128610dd926aea9117db75ecc232e7331f3f48684a3673b","root"
"Advance Procurement","12","59.669","40","0","20","","80","50","60","0","0","309.669","2014-BASE_PROCUREMENT-2014-AIRFORCE_AIRCRAFT_VOL1-PROCUREMENT_JustificationBook_Air_Force_PB_2014.zzz_unzipped-PROCUREMENT_JustificationBook_Air_Force_PB_2014.xml","8006d245bd699020fdba3c4b1cd620c2f5d69d075a47574c25b22402c14a21e8","0-a5fea80fb403aa0fb9d155d449e6db40db98891193174804a044e3832b7fda2c","","Lockheed Martin","Marietta GA","","","","","","","","","","","","1757-b27f1062232d929db3015497c969acce6ccee5e2a07f3c51d2a4b5d134eab73b","root"
"F-35 Airframe Equipment","0","782.752","178.602","228.852","283.751","","376.58","397.666","450.84","458.955","14514.124","17672.122","2014-BASE_PROCUREMENT-2014-AIRFORCE_AIRCRAFT_VOL2-PROCUREMENT_MasterJustificationBook_Air_Force_PB_2014.zzz_unzipped-PROCUREMENT_MasterJustificationBook_Air_Force_PB_2014.xml","49e6ebb877c28b1a5a5ad3ec630e9669d0f205b4790c66bd50e69d037f2b0687","0-e67665dd542656101f53c97c1e61fc6499f25d1933a4a04f98010170eca1b9f7","","Lockheed Martin","Fort Worth, TX","","","","","","","","","","","","1759-279fc5e57d7585c5a5fabef3154d3bb00b85460c5db75698f167c4cb0959f05a","root"
"AVIONICS","12","117.656","20","15","0","","0","0","0","0","0","152.656","2014-BASE_PROCUREMENT-2014-AIRFORCE_AIRCRAFT_VOL2-PROCUREMENT_MasterJustificationBook_Air_Force_PB_2014.zzz_unzipped-PROCUREMENT_MasterJustificationBook_Air_Force_PB_2014.xml","87e6219c53a6a0e21d8cd2ef48641c364c0940e3ebc418f58e09ce6611c01b96","0-ca62ca6d091a30a17ada7f1e06dbb723118d5deec094965edf459aad4112269b","","BELL BOEING","RIDLEY PARK, PA, FT WORTH, TX AND AMARILLO, TX","0","0","0","0","0","0","0","0","0.00","0.00","0.00","1765-7789307a4706332fc4dfd7721f3c732a2f98f5275a79f4dff56ef457a7e411fb","root"
"Advance Procurement","12","9.877","20","0","0","","0","0","0","0","0","29.877","2014-BASE_PROCUREMENT-2014-AIRFORCE_AIRCRAFT_VOL2-PROCUREMENT_MasterJustificationBook_Air_Force_PB_2014.zzz_unzipped-PROCUREMENT_MasterJustificationBook_Air_Force_PB_2014.xml","45f0be2dfff78b26486004bb5ff808ec4df07601617e528c9f2d0e3c0b68a716","0-fcc1d8de85ae4def4802a4dbdd8515670ab2ef62953ae296650cd4898aae36eb","","Lockheed Martin","Marietta GA","","","","","","","","","","","","1773-677782ee2ee723cc8c82062ddb81e728e80e9df0825ca9847a22385b33d922ef","root"
"Global Hawk Block 30","1","659.898","71.5","0","0","","0","0","0","0","0","731.398","2014-BASE_PROCUREMENT-2014-AIRFORCE_AIRCRAFT_VOL2-PROCUREMENT_MasterJustificationBook_Air_Force_PB_2014.zzz_unzipped-PROCUREMENT_MasterJustificationBook_Air_Force_PB_2014.xml","20f7907056336be4710ebeb3bc8594a8c51886c61c07ee8b10c3abad2debace8","0-a9b5cd165b60410a4ef5db2c4007be174b30b0dc9481e118cc20085f708345a4","","Northrop Grumman","Rancho Bernardo, CA","","","","","","","","","","","","1775-015fff66d5ed194720e3bfa674946c2fdd1facd9408fc97e0a22af5f5564c489","root"
"Advance Procurement","12","542.679","50","0","70","","140","20","0","0","0","822.679","2014-BASE_PROCUREMENT-2014-AIRFORCE_AIRCRAFT_VOL2-PROCUREMENT_MasterJustificationBook_Air_Force_PB_2014.zzz_unzipped-PROCUREMENT_MasterJustificationBook_Air_Force_PB_2014.xml","488edd08a4134d4ef47f67932aa0e770dd42909fc6ec080a1be4113faa890508","0-311b01a831fdc99645df25e6b65a8aaeb5000bf639a5eb546ff160ca09b9aa55","","Lockheed Martin","Marietta GA","","","","","","","","","","","","1800-ce7c69208601001f4278e8a76d0c668075360e224e7bf9e8a8d54953a9e99fcd","root"
"Advance Procurement","12","9.945","10","0","40","","50","30","0","0","0","139.945","2014-BASE_PROCUREMENT-2014-AIRFORCE_AIRCRAFT_VOL2-PROCUREMENT_MasterJustificationBook_Air_Force_PB_2014.zzz_unzipped-PROCUREMENT_MasterJustificationBook_Air_Force_PB_2014.xml","afff2db197154c64bd3603746babe747ea6f30fabb8f1dcbb90731d86f8fdd0a","0-3bd9e8dc31994ae9d846cf0689b1a2d6f541ce251e45825dea7985f9efa9b096","","","","","","","","","","","","","","","","1802-0a512f88dd4d0b4a8a6f6dac9d074f7aa44282263dc5fff173344358bc624d22","root"
"Advance Procurement","12","59.669","40","0","20","","80","50","60","0","0","309.669","2014-BASE_PROCUREMENT-2014-AIRFORCE_AIRCRAFT_VOL2-PROCUREMENT_MasterJustificationBook_Air_Force_PB_2014.zzz_unzipped-PROCUREMENT_MasterJustificationBook_Air_Force_PB_2014.xml","568274f6da4ae741bf3451b1e4bd1ce95232308fe969b118463d712471e787ca","0-4ab390f53086ebc0b9a00c2bf0623a6f23190c41cbf0d63a4d10e7dbec1cdcf4","","Lockheed Martin","Marietta GA","","","","","","","","","","","","1804-40b17e7b3614f85eb69bb747fe0f8d945aca67a291f80a262dee1238e4a38331","root"
"F-35 Airframe Equipment","0","782.752","178.602","228.852","283.751","","376.58","397.666","450.84","458.955","14514.124","17672.122","2014-BASE_PROCUREMENT-2014-AIRFORCE_AIRCRAFT_VOL1-PROCUREMENT_MasterJustificationBook_Air_Force_PB_2014.zzz_unzipped-PROCUREMENT_MasterJustificationBook_Air_Force_PB_2014.xml","6ab9e29ac3b8aded689164aba8dab423bb75c52b5172bcd81d5d2ac7eeafb8ff","0-25deb959859ec2e5d34973f5b1775d72f3bc5f09fa8e28932101385c9ef04d52","","Lockheed Martin","Fort Worth, TX","","","","","","","","","","","","1806-c1e332a5344172b2e1dc789fa2259e59f30f4f2a8d0f5a2849947d112cd12910","root"
"AVIONICS","12","117.656","20","15","0","","0","0","0","0","0","152.656","2014-BASE_PROCUREMENT-2014-AIRFORCE_AIRCRAFT_VOL1-PROCUREMENT_MasterJustificationBook_Air_Force_PB_2014.zzz_unzipped-PROCUREMENT_MasterJustificationBook_Air_Force_PB_2014.xml","64862d5509d36b3dc25821d3aee2b698b642d9914a9acb94aba0df7947892b95","0-3f2fe229fd16d297ab0ac85253808a23b594a08f63158634b980ab5422ced6c4","","BELL BOEING","RIDLEY PARK, PA, FT WORTH, TX AND AMARILLO, TX","0","0","0","0","0","0","0","0","0.00","0.00","0.00","1812-ecc7dca390731b0b29126b8b94cab8dffbdcd7884ec06b581f89f61b60e62243","root"
"Advance Procurement","12","9.877","20","0","0","","0","0","0","0","0","29.877","2014-BASE_PROCUREMENT-2014-AIRFORCE_AIRCRAFT_VOL1-PROCUREMENT_MasterJustificationBook_Air_Force_PB_2014.zzz_unzipped-PROCUREMENT_MasterJustificationBook_Air_Force_PB_2014.xml","df67eff3c686183f6dcf7d4101da8c03f51d7865cf70fd8211d6e348ea90397e","0-9341d91656463a9c899b88b56eea803f508ebcca88bb66c2e412712aaf6b9272","","Lockheed Martin","Marietta GA","","","","","","","","","","","","1820-cf6acf58a6bfed2b563a4225fa2cad85c0b5ad1c52693a2ce3bb8ff02685fc16","root"
"Global Hawk Block 30","1","659.898","71.5","0","0","","0","0","0","0","0","731.398","2014-BASE_PROCUREMENT-2014-AIRFORCE_AIRCRAFT_VOL1-PROCUREMENT_MasterJustificationBook_Air_Force_PB_2014.zzz_unzipped-PROCUREMENT_MasterJustificationBook_Air_Force_PB_2014.xml","316c8a1eea6fda1117d3c520bf1b7b3c456a990002e7720ef4597a622b9eacd5","0-bd4bbca6d95326793889be9bcca24c9961d4614fa4c1360ad2785ff556e29f86","","Northrop Grumman","Rancho Bernardo, CA","","","","","","","","","","","","1822-50e806da8c37a4a27386afb6c6e39030d49e35d22b056c0f21e8fca6aa9cc1b2","root"
"Advance Procurement","12","542.679","50","0","70","","140","20","0","0","0","822.679","2014-BASE_PROCUREMENT-2014-AIRFORCE_AIRCRAFT_VOL1-PROCUREMENT_MasterJustificationBook_Air_Force_PB_2014.zzz_unzipped-PROCUREMENT_MasterJustificationBook_Air_Force_PB_2014.xml","9de913aeb6567c0d4534e57110f9dda8f4ab9f2890ebec10995f16b0056b8d4a","0-fd9ed2b2b0fc6600ed6f705568b821ac378f77d0e6300affd6c16c22c5db4fff","","Lockheed Martin","Marietta GA","","","","","","","","","","","","1847-22969d9aab9d01811e2ee214419188b9260f6e8b500fcf04b5657398d46b45ae","root"
"Advance Procurement","12","9.945","10","0","40","","50","30","0","0","0","139.945","2014-BASE_PROCUREMENT-2014-AIRFORCE_AIRCRAFT_VOL1-PROCUREMENT_MasterJustificationBook_Air_Force_PB_2014.zzz_unzipped-PROCUREMENT_MasterJustificationBook_Air_Force_PB_2014.xml","b4e943eafd3729a618b1044fb9e5de1dd8c175e919b52421689b90b7354dd0b6","0-57836213a5a29ab112d0ab69d248d85c828825a956014652c48d2ab10180368e","","","","","","","","","","","","","","","","1849-e64810f141d50bc0a940508ca858d56103225366d94320855d546fc5e934a33f","root"
"Advance Procurement","12","59.669","40","0","20","","80","50","60","0","0","309.669","2014-BASE_PROCUREMENT-2014-AIRFORCE_AIRCRAFT_VOL1-PROCUREMENT_MasterJustificationBook_Air_Force_PB_2014.zzz_unzipped-PROCUREMENT_MasterJustificationBook_Air_Force_PB_2014.xml","1800a4a3cade962759517e8f30a849a8b21a34bb984d87d8abe05b8727f27625","0-1e1ed3d1afbcb8eb7481f4e99a8b48864abd0767a5d9682ecb98e1d73d60420a","","Lockheed Martin","Marietta GA","","","","","","","","","","","","1851-960013c3eb86dc1dab14b44fe61b4cb51eee375a5979b875386f0f5a120dc8c0","root"
"Equipment","0","0.000","112.2","175.8","0.000","","0.000","0.000","0.000","0","0.000","288","2014-BASE_PROCUREMENT-2014-AIRFORCE_AIRCRAFT_VOL2-PROCUREMENT_MasterJustificationBook_Air_Force_PB_2014.zzz_unzipped-PROCUREMENT_MasterJustificationBook_Air_Force_PB_2014.xml","f3cdf2d13e7be34dede41451564c52d925e6e0b93b056f441a0daee4409784ce","0-a4c53cd7035c06f25ee2222b3a72ff2e9b1d3ea2067290c3e468326bad0cec78","","","","","","","","","","","","","","","","1855-7e65cc48c90ba9f1984521a32798b2daa24b27e07d3889d324292e0c71896a45","root"
"Equipment","0","0.000","112.2","175.8","0.000","","0.000","0.000","0.000","0","0.000","288","2014-BASE_PROCUREMENT-2014-AIRFORCE_AIRCRAFT_VOL1-PROCUREMENT_MasterJustificationBook_Air_Force_PB_2014.zzz_unzipped-PROCUREMENT_MasterJustificationBook_Air_Force_PB_2014.xml","29104156e060cc3a07cecaaddf8abdc61858a2c3f3cfbae6621a8cd74336ce3c","0-9cd99cb993f573833903555e9d2ae6f580bc2cbbeba83e2b6d4de25e711db29c","","","","","","","","","","","","","","","","1903-f381f093a80c90b116b8a7fd8b5005972687a0ccc1520b602223ce5a899749d6","root"
"Airframe T.L.","0","165.203","22.453","0","0","0","","","","","","","2014-BASE_PROCUREMENT-2014-NAVY_AIRCRAFT_BA1-4-PROCUREMENT_JustificationBook_Navy_PB_2014.zzz_unzipped-PROCUREMENT_JustificationBook_Navy_PB_2014.xml","59eb071a2b8c27825df619eb2437ee7c5c84f3ba541674a32571545b2cf94550","0-b4e8efa5ce7b1c116c9ae83a568156fcd56b54a364676fa753cad1ab4d650b81","1","See End Item P5A","See End Item P5A","38","","","","38","","","","","","","2720-6e1678a73599ecada001a0cdc15770905e172df8caf9fc5f2a01656a0e963fb1","root"
"UH-1Y Cabin Materials","0","48.072","23.813","27.864","28.416","0","","","","","","","2014-BASE_PROCUREMENT-2014-NAVY_AIRCRAFT_BA1-4-PROCUREMENT_JustificationBook_Navy_PB_2014.zzz_unzipped-PROCUREMENT_JustificationBook_Navy_PB_2014.xml","7fa98ebdf00716dac253784ec3c8e6d0fdbc0d8a1c13700e5d8d3eb0e6053267","0-830468e2cb7f88d368a14cf0ee4150f6e854bd15bcef3766a689b4a0d3c7fb18","0","See End Item P5A","See End Item P5A","28","","","","28","","","","","","","2722-a937264be050cfc0f404e8b6162db976bda545690db2898ebb999ef221fd2b4b","root"
"AH-1Z Cabin Materials","0","36.643","20.411","26.471","26.995","0","","","","","","","2014-BASE_PROCUREMENT-2014-NAVY_AIRCRAFT_BA1-4-PROCUREMENT_JustificationBook_Navy_PB_2014.zzz_unzipped-PROCUREMENT_JustificationBook_Navy_PB_2014.xml","7fa98ebdf00716dac253784ec3c8e6d0fdbc0d8a1c13700e5d8d3eb0e6053267","1-142ec2753a3a21c1b669cc9049bdc3ec7c311eb1aad5b906d010f03cca336b9c","0","See End Item P5A","See End Item P5A","38","","","","38","","","","","","","2722-a937264be050cfc0f404e8b6162db976bda545690db2898ebb999ef221fd2b4b","root"
"Dynamic Component Parts","8","7.676","3.969","4.876","4.973","0","","","","","","","2014-BASE_PROCUREMENT-2014-NAVY_AIRCRAFT_BA1-4-PROCUREMENT_JustificationBook_Navy_PB_2014.zzz_unzipped-PROCUREMENT_JustificationBook_Navy_PB_2014.xml","7fa98ebdf00716dac253784ec3c8e6d0fdbc0d8a1c13700e5d8d3eb0e6053267","2-bbc6706e5a088979c25376920e330ea8688c17824979d9ece78bb75f051beb88","0","See End Item P5A","See End Item P5A","28","","","","28","","","","","","","2722-a937264be050cfc0f404e8b6162db976bda545690db2898ebb999ef221fd2b4b","root"
"Other (forgings, bearings, shafts, castings, bolts, pins, etc.)","13","16.228","8.557","10.447","10.616","0","","","","","","","2014-BASE_PROCUREMENT-2014-NAVY_AIRCRAFT_BA1-4-PROCUREMENT_JustificationBook_Navy_PB_2014.zzz_unzipped-PROCUREMENT_JustificationBook_Navy_PB_2014.xml","7fa98ebdf00716dac253784ec3c8e6d0fdbc0d8a1c13700e5d8d3eb0e6053267","3-67741f37c53822dbad2017d4a390d96ae8e42d088f41c5bdb5bff45aa4fbad2d","0","See End Item P5A","See End Item P5A","28","","","","28","","","","","","","2722-a937264be050cfc0f404e8b6162db976bda545690db2898ebb999ef221fd2b4b","root"
"CFE - Airframe T.L.","0","317.443","","","0","0","","","","","","","2014-BASE_PROCUREMENT-2014-NAVY_AIRCRAFT_BA1-4-PROCUREMENT_JustificationBook_Navy_PB_2014.zzz_unzipped-PROCUREMENT_JustificationBook_Navy_PB_2014.xml","d9f1e0fb0d1c8f37f7cf1fb8789cbe4e3f3cf2139c15aa9e23860a1278ea6cc4","0-dd7475823e72061d578948b5131d685e83bd2f61b6de1953dce3aef3dac02983","1","See End Item P5A","See End Item P5A","19","","","","19","","","","","","","2724-dfe93a2e18b53479b83abe27b28ef0833ca5d06625792c918479034ab00bf201","root"
"Airframe for FY12 EOQ/Long Lead","0","23.585","","","0","0","","","","","","","2014-BASE_PROCUREMENT-2014-NAVY_AIRCRAFT_BA1-4-PROCUREMENT_JustificationBook_Navy_PB_2014.zzz_unzipped-PROCUREMENT_JustificationBook_Navy_PB_2014.xml","d9f1e0fb0d1c8f37f7cf1fb8789cbe4e3f3cf2139c15aa9e23860a1278ea6cc4","1-9427a9cacd210d6a563e28c19a878472668402e439779059a305d1fe206da6f9","1","See End Item P5A","See End Item P5A","19","","","","19","","","","","","","2724-dfe93a2e18b53479b83abe27b28ef0833ca5d06625792c918479034ab00bf201","root"
"Airframe for FY13 EOQ/Long Lead","0","","24.053","","0","0","","","","","","","2014-BASE_PROCUREMENT-2014-NAVY_AIRCRAFT_BA1-4-PROCUREMENT_JustificationBook_Navy_PB_2014.zzz_unzipped-PROCUREMENT_JustificationBook_Navy_PB_2014.xml","d9f1e0fb0d1c8f37f7cf1fb8789cbe4e3f3cf2139c15aa9e23860a1278ea6cc4","2-83815a38f7d2efc0e9aa26d267af455ea564c85432ad17a973f8b79c3d1fd263","1","See End Item P5A","See End Item P5A","19","","","","19","","","","","","","2724-dfe93a2e18b53479b83abe27b28ef0833ca5d06625792c918479034ab00bf201","root"
"Airframe for FY14 EOQ/Long Lead","0","","2.207","24.505","0","0","","","","","","","2014-BASE_PROCUREMENT-2014-NAVY_AIRCRAFT_BA1-4-PROCUREMENT_JustificationBook_Navy_PB_2014.zzz_unzipped-PROCUREMENT_JustificationBook_Navy_PB_2014.xml","d9f1e0fb0d1c8f37f7cf1fb8789cbe4e3f3cf2139c15aa9e23860a1278ea6cc4","3-3cf96a9228156beb00c0962976792c14d9be1746e8bb6e8705746533cf5bcbf6","1","See End Item P5A","See End Item P5A","19","","","","19","","","","","","","2724-dfe93a2e18b53479b83abe27b28ef0833ca5d06625792c918479034ab00bf201","root"
"Airframe for FY15 EOQ/Long Lead","0","","0.981","0.865","11.157","0","","","","","","","2014-BASE_PROCUREMENT-2014-NAVY_AIRCRAFT_BA1-4-PROCUREMENT_JustificationBook_Navy_PB_2014.zzz_unzipped-PROCUREMENT_JustificationBook_Navy_PB_2014.xml","d9f1e0fb0d1c8f37f7cf1fb8789cbe4e3f3cf2139c15aa9e23860a1278ea6cc4","4-c54221e5083c1c165cbf95d5617d5547e22ff0c9b4dc0ed512fc618c00d6b5c7","1","See End Item P5A","See End Item P5A","19","","","","19","","","","","","","2724-dfe93a2e18b53479b83abe27b28ef0833ca5d06625792c918479034ab00bf201","root"
"CFE - Airframe T.L.","0","376.326","","","0","0","","","","","","","2014-BASE_PROCUREMENT-2014-NAVY_AIRCRAFT_BA1-4-PROCUREMENT_JustificationBook_Navy_PB_2014.zzz_unzipped-PROCUREMENT_JustificationBook_Navy_PB_2014.xml","fca80c4a5bf23e192e9420dded4f49a1b46495e610d6495e88d6fe525d380853","0-9cdfe266fe74739f3253f8b28e62152de7f1e24ed50266824a59f9eb12c99103","1","See End Item P5A","See End Item P5A","25","","","","25","","","","","","","2726-a7f16e734bbc846c3b8fcba0872c238dc2d48ced4f2c9bf0a2beb00788b3ea8d","root"
"CC/Avionics - T.L./Other","0","554.46","","","0","0","","","","","","","2014-BASE_PROCUREMENT-2014-NAVY_AIRCRAFT_BA1-4-PROCUREMENT_JustificationBook_Navy_PB_2014.zzz_unzipped-PROCUREMENT_JustificationBook_Navy_PB_2014.xml","fca80c4a5bf23e192e9420dded4f49a1b46495e610d6495e88d6fe525d380853","1-e948179e4114dd0b464bbba12a26514576f460413fae3aebf4762104bc6571ab","1","See End Item P5A","See End Item P5A","32","","","","32","","","","","","","2726-a7f16e734bbc846c3b8fcba0872c238dc2d48ced4f2c9bf0a2beb00788b3ea8d","root"
"CFE - Airframe T.L.","0","433.869","244.894","325.679","313.16","16","","","","","","","2014-BASE_PROCUREMENT-2014-NAVY_AIRCRAFT_BA1-4-PROCUREMENT_JustificationBook_Navy_PB_2014.zzz_unzipped-PROCUREMENT_JustificationBook_Navy_PB_2014.xml","9153159fe86babf2338e4b160b0225ad806515ca1ccc0dbf362bf9b5e04bfffb","0-42d4427b9ae8b07eb8c30a3e17538c220db7131c73758f6646a1bb4ba24f910b","0","See End Item P5A","See End Item P5A","35","","","","35","","","","","","","2728-0b5bc1001d5bd8f22be1eb84db0e054e0392a07dff2a2699a98dd2de26d3fc9c","root"
"CFE - Airframe T.L.","0","480.537","157.942","123.179","0","0","","","","","","","2014-BASE_PROCUREMENT-2014-NAVY_AIRCRAFT_BA1-4-PROCUREMENT_JustificationBook_Navy_PB_2014.zzz_unzipped-PROCUREMENT_JustificationBook_Navy_PB_2014.xml","0665cc0483394d06f3f23a211d09a0bac88f7a74f6e6df002dd9f2bcbf15f4e0","0-2e0c40fefdbb482b225df52f1a93ddc6155cd027f0d2b82332034d7e44c5de22","1","See End Item P5A","See End Item P5A","39","","","","39","","","","","","","2730-65f79381bc734aed7023246688452ccdf74e60c4e81c2f3c230747a35c4df272","root"
"Prior Years EOQ/Long Lead","0","538.598","","","0","0","","","","","","","2014-BASE_PROCUREMENT-2014-NAVY_AIRCRAFT_BA1-4-PROCUREMENT_JustificationBook_Navy_PB_2014.zzz_unzipped-PROCUREMENT_JustificationBook_Navy_PB_2014.xml","0665cc0483394d06f3f23a211d09a0bac88f7a74f6e6df002dd9f2bcbf15f4e0","1-fe27b98ad537afafe10a11782f99cb3dcdf568bab139662ac7149bed80594fe6","1","See End Item P5A","See End Item P5A","39","","","","39","","","","","","","2730-65f79381bc734aed7023246688452ccdf74e60c4e81c2f3c230747a35c4df272","root"
"For FY 2015 EOQ/Long Lead","0","","","","128.419","0","","","","","","","2014-BASE_PROCUREMENT-2014-NAVY_AIRCRAFT_BA1-4-PROCUREMENT_JustificationBook_Navy_PB_2014.zzz_unzipped-PROCUREMENT_JustificationBook_Navy_PB_2014.xml","0665cc0483394d06f3f23a211d09a0bac88f7a74f6e6df002dd9f2bcbf15f4e0","2-76b5f7c19444f919c2501d153c39dccfdb6b37ffa0a96c76bd58ee046ff559a9","1","See End Item P5A","See End Item P5A","39","","","","39","","","","","","","2730-65f79381bc734aed7023246688452ccdf74e60c4e81c2f3c230747a35c4df272","root"
"For FY 2016 EOQ/Long Lead","0","","","","51.007","0","","","","","","","2014-BASE_PROCUREMENT-2014-NAVY_AIRCRAFT_BA1-4-PROCUREMENT_JustificationBook_Navy_PB_2014.zzz_unzipped-PROCUREMENT_JustificationBook_Navy_PB_2014.xml","0665cc0483394d06f3f23a211d09a0bac88f7a74f6e6df002dd9f2bcbf15f4e0","3-0b4ff072528fc99f8d02abaa200838fca83865c6037287ae04d72ff6d07de1c8","1","See End Item P5A","See End Item P5A","39","","","","39","","","","","","","2730-65f79381bc734aed7023246688452ccdf74e60c4e81c2f3c230747a35c4df272","root"
"For FY 2017 EOQ/Long Lead","0","","","","44.108","0","","","","","","","2014-BASE_PROCUREMENT-2014-NAVY_AIRCRAFT_BA1-4-PROCUREMENT_JustificationBook_Navy_PB_2014.zzz_unzipped-PROCUREMENT_JustificationBook_Navy_PB_2014.xml","0665cc0483394d06f3f23a211d09a0bac88f7a74f6e6df002dd9f2bcbf15f4e0","4-5695a62ac9aea954b78ce9a7d96fbdfd1e65aed2267eb03864c1d4a2e0eef7f6","1","See End Item P5A","See End Item P5A","39","","","","39","","","","","","","2730-65f79381bc734aed7023246688452ccdf74e60c4e81c2f3c230747a35c4df272","root"
"For FY 2018 EOQ/Long Lead","0","","","","43.008","0","","","","","","","2014-BASE_PROCUREMENT-2014-NAVY_AIRCRAFT_BA1-4-PROCUREMENT_JustificationBook_Navy_PB_2014.zzz_unzipped-PROCUREMENT_JustificationBook_Navy_PB_2014.xml","0665cc0483394d06f3f23a211d09a0bac88f7a74f6e6df002dd9f2bcbf15f4e0","5-1472a37638f003188f3cf6a088760db344da4150b6096733c5a09c9dbff915c1","1","See End Item P5A","See End Item P5A","39","","","","39","","","","","","","2730-65f79381bc734aed7023246688452ccdf74e60c4e81c2f3c230747a35c4df272","root"
"For FY 2019 EOQ/Long Lead","0","","","","0","0","","","","","","","2014-BASE_PROCUREMENT-2014-NAVY_AIRCRAFT_BA1-4-PROCUREMENT_JustificationBook_Navy_PB_2014.zzz_unzipped-PROCUREMENT_JustificationBook_Navy_PB_2014.xml","0665cc0483394d06f3f23a211d09a0bac88f7a74f6e6df002dd9f2bcbf15f4e0","6-923e0fcb39e5999fbb282571af5b5c516ba0a0e54dcc5c2ecf81b81c53f9f811","1","See End Item P5A","See End Item P5A","39","","","","39","","","","","","","2730-65f79381bc734aed7023246688452ccdf74e60c4e81c2f3c230747a35c4df272","root"
"CFE - Airframe T.L.","0","197.835","0","20","10.4","2","","","","","","","2014-BASE_PROCUREMENT-2014-NAVY_AIRCRAFT_BA1-4-PROCUREMENT_JustificationBook_Navy_PB_2014.zzz_unzipped-PROCUREMENT_JustificationBook_Navy_PB_2014.xml","2ca0b177ff5773179adc68e99a8aa14d5082a81544df1d5d478b6a1901815e1a","0-09e75add7ae3f2f30a4e41b1beeea57c8b29571437affe96b46c02ab32d22f3c","0","See End Item P5A","See End Item P5A","36","","","","36","","","","","","","2734-c3917a9056e46a12b8fd347bcbfbd9caeedb37eff1b4741724f1fc9c2333599b","root"
"CFE - Airframe T.L.","0","","","51.124","52.002","0","","","","","","","2014-BASE_PROCUREMENT-2014-NAVY_AIRCRAFT_BA1-4-PROCUREMENT_JustificationBook_Navy_PB_2014.zzz_unzipped-PROCUREMENT_JustificationBook_Navy_PB_2014.xml","64929e2f3b423b633d4163e755851b1fd905e7aae3c16591258a0272ed89fca7","0-5e72d6dcd265de59be3b6b5bcd21a291622f1c9de6b2c3ab7657e5b809615b92","0","See End Item P5A","See End Item P5A","27","","","","27","","","","","","","2736-e4bfdb33dbf99c23dee1d80e18989c9f6cf18d65a5683638e8d25d54e9720810","root"
"Airframe T.L.","0","871.603","50.514","27.787","0","0","","","","","","","2014-BASE_PROCUREMENT-2014-NAVY_AIRCRAFT_BA1-4-PROCUREMENT_JustificationBook_Navy_PB_2014.zzz_unzipped-PROCUREMENT_JustificationBook_Navy_PB_2014.xml","049cb91018f89e9c503e94cc8bbd5cb09e1075dae1b2910caf7d2d2f90fe1cc2","0-2a44719052ac3f76349beacf4fe10c57075f8c395eee32b0f4c43e77aaa07559","1","See End Item P5A","See End Item P5A","35","","","","35","","","","","","","2740-1d37ba23ae53ec4147711fa148bc470e47cc76fe94591636d170876ff44b473d","root"
"CFE- Airframe T. L.","0","691.621","85.071","59.314","85.289","4","","","","","","","2014-BASE_PROCUREMENT-2014-NAVY_AIRCRAFT_BA1-4-PROCUREMENT_JustificationBook_Navy_PB_2014.zzz_unzipped-PROCUREMENT_JustificationBook_Navy_PB_2014.xml","f49d6e455d4d07bc582f76515e80682a468b3173944aca0167c23cde3c9c266d","0-c9072deafb0cf7f11c930c9564e5795abc33f222cab2d0afeaef6c60486e7b21","1","See End Item P5A","See End Item P5A","36","","","","36","","","","","","","2742-ec041c5424d9a1cefea10b1b73448a590d518fc9116585a629c7efb69b3785e2","root"
"CFE-Airframe T.L.","0","443.407","91.439","84.959","82.556","6","","","","","","","2014-BASE_PROCUREMENT-2014-NAVY_AIRCRAFT_BA1-4-PROCUREMENT_JustificationBook_Navy_PB_2014.zzz_unzipped-PROCUREMENT_JustificationBook_Navy_PB_2014.xml","c580d71111988ee8091a7769091dbf3b7f66dcdd6bb7f463ae21ffa990ebfa68","0-3f9f0d7cd4f641ae0f3b63604d5a4675c27ab03ae2bea4071e995264c57df4b3","1","See End Item P5A","See End Item P5A","36","","","","36","","","","","","","2744-2a17a7615c3044cfd88e773eb3880e265d198b2ff24eda652581d661c5bec21c","root"
"Prior Years EOQ/Long Lead","0","1128.534","","","0","0","","","","","","","2014-BASE_PROCUREMENT-2014-NAVY_AIRCRAFT_BA1-4-PROCUREMENT_JustificationBook_Navy_PB_2014.zzz_unzipped-PROCUREMENT_JustificationBook_Navy_PB_2014.xml","548502376cfb19caab6522063ca08ecec5f9aeace484fcfe2ccf2e4ec8f531b1","0-93039174788be52caf5a32b9858270f2d52a1aead72f05ed2a57044d027011b8","0","See End Item P5A","See End Item P5A","0","","","","0","","","","","","","2746-ffc55fc14570c8378f8492a39f511383e796a8ba80a94ffe81b0ee7b3ff2d952","root"
"For FY 13 EOQ/Long Lead","0","","59.073","","0","0","","","","","","","2014-BASE_PROCUREMENT-2014-NAVY_AIRCRAFT_BA1-4-PROCUREMENT_JustificationBook_Navy_PB_2014.zzz_unzipped-PROCUREMENT_JustificationBook_Navy_PB_2014.xml","548502376cfb19caab6522063ca08ecec5f9aeace484fcfe2ccf2e4ec8f531b1","1-46f64509b310fef18e9fae06cf98841000113471df05a2cb2e0f27da900ddb28","0","See End Item P5A","See End Item P5A","0","","","","0","","","","","","","2746-ffc55fc14570c8378f8492a39f511383e796a8ba80a94ffe81b0ee7b3ff2d952","root"
"For FY 14 EOQ/Long Lead","0","","","64.798","0","0","","","","","","","2014-BASE_PROCUREMENT-2014-NAVY_AIRCRAFT_BA1-4-PROCUREMENT_JustificationBook_Navy_PB_2014.zzz_unzipped-PROCUREMENT_JustificationBook_Navy_PB_2014.xml","548502376cfb19caab6522063ca08ecec5f9aeace484fcfe2ccf2e4ec8f531b1","2-bcc77479bf1bce7a1c04b778640167b1fff95c761ed4abf25a6131a511a93942","0","See End Item P5A","See End Item P5A","0","","","","0","","","","","","","2746-ffc55fc14570c8378f8492a39f511383e796a8ba80a94ffe81b0ee7b3ff2d952","root"
"For FY 15 EOQ/Long Lead","0","","","31.756","40.017","0","","","","","","","2014-BASE_PROCUREMENT-2014-NAVY_AIRCRAFT_BA1-4-PROCUREMENT_JustificationBook_Navy_PB_2014.zzz_unzipped-PROCUREMENT_JustificationBook_Navy_PB_2014.xml","548502376cfb19caab6522063ca08ecec5f9aeace484fcfe2ccf2e4ec8f531b1","3-06cd20625c4c05de84be44e28875fb0943d1ef4a4815d4a403b61b02d83a1e53","0","See End Item P5A","See End Item P5A","0","","","","0","","","","","","","2746-ffc55fc14570c8378f8492a39f511383e796a8ba80a94ffe81b0ee7b3ff2d952","root"
"For FY 16 EOQ/Long Lead","0","","","29.6","5.898","0","","","","","","","2014-BASE_PROCUREMENT-2014-NAVY_AIRCRAFT_BA1-4-PROCUREMENT_JustificationBook_Navy_PB_2014.zzz_unzipped-PROCUREMENT_JustificationBook_Navy_PB_2014.xml","548502376cfb19caab6522063ca08ecec5f9aeace484fcfe2ccf2e4ec8f531b1","4-0c456a05decaf16e9e2c1638c3dc90b5c1906075d33bad3c0b0b004ced8bf3ca","0","See End Item P5A","See End Item P5A","0","","","","0","","","","","","","2746-ffc55fc14570c8378f8492a39f511383e796a8ba80a94ffe81b0ee7b3ff2d952","root"
"For FY 17 EOQ/Long Lead","0","","","22.324","3.546","0","","","","","","","2014-BASE_PROCUREMENT-2014-NAVY_AIRCRAFT_BA1-4-PROCUREMENT_JustificationBook_Navy_PB_2014.zzz_unzipped-PROCUREMENT_JustificationBook_Navy_PB_2014.xml","548502376cfb19caab6522063ca08ecec5f9aeace484fcfe2ccf2e4ec8f531b1","5-c7907daf015a289a4be9960f686d74636239048d71fccb92229ca1eee369ea87","0","See End Item P5A","See End Item P5A","0","","","","0","","","","","","","2746-ffc55fc14570c8378f8492a39f511383e796a8ba80a94ffe81b0ee7b3ff2d952","root"
"For FY 18 EOQ/Long Lead","0","","","","0","0","","","","","","","2014-BASE_PROCUREMENT-2014-NAVY_AIRCRAFT_BA1-4-PROCUREMENT_JustificationBook_Navy_PB_2014.zzz_unzipped-PROCUREMENT_JustificationBook_Navy_PB_2014.xml","548502376cfb19caab6522063ca08ecec5f9aeace484fcfe2ccf2e4ec8f531b1","6-a6ab49253562548d9715be181f6aeed4b99b1372e15ccae58833d2ce447accca","0","See End Item P5A","See End Item P5A","0","","","","0","","","","","","","2746-ffc55fc14570c8378f8492a39f511383e796a8ba80a94ffe81b0ee7b3ff2d952","root"
"For FY 19 EOQ/Long Lead","0","","","","0","0","","","","","","","2014-BASE_PROCUREMENT-2014-NAVY_AIRCRAFT_BA1-4-PROCUREMENT_JustificationBook_Navy_PB_2014.zzz_unzipped-PROCUREMENT_JustificationBook_Navy_PB_2014.xml","548502376cfb19caab6522063ca08ecec5f9aeace484fcfe2ccf2e4ec8f531b1","7-d431b2354ab688b01c12eecacff0756ccbc2d7a25da5ca7069b3bb64b0f1fd37","0","See End Item P5A","See End Item P5A","0","","","","0","","","","","","","2746-ffc55fc14570c8378f8492a39f511383e796a8ba80a94ffe81b0ee7b3ff2d952","root"
"To Complete EOQ/Long Lead","0","","","","0","0","","","","","","","2014-BASE_PROCUREMENT-2014-NAVY_AIRCRAFT_BA1-4-PROCUREMENT_JustificationBook_Navy_PB_2014.zzz_unzipped-PROCUREMENT_JustificationBook_Navy_PB_2014.xml","548502376cfb19caab6522063ca08ecec5f9aeace484fcfe2ccf2e4ec8f531b1","8-04de228ee20d8bf554705c1ddd9d6dc8ddc0e749cfd6f86339ddf3130a04da62","0","See End Item P5A","See End Item P5A","0","","","","0","","","","","","","2746-ffc55fc14570c8378f8492a39f511383e796a8ba80a94ffe81b0ee7b3ff2d952","root"
"Airframe T.L.","0","165.203","22.453","0","0","0","","","","","","","2014-BASE_PROCUREMENT-2014-NAVY_AIRCRAFT_BA7-PROCUREMENT_MasterJustificationBook_Navy_PB_2014.zzz_unzipped-PROCUREMENT_MasterJustificationBook_Navy_PB_2014.xml","fc4b633568d09aa78acf18bb3a1378b7461e8def6999ee372311daf44c967cce","0-28b83c9746f341e95a5aea706eb7ef5868dbd04a19e5edc307be0cf432cf3719","1","See End Item P5A","See End Item P5A","38","","","","38","","","","","","","2790-28a525ec925b821dbdd85a2797f107d85afebd099e167805689d13e76e521df3","root"
"UH-1Y Cabin Materials","0","48.072","23.813","27.864","28.416","0","","","","","","","2014-BASE_PROCUREMENT-2014-NAVY_AIRCRAFT_BA7-PROCUREMENT_MasterJustificationBook_Navy_PB_2014.zzz_unzipped-PROCUREMENT_MasterJustificationBook_Navy_PB_2014.xml","912a0777608d20b2121a6300558e1d0534b143ba812d36c1f1c4cf1a32ae3eba","0-74daf3bd7198f16e94531e695688fc10bb44e8df37d24540009212672f9b65af","0","See End Item P5A","See End Item P5A","28","","","","28","","","","","","","2792-efd1722d737179e9a9e216e1ecceac92568130b73c83163f6542c657241b168f","root"
"AH-1Z Cabin Materials","0","36.643","20.411","26.471","26.995","0","","","","","","","2014-BASE_PROCUREMENT-2014-NAVY_AIRCRAFT_BA7-PROCUREMENT_MasterJustificationBook_Navy_PB_2014.zzz_unzipped-PROCUREMENT_MasterJustificationBook_Navy_PB_2014.xml","912a0777608d20b2121a6300558e1d0534b143ba812d36c1f1c4cf1a32ae3eba","1-4ee64ab126accdb60e6aa600641bde03d965cc2e8a6ef1e940abf5d6122d577a","0","See End Item P5A","See End Item P5A","38","","","","38","","","","","","","2792-efd1722d737179e9a9e216e1ecceac92568130b73c83163f6542c657241b168f","root"
"Dynamic Component Parts","8","7.676","3.969","4.876","4.973","0","","","","","","","2014-BASE_PROCUREMENT-2014-NAVY_AIRCRAFT_BA7-PROCUREMENT_MasterJustificationBook_Navy_PB_2014.zzz_unzipped-PROCUREMENT_MasterJustificationBook_Navy_PB_2014.xml","912a0777608d20b2121a6300558e1d0534b143ba812d36c1f1c4cf1a32ae3eba","2-5fa6a22e9f9aad778d807025e216548ca2cbceb9aa5a87210c39858a86c14413","0","See End Item P5A","See End Item P5A","28","","","","28","","","","","","","2792-efd1722d737179e9a9e216e1ecceac92568130b73c83163f6542c657241b168f","root"
"Other (forgings, bearings, shafts, castings, bolts, pins, etc.)","13","16.228","8.557","10.447","10.616","0","","","","","","","2014-BASE_PROCUREMENT-2014-NAVY_AIRCRAFT_BA7-PROCUREMENT_MasterJustificationBook_Navy_PB_2014.zzz_unzipped-PROCUREMENT_MasterJustificationBook_Navy_PB_2014.xml","912a0777608d20b2121a6300558e1d0534b143ba812d36c1f1c4cf1a32ae3eba","3-c438203fb53e1208b65714f60b3b21a1fbf86c911d57ad05608ba3088071d02d","0","See End Item P5A","See End Item P5A","28","","","","28","","","","","","","2792-efd1722d737179e9a9e216e1ecceac92568130b73c83163f6542c657241b168f","root"
"CFE - Airframe T.L.","0","317.443","","","0","0","","","","","","","2014-BASE_PROCUREMENT-2014-NAVY_AIRCRAFT_BA7-PROCUREMENT_MasterJustificationBook_Navy_PB_2014.zzz_unzipped-PROCUREMENT_MasterJustificationBook_Navy_PB_2014.xml","1c2d5511c3f630f505de429e2f146cf42b31bec595aeddf890e7246c6084e8dd","0-ee63635561693459cafbd79e3f226c9e9506b5d3b46267b9318186b7adb95a19","1","See End Item P5A","See End Item P5A","19","","","","19","","","","","","","2794-d17ef4276a165fc141b80ab256aae1c1ed1c9dce4dfda0e85f51491b7f601c71","root"
"Airframe for FY12 EOQ/Long Lead","0","23.585","","","0","0","","","","","","","2014-BASE_PROCUREMENT-2014-NAVY_AIRCRAFT_BA7-PROCUREMENT_MasterJustificationBook_Navy_PB_2014.zzz_unzipped-PROCUREMENT_MasterJustificationBook_Navy_PB_2014.xml","1c2d5511c3f630f505de429e2f146cf42b31bec595aeddf890e7246c6084e8dd","1-409678a3cb7c406b53c3af8883cd4d3c70547ce9e67ef5f0599a9d8cb240a4cc","1","See End Item P5A","See End Item P5A","19","","","","19","","","","","","","2794-d17ef4276a165fc141b80ab256aae1c1ed1c9dce4dfda0e85f51491b7f601c71","root"
"Airframe for FY13 EOQ/Long Lead","0","","24.053","","0","0","","","","","","","2014-BASE_PROCUREMENT-2014-NAVY_AIRCRAFT_BA7-PROCUREMENT_MasterJustificationBook_Navy_PB_2014.zzz_unzipped-PROCUREMENT_MasterJustificationBook_Navy_PB_2014.xml","1c2d5511c3f630f505de429e2f146cf42b31bec595aeddf890e7246c6084e8dd","2-290b4fa8fc9812e176ef0332ccd9b70e1b21dee658fdc240bcb4fc427ce811b2","1","See End Item P5A","See End Item P5A","19","","","","19","","","","","","","2794-d17ef4276a165fc141b80ab256aae1c1ed1c9dce4dfda0e85f51491b7f601c71","root"
"Airframe for FY14 EOQ/Long Lead","0","","2.207","24.505","0","0","","","","","","","2014-BASE_PROCUREMENT-2014-NAVY_AIRCRAFT_BA7-PROCUREMENT_MasterJustificationBook_Navy_PB_2014.zzz_unzipped-PROCUREMENT_MasterJustificationBook_Navy_PB_2014.xml","1c2d5511c3f630f505de429e2f146cf42b31bec595aeddf890e7246c6084e8dd","3-6ec48d8854ff042ba4dd5d6ea3525de64068510cf6bbbf57e9d52f849deae681","1","See End Item P5A","See End Item P5A","19","","","","19","","","","","","","2794-d17ef4276a165fc141b80ab256aae1c1ed1c9dce4dfda0e85f51491b7f601c71","root"
"Airframe for FY15 EOQ/Long Lead","0","","0.981","0.865","11.157","0","","","","","","","2014-BASE_PROCUREMENT-2014-NAVY_AIRCRAFT_BA7-PROCUREMENT_MasterJustificationBook_Navy_PB_2014.zzz_unzipped-PROCUREMENT_MasterJustificationBook_Navy_PB_2014.xml","1c2d5511c3f630f505de429e2f146cf42b31bec595aeddf890e7246c6084e8dd","4-3b88c3721dbfc5cbd4729a61299cb204d3611628853d03c0ccf7fcf4c38a97c5","1","See End Item P5A","See End Item P5A","19","","","","19","","","","","","","2794-d17ef4276a165fc141b80ab256aae1c1ed1c9dce4dfda0e85f51491b7f601c71","root"
"CFE - Airframe T.L.","0","376.326","","","0","0","","","","","","","2014-BASE_PROCUREMENT-2014-NAVY_AIRCRAFT_BA7-PROCUREMENT_MasterJustificationBook_Navy_PB_2014.zzz_unzipped-PROCUREMENT_MasterJustificationBook_Navy_PB_2014.xml","1c90d81d3283c3e99adda35a80b069d543eb8eea9500f506f69fd1fd51fa4e10","0-f6c97e867667907bb41c354e54dc420527da439e77353a579db014ced6c8fa48","1","See End Item P5A","See End Item P5A","25","","","","25","","","","","","","2796-5c34b2e29dd18a713f63daf623361fecf13e01afd91178ddf873d7fd7bf99e3c","root"
"CC/Avionics - T.L./Other","0","554.46","","","0","0","","","","","","","2014-BASE_PROCUREMENT-2014-NAVY_AIRCRAFT_BA7-PROCUREMENT_MasterJustificationBook_Navy_PB_2014.zzz_unzipped-PROCUREMENT_MasterJustificationBook_Navy_PB_2014.xml","1c90d81d3283c3e99adda35a80b069d543eb8eea9500f506f69fd1fd51fa4e10","1-65f97f6b34fa46e043349d2b3354d5aac0088a7a7e36d50b31f8538de2987dc1","1","See End Item P5A","See End Item P5A","32","","","","32","","","","","","","2796-5c34b2e29dd18a713f63daf623361fecf13e01afd91178ddf873d7fd7bf99e3c","root"
"CFE - Airframe T.L.","0","433.869","244.894","325.679","313.16","16","","","","","","","2014-BASE_PROCUREMENT-2014-NAVY_AIRCRAFT_BA7-PROCUREMENT_MasterJustificationBook_Navy_PB_2014.zzz_unzipped-PROCUREMENT_MasterJustificationBook_Navy_PB_2014.xml","ea4fce3ec1135de06d7b597e5fd943b2e14d2b3f4efb262dcaf7727a24539c26","0-575e114727ed8a03fca8a79d47338a05e1af241e5217074626640065f1097e33","0","See End Item P5A","See End Item P5A","35","","","","35","","","","","","","2798-e088f7e29789a19846e6c341c61084d53041ae7f18bf00db12372d01e5c8790f","root"
"CFE - Airframe T.L.","0","480.537","157.942","123.179","0","0","","","","","","","2014-BASE_PROCUREMENT-2014-NAVY_AIRCRAFT_BA7-PROCUREMENT_MasterJustificationBook_Navy_PB_2014.zzz_unzipped-PROCUREMENT_MasterJustificationBook_Navy_PB_2014.xml","8353179a04c7e17d7f2f2e4ad66ee5f5af3581f5f21e78729bd403a1a02ea0a9","0-92b80ab4ad00531ec31e8aacf374feeffd8f04cd955c9aba04ad2ebaec3000a1","1","See End Item P5A","See End Item P5A","39","","","","39","","","","","","","2800-115b29876793d88f6383af8f63124718857e5db1e0d985f67999cb7e031c28dd","root"
"Prior Years EOQ/Long Lead","0","538.598","","","0","0","","","","","","","2014-BASE_PROCUREMENT-2014-NAVY_AIRCRAFT_BA7-PROCUREMENT_MasterJustificationBook_Navy_PB_2014.zzz_unzipped-PROCUREMENT_MasterJustificationBook_Navy_PB_2014.xml","8353179a04c7e17d7f2f2e4ad66ee5f5af3581f5f21e78729bd403a1a02ea0a9","1-344b892b0dc17403dd769c9c259cf7a76d28f98dc599567c35f24e51b132542c","1","See End Item P5A","See End Item P5A","39","","","","39","","","","","","","2800-115b29876793d88f6383af8f63124718857e5db1e0d985f67999cb7e031c28dd","root"
"For FY 2015 EOQ/Long Lead","0","","","","128.419","0","","","","","","","2014-BASE_PROCUREMENT-2014-NAVY_AIRCRAFT_BA7-PROCUREMENT_MasterJustificationBook_Navy_PB_2014.zzz_unzipped-PROCUREMENT_MasterJustificationBook_Navy_PB_2014.xml","8353179a04c7e17d7f2f2e4ad66ee5f5af3581f5f21e78729bd403a1a02ea0a9","2-0a66bc8a6f453a5d9def7f3b2d12b2c5f86ab46d164a89d332fbc785e2f0289b","1","See End Item P5A","See End Item P5A","39","","","","39","","","","","","","2800-115b29876793d88f6383af8f63124718857e5db1e0d985f67999cb7e031c28dd","root"
"For FY 2016 EOQ/Long Lead","0","","","","51.007","0","","","","","","","2014-BASE_PROCUREMENT-2014-NAVY_AIRCRAFT_BA7-PROCUREMENT_MasterJustificationBook_Navy_PB_2014.zzz_unzipped-PROCUREMENT_MasterJustificationBook_Navy_PB_2014.xml","8353179a04c7e17d7f2f2e4ad66ee5f5af3581f5f21e78729bd403a1a02ea0a9","3-f0447e7354cafaa3f9fbc3173e0a57eaef25791250d27d1cd28e822ae668277f","1","See End Item P5A","See End Item P5A","39","","","","39","","","","","","","2800-115b29876793d88f6383af8f63124718857e5db1e0d985f67999cb7e031c28dd","root"
"For FY 2017 EOQ/Long Lead","0","","","","44.108","0","","","","","","","2014-BASE_PROCUREMENT-2014-NAVY_AIRCRAFT_BA7-PROCUREMENT_MasterJustificationBook_Navy_PB_2014.zzz_unzipped-PROCUREMENT_MasterJustificationBook_Navy_PB_2014.xml","8353179a04c7e17d7f2f2e4ad66ee5f5af3581f5f21e78729bd403a1a02ea0a9","4-0a6ee578b9ac7e8e7fcf88fdfd15216706481119ecf7375d488d8ca2cce3a3a7","1","See End Item P5A","See End Item P5A","39","","","","39","","","","","","","2800-115b29876793d88f6383af8f63124718857e5db1e0d985f67999cb7e031c28dd","root"
"For FY 2018 EOQ/Long Lead","0","","","","43.008","0","","","","","","","2014-BASE_PROCUREMENT-2014-NAVY_AIRCRAFT_BA7-PROCUREMENT_MasterJustificationBook_Navy_PB_2014.zzz_unzipped-PROCUREMENT_MasterJustificationBook_Navy_PB_2014.xml","8353179a04c7e17d7f2f2e4ad66ee5f5af3581f5f21e78729bd403a1a02ea0a9","5-0bf98dc2f28431e0b92bf4f64bcfd64b798a35a8843ab95651d7a7286a80a053","1","See End Item P5A","See End Item P5A","39","","","","39","","","","","","","2800-115b29876793d88f6383af8f63124718857e5db1e0d985f67999cb7e031c28dd","root"
"For FY 2019 EOQ/Long Lead","0","","","","0","0","","","","","","","2014-BASE_PROCUREMENT-2014-NAVY_AIRCRAFT_BA7-PROCUREMENT_MasterJustificationBook_Navy_PB_2014.zzz_unzipped-PROCUREMENT_MasterJustificationBook_Navy_PB_2014.xml","8353179a04c7e17d7f2f2e4ad66ee5f5af3581f5f21e78729bd403a1a02ea0a9","6-f61996bc9f2924fc4b9049e2655ed01979f7b4fb3f361f37775ffd309b86addd","1","See End Item P5A","See End Item P5A","39","","","","39","","","","","","","2800-115b29876793d88f6383af8f63124718857e5db1e0d985f67999cb7e031c28dd","root"
"CFE - Airframe T.L.","0","197.835","0","20","10.4","2","","","","","","","2014-BASE_PROCUREMENT-2014-NAVY_AIRCRAFT_BA7-PROCUREMENT_MasterJustificationBook_Navy_PB_2014.zzz_unzipped-PROCUREMENT_MasterJustificationBook_Navy_PB_2014.xml","331f4e2cab57d75c268cb0cc0f51f889b76ed2c8ba621bb4d61f3e552a2f48d3","0-6267f59823c09c5b5e7f31062e2eb2bb7f41e25a30341cd84629e6fdd6b9e6de","0","See End Item P5A","See End Item P5A","36","","","","36","","","","","","","2804-a52c7d74400a4a88363b39ced1154bd7eb4dca90b26624e0ed8c7f30693eb982","root"
"CFE - Airframe T.L.","0","","","51.124","52.002","0","","","","","","","2014-BASE_PROCUREMENT-2014-NAVY_AIRCRAFT_BA7-PROCUREMENT_MasterJustificationBook_Navy_PB_2014.zzz_unzipped-PROCUREMENT_MasterJustificationBook_Navy_PB_2014.xml","1c9f6ffd331ce8f038579fa5c7414d00a50411913e693158c477bb2776944535","0-2171c5b4034527e7a939ec47d09eac95c3cbfcd177d3578c87031d1cacfde7e0","0","See End Item P5A","See End Item P5A","27","","","","27","","","","","","","2806-4cde371dbdeec78187d94a6e8e9e4158d0c96e2f80e9dd2e4767cf2cd6637960","root"
"Airframe T.L.","0","871.603","50.514","27.787","0","0","","","","","","","2014-BASE_PROCUREMENT-2014-NAVY_AIRCRAFT_BA7-PROCUREMENT_MasterJustificationBook_Navy_PB_2014.zzz_unzipped-PROCUREMENT_MasterJustificationBook_Navy_PB_2014.xml","97ef4cf3f410d224f56ae29ea98cdf2592e9fe9b3908e3df56bf826c63de8ad7","0-469c8e753889b9f45abe449f3814b8cf1d87c74da13eefdde44cc76ce6e05e35","1","See End Item P5A","See End Item P5A","35","","","","35","","","","","","","2810-ac642e2423d04d047887e2b4cfd9b25b5a9f9d5501441de508b6ddd959dba809","root"
"CFE- Airframe T. L.","0","691.621","85.071","59.314","85.289","4","","","","","","","2014-BASE_PROCUREMENT-2014-NAVY_AIRCRAFT_BA7-PROCUREMENT_MasterJustificationBook_Navy_PB_2014.zzz_unzipped-PROCUREMENT_MasterJustificationBook_Navy_PB_2014.xml","a7e12956f563df64212c48c1a8087a259ce9816ac86d222dc06cd0e2deeb74a4","0-962acdcaaf1e6398e063a8d5260cc551d28465514ea8d4406af5695889956227","1","See End Item P5A","See End Item P5A","36","","","","36","","","","","","","2812-84d2e0ff866c69440b574c07ca68d61eabceecb689c9ef6cfdc2b4928152d096","root"
"CFE-Airframe T.L.","0","443.407","91.439","84.959","82.556","6","","","","","","","2014-BASE_PROCUREMENT-2014-NAVY_AIRCRAFT_BA7-PROCUREMENT_MasterJustificationBook_Navy_PB_2014.zzz_unzipped-PROCUREMENT_MasterJustificationBook_Navy_PB_2014.xml","8f506cdfed36ee72d429505445592f835a54aa1c2ef4af6afd437aa3f3a3279b","0-1f26063d63ae69086eb42222868141d8f55b80a07b725e947433c54d8f7ffae0","1","See End Item P5A","See End Item P5A","36","","","","36","","","","","","","2814-97c2ef8914250bf0dadfacb37300f712614f5e28c7bb4b339b0837ecdddab850","root"
"Prior Years EOQ/Long Lead","0","1128.534","","","0","0","","","","","","","2014-BASE_PROCUREMENT-2014-NAVY_AIRCRAFT_BA7-PROCUREMENT_MasterJustificationBook_Navy_PB_2014.zzz_unzipped-PROCUREMENT_MasterJustificationBook_Navy_PB_2014.xml","22a8d6a2e1826466fe73cee88918ae3cb071854e21533e47aa2445e6dd37706a","0-5dc7964abf3d46b43e0d42d29e17beb5393fd5eac7c0aae649ed0050f9fdba6b","0","See End Item P5A","See End Item P5A","0","","","","0","","","","","","","2816-d25e35c1ed022630827e318e352264aa1164172517b4b3fc047a7280fa46a177","root"
"For FY 13 EOQ/Long Lead","0","","59.073","","0","0","","","","","","","2014-BASE_PROCUREMENT-2014-NAVY_AIRCRAFT_BA7-PROCUREMENT_MasterJustificationBook_Navy_PB_2014.zzz_unzipped-PROCUREMENT_MasterJustificationBook_Navy_PB_2014.xml","22a8d6a2e1826466fe73cee88918ae3cb071854e21533e47aa2445e6dd37706a","1-a7913fed97d86c7481dcd08316d2f54851c621a1d47246bbf7f5b05a719698cf","0","See End Item P5A","See End Item P5A","0","","","","0","","","","","","","2816-d25e35c1ed022630827e318e352264aa1164172517b4b3fc047a7280fa46a177","root"
"For FY 14 EOQ/Long Lead","0","","","64.798","0","0","","","","","","","2014-BASE_PROCUREMENT-2014-NAVY_AIRCRAFT_BA7-PROCUREMENT_MasterJustificationBook_Navy_PB_2014.zzz_unzipped-PROCUREMENT_MasterJustificationBook_Navy_PB_2014.xml","22a8d6a2e1826466fe73cee88918ae3cb071854e21533e47aa2445e6dd37706a","2-4a9da32a30e0bd498e9f3a0e36d30c3b4490851622d94da566de6c1030ba33e6","0","See End Item P5A","See End Item P5A","0","","","","0","","","","","","","2816-d25e35c1ed022630827e318e352264aa1164172517b4b3fc047a7280fa46a177","root"
"For FY 15 EOQ/Long Lead","0","","","31.756","40.017","0","","","","","","","2014-BASE_PROCUREMENT-2014-NAVY_AIRCRAFT_BA7-PROCUREMENT_MasterJustificationBook_Navy_PB_2014.zzz_unzipped-PROCUREMENT_MasterJustificationBook_Navy_PB_2014.xml","22a8d6a2e1826466fe73cee88918ae3cb071854e21533e47aa2445e6dd37706a","3-19f9575f0064291e55f6a6f591ec33e4c645f3ad00399fe492afd8de8ff9be9e","0","See End Item P5A","See End Item P5A","0","","","","0","","","","","","","2816-d25e35c1ed022630827e318e352264aa1164172517b4b3fc047a7280fa46a177","root"
"For FY 16 EOQ/Long Lead","0","","","29.6","5.898","0","","","","","","","2014-BASE_PROCUREMENT-2014-NAVY_AIRCRAFT_BA7-PROCUREMENT_MasterJustificationBook_Navy_PB_2014.zzz_unzipped-PROCUREMENT_MasterJustificationBook_Navy_PB_2014.xml","22a8d6a2e1826466fe73cee88918ae3cb071854e21533e47aa2445e6dd37706a","4-7d176f221903fb2a7a1db26df9f625a20da956b9b8f2c5695b3c49debce21801","0","See End Item P5A","See End Item P5A","0","","","","0","","","","","","","2816-d25e35c1ed022630827e318e352264aa1164172517b4b3fc047a7280fa46a177","root"
"For FY 17 EOQ/Long Lead","0","","","22.324","3.546","0","","","","","","","2014-BASE_PROCUREMENT-2014-NAVY_AIRCRAFT_BA7-PROCUREMENT_MasterJustificationBook_Navy_PB_2014.zzz_unzipped-PROCUREMENT_MasterJustificationBook_Navy_PB_2014.xml","22a8d6a2e1826466fe73cee88918ae3cb071854e21533e47aa2445e6dd37706a","5-5d034bf722e9681ebf63104f99a88ffe0afb526a932e2897a62157e9f2e27fcc","0","See End Item P5A","See End Item P5A","0","","","","0","","","","","","","2816-d25e35c1ed022630827e318e352264aa1164172517b4b3fc047a7280fa46a177","root"
"For FY 18 EOQ/Long Lead","0","","","","0","0","","","","","","","2014-BASE_PROCUREMENT-2014-NAVY_AIRCRAFT_BA7-PROCUREMENT_MasterJustificationBook_Navy_PB_2014.zzz_unzipped-PROCUREMENT_MasterJustificationBook_Navy_PB_2014.xml","22a8d6a2e1826466fe73cee88918ae3cb071854e21533e47aa2445e6dd37706a","6-5f83cbff28595da7363fe2bd6368ac7b17ea201edc5e99c09e5d667f6cde2a1d","0","See End Item P5A","See End Item P5A","0","","","","0","","","","","","","2816-d25e35c1ed022630827e318e352264aa1164172517b4b3fc047a7280fa46a177","root"
"For FY 19 EOQ/Long Lead","0","","","","0","0","","","","","","","2014-BASE_PROCUREMENT-2014-NAVY_AIRCRAFT_BA7-PROCUREMENT_MasterJustificationBook_Navy_PB_2014.zzz_unzipped-PROCUREMENT_MasterJustificationBook_Navy_PB_2014.xml","22a8d6a2e1826466fe73cee88918ae3cb071854e21533e47aa2445e6dd37706a","7-cf2ebf9824fb0ce0e0dd0b0c9161a63c3e575db9eca2ab811814e05ed2a63e09","0","See End Item P5A","See End Item P5A","0","","","","0","","","","","","","2816-d25e35c1ed022630827e318e352264aa1164172517b4b3fc047a7280fa46a177","root"
"To Complete EOQ/Long Lead","0","","","","0","0","","","","","","","2014-BASE_PROCUREMENT-2014-NAVY_AIRCRAFT_BA7-PROCUREMENT_MasterJustificationBook_Navy_PB_2014.zzz_unzipped-PROCUREMENT_MasterJustificationBook_Navy_PB_2014.xml","22a8d6a2e1826466fe73cee88918ae3cb071854e21533e47aa2445e6dd37706a","8-b74ce4d195fe1c04d13dc1e6ad6ed4c2ba375570d624d7fca1e11cc2c1e84268","0","See End Item P5A","See End Item P5A","0","","","","0","","","","","","","2816-d25e35c1ed022630827e318e352264aa1164172517b4b3fc047a7280fa46a177","root"
