Name_val,WhenRequiredInMonths_val,Cost_AllPriorYears_TotalCost_val,Cost_PriorYear_TotalCost_val,Cost_CurrentYear_TotalCost_val,Cost_BudgetYearOne_TotalCost_val,Cost_BudgetYearOne_Quantity_val,Cost_BudgetYearTwo_TotalCost_val,Cost_BudgetYearThree_TotalCost_val,Cost_BudgetYearFour_TotalCost_val,Cost_BudgetYearFive_TotalCost_val,Cost_ToComplete_TotalCost_val,Cost_Total_TotalCost_val,@SOURCE_FILENAME,@RECORDID,@ROWID,QuantityPerAssembly_val,ManufacturerList_P10Manufacturer_Name_val,ManufacturerList_P10Manufacturer_Location_val,ManufacturerList_P10Manufacturer_InitialQuantity_TotalLeadTimeAfterOct1InMonths_val,ManufacturerList_P10Manufacturer_InitialQuantity_AdminLeadTimeBeforeOct1InMonths_val,ManufacturerList_P10Manufacturer_InitialQuantity_AdminLeadTimeAfterOct1InMonths_val,ManufacturerList_P10Manufacturer_InitialQuantity_ProductionLeadTimeAfterOct1InMonths_val,ManufacturerList_P10Manufacturer_ReorderQuantity_TotalLeadTimeAfterOct1InMonths_val,ManufacturerList_P10Manufacturer_ReorderQuantity_AdminLeadTimeBeforeOct1InMonths_val,ManufacturerList_P10Manufacturer_ReorderQuantity_AdminLeadTimeAfterOct1InMonths_val,ManufacturerList_P10Manufacturer_ReorderQuantity_ProductionLeadTimeAfterOct1InMonths_val,ManufacturerList_P10Manufacturer_MinimumSustainingRate_val,ManufacturerList_P10Manufacturer_MaximumProductionRate_val,ManufacturerList_P10Manufacturer_Rate185_val,@PARENTROWID,@PARENT
"Equipment","0","325.712","166.9","0.000","0.000","","0.000","0.000","0.000","0.000","0.000","492.612","2013-BASE_PROCUREMENT-2013-AIRFORCE_AIRCRAFT_VOL2-JustificationBook_Air_Force_PB_2013.zzz_unzipped-JustificationBook_Air_Force_PB_2013.xml","b24c7aff3ab5e685e7eec0d915ed664ffaed6ba6c8e283c169437d7b1a104916","0-f010ff7e1fe850de2364039f75ca735337f132d190acad5391807d4925868f45","","","","","","","","","","","","","","","2-99957d533b4ed4cffefc5cd14916b21512a7990184268110c51d892fa3dd13e3","root"
"Equipment","0","0.000","0.000","112.2","175.8","","0.000","0.000","0.000","0.000","0.000","288","2013-BASE_PROCUREMENT-2013-AIRFORCE_AIRCRAFT_VOL2-JustificationBook_Air_Force_PB_2013.zzz_unzipped-JustificationBook_Air_Force_PB_2013.xml","1157ccc38c61e4da024be49a9bce083327cd634b1da5b9660eb567cdca1ce542","0-160c772ded625338184bfe4e11a094269cb4df5bd5f8b59297380aeeac11ce88","","","","","","","","","","","","","","","4-12039cbcc9cc0281a0311e5197fef850381e0e3cdc67314e85cf976d12996e97","root"
"F-35 Airframe Equipment","0","591.465","200.5","178.602","228.852","","302.667","410.814","397.666","450.84","15207.486","17968.892","2013-BASE_PROCUREMENT-2013-AIRFORCE_AIRCRAFT_VOL1-JustificationBook_Air_Force_PB_2013.zzz_unzipped-JustificationBook_Air_Force_PB_2013.xml","dff12d9c9c56d1f1f59d6607af44ce23b8ed427d17b04c39d5703919f4248df7","0-4598b3d7d5733fd322f82a0f6ea5b8775e23b359a96fa43a05623a24e744c52d","","","","","","","","","","","","","","","49-5d2193ccdd2ec9fb82ea00910c852f78598b004597ef492ae74a88264fb8d258","root"
"AVIONICS","12","104.035","13.621","20","15","","0","0","0","0","0","152.656","2013-BASE_PROCUREMENT-2013-AIRFORCE_AIRCRAFT_VOL1-JustificationBook_Air_Force_PB_2013.zzz_unzipped-JustificationBook_Air_Force_PB_2013.xml","05376c175814f9b1bb89efc528da9cdaa60ea9f85e3ebccd583936337bde3172","0-4966525af2019dfa7907bba7ef69e867f17ddea5452f3ad316d3b59a9c896e79","","","","","","","","","","","","","","","56-9173a9aef94b9ebf3ba83a420b151ec11a8018ee8f8fa9180f34247423af8c26","root"
"Advance Procurement","12","0.000","9.877","20","0","","0","0","0","0","0","29.877","2013-BASE_PROCUREMENT-2013-AIRFORCE_AIRCRAFT_VOL1-JustificationBook_Air_Force_PB_2013.zzz_unzipped-JustificationBook_Air_Force_PB_2013.xml","6f46100e0914b740e6af0fdcafb0603efd028e91f737331f95929625245496e3","0-0f0f2a38d73d4f2c4244b95051ebfdd2fa155b30ca57934265d3826ae7b333c2","","","","","","","","","","","","","","","68-89ccb76ee65b785e7633344ad40a2fc2c8a32ad43442591dd0c16aeccbfb7702","root"
"Advance Procurement","12","532.9","9.779","50","0","","0","0","0","0","0","592.679","2013-BASE_PROCUREMENT-2013-AIRFORCE_AIRCRAFT_VOL1-JustificationBook_Air_Force_PB_2013.zzz_unzipped-JustificationBook_Air_Force_PB_2013.xml","5de403107085bf74fb9fd40854df952a9081ddccb6363319c405b20f72d8dc83","0-8a9f87dd602e0e969398fd22b3a237dc5ab3ce7ba352134ec6bcbd89d3d59805","","","","","","","","","","","","","","","93-959f0d742d28d79f622fe06280e29af1dce89192bd011ee6dc3db6a43c58dca1","root"
"Advance Procurement","12","0.000","9.945","10","0","","0","0","0","0","0","19.945","2013-BASE_PROCUREMENT-2013-AIRFORCE_AIRCRAFT_VOL1-JustificationBook_Air_Force_PB_2013.zzz_unzipped-JustificationBook_Air_Force_PB_2013.xml","54081a1ca9b544000555d1a3c5f7b712480ea0ae1b433130a32a606d947fa2d5","0-20b1a216ea79e5aa3308a19cdbbc53b6752a8be59d611bbbe105c731c3f6c9ec","","","","","","","","","","","","","","","95-043b7ba4b86b8487b4e1cf39986a3405111838a2d203167c03dfa2ac1ac06cfd","root"
"Advance Procurement","12","0.000","59.669","40","0","","0","0","0","0","0","99.669","2013-BASE_PROCUREMENT-2013-AIRFORCE_AIRCRAFT_VOL1-JustificationBook_Air_Force_PB_2013.zzz_unzipped-JustificationBook_Air_Force_PB_2013.xml","9aae9bdbea6241c3bcbb93639a39102d7a429607e4045acf83d9dd62d30fac3b","0-fd8b17adb41ddbc0039a4f6b800a07efc1ef34f39008b77016346e0ff121d3fc","","","","","","","","","","","","","","","97-1c6fa12c3d924ecbe9f09306c19b664bbc6c39756b470df664679a56feb613f1","root"
"F-35 Airframe Equipment","0","591.465","200.5","178.602","228.852","","302.667","410.814","397.666","450.84","15207.486","17968.892","2013-BASE_PROCUREMENT-2013-AIRFORCE_AIRCRAFT_VOL2-MasterJustificationBook_Air_Force_PB_2013.zzz_unzipped-MasterJustificationBook_Air_Force_PB_2013.xml","cb5ffa2b00d81ff49048aa9fb66ff99640bed0266e3e03ecb1f23b38bf1313ae","0-c7a525298ce9e4803f3569bee9ad45847c1d71ede357d3f1fab23ba7d12fc9ee","","","","","","","","","","","","","","","99-3222260499f2cd31285ed3663b416795a80abbbb06bb6634d2bfadc9dfcb4104","root"
"AVIONICS","12","104.035","13.621","20","15","","0","0","0","0","0","152.656","2013-BASE_PROCUREMENT-2013-AIRFORCE_AIRCRAFT_VOL2-MasterJustificationBook_Air_Force_PB_2013.zzz_unzipped-MasterJustificationBook_Air_Force_PB_2013.xml","83cdbed30cd2435e0ef690d322b3aa3d3dbd661f403d986c68db08c44173db9c","0-c3e7e395fa44e4d972f8a1cb6fbc9151134d9e597742908cd783f95a6c52cc5d","","","","","","","","","","","","","","","106-a30a0e1fedf149e8911f3657615e03fe57c9c5395b08aea9b9e382cc30aea28d","root"
"Advance Procurement","12","0.000","9.877","20","0","","0","0","0","0","0","29.877","2013-BASE_PROCUREMENT-2013-AIRFORCE_AIRCRAFT_VOL2-MasterJustificationBook_Air_Force_PB_2013.zzz_unzipped-MasterJustificationBook_Air_Force_PB_2013.xml","08039501614fe4ebb3075d4eaaa4544e4cd5f4779332e0d6f68e5d2c67c31740","0-64ead4b337e76647c73b78c433a921c5114971406e8c8ce24a19cf80dcb84a5d","","","","","","","","","","","","","","","118-732a40244a175071303ac42a19fce8bb14d5ebdfd2e16760951899755880470b","root"
"Advance Procurement","12","532.9","9.779","50","0","","0","0","0","0","0","592.679","2013-BASE_PROCUREMENT-2013-AIRFORCE_AIRCRAFT_VOL2-MasterJustificationBook_Air_Force_PB_2013.zzz_unzipped-MasterJustificationBook_Air_Force_PB_2013.xml","9a2ba94a217d82096f332eb52ba7ddeaf76b99a2e5a89a7ed11986588d44548b","0-dfe5da9a7ccc84541ebf70cf05da28e3e1410859a74cc3dc39c234f5ca9e4cdc","","","","","","","","","","","","","","","141-ec4f6b0c05cb9504bbc9e7a01515cc52c08753fa892d96e7a296e95ff46f5532","root"
"Advance Procurement","12","0.000","9.945","10","0","","0","0","0","0","0","19.945","2013-BASE_PROCUREMENT-2013-AIRFORCE_AIRCRAFT_VOL2-MasterJustificationBook_Air_Force_PB_2013.zzz_unzipped-MasterJustificationBook_Air_Force_PB_2013.xml","f09bafff549193219c88c3676f1df3dd1bcf20a9bf8aa51ae4f966d8eeede5a5","0-8f036450eb411b9ff31d2ab8663ad4db02b9dc73c557261bfcee89dacf747d0b","","","","","","","","","","","","","","","143-daf4f6d20089fb164e587f9e995636655eb6e61e748650a1ed07dcce69df05b5","root"
"Advance Procurement","12","0.000","59.669","40","0","","0","0","0","0","0","99.669","2013-BASE_PROCUREMENT-2013-AIRFORCE_AIRCRAFT_VOL2-MasterJustificationBook_Air_Force_PB_2013.zzz_unzipped-MasterJustificationBook_Air_Force_PB_2013.xml","3703a2520eebe02497a52784dd2305595e26196e840791c9432c08f9a4defe86","0-51707dc8e0ae60fadb8c2fcddfd54ad1665171b9c170e6f2ec939ad489ae8fdd","","","","","","","","","","","","","","","145-4ee8286a05b697026cb9d214d3109621755ce214176381b5d8a4dc68f98378d5","root"
"F-35 Airframe Equipment","0","591.465","200.5","178.602","228.852","","302.667","410.814","397.666","450.84","15207.486","17968.892","2013-BASE_PROCUREMENT-2013-AIRFORCE_AIRCRAFT_VOL1-MasterJustificationBook_Air_Force_PB_2013.zzz_unzipped-MasterJustificationBook_Air_Force_PB_2013.xml","8ca272206c6b30f61972a00065d737d41c09597a3caeca5dca6f8e9b4d2b639e","0-f034a4aeec7377b534681c22761f84385ac40c44ee8587a00f432e7a017f7b28","","","","","","","","","","","","","","","147-1d4ab397b679aded4d36418b70717a18ec64764b05627f9a39121d3700fd3947","root"
"AVIONICS","12","104.035","13.621","20","15","","0","0","0","0","0","152.656","2013-BASE_PROCUREMENT-2013-AIRFORCE_AIRCRAFT_VOL1-MasterJustificationBook_Air_Force_PB_2013.zzz_unzipped-MasterJustificationBook_Air_Force_PB_2013.xml","a81a42ae1db722058f6d5962d3234e2397b7cb620f8cd202f2f913551d1c3f6e","0-f642caf2907060207989c1cc378bf239de266c9ce59518e353c00debd7f3bbdb","","","","","","","","","","","","","","","154-45eb35f175ddba8f1ee90d81857cd5b10130e85e04586653936e46bb57d91d7d","root"
"Advance Procurement","12","0.000","9.877","20","0","","0","0","0","0","0","29.877","2013-BASE_PROCUREMENT-2013-AIRFORCE_AIRCRAFT_VOL1-MasterJustificationBook_Air_Force_PB_2013.zzz_unzipped-MasterJustificationBook_Air_Force_PB_2013.xml","6d88a6cf121ef28b4c783038e8175f58e8cde097688e70e8838a8071a7b2922a","0-19bcf700786331c2aac4c053316268aabc7de4773d3516d8ebf5066c9eb20849","","","","","","","","","","","","","","","166-7f8b5de872c9bc0cdd523578decf5e47061562bcd733b8cdb6573db44de833ad","root"
"Advance Procurement","12","532.9","9.779","50","0","","0","0","0","0","0","592.679","2013-BASE_PROCUREMENT-2013-AIRFORCE_AIRCRAFT_VOL1-MasterJustificationBook_Air_Force_PB_2013.zzz_unzipped-MasterJustificationBook_Air_Force_PB_2013.xml","6d2a5a5d589018a44e3cbf52cb1c912bfc2ae7ebfa3167c185f32baeccefdb83","0-a767bc68faec62ef444ab1db9c258d37ad9168e516c0f31f9f4cc79894161f88","","","","","","","","","","","","","","","191-61df24a05d1b0499da2c41c95144fb2b66dd337249f0f0940b60277e481e3c12","root"
"Advance Procurement","12","0.000","9.945","10","0","","0","0","0","0","0","19.945","2013-BASE_PROCUREMENT-2013-AIRFORCE_AIRCRAFT_VOL1-MasterJustificationBook_Air_Force_PB_2013.zzz_unzipped-MasterJustificationBook_Air_Force_PB_2013.xml","b6b93c42a9a55a42869eb42b091eb84dcc0e905c9cc372f94c868612d9144738","0-e9fddf573a911d157f7ade463b295a9475a188fb19b88880f6c22c9051327d45","","","","","","","","","","","","","","","193-8b94312ef96658d15e39f8b01b25cc5024c5bc7ac7b22ece22015d5eef8bdc7e","root"
"Advance Procurement","12","0.000","59.669","40","0","","0","0","0","0","0","99.669","2013-BASE_PROCUREMENT-2013-AIRFORCE_AIRCRAFT_VOL1-MasterJustificationBook_Air_Force_PB_2013.zzz_unzipped-MasterJustificationBook_Air_Force_PB_2013.xml","af37cf083328b3ed9159e2e090d1e7a7bdbaa767003a2a633f938ceef3892c06","0-c672f9c2cbbed4b7313ec519231d750ec58c23a430c1ccd7d82d431f395d0e9c","","","","","","","","","","","","","","","195-9c94a4a5b2107541398cdff85268318f1d4d4dabda82eac5629cbad53136b6fd","root"
"Equipment","0","325.712","166.9","0.000","0.000","","0.000","0.000","0.000","0.000","0.000","492.612","2013-BASE_PROCUREMENT-2013-AIRFORCE_AIRCRAFT_VOL2-MasterJustificationBook_Air_Force_PB_2013.zzz_unzipped-MasterJustificationBook_Air_Force_PB_2013.xml","8047e046d54537d05d7c5b8bb718f313e4ecd7067db8aa67ec45d00cc41c131f","0-2c66969959f822edb688731efc70b35c0cbdd20674a1f9396e9678d5c3c700bb","","","","","","","","","","","","","","","198-1812f1dee669f7075749577439fc3a8cf77ca83a28f1a2bc5581020df1b67279","root"
"Equipment","0","0.000","0.000","112.2","175.8","","0.000","0.000","0.000","0.000","0.000","288","2013-BASE_PROCUREMENT-2013-AIRFORCE_AIRCRAFT_VOL2-MasterJustificationBook_Air_Force_PB_2013.zzz_unzipped-MasterJustificationBook_Air_Force_PB_2013.xml","c5ca9a51fed888b0789d8c29575b740c033e66ec191ebd4620e83fcfed7ea340","0-7c908f3c51ae01d65438f2ac9e76a51f8692ea37d77aaf6cea9fb8851328f64d","","","","","","","","","","","","","","","200-3570d0c71e1d5f9596fb89778b3cb2def23587baf6105339b9aa11a20b7704eb","root"
"Equipment","0","325.712","166.9","0.000","0.000","","0.000","0.000","0.000","0.000","0.000","492.612","2013-BASE_PROCUREMENT-2013-AIRFORCE_AIRCRAFT_VOL1-MasterJustificationBook_Air_Force_PB_2013.zzz_unzipped-MasterJustificationBook_Air_Force_PB_2013.xml","57381bfbbf28cd8806cb652a1ebf7c2332107590d116fd3629c858c1fd49e85f","0-fa886c1302f0c9f93965dd18a807825ffe23badec23698364e91f5180ce8e235","","","","","","","","","","","","","","","246-9af5917b1a5e1af81c599a2811d43437d98aa37e0d5c6ab0cd91ff9df79104af","root"
"Equipment","0","0.000","0.000","112.2","175.8","","0.000","0.000","0.000","0.000","0.000","288","2013-BASE_PROCUREMENT-2013-AIRFORCE_AIRCRAFT_VOL1-MasterJustificationBook_Air_Force_PB_2013.zzz_unzipped-MasterJustificationBook_Air_Force_PB_2013.xml","ee931ec9033e0497a2f8d6f3720d1b91ca62615f3d9870f0f4d919caa53bf3e7","0-1d013654dac23526e1f430b54209469637e56a40e1d0db7e355f626087ee1a5f","","","","","","","","","","","","","","","248-55e70e8d7fe5a62f7fcf0fb6898ddd45e2bc8ac1aba3fb4f8eef13a8d706f98d","root"
"Airframe T.L.","0","144.64","20.563","21.933","0","12","","","","","","","2013-BASE_PROCUREMENT-2013-NAVY_AIRCRAFT_BA1-4-JustificationBook_Navy_PB_2013.zzz_unzipped-JustificationBook_Navy_PB_2013.xml","117c169a68235fff5682580ef1182034c5b0c336d258b4d2bc16ac17e2d2a653","0-cc19ee9b85b474d677abd05656eb7b25f1671b6ca8d3f8794a4bb79d023d5f54","1","","","","","","","","","","","","","","1056-41ef7214ee8706eb913d15c98f6f610b8ec1cbcce8949f8a7f86d44b69f680d6","root"
"UH-1Y Cabin Materials","0","24.2","23.872","23.813","27.864","0","","","","","","","2013-BASE_PROCUREMENT-2013-NAVY_AIRCRAFT_BA1-4-JustificationBook_Navy_PB_2013.zzz_unzipped-JustificationBook_Navy_PB_2013.xml","831d15ae17bc6d104aca15fe5c80ea3f2120968dcc138d4a1f2a89be2c3476d7","0-64a75878d01f27389bb35f83f1192d12da96d9106a5b8d975408dd2bacd3b11e","0","","","","","","","","","","","","","","1058-91360375de7a7e78f7984629a2d9e9dd6cf2bbb3a82cace7fd5e8228fc915b56","root"
"AH-1Z Cabin Materials","0","15.1","21.543","20.411","26.471","0","","","","","","","2013-BASE_PROCUREMENT-2013-NAVY_AIRCRAFT_BA1-4-JustificationBook_Navy_PB_2013.zzz_unzipped-JustificationBook_Navy_PB_2013.xml","831d15ae17bc6d104aca15fe5c80ea3f2120968dcc138d4a1f2a89be2c3476d7","1-2aa987719eafdf6d56c8d976449372b6d2711f88b948b33d3ce375dc4b7a371e","0","","","","","","","","","","","","","","1058-91360375de7a7e78f7984629a2d9e9dd6cf2bbb3a82cace7fd5e8228fc915b56","root"
"Dynamic Component Parts","8","3.6","4.076","3.969","4.876","0","","","","","","","2013-BASE_PROCUREMENT-2013-NAVY_AIRCRAFT_BA1-4-JustificationBook_Navy_PB_2013.zzz_unzipped-JustificationBook_Navy_PB_2013.xml","831d15ae17bc6d104aca15fe5c80ea3f2120968dcc138d4a1f2a89be2c3476d7","2-849f54f812d91455bf7b2e9507a58e8155a1b4da8e406631e373b7db162c646d","0","","","","","","","","","","","","","","1058-91360375de7a7e78f7984629a2d9e9dd6cf2bbb3a82cace7fd5e8228fc915b56","root"
"Other (forgings, bearings, shafts, castings, bolts, pins, etc.)","13","7.494","8.734","8.557","10.447","0","","","","","","","2013-BASE_PROCUREMENT-2013-NAVY_AIRCRAFT_BA1-4-JustificationBook_Navy_PB_2013.zzz_unzipped-JustificationBook_Navy_PB_2013.xml","831d15ae17bc6d104aca15fe5c80ea3f2120968dcc138d4a1f2a89be2c3476d7","3-e062f42b25a05804c8b47343fefee102e74b0b95da7497cbb0796d52a733aadb","0","","","","","","","","","","","","","","1058-91360375de7a7e78f7984629a2d9e9dd6cf2bbb3a82cace7fd5e8228fc915b56","root"
"CFE - Airframe T.L.","0","317.444","","","0","0","","","","","","","2013-BASE_PROCUREMENT-2013-NAVY_AIRCRAFT_BA1-4-JustificationBook_Navy_PB_2013.zzz_unzipped-JustificationBook_Navy_PB_2013.xml","1a7189ca3ac3735d5b4780456bb4c8dddad618396ddbf80b22c606ea18981840","0-0d3b11a73baab2f93f43e2ca524b04d9d2aeb27b005852b92c19d2bb170d1788","1","See End Item P5A","See End Item P5A","19","","","","19","","","","","","","1060-39497ecec4cf6699beec7808ece01660312ec1e42a0b7ae45f2acebca7fc2bee","root"
"Airframe for FY12 EOQ/Long Lead","0","","23.607","","0","0","","","","","","","2013-BASE_PROCUREMENT-2013-NAVY_AIRCRAFT_BA1-4-JustificationBook_Navy_PB_2013.zzz_unzipped-JustificationBook_Navy_PB_2013.xml","1a7189ca3ac3735d5b4780456bb4c8dddad618396ddbf80b22c606ea18981840","1-ee8aa2753b9a47c0ff3b26ecea20e46ad545ff2603a781a2639b8659e37a17fd","1","See End Item P5A","See End Item P5A","19","","","","19","","","","","","","1060-39497ecec4cf6699beec7808ece01660312ec1e42a0b7ae45f2acebca7fc2bee","root"
"Airframe for FY13 EOQ/Long Lead","0","","","24.053","0","0","","","","","","","2013-BASE_PROCUREMENT-2013-NAVY_AIRCRAFT_BA1-4-JustificationBook_Navy_PB_2013.zzz_unzipped-JustificationBook_Navy_PB_2013.xml","1a7189ca3ac3735d5b4780456bb4c8dddad618396ddbf80b22c606ea18981840","2-818306f80b8f09192bd01640fd659d1680a8654f61eb97974517eafce46e339c","1","See End Item P5A","See End Item P5A","19","","","","19","","","","","","","1060-39497ecec4cf6699beec7808ece01660312ec1e42a0b7ae45f2acebca7fc2bee","root"
"Airframe for FY14 EOQ/Long Lead","0","","","2.207","24.505","0","","","","","","","2013-BASE_PROCUREMENT-2013-NAVY_AIRCRAFT_BA1-4-JustificationBook_Navy_PB_2013.zzz_unzipped-JustificationBook_Navy_PB_2013.xml","1a7189ca3ac3735d5b4780456bb4c8dddad618396ddbf80b22c606ea18981840","3-5357d9463bd9b9abff39c711596503ef8f5840742d2cfe6444d4bb4e7ba46647","1","See End Item P5A","See End Item P5A","19","","","","19","","","","","","","1060-39497ecec4cf6699beec7808ece01660312ec1e42a0b7ae45f2acebca7fc2bee","root"
"Airframe for FY15 EOQ/Long Lead","0","","","0.981","0.865","0","","","","","","","2013-BASE_PROCUREMENT-2013-NAVY_AIRCRAFT_BA1-4-JustificationBook_Navy_PB_2013.zzz_unzipped-JustificationBook_Navy_PB_2013.xml","1a7189ca3ac3735d5b4780456bb4c8dddad618396ddbf80b22c606ea18981840","4-2faf6b602e3cd86336a47a135b38c9cbe9c94f7d325f248225bcb22822d243e0","1","See End Item P5A","See End Item P5A","19","","","","19","","","","","","","1060-39497ecec4cf6699beec7808ece01660312ec1e42a0b7ae45f2acebca7fc2bee","root"
"CFE - Airframe T.L.","0","310.064","66.262","","0","0","","","","","","","2013-BASE_PROCUREMENT-2013-NAVY_AIRCRAFT_BA1-4-JustificationBook_Navy_PB_2013.zzz_unzipped-JustificationBook_Navy_PB_2013.xml","b9d48f24ecf1fb0dc0353ad3f9cd91e926e2f3fda1f537c2caa93bb44b898f3b","0-92c77eb09496d3d0725054170cd9e9d9493705b57849974745e47366856bb8cd","1","","","","","","","","","","","","","","1062-f3057ad558d5de987406d8349fdc295e741500a0c1567691494313ffb0db5fd2","root"
"CC/Avionics - T.L./Other","0","475.753","59.408","","0","0","","","","","","","2013-BASE_PROCUREMENT-2013-NAVY_AIRCRAFT_BA1-4-JustificationBook_Navy_PB_2013.zzz_unzipped-JustificationBook_Navy_PB_2013.xml","b9d48f24ecf1fb0dc0353ad3f9cd91e926e2f3fda1f537c2caa93bb44b898f3b","1-1dc75beea0934796e62522837a6801f41e0bbd404fdcda1b86a19216b29faa2c","1","","","","","","","","","","","","","","1062-f3057ad558d5de987406d8349fdc295e741500a0c1567691494313ffb0db5fd2","root"
"CFE - Airframe T.L.","0","267.06","166.809","244.894","325.679","13","","","","","","","2013-BASE_PROCUREMENT-2013-NAVY_AIRCRAFT_BA1-4-JustificationBook_Navy_PB_2013.zzz_unzipped-JustificationBook_Navy_PB_2013.xml","62ca14cc634acb0c901935df39de84860d1f64314c02973b24f410208b3cf78e","0-28d3126a7b69121eb974bfd335a1047d29089c3de15136ef15f67033bb3839a8","0","See End Item P5A","See End Item P5A","35","","","","35","","","","","","","1064-ca5c95f9f70cc9bb4b269bd6803256da5217e16d907c8fd1f81f7f4f0ace8a90","root"
"CFE - Airframe T.L.","0","362.596","117.941","157.942","123.179","0","","","","","","","2013-BASE_PROCUREMENT-2013-NAVY_AIRCRAFT_BA1-4-JustificationBook_Navy_PB_2013.zzz_unzipped-JustificationBook_Navy_PB_2013.xml","c58f3e1b9e38e357fc3c36cb6204a5182b2e132e43a0c2e90cc87c9d07cd04f0","0-603c3c4882a4b2854dd2f50ba2ee562d40c3626b8835ca59c26bab646712bfe7","1","See End Item P5A","See End Item P5A","42","","","","42","","","","","","","1066-2130ac077f460eaf5396a5799bebfcfc51e947399c6375d2893861fc29aaa3ee","root"
"For FY 2015 Long Lead","0","","","","0","0","","","","","","","2013-BASE_PROCUREMENT-2013-NAVY_AIRCRAFT_BA1-4-JustificationBook_Navy_PB_2013.zzz_unzipped-JustificationBook_Navy_PB_2013.xml","c58f3e1b9e38e357fc3c36cb6204a5182b2e132e43a0c2e90cc87c9d07cd04f0","1-78f86e091074d177beb74088ce0507c155e5e72551d082fadaeb5f8138de8e4e","1","","","","","","","","","","","","","","1066-2130ac077f460eaf5396a5799bebfcfc51e947399c6375d2893861fc29aaa3ee","root"
"For FY 2016 Long Lead","0","","","","0","0","","","","","","","2013-BASE_PROCUREMENT-2013-NAVY_AIRCRAFT_BA1-4-JustificationBook_Navy_PB_2013.zzz_unzipped-JustificationBook_Navy_PB_2013.xml","c58f3e1b9e38e357fc3c36cb6204a5182b2e132e43a0c2e90cc87c9d07cd04f0","2-b3ddfcedb32a8edeb956fad9f97c0e267ddfb02b19db26b53f1e3837ee025db3","1","","","","","","","","","","","","","","1066-2130ac077f460eaf5396a5799bebfcfc51e947399c6375d2893861fc29aaa3ee","root"
"For FY 2017 Long Lead","0","","","","0","0","","","","","","","2013-BASE_PROCUREMENT-2013-NAVY_AIRCRAFT_BA1-4-JustificationBook_Navy_PB_2013.zzz_unzipped-JustificationBook_Navy_PB_2013.xml","c58f3e1b9e38e357fc3c36cb6204a5182b2e132e43a0c2e90cc87c9d07cd04f0","3-51d47ca1421640f641b37abeca90d47d36f6dec129b5c325be9599a87ff1ee2e","1","","","","","","","","","","","","","","1066-2130ac077f460eaf5396a5799bebfcfc51e947399c6375d2893861fc29aaa3ee","root"
"For FY 2018 Long Lead","0","","","","0","0","","","","","","","2013-BASE_PROCUREMENT-2013-NAVY_AIRCRAFT_BA1-4-JustificationBook_Navy_PB_2013.zzz_unzipped-JustificationBook_Navy_PB_2013.xml","c58f3e1b9e38e357fc3c36cb6204a5182b2e132e43a0c2e90cc87c9d07cd04f0","4-dfbdc095b72f2da5b617fb3d39745be6305b8025d49166b48fd78d0f7cd3146e","1","","","","","","","","","","","","","","1066-2130ac077f460eaf5396a5799bebfcfc51e947399c6375d2893861fc29aaa3ee","root"
"CFE - Airframe T.L.","0","211.565","","0","20","0","","","","","","","2013-BASE_PROCUREMENT-2013-NAVY_AIRCRAFT_BA1-4-JustificationBook_Navy_PB_2013.zzz_unzipped-JustificationBook_Navy_PB_2013.xml","d2754e07aff7a1b263a31dad19b45c69e96d75bcc74c3f11578b13908f285a79","0-e5f4f8ff40bf7630d931f87e5608b6068311999d12b8401257e18d0434a3f2c2","0","See End Item P5A","See End Item P5A","36","","","","36","","","","","","","1071-68abe8acddda5e8025d9792cf9745246be440888ede77d954363d9789503f7c9","root"
"CFE - Airframe T.L.","0","","","","51.124","3","","","","","","","2013-BASE_PROCUREMENT-2013-NAVY_AIRCRAFT_BA1-4-JustificationBook_Navy_PB_2013.zzz_unzipped-JustificationBook_Navy_PB_2013.xml","35ba065fc15348b04ce24529e69be9f99c6cbf65b10c2c0aa5e1f211a03d3de7","0-9e987a6e1c09e39b127eb133324d59e9a1fede37c84e2e84b5a2e87197ff29e4","0","See End Item P5A","See End Item P5A","22","","","","22","","","","","","","1072-800ff3d6b923b9623ee3998495d3570fb5916ff40e73cbf216ad061d176ba00d","root"
"Airframe T.L.","0","870.7","0.903","49","23.6","26","","","","","","","2013-BASE_PROCUREMENT-2013-NAVY_AIRCRAFT_BA1-4-JustificationBook_Navy_PB_2013.zzz_unzipped-JustificationBook_Navy_PB_2013.xml","726c637195c83e4c0a7ae20346d13ed0b7692dc152694d77e984d871c4d21a8a","0-f4c892a90fd111201a34ccb6483c8637b31bf3de3bbb1b230ba7b9bfb36d5766","1","","","","","","","","","","","","","","1075-ae137db0aaac9eba72677b75edac5045ed95087e93e7ff8bdcd466029081896c","root"
"CFE- Airframe T. L.","0","528.379","163.242","85.071","50.84","4","","","","","","","2013-BASE_PROCUREMENT-2013-NAVY_AIRCRAFT_BA1-4-JustificationBook_Navy_PB_2013.zzz_unzipped-JustificationBook_Navy_PB_2013.xml","1b6e4b702b24277efec88c4dfcfbc287d38c3d115d2ccf877dd9d7935349683e","0-1443b2431e57b21d5fd30747011878af1e60e2abcac0764dd5e1be8404d73663","0","See End Item P5A","See End Item P5A","36","","","","36","","","","","","","1077-0c4e9ae7da0c0ff46fd9f55a6e092e67a2449a76dd122f7de003dfef84d71bf5","root"
"CFE-Airframe T.L.","0","221.354","222.053","91.439","82.835","6","","","","","","","2013-BASE_PROCUREMENT-2013-NAVY_AIRCRAFT_BA1-4-JustificationBook_Navy_PB_2013.zzz_unzipped-JustificationBook_Navy_PB_2013.xml","e15cc253127a516a7fca2e9705906e3c1522561f68e61267472a1ae406c2db8f","0-9effa0e510ed95d8bbe946e129685d2c7baff3e628ca68995e33b89671459e0f","0","See End Item P5A","See End Item P5A","36","","","","36","","","","","","","1079-e66aebaba685b943b8d1cf9c71c34132966eae5515d7118fc20a93f2db9afb61","root"
"CFE - AirFrame  TL","0","825.581","","","0","0","","","","","","","2013-BASE_PROCUREMENT-2013-NAVY_AIRCRAFT_BA1-4-JustificationBook_Navy_PB_2013.zzz_unzipped-JustificationBook_Navy_PB_2013.xml","88900f9fefa8c2efa538b7df0981031e5954f9d461c6376f83fc0b897746a2a5","0-b8593020a2ef275655eae7d20ace1194134e2b6674aaaf0aeeb01438e4f2bf4d","18","See End Item P5A","See End Item P5A","24","","","","24","","","","","","","1081-cebd3079ba9fd6556edc1fa1f260912416b837fc3c838605336617faeb9bd89f","root"
"Airframe T.L.","0","144.64","20.563","21.933","0","12","","","","","","","2013-BASE_PROCUREMENT-2013-NAVY_AIRCRAFT_BA7-MasterJustificationBook_Navy_PB_2013.zzz_unzipped-MasterJustificationBook_Navy_PB_2013.xml","fc4ad63a37f11443d049b6c774a2c3a61b497f69db08ea5c5de15e3106a0de6f","0-204cf6e0039c7bf09d191397637b87c8f9443bd72b65870c4e7e17ecb970f294","1","","","","","","","","","","","","","","1083-86942710a4715dbf9b1b5a4a406b58be4a7c3c212018a14cb0c770a88c272b0c","root"
"UH-1Y Cabin Materials","0","24.2","23.872","23.813","27.864","0","","","","","","","2013-BASE_PROCUREMENT-2013-NAVY_AIRCRAFT_BA7-MasterJustificationBook_Navy_PB_2013.zzz_unzipped-MasterJustificationBook_Navy_PB_2013.xml","b45801296a3524f507a18fb8bb9e6f0e3f8222e13c23ef914a357860ad0ef060","0-4264b947265b58d13e32f67b166b3fde3e336ef10d6fd310716d9c3e57a2f2b8","0","","","","","","","","","","","","","","1085-78b5481b20b5840c503514b68a4daaadaf7456b859cb0f469ce33ff0d6df647d","root"
"AH-1Z Cabin Materials","0","15.1","21.543","20.411","26.471","0","","","","","","","2013-BASE_PROCUREMENT-2013-NAVY_AIRCRAFT_BA7-MasterJustificationBook_Navy_PB_2013.zzz_unzipped-MasterJustificationBook_Navy_PB_2013.xml","b45801296a3524f507a18fb8bb9e6f0e3f8222e13c23ef914a357860ad0ef060","1-9b291506402a1afe36251ebc14bb9477af02fe5c84f0261a4cdcf9ae8776efbc","0","","","","","","","","","","","","","","1085-78b5481b20b5840c503514b68a4daaadaf7456b859cb0f469ce33ff0d6df647d","root"
"Dynamic Component Parts","8","3.6","4.076","3.969","4.876","0","","","","","","","2013-BASE_PROCUREMENT-2013-NAVY_AIRCRAFT_BA7-MasterJustificationBook_Navy_PB_2013.zzz_unzipped-MasterJustificationBook_Navy_PB_2013.xml","b45801296a3524f507a18fb8bb9e6f0e3f8222e13c23ef914a357860ad0ef060","2-1df0328aa33c8d8527973803fcd80bda46a0c2915e502f9ec6311e9fc3f83260","0","","","","","","","","","","","","","","1085-78b5481b20b5840c503514b68a4daaadaf7456b859cb0f469ce33ff0d6df647d","root"
"Other (forgings, bearings, shafts, castings, bolts, pins, etc.)","13","7.494","8.734","8.557","10.447","0","","","","","","","2013-BASE_PROCUREMENT-2013-NAVY_AIRCRAFT_BA7-MasterJustificationBook_Navy_PB_2013.zzz_unzipped-MasterJustificationBook_Navy_PB_2013.xml","b45801296a3524f507a18fb8bb9e6f0e3f8222e13c23ef914a357860ad0ef060","3-61fb8fab600af5536b4c32f1b1fed9c027ca16d6624e9ffd9701e58e227e4b6f","0","","","","","","","","","","","","","","1085-78b5481b20b5840c503514b68a4daaadaf7456b859cb0f469ce33ff0d6df647d","root"
"CFE - Airframe T.L.","0","317.444","","","0","0","","","","","","","2013-BASE_PROCUREMENT-2013-NAVY_AIRCRAFT_BA7-MasterJustificationBook_Navy_PB_2013.zzz_unzipped-MasterJustificationBook_Navy_PB_2013.xml","52b39e0ba477b629fab29d59fdc36d8c3d0ab657f636c88f6789b1fdfc38a7cd","0-b2eff1b92241a9c84ea98fb4dd95c87b79f9829905b2e64e854c810fe3ea7739","1","See End Item P5A","See End Item P5A","19","","","","19","","","","","","","1087-1a3ddd7a1d2ad8847630471866dc4060efb1d14c1a8781a83506d25e6f1452aa","root"
"Airframe for FY12 EOQ/Long Lead","0","","23.607","","0","0","","","","","","","2013-BASE_PROCUREMENT-2013-NAVY_AIRCRAFT_BA7-MasterJustificationBook_Navy_PB_2013.zzz_unzipped-MasterJustificationBook_Navy_PB_2013.xml","52b39e0ba477b629fab29d59fdc36d8c3d0ab657f636c88f6789b1fdfc38a7cd","1-81a31c8b6fc44b490b5e1875944a70a0dbe81d2c84c9984080f3c603772e3b4b","1","See End Item P5A","See End Item P5A","19","","","","19","","","","","","","1087-1a3ddd7a1d2ad8847630471866dc4060efb1d14c1a8781a83506d25e6f1452aa","root"
"Airframe for FY13 EOQ/Long Lead","0","","","24.053","0","0","","","","","","","2013-BASE_PROCUREMENT-2013-NAVY_AIRCRAFT_BA7-MasterJustificationBook_Navy_PB_2013.zzz_unzipped-MasterJustificationBook_Navy_PB_2013.xml","52b39e0ba477b629fab29d59fdc36d8c3d0ab657f636c88f6789b1fdfc38a7cd","2-e430856bdc66971dc2c1b37ce055b2ef2e537dae227021cbd224456acac57948","1","See End Item P5A","See End Item P5A","19","","","","19","","","","","","","1087-1a3ddd7a1d2ad8847630471866dc4060efb1d14c1a8781a83506d25e6f1452aa","root"
"Airframe for FY14 EOQ/Long Lead","0","","","2.207","24.505","0","","","","","","","2013-BASE_PROCUREMENT-2013-NAVY_AIRCRAFT_BA7-MasterJustificationBook_Navy_PB_2013.zzz_unzipped-MasterJustificationBook_Navy_PB_2013.xml","52b39e0ba477b629fab29d59fdc36d8c3d0ab657f636c88f6789b1fdfc38a7cd","3-7658f72553cb5ddfe7c774fd28555fca9058f59425b71f4e1887ce71459ed982","1","See End Item P5A","See End Item P5A","19","","","","19","","","","","","","1087-1a3ddd7a1d2ad8847630471866dc4060efb1d14c1a8781a83506d25e6f1452aa","root"
"Airframe for FY15 EOQ/Long Lead","0","","","0.981","0.865","0","","","","","","","2013-BASE_PROCUREMENT-2013-NAVY_AIRCRAFT_BA7-MasterJustificationBook_Navy_PB_2013.zzz_unzipped-MasterJustificationBook_Navy_PB_2013.xml","52b39e0ba477b629fab29d59fdc36d8c3d0ab657f636c88f6789b1fdfc38a7cd","4-3143366d04987710aa1c799327f9658a8628ba8c4a5196e91cc6c185b6745eb5","1","See End Item P5A","See End Item P5A","19","","","","19","","","","","","","1087-1a3ddd7a1d2ad8847630471866dc4060efb1d14c1a8781a83506d25e6f1452aa","root"
"CFE - Airframe T.L.","0","310.064","66.262","","0","0","","","","","","","2013-BASE_PROCUREMENT-2013-NAVY_AIRCRAFT_BA7-MasterJustificationBook_Navy_PB_2013.zzz_unzipped-MasterJustificationBook_Navy_PB_2013.xml","6b43da5773fdddd6745e6a9177c3b5322c6d5d599a05e656a65c474843726605","0-53e8849774c0c7897fe3d6a7d02c80672a1129b12393e72c7ab5f51537b46570","1","","","","","","","","","","","","","","1089-29f834d186c2f05b53ad6960a47ef943c892b1854053b43dd935cd6118b66a04","root"
"CC/Avionics - T.L./Other","0","475.753","59.408","","0","0","","","","","","","2013-BASE_PROCUREMENT-2013-NAVY_AIRCRAFT_BA7-MasterJustificationBook_Navy_PB_2013.zzz_unzipped-MasterJustificationBook_Navy_PB_2013.xml","6b43da5773fdddd6745e6a9177c3b5322c6d5d599a05e656a65c474843726605","1-6ecf9c40948cf04ea19bc73be64e460d98f285bc96048db58a08587eab3640af","1","","","","","","","","","","","","","","1089-29f834d186c2f05b53ad6960a47ef943c892b1854053b43dd935cd6118b66a04","root"
"CFE - Airframe T.L.","0","267.06","166.809","244.894","325.679","13","","","","","","","2013-BASE_PROCUREMENT-2013-NAVY_AIRCRAFT_BA7-MasterJustificationBook_Navy_PB_2013.zzz_unzipped-MasterJustificationBook_Navy_PB_2013.xml","a239252c2db994d3d59f63231ca3c22a219233e70e30c14c66a0ba0cdfbe6d4f","0-5977243ba74c4ca3be3ce3a181dcf75151a5ffc5c6c24bb06fd052e82f17f8a7","0","See End Item P5A","See End Item P5A","35","","","","35","","","","","","","1091-9c89245a727848b397c33ab80dbe8d0eb8b7d2e463a1024c65eaf2f77551dfc9","root"
"CFE - Airframe T.L.","0","362.596","117.941","157.942","123.179","0","","","","","","","2013-BASE_PROCUREMENT-2013-NAVY_AIRCRAFT_BA7-MasterJustificationBook_Navy_PB_2013.zzz_unzipped-MasterJustificationBook_Navy_PB_2013.xml","f574b404c7e4bb0b9eaa9bd06310ba954fd8383396e28c51365d22c8228792d8","0-7759a953845c3723af2d55fc5c52c1a66bef087b93858c35287dbdf2d5908d51","1","See End Item P5A","See End Item P5A","42","","","","42","","","","","","","1093-46a6d6629b4b18bda0eca261d79b8d26671323eba7d2c091e221d412a6dbc8c2","root"
"For FY 2015 Long Lead","0","","","","0","0","","","","","","","2013-BASE_PROCUREMENT-2013-NAVY_AIRCRAFT_BA7-MasterJustificationBook_Navy_PB_2013.zzz_unzipped-MasterJustificationBook_Navy_PB_2013.xml","f574b404c7e4bb0b9eaa9bd06310ba954fd8383396e28c51365d22c8228792d8","1-d76f5f8be3bc39a7dea1b507c53a3b8f5c1d678a95f9691c8d3a58f919010df6","1","","","","","","","","","","","","","","1093-46a6d6629b4b18bda0eca261d79b8d26671323eba7d2c091e221d412a6dbc8c2","root"
"For FY 2016 Long Lead","0","","","","0","0","","","","","","","2013-BASE_PROCUREMENT-2013-NAVY_AIRCRAFT_BA7-MasterJustificationBook_Navy_PB_2013.zzz_unzipped-MasterJustificationBook_Navy_PB_2013.xml","f574b404c7e4bb0b9eaa9bd06310ba954fd8383396e28c51365d22c8228792d8","2-810899d54858f8d32a5eaf3e6af83d138e037b248ee0120ca3f4513241bab6c9","1","","","","","","","","","","","","","","1093-46a6d6629b4b18bda0eca261d79b8d26671323eba7d2c091e221d412a6dbc8c2","root"
"For FY 2017 Long Lead","0","","","","0","0","","","","","","","2013-BASE_PROCUREMENT-2013-NAVY_AIRCRAFT_BA7-MasterJustificationBook_Navy_PB_2013.zzz_unzipped-MasterJustificationBook_Navy_PB_2013.xml","f574b404c7e4bb0b9eaa9bd06310ba954fd8383396e28c51365d22c8228792d8","3-d1742ebb2070a49b40c02fc90b7b43afeaa6b3ad3a9ad331ab45b8aa5ef89256","1","","","","","","","","","","","","","","1093-46a6d6629b4b18bda0eca261d79b8d26671323eba7d2c091e221d412a6dbc8c2","root"
"For FY 2018 Long Lead","0","","","","0","0","","","","","","","2013-BASE_PROCUREMENT-2013-NAVY_AIRCRAFT_BA7-MasterJustificationBook_Navy_PB_2013.zzz_unzipped-MasterJustificationBook_Navy_PB_2013.xml","f574b404c7e4bb0b9eaa9bd06310ba954fd8383396e28c51365d22c8228792d8","4-4c06f37bd3aaffaf2eac85242378d9b61824b64347a3b34801c283b558950a5e","1","","","","","","","","","","","","","","1093-46a6d6629b4b18bda0eca261d79b8d26671323eba7d2c091e221d412a6dbc8c2","root"
"CFE - Airframe T.L.","0","211.565","","0","20","0","","","","","","","2013-BASE_PROCUREMENT-2013-NAVY_AIRCRAFT_BA7-MasterJustificationBook_Navy_PB_2013.zzz_unzipped-MasterJustificationBook_Navy_PB_2013.xml","19b818fa742a194bd563aa5faa6e5e005c270142ae3622837df452b09ef21fd9","0-5f5d09737f5729e4c74dc467106ea874040731fec880a291ab1f76bac72afe4f","0","See End Item P5A","See End Item P5A","36","","","","36","","","","","","","1098-fc6e994bf49dc7f44f5bfd661ac3738104b532a514b8d4ae16613617eff49ba6","root"
"CFE - Airframe T.L.","0","","","","51.124","3","","","","","","","2013-BASE_PROCUREMENT-2013-NAVY_AIRCRAFT_BA7-MasterJustificationBook_Navy_PB_2013.zzz_unzipped-MasterJustificationBook_Navy_PB_2013.xml","a2cf9a9f7e41de0e4e8e70c616aab683dbff4c199053caf8b648f74fa8d86680","0-107b142a716112ba5495b8d2fec60c067d901ecd886e096dec6655ff45349926","0","See End Item P5A","See End Item P5A","22","","","","22","","","","","","","1099-41ef3aa16a0f4c1ed58041c9b4ea8ce396b7d7d6c8afd7279675b7e985ad8fd9","root"
"Airframe T.L.","0","870.7","0.903","49","23.6","26","","","","","","","2013-BASE_PROCUREMENT-2013-NAVY_AIRCRAFT_BA7-MasterJustificationBook_Navy_PB_2013.zzz_unzipped-MasterJustificationBook_Navy_PB_2013.xml","e21141c5bdc26da71ac5ea984451900c0d04cdb459ada4454fef17e3e0d037e3","0-9df43d4846899bd587b322e114f7968065b8316a709fd9f3e419990baa2e7af8","1","","","","","","","","","","","","","","1102-32b5768ae05b3bc7ecb06c1b7a7ad376ae67a2b263e13eb63692164cf031df48","root"
"CFE- Airframe T. L.","0","528.379","163.242","85.071","50.84","4","","","","","","","2013-BASE_PROCUREMENT-2013-NAVY_AIRCRAFT_BA7-MasterJustificationBook_Navy_PB_2013.zzz_unzipped-MasterJustificationBook_Navy_PB_2013.xml","6be8c1ba8081b3684a551a7ebb51417b1707dd863e3e39ea0bab2286adf1d1a8","0-cee9dba169839cbc80f6230a49c5821e1de1bed8b54cb46826ae658fb1fa8a87","0","See End Item P5A","See End Item P5A","36","","","","36","","","","","","","1104-0b5b401e62f070705696395127307617ed578c2a6b5979884a32248efa925a78","root"
"CFE-Airframe T.L.","0","221.354","222.053","91.439","82.835","6","","","","","","","2013-BASE_PROCUREMENT-2013-NAVY_AIRCRAFT_BA7-MasterJustificationBook_Navy_PB_2013.zzz_unzipped-MasterJustificationBook_Navy_PB_2013.xml","57b7e75a2b5cb2d490ce2912a42672afdb440d0c4fc34c245fb92baa86ce8db1","0-97b4224daaaa5ad95c1356f206c7825632bd32b64158efac6a9bbf646bc2b1a4","0","See End Item P5A","See End Item P5A","36","","","","36","","","","","","","1106-e3586c21bfbc2b01847b0d5a2d4861134e4958be7d38952afff20a1ae28df03e","root"
"CFE - AirFrame  TL","0","825.581","","","0","0","","","","","","","2013-BASE_PROCUREMENT-2013-NAVY_AIRCRAFT_BA7-MasterJustificationBook_Navy_PB_2013.zzz_unzipped-MasterJustificationBook_Navy_PB_2013.xml","7597bbdd4d25ec92c5844fecacfdaaaa10c12e15befbde6f7b81db23360e002e","0-708188a921952a42c542363b4a1724a56a78c006eb87c3d33553dc63337dc616","18","See End Item P5A","See End Item P5A","24","","","","24","","","","","","","1108-c9856b0a72e1b06fdf79b9b5dcb55443b807ec5c5a2aa02dc8f86cb9a963d059","root"
"Equipment","0","0.000","112.2","175.8","0.000","","0.000","0.000","0.000","0","0.000","288","2014-BASE_PROCUREMENT-2014-AIRFORCE_AIRCRAFT_VOL2-PROCUREMENT_JustificationBook_Air_Force_PB_2014.zzz_unzipped-PROCUREMENT_JustificationBook_Air_Force_PB_2014.xml","3ba6d0699113e4ef65d7f6ec694660fbec2ac47e37f1b3dac3a0dc212d137479","0-8bbef109ec9489aca80bb0a62b88330a6f7971e2801e41610f9d32b9f6f7fcc8","","","","","","","","","","","","","","","1666-5cda579aa019443f907eb21c5ac7f51be32b501bcb173a14947fcff10c51a221","root"
"F-35 Airframe Equipment","0","782.752","178.602","228.852","283.751","","376.58","397.666","450.84","458.955","14514.124","17672.122","2014-BASE_PROCUREMENT-2014-AIRFORCE_AIRCRAFT_VOL1-PROCUREMENT_JustificationBook_Air_Force_PB_2014.zzz_unzipped-PROCUREMENT_JustificationBook_Air_Force_PB_2014.xml","9b61234d81d63166f24ad258b5e55dffeec409e2dd27bb2645028bc0cc61d668","0-0e17bb253634d144e37291b62e37ac3a9fecd24469acc6b7b1d39a5238cfcead","","Lockheed Martin","Fort Worth, TX","","","","","","","","","","","","1712-e3eca6ca0954bbf8f2f693d95d6d4fa6af06fb1f8eb2c6c492490b8b9b7bc2fd","root"
"AVIONICS","12","117.656","20","15","0","","0","0","0","0","0","152.656","2014-BASE_PROCUREMENT-2014-AIRFORCE_AIRCRAFT_VOL1-PROCUREMENT_JustificationBook_Air_Force_PB_2014.zzz_unzipped-PROCUREMENT_JustificationBook_Air_Force_PB_2014.xml","2646edf56b0a2f35eb384cabca2534ac2cc070221cde934447c037bbc8c8d2fd","0-251f931904894e5d09659fa620c4daaac9096f88a0f00cae6e02a49457adf718","","BELL BOEING","RIDLEY PARK, PA, FT WORTH, TX AND AMARILLO, TX","0","0","0","0","0","0","0","0","0.00","0.00","0.00","1718-9349ddbc6120ffc229085aaaee54c7d72491b57bcf30f4973c67885bdb9e8f33","root"
"Advance Procurement","12","9.877","20","0","0","","0","0","0","0","0","29.877","2014-BASE_PROCUREMENT-2014-AIRFORCE_AIRCRAFT_VOL1-PROCUREMENT_JustificationBook_Air_Force_PB_2014.zzz_unzipped-PROCUREMENT_JustificationBook_Air_Force_PB_2014.xml","bd8d3703cfac5e9e892e26e724cf56264b9f965383fa3d44cc73d8d7aff20159","0-04059553c233c009d673b7610191d3aabb80520985b6e29c826c8c3a39492bd7","","Lockheed Martin","Marietta GA","","","","","","","","","","","","1726-dc6815e342075fe2f056a1a02a720a56696c86ad50085447a56238ff617a1f7e","root"
"Global Hawk Block 30","1","659.898","71.5","0","0","","0","0","0","0","0","731.398","2014-BASE_PROCUREMENT-2014-AIRFORCE_AIRCRAFT_VOL1-PROCUREMENT_JustificationBook_Air_Force_PB_2014.zzz_unzipped-PROCUREMENT_JustificationBook_Air_Force_PB_2014.xml","7d6024d0805daa28a288cfe9e56a9395294a4bb690e51891da9ecc5630b114e6","0-d45ad290f311645c23d5ffa63c7a5cf7eec72a11a3d26b0a8df1c915c9489a36","","Northrop Grumman","Rancho Bernardo, CA","","","","","","","","","","","","1728-01df5f482e967e0bd2123fa910a305dc69c06e005ec71103cef16a3d62c47d90","root"
"Advance Procurement","12","542.679","50","0","70","","140","20","0","0","0","822.679","2014-BASE_PROCUREMENT-2014-AIRFORCE_AIRCRAFT_VOL1-PROCUREMENT_JustificationBook_Air_Force_PB_2014.zzz_unzipped-PROCUREMENT_JustificationBook_Air_Force_PB_2014.xml","87fe378a0d0a4ac2bd7f5599a847577c8b84352d788084ef2c6af33bc809e3d3","0-c0680113b34dc4a8d367b85991daca7ca628c5d3668f212c1af575c52b67b5d2","","Lockheed Martin","Marietta GA","","","","","","","","","","","","1753-b64556deda4c19bef3038094dedaa76444da5fab00e397341158952eae4ea5e9","root"
"Advance Procurement","12","9.945","10","0","40","","50","30","0","0","0","139.945","2014-BASE_PROCUREMENT-2014-AIRFORCE_AIRCRAFT_VOL1-PROCUREMENT_JustificationBook_Air_Force_PB_2014.zzz_unzipped-PROCUREMENT_JustificationBook_Air_Force_PB_2014.xml","dbfe8de14b0d32c628ed01d3914e078284fa20402d5b14399264b391cbf7da9d","0-9ab67fef37ed3f2ca409dc3c411448eeeb870aa581ce4bc92c735c71525def3c","","","","","","","","","","","","","","","1755-1ac05565386de838a585a41a33890ad57dabdffc89984fb9f46181cd6897b9ec","root"
"Advance Procurement","12","59.669","40","0","20","","80","50","60","0","0","309.669","2014-BASE_PROCUREMENT-2014-AIRFORCE_AIRCRAFT_VOL1-PROCUREMENT_JustificationBook_Air_Force_PB_2014.zzz_unzipped-PROCUREMENT_JustificationBook_Air_Force_PB_2014.xml","8006d245bd699020fdba3c4b1cd620c2f5d69d075a47574c25b22402c14a21e8","0-af78815cc134e91c6e7a6a07d155d9b603da9df01fb5e512366a00a055764303","","Lockheed Martin","Marietta GA","","","","","","","","","","","","1757-d2c2ac60c706db67636be075142a0189434ee3fa9373b85c7c659384f943f430","root"
"F-35 Airframe Equipment","0","782.752","178.602","228.852","283.751","","376.58","397.666","450.84","458.955","14514.124","17672.122","2014-BASE_PROCUREMENT-2014-AIRFORCE_AIRCRAFT_VOL2-PROCUREMENT_MasterJustificationBook_Air_Force_PB_2014.zzz_unzipped-PROCUREMENT_MasterJustificationBook_Air_Force_PB_2014.xml","49e6ebb877c28b1a5a5ad3ec630e9669d0f205b4790c66bd50e69d037f2b0687","0-f0a246d787b9f5406561d9a80ba95501b546529454381d048120678a974902e3","","Lockheed Martin","Fort Worth, TX","","","","","","","","","","","","1759-f717f1e14540072ae406f13b72676c2a716db912655ced6b806baf4aa8c63c6a","root"
"AVIONICS","12","117.656","20","15","0","","0","0","0","0","0","152.656","2014-BASE_PROCUREMENT-2014-AIRFORCE_AIRCRAFT_VOL2-PROCUREMENT_MasterJustificationBook_Air_Force_PB_2014.zzz_unzipped-PROCUREMENT_MasterJustificationBook_Air_Force_PB_2014.xml","87e6219c53a6a0e21d8cd2ef48641c364c0940e3ebc418f58e09ce6611c01b96","0-f1973227891e99b4918d201f65f7061674e815f27588009e24cbc830feca343d","","BELL BOEING","RIDLEY PARK, PA, FT WORTH, TX AND AMARILLO, TX","0","0","0","0","0","0","0","0","0.00","0.00","0.00","1765-fcceced2f618d12e7739c23c40e1075eaf95714ea6bd1308c6a65b41266c4ed0","root"
"Advance Procurement","12","9.877","20","0","0","","0","0","0","0","0","29.877","2014-BASE_PROCUREMENT-2014-AIRFORCE_AIRCRAFT_VOL2-PROCUREMENT_MasterJustificationBook_Air_Force_PB_2014.zzz_unzipped-PROCUREMENT_MasterJustificationBook_Air_Force_PB_2014.xml","45f0be2dfff78b26486004bb5ff808ec4df07601617e528c9f2d0e3c0b68a716","0-f15bc7589a602ed02d58465634a64385f310c1ee4c1f10488989ceeb83ea378d","","Lockheed Martin","Marietta GA","","","","","","","","","","","","1773-11bc64d2bf48381e291ed753001d276c72fc60411df6e1ea5074826dc96f1826","root"
"Global Hawk Block 30","1","659.898","71.5","0","0","","0","0","0","0","0","731.398","2014-BASE_PROCUREMENT-2014-AIRFORCE_AIRCRAFT_VOL2-PROCUREMENT_MasterJustificationBook_Air_Force_PB_2014.zzz_unzipped-PROCUREMENT_MasterJustificationBook_Air_Force_PB_2014.xml","20f7907056336be4710ebeb3bc8594a8c51886c61c07ee8b10c3abad2debace8","0-bc0895fcfdb05b54493877ea1b6e5f9a550209f8a9ce1071b0b05db510fcbcb0","","Northrop Grumman","Rancho Bernardo, CA","","","","","","","","","","","","1775-dcbebe30fefb4b0fd1520e6c3f3528541aeef91c00299524c5a05153b2afb885","root"
"Advance Procurement","12","542.679","50","0","70","","140","20","0","0","0","822.679","2014-BASE_PROCUREMENT-2014-AIRFORCE_AIRCRAFT_VOL2-PROCUREMENT_MasterJustificationBook_Air_Force_PB_2014.zzz_unzipped-PROCUREMENT_MasterJustificationBook_Air_Force_PB_2014.xml","488edd08a4134d4ef47f67932aa0e770dd42909fc6ec080a1be4113faa890508","0-5e2c45fe0d9683177662215fa21db697ee7e5d99e68ee3b16443c6dc4119f5f8","","Lockheed Martin","Marietta GA","","","","","","","","","","","","1800-e71aad2cc91b995511405e1be53bce5d4edf6c34d8d1189fd021b9828c0a9c9d","root"
"Advance Procurement","12","9.945","10","0","40","","50","30","0","0","0","139.945","2014-BASE_PROCUREMENT-2014-AIRFORCE_AIRCRAFT_VOL2-PROCUREMENT_MasterJustificationBook_Air_Force_PB_2014.zzz_unzipped-PROCUREMENT_MasterJustificationBook_Air_Force_PB_2014.xml","afff2db197154c64bd3603746babe747ea6f30fabb8f1dcbb90731d86f8fdd0a","0-241aa94fd301d3e8031cc6a4ae450edccc7cacbdca017aebb6aae6e309f53fa0","","","","","","","","","","","","","","","1802-7eb2e0efdc6a14500a8fede0645001ff6a8c00c1bbf149fde4374de8ec7a6c5b","root"
"Advance Procurement","12","59.669","40","0","20","","80","50","60","0","0","309.669","2014-BASE_PROCUREMENT-2014-AIRFORCE_AIRCRAFT_VOL2-PROCUREMENT_MasterJustificationBook_Air_Force_PB_2014.zzz_unzipped-PROCUREMENT_MasterJustificationBook_Air_Force_PB_2014.xml","568274f6da4ae741bf3451b1e4bd1ce95232308fe969b118463d712471e787ca","0-5016858dff1ce3e400d8382f536a7f4b738cc0b43a567fdd48d21bc839c9aa0a","","Lockheed Martin","Marietta GA","","","","","","","","","","","","1804-c62b0af73828493ee7e7c06f8480bb8332870929ffd944e5cab89a698d2b631f","root"
"F-35 Airframe Equipment","0","782.752","178.602","228.852","283.751","","376.58","397.666","450.84","458.955","14514.124","17672.122","2014-BASE_PROCUREMENT-2014-AIRFORCE_AIRCRAFT_VOL1-PROCUREMENT_MasterJustificationBook_Air_Force_PB_2014.zzz_unzipped-PROCUREMENT_MasterJustificationBook_Air_Force_PB_2014.xml","6ab9e29ac3b8aded689164aba8dab423bb75c52b5172bcd81d5d2ac7eeafb8ff","0-d9f8729a208a14b609a7c48d0b1437fb5a46aa175ad51b4769feabab31b55e0f","","Lockheed Martin","Fort Worth, TX","","","","","","","","","","","","1806-f73b11dd6a62330831e6db1d6e033018cb70d68094b24eff76d15d58375b80cf","root"
"AVIONICS","12","117.656","20","15","0","","0","0","0","0","0","152.656","2014-BASE_PROCUREMENT-2014-AIRFORCE_AIRCRAFT_VOL1-PROCUREMENT_MasterJustificationBook_Air_Force_PB_2014.zzz_unzipped-PROCUREMENT_MasterJustificationBook_Air_Force_PB_2014.xml","64862d5509d36b3dc25821d3aee2b698b642d9914a9acb94aba0df7947892b95","0-905d7da75e757c309e83e70478f9064808800a1c9952a0bc7037253a0304f42f","","BELL BOEING","RIDLEY PARK, PA, FT WORTH, TX AND AMARILLO, TX","0","0","0","0","0","0","0","0","0.00","0.00","0.00","1812-ddb61756f4920e9caaf2f0bcb44b753840f45bbb5f9adb226af5e192ad46d0bf","root"
"Advance Procurement","12","9.877","20","0","0","","0","0","0","0","0","29.877","2014-BASE_PROCUREMENT-2014-AIRFORCE_AIRCRAFT_VOL1-PROCUREMENT_MasterJustificationBook_Air_Force_PB_2014.zzz_unzipped-PROCUREMENT_MasterJustificationBook_Air_Force_PB_2014.xml","df67eff3c686183f6dcf7d4101da8c03f51d7865cf70fd8211d6e348ea90397e","0-08c898a5235b1d989a14c7fb0a2ebd22b8eca61c725d0d461b7f41b2c0c6c5f3","","Lockheed Martin","Marietta GA","","","","","","","","","","","","1820-c5bb18f7ff75e7c99769969249e9539cc4f0a5d0448fd0d92888e5f7f7ba973d","root"
"Global Hawk Block 30","1","659.898","71.5","0","0","","0","0","0","0","0","731.398","2014-BASE_PROCUREMENT-2014-AIRFORCE_AIRCRAFT_VOL1-PROCUREMENT_MasterJustificationBook_Air_Force_PB_2014.zzz_unzipped-PROCUREMENT_MasterJustificationBook_Air_Force_PB_2014.xml","316c8a1eea6fda1117d3c520bf1b7b3c456a990002e7720ef4597a622b9eacd5","0-16c0cbe876a9706c80b9c73c2a8b549fb62a71e11f8d501f21be71075c7aff3f","","Northrop Grumman","Rancho Bernardo, CA","","","","","","","","","","","","1822-55d12a01fe56fe4dcf067d3b89c69e6f0edd8be035125c67c1611c2427c46542","root"
"Advance Procurement","12","542.679","50","0","70","","140","20","0","0","0","822.679","2014-BASE_PROCUREMENT-2014-AIRFORCE_AIRCRAFT_VOL1-PROCUREMENT_MasterJustificationBook_Air_Force_PB_2014.zzz_unzipped-PROCUREMENT_MasterJustificationBook_Air_Force_PB_2014.xml","9de913aeb6567c0d4534e57110f9dda8f4ab9f2890ebec10995f16b0056b8d4a","0-a1a4ae5324dc598bfa731edf678a1e65b9b008471f7ee56cf95d782b63947e31","","Lockheed Martin","Marietta GA","","","","","","","","","","","","1847-391ad63e5b68a7e7d3b98dfc09c593564c8bdde14f31a7d9a3d256125992707e","root"
"Advance Procurement","12","9.945","10","0","40","","50","30","0","0","0","139.945","2014-BASE_PROCUREMENT-2014-AIRFORCE_AIRCRAFT_VOL1-PROCUREMENT_MasterJustificationBook_Air_Force_PB_2014.zzz_unzipped-PROCUREMENT_MasterJustificationBook_Air_Force_PB_2014.xml","b4e943eafd3729a618b1044fb9e5de1dd8c175e919b52421689b90b7354dd0b6","0-a7e7d7f002a896c29871f1475d95cca18a06f7333d1d632d58f2ac05bf3e6d47","","","","","","","","","","","","","","","1849-88ecde38752011ccbd71883412ea35bf52119b9cb88d442f5d03f9a7bfec0706","root"
"Advance Procurement","12","59.669","40","0","20","","80","50","60","0","0","309.669","2014-BASE_PROCUREMENT-2014-AIRFORCE_AIRCRAFT_VOL1-PROCUREMENT_MasterJustificationBook_Air_Force_PB_2014.zzz_unzipped-PROCUREMENT_MasterJustificationBook_Air_Force_PB_2014.xml","1800a4a3cade962759517e8f30a849a8b21a34bb984d87d8abe05b8727f27625","0-6a39a443b35e8c4549cb9714a617a15cb1a8a226b4e300f24efb99917cf9dbfd","","Lockheed Martin","Marietta GA","","","","","","","","","","","","1851-ca5434ae51dd6ed88e338f5f3b5c5550bd06cece1d9353198be77dac770c6606","root"
"Equipment","0","0.000","112.2","175.8","0.000","","0.000","0.000","0.000","0","0.000","288","2014-BASE_PROCUREMENT-2014-AIRFORCE_AIRCRAFT_VOL2-PROCUREMENT_MasterJustificationBook_Air_Force_PB_2014.zzz_unzipped-PROCUREMENT_MasterJustificationBook_Air_Force_PB_2014.xml","f3cdf2d13e7be34dede41451564c52d925e6e0b93b056f441a0daee4409784ce","0-8c79f31c39ee21973650afb590ea078c8ed34488917de48084b51892bd4551e1","","","","","","","","","","","","","","","1855-91079b6b90f5c9b0fe150cb04c323e42329ff87d42cfb6357c0f38411d98429b","root"
"Equipment","0","0.000","112.2","175.8","0.000","","0.000","0.000","0.000","0","0.000","288","2014-BASE_PROCUREMENT-2014-AIRFORCE_AIRCRAFT_VOL1-PROCUREMENT_MasterJustificationBook_Air_Force_PB_2014.zzz_unzipped-PROCUREMENT_MasterJustificationBook_Air_Force_PB_2014.xml","29104156e060cc3a07cecaaddf8abdc61858a2c3f3cfbae6621a8cd74336ce3c","0-5a7d6762a5bc9d554c1399bb9cfe12cf5e1222fd7e680399653aed62c9c504a1","","","","","","","","","","","","","","","1903-e06005613c6353b66a2ec8df9a454bcf42967eaaf9631b89d5ddb4c5ef5fcb41","root"
"Airframe T.L.","0","165.203","22.453","0","0","0","","","","","","","2014-BASE_PROCUREMENT-2014-NAVY_AIRCRAFT_BA1-4-PROCUREMENT_JustificationBook_Navy_PB_2014.zzz_unzipped-PROCUREMENT_JustificationBook_Navy_PB_2014.xml","59eb071a2b8c27825df619eb2437ee7c5c84f3ba541674a32571545b2cf94550","0-60a0fae1befa3c8b3b51a875b48102f9601fbe31bc66925e7b10eacc4f7c021c","1","See End Item P5A","See End Item P5A","38","","","","38","","","","","","","2720-52c16489841342f8773dcefe5491a6ffa989548b3a7834e4d479c8cc3305fa1e","root"
"UH-1Y Cabin Materials","0","48.072","23.813","27.864","28.416","0","","","","","","","2014-BASE_PROCUREMENT-2014-NAVY_AIRCRAFT_BA1-4-PROCUREMENT_JustificationBook_Navy_PB_2014.zzz_unzipped-PROCUREMENT_JustificationBook_Navy_PB_2014.xml","7fa98ebdf00716dac253784ec3c8e6d0fdbc0d8a1c13700e5d8d3eb0e6053267","0-4004cf5ec3dc1eaf23d48039b437f5c8a1a63e0279ae33c5f097a94a962724b3","0","See End Item P5A","See End Item P5A","28","","","","28","","","","","","","2722-565a94b8a7869d5a63e3bc0d7ff9a49c7d8361e7f34ade5e26f39b360037faf1","root"
"AH-1Z Cabin Materials","0","36.643","20.411","26.471","26.995","0","","","","","","","2014-BASE_PROCUREMENT-2014-NAVY_AIRCRAFT_BA1-4-PROCUREMENT_JustificationBook_Navy_PB_2014.zzz_unzipped-PROCUREMENT_JustificationBook_Navy_PB_2014.xml","7fa98ebdf00716dac253784ec3c8e6d0fdbc0d8a1c13700e5d8d3eb0e6053267","1-b52d2ae3aa8510bdaac388f9b7b7d600d4d48d0d903b94d5bb104386676f7845","0","See End Item P5A","See End Item P5A","38","","","","38","","","","","","","2722-565a94b8a7869d5a63e3bc0d7ff9a49c7d8361e7f34ade5e26f39b360037faf1","root"
"Dynamic Component Parts","8","7.676","3.969","4.876","4.973","0","","","","","","","2014-BASE_PROCUREMENT-2014-NAVY_AIRCRAFT_BA1-4-PROCUREMENT_JustificationBook_Navy_PB_2014.zzz_unzipped-PROCUREMENT_JustificationBook_Navy_PB_2014.xml","7fa98ebdf00716dac253784ec3c8e6d0fdbc0d8a1c13700e5d8d3eb0e6053267","2-9f53edc5f3e738bb3908336b3d6429dae9aae65b7804313a1f28b80321f2865a","0","See End Item P5A","See End Item P5A","28","","","","28","","","","","","","2722-565a94b8a7869d5a63e3bc0d7ff9a49c7d8361e7f34ade5e26f39b360037faf1","root"
"Other (forgings, bearings, shafts, castings, bolts, pins, etc.)","13","16.228","8.557","10.447","10.616","0","","","","","","","2014-BASE_PROCUREMENT-2014-NAVY_AIRCRAFT_BA1-4-PROCUREMENT_JustificationBook_Navy_PB_2014.zzz_unzipped-PROCUREMENT_JustificationBook_Navy_PB_2014.xml","7fa98ebdf00716dac253784ec3c8e6d0fdbc0d8a1c13700e5d8d3eb0e6053267","3-ed3a1e7aee9157fbfdad9a6fe9f424fd5e60dd828fca2e823c11bf5e93afbc08","0","See End Item P5A","See End Item P5A","28","","","","28","","","","","","","2722-565a94b8a7869d5a63e3bc0d7ff9a49c7d8361e7f34ade5e26f39b360037faf1","root"
"CFE - Airframe T.L.","0","317.443","","","0","0","","","","","","","2014-BASE_PROCUREMENT-2014-NAVY_AIRCRAFT_BA1-4-PROCUREMENT_JustificationBook_Navy_PB_2014.zzz_unzipped-PROCUREMENT_JustificationBook_Navy_PB_2014.xml","d9f1e0fb0d1c8f37f7cf1fb8789cbe4e3f3cf2139c15aa9e23860a1278ea6cc4","0-2a71c34b8bb6c049596eb79aca9adf4536d65ba3c65f2e4e3175a9d55f5edada","1","See End Item P5A","See End Item P5A","19","","","","19","","","","","","","2724-f48135a85e0a8ac07155fb74ec883d1905f2ef5c2c03796017347307b71b0933","root"
"Airframe for FY12 EOQ/Long Lead","0","23.585","","","0","0","","","","","","","2014-BASE_PROCUREMENT-2014-NAVY_AIRCRAFT_BA1-4-PROCUREMENT_JustificationBook_Navy_PB_2014.zzz_unzipped-PROCUREMENT_JustificationBook_Navy_PB_2014.xml","d9f1e0fb0d1c8f37f7cf1fb8789cbe4e3f3cf2139c15aa9e23860a1278ea6cc4","1-6d939ba8bd69da683e1efc6db120d6025466b966d57719990acbb5b712a2b85b","1","See End Item P5A","See End Item P5A","19","","","","19","","","","","","","2724-f48135a85e0a8ac07155fb74ec883d1905f2ef5c2c03796017347307b71b0933","root"
"Airframe for FY13 EOQ/Long Lead","0","","24.053","","0","0","","","","","","","2014-BASE_PROCUREMENT-2014-NAVY_AIRCRAFT_BA1-4-PROCUREMENT_JustificationBook_Navy_PB_2014.zzz_unzipped-PROCUREMENT_JustificationBook_Navy_PB_2014.xml","d9f1e0fb0d1c8f37f7cf1fb8789cbe4e3f3cf2139c15aa9e23860a1278ea6cc4","2-398c861fb4541fe734f492de96d14d2e73ad273fe12cec9820d2a6b9c7ccfb2d","1","See End Item P5A","See End Item P5A","19","","","","19","","","","","","","2724-f48135a85e0a8ac07155fb74ec883d1905f2ef5c2c03796017347307b71b0933","root"
"Airframe for FY14 EOQ/Long Lead","0","","2.207","24.505","0","0","","","","","","","2014-BASE_PROCUREMENT-2014-NAVY_AIRCRAFT_BA1-4-PROCUREMENT_JustificationBook_Navy_PB_2014.zzz_unzipped-PROCUREMENT_JustificationBook_Navy_PB_2014.xml","d9f1e0fb0d1c8f37f7cf1fb8789cbe4e3f3cf2139c15aa9e23860a1278ea6cc4","3-d9ebe702790c1bc7c6b605807a4b8cdc0a984017eb860e1c80403bb46588ed0f","1","See End Item P5A","See End Item P5A","19","","","","19","","","","","","","2724-f48135a85e0a8ac07155fb74ec883d1905f2ef5c2c03796017347307b71b0933","root"
"Airframe for FY15 EOQ/Long Lead","0","","0.981","0.865","11.157","0","","","","","","","2014-BASE_PROCUREMENT-2014-NAVY_AIRCRAFT_BA1-4-PROCUREMENT_JustificationBook_Navy_PB_2014.zzz_unzipped-PROCUREMENT_JustificationBook_Navy_PB_2014.xml","d9f1e0fb0d1c8f37f7cf1fb8789cbe4e3f3cf2139c15aa9e23860a1278ea6cc4","4-e38cb37cb752a8baef21bd6da2ab011052a700e52fdd3c91681c66eec8c29a23","1","See End Item P5A","See End Item P5A","19","","","","19","","","","","","","2724-f48135a85e0a8ac07155fb74ec883d1905f2ef5c2c03796017347307b71b0933","root"
"CFE - Airframe T.L.","0","376.326","","","0","0","","","","","","","2014-BASE_PROCUREMENT-2014-NAVY_AIRCRAFT_BA1-4-PROCUREMENT_JustificationBook_Navy_PB_2014.zzz_unzipped-PROCUREMENT_JustificationBook_Navy_PB_2014.xml","fca80c4a5bf23e192e9420dded4f49a1b46495e610d6495e88d6fe525d380853","0-801f7cf962401528b463879428a76e74a1308867a4fffce90bf2e9b2cfe6c77a","1","See End Item P5A","See End Item P5A","25","","","","25","","","","","","","2726-c6f74dadf800042a548aaa757d5bb66689b9c75e43eda6c632498c12be66a93e","root"
"CC/Avionics - T.L./Other","0","554.46","","","0","0","","","","","","","2014-BASE_PROCUREMENT-2014-NAVY_AIRCRAFT_BA1-4-PROCUREMENT_JustificationBook_Navy_PB_2014.zzz_unzipped-PROCUREMENT_JustificationBook_Navy_PB_2014.xml","fca80c4a5bf23e192e9420dded4f49a1b46495e610d6495e88d6fe525d380853","1-3c5a4e63db87f158eacfc3b493e33ccc223a757338a7d0454852322ec20daa56","1","See End Item P5A","See End Item P5A","32","","","","32","","","","","","","2726-c6f74dadf800042a548aaa757d5bb66689b9c75e43eda6c632498c12be66a93e","root"
"CFE - Airframe T.L.","0","433.869","244.894","325.679","313.16","16","","","","","","","2014-BASE_PROCUREMENT-2014-NAVY_AIRCRAFT_BA1-4-PROCUREMENT_JustificationBook_Navy_PB_2014.zzz_unzipped-PROCUREMENT_JustificationBook_Navy_PB_2014.xml","9153159fe86babf2338e4b160b0225ad806515ca1ccc0dbf362bf9b5e04bfffb","0-8a92fb9794cb9d6e1d3970ae35f0e9d48a660573d40667054d7a0e684e85a1d1","0","See End Item P5A","See End Item P5A","35","","","","35","","","","","","","2728-ff3d0eec66ee3f274202cab0efa6a8275fc1b34b72f694f5ca58815e4e054aa9","root"
"CFE - Airframe T.L.","0","480.537","157.942","123.179","0","0","","","","","","","2014-BASE_PROCUREMENT-2014-NAVY_AIRCRAFT_BA1-4-PROCUREMENT_JustificationBook_Navy_PB_2014.zzz_unzipped-PROCUREMENT_JustificationBook_Navy_PB_2014.xml","0665cc0483394d06f3f23a211d09a0bac88f7a74f6e6df002dd9f2bcbf15f4e0","0-566c5c2e24735a34fe9f33e606a969fdda71139d156c9643afaf8fd9258e507b","1","See End Item P5A","See End Item P5A","39","","","","39","","","","","","","2730-270156b18c5bd74533d5a50004ed3089206adb81455ef0208b7e03e5c93ad180","root"
"Prior Years EOQ/Long Lead","0","538.598","","","0","0","","","","","","","2014-BASE_PROCUREMENT-2014-NAVY_AIRCRAFT_BA1-4-PROCUREMENT_JustificationBook_Navy_PB_2014.zzz_unzipped-PROCUREMENT_JustificationBook_Navy_PB_2014.xml","0665cc0483394d06f3f23a211d09a0bac88f7a74f6e6df002dd9f2bcbf15f4e0","1-d0034e0a86db4ff2d73d5821aa05816ba37b9706b2b421898e85ef37e8582130","1","See End Item P5A","See End Item P5A","39","","","","39","","","","","","","2730-270156b18c5bd74533d5a50004ed3089206adb81455ef0208b7e03e5c93ad180","root"
"For FY 2015 EOQ/Long Lead","0","","","","128.419","0","","","","","","","2014-BASE_PROCUREMENT-2014-NAVY_AIRCRAFT_BA1-4-PROCUREMENT_JustificationBook_Navy_PB_2014.zzz_unzipped-PROCUREMENT_JustificationBook_Navy_PB_2014.xml","0665cc0483394d06f3f23a211d09a0bac88f7a74f6e6df002dd9f2bcbf15f4e0","2-09a2a46a59ed94ab0a30973854be0fca4b3f3c498ed7ce1365755bb7c4799006","1","See End Item P5A","See End Item P5A","39","","","","39","","","","","","","2730-270156b18c5bd74533d5a50004ed3089206adb81455ef0208b7e03e5c93ad180","root"
"For FY 2016 EOQ/Long Lead","0","","","","51.007","0","","","","","","","2014-BASE_PROCUREMENT-2014-NAVY_AIRCRAFT_BA1-4-PROCUREMENT_JustificationBook_Navy_PB_2014.zzz_unzipped-PROCUREMENT_JustificationBook_Navy_PB_2014.xml","0665cc0483394d06f3f23a211d09a0bac88f7a74f6e6df002dd9f2bcbf15f4e0","3-1d04e51db58bc9a55f3ce29f678c55ef736f525f0c6be67e6d3b3c454cb2a2af","1","See End Item P5A","See End Item P5A","39","","","","39","","","","","","","2730-270156b18c5bd74533d5a50004ed3089206adb81455ef0208b7e03e5c93ad180","root"
"For FY 2017 EOQ/Long Lead","0","","","","44.108","0","","","","","","","2014-BASE_PROCUREMENT-2014-NAVY_AIRCRAFT_BA1-4-PROCUREMENT_JustificationBook_Navy_PB_2014.zzz_unzipped-PROCUREMENT_JustificationBook_Navy_PB_2014.xml","0665cc0483394d06f3f23a211d09a0bac88f7a74f6e6df002dd9f2bcbf15f4e0","4-f8d7ac78f2875daa64df88d70694974d35d4866a90a902ec0cb39c6c62711a2e","1","See End Item P5A","See End Item P5A","39","","","","39","","","","","","","2730-270156b18c5bd74533d5a50004ed3089206adb81455ef0208b7e03e5c93ad180","root"
"For FY 2018 EOQ/Long Lead","0","","","","43.008","0","","","","","","","2014-BASE_PROCUREMENT-2014-NAVY_AIRCRAFT_BA1-4-PROCUREMENT_JustificationBook_Navy_PB_2014.zzz_unzipped-PROCUREMENT_JustificationBook_Navy_PB_2014.xml","0665cc0483394d06f3f23a211d09a0bac88f7a74f6e6df002dd9f2bcbf15f4e0","5-7ad88646ea3146b324b467dd1e1779e70fb6b173ac5ae3c5d95ef4cc5ab1d6b2","1","See End Item P5A","See End Item P5A","39","","","","39","","","","","","","2730-270156b18c5bd74533d5a50004ed3089206adb81455ef0208b7e03e5c93ad180","root"
"For FY 2019 EOQ/Long Lead","0","","","","0","0","","","","","","","2014-BASE_PROCUREMENT-2014-NAVY_AIRCRAFT_BA1-4-PROCUREMENT_JustificationBook_Navy_PB_2014.zzz_unzipped-PROCUREMENT_JustificationBook_Navy_PB_2014.xml","0665cc0483394d06f3f23a211d09a0bac88f7a74f6e6df002dd9f2bcbf15f4e0","6-f70d04d818b8552efbbcd0731b82f5def2abbd8201797ba2b1d1b31e1e46d16f","1","See End Item P5A","See End Item P5A","39","","","","39","","","","","","","2730-270156b18c5bd74533d5a50004ed3089206adb81455ef0208b7e03e5c93ad180","root"
"CFE - Airframe T.L.","0","197.835","0","20","10.4","2","","","","","","","2014-BASE_PROCUREMENT-2014-NAVY_AIRCRAFT_BA1-4-PROCUREMENT_JustificationBook_Navy_PB_2014.zzz_unzipped-PROCUREMENT_JustificationBook_Navy_PB_2014.xml","2ca0b177ff5773179adc68e99a8aa14d5082a81544df1d5d478b6a1901815e1a","0-3289f487f704927cf6cc8e08aac52add2abb442714040ca4335aab705d442cad","0","See End Item P5A","See End Item P5A","36","","","","36","","","","","","","2734-e1371d2781461540f7c74f00fadcbf7401b1a95261124dd21c2a281fe732bccc","root"
"CFE - Airframe T.L.","0","","","51.124","52.002","0","","","","","","","2014-BASE_PROCUREMENT-2014-NAVY_AIRCRAFT_BA1-4-PROCUREMENT_JustificationBook_Navy_PB_2014.zzz_unzipped-PROCUREMENT_JustificationBook_Navy_PB_2014.xml","64929e2f3b423b633d4163e755851b1fd905e7aae3c16591258a0272ed89fca7","0-43ee6eae9b0e1b6862fbfc742ff020496fedf0b3c1e66379ed5b42b506f96d90","0","See End Item P5A","See End Item P5A","27","","","","27","","","","","","","2736-ffa7690af80a556a4766a497f5b6d5b738bcfb3083923c7159d61c76787e0735","root"
"Airframe T.L.","0","871.603","50.514","27.787","0","0","","","","","","","2014-BASE_PROCUREMENT-2014-NAVY_AIRCRAFT_BA1-4-PROCUREMENT_JustificationBook_Navy_PB_2014.zzz_unzipped-PROCUREMENT_JustificationBook_Navy_PB_2014.xml","049cb91018f89e9c503e94cc8bbd5cb09e1075dae1b2910caf7d2d2f90fe1cc2","0-d3e3dcea55af84a22615c7051dcee49ce688da9816f5520efe42f4072a818f0e","1","See End Item P5A","See End Item P5A","35","","","","35","","","","","","","2740-619bff1c0e79c49ecbe0b4aafcb765b608e92016e0cc9a171f0d430c30598380","root"
"CFE- Airframe T. L.","0","691.621","85.071","59.314","85.289","4","","","","","","","2014-BASE_PROCUREMENT-2014-NAVY_AIRCRAFT_BA1-4-PROCUREMENT_JustificationBook_Navy_PB_2014.zzz_unzipped-PROCUREMENT_JustificationBook_Navy_PB_2014.xml","f49d6e455d4d07bc582f76515e80682a468b3173944aca0167c23cde3c9c266d","0-12fdd4fbef086b9f81e4048ff8f2154933b6fc56d2fb6d575439bf34f8d74ea6","1","See End Item P5A","See End Item P5A","36","","","","36","","","","","","","2742-b0433fa402f4bd350780612bdf35783ebeb1b9bb468baee2138aab7742c9b4a4","root"
"CFE-Airframe T.L.","0","443.407","91.439","84.959","82.556","6","","","","","","","2014-BASE_PROCUREMENT-2014-NAVY_AIRCRAFT_BA1-4-PROCUREMENT_JustificationBook_Navy_PB_2014.zzz_unzipped-PROCUREMENT_JustificationBook_Navy_PB_2014.xml","c580d71111988ee8091a7769091dbf3b7f66dcdd6bb7f463ae21ffa990ebfa68","0-c0ab66d2866a18ef948e84d68091b32caa2e0841342ed187e3609de568662592","1","See End Item P5A","See End Item P5A","36","","","","36","","","","","","","2744-0bea92b3e11de347e71095760afc62dec2f8bca83351e11e3151805c95603212","root"
"Prior Years EOQ/Long Lead","0","1128.534","","","0","0","","","","","","","2014-BASE_PROCUREMENT-2014-NAVY_AIRCRAFT_BA1-4-PROCUREMENT_JustificationBook_Navy_PB_2014.zzz_unzipped-PROCUREMENT_JustificationBook_Navy_PB_2014.xml","548502376cfb19caab6522063ca08ecec5f9aeace484fcfe2ccf2e4ec8f531b1","0-05bd50ea1faf4f7d78f3d4b29f79c4278c6d10b2997fef1f2fb8d836d510b943","0","See End Item P5A","See End Item P5A","0","","","","0","","","","","","","2746-3bbe0f1ba8ba2ca194b05d0a0eba8bd1bceb6942585d2cde8d7074a5d35785cf","root"
"For FY 13 EOQ/Long Lead","0","","59.073","","0","0","","","","","","","2014-BASE_PROCUREMENT-2014-NAVY_AIRCRAFT_BA1-4-PROCUREMENT_JustificationBook_Navy_PB_2014.zzz_unzipped-PROCUREMENT_JustificationBook_Navy_PB_2014.xml","548502376cfb19caab6522063ca08ecec5f9aeace484fcfe2ccf2e4ec8f531b1","1-388a1994a54c25cf447280d27e5417da1818b20695b388bab7f59e027f63ccba","0","See End Item P5A","See End Item P5A","0","","","","0","","","","","","","2746-3bbe0f1ba8ba2ca194b05d0a0eba8bd1bceb6942585d2cde8d7074a5d35785cf","root"
"For FY 14 EOQ/Long Lead","0","","","64.798","0","0","","","","","","","2014-BASE_PROCUREMENT-2014-NAVY_AIRCRAFT_BA1-4-PROCUREMENT_JustificationBook_Navy_PB_2014.zzz_unzipped-PROCUREMENT_JustificationBook_Navy_PB_2014.xml","548502376cfb19caab6522063ca08ecec5f9aeace484fcfe2ccf2e4ec8f531b1","2-7c0096906413056b4cba8c1280d175cbf39ad0297c72f1d74790410c448a039d","0","See End Item P5A","See End Item P5A","0","","","","0","","","","","","","2746-3bbe0f1ba8ba2ca194b05d0a0eba8bd1bceb6942585d2cde8d7074a5d35785cf","root"
"For FY 15 EOQ/Long Lead","0","","","31.756","40.017","0","","","","","","","2014-BASE_PROCUREMENT-2014-NAVY_AIRCRAFT_BA1-4-PROCUREMENT_JustificationBook_Navy_PB_2014.zzz_unzipped-PROCUREMENT_JustificationBook_Navy_PB_2014.xml","548502376cfb19caab6522063ca08ecec5f9aeace484fcfe2ccf2e4ec8f531b1","3-ed6135528657979d212c85c1f33d52ff89922abb674c936e4b76e2becbab1b1f","0","See End Item P5A","See End Item P5A","0","","","","0","","","","","","","2746-3bbe0f1ba8ba2ca194b05d0a0eba8bd1bceb6942585d2cde8d7074a5d35785cf","root"
"For FY 16 EOQ/Long Lead","0","","","29.6","5.898","0","","","","","","","2014-BASE_PROCUREMENT-2014-NAVY_AIRCRAFT_BA1-4-PROCUREMENT_JustificationBook_Navy_PB_2014.zzz_unzipped-PROCUREMENT_JustificationBook_Navy_PB_2014.xml","548502376cfb19caab6522063ca08ecec5f9aeace484fcfe2ccf2e4ec8f531b1","4-25c934591438c487130873aedaa50a7f54268d6cb74c014d8e4cbdc5544726d1","0","See End Item P5A","See End Item P5A","0","","","","0","","","","","","","2746-3bbe0f1ba8ba2ca194b05d0a0eba8bd1bceb6942585d2cde8d7074a5d35785cf","root"
"For FY 17 EOQ/Long Lead","0","","","22.324","3.546","0","","","","","","","2014-BASE_PROCUREMENT-2014-NAVY_AIRCRAFT_BA1-4-PROCUREMENT_JustificationBook_Navy_PB_2014.zzz_unzipped-PROCUREMENT_JustificationBook_Navy_PB_2014.xml","548502376cfb19caab6522063ca08ecec5f9aeace484fcfe2ccf2e4ec8f531b1","5-bd85df4218ba1a96d94f5d59013862a8b58560421f25a267d544b9a8df8a2e83","0","See End Item P5A","See End Item P5A","0","","","","0","","","","","","","2746-3bbe0f1ba8ba2ca194b05d0a0eba8bd1bceb6942585d2cde8d7074a5d35785cf","root"
"For FY 18 EOQ/Long Lead","0","","","","0","0","","","","","","","2014-BASE_PROCUREMENT-2014-NAVY_AIRCRAFT_BA1-4-PROCUREMENT_JustificationBook_Navy_PB_2014.zzz_unzipped-PROCUREMENT_JustificationBook_Navy_PB_2014.xml","548502376cfb19caab6522063ca08ecec5f9aeace484fcfe2ccf2e4ec8f531b1","6-e93210e5bcab75c74ff488c775d39c8dd20ad5182e779e0979df2ac6d9db1c0e","0","See End Item P5A","See End Item P5A","0","","","","0","","","","","","","2746-3bbe0f1ba8ba2ca194b05d0a0eba8bd1bceb6942585d2cde8d7074a5d35785cf","root"
"For FY 19 EOQ/Long Lead","0","","","","0","0","","","","","","","2014-BASE_PROCUREMENT-2014-NAVY_AIRCRAFT_BA1-4-PROCUREMENT_JustificationBook_Navy_PB_2014.zzz_unzipped-PROCUREMENT_JustificationBook_Navy_PB_2014.xml","548502376cfb19caab6522063ca08ecec5f9aeace484fcfe2ccf2e4ec8f531b1","7-9ad6ebab164a7a7f8ebcbca10b63eef957e11c9e74fbeba2c2c37bd76af293d2","0","See End Item P5A","See End Item P5A","0","","","","0","","","","","","","2746-3bbe0f1ba8ba2ca194b05d0a0eba8bd1bceb6942585d2cde8d7074a5d35785cf","root"
"To Complete EOQ/Long Lead","0","","","","0","0","","","","","","","2014-BASE_PROCUREMENT-2014-NAVY_AIRCRAFT_BA1-4-PROCUREMENT_JustificationBook_Navy_PB_2014.zzz_unzipped-PROCUREMENT_JustificationBook_Navy_PB_2014.xml","548502376cfb19caab6522063ca08ecec5f9aeace484fcfe2ccf2e4ec8f531b1","8-cee3a772391b854efabda611d428f8bdf51c2aa68130d0630786e94c93633cc3","0","See End Item P5A","See End Item P5A","0","","","","0","","","","","","","2746-3bbe0f1ba8ba2ca194b05d0a0eba8bd1bceb6942585d2cde8d7074a5d35785cf","root"
"Airframe T.L.","0","165.203","22.453","0","0","0","","","","","","","2014-BASE_PROCUREMENT-2014-NAVY_AIRCRAFT_BA7-PROCUREMENT_MasterJustificationBook_Navy_PB_2014.zzz_unzipped-PROCUREMENT_MasterJustificationBook_Navy_PB_2014.xml","fc4b633568d09aa78acf18bb3a1378b7461e8def6999ee372311daf44c967cce","0-95e5cd358402dfd0122fb822c16130255926be813add15f87c570d1757b89214","1","See End Item P5A","See End Item P5A","38","","","","38","","","","","","","2790-087b1624d8b4073b003f6fb1cfab2f6d9cd64d9be677430a8cb29fddfa83c7f7","root"
"UH-1Y Cabin Materials","0","48.072","23.813","27.864","28.416","0","","","","","","","2014-BASE_PROCUREMENT-2014-NAVY_AIRCRAFT_BA7-PROCUREMENT_MasterJustificationBook_Navy_PB_2014.zzz_unzipped-PROCUREMENT_MasterJustificationBook_Navy_PB_2014.xml","912a0777608d20b2121a6300558e1d0534b143ba812d36c1f1c4cf1a32ae3eba","0-03280983536739691dbea76422a1a2e6e3a9de7ca3a5302214ca5ad8e5280de0","0","See End Item P5A","See End Item P5A","28","","","","28","","","","","","","2792-3f442d5f5f01797c477aa3c4d23ce4927078e51eaea1981f097480fdfc8d39ab","root"
"AH-1Z Cabin Materials","0","36.643","20.411","26.471","26.995","0","","","","","","","2014-BASE_PROCUREMENT-2014-NAVY_AIRCRAFT_BA7-PROCUREMENT_MasterJustificationBook_Navy_PB_2014.zzz_unzipped-PROCUREMENT_MasterJustificationBook_Navy_PB_2014.xml","912a0777608d20b2121a6300558e1d0534b143ba812d36c1f1c4cf1a32ae3eba","1-41f10ffdb6212a971504c8613c7872c63649d80b291b5f44d902d42e7faae4d4","0","See End Item P5A","See End Item P5A","38","","","","38","","","","","","","2792-3f442d5f5f01797c477aa3c4d23ce4927078e51eaea1981f097480fdfc8d39ab","root"
"Dynamic Component Parts","8","7.676","3.969","4.876","4.973","0","","","","","","","2014-BASE_PROCUREMENT-2014-NAVY_AIRCRAFT_BA7-PROCUREMENT_MasterJustificationBook_Navy_PB_2014.zzz_unzipped-PROCUREMENT_MasterJustificationBook_Navy_PB_2014.xml","912a0777608d20b2121a6300558e1d0534b143ba812d36c1f1c4cf1a32ae3eba","2-6e5354ece65bc18d8590c8a92410d0bdc199aa5bff9b77bed1aeca706e61ef69","0","See End Item P5A","See End Item P5A","28","","","","28","","","","","","","2792-3f442d5f5f01797c477aa3c4d23ce4927078e51eaea1981f097480fdfc8d39ab","root"
"Other (forgings, bearings, shafts, castings, bolts, pins, etc.)","13","16.228","8.557","10.447","10.616","0","","","","","","","2014-BASE_PROCUREMENT-2014-NAVY_AIRCRAFT_BA7-PROCUREMENT_MasterJustificationBook_Navy_PB_2014.zzz_unzipped-PROCUREMENT_MasterJustificationBook_Navy_PB_2014.xml","912a0777608d20b2121a6300558e1d0534b143ba812d36c1f1c4cf1a32ae3eba","3-70574561b0c3302c8d04bf1a6b57d705141557ae751dbe18c39cf4f8c4906e3a","0","See End Item P5A","See End Item P5A","28","","","","28","","","","","","","2792-3f442d5f5f01797c477aa3c4d23ce4927078e51eaea1981f097480fdfc8d39ab","root"
"CFE - Airframe T.L.","0","317.443","","","0","0","","","","","","","2014-BASE_PROCUREMENT-2014-NAVY_AIRCRAFT_BA7-PROCUREMENT_MasterJustificationBook_Navy_PB_2014.zzz_unzipped-PROCUREMENT_MasterJustificationBook_Navy_PB_2014.xml","1c2d5511c3f630f505de429e2f146cf42b31bec595aeddf890e7246c6084e8dd","0-5832d0daa8e94ffd10fd7b541760fc9cd0106c1b0cc5e52ab87c6de812eb6258","1","See End Item P5A","See End Item P5A","19","","","","19","","","","","","","2794-f77c36368f41b74c5c3f3dd732bc747729bc856a6efe92cff9ba2def98734c49","root"
"Airframe for FY12 EOQ/Long Lead","0","23.585","","","0","0","","","","","","","2014-BASE_PROCUREMENT-2014-NAVY_AIRCRAFT_BA7-PROCUREMENT_MasterJustificationBook_Navy_PB_2014.zzz_unzipped-PROCUREMENT_MasterJustificationBook_Navy_PB_2014.xml","1c2d5511c3f630f505de429e2f146cf42b31bec595aeddf890e7246c6084e8dd","1-8fff9e4aecfcd5dce928cf7bba67d5b96a987f721bb1447dcb78156e4162aee6","1","See End Item P5A","See End Item P5A","19","","","","19","","","","","","","2794-f77c36368f41b74c5c3f3dd732bc747729bc856a6efe92cff9ba2def98734c49","root"
"Airframe for FY13 EOQ/Long Lead","0","","24.053","","0","0","","","","","","","2014-BASE_PROCUREMENT-2014-NAVY_AIRCRAFT_BA7-PROCUREMENT_MasterJustificationBook_Navy_PB_2014.zzz_unzipped-PROCUREMENT_MasterJustificationBook_Navy_PB_2014.xml","1c2d5511c3f630f505de429e2f146cf42b31bec595aeddf890e7246c6084e8dd","2-a262888e595ab1c57526f1570c223831378fb8ee04e833fba418b4aa8119263a","1","See End Item P5A","See End Item P5A","19","","","","19","","","","","","","2794-f77c36368f41b74c5c3f3dd732bc747729bc856a6efe92cff9ba2def98734c49","root"
"Airframe for FY14 EOQ/Long Lead","0","","2.207","24.505","0","0","","","","","","","2014-BASE_PROCUREMENT-2014-NAVY_AIRCRAFT_BA7-PROCUREMENT_MasterJustificationBook_Navy_PB_2014.zzz_unzipped-PROCUREMENT_MasterJustificationBook_Navy_PB_2014.xml","1c2d5511c3f630f505de429e2f146cf42b31bec595aeddf890e7246c6084e8dd","3-e5052040d9fa665dfa51c6f812a219c908181d8016b57807357d036ef953dbc2","1","See End Item P5A","See End Item P5A","19","","","","19","","","","","","","2794-f77c36368f41b74c5c3f3dd732bc747729bc856a6efe92cff9ba2def98734c49","root"
"Airframe for FY15 EOQ/Long Lead","0","","0.981","0.865","11.157","0","","","","","","","2014-BASE_PROCUREMENT-2014-NAVY_AIRCRAFT_BA7-PROCUREMENT_MasterJustificationBook_Navy_PB_2014.zzz_unzipped-PROCUREMENT_MasterJustificationBook_Navy_PB_2014.xml","1c2d5511c3f630f505de429e2f146cf42b31bec595aeddf890e7246c6084e8dd","4-5426675e6d7d59a649628a630a57d6cb5cbdc88b87b4b3a9fde3dab105174649","1","See End Item P5A","See End Item P5A","19","","","","19","","","","","","","2794-f77c36368f41b74c5c3f3dd732bc747729bc856a6efe92cff9ba2def98734c49","root"
"CFE - Airframe T.L.","0","376.326","","","0","0","","","","","","","2014-BASE_PROCUREMENT-2014-NAVY_AIRCRAFT_BA7-PROCUREMENT_MasterJustificationBook_Navy_PB_2014.zzz_unzipped-PROCUREMENT_MasterJustificationBook_Navy_PB_2014.xml","1c90d81d3283c3e99adda35a80b069d543eb8eea9500f506f69fd1fd51fa4e10","0-6d5dd7bd3c6d6ed989b582c23ec6460cf0ad35617957d917e31e57964387b0d8","1","See End Item P5A","See End Item P5A","25","","","","25","","","","","","","2796-47d8194de25abff9fa79c087e0014805e2ac5e8441cd799550ee67c507294de0","root"
"CC/Avionics - T.L./Other","0","554.46","","","0","0","","","","","","","2014-BASE_PROCUREMENT-2014-NAVY_AIRCRAFT_BA7-PROCUREMENT_MasterJustificationBook_Navy_PB_2014.zzz_unzipped-PROCUREMENT_MasterJustificationBook_Navy_PB_2014.xml","1c90d81d3283c3e99adda35a80b069d543eb8eea9500f506f69fd1fd51fa4e10","1-06f0e1b2f69b553f19dbe8d7c96f4a5f4b7e525039c4a7ae884f156bc5d3597d","1","See End Item P5A","See End Item P5A","32","","","","32","","","","","","","2796-47d8194de25abff9fa79c087e0014805e2ac5e8441cd799550ee67c507294de0","root"
"CFE - Airframe T.L.","0","433.869","244.894","325.679","313.16","16","","","","","","","2014-BASE_PROCUREMENT-2014-NAVY_AIRCRAFT_BA7-PROCUREMENT_MasterJustificationBook_Navy_PB_2014.zzz_unzipped-PROCUREMENT_MasterJustificationBook_Navy_PB_2014.xml","ea4fce3ec1135de06d7b597e5fd943b2e14d2b3f4efb262dcaf7727a24539c26","0-f66e564d51d2cb0d6533e717bb1ea556b7353d24e88dcd43a2c38159a91dac0a","0","See End Item P5A","See End Item P5A","35","","","","35","","","","","","","2798-26257ecdb085ba25f24aac4754e7bb1b52963005fde5ee0a1c7e6b0a9a7cbe88","root"
"CFE - Airframe T.L.","0","480.537","157.942","123.179","0","0","","","","","","","2014-BASE_PROCUREMENT-2014-NAVY_AIRCRAFT_BA7-PROCUREMENT_MasterJustificationBook_Navy_PB_2014.zzz_unzipped-PROCUREMENT_MasterJustificationBook_Navy_PB_2014.xml","8353179a04c7e17d7f2f2e4ad66ee5f5af3581f5f21e78729bd403a1a02ea0a9","0-73f2275a1803eab39434cb1078268ff59956947d66d58b89df923031edbabada","1","See End Item P5A","See End Item P5A","39","","","","39","","","","","","","2800-2e33b70efe5d7030fc20598c3b94b56ba49873f3a8d64a22683ccc59fcb381d8","root"
"Prior Years EOQ/Long Lead","0","538.598","","","0","0","","","","","","","2014-BASE_PROCUREMENT-2014-NAVY_AIRCRAFT_BA7-PROCUREMENT_MasterJustificationBook_Navy_PB_2014.zzz_unzipped-PROCUREMENT_MasterJustificationBook_Navy_PB_2014.xml","8353179a04c7e17d7f2f2e4ad66ee5f5af3581f5f21e78729bd403a1a02ea0a9","1-1a314617c578a3a6255e684ee02d6b0cfa1b9a07b56630ee4703b55662b5a9d6","1","See End Item P5A","See End Item P5A","39","","","","39","","","","","","","2800-2e33b70efe5d7030fc20598c3b94b56ba49873f3a8d64a22683ccc59fcb381d8","root"
"For FY 2015 EOQ/Long Lead","0","","","","128.419","0","","","","","","","2014-BASE_PROCUREMENT-2014-NAVY_AIRCRAFT_BA7-PROCUREMENT_MasterJustificationBook_Navy_PB_2014.zzz_unzipped-PROCUREMENT_MasterJustificationBook_Navy_PB_2014.xml","8353179a04c7e17d7f2f2e4ad66ee5f5af3581f5f21e78729bd403a1a02ea0a9","2-2182c955d258f1566f0ba68cea4fcbbf5063781f0089e475ce17d31752910d58","1","See End Item P5A","See End Item P5A","39","","","","39","","","","","","","2800-2e33b70efe5d7030fc20598c3b94b56ba49873f3a8d64a22683ccc59fcb381d8","root"
"For FY 2016 EOQ/Long Lead","0","","","","51.007","0","","","","","","","2014-BASE_PROCUREMENT-2014-NAVY_AIRCRAFT_BA7-PROCUREMENT_MasterJustificationBook_Navy_PB_2014.zzz_unzipped-PROCUREMENT_MasterJustificationBook_Navy_PB_2014.xml","8353179a04c7e17d7f2f2e4ad66ee5f5af3581f5f21e78729bd403a1a02ea0a9","3-6d28474e31c3c5821cd0f14b0b43e4176fd155b192254d033bf5c29ee8c6b41b","1","See End Item P5A","See End Item P5A","39","","","","39","","","","","","","2800-2e33b70efe5d7030fc20598c3b94b56ba49873f3a8d64a22683ccc59fcb381d8","root"
"For FY 2017 EOQ/Long Lead","0","","","","44.108","0","","","","","","","2014-BASE_PROCUREMENT-2014-NAVY_AIRCRAFT_BA7-PROCUREMENT_MasterJustificationBook_Navy_PB_2014.zzz_unzipped-PROCUREMENT_MasterJustificationBook_Navy_PB_2014.xml","8353179a04c7e17d7f2f2e4ad66ee5f5af3581f5f21e78729bd403a1a02ea0a9","4-90b80e573ac05df46b14db71ca052f7d2b24b9049a96a9092c932c1ebeaa141b","1","See End Item P5A","See End Item P5A","39","","","","39","","","","","","","2800-2e33b70efe5d7030fc20598c3b94b56ba49873f3a8d64a22683ccc59fcb381d8","root"
"For FY 2018 EOQ/Long Lead","0","","","","43.008","0","","","","","","","2014-BASE_PROCUREMENT-2014-NAVY_AIRCRAFT_BA7-PROCUREMENT_MasterJustificationBook_Navy_PB_2014.zzz_unzipped-PROCUREMENT_MasterJustificationBook_Navy_PB_2014.xml","8353179a04c7e17d7f2f2e4ad66ee5f5af3581f5f21e78729bd403a1a02ea0a9","5-6d4f080fc26997f5cd900f56adf7772193d4c3f8a4c4dbda6f60e110dd118c86","1","See End Item P5A","See End Item P5A","39","","","","39","","","","","","","2800-2e33b70efe5d7030fc20598c3b94b56ba49873f3a8d64a22683ccc59fcb381d8","root"
"For FY 2019 EOQ/Long Lead","0","","","","0","0","","","","","","","2014-BASE_PROCUREMENT-2014-NAVY_AIRCRAFT_BA7-PROCUREMENT_MasterJustificationBook_Navy_PB_2014.zzz_unzipped-PROCUREMENT_MasterJustificationBook_Navy_PB_2014.xml","8353179a04c7e17d7f2f2e4ad66ee5f5af3581f5f21e78729bd403a1a02ea0a9","6-346e4ff41b468551edd34fab4e23a18579061e7444534744a587a0acc62a8087","1","See End Item P5A","See End Item P5A","39","","","","39","","","","","","","2800-2e33b70efe5d7030fc20598c3b94b56ba49873f3a8d64a22683ccc59fcb381d8","root"
"CFE - Airframe T.L.","0","197.835","0","20","10.4","2","","","","","","","2014-BASE_PROCUREMENT-2014-NAVY_AIRCRAFT_BA7-PROCUREMENT_MasterJustificationBook_Navy_PB_2014.zzz_unzipped-PROCUREMENT_MasterJustificationBook_Navy_PB_2014.xml","331f4e2cab57d75c268cb0cc0f51f889b76ed2c8ba621bb4d61f3e552a2f48d3","0-e4a79f3eac9b6bc146d72e31e80a7b5cd2c0c8cc7e5b452b17a436d92a521679","0","See End Item P5A","See End Item P5A","36","","","","36","","","","","","","2804-1f5d77bb8924940fc085741d4342724ef8ca1522b7cc887e5b8a35ea210a711c","root"
"CFE - Airframe T.L.","0","","","51.124","52.002","0","","","","","","","2014-BASE_PROCUREMENT-2014-NAVY_AIRCRAFT_BA7-PROCUREMENT_MasterJustificationBook_Navy_PB_2014.zzz_unzipped-PROCUREMENT_MasterJustificationBook_Navy_PB_2014.xml","1c9f6ffd331ce8f038579fa5c7414d00a50411913e693158c477bb2776944535","0-f968903e37ec21f4e69f94b87fd5672e02af79a6af9688c8804d1d15b8033d35","0","See End Item P5A","See End Item P5A","27","","","","27","","","","","","","2806-8e5413e3035c14f1b2c70d293bb688546fe1beb9ad603754da59ff1d21df7d51","root"
"Airframe T.L.","0","871.603","50.514","27.787","0","0","","","","","","","2014-BASE_PROCUREMENT-2014-NAVY_AIRCRAFT_BA7-PROCUREMENT_MasterJustificationBook_Navy_PB_2014.zzz_unzipped-PROCUREMENT_MasterJustificationBook_Navy_PB_2014.xml","97ef4cf3f410d224f56ae29ea98cdf2592e9fe9b3908e3df56bf826c63de8ad7","0-37e4007295eee7831139cf2fcbf06a6b2c5ea0ac02844e21fcdb29c0b8db6180","1","See End Item P5A","See End Item P5A","35","","","","35","","","","","","","2810-8317087cce588ff492b9a2a04793fb1516ed2cde965fee1dac4040454567785a","root"
"CFE- Airframe T. L.","0","691.621","85.071","59.314","85.289","4","","","","","","","2014-BASE_PROCUREMENT-2014-NAVY_AIRCRAFT_BA7-PROCUREMENT_MasterJustificationBook_Navy_PB_2014.zzz_unzipped-PROCUREMENT_MasterJustificationBook_Navy_PB_2014.xml","a7e12956f563df64212c48c1a8087a259ce9816ac86d222dc06cd0e2deeb74a4","0-e97d895f665fccea1db4562612dc5957c2eb17522ba4e31440b2fedbbe55a3e1","1","See End Item P5A","See End Item P5A","36","","","","36","","","","","","","2812-0015b01fbe4612b0ca0594ddb6944208953684419070e57045ecdf122b025510","root"
"CFE-Airframe T.L.","0","443.407","91.439","84.959","82.556","6","","","","","","","2014-BASE_PROCUREMENT-2014-NAVY_AIRCRAFT_BA7-PROCUREMENT_MasterJustificationBook_Navy_PB_2014.zzz_unzipped-PROCUREMENT_MasterJustificationBook_Navy_PB_2014.xml","8f506cdfed36ee72d429505445592f835a54aa1c2ef4af6afd437aa3f3a3279b","0-0bec52ff77e797f4a3c030802826dfbd50bf9bad18375aa9a4b378c2bb7d8a56","1","See End Item P5A","See End Item P5A","36","","","","36","","","","","","","2814-7db02929623a0441989af1a04b5dd3a793be24c15f1838a6ee1b217090223193","root"
"Prior Years EOQ/Long Lead","0","1128.534","","","0","0","","","","","","","2014-BASE_PROCUREMENT-2014-NAVY_AIRCRAFT_BA7-PROCUREMENT_MasterJustificationBook_Navy_PB_2014.zzz_unzipped-PROCUREMENT_MasterJustificationBook_Navy_PB_2014.xml","22a8d6a2e1826466fe73cee88918ae3cb071854e21533e47aa2445e6dd37706a","0-4497af9dfbf9ab00ed56b3b62322e5986948aae13c1b2f9cc0c78ebb917195f6","0","See End Item P5A","See End Item P5A","0","","","","0","","","","","","","2816-e6292a847262974fb50eeb06e3069ce60e8981615adcf67c2b11e9e763a0e1de","root"
"For FY 13 EOQ/Long Lead","0","","59.073","","0","0","","","","","","","2014-BASE_PROCUREMENT-2014-NAVY_AIRCRAFT_BA7-PROCUREMENT_MasterJustificationBook_Navy_PB_2014.zzz_unzipped-PROCUREMENT_MasterJustificationBook_Navy_PB_2014.xml","22a8d6a2e1826466fe73cee88918ae3cb071854e21533e47aa2445e6dd37706a","1-faafe1b3aa7dd548e00a7d813b35b8a495b066091fad01e81444c91d533491f0","0","See End Item P5A","See End Item P5A","0","","","","0","","","","","","","2816-e6292a847262974fb50eeb06e3069ce60e8981615adcf67c2b11e9e763a0e1de","root"
"For FY 14 EOQ/Long Lead","0","","","64.798","0","0","","","","","","","2014-BASE_PROCUREMENT-2014-NAVY_AIRCRAFT_BA7-PROCUREMENT_MasterJustificationBook_Navy_PB_2014.zzz_unzipped-PROCUREMENT_MasterJustificationBook_Navy_PB_2014.xml","22a8d6a2e1826466fe73cee88918ae3cb071854e21533e47aa2445e6dd37706a","2-1f87fedcb98532ba6e486c0284371db4b67109f7310098daaf6aefde0ccfe2a8","0","See End Item P5A","See End Item P5A","0","","","","0","","","","","","","2816-e6292a847262974fb50eeb06e3069ce60e8981615adcf67c2b11e9e763a0e1de","root"
"For FY 15 EOQ/Long Lead","0","","","31.756","40.017","0","","","","","","","2014-BASE_PROCUREMENT-2014-NAVY_AIRCRAFT_BA7-PROCUREMENT_MasterJustificationBook_Navy_PB_2014.zzz_unzipped-PROCUREMENT_MasterJustificationBook_Navy_PB_2014.xml","22a8d6a2e1826466fe73cee88918ae3cb071854e21533e47aa2445e6dd37706a","3-5612ac34dc462a25f70c4815bd64db4e66099560305339a035a6f8a06b3de2f1","0","See End Item P5A","See End Item P5A","0","","","","0","","","","","","","2816-e6292a847262974fb50eeb06e3069ce60e8981615adcf67c2b11e9e763a0e1de","root"
"For FY 16 EOQ/Long Lead","0","","","29.6","5.898","0","","","","","","","2014-BASE_PROCUREMENT-2014-NAVY_AIRCRAFT_BA7-PROCUREMENT_MasterJustificationBook_Navy_PB_2014.zzz_unzipped-PROCUREMENT_MasterJustificationBook_Navy_PB_2014.xml","22a8d6a2e1826466fe73cee88918ae3cb071854e21533e47aa2445e6dd37706a","4-3de300b312a78414e083890bfd0a2d8b9fbc10a1c0240f976d68437f0548f85f","0","See End Item P5A","See End Item P5A","0","","","","0","","","","","","","2816-e6292a847262974fb50eeb06e3069ce60e8981615adcf67c2b11e9e763a0e1de","root"
"For FY 17 EOQ/Long Lead","0","","","22.324","3.546","0","","","","","","","2014-BASE_PROCUREMENT-2014-NAVY_AIRCRAFT_BA7-PROCUREMENT_MasterJustificationBook_Navy_PB_2014.zzz_unzipped-PROCUREMENT_MasterJustificationBook_Navy_PB_2014.xml","22a8d6a2e1826466fe73cee88918ae3cb071854e21533e47aa2445e6dd37706a","5-14a8e32fee3327eea53ccc84fa28eb3134f615fc6e0ed4084092e1ae3b79ff19","0","See End Item P5A","See End Item P5A","0","","","","0","","","","","","","2816-e6292a847262974fb50eeb06e3069ce60e8981615adcf67c2b11e9e763a0e1de","root"
"For FY 18 EOQ/Long Lead","0","","","","0","0","","","","","","","2014-BASE_PROCUREMENT-2014-NAVY_AIRCRAFT_BA7-PROCUREMENT_MasterJustificationBook_Navy_PB_2014.zzz_unzipped-PROCUREMENT_MasterJustificationBook_Navy_PB_2014.xml","22a8d6a2e1826466fe73cee88918ae3cb071854e21533e47aa2445e6dd37706a","6-6255f6932b1db4a731fa8c7b6cfbcc72a2612b7ff92aa45f97c605dba745e597","0","See End Item P5A","See End Item P5A","0","","","","0","","","","","","","2816-e6292a847262974fb50eeb06e3069ce60e8981615adcf67c2b11e9e763a0e1de","root"
"For FY 19 EOQ/Long Lead","0","","","","0","0","","","","","","","2014-BASE_PROCUREMENT-2014-NAVY_AIRCRAFT_BA7-PROCUREMENT_MasterJustificationBook_Navy_PB_2014.zzz_unzipped-PROCUREMENT_MasterJustificationBook_Navy_PB_2014.xml","22a8d6a2e1826466fe73cee88918ae3cb071854e21533e47aa2445e6dd37706a","7-61b4a603248ab7dc72a23b9ac077e406a8d4924c0852005de4fffacb6c6de5d9","0","See End Item P5A","See End Item P5A","0","","","","0","","","","","","","2816-e6292a847262974fb50eeb06e3069ce60e8981615adcf67c2b11e9e763a0e1de","root"
"To Complete EOQ/Long Lead","0","","","","0","0","","","","","","","2014-BASE_PROCUREMENT-2014-NAVY_AIRCRAFT_BA7-PROCUREMENT_MasterJustificationBook_Navy_PB_2014.zzz_unzipped-PROCUREMENT_MasterJustificationBook_Navy_PB_2014.xml","22a8d6a2e1826466fe73cee88918ae3cb071854e21533e47aa2445e6dd37706a","8-a1efabf416db5a50d32898a64015a1b2d935d10944f9bd92cf37dc662ef01646","0","See End Item P5A","See End Item P5A","0","","","","0","","","","","","","2816-e6292a847262974fb50eeb06e3069ce60e8981615adcf67c2b11e9e763a0e1de","root"
