Name_val,WhenRequiredInMonths_val,Cost_AllPriorYears_TotalCost_val,Cost_PriorYear_TotalCost_val,Cost_CurrentYear_TotalCost_val,Cost_BudgetYearOne_TotalCost_val,Cost_BudgetYearOne_Quantity_val,Cost_BudgetYearTwo_TotalCost_val,Cost_BudgetYearThree_TotalCost_val,Cost_BudgetYearFour_TotalCost_val,Cost_BudgetYearFive_TotalCost_val,Cost_ToComplete_TotalCost_val,Cost_Total_TotalCost_val,@SOURCE_FILENAME,@RECORDID,@ROWID,QuantityPerAssembly_val,ManufacturerList_P10Manufacturer_Name_val,ManufacturerList_P10Manufacturer_Location_val,ManufacturerList_P10Manufacturer_InitialQuantity_TotalLeadTimeAfterOct1InMonths_val,ManufacturerList_P10Manufacturer_InitialQuantity_AdminLeadTimeBeforeOct1InMonths_val,ManufacturerList_P10Manufacturer_InitialQuantity_AdminLeadTimeAfterOct1InMonths_val,ManufacturerList_P10Manufacturer_InitialQuantity_ProductionLeadTimeAfterOct1InMonths_val,ManufacturerList_P10Manufacturer_ReorderQuantity_TotalLeadTimeAfterOct1InMonths_val,ManufacturerList_P10Manufacturer_ReorderQuantity_AdminLeadTimeBeforeOct1InMonths_val,ManufacturerList_P10Manufacturer_ReorderQuantity_AdminLeadTimeAfterOct1InMonths_val,ManufacturerList_P10Manufacturer_ReorderQuantity_ProductionLeadTimeAfterOct1InMonths_val,ManufacturerList_P10Manufacturer_MinimumSustainingRate_val,ManufacturerList_P10Manufacturer_MaximumProductionRate_val,ManufacturerList_P10Manufacturer_Rate185_val,@PARENTROWID,@PARENT
"Equipment","0","325.712","166.9","0.000","0.000","","0.000","0.000","0.000","0.000","0.000","492.612","2013-BASE_PROCUREMENT-2013-AIRFORCE_AIRCRAFT_VOL2-JustificationBook_Air_Force_PB_2013.zzz_unzipped-JustificationBook_Air_Force_PB_2013.xml","b24c7aff3ab5e685e7eec0d915ed664ffaed6ba6c8e283c169437d7b1a104916","0-28a8f9c8bba6cb18676149cde5dd506378854f2b7777084f48c01649da97d25c","","","","","","","","","","","","","","","2-5e1aa83ce1ba10e02bf487d46f000a407edd3322ab6bb96269d2f42834daa4ba","root"
"Equipment","0","0.000","0.000","112.2","175.8","","0.000","0.000","0.000","0.000","0.000","288","2013-BASE_PROCUREMENT-2013-AIRFORCE_AIRCRAFT_VOL2-JustificationBook_Air_Force_PB_2013.zzz_unzipped-JustificationBook_Air_Force_PB_2013.xml","1157ccc38c61e4da024be49a9bce083327cd634b1da5b9660eb567cdca1ce542","0-e0c8c6e9f6462d59f05ee954772ab8338669407a743c71cdf33a289333b0fe41","","","","","","","","","","","","","","","4-8ec82b5b2a7fbe51e7b5354fa6e44e025df4e7b0358905ac7a45edb1aa091308","root"
"F-35 Airframe Equipment","0","591.465","200.5","178.602","228.852","","302.667","410.814","397.666","450.84","15207.486","17968.892","2013-BASE_PROCUREMENT-2013-AIRFORCE_AIRCRAFT_VOL1-JustificationBook_Air_Force_PB_2013.zzz_unzipped-JustificationBook_Air_Force_PB_2013.xml","dff12d9c9c56d1f1f59d6607af44ce23b8ed427d17b04c39d5703919f4248df7","0-efd53319c1167896ff18a5d86b9e732a445555d417dc45154cc71748ec596b2e","","","","","","","","","","","","","","","49-3f5c1c994aee76eb20577121caecc14854047936fdb9fd8ecb56aa9ba8fc2108","root"
"AVIONICS","12","104.035","13.621","20","15","","0","0","0","0","0","152.656","2013-BASE_PROCUREMENT-2013-AIRFORCE_AIRCRAFT_VOL1-JustificationBook_Air_Force_PB_2013.zzz_unzipped-JustificationBook_Air_Force_PB_2013.xml","05376c175814f9b1bb89efc528da9cdaa60ea9f85e3ebccd583936337bde3172","0-bc876f425aef417163c3524076171de65efe0c0799da469ddeaa7e668e2789f9","","","","","","","","","","","","","","","56-5558b607394124a6056159b085299f43174d0f794b26510c1fabc37eb861df4a","root"
"Advance Procurement","12","0.000","9.877","20","0","","0","0","0","0","0","29.877","2013-BASE_PROCUREMENT-2013-AIRFORCE_AIRCRAFT_VOL1-JustificationBook_Air_Force_PB_2013.zzz_unzipped-JustificationBook_Air_Force_PB_2013.xml","6f46100e0914b740e6af0fdcafb0603efd028e91f737331f95929625245496e3","0-5fbc87bbb27fa5229688e338c4a59d8d7196101b41bf113af62e9b2e225f75e2","","","","","","","","","","","","","","","68-f254fb8af8a1387e73c917d6e495ddc67a057053699cac76bfb2cc84d7125b12","root"
"Advance Procurement","12","532.9","9.779","50","0","","0","0","0","0","0","592.679","2013-BASE_PROCUREMENT-2013-AIRFORCE_AIRCRAFT_VOL1-JustificationBook_Air_Force_PB_2013.zzz_unzipped-JustificationBook_Air_Force_PB_2013.xml","5de403107085bf74fb9fd40854df952a9081ddccb6363319c405b20f72d8dc83","0-5269e98a39670f8a1d1b0ca1d10411162268719d047495fd2413075b57cb0cd9","","","","","","","","","","","","","","","93-30309acc4715301c257bf93ad19abd3eeb4e25a3498c67bf441c6552662c1a38","root"
"Advance Procurement","12","0.000","9.945","10","0","","0","0","0","0","0","19.945","2013-BASE_PROCUREMENT-2013-AIRFORCE_AIRCRAFT_VOL1-JustificationBook_Air_Force_PB_2013.zzz_unzipped-JustificationBook_Air_Force_PB_2013.xml","54081a1ca9b544000555d1a3c5f7b712480ea0ae1b433130a32a606d947fa2d5","0-41e7c2c2dedd504bcd6f891cb60aced520282b739ccc54599e970eadb5c1b152","","","","","","","","","","","","","","","95-99e55e1410d788543fe128e24d2e2eb319dc6d3ea553c3fb85c6115351091da8","root"
"Advance Procurement","12","0.000","59.669","40","0","","0","0","0","0","0","99.669","2013-BASE_PROCUREMENT-2013-AIRFORCE_AIRCRAFT_VOL1-JustificationBook_Air_Force_PB_2013.zzz_unzipped-JustificationBook_Air_Force_PB_2013.xml","9aae9bdbea6241c3bcbb93639a39102d7a429607e4045acf83d9dd62d30fac3b","0-ba04754d42199a7f68a6b03732f9bc38c1474b5a6f4a0dba960f4232cc4edc8e","","","","","","","","","","","","","","","97-2a84d6fb174a08f4ad75b48d453e1dd73e0c1d91ee04d7992b2d0a7a13ec0e19","root"
"F-35 Airframe Equipment","0","591.465","200.5","178.602","228.852","","302.667","410.814","397.666","450.84","15207.486","17968.892","2013-BASE_PROCUREMENT-2013-AIRFORCE_AIRCRAFT_VOL2-MasterJustificationBook_Air_Force_PB_2013.zzz_unzipped-MasterJustificationBook_Air_Force_PB_2013.xml","cb5ffa2b00d81ff49048aa9fb66ff99640bed0266e3e03ecb1f23b38bf1313ae","0-e47968af4f8303e0e9c60d762e241381167dab3bf9f85ce009a4058ec10ea84d","","","","","","","","","","","","","","","99-eeaadbbbb91d9ac58343e6620cee3d034a8a3afe946f047eea6a1d4d6080a40c","root"
"AVIONICS","12","104.035","13.621","20","15","","0","0","0","0","0","152.656","2013-BASE_PROCUREMENT-2013-AIRFORCE_AIRCRAFT_VOL2-MasterJustificationBook_Air_Force_PB_2013.zzz_unzipped-MasterJustificationBook_Air_Force_PB_2013.xml","83cdbed30cd2435e0ef690d322b3aa3d3dbd661f403d986c68db08c44173db9c","0-5e4e36469dca6295324a739bfe05e665f0c571028c1a586e65bdcbe248e8f8df","","","","","","","","","","","","","","","106-8f22dd19adc753d99ddb56ceaf08660990e8f07469f5dfcde8a73a9f88130561","root"
"Advance Procurement","12","0.000","9.877","20","0","","0","0","0","0","0","29.877","2013-BASE_PROCUREMENT-2013-AIRFORCE_AIRCRAFT_VOL2-MasterJustificationBook_Air_Force_PB_2013.zzz_unzipped-MasterJustificationBook_Air_Force_PB_2013.xml","08039501614fe4ebb3075d4eaaa4544e4cd5f4779332e0d6f68e5d2c67c31740","0-d7595e72c4a2c2c31c8dad3c08093d24634b9ac0089c17cfba2df0e74138689b","","","","","","","","","","","","","","","118-153df1eda8d7171577bd9750c5c9f07bd745429343ac7c9f5da025ec4eaee75c","root"
"Advance Procurement","12","532.9","9.779","50","0","","0","0","0","0","0","592.679","2013-BASE_PROCUREMENT-2013-AIRFORCE_AIRCRAFT_VOL2-MasterJustificationBook_Air_Force_PB_2013.zzz_unzipped-MasterJustificationBook_Air_Force_PB_2013.xml","9a2ba94a217d82096f332eb52ba7ddeaf76b99a2e5a89a7ed11986588d44548b","0-9c69a9bfc215c69ef29782b9edd3132b3320373bd9a5fbb6a059747e7dc9c851","","","","","","","","","","","","","","","141-f9542a973b049f9ea13b34f2b48ce965b540a225b7c4673549105b6fcc7c9303","root"
"Advance Procurement","12","0.000","9.945","10","0","","0","0","0","0","0","19.945","2013-BASE_PROCUREMENT-2013-AIRFORCE_AIRCRAFT_VOL2-MasterJustificationBook_Air_Force_PB_2013.zzz_unzipped-MasterJustificationBook_Air_Force_PB_2013.xml","f09bafff549193219c88c3676f1df3dd1bcf20a9bf8aa51ae4f966d8eeede5a5","0-be5d3908e98e52052783b579ba5f3a6f1ffe7f163fb524dea83e87bc99ec709f","","","","","","","","","","","","","","","143-c9fa1e48deae19febc45338efeb62fe9133335f0dd437c8a2a2e533427106a05","root"
"Advance Procurement","12","0.000","59.669","40","0","","0","0","0","0","0","99.669","2013-BASE_PROCUREMENT-2013-AIRFORCE_AIRCRAFT_VOL2-MasterJustificationBook_Air_Force_PB_2013.zzz_unzipped-MasterJustificationBook_Air_Force_PB_2013.xml","3703a2520eebe02497a52784dd2305595e26196e840791c9432c08f9a4defe86","0-0d99d2e19cbfcca60553fb0436dc56479230f72c7f6e55b945f7c797a08cf193","","","","","","","","","","","","","","","145-1aa74509946fb8edc35353a642c42421c3a81db13f482210cf7bfc770b2137e6","root"
"F-35 Airframe Equipment","0","591.465","200.5","178.602","228.852","","302.667","410.814","397.666","450.84","15207.486","17968.892","2013-BASE_PROCUREMENT-2013-AIRFORCE_AIRCRAFT_VOL1-MasterJustificationBook_Air_Force_PB_2013.zzz_unzipped-MasterJustificationBook_Air_Force_PB_2013.xml","8ca272206c6b30f61972a00065d737d41c09597a3caeca5dca6f8e9b4d2b639e","0-483e6d0511e69419b319c9f0168f62403750b7c1b2ebd94f0b55702bf6c570b2","","","","","","","","","","","","","","","147-941e082da5104938514a94262b53de956cec0d991277f6e57d147f93f201d985","root"
"AVIONICS","12","104.035","13.621","20","15","","0","0","0","0","0","152.656","2013-BASE_PROCUREMENT-2013-AIRFORCE_AIRCRAFT_VOL1-MasterJustificationBook_Air_Force_PB_2013.zzz_unzipped-MasterJustificationBook_Air_Force_PB_2013.xml","a81a42ae1db722058f6d5962d3234e2397b7cb620f8cd202f2f913551d1c3f6e","0-93c8cab7e7cf06b888350fe52339184378f22b708adb5a24ba67c715d91b64f4","","","","","","","","","","","","","","","154-bc3d9369e898b271f6a2c33331f297ad45f1395231e81c3a98174fe62cb6240d","root"
"Advance Procurement","12","0.000","9.877","20","0","","0","0","0","0","0","29.877","2013-BASE_PROCUREMENT-2013-AIRFORCE_AIRCRAFT_VOL1-MasterJustificationBook_Air_Force_PB_2013.zzz_unzipped-MasterJustificationBook_Air_Force_PB_2013.xml","6d88a6cf121ef28b4c783038e8175f58e8cde097688e70e8838a8071a7b2922a","0-d28d2e82f52bc952db94e15b9761d1c62dba7b6cb71505bc2212eaf383ecfa13","","","","","","","","","","","","","","","166-03d8a371500aab2304a3a84eed427e215e948b3363cd51e0f0d82cfc81767de0","root"
"Advance Procurement","12","532.9","9.779","50","0","","0","0","0","0","0","592.679","2013-BASE_PROCUREMENT-2013-AIRFORCE_AIRCRAFT_VOL1-MasterJustificationBook_Air_Force_PB_2013.zzz_unzipped-MasterJustificationBook_Air_Force_PB_2013.xml","6d2a5a5d589018a44e3cbf52cb1c912bfc2ae7ebfa3167c185f32baeccefdb83","0-fb88ca520b3b3a3dbf90d1bae0fc529f159024f530f8047d5767a5d726f27811","","","","","","","","","","","","","","","191-a8e79eecf573de388718ed61d825e82f634cede60d09396f5ed0364b3d5f52e0","root"
"Advance Procurement","12","0.000","9.945","10","0","","0","0","0","0","0","19.945","2013-BASE_PROCUREMENT-2013-AIRFORCE_AIRCRAFT_VOL1-MasterJustificationBook_Air_Force_PB_2013.zzz_unzipped-MasterJustificationBook_Air_Force_PB_2013.xml","b6b93c42a9a55a42869eb42b091eb84dcc0e905c9cc372f94c868612d9144738","0-ca1cb21e0cf5c6d3fb2cbd203a50ee0c2918f3bd1e81664586f54da20110b41e","","","","","","","","","","","","","","","193-d56472d863d92f232a7dd101f2ef699a868a06fab4227d6221cf512534de2906","root"
"Advance Procurement","12","0.000","59.669","40","0","","0","0","0","0","0","99.669","2013-BASE_PROCUREMENT-2013-AIRFORCE_AIRCRAFT_VOL1-MasterJustificationBook_Air_Force_PB_2013.zzz_unzipped-MasterJustificationBook_Air_Force_PB_2013.xml","af37cf083328b3ed9159e2e090d1e7a7bdbaa767003a2a633f938ceef3892c06","0-5eaac60b5f7ffde622683bc38f3ced3637d2fbfe6654685b948a8e027304c764","","","","","","","","","","","","","","","195-b31ceae669c237d33b350a1127325224fb37d7585a687235aaeacca1d87fcb54","root"
"Equipment","0","325.712","166.9","0.000","0.000","","0.000","0.000","0.000","0.000","0.000","492.612","2013-BASE_PROCUREMENT-2013-AIRFORCE_AIRCRAFT_VOL2-MasterJustificationBook_Air_Force_PB_2013.zzz_unzipped-MasterJustificationBook_Air_Force_PB_2013.xml","8047e046d54537d05d7c5b8bb718f313e4ecd7067db8aa67ec45d00cc41c131f","0-142dc2cb0774918197ed308effdf274b02a25b2a314c1c8a9dacdacefca9a5c6","","","","","","","","","","","","","","","198-4afec14b6b7df1572db3445cf06b3d49bcce93d3ba3ac40396d34c6d4e078e31","root"
"Equipment","0","0.000","0.000","112.2","175.8","","0.000","0.000","0.000","0.000","0.000","288","2013-BASE_PROCUREMENT-2013-AIRFORCE_AIRCRAFT_VOL2-MasterJustificationBook_Air_Force_PB_2013.zzz_unzipped-MasterJustificationBook_Air_Force_PB_2013.xml","c5ca9a51fed888b0789d8c29575b740c033e66ec191ebd4620e83fcfed7ea340","0-bbbc1ca549ed31ba9ab2bd7be4ed5fef96b486d322592142f942a47541ea85f6","","","","","","","","","","","","","","","200-2caf0a07ed284202b09e6a8672c1581988c8fd66b4d0e67af54200b46308ad07","root"
"Equipment","0","325.712","166.9","0.000","0.000","","0.000","0.000","0.000","0.000","0.000","492.612","2013-BASE_PROCUREMENT-2013-AIRFORCE_AIRCRAFT_VOL1-MasterJustificationBook_Air_Force_PB_2013.zzz_unzipped-MasterJustificationBook_Air_Force_PB_2013.xml","57381bfbbf28cd8806cb652a1ebf7c2332107590d116fd3629c858c1fd49e85f","0-3b451bd1e29a13963c1506a947e29a84b3f233d3df2843e26532a9452163d9df","","","","","","","","","","","","","","","246-13a9512fff58c5653b65e2dfc9f87e0c26a5aa5d7b358f71c039f18f3c71a22c","root"
"Equipment","0","0.000","0.000","112.2","175.8","","0.000","0.000","0.000","0.000","0.000","288","2013-BASE_PROCUREMENT-2013-AIRFORCE_AIRCRAFT_VOL1-MasterJustificationBook_Air_Force_PB_2013.zzz_unzipped-MasterJustificationBook_Air_Force_PB_2013.xml","ee931ec9033e0497a2f8d6f3720d1b91ca62615f3d9870f0f4d919caa53bf3e7","0-7aa2932313c35ce32abe52dfcfa12018ae1e954ac7ec586224358bd8cee414eb","","","","","","","","","","","","","","","248-8b47b8909619a3c73a7e5ff911c3ee57bac63f7454c31cb510750bb64e73a6e2","root"
"Airframe T.L.","0","144.64","20.563","21.933","0","12","","","","","","","2013-BASE_PROCUREMENT-2013-NAVY_AIRCRAFT_BA1-4-JustificationBook_Navy_PB_2013.zzz_unzipped-JustificationBook_Navy_PB_2013.xml","117c169a68235fff5682580ef1182034c5b0c336d258b4d2bc16ac17e2d2a653","0-e77d302d54fcd7abbd67ba94a54d0e511b2d02e94f9b0272c0790dffb1055b9d","1","","","","","","","","","","","","","","1056-4b7990cc770211568a21e949bc190af3ba4661a6eaa6d238c21c37ef2e96c848","root"
"UH-1Y Cabin Materials","0","24.2","23.872","23.813","27.864","0","","","","","","","2013-BASE_PROCUREMENT-2013-NAVY_AIRCRAFT_BA1-4-JustificationBook_Navy_PB_2013.zzz_unzipped-JustificationBook_Navy_PB_2013.xml","831d15ae17bc6d104aca15fe5c80ea3f2120968dcc138d4a1f2a89be2c3476d7","0-eb6ed14725dff4856a6680fc5006762e64961112648f02f7789d007194e019b2","0","","","","","","","","","","","","","","1058-507925a22805e7ae01e25003c118fdc22a0fea53f447415a966a42dbe7406cc6","root"
"AH-1Z Cabin Materials","0","15.1","21.543","20.411","26.471","0","","","","","","","2013-BASE_PROCUREMENT-2013-NAVY_AIRCRAFT_BA1-4-JustificationBook_Navy_PB_2013.zzz_unzipped-JustificationBook_Navy_PB_2013.xml","831d15ae17bc6d104aca15fe5c80ea3f2120968dcc138d4a1f2a89be2c3476d7","1-29bc7973571b29328c911259749f88aa9e54cb20d3270d29cebb092c5e6b15de","0","","","","","","","","","","","","","","1058-507925a22805e7ae01e25003c118fdc22a0fea53f447415a966a42dbe7406cc6","root"
"Dynamic Component Parts","8","3.6","4.076","3.969","4.876","0","","","","","","","2013-BASE_PROCUREMENT-2013-NAVY_AIRCRAFT_BA1-4-JustificationBook_Navy_PB_2013.zzz_unzipped-JustificationBook_Navy_PB_2013.xml","831d15ae17bc6d104aca15fe5c80ea3f2120968dcc138d4a1f2a89be2c3476d7","2-c658ac33782f29b502873199763ffcbdfee93b71e37605a81070a419ab1924e0","0","","","","","","","","","","","","","","1058-507925a22805e7ae01e25003c118fdc22a0fea53f447415a966a42dbe7406cc6","root"
"Other (forgings, bearings, shafts, castings, bolts, pins, etc.)","13","7.494","8.734","8.557","10.447","0","","","","","","","2013-BASE_PROCUREMENT-2013-NAVY_AIRCRAFT_BA1-4-JustificationBook_Navy_PB_2013.zzz_unzipped-JustificationBook_Navy_PB_2013.xml","831d15ae17bc6d104aca15fe5c80ea3f2120968dcc138d4a1f2a89be2c3476d7","3-c6a3b66f2c386cc623d5fc6ad76afc821a81db0249464df066aa12f6b98a1b14","0","","","","","","","","","","","","","","1058-507925a22805e7ae01e25003c118fdc22a0fea53f447415a966a42dbe7406cc6","root"
"CFE - Airframe T.L.","0","317.444","","","0","0","","","","","","","2013-BASE_PROCUREMENT-2013-NAVY_AIRCRAFT_BA1-4-JustificationBook_Navy_PB_2013.zzz_unzipped-JustificationBook_Navy_PB_2013.xml","1a7189ca3ac3735d5b4780456bb4c8dddad618396ddbf80b22c606ea18981840","0-e107691a96f55edac7c2d4850f30e261ab6926a8b0393c3573b191afa5bc747e","1","See End Item P5A","See End Item P5A","19","","","","19","","","","","","","1060-cc329f5fd7adfe744221035c009b489ca2519d91a395bd3b8d36c596115124b1","root"
"Airframe for FY12 EOQ/Long Lead","0","","23.607","","0","0","","","","","","","2013-BASE_PROCUREMENT-2013-NAVY_AIRCRAFT_BA1-4-JustificationBook_Navy_PB_2013.zzz_unzipped-JustificationBook_Navy_PB_2013.xml","1a7189ca3ac3735d5b4780456bb4c8dddad618396ddbf80b22c606ea18981840","1-d893f81afcb756409a522563c05e9b76eba8b27f1710f1e17e60d5da753e617f","1","See End Item P5A","See End Item P5A","19","","","","19","","","","","","","1060-cc329f5fd7adfe744221035c009b489ca2519d91a395bd3b8d36c596115124b1","root"
"Airframe for FY13 EOQ/Long Lead","0","","","24.053","0","0","","","","","","","2013-BASE_PROCUREMENT-2013-NAVY_AIRCRAFT_BA1-4-JustificationBook_Navy_PB_2013.zzz_unzipped-JustificationBook_Navy_PB_2013.xml","1a7189ca3ac3735d5b4780456bb4c8dddad618396ddbf80b22c606ea18981840","2-9360ae0e71f35d1edb539c13239b3cbb25c728e5d88c82cd168f197826a822c3","1","See End Item P5A","See End Item P5A","19","","","","19","","","","","","","1060-cc329f5fd7adfe744221035c009b489ca2519d91a395bd3b8d36c596115124b1","root"
"Airframe for FY14 EOQ/Long Lead","0","","","2.207","24.505","0","","","","","","","2013-BASE_PROCUREMENT-2013-NAVY_AIRCRAFT_BA1-4-JustificationBook_Navy_PB_2013.zzz_unzipped-JustificationBook_Navy_PB_2013.xml","1a7189ca3ac3735d5b4780456bb4c8dddad618396ddbf80b22c606ea18981840","3-dfcb8f16dbd5fa6f7c564c113236b4537fbb55209f0d56226d11164bb25b3a7b","1","See End Item P5A","See End Item P5A","19","","","","19","","","","","","","1060-cc329f5fd7adfe744221035c009b489ca2519d91a395bd3b8d36c596115124b1","root"
"Airframe for FY15 EOQ/Long Lead","0","","","0.981","0.865","0","","","","","","","2013-BASE_PROCUREMENT-2013-NAVY_AIRCRAFT_BA1-4-JustificationBook_Navy_PB_2013.zzz_unzipped-JustificationBook_Navy_PB_2013.xml","1a7189ca3ac3735d5b4780456bb4c8dddad618396ddbf80b22c606ea18981840","4-44cd4ce06aaebb819db64bbf8227bb92b9457edf215b699066b87d62a521ca24","1","See End Item P5A","See End Item P5A","19","","","","19","","","","","","","1060-cc329f5fd7adfe744221035c009b489ca2519d91a395bd3b8d36c596115124b1","root"
"CFE - Airframe T.L.","0","310.064","66.262","","0","0","","","","","","","2013-BASE_PROCUREMENT-2013-NAVY_AIRCRAFT_BA1-4-JustificationBook_Navy_PB_2013.zzz_unzipped-JustificationBook_Navy_PB_2013.xml","b9d48f24ecf1fb0dc0353ad3f9cd91e926e2f3fda1f537c2caa93bb44b898f3b","0-a65942da738df2649bdf4a49ffafa05c7127697ddb5eb9f26996c1e525c7c9f2","1","","","","","","","","","","","","","","1062-9ac9175a6edc4bbd4c04ea063330135ac434f525013b0dca15add241921c09d1","root"
"CC/Avionics - T.L./Other","0","475.753","59.408","","0","0","","","","","","","2013-BASE_PROCUREMENT-2013-NAVY_AIRCRAFT_BA1-4-JustificationBook_Navy_PB_2013.zzz_unzipped-JustificationBook_Navy_PB_2013.xml","b9d48f24ecf1fb0dc0353ad3f9cd91e926e2f3fda1f537c2caa93bb44b898f3b","1-8b4b5b6fef72b605db781f01e15d24a1f5f50463947a68d5803fc646c8e05235","1","","","","","","","","","","","","","","1062-9ac9175a6edc4bbd4c04ea063330135ac434f525013b0dca15add241921c09d1","root"
"CFE - Airframe T.L.","0","267.06","166.809","244.894","325.679","13","","","","","","","2013-BASE_PROCUREMENT-2013-NAVY_AIRCRAFT_BA1-4-JustificationBook_Navy_PB_2013.zzz_unzipped-JustificationBook_Navy_PB_2013.xml","62ca14cc634acb0c901935df39de84860d1f64314c02973b24f410208b3cf78e","0-babf2c82565bd4fa8483e15dfc6bef4359d474729c94937c4001e3a9676beb4a","0","See End Item P5A","See End Item P5A","35","","","","35","","","","","","","1064-51604d05cec01ce9165e1ad52d8590f85a6f8ec8e408dc963349bb33e710fef0","root"
"CFE - Airframe T.L.","0","362.596","117.941","157.942","123.179","0","","","","","","","2013-BASE_PROCUREMENT-2013-NAVY_AIRCRAFT_BA1-4-JustificationBook_Navy_PB_2013.zzz_unzipped-JustificationBook_Navy_PB_2013.xml","c58f3e1b9e38e357fc3c36cb6204a5182b2e132e43a0c2e90cc87c9d07cd04f0","0-45b12478f6e9ffb8b6dd508d91640272ce6bcbbe83934f4dcc33964c09c54141","1","See End Item P5A","See End Item P5A","42","","","","42","","","","","","","1066-3a835c097196ac78f3bcf2e9e6909d9e5be31e55723f28c57d7da0fc2f96cf01","root"
"For FY 2015 Long Lead","0","","","","0","0","","","","","","","2013-BASE_PROCUREMENT-2013-NAVY_AIRCRAFT_BA1-4-JustificationBook_Navy_PB_2013.zzz_unzipped-JustificationBook_Navy_PB_2013.xml","c58f3e1b9e38e357fc3c36cb6204a5182b2e132e43a0c2e90cc87c9d07cd04f0","1-0d2dc9819e791e24be67b1e9441eace5d1044d583ee34c7a57f4c7ddd363b042","1","","","","","","","","","","","","","","1066-3a835c097196ac78f3bcf2e9e6909d9e5be31e55723f28c57d7da0fc2f96cf01","root"
"For FY 2016 Long Lead","0","","","","0","0","","","","","","","2013-BASE_PROCUREMENT-2013-NAVY_AIRCRAFT_BA1-4-JustificationBook_Navy_PB_2013.zzz_unzipped-JustificationBook_Navy_PB_2013.xml","c58f3e1b9e38e357fc3c36cb6204a5182b2e132e43a0c2e90cc87c9d07cd04f0","2-b24bd658ae5280b509d788b0c490fe9f7cfa03ab6c20579aecb2f3dda7e8af4c","1","","","","","","","","","","","","","","1066-3a835c097196ac78f3bcf2e9e6909d9e5be31e55723f28c57d7da0fc2f96cf01","root"
"For FY 2017 Long Lead","0","","","","0","0","","","","","","","2013-BASE_PROCUREMENT-2013-NAVY_AIRCRAFT_BA1-4-JustificationBook_Navy_PB_2013.zzz_unzipped-JustificationBook_Navy_PB_2013.xml","c58f3e1b9e38e357fc3c36cb6204a5182b2e132e43a0c2e90cc87c9d07cd04f0","3-b8130c071842151c53a1aa44f43ef505ec66d5426beba954167a089090096a30","1","","","","","","","","","","","","","","1066-3a835c097196ac78f3bcf2e9e6909d9e5be31e55723f28c57d7da0fc2f96cf01","root"
"For FY 2018 Long Lead","0","","","","0","0","","","","","","","2013-BASE_PROCUREMENT-2013-NAVY_AIRCRAFT_BA1-4-JustificationBook_Navy_PB_2013.zzz_unzipped-JustificationBook_Navy_PB_2013.xml","c58f3e1b9e38e357fc3c36cb6204a5182b2e132e43a0c2e90cc87c9d07cd04f0","4-49699eb414b798240534b4ec97d052d9442851ffd57a86c139102307d997c403","1","","","","","","","","","","","","","","1066-3a835c097196ac78f3bcf2e9e6909d9e5be31e55723f28c57d7da0fc2f96cf01","root"
"CFE - Airframe T.L.","0","211.565","","0","20","0","","","","","","","2013-BASE_PROCUREMENT-2013-NAVY_AIRCRAFT_BA1-4-JustificationBook_Navy_PB_2013.zzz_unzipped-JustificationBook_Navy_PB_2013.xml","d2754e07aff7a1b263a31dad19b45c69e96d75bcc74c3f11578b13908f285a79","0-d1ba881de44d7cc62a2c46986cf0e954deaf6c9d74c203fe139f124608acae5d","0","See End Item P5A","See End Item P5A","36","","","","36","","","","","","","1071-8ace1e3368a4627c6ce2d27d2163e2020a8563f47e057a67eece34150c75655f","root"
"CFE - Airframe T.L.","0","","","","51.124","3","","","","","","","2013-BASE_PROCUREMENT-2013-NAVY_AIRCRAFT_BA1-4-JustificationBook_Navy_PB_2013.zzz_unzipped-JustificationBook_Navy_PB_2013.xml","35ba065fc15348b04ce24529e69be9f99c6cbf65b10c2c0aa5e1f211a03d3de7","0-386c1bfcd1461a3a139f03c58a4713e058223bdf22e7c91d546d3e5fa4368e8c","0","See End Item P5A","See End Item P5A","22","","","","22","","","","","","","1072-e4e19a0ce9b2466111ad8b39bb8ec6957749f2f7ac471aa639c9ba44b42893a6","root"
"Airframe T.L.","0","870.7","0.903","49","23.6","26","","","","","","","2013-BASE_PROCUREMENT-2013-NAVY_AIRCRAFT_BA1-4-JustificationBook_Navy_PB_2013.zzz_unzipped-JustificationBook_Navy_PB_2013.xml","726c637195c83e4c0a7ae20346d13ed0b7692dc152694d77e984d871c4d21a8a","0-e4025192ee622c81c0568fd3c0ba78505bccdfc6ebc793f42f375eadaca24528","1","","","","","","","","","","","","","","1075-1ecbea3ff80cf5c10bd1bd9e647f96be03811299cb2a2f3a8a6e14b1690b0fc7","root"
"CFE- Airframe T. L.","0","528.379","163.242","85.071","50.84","4","","","","","","","2013-BASE_PROCUREMENT-2013-NAVY_AIRCRAFT_BA1-4-JustificationBook_Navy_PB_2013.zzz_unzipped-JustificationBook_Navy_PB_2013.xml","1b6e4b702b24277efec88c4dfcfbc287d38c3d115d2ccf877dd9d7935349683e","0-f8b39fda193dff9e044f20957780d59b9e4cfae25d355ae066a0817d604d4084","0","See End Item P5A","See End Item P5A","36","","","","36","","","","","","","1077-2f086f64aea74e4c3c297763cfb4232b47e15eca02c9527c18be68127fca9079","root"
"CFE-Airframe T.L.","0","221.354","222.053","91.439","82.835","6","","","","","","","2013-BASE_PROCUREMENT-2013-NAVY_AIRCRAFT_BA1-4-JustificationBook_Navy_PB_2013.zzz_unzipped-JustificationBook_Navy_PB_2013.xml","e15cc253127a516a7fca2e9705906e3c1522561f68e61267472a1ae406c2db8f","0-6b18cb2d7f50fffb10d09ab7572db20eb919ed4ff4e1b847b07664a3be653648","0","See End Item P5A","See End Item P5A","36","","","","36","","","","","","","1079-6d011b1909555766da162c905949177a13164a40121208fb6195202ec88d1a3e","root"
"CFE - AirFrame  TL","0","825.581","","","0","0","","","","","","","2013-BASE_PROCUREMENT-2013-NAVY_AIRCRAFT_BA1-4-JustificationBook_Navy_PB_2013.zzz_unzipped-JustificationBook_Navy_PB_2013.xml","88900f9fefa8c2efa538b7df0981031e5954f9d461c6376f83fc0b897746a2a5","0-d055917722a8459eb47917b1b7e5c3cb5c83cb9d9c899129452ed7d6d99ce082","18","See End Item P5A","See End Item P5A","24","","","","24","","","","","","","1081-e47c9f136696e9ef759f1debb39743a95b28b440587f479b0f966b4d0c94e19c","root"
"Airframe T.L.","0","144.64","20.563","21.933","0","12","","","","","","","2013-BASE_PROCUREMENT-2013-NAVY_AIRCRAFT_BA7-MasterJustificationBook_Navy_PB_2013.zzz_unzipped-MasterJustificationBook_Navy_PB_2013.xml","fc4ad63a37f11443d049b6c774a2c3a61b497f69db08ea5c5de15e3106a0de6f","0-8907cf7d9d7a884976fdc3e6697ec8a772f2c8c396f646c91253c4e1acf7098d","1","","","","","","","","","","","","","","1083-8a941280e10b646dd89d4fcd2ac961bfcda40541b38ae43314024d112391a77d","root"
"UH-1Y Cabin Materials","0","24.2","23.872","23.813","27.864","0","","","","","","","2013-BASE_PROCUREMENT-2013-NAVY_AIRCRAFT_BA7-MasterJustificationBook_Navy_PB_2013.zzz_unzipped-MasterJustificationBook_Navy_PB_2013.xml","b45801296a3524f507a18fb8bb9e6f0e3f8222e13c23ef914a357860ad0ef060","0-bd181dceb7d25381fce609c74fc575c718a5f424f08c237e32873042f428d9c8","0","","","","","","","","","","","","","","1085-432179579cb182bf2cc2d5e737d4a24de6cff31c1507c0bf7b5df32b55673f92","root"
"AH-1Z Cabin Materials","0","15.1","21.543","20.411","26.471","0","","","","","","","2013-BASE_PROCUREMENT-2013-NAVY_AIRCRAFT_BA7-MasterJustificationBook_Navy_PB_2013.zzz_unzipped-MasterJustificationBook_Navy_PB_2013.xml","b45801296a3524f507a18fb8bb9e6f0e3f8222e13c23ef914a357860ad0ef060","1-2781c788f724210175ca7e3f877aecfcb5d8057881478dc0dc928fd112972593","0","","","","","","","","","","","","","","1085-432179579cb182bf2cc2d5e737d4a24de6cff31c1507c0bf7b5df32b55673f92","root"
"Dynamic Component Parts","8","3.6","4.076","3.969","4.876","0","","","","","","","2013-BASE_PROCUREMENT-2013-NAVY_AIRCRAFT_BA7-MasterJustificationBook_Navy_PB_2013.zzz_unzipped-MasterJustificationBook_Navy_PB_2013.xml","b45801296a3524f507a18fb8bb9e6f0e3f8222e13c23ef914a357860ad0ef060","2-d9ea8b1ea72b3e0a1683203175c0419a0cabb1cd3f4ff622d80d33252f56c3a8","0","","","","","","","","","","","","","","1085-432179579cb182bf2cc2d5e737d4a24de6cff31c1507c0bf7b5df32b55673f92","root"
"Other (forgings, bearings, shafts, castings, bolts, pins, etc.)","13","7.494","8.734","8.557","10.447","0","","","","","","","2013-BASE_PROCUREMENT-2013-NAVY_AIRCRAFT_BA7-MasterJustificationBook_Navy_PB_2013.zzz_unzipped-MasterJustificationBook_Navy_PB_2013.xml","b45801296a3524f507a18fb8bb9e6f0e3f8222e13c23ef914a357860ad0ef060","3-0c35bbb7a970fdc8d431f22c2063483e32d07e49ea38a84441897daa5a899f5c","0","","","","","","","","","","","","","","1085-432179579cb182bf2cc2d5e737d4a24de6cff31c1507c0bf7b5df32b55673f92","root"
"CFE - Airframe T.L.","0","317.444","","","0","0","","","","","","","2013-BASE_PROCUREMENT-2013-NAVY_AIRCRAFT_BA7-MasterJustificationBook_Navy_PB_2013.zzz_unzipped-MasterJustificationBook_Navy_PB_2013.xml","52b39e0ba477b629fab29d59fdc36d8c3d0ab657f636c88f6789b1fdfc38a7cd","0-d8d1179ad58ffaf8c43580da0fa697cef4050c711420c7dbdbc3572e5c16bdae","1","See End Item P5A","See End Item P5A","19","","","","19","","","","","","","1087-cd5706466f66df4fdc6741865f06a281f3f62f2c2551a35663b7b1a85815fe4e","root"
"Airframe for FY12 EOQ/Long Lead","0","","23.607","","0","0","","","","","","","2013-BASE_PROCUREMENT-2013-NAVY_AIRCRAFT_BA7-MasterJustificationBook_Navy_PB_2013.zzz_unzipped-MasterJustificationBook_Navy_PB_2013.xml","52b39e0ba477b629fab29d59fdc36d8c3d0ab657f636c88f6789b1fdfc38a7cd","1-42129da64fe5a5e3fae5d0627eb48fde4dcdd05ce5f7190b47935d21eb0e1d84","1","See End Item P5A","See End Item P5A","19","","","","19","","","","","","","1087-cd5706466f66df4fdc6741865f06a281f3f62f2c2551a35663b7b1a85815fe4e","root"
"Airframe for FY13 EOQ/Long Lead","0","","","24.053","0","0","","","","","","","2013-BASE_PROCUREMENT-2013-NAVY_AIRCRAFT_BA7-MasterJustificationBook_Navy_PB_2013.zzz_unzipped-MasterJustificationBook_Navy_PB_2013.xml","52b39e0ba477b629fab29d59fdc36d8c3d0ab657f636c88f6789b1fdfc38a7cd","2-30d9d65d874e1693271c53151eb4bc2175c1c3e92d464b96f8d9aa6db5b8ecd5","1","See End Item P5A","See End Item P5A","19","","","","19","","","","","","","1087-cd5706466f66df4fdc6741865f06a281f3f62f2c2551a35663b7b1a85815fe4e","root"
"Airframe for FY14 EOQ/Long Lead","0","","","2.207","24.505","0","","","","","","","2013-BASE_PROCUREMENT-2013-NAVY_AIRCRAFT_BA7-MasterJustificationBook_Navy_PB_2013.zzz_unzipped-MasterJustificationBook_Navy_PB_2013.xml","52b39e0ba477b629fab29d59fdc36d8c3d0ab657f636c88f6789b1fdfc38a7cd","3-6e3737dc71c47dad8c8e50102eb3520b495d7ec64b6f8326ec5ac5e5defb6e53","1","See End Item P5A","See End Item P5A","19","","","","19","","","","","","","1087-cd5706466f66df4fdc6741865f06a281f3f62f2c2551a35663b7b1a85815fe4e","root"
"Airframe for FY15 EOQ/Long Lead","0","","","0.981","0.865","0","","","","","","","2013-BASE_PROCUREMENT-2013-NAVY_AIRCRAFT_BA7-MasterJustificationBook_Navy_PB_2013.zzz_unzipped-MasterJustificationBook_Navy_PB_2013.xml","52b39e0ba477b629fab29d59fdc36d8c3d0ab657f636c88f6789b1fdfc38a7cd","4-adfb1d9f5cc48b3e7b3802b0e21487fb908e09d950ce04da78e17aba9cd9bf84","1","See End Item P5A","See End Item P5A","19","","","","19","","","","","","","1087-cd5706466f66df4fdc6741865f06a281f3f62f2c2551a35663b7b1a85815fe4e","root"
"CFE - Airframe T.L.","0","310.064","66.262","","0","0","","","","","","","2013-BASE_PROCUREMENT-2013-NAVY_AIRCRAFT_BA7-MasterJustificationBook_Navy_PB_2013.zzz_unzipped-MasterJustificationBook_Navy_PB_2013.xml","6b43da5773fdddd6745e6a9177c3b5322c6d5d599a05e656a65c474843726605","0-ac983c31a4d4639f74fa93f92d705df457e1ff9fec6d0946d6af72cf16c9d859","1","","","","","","","","","","","","","","1089-c2c5139643e8cb1a3c96530059d0e54bed2c9555393701bd596b588e62356af7","root"
"CC/Avionics - T.L./Other","0","475.753","59.408","","0","0","","","","","","","2013-BASE_PROCUREMENT-2013-NAVY_AIRCRAFT_BA7-MasterJustificationBook_Navy_PB_2013.zzz_unzipped-MasterJustificationBook_Navy_PB_2013.xml","6b43da5773fdddd6745e6a9177c3b5322c6d5d599a05e656a65c474843726605","1-b72678ed521a3ffc57e97118645f4ac68882832c3cde3d1e33e117b97aebd959","1","","","","","","","","","","","","","","1089-c2c5139643e8cb1a3c96530059d0e54bed2c9555393701bd596b588e62356af7","root"
"CFE - Airframe T.L.","0","267.06","166.809","244.894","325.679","13","","","","","","","2013-BASE_PROCUREMENT-2013-NAVY_AIRCRAFT_BA7-MasterJustificationBook_Navy_PB_2013.zzz_unzipped-MasterJustificationBook_Navy_PB_2013.xml","a239252c2db994d3d59f63231ca3c22a219233e70e30c14c66a0ba0cdfbe6d4f","0-bfee6ed4a92426d0af9aafb7dd5b8945476064a59c2bdeae34dbe4f763708c71","0","See End Item P5A","See End Item P5A","35","","","","35","","","","","","","1091-217df2fcb63afab234ae3057eb52649b9930e37a7dc8d891ae8cfe52c05f4204","root"
"CFE - Airframe T.L.","0","362.596","117.941","157.942","123.179","0","","","","","","","2013-BASE_PROCUREMENT-2013-NAVY_AIRCRAFT_BA7-MasterJustificationBook_Navy_PB_2013.zzz_unzipped-MasterJustificationBook_Navy_PB_2013.xml","f574b404c7e4bb0b9eaa9bd06310ba954fd8383396e28c51365d22c8228792d8","0-c2bc8329aa73f21157ad20dc4ea058fe2694b18f442d75703e9eeeb98dd6a9ca","1","See End Item P5A","See End Item P5A","42","","","","42","","","","","","","1093-3b1e46acafb75c9fea6fd7d3656d31c706f0c1eae124af6397dc203b6549cf5d","root"
"For FY 2015 Long Lead","0","","","","0","0","","","","","","","2013-BASE_PROCUREMENT-2013-NAVY_AIRCRAFT_BA7-MasterJustificationBook_Navy_PB_2013.zzz_unzipped-MasterJustificationBook_Navy_PB_2013.xml","f574b404c7e4bb0b9eaa9bd06310ba954fd8383396e28c51365d22c8228792d8","1-f333683193c209285eaa2008ca8d36853332ffcad1d164782c3f548f131d0ef4","1","","","","","","","","","","","","","","1093-3b1e46acafb75c9fea6fd7d3656d31c706f0c1eae124af6397dc203b6549cf5d","root"
"For FY 2016 Long Lead","0","","","","0","0","","","","","","","2013-BASE_PROCUREMENT-2013-NAVY_AIRCRAFT_BA7-MasterJustificationBook_Navy_PB_2013.zzz_unzipped-MasterJustificationBook_Navy_PB_2013.xml","f574b404c7e4bb0b9eaa9bd06310ba954fd8383396e28c51365d22c8228792d8","2-3917fe9641048fbe62fababa4878d60130ce520c3d374dafd4cfa9e49d7cdf5c","1","","","","","","","","","","","","","","1093-3b1e46acafb75c9fea6fd7d3656d31c706f0c1eae124af6397dc203b6549cf5d","root"
"For FY 2017 Long Lead","0","","","","0","0","","","","","","","2013-BASE_PROCUREMENT-2013-NAVY_AIRCRAFT_BA7-MasterJustificationBook_Navy_PB_2013.zzz_unzipped-MasterJustificationBook_Navy_PB_2013.xml","f574b404c7e4bb0b9eaa9bd06310ba954fd8383396e28c51365d22c8228792d8","3-b5475bd4fc0850c6440abedfa0e7796dc20538e521f531192fbf63294bee180b","1","","","","","","","","","","","","","","1093-3b1e46acafb75c9fea6fd7d3656d31c706f0c1eae124af6397dc203b6549cf5d","root"
"For FY 2018 Long Lead","0","","","","0","0","","","","","","","2013-BASE_PROCUREMENT-2013-NAVY_AIRCRAFT_BA7-MasterJustificationBook_Navy_PB_2013.zzz_unzipped-MasterJustificationBook_Navy_PB_2013.xml","f574b404c7e4bb0b9eaa9bd06310ba954fd8383396e28c51365d22c8228792d8","4-3f4695c8615b899651fc674b12e243ad1230e69bc5e3480212d92ddeeca2434f","1","","","","","","","","","","","","","","1093-3b1e46acafb75c9fea6fd7d3656d31c706f0c1eae124af6397dc203b6549cf5d","root"
"CFE - Airframe T.L.","0","211.565","","0","20","0","","","","","","","2013-BASE_PROCUREMENT-2013-NAVY_AIRCRAFT_BA7-MasterJustificationBook_Navy_PB_2013.zzz_unzipped-MasterJustificationBook_Navy_PB_2013.xml","19b818fa742a194bd563aa5faa6e5e005c270142ae3622837df452b09ef21fd9","0-9d5c7327d5c64d18a4bb9734e111bf1b1f1caf2c906c540cc8217d61f5dee4f4","0","See End Item P5A","See End Item P5A","36","","","","36","","","","","","","1098-64e0c2ca95c92c47a10fbb97c515f39c727de3ed39ad82291194a270a57688fb","root"
"CFE - Airframe T.L.","0","","","","51.124","3","","","","","","","2013-BASE_PROCUREMENT-2013-NAVY_AIRCRAFT_BA7-MasterJustificationBook_Navy_PB_2013.zzz_unzipped-MasterJustificationBook_Navy_PB_2013.xml","a2cf9a9f7e41de0e4e8e70c616aab683dbff4c199053caf8b648f74fa8d86680","0-00cdfbf6815584726aec3f4b690704a7715326dcb3a44e9bf496bbe8a7e5966a","0","See End Item P5A","See End Item P5A","22","","","","22","","","","","","","1099-f8fc69f61c5f0550b0eaa757f6a056f462f85d7296beba322a2526797c77392f","root"
"Airframe T.L.","0","870.7","0.903","49","23.6","26","","","","","","","2013-BASE_PROCUREMENT-2013-NAVY_AIRCRAFT_BA7-MasterJustificationBook_Navy_PB_2013.zzz_unzipped-MasterJustificationBook_Navy_PB_2013.xml","e21141c5bdc26da71ac5ea984451900c0d04cdb459ada4454fef17e3e0d037e3","0-5c5c731147b297581c2c1447984d1a9775eaf60907c433606c68372636ac5d4c","1","","","","","","","","","","","","","","1102-e71caaf28a8c102cd66acba4e7804617325e4de5bb98a620d80cdac6597a5995","root"
"CFE- Airframe T. L.","0","528.379","163.242","85.071","50.84","4","","","","","","","2013-BASE_PROCUREMENT-2013-NAVY_AIRCRAFT_BA7-MasterJustificationBook_Navy_PB_2013.zzz_unzipped-MasterJustificationBook_Navy_PB_2013.xml","6be8c1ba8081b3684a551a7ebb51417b1707dd863e3e39ea0bab2286adf1d1a8","0-0814853a68dea71003278722fae31e433676b4f61548a4b53efe75ee6e577cf8","0","See End Item P5A","See End Item P5A","36","","","","36","","","","","","","1104-3c3f5ba2fcc2727275e2ef3fa49e97e2c5c60b3aa7de79a273496a625c00e6b6","root"
"CFE-Airframe T.L.","0","221.354","222.053","91.439","82.835","6","","","","","","","2013-BASE_PROCUREMENT-2013-NAVY_AIRCRAFT_BA7-MasterJustificationBook_Navy_PB_2013.zzz_unzipped-MasterJustificationBook_Navy_PB_2013.xml","57b7e75a2b5cb2d490ce2912a42672afdb440d0c4fc34c245fb92baa86ce8db1","0-01408d4fd5903835b373cdff0dc806a29e8bae2c4c372c211b5bf84fd5366331","0","See End Item P5A","See End Item P5A","36","","","","36","","","","","","","1106-b04666a5dfcab8bba68dbc333fa926412bf40e97ffb3799ae19b602a03082864","root"
"CFE - AirFrame  TL","0","825.581","","","0","0","","","","","","","2013-BASE_PROCUREMENT-2013-NAVY_AIRCRAFT_BA7-MasterJustificationBook_Navy_PB_2013.zzz_unzipped-MasterJustificationBook_Navy_PB_2013.xml","7597bbdd4d25ec92c5844fecacfdaaaa10c12e15befbde6f7b81db23360e002e","0-54267cf8edb812370e61b63b19749c044f6d622c31881dffa6b47dc4c109814a","18","See End Item P5A","See End Item P5A","24","","","","24","","","","","","","1108-da87b738724d17a2825176bc3f2d836a8413f37ec9ea6da28af2df3e960108c1","root"
"Equipment","0","0.000","112.2","175.8","0.000","","0.000","0.000","0.000","0","0.000","288","2014-BASE_PROCUREMENT-2014-AIRFORCE_AIRCRAFT_VOL2-PROCUREMENT_JustificationBook_Air_Force_PB_2014.zzz_unzipped-PROCUREMENT_JustificationBook_Air_Force_PB_2014.xml","3ba6d0699113e4ef65d7f6ec694660fbec2ac47e37f1b3dac3a0dc212d137479","0-411f4fad46b8ffbb853be618a6ddc427897116156b9040e4ac85d5a61dcfd98b","","","","","","","","","","","","","","","1666-0f5b960d66552eb340c6e98202d4f286670265c36080a4a8d88e518d26beca09","root"
"F-35 Airframe Equipment","0","782.752","178.602","228.852","283.751","","376.58","397.666","450.84","458.955","14514.124","17672.122","2014-BASE_PROCUREMENT-2014-AIRFORCE_AIRCRAFT_VOL1-PROCUREMENT_JustificationBook_Air_Force_PB_2014.zzz_unzipped-PROCUREMENT_JustificationBook_Air_Force_PB_2014.xml","9b61234d81d63166f24ad258b5e55dffeec409e2dd27bb2645028bc0cc61d668","0-e9ee3eb4bd0c902d7808ce444528839ba9cbf0067dea32c932eecf076d7bdc14","","Lockheed Martin","Fort Worth, TX","","","","","","","","","","","","1712-b6cfd887d14329cd376b7e0ce82ae8ac78c3afae322664f5054cae1971533966","root"
"AVIONICS","12","117.656","20","15","0","","0","0","0","0","0","152.656","2014-BASE_PROCUREMENT-2014-AIRFORCE_AIRCRAFT_VOL1-PROCUREMENT_JustificationBook_Air_Force_PB_2014.zzz_unzipped-PROCUREMENT_JustificationBook_Air_Force_PB_2014.xml","2646edf56b0a2f35eb384cabca2534ac2cc070221cde934447c037bbc8c8d2fd","0-7b9acee7fa4c7bf9ad77b489bbd22708efbef9ceefb3fcba4deed38b1899980d","","BELL BOEING","RIDLEY PARK, PA, FT WORTH, TX AND AMARILLO, TX","0","0","0","0","0","0","0","0","0.00","0.00","0.00","1718-547ba54f9dc8b251f13594393649c2ab72db1131db8705339cb04cc46ca9c56d","root"
"Advance Procurement","12","9.877","20","0","0","","0","0","0","0","0","29.877","2014-BASE_PROCUREMENT-2014-AIRFORCE_AIRCRAFT_VOL1-PROCUREMENT_JustificationBook_Air_Force_PB_2014.zzz_unzipped-PROCUREMENT_JustificationBook_Air_Force_PB_2014.xml","bd8d3703cfac5e9e892e26e724cf56264b9f965383fa3d44cc73d8d7aff20159","0-3e152849636ae3f075647080dfe96897f26f64978ed1cd0a69c986145a22bc17","","Lockheed Martin","Marietta GA","","","","","","","","","","","","1726-5c5671a1fba264308c0e47c3bc144468edc1704fb9446dfac479e1f9aafcb0d0","root"
"Global Hawk Block 30","1","659.898","71.5","0","0","","0","0","0","0","0","731.398","2014-BASE_PROCUREMENT-2014-AIRFORCE_AIRCRAFT_VOL1-PROCUREMENT_JustificationBook_Air_Force_PB_2014.zzz_unzipped-PROCUREMENT_JustificationBook_Air_Force_PB_2014.xml","7d6024d0805daa28a288cfe9e56a9395294a4bb690e51891da9ecc5630b114e6","0-a95495c7b09f2a3c955d80db7b61eaa32b9b39450987fe0f26c3f4d474248b11","","Northrop Grumman","Rancho Bernardo, CA","","","","","","","","","","","","1728-a7ae07cfef2dec9007a928fb690ef138d33787fc2d897211e703424e05a2d504","root"
"Advance Procurement","12","542.679","50","0","70","","140","20","0","0","0","822.679","2014-BASE_PROCUREMENT-2014-AIRFORCE_AIRCRAFT_VOL1-PROCUREMENT_JustificationBook_Air_Force_PB_2014.zzz_unzipped-PROCUREMENT_JustificationBook_Air_Force_PB_2014.xml","87fe378a0d0a4ac2bd7f5599a847577c8b84352d788084ef2c6af33bc809e3d3","0-d3d1d8661d85a2556025a2bd46acfc9e62d9bb888c6083fb80e624216f8a9853","","Lockheed Martin","Marietta GA","","","","","","","","","","","","1753-87a41ea4c6baf72d7aef40d9baf3eea3fceef91638eb23f2cfd933bfb0add0a4","root"
"Advance Procurement","12","9.945","10","0","40","","50","30","0","0","0","139.945","2014-BASE_PROCUREMENT-2014-AIRFORCE_AIRCRAFT_VOL1-PROCUREMENT_JustificationBook_Air_Force_PB_2014.zzz_unzipped-PROCUREMENT_JustificationBook_Air_Force_PB_2014.xml","dbfe8de14b0d32c628ed01d3914e078284fa20402d5b14399264b391cbf7da9d","0-8ab5d1c79a6b21ae5d8141b72bed6b757745740fcf12fc3d839febf50a3c3039","","","","","","","","","","","","","","","1755-6b7eac7539954d585c091873d2b22dc0811e6f18168bf384506b65358fe82138","root"
"Advance Procurement","12","59.669","40","0","20","","80","50","60","0","0","309.669","2014-BASE_PROCUREMENT-2014-AIRFORCE_AIRCRAFT_VOL1-PROCUREMENT_JustificationBook_Air_Force_PB_2014.zzz_unzipped-PROCUREMENT_JustificationBook_Air_Force_PB_2014.xml","8006d245bd699020fdba3c4b1cd620c2f5d69d075a47574c25b22402c14a21e8","0-553478713a798d8949799ef3b7209226ea2334f5a5432534d40a8158a508ef5d","","Lockheed Martin","Marietta GA","","","","","","","","","","","","1757-653050d8106ae380b56fc41e6b8745ebe056c42c80cf513a15ea58b3a083ec8f","root"
"F-35 Airframe Equipment","0","782.752","178.602","228.852","283.751","","376.58","397.666","450.84","458.955","14514.124","17672.122","2014-BASE_PROCUREMENT-2014-AIRFORCE_AIRCRAFT_VOL2-PROCUREMENT_MasterJustificationBook_Air_Force_PB_2014.zzz_unzipped-PROCUREMENT_MasterJustificationBook_Air_Force_PB_2014.xml","49e6ebb877c28b1a5a5ad3ec630e9669d0f205b4790c66bd50e69d037f2b0687","0-535c11d93358f214f8367ed82b5fddbfe236dce61455d4b74fe740e5053241e0","","Lockheed Martin","Fort Worth, TX","","","","","","","","","","","","1759-08138e00e7e2bb3604b36df74fc78ac5202ff9141566bed17d4bc750350e8c5a","root"
"AVIONICS","12","117.656","20","15","0","","0","0","0","0","0","152.656","2014-BASE_PROCUREMENT-2014-AIRFORCE_AIRCRAFT_VOL2-PROCUREMENT_MasterJustificationBook_Air_Force_PB_2014.zzz_unzipped-PROCUREMENT_MasterJustificationBook_Air_Force_PB_2014.xml","87e6219c53a6a0e21d8cd2ef48641c364c0940e3ebc418f58e09ce6611c01b96","0-329006becd7a2557d96f9fe4b140eb0a33904c1d53fc2ed66f7f1ce74e317970","","BELL BOEING","RIDLEY PARK, PA, FT WORTH, TX AND AMARILLO, TX","0","0","0","0","0","0","0","0","0.00","0.00","0.00","1765-3189411b94d4e312aa375dcbbb1b527c628dda4d56ce05da5b4ec680bf98922a","root"
"Advance Procurement","12","9.877","20","0","0","","0","0","0","0","0","29.877","2014-BASE_PROCUREMENT-2014-AIRFORCE_AIRCRAFT_VOL2-PROCUREMENT_MasterJustificationBook_Air_Force_PB_2014.zzz_unzipped-PROCUREMENT_MasterJustificationBook_Air_Force_PB_2014.xml","45f0be2dfff78b26486004bb5ff808ec4df07601617e528c9f2d0e3c0b68a716","0-f8d62af5423183211d7d09ba55d6048f8ff2412d21a8f468b6a7c6ea5b3ee22d","","Lockheed Martin","Marietta GA","","","","","","","","","","","","1773-edf10b804db6dd31203af671a5b3d6702a8f2186e737c78c3607aed6efab8830","root"
"Global Hawk Block 30","1","659.898","71.5","0","0","","0","0","0","0","0","731.398","2014-BASE_PROCUREMENT-2014-AIRFORCE_AIRCRAFT_VOL2-PROCUREMENT_MasterJustificationBook_Air_Force_PB_2014.zzz_unzipped-PROCUREMENT_MasterJustificationBook_Air_Force_PB_2014.xml","20f7907056336be4710ebeb3bc8594a8c51886c61c07ee8b10c3abad2debace8","0-e896cf15a3106b751511c5d629d5998e211e79599c4d38be8eeb671fbf9d1926","","Northrop Grumman","Rancho Bernardo, CA","","","","","","","","","","","","1775-d568e8b2f1da9edd674a9919d20e773a0d85ed5cab089a170856b48ecd7b89ab","root"
"Advance Procurement","12","542.679","50","0","70","","140","20","0","0","0","822.679","2014-BASE_PROCUREMENT-2014-AIRFORCE_AIRCRAFT_VOL2-PROCUREMENT_MasterJustificationBook_Air_Force_PB_2014.zzz_unzipped-PROCUREMENT_MasterJustificationBook_Air_Force_PB_2014.xml","488edd08a4134d4ef47f67932aa0e770dd42909fc6ec080a1be4113faa890508","0-66c00a13301776380ee08528ae1862267d4f00adfea12b330194a4084aba88fc","","Lockheed Martin","Marietta GA","","","","","","","","","","","","1800-5744a59ffd86aa3c9611c5c686faf7ed85affa19b6f8872eae3c4a2870f84d74","root"
"Advance Procurement","12","9.945","10","0","40","","50","30","0","0","0","139.945","2014-BASE_PROCUREMENT-2014-AIRFORCE_AIRCRAFT_VOL2-PROCUREMENT_MasterJustificationBook_Air_Force_PB_2014.zzz_unzipped-PROCUREMENT_MasterJustificationBook_Air_Force_PB_2014.xml","afff2db197154c64bd3603746babe747ea6f30fabb8f1dcbb90731d86f8fdd0a","0-09c58b9a99078a87990f72e04037de0f23676f459fdb6fa84969a1219cbef157","","","","","","","","","","","","","","","1802-9653cacf739e167497ca39bb63b58d586438807d52ccb0b1f5468b428f8b7074","root"
"Advance Procurement","12","59.669","40","0","20","","80","50","60","0","0","309.669","2014-BASE_PROCUREMENT-2014-AIRFORCE_AIRCRAFT_VOL2-PROCUREMENT_MasterJustificationBook_Air_Force_PB_2014.zzz_unzipped-PROCUREMENT_MasterJustificationBook_Air_Force_PB_2014.xml","568274f6da4ae741bf3451b1e4bd1ce95232308fe969b118463d712471e787ca","0-9c8f36a35fb199a6b9af2050f178270b7f02e8f0e1128b66b78d5b232d684072","","Lockheed Martin","Marietta GA","","","","","","","","","","","","1804-fea8cd25d479986288c5766369b77833f1fb6600cdb82495816e08d1ec9ab521","root"
"F-35 Airframe Equipment","0","782.752","178.602","228.852","283.751","","376.58","397.666","450.84","458.955","14514.124","17672.122","2014-BASE_PROCUREMENT-2014-AIRFORCE_AIRCRAFT_VOL1-PROCUREMENT_MasterJustificationBook_Air_Force_PB_2014.zzz_unzipped-PROCUREMENT_MasterJustificationBook_Air_Force_PB_2014.xml","6ab9e29ac3b8aded689164aba8dab423bb75c52b5172bcd81d5d2ac7eeafb8ff","0-b01f43070f623267a21fa8b513a7634955a8a6cbd2e273f20bd2ebdf8ba18f83","","Lockheed Martin","Fort Worth, TX","","","","","","","","","","","","1806-6c6cac4ab5820f95d4cde76a8493d716b0dd5cb01a865bfdab927c89f38cb2dc","root"
"AVIONICS","12","117.656","20","15","0","","0","0","0","0","0","152.656","2014-BASE_PROCUREMENT-2014-AIRFORCE_AIRCRAFT_VOL1-PROCUREMENT_MasterJustificationBook_Air_Force_PB_2014.zzz_unzipped-PROCUREMENT_MasterJustificationBook_Air_Force_PB_2014.xml","64862d5509d36b3dc25821d3aee2b698b642d9914a9acb94aba0df7947892b95","0-e938652c0926d1d8cc9c54e91f654896aa1950efeced443d1c90a28696fb827b","","BELL BOEING","RIDLEY PARK, PA, FT WORTH, TX AND AMARILLO, TX","0","0","0","0","0","0","0","0","0.00","0.00","0.00","1812-cd7b78e3921be2b9e224300ebb4b5382c0b4408dc4f5a6c008fa6a07c2b9a33d","root"
"Advance Procurement","12","9.877","20","0","0","","0","0","0","0","0","29.877","2014-BASE_PROCUREMENT-2014-AIRFORCE_AIRCRAFT_VOL1-PROCUREMENT_MasterJustificationBook_Air_Force_PB_2014.zzz_unzipped-PROCUREMENT_MasterJustificationBook_Air_Force_PB_2014.xml","df67eff3c686183f6dcf7d4101da8c03f51d7865cf70fd8211d6e348ea90397e","0-80777afda39a9d4a693a633c4188f57e06f9b5f8aa5db194b591836c9be69489","","Lockheed Martin","Marietta GA","","","","","","","","","","","","1820-900f9bb93638b36f947c28398aadabeb2dac7c8b4feff57a1f25aa38bdce1cad","root"
"Global Hawk Block 30","1","659.898","71.5","0","0","","0","0","0","0","0","731.398","2014-BASE_PROCUREMENT-2014-AIRFORCE_AIRCRAFT_VOL1-PROCUREMENT_MasterJustificationBook_Air_Force_PB_2014.zzz_unzipped-PROCUREMENT_MasterJustificationBook_Air_Force_PB_2014.xml","316c8a1eea6fda1117d3c520bf1b7b3c456a990002e7720ef4597a622b9eacd5","0-6d7cdf1a11f960068835a4ebe434b218e01293c301415f40de4ffb073d93711b","","Northrop Grumman","Rancho Bernardo, CA","","","","","","","","","","","","1822-d109fb3465065138d12a88504cda7d59a74bce7d3ed0c573c0984fb73aa302a9","root"
"Advance Procurement","12","542.679","50","0","70","","140","20","0","0","0","822.679","2014-BASE_PROCUREMENT-2014-AIRFORCE_AIRCRAFT_VOL1-PROCUREMENT_MasterJustificationBook_Air_Force_PB_2014.zzz_unzipped-PROCUREMENT_MasterJustificationBook_Air_Force_PB_2014.xml","9de913aeb6567c0d4534e57110f9dda8f4ab9f2890ebec10995f16b0056b8d4a","0-56c8068af543af124a90247a4a59a43c8d20cbd171243881a9c06cd37cbfdf75","","Lockheed Martin","Marietta GA","","","","","","","","","","","","1847-fd42c67a5905c4a71cb26fb205f69326cd8348056009cd022dcd31e9e7120927","root"
"Advance Procurement","12","9.945","10","0","40","","50","30","0","0","0","139.945","2014-BASE_PROCUREMENT-2014-AIRFORCE_AIRCRAFT_VOL1-PROCUREMENT_MasterJustificationBook_Air_Force_PB_2014.zzz_unzipped-PROCUREMENT_MasterJustificationBook_Air_Force_PB_2014.xml","b4e943eafd3729a618b1044fb9e5de1dd8c175e919b52421689b90b7354dd0b6","0-737f335fabad71429fd69ab13a8bb5cebfd18a1a151707c89b5e7ac127b7aa0c","","","","","","","","","","","","","","","1849-23a653dc0b4e37773f16b9bf38a25f5bbf3c964538a7b5de8ba8bcf29ed42796","root"
"Advance Procurement","12","59.669","40","0","20","","80","50","60","0","0","309.669","2014-BASE_PROCUREMENT-2014-AIRFORCE_AIRCRAFT_VOL1-PROCUREMENT_MasterJustificationBook_Air_Force_PB_2014.zzz_unzipped-PROCUREMENT_MasterJustificationBook_Air_Force_PB_2014.xml","1800a4a3cade962759517e8f30a849a8b21a34bb984d87d8abe05b8727f27625","0-39fa803163644c8599828b0f4d46f66a312fc210f4e7d9d0a45bd9ea17d541fd","","Lockheed Martin","Marietta GA","","","","","","","","","","","","1851-65a02f61380f1c214b118eac808a66eb392d7b5facc2ad27b941a66dfded2c04","root"
"Equipment","0","0.000","112.2","175.8","0.000","","0.000","0.000","0.000","0","0.000","288","2014-BASE_PROCUREMENT-2014-AIRFORCE_AIRCRAFT_VOL2-PROCUREMENT_MasterJustificationBook_Air_Force_PB_2014.zzz_unzipped-PROCUREMENT_MasterJustificationBook_Air_Force_PB_2014.xml","f3cdf2d13e7be34dede41451564c52d925e6e0b93b056f441a0daee4409784ce","0-e1259c351875baadb70c261c2dd9eeb32161ab2479050dfaf412e906c7f53a30","","","","","","","","","","","","","","","1855-2ea1c40674acb856583159b480ba71118097d106cfcbdf9fb1bdfe299d7f056c","root"
"Equipment","0","0.000","112.2","175.8","0.000","","0.000","0.000","0.000","0","0.000","288","2014-BASE_PROCUREMENT-2014-AIRFORCE_AIRCRAFT_VOL1-PROCUREMENT_MasterJustificationBook_Air_Force_PB_2014.zzz_unzipped-PROCUREMENT_MasterJustificationBook_Air_Force_PB_2014.xml","29104156e060cc3a07cecaaddf8abdc61858a2c3f3cfbae6621a8cd74336ce3c","0-a710d356b13564340b9d1ea08aadaf34739a4f88fb860e23d042a97a3332ae3c","","","","","","","","","","","","","","","1903-610f6df30da4256d78d1acbf03400f4741eefff74397efae1971ae344a7ce771","root"
"Airframe T.L.","0","165.203","22.453","0","0","0","","","","","","","2014-BASE_PROCUREMENT-2014-NAVY_AIRCRAFT_BA1-4-PROCUREMENT_JustificationBook_Navy_PB_2014.zzz_unzipped-PROCUREMENT_JustificationBook_Navy_PB_2014.xml","59eb071a2b8c27825df619eb2437ee7c5c84f3ba541674a32571545b2cf94550","0-0e1f446ea9d90988cc37134d9e088a19b64fb3676437cbc8f7b3d19732fbcf1c","1","See End Item P5A","See End Item P5A","38","","","","38","","","","","","","2720-9e6ef78cb87edfa81188417bf5b55e689fe0b23f73539154f79c48d54891d18c","root"
"UH-1Y Cabin Materials","0","48.072","23.813","27.864","28.416","0","","","","","","","2014-BASE_PROCUREMENT-2014-NAVY_AIRCRAFT_BA1-4-PROCUREMENT_JustificationBook_Navy_PB_2014.zzz_unzipped-PROCUREMENT_JustificationBook_Navy_PB_2014.xml","7fa98ebdf00716dac253784ec3c8e6d0fdbc0d8a1c13700e5d8d3eb0e6053267","0-d10e301abb3f18db6b32c5e140956afd105b03c2be443e6a418c10f669224368","0","See End Item P5A","See End Item P5A","28","","","","28","","","","","","","2722-45e0a7a5cfdb45426e99b9fc12b6553ca383100b0652f1f069253f70f44e6038","root"
"AH-1Z Cabin Materials","0","36.643","20.411","26.471","26.995","0","","","","","","","2014-BASE_PROCUREMENT-2014-NAVY_AIRCRAFT_BA1-4-PROCUREMENT_JustificationBook_Navy_PB_2014.zzz_unzipped-PROCUREMENT_JustificationBook_Navy_PB_2014.xml","7fa98ebdf00716dac253784ec3c8e6d0fdbc0d8a1c13700e5d8d3eb0e6053267","1-33a83e9abffbbec1e0e3429859d58b06b75eb2ebbf8d1b925062aeef4f556958","0","See End Item P5A","See End Item P5A","38","","","","38","","","","","","","2722-45e0a7a5cfdb45426e99b9fc12b6553ca383100b0652f1f069253f70f44e6038","root"
"Dynamic Component Parts","8","7.676","3.969","4.876","4.973","0","","","","","","","2014-BASE_PROCUREMENT-2014-NAVY_AIRCRAFT_BA1-4-PROCUREMENT_JustificationBook_Navy_PB_2014.zzz_unzipped-PROCUREMENT_JustificationBook_Navy_PB_2014.xml","7fa98ebdf00716dac253784ec3c8e6d0fdbc0d8a1c13700e5d8d3eb0e6053267","2-ec4666d285c3c945cb3732cd1ec0bdfd1049519c0fef1e23d6f67069eed8e8fd","0","See End Item P5A","See End Item P5A","28","","","","28","","","","","","","2722-45e0a7a5cfdb45426e99b9fc12b6553ca383100b0652f1f069253f70f44e6038","root"
"Other (forgings, bearings, shafts, castings, bolts, pins, etc.)","13","16.228","8.557","10.447","10.616","0","","","","","","","2014-BASE_PROCUREMENT-2014-NAVY_AIRCRAFT_BA1-4-PROCUREMENT_JustificationBook_Navy_PB_2014.zzz_unzipped-PROCUREMENT_JustificationBook_Navy_PB_2014.xml","7fa98ebdf00716dac253784ec3c8e6d0fdbc0d8a1c13700e5d8d3eb0e6053267","3-bd6210183799b821c1efc960bf0a50f57dafc3b32fd895d553daf4d147b92246","0","See End Item P5A","See End Item P5A","28","","","","28","","","","","","","2722-45e0a7a5cfdb45426e99b9fc12b6553ca383100b0652f1f069253f70f44e6038","root"
"CFE - Airframe T.L.","0","317.443","","","0","0","","","","","","","2014-BASE_PROCUREMENT-2014-NAVY_AIRCRAFT_BA1-4-PROCUREMENT_JustificationBook_Navy_PB_2014.zzz_unzipped-PROCUREMENT_JustificationBook_Navy_PB_2014.xml","d9f1e0fb0d1c8f37f7cf1fb8789cbe4e3f3cf2139c15aa9e23860a1278ea6cc4","0-2c0a7fbda3088cffd9290da3e812315d9c69c299f157b18f8681c9779fc60c91","1","See End Item P5A","See End Item P5A","19","","","","19","","","","","","","2724-582778c1ef1c23e10649bb67e61153a2591f94f8c71a5c7856b61be09a2e4d9b","root"
"Airframe for FY12 EOQ/Long Lead","0","23.585","","","0","0","","","","","","","2014-BASE_PROCUREMENT-2014-NAVY_AIRCRAFT_BA1-4-PROCUREMENT_JustificationBook_Navy_PB_2014.zzz_unzipped-PROCUREMENT_JustificationBook_Navy_PB_2014.xml","d9f1e0fb0d1c8f37f7cf1fb8789cbe4e3f3cf2139c15aa9e23860a1278ea6cc4","1-68b61bbdba3b4f6cb33a06a514a71040a3270a56486d09385e89ba958523619b","1","See End Item P5A","See End Item P5A","19","","","","19","","","","","","","2724-582778c1ef1c23e10649bb67e61153a2591f94f8c71a5c7856b61be09a2e4d9b","root"
"Airframe for FY13 EOQ/Long Lead","0","","24.053","","0","0","","","","","","","2014-BASE_PROCUREMENT-2014-NAVY_AIRCRAFT_BA1-4-PROCUREMENT_JustificationBook_Navy_PB_2014.zzz_unzipped-PROCUREMENT_JustificationBook_Navy_PB_2014.xml","d9f1e0fb0d1c8f37f7cf1fb8789cbe4e3f3cf2139c15aa9e23860a1278ea6cc4","2-fb751afd897e436df8edd4074e5b26866787b0ffba1a1490495d3e4bff504921","1","See End Item P5A","See End Item P5A","19","","","","19","","","","","","","2724-582778c1ef1c23e10649bb67e61153a2591f94f8c71a5c7856b61be09a2e4d9b","root"
"Airframe for FY14 EOQ/Long Lead","0","","2.207","24.505","0","0","","","","","","","2014-BASE_PROCUREMENT-2014-NAVY_AIRCRAFT_BA1-4-PROCUREMENT_JustificationBook_Navy_PB_2014.zzz_unzipped-PROCUREMENT_JustificationBook_Navy_PB_2014.xml","d9f1e0fb0d1c8f37f7cf1fb8789cbe4e3f3cf2139c15aa9e23860a1278ea6cc4","3-33667340105235c82607a13826c4c2830fa48eac3cabbb0707930c3fe9138f27","1","See End Item P5A","See End Item P5A","19","","","","19","","","","","","","2724-582778c1ef1c23e10649bb67e61153a2591f94f8c71a5c7856b61be09a2e4d9b","root"
"Airframe for FY15 EOQ/Long Lead","0","","0.981","0.865","11.157","0","","","","","","","2014-BASE_PROCUREMENT-2014-NAVY_AIRCRAFT_BA1-4-PROCUREMENT_JustificationBook_Navy_PB_2014.zzz_unzipped-PROCUREMENT_JustificationBook_Navy_PB_2014.xml","d9f1e0fb0d1c8f37f7cf1fb8789cbe4e3f3cf2139c15aa9e23860a1278ea6cc4","4-e99eef6cb285d182ce99ed21db98a2f4f26265c84f331aeb5a472ce27cdb3ac7","1","See End Item P5A","See End Item P5A","19","","","","19","","","","","","","2724-582778c1ef1c23e10649bb67e61153a2591f94f8c71a5c7856b61be09a2e4d9b","root"
"CFE - Airframe T.L.","0","376.326","","","0","0","","","","","","","2014-BASE_PROCUREMENT-2014-NAVY_AIRCRAFT_BA1-4-PROCUREMENT_JustificationBook_Navy_PB_2014.zzz_unzipped-PROCUREMENT_JustificationBook_Navy_PB_2014.xml","fca80c4a5bf23e192e9420dded4f49a1b46495e610d6495e88d6fe525d380853","0-be95d89f91dca37d426f7c6ef3641a195a8a66b181ab7e86a3fe2ffaac8e9380","1","See End Item P5A","See End Item P5A","25","","","","25","","","","","","","2726-5b06bcbd340cc87bcdea537bf54b2fe4f825de3835f1b89b130505c73e977366","root"
"CC/Avionics - T.L./Other","0","554.46","","","0","0","","","","","","","2014-BASE_PROCUREMENT-2014-NAVY_AIRCRAFT_BA1-4-PROCUREMENT_JustificationBook_Navy_PB_2014.zzz_unzipped-PROCUREMENT_JustificationBook_Navy_PB_2014.xml","fca80c4a5bf23e192e9420dded4f49a1b46495e610d6495e88d6fe525d380853","1-c21256bc9e548cd6cc64d3a5db2e2b7418a32eaf5a47c86b661551dfc44cf7e2","1","See End Item P5A","See End Item P5A","32","","","","32","","","","","","","2726-5b06bcbd340cc87bcdea537bf54b2fe4f825de3835f1b89b130505c73e977366","root"
"CFE - Airframe T.L.","0","433.869","244.894","325.679","313.16","16","","","","","","","2014-BASE_PROCUREMENT-2014-NAVY_AIRCRAFT_BA1-4-PROCUREMENT_JustificationBook_Navy_PB_2014.zzz_unzipped-PROCUREMENT_JustificationBook_Navy_PB_2014.xml","9153159fe86babf2338e4b160b0225ad806515ca1ccc0dbf362bf9b5e04bfffb","0-0221a03de4e3c6e2982ea0be5bb38eec31db69b5868570ebe792ba746dd43680","0","See End Item P5A","See End Item P5A","35","","","","35","","","","","","","2728-a51d10e88d107198b14696775e12eea6d4b8dfa4ff505e81b52f41199ab9c79d","root"
"CFE - Airframe T.L.","0","480.537","157.942","123.179","0","0","","","","","","","2014-BASE_PROCUREMENT-2014-NAVY_AIRCRAFT_BA1-4-PROCUREMENT_JustificationBook_Navy_PB_2014.zzz_unzipped-PROCUREMENT_JustificationBook_Navy_PB_2014.xml","0665cc0483394d06f3f23a211d09a0bac88f7a74f6e6df002dd9f2bcbf15f4e0","0-b9e1fc0a35f6ace1ce4ad85e73e38e81443acc7b603af3304bae8ac5f27d8e33","1","See End Item P5A","See End Item P5A","39","","","","39","","","","","","","2730-4fbb59f6a8ee45f8c0facb770b912f3f29262799031117dd3a86f238dcb76a10","root"
"Prior Years EOQ/Long Lead","0","538.598","","","0","0","","","","","","","2014-BASE_PROCUREMENT-2014-NAVY_AIRCRAFT_BA1-4-PROCUREMENT_JustificationBook_Navy_PB_2014.zzz_unzipped-PROCUREMENT_JustificationBook_Navy_PB_2014.xml","0665cc0483394d06f3f23a211d09a0bac88f7a74f6e6df002dd9f2bcbf15f4e0","1-c596b55bb030ced9355d1a816936dde18cd0a4d5f58dd95dcbea499e997c6b96","1","See End Item P5A","See End Item P5A","39","","","","39","","","","","","","2730-4fbb59f6a8ee45f8c0facb770b912f3f29262799031117dd3a86f238dcb76a10","root"
"For FY 2015 EOQ/Long Lead","0","","","","128.419","0","","","","","","","2014-BASE_PROCUREMENT-2014-NAVY_AIRCRAFT_BA1-4-PROCUREMENT_JustificationBook_Navy_PB_2014.zzz_unzipped-PROCUREMENT_JustificationBook_Navy_PB_2014.xml","0665cc0483394d06f3f23a211d09a0bac88f7a74f6e6df002dd9f2bcbf15f4e0","2-fba62e61aa87e0b0b166fafab1d1a756f06c83b746bdc16011ae161dccd52f57","1","See End Item P5A","See End Item P5A","39","","","","39","","","","","","","2730-4fbb59f6a8ee45f8c0facb770b912f3f29262799031117dd3a86f238dcb76a10","root"
"For FY 2016 EOQ/Long Lead","0","","","","51.007","0","","","","","","","2014-BASE_PROCUREMENT-2014-NAVY_AIRCRAFT_BA1-4-PROCUREMENT_JustificationBook_Navy_PB_2014.zzz_unzipped-PROCUREMENT_JustificationBook_Navy_PB_2014.xml","0665cc0483394d06f3f23a211d09a0bac88f7a74f6e6df002dd9f2bcbf15f4e0","3-7c34317b3598c92a0758ae1f294dda221f0a629ad1dd6339d90ab0077bbb6918","1","See End Item P5A","See End Item P5A","39","","","","39","","","","","","","2730-4fbb59f6a8ee45f8c0facb770b912f3f29262799031117dd3a86f238dcb76a10","root"
"For FY 2017 EOQ/Long Lead","0","","","","44.108","0","","","","","","","2014-BASE_PROCUREMENT-2014-NAVY_AIRCRAFT_BA1-4-PROCUREMENT_JustificationBook_Navy_PB_2014.zzz_unzipped-PROCUREMENT_JustificationBook_Navy_PB_2014.xml","0665cc0483394d06f3f23a211d09a0bac88f7a74f6e6df002dd9f2bcbf15f4e0","4-70c0ae3f2e539f1c65d222299fe174b28f0cd0027c4d8970568048689435208b","1","See End Item P5A","See End Item P5A","39","","","","39","","","","","","","2730-4fbb59f6a8ee45f8c0facb770b912f3f29262799031117dd3a86f238dcb76a10","root"
"For FY 2018 EOQ/Long Lead","0","","","","43.008","0","","","","","","","2014-BASE_PROCUREMENT-2014-NAVY_AIRCRAFT_BA1-4-PROCUREMENT_JustificationBook_Navy_PB_2014.zzz_unzipped-PROCUREMENT_JustificationBook_Navy_PB_2014.xml","0665cc0483394d06f3f23a211d09a0bac88f7a74f6e6df002dd9f2bcbf15f4e0","5-6f3c0db5864dd2b8c4ca2c2bb63418f44d294d8a78bac2b7c40fcc8339aff68c","1","See End Item P5A","See End Item P5A","39","","","","39","","","","","","","2730-4fbb59f6a8ee45f8c0facb770b912f3f29262799031117dd3a86f238dcb76a10","root"
"For FY 2019 EOQ/Long Lead","0","","","","0","0","","","","","","","2014-BASE_PROCUREMENT-2014-NAVY_AIRCRAFT_BA1-4-PROCUREMENT_JustificationBook_Navy_PB_2014.zzz_unzipped-PROCUREMENT_JustificationBook_Navy_PB_2014.xml","0665cc0483394d06f3f23a211d09a0bac88f7a74f6e6df002dd9f2bcbf15f4e0","6-01f717ae871b79f17029db10fd296192216f0ea7db3877d7fd96b799a0a8e18b","1","See End Item P5A","See End Item P5A","39","","","","39","","","","","","","2730-4fbb59f6a8ee45f8c0facb770b912f3f29262799031117dd3a86f238dcb76a10","root"
"CFE - Airframe T.L.","0","197.835","0","20","10.4","2","","","","","","","2014-BASE_PROCUREMENT-2014-NAVY_AIRCRAFT_BA1-4-PROCUREMENT_JustificationBook_Navy_PB_2014.zzz_unzipped-PROCUREMENT_JustificationBook_Navy_PB_2014.xml","2ca0b177ff5773179adc68e99a8aa14d5082a81544df1d5d478b6a1901815e1a","0-9fdfa8c7e529050ad6db5c81e0766c9a5227f5cf72900664d14c035e09810f6a","0","See End Item P5A","See End Item P5A","36","","","","36","","","","","","","2734-589d27ecf8d6e199c9e3b8475415ff6b5ba59a1dc3b208db689801ddf2d34acb","root"
"CFE - Airframe T.L.","0","","","51.124","52.002","0","","","","","","","2014-BASE_PROCUREMENT-2014-NAVY_AIRCRAFT_BA1-4-PROCUREMENT_JustificationBook_Navy_PB_2014.zzz_unzipped-PROCUREMENT_JustificationBook_Navy_PB_2014.xml","64929e2f3b423b633d4163e755851b1fd905e7aae3c16591258a0272ed89fca7","0-adefbb2510c26306c5bbec1c603865c2acb7c1fbd6fa5c930ef4d53e607e6c7a","0","See End Item P5A","See End Item P5A","27","","","","27","","","","","","","2736-9c69c8ee5ceef3f79fb1ad27351cd49469445117e128fddc4797e741a6bda3d2","root"
"Airframe T.L.","0","871.603","50.514","27.787","0","0","","","","","","","2014-BASE_PROCUREMENT-2014-NAVY_AIRCRAFT_BA1-4-PROCUREMENT_JustificationBook_Navy_PB_2014.zzz_unzipped-PROCUREMENT_JustificationBook_Navy_PB_2014.xml","049cb91018f89e9c503e94cc8bbd5cb09e1075dae1b2910caf7d2d2f90fe1cc2","0-78a1b7ea1e01a037ad1ef9336cd96e99157f2c8a1ba756f999b2a044ead337f2","1","See End Item P5A","See End Item P5A","35","","","","35","","","","","","","2740-d8735c3f071ea8953d9b93eab148508d4fc4247f6297aa4ec775f58bf25494c9","root"
"CFE- Airframe T. L.","0","691.621","85.071","59.314","85.289","4","","","","","","","2014-BASE_PROCUREMENT-2014-NAVY_AIRCRAFT_BA1-4-PROCUREMENT_JustificationBook_Navy_PB_2014.zzz_unzipped-PROCUREMENT_JustificationBook_Navy_PB_2014.xml","f49d6e455d4d07bc582f76515e80682a468b3173944aca0167c23cde3c9c266d","0-0a7ecff54664b18295bd8abf936c3714dfc3265a62b5b999a3f0c7c43c0e3b1c","1","See End Item P5A","See End Item P5A","36","","","","36","","","","","","","2742-1545d8c858eb21dff6ab4a534dd91c84375cdeb466cc0025aefcc9278d3d320f","root"
"CFE-Airframe T.L.","0","443.407","91.439","84.959","82.556","6","","","","","","","2014-BASE_PROCUREMENT-2014-NAVY_AIRCRAFT_BA1-4-PROCUREMENT_JustificationBook_Navy_PB_2014.zzz_unzipped-PROCUREMENT_JustificationBook_Navy_PB_2014.xml","c580d71111988ee8091a7769091dbf3b7f66dcdd6bb7f463ae21ffa990ebfa68","0-457d17183ce942b0d569fac4458426f34504c1bc5a60084bd2eda2fe41446628","1","See End Item P5A","See End Item P5A","36","","","","36","","","","","","","2744-2e5e817dd87dc7b5cd980f383b3d69967e8a735fb66267f900b3f20ea216e647","root"
"Prior Years EOQ/Long Lead","0","1128.534","","","0","0","","","","","","","2014-BASE_PROCUREMENT-2014-NAVY_AIRCRAFT_BA1-4-PROCUREMENT_JustificationBook_Navy_PB_2014.zzz_unzipped-PROCUREMENT_JustificationBook_Navy_PB_2014.xml","548502376cfb19caab6522063ca08ecec5f9aeace484fcfe2ccf2e4ec8f531b1","0-cd05f5c649f099746c669200d4d136d9fcdbcdd17333d187c9063b1b5a185d15","0","See End Item P5A","See End Item P5A","0","","","","0","","","","","","","2746-1891c80c769fead9457a9fb60513afa38f70abf481334ecc93892b9c8c18bd89","root"
"For FY 13 EOQ/Long Lead","0","","59.073","","0","0","","","","","","","2014-BASE_PROCUREMENT-2014-NAVY_AIRCRAFT_BA1-4-PROCUREMENT_JustificationBook_Navy_PB_2014.zzz_unzipped-PROCUREMENT_JustificationBook_Navy_PB_2014.xml","548502376cfb19caab6522063ca08ecec5f9aeace484fcfe2ccf2e4ec8f531b1","1-542ebf5360f0446df502c13f90e3f976c3a1cf71695dbf417fa8822f11335cc3","0","See End Item P5A","See End Item P5A","0","","","","0","","","","","","","2746-1891c80c769fead9457a9fb60513afa38f70abf481334ecc93892b9c8c18bd89","root"
"For FY 14 EOQ/Long Lead","0","","","64.798","0","0","","","","","","","2014-BASE_PROCUREMENT-2014-NAVY_AIRCRAFT_BA1-4-PROCUREMENT_JustificationBook_Navy_PB_2014.zzz_unzipped-PROCUREMENT_JustificationBook_Navy_PB_2014.xml","548502376cfb19caab6522063ca08ecec5f9aeace484fcfe2ccf2e4ec8f531b1","2-632431f3488a5926fa7a9731e1c1802d60623082f23080965ab8cf4ddb29afaa","0","See End Item P5A","See End Item P5A","0","","","","0","","","","","","","2746-1891c80c769fead9457a9fb60513afa38f70abf481334ecc93892b9c8c18bd89","root"
"For FY 15 EOQ/Long Lead","0","","","31.756","40.017","0","","","","","","","2014-BASE_PROCUREMENT-2014-NAVY_AIRCRAFT_BA1-4-PROCUREMENT_JustificationBook_Navy_PB_2014.zzz_unzipped-PROCUREMENT_JustificationBook_Navy_PB_2014.xml","548502376cfb19caab6522063ca08ecec5f9aeace484fcfe2ccf2e4ec8f531b1","3-6fa284be5925001e407c9e40dd7bf09ecbc3ae386f417570347d0ae45ea89941","0","See End Item P5A","See End Item P5A","0","","","","0","","","","","","","2746-1891c80c769fead9457a9fb60513afa38f70abf481334ecc93892b9c8c18bd89","root"
"For FY 16 EOQ/Long Lead","0","","","29.6","5.898","0","","","","","","","2014-BASE_PROCUREMENT-2014-NAVY_AIRCRAFT_BA1-4-PROCUREMENT_JustificationBook_Navy_PB_2014.zzz_unzipped-PROCUREMENT_JustificationBook_Navy_PB_2014.xml","548502376cfb19caab6522063ca08ecec5f9aeace484fcfe2ccf2e4ec8f531b1","4-7fb5505ac778e0e6a2529f48972a77ab0812a1829c5756afe48faf267f74ea3d","0","See End Item P5A","See End Item P5A","0","","","","0","","","","","","","2746-1891c80c769fead9457a9fb60513afa38f70abf481334ecc93892b9c8c18bd89","root"
"For FY 17 EOQ/Long Lead","0","","","22.324","3.546","0","","","","","","","2014-BASE_PROCUREMENT-2014-NAVY_AIRCRAFT_BA1-4-PROCUREMENT_JustificationBook_Navy_PB_2014.zzz_unzipped-PROCUREMENT_JustificationBook_Navy_PB_2014.xml","548502376cfb19caab6522063ca08ecec5f9aeace484fcfe2ccf2e4ec8f531b1","5-35a88093b4dd8886c3200f83fd548c9c5f78cd691b85d3ba446e0b247e538669","0","See End Item P5A","See End Item P5A","0","","","","0","","","","","","","2746-1891c80c769fead9457a9fb60513afa38f70abf481334ecc93892b9c8c18bd89","root"
"For FY 18 EOQ/Long Lead","0","","","","0","0","","","","","","","2014-BASE_PROCUREMENT-2014-NAVY_AIRCRAFT_BA1-4-PROCUREMENT_JustificationBook_Navy_PB_2014.zzz_unzipped-PROCUREMENT_JustificationBook_Navy_PB_2014.xml","548502376cfb19caab6522063ca08ecec5f9aeace484fcfe2ccf2e4ec8f531b1","6-9bc9f8299a4fab0d606c4ccd24bf548b7de93db26f53376b114567139a7c675e","0","See End Item P5A","See End Item P5A","0","","","","0","","","","","","","2746-1891c80c769fead9457a9fb60513afa38f70abf481334ecc93892b9c8c18bd89","root"
"For FY 19 EOQ/Long Lead","0","","","","0","0","","","","","","","2014-BASE_PROCUREMENT-2014-NAVY_AIRCRAFT_BA1-4-PROCUREMENT_JustificationBook_Navy_PB_2014.zzz_unzipped-PROCUREMENT_JustificationBook_Navy_PB_2014.xml","548502376cfb19caab6522063ca08ecec5f9aeace484fcfe2ccf2e4ec8f531b1","7-20037c322c6d89d5b257e46013206f69023ce7c8a85fe42f1a312b89d0a1db4c","0","See End Item P5A","See End Item P5A","0","","","","0","","","","","","","2746-1891c80c769fead9457a9fb60513afa38f70abf481334ecc93892b9c8c18bd89","root"
"To Complete EOQ/Long Lead","0","","","","0","0","","","","","","","2014-BASE_PROCUREMENT-2014-NAVY_AIRCRAFT_BA1-4-PROCUREMENT_JustificationBook_Navy_PB_2014.zzz_unzipped-PROCUREMENT_JustificationBook_Navy_PB_2014.xml","548502376cfb19caab6522063ca08ecec5f9aeace484fcfe2ccf2e4ec8f531b1","8-95b07a26e3bd242aaeb538bcba7f6c3aae393a1bae3438210f5c20957fbf216a","0","See End Item P5A","See End Item P5A","0","","","","0","","","","","","","2746-1891c80c769fead9457a9fb60513afa38f70abf481334ecc93892b9c8c18bd89","root"
"Airframe T.L.","0","165.203","22.453","0","0","0","","","","","","","2014-BASE_PROCUREMENT-2014-NAVY_AIRCRAFT_BA7-PROCUREMENT_MasterJustificationBook_Navy_PB_2014.zzz_unzipped-PROCUREMENT_MasterJustificationBook_Navy_PB_2014.xml","fc4b633568d09aa78acf18bb3a1378b7461e8def6999ee372311daf44c967cce","0-d72743b17a406a3115717a37add42f9c3197853bb94743f693397873de70076f","1","See End Item P5A","See End Item P5A","38","","","","38","","","","","","","2790-a8f1fdcb6ff05fd20ce8357e89def8124eb4a83528313bf4060e99229d7f47b6","root"
"UH-1Y Cabin Materials","0","48.072","23.813","27.864","28.416","0","","","","","","","2014-BASE_PROCUREMENT-2014-NAVY_AIRCRAFT_BA7-PROCUREMENT_MasterJustificationBook_Navy_PB_2014.zzz_unzipped-PROCUREMENT_MasterJustificationBook_Navy_PB_2014.xml","912a0777608d20b2121a6300558e1d0534b143ba812d36c1f1c4cf1a32ae3eba","0-f2c2667d3250e7df28431b4e98107fdd9f9fa8cb8d54e6e1c96c75979e5afbfa","0","See End Item P5A","See End Item P5A","28","","","","28","","","","","","","2792-452cade7f0d9a45467c3dd1b89788fdd117527d15195090da02a8f7afad6a3a0","root"
"AH-1Z Cabin Materials","0","36.643","20.411","26.471","26.995","0","","","","","","","2014-BASE_PROCUREMENT-2014-NAVY_AIRCRAFT_BA7-PROCUREMENT_MasterJustificationBook_Navy_PB_2014.zzz_unzipped-PROCUREMENT_MasterJustificationBook_Navy_PB_2014.xml","912a0777608d20b2121a6300558e1d0534b143ba812d36c1f1c4cf1a32ae3eba","1-e9ea9cb49f1d70ede2fd2b2be45c13fd9302c8eea1c10b524249bf070d43b24c","0","See End Item P5A","See End Item P5A","38","","","","38","","","","","","","2792-452cade7f0d9a45467c3dd1b89788fdd117527d15195090da02a8f7afad6a3a0","root"
"Dynamic Component Parts","8","7.676","3.969","4.876","4.973","0","","","","","","","2014-BASE_PROCUREMENT-2014-NAVY_AIRCRAFT_BA7-PROCUREMENT_MasterJustificationBook_Navy_PB_2014.zzz_unzipped-PROCUREMENT_MasterJustificationBook_Navy_PB_2014.xml","912a0777608d20b2121a6300558e1d0534b143ba812d36c1f1c4cf1a32ae3eba","2-4d23925af22ae4b2f0d108451f5157f5c8c8c648e0127043425a2af40b47d330","0","See End Item P5A","See End Item P5A","28","","","","28","","","","","","","2792-452cade7f0d9a45467c3dd1b89788fdd117527d15195090da02a8f7afad6a3a0","root"
"Other (forgings, bearings, shafts, castings, bolts, pins, etc.)","13","16.228","8.557","10.447","10.616","0","","","","","","","2014-BASE_PROCUREMENT-2014-NAVY_AIRCRAFT_BA7-PROCUREMENT_MasterJustificationBook_Navy_PB_2014.zzz_unzipped-PROCUREMENT_MasterJustificationBook_Navy_PB_2014.xml","912a0777608d20b2121a6300558e1d0534b143ba812d36c1f1c4cf1a32ae3eba","3-46ce3868b6471b33f27485c3c73055b68b6bbdabbe3d33d2c9ee6bb1b71611a1","0","See End Item P5A","See End Item P5A","28","","","","28","","","","","","","2792-452cade7f0d9a45467c3dd1b89788fdd117527d15195090da02a8f7afad6a3a0","root"
"CFE - Airframe T.L.","0","317.443","","","0","0","","","","","","","2014-BASE_PROCUREMENT-2014-NAVY_AIRCRAFT_BA7-PROCUREMENT_MasterJustificationBook_Navy_PB_2014.zzz_unzipped-PROCUREMENT_MasterJustificationBook_Navy_PB_2014.xml","1c2d5511c3f630f505de429e2f146cf42b31bec595aeddf890e7246c6084e8dd","0-5a9b3a0832a144a50e2bb6e67a689670fa677e5eb97a6ae2a64bc7c7b5d20751","1","See End Item P5A","See End Item P5A","19","","","","19","","","","","","","2794-d1a3f1376fc4e15ca1f805a5b8a83bd1a92dd21b2c193bc0b9aadf65d10720b4","root"
"Airframe for FY12 EOQ/Long Lead","0","23.585","","","0","0","","","","","","","2014-BASE_PROCUREMENT-2014-NAVY_AIRCRAFT_BA7-PROCUREMENT_MasterJustificationBook_Navy_PB_2014.zzz_unzipped-PROCUREMENT_MasterJustificationBook_Navy_PB_2014.xml","1c2d5511c3f630f505de429e2f146cf42b31bec595aeddf890e7246c6084e8dd","1-fa0c04da5c1c34bd0723b68722209bac3154dd36e1b25e65680f2769476fd6d6","1","See End Item P5A","See End Item P5A","19","","","","19","","","","","","","2794-d1a3f1376fc4e15ca1f805a5b8a83bd1a92dd21b2c193bc0b9aadf65d10720b4","root"
"Airframe for FY13 EOQ/Long Lead","0","","24.053","","0","0","","","","","","","2014-BASE_PROCUREMENT-2014-NAVY_AIRCRAFT_BA7-PROCUREMENT_MasterJustificationBook_Navy_PB_2014.zzz_unzipped-PROCUREMENT_MasterJustificationBook_Navy_PB_2014.xml","1c2d5511c3f630f505de429e2f146cf42b31bec595aeddf890e7246c6084e8dd","2-0f473e2d81ea93835666e3d2ce39610cf340b94b332b3d3774a36a124212bfa2","1","See End Item P5A","See End Item P5A","19","","","","19","","","","","","","2794-d1a3f1376fc4e15ca1f805a5b8a83bd1a92dd21b2c193bc0b9aadf65d10720b4","root"
"Airframe for FY14 EOQ/Long Lead","0","","2.207","24.505","0","0","","","","","","","2014-BASE_PROCUREMENT-2014-NAVY_AIRCRAFT_BA7-PROCUREMENT_MasterJustificationBook_Navy_PB_2014.zzz_unzipped-PROCUREMENT_MasterJustificationBook_Navy_PB_2014.xml","1c2d5511c3f630f505de429e2f146cf42b31bec595aeddf890e7246c6084e8dd","3-572c6309355d8421430ec0e81c56088c72d52a3ecc3830891bc3c2f17c089589","1","See End Item P5A","See End Item P5A","19","","","","19","","","","","","","2794-d1a3f1376fc4e15ca1f805a5b8a83bd1a92dd21b2c193bc0b9aadf65d10720b4","root"
"Airframe for FY15 EOQ/Long Lead","0","","0.981","0.865","11.157","0","","","","","","","2014-BASE_PROCUREMENT-2014-NAVY_AIRCRAFT_BA7-PROCUREMENT_MasterJustificationBook_Navy_PB_2014.zzz_unzipped-PROCUREMENT_MasterJustificationBook_Navy_PB_2014.xml","1c2d5511c3f630f505de429e2f146cf42b31bec595aeddf890e7246c6084e8dd","4-99a83c110cdd7832aeae495a8e705aff2661a0f2510790faab2d73209b38036d","1","See End Item P5A","See End Item P5A","19","","","","19","","","","","","","2794-d1a3f1376fc4e15ca1f805a5b8a83bd1a92dd21b2c193bc0b9aadf65d10720b4","root"
"CFE - Airframe T.L.","0","376.326","","","0","0","","","","","","","2014-BASE_PROCUREMENT-2014-NAVY_AIRCRAFT_BA7-PROCUREMENT_MasterJustificationBook_Navy_PB_2014.zzz_unzipped-PROCUREMENT_MasterJustificationBook_Navy_PB_2014.xml","1c90d81d3283c3e99adda35a80b069d543eb8eea9500f506f69fd1fd51fa4e10","0-697fc8fb03a92b601b9ed1d5a32067a50e20a6032216e3e8940f9e83ed016a7c","1","See End Item P5A","See End Item P5A","25","","","","25","","","","","","","2796-f6996a45bc5159c63bb6d885ef0a6354546da5f8b99508fbdea5b48ead9ea14b","root"
"CC/Avionics - T.L./Other","0","554.46","","","0","0","","","","","","","2014-BASE_PROCUREMENT-2014-NAVY_AIRCRAFT_BA7-PROCUREMENT_MasterJustificationBook_Navy_PB_2014.zzz_unzipped-PROCUREMENT_MasterJustificationBook_Navy_PB_2014.xml","1c90d81d3283c3e99adda35a80b069d543eb8eea9500f506f69fd1fd51fa4e10","1-71fae57e1eb0514d2ba3268dd72e48149e69427e45df9efe6ebb68a9f0befea1","1","See End Item P5A","See End Item P5A","32","","","","32","","","","","","","2796-f6996a45bc5159c63bb6d885ef0a6354546da5f8b99508fbdea5b48ead9ea14b","root"
"CFE - Airframe T.L.","0","433.869","244.894","325.679","313.16","16","","","","","","","2014-BASE_PROCUREMENT-2014-NAVY_AIRCRAFT_BA7-PROCUREMENT_MasterJustificationBook_Navy_PB_2014.zzz_unzipped-PROCUREMENT_MasterJustificationBook_Navy_PB_2014.xml","ea4fce3ec1135de06d7b597e5fd943b2e14d2b3f4efb262dcaf7727a24539c26","0-e0c92a491ee2f1681ef12971d6eb5047167650c58e7fcb9bed6cc5d64f095768","0","See End Item P5A","See End Item P5A","35","","","","35","","","","","","","2798-04dc538082c654f69857ae9e8299d2d4b20f4b17aba1a3fbd77bb4c861ec4a87","root"
"CFE - Airframe T.L.","0","480.537","157.942","123.179","0","0","","","","","","","2014-BASE_PROCUREMENT-2014-NAVY_AIRCRAFT_BA7-PROCUREMENT_MasterJustificationBook_Navy_PB_2014.zzz_unzipped-PROCUREMENT_MasterJustificationBook_Navy_PB_2014.xml","8353179a04c7e17d7f2f2e4ad66ee5f5af3581f5f21e78729bd403a1a02ea0a9","0-2e07637c2cb0769b45cd90dc08700ec1f5bc199a1b288a93977ca6a97d50244b","1","See End Item P5A","See End Item P5A","39","","","","39","","","","","","","2800-b53e05302c3f3c891397b7bb9afd37add41ef2f48c7fed94cc9237bf434fa598","root"
"Prior Years EOQ/Long Lead","0","538.598","","","0","0","","","","","","","2014-BASE_PROCUREMENT-2014-NAVY_AIRCRAFT_BA7-PROCUREMENT_MasterJustificationBook_Navy_PB_2014.zzz_unzipped-PROCUREMENT_MasterJustificationBook_Navy_PB_2014.xml","8353179a04c7e17d7f2f2e4ad66ee5f5af3581f5f21e78729bd403a1a02ea0a9","1-3aec6a7a1f1aed9d04dcda6322caa6fb88c8c139c0875e850f848dd6fbf7b6e5","1","See End Item P5A","See End Item P5A","39","","","","39","","","","","","","2800-b53e05302c3f3c891397b7bb9afd37add41ef2f48c7fed94cc9237bf434fa598","root"
"For FY 2015 EOQ/Long Lead","0","","","","128.419","0","","","","","","","2014-BASE_PROCUREMENT-2014-NAVY_AIRCRAFT_BA7-PROCUREMENT_MasterJustificationBook_Navy_PB_2014.zzz_unzipped-PROCUREMENT_MasterJustificationBook_Navy_PB_2014.xml","8353179a04c7e17d7f2f2e4ad66ee5f5af3581f5f21e78729bd403a1a02ea0a9","2-c36081595b3422546a1d41bff97600b042589043fe241e2e26cad1b94d09ea44","1","See End Item P5A","See End Item P5A","39","","","","39","","","","","","","2800-b53e05302c3f3c891397b7bb9afd37add41ef2f48c7fed94cc9237bf434fa598","root"
"For FY 2016 EOQ/Long Lead","0","","","","51.007","0","","","","","","","2014-BASE_PROCUREMENT-2014-NAVY_AIRCRAFT_BA7-PROCUREMENT_MasterJustificationBook_Navy_PB_2014.zzz_unzipped-PROCUREMENT_MasterJustificationBook_Navy_PB_2014.xml","8353179a04c7e17d7f2f2e4ad66ee5f5af3581f5f21e78729bd403a1a02ea0a9","3-aedfcc5f30a9b94ff7bf7ddc2444c2766d7d305aa505595aca74742c362f2e6b","1","See End Item P5A","See End Item P5A","39","","","","39","","","","","","","2800-b53e05302c3f3c891397b7bb9afd37add41ef2f48c7fed94cc9237bf434fa598","root"
"For FY 2017 EOQ/Long Lead","0","","","","44.108","0","","","","","","","2014-BASE_PROCUREMENT-2014-NAVY_AIRCRAFT_BA7-PROCUREMENT_MasterJustificationBook_Navy_PB_2014.zzz_unzipped-PROCUREMENT_MasterJustificationBook_Navy_PB_2014.xml","8353179a04c7e17d7f2f2e4ad66ee5f5af3581f5f21e78729bd403a1a02ea0a9","4-abcab8955a720113e62e31cf98a66d07e6c333c9ac19d379be75a0bb2edaf009","1","See End Item P5A","See End Item P5A","39","","","","39","","","","","","","2800-b53e05302c3f3c891397b7bb9afd37add41ef2f48c7fed94cc9237bf434fa598","root"
"For FY 2018 EOQ/Long Lead","0","","","","43.008","0","","","","","","","2014-BASE_PROCUREMENT-2014-NAVY_AIRCRAFT_BA7-PROCUREMENT_MasterJustificationBook_Navy_PB_2014.zzz_unzipped-PROCUREMENT_MasterJustificationBook_Navy_PB_2014.xml","8353179a04c7e17d7f2f2e4ad66ee5f5af3581f5f21e78729bd403a1a02ea0a9","5-57db732e23c00e77b9e63861c3edba5235314b7ade8f1c5b937a5ba29b157caf","1","See End Item P5A","See End Item P5A","39","","","","39","","","","","","","2800-b53e05302c3f3c891397b7bb9afd37add41ef2f48c7fed94cc9237bf434fa598","root"
"For FY 2019 EOQ/Long Lead","0","","","","0","0","","","","","","","2014-BASE_PROCUREMENT-2014-NAVY_AIRCRAFT_BA7-PROCUREMENT_MasterJustificationBook_Navy_PB_2014.zzz_unzipped-PROCUREMENT_MasterJustificationBook_Navy_PB_2014.xml","8353179a04c7e17d7f2f2e4ad66ee5f5af3581f5f21e78729bd403a1a02ea0a9","6-d6733ca76fe77b28219cc827b78e64bb82ee3a9578d25426eee2ee266ddb723c","1","See End Item P5A","See End Item P5A","39","","","","39","","","","","","","2800-b53e05302c3f3c891397b7bb9afd37add41ef2f48c7fed94cc9237bf434fa598","root"
"CFE - Airframe T.L.","0","197.835","0","20","10.4","2","","","","","","","2014-BASE_PROCUREMENT-2014-NAVY_AIRCRAFT_BA7-PROCUREMENT_MasterJustificationBook_Navy_PB_2014.zzz_unzipped-PROCUREMENT_MasterJustificationBook_Navy_PB_2014.xml","331f4e2cab57d75c268cb0cc0f51f889b76ed2c8ba621bb4d61f3e552a2f48d3","0-a81419b00accf8d41b1882b0b6794c9d198bc0377b37de267886ebf5f984a584","0","See End Item P5A","See End Item P5A","36","","","","36","","","","","","","2804-58514a65a881d4df2711e8a21c1ebe94aad46da72213c0cda23e6c26a3279b77","root"
"CFE - Airframe T.L.","0","","","51.124","52.002","0","","","","","","","2014-BASE_PROCUREMENT-2014-NAVY_AIRCRAFT_BA7-PROCUREMENT_MasterJustificationBook_Navy_PB_2014.zzz_unzipped-PROCUREMENT_MasterJustificationBook_Navy_PB_2014.xml","1c9f6ffd331ce8f038579fa5c7414d00a50411913e693158c477bb2776944535","0-cf437e19f4f352a4d67898942ecffc51ba5962a9e2d7763e909e3bb1cecb2a35","0","See End Item P5A","See End Item P5A","27","","","","27","","","","","","","2806-8276803f131d155d56fa4e3d94abf5052049b00ffc664dfed4716846bc0491a3","root"
"Airframe T.L.","0","871.603","50.514","27.787","0","0","","","","","","","2014-BASE_PROCUREMENT-2014-NAVY_AIRCRAFT_BA7-PROCUREMENT_MasterJustificationBook_Navy_PB_2014.zzz_unzipped-PROCUREMENT_MasterJustificationBook_Navy_PB_2014.xml","97ef4cf3f410d224f56ae29ea98cdf2592e9fe9b3908e3df56bf826c63de8ad7","0-9265765c30675286ba7f1a28f08a176224cf0b17dbbae9bc1efa90ee8825d049","1","See End Item P5A","See End Item P5A","35","","","","35","","","","","","","2810-f21b261250918d433c79fddefd91e5755151e076203fba6559b8ca58b8020b45","root"
"CFE- Airframe T. L.","0","691.621","85.071","59.314","85.289","4","","","","","","","2014-BASE_PROCUREMENT-2014-NAVY_AIRCRAFT_BA7-PROCUREMENT_MasterJustificationBook_Navy_PB_2014.zzz_unzipped-PROCUREMENT_MasterJustificationBook_Navy_PB_2014.xml","a7e12956f563df64212c48c1a8087a259ce9816ac86d222dc06cd0e2deeb74a4","0-ab5ec5c048883fe00b34afc63620c031b2ac03e60ab22d2ed631d0ccba71846b","1","See End Item P5A","See End Item P5A","36","","","","36","","","","","","","2812-f1378c870e8aab4b081aca63b4228e6a257a890d960bd631c1de4e9d59ca1453","root"
"CFE-Airframe T.L.","0","443.407","91.439","84.959","82.556","6","","","","","","","2014-BASE_PROCUREMENT-2014-NAVY_AIRCRAFT_BA7-PROCUREMENT_MasterJustificationBook_Navy_PB_2014.zzz_unzipped-PROCUREMENT_MasterJustificationBook_Navy_PB_2014.xml","8f506cdfed36ee72d429505445592f835a54aa1c2ef4af6afd437aa3f3a3279b","0-15980f204467b1e6c25a616c42a11232b5f88fe2be3e8fc4f57f3969518d2028","1","See End Item P5A","See End Item P5A","36","","","","36","","","","","","","2814-c23a62e26e5ec36a1168671bcf871fe6aa2f49b331095ed62b8db2c4eead01aa","root"
"Prior Years EOQ/Long Lead","0","1128.534","","","0","0","","","","","","","2014-BASE_PROCUREMENT-2014-NAVY_AIRCRAFT_BA7-PROCUREMENT_MasterJustificationBook_Navy_PB_2014.zzz_unzipped-PROCUREMENT_MasterJustificationBook_Navy_PB_2014.xml","22a8d6a2e1826466fe73cee88918ae3cb071854e21533e47aa2445e6dd37706a","0-11941f085daf1995e38d7f6775db9b06f71875629f2b38dbbefa1b08040aa69e","0","See End Item P5A","See End Item P5A","0","","","","0","","","","","","","2816-cbc49ec1fa22e95d0e60ded8404ccfcb7af407db99df3cae4dda35d54c8eb0a8","root"
"For FY 13 EOQ/Long Lead","0","","59.073","","0","0","","","","","","","2014-BASE_PROCUREMENT-2014-NAVY_AIRCRAFT_BA7-PROCUREMENT_MasterJustificationBook_Navy_PB_2014.zzz_unzipped-PROCUREMENT_MasterJustificationBook_Navy_PB_2014.xml","22a8d6a2e1826466fe73cee88918ae3cb071854e21533e47aa2445e6dd37706a","1-226911098a9f5a66447439415c491774c404c2290a35667a7bb028aa5e43e4da","0","See End Item P5A","See End Item P5A","0","","","","0","","","","","","","2816-cbc49ec1fa22e95d0e60ded8404ccfcb7af407db99df3cae4dda35d54c8eb0a8","root"
"For FY 14 EOQ/Long Lead","0","","","64.798","0","0","","","","","","","2014-BASE_PROCUREMENT-2014-NAVY_AIRCRAFT_BA7-PROCUREMENT_MasterJustificationBook_Navy_PB_2014.zzz_unzipped-PROCUREMENT_MasterJustificationBook_Navy_PB_2014.xml","22a8d6a2e1826466fe73cee88918ae3cb071854e21533e47aa2445e6dd37706a","2-0bbc4474f93c94a90f2093dc4541c0c13c4bfeaa6eeaa30ecdb18ac2f2224c91","0","See End Item P5A","See End Item P5A","0","","","","0","","","","","","","2816-cbc49ec1fa22e95d0e60ded8404ccfcb7af407db99df3cae4dda35d54c8eb0a8","root"
"For FY 15 EOQ/Long Lead","0","","","31.756","40.017","0","","","","","","","2014-BASE_PROCUREMENT-2014-NAVY_AIRCRAFT_BA7-PROCUREMENT_MasterJustificationBook_Navy_PB_2014.zzz_unzipped-PROCUREMENT_MasterJustificationBook_Navy_PB_2014.xml","22a8d6a2e1826466fe73cee88918ae3cb071854e21533e47aa2445e6dd37706a","3-70489dfe0abcc60a0ff3fd0997716ced6e3856703d445218a72ce8c928354a3e","0","See End Item P5A","See End Item P5A","0","","","","0","","","","","","","2816-cbc49ec1fa22e95d0e60ded8404ccfcb7af407db99df3cae4dda35d54c8eb0a8","root"
"For FY 16 EOQ/Long Lead","0","","","29.6","5.898","0","","","","","","","2014-BASE_PROCUREMENT-2014-NAVY_AIRCRAFT_BA7-PROCUREMENT_MasterJustificationBook_Navy_PB_2014.zzz_unzipped-PROCUREMENT_MasterJustificationBook_Navy_PB_2014.xml","22a8d6a2e1826466fe73cee88918ae3cb071854e21533e47aa2445e6dd37706a","4-ef5268c35c50aa024b30f40861c6da8cce43a7d2e49f82c4f427a340cad50d33","0","See End Item P5A","See End Item P5A","0","","","","0","","","","","","","2816-cbc49ec1fa22e95d0e60ded8404ccfcb7af407db99df3cae4dda35d54c8eb0a8","root"
"For FY 17 EOQ/Long Lead","0","","","22.324","3.546","0","","","","","","","2014-BASE_PROCUREMENT-2014-NAVY_AIRCRAFT_BA7-PROCUREMENT_MasterJustificationBook_Navy_PB_2014.zzz_unzipped-PROCUREMENT_MasterJustificationBook_Navy_PB_2014.xml","22a8d6a2e1826466fe73cee88918ae3cb071854e21533e47aa2445e6dd37706a","5-dca159c8dee781f5ec1ec0fe0fc8215028dc267722d94ea25cc6b59e66f94a06","0","See End Item P5A","See End Item P5A","0","","","","0","","","","","","","2816-cbc49ec1fa22e95d0e60ded8404ccfcb7af407db99df3cae4dda35d54c8eb0a8","root"
"For FY 18 EOQ/Long Lead","0","","","","0","0","","","","","","","2014-BASE_PROCUREMENT-2014-NAVY_AIRCRAFT_BA7-PROCUREMENT_MasterJustificationBook_Navy_PB_2014.zzz_unzipped-PROCUREMENT_MasterJustificationBook_Navy_PB_2014.xml","22a8d6a2e1826466fe73cee88918ae3cb071854e21533e47aa2445e6dd37706a","6-49e3425de6e5c6f332c9468e59d939b9c366086b445b243589ca280527dda324","0","See End Item P5A","See End Item P5A","0","","","","0","","","","","","","2816-cbc49ec1fa22e95d0e60ded8404ccfcb7af407db99df3cae4dda35d54c8eb0a8","root"
"For FY 19 EOQ/Long Lead","0","","","","0","0","","","","","","","2014-BASE_PROCUREMENT-2014-NAVY_AIRCRAFT_BA7-PROCUREMENT_MasterJustificationBook_Navy_PB_2014.zzz_unzipped-PROCUREMENT_MasterJustificationBook_Navy_PB_2014.xml","22a8d6a2e1826466fe73cee88918ae3cb071854e21533e47aa2445e6dd37706a","7-0faba66d5fc13b133b4760aae7560d26e823bf81fbd496bc36f68df60db5d0c8","0","See End Item P5A","See End Item P5A","0","","","","0","","","","","","","2816-cbc49ec1fa22e95d0e60ded8404ccfcb7af407db99df3cae4dda35d54c8eb0a8","root"
"To Complete EOQ/Long Lead","0","","","","0","0","","","","","","","2014-BASE_PROCUREMENT-2014-NAVY_AIRCRAFT_BA7-PROCUREMENT_MasterJustificationBook_Navy_PB_2014.zzz_unzipped-PROCUREMENT_MasterJustificationBook_Navy_PB_2014.xml","22a8d6a2e1826466fe73cee88918ae3cb071854e21533e47aa2445e6dd37706a","8-75b77567480a1a937795ce0d9595584ee25b89e618517eb1bb8a9a3c7e593e0c","0","See End Item P5A","See End Item P5A","0","","","","0","","","","","","","2816-cbc49ec1fa22e95d0e60ded8404ccfcb7af407db99df3cae4dda35d54c8eb0a8","root"
