[
    {
        "Name_val": "Special Test\/Special Tooling Equipment - Block I",
        "IdCode_val": "A",
        "Cost_AllPriorYears_TotalCost_val": "10.606",
        "Cost_PriorYear_TotalCost_val": "0.000",
        "Cost_CurrentYear_TotalCost_val": "0.000",
        "Cost_BudgetYearOneBase_TotalCost_val": "0.000",
        "Cost_BudgetYearOneOCO_TotalCost_val": "0.000",
        "Cost_BudgetYearOne_TotalCost_val": "0.000",
        "Cost_BudgetYearTwo_TotalCost_val": "0.000",
        "Cost_BudgetYearThree_TotalCost_val": "0.000",
        "Cost_BudgetYearFour_TotalCost_val": "0.000",
        "Cost_BudgetYearFive_TotalCost_val": "0.000",
        "Cost_ToComplete_TotalCost_val": "0.000",
        "Cost_Total_TotalCost_val": "10.606",
        "Cost_TotalCost_PriorYear_val": "",
        "Cost_TotalCost_CurrentYear_val": "",
        "Cost_TotalCost_BudgetYearOneBase_val": "",
        "Cost_TotalCost_BudgetYearOne_val": "",
        "Cost_TotalCost_BudgetYearTwo_val": "",
        "Cost_TotalCost_BudgetYearThree_val": "",
        "Cost_TotalCost_BudgetYearFour_val": "",
        "Cost_TotalCost_BudgetYearFive_val": "",
        "Cost_TotalCost_ToComplete_val": "",
        "Cost_TotalCost_Total_val": "",
        "Cost_TotalCost_AllPriorYears_val": "",
        "Cost_TotalCost_BudgetYearOneOCO_val": "",
        "@SOURCE_FILENAME": "2013-BASE_PROCUREMENT-2013-AIRFORCE_MISSILE-JustificationBook_Air_Force_PB_2013.zzz_unzipped-JustificationBook_Air_Force_PB_2013.xml",
        "@RECORDID": "8dae3db13d08cf6bae22952387d39b872a6723768b722901fc54c0d66573e52f",
        "@ROWID": "0-18ebe90dca209e172e467ef101fc7b80d4c0d91d921f8733f92b5de96f3262e5",
        "@PARENTROWID": "0-ad7c2d72c06d6546f71e0b69b60ad81ecec80b7f14782ccdfbdbcc3627102800",
        "@PARENT": "root.record.ItemExhibitList.P5Item"
    },
    {
        "Name_val": "Missile Containers - Block I",
        "IdCode_val": "A",
        "Cost_AllPriorYears_TotalCost_val": "5.666",
        "Cost_PriorYear_TotalCost_val": "0.000",
        "Cost_CurrentYear_TotalCost_val": "0.000",
        "Cost_BudgetYearOneBase_TotalCost_val": "0.000",
        "Cost_BudgetYearOneOCO_TotalCost_val": "0.000",
        "Cost_BudgetYearOne_TotalCost_val": "0.000",
        "Cost_BudgetYearTwo_TotalCost_val": "0.000",
        "Cost_BudgetYearThree_TotalCost_val": "0.000",
        "Cost_BudgetYearFour_TotalCost_val": "0.000",
        "Cost_BudgetYearFive_TotalCost_val": "0.000",
        "Cost_ToComplete_TotalCost_val": "0.000",
        "Cost_Total_TotalCost_val": "5.666",
        "Cost_TotalCost_PriorYear_val": "",
        "Cost_TotalCost_CurrentYear_val": "",
        "Cost_TotalCost_BudgetYearOneBase_val": "",
        "Cost_TotalCost_BudgetYearOne_val": "",
        "Cost_TotalCost_BudgetYearTwo_val": "",
        "Cost_TotalCost_BudgetYearThree_val": "",
        "Cost_TotalCost_BudgetYearFour_val": "",
        "Cost_TotalCost_BudgetYearFive_val": "",
        "Cost_TotalCost_ToComplete_val": "",
        "Cost_TotalCost_Total_val": "",
        "Cost_TotalCost_AllPriorYears_val": "",
        "Cost_TotalCost_BudgetYearOneOCO_val": "",
        "@SOURCE_FILENAME": "2013-BASE_PROCUREMENT-2013-AIRFORCE_MISSILE-JustificationBook_Air_Force_PB_2013.zzz_unzipped-JustificationBook_Air_Force_PB_2013.xml",
        "@RECORDID": "8dae3db13d08cf6bae22952387d39b872a6723768b722901fc54c0d66573e52f",
        "@ROWID": "1-257712d443917280f36898ff16633c250c240ae672c789ac1b5841e8a891db48",
        "@PARENTROWID": "0-ad7c2d72c06d6546f71e0b69b60ad81ecec80b7f14782ccdfbdbcc3627102800",
        "@PARENT": "root.record.ItemExhibitList.P5Item"
    },
    {
        "Name_val": "Non-Recurring Eng - Block I",
        "IdCode_val": "A",
        "Cost_AllPriorYears_TotalCost_val": "21.771",
        "Cost_PriorYear_TotalCost_val": "0.000",
        "Cost_CurrentYear_TotalCost_val": "0.000",
        "Cost_BudgetYearOneBase_TotalCost_val": "0.000",
        "Cost_BudgetYearOneOCO_TotalCost_val": "0.000",
        "Cost_BudgetYearOne_TotalCost_val": "0.000",
        "Cost_BudgetYearTwo_TotalCost_val": "0.000",
        "Cost_BudgetYearThree_TotalCost_val": "0.000",
        "Cost_BudgetYearFour_TotalCost_val": "0.000",
        "Cost_BudgetYearFive_TotalCost_val": "0.000",
        "Cost_ToComplete_TotalCost_val": "0.000",
        "Cost_Total_TotalCost_val": "21.771",
        "Cost_TotalCost_PriorYear_val": "",
        "Cost_TotalCost_CurrentYear_val": "",
        "Cost_TotalCost_BudgetYearOneBase_val": "",
        "Cost_TotalCost_BudgetYearOne_val": "",
        "Cost_TotalCost_BudgetYearTwo_val": "",
        "Cost_TotalCost_BudgetYearThree_val": "",
        "Cost_TotalCost_BudgetYearFour_val": "",
        "Cost_TotalCost_BudgetYearFive_val": "",
        "Cost_TotalCost_ToComplete_val": "",
        "Cost_TotalCost_Total_val": "",
        "Cost_TotalCost_AllPriorYears_val": "",
        "Cost_TotalCost_BudgetYearOneOCO_val": "",
        "@SOURCE_FILENAME": "2013-BASE_PROCUREMENT-2013-AIRFORCE_MISSILE-JustificationBook_Air_Force_PB_2013.zzz_unzipped-JustificationBook_Air_Force_PB_2013.xml",
        "@RECORDID": "8dae3db13d08cf6bae22952387d39b872a6723768b722901fc54c0d66573e52f",
        "@ROWID": "2-271aaadf5ab6ffaab9c26c17c3e827f813e399129ce43f01e373a5f7c792941d",
        "@PARENTROWID": "0-ad7c2d72c06d6546f71e0b69b60ad81ecec80b7f14782ccdfbdbcc3627102800",
        "@PARENT": "root.record.ItemExhibitList.P5Item"
    },
    {
        "Name_val": "Special Test\/Special Tooling Equipment - Block II",
        "IdCode_val": "B",
        "Cost_AllPriorYears_TotalCost_val": "0.000",
        "Cost_PriorYear_TotalCost_val": "3.096",
        "Cost_CurrentYear_TotalCost_val": "1.857",
        "Cost_BudgetYearOneBase_TotalCost_val": "0.405",
        "Cost_BudgetYearOneOCO_TotalCost_val": "0.000",
        "Cost_BudgetYearOne_TotalCost_val": "0.405",
        "Cost_BudgetYearTwo_TotalCost_val": "0.302",
        "Cost_BudgetYearThree_TotalCost_val": "0.304",
        "Cost_BudgetYearFour_TotalCost_val": "0.306",
        "Cost_BudgetYearFive_TotalCost_val": "0.308",
        "Cost_ToComplete_TotalCost_val": "6.367",
        "Cost_Total_TotalCost_val": "12.945",
        "Cost_TotalCost_PriorYear_val": "",
        "Cost_TotalCost_CurrentYear_val": "",
        "Cost_TotalCost_BudgetYearOneBase_val": "",
        "Cost_TotalCost_BudgetYearOne_val": "",
        "Cost_TotalCost_BudgetYearTwo_val": "",
        "Cost_TotalCost_BudgetYearThree_val": "",
        "Cost_TotalCost_BudgetYearFour_val": "",
        "Cost_TotalCost_BudgetYearFive_val": "",
        "Cost_TotalCost_ToComplete_val": "",
        "Cost_TotalCost_Total_val": "",
        "Cost_TotalCost_AllPriorYears_val": "",
        "Cost_TotalCost_BudgetYearOneOCO_val": "",
        "@SOURCE_FILENAME": "2013-BASE_PROCUREMENT-2013-AIRFORCE_MISSILE-JustificationBook_Air_Force_PB_2013.zzz_unzipped-JustificationBook_Air_Force_PB_2013.xml",
        "@RECORDID": "8dae3db13d08cf6bae22952387d39b872a6723768b722901fc54c0d66573e52f",
        "@ROWID": "3-232628350d25b96b8b7cf24d8dbc87fa22d28cc9bf00bf56c5963f29499551b7",
        "@PARENTROWID": "0-ad7c2d72c06d6546f71e0b69b60ad81ecec80b7f14782ccdfbdbcc3627102800",
        "@PARENT": "root.record.ItemExhibitList.P5Item"
    },
    {
        "Name_val": "Missile Containers - Block II",
        "IdCode_val": "B",
        "Cost_AllPriorYears_TotalCost_val": "0.000",
        "Cost_PriorYear_TotalCost_val": "0.422",
        "Cost_CurrentYear_TotalCost_val": "0.553",
        "Cost_BudgetYearOneBase_TotalCost_val": "0.678",
        "Cost_BudgetYearOneOCO_TotalCost_val": "0.000",
        "Cost_BudgetYearOne_TotalCost_val": "0.678",
        "Cost_BudgetYearTwo_TotalCost_val": "0.654",
        "Cost_BudgetYearThree_TotalCost_val": "1.088",
        "Cost_BudgetYearFour_TotalCost_val": "0.691",
        "Cost_BudgetYearFive_TotalCost_val": "0.711",
        "Cost_ToComplete_TotalCost_val": "13.539",
        "Cost_Total_TotalCost_val": "18.336",
        "Cost_TotalCost_PriorYear_val": "",
        "Cost_TotalCost_CurrentYear_val": "",
        "Cost_TotalCost_BudgetYearOneBase_val": "",
        "Cost_TotalCost_BudgetYearOne_val": "",
        "Cost_TotalCost_BudgetYearTwo_val": "",
        "Cost_TotalCost_BudgetYearThree_val": "",
        "Cost_TotalCost_BudgetYearFour_val": "",
        "Cost_TotalCost_BudgetYearFive_val": "",
        "Cost_TotalCost_ToComplete_val": "",
        "Cost_TotalCost_Total_val": "",
        "Cost_TotalCost_AllPriorYears_val": "",
        "Cost_TotalCost_BudgetYearOneOCO_val": "",
        "@SOURCE_FILENAME": "2013-BASE_PROCUREMENT-2013-AIRFORCE_MISSILE-JustificationBook_Air_Force_PB_2013.zzz_unzipped-JustificationBook_Air_Force_PB_2013.xml",
        "@RECORDID": "8dae3db13d08cf6bae22952387d39b872a6723768b722901fc54c0d66573e52f",
        "@ROWID": "4-51090a0af5f32ef330486bfdb8404465d45a62d0eef64b596f0f84d843ab2e14",
        "@PARENTROWID": "0-ad7c2d72c06d6546f71e0b69b60ad81ecec80b7f14782ccdfbdbcc3627102800",
        "@PARENT": "root.record.ItemExhibitList.P5Item"
    },
    {
        "Name_val": "Non-Recurring Engineering - Block II",
        "IdCode_val": "B",
        "Cost_AllPriorYears_TotalCost_val": "13.598",
        "Cost_PriorYear_TotalCost_val": "4.853",
        "Cost_CurrentYear_TotalCost_val": "17.478",
        "Cost_BudgetYearOneBase_TotalCost_val": "0.981",
        "Cost_BudgetYearOneOCO_TotalCost_val": "0.000",
        "Cost_BudgetYearOne_TotalCost_val": "0.981",
        "Cost_BudgetYearTwo_TotalCost_val": "0.000",
        "Cost_BudgetYearThree_TotalCost_val": "0.000",
        "Cost_BudgetYearFour_TotalCost_val": "0.000",
        "Cost_BudgetYearFive_TotalCost_val": "3.998",
        "Cost_ToComplete_TotalCost_val": "37.478",
        "Cost_Total_TotalCost_val": "78.386",
        "Cost_TotalCost_PriorYear_val": "",
        "Cost_TotalCost_CurrentYear_val": "",
        "Cost_TotalCost_BudgetYearOneBase_val": "",
        "Cost_TotalCost_BudgetYearOne_val": "",
        "Cost_TotalCost_BudgetYearTwo_val": "",
        "Cost_TotalCost_BudgetYearThree_val": "",
        "Cost_TotalCost_BudgetYearFour_val": "",
        "Cost_TotalCost_BudgetYearFive_val": "",
        "Cost_TotalCost_ToComplete_val": "",
        "Cost_TotalCost_Total_val": "",
        "Cost_TotalCost_AllPriorYears_val": "",
        "Cost_TotalCost_BudgetYearOneOCO_val": "",
        "@SOURCE_FILENAME": "2013-BASE_PROCUREMENT-2013-AIRFORCE_MISSILE-JustificationBook_Air_Force_PB_2013.zzz_unzipped-JustificationBook_Air_Force_PB_2013.xml",
        "@RECORDID": "8dae3db13d08cf6bae22952387d39b872a6723768b722901fc54c0d66573e52f",
        "@ROWID": "5-689bbe2ea06a95094bc39858d7936a5ce20fe0f5eaa9ec3b5c2f8ad149215550",
        "@PARENTROWID": "0-ad7c2d72c06d6546f71e0b69b60ad81ecec80b7f14782ccdfbdbcc3627102800",
        "@PARENT": "root.record.ItemExhibitList.P5Item"
    },
    {
        "Name_val": "1.  Containers and Cables",
        "IdCode_val": "A",
        "Cost_AllPriorYears_TotalCost_val": "0.000",
        "Cost_PriorYear_TotalCost_val": "0.814",
        "Cost_CurrentYear_TotalCost_val": "0.905",
        "Cost_BudgetYearOneBase_TotalCost_val": "0.906",
        "Cost_BudgetYearOneOCO_TotalCost_val": "0.000",
        "Cost_BudgetYearOne_TotalCost_val": "0.906",
        "Cost_BudgetYearTwo_TotalCost_val": "0.906",
        "Cost_BudgetYearThree_TotalCost_val": "0.907",
        "Cost_BudgetYearFour_TotalCost_val": "0.907",
        "Cost_BudgetYearFive_TotalCost_val": "0.907",
        "Cost_ToComplete_TotalCost_val": "6.886",
        "Cost_Total_TotalCost_val": "13.138",
        "Cost_TotalCost_PriorYear_val": "",
        "Cost_TotalCost_CurrentYear_val": "",
        "Cost_TotalCost_BudgetYearOneBase_val": "",
        "Cost_TotalCost_BudgetYearOne_val": "",
        "Cost_TotalCost_BudgetYearTwo_val": "",
        "Cost_TotalCost_BudgetYearThree_val": "",
        "Cost_TotalCost_BudgetYearFour_val": "",
        "Cost_TotalCost_BudgetYearFive_val": "",
        "Cost_TotalCost_ToComplete_val": "",
        "Cost_TotalCost_Total_val": "",
        "Cost_TotalCost_AllPriorYears_val": "",
        "Cost_TotalCost_BudgetYearOneOCO_val": "",
        "@SOURCE_FILENAME": "2013-BASE_PROCUREMENT-2013-AIRFORCE_MISSILE-JustificationBook_Air_Force_PB_2013.zzz_unzipped-JustificationBook_Air_Force_PB_2013.xml",
        "@RECORDID": "106bb334f249b7849830fc2a8d9b750d80968554ae54c7c032df86229d9dc8d5",
        "@ROWID": "0-05df20c51d80661c3698101ace01e429adbe4e2504eae54f7b9f0d3331a9facc",
        "@PARENTROWID": "0-84aa3be3ad6081aed2c2705184b12ea39b4035fa0f1fd2ca79146db8ed3aa456",
        "@PARENT": "root.record.ItemExhibitList.P5Item"
    },
    {
        "Name_val": "Special Test\/Special Tooling Equipment - Block I",
        "IdCode_val": "A",
        "Cost_AllPriorYears_TotalCost_val": "10.606",
        "Cost_PriorYear_TotalCost_val": "0.000",
        "Cost_CurrentYear_TotalCost_val": "0.000",
        "Cost_BudgetYearOneBase_TotalCost_val": "0.000",
        "Cost_BudgetYearOneOCO_TotalCost_val": "0.000",
        "Cost_BudgetYearOne_TotalCost_val": "0.000",
        "Cost_BudgetYearTwo_TotalCost_val": "0.000",
        "Cost_BudgetYearThree_TotalCost_val": "0.000",
        "Cost_BudgetYearFour_TotalCost_val": "0.000",
        "Cost_BudgetYearFive_TotalCost_val": "0.000",
        "Cost_ToComplete_TotalCost_val": "0.000",
        "Cost_Total_TotalCost_val": "10.606",
        "Cost_TotalCost_PriorYear_val": "",
        "Cost_TotalCost_CurrentYear_val": "",
        "Cost_TotalCost_BudgetYearOneBase_val": "",
        "Cost_TotalCost_BudgetYearOne_val": "",
        "Cost_TotalCost_BudgetYearTwo_val": "",
        "Cost_TotalCost_BudgetYearThree_val": "",
        "Cost_TotalCost_BudgetYearFour_val": "",
        "Cost_TotalCost_BudgetYearFive_val": "",
        "Cost_TotalCost_ToComplete_val": "",
        "Cost_TotalCost_Total_val": "",
        "Cost_TotalCost_AllPriorYears_val": "",
        "Cost_TotalCost_BudgetYearOneOCO_val": "",
        "@SOURCE_FILENAME": "2013-BASE_PROCUREMENT-2013-AIRFORCE_MISSILE-MasterJustificationBook_Air_Force_PB_2013.zzz_unzipped-MasterJustificationBook_Air_Force_PB_2013.xml",
        "@RECORDID": "b59085466dd5e913b48412ac5b92463d4bc7563b8d00212750b70963a637457a",
        "@ROWID": "0-787e97958a02913ef62ece43c5af35273ac14e4ffc59d59a6cae7b21171917aa",
        "@PARENTROWID": "0-62f2590b32569e7be74fb561493d5a91c2341ab2aebfabfaf3c0e6189233383f",
        "@PARENT": "root.record.ItemExhibitList.P5Item"
    },
    {
        "Name_val": "Missile Containers - Block I",
        "IdCode_val": "A",
        "Cost_AllPriorYears_TotalCost_val": "5.666",
        "Cost_PriorYear_TotalCost_val": "0.000",
        "Cost_CurrentYear_TotalCost_val": "0.000",
        "Cost_BudgetYearOneBase_TotalCost_val": "0.000",
        "Cost_BudgetYearOneOCO_TotalCost_val": "0.000",
        "Cost_BudgetYearOne_TotalCost_val": "0.000",
        "Cost_BudgetYearTwo_TotalCost_val": "0.000",
        "Cost_BudgetYearThree_TotalCost_val": "0.000",
        "Cost_BudgetYearFour_TotalCost_val": "0.000",
        "Cost_BudgetYearFive_TotalCost_val": "0.000",
        "Cost_ToComplete_TotalCost_val": "0.000",
        "Cost_Total_TotalCost_val": "5.666",
        "Cost_TotalCost_PriorYear_val": "",
        "Cost_TotalCost_CurrentYear_val": "",
        "Cost_TotalCost_BudgetYearOneBase_val": "",
        "Cost_TotalCost_BudgetYearOne_val": "",
        "Cost_TotalCost_BudgetYearTwo_val": "",
        "Cost_TotalCost_BudgetYearThree_val": "",
        "Cost_TotalCost_BudgetYearFour_val": "",
        "Cost_TotalCost_BudgetYearFive_val": "",
        "Cost_TotalCost_ToComplete_val": "",
        "Cost_TotalCost_Total_val": "",
        "Cost_TotalCost_AllPriorYears_val": "",
        "Cost_TotalCost_BudgetYearOneOCO_val": "",
        "@SOURCE_FILENAME": "2013-BASE_PROCUREMENT-2013-AIRFORCE_MISSILE-MasterJustificationBook_Air_Force_PB_2013.zzz_unzipped-MasterJustificationBook_Air_Force_PB_2013.xml",
        "@RECORDID": "b59085466dd5e913b48412ac5b92463d4bc7563b8d00212750b70963a637457a",
        "@ROWID": "1-25c7adfd3602a0570dd8d02f324650cea77757c04051844769aa22432e84c4a5",
        "@PARENTROWID": "0-62f2590b32569e7be74fb561493d5a91c2341ab2aebfabfaf3c0e6189233383f",
        "@PARENT": "root.record.ItemExhibitList.P5Item"
    },
    {
        "Name_val": "Non-Recurring Eng - Block I",
        "IdCode_val": "A",
        "Cost_AllPriorYears_TotalCost_val": "21.771",
        "Cost_PriorYear_TotalCost_val": "0.000",
        "Cost_CurrentYear_TotalCost_val": "0.000",
        "Cost_BudgetYearOneBase_TotalCost_val": "0.000",
        "Cost_BudgetYearOneOCO_TotalCost_val": "0.000",
        "Cost_BudgetYearOne_TotalCost_val": "0.000",
        "Cost_BudgetYearTwo_TotalCost_val": "0.000",
        "Cost_BudgetYearThree_TotalCost_val": "0.000",
        "Cost_BudgetYearFour_TotalCost_val": "0.000",
        "Cost_BudgetYearFive_TotalCost_val": "0.000",
        "Cost_ToComplete_TotalCost_val": "0.000",
        "Cost_Total_TotalCost_val": "21.771",
        "Cost_TotalCost_PriorYear_val": "",
        "Cost_TotalCost_CurrentYear_val": "",
        "Cost_TotalCost_BudgetYearOneBase_val": "",
        "Cost_TotalCost_BudgetYearOne_val": "",
        "Cost_TotalCost_BudgetYearTwo_val": "",
        "Cost_TotalCost_BudgetYearThree_val": "",
        "Cost_TotalCost_BudgetYearFour_val": "",
        "Cost_TotalCost_BudgetYearFive_val": "",
        "Cost_TotalCost_ToComplete_val": "",
        "Cost_TotalCost_Total_val": "",
        "Cost_TotalCost_AllPriorYears_val": "",
        "Cost_TotalCost_BudgetYearOneOCO_val": "",
        "@SOURCE_FILENAME": "2013-BASE_PROCUREMENT-2013-AIRFORCE_MISSILE-MasterJustificationBook_Air_Force_PB_2013.zzz_unzipped-MasterJustificationBook_Air_Force_PB_2013.xml",
        "@RECORDID": "b59085466dd5e913b48412ac5b92463d4bc7563b8d00212750b70963a637457a",
        "@ROWID": "2-5e3e68c702d290de7f1fb8748e571a463d00375e834cc45347530d07d834ee07",
        "@PARENTROWID": "0-62f2590b32569e7be74fb561493d5a91c2341ab2aebfabfaf3c0e6189233383f",
        "@PARENT": "root.record.ItemExhibitList.P5Item"
    },
    {
        "Name_val": "Special Test\/Special Tooling Equipment - Block II",
        "IdCode_val": "B",
        "Cost_AllPriorYears_TotalCost_val": "0.000",
        "Cost_PriorYear_TotalCost_val": "3.096",
        "Cost_CurrentYear_TotalCost_val": "1.857",
        "Cost_BudgetYearOneBase_TotalCost_val": "0.405",
        "Cost_BudgetYearOneOCO_TotalCost_val": "0.000",
        "Cost_BudgetYearOne_TotalCost_val": "0.405",
        "Cost_BudgetYearTwo_TotalCost_val": "0.302",
        "Cost_BudgetYearThree_TotalCost_val": "0.304",
        "Cost_BudgetYearFour_TotalCost_val": "0.306",
        "Cost_BudgetYearFive_TotalCost_val": "0.308",
        "Cost_ToComplete_TotalCost_val": "6.367",
        "Cost_Total_TotalCost_val": "12.945",
        "Cost_TotalCost_PriorYear_val": "",
        "Cost_TotalCost_CurrentYear_val": "",
        "Cost_TotalCost_BudgetYearOneBase_val": "",
        "Cost_TotalCost_BudgetYearOne_val": "",
        "Cost_TotalCost_BudgetYearTwo_val": "",
        "Cost_TotalCost_BudgetYearThree_val": "",
        "Cost_TotalCost_BudgetYearFour_val": "",
        "Cost_TotalCost_BudgetYearFive_val": "",
        "Cost_TotalCost_ToComplete_val": "",
        "Cost_TotalCost_Total_val": "",
        "Cost_TotalCost_AllPriorYears_val": "",
        "Cost_TotalCost_BudgetYearOneOCO_val": "",
        "@SOURCE_FILENAME": "2013-BASE_PROCUREMENT-2013-AIRFORCE_MISSILE-MasterJustificationBook_Air_Force_PB_2013.zzz_unzipped-MasterJustificationBook_Air_Force_PB_2013.xml",
        "@RECORDID": "b59085466dd5e913b48412ac5b92463d4bc7563b8d00212750b70963a637457a",
        "@ROWID": "3-00cf84b715b445ed710b0f67e7c49da2580a87cc7107d4aecdfb2a96c264cb9e",
        "@PARENTROWID": "0-62f2590b32569e7be74fb561493d5a91c2341ab2aebfabfaf3c0e6189233383f",
        "@PARENT": "root.record.ItemExhibitList.P5Item"
    },
    {
        "Name_val": "Missile Containers - Block II",
        "IdCode_val": "B",
        "Cost_AllPriorYears_TotalCost_val": "0.000",
        "Cost_PriorYear_TotalCost_val": "0.422",
        "Cost_CurrentYear_TotalCost_val": "0.553",
        "Cost_BudgetYearOneBase_TotalCost_val": "0.678",
        "Cost_BudgetYearOneOCO_TotalCost_val": "0.000",
        "Cost_BudgetYearOne_TotalCost_val": "0.678",
        "Cost_BudgetYearTwo_TotalCost_val": "0.654",
        "Cost_BudgetYearThree_TotalCost_val": "1.088",
        "Cost_BudgetYearFour_TotalCost_val": "0.691",
        "Cost_BudgetYearFive_TotalCost_val": "0.711",
        "Cost_ToComplete_TotalCost_val": "13.539",
        "Cost_Total_TotalCost_val": "18.336",
        "Cost_TotalCost_PriorYear_val": "",
        "Cost_TotalCost_CurrentYear_val": "",
        "Cost_TotalCost_BudgetYearOneBase_val": "",
        "Cost_TotalCost_BudgetYearOne_val": "",
        "Cost_TotalCost_BudgetYearTwo_val": "",
        "Cost_TotalCost_BudgetYearThree_val": "",
        "Cost_TotalCost_BudgetYearFour_val": "",
        "Cost_TotalCost_BudgetYearFive_val": "",
        "Cost_TotalCost_ToComplete_val": "",
        "Cost_TotalCost_Total_val": "",
        "Cost_TotalCost_AllPriorYears_val": "",
        "Cost_TotalCost_BudgetYearOneOCO_val": "",
        "@SOURCE_FILENAME": "2013-BASE_PROCUREMENT-2013-AIRFORCE_MISSILE-MasterJustificationBook_Air_Force_PB_2013.zzz_unzipped-MasterJustificationBook_Air_Force_PB_2013.xml",
        "@RECORDID": "b59085466dd5e913b48412ac5b92463d4bc7563b8d00212750b70963a637457a",
        "@ROWID": "4-cd0112ac4b0dbe2506e55765e7ca7c4762585a6bd1cdf20c0562143582b34253",
        "@PARENTROWID": "0-62f2590b32569e7be74fb561493d5a91c2341ab2aebfabfaf3c0e6189233383f",
        "@PARENT": "root.record.ItemExhibitList.P5Item"
    },
    {
        "Name_val": "Non-Recurring Engineering - Block II",
        "IdCode_val": "B",
        "Cost_AllPriorYears_TotalCost_val": "13.598",
        "Cost_PriorYear_TotalCost_val": "4.853",
        "Cost_CurrentYear_TotalCost_val": "17.478",
        "Cost_BudgetYearOneBase_TotalCost_val": "0.981",
        "Cost_BudgetYearOneOCO_TotalCost_val": "0.000",
        "Cost_BudgetYearOne_TotalCost_val": "0.981",
        "Cost_BudgetYearTwo_TotalCost_val": "0.000",
        "Cost_BudgetYearThree_TotalCost_val": "0.000",
        "Cost_BudgetYearFour_TotalCost_val": "0.000",
        "Cost_BudgetYearFive_TotalCost_val": "3.998",
        "Cost_ToComplete_TotalCost_val": "37.478",
        "Cost_Total_TotalCost_val": "78.386",
        "Cost_TotalCost_PriorYear_val": "",
        "Cost_TotalCost_CurrentYear_val": "",
        "Cost_TotalCost_BudgetYearOneBase_val": "",
        "Cost_TotalCost_BudgetYearOne_val": "",
        "Cost_TotalCost_BudgetYearTwo_val": "",
        "Cost_TotalCost_BudgetYearThree_val": "",
        "Cost_TotalCost_BudgetYearFour_val": "",
        "Cost_TotalCost_BudgetYearFive_val": "",
        "Cost_TotalCost_ToComplete_val": "",
        "Cost_TotalCost_Total_val": "",
        "Cost_TotalCost_AllPriorYears_val": "",
        "Cost_TotalCost_BudgetYearOneOCO_val": "",
        "@SOURCE_FILENAME": "2013-BASE_PROCUREMENT-2013-AIRFORCE_MISSILE-MasterJustificationBook_Air_Force_PB_2013.zzz_unzipped-MasterJustificationBook_Air_Force_PB_2013.xml",
        "@RECORDID": "b59085466dd5e913b48412ac5b92463d4bc7563b8d00212750b70963a637457a",
        "@ROWID": "5-8cc3d222c88121078f24a51ac75f323e8c37962e2ff1da77f5e06589ac9ec5a6",
        "@PARENTROWID": "0-62f2590b32569e7be74fb561493d5a91c2341ab2aebfabfaf3c0e6189233383f",
        "@PARENT": "root.record.ItemExhibitList.P5Item"
    },
    {
        "Name_val": "1.  Containers and Cables",
        "IdCode_val": "A",
        "Cost_AllPriorYears_TotalCost_val": "0.000",
        "Cost_PriorYear_TotalCost_val": "0.814",
        "Cost_CurrentYear_TotalCost_val": "0.905",
        "Cost_BudgetYearOneBase_TotalCost_val": "0.906",
        "Cost_BudgetYearOneOCO_TotalCost_val": "0.000",
        "Cost_BudgetYearOne_TotalCost_val": "0.906",
        "Cost_BudgetYearTwo_TotalCost_val": "0.906",
        "Cost_BudgetYearThree_TotalCost_val": "0.907",
        "Cost_BudgetYearFour_TotalCost_val": "0.907",
        "Cost_BudgetYearFive_TotalCost_val": "0.907",
        "Cost_ToComplete_TotalCost_val": "6.886",
        "Cost_Total_TotalCost_val": "13.138",
        "Cost_TotalCost_PriorYear_val": "",
        "Cost_TotalCost_CurrentYear_val": "",
        "Cost_TotalCost_BudgetYearOneBase_val": "",
        "Cost_TotalCost_BudgetYearOne_val": "",
        "Cost_TotalCost_BudgetYearTwo_val": "",
        "Cost_TotalCost_BudgetYearThree_val": "",
        "Cost_TotalCost_BudgetYearFour_val": "",
        "Cost_TotalCost_BudgetYearFive_val": "",
        "Cost_TotalCost_ToComplete_val": "",
        "Cost_TotalCost_Total_val": "",
        "Cost_TotalCost_AllPriorYears_val": "",
        "Cost_TotalCost_BudgetYearOneOCO_val": "",
        "@SOURCE_FILENAME": "2013-BASE_PROCUREMENT-2013-AIRFORCE_MISSILE-MasterJustificationBook_Air_Force_PB_2013.zzz_unzipped-MasterJustificationBook_Air_Force_PB_2013.xml",
        "@RECORDID": "bd94e016655fb7e8c18ca6cbc8a1281d2289738dab2784f61b0c5091b6f90251",
        "@ROWID": "0-7f98a24164207f697a00dc55980f17f841965b4697c2b5e099d0005ff1c78efe",
        "@PARENTROWID": "0-84d97b1527f63d5206b3f4628f4627af94d62749f48533a9d24ebd17978415c8",
        "@PARENT": "root.record.ItemExhibitList.P5Item"
    },
    {
        "Name_val": "Containers and Cables",
        "IdCode_val": "A",
        "Cost_AllPriorYears_TotalCost_val": "",
        "Cost_PriorYear_TotalCost_val": "",
        "Cost_CurrentYear_TotalCost_val": "",
        "Cost_BudgetYearOneBase_TotalCost_val": "",
        "Cost_BudgetYearOneOCO_TotalCost_val": "",
        "Cost_BudgetYearOne_TotalCost_val": "",
        "Cost_BudgetYearTwo_TotalCost_val": "",
        "Cost_BudgetYearThree_TotalCost_val": "",
        "Cost_BudgetYearFour_TotalCost_val": "",
        "Cost_BudgetYearFive_TotalCost_val": "",
        "Cost_ToComplete_TotalCost_val": "",
        "Cost_Total_TotalCost_val": "",
        "Cost_TotalCost_PriorYear_val": "1.696",
        "Cost_TotalCost_CurrentYear_val": "0.886",
        "Cost_TotalCost_BudgetYearOneBase_val": "0.896",
        "Cost_TotalCost_BudgetYearOne_val": "0.896",
        "Cost_TotalCost_BudgetYearTwo_val": "0.896",
        "Cost_TotalCost_BudgetYearThree_val": "0.896",
        "Cost_TotalCost_BudgetYearFour_val": "0.896",
        "Cost_TotalCost_BudgetYearFive_val": "0.896",
        "Cost_TotalCost_ToComplete_val": "4.741",
        "Cost_TotalCost_Total_val": "11.803",
        "Cost_TotalCost_AllPriorYears_val": "",
        "Cost_TotalCost_BudgetYearOneOCO_val": "",
        "@SOURCE_FILENAME": "2015-BASE_PROCUREMENT-2015-AIRFORCE_MISSILE-PROCUREMENT_JustificationBook_Air_Force_PB_2015.zzz_unzipped-PROCUREMENT_JustificationBook_Air_Force_PB_2015.xml",
        "@RECORDID": "e791207ec97797e3d4add01d11a482a385dc05778a73e6c7a0d9982bbffa533d",
        "@ROWID": "0-75f1486ed25e972d6ea221dffd9b375f0ac304faf225d6811136b2321efb1359",
        "@PARENTROWID": "0-133c780844bd528eeea5386ded678a3ce769dadc8942fdb3ec99979060c70287",
        "@PARENT": "root.record.ItemExhibitList.P5Item"
    },
    {
        "Name_val": "Containers and Cables",
        "IdCode_val": "A",
        "Cost_AllPriorYears_TotalCost_val": "",
        "Cost_PriorYear_TotalCost_val": "",
        "Cost_CurrentYear_TotalCost_val": "",
        "Cost_BudgetYearOneBase_TotalCost_val": "",
        "Cost_BudgetYearOneOCO_TotalCost_val": "",
        "Cost_BudgetYearOne_TotalCost_val": "",
        "Cost_BudgetYearTwo_TotalCost_val": "",
        "Cost_BudgetYearThree_TotalCost_val": "",
        "Cost_BudgetYearFour_TotalCost_val": "",
        "Cost_BudgetYearFive_TotalCost_val": "",
        "Cost_ToComplete_TotalCost_val": "",
        "Cost_Total_TotalCost_val": "",
        "Cost_TotalCost_PriorYear_val": "1.696",
        "Cost_TotalCost_CurrentYear_val": "0.886",
        "Cost_TotalCost_BudgetYearOneBase_val": "0.896",
        "Cost_TotalCost_BudgetYearOne_val": "0.896",
        "Cost_TotalCost_BudgetYearTwo_val": "0.896",
        "Cost_TotalCost_BudgetYearThree_val": "0.896",
        "Cost_TotalCost_BudgetYearFour_val": "0.896",
        "Cost_TotalCost_BudgetYearFive_val": "0.896",
        "Cost_TotalCost_ToComplete_val": "4.741",
        "Cost_TotalCost_Total_val": "11.803",
        "Cost_TotalCost_AllPriorYears_val": "",
        "Cost_TotalCost_BudgetYearOneOCO_val": "",
        "@SOURCE_FILENAME": "2015-BASE_PROCUREMENT-2015-AIRFORCE_MISSILE-PROCUREMENT_MasterJustificationBook_Air_Force_PB_2015.zzz_unzipped-PROCUREMENT_MasterJustificationBook_Air_Force_PB_2015.xml",
        "@RECORDID": "3e3eea93282c4f3279d4edd48276a257d03bc72b5b9b844c2237b14711e6b6db",
        "@ROWID": "0-eebdbd9d5c1b31f1a13b815c567fe7d43bba8c80f2f3d756d8dd1e5c996ae784",
        "@PARENTROWID": "0-b05742af3364ab10a5ef096aa80427b40f4ac869d33449ef9f309b03d2b51b46",
        "@PARENT": "root.record.ItemExhibitList.P5Item"
    },
    {
        "Name_val": "BA Trainers",
        "IdCode_val": "",
        "Cost_AllPriorYears_TotalCost_val": "",
        "Cost_PriorYear_TotalCost_val": "",
        "Cost_CurrentYear_TotalCost_val": "",
        "Cost_BudgetYearOneBase_TotalCost_val": "",
        "Cost_BudgetYearOneOCO_TotalCost_val": "",
        "Cost_BudgetYearOne_TotalCost_val": "",
        "Cost_BudgetYearTwo_TotalCost_val": "",
        "Cost_BudgetYearThree_TotalCost_val": "",
        "Cost_BudgetYearFour_TotalCost_val": "",
        "Cost_BudgetYearFive_TotalCost_val": "",
        "Cost_ToComplete_TotalCost_val": "",
        "Cost_Total_TotalCost_val": "",
        "Cost_TotalCost_PriorYear_val": "",
        "Cost_TotalCost_CurrentYear_val": "",
        "Cost_TotalCost_BudgetYearOneBase_val": "27.529",
        "Cost_TotalCost_BudgetYearOne_val": "27.529",
        "Cost_TotalCost_BudgetYearTwo_val": "",
        "Cost_TotalCost_BudgetYearThree_val": "",
        "Cost_TotalCost_BudgetYearFour_val": "",
        "Cost_TotalCost_BudgetYearFive_val": "",
        "Cost_TotalCost_ToComplete_val": "",
        "Cost_TotalCost_Total_val": "",
        "Cost_TotalCost_AllPriorYears_val": "",
        "Cost_TotalCost_BudgetYearOneOCO_val": "",
        "@SOURCE_FILENAME": "2018-BASE_PROCUREMENT-2018-AIRFORCE_AMMUNITION-U_PROCUREMENT_JustificationBook_Air_Force_PB_2018.zzz_unzipped-U_PROCUREMENT_JustificationBook_Air_Force_PB_2018.xml",
        "@RECORDID": "4e556b87336aa79100d4803e900d244a7156d4dd8d8f6b26cd3ec27f992e16fb",
        "@ROWID": "0-29d9a13a637a1cc681923ca363ec19c5c5488c1b586cc5476add0249ca301770",
        "@PARENTROWID": "0-252047aabd5dfb0ce3be383df2159e6a8a6ef16b9d14d60ba2ea2cc1efa16b68",
        "@PARENT": "root.record.ItemExhibitList.P5Item"
    },
    {
        "Name_val": "T&H Gear",
        "IdCode_val": "",
        "Cost_AllPriorYears_TotalCost_val": "",
        "Cost_PriorYear_TotalCost_val": "",
        "Cost_CurrentYear_TotalCost_val": "",
        "Cost_BudgetYearOneBase_TotalCost_val": "",
        "Cost_BudgetYearOneOCO_TotalCost_val": "",
        "Cost_BudgetYearOne_TotalCost_val": "",
        "Cost_BudgetYearTwo_TotalCost_val": "",
        "Cost_BudgetYearThree_TotalCost_val": "",
        "Cost_BudgetYearFour_TotalCost_val": "",
        "Cost_BudgetYearFive_TotalCost_val": "",
        "Cost_ToComplete_TotalCost_val": "",
        "Cost_Total_TotalCost_val": "",
        "Cost_TotalCost_PriorYear_val": "",
        "Cost_TotalCost_CurrentYear_val": "",
        "Cost_TotalCost_BudgetYearOneBase_val": "12.121",
        "Cost_TotalCost_BudgetYearOne_val": "12.121",
        "Cost_TotalCost_BudgetYearTwo_val": "",
        "Cost_TotalCost_BudgetYearThree_val": "",
        "Cost_TotalCost_BudgetYearFour_val": "",
        "Cost_TotalCost_BudgetYearFive_val": "",
        "Cost_TotalCost_ToComplete_val": "",
        "Cost_TotalCost_Total_val": "",
        "Cost_TotalCost_AllPriorYears_val": "",
        "Cost_TotalCost_BudgetYearOneOCO_val": "",
        "@SOURCE_FILENAME": "2018-BASE_PROCUREMENT-2018-AIRFORCE_AMMUNITION-U_PROCUREMENT_JustificationBook_Air_Force_PB_2018.zzz_unzipped-U_PROCUREMENT_JustificationBook_Air_Force_PB_2018.xml",
        "@RECORDID": "4e556b87336aa79100d4803e900d244a7156d4dd8d8f6b26cd3ec27f992e16fb",
        "@ROWID": "1-57b691e27d954a0645835717ef45615606cae0e75fe11f56e333bf4b200220bf",
        "@PARENTROWID": "0-252047aabd5dfb0ce3be383df2159e6a8a6ef16b9d14d60ba2ea2cc1efa16b68",
        "@PARENT": "root.record.ItemExhibitList.P5Item"
    },
    {
        "Name_val": "BA Trainers",
        "IdCode_val": "",
        "Cost_AllPriorYears_TotalCost_val": "",
        "Cost_PriorYear_TotalCost_val": "",
        "Cost_CurrentYear_TotalCost_val": "",
        "Cost_BudgetYearOneBase_TotalCost_val": "",
        "Cost_BudgetYearOneOCO_TotalCost_val": "",
        "Cost_BudgetYearOne_TotalCost_val": "",
        "Cost_BudgetYearTwo_TotalCost_val": "",
        "Cost_BudgetYearThree_TotalCost_val": "",
        "Cost_BudgetYearFour_TotalCost_val": "",
        "Cost_BudgetYearFive_TotalCost_val": "",
        "Cost_ToComplete_TotalCost_val": "",
        "Cost_Total_TotalCost_val": "",
        "Cost_TotalCost_PriorYear_val": "",
        "Cost_TotalCost_CurrentYear_val": "",
        "Cost_TotalCost_BudgetYearOneBase_val": "27.529",
        "Cost_TotalCost_BudgetYearOne_val": "27.529",
        "Cost_TotalCost_BudgetYearTwo_val": "",
        "Cost_TotalCost_BudgetYearThree_val": "",
        "Cost_TotalCost_BudgetYearFour_val": "",
        "Cost_TotalCost_BudgetYearFive_val": "",
        "Cost_TotalCost_ToComplete_val": "",
        "Cost_TotalCost_Total_val": "",
        "Cost_TotalCost_AllPriorYears_val": "",
        "Cost_TotalCost_BudgetYearOneOCO_val": "",
        "@SOURCE_FILENAME": "2018-BASE_PROCUREMENT-2018-AIRFORCE_AMMUNITION-U_PROCUREMENT_MasterJustificationBook_Air_Force_PB_2018.zzz_unzipped-U_PROCUREMENT_MasterJustificationBook_Air_Force_PB_2018.xml",
        "@RECORDID": "63cece1a674f1f0912ca47ccc55131b5fec02f521a4eb768eb56d7c1d9e6ec09",
        "@ROWID": "0-22bfdc078f918f5c5e9da28632c0d4335711be7e9497f066ca222f69dc47ed96",
        "@PARENTROWID": "0-02a60b1e5a3b6b0a2d5ff8fcec92e79a42acee28a2f3cce30fb650ca9503ac36",
        "@PARENT": "root.record.ItemExhibitList.P5Item"
    },
    {
        "Name_val": "T&H Gear",
        "IdCode_val": "",
        "Cost_AllPriorYears_TotalCost_val": "",
        "Cost_PriorYear_TotalCost_val": "",
        "Cost_CurrentYear_TotalCost_val": "",
        "Cost_BudgetYearOneBase_TotalCost_val": "",
        "Cost_BudgetYearOneOCO_TotalCost_val": "",
        "Cost_BudgetYearOne_TotalCost_val": "",
        "Cost_BudgetYearTwo_TotalCost_val": "",
        "Cost_BudgetYearThree_TotalCost_val": "",
        "Cost_BudgetYearFour_TotalCost_val": "",
        "Cost_BudgetYearFive_TotalCost_val": "",
        "Cost_ToComplete_TotalCost_val": "",
        "Cost_Total_TotalCost_val": "",
        "Cost_TotalCost_PriorYear_val": "",
        "Cost_TotalCost_CurrentYear_val": "",
        "Cost_TotalCost_BudgetYearOneBase_val": "12.121",
        "Cost_TotalCost_BudgetYearOne_val": "12.121",
        "Cost_TotalCost_BudgetYearTwo_val": "",
        "Cost_TotalCost_BudgetYearThree_val": "",
        "Cost_TotalCost_BudgetYearFour_val": "",
        "Cost_TotalCost_BudgetYearFive_val": "",
        "Cost_TotalCost_ToComplete_val": "",
        "Cost_TotalCost_Total_val": "",
        "Cost_TotalCost_AllPriorYears_val": "",
        "Cost_TotalCost_BudgetYearOneOCO_val": "",
        "@SOURCE_FILENAME": "2018-BASE_PROCUREMENT-2018-AIRFORCE_AMMUNITION-U_PROCUREMENT_MasterJustificationBook_Air_Force_PB_2018.zzz_unzipped-U_PROCUREMENT_MasterJustificationBook_Air_Force_PB_2018.xml",
        "@RECORDID": "63cece1a674f1f0912ca47ccc55131b5fec02f521a4eb768eb56d7c1d9e6ec09",
        "@ROWID": "1-69aa9df0528021ef9098e661740bc5f5f114bfe6f380d3363c95f7933a1c0f99",
        "@PARENTROWID": "0-02a60b1e5a3b6b0a2d5ff8fcec92e79a42acee28a2f3cce30fb650ca9503ac36",
        "@PARENT": "root.record.ItemExhibitList.P5Item"
    },
    {
        "Name_val": "Bomb Assembly (BA) Trainers",
        "IdCode_val": "",
        "Cost_AllPriorYears_TotalCost_val": "",
        "Cost_PriorYear_TotalCost_val": "",
        "Cost_CurrentYear_TotalCost_val": "",
        "Cost_BudgetYearOneBase_TotalCost_val": "",
        "Cost_BudgetYearOneOCO_TotalCost_val": "",
        "Cost_BudgetYearOne_TotalCost_val": "",
        "Cost_BudgetYearTwo_TotalCost_val": "",
        "Cost_BudgetYearThree_TotalCost_val": "",
        "Cost_BudgetYearFour_TotalCost_val": "",
        "Cost_BudgetYearFive_TotalCost_val": "",
        "Cost_ToComplete_TotalCost_val": "",
        "Cost_Total_TotalCost_val": "",
        "Cost_TotalCost_PriorYear_val": "",
        "Cost_TotalCost_CurrentYear_val": "27.529",
        "Cost_TotalCost_BudgetYearOneBase_val": "26.613",
        "Cost_TotalCost_BudgetYearOne_val": "26.613",
        "Cost_TotalCost_BudgetYearTwo_val": "",
        "Cost_TotalCost_BudgetYearThree_val": "",
        "Cost_TotalCost_BudgetYearFour_val": "",
        "Cost_TotalCost_BudgetYearFive_val": "",
        "Cost_TotalCost_ToComplete_val": "",
        "Cost_TotalCost_Total_val": "",
        "Cost_TotalCost_AllPriorYears_val": "6.511",
        "Cost_TotalCost_BudgetYearOneOCO_val": "",
        "@SOURCE_FILENAME": "2019-BASE_PROCUREMENT-2019-AIRFORCE_AMMUNITION-U_PROCUREMENT_JustificationBook_Air_Force_PB_2019.zzz_unzipped-U_PROCUREMENT_JustificationBook_Air_Force_PB_2019.xml",
        "@RECORDID": "febe812ff6da49c74047d6ca8ec01f4aa83c73b56f8c312dc3f34dd1983e8647",
        "@ROWID": "0-4a727cdea5c4295b9af9468ea20d78a81e99f375b30c04d5bdbb775dc383f97f",
        "@PARENTROWID": "0-8672750f7b94e679594701be6cbfbdbfcec63c77b5b97602a4daa6536c623eda",
        "@PARENT": "root.record.ItemExhibitList.P5Item"
    },
    {
        "Name_val": "Test Equipment (SATS)",
        "IdCode_val": "",
        "Cost_AllPriorYears_TotalCost_val": "",
        "Cost_PriorYear_TotalCost_val": "",
        "Cost_CurrentYear_TotalCost_val": "",
        "Cost_BudgetYearOneBase_TotalCost_val": "",
        "Cost_BudgetYearOneOCO_TotalCost_val": "",
        "Cost_BudgetYearOne_TotalCost_val": "",
        "Cost_BudgetYearTwo_TotalCost_val": "",
        "Cost_BudgetYearThree_TotalCost_val": "",
        "Cost_BudgetYearFour_TotalCost_val": "",
        "Cost_BudgetYearFive_TotalCost_val": "",
        "Cost_ToComplete_TotalCost_val": "",
        "Cost_Total_TotalCost_val": "",
        "Cost_TotalCost_PriorYear_val": "",
        "Cost_TotalCost_CurrentYear_val": "",
        "Cost_TotalCost_BudgetYearOneBase_val": "0.58",
        "Cost_TotalCost_BudgetYearOne_val": "0.58",
        "Cost_TotalCost_BudgetYearTwo_val": "",
        "Cost_TotalCost_BudgetYearThree_val": "",
        "Cost_TotalCost_BudgetYearFour_val": "",
        "Cost_TotalCost_BudgetYearFive_val": "",
        "Cost_TotalCost_ToComplete_val": "",
        "Cost_TotalCost_Total_val": "",
        "Cost_TotalCost_AllPriorYears_val": "",
        "Cost_TotalCost_BudgetYearOneOCO_val": "",
        "@SOURCE_FILENAME": "2019-BASE_PROCUREMENT-2019-AIRFORCE_AMMUNITION-U_PROCUREMENT_JustificationBook_Air_Force_PB_2019.zzz_unzipped-U_PROCUREMENT_JustificationBook_Air_Force_PB_2019.xml",
        "@RECORDID": "febe812ff6da49c74047d6ca8ec01f4aa83c73b56f8c312dc3f34dd1983e8647",
        "@ROWID": "1-92b6311309d94704e27d6fc599d9217dfcb37dee9b46ccf6e873ae95227251fb",
        "@PARENTROWID": "0-8672750f7b94e679594701be6cbfbdbfcec63c77b5b97602a4daa6536c623eda",
        "@PARENT": "root.record.ItemExhibitList.P5Item"
    },
    {
        "Name_val": "T&H Gear",
        "IdCode_val": "",
        "Cost_AllPriorYears_TotalCost_val": "",
        "Cost_PriorYear_TotalCost_val": "",
        "Cost_CurrentYear_TotalCost_val": "",
        "Cost_BudgetYearOneBase_TotalCost_val": "",
        "Cost_BudgetYearOneOCO_TotalCost_val": "",
        "Cost_BudgetYearOne_TotalCost_val": "",
        "Cost_BudgetYearTwo_TotalCost_val": "",
        "Cost_BudgetYearThree_TotalCost_val": "",
        "Cost_BudgetYearFour_TotalCost_val": "",
        "Cost_BudgetYearFive_TotalCost_val": "",
        "Cost_ToComplete_TotalCost_val": "",
        "Cost_Total_TotalCost_val": "",
        "Cost_TotalCost_PriorYear_val": "",
        "Cost_TotalCost_CurrentYear_val": "12.121",
        "Cost_TotalCost_BudgetYearOneBase_val": "",
        "Cost_TotalCost_BudgetYearOne_val": "",
        "Cost_TotalCost_BudgetYearTwo_val": "",
        "Cost_TotalCost_BudgetYearThree_val": "",
        "Cost_TotalCost_BudgetYearFour_val": "",
        "Cost_TotalCost_BudgetYearFive_val": "",
        "Cost_TotalCost_ToComplete_val": "",
        "Cost_TotalCost_Total_val": "",
        "Cost_TotalCost_AllPriorYears_val": "",
        "Cost_TotalCost_BudgetYearOneOCO_val": "",
        "@SOURCE_FILENAME": "2019-BASE_PROCUREMENT-2019-AIRFORCE_AMMUNITION-U_PROCUREMENT_JustificationBook_Air_Force_PB_2019.zzz_unzipped-U_PROCUREMENT_JustificationBook_Air_Force_PB_2019.xml",
        "@RECORDID": "febe812ff6da49c74047d6ca8ec01f4aa83c73b56f8c312dc3f34dd1983e8647",
        "@ROWID": "2-39c99d06840073e43ebd218e9b84f91e50ad471caa917230df813eaff660d73a",
        "@PARENTROWID": "0-8672750f7b94e679594701be6cbfbdbfcec63c77b5b97602a4daa6536c623eda",
        "@PARENT": "root.record.ItemExhibitList.P5Item"
    },
    {
        "Name_val": "Bomb Assembly (BA) Trainers",
        "IdCode_val": "",
        "Cost_AllPriorYears_TotalCost_val": "",
        "Cost_PriorYear_TotalCost_val": "",
        "Cost_CurrentYear_TotalCost_val": "",
        "Cost_BudgetYearOneBase_TotalCost_val": "",
        "Cost_BudgetYearOneOCO_TotalCost_val": "",
        "Cost_BudgetYearOne_TotalCost_val": "",
        "Cost_BudgetYearTwo_TotalCost_val": "",
        "Cost_BudgetYearThree_TotalCost_val": "",
        "Cost_BudgetYearFour_TotalCost_val": "",
        "Cost_BudgetYearFive_TotalCost_val": "",
        "Cost_ToComplete_TotalCost_val": "",
        "Cost_Total_TotalCost_val": "",
        "Cost_TotalCost_PriorYear_val": "",
        "Cost_TotalCost_CurrentYear_val": "27.529",
        "Cost_TotalCost_BudgetYearOneBase_val": "26.613",
        "Cost_TotalCost_BudgetYearOne_val": "26.613",
        "Cost_TotalCost_BudgetYearTwo_val": "",
        "Cost_TotalCost_BudgetYearThree_val": "",
        "Cost_TotalCost_BudgetYearFour_val": "",
        "Cost_TotalCost_BudgetYearFive_val": "",
        "Cost_TotalCost_ToComplete_val": "",
        "Cost_TotalCost_Total_val": "",
        "Cost_TotalCost_AllPriorYears_val": "6.511",
        "Cost_TotalCost_BudgetYearOneOCO_val": "",
        "@SOURCE_FILENAME": "2019-BASE_PROCUREMENT-2019-AIRFORCE_AMMUNITION-U_PROCUREMENT_MasterJustificationBook_Air_Force_PB_2019.zzz_unzipped-U_PROCUREMENT_MasterJustificationBook_Air_Force_PB_2019.xml",
        "@RECORDID": "c48d29353e3e6e5cf9c29adfc0105bdb804a21b25e74ec61fd9d65a6eb451eb5",
        "@ROWID": "0-fb4c737262590b892098916fbd495f10bbdec885636a11f41742bb94db12ca96",
        "@PARENTROWID": "0-306440d9fb5ff957929b2f4f1f907aa8680bad4d5d54104b960b7e19a3a09ffc",
        "@PARENT": "root.record.ItemExhibitList.P5Item"
    },
    {
        "Name_val": "Test Equipment (SATS)",
        "IdCode_val": "",
        "Cost_AllPriorYears_TotalCost_val": "",
        "Cost_PriorYear_TotalCost_val": "",
        "Cost_CurrentYear_TotalCost_val": "",
        "Cost_BudgetYearOneBase_TotalCost_val": "",
        "Cost_BudgetYearOneOCO_TotalCost_val": "",
        "Cost_BudgetYearOne_TotalCost_val": "",
        "Cost_BudgetYearTwo_TotalCost_val": "",
        "Cost_BudgetYearThree_TotalCost_val": "",
        "Cost_BudgetYearFour_TotalCost_val": "",
        "Cost_BudgetYearFive_TotalCost_val": "",
        "Cost_ToComplete_TotalCost_val": "",
        "Cost_Total_TotalCost_val": "",
        "Cost_TotalCost_PriorYear_val": "",
        "Cost_TotalCost_CurrentYear_val": "",
        "Cost_TotalCost_BudgetYearOneBase_val": "0.58",
        "Cost_TotalCost_BudgetYearOne_val": "0.58",
        "Cost_TotalCost_BudgetYearTwo_val": "",
        "Cost_TotalCost_BudgetYearThree_val": "",
        "Cost_TotalCost_BudgetYearFour_val": "",
        "Cost_TotalCost_BudgetYearFive_val": "",
        "Cost_TotalCost_ToComplete_val": "",
        "Cost_TotalCost_Total_val": "",
        "Cost_TotalCost_AllPriorYears_val": "",
        "Cost_TotalCost_BudgetYearOneOCO_val": "",
        "@SOURCE_FILENAME": "2019-BASE_PROCUREMENT-2019-AIRFORCE_AMMUNITION-U_PROCUREMENT_MasterJustificationBook_Air_Force_PB_2019.zzz_unzipped-U_PROCUREMENT_MasterJustificationBook_Air_Force_PB_2019.xml",
        "@RECORDID": "c48d29353e3e6e5cf9c29adfc0105bdb804a21b25e74ec61fd9d65a6eb451eb5",
        "@ROWID": "1-db525260fc939426355a39ce399fb7e8c0fc393b00c06b2da5504c67c2dea1c2",
        "@PARENTROWID": "0-306440d9fb5ff957929b2f4f1f907aa8680bad4d5d54104b960b7e19a3a09ffc",
        "@PARENT": "root.record.ItemExhibitList.P5Item"
    },
    {
        "Name_val": "T&H Gear",
        "IdCode_val": "",
        "Cost_AllPriorYears_TotalCost_val": "",
        "Cost_PriorYear_TotalCost_val": "",
        "Cost_CurrentYear_TotalCost_val": "",
        "Cost_BudgetYearOneBase_TotalCost_val": "",
        "Cost_BudgetYearOneOCO_TotalCost_val": "",
        "Cost_BudgetYearOne_TotalCost_val": "",
        "Cost_BudgetYearTwo_TotalCost_val": "",
        "Cost_BudgetYearThree_TotalCost_val": "",
        "Cost_BudgetYearFour_TotalCost_val": "",
        "Cost_BudgetYearFive_TotalCost_val": "",
        "Cost_ToComplete_TotalCost_val": "",
        "Cost_Total_TotalCost_val": "",
        "Cost_TotalCost_PriorYear_val": "",
        "Cost_TotalCost_CurrentYear_val": "12.121",
        "Cost_TotalCost_BudgetYearOneBase_val": "",
        "Cost_TotalCost_BudgetYearOne_val": "",
        "Cost_TotalCost_BudgetYearTwo_val": "",
        "Cost_TotalCost_BudgetYearThree_val": "",
        "Cost_TotalCost_BudgetYearFour_val": "",
        "Cost_TotalCost_BudgetYearFive_val": "",
        "Cost_TotalCost_ToComplete_val": "",
        "Cost_TotalCost_Total_val": "",
        "Cost_TotalCost_AllPriorYears_val": "",
        "Cost_TotalCost_BudgetYearOneOCO_val": "",
        "@SOURCE_FILENAME": "2019-BASE_PROCUREMENT-2019-AIRFORCE_AMMUNITION-U_PROCUREMENT_MasterJustificationBook_Air_Force_PB_2019.zzz_unzipped-U_PROCUREMENT_MasterJustificationBook_Air_Force_PB_2019.xml",
        "@RECORDID": "c48d29353e3e6e5cf9c29adfc0105bdb804a21b25e74ec61fd9d65a6eb451eb5",
        "@ROWID": "2-b7046eecc254ba78de35fb4886da2428e5fbe07454042c033c871c71425516ba",
        "@PARENTROWID": "0-306440d9fb5ff957929b2f4f1f907aa8680bad4d5d54104b960b7e19a3a09ffc",
        "@PARENT": "root.record.ItemExhibitList.P5Item"
    },
    {
        "Name_val": "Bomb Assembly (BA) Trainers",
        "IdCode_val": "",
        "Cost_AllPriorYears_TotalCost_val": "",
        "Cost_PriorYear_TotalCost_val": "",
        "Cost_CurrentYear_TotalCost_val": "",
        "Cost_BudgetYearOneBase_TotalCost_val": "",
        "Cost_BudgetYearOneOCO_TotalCost_val": "",
        "Cost_BudgetYearOne_TotalCost_val": "",
        "Cost_BudgetYearTwo_TotalCost_val": "",
        "Cost_BudgetYearThree_TotalCost_val": "",
        "Cost_BudgetYearFour_TotalCost_val": "",
        "Cost_BudgetYearFive_TotalCost_val": "",
        "Cost_ToComplete_TotalCost_val": "",
        "Cost_Total_TotalCost_val": "",
        "Cost_TotalCost_PriorYear_val": "36.68",
        "Cost_TotalCost_CurrentYear_val": "19.366",
        "Cost_TotalCost_BudgetYearOneBase_val": "0",
        "Cost_TotalCost_BudgetYearOne_val": "0.2",
        "Cost_TotalCost_BudgetYearTwo_val": "",
        "Cost_TotalCost_BudgetYearThree_val": "",
        "Cost_TotalCost_BudgetYearFour_val": "",
        "Cost_TotalCost_BudgetYearFive_val": "",
        "Cost_TotalCost_ToComplete_val": "",
        "Cost_TotalCost_Total_val": "",
        "Cost_TotalCost_AllPriorYears_val": "6.511",
        "Cost_TotalCost_BudgetYearOneOCO_val": "0.2",
        "@SOURCE_FILENAME": "2020-BASE_PROCUREMENT-2020-AIRFORCE_AMMUNITION-U_PROCUREMENT_JustificationBook_Air_Force_PB_2020.zzz_unzipped-U_PROCUREMENT_JustificationBook_Air_Force_PB_2020.xml",
        "@RECORDID": "1e63ae67232bf79d1dab02b538ecf7c46601ae68ff91e61ae778a77cc9004f0c",
        "@ROWID": "0-10f8323219d6a097a75ccf004d8400d2663649e665232be80cf8c3ef8b88d18d",
        "@PARENTROWID": "0-31a7f782a15038e867f82c79554fe28fdbf71d460fef4227bd15100b889b88bb",
        "@PARENT": "root.record.ItemExhibitList.P5Item"
    },
    {
        "Name_val": "Test Equipment (SATS)",
        "IdCode_val": "",
        "Cost_AllPriorYears_TotalCost_val": "",
        "Cost_PriorYear_TotalCost_val": "",
        "Cost_CurrentYear_TotalCost_val": "",
        "Cost_BudgetYearOneBase_TotalCost_val": "",
        "Cost_BudgetYearOneOCO_TotalCost_val": "",
        "Cost_BudgetYearOne_TotalCost_val": "",
        "Cost_BudgetYearTwo_TotalCost_val": "",
        "Cost_BudgetYearThree_TotalCost_val": "",
        "Cost_BudgetYearFour_TotalCost_val": "",
        "Cost_BudgetYearFive_TotalCost_val": "",
        "Cost_ToComplete_TotalCost_val": "",
        "Cost_Total_TotalCost_val": "",
        "Cost_TotalCost_PriorYear_val": "",
        "Cost_TotalCost_CurrentYear_val": "2.696",
        "Cost_TotalCost_BudgetYearOneBase_val": "0",
        "Cost_TotalCost_BudgetYearOne_val": "0",
        "Cost_TotalCost_BudgetYearTwo_val": "",
        "Cost_TotalCost_BudgetYearThree_val": "",
        "Cost_TotalCost_BudgetYearFour_val": "",
        "Cost_TotalCost_BudgetYearFive_val": "",
        "Cost_TotalCost_ToComplete_val": "",
        "Cost_TotalCost_Total_val": "",
        "Cost_TotalCost_AllPriorYears_val": "",
        "Cost_TotalCost_BudgetYearOneOCO_val": "",
        "@SOURCE_FILENAME": "2020-BASE_PROCUREMENT-2020-AIRFORCE_AMMUNITION-U_PROCUREMENT_JustificationBook_Air_Force_PB_2020.zzz_unzipped-U_PROCUREMENT_JustificationBook_Air_Force_PB_2020.xml",
        "@RECORDID": "1e63ae67232bf79d1dab02b538ecf7c46601ae68ff91e61ae778a77cc9004f0c",
        "@ROWID": "1-b8db04db20bfb2bc808053ee7c3398b054c6997d59d3cc816e5d581720830211",
        "@PARENTROWID": "0-31a7f782a15038e867f82c79554fe28fdbf71d460fef4227bd15100b889b88bb",
        "@PARENT": "root.record.ItemExhibitList.P5Item"
    },
    {
        "Name_val": "T&H Gear",
        "IdCode_val": "",
        "Cost_AllPriorYears_TotalCost_val": "",
        "Cost_PriorYear_TotalCost_val": "",
        "Cost_CurrentYear_TotalCost_val": "",
        "Cost_BudgetYearOneBase_TotalCost_val": "",
        "Cost_BudgetYearOneOCO_TotalCost_val": "",
        "Cost_BudgetYearOne_TotalCost_val": "",
        "Cost_BudgetYearTwo_TotalCost_val": "",
        "Cost_BudgetYearThree_TotalCost_val": "",
        "Cost_BudgetYearFour_TotalCost_val": "",
        "Cost_BudgetYearFive_TotalCost_val": "",
        "Cost_ToComplete_TotalCost_val": "",
        "Cost_Total_TotalCost_val": "",
        "Cost_TotalCost_PriorYear_val": "16.457",
        "Cost_TotalCost_CurrentYear_val": "",
        "Cost_TotalCost_BudgetYearOneBase_val": "",
        "Cost_TotalCost_BudgetYearOne_val": "",
        "Cost_TotalCost_BudgetYearTwo_val": "",
        "Cost_TotalCost_BudgetYearThree_val": "",
        "Cost_TotalCost_BudgetYearFour_val": "",
        "Cost_TotalCost_BudgetYearFive_val": "",
        "Cost_TotalCost_ToComplete_val": "",
        "Cost_TotalCost_Total_val": "",
        "Cost_TotalCost_AllPriorYears_val": "",
        "Cost_TotalCost_BudgetYearOneOCO_val": "",
        "@SOURCE_FILENAME": "2020-BASE_PROCUREMENT-2020-AIRFORCE_AMMUNITION-U_PROCUREMENT_JustificationBook_Air_Force_PB_2020.zzz_unzipped-U_PROCUREMENT_JustificationBook_Air_Force_PB_2020.xml",
        "@RECORDID": "1e63ae67232bf79d1dab02b538ecf7c46601ae68ff91e61ae778a77cc9004f0c",
        "@ROWID": "2-426bbc1dd7e407160a778e6f612f2cd1354e0ccb212d6b1f8fc5dc6b44eb131b",
        "@PARENTROWID": "0-31a7f782a15038e867f82c79554fe28fdbf71d460fef4227bd15100b889b88bb",
        "@PARENT": "root.record.ItemExhibitList.P5Item"
    },
    {
        "Name_val": "Bomb Assembly (BA) Trainers",
        "IdCode_val": "",
        "Cost_AllPriorYears_TotalCost_val": "",
        "Cost_PriorYear_TotalCost_val": "",
        "Cost_CurrentYear_TotalCost_val": "",
        "Cost_BudgetYearOneBase_TotalCost_val": "",
        "Cost_BudgetYearOneOCO_TotalCost_val": "",
        "Cost_BudgetYearOne_TotalCost_val": "",
        "Cost_BudgetYearTwo_TotalCost_val": "",
        "Cost_BudgetYearThree_TotalCost_val": "",
        "Cost_BudgetYearFour_TotalCost_val": "",
        "Cost_BudgetYearFive_TotalCost_val": "",
        "Cost_ToComplete_TotalCost_val": "",
        "Cost_Total_TotalCost_val": "",
        "Cost_TotalCost_PriorYear_val": "36.68",
        "Cost_TotalCost_CurrentYear_val": "19.366",
        "Cost_TotalCost_BudgetYearOneBase_val": "0",
        "Cost_TotalCost_BudgetYearOne_val": "0.2",
        "Cost_TotalCost_BudgetYearTwo_val": "",
        "Cost_TotalCost_BudgetYearThree_val": "",
        "Cost_TotalCost_BudgetYearFour_val": "",
        "Cost_TotalCost_BudgetYearFive_val": "",
        "Cost_TotalCost_ToComplete_val": "",
        "Cost_TotalCost_Total_val": "",
        "Cost_TotalCost_AllPriorYears_val": "6.511",
        "Cost_TotalCost_BudgetYearOneOCO_val": "0.2",
        "@SOURCE_FILENAME": "2020-BASE_PROCUREMENT-2020-AIRFORCE_AMMUNITION-U_PROCUREMENT_MasterJustificationBook_Air_Force_PB_2020.zzz_unzipped-U_PROCUREMENT_MasterJustificationBook_Air_Force_PB_2020.xml",
        "@RECORDID": "df0c24c79714db965bc49d1f6003f0cd9a2210c6efa351193d977c7178374dba",
        "@ROWID": "0-22f504648be286c41ef11a62629da0b07711c3d66e96fd1287948c2792ef1d08",
        "@PARENTROWID": "0-fb2bb33b67daacbbe0c553085fdc60ad9b36fee81c6cbbd1e59f89dd3dbec34c",
        "@PARENT": "root.record.ItemExhibitList.P5Item"
    },
    {
        "Name_val": "Test Equipment (SATS)",
        "IdCode_val": "",
        "Cost_AllPriorYears_TotalCost_val": "",
        "Cost_PriorYear_TotalCost_val": "",
        "Cost_CurrentYear_TotalCost_val": "",
        "Cost_BudgetYearOneBase_TotalCost_val": "",
        "Cost_BudgetYearOneOCO_TotalCost_val": "",
        "Cost_BudgetYearOne_TotalCost_val": "",
        "Cost_BudgetYearTwo_TotalCost_val": "",
        "Cost_BudgetYearThree_TotalCost_val": "",
        "Cost_BudgetYearFour_TotalCost_val": "",
        "Cost_BudgetYearFive_TotalCost_val": "",
        "Cost_ToComplete_TotalCost_val": "",
        "Cost_Total_TotalCost_val": "",
        "Cost_TotalCost_PriorYear_val": "",
        "Cost_TotalCost_CurrentYear_val": "2.696",
        "Cost_TotalCost_BudgetYearOneBase_val": "0",
        "Cost_TotalCost_BudgetYearOne_val": "0",
        "Cost_TotalCost_BudgetYearTwo_val": "",
        "Cost_TotalCost_BudgetYearThree_val": "",
        "Cost_TotalCost_BudgetYearFour_val": "",
        "Cost_TotalCost_BudgetYearFive_val": "",
        "Cost_TotalCost_ToComplete_val": "",
        "Cost_TotalCost_Total_val": "",
        "Cost_TotalCost_AllPriorYears_val": "",
        "Cost_TotalCost_BudgetYearOneOCO_val": "",
        "@SOURCE_FILENAME": "2020-BASE_PROCUREMENT-2020-AIRFORCE_AMMUNITION-U_PROCUREMENT_MasterJustificationBook_Air_Force_PB_2020.zzz_unzipped-U_PROCUREMENT_MasterJustificationBook_Air_Force_PB_2020.xml",
        "@RECORDID": "df0c24c79714db965bc49d1f6003f0cd9a2210c6efa351193d977c7178374dba",
        "@ROWID": "1-a1d8628dd97e1ac13df655eaebc8e789d8c2f209f624c443083ae7cb22c93a04",
        "@PARENTROWID": "0-fb2bb33b67daacbbe0c553085fdc60ad9b36fee81c6cbbd1e59f89dd3dbec34c",
        "@PARENT": "root.record.ItemExhibitList.P5Item"
    },
    {
        "Name_val": "T&H Gear",
        "IdCode_val": "",
        "Cost_AllPriorYears_TotalCost_val": "",
        "Cost_PriorYear_TotalCost_val": "",
        "Cost_CurrentYear_TotalCost_val": "",
        "Cost_BudgetYearOneBase_TotalCost_val": "",
        "Cost_BudgetYearOneOCO_TotalCost_val": "",
        "Cost_BudgetYearOne_TotalCost_val": "",
        "Cost_BudgetYearTwo_TotalCost_val": "",
        "Cost_BudgetYearThree_TotalCost_val": "",
        "Cost_BudgetYearFour_TotalCost_val": "",
        "Cost_BudgetYearFive_TotalCost_val": "",
        "Cost_ToComplete_TotalCost_val": "",
        "Cost_Total_TotalCost_val": "",
        "Cost_TotalCost_PriorYear_val": "16.457",
        "Cost_TotalCost_CurrentYear_val": "",
        "Cost_TotalCost_BudgetYearOneBase_val": "",
        "Cost_TotalCost_BudgetYearOne_val": "",
        "Cost_TotalCost_BudgetYearTwo_val": "",
        "Cost_TotalCost_BudgetYearThree_val": "",
        "Cost_TotalCost_BudgetYearFour_val": "",
        "Cost_TotalCost_BudgetYearFive_val": "",
        "Cost_TotalCost_ToComplete_val": "",
        "Cost_TotalCost_Total_val": "",
        "Cost_TotalCost_AllPriorYears_val": "",
        "Cost_TotalCost_BudgetYearOneOCO_val": "",
        "@SOURCE_FILENAME": "2020-BASE_PROCUREMENT-2020-AIRFORCE_AMMUNITION-U_PROCUREMENT_MasterJustificationBook_Air_Force_PB_2020.zzz_unzipped-U_PROCUREMENT_MasterJustificationBook_Air_Force_PB_2020.xml",
        "@RECORDID": "df0c24c79714db965bc49d1f6003f0cd9a2210c6efa351193d977c7178374dba",
        "@ROWID": "2-ccdb2af672d168f90e94c868c0c83dcd7171365b943eee0d17f17d3ac7357251",
        "@PARENTROWID": "0-fb2bb33b67daacbbe0c553085fdc60ad9b36fee81c6cbbd1e59f89dd3dbec34c",
        "@PARENT": "root.record.ItemExhibitList.P5Item"
    }
]