Month_val,Amount_val,@SOURCE_FILENAME,@RECORDID,@ROWID,@PARENTROWID,@PARENT
"2010-12","800","2013-BASE_PROCUREMENT-2013-DEFENSE_CBDP-JustificationBook_Chemical_and_Biological_Defense_Program_PB_2013.zzz_unzipped-JustificationBook_Chemical_and_Biological_Defense_Program_PB_2013.xml","44176a3b5f929933fa29f988a86df488aaa195b200a378d544132404a2eeb5bb","0-ee26d0fb0f894043e35c8b7cd7a4048b869a72ae5d25ee0c6bfb4d8a03ab721b","0-dc92e396e8d3bf3d980ab401f72a0bffd2fdef0a202fc326d2fef8d605f31bd9","root.record.ItemExhibitList.P5Item.CostElementCategoryList.Software.Recurring.CostElementList.CostElement.ManufacturerList.Manufacturer.HistoryPlanningList.HistoryPlanning"
"2011-01","800","2013-BASE_PROCUREMENT-2013-DEFENSE_CBDP-JustificationBook_Chemical_and_Biological_Defense_Program_PB_2013.zzz_unzipped-JustificationBook_Chemical_and_Biological_Defense_Program_PB_2013.xml","44176a3b5f929933fa29f988a86df488aaa195b200a378d544132404a2eeb5bb","1-fe335e10adb7c2115c0d8cc594bfbc9b4967be8fed2eae84792b2a4075691927","0-dc92e396e8d3bf3d980ab401f72a0bffd2fdef0a202fc326d2fef8d605f31bd9","root.record.ItemExhibitList.P5Item.CostElementCategoryList.Software.Recurring.CostElementList.CostElement.ManufacturerList.Manufacturer.HistoryPlanningList.HistoryPlanning"
"2011-02","800","2013-BASE_PROCUREMENT-2013-DEFENSE_CBDP-JustificationBook_Chemical_and_Biological_Defense_Program_PB_2013.zzz_unzipped-JustificationBook_Chemical_and_Biological_Defense_Program_PB_2013.xml","44176a3b5f929933fa29f988a86df488aaa195b200a378d544132404a2eeb5bb","2-e3e4b7b7783745a247cddec2ccac6b2c818a23b12610aaa1b27979c4d9bb510e","0-dc92e396e8d3bf3d980ab401f72a0bffd2fdef0a202fc326d2fef8d605f31bd9","root.record.ItemExhibitList.P5Item.CostElementCategoryList.Software.Recurring.CostElementList.CostElement.ManufacturerList.Manufacturer.HistoryPlanningList.HistoryPlanning"
"2011-03","800","2013-BASE_PROCUREMENT-2013-DEFENSE_CBDP-JustificationBook_Chemical_and_Biological_Defense_Program_PB_2013.zzz_unzipped-JustificationBook_Chemical_and_Biological_Defense_Program_PB_2013.xml","44176a3b5f929933fa29f988a86df488aaa195b200a378d544132404a2eeb5bb","3-635ce87abe9d77d3868fcc07790871e811ef50e0bf1e7f34efcc2eabcda2f560","0-dc92e396e8d3bf3d980ab401f72a0bffd2fdef0a202fc326d2fef8d605f31bd9","root.record.ItemExhibitList.P5Item.CostElementCategoryList.Software.Recurring.CostElementList.CostElement.ManufacturerList.Manufacturer.HistoryPlanningList.HistoryPlanning"
"2011-04","800","2013-BASE_PROCUREMENT-2013-DEFENSE_CBDP-JustificationBook_Chemical_and_Biological_Defense_Program_PB_2013.zzz_unzipped-JustificationBook_Chemical_and_Biological_Defense_Program_PB_2013.xml","44176a3b5f929933fa29f988a86df488aaa195b200a378d544132404a2eeb5bb","4-2a410ca62efd65bae3d40a7a911e91f6801b86d6e54fc62fd8d060125c6df76b","0-dc92e396e8d3bf3d980ab401f72a0bffd2fdef0a202fc326d2fef8d605f31bd9","root.record.ItemExhibitList.P5Item.CostElementCategoryList.Software.Recurring.CostElementList.CostElement.ManufacturerList.Manufacturer.HistoryPlanningList.HistoryPlanning"
"2011-09","800","2013-BASE_PROCUREMENT-2013-DEFENSE_CBDP-JustificationBook_Chemical_and_Biological_Defense_Program_PB_2013.zzz_unzipped-JustificationBook_Chemical_and_Biological_Defense_Program_PB_2013.xml","44176a3b5f929933fa29f988a86df488aaa195b200a378d544132404a2eeb5bb","0-849bc3508a33fbda396ad6a49a0bad794e62565fc12291a739f4c7b1bbbb4f72","1-24b0f8941df164922a21c692a7f92ebdcd64169f5611f21ad11c477fc05a67c1","root.record.ItemExhibitList.P5Item.CostElementCategoryList.Software.Recurring.CostElementList.CostElement.ManufacturerList.Manufacturer.HistoryPlanningList.HistoryPlanning"
"2011-10","800","2013-BASE_PROCUREMENT-2013-DEFENSE_CBDP-JustificationBook_Chemical_and_Biological_Defense_Program_PB_2013.zzz_unzipped-JustificationBook_Chemical_and_Biological_Defense_Program_PB_2013.xml","44176a3b5f929933fa29f988a86df488aaa195b200a378d544132404a2eeb5bb","1-b2e62d3f68229b79f11e2456f9d543dcbab3a5522d0a9071d26b6777e0f909a0","1-24b0f8941df164922a21c692a7f92ebdcd64169f5611f21ad11c477fc05a67c1","root.record.ItemExhibitList.P5Item.CostElementCategoryList.Software.Recurring.CostElementList.CostElement.ManufacturerList.Manufacturer.HistoryPlanningList.HistoryPlanning"
"2011-11","800","2013-BASE_PROCUREMENT-2013-DEFENSE_CBDP-JustificationBook_Chemical_and_Biological_Defense_Program_PB_2013.zzz_unzipped-JustificationBook_Chemical_and_Biological_Defense_Program_PB_2013.xml","44176a3b5f929933fa29f988a86df488aaa195b200a378d544132404a2eeb5bb","2-ce54db3d78623028a09489d51b5216cbc68b1b5322b00f32d24a6657ef76b14e","1-24b0f8941df164922a21c692a7f92ebdcd64169f5611f21ad11c477fc05a67c1","root.record.ItemExhibitList.P5Item.CostElementCategoryList.Software.Recurring.CostElementList.CostElement.ManufacturerList.Manufacturer.HistoryPlanningList.HistoryPlanning"
"2011-12","800","2013-BASE_PROCUREMENT-2013-DEFENSE_CBDP-JustificationBook_Chemical_and_Biological_Defense_Program_PB_2013.zzz_unzipped-JustificationBook_Chemical_and_Biological_Defense_Program_PB_2013.xml","44176a3b5f929933fa29f988a86df488aaa195b200a378d544132404a2eeb5bb","3-157ae4267b4ac1c6d1dae5fda2e37679d79f7f585f6b76dd3197f49860ddfc33","1-24b0f8941df164922a21c692a7f92ebdcd64169f5611f21ad11c477fc05a67c1","root.record.ItemExhibitList.P5Item.CostElementCategoryList.Software.Recurring.CostElementList.CostElement.ManufacturerList.Manufacturer.HistoryPlanningList.HistoryPlanning"
"2012-01","800","2013-BASE_PROCUREMENT-2013-DEFENSE_CBDP-JustificationBook_Chemical_and_Biological_Defense_Program_PB_2013.zzz_unzipped-JustificationBook_Chemical_and_Biological_Defense_Program_PB_2013.xml","44176a3b5f929933fa29f988a86df488aaa195b200a378d544132404a2eeb5bb","4-e6005975083a8043f8cd64281cbce7af16812dda5f26c81c304443a97d878cc5","1-24b0f8941df164922a21c692a7f92ebdcd64169f5611f21ad11c477fc05a67c1","root.record.ItemExhibitList.P5Item.CostElementCategoryList.Software.Recurring.CostElementList.CostElement.ManufacturerList.Manufacturer.HistoryPlanningList.HistoryPlanning"
"2012-05","1000","2013-BASE_PROCUREMENT-2013-DEFENSE_CBDP-JustificationBook_Chemical_and_Biological_Defense_Program_PB_2013.zzz_unzipped-JustificationBook_Chemical_and_Biological_Defense_Program_PB_2013.xml","44176a3b5f929933fa29f988a86df488aaa195b200a378d544132404a2eeb5bb","0-4614719482804085aaf8bf3abce4d39d0630a6dc313a42316abbacffcf120c34","2-d49920f504589d821a82e5a012696b7ec65d060c897dfcc43ae23c7f0cc55017","root.record.ItemExhibitList.P5Item.CostElementCategoryList.Software.Recurring.CostElementList.CostElement.ManufacturerList.Manufacturer.HistoryPlanningList.HistoryPlanning"
"2012-06","1000","2013-BASE_PROCUREMENT-2013-DEFENSE_CBDP-JustificationBook_Chemical_and_Biological_Defense_Program_PB_2013.zzz_unzipped-JustificationBook_Chemical_and_Biological_Defense_Program_PB_2013.xml","44176a3b5f929933fa29f988a86df488aaa195b200a378d544132404a2eeb5bb","1-d5a5d9ec03a3ebc550504dcc6173142c3412085e07aef34476ecdb72a70ad9e9","2-d49920f504589d821a82e5a012696b7ec65d060c897dfcc43ae23c7f0cc55017","root.record.ItemExhibitList.P5Item.CostElementCategoryList.Software.Recurring.CostElementList.CostElement.ManufacturerList.Manufacturer.HistoryPlanningList.HistoryPlanning"
"2012-07","1000","2013-BASE_PROCUREMENT-2013-DEFENSE_CBDP-JustificationBook_Chemical_and_Biological_Defense_Program_PB_2013.zzz_unzipped-JustificationBook_Chemical_and_Biological_Defense_Program_PB_2013.xml","44176a3b5f929933fa29f988a86df488aaa195b200a378d544132404a2eeb5bb","2-90db4823ea04657276b4f8395b9cccffcf56da69f1e548aad7bbfb61e3672f84","2-d49920f504589d821a82e5a012696b7ec65d060c897dfcc43ae23c7f0cc55017","root.record.ItemExhibitList.P5Item.CostElementCategoryList.Software.Recurring.CostElementList.CostElement.ManufacturerList.Manufacturer.HistoryPlanningList.HistoryPlanning"
"2012-08","1000","2013-BASE_PROCUREMENT-2013-DEFENSE_CBDP-JustificationBook_Chemical_and_Biological_Defense_Program_PB_2013.zzz_unzipped-JustificationBook_Chemical_and_Biological_Defense_Program_PB_2013.xml","44176a3b5f929933fa29f988a86df488aaa195b200a378d544132404a2eeb5bb","3-b17fd8ebc437cce3987fc741303e0c3acbdf79a9994c7d415041d588676dbc4c","2-d49920f504589d821a82e5a012696b7ec65d060c897dfcc43ae23c7f0cc55017","root.record.ItemExhibitList.P5Item.CostElementCategoryList.Software.Recurring.CostElementList.CostElement.ManufacturerList.Manufacturer.HistoryPlanningList.HistoryPlanning"
"2012-09","1000","2013-BASE_PROCUREMENT-2013-DEFENSE_CBDP-JustificationBook_Chemical_and_Biological_Defense_Program_PB_2013.zzz_unzipped-JustificationBook_Chemical_and_Biological_Defense_Program_PB_2013.xml","44176a3b5f929933fa29f988a86df488aaa195b200a378d544132404a2eeb5bb","4-e486a0084d8e9505bd86d5c269023030bb122da129945b340b811896b2a77bbc","2-d49920f504589d821a82e5a012696b7ec65d060c897dfcc43ae23c7f0cc55017","root.record.ItemExhibitList.P5Item.CostElementCategoryList.Software.Recurring.CostElementList.CostElement.ManufacturerList.Manufacturer.HistoryPlanningList.HistoryPlanning"
"2013-03","1000","2013-BASE_PROCUREMENT-2013-DEFENSE_CBDP-JustificationBook_Chemical_and_Biological_Defense_Program_PB_2013.zzz_unzipped-JustificationBook_Chemical_and_Biological_Defense_Program_PB_2013.xml","44176a3b5f929933fa29f988a86df488aaa195b200a378d544132404a2eeb5bb","0-624a4b3b46a4231e9ef5b83a152973bae5c2d2d8ccf40bdbdbc30742bfb002e6","3-55acf4c35070c81d34e8e61b9fa56eafc39b10bc158ae4c5fbe8b3c78fa9e32e","root.record.ItemExhibitList.P5Item.CostElementCategoryList.Software.Recurring.CostElementList.CostElement.ManufacturerList.Manufacturer.HistoryPlanningList.HistoryPlanning"
"2013-04","1000","2013-BASE_PROCUREMENT-2013-DEFENSE_CBDP-JustificationBook_Chemical_and_Biological_Defense_Program_PB_2013.zzz_unzipped-JustificationBook_Chemical_and_Biological_Defense_Program_PB_2013.xml","44176a3b5f929933fa29f988a86df488aaa195b200a378d544132404a2eeb5bb","1-82ce127466a7141622180eced4a1c653863cb5ff7f73268386bf401fe0ed6557","3-55acf4c35070c81d34e8e61b9fa56eafc39b10bc158ae4c5fbe8b3c78fa9e32e","root.record.ItemExhibitList.P5Item.CostElementCategoryList.Software.Recurring.CostElementList.CostElement.ManufacturerList.Manufacturer.HistoryPlanningList.HistoryPlanning"
"2013-05","1000","2013-BASE_PROCUREMENT-2013-DEFENSE_CBDP-JustificationBook_Chemical_and_Biological_Defense_Program_PB_2013.zzz_unzipped-JustificationBook_Chemical_and_Biological_Defense_Program_PB_2013.xml","44176a3b5f929933fa29f988a86df488aaa195b200a378d544132404a2eeb5bb","2-945101b11dd291c42e17b5a1565656aad1a3a7789455acfae26b2f644c0dec90","3-55acf4c35070c81d34e8e61b9fa56eafc39b10bc158ae4c5fbe8b3c78fa9e32e","root.record.ItemExhibitList.P5Item.CostElementCategoryList.Software.Recurring.CostElementList.CostElement.ManufacturerList.Manufacturer.HistoryPlanningList.HistoryPlanning"
"2013-06","1000","2013-BASE_PROCUREMENT-2013-DEFENSE_CBDP-JustificationBook_Chemical_and_Biological_Defense_Program_PB_2013.zzz_unzipped-JustificationBook_Chemical_and_Biological_Defense_Program_PB_2013.xml","44176a3b5f929933fa29f988a86df488aaa195b200a378d544132404a2eeb5bb","3-4161e515d6f9f8ea27e2866a934786200d516cb0d118ffabcc7736619e8d4d86","3-55acf4c35070c81d34e8e61b9fa56eafc39b10bc158ae4c5fbe8b3c78fa9e32e","root.record.ItemExhibitList.P5Item.CostElementCategoryList.Software.Recurring.CostElementList.CostElement.ManufacturerList.Manufacturer.HistoryPlanningList.HistoryPlanning"
"2013-07","1000","2013-BASE_PROCUREMENT-2013-DEFENSE_CBDP-JustificationBook_Chemical_and_Biological_Defense_Program_PB_2013.zzz_unzipped-JustificationBook_Chemical_and_Biological_Defense_Program_PB_2013.xml","44176a3b5f929933fa29f988a86df488aaa195b200a378d544132404a2eeb5bb","4-a4e3205d5754f12ef7794b0649966b993e163e8cddc5516df519f0e52a104125","3-55acf4c35070c81d34e8e61b9fa56eafc39b10bc158ae4c5fbe8b3c78fa9e32e","root.record.ItemExhibitList.P5Item.CostElementCategoryList.Software.Recurring.CostElementList.CostElement.ManufacturerList.Manufacturer.HistoryPlanningList.HistoryPlanning"
"2010-10","635","2013-BASE_PROCUREMENT-2013-DEFENSE_CBDP-JustificationBook_Chemical_and_Biological_Defense_Program_PB_2013.zzz_unzipped-JustificationBook_Chemical_and_Biological_Defense_Program_PB_2013.xml","44176a3b5f929933fa29f988a86df488aaa195b200a378d544132404a2eeb5bb","0-6b134cfe8229db40e7d768f74d7a8e3b18737edd4db99cfa3562b8c7fcb0d1f9","0-6a61aa014c7e0399dac81a6f391b5b04fed46ed281319b31ff2853ea0bd48e10","root.record.ItemExhibitList.P5Item.CostElementCategoryList.Software.Recurring.CostElementList.CostElement.ManufacturerList.Manufacturer.HistoryPlanningList.HistoryPlanning"
"2010-11","636","2013-BASE_PROCUREMENT-2013-DEFENSE_CBDP-JustificationBook_Chemical_and_Biological_Defense_Program_PB_2013.zzz_unzipped-JustificationBook_Chemical_and_Biological_Defense_Program_PB_2013.xml","44176a3b5f929933fa29f988a86df488aaa195b200a378d544132404a2eeb5bb","1-71244f540f9f722309f86ea07d04bf65c22b002be7ef951e4eae0a2036397fde","0-6a61aa014c7e0399dac81a6f391b5b04fed46ed281319b31ff2853ea0bd48e10","root.record.ItemExhibitList.P5Item.CostElementCategoryList.Software.Recurring.CostElementList.CostElement.ManufacturerList.Manufacturer.HistoryPlanningList.HistoryPlanning"
"2010-12","634","2013-BASE_PROCUREMENT-2013-DEFENSE_CBDP-JustificationBook_Chemical_and_Biological_Defense_Program_PB_2013.zzz_unzipped-JustificationBook_Chemical_and_Biological_Defense_Program_PB_2013.xml","44176a3b5f929933fa29f988a86df488aaa195b200a378d544132404a2eeb5bb","2-e40171eb6a423f8c6310459f7058f5a6f467c9f8dfa6368dcb32de3c778efc75","0-6a61aa014c7e0399dac81a6f391b5b04fed46ed281319b31ff2853ea0bd48e10","root.record.ItemExhibitList.P5Item.CostElementCategoryList.Software.Recurring.CostElementList.CostElement.ManufacturerList.Manufacturer.HistoryPlanningList.HistoryPlanning"
"2011-03","1246","2013-BASE_PROCUREMENT-2013-DEFENSE_CBDP-JustificationBook_Chemical_and_Biological_Defense_Program_PB_2013.zzz_unzipped-JustificationBook_Chemical_and_Biological_Defense_Program_PB_2013.xml","44176a3b5f929933fa29f988a86df488aaa195b200a378d544132404a2eeb5bb","0-53683a5a3935a5f4fdc447c0002b3f2e71246a330ba09e35ac4416aa858aa1e5","1-af01d4116c3b39fee56338ca05007c8bef04f7d503a2a16d7939d6be3e1bed75","root.record.ItemExhibitList.P5Item.CostElementCategoryList.Software.Recurring.CostElementList.CostElement.ManufacturerList.Manufacturer.HistoryPlanningList.HistoryPlanning"
"2011-04","635","2013-BASE_PROCUREMENT-2013-DEFENSE_CBDP-JustificationBook_Chemical_and_Biological_Defense_Program_PB_2013.zzz_unzipped-JustificationBook_Chemical_and_Biological_Defense_Program_PB_2013.xml","44176a3b5f929933fa29f988a86df488aaa195b200a378d544132404a2eeb5bb","1-7549864d3d0dc04b42b5108ee900638bee461b0eca55a263a5c5eb8b5f0af810","1-af01d4116c3b39fee56338ca05007c8bef04f7d503a2a16d7939d6be3e1bed75","root.record.ItemExhibitList.P5Item.CostElementCategoryList.Software.Recurring.CostElementList.CostElement.ManufacturerList.Manufacturer.HistoryPlanningList.HistoryPlanning"
"2011-05","636","2013-BASE_PROCUREMENT-2013-DEFENSE_CBDP-JustificationBook_Chemical_and_Biological_Defense_Program_PB_2013.zzz_unzipped-JustificationBook_Chemical_and_Biological_Defense_Program_PB_2013.xml","44176a3b5f929933fa29f988a86df488aaa195b200a378d544132404a2eeb5bb","2-8b86f56b57ba0f183d694cbb14f522a866f0373c863144b0b815fb6ace98fbc3","1-af01d4116c3b39fee56338ca05007c8bef04f7d503a2a16d7939d6be3e1bed75","root.record.ItemExhibitList.P5Item.CostElementCategoryList.Software.Recurring.CostElementList.CostElement.ManufacturerList.Manufacturer.HistoryPlanningList.HistoryPlanning"
"2011-06","635","2013-BASE_PROCUREMENT-2013-DEFENSE_CBDP-JustificationBook_Chemical_and_Biological_Defense_Program_PB_2013.zzz_unzipped-JustificationBook_Chemical_and_Biological_Defense_Program_PB_2013.xml","44176a3b5f929933fa29f988a86df488aaa195b200a378d544132404a2eeb5bb","3-f252f278b5a3b603ed22dc1dca79115c6093a0af8c252c544dd375b3ad290120","1-af01d4116c3b39fee56338ca05007c8bef04f7d503a2a16d7939d6be3e1bed75","root.record.ItemExhibitList.P5Item.CostElementCategoryList.Software.Recurring.CostElementList.CostElement.ManufacturerList.Manufacturer.HistoryPlanningList.HistoryPlanning"
"2011-07","636","2013-BASE_PROCUREMENT-2013-DEFENSE_CBDP-JustificationBook_Chemical_and_Biological_Defense_Program_PB_2013.zzz_unzipped-JustificationBook_Chemical_and_Biological_Defense_Program_PB_2013.xml","44176a3b5f929933fa29f988a86df488aaa195b200a378d544132404a2eeb5bb","4-a2b9d038577d359e938e3f953f8c07a7c34f9489c8092ba46c30170596070cef","1-af01d4116c3b39fee56338ca05007c8bef04f7d503a2a16d7939d6be3e1bed75","root.record.ItemExhibitList.P5Item.CostElementCategoryList.Software.Recurring.CostElementList.CostElement.ManufacturerList.Manufacturer.HistoryPlanningList.HistoryPlanning"
"2011-08","635","2013-BASE_PROCUREMENT-2013-DEFENSE_CBDP-JustificationBook_Chemical_and_Biological_Defense_Program_PB_2013.zzz_unzipped-JustificationBook_Chemical_and_Biological_Defense_Program_PB_2013.xml","44176a3b5f929933fa29f988a86df488aaa195b200a378d544132404a2eeb5bb","5-6bbbe0890d4e3ec737c9aedd58c44fd6e6ad6bdd8212abe6be0f077ebaa06c5e","1-af01d4116c3b39fee56338ca05007c8bef04f7d503a2a16d7939d6be3e1bed75","root.record.ItemExhibitList.P5Item.CostElementCategoryList.Software.Recurring.CostElementList.CostElement.ManufacturerList.Manufacturer.HistoryPlanningList.HistoryPlanning"
"2011-09","636","2013-BASE_PROCUREMENT-2013-DEFENSE_CBDP-JustificationBook_Chemical_and_Biological_Defense_Program_PB_2013.zzz_unzipped-JustificationBook_Chemical_and_Biological_Defense_Program_PB_2013.xml","44176a3b5f929933fa29f988a86df488aaa195b200a378d544132404a2eeb5bb","6-ca181b0502e83d051c2b1e9bb3aa4a4c8b5f030576f87bfda9ec17b68f182855","1-af01d4116c3b39fee56338ca05007c8bef04f7d503a2a16d7939d6be3e1bed75","root.record.ItemExhibitList.P5Item.CostElementCategoryList.Software.Recurring.CostElementList.CostElement.ManufacturerList.Manufacturer.HistoryPlanningList.HistoryPlanning"
"2011-10","635","2013-BASE_PROCUREMENT-2013-DEFENSE_CBDP-JustificationBook_Chemical_and_Biological_Defense_Program_PB_2013.zzz_unzipped-JustificationBook_Chemical_and_Biological_Defense_Program_PB_2013.xml","44176a3b5f929933fa29f988a86df488aaa195b200a378d544132404a2eeb5bb","7-752f6171dc089f719dc7091f3d44c695f2cc66921cd083441d42fef1fbc0ab48","1-af01d4116c3b39fee56338ca05007c8bef04f7d503a2a16d7939d6be3e1bed75","root.record.ItemExhibitList.P5Item.CostElementCategoryList.Software.Recurring.CostElementList.CostElement.ManufacturerList.Manufacturer.HistoryPlanningList.HistoryPlanning"
"2011-11","636","2013-BASE_PROCUREMENT-2013-DEFENSE_CBDP-JustificationBook_Chemical_and_Biological_Defense_Program_PB_2013.zzz_unzipped-JustificationBook_Chemical_and_Biological_Defense_Program_PB_2013.xml","44176a3b5f929933fa29f988a86df488aaa195b200a378d544132404a2eeb5bb","8-fadf86cc71e8fac420d2902a924f7174ab1e823c8ed77dd7d0fc071904e5438b","1-af01d4116c3b39fee56338ca05007c8bef04f7d503a2a16d7939d6be3e1bed75","root.record.ItemExhibitList.P5Item.CostElementCategoryList.Software.Recurring.CostElementList.CostElement.ManufacturerList.Manufacturer.HistoryPlanningList.HistoryPlanning"
"2011-12","634","2013-BASE_PROCUREMENT-2013-DEFENSE_CBDP-JustificationBook_Chemical_and_Biological_Defense_Program_PB_2013.zzz_unzipped-JustificationBook_Chemical_and_Biological_Defense_Program_PB_2013.xml","44176a3b5f929933fa29f988a86df488aaa195b200a378d544132404a2eeb5bb","9-f313667fe3d8443d6c2ccbf8d27e8404a2382f54b8191d28c7e7dd699d5de828","1-af01d4116c3b39fee56338ca05007c8bef04f7d503a2a16d7939d6be3e1bed75","root.record.ItemExhibitList.P5Item.CostElementCategoryList.Software.Recurring.CostElementList.CostElement.ManufacturerList.Manufacturer.HistoryPlanningList.HistoryPlanning"
"2010-12","800","2013-BASE_PROCUREMENT-2013-DEFENSE_VOL1-MasterJustificationBook_Defense-Wide_PB_2013.zzz_unzipped-MasterJustificationBook_Defense-Wide_PB_2013.xml","c77d5f438539d7acd66e0d53502dbd64712600bc7cbf03a534e487a823f9d240","0-3d31d55264373d69e0f431368098c867a2b5d5b8940424a837247351fd1c0ed7","0-13a8ff495f9a80966a179bd9d6c128c5e88be880d81974333011b86a8de4500e","root.record.ItemExhibitList.P5Item.CostElementCategoryList.Software.Recurring.CostElementList.CostElement.ManufacturerList.Manufacturer.HistoryPlanningList.HistoryPlanning"
"2011-01","800","2013-BASE_PROCUREMENT-2013-DEFENSE_VOL1-MasterJustificationBook_Defense-Wide_PB_2013.zzz_unzipped-MasterJustificationBook_Defense-Wide_PB_2013.xml","c77d5f438539d7acd66e0d53502dbd64712600bc7cbf03a534e487a823f9d240","1-cb1d0563f4eb23fc91f5f5664aee532d055866c71bd28b92920fa09c879935fd","0-13a8ff495f9a80966a179bd9d6c128c5e88be880d81974333011b86a8de4500e","root.record.ItemExhibitList.P5Item.CostElementCategoryList.Software.Recurring.CostElementList.CostElement.ManufacturerList.Manufacturer.HistoryPlanningList.HistoryPlanning"
"2011-02","800","2013-BASE_PROCUREMENT-2013-DEFENSE_VOL1-MasterJustificationBook_Defense-Wide_PB_2013.zzz_unzipped-MasterJustificationBook_Defense-Wide_PB_2013.xml","c77d5f438539d7acd66e0d53502dbd64712600bc7cbf03a534e487a823f9d240","2-3e1fe7012d4bb4ac5e1d4a5a40dd5bffc62b88480c5fc149ad70cf6fe65a488e","0-13a8ff495f9a80966a179bd9d6c128c5e88be880d81974333011b86a8de4500e","root.record.ItemExhibitList.P5Item.CostElementCategoryList.Software.Recurring.CostElementList.CostElement.ManufacturerList.Manufacturer.HistoryPlanningList.HistoryPlanning"
"2011-03","800","2013-BASE_PROCUREMENT-2013-DEFENSE_VOL1-MasterJustificationBook_Defense-Wide_PB_2013.zzz_unzipped-MasterJustificationBook_Defense-Wide_PB_2013.xml","c77d5f438539d7acd66e0d53502dbd64712600bc7cbf03a534e487a823f9d240","3-32dde25a3798677b01582196d3be5b95781d26becc02acd65ceba73344f6fea5","0-13a8ff495f9a80966a179bd9d6c128c5e88be880d81974333011b86a8de4500e","root.record.ItemExhibitList.P5Item.CostElementCategoryList.Software.Recurring.CostElementList.CostElement.ManufacturerList.Manufacturer.HistoryPlanningList.HistoryPlanning"
"2011-04","800","2013-BASE_PROCUREMENT-2013-DEFENSE_VOL1-MasterJustificationBook_Defense-Wide_PB_2013.zzz_unzipped-MasterJustificationBook_Defense-Wide_PB_2013.xml","c77d5f438539d7acd66e0d53502dbd64712600bc7cbf03a534e487a823f9d240","4-d27e42db5d5270af60316f98ee7e5a9d32de4735d3fa9828fd1d9c85c8a298cd","0-13a8ff495f9a80966a179bd9d6c128c5e88be880d81974333011b86a8de4500e","root.record.ItemExhibitList.P5Item.CostElementCategoryList.Software.Recurring.CostElementList.CostElement.ManufacturerList.Manufacturer.HistoryPlanningList.HistoryPlanning"
"2011-09","800","2013-BASE_PROCUREMENT-2013-DEFENSE_VOL1-MasterJustificationBook_Defense-Wide_PB_2013.zzz_unzipped-MasterJustificationBook_Defense-Wide_PB_2013.xml","c77d5f438539d7acd66e0d53502dbd64712600bc7cbf03a534e487a823f9d240","0-271cf2b6e0aead0bee0c50fcc8783f8a5e4af17bd025a02de308ef79873727e0","1-b44eac4fe41b37700424a3e6c36863c9d837b585a4f9a194d0dd0a3aa84a6765","root.record.ItemExhibitList.P5Item.CostElementCategoryList.Software.Recurring.CostElementList.CostElement.ManufacturerList.Manufacturer.HistoryPlanningList.HistoryPlanning"
"2011-10","800","2013-BASE_PROCUREMENT-2013-DEFENSE_VOL1-MasterJustificationBook_Defense-Wide_PB_2013.zzz_unzipped-MasterJustificationBook_Defense-Wide_PB_2013.xml","c77d5f438539d7acd66e0d53502dbd64712600bc7cbf03a534e487a823f9d240","1-49625fda61f1d24c495b14d783c4771bfcfb65def34976ad049272affa82df61","1-b44eac4fe41b37700424a3e6c36863c9d837b585a4f9a194d0dd0a3aa84a6765","root.record.ItemExhibitList.P5Item.CostElementCategoryList.Software.Recurring.CostElementList.CostElement.ManufacturerList.Manufacturer.HistoryPlanningList.HistoryPlanning"
"2011-11","800","2013-BASE_PROCUREMENT-2013-DEFENSE_VOL1-MasterJustificationBook_Defense-Wide_PB_2013.zzz_unzipped-MasterJustificationBook_Defense-Wide_PB_2013.xml","c77d5f438539d7acd66e0d53502dbd64712600bc7cbf03a534e487a823f9d240","2-fba1d38f6c27e839a3d6bdc1916f6ae2bb09e748c7ce358fbeb60371533fc0dd","1-b44eac4fe41b37700424a3e6c36863c9d837b585a4f9a194d0dd0a3aa84a6765","root.record.ItemExhibitList.P5Item.CostElementCategoryList.Software.Recurring.CostElementList.CostElement.ManufacturerList.Manufacturer.HistoryPlanningList.HistoryPlanning"
"2011-12","800","2013-BASE_PROCUREMENT-2013-DEFENSE_VOL1-MasterJustificationBook_Defense-Wide_PB_2013.zzz_unzipped-MasterJustificationBook_Defense-Wide_PB_2013.xml","c77d5f438539d7acd66e0d53502dbd64712600bc7cbf03a534e487a823f9d240","3-a205470a5df5395c2daedaef9bc3fcafe5fe1ae9db9ea8ccd68fa70b1d8691ce","1-b44eac4fe41b37700424a3e6c36863c9d837b585a4f9a194d0dd0a3aa84a6765","root.record.ItemExhibitList.P5Item.CostElementCategoryList.Software.Recurring.CostElementList.CostElement.ManufacturerList.Manufacturer.HistoryPlanningList.HistoryPlanning"
"2012-01","800","2013-BASE_PROCUREMENT-2013-DEFENSE_VOL1-MasterJustificationBook_Defense-Wide_PB_2013.zzz_unzipped-MasterJustificationBook_Defense-Wide_PB_2013.xml","c77d5f438539d7acd66e0d53502dbd64712600bc7cbf03a534e487a823f9d240","4-097c8bdd79c3f165987b25a7c24354e122f7d7db34e3956711fc68f5091c19da","1-b44eac4fe41b37700424a3e6c36863c9d837b585a4f9a194d0dd0a3aa84a6765","root.record.ItemExhibitList.P5Item.CostElementCategoryList.Software.Recurring.CostElementList.CostElement.ManufacturerList.Manufacturer.HistoryPlanningList.HistoryPlanning"
"2012-05","1000","2013-BASE_PROCUREMENT-2013-DEFENSE_VOL1-MasterJustificationBook_Defense-Wide_PB_2013.zzz_unzipped-MasterJustificationBook_Defense-Wide_PB_2013.xml","c77d5f438539d7acd66e0d53502dbd64712600bc7cbf03a534e487a823f9d240","0-08e7c08f954fcd90b7901b7963005b5f59fb0e1711cf27aa3dec5d4711477835","2-685d3fee33be7604e9c888f1fd420cabf2f8c33b6134c7c30ba1f089cea50f3d","root.record.ItemExhibitList.P5Item.CostElementCategoryList.Software.Recurring.CostElementList.CostElement.ManufacturerList.Manufacturer.HistoryPlanningList.HistoryPlanning"
"2012-06","1000","2013-BASE_PROCUREMENT-2013-DEFENSE_VOL1-MasterJustificationBook_Defense-Wide_PB_2013.zzz_unzipped-MasterJustificationBook_Defense-Wide_PB_2013.xml","c77d5f438539d7acd66e0d53502dbd64712600bc7cbf03a534e487a823f9d240","1-5dc74284e2edf350da3f16d6574bc0de4086471fb41771cdc7146740e24efaec","2-685d3fee33be7604e9c888f1fd420cabf2f8c33b6134c7c30ba1f089cea50f3d","root.record.ItemExhibitList.P5Item.CostElementCategoryList.Software.Recurring.CostElementList.CostElement.ManufacturerList.Manufacturer.HistoryPlanningList.HistoryPlanning"
"2012-07","1000","2013-BASE_PROCUREMENT-2013-DEFENSE_VOL1-MasterJustificationBook_Defense-Wide_PB_2013.zzz_unzipped-MasterJustificationBook_Defense-Wide_PB_2013.xml","c77d5f438539d7acd66e0d53502dbd64712600bc7cbf03a534e487a823f9d240","2-d647795db1e0a9e154fbf6d42d0b8c8fdd25ef042a72353a16adfd07e2b187f4","2-685d3fee33be7604e9c888f1fd420cabf2f8c33b6134c7c30ba1f089cea50f3d","root.record.ItemExhibitList.P5Item.CostElementCategoryList.Software.Recurring.CostElementList.CostElement.ManufacturerList.Manufacturer.HistoryPlanningList.HistoryPlanning"
"2012-08","1000","2013-BASE_PROCUREMENT-2013-DEFENSE_VOL1-MasterJustificationBook_Defense-Wide_PB_2013.zzz_unzipped-MasterJustificationBook_Defense-Wide_PB_2013.xml","c77d5f438539d7acd66e0d53502dbd64712600bc7cbf03a534e487a823f9d240","3-3cbc789aa4470618c5c3a32f49831bd3ba29fb6bae4baab2d95d38de88407471","2-685d3fee33be7604e9c888f1fd420cabf2f8c33b6134c7c30ba1f089cea50f3d","root.record.ItemExhibitList.P5Item.CostElementCategoryList.Software.Recurring.CostElementList.CostElement.ManufacturerList.Manufacturer.HistoryPlanningList.HistoryPlanning"
"2012-09","1000","2013-BASE_PROCUREMENT-2013-DEFENSE_VOL1-MasterJustificationBook_Defense-Wide_PB_2013.zzz_unzipped-MasterJustificationBook_Defense-Wide_PB_2013.xml","c77d5f438539d7acd66e0d53502dbd64712600bc7cbf03a534e487a823f9d240","4-b93cc76495f8defba3c0217fddf916051060a64a161384e4ff24cf7cd34fba08","2-685d3fee33be7604e9c888f1fd420cabf2f8c33b6134c7c30ba1f089cea50f3d","root.record.ItemExhibitList.P5Item.CostElementCategoryList.Software.Recurring.CostElementList.CostElement.ManufacturerList.Manufacturer.HistoryPlanningList.HistoryPlanning"
"2013-03","1000","2013-BASE_PROCUREMENT-2013-DEFENSE_VOL1-MasterJustificationBook_Defense-Wide_PB_2013.zzz_unzipped-MasterJustificationBook_Defense-Wide_PB_2013.xml","c77d5f438539d7acd66e0d53502dbd64712600bc7cbf03a534e487a823f9d240","0-84b525b47d831e70bf96522133483e9d5a35eef8f54c5713aa9022873ac1aaa2","3-5af791b1a7b8c8faaa3032d36c94d7aeaa2130fe50d291cb747879020b5fcecf","root.record.ItemExhibitList.P5Item.CostElementCategoryList.Software.Recurring.CostElementList.CostElement.ManufacturerList.Manufacturer.HistoryPlanningList.HistoryPlanning"
"2013-04","1000","2013-BASE_PROCUREMENT-2013-DEFENSE_VOL1-MasterJustificationBook_Defense-Wide_PB_2013.zzz_unzipped-MasterJustificationBook_Defense-Wide_PB_2013.xml","c77d5f438539d7acd66e0d53502dbd64712600bc7cbf03a534e487a823f9d240","1-322f16f312b0cf20a5e2852627d50ed1edcb3067661eff4fb822ae6d30337d49","3-5af791b1a7b8c8faaa3032d36c94d7aeaa2130fe50d291cb747879020b5fcecf","root.record.ItemExhibitList.P5Item.CostElementCategoryList.Software.Recurring.CostElementList.CostElement.ManufacturerList.Manufacturer.HistoryPlanningList.HistoryPlanning"
"2013-05","1000","2013-BASE_PROCUREMENT-2013-DEFENSE_VOL1-MasterJustificationBook_Defense-Wide_PB_2013.zzz_unzipped-MasterJustificationBook_Defense-Wide_PB_2013.xml","c77d5f438539d7acd66e0d53502dbd64712600bc7cbf03a534e487a823f9d240","2-922035d763aff0c76c3a222fde131b5d8e9a9675dbe00f31535cd4c7a630becf","3-5af791b1a7b8c8faaa3032d36c94d7aeaa2130fe50d291cb747879020b5fcecf","root.record.ItemExhibitList.P5Item.CostElementCategoryList.Software.Recurring.CostElementList.CostElement.ManufacturerList.Manufacturer.HistoryPlanningList.HistoryPlanning"
"2013-06","1000","2013-BASE_PROCUREMENT-2013-DEFENSE_VOL1-MasterJustificationBook_Defense-Wide_PB_2013.zzz_unzipped-MasterJustificationBook_Defense-Wide_PB_2013.xml","c77d5f438539d7acd66e0d53502dbd64712600bc7cbf03a534e487a823f9d240","3-9bdbd949ed25efe1e6cd62908241e70ec51ac08d98c18c9397e32a7ab4bf6eb9","3-5af791b1a7b8c8faaa3032d36c94d7aeaa2130fe50d291cb747879020b5fcecf","root.record.ItemExhibitList.P5Item.CostElementCategoryList.Software.Recurring.CostElementList.CostElement.ManufacturerList.Manufacturer.HistoryPlanningList.HistoryPlanning"
"2013-07","1000","2013-BASE_PROCUREMENT-2013-DEFENSE_VOL1-MasterJustificationBook_Defense-Wide_PB_2013.zzz_unzipped-MasterJustificationBook_Defense-Wide_PB_2013.xml","c77d5f438539d7acd66e0d53502dbd64712600bc7cbf03a534e487a823f9d240","4-4f8337d9915bb2ce4ce4f74a1d430cfaaf711be0e782750d9e159c63c0c14686","3-5af791b1a7b8c8faaa3032d36c94d7aeaa2130fe50d291cb747879020b5fcecf","root.record.ItemExhibitList.P5Item.CostElementCategoryList.Software.Recurring.CostElementList.CostElement.ManufacturerList.Manufacturer.HistoryPlanningList.HistoryPlanning"
"2010-10","635","2013-BASE_PROCUREMENT-2013-DEFENSE_VOL1-MasterJustificationBook_Defense-Wide_PB_2013.zzz_unzipped-MasterJustificationBook_Defense-Wide_PB_2013.xml","c77d5f438539d7acd66e0d53502dbd64712600bc7cbf03a534e487a823f9d240","0-71292ffaebf41097cd884242e7cfeb920a9fe7771da7a246ca9fbc2d50cd8300","0-36f091c1ef86d107ce04937757b5f75238d86c782155748570faa57d1ce37032","root.record.ItemExhibitList.P5Item.CostElementCategoryList.Software.Recurring.CostElementList.CostElement.ManufacturerList.Manufacturer.HistoryPlanningList.HistoryPlanning"
"2010-11","636","2013-BASE_PROCUREMENT-2013-DEFENSE_VOL1-MasterJustificationBook_Defense-Wide_PB_2013.zzz_unzipped-MasterJustificationBook_Defense-Wide_PB_2013.xml","c77d5f438539d7acd66e0d53502dbd64712600bc7cbf03a534e487a823f9d240","1-3643b840b82ab10008f7506dc0bf7c549c1a336b53230ad2e0aaf7eb6f20043b","0-36f091c1ef86d107ce04937757b5f75238d86c782155748570faa57d1ce37032","root.record.ItemExhibitList.P5Item.CostElementCategoryList.Software.Recurring.CostElementList.CostElement.ManufacturerList.Manufacturer.HistoryPlanningList.HistoryPlanning"
"2010-12","634","2013-BASE_PROCUREMENT-2013-DEFENSE_VOL1-MasterJustificationBook_Defense-Wide_PB_2013.zzz_unzipped-MasterJustificationBook_Defense-Wide_PB_2013.xml","c77d5f438539d7acd66e0d53502dbd64712600bc7cbf03a534e487a823f9d240","2-9318c3e5886895c2f8c87994ade935e582d7da9874c9cd12eda106edd8039460","0-36f091c1ef86d107ce04937757b5f75238d86c782155748570faa57d1ce37032","root.record.ItemExhibitList.P5Item.CostElementCategoryList.Software.Recurring.CostElementList.CostElement.ManufacturerList.Manufacturer.HistoryPlanningList.HistoryPlanning"
"2011-03","1246","2013-BASE_PROCUREMENT-2013-DEFENSE_VOL1-MasterJustificationBook_Defense-Wide_PB_2013.zzz_unzipped-MasterJustificationBook_Defense-Wide_PB_2013.xml","c77d5f438539d7acd66e0d53502dbd64712600bc7cbf03a534e487a823f9d240","0-e06ce50644f36afb8ab8c1a6b2a2e28d8e4a65b388db213b6a10d1106b013afe","1-ff67e92db0fcd1d98acd42102f478c251cec6c54935b511eaa06fe92083af912","root.record.ItemExhibitList.P5Item.CostElementCategoryList.Software.Recurring.CostElementList.CostElement.ManufacturerList.Manufacturer.HistoryPlanningList.HistoryPlanning"
"2011-04","635","2013-BASE_PROCUREMENT-2013-DEFENSE_VOL1-MasterJustificationBook_Defense-Wide_PB_2013.zzz_unzipped-MasterJustificationBook_Defense-Wide_PB_2013.xml","c77d5f438539d7acd66e0d53502dbd64712600bc7cbf03a534e487a823f9d240","1-5ad0e72abb5c0f2c292b49866e0100b4342b1c43f68b29b682ebe6579d37a602","1-ff67e92db0fcd1d98acd42102f478c251cec6c54935b511eaa06fe92083af912","root.record.ItemExhibitList.P5Item.CostElementCategoryList.Software.Recurring.CostElementList.CostElement.ManufacturerList.Manufacturer.HistoryPlanningList.HistoryPlanning"
"2011-05","636","2013-BASE_PROCUREMENT-2013-DEFENSE_VOL1-MasterJustificationBook_Defense-Wide_PB_2013.zzz_unzipped-MasterJustificationBook_Defense-Wide_PB_2013.xml","c77d5f438539d7acd66e0d53502dbd64712600bc7cbf03a534e487a823f9d240","2-ccdf3e3ea9a8effff73c8c8cf45c1a51872036fceac6edc543c7c009d923faf8","1-ff67e92db0fcd1d98acd42102f478c251cec6c54935b511eaa06fe92083af912","root.record.ItemExhibitList.P5Item.CostElementCategoryList.Software.Recurring.CostElementList.CostElement.ManufacturerList.Manufacturer.HistoryPlanningList.HistoryPlanning"
"2011-06","635","2013-BASE_PROCUREMENT-2013-DEFENSE_VOL1-MasterJustificationBook_Defense-Wide_PB_2013.zzz_unzipped-MasterJustificationBook_Defense-Wide_PB_2013.xml","c77d5f438539d7acd66e0d53502dbd64712600bc7cbf03a534e487a823f9d240","3-cae9871a3ca5b807af29465001d2ab154eebba503ac5b014d8a358f50e579817","1-ff67e92db0fcd1d98acd42102f478c251cec6c54935b511eaa06fe92083af912","root.record.ItemExhibitList.P5Item.CostElementCategoryList.Software.Recurring.CostElementList.CostElement.ManufacturerList.Manufacturer.HistoryPlanningList.HistoryPlanning"
"2011-07","636","2013-BASE_PROCUREMENT-2013-DEFENSE_VOL1-MasterJustificationBook_Defense-Wide_PB_2013.zzz_unzipped-MasterJustificationBook_Defense-Wide_PB_2013.xml","c77d5f438539d7acd66e0d53502dbd64712600bc7cbf03a534e487a823f9d240","4-1d6522f79be0ea2c82869367038caa896f627e67cfd4c324c81bf3f40bc419d6","1-ff67e92db0fcd1d98acd42102f478c251cec6c54935b511eaa06fe92083af912","root.record.ItemExhibitList.P5Item.CostElementCategoryList.Software.Recurring.CostElementList.CostElement.ManufacturerList.Manufacturer.HistoryPlanningList.HistoryPlanning"
"2011-08","635","2013-BASE_PROCUREMENT-2013-DEFENSE_VOL1-MasterJustificationBook_Defense-Wide_PB_2013.zzz_unzipped-MasterJustificationBook_Defense-Wide_PB_2013.xml","c77d5f438539d7acd66e0d53502dbd64712600bc7cbf03a534e487a823f9d240","5-89e684e3d01cbb6b87676b14b227ba2d1cd093620834b82dfbcc291f4d176fb4","1-ff67e92db0fcd1d98acd42102f478c251cec6c54935b511eaa06fe92083af912","root.record.ItemExhibitList.P5Item.CostElementCategoryList.Software.Recurring.CostElementList.CostElement.ManufacturerList.Manufacturer.HistoryPlanningList.HistoryPlanning"
"2011-09","636","2013-BASE_PROCUREMENT-2013-DEFENSE_VOL1-MasterJustificationBook_Defense-Wide_PB_2013.zzz_unzipped-MasterJustificationBook_Defense-Wide_PB_2013.xml","c77d5f438539d7acd66e0d53502dbd64712600bc7cbf03a534e487a823f9d240","6-a16d2a90ca95f2545d4c2f85a02c466e0e6c3783aa3f6d6919aa01432e4ea679","1-ff67e92db0fcd1d98acd42102f478c251cec6c54935b511eaa06fe92083af912","root.record.ItemExhibitList.P5Item.CostElementCategoryList.Software.Recurring.CostElementList.CostElement.ManufacturerList.Manufacturer.HistoryPlanningList.HistoryPlanning"
"2011-10","635","2013-BASE_PROCUREMENT-2013-DEFENSE_VOL1-MasterJustificationBook_Defense-Wide_PB_2013.zzz_unzipped-MasterJustificationBook_Defense-Wide_PB_2013.xml","c77d5f438539d7acd66e0d53502dbd64712600bc7cbf03a534e487a823f9d240","7-41ae756cd951348f19c13be50c7115a45c38f67f4c0f5e74e836aac0da91c5f9","1-ff67e92db0fcd1d98acd42102f478c251cec6c54935b511eaa06fe92083af912","root.record.ItemExhibitList.P5Item.CostElementCategoryList.Software.Recurring.CostElementList.CostElement.ManufacturerList.Manufacturer.HistoryPlanningList.HistoryPlanning"
"2011-11","636","2013-BASE_PROCUREMENT-2013-DEFENSE_VOL1-MasterJustificationBook_Defense-Wide_PB_2013.zzz_unzipped-MasterJustificationBook_Defense-Wide_PB_2013.xml","c77d5f438539d7acd66e0d53502dbd64712600bc7cbf03a534e487a823f9d240","8-0e628b4bae6f40505374cfef3a383c6e59c81d548bdda4f2133c0f61b165ede2","1-ff67e92db0fcd1d98acd42102f478c251cec6c54935b511eaa06fe92083af912","root.record.ItemExhibitList.P5Item.CostElementCategoryList.Software.Recurring.CostElementList.CostElement.ManufacturerList.Manufacturer.HistoryPlanningList.HistoryPlanning"
"2011-12","634","2013-BASE_PROCUREMENT-2013-DEFENSE_VOL1-MasterJustificationBook_Defense-Wide_PB_2013.zzz_unzipped-MasterJustificationBook_Defense-Wide_PB_2013.xml","c77d5f438539d7acd66e0d53502dbd64712600bc7cbf03a534e487a823f9d240","9-a52b53d01b2667ab03aba24c8db9ea399cfc3c6a5412b19f8160b3a8caa64b35","1-ff67e92db0fcd1d98acd42102f478c251cec6c54935b511eaa06fe92083af912","root.record.ItemExhibitList.P5Item.CostElementCategoryList.Software.Recurring.CostElementList.CostElement.ManufacturerList.Manufacturer.HistoryPlanningList.HistoryPlanning"
"2011-09","800","2014-BASE_PROCUREMENT-2014-DEFENSE_CBDP-PROCUREMENT_JustificationBook_Chemical_and_Biological_Defense_Program_PB_2014.zzz_unzipped-PROCUREMENT_JustificationBook_Chemical_and_Biological_Defense_Program_PB_2014.xml","97d306f3e37f2906a5001bc7c82dbaa23baf8de90825e377097cc280fffa115b","0-21ca5575dd13007d2597a44a2c82846698285a952f13250694646384109fdd0c","0-ddded01316cea95cc2e9b3b80e56832d894db123790e0ea8b9781afe8fef688a","root.record.ItemExhibitList.P5Item.CostElementCategoryList.Software.Recurring.CostElementList.CostElement.ManufacturerList.Manufacturer.HistoryPlanningList.HistoryPlanning"
"2011-10","800","2014-BASE_PROCUREMENT-2014-DEFENSE_CBDP-PROCUREMENT_JustificationBook_Chemical_and_Biological_Defense_Program_PB_2014.zzz_unzipped-PROCUREMENT_JustificationBook_Chemical_and_Biological_Defense_Program_PB_2014.xml","97d306f3e37f2906a5001bc7c82dbaa23baf8de90825e377097cc280fffa115b","1-a0fbf321dd303279d527ca6767a687cdecdf9a39daf4880b75d61e98da9d969f","0-ddded01316cea95cc2e9b3b80e56832d894db123790e0ea8b9781afe8fef688a","root.record.ItemExhibitList.P5Item.CostElementCategoryList.Software.Recurring.CostElementList.CostElement.ManufacturerList.Manufacturer.HistoryPlanningList.HistoryPlanning"
"2011-11","800","2014-BASE_PROCUREMENT-2014-DEFENSE_CBDP-PROCUREMENT_JustificationBook_Chemical_and_Biological_Defense_Program_PB_2014.zzz_unzipped-PROCUREMENT_JustificationBook_Chemical_and_Biological_Defense_Program_PB_2014.xml","97d306f3e37f2906a5001bc7c82dbaa23baf8de90825e377097cc280fffa115b","2-d960ce6b360371fbd42f06bdecb50fe7d1aeae033e998d08301ffcadfea38f63","0-ddded01316cea95cc2e9b3b80e56832d894db123790e0ea8b9781afe8fef688a","root.record.ItemExhibitList.P5Item.CostElementCategoryList.Software.Recurring.CostElementList.CostElement.ManufacturerList.Manufacturer.HistoryPlanningList.HistoryPlanning"
"2011-12","800","2014-BASE_PROCUREMENT-2014-DEFENSE_CBDP-PROCUREMENT_JustificationBook_Chemical_and_Biological_Defense_Program_PB_2014.zzz_unzipped-PROCUREMENT_JustificationBook_Chemical_and_Biological_Defense_Program_PB_2014.xml","97d306f3e37f2906a5001bc7c82dbaa23baf8de90825e377097cc280fffa115b","3-89b9c1ec80483bf12ce6974edcdc1974c75cdddf0cbe06036b81849f62b5bba1","0-ddded01316cea95cc2e9b3b80e56832d894db123790e0ea8b9781afe8fef688a","root.record.ItemExhibitList.P5Item.CostElementCategoryList.Software.Recurring.CostElementList.CostElement.ManufacturerList.Manufacturer.HistoryPlanningList.HistoryPlanning"
"2012-01","800","2014-BASE_PROCUREMENT-2014-DEFENSE_CBDP-PROCUREMENT_JustificationBook_Chemical_and_Biological_Defense_Program_PB_2014.zzz_unzipped-PROCUREMENT_JustificationBook_Chemical_and_Biological_Defense_Program_PB_2014.xml","97d306f3e37f2906a5001bc7c82dbaa23baf8de90825e377097cc280fffa115b","4-594e63689699dfb9b4be2154ced65d1825d95ee525bb9f676c5f7c3d09b0de17","0-ddded01316cea95cc2e9b3b80e56832d894db123790e0ea8b9781afe8fef688a","root.record.ItemExhibitList.P5Item.CostElementCategoryList.Software.Recurring.CostElementList.CostElement.ManufacturerList.Manufacturer.HistoryPlanningList.HistoryPlanning"
"2012-05","1000","2014-BASE_PROCUREMENT-2014-DEFENSE_CBDP-PROCUREMENT_JustificationBook_Chemical_and_Biological_Defense_Program_PB_2014.zzz_unzipped-PROCUREMENT_JustificationBook_Chemical_and_Biological_Defense_Program_PB_2014.xml","97d306f3e37f2906a5001bc7c82dbaa23baf8de90825e377097cc280fffa115b","0-e3a19aaff0487a351c3be951e469c2aa7212dd59bb39cfcefaf1ead144f90c49","1-719fe3d6336700bd0833e66a7ad041e64473d9bc30e5d8dc9d6245a08115afd0","root.record.ItemExhibitList.P5Item.CostElementCategoryList.Software.Recurring.CostElementList.CostElement.ManufacturerList.Manufacturer.HistoryPlanningList.HistoryPlanning"
"2012-06","1000","2014-BASE_PROCUREMENT-2014-DEFENSE_CBDP-PROCUREMENT_JustificationBook_Chemical_and_Biological_Defense_Program_PB_2014.zzz_unzipped-PROCUREMENT_JustificationBook_Chemical_and_Biological_Defense_Program_PB_2014.xml","97d306f3e37f2906a5001bc7c82dbaa23baf8de90825e377097cc280fffa115b","1-e810d61f14a19cedf939740187ee183918fac77428b41bfd41daf0b87f09ef04","1-719fe3d6336700bd0833e66a7ad041e64473d9bc30e5d8dc9d6245a08115afd0","root.record.ItemExhibitList.P5Item.CostElementCategoryList.Software.Recurring.CostElementList.CostElement.ManufacturerList.Manufacturer.HistoryPlanningList.HistoryPlanning"
"2012-07","1000","2014-BASE_PROCUREMENT-2014-DEFENSE_CBDP-PROCUREMENT_JustificationBook_Chemical_and_Biological_Defense_Program_PB_2014.zzz_unzipped-PROCUREMENT_JustificationBook_Chemical_and_Biological_Defense_Program_PB_2014.xml","97d306f3e37f2906a5001bc7c82dbaa23baf8de90825e377097cc280fffa115b","2-4e1509bb28ec5f7cb8947c5c08637c0a226761f5855f24118e1def1ebda0f674","1-719fe3d6336700bd0833e66a7ad041e64473d9bc30e5d8dc9d6245a08115afd0","root.record.ItemExhibitList.P5Item.CostElementCategoryList.Software.Recurring.CostElementList.CostElement.ManufacturerList.Manufacturer.HistoryPlanningList.HistoryPlanning"
"2012-08","1000","2014-BASE_PROCUREMENT-2014-DEFENSE_CBDP-PROCUREMENT_JustificationBook_Chemical_and_Biological_Defense_Program_PB_2014.zzz_unzipped-PROCUREMENT_JustificationBook_Chemical_and_Biological_Defense_Program_PB_2014.xml","97d306f3e37f2906a5001bc7c82dbaa23baf8de90825e377097cc280fffa115b","3-0d87c19055614f7eb9963ceb00ba46cf8b3e2ed0d8f38a31c4785a6eeca231b5","1-719fe3d6336700bd0833e66a7ad041e64473d9bc30e5d8dc9d6245a08115afd0","root.record.ItemExhibitList.P5Item.CostElementCategoryList.Software.Recurring.CostElementList.CostElement.ManufacturerList.Manufacturer.HistoryPlanningList.HistoryPlanning"
"2012-09","1000","2014-BASE_PROCUREMENT-2014-DEFENSE_CBDP-PROCUREMENT_JustificationBook_Chemical_and_Biological_Defense_Program_PB_2014.zzz_unzipped-PROCUREMENT_JustificationBook_Chemical_and_Biological_Defense_Program_PB_2014.xml","97d306f3e37f2906a5001bc7c82dbaa23baf8de90825e377097cc280fffa115b","4-9495324bfb6cb62ede505b97d7b986f29ba558b898d41e54b6334e5774ebfa60","1-719fe3d6336700bd0833e66a7ad041e64473d9bc30e5d8dc9d6245a08115afd0","root.record.ItemExhibitList.P5Item.CostElementCategoryList.Software.Recurring.CostElementList.CostElement.ManufacturerList.Manufacturer.HistoryPlanningList.HistoryPlanning"
"2013-03","1000","2014-BASE_PROCUREMENT-2014-DEFENSE_CBDP-PROCUREMENT_JustificationBook_Chemical_and_Biological_Defense_Program_PB_2014.zzz_unzipped-PROCUREMENT_JustificationBook_Chemical_and_Biological_Defense_Program_PB_2014.xml","97d306f3e37f2906a5001bc7c82dbaa23baf8de90825e377097cc280fffa115b","0-4896628fb56919511709e7d6c93c493c61165abbb939b34a6e0170422744bb46","2-c56822701df3188714723e6eec62c9959aba94737b785d2567ac87382f4a2e8d","root.record.ItemExhibitList.P5Item.CostElementCategoryList.Software.Recurring.CostElementList.CostElement.ManufacturerList.Manufacturer.HistoryPlanningList.HistoryPlanning"
"2013-04","1000","2014-BASE_PROCUREMENT-2014-DEFENSE_CBDP-PROCUREMENT_JustificationBook_Chemical_and_Biological_Defense_Program_PB_2014.zzz_unzipped-PROCUREMENT_JustificationBook_Chemical_and_Biological_Defense_Program_PB_2014.xml","97d306f3e37f2906a5001bc7c82dbaa23baf8de90825e377097cc280fffa115b","1-e27e09c0d9c27a199852f2a802027714ba6e8c1a152e3eee6dcedd131bc43030","2-c56822701df3188714723e6eec62c9959aba94737b785d2567ac87382f4a2e8d","root.record.ItemExhibitList.P5Item.CostElementCategoryList.Software.Recurring.CostElementList.CostElement.ManufacturerList.Manufacturer.HistoryPlanningList.HistoryPlanning"
"2013-05","1000","2014-BASE_PROCUREMENT-2014-DEFENSE_CBDP-PROCUREMENT_JustificationBook_Chemical_and_Biological_Defense_Program_PB_2014.zzz_unzipped-PROCUREMENT_JustificationBook_Chemical_and_Biological_Defense_Program_PB_2014.xml","97d306f3e37f2906a5001bc7c82dbaa23baf8de90825e377097cc280fffa115b","2-cd3adc30de1cb5d13baab6199ff3dc18be52c7359808076e97299d5cf893d123","2-c56822701df3188714723e6eec62c9959aba94737b785d2567ac87382f4a2e8d","root.record.ItemExhibitList.P5Item.CostElementCategoryList.Software.Recurring.CostElementList.CostElement.ManufacturerList.Manufacturer.HistoryPlanningList.HistoryPlanning"
"2013-06","1000","2014-BASE_PROCUREMENT-2014-DEFENSE_CBDP-PROCUREMENT_JustificationBook_Chemical_and_Biological_Defense_Program_PB_2014.zzz_unzipped-PROCUREMENT_JustificationBook_Chemical_and_Biological_Defense_Program_PB_2014.xml","97d306f3e37f2906a5001bc7c82dbaa23baf8de90825e377097cc280fffa115b","3-a49b74a3ce62b2f18f2a43f3df924b9ae8609d373b5aecdb9748b1735cebc6a3","2-c56822701df3188714723e6eec62c9959aba94737b785d2567ac87382f4a2e8d","root.record.ItemExhibitList.P5Item.CostElementCategoryList.Software.Recurring.CostElementList.CostElement.ManufacturerList.Manufacturer.HistoryPlanningList.HistoryPlanning"
"2013-07","1000","2014-BASE_PROCUREMENT-2014-DEFENSE_CBDP-PROCUREMENT_JustificationBook_Chemical_and_Biological_Defense_Program_PB_2014.zzz_unzipped-PROCUREMENT_JustificationBook_Chemical_and_Biological_Defense_Program_PB_2014.xml","97d306f3e37f2906a5001bc7c82dbaa23baf8de90825e377097cc280fffa115b","4-beecd5e6e12ca52c51090538c923b8307842fe7b8515479759c69b0a3ecee27a","2-c56822701df3188714723e6eec62c9959aba94737b785d2567ac87382f4a2e8d","root.record.ItemExhibitList.P5Item.CostElementCategoryList.Software.Recurring.CostElementList.CostElement.ManufacturerList.Manufacturer.HistoryPlanningList.HistoryPlanning"
"2011-03","1246","2014-BASE_PROCUREMENT-2014-DEFENSE_CBDP-PROCUREMENT_JustificationBook_Chemical_and_Biological_Defense_Program_PB_2014.zzz_unzipped-PROCUREMENT_JustificationBook_Chemical_and_Biological_Defense_Program_PB_2014.xml","97d306f3e37f2906a5001bc7c82dbaa23baf8de90825e377097cc280fffa115b","0-b74fb8aa39d4feddec9eea551c6175c74bb62355b00ed7fa3f0d75e8f0c98151","0-c14ffeb87e586811a4107d5943d26f3b26bfe9db23513ab7ebd2c715e39b3229","root.record.ItemExhibitList.P5Item.CostElementCategoryList.Software.Recurring.CostElementList.CostElement.ManufacturerList.Manufacturer.HistoryPlanningList.HistoryPlanning"
"2011-04","635","2014-BASE_PROCUREMENT-2014-DEFENSE_CBDP-PROCUREMENT_JustificationBook_Chemical_and_Biological_Defense_Program_PB_2014.zzz_unzipped-PROCUREMENT_JustificationBook_Chemical_and_Biological_Defense_Program_PB_2014.xml","97d306f3e37f2906a5001bc7c82dbaa23baf8de90825e377097cc280fffa115b","1-1da0cb678d09c9943f4ea01ea2038af1ca0eaba77773a2944d671f689f5a7cfe","0-c14ffeb87e586811a4107d5943d26f3b26bfe9db23513ab7ebd2c715e39b3229","root.record.ItemExhibitList.P5Item.CostElementCategoryList.Software.Recurring.CostElementList.CostElement.ManufacturerList.Manufacturer.HistoryPlanningList.HistoryPlanning"
"2011-05","636","2014-BASE_PROCUREMENT-2014-DEFENSE_CBDP-PROCUREMENT_JustificationBook_Chemical_and_Biological_Defense_Program_PB_2014.zzz_unzipped-PROCUREMENT_JustificationBook_Chemical_and_Biological_Defense_Program_PB_2014.xml","97d306f3e37f2906a5001bc7c82dbaa23baf8de90825e377097cc280fffa115b","2-6a9c1e913b7e3ff09f0e1f5eda674cb374f390353282a0e1d866fffafe1e6f90","0-c14ffeb87e586811a4107d5943d26f3b26bfe9db23513ab7ebd2c715e39b3229","root.record.ItemExhibitList.P5Item.CostElementCategoryList.Software.Recurring.CostElementList.CostElement.ManufacturerList.Manufacturer.HistoryPlanningList.HistoryPlanning"
"2011-06","635","2014-BASE_PROCUREMENT-2014-DEFENSE_CBDP-PROCUREMENT_JustificationBook_Chemical_and_Biological_Defense_Program_PB_2014.zzz_unzipped-PROCUREMENT_JustificationBook_Chemical_and_Biological_Defense_Program_PB_2014.xml","97d306f3e37f2906a5001bc7c82dbaa23baf8de90825e377097cc280fffa115b","3-da59fdb7c41a606d0b744654e51beb9c6fa381aa9520670f06c5e411a51ad23e","0-c14ffeb87e586811a4107d5943d26f3b26bfe9db23513ab7ebd2c715e39b3229","root.record.ItemExhibitList.P5Item.CostElementCategoryList.Software.Recurring.CostElementList.CostElement.ManufacturerList.Manufacturer.HistoryPlanningList.HistoryPlanning"
"2011-07","636","2014-BASE_PROCUREMENT-2014-DEFENSE_CBDP-PROCUREMENT_JustificationBook_Chemical_and_Biological_Defense_Program_PB_2014.zzz_unzipped-PROCUREMENT_JustificationBook_Chemical_and_Biological_Defense_Program_PB_2014.xml","97d306f3e37f2906a5001bc7c82dbaa23baf8de90825e377097cc280fffa115b","4-2779e6c66966a72d766aaef6072982b6065593b5652b8aacf3f4c2ce5513d2a5","0-c14ffeb87e586811a4107d5943d26f3b26bfe9db23513ab7ebd2c715e39b3229","root.record.ItemExhibitList.P5Item.CostElementCategoryList.Software.Recurring.CostElementList.CostElement.ManufacturerList.Manufacturer.HistoryPlanningList.HistoryPlanning"
"2011-08","635","2014-BASE_PROCUREMENT-2014-DEFENSE_CBDP-PROCUREMENT_JustificationBook_Chemical_and_Biological_Defense_Program_PB_2014.zzz_unzipped-PROCUREMENT_JustificationBook_Chemical_and_Biological_Defense_Program_PB_2014.xml","97d306f3e37f2906a5001bc7c82dbaa23baf8de90825e377097cc280fffa115b","5-5dccc1578e3b3da8aa2c23647671216d03346d3e53d326cfd2ed7d71acb21299","0-c14ffeb87e586811a4107d5943d26f3b26bfe9db23513ab7ebd2c715e39b3229","root.record.ItemExhibitList.P5Item.CostElementCategoryList.Software.Recurring.CostElementList.CostElement.ManufacturerList.Manufacturer.HistoryPlanningList.HistoryPlanning"
"2011-09","636","2014-BASE_PROCUREMENT-2014-DEFENSE_CBDP-PROCUREMENT_JustificationBook_Chemical_and_Biological_Defense_Program_PB_2014.zzz_unzipped-PROCUREMENT_JustificationBook_Chemical_and_Biological_Defense_Program_PB_2014.xml","97d306f3e37f2906a5001bc7c82dbaa23baf8de90825e377097cc280fffa115b","6-0e5cb76349c3890c887fa040261b6cdcdf6c2305a22286051ecf8dc06a6b0ea5","0-c14ffeb87e586811a4107d5943d26f3b26bfe9db23513ab7ebd2c715e39b3229","root.record.ItemExhibitList.P5Item.CostElementCategoryList.Software.Recurring.CostElementList.CostElement.ManufacturerList.Manufacturer.HistoryPlanningList.HistoryPlanning"
"2011-10","635","2014-BASE_PROCUREMENT-2014-DEFENSE_CBDP-PROCUREMENT_JustificationBook_Chemical_and_Biological_Defense_Program_PB_2014.zzz_unzipped-PROCUREMENT_JustificationBook_Chemical_and_Biological_Defense_Program_PB_2014.xml","97d306f3e37f2906a5001bc7c82dbaa23baf8de90825e377097cc280fffa115b","7-457b0be09169069bb2b5a1cfe491118bc2be124b56509d684aff0f391d3ec74e","0-c14ffeb87e586811a4107d5943d26f3b26bfe9db23513ab7ebd2c715e39b3229","root.record.ItemExhibitList.P5Item.CostElementCategoryList.Software.Recurring.CostElementList.CostElement.ManufacturerList.Manufacturer.HistoryPlanningList.HistoryPlanning"
"2011-11","636","2014-BASE_PROCUREMENT-2014-DEFENSE_CBDP-PROCUREMENT_JustificationBook_Chemical_and_Biological_Defense_Program_PB_2014.zzz_unzipped-PROCUREMENT_JustificationBook_Chemical_and_Biological_Defense_Program_PB_2014.xml","97d306f3e37f2906a5001bc7c82dbaa23baf8de90825e377097cc280fffa115b","8-471f11d5258d68452409982ac4a20a5a2115f65f15c828835826dbcd8f304b54","0-c14ffeb87e586811a4107d5943d26f3b26bfe9db23513ab7ebd2c715e39b3229","root.record.ItemExhibitList.P5Item.CostElementCategoryList.Software.Recurring.CostElementList.CostElement.ManufacturerList.Manufacturer.HistoryPlanningList.HistoryPlanning"
"2011-12","634","2014-BASE_PROCUREMENT-2014-DEFENSE_CBDP-PROCUREMENT_JustificationBook_Chemical_and_Biological_Defense_Program_PB_2014.zzz_unzipped-PROCUREMENT_JustificationBook_Chemical_and_Biological_Defense_Program_PB_2014.xml","97d306f3e37f2906a5001bc7c82dbaa23baf8de90825e377097cc280fffa115b","9-804c1ad257a41addf46b605e596253f17dd4e205669762c91e78422d0e2b68e0","0-c14ffeb87e586811a4107d5943d26f3b26bfe9db23513ab7ebd2c715e39b3229","root.record.ItemExhibitList.P5Item.CostElementCategoryList.Software.Recurring.CostElementList.CostElement.ManufacturerList.Manufacturer.HistoryPlanningList.HistoryPlanning"
"2011-09","800","2014-BASE_PROCUREMENT-2014-DEFENSE_VOL1-PROCUREMENT_MasterJustificationBook_Defense-Wide_PB_2014.zzz_unzipped-PROCUREMENT_MasterJustificationBook_Defense-Wide_PB_2014.xml","2dc8b319e28774b8158e551f3de9ff70b9908792cce30b426a07033c4ab4c58f","0-44bd6345113df9ae5281624189f4bbaef35cc16d93641f0e1c5c9455d18ae0cb","0-e3c81ed49da097c006b6d8870a1634c9f7c63034dcde9840660027fa3919fe6c","root.record.ItemExhibitList.P5Item.CostElementCategoryList.Software.Recurring.CostElementList.CostElement.ManufacturerList.Manufacturer.HistoryPlanningList.HistoryPlanning"
"2011-10","800","2014-BASE_PROCUREMENT-2014-DEFENSE_VOL1-PROCUREMENT_MasterJustificationBook_Defense-Wide_PB_2014.zzz_unzipped-PROCUREMENT_MasterJustificationBook_Defense-Wide_PB_2014.xml","2dc8b319e28774b8158e551f3de9ff70b9908792cce30b426a07033c4ab4c58f","1-e191f09ebc90d4938b97e48a41702d66281c6acbe2915afe576403808eb34db3","0-e3c81ed49da097c006b6d8870a1634c9f7c63034dcde9840660027fa3919fe6c","root.record.ItemExhibitList.P5Item.CostElementCategoryList.Software.Recurring.CostElementList.CostElement.ManufacturerList.Manufacturer.HistoryPlanningList.HistoryPlanning"
"2011-11","800","2014-BASE_PROCUREMENT-2014-DEFENSE_VOL1-PROCUREMENT_MasterJustificationBook_Defense-Wide_PB_2014.zzz_unzipped-PROCUREMENT_MasterJustificationBook_Defense-Wide_PB_2014.xml","2dc8b319e28774b8158e551f3de9ff70b9908792cce30b426a07033c4ab4c58f","2-302d627de0cb6e9d1ffac02e1f00d4f0e6bc965a1b14c63a7e58f2b1fd7f110e","0-e3c81ed49da097c006b6d8870a1634c9f7c63034dcde9840660027fa3919fe6c","root.record.ItemExhibitList.P5Item.CostElementCategoryList.Software.Recurring.CostElementList.CostElement.ManufacturerList.Manufacturer.HistoryPlanningList.HistoryPlanning"
"2011-12","800","2014-BASE_PROCUREMENT-2014-DEFENSE_VOL1-PROCUREMENT_MasterJustificationBook_Defense-Wide_PB_2014.zzz_unzipped-PROCUREMENT_MasterJustificationBook_Defense-Wide_PB_2014.xml","2dc8b319e28774b8158e551f3de9ff70b9908792cce30b426a07033c4ab4c58f","3-8d6026041e24ee279c558758b8c68257affcd10c84f7e216a0fce738a02e7400","0-e3c81ed49da097c006b6d8870a1634c9f7c63034dcde9840660027fa3919fe6c","root.record.ItemExhibitList.P5Item.CostElementCategoryList.Software.Recurring.CostElementList.CostElement.ManufacturerList.Manufacturer.HistoryPlanningList.HistoryPlanning"
"2012-01","800","2014-BASE_PROCUREMENT-2014-DEFENSE_VOL1-PROCUREMENT_MasterJustificationBook_Defense-Wide_PB_2014.zzz_unzipped-PROCUREMENT_MasterJustificationBook_Defense-Wide_PB_2014.xml","2dc8b319e28774b8158e551f3de9ff70b9908792cce30b426a07033c4ab4c58f","4-bcda13109e63a9d65673dbf412e3dacdb57b9494534ef63a0b525c685a7a9d48","0-e3c81ed49da097c006b6d8870a1634c9f7c63034dcde9840660027fa3919fe6c","root.record.ItemExhibitList.P5Item.CostElementCategoryList.Software.Recurring.CostElementList.CostElement.ManufacturerList.Manufacturer.HistoryPlanningList.HistoryPlanning"
"2012-05","1000","2014-BASE_PROCUREMENT-2014-DEFENSE_VOL1-PROCUREMENT_MasterJustificationBook_Defense-Wide_PB_2014.zzz_unzipped-PROCUREMENT_MasterJustificationBook_Defense-Wide_PB_2014.xml","2dc8b319e28774b8158e551f3de9ff70b9908792cce30b426a07033c4ab4c58f","0-f9ad27c03834d5cb25062f576a0c1d7afe8cf729c6bb76a4b1525111cccab783","1-1d5b5cba22a15a097448dc310d4dfc3322e2b03a1ffe7d0ea46ef098d900cbcb","root.record.ItemExhibitList.P5Item.CostElementCategoryList.Software.Recurring.CostElementList.CostElement.ManufacturerList.Manufacturer.HistoryPlanningList.HistoryPlanning"
"2012-06","1000","2014-BASE_PROCUREMENT-2014-DEFENSE_VOL1-PROCUREMENT_MasterJustificationBook_Defense-Wide_PB_2014.zzz_unzipped-PROCUREMENT_MasterJustificationBook_Defense-Wide_PB_2014.xml","2dc8b319e28774b8158e551f3de9ff70b9908792cce30b426a07033c4ab4c58f","1-8bb279ffa99c6d1a36cc65a384656ced7948240acab751907c8200d7baa368b5","1-1d5b5cba22a15a097448dc310d4dfc3322e2b03a1ffe7d0ea46ef098d900cbcb","root.record.ItemExhibitList.P5Item.CostElementCategoryList.Software.Recurring.CostElementList.CostElement.ManufacturerList.Manufacturer.HistoryPlanningList.HistoryPlanning"
"2012-07","1000","2014-BASE_PROCUREMENT-2014-DEFENSE_VOL1-PROCUREMENT_MasterJustificationBook_Defense-Wide_PB_2014.zzz_unzipped-PROCUREMENT_MasterJustificationBook_Defense-Wide_PB_2014.xml","2dc8b319e28774b8158e551f3de9ff70b9908792cce30b426a07033c4ab4c58f","2-f1a45871d858a3bf686ed5400da01b4ae6fa1c63aad1f3847c2ddd0f25e02e1d","1-1d5b5cba22a15a097448dc310d4dfc3322e2b03a1ffe7d0ea46ef098d900cbcb","root.record.ItemExhibitList.P5Item.CostElementCategoryList.Software.Recurring.CostElementList.CostElement.ManufacturerList.Manufacturer.HistoryPlanningList.HistoryPlanning"
"2012-08","1000","2014-BASE_PROCUREMENT-2014-DEFENSE_VOL1-PROCUREMENT_MasterJustificationBook_Defense-Wide_PB_2014.zzz_unzipped-PROCUREMENT_MasterJustificationBook_Defense-Wide_PB_2014.xml","2dc8b319e28774b8158e551f3de9ff70b9908792cce30b426a07033c4ab4c58f","3-fbbe9a270e3c128cfae849000784e115bdf5f5cf9a7f711a498701bad21aba6d","1-1d5b5cba22a15a097448dc310d4dfc3322e2b03a1ffe7d0ea46ef098d900cbcb","root.record.ItemExhibitList.P5Item.CostElementCategoryList.Software.Recurring.CostElementList.CostElement.ManufacturerList.Manufacturer.HistoryPlanningList.HistoryPlanning"
"2012-09","1000","2014-BASE_PROCUREMENT-2014-DEFENSE_VOL1-PROCUREMENT_MasterJustificationBook_Defense-Wide_PB_2014.zzz_unzipped-PROCUREMENT_MasterJustificationBook_Defense-Wide_PB_2014.xml","2dc8b319e28774b8158e551f3de9ff70b9908792cce30b426a07033c4ab4c58f","4-340674bdf46b63b5deb5478cddf85a45c6ed08c802b8c6d39ed610f20404593e","1-1d5b5cba22a15a097448dc310d4dfc3322e2b03a1ffe7d0ea46ef098d900cbcb","root.record.ItemExhibitList.P5Item.CostElementCategoryList.Software.Recurring.CostElementList.CostElement.ManufacturerList.Manufacturer.HistoryPlanningList.HistoryPlanning"
"2013-03","1000","2014-BASE_PROCUREMENT-2014-DEFENSE_VOL1-PROCUREMENT_MasterJustificationBook_Defense-Wide_PB_2014.zzz_unzipped-PROCUREMENT_MasterJustificationBook_Defense-Wide_PB_2014.xml","2dc8b319e28774b8158e551f3de9ff70b9908792cce30b426a07033c4ab4c58f","0-18ab52989d141124ca08a9c85c40525d60a601ae4d4b93c4d455fd0ca48b5fad","2-4bcf2d7e5a3b0c708e0642cdebec6815bab0e6bc9e2d8716b45f72d61aff2efb","root.record.ItemExhibitList.P5Item.CostElementCategoryList.Software.Recurring.CostElementList.CostElement.ManufacturerList.Manufacturer.HistoryPlanningList.HistoryPlanning"
"2013-04","1000","2014-BASE_PROCUREMENT-2014-DEFENSE_VOL1-PROCUREMENT_MasterJustificationBook_Defense-Wide_PB_2014.zzz_unzipped-PROCUREMENT_MasterJustificationBook_Defense-Wide_PB_2014.xml","2dc8b319e28774b8158e551f3de9ff70b9908792cce30b426a07033c4ab4c58f","1-5bd102a4013c0ffeb72b171a25e87b0c2e4a7792970cf52b11f1b74f8c081324","2-4bcf2d7e5a3b0c708e0642cdebec6815bab0e6bc9e2d8716b45f72d61aff2efb","root.record.ItemExhibitList.P5Item.CostElementCategoryList.Software.Recurring.CostElementList.CostElement.ManufacturerList.Manufacturer.HistoryPlanningList.HistoryPlanning"
"2013-05","1000","2014-BASE_PROCUREMENT-2014-DEFENSE_VOL1-PROCUREMENT_MasterJustificationBook_Defense-Wide_PB_2014.zzz_unzipped-PROCUREMENT_MasterJustificationBook_Defense-Wide_PB_2014.xml","2dc8b319e28774b8158e551f3de9ff70b9908792cce30b426a07033c4ab4c58f","2-6dd4bd8e788440613b83fb7b337aec9b912dde47352655501602590b96d0b799","2-4bcf2d7e5a3b0c708e0642cdebec6815bab0e6bc9e2d8716b45f72d61aff2efb","root.record.ItemExhibitList.P5Item.CostElementCategoryList.Software.Recurring.CostElementList.CostElement.ManufacturerList.Manufacturer.HistoryPlanningList.HistoryPlanning"
"2013-06","1000","2014-BASE_PROCUREMENT-2014-DEFENSE_VOL1-PROCUREMENT_MasterJustificationBook_Defense-Wide_PB_2014.zzz_unzipped-PROCUREMENT_MasterJustificationBook_Defense-Wide_PB_2014.xml","2dc8b319e28774b8158e551f3de9ff70b9908792cce30b426a07033c4ab4c58f","3-458cd67990ee0739d3174b8149e105b94f3b3f9a1e8d5ed1219601b332288eb2","2-4bcf2d7e5a3b0c708e0642cdebec6815bab0e6bc9e2d8716b45f72d61aff2efb","root.record.ItemExhibitList.P5Item.CostElementCategoryList.Software.Recurring.CostElementList.CostElement.ManufacturerList.Manufacturer.HistoryPlanningList.HistoryPlanning"
"2013-07","1000","2014-BASE_PROCUREMENT-2014-DEFENSE_VOL1-PROCUREMENT_MasterJustificationBook_Defense-Wide_PB_2014.zzz_unzipped-PROCUREMENT_MasterJustificationBook_Defense-Wide_PB_2014.xml","2dc8b319e28774b8158e551f3de9ff70b9908792cce30b426a07033c4ab4c58f","4-439919f62b8df145a13b2f4b30d588177ffa3a94f70440bb7c48021d7fb0b6d0","2-4bcf2d7e5a3b0c708e0642cdebec6815bab0e6bc9e2d8716b45f72d61aff2efb","root.record.ItemExhibitList.P5Item.CostElementCategoryList.Software.Recurring.CostElementList.CostElement.ManufacturerList.Manufacturer.HistoryPlanningList.HistoryPlanning"
"2011-03","1246","2014-BASE_PROCUREMENT-2014-DEFENSE_VOL1-PROCUREMENT_MasterJustificationBook_Defense-Wide_PB_2014.zzz_unzipped-PROCUREMENT_MasterJustificationBook_Defense-Wide_PB_2014.xml","2dc8b319e28774b8158e551f3de9ff70b9908792cce30b426a07033c4ab4c58f","0-196190c239c2a7294c99859cb49e062fd9f6c1a7d5ecad8d838289bd2a8b75a6","0-7228b4c0ed9ac614e83971574ef4c939d04c8895dc149b09d658ba7e5af581b2","root.record.ItemExhibitList.P5Item.CostElementCategoryList.Software.Recurring.CostElementList.CostElement.ManufacturerList.Manufacturer.HistoryPlanningList.HistoryPlanning"
"2011-04","635","2014-BASE_PROCUREMENT-2014-DEFENSE_VOL1-PROCUREMENT_MasterJustificationBook_Defense-Wide_PB_2014.zzz_unzipped-PROCUREMENT_MasterJustificationBook_Defense-Wide_PB_2014.xml","2dc8b319e28774b8158e551f3de9ff70b9908792cce30b426a07033c4ab4c58f","1-a302b4fe36c003f8d731e7971335e262aac5ad6ad806a978789e39dc7fb3a14c","0-7228b4c0ed9ac614e83971574ef4c939d04c8895dc149b09d658ba7e5af581b2","root.record.ItemExhibitList.P5Item.CostElementCategoryList.Software.Recurring.CostElementList.CostElement.ManufacturerList.Manufacturer.HistoryPlanningList.HistoryPlanning"
"2011-05","636","2014-BASE_PROCUREMENT-2014-DEFENSE_VOL1-PROCUREMENT_MasterJustificationBook_Defense-Wide_PB_2014.zzz_unzipped-PROCUREMENT_MasterJustificationBook_Defense-Wide_PB_2014.xml","2dc8b319e28774b8158e551f3de9ff70b9908792cce30b426a07033c4ab4c58f","2-3a82be5289a877a25d705b131c910e7664902eacafeb478ad3f0fd02a705fca1","0-7228b4c0ed9ac614e83971574ef4c939d04c8895dc149b09d658ba7e5af581b2","root.record.ItemExhibitList.P5Item.CostElementCategoryList.Software.Recurring.CostElementList.CostElement.ManufacturerList.Manufacturer.HistoryPlanningList.HistoryPlanning"
"2011-06","635","2014-BASE_PROCUREMENT-2014-DEFENSE_VOL1-PROCUREMENT_MasterJustificationBook_Defense-Wide_PB_2014.zzz_unzipped-PROCUREMENT_MasterJustificationBook_Defense-Wide_PB_2014.xml","2dc8b319e28774b8158e551f3de9ff70b9908792cce30b426a07033c4ab4c58f","3-5c899dc78cb8461bdd5280659d9a68933e33e5048eaf3a563031deaf347ff5b3","0-7228b4c0ed9ac614e83971574ef4c939d04c8895dc149b09d658ba7e5af581b2","root.record.ItemExhibitList.P5Item.CostElementCategoryList.Software.Recurring.CostElementList.CostElement.ManufacturerList.Manufacturer.HistoryPlanningList.HistoryPlanning"
"2011-07","636","2014-BASE_PROCUREMENT-2014-DEFENSE_VOL1-PROCUREMENT_MasterJustificationBook_Defense-Wide_PB_2014.zzz_unzipped-PROCUREMENT_MasterJustificationBook_Defense-Wide_PB_2014.xml","2dc8b319e28774b8158e551f3de9ff70b9908792cce30b426a07033c4ab4c58f","4-77a78255a2abdb13d3e9216e8d5b587aa1acb6f06df6ffa5ef013ba1b4f79cb3","0-7228b4c0ed9ac614e83971574ef4c939d04c8895dc149b09d658ba7e5af581b2","root.record.ItemExhibitList.P5Item.CostElementCategoryList.Software.Recurring.CostElementList.CostElement.ManufacturerList.Manufacturer.HistoryPlanningList.HistoryPlanning"
"2011-08","635","2014-BASE_PROCUREMENT-2014-DEFENSE_VOL1-PROCUREMENT_MasterJustificationBook_Defense-Wide_PB_2014.zzz_unzipped-PROCUREMENT_MasterJustificationBook_Defense-Wide_PB_2014.xml","2dc8b319e28774b8158e551f3de9ff70b9908792cce30b426a07033c4ab4c58f","5-728156d431547b1fb784761b82af395b9634ae3678c8aa07eaf573e19c3e7f41","0-7228b4c0ed9ac614e83971574ef4c939d04c8895dc149b09d658ba7e5af581b2","root.record.ItemExhibitList.P5Item.CostElementCategoryList.Software.Recurring.CostElementList.CostElement.ManufacturerList.Manufacturer.HistoryPlanningList.HistoryPlanning"
"2011-09","636","2014-BASE_PROCUREMENT-2014-DEFENSE_VOL1-PROCUREMENT_MasterJustificationBook_Defense-Wide_PB_2014.zzz_unzipped-PROCUREMENT_MasterJustificationBook_Defense-Wide_PB_2014.xml","2dc8b319e28774b8158e551f3de9ff70b9908792cce30b426a07033c4ab4c58f","6-512d63448d488b3a9f0c522c42e0d366dcbda74a4de1423bb09c3a4b5b4ca04c","0-7228b4c0ed9ac614e83971574ef4c939d04c8895dc149b09d658ba7e5af581b2","root.record.ItemExhibitList.P5Item.CostElementCategoryList.Software.Recurring.CostElementList.CostElement.ManufacturerList.Manufacturer.HistoryPlanningList.HistoryPlanning"
"2011-10","635","2014-BASE_PROCUREMENT-2014-DEFENSE_VOL1-PROCUREMENT_MasterJustificationBook_Defense-Wide_PB_2014.zzz_unzipped-PROCUREMENT_MasterJustificationBook_Defense-Wide_PB_2014.xml","2dc8b319e28774b8158e551f3de9ff70b9908792cce30b426a07033c4ab4c58f","7-bdd82b346f156e92f86434d9278ce90b75518a15d0db9a84881acc24cc3ef1d7","0-7228b4c0ed9ac614e83971574ef4c939d04c8895dc149b09d658ba7e5af581b2","root.record.ItemExhibitList.P5Item.CostElementCategoryList.Software.Recurring.CostElementList.CostElement.ManufacturerList.Manufacturer.HistoryPlanningList.HistoryPlanning"
"2011-11","636","2014-BASE_PROCUREMENT-2014-DEFENSE_VOL1-PROCUREMENT_MasterJustificationBook_Defense-Wide_PB_2014.zzz_unzipped-PROCUREMENT_MasterJustificationBook_Defense-Wide_PB_2014.xml","2dc8b319e28774b8158e551f3de9ff70b9908792cce30b426a07033c4ab4c58f","8-792c22f53f2531125411c3fadb34f514a0b75645d7500bbf0727bfbee60c1a3e","0-7228b4c0ed9ac614e83971574ef4c939d04c8895dc149b09d658ba7e5af581b2","root.record.ItemExhibitList.P5Item.CostElementCategoryList.Software.Recurring.CostElementList.CostElement.ManufacturerList.Manufacturer.HistoryPlanningList.HistoryPlanning"
"2011-12","634","2014-BASE_PROCUREMENT-2014-DEFENSE_VOL1-PROCUREMENT_MasterJustificationBook_Defense-Wide_PB_2014.zzz_unzipped-PROCUREMENT_MasterJustificationBook_Defense-Wide_PB_2014.xml","2dc8b319e28774b8158e551f3de9ff70b9908792cce30b426a07033c4ab4c58f","9-d021ab958283ef198da6fbae4084d37b45bc93d88a15e4c79af9c3ec9414c64f","0-7228b4c0ed9ac614e83971574ef4c939d04c8895dc149b09d658ba7e5af581b2","root.record.ItemExhibitList.P5Item.CostElementCategoryList.Software.Recurring.CostElementList.CostElement.ManufacturerList.Manufacturer.HistoryPlanningList.HistoryPlanning"
"2016-07","1.000","2017-BASE_PROCUREMENT-2017-ARMY_OTHER_3-4-U_PROCUREMENT_JustificationBook_Army_PB_2017.zzz_unzipped-U_PROCUREMENT_JustificationBook_Army_PB_2017.xml","99fdf12344ddbe14e1ebbcb6290f9a4143355b155574f258b5b758209b883288","0-49c6b57f3e3a696f23dc82b94b6bbf3af25c7ee4b185900784bb19bedbbe0b06","0-736958eadc66ef59eca8ba8da7717ea59aa4c03fced40b3103336e5de36b0de5","root.record.ItemExhibitList.P5Item.CostElementCategoryList.Software.Recurring.CostElementList.CostElement.ManufacturerList.Manufacturer.HistoryPlanningList.HistoryPlanning"
"2017-01","1.000","2017-BASE_PROCUREMENT-2017-ARMY_OTHER_3-4-U_PROCUREMENT_JustificationBook_Army_PB_2017.zzz_unzipped-U_PROCUREMENT_JustificationBook_Army_PB_2017.xml","99fdf12344ddbe14e1ebbcb6290f9a4143355b155574f258b5b758209b883288","1-2156bac61dccf9627aae657dcc41ca1e7bc006dee8d099181b9eedc0dea2565a","0-736958eadc66ef59eca8ba8da7717ea59aa4c03fced40b3103336e5de36b0de5","root.record.ItemExhibitList.P5Item.CostElementCategoryList.Software.Recurring.CostElementList.CostElement.ManufacturerList.Manufacturer.HistoryPlanningList.HistoryPlanning"
"2017-07","1.000","2017-BASE_PROCUREMENT-2017-ARMY_OTHER_3-4-U_PROCUREMENT_JustificationBook_Army_PB_2017.zzz_unzipped-U_PROCUREMENT_JustificationBook_Army_PB_2017.xml","99fdf12344ddbe14e1ebbcb6290f9a4143355b155574f258b5b758209b883288","0-13d2bd9c18de5a7ab664fc3fe7834c925695136f8f9f81c01842a9054b2d8107","1-57cc8c8e617a29d09cb0dafa8077fd83b1bacd5e4b43f874891e8b5ff9cbb393","root.record.ItemExhibitList.P5Item.CostElementCategoryList.Software.Recurring.CostElementList.CostElement.ManufacturerList.Manufacturer.HistoryPlanningList.HistoryPlanning"
"2018-01","1.000","2017-BASE_PROCUREMENT-2017-ARMY_OTHER_3-4-U_PROCUREMENT_JustificationBook_Army_PB_2017.zzz_unzipped-U_PROCUREMENT_JustificationBook_Army_PB_2017.xml","99fdf12344ddbe14e1ebbcb6290f9a4143355b155574f258b5b758209b883288","1-259e8fa2160607403a5e41dafcfa5c9e016ef3f7b8d5ec50203bd84160f41646","1-57cc8c8e617a29d09cb0dafa8077fd83b1bacd5e4b43f874891e8b5ff9cbb393","root.record.ItemExhibitList.P5Item.CostElementCategoryList.Software.Recurring.CostElementList.CostElement.ManufacturerList.Manufacturer.HistoryPlanningList.HistoryPlanning"
"2017-09","619","2019-BASE_PROCUREMENT-2019-AIRFORCE_OTHER-U_PROCUREMENT_JustificationBook_Air_Force_PB_2019.zzz_unzipped-U_PROCUREMENT_JustificationBook_Air_Force_PB_2019.xml","cfe39698d6a55296019381ae6433583029de5e5830566a5d01d614d183d01876","0-e493e771175bdb936f95d48b619188d253ed92ffc4578c0aea150e51d12107b7","0-37ffbac98fbbccaf2a37228f95e8eeda27f52607d353dcfb365cc8d8cd320e51","root.record.ItemExhibitList.P5Item.CostElementCategoryList.Software.Recurring.CostElementList.CostElement.ManufacturerList.Manufacturer.HistoryPlanningList.HistoryPlanning"
"2018-09","392","2019-BASE_PROCUREMENT-2019-AIRFORCE_OTHER-U_PROCUREMENT_JustificationBook_Air_Force_PB_2019.zzz_unzipped-U_PROCUREMENT_JustificationBook_Air_Force_PB_2019.xml","cfe39698d6a55296019381ae6433583029de5e5830566a5d01d614d183d01876","0-7ac301358551a540c0f2f3b833f21399ee2971a510d5adfa784b666e74580d94","1-f267d5e640292c00f16b5eeaffa5e6d30a49271a64397d56910e964491da0cec","root.record.ItemExhibitList.P5Item.CostElementCategoryList.Software.Recurring.CostElementList.CostElement.ManufacturerList.Manufacturer.HistoryPlanningList.HistoryPlanning"
"2019-09","348","2019-BASE_PROCUREMENT-2019-AIRFORCE_OTHER-U_PROCUREMENT_JustificationBook_Air_Force_PB_2019.zzz_unzipped-U_PROCUREMENT_JustificationBook_Air_Force_PB_2019.xml","cfe39698d6a55296019381ae6433583029de5e5830566a5d01d614d183d01876","0-6f447d1cd70c3b8bec93182b3f7bcbfcec6b8c13a2b3f7b389372d3ab5b22354","2-ed1aef07c27d2ba929e0d7ec9d3b471357fb0262527e725d0fa1f230c535d1e2","root.record.ItemExhibitList.P5Item.CostElementCategoryList.Software.Recurring.CostElementList.CostElement.ManufacturerList.Manufacturer.HistoryPlanningList.HistoryPlanning"
"2017-09","619","2019-BASE_PROCUREMENT-2019-AIRFORCE_OTHER-U_PROCUREMENT_MasterJustificationBook_Air_Force_PB_2019.zzz_unzipped-U_PROCUREMENT_MasterJustificationBook_Air_Force_PB_2019.xml","53cb469a7481a4b0f0732b4848d7b1f8bc62be3d4a4eb7fdf65b19b837eb91e9","0-495efb5bcc765230b8f1984b8ae2cfb54f1b7eb9b001ec349e0c10cee0075eb4","0-f6b87b44297d0cc6cdc3d7fbed6dfa81f3553a16ef46a367bfdd839e6bbbf63c","root.record.ItemExhibitList.P5Item.CostElementCategoryList.Software.Recurring.CostElementList.CostElement.ManufacturerList.Manufacturer.HistoryPlanningList.HistoryPlanning"
"2018-09","392","2019-BASE_PROCUREMENT-2019-AIRFORCE_OTHER-U_PROCUREMENT_MasterJustificationBook_Air_Force_PB_2019.zzz_unzipped-U_PROCUREMENT_MasterJustificationBook_Air_Force_PB_2019.xml","53cb469a7481a4b0f0732b4848d7b1f8bc62be3d4a4eb7fdf65b19b837eb91e9","0-fffef608790c350d88f0f500df19393db0d0cdcde4c99e549810c4b305162c6b","1-2602007a668b3308628253dd9cae6965cea4b179d9e18e284d6a3ae9d2c60a7a","root.record.ItemExhibitList.P5Item.CostElementCategoryList.Software.Recurring.CostElementList.CostElement.ManufacturerList.Manufacturer.HistoryPlanningList.HistoryPlanning"
"2019-09","348","2019-BASE_PROCUREMENT-2019-AIRFORCE_OTHER-U_PROCUREMENT_MasterJustificationBook_Air_Force_PB_2019.zzz_unzipped-U_PROCUREMENT_MasterJustificationBook_Air_Force_PB_2019.xml","53cb469a7481a4b0f0732b4848d7b1f8bc62be3d4a4eb7fdf65b19b837eb91e9","0-a110b58e11211234fbd8dd8b21799552ff9392f11554e8cdfdd1da01ec7ad728","2-bbd1e17339b9480ade9077e18bdab3b0626f48e1905d77f98a9cbf5f61aac371","root.record.ItemExhibitList.P5Item.CostElementCategoryList.Software.Recurring.CostElementList.CostElement.ManufacturerList.Manufacturer.HistoryPlanningList.HistoryPlanning"
"2019-09","4","2019-BASE_PROCUREMENT-2019-DEFENSE_MDA_VOL2-U_PROCUREMENT_JustificationBook_Missile_Defense_Agency_PB_2019.zzz_unzipped-U_PROCUREMENT_JustificationBook_Missile_Defense_Agency_PB_2019.xml","568f548e819829b5205b06245c99d48b9002f708e64d476785be99123517dea9","0-62de12da3db04e7e9dea876472b4e508567353c07e3dfca5322e0efbf2ac46e0","0-28fc3617b92ca68960e05d1aa02829f6dd2e5dbfb76c3576da85cced8f185c9c","root.record.ItemExhibitList.P5Item.CostElementCategoryList.Software.Recurring.CostElementList.CostElement.ManufacturerList.Manufacturer.HistoryPlanningList.HistoryPlanning"
"2019-09","4","2019-BASE_PROCUREMENT-2019-DEFENSE_MDA_VOL2-U_PROCUREMENT_MasterJustificationBook_Missile_Defense_Agency_PB_2019.zzz_unzipped-U_PROCUREMENT_MasterJustificationBook_Missile_Defense_Agency_PB_2019.xml","3a41a1803fb3037bb8ed95019778694c84e8bb76559ae5c01da1664b202c5952","0-44ee2a9ca79e6f38028dd0db20434ad013748eb7dff13fbf21bbb09ae4358841","0-41a1768dc3bf76060a322718e1ea4191cbae86732feafb156e4de03c21e0bbcb","root.record.ItemExhibitList.P5Item.CostElementCategoryList.Software.Recurring.CostElementList.CostElement.ManufacturerList.Manufacturer.HistoryPlanningList.HistoryPlanning"
"2019-09","4","2020-BASE_PROCUREMENT-2020-DEFENSE_MDA_VOL2-U_PROCUREMENT_JustificationBook_Missile_Defense_Agency_PB_2020.zzz_unzipped-U_PROCUREMENT_JustificationBook_Missile_Defense_Agency_PB_2020.xml","1edd7d06c1a5b5d118e1ea68939509603cebaea49d05f047d35d1435d180edf5","0-d018c167cfcb4a22ab89fc18f7c831b519b7da6ffed101be2313658b14dace45","0-4f7387890dffd344a6f1bf3442d3910d0ab15c232bdff930bf9b932e6ed59bfa","root.record.ItemExhibitList.P5Item.CostElementCategoryList.Software.Recurring.CostElementList.CostElement.ManufacturerList.Manufacturer.HistoryPlanningList.HistoryPlanning"
"2020-09","8","2020-BASE_PROCUREMENT-2020-DEFENSE_MDA_VOL2-U_PROCUREMENT_JustificationBook_Missile_Defense_Agency_PB_2020.zzz_unzipped-U_PROCUREMENT_JustificationBook_Missile_Defense_Agency_PB_2020.xml","1edd7d06c1a5b5d118e1ea68939509603cebaea49d05f047d35d1435d180edf5","0-eb3e1794219d0deb1b6d6551c3bbade533454a8a57ba6a05a021aaad036af4ff","0-2bd5e551069cf0a06d733231d6b3bfc2dadbf19d1918384b6f48a7ad6e79580a","root.record.ItemExhibitList.P5Item.CostElementCategoryList.Software.Recurring.CostElementList.CostElement.ManufacturerList.Manufacturer.HistoryPlanningList.HistoryPlanning"
"2019-09","4","2020-BASE_PROCUREMENT-2020-DEFENSE_MDA_VOL2-U_PROCUREMENT_MasterJustificationBook_Missile_Defense_Agency_PB_2020.zzz_unzipped-U_PROCUREMENT_MasterJustificationBook_Missile_Defense_Agency_PB_2020.xml","b2983f9844c9cb3db4e8232e934f8102a93cca0f16cff5af771498996690520b","0-b6e2912ed183a8cf2c28149494218c1d030021262c8e95a64e94afafd0ec9ffb","0-19c98b9029dbd2a3ac7850c7f896c86967d0ffac0280dccc4155ad8954432e4a","root.record.ItemExhibitList.P5Item.CostElementCategoryList.Software.Recurring.CostElementList.CostElement.ManufacturerList.Manufacturer.HistoryPlanningList.HistoryPlanning"
"2020-09","8","2020-BASE_PROCUREMENT-2020-DEFENSE_MDA_VOL2-U_PROCUREMENT_MasterJustificationBook_Missile_Defense_Agency_PB_2020.zzz_unzipped-U_PROCUREMENT_MasterJustificationBook_Missile_Defense_Agency_PB_2020.xml","b2983f9844c9cb3db4e8232e934f8102a93cca0f16cff5af771498996690520b","0-034ae06a3892c79eee2a74b4ef04a582e5065e5bbfbe8b1214650f45416fbd45","0-497586603bcdf27d105d0935e002e0e919573a35502cf78d86b2d860b5f64db7","root.record.ItemExhibitList.P5Item.CostElementCategoryList.Software.Recurring.CostElementList.CostElement.ManufacturerList.Manufacturer.HistoryPlanningList.HistoryPlanning"
